1_A/Indonesia/5/2005 10	8	9	7	23	6	16	3	6	11	0	0	10	3	1	9	11	10	7	2	9	6	3	2	9	11	20	7	14	5	11	4	19	10	27	8	13	10	21	14	15	34	26	17	37	5	26	18	7	11	21	5	10	10	11	5	6	19	29	26	12	2	21	10	
2_A/Hong_Kong/483/1997 13	5	7	5	20	8	17	5	10	15	0	1	12	1	0	9	12	9	7	0	7	6	4	4	9	12	19	4	10	5	12	7	18	9	21	7	8	14	27	14	17	34	18	20	36	4	31	16	12	11	21	4	10	11	10	2	6	17	29	31	9	4	22	11	
3_A/Hong_Kong/482/97 13	5	9	5	20	8	15	5	7	14	0	1	13	2	0	9	10	9	7	0	9	6	4	4	11	12	19	4	10	5	12	6	18	9	21	6	8	14	26	15	16	34	19	22	35	4	31	15	11	11	21	4	11	11	10	2	6	19	30	30	11	2	21	12	
4_A/Chicken/HongKong/F 10	7	8	5	24	6	16	5	5	12	0	0	9	4	1	9	9	11	7	2	9	3	3	2	12	11	17	3	14	7	14	7	17	9	26	10	12	11	21	12	16	36	21	18	37	4	32	19	10	13	19	3	10	8	13	6	3	18	26	26	13	3	22	12	
5_A/Chicken/HongKong/Y 11	7	9	5	22	6	16	5	5	11	0	0	9	5	1	9	9	10	6	2	8	6	4	2	11	11	20	6	16	5	11	5	19	10	29	9	13	10	20	12	15	34	24	19	37	6	28	16	6	12	23	4	11	10	9	4	6	15	29	29	11	5	21	9	
6_A/Chicken/HongKong/Y 11	7	10	5	22	7	16	5	6	12	0	0	8	5	1	9	9	10	6	2	8	5	4	2	11	10	20	6	16	6	11	5	19	10	27	9	13	10	21	12	15	35	24	19	36	5	28	16	6	12	23	4	11	9	9	4	6	15	29	29	12	5	21	9	
7_A/Pheasant/Hong_Kong 10	7	8	5	23	6	17	5	5	12	0	0	9	4	1	9	9	11	7	2	9	3	3	2	12	11	18	3	14	7	13	7	17	9	26	10	12	11	21	12	16	36	22	18	37	4	31	19	9	12	19	3	11	9	13	6	3	18	25	26	13	3	23	12	
8_A/Hong_Kong/486/97 13	5	9	5	20	8	15	5	7	14	0	1	13	2	0	9	10	9	7	0	9	6	4	4	11	12	19	4	10	5	12	6	18	9	21	6	8	14	26	15	15	34	19	22	36	4	31	15	11	11	21	4	11	11	10	2	6	19	30	30	11	2	21	12	
9_A/Thailand/16/2004 11	7	9	6	22	6	16	4	7	12	0	0	9	3	1	9	10	10	7	2	9	5	3	2	9	12	21	6	15	5	10	5	20	10	28	10	13	10	21	11	15	35	27	16	37	5	26	18	7	11	23	4	10	9	10	4	5	18	30	29	12	3	19	9	
10_A/Hong_Kong/538/97 14	5	9	5	19	8	15	5	7	13	0	1	13	3	0	9	9	9	7	0	10	6	4	4	11	12	19	4	10	5	12	6	19	9	21	6	8	14	26	15	14	33	18	22	37	4	30	15	10	12	21	4	12	11	10	2	6	19	32	29	10	2	21	13	
11_A/chicken/Indonesia/ 11	7	11	7	22	6	14	3	6	11	0	0	9	4	1	9	10	10	7	2	9	5	3	2	10	11	21	7	15	6	10	4	19	10	29	10	13	10	20	11	15	33	24	18	36	6	28	17	7	11	22	4	11	10	10	4	6	19	29	27	12	2	21	11	
12_A/chicken/Korea/ES/0 11	7	9	6	22	6	16	4	7	11	0	0	10	4	1	9	9	10	7	2	10	5	3	2	10	11	21	6	13	6	10	5	19	10	29	9	13	10	20	12	15	33	27	18	35	7	26	16	7	11	22	4	11	10	10	4	6	18	29	29	13	2	21	9	
13_A/Hong_Kong/156/97 13	6	8	5	20	6	16	5	7	14	0	1	13	2	0	9	10	9	7	0	9	7	4	4	11	12	20	4	10	5	11	6	18	9	21	6	8	14	26	15	16	34	20	20	36	4	31	15	11	11	21	4	11	11	10	2	6	18	30	32	10	3	21	11	
14_A/whooper_swan/Mongo 11	7	9	6	22	6	16	4	7	12	0	0	12	3	1	9	10	10	7	3	9	5	3	1	7	12	20	7	14	6	10	4	18	10	28	10	14	10	21	11	14	32	24	21	37	8	28	14	9	12	22	4	9	9	10	5	7	19	30	28	11	1	20	9	
15_A/Vietnam/UT3062/200 11	7	9	5	22	6	16	5	7	11	0	0	9	4	1	9	10	10	7	2	9	5	3	2	10	12	20	6	14	5	11	5	19	10	28	10	13	11	20	11	15	34	26	16	36	6	27	18	8	12	21	4	10	9	11	4	6	17	31	29	12	3	19	9	
16_A/Anas_crecca/Hubei/ 11	7	9	4	22	6	16	6	4	12	0	0	8	4	1	9	12	10	7	3	9	5	3	2	13	12	22	7	13	5	8	4	23	10	27	13	9	12	22	8	15	33	24	18	37	6	28	16	7	11	19	4	10	9	13	6	8	16	29	23	10	3	22	13	
17_A/Anas_crecca/Hubei/ 11	7	9	4	22	6	16	6	4	12	0	0	8	4	1	9	12	10	7	3	9	5	3	2	13	12	22	7	13	5	8	4	23	10	27	13	9	12	22	8	15	33	24	18	37	6	28	16	7	11	19	4	10	9	13	6	8	16	29	23	10	3	22	13	
18_A/Anas_platyrhynchos 14	7	8	4	19	8	17	6	6	11	0	0	11	3	1	9	10	9	5	2	8	5	6	3	7	14	20	4	16	4	11	3	19	10	20	10	12	11	27	12	15	31	24	22	37	7	28	17	5	12	20	4	9	9	12	3	6	18	23	30	15	4	26	9	
19_A/Anas_platyrhynchos 14	7	8	4	19	8	17	6	6	11	0	0	11	3	1	9	10	9	5	2	8	5	6	3	7	14	20	4	16	4	11	3	19	10	20	10	12	11	27	12	15	31	24	22	37	7	28	17	5	12	20	4	9	9	12	3	6	18	23	30	15	4	26	9	
20_A/Anhui/1/2005|EPI_I 11	7	9	5	22	6	16	5	6	11	0	0	10	4	1	9	10	10	8	2	9	5	2	2	10	12	21	7	14	5	10	4	19	11	29	10	13	8	20	11	16	34	23	18	37	7	29	17	7	11	21	5	10	9	11	3	7	19	29	25	10	2	21	13	
21_A/Anhui/1/2006|EPI_I 11	7	9	5	22	6	16	5	6	12	0	0	10	3	1	9	10	10	7	2	9	5	3	2	10	12	19	7	14	5	12	4	19	11	29	10	12	8	20	11	17	34	23	17	37	7	29	18	7	11	21	5	10	9	11	3	7	19	29	26	10	2	21	12	
22_A/Anhui/2/2005|EPI_I 10	7	9	5	23	6	16	5	6	11	0	0	10	4	1	9	10	10	7	2	9	5	3	2	10	12	21	7	14	5	10	4	20	11	29	11	12	8	20	10	17	35	23	18	38	6	28	17	6	11	21	5	10	9	11	3	7	19	29	25	10	2	21	13	
23_A/Anhui/2021-00011/2 11	8	12	5	22	7	13	5	6	11	0	0	7	3	1	9	12	10	6	3	7	5	4	3	12	13	21	4	14	4	10	4	22	10	25	10	10	12	25	10	18	32	24	22	36	6	26	15	6	11	18	7	9	9	14	1	9	16	28	23	10	5	21	16	
24_A/Anhui/33163/2016|E 10	5	8	6	23	6	17	4	8	14	0	0	14	3	1	9	6	9	8	1	12	7	3	3	6	11	18	3	11	5	11	5	20	7	24	9	10	14	25	12	14	33	26	20	38	5	27	18	9	14	19	2	8	9	15	8	6	17	26	22	15	3	22	14	
25_A/Anser_albifrons/Hu 14	7	7	5	19	8	18	5	7	11	0	0	10	3	1	9	10	9	6	2	8	5	4	3	7	13	21	4	17	4	10	3	19	10	22	9	11	11	27	12	15	34	22	21	37	5	28	19	6	13	23	4	9	8	9	3	6	16	21	30	15	5	28	10	
26_A/Anser_cygnoides/Ch 11	7	9	4	22	6	16	6	6	14	0	0	8	3	1	9	10	10	7	3	9	5	3	3	11	12	22	5	14	5	9	4	19	8	28	12	14	12	21	9	15	33	25	19	37	6	26	16	9	12	19	5	8	9	13	3	6	16	29	24	11	4	22	14	
27_A/Anser_cygnoides/Hu 12	7	8	5	20	7	17	5	9	12	0	0	10	3	1	9	8	10	6	2	10	4	4	3	5	17	24	3	16	1	7	4	19	10	22	9	11	12	27	13	15	34	22	21	38	5	25	21	7	13	22	3	9	8	10	6	7	16	26	26	13	4	24	11	
28_A/Anser_fabalis/Huna 11	7	9	4	22	6	16	6	5	12	0	0	8	4	1	9	11	11	7	3	9	5	3	2	13	12	22	7	12	4	8	4	24	12	25	13	9	11	24	8	17	33	26	16	37	5	27	17	7	10	20	4	10	10	13	4	5	17	31	23	10	3	19	15	
29_A/Anser_fabalis/Jiuj 14	7	8	4	19	8	17	6	6	11	0	0	11	3	1	9	10	9	5	2	8	5	6	3	7	14	20	4	16	4	11	3	19	10	20	10	12	11	27	12	15	31	24	22	37	7	28	17	5	12	20	4	9	9	12	3	6	18	23	30	15	4	26	9	
30_A/bar_headed_goose/T 12	8	9	4	21	7	16	6	7	12	0	0	11	3	1	9	7	10	7	1	10	5	3	4	7	15	23	3	16	2	8	4	18	9	23	9	12	13	25	13	17	35	22	23	36	3	29	16	8	11	22	3	6	9	10	6	8	16	24	20	13	5	26	17	
31_A/Bar-headed_Goose/Q 13	7	8	4	20	7	17	6	10	12	0	0	9	3	1	9	9	10	6	2	10	4	4	3	5	16	24	3	15	2	7	4	18	10	23	8	12	11	26	13	15	35	23	21	38	5	27	19	6	13	22	3	9	7	10	5	7	17	26	26	13	4	24	12	
32_A/Bar-headed_Goose/Q 13	7	7	4	20	7	18	6	9	12	0	0	10	3	1	9	8	10	6	2	10	4	4	3	5	16	23	3	16	2	8	4	19	10	21	9	11	12	27	13	16	34	22	21	36	5	29	19	6	13	22	3	10	8	10	5	7	16	24	26	13	4	25	12	
33_A/Bar-headed_Goose/Q 13	7	8	4	20	7	17	6	9	12	0	0	10	3	1	9	8	10	6	2	10	4	4	3	5	16	24	3	16	2	7	4	17	10	21	9	12	12	27	13	15	34	23	21	37	5	27	19	7	13	22	3	9	8	10	5	8	16	26	26	13	4	24	12	
34_A/Bar-headed_Goose/Q 13	7	9	4	20	7	16	6	9	12	0	0	11	3	1	9	8	10	6	2	10	4	4	3	5	16	23	3	15	2	8	4	17	11	21	9	12	12	27	13	15	33	23	21	37	5	27	19	7	13	22	3	9	8	10	5	8	16	26	26	13	4	24	12	
35_A/Bar-headed_Goose/Q 13	7	8	4	20	7	17	6	9	12	0	0	10	3	1	9	9	10	6	2	9	4	4	3	5	16	25	3	16	2	6	4	17	10	21	9	12	12	27	13	15	34	22	21	37	5	28	19	7	13	21	3	9	8	11	5	8	16	26	26	13	4	24	12	
36_A/Bar-headed_Goose/Q 14	7	7	4	20	7	18	6	8	12	0	0	10	3	1	9	8	10	6	2	10	5	4	3	5	15	24	3	16	2	7	4	17	10	21	9	12	12	27	13	15	34	22	21	37	5	28	19	7	13	22	3	10	8	10	5	7	16	24	25	13	4	25	14	
37_A/Bar-headed_Goose/Q 13	7	8	4	20	7	17	6	9	12	0	0	10	3	1	9	8	10	6	2	10	4	4	3	5	16	24	3	16	2	7	4	17	10	21	9	12	12	27	13	15	34	22	21	37	5	28	19	7	13	22	3	9	8	10	5	8	16	26	26	13	4	24	12	
38_A/Bar-headed_Goose/Q 13	7	7	4	20	7	18	6	9	12	0	0	10	3	1	9	8	10	6	2	10	4	4	3	5	16	24	3	16	2	7	4	18	10	21	9	11	12	27	13	15	34	22	21	37	5	28	19	7	13	22	3	9	8	10	5	8	16	26	26	13	4	24	12	
39_A/Bar-headed_Goose/Q 13	7	8	4	20	7	17	6	9	12	0	0	10	3	1	9	9	10	6	2	9	4	4	3	5	16	25	3	16	2	6	4	16	10	21	10	12	12	27	13	15	34	22	21	37	5	28	19	7	13	21	3	9	8	11	5	8	16	26	26	13	4	24	12	
40_A/Bar-headed_Goose/Q 13	7	8	4	20	7	17	6	9	12	0	0	10	3	1	9	8	10	6	2	10	4	4	3	5	16	24	3	16	2	7	4	17	10	21	9	12	12	27	13	15	34	22	21	37	5	28	19	7	13	22	3	9	8	10	5	8	16	26	26	13	4	24	12	
41_A/Bar-headed_Goose/Q 13	7	8	4	20	7	17	6	9	12	0	0	10	3	1	9	8	10	6	2	10	4	4	3	5	16	24	3	16	2	7	4	17	10	21	9	12	12	27	13	15	34	22	21	37	5	28	19	7	13	22	3	9	8	10	5	8	16	26	26	13	4	24	12	
42_A/Bar-headed_Goose/Q 13	7	8	4	20	7	17	6	9	12	0	0	10	3	1	9	8	10	6	2	10	4	4	3	5	16	24	3	16	2	7	4	17	10	21	9	12	12	27	13	15	34	22	21	37	5	28	19	7	13	22	3	8	8	10	5	9	16	26	26	13	4	24	12	
43_A/Bar-headed_Goose/Q 13	7	8	4	20	7	17	6	9	12	0	0	10	3	1	9	8	10	6	2	10	4	4	3	5	16	24	3	16	2	7	4	17	10	21	9	12	12	27	13	15	34	22	21	37	5	28	19	7	13	22	3	9	8	10	5	8	16	26	26	13	4	24	12	
44_A/Bar-headed_Goose/Q 13	7	8	4	20	7	17	6	9	12	0	0	10	3	1	9	8	10	6	2	10	4	4	3	5	16	24	3	16	2	7	4	17	10	21	9	12	12	27	13	15	34	22	21	37	5	28	19	7	13	22	3	9	8	10	5	8	16	26	26	13	4	24	12	
45_A/Bar-headed_Goose/Q 13	7	8	4	20	7	17	6	9	12	0	0	10	3	1	9	8	10	6	2	10	4	4	3	5	16	24	3	16	2	7	4	17	10	21	9	12	12	27	13	15	34	22	21	37	5	28	19	7	13	22	3	9	8	10	5	8	16	26	26	13	4	24	12	
46_A/Bar-headed_Goose/Q 13	7	8	4	20	7	17	6	9	12	0	0	10	3	1	9	8	10	6	2	10	4	4	3	5	16	24	3	16	2	7	4	17	10	21	9	12	12	27	13	15	34	22	21	37	5	28	19	7	13	22	3	9	8	10	5	8	16	26	26	13	4	24	12	
47_A/Bar-headed_Goose/Q 13	7	8	4	20	7	17	6	9	12	0	0	10	3	1	9	8	10	6	2	10	4	4	3	5	16	24	3	16	2	7	4	17	10	21	9	12	12	27	13	15	34	22	21	37	5	28	19	7	13	22	3	9	8	10	5	8	16	26	26	13	4	24	12	
48_A/Bar-headed_Goose/Q 14	7	8	4	20	7	17	6	9	12	0	0	10	3	1	9	7	10	6	2	10	4	4	3	5	16	24	3	16	2	7	4	18	8	21	10	12	12	27	13	15	34	22	21	37	5	28	19	7	13	22	3	8	8	10	5	9	16	26	26	13	4	24	12	
49_A/Bar-headed_Goose/Q 13	7	8	4	20	7	17	6	9	12	0	0	10	3	1	9	8	10	6	2	10	4	4	3	5	16	24	3	16	2	7	4	17	10	21	9	12	12	27	13	15	34	22	21	37	5	28	19	7	13	22	3	9	8	10	5	8	16	26	26	13	4	24	12	
50_A/Bar-headed_Goose/Q 13	7	8	4	20	7	17	6	9	12	0	0	11	3	1	9	8	10	6	2	10	4	4	3	5	15	23	3	15	3	8	4	17	11	21	9	12	12	27	13	15	33	22	21	37	5	28	19	7	13	22	3	9	8	10	5	8	16	26	26	13	4	24	12	
51_A/Bar-headed_Goose/Q 13	7	8	4	20	7	17	6	9	12	0	0	10	3	1	9	8	10	6	2	10	4	4	3	5	16	24	3	16	2	7	4	17	10	21	9	12	12	27	13	15	34	22	21	37	5	28	19	7	13	22	3	9	8	10	5	8	16	26	26	13	4	24	12	
52_A/Bar-headed_Goose/Q 13	7	8	4	20	7	17	6	9	12	0	0	10	3	1	9	9	10	6	2	9	4	4	3	5	16	25	3	16	2	6	4	17	10	21	9	12	12	27	13	15	34	22	21	37	5	28	19	7	13	21	3	9	8	11	5	8	16	26	26	13	4	24	12	
53_A/Bar-headed_Goose/Q 13	7	8	4	20	7	17	6	10	12	0	0	9	3	1	9	9	10	6	2	10	4	4	3	5	16	24	3	15	2	7	4	18	10	23	8	12	11	26	13	15	35	23	21	38	5	27	19	6	13	22	3	9	7	10	5	7	17	26	26	13	4	24	12	
54_A/Bar-headed_Goose/Q 13	7	9	4	20	7	16	6	9	12	0	0	10	3	1	9	8	10	6	2	10	4	4	3	5	16	24	3	16	2	7	4	17	10	22	9	11	12	26	13	18	33	23	21	37	4	27	19	6	13	23	3	9	8	10	5	6	16	26	27	15	5	23	11	
55_A/Bar-headed_Goose/Q 13	7	9	4	20	7	16	6	9	12	0	0	10	3	1	9	8	9	6	2	10	4	4	3	5	17	24	3	16	2	7	4	17	10	22	9	11	12	26	13	18	33	23	21	37	4	27	19	6	13	23	3	9	8	10	5	6	16	26	27	15	5	23	11	
56_A/Bar-headed_Goose/Q 13	7	9	4	20	7	16	6	9	12	0	0	10	3	1	9	8	10	6	2	10	4	4	3	5	16	24	3	16	2	7	4	17	10	22	9	11	12	26	13	18	33	23	21	37	4	27	19	6	13	23	3	9	8	10	5	6	16	26	27	15	5	23	11	
57_A/Bar-headed_Goose/Q 13	7	9	4	20	7	16	6	9	12	0	0	10	3	1	9	8	10	6	2	10	4	4	3	5	16	24	3	16	2	7	4	17	10	22	9	11	12	26	13	18	33	23	21	37	4	27	19	6	13	23	3	9	8	10	5	6	16	26	27	15	5	23	11	
58_A/Bar-headed_Goose/Q 13	7	9	4	20	7	16	6	9	12	0	0	10	3	1	9	8	10	6	2	10	4	4	3	5	16	24	3	16	2	7	4	17	10	22	9	11	12	26	13	18	33	23	21	37	4	27	19	6	13	23	3	9	8	10	5	6	16	26	27	15	5	23	11	
59_A/Bar-headed_Goose/Q 13	7	8	4	20	7	17	6	9	12	0	0	10	3	1	9	8	10	6	2	10	4	4	3	5	16	24	3	16	2	7	4	17	10	21	9	12	12	27	13	15	34	22	21	37	5	28	19	7	13	22	3	9	8	10	5	8	16	26	26	13	4	24	12	
60_A/Bar-headed_Goose/Q 13	7	8	4	20	7	17	6	9	12	0	0	11	3	1	9	8	10	6	2	10	4	4	3	5	15	23	3	15	3	8	4	17	11	21	9	12	12	27	13	15	33	22	21	37	5	28	19	7	13	22	3	9	8	10	5	8	16	26	26	13	4	24	12	
61_A/Bar-headed_Goose/Q 13	7	8	4	20	7	17	6	9	12	0	0	11	3	1	9	8	10	6	2	10	4	4	3	5	15	23	3	15	3	8	4	17	11	21	9	12	12	27	13	15	33	22	21	37	5	28	19	7	13	22	3	9	8	10	5	8	16	26	26	13	4	24	12	
62_A/Bar-headed_Goose/Q 13	7	8	4	19	7	17	6	10	12	0	0	10	3	1	9	8	10	6	2	10	4	4	3	5	16	24	3	16	2	7	4	17	10	21	9	12	12	27	13	15	34	22	21	37	5	28	19	7	13	22	3	9	8	10	5	8	16	26	26	13	4	24	12	
63_A/Bar-headed_Goose/Q 13	7	8	4	20	7	17	6	9	12	0	0	11	3	1	9	8	10	6	2	10	4	4	3	5	15	23	3	15	3	8	4	16	11	21	9	12	12	27	13	15	33	22	21	37	5	28	19	8	13	22	3	9	8	10	5	8	16	26	26	13	4	24	12	
64_A/Bar-headed_Goose/Q 13	7	8	4	20	7	17	6	9	12	0	0	10	3	1	9	8	10	6	2	10	4	4	3	5	16	24	3	16	2	7	4	17	10	21	9	12	12	27	13	15	34	22	21	37	5	28	19	7	13	22	3	9	8	10	5	8	16	26	26	13	4	24	12	
65_A/Bar-headed_Goose/Q 13	7	9	4	20	7	16	6	9	12	0	0	10	3	1	9	8	9	6	2	10	4	4	3	5	17	24	3	16	2	7	4	17	10	22	9	11	12	26	13	18	33	23	21	37	4	27	19	6	13	23	3	9	8	10	5	6	16	26	27	15	5	23	11	
66_A/Bar-headed_Goose/Q 13	7	7	4	20	7	18	6	9	12	0	0	10	3	1	9	8	10	6	2	10	4	4	3	5	16	24	3	16	2	7	4	18	10	21	9	11	12	27	13	15	34	22	21	37	5	28	19	7	13	22	3	9	8	10	5	8	16	26	26	13	4	24	12	
67_A/Bar-headed_Goose/Q 11	8	10	5	22	7	15	5	7	9	0	0	10	4	1	9	13	8	7	2	7	5	4	2	9	15	20	4	14	4	9	6	21	9	25	13	12	12	22	10	16	32	26	23	35	7	23	16	7	10	19	7	9	11	13	2	6	18	31	24	12	2	20	13	
68_A/Bar-headed_Goose/Q 13	7	8	4	20	7	17	6	9	12	0	0	11	3	1	9	8	10	6	2	10	4	4	3	5	16	23	3	15	2	8	4	17	11	21	9	12	12	27	13	15	33	22	21	37	5	28	19	7	13	22	3	9	8	10	5	8	16	26	26	13	4	24	12	
69_A/Bar-headed_Goose/Q 13	7	8	4	20	7	17	6	9	12	0	0	11	3	1	9	8	10	6	2	10	4	4	3	5	16	23	3	15	2	8	4	17	11	21	9	12	12	27	13	15	33	22	21	37	5	28	19	7	13	22	3	9	8	10	5	8	16	26	26	13	4	24	12	
70_A/Bar-headed_Goose/Q 13	7	7	4	20	7	18	6	9	12	0	0	10	3	1	9	8	10	6	2	10	4	4	3	5	16	24	3	16	2	7	4	18	10	21	9	11	12	27	13	16	34	22	21	37	5	28	19	7	13	22	3	9	8	10	5	7	16	26	26	13	4	24	12	
71_A/Bar-headed_Goose/Q 13	7	7	4	20	7	18	6	9	12	0	0	10	3	1	9	8	10	6	2	10	4	4	3	5	16	24	3	16	2	7	4	18	10	21	9	11	12	27	13	15	34	22	21	37	5	28	19	7	13	22	3	9	8	10	5	8	16	26	26	13	4	24	12	
72_A/Bar-headed_Goose/Q 13	7	7	4	20	7	18	6	9	12	0	0	10	3	1	9	8	10	6	2	10	4	4	3	5	16	24	3	16	2	7	4	18	10	21	9	11	12	27	13	15	34	22	21	37	5	28	19	7	13	22	3	9	8	10	5	8	16	26	25	13	4	24	13	
73_A/Bar-headed_Goose/Q 13	7	7	4	20	7	18	6	9	12	0	0	10	3	1	9	8	10	6	2	10	4	4	3	5	16	24	3	16	2	7	4	18	10	21	9	11	12	27	13	15	34	22	21	37	5	28	19	7	13	22	3	9	8	10	5	8	16	26	26	13	4	24	12	
74_A/Bar-headed_Goose/Q 13	7	7	4	20	7	18	6	9	12	0	0	10	3	1	9	8	10	6	2	10	4	4	3	5	16	24	3	16	2	7	4	18	10	21	9	11	12	27	13	15	34	22	21	37	5	28	19	7	13	22	3	9	8	10	5	8	16	26	26	13	4	24	12	
75_A/Bar-headed_Goose/Q 13	7	8	4	20	7	17	6	9	12	0	0	10	3	1	9	8	10	6	2	10	4	4	3	5	16	24	3	16	2	7	4	17	9	22	9	12	12	27	13	15	34	23	21	37	5	28	18	7	13	22	3	9	8	10	5	8	16	26	26	13	4	24	12	
76_A/Bar-headed_Goose/Q 13	7	8	4	20	7	17	6	9	12	0	0	10	3	1	9	8	10	6	2	10	4	4	3	5	16	24	3	16	2	7	4	17	10	21	9	12	12	27	13	15	34	23	21	37	5	27	19	7	13	22	3	9	8	10	5	8	16	26	26	13	4	24	12	
77_A/Bar-headed_Goose/Q 13	7	8	4	20	7	17	6	9	12	0	0	10	3	1	9	8	10	6	2	10	4	4	3	5	16	24	3	16	2	7	4	17	10	21	9	12	12	27	13	15	34	22	21	37	5	28	19	7	13	22	3	9	8	10	5	8	16	26	26	13	4	24	12	
78_A/Bar-headed_Goose/Q 13	7	8	4	20	7	17	6	9	12	0	0	10	3	1	9	8	10	6	2	10	4	4	3	5	16	24	3	16	2	7	4	17	10	21	9	12	12	27	13	15	34	22	21	37	5	28	19	7	13	22	3	9	8	10	5	8	16	26	26	13	4	24	12	
79_A/Bar-headed_Goose/Q 13	7	8	4	20	7	17	6	9	12	0	0	10	3	1	9	8	10	6	2	10	4	4	3	5	16	24	3	16	2	7	4	17	10	21	9	12	12	27	13	15	34	22	21	37	5	28	19	7	13	22	3	9	8	10	5	8	16	26	26	13	4	24	12	
80_A/Bar-headed_Goose/Q 13	7	7	4	20	7	18	6	9	12	0	0	10	3	1	9	8	10	6	2	10	4	4	3	5	16	24	3	16	2	7	4	18	10	21	9	11	12	27	13	15	34	22	21	37	5	28	19	7	13	22	3	9	8	10	5	8	16	26	26	13	4	24	12	
81_A/Bar-headed_Goose/Q 13	7	7	4	20	7	18	6	9	12	0	0	10	3	1	9	8	10	6	2	10	4	4	3	5	16	24	3	16	2	7	4	18	10	21	9	11	12	27	13	15	34	22	21	37	5	28	19	7	13	22	3	9	8	10	5	8	16	26	26	13	4	24	12	
82_A/Bar-headed_Goose/Q 13	7	8	4	20	7	17	6	9	12	0	0	10	3	1	9	8	10	6	2	10	4	4	3	5	16	23	4	16	2	7	4	17	10	21	9	12	12	27	13	15	34	22	21	37	5	28	19	7	13	22	3	9	8	10	5	8	16	26	26	13	4	24	12	
83_A/Bar-headed_Goose/Q 13	7	8	4	20	7	17	6	9	12	0	0	10	3	1	9	8	10	6	2	10	4	4	3	5	16	23	4	16	2	7	4	17	10	21	9	12	12	27	13	15	34	22	21	37	5	28	19	7	13	22	3	9	8	10	5	8	16	26	26	13	4	24	12	
84_A/Bar-headed_Goose/Q 13	7	8	4	20	7	17	6	9	12	0	0	10	3	1	9	8	10	6	2	10	4	4	3	5	16	24	3	16	2	7	4	17	10	21	9	12	12	27	13	15	34	22	21	37	5	28	19	7	13	22	3	9	8	10	5	8	16	26	26	13	4	24	12	
85_A/Bar-headed_Goose/Q 13	7	8	4	20	7	17	6	9	12	0	0	10	3	1	9	8	10	6	2	10	4	4	3	5	16	24	3	16	2	7	4	17	10	21	9	12	12	27	13	15	34	22	21	37	5	28	19	7	13	22	3	9	8	10	5	8	16	26	26	13	4	24	12	
86_A/Bar-headed_Goose/Q 13	7	8	4	20	7	17	6	9	12	0	0	10	3	1	9	8	10	6	2	10	4	4	3	5	16	24	3	16	2	7	4	17	10	21	9	12	12	27	13	15	34	22	21	37	5	28	19	7	13	22	3	9	8	10	5	8	16	26	26	13	4	24	12	
87_A/Bar-headed_Goose/Q 13	7	8	4	20	7	17	6	9	12	0	0	10	3	1	9	8	10	6	2	10	4	4	3	5	16	24	3	16	2	7	4	17	10	21	9	12	12	27	13	15	34	22	21	37	5	28	19	7	13	22	3	9	8	10	5	8	16	26	26	13	4	24	12	
88_A/Bar-headed_Goose/Q 13	7	7	4	20	7	18	6	9	12	0	0	10	3	1	9	8	10	6	2	10	4	4	3	5	16	24	3	16	2	7	4	18	10	21	9	11	12	27	13	15	34	22	22	37	5	28	19	7	13	22	3	9	8	10	5	8	16	26	25	13	4	24	12	
89_A/Bar-headed_Goose/Q 13	7	7	4	20	7	18	6	9	12	0	0	10	3	1	9	8	10	7	2	10	4	4	3	5	16	24	3	16	2	7	4	18	10	21	9	11	12	27	13	15	34	22	22	37	5	28	19	7	13	21	3	9	8	10	5	8	16	26	25	13	4	24	12	
90_A/Bar-headed_Goose/Q 13	7	8	4	20	7	17	6	9	12	0	0	10	3	1	9	8	10	6	2	10	4	4	3	5	16	24	3	16	2	7	4	17	10	21	9	12	12	27	13	15	34	23	21	37	5	27	19	7	13	22	3	9	8	10	5	8	16	26	26	13	4	24	12	
91_A/Bar-headed_Goose/Q 13	7	8	4	20	7	17	6	9	12	0	0	10	3	1	9	8	10	6	2	10	4	4	3	5	16	24	3	16	2	7	4	17	10	21	9	12	12	27	13	15	34	23	21	37	5	27	19	7	13	22	3	9	8	10	5	8	16	26	26	13	4	24	12	
92_A/Bar-headed_Goose/Q 13	7	8	4	20	7	17	6	9	12	0	0	10	3	1	9	8	10	6	2	10	4	4	3	5	16	24	3	16	2	7	4	17	10	21	9	12	12	27	13	15	34	22	21	37	5	28	19	7	13	22	4	9	8	10	5	8	16	26	25	13	4	24	12	
93_A/Bar-headed_Goose/Q 13	7	8	4	20	7	17	6	9	12	0	0	10	3	1	9	9	10	6	2	9	4	4	3	5	16	24	3	16	2	7	4	17	10	21	9	12	12	27	13	15	34	22	21	37	5	28	19	7	13	22	4	9	8	10	5	8	16	26	25	13	4	24	12	
94_A/Bar-headed_Goose/Q 13	7	8	4	20	7	17	6	9	12	0	0	10	3	1	9	8	10	6	2	10	4	4	3	5	16	24	3	16	2	7	4	17	10	21	9	12	12	27	13	15	34	23	21	37	5	27	19	7	13	22	3	9	8	10	5	8	16	26	26	13	4	24	12	
95_A/Bar-headed_Goose/Q 13	7	8	4	20	7	17	6	9	12	0	0	10	3	1	9	8	10	6	2	10	4	4	3	5	16	24	3	16	2	7	4	17	10	21	9	12	12	27	13	15	34	23	21	37	5	27	19	7	13	22	3	9	8	10	5	8	16	26	26	13	4	24	12	
96_A/Bar-headed_Goose/Q 13	7	8	4	20	7	17	6	9	12	0	0	10	3	1	9	8	10	6	2	10	4	4	3	5	16	24	3	16	2	7	4	17	10	21	9	12	12	27	13	15	34	22	21	37	5	28	19	7	13	22	3	9	8	10	5	8	16	26	26	13	4	24	12	
97_A/Bar-headed_Goose/Q 13	7	8	4	20	7	17	6	9	12	0	0	10	3	1	9	8	10	6	2	10	4	4	3	5	16	24	3	16	2	7	4	17	10	21	9	12	12	27	13	15	34	22	21	37	5	28	19	7	13	22	3	9	8	10	5	8	16	26	26	13	4	24	12	
98_A/Bar-headed_Goose/Q 13	7	7	4	20	7	18	6	9	12	0	0	10	3	1	9	8	10	6	2	10	4	4	3	5	16	24	3	16	2	7	4	19	10	21	9	10	12	27	13	15	34	22	21	37	5	28	19	7	13	22	3	9	8	10	5	8	16	26	26	13	4	24	12	
99_A/Bar-headed_Goose/Q 13	7	7	4	20	7	18	6	9	12	0	0	10	3	1	9	8	10	6	2	10	4	4	3	5	16	24	3	16	2	7	4	19	10	21	9	10	12	27	13	15	34	22	21	37	5	28	19	7	13	22	3	9	8	10	5	8	16	26	26	13	4	24	12	
100_A/Bar-headed_Goose/Q 13	7	8	4	20	7	17	6	9	12	0	0	10	3	1	9	8	10	6	2	10	4	4	3	5	16	24	3	16	2	7	4	17	10	21	9	12	12	27	13	15	34	22	21	37	5	28	19	7	13	22	3	9	8	10	5	8	16	26	26	13	4	24	12	
101_A/Bar-headed_Goose/Q 13	7	8	4	20	7	17	6	9	12	0	0	10	3	1	9	8	10	6	2	10	4	4	3	5	16	24	3	16	2	7	4	17	10	21	9	12	12	27	13	15	34	22	21	37	5	28	19	7	13	22	3	9	8	10	5	8	16	26	26	13	4	24	12	
102_A/Bar-headed_Goose/Q 13	7	8	4	20	7	17	6	9	12	0	0	10	3	1	9	8	10	6	2	10	4	4	3	5	16	24	3	16	2	7	4	17	10	21	9	12	12	27	13	15	34	22	21	37	5	28	19	7	13	22	3	9	8	10	5	8	16	26	26	13	4	24	12	
103_A/Bar-headed_Goose/Q 13	7	8	4	20	7	17	6	9	12	0	0	10	3	1	9	8	10	6	2	10	4	4	3	5	16	24	3	16	2	7	4	17	10	21	9	12	12	27	13	15	34	22	21	37	5	28	19	7	13	22	3	9	8	10	5	8	16	26	26	13	4	24	12	
104_A/Bar-headed_Goose/Q 13	7	8	4	20	7	17	6	9	12	0	0	10	3	1	9	8	10	6	2	10	4	4	3	5	16	24	3	16	2	7	4	17	10	21	9	12	12	27	13	15	34	22	21	37	5	28	19	7	13	22	3	9	8	10	5	8	16	26	26	13	4	24	12	
105_A/Bar-headed_Goose/Q 13	7	8	4	20	7	17	6	9	12	0	0	10	3	1	9	8	10	6	2	10	4	4	3	5	16	24	3	16	1	7	5	17	10	21	9	12	12	27	13	15	34	22	21	37	5	28	19	7	13	22	3	9	8	10	5	8	16	26	26	13	4	24	12	
106_A/Bar-headed_goose/Q 11	7	9	4	22	7	16	6	6	12	0	0	8	3	1	9	11	10	7	3	8	5	3	3	13	12	20	5	13	5	10	4	20	9	27	11	12	11	22	9	16	33	22	20	37	7	28	16	9	11	19	6	9	9	13	3	4	17	29	20	12	4	22	18	
107_A/Bar-headed_goose/Q 11	7	9	4	22	7	16	6	6	12	0	0	8	3	1	9	11	10	7	3	8	5	3	3	12	12	21	5	13	5	10	4	20	9	27	11	12	11	22	9	16	33	22	20	37	7	28	16	9	11	19	6	9	9	13	3	4	17	29	20	12	4	22	18	
108_A/Bar-headed_goose/Q 11	7	9	4	22	7	16	6	6	12	0	0	8	3	1	9	11	10	7	3	8	5	3	3	12	12	21	5	13	5	10	4	20	9	27	11	13	11	22	9	16	33	22	20	37	7	28	16	9	11	19	6	8	9	13	3	4	17	29	20	12	4	22	18	
109_A/Bar-headed_goose/Q 11	7	9	4	22	7	16	6	6	12	0	0	8	3	1	9	11	10	7	3	8	5	3	3	13	12	20	5	13	5	10	4	20	9	27	11	12	11	22	9	16	33	22	20	37	7	28	16	9	11	19	6	9	9	13	3	4	17	29	20	12	4	22	18	
110_A/Bar-headed_goose/Q 11	7	9	4	22	7	16	6	6	12	0	0	8	3	1	9	11	10	7	3	8	5	3	3	13	12	20	5	13	5	10	4	20	9	27	11	12	11	22	9	16	33	22	20	37	7	28	16	9	11	19	6	9	9	13	3	4	17	29	20	12	4	22	18	
111_A/Bar-headed_goose/Q 11	7	9	4	22	7	16	6	6	12	0	0	8	3	1	9	11	10	7	3	8	5	3	3	12	12	21	5	13	5	10	4	20	9	27	11	12	11	22	9	16	33	22	20	37	7	28	16	9	11	19	6	9	9	13	3	4	17	29	20	12	4	22	18	
112_A/Bar-headed_goose/Q 11	7	9	4	22	7	16	6	6	12	0	0	8	3	1	9	11	10	7	3	8	5	3	3	12	12	21	5	13	5	10	4	20	9	27	11	12	11	22	9	16	33	22	20	37	7	28	16	9	11	19	6	9	9	13	3	4	17	29	20	12	4	22	18	
113_A/Bar-headed_goose/Q 11	7	9	4	22	7	16	6	6	12	0	0	8	3	1	9	11	10	7	3	8	5	3	3	13	12	20	5	13	5	10	4	20	9	27	11	12	11	22	9	16	33	22	20	37	7	28	16	9	11	19	6	8	9	13	3	5	17	29	20	12	4	22	18	
114_A/Bar-headed_Goose/Q 13	7	8	4	20	7	17	6	9	12	0	0	10	3	1	9	8	10	6	2	10	4	4	3	5	16	24	3	16	2	7	4	17	10	21	9	12	12	27	13	15	34	23	21	37	5	27	19	7	13	22	3	9	8	10	5	8	16	26	26	13	4	24	12	
115_A/Bar-headed_Goose/Q 13	7	8	4	20	7	17	6	9	12	0	0	10	3	1	9	8	10	6	2	10	4	4	3	5	16	24	3	16	2	7	4	17	10	21	9	12	12	27	13	15	34	23	21	37	5	27	19	7	13	22	3	9	8	10	5	8	16	26	26	13	4	24	12	
116_A/Bar-headed_Goose/Q 13	7	8	4	20	7	17	6	9	12	0	0	10	3	1	9	8	10	6	2	10	4	4	3	5	16	24	3	16	2	7	4	17	10	21	9	12	12	27	13	15	34	22	21	37	5	28	19	7	13	22	3	9	8	10	5	8	16	26	26	13	4	24	12	
117_A/Bar-headed_Goose/Q 13	7	8	4	20	7	17	6	9	12	0	0	10	3	1	9	8	10	6	2	10	4	4	3	5	16	24	3	16	2	7	4	17	10	21	9	12	12	27	13	15	34	23	21	37	5	27	19	7	13	22	3	9	8	10	5	8	16	26	26	13	4	24	12	
118_A/Bar-headed_Goose/Q 13	7	8	4	20	7	17	6	9	12	0	0	10	3	1	9	8	10	6	2	10	4	4	3	5	16	24	3	16	2	7	4	17	10	21	9	12	12	27	13	15	34	22	21	37	5	28	19	7	13	22	3	9	8	10	5	8	16	26	26	13	4	24	12	
119_A/Bar-headed_Goose/Q 13	7	8	4	20	7	17	6	9	12	0	0	10	3	1	9	8	10	6	2	10	4	4	3	5	16	24	3	16	2	7	4	17	10	21	9	12	12	27	13	15	34	22	21	37	5	28	19	7	13	22	3	9	8	10	5	8	16	26	26	13	4	24	12	
120_A/Bar-headed_Goose/Q 13	7	8	4	20	7	17	6	9	12	0	0	10	3	1	9	8	10	6	2	10	4	4	3	5	16	24	3	16	2	7	4	17	10	21	9	12	12	27	13	15	34	22	21	37	5	28	19	7	13	22	3	9	8	10	5	8	16	26	26	13	4	24	12	
121_A/Bar-headed_Goose/T 13	8	9	4	20	7	16	6	7	12	0	0	11	3	1	9	7	10	7	1	10	5	3	4	6	15	25	3	17	2	8	4	18	9	23	9	12	13	25	13	17	35	22	22	36	3	28	16	8	12	21	3	6	8	11	6	7	15	24	21	14	6	26	16	
122_A/Bar-headed_Goose/T 12	8	9	4	21	7	16	6	7	12	0	0	11	3	1	9	7	10	7	1	10	5	3	4	7	15	23	3	16	2	8	4	18	9	23	9	12	13	25	13	17	35	22	23	36	3	29	16	8	11	22	3	6	9	10	6	8	16	24	20	13	5	26	17	
123_A/Bar-headed_Goose/T 12	8	9	4	21	7	16	6	7	12	0	0	11	3	1	9	7	10	7	1	10	5	3	4	7	15	23	3	16	2	8	4	18	9	22	9	12	13	26	13	17	35	22	23	36	3	29	16	8	11	22	3	6	9	10	6	8	16	24	20	13	5	26	17	
124_A/Bar-headed_Goose/T 13	8	9	4	20	7	16	6	7	12	0	0	11	3	1	9	7	10	7	1	10	5	3	4	6	15	25	3	17	2	8	4	18	9	23	9	12	13	25	13	17	35	22	22	36	3	28	16	8	12	21	3	6	8	11	6	7	15	24	21	14	6	26	16	
125_A/Bar-headed_Goose/T 14	6	5	5	18	8	21	5	7	12	0	0	13	3	1	9	8	9	6	2	10	6	4	3	7	12	20	2	12	4	11	5	17	9	25	6	13	13	23	15	15	32	23	21	37	6	28	18	5	11	22	3	12	11	11	6	7	18	23	27	13	3	26	11	
126_A/Bar-headed_Goose/T 14	6	5	5	18	8	21	5	7	12	0	0	13	3	1	9	8	9	6	2	10	6	4	3	7	13	20	2	12	4	11	5	17	9	25	6	13	13	23	15	15	32	23	21	37	6	28	18	5	11	22	3	12	11	11	6	7	17	23	27	13	3	26	11	
127_A/Bar-headed_Goose/T 12	8	9	4	21	7	16	6	7	12	0	0	11	3	1	9	7	10	7	1	10	5	3	4	7	15	23	3	16	2	8	4	18	9	23	9	12	13	25	13	17	35	22	23	36	3	29	16	8	11	22	3	6	9	10	6	8	16	24	20	13	5	26	17	
128_A/Bar-headed_Goose/T 12	8	9	4	21	7	16	6	7	12	0	0	11	3	1	9	7	10	7	1	10	5	3	4	7	15	23	3	16	2	8	4	18	9	23	9	12	13	25	13	17	35	22	23	36	3	29	16	8	11	22	3	6	9	10	6	8	16	24	19	13	5	26	18	
129_A/Bar-headed_Goose/T 12	8	9	4	21	7	16	6	7	12	0	0	11	3	1	9	7	10	7	1	10	5	3	4	7	15	23	3	16	2	8	4	18	9	23	9	12	13	25	13	17	35	22	23	36	3	29	16	8	11	22	3	6	9	10	6	8	16	24	19	13	5	26	18	
130_A/Bar-headed_Goose/T 12	8	9	4	21	7	16	6	7	12	0	0	11	3	1	9	7	10	7	1	10	5	3	4	7	15	23	3	16	2	8	4	18	9	23	9	12	13	25	13	17	35	22	23	36	3	29	16	8	11	22	3	6	9	10	6	8	16	24	19	13	5	26	18	
131_A/Bar-headed_Goose/T 12	8	9	4	21	7	16	6	7	12	0	0	11	3	1	9	7	10	7	1	10	5	3	4	7	15	23	3	16	2	8	4	18	9	23	9	12	13	25	13	17	35	22	23	36	3	29	16	8	11	22	3	6	9	10	6	8	16	24	19	13	5	26	18	
132_A/Bar-headed_Goose/T 12	8	9	4	21	7	16	6	7	12	0	0	11	3	1	9	7	10	7	1	10	5	3	4	6	15	24	3	17	2	8	4	18	9	23	9	12	13	25	13	17	35	22	23	36	3	28	16	8	12	21	3	6	8	11	6	7	15	24	21	14	6	26	16	
133_A/Bar-headed_Goose/T 13	8	9	4	20	7	16	6	7	12	0	0	11	3	1	9	7	10	7	1	10	5	3	4	6	15	24	3	17	2	8	4	18	9	23	9	12	13	25	13	17	35	23	22	36	3	28	16	8	12	21	3	6	8	11	6	7	15	24	21	14	6	26	16	
134_A/Bar-headed_Goose/T 13	8	9	4	20	7	16	6	7	12	0	0	11	2	1	9	7	10	7	1	10	5	3	4	6	15	24	3	17	3	8	4	18	9	23	9	12	13	25	13	17	35	23	22	36	3	28	16	8	12	21	3	6	8	11	6	7	15	24	21	14	6	26	16	
135_A/bean_goose/Hubei/B 12	8	9	4	21	7	16	6	7	12	0	0	11	2	1	9	7	10	7	1	10	5	3	4	6	15	23	3	17	3	8	4	17	9	23	9	13	13	25	13	16	35	23	23	37	3	28	16	8	12	22	3	6	8	10	6	7	16	24	21	14	5	26	16	
136_A/Bean_Goose/Hubei/c 13	8	7	6	21	7	18	4	8	10	0	0	10	4	1	9	9	10	6	1	8	4	4	4	7	14	21	4	15	4	10	3	20	10	21	10	10	11	26	13	16	33	23	22	36	5	27	18	6	12	23	4	10	9	9	3	5	15	22	28	16	6	28	11	
137_A/Bean_goose/Hubei/C 13	7	8	4	20	7	17	6	9	12	0	0	10	3	1	9	8	10	6	2	10	4	4	3	5	16	24	3	16	2	7	4	17	10	21	9	12	12	27	13	15	34	21	21	37	5	28	19	7	13	22	3	9	8	10	5	8	16	27	26	13	4	24	12	
138_A/Bean_goose/Hubei/C 13	7	8	4	20	7	17	6	9	12	0	0	10	3	1	9	8	10	6	2	10	4	4	3	5	16	24	3	16	2	7	4	17	10	21	9	12	12	27	13	15	34	21	22	37	5	28	19	7	13	22	3	9	8	10	5	8	16	26	26	13	4	24	12	
139_A/Bean_goose/Hubei/C 10	8	8	4	23	6	17	6	5	10	0	0	8	5	1	9	13	10	7	3	6	5	3	3	13	11	22	4	13	6	9	5	20	8	26	12	12	12	22	9	18	32	23	22	36	8	27	14	8	11	20	7	10	10	12	3	6	15	28	18	10	5	22	19	
140_A/Bean_goose/Hubei/C 13	7	8	4	20	7	17	6	9	12	0	0	10	3	1	9	8	10	6	2	10	4	4	3	5	16	24	3	16	2	7	4	17	10	21	9	12	12	27	13	15	34	22	21	37	5	28	19	7	13	22	3	9	8	10	5	8	16	26	26	13	4	24	12	
141_A/black_chicken/Jian 11	7	9	4	22	6	16	6	5	12	0	0	8	4	1	9	11	10	7	3	9	5	3	2	12	12	22	7	13	5	8	4	24	10	27	13	9	12	22	8	16	33	24	18	37	6	28	16	7	11	19	5	10	9	13	4	6	17	29	22	10	3	22	15	
142_A/Black_faced_Spoonb 12	7	7	4	21	7	18	6	6	13	0	0	8	2	1	9	9	11	6	2	8	4	4	2	12	14	23	4	15	3	8	6	18	10	22	10	12	10	25	12	15	36	27	22	37	4	24	15	8	7	23	6	12	13	11	4	4	16	28	26	13	5	21	10	
143_A/Black_Faced_Spoonb 13	6	5	5	20	8	20	5	7	12	0	0	12	3	1	9	7	7	6	2	10	7	4	3	8	15	20	2	13	3	11	5	19	8	25	6	13	13	23	16	15	33	22	21	37	6	29	18	5	11	21	2	11	11	12	6	7	14	22	26	12	6	27	12	
144_A/Black_Faced_Spoonb 12	8	7	4	21	7	18	6	6	13	0	0	8	2	1	9	9	11	6	2	9	4	4	2	11	14	22	4	15	3	9	6	17	9	24	10	12	10	23	12	16	37	26	22	36	3	25	15	9	7	22	5	12	13	12	4	4	17	28	26	13	4	21	11	
145_A/black_swan/Beijing 12	8	9	4	21	7	16	6	6	13	0	0	12	2	1	9	8	10	7	1	9	5	3	4	6	14	24	3	17	3	7	4	17	9	24	9	12	13	26	12	17	35	23	22	36	3	27	18	8	12	20	3	6	8	11	5	7	16	24	22	15	5	26	16	
146_A/black-backed_gull/ 13	8	9	4	20	7	16	6	7	13	0	0	11	2	1	9	7	10	7	1	10	5	3	4	6	14	24	3	17	3	7	4	18	9	22	11	12	13	25	13	16	35	22	22	37	3	28	18	8	12	20	3	6	8	11	5	8	16	24	22	13	5	26	16	
147_A/Black-necked_Grebe 11	8	9	5	22	7	16	5	8	9	0	0	9	4	1	9	13	8	7	2	7	5	4	2	8	15	20	4	14	4	10	5	22	8	25	13	12	12	21	10	16	33	25	22	36	7	24	17	7	10	19	6	9	11	13	2	6	18	30	25	12	2	21	13	
148_A/Black-necked_Grebe 11	8	9	5	22	7	16	5	7	9	0	0	10	4	1	9	13	7	7	2	7	6	4	2	9	15	20	5	14	4	10	5	23	8	26	12	10	12	22	10	16	32	27	21	35	8	22	17	7	10	17	6	9	11	15	2	5	18	30	24	13	2	21	14	
149_A/Black-necked_Grebe 11	8	10	5	22	7	15	5	7	9	0	0	10	4	1	9	13	7	7	2	7	6	4	2	9	15	20	5	14	4	10	5	22	8	26	12	11	12	22	10	16	32	27	21	35	8	22	17	7	10	17	6	9	11	15	2	5	18	30	24	13	2	21	14	
150_A/Black-necked_Grebe 11	8	10	5	22	7	15	5	7	9	0	0	10	4	1	9	13	7	7	2	7	6	4	2	9	15	20	5	14	4	10	5	22	8	26	12	11	12	22	10	16	32	27	21	35	8	22	17	7	10	17	6	9	11	15	2	5	18	30	24	13	2	21	14	
151_A/Black-necked_Grebe 11	8	9	5	22	7	16	5	7	9	0	0	10	4	1	9	13	7	7	2	7	6	4	2	9	15	20	5	14	4	10	5	22	8	26	12	11	12	22	10	16	32	27	21	35	8	22	17	7	10	17	6	9	11	15	2	5	18	30	24	13	2	21	14	
152_A/Black-necked_Grebe 11	8	10	5	22	7	15	5	7	9	0	0	10	4	1	9	13	7	7	2	7	6	4	2	9	15	20	5	14	4	10	5	22	8	26	12	11	12	22	10	16	32	27	21	35	8	22	17	7	10	17	6	9	11	15	2	5	18	30	24	13	2	21	14	
153_A/Black-necked_Grebe 11	8	10	5	22	7	15	5	7	9	0	0	10	4	1	9	13	7	7	2	7	6	4	2	9	15	20	5	14	4	10	5	22	8	26	12	11	12	22	10	16	32	27	21	35	8	22	17	7	10	17	6	9	11	15	2	5	18	30	24	13	2	21	14	
154_A/Black-necked_Grebe 11	8	10	5	22	7	15	5	7	9	0	0	10	4	1	9	13	7	7	2	7	6	4	2	9	15	20	5	14	4	10	5	22	8	26	12	11	12	22	10	16	32	27	21	35	8	22	17	7	10	17	6	9	11	15	2	5	18	30	24	13	2	21	14	
155_A/Brown-headed_Gull/ 13	7	8	4	19	7	17	6	10	12	0	0	10	3	1	9	8	10	6	2	10	4	4	3	5	16	24	3	16	2	7	4	17	10	21	9	12	12	27	13	15	34	22	21	37	5	28	19	7	13	22	3	9	8	10	5	8	16	26	26	13	4	24	12	
156_A/Brown-headed_Gull/ 13	7	9	4	19	7	17	6	10	12	0	0	10	3	1	9	8	10	6	2	10	4	4	3	5	16	24	3	16	2	7	4	17	10	20	9	12	12	27	13	15	34	22	21	37	5	28	19	7	13	22	3	8	8	10	5	8	17	26	26	13	4	24	12	
157_A/Brown-headed_Gull/ 13	7	8	4	20	7	17	6	9	12	0	0	11	3	1	9	8	10	6	2	10	4	4	3	5	16	23	3	15	2	8	4	17	11	21	9	12	12	27	13	15	33	22	21	37	5	28	19	7	13	22	3	9	8	10	5	8	16	26	26	13	4	24	12	
158_A/Brown-headed_Gull/ 13	7	8	4	20	7	17	6	9	12	0	0	11	3	1	9	8	10	6	2	10	4	4	3	5	16	23	3	15	2	8	4	17	11	21	9	12	12	27	13	15	33	22	21	37	5	28	19	7	13	22	3	9	8	10	5	8	16	26	26	13	4	24	12	
159_A/Brown-headed_Gull/ 13	7	8	4	20	7	17	6	9	12	0	0	11	3	1	9	8	10	6	2	10	4	4	3	5	16	23	3	15	2	8	4	17	11	21	9	12	12	27	13	15	33	22	21	37	5	28	19	7	13	22	3	9	8	10	5	9	16	26	26	12	4	24	12	
160_A/Brown-headed_Gull/ 13	7	7	4	20	7	18	6	9	12	0	0	10	3	1	9	8	10	6	2	10	4	4	3	5	16	24	3	16	2	7	4	18	10	21	9	11	12	27	13	15	34	22	22	37	5	28	19	7	13	22	3	9	8	10	5	8	16	26	25	13	4	24	12	
161_A/Brown-headed_Gull/ 13	7	7	4	20	7	18	6	9	12	0	0	10	3	1	9	8	10	6	2	10	4	4	3	5	16	24	3	16	2	7	4	18	10	21	9	11	12	27	13	15	34	22	22	37	5	28	19	7	13	22	3	9	8	10	5	8	16	26	25	13	4	24	12	
162_A/Brown-headed_Gull/ 13	7	8	4	20	7	17	6	9	12	0	0	10	3	1	9	8	10	6	2	10	4	4	3	5	16	24	4	16	2	7	4	17	10	21	9	12	12	27	13	15	34	22	20	37	5	28	19	7	13	22	3	9	8	10	5	8	16	26	26	13	4	24	12	
163_A/Brown-headed_Gull/ 13	7	8	4	20	7	17	6	9	12	0	0	10	3	1	9	8	10	6	2	10	4	4	3	5	16	24	3	16	2	7	4	17	10	21	9	12	12	27	13	15	34	22	21	37	5	28	19	7	13	22	3	9	8	10	5	8	16	26	26	13	4	24	12	
164_A/brown-headed_gull/ 12	9	9	4	21	6	16	6	6	12	0	0	12	3	1	9	7	10	7	1	10	5	3	4	7	15	23	3	16	2	8	4	18	9	23	9	12	13	25	13	17	34	23	23	36	4	28	16	8	12	22	3	6	8	10	6	7	16	24	21	14	5	26	16	
165_A/Brown-headed_Gull/ 13	8	9	4	20	7	16	6	7	12	0	0	11	3	1	9	7	10	7	1	10	5	3	4	6	15	24	3	17	2	8	4	18	9	23	9	12	13	25	13	17	35	23	22	36	3	28	16	8	12	21	3	6	8	11	6	7	15	24	21	14	6	26	16	
166_A/Brown-headed_Gull/ 12	8	9	4	21	7	16	6	7	12	0	0	10	3	1	9	7	10	7	1	10	5	3	4	6	15	23	3	19	2	7	4	18	9	23	9	12	13	25	13	17	35	23	23	36	3	28	16	8	12	21	3	6	8	11	6	7	16	24	21	14	5	26	16	
167_A/Brown-headed_Gull/ 12	8	9	4	21	7	16	6	7	12	0	0	10	3	1	9	7	10	7	1	10	5	3	4	6	15	23	3	19	2	7	4	18	9	23	9	12	13	25	13	17	35	23	23	36	3	28	16	8	12	21	3	6	8	11	6	7	16	24	21	14	5	26	16	
168_A/canine/China/GX30/ 15	8	8	6	19	6	17	4	4	10	0	0	10	5	1	9	7	11	7	2	9	4	3	3	11	14	19	2	17	2	12	6	17	10	27	7	11	11	20	15	15	34	22	22	37	6	30	15	7	12	21	3	10	11	13	5	7	15	23	31	13	4	26	7	
169_A/cat/Sichuan/SC18/2 10	7	9	4	23	6	16	6	5	13	0	0	8	3	1	9	11	10	7	3	9	5	3	2	12	12	22	7	13	5	8	4	24	10	27	13	9	12	22	8	16	33	24	17	37	6	29	16	7	11	19	4	10	9	13	5	6	16	29	23	10	4	22	14	
170_A/cat/Zhejiang/C1/20 10	4	8	6	23	7	17	4	6	13	0	0	15	4	1	9	6	8	7	1	12	6	3	3	5	13	17	3	13	5	13	5	19	8	24	9	11	13	25	12	15	31	26	19	38	6	26	20	8	12	21	2	10	10	13	8	7	18	25	24	13	3	23	12	
171_A/cat/Zhejiang/C2/20 10	5	8	6	23	6	17	4	6	14	0	0	14	3	1	9	6	8	8	1	12	6	2	3	5	13	17	3	14	5	13	5	20	8	25	10	10	13	24	11	14	33	26	20	38	5	26	19	8	12	21	1	10	9	13	10	7	19	22	24	13	3	26	11	
172_A/Changsha/1/2014|EP 12	7	9	4	21	6	16	6	5	12	0	0	8	4	1	9	10	10	7	3	9	5	3	3	13	12	22	5	13	5	9	4	20	8	26	11	12	12	23	9	17	34	22	20	36	6	28	16	8	12	18	6	9	9	14	3	7	16	27	22	11	4	23	16	
173_A/chicken/Anhui/S174 13	7	7	5	20	7	18	5	6	12	0	0	9	3	1	9	10	10	8	2	8	3	2	3	6	16	23	2	18	3	8	6	16	9	23	8	12	13	24	14	18	35	25	21	37	3	27	16	5	10	22	3	12	11	13	5	4	17	25	29	15	4	23	9	
174_A/chicken/Beijing/BJ 9	6	7	6	24	5	18	4	7	14	0	0	14	3	1	9	6	8	7	1	12	6	3	3	5	12	19	3	14	6	11	5	19	8	26	10	11	12	22	12	14	32	29	18	36	7	24	20	8	13	24	2	9	9	10	8	6	18	23	27	16	3	24	10	
175_A/chicken/CH/a556/20 15	8	10	5	18	5	15	5	5	13	0	0	12	3	1	9	10	11	7	0	9	4	3	5	11	14	15	4	9	3	16	4	15	15	29	12	14	10	19	11	16	34	21	18	39	3	28	21	10	14	19	4	6	6	12	7	14	17	32	24	6	4	18	11	
176_A/chicken/Changhua/1 10	8	6	5	23	6	19	5	10	14	0	0	9	1	1	9	9	12	6	2	9	3	4	3	7	14	20	4	13	3	11	5	17	10	23	7	13	10	26	15	15	38	22	23	39	2	28	15	6	11	19	3	10	10	12	5	5	16	28	28	14	5	22	10	
177_A/chicken/Changhua/1 10	8	6	5	23	6	19	5	10	14	0	0	9	1	1	9	9	12	6	2	9	3	4	3	7	14	20	4	13	3	11	5	17	10	23	7	13	10	26	15	15	38	22	23	39	2	28	15	6	11	19	3	10	10	12	5	5	16	28	28	14	5	22	10	
178_A/chicken/Changhua/1 10	8	6	5	23	6	19	5	10	14	0	0	9	1	1	9	9	12	6	2	9	3	4	3	7	14	20	4	13	3	11	5	17	10	23	7	13	10	26	15	15	38	22	22	39	2	28	16	6	11	19	3	10	10	12	5	5	16	28	27	14	5	22	11	
179_A/chicken/Changhua/1 10	8	6	5	23	6	19	5	10	14	0	0	9	1	1	9	9	12	6	2	9	3	4	3	7	14	20	4	13	3	11	5	16	11	23	8	13	10	26	14	15	38	22	23	39	2	28	15	6	11	19	3	10	10	12	5	5	16	28	28	14	5	22	10	
180_A/chicken/Changhua/1 10	8	6	5	23	6	19	5	11	14	0	0	8	1	1	9	9	12	6	2	9	3	4	3	7	14	20	4	13	3	11	5	17	10	23	7	13	10	26	15	15	38	22	23	39	2	28	15	6	11	19	3	10	10	12	5	5	16	28	28	14	5	22	10	
181_A/chicken/Changhua/1 10	8	6	5	23	6	19	5	11	14	0	0	9	1	1	9	9	12	6	2	9	3	4	3	7	14	20	4	13	3	11	5	17	10	23	7	13	10	26	15	15	38	22	23	38	2	28	15	6	11	19	3	10	10	12	5	5	16	28	28	14	5	22	10	
182_A/chicken/Changhua/1 13	5	12	5	20	8	13	5	7	12	0	1	12	4	0	9	8	12	6	4	9	5	4	0	8	11	21	2	13	4	11	7	18	9	24	9	12	13	25	11	17	36	24	25	36	3	28	12	8	11	19	6	10	9	12	4	8	18	28	24	11	3	23	12	
183_A/chicken/Changhua/1 13	5	12	5	20	8	13	5	7	12	0	1	11	4	0	9	9	12	6	4	8	5	4	0	8	11	21	2	14	4	11	7	18	9	26	9	12	13	23	11	17	36	24	24	36	3	28	13	8	11	19	6	10	9	12	4	8	18	28	24	11	3	23	12	
184_A/chicken/Changhua/1 13	5	12	5	20	8	13	5	7	12	0	1	12	4	0	9	9	12	6	4	8	5	4	0	8	11	21	2	13	4	11	7	18	9	25	9	12	13	24	11	17	36	24	24	36	3	28	13	8	11	19	6	10	9	12	4	8	18	28	24	11	3	23	12	
185_A/chicken/Changhua/1 13	5	12	5	20	8	13	5	7	12	0	1	11	4	0	9	9	12	6	4	8	5	4	0	8	11	21	2	14	4	11	7	18	9	25	9	12	13	24	11	17	36	24	24	36	3	28	13	8	11	19	6	10	9	12	4	8	18	29	24	11	3	22	12	
186_A/chicken/Changhua/1 10	8	6	5	23	6	19	5	10	14	0	0	10	0	1	9	9	12	6	2	9	3	4	3	7	14	20	4	13	3	11	5	17	10	22	7	13	10	27	14	15	38	22	23	39	2	28	15	6	11	19	3	10	10	12	6	5	16	27	28	14	5	23	10	
187_A/chicken/Changhua/1 11	7	9	4	22	8	16	6	4	11	0	0	11	3	1	9	9	10	7	2	9	4	3	3	10	11	22	3	14	7	10	6	14	9	24	7	16	10	24	15	15	37	22	17	37	3	29	20	6	12	22	3	11	9	10	5	7	18	25	24	12	4	25	14	
188_A/chicken/Changhua/1 10	8	6	5	23	6	19	5	10	14	0	0	10	0	1	9	9	12	6	2	9	3	4	3	7	14	20	4	13	3	11	5	15	10	22	7	14	10	27	15	15	38	22	23	38	2	28	15	7	11	19	3	10	10	12	5	5	16	27	28	15	5	23	10	
189_A/chicken/Changhua/1 11	7	9	4	22	8	16	6	4	12	0	0	11	2	1	9	10	9	7	2	9	4	3	3	10	11	22	3	14	7	10	6	14	9	24	7	16	10	24	15	15	37	22	17	37	3	29	20	6	12	22	4	11	9	10	4	7	18	25	24	12	4	25	14	
190_A/chicken/Changhua/1 10	8	6	5	23	6	19	5	10	14	0	0	10	0	1	9	9	12	6	2	9	3	4	3	7	14	19	4	13	3	12	5	17	10	22	7	12	10	27	15	16	37	21	23	39	2	29	15	6	11	19	1	10	10	12	7	6	16	26	28	14	5	24	10	
191_A/chicken/Changhua/1 10	8	6	5	23	6	19	5	11	15	0	0	9	1	1	9	9	12	6	2	9	3	4	3	6	14	20	4	13	3	11	5	17	10	24	8	13	10	25	14	15	37	22	23	39	3	28	15	7	11	20	3	10	11	12	3	6	15	28	29	12	5	21	10	
192_A/chicken/Changhua/1 10	8	7	5	23	5	18	5	10	15	0	0	11	0	1	9	9	12	6	2	9	3	4	3	7	14	19	3	12	3	12	5	17	10	23	7	13	10	26	15	14	38	21	24	39	2	29	15	7	11	19	2	9	10	12	6	6	16	27	28	14	5	23	10	
193_A/chicken/Changhua/1 10	9	7	5	23	4	18	5	10	15	0	0	11	0	1	9	9	12	6	2	9	3	4	3	7	14	17	2	12	3	14	5	17	10	23	8	14	10	26	14	13	38	22	25	38	2	27	16	7	11	20	2	9	10	12	6	7	15	25	28	14	6	24	10	
194_A/chicken/Changhua/1 10	8	6	5	23	5	19	5	10	15	0	0	11	0	1	9	9	12	7	2	9	3	3	3	7	14	18	5	12	3	13	3	17	10	24	9	14	9	27	13	14	36	21	23	39	2	29	16	7	11	19	2	9	10	12	6	7	13	27	28	14	8	22	10	
195_A/chicken/Chiayi/150 10	8	6	5	23	6	19	5	10	13	0	0	9	1	1	9	9	12	6	2	9	3	4	3	7	15	20	4	13	3	11	5	17	10	22	7	13	10	27	15	15	38	22	23	39	2	28	15	6	11	19	3	10	10	12	5	5	16	28	28	14	5	22	10	
196_A/chicken/Chiayi/150 10	8	6	5	23	6	19	5	11	14	0	0	8	1	1	9	9	12	6	2	9	3	4	3	7	14	20	4	13	3	11	5	17	10	23	7	13	10	26	15	15	38	22	23	39	2	27	16	6	11	19	3	10	10	12	5	5	16	28	28	14	5	22	10	
197_A/chicken/Chiayi/150 11	7	9	4	22	8	16	6	4	11	0	0	11	3	1	9	9	10	7	2	9	4	3	3	10	11	22	3	14	7	10	6	15	9	24	7	15	10	24	15	15	37	22	17	37	3	29	20	6	12	22	4	11	9	10	4	7	18	25	24	12	4	25	14	
198_A/chicken/Chiayi/170 10	9	8	5	23	4	17	5	10	15	0	0	11	0	1	9	9	12	6	2	9	3	4	3	7	14	18	3	12	3	13	5	17	9	23	7	14	10	26	15	13	38	21	24	39	2	29	15	7	12	19	2	9	10	13	6	6	15	27	28	14	6	22	10	
199_A/chicken/Chiayi/181 10	8	6	5	23	6	19	5	6	11	0	0	13	4	1	9	8	9	5	2	10	5	5	3	7	14	20	3	15	4	11	5	18	11	21	8	12	10	27	14	14	32	22	20	37	7	30	17	7	14	22	4	9	8	10	4	8	14	26	28	12	6	24	10	
200_A/chicken/China/007/ 11	7	9	4	22	7	16	6	6	12	0	0	8	3	1	9	13	10	7	3	6	5	3	3	10	13	21	5	15	4	10	4	20	8	25	12	12	14	23	9	17	32	23	21	36	6	27	15	7	12	17	7	9	8	15	2	9	16	29	21	10	5	21	17	
201_A/chicken/China/Cang 14	7	7	4	19	8	18	6	6	11	0	0	11	3	1	9	10	9	5	2	8	5	5	3	7	15	20	4	16	3	11	3	19	10	20	9	12	11	28	12	15	31	24	20	37	7	28	18	5	12	20	4	9	9	12	4	7	18	23	29	14	4	27	10	
202_A/chicken/China/E93/ 12	8	10	7	21	5	15	3	5	11	0	0	14	3	1	9	9	10	7	2	11	4	3	2	13	12	21	6	9	5	10	5	20	9	28	12	11	12	19	10	16	32	26	18	39	8	25	18	5	10	22	3	12	11	10	5	6	18	27	24	10	2	23	14	
203_A/chicken/China/E96/ 12	8	10	7	21	5	15	3	5	11	0	0	14	3	1	9	9	10	7	2	11	4	3	2	13	13	21	6	9	4	10	5	20	9	28	12	11	12	19	10	16	32	26	18	39	8	25	18	5	10	22	3	12	12	10	5	6	17	27	24	10	2	23	14	
204_A/chicken/Chiping/03 9	5	7	6	24	5	18	4	7	14	0	0	13	4	1	9	6	9	7	1	12	5	3	3	5	12	18	4	15	6	12	4	19	8	28	10	12	12	21	11	14	33	28	18	36	6	24	21	7	13	21	3	8	9	12	8	5	19	24	26	17	3	24	10	
205_A/chicken/chongqing/ 16	6	9	5	17	6	16	5	5	16	0	0	11	2	1	9	11	11	6	3	10	3	4	2	12	14	20	5	10	4	10	6	19	11	23	10	13	11	23	11	18	32	22	26	36	6	27	11	7	12	19	6	12	9	12	4	5	19	30	28	10	2	20	9	
206_A/chicken/Chongqing/ 15	6	9	5	18	6	16	5	5	15	0	0	11	2	1	9	12	11	6	2	7	3	4	2	12	13	21	5	11	5	10	5	18	9	23	11	14	11	23	12	17	35	24	24	36	6	28	12	7	13	19	5	11	8	13	4	5	19	29	29	10	2	20	9	
207_A/chicken/Dongguan/2 11	7	9	4	22	6	16	6	5	12	0	0	8	4	1	9	10	10	7	3	9	5	3	3	13	12	21	5	13	5	10	4	20	8	26	11	13	12	23	9	16	35	22	20	37	6	28	16	8	12	19	6	8	9	13	3	6	15	29	21	11	4	22	17	
208_A/chicken/Dongguan/3 11	7	9	4	22	6	16	6	5	12	0	0	8	4	1	9	10	10	8	3	9	5	2	3	13	12	22	5	13	5	9	4	20	8	26	11	13	12	23	9	16	34	22	21	37	6	28	15	9	12	19	6	7	9	13	3	6	16	30	23	11	4	21	15	
209_A/chicken/Dongguan/4 11	7	9	4	22	6	16	6	5	12	0	0	8	4	1	9	10	10	7	3	9	5	3	3	13	12	22	5	13	5	8	5	20	8	25	11	13	12	24	9	16	34	22	20	37	6	28	16	8	12	19	6	8	9	13	3	6	16	30	21	11	4	21	17	
210_A/chicken/Fujian/05. 11	7	8	4	22	7	17	6	6	13	0	0	8	2	1	9	12	10	7	3	7	5	3	3	10	12	21	5	15	5	10	4	19	8	27	11	14	13	22	9	16	34	21	20	37	5	28	17	8	12	19	8	8	9	13	2	7	17	28	20	10	4	22	17	
211_A/chicken/Fujian/09. 12	7	8	4	21	7	17	6	6	12	0	0	8	3	1	9	11	10	7	3	8	5	3	3	10	12	21	5	15	5	10	4	20	8	27	11	13	13	21	10	16	34	22	20	37	5	28	16	8	12	19	6	8	9	13	3	6	17	28	21	11	4	22	17	
212_A/chicken/Fujian/10. 13	9	9	4	19	5	15	6	4	12	0	0	8	4	1	9	9	8	8	2	9	6	4	3	15	12	23	5	11	4	8	4	21	7	27	11	12	12	21	9	16	35	22	21	36	5	28	15	8	12	16	6	7	9	15	3	6	16	29	23	11	4	22	15	
213_A/chicken/Fujian/11. 10	4	8	7	23	7	17	3	7	14	0	0	15	3	1	9	5	9	7	1	12	5	3	3	7	14	18	3	11	4	12	5	17	6	26	11	11	15	23	10	15	34	27	20	38	4	27	17	10	11	19	2	9	10	15	8	6	19	24	24	14	3	24	12	
214_A/chicken/Gansu/5/20 11	8	10	7	22	5	15	3	8	11	0	0	10	4	1	9	9	10	7	2	11	4	3	2	12	11	21	6	10	6	10	5	20	9	29	11	11	12	19	10	15	32	26	18	38	8	25	18	6	10	22	3	12	12	10	5	6	17	27	25	11	2	23	13	
215_A/chicken/Gansu/6/20 12	8	10	7	21	5	15	3	5	11	0	0	14	3	1	9	9	10	7	2	11	4	3	2	13	12	21	6	9	5	10	5	21	8	29	12	11	12	18	10	17	31	26	18	39	8	25	18	4	11	22	3	12	11	10	5	6	18	26	24	10	2	24	14	
216_A/chicken/Ganzhou/GZ 10	7	9	4	23	7	16	6	5	12	0	0	8	3	1	9	12	10	7	3	7	5	3	3	13	11	21	5	13	6	10	4	20	8	25	11	12	13	23	10	17	32	24	22	36	6	26	14	8	12	19	6	9	9	13	3	8	16	27	20	10	5	23	18	
217_A/chicken/Guangdong/ 10	4	7	6	22	7	18	4	6	13	0	0	14	3	1	9	5	9	7	1	12	6	3	3	7	13	18	3	12	4	12	5	18	6	23	10	11	14	25	11	15	32	26	19	36	6	27	19	9	12	19	2	8	10	14	8	8	17	25	25	12	4	23	11	
218_A/chicken/Guangdong/ 9	4	7	6	24	7	18	4	7	13	0	0	14	3	1	9	7	9	7	1	11	6	3	3	7	13	18	3	12	5	12	5	18	7	24	10	11	14	24	11	15	32	25	19	37	6	28	19	9	12	20	2	9	10	14	9	8	17	25	23	12	4	23	13	
219_A/chicken/Guangdong/ 10	5	9	6	23	6	17	4	6	13	0	0	14	4	1	9	6	8	7	1	12	6	2	3	6	14	16	4	13	4	13	5	19	8	24	10	11	13	25	11	14	31	27	20	38	7	25	19	8	12	22	1	10	9	12	10	6	19	23	23	14	3	25	12	
220_A/chicken/Guangdong/ 13	10	11	6	20	6	14	4	8	11	0	0	9	2	1	9	12	13	7	2	6	3	3	2	10	13	21	2	12	3	9	7	22	8	22	9	9	12	28	11	16	29	26	25	35	12	25	14	10	8	21	5	9	13	11	5	6	16	32	25	10	6	17	12	
221_A/chicken/Guangdong/ 13	10	11	6	20	6	14	4	8	11	0	0	9	2	1	9	12	13	7	2	6	3	3	2	10	13	21	2	12	3	9	7	22	8	22	9	9	12	28	11	16	29	26	25	35	12	25	14	10	8	21	5	9	13	11	5	6	16	32	25	10	6	17	12	
222_A/chicken/Guangdong/ 13	10	11	6	20	6	14	4	8	11	0	0	9	2	1	9	12	13	7	2	6	3	3	2	10	13	21	2	12	3	9	7	22	8	23	9	9	12	28	11	16	30	26	24	35	11	24	15	10	8	20	5	9	13	12	5	6	16	32	24	10	6	17	13	
223_A/chicken/Guangdong/ 15	7	11	5	18	6	15	5	7	13	0	0	9	4	1	9	11	10	5	2	7	3	4	2	12	12	21	3	12	6	10	7	17	11	24	11	12	10	23	11	15	32	29	22	38	7	23	15	9	13	20	5	12	9	12	5	3	19	24	30	11	2	25	7	
224_A/chicken/Guangdong/ 9	4	9	6	24	9	16	4	6	13	0	0	9	3	1	9	10	12	6	3	7	3	4	2	11	14	19	2	15	3	12	4	17	7	27	10	13	11	22	12	16	33	19	21	36	9	31	20	8	11	18	3	7	11	13	6	7	16	20	27	14	4	30	10	
225_A/chicken/Guangdong/ 15	8	8	6	19	6	17	4	4	10	0	0	10	5	1	9	8	11	6	2	9	4	4	3	11	14	19	2	16	2	12	6	19	9	28	7	10	11	20	15	15	34	21	22	37	6	31	15	7	12	20	3	10	11	13	5	7	14	24	29	13	5	25	9	
226_A/chicken/Guangxi/04 11	7	10	4	22	6	15	6	7	13	0	0	8	3	1	9	10	11	8	3	9	5	3	3	11	12	22	5	13	4	8	4	21	10	25	11	12	11	24	9	15	33	23	20	37	6	27	16	7	11	20	5	8	9	12	4	8	16	29	23	11	5	22	15	
227_A/chicken/Guangxi/16 14	9	10	5	19	6	15	5	8	13	0	0	9	1	1	9	10	15	8	2	6	1	2	2	10	10	22	2	13	6	9	7	22	9	25	11	9	13	24	10	17	31	27	25	37	9	24	13	11	10	21	4	6	11	11	4	9	17	31	30	8	3	18	9	
228_A/chicken/Guangxi/S2 10	7	9	5	23	6	16	5	6	11	0	0	9	4	1	9	10	10	7	2	9	5	3	2	9	12	22	7	16	5	9	5	21	8	27	12	12	12	22	9	15	32	23	19	37	8	27	16	8	12	18	4	9	8	14	4	6	18	31	25	11	3	20	13	
229_A/chicken/Guizhou/8. 10	4	9	6	23	7	16	4	7	12	0	0	14	5	1	9	7	9	6	1	11	6	4	3	6	12	18	4	12	5	12	4	18	8	24	9	12	13	25	12	14	31	28	19	38	7	25	19	9	16	16	2	9	8	18	8	7	16	26	21	13	3	22	15	
230_A/chicken/GY/a451/20 15	8	10	4	18	5	15	6	5	13	0	0	12	3	1	9	10	11	7	0	8	4	3	5	12	14	14	4	10	3	17	4	14	14	30	12	15	10	18	11	16	34	22	22	38	4	27	17	10	14	18	4	6	6	13	7	13	17	31	23	7	4	19	12	
231_A/Chicken/Hangzhou/E 17	7	9	5	16	6	16	5	5	14	0	0	13	2	1	9	10	10	6	2	8	4	4	2	11	13	22	5	11	5	9	5	16	11	24	9	13	9	26	11	17	32	26	22	36	7	26	14	9	14	21	4	12	7	11	5	5	18	28	30	11	3	21	8	
232_A/chicken/Hebei/3/20 10	6	7	6	23	5	18	4	7	13	0	0	13	4	1	9	6	8	8	1	12	6	2	3	5	12	17	4	16	6	13	4	18	9	27	10	12	12	22	11	14	34	29	17	34	5	26	20	7	12	21	2	9	10	13	8	6	18	23	25	16	3	25	11	
233_A/chicken/Heilongjia 11	6	9	4	22	6	16	6	5	12	0	0	9	5	1	9	10	10	7	3	9	5	3	3	14	12	22	5	11	5	9	4	22	8	27	11	13	12	22	9	16	34	22	20	35	6	25	18	7	12	18	6	10	9	14	3	5	16	27	24	11	4	24	15	
234_A/chicken/Henan/Q7/2 9	6	7	6	24	5	18	4	6	14	0	0	14	3	1	9	6	8	7	1	12	6	3	3	5	12	18	4	15	6	12	4	19	8	27	10	12	12	22	11	14	32	29	18	36	7	24	20	7	13	22	2	9	9	12	8	6	18	23	26	16	3	25	10	
235_A/chicken/Hsinchu/16 10	8	7	5	23	4	18	5	10	14	0	0	11	1	1	9	8	12	6	2	9	3	4	3	8	14	19	3	12	3	12	5	16	9	24	6	14	12	26	15	14	38	21	24	39	2	29	15	6	11	19	2	10	10	12	6	8	15	27	28	12	6	23	10	
236_A/chicken/Hubei/03.0 10	5	8	6	22	6	17	4	5	14	0	0	14	3	1	9	5	8	8	1	12	6	2	3	6	13	17	3	13	4	13	5	19	6	22	10	11	14	26	11	14	32	26	20	37	6	26	19	8	12	19	2	9	9	14	8	7	19	23	24	13	3	25	12	
237_A/chicken/Hubei/03.0 11	7	9	4	22	6	16	6	5	13	0	0	8	4	1	9	11	11	7	3	9	5	3	2	13	11	22	7	12	4	8	4	24	12	26	13	9	11	23	8	16	33	26	16	37	5	27	17	7	11	20	4	10	9	13	4	6	17	31	23	10	3	19	15	
238_A/chicken/Hubei/2856 11	8	9	5	22	6	16	5	6	11	0	0	10	4	1	9	9	10	7	2	10	5	3	2	9	12	21	6	15	5	10	4	19	10	29	12	13	8	20	9	16	33	25	19	37	7	28	17	6	11	21	5	11	9	11	3	7	20	28	25	10	2	21	13	
239_A/chicken/Hubei/ZYSJ 10	5	8	6	23	6	17	4	6	14	0	1	14	3	0	10	6	8	8	1	12	6	2	3	6	14	17	3	13	4	13	5	19	8	24	10	11	13	25	11	14	31	26	20	38	7	26	19	8	12	21	1	10	10	13	9	6	18	23	24	14	3	25	12	
240_A/chicken/Hubei/ZYSJ 10	5	8	6	23	6	17	4	6	14	0	1	14	3	0	10	6	8	8	1	12	6	2	3	6	14	17	3	13	4	13	5	19	8	24	10	11	13	25	11	14	31	26	20	38	7	26	19	8	12	21	1	10	10	13	9	6	18	23	24	14	3	25	12	
241_A/chicken/Hubei/ZYSJ 10	5	8	6	23	6	17	4	6	14	0	1	14	3	0	10	6	8	8	1	12	6	2	3	6	14	17	3	13	4	13	5	19	8	24	10	11	13	25	11	14	31	26	20	38	7	26	19	8	12	21	1	10	10	13	9	6	18	23	24	14	3	25	12	
242_A/Chicken/Huizhou/16 10	7	9	4	23	7	16	6	4	12	0	0	8	3	1	9	12	10	7	3	7	5	3	3	13	11	21	5	14	6	10	4	20	8	25	10	13	13	24	10	17	32	23	21	36	6	27	15	7	12	19	5	9	9	13	4	8	16	28	19	10	5	22	19	
243_A/chicken/Hunan/02.0 10	7	9	3	23	7	16	7	4	13	0	0	10	2	1	9	12	10	7	3	7	5	3	3	11	12	21	5	14	5	10	4	21	8	26	12	12	13	22	9	16	32	22	21	36	7	28	15	8	10	18	6	9	11	14	2	8	15	30	24	10	5	20	15	
244_A/chicken/Hunan/03.0 13	4	10	5	20	7	15	5	5	14	0	0	13	3	1	9	8	10	5	2	10	5	5	2	8	11	16	4	13	6	14	5	17	10	29	11	13	12	18	11	16	33	27	20	37	4	25	17	10	12	22	3	7	9	12	9	7	16	23	24	12	6	24	14	
245_A/chicken/Hunan/03.0 11	7	9	2	21	7	16	8	2	12	0	0	10	3	1	9	11	10	7	3	7	5	3	3	13	11	21	5	13	5	10	4	20	7	25	12	12	13	22	9	17	32	22	21	35	7	28	15	8	11	18	6	8	10	13	3	8	15	30	21	10	5	20	17	
246_A/chicken/Hunan/3.07 13	4	10	5	20	7	15	5	5	14	0	0	13	3	1	9	8	10	5	2	10	5	5	2	8	11	16	4	13	6	14	5	17	10	29	11	13	12	18	11	16	33	27	20	37	4	25	17	10	12	22	3	7	9	12	9	7	16	23	24	12	6	24	14	
247_A/chicken/Hunan/04.1 10	7	9	4	23	7	16	6	6	12	0	0	9	3	1	9	11	10	7	3	8	5	3	3	12	12	21	5	13	5	10	4	20	7	27	11	13	13	21	10	16	34	22	20	36	6	28	16	8	12	19	7	8	9	13	2	6	15	29	21	11	5	22	17	
248_A/chicken/Hunan/04.1 11	7	9	3	21	6	16	7	4	12	0	0	8	4	1	9	10	10	7	3	9	5	3	2	12	12	22	7	13	4	8	4	25	9	26	13	9	12	22	8	16	33	25	18	36	6	28	15	6	10	20	6	9	10	12	4	6	17	31	22	9	4	19	14	
249_A/chicken/Hunan/04.1 11	7	9	4	22	7	16	6	6	12	0	0	8	3	1	9	9	10	7	3	10	5	3	3	12	12	21	5	13	5	10	4	20	9	28	11	12	11	21	9	16	32	22	20	37	8	28	16	9	12	19	6	8	9	13	3	5	16	29	20	12	4	22	18	
250_A/chicken/Hunan/12.0 11	7	10	4	21	6	15	6	4	12	0	0	9	4	1	9	10	10	7	2	9	5	3	3	12	11	22	7	12	5	8	4	24	9	28	13	9	12	20	8	16	33	23	17	35	7	29	17	7	11	19	5	9	9	13	4	6	17	30	23	10	3	20	14	
251_A/chicken/Hunan/12.0 11	7	9	4	21	6	16	6	5	12	0	0	9	4	1	9	10	10	7	3	9	5	3	2	11	12	22	7	13	4	8	4	24	10	26	13	9	11	22	8	16	34	25	17	35	5	28	16	7	11	18	5	9	9	14	4	6	17	32	22	10	3	18	15	
252_A/chicken/Hunan/12.2 9	3	9	7	24	8	16	3	8	13	0	0	13	4	1	9	7	9	8	1	11	5	2	3	5	13	17	3	14	5	13	5	19	9	25	10	10	12	25	11	15	32	29	20	37	5	23	19	10	13	18	2	9	10	16	8	6	18	25	25	13	2	22	12	
253_A/chicken/Hunan/12.2 14	8	10	6	19	6	15	4	5	14	0	0	12	1	1	9	12	11	6	2	7	3	4	2	11	13	20	4	11	5	11	6	16	10	23	10	14	10	25	12	16	33	24	27	37	7	25	11	9	14	22	5	11	8	11	4	6	17	29	31	9	2	21	7	
254_A/chicken/Hunan/12.2 18	8	10	6	15	6	15	4	5	14	0	0	12	1	1	9	11	11	6	2	7	3	4	2	11	13	19	4	12	5	11	6	17	10	23	10	14	10	25	12	15	33	25	26	37	7	25	12	8	12	22	5	10	10	11	4	7	20	27	28	9	2	22	9	
255_A/chicken/Hunan/12.2 11	7	9	4	21	6	16	6	4	12	0	0	8	4	1	9	9	10	7	3	9	5	3	3	13	12	21	5	13	4	10	4	20	7	26	11	13	12	22	9	16	34	22	20	36	6	28	16	8	12	18	6	7	9	13	3	6	16	29	21	11	4	22	17	
256_A/chicken/Hunan/1793 12	7	9	5	21	6	16	5	6	12	0	0	10	4	1	9	11	10	7	2	9	5	3	2	9	12	21	7	14	5	11	4	18	11	29	8	14	8	20	13	15	33	23	18	36	9	28	17	7	11	21	5	10	9	11	3	6	19	29	25	11	2	21	13	
257_A/chicken/Hunan/3157 11	7	9	5	22	6	16	5	6	12	0	0	9	4	1	9	10	10	7	2	8	6	3	2	11	11	21	7	15	5	10	4	19	11	28	10	13	8	20	12	15	32	23	19	38	8	29	16	7	11	22	5	9	9	10	4	8	19	29	25	10	2	20	13	
258_A/chicken/Hunan/HN40 11	7	9	4	22	6	16	6	5	12	0	0	8	4	1	9	10	10	6	3	9	5	4	3	13	11	22	6	13	6	8	4	20	8	27	11	13	12	22	9	16	33	21	20	37	7	29	16	7	12	19	5	9	9	13	5	6	16	29	19	11	4	22	18	
259_A/chicken/Hunan/HN58 11	6	9	4	22	7	16	6	5	12	0	0	8	4	1	9	10	10	6	3	9	5	4	3	13	11	22	4	13	6	9	4	20	8	26	11	13	12	23	9	16	34	21	20	37	6	29	17	8	12	19	6	8	9	13	3	6	16	29	20	11	4	22	18	
260_A/chicken/Hunan/HN75 11	8	8	4	22	6	17	6	6	11	0	0	8	4	1	9	11	10	7	3	8	5	3	3	12	11	22	5	13	6	9	4	21	8	27	11	12	13	22	9	16	34	23	20	37	5	27	16	8	12	19	6	9	10	13	3	4	15	30	23	12	4	21	15	
261_A/chicken/Hunan/HN15 11	7	8	4	22	6	17	6	5	12	0	0	8	4	1	9	10	10	6	3	9	5	4	3	13	11	22	5	13	6	9	4	20	8	27	11	13	13	22	9	16	33	22	20	37	6	28	16	8	12	19	6	8	9	13	3	6	16	29	20	11	4	22	18	
262_A/chicken/Hunan/HN24 11	8	9	4	22	7	16	6	6	11	0	0	8	3	1	9	11	9	7	3	8	6	3	2	12	12	21	6	13	5	10	4	20	8	28	11	13	13	21	9	16	33	22	20	36	6	28	16	7	11	19	5	9	10	14	4	5	16	27	20	13	4	23	18	
263_A/chicken/Hunan/HN24 11	8	9	4	22	7	16	6	6	11	0	0	8	3	1	9	11	9	7	3	8	6	3	2	12	12	20	6	13	5	11	4	20	8	28	11	13	13	21	9	16	33	22	20	36	6	28	16	7	11	19	5	9	10	14	4	5	16	27	20	13	4	23	18	
264_A/chicken/Hunan/HN24 11	8	9	4	22	7	16	6	6	11	0	0	8	3	1	9	11	9	7	3	8	6	3	2	12	12	20	6	13	5	11	4	20	8	28	11	13	13	21	9	16	33	22	20	36	6	28	16	7	11	19	5	9	10	14	4	5	16	27	20	13	4	23	18	
265_A/chicken/Hunan/HN24 11	8	9	4	22	7	16	6	5	11	0	0	8	3	1	9	11	9	7	3	8	6	3	2	12	12	20	6	13	5	11	4	20	8	28	11	13	13	21	9	16	33	22	20	36	6	28	16	7	11	19	5	9	10	14	4	6	16	27	20	13	4	23	18	
266_A/chicken/Hunan/HN24 11	8	9	4	22	7	16	6	6	11	0	0	8	3	1	9	11	9	7	3	8	6	3	2	12	12	20	6	13	5	11	4	20	8	28	11	13	13	21	9	16	33	22	20	36	6	28	16	7	11	19	5	9	10	14	4	5	16	27	20	13	4	23	18	
267_A/chicken/Hunan/HN25 11	8	9	4	22	7	16	6	6	11	0	0	8	3	1	9	11	9	7	3	8	6	3	2	12	12	20	6	13	5	11	4	20	8	28	11	13	13	21	9	16	33	22	20	36	6	28	16	7	11	19	5	9	10	14	4	5	16	27	20	13	4	23	18	
268_A/chicken/Hunan/HN25 11	8	9	4	22	7	16	6	6	11	0	0	8	3	1	9	11	9	7	3	8	6	3	2	12	12	20	6	13	5	11	4	20	8	28	11	13	13	21	9	16	33	22	20	36	6	28	16	7	11	19	5	9	10	14	4	5	16	27	20	13	4	23	18	
269_A/chicken/Hunan/HN25 11	8	9	4	22	7	16	6	6	11	0	0	8	3	1	9	11	9	7	3	8	6	3	2	12	12	20	6	13	5	11	4	20	8	28	11	13	13	21	9	16	33	22	20	36	6	28	16	7	11	19	5	9	10	14	4	5	16	27	20	13	4	23	18	
270_A/chicken/Hunan/HN25 11	8	9	4	22	7	16	6	5	12	0	0	8	3	1	9	11	9	7	3	8	6	3	2	12	12	20	6	13	5	11	4	20	8	28	11	13	13	21	9	16	33	22	20	36	6	28	16	7	11	19	5	9	10	14	4	5	16	27	20	13	4	23	18	
271_A/chicken/Hunan/HN25 11	8	9	4	22	7	16	6	6	11	0	0	8	3	1	9	11	9	7	3	8	6	3	2	12	12	20	6	13	5	11	4	20	8	28	11	13	13	21	9	16	33	22	20	36	6	28	16	7	11	19	5	9	10	14	4	5	16	27	20	13	4	23	18	
272_A/chicken/Hunan/HN26 12	8	8	4	21	7	17	6	6	11	0	0	8	3	1	9	10	9	6	3	10	6	4	3	12	12	20	5	13	5	11	4	19	8	27	10	13	12	22	10	16	34	23	20	37	6	27	16	8	13	20	5	8	8	13	3	5	16	32	22	12	4	19	16	
273_A/chicken/Hunan/HN26 12	8	8	4	21	7	17	6	6	11	0	0	8	3	1	9	10	9	6	3	10	6	4	3	12	12	20	5	13	5	11	4	19	8	27	10	13	12	22	10	16	34	23	20	37	6	27	16	8	13	20	5	8	8	13	3	5	16	32	22	12	4	19	16	
274_A/chicken/Hunan/HN26 12	8	8	4	21	7	17	6	6	11	0	0	8	3	1	9	10	9	6	3	10	6	4	3	12	12	20	5	13	5	11	4	19	8	27	10	13	12	22	10	16	34	23	20	37	6	27	16	8	13	20	5	8	8	13	3	5	16	32	22	12	4	19	16	
275_A/chicken/Hunan/HN26 12	8	8	4	21	7	17	6	6	11	0	0	8	3	1	9	10	9	6	3	10	6	4	3	12	12	20	5	13	5	11	4	19	8	27	10	13	12	22	10	16	34	23	20	37	6	27	16	8	13	20	5	8	8	13	3	5	16	32	22	12	4	19	16	
276_A/chicken/Hunan/HN30 10	7	9	4	23	7	16	6	6	12	0	0	8	3	1	9	12	10	7	3	7	5	3	3	12	11	21	5	13	6	10	4	20	8	25	12	12	12	23	9	17	35	24	21	36	5	26	15	8	12	19	6	9	9	13	3	7	15	29	21	11	5	21	17	
277_A/chicken/Hunan/HN30 10	7	9	4	23	7	16	6	6	12	0	0	8	3	1	9	12	10	7	3	7	5	3	3	12	11	21	5	13	6	10	4	20	8	25	12	12	12	23	9	17	35	24	21	36	5	26	15	8	12	19	6	9	9	13	3	7	15	29	21	11	5	21	17	
278_A/chicken/Hunan/HN30 10	7	9	4	23	7	16	6	6	12	0	0	8	3	1	9	12	10	7	3	7	5	3	3	12	11	21	5	13	6	10	4	20	8	25	12	12	12	23	9	17	35	24	21	36	5	26	15	8	12	19	6	9	9	13	3	7	15	29	21	11	5	21	17	
279_A/chicken/Hunan/HN30 10	7	9	4	23	7	16	6	6	12	0	0	8	3	1	9	12	10	7	3	7	5	3	3	12	11	21	5	13	6	10	4	20	8	25	12	12	12	23	9	17	35	24	21	36	5	26	15	8	12	19	6	9	9	13	3	7	15	29	21	11	5	21	17	
280_A/chicken/Hunan/HN30 10	7	9	4	23	7	16	6	6	12	0	0	8	3	1	9	12	10	7	3	7	5	3	3	12	11	21	5	13	6	10	4	20	8	25	12	12	12	23	9	17	35	24	21	36	5	26	15	8	12	19	6	9	9	13	3	7	15	29	21	11	5	21	17	
281_A/chicken/Hunan/HN30 10	7	9	4	23	7	16	6	5	12	0	0	8	3	1	9	12	10	7	3	7	5	3	3	13	11	21	5	13	6	10	4	20	8	25	12	12	12	23	9	17	35	24	21	36	5	26	15	8	12	19	6	9	9	13	3	7	15	29	21	11	5	21	17	
282_A/chicken/Hunan/HN30 10	7	9	4	23	7	16	6	6	12	0	0	8	3	1	9	11	10	7	3	8	5	3	3	12	12	22	5	13	5	9	4	20	8	27	11	13	12	22	9	16	34	22	20	37	6	28	16	8	12	19	6	8	9	13	3	6	16	29	20	11	4	22	18	
283_A/chicken/Hunan/HN30 10	7	9	4	23	7	16	6	6	12	0	0	8	3	1	9	12	10	7	3	7	5	3	3	12	12	21	5	13	5	10	4	20	8	25	12	12	12	23	9	17	35	23	21	36	5	27	15	8	12	19	6	9	9	13	3	7	15	29	20	11	5	21	18	
284_A/chicken/Hunan/S100 13	9	8	5	20	5	17	5	7	9	0	0	8	5	1	9	13	9	7	2	8	6	3	2	11	12	22	7	12	5	9	5	21	8	25	9	11	12	24	12	14	33	27	19	37	7	20	19	11	12	21	6	8	9	12	2	10	18	31	21	7	2	19	17	
285_A/chicken/Jiangsu/03 12	8	8	5	21	7	17	5	7	13	0	0	12	1	1	9	9	7	6	2	8	5	4	3	12	16	23	1	10	4	8	6	18	12	22	8	12	10	26	14	16	31	24	20	35	7	27	19	9	10	24	4	8	11	8	5	6	17	25	24	14	4	24	14	
286_A/chicken/Jiangsu/92 11	8	9	5	22	6	16	5	7	11	0	0	6	3	1	9	11	9	6	2	8	5	4	2	11	13	21	7	17	5	9	4	21	10	28	13	11	12	20	9	14	29	25	20	38	9	24	17	8	10	19	6	9	11	13	2	7	18	32	24	11	2	19	14	
287_A/chicken/Jiangsu/10 10	6	8	5	23	6	17	5	5	15	0	0	17	2	1	9	8	8	8	0	11	7	3	3	8	10	18	3	10	7	12	5	20	8	23	10	10	11	26	11	13	34	28	18	36	5	26	19	8	13	20	2	10	9	14	8	8	18	25	23	14	2	23	13	
288_A/chicken/Jiangsu/24 11	8	9	5	22	7	16	5	7	9	0	0	9	4	1	9	13	8	7	2	7	5	4	2	10	14	20	7	14	5	10	4	21	8	27	13	11	12	21	9	15	33	24	21	36	7	24	17	8	10	19	6	9	11	13	2	6	18	31	23	12	2	20	15	
289_A/chicken/Jiangsu/k0 11	6	8	5	22	7	17	5	8	11	0	0	13	5	1	9	6	9	7	2	11	6	3	2	9	12	20	3	11	5	11	6	19	8	25	9	12	13	24	12	15	31	27	22	37	8	25	15	7	12	19	2	10	10	14	8	8	15	26	25	11	4	22	12	
290_A/chicken/Jiangsu/SE 10	8	9	5	23	8	16	5	7	10	0	0	9	3	1	9	13	8	7	2	7	5	4	2	10	13	19	7	14	5	11	4	21	7	26	14	12	13	21	8	15	30	26	20	34	8	24	17	9	11	19	5	8	10	14	2	8	18	29	25	12	3	21	14	
291_A/chicken/Jiangsu/WX 11	7	9	4	22	5	15	6	5	13	0	0	8	4	1	9	10	10	8	3	9	6	3	3	13	11	23	5	12	5	8	4	21	8	26	11	12	12	23	9	16	34	23	20	39	5	28	16	8	13	18	5	9	10	14	3	5	14	30	22	11	4	20	17	
292_A/chicken/Jiangsu/WX 11	7	9	4	22	5	15	6	5	13	0	0	8	4	1	9	10	10	8	3	9	6	3	3	13	11	22	7	12	5	8	4	22	7	26	11	12	13	23	9	17	34	23	19	38	5	28	16	7	13	18	5	9	10	14	3	5	14	30	23	11	4	20	16	
293_A/chicken/Jiangsu/XZ 10	5	7	6	23	5	18	4	7	15	0	0	13	3	1	9	6	9	7	1	12	5	3	3	7	12	18	4	13	6	12	4	19	8	28	10	12	11	21	11	14	33	29	18	36	6	24	20	7	13	21	3	8	10	12	8	5	19	24	25	17	3	24	11	
294_A/chicken/Jiangsu/YB 12	8	7	5	21	7	18	5	7	12	0	0	13	2	1	9	9	7	6	2	8	5	4	3	12	15	22	1	9	5	9	6	18	11	23	9	12	11	25	13	15	30	25	20	36	8	26	19	9	10	22	4	8	11	10	5	6	17	25	24	14	4	24	14	
295_A/chicken/Jiangxi/01 10	5	8	6	22	6	17	4	5	14	0	0	15	3	1	9	5	8	8	1	12	6	2	3	5	13	17	3	14	4	13	5	19	6	23	10	11	14	25	11	14	32	26	20	36	6	26	19	8	12	18	2	9	10	15	8	5	18	23	24	15	3	25	12	
296_A/chicken/Jiangxi/02 11	7	11	4	21	6	14	6	5	12	0	0	7	4	1	9	9	9	7	3	9	6	3	3	14	12	23	5	12	4	8	4	21	8	29	11	12	11	19	9	18	33	22	21	36	6	27	16	8	12	18	6	7	9	13	2	5	16	30	23	11	4	21	16	
297_A/chicken/Jiangxi/02 10	5	8	6	22	6	17	4	5	14	0	0	14	3	1	9	5	8	8	1	12	6	2	3	5	13	17	3	14	4	13	5	19	6	23	10	11	14	25	11	14	32	26	20	38	5	26	19	8	12	19	2	9	10	14	8	6	18	24	24	14	3	24	12	
298_A/chicken/Jiangxi/04 10	5	8	6	23	6	17	4	6	14	0	0	14	3	1	9	6	8	8	1	12	6	2	3	6	13	17	3	13	5	13	5	19	7	24	10	11	14	25	11	14	32	26	20	38	6	26	19	8	12	20	2	10	9	14	8	6	19	23	24	14	3	25	12	
299_A/chicken/Jiangxi/04 10	5	8	6	23	6	17	4	6	14	0	0	14	3	1	9	6	8	8	1	12	6	2	3	6	13	17	3	13	5	13	5	19	7	24	10	11	14	25	11	14	32	26	20	38	6	26	19	8	12	20	2	10	9	14	8	6	19	23	24	14	3	25	12	
300_A/chicken/Jiangxi/04 10	5	8	6	23	6	17	4	6	14	0	0	14	3	1	9	6	8	8	2	12	6	2	2	6	13	17	3	13	5	13	5	19	7	24	10	11	14	25	11	14	32	26	20	38	6	26	19	8	12	20	2	10	9	14	8	6	19	23	24	14	3	25	12	
301_A/chicken/Jiangxi/04 10	5	8	6	23	6	17	4	6	14	0	0	14	3	1	9	6	8	8	1	12	6	2	3	6	13	17	3	13	5	13	5	19	7	24	10	11	14	25	11	14	32	26	20	38	6	26	19	8	12	20	2	10	9	14	8	7	19	24	24	13	3	24	12	
302_A/chicken/Jiangxi/04 11	7	9	4	22	6	16	6	4	12	0	0	8	4	1	9	12	10	7	3	9	5	3	2	13	12	22	7	13	5	8	4	23	10	27	13	9	12	22	8	15	33	24	19	37	6	28	15	7	11	19	4	10	9	13	5	7	17	29	23	10	3	22	14	
303_A/chicken/Jiangxi/04 9	4	8	6	23	7	17	4	6	13	0	0	14	5	1	9	5	9	7	1	12	5	3	3	6	13	18	3	12	4	11	5	20	7	25	10	11	14	22	12	14	32	29	20	37	4	25	19	8	12	17	3	8	10	16	8	7	18	26	24	13	3	21	11	
304_A/chicken/Jiangxi/04 10	5	8	6	23	6	17	4	6	14	0	0	14	3	1	9	6	8	8	1	12	6	2	3	6	13	17	3	13	5	13	5	19	7	24	10	11	14	25	11	14	32	26	20	38	6	26	19	8	12	20	2	10	9	14	8	6	19	23	24	14	3	25	12	
305_A/chicken/Jiangxi/04 10	5	8	6	23	6	17	4	6	14	0	0	14	3	1	9	6	8	7	1	12	6	3	3	6	13	17	3	13	5	13	5	19	7	24	10	11	14	25	11	14	32	26	20	38	6	26	19	8	12	20	2	10	9	14	8	6	19	23	24	14	3	25	12	
306_A/chicken/Jiangxi/04 10	5	8	6	23	6	17	4	6	14	0	0	14	3	1	9	6	8	8	1	12	6	2	3	6	13	17	3	13	5	13	5	19	7	24	10	11	14	25	11	14	32	26	20	38	6	26	19	8	12	20	2	10	9	14	8	6	19	24	24	14	3	24	12	
307_A/chicken/Jiangxi/04 10	5	8	6	23	6	17	4	6	14	0	0	14	3	1	9	6	8	7	1	12	6	3	3	6	13	17	3	13	5	13	5	19	7	24	10	11	14	25	11	14	32	26	20	37	6	26	19	8	12	20	2	10	9	14	8	6	19	23	24	15	3	25	12	
308_A/chicken/Jiangxi/04 10	5	8	6	23	6	17	4	6	14	0	0	14	3	1	9	6	8	7	1	12	6	3	3	6	13	16	3	13	5	14	5	19	7	24	10	11	14	25	11	14	32	26	20	37	6	26	19	8	12	20	2	10	9	14	8	6	19	23	24	15	3	25	12	
309_A/chicken/Jiangxi/04 10	5	8	6	23	6	17	4	6	14	0	0	14	3	1	9	6	8	8	1	12	6	2	3	6	13	17	3	13	5	13	5	19	7	24	10	11	14	25	11	14	31	26	20	38	6	26	19	8	12	20	2	10	9	14	8	6	20	23	24	14	3	25	12	
310_A/chicken/Jiangxi/04 10	5	8	6	22	6	17	4	5	14	0	0	14	3	1	9	5	8	8	1	12	6	2	3	5	13	17	3	14	4	13	5	19	6	23	10	11	14	25	11	14	32	26	19	37	6	26	20	9	12	18	2	8	10	15	8	5	18	23	24	15	3	25	12	
311_A/chicken/Jiangxi/05 9	5	8	6	24	6	17	4	6	14	0	0	14	3	1	9	6	8	8	1	12	6	2	3	6	13	17	3	13	5	13	5	19	7	25	10	11	14	24	11	14	32	26	20	38	6	26	19	8	12	20	2	10	9	14	8	6	19	23	24	14	3	25	12	
312_A/chicken/Jiangxi/10 10	4	8	6	23	7	17	4	7	14	0	0	14	3	1	9	7	9	7	1	11	6	3	3	5	12	18	3	13	5	12	6	17	6	29	9	12	14	22	12	14	33	23	19	38	6	28	18	10	13	20	2	9	10	14	8	9	17	24	23	10	4	24	13	
313_A/chicken/Jiangxi/12 10	5	8	6	23	6	17	4	6	14	0	0	14	3	1	9	6	8	8	1	12	6	2	3	5	13	17	3	14	5	13	5	19	7	24	10	11	14	25	11	14	32	26	20	38	6	26	19	8	12	19	2	10	10	15	8	5	18	23	24	15	3	25	12	
314_A/chicken/Jiangxi/12 10	5	8	6	23	6	17	4	6	14	0	0	14	3	1	9	6	8	8	1	12	6	2	3	5	13	17	3	14	5	13	5	19	7	24	10	11	15	24	11	14	32	27	20	38	6	26	18	9	12	19	2	9	10	16	7	5	18	23	24	15	3	25	12	
315_A/chicken/Jiangxi/12 10	5	9	6	23	6	16	4	6	14	0	0	14	3	1	9	6	8	8	1	12	6	2	3	5	13	17	3	14	5	13	5	19	7	24	10	11	14	25	11	14	32	26	20	38	6	26	19	8	12	19	2	10	10	15	8	5	18	23	24	15	3	25	12	
316_A/chicken/Jiangxi/12 10	5	8	6	23	6	17	4	6	14	0	0	14	3	1	9	6	8	8	1	12	6	2	3	5	13	18	4	14	5	12	4	18	7	24	9	11	14	25	12	14	33	27	20	38	6	27	18	10	12	19	2	9	10	15	8	5	17	23	23	15	3	24	13	
317_A/chicken/Jiangxi/12 10	5	8	6	23	6	17	4	6	14	0	0	14	3	1	9	6	8	8	1	12	6	2	3	5	13	17	3	14	5	13	5	19	7	24	10	11	15	24	11	14	32	27	20	38	6	26	18	9	12	19	2	9	10	15	8	5	18	23	24	15	3	25	12	
318_A/chicken/Jiangxi/25 13	6	11	4	20	8	14	6	10	12	0	0	5	2	1	9	9	11	3	4	8	3	7	1	7	15	23	6	19	3	8	4	19	8	26	10	13	13	23	11	15	33	26	20	37	6	25	15	9	13	18	3	6	7	13	4	7	18	27	27	13	4	25	12	
319_A/Chicken/Jiangxi/45 10	5	8	6	23	6	17	4	6	14	0	1	14	3	0	10	6	8	8	1	12	6	2	3	6	14	17	3	13	4	13	5	19	9	25	10	11	13	24	11	14	30	26	20	38	7	27	19	8	12	21	1	10	9	13	10	6	19	23	24	14	3	24	11	
320_A/chicken/Jiangxi/S4 13	7	7	5	20	7	18	5	6	12	0	0	9	3	1	9	10	10	8	2	8	3	2	3	6	16	23	2	18	3	8	6	16	9	23	8	13	12	24	14	18	35	25	21	37	3	27	16	5	10	22	3	12	11	13	5	4	17	25	30	15	4	23	8	
321_A/chicken/Jilin/04.1 11	6	9	4	21	6	16	6	4	12	0	0	7	5	1	9	9	10	8	3	9	5	2	3	14	12	22	5	13	4	9	4	20	7	26	11	13	12	22	9	18	34	22	19	34	6	28	17	7	12	17	6	8	9	14	4	7	16	29	21	10	4	22	16	
322_A/chicken/Jilin/04.1 10	8	9	5	23	7	16	5	7	9	0	0	8	4	1	9	13	8	7	2	7	5	4	2	10	14	20	7	15	5	10	4	21	8	27	14	11	12	21	8	15	33	25	20	36	7	24	17	8	10	19	6	9	11	13	2	6	18	33	24	12	2	18	14	
323_A/chicken/Jilin/04.1 10	8	9	5	23	7	16	5	7	9	0	1	8	4	0	10	13	8	7	2	7	5	4	2	10	14	20	7	15	5	10	4	21	8	27	14	11	12	21	8	15	33	24	20	36	7	24	17	8	10	19	6	9	11	13	2	6	18	33	24	12	2	19	14	
324_A/chicken/Jilin/04.1 10	8	9	5	23	7	16	5	7	9	0	0	8	4	1	9	13	8	7	2	7	5	4	2	10	14	20	7	15	5	10	4	21	8	27	14	11	12	21	8	15	33	25	20	36	7	24	17	8	10	19	6	9	11	13	2	6	18	33	24	12	2	18	14	
325_A/chicken/Jilin/04.1 10	8	9	5	23	7	16	5	7	9	0	0	8	4	1	9	13	8	7	2	7	5	4	2	10	14	20	7	15	5	10	4	21	8	27	14	11	12	21	8	15	33	25	20	36	7	24	17	8	10	19	6	9	11	13	2	6	18	33	24	12	2	18	14	
326_A/chicken/Jilin/04.2 10	8	9	5	23	7	16	5	7	9	0	0	8	4	1	9	13	7	7	2	7	6	4	2	10	14	20	7	15	5	10	4	22	8	27	14	10	12	21	8	15	33	26	20	36	7	23	17	8	10	19	6	9	11	13	2	6	18	33	23	12	2	18	15	
327_A/chicken/Jilin/S125 10	8	9	4	23	7	16	6	8	11	0	0	7	3	1	9	12	8	7	2	7	5	4	2	11	14	19	7	14	4	11	4	20	9	24	14	12	12	23	8	15	30	25	20	35	9	24	17	8	10	20	6	9	10	13	3	8	19	30	23	12	2	21	14	
328_A/chicken/Jilin/S127 10	8	9	4	23	7	16	6	8	11	0	0	7	3	1	9	12	8	7	2	7	5	4	2	11	14	19	7	14	4	11	4	20	9	24	14	12	12	23	8	15	30	25	20	35	9	24	17	8	10	20	6	9	10	13	3	8	19	30	23	12	2	21	14	
329_A/chicken/Kaohsiung/ 16	8	6	5	17	5	19	5	6	13	0	0	15	3	1	9	9	8	5	2	9	5	4	4	10	14	22	3	9	5	9	4	18	9	26	9	13	12	24	12	15	33	22	20	37	6	29	19	8	13	21	2	9	7	10	6	6	17	27	28	12	5	23	10	
330_A/chicken/Kaohsiung/ 16	8	6	5	17	5	19	5	7	13	0	0	14	3	1	9	9	8	5	2	9	5	5	3	9	14	22	3	10	5	9	4	18	10	26	9	13	11	24	12	15	33	23	20	37	6	28	19	8	13	21	3	9	7	10	5	6	16	27	28	12	6	23	10	
331_A/chicken/Kaohsiung/ 16	8	6	5	17	5	19	5	6	13	0	0	14	3	1	9	9	8	5	2	9	5	5	3	10	14	22	3	10	5	9	4	18	9	26	9	13	12	24	12	15	33	22	20	37	6	29	19	8	13	21	3	9	7	10	5	6	17	27	28	12	5	23	10	
332_A/chicken/Kaohsiung/ 16	8	6	5	17	5	19	5	6	13	0	0	15	3	1	9	9	8	5	2	9	5	4	4	10	14	22	3	9	5	9	4	18	9	26	9	13	12	24	12	15	33	22	20	37	6	29	19	8	13	21	2	9	7	10	6	6	17	27	28	12	5	23	10	
333_A/chicken/Kaohsiung/ 15	8	6	5	18	5	19	5	6	13	0	0	15	3	1	9	9	8	5	2	9	5	5	3	10	14	23	2	9	5	8	5	18	9	26	9	13	13	23	12	15	32	23	21	37	6	29	18	8	13	21	2	9	7	10	6	6	17	27	27	12	5	23	11	
334_A/chicken/Kaohsiung/ 17	8	5	5	16	5	20	5	7	13	0	0	13	3	1	9	9	8	5	2	9	5	5	3	10	14	23	3	10	5	8	4	18	8	27	8	13	11	24	13	15	33	21	20	37	6	30	19	8	13	20	3	9	8	11	5	6	17	28	28	12	5	22	10	
335_A/chicken/Kaohsiung/ 17	8	5	5	16	5	20	5	6	13	0	0	14	3	1	9	9	8	5	2	10	5	5	3	9	15	22	3	10	4	9	4	17	10	26	10	13	12	23	12	15	32	22	20	37	7	29	19	7	13	21	3	10	7	10	5	6	17	27	26	12	5	23	12	
336_A/chicken/Kaohsiung/ 10	9	7	5	23	4	18	5	10	15	0	0	11	0	1	9	9	12	6	2	9	3	4	3	7	14	18	3	12	3	13	5	17	10	24	7	14	10	25	15	13	38	20	25	39	2	29	14	7	11	20	2	9	10	12	6	6	15	28	28	14	6	22	10	
337_A/chicken/Kaohsiung/ 10	9	7	5	23	4	18	5	10	15	0	0	11	0	1	9	9	12	6	2	9	3	4	3	7	14	19	3	12	3	12	5	17	10	22	8	14	10	27	14	15	36	22	23	39	2	28	16	7	11	21	1	9	10	12	6	6	15	27	28	14	6	22	10	
338_A/chicken/Kaohsiung/ 13	10	12	5	20	5	13	5	6	11	0	0	9	4	1	9	11	9	7	1	10	3	3	3	11	12	20	5	11	8	11	3	15	9	27	7	10	9	20	16	20	37	23	21	36	4	29	17	9	12	16	3	11	9	17	3	3	18	28	33	14	3	21	7	
339_A/chicken/Kaohsiung/ 13	10	12	5	20	5	13	5	6	11	0	0	9	4	1	9	11	8	7	1	10	4	3	3	11	12	20	5	11	8	11	3	15	9	27	7	10	9	20	16	20	37	23	21	36	4	29	17	9	12	16	3	11	9	17	3	3	18	28	33	14	3	21	7	
340_A/chicken/Liaoning/S 12	8	10	7	21	5	15	3	6	11	0	0	12	4	1	9	9	10	7	2	11	4	3	2	12	11	22	6	10	6	9	5	19	9	29	11	12	12	19	11	15	32	26	18	38	8	25	18	6	10	21	3	12	12	10	5	6	17	26	24	11	2	24	14	
341_A/chicken/Liaoning/S 10	8	9	4	23	7	16	6	8	9	0	0	8	4	1	9	12	8	6	4	7	5	5	1	11	14	19	7	13	5	11	3	20	9	24	14	12	12	22	8	16	30	26	21	35	9	23	18	8	10	20	5	9	11	13	2	7	18	30	23	12	2	21	15	
342_A/chicken/Miaoli/150 13	5	12	5	20	9	13	5	7	12	0	1	12	4	0	9	9	12	6	4	8	4	4	0	8	11	21	2	13	4	11	7	18	9	25	9	12	13	24	11	17	36	24	24	36	3	28	13	8	11	19	6	10	9	12	4	8	18	28	24	11	3	23	12	
343_A/chicken/Nantou/161 16	8	6	5	17	5	19	5	6	13	0	0	15	3	1	9	9	8	5	2	8	5	5	3	11	14	22	2	9	5	9	5	19	9	26	9	12	13	23	12	15	32	22	20	36	6	31	18	8	13	21	2	8	7	10	6	7	17	27	28	13	5	23	10	
344_A/chicken/New_Taipei 17	8	6	5	16	5	19	5	6	13	0	0	14	3	1	9	9	8	5	2	9	5	5	3	10	15	22	3	10	4	9	4	19	9	26	9	13	12	24	12	14	33	22	20	37	6	29	19	6	13	21	3	11	7	10	5	6	17	26	28	12	5	23	11	
345_A/chicken/New_Taipei 17	8	6	5	16	5	19	5	6	13	0	0	14	3	1	9	9	8	5	2	9	5	5	3	10	15	22	3	10	4	9	4	19	9	26	9	13	12	24	12	14	33	22	20	37	6	29	19	7	13	21	3	10	7	10	5	6	17	27	27	12	5	23	11	
346_A/chicken/New_Taipei 10	9	7	5	23	4	18	5	10	15	0	0	11	0	1	9	10	12	6	2	9	3	4	3	7	14	18	3	11	3	13	5	16	11	23	7	14	10	26	15	13	38	21	24	39	2	29	15	7	11	20	2	9	10	12	6	6	15	27	28	14	6	22	10	
347_A/chicken/New_Taipei 16	8	6	5	17	5	19	6	5	13	0	0	15	3	1	9	9	8	5	2	8	6	5	3	11	13	22	3	10	5	9	5	18	9	26	9	13	12	24	12	15	34	23	20	37	5	28	18	8	13	21	1	9	7	10	6	7	17	27	27	11	5	23	11	
348_A/chicken/New_Taipei 16	8	6	5	17	5	19	6	6	13	0	0	13	3	1	9	9	8	5	2	8	6	5	3	11	13	23	3	11	5	8	5	18	9	25	10	14	12	24	12	15	34	24	21	37	5	27	17	7	14	22	1	9	7	9	6	7	17	27	27	11	4	23	11	
349_A/chicken/New_Taipei 16	8	6	5	17	5	19	6	6	13	0	0	13	3	1	9	9	8	5	2	8	6	5	3	11	13	23	3	11	5	8	5	18	9	26	9	14	12	23	12	15	34	23	21	37	5	28	17	7	14	22	1	9	7	10	6	7	17	27	27	11	4	23	11	
350_A/chicken/New_Taipei 16	8	6	5	16	5	19	6	6	13	0	0	13	3	1	9	9	8	5	2	8	6	5	3	11	13	23	3	11	5	8	5	18	9	24	11	15	12	24	12	15	34	24	21	37	5	27	17	7	14	22	1	9	7	9	6	7	17	27	27	11	4	23	11	
351_A/chicken/New_Taipei 10	9	7	5	23	4	18	5	9	15	0	0	12	0	1	9	9	12	6	2	9	3	4	3	7	14	18	3	12	3	13	5	16	11	22	8	15	10	26	14	15	36	20	22	39	2	30	17	7	11	20	2	9	10	12	6	6	14	27	28	14	7	22	10	
352_A/chicken/Ningxia/2/ 11	8	10	7	22	5	15	3	8	11	0	0	10	4	1	9	9	10	7	2	11	4	3	2	12	11	21	6	10	6	10	5	20	9	29	11	11	12	19	10	15	32	26	18	38	8	25	18	6	10	22	3	12	12	10	5	6	17	27	25	11	2	23	13	
353_A/chicken/Ningxia/22 11	8	10	7	22	5	15	3	8	11	0	0	10	4	1	9	9	10	7	2	11	4	3	2	12	11	21	6	10	6	10	5	20	9	29	11	11	12	19	10	15	32	26	18	38	8	25	18	6	10	22	3	12	12	10	5	6	17	26	26	11	2	23	13	
354_A/chicken/PH/A2821/2 17	7	10	7	16	5	14	3	9	16	0	0	9	2	1	9	9	11	6	2	9	5	6	2	13	12	19	4	9	3	11	4	17	11	26	11	12	9	23	10	17	33	19	22	36	7	30	19	13	14	23	4	7	7	9	3	8	16	34	23	8	5	17	15	
355_A/chicken/Pingtung/1 10	8	6	5	23	7	19	5	10	13	0	0	9	1	1	9	9	12	6	2	9	3	4	3	7	14	20	4	13	3	11	5	17	10	23	7	13	10	26	15	15	38	22	23	39	2	28	15	6	11	18	2	10	10	13	6	5	16	28	28	14	5	22	10	
356_A/chicken/Pingtung/1 10	8	6	5	23	7	19	5	10	14	0	0	9	1	1	9	9	12	6	2	9	3	4	3	7	14	19	4	13	3	12	5	17	10	23	8	12	10	26	15	17	39	22	23	36	1	27	16	9	10	19	2	10	9	12	5	5	16	28	27	14	5	22	11	
357_A/chicken/Pingtung/1 10	9	8	5	23	4	17	5	9	15	0	0	12	0	1	9	9	12	6	2	9	3	4	3	7	14	18	3	12	3	13	5	17	10	24	7	14	10	25	15	14	36	23	24	38	3	27	16	7	11	22	2	9	10	11	6	6	15	26	28	15	6	21	10	
358_A/chicken/Pingtung/1 10	10	7	5	23	3	18	5	9	14	0	0	12	1	1	9	9	12	6	2	9	3	4	3	7	14	18	3	12	3	13	5	16	11	22	8	15	10	26	14	14	37	20	22	39	2	31	17	7	10	20	2	9	11	12	6	6	14	27	29	14	7	21	9	
359_A/chicken/PT/a158/20 15	8	11	5	18	5	14	5	5	13	0	0	12	3	1	9	10	11	7	0	9	4	3	5	11	14	15	4	9	3	16	4	15	15	29	12	14	10	19	11	16	34	21	19	39	3	28	20	10	14	18	4	6	6	13	7	14	17	32	24	6	4	18	11	
360_A/chicken/Qingdao/1/ 9	5	7	6	24	5	18	4	7	15	0	0	13	3	1	9	6	9	7	1	12	5	3	3	5	12	18	4	15	6	12	4	19	8	28	10	12	12	22	10	14	33	29	18	36	6	24	20	7	13	21	3	8	9	12	8	5	19	24	26	17	3	24	10	
361_A/chicken/SC/a688/20 13	6	8	5	20	7	17	5	5	13	0	0	13	3	1	9	9	10	8	2	9	4	2	4	11	13	16	4	9	5	16	3	15	14	29	10	14	10	18	13	16	34	21	16	38	4	28	22	10	13	23	4	5	7	9	6	13	16	29	25	8	5	21	12	
362_A/chicken/Shaanxi/SD 15	6	10	5	18	6	15	5	5	15	0	0	11	2	1	9	12	11	6	2	7	3	4	2	12	13	21	5	11	5	10	5	18	10	24	11	13	9	24	11	17	35	25	24	36	7	26	12	7	13	19	5	12	8	13	4	5	19	28	30	10	2	20	9	
363_A/chicken/Shandong/1 12	8	7	5	21	7	18	5	7	13	0	0	12	1	1	9	9	7	6	2	8	5	4	3	12	15	22	1	10	5	9	6	18	12	22	8	12	10	26	14	16	31	24	20	34	8	27	19	9	10	22	4	8	11	10	5	6	17	25	24	14	4	24	14	
364_A/Chicken/Shandong/J 11	6	10	5	22	6	15	5	5	11	0	0	9	4	1	9	9	10	7	2	10	5	3	2	9	12	22	7	16	5	9	5	21	8	29	11	12	12	20	10	16	33	24	19	37	7	25	16	8	13	19	4	9	8	14	4	6	18	30	24	11	3	21	14	
365_A/Chicken/Shandong/J 12	9	10	7	21	4	15	3	6	11	0	0	14	3	1	9	9	10	7	2	11	4	3	2	12	12	21	6	9	5	10	5	19	9	27	12	13	12	20	10	15	32	26	18	39	8	25	18	7	10	21	3	9	12	11	5	7	15	26	24	10	4	24	14	
366_A/Chicken/Shandong/J 12	8	10	7	21	5	15	3	6	11	0	0	13	3	1	9	9	10	7	2	11	4	3	2	12	12	21	7	10	5	10	4	20	9	28	10	12	12	19	12	15	32	25	18	37	8	26	18	5	10	23	3	12	13	9	5	6	16	24	24	12	2	26	14	
367_A/Chicken/Shandong/J 12	8	11	7	21	5	14	3	6	11	0	0	12	4	1	9	8	9	7	2	12	5	3	2	12	11	21	6	10	6	10	5	19	9	28	11	12	12	19	11	15	32	27	18	38	8	25	17	6	10	22	3	12	12	10	5	6	17	26	24	11	2	24	14	
368_A/Chicken/Shandong/J 14	8	10	5	19	6	15	5	7	9	0	0	11	4	1	9	9	8	8	2	8	6	2	2	9	12	22	6	15	5	9	5	18	11	26	9	13	10	23	11	16	35	25	20	37	6	27	14	8	12	22	6	10	9	12	3	7	15	27	24	10	6	21	14	
369_A/chicken/Shandong/K 13	8	8	6	21	5	17	4	5	15	0	0	12	1	1	9	9	12	6	3	9	3	4	1	8	14	19	3	14	3	12	6	17	11	27	9	13	11	21	12	16	31	26	24	36	7	26	13	9	10	22	5	8	11	11	3	10	16	29	24	9	5	21	14	
370_A/chicken/Shandong/S 9	5	7	6	24	5	18	4	7	15	0	0	13	3	1	9	6	9	7	1	12	5	3	3	5	12	18	4	15	6	12	4	19	8	28	10	12	12	22	10	14	33	29	18	36	6	24	20	7	13	21	3	8	9	12	8	5	19	24	26	17	3	24	10	
371_A/chicken/Shanghai/S 11	8	10	5	22	7	15	5	8	8	0	0	9	4	1	9	13	9	7	2	7	4	4	2	10	14	19	7	14	5	11	5	20	9	26	14	11	13	20	8	16	28	25	21	34	9	25	15	10	9	20	6	8	12	13	1	8	18	30	25	12	2	21	14	
372_A/chicken/Shanghai/S 10	10	10	5	23	7	15	5	6	10	0	0	9	3	1	9	13	7	7	3	7	5	4	1	11	13	19	7	14	5	11	4	19	7	26	14	11	14	21	8	16	30	25	20	35	7	24	17	11	10	19	5	8	11	14	2	6	18	31	23	13	3	20	16	
373_A/chicken/Shanxi/04. 15	8	11	6	18	5	14	4	5	15	0	0	12	1	1	9	11	11	6	2	7	3	4	2	11	13	20	3	12	5	11	7	16	10	23	9	14	10	25	13	17	32	23	26	38	8	26	12	9	14	22	5	10	8	11	4	5	18	27	30	9	2	22	8	
374_A/chicken/Shanxi/12. 13	9	11	5	20	6	14	5	8	13	0	0	10	1	1	9	10	14	8	2	6	2	2	2	10	10	21	2	12	6	9	7	23	9	24	9	9	12	25	12	17	31	28	25	37	10	25	12	10	10	23	4	5	10	9	5	9	18	32	29	9	3	18	8	
375_A/chicken/Shenzhen/4 11	7	9	4	22	6	16	6	5	12	0	0	8	4	1	9	10	10	7	3	9	5	3	3	13	12	22	5	13	5	9	4	20	8	26	11	13	12	23	9	16	33	22	20	37	7	28	16	8	12	20	7	8	9	12	2	6	16	30	21	11	4	21	17	
376_A/chicken/Shenzhen/5 11	7	9	4	22	6	16	6	5	12	0	0	8	4	1	9	10	10	7	3	9	5	3	3	13	12	21	5	13	5	10	4	20	8	26	12	13	12	23	9	17	34	22	20	36	6	28	16	8	12	19	5	8	9	13	3	6	16	29	21	11	4	22	17	
377_A/chicken/Shenzhen/7 11	7	9	4	22	6	16	6	5	12	0	0	8	4	1	9	10	10	7	3	9	5	3	3	13	12	22	5	13	5	9	4	20	8	26	11	13	12	23	9	16	33	22	20	37	7	28	16	8	12	20	7	8	9	12	2	6	16	30	21	11	4	21	17	
378_A/chicken/Shenzhen/1 11	7	9	4	22	6	16	6	5	11	0	0	8	5	1	9	9	11	7	3	9	4	3	3	14	13	22	5	13	4	9	4	20	8	25	11	13	12	24	9	15	34	22	20	37	6	29	15	8	12	19	6	8	9	13	3	7	16	27	23	11	4	24	15	
379_A/chicken/Shenzhen/1 11	7	9	4	22	6	16	6	5	12	0	0	8	4	1	9	11	10	7	3	8	5	3	2	13	12	22	7	13	5	8	4	23	10	27	13	9	12	22	8	16	33	23	18	37	6	29	16	8	11	19	5	10	9	13	4	6	16	29	24	10	4	22	13	
380_A/chicken/Shenzhen/2 11	8	9	4	22	5	16	6	5	12	0	0	8	4	1	9	10	10	7	3	9	5	3	3	13	12	21	5	13	5	10	4	21	8	26	11	12	12	23	9	16	34	22	20	37	6	28	16	8	12	19	7	8	9	13	2	6	16	29	21	11	4	22	17	
381_A/chicken/Shenzhen/2 11	7	9	4	22	6	16	6	5	12	0	0	8	4	1	9	10	10	7	3	9	5	3	3	13	12	21	5	13	5	10	4	20	8	26	12	13	12	23	9	16	34	22	20	37	6	28	16	8	12	19	5	8	9	13	3	6	16	30	21	11	4	21	17	
382_A/chicken/Shenzhen/2 11	7	9	4	22	6	16	6	5	12	0	0	8	4	1	9	10	10	7	3	9	5	3	3	13	12	21	5	13	5	10	4	20	8	26	12	13	12	23	9	16	34	22	20	37	6	28	16	8	12	19	5	8	9	13	3	6	16	30	21	11	4	21	17	
383_A/chicken/Shijiazhua 10	6	7	6	23	5	18	4	6	13	1	0	14	3	0	9	6	8	8	1	12	7	2	3	5	13	17	3	15	4	13	5	18	8	27	10	12	12	22	11	14	31	28	19	35	8	26	18	7	13	21	2	9	9	13	8	7	19	22	25	17	3	26	11	
384_A/chicken/Sichuan/k1 12	7	6	5	21	7	19	5	6	12	0	0	7	3	1	9	9	11	7	2	9	4	3	3	9	14	23	2	18	3	8	6	17	10	24	10	12	11	24	12	16	35	27	21	37	4	23	18	5	8	20	3	12	12	14	5	4	19	25	28	15	3	23	10	
385_A/chicken/Sichuan/NC 10	7	9	4	23	6	16	6	5	13	0	0	8	3	1	9	11	10	7	3	8	5	3	2	13	12	22	8	13	5	8	4	24	10	27	13	9	12	22	8	16	33	24	16	37	6	29	16	7	11	20	4	10	9	12	5	6	16	29	23	10	4	22	14	
386_A/Chicken/Suzhou/j5/ 10	7	9	4	23	7	16	6	5	12	0	0	9	3	1	9	11	10	7	3	7	5	3	3	10	12	21	5	16	5	10	4	20	9	25	12	12	13	23	9	17	32	22	21	36	6	28	15	7	12	18	7	9	8	14	2	9	16	29	22	10	5	21	16	
387_A/Chicken/Suzhou/j6/ 10	7	9	4	23	7	16	6	5	12	0	0	9	3	1	9	11	10	7	3	7	5	3	3	10	12	21	5	16	5	10	4	20	9	25	12	12	13	23	9	17	32	22	21	36	6	28	15	7	12	18	7	9	8	14	2	9	16	29	22	10	5	21	16	
388_A/chicken/Taichung/1 10	8	6	5	23	6	19	5	11	14	0	0	8	1	1	9	9	12	6	2	9	3	4	3	7	14	20	4	13	3	11	5	17	10	23	7	13	10	26	15	15	38	22	23	39	2	28	15	6	11	19	3	10	10	12	5	5	16	28	28	14	5	22	10	
389_A/chicken/Taichung/1 11	8	7	5	22	6	18	5	9	14	0	0	11	1	1	9	9	11	6	2	9	3	4	3	7	14	20	4	12	4	11	5	17	9	25	7	13	11	24	15	15	38	20	24	39	2	29	15	7	11	21	3	10	11	11	3	5	15	28	29	13	6	21	10	
390_A/chicken/Taichung/1 11	8	6	5	22	7	19	5	11	14	0	0	9	1	1	9	10	11	6	2	9	3	4	3	6	14	20	4	12	4	11	5	17	9	25	7	14	11	24	15	15	38	23	23	39	2	27	15	6	11	20	3	9	9	11	3	6	16	29	29	13	6	21	10	
391_A/chicken/Taichung/1 12	8	9	3	21	8	16	7	5	10	0	0	11	3	1	9	10	9	7	2	8	4	3	3	9	11	22	3	15	7	10	6	15	9	24	7	16	10	25	14	15	35	23	17	36	3	29	20	6	12	22	4	11	9	10	4	7	20	24	23	12	4	24	16	
392_A/chicken/Tainan/150 15	8	6	5	18	6	19	5	6	12	0	0	15	3	1	9	9	8	5	2	9	5	5	3	9	14	22	3	10	5	9	4	18	10	25	9	13	11	23	13	15	33	22	20	37	6	29	19	8	13	22	3	9	7	10	5	6	16	27	27	12	6	23	11	
393_A/chicken/Tainan/160 10	8	6	5	23	6	19	5	10	14	0	0	8	1	1	9	9	12	6	2	9	3	4	3	7	14	18	4	14	3	12	5	17	10	24	8	13	10	25	15	15	36	23	23	39	3	27	16	6	10	19	2	11	11	12	5	5	17	28	28	13	5	22	10	
394_A/chicken/Tainan/170 16	9	7	5	17	5	18	5	7	12	0	0	13	4	1	9	9	7	5	2	9	5	5	3	11	14	22	3	9	5	9	4	18	9	25	10	13	12	24	12	16	33	22	20	37	6	29	19	7	13	21	3	9	7	10	5	6	15	28	26	12	7	22	12	
395_A/chicken/Taipei_Cit 16	8	7	5	17	5	18	6	6	13	0	0	13	3	1	9	9	8	5	2	8	6	5	3	11	13	23	3	11	5	8	5	18	9	26	9	14	12	24	12	16	34	22	20	36	5	29	18	7	14	22	2	9	7	8	7	7	17	26	26	11	4	24	11	
396_A/chicken/Taipei_Cit 10	10	7	5	23	4	18	5	10	14	0	0	10	0	1	9	9	12	6	2	9	3	4	3	8	14	18	3	12	3	13	5	16	9	23	8	15	9	26	14	14	37	22	24	39	2	27	16	7	11	20	2	10	12	12	6	6	14	27	29	14	6	22	9	
397_A/chicken/Taipei_Cit 10	9	7	5	23	4	18	5	10	15	0	0	10	0	1	9	9	12	5	2	9	3	4	3	8	14	19	3	12	3	13	5	17	10	24	6	14	10	27	14	14	36	22	23	39	3	28	16	7	11	21	1	9	10	12	6	6	15	27	28	14	6	22	10	
398_A/chicken/Taipei/160 16	8	6	5	17	5	19	5	6	13	0	0	15	3	1	9	9	8	5	2	9	5	5	3	10	14	22	2	9	5	9	5	18	9	26	8	13	13	23	13	15	32	22	20	37	6	29	20	8	13	21	2	9	7	10	6	5	17	27	28	13	5	23	10	
399_A/chicken/Taipei/160 16	8	6	5	17	5	19	5	6	13	0	0	15	3	1	9	9	8	5	2	9	5	5	3	10	14	22	2	9	5	9	5	18	9	26	8	13	13	23	13	15	32	22	20	37	6	29	20	8	13	21	2	9	7	10	6	5	17	27	28	13	5	23	10	
400_A/chicken/Taipei/161 17	8	5	5	16	5	20	5	7	12	0	0	13	4	1	9	9	8	5	2	9	5	5	3	10	14	22	3	10	5	9	4	17	9	27	9	13	10	24	12	15	33	22	20	37	6	29	19	9	13	20	3	9	8	11	5	6	17	28	28	12	5	22	10	
401_A/chicken/Taipei/170 16	8	6	5	17	5	19	6	6	13	0	0	14	3	1	9	9	8	5	2	8	6	5	3	11	13	22	3	10	5	9	5	19	9	26	9	12	12	23	12	15	34	23	20	37	5	28	18	8	13	21	1	9	7	11	6	7	17	27	27	11	5	23	11	
402_A/chicken/Taipei/170 16	8	6	5	17	5	19	6	6	13	0	0	14	3	1	9	9	8	5	2	8	6	5	3	11	13	22	3	10	5	9	5	18	9	26	9	13	12	24	12	15	34	24	20	37	5	27	18	8	13	21	1	9	7	10	6	7	17	27	27	11	5	23	11	
403_A/chicken/Taipei/170 16	8	6	5	17	5	19	6	6	13	0	0	14	3	1	9	9	8	5	2	8	6	5	3	11	13	22	3	10	5	9	5	19	9	26	9	12	12	23	12	15	34	23	20	37	5	28	18	8	13	21	1	9	7	11	6	7	17	27	27	11	5	23	11	
404_A/chicken/Taishun/TS 13	8	8	5	20	7	18	5	7	12	0	0	13	1	1	9	9	7	6	2	8	6	4	3	12	15	22	1	10	4	9	6	19	11	22	8	11	11	26	14	16	31	24	20	35	7	27	19	9	10	22	4	8	12	10	5	6	16	23	23	14	4	25	15	
405_A/chicken/Taishun/TS 10	5	8	6	23	6	17	4	6	14	0	0	14	3	1	9	6	8	8	1	12	6	2	3	5	13	18	3	14	5	12	5	18	7	23	11	11	14	24	11	14	31	25	20	38	6	27	19	9	12	20	3	10	9	15	8	6	20	23	24	14	3	25	11	
406_A/chicken/Taiwan/010 13	10	8	7	20	2	17	4	9	14	0	0	11	2	1	9	10	12	5	2	8	4	5	3	12	13	18	4	9	3	13	3	13	11	26	9	13	11	24	11	15	33	21	21	36	5	28	20	12	15	23	3	10	6	10	4	9	19	30	24	9	3	18	15	
407_A/chicken/Taiwan/050 15	8	8	6	18	4	17	4	9	15	0	0	8	2	1	9	9	11	7	2	9	5	4	3	12	13	19	4	11	3	11	3	14	11	26	12	14	9	23	10	17	33	18	22	37	7	30	19	14	14	23	4	7	7	10	3	9	16	34	23	6	5	16	15	
408_A/chicken/Taiwan/683 13	6	10	4	20	6	15	6	5	14	0	0	12	3	1	9	10	12	6	1	7	4	4	4	12	12	13	4	11	4	18	4	15	13	32	11	14	9	19	11	16	35	19	20	38	3	28	20	10	15	18	3	6	6	14	7	12	17	32	25	8	4	17	11	
409_A/chicken/Taiwan/011 15	8	6	5	18	6	19	5	6	12	0	0	15	3	1	9	9	8	5	2	9	5	5	3	9	14	22	3	10	5	9	4	19	9	25	9	12	11	23	13	15	32	22	20	38	7	28	19	7	14	22	3	9	7	10	5	7	15	27	27	13	6	23	11	
410_A/chicken/Taiwan/168 12	9	11	6	20	5	14	4	8	14	0	0	15	2	1	9	11	12	8	0	8	4	3	5	9	14	20	4	7	2	10	6	19	10	25	8	10	13	21	15	18	35	25	22	35	3	22	19	9	17	21	3	6	5	11	6	9	19	27	20	9	3	23	17	
411_A/chicken/Taiwan/169 12	9	11	6	20	5	14	4	8	14	0	0	15	2	1	9	11	12	8	0	8	4	3	5	9	14	20	4	7	2	10	6	19	10	25	8	10	13	21	15	18	35	25	22	35	3	23	18	9	17	21	3	6	5	11	6	9	19	27	20	9	3	23	17	
412_A/chicken/Taiwan/170 12	9	11	6	20	5	14	4	8	14	0	0	15	2	1	9	11	12	8	0	8	4	3	5	9	14	20	4	7	2	10	6	19	10	25	8	10	13	21	15	18	35	25	22	35	3	22	19	9	17	21	3	6	5	11	6	9	19	27	20	9	3	23	17	
413_A/chicken/Taiwan/171 12	9	11	6	20	5	14	4	8	14	0	0	15	2	1	9	11	12	8	0	8	4	3	5	9	14	20	4	7	2	10	6	19	10	25	8	10	13	21	15	18	35	25	22	35	3	22	19	9	17	21	3	6	5	11	6	9	19	26	20	9	3	24	17	
414_A/chicken/Taiwan/259 13	6	10	4	20	6	15	6	5	14	0	0	12	3	1	9	10	12	6	1	7	4	4	4	13	12	13	4	10	4	18	4	15	13	31	11	14	9	19	11	16	35	19	20	38	3	29	20	10	15	18	3	6	6	14	7	13	17	32	26	7	4	17	10	
415_A/chicken/Taiwan/294 13	7	10	4	20	5	15	6	5	14	0	0	12	3	1	9	10	12	6	1	7	4	4	4	13	12	13	4	10	4	18	4	15	14	31	11	13	10	19	11	16	35	19	20	38	3	29	20	10	14	18	3	6	6	14	7	13	17	32	26	7	4	17	10	
416_A/chicken/Taiwan/444 14	8	8	6	18	4	17	4	8	16	0	0	11	2	1	9	9	12	6	2	10	4	5	3	11	12	18	4	10	3	12	3	15	13	28	10	14	8	21	11	17	32	20	22	37	7	30	19	12	14	22	4	6	7	11	3	10	16	31	24	7	5	17	15	
417_A/chicken/Taiwan/735 14	8	8	6	18	4	17	4	8	16	0	0	9	2	1	9	9	12	6	2	10	4	5	3	11	12	18	4	12	3	12	3	15	13	28	10	14	8	21	11	18	31	20	22	37	7	30	19	12	15	21	4	7	6	12	3	9	17	30	23	7	4	18	16	
418_A/chicken/Taiwan/898 13	6	10	4	20	6	15	6	5	14	0	0	12	3	1	9	10	12	6	1	7	4	4	4	13	12	13	4	10	4	18	4	14	14	31	11	13	10	19	11	16	35	18	20	38	3	30	20	11	14	18	3	6	6	14	7	13	17	33	26	7	4	16	10	
419_A/chicken/Taiwan/899 13	6	10	4	20	6	15	6	5	14	0	0	12	3	1	9	10	12	6	1	7	4	4	4	13	12	13	4	10	4	18	4	14	14	31	11	13	10	19	10	16	35	18	20	38	3	30	20	11	14	18	3	6	6	14	8	13	17	32	26	7	4	17	10	
420_A/chicken/Taiwan/899 13	6	10	4	20	6	15	6	5	14	0	0	12	3	1	9	10	12	6	1	7	4	4	4	13	12	13	4	10	4	18	4	14	14	31	11	13	10	19	10	16	35	18	20	38	3	30	20	11	14	18	3	6	6	14	8	13	17	33	26	7	4	16	10	
421_A/chicken/Taiwan/A1/ 15	9	12	4	18	5	13	6	5	12	0	0	13	3	1	9	11	12	6	1	7	4	4	3	14	13	15	5	7	3	16	5	15	13	30	11	15	9	17	12	16	36	25	22	38	3	25	16	9	13	20	4	7	6	12	6	13	18	28	26	8	3	21	10	
422_A/chicken/Taiwan/a17 15	8	6	5	16	6	16	5	4	12	0	0	15	3	1	9	8	6	4	2	9	5	5	3	9	12	21	3	10	4	9	4	19	7	23	8	12	10	23	12	14	29	21	20	36	7	29	19	7	12	20	3	8	7	10	5	7	15	27	23	12	5	23	11	
423_A/chicken/Taiwan/A19 14	10	8	7	19	3	17	4	8	15	0	0	10	2	1	9	9	15	6	3	9	3	4	2	11	11	18	4	12	2	13	3	14	11	29	11	13	11	20	9	15	33	17	23	38	5	31	19	14	14	22	3	9	7	11	4	9	17	31	25	5	4	18	14	
424_A/chicken/Taiwan/D2/ 13	10	12	5	20	5	13	5	7	11	0	0	8	4	1	9	12	8	6	1	10	4	4	3	10	12	21	5	10	8	10	3	17	8	27	7	8	11	20	15	21	37	22	21	36	5	31	16	9	12	16	3	11	9	16	3	3	19	29	33	14	1	21	7	
425_A/chicken/Taiwan/D9/ 13	10	12	5	20	5	13	5	7	11	0	0	8	4	1	9	12	8	6	1	10	4	4	3	10	12	21	5	10	8	10	3	17	8	28	7	8	11	19	15	21	37	22	21	36	5	31	16	9	12	16	3	11	9	16	3	3	19	29	33	14	1	21	7	
426_A/chicken/Taiwan/u7/ 10	9	7	5	23	4	18	5	10	15	0	0	11	0	1	9	9	12	6	2	9	3	4	3	7	14	18	3	12	3	13	5	17	10	23	7	14	10	26	15	13	38	21	24	39	2	29	15	7	11	20	2	9	10	12	6	6	15	27	29	14	6	22	9	
427_A/chicken/Taiwan/x37 16	8	6	4	15	6	16	6	4	13	0	0	15	3	1	9	8	6	4	2	9	5	5	3	10	12	21	3	10	4	9	4	18	6	24	8	12	11	24	10	15	29	22	21	35	7	27	19	7	12	18	4	9	6	11	5	6	17	27	23	11	4	23	11	
428_A/chicken/TC/a504/20 15	8	10	5	18	5	15	5	5	14	0	0	12	2	1	9	10	11	7	0	9	4	3	5	11	14	15	4	9	3	16	4	15	16	29	12	14	10	19	11	16	34	21	19	39	2	28	20	10	14	18	4	6	6	13	7	14	17	32	24	6	4	18	11	
429_A/chicken/TY/a665/20 16	8	10	5	18	5	15	5	6	13	0	0	12	3	1	9	9	11	7	0	9	4	3	5	10	14	15	4	9	3	16	4	15	15	29	12	14	10	19	11	16	34	20	19	39	3	29	20	10	14	18	4	6	6	13	7	14	17	32	24	6	4	18	11	
430_A/chicken/Wuxi/7157/ 11	7	9	4	23	6	16	6	5	12	0	0	8	4	1	9	10	11	7	3	9	5	3	2	14	11	21	8	13	5	10	4	23	8	26	13	9	12	22	7	16	34	23	18	37	6	27	17	7	12	19	5	10	10	14	4	5	14	28	20	11	5	22	17	
431_A/chicken/Wuxi/7765/ 11	7	9	4	22	6	16	6	5	11	0	0	8	5	1	9	11	10	7	2	9	5	3	3	12	12	23	6	13	5	8	4	21	7	28	12	12	13	21	9	15	36	22	21	37	4	27	16	8	12	19	5	9	10	13	3	6	15	32	23	11	4	19	15	
432_A/chicken/Wuxi/SC739 11	7	9	4	22	5	15	6	5	13	0	0	8	4	1	9	10	10	8	3	9	6	3	3	13	11	22	7	12	5	8	4	22	7	26	11	12	13	23	9	17	34	23	19	38	5	28	16	7	13	18	5	8	10	14	3	6	14	30	23	11	4	20	16	
433_A/chicken/Wuxi/WX-32 12	8	9	5	21	6	16	5	7	10	0	0	8	4	1	9	10	9	7	2	9	5	3	2	10	13	22	7	15	5	9	4	21	10	26	12	11	12	22	10	15	29	25	19	38	9	24	18	8	11	19	6	9	10	13	2	6	18	32	24	11	2	19	14	
434_A/chicken/Wuxi/WX-33 11	8	9	5	22	6	16	5	7	11	0	0	8	3	1	9	11	9	7	2	8	6	3	2	10	13	20	7	15	4	11	4	21	10	27	13	11	12	21	9	15	29	25	18	38	9	24	19	8	11	19	6	9	10	13	2	6	18	32	25	11	2	19	13	
435_A/chicken/Xinjiang/S 11	9	9	5	22	6	14	5	8	8	0	0	9	4	1	9	13	9	8	2	7	4	5	2	10	14	19	7	14	5	11	5	20	9	26	13	11	13	20	9	16	28	25	21	33	10	25	15	10	9	20	6	8	12	13	1	8	18	30	25	12	2	21	14	
436_A/chicken/Xinjiang/S 11	8	10	5	22	7	15	5	7	9	0	0	9	4	1	9	13	9	7	2	7	4	4	2	10	14	19	7	14	5	11	5	20	9	26	14	11	13	20	8	16	28	25	20	34	9	26	15	10	9	20	6	8	12	13	1	8	18	30	25	12	2	21	14	
437_A/chicken/Xinjiang/S 11	8	10	5	22	7	15	5	8	8	0	0	9	4	1	9	13	9	7	2	7	4	4	2	10	14	19	7	14	5	11	5	20	9	26	14	11	13	20	8	16	28	25	21	34	9	25	15	10	9	20	6	8	12	13	1	8	18	30	25	12	2	21	14	
438_A/Chicken/Xuzhou/470 10	7	9	4	23	10	14	6	4	10	0	0	9	4	1	9	13	11	6	3	7	6	3	4	11	13	20	5	15	6	10	5	20	9	27	12	12	14	19	9	17	28	23	19	35	5	26	16	8	11	18	6	8	9	15	3	8	17	31	21	11	5	20	18	
439_A/chicken/Xuzhou/XZ6 12	7	10	4	21	6	15	6	5	11	0	0	8	5	1	9	11	9	7	3	10	7	3	3	11	11	22	4	13	5	9	5	19	8	26	11	13	13	23	9	18	32	23	20	37	6	26	17	9	12	17	5	8	9	15	4	5	16	29	22	11	4	22	16	
440_A/Chicken/Yangzhou/f 10	7	8	4	23	7	17	6	3	11	0	0	9	3	1	9	12	10	7	3	7	5	3	3	11	13	20	4	16	5	11	5	20	9	26	12	12	13	22	9	17	32	25	21	37	6	25	15	7	11	18	6	9	9	14	3	8	17	30	22	10	4	20	16	
441_A/Chicken/Yangzhou/f 10	7	8	4	23	7	17	6	3	11	0	0	9	3	1	9	12	10	7	3	7	5	3	3	11	13	20	5	16	5	11	4	20	9	26	12	12	13	22	9	18	32	25	21	36	6	25	15	7	11	18	6	9	9	14	3	8	17	30	22	10	4	20	16	
442_A/Chicken/Yangzhou/f 10	7	8	4	23	7	17	6	3	11	0	0	9	3	1	9	12	10	7	3	7	5	3	3	11	13	20	5	16	5	11	4	20	9	26	12	12	13	22	9	18	32	25	21	36	6	25	15	7	11	18	6	9	9	14	3	8	17	30	22	10	4	20	16	
443_A/chicken/Yangzhou/Y 11	7	9	4	22	6	15	6	5	12	0	0	8	4	1	9	10	10	7	3	9	5	4	3	14	11	22	5	12	6	9	4	20	8	25	11	13	12	24	9	17	34	22	20	37	6	28	16	8	12	19	6	8	9	13	3	5	16	29	23	11	4	22	15	
444_A/chicken/YL/A3190/2 13	8	9	5	20	5	16	5	5	18	0	0	11	0	1	9	9	15	9	0	10	2	1	5	12	13	18	5	11	2	13	3	16	12	22	10	16	9	27	9	18	35	20	23	36	3	28	18	9	12	21	9	6	9	11	5	8	17	28	24	10	3	22	9	
445_A/chicken/Yuhang/1/2 8	4	8	6	25	7	17	4	4	14	0	0	17	3	1	9	6	9	7	1	12	4	3	3	6	14	17	3	12	5	13	6	20	6	25	9	11	14	24	12	14	31	26	17	38	8	27	20	8	13	18	2	9	9	16	8	7	18	24	24	13	3	24	12	
446_A/chicken/Yuhang/2/2 9	6	8	6	24	6	17	4	5	14	0	0	15	3	1	9	5	9	6	0	11	3	4	4	8	16	16	3	13	4	14	6	19	8	22	10	11	12	27	11	15	30	34	19	39	7	19	18	10	12	19	3	7	7	15	7	7	21	24	26	13	3	24	10	
447_A/chicken/Yunlin/150 10	8	6	5	23	7	19	5	11	14	0	0	8	1	1	9	9	12	6	2	9	2	4	3	7	14	20	4	13	3	11	5	17	10	23	7	13	10	26	15	15	38	22	23	39	2	28	15	6	11	19	3	10	10	12	5	5	16	28	28	14	5	22	10	
448_A/chicken/Yunlin/150 11	9	6	5	22	5	19	5	10	14	0	0	9	1	1	9	9	12	6	2	9	3	4	3	7	14	20	4	13	3	11	5	17	11	22	7	13	10	25	15	15	37	23	24	39	3	28	14	6	11	19	3	10	10	12	5	5	16	28	27	14	5	22	11	
449_A/chicken/Yunlin/150 11	9	6	5	22	5	19	5	10	14	0	0	9	1	1	9	9	12	6	2	9	3	4	3	9	13	19	4	12	3	12	5	18	10	22	7	12	10	27	15	15	37	23	24	39	3	27	14	6	11	19	3	10	10	12	5	6	16	28	27	13	5	22	11	
450_A/chicken/Yunlin/150 13	5	12	5	20	8	13	5	7	12	0	1	12	4	0	9	9	12	6	4	8	5	4	0	8	11	21	2	13	4	11	7	18	9	24	9	12	13	25	11	17	36	24	25	36	3	28	12	8	11	19	6	10	9	12	4	8	18	27	23	11	3	24	13	
451_A/chicken/Yunlin/150 11	9	6	5	22	5	19	5	11	14	0	0	9	1	1	9	9	12	6	2	9	3	4	3	6	14	20	4	12	3	11	5	17	10	23	8	14	9	26	14	16	37	22	24	39	3	29	13	6	11	19	3	10	10	12	5	5	16	28	27	14	5	22	11	
452_A/chicken/Yunlin/150 11	9	6	5	22	5	19	5	10	14	0	0	9	1	1	9	9	12	6	2	9	3	4	3	7	14	20	4	13	3	11	5	17	10	23	7	13	10	26	15	15	37	22	24	39	3	28	14	6	11	19	3	10	10	12	5	5	16	28	27	14	5	22	11	
453_A/chicken/Yunlin/150 11	9	6	5	22	5	19	5	10	14	0	0	9	1	1	9	9	12	6	2	9	3	4	3	6	14	20	4	13	3	11	5	17	10	23	7	13	10	26	15	16	37	23	23	39	3	27	15	6	11	19	3	10	10	12	5	5	16	28	27	14	5	22	11	
454_A/chicken/Yunlin/150 10	8	6	5	23	6	19	5	10	14	0	0	9	1	1	9	9	11	6	2	9	3	4	3	7	15	20	4	13	3	11	5	17	11	23	7	13	9	26	15	15	38	22	23	39	2	28	15	7	11	20	3	10	11	12	3	5	15	28	29	13	6	21	10	
455_A/chicken/Yunlin/160 10	8	6	5	23	6	19	5	10	14	0	0	10	0	1	9	9	13	6	2	9	3	4	3	7	13	19	4	13	3	12	5	17	10	21	7	13	10	28	15	14	38	20	23	39	2	30	15	6	11	19	2	10	10	12	6	6	16	27	28	14	5	23	10	
456_A/chicken/Yunlin/160 10	8	6	5	23	6	19	5	9	14	0	0	10	1	1	9	9	12	6	2	9	3	4	3	7	14	18	4	13	3	12	5	17	10	24	8	13	10	25	15	15	38	23	23	39	2	27	16	6	10	19	2	11	11	12	5	5	16	29	28	13	5	21	10	
457_A/chicken/Yunlin/160 10	7	9	5	23	8	16	5	5	11	0	0	10	3	1	9	9	10	7	2	8	4	3	3	12	11	22	4	13	7	9	6	14	10	24	7	16	9	24	15	15	37	22	17	37	3	29	20	6	13	22	4	11	9	10	3	7	18	24	25	12	3	26	14	
458_A/chicken/Yunlin/160 11	8	7	5	22	6	18	5	9	14	0	0	11	1	1	9	9	11	6	2	9	3	4	3	7	14	20	4	12	4	11	5	17	9	25	7	13	11	24	15	16	38	20	24	38	2	29	15	7	11	21	3	10	11	11	3	5	15	28	29	13	6	21	10	
459_A/chicken/Yunlin/170 12	7	9	3	21	8	16	7	5	10	0	0	11	4	1	9	10	10	7	2	8	4	3	3	7	11	22	3	16	7	10	6	15	9	24	7	16	10	24	15	15	36	22	16	36	3	28	22	6	12	23	4	11	9	9	4	7	19	24	22	12	4	26	16	
460_A/chicken/Yunlin/170 10	9	7	5	23	4	18	5	10	15	0	0	11	0	1	9	9	12	6	2	9	3	4	3	7	14	18	3	12	3	13	5	17	10	23	7	14	10	26	15	13	38	22	24	39	2	28	15	7	11	20	2	9	10	12	6	6	15	27	28	14	6	22	10	
461_A/chicken/Yunlin/170 10	9	7	5	23	5	18	5	10	15	0	0	11	0	1	9	9	12	6	2	9	3	4	3	7	14	19	3	12	3	12	5	17	10	22	7	14	10	27	15	13	38	21	25	39	2	29	14	7	12	19	2	9	9	13	6	6	15	27	28	14	5	22	10	
462_A/chicken/Yunlin/170 10	8	7	5	23	5	18	5	10	15	0	0	11	0	1	9	9	11	6	1	9	3	4	4	7	15	20	2	12	3	12	5	17	10	23	7	13	10	26	15	15	38	21	24	38	2	29	15	6	11	19	2	10	9	12	6	8	17	24	28	12	5	26	10	
463_A/chicken/Yunlin/170 10	9	7	5	23	5	18	5	10	15	0	0	11	0	1	9	9	12	6	2	9	3	4	3	7	14	19	3	12	3	12	5	17	9	23	7	14	10	26	15	13	38	21	23	39	3	29	16	7	11	20	2	9	9	12	6	6	15	27	28	14	6	22	10	
464_A/chicken/Yunlin/170 10	9	7	5	23	4	18	5	9	15	0	0	12	0	1	9	9	12	7	2	9	3	3	3	7	14	18	3	12	3	13	5	18	10	23	7	14	10	26	15	13	38	21	24	38	2	29	15	7	11	20	2	10	10	12	6	4	15	27	28	15	6	22	10	
465_A/chicken/Yunlin/170 10	9	7	5	23	4	18	5	10	15	0	0	11	0	1	9	10	12	6	2	9	3	4	3	7	14	18	3	11	3	13	5	16	11	23	7	14	10	26	15	13	38	21	24	39	2	29	15	7	11	20	2	9	10	12	6	6	15	27	27	14	6	22	11	
466_A/chicken/Yunlin/170 10	9	7	5	23	5	18	5	8	15	0	0	13	0	1	9	9	12	5	2	9	3	5	3	7	14	19	3	12	3	12	5	17	9	23	7	14	10	26	15	13	38	21	24	39	3	29	15	7	11	20	2	9	9	12	6	6	15	28	28	14	6	21	10	
467_A/chicken/Yunlin/170 10	9	7	5	23	5	18	5	10	15	0	0	11	0	1	9	9	12	6	2	9	3	5	2	7	14	19	3	12	3	12	5	17	10	23	7	14	10	26	15	13	38	21	25	39	2	29	14	7	12	18	2	9	9	14	6	6	15	26	27	14	5	23	11	
468_A/chicken/Yunlin/170 10	9	7	5	23	5	18	5	8	15	0	0	13	0	1	9	9	12	6	2	9	3	4	3	7	14	19	3	12	3	12	5	17	9	23	7	14	10	26	15	13	38	21	24	39	3	29	15	7	11	20	2	9	9	12	6	6	15	28	27	14	6	21	11	
469_A/chicken/Yunlin/170 10	8	7	5	23	5	18	5	10	15	0	0	11	0	1	9	10	11	6	1	9	3	4	4	7	15	18	3	11	3	13	5	18	10	23	7	12	10	26	15	14	38	21	24	39	2	28	16	7	11	18	2	9	9	13	6	6	17	25	29	14	5	25	9	
470_A/chicken/Yunlin/170 10	9	7	5	23	4	18	5	10	15	0	0	11	0	1	9	9	12	6	2	9	3	4	3	7	14	19	3	12	3	12	5	17	10	22	6	14	10	27	15	13	38	21	23	39	2	29	17	7	11	20	2	10	9	12	6	6	15	26	28	13	7	23	10	
471_A/chicken/Yunlin/170 11	9	8	6	22	4	17	4	10	15	0	0	11	0	1	9	9	12	7	2	9	3	3	3	7	14	18	3	12	3	13	5	18	10	23	7	14	10	26	15	13	38	21	24	38	2	29	15	7	11	20	2	9	10	12	7	6	16	27	27	14	5	22	10	
472_A/chicken/Yunlin/170 10	9	7	5	23	5	18	5	10	15	0	0	11	0	1	9	9	12	6	2	9	3	4	3	7	14	19	3	12	3	12	5	17	9	23	7	14	10	26	15	14	38	21	24	38	3	29	15	6	11	20	2	10	9	12	6	6	15	27	28	14	6	22	10	
473_A/chicken/Yunlin/170 10	9	7	5	23	5	18	5	10	15	0	0	11	0	1	9	9	12	6	2	9	3	4	3	7	14	19	3	12	3	12	5	17	9	23	7	14	10	26	15	13	38	22	24	39	3	28	15	7	11	20	2	9	9	12	6	6	15	26	28	14	6	23	10	
474_A/chicken/Yunlin/170 10	9	7	5	23	4	18	5	10	15	0	0	11	0	1	9	9	12	6	2	9	3	4	3	7	14	18	3	12	3	13	5	17	11	23	8	14	10	26	14	14	36	21	24	39	3	28	16	9	10	20	2	7	10	12	6	6	15	27	28	14	6	22	10	
475_A/chicken/Yunlin/170 10	9	7	5	22	4	18	5	10	14	0	1	11	0	0	9	9	11	6	2	9	3	4	3	7	17	18	3	12	2	14	5	16	10	23	8	15	10	26	14	14	35	21	25	38	3	29	15	7	11	20	2	9	11	12	6	6	15	27	28	15	6	22	10	
476_A/chicken/Yunlin/180 10	9	6	5	23	4	19	5	10	15	0	0	11	0	1	9	9	12	6	2	9	3	4	3	7	14	18	3	12	3	13	5	16	10	23	8	15	10	26	14	13	37	22	23	40	2	29	15	7	11	20	2	9	11	12	6	7	14	28	29	13	6	21	9	
477_A/chicken/Yunlin/180 10	9	6	5	23	4	19	5	10	15	0	0	11	0	1	9	9	12	6	2	8	3	4	3	8	14	18	3	12	3	13	5	16	10	23	8	15	10	26	14	13	37	22	23	40	2	29	15	7	11	20	2	9	11	12	6	7	14	28	29	13	6	21	9	
478_A/chicken/Yunlin/180 10	9	7	5	23	5	18	5	9	14	0	0	12	0	1	9	9	12	6	2	9	3	4	3	7	14	19	2	12	3	13	5	17	10	22	8	14	11	27	14	14	36	21	23	39	2	29	16	6	11	21	2	10	10	11	6	6	15	27	28	14	6	22	10	
479_A/chicken/Yunlin/180 10	9	7	5	23	4	18	5	10	15	0	0	11	0	1	9	9	12	6	2	9	3	4	3	7	14	17	3	12	3	14	5	16	10	23	8	14	10	26	14	15	37	22	23	39	2	28	16	7	12	21	2	9	9	11	5	6	15	27	29	14	6	22	10	
480_A/chicken/Yunlin/180 10	9	7	5	23	4	18	5	10	15	0	0	11	0	1	9	9	12	6	2	9	3	4	3	7	14	17	3	12	3	14	5	16	10	23	8	14	10	26	14	15	37	23	23	39	2	26	17	7	12	21	2	9	9	11	5	6	15	27	29	14	6	22	10	
481_A/chicken/Yunlin/180 10	9	7	5	23	4	18	5	10	15	0	0	11	0	1	9	9	12	6	2	9	3	4	3	7	14	17	3	12	3	14	5	14	10	23	8	16	10	26	14	15	37	22	23	39	2	28	16	7	12	21	2	9	9	11	5	6	15	27	29	14	6	22	10	
482_A/chicken/Yunlin/180 10	9	7	5	23	5	18	5	10	14	0	0	11	0	1	9	9	12	6	2	9	3	4	3	7	14	19	2	12	3	13	5	17	10	22	8	14	11	27	14	14	36	20	23	39	2	30	16	6	11	21	2	10	10	11	6	6	15	26	28	14	6	23	10	
483_A/chicken/Yunlin/180 10	9	7	5	23	4	18	5	9	15	0	0	12	0	1	9	9	12	6	2	9	3	4	3	7	13	17	3	12	4	14	5	17	10	23	8	14	10	26	14	14	37	22	23	39	2	28	16	7	12	21	2	9	9	11	5	6	15	27	29	14	6	22	10	
484_A/chicken/Yunlin/180 10	9	7	5	23	4	18	5	9	15	0	0	12	0	1	9	9	12	6	2	9	3	4	3	6	13	17	3	13	4	14	5	17	10	23	8	14	10	26	14	14	36	22	22	39	3	28	17	7	12	22	2	9	9	11	5	6	15	27	29	14	6	21	10	
485_A/chicken/Yunlin/180 10	9	7	5	23	4	18	5	9	15	0	0	12	0	1	9	9	12	6	2	9	3	4	3	6	13	17	3	13	4	14	5	17	10	23	8	14	10	26	14	14	36	23	22	39	3	27	17	7	12	22	2	9	9	11	5	6	15	27	29	14	6	21	10	
486_A/chicken/Yunlin/180 10	9	7	5	23	4	18	5	10	14	0	0	10	0	1	9	9	12	6	2	9	3	4	3	8	13	19	2	12	4	12	6	17	8	24	8	15	10	25	14	14	38	23	24	40	2	27	15	7	11	20	3	9	11	12	6	6	15	26	27	13	6	23	10	
487_A/chicken/Yunnan/1/2 11	7	10	4	22	6	13	6	9	15	0	0	8	3	1	9	10	9	7	4	9	5	4	3	8	12	22	5	14	5	9	4	19	8	28	12	14	12	21	9	15	32	24	19	37	6	27	16	9	12	20	5	8	9	12	4	6	16	29	23	12	4	22	14	
488_A/chicken/Yunnan/02. 9	4	8	6	24	7	17	4	7	13	0	0	14	5	1	9	6	9	7	1	12	5	3	3	6	13	18	3	12	5	11	5	20	8	26	10	11	13	22	12	14	33	29	20	38	4	25	19	8	12	18	3	9	10	16	8	7	18	26	24	13	3	21	11	
489_A/chicken/Yunnan/03. 10	7	9	4	22	7	16	6	5	12	0	0	9	3	1	9	10	10	7	3	8	5	3	3	12	12	21	5	13	4	10	4	20	6	27	11	13	13	20	10	16	34	22	20	35	6	28	16	8	12	18	7	7	9	13	2	6	15	29	21	11	5	22	17	
490_A/chicken/Yunnan/03. 9	4	8	6	23	7	17	4	6	13	0	0	14	5	1	9	5	9	7	1	12	5	3	3	6	13	18	3	12	4	11	5	20	7	25	10	11	14	22	12	14	32	29	20	37	4	25	19	8	12	17	3	8	10	15	9	7	18	26	24	13	3	21	11	
491_A/chicken/Yunnan/03. 11	7	9	4	22	7	16	6	6	12	0	0	8	3	1	9	11	10	7	3	8	5	3	3	12	12	21	5	13	5	10	4	20	9	27	11	12	11	22	9	16	33	22	20	37	7	28	16	9	11	19	6	8	9	13	3	5	18	29	20	12	3	22	18	
492_A/chicken/Yunnan/03. 9	4	8	6	24	7	17	4	7	13	0	0	14	5	1	9	6	9	7	1	12	5	3	3	6	13	18	3	12	5	11	5	20	8	26	10	11	14	23	12	14	33	28	20	38	3	25	19	8	12	18	3	9	10	16	8	7	18	26	24	13	3	21	11	
493_A/chicken/Yunnan/03. 11	7	9	4	22	7	16	6	6	12	0	0	8	3	1	9	11	10	7	3	8	5	3	3	12	12	21	5	13	5	10	4	20	9	27	11	12	11	22	9	16	33	22	20	37	7	28	16	9	11	19	6	8	9	13	3	5	17	29	20	12	4	22	18	
494_A/chicken/Yunnan/07. 10	7	9	4	23	7	16	6	6	12	0	0	8	3	1	9	11	10	7	3	8	5	3	3	12	12	20	5	13	5	11	4	19	8	27	11	13	12	22	9	16	33	24	20	37	7	26	16	8	12	19	6	9	9	13	3	5	16	30	21	12	4	21	17	
495_A/Chicken/Yunnan/YN- 14	7	7	5	18	7	18	5	8	12	0	0	11	3	1	9	10	9	7	2	10	5	4	2	6	15	23	4	14	3	8	4	19	8	24	9	12	13	24	13	15	34	21	19	37	4	31	18	6	13	21	4	10	8	11	4	4	17	22	26	16	4	28	12	
496_A/Chicken/Yunnan/YN- 14	7	7	5	18	7	18	5	7	12	0	0	11	3	1	9	10	9	7	2	10	5	4	2	7	15	23	5	14	3	8	2	18	8	24	9	13	13	24	13	15	33	23	20	38	5	29	18	6	13	21	4	10	8	11	4	4	17	21	26	15	4	29	12	
497_A/Chicken/Yunnan/YN- 14	7	7	5	18	7	17	5	7	12	0	0	10	3	1	9	10	9	7	2	10	5	5	2	7	15	23	5	15	3	8	3	19	8	23	9	12	13	25	13	15	33	22	19	37	5	30	18	6	13	21	4	10	8	11	4	4	17	22	26	16	4	28	12	
498_A/chicken/Zhejiang/1 10	7	9	4	23	7	16	7	5	12	0	0	8	3	1	9	12	10	7	3	7	5	3	3	13	11	21	5	13	6	10	4	19	8	26	12	13	12	22	9	17	34	23	22	36	6	27	13	9	12	19	6	9	9	14	3	7	15	27	20	10	5	22	18	
499_A/chicken/Zhejiang/2 14	8	8	7	19	5	17	3	9	12	0	0	10	4	1	9	12	11	6	3	8	5	4	1	6	12	20	5	13	4	11	5	16	8	27	10	14	13	20	11	16	35	28	22	37	4	23	17	8	10	22	5	9	10	12	3	12	19	27	23	6	3	22	14	
500_A/chicken/Zhejiang/2 12	7	10	5	21	6	15	5	7	12	0	0	11	4	1	9	12	12	7	3	7	4	3	1	12	11	17	5	9	5	14	5	21	10	29	9	11	11	19	11	18	33	29	23	36	6	23	14	9	10	21	6	9	11	11	4	6	18	30	23	8	3	20	14	
501_A/chicken/Zhejiang/2 13	8	8	7	20	5	17	3	9	13	0	0	10	3	1	9	12	12	6	4	8	4	4	0	6	12	19	4	13	4	12	6	18	8	28	9	13	13	19	12	18	36	28	23	37	3	25	13	6	10	22	5	9	10	12	3	11	20	26	25	6	2	23	13	
502_A/chicken/Zhejiang/7 12	7	9	7	20	6	16	4	9	12	0	0	10	4	1	9	11	12	6	3	9	5	4	1	6	11	20	4	14	4	11	6	16	8	28	10	14	13	19	10	16	36	27	23	37	3	25	14	7	12	22	5	9	9	12	3	12	20	27	26	6	2	22	12	
503_A/chicken/Zhejiang/8 12	7	9	7	20	6	16	4	9	12	0	0	11	4	1	9	12	12	6	3	8	5	4	1	6	11	20	4	13	4	11	6	16	8	28	10	14	13	18	10	16	36	27	23	37	3	25	14	7	12	22	5	9	9	13	3	12	20	27	26	6	2	22	12	
504_A/chicken/Zhejiang/5 11	8	8	5	22	5	17	5	4	12	0	0	15	4	1	9	7	10	6	3	12	5	4	1	10	14	19	4	10	3	13	5	14	7	27	8	15	12	22	13	15	39	26	24	37	2	24	14	12	12	21	5	8	9	11	3	4	19	22	32	13	2	28	6	
505_A/chicken/Zhejiang/7 14	4	9	4	24	6	16	6	6	12	0	0	8	5	1	9	10	10	8	3	7	6	2	3	13	12	22	5	12	5	9	4	19	8	26	12	13	11	22	8	17	35	22	20	36	5	28	17	8	12	18	6	8	9	14	3	6	16	28	21	11	4	23	17	
506_A/chicken/Zhejiang/7 13	4	9	4	24	6	16	6	6	12	0	0	9	4	1	9	10	10	8	3	7	6	2	3	13	12	22	5	12	5	9	4	20	8	26	12	13	11	22	8	17	35	22	20	36	5	28	17	8	12	18	6	8	9	14	3	6	16	28	21	11	4	23	17	
507_A/chicken/Zhejiang/7 12	2	8	5	24	7	17	5	7	13	0	0	14	4	1	9	6	10	7	1	11	6	3	3	6	13	18	3	12	5	12	5	19	9	26	10	11	10	24	11	14	32	28	19	38	5	24	20	10	13	17	3	8	9	16	8	7	18	25	24	13	3	24	11	
508_A/chicken/Zhejiang/7 13	5	9	4	22	6	16	6	5	12	1	0	8	5	0	9	9	10	8	3	9	6	2	3	14	14	22	5	12	5	9	4	20	8	26	12	13	11	22	9	17	33	22	19	36	5	28	17	8	12	18	6	8	9	14	3	6	16	28	21	11	4	23	17	
509_A/chicken/Zhejiang/7 15	5	8	6	22	6	17	4	7	12	0	0	16	4	1	9	9	11	5	3	8	5	5	1	6	13	21	3	10	3	11	6	13	8	25	8	17	11	24	13	16	38	27	21	36	3	23	17	14	10	20	6	8	10	12	2	3	19	26	32	11	3	24	6	
510_A/chickenl/Jiangxi/E 11	7	11	4	21	6	14	6	5	12	0	0	7	4	1	9	9	9	7	3	9	6	3	3	13	12	23	5	13	4	8	4	20	7	29	11	13	12	19	9	17	35	24	20	36	5	26	16	8	12	18	6	7	9	13	3	5	16	29	22	11	4	22	16	
511_A/Chlidonias_hybrida 12	8	9	4	21	7	16	6	7	12	0	0	11	2	1	9	8	10	7	1	9	5	3	4	6	15	23	3	17	3	8	4	18	9	23	9	12	13	25	13	16	35	22	23	37	3	29	16	8	12	21	3	6	8	11	6	8	15	24	21	13	6	26	16	
512_A/Commom_Teal/Ningxi 11	5	8	4	22	8	17	6	7	12	0	0	8	4	1	9	10	9	5	3	9	5	5	4	9	14	25	4	15	4	7	3	18	9	21	10	13	12	27	12	15	34	20	14	37	5	31	21	7	13	21	4	8	7	11	4	8	16	26	24	13	5	25	14	
513_A/common_coot/Shando 12	8	9	4	21	7	16	6	7	13	0	0	11	2	1	9	8	9	7	1	9	6	3	4	6	14	24	3	17	3	7	4	18	9	24	9	12	13	25	13	16	35	23	22	37	3	27	18	8	12	19	4	6	8	12	4	7	16	23	22	14	5	27	16	
514_A/common_crane/Yunna 12	8	9	4	21	7	16	6	7	12	0	0	11	2	1	9	8	10	7	1	9	5	3	4	6	15	23	3	17	3	8	4	18	9	23	9	12	13	25	13	16	35	23	24	37	3	27	16	8	12	22	3	6	8	10	5	7	16	24	23	14	5	26	15	
515_A/common_pochard/Nin 15	6	6	5	18	8	19	5	6	11	0	0	14	4	1	9	7	8	6	3	11	6	4	2	8	13	19	2	12	5	12	5	17	7	23	8	12	14	25	14	15	33	21	21	36	6	30	18	7	12	22	3	11	10	10	5	6	16	21	26	14	4	29	12	
516_A/common_teal/Ningxi 13	8	9	4	20	7	16	6	7	12	0	0	11	2	1	9	8	10	7	1	9	5	3	4	6	15	23	3	17	3	8	4	18	9	23	9	12	13	25	13	16	35	22	23	37	3	29	16	8	12	21	3	6	8	11	6	7	16	24	21	14	5	26	16	
517_A/common_teal/Ningxi 14	6	6	5	19	8	19	5	6	11	0	0	14	4	1	9	7	8	6	3	11	6	4	2	8	13	19	2	12	5	12	5	17	7	24	8	12	14	24	14	15	33	21	21	36	6	30	18	7	12	22	3	11	10	10	5	6	16	21	26	14	4	29	12	
518_A/common_teal/Ningxi 14	6	6	5	19	8	19	5	6	11	0	0	14	4	1	9	7	8	6	3	11	6	4	2	8	13	19	2	12	5	12	5	17	7	24	8	12	14	24	14	15	33	21	21	36	6	30	18	7	12	22	3	11	10	10	5	6	16	21	26	14	4	29	12	
519_A/common_teal/Ningxi 14	6	6	5	19	8	19	5	6	11	0	0	13	4	1	9	7	8	6	3	11	6	4	2	8	13	19	2	13	5	12	5	17	7	24	8	12	14	24	14	15	33	21	21	36	6	30	18	7	12	22	3	11	10	10	5	6	16	21	26	14	4	29	12	
520_A/common_teal/Ningxi 14	6	6	5	19	8	19	5	6	11	0	0	13	4	1	9	7	8	6	3	11	6	4	2	8	13	19	2	13	5	12	5	17	6	24	8	12	15	24	14	15	33	21	21	36	6	30	18	7	12	22	3	11	10	10	5	6	16	21	26	14	4	29	12	
521_A/common_teal/Ningxi 16	6	6	5	18	8	19	5	5	11	0	0	13	4	1	9	7	8	6	3	11	6	4	2	8	13	19	2	13	5	12	5	17	7	24	8	12	14	24	14	15	33	21	21	36	6	30	18	7	12	22	3	11	10	10	5	6	16	21	26	14	4	29	12	
522_A/common_teal/Shaanx 13	8	9	4	20	7	16	6	7	12	0	0	11	2	1	9	8	10	7	1	9	5	3	4	6	15	23	3	17	3	8	4	18	9	23	9	12	13	25	13	16	35	22	23	37	3	29	16	8	12	21	3	6	8	11	6	7	16	24	21	14	5	26	16	
523_A/condor/Guangdong/1 11	7	9	6	22	6	15	5	6	11	0	0	10	4	1	9	9	10	7	2	9	5	3	2	11	12	21	6	13	5	10	4	20	10	28	10	13	10	21	11	15	34	25	17	37	6	28	18	8	12	22	4	10	9	10	4	5	18	29	28	12	2	21	10	
524_A/Copsychus_saularis 11	7	9	4	22	6	16	6	5	12	0	0	8	4	1	9	10	10	7	3	9	5	3	3	13	12	22	5	13	5	9	4	19	8	27	13	13	13	21	8	15	33	23	19	37	6	28	16	9	12	19	5	8	9	13	3	7	16	30	27	11	4	21	12	
525_A/Curlew/Hong_Kong/A 13	6	5	5	20	8	20	5	7	12	0	0	12	3	1	9	7	7	7	1	10	7	4	3	9	15	20	2	12	3	11	5	19	8	22	6	13	13	25	16	15	33	22	21	37	6	29	18	5	11	22	3	11	11	12	5	7	15	22	26	12	5	27	12	
526_A/Cygnus_atratus/Hub 13	7	8	4	20	7	17	6	9	12	0	0	10	3	1	9	8	10	6	2	9	4	4	3	7	15	23	3	15	3	8	4	18	10	23	9	12	12	26	13	14	34	22	20	37	5	26	21	6	13	22	4	9	8	10	5	8	18	26	25	14	2	24	12	
527_A/Cygnus_atratus/Hub 13	7	8	4	20	7	17	6	9	12	0	0	10	3	1	9	8	10	6	2	10	4	4	3	6	16	23	3	15	2	8	4	18	10	23	9	12	12	26	13	15	34	22	20	37	5	26	21	6	13	22	3	9	8	10	5	7	18	26	26	14	2	24	12	
528_A/Cygnus_columbianus 12	8	9	4	21	7	16	6	7	12	0	0	11	2	1	9	8	10	7	1	9	5	3	4	6	15	23	3	17	3	8	4	18	9	23	9	12	13	25	13	16	35	23	23	37	3	28	16	8	12	21	3	6	8	11	6	7	16	24	21	14	5	26	16	
529_A/Cygnus_columbianus 12	8	9	4	21	7	16	6	7	12	0	0	11	2	1	9	8	10	7	1	9	5	3	4	6	16	23	3	17	2	8	4	18	9	23	9	12	13	25	13	16	35	22	23	37	3	28	17	8	12	21	3	6	8	11	5	7	16	24	22	14	5	26	16	
530_A/Cygnus_columbianus 12	8	9	4	21	7	16	6	6	12	0	0	11	2	1	9	7	10	7	1	10	5	3	4	7	15	23	3	17	3	8	4	17	9	23	9	13	13	25	13	16	35	23	23	37	3	28	16	8	12	22	3	6	8	10	6	7	16	24	21	14	5	26	16	
531_A/Cygnus_columbianus 12	8	9	4	21	7	16	6	7	12	0	0	11	2	1	9	8	10	7	1	9	5	3	4	6	15	23	3	17	3	8	4	18	9	22	10	12	13	25	13	16	35	23	23	37	3	28	16	8	12	21	3	6	8	11	6	7	16	24	21	14	5	26	16	
532_A/Cygnus_columbianus 12	8	9	4	21	7	16	6	7	12	0	0	11	2	1	9	8	10	7	1	9	5	3	4	6	15	23	3	17	3	8	4	18	9	23	9	12	13	25	13	16	35	22	23	37	3	29	16	8	12	21	3	6	8	11	6	8	15	24	21	13	6	26	16	
533_A/Cygnus_columbianus 12	8	9	4	21	7	16	6	7	12	0	0	11	2	1	9	8	10	7	1	9	5	3	4	6	15	23	3	17	3	8	4	18	9	23	9	12	13	25	13	16	35	23	23	37	3	27	17	8	12	21	3	6	8	11	6	7	16	24	21	14	5	26	16	
534_A/Cygnus_columbianus 12	8	9	4	21	7	16	6	7	12	0	0	11	2	1	9	8	10	7	1	9	5	3	4	6	15	23	3	17	3	8	4	17	9	23	9	13	13	25	13	16	35	23	23	37	3	28	16	8	12	21	3	6	8	11	6	7	16	24	21	14	5	26	16	
535_A/Cygnus_columbianus 12	7	7	4	21	7	18	6	6	13	0	0	8	2	1	9	9	12	6	2	9	3	4	3	11	14	23	3	15	3	8	6	16	12	23	10	11	11	24	12	18	36	27	21	36	3	25	15	6	8	22	4	12	12	11	6	5	16	29	27	13	4	20	11	
536_A/Cygnus_columbianus 12	6	9	4	21	8	16	6	7	11	0	0	6	4	1	9	8	12	6	2	10	3	4	3	10	15	23	4	17	2	8	5	14	10	28	9	14	11	20	13	17	34	23	23	36	5	28	14	6	10	17	3	11	10	17	5	6	19	24	29	14	3	24	9	
537_A/Cygnus_columbianus 12	7	6	4	21	7	19	6	6	13	0	0	8	2	1	9	9	12	6	2	9	3	4	3	11	14	22	3	15	3	9	6	17	11	23	10	11	11	24	12	18	36	27	21	36	3	25	15	6	8	22	4	12	12	11	6	5	17	29	26	13	4	20	11	
538_A/Cygnus_columbianus 12	7	6	4	21	7	19	6	6	13	0	0	8	2	1	9	9	12	6	2	9	3	4	3	11	14	22	3	15	3	9	6	17	11	23	10	11	11	24	12	18	36	27	21	36	3	25	15	6	8	22	4	12	12	11	6	5	17	29	26	13	4	20	11	
539_A/domestic_green-win 11	7	8	6	22	6	17	4	5	11	0	0	11	4	1	9	9	10	6	2	8	5	4	2	8	14	20	4	16	3	12	4	17	9	25	10	12	11	24	11	16	36	24	21	37	4	27	18	8	11	23	4	11	9	9	4	8	16	23	27	9	7	27	11	
540_A/duck/Anhui/AH328/2 10	7	9	4	23	7	16	6	5	12	0	0	8	3	1	9	12	10	7	3	7	5	3	3	13	11	21	5	13	6	10	4	19	8	25	12	13	12	23	9	17	34	23	22	36	6	27	14	8	12	19	6	9	9	14	3	8	15	27	20	10	5	22	18	
541_A/duck/Anhui/S4/2016 10	7	9	3	23	7	16	7	5	12	0	0	8	3	1	9	12	10	7	3	7	5	3	3	13	11	21	5	13	6	10	4	19	8	25	12	13	11	23	9	17	35	23	22	36	6	27	14	8	12	19	6	9	9	14	3	8	15	27	19	10	5	22	19	
542_A/duck/Changhua/15A0 10	8	6	5	23	6	19	5	11	14	0	0	9	1	1	9	9	12	6	2	9	3	4	3	7	14	20	4	12	3	11	5	17	10	24	7	13	10	24	16	15	38	22	23	39	2	28	15	6	11	19	3	10	10	12	5	5	16	28	27	14	5	22	11	
543_A/duck/Changhua/15A0 10	8	6	5	23	6	19	5	10	14	0	0	9	1	1	9	9	12	6	2	9	3	4	3	8	14	20	4	12	3	11	4	17	10	23	7	13	10	26	15	15	38	22	23	39	2	28	16	6	11	18	3	10	10	13	5	5	16	28	28	14	5	22	10	
544_A/duck/Chiayi/150800 11	7	9	4	22	8	16	6	5	11	0	0	11	3	1	9	9	10	7	2	9	4	3	3	9	11	22	3	14	7	10	6	14	9	24	7	16	10	24	15	15	38	21	17	37	3	30	20	6	12	22	3	11	9	10	5	7	17	25	24	12	4	25	14	
545_A/duck/China/0936/20 15	8	10	6	18	6	15	4	5	15	0	0	12	0	1	9	11	11	6	2	7	3	3	2	11	13	20	4	12	5	11	6	18	10	23	10	13	10	25	12	17	33	25	25	36	7	24	13	8	14	24	6	10	8	10	3	6	18	26	28	10	2	23	10	
546_A/duck/China/0938/20 15	8	10	6	18	6	15	4	5	15	0	0	12	0	1	9	11	11	6	2	7	3	3	2	11	13	20	4	12	5	11	6	18	10	23	10	13	10	25	12	17	33	25	25	36	7	24	13	8	14	24	6	10	8	10	3	6	18	26	28	10	2	23	10	
547_A/duck/China/DK87/20 13	9	11	5	20	6	14	5	7	12	0	0	10	2	1	9	10	14	8	2	6	2	2	2	11	10	22	2	12	6	9	8	21	10	24	9	10	10	25	12	16	31	28	25	37	10	25	12	10	9	23	4	9	12	9	5	7	18	30	28	9	3	18	9	
548_A/duck/China/E26/201 12	8	11	5	21	6	14	5	8	10	0	0	9	4	1	9	10	9	7	2	9	6	3	2	9	12	22	7	14	5	9	5	20	10	31	9	11	10	19	11	17	34	24	19	37	6	26	16	10	10	22	6	7	10	10	3	7	16	29	25	10	5	22	12	
549_A/duck/China/E53/201 11	6	9	5	22	6	16	5	5	13	0	0	8	3	1	9	9	10	7	2	10	5	3	2	12	11	22	7	14	6	9	5	20	9	28	12	12	11	22	8	17	32	23	20	37	7	27	15	9	12	18	4	9	8	14	4	6	18	31	26	11	3	20	12	
550_A/Duck/China/H5N6/20 10	7	9	3	23	7	16	7	5	13	0	0	10	2	1	9	12	10	7	3	6	5	3	3	10	12	21	5	14	5	10	4	21	8	25	12	13	13	23	9	16	32	23	21	36	7	27	15	8	11	19	6	9	10	13	3	8	15	28	22	10	5	22	16	
551_A/duck/China/YD1516/ 14	8	8	7	20	5	17	3	8	12	0	0	10	4	1	9	12	12	6	4	8	4	4	0	6	12	19	4	13	4	12	6	16	8	28	10	14	13	19	11	16	36	28	23	37	3	25	13	8	9	22	5	9	11	12	3	12	20	27	25	6	2	22	13	
552_A/duck/Chongqing/S43 13	8	7	5	20	7	18	5	5	10	0	0	11	4	1	9	9	9	6	1	8	6	4	4	9	14	23	2	16	3	8	5	18	8	21	10	12	13	28	11	15	34	22	23	37	4	29	16	7	11	21	5	8	10	11	3	8	18	27	32	13	3	23	7	
553_A/duck/Dongguan/2685 11	7	9	4	22	6	16	6	5	12	0	0	8	4	1	9	10	10	7	3	9	5	3	3	13	12	22	5	13	5	9	4	20	8	26	11	13	12	23	9	16	34	21	20	37	6	28	16	8	12	19	6	8	9	13	3	6	16	30	22	11	4	22	16	
554_A/Duck/Dongting/D76- 13	8	7	5	20	7	18	5	6	10	0	0	11	4	1	9	10	10	6	1	8	5	4	4	8	14	23	2	15	3	8	5	18	9	21	10	12	13	27	12	15	34	18	21	37	4	33	18	7	11	22	2	9	10	11	4	8	18	25	29	12	3	25	10	
555_A/duck/Eastern_China 12	6	10	5	21	7	15	5	8	13	0	1	11	3	0	9	9	11	6	4	8	5	4	0	8	13	21	3	14	3	11	7	16	9	25	10	12	12	25	10	18	36	21	22	36	3	32	13	9	12	20	6	10	9	12	3	7	18	25	26	10	3	25	11	
556_A/duck/Eastern_China 12	6	10	5	21	7	15	5	9	13	0	1	10	3	0	9	9	11	6	4	8	5	4	0	8	13	21	2	14	3	11	7	17	9	25	10	12	12	26	10	17	35	23	23	37	4	29	14	8	12	20	6	10	9	11	3	7	18	25	27	10	3	25	10	
557_A/duck/Eastern_China 13	6	8	6	20	7	17	4	8	12	0	1	10	3	0	9	10	8	5	2	7	7	5	2	8	12	19	6	15	5	12	5	16	12	26	10	14	10	23	11	18	32	23	19	37	5	29	17	8	11	21	8	9	9	12	2	7	18	27	23	12	3	22	13	
558_A/duck/Eastern_China 12	6	10	5	21	7	15	5	9	13	0	1	10	3	0	9	9	11	6	4	8	5	4	0	8	13	21	2	13	4	11	7	17	9	25	10	11	12	26	10	18	36	23	23	37	3	29	14	8	12	20	6	10	9	11	3	7	18	25	27	10	3	25	10	
559_A/duck/Eastern_China 12	8	8	6	21	5	17	4	5	15	0	0	13	1	1	9	9	12	6	3	9	3	4	1	8	14	19	3	13	3	12	6	17	12	26	9	11	11	22	12	17	34	25	24	37	4	28	12	8	9	22	5	9	12	12	3	9	17	29	24	10	4	20	14	
560_A/duck/Eastern_China 13	6	10	5	20	8	15	5	8	12	0	1	12	4	0	9	9	10	6	4	8	4	4	0	8	14	21	2	13	3	11	7	15	9	24	10	11	12	26	10	18	35	21	24	37	4	32	12	8	12	19	7	12	10	13	2	7	17	24	25	10	3	26	12	
561_A/duck/Eastern_China 13	6	10	5	20	8	15	5	9	12	0	1	11	4	0	9	9	11	6	4	7	4	4	0	11	13	21	1	10	3	11	8	15	9	24	9	14	12	26	11	18	35	20	22	35	4	32	15	8	12	19	6	11	9	13	4	6	18	23	24	12	3	27	12	
562_A/duck/Eastern_China 12	8	8	6	21	5	17	4	8	15	0	1	11	1	0	9	8	12	6	3	10	4	4	1	7	14	19	3	14	2	13	6	17	11	26	9	13	11	22	12	16	35	25	25	36	3	27	13	8	11	22	5	10	9	12	3	9	19	27	26	9	3	21	12	
563_A/duck/Eastern_China 12	8	8	6	21	5	17	4	8	15	0	1	11	1	0	9	8	12	6	3	10	4	4	1	7	14	19	3	14	2	13	6	17	11	26	9	13	11	22	12	16	35	24	25	36	3	27	13	8	11	22	4	10	9	12	4	9	19	27	26	9	3	21	13	
564_A/duck/Eastern_China 12	8	8	6	21	5	17	4	8	15	0	1	11	1	0	9	8	12	6	3	10	5	4	1	8	13	19	3	13	2	13	6	16	11	26	9	14	11	22	12	16	35	24	25	36	3	27	13	8	11	22	5	10	9	13	3	9	19	27	26	9	3	21	12	
565_A/duck/Eastern_China 12	8	8	6	21	5	17	4	8	15	0	1	11	1	0	9	8	12	6	3	10	4	4	1	7	14	19	3	14	2	13	6	17	11	26	9	13	11	22	12	16	35	24	25	36	3	27	13	8	11	22	5	10	9	12	3	9	19	27	26	9	3	22	12	
566_A/duck/Eastern_China 12	7	9	5	21	6	16	5	8	15	0	1	13	1	0	9	9	11	6	3	9	5	4	2	6	12	21	3	13	4	11	5	19	10	22	10	12	12	25	13	14	33	25	21	36	5	27	16	5	11	23	5	10	9	9	4	9	19	25	27	13	3	25	10	
567_A/duck/Eastern_China 12	8	8	6	21	5	17	4	6	15	0	1	12	1	0	9	9	12	6	3	9	3	4	1	8	14	19	3	14	3	13	6	16	11	26	9	13	11	22	12	16	34	25	24	36	4	27	13	9	10	22	5	10	11	12	3	9	16	28	24	9	5	21	14	
568_A/duck/Eastern_China 13	8	8	6	20	5	17	4	10	12	0	1	10	4	0	9	11	12	6	3	8	5	4	1	7	11	19	4	12	4	13	6	16	8	26	10	14	13	21	11	16	36	28	24	37	3	25	12	8	11	21	5	9	9	13	3	12	19	27	25	6	3	22	13	
569_A/duck/Eastern_China 12	9	9	6	21	4	16	4	5	15	0	1	13	1	0	9	9	12	6	3	9	2	6	1	8	14	19	3	14	3	13	6	17	12	26	9	12	11	21	12	17	34	24	24	36	4	28	13	8	10	22	5	9	11	12	3	8	16	29	24	10	5	20	14	
570_A/duck/Eastern_China 11	7	9	4	22	6	16	6	4	12	0	1	9	4	0	9	10	10	7	3	9	5	3	3	14	12	22	5	12	5	10	4	20	8	26	11	13	11	23	9	16	36	25	20	37	5	26	16	8	12	19	6	9	9	13	3	5	16	28	22	11	4	22	16	
571_A/duck/Eastern_China 11	7	9	4	22	6	16	6	4	12	0	1	9	4	0	9	11	10	7	2	10	5	4	3	11	12	22	7	13	5	9	4	24	10	28	13	9	12	20	8	16	33	22	19	37	6	30	15	7	11	20	5	10	9	13	4	6	17	30	23	10	3	20	14	
572_A/duck/Eastern_China 13	7	11	6	20	5	14	4	7	13	0	1	11	4	0	9	9	10	6	4	7	6	5	0	8	12	21	3	14	4	11	6	16	12	20	10	13	13	27	10	18	33	26	23	37	4	26	14	8	12	20	6	11	9	11	4	7	18	27	24	10	3	24	12	
573_A/duck/Eastern_China 12	7	9	4	21	6	16	6	4	11	0	1	9	5	0	9	12	10	7	3	8	5	3	3	12	11	23	5	13	6	9	4	21	8	28	12	12	12	21	9	15	36	22	20	37	4	28	16	8	12	18	5	9	10	14	3	5	15	32	24	12	4	19	14	
574_A/duck/Eastern_China 13	7	6	5	20	8	19	5	6	11	0	1	11	3	0	9	10	9	6	2	8	5	4	3	8	14	21	4	15	4	11	3	20	10	21	9	10	11	27	13	15	33	21	22	37	6	29	18	5	13	22	4	10	8	10	3	6	16	22	29	15	5	28	10	
575_A/duck/Eastern_China 11	6	8	4	22	8	17	6	7	13	0	1	10	2	0	9	10	11	6	2	8	4	3	3	6	15	21	3	17	2	11	6	17	10	21	8	13	10	28	14	15	39	20	22	37	1	31	15	8	11	22	4	9	10	10	4	8	16	27	30	11	5	23	8	
576_A/duck/Fujian/1.17_F 16	8	9	5	17	5	16	5	4	15	0	0	12	1	1	9	10	11	6	2	8	4	4	2	11	12	20	3	13	5	10	7	19	7	26	11	13	12	23	10	14	33	28	20	37	8	24	17	7	13	22	3	12	9	11	7	4	18	26	26	12	2	23	10	
577_A/duck/Fujian/03.18_ 11	8	9	4	21	5	16	6	4	12	0	0	8	4	1	9	9	9	7	3	9	6	3	3	16	12	23	4	10	4	8	5	20	7	28	10	14	12	20	10	16	36	23	20	36	4	28	15	8	13	16	6	6	9	15	3	6	15	29	22	11	4	22	16	
578_A/duck/Fujian/05.07_ 12	7	8	4	21	7	17	6	6	13	0	0	8	2	1	9	12	10	7	3	7	5	3	3	10	12	21	5	15	5	10	4	19	8	27	11	14	13	22	9	16	34	21	20	37	5	28	17	8	12	19	8	8	9	13	2	7	17	28	20	10	4	22	17	
579_A/duck/Fujian/05.07_ 12	7	8	4	21	7	17	6	6	13	0	0	8	2	1	9	12	10	7	3	7	5	3	3	10	12	21	5	15	5	10	4	19	8	27	11	14	13	22	9	16	34	21	20	37	5	28	17	8	12	19	8	8	9	13	2	7	17	28	20	10	4	22	17	
580_A/duck/Fujian/05.07_ 12	7	8	4	21	7	17	6	6	13	0	0	8	2	1	9	12	10	7	3	7	5	3	3	10	12	21	5	15	5	10	4	19	8	27	11	14	13	22	9	16	34	21	20	37	5	28	17	8	12	19	8	8	9	13	2	7	17	28	20	10	4	22	17	
581_A/duck/Fujian/10.26_ 16	8	10	5	17	7	15	5	5	14	0	0	12	1	1	9	11	11	6	2	6	3	4	2	10	13	19	5	13	5	12	6	18	10	23	10	12	10	25	12	16	32	24	22	37	8	25	16	7	11	21	5	14	8	11	4	4	18	27	28	11	4	22	10	
582_A/duck/Fujian/10.26_ 16	8	10	5	17	7	15	5	5	14	0	0	12	1	1	9	11	11	6	2	6	3	4	2	10	13	19	5	13	5	12	6	18	9	23	10	12	11	25	12	16	32	24	22	37	8	25	16	7	11	21	5	14	8	11	4	4	18	27	29	11	4	22	9	
583_A/duck/Fujian/11.3_F 16	8	10	5	17	6	15	5	4	14	0	0	13	1	1	9	11	11	6	2	6	3	4	2	13	13	21	3	11	5	10	7	17	8	23	11	14	11	25	11	16	34	24	23	37	7	27	14	8	12	21	5	11	8	11	4	5	19	26	32	10	3	23	6	
584_A/duck/Fujian/11.3_F 16	8	10	5	17	6	15	5	4	14	0	0	13	1	1	9	11	11	6	2	6	3	4	2	13	13	21	3	11	5	10	7	17	8	23	11	14	11	25	11	16	33	24	23	37	8	27	14	8	12	21	5	11	8	11	4	5	19	26	32	10	3	23	6	
585_A/duck/Fujian/11.23_ 16	8	10	5	17	7	15	5	5	14	0	0	12	1	1	9	11	11	6	2	6	3	4	2	10	13	18	5	13	5	12	6	18	10	23	10	12	10	25	12	16	32	25	22	37	8	25	16	7	11	21	5	14	8	11	4	4	18	27	28	11	4	22	10	
586_A/duck/Fujian/11.23_ 16	8	9	5	16	7	15	5	5	14	0	0	12	1	1	9	11	11	7	2	7	3	4	2	10	13	18	5	13	5	12	6	18	9	23	10	12	11	25	12	15	32	25	22	37	8	25	16	7	11	21	5	14	8	11	4	4	19	27	28	11	4	22	10	
587_A/duck/Fujian/11.23_ 16	8	10	5	17	7	15	5	5	14	0	0	12	1	1	9	11	11	6	2	6	3	4	2	10	13	19	5	13	5	12	6	18	9	23	10	12	11	25	12	16	32	23	22	37	8	26	16	7	11	21	5	14	8	11	4	4	18	27	29	11	4	22	9	
588_A/duck/Fujian/12.7_F 16	8	10	5	17	6	15	5	4	14	0	0	13	1	1	9	11	11	6	2	6	3	4	2	13	13	21	3	11	5	10	7	17	8	23	11	14	11	25	11	16	33	24	23	37	8	27	14	8	12	21	5	11	8	11	4	5	19	26	32	10	3	23	6	
589_A/duck/Fujian/12.7_F 16	8	10	5	17	6	15	5	4	14	0	0	13	1	1	9	11	11	6	2	6	3	4	2	13	13	21	3	11	5	10	7	17	8	23	11	14	11	25	11	16	34	24	23	37	7	27	14	8	13	21	5	11	7	11	4	5	19	26	32	10	3	23	6	
590_A/duck/Fujian/12.7_F 16	8	10	5	17	6	15	5	4	14	0	0	13	1	1	9	11	11	6	2	6	3	4	2	13	13	21	3	11	5	10	7	17	8	23	11	14	11	25	11	16	34	24	23	37	7	27	14	8	13	21	5	11	7	11	4	5	19	26	32	10	3	23	6	
591_A/duck/Fujian/12.7_F 16	8	10	5	17	6	15	5	4	14	0	0	13	1	1	9	11	11	6	2	6	3	4	2	13	13	21	3	11	5	10	7	17	8	23	11	14	11	25	11	16	34	24	23	37	7	27	14	8	13	21	5	11	7	11	4	5	19	26	32	10	3	23	6	
592_A/duck/Fujian/S1233/ 11	7	9	4	22	7	16	6	3	12	0	0	10	3	1	9	12	10	6	3	7	5	4	3	13	11	21	5	13	6	10	4	20	9	26	11	12	12	23	9	17	32	23	22	36	7	27	14	9	11	20	5	8	10	12	4	9	14	29	21	9	6	21	17	
593_A/duck/Fujian/S1273/ 11	7	9	4	22	7	16	6	3	12	0	0	10	3	1	9	12	10	6	3	7	5	4	3	13	11	21	5	13	6	10	4	20	9	26	11	12	12	23	9	17	32	23	22	36	7	27	14	9	11	20	5	8	10	12	4	9	14	29	21	9	6	21	17	
594_A/Duck/Fujian/S4146/ 11	7	8	5	22	6	17	5	6	11	0	0	9	4	1	9	9	9	7	2	10	6	3	2	10	11	22	6	15	6	9	6	21	8	27	12	12	12	22	9	15	32	24	19	37	8	26	16	8	12	18	5	9	9	14	3	6	17	32	24	11	3	19	14	
595_A/duck/Guangdong/01. 13	9	11	5	20	6	14	5	8	12	0	0	10	2	1	9	11	14	7	3	6	2	3	1	11	10	23	2	11	6	8	7	20	9	24	9	10	11	25	12	16	31	26	25	37	10	27	11	10	10	23	4	9	11	9	5	6	18	31	27	10	3	18	11	
596_A/duck/Guangdong/01. 14	9	11	5	19	6	14	5	8	12	0	0	10	2	1	9	11	14	7	3	6	2	3	1	11	10	23	2	11	6	8	7	20	9	24	9	10	12	25	12	16	30	27	25	37	10	26	11	10	10	23	4	9	11	9	5	6	18	31	28	10	3	18	10	
597_A/duck/Guangdong/01. 13	9	11	5	20	6	14	5	9	12	0	0	10	2	1	9	12	14	6	2	6	2	4	2	10	10	23	3	10	6	8	6	21	8	25	9	9	13	24	12	16	30	27	25	37	10	26	11	10	10	22	4	9	11	10	5	6	18	29	24	10	3	20	14	
598_A/duck/Guangdong/01. 13	9	11	5	20	6	14	5	8	12	0	0	10	2	1	9	11	14	7	2	6	2	4	2	10	10	23	2	12	6	7	7	20	9	24	9	10	11	25	12	16	31	27	25	37	10	27	11	10	10	23	4	9	11	9	5	6	18	30	28	10	3	18	10	
599_A/duck/Guangdong/01. 14	9	11	5	20	6	14	5	8	12	0	0	10	2	1	9	9	14	7	2	6	2	3	2	11	10	23	2	11	6	8	7	21	9	24	9	10	11	25	12	16	31	26	25	37	10	27	11	10	10	23	4	9	11	9	5	7	18	31	28	9	3	18	10	
600_A/duck/Guangdong/01. 13	9	11	5	20	6	14	5	8	12	0	0	10	2	1	9	11	14	7	2	6	2	3	2	11	10	23	2	11	6	8	7	20	9	25	9	10	11	24	12	16	31	26	25	37	10	27	11	10	10	23	4	9	11	9	5	6	18	31	28	10	3	18	10	
601_A/duck/Guangdong/01. 13	9	11	5	20	6	14	5	8	12	0	0	10	2	1	9	11	14	7	2	6	2	3	2	11	10	23	2	11	6	8	7	20	9	25	9	10	11	24	12	16	32	27	25	37	9	26	11	10	10	23	4	9	11	9	5	6	18	31	26	10	3	18	12	
602_A/duck/Guangdong/01. 14	9	11	5	20	6	14	5	8	12	0	0	10	2	1	9	10	14	7	2	6	2	3	2	11	10	23	2	11	6	8	7	20	9	24	9	10	11	25	12	16	31	26	25	37	10	27	11	10	10	23	4	9	11	9	5	6	18	31	28	10	3	18	10	
603_A/duck/Guangdong/01. 13	9	11	5	20	6	14	5	8	12	0	0	10	2	1	9	11	14	6	2	6	2	4	2	11	10	23	2	11	6	8	7	21	9	25	9	9	11	24	12	16	31	26	25	37	10	27	11	10	10	23	4	9	11	9	5	6	18	30	27	10	3	19	11	
604_A/duck/Guangdong/01. 13	9	11	5	20	6	14	5	8	12	0	0	10	2	1	9	11	14	7	2	6	2	3	2	11	10	23	2	11	6	8	7	20	9	24	9	10	11	25	12	16	31	26	25	37	10	27	11	10	10	23	4	9	11	9	5	6	18	31	28	10	3	18	10	
605_A/duck/Guangdong/02. 11	8	8	4	21	7	17	6	5	11	0	0	8	3	1	9	10	10	7	3	8	5	3	3	12	12	21	5	13	4	10	4	20	7	28	11	13	12	20	9	17	34	22	19	35	6	28	17	8	12	17	6	7	9	15	3	5	16	27	22	12	4	22	17	
606_A/duck/Guangdong/02. 11	8	8	4	22	7	17	6	6	11	0	0	8	3	1	9	11	10	7	3	8	5	3	3	12	12	21	5	13	5	10	4	20	8	29	11	13	12	20	9	17	34	22	19	36	6	28	17	8	12	18	6	8	9	15	3	5	16	27	22	12	4	22	17	
607_A/duck/Guangdong/02. 11	8	8	4	22	7	17	6	6	11	0	0	8	3	1	9	11	10	7	3	8	5	3	3	12	12	21	5	13	5	10	4	20	8	29	11	13	12	20	9	17	34	22	19	36	6	28	17	8	12	18	6	8	9	15	3	5	16	27	22	12	4	22	17	
608_A/duck/Guangdong/02. 11	8	8	4	21	7	17	6	5	11	0	0	8	3	1	9	10	10	7	3	8	5	3	3	12	12	21	5	13	4	10	4	20	7	28	11	13	12	20	9	17	34	22	19	35	6	28	17	8	12	17	6	7	9	15	3	5	16	28	21	12	4	22	17	
609_A/duck/Guangdong/02. 11	8	8	4	22	7	17	6	6	11	0	0	8	3	1	9	11	10	7	3	8	5	3	3	12	12	21	6	13	5	10	4	20	8	29	11	13	12	20	9	17	34	22	18	36	6	28	17	8	11	18	6	8	10	15	3	5	16	28	21	12	4	22	17	
610_A/duck/Guangdong/02. 11	8	8	4	22	7	17	6	6	11	0	0	8	3	1	9	11	10	7	3	8	5	3	3	12	12	21	5	13	5	10	4	20	8	29	11	13	12	20	9	17	34	22	19	36	6	28	17	8	12	18	6	8	9	15	3	5	16	28	21	12	4	22	17	
611_A/duck/Guangdong/03. 11	8	9	4	21	5	16	6	4	12	0	0	8	4	1	9	10	12	7	3	8	4	3	3	14	11	21	5	12	4	10	4	19	7	26	11	13	12	22	9	17	34	24	20	36	5	26	17	7	12	19	6	8	9	12	3	5	16	29	21	12	4	22	17	
612_A/duck/Guangdong/03. 11	8	9	4	22	5	16	6	5	12	0	0	8	4	1	9	11	12	7	3	8	4	3	3	14	11	21	5	12	5	10	4	20	8	26	11	12	12	23	9	17	34	24	20	37	5	26	17	7	12	20	6	9	9	12	3	5	16	29	21	12	4	22	17	
613_A/duck/Guangdong/03. 11	8	9	4	22	5	16	6	5	12	0	0	8	4	1	9	11	12	7	3	8	4	3	3	14	11	21	5	12	5	10	4	20	8	27	11	12	12	22	9	17	34	25	20	37	5	25	17	7	12	20	6	9	9	12	3	5	16	29	21	12	4	22	17	
614_A/duck/Guangdong/03. 11	8	9	4	21	7	16	6	5	12	0	0	7	3	1	9	10	9	7	3	8	5	3	3	12	12	21	5	14	4	10	4	20	8	26	12	13	12	21	9	16	33	23	20	36	6	27	16	8	11	19	6	8	10	12	3	5	16	29	22	11	4	22	16	
615_A/duck/Guangdong/03. 11	8	9	4	21	5	16	6	4	12	0	0	8	4	1	9	10	12	7	3	8	4	3	3	14	11	21	5	12	4	10	4	20	7	27	11	12	12	21	9	17	34	25	20	36	5	25	17	7	12	19	6	8	9	12	3	5	16	29	21	12	4	22	17	
616_A/duck/Guangdong/03. 11	8	9	4	22	5	16	6	5	12	0	0	8	4	1	9	11	12	7	3	8	4	3	3	14	11	21	5	12	5	10	4	20	8	27	11	12	12	22	9	17	34	25	20	37	5	25	17	7	12	20	6	9	9	12	3	5	16	29	21	12	4	22	17	
617_A/duck/Guangdong/03. 12	5	7	4	20	8	18	6	5	14	0	0	15	2	1	9	7	11	6	1	7	3	5	3	15	13	19	6	7	4	11	2	17	8	22	7	13	12	26	15	14	31	24	24	35	10	25	17	8	15	12	6	9	6	17	5	10	17	26	28	10	2	25	7	
618_A/duck/Guangdong/03. 11	8	9	4	22	5	16	6	5	12	0	0	8	4	1	9	11	12	7	3	8	4	3	3	14	11	21	5	12	5	10	4	20	8	27	11	12	12	22	9	17	34	25	20	37	5	25	17	7	12	20	6	9	9	12	3	5	16	29	21	12	4	22	17	
619_A/duck/Guangdong/03. 11	7	9	4	21	7	16	6	5	12	0	0	7	3	1	9	10	10	7	3	8	5	3	3	12	12	21	5	14	4	10	4	20	8	27	11	13	12	21	9	17	34	23	20	35	6	27	16	8	11	19	6	8	10	12	3	5	15	29	22	11	4	22	16	
620_A/duck/Guangdong/03. 11	7	9	4	21	7	16	6	5	12	0	0	7	3	1	9	10	10	7	3	8	5	3	3	12	12	21	5	14	4	10	4	20	8	27	11	13	12	21	9	17	34	23	20	35	6	27	16	8	11	19	6	8	10	12	3	5	15	29	22	11	4	22	16	
621_A/duck/Guangdong/03. 11	8	9	4	22	5	16	6	5	12	0	0	8	4	1	9	11	12	7	3	8	4	3	3	14	11	21	5	12	5	10	4	20	8	27	11	12	12	22	9	17	34	25	20	37	5	25	17	7	12	20	6	9	9	12	3	5	16	29	21	12	4	22	17	
622_A/duck/Guangdong/03. 11	8	9	4	21	5	16	6	4	12	0	0	8	4	1	9	10	12	7	3	8	4	3	3	14	11	21	5	12	4	10	4	20	7	27	11	12	12	21	9	17	34	25	20	36	5	25	17	7	12	19	6	8	9	12	3	5	16	29	21	12	4	22	17	
623_A/duck/Guangdong/03. 11	8	9	4	21	5	16	6	4	12	0	0	8	4	1	9	10	12	7	3	8	4	3	3	14	11	21	5	12	4	10	4	20	7	27	11	12	12	21	9	17	34	25	20	36	5	25	17	7	12	19	6	8	9	12	3	5	16	29	21	12	4	22	17	
624_A/duck/Guangdong/03. 11	8	9	4	22	5	16	6	5	12	0	0	8	4	1	9	11	12	7	3	8	4	3	3	14	11	21	5	12	5	10	4	20	8	27	11	12	12	22	9	17	34	25	20	37	5	25	17	7	12	20	6	9	9	12	3	5	16	29	21	12	4	22	17	
625_A/duck/Guangdong/03. 11	8	9	4	21	5	16	6	4	12	0	0	8	4	1	9	10	12	7	3	8	4	3	3	14	11	21	5	12	4	10	4	20	7	26	11	12	12	22	9	17	34	24	20	36	5	26	17	7	12	19	6	8	9	12	3	5	16	29	21	12	4	22	17	
626_A/duck/Guangdong/03. 11	8	9	4	21	5	16	6	4	12	0	0	8	4	1	9	10	12	7	3	8	4	3	3	14	11	21	5	12	4	10	4	20	7	26	11	12	11	22	9	17	35	24	20	36	5	26	17	7	12	19	6	8	9	12	3	5	16	29	21	12	4	22	17	
627_A/duck/Guangdong/03. 11	8	9	4	22	5	16	6	5	12	0	0	8	4	1	9	11	12	7	3	8	4	3	3	14	11	21	5	12	5	10	4	20	8	26	11	12	11	23	9	17	35	24	20	37	5	26	17	7	12	20	6	9	9	12	3	5	16	29	21	12	4	22	17	
628_A/duck/Guangdong/03. 11	8	9	4	22	5	16	6	5	12	0	0	8	4	1	9	11	12	7	3	8	4	3	3	14	11	21	5	12	5	10	4	20	8	26	11	12	11	23	9	17	35	24	20	37	5	26	17	7	12	20	6	9	9	12	3	5	16	29	21	12	4	22	17	
629_A/duck/Guangdong/03. 11	8	9	4	21	5	16	6	4	12	0	0	8	4	1	9	10	12	7	3	8	4	3	3	14	11	21	5	12	4	10	4	20	7	26	11	12	11	22	9	17	35	24	20	36	5	26	17	7	12	19	6	8	9	12	3	5	16	29	21	12	4	22	17	
630_A/duck/Guangdong/03. 11	8	9	4	22	5	16	6	5	12	0	0	8	4	1	9	11	12	7	3	8	4	3	3	14	11	21	5	12	5	10	4	20	8	26	11	12	12	23	9	17	34	24	20	37	5	26	17	7	12	20	6	9	9	12	3	5	16	29	21	12	4	22	17	
631_A/duck/Guangdong/03. 11	8	9	4	21	5	16	6	4	12	0	0	8	4	1	9	10	12	7	3	8	4	3	3	14	11	21	5	12	4	10	4	20	7	26	11	12	11	22	9	17	35	24	20	36	5	26	17	7	12	19	6	8	9	12	3	5	16	29	21	12	4	22	17	
632_A/duck/Guangdong/03. 11	8	9	4	21	7	16	6	5	11	0	0	8	3	1	9	10	9	7	3	8	6	3	3	12	12	21	5	13	4	10	4	20	7	28	11	13	12	20	9	17	34	22	20	35	6	28	16	7	11	18	6	8	10	14	3	5	16	28	20	12	4	22	18	
633_A/duck/Guangdong/03. 11	8	8	4	22	7	17	6	6	11	0	0	8	3	1	9	11	10	8	3	8	5	3	3	13	12	20	5	12	5	10	4	19	8	26	10	14	12	23	10	16	34	23	20	37	6	27	16	7	12	19	6	8	9	13	3	6	16	30	21	12	4	21	17	
634_A/duck/Guangdong/03. 11	8	9	4	22	7	16	6	5	11	0	0	8	3	1	9	11	9	7	3	8	6	3	3	13	12	21	5	13	5	10	4	20	8	28	11	13	12	21	9	17	34	22	20	36	6	28	16	7	11	19	6	9	10	14	3	5	16	27	20	12	4	23	18	
635_A/duck/Guangdong/03. 10	8	8	5	22	6	17	5	4	12	0	0	10	3	1	9	10	9	9	2	7	5	2	2	16	14	16	5	9	3	13	5	21	7	27	9	10	11	21	11	17	34	27	21	36	7	24	17	9	13	16	6	8	10	15	3	5	17	30	22	11	1	20	16	
636_A/duck/Guangdong/03. 11	8	9	4	21	7	16	6	5	11	0	0	8	3	1	9	10	9	7	3	8	6	3	3	12	12	21	5	13	4	10	4	20	7	28	11	13	12	20	9	17	34	22	20	35	6	28	16	7	11	18	6	8	10	14	3	5	16	28	20	12	4	22	18	
637_A/duck/Guangdong/04. 11	5	9	6	21	7	16	4	5	14	0	0	14	2	1	9	6	9	7	1	12	6	3	3	7	8	18	3	11	8	12	3	20	8	29	10	11	12	19	11	16	33	28	20	36	5	25	20	9	12	15	2	5	9	19	8	7	20	21	25	14	2	26	11	
638_A/duck/Guangdong/04. 10	7	9	4	22	7	16	6	4	12	0	0	8	3	1	9	11	10	7	3	7	5	3	3	13	11	21	5	13	5	10	4	20	7	26	11	13	12	22	9	17	34	23	21	35	6	27	15	8	12	18	6	7	9	13	3	7	15	28	19	11	5	22	19	
639_A/duck/Guangdong/04. 10	7	9	4	22	7	16	6	4	12	0	0	7	3	1	9	11	10	7	3	7	5	3	3	13	11	21	5	15	5	10	4	20	8	25	12	13	12	22	9	17	33	23	21	34	6	27	15	8	12	19	6	7	9	12	3	7	15	28	20	11	5	22	18	
640_A/duck/Guangdong/04. 11	8	10	4	21	5	15	6	4	12	0	0	8	4	1	9	10	12	7	3	8	4	3	3	14	11	21	5	12	4	10	4	20	6	26	11	12	12	22	9	17	35	23	21	36	5	26	17	7	12	19	6	8	9	12	3	5	16	29	21	12	4	22	17	
641_A/duck/Guangdong/04. 11	7	9	4	22	7	16	6	6	12	0	0	7	3	1	9	10	10	7	3	9	5	3	3	12	12	21	5	14	5	10	4	20	9	27	11	13	12	22	9	16	33	23	20	37	6	27	16	8	11	20	6	9	10	12	3	5	16	29	22	11	4	22	16	
642_A/duck/Guangdong/04. 11	8	10	4	21	5	15	6	4	12	0	0	8	4	1	9	10	12	7	3	8	4	3	3	14	11	21	5	12	4	10	4	20	6	26	11	12	12	22	9	17	35	23	21	36	5	26	17	7	12	19	6	8	9	12	3	5	16	29	21	12	4	22	17	
643_A/duck/Guangdong/04. 11	8	9	4	22	5	16	6	5	12	0	0	8	4	1	9	11	12	7	3	8	4	3	3	14	11	21	5	12	5	10	4	20	7	26	11	12	12	23	9	17	35	23	21	37	5	26	17	7	12	20	6	9	9	12	3	5	16	29	21	12	4	22	17	
644_A/duck/Guangdong/04. 11	8	9	4	21	7	16	6	5	11	0	0	8	3	1	9	10	9	7	3	8	6	3	3	12	12	21	5	13	4	10	3	20	7	28	11	13	12	20	9	17	34	22	20	35	6	28	17	7	11	18	6	8	10	14	3	5	16	28	20	12	4	22	18	
645_A/duck/Guangdong/04. 11	8	8	4	22	7	17	6	7	11	0	0	9	3	1	9	11	10	7	3	8	5	3	3	11	12	22	5	12	5	9	4	20	8	28	11	13	12	21	9	16	33	22	20	37	7	28	16	8	12	19	6	8	9	14	3	5	16	29	21	12	4	21	17	
646_A/duck/Guangdong/04. 11	8	8	4	21	7	17	6	6	11	0	0	9	3	1	9	10	10	7	3	8	5	3	3	11	12	22	5	12	4	9	4	20	7	28	11	13	12	20	9	16	33	22	20	36	7	28	16	8	11	18	6	7	9	14	3	5	16	29	21	12	5	21	17	
647_A/duck/Guangdong/04. 11	8	9	4	21	7	16	6	5	11	0	0	8	3	1	9	10	9	7	3	8	6	3	3	12	11	21	5	13	5	10	4	20	7	28	11	13	12	20	9	17	34	22	20	35	6	28	16	7	11	18	6	8	10	14	3	5	16	28	20	12	4	22	18	
648_A/duck/Guangdong/04. 11	8	9	4	22	7	16	6	6	11	0	0	8	3	1	9	11	9	7	3	8	6	3	3	12	11	21	5	13	6	10	4	20	8	28	11	13	12	21	9	17	34	22	20	36	6	28	16	7	11	19	6	9	10	14	3	5	16	28	20	12	4	22	18	
649_A/duck/Guangdong/04. 11	8	9	4	21	7	16	6	5	11	0	0	8	3	1	9	10	9	7	3	8	6	3	3	12	11	21	5	13	5	10	4	20	7	28	11	13	12	20	9	17	34	22	20	35	6	28	16	7	11	18	6	8	10	14	3	5	16	28	20	12	4	22	18	
650_A/duck/Guangdong/04. 15	7	6	4	18	7	19	6	8	12	0	0	10	4	1	9	9	9	6	2	9	5	4	3	9	14	22	3	13	3	8	5	19	10	21	9	12	11	26	13	15	33	25	21	36	7	28	17	5	12	22	3	11	8	10	3	6	17	27	28	13	5	23	12	
651_A/duck/Guangdong/04. 11	8	8	4	21	7	17	6	6	10	0	0	9	4	1	9	10	10	7	3	8	5	3	3	11	12	22	5	12	4	9	4	20	7	28	11	13	12	20	9	16	33	21	20	36	7	29	16	8	11	18	6	7	9	14	3	5	16	29	21	12	5	21	17	
652_A/duck/Guangdong/04. 10	8	8	4	22	7	17	6	6	10	0	0	9	4	1	9	10	10	7	3	8	5	3	3	11	12	22	5	12	4	9	4	20	7	28	11	13	12	20	9	16	33	21	20	36	7	29	16	8	10	18	6	7	10	14	3	5	16	29	21	12	5	21	17	
653_A/duck/Guangdong/04. 15	7	6	4	16	7	16	6	7	12	0	0	10	4	1	9	8	7	5	2	9	5	4	3	8	12	21	3	13	2	8	5	19	7	19	8	12	10	26	12	14	30	24	20	34	7	28	18	5	11	20	3	10	8	10	3	6	17	27	25	13	4	23	11	
654_A/duck/Guangdong/04. 15	7	6	4	18	7	19	6	8	12	0	0	10	4	1	9	9	9	6	2	9	5	4	3	9	14	23	2	13	3	8	5	19	10	21	9	12	11	26	13	15	33	25	20	36	7	28	18	5	12	22	3	11	8	10	3	6	17	28	28	13	5	22	12	
655_A/duck/Guangdong/04. 11	8	8	4	22	7	17	6	6	11	0	0	8	3	1	9	10	10	8	3	9	5	3	3	13	12	20	5	12	5	10	4	19	8	28	9	14	12	21	11	16	34	23	20	37	6	27	16	7	12	19	5	8	9	13	4	6	16	30	21	11	5	21	17	
656_A/duck/Guangdong/04. 11	8	8	4	22	7	17	6	6	11	0	0	8	3	1	9	11	10	8	3	8	5	3	3	13	12	20	5	12	5	10	4	19	9	26	10	14	12	23	10	16	34	23	20	37	5	27	16	7	12	19	6	8	9	13	3	6	16	30	21	12	4	21	17	
657_A/duck/Guangdong/04. 11	8	9	4	21	7	16	6	5	11	0	0	8	3	1	9	10	10	7	3	8	5	3	3	12	12	21	5	13	4	10	4	20	7	28	11	13	12	20	9	17	34	22	20	35	6	28	16	7	11	18	6	8	10	14	3	5	16	28	21	11	5	22	17	
658_A/duck/Guangdong/04. 11	8	9	4	21	7	16	6	5	11	0	0	8	3	1	9	10	9	7	3	8	6	3	3	12	12	21	5	13	4	10	4	20	7	28	11	13	12	20	9	17	34	22	20	35	6	28	16	7	11	18	6	8	10	14	3	5	16	28	20	12	4	22	18	
659_A/duck/Guangdong/04. 11	8	9	4	21	7	16	6	5	11	0	0	8	3	1	9	10	9	7	3	8	6	3	3	12	12	21	5	13	4	10	4	20	7	28	11	13	12	20	9	17	34	22	20	35	6	28	16	7	11	18	6	8	10	14	3	5	16	28	20	12	4	22	18	
660_A/duck/Guangdong/04. 11	8	9	4	21	7	16	6	5	11	0	0	8	3	1	9	10	9	7	3	8	6	3	3	12	12	21	5	13	4	10	4	20	7	28	11	13	12	20	9	17	34	22	20	35	6	28	16	7	11	18	6	8	10	14	3	5	16	28	20	12	4	22	18	
661_A/duck/Guangdong/04. 11	8	9	4	21	7	16	6	5	11	0	0	8	3	1	9	10	9	7	3	8	6	3	3	12	12	21	5	13	4	10	4	20	7	28	11	13	12	20	9	17	34	22	20	35	6	28	16	7	11	18	6	8	10	14	3	5	16	28	20	12	4	22	18	
662_A/duck/Guangdong/04. 11	8	9	4	21	7	16	6	5	11	0	0	8	3	1	9	10	9	7	3	8	6	3	3	12	12	21	5	13	4	10	4	20	7	28	11	13	12	20	9	17	34	22	20	35	6	28	16	7	11	18	6	8	10	14	3	5	16	28	20	12	4	22	18	
663_A/duck/Guangdong/04. 11	8	9	4	22	7	16	6	5	11	0	0	8	3	1	9	11	10	7	3	8	5	3	3	13	12	21	5	13	5	10	4	20	8	29	11	13	12	20	9	17	34	22	20	36	6	28	16	7	11	19	6	9	10	14	3	6	16	28	21	10	5	22	17	
664_A/duck/Guangdong/04. 11	8	9	4	21	5	16	6	4	12	0	0	8	4	1	9	10	12	7	3	8	4	3	3	14	12	21	5	12	3	10	4	20	7	26	11	12	12	22	10	16	34	24	20	36	5	26	17	7	13	19	4	8	8	12	4	7	16	29	21	11	4	22	17	
665_A/duck/Guangdong/04. 10	7	9	4	22	7	16	6	4	12	0	0	8	3	1	9	11	10	7	3	7	5	3	3	13	11	21	5	13	5	10	4	20	7	26	11	13	12	22	9	17	34	23	22	35	6	27	14	8	12	18	6	7	9	13	3	6	15	28	19	12	5	22	19	
666_A/duck/Guangdong/04. 11	8	9	4	21	7	16	6	5	11	0	0	8	3	1	9	10	9	7	3	8	6	3	3	12	12	21	5	13	4	10	4	20	7	28	11	13	12	20	9	17	34	22	20	35	6	28	16	7	11	18	6	8	10	14	3	5	16	27	20	12	4	23	18	
667_A/duck/Guangdong/04. 10	7	9	4	22	7	16	6	4	12	0	0	8	3	1	9	11	10	7	3	7	5	3	3	13	11	21	5	13	5	10	4	20	7	26	11	13	12	22	9	17	34	23	21	35	6	27	15	8	12	18	6	7	9	13	3	6	15	28	19	12	5	22	19	
668_A/duck/Guangdong/04. 10	7	9	4	23	7	16	6	5	12	0	0	8	3	1	9	12	10	7	3	7	5	3	3	13	11	21	5	13	6	10	4	20	8	26	11	13	12	23	9	17	34	23	21	36	6	27	15	8	12	19	6	8	9	13	3	6	15	28	19	12	5	22	19	
669_A/duck/Guangdong/04. 11	8	9	4	21	5	16	6	4	12	0	0	8	4	1	9	10	12	7	3	8	4	3	3	14	11	21	5	12	4	10	4	20	7	26	11	12	12	22	9	17	34	24	20	36	5	26	17	7	12	19	6	8	9	12	3	5	16	29	21	12	4	22	17	
670_A/duck/Guangdong/04. 11	8	9	4	22	5	16	6	5	12	0	0	8	4	1	9	11	12	7	3	8	4	3	3	14	11	21	5	12	5	10	4	20	8	26	11	12	12	23	9	17	34	24	20	37	5	26	17	7	12	20	6	9	9	12	3	5	16	29	21	12	4	22	17	
671_A/duck/Guangdong/04. 11	8	9	4	22	5	16	6	5	12	0	0	8	4	1	9	11	12	7	3	8	4	3	3	14	11	21	5	12	5	10	4	20	8	26	11	12	12	23	9	17	34	24	20	37	5	26	17	7	12	20	6	9	9	12	3	5	16	29	21	12	4	22	17	
672_A/duck/Guangdong/04. 11	8	9	4	21	5	16	6	4	12	0	0	8	4	1	9	10	12	7	3	8	4	3	3	14	11	21	5	12	4	10	4	20	7	26	11	12	13	22	9	17	33	24	20	36	5	26	17	7	12	19	6	8	9	12	3	5	16	29	21	12	4	22	17	
673_A/duck/Guangdong/04. 11	8	9	4	21	5	16	6	4	12	0	0	8	4	1	9	10	12	7	3	8	4	3	3	14	11	21	5	12	4	10	4	20	7	26	11	12	12	22	9	17	34	24	20	36	5	26	17	7	12	19	6	8	9	12	3	5	16	29	21	12	4	22	17	
674_A/duck/Guangdong/04. 11	8	9	4	21	7	16	6	5	11	0	0	8	3	1	9	10	9	7	3	8	6	3	3	12	11	21	5	13	4	10	4	20	7	28	11	13	12	20	9	17	34	21	20	35	6	28	16	7	11	18	6	8	10	14	3	5	16	28	20	10	4	22	18	
675_A/duck/Guangdong/04. 11	8	8	4	22	7	17	6	6	11	0	0	8	3	1	9	11	10	8	3	8	5	3	3	13	12	20	5	12	5	10	4	19	8	26	10	14	12	23	10	16	34	23	20	37	6	26	17	7	12	19	6	8	9	13	3	6	16	30	21	12	4	21	17	
676_A/duck/Guangdong/04. 11	8	9	4	21	5	16	6	4	12	0	0	8	4	1	9	10	12	7	3	8	4	3	3	14	11	21	5	12	4	10	4	20	7	26	11	12	12	22	9	17	34	24	20	36	5	26	17	7	12	19	6	8	9	12	3	5	16	29	21	12	4	22	17	
677_A/duck/Guangdong/04. 11	7	9	4	22	7	16	6	6	12	0	0	7	3	1	9	11	10	7	3	8	5	3	3	12	12	21	5	14	5	10	4	20	9	27	11	13	13	21	9	16	33	23	20	37	6	26	17	8	11	20	6	9	10	12	3	5	16	30	22	11	4	21	16	
678_A/duck/Guangdong/04. 11	8	9	4	21	7	16	6	5	11	0	0	8	3	1	9	10	9	7	3	8	6	3	3	12	12	21	5	13	4	10	4	20	7	28	11	13	12	20	9	17	34	22	20	35	6	28	16	7	11	18	6	8	10	14	3	6	16	28	20	10	5	22	18	
679_A/duck/Guangdong/04. 11	8	8	4	20	5	14	6	4	12	0	0	7	4	1	9	10	9	6	3	8	4	3	3	14	10	20	5	12	4	10	4	20	6	25	10	12	10	22	8	16	31	23	20	36	5	26	17	7	11	18	6	8	9	12	3	5	16	29	20	10	4	22	14	
680_A/duck/Guangdong/04. 11	8	9	4	21	7	16	6	5	11	0	0	8	3	1	9	10	9	7	3	8	6	3	3	12	12	21	5	13	4	10	4	20	7	28	11	13	12	20	9	17	34	22	20	35	6	28	16	7	11	18	6	8	10	14	3	5	16	28	20	12	4	22	18	
681_A/duck/Guangdong/04. 11	8	8	4	22	7	17	6	6	11	0	0	8	3	1	9	11	10	8	3	8	5	3	3	13	12	20	5	12	5	10	4	19	8	26	10	13	13	23	10	16	34	23	20	37	6	27	16	7	12	19	6	8	9	13	3	6	16	30	21	12	4	21	17	
682_A/duck/Guangdong/04. 11	8	8	4	22	7	17	6	6	11	0	0	8	3	1	9	11	10	8	3	8	5	3	3	13	12	20	5	12	5	10	4	19	8	26	10	14	12	23	10	16	34	23	20	37	6	27	16	7	12	19	6	8	9	13	3	6	16	30	21	12	4	21	17	
683_A/duck/Guangdong/04. 11	8	9	4	21	5	16	6	4	12	0	0	8	4	1	9	10	12	7	3	8	4	3	3	14	11	21	5	12	4	10	4	20	7	26	11	12	12	22	9	17	34	24	20	36	5	26	17	7	12	19	6	8	9	12	3	5	16	29	21	12	4	22	17	
684_A/duck/Guangdong/04. 11	8	8	4	22	7	17	6	6	11	0	0	8	3	1	9	11	10	8	3	8	5	3	3	13	12	20	5	12	5	10	4	19	8	26	10	14	12	23	10	16	34	23	20	37	6	27	16	7	12	19	6	8	9	13	3	6	16	30	21	12	4	21	17	
685_A/duck/Guangdong/04. 11	8	8	4	22	7	17	6	6	11	0	0	8	3	1	9	11	10	8	3	8	5	3	3	13	12	20	5	12	5	10	4	19	8	26	10	14	12	23	10	16	34	23	20	37	6	27	16	7	12	19	6	8	9	13	3	6	16	30	21	12	4	21	17	
686_A/duck/Guangdong/04. 11	8	8	4	22	7	17	6	6	11	0	0	7	3	1	9	11	9	7	3	8	6	3	3	12	12	21	5	14	5	10	4	20	8	27	11	13	12	22	9	16	34	22	20	37	6	28	16	7	12	18	6	9	9	15	3	5	16	28	20	12	4	22	18	
687_A/duck/Guangdong/04. 11	8	8	4	21	7	17	6	5	11	0	0	7	3	1	9	10	9	7	3	8	6	3	3	12	12	21	5	14	4	10	4	20	7	27	11	13	12	21	9	16	34	22	20	36	6	28	16	7	12	17	6	8	9	15	3	5	16	28	20	12	4	22	18	
688_A/duck/Guangdong/04. 10	7	9	4	23	7	16	6	5	12	0	0	8	3	1	9	12	10	7	3	7	5	3	3	13	11	21	5	13	6	10	4	20	8	26	11	13	12	23	9	17	34	23	21	36	6	27	15	8	12	19	6	8	9	13	3	6	15	28	19	12	5	22	19	
689_A/duck/Guangdong/04. 10	7	9	4	22	7	16	6	4	12	0	0	8	3	1	9	11	10	7	3	7	5	3	3	13	11	21	5	13	5	10	4	20	7	26	11	13	12	22	9	17	34	23	21	35	6	27	15	8	12	17	6	7	9	14	3	6	15	28	19	12	5	22	19	
690_A/duck/Guangdong/04. 10	7	9	4	22	7	16	6	4	12	0	0	8	3	1	9	10	10	7	2	8	5	3	4	13	11	20	5	13	5	11	4	20	7	25	10	13	13	23	10	17	33	23	21	35	6	27	15	8	12	17	6	7	9	14	3	6	15	27	20	12	5	23	18	
691_A/duck/Guangdong/04. 10	7	9	4	22	7	16	6	4	12	0	0	8	3	1	9	11	10	7	3	7	5	3	3	13	11	21	5	13	5	10	4	20	7	26	11	13	12	22	9	17	34	23	21	35	6	27	15	8	12	18	6	7	9	13	3	6	15	28	19	12	5	22	19	
692_A/duck/Guangdong/04. 10	7	9	4	22	7	16	6	4	12	0	0	8	3	1	9	11	10	7	3	7	5	3	3	13	11	21	5	13	5	10	4	20	7	26	11	13	12	22	9	17	34	23	21	35	6	27	15	8	12	18	6	7	9	13	3	6	15	28	19	12	5	22	19	
693_A/duck/Guangdong/04. 10	7	9	4	22	7	16	6	4	12	0	0	8	3	1	9	11	10	7	3	7	5	3	3	13	11	21	5	13	5	10	4	20	7	26	11	13	12	22	9	17	34	23	21	35	6	27	15	8	12	18	6	7	9	13	3	6	15	28	19	12	5	22	19	
694_A/duck/Guangdong/04. 10	7	9	4	22	7	16	6	4	12	0	0	8	3	1	9	11	10	7	3	7	5	3	3	13	11	21	5	13	5	10	4	20	7	26	11	13	12	22	9	17	34	23	21	35	6	27	15	8	12	18	6	7	9	13	3	6	15	28	19	12	5	22	19	
695_A/duck/Guangdong/04. 10	7	9	4	22	7	16	6	4	12	0	0	8	3	1	9	11	10	7	3	7	5	3	3	13	11	21	5	13	5	10	4	20	7	26	11	13	12	22	9	17	34	23	21	35	6	27	15	8	12	17	6	7	9	14	3	6	15	28	19	12	5	22	19	
696_A/duck/Guangdong/04. 11	9	8	4	22	6	17	6	6	11	0	0	8	3	1	9	11	10	7	3	8	5	3	3	12	12	21	5	13	5	10	4	20	8	27	11	13	12	22	9	16	34	22	20	37	6	28	16	8	12	19	6	8	9	13	3	5	17	29	20	12	3	22	18	
697_A/duck/Guangdong/11. 13	9	10	5	20	6	15	5	8	12	0	0	10	2	1	9	9	14	8	2	7	2	2	2	10	9	23	1	12	7	8	8	22	9	25	9	10	11	24	12	16	30	27	25	37	11	25	12	9	9	23	4	9	12	9	5	7	17	31	29	9	4	18	9	
698_A/duck/Guangdong/11. 13	9	10	5	20	6	15	5	8	12	0	0	10	2	1	9	9	14	8	2	7	2	2	2	10	9	23	1	12	7	8	8	22	9	25	9	10	11	24	12	16	30	27	25	37	11	25	12	9	9	23	4	9	12	9	5	7	17	31	29	9	4	18	9	
699_A/duck/Guangdong/11. 13	9	10	5	20	6	15	5	8	12	0	0	10	2	1	9	9	14	8	2	7	2	2	2	10	9	23	1	12	7	8	8	22	9	25	9	10	11	24	12	16	30	27	25	37	11	25	12	9	9	23	4	9	12	9	5	7	17	31	29	9	4	18	9	
700_A/duck/Guangdong/KGZ 12	7	9	3	21	7	16	7	7	12	0	0	11	3	1	9	9	10	7	1	8	5	3	4	6	15	23	3	17	3	8	4	18	9	23	10	12	13	26	12	17	35	23	24	36	3	28	15	8	11	19	3	6	9	12	6	7	16	24	23	14	5	26	14	
701_A/duck/Guangdong/KGZ 13	10	11	6	20	6	14	4	8	11	0	0	9	2	1	9	12	13	7	2	6	3	3	2	10	13	21	2	12	3	9	7	22	8	23	9	9	12	28	11	16	30	27	25	35	11	23	14	10	8	20	5	9	13	12	5	6	16	32	24	10	6	17	13	
702_A/duck/Guangdong/KGZ 13	10	11	6	20	6	14	4	8	11	0	0	9	2	1	9	12	13	7	2	6	3	3	2	10	13	21	2	12	3	9	7	21	8	23	9	9	12	28	11	16	30	27	25	35	11	23	14	11	8	20	5	9	13	12	5	6	16	32	24	10	6	17	13	
703_A/duck/Guangdong/KGZ 13	10	11	6	20	6	14	4	8	11	0	0	9	2	1	9	12	13	7	2	6	3	3	2	10	13	22	2	12	3	9	6	22	8	22	9	9	12	28	11	16	30	28	25	35	11	23	14	10	8	20	5	9	13	12	5	6	16	32	24	10	6	17	13	
704_A/duck/Guangdong/KGZ 13	10	11	6	20	6	14	4	8	11	0	0	8	2	1	9	12	13	7	2	6	3	3	2	10	13	21	2	13	3	9	7	22	8	23	9	9	12	28	11	16	30	27	25	35	11	23	14	10	8	20	5	9	13	12	5	6	16	32	24	10	6	17	13	
705_A/duck/Guangdong/KGZ 12	7	9	4	21	8	16	6	7	13	0	0	11	2	1	9	8	10	7	1	9	5	3	4	6	14	23	3	17	3	8	4	18	10	25	9	12	12	25	13	16	35	23	23	37	3	27	17	8	13	19	3	6	7	11	6	7	16	24	21	14	5	26	16	
706_A/Duck/Guangdong/PO1 11	7	9	4	22	7	16	6	3	12	0	0	10	3	1	9	12	10	7	3	7	5	3	3	12	11	21	5	14	6	10	4	20	8	25	11	12	13	23	10	17	32	22	21	36	7	28	15	8	11	19	6	9	10	13	3	8	15	30	21	10	5	20	17	
707_A/Duck/Guangdong/PO1 11	7	8	4	20	7	14	6	2	12	0	0	9	3	1	9	11	8	6	3	7	5	3	3	12	9	20	5	14	5	10	4	20	6	24	10	12	11	21	10	16	29	21	21	35	7	28	15	8	10	18	6	8	10	12	3	8	15	30	17	8	5	20	17	
708_A/Duck/Guangdong/PO1 16	7	10	5	17	7	15	5	5	14	0	0	12	1	1	9	11	11	6	2	6	3	4	2	10	13	19	5	13	5	12	6	18	10	22	9	12	10	26	13	16	34	23	22	37	6	25	16	7	11	21	5	14	9	11	4	4	18	28	30	11	4	22	8	
709_A/Duck/Guangdong/PO1 10	7	9	4	22	7	16	6	3	12	0	0	9	3	1	9	11	10	7	3	7	5	3	3	12	12	22	5	14	4	9	4	20	7	26	12	12	13	21	9	17	31	23	21	35	7	27	15	8	11	18	7	8	10	13	2	8	16	30	23	10	5	20	15	
710_A/Duck/Guangdong/PY5 11	7	9	4	22	6	16	6	5	12	0	0	8	4	1	9	10	10	7	3	9	5	3	3	13	12	21	5	13	5	10	4	20	8	26	11	13	12	23	9	16	34	22	20	37	6	28	16	8	12	19	6	8	9	13	3	6	16	29	21	11	4	22	17	
711_A/Duck/Guangdong/PY5 11	7	9	4	22	6	16	6	5	12	0	0	8	4	1	9	12	10	7	2	7	5	3	4	12	12	22	5	14	5	9	4	19	7	26	12	13	13	23	9	15	34	23	20	37	6	28	15	9	12	20	5	9	9	12	3	6	16	31	25	11	4	20	13	
712_A/duck/Guangdong/S12 12	8	9	3	21	7	16	7	7	12	0	0	11	2	1	9	9	10	7	1	10	5	3	4	6	15	23	3	16	3	8	4	17	9	24	9	12	13	25	13	16	35	23	23	37	3	28	16	8	10	19	3	6	10	12	6	7	16	24	21	14	5	26	16	
713_A/duck/Guangdong/S13 13	9	11	5	20	6	14	5	8	12	0	0	10	2	1	9	11	14	7	2	6	2	3	2	11	10	22	2	11	6	9	7	21	9	24	10	10	11	25	12	16	31	27	24	37	10	25	13	9	10	23	3	9	11	9	5	5	18	31	28	11	3	18	10	
714_A/duck/Guangdong/S45 13	7	5	5	20	7	20	5	7	12	0	0	13	3	1	9	7	9	6	2	10	5	4	3	10	15	20	2	10	3	11	5	19	8	24	6	13	14	24	16	15	32	23	22	37	6	28	17	5	11	21	4	11	11	12	5	7	15	22	25	12	5	27	12	
715_A/duck/Guangdong/S45 13	7	5	5	20	7	20	5	7	12	0	0	13	3	1	9	7	8	6	2	10	6	4	3	10	15	20	2	10	3	11	5	19	8	24	6	13	13	24	16	15	33	23	22	37	6	28	17	5	11	21	4	11	11	12	5	7	15	22	25	12	5	27	12	
716_A/duck/Guangdong/S48 12	8	9	4	21	7	16	6	7	12	0	0	11	2	1	9	8	10	7	1	10	5	3	4	6	15	23	3	16	3	8	4	18	9	23	9	11	14	25	13	16	35	23	23	37	3	28	16	8	11	20	3	6	9	12	6	8	16	24	21	13	5	26	16	
717_A/duck/Guangdong/s14 12	8	8	6	21	5	17	4	7	15	0	0	11	1	1	9	8	12	7	3	9	3	3	1	8	14	19	3	14	3	12	6	18	11	25	9	13	11	23	12	16	34	27	23	36	4	26	13	8	10	21	5	9	11	13	3	10	16	27	24	9	5	21	15	
718_A/duck/Guangdong/SE1 12	9	12	4	21	6	13	6	10	13	0	0	8	1	1	9	12	14	8	2	6	2	2	2	9	11	22	2	12	5	9	6	22	9	22	9	9	11	27	12	16	30	29	22	36	13	21	17	9	9	23	4	9	12	9	5	5	16	30	27	11	5	19	11	
719_A/Duck/Guangdong/SS1 11	7	9	4	22	6	16	6	5	12	0	0	8	4	1	9	11	10	7	3	9	5	3	2	12	12	22	7	13	5	8	4	24	10	27	13	9	12	22	8	16	33	23	18	37	6	29	16	7	11	19	5	10	9	13	4	6	17	29	23	10	3	22	14	
720_A/duck/Guangdong/wy1 13	6	9	4	20	6	16	6	9	14	0	1	9	3	0	9	8	12	6	2	8	5	4	2	10	12	22	2	13	4	10	7	17	9	24	10	13	12	25	11	17	36	21	24	36	3	31	13	8	10	20	5	10	10	12	2	7	18	26	26	10	4	24	13	
721_A/duck/Guangdong/wy1 13	6	9	4	20	6	16	6	9	14	0	1	9	3	0	9	9	11	6	2	8	5	4	2	10	12	22	2	13	4	10	7	18	9	26	10	13	12	24	11	16	36	21	24	36	3	31	13	8	10	19	4	10	10	12	3	8	18	25	26	10	4	24	13	
722_A/duck/Guangdong/wy2 13	6	9	5	20	6	16	5	9	14	0	1	10	3	0	9	10	10	6	3	8	6	4	1	7	12	22	2	14	4	10	7	17	9	25	10	12	12	23	12	17	35	19	24	37	4	33	13	10	11	20	5	9	9	10	4	7	18	25	28	9	4	25	11	
723_A/Duck/Guangdong/Yan 10	7	9	4	23	7	16	6	4	12	0	0	9	3	1	9	12	10	6	3	7	5	4	3	11	12	21	4	15	5	10	4	20	9	26	11	12	13	22	10	17	32	23	22	36	6	27	15	7	11	18	7	9	9	14	2	9	17	30	22	10	4	20	16	
724_A/duck/Guangxi/12.25 12	7	9	4	21	6	16	6	5	11	0	0	8	5	1	9	11	10	7	3	9	5	3	3	12	11	23	5	13	6	8	4	21	7	28	12	12	13	21	9	15	36	22	20	37	4	28	16	8	12	18	5	9	10	14	3	6	15	32	24	11	4	19	14	
725_A/duck/Guangxi/S1009 12	8	9	4	21	7	16	6	7	13	0	0	11	2	1	9	8	10	7	1	9	5	3	4	6	14	23	3	17	3	8	4	17	9	23	9	12	13	25	13	16	34	23	24	38	4	28	15	8	11	21	3	6	9	12	6	7	16	24	21	14	5	25	16	
726_A/duck/Guangxi/S1026 12	8	9	4	21	7	16	6	7	13	0	0	11	2	1	9	8	10	7	1	9	5	3	4	6	14	23	3	17	3	8	4	17	9	23	9	12	13	25	13	16	35	23	24	38	3	28	15	8	11	21	3	6	9	11	6	7	16	24	21	14	5	26	16	
727_A/duck/Guangxi/S1104 12	8	9	4	21	7	16	6	7	13	0	0	11	2	1	9	8	10	7	1	9	5	3	4	7	14	23	3	16	3	8	4	18	9	23	9	12	13	25	13	16	35	23	24	37	3	28	15	8	12	21	3	6	8	11	6	7	16	24	20	14	5	26	17	
728_A/duck/Guangxi/S2119 12	8	9	4	21	7	16	6	7	13	0	0	11	2	1	9	8	10	7	1	9	5	3	4	6	14	23	3	17	3	8	4	18	9	23	9	12	13	25	13	16	35	23	24	37	3	27	16	8	12	21	3	6	8	11	6	7	16	24	21	14	5	26	16	
729_A/duck/Guangxi/S3111 11	5	8	6	22	7	17	4	9	15	0	0	9	2	1	9	9	11	6	4	6	3	4	1	11	12	24	4	14	6	7	5	18	7	27	9	11	14	23	12	18	32	26	21	37	7	23	18	8	11	17	2	7	9	15	6	9	17	27	26	11	4	22	12	
730_A/duck/Guangzhou/018 12	7	9	4	21	6	16	6	5	12	0	0	8	4	1	9	10	10	7	3	9	5	3	3	13	12	22	5	13	5	9	4	20	8	25	11	13	12	24	9	16	34	22	20	37	6	28	16	8	12	19	6	8	9	13	3	6	16	28	22	11	4	23	16	
731_A/duck/Guangzhou/021 11	8	9	4	22	6	16	6	5	12	0	0	8	4	1	9	10	9	8	3	9	5	2	3	13	12	21	5	13	5	10	4	20	8	26	11	13	12	23	9	16	34	22	20	37	6	28	16	8	12	19	6	8	9	13	3	6	16	29	22	11	4	22	16	
732_A/duck/Guizhou/7.27_ 11	7	9	4	21	7	16	6	2	12	0	0	10	3	1	9	11	10	7	3	7	5	3	3	12	12	21	5	14	4	9	4	20	8	25	12	12	12	22	9	17	33	24	21	35	6	27	15	8	10	18	6	8	11	13	3	8	16	30	22	10	4	20	16	
733_A/duck/Guizhou/8.26_ 14	7	10	4	18	7	15	6	3	12	0	0	9	3	1	9	11	11	7	4	7	5	3	2	13	10	21	5	13	5	10	4	20	9	28	11	12	12	20	9	16	32	23	22	35	6	27	14	7	11	18	5	8	10	13	4	10	15	30	24	10	5	20	14	
734_A/duck/Guizhou/8.26_ 11	7	9	4	22	7	16	6	3	12	0	0	10	3	1	9	12	10	7	3	7	5	3	3	12	12	21	5	14	5	9	4	20	9	26	12	12	12	22	9	17	33	24	21	36	6	27	15	8	10	19	6	9	11	13	3	8	16	30	22	10	4	20	16	
735_A/duck/Guizhou/S1321 13	7	5	5	20	7	20	5	7	12	0	0	13	3	1	9	7	8	6	2	10	6	5	3	10	15	19	2	11	3	11	5	19	8	23	6	13	13	25	16	15	33	23	21	36	6	28	18	5	11	21	4	11	11	12	5	7	15	22	25	12	5	27	12	
736_A/duck/Guizhou/S1711 14	7	9	4	20	6	16	6	6	9	0	0	9	7	1	9	10	11	6	1	8	4	4	4	9	14	18	3	16	3	13	5	16	8	27	9	10	12	21	12	17	36	22	22	37	4	30	15	11	10	20	3	9	12	13	6	6	14	23	31	11	6	25	8	
737_A/duck/Guizhou/S4702 17	7	9	5	16	6	16	5	4	14	0	0	11	2	1	9	10	10	6	2	8	4	4	2	11	14	21	4	14	4	10	5	16	10	23	12	12	9	25	10	18	35	27	23	37	5	25	14	9	13	20	4	12	8	12	5	5	19	27	30	11	1	22	8	
738_A/duck/Hainan/12.29_ 11	7	10	4	22	7	15	6	4	12	0	0	9	3	1	9	12	10	7	4	7	5	3	2	14	11	21	5	12	6	10	4	20	10	27	11	12	12	22	9	16	32	24	22	36	6	26	14	8	11	19	5	9	10	13	4	10	15	30	22	9	5	20	16	
739_A/duck/Hebei/3/2011| 12	8	8	5	21	5	17	5	8	15	0	0	10	1	1	9	9	11	6	3	10	5	4	1	6	13	19	3	15	3	12	5	16	11	27	9	14	12	21	12	16	34	25	23	36	3	27	14	9	10	22	4	9	10	12	4	9	18	28	25	9	4	21	14	
740_A/duck/Hebei/S1070/2 12	7	9	4	21	7	16	6	7	14	0	0	11	2	1	9	8	10	7	1	9	5	3	4	6	14	24	3	17	3	7	4	17	9	24	9	13	13	25	13	16	35	22	23	37	3	28	17	8	12	20	3	6	8	11	5	7	16	24	22	14	5	26	16	
741_A/duck/Henan/01.01_L 10	4	8	5	23	8	17	5	6	13	0	0	14	3	1	9	6	9	6	0	11	5	5	4	7	13	16	3	13	5	13	7	20	7	30	12	10	12	20	11	15	32	24	21	38	8	27	15	9	11	20	2	9	10	12	8	7	19	27	25	11	4	22	11	
742_A/duck/Henan/S1381/2 12	8	9	4	21	7	16	6	7	13	0	0	11	2	1	9	8	10	7	1	9	5	3	4	6	14	24	3	17	3	7	4	18	9	24	9	12	13	25	13	16	35	22	22	37	3	28	18	8	12	20	3	6	8	11	5	7	16	24	22	14	5	26	16	
743_A/duck/Hsinchu/15020 11	10	6	5	22	4	19	5	10	14	0	0	9	1	1	9	9	12	6	2	9	3	4	3	7	14	20	4	13	3	11	5	17	10	23	7	13	10	26	15	15	38	22	24	39	2	28	14	6	11	19	3	10	10	12	5	5	16	28	27	14	5	22	11	
744_A/duck/Hubei/03.06__ 13	7	9	5	20	7	16	5	7	13	0	1	11	2	0	9	8	7	6	2	9	5	4	2	12	16	22	1	11	4	11	7	17	9	23	8	13	11	25	14	15	33	24	19	36	7	27	19	11	11	22	4	8	10	10	5	5	17	24	27	13	4	25	11	
745_A/duck/Hubei/03.06__ 11	7	9	4	22	6	16	6	5	12	0	0	8	4	1	9	11	11	7	3	9	5	3	2	13	12	22	7	12	4	8	4	24	12	26	13	9	11	23	8	18	32	26	16	37	5	27	17	7	10	20	4	10	10	13	4	5	17	31	23	10	3	19	15	
746_A/duck/Hubei/03.06__ 11	7	9	4	22	6	16	6	5	12	0	0	8	4	1	9	11	11	7	3	9	5	3	2	13	12	22	7	12	4	8	4	24	12	25	13	9	11	24	8	17	33	26	16	37	5	27	17	7	10	20	4	10	10	13	4	5	17	31	23	10	3	19	15	
747_A/duck/Hubei/03.06__ 11	7	9	4	22	6	16	6	5	12	0	0	8	4	1	9	11	11	7	3	9	5	3	2	13	12	22	7	12	4	8	4	24	12	25	13	9	11	24	8	17	33	26	16	37	5	27	17	7	10	20	4	10	10	13	4	5	17	31	23	10	3	19	15	
748_A/duck/Hubei/03.06__ 11	7	9	4	22	6	16	6	5	12	0	0	8	4	1	9	11	11	7	3	9	5	3	2	13	12	22	7	12	4	8	4	24	12	26	13	9	11	23	8	17	33	26	16	37	5	27	17	7	10	20	4	10	10	13	4	5	17	31	23	10	3	19	15	
749_A/duck/Hubei/03.06__ 11	7	9	4	22	6	16	6	5	12	0	0	8	4	1	9	11	11	7	3	9	5	3	2	13	12	22	7	12	4	8	4	24	12	27	13	9	11	23	8	17	32	27	16	37	6	26	17	7	10	19	4	10	10	13	4	5	17	31	23	10	3	19	15	
750_A/duck/Hubei/03.06__ 13	8	8	5	20	7	17	5	7	12	0	0	12	2	1	9	9	7	6	2	8	5	4	3	11	16	22	1	11	4	9	6	18	11	23	8	12	10	25	14	15	32	24	20	36	7	27	19	10	11	22	4	8	10	10	5	6	17	24	25	13	4	25	13	
751_A/duck/HuBei/03.06__ 11	7	9	4	22	6	16	6	5	12	0	0	8	4	1	9	11	11	7	3	9	5	3	2	13	12	22	7	12	4	8	4	24	12	25	13	9	11	24	8	17	33	26	16	37	5	27	17	7	10	20	4	10	10	13	4	5	17	31	23	10	3	19	15	
752_A/duck/Hubei/03.06_W 11	7	9	4	22	6	16	6	5	12	0	0	8	4	1	9	11	11	7	3	9	5	3	2	13	12	22	7	12	4	8	4	24	12	25	13	9	11	24	8	17	33	26	16	37	5	27	17	7	10	20	4	10	10	13	4	5	17	31	23	10	3	19	15	
753_A/duck/Hubei/03.06_W 11	7	9	4	22	6	16	6	5	12	0	0	8	4	1	9	11	11	7	3	9	5	3	2	13	12	22	7	12	4	8	4	24	12	26	13	9	11	23	8	17	33	26	16	37	5	27	17	7	10	20	4	10	10	13	4	5	17	31	23	10	3	19	15	
754_A/duck/Hubei/46/2009 13	5	9	5	20	8	16	5	9	14	0	0	8	2	1	9	7	11	6	2	11	4	5	2	5	13	17	3	18	5	14	7	15	10	25	10	14	13	23	12	16	34	23	22	37	3	29	14	9	12	22	2	10	9	11	5	5	18	27	26	11	3	22	12	
755_A/duck/Hubei/2911/20 11	7	9	5	22	6	16	5	6	11	0	0	10	4	1	9	9	10	8	2	8	6	3	2	11	12	21	7	14	4	10	4	19	11	28	10	13	8	20	12	15	33	23	19	37	8	29	16	7	11	22	5	9	9	11	3	8	19	28	25	11	2	20	14	
756_A/duck/Hubei/S4465/2 13	7	8	5	20	7	17	5	6	12	0	0	9	3	1	9	10	11	8	2	8	3	2	3	6	15	23	2	18	3	8	6	16	9	23	8	13	12	24	13	17	36	25	22	37	3	25	17	5	10	22	4	12	11	13	5	4	17	25	30	15	4	23	8	
757_A/duck/Hubei/SE128/2 13	7	7	5	20	7	18	5	6	12	0	0	9	3	1	9	10	10	8	2	8	3	2	3	6	16	23	2	18	3	8	6	16	9	23	8	13	12	24	14	18	35	26	21	37	3	27	16	5	10	22	3	12	11	13	5	3	17	24	30	16	4	23	8	
758_A/duck/Hubei/SE220/2 13	7	5	5	20	7	20	5	7	12	0	0	13	3	1	9	7	9	6	2	10	6	4	3	10	14	20	2	10	3	11	5	18	9	23	6	14	12	25	16	15	33	23	21	37	6	28	18	5	11	21	4	11	11	12	5	7	15	21	25	12	5	28	12	
759_A/duck/Hubei/SZY250/ 13	8	8	7	21	5	17	3	9	12	0	0	10	4	1	9	12	11	5	4	7	6	4	1	7	11	19	4	12	3	13	6	16	8	28	11	15	13	19	10	15	37	29	23	37	3	24	14	9	9	22	5	8	10	11	4	11	20	27	25	6	2	22	13	
760_A/duck/Hubei/xn/2007 11	6	9	5	22	6	16	5	7	10	0	0	10	4	1	9	10	11	7	2	9	5	3	2	10	12	22	6	14	5	9	4	19	11	29	10	13	8	20	11	16	34	24	19	36	8	28	17	7	11	21	5	10	9	11	3	7	19	29	27	10	2	21	11	
761_A/duck/Hunan/1.12_YY 13	7	9	4	20	7	16	6	3	11	0	0	9	4	1	9	12	10	7	4	7	5	3	2	13	11	21	5	14	6	10	4	20	10	26	11	12	12	23	9	17	32	23	22	36	6	27	14	8	11	19	5	9	10	13	4	8	15	30	22	10	5	20	16	
762_A/duck/Hunan/1.12_YY 13	7	9	4	20	7	16	6	3	11	0	0	9	4	1	9	12	10	7	4	7	5	3	2	13	11	21	5	14	6	10	4	20	10	26	11	12	12	23	9	17	32	23	22	36	6	27	14	8	11	19	5	9	10	13	4	8	15	30	22	10	5	20	16	
763_A/duck/Hunan/1.12_YY 11	7	9	3	22	7	16	7	3	12	0	0	9	3	1	9	12	10	7	3	7	6	3	3	12	10	22	5	15	6	9	4	20	8	24	12	12	13	24	9	17	32	22	21	36	7	28	15	7	11	18	6	10	9	14	3	8	16	30	20	11	5	19	18	
764_A/duck/Hunan/01.12_Y 11	7	9	3	22	7	16	7	3	12	0	0	9	3	1	9	12	10	7	3	7	6	3	3	12	10	22	5	15	6	9	4	20	8	24	12	12	13	24	9	17	32	22	21	36	7	28	15	8	11	18	6	9	9	14	3	8	16	30	20	11	5	19	18	
765_A/duck/Hunan/01.16_Y 12	7	9	4	22	6	16	6	5	12	0	0	8	4	1	9	10	10	7	2	9	5	3	3	12	12	22	7	13	5	8	4	22	10	28	13	9	12	21	8	16	33	23	18	37	6	29	16	9	11	20	5	10	9	13	4	7	17	30	23	9	3	20	14	
766_A/duck/Hunan/01.16_Y 11	7	9	4	21	6	16	6	4	12	0	0	8	4	1	9	10	10	7	2	9	5	3	3	12	12	22	7	13	4	8	4	23	9	28	13	9	12	20	8	16	33	23	18	36	6	29	16	8	11	19	5	9	9	13	4	7	17	30	23	9	3	20	14	
767_A/duck/Hunan/01.16_Y 11	7	9	4	22	6	16	6	4	12	0	0	8	4	1	9	12	10	7	3	9	5	3	2	13	12	22	7	13	5	8	4	23	10	27	13	9	12	22	8	15	33	24	18	37	6	28	16	7	11	19	4	10	9	13	5	7	17	29	23	10	3	22	14	
768_A/duck/Hunan/01.16_Y 11	7	9	4	21	6	16	6	3	12	0	0	8	4	1	9	11	10	7	3	9	5	3	2	13	12	22	7	13	4	8	4	23	9	27	13	9	12	21	8	15	33	24	18	36	6	28	16	7	11	18	4	9	9	13	5	7	17	29	23	10	3	22	14	
769_A/duck/Hunan/01.16_Y 11	7	9	4	21	6	16	6	3	12	0	0	8	4	1	9	11	10	7	4	9	5	3	1	13	12	22	7	13	4	8	4	23	9	27	13	9	12	21	8	15	33	24	18	36	6	28	16	7	11	18	4	9	9	13	5	7	17	29	23	10	3	22	14	
770_A/duck/Hunan/01.16_Y 11	7	9	4	22	6	16	6	4	12	0	0	8	4	1	9	12	10	7	3	9	5	3	2	12	12	22	7	14	5	8	4	23	10	27	13	9	12	22	8	15	33	24	18	37	6	28	16	7	11	19	4	10	9	13	5	7	17	29	23	10	3	22	14	
771_A/duck/Hunan/01.16_Y 11	7	9	4	22	6	16	6	4	12	0	0	8	4	1	9	12	10	7	3	9	5	3	2	13	12	22	7	13	5	8	4	23	10	27	13	9	12	22	8	15	33	24	18	37	6	28	16	7	11	19	4	10	9	13	5	7	17	29	23	10	3	22	14	
772_A/duck/Hunan/01.16_Y 11	7	9	4	22	6	16	6	4	12	0	0	8	4	1	9	12	10	7	3	9	5	3	2	13	12	22	7	13	5	8	4	23	10	27	13	9	12	22	8	15	33	24	18	37	6	28	16	7	11	19	4	10	9	13	5	7	17	29	23	10	3	22	14	
773_A/duck/Hunan/01.16_Y 11	7	9	4	22	6	16	6	4	12	0	0	8	4	1	9	12	10	7	3	9	5	3	2	13	12	22	7	13	5	8	4	23	10	27	13	9	12	22	8	15	33	24	18	37	6	28	16	7	11	19	4	10	9	13	5	7	17	29	23	10	3	22	14	
774_A/duck/Hunan/01.16_Y 11	7	9	4	21	6	16	6	3	12	0	0	8	4	1	9	11	10	7	3	9	5	3	2	13	12	22	7	13	4	8	4	23	9	27	13	9	12	21	8	15	33	24	18	36	6	28	16	7	11	18	4	9	9	13	5	7	17	29	23	10	3	22	14	
775_A/duck/Hunan/01.16_Y 11	7	9	4	22	6	16	6	4	12	0	0	8	4	1	9	12	10	7	3	9	5	3	2	13	12	22	7	13	5	8	4	23	10	27	13	9	12	22	8	15	33	24	18	37	6	28	16	7	11	19	4	10	9	13	5	7	17	29	23	10	3	22	14	
776_A/duck/Hunan/1.17_YY 18	8	10	6	15	6	15	4	5	14	0	0	12	1	1	9	11	11	6	2	7	3	4	2	11	13	20	4	12	5	11	6	17	10	23	10	14	10	25	12	16	33	24	26	37	7	25	12	8	12	22	5	10	10	11	4	7	18	27	29	9	2	22	9	
777_A/duck/Hunan/01.21_Y 11	7	9	4	22	6	16	6	5	12	0	0	8	4	1	9	11	10	7	3	9	5	3	2	12	12	22	6	13	5	8	5	23	10	26	13	10	12	23	8	16	33	24	17	37	5	29	16	7	11	20	5	10	9	13	5	5	19	31	20	11	2	19	16	
778_A/duck/Hunan/01.21_Y 10	7	9	4	23	7	16	6	4	13	0	0	9	3	1	9	11	9	7	3	9	6	3	2	12	12	22	7	13	5	8	4	24	10	27	13	9	11	22	8	16	33	23	18	37	6	29	16	7	11	19	5	10	9	13	4	5	16	28	23	11	4	23	14	
779_A/duck/Hunan/01.21_Y 11	7	9	4	22	6	16	6	5	12	0	0	8	4	1	9	11	10	7	3	9	5	3	2	12	12	22	6	13	5	8	5	23	10	26	13	10	12	23	8	16	33	24	17	37	5	29	16	7	11	20	5	10	9	12	5	4	19	31	20	12	2	20	16	
780_A/duck/Hunan/01.21_Y 11	7	9	4	22	6	16	6	6	12	0	0	8	4	1	9	10	10	7	3	9	5	3	2	11	12	22	7	13	5	8	4	25	11	26	13	9	11	23	8	16	34	25	17	37	5	30	15	7	11	20	5	10	9	13	4	6	17	32	21	10	3	17	16	
781_A/duck/Hunan/01.21_Y 11	7	9	4	21	6	16	6	4	12	0	0	8	4	1	9	10	10	7	3	9	5	3	2	12	12	22	6	13	4	8	5	23	9	26	13	10	12	22	8	16	33	24	17	36	5	29	16	7	11	19	5	9	9	13	5	5	19	31	20	11	2	19	16	
782_A/duck/Hunan/2.06_YY 10	7	9	3	23	7	16	7	4	13	0	0	10	2	1	9	12	10	7	3	7	5	3	3	11	12	21	5	14	5	10	4	21	8	26	12	12	13	22	9	16	32	22	21	36	7	28	15	8	10	18	6	9	11	14	2	8	15	30	24	10	5	20	15	
783_A/duck/Hunan/2.06_YY 12	7	8	5	21	7	17	5	2	12	0	0	11	3	1	9	12	10	7	4	7	5	3	2	14	11	21	6	12	6	10	3	20	9	26	11	12	12	23	9	17	32	23	21	36	6	27	15	7	12	19	4	10	9	13	5	9	15	31	22	9	6	19	16	
784_A/duck/Hunan/2.06_YY 10	7	9	3	23	7	16	7	4	13	0	0	10	2	1	9	12	10	7	3	7	5	3	3	11	12	21	5	14	5	10	4	21	8	26	12	12	13	22	9	16	32	22	21	36	7	28	15	8	10	18	6	9	11	14	2	8	15	30	24	10	5	20	15	
785_A/duck/Hunan/2.06_YY 10	7	9	3	23	7	16	7	4	13	0	0	10	2	1	9	12	10	7	3	7	5	3	3	11	12	21	5	14	5	10	4	21	8	26	12	12	13	22	9	16	32	22	21	36	7	28	15	8	10	18	6	9	11	14	2	8	15	30	24	10	5	20	15	
786_A/duck/Hunan/02.07__ 11	6	9	4	22	7	16	6	6	12	0	0	8	4	1	9	10	9	7	3	9	6	3	2	11	12	22	7	13	5	8	4	25	11	26	13	9	11	23	8	15	34	25	17	38	5	30	15	7	11	20	5	10	9	13	4	6	17	32	21	10	3	17	16	
787_A/duck/Hunan/02.07__ 11	6	9	4	22	7	16	6	6	12	0	0	8	4	1	9	10	9	7	3	9	6	3	2	11	12	22	7	13	5	8	4	25	11	26	13	9	11	23	8	15	34	25	17	38	5	30	15	7	11	20	5	10	9	13	4	6	17	32	21	10	3	17	16	
788_A/duck/Hunan/02.07_Y 10	7	9	4	22	7	16	6	3	13	0	0	9	3	1	9	10	9	7	3	9	6	3	2	12	12	22	7	13	4	8	4	24	9	27	13	9	11	21	8	16	33	23	18	36	6	29	16	7	11	18	5	9	9	13	4	5	16	28	23	11	4	23	14	
789_A/duck/Hunan/02.07_Y 11	6	9	4	21	7	16	6	5	12	0	0	8	4	1	9	9	9	7	3	9	6	3	2	11	12	22	7	13	4	8	4	25	10	26	13	9	11	22	8	15	34	25	17	37	5	30	15	7	11	19	5	9	9	13	4	6	17	32	21	10	3	17	16	
790_A/duck/Hunan/02.07_Y 10	7	9	4	22	7	16	6	3	13	0	0	9	3	1	9	10	9	7	3	9	6	3	2	12	12	22	7	13	4	8	4	24	9	27	13	9	11	21	8	16	33	23	18	36	6	29	16	7	11	18	5	9	9	13	4	5	16	28	23	11	4	23	14	
791_A/duck/Hunan/02.16_Y 11	7	9	4	21	6	16	6	3	12	0	0	8	4	1	9	11	10	7	3	9	5	3	2	13	12	22	7	13	4	8	4	23	9	27	13	9	12	21	8	15	33	24	18	36	6	28	16	7	11	18	4	9	9	13	5	7	17	29	23	10	3	22	14	
792_A/duck/Hunan/02.26__ 11	7	9	4	22	6	16	6	4	12	0	0	8	4	1	9	12	10	7	3	9	5	3	2	13	12	22	7	13	5	8	4	23	10	27	13	9	12	22	8	15	33	24	18	37	6	28	16	7	11	19	4	10	9	13	5	7	17	29	23	10	3	22	14	
793_A/duck/Hunan/02.26__ 11	7	9	4	22	6	16	6	4	12	0	0	8	4	1	9	12	10	7	3	9	5	3	2	13	12	22	7	13	5	8	4	23	10	27	13	9	12	22	8	15	33	24	18	37	6	28	16	7	11	19	4	10	9	13	5	7	17	29	23	10	3	22	14	
794_A/duck/Hunan/02.26__ 11	7	9	4	22	6	16	6	4	12	0	0	8	4	1	9	12	10	7	3	9	5	3	2	13	12	22	7	13	5	8	4	23	10	27	13	9	12	22	8	15	33	24	18	37	6	28	16	7	11	19	4	10	9	13	5	7	17	29	23	10	3	22	14	
795_A/duck/Hunan/02.26__ 11	7	9	4	22	6	16	6	5	12	0	0	9	4	1	9	12	10	7	3	9	5	3	2	12	11	22	7	12	6	8	4	23	10	28	13	9	12	21	8	16	33	23	17	37	6	29	17	7	11	20	4	10	9	13	5	6	17	30	23	10	3	20	14	
796_A/duck/Hunan/02.26_Y 11	7	9	4	22	6	16	6	5	12	0	0	8	4	1	9	11	10	7	2	9	5	3	3	12	13	21	7	13	4	9	4	24	10	28	13	9	12	21	8	16	33	23	18	37	6	29	16	7	11	20	5	10	9	13	4	7	17	30	23	9	3	20	14	
797_A/duck/Hunan/02.26_Y 11	7	9	4	21	6	16	6	3	12	0	0	8	4	1	9	11	10	7	3	9	5	3	2	13	12	22	7	13	4	8	4	23	9	27	13	9	12	21	8	15	33	24	18	36	6	28	16	7	11	18	4	9	9	13	5	7	17	29	23	10	3	22	14	
798_A/duck/Hunan/02.26_Y 11	7	9	4	22	6	16	6	4	12	0	0	8	4	1	9	12	10	7	3	9	5	3	2	13	12	21	7	13	5	8	4	23	10	27	13	9	12	22	8	14	34	25	18	37	6	28	16	7	11	19	4	10	9	13	5	7	17	29	23	10	3	22	14	
799_A/duck/Hunan/02.26_Y 11	6	9	4	21	7	16	6	5	12	0	0	8	4	1	9	9	9	7	3	9	6	3	2	11	12	22	7	13	4	8	4	25	10	26	13	9	11	22	8	15	34	25	17	37	5	30	15	7	11	19	5	9	8	13	5	6	17	32	21	10	3	17	16	
800_A/duck/Hunan/02.26_Y 11	7	10	4	21	6	15	6	4	12	0	0	9	4	1	9	10	10	7	2	9	5	3	3	12	11	22	7	12	5	8	4	24	9	28	13	9	12	20	8	16	33	23	17	35	7	29	17	7	11	19	5	9	9	13	4	6	17	30	23	10	3	20	14	
801_A/duck/Hunan/02.26_Y 11	7	9	4	22	6	16	6	4	12	0	0	8	4	1	9	12	10	7	3	9	5	3	2	13	12	22	7	13	5	8	4	23	10	27	13	9	12	22	8	15	33	24	18	37	6	28	16	7	11	19	4	10	9	13	5	7	17	29	23	10	3	22	14	
802_A/duck/Hunan/02.26_Y 11	7	9	4	22	6	16	6	5	12	0	0	8	4	1	9	11	10	7	2	9	5	3	3	12	11	22	7	13	6	8	4	24	10	28	13	9	12	21	8	16	33	23	17	37	6	29	17	7	11	20	5	10	9	13	4	6	17	30	23	10	3	20	14	
803_A/duck/Hunan/02.26_Y 11	7	10	4	21	6	15	6	4	12	0	0	8	4	1	9	10	10	7	2	9	5	3	3	12	11	22	7	13	5	8	4	24	9	28	13	9	12	20	8	16	33	23	17	36	6	29	17	7	11	19	5	9	9	13	4	6	17	30	23	10	3	20	14	
804_A/duck/Hunan/02.26_Y 11	7	9	4	22	6	16	6	5	12	0	0	8	4	1	9	11	10	7	2	9	5	3	3	12	11	22	7	13	6	8	4	24	9	28	13	9	13	21	8	16	33	23	17	37	6	29	17	7	11	20	5	10	9	13	4	6	17	30	23	10	3	20	14	
805_A/duck/Hunan/02.26_Y 11	7	9	4	22	6	16	6	5	12	0	0	8	4	1	9	11	10	7	2	9	5	3	3	12	11	22	7	13	6	8	4	24	10	28	13	9	12	21	8	16	33	23	17	37	6	29	17	7	11	20	5	10	9	13	4	6	17	30	23	10	3	20	14	
806_A/duck/Hunan/02.26_Y 11	7	9	4	22	6	16	6	4	12	0	0	8	4	1	9	12	10	7	3	9	5	3	2	13	12	22	7	13	5	8	4	23	10	27	13	9	12	22	8	15	33	24	18	37	6	28	16	7	11	19	4	10	9	13	5	7	17	29	23	10	3	22	14	
807_A/duck/Hunan/02.26_Y 11	7	9	4	21	6	16	6	3	12	0	0	8	4	1	9	11	10	7	3	9	5	3	2	13	12	23	7	13	4	7	4	23	9	27	13	9	12	21	8	15	33	24	18	36	6	28	16	7	11	18	4	9	9	13	5	7	17	29	23	10	3	22	14	
808_A/duck/Hunan/03.07_Y 13	5	8	5	20	6	17	5	6	14	0	0	14	4	1	9	7	11	5	2	7	3	6	2	14	13	17	6	10	5	13	2	15	9	27	6	14	13	23	15	14	30	23	28	37	8	25	14	8	13	14	5	11	8	16	5	11	17	32	28	9	3	19	8	
809_A/duck/Hunan/03.07_Y 15	8	9	5	18	6	16	5	5	14	0	0	12	1	1	9	11	10	6	2	7	3	4	2	11	14	20	5	12	5	11	5	15	11	21	10	15	11	26	11	16	33	24	26	37	6	25	12	8	14	23	5	12	8	11	3	6	18	28	30	8	3	22	8	
810_A/duck/Hunan/03.07_Y 10	7	9	3	23	7	16	7	4	13	0	0	10	2	1	9	12	10	7	3	7	5	3	3	11	12	21	5	14	5	10	4	21	8	25	12	12	13	23	9	16	32	22	21	36	7	28	15	8	9	18	6	9	12	14	2	8	15	30	24	10	5	20	15	
811_A/duck/Hunan/03.07_Y 11	7	9	2	21	7	16	8	2	12	0	0	10	3	1	9	11	10	7	3	7	5	3	3	13	11	21	5	13	5	10	4	20	7	25	12	12	13	22	9	17	32	22	21	35	7	28	15	8	11	18	6	8	10	13	3	8	15	30	21	10	5	20	17	
812_A/duck/Hunan/03.09_Y 10	4	9	5	22	8	16	5	2	13	0	0	16	3	1	9	5	9	7	1	11	5	3	3	9	13	16	3	12	4	14	6	17	9	30	9	14	12	19	13	15	33	25	20	36	4	26	17	9	12	19	2	8	10	14	8	6	18	24	26	12	4	24	10	
813_A/duck/Hunan/03.09_Y 11	9	8	4	22	7	17	6	6	11	0	1	8	3	0	9	11	10	7	3	8	5	3	3	12	12	21	5	13	5	11	4	20	9	27	11	12	11	22	9	17	34	23	20	37	6	27	16	8	11	18	6	8	9	14	3	5	16	29	21	12	4	22	17	
814_A/duck/Hunan/03.09_Y 13	7	9	4	20	6	16	6	5	11	0	0	8	5	1	9	11	10	7	2	9	5	3	4	12	11	23	5	13	6	8	4	21	8	28	11	12	12	21	10	15	36	23	20	37	4	27	16	9	12	19	5	9	10	13	3	5	15	32	24	11	4	19	14	
815_A/duck/Hunan/03.24_Y 10	7	11	4	23	7	14	6	6	12	0	0	7	3	1	9	11	10	7	3	8	5	3	3	13	11	21	6	13	6	10	4	20	8	26	13	12	12	22	8	18	33	24	20	36	7	25	16	9	12	19	6	9	9	13	3	7	15	29	19	9	5	21	19	
816_A/duck/Hunan/03.24_Y 10	7	11	4	23	7	14	6	6	12	0	0	7	3	1	9	11	10	7	3	8	5	3	3	13	11	21	6	13	6	10	4	20	8	26	13	12	12	22	8	18	33	24	20	36	7	25	16	9	12	19	6	9	9	13	3	7	15	28	19	9	5	22	19	
817_A/duck/Hunan/03.24_Y 10	7	11	4	23	7	14	6	6	12	0	0	7	3	1	9	11	10	7	3	8	5	3	3	13	11	21	6	13	6	10	4	20	7	27	13	12	12	22	8	19	33	24	20	35	7	25	16	9	12	19	6	9	9	13	3	7	15	29	19	9	5	21	19	
818_A/duck/Hunan/03.24_Y 10	7	11	4	23	7	14	6	6	12	0	0	7	3	1	9	11	10	7	3	8	5	3	3	13	11	21	6	13	6	10	4	20	8	26	13	12	12	22	8	18	33	24	20	36	7	25	16	9	12	19	6	9	9	13	3	7	15	29	19	9	5	21	19	
819_A/duck/Hunan/04.14_Y 12	7	9	4	21	6	16	6	5	12	0	0	8	4	1	9	11	10	7	3	9	6	3	2	11	11	22	6	14	5	8	5	23	10	26	13	10	12	23	8	16	34	25	18	37	4	28	15	7	11	20	4	10	9	13	5	6	18	30	22	10	3	20	15	
820_A/duck/Hunan/04.14_Y 11	7	8	4	19	6	14	6	6	12	0	0	8	4	1	9	10	8	6	3	8	5	3	2	11	10	21	7	13	4	8	4	24	9	25	12	9	9	23	7	15	31	24	17	35	5	28	16	7	10	18	5	9	9	13	4	6	17	32	20	8	3	18	13	
821_A/duck/Hunan/04.14_Y 11	7	8	4	21	6	17	6	4	12	0	0	8	4	1	9	10	11	7	3	9	5	3	2	13	12	22	7	12	3	8	4	24	11	27	13	9	11	22	8	16	33	25	16	36	5	28	17	7	11	18	4	9	9	13	4	6	17	31	23	10	3	19	15	
822_A/duck/Hunan/04.14_Y 11	7	8	4	22	6	17	6	5	12	0	0	8	4	1	9	11	11	7	3	9	5	3	2	13	12	22	7	12	4	8	4	24	12	26	13	9	11	23	8	16	33	25	16	37	5	28	17	7	11	20	4	10	9	13	4	6	17	31	23	10	3	19	15	
823_A/duck/Hunan/04.14_Y 12	7	9	4	21	6	16	6	5	12	0	0	8	4	1	9	11	10	7	3	9	6	3	2	11	11	22	6	14	5	8	5	22	10	26	13	10	12	23	8	16	34	25	18	37	4	28	15	8	11	20	4	10	9	13	5	6	18	30	22	10	3	20	15	
824_A/duck/Hunan/04.14_Y 12	7	9	4	21	6	16	6	5	12	0	0	8	4	1	9	11	10	7	3	9	6	3	2	11	11	22	6	14	5	8	5	23	10	26	13	10	12	23	8	16	34	25	18	37	4	28	15	7	11	20	4	10	9	13	5	6	18	30	22	10	3	20	15	
825_A/duck/Hunan/04.14_Y 12	7	9	4	21	6	16	6	5	12	0	0	8	4	1	9	11	10	7	3	9	6	3	2	12	11	22	6	13	5	8	5	23	10	26	13	10	12	23	8	16	34	25	18	37	4	28	15	7	11	20	4	10	9	13	5	6	18	30	22	10	3	20	15	
826_A/duck/Hunan/04.14_Y 11	7	8	4	22	6	17	6	5	12	0	0	8	4	1	9	11	11	7	3	9	5	3	2	13	12	22	7	12	4	8	4	24	12	26	13	9	11	23	8	17	33	25	16	36	5	28	17	7	11	20	4	10	9	13	4	6	17	31	23	10	3	19	15	
827_A/duck/Hunan/04.14_Y 11	7	8	4	22	6	17	6	5	12	0	0	8	4	1	9	11	11	7	3	9	5	3	2	13	12	22	7	12	4	8	4	24	12	26	13	9	11	23	8	17	33	25	16	36	5	28	17	7	11	20	4	10	9	13	4	6	17	31	23	10	3	19	15	
828_A/duck/Hunan/04.22_L 11	8	8	4	22	7	17	6	6	11	0	0	8	3	1	9	11	9	7	3	8	6	3	3	12	12	21	5	13	5	10	4	20	8	26	11	12	12	23	9	17	34	23	19	37	6	28	16	7	13	20	6	9	8	13	3	5	16	28	20	12	4	22	18	
829_A/duck/Hunan/7.21_YY 10	7	8	4	22	7	17	6	4	11	0	0	8	4	1	9	12	10	7	3	6	5	3	3	13	11	21	5	13	5	10	4	19	7	26	12	13	12	21	9	17	33	23	21	36	6	27	15	8	11	18	6	8	10	13	3	8	15	29	21	10	5	21	17	
830_A/duck/Hunan/11.30_Y 16	8	10	5	17	7	15	5	5	14	0	0	12	1	1	9	10	11	6	2	7	3	4	2	10	13	19	5	13	5	12	6	18	10	23	10	12	9	25	12	16	32	24	22	37	8	25	16	7	11	20	5	14	9	12	4	4	18	27	29	11	4	22	9	
831_A/duck/Hunan/11.30_Y 10	7	9	4	23	7	16	6	4	12	0	0	9	3	1	9	12	10	7	3	7	5	3	3	11	12	21	5	15	5	10	5	20	9	26	12	12	13	22	9	17	32	21	21	36	6	29	14	7	11	18	7	9	9	14	2	9	16	30	22	10	5	20	16	
832_A/duck/Hunan/11.30_Y 11	7	9	4	22	7	16	6	4	12	0	0	9	3	1	9	12	10	7	3	7	5	3	3	11	12	21	5	15	5	10	5	20	9	26	12	12	13	22	9	17	32	22	21	36	6	28	14	7	11	18	7	9	9	14	2	9	16	30	22	10	5	20	16	
833_A/duck/Hunan/11.30_Y 13	7	8	4	20	7	17	6	10	12	0	0	10	3	1	9	8	10	6	2	10	4	4	3	6	15	24	3	14	3	7	4	18	10	23	9	11	12	26	13	16	34	22	20	37	5	26	21	6	13	23	3	9	8	9	5	7	17	26	26	14	3	24	12	
834_A/duck/Hunan/11.30_Y 13	7	8	4	20	7	17	6	10	12	0	0	10	3	1	9	8	10	6	2	10	4	4	3	6	15	24	3	14	3	7	4	18	10	23	9	11	12	26	13	16	34	22	20	37	5	27	20	6	13	23	3	9	8	9	5	7	17	26	26	14	3	24	12	
835_A/duck/Hunan/12.07__ 11	7	10	5	22	7	15	5	8	11	0	0	7	4	1	9	11	9	7	2	8	6	3	2	9	12	21	7	16	5	10	5	21	8	28	11	11	12	22	9	16	32	24	20	37	8	25	17	9	11	20	7	9	11	12	2	8	16	31	25	8	2	19	12	
836_A/duck/Hunan/12.07__ 11	8	9	5	22	6	16	5	7	10	0	0	9	4	1	9	11	9	7	2	8	6	3	2	10	12	19	7	14	5	12	5	22	6	25	12	10	13	24	9	15	33	25	19	38	8	23	18	9	9	20	5	9	12	13	2	7	17	31	25	9	3	20	13	
837_A/duck/Hunan/12.07__ 11	7	9	4	22	6	16	6	5	12	0	0	8	4	1	9	10	10	7	3	9	5	3	3	13	12	21	5	13	5	10	4	20	8	26	11	13	12	23	9	16	34	22	20	37	6	28	16	8	12	19	6	8	9	13	3	6	16	29	21	11	4	22	17	
838_A/duck/Hunan/12.07__ 11	7	9	4	22	6	16	6	5	12	0	0	8	4	1	9	10	10	7	3	9	5	3	3	13	12	21	5	13	5	10	4	20	8	26	11	13	12	23	9	16	35	22	20	37	5	28	16	8	12	19	6	8	9	13	3	6	16	29	21	11	4	22	17	
839_A/duck/Hunan/12.07__ 11	7	9	4	22	6	16	6	5	12	0	0	8	4	1	9	11	10	7	3	9	5	3	2	12	12	22	7	13	5	8	4	24	10	27	13	9	12	22	8	16	33	23	18	37	6	29	16	7	11	20	5	10	9	13	4	6	17	30	23	10	3	20	14	
840_A/duck/Hunan/12.07_Y 11	7	9	4	22	6	16	6	5	12	0	0	8	4	1	9	10	10	7	3	9	5	3	3	12	12	21	5	14	5	10	4	20	8	26	11	13	12	23	9	16	34	22	20	37	6	28	16	8	12	19	6	8	9	13	3	6	16	29	21	11	4	22	17	
841_A/duck/Hunan/12.07_Y 11	8	9	5	22	6	16	5	7	10	0	0	9	4	1	9	11	9	7	2	8	6	3	2	10	12	19	7	14	5	12	5	22	6	25	12	10	13	24	9	15	33	25	19	38	8	23	18	9	9	20	5	9	12	13	2	7	17	31	25	9	3	20	13	
842_A/duck/Hunan/12.07_Y 11	7	9	4	21	6	16	6	4	12	0	0	8	4	1	9	10	10	7	3	9	5	3	2	12	12	22	7	13	4	8	4	24	9	27	13	9	12	21	8	16	33	24	18	36	6	28	16	7	11	18	5	9	9	13	4	6	17	29	23	10	3	22	14	
843_A/duck/Hunan/12.07_Y 11	7	9	4	21	6	16	6	4	12	0	0	8	4	1	9	10	10	7	3	9	5	3	2	12	12	22	7	13	4	8	4	24	9	27	13	9	12	21	8	16	33	23	18	36	6	29	16	7	11	19	5	9	9	13	4	6	17	30	24	10	3	20	13	
844_A/duck/Hunan/12.07_Y 11	8	9	6	22	6	16	4	8	10	0	0	7	4	1	9	12	9	7	2	7	6	3	2	10	12	20	7	15	5	10	6	22	8	27	12	11	12	22	9	15	32	25	19	38	8	23	17	7	11	19	6	9	10	13	2	7	18	33	24	10	2	19	14	
845_A/duck/Hunan/12.07_Y 11	7	9	4	22	6	16	6	5	12	0	0	8	4	1	9	10	10	7	3	9	5	3	3	13	12	22	5	13	5	9	4	20	8	26	11	13	11	23	9	16	35	23	20	37	6	27	16	8	12	19	6	8	9	13	3	6	16	29	21	11	4	22	17	
846_A/duck/Hunan/12.07_Y 11	7	9	4	22	6	16	6	5	12	0	0	8	4	1	9	10	10	7	3	9	5	3	3	13	12	22	5	13	5	9	4	20	8	26	11	13	11	23	9	16	35	23	20	37	6	27	16	8	12	19	6	8	9	13	3	6	16	29	21	11	4	22	17	
847_A/duck/Hunan/12.17__ 11	9	8	4	22	7	17	6	6	11	0	1	8	3	0	9	11	10	7	3	8	5	3	3	12	12	21	6	13	5	11	3	20	9	27	11	12	11	22	9	17	34	23	17	37	6	27	19	8	10	19	6	8	10	13	3	5	16	30	21	12	4	21	17	
848_A/duck/Hunan/12.17__ 11	9	8	4	22	7	17	6	6	11	0	0	8	3	1	9	11	10	7	3	8	5	3	3	12	12	21	5	13	5	10	4	21	9	27	11	11	11	22	9	17	34	23	18	37	6	27	18	8	11	19	6	8	9	13	3	5	16	29	21	12	4	22	17	
849_A/duck/Hunan/12.17__ 11	7	9	4	22	6	16	6	5	12	0	0	8	4	1	9	11	10	8	3	9	5	3	2	13	12	22	7	12	5	8	4	24	10	25	12	8	12	23	9	17	35	25	17	37	4	28	16	7	11	21	6	10	9	12	3	7	17	30	22	9	3	20	15	
850_A/duck/Hunan/12.17_Y 11	7	9	4	21	6	16	6	5	12	0	0	9	4	1	9	10	10	7	3	9	5	3	2	11	12	22	7	13	4	8	4	24	10	26	13	9	11	22	8	16	34	25	17	35	5	28	16	7	11	18	5	9	9	14	4	6	17	32	22	10	3	18	15	
851_A/duck/Hunan/12.17_Y 11	7	9	4	21	6	16	6	5	12	0	0	9	4	1	9	10	10	7	3	9	5	3	2	11	12	22	7	13	4	8	4	24	10	26	13	9	11	22	8	16	34	25	17	35	5	28	16	7	11	18	5	9	9	14	4	6	17	32	22	10	3	18	15	
852_A/duck/Hunan/12.17_Y 12	7	9	4	20	6	16	6	4	11	0	0	8	5	1	9	10	10	7	3	9	5	3	3	12	11	23	5	13	5	8	4	21	7	28	12	12	13	20	9	15	35	23	19	36	4	27	17	8	12	18	5	8	10	13	3	6	15	33	24	11	4	18	14	
853_A/duck/Hunan/12.17_Y 11	6	9	4	22	7	16	6	6	12	0	0	8	4	1	9	10	9	7	3	9	6	3	2	11	12	22	7	13	5	8	4	25	11	26	13	9	11	23	8	15	34	25	17	38	5	30	15	7	11	20	5	10	9	13	4	6	17	32	21	10	3	17	16	
854_A/duck/Hunan/12.17_Y 11	7	9	4	22	6	16	6	6	12	0	0	9	4	1	9	11	10	7	3	9	5	3	2	11	12	22	7	13	5	8	4	24	11	26	13	9	11	23	8	16	34	25	17	36	5	28	16	7	11	19	5	10	9	14	4	6	17	32	22	10	3	18	15	
855_A/duck/Hunan/12.17_Y 11	9	8	4	22	7	17	6	6	11	0	1	8	3	0	9	11	10	7	3	8	5	3	3	12	12	21	5	13	5	11	4	21	9	27	11	11	11	22	9	17	34	23	18	37	6	27	18	8	11	19	6	8	9	13	3	5	16	29	21	12	4	22	17	
856_A/duck/Hunan/12.17_Y 11	7	9	4	21	6	16	6	5	12	0	0	9	4	1	9	10	10	7	3	9	5	3	2	11	12	22	7	13	4	8	4	24	10	26	13	9	11	22	8	16	34	25	17	35	5	28	16	7	11	18	5	9	9	14	4	6	17	32	22	10	3	18	15	
857_A/duck/Hunan/12.17_Y 12	7	9	4	20	6	16	6	4	11	0	0	8	5	1	9	10	10	7	3	9	5	3	3	12	11	23	5	13	5	8	4	21	6	27	11	12	13	21	10	15	36	23	19	36	4	27	17	9	12	18	5	8	10	13	3	5	15	32	24	11	4	19	14	
858_A/duck/Hunan/12.27_Y 14	7	10	6	19	6	15	4	5	14	0	0	12	1	1	9	12	12	6	2	7	3	4	2	11	13	20	4	11	5	11	6	16	10	23	10	14	10	25	12	16	33	24	27	37	7	25	11	9	14	22	5	11	8	11	4	7	17	29	31	8	2	21	7	
859_A/duck/Hunan/12.27_Y 18	8	10	6	15	6	15	4	5	14	0	0	12	1	1	9	11	11	6	2	7	3	4	2	11	13	20	4	12	5	11	6	17	10	23	10	14	10	25	12	16	33	24	26	37	7	25	12	8	12	22	5	11	10	11	4	6	18	27	29	9	2	22	9	
860_A/duck/Hunan/12.27_Y 14	8	10	6	19	6	15	4	5	14	0	0	12	1	1	9	12	11	6	2	7	3	4	2	11	13	20	4	11	5	11	6	16	10	23	10	14	10	25	12	16	33	24	27	37	7	25	11	9	14	22	5	11	8	11	4	6	17	29	31	9	2	21	7	
861_A/duck/Hunan/12.27_Y 18	8	10	6	15	6	15	4	5	14	0	0	12	1	1	9	11	11	6	2	7	3	4	2	11	13	20	4	12	5	11	6	17	10	24	10	14	10	24	12	16	33	24	26	37	7	25	12	8	12	22	5	11	10	11	4	6	18	27	29	9	2	22	9	
862_A/duck/Hunan/12.27_Y 14	7	10	6	18	6	15	4	6	14	0	0	12	1	1	9	12	12	6	2	7	3	4	2	11	13	20	4	11	5	11	6	16	10	23	10	14	10	25	12	16	33	24	27	37	7	25	11	9	14	22	5	11	8	11	4	7	17	29	31	8	2	21	7	
863_A/duck/Hunan/12.27_Y 18	8	10	6	15	6	15	4	5	14	0	0	12	1	1	9	11	11	6	2	7	3	4	2	11	13	20	4	12	5	11	6	17	10	23	10	14	10	25	12	16	33	24	26	37	7	25	12	8	12	22	5	11	10	11	4	6	18	27	29	9	2	22	9	
864_A/duck/Hunan/12.27_Y 18	8	10	6	15	6	15	4	5	14	0	0	12	1	1	9	11	11	6	2	7	3	4	2	11	13	20	4	12	5	11	6	17	10	23	10	14	10	25	12	16	33	24	26	37	7	25	12	8	12	22	5	11	10	11	4	6	18	27	29	9	2	22	9	
865_A/duck/Hunan/12.27_Y 18	8	10	6	15	6	15	4	5	14	0	0	12	1	1	9	11	11	6	2	7	3	4	2	11	13	20	4	12	5	11	6	17	10	23	10	14	10	25	12	16	33	24	26	37	7	25	12	8	12	22	5	11	10	11	4	6	18	27	29	9	2	22	9	
866_A/duck/Hunan/12.27_Y 18	8	10	6	15	6	15	4	5	14	0	0	12	1	1	9	11	11	6	2	7	3	4	2	11	13	20	4	12	5	11	6	17	10	23	10	14	10	25	12	16	33	24	26	37	7	25	12	8	12	22	5	11	10	11	4	6	18	27	29	9	2	22	9	
867_A/duck/Hunan/12.27_Y 18	8	11	6	15	6	15	4	5	14	0	0	12	1	1	9	11	11	6	2	7	3	4	2	11	13	20	4	12	5	11	6	17	10	22	10	14	10	25	12	16	33	24	26	37	7	25	12	8	12	22	5	11	10	11	4	6	18	27	29	9	2	22	9	
868_A/duck/Hunan/12.27_Y 18	8	10	6	15	6	15	4	5	14	0	0	12	1	1	9	11	11	6	2	7	3	4	2	11	13	20	4	12	5	11	6	17	10	23	10	14	10	25	12	16	33	24	26	37	7	25	12	8	12	22	5	11	10	11	4	6	18	27	29	9	2	22	9	
869_A/duck/Hunan/12.27_Y 18	8	10	6	15	6	15	4	5	14	0	0	12	1	1	9	11	11	6	2	7	3	4	2	11	13	20	4	12	5	11	6	17	10	23	10	14	10	25	12	16	33	24	26	37	7	25	12	8	12	22	5	11	10	11	4	6	18	27	29	9	2	22	9	
870_A/duck/Hunan/193/201 11	7	9	4	22	6	16	6	5	12	0	0	8	4	1	9	10	10	6	3	9	5	4	3	12	11	22	5	14	6	9	4	19	9	26	11	13	12	23	9	16	33	22	20	36	7	28	16	8	12	19	6	9	9	13	3	5	16	29	20	12	4	22	18	
871_A/duck/Hunan/233/201 12	7	9	4	21	6	16	6	6	11	0	0	8	5	1	9	11	9	7	3	9	6	3	3	11	11	23	5	13	6	8	4	22	8	28	11	12	12	21	10	15	36	23	20	37	4	27	16	7	12	18	5	9	10	14	3	6	15	32	24	11	4	19	14	
872_A/duck/Hunan/316/200 11	7	9	6	22	5	16	4	6	12	0	0	10	4	1	9	10	10	7	2	9	5	3	2	10	12	21	8	13	5	11	3	19	11	29	10	13	8	20	11	17	34	25	17	37	6	28	17	7	11	22	5	10	9	10	3	7	19	28	27	10	2	22	11	
873_A/duck/Hunan/689/200 12	7	9	5	21	6	16	5	6	11	0	0	10	4	1	9	10	10	6	2	8	6	4	2	11	11	20	7	14	5	11	4	18	13	28	10	13	8	20	12	15	32	23	19	38	7	29	16	8	10	22	5	9	9	10	3	8	20	29	27	10	2	21	11	
874_A/duck/Hunan/3315/20 11	7	9	5	22	6	16	5	6	11	0	0	10	4	1	9	11	10	7	2	8	5	3	2	11	12	21	7	13	5	10	4	18	11	30	9	14	8	19	12	16	33	23	17	37	8	29	17	7	11	21	5	10	9	11	4	8	19	29	24	9	2	21	14	
875_A/duck/Hunan/HN05/20 11	7	9	4	22	6	16	6	5	12	0	0	8	4	1	9	10	10	6	3	9	5	4	3	13	11	22	5	13	6	9	4	20	8	26	11	13	12	23	9	16	34	22	20	37	6	28	16	8	13	19	6	8	8	13	3	6	16	29	20	11	4	22	18	
876_A/duck/Hunan/HN13/20 11	8	8	4	22	6	17	6	6	11	0	0	8	4	1	9	11	10	7	3	8	5	3	3	12	11	21	5	13	6	10	4	21	7	26	11	12	14	23	9	16	34	23	20	36	5	27	16	7	12	19	6	10	10	13	3	4	15	30	22	13	4	21	16	
877_A/duck/Hunan/HN16/20 12	7	9	4	21	6	16	6	5	12	0	0	8	4	1	9	10	10	7	3	9	5	3	3	13	11	22	5	13	6	9	4	21	7	27	11	12	13	22	9	16	35	23	20	37	5	27	16	8	12	19	6	9	10	13	3	5	15	30	23	11	4	21	15	
878_A/duck/Hunan/HN29/20 11	7	9	4	22	6	16	6	5	12	0	0	8	4	1	9	9	10	6	3	10	5	4	3	13	11	22	5	13	6	9	4	20	8	27	13	12	12	22	7	17	33	21	20	37	7	29	17	7	13	19	6	9	9	13	3	6	15	29	20	11	4	22	17	
879_A/duck/Hunan/HN42/20 12	7	9	4	21	6	16	6	6	12	0	0	7	4	1	9	10	10	7	3	9	5	3	3	13	11	23	4	13	6	8	3	21	9	28	13	12	12	21	8	15	36	23	21	37	3	27	17	8	12	19	5	9	10	13	3	6	15	32	24	11	4	19	14	
880_A/duck/Hunan/HN45/20 11	7	9	4	22	6	16	6	5	12	0	0	8	4	1	9	9	10	6	3	10	5	4	3	13	11	22	5	13	6	9	4	20	8	27	12	12	12	22	8	17	33	21	20	37	7	29	17	7	13	19	6	9	9	13	3	6	15	29	20	11	4	22	17	
881_A/duck/Hunan/HN53/20 11	7	8	4	22	6	17	6	5	12	0	0	8	4	1	9	9	10	6	3	10	5	4	3	13	11	22	5	13	6	9	4	20	8	27	13	12	12	22	7	17	33	21	20	37	7	29	17	7	13	19	6	9	9	13	3	6	15	29	20	11	4	22	17	
882_A/duck/Hunan/HN54/20 11	7	8	4	22	6	17	6	5	12	0	0	8	4	1	9	9	10	6	3	10	5	4	3	13	11	22	5	13	6	9	4	20	8	27	13	12	12	22	7	17	33	22	20	37	7	28	17	7	13	19	6	9	9	13	3	6	15	29	20	11	4	22	17	
883_A/duck/Hunan/HN59/20 11	7	9	4	22	6	16	6	5	12	0	0	8	4	1	9	9	10	6	3	10	5	4	3	13	11	22	5	13	6	9	4	20	8	27	13	12	12	22	7	18	32	21	20	37	7	29	17	7	13	19	6	9	9	13	3	6	15	29	20	11	4	22	17	
884_A/duck/Hunan/HN60/20 12	7	8	4	21	6	17	6	5	12	0	0	8	4	1	9	9	10	6	3	10	5	4	3	13	11	22	5	13	6	9	4	20	8	27	13	12	12	22	7	18	33	21	20	36	7	29	17	7	13	19	6	9	9	13	3	6	15	29	20	11	4	22	17	
885_A/duck/Hunan/HN61/20 11	7	9	4	22	6	16	6	5	12	0	0	8	4	1	9	9	10	6	3	10	5	4	3	13	11	22	5	13	6	9	4	20	8	27	13	12	12	22	7	17	33	21	20	37	7	29	17	7	13	19	6	9	9	13	3	6	15	29	20	11	4	22	17	
886_A/duck/Hunan/HN64/20 11	7	9	4	22	6	16	6	5	12	0	0	8	4	1	9	9	10	6	3	10	5	4	3	13	11	22	5	13	6	9	4	20	8	27	12	12	12	22	8	17	33	21	20	37	7	29	17	7	13	19	6	9	9	13	3	6	15	29	20	11	4	22	17	
887_A/duck/Hunan/HN66/20 11	7	9	4	22	6	16	6	5	12	0	0	8	4	1	9	9	10	6	3	10	5	4	3	13	11	22	5	13	6	9	4	20	8	26	12	12	12	22	8	17	33	21	20	37	7	30	17	7	13	19	6	9	9	13	3	6	15	30	20	11	4	21	17	
888_A/duck/Hunan/HN67/20 11	7	9	4	22	6	16	6	5	12	0	0	8	4	1	9	9	10	6	3	10	5	4	3	13	11	22	5	13	6	9	4	20	8	27	13	12	12	22	7	17	33	21	20	37	7	29	17	7	13	19	6	9	9	13	3	6	15	29	20	11	4	22	17	
889_A/duck/Hunan/HN71/20 12	7	9	4	21	6	16	6	5	12	0	0	8	4	1	9	10	10	7	3	9	5	3	3	13	11	23	5	13	6	8	3	21	9	28	12	12	12	21	8	15	35	23	20	37	4	27	17	8	12	19	6	9	10	13	3	6	15	30	24	11	4	21	14	
890_A/duck/Hunan/HN72/20 12	7	9	4	21	6	16	6	5	11	0	0	8	5	1	9	10	10	7	3	9	5	3	3	13	11	22	5	13	6	9	4	21	7	28	12	11	13	21	9	15	35	23	20	37	5	27	16	9	12	19	5	9	10	13	3	6	15	32	24	11	4	19	14	
891_A/duck/Hunan/HN74/20 12	7	9	4	21	6	16	6	7	12	0	0	7	4	1	9	10	10	7	3	9	5	3	3	12	11	23	5	13	6	8	3	21	9	27	13	12	12	22	8	15	36	24	20	37	3	27	17	8	12	19	5	9	10	13	3	6	15	31	25	11	4	19	13	
892_A/duck/Hunan/HN76/20 12	7	9	4	21	6	16	6	5	11	0	0	8	5	1	9	11	10	7	3	9	5	3	3	12	11	23	5	13	6	8	4	20	7	28	12	12	13	21	9	15	36	23	20	37	4	27	16	9	12	19	5	9	10	13	3	6	15	32	24	11	4	19	14	
893_A/duck/Hunan/HN78/20 11	7	9	4	22	6	16	6	5	12	0	0	8	4	1	9	9	10	6	3	10	5	4	3	13	11	22	5	13	6	9	4	20	8	27	13	12	12	22	7	17	33	21	20	37	7	29	17	7	13	19	6	9	9	13	3	6	15	29	20	11	4	22	17	
894_A/duck/Hunan/HN80/20 12	7	9	4	21	6	16	6	5	12	0	0	8	4	1	9	10	10	7	3	9	5	3	3	13	11	23	5	13	6	8	4	21	8	27	11	12	12	22	9	15	35	23	20	37	5	27	16	8	12	19	6	9	10	13	3	6	15	30	24	11	4	21	14	
895_A/duck/Hunan/HN162/2 11	8	9	4	22	7	16	6	6	11	0	0	8	3	1	9	11	9	7	3	8	6	3	2	12	12	20	6	13	5	11	4	20	8	28	11	13	13	21	9	16	33	22	20	36	6	28	16	7	11	19	5	9	10	14	4	5	16	27	20	13	4	23	18	
896_A/duck/Hunan/HN163/2 10	7	9	4	23	7	16	6	6	12	0	0	8	3	1	9	11	10	7	3	8	5	3	3	12	12	22	5	13	5	9	4	20	8	27	11	13	12	22	9	16	34	22	20	37	6	28	16	8	12	19	6	8	9	13	3	6	16	29	20	11	4	22	18	
897_A/duck/Hunan/HN167/2 11	8	9	4	22	7	16	6	6	11	0	0	8	3	1	9	11	9	7	3	8	6	3	2	12	12	20	6	13	5	11	4	19	8	28	11	14	13	21	9	16	33	22	20	36	6	28	16	7	11	19	5	9	10	14	4	5	16	27	20	13	4	23	18	
898_A/duck/Hunan/HN171/2 11	8	9	4	22	7	16	6	6	11	0	0	8	3	1	9	11	9	7	3	8	6	3	2	12	12	20	6	13	5	11	4	19	8	28	11	14	12	21	9	16	34	22	20	35	6	28	17	7	11	20	5	9	10	14	4	5	16	27	19	13	4	23	18	
899_A/duck/Hunan/HN172/2 11	8	9	4	22	7	16	6	6	11	0	0	8	3	1	9	11	9	7	3	8	6	3	2	12	12	20	6	13	5	11	4	19	8	28	11	14	13	21	9	16	33	22	20	36	6	28	16	7	11	19	5	9	10	14	4	5	16	27	20	13	4	23	18	
900_A/duck/Hunan/HN174/2 11	8	9	4	22	7	16	6	6	11	0	0	8	3	1	9	11	9	7	3	8	6	3	2	12	12	20	6	13	5	11	4	19	8	28	11	14	13	21	9	16	33	22	20	36	6	28	16	7	11	19	5	9	10	14	4	5	16	27	20	13	4	23	18	
901_A/duck/Hunan/HN176/2 11	8	9	4	22	7	16	6	6	11	0	0	8	3	1	9	11	9	7	3	8	6	3	2	12	12	20	6	13	5	11	4	19	8	28	11	14	13	21	9	16	33	22	20	36	6	28	16	7	11	19	5	9	10	14	4	5	16	27	20	13	4	23	18	
902_A/duck/Hunan/HN177/2 11	8	9	4	22	7	16	6	6	11	0	0	8	3	1	9	11	9	7	3	8	6	3	2	12	12	20	6	13	5	11	4	20	8	28	11	13	13	21	9	16	33	22	20	36	6	28	16	7	11	19	5	9	10	14	4	5	16	26	20	13	4	24	18	
903_A/duck/Hunan/HN178/2 11	8	9	4	22	7	16	6	6	11	0	0	8	3	1	9	11	9	7	3	8	6	3	2	12	12	20	6	13	5	11	4	20	8	28	11	13	13	21	9	16	33	22	20	36	6	28	16	7	11	19	5	9	10	14	4	5	16	27	20	13	4	23	18	
904_A/duck/Hunan/HN182/2 11	8	9	4	22	7	16	6	6	11	0	0	8	3	1	9	11	9	7	3	8	6	3	2	12	12	20	6	13	5	11	4	20	8	28	11	13	13	21	9	16	33	22	20	36	6	28	16	7	11	19	5	9	10	14	4	5	16	27	20	13	4	23	18	
905_A/duck/Hunan/HN183/2 11	8	9	4	22	7	16	6	6	11	0	0	8	3	1	9	11	9	7	3	8	6	3	2	12	12	20	6	13	5	11	4	20	8	28	11	13	13	21	9	16	33	22	20	36	6	28	16	7	11	19	5	9	10	14	4	5	16	27	20	13	4	23	18	
906_A/duck/Hunan/HN186/2 11	8	9	4	22	7	16	6	6	11	0	0	8	3	1	9	11	9	7	3	8	6	3	2	12	12	20	6	13	5	11	4	20	8	28	11	13	13	21	9	16	33	22	20	36	6	28	16	7	11	19	5	9	10	14	4	5	16	27	20	13	4	23	18	
907_A/duck/Hunan/HN190/2 11	8	9	4	22	7	16	6	6	11	0	0	8	3	1	9	11	9	7	3	8	6	3	2	12	12	20	6	13	5	11	4	20	8	28	11	13	14	21	9	16	32	22	20	36	6	28	16	7	11	19	5	9	10	14	4	5	16	27	20	13	4	23	18	
908_A/duck/Hunan/HN191/2 10	7	9	4	23	7	16	6	6	12	0	0	8	3	1	9	11	10	7	3	8	5	3	3	12	12	22	5	13	5	9	4	20	8	27	11	13	12	22	9	16	34	22	20	37	6	28	16	8	12	19	6	8	9	13	3	6	16	29	20	11	4	22	18	
909_A/duck/Hunan/HN192/2 11	8	9	4	22	7	16	6	6	11	0	0	8	3	1	9	11	9	7	3	8	6	3	2	12	12	20	6	13	5	11	4	20	8	28	11	13	13	21	9	16	33	22	20	36	6	28	16	7	11	19	5	9	10	14	4	5	16	27	20	13	4	23	18	
910_A/duck/Hunan/HN194/2 11	8	9	4	22	7	16	6	6	11	0	0	8	3	1	9	11	9	7	3	8	6	3	2	12	12	20	6	13	5	11	4	20	8	28	11	13	13	21	9	16	33	22	20	36	6	28	16	7	11	19	5	9	10	14	4	5	16	27	20	13	4	23	18	
911_A/duck/Hunan/HN195/2 11	8	9	4	22	7	16	6	6	11	0	0	8	3	1	9	11	9	7	3	8	6	3	2	12	12	20	6	13	5	11	4	20	8	28	11	13	13	21	9	16	33	22	20	36	6	28	16	7	11	19	5	9	10	14	4	5	16	27	20	13	4	23	18	
912_A/duck/Hunan/HN197/2 11	8	9	4	22	7	16	6	6	11	0	0	8	3	1	9	11	9	7	3	8	6	3	2	12	12	20	6	13	5	11	4	19	8	28	11	14	13	21	9	16	33	22	20	36	6	28	16	7	11	19	5	9	10	14	4	5	16	27	20	13	4	23	18	
913_A/duck/Hunan/HN201/2 11	8	9	4	22	7	16	6	6	11	0	0	8	3	1	9	11	9	7	3	8	6	3	2	12	12	20	6	13	5	11	4	20	8	28	11	13	13	21	9	16	33	22	20	36	6	28	16	7	11	19	5	9	10	14	4	5	16	27	20	13	4	23	18	
914_A/duck/Hunan/HN204/2 11	8	9	4	22	7	16	6	6	11	0	0	8	3	1	9	11	9	7	3	8	6	3	2	12	12	20	6	13	5	11	4	19	8	28	11	14	13	21	9	16	33	22	20	36	6	28	16	7	11	19	5	9	10	15	4	5	16	26	20	13	4	23	18	
915_A/duck/Hunan/HN205/2 11	8	9	4	22	7	16	6	6	11	0	0	8	3	1	9	11	9	7	3	8	6	3	2	12	12	20	6	13	5	11	4	19	8	28	11	14	13	21	9	16	33	22	20	36	6	29	16	7	11	19	5	9	10	14	4	5	16	27	20	13	4	22	18	
916_A/duck/Hunan/HN206/2 11	8	9	4	22	7	16	6	7	11	0	0	8	3	1	9	11	9	7	3	8	6	3	2	12	12	21	6	13	5	10	4	19	8	28	11	14	13	21	9	16	33	22	20	35	6	28	16	7	11	19	5	9	10	14	4	5	16	27	20	13	4	23	18	
917_A/duck/Hunan/HN207/2 11	8	9	4	22	7	16	6	6	11	0	0	8	3	1	9	11	9	7	3	8	6	3	2	12	12	20	7	13	5	11	4	20	8	28	11	13	13	21	9	16	33	22	19	36	6	28	16	7	11	19	5	9	10	14	4	5	16	27	20	13	4	23	18	
918_A/duck/Hunan/HN208/2 11	8	9	4	22	7	16	6	6	11	0	0	8	3	1	9	11	9	7	3	8	6	3	2	11	12	20	6	13	5	11	4	20	8	28	11	13	13	21	9	17	33	23	20	36	6	27	16	7	11	19	5	9	10	14	4	5	16	27	20	13	4	23	18	
919_A/duck/Hunan/HN209/2 11	8	9	4	22	7	16	6	6	11	0	0	8	3	1	9	11	9	7	3	8	6	3	2	12	12	20	6	13	5	11	4	18	9	28	11	14	13	21	9	16	33	22	20	36	6	28	16	7	11	19	5	9	10	14	4	5	16	27	20	13	4	23	18	
920_A/duck/Hunan/HN210/2 11	8	9	4	22	7	16	6	6	11	0	0	8	3	1	9	11	9	7	3	8	6	3	2	12	12	20	6	13	5	11	4	19	8	28	11	14	13	21	9	16	33	22	20	36	6	28	16	7	11	19	5	9	10	14	4	5	16	27	20	13	4	23	18	
921_A/duck/Hunan/HN212/2 11	8	9	4	22	7	16	6	6	11	0	0	8	3	1	9	11	9	7	3	8	6	3	2	12	12	20	6	13	5	11	4	20	8	28	11	13	12	21	9	16	34	22	20	36	6	28	16	7	11	19	5	9	10	14	4	5	16	27	20	13	4	23	18	
922_A/duck/Hunan/HN214/2 11	8	9	4	22	7	16	6	6	11	0	0	8	3	1	9	11	10	7	3	8	5	3	3	12	12	21	5	12	5	10	3	19	7	27	11	14	13	22	9	17	34	24	19	37	6	27	17	8	12	18	6	8	9	15	3	5	15	28	22	12	5	22	16	
923_A/duck/Hunan/HN215/2 12	8	9	4	21	7	16	6	6	11	0	0	8	3	1	9	11	9	7	3	8	6	3	2	12	12	20	6	13	5	11	4	20	8	28	11	13	13	21	9	16	33	22	20	36	6	28	16	7	11	19	5	9	10	14	4	5	16	27	20	13	4	23	18	
924_A/duck/Hunan/HN216/2 10	7	9	4	23	7	16	6	6	12	0	0	8	3	1	9	11	10	7	3	8	5	3	3	12	12	22	5	13	5	9	4	20	8	27	11	13	12	22	9	16	34	22	20	37	6	28	16	8	12	19	6	8	9	13	3	6	16	29	20	11	4	22	18	
925_A/duck/Hunan/HN217/2 10	7	9	4	23	7	16	6	6	12	0	0	8	3	1	9	11	10	7	3	8	5	3	3	12	12	22	5	13	5	9	4	20	8	27	11	13	12	22	9	16	34	22	20	37	6	28	16	8	12	19	6	8	9	13	3	6	16	29	20	11	4	22	18	
926_A/duck/Hunan/HN220/2 11	8	9	4	22	7	16	6	6	11	0	0	8	3	1	9	11	9	7	3	8	6	3	2	12	12	20	6	13	5	11	4	20	8	28	11	13	13	21	9	16	33	22	20	36	6	28	16	7	11	19	5	9	10	14	4	5	16	27	20	13	4	23	18	
927_A/duck/Hunan/HN221/2 11	8	9	4	22	7	16	6	6	11	0	0	8	3	1	9	11	9	7	3	8	6	3	2	12	12	20	6	13	5	11	4	20	8	27	11	13	13	22	9	16	33	22	20	36	6	28	16	7	11	19	5	9	10	14	4	5	16	27	20	13	4	23	18	
928_A/duck/Hunan/HN224/2 11	8	9	4	22	7	16	6	6	11	0	0	8	3	1	9	11	9	7	3	8	6	3	2	12	12	20	6	13	5	11	4	19	8	28	11	14	13	21	9	16	33	22	20	36	6	28	16	7	11	19	5	9	10	14	4	5	16	27	20	13	4	23	18	
929_A/duck/Hunan/HN227/2 11	8	9	4	22	7	16	6	6	11	0	0	8	3	1	9	11	9	7	3	8	6	3	2	12	12	20	6	13	5	11	4	19	8	28	11	14	13	21	9	16	33	22	20	36	6	28	16	7	11	19	5	9	10	14	4	5	16	27	20	13	4	23	18	
930_A/duck/Hunan/HN230/2 11	8	9	4	22	7	16	6	6	11	0	0	8	3	1	9	11	9	7	3	8	6	3	2	12	12	20	6	13	5	11	4	19	8	28	11	14	13	21	9	16	33	22	20	36	6	28	16	7	11	19	5	9	10	14	4	5	16	27	20	13	4	23	18	
931_A/duck/Hunan/HN232/2 10	7	9	4	23	7	16	6	6	12	0	0	8	3	1	9	11	10	7	3	8	5	3	3	12	12	22	5	13	5	9	4	20	8	27	11	13	12	22	9	16	34	22	20	37	6	28	16	8	12	19	6	8	9	13	3	6	16	29	20	11	4	22	18	
932_A/duck/Hunan/HN234/2 11	8	9	4	22	7	16	6	6	11	0	0	8	3	1	9	11	10	7	3	8	5	3	3	12	12	21	5	12	5	10	3	19	7	27	11	14	13	22	9	16	35	24	19	37	6	27	17	8	12	18	6	8	9	15	3	5	15	28	22	12	5	22	16	
933_A/duck/Hunan/HN236/2 11	8	9	4	22	7	16	6	6	11	0	0	8	3	1	9	11	10	7	3	8	5	3	3	12	12	21	5	12	5	10	3	19	7	27	11	14	13	22	9	17	34	24	19	37	6	27	17	8	12	18	6	8	9	15	3	5	15	28	22	12	5	22	16	
934_A/duck/Hunan/HN238/2 11	8	9	4	22	7	16	6	6	11	0	0	8	3	1	9	11	10	7	3	8	5	3	3	12	12	21	5	12	5	10	3	19	7	27	11	14	13	22	9	17	34	24	19	37	6	27	17	8	12	18	6	8	9	15	3	5	15	28	22	12	5	22	16	
935_A/duck/Hunan/HN239/2 11	7	9	4	22	6	16	6	5	12	0	0	8	4	1	9	10	10	6	3	9	5	4	3	13	11	23	5	13	6	8	4	20	8	27	11	13	12	22	9	16	34	22	20	37	6	28	16	8	12	19	6	8	9	13	3	6	16	30	20	11	4	21	18	
936_A/duck/Hunan/HN240/2 11	8	9	4	22	7	16	6	6	11	0	0	8	3	1	9	11	10	7	3	8	5	3	3	12	12	21	5	12	5	10	3	19	7	27	11	14	13	22	9	17	34	24	19	37	6	27	17	8	12	18	6	8	9	15	3	5	15	28	22	12	5	22	16	
937_A/duck/Hunan/HN241/2 11	7	9	4	22	6	16	6	5	12	0	0	8	4	1	9	10	10	6	3	9	5	4	3	13	11	23	5	13	6	8	4	20	8	27	11	13	12	22	9	16	34	22	20	37	6	28	16	8	12	19	6	8	9	13	3	6	16	29	20	11	4	22	18	
938_A/duck/Hunan/HN242/2 11	8	9	4	22	7	16	6	6	11	0	0	8	3	1	9	11	10	7	3	8	5	3	3	12	12	21	5	12	5	10	3	19	7	27	11	14	13	22	9	17	34	25	18	37	6	27	17	8	12	18	6	8	9	15	3	5	15	28	22	12	5	22	16	
939_A/duck/Hunan/HN278/2 10	7	10	4	23	6	15	6	5	11	0	0	8	5	1	9	12	9	7	3	9	6	3	3	12	11	22	5	12	6	9	4	19	7	27	10	13	14	22	10	18	32	22	20	37	6	27	17	9	12	19	6	8	9	13	3	4	16	29	22	12	4	22	16	
940_A/duck/Hunan/HN285/2 10	7	10	4	23	6	15	6	5	11	0	0	8	5	1	9	12	9	7	3	9	6	3	3	12	11	22	5	12	6	9	4	19	7	27	10	13	14	22	10	19	33	22	20	37	4	29	16	9	12	19	6	8	9	13	3	4	17	29	22	11	3	22	16	
941_A/duck/Hunan/HN288/2 10	7	10	4	23	6	15	6	5	11	0	0	8	5	1	9	11	9	7	3	9	6	3	3	12	11	22	5	13	6	9	4	19	7	27	10	13	14	22	10	18	33	22	20	37	5	27	17	9	12	19	6	8	9	13	3	4	16	29	22	12	4	22	16	
942_A/duck/Hunan/HN333/2 12	8	8	4	21	7	17	6	6	11	0	0	8	3	1	9	10	9	6	3	10	6	4	3	12	12	20	5	13	5	11	4	19	8	27	10	13	12	22	10	16	34	23	20	37	6	28	15	8	13	20	5	8	8	13	3	5	16	31	22	12	4	20	16	
943_A/duck/Hunan/HN334/2 12	8	8	4	21	7	17	6	6	11	0	0	8	3	1	9	10	9	6	3	10	6	4	3	12	12	20	5	13	5	11	5	19	8	27	10	13	12	22	10	16	34	23	20	37	6	27	15	8	13	20	5	8	8	13	3	5	16	32	22	12	4	19	16	
944_A/duck/Hunan/HN335/2 12	8	8	4	21	7	17	6	6	11	0	0	8	3	1	9	10	9	6	3	10	6	4	3	12	12	20	5	13	5	11	4	19	8	27	10	13	12	22	10	15	34	23	20	37	6	27	16	8	13	20	5	8	8	13	3	6	16	32	22	12	4	19	16	
945_A/duck/Hunan/HN336/2 12	8	8	4	21	7	17	6	6	11	0	0	8	3	1	9	10	9	6	3	10	6	4	3	12	12	20	5	13	5	11	4	19	8	27	10	13	12	22	10	16	33	24	20	37	6	27	16	8	13	20	5	8	8	13	3	5	16	32	22	12	4	19	16	
946_A/duck/Hunan/HN339/2 11	8	8	4	22	7	17	6	6	11	0	0	8	3	1	9	11	9	6	3	9	6	4	3	12	12	20	5	13	5	11	4	20	8	27	11	12	13	22	9	16	33	23	20	37	6	27	16	7	12	19	6	9	9	13	3	5	16	28	23	12	4	22	16	
947_A/duck/Hunan/HN341/2 12	8	8	4	21	7	17	6	6	11	0	0	8	3	1	9	10	9	6	3	10	6	4	3	12	12	20	5	13	5	11	4	19	8	27	10	13	12	22	10	16	34	23	20	37	6	27	16	8	13	20	5	8	8	13	3	5	16	32	22	12	4	19	16	
948_A/duck/Hunan/HN342/2 12	8	8	4	21	7	17	6	6	11	0	0	8	3	1	9	10	9	6	3	10	6	4	3	12	12	20	5	13	5	11	4	19	8	27	10	13	12	22	10	16	34	23	20	37	6	27	16	8	13	20	5	8	8	13	3	5	16	32	22	12	4	19	16	
949_A/duck/Hunan/HN343/2 12	8	8	4	21	7	17	6	6	11	0	0	8	3	1	9	10	9	6	3	9	6	4	3	12	12	20	5	13	5	11	4	19	8	27	10	14	12	22	10	16	34	23	20	37	6	27	16	8	13	20	5	8	8	13	3	5	16	32	21	12	4	19	17	
950_A/duck/Hunan/S4020/2 11	7	9	5	22	6	16	5	7	10	0	0	11	5	1	9	10	9	7	1	9	6	3	3	7	13	22	7	15	4	9	5	19	11	28	12	13	9	22	9	17	33	25	17	36	7	27	17	8	11	19	5	9	9	14	2	6	19	25	25	11	2	24	13	
951_A/duck/Hunan/S4030/2 10	7	9	5	23	5	16	5	5	12	0	0	9	4	1	9	10	10	7	2	10	5	3	2	8	12	23	7	16	5	8	5	20	10	27	13	13	10	22	8	15	30	23	19	37	9	27	16	9	12	17	4	9	8	15	4	5	21	31	24	12	1	20	14	
952_A/duck/Hunan/S4101/2 12	9	6	4	21	5	19	6	7	12	0	0	12	3	1	9	10	10	6	2	9	4	5	3	7	14	21	3	12	4	9	3	17	9	23	8	13	12	24	15	16	34	24	20	37	5	28	19	7	12	23	3	10	9	9	5	7	16	24	29	12	5	26	9	
953_A/duck/Hunan/S4120/2 12	9	6	4	21	5	19	6	7	12	0	0	12	3	1	9	10	10	6	2	9	4	5	3	7	14	21	3	12	4	9	3	17	9	23	8	13	12	24	15	16	34	23	20	37	5	29	19	6	12	23	3	11	9	9	5	7	16	25	29	12	5	25	9	
954_A/duck/Hunan/S4150/2 12	6	9	6	21	7	16	4	8	10	0	0	9	4	1	9	10	9	9	2	9	6	1	2	9	13	21	7	14	4	10	5	18	11	24	10	14	10	25	11	15	32	25	19	38	7	26	16	8	11	20	6	9	10	13	3	7	17	25	21	10	4	24	16	
955_A/duck/Hunan/S4220/2 12	6	9	6	21	7	16	4	8	10	0	0	9	4	1	9	10	9	9	2	9	6	1	2	9	13	20	7	14	4	11	5	18	11	24	10	14	9	25	11	15	34	26	18	38	7	26	16	8	11	20	6	9	10	13	3	6	17	26	22	10	4	23	15	
956_A/duck/Hunan/S40199/ 15	7	11	5	18	6	15	5	7	13	0	0	9	3	1	9	11	10	5	2	7	3	4	2	13	12	21	3	11	7	10	7	19	11	24	11	11	10	23	11	16	33	28	22	38	5	23	15	9	13	20	5	12	9	12	5	3	19	23	29	11	1	26	9	
957_A/duck/Hunan/S40268/ 17	6	9	6	16	6	16	4	5	15	0	0	13	2	1	9	9	10	6	2	9	4	4	2	10	14	22	4	12	4	9	5	17	10	25	10	13	10	24	11	17	32	27	22	36	7	25	15	9	14	20	4	11	7	12	5	5	19	28	32	11	2	20	7	
958_A/duck/Jiangsu/m234/ 15	9	9	5	18	5	16	5	7	12	0	0	13	3	1	9	9	7	4	2	9	6	6	3	8	14	20	2	12	5	11	5	19	11	23	8	10	13	24	15	15	34	23	20	37	3	28	19	6	12	24	3	11	8	8	5	6	18	24	32	13	4	25	7	
959_A/duck/Jiangsu/S4439 10	9	11	5	23	7	14	5	6	10	0	0	9	3	1	9	13	8	7	2	7	5	4	2	11	13	19	7	14	5	11	4	19	7	26	14	11	14	21	8	16	30	26	20	35	7	22	18	11	10	19	4	8	11	14	2	6	18	30	24	13	3	21	16	
960_A/duck/Jiangsu/SE112 10	9	10	5	23	7	15	5	6	10	0	0	8	3	1	9	13	8	7	2	7	5	4	2	11	13	19	7	15	5	11	4	20	7	28	14	12	13	19	8	16	30	26	21	35	8	23	16	9	10	19	5	8	11	14	1	6	18	30	24	13	3	21	16	
961_A/duck/Jiangxi/01.11 12	7	8	4	21	7	17	6	3	11	0	0	10	4	1	9	12	11	7	3	7	4	3	3	13	12	20	5	13	5	11	4	20	8	24	12	12	12	24	9	16	32	23	21	37	8	27	15	8	11	20	6	9	10	12	3	8	15	29	22	10	5	21	16	
962_A/duck/Jiangxi/01.14 14	6	7	4	19	8	18	6	6	12	0	0	12	3	1	9	9	10	6	2	9	5	4	3	10	12	23	2	13	5	8	5	19	12	21	9	11	11	27	13	15	33	22	19	36	4	29	20	7	11	23	3	10	10	10	5	5	18	28	27	14	3	21	11	
963_A/duck/Jiangxi/01.14 11	7	11	4	21	6	14	6	5	12	0	0	7	4	1	9	9	9	7	3	9	6	3	3	14	12	23	5	12	4	8	4	21	8	29	11	12	11	19	9	18	33	22	21	36	6	27	16	8	12	18	6	7	9	13	2	5	16	30	23	11	4	21	16	
964_A/duck/Jiangxi/01.14 11	7	11	4	21	6	14	6	5	12	0	0	7	4	1	9	9	9	7	3	9	6	3	3	14	12	23	5	12	4	8	4	21	7	29	11	12	12	19	9	18	33	22	21	36	6	27	16	8	12	18	6	7	9	13	2	5	16	30	23	11	4	21	16	
965_A/duck/Jiangxi/02.05 11	7	11	4	21	6	14	6	5	12	0	0	7	4	1	9	9	9	7	3	9	6	3	3	14	12	23	5	12	4	8	4	21	8	29	11	12	11	19	9	18	33	22	21	36	6	27	16	8	12	18	6	7	9	13	2	5	16	30	23	11	4	21	16	
966_A/duck/Jiangxi/02.06 11	7	11	5	21	6	14	5	5	12	0	0	7	4	1	9	9	9	7	3	9	6	3	3	14	12	23	5	12	4	8	4	21	8	29	11	12	11	19	9	18	33	22	21	36	6	27	16	8	12	18	6	7	9	13	2	5	16	30	23	11	4	21	16	
967_A/duck/Jiangxi/02.06 12	7	10	4	20	6	15	6	4	13	0	0	8	3	1	9	9	10	8	3	9	5	3	3	13	11	22	5	13	5	8	4	21	7	28	12	12	12	20	9	14	38	24	20	36	3	27	15	8	12	18	5	8	10	13	3	6	16	32	25	11	3	19	13	
968_A/duck/Jiangxi/2.28_ 11	7	9	4	22	7	16	6	4	12	0	0	9	3	1	9	13	10	7	3	6	5	3	3	11	12	20	4	15	5	11	5	20	9	25	12	12	13	23	9	18	32	23	21	36	6	27	15	7	11	20	6	9	9	14	2	8	17	29	22	10	4	20	16	
969_A/duck/Jiangxi/2.28N 11	7	9	4	22	7	16	6	4	12	0	0	9	3	1	9	13	10	7	3	6	5	3	3	11	12	20	4	15	5	11	5	20	9	25	12	12	13	23	9	18	32	23	21	36	6	27	15	7	11	20	6	9	9	14	2	8	17	29	22	10	4	20	16	
970_A/duck/Jiangxi/03.11 10	7	11	4	23	6	14	6	7	12	0	0	8	4	1	9	10	9	7	3	8	6	3	3	14	11	23	5	11	6	8	4	20	8	29	11	12	12	20	9	17	35	23	19	37	5	27	17	9	12	19	6	8	9	13	2	5	16	29	23	11	4	22	16	
971_A/duck/Jiangxi/04.01 10	5	9	6	23	6	16	4	6	14	0	0	14	3	1	9	6	8	8	1	12	6	2	3	5	13	17	2	14	5	13	6	19	7	24	10	9	15	25	11	15	32	26	20	38	6	26	19	8	12	19	2	10	10	15	8	5	18	23	24	15	3	25	12	
972_A/duck/Jiangxi/04.01 11	5	9	6	21	6	16	4	5	13	0	0	14	4	1	9	5	8	8	1	12	6	2	3	5	13	17	2	14	4	13	6	19	6	23	11	9	15	25	10	15	32	26	20	37	6	26	19	8	12	18	2	9	10	15	8	5	18	23	24	15	3	25	12	
973_A/duck/Jiangxi/04.01 11	7	8	4	22	6	17	6	7	12	0	0	8	4	1	9	10	10	7	3	9	5	3	2	12	12	22	7	13	5	8	4	23	14	27	13	9	10	22	8	16	33	24	18	36	5	28	16	7	11	19	5	10	9	14	4	6	17	32	24	9	4	18	13	
974_A/duck/Jiangxi/05.07 10	5	8	6	22	6	17	4	5	14	0	0	14	3	1	9	5	8	7	1	12	6	3	3	6	13	17	3	13	4	13	5	19	6	23	10	11	14	25	11	14	32	26	20	36	6	26	19	8	12	19	2	9	9	14	8	6	19	23	24	15	3	25	12	
975_A/duck/Jiangxi/5.26_ 14	6	6	6	19	7	19	4	3	11	0	0	11	4	1	9	11	10	6	2	8	5	4	4	10	12	21	4	14	5	10	4	19	9	22	7	12	13	27	14	15	31	21	18	38	7	30	18	10	11	18	5	9	11	15	4	6	15	27	21	12	5	22	16	
976_A/duck/Jiangxi/11.17 15	8	9	5	17	5	17	5	6	12	0	0	9	4	1	9	11	10	6	1	8	4	4	3	10	12	20	4	14	6	11	6	18	8	27	7	11	12	22	13	17	30	22	20	37	10	30	16	11	12	25	5	10	9	7	4	3	16	25	30	11	5	24	9	
977_A/duck/Jiangxi/11.17 15	8	9	5	17	5	17	5	6	12	0	0	9	4	1	9	11	10	6	1	8	4	4	3	10	12	20	4	14	6	11	6	18	8	27	7	11	12	22	13	17	30	22	20	37	10	30	16	11	12	25	5	10	9	7	4	3	16	25	30	11	5	24	9	
978_A/duck/Jiangxi/11.29 13	9	11	5	20	6	14	5	8	12	0	0	10	2	1	9	10	13	7	2	6	2	3	2	10	11	21	1	12	6	9	8	23	9	24	9	9	11	24	13	15	32	29	25	37	9	24	12	10	10	23	4	8	11	9	5	7	19	31	29	9	3	18	9	
979_A/duck/Jiangxi/11.29 14	8	10	6	19	6	15	4	5	14	0	0	12	1	1	9	12	11	6	2	7	3	4	2	11	13	20	4	11	5	11	5	16	10	22	9	14	10	25	14	16	34	24	26	37	6	25	13	10	14	22	5	10	8	11	4	6	17	28	31	9	3	21	7	
980_A/duck/Jiangxi/11.29 12	7	7	4	20	7	18	6	2	13	0	0	10	2	1	9	11	10	7	3	7	5	3	3	14	12	21	5	13	4	10	4	17	8	25	11	14	12	22	10	16	32	25	21	35	7	25	15	9	10	18	6	8	11	13	3	8	15	29	23	10	5	21	15	
981_A/duck/Jiangxi/34/20 10	7	9	5	23	6	16	5	7	10	0	0	7	4	1	9	9	11	7	2	10	4	3	2	10	11	22	7	16	6	9	5	21	7	28	11	12	12	21	9	14	32	24	19	37	9	26	16	8	12	18	5	9	9	14	3	8	18	31	24	11	3	20	14	
982_A/duck/Jiangxi/35/20 9	6	9	6	24	7	16	4	4	10	0	0	6	4	1	9	8	11	5	3	11	4	5	1	7	12	22	3	22	5	9	6	19	8	26	9	13	13	24	12	16	36	22	18	37	3	27	20	6	14	18	5	10	8	13	3	6	18	28	27	13	3	23	11	
983_A/duck/Jiangxi/44/20 10	5	11	3	23	9	14	7	9	13	0	0	10	2	1	9	8	10	5	4	8	4	5	1	10	14	22	3	13	4	9	6	17	7	28	8	12	12	23	12	16	34	24	23	36	8	25	16	10	13	17	2	7	8	13	6	8	17	25	30	12	3	26	8	
984_A/duck/Jiangxi/95/20 11	7	9	4	22	6	16	6	5	12	0	0	8	4	1	9	10	10	7	3	9	5	3	3	13	12	21	5	13	5	9	5	20	8	26	11	13	12	23	9	16	34	21	20	37	6	29	16	8	12	19	6	9	9	13	3	5	16	28	23	11	4	23	15	
985_A/duck/Jiangxi/120/2 12	6	9	6	21	8	16	4	8	11	0	0	15	3	1	9	7	9	7	2	11	7	3	2	6	12	19	3	12	4	12	6	18	8	27	12	14	13	21	10	15	34	25	20	34	5	27	17	7	12	22	2	10	9	10	7	7	17	25	24	14	3	25	13	
986_A/duck/Jiangxi/130/2 12	6	9	6	21	7	16	4	8	10	0	0	9	4	1	9	10	9	9	2	9	6	1	2	8	14	22	7	14	4	9	5	18	11	26	10	14	9	23	11	15	32	26	18	38	8	26	16	9	12	18	7	7	9	14	3	8	17	27	22	10	4	22	15	
987_A/duck/Jiangxi/13469 11	7	9	4	22	6	16	6	5	12	0	0	8	4	1	9	11	10	7	2	10	5	3	3	11	12	22	7	13	5	8	4	24	10	28	13	9	12	21	8	16	33	23	19	37	6	29	15	7	11	20	5	10	9	13	4	6	17	30	23	10	3	20	14	
988_A/duck/Jiangxi/13475 11	7	9	4	22	6	16	6	5	12	0	0	8	4	1	9	11	10	7	2	10	5	3	3	11	12	22	7	13	5	8	4	24	10	28	13	9	12	21	8	16	33	23	19	37	6	29	15	7	11	20	5	10	9	13	4	6	17	30	23	10	3	20	14	
989_A/duck/Jiangxi/13484 11	7	9	4	22	6	16	6	5	12	0	0	8	4	1	9	11	10	7	2	10	5	3	3	11	12	22	7	13	5	8	4	24	10	28	13	9	12	21	8	16	33	23	19	37	6	29	15	7	11	20	5	10	9	13	4	6	17	30	23	10	3	20	14	
990_A/Duck/Jiangxi/50446 15	8	9	5	17	5	17	5	5	12	0	0	9	4	1	9	11	10	6	1	8	4	4	3	11	12	20	4	14	6	11	6	19	10	28	7	11	11	21	12	17	29	22	22	37	10	30	14	10	12	25	5	10	9	7	5	3	16	25	31	11	5	24	8	
991_A/Duck/Jiangxi/50455 11	7	9	4	22	7	16	6	5	12	0	0	8	3	1	9	12	10	7	3	7	5	3	3	14	11	21	5	12	6	10	4	19	8	25	12	12	12	23	9	17	35	23	21	36	5	27	15	8	11	19	5	10	10	14	4	8	15	27	20	10	5	21	19	
992_A/duck/Jiangxi/E7/20 11	7	11	4	21	6	14	6	5	12	0	0	7	4	1	9	9	10	7	3	9	6	3	3	13	11	23	5	13	4	8	4	20	7	29	11	13	12	19	9	17	35	23	20	36	5	27	16	8	12	18	6	7	9	13	3	5	16	29	22	11	4	22	16	
993_A/duck/Jiangxi/F31/2 11	7	11	4	21	6	14	6	5	12	0	0	7	4	1	9	9	9	7	3	9	6	3	3	13	12	23	5	13	4	8	4	20	7	29	11	13	12	19	9	17	34	23	20	36	6	27	16	8	12	18	6	7	9	13	3	5	16	29	22	11	4	22	16	
994_A/duck/Jiangxi/NCDZT 11	7	11	4	23	6	14	6	6	12	0	0	7	5	1	9	10	9	7	3	9	6	3	3	14	12	23	5	12	4	8	4	19	8	30	12	13	12	19	9	17	35	23	20	37	5	27	16	8	12	18	6	8	9	13	3	4	16	29	23	11	4	22	16	
995_A/duck/Jiangxi/NCDZT 11	7	11	3	21	7	13	6	6	12	0	0	7	5	1	9	10	9	7	3	9	6	3	3	13	13	23	5	13	4	8	4	21	7	27	12	13	12	20	9	16	34	24	20	38	7	26	17	7	12	19	6	10	6	13	5	4	16	29	21	12	5	22	16	
996_A/duck/Jiangxi/S1025 12	8	9	4	21	7	16	6	7	13	0	0	11	2	1	9	8	10	7	1	9	5	3	4	6	14	24	3	17	3	7	4	18	9	24	9	12	13	25	13	16	35	22	22	37	3	28	18	8	12	20	3	6	8	11	5	7	16	24	22	14	5	26	16	
997_A/duck/Jiangxi/S4083 13	7	7	5	20	7	18	5	6	12	0	0	9	3	1	9	10	10	8	2	8	3	2	3	6	16	23	2	18	3	8	6	16	9	23	8	13	12	24	14	18	35	25	21	37	3	27	16	5	10	22	3	12	11	13	5	4	17	25	30	15	4	23	8	
998_A/duck/Jilin/04.04_S 11	8	9	5	22	7	16	5	7	8	0	0	9	5	1	9	12	8	7	2	9	4	4	2	9	14	21	7	15	5	9	4	21	9	28	14	11	12	20	8	15	31	27	21	36	8	22	16	8	10	17	6	9	11	15	2	6	18	33	25	12	2	18	13	
999_A/duck/Jilin/JL-SIV/ 11	7	10	5	22	6	15	5	5	11	0	0	12	4	1	9	10	10	7	2	10	5	3	2	9	14	21	7	13	3	10	4	21	11	29	11	12	8	20	10	15	35	24	19	38	5	27	17	6	11	21	4	11	9	11	4	7	18	28	24	10	3	22	14	
1000_A/duck/Jilin/S1261/2 10	8	9	4	23	7	16	6	8	12	0	0	7	2	1	9	12	8	7	2	7	5	4	2	11	14	19	7	14	4	11	4	20	9	24	13	12	12	23	8	15	30	25	20	35	9	24	17	8	10	20	7	9	10	13	3	8	19	30	22	12	2	21	15	
1001_A/duck/Jilin/S4171/2 11	8	9	4	22	7	16	6	8	10	0	0	8	3	1	9	12	8	6	2	7	5	5	2	12	14	19	7	13	5	11	3	20	9	24	14	11	13	23	8	16	30	25	21	34	9	23	18	8	9	20	6	9	12	13	2	7	18	29	23	12	2	22	15	
1002_A/duck/Kaohsiung/15W 13	6	7	4	20	8	18	6	6	12	0	0	12	3	1	9	8	9	7	2	9	5	3	3	11	13	22	2	12	5	9	5	19	13	21	9	11	11	27	13	15	30	22	20	37	5	29	19	7	13	23	4	10	9	10	5	5	18	28	25	14	3	21	12	
1003_A/duck/Kaohsiung/20W 13	7	9	5	20	7	16	5	6	12	0	0	9	3	1	9	10	10	8	2	9	5	2	3	9	14	22	3	15	3	8	4	17	9	24	11	12	12	24	11	15	36	27	22	37	3	25	17	5	9	21	3	12	12	13	5	4	20	25	30	15	2	23	8	
1004_A/duck/Kaohsiung/150 10	8	6	5	23	6	19	5	10	14	0	0	9	1	1	9	9	12	6	2	9	3	4	3	7	14	20	4	13	3	11	5	17	10	24	7	13	10	25	15	15	38	22	23	38	2	28	15	7	11	19	3	10	10	12	5	5	16	27	28	14	5	22	11	
1005_A/duck/Liaoning/LN/2 14	6	5	4	19	8	20	6	6	12	0	0	11	3	1	9	9	9	6	1	9	5	5	3	11	13	22	2	12	5	9	5	19	10	21	9	11	11	26	14	15	34	23	17	37	5	29	21	5	12	22	3	12	9	10	5	7	17	26	28	12	4	24	10	
1006_A/duck/Nanchang/9789 11	7	9	4	22	6	16	6	5	12	0	0	7	4	1	9	10	10	7	2	9	5	3	3	13	12	22	7	14	5	9	4	23	8	29	12	11	12	20	8	15	33	24	21	37	7	26	15	7	12	19	5	9	9	13	3	7	17	31	23	10	3	20	15	
1007_A/duck/Nantou/15A343 10	8	6	5	23	6	19	5	10	14	0	0	9	1	1	9	9	12	6	2	9	3	4	3	8	14	20	4	12	3	11	4	17	10	23	7	13	10	26	15	15	38	22	23	39	2	28	16	6	11	18	3	10	10	13	5	5	16	28	28	14	5	22	10	
1008_A/duck/Nantou/17A024 10	9	7	5	23	4	18	5	10	15	0	0	11	0	1	9	9	12	6	2	9	3	4	3	7	15	18	3	12	2	13	5	17	10	23	7	14	10	26	15	13	38	21	24	39	2	29	15	7	11	21	2	9	10	12	6	6	15	27	28	14	6	21	10	
1009_A/duck/Ningxia/YG61/ 13	7	8	3	20	7	17	7	10	12	0	0	7	3	1	9	8	10	6	2	10	4	4	3	5	15	23	4	18	3	8	3	18	11	20	10	11	11	27	13	16	33	24	21	37	4	26	19	7	13	22	3	9	8	10	5	7	17	24	26	13	5	26	12	
1010_A/duck/Ningxia/YG71/ 13	7	8	3	20	7	17	7	10	12	0	0	7	3	1	9	8	10	6	2	10	4	4	3	5	15	23	4	18	3	8	3	18	11	20	10	11	11	27	13	16	33	25	21	37	4	26	19	7	13	22	3	9	8	10	5	7	17	23	26	13	5	26	12	
1011_A/duck/Ningxia/YG83/ 13	7	8	3	20	7	17	7	9	12	0	0	9	3	1	9	8	10	6	2	10	4	4	3	5	15	23	4	17	3	8	3	18	11	20	10	11	11	27	13	16	33	24	21	37	4	26	19	6	13	22	3	9	8	10	5	7	17	24	26	14	5	26	12	
1012_A/duck/Pingtung/17A0 10	9	7	5	23	4	18	5	10	15	0	0	11	0	1	9	9	12	6	2	9	3	4	3	7	14	18	3	12	3	13	5	17	10	23	7	14	10	26	15	13	38	21	24	39	2	29	15	7	11	20	2	9	10	12	6	6	15	27	28	14	6	22	10	
1013_A/duck/Pingtung/18A0 10	9	8	5	23	4	17	5	10	14	0	0	11	1	1	9	9	11	6	2	9	3	4	3	7	14	18	3	12	3	13	4	17	11	23	7	14	10	26	15	13	37	21	24	38	3	28	17	7	11	23	2	9	10	10	6	6	15	28	28	15	6	20	10	
1014_A/duck/Pingtung/18A0 10	9	7	5	23	4	19	5	11	15	0	0	11	0	1	9	9	12	6	2	8	3	3	3	7	14	19	3	12	3	12	4	16	11	21	5	15	10	28	17	13	37	22	23	39	2	28	17	7	11	21	2	8	10	11	6	7	15	26	26	14	6	23	12	
1015_A/duck/Pingtung/18X0 13	10	11	5	20	5	14	5	6	11	0	0	9	4	1	9	11	8	7	1	10	4	3	3	11	12	20	5	11	8	11	3	15	9	27	7	10	9	20	16	21	37	23	22	36	4	30	15	9	11	17	3	11	10	16	3	2	18	27	33	14	3	21	8	
1016_A/duck/Pingtung/1501 15	8	6	5	18	6	19	5	6	12	0	0	15	3	1	9	9	8	5	2	9	5	5	3	9	14	22	3	10	5	9	4	18	9	26	9	13	11	23	13	15	32	22	20	37	7	29	19	7	13	22	3	9	7	10	5	7	15	27	27	13	6	23	11	
1017_A/duck/Pingtung/1501 10	8	6	5	23	6	19	5	10	14	0	0	9	1	1	9	10	12	6	2	8	4	4	3	7	13	20	4	13	3	11	5	17	10	24	7	13	11	24	15	15	38	22	23	39	2	28	15	7	11	19	3	10	10	12	5	5	16	28	28	13	5	22	10	
1018_A/duck/Shandong/009/ 9	7	8	7	24	7	17	3	6	11	0	0	16	4	1	9	7	10	7	1	12	4	4	2	6	11	19	4	11	7	11	6	19	8	24	9	10	13	25	12	15	33	26	19	37	6	25	19	8	11	16	3	10	10	17	6	7	16	25	26	13	4	24	11	
1019_A/duck/Shandong/11.1 12	8	9	6	21	5	16	4	5	15	0	0	13	1	1	9	9	12	6	3	9	3	4	1	8	14	19	3	14	3	12	6	17	12	26	8	12	11	22	13	17	34	24	22	36	4	28	15	8	10	22	5	8	11	12	3	9	17	28	24	10	4	21	14	
1020_A/duck/Shandong/11.1 12	8	9	6	21	5	16	4	5	15	0	0	13	1	1	9	9	12	6	3	9	3	4	1	8	14	19	3	14	3	12	6	17	12	26	8	12	11	22	13	17	34	24	22	36	4	28	15	8	10	22	5	8	11	12	3	9	17	28	24	10	4	21	14	
1021_A/duck/Shandong/Q1/2 13	8	8	6	21	5	17	4	6	14	0	0	11	2	1	9	10	12	6	3	8	3	4	1	8	14	19	3	14	3	12	6	16	11	27	9	13	11	21	12	16	34	25	23	36	4	27	14	9	10	22	5	8	10	12	3	11	17	28	24	9	5	21	14	
1022_A/duck/Shandong/SD02 12	8	9	4	21	7	16	6	7	13	0	0	11	2	1	9	8	10	7	1	9	5	3	4	6	15	23	3	17	3	8	4	18	9	23	8	12	13	25	14	16	35	22	23	37	3	29	16	8	12	21	3	6	8	11	6	7	15	23	21	14	5	27	16	
1023_A/duck/Shandong/SD02 12	8	9	4	21	7	16	6	7	13	0	0	11	2	1	9	8	10	7	1	9	5	3	4	6	15	23	3	17	3	8	4	18	9	23	8	12	13	25	14	16	35	22	23	37	3	29	16	8	12	21	3	6	8	11	6	7	15	23	21	14	5	27	16	
1024_A/Duck/Shandong/Y01/ 12	8	10	5	21	6	15	5	6	9	0	0	11	4	1	9	9	9	8	2	9	5	2	2	9	12	22	7	15	5	9	5	18	11	26	10	14	10	22	11	16	34	25	20	37	7	26	15	8	13	21	6	9	9	12	3	7	15	26	23	10	5	23	14	
1025_A/Duck/Shandong/Y02/ 12	8	10	5	21	6	15	5	7	9	0	0	10	4	1	9	9	10	9	2	9	4	1	2	9	12	22	7	15	5	9	5	18	12	25	10	14	9	23	11	16	34	25	20	37	7	27	14	7	12	21	6	10	9	12	3	7	16	26	21	10	5	23	16	
1026_A/duck/Sichuan/04.27 10	7	9	4	23	6	16	6	5	13	0	0	8	3	1	9	11	10	7	3	9	5	3	2	12	12	22	6	13	5	8	5	24	10	27	13	9	12	22	8	16	33	24	17	37	6	30	15	7	11	18	4	10	9	14	5	5	16	29	23	11	4	22	14	
1027_A/duck/Sichuan/04.27 10	7	9	4	23	6	16	6	5	13	0	0	8	3	1	9	11	10	7	3	8	5	3	2	13	12	22	7	13	5	8	4	24	10	27	13	9	12	22	8	16	33	24	17	37	6	29	16	7	11	19	4	10	9	13	5	5	16	29	23	11	4	22	14	
1028_A/duck/Sichuan/04.27 10	7	8	4	22	6	17	6	4	13	0	0	8	3	1	9	10	10	7	3	9	5	3	2	12	12	22	6	13	4	8	4	24	10	27	13	9	11	21	8	16	33	24	18	36	6	29	16	7	11	19	4	9	9	12	5	6	16	30	23	9	5	21	14	
1029_A/duck/Sichuan/04.27 10	7	9	4	23	6	16	6	5	13	0	0	8	3	1	9	11	10	7	3	8	5	3	2	13	12	22	7	13	5	8	4	24	10	27	13	9	12	22	8	16	33	24	17	37	6	29	16	7	11	19	4	10	9	13	5	5	16	29	23	11	4	22	14	
1030_A/duck/Sichuan/04.27 10	7	9	4	23	6	16	6	5	13	0	0	8	3	1	9	11	10	7	3	9	5	3	2	12	12	22	6	13	5	8	4	25	9	27	13	9	12	22	8	16	33	24	18	37	6	29	16	7	11	19	4	10	9	13	5	5	16	29	23	11	4	22	14	
1031_A/duck/Sichuan/04.27 10	7	9	4	23	6	16	6	5	13	0	0	8	3	1	9	11	10	7	3	9	5	3	2	12	12	22	6	13	5	8	5	24	10	27	13	9	12	22	8	16	33	24	17	37	6	30	15	7	11	18	4	10	9	14	5	5	16	29	23	11	4	22	14	
1032_A/duck/Sichuan/NCXJ1 10	7	9	4	23	6	16	6	5	13	0	0	8	3	1	9	11	10	7	3	9	5	3	2	12	12	22	6	13	5	8	5	24	10	27	13	9	12	22	8	16	33	24	17	37	6	30	15	7	11	18	4	10	9	14	5	5	16	29	23	11	4	22	14	
1033_A/duck/Sichuan/NCXJ2 10	7	9	4	23	6	16	6	5	13	0	0	8	3	1	9	11	10	7	3	8	5	3	2	13	12	22	7	13	5	8	4	24	10	27	13	9	12	22	8	16	33	24	17	37	6	29	16	7	11	19	4	10	9	13	5	5	16	29	23	11	4	22	14	
1034_A/duck/Sichuan/NCXN1 11	7	9	4	22	6	16	6	5	12	0	0	8	4	1	9	10	10	7	2	9	5	3	4	12	12	22	5	14	5	9	4	19	8	27	12	13	12	22	9	15	34	23	20	37	6	28	15	9	11	19	5	9	10	13	3	6	16	30	24	11	4	21	14	
1035_A/duck/Sichuan/NCXN1 11	7	9	4	22	6	16	6	4	12	0	0	8	4	1	9	10	10	7	2	9	5	3	4	13	12	22	5	14	5	9	4	19	8	27	12	13	12	22	9	15	34	23	20	37	6	28	15	9	11	19	5	9	10	13	3	6	16	30	25	11	4	21	13	
1036_A/duck/Sichuan/S1805 15	6	9	5	18	6	16	5	5	15	0	0	11	2	1	9	12	11	6	2	7	3	4	2	12	13	21	5	11	5	10	5	18	9	23	11	13	10	25	11	17	35	24	24	36	6	28	12	7	13	19	5	12	8	13	4	5	19	29	29	10	2	20	9	
1037_A/duck/Sichuan/SC482 15	6	9	5	18	6	16	5	5	15	0	0	11	2	1	9	12	11	6	2	7	3	4	2	12	13	21	5	11	5	10	5	18	9	24	11	13	10	25	11	17	35	24	24	36	6	27	12	7	13	19	5	12	8	13	4	5	19	29	29	10	2	20	9	
1038_A/duck/Sichuan/SC569 15	6	9	5	18	6	16	5	5	15	0	0	11	2	1	9	12	10	6	2	7	4	4	2	12	13	21	5	11	5	10	5	18	9	24	11	13	10	25	11	17	35	24	24	36	6	27	12	7	13	19	5	12	8	13	4	5	19	29	29	10	2	20	9	
1039_A/duck/Sichuan/SD002 15	6	9	5	18	6	16	5	5	15	0	0	11	2	1	9	11	11	6	2	8	3	4	2	12	13	21	5	11	5	10	5	18	9	24	11	13	10	24	11	17	35	24	24	36	6	28	12	6	13	19	5	13	8	13	4	5	19	29	29	10	2	20	9	
1040_A/duck/Taichung/1501 10	8	6	5	23	6	19	5	11	14	0	0	8	1	1	9	9	12	6	2	9	3	4	3	7	14	20	4	13	3	11	5	17	10	23	7	13	10	26	15	15	38	22	23	39	2	27	16	6	11	19	3	10	10	12	5	5	16	28	28	14	5	22	10	
1041_A/duck/Tainan/16WB34 12	7	8	5	21	8	17	5	5	11	0	0	10	3	1	9	8	10	5	1	10	4	5	4	8	15	22	3	17	3	8	5	20	9	22	9	11	14	26	13	14	32	22	22	37	5	30	16	7	12	21	3	8	9	11	5	7	17	24	29	13	5	26	9	
1042_A/duck/Tainan/150104 11	7	9	4	22	8	16	6	4	11	0	0	11	3	1	9	9	10	7	2	9	4	3	3	10	11	22	3	14	7	10	6	15	9	25	7	15	10	23	15	15	37	22	17	37	3	29	20	6	12	22	4	11	9	10	4	7	18	25	23	12	4	25	15	
1043_A/duck/Tainan/160100 10	8	6	5	23	6	19	5	11	14	0	0	9	1	1	9	9	12	6	2	9	3	4	3	6	14	20	4	13	3	11	5	17	10	24	8	13	10	25	14	15	38	22	23	39	2	28	15	7	11	20	3	10	11	11	3	6	15	29	29	12	6	21	10	
1044_A/duck/Taipei/05WB83 13	5	7	5	20	7	18	5	4	11	0	0	8	5	1	9	9	11	5	3	10	3	5	2	10	14	18	2	17	4	13	6	17	11	26	8	12	12	23	13	16	34	20	20	37	2	32	18	9	15	21	5	11	9	11	4	7	16	25	26	9	3	25	11	
1045_A/duck/Taipei/18WB01 12	8	6	5	21	6	19	5	5	11	0	0	13	4	1	9	9	8	6	2	9	6	4	2	8	14	19	3	14	4	12	6	18	12	20	8	12	9	28	14	16	33	26	21	36	6	26	16	8	11	23	4	8	10	9	4	7	17	26	28	13	4	24	10	
1046_A/duck/Taipei/19WB02 13	7	6	6	20	7	19	4	4	12	0	0	11	3	1	9	10	11	8	2	8	4	2	3	10	14	22	4	15	3	9	4	18	9	26	10	11	12	22	12	16	37	25	27	37	2	25	12	6	10	19	3	11	13	15	5	4	17	26	27	15	2	22	11	
1047_A/duck/Taiwan/01006/ 10	8	6	5	23	6	19	5	10	14	0	0	9	1	1	9	9	12	6	2	9	3	4	3	7	14	20	4	13	3	11	5	17	10	24	7	13	10	25	15	15	38	22	23	39	2	28	15	6	11	19	3	10	10	12	5	5	16	28	28	14	5	22	10	
1048_A/duck/Taiwan/11213/ 14	6	6	4	19	8	19	6	6	12	0	0	10	3	1	9	9	9	5	2	9	5	5	3	10	13	22	3	14	5	9	3	19	9	22	9	11	12	26	13	15	32	23	17	38	7	28	23	5	11	22	3	12	10	10	5	7	17	26	28	11	4	24	10	
1049_A/duck/Taiwan/11254/ 14	6	6	4	19	8	19	6	6	12	0	0	9	3	1	9	8	9	5	2	9	5	5	3	10	13	22	3	15	5	9	3	20	9	22	9	11	12	26	13	15	32	23	17	38	7	28	23	5	11	23	3	12	10	9	5	7	17	26	29	11	4	24	9	
1050_A/duck/Taiwan/a043/2 10	8	5	5	21	6	17	5	8	14	0	0	9	1	1	9	8	10	5	2	9	3	4	3	7	12	19	4	13	2	11	5	17	7	21	8	13	9	26	12	14	35	21	23	38	2	28	15	6	10	17	3	9	10	12	5	5	16	29	25	13	4	21	9	
1051_A/duck/Taiwan/a068/2 15	8	6	5	16	6	16	5	4	12	0	0	15	3	1	9	8	6	4	2	9	5	5	3	9	12	21	3	10	4	9	4	18	7	23	8	13	10	23	12	14	30	21	20	36	6	29	19	8	12	20	3	8	7	10	5	6	16	27	23	11	5	23	11	
1052_A/duck/Taiwan/A3400/ 15	8	6	5	18	6	19	5	6	12	0	0	15	3	1	9	9	8	5	2	9	5	5	3	9	14	22	3	10	5	9	4	18	10	25	9	13	11	23	13	15	33	22	20	37	6	29	19	8	13	22	3	9	7	10	5	6	16	27	27	12	6	23	11	
1053_A/duck/Taiwan/DV1238 13	6	9	5	20	7	16	5	6	12	0	0	8	3	1	9	9	11	6	3	11	4	4	2	8	13	17	2	15	4	14	6	20	11	28	7	9	13	21	13	18	33	22	21	36	2	30	16	9	14	20	5	8	11	12	4	9	16	23	26	10	3	27	12	
1054_A/duck/Taiwan/DV1241 13	6	9	5	20	7	16	5	6	12	0	0	8	3	1	9	9	11	6	3	11	4	4	2	8	13	17	2	15	4	14	6	20	11	28	7	9	13	21	13	18	33	22	21	36	2	30	16	9	14	20	5	8	11	12	4	9	16	23	26	10	3	27	12	
1055_A/duck/Taiwan/DV1242 13	6	9	5	20	7	16	5	6	12	0	0	8	3	1	9	9	11	6	3	11	4	4	2	8	13	17	2	15	4	14	6	20	11	28	7	9	13	21	13	18	33	22	21	36	2	30	16	9	14	20	5	8	11	12	4	9	16	23	26	10	3	27	12	
1056_A/duck/Taoyuan/16010 10	8	6	5	23	6	19	5	10	14	0	0	9	1	1	9	9	11	6	2	9	3	4	3	7	16	20	4	13	2	11	5	17	10	25	6	13	10	24	15	15	39	24	22	39	2	27	15	7	11	20	4	10	11	12	3	5	14	28	29	13	6	21	10	
1057_A/duck/Wuxi/7249/201 10	7	9	4	24	6	16	6	5	12	0	0	8	4	1	9	10	11	7	3	9	5	3	2	14	11	21	8	13	5	10	4	23	8	25	13	9	12	23	7	16	34	23	18	37	6	27	17	8	12	19	5	9	10	15	4	5	14	28	19	11	5	21	18	
1058_A/duck/Xinjiang/12.1 13	7	8	4	20	7	17	6	10	12	0	0	10	3	1	9	8	10	6	2	10	4	4	3	5	16	24	3	15	2	7	4	19	10	21	9	11	12	28	13	15	34	23	20	37	5	25	21	6	13	22	3	9	8	10	5	7	16	25	27	14	4	25	11	
1059_A/duck/Xinjiang/S106 11	8	10	5	22	7	15	5	7	9	0	0	9	4	1	9	13	9	7	2	7	4	4	2	10	14	19	7	14	5	11	5	20	9	26	14	11	13	20	8	16	28	25	20	34	9	26	15	10	9	20	6	8	12	13	1	8	18	30	25	12	2	21	14	
1060_A/duck/Xinjiang/S112 11	8	10	5	22	7	15	5	8	8	0	0	9	4	1	9	13	9	7	2	7	4	4	2	10	14	19	7	14	5	11	5	20	9	26	14	11	13	20	8	16	28	25	21	35	8	25	15	10	9	20	6	8	12	13	1	9	18	30	25	11	2	21	14	
1061_A/duck/Yilan/17A0092 10	9	7	5	23	5	18	5	10	15	0	0	11	0	1	9	8	12	6	2	10	3	4	3	7	14	19	3	12	3	12	5	17	10	24	7	14	10	25	15	13	38	20	25	39	2	30	14	7	11	20	2	9	9	12	6	6	15	27	28	14	6	22	10	
1062_A/duck/Yunlin/15A501 10	7	6	5	23	7	19	5	10	14	0	0	9	1	1	9	9	11	6	2	9	3	4	3	7	15	19	4	13	3	12	5	17	10	24	6	13	10	25	16	15	38	23	23	39	2	27	15	7	11	20	3	10	10	11	4	5	16	28	29	13	5	22	10	
1063_A/duck/Yunlin/17A008 10	9	7	5	23	5	18	5	10	15	0	0	11	0	1	9	9	12	6	2	9	3	4	3	7	14	19	3	12	3	12	5	17	10	23	7	14	10	26	15	13	38	21	25	39	2	29	14	7	12	19	2	9	9	13	6	6	15	27	27	14	5	22	11	
1064_A/duck/Yunlin/17A068 10	9	7	5	23	4	18	5	10	15	0	0	11	0	1	9	9	12	6	2	9	3	4	3	7	14	19	3	12	3	12	5	17	10	22	8	14	10	27	14	15	36	22	23	39	2	28	16	7	11	21	1	9	10	12	6	6	15	27	28	14	6	22	10	
1065_A/duck/Yunlin/18X000 14	6	7	4	19	8	18	6	8	13	0	0	10	2	1	9	8	8	7	2	9	5	3	3	10	14	22	2	13	5	9	5	20	13	21	10	10	12	27	12	15	30	22	20	36	5	29	19	6	12	23	3	11	9	10	5	7	20	26	24	13	1	23	14	
1066_A/duck/Yunlin/150102 10	8	6	5	23	6	19	5	11	14	0	0	8	1	1	9	9	12	7	2	9	3	4	3	7	14	20	4	13	3	10	5	17	10	23	7	13	10	25	16	15	38	22	23	39	2	28	15	6	11	19	3	10	10	12	5	5	16	28	28	14	5	22	10	
1067_A/duck/Yunlin/150102 13	5	12	5	20	9	13	5	7	12	0	1	12	4	0	9	9	12	6	4	8	4	4	0	8	11	21	2	13	4	11	7	18	9	25	9	12	13	24	11	17	37	24	24	36	3	28	13	8	11	19	6	10	9	12	4	8	17	28	24	11	3	23	12	
1068_A/duck/Yunlin/150103 10	8	6	5	23	6	19	5	11	14	0	0	8	1	1	9	9	12	6	2	9	3	4	3	7	14	20	4	13	3	11	5	17	10	23	7	13	10	26	15	15	38	22	23	39	2	28	15	6	11	19	3	10	10	12	5	5	16	28	28	14	5	22	10	
1069_A/duck/Yunlin/150103 10	8	6	5	23	6	19	5	10	14	0	0	9	1	1	9	9	12	6	3	9	3	4	3	7	14	20	4	13	3	11	5	17	10	24	6	13	10	25	15	15	38	22	23	39	2	28	15	6	11	19	3	10	10	12	5	5	16	28	28	14	5	22	10	
1070_A/duck/Yunlin/150103 10	8	6	5	23	6	19	5	11	14	0	0	8	1	1	9	9	12	6	2	9	3	4	3	7	14	20	4	13	3	11	5	17	10	23	7	13	10	26	15	15	38	23	23	39	2	27	15	6	11	19	3	10	10	12	5	5	16	28	28	14	5	22	10	
1071_A/duck/Yunlin/150104 13	5	12	5	20	9	13	5	7	12	0	1	12	4	0	9	9	12	6	4	8	4	4	0	8	11	21	2	13	4	11	7	18	9	25	9	12	12	24	11	17	36	24	24	36	3	28	13	8	11	19	6	10	10	12	4	8	18	28	24	11	3	23	12	
1072_A/duck/Yunlin/150700 10	7	6	5	23	7	19	5	10	14	0	0	9	1	1	9	9	11	6	2	9	3	4	3	7	15	20	4	13	3	11	5	17	10	24	7	13	10	25	15	15	38	22	23	39	2	28	15	7	11	20	3	10	10	12	4	5	16	28	30	13	5	21	9	
1073_A/duck/Yunlin/171100 10	9	8	5	23	4	17	5	10	15	0	0	10	0	1	9	9	12	6	2	9	3	4	3	7	13	18	2	13	4	13	6	17	9	23	8	15	10	26	14	14	37	22	24	39	2	28	15	7	11	20	2	9	11	12	6	6	14	26	29	14	6	23	9	
1074_A/duck/Yunlin/180600 10	9	7	5	23	4	18	5	10	14	0	0	10	0	1	9	10	12	6	2	9	3	4	3	7	13	19	2	12	4	12	6	17	8	24	8	15	10	25	14	15	38	23	24	39	2	27	15	7	11	20	3	9	11	12	6	6	15	26	28	13	6	23	9	
1075_A/duck/Yunnan/03.15_ 11	7	9	4	22	7	16	6	6	12	0	0	8	3	1	9	11	10	7	3	8	5	3	3	12	12	21	5	13	5	10	4	20	9	27	11	12	11	22	9	16	33	22	20	37	7	28	16	9	11	19	6	8	9	13	3	5	17	29	20	12	4	22	18	
1076_A/duck/Yunnan/03.16_ 11	7	9	4	22	7	16	6	6	12	0	0	8	3	1	9	11	10	7	3	8	5	3	3	12	12	21	5	13	5	10	4	20	9	27	11	12	11	22	9	16	33	22	20	37	7	28	16	9	11	19	6	8	9	13	3	5	17	29	20	12	4	22	18	
1077_A/duck/Yunnan/03.16_ 9	4	8	6	24	7	17	4	7	13	0	0	14	5	1	9	5	9	7	1	13	5	3	3	6	13	18	3	12	5	11	5	20	7	26	10	11	14	23	12	14	33	28	20	38	4	25	19	8	12	18	3	9	10	16	8	7	18	25	24	13	3	22	11	
1078_A/duck/Yunnan/03.16_ 11	7	9	4	22	7	16	6	6	12	0	0	8	3	1	9	11	10	7	3	8	5	3	3	12	12	21	5	13	5	10	4	20	9	27	11	12	11	22	9	16	34	22	20	37	6	28	16	9	11	19	6	8	9	13	3	6	17	29	20	11	4	22	18	
1079_A/duck/Yunnan/03.16_ 11	7	9	4	21	7	16	6	5	12	0	0	8	3	1	9	10	10	7	3	8	5	3	3	12	12	21	5	13	4	10	4	20	8	27	11	12	11	21	9	16	33	22	20	36	7	28	16	9	11	18	6	7	9	13	3	5	17	29	20	12	4	22	18	
1080_A/duck/Yunnan/07.15_ 10	7	9	4	23	7	16	6	6	12	0	0	8	3	1	9	11	10	7	3	8	5	3	3	12	12	20	5	13	5	11	4	20	8	27	11	12	13	22	9	16	33	24	20	37	6	26	16	8	12	19	6	9	9	13	3	5	16	30	21	12	4	21	17	
1081_A/duck/Yunnan/07.15_ 10	7	9	4	23	7	16	6	6	12	0	0	8	3	1	9	11	10	7	3	8	5	3	3	12	12	20	5	13	5	11	4	20	9	27	11	12	13	22	9	16	33	24	20	37	6	26	16	8	11	19	6	9	9	13	3	5	16	30	21	12	4	21	17	
1082_A/duck/Yunnan/07.15_ 10	7	9	4	23	7	16	6	5	12	0	0	9	3	1	9	11	10	7	3	8	5	3	3	12	12	20	5	13	5	11	4	20	8	27	11	12	13	22	9	16	33	24	20	37	6	26	16	8	12	19	6	9	9	13	3	5	16	30	21	12	4	21	17	
1083_A/duck/Yunnan/07.15_ 10	7	9	4	23	7	16	6	5	12	0	0	9	3	1	9	11	10	7	3	8	5	3	3	12	12	20	5	13	5	11	4	20	8	27	11	12	12	22	9	16	34	24	20	37	6	26	16	8	12	19	6	9	9	13	3	5	16	30	21	12	4	21	17	
1084_A/duck/Yunnan/S4318/ 15	6	9	5	18	6	16	5	5	15	0	0	11	2	1	9	12	11	6	2	7	3	4	2	12	13	21	5	11	5	10	5	18	9	23	11	13	11	25	11	17	36	24	24	36	5	25	14	7	13	19	4	12	8	13	5	5	19	29	30	10	2	20	8	
1085_A/Duck/Yunnan/YN-2/2 10	7	9	4	23	7	16	6	6	12	0	0	6	3	1	9	10	10	7	3	9	5	3	3	13	12	22	5	14	5	9	4	21	8	26	11	12	11	23	9	16	35	22	20	37	6	29	15	9	12	18	6	8	9	14	5	5	16	29	20	11	4	22	16	
1086_A/Duck/Yunnan/YN-4/2 10	7	8	4	23	6	17	6	6	13	0	0	5	3	1	9	10	10	7	3	9	5	3	3	13	11	22	5	15	6	9	4	21	8	27	11	12	11	22	9	16	35	22	21	37	6	28	15	9	12	17	6	8	9	15	4	5	17	28	20	11	3	23	17	
1087_A/Duck/Yunnan/YN-9/2 10	7	9	4	23	6	16	6	6	13	0	0	5	3	1	9	10	10	7	3	9	5	3	3	13	11	22	5	15	6	9	4	21	8	27	11	12	11	22	9	16	35	22	21	37	6	29	14	9	12	17	6	8	9	15	5	5	17	28	20	11	3	23	16	
1088_A/Duck/Zhanjiang/155 12	7	8	4	22	7	17	6	6	12	0	0	8	3	1	9	10	9	7	3	8	6	3	2	12	12	21	6	13	6	10	3	20	8	29	11	13	12	21	9	16	34	22	20	37	6	28	16	7	11	18	5	9	10	14	4	5	16	28	20	12	4	22	18	
1089_A/duck/Zhejiang/02.2 11	7	11	4	22	6	14	6	6	12	0	0	7	4	1	9	10	9	7	3	9	6	3	3	14	12	23	5	12	5	8	4	21	8	29	11	12	12	20	9	18	33	22	19	37	6	29	17	8	13	19	6	8	9	13	2	5	15	30	23	11	4	20	16	
1090_A/duck/Zhejiang/6D18 12	8	9	6	21	5	16	4	5	15	0	0	13	1	1	9	9	12	5	3	9	3	5	1	8	14	19	3	14	3	12	6	17	12	26	9	11	11	22	12	17	33	24	24	36	4	28	13	9	8	21	5	9	12	13	3	10	17	30	24	10	4	19	14	
1091_A/duck/Zhejiang/7713 12	8	9	4	21	5	16	6	6	12	0	0	7	4	1	9	12	11	7	3	8	4	3	2	13	12	23	6	12	4	9	5	23	10	26	11	8	11	23	10	15	33	23	18	37	6	28	17	10	12	19	5	7	9	13	3	9	18	29	22	9	2	22	16	
1092_A/duck/Zhejiang/7270 17	6	8	6	20	8	17	4	8	11	0	0	10	3	1	9	9	9	6	2	6	7	3	3	7	14	21	6	15	4	10	2	20	10	23	9	9	11	25	13	15	32	23	21	38	6	26	19	7	12	21	4	9	9	10	3	7	16	26	29	13	5	25	10	
1093_A/duck/Zhejiang/7271 13	5	9	4	24	6	16	6	6	12	0	0	9	4	1	9	9	10	8	3	7	6	2	3	13	12	22	5	12	5	9	4	20	8	26	12	13	11	22	8	17	35	22	20	36	5	28	17	8	12	18	6	8	9	14	3	6	16	28	21	11	4	23	17	
1094_A/duck/Zhejiang/9250 12	8	9	6	21	5	16	4	5	15	0	0	12	1	1	9	7	11	6	3	10	3	4	1	8	13	20	3	15	5	11	6	17	11	26	9	12	11	22	12	18	35	24	24	36	4	28	13	8	10	21	5	8	11	12	2	9	17	27	25	10	4	23	14	
1095_A/duck/Zhejiang/9251 13	8	9	6	20	5	16	4	5	16	0	0	12	1	1	9	7	11	6	3	10	2	5	1	8	14	20	3	15	4	11	6	17	11	25	9	12	11	22	13	18	35	24	25	36	4	28	12	7	10	23	5	9	11	12	2	9	17	26	26	10	3	22	13	
1096_A/duck/Zhejiang/1026 13	8	8	7	20	5	17	4	9	12	0	0	10	4	1	9	12	12	6	3	8	5	4	1	6	11	20	5	13	4	11	5	16	8	28	10	14	13	19	10	16	36	27	23	37	3	25	14	9	11	22	5	9	9	12	3	11	20	27	27	6	2	22	11	
1097_A/duck/Zhejiang/1220 12	8	9	5	21	7	16	5	7	9	0	0	9	4	1	9	13	9	7	2	7	5	4	2	10	13	20	7	14	5	10	5	21	7	28	14	11	13	20	8	15	32	25	20	36	8	24	16	8	10	19	6	9	11	13	2	6	18	33	25	12	2	18	13	
1098_A/duck/Zhejiang/S409 10	9	9	5	23	7	16	5	6	10	0	0	9	3	1	9	13	8	7	2	7	5	4	2	10	14	19	6	14	5	11	5	20	6	26	15	12	14	21	7	16	29	25	20	35	8	24	17	9	10	19	4	8	11	14	3	7	20	29	25	12	2	21	15	
1099_A/duck/Zhejiang/S485 17	7	9	5	16	6	16	5	5	14	0	0	13	2	1	9	10	10	6	2	8	4	4	2	11	13	22	5	11	5	9	5	16	11	24	9	13	9	26	11	17	32	26	22	36	7	26	14	9	14	21	4	12	7	11	5	5	17	28	30	11	4	21	8	
1100_A/duck/Zhejiang/W24/ 12	8	9	6	21	5	16	4	5	15	0	0	13	1	1	9	8	12	6	3	9	3	4	1	8	14	19	3	14	3	12	6	18	12	26	9	12	11	22	12	17	34	25	24	36	4	27	13	8	10	22	5	8	11	12	3	9	17	28	24	10	4	21	14	
1101_A/egret/Jiangsu/SD02 12	8	9	4	21	7	16	6	7	13	0	0	11	2	1	9	8	10	7	1	9	5	3	4	6	14	24	3	17	3	7	4	18	9	24	9	12	13	25	13	16	35	22	22	37	3	28	18	8	12	20	3	6	8	11	5	7	16	24	22	14	5	26	16	
1102_A/Egret/Shangdong/JN 16	7	9	6	17	7	17	4	5	14	0	0	13	2	1	9	10	9	8	2	9	4	4	1	12	14	22	5	8	4	9	3	17	10	23	10	12	12	23	11	17	30	27	22	39	7	26	17	9	13	20	6	9	6	12	4	5	19	29	31	11	2	21	7	
1103_A/environment/Hunan/ 12	7	9	4	21	6	16	6	6	12	0	0	7	4	1	9	10	10	7	3	9	5	3	3	13	11	23	4	13	6	8	3	21	9	28	13	12	12	21	8	15	36	23	21	37	3	27	17	8	12	19	5	9	10	13	3	6	15	32	24	11	4	19	14	
1104_A/Environment/Shando 16	7	9	6	17	6	16	4	5	15	0	0	13	2	1	9	8	10	6	2	9	4	4	2	12	14	22	4	8	4	9	3	17	10	24	10	12	11	24	11	17	31	27	22	39	7	27	16	9	14	19	5	11	7	12	5	5	19	29	30	10	2	21	8	
1105_A/Environment/Shando 16	7	9	6	17	6	16	4	5	15	0	0	13	2	1	9	8	10	6	2	9	4	4	2	12	14	22	4	8	4	9	3	17	10	24	10	12	11	24	11	17	31	27	22	39	7	27	16	9	14	19	5	11	7	12	5	5	19	29	30	10	2	21	8	
1106_A/Environment/Shando 16	7	9	6	18	6	16	4	6	15	0	0	13	2	1	9	8	10	6	2	9	4	4	2	12	13	21	4	8	4	9	3	17	11	24	10	12	11	24	11	17	31	27	22	39	7	27	16	9	13	19	5	11	7	12	5	5	20	29	30	10	1	21	8	
1107_A/equine/China/61/20 11	7	9	6	22	6	16	4	6	11	0	0	10	4	1	9	10	10	7	2	9	5	3	2	10	12	22	7	14	5	9	4	19	11	28	10	13	8	21	11	16	34	23	18	37	7	29	17	6	11	21	5	11	9	11	3	6	19	29	25	11	2	21	13	
1108_A/equine/China/67/20 11	7	9	6	22	6	16	4	6	11	0	0	10	4	1	9	10	10	7	2	9	5	3	2	10	12	22	7	14	5	9	4	19	11	28	10	13	8	21	11	16	34	23	18	37	7	29	17	6	11	21	5	11	9	11	3	6	19	29	25	11	2	21	13	
1109_A/equine/China/68/20 11	7	9	6	22	6	16	4	6	11	0	0	10	4	1	9	10	10	7	2	9	5	3	2	10	12	22	7	14	5	9	4	19	11	28	10	13	8	21	11	16	33	23	18	37	8	29	17	6	11	21	5	11	9	11	3	6	19	29	25	11	2	21	13	
1110_A/eurasian_eagle-owl 13	8	9	4	20	7	16	6	7	12	0	0	11	2	1	9	8	10	7	1	9	5	3	4	6	15	23	3	17	3	8	4	18	9	23	9	12	13	25	13	16	35	22	23	37	3	29	16	8	12	21	3	6	8	11	6	7	16	24	21	14	5	26	16	
1111_A/Eurasian_Teal/Hong 12	7	5	4	21	7	20	6	7	13	0	0	8	2	1	9	9	12	6	2	9	3	4	3	10	14	23	1	15	3	8	5	17	11	24	10	12	11	23	12	16	35	27	23	37	3	25	16	6	8	24	4	12	13	10	5	4	17	27	28	14	4	22	9	
1112_A/Eurasian_Teal/Hong 12	7	6	3	21	7	19	7	6	13	0	0	8	2	1	9	9	12	6	2	9	3	4	3	11	14	23	2	15	3	8	5	17	12	24	10	12	10	23	12	16	35	26	22	36	3	26	16	6	8	24	4	12	13	10	5	4	17	27	28	15	4	22	9	
1113_A/Eurasian_Wigeon/Ho 12	7	6	3	21	7	19	7	6	13	0	0	8	2	1	9	9	12	6	2	9	3	4	3	11	14	23	2	15	3	8	5	17	12	24	10	12	10	23	12	16	35	26	22	36	3	26	16	6	8	24	4	12	13	10	5	4	17	27	28	15	4	22	9	
1114_A/Eurasian_Wigeon/Ho 12	7	6	3	21	7	19	7	6	13	0	0	8	2	1	9	9	12	6	2	9	3	4	3	11	14	23	2	15	3	8	5	17	12	24	10	12	10	23	12	16	35	26	22	36	3	26	16	6	8	24	4	12	13	10	5	4	17	27	28	15	4	22	9	
1115_A/Falcated_Duck/Ning 12	6	7	4	21	7	18	6	6	12	0	0	9	4	1	9	10	8	5	3	8	4	5	4	7	16	24	4	18	4	7	3	19	10	21	11	12	12	26	11	15	33	21	16	37	6	30	21	6	13	23	3	9	7	9	5	8	16	24	27	12	6	26	11	
1116_A/Falco_peregrinus/B 12	7	7	4	21	7	18	6	6	13	0	0	8	2	1	9	8	11	6	2	9	4	4	2	12	14	23	4	15	3	8	6	16	10	23	8	12	10	24	14	17	36	26	22	37	4	25	15	7	7	25	4	12	13	10	5	4	17	28	27	14	4	20	10	
1117_A/feline/Guangdong/2 11	8	8	4	22	7	17	6	6	11	0	0	8	3	1	9	10	10	7	3	9	5	3	3	12	12	21	5	13	5	10	4	19	8	27	12	14	12	22	9	16	34	22	20	37	6	28	16	8	11	19	5	8	10	14	3	5	16	28	20	12	4	22	18	
1118_A/Fujian/1/2005|EPI_ 11	7	9	5	22	6	16	5	6	11	0	0	10	4	1	9	10	10	7	2	9	5	3	2	10	12	21	8	14	5	9	4	17	10	28	9	15	10	21	12	16	32	26	18	37	7	27	16	7	11	22	5	10	9	10	3	7	20	28	29	10	2	21	10	
1119_A/Fujian/1/2007|EPI_ 12	7	9	5	21	6	16	5	5	12	0	0	10	3	1	9	10	10	7	2	8	5	3	2	11	12	22	7	16	4	9	4	19	13	28	10	13	7	21	11	16	34	22	18	36	7	30	17	7	11	22	5	10	8	10	3	6	21	28	25	10	2	22	13	
1120_A/Fujian/1/2024(H5N6 13	7	11	4	20	6	15	6	7	13	0	0	11	2	1	9	11	10	5	2	8	3	4	2	13	12	21	5	9	7	9	5	19	8	25	12	10	12	22	10	16	34	30	25	37	7	22	12	9	12	21	6	13	10	11	4	3	18	22	29	11	2	26	9	
1121_A/Fujian/2/2024(H5N6 13	7	11	4	20	6	15	6	7	13	0	0	10	2	1	9	11	10	5	2	8	3	4	2	13	12	21	5	10	7	9	5	19	8	25	12	10	12	22	10	16	34	30	25	37	7	22	12	9	12	21	6	13	10	11	4	3	18	23	29	11	2	25	9	
1122_A/Fujian-Sanyuan/210 15	7	11	5	18	10	14	5	8	11	0	0	12	1	1	9	13	9	8	3	6	5	2	0	7	14	20	8	11	4	11	5	16	15	29	11	14	17	21	10	16	26	27	26	41	3	22	10	10	10	19	8	9	9	12	6	7	19	28	18	7	3	21	15	
1123_A/Fujian-Sanyuan/210 13	7	8	4	20	7	17	6	9	12	0	0	10	3	1	9	8	10	6	2	10	4	4	3	8	15	24	3	13	3	7	4	18	10	23	10	12	12	26	13	15	33	23	21	37	6	25	20	6	13	21	3	9	8	10	5	8	17	27	25	13	3	23	13	
1124_A/Gadwall/Ningxia/47 10	7	9	4	23	6	16	6	5	12	0	0	8	4	1	9	10	10	6	3	9	5	4	3	13	11	22	5	13	6	9	4	20	8	24	11	12	13	24	9	16	34	21	19	37	6	29	17	8	12	19	6	9	9	13	3	6	16	29	22	11	4	22	16	
1125_A/Gallinago_Stenura/ 12	7	6	3	21	7	19	7	6	13	0	0	8	2	1	9	9	12	6	2	9	3	4	3	11	14	23	2	15	3	8	5	17	12	24	10	12	10	23	12	16	35	26	22	36	3	26	16	6	8	24	4	12	13	10	5	4	17	27	28	15	4	22	9	
1126_A/Gallinula_chloropu 11	7	9	4	22	6	16	6	5	12	0	0	8	4	1	9	10	10	7	3	9	5	3	3	13	12	22	5	13	5	9	4	19	8	27	13	13	13	22	8	15	34	22	20	37	6	28	16	9	12	19	5	8	9	13	3	7	15	30	25	11	4	21	13	
1127_A/Goose/_Guangdong_/ 11	7	9	4	22	6	16	6	5	12	0	0	8	4	1	9	10	10	7	3	9	5	3	3	13	13	21	5	13	4	10	4	19	8	27	11	13	12	23	9	17	34	22	20	37	6	28	16	8	12	18	6	8	9	13	3	6	16	29	20	11	4	22	18	
1128_A/Goose/_Guangdong_/ 10	8	9	4	23	6	16	6	5	11	0	0	8	4	1	9	10	10	7	3	9	5	3	3	14	13	22	5	12	4	9	4	20	8	26	11	13	11	23	9	16	35	25	20	37	6	26	16	8	12	19	6	8	9	13	3	6	16	28	22	11	4	22	16	
1129_A/Goose/_Guangdong_/ 12	7	9	4	21	6	16	6	7	12	0	0	8	4	1	9	10	10	7	3	9	5	3	3	11	12	21	5	13	5	10	4	20	8	27	12	12	12	22	8	16	34	22	20	37	6	28	16	8	12	18	6	9	9	13	3	6	16	29	22	11	4	23	16	
1130_A/goose/Anhui/AH350/ 11	8	9	4	22	7	16	6	6	12	0	0	8	2	1	9	11	10	8	3	8	5	3	3	13	12	20	5	12	5	10	4	20	8	28	9	13	13	20	11	16	34	24	20	37	6	26	16	7	12	18	6	8	9	14	3	7	16	31	21	11	4	20	17	
1131_A/goose/Changhua/150 11	8	6	5	22	6	19	5	11	14	0	0	8	1	1	9	9	12	6	2	9	3	4	3	7	14	20	4	13	3	11	5	17	10	23	6	13	10	26	16	15	38	22	23	39	2	28	15	6	12	18	3	10	9	12	5	5	16	29	28	14	5	22	10	
1132_A/goose/Chiayi/15010 10	8	6	5	23	6	19	5	10	14	0	0	9	1	1	9	9	12	6	2	9	3	4	3	7	14	20	4	13	3	11	5	17	10	23	7	13	10	26	15	15	38	22	23	39	2	28	15	6	11	19	3	10	10	12	5	5	16	27	28	14	5	23	10	
1133_A/goose/Chiayi/15010 10	8	6	5	23	6	19	5	10	14	0	0	9	1	1	9	9	12	6	2	9	3	4	3	7	14	20	4	13	3	11	5	17	10	24	7	13	10	25	15	14	38	22	23	39	2	28	15	7	11	19	3	10	10	12	5	6	16	28	28	13	5	22	10	
1134_A/goose/Chiayi/15020 13	5	12	5	20	9	13	5	7	12	0	1	12	4	0	9	9	12	6	3	8	4	4	1	8	11	21	2	13	4	11	7	18	9	25	9	12	13	24	11	17	36	24	24	36	3	28	13	8	11	19	6	10	9	12	4	8	18	28	24	11	3	23	12	
1135_A/goose/Chiayi/16010 10	8	6	5	23	6	19	5	11	14	0	0	9	1	1	9	9	12	6	2	9	3	4	3	6	14	20	4	13	3	11	5	17	10	24	8	13	10	25	14	15	38	22	23	39	2	28	15	7	11	20	3	10	11	12	3	6	15	28	29	12	6	21	10	
1136_A/goose/Chiayi/16040 10	8	6	5	23	6	19	5	11	14	0	0	8	1	1	9	10	11	6	2	8	3	4	3	6	15	20	4	13	3	11	5	17	9	23	7	14	11	26	15	15	38	22	23	39	2	28	15	8	10	20	3	10	12	12	3	5	15	29	28	12	6	20	11	
1137_A/goose/Chiayi/16040 10	8	6	5	23	6	19	5	11	14	0	0	8	1	1	9	10	11	6	2	8	3	4	3	6	15	20	4	13	3	11	5	17	9	23	7	14	11	26	15	15	38	21	23	39	2	29	15	8	10	20	3	10	12	12	3	5	15	29	28	12	6	20	11	
1138_A/goose/Chiayi/17020 10	9	7	5	23	4	18	5	10	15	0	0	11	0	1	9	9	12	6	2	9	3	4	3	7	14	18	3	12	3	13	5	17	10	23	7	14	10	26	15	13	38	21	24	39	2	29	15	7	11	21	2	9	10	11	6	6	16	27	28	14	5	21	11	
1139_A/goose/Chiayi/17040 11	8	6	5	22	6	19	5	9	14	0	0	10	1	1	9	9	12	6	2	9	3	4	3	7	14	18	4	13	3	12	5	17	10	24	8	13	10	25	15	15	37	22	23	39	3	29	15	6	10	19	2	11	10	12	5	5	16	27	26	13	6	23	12	
1140_A/goose/Chiayi/18010 11	9	7	5	23	4	18	5	10	15	0	0	11	0	1	9	8	12	6	2	9	3	4	3	7	13	18	2	13	4	13	6	17	9	23	8	14	10	27	14	14	37	22	24	38	2	28	15	7	11	20	2	9	11	12	6	6	14	26	29	14	6	23	9	
1141_A/goose/Chiayi/18020 10	9	7	5	23	4	18	5	10	15	0	0	10	0	1	9	9	12	6	2	9	3	4	3	7	13	18	2	13	4	13	6	17	9	23	7	15	10	26	15	14	35	22	24	39	3	28	15	7	11	20	2	9	11	11	6	6	15	27	30	14	6	23	8	
1142_A/goose/China/1/2021 12	8	9	4	21	7	16	6	7	13	0	0	11	2	1	9	8	10	7	1	9	5	3	4	6	16	23	3	17	3	7	4	18	9	24	9	12	12	26	13	15	36	22	23	36	4	27	17	8	12	20	3	5	9	12	5	8	14	23	22	15	5	26	16	
1143_A/goose/China/0701/2 10	7	9	4	23	7	16	6	4	10	0	0	9	4	1	9	12	10	7	3	7	5	3	3	11	13	21	5	15	5	10	4	20	8	27	11	13	14	21	10	17	32	24	21	36	6	26	15	6	11	18	6	9	9	14	3	8	16	30	22	11	5	20	16	
1144_A/goose/China/1106/2 15	8	9	7	19	5	16	3	9	12	0	0	10	4	1	9	12	12	6	3	8	5	4	1	6	11	18	4	12	4	13	6	16	8	28	10	14	13	19	11	16	36	28	23	37	3	23	15	8	10	22	5	9	10	12	3	12	19	26	25	6	3	23	13	
1145_A/goose/China/E43/20 11	7	10	5	22	5	15	5	8	12	0	0	7	4	1	9	10	10	8	2	9	5	2	2	10	12	23	7	15	5	8	5	20	8	26	12	12	12	23	9	16	32	25	19	37	8	25	16	9	11	21	6	8	10	11	2	7	16	32	26	10	4	19	12	
1146_A/goose/Chongqing/SD 15	6	9	5	18	6	16	5	5	15	0	0	11	2	1	9	12	11	5	2	7	3	5	2	12	12	20	5	11	6	11	5	18	9	23	11	14	10	25	11	17	35	25	24	36	6	27	12	7	12	19	5	11	9	13	4	5	19	28	29	10	2	20	10	
1147_A/goose/Eastern_Chin 12	8	9	6	21	5	16	4	5	15	0	0	13	1	1	9	8	13	6	3	9	3	4	1	8	13	19	3	14	3	12	6	18	12	26	9	12	11	22	12	17	34	24	24	36	4	28	13	8	10	22	5	8	11	12	3	9	17	28	24	10	4	21	14	
1148_A/goose/Eastern_Chin 13	8	8	5	20	6	17	5	6	15	0	1	11	1	0	9	9	12	7	3	9	3	3	1	8	14	19	3	15	3	13	6	17	11	26	9	13	10	22	12	16	34	25	24	36	4	27	13	8	10	22	5	10	11	12	3	9	16	28	24	9	5	21	14	
1149_A/goose/Eastern_Chin 12	8	9	6	21	5	16	4	7	15	0	1	11	1	0	9	8	12	6	3	10	4	4	1	9	14	19	3	13	2	13	6	17	11	26	9	13	11	22	12	15	36	24	25	37	2	27	13	7	11	22	5	10	9	12	3	10	19	28	26	9	3	21	12	
1150_A/goose/Eastern_Chin 12	8	9	6	21	5	16	4	5	15	0	1	13	1	0	9	9	12	6	3	9	3	5	1	8	14	20	3	14	3	11	6	17	12	26	9	11	11	21	12	17	33	24	23	36	4	29	14	8	9	21	5	10	11	13	4	9	17	29	24	10	4	20	14	
1151_A/goose/Eastern_Chin 11	7	9	4	22	6	16	6	4	12	0	1	9	4	0	9	10	10	8	3	9	5	2	3	13	12	21	5	13	5	11	4	20	8	26	11	13	12	23	9	16	34	22	20	37	6	28	16	8	12	19	6	9	9	13	3	5	16	29	23	11	4	22	15	
1152_A/goose/Fujian/3.15_ 11	7	9	4	22	7	16	6	3	12	0	0	10	3	1	9	12	10	7	4	7	5	3	2	13	11	20	5	13	6	10	4	20	9	26	11	12	12	22	9	17	32	24	22	36	7	27	14	8	11	19	5	9	10	14	4	9	15	30	22	9	5	20	16	
1153_A/goose/Fujian/3.15_ 11	7	9	4	22	7	16	6	3	12	0	0	10	3	1	9	12	10	7	4	7	5	3	2	13	11	20	5	13	6	10	4	20	9	26	11	12	12	23	9	17	32	24	22	36	7	27	14	8	11	19	5	9	10	13	4	9	15	30	23	9	5	20	15	
1154_A/goose/Fujian/3.15_ 12	8	9	4	21	7	16	6	2	10	0	0	11	4	1	9	12	10	7	4	7	5	3	2	13	11	20	5	13	6	10	4	21	10	26	11	11	12	23	9	16	32	24	22	37	6	27	14	8	11	19	5	9	10	13	4	8	15	30	22	10	5	20	16	
1155_A/goose/Fujian/3.15_ 12	8	9	4	21	6	16	6	4	12	0	0	10	3	1	9	12	10	7	4	7	5	3	2	13	11	20	5	12	6	10	4	20	10	26	11	12	12	23	9	17	32	25	21	36	6	26	15	8	11	19	5	9	10	13	4	9	15	30	23	9	5	20	15	
1156_A/goose/Fujian/3.15_ 12	7	9	4	21	7	16	6	4	12	0	0	9	3	1	9	12	10	7	4	7	5	3	2	13	11	21	5	13	6	9	4	20	10	26	11	12	12	22	10	18	32	24	20	35	6	27	16	8	11	19	4	10	10	13	5	8	15	32	22	9	5	18	16	
1157_A/goose/Fujian/10.11 16	8	10	5	17	6	15	5	4	14	0	0	13	1	1	9	11	11	6	2	6	3	4	2	13	13	21	3	11	5	10	7	17	8	23	11	14	11	25	11	16	33	24	23	37	8	27	14	8	12	21	5	11	8	11	4	5	19	26	32	10	3	23	6	
1158_A/goose/Fujian/10.26 16	8	10	5	17	7	15	5	5	14	0	0	12	1	1	9	11	11	6	2	6	3	4	2	10	13	19	5	13	5	12	6	18	9	23	10	12	11	25	12	16	32	23	22	37	8	26	16	7	11	21	5	14	8	11	4	4	18	27	29	11	4	22	9	
1159_A/goose/Fujian/10.26 16	8	10	5	17	7	15	5	5	14	0	0	12	1	1	9	11	11	6	2	6	3	4	2	10	13	19	5	13	5	12	6	18	9	23	10	12	11	25	12	16	32	23	22	37	8	26	16	7	11	21	5	14	8	11	4	4	18	27	29	11	4	22	9	
1160_A/goose/Fujian/10.26 15	8	10	5	18	7	15	5	5	14	0	0	12	1	1	9	11	11	6	2	6	3	4	2	10	13	19	5	13	5	12	6	18	10	23	10	12	10	25	12	17	32	24	22	37	8	25	16	7	11	21	5	14	8	11	4	3	19	27	29	11	3	22	9	
1161_A/goose/Fujian/10.26 15	8	10	5	18	7	15	5	5	14	0	0	12	1	1	9	11	11	6	2	6	3	4	2	10	13	18	5	13	5	12	6	18	10	23	10	12	10	25	12	17	32	25	22	37	8	25	16	7	11	21	5	14	8	11	4	3	19	27	29	11	3	22	9	
1162_A/goose/Fujian/10.26 15	8	10	5	18	7	15	5	5	14	0	0	12	1	1	9	11	11	6	2	6	3	4	2	10	13	19	5	13	5	12	6	18	10	23	10	12	10	25	12	17	32	24	22	37	8	25	16	7	11	21	5	14	8	11	4	3	19	27	29	11	3	22	9	
1163_A/goose/Fujian/10.26 15	8	10	5	18	7	15	5	5	14	0	0	12	1	1	9	11	11	6	2	6	3	4	2	10	13	19	5	13	5	12	6	18	10	23	10	12	10	25	12	17	32	24	22	37	8	25	16	7	11	21	5	14	8	11	4	3	19	27	29	11	3	22	9	
1164_A/goose/Fujian/10.26 16	8	10	5	17	7	15	5	5	14	0	0	12	1	1	9	11	11	6	2	6	3	4	2	10	13	19	5	13	5	12	6	18	9	23	10	12	11	25	12	16	32	23	22	37	8	26	16	7	11	21	5	14	8	11	4	4	18	27	29	11	4	22	9	
1165_A/goose/Fujian/10.26 15	8	10	5	18	7	15	5	5	14	0	0	12	1	1	9	11	11	6	2	6	3	4	2	10	13	19	5	13	5	12	6	18	10	23	10	12	10	25	12	17	32	24	22	37	8	25	16	7	11	21	5	14	8	11	4	3	19	27	29	11	3	22	9	
1166_A/goose/Fujian/10.26 16	8	10	5	17	7	15	5	5	14	0	0	12	1	1	9	11	11	6	2	6	3	4	2	10	13	19	5	13	5	12	6	18	9	23	10	12	11	25	12	16	32	23	22	37	8	26	16	7	11	21	5	14	8	11	4	4	18	27	29	11	4	22	9	
1167_A/goose/Fujian/11.3_ 16	8	10	5	17	6	15	5	4	14	0	0	13	1	1	9	11	11	6	2	6	3	4	2	13	13	21	3	11	5	10	7	17	8	23	11	14	11	25	11	16	33	24	23	37	8	27	14	8	12	21	5	11	8	11	4	5	19	26	32	10	3	23	6	
1168_A/goose/Guangdong/03 11	8	9	4	21	7	16	6	5	11	0	0	8	3	1	9	10	9	7	3	8	6	3	3	12	12	21	5	13	4	10	4	20	7	28	11	13	12	20	9	17	34	22	20	35	6	28	16	7	11	18	6	8	10	14	3	5	16	28	20	12	4	22	18	
1169_A/goose/Guangdong/04 11	8	9	4	21	7	16	6	5	11	0	0	8	3	1	9	10	9	7	3	8	6	3	3	12	12	21	5	13	4	10	4	20	7	28	11	13	12	20	9	17	33	22	20	35	6	28	16	7	11	18	6	8	10	14	3	5	17	28	20	12	4	22	18	
1170_A/goose/Guangdong/04 15	7	6	4	16	7	16	6	7	12	0	0	10	4	1	9	8	7	5	2	9	5	4	3	8	12	21	3	13	2	8	5	19	7	19	8	12	10	26	12	14	30	24	21	35	7	28	17	5	11	20	3	10	8	10	3	6	17	27	25	12	4	23	11	
1171_A/goose/Guangdong/04 15	7	6	4	16	7	16	6	7	12	0	0	10	4	1	9	8	7	5	2	9	5	4	3	8	12	21	3	13	2	8	5	19	7	19	8	12	10	26	12	14	30	24	20	35	7	28	18	5	11	20	3	10	8	10	3	6	17	27	25	12	4	23	11	
1172_A/goose/Guangdong/04 15	7	6	4	18	7	19	6	8	12	0	0	10	4	1	9	9	9	6	2	9	5	4	3	9	14	22	3	13	3	8	5	19	10	21	9	12	11	26	13	15	33	25	20	36	7	28	18	5	12	22	3	11	8	10	3	6	17	27	28	13	5	23	12	
1173_A/goose/Guangdong/04 11	8	10	4	21	7	15	6	5	11	0	0	8	3	1	9	10	9	7	3	8	6	3	3	12	12	21	5	13	4	10	4	20	7	28	11	13	12	20	9	17	34	22	20	35	6	28	16	6	11	18	6	8	10	14	3	5	16	27	20	13	4	23	18	
1174_A/goose/Guangdong/04 11	8	10	4	21	7	15	6	5	11	0	0	8	3	1	9	10	9	7	3	8	6	3	3	12	12	21	5	13	4	10	4	20	7	28	11	13	12	20	9	17	34	22	20	35	6	28	16	6	11	18	6	8	10	14	3	5	16	27	20	13	4	23	18	
1175_A/goose/Guangdong/04 10	7	9	4	22	7	16	6	4	12	0	0	8	3	1	9	11	10	7	3	7	5	3	3	13	11	21	5	13	5	10	4	20	7	26	11	13	12	22	9	17	34	23	21	35	6	27	15	8	12	17	6	7	9	14	3	6	15	28	19	12	5	22	19	
1176_A/goose/Guangdong/04 10	6	12	5	22	8	14	5	6	14	0	0	11	1	1	9	7	10	5	3	7	4	4	2	12	15	22	3	13	2	9	5	21	7	29	7	9	12	19	15	16	34	26	25	34	8	26	12	10	13	13	5	6	6	16	2	9	16	26	27	11	5	25	12	
1177_A/goose/Guangdong/7. 12	8	9	4	21	6	16	6	3	12	0	0	10	3	1	9	12	9	7	3	7	6	3	3	13	11	21	5	13	6	10	4	20	8	25	12	12	13	23	9	17	32	23	21	36	7	27	15	8	11	19	6	9	10	13	3	8	15	30	23	10	5	20	15	
1178_A/goose/Guangdong/k0 12	6	9	5	21	7	16	5	7	13	0	0	12	3	1	9	8	11	6	3	8	5	4	1	7	13	22	2	16	3	9	7	16	9	25	10	13	12	25	10	17	36	22	24	37	3	31	12	8	12	17	6	10	10	15	2	6	17	25	26	11	4	25	11	
1179_A/Goose/Guangdong/PO 11	7	9	4	20	7	13	6	2	11	0	0	9	4	1	9	11	8	6	3	7	5	3	3	12	9	20	5	14	5	10	4	20	6	24	11	13	11	22	8	16	29	22	21	35	7	28	15	8	10	18	6	7	10	12	3	8	16	30	19	8	4	19	15	
1180_A/goose/Guangdong/QY 10	8	9	4	23	6	16	6	4	12	0	0	9	3	1	9	12	10	7	3	7	6	3	3	13	10	21	5	13	6	10	4	20	8	25	11	12	12	24	10	16	34	23	22	37	6	27	14	9	12	19	6	8	9	12	3	8	15	29	20	10	5	21	18	
1181_A/goose/Guangdong/S2 9	7	10	5	24	7	15	5	5	12	0	0	8	3	1	9	12	10	6	3	7	5	4	3	12	12	22	4	14	5	9	4	22	9	23	10	10	13	26	10	17	32	22	21	36	6	29	15	7	11	18	8	8	9	14	1	10	15	29	23	10	5	22	15	
1182_A/goose/Guangdong/S4 15	6	11	5	18	7	15	5	7	13	0	0	9	3	1	9	11	10	5	3	7	3	4	1	13	12	21	3	11	7	10	7	19	10	25	11	11	10	22	11	16	33	29	22	37	7	22	15	11	13	20	5	10	9	12	5	3	19	24	31	11	1	24	8	
1183_A/goose/Guangdong/s1 12	8	8	6	21	5	17	4	7	15	0	0	11	1	1	9	8	12	7	3	9	3	3	1	8	14	19	3	14	3	12	6	18	11	25	9	13	11	23	12	16	34	27	23	36	4	26	13	8	10	21	5	9	11	13	3	10	16	27	24	9	5	21	15	
1184_A/goose/Guangdong/SH 11	7	9	4	22	6	16	6	5	12	0	0	8	4	1	9	10	10	7	3	9	5	3	3	13	12	22	5	13	5	9	4	19	9	27	12	13	11	22	8	15	34	23	19	37	6	27	17	9	12	19	5	9	9	13	4	6	16	30	25	11	4	21	13	
1185_A/goose/Guangdong/YJ 11	7	10	4	22	6	15	6	5	12	0	0	8	4	1	9	11	10	7	3	8	5	3	3	13	12	21	5	13	5	10	4	20	8	27	11	13	12	21	9	16	35	22	20	37	5	28	16	8	12	21	6	7	9	12	3	7	17	30	19	11	3	21	19	
1186_A/goose/Guangxi/S206 12	8	9	4	21	7	16	6	7	13	0	0	11	2	1	9	8	10	7	1	9	5	3	4	6	14	23	3	17	3	8	4	18	9	23	9	12	13	25	13	16	35	23	24	37	3	27	16	8	12	21	3	6	8	11	6	7	16	24	21	14	5	26	16	
1187_A/goose/Guizhou/S154 13	7	5	5	20	7	20	5	7	12	0	0	13	3	1	9	7	8	6	2	10	6	5	3	10	15	19	2	11	3	11	5	19	9	23	6	13	12	25	16	15	33	24	20	36	6	28	18	5	11	20	4	11	11	13	5	7	15	22	25	12	5	27	12	
1188_A/goose/Henan/01.01_ 11	8	10	5	22	5	15	5	9	15	0	0	12	1	1	9	10	13	8	2	5	3	2	2	11	11	22	2	10	5	8	7	21	8	24	8	12	11	25	13	17	33	25	25	37	8	27	13	9	11	21	5	7	10	10	5	7	19	30	27	9	2	20	10	
1189_A/goose/Henan/S1315/ 12	8	9	4	21	7	16	6	7	13	0	0	11	2	1	9	8	10	7	1	9	5	3	4	6	14	23	3	17	3	8	4	18	9	24	10	12	13	25	12	16	35	22	22	37	3	28	18	8	12	20	3	6	8	11	5	7	16	24	22	14	5	26	16	
1190_A/goose/Hubei/113/20 12	7	9	4	21	6	16	6	6	12	0	0	7	4	1	9	10	10	7	3	9	5	3	3	13	11	23	5	13	6	8	3	21	9	28	13	12	12	21	8	15	36	23	20	37	3	27	17	8	12	19	5	9	10	13	3	6	15	32	24	11	4	19	14	
1191_A/goose/HuBei/117/20 12	8	9	4	21	6	16	6	6	11	0	0	7	4	1	9	10	10	7	3	9	5	3	3	13	11	23	4	13	6	8	3	21	8	28	13	12	12	21	8	15	37	24	21	37	3	26	17	8	12	19	5	9	10	13	3	6	15	32	24	11	4	19	14	
1192_A/goose/Hunan/81/201 11	7	9	4	22	6	16	6	5	12	0	0	8	4	1	9	10	10	6	3	9	5	4	3	13	11	22	5	13	6	9	4	20	8	27	11	13	12	22	9	16	33	21	20	37	7	29	16	7	12	19	6	9	9	13	3	6	16	29	21	11	4	22	17	
1193_A/goose/Hunan/82/201 11	7	9	4	22	6	16	6	5	12	0	0	8	4	1	9	10	10	6	3	9	5	4	3	13	11	22	5	13	6	9	4	20	8	27	11	13	12	22	9	16	34	20	20	37	7	29	16	7	12	19	6	9	9	13	3	6	16	29	21	11	4	22	17	
1194_A/goose/Hunan/107/20 12	7	9	4	21	6	16	6	6	12	0	0	7	4	1	9	10	10	7	3	9	5	3	3	13	11	23	5	13	6	8	3	21	9	28	13	12	12	21	8	15	36	23	20	37	3	27	17	8	12	19	5	9	10	13	3	6	15	32	24	11	4	19	14	
1195_A/goose/Hunan/109/20 12	7	9	4	21	6	16	6	6	12	0	0	7	4	1	9	10	10	7	3	9	5	3	3	13	11	23	5	13	6	8	3	21	9	28	13	12	12	21	8	15	36	23	21	37	3	27	16	8	12	19	5	9	10	13	3	6	15	32	24	11	4	19	14	
1196_A/goose/Hunan/110/20 12	7	9	4	21	6	16	6	6	12	0	0	7	4	1	9	10	10	7	3	9	5	3	3	13	11	23	5	13	6	8	3	21	9	28	13	12	12	21	8	15	36	23	20	37	3	27	17	8	12	19	5	9	10	13	3	6	15	32	24	11	4	19	14	
1197_A/goose/Hunan/111/20 12	7	9	4	21	5	16	6	6	12	0	0	7	4	1	9	10	9	7	4	9	5	3	3	13	11	23	5	13	6	8	3	20	9	28	13	14	12	20	8	15	36	23	20	37	3	27	17	8	12	19	5	9	11	13	3	6	15	32	24	11	4	19	14	
1198_A/goose/Hunan/115/20 12	7	9	4	21	6	16	6	5	12	0	0	8	4	1	9	10	10	8	3	9	5	3	3	13	11	22	5	13	6	8	4	22	8	28	12	12	12	21	9	14	37	23	20	37	4	27	16	7	12	19	5	9	10	13	3	6	15	32	24	11	4	19	14	
1199_A/goose/Hunan/116/20 12	7	9	4	21	6	16	6	6	12	0	0	7	4	1	9	10	10	8	3	9	5	2	3	13	12	23	5	13	5	8	3	21	10	30	13	12	11	19	8	15	35	23	20	37	4	28	17	8	12	19	5	9	10	13	3	6	15	33	28	11	4	17	10	
1200_A/goose/Hunan/155/20 12	7	9	4	21	6	16	6	5	12	0	0	8	4	1	9	10	10	5	3	9	5	5	3	12	10	22	5	14	7	9	4	20	10	26	12	13	11	23	9	16	32	21	20	37	7	30	15	8	13	19	5	9	8	13	3	5	15	29	21	11	5	22	17	
1201_A/goose/Hunan/159/20 11	7	9	4	22	6	16	6	5	12	0	0	8	4	1	9	10	10	6	3	9	5	4	3	13	11	22	5	13	6	9	4	20	8	27	11	13	12	22	9	16	33	21	20	37	7	29	16	7	12	19	6	9	9	13	3	6	16	29	21	11	4	22	17	
1202_A/goose/Hunan/160/20 11	7	9	4	22	6	16	6	5	12	0	0	8	4	1	9	10	10	6	3	9	5	4	3	13	11	22	5	13	6	9	4	19	8	27	11	13	12	22	9	16	33	21	20	37	7	29	16	8	12	19	6	9	9	13	3	6	16	29	21	11	4	22	17	
1203_A/goose/Hunan/161/20 11	6	9	4	22	6	16	6	5	12	0	0	8	5	1	9	10	9	5	3	9	6	4	3	13	11	23	5	13	6	9	4	20	8	27	11	13	12	22	9	15	33	21	20	38	7	29	17	7	12	19	6	10	9	13	3	5	16	29	21	11	4	22	16	
1204_A/goose/Hunan/HN11/2 11	8	8	4	22	6	17	6	6	11	0	0	8	4	1	9	11	10	7	3	8	5	3	3	12	11	21	5	13	6	10	4	20	8	26	11	13	13	23	9	16	33	22	20	36	6	28	16	7	11	19	6	9	10	13	3	5	16	29	21	13	4	22	17	
1205_A/goose/Hunan/HN22/2 11	6	9	4	22	8	15	6	5	12	0	0	8	4	1	9	10	10	6	3	9	5	4	3	13	11	22	5	13	6	9	3	20	8	25	11	13	12	23	9	16	33	22	20	37	7	28	17	8	13	20	6	8	8	12	4	6	16	29	20	11	4	22	18	
1206_A/goose/Hunan/HN57/2 11	6	9	4	22	7	16	6	5	12	0	0	8	4	1	9	10	10	6	3	9	5	4	3	13	11	22	4	13	6	9	4	20	8	26	11	13	12	23	9	16	34	21	20	37	6	29	17	8	12	19	6	8	9	13	3	6	16	29	20	11	4	22	18	
1207_A/goose/Hunan/HN88/2 12	7	9	4	21	6	16	6	6	12	0	0	7	4	1	9	10	10	7	3	9	5	3	3	13	11	23	4	13	6	8	3	21	9	28	13	12	12	21	8	15	36	23	21	37	3	27	17	8	12	19	5	9	10	13	3	6	15	32	24	11	4	19	14	
1208_A/goose/Hunan/HN90/2 12	7	9	4	21	6	16	6	6	12	0	0	7	4	1	9	10	10	7	3	9	5	3	3	13	11	23	4	13	6	8	3	21	9	28	13	12	12	21	8	15	36	23	21	37	3	27	17	8	12	19	5	9	10	13	3	6	15	32	24	11	4	19	14	
1209_A/goose/Hunan/HN310/ 12	8	8	4	21	7	17	6	6	11	0	0	8	3	1	9	10	9	6	3	10	6	4	3	12	12	20	5	13	5	11	4	19	8	27	10	13	12	22	10	16	34	23	20	37	6	27	16	8	13	20	5	8	8	13	3	5	16	32	22	12	4	19	16	
1210_A/goose/Hunan/HN311/ 12	8	8	4	21	7	17	6	6	11	0	0	8	3	1	9	10	9	6	3	10	6	4	3	12	12	20	5	13	5	11	4	19	8	27	10	13	12	22	10	16	34	23	20	37	6	27	16	8	13	20	5	8	8	13	3	5	16	32	22	12	4	19	16	
1211_A/goose/Hunan/HN314/ 10	7	10	4	23	7	15	6	6	12	0	0	8	3	1	9	12	9	7	3	7	6	3	3	12	11	20	5	13	6	11	4	20	8	26	12	12	12	23	8	17	34	24	20	36	6	27	15	8	12	19	6	9	9	13	3	7	16	29	21	11	4	21	17	
1212_A/goose/Hunan/HN315/ 10	7	10	4	23	7	15	6	6	12	0	0	8	3	1	9	12	9	7	3	7	6	3	3	12	11	20	5	13	6	11	4	20	8	26	12	12	12	23	8	17	34	24	20	36	6	27	15	8	12	19	6	9	9	13	3	7	16	29	21	11	4	21	17	
1213_A/goose/Hunan/HN316/ 10	7	10	4	23	7	15	6	6	12	0	0	8	3	1	9	12	9	7	3	7	6	3	3	12	11	20	5	13	6	11	4	20	8	26	12	12	12	23	8	17	34	24	20	36	6	27	15	8	12	19	6	9	9	13	3	7	16	30	20	11	4	21	17	
1214_A/goose/Hunan/HN317/ 10	7	10	4	23	7	15	6	6	12	0	0	8	3	1	9	12	9	7	3	7	6	3	3	12	11	20	5	13	6	11	4	20	8	26	12	12	12	23	8	17	34	24	20	36	6	27	15	8	12	19	6	9	9	13	3	7	16	29	21	11	4	21	17	
1215_A/goose/Hunan/HN318/ 12	7	8	4	21	7	17	6	6	11	0	0	8	3	1	9	10	9	6	3	10	6	4	3	12	13	20	5	13	5	11	4	19	8	27	10	13	12	22	10	16	34	23	20	37	6	27	16	8	13	20	5	8	8	13	3	5	16	32	22	12	4	19	16	
1216_A/goose/Hunan/HN319/ 10	7	10	4	23	7	15	6	6	12	0	0	8	3	1	9	12	9	7	3	7	6	3	3	12	11	20	5	13	6	11	4	20	8	26	12	12	12	23	8	17	34	24	20	36	6	27	15	8	12	19	6	9	9	13	3	7	16	29	21	11	4	21	17	
1217_A/goose/Hunan/S11288 13	8	9	4	20	7	16	6	7	12	0	0	11	2	1	9	7	10	7	1	10	5	3	4	6	14	23	3	17	5	7	4	17	9	24	9	13	13	25	13	17	34	22	23	36	4	28	16	8	12	21	3	6	8	11	6	7	15	24	21	14	6	26	16	
1218_A/goose/Hunan/SE284/ 12	7	7	4	21	7	18	6	6	13	0	0	8	2	1	9	9	11	6	2	9	4	4	3	11	14	23	3	15	3	8	6	17	11	23	10	12	10	24	12	16	36	26	22	37	3	25	15	6	8	22	5	12	13	11	5	4	17	28	27	14	4	21	10	
1219_A/goose/Inner_Mongol 13	7	7	5	20	7	18	5	7	12	0	0	11	3	1	9	9	10	6	2	9	4	4	3	7	14	24	5	15	4	7	2	19	9	23	8	11	13	25	14	15	33	23	20	37	5	29	18	8	13	22	4	9	8	10	4	4	17	24	27	15	4	26	11	
1220_A/goose/Jiangsu/k040 10	6	8	5	23	7	17	5	8	11	0	0	13	5	1	9	6	9	7	2	11	6	3	2	9	12	20	3	11	5	11	6	19	8	24	8	12	13	26	13	15	32	27	21	37	7	25	15	7	12	19	2	10	10	15	7	7	16	26	25	12	3	22	12	
1221_A/goose/Jiangsu/QD5/ 12	8	9	6	21	5	16	4	5	15	0	0	13	1	1	9	9	12	6	3	9	3	4	1	8	14	19	3	14	3	12	6	17	12	26	9	11	11	22	12	17	34	24	24	36	4	28	13	8	9	22	5	9	12	12	3	9	17	29	25	10	4	20	13	
1222_A/goose/Jiangsu/S138 12	8	9	4	21	7	16	6	6	13	0	0	11	2	1	9	8	10	8	1	9	5	2	4	7	14	22	4	17	3	8	4	20	9	23	9	11	13	25	13	16	35	22	22	36	3	28	18	8	12	21	3	6	8	11	5	7	16	24	21	14	5	26	17	
1223_A/goose/Jiangxi/01.0 12	7	9	4	21	6	16	6	6	12	0	0	7	4	1	9	10	10	7	3	9	5	3	3	13	11	23	5	13	6	8	3	21	9	28	13	12	12	21	8	15	35	23	20	37	3	27	17	8	13	19	5	9	9	13	3	6	16	32	24	11	4	19	14	
1224_A/goose/Jilin/04.04_ 11	6	10	4	22	6	15	6	4	14	0	0	10	3	1	9	10	10	8	3	9	5	2	3	14	12	22	5	11	5	9	4	21	8	24	12	13	12	24	9	16	34	23	19	35	6	26	18	7	12	17	6	9	9	15	3	7	16	28	22	11	4	23	16	
1225_A/goose/Jilin/S4034/ 10	9	9	4	23	6	16	6	8	12	0	0	7	2	1	9	12	9	7	2	7	4	4	2	11	14	19	7	14	4	10	5	20	9	24	14	12	12	23	8	16	30	25	20	35	9	24	17	8	10	20	6	8	10	13	3	8	19	31	22	12	2	20	15	
1226_A/goose/Liaoning/S12 12	8	9	4	21	7	16	6	6	13	0	0	11	2	1	9	8	10	7	1	9	5	3	4	7	14	24	3	17	3	6	4	18	9	22	10	12	12	25	13	16	35	21	22	36	3	30	18	8	12	21	3	6	9	11	5	7	16	22	22	15	5	28	16	
1227_A/goose/Pingtung/150 10	8	6	5	23	6	19	5	10	14	0	0	9	1	1	9	9	12	6	2	9	3	4	3	7	14	20	4	13	3	11	5	17	10	24	7	13	10	25	15	15	38	22	23	39	2	28	15	7	11	19	3	10	10	12	5	5	16	27	28	13	5	23	10	
1228_A/goose/Pingtung/150 10	8	6	5	23	6	19	5	10	14	0	0	9	1	1	9	9	12	6	2	9	3	4	3	7	14	20	4	13	3	11	5	17	10	24	7	13	10	25	15	15	38	22	23	39	2	28	15	7	11	19	3	10	10	12	5	5	16	28	28	13	5	22	10	
1229_A/goose/Pingtung/150 15	8	6	5	18	5	19	5	6	13	0	0	15	3	1	9	9	8	5	2	9	5	5	3	9	14	22	3	10	5	9	4	18	10	26	8	13	11	24	13	16	33	22	20	37	6	29	19	8	13	21	3	9	7	10	5	5	16	27	27	12	6	23	11	
1230_A/goose/Pingtung/160 16	8	6	5	17	5	19	5	7	13	0	0	14	3	1	9	9	8	5	2	9	5	5	3	9	14	22	3	10	5	9	4	18	10	26	9	13	11	25	12	15	33	22	20	37	6	29	19	8	13	20	3	9	7	10	5	6	17	27	28	12	5	23	10	
1231_A/Goose/Qingyuan/168 13	10	11	5	20	6	14	5	8	12	0	0	10	1	1	9	11	14	7	2	6	2	3	2	10	9	23	2	12	7	8	7	20	9	24	9	11	11	25	12	16	31	27	25	37	10	25	12	9	10	23	4	9	11	9	5	6	18	30	29	10	3	19	9	
1232_A/goose/Shandong/01. 13	8	9	7	20	5	16	3	9	12	0	0	10	4	1	9	12	12	6	3	8	5	4	1	7	11	19	4	12	4	12	6	16	8	28	10	14	13	19	11	16	36	28	23	37	3	24	14	8	11	22	5	9	10	12	3	12	19	27	25	6	2	22	13	
1233_A/goose/Shandong/01. 13	8	9	5	20	5	16	5	9	12	0	0	10	4	1	9	11	12	7	2	8	5	4	1	7	11	19	4	12	4	12	6	16	8	28	10	15	13	19	11	16	36	28	23	37	3	24	14	8	10	22	5	9	10	12	4	11	20	27	25	7	2	22	12	
1234_A/goose/Shandong/02. 11	5	9	4	22	8	16	6	5	12	0	0	8	4	1	9	10	10	6	3	9	5	4	3	13	11	22	4	13	6	9	4	20	8	26	11	13	12	23	9	16	35	22	20	37	5	28	17	8	12	19	7	8	9	13	3	6	16	29	19	11	4	22	18	
1235_A/goose/Shandong/02. 11	7	9	4	22	6	16	6	5	12	0	0	8	4	1	9	10	10	7	3	9	5	3	3	13	12	21	5	13	5	10	4	20	8	26	11	13	12	23	9	16	34	22	20	37	6	28	16	8	12	19	6	8	9	13	3	6	16	29	21	11	4	22	17	
1236_A/goose/Shandong/03. 11	8	9	5	22	7	16	5	7	9	0	0	9	4	1	9	13	8	7	2	7	5	4	2	10	14	20	7	14	5	10	4	20	8	27	13	12	12	21	9	15	33	25	20	35	7	24	17	8	10	19	6	9	11	13	2	6	18	31	26	13	2	20	12	
1237_A/goose/Shandong/03. 11	7	9	4	22	6	16	6	5	12	0	0	8	3	1	9	11	10	7	3	10	5	3	3	11	12	22	6	13	5	8	4	23	10	27	13	10	12	21	8	16	34	25	19	37	6	28	15	7	11	20	5	10	9	13	4	6	17	30	23	10	3	20	14	
1238_A/goose/Shandong/04. 13	8	9	7	20	5	16	3	9	12	0	0	10	4	1	9	12	12	6	3	8	5	4	1	7	11	19	4	12	4	12	6	16	8	27	10	14	12	20	11	16	36	28	23	37	3	24	14	8	11	22	5	9	10	12	3	12	20	27	25	6	2	22	13	
1239_A/goose/Shandong/05. 12	8	9	6	21	5	16	4	5	15	0	0	13	1	1	9	9	11	6	3	9	3	5	1	8	14	19	3	14	3	12	6	17	12	26	9	12	11	22	12	17	34	24	24	36	4	28	13	8	10	22	5	8	11	12	3	9	17	28	25	10	4	21	13	
1240_A/goose/Shandong/05. 12	8	9	6	21	5	16	4	5	15	0	0	13	1	1	9	9	11	6	3	9	3	5	1	8	14	19	3	14	3	12	6	17	12	26	9	12	11	22	12	17	34	24	24	36	4	28	13	8	10	22	5	8	11	12	3	9	17	28	25	10	4	21	13	
1241_A/goose/Shandong/06. 12	8	9	6	21	5	16	4	5	15	0	0	13	1	1	9	9	11	6	3	9	3	5	1	8	14	19	3	14	3	12	6	16	12	26	9	12	11	22	12	17	34	24	24	36	4	29	13	9	10	22	5	8	11	12	3	9	17	28	24	10	4	20	14	
1242_A/goose/Shandong/11. 10	7	9	4	22	6	16	6	4	13	0	0	8	3	1	9	10	10	6	3	9	5	4	2	12	12	22	7	13	4	8	4	24	9	27	13	9	12	21	8	16	33	24	16	36	6	29	17	7	10	19	4	9	9	12	5	6	14	28	24	11	6	22	14	
1243_A/goose/Shandong/12. 11	5	9	4	21	8	16	6	4	12	0	0	8	4	1	9	9	10	6	3	9	5	4	3	13	11	22	4	13	5	9	4	20	7	26	11	13	12	22	9	16	35	22	20	36	5	28	17	8	12	18	7	7	9	13	3	6	16	29	19	11	4	22	18	
1244_A/goose/Shandong/12. 11	8	9	6	20	5	16	4	5	15	0	0	13	1	1	9	8	12	7	4	9	3	3	1	9	14	19	2	13	2	12	6	16	10	27	10	12	11	20	12	17	34	26	24	35	4	26	13	7	9	21	5	9	12	12	3	9	17	31	23	10	4	18	15	
1245_A/Goose/Shandong/211 12	8	9	4	21	7	16	6	7	13	0	0	11	2	1	9	8	10	7	1	9	5	3	4	6	14	24	3	17	3	7	4	18	9	24	9	12	13	25	13	16	36	22	23	37	2	28	17	8	12	20	3	6	8	11	5	7	16	24	22	14	5	26	16	
1246_A/goose/Shandong/GD- 12	8	9	6	21	5	16	4	5	15	0	0	13	1	1	9	7	12	5	3	10	3	5	1	8	14	19	3	14	3	12	6	18	12	26	9	12	11	22	12	17	34	24	24	36	4	28	13	8	10	22	5	8	12	12	3	9	16	28	24	10	4	21	14	
1247_A/goose/Shandong/GS/ 11	8	9	5	22	6	16	5	7	10	0	0	7	4	1	9	11	9	7	2	8	5	4	2	9	13	21	7	17	5	9	4	21	10	29	13	11	12	19	9	14	29	25	19	38	9	23	19	8	11	19	6	9	10	13	2	7	18	32	24	11	2	19	14	
1248_A/goose/Shandong/LQ0 13	8	8	6	21	5	17	4	5	15	0	0	12	1	1	9	9	12	6	3	9	3	4	1	8	14	19	3	14	3	12	6	17	11	27	9	13	11	21	12	16	31	26	24	36	7	26	13	9	10	22	5	8	11	11	3	10	16	29	24	9	5	21	14	
1249_A/goose/Tainan/16040 16	8	6	6	17	5	19	4	6	14	0	0	14	2	1	9	9	8	5	2	9	5	5	3	10	14	22	3	10	5	9	4	18	9	26	9	12	12	24	12	15	33	24	20	37	6	27	19	8	13	21	3	10	7	10	5	6	17	26	28	12	5	24	10	
1250_A/goose/Tainan/16070 16	8	6	6	17	5	19	4	6	12	0	0	14	3	1	9	9	8	5	2	9	5	5	3	10	14	22	3	10	5	8	4	18	9	27	10	13	12	23	12	16	33	23	21	36	6	29	18	8	13	21	2	9	7	10	5	6	18	25	29	12	5	24	10	
1251_A/goose/Tainan/17030 10	9	7	5	23	4	18	5	10	16	0	0	11	0	1	9	9	12	6	2	9	3	4	3	8	13	19	3	11	3	12	5	17	10	23	7	14	10	26	15	13	38	21	24	39	2	29	15	7	11	20	2	9	10	12	6	6	15	27	28	14	6	22	10	
1252_A/goose/Tainan/17030 10	9	7	5	23	4	18	5	10	15	0	0	11	0	1	9	9	12	6	2	9	3	4	3	7	14	18	3	12	3	13	5	17	10	23	7	14	10	26	15	13	38	20	24	39	2	30	15	7	11	20	2	8	10	12	6	7	15	27	28	14	6	22	10	
1253_A/goose/Tainan/18010 10	8	7	5	23	5	18	5	10	15	0	0	10	0	1	9	9	12	6	2	9	3	4	3	6	14	18	3	14	3	13	5	17	9	22	8	15	10	27	13	14	37	22	24	39	2	29	14	8	11	20	3	8	11	12	6	6	14	27	29	14	6	22	9	
1254_A/goose/Tainan/18050 10	8	6	5	24	5	19	5	10	15	0	0	11	0	1	9	9	12	7	2	9	3	3	3	7	14	19	5	12	3	12	3	17	10	25	9	14	9	26	13	14	36	22	23	39	2	28	16	7	11	19	2	8	10	12	6	7	13	26	28	14	8	23	10	
1255_A/goose/Taiwan/01019 11	7	9	4	22	8	16	6	4	11	0	0	11	3	1	9	9	10	8	2	9	4	2	3	10	11	23	3	14	7	10	6	15	9	24	7	15	10	24	15	15	37	21	17	37	3	29	20	6	12	22	4	11	9	10	4	7	18	25	24	12	4	25	14	
1256_A/goose/Taiwan/01022 10	8	6	5	22	6	19	5	11	14	0	0	8	1	1	9	9	12	6	2	10	3	4	3	7	14	20	4	13	3	11	5	17	10	23	7	13	10	26	15	15	38	22	23	39	2	28	15	6	11	19	4	10	10	12	5	5	16	28	27	14	5	22	10	
1257_A/goose/Taiwan/01023 10	8	6	5	23	6	19	5	10	14	0	0	9	1	1	9	9	12	6	2	9	3	4	3	7	14	20	4	13	3	11	5	17	10	25	6	13	10	25	15	14	38	22	23	39	2	28	15	7	11	19	3	10	10	12	5	6	16	28	28	13	5	22	10	
1258_A/goose/Taiwan/01031 10	8	6	5	23	7	19	5	10	14	0	0	9	1	1	9	9	12	6	2	9	2	4	3	7	14	20	4	13	3	11	5	16	10	24	7	14	10	25	15	15	38	22	23	38	2	28	15	7	11	19	3	10	10	12	5	5	16	28	28	14	5	22	10	
1259_A/goose/Taiwan/01038 15	8	6	4	18	6	19	5	6	12	0	0	15	3	1	9	9	8	5	3	9	5	5	3	9	14	22	3	10	5	9	4	18	10	25	9	13	11	23	13	15	32	21	21	37	7	29	18	7	13	22	3	9	7	10	5	7	15	28	27	13	6	23	11	
1260_A/goose/Taiwan/01039 13	5	12	5	20	9	13	5	7	12	0	1	12	3	0	9	9	12	6	4	8	4	4	0	8	11	21	2	13	5	11	7	18	9	25	10	12	13	24	10	17	36	24	23	36	3	28	14	8	11	18	6	10	9	12	4	8	18	28	23	11	3	23	14	
1261_A/goose/Taiwan/01040 10	8	6	5	23	6	19	5	10	14	0	0	9	1	1	9	9	12	6	2	9	3	4	3	7	14	20	4	13	3	11	5	17	10	23	8	13	10	26	14	15	38	23	23	39	2	28	15	6	11	19	3	10	10	12	5	5	16	27	28	14	5	22	10	
1262_A/goose/Taiwan/a015/ 11	7	8	4	20	8	14	6	2	11	0	0	11	3	1	9	8	8	6	2	9	4	3	3	10	9	21	3	14	6	10	6	15	6	22	7	15	9	24	13	14	34	21	17	36	3	29	20	6	11	20	4	10	9	10	4	7	17	25	20	11	4	25	14	
1263_A/goose/Taiwan/TNC1/ 13	5	12	5	20	9	13	5	7	12	0	0	12	4	1	9	9	12	6	4	8	4	4	0	8	11	21	2	13	4	11	7	18	9	25	9	12	13	24	11	17	36	24	24	36	3	28	13	8	11	19	6	10	9	12	4	8	18	28	24	11	3	23	12	
1264_A/goose/Taiwan/TNC3/ 13	5	12	5	20	9	13	5	6	12	0	0	13	4	1	9	9	12	6	4	8	4	4	0	8	11	21	2	13	4	11	7	18	9	25	9	12	13	24	11	17	36	24	24	36	3	28	13	8	11	19	6	10	9	12	4	8	18	28	24	11	3	23	12	
1265_A/goose/Taiwan/TNC4/ 11	7	9	4	22	8	16	6	4	11	0	0	11	3	1	9	9	10	7	2	9	4	3	3	10	11	22	3	14	7	10	6	15	9	24	7	15	10	24	15	15	37	22	17	37	3	29	20	6	12	22	4	11	9	10	4	8	18	25	24	11	4	25	14	
1266_A/goose/Taiwan/TNC9/ 13	5	12	5	20	9	13	5	7	12	0	0	12	4	1	9	9	12	6	4	8	4	4	0	8	11	21	2	13	4	11	7	18	9	25	9	12	13	24	11	17	36	24	24	36	3	28	13	8	11	19	6	10	9	12	4	8	18	28	24	11	3	23	12	
1267_A/goose/Taiwan/TNC10 13	5	12	5	20	9	13	5	7	12	0	0	12	4	1	9	9	12	6	4	8	4	4	0	8	11	21	2	13	4	11	7	18	9	25	9	12	13	24	11	17	36	24	24	36	3	28	13	8	11	20	6	10	9	11	4	8	18	28	24	11	3	23	12	
1268_A/goose/Taiwan/TNC12 13	5	12	5	20	9	13	5	7	12	0	0	12	4	1	9	9	12	6	4	8	4	4	0	8	11	21	2	13	4	11	7	18	9	25	9	12	13	24	11	17	36	24	24	36	3	28	13	8	11	19	6	10	9	12	4	8	18	28	24	11	3	23	12	
1269_A/goose/Taiwan/TNC14 13	5	12	5	20	9	13	5	7	12	0	0	12	4	1	9	9	12	6	4	8	4	4	0	8	11	21	2	13	4	11	7	18	9	25	9	12	13	24	11	17	36	24	24	36	3	28	13	8	11	20	6	10	9	11	4	8	18	28	24	11	3	23	12	
1270_A/goose/Taiwan/TNO3/ 13	5	12	5	20	8	13	5	7	12	0	0	12	4	1	9	9	12	6	4	8	5	4	0	8	11	21	2	13	4	11	7	18	9	25	10	12	13	24	10	17	36	24	24	36	3	28	13	8	11	19	6	10	9	12	4	8	18	28	24	11	3	23	12	
1271_A/goose/Taiwan/TNO9/ 11	7	9	4	22	8	16	6	4	11	0	0	11	3	1	9	9	10	7	2	9	4	3	3	10	11	22	3	14	7	10	6	15	9	24	7	15	10	24	15	15	37	22	17	37	3	29	20	6	12	22	4	11	9	10	4	8	18	25	24	11	4	25	14	
1272_A/goose/Taiwan/TNO15 11	7	9	4	22	8	16	6	4	11	0	0	11	3	1	9	9	10	7	2	9	4	3	3	10	11	22	3	14	7	10	6	15	9	24	7	15	10	24	15	15	37	22	17	37	3	29	20	6	12	22	4	11	9	10	4	7	18	25	24	12	4	25	14	
1273_A/goose/Taiwan/TNO17 13	5	12	5	20	9	13	5	7	12	0	0	12	4	1	9	9	12	6	4	8	4	4	0	8	11	21	2	13	4	11	7	18	9	26	9	12	13	23	11	17	36	24	24	36	3	28	13	8	11	19	6	10	9	12	4	8	18	28	24	11	3	23	12	
1274_A/goose/Taoyuan/1501 13	5	12	5	20	9	13	5	7	12	0	1	12	4	0	9	9	12	6	4	8	4	4	0	8	11	21	2	13	4	11	7	18	9	25	9	12	13	24	11	17	36	24	24	36	3	28	13	8	11	19	6	10	9	12	4	8	18	28	24	11	3	23	12	
1275_A/goose/Taoyuan/1812 11	8	6	5	22	6	19	5	6	11	0	0	12	4	1	9	8	9	5	2	10	5	5	3	7	14	20	3	16	4	11	5	18	11	21	8	13	10	27	14	15	34	22	21	37	5	30	17	7	11	22	4	8	10	10	4	7	15	26	26	12	6	24	11	
1276_A/goose/Xinjiang/12. 12	7	11	4	21	6	14	6	5	13	0	0	9	3	1	9	10	10	6	3	9	5	4	3	13	12	22	5	12	4	8	4	20	10	23	11	12	11	26	9	16	33	22	18	37	6	29	18	8	12	19	7	9	9	13	2	7	15	30	23	11	5	21	15	
1277_A/goose/Xinjiang/12. 12	7	11	4	21	6	14	6	5	13	0	0	9	3	1	9	10	10	6	3	9	5	4	3	13	12	23	5	12	4	8	4	20	10	23	11	12	11	26	9	16	33	21	18	37	6	29	18	8	12	19	7	9	9	13	2	7	15	30	23	11	5	21	15	
1278_A/goose/Xinjiang/12. 13	7	8	4	20	7	17	6	9	12	0	0	10	3	1	9	8	10	6	2	10	4	4	3	6	16	24	3	15	2	7	4	18	10	21	9	12	12	28	13	15	34	24	20	37	5	24	21	6	13	22	3	9	8	10	5	7	16	25	27	14	4	25	11	
1279_A/goose/Xinjiang/12. 13	7	8	4	20	7	17	6	9	12	0	0	10	3	1	9	8	10	6	2	10	4	4	3	6	16	24	3	15	2	7	4	18	10	21	9	12	12	28	13	15	34	24	20	37	5	24	21	6	13	22	3	9	8	10	5	7	16	25	27	14	4	25	11	
1280_A/goose/Xinjiang/12. 13	7	8	4	20	7	17	6	9	12	0	0	10	3	1	9	8	10	6	2	10	4	4	3	6	16	23	3	15	2	7	4	18	10	21	9	12	12	28	13	14	34	25	20	37	5	24	21	6	13	22	3	9	8	10	5	7	17	25	27	14	4	25	11	
1281_A/goose/Xinjiang/12. 13	7	8	4	20	7	17	6	9	12	0	0	10	3	1	9	8	10	6	2	10	4	4	3	6	16	24	3	15	2	7	4	18	10	21	9	12	12	28	13	15	34	24	20	37	5	24	21	6	13	22	3	9	8	10	5	7	16	25	27	14	4	25	11	
1282_A/goose/Yangzhou/042 12	8	9	6	21	5	16	4	6	15	0	0	12	1	1	9	9	12	7	3	9	3	3	1	8	14	18	3	14	3	13	6	17	12	27	9	11	11	21	12	17	34	24	24	36	4	27	14	8	9	22	5	9	12	12	3	9	17	29	23	10	4	20	15	
1283_A/goose/Yangzhou/YZ5 15	8	10	6	18	6	15	4	5	14	0	0	12	1	1	9	11	11	6	2	7	3	4	2	11	12	20	4	12	6	11	6	17	10	22	10	14	10	26	12	16	33	24	27	37	7	25	11	8	14	22	5	11	8	11	4	5	18	27	30	10	2	22	8	
1284_A/goose/Yunlin/15010 10	8	6	5	23	6	19	5	10	14	0	0	9	1	1	9	9	12	6	2	9	3	4	3	7	14	20	4	13	3	11	5	17	10	23	7	13	10	26	15	15	38	22	23	39	2	28	15	6	11	19	3	10	10	12	5	5	16	28	28	14	5	22	10	
1285_A/goose/Yunlin/15010 10	8	6	5	23	6	19	5	10	14	0	0	9	1	1	9	9	12	6	2	9	3	4	3	7	14	20	4	13	3	11	5	17	10	23	7	13	10	26	15	15	38	22	23	39	2	28	15	6	11	19	3	10	10	12	5	5	16	28	28	14	5	22	10	
1286_A/goose/Yunlin/15010 10	8	6	5	23	6	19	5	10	14	0	0	9	1	1	9	9	12	6	2	9	3	4	3	7	14	20	4	13	3	11	5	17	10	23	7	13	10	26	15	15	38	22	23	39	2	28	15	6	11	19	3	10	10	12	5	5	16	28	28	14	5	22	10	
1287_A/goose/Yunlin/15010 10	8	6	5	23	6	19	5	10	14	0	0	9	1	1	9	9	12	6	2	9	3	4	3	7	14	20	4	13	3	11	5	17	10	23	7	13	10	26	15	15	38	22	23	39	2	28	15	6	11	19	3	10	10	12	5	5	16	28	28	14	5	22	10	
1288_A/goose/Yunlin/15040 11	7	9	4	22	8	16	6	4	11	0	0	11	3	1	9	9	10	7	2	9	4	3	3	10	11	22	3	14	7	10	6	15	9	24	7	15	11	24	15	15	37	22	17	37	3	29	20	6	12	22	4	11	8	10	4	7	18	25	23	12	4	25	15	
1289_A/goose/Yunlin/16020 11	8	6	5	22	6	19	5	10	14	0	0	9	1	1	9	9	11	6	2	9	3	4	3	7	14	20	4	13	4	11	5	17	9	25	7	13	11	24	15	15	38	22	23	39	2	28	15	7	11	21	3	10	11	11	3	5	15	28	29	13	6	21	10	
1290_A/goose/Yunlin/16020 10	8	6	5	23	6	19	5	10	14	0	0	9	1	1	9	9	11	6	2	9	3	4	3	7	15	20	4	13	3	11	5	17	9	24	7	13	11	25	15	15	38	22	23	39	2	28	15	7	11	20	3	10	11	12	3	5	15	28	29	13	6	21	10	
1291_A/goose/Yunlin/16040 11	8	7	5	22	6	18	5	11	14	0	0	10	1	1	9	9	11	6	2	9	3	4	3	6	14	20	4	12	4	11	5	17	9	25	7	13	11	24	15	15	38	20	24	39	2	29	15	7	11	21	3	10	11	11	3	5	15	28	29	13	6	21	10	
1292_A/goose/Yunlin/17100 10	9	7	5	23	4	18	5	11	15	0	0	10	0	1	9	8	12	8	2	9	3	3	3	8	14	18	2	11	3	12	5	17	10	23	7	14	10	26	15	14	38	22	26	39	2	28	14	7	11	20	2	9	10	12	6	6	15	27	27	14	6	22	11	
1293_A/goose/Yunlin/18030 14	8	7	4	19	7	18	6	5	10	0	0	11	4	1	9	9	9	6	1	8	6	4	4	9	14	22	2	16	3	9	5	17	8	21	10	13	14	27	12	14	34	21	22	37	4	31	17	8	11	21	3	8	10	11	4	9	18	23	32	12	3	26	7	
1294_A/goose/Yunlin/18030 14	8	7	4	19	7	18	6	5	10	0	0	11	4	1	9	9	9	6	1	8	6	4	4	9	14	22	2	16	3	9	5	17	8	21	10	13	14	27	12	14	34	21	22	37	4	31	17	8	11	21	3	8	10	11	4	9	18	23	32	12	3	26	7	
1295_A/goose/Yunlin/18040 9	7	7	4	23	6	18	6	10	15	0	0	11	0	1	9	9	11	7	2	9	3	4	3	7	15	18	3	12	3	12	5	17	10	22	8	13	11	27	14	15	36	22	25	39	3	27	15	9	10	20	1	8	10	12	6	6	15	27	27	14	6	22	12	
1296_A/goose/Yunlin/18040 10	8	6	5	23	5	19	5	10	14	0	0	11	0	1	9	9	12	7	2	9	3	3	3	7	15	18	5	12	3	13	3	17	10	24	8	14	9	27	14	14	36	22	23	39	2	28	16	7	11	19	2	9	10	12	6	7	13	27	28	14	8	22	10	
1297_A/goose/Yunlin/18090 11	8	6	5	22	6	19	5	10	14	0	0	11	0	1	9	9	12	7	2	9	3	3	3	7	14	18	5	12	3	13	3	17	10	24	8	14	9	27	14	14	36	21	22	39	2	29	17	7	11	19	2	9	10	12	6	7	13	27	27	14	8	22	11	
1298_A/goose/Yunlin/18090 13	10	12	5	20	5	13	5	6	11	0	0	9	4	1	9	11	8	6	1	10	4	4	3	12	12	20	4	10	8	11	4	16	9	27	7	9	9	21	15	20	37	23	20	36	4	30	17	10	12	16	3	11	9	16	3	3	19	28	34	13	3	21	6	
1299_A/goose/Yunlin/18110 11	8	6	5	22	6	19	4	6	11	0	0	13	4	1	9	8	9	5	1	10	5	5	4	7	14	20	2	15	4	11	5	18	11	20	8	12	10	28	14	14	32	22	20	37	7	30	18	7	12	21	4	9	10	10	4	8	15	27	27	12	5	24	11	
1300_A/goose/Yunnan/07.14 10	7	9	4	23	7	16	6	6	12	0	0	8	3	1	9	11	10	7	3	8	5	3	3	12	12	20	5	13	5	11	4	20	9	27	11	12	13	22	9	16	33	24	20	37	6	26	16	8	11	19	6	9	9	13	3	5	16	30	21	12	4	21	17	
1301_A/goose/Yunnan/07.14 10	7	9	4	23	7	16	6	6	12	0	0	8	3	1	9	11	10	7	3	8	5	3	3	12	12	20	5	13	5	11	4	20	8	27	11	12	13	22	9	16	33	24	20	37	6	26	16	8	12	19	6	9	9	13	3	5	16	30	21	12	4	21	17	
1302_A/goose/Zhejiang/771 12	8	9	4	21	5	16	6	6	12	0	0	7	4	1	9	12	11	7	3	8	4	3	2	13	12	23	6	12	4	9	5	23	10	26	11	8	11	23	10	15	33	23	18	37	6	28	17	10	12	19	5	7	9	13	4	9	18	29	21	9	2	22	16	
1303_A/goose/Zhejiang/771 12	8	9	4	21	5	16	6	6	12	0	0	7	4	1	9	12	11	7	3	8	4	3	2	13	12	23	6	12	4	9	5	23	10	26	11	8	11	23	10	15	33	23	18	37	6	28	17	10	12	19	5	7	9	13	4	9	18	29	21	9	2	22	16	
1304_A/goose/Zhejiang/771 12	8	9	4	21	5	16	6	6	12	0	0	7	4	1	9	12	11	7	3	8	4	3	2	13	12	23	6	12	4	9	5	23	10	26	11	8	11	23	10	15	33	23	18	37	6	28	17	10	12	19	5	7	9	13	4	9	18	29	21	9	2	22	16	
1305_A/goose/Zhejiang/112 13	9	7	4	20	7	18	6	6	8	0	0	12	4	1	9	13	10	8	2	7	6	3	2	12	11	19	7	10	5	12	4	18	10	30	11	11	10	19	10	16	32	25	20	36	8	25	16	9	11	20	6	11	11	12	2	3	17	35	32	13	3	15	6	
1306_A/goose/Zhejiang/112 12	8	7	5	21	6	18	5	7	11	0	0	10	3	1	9	9	10	7	2	9	4	3	3	7	15	22	2	17	3	9	5	16	9	24	10	13	11	25	13	16	34	21	21	37	6	30	18	7	12	21	3	9	9	10	4	5	18	27	28	15	3	23	10	
1307_A/goose/Zhejiang/727 11	6	9	4	24	6	16	6	6	12	0	0	8	5	1	9	11	10	8	3	7	6	2	3	13	12	22	5	12	5	9	4	19	8	26	12	13	11	22	8	17	35	22	20	36	5	28	17	8	12	18	6	8	10	14	3	6	15	28	21	11	4	23	17	
1308_A/goose/Zhejiang/727 13	6	9	5	24	6	16	5	9	10	0	0	7	4	1	9	11	9	7	3	6	6	3	2	9	12	21	6	16	6	9	4	21	10	28	13	10	11	20	9	15	29	26	19	38	9	23	18	9	11	19	6	8	10	13	2	7	18	32	24	11	2	19	14	
1309_A/goose/Zhejiang/727 13	5	9	4	24	6	16	6	6	12	0	0	9	4	1	9	9	10	8	3	7	6	2	3	13	12	22	5	12	5	9	4	20	8	26	12	13	11	22	8	17	35	22	20	36	5	28	17	8	12	18	6	8	10	14	3	6	15	28	22	11	4	23	16	
1310_A/goose/Zhejiang/925 11	7	10	5	22	6	15	5	5	12	0	0	8	4	1	9	9	9	7	2	10	7	3	2	12	12	23	6	14	5	8	6	21	8	27	11	13	11	22	8	14	34	24	21	38	6	25	15	8	12	18	6	9	10	14	4	6	16	30	24	11	3	20	14	
1311_A/goose/Zhejiang/925 10	7	10	6	23	6	15	4	4	14	0	0	17	2	1	9	12	10	5	3	7	3	6	1	5	14	20	3	13	4	11	6	14	11	24	10	17	9	25	11	15	36	29	23	36	4	24	13	9	9	23	7	9	10	9	2	6	21	30	28	12	2	20	9	
1312_A/goose/Zhejiang/925 12	8	9	6	21	5	16	4	5	15	0	0	14	1	1	9	9	11	6	3	9	4	5	1	8	13	20	3	13	4	11	6	17	12	26	9	12	10	22	12	17	34	24	24	36	4	28	13	8	10	21	5	8	11	12	3	9	17	29	24	10	4	21	14	
1313_A/goose/Zhejiang/925 11	6	9	4	22	6	16	6	5	12	0	0	8	4	1	9	11	10	7	2	8	5	3	3	13	12	22	7	13	5	8	4	22	11	27	12	10	12	22	9	17	32	23	18	36	7	29	16	7	11	20	5	10	8	13	4	6	18	31	23	11	3	19	14	
1314_A/goose/Zhejiang/925 12	8	9	6	21	5	16	4	5	15	0	0	12	1	1	9	7	11	6	3	10	2	5	1	9	13	20	3	14	5	11	6	17	12	26	9	12	11	21	13	18	34	24	24	36	4	27	14	8	10	23	5	8	11	12	2	9	17	26	25	10	4	22	14	
1315_A/goose/Zhejiang/925 11	6	9	4	22	6	16	6	5	12	0	0	8	4	1	9	11	10	7	2	8	5	3	3	13	12	22	7	13	5	8	4	23	11	28	13	9	12	21	8	17	31	23	18	36	8	29	16	7	10	20	5	10	9	13	4	6	18	30	23	11	3	20	14	
1316_A/goose/Zhejiang/112 12	8	9	7	21	6	15	3	5	15	0	0	14	1	1	9	9	11	6	3	9	3	5	1	8	14	19	3	13	4	12	6	17	12	26	9	12	11	22	12	17	33	24	24	36	4	28	13	8	10	20	5	8	11	14	3	10	17	28	24	10	4	20	14	
1317_A/goose/Zhejiang/S12 12	8	9	4	21	7	16	6	6	13	0	0	10	2	1	9	8	10	7	1	9	5	3	4	7	14	24	3	18	3	7	4	17	9	24	9	13	14	26	13	16	35	22	22	37	3	28	18	8	12	19	4	6	7	11	4	7	16	25	22	14	5	25	16	
1318_A/Great_black-headed 11	8	10	5	22	7	15	5	7	9	0	0	10	4	1	9	13	8	7	2	7	5	4	2	10	15	19	4	14	4	9	6	21	9	25	13	12	12	22	10	16	32	26	23	35	7	23	16	7	10	19	7	9	11	13	2	6	18	31	24	12	2	20	13	
1319_A/Great_Black-headed 13	7	7	4	20	7	18	6	9	12	0	0	10	3	1	9	8	10	6	2	10	4	4	3	5	16	24	3	16	2	7	4	18	10	21	9	11	12	27	13	15	35	22	21	37	4	28	19	7	13	21	3	9	8	10	5	8	16	27	26	13	4	24	12	
1320_A/Great_black-headed 11	8	10	5	22	7	15	5	7	9	0	0	10	4	1	9	13	8	7	2	7	5	4	2	9	15	20	4	14	4	9	6	21	9	25	13	12	12	22	10	16	32	26	23	35	7	23	16	7	10	19	7	9	11	13	2	6	18	31	24	12	2	20	13	
1321_A/Great_Cormorant/Hu 12	8	7	5	21	7	18	5	7	12	0	0	12	2	1	9	9	7	6	2	8	5	4	3	12	15	21	1	10	5	10	6	18	11	23	8	12	11	25	14	15	31	24	21	36	7	27	18	9	10	23	4	8	11	10	5	6	17	26	24	14	4	22	14	
1322_A/Great_Cormorant/Hu 12	8	7	5	21	7	18	5	7	12	0	0	13	2	1	9	9	7	5	2	8	5	5	3	13	15	22	1	8	5	9	6	18	11	22	8	12	11	25	15	15	28	24	20	36	10	27	19	9	10	23	4	8	11	10	5	6	17	25	24	14	4	23	14	
1323_A/Great_Cormorant/Hu 12	8	7	5	21	7	18	5	7	12	0	0	13	2	1	9	9	7	5	2	8	5	5	3	13	15	22	1	8	5	9	6	18	11	22	8	12	11	25	15	15	28	24	20	36	10	27	19	9	10	23	4	8	11	10	5	6	17	25	24	14	4	23	14	
1324_A/Great_Cormorant/Hu 12	8	7	5	21	7	18	5	7	12	0	0	12	2	1	9	9	7	6	2	8	5	4	3	12	15	21	1	10	5	10	6	18	11	22	8	12	11	26	14	15	31	24	21	36	7	27	18	9	10	23	4	8	11	10	5	6	17	26	24	14	4	22	14	
1325_A/Great_Cormorant/Hu 12	8	7	5	21	7	18	5	7	12	0	0	12	2	1	9	9	7	6	2	8	5	4	3	12	15	21	1	10	5	10	6	18	11	23	8	12	11	25	14	15	31	24	21	36	7	27	18	9	10	23	4	8	11	10	5	6	17	26	24	14	4	22	14	
1326_A/Great_Cormorant/Hu 12	8	7	5	21	7	18	5	7	12	0	0	12	2	1	9	9	7	6	2	8	5	4	3	12	15	21	1	10	5	10	6	18	11	23	8	12	11	25	14	15	31	24	21	36	7	27	18	9	10	23	4	8	11	10	5	6	17	26	24	14	4	22	14	
1327_A/Great_Cormorant/Hu 12	8	7	5	21	7	18	5	7	12	0	0	12	2	1	9	9	7	6	2	8	5	4	3	12	15	21	1	10	5	10	6	18	11	23	8	12	11	25	14	15	31	24	21	36	7	27	18	9	10	23	4	8	11	10	5	6	17	26	24	14	4	22	14	
1328_A/Great_Cormorant/Qi 13	7	8	4	20	7	17	6	9	12	0	0	11	3	1	9	8	10	6	2	10	4	4	3	5	15	23	3	15	3	8	4	16	11	21	9	12	12	27	13	15	33	22	21	37	5	28	19	8	13	22	3	9	8	10	5	8	16	26	26	13	4	24	12	
1329_A/Great_Cormorant/Qi 13	7	8	4	20	7	17	6	9	12	0	0	10	3	1	9	8	10	6	2	10	4	4	3	5	16	24	3	16	2	7	4	17	10	21	9	12	12	27	13	15	34	22	21	37	5	28	19	7	13	22	4	9	8	10	5	8	16	26	25	13	4	24	12	
1330_A/Great_Cormorant/Qi 13	7	8	4	20	7	17	6	9	12	0	0	10	3	1	9	8	10	6	2	10	4	4	3	5	16	24	3	15	2	7	4	18	10	21	9	12	12	27	13	15	34	22	21	37	5	28	19	7	13	22	3	9	8	10	5	8	16	26	26	13	4	24	12	
1331_A/Great_Crested_Greb 13	7	9	4	20	7	16	6	9	12	0	0	10	3	1	9	8	10	6	2	10	4	4	3	5	16	24	3	16	2	7	4	17	10	22	9	11	12	26	13	18	33	23	21	37	4	27	19	6	13	23	3	9	8	10	5	6	16	26	27	15	5	23	11	
1332_A/grebe/Ningxia/SD00 12	8	10	4	21	7	15	6	7	12	0	0	11	2	1	9	8	10	7	1	9	5	3	4	7	14	23	3	16	4	8	4	18	9	21	9	12	14	26	13	16	35	21	24	37	3	28	17	8	13	21	3	6	7	11	6	7	17	24	20	14	4	26	17	
1333_A/grebe/Shaanxi/SD00 12	8	9	4	21	7	16	6	7	13	0	0	12	2	1	9	8	10	7	1	9	5	3	4	7	14	23	3	15	4	8	4	18	9	22	9	12	13	26	13	16	35	22	23	37	3	28	17	8	13	21	3	6	7	11	6	7	15	24	20	14	5	26	17	
1334_A/grebe/Shandong/SC1 12	8	9	3	21	7	16	7	7	13	0	0	12	2	1	9	8	10	7	1	9	5	3	4	6	14	24	4	16	3	7	4	18	9	24	9	12	13	25	13	16	35	23	21	37	3	27	18	8	12	20	4	6	8	11	5	7	16	24	22	14	5	26	15	
1335_A/green-winged_teal/ 11	9	8	4	20	7	17	6	8	12	0	0	11	2	1	9	8	10	7	1	9	5	3	4	6	15	22	3	17	3	9	4	18	9	23	9	12	13	25	13	16	35	22	22	37	3	28	18	8	12	21	3	6	8	11	5	7	16	24	23	14	5	26	15	
1336_A/Guangdong/1/2006|E 11	7	9	5	23	6	16	5	6	12	0	0	10	3	1	9	10	10	7	2	9	5	3	2	10	12	20	7	15	5	10	4	19	11	28	10	12	8	21	11	17	34	23	15	37	7	29	20	6	11	21	5	10	9	11	3	7	19	29	26	10	2	21	12	
1337_A/Guangdong/1/2008|E 11	7	9	5	22	6	16	5	6	11	0	0	11	4	1	9	10	10	7	2	10	5	3	2	11	13	22	7	11	4	9	4	19	10	28	11	13	8	21	10	16	35	25	17	37	7	27	18	6	11	21	5	11	9	11	3	7	19	29	25	10	2	21	13	
1338_A/Guangdong/2/2006|E 11	8	9	5	22	5	16	5	6	12	0	0	11	3	1	9	10	9	7	2	9	6	3	2	9	12	22	7	14	5	9	5	19	10	27	9	13	10	22	12	16	33	23	19	37	7	29	15	7	12	21	5	10	8	11	3	5	19	28	24	12	2	22	14	
1339_A/Guangdong/18SF020/ 12	7	9	4	21	7	16	6	3	11	0	0	10	4	1	9	12	11	7	4	7	4	3	2	13	11	22	4	13	6	9	5	21	11	25	10	11	12	24	10	16	31	23	21	37	6	27	15	8	11	19	5	9	10	13	4	7	16	30	22	10	5	20	16	
1340_A/Guangdong/12903/20 9	4	12	3	24	8	13	7	9	14	0	0	9	3	1	9	10	12	5	3	8	2	5	2	10	14	21	4	12	4	10	4	15	8	29	8	13	10	21	13	17	35	23	25	36	7	26	15	9	13	17	3	9	8	13	6	9	17	22	27	11	3	29	10	
1341_A/Guangdong/lgf/2021 9	4	13	3	23	8	13	7	10	13	0	0	9	4	1	9	11	12	5	2	8	2	5	2	8	14	21	4	13	4	10	5	16	7	29	9	13	13	20	12	16	34	24	25	36	7	25	15	8	12	16	3	9	10	14	6	10	17	21	27	10	2	30	10	
1342_A/Guangxi/1/2005|EPI 10	7	9	5	23	6	16	5	6	11	0	0	10	4	1	9	10	10	7	2	9	5	3	2	11	12	21	7	13	5	10	4	20	10	29	12	12	8	20	10	17	35	23	18	38	6	28	17	6	11	21	5	10	10	11	3	7	19	29	24	10	2	21	13	
1343_A/Guangxi/1/2005|EPI 10	7	9	5	23	6	16	5	7	11	0	0	10	4	1	9	10	10	7	2	9	5	3	2	9	12	22	7	14	5	10	4	19	11	28	10	13	8	21	11	16	34	24	18	37	7	27	17	7	11	21	5	10	9	11	3	6	18	29	25	11	3	21	13	
1344_A/Guangxi/1/2008|EPI 12	7	9	5	21	6	16	5	6	11	0	0	10	4	1	9	10	10	7	2	9	7	3	2	10	10	22	7	14	5	9	4	20	11	28	10	13	9	21	11	16	33	22	17	36	6	29	19	6	11	21	5	11	9	11	3	7	19	28	26	11	2	22	12	
1345_A/Guangxi/32797/2018 11	7	9	4	22	7	16	6	3	12	0	0	10	3	1	9	12	10	7	3	7	5	3	3	12	12	21	5	14	5	9	4	20	8	26	12	12	12	22	9	18	34	24	21	36	6	27	15	9	10	19	7	8	11	13	2	7	16	29	22	10	4	21	16	
1346_A/Guangxi/55726/2016 14	8	10	5	19	6	15	5	6	14	0	0	12	1	1	9	11	11	6	2	7	3	4	2	10	14	21	3	12	4	11	6	18	10	24	10	14	11	24	12	15	32	23	24	37	7	28	13	6	12	22	5	13	9	12	4	5	17	26	31	10	4	21	7	
1347_A/Guangzhou/39715/20 10	7	9	4	23	7	16	6	6	12	0	0	8	3	1	9	11	10	7	3	8	5	3	3	12	12	22	5	13	5	9	4	20	8	27	11	13	12	22	9	16	34	22	20	37	6	28	16	8	12	19	6	8	9	13	3	6	16	29	20	11	4	22	18	
1348_A/Guizhou/1/2009|EPI 11	7	9	5	22	7	16	5	6	11	0	0	10	4	1	9	10	10	7	2	9	6	3	2	10	11	21	7	15	5	10	4	20	10	26	10	13	8	22	11	16	32	23	19	35	9	29	17	8	11	19	5	8	10	12	3	8	18	30	26	10	2	21	12	
1349_A/GX-guilin/11151/20 17	7	9	5	16	6	16	5	6	14	0	0	12	2	1	9	10	10	6	2	8	4	4	2	11	14	22	5	11	4	9	5	17	10	23	10	14	11	24	12	16	32	27	20	37	7	25	16	9	13	20	4	11	8	12	5	5	19	28	29	10	2	21	9	
1350_A/GX-hechi/01/2021|E 14	8	11	5	19	5	14	5	4	14	0	0	12	2	1	9	9	10	6	2	8	3	4	2	12	14	22	5	13	5	9	5	17	12	29	11	12	11	20	10	16	33	24	22	37	5	28	14	9	13	20	3	11	6	12	5	6	17	26	27	11	5	23	11	
1351_A/Hangzhou/01/2021|E 17	7	9	5	16	6	16	5	5	14	0	0	13	2	1	9	10	10	6	2	8	4	4	2	11	13	22	5	11	5	9	5	16	11	24	9	13	9	26	11	17	32	26	22	36	7	26	14	9	14	21	4	12	7	11	5	5	18	28	30	11	3	21	8	
1352_A/HeFei04171/2024|EP 10	7	8	6	23	7	17	4	4	11	0	0	10	4	1	9	12	11	5	2	6	4	5	3	9	14	19	3	17	3	12	5	19	6	27	8	11	11	21	14	16	37	24	18	37	6	29	18	7	9	20	3	8	13	13	5	8	15	25	30	12	5	24	8	
1353_A/heron/Kaohsiung/15 12	8	6	5	21	6	19	5	5	11	0	0	12	4	1	9	8	9	5	2	10	5	5	3	9	13	21	2	14	5	10	6	19	12	22	10	11	9	26	12	15	33	24	20	37	5	27	18	7	12	22	4	9	9	10	4	6	19	25	28	14	3	25	10	
1354_A/heron/Taiwan/17DB0 10	9	7	5	23	4	18	5	10	15	0	0	11	0	1	9	9	12	6	2	9	3	4	3	7	14	19	3	13	3	12	5	17	10	22	7	14	10	27	15	13	38	20	23	38	2	30	16	7	11	20	2	9	10	12	6	6	15	26	28	13	7	23	10	
1355_A/Herring_Gull/Hubei 13	7	8	4	20	7	17	6	9	12	0	0	10	3	1	9	8	10	6	2	10	4	4	3	5	16	24	3	16	2	7	4	17	10	21	9	12	12	27	13	15	34	22	21	37	5	28	19	7	13	22	3	9	8	10	5	8	16	26	26	13	4	24	12	
1356_A/hill_myna/Heilongj 11	8	9	5	22	6	16	5	7	10	0	0	8	4	1	9	10	9	7	2	9	6	3	2	10	12	22	7	15	5	9	5	20	8	27	12	11	12	22	9	15	32	24	20	38	8	24	17	9	11	19	6	9	10	13	2	7	18	31	24	10	2	20	14	
1357_A/Hong_Kong/5923/201 11	7	9	4	22	6	16	6	5	12	0	0	8	4	1	9	10	10	7	2	9	5	3	2	13	12	23	7	13	5	8	5	21	8	27	12	12	12	22	9	15	33	24	20	37	7	26	15	8	12	19	5	9	9	13	3	7	17	30	24	10	3	21	14	
1358_A/Hubei/29578/2016_x 15	7	11	5	18	10	14	5	8	11	0	0	12	1	1	9	13	9	8	3	6	5	2	0	7	14	20	8	11	4	11	5	16	15	29	11	14	17	21	10	16	26	27	26	41	3	22	10	10	10	19	8	9	9	12	6	7	19	28	18	7	3	21	15	
1359_A/Hubei/29578/2016|E 11	5	10	5	22	6	15	5	5	14	0	0	14	3	1	9	8	9	7	2	10	5	3	2	8	11	16	3	12	7	14	6	17	10	30	10	13	12	18	11	15	32	28	20	38	5	24	18	10	11	23	3	7	11	11	8	7	16	23	23	12	6	25	13	
1360_A/Hunan/1/2006|EPI_I 11	7	9	6	22	6	16	4	6	11	0	0	10	4	1	9	10	10	7	2	9	5	3	2	10	12	22	7	14	5	9	4	19	10	27	10	13	9	22	11	16	34	24	18	37	7	28	17	7	11	20	5	10	9	12	3	6	19	29	25	11	2	21	13	
1361_A/Hunan/1/2008|EPI_I 11	8	9	5	22	6	16	5	6	11	0	0	10	3	1	9	10	9	6	2	7	6	4	2	11	13	19	7	14	4	12	4	17	11	29	10	16	8	20	12	17	32	24	19	37	8	30	14	7	11	22	4	10	9	10	4	7	19	28	23	10	2	22	14	
1362_A/Hunan/2/2009|EPI_I 11	7	9	5	22	7	16	5	7	11	0	0	9	4	1	9	10	10	7	3	9	6	3	1	10	11	21	7	15	5	10	4	19	11	27	11	14	8	21	11	17	31	24	18	34	9	28	17	8	11	19	5	8	10	12	3	7	18	30	25	11	2	21	13	
1363_A/Japanese_white-eye 11	8	9	5	22	6	16	5	7	10	0	0	8	4	1	9	10	9	7	2	9	6	3	2	10	12	22	7	16	5	9	5	20	7	27	12	11	12	22	9	15	32	25	19	37	8	24	17	9	12	19	6	9	10	13	2	7	18	31	24	10	2	20	14	
1364_A/Jiangsu/1/2007|EPI 11	7	9	5	22	6	16	5	6	12	0	0	11	3	1	9	10	10	7	2	10	5	3	2	10	13	21	8	12	4	10	3	20	11	28	11	13	8	22	9	15	34	25	17	37	7	27	18	6	11	21	5	11	9	11	3	7	19	29	23	10	2	21	15	
1365_A/Jiangsu/1/2018|EPI 11	7	9	3	22	7	16	7	3	12	0	0	9	3	1	9	12	10	7	3	7	6	3	3	12	10	22	5	15	6	9	4	20	8	26	12	12	13	22	9	16	32	22	22	37	6	28	13	8	11	18	6	9	10	14	3	9	15	30	21	10	5	20	18	
1366_A/Jiangsu/1/2018|EPI 11	7	9	3	22	7	16	7	3	12	0	0	9	3	1	9	12	10	7	3	7	6	3	3	12	10	22	5	15	6	9	4	20	8	26	12	12	13	22	9	16	32	22	22	37	6	28	13	8	11	18	6	9	10	14	3	9	15	30	21	10	5	20	18	
1367_A/Jiangsu/1/2020_(H5 13	8	8	7	20	6	17	3	4	10	0	0	11	5	1	9	10	11	7	2	8	4	4	3	9	13	19	2	16	4	12	6	18	9	26	7	11	10	21	15	16	37	22	20	37	4	30	17	8	11	19	3	10	11	14	5	5	16	24	27	13	4	25	11	
1368_A/Jiangsu/1/2020(H5N 13	8	8	7	20	6	17	3	4	10	0	0	11	5	1	9	10	11	7	2	8	4	4	3	9	13	19	2	16	4	12	6	18	9	26	7	11	10	21	15	16	37	22	20	37	4	30	17	8	11	19	3	10	11	14	5	5	16	24	27	13	4	25	11	
1369_A/Jiangsu/2/2007|EPI 11	7	9	5	22	6	16	5	6	12	0	0	11	3	1	9	10	10	7	2	10	5	3	2	10	13	21	8	12	4	10	3	20	11	28	11	13	8	22	9	15	34	25	17	37	7	27	18	6	11	21	5	11	9	11	3	7	19	29	23	10	2	21	15	
1370_A/Jiangsu/JSSZ01/201 11	7	9	3	22	7	16	7	2	12	0	0	10	3	1	9	12	10	7	3	7	6	3	3	12	10	22	5	15	6	9	4	20	8	26	12	12	13	22	9	16	32	22	22	37	6	28	13	8	11	18	6	9	10	14	3	9	15	30	21	10	5	20	18	
1371_A/Jiangxi/1/2005|EPI 10	7	9	6	22	5	16	4	6	11	0	0	10	4	1	9	11	10	7	2	9	6	3	2	10	11	21	5	14	6	10	6	19	9	29	10	14	12	19	12	15	31	24	19	37	8	28	16	7	10	22	4	10	12	10	4	6	18	28	29	10	2	22	9	
1372_A/Jiangxi/16791/2022 17	7	9	5	16	6	16	5	6	14	0	0	12	2	1	9	10	10	6	2	8	4	4	2	11	14	23	5	11	4	8	5	17	11	23	10	14	10	24	12	16	32	26	20	37	7	26	16	9	13	18	5	11	8	13	5	4	19	28	29	11	2	21	9	
1373_A/lesser_kestrel/Hei 12	8	9	5	21	6	16	5	6	11	0	0	9	5	1	9	10	9	7	2	8	6	3	2	11	11	22	7	14	5	9	4	19	11	28	10	13	8	20	12	15	33	23	18	38	8	29	16	7	11	22	5	9	9	10	3	9	19	29	26	9	2	21	13	
1374_A/lion/Hubei/1-2/201 13	8	9	5	20	7	17	5	7	12	0	0	12	2	1	9	9	7	7	2	8	5	3	3	11	16	22	1	10	4	9	6	19	11	21	8	12	11	27	14	15	33	27	19	36	6	24	20	9	9	21	4	7	12	10	5	6	17	26	24	14	4	23	14	
1375_A/Luscinia_cyane/Jia 12	8	9	6	21	5	16	4	5	14	0	0	13	2	1	9	9	12	6	3	9	3	4	1	7	13	20	3	15	4	11	6	17	12	26	9	12	11	21	12	16	34	24	24	36	4	28	13	8	9	23	5	9	12	12	3	9	17	29	25	10	4	20	13	
1376_A/mallard_duck/Shang 13	8	9	6	21	5	16	4	4	15	0	0	13	1	1	9	8	12	6	3	9	3	4	1	8	14	19	3	14	3	12	6	18	12	27	9	12	12	21	12	17	34	24	24	36	4	28	13	8	10	22	5	8	10	12	3	9	17	30	24	10	4	19	14	
1377_A/mallard/Heilongjia 10	6	8	6	23	6	17	4	5	14	0	0	15	3	1	9	6	8	7	0	11	5	3	4	8	14	16	3	12	5	14	6	19	8	22	10	11	11	27	11	14	31	28	19	38	8	25	18	9	10	19	2	7	9	15	9	8	21	23	25	14	3	25	10	
1378_A/Mallard/Jiangxi/JX 8	4	8	6	23	7	17	4	4	14	0	0	17	3	1	9	6	9	7	1	13	4	3	3	7	14	19	3	11	5	11	6	19	6	24	9	11	14	24	12	13	30	25	17	39	9	26	21	9	13	19	3	10	9	15	9	9	18	25	24	11	3	24	11	
1379_A/Mallard/Jiangxi/JX 8	4	8	6	25	7	17	4	4	14	0	0	17	3	1	9	6	9	7	1	12	4	3	3	7	14	19	3	11	5	11	6	19	6	25	9	11	14	24	12	14	30	26	17	39	9	26	21	9	13	19	2	9	9	15	9	8	18	24	23	11	3	24	12	
1380_A/mallard/Ningxia/17 14	6	6	5	19	8	19	5	6	11	0	0	14	4	1	9	7	8	6	3	11	6	4	2	8	13	19	2	12	5	12	5	17	7	24	8	12	14	24	14	15	33	21	21	36	6	30	18	7	12	22	3	11	10	10	5	6	16	21	26	14	4	29	12	
1381_A/mallard/Ningxia/17 15	6	6	5	18	8	19	5	6	11	0	0	13	4	1	9	7	8	6	3	11	6	4	2	8	13	19	3	13	5	12	4	17	7	24	8	12	14	24	14	15	33	21	21	36	6	30	18	7	12	22	3	11	10	10	5	6	16	21	26	14	4	29	12	
1382_A/mallard/Ningxia/23 14	6	6	5	19	8	19	5	6	11	0	0	13	4	1	9	7	8	6	3	11	6	4	2	8	13	19	2	13	5	12	5	17	7	24	8	12	14	24	14	15	33	21	21	36	6	30	18	7	12	22	3	11	10	10	5	6	16	21	26	14	4	29	12	
1383_A/mallard/Ningxia/24 14	6	6	5	19	8	19	5	6	11	0	0	13	4	1	9	7	8	6	3	11	6	4	2	8	13	19	2	13	5	12	5	17	7	24	8	12	14	24	14	15	33	21	21	36	6	30	18	7	12	22	3	11	10	10	5	6	16	21	26	14	4	29	12	
1384_A/mallard/Ningxia/24 14	6	6	5	19	8	19	5	6	11	0	0	14	4	1	9	7	8	6	3	11	6	4	2	8	13	19	2	12	5	12	5	17	7	24	8	12	14	24	14	15	33	21	21	36	6	30	18	7	12	22	3	11	10	10	5	6	16	21	26	14	4	29	12	
1385_A/mallard/Ningxia/24 14	6	6	5	19	8	19	5	6	11	0	0	13	4	1	9	7	8	6	3	11	6	4	2	8	13	19	2	13	5	12	5	17	7	23	8	12	14	25	14	15	33	21	21	36	6	30	18	7	12	22	3	11	10	10	5	6	16	21	26	14	4	29	12	
1386_A/mandarin_duck/Heil 13	6	6	6	18	8	16	4	4	11	0	0	13	4	1	9	6	7	5	2	11	5	4	3	10	12	18	2	11	3	12	4	17	7	22	7	13	10	24	13	14	31	23	22	36	5	28	18	6	10	20	3	9	10	10	5	9	16	22	23	10	4	27	11	
1387_A/mandarin_duck/Hena 12	7	7	4	19	6	15	6	4	14	0	0	8	2	1	9	8	8	5	2	9	5	4	3	11	12	22	3	15	2	8	6	17	8	22	9	12	8	24	11	15	33	25	22	36	3	25	15	6	9	19	5	11	12	11	5	4	17	29	24	13	3	20	9	
1388_A/meerkat/Shanghai/S 12	8	9	5	21	6	16	5	7	10	0	0	8	4	1	9	11	9	7	2	8	5	3	2	10	13	22	7	15	5	9	4	21	10	25	13	11	12	23	9	15	29	25	19	38	9	24	18	8	11	19	6	9	10	13	2	6	18	31	24	11	2	20	14	
1389_A/migratory_waterfow 11	7	9	4	22	6	16	6	4	12	0	0	8	4	1	9	12	10	7	3	9	5	3	2	13	12	22	7	13	5	8	4	23	10	27	13	9	12	22	8	15	33	24	18	37	6	28	16	7	11	19	4	10	9	13	5	7	17	29	23	10	3	22	14	
1390_A/migratory_waterfow 11	7	9	4	22	6	16	6	4	12	0	0	8	4	1	9	12	10	7	3	9	5	3	2	13	12	22	7	13	5	8	4	23	10	27	13	9	12	22	8	15	33	24	18	37	6	28	16	7	11	19	4	10	9	13	5	7	17	29	23	10	3	22	14	
1391_A/mink/China/181/201 11	7	9	4	22	7	16	6	6	12	0	0	8	3	1	9	13	10	7	3	6	5	3	3	10	13	21	5	15	4	10	4	20	8	26	12	12	14	22	9	17	32	23	21	36	6	27	15	7	12	17	7	9	8	15	2	9	16	29	21	10	5	21	17	
1392_A/mink/China/183/201 10	7	11	4	23	7	14	6	4	12	0	0	9	3	1	9	11	11	6	3	8	5	4	3	11	11	20	3	14	5	11	5	20	9	28	11	12	13	20	10	17	32	22	23	37	6	27	15	6	12	18	7	10	8	14	2	9	16	30	22	10	5	20	16	
1393_A/mink/China/191/201 10	7	10	4	23	7	15	6	4	12	0	0	9	3	1	9	11	11	6	3	8	5	4	3	11	11	20	3	14	5	11	5	19	9	28	11	12	14	20	10	17	31	22	23	37	6	27	15	8	12	18	7	9	8	14	2	9	16	30	22	10	5	20	16	
1394_A/mink/China/456/201 11	7	8	3	22	7	17	7	3	12	0	0	9	3	1	9	12	10	7	3	7	6	3	3	12	10	22	5	15	6	10	4	20	8	26	12	12	13	22	9	17	32	22	21	36	7	27	15	8	11	18	6	9	10	14	3	8	15	30	22	10	5	20	16	
1395_A/mink/China/G/2015| 12	7	9	5	21	6	16	5	8	11	0	0	8	4	1	9	10	10	7	2	9	5	3	2	11	12	22	7	13	5	9	5	21	9	29	11	10	12	20	10	17	31	24	20	37	8	26	15	9	12	18	6	8	9	14	1	6	17	31	26	11	3	20	13	
1396_A/mink/China/XB/2015 13	8	8	5	20	7	17	5	7	12	0	0	12	2	1	9	9	7	6	2	8	5	4	3	12	15	22	1	10	5	9	6	18	11	20	9	12	11	27	14	15	32	25	19	36	7	25	21	9	11	22	4	8	10	10	5	6	16	25	25	14	4	24	13	
1397_A/mink/Eastern_China 13	7	8	4	20	7	17	6	9	12	0	0	10	3	1	9	8	10	6	2	10	4	4	3	8	15	24	3	13	3	7	4	18	10	22	10	13	12	27	13	14	34	23	20	37	5	25	21	6	13	21	3	9	8	10	5	7	17	27	26	14	3	23	12	
1398_A/mink/Eastern_China 12	6	7	4	21	7	18	6	3	11	0	0	10	4	1	9	11	11	7	3	8	4	3	3	12	12	21	5	14	5	10	4	18	9	24	12	13	12	24	10	18	31	23	21	35	8	27	15	8	11	20	5	9	11	12	3	7	16	29	23	11	5	21	15	
1399_A/mink/Eastern_China 13	7	8	4	20	7	17	6	9	12	0	0	10	3	1	9	8	10	6	2	10	4	4	3	8	15	24	4	13	3	7	3	18	10	22	10	13	12	27	13	14	34	23	20	37	5	25	21	6	13	21	3	9	8	10	5	7	17	27	26	14	3	23	12	
1400_A/mink/Eastern_China 10	7	9	4	23	7	16	6	4	11	0	0	9	3	1	9	12	10	8	3	7	5	3	3	11	13	21	5	15	5	9	4	21	9	26	11	11	13	22	10	17	32	23	21	36	6	27	15	6	11	18	7	9	9	14	3	10	16	30	22	9	5	20	16	
1401_A/mink/Eastern_China 15	9	13	5	18	5	12	5	11	14	1	0	5	2	0	9	11	10	7	1	6	7	3	2	15	11	22	2	8	4	9	5	20	11	30	7	9	11	18	14	18	33	23	26	37	5	30	14	8	11	22	3	6	9	13	6	12	19	26	26	11	1	21	11	
1402_A/mink/Northern_Chin 13	7	8	4	20	7	17	6	9	12	0	0	10	3	1	9	8	10	6	2	10	4	4	3	6	15	24	4	15	3	7	4	18	10	22	9	12	12	27	13	15	34	22	20	37	5	26	20	6	13	21	3	9	8	11	5	8	17	26	26	13	3	24	12	
1403_A/Muscovy_duck/China 10	7	9	4	23	7	16	6	4	12	0	0	9	3	1	9	10	10	7	3	8	5	3	3	12	12	21	5	15	5	10	4	19	9	25	12	12	13	23	9	18	31	22	23	36	7	26	15	7	11	18	7	9	10	14	2	8	15	29	21	11	5	21	17	
1404_A/Muscovy_duck/China 10	7	9	4	23	7	16	6	4	12	0	0	9	3	1	9	10	10	7	3	8	5	3	3	12	12	21	5	15	5	10	4	19	9	25	12	12	13	23	9	18	31	23	22	36	7	26	15	7	11	18	7	9	10	14	2	8	15	29	21	11	5	21	17	
1405_A/muscovy/duck/Hunan 11	7	9	4	22	6	16	6	6	12	0	0	7	4	1	9	10	10	6	3	9	5	4	3	13	11	22	5	13	6	9	4	20	8	27	11	13	12	22	9	16	33	22	20	37	7	28	16	7	12	19	6	9	9	13	3	6	17	29	20	11	3	22	18	
1406_A/muscovy/duck/Hunan 11	7	9	4	22	6	16	6	6	12	0	0	7	4	1	9	10	10	6	3	9	5	4	3	13	11	22	5	13	6	9	4	20	8	27	11	13	12	22	9	16	33	23	20	37	7	27	16	8	12	19	6	8	9	13	3	6	17	29	20	11	3	21	19	
1407_A/muscovy/duck/Hunan 11	7	9	4	22	6	16	6	6	12	0	0	7	4	1	9	10	10	6	3	9	5	4	3	13	11	22	5	13	6	9	4	20	8	27	11	13	12	22	9	16	33	21	21	37	7	28	16	8	12	19	6	8	9	13	3	6	17	29	20	11	3	22	18	
1408_A/muscovy/duck/Hunan 11	7	9	4	22	6	16	6	6	12	0	0	7	4	1	9	10	11	6	3	9	4	4	3	13	11	22	5	13	6	9	4	20	8	27	11	13	12	22	9	16	33	22	20	37	7	28	16	7	12	20	6	9	9	12	3	6	17	29	20	11	3	22	18	
1409_A/muscovy/duck/Hunan 11	7	9	4	21	7	16	6	6	12	0	0	7	4	1	9	10	10	6	3	9	6	4	3	13	11	22	5	13	5	9	4	20	8	27	11	13	12	22	9	16	33	21	20	37	7	29	16	7	12	19	6	9	9	13	3	6	17	29	20	11	3	22	18	
1410_A/muscovy/duck/Hunan 11	7	9	4	23	6	16	6	5	12	0	0	7	4	1	9	10	10	6	3	9	5	4	3	13	11	22	5	13	6	9	4	19	8	26	11	14	12	23	9	16	33	20	21	37	7	29	16	7	12	19	6	9	9	13	3	6	17	29	22	11	3	22	16	
1411_A/muscovy/duck/Hunan 12	7	9	4	21	6	16	6	6	11	0	0	8	5	1	9	11	9	7	3	9	6	3	3	11	11	23	5	13	6	8	4	21	8	28	12	12	12	21	9	15	36	23	20	37	4	27	16	8	12	18	5	8	10	14	3	7	15	32	24	11	4	19	14	
1412_A/muscovy/duck/Hunan 12	8	9	5	21	5	16	5	5	11	0	0	11	5	1	9	9	11	9	2	9	4	1	2	15	11	21	3	9	6	10	6	19	8	29	12	12	11	21	8	17	35	23	23	36	6	27	16	8	12	18	4	10	11	14	4	6	16	30	29	10	3	19	10	
1413_A/muscovy/duck/Hunan 12	7	9	4	21	6	16	6	6	11	0	0	8	5	1	9	11	9	7	3	9	6	3	3	11	11	23	5	13	6	8	4	20	8	28	12	12	12	21	9	16	36	23	20	37	4	27	16	8	12	18	5	9	10	14	3	6	15	32	24	11	4	19	14	
1414_A/muscovy/duck/Hunan 12	7	9	4	21	6	16	6	6	11	0	0	8	5	1	9	11	9	7	3	9	6	3	3	11	11	23	5	13	6	8	4	21	8	28	12	12	12	21	9	15	36	23	20	37	4	27	16	8	12	18	5	9	10	14	3	6	15	32	24	11	4	19	14	
1415_A/muscovy/duck/Hunan 12	7	9	4	21	6	16	6	6	12	0	0	7	4	1	9	10	10	7	3	9	5	3	3	13	11	23	5	13	6	8	3	21	9	28	13	12	12	21	8	15	36	23	20	37	3	27	17	8	12	19	5	9	10	13	3	6	15	32	24	11	4	19	14	
1416_A/muscovy/duck/Hunan 12	7	9	4	21	6	16	6	6	12	0	0	7	4	1	9	10	10	7	3	9	5	3	3	13	11	23	4	13	6	8	3	21	9	28	13	12	12	21	8	15	36	23	21	37	3	27	17	8	12	19	5	9	10	13	3	6	15	32	24	11	4	19	14	
1417_A/muscovy/duck/Hunan 12	7	9	4	21	6	16	6	6	12	0	0	7	4	1	9	10	10	7	3	9	5	3	3	13	12	23	5	13	5	8	3	20	8	28	13	13	13	21	8	15	36	23	20	37	3	27	17	8	12	19	5	9	10	13	3	6	15	31	25	11	4	20	13	
1418_A/muscovy/duck/Hunan 12	7	9	4	21	6	16	6	6	11	0	0	8	5	1	9	11	9	7	3	9	6	3	3	11	11	23	5	13	6	8	4	21	8	28	12	12	12	21	9	15	35	23	20	37	5	27	16	8	12	18	5	9	10	14	3	6	15	32	24	11	4	19	14	
1419_A/muscovy/duck/Hunan 11	7	9	4	22	6	16	6	4	12	0	0	8	4	1	9	10	10	6	3	9	5	4	3	14	11	22	5	13	6	9	4	20	8	26	11	13	12	23	9	15	34	22	20	37	6	28	16	8	12	18	6	8	9	14	3	7	16	29	20	11	4	22	18	
1420_A/muscovy/duck/Hunan 12	7	9	4	21	6	16	6	6	11	0	0	8	5	1	9	11	8	7	3	9	6	3	3	11	12	23	5	13	6	8	4	21	8	28	12	12	12	21	9	15	36	23	20	37	4	27	16	8	12	18	5	9	10	14	3	6	15	32	24	11	4	19	14	
1421_A/muscovy/duck/Hunan 12	7	9	4	21	6	16	6	6	11	0	0	8	5	1	9	11	8	7	3	9	6	3	3	11	12	23	5	13	6	8	4	21	8	28	12	12	12	21	9	15	36	23	20	37	4	27	16	8	12	18	5	9	10	14	3	6	15	32	24	11	4	19	14	
1422_A/muscovy/duck/Hunan 11	7	9	4	22	6	16	6	4	12	0	0	11	4	1	9	9	10	8	3	10	5	2	3	12	11	22	5	12	6	9	4	19	8	29	12	14	12	20	8	16	33	22	21	37	7	26	16	8	12	19	6	8	9	13	4	6	16	29	22	11	4	23	15	
1423_A/muscovy/duck/Hunan 12	8	8	4	21	7	17	6	6	11	0	0	8	3	1	9	10	9	6	3	10	6	4	3	12	12	20	5	13	5	11	4	19	8	27	10	13	12	22	10	16	34	23	20	37	6	27	16	8	13	20	5	8	8	13	3	5	16	32	22	12	4	19	16	
1424_A/muscovy/duck/Hunan 12	8	8	4	21	7	17	6	6	11	0	0	8	3	1	9	10	9	6	3	10	6	4	3	12	12	20	5	13	5	11	4	19	8	27	10	13	12	22	10	16	34	23	20	37	6	27	16	8	13	20	5	8	8	13	3	5	16	32	22	12	4	19	16	
1425_A/muscovy/duck/Hunan 12	8	8	4	21	7	17	6	6	11	0	0	8	3	1	9	10	9	6	3	10	6	4	3	12	12	20	5	13	5	11	4	20	8	27	10	12	12	22	10	16	34	23	20	37	6	27	16	8	13	20	5	8	8	13	3	5	16	32	22	12	4	19	16	
1426_A/muscovy/duck/Hunan 12	8	8	4	21	7	17	6	6	11	0	0	8	3	1	9	10	9	6	3	10	6	4	3	12	12	20	5	13	5	11	4	19	8	27	10	13	12	22	10	16	34	23	20	37	6	27	16	8	13	20	5	8	8	13	3	5	16	32	22	12	4	19	16	
1427_A/muscovy/duck/Hunan 12	8	8	4	21	7	17	6	6	11	0	0	8	3	1	9	10	9	6	3	10	6	4	3	12	12	20	5	13	5	11	4	20	8	27	10	12	12	22	10	16	34	23	20	37	6	27	16	8	13	20	5	8	8	13	3	5	16	32	22	12	4	19	16	
1428_A/muscovy/duck/Hunan 11	8	9	4	22	7	16	6	6	11	0	0	8	3	1	9	10	9	6	3	10	6	4	3	12	12	20	5	13	5	11	4	19	8	27	10	13	12	22	10	16	34	23	20	37	6	28	16	8	12	20	5	8	9	13	3	6	16	32	22	11	4	18	16	
1429_A/muscovy/duck/Hunan 12	8	8	4	21	7	17	6	6	11	0	0	8	3	1	9	10	9	6	3	10	6	4	3	12	12	20	5	13	5	11	4	19	8	27	10	13	12	22	10	16	34	23	20	37	6	27	16	8	13	20	5	8	8	13	3	5	16	32	22	12	4	19	16	
1430_A/muscovy/duck/Hunan 12	8	8	4	21	7	17	6	6	11	0	0	8	3	1	9	10	9	6	3	10	6	4	3	12	12	20	5	13	5	11	4	19	8	27	10	13	12	22	10	16	34	23	20	37	6	27	16	8	13	20	5	8	8	13	3	5	16	32	22	12	4	19	16	
1431_A/muscovy/duck/Hunan 12	8	8	4	21	7	17	6	6	10	0	0	8	3	1	9	10	9	6	3	10	6	4	3	12	13	20	5	13	5	11	4	19	8	27	10	13	12	22	10	16	34	23	20	37	6	27	16	8	13	20	5	8	8	13	3	5	16	31	22	12	4	20	16	
1432_A/muscovy/duck/Hunan 12	8	8	4	21	7	17	6	6	11	0	0	8	3	1	9	10	9	6	3	10	6	4	3	12	12	20	5	13	5	11	4	19	8	27	10	13	12	22	10	16	34	23	20	37	6	27	16	8	13	20	5	8	8	13	3	5	16	32	22	12	4	19	16	
1433_A/muscovy/duck/Hunan 12	8	8	4	21	7	17	6	6	11	0	0	8	3	1	9	10	9	6	3	10	6	4	3	12	12	20	5	13	5	11	4	19	8	27	10	13	12	22	10	16	34	23	20	37	6	27	16	8	13	20	5	8	8	13	3	5	16	32	22	12	4	19	16	
1434_A/muscovy/duck/Hunan 12	8	8	4	21	7	17	6	6	10	0	0	8	3	1	9	10	9	6	3	10	6	4	3	12	13	20	5	13	5	11	4	19	8	27	10	13	12	22	10	16	34	23	20	37	6	27	16	8	13	20	5	8	8	13	3	5	16	32	22	12	4	19	16	
1435_A/muscovy/duck/Hunan 12	8	8	4	21	7	17	6	6	11	0	0	8	3	1	9	10	9	6	3	10	6	4	3	12	12	20	5	13	5	11	4	19	8	27	10	13	12	22	10	16	34	23	20	37	6	27	16	8	13	20	5	8	8	13	3	5	16	32	22	12	4	19	16	
1436_A/muscovy/duck/Hunan 12	8	8	4	21	7	16	7	6	11	0	0	8	3	1	9	10	9	6	3	9	6	4	3	12	12	20	5	13	5	11	5	19	8	27	10	14	12	22	10	16	34	23	20	37	6	27	15	8	13	20	5	8	8	13	3	5	16	32	22	12	4	19	16	
1437_A/muscovy/duck/Hunan 12	8	8	4	21	7	17	6	7	10	0	0	8	3	1	9	10	9	6	3	10	6	4	3	11	13	20	5	13	5	11	4	19	8	27	10	13	12	22	10	16	34	23	20	37	6	27	16	8	13	20	5	8	8	13	3	5	16	32	22	12	4	19	16	
1438_A/muscovy/duck/Hunan 12	8	8	4	21	7	17	6	6	11	0	0	8	3	1	9	10	9	6	3	10	6	4	3	12	13	20	5	13	4	11	4	19	8	27	10	13	12	22	10	16	34	23	20	37	6	27	16	8	13	20	5	8	8	13	3	5	16	32	22	12	4	19	16	
1439_A/muscovy/duck/Hunan 12	8	8	4	21	7	17	6	6	11	0	0	8	3	1	9	10	9	6	3	10	6	4	3	12	12	20	5	13	5	11	4	19	8	27	10	13	12	22	10	16	34	23	20	37	6	27	16	8	13	21	5	8	8	12	3	5	16	33	22	12	4	18	16	
1440_A/mute_swan/Inner_Mo 12	8	9	4	21	7	16	6	7	12	0	0	11	2	1	9	8	10	7	0	9	5	3	4	7	15	23	3	16	3	8	5	18	9	22	9	12	13	26	13	16	35	23	23	37	3	28	16	8	12	21	3	6	8	11	6	7	16	24	22	14	5	26	15	
1441_A/mute_swan/Shandong 12	8	9	4	21	7	16	6	7	12	0	0	11	2	1	9	8	10	7	1	9	5	3	4	6	15	22	3	17	3	9	4	18	9	23	9	12	13	25	13	16	34	22	23	37	4	28	16	8	12	21	3	6	8	11	6	7	17	24	20	14	5	26	17	
1442_A/Nanjing/1/2015|EPI 12	7	7	5	21	8	18	5	7	12	0	0	12	2	1	9	9	7	6	2	8	5	4	3	12	15	22	1	10	5	9	6	19	11	21	9	11	11	26	14	15	31	24	19	36	7	27	20	9	10	21	4	8	11	11	5	6	17	25	23	14	4	24	15	
1443_A/Northern_Pintail/H 13	9	11	5	20	6	14	5	8	13	0	0	10	1	1	9	10	14	8	2	6	2	2	2	10	11	22	2	12	5	9	7	22	9	24	9	9	12	26	11	17	31	28	25	37	10	24	12	10	10	23	4	7	9	9	5	8	19	31	30	9	3	18	8	
1444_A/oriental_magpie_ro 10	4	7	6	23	7	18	4	7	13	0	0	14	3	1	9	6	9	7	1	12	6	3	3	7	13	17	3	12	5	13	5	19	7	25	10	10	14	24	11	15	32	26	19	37	6	27	19	9	12	19	2	9	10	15	8	8	18	25	25	12	3	23	11	
1445_A/ostrich/Suzhou/097 11	7	10	6	22	6	15	4	8	11	0	0	8	4	1	9	11	10	7	2	8	5	3	2	10	11	20	6	14	6	11	5	19	13	29	11	13	9	20	10	16	32	25	19	36	7	28	15	6	9	22	4	12	11	10	5	6	18	28	27	10	3	22	10	
1446_A/parrot/Guangdong/2 12	8	16	5	21	6	9	5	9	11	0	0	7	4	1	9	10	6	4	0	8	6	6	4	12	15	21	2	12	5	10	5	11	8	25	8	14	11	23	14	21	32	21	26	37	9	31	13	11	14	18	1	10	7	15	6	2	18	28	28	12	3	21	11	
1447_A/parrot/Guangdong/C 11	7	9	6	22	6	16	4	6	11	0	0	10	4	1	9	10	10	7	2	9	5	3	2	10	11	22	6	14	6	9	5	19	10	28	10	13	10	21	11	15	34	25	18	37	6	28	16	7	11	22	4	11	10	10	4	6	18	29	28	11	2	21	10	
1448_A/Pavo_cristatus/Chi 15	8	10	5	18	7	15	5	5	14	0	0	12	1	1	9	11	11	6	2	6	3	4	2	10	13	19	6	13	5	12	5	18	10	23	10	12	10	25	12	16	32	24	22	37	8	25	16	7	11	21	5	14	8	11	4	4	18	27	29	11	4	22	9	
1449_A/Pavo_cristatus/Chi 15	8	10	5	18	7	15	5	5	14	0	0	12	1	1	9	11	11	6	2	6	3	4	2	10	13	19	6	13	5	12	5	18	10	23	10	12	10	25	12	16	32	24	22	37	8	25	16	7	11	21	5	14	8	11	4	4	18	27	29	11	4	22	9	
1450_A/Pavo_cristatus/Jia 10	7	9	4	23	7	16	6	4	12	0	0	8	3	1	9	12	10	8	3	7	5	2	3	13	11	21	5	14	6	10	4	20	8	24	10	13	13	25	10	17	34	24	22	36	5	25	15	7	12	19	5	9	9	13	4	8	15	28	18	10	5	22	20	
1451_A/peacock/Yunnan/1/2 12	8	7	5	21	7	18	5	6	12	0	0	13	2	1	9	9	7	6	2	8	5	4	3	11	16	21	1	10	5	10	6	19	11	23	8	11	11	25	14	15	31	25	21	36	7	26	18	9	10	22	4	7	11	10	5	8	17	25	24	14	3	24	14	
1452_A/peacock/Yunnan/3/2 12	8	7	5	21	7	18	5	6	12	0	0	13	2	1	9	9	7	6	2	8	5	4	3	11	16	21	1	10	5	10	6	19	11	23	8	11	11	25	14	15	31	25	21	36	7	26	18	9	10	22	4	7	11	10	5	8	17	25	24	14	3	24	14	
1453_A/Peregrine_Falcon/H 12	8	9	4	21	7	16	6	7	13	0	0	11	2	1	9	8	10	7	1	9	5	3	4	6	14	23	3	17	3	8	4	18	9	23	9	12	13	25	13	16	35	23	24	37	3	28	15	8	12	21	3	6	8	11	6	7	16	24	21	14	5	26	16	
1454_A/Phalacrocorax/Hube 12	8	7	5	21	7	18	5	7	12	0	0	12	2	1	9	9	7	6	2	8	5	4	3	12	15	21	1	10	5	10	6	18	11	22	8	12	11	26	14	15	31	24	21	36	7	27	18	9	10	23	4	8	11	10	5	6	17	26	24	14	4	22	14	
1455_A/Phalacrocorax/Hube 12	8	7	5	21	7	18	5	7	12	0	0	12	2	1	9	9	7	6	2	8	5	4	3	12	15	21	1	10	5	10	6	18	11	22	8	12	11	26	14	15	31	24	21	36	7	27	18	9	10	23	4	8	11	10	5	6	17	26	24	14	4	22	14	
1456_A/pheasant/Hebei/B02 12	8	9	4	21	7	16	6	7	13	0	0	11	2	1	9	8	10	7	1	9	5	3	4	7	14	24	3	16	3	7	4	18	9	24	9	12	13	25	13	16	35	22	22	37	3	27	19	8	12	20	3	6	8	11	5	7	16	25	22	14	5	25	16	
1457_A/pigeon/Fujian/1.17 16	8	10	5	17	6	15	5	4	14	0	0	13	1	1	9	11	11	6	2	6	3	4	2	13	13	21	3	11	5	10	7	17	8	23	11	14	11	25	11	16	33	24	23	37	8	27	14	8	12	21	5	11	8	11	4	5	19	26	32	10	3	23	6	
1458_A/pigeon/Guangdong/0 10	7	9	4	22	7	16	6	4	12	0	0	8	3	1	9	11	10	7	3	7	5	3	3	13	11	21	5	13	5	10	4	20	7	26	11	13	12	22	9	17	34	23	21	35	6	27	15	8	12	18	6	7	9	13	3	7	15	28	19	11	5	22	19	
1459_A/pigeon/Guangdong/0 11	7	9	4	21	6	16	6	4	12	0	0	8	4	1	9	10	11	7	3	8	4	3	3	14	12	21	5	12	4	10	4	20	7	26	11	13	12	22	9	16	33	24	20	36	6	27	16	8	12	19	6	8	9	12	3	5	16	29	21	11	4	22	17	
1460_A/pigeon/Guangdong/0 10	7	8	4	21	7	14	6	4	12	0	0	7	3	1	9	11	8	6	3	7	5	3	3	13	9	20	5	13	5	10	4	20	6	25	10	13	10	22	8	16	31	22	21	35	6	27	15	8	11	18	6	7	9	12	3	7	15	28	18	9	5	22	16	
1461_A/pigeon/Hainan/1.14 10	7	9	4	23	7	16	6	4	12	0	0	9	3	1	9	12	10	7	3	7	5	3	3	10	12	21	5	16	5	10	4	20	9	25	12	12	13	23	9	17	31	23	22	36	6	27	15	7	11	18	7	10	8	14	2	9	16	29	22	10	5	21	16	
1462_A/pigeon/Hubei/RP25/ 12	6	8	7	21	9	17	3	3	11	0	0	17	4	1	9	7	10	7	1	11	5	3	3	7	13	19	4	13	3	12	5	18	7	27	8	13	13	23	12	14	32	22	22	38	9	29	16	5	13	17	2	12	8	16	7	6	16	25	27	13	3	24	10	
1463_A/Pigeon/Hunan/04.14 11	7	9	3	21	6	16	7	4	12	0	0	8	4	1	9	10	10	7	3	9	5	3	2	12	12	22	7	13	4	8	4	25	9	26	13	9	12	22	8	16	33	25	18	36	6	28	15	6	11	20	6	9	9	12	4	6	17	31	22	10	3	19	14	
1464_A/pigeon/Jiangsu/12. 12	8	9	5	21	7	16	5	8	9	0	0	7	4	1	9	13	9	7	2	7	5	4	2	10	13	19	7	15	5	10	5	21	8	28	14	11	13	20	8	15	30	26	20	36	8	24	16	8	10	19	6	9	11	13	2	6	19	33	24	12	2	18	14	
1465_A/Pigeon/Jiangxi/02. 10	5	8	6	23	6	17	4	6	14	0	0	14	3	1	9	6	8	8	1	12	6	2	3	5	13	17	3	14	5	13	5	19	7	24	10	11	14	25	11	14	32	26	19	38	6	26	20	9	12	19	2	9	10	15	8	5	18	23	24	15	3	25	12	
1466_A/Pigeon/Jiangxi/04. 10	5	8	6	23	6	17	4	6	14	0	0	14	3	1	9	6	8	8	1	12	6	2	3	6	13	17	3	13	5	13	5	19	7	24	10	11	14	25	11	14	32	26	20	38	6	26	19	8	12	20	2	10	9	14	8	6	19	23	24	14	3	25	12	
1467_A/pigeon/Jiangxi/S40 13	7	7	5	20	7	18	5	6	12	0	0	9	3	1	9	10	10	8	2	8	3	2	3	6	16	23	2	18	3	8	6	16	9	23	8	13	12	24	14	18	35	25	21	37	3	27	16	5	10	22	3	12	11	13	5	4	17	25	30	15	4	23	8	
1468_A/pigeon/Jilin/04.25 11	6	10	4	21	6	15	6	3	14	0	0	10	3	1	9	9	10	8	3	9	5	2	3	14	12	22	5	11	4	9	4	21	7	25	12	13	12	22	9	15	34	21	20	34	6	27	18	7	12	16	6	8	9	15	3	8	16	28	21	11	4	23	17	
1469_A/pigeon/Jilin/04.25 11	8	9	5	22	7	16	5	7	9	0	0	9	4	1	9	13	8	7	2	7	5	4	2	10	14	19	7	14	5	11	4	21	8	26	14	11	12	21	8	15	32	25	20	35	8	24	17	9	10	19	6	8	11	14	2	6	18	29	23	13	2	22	15	
1470_A/pigeon/Jilin/S4176 11	8	9	4	22	7	16	6	8	10	0	0	8	3	1	9	12	8	6	2	7	5	5	2	12	14	18	8	13	5	11	3	20	9	24	14	11	13	23	8	16	30	25	21	34	9	23	18	8	9	20	6	9	12	13	2	7	18	30	24	12	2	21	14	
1471_A/Pigeon/Shandong/WS 16	7	9	6	17	6	16	4	5	14	0	0	13	2	1	9	9	10	6	2	9	4	4	2	12	14	22	4	8	4	9	3	17	10	24	10	13	11	24	11	17	31	28	21	39	7	26	17	9	14	19	5	11	7	12	5	5	19	28	31	10	2	21	7	
1472_A/pigeon/Sichuan/04. 10	7	9	4	23	6	16	6	5	13	0	0	8	3	1	9	11	10	7	3	9	5	3	2	12	12	22	6	13	5	8	5	24	10	27	13	9	12	22	8	16	33	24	17	37	6	30	15	7	11	18	4	10	9	14	5	5	16	29	23	11	4	22	14	
1473_A/pigeon/Sichuan/NCX 11	7	9	4	22	6	16	6	4	12	0	0	8	4	1	9	10	10	7	2	9	5	3	4	13	12	22	5	14	5	9	4	19	8	27	12	13	12	22	9	14	34	23	20	37	6	29	15	9	11	19	5	9	10	13	3	6	16	30	25	11	4	21	13	
1474_A/pigeon/Zhejiang/11 12	8	9	5	21	7	16	5	7	9	0	0	9	4	1	9	13	9	7	2	7	5	4	2	10	13	19	7	14	5	11	5	21	7	28	14	11	13	20	8	15	32	25	20	36	8	24	16	8	10	19	6	9	11	13	2	6	18	33	25	12	2	18	13	
1475_A/pigeon/Zhejiang/11 11	8	9	5	22	7	16	5	7	9	0	0	9	4	1	9	13	8	7	2	7	5	4	2	10	14	20	7	14	5	10	4	21	8	27	13	11	12	21	9	15	32	25	20	36	8	24	17	8	10	19	6	9	11	13	2	6	18	31	25	12	2	20	13	
1476_A/pigeon/Zhejiang/72 13	6	9	5	24	6	16	5	9	10	0	0	7	4	1	9	11	9	7	3	6	6	3	2	9	12	21	6	16	6	9	4	21	10	28	13	10	11	20	9	15	29	26	19	38	9	23	18	9	11	19	6	8	10	13	2	7	18	32	24	11	2	19	14	
1477_A/plateau_pika/Qingh 10	5	9	6	23	8	16	4	7	13	0	0	9	3	1	9	9	11	5	3	9	4	4	2	8	12	18	3	16	4	13	6	15	9	24	8	14	13	24	13	16	36	23	21	38	2	30	16	10	12	21	4	8	9	12	4	8	18	24	25	10	3	25	13	
1478_A/Quail/Guangxi/GX-2 13	8	11	5	19	5	12	5	10	13	0	0	9	2	1	11	10	13	9	1	6	3	1	2	12	10	21	1	11	7	9	7	22	8	25	10	10	11	24	11	16	30	25	27	36	12	26	11	9	10	22	4	11	11	10	5	7	18	31	29	10	3	18	8	
1479_A/quail/Jiangsu/k010 16	4	5	4	19	8	20	6	6	12	0	0	12	3	1	9	10	9	6	1	8	5	5	3	11	13	22	2	11	5	9	5	19	10	21	9	11	11	26	14	15	34	22	18	37	5	30	20	6	12	23	3	10	9	9	5	8	17	26	28	12	4	24	10	
1480_A/quail/Jiangxi/B9/2 12	8	9	6	21	5	16	4	5	15	0	0	13	1	1	9	9	12	6	3	9	3	4	1	8	14	19	3	14	3	12	6	17	12	26	9	11	11	22	12	17	34	24	24	36	4	28	13	8	9	22	5	9	12	12	3	9	17	29	24	10	4	20	14	
1481_A/quail/Nanchang/663 11	7	9	4	22	6	16	6	5	12	0	0	8	4	1	9	10	10	7	2	9	5	3	3	13	12	22	7	13	5	9	4	22	8	28	12	11	12	21	8	15	33	24	20	37	7	26	16	8	11	19	5	9	10	13	3	7	17	31	23	10	3	20	15	
1482_A/Quail/Zhanjiang/16 15	8	10	6	19	6	15	4	5	14	0	0	12	1	1	9	10	11	6	2	7	3	4	2	11	14	20	4	12	4	11	6	17	10	23	10	15	10	25	11	16	33	25	26	37	7	25	12	8	13	22	5	11	8	10	4	5	18	27	31	10	3	22	7	
1483_A/Quanzhou/2/2024|EP 13	7	11	4	20	6	15	6	7	13	0	0	10	2	1	9	11	10	5	2	8	3	4	2	13	12	21	5	10	7	9	5	19	8	25	12	10	12	22	10	16	34	30	25	37	7	22	12	9	12	21	6	13	10	11	4	3	18	23	29	11	2	25	9	
1484_A/Shandong/1/2009|EP 11	7	9	5	22	6	16	5	6	10	0	0	11	4	1	9	10	10	7	2	11	4	3	2	10	13	22	7	13	3	9	4	21	11	28	11	12	8	21	10	15	35	25	17	37	6	27	18	6	11	21	5	11	9	11	3	7	20	29	24	10	2	21	14	
1485_A/Shenzhen/1/2015|EP 9	4	9	6	24	7	16	4	4	13	0	0	18	4	1	9	6	9	7	1	12	4	3	3	7	13	17	3	10	6	13	6	20	6	25	9	10	14	24	12	15	32	27	16	38	7	26	21	9	13	17	1	9	9	18	9	7	18	25	24	12	3	23	11	
1486_A/Shenzhen/1/2016|EP 10	4	8	6	23	7	17	4	7	13	0	0	14	3	1	9	7	9	7	1	11	6	3	3	6	13	19	3	12	5	11	5	18	7	23	10	11	14	25	11	16	33	26	20	37	5	27	18	9	12	20	2	9	10	14	9	8	17	25	23	12	4	23	13	
1487_A/Shenzhen/TH001/201 9	4	9	6	24	7	16	4	4	13	0	0	18	4	1	9	6	9	7	1	12	4	3	3	7	13	17	3	10	6	13	6	20	6	25	9	10	14	24	12	15	32	27	16	38	7	26	21	9	13	17	1	9	9	18	9	7	18	25	24	12	3	23	11	
1488_A/Shenzhen/TH003/201 10	4	9	7	23	7	16	3	7	13	0	0	13	4	1	9	7	9	7	2	10	5	3	2	9	12	16	3	11	6	14	5	18	7	24	10	12	14	25	11	14	31	24	21	38	7	29	17	9	12	18	2	7	10	16	8	9	16	25	23	13	5	23	13	
1489_A/Shoveller/Ningxia/ 10	7	9	4	23	6	16	6	5	12	0	0	9	4	1	9	10	10	6	3	9	5	4	3	13	11	22	5	12	6	9	4	20	9	23	12	11	12	25	8	17	34	21	19	37	6	29	17	8	12	19	6	9	9	13	3	6	16	29	23	11	4	22	15	
1490_A/Sichuan/1/2006|EPI 11	7	9	5	22	6	16	5	6	11	0	0	10	4	1	9	10	10	7	2	9	5	3	2	10	12	21	7	14	5	10	4	20	11	28	11	12	8	21	10	17	34	23	18	37	7	29	17	7	11	21	5	10	9	11	3	6	19	29	25	10	2	21	13	
1491_A/Sichuan/2/2006|EPI 12	7	9	5	21	6	16	5	6	11	0	0	10	4	1	9	10	10	7	2	9	5	3	2	9	12	21	7	14	5	10	4	19	11	29	10	13	8	20	11	19	34	23	18	37	7	29	17	7	11	21	5	10	9	11	3	5	19	29	25	10	2	21	13	
1492_A/Sichuan/26221/2014 10	7	9	4	23	6	16	6	5	13	0	0	8	3	1	9	11	10	7	3	9	5	3	2	12	12	22	7	13	5	8	4	24	10	27	13	9	12	22	8	16	33	24	17	37	6	29	16	7	11	19	4	10	9	13	5	6	16	29	23	10	4	22	14	
1493_A/silkie_chicken/Don 11	7	9	4	22	6	16	6	5	12	0	0	8	4	1	9	10	9	7	3	9	6	3	3	13	12	23	5	13	5	8	4	20	8	26	11	13	12	23	9	16	34	22	20	37	6	28	16	8	12	19	6	8	9	13	3	6	16	29	22	11	4	22	16	
1494_A/Spatula_querquedul 14	7	8	4	19	8	17	6	6	11	0	0	11	3	1	9	10	9	5	2	8	5	6	3	7	14	20	4	16	4	11	3	19	10	20	10	12	11	27	12	15	31	24	22	37	7	28	17	5	12	20	4	9	9	12	3	6	18	23	30	15	4	26	9	
1495_A/Spoonbill/HK/17-18 13	8	8	4	20	6	17	6	8	12	0	0	10	3	1	9	8	10	6	1	10	4	4	4	5	15	24	3	17	3	7	4	18	10	23	8	11	12	26	14	16	34	24	22	37	4	24	19	6	13	21	3	9	9	9	5	6	15	24	27	15	5	27	12	
1496_A/spoonbill/Taiwan/D 13	8	7	4	18	6	15	6	6	12	0	0	10	3	1	9	7	7	5	1	10	4	4	4	5	14	23	3	17	2	7	4	18	7	20	8	11	11	26	12	15	31	23	21	36	4	24	20	6	11	20	3	8	9	10	5	6	16	25	22	14	4	26	12	
1497_A/spot_billed_duck/N 13	7	8	4	20	7	17	6	10	12	0	0	7	3	1	9	8	10	6	2	10	4	5	3	5	15	22	4	18	3	8	3	18	11	20	10	11	11	27	13	16	33	24	21	37	4	26	19	7	13	22	3	9	8	10	5	7	17	24	27	13	5	26	11	
1498_A/spot-billed_duck/N 13	7	8	4	20	7	17	6	10	12	0	0	7	3	1	9	8	10	6	2	10	4	5	3	5	15	22	4	18	3	8	3	18	11	20	10	11	11	27	13	16	33	24	21	37	4	26	19	7	13	22	3	9	8	10	5	7	17	24	27	13	5	26	11	
1499_A/Streptopelia_decao 8	4	7	6	25	7	18	4	4	14	0	0	17	3	1	9	6	9	7	1	12	4	3	3	7	14	19	3	11	5	11	6	19	6	24	10	11	14	24	12	13	30	25	17	39	9	26	21	9	14	19	2	9	8	15	9	9	18	25	24	11	3	24	11	
1500_A/Streptopelia_decao 11	8	9	5	22	7	16	5	7	9	0	0	8	4	1	9	12	8	7	2	7	5	4	2	11	14	21	7	14	5	9	4	21	8	27	13	11	12	21	9	15	32	25	20	37	8	24	17	8	9	19	6	9	12	13	2	6	18	31	25	12	2	20	13	
1501_A/Streptopelia_decao 8	4	8	6	25	7	17	4	4	14	0	0	17	3	1	9	6	9	7	1	12	4	3	3	7	13	19	3	11	6	11	6	19	6	25	9	11	14	24	12	14	30	26	17	39	9	27	21	9	13	19	2	9	9	15	9	8	18	23	23	11	3	24	12	
1502_A/swan_goose/Jilin/J 11	7	9	4	22	6	16	6	5	12	0	0	8	4	1	9	12	10	7	2	8	5	3	3	12	12	22	7	13	5	8	4	24	10	28	13	9	12	21	8	16	33	23	18	37	6	29	16	7	11	20	5	10	9	13	4	6	17	30	23	10	3	20	14	
1503_A/swan/China/ST/2016 13	7	8	4	20	7	17	6	9	12	0	0	10	3	1	9	9	10	6	2	9	4	4	3	6	15	24	3	15	3	7	4	18	10	24	9	12	12	25	13	15	34	22	20	37	5	26	21	6	13	22	3	9	8	10	5	7	17	26	26	14	3	24	12	
1504_A/swan/Hebei/B01/202 12	8	9	4	21	6	16	6	7	13	0	0	11	2	1	10	9	10	7	1	9	5	3	4	6	15	23	3	16	3	8	4	18	8	23	9	11	13	27	13	16	34	23	23	37	3	28	15	8	12	21	3	6	8	11	6	7	17	24	21	14	5	26	16	
1505_A/swan/Shandong/W376 13	7	7	5	20	7	18	5	6	12	0	0	8	3	1	9	9	11	7	2	9	4	3	3	8	14	23	2	18	3	8	5	15	10	25	10	14	11	24	12	16	36	25	21	37	3	25	18	5	10	21	3	12	11	13	5	4	18	24	29	15	3	24	9	
1506_A/swine/China/RZ/201 10	7	9	4	23	7	16	6	4	10	0	0	9	4	1	9	12	10	7	3	7	5	3	3	11	13	21	5	15	5	10	4	20	9	26	11	13	13	22	10	17	32	24	21	36	6	26	15	6	11	18	6	9	9	14	3	8	16	30	22	11	5	20	16	
1507_A/swine/Guangdong/1/ 11	6	9	4	22	6	16	5	5	13	0	0	8	3	1	11	10	10	7	3	8	5	3	3	13	11	22	5	13	6	9	4	20	8	26	11	14	12	23	9	16	34	22	20	37	6	28	15	8	11	18	6	8	10	13	3	6	16	29	21	11	4	23	18	
1508_A/swine/Guangdong/2/ 11	7	9	4	22	6	16	6	5	12	0	0	8	4	1	9	10	10	7	3	9	5	3	3	13	11	22	5	13	6	9	4	20	8	26	11	13	12	23	9	16	34	22	20	37	6	28	16	8	12	19	6	8	9	13	3	6	16	29	21	11	4	22	17	
1509_A/swine/Guangdong/G3 11	7	9	4	22	6	16	6	5	12	0	0	8	4	1	9	11	10	7	3	8	6	3	2	13	11	22	6	13	5	8	6	23	8	27	12	9	13	22	9	16	32	23	18	37	7	29	15	8	13	18	5	10	8	14	5	6	17	29	21	10	3	22	15	
1510_A/swine/Shandong/SD1 11	7	9	6	22	6	16	4	5	12	0	0	9	4	1	9	10	10	6	2	10	5	4	2	9	11	22	7	15	6	9	4	19	10	28	9	13	9	21	12	15	34	23	19	38	6	27	17	7	11	23	4	12	9	9	4	6	18	29	28	9	4	22	10	
1511_A/Syrrhaptes_paradox 12	7	9	4	21	6	16	6	5	11	0	0	8	5	1	9	10	10	7	3	9	5	3	3	13	12	21	6	13	5	10	4	20	9	26	11	14	11	23	9	15	35	21	20	37	5	29	15	7	12	19	6	8	10	13	3	6	16	28	22	11	4	23	16	
1512_A/Taiwan/DV413/2006| 14	7	10	5	19	7	15	5	5	11	0	1	8	3	0	9	9	12	5	3	11	3	5	1	9	13	18	4	15	4	13	5	15	11	26	8	14	10	22	15	17	36	21	18	37	3	30	20	9	14	20	4	11	10	11	4	7	16	25	27	9	3	26	11	
1513_A/Taiwan/DV518/2006| 14	7	10	5	19	7	15	5	5	11	0	1	8	3	0	9	9	12	5	3	11	3	5	1	10	13	18	4	14	4	13	5	15	11	26	8	14	10	22	15	17	36	21	18	37	3	30	20	9	14	20	4	11	10	11	4	7	16	25	27	9	3	26	11	
1514_A/thrush/Taiwan/1512 10	8	6	5	23	6	19	5	9	14	0	0	10	1	1	9	9	12	6	2	9	3	4	3	7	14	18	4	13	3	12	5	17	10	24	8	13	10	25	15	15	38	23	23	39	2	27	16	6	10	19	2	11	11	12	5	5	16	29	28	13	5	21	10	
1515_A/tiger/Yunnan/tig14 12	7	9	4	21	6	16	6	5	12	0	0	8	4	1	9	10	10	7	3	9	5	3	3	13	13	22	5	13	4	9	4	19	8	28	12	14	12	21	9	15	34	24	19	37	5	27	16	9	12	18	6	8	9	14	3	6	16	31	23	11	5	20	14	
1516_A/tiger/Yunnan/tig14 12	7	9	4	21	6	16	6	5	12	0	0	8	4	1	9	10	10	7	2	9	5	3	3	13	12	23	6	13	5	8	4	20	8	28	12	13	13	21	9	15	33	23	19	37	6	27	17	8	12	19	5	9	9	13	3	6	15	30	25	11	5	21	13	
1517_A/tiger/Yunnan/tig15 13	8	8	5	20	7	17	5	7	12	0	0	12	2	1	9	9	8	6	2	8	4	4	3	13	15	23	2	9	5	8	5	18	11	21	9	12	11	26	14	15	32	25	19	36	8	24	20	9	11	23	4	8	10	10	5	6	16	26	25	14	4	23	13	
1518_A/tundra_swan/Fujian 12	7	5	4	21	7	20	6	6	13	0	0	8	2	1	9	9	12	6	2	9	3	4	3	11	14	23	2	15	3	8	5	18	12	24	10	11	10	23	12	16	35	26	22	36	3	26	16	6	8	24	4	12	13	10	5	4	17	27	28	15	4	22	9	
1519_A/tundra_swan/Hubei/ 12	7	9	4	21	7	16	6	7	12	0	0	11	2	1	9	8	11	7	1	9	5	3	4	6	16	23	3	17	2	8	4	18	10	23	9	12	12	25	13	16	35	22	23	37	3	28	17	8	12	21	3	6	8	11	5	7	16	24	22	14	5	26	16	
1520_A/tundra_swan/Hubei/ 12	8	9	4	21	7	16	6	7	12	0	0	11	2	1	9	7	10	7	1	10	5	3	4	6	15	23	3	17	3	8	4	17	8	23	9	13	13	25	13	16	35	23	23	37	3	28	16	8	13	22	3	6	8	10	6	7	16	24	21	14	5	26	16	
1521_A/tundra_swan/Hubei/ 12	8	9	4	21	7	16	6	7	12	0	0	11	2	1	9	8	10	7	1	9	5	3	4	6	15	23	3	17	3	8	4	18	9	23	9	12	13	25	13	16	35	23	23	37	3	28	16	8	12	21	3	6	8	11	6	7	16	24	21	14	5	26	16	
1522_A/tundra_swan/Hubei/ 12	8	9	4	21	7	16	6	7	12	0	0	11	2	1	9	8	10	7	1	9	5	3	4	6	15	23	3	17	3	8	4	18	9	23	9	12	13	25	13	15	35	23	23	37	3	28	16	8	12	21	3	6	8	11	6	8	16	24	21	14	5	26	16	
1523_A/tundra_swan/Hubei/ 12	8	9	4	21	7	16	6	7	12	0	0	11	2	1	9	8	10	7	1	9	5	3	4	6	15	23	3	17	3	8	4	18	9	23	9	12	13	25	13	16	35	22	23	37	3	29	16	8	12	21	3	6	8	11	6	8	15	24	21	13	6	26	16	
1524_A/tundra_swan/Hubei/ 12	8	9	4	21	7	16	6	7	12	0	0	11	2	1	9	8	10	7	1	9	5	3	4	6	15	23	3	17	3	8	4	17	9	23	9	13	13	25	13	16	35	23	23	37	3	28	16	8	12	21	3	6	8	11	6	7	16	24	21	14	5	26	16	
1525_A/turkey/Changhua/16 10	8	6	5	23	6	19	5	10	14	0	0	9	1	1	9	9	11	6	2	9	3	4	3	7	15	20	4	13	3	11	5	17	9	24	7	13	11	25	15	15	38	22	23	39	2	28	15	7	11	20	3	9	12	12	3	5	15	28	29	13	6	21	10	
1526_A/turkey/Chiayi/1702 16	9	6	5	17	5	19	5	6	13	0	0	15	3	1	9	9	7	5	2	9	5	5	3	10	14	23	2	9	5	8	5	19	9	24	9	12	13	25	12	15	31	24	20	37	7	28	19	8	13	21	2	9	7	10	6	6	17	27	28	12	5	23	10	
1527_A/turkey/Chiayi/1801 10	8	7	5	23	5	18	5	10	15	0	0	10	0	1	9	9	12	6	2	9	3	4	3	6	14	18	3	14	3	13	5	17	9	23	8	15	10	26	13	14	37	22	24	39	2	28	15	7	11	20	2	9	11	12	7	6	14	27	29	14	6	22	9	
1528_A/turkey/Yunlin/1506 11	9	6	5	22	5	19	5	10	14	0	0	9	1	1	9	9	12	6	2	10	2	4	3	7	14	20	4	13	3	11	5	17	10	23	7	13	10	26	15	15	37	22	24	39	3	28	14	6	11	19	3	10	10	12	5	5	16	28	27	14	5	22	11	
1529_A/turkey/Yunlin/1802 10	8	7	5	23	5	18	5	9	15	0	0	11	0	1	9	9	11	6	2	9	4	4	3	6	14	19	3	14	3	12	5	17	9	23	8	15	10	26	13	14	37	22	24	39	2	28	15	7	11	20	2	9	11	12	7	6	14	27	29	14	6	22	9	
1530_A/turkey/Yunlin/1811 11	8	6	6	22	5	19	4	10	15	0	0	11	0	1	9	9	12	7	2	9	3	3	3	8	14	18	5	11	3	13	3	17	10	24	8	14	9	27	14	14	36	22	22	39	2	29	16	7	12	19	2	9	9	13	6	7	14	26	29	14	7	22	9	
1531_A/turkey/Yunlin/1812 11	8	6	5	22	6	19	5	6	11	0	0	13	4	1	9	8	9	5	1	10	5	5	4	7	14	20	3	15	4	11	5	18	10	20	9	12	10	28	13	14	33	22	19	37	7	29	19	7	12	22	4	9	10	10	4	8	15	27	27	12	5	23	11	
1532_A/turtle_dove/Guangd 11	7	9	5	22	6	16	5	5	12	0	0	9	4	1	9	10	10	6	2	9	5	3	2	10	12	21	7	15	5	10	4	19	11	30	10	13	8	20	11	16	34	23	18	37	7	29	17	7	12	21	5	10	8	11	3	7	19	31	25	10	2	19	13	
1533_A/turtle_dove/Hunan/ 13	7	9	5	20	7	16	5	7	14	0	0	12	1	1	9	9	7	6	2	8	5	4	3	12	15	22	1	11	5	9	6	18	11	20	10	12	11	27	13	16	32	25	20	36	6	26	20	10	10	21	4	7	11	11	5	7	17	25	25	12	3	24	12	
1534_A/Waterfowl/Hubei/Ch 11	7	9	4	22	6	16	6	4	12	0	0	8	4	1	9	12	10	7	3	9	5	3	2	13	12	22	7	13	5	8	4	23	10	27	13	9	12	22	8	15	33	24	18	37	6	28	16	7	11	19	4	10	9	13	5	7	17	29	23	10	3	22	14	
1535_A/Waterfowl/Hubei/Ch 11	7	9	4	22	6	16	6	4	12	0	0	8	4	1	9	12	10	7	3	9	5	3	2	13	12	22	7	13	5	8	4	23	10	27	13	9	12	22	8	15	33	24	18	37	6	28	16	7	11	19	4	10	9	13	5	7	17	29	23	10	3	22	14	
1536_A/whiskered_tern/Hub 12	8	9	4	21	7	16	6	7	12	0	0	11	2	1	9	8	10	7	1	9	5	3	4	6	15	23	3	17	3	8	4	18	9	23	9	12	13	25	13	17	35	23	23	36	3	28	16	8	12	21	3	6	8	11	6	7	16	24	21	14	5	26	16	
1537_A/white_naped_crane/ 15	8	11	5	18	7	14	5	5	14	0	0	12	1	1	9	10	11	6	2	7	3	4	2	10	13	19	5	13	5	12	6	18	10	24	10	12	10	24	12	16	32	24	22	37	8	25	16	6	11	20	5	15	8	12	4	5	17	27	29	11	4	22	9	
1538_A/White-eyed_Pochard 12	6	9	4	21	7	16	6	6	12	0	0	8	4	1	9	10	8	6	3	8	5	4	4	8	16	24	4	18	3	7	3	19	9	21	11	12	13	26	11	15	33	19	15	37	6	32	22	6	13	23	3	9	7	9	5	8	16	23	26	12	6	27	12	
1539_A/whooper_swan/Henan 12	7	7	4	19	6	15	6	4	14	0	0	8	2	1	9	8	8	5	2	9	5	4	3	11	12	22	3	15	2	8	6	17	9	22	9	12	8	24	11	15	33	25	22	36	3	25	15	6	8	19	5	11	12	11	5	4	17	29	24	13	3	20	9	
1540_A/whooper_swan/Henan 12	7	7	4	19	6	15	6	4	14	0	0	8	2	1	9	8	8	5	2	9	5	4	3	11	12	22	3	15	2	8	6	17	9	22	9	12	8	24	11	15	33	25	22	36	3	25	15	6	8	19	5	11	12	11	5	4	17	29	24	13	3	20	9	
1541_A/whooper_swan/Henan 12	7	7	4	19	6	15	6	4	14	0	0	8	2	1	9	8	8	5	2	9	5	4	3	11	12	22	3	15	2	8	6	16	10	22	9	12	8	24	11	15	33	25	22	36	3	25	15	6	8	19	5	11	12	11	5	4	17	29	24	13	3	20	9	
1542_A/whooper_swan/Henan 12	7	7	4	19	6	15	6	4	14	0	0	8	2	1	9	8	8	5	2	9	5	4	3	11	12	22	3	15	2	8	6	17	9	22	9	12	8	24	11	15	33	25	22	36	3	25	15	6	8	19	5	11	12	11	5	4	17	29	24	13	3	20	9	
1543_A/whooper_swan/Henan 12	7	7	4	19	6	15	6	4	14	0	0	8	2	1	9	8	8	5	2	9	5	4	3	11	12	22	3	15	2	8	6	17	9	22	9	12	8	24	11	15	33	25	22	36	3	25	15	6	8	19	5	11	12	11	5	4	17	29	24	13	3	20	9	
1544_A/whooper_swan/Henan 12	7	7	4	19	6	15	6	4	14	0	0	8	2	1	9	8	8	5	2	9	5	4	3	11	12	22	3	15	2	8	6	17	8	22	9	12	8	24	11	15	33	25	22	36	3	25	15	6	9	19	5	11	12	11	5	4	17	29	24	13	3	20	9	
1545_A/whooper_swan/Henan 12	8	9	4	21	7	16	6	7	12	0	0	11	2	1	9	8	10	7	1	9	5	3	4	6	15	23	3	17	3	8	4	18	9	23	9	12	13	25	13	16	35	23	23	37	3	28	16	8	12	21	3	6	8	11	6	7	16	24	21	14	5	26	16	
1546_A/whooper_swan/Henan 12	7	9	4	21	7	16	6	7	12	0	0	11	2	1	9	8	10	7	1	9	6	3	4	6	15	23	3	17	3	8	4	18	9	23	9	12	12	25	13	16	35	22	23	37	3	29	16	8	13	21	3	6	8	11	6	8	16	24	21	13	5	26	16	
1547_A/whooper_swan/Henan 12	8	9	4	21	7	16	6	7	12	0	0	11	2	1	9	8	10	7	1	9	5	3	4	6	15	23	3	17	3	8	4	18	9	23	9	12	13	25	13	16	35	22	23	37	3	29	16	8	12	21	3	6	8	11	6	8	16	24	21	13	5	26	16	
1548_A/whooper_swan/Henan 13	9	9	4	20	7	16	6	8	12	0	0	11	2	1	9	8	10	7	1	9	5	3	4	5	14	23	3	17	4	8	4	18	9	23	9	12	13	25	13	16	35	24	23	37	3	27	16	8	11	21	3	6	8	11	6	7	16	24	21	14	5	26	16	
1549_A/whooper_swan/Henan 12	8	9	4	21	7	16	6	7	12	0	0	11	2	1	9	8	10	7	1	9	5	3	4	6	15	23	3	17	3	8	4	19	9	24	9	11	13	25	13	16	35	22	23	37	3	28	16	8	12	21	3	6	8	11	6	7	16	24	21	14	5	26	16	
1550_A/whooper_swan/Henan 12	8	9	4	21	7	16	6	7	12	0	0	11	2	1	9	8	10	7	1	9	5	3	4	6	15	23	3	17	3	8	4	18	10	23	9	12	12	25	13	16	35	23	23	37	3	28	16	8	12	21	3	6	8	11	6	7	16	24	21	14	5	26	16	
1551_A/whooper_swan/Henan 12	8	9	4	21	7	16	6	7	12	0	0	11	2	1	9	8	10	7	1	9	5	3	4	6	15	23	3	17	3	8	4	19	9	23	9	11	13	25	13	16	35	23	23	37	3	28	16	8	12	21	3	6	8	11	6	7	16	24	21	14	5	26	16	
1552_A/whooper_swan/Henan 12	8	9	4	21	7	16	6	7	12	0	0	11	2	1	9	8	10	7	1	9	5	3	4	6	15	23	3	17	3	8	4	18	9	23	9	12	13	25	13	15	35	23	24	37	3	28	15	8	12	21	3	6	8	11	6	8	16	24	21	14	5	26	16	
1553_A/whooper_swan/Henan 12	7	9	4	21	7	16	6	7	12	0	0	11	2	1	9	8	10	7	1	9	5	3	4	6	15	23	3	17	3	8	4	18	10	23	9	12	12	25	13	15	35	23	23	37	3	28	16	8	13	21	3	6	8	11	6	8	16	24	21	14	5	26	16	
1554_A/whooper_swan/Henan 13	8	9	4	20	7	16	6	7	12	0	0	11	2	1	9	8	10	7	1	9	5	3	4	6	15	23	3	17	3	8	4	18	9	23	9	12	13	25	13	16	35	22	23	37	3	29	16	8	12	21	3	6	8	11	6	7	16	24	21	14	5	26	16	
1555_A/whooper_swan/Henan 13	8	9	4	20	7	16	6	7	12	0	0	11	2	1	9	8	10	7	1	9	5	3	4	6	15	23	3	17	3	8	4	18	9	23	9	12	13	25	13	16	35	22	23	37	3	29	16	8	12	21	3	6	8	11	6	7	16	24	21	14	5	26	16	
1556_A/whooper_swan/Henan 11	8	9	5	22	7	16	5	7	9	0	0	10	4	1	9	13	8	7	2	7	5	4	2	9	15	21	5	14	4	9	5	22	8	27	12	11	12	21	10	16	32	26	21	35	8	23	17	7	10	17	6	9	11	15	2	6	18	30	25	12	2	21	13	
1557_A/whooper_swan/Henan 11	8	9	5	22	7	16	5	7	9	0	0	10	4	1	9	13	8	7	2	7	5	4	2	9	15	20	5	14	4	10	5	22	8	27	12	11	12	21	10	16	32	26	21	35	8	23	17	7	10	17	6	9	11	15	2	6	18	30	25	12	2	21	13	
1558_A/whooper_swan/Henan 11	8	9	5	22	7	16	5	7	9	0	0	10	4	1	9	13	8	7	2	7	5	4	2	9	15	20	5	14	4	10	5	22	8	27	12	11	12	21	10	16	32	26	21	35	8	23	17	7	10	17	6	9	11	15	2	6	18	30	25	12	2	21	13	
1559_A/whooper_swan/Henan 11	8	9	5	22	7	16	5	7	9	0	0	10	4	1	9	13	8	7	2	7	5	4	2	9	15	20	5	14	4	10	5	21	8	27	13	11	12	21	10	16	32	26	21	35	8	23	17	7	10	17	6	9	11	15	2	6	18	30	25	12	2	21	13	
1560_A/whooper_swan/Henan 13	6	8	4	20	8	17	6	7	12	0	0	11	3	1	9	9	9	6	2	9	5	4	3	8	13	21	2	14	5	10	5	18	13	21	9	12	10	27	13	15	31	21	19	37	6	31	19	6	13	24	2	10	9	9	6	6	17	27	27	14	3	22	11	
1561_A/whooper_swan/Henan 13	6	8	4	20	8	17	6	7	12	0	0	11	3	1	9	9	9	6	2	9	5	4	3	8	13	21	2	14	5	10	5	18	13	21	9	12	10	27	13	15	31	21	19	37	6	31	19	6	13	24	2	10	9	9	6	6	17	27	27	14	3	22	11	
1562_A/whooper_swan/Henan 13	6	8	4	20	8	17	6	7	12	0	0	11	3	1	9	9	9	6	2	9	5	4	3	8	13	21	2	14	5	10	5	18	13	21	9	12	10	27	13	15	31	21	19	37	6	31	19	6	13	24	2	10	9	9	6	6	17	27	27	14	3	22	11	
1563_A/whooper_swan/Henan 13	6	8	4	20	8	17	6	7	12	0	0	11	3	1	9	9	9	6	2	9	5	4	3	8	13	21	2	14	5	10	5	18	13	21	9	12	10	27	13	15	31	21	19	37	6	31	19	6	13	24	2	10	9	9	6	6	17	27	27	14	3	22	11	
1564_A/whooper_swan/Henan 13	6	8	4	20	8	17	6	7	12	0	0	11	3	1	9	9	9	6	2	9	5	4	3	8	13	21	2	14	5	10	5	18	13	21	9	12	10	27	13	15	31	21	19	37	6	31	19	6	13	24	2	10	9	9	6	6	17	27	27	14	3	22	11	
1565_A/whooper_swan/Henan 13	6	8	4	20	8	17	6	7	12	0	0	11	3	1	9	9	9	6	2	9	5	4	3	8	13	21	2	14	5	10	5	18	13	21	9	12	10	27	13	15	31	21	19	37	6	31	19	6	13	24	2	10	9	9	6	6	17	27	27	14	3	22	11	
1566_A/whooper_swan/Inner 12	8	9	4	21	7	16	6	7	12	0	0	11	2	1	9	8	10	7	0	9	5	3	4	6	15	23	3	17	3	8	5	18	9	22	9	12	13	26	13	16	35	23	23	37	3	28	16	8	12	21	3	6	8	11	6	7	16	24	21	14	5	26	16	
1567_A/Whooper_Swan/Sanme 12	7	8	4	21	7	17	6	9	12	0	0	10	3	1	9	8	10	6	2	10	4	4	3	6	15	24	3	15	3	7	4	18	10	24	9	12	12	25	13	15	34	22	20	37	5	26	21	6	13	22	3	8	9	10	5	7	17	26	26	14	3	24	12	
1568_A/Whooper_swan/Sanme 12	8	9	4	21	7	16	6	7	13	0	0	11	2	1	9	8	10	7	1	10	4	3	4	6	14	24	3	17	3	7	4	18	9	24	9	12	13	25	13	16	35	22	22	37	3	28	18	8	12	20	3	6	8	11	5	7	16	24	22	14	5	26	16	
1569_A/Whooper_swan/Sanme 12	8	9	4	21	7	16	6	8	12	0	0	10	2	1	9	8	10	7	2	9	5	3	3	6	15	23	3	17	3	8	4	18	9	23	9	12	13	25	13	16	35	21	23	36	4	29	17	8	12	21	3	6	8	11	5	7	15	24	22	14	6	26	16	
1570_A/Whooper_swan/Sanme 13	8	9	4	20	7	16	6	7	12	0	0	11	2	1	9	8	10	7	1	9	5	3	4	6	15	23	3	17	3	8	4	18	9	23	9	12	13	25	13	16	35	22	23	37	3	29	16	8	12	21	3	6	8	11	6	7	16	24	21	14	5	26	16	
1571_A/Whooper_swan/Sanme 12	8	9	4	21	7	16	6	8	12	0	0	10	2	1	9	8	10	7	2	9	5	3	3	6	15	23	3	17	3	8	4	18	9	23	9	12	13	25	13	16	35	22	23	36	4	28	17	8	12	21	3	6	8	11	5	7	15	24	22	14	6	26	16	
1572_A/Whooper_swan/Sanme 12	8	9	4	21	7	16	6	7	12	0	0	11	2	1	9	8	10	7	1	9	5	3	4	6	15	23	3	17	3	8	4	18	9	23	9	12	13	25	13	16	35	23	23	37	3	27	17	8	12	21	3	6	8	11	6	7	16	24	21	14	5	26	16	
1573_A/Whooper_swan/Sanme 12	8	9	4	21	7	16	6	7	13	0	0	11	2	1	9	8	10	7	1	10	4	3	4	6	14	24	3	17	3	7	4	18	9	24	9	12	13	25	13	16	35	22	22	37	3	28	18	8	12	20	3	6	8	11	5	7	16	24	22	14	5	26	16	
1574_A/Whooper_swan/Sanme 12	8	9	4	21	7	16	6	7	12	0	0	11	2	1	9	8	10	7	1	9	5	3	4	6	15	23	3	17	3	8	4	18	9	23	9	12	13	25	13	16	35	23	23	37	3	28	16	8	12	21	3	6	8	11	6	7	16	24	21	14	5	26	16	
1575_A/Whooper_swan/Sanme 12	8	9	4	21	7	16	6	7	12	0	0	11	2	1	9	8	10	7	1	9	5	3	4	6	15	23	3	17	3	8	4	18	9	23	9	12	13	25	13	16	35	23	23	37	3	28	16	8	12	21	3	6	8	11	6	7	16	24	21	14	5	26	16	
1576_A/Whooper_swan/Sanme 12	8	9	4	21	7	16	6	7	12	0	0	11	2	1	9	8	10	7	1	8	5	3	4	7	15	23	3	17	3	8	4	18	9	24	9	12	13	24	13	16	35	23	23	37	3	28	16	8	12	20	3	6	8	12	6	7	16	24	21	14	5	26	16	
1577_A/Whooper_swan/Sanme 12	8	9	4	21	7	16	6	7	13	0	0	11	2	1	9	8	10	7	1	9	5	3	4	6	14	24	3	17	3	7	4	18	9	23	9	12	13	25	13	16	35	22	23	37	3	28	17	8	12	21	3	6	8	11	5	7	16	24	22	14	5	26	16	
1578_A/Whooper_swan/Sanme 13	8	9	4	20	7	16	6	7	12	0	0	11	2	1	9	8	10	7	1	9	5	3	4	6	15	23	3	17	3	8	4	18	9	23	9	12	13	25	13	16	35	22	23	37	3	29	16	8	12	21	3	6	8	11	6	7	16	24	21	14	5	26	16	
1579_A/Whooper_swan/Sanme 12	8	9	4	21	7	16	6	7	13	0	0	11	2	1	9	8	10	7	1	10	4	3	4	6	14	24	3	17	3	7	4	18	9	24	9	12	13	25	13	16	35	22	22	37	3	28	18	8	12	20	3	6	8	11	5	7	16	25	22	14	5	25	16	
1580_A/Whooper_swan/Sanme 12	8	9	4	21	7	16	6	7	12	0	0	11	2	1	9	8	10	7	1	9	5	3	3	6	15	23	4	17	3	8	4	18	9	22	9	12	13	25	13	16	35	23	23	37	3	28	16	8	12	22	3	6	8	11	6	7	16	24	21	14	5	26	16	
1581_A/Whooper_swan/Sanme 12	8	9	4	21	7	16	6	7	12	0	0	11	2	1	9	7	10	7	1	10	5	3	4	6	15	23	3	17	3	8	4	18	9	23	9	12	13	25	13	16	35	23	23	37	3	27	17	8	12	21	3	6	8	11	6	7	16	24	21	14	5	26	16	
1582_A/Whooper_swan/Sanme 12	8	9	4	21	7	16	6	7	12	0	0	11	2	1	9	8	10	7	1	9	5	3	4	6	15	23	3	17	3	8	4	18	9	23	9	12	13	25	13	16	35	23	23	37	3	28	16	8	12	21	3	6	8	11	6	7	16	24	21	14	5	26	16	
1583_A/Whooper_swan/Sanme 12	8	9	4	21	7	16	6	7	12	0	0	11	2	1	9	8	10	7	1	9	5	3	4	6	15	23	3	17	3	8	4	18	9	23	9	12	13	25	13	16	35	22	23	37	3	29	16	8	12	21	3	6	8	11	6	8	16	24	21	13	5	26	16	
1584_A/Whooper_swan/Sanme 12	8	9	4	21	7	16	6	7	12	0	0	11	2	1	9	8	10	7	1	9	5	3	4	6	15	23	3	17	3	8	4	18	9	23	10	12	13	25	12	16	35	23	23	37	3	28	16	8	12	21	3	6	8	11	6	7	16	24	21	14	5	26	16	
1585_A/Whooper_swan/Sanme 12	8	9	4	21	7	16	6	7	12	0	0	11	2	1	9	8	10	7	1	9	5	3	4	6	15	23	3	17	3	8	4	18	9	23	9	12	13	25	13	16	35	23	23	37	3	28	16	8	12	21	3	6	8	11	6	8	16	24	21	13	5	26	16	
1586_A/Whooper_swan/Sanme 12	8	9	4	21	7	16	6	7	12	0	0	11	2	1	9	8	10	7	1	9	5	3	4	6	15	24	3	17	3	7	4	18	9	23	9	12	13	25	13	15	35	23	23	37	3	28	16	8	12	21	3	6	8	11	6	8	16	24	21	14	5	26	16	
1587_A/Whooper_swan/Sanme 12	8	9	4	21	7	16	6	7	12	0	0	11	2	1	9	8	10	7	1	9	5	3	4	6	15	23	3	17	3	8	4	18	9	23	9	12	13	25	13	16	35	22	23	37	3	29	16	8	12	21	3	6	8	11	6	8	16	24	21	13	5	26	16	
1588_A/Whooper_swan/Sanme 13	8	9	4	20	7	16	6	7	12	0	0	11	2	1	9	8	10	7	1	9	5	3	4	6	15	23	3	17	3	8	4	18	9	23	9	12	13	25	13	16	35	22	23	37	3	29	16	8	12	21	3	6	8	11	6	7	16	24	21	14	5	26	16	
1589_A/Whooper_swan/Sanme 12	8	9	4	21	7	16	6	7	12	0	0	11	2	1	9	8	10	7	1	9	5	3	4	6	15	23	3	17	3	8	4	18	9	23	9	12	13	25	13	16	35	22	23	37	3	28	17	8	12	21	3	6	8	11	5	7	16	24	23	14	5	26	15	
1590_A/Whooper_swan/Sanme 12	8	9	4	21	7	16	6	7	12	0	0	11	2	1	9	8	10	7	1	9	5	3	4	6	15	23	3	17	3	8	4	18	9	23	9	12	13	25	13	16	35	23	23	37	3	28	16	8	12	21	3	6	8	11	6	7	16	24	21	14	5	26	16	
1591_A/whooper_swan/Shaan 13	8	9	4	20	7	16	6	7	12	0	0	11	2	1	9	8	10	7	1	9	5	3	4	6	15	23	3	17	3	8	4	18	9	23	9	12	13	25	13	16	35	22	23	37	3	29	16	8	12	21	3	6	8	11	6	7	16	24	21	14	5	26	16	
1592_A/whooper_swan/Shaan 12	8	9	4	21	7	16	6	7	12	0	0	11	2	1	9	8	10	7	1	9	5	3	4	6	15	23	3	17	3	8	4	19	9	23	9	11	13	25	13	16	35	23	23	37	3	28	16	8	12	21	3	6	8	11	6	7	16	24	21	14	5	26	16	
1593_A/whooper_swan/Shaan 12	8	9	4	21	7	16	6	7	12	0	0	11	2	1	9	8	10	7	1	9	5	3	4	6	15	23	3	17	3	8	4	19	9	23	9	11	13	25	13	16	35	23	23	37	3	28	16	8	12	21	3	6	8	11	6	7	16	24	21	14	5	26	16	
1594_A/whooper_swan/Shand 12	7	9	4	21	8	16	6	7	13	0	0	11	2	1	9	8	10	7	1	9	5	3	4	6	14	23	3	17	3	8	4	18	9	24	9	12	13	25	13	16	35	24	22	37	3	26	18	8	12	19	3	6	8	13	5	7	16	22	22	14	5	27	16	
1595_A/whooper_swan/Shand 12	7	9	4	21	8	16	6	7	13	0	0	11	2	1	9	8	10	7	1	9	5	3	4	6	14	24	3	17	3	7	4	18	9	24	9	12	13	25	13	16	35	24	22	37	3	26	18	8	12	19	3	6	8	13	5	7	16	22	22	13	6	27	16	
1596_A/whooper_swan/Shand 12	7	9	4	21	8	16	6	7	13	0	0	11	2	1	9	8	10	7	1	9	5	3	4	6	14	24	3	17	3	7	4	18	9	24	9	12	13	25	13	16	35	24	22	37	3	26	18	8	12	19	3	6	8	13	5	7	16	22	22	14	5	27	16	
1597_A/whooper_swan/Shand 15	6	6	5	18	8	19	5	7	11	0	0	14	4	1	9	7	8	6	3	11	6	4	2	8	13	19	2	12	5	12	5	17	7	26	7	12	14	23	14	14	33	21	21	36	6	30	18	7	12	22	3	11	10	10	5	6	16	21	26	14	4	29	12	
1598_A/whooper_swan/Shand 12	8	9	4	21	7	16	6	7	13	0	0	11	2	1	9	8	10	7	1	9	5	3	4	6	14	24	3	17	3	7	4	18	9	24	9	12	13	25	13	16	35	23	22	37	3	27	18	8	12	19	3	6	8	12	5	7	16	24	22	14	5	26	16	
1599_A/whooper_swan/Shand 12	8	9	4	21	7	16	6	7	13	0	0	11	2	1	9	8	10	7	1	9	5	3	4	6	14	24	3	17	3	7	4	18	9	24	9	12	13	25	13	16	35	23	22	37	3	27	18	8	12	19	4	6	8	12	4	7	16	23	22	14	5	27	16	
1600_A/whooper_swan/Shand 12	8	9	4	21	7	16	6	7	13	0	0	11	2	1	9	8	10	7	1	9	5	3	4	6	14	24	4	17	3	7	3	17	9	24	9	13	13	25	13	16	35	24	22	37	3	26	18	8	12	19	3	6	8	12	5	7	16	23	22	14	5	27	16	
1601_A/whooper_swan/Shanx 12	8	9	4	21	7	16	6	7	12	0	0	11	2	1	9	8	10	7	1	9	5	3	4	6	15	23	3	17	3	8	4	18	9	23	9	12	13	25	13	16	35	23	23	37	3	28	16	8	12	21	3	6	8	11	6	7	16	24	21	14	5	26	16	
1602_A/whooper_swan/Shanx 12	8	9	4	21	7	16	6	7	12	0	0	11	2	1	9	8	10	7	1	9	5	3	4	6	15	23	3	17	3	8	4	18	9	23	9	12	13	25	13	16	35	23	23	37	3	28	16	8	12	21	3	6	8	11	6	7	16	24	21	14	5	26	16	
1603_A/whooper_swan/Shanx 12	7	7	4	19	6	15	6	4	14	0	0	8	2	1	9	8	8	5	2	9	5	4	3	11	12	22	3	15	2	8	6	17	9	22	9	12	8	24	11	15	33	25	22	36	3	25	15	6	8	19	5	11	12	11	5	4	17	29	24	13	3	20	9	
1604_A/whooper_swan/Shanx 12	7	7	4	19	6	15	6	4	14	0	0	8	2	1	9	8	8	5	2	9	5	4	3	11	12	22	3	15	2	8	6	17	9	22	9	12	8	24	11	15	33	25	22	36	3	25	15	6	8	19	5	11	12	11	5	4	17	29	24	13	3	20	9	
1605_A/whooper_swan/Shanx 12	7	8	4	21	7	17	6	9	12	0	0	10	3	1	9	8	10	6	2	10	4	4	3	6	15	24	3	15	3	7	4	18	10	24	9	12	12	25	13	15	34	22	20	37	5	26	21	6	13	22	3	8	9	10	5	7	17	26	26	14	3	24	12	
1606_A/whooper_swan/Shanx 12	8	9	4	21	7	16	6	8	12	0	0	11	2	1	9	8	10	7	1	9	5	3	4	5	15	23	3	17	3	8	4	18	9	23	9	12	13	25	13	16	35	23	23	37	3	28	16	8	12	20	3	7	8	12	6	6	16	24	21	14	5	26	16	
1607_A/whooper_swan/Shanx 12	8	9	4	21	7	16	6	7	12	0	0	11	2	1	9	8	10	7	1	9	5	3	4	6	15	23	3	17	3	8	4	18	9	23	9	12	13	25	13	16	35	23	23	37	3	28	16	8	12	21	3	6	8	11	6	7	16	24	21	14	5	26	16	
1608_A/whooper_swan/Shanx 12	8	9	4	21	7	16	6	8	12	0	0	11	2	1	9	8	10	7	1	9	5	3	4	5	15	23	3	17	3	8	4	18	9	23	9	12	13	25	13	16	35	23	23	37	3	27	17	8	12	20	3	7	8	12	6	6	16	24	21	14	5	26	16	
1609_A/whooper_swan/Shanx 12	8	9	4	21	7	15	6	7	12	0	0	11	2	1	9	8	10	7	1	9	5	3	4	6	15	23	3	17	3	8	4	18	9	23	9	12	13	26	13	16	35	24	23	37	3	27	16	8	12	20	3	6	8	11	5	7	16	25	22	14	5	26	16	
1610_A/whooper_swan/Shanx 12	8	6	6	21	6	19	4	5	11	0	0	11	4	1	9	10	8	5	2	8	5	5	3	10	13	20	2	14	6	11	6	19	13	21	10	11	8	27	12	15	34	26	20	37	5	25	18	6	12	22	4	10	8	10	4	4	18	25	27	16	4	25	11	
1611_A/whooper_swan/Shanx 13	9	9	4	20	7	16	6	8	12	0	0	11	2	1	9	8	10	7	1	9	5	3	4	5	14	23	3	17	4	8	4	18	9	23	9	12	13	25	13	16	35	24	23	37	3	27	16	8	11	21	3	6	8	11	6	7	16	24	21	14	5	26	16	
1612_A/whooper_swan/Shanx 13	9	9	4	20	7	16	6	8	12	0	0	11	2	1	9	8	10	7	1	9	5	3	4	5	14	23	3	17	4	8	4	18	9	23	9	12	13	25	13	16	35	24	23	37	3	27	16	8	11	21	3	6	8	11	6	7	16	24	21	14	5	26	16	
1613_A/whooper_swan/Shanx 13	9	9	4	20	7	16	6	8	12	0	0	11	2	1	9	8	10	7	1	9	5	3	4	5	14	23	3	17	4	8	4	18	9	23	9	12	13	25	13	16	35	24	23	37	3	27	16	8	11	21	3	6	8	11	6	7	16	24	21	14	5	26	16	
1614_A/whooper_swan/Shanx 13	9	9	4	20	7	16	6	8	12	0	0	11	2	1	9	8	10	7	1	9	5	3	4	5	14	23	3	17	4	8	4	18	9	23	9	12	13	25	13	16	35	24	23	37	3	27	16	8	11	21	3	6	8	11	6	7	16	24	21	14	5	26	16	
1615_A/whooper_swan/Shanx 12	8	9	4	21	7	16	6	7	12	0	0	11	2	1	9	8	10	7	1	9	5	3	4	6	15	24	3	17	3	7	4	18	9	23	9	12	13	25	13	15	35	23	23	37	3	28	16	8	12	21	3	6	8	11	5	8	16	24	22	14	5	26	16	
1616_A/whooper_swan/Shanx 12	8	8	4	21	7	17	6	7	12	0	0	11	2	1	9	8	10	7	1	9	5	3	4	6	15	24	3	17	3	7	4	18	9	23	9	12	13	25	13	15	35	23	23	37	3	28	16	8	12	21	3	6	8	11	6	8	16	24	21	14	5	26	16	
1617_A/whooper_swan/Shanx 13	9	9	4	20	7	16	6	8	12	0	0	11	2	1	9	8	10	7	1	9	5	3	4	5	13	23	3	17	5	8	4	18	9	23	9	12	13	25	13	16	35	24	23	37	3	27	16	8	11	21	3	6	8	11	6	7	16	24	21	14	5	26	16	
1618_A/whooper_swan/Shanx 12	8	9	4	21	7	16	6	7	12	0	0	11	2	1	9	8	10	7	1	9	5	3	4	6	14	23	3	17	4	8	4	18	9	23	9	12	13	25	13	16	35	23	23	37	3	28	16	8	12	21	3	6	8	11	6	7	16	24	21	14	5	26	16	
1619_A/Wigeon/Ningxia/476 12	6	9	3	21	7	16	7	6	12	0	0	8	4	1	9	10	9	7	3	9	5	3	3	10	13	22	5	15	5	9	5	19	8	20	14	11	12	29	7	16	34	22	17	37	6	29	17	7	14	20	3	9	6	12	4	8	17	26	25	12	4	25	14	
1620_A/wild_bird/Eastern_ 13	7	6	5	20	7	19	6	11	10	0	0	9	5	1	8	9	9	6	2	9	5	4	3	8	14	22	1	12	4	9	6	18	10	22	7	12	11	26	15	15	32	22	19	37	7	28	21	6	12	22	3	11	9	10	5	6	16	24	25	13	5	26	13	
1621_A/wild_bird/Eastern_ 13	7	6	4	20	7	19	6	11	10	0	0	9	5	1	9	9	9	6	2	9	5	4	3	8	14	23	2	12	4	8	5	18	10	22	7	12	11	26	15	15	32	22	19	37	7	28	21	6	12	22	3	11	9	10	5	6	16	24	25	13	5	26	13	
1622_A/wild_bird/Eastern_ 13	7	6	4	20	7	19	6	11	10	0	0	9	5	1	9	9	9	6	2	9	5	5	3	8	14	22	1	12	4	9	6	18	10	22	7	12	11	25	15	15	32	22	19	37	7	28	21	6	12	21	3	11	9	11	5	6	16	24	25	13	5	26	13	
1623_A/wild_bird/Hubei/12 12	7	8	5	20	7	17	5	9	12	0	0	10	3	1	9	8	10	6	2	10	4	4	3	5	17	24	3	16	1	7	4	19	10	22	9	11	12	27	13	15	34	22	21	38	5	25	21	7	13	22	3	9	8	10	6	7	16	26	26	13	4	24	11	
1624_A/wild_bird/Hunan/01 10	7	9	4	23	7	16	6	4	11	0	0	8	4	1	9	12	8	8	3	7	5	2	2	15	12	21	5	12	7	10	5	19	9	28	11	13	11	20	10	17	32	24	22	36	8	26	14	8	13	18	6	10	9	15	3	7	15	28	21	9	5	21	17	
1625_A/wild_bird/Hunan/01 13	6	10	5	20	8	15	5	6	14	0	0	9	1	1	9	11	10	7	1	8	6	3	5	14	12	18	6	9	4	13	2	19	8	29	6	13	12	20	15	15	34	23	17	38	4	27	20	7	13	18	4	8	8	15	3	6	17	28	19	14	5	22	20	
1626_A/wild_bird/Hunan/02 10	7	9	4	23	7	16	6	5	12	0	0	8	3	1	9	12	10	7	3	7	5	3	3	13	12	21	5	13	6	10	4	19	8	26	12	13	12	22	9	17	33	23	21	36	6	27	15	8	12	19	6	9	9	14	3	8	15	28	20	10	5	21	18	
1627_A/wild_bird/Hunan/02 10	7	9	4	23	7	16	6	5	12	0	0	8	3	1	9	12	10	7	3	7	5	3	3	13	12	21	5	13	6	10	4	19	8	25	12	13	12	23	9	17	33	23	21	36	6	27	15	8	12	19	6	9	9	14	3	8	15	28	20	10	5	21	18	
1628_A/wild_bird/Hunan/03 10	7	9	4	23	7	16	6	5	12	0	0	8	3	1	9	12	10	7	3	7	5	3	3	13	12	21	5	13	6	10	4	19	8	25	12	13	12	23	9	17	33	23	21	36	6	27	15	8	12	19	6	9	9	14	3	8	15	28	20	10	5	21	18	
1629_A/wild_bird/Taipei/0 14	6	7	5	19	7	18	5	4	11	0	0	10	4	1	9	9	12	5	3	10	3	5	2	9	13	18	2	16	4	13	6	15	11	25	8	14	11	23	14	16	36	20	20	37	2	31	18	9	14	21	4	11	10	11	4	6	16	25	27	10	3	25	11	
1630_A/wild_bird/Zhejiang 10	7	8	6	23	7	17	4	4	10	0	0	10	5	1	9	12	10	6	2	6	4	4	3	9	15	19	3	17	3	12	5	19	8	27	8	11	9	21	14	16	36	23	20	37	7	28	18	7	11	20	3	8	11	13	5	8	15	24	32	12	5	24	7	
1631_A/wild_duck/Fujian/1 10	7	9	6	22	6	16	5	7	11	0	0	8	4	1	9	11	10	7	1	9	5	3	3	9	12	22	7	16	5	9	5	21	8	27	11	11	12	22	9	16	32	22	20	37	8	25	17	9	12	18	6	8	9	14	2	6	17	31	26	11	3	21	12	
1632_A/wild_duck/Fujian/2 10	7	9	5	22	6	16	5	7	11	0	0	8	4	1	9	11	10	7	1	9	5	3	3	9	12	22	7	16	5	9	5	21	8	27	12	11	12	22	9	16	32	22	20	37	8	25	17	9	12	18	6	8	9	14	2	6	17	31	26	11	3	21	12	
1633_A/wild_duck/Hebei/SD 11	7	6	4	22	7	19	6	6	13	0	0	8	2	1	9	10	12	6	2	9	3	4	3	10	14	23	2	15	3	8	6	17	11	23	11	12	10	23	12	16	36	27	22	37	3	25	15	6	8	24	4	12	13	11	5	4	17	26	26	14	4	22	11	
1634_A/wild_duck/Hunan/12 13	8	7	5	20	7	18	5	6	10	0	0	11	4	1	9	10	10	6	1	8	5	4	4	8	14	23	2	15	3	8	5	18	9	21	10	12	13	27	12	15	34	18	21	37	4	33	18	7	11	22	2	9	10	11	4	8	18	25	30	12	3	25	9	
1635_A/wild_duck/Jiangsu/ 13	8	8	4	21	7	16	6	7	13	0	0	11	2	1	9	8	11	7	1	9	5	3	4	6	13	24	3	17	3	7	4	18	9	25	9	12	13	24	13	16	35	22	22	37	3	28	18	8	12	20	3	6	8	11	5	7	16	24	22	14	5	26	16	
1636_A/wild_duck/Jilin/HF 12	6	8	6	21	6	17	4	7	11	0	0	9	4	1	9	10	10	8	2	9	5	2	2	9	13	22	7	15	4	9	5	20	8	25	10	14	12	24	11	15	32	25	18	36	9	27	16	7	12	19	5	9	9	13	3	6	18	27	23	11	3	22	16	
1637_A/wild_duck/Jilin/ZF 10	6	8	7	23	7	17	3	7	10	0	0	13	5	1	9	6	8	7	2	12	7	3	2	9	12	18	3	11	5	13	5	19	8	27	8	13	14	22	12	15	32	27	23	37	7	25	15	6	11	19	2	10	10	15	7	7	18	23	23	13	2	25	14	
1638_A/wild_duck/Shandong 13	6	10	5	20	6	15	5	5	10	0	0	13	4	1	9	8	11	8	2	11	3	2	2	14	12	22	6	10	5	9	6	19	9	25	10	16	13	21	12	15	33	25	18	37	7	27	16	7	13	22	4	9	10	10	4	5	17	24	23	11	2	26	15	
1639_A/wild_duck/Shandong 11	10	10	7	22	5	15	3	8	11	0	0	10	3	1	9	10	9	7	2	10	4	3	2	7	12	21	7	15	5	10	4	18	13	27	11	10	9	22	10	16	32	26	20	39	8	25	16	5	9	21	5	12	11	11	4	8	16	29	24	8	5	22	13	
1640_A/wild_duck/Shandong 12	8	8	6	20	5	17	4	8	15	0	0	11	1	1	9	8	12	6	3	11	4	4	1	7	14	19	3	14	2	12	6	16	11	26	9	14	11	22	12	16	35	23	25	36	3	28	13	8	11	22	5	10	9	12	2	9	20	28	26	9	2	21	13	
1641_A/wild_duck/Shandong 12	7	9	4	21	8	16	6	7	13	0	0	11	2	1	9	8	10	7	1	9	5	3	4	6	14	24	3	17	3	7	4	18	9	24	9	12	13	25	13	16	35	24	22	37	3	26	18	8	12	19	3	6	8	13	5	7	16	22	22	14	5	27	16	
1642_A/wild_goose/Shandon 12	8	9	4	21	7	16	6	7	13	0	0	11	2	1	9	8	10	7	1	9	5	3	4	6	14	24	3	17	3	7	4	18	9	24	9	12	13	25	13	16	35	23	22	37	3	27	18	8	12	19	4	6	8	12	4	7	16	23	22	14	5	27	16	
1643_A/wild_pigeon/Jilin/ 11	6	10	5	23	6	15	5	4	12	0	0	8	6	1	9	10	9	7	3	9	6	3	3	16	12	24	5	11	4	7	4	20	8	28	11	13	12	21	9	17	35	23	19	36	5	27	17	9	13	18	6	7	8	13	4	6	17	30	22	10	3	21	16	
1644_A/wildfowl/China/472 14	6	12	4	19	5	13	6	6	13	1	0	11	5	0	9	10	11	5	2	8	3	5	1	10	13	17	3	13	5	14	5	19	11	32	10	10	11	18	11	17	34	20	23	35	6	31	18	8	10	17	3	10	10	14	5	6	17	23	24	14	3	26	13	
1645_A/Xinjiang/1/2006|EP 11	7	9	6	22	6	16	4	7	11	0	0	12	4	1	9	11	11	7	3	8	5	3	1	7	11	20	6	14	6	10	5	19	10	29	8	13	10	21	12	15	33	23	21	37	7	28	15	9	11	22	5	9	10	10	4	6	19	30	28	11	1	20	9	
1646_A/Xinjiang/1/2009|EP 11	7	10	6	22	6	15	5	7	11	0	0	11	4	1	9	10	9	7	3	9	6	3	1	8	13	22	7	14	4	9	5	19	11	27	10	14	9	21	10	17	33	25	18	36	7	28	16	8	10	21	4	9	10	12	4	4	19	27	24	12	2	22	14	
1647_A/Yunnan/14563/2015| 9	4	8	6	24	7	17	4	7	13	0	0	14	5	1	9	6	9	7	1	12	5	3	3	6	13	18	3	12	5	11	5	20	8	26	10	11	13	22	12	14	33	29	20	38	4	25	19	7	12	18	4	10	10	16	7	7	18	27	24	13	3	20	11	
1648_A/Yunnan/DQ002/2015( 9	4	8	6	24	7	17	4	7	13	0	0	14	5	1	9	6	9	7	1	12	5	3	3	6	13	18	3	12	5	11	5	19	8	26	9	11	14	22	13	14	32	29	20	38	4	25	19	9	12	19	3	9	10	15	8	7	18	26	23	13	3	21	12	
1649_A/Zhejiang/1/2006|EP 11	7	9	5	22	6	16	5	6	11	0	0	10	4	1	9	10	10	7	2	9	5	3	2	10	12	21	7	14	5	10	4	19	11	28	9	13	9	21	12	16	33	23	18	37	7	29	17	7	11	22	5	10	9	11	3	7	19	29	25	10	2	20	13	
1650_A/Anas_platyrhynchos 14	7	8	4	19	8	17	6	6	11	0	0	11	3	1	9	10	9	5	2	8	5	6	3	7	14	20	4	16	4	11	3	19	10	20	10	12	11	27	12	15	31	24	22	37	7	28	17	5	12	20	4	9	9	12	3	6	18	23	30	15	4	26	9	
1651_A/Anas_crecca/Hubei/ 11	7	9	4	22	6	16	6	4	12	0	0	8	4	1	9	12	10	7	3	9	5	3	2	13	12	22	7	13	5	8	4	23	10	27	13	9	12	22	8	15	33	24	18	37	6	28	16	7	11	19	4	10	9	13	6	8	16	29	23	10	3	22	13	
1652_A/Anhui/1/2006_H5N1| 11	7	9	5	22	6	16	5	6	12	0	0	10	3	1	9	10	10	7	2	9	5	3	2	10	12	19	7	14	5	12	4	19	11	29	10	12	8	20	11	17	34	23	17	37	7	29	18	7	11	21	5	10	9	11	3	7	19	29	26	10	2	21	12	
1653_A/Anhui/1/2007_H5N1| 11	7	9	5	22	6	16	5	5	11	0	0	12	4	1	9	11	10	7	2	9	5	3	2	10	12	21	8	12	5	10	3	19	10	29	10	13	11	20	11	16	32	24	18	37	7	28	17	7	10	21	5	9	10	12	3	8	19	27	25	10	2	22	13	
1654_A/Anhui/2/2005_H5N1| 10	7	9	5	23	6	16	5	6	11	0	0	10	4	1	9	10	10	7	2	9	5	3	2	10	12	21	7	14	5	10	4	20	11	29	11	12	8	20	10	17	35	23	18	38	6	28	17	6	11	21	5	10	9	11	3	7	19	29	25	10	2	21	13	
1655_A/Anser_cygnoides/Ch 11	7	9	4	22	6	16	6	6	14	0	0	8	3	1	9	10	10	7	3	9	5	3	3	11	12	22	5	14	5	9	4	19	8	28	12	14	12	21	9	15	33	25	19	37	6	26	16	9	12	19	5	8	9	13	3	6	16	29	24	11	4	22	14	
1656_A/Anser_cygnoides/Hu 12	7	8	5	20	7	17	5	9	12	0	0	10	3	1	9	8	10	6	2	10	4	4	3	5	17	24	3	16	1	7	4	19	10	22	9	11	12	27	13	15	34	22	21	38	5	25	21	7	13	22	3	9	8	10	6	7	16	26	26	13	4	24	11	
1657_A/Anser_fabalis/jiuj 14	7	8	4	19	8	17	6	6	11	0	0	11	3	1	9	10	9	5	2	8	5	6	3	7	14	20	4	16	4	11	3	19	10	20	10	12	11	27	12	15	31	24	22	37	7	28	17	5	12	20	4	9	9	12	3	6	18	23	30	15	4	26	9	
1658_A/Anser_fabalis/jiuj 14	7	8	4	19	8	17	6	6	11	0	0	11	3	1	9	10	9	5	2	8	5	6	3	7	14	20	4	16	4	11	3	19	10	20	10	12	11	27	12	15	31	24	22	37	7	28	17	5	12	20	4	9	9	12	3	6	18	23	30	15	4	26	9	
1659_A/Anser_fabalis/jiuj 14	7	8	4	19	8	17	6	6	11	0	0	11	3	1	9	10	9	5	2	8	5	6	3	7	14	20	4	16	4	11	3	19	10	20	10	12	11	27	12	15	31	24	22	37	7	28	17	5	12	20	4	9	9	12	3	6	18	23	30	15	4	26	9	
1660_A/Bulbul/Taiwan/0115 15	8	6	5	18	6	19	5	6	12	0	0	15	3	1	9	9	8	5	2	9	5	5	3	9	14	23	2	10	5	9	4	18	10	25	9	13	11	23	13	15	32	22	20	37	7	29	19	7	13	22	3	9	7	10	5	7	15	26	27	13	6	24	11	
1661_A/Changsha/1/2014_H5 12	7	9	4	21	6	16	6	5	12	0	0	8	4	1	9	10	10	7	3	9	5	3	3	13	12	22	5	13	5	9	4	20	8	26	11	12	12	23	9	17	34	22	20	36	6	28	16	8	12	18	6	9	9	14	3	7	16	27	22	11	4	23	16	
1662_A/China/Original/201 11	7	9	3	22	7	16	7	2	12	0	0	10	3	1	9	12	10	7	3	7	6	3	3	12	10	22	5	15	6	9	4	20	8	26	12	12	13	22	9	16	32	22	22	37	6	28	13	8	11	18	6	9	10	14	3	9	15	30	21	10	5	20	18	
1663_A/Chlidonias_hybrida 12	8	9	4	21	7	16	6	7	12	0	0	11	2	1	9	8	10	7	1	9	5	3	4	6	15	23	3	17	3	8	4	18	9	23	9	12	13	25	13	16	35	22	23	37	3	29	16	8	12	21	3	6	8	11	6	8	15	24	21	13	6	26	16	
1664_A/Commom_Teal/Ningxi 11	5	8	4	22	8	17	6	7	12	0	0	8	4	1	9	10	9	5	3	9	5	5	4	9	14	25	4	15	4	7	3	18	9	21	10	13	12	27	12	15	34	20	14	37	5	31	21	7	13	21	4	8	7	11	4	8	16	26	24	13	5	25	14	
1665_A/Copsychus_saularis 11	7	9	4	22	6	16	6	5	12	0	0	8	4	1	9	10	10	7	3	9	5	3	3	13	12	22	5	13	5	9	4	19	8	27	13	13	13	21	8	15	33	23	19	37	6	28	16	9	12	19	5	8	9	13	3	7	16	30	27	11	4	21	12	
1666_A/Cygnus_atratus/Hub 13	7	8	4	20	7	17	6	9	12	0	0	10	3	1	9	8	10	6	2	9	4	4	3	7	15	23	3	15	3	8	4	18	10	23	9	12	12	26	13	14	34	22	20	37	5	26	21	6	13	22	4	9	8	10	5	8	18	26	25	14	2	24	12	
1667_A/Cygnus_atratus/Hub 13	7	8	4	20	7	17	6	9	12	0	0	10	3	1	9	8	10	6	2	10	4	4	3	6	16	23	3	15	2	8	4	18	10	23	9	12	12	26	13	15	34	22	20	37	5	26	21	6	13	22	3	9	8	10	5	7	18	26	26	14	2	24	12	
1668_A/Cygnus_columbianus 12	8	9	4	21	7	16	6	7	12	0	0	11	2	1	9	8	10	7	1	9	5	3	4	6	15	23	3	17	3	8	4	17	9	23	9	13	13	25	13	16	35	23	23	37	3	28	16	8	12	21	3	6	8	11	6	7	16	24	21	14	5	26	16	
1669_A/Cygnus_columbianus 12	8	9	4	21	7	16	6	7	12	0	0	11	2	1	9	8	10	7	1	9	5	3	4	6	15	23	3	17	3	8	4	18	9	23	9	12	13	25	13	16	35	23	23	37	3	28	16	8	12	21	3	6	8	11	6	7	16	24	21	14	5	26	16	
1670_A/Cygnus_columbianus 12	8	9	4	21	7	16	6	7	12	0	0	11	2	1	9	8	10	7	1	9	5	3	4	6	16	23	3	17	2	8	4	18	9	23	9	12	13	25	13	16	35	22	23	37	3	28	17	8	12	21	3	6	8	11	5	7	16	24	22	14	5	26	16	
1671_A/Cygnus_columbianus 12	8	9	4	21	7	16	6	6	12	0	0	11	2	1	9	7	10	7	1	10	5	3	4	7	15	23	3	17	3	8	4	17	9	23	9	13	13	25	13	16	35	23	23	37	3	28	16	8	12	22	3	6	8	10	6	7	16	24	21	14	5	26	16	
1672_A/Cygnus_columbianus 12	8	9	4	21	7	16	6	7	12	0	0	11	2	1	9	8	10	7	1	9	5	3	4	6	15	23	3	17	3	8	4	18	9	22	10	12	13	25	13	16	35	23	23	37	3	28	16	8	12	21	3	6	8	11	6	7	16	24	21	14	5	26	16	
1673_A/Cygnus_columbianus 12	8	9	4	21	7	16	6	7	12	0	0	11	2	1	9	8	10	7	1	9	5	3	4	6	15	23	3	17	3	8	4	18	9	23	9	12	13	25	13	16	35	22	23	37	3	29	16	8	12	21	3	6	8	11	6	8	15	24	21	13	6	26	16	
1674_A/Cygnus_columbianus 12	8	9	4	21	7	16	6	7	12	0	0	11	2	1	9	8	10	7	1	9	5	3	4	6	15	23	3	17	3	8	4	18	9	23	9	12	13	25	13	16	35	23	23	37	3	27	17	8	12	21	3	6	8	11	6	7	16	24	21	14	5	26	16	
1675_A/Duck/Dongting/D76- 13	8	7	5	20	7	18	5	6	10	0	0	11	4	1	9	10	10	6	1	8	5	4	4	8	14	23	2	15	3	8	5	18	9	21	10	12	13	27	12	15	34	18	21	37	4	33	18	7	11	22	2	9	10	11	4	8	18	25	29	12	3	25	10	
1676_A/Duck/Jiangxi/631/2 11	8	8	6	21	8	17	4	4	10	0	0	10	4	1	9	12	10	6	2	6	4	4	3	9	15	19	3	17	3	12	5	18	10	28	8	11	10	21	14	16	36	24	19	37	4	28	18	8	11	19	3	8	11	12	6	7	15	24	31	13	5	25	7	
1677_A/Falcated_Duck/Ning 12	6	7	4	21	7	18	6	6	12	0	0	9	4	1	9	10	8	5	3	8	4	5	4	7	16	24	4	18	4	7	3	19	10	21	11	12	12	26	11	15	33	21	16	37	6	30	21	6	13	23	3	9	7	9	5	8	16	24	27	12	6	26	11	
1678_A/Ferruginous_Pochar 12	6	9	4	21	7	16	6	6	12	0	0	8	4	1	9	10	8	6	3	8	5	4	4	8	16	24	4	18	3	7	3	19	9	21	11	12	13	26	11	15	33	19	15	37	6	32	22	6	13	23	3	9	7	9	5	8	16	23	26	12	6	27	12	
1679_A/Gadwall/Ningxia/47 10	7	9	4	23	6	16	6	5	12	0	0	8	4	1	9	10	10	6	3	9	5	4	3	13	11	22	5	13	6	9	4	20	8	24	11	12	13	24	9	16	34	21	19	37	6	29	17	8	12	19	6	9	9	13	3	6	16	29	22	11	4	22	16	
1680_A/Gallinula_chloropu 11	7	9	4	22	6	16	6	5	12	0	0	8	4	1	9	10	10	7	3	9	5	3	3	13	12	22	5	13	5	9	4	19	8	27	13	13	13	22	8	15	34	22	20	37	6	28	16	9	12	19	5	8	9	13	3	7	15	30	25	11	4	21	13	
1681_A/Guangdong/1/2008_H 11	7	9	5	22	6	16	5	6	11	0	0	11	4	1	9	10	10	7	2	10	5	3	2	11	13	22	7	11	4	9	4	19	10	28	11	13	8	21	10	16	35	25	17	37	7	27	18	6	11	21	5	11	9	11	3	7	19	29	25	10	2	21	13	
1682_A/Guangdong/2/2006_H 11	8	9	5	22	5	16	5	6	12	0	0	11	3	1	9	10	9	7	2	9	6	3	2	9	12	22	7	14	5	9	5	19	10	27	9	13	10	22	12	16	33	23	19	37	7	29	15	7	12	21	5	10	8	11	3	5	19	28	24	12	2	22	14	
1683_A/Guangdong/lgf/2021 9	4	13	3	23	8	13	7	10	13	0	0	9	4	1	9	11	12	5	2	8	2	5	2	8	14	21	4	13	4	10	5	16	7	29	9	13	13	20	12	16	34	24	25	36	7	25	15	8	12	16	3	9	10	14	6	10	17	21	27	10	2	30	10	
1684_A/Guangxi/1/2005_H5N 10	8	9	5	22	6	16	4	7	11	0	0	10	4	1	9	10	10	7	2	10	5	4	2	9	12	22	7	14	5	10	4	19	11	28	10	13	8	20	11	16	34	24	18	37	7	28	16	7	11	21	5	9	9	11	4	6	18	29	25	11	3	21	13	
1685_A/Guangxi/1/2008_H5N 12	7	9	5	21	6	16	5	6	11	0	0	10	4	1	9	10	10	7	2	9	7	3	2	10	10	22	7	14	5	9	4	20	11	28	10	13	9	21	11	16	33	22	17	36	6	29	19	6	11	21	5	11	9	11	3	7	19	28	26	11	2	22	12	
1686_A/Guangzhou/39715/20 10	7	9	4	23	7	16	6	6	12	0	0	8	3	1	9	11	10	7	3	8	5	3	3	12	12	22	5	13	5	9	4	20	8	27	11	13	12	22	9	16	34	22	20	37	6	28	16	8	12	19	6	8	9	13	3	6	16	29	20	11	4	22	18	
1687_A/Guizhou/1/2009_H5N 11	7	9	5	22	7	16	5	6	11	0	0	10	4	1	9	10	10	7	2	9	6	3	2	10	11	21	7	15	5	10	4	20	10	26	10	13	8	22	11	16	32	23	19	35	9	29	17	8	11	19	5	8	10	12	3	8	18	30	26	10	2	21	12	
1688_A/Hunan/1/2008_H5N1| 11	8	9	5	22	6	16	5	6	11	0	0	10	3	1	9	10	9	6	2	7	6	4	2	11	13	19	7	14	4	12	4	17	11	29	10	16	8	20	12	17	32	24	19	37	8	30	14	7	11	22	4	10	9	10	4	7	19	28	23	10	2	22	14	
1689_A/Hunan/2/2009_H5N1| 11	7	9	5	22	7	16	5	7	11	0	0	9	4	1	9	10	10	7	3	9	6	3	1	10	11	21	7	15	5	10	4	19	11	27	11	14	8	21	11	17	31	24	18	34	9	28	17	8	11	19	5	8	10	12	3	7	18	30	25	11	2	21	13	
1690_A/Japanese_white-eye 11	8	9	5	22	6	16	5	7	10	0	0	8	4	1	9	10	9	7	2	9	6	3	2	10	12	22	7	16	5	9	5	20	7	27	12	11	12	22	9	15	32	25	19	37	8	24	17	9	12	19	6	9	10	13	2	7	18	31	24	10	2	20	14	
1691_A/Nanjing/1/2015_H5N 12	7	7	5	21	8	18	5	7	12	0	0	12	2	1	9	9	7	6	2	8	5	4	3	12	15	22	1	10	5	9	6	19	11	21	9	11	11	26	14	15	31	24	19	36	7	27	20	9	10	21	4	8	11	11	5	6	17	25	23	14	4	24	15	
1692_A/Northern_Shoveler/ 10	7	9	4	23	6	16	6	5	12	0	0	9	4	1	9	10	10	6	3	9	5	4	3	13	11	22	5	12	6	9	4	20	9	23	12	11	12	25	8	17	34	21	19	37	6	29	17	8	12	19	6	9	9	13	3	6	16	29	23	11	4	22	15	
1693_A/Pavo_cristatus/Chi 15	8	10	5	18	7	15	5	5	14	0	0	12	1	1	9	11	11	6	2	6	3	4	2	10	13	19	6	13	5	12	5	18	10	23	10	12	10	25	12	16	32	24	22	37	8	25	16	7	11	21	5	14	8	11	4	4	18	27	29	11	4	22	9	
1694_A/Pavo_cristatus/Chi 15	8	10	5	18	7	15	5	5	14	0	0	12	1	1	9	11	11	6	2	6	3	4	2	10	13	19	6	13	5	12	5	18	10	23	10	12	10	25	12	16	32	24	22	37	8	25	16	7	11	21	5	14	8	11	4	4	18	27	29	11	4	22	9	
1695_A/Pavo_cristatus/Jia 10	7	9	4	23	7	16	6	4	12	0	0	8	3	1	9	12	10	8	3	7	5	2	3	13	11	21	5	14	6	10	4	20	8	24	10	13	13	25	10	17	34	24	22	36	5	25	15	7	12	19	5	9	9	13	4	8	15	28	18	10	5	22	20	
1696_A/Rattus_norvegicus/ 13	9	11	5	20	6	14	5	7	12	0	0	9	2	1	9	12	14	7	2	6	2	3	2	11	13	21	2	12	3	10	6	22	8	23	9	9	12	27	11	16	29	27	26	36	13	24	13	9	9	21	4	9	12	11	5	6	16	31	28	10	5	18	10	
1697_A/Shandong/1/2009_H5 11	7	9	5	22	6	16	5	6	10	0	0	11	4	1	9	10	10	7	2	11	4	3	2	10	13	22	7	13	3	9	4	21	11	28	11	12	8	21	10	15	35	25	17	37	6	27	18	6	11	21	5	11	9	11	3	7	20	29	24	10	2	21	14	
1698_A/Spatula_querquedul 14	7	8	4	19	8	17	6	6	11	0	0	11	3	1	9	10	9	5	2	8	5	6	3	7	14	20	4	16	4	11	3	19	10	20	10	12	11	27	12	15	31	24	22	37	7	28	17	5	12	20	4	9	9	12	3	6	18	23	30	15	4	26	9	
1699_A/Syrrhaptes_paradox 12	7	9	4	21	6	16	6	5	11	0	0	8	5	1	9	10	10	7	3	9	5	3	3	13	12	21	6	13	5	10	4	20	9	26	11	14	11	23	9	15	35	21	20	37	5	29	15	7	12	19	6	8	10	13	3	6	16	28	22	11	4	23	16	
1700_A/Taiwan/DV413/2006_ 14	7	10	5	19	7	15	5	5	11	0	1	8	3	0	9	9	12	5	3	11	3	5	1	9	13	18	4	15	4	13	5	15	11	26	8	14	10	22	15	17	36	21	18	37	3	30	20	9	14	20	4	11	10	11	4	7	16	25	27	9	3	26	11	
1701_A/Taiwan/DV518/2006_ 14	7	10	5	19	7	15	5	5	11	0	1	8	3	0	9	9	12	5	3	11	3	5	1	10	13	18	4	14	4	13	5	15	11	26	8	14	10	22	15	17	36	21	18	37	3	30	20	9	14	20	4	11	10	11	4	7	16	25	27	9	3	26	11	
1702_A/Whooper_Swan/Sanme 12	7	8	4	21	7	17	6	9	12	0	0	10	3	1	9	8	10	6	2	10	4	4	3	6	15	24	3	15	3	7	4	18	10	24	9	12	12	25	13	15	34	22	20	37	5	26	21	6	13	22	3	8	9	10	5	7	17	26	26	14	3	24	12	
1703_A/Wild_bird/Huadong/ 12	8	9	4	21	7	16	6	7	13	0	0	11	2	1	9	8	9	7	1	9	6	3	4	6	14	24	3	17	3	7	4	18	9	24	9	12	13	25	13	16	35	22	22	37	3	28	18	8	12	20	3	6	8	11	5	7	16	24	23	14	5	26	15	
1704_A/Wild_bird/Huadong/ 12	8	8	5	21	7	18	5	7	12	0	0	13	2	1	9	9	7	5	2	8	5	5	3	12	15	22	1	9	5	9	6	18	10	22	8	12	12	26	14	15	28	24	20	36	10	27	19	9	10	21	4	8	11	10	5	6	17	25	24	14	4	24	14	
1705_A/Wild_bird/Huadong/ 12	7	9	3	21	7	16	7	5	11	0	0	8	4	1	9	12	9	7	3	7	7	3	3	12	10	21	5	14	6	9	5	20	8	26	12	12	13	22	9	16	32	21	20	36	7	29	15	8	10	18	6	9	11	14	3	9	14	30	19	10	6	20	20	
1706_A/Wild_bird/Huadong/ 11	8	9	4	23	8	16	6	8	9	0	0	8	3	1	9	11	8	6	2	7	5	5	2	12	14	20	6	12	5	11	4	20	9	24	14	11	12	22	8	16	30	25	20	35	9	24	19	9	10	19	6	8	11	14	2	8	18	30	23	11	2	21	15	
1707_A/Wild_bird/Huadong/ 12	7	9	3	21	7	16	7	4	11	0	0	9	4	1	9	12	9	7	3	7	7	3	3	12	10	21	5	14	6	9	5	20	8	26	12	12	13	22	9	16	32	20	20	36	7	30	15	8	10	18	6	9	11	14	3	9	14	30	19	10	6	20	20	
1708_A/Wild_bird/Huadong/ 12	9	11	5	21	6	14	5	7	13	0	0	9	1	1	9	10	14	7	2	5	2	3	2	11	10	23	2	13	6	8	7	24	9	24	9	9	12	25	12	17	31	27	24	36	10	25	13	10	10	22	4	7	10	10	5	8	18	30	30	9	3	19	8	
1709_A/Wild_bird/Huadong/ 15	8	10	6	18	6	15	4	5	14	0	0	13	1	1	9	11	11	6	2	7	3	4	2	11	12	18	4	12	6	13	6	17	9	23	10	12	11	25	12	17	33	24	25	36	7	25	13	8	14	21	6	12	9	12	3	5	17	27	28	10	2	22	10	
1710_A/Wild_bird/Huadong/ 11	8	9	5	22	7	16	5	7	9	0	0	9	4	1	9	13	8	7	2	7	5	4	2	10	13	20	7	14	6	10	4	21	8	26	13	11	12	22	9	15	32	25	20	36	8	24	17	9	10	19	6	8	11	13	2	6	18	31	25	12	2	20	13	
1711_A/Wild_bird/Huadong/ 11	7	10	4	23	7	15	6	5	12	0	0	9	3	1	9	12	10	7	3	7	7	3	3	13	11	21	6	12	7	10	3	20	9	26	10	13	12	24	10	17	33	27	21	36	5	23	14	6	11	19	6	9	9	12	3	9	14	28	19	9	5	23	19	
1712_A/Wild_bird/Huadong/ 12	7	9	3	21	7	16	7	4	11	0	0	9	4	1	9	12	9	7	3	7	7	3	3	12	10	21	5	14	6	9	5	20	8	26	12	12	13	22	9	16	32	21	20	36	7	29	15	8	10	18	6	9	11	14	3	9	14	30	19	10	6	20	20	
1713_A/Wild_bird/Huadong/ 13	9	11	5	20	6	14	5	7	12	0	0	11	2	1	9	9	13	7	2	7	2	3	2	10	11	22	1	12	6	9	8	22	9	24	9	9	11	25	12	16	32	27	25	37	9	25	12	11	10	23	4	8	11	9	5	7	18	30	28	9	3	19	10	
1714_A/Wild_bird/Huadong/ 10	7	10	4	23	7	15	6	5	12	0	0	9	3	1	9	12	9	7	3	7	6	3	3	13	10	21	5	12	7	10	4	20	8	25	10	13	12	24	11	17	34	23	23	36	5	27	14	8	12	19	5	9	9	12	3	9	15	28	19	9	5	22	19	
1715_A/Wild_bird/Huadong/ 13	9	11	5	20	6	14	5	7	12	0	0	11	2	1	9	9	13	7	2	7	2	3	2	10	11	22	1	12	6	9	8	22	9	24	9	9	11	25	12	17	32	27	25	36	9	25	12	11	10	22	4	8	11	10	5	7	18	30	29	9	3	19	9	
1716_A/Wild_bird/Huadong/ 12	7	9	4	21	7	16	7	5	11	0	0	9	4	1	8	12	9	7	3	7	7	3	3	11	10	21	5	14	6	9	5	20	8	26	12	12	13	22	9	16	32	21	20	36	7	29	15	8	10	18	6	9	11	14	3	9	14	30	19	10	6	20	20	
1717_A/Xinjiang/1/2009_H5 11	7	10	6	22	6	15	5	7	11	0	0	11	4	1	9	10	9	7	3	9	6	3	1	8	13	22	7	14	4	9	5	19	11	27	10	14	9	21	10	17	33	25	18	36	7	28	16	8	10	21	4	9	10	12	4	4	19	27	24	12	2	22	14	
1718_A/Yangzhou/125/2022_ 18	7	9	5	15	6	16	5	5	14	0	0	13	2	1	9	10	10	6	2	8	4	4	2	11	13	20	6	11	5	10	5	16	11	24	9	13	9	26	11	17	32	26	22	36	7	26	14	9	14	21	4	12	7	11	5	5	18	28	30	11	3	21	8	
1719_A/avian/Hong_Kong/07 10	7	9	5	23	6	16	5	6	11	0	0	10	4	1	9	12	10	7	2	8	5	3	2	10	12	22	7	13	5	9	4	19	10	28	10	12	9	21	11	17	35	23	18	36	6	27	18	6	11	21	5	12	9	11	3	6	19	28	26	11	2	22	13	
1720_A/avian/Hong_Kong/19 10	7	10	5	23	6	15	5	6	11	0	0	10	4	1	9	12	10	7	2	8	5	3	2	10	12	22	7	13	5	9	4	19	10	28	10	12	9	21	11	17	35	23	18	36	6	27	18	6	11	21	5	12	9	11	3	6	19	28	26	11	2	22	13	
1721_A/avian/Hong_Kong/23 10	7	9	5	23	6	16	5	6	11	0	0	10	4	1	9	12	10	7	2	8	5	3	2	10	12	22	7	13	5	9	4	19	10	28	10	12	9	21	11	17	35	23	18	36	6	27	18	6	11	21	5	12	9	11	3	6	19	28	26	11	2	22	13	
1722_A/baikal_teal/Xiangh 13	7	6	4	20	7	19	7	6	13	0	0	12	2	1	9	9	9	6	2	9	5	4	2	10	14	22	2	12	4	9	5	19	11	21	10	11	10	27	12	15	33	23	19	37	6	28	20	6	12	22	3	11	9	10	5	6	16	25	25	13	5	25	13	
1723_A/bar-headed_goose/Q 12	7	9	6	21	6	16	3	7	11	0	0	13	4	1	9	8	9	6	2	9	7	4	2	6	16	17	7	15	7	9	4	17	10	27	9	15	10	22	11	15	33	25	20	37	7	26	15	9	12	21	8	8	10	11	4	6	19	32	27	11	1	18	9	
1724_A/bar-headed_goose/T 11	7	9	5	22	6	16	3	7	11	0	0	13	4	1	9	10	9	7	4	7	9	4	2	7	13	22	5	15	5	10	4	17	10	26	9	15	10	22	11	15	34	24	20	36	5	28	14	9	12	21	7	8	10	11	5	6	18	30	28	11	1	20	8	
1725_A/black_chicken/Jian 11	7	9	4	22	6	16	6	5	12	0	0	8	4	1	9	11	10	7	3	9	5	3	2	12	12	22	7	13	5	8	4	24	10	27	13	9	12	22	8	16	33	24	18	37	6	28	16	7	11	19	5	10	9	13	4	6	17	29	22	10	3	22	15	
1726_A/brown-headed_gull/ 12	7	10	5	21	7	15	5	6	10	0	0	9	4	1	9	10	9	8	2	9	6	2	2	10	13	22	7	15	4	9	5	18	11	26	10	14	9	22	11	16	33	26	19	37	7	26	15	8	10	20	5	9	10	14	2	7	18	27	25	10	3	22	14	
1727_A/brown-headed_gull/ 12	7	10	5	21	7	15	5	6	10	0	0	10	4	1	9	10	9	8	2	9	6	2	2	10	13	23	7	14	5	9	5	18	11	26	10	15	9	23	10	17	34	23	19	36	6	26	16	8	10	20	7	9	10	13	2	7	18	27	24	10	3	22	13	
1728_A/canvasback/Xiangha 13	7	6	4	20	7	19	6	9	11	0	0	10	4	1	9	9	9	6	2	9	5	4	3	9	14	22	2	12	4	9	5	19	10	21	9	11	11	27	13	15	33	22	20	37	6	29	19	6	12	21	3	11	9	11	4	6	16	26	26	13	5	24	13	
1729_A/cat/Sichuan/SC18/2 10	7	9	4	23	6	16	6	5	13	0	0	8	3	1	9	11	10	7	3	9	5	3	2	12	12	22	7	13	5	8	4	24	10	27	13	9	12	22	8	16	33	24	17	37	6	29	16	7	11	19	4	10	9	13	5	6	16	29	23	10	4	22	14	
1730_A/cat/Zhejiang/C1/20 10	4	8	6	23	7	17	4	6	13	0	0	15	4	1	9	6	8	7	1	12	6	3	3	5	13	17	3	13	5	13	5	19	8	24	9	11	13	25	12	15	31	26	19	38	6	26	20	8	12	21	2	10	10	13	8	7	18	25	24	13	3	23	12	
1731_A/cat/Zhejiang/C2/20 10	5	8	6	23	6	17	4	6	14	0	0	14	3	1	9	6	8	8	1	12	6	2	3	5	13	17	3	14	5	13	5	20	8	25	10	10	13	24	11	14	33	26	20	38	5	26	19	8	12	21	1	10	9	13	10	7	19	22	24	13	3	26	11	
1732_A/chicken/Anhui/MZ33 10	5	9	6	23	6	17	4	6	14	0	0	14	3	1	9	6	8	7	1	12	6	2	3	6	14	17	3	13	4	13	5	19	8	24	10	11	13	25	11	14	31	27	20	38	7	25	19	8	12	22	1	10	9	12	10	6	19	23	23	14	3	25	12	
1733_A/chicken/Anhui/MZ34 10	5	9	6	23	6	17	4	6	14	0	0	14	3	1	9	6	8	7	1	12	6	2	3	6	14	17	3	13	4	13	5	19	8	24	10	11	13	24	11	14	31	28	20	38	7	25	19	8	12	22	1	10	9	12	10	6	19	23	24	14	3	25	11	
1734_A/chicken/Beijing/BJ 9	6	7	6	24	5	18	4	7	14	0	0	14	3	1	9	6	8	7	1	12	6	3	3	5	12	19	3	14	6	11	5	19	8	26	10	11	12	22	12	14	32	29	18	36	7	24	20	8	13	24	2	9	9	10	8	6	18	23	27	16	3	24	10	
1735_A/chicken/CH/a556/20 15	8	10	5	18	5	15	5	5	13	0	0	12	3	1	9	10	11	7	0	9	4	3	5	11	14	15	4	9	3	16	4	15	15	29	12	14	10	19	11	16	34	21	18	39	3	28	21	10	14	19	4	6	6	12	7	14	17	32	24	6	4	18	11	
1736_A/chicken/Changhua/1 10	8	6	5	23	6	19	5	10	14	0	0	9	1	1	9	9	12	6	2	9	3	4	3	7	14	20	4	13	3	11	5	17	10	23	7	13	10	26	15	15	38	22	23	39	2	28	15	6	11	19	3	10	10	12	5	5	16	28	28	14	5	22	10	
1737_A/chicken/Changhua/1 10	8	6	5	23	6	19	5	10	14	0	0	9	1	1	9	9	12	6	2	9	3	4	3	7	14	20	4	13	3	11	5	17	10	23	7	13	10	26	15	15	38	22	23	39	2	28	15	6	11	19	3	10	10	12	5	5	16	28	28	14	5	22	10	
1738_A/chicken/Changhua/1 10	8	6	5	23	6	19	5	10	14	0	0	9	1	1	9	9	12	6	2	9	3	4	3	7	14	20	4	13	3	11	5	17	10	23	7	13	10	26	15	15	38	22	22	39	2	28	16	6	11	19	3	10	10	12	5	5	16	28	27	14	5	22	11	
1739_A/chicken/Changhua/1 10	8	6	5	23	6	19	5	10	14	0	0	9	1	1	9	9	12	6	2	9	3	4	3	7	14	20	4	13	3	11	5	16	11	23	8	13	10	26	14	15	38	22	23	39	2	28	15	6	11	19	3	10	10	12	5	5	16	28	28	14	5	22	10	
1740_A/chicken/Changhua/1 10	8	6	5	23	6	19	5	11	14	0	0	8	1	1	9	9	12	6	2	9	3	4	3	7	14	20	4	13	3	11	5	17	10	23	7	13	10	26	15	15	38	22	23	39	2	28	15	6	11	19	3	10	10	12	5	5	16	28	28	14	5	22	10	
1741_A/chicken/Changhua/1 10	8	6	5	23	6	19	5	11	14	0	0	9	1	1	9	9	12	6	2	9	3	4	3	7	14	20	4	13	3	11	5	17	10	23	7	13	10	26	15	15	38	22	23	38	2	28	15	6	11	19	3	10	10	12	5	5	16	28	28	14	5	22	10	
1742_A/chicken/Changhua/1 13	5	12	5	20	8	13	5	7	12	0	1	12	4	0	9	8	12	6	4	9	5	4	0	8	11	21	2	13	4	11	7	18	9	24	9	12	13	25	11	17	36	24	25	36	3	28	12	8	11	19	6	10	9	12	4	8	18	28	24	11	3	23	12	
1743_A/chicken/Changhua/1 13	5	12	5	20	8	13	5	7	12	0	1	11	4	0	9	9	12	6	4	8	5	4	0	8	11	21	2	14	4	11	7	18	9	26	9	12	13	23	11	17	36	24	24	36	3	28	13	8	11	19	6	10	9	12	4	8	18	28	24	11	3	23	12	
1744_A/chicken/Changhua/1 13	5	12	5	20	8	13	5	7	12	0	1	12	4	0	9	9	12	6	4	8	5	4	0	8	11	21	2	13	4	11	7	18	9	25	9	12	13	24	11	17	36	24	24	36	3	28	13	8	11	19	6	10	9	12	4	8	18	28	24	11	3	23	12	
1745_A/chicken/Changhua/1 13	5	12	5	20	8	13	5	7	12	0	1	11	4	0	9	9	12	6	4	8	5	4	0	8	11	21	2	14	4	11	7	18	9	25	9	12	13	24	11	17	36	24	24	36	3	28	13	8	11	19	6	10	9	12	4	8	18	29	24	11	3	22	12	
1746_A/chicken/Changhua/1 10	8	6	5	23	6	19	5	10	14	0	0	10	0	1	9	9	12	6	2	9	3	4	3	7	14	20	4	13	3	11	5	17	10	22	7	13	10	27	14	15	38	22	23	39	2	28	15	6	11	19	3	10	10	12	6	5	16	27	28	14	5	23	10	
1747_A/chicken/Changhua/1 11	7	9	4	22	8	16	6	4	11	0	0	11	3	1	9	9	10	7	2	9	4	3	3	10	11	22	3	14	7	10	6	14	9	24	7	16	10	24	15	15	37	22	17	37	3	29	20	6	12	22	3	11	9	10	5	7	18	25	24	12	4	25	14	
1748_A/chicken/Changhua/1 10	8	6	5	23	6	19	5	10	14	0	0	10	0	1	9	9	12	6	2	9	3	4	3	7	14	20	4	13	3	11	5	15	10	22	7	14	10	27	15	15	38	22	23	38	2	28	15	7	11	19	3	10	10	12	5	5	16	27	28	15	5	23	10	
1749_A/chicken/Changhua/1 11	7	9	4	22	8	16	6	4	12	0	0	11	2	1	9	10	9	7	2	9	4	3	3	10	11	22	3	14	7	10	6	14	9	24	7	16	10	24	15	15	37	22	17	37	3	29	20	6	12	22	4	11	9	10	4	7	18	25	24	12	4	25	14	
1750_A/chicken/Changhua/1 10	8	6	5	23	6	19	5	10	14	0	0	10	0	1	9	9	12	6	2	9	3	4	3	7	14	19	4	13	3	12	5	17	10	22	7	12	10	27	15	16	37	21	23	39	2	29	15	6	11	19	1	10	10	12	7	6	16	26	28	14	5	24	10	
1751_A/chicken/Changhua/1 10	8	6	5	23	6	19	5	11	15	0	0	9	1	1	9	9	12	6	2	9	3	4	3	6	14	20	4	13	3	11	5	17	10	24	8	13	10	25	14	15	37	22	23	39	3	28	15	7	11	20	3	10	11	12	3	6	15	28	29	12	5	21	10	
1752_A/chicken/Changhua/1 10	8	7	5	23	5	18	5	10	15	0	0	11	0	1	9	9	12	6	2	9	3	4	3	7	14	19	3	12	3	12	5	17	10	23	7	13	10	26	15	14	38	21	24	39	2	29	15	7	11	19	2	9	10	12	6	6	16	27	28	14	5	23	10	
1753_A/chicken/Changhua/1 10	9	7	5	23	4	18	5	10	15	0	0	11	0	1	9	9	12	6	2	9	3	4	3	7	14	17	2	12	3	14	5	17	10	23	8	14	10	26	14	13	38	22	25	38	2	27	16	7	11	20	2	9	10	12	6	7	15	25	28	14	6	24	10	
1754_A/chicken/Changhua/1 10	8	6	5	23	5	19	5	10	15	0	0	11	0	1	9	9	12	7	2	9	3	3	3	7	14	18	5	12	3	13	3	17	10	24	9	14	9	27	13	14	36	21	23	39	2	29	16	7	11	19	2	9	10	12	6	7	13	27	28	14	8	22	10	
1755_A/chicken/Chiayi/150 10	8	6	5	23	6	19	5	10	13	0	0	9	1	1	9	9	12	6	2	9	3	4	3	7	15	20	4	13	3	11	5	17	10	22	7	13	10	27	15	15	38	22	23	39	2	28	15	6	11	19	3	10	10	12	5	5	16	28	28	14	5	22	10	
1756_A/chicken/Chiayi/150 10	8	6	5	23	6	19	5	11	14	0	0	8	1	1	9	9	12	6	2	9	3	4	3	7	14	20	4	13	3	11	5	17	10	23	7	13	10	26	15	15	38	22	23	39	2	27	16	6	11	19	3	10	10	12	5	5	16	28	28	14	5	22	10	
1757_A/chicken/Chiayi/150 11	7	9	4	22	8	16	6	4	11	0	0	11	3	1	9	9	10	7	2	9	4	3	3	10	11	22	3	14	7	10	6	15	9	24	7	15	10	24	15	15	37	22	17	37	3	29	20	6	12	22	4	11	9	10	4	7	18	25	24	12	4	25	14	
1758_A/chicken/Chiayi/170 10	9	8	5	23	4	17	5	10	15	0	0	11	0	1	9	9	12	6	2	9	3	4	3	7	14	18	3	12	3	13	5	17	9	23	7	14	10	26	15	13	38	21	24	39	2	29	15	7	12	19	2	9	10	13	6	6	15	27	28	14	6	22	10	
1759_A/chicken/Chiayi/181 10	8	6	5	23	6	19	5	6	11	0	0	13	4	1	9	8	9	5	2	10	5	5	3	7	14	20	3	15	4	11	5	18	11	21	8	12	10	27	14	14	32	22	20	37	7	30	17	7	14	22	4	9	8	10	4	8	14	26	28	12	6	24	10	
1760_A/chicken/China/007/ 11	7	9	4	22	7	16	6	6	12	0	0	8	3	1	9	13	10	7	3	6	5	3	3	10	13	21	5	15	4	10	4	20	8	25	12	12	14	23	9	17	32	23	21	36	6	27	15	7	12	17	7	9	8	15	2	9	16	29	21	10	5	21	17	
1761_A/chicken/China/1101 14	6	9	4	19	7	16	6	3	13	0	0	10	3	1	9	11	9	8	4	8	6	2	2	13	11	21	5	13	6	10	4	21	9	26	11	12	13	22	10	17	32	25	21	35	6	26	15	8	10	17	5	10	11	15	4	8	15	28	21	9	5	21	17	
1762_A/chicken/China/Cang 14	7	7	4	19	8	18	6	6	11	0	0	11	3	1	9	10	9	5	2	8	5	5	3	7	15	20	4	16	3	11	3	19	10	20	9	12	11	28	12	15	31	24	20	37	7	28	18	5	12	20	4	9	9	12	4	7	18	23	29	14	4	27	10	
1763_A/chicken/China/E93/ 12	8	10	7	21	5	15	3	5	11	0	0	14	3	1	9	9	10	7	2	11	4	3	2	13	12	21	6	9	5	10	5	20	9	28	12	11	12	19	10	16	32	26	18	39	8	25	18	5	10	22	3	12	11	10	5	6	18	27	24	10	2	23	14	
1764_A/chicken/China/E96/ 12	8	10	7	21	5	15	3	5	11	0	0	14	3	1	9	9	10	7	2	11	4	3	2	13	13	21	6	9	4	10	5	20	9	28	12	11	12	19	10	16	32	26	18	39	8	25	18	5	10	22	3	12	12	10	5	6	17	27	24	10	2	23	14	
1765_A/chicken/Chiping/03 9	5	7	6	24	5	18	4	7	14	0	0	13	4	1	9	6	9	7	1	12	5	3	3	5	12	18	4	15	6	12	4	19	8	28	10	12	12	21	11	14	33	28	18	36	6	24	21	7	13	21	3	8	9	12	8	5	19	24	26	17	3	24	10	
1766_A/chicken/Dongguan/2 11	7	9	4	22	6	16	6	5	12	0	0	8	4	1	9	10	10	7	3	9	5	3	3	13	12	21	5	13	5	10	4	20	8	26	11	13	12	23	9	16	35	22	20	37	6	28	16	8	12	19	6	8	9	13	3	6	15	29	21	11	4	22	17	
1767_A/chicken/Dongguan/3 11	7	9	4	22	6	16	6	5	12	0	0	8	4	1	9	10	10	8	3	9	5	2	3	13	12	22	5	13	5	9	4	20	8	26	11	13	12	23	9	16	34	22	21	37	6	28	15	9	12	19	6	7	9	13	3	6	16	30	23	11	4	21	15	
1768_A/chicken/Dongguan/4 11	7	9	4	22	6	16	6	5	12	0	0	8	4	1	9	10	10	7	3	9	5	3	3	13	12	22	5	13	5	8	5	20	8	25	11	13	12	24	9	16	34	22	20	37	6	28	16	8	12	19	6	8	9	13	3	6	16	30	21	11	4	21	17	
1769_A/chicken/Eastern_Ch 9	4	9	5	24	7	16	5	7	13	0	0	14	4	1	9	6	7	7	1	12	7	3	3	6	12	18	3	12	6	12	5	18	8	26	9	11	13	23	12	14	33	29	20	38	5	23	19	10	12	18	3	9	10	16	8	6	17	24	24	14	4	24	11	
1770_A/chicken/Eastern_Ch 9	4	9	5	24	7	16	5	7	13	0	0	15	3	1	9	6	7	7	1	12	7	3	3	6	12	18	3	12	6	12	5	19	8	26	9	11	13	23	12	14	33	29	20	38	5	23	19	9	12	18	3	9	10	16	8	6	17	24	24	14	4	24	11	
1771_A/chicken/Eastern_Ch 11	6	10	6	22	8	15	4	8	11	0	0	16	3	1	9	7	9	7	2	11	7	3	2	6	12	18	3	11	4	13	6	18	9	26	12	14	12	22	10	15	34	25	21	35	5	27	16	7	12	21	2	10	9	11	7	7	17	25	25	13	3	25	12	
1772_A/chicken/Eastern_Ch 11	8	10	6	21	6	15	4	8	9	0	0	11	4	1	9	9	9	8	2	9	5	2	2	10	12	22	7	14	5	9	5	18	11	26	11	14	10	22	11	16	34	24	20	37	7	27	15	8	13	21	6	9	9	12	3	7	15	25	23	9	5	23	14	
1773_A/chicken/Fujian/1/2 12	7	9	5	21	6	16	4	5	12	0	0	11	3	1	9	9	10	7	2	8	5	3	2	11	12	21	7	16	4	10	4	19	14	28	10	13	7	21	10	16	34	22	18	36	7	30	17	7	12	21	5	9	8	11	4	6	21	28	25	10	2	22	13	
1774_A/chicken/Fujian/11. 10	4	8	7	23	7	17	3	7	14	0	0	15	3	1	9	5	9	7	1	12	5	3	3	7	14	18	3	11	4	12	5	17	6	26	11	11	15	23	10	15	34	27	20	38	4	27	17	10	11	19	2	9	10	15	8	6	19	24	24	14	3	24	12	
1775_A/chicken/GY/a451/20 15	8	10	4	18	5	15	6	5	13	0	0	12	3	1	9	10	11	7	0	8	4	3	5	12	14	14	4	10	3	17	4	14	14	30	12	15	10	18	11	16	34	22	22	38	4	27	17	10	14	18	4	6	6	13	7	13	17	31	23	7	4	19	12	
1776_A/chicken/Gansu/5/20 11	8	10	7	22	5	15	3	8	11	0	0	10	4	1	9	9	10	7	2	11	4	3	2	12	11	21	6	10	6	10	5	20	9	29	11	11	12	19	10	15	32	26	18	38	8	25	18	6	10	22	3	12	12	10	5	6	17	27	25	11	2	23	13	
1777_A/chicken/Gansu/6/20 12	8	10	7	21	5	15	3	5	11	0	0	14	3	1	9	9	10	7	2	11	4	3	2	13	12	21	6	9	5	10	5	21	8	29	12	11	12	18	10	17	31	26	18	39	8	25	18	4	11	22	3	12	11	10	5	6	18	26	24	10	2	24	14	
1778_A/chicken/Ganzhou/GZ 10	7	9	4	23	7	16	6	5	12	0	0	8	3	1	9	12	10	7	3	7	5	3	3	13	11	21	5	13	6	10	4	20	8	25	11	12	13	23	10	17	32	24	22	36	6	26	14	8	12	19	6	9	9	13	3	8	16	27	20	10	5	23	18	
1779_A/chicken/Guangdong/ 11	8	10	6	22	5	15	4	7	11	0	0	12	4	1	9	10	10	7	3	9	5	3	1	9	11	21	6	12	6	10	5	18	9	27	10	14	12	22	11	15	32	22	22	37	7	29	14	9	11	22	5	9	10	10	4	6	19	30	28	11	1	20	9	
1780_A/chicken/Guangdong/ 10	5	9	6	23	6	17	4	6	13	0	0	14	4	1	9	6	8	7	1	12	6	2	3	6	14	16	4	13	4	13	5	19	8	24	10	11	13	25	11	14	31	27	20	38	7	25	19	8	12	22	1	10	9	12	10	6	19	23	23	14	3	25	12	
1781_A/chicken/Guangxi/16 14	9	10	5	19	6	15	5	8	13	0	0	9	1	1	9	10	15	8	2	6	1	2	2	10	10	22	2	13	6	9	7	22	9	25	11	9	13	24	10	17	31	27	25	37	9	24	13	11	10	21	4	6	11	11	4	9	17	31	30	8	3	18	9	
1782_A/chicken/Guangxi/S2 10	7	9	5	23	6	16	5	6	11	0	0	9	4	1	9	10	10	7	2	9	5	3	2	9	12	22	7	16	5	9	5	21	8	27	12	12	12	22	9	15	32	23	19	37	8	27	16	8	12	18	4	9	8	14	4	6	18	31	25	11	3	20	13	
1783_A/chicken/Guizhou/7/ 9	9	9	4	24	5	15	5	6	11	0	0	13	4	1	9	8	10	8	2	10	5	3	2	11	10	24	5	10	7	8	5	20	12	30	9	13	9	18	12	15	33	23	19	37	8	28	17	7	14	17	4	9	9	16	5	7	18	26	27	11	1	22	10	
1784_A/chicken/Hebei/1102 9	6	8	6	24	6	17	4	5	14	0	0	16	3	1	9	6	9	6	0	11	4	4	4	8	14	16	3	11	5	14	6	19	8	21	10	11	12	27	11	15	30	29	19	38	8	25	18	9	10	19	2	7	8	15	9	7	21	23	25	14	3	25	11	
1785_A/chicken/Hebei/1102 9	6	8	6	24	6	17	4	5	14	0	0	16	3	1	9	6	9	6	0	11	4	4	4	8	14	16	3	11	5	14	6	19	8	21	10	11	12	27	11	15	30	29	19	38	8	25	18	9	10	19	2	7	8	15	9	7	21	23	25	14	3	25	11	
1786_A/chicken/Hebei/3/20 10	6	7	6	23	5	18	4	7	13	0	0	13	4	1	9	6	8	8	1	12	6	2	3	5	12	17	4	16	6	13	4	18	9	27	10	12	12	22	11	14	34	29	17	34	5	26	20	7	12	21	2	9	10	13	8	6	18	23	25	16	3	25	11	
1787_A/chicken/Hebei/A-8/ 10	8	10	7	23	6	15	2	6	11	0	0	13	4	1	9	9	9	7	2	10	4	3	2	11	11	20	6	11	7	10	6	21	8	28	11	14	12	20	10	14	34	26	18	38	7	25	18	6	9	22	3	10	12	10	6	5	19	27	27	11	1	21	12	
1788_A/chicken/Heilongjia 11	6	9	4	22	6	16	6	5	12	0	0	9	5	1	9	10	10	7	3	9	5	3	3	14	12	22	5	11	5	9	4	22	8	27	11	13	12	22	9	16	34	22	20	35	6	25	18	7	12	18	6	10	9	14	3	5	16	27	24	11	4	24	15	
1789_A/chicken/Henan/A-7/ 11	7	9	6	21	6	16	4	4	11	0	0	12	5	1	9	8	10	7	2	10	4	4	2	11	12	21	6	14	5	9	5	20	11	27	10	11	9	21	11	16	32	28	18	37	8	25	16	9	12	22	3	10	10	11	4	7	17	26	28	10	3	22	12	
1790_A/chicken/Henan/Q7/2 9	6	7	6	24	5	18	4	6	14	0	0	14	3	1	9	6	8	7	1	12	6	3	3	5	12	18	4	15	6	12	4	19	8	27	10	12	12	22	11	14	32	29	18	36	7	24	20	7	13	22	2	9	9	12	8	6	18	23	26	16	3	25	10	
1791_A/chicken/Henan/YB05 10	5	8	6	23	6	17	4	6	14	0	1	14	3	0	10	6	8	8	1	12	6	2	3	6	13	17	3	13	5	13	5	19	8	24	10	11	13	25	11	14	31	26	20	38	7	26	19	8	12	21	1	10	9	13	10	6	19	23	24	14	3	25	11	
1792_A/chicken/Hsinchu/16 10	8	7	5	23	4	18	5	10	14	0	0	11	1	1	9	8	12	6	2	9	3	4	3	8	14	19	3	12	3	12	5	16	9	24	6	14	12	26	15	14	38	21	24	39	2	29	15	6	11	19	2	10	10	12	6	8	15	27	28	12	6	23	10	
1793_A/chicken/Huadong/4/ 10	6	10	7	23	7	15	3	6	12	0	0	11	3	1	9	10	10	7	2	10	4	3	2	12	11	20	5	11	6	11	6	20	9	29	11	13	12	19	10	15	33	27	18	37	7	24	18	8	9	22	3	10	13	10	5	6	18	28	26	10	1	22	12	
1794_A/chicken/Hubei/2856 11	8	9	5	22	6	16	5	6	11	0	0	10	4	1	9	9	10	7	2	10	5	3	2	9	12	21	6	15	5	10	4	19	10	29	12	13	8	20	9	16	33	25	19	37	7	28	17	6	11	21	5	11	9	11	3	7	20	28	25	10	2	21	13	
1795_A/chicken/Hubei/ZYSJ 10	5	8	6	23	6	17	4	6	14	0	1	14	3	0	10	6	8	8	1	12	6	2	3	6	14	17	3	13	4	13	5	19	8	24	10	11	13	25	11	14	31	26	20	38	7	26	19	8	12	21	1	10	10	13	9	6	18	23	24	14	3	25	12	
1796_A/chicken/Hubei/ZYSJ 10	5	8	6	23	6	17	4	6	14	0	1	14	3	0	10	6	8	8	1	12	6	2	3	6	14	17	3	13	4	13	5	19	8	24	10	11	13	25	11	14	31	26	20	38	7	26	19	8	12	21	1	10	10	13	9	6	18	23	24	14	3	25	12	
1797_A/chicken/Hubei/ZYSJ 10	5	8	6	23	6	17	4	6	14	0	1	14	3	0	10	6	8	8	1	12	6	2	3	6	14	17	3	13	4	13	5	19	8	24	10	11	13	25	11	14	31	26	20	38	7	26	19	8	12	21	1	10	10	13	9	6	18	23	24	14	3	25	12	
1798_A/chicken/Hunan/02.0 10	7	9	3	23	7	16	7	4	13	0	0	10	2	1	9	12	10	7	3	7	5	3	3	11	12	21	5	14	5	10	4	21	8	26	12	12	13	22	9	16	32	22	21	36	7	28	15	8	10	18	6	9	11	14	2	8	15	30	24	10	5	20	15	
1799_A/chicken/Hunan/03.0 11	7	9	2	21	7	16	8	2	12	0	0	10	3	1	9	11	10	7	3	7	5	3	3	13	11	21	5	13	5	10	4	20	7	25	12	12	13	22	9	17	32	22	21	35	7	28	15	8	11	18	6	8	10	13	3	8	15	30	21	10	5	20	17	
1800_A/chicken/Hunan/12.2 14	8	10	6	19	6	15	4	5	14	0	0	12	1	1	9	12	11	6	2	7	3	4	2	11	13	20	4	11	5	11	6	16	10	23	10	14	10	25	12	16	33	24	27	37	7	25	11	9	14	22	5	11	8	11	4	6	17	29	31	9	2	21	7	
1801_A/chicken/Hunan/12.2 18	8	10	6	15	6	15	4	5	14	0	0	12	1	1	9	11	11	6	2	7	3	4	2	11	13	19	4	12	5	11	6	17	10	23	10	14	10	25	12	15	33	25	26	37	7	25	12	8	12	22	5	10	10	11	4	7	20	27	28	9	2	22	9	
1802_A/chicken/Hunan/1793 12	7	9	5	21	6	16	5	6	12	0	0	10	4	1	9	11	10	7	2	9	5	3	2	9	12	21	7	14	5	11	4	18	11	29	8	14	8	20	13	15	33	23	18	36	9	28	17	7	11	21	5	10	9	11	3	6	19	29	25	11	2	21	13	
1803_A/chicken/Hunan/21/2 11	7	9	5	22	6	16	5	6	11	0	0	10	4	1	9	10	9	7	2	9	6	3	2	10	12	21	6	14	5	10	4	19	11	29	10	13	8	20	11	16	34	23	19	38	7	30	16	7	11	21	6	10	9	11	3	8	18	30	26	10	2	20	10	
1804_A/chicken/Hunan/3/20 10	8	10	5	23	6	15	5	6	12	0	0	11	2	1	9	10	9	7	2	9	6	3	2	9	13	21	7	14	4	10	4	19	11	29	10	13	9	20	11	16	33	24	18	37	7	28	16	8	11	20	5	10	8	13	3	6	18	28	25	11	3	21	14	
1805_A/chicken/Hunan/3157 11	7	9	5	22	6	16	5	6	12	0	0	9	4	1	9	10	10	7	2	8	6	3	2	11	11	21	7	15	5	10	4	19	11	28	10	13	8	20	12	15	32	23	19	38	8	29	16	7	11	22	5	9	9	10	4	8	19	29	25	10	2	20	13	
1806_A/chicken/Hunan/8/20 11	8	10	5	22	6	15	5	6	10	0	0	10	4	1	9	10	9	8	2	9	6	2	2	9	13	22	7	15	4	9	5	18	11	28	11	14	8	21	10	16	33	26	18	37	7	27	15	8	11	21	5	9	10	12	3	7	18	27	24	10	3	22	14	
1807_A/chicken/Jiangsu/10 10	6	8	5	23	6	17	5	5	15	0	0	17	2	1	9	8	8	8	0	11	7	3	3	8	10	18	3	10	7	12	5	20	8	23	10	10	11	26	11	13	34	28	18	36	5	26	19	8	13	20	2	10	9	14	8	8	18	25	23	14	2	23	13	
1808_A/chicken/Jiangsu/18 10	6	10	7	23	7	15	2	8	12	0	0	11	3	1	9	9	10	7	2	10	4	3	2	11	11	20	6	11	6	11	6	19	8	28	11	14	13	19	10	14	33	29	18	38	7	24	18	8	10	21	3	9	13	11	6	6	17	27	26	10	2	22	11	
1809_A/chicken/Jiangsu/24 11	8	9	5	22	7	16	5	7	9	0	0	9	4	1	9	13	8	7	2	7	5	4	2	10	14	20	7	14	5	10	4	21	8	27	13	11	12	21	9	15	33	24	21	36	7	24	17	8	10	19	6	9	11	13	2	6	18	31	23	12	2	20	15	
1810_A/chicken/Jiangsu/92 11	8	9	5	22	6	16	5	7	11	0	0	6	3	1	9	11	9	6	2	8	5	4	2	11	13	21	7	17	5	9	4	21	10	28	13	11	12	20	9	14	29	25	20	38	9	24	17	8	10	19	6	9	11	13	2	7	18	32	24	11	2	19	14	
1811_A/chicken/Jiangsu/XZ 10	5	7	6	23	5	18	4	7	15	0	0	13	3	1	9	6	9	7	1	12	5	3	3	7	12	18	4	13	6	12	4	19	8	28	10	12	11	21	11	14	33	29	18	36	6	24	20	7	13	21	3	8	10	12	8	5	19	24	25	17	3	24	11	
1812_A/chicken/Jiangsu/YB 12	8	7	5	21	7	18	5	7	12	0	0	13	2	1	9	9	7	6	2	8	5	4	3	12	15	22	1	9	5	9	6	18	11	23	9	12	11	25	13	15	30	25	20	36	8	26	19	9	10	22	4	8	11	10	5	6	17	25	24	14	4	24	14	
1813_A/chicken/Jiangsu/k0 11	6	8	5	22	7	17	5	8	11	0	0	13	5	1	9	6	9	7	2	11	6	3	2	9	12	20	3	11	5	11	6	19	8	25	9	12	13	24	12	15	31	27	22	37	8	25	15	7	12	19	2	10	10	14	8	8	15	26	25	11	4	22	12	
1814_A/chicken/Jiangxi/25 13	6	11	4	20	8	14	6	10	12	0	0	5	2	1	9	9	11	3	4	8	3	7	1	7	15	23	6	19	3	8	4	19	8	26	10	13	13	23	11	15	33	26	20	37	6	25	15	9	13	18	3	6	7	13	4	7	18	27	27	13	4	25	12	
1815_A/chicken/Jiangxi/NC 11	7	11	4	23	6	14	6	6	12	0	0	7	5	1	9	10	9	7	3	9	6	3	3	14	12	23	5	12	4	8	4	19	8	30	12	13	12	19	9	17	35	23	20	37	5	27	16	8	12	18	6	8	9	13	3	4	16	29	23	11	4	22	16	
1816_A/chicken/Jiangxi/NC 11	7	11	3	21	7	13	6	6	12	0	0	7	5	1	9	10	9	7	3	9	6	3	3	13	13	23	5	13	4	8	4	21	7	27	12	13	12	20	9	16	34	24	20	38	7	26	17	7	12	19	6	10	6	13	5	4	16	29	21	12	5	22	16	
1817_A/chicken/Jiangyin/J 11	7	9	4	22	7	16	6	5	12	0	0	10	3	1	9	11	10	7	3	7	5	3	3	10	13	21	5	15	4	10	4	20	9	25	12	12	13	23	9	17	31	22	21	36	7	28	15	7	12	19	6	9	8	13	3	9	17	28	22	10	4	22	16	
1818_A/chicken/Kaohsiung/ 16	8	6	5	17	5	19	5	7	13	0	0	14	3	1	9	9	8	5	2	9	5	5	3	9	14	22	3	10	5	9	4	18	10	26	9	13	11	24	12	15	33	23	20	37	6	28	19	8	13	21	3	9	7	10	5	6	16	27	28	12	6	23	10	
1819_A/chicken/Kaohsiung/ 16	8	6	5	17	5	19	5	6	13	0	0	14	3	1	9	9	8	5	2	9	5	5	3	10	14	22	3	10	5	9	4	18	9	26	9	13	12	24	12	15	33	22	20	37	6	29	19	8	13	21	3	9	7	10	5	6	17	27	28	12	5	23	10	
1820_A/chicken/Kaohsiung/ 16	8	6	5	17	5	19	5	6	13	0	0	15	3	1	9	9	8	5	2	9	5	4	4	10	14	22	3	9	5	9	4	18	9	26	9	13	12	24	12	15	33	22	20	37	6	29	19	8	13	21	2	9	7	10	6	6	17	27	28	12	5	23	10	
1821_A/chicken/Kaohsiung/ 15	8	6	5	18	5	19	5	6	13	0	0	15	3	1	9	9	8	5	2	9	5	5	3	10	14	23	2	9	5	8	5	18	9	26	9	13	13	23	12	15	32	23	21	37	6	29	18	8	13	21	2	9	7	10	6	6	17	27	27	12	5	23	11	
1822_A/chicken/Kaohsiung/ 17	8	5	5	16	5	20	5	7	13	0	0	13	3	1	9	9	8	5	2	9	5	5	3	10	14	23	3	10	5	8	4	18	8	27	8	13	11	24	13	15	33	21	20	37	6	30	19	8	13	20	3	9	8	11	5	6	17	28	28	12	5	22	10	
1823_A/chicken/Kaohsiung/ 16	8	6	5	17	5	19	5	6	13	0	0	15	3	1	9	9	8	5	2	9	5	4	4	10	14	22	3	9	5	9	4	18	9	26	9	13	12	24	12	15	33	22	20	37	6	29	19	8	13	21	2	9	7	10	6	6	17	27	28	12	5	23	10	
1824_A/chicken/Kaohsiung/ 17	8	5	5	16	5	20	5	6	13	0	0	14	3	1	9	9	8	5	2	10	5	5	3	9	15	22	3	10	4	9	4	17	10	26	10	13	12	23	12	15	32	22	20	37	7	29	19	7	13	21	3	10	7	10	5	6	17	27	26	12	5	23	12	
1825_A/chicken/Kaohsiung/ 10	9	7	5	23	4	18	5	10	15	0	0	11	0	1	9	9	12	6	2	9	3	4	3	7	14	18	3	12	3	13	5	17	10	24	7	14	10	25	15	13	38	20	25	39	2	29	14	7	11	20	2	9	10	12	6	6	15	28	28	14	6	22	10	
1826_A/chicken/Kaohsiung/ 10	9	7	5	23	4	18	5	10	15	0	0	11	0	1	9	9	12	6	2	9	3	4	3	7	14	19	3	12	3	12	5	17	10	22	8	14	10	27	14	15	36	22	23	39	2	28	16	7	11	21	1	9	10	12	6	6	15	27	28	14	6	22	10	
1827_A/chicken/Kaohsiung/ 13	10	12	5	20	5	13	5	6	11	0	0	9	4	1	9	11	9	7	1	10	3	3	3	11	12	20	5	11	8	11	3	15	9	27	7	10	9	20	16	20	37	23	21	36	4	29	17	9	12	16	3	11	9	17	3	3	18	28	33	14	3	21	7	
1828_A/chicken/Kaohsiung/ 13	10	12	5	20	5	13	5	6	11	0	0	9	4	1	9	11	8	7	1	10	4	3	3	11	12	20	5	11	8	11	3	15	9	27	7	10	9	20	16	20	37	23	21	36	4	29	17	9	12	16	3	11	9	17	3	3	18	28	33	14	3	21	7	
1829_A/chicken/Liaoning/2 11	7	9	6	22	6	16	4	7	11	0	0	12	4	1	9	11	11	7	3	8	5	3	1	7	11	20	6	14	6	10	5	19	10	29	8	13	10	21	12	15	33	23	21	37	7	28	15	9	11	22	5	9	10	10	4	6	19	30	28	11	1	20	9	
1830_A/chicken/Liaoning/A 12	7	10	6	20	8	15	3	4	11	0	0	12	4	1	9	9	9	8	2	10	4	3	1	11	12	21	6	14	7	11	4	20	10	28	10	13	10	20	11	14	32	28	15	37	8	25	20	12	12	22	4	6	9	11	5	7	18	28	28	9	2	20	10	
1831_A/chicken/Liaoning/S 12	8	10	7	21	5	15	3	6	11	0	0	12	4	1	9	9	10	7	2	11	4	3	2	12	11	22	6	10	6	9	5	19	9	29	11	12	12	19	11	15	32	26	18	38	8	25	18	6	10	21	3	12	12	10	5	6	17	26	24	11	2	24	14	
1832_A/chicken/Miaoli/150 13	5	12	5	20	9	13	5	7	12	0	1	12	4	0	9	9	12	6	4	8	4	4	0	8	11	21	2	13	4	11	7	18	9	25	9	12	13	24	11	17	36	24	24	36	3	28	13	8	11	19	6	10	9	12	4	8	18	28	24	11	3	23	12	
1833_A/chicken/Nantou/161 16	8	6	5	17	5	19	5	6	13	0	0	15	3	1	9	9	8	5	2	8	5	5	3	11	14	22	2	9	5	9	5	19	9	26	9	12	13	23	12	15	32	22	20	36	6	31	18	8	13	21	2	8	7	10	6	7	17	27	28	13	5	23	10	
1834_A/chicken/New_Taipei 17	8	6	5	16	5	19	5	6	13	0	0	14	3	1	9	9	8	5	2	9	5	5	3	10	15	22	3	10	4	9	4	19	9	26	9	13	12	24	12	14	33	22	20	37	6	29	19	6	13	21	3	11	7	10	5	6	17	26	28	12	5	23	11	
1835_A/chicken/New_Taipei 17	8	6	5	16	5	19	5	6	13	0	0	14	3	1	9	9	8	5	2	9	5	5	3	10	15	22	3	10	4	9	4	19	9	26	9	13	12	24	12	14	33	22	20	37	6	29	19	7	13	21	3	10	7	10	5	6	17	27	27	12	5	23	11	
1836_A/chicken/New_Taipei 10	9	7	5	23	4	18	5	10	15	0	0	11	0	1	9	10	12	6	2	9	3	4	3	7	14	18	3	11	3	13	5	16	11	23	7	14	10	26	15	13	38	21	24	39	2	29	15	7	11	20	2	9	10	12	6	6	15	27	28	14	6	22	10	
1837_A/chicken/New_Taipei 16	8	6	5	17	5	19	6	5	13	0	0	15	3	1	9	9	8	5	2	8	6	5	3	11	13	22	3	10	5	9	5	18	9	26	9	13	12	24	12	15	34	23	20	37	5	28	18	8	13	21	1	9	7	10	6	7	17	27	27	11	5	23	11	
1838_A/chicken/New_Taipei 16	8	6	5	17	5	19	6	6	13	0	0	13	3	1	9	9	8	5	2	8	6	5	3	11	13	23	3	11	5	8	5	18	9	25	10	14	12	24	12	15	34	24	21	37	5	27	17	7	14	22	1	9	7	9	6	7	17	27	27	11	4	23	11	
1839_A/chicken/New_Taipei 16	8	6	5	17	5	19	6	6	13	0	0	13	3	1	9	9	8	5	2	8	6	5	3	11	13	23	3	11	5	8	5	18	9	26	9	14	12	23	12	15	34	23	21	37	5	28	17	7	14	22	1	9	7	10	6	7	17	27	27	11	4	23	11	
1840_A/chicken/New_Taipei 16	8	6	5	16	5	19	6	6	13	0	0	13	3	1	9	9	8	5	2	8	6	5	3	11	13	23	3	11	5	8	5	18	9	24	11	15	12	24	12	15	34	24	21	37	5	27	17	7	14	22	1	9	7	9	6	7	17	27	27	11	4	23	11	
1841_A/chicken/New_Taipei 10	9	7	5	23	4	18	5	9	15	0	0	12	0	1	9	9	12	6	2	9	3	4	3	7	14	18	3	12	3	13	5	16	11	22	8	15	10	26	14	15	36	20	22	39	2	30	17	7	11	20	2	9	10	12	6	6	14	27	28	14	7	22	10	
1842_A/chicken/Ningxia/2/ 11	8	10	7	22	5	15	3	8	11	0	0	10	4	1	9	9	10	7	2	11	4	3	2	12	11	21	6	10	6	10	5	20	9	29	11	11	12	19	10	15	32	26	18	38	8	25	18	6	10	22	3	12	12	10	5	6	17	27	25	11	2	23	13	
1843_A/chicken/Ningxia/22 11	8	10	7	22	5	15	3	8	11	0	0	10	4	1	9	9	10	7	2	11	4	3	2	12	11	21	6	10	6	10	5	20	9	29	11	11	12	19	10	15	32	26	18	38	8	25	18	6	10	22	3	12	12	10	5	6	17	26	26	11	2	23	13	
1844_A/chicken/Ningxia/24 12	7	10	6	21	6	15	3	6	11	0	0	11	5	1	9	8	10	7	2	10	4	4	2	11	11	22	6	14	5	9	5	19	11	28	10	12	9	21	11	17	32	29	18	36	7	24	17	9	13	21	4	10	9	12	4	6	18	26	28	10	2	21	11	
1845_A/chicken/North_Chin 11	6	8	6	22	8	17	4	7	11	0	0	16	3	1	9	7	9	7	2	11	7	3	2	6	12	18	3	12	4	13	6	17	9	27	10	15	13	21	12	14	33	24	22	36	5	28	15	7	12	21	2	10	10	11	7	7	16	25	25	13	3	25	12	
1846_A/chicken/PH/A2821/2 17	7	10	7	16	5	14	3	9	16	0	0	9	2	1	9	9	11	6	2	9	5	6	2	13	12	19	4	9	3	11	4	17	11	26	11	12	9	23	10	17	33	19	22	36	7	30	19	13	14	23	4	7	7	9	3	8	16	34	23	8	5	17	15	
1847_A/chicken/PT/a158/20 15	8	11	5	18	5	14	5	5	13	0	0	12	3	1	9	10	11	7	0	9	4	3	5	11	14	15	4	9	3	16	4	15	15	29	12	14	10	19	11	16	34	21	19	39	3	28	20	10	14	18	4	6	6	13	7	14	17	32	24	6	4	18	11	
1848_A/chicken/Pingtung/1 10	8	6	5	23	7	19	5	10	13	0	0	9	1	1	9	9	12	6	2	9	3	4	3	7	14	20	4	13	3	11	5	17	10	23	7	13	10	26	15	15	38	22	23	39	2	28	15	6	11	18	2	10	10	13	6	5	16	28	28	14	5	22	10	
1849_A/chicken/Pingtung/1 10	8	6	5	23	7	19	5	10	14	0	0	9	1	1	9	9	12	6	2	9	3	4	3	7	14	19	4	13	3	12	5	17	10	23	8	12	10	26	15	17	39	22	23	36	1	27	16	9	10	19	2	10	9	12	5	5	16	28	27	14	5	22	11	
1850_A/chicken/Pingtung/1 10	9	8	5	23	4	17	5	9	15	0	0	12	0	1	9	9	12	6	2	9	3	4	3	7	14	18	3	12	3	13	5	17	10	24	7	14	10	25	15	14	36	23	24	38	3	27	16	7	11	22	2	9	10	11	6	6	15	26	28	15	6	21	10	
1851_A/chicken/Pingtung/1 10	10	7	5	23	3	18	5	9	14	0	0	12	1	1	9	9	12	6	2	9	3	4	3	7	14	18	3	12	3	13	5	16	11	22	8	15	10	26	14	14	37	20	22	39	2	31	17	7	10	20	2	9	11	12	6	6	14	27	29	14	7	21	9	
1852_A/chicken/Qingdao/1/ 9	5	7	6	24	5	18	4	7	15	0	0	13	3	1	9	6	9	7	1	12	5	3	3	5	12	18	4	15	6	12	4	19	8	28	10	12	12	22	10	14	33	29	18	36	6	24	20	7	13	21	3	8	9	12	8	5	19	24	26	17	3	24	10	
1853_A/chicken/SC/a688/20 13	6	8	5	20	7	17	5	5	13	0	0	13	3	1	9	9	10	8	2	9	4	2	4	11	13	16	4	9	5	16	3	15	14	29	10	14	10	18	13	16	34	21	16	38	4	28	22	10	13	23	4	5	7	9	6	13	16	29	25	8	5	21	12	
1854_A/chicken/Shandong/A 13	7	9	6	20	6	16	3	4	12	0	0	12	4	1	9	10	10	7	2	10	4	3	2	12	10	21	7	13	6	9	5	18	10	28	10	13	9	21	11	15	35	27	17	37	9	23	17	10	12	22	3	9	9	12	6	7	18	27	29	9	2	21	9	
1855_A/chicken/Shandong/S 9	5	7	6	24	5	18	4	7	15	0	0	13	3	1	9	6	9	7	1	12	5	3	3	5	12	18	4	15	6	12	4	19	8	28	10	12	12	22	10	14	33	29	18	36	6	24	20	7	13	21	3	8	9	12	8	5	19	24	26	17	3	24	10	
1856_A/chicken/Shantou/37 12	7	9	6	21	6	16	4	6	11	0	0	9	5	1	9	10	10	7	3	9	5	3	2	9	11	22	6	16	6	9	4	19	10	27	9	13	10	22	11	15	33	26	17	37	6	27	17	7	11	23	5	11	10	9	4	7	18	29	30	10	2	21	8	
1857_A/chicken/Shanxi/04. 15	8	11	6	18	5	14	4	5	15	0	0	12	1	1	9	11	11	6	2	7	3	4	2	11	13	20	3	12	5	11	7	16	10	23	9	14	10	25	13	17	32	23	26	38	8	26	12	9	14	22	5	10	8	11	4	5	18	27	30	9	2	22	8	
1858_A/chicken/Shanxi/10/ 12	8	9	6	21	6	16	3	5	11	0	0	12	5	1	9	9	10	8	2	10	4	3	2	10	12	21	6	14	5	10	4	20	11	28	10	12	9	20	11	15	34	31	19	37	7	23	16	9	11	21	3	9	10	12	5	6	17	31	24	10	2	19	12	
1859_A/chicken/Shanxi/12. 13	9	11	5	20	6	14	5	8	13	0	0	10	1	1	9	10	14	8	2	6	2	2	2	10	10	21	2	12	6	9	7	23	9	24	9	9	12	25	12	17	31	28	25	37	10	25	12	10	10	23	4	5	10	9	5	9	18	32	29	9	3	18	8	
1860_A/chicken/Sheny/0606 12	5	9	6	21	7	16	4	7	12	0	0	10	4	1	9	9	11	6	2	10	5	4	2	9	11	20	7	14	4	10	5	20	11	26	9	13	9	23	12	16	33	27	16	36	7	26	18	10	11	23	2	9	10	10	5	6	18	27	28	10	2	22	11	
1861_A/chicken/Shenzhen/1 11	7	9	4	22	6	16	6	5	11	0	0	8	5	1	9	9	11	7	3	9	4	3	3	14	13	22	5	13	4	9	4	20	8	25	11	13	12	24	9	15	34	22	20	37	6	29	15	8	12	19	6	8	9	13	3	7	16	27	23	11	4	24	15	
1862_A/chicken/Shenzhen/1 11	7	9	4	22	6	16	6	5	12	0	0	8	4	1	9	11	10	7	3	8	5	3	2	13	12	22	7	13	5	8	4	23	10	27	13	9	12	22	8	16	33	23	18	37	6	29	16	8	11	19	5	10	9	13	4	6	16	29	24	10	4	22	13	
1863_A/chicken/Shenzhen/2 11	8	9	4	22	5	16	6	5	12	0	0	8	4	1	9	10	10	7	3	9	5	3	3	13	12	21	5	13	5	10	4	21	8	26	11	12	12	23	9	16	34	22	20	37	6	28	16	8	12	19	7	8	9	13	2	6	16	29	21	11	4	22	17	
1864_A/chicken/Shenzhen/2 11	7	9	4	22	6	16	6	5	12	0	0	8	4	1	9	10	10	7	3	9	5	3	3	13	12	21	5	13	5	10	4	20	8	26	12	13	12	23	9	16	34	22	20	37	6	28	16	8	12	19	5	8	9	13	3	6	16	30	21	11	4	21	17	
1865_A/chicken/Shenzhen/2 11	7	9	4	22	6	16	6	5	12	0	0	8	4	1	9	10	10	7	3	9	5	3	3	13	12	21	5	13	5	10	4	20	8	26	12	13	12	23	9	16	34	22	20	37	6	28	16	8	12	19	5	8	9	13	3	6	16	30	21	11	4	21	17	
1866_A/chicken/Shenzhen/4 11	7	9	4	22	6	16	6	5	12	0	0	8	4	1	9	10	10	7	3	9	5	3	3	13	12	22	5	13	5	9	4	20	8	26	11	13	12	23	9	16	33	22	20	37	7	28	16	8	12	20	7	8	9	12	2	6	16	30	21	11	4	21	17	
1867_A/chicken/Shenzhen/5 11	7	9	4	22	6	16	6	5	12	0	0	8	4	1	9	10	10	7	3	9	5	3	3	13	12	21	5	13	5	10	4	20	8	26	12	13	12	23	9	17	34	22	20	36	6	28	16	8	12	19	5	8	9	13	3	6	16	29	21	11	4	22	17	
1868_A/chicken/Shenzhen/7 11	7	9	4	22	6	16	6	5	12	0	0	8	4	1	9	10	10	7	3	9	5	3	3	13	12	22	5	13	5	9	4	20	8	26	11	13	12	23	9	16	33	22	20	37	7	28	16	8	12	20	7	8	9	12	2	6	16	30	21	11	4	21	17	
1869_A/chicken/Shijiazhua 10	6	7	6	23	5	18	4	6	13	1	0	14	3	0	9	6	8	8	1	12	7	2	3	5	13	17	3	15	4	13	5	18	8	27	10	12	12	22	11	14	31	28	19	35	8	26	18	7	13	21	2	9	9	13	8	7	19	22	25	17	3	26	11	
1870_A/chicken/Sichuan/81 12	7	9	5	21	6	16	5	7	11	0	0	11	4	1	9	10	9	7	2	9	6	3	2	9	12	21	7	13	5	10	4	19	11	29	10	13	8	20	12	16	34	23	18	37	7	29	17	6	11	22	5	11	9	10	2	7	20	29	25	10	2	20	13	
1871_A/chicken/Sichuan/NC 10	7	9	4	23	6	16	6	5	13	0	0	8	3	1	9	11	10	7	3	8	5	3	2	13	12	22	8	13	5	8	4	24	10	27	13	9	12	22	8	16	33	24	16	37	6	29	16	7	11	20	4	10	9	12	5	6	16	29	23	10	4	22	14	
1872_A/chicken/Sichuan/k1 12	7	6	5	21	7	19	5	6	12	0	0	7	3	1	9	9	11	7	2	9	4	3	3	9	14	23	2	18	3	8	6	17	10	24	10	12	11	24	12	16	35	27	21	37	4	23	18	5	8	20	3	12	12	14	5	4	19	25	28	15	3	23	10	
1873_A/chicken/TC/a504/20 15	8	10	5	18	5	15	5	5	14	0	0	12	2	1	9	10	11	7	0	9	4	3	5	11	14	15	4	9	3	16	4	15	16	29	12	14	10	19	11	16	34	21	19	39	2	28	20	10	14	18	4	6	6	13	7	14	17	32	24	6	4	18	11	
1874_A/chicken/TY/a665/20 16	8	10	5	18	5	15	5	6	13	0	0	12	3	1	9	9	11	7	0	9	4	3	5	10	14	15	4	9	3	16	4	15	15	29	12	14	10	19	11	16	34	20	19	39	3	29	20	10	14	18	4	6	6	13	7	14	17	32	24	6	4	18	11	
1875_A/chicken/Taichung/1 10	8	6	5	23	6	19	5	11	14	0	0	8	1	1	9	9	12	6	2	9	3	4	3	7	14	20	4	13	3	11	5	17	10	23	7	13	10	26	15	15	38	22	23	39	2	28	15	6	11	19	3	10	10	12	5	5	16	28	28	14	5	22	10	
1876_A/chicken/Taichung/1 11	8	7	5	22	6	18	5	9	14	0	0	11	1	1	9	9	11	6	2	9	3	4	3	7	14	20	4	12	4	11	5	17	9	25	7	13	11	24	15	15	38	20	24	39	2	29	15	7	11	21	3	10	11	11	3	5	15	28	29	13	6	21	10	
1877_A/chicken/Taichung/1 11	8	6	5	22	7	19	5	11	14	0	0	9	1	1	9	10	11	6	2	9	3	4	3	6	14	20	4	12	4	11	5	17	9	25	7	14	11	24	15	15	38	23	23	39	2	27	15	6	11	20	3	9	9	11	3	6	16	29	29	13	6	21	10	
1878_A/chicken/Taichung/1 12	8	9	3	21	8	16	7	5	10	0	0	11	3	1	9	10	9	7	2	8	4	3	3	9	11	22	3	15	7	10	6	15	9	24	7	16	10	25	14	15	35	23	17	36	3	29	20	6	12	22	4	11	9	10	4	7	20	24	23	12	4	24	16	
1879_A/chicken/Tainan/150 15	8	6	5	18	6	19	5	6	12	0	0	15	3	1	9	9	8	5	2	9	5	5	3	9	14	22	3	10	5	9	4	18	10	25	9	13	11	23	13	15	33	22	20	37	6	29	19	8	13	22	3	9	7	10	5	6	16	27	27	12	6	23	11	
1880_A/chicken/Tainan/160 10	8	6	5	23	6	19	5	10	14	0	0	8	1	1	9	9	12	6	2	9	3	4	3	7	14	18	4	14	3	12	5	17	10	24	8	13	10	25	15	15	36	23	23	39	3	27	16	6	10	19	2	11	11	12	5	5	17	28	28	13	5	22	10	
1881_A/chicken/Tainan/170 16	9	7	5	17	5	18	5	7	12	0	0	13	4	1	9	9	7	5	2	9	5	5	3	11	14	22	3	9	5	9	4	18	9	25	10	13	12	24	12	16	33	22	20	37	6	29	19	7	13	21	3	9	7	10	5	6	15	28	26	12	7	22	12	
1882_A/chicken/Taipei_Cit 16	8	7	5	17	5	18	6	6	13	0	0	13	3	1	9	9	8	5	2	8	6	5	3	11	13	23	3	11	5	8	5	18	9	26	9	14	12	24	12	16	34	22	20	36	5	29	18	7	14	22	2	9	7	8	7	7	17	26	26	11	4	24	11	
1883_A/chicken/Taipei_Cit 10	10	7	5	23	4	18	5	10	14	0	0	10	0	1	9	9	12	6	2	9	3	4	3	8	14	18	3	12	3	13	5	16	9	23	8	15	9	26	14	14	37	22	24	39	2	27	16	7	11	20	2	10	12	12	6	6	14	27	29	14	6	22	9	
1884_A/chicken/Taipei_Cit 10	9	7	5	23	4	18	5	10	15	0	0	10	0	1	9	9	12	5	2	9	3	4	3	8	14	19	3	12	3	13	5	17	10	24	6	14	10	27	14	14	36	22	23	39	3	28	16	7	11	21	1	9	10	12	6	6	15	27	28	14	6	22	10	
1885_A/chicken/Taipei/160 16	8	6	5	17	5	19	5	6	13	0	0	15	3	1	9	9	8	5	2	9	5	5	3	10	14	22	2	9	5	9	5	18	9	26	8	13	13	23	13	15	32	22	20	37	6	29	20	8	13	21	2	9	7	10	6	5	17	27	28	13	5	23	10	
1886_A/chicken/Taipei/160 16	8	6	5	17	5	19	5	6	13	0	0	15	3	1	9	9	8	5	2	9	5	5	3	10	14	22	2	9	5	9	5	18	9	26	8	13	13	23	13	15	32	22	20	37	6	29	20	8	13	21	2	9	7	10	6	5	17	27	28	13	5	23	10	
1887_A/chicken/Taipei/161 17	8	5	5	16	5	20	5	7	12	0	0	13	4	1	9	9	8	5	2	9	5	5	3	10	14	22	3	10	5	9	4	17	9	27	9	13	10	24	12	15	33	22	20	37	6	29	19	9	13	20	3	9	8	11	5	6	17	28	28	12	5	22	10	
1888_A/chicken/Taipei/170 16	8	6	5	17	5	19	6	6	13	0	0	14	3	1	9	9	8	5	2	8	6	5	3	11	13	22	3	10	5	9	5	19	9	26	9	12	12	23	12	15	34	23	20	37	5	28	18	8	13	21	1	9	7	11	6	7	17	27	27	11	5	23	11	
1889_A/chicken/Taipei/170 16	8	6	5	17	5	19	6	6	13	0	0	14	3	1	9	9	8	5	2	8	6	5	3	11	13	22	3	10	5	9	5	18	9	26	9	13	12	24	12	15	34	24	20	37	5	27	18	8	13	21	1	9	7	10	6	7	17	27	27	11	5	23	11	
1890_A/chicken/Taipei/170 16	8	6	5	17	5	19	6	6	13	0	0	14	3	1	9	9	8	5	2	8	6	5	3	11	13	22	3	10	5	9	5	19	9	26	9	12	12	23	12	15	34	23	20	37	5	28	18	8	13	21	1	9	7	11	6	7	17	27	27	11	5	23	11	
1891_A/chicken/Taishun/TS 13	8	8	5	20	7	18	5	7	12	0	0	13	1	1	9	9	7	6	2	8	6	4	3	12	15	22	1	10	4	9	6	19	11	22	8	11	11	26	14	16	31	24	20	35	7	27	19	9	10	22	4	8	12	10	5	6	16	23	23	14	4	25	15	
1892_A/chicken/Taishun/TS 10	5	8	6	23	6	17	4	6	14	0	0	14	3	1	9	6	8	8	1	12	6	2	3	5	13	18	3	14	5	12	5	18	7	23	11	11	14	24	11	14	31	25	20	38	6	27	19	9	12	20	3	10	9	15	8	6	20	23	24	14	3	25	11	
1893_A/chicken/Taiwan/010 13	10	8	7	20	2	17	4	9	14	0	0	11	2	1	9	10	12	5	2	8	4	5	3	12	13	18	4	9	3	13	3	13	11	26	9	13	11	24	11	15	33	21	21	36	5	28	20	12	15	23	3	10	6	10	4	9	19	30	24	9	3	18	15	
1894_A/chicken/Taiwan/011 15	8	6	5	18	6	19	5	6	12	0	0	15	3	1	9	9	8	5	2	9	5	5	3	9	14	22	3	10	5	9	4	19	9	25	9	12	11	23	13	15	32	22	20	38	7	28	19	7	14	22	3	9	7	10	5	7	15	27	27	13	6	23	11	
1895_A/chicken/Taiwan/050 15	8	8	6	18	4	17	4	9	15	0	0	8	2	1	9	9	11	7	2	9	5	4	3	12	13	19	4	11	3	11	3	14	11	26	12	14	9	23	10	17	33	18	22	37	7	30	19	14	14	23	4	7	7	10	3	9	16	34	23	6	5	16	15	
1896_A/chicken/Taiwan/168 12	9	11	6	20	5	14	4	8	14	0	0	15	2	1	9	11	12	8	0	8	4	3	5	9	14	20	4	7	2	10	6	19	10	25	8	10	13	21	15	18	35	25	22	35	3	22	19	9	17	21	3	6	5	11	6	9	19	27	20	9	3	23	17	
1897_A/chicken/Taiwan/169 12	9	11	6	20	5	14	4	8	14	0	0	15	2	1	9	11	12	8	0	8	4	3	5	9	14	20	4	7	2	10	6	19	10	25	8	10	13	21	15	18	35	25	22	35	3	23	18	9	17	21	3	6	5	11	6	9	19	27	20	9	3	23	17	
1898_A/chicken/Taiwan/170 12	9	11	6	20	5	14	4	8	14	0	0	15	2	1	9	11	12	8	0	8	4	3	5	9	14	20	4	7	2	10	6	19	10	25	8	10	13	21	15	18	35	25	22	35	3	22	19	9	17	21	3	6	5	11	6	9	19	27	20	9	3	23	17	
1899_A/chicken/Taiwan/171 12	9	11	6	20	5	14	4	8	14	0	0	15	2	1	9	11	12	8	0	8	4	3	5	9	14	20	4	7	2	10	6	19	10	25	8	10	13	21	15	18	35	25	22	35	3	22	19	9	17	21	3	6	5	11	6	9	19	26	20	9	3	24	17	
1900_A/chicken/Taiwan/259 13	6	10	4	20	6	15	6	5	14	0	0	12	3	1	9	10	12	6	1	7	4	4	4	13	12	13	4	10	4	18	4	15	13	31	11	14	9	19	11	16	35	19	20	38	3	29	20	10	15	18	3	6	6	14	7	13	17	32	26	7	4	17	10	
1901_A/chicken/Taiwan/294 13	7	10	4	20	5	15	6	5	14	0	0	12	3	1	9	10	12	6	1	7	4	4	4	13	12	13	4	10	4	18	4	15	14	31	11	13	10	19	11	16	35	19	20	38	3	29	20	10	14	18	3	6	6	14	7	13	17	32	26	7	4	17	10	
1902_A/chicken/Taiwan/444 14	8	8	6	18	4	17	4	8	16	0	0	11	2	1	9	9	12	6	2	10	4	5	3	11	12	18	4	10	3	12	3	15	13	28	10	14	8	21	11	17	32	20	22	37	7	30	19	12	14	22	4	6	7	11	3	10	16	31	24	7	5	17	15	
1903_A/chicken/Taiwan/683 13	6	10	4	20	6	15	6	5	14	0	0	12	3	1	9	10	12	6	1	7	4	4	4	12	12	13	4	11	4	18	4	15	13	32	11	14	9	19	11	16	35	19	20	38	3	28	20	10	15	18	3	6	6	14	7	12	17	32	25	8	4	17	11	
1904_A/chicken/Taiwan/735 14	8	8	6	18	4	17	4	8	16	0	0	9	2	1	9	9	12	6	2	10	4	5	3	11	12	18	4	12	3	12	3	15	13	28	10	14	8	21	11	18	31	20	22	37	7	30	19	12	15	21	4	7	6	12	3	9	17	30	23	7	4	18	16	
1905_A/chicken/Taiwan/898 13	6	10	4	20	6	15	6	5	14	0	0	12	3	1	9	10	12	6	1	7	4	4	4	13	12	13	4	10	4	18	4	14	14	31	11	13	10	19	11	16	35	18	20	38	3	30	20	11	14	18	3	6	6	14	7	13	17	33	26	7	4	16	10	
1906_A/chicken/Taiwan/899 13	6	10	4	20	6	15	6	5	14	0	0	12	3	1	9	10	12	6	1	7	4	4	4	13	12	13	4	10	4	18	4	14	14	31	11	13	10	19	10	16	35	18	20	38	3	30	20	11	14	18	3	6	6	14	8	13	17	32	26	7	4	17	10	
1907_A/chicken/Taiwan/899 13	6	10	4	20	6	15	6	5	14	0	0	12	3	1	9	10	12	6	1	7	4	4	4	13	12	13	4	10	4	18	4	14	14	31	11	13	10	19	10	16	35	18	20	38	3	30	20	11	14	18	3	6	6	14	8	13	17	33	26	7	4	16	10	
1908_A/chicken/Taiwan/A1/ 15	9	12	4	18	5	13	6	5	12	0	0	13	3	1	9	11	12	6	1	7	4	4	3	14	13	15	5	7	3	16	5	15	13	30	11	15	9	17	12	16	36	25	22	38	3	25	16	9	13	20	4	7	6	12	6	13	18	28	26	8	3	21	10	
1909_A/chicken/Taiwan/A19 14	10	8	7	19	3	17	4	8	15	0	0	10	2	1	9	9	15	6	3	9	3	4	2	11	11	18	4	12	2	13	3	14	11	29	11	13	11	20	9	15	33	17	23	38	5	31	19	14	14	22	3	9	7	11	4	9	17	31	25	5	4	18	14	
1910_A/chicken/Taiwan/D2/ 13	10	12	5	20	5	13	5	7	11	0	0	8	4	1	9	12	8	6	1	10	4	4	3	10	12	21	5	10	8	10	3	17	8	27	7	8	11	20	15	21	37	22	21	36	5	31	16	9	12	16	3	11	9	16	3	3	19	29	33	14	1	21	7	
1911_A/chicken/Taiwan/D9/ 13	10	12	5	20	5	13	5	7	11	0	0	8	4	1	9	12	8	6	1	10	4	4	3	10	12	21	5	10	8	10	3	17	8	28	7	8	11	19	15	21	37	22	21	36	5	31	16	9	12	16	3	11	9	16	3	3	19	29	33	14	1	21	7	
1912_A/chicken/Tibet/LZ01 10	7	9	8	23	7	16	2	6	12	0	0	15	3	1	9	7	10	6	1	12	4	4	2	6	11	19	4	12	7	12	5	20	9	23	9	10	11	26	12	15	33	24	19	37	6	27	20	9	11	16	3	8	10	17	7	5	19	25	26	15	2	24	10	
1913_A/chicken/Wuhan/HAQL 12	8	8	5	21	7	18	5	8	12	0	0	12	2	1	9	9	7	6	2	8	5	4	3	12	15	22	1	9	5	9	6	18	11	22	8	12	11	26	14	16	29	24	20	37	8	27	19	9	10	21	4	8	11	10	5	6	17	25	24	13	4	24	14	
1914_A/chicken/Wuhan/HAQL 12	8	8	5	21	7	18	5	8	12	0	0	12	2	1	9	9	7	6	2	8	5	4	3	12	15	22	1	9	5	9	6	18	11	23	8	12	11	25	14	15	30	24	20	36	8	27	19	9	10	21	4	8	11	10	5	6	17	25	24	14	4	24	14	
1915_A/chicken/Wuhan/WHJF 14	7	7	5	19	8	18	5	7	11	0	0	10	3	1	9	10	10	6	2	8	5	4	3	7	13	21	4	16	4	10	3	19	10	22	8	11	11	26	14	15	33	21	21	37	6	29	19	6	13	23	4	9	8	9	3	6	17	22	28	15	4	28	11	
1916_A/chicken/Wuhan/WHYJ 12	7	9	4	21	6	16	6	4	11	0	0	9	5	1	9	10	11	8	2	9	5	3	3	14	12	21	5	12	4	10	4	20	8	26	11	12	11	23	9	17	36	23	19	37	5	28	17	8	13	20	6	9	9	12	3	5	15	28	22	11	4	22	16	
1917_A/chicken/Wuxi/WX-32 12	8	9	5	21	6	16	5	7	10	0	0	8	4	1	9	10	9	7	2	9	5	3	2	10	13	22	7	15	5	9	4	21	10	26	12	11	12	22	10	15	29	25	19	38	9	24	18	8	11	19	6	9	10	13	2	6	18	32	24	11	2	19	14	
1918_A/chicken/Wuxi/WX-33 11	8	9	5	22	6	16	5	7	11	0	0	8	3	1	9	11	9	7	2	8	6	3	2	10	13	20	7	15	4	11	4	21	10	27	13	11	12	21	9	15	29	25	18	38	9	24	19	8	11	19	6	9	10	13	2	6	18	32	25	11	2	19	13	
1919_A/chicken/Xinjiang/1 10	7	9	6	22	6	16	3	5	11	0	0	11	4	1	9	10	9	7	2	9	6	3	2	10	11	21	6	15	6	10	5	19	10	27	10	13	9	22	11	15	33	26	18	37	8	27	16	8	12	21	4	10	10	11	6	6	18	31	27	10	2	19	10	
1920_A/chicken/Xinjiang/2 11	7	10	7	20	6	15	4	6	10	0	0	10	5	1	9	9	10	7	2	9	5	3	2	10	12	22	6	15	5	10	4	19	11	27	10	14	8	22	11	15	32	26	18	37	9	26	16	8	12	21	3	9	10	11	6	7	18	29	28	9	2	21	11	
1921_A/chicken/Xinjiang/5 12	7	11	6	21	6	14	4	6	10	0	0	9	5	1	9	10	10	7	2	9	5	3	2	10	12	21	6	15	5	10	4	19	11	27	10	14	8	22	11	15	34	27	18	37	7	26	17	8	11	22	3	10	10	11	5	7	18	29	28	9	2	20	10	
1922_A/chicken/Xinjiang/5 10	7	10	6	22	6	15	4	5	11	0	0	10	4	1	9	11	9	7	2	10	6	3	2	9	11	21	6	15	6	10	5	18	10	27	10	14	9	22	11	15	33	25	18	37	8	28	16	8	11	22	4	11	10	10	4	6	18	29	27	10	2	21	11	
1923_A/chicken/Xinjiang/6 12	7	10	6	21	6	15	4	6	10	0	0	9	5	1	9	10	10	7	2	9	5	3	2	10	12	21	6	15	5	10	4	20	11	27	10	14	8	22	11	15	33	27	18	36	8	26	17	8	11	22	3	10	10	10	5	7	18	29	28	9	2	21	10	
1924_A/chicken/Xinjiang/6 10	7	9	6	22	6	16	4	5	11	0	0	10	4	1	9	12	9	7	2	9	6	3	2	10	11	21	7	14	6	8	5	17	10	27	10	14	9	22	11	15	34	25	19	38	8	28	16	8	11	22	4	11	10	10	4	6	18	29	26	10	2	21	11	
1925_A/chicken/Xuzhou/XZ6 12	7	10	4	21	6	15	6	5	11	0	0	8	5	1	9	11	9	7	3	10	7	3	3	11	11	22	4	13	5	9	5	19	8	26	11	13	13	23	9	18	32	23	20	37	6	26	17	9	12	17	5	8	9	15	4	5	16	29	22	11	4	22	16	
1926_A/chicken/YL/A3190/2 13	8	9	5	20	5	16	5	5	18	0	0	11	0	1	9	9	15	9	0	10	2	1	5	12	13	18	5	11	2	13	3	16	12	22	10	16	9	27	9	18	35	20	23	36	3	28	18	9	12	21	9	6	9	11	5	8	17	28	24	10	3	22	9	
1927_A/chicken/Yangzhou/Y 11	7	9	4	22	6	15	6	5	12	0	0	8	4	1	9	10	10	7	3	9	5	4	3	14	11	22	5	12	6	9	4	20	8	25	11	13	12	24	9	17	34	22	20	37	6	28	16	8	12	19	6	8	9	13	3	5	16	29	23	11	4	22	15	
1928_A/chicken/Yuhang/1/2 8	4	8	6	25	7	17	4	4	14	0	0	17	3	1	9	6	9	7	1	12	4	3	3	6	14	17	3	12	5	13	6	20	6	25	9	11	14	24	12	14	31	26	17	38	8	27	20	8	13	18	2	9	9	16	8	7	18	24	24	13	3	24	12	
1929_A/chicken/Yuhang/2/2 9	6	8	6	24	6	17	4	5	14	0	0	15	3	1	9	5	9	6	0	11	3	4	4	8	16	16	3	13	4	14	6	19	8	22	10	11	12	27	11	15	30	34	19	39	7	19	18	10	12	19	3	7	7	15	7	7	21	24	26	13	3	24	10	
1930_A/chicken/Yunlin/150 10	8	6	5	23	7	19	5	11	14	0	0	8	1	1	9	9	12	6	2	9	2	4	3	7	14	20	4	13	3	11	5	17	10	23	7	13	10	26	15	15	38	22	23	39	2	28	15	6	11	19	3	10	10	12	5	5	16	28	28	14	5	22	10	
1931_A/chicken/Yunlin/150 11	9	6	5	22	5	19	5	10	14	0	0	9	1	1	9	9	12	6	2	9	3	4	3	7	14	20	4	13	3	11	5	17	11	22	7	13	10	25	15	15	37	23	24	39	3	28	14	6	11	19	3	10	10	12	5	5	16	28	27	14	5	22	11	
1932_A/chicken/Yunlin/150 11	9	6	5	22	5	19	5	10	14	0	0	9	1	1	9	9	12	6	2	9	3	4	3	9	13	19	4	12	3	12	5	18	10	22	7	12	10	27	15	15	37	23	24	39	3	27	14	6	11	19	3	10	10	12	5	6	16	28	27	13	5	22	11	
1933_A/chicken/Yunlin/150 13	5	12	5	20	8	13	5	7	12	0	1	12	4	0	9	9	12	6	4	8	5	4	0	8	11	21	2	13	4	11	7	18	9	24	9	12	13	25	11	17	36	24	25	36	3	28	12	8	11	19	6	10	9	12	4	8	18	27	23	11	3	24	13	
1934_A/chicken/Yunlin/150 11	9	6	5	22	5	19	5	11	14	0	0	9	1	1	9	9	12	6	2	9	3	4	3	6	14	20	4	12	3	11	5	17	10	23	8	14	9	26	14	16	37	22	24	39	3	29	13	6	11	19	3	10	10	12	5	5	16	28	27	14	5	22	11	
1935_A/chicken/Yunlin/150 11	9	6	5	22	5	19	5	10	14	0	0	9	1	1	9	9	12	6	2	9	3	4	3	7	14	20	4	13	3	11	5	17	10	23	7	13	10	26	15	15	37	22	24	39	3	28	14	6	11	19	3	10	10	12	5	5	16	28	27	14	5	22	11	
1936_A/chicken/Yunlin/150 11	9	6	5	22	5	19	5	10	14	0	0	9	1	1	9	9	12	6	2	9	3	4	3	6	14	20	4	13	3	11	5	17	10	23	7	13	10	26	15	16	37	23	23	39	3	27	15	6	11	19	3	10	10	12	5	5	16	28	27	14	5	22	11	
1937_A/chicken/Yunlin/150 10	8	6	5	23	6	19	5	10	14	0	0	9	1	1	9	9	11	6	2	9	3	4	3	7	15	20	4	13	3	11	5	17	11	23	7	13	9	26	15	15	38	22	23	39	2	28	15	7	11	20	3	10	11	12	3	5	15	28	29	13	6	21	10	
1938_A/chicken/Yunlin/160 10	8	6	5	23	6	19	5	10	14	0	0	10	0	1	9	9	13	6	2	9	3	4	3	7	13	19	4	13	3	12	5	17	10	21	7	13	10	28	15	14	38	20	23	39	2	30	15	6	11	19	2	10	10	12	6	6	16	27	28	14	5	23	10	
1939_A/chicken/Yunlin/160 10	8	6	5	23	6	19	5	9	14	0	0	10	1	1	9	9	12	6	2	9	3	4	3	7	14	18	4	13	3	12	5	17	10	24	8	13	10	25	15	15	38	23	23	39	2	27	16	6	10	19	2	11	11	12	5	5	16	29	28	13	5	21	10	
1940_A/chicken/Yunlin/160 10	7	9	5	23	8	16	5	5	11	0	0	10	3	1	9	9	10	7	2	8	4	3	3	12	11	22	4	13	7	9	6	14	10	24	7	16	9	24	15	15	37	22	17	37	3	29	20	6	13	22	4	11	9	10	3	7	18	24	25	12	3	26	14	
1941_A/chicken/Yunlin/160 11	8	7	5	22	6	18	5	9	14	0	0	11	1	1	9	9	11	6	2	9	3	4	3	7	14	20	4	12	4	11	5	17	9	25	7	13	11	24	15	16	38	20	24	38	2	29	15	7	11	21	3	10	11	11	3	5	15	28	29	13	6	21	10	
1942_A/chicken/Yunlin/170 12	7	9	3	21	8	16	7	5	10	0	0	11	4	1	9	10	10	7	2	8	4	3	3	7	11	22	3	16	7	10	6	15	9	24	7	16	10	24	15	15	36	22	16	36	3	28	22	6	12	23	4	11	9	9	4	7	19	24	22	12	4	26	16	
1943_A/chicken/Yunlin/170 10	9	7	5	23	4	18	5	10	15	0	0	11	0	1	9	9	12	6	2	9	3	4	3	7	14	18	3	12	3	13	5	17	10	23	7	14	10	26	15	13	38	22	24	39	2	28	15	7	11	20	2	9	10	12	6	6	15	27	28	14	6	22	10	
1944_A/chicken/Yunlin/170 10	9	7	5	23	5	18	5	10	15	0	0	11	0	1	9	9	12	6	2	9	3	4	3	7	14	19	3	12	3	12	5	17	10	22	7	14	10	27	15	13	38	21	25	39	2	29	14	7	12	19	2	9	9	13	6	6	15	27	28	14	5	22	10	
1945_A/chicken/Yunlin/170 10	8	7	5	23	5	18	5	10	15	0	0	11	0	1	9	9	11	6	1	9	3	4	4	7	15	20	2	12	3	12	5	17	10	23	7	13	10	26	15	15	38	21	24	38	2	29	15	6	11	19	2	10	9	12	6	8	17	24	28	12	5	26	10	
1946_A/chicken/Yunlin/170 10	9	7	5	23	5	18	5	10	15	0	0	11	0	1	9	9	12	6	2	9	3	4	3	7	14	19	3	12	3	12	5	17	9	23	7	14	10	26	15	13	38	21	23	39	3	29	16	7	11	20	2	9	9	12	6	6	15	27	28	14	6	22	10	
1947_A/chicken/Yunlin/170 10	9	7	5	23	4	18	5	9	15	0	0	12	0	1	9	9	12	7	2	9	3	3	3	7	14	18	3	12	3	13	5	18	10	23	7	14	10	26	15	13	38	21	24	38	2	29	15	7	11	20	2	10	10	12	6	4	15	27	28	15	6	22	10	
1948_A/chicken/Yunlin/170 10	9	7	5	23	4	18	5	10	15	0	0	11	0	1	9	10	12	6	2	9	3	4	3	7	14	18	3	11	3	13	5	16	11	23	7	14	10	26	15	13	38	21	24	39	2	29	15	7	11	20	2	9	10	12	6	6	15	27	27	14	6	22	11	
1949_A/chicken/Yunlin/170 10	9	7	5	23	5	18	5	8	15	0	0	13	0	1	9	9	12	5	2	9	3	5	3	7	14	19	3	12	3	12	5	17	9	23	7	14	10	26	15	13	38	21	24	39	3	29	15	7	11	20	2	9	9	12	6	6	15	28	28	14	6	21	10	
1950_A/chicken/Yunlin/170 10	9	7	5	23	5	18	5	10	15	0	0	11	0	1	9	9	12	6	2	9	3	5	2	7	14	19	3	12	3	12	5	17	10	23	7	14	10	26	15	13	38	21	25	39	2	29	14	7	12	18	2	9	9	14	6	6	15	26	27	14	5	23	11	
1951_A/chicken/Yunlin/170 10	9	7	5	23	5	18	5	8	15	0	0	13	0	1	9	9	12	6	2	9	3	4	3	7	14	19	3	12	3	12	5	17	9	23	7	14	10	26	15	13	38	21	24	39	3	29	15	7	11	20	2	9	9	12	6	6	15	28	27	14	6	21	11	
1952_A/chicken/Yunlin/170 10	8	7	5	23	5	18	5	10	15	0	0	11	0	1	9	10	11	6	1	9	3	4	4	7	15	18	3	11	3	13	5	18	10	23	7	12	10	26	15	14	38	21	24	39	2	28	16	7	11	18	2	9	9	13	6	6	17	25	29	14	5	25	9	
1953_A/chicken/Yunlin/170 10	9	7	5	23	4	18	5	10	15	0	0	11	0	1	9	9	12	6	2	9	3	4	3	7	14	19	3	12	3	12	5	17	10	22	6	14	10	27	15	13	38	21	23	39	2	29	17	7	11	20	2	10	9	12	6	6	15	26	28	13	7	23	10	
1954_A/chicken/Yunlin/170 11	9	8	6	22	4	17	4	10	15	0	0	11	0	1	9	9	12	7	2	9	3	3	3	7	14	18	3	12	3	13	5	18	10	23	7	14	10	26	15	13	38	21	24	38	2	29	15	7	11	20	2	9	10	12	7	6	16	27	27	14	5	22	10	
1955_A/chicken/Yunlin/170 10	9	7	5	23	5	18	5	10	15	0	0	11	0	1	9	9	12	6	2	9	3	4	3	7	14	19	3	12	3	12	5	17	9	23	7	14	10	26	15	14	38	21	24	38	3	29	15	6	11	20	2	10	9	12	6	6	15	27	28	14	6	22	10	
1956_A/chicken/Yunlin/170 10	9	7	5	23	5	18	5	10	15	0	0	11	0	1	9	9	12	6	2	9	3	4	3	7	14	19	3	12	3	12	5	17	9	23	7	14	10	26	15	13	38	22	24	39	3	28	15	7	11	20	2	9	9	12	6	6	15	26	28	14	6	23	10	
1957_A/chicken/Yunlin/170 10	9	7	5	23	4	18	5	10	15	0	0	11	0	1	9	9	12	6	2	9	3	4	3	7	14	18	3	12	3	13	5	17	11	23	8	14	10	26	14	14	36	21	24	39	3	28	16	9	10	20	2	7	10	12	6	6	15	27	28	14	6	22	10	
1958_A/chicken/Yunlin/170 10	9	7	5	22	4	18	5	10	14	0	1	11	0	0	9	9	11	6	2	9	3	4	3	7	17	18	3	12	2	14	5	16	10	23	8	15	10	26	14	14	35	21	25	38	3	29	15	7	11	20	2	9	11	12	6	6	15	27	28	15	6	22	10	
1959_A/chicken/Yunlin/180 10	9	6	5	23	4	19	5	10	15	0	0	11	0	1	9	9	12	6	2	9	3	4	3	7	14	18	3	12	3	13	5	16	10	23	8	15	10	26	14	13	37	22	23	40	2	29	15	7	11	20	2	9	11	12	6	7	14	28	29	13	6	21	9	
1960_A/chicken/Yunlin/180 10	9	7	5	23	5	18	5	9	14	0	0	12	0	1	9	9	12	6	2	9	3	4	3	7	14	19	2	12	3	13	5	17	10	22	8	14	11	27	14	14	36	21	23	39	2	29	16	6	11	21	2	10	10	11	6	6	15	27	28	14	6	22	10	
1961_A/chicken/Yunlin/180 10	9	7	5	23	4	18	5	10	15	0	0	11	0	1	9	9	12	6	2	9	3	4	3	7	14	17	3	12	3	14	5	16	10	23	8	14	10	26	14	15	37	22	23	39	2	28	16	7	12	21	2	9	9	11	5	6	15	27	29	14	6	22	10	
1962_A/chicken/Yunlin/180 10	9	7	5	23	4	18	5	10	15	0	0	11	0	1	9	9	12	6	2	9	3	4	3	7	14	17	3	12	3	14	5	16	10	23	8	14	10	26	14	15	37	23	23	39	2	26	17	7	12	21	2	9	9	11	5	6	15	27	29	14	6	22	10	
1963_A/chicken/Yunlin/180 10	9	7	5	23	4	18	5	10	15	0	0	11	0	1	9	9	12	6	2	9	3	4	3	7	14	17	3	12	3	14	5	14	10	23	8	16	10	26	14	15	37	22	23	39	2	28	16	7	12	21	2	9	9	11	5	6	15	27	29	14	6	22	10	
1964_A/chicken/Yunlin/180 10	9	7	5	23	5	18	5	10	14	0	0	11	0	1	9	9	12	6	2	9	3	4	3	7	14	19	2	12	3	13	5	17	10	22	8	14	11	27	14	14	36	20	23	39	2	30	16	6	11	21	2	10	10	11	6	6	15	26	28	14	6	23	10	
1965_A/chicken/Yunlin/180 10	9	7	5	23	4	18	5	9	15	0	0	12	0	1	9	9	12	6	2	9	3	4	3	7	13	17	3	12	4	14	5	17	10	23	8	14	10	26	14	14	37	22	23	39	2	28	16	7	12	21	2	9	9	11	5	6	15	27	29	14	6	22	10	
1966_A/chicken/Yunlin/180 10	9	7	5	23	4	18	5	9	15	0	0	12	0	1	9	9	12	6	2	9	3	4	3	6	13	17	3	13	4	14	5	17	10	23	8	14	10	26	14	14	36	22	22	39	3	28	17	7	12	22	2	9	9	11	5	6	15	27	29	14	6	21	10	
1967_A/chicken/Yunlin/180 10	9	7	5	23	4	18	5	9	15	0	0	12	0	1	9	9	12	6	2	9	3	4	3	6	13	17	3	13	4	14	5	17	10	23	8	14	10	26	14	14	36	23	22	39	3	27	17	7	12	22	2	9	9	11	5	6	15	27	29	14	6	21	10	
1968_A/chicken/Yunlin/180 10	9	7	5	23	4	18	5	10	14	0	0	10	0	1	9	9	12	6	2	9	3	4	3	8	13	19	2	12	4	12	6	17	8	24	8	15	10	25	14	14	38	23	24	40	2	27	15	7	11	20	3	9	11	12	6	6	15	26	27	13	6	23	10	
1969_A/chicken/Yunnan/1/2 11	7	10	4	22	6	13	6	9	15	0	0	8	3	1	9	10	9	7	4	9	5	4	3	8	12	22	5	14	5	9	4	19	8	28	12	14	12	21	9	15	32	24	19	37	6	27	16	9	12	20	5	8	9	12	4	6	16	29	23	12	4	22	14	
1970_A/chicken/Yunnan/207 11	7	9	6	22	6	16	4	6	11	0	0	10	4	1	9	10	10	7	2	9	5	3	2	10	11	22	6	14	5	10	5	19	9	27	10	13	11	21	12	15	33	25	19	37	7	28	15	7	11	22	4	11	10	10	4	6	18	29	27	11	2	21	11	
1971_A/chicken/Yunnan/568 11	7	9	6	22	6	16	4	6	11	0	0	10	4	1	9	10	10	7	2	9	5	3	2	10	11	22	6	14	5	10	5	19	9	27	10	13	11	22	11	15	33	26	19	37	7	27	15	7	11	21	4	11	10	11	4	6	18	30	27	11	2	20	11	
1972_A/chicken/Yunnan/679 11	7	9	6	22	6	16	4	6	11	0	0	10	4	1	9	10	10	7	2	9	5	3	2	10	11	23	6	14	5	9	5	18	9	27	10	14	11	22	11	15	33	25	19	37	7	28	15	7	11	21	4	11	10	11	4	6	18	30	27	11	2	20	11	
1973_A/chicken/Yunnan/688 11	7	9	6	22	6	16	4	6	11	0	0	10	4	1	9	10	10	7	2	9	5	3	2	10	11	22	6	14	5	10	5	19	9	27	10	13	11	22	11	15	33	25	19	37	7	28	15	7	11	21	4	11	10	11	4	6	18	30	27	11	2	20	11	
1974_A/chicken/Zhejiang/1 17	6	10	6	17	7	15	4	6	13	0	0	10	2	1	9	8	10	6	1	10	4	4	3	10	12	21	5	14	6	10	5	18	9	24	12	13	11	23	11	16	33	22	22	37	7	26	17	8	14	21	3	9	8	11	5	8	17	29	28	9	3	21	11	
1975_A/chicken/Zhejiang/1 10	5	9	6	23	6	17	4	8	14	0	0	14	3	1	9	6	9	7	1	12	6	3	3	6	12	18	3	11	5	11	5	20	7	24	9	10	14	25	12	14	33	27	20	38	5	26	18	9	14	19	2	8	9	15	8	6	17	26	23	15	3	22	13	
1976_A/chicken/Zhejiang/1 10	7	9	4	23	7	16	7	5	12	0	0	8	3	1	9	12	10	7	3	7	5	3	3	13	11	21	5	13	6	10	4	19	8	26	12	13	12	22	9	17	34	23	22	36	6	27	13	9	12	19	6	9	9	14	3	7	15	27	20	10	5	22	18	
1977_A/chicken/Zhejiang/2 14	8	8	7	19	5	17	3	9	12	0	0	10	4	1	9	12	11	6	3	8	5	4	1	6	12	20	5	13	4	11	5	16	8	27	10	14	13	20	11	16	35	28	22	37	4	23	17	8	10	22	5	9	10	12	3	12	19	27	23	6	3	22	14	
1978_A/chicken/Zhejiang/2 12	7	10	5	21	6	15	5	7	12	0	0	11	4	1	9	12	12	7	3	7	4	3	1	12	11	17	5	9	5	14	5	21	10	29	9	11	11	19	11	18	33	29	23	36	6	23	14	9	10	21	6	9	11	11	4	6	18	30	23	8	3	20	14	
1979_A/chicken/Zhejiang/2 13	8	8	7	20	5	17	3	9	13	0	0	10	3	1	9	12	12	6	4	8	4	4	0	6	12	19	4	13	4	12	6	18	8	28	9	13	13	19	12	18	36	28	23	37	3	25	13	6	10	22	5	9	10	12	3	11	20	26	25	6	2	23	13	
1980_A/chicken/Zhejiang/5 11	8	8	5	22	5	17	5	4	12	0	0	15	4	1	9	7	10	6	3	12	5	4	1	10	14	19	4	10	3	13	5	14	7	27	8	15	12	22	13	15	39	26	24	37	2	24	14	12	12	21	5	8	9	11	3	4	19	22	32	13	2	28	6	
1981_A/chicken/Zhejiang/5 15	8	10	6	18	6	15	4	5	14	0	0	12	1	1	9	11	11	6	2	7	3	4	2	11	13	20	4	12	5	11	6	17	10	23	10	13	10	25	12	16	33	24	26	37	7	25	12	8	14	22	5	12	8	11	4	5	18	27	31	10	2	22	7	
1982_A/chicken/Zhejiang/6 10	5	8	6	23	6	17	4	5	14	0	0	14	3	1	9	6	8	8	1	12	6	2	3	7	14	17	3	13	4	13	5	20	9	24	9	10	13	25	12	14	30	26	20	38	7	26	19	8	11	21	1	10	10	13	10	6	19	25	25	14	3	23	10	
1983_A/chicken/Zhejiang/6 11	7	9	4	22	6	16	6	5	12	0	0	8	4	1	9	11	10	7	3	9	5	3	2	12	12	22	7	13	5	8	4	24	10	27	13	9	12	22	8	16	33	23	18	37	6	29	16	7	11	19	5	10	9	13	4	6	17	29	23	10	3	22	14	
1984_A/chicken/Zhejiang/7 14	4	9	4	24	6	16	6	6	12	0	0	8	5	1	9	10	10	8	3	7	6	2	3	13	12	22	5	12	5	9	4	19	8	26	12	13	11	22	8	17	35	22	20	36	5	28	17	8	12	18	6	8	9	14	3	6	16	28	21	11	4	23	17	
1985_A/chicken/Zhejiang/7 13	4	9	4	24	6	16	6	6	12	0	0	9	4	1	9	10	10	8	3	7	6	2	3	13	12	22	5	12	5	9	4	20	8	26	12	13	11	22	8	17	35	22	20	36	5	28	17	8	12	18	6	8	9	14	3	6	16	28	21	11	4	23	17	
1986_A/chicken/Zhejiang/7 12	2	8	5	24	7	17	5	7	13	0	0	14	4	1	9	6	10	7	1	11	6	3	3	6	13	18	3	12	5	12	5	19	9	26	10	11	10	24	11	14	32	28	19	38	5	24	20	10	13	17	3	8	9	16	8	7	18	25	24	13	3	24	11	
1987_A/chicken/Zhejiang/7 13	5	9	4	22	6	16	6	5	12	1	0	8	5	0	9	9	10	8	3	9	6	2	3	14	14	22	5	12	5	9	4	20	8	26	12	13	11	22	9	17	33	22	19	36	5	28	17	8	12	18	6	8	9	14	3	6	16	28	21	11	4	23	17	
1988_A/chicken/Zhejiang/7 15	5	8	6	22	6	17	4	7	12	0	0	16	4	1	9	9	11	5	3	8	5	5	1	6	13	21	3	10	3	11	6	13	8	25	8	17	11	24	13	16	38	27	21	36	3	23	17	14	10	20	6	8	10	12	2	3	19	26	32	11	3	24	6	
1989_A/chicken/Zhejiang/7 12	7	9	7	20	6	16	4	9	12	0	0	10	4	1	9	11	12	6	3	9	5	4	1	6	11	20	4	14	4	11	6	16	8	28	10	14	13	19	10	16	36	27	23	37	3	25	14	7	12	22	5	9	9	12	3	12	20	27	26	6	2	22	12	
1990_A/chicken/Zhejiang/8 12	7	9	7	20	6	16	4	9	12	0	0	11	4	1	9	12	12	6	3	8	5	4	1	6	11	20	4	13	4	11	6	16	8	28	10	14	13	18	10	16	36	27	23	37	3	25	14	7	12	22	5	9	9	13	3	12	20	27	26	6	2	22	12	
1991_A/common_mallard/Nin 13	7	8	3	20	7	17	7	10	12	0	0	7	3	1	9	8	10	6	2	10	4	4	3	5	15	23	4	18	3	8	3	18	11	20	10	11	11	27	13	16	33	25	21	37	4	26	19	7	13	22	3	9	8	10	5	7	17	23	26	13	5	26	12	
1992_A/condor/Guangdong/1 11	7	9	6	22	6	15	5	6	11	0	0	10	4	1	9	9	10	7	2	9	5	3	2	11	12	21	6	13	5	10	4	20	10	28	10	13	10	21	11	15	34	25	17	37	6	28	18	8	12	22	4	10	9	10	4	5	18	29	28	12	2	21	10	
1993_A/domestic_green-win 11	7	8	6	22	6	17	4	5	11	0	0	11	4	1	9	9	10	6	2	8	5	4	2	8	14	20	4	16	3	12	4	17	9	25	10	12	11	24	11	16	36	24	21	37	4	27	18	8	11	23	4	11	9	9	4	8	16	23	27	9	7	27	11	
1994_A/duck/Anhui/56/2005 11	7	9	5	22	6	16	5	6	11	0	0	10	4	1	9	10	10	7	2	9	5	3	2	9	13	21	6	14	5	9	4	18	10	28	10	14	10	21	11	17	31	26	20	36	8	29	14	7	11	22	5	10	9	10	3	7	19	29	27	11	3	21	10	
1995_A/duck/Anhui/S4/2016 10	7	9	3	23	7	16	7	5	12	0	0	8	3	1	9	12	10	7	3	7	5	3	3	13	11	21	5	13	6	10	4	19	8	25	12	13	11	23	9	17	35	23	22	36	6	27	14	8	12	19	6	9	9	14	3	8	15	27	19	10	5	22	19	
1996_A/duck/Changhua/15A0 10	8	6	5	23	6	19	5	11	14	0	0	9	1	1	9	9	12	6	2	9	3	4	3	7	14	20	4	12	3	11	5	17	10	24	7	13	10	24	16	15	38	22	23	39	2	28	15	6	11	19	3	10	10	12	5	5	16	28	27	14	5	22	11	
1997_A/duck/Changhua/15A0 10	8	6	5	23	6	19	5	10	14	0	0	9	1	1	9	9	12	6	2	9	3	4	3	8	14	20	4	12	3	11	4	17	10	23	7	13	10	26	15	15	38	22	23	39	2	28	16	6	11	18	3	10	10	13	5	5	16	28	28	14	5	22	10	
1998_A/duck/Chiayi/150800 11	7	9	4	22	8	16	6	5	11	0	0	11	3	1	9	9	10	7	2	9	4	3	3	9	11	22	3	14	7	10	6	14	9	24	7	16	10	24	15	15	38	21	17	37	3	30	20	6	12	22	3	11	9	10	5	7	17	25	24	12	4	25	14	
1999_A/duck/China/0935/20 15	8	10	6	18	6	15	4	5	15	0	0	12	0	1	9	11	11	6	2	7	3	3	2	11	13	20	4	12	5	11	6	18	10	23	10	13	10	25	12	17	33	25	25	36	7	24	13	8	14	24	6	10	8	10	3	6	18	26	28	10	2	23	10	
2000_A/duck/China/0936/20 15	8	10	6	18	6	15	4	5	15	0	0	12	0	1	9	11	11	6	2	7	3	3	2	11	13	20	4	12	5	11	6	18	10	23	10	13	10	25	12	17	33	25	25	36	7	24	13	8	14	24	6	10	8	10	3	6	18	26	28	10	2	23	10	
2001_A/duck/China/0938/20 15	8	10	6	18	6	15	4	5	15	0	0	12	0	1	9	11	11	6	2	7	3	3	2	11	13	20	4	12	5	11	6	18	10	23	10	13	10	25	12	17	33	25	25	36	7	24	13	8	14	24	6	10	8	10	3	6	18	26	28	10	2	23	10	
2002_A/duck/China/1033/20 10	9	10	5	23	7	15	5	6	10	0	0	9	3	1	9	13	8	8	2	7	5	4	2	11	13	19	7	14	5	11	4	19	7	25	14	11	14	21	8	16	30	26	20	35	7	23	17	11	10	19	5	8	11	14	2	6	18	30	23	13	3	21	16	
2003_A/duck/China/E26/201 12	8	11	5	21	6	14	5	8	10	0	0	9	4	1	9	10	9	7	2	9	6	3	2	9	12	22	7	14	5	9	5	20	10	31	9	11	10	19	11	17	34	24	19	37	6	26	16	10	10	22	6	7	10	10	3	7	16	29	25	10	5	22	12	
2004_A/duck/China/E53/201 11	6	9	5	22	6	16	5	5	13	0	0	8	3	1	9	9	10	7	2	10	5	3	2	12	11	22	7	14	6	9	5	20	9	28	12	12	11	22	8	17	32	23	20	37	7	27	15	9	12	18	4	9	8	14	4	6	18	31	26	11	3	20	12	
2005_A/duck/China/YD1516/ 14	8	8	7	20	5	17	3	8	12	0	0	10	4	1	9	12	12	6	4	8	4	4	0	6	12	19	4	13	4	12	6	16	8	28	10	14	13	19	11	16	36	28	23	37	3	25	13	8	9	22	5	9	11	12	3	12	20	27	25	6	2	22	13	
2006_A/duck/Chongqing/S43 13	8	7	5	20	7	18	5	5	10	0	0	11	4	1	9	9	9	6	1	8	6	4	4	9	14	23	2	16	3	8	5	18	8	21	10	12	13	28	11	15	34	22	23	37	4	29	16	7	11	21	5	8	10	11	3	8	18	27	32	13	3	23	7	
2007_A/duck/Dongguan/2685 11	7	9	4	22	6	16	6	5	12	0	0	8	4	1	9	10	10	7	3	9	5	3	3	13	12	22	5	13	5	9	4	20	8	26	11	13	12	23	9	16	34	21	20	37	6	28	16	8	12	19	6	8	9	13	3	6	16	30	22	11	4	22	16	
2008_A/duck/Eastern_China 12	6	10	5	21	7	15	5	8	13	0	1	11	3	0	9	9	11	6	4	8	5	4	0	8	13	21	3	14	3	11	7	16	9	25	10	12	12	25	10	18	36	21	22	36	3	32	13	9	12	20	6	10	9	12	3	7	18	25	26	10	3	25	11	
2009_A/duck/Eastern_China 12	6	10	5	21	7	15	5	9	13	0	1	10	3	0	9	9	11	6	4	8	5	4	0	8	13	21	2	14	3	11	7	17	9	25	10	12	12	26	10	17	35	23	23	37	4	29	14	8	12	20	6	10	9	11	3	7	18	25	27	10	3	25	10	
2010_A/duck/Eastern_China 11	8	10	5	22	6	15	5	6	11	0	0	11	3	1	9	11	9	7	2	9	6	3	2	9	13	22	7	13	4	9	5	19	11	28	10	13	9	21	11	17	33	25	18	37	7	26	17	8	11	20	5	9	9	13	3	5	18	27	24	10	4	22	14	
2011_A/duck/Eastern_China 13	6	8	6	20	7	17	4	8	12	0	1	10	3	0	9	10	8	5	2	7	7	5	2	8	12	19	6	15	5	12	5	16	12	26	10	14	10	23	11	18	32	23	19	37	5	29	17	8	11	21	8	9	9	12	2	7	18	27	23	12	3	22	13	
2012_A/duck/Eastern_China 15	6	10	5	18	7	15	5	8	12	0	1	13	3	0	9	9	11	6	4	7	5	4	0	9	13	21	2	12	3	11	7	16	9	24	9	13	12	26	11	18	35	21	23	36	4	31	14	8	12	19	6	11	9	13	4	6	18	25	25	11	3	25	11	
2013_A/duck/Eastern_China 12	6	10	5	21	7	15	5	9	13	0	1	10	3	0	9	9	11	6	4	8	5	4	0	8	13	21	2	13	4	11	7	17	9	25	10	11	12	26	10	18	36	23	23	37	3	29	14	8	12	20	6	10	9	11	3	7	18	25	27	10	3	25	10	
2014_A/duck/Eastern_China 12	8	8	6	21	5	17	4	5	15	0	0	13	1	1	9	9	12	6	3	9	3	4	1	8	14	19	3	13	3	12	6	17	12	26	9	11	11	22	12	17	34	25	24	37	4	28	12	8	9	22	5	9	12	12	3	9	17	29	24	10	4	20	14	
2015_A/duck/Eastern_China 13	6	10	5	20	8	15	5	8	12	0	1	12	4	0	9	9	10	6	4	8	4	4	0	8	14	21	2	13	3	11	7	15	9	24	10	11	12	26	10	18	35	21	24	37	4	32	12	8	12	19	7	12	10	13	2	7	17	24	25	10	3	26	12	
2016_A/duck/Eastern_China 13	6	10	5	20	8	15	5	9	12	0	1	11	4	0	9	9	11	6	4	7	4	4	0	11	13	21	1	10	3	11	8	15	9	24	9	14	12	26	11	18	35	20	22	35	4	32	15	8	12	19	6	11	9	13	4	6	18	23	24	12	3	27	12	
2017_A/duck/Eastern_China 12	8	8	6	21	5	17	4	8	15	0	1	11	1	0	9	8	12	6	3	10	4	4	1	7	14	19	3	14	2	13	6	17	11	26	9	13	11	22	12	16	35	25	25	36	3	27	13	8	11	22	5	10	9	12	3	9	19	27	26	9	3	21	12	
2018_A/duck/Eastern_China 12	8	8	6	21	5	17	4	8	15	0	1	11	1	0	9	8	12	6	3	10	4	4	1	7	14	19	3	14	2	13	6	17	11	26	9	13	11	22	12	16	35	24	25	36	3	27	13	8	11	22	4	10	9	12	4	9	19	27	26	9	3	21	13	
2019_A/duck/Eastern_China 12	8	8	6	21	5	17	4	8	15	0	1	11	1	0	9	8	12	6	3	10	5	4	1	8	13	19	3	13	2	13	6	16	11	26	9	14	11	22	12	16	35	24	25	36	3	27	13	8	11	22	5	10	9	13	3	9	19	27	26	9	3	21	12	
2020_A/duck/Eastern_China 12	8	8	6	21	5	17	4	8	15	0	1	11	1	0	9	8	12	6	3	10	4	4	1	7	14	19	3	14	2	13	6	17	11	26	9	13	11	22	12	16	35	24	25	36	3	27	13	8	11	22	5	10	9	12	3	9	19	27	26	9	3	22	12	
2021_A/duck/Eastern_China 12	7	9	5	21	6	16	5	8	15	0	1	13	1	0	9	9	11	6	3	9	5	4	2	6	12	21	3	13	4	11	5	19	10	22	10	12	12	25	13	14	33	25	21	36	5	27	16	5	11	23	5	10	9	9	4	9	19	25	27	13	3	25	10	
2022_A/duck/Eastern_China 12	8	8	6	21	5	17	4	6	15	0	1	12	1	0	9	9	12	6	3	9	3	4	1	8	14	19	3	14	3	13	6	16	11	26	9	13	11	22	12	16	34	25	24	36	4	27	13	9	10	22	5	10	11	12	3	9	16	28	24	9	5	21	14	
2023_A/duck/Eastern_China 13	8	8	6	20	5	17	4	10	12	0	1	10	4	0	9	11	12	6	3	8	5	4	1	7	11	19	4	12	4	13	6	16	8	26	10	14	13	21	11	16	36	28	24	37	3	25	12	8	11	21	5	9	9	13	3	12	19	27	25	6	3	22	13	
2024_A/duck/Eastern_China 12	9	9	6	21	4	16	4	5	15	0	1	13	1	0	9	9	12	6	3	9	2	6	1	8	14	19	3	14	3	13	6	17	12	26	9	12	11	21	12	17	34	24	24	36	4	28	13	8	10	22	5	9	11	12	3	8	16	29	24	10	5	20	14	
2025_A/duck/Eastern_China 11	7	9	4	22	6	16	6	4	12	0	1	9	4	0	9	10	10	7	3	9	5	3	3	14	12	22	5	12	5	10	4	20	8	26	11	13	11	23	9	16	36	25	20	37	5	26	16	8	12	19	6	9	9	13	3	5	16	28	22	11	4	22	16	
2026_A/duck/Eastern_China 11	7	9	4	22	6	16	6	4	12	0	1	9	4	0	9	11	10	7	2	10	5	4	3	11	12	22	7	13	5	9	4	24	10	28	13	9	12	20	8	16	33	22	19	37	6	30	15	7	11	20	5	10	9	13	4	6	17	30	23	10	3	20	14	
2027_A/duck/Eastern_China 13	7	11	6	20	5	14	4	7	13	0	1	11	4	0	9	9	10	6	4	7	6	5	0	8	12	21	3	14	4	11	6	16	12	20	10	13	13	27	10	18	33	26	23	37	4	26	14	8	12	20	6	11	9	11	4	7	18	27	24	10	3	24	12	
2028_A/duck/Eastern_China 12	7	9	4	21	6	16	6	4	11	0	1	9	5	0	9	12	10	7	3	8	5	3	3	12	11	23	5	13	6	9	4	21	8	28	12	12	12	21	9	15	36	22	20	37	4	28	16	8	12	18	5	9	10	14	3	5	15	32	24	12	4	19	14	
2029_A/duck/Eastern_China 13	7	6	5	20	8	19	5	6	11	0	1	11	3	0	9	10	9	6	2	8	5	4	3	8	14	21	4	15	4	11	3	20	10	21	9	10	11	27	13	15	33	21	22	37	6	29	18	5	13	22	4	10	8	10	3	6	16	22	29	15	5	28	10	
2030_A/duck/Eastern_China 11	6	8	4	22	8	17	6	7	13	0	1	10	2	0	9	10	11	6	2	8	4	3	3	6	15	21	3	17	2	11	6	17	10	21	8	13	10	28	14	15	39	20	22	37	1	31	15	8	11	22	4	9	10	10	4	8	16	27	30	11	5	23	8	
2031_A/duck/Fujian/1.17_F 16	8	9	5	17	5	16	5	4	15	0	0	12	1	1	9	10	11	6	2	8	4	4	2	11	12	20	3	13	5	10	7	19	7	26	11	13	12	23	10	14	33	28	20	37	8	24	17	7	13	22	3	12	9	11	7	4	18	26	26	12	2	23	10	
2032_A/duck/Fujian/10.26_ 16	8	10	5	17	7	15	5	5	14	0	0	12	1	1	9	11	11	6	2	6	3	4	2	10	13	19	5	13	5	12	6	18	10	23	10	12	10	25	12	16	32	24	22	37	8	25	16	7	11	21	5	14	8	11	4	4	18	27	28	11	4	22	10	
2033_A/duck/Fujian/10.26_ 16	8	10	5	17	7	15	5	5	14	0	0	12	1	1	9	11	11	6	2	6	3	4	2	10	13	19	5	13	5	12	6	18	9	23	10	12	11	25	12	16	32	24	22	37	8	25	16	7	11	21	5	14	8	11	4	4	18	27	29	11	4	22	9	
2034_A/duck/Fujian/11.23_ 16	8	10	5	17	7	15	5	5	14	0	0	12	1	1	9	11	11	6	2	6	3	4	2	10	13	18	5	13	5	12	6	18	10	23	10	12	10	25	12	16	32	25	22	37	8	25	16	7	11	21	5	14	8	11	4	4	18	27	28	11	4	22	10	
2035_A/duck/Fujian/11.23_ 16	8	9	5	16	7	15	5	5	14	0	0	12	1	1	9	11	11	7	2	7	3	4	2	10	13	18	5	13	5	12	6	18	9	23	10	12	11	25	12	15	32	25	22	37	8	25	16	7	11	21	5	14	8	11	4	4	19	27	28	11	4	22	10	
2036_A/duck/Fujian/11.23_ 16	8	10	5	17	7	15	5	5	14	0	0	12	1	1	9	11	11	6	2	6	3	4	2	10	13	19	5	13	5	12	6	18	9	23	10	12	11	25	12	16	32	23	22	37	8	26	16	7	11	21	5	14	8	11	4	4	18	27	29	11	4	22	9	
2037_A/duck/Fujian/11.3_F 16	8	10	5	17	6	15	5	4	14	0	0	13	1	1	9	11	11	6	2	6	3	4	2	13	13	21	3	11	5	10	7	17	8	23	11	14	11	25	11	16	34	24	23	37	7	27	14	8	12	21	5	11	8	11	4	5	19	26	32	10	3	23	6	
2038_A/duck/Fujian/11.3_F 16	8	10	5	17	6	15	5	4	14	0	0	13	1	1	9	11	11	6	2	6	3	4	2	13	13	21	3	11	5	10	7	17	8	23	11	14	11	25	11	16	33	24	23	37	8	27	14	8	12	21	5	11	8	11	4	5	19	26	32	10	3	23	6	
2039_A/duck/Fujian/12.7_F 16	8	10	5	17	6	15	5	4	14	0	0	13	1	1	9	11	11	6	2	6	3	4	2	13	13	21	3	11	5	10	7	17	8	23	11	14	11	25	11	16	33	24	23	37	8	27	14	8	12	21	5	11	8	11	4	5	19	26	32	10	3	23	6	
2040_A/duck/Fujian/12.7_F 16	8	10	5	17	6	15	5	4	14	0	0	13	1	1	9	11	11	6	2	6	3	4	2	13	13	21	3	11	5	10	7	17	8	23	11	14	11	25	11	16	34	24	23	37	7	27	14	8	13	21	5	11	7	11	4	5	19	26	32	10	3	23	6	
2041_A/duck/Fujian/12.7_F 16	8	10	5	17	6	15	5	4	14	0	0	13	1	1	9	11	11	6	2	6	3	4	2	13	13	21	3	11	5	10	7	17	8	23	11	14	11	25	11	16	34	24	23	37	7	27	14	8	13	21	5	11	7	11	4	5	19	26	32	10	3	23	6	
2042_A/duck/Fujian/12.7_F 16	8	10	5	17	6	15	5	4	14	0	0	13	1	1	9	11	11	6	2	6	3	4	2	13	13	21	3	11	5	10	7	17	8	23	11	14	11	25	11	16	34	24	23	37	7	27	14	8	13	21	5	11	7	11	4	5	19	26	32	10	3	23	6	
2043_A/duck/Guangdong/11. 13	9	10	5	20	6	15	5	8	12	0	0	10	2	1	9	9	14	8	2	7	2	2	2	10	9	23	1	12	7	8	8	22	9	25	9	10	11	24	12	16	30	27	25	37	11	25	12	9	9	23	4	9	12	9	5	7	17	31	29	9	4	18	9	
2044_A/duck/Guangdong/11. 13	9	10	5	20	6	15	5	8	12	0	0	10	2	1	9	9	14	8	2	7	2	2	2	10	9	23	1	12	7	8	8	22	9	25	9	10	11	24	12	16	30	27	25	37	11	25	12	9	9	23	4	9	12	9	5	7	17	31	29	9	4	18	9	
2045_A/duck/Guangdong/11. 13	9	10	5	20	6	15	5	8	12	0	0	10	2	1	9	9	14	8	2	7	2	2	2	10	9	23	1	12	7	8	8	22	9	25	9	10	11	24	12	16	30	27	25	37	11	25	12	9	9	23	4	9	12	9	5	7	17	31	29	9	4	18	9	
2046_A/duck/Guangdong/23/ 11	7	9	6	22	6	16	3	6	12	0	0	11	4	1	9	9	10	7	2	9	5	3	2	9	10	20	7	14	7	11	4	20	11	28	11	13	10	21	10	15	33	24	18	37	6	28	17	6	13	21	5	9	10	11	4	9	17	29	26	9	2	21	12	
2047_A/duck/Guangdong/GD0 11	7	9	4	22	6	16	6	5	12	0	0	8	4	1	9	10	10	8	3	9	5	2	3	13	12	21	5	13	5	10	4	20	8	26	11	13	12	23	9	16	34	23	20	37	6	26	17	8	12	19	6	9	9	13	3	5	16	29	23	11	4	22	15	
2048_A/duck/Guangdong/s14 12	8	8	6	21	5	17	4	7	15	0	0	11	1	1	9	8	12	7	3	9	3	3	1	8	14	19	3	14	3	12	6	18	11	25	9	13	11	23	12	16	34	27	23	36	4	26	13	8	10	21	5	9	11	13	3	10	16	27	24	9	5	21	15	
2049_A/duck/Guangdong/wy1 13	6	9	4	20	6	16	6	9	14	0	1	9	3	0	9	8	12	6	2	8	5	4	2	10	12	22	2	13	4	10	7	17	9	24	10	13	12	25	11	17	36	21	24	36	3	31	13	8	10	20	5	10	10	12	2	7	18	26	26	10	4	24	13	
2050_A/duck/Guangdong/wy1 13	6	9	4	20	6	16	6	9	14	0	1	9	3	0	9	9	11	6	2	8	5	4	2	10	12	22	2	13	4	10	7	18	9	26	10	13	12	24	11	16	36	21	24	36	3	31	13	8	10	19	4	10	10	12	3	8	18	25	26	10	4	24	13	
2051_A/duck/Guangdong/wy2 13	6	9	5	20	6	16	5	9	14	0	1	10	3	0	9	10	10	6	3	8	6	4	1	7	12	22	2	14	4	10	7	17	9	25	10	12	12	23	12	17	35	19	24	37	4	33	13	10	11	20	5	9	9	10	4	7	18	25	28	9	4	25	11	
2052_A/duck/Guangzhou/018 12	7	9	4	21	6	16	6	5	12	0	0	8	4	1	9	10	10	7	3	9	5	3	3	13	12	22	5	13	5	9	4	20	8	25	11	13	12	24	9	16	34	22	20	37	6	28	16	8	12	19	6	8	9	13	3	6	16	28	22	11	4	23	16	
2053_A/duck/Guangzhou/021 11	8	9	4	22	6	16	6	5	12	0	0	8	4	1	9	10	9	8	3	9	5	2	3	13	12	21	5	13	5	10	4	20	8	26	11	13	12	23	9	16	34	22	20	37	6	28	16	8	12	19	6	8	9	13	3	6	16	29	22	11	4	22	16	
2054_A/duck/Guangzhou/412 11	8	8	4	22	7	17	6	6	11	0	0	8	3	1	9	11	10	7	3	8	5	3	3	12	12	21	5	13	5	10	4	20	8	27	11	13	12	22	9	16	34	22	20	37	6	28	16	8	12	19	6	8	9	14	2	5	16	27	23	12	4	22	17	
2055_A/duck/Guizhou/7.27_ 11	7	9	4	21	7	16	6	2	12	0	0	10	3	1	9	11	10	7	3	7	5	3	3	12	12	21	5	14	4	9	4	20	8	25	12	12	12	22	9	17	33	24	21	35	6	27	15	8	10	18	6	8	11	13	3	8	16	30	22	10	4	20	16	
2056_A/duck/Guizhou/8.26_ 14	7	10	4	18	7	15	6	3	12	0	0	9	3	1	9	11	11	7	4	7	5	3	2	13	10	21	5	13	5	10	4	20	9	28	11	12	12	20	9	16	32	23	22	35	6	27	14	7	11	18	5	8	10	13	4	10	15	30	24	10	5	20	14	
2057_A/duck/Guizhou/8.26_ 11	7	9	4	22	7	16	6	3	12	0	0	10	3	1	9	12	10	7	3	7	5	3	3	12	12	21	5	14	5	9	4	20	9	26	12	12	12	22	9	17	33	24	21	36	6	27	15	8	10	19	6	9	11	13	3	8	16	30	22	10	4	20	16	
2058_A/duck/Hainan/12.29_ 11	7	10	4	22	7	15	6	4	12	0	0	9	3	1	9	12	10	7	4	7	5	3	2	14	11	21	5	12	6	10	4	20	10	27	11	12	12	22	9	16	32	24	22	36	6	26	14	8	11	19	5	9	10	13	4	10	15	30	22	9	5	20	16	
2059_A/duck/Hebei/0908/20 14	8	8	4	19	6	17	6	8	12	0	0	11	3	1	9	9	7	5	2	9	6	5	3	9	14	23	2	12	5	8	5	19	10	23	8	11	11	24	15	15	34	23	21	37	5	29	17	7	12	24	4	10	9	8	4	6	17	26	28	13	4	24	10	
2060_A/duck/Hong_Kong/342 11	5	9	5	22	9	16	5	7	12	0	1	11	3	0	9	9	10	6	0	10	5	4	4	9	13	19	4	12	4	13	5	16	8	29	8	14	11	20	13	16	33	21	22	37	7	30	16	8	13	20	3	11	9	12	5	4	18	33	27	12	3	17	11	
2061_A/duck/Hsinchu/15020 11	10	6	5	22	4	19	5	10	14	0	0	9	1	1	9	9	12	6	2	9	3	4	3	7	14	20	4	13	3	11	5	17	10	23	7	13	10	26	15	15	38	22	24	39	2	28	14	6	11	19	3	10	10	12	5	5	16	28	27	14	5	22	11	
2062_A/duck/HuBei/03/2010 10	7	10	6	23	8	15	4	4	8	0	0	15	6	1	9	10	11	5	1	10	4	5	3	8	13	21	1	11	4	10	5	15	7	26	6	13	14	24	14	16	32	24	22	37	7	26	20	7	12	19	3	12	8	13	5	8	20	30	27	10	2	20	11	
2063_A/duck/Hubei/2911/20 11	7	9	5	22	6	16	5	6	11	0	0	10	4	1	9	9	10	8	2	8	6	3	2	11	12	21	7	14	4	10	4	19	11	28	10	13	8	20	12	15	33	23	19	37	8	29	16	7	11	22	5	9	9	11	3	8	19	28	25	11	2	20	14	
2064_A/duck/Hubei/49/2005 11	7	9	5	22	6	16	5	6	11	0	0	10	4	1	9	10	10	7	2	9	5	3	2	10	12	21	7	14	5	10	4	19	11	30	10	13	8	19	11	16	34	23	18	37	7	29	17	8	11	21	5	9	9	11	3	7	19	29	25	10	2	21	13	
2065_A/duck/Hubei/SZY250/ 13	8	8	7	21	5	17	3	9	12	0	0	10	4	1	9	12	11	5	4	7	6	4	1	7	11	19	4	12	3	13	6	16	8	28	11	15	13	19	10	15	37	29	23	37	3	24	14	9	9	22	5	8	10	11	4	11	20	27	25	6	2	22	13	
2066_A/duck/Hubei/xn/2007 11	6	9	5	22	6	16	5	7	10	0	0	10	4	1	9	10	11	7	2	9	5	3	2	10	12	22	6	14	5	9	4	19	11	29	10	13	8	20	11	16	34	24	19	36	8	28	17	7	11	21	5	10	9	11	3	7	19	29	27	10	2	21	11	
2067_A/duck/Hunan/01.12_Y 11	7	9	3	22	7	16	7	3	12	0	0	9	3	1	9	12	10	7	3	7	6	3	3	12	10	22	5	15	6	9	4	20	8	24	12	12	13	24	9	17	32	22	21	36	7	28	15	8	11	18	6	9	9	14	3	8	16	30	20	11	5	19	18	
2068_A/duck/Hunan/03.07_Y 10	7	9	3	23	7	16	7	4	13	0	0	10	2	1	9	12	10	7	3	7	5	3	3	11	12	21	5	14	5	10	4	21	8	25	12	12	13	23	9	16	32	22	21	36	7	28	15	8	9	18	6	9	12	14	2	8	15	30	24	10	5	20	15	
2069_A/duck/Hunan/03.07_Y 15	8	9	5	18	6	16	5	5	14	0	0	12	1	1	9	11	10	6	2	7	3	4	2	11	14	20	5	12	5	11	5	15	11	21	10	15	11	26	11	16	33	24	26	37	6	25	12	8	14	23	5	12	8	11	3	6	18	28	30	8	3	22	8	
2070_A/duck/Hunan/03.24_Y 10	7	11	4	23	7	14	6	6	12	0	0	7	3	1	9	11	10	7	3	8	5	3	3	13	11	21	6	13	6	10	4	20	7	27	13	12	12	22	8	19	33	24	20	35	7	25	16	9	12	19	6	9	9	13	3	7	15	29	19	9	5	21	19	
2071_A/duck/Hunan/03.24_Y 10	7	11	4	23	7	14	6	6	12	0	0	7	3	1	9	11	10	7	3	8	5	3	3	13	11	21	6	13	6	10	4	20	8	26	13	12	12	22	8	18	33	24	20	36	7	25	16	9	12	19	6	9	9	13	3	7	15	29	19	9	5	21	19	
2072_A/duck/Hunan/03.24_Y 10	7	11	4	23	7	14	6	6	12	0	0	7	3	1	9	11	10	7	3	8	5	3	3	13	11	21	6	13	6	10	4	20	8	26	13	12	12	22	8	18	33	24	20	36	7	25	16	9	12	19	6	9	9	13	3	7	15	29	19	9	5	21	19	
2073_A/duck/Hunan/03.24_Y 10	7	11	4	23	7	14	6	6	12	0	0	7	3	1	9	11	10	7	3	8	5	3	3	13	11	21	6	13	6	10	4	20	8	26	13	12	12	22	8	18	33	24	20	36	7	25	16	9	12	19	6	9	9	13	3	7	15	28	19	9	5	22	19	
2074_A/duck/Hunan/1.12_YY 13	7	9	4	20	7	16	6	3	11	0	0	9	4	1	9	12	10	7	4	7	5	3	2	13	11	21	5	14	6	10	4	20	10	26	11	12	12	23	9	17	32	23	22	36	6	27	14	8	11	19	5	9	10	13	4	8	15	30	22	10	5	20	16	
2075_A/duck/Hunan/1.12_YY 13	7	9	4	20	7	16	6	3	11	0	0	9	4	1	9	12	10	7	4	7	5	3	2	13	11	21	5	14	6	10	4	20	10	26	11	12	12	23	9	17	32	23	22	36	6	27	14	8	11	19	5	9	10	13	4	8	15	30	22	10	5	20	16	
2076_A/duck/Hunan/1.12_YY 11	7	9	3	22	7	16	7	3	12	0	0	9	3	1	9	12	10	7	3	7	6	3	3	12	10	22	5	15	6	9	4	20	8	24	12	12	13	24	9	17	32	22	21	36	7	28	15	7	11	18	6	10	9	14	3	8	16	30	20	11	5	19	18	
2077_A/duck/Hunan/1.17_YY 18	8	10	6	15	6	15	4	5	14	0	0	12	1	1	9	11	11	6	2	7	3	4	2	11	13	20	4	12	5	11	6	17	10	23	10	14	10	25	12	16	33	24	26	37	7	25	12	8	12	22	5	10	10	11	4	7	18	27	29	9	2	22	9	
2078_A/duck/Hunan/11.30_Y 16	8	10	5	17	7	15	5	5	14	0	0	12	1	1	9	10	11	6	2	7	3	4	2	10	13	19	5	13	5	12	6	18	10	23	10	12	9	25	12	16	32	24	22	37	8	25	16	7	11	20	5	14	9	12	4	4	18	27	29	11	4	22	9	
2079_A/duck/Hunan/11.30_Y 10	7	9	4	23	7	16	6	4	12	0	0	9	3	1	9	12	10	7	3	7	5	3	3	11	12	21	5	15	5	10	5	20	9	26	12	12	13	22	9	17	32	21	21	36	6	29	14	7	11	18	7	9	9	14	2	9	16	30	22	10	5	20	16	
2080_A/duck/Hunan/11.30_Y 11	7	9	4	22	7	16	6	4	12	0	0	9	3	1	9	12	10	7	3	7	5	3	3	11	12	21	5	15	5	10	5	20	9	26	12	12	13	22	9	17	32	22	21	36	6	28	14	7	11	18	7	9	9	14	2	9	16	30	22	10	5	20	16	
2081_A/duck/Hunan/11.30_Y 13	7	8	4	20	7	17	6	10	12	0	0	10	3	1	9	8	10	6	2	10	4	4	3	6	15	24	3	14	3	7	4	18	10	23	9	11	12	26	13	16	34	22	20	37	5	26	21	6	13	23	3	9	8	9	5	7	17	26	26	14	3	24	12	
2082_A/duck/Hunan/11.30_Y 13	7	8	4	20	7	17	6	10	12	0	0	10	3	1	9	8	10	6	2	10	4	4	3	6	15	24	3	14	3	7	4	18	10	23	9	11	12	26	13	16	34	22	20	37	5	27	20	6	13	23	3	9	8	9	5	7	17	26	26	14	3	24	12	
2083_A/duck/Hunan/12.27_Y 18	8	10	6	15	6	15	4	5	14	0	0	12	1	1	9	11	11	6	2	7	3	4	2	11	13	20	4	12	5	11	6	17	10	23	10	14	10	25	12	16	33	24	26	37	7	25	12	8	12	22	5	11	10	11	4	6	18	27	29	9	2	22	9	
2084_A/duck/Hunan/12.27_Y 14	7	10	6	19	6	15	4	5	14	0	0	12	1	1	9	12	12	6	2	7	3	4	2	11	13	20	4	11	5	11	6	16	10	23	10	14	10	25	12	16	33	24	27	37	7	25	11	9	14	22	5	11	8	11	4	7	17	29	31	8	2	21	7	
2085_A/duck/Hunan/12.27_Y 18	8	10	6	15	6	15	4	5	14	0	0	12	1	1	9	11	11	6	2	7	3	4	2	11	13	20	4	12	5	11	6	17	10	23	10	14	10	25	12	16	33	24	26	37	7	25	12	8	12	22	5	11	10	11	4	6	18	27	29	9	2	22	9	
2086_A/duck/Hunan/12.27_Y 14	8	10	6	19	6	15	4	5	14	0	0	12	1	1	9	12	11	6	2	7	3	4	2	11	13	20	4	11	5	11	6	16	10	23	10	14	10	25	12	16	33	24	27	37	7	25	11	9	14	22	5	11	8	11	4	6	17	29	31	9	2	21	7	
2087_A/duck/Hunan/12.27_Y 18	8	10	6	15	6	15	4	5	14	0	0	12	1	1	9	11	11	6	2	7	3	4	2	11	13	20	4	12	5	11	6	17	10	24	10	14	10	24	12	16	33	24	26	37	7	25	12	8	12	22	5	11	10	11	4	6	18	27	29	9	2	22	9	
2088_A/duck/Hunan/12.27_Y 14	7	10	6	18	6	15	4	6	14	0	0	12	1	1	9	12	12	6	2	7	3	4	2	11	13	20	4	11	5	11	6	16	10	23	10	14	10	25	12	16	33	24	27	37	7	25	11	9	14	22	5	11	8	11	4	7	17	29	31	8	2	21	7	
2089_A/duck/Hunan/12.27_Y 18	8	10	6	15	6	15	4	5	14	0	0	12	1	1	9	11	11	6	2	7	3	4	2	11	13	20	4	12	5	11	6	17	10	23	10	14	10	25	12	16	33	24	26	37	7	25	12	8	12	22	5	11	10	11	4	6	18	27	29	9	2	22	9	
2090_A/duck/Hunan/12.27_Y 18	8	10	6	15	6	15	4	5	14	0	0	12	1	1	9	11	11	6	2	7	3	4	2	11	13	20	4	12	5	11	6	17	10	23	10	14	10	25	12	16	33	24	26	37	7	25	12	8	12	22	5	11	10	11	4	6	18	27	29	9	2	22	9	
2091_A/duck/Hunan/12.27_Y 18	8	10	6	15	6	15	4	5	14	0	0	12	1	1	9	11	11	6	2	7	3	4	2	11	13	20	4	12	5	11	6	17	10	23	10	14	10	25	12	16	33	24	26	37	7	25	12	8	12	22	5	11	10	11	4	6	18	27	29	9	2	22	9	
2092_A/duck/Hunan/12.27_Y 18	8	10	6	15	6	15	4	5	14	0	0	12	1	1	9	11	11	6	2	7	3	4	2	11	13	20	4	12	5	11	6	17	10	23	10	14	10	25	12	16	33	24	26	37	7	25	12	8	12	22	5	11	10	11	4	6	18	27	29	9	2	22	9	
2093_A/duck/Hunan/12.27_Y 18	8	11	6	15	6	15	4	5	14	0	0	12	1	1	9	11	11	6	2	7	3	4	2	11	13	20	4	12	5	11	6	17	10	22	10	14	10	25	12	16	33	24	26	37	7	25	12	8	12	22	5	11	10	11	4	6	18	27	29	9	2	22	9	
2094_A/duck/Hunan/12.27_Y 18	8	10	6	15	6	15	4	5	14	0	0	12	1	1	9	11	11	6	2	7	3	4	2	11	13	20	4	12	5	11	6	17	10	23	10	14	10	25	12	16	33	24	26	37	7	25	12	8	12	22	5	11	10	11	4	6	18	27	29	9	2	22	9	
2095_A/duck/Hunan/2.06_YY 10	7	9	3	23	7	16	7	4	13	0	0	10	2	1	9	12	10	7	3	7	5	3	3	11	12	21	5	14	5	10	4	21	8	26	12	12	13	22	9	16	32	22	21	36	7	28	15	8	10	18	6	9	11	14	2	8	15	30	24	10	5	20	15	
2096_A/duck/Hunan/2.06_YY 12	7	8	5	21	7	17	5	2	12	0	0	11	3	1	9	12	10	7	4	7	5	3	2	14	11	21	6	12	6	10	3	20	9	26	11	12	12	23	9	17	32	23	21	36	6	27	15	7	12	19	4	10	9	13	5	9	15	31	22	9	6	19	16	
2097_A/duck/Hunan/2.06_YY 10	7	9	3	23	7	16	7	4	13	0	0	10	2	1	9	12	10	7	3	7	5	3	3	11	12	21	5	14	5	10	4	21	8	26	12	12	13	22	9	16	32	22	21	36	7	28	15	8	10	18	6	9	11	14	2	8	15	30	24	10	5	20	15	
2098_A/duck/Hunan/2.06_YY 10	7	9	3	23	7	16	7	4	13	0	0	10	2	1	9	12	10	7	3	7	5	3	3	11	12	21	5	14	5	10	4	21	8	26	12	12	13	22	9	16	32	22	21	36	7	28	15	8	10	18	6	9	11	14	2	8	15	30	24	10	5	20	15	
2099_A/duck/Hunan/3/2007_ 10	8	10	5	23	5	15	5	6	11	0	0	11	3	1	8	10	9	7	2	9	6	3	2	9	13	22	7	14	4	9	6	19	11	28	10	13	10	21	11	16	34	25	18	37	6	27	16	8	11	21	5	9	9	12	3	6	18	27	24	11	3	22	14	
2100_A/duck/Hunan/316/200 11	7	9	6	22	5	16	4	6	12	0	0	10	4	1	9	10	10	7	2	9	5	3	2	10	12	21	8	13	5	11	3	19	11	29	10	13	8	20	11	17	34	25	17	37	6	28	17	7	11	22	5	10	9	10	3	7	19	28	27	10	2	22	11	
2101_A/duck/Hunan/3315/20 11	7	9	5	22	6	16	5	6	11	0	0	10	4	1	9	11	10	7	2	8	5	3	2	11	12	21	7	13	5	10	4	18	11	30	9	14	8	19	12	16	33	23	17	37	8	29	17	7	11	21	5	10	9	11	4	8	19	29	24	9	2	21	14	
2102_A/duck/Hunan/689/200 12	7	9	5	21	6	16	5	6	11	0	0	10	4	1	9	10	10	6	2	8	6	4	2	11	11	20	7	14	5	11	4	18	13	28	10	13	8	20	12	15	32	23	19	38	7	29	16	8	10	22	5	9	9	10	3	8	20	29	27	10	2	21	11	
2103_A/duck/Hunan/7.21_YY 10	7	8	4	22	7	17	6	4	11	0	0	8	4	1	9	12	10	7	3	6	5	3	3	13	11	21	5	13	5	10	4	19	7	26	12	13	12	21	9	17	33	23	21	36	6	27	15	8	11	18	6	8	10	13	3	8	15	29	21	10	5	21	17	
2104_A/duck/Hunan/733/200 11	7	9	6	22	6	16	4	6	11	0	0	10	4	1	9	10	10	7	2	9	5	3	2	10	12	21	6	14	5	10	4	19	11	29	10	13	9	20	11	15	33	24	19	37	7	28	17	7	10	22	5	10	11	10	3	8	18	29	27	10	2	21	11	
2105_A/duck/Hunan/8/2008_ 8	6	8	4	25	8	17	6	10	12	0	0	8	3	1	9	7	8	6	2	10	6	4	3	12	16	20	2	10	3	11	5	17	10	24	10	12	10	24	12	16	36	24	22	37	4	28	16	6	12	19	4	11	10	13	5	7	16	24	26	12	4	26	11	
2106_A/duck/Hunan/S4020/2 11	7	9	5	22	6	16	5	7	10	0	0	11	5	1	9	10	9	7	1	9	6	3	3	7	13	22	7	15	4	9	5	19	11	28	12	13	9	22	9	17	33	25	17	36	7	27	17	8	11	19	5	9	9	14	2	6	19	25	25	11	2	24	13	
2107_A/duck/Hunan/S4030/2 10	7	9	5	23	5	16	5	5	12	0	0	9	4	1	9	10	10	7	2	10	5	3	2	8	12	23	7	16	5	8	5	20	10	27	13	13	10	22	8	15	30	23	19	37	9	27	16	9	12	17	4	9	8	15	4	5	21	31	24	12	1	20	14	
2108_A/duck/Hunan/S4101/2 12	9	6	4	21	5	19	6	7	12	0	0	12	3	1	9	10	10	6	2	9	4	5	3	7	14	21	3	12	4	9	3	17	9	23	8	13	12	24	15	16	34	24	20	37	5	28	19	7	12	23	3	10	9	9	5	7	16	24	29	12	5	26	9	
2109_A/duck/Hunan/S4120/2 12	9	6	4	21	5	19	6	7	12	0	0	12	3	1	9	10	10	6	2	9	4	5	3	7	14	21	3	12	4	9	3	17	9	23	8	13	12	24	15	16	34	23	20	37	5	29	19	6	12	23	3	11	9	9	5	7	16	25	29	12	5	25	9	
2110_A/duck/Hunan/S4150/2 12	6	9	6	21	7	16	4	8	10	0	0	9	4	1	9	10	9	9	2	9	6	1	2	9	13	21	7	14	4	10	5	18	11	24	10	14	10	25	11	15	32	25	19	38	7	26	16	8	11	20	6	9	10	13	3	7	17	25	21	10	4	24	16	
2111_A/duck/Hunan/S4220/2 12	6	9	6	21	7	16	4	8	10	0	0	9	4	1	9	10	9	9	2	9	6	1	2	9	13	20	7	14	4	11	5	18	11	24	10	14	9	25	11	15	34	26	18	38	7	26	16	8	11	20	6	9	10	13	3	6	17	26	22	10	4	23	15	
2112_A/duck/Jiangsu/m234/ 15	9	9	5	18	5	16	5	7	12	0	0	13	3	1	9	9	7	4	2	9	6	6	3	8	14	20	2	12	5	11	5	19	11	23	8	10	13	24	15	15	34	23	20	37	3	28	19	6	12	24	3	11	8	8	5	6	18	24	32	13	4	25	7	
2113_A/duck/Jiangxi/01.11 12	7	8	4	21	7	17	6	3	11	0	0	10	4	1	9	12	11	7	3	7	4	3	3	13	12	20	5	13	5	11	4	20	8	24	12	12	12	24	9	16	32	23	21	37	8	27	15	8	11	20	6	9	10	12	3	8	15	29	22	10	5	21	16	
2114_A/duck/Jiangxi/10160 11	7	9	4	22	6	16	6	5	12	0	0	8	4	1	9	11	10	7	2	9	5	3	3	12	12	22	7	13	5	8	4	24	10	27	13	9	12	22	8	16	33	24	18	37	6	28	16	7	11	19	5	10	9	13	4	6	17	29	22	10	3	22	15	
2115_A/duck/Jiangxi/11.17 15	8	9	5	17	5	17	5	6	12	0	0	9	4	1	9	11	10	6	1	8	4	4	3	10	12	20	4	14	6	11	6	18	8	27	7	11	12	22	13	17	30	22	20	37	10	30	16	11	12	25	5	10	9	7	4	3	16	25	30	11	5	24	9	
2116_A/duck/Jiangxi/11.17 15	8	9	5	17	5	17	5	6	12	0	0	9	4	1	9	11	10	6	1	8	4	4	3	10	12	20	4	14	6	11	6	18	8	27	7	11	12	22	13	17	30	22	20	37	10	30	16	11	12	25	5	10	9	7	4	3	16	25	30	11	5	24	9	
2117_A/duck/Jiangxi/11.29 13	9	11	5	20	6	14	5	8	12	0	0	10	2	1	9	10	13	7	2	6	2	3	2	10	11	21	1	12	6	9	8	23	9	24	9	9	11	24	13	15	32	29	25	37	9	24	12	10	10	23	4	8	11	9	5	7	19	31	29	9	3	18	9	
2118_A/duck/Jiangxi/11.29 14	8	10	6	19	6	15	4	5	14	0	0	12	1	1	9	12	11	6	2	7	3	4	2	11	13	20	4	11	5	11	5	16	10	22	9	14	10	25	14	16	34	24	26	37	6	25	13	10	14	22	5	10	8	11	4	6	17	28	31	9	3	21	7	
2119_A/duck/Jiangxi/11.29 12	7	7	4	20	7	18	6	2	13	0	0	10	2	1	9	11	10	7	3	7	5	3	3	14	12	21	5	13	4	10	4	17	8	25	11	14	12	22	10	16	32	25	21	35	7	25	15	9	10	18	6	8	11	13	3	8	15	29	23	10	5	21	15	
2120_A/duck/Jiangxi/120/2 12	6	9	6	21	8	16	4	8	11	0	0	15	3	1	9	7	9	7	2	11	7	3	2	6	12	19	3	12	4	12	6	18	8	27	12	14	13	21	10	15	34	25	20	34	5	27	17	7	12	22	2	10	9	10	7	7	17	25	24	14	3	25	13	
2121_A/duck/Jiangxi/130/2 12	6	9	6	21	7	16	4	8	10	0	0	9	4	1	9	10	9	9	2	9	6	1	2	8	14	22	7	14	4	9	5	18	11	26	10	14	9	23	11	15	32	26	18	38	8	26	16	9	12	18	7	7	9	14	3	8	17	27	22	10	4	22	15	
2122_A/duck/Jiangxi/13469 11	7	9	4	22	6	16	6	5	12	0	0	8	4	1	9	11	10	7	2	10	5	3	3	11	12	22	7	13	5	8	4	24	10	28	13	9	12	21	8	16	33	23	19	37	6	29	15	7	11	20	5	10	9	13	4	6	17	30	23	10	3	20	14	
2123_A/duck/Jiangxi/13475 11	7	9	4	22	6	16	6	5	12	0	0	8	4	1	9	11	10	7	2	10	5	3	3	11	12	22	7	13	5	8	4	24	10	28	13	9	12	21	8	16	33	23	19	37	6	29	15	7	11	20	5	10	9	13	4	6	17	30	23	10	3	20	14	
2124_A/duck/Jiangxi/13484 11	7	9	4	22	6	16	6	5	12	0	0	8	4	1	9	11	10	7	2	10	5	3	3	11	12	22	7	13	5	8	4	24	10	28	13	9	12	21	8	16	33	23	19	37	6	29	15	7	11	20	5	10	9	13	4	6	17	30	23	10	3	20	14	
2125_A/duck/Jiangxi/2.28N 11	7	9	4	22	7	16	6	4	12	0	0	9	3	1	9	13	10	7	3	6	5	3	3	11	12	20	4	15	5	11	5	20	9	25	12	12	13	23	9	18	32	23	21	36	6	27	15	7	11	20	6	9	9	14	2	8	17	29	22	10	4	20	16	
2126_A/duck/Jiangxi/2.28_ 11	7	9	4	22	7	16	6	4	12	0	0	9	3	1	9	13	10	7	3	6	5	3	3	11	12	20	4	15	5	11	5	20	9	25	12	12	13	23	9	18	32	23	21	36	6	27	15	7	11	20	6	9	9	14	2	8	17	29	22	10	4	20	16	
2127_A/duck/Jiangxi/34/20 10	7	9	5	23	6	16	5	7	10	0	0	7	4	1	9	9	11	7	2	10	4	3	2	10	11	22	7	16	6	9	5	21	7	28	11	12	12	21	9	14	32	24	19	37	9	26	16	8	12	18	5	9	9	14	3	8	18	31	24	11	3	20	14	
2128_A/duck/Jiangxi/35/20 9	6	9	6	24	7	16	4	4	10	0	0	6	4	1	9	8	11	5	3	11	4	5	1	7	12	22	3	22	5	9	6	19	8	26	9	13	13	24	12	16	36	22	18	37	3	27	20	6	14	18	5	10	8	13	3	6	18	28	27	13	3	23	11	
2129_A/duck/Jiangxi/44/20 10	5	11	3	23	9	14	7	9	13	0	0	10	2	1	9	8	10	5	4	8	4	5	1	10	14	22	3	13	4	9	6	17	7	28	8	12	12	23	12	16	34	24	23	36	8	25	16	10	13	17	2	7	8	13	6	8	17	25	30	12	3	26	8	
2130_A/duck/Jiangxi/5.26_ 14	6	6	6	19	7	19	4	3	11	0	0	11	4	1	9	11	10	6	2	8	5	4	4	10	12	21	4	14	5	10	4	19	9	22	7	12	13	27	14	15	31	21	18	38	7	30	18	10	11	18	5	9	11	15	4	6	15	27	21	12	5	22	16	
2131_A/duck/Jiangxi/80/20 10	7	9	6	23	6	16	4	6	11	0	0	11	4	1	9	10	9	7	2	9	6	3	2	10	11	20	5	13	6	11	6	18	9	27	10	15	11	22	11	15	32	24	19	37	8	28	16	8	9	23	5	10	12	9	3	6	18	28	29	10	2	22	9	
2132_A/duck/Jilin/JL-SIV/ 11	7	10	5	22	6	15	5	5	11	0	0	12	4	1	9	10	10	7	2	10	5	3	2	9	14	21	7	13	3	10	4	21	11	29	11	12	8	20	10	15	35	24	19	38	5	27	17	6	11	21	4	11	9	11	4	7	18	28	24	10	3	22	14	
2133_A/duck/Kaohsiung/150 10	8	6	5	23	6	19	5	10	14	0	0	9	1	1	9	9	12	6	2	9	3	4	3	7	14	20	4	13	3	11	5	17	10	24	7	13	10	25	15	15	38	22	23	38	2	28	15	7	11	19	3	10	10	12	5	5	16	27	28	14	5	22	11	
2134_A/duck/Kaohsiung/15W 13	6	7	4	20	8	18	6	6	12	0	0	12	3	1	9	8	9	7	2	9	5	3	3	11	13	22	2	12	5	9	5	19	13	21	9	11	11	27	13	15	30	22	20	37	5	29	19	7	13	23	4	10	9	10	5	5	18	28	25	14	3	21	12	
2135_A/duck/Kaohsiung/20W 13	7	9	5	20	7	16	5	6	12	0	0	9	3	1	9	10	10	8	2	9	5	2	3	9	14	22	3	15	3	8	4	17	9	24	11	12	12	24	11	15	36	27	22	37	3	25	17	5	9	21	3	12	12	13	5	4	20	25	30	15	2	23	8	
2136_A/duck/Liaoning/LN/2 14	6	5	4	19	8	20	6	6	12	0	0	11	3	1	9	9	9	6	1	9	5	5	3	11	13	22	2	12	5	9	5	19	10	21	9	11	11	26	14	15	34	23	17	37	5	29	21	5	12	22	3	12	9	10	5	7	17	26	28	12	4	24	10	
2137_A/duck/Nanchang/9789 11	7	9	4	22	6	16	6	5	12	0	0	7	4	1	9	10	10	7	2	9	5	3	3	13	12	22	7	14	5	9	4	23	8	29	12	11	12	20	8	15	33	24	21	37	7	26	15	7	12	19	5	9	9	13	3	7	17	31	23	10	3	20	15	
2138_A/duck/Nantou/15A343 10	8	6	5	23	6	19	5	10	14	0	0	9	1	1	9	9	12	6	2	9	3	4	3	8	14	20	4	12	3	11	4	17	10	23	7	13	10	26	15	15	38	22	23	39	2	28	16	6	11	18	3	10	10	13	5	5	16	28	28	14	5	22	10	
2139_A/duck/Nantou/17A024 10	9	7	5	23	4	18	5	10	15	0	0	11	0	1	9	9	12	6	2	9	3	4	3	7	15	18	3	12	2	13	5	17	10	23	7	14	10	26	15	13	38	21	24	39	2	29	15	7	11	21	2	9	10	12	6	6	15	27	28	14	6	21	10	
2140_A/duck/Pingtung/1501 15	8	6	5	18	6	19	5	6	12	0	0	15	3	1	9	9	8	5	2	9	5	5	3	9	14	22	3	10	5	9	4	18	9	26	9	13	11	23	13	15	32	22	20	37	7	29	19	7	13	22	3	9	7	10	5	7	15	27	27	13	6	23	11	
2141_A/duck/Pingtung/1501 10	8	6	5	23	6	19	5	10	14	0	0	9	1	1	9	10	12	6	2	8	4	4	3	7	13	20	4	13	3	11	5	17	10	24	7	13	11	24	15	15	38	22	23	39	2	28	15	7	11	19	3	10	10	12	5	5	16	28	28	13	5	22	10	
2142_A/duck/Pingtung/17A0 10	9	7	5	23	4	18	5	10	15	0	0	11	0	1	9	9	12	6	2	9	3	4	3	7	14	18	3	12	3	13	5	17	10	23	7	14	10	26	15	13	38	21	24	39	2	29	15	7	11	20	2	9	10	12	6	6	15	27	28	14	6	22	10	
2143_A/duck/Pingtung/18A0 10	9	8	5	23	4	17	5	10	14	0	0	11	1	1	9	9	11	6	2	9	3	4	3	7	14	18	3	12	3	13	4	17	11	23	7	14	10	26	15	13	37	21	24	38	3	28	17	7	11	23	2	9	10	10	6	6	15	28	28	15	6	20	10	
2144_A/duck/Pingtung/18A0 10	9	7	5	23	4	19	5	11	15	0	0	11	0	1	9	9	12	6	2	8	3	3	3	7	14	19	3	12	3	12	4	16	11	21	5	15	10	28	17	13	37	22	23	39	2	28	17	7	11	21	2	8	10	11	6	7	15	26	26	14	6	23	12	
2145_A/duck/Pingtung/18X0 13	10	11	5	20	5	14	5	6	11	0	0	9	4	1	9	11	8	7	1	10	4	3	3	11	12	20	5	11	8	11	3	15	9	27	7	10	9	20	16	21	37	23	22	36	4	30	15	9	11	17	3	11	10	16	3	2	18	27	33	14	3	21	8	
2146_A/duck/Shandong/009/ 9	7	8	7	24	7	17	3	6	11	0	0	16	4	1	9	7	10	7	1	12	4	4	2	6	11	19	4	11	7	11	6	19	8	24	9	10	13	25	12	15	33	26	19	37	6	25	19	8	11	16	3	10	10	17	6	7	16	25	26	13	4	24	11	
2147_A/duck/Shandong/Q1/2 13	8	8	6	21	5	17	4	6	14	0	0	11	2	1	9	10	12	6	3	8	3	4	1	8	14	19	3	14	3	12	6	16	11	27	9	13	11	21	12	16	34	25	23	36	4	27	14	9	10	22	5	8	10	12	3	11	17	28	24	9	5	21	14	
2148_A/duck/Shandong/SD02 12	8	9	4	21	7	16	6	7	13	0	0	11	2	1	9	8	10	7	1	9	5	3	4	6	15	23	3	17	3	8	4	18	9	23	8	12	13	25	14	16	35	22	23	37	3	29	16	8	12	21	3	6	8	11	6	7	15	23	21	14	5	27	16	
2149_A/duck/Shandong/SD02 12	8	9	4	21	7	16	6	7	13	0	0	11	2	1	9	8	10	7	1	9	5	3	4	6	15	23	3	17	3	8	4	18	9	23	8	12	13	25	14	16	35	22	23	37	3	29	16	8	12	21	3	6	8	11	6	7	15	23	21	14	5	27	16	
2150_A/duck/Sichuan/NCXJ1 10	7	9	4	23	6	16	6	5	13	0	0	8	3	1	9	11	10	7	3	9	5	3	2	12	12	22	6	13	5	8	5	24	10	27	13	9	12	22	8	16	33	24	17	37	6	30	15	7	11	18	4	10	9	14	5	5	16	29	23	11	4	22	14	
2151_A/duck/Sichuan/NCXJ1 10	7	9	4	23	6	16	6	5	13	0	0	8	3	1	9	11	10	7	3	8	5	3	2	13	12	22	7	13	5	8	4	24	10	27	13	9	12	22	8	16	33	24	17	37	6	29	16	7	11	19	4	10	9	13	5	5	16	29	23	11	4	22	14	
2152_A/duck/Sichuan/NCXN1 11	7	9	4	22	6	16	6	5	12	0	0	8	4	1	9	10	10	7	2	9	5	3	4	12	12	22	5	14	5	9	4	19	8	27	12	13	12	22	9	15	34	23	20	37	6	28	15	9	11	19	5	9	10	13	3	6	16	30	24	11	4	21	14	
2153_A/duck/Sichuan/NCXN1 11	7	9	4	22	6	16	6	4	12	0	0	8	4	1	9	10	10	7	2	9	5	3	4	13	12	22	5	14	5	9	4	19	8	27	12	13	12	22	9	15	34	23	20	37	6	28	15	9	11	19	5	9	10	13	3	6	16	30	25	11	4	21	13	
2154_A/duck/Sichuan/SC482 15	6	9	5	18	6	16	5	5	15	0	0	11	2	1	9	12	11	6	2	7	3	4	2	12	13	21	5	11	5	10	5	18	9	24	11	13	10	25	11	17	35	24	24	36	6	27	12	7	13	19	5	12	8	13	4	5	19	29	29	10	2	20	9	
2155_A/duck/Sichuan/SC569 15	6	9	5	18	6	16	5	5	15	0	0	11	2	1	9	12	10	6	2	7	4	4	2	12	13	21	5	11	5	10	5	18	9	24	11	13	10	25	11	17	35	24	24	36	6	27	12	7	13	19	5	12	8	13	4	5	19	29	29	10	2	20	9	
2156_A/duck/Taichung/1501 10	8	6	5	23	6	19	5	11	14	0	0	8	1	1	9	9	12	6	2	9	3	4	3	7	14	20	4	13	3	11	5	17	10	23	7	13	10	26	15	15	38	22	23	39	2	27	16	6	11	19	3	10	10	12	5	5	16	28	28	14	5	22	10	
2157_A/duck/Tainan/150104 11	7	9	4	22	8	16	6	4	11	0	0	11	3	1	9	9	10	7	2	9	4	3	3	10	11	22	3	14	7	10	6	15	9	25	7	15	10	23	15	15	37	22	17	37	3	29	20	6	12	22	4	11	9	10	4	7	18	25	23	12	4	25	15	
2158_A/duck/Tainan/160100 10	8	6	5	23	6	19	5	11	14	0	0	9	1	1	9	9	12	6	2	9	3	4	3	6	14	20	4	13	3	11	5	17	10	24	8	13	10	25	14	15	38	22	23	39	2	28	15	7	11	20	3	10	11	11	3	6	15	29	29	12	6	21	10	
2159_A/duck/Tainan/16WB34 12	7	8	5	21	8	17	5	5	11	0	0	10	3	1	9	8	10	5	1	10	4	5	4	8	15	22	3	17	3	8	5	20	9	22	9	11	14	26	13	14	32	22	22	37	5	30	16	7	12	21	3	8	9	11	5	7	17	24	29	13	5	26	9	
2160_A/duck/Taipei/05WB83 13	5	7	5	20	7	18	5	4	11	0	0	8	5	1	9	9	11	5	3	10	3	5	2	10	14	18	2	17	4	13	6	17	11	26	8	12	12	23	13	16	34	20	20	37	2	32	18	9	15	21	5	11	9	11	4	7	16	25	26	9	3	25	11	
2161_A/duck/Taipei/18WB01 12	8	6	5	21	6	19	5	5	11	0	0	13	4	1	9	9	8	6	2	9	6	4	2	8	14	19	3	14	4	12	6	18	12	20	8	12	9	28	14	16	33	26	21	36	6	26	16	8	11	23	4	8	10	9	4	7	17	26	28	13	4	24	10	
2162_A/duck/Taipei/19WB02 13	7	6	6	20	7	19	4	4	12	0	0	11	3	1	9	10	11	8	2	8	4	2	3	10	14	22	4	15	3	9	4	18	9	26	10	11	12	22	12	16	37	25	27	37	2	25	12	6	10	19	3	11	13	15	5	4	17	26	27	15	2	22	11	
2163_A/duck/Taiwan/01006/ 10	8	6	5	23	6	19	5	10	14	0	0	9	1	1	9	9	12	6	2	9	3	4	3	7	14	20	4	13	3	11	5	17	10	24	7	13	10	25	15	15	38	22	23	39	2	28	15	6	11	19	3	10	10	12	5	5	16	28	28	14	5	22	10	
2164_A/duck/Taiwan/11213/ 14	6	6	4	19	8	19	6	6	12	0	0	10	3	1	9	9	9	5	2	9	5	5	3	10	13	22	3	14	5	9	3	19	9	22	9	11	12	26	13	15	32	23	17	38	7	28	23	5	11	22	3	12	10	10	5	7	17	26	28	11	4	24	10	
2165_A/duck/Taiwan/11254/ 14	6	6	4	19	8	19	6	6	12	0	0	9	3	1	9	8	9	5	2	9	5	5	3	10	13	22	3	15	5	9	3	20	9	22	9	11	12	26	13	15	32	23	17	38	7	28	23	5	11	23	3	12	10	9	5	7	17	26	29	11	4	24	9	
2166_A/duck/Taiwan/A3400/ 15	8	6	5	18	6	19	5	6	12	0	0	15	3	1	9	9	8	5	2	9	5	5	3	9	14	22	3	10	5	9	4	18	10	25	9	13	11	23	13	15	33	22	20	37	6	29	19	8	13	22	3	9	7	10	5	6	16	27	27	12	6	23	11	
2167_A/duck/Taiwan/DV1238 13	6	9	5	20	7	16	5	6	12	0	0	8	3	1	9	9	11	6	3	11	4	4	2	8	13	17	2	15	4	14	6	20	11	28	7	9	13	21	13	18	33	22	21	36	2	30	16	9	14	20	5	8	11	12	4	9	16	23	26	10	3	27	12	
2168_A/duck/Taiwan/DV1241 13	6	9	5	20	7	16	5	6	12	0	0	8	3	1	9	9	11	6	3	11	4	4	2	8	13	17	2	15	4	14	6	20	11	28	7	9	13	21	13	18	33	22	21	36	2	30	16	9	14	20	5	8	11	12	4	9	16	23	26	10	3	27	12	
2169_A/duck/Taiwan/DV1242 13	6	9	5	20	7	16	5	6	12	0	0	8	3	1	9	9	11	6	3	11	4	4	2	8	13	17	2	15	4	14	6	20	11	28	7	9	13	21	13	18	33	22	21	36	2	30	16	9	14	20	5	8	11	12	4	9	16	23	26	10	3	27	12	
2170_A/duck/Taoyuan/16010 10	8	6	5	23	6	19	5	10	14	0	0	9	1	1	9	9	11	6	2	9	3	4	3	7	16	20	4	13	2	11	5	17	10	25	6	13	10	24	15	15	39	24	22	39	2	27	15	7	11	20	4	10	11	12	3	5	14	28	29	13	6	21	10	
2171_A/duck/Wenzhou/YJYF3 12	8	9	5	21	7	17	5	7	12	0	0	12	2	1	9	9	7	6	2	8	5	4	3	12	15	22	1	10	5	9	6	18	11	22	8	12	11	26	14	15	31	24	20	36	7	27	19	9	10	21	4	8	11	10	5	6	17	25	24	14	4	24	14	
2172_A/duck/Wuhan/JXYFB22 11	7	10	4	22	6	15	6	5	13	0	0	8	4	1	9	10	9	7	3	9	6	3	3	13	11	23	5	13	5	8	4	20	8	28	11	12	12	21	9	17	35	23	19	37	5	28	17	8	12	19	6	9	9	13	3	5	16	28	24	11	4	22	14	
2173_A/duck/Wuhan/WHYF02/ 11	7	9	4	22	6	16	6	4	11	0	0	9	5	1	9	10	10	8	2	9	5	3	3	14	12	21	5	12	5	9	4	20	8	26	11	12	11	23	9	17	36	24	19	37	5	28	17	8	12	19	6	9	9	13	3	5	16	28	22	11	4	22	16	
2174_A/duck/Xinjiang/12.1 13	7	8	4	20	7	17	6	10	12	0	0	10	3	1	9	8	10	6	2	10	4	4	3	5	16	24	3	15	2	7	4	19	10	21	9	11	12	28	13	15	34	23	20	37	5	25	21	6	13	22	3	9	8	10	5	7	16	25	27	14	4	25	11	
2175_A/duck/Yilan/17A0092 10	9	7	5	23	5	18	5	10	15	0	0	11	0	1	9	8	12	6	2	10	3	4	3	7	14	19	3	12	3	12	5	17	10	24	7	14	10	25	15	13	38	20	25	39	2	30	14	7	11	20	2	9	9	12	6	6	15	27	28	14	6	22	10	
2176_A/duck/Yunlin/150102 10	8	6	5	23	6	19	5	11	14	0	0	8	1	1	9	9	12	7	2	9	3	4	3	7	14	20	4	13	3	10	5	17	10	23	7	13	10	25	16	15	38	22	23	39	2	28	15	6	11	19	3	10	10	12	5	5	16	28	28	14	5	22	10	
2177_A/duck/Yunlin/150102 13	5	12	5	20	9	13	5	7	12	0	1	12	4	0	9	9	12	6	4	8	4	4	0	8	11	21	2	13	4	11	7	18	9	25	9	12	13	24	11	17	37	24	24	36	3	28	13	8	11	19	6	10	9	12	4	8	17	28	24	11	3	23	12	
2178_A/duck/Yunlin/150103 10	8	6	5	23	6	19	5	11	14	0	0	8	1	1	9	9	12	6	2	9	3	4	3	7	14	20	4	13	3	11	5	17	10	23	7	13	10	26	15	15	38	22	23	39	2	28	15	6	11	19	3	10	10	12	5	5	16	28	28	14	5	22	10	
2179_A/duck/Yunlin/150103 10	8	6	5	23	6	19	5	10	14	0	0	9	1	1	9	9	12	6	3	9	3	4	3	7	14	20	4	13	3	11	5	17	10	24	6	13	10	25	15	15	38	22	23	39	2	28	15	6	11	19	3	10	10	12	5	5	16	28	28	14	5	22	10	
2180_A/duck/Yunlin/150103 10	8	6	5	23	6	19	5	11	14	0	0	8	1	1	9	9	12	6	2	9	3	4	3	7	14	20	4	13	3	11	5	17	10	23	7	13	10	26	15	15	38	23	23	39	2	27	15	6	11	19	3	10	10	12	5	5	16	28	28	14	5	22	10	
2181_A/duck/Yunlin/150104 13	5	12	5	20	9	13	5	7	12	0	1	12	4	0	9	9	12	6	4	8	4	4	0	8	11	21	2	13	4	11	7	18	9	25	9	12	12	24	11	17	36	24	24	36	3	28	13	8	11	19	6	10	10	12	4	8	18	28	24	11	3	23	12	
2182_A/duck/Yunlin/150700 10	7	6	5	23	7	19	5	10	14	0	0	9	1	1	9	9	11	6	2	9	3	4	3	7	15	20	4	13	3	11	5	17	10	24	7	13	10	25	15	15	38	22	23	39	2	28	15	7	11	20	3	10	10	12	4	5	16	28	30	13	5	21	9	
2183_A/duck/Yunlin/15A501 10	7	6	5	23	7	19	5	10	14	0	0	9	1	1	9	9	11	6	2	9	3	4	3	7	15	19	4	13	3	12	5	17	10	24	6	13	10	25	16	15	38	23	23	39	2	27	15	7	11	20	3	10	10	11	4	5	16	28	29	13	5	22	10	
2184_A/duck/Yunlin/171100 10	9	8	5	23	4	17	5	10	15	0	0	10	0	1	9	9	12	6	2	9	3	4	3	7	13	18	2	13	4	13	6	17	9	23	8	15	10	26	14	14	37	22	24	39	2	28	15	7	11	20	2	9	11	12	6	6	14	26	29	14	6	23	9	
2185_A/duck/Yunlin/17A008 10	9	7	5	23	5	18	5	10	15	0	0	11	0	1	9	9	12	6	2	9	3	4	3	7	14	19	3	12	3	12	5	17	10	23	7	14	10	26	15	13	38	21	25	39	2	29	14	7	12	19	2	9	9	13	6	6	15	27	27	14	5	22	11	
2186_A/duck/Yunlin/17A068 10	9	7	5	23	4	18	5	10	15	0	0	11	0	1	9	9	12	6	2	9	3	4	3	7	14	19	3	12	3	12	5	17	10	22	8	14	10	27	14	15	36	22	23	39	2	28	16	7	11	21	1	9	10	12	6	6	15	27	28	14	6	22	10	
2187_A/duck/Yunlin/180600 10	9	7	5	23	4	18	5	10	14	0	0	10	0	1	9	10	12	6	2	9	3	4	3	7	13	19	2	12	4	12	6	17	8	24	8	15	10	25	14	15	38	23	24	39	2	27	15	7	11	20	3	9	11	12	6	6	15	26	28	13	6	23	9	
2188_A/duck/Yunlin/18X000 14	6	7	4	19	8	18	6	8	13	0	0	10	2	1	9	8	8	7	2	9	5	3	3	10	14	22	2	13	5	9	5	20	13	21	10	10	12	27	12	15	30	22	20	36	5	29	19	6	12	23	3	11	9	10	5	7	20	26	24	13	1	23	14	
2189_A/duck/Yunnan/4072/2 11	7	9	6	22	6	16	4	6	11	0	0	10	4	1	9	10	10	7	2	9	5	3	2	10	11	21	6	14	5	11	5	19	9	27	10	13	11	22	11	15	33	25	19	37	7	28	15	7	11	21	4	11	10	11	4	6	18	30	27	11	2	20	11	
2190_A/duck/Yunnan/426/20 11	7	9	6	22	6	16	4	6	11	0	0	10	4	1	9	10	10	7	2	9	5	3	2	10	11	22	5	14	5	10	6	19	9	27	10	13	11	22	11	15	33	25	19	37	7	28	15	7	11	21	4	11	10	11	4	6	18	30	27	11	2	20	11	
2191_A/duck/Yunnan/4645/2 11	7	9	6	22	6	16	4	6	11	0	0	10	4	1	9	10	10	7	2	9	5	3	2	10	11	21	6	14	5	11	5	19	9	27	10	13	11	22	11	15	33	25	19	37	7	28	15	7	11	21	4	11	10	11	4	6	18	30	27	11	2	20	11	
2192_A/duck/Yunnan/47/200 11	7	8	4	22	6	17	4	6	11	0	0	11	4	1	9	9	10	6	2	9	5	4	2	10	12	20	8	15	6	10	4	19	11	31	10	13	8	18	11	16	34	23	17	36	7	30	17	8	12	21	5	8	9	12	4	7	19	29	25	10	2	20	13	
2193_A/duck/Yunnan/485/20 11	7	9	6	22	6	16	4	6	11	0	0	10	4	1	9	10	10	7	2	9	5	3	2	10	11	22	6	14	5	10	5	19	9	27	10	13	11	21	12	15	33	25	19	37	7	28	15	7	11	22	4	11	10	10	4	6	18	29	27	11	2	21	11	
2194_A/duck/Yunnan/4873/2 11	7	9	5	21	7	16	5	6	12	0	0	10	3	1	9	10	10	7	2	9	5	3	2	10	12	22	7	14	5	9	4	20	11	28	11	13	8	21	10	16	34	22	18	37	7	31	16	6	11	21	5	10	9	11	3	6	19	29	25	11	2	21	13	
2195_A/duck/Yunnan/5090/2 11	7	9	6	22	6	16	4	6	11	0	0	10	4	1	9	10	10	7	2	9	5	3	2	10	11	21	7	14	5	11	4	19	9	27	10	13	11	22	11	15	33	25	19	38	6	28	15	7	11	21	4	11	10	11	4	6	18	30	27	11	2	20	11	
2196_A/duck/Yunnan/5169/2 11	7	9	6	22	6	16	4	6	11	0	0	10	4	1	9	10	10	7	2	9	5	3	2	10	11	21	7	14	5	11	4	19	9	27	10	13	11	22	11	15	33	25	19	37	7	28	15	7	11	21	4	11	10	11	4	6	18	30	27	11	2	20	11	
2197_A/duck/Yunnan/522/20 11	7	9	6	22	6	16	4	6	11	0	0	10	4	1	9	10	10	7	2	9	5	3	2	10	11	22	6	14	5	10	5	19	9	27	10	13	11	22	11	15	33	25	19	37	7	28	15	7	11	21	4	11	10	11	4	6	18	30	27	11	2	20	11	
2198_A/duck/Yunnan/5310/2 12	7	9	5	21	6	16	5	7	11	0	0	10	4	1	9	10	10	7	2	9	5	3	2	8	12	21	7	15	5	10	4	20	11	29	10	12	8	20	12	16	34	22	18	37	7	31	16	6	11	21	5	11	10	11	2	8	18	29	24	9	2	21	14	
2199_A/duck/Yunnan/5948/2 11	7	9	6	22	6	16	4	6	11	0	0	10	4	1	9	10	10	7	2	9	5	3	2	10	11	22	6	14	5	10	5	19	9	27	10	13	11	22	11	15	33	25	19	37	7	28	15	7	11	21	4	11	10	11	4	6	18	30	27	11	2	20	11	
2200_A/duck/Yunnan/6080/2 11	7	9	6	22	6	16	4	6	11	0	0	10	4	1	9	10	10	7	2	9	5	3	2	10	11	22	6	14	5	10	5	19	9	27	10	13	11	22	11	15	33	25	19	37	7	28	15	7	11	21	4	11	10	11	4	6	18	30	27	11	2	20	11	
2201_A/duck/Yunnan/6603/2 11	7	9	6	22	6	16	4	6	11	0	0	10	4	1	9	10	10	7	2	9	5	3	2	10	11	22	6	14	5	10	5	18	9	27	10	14	11	22	11	15	33	25	19	37	7	28	15	7	11	21	4	10	10	11	4	7	18	30	27	11	2	20	11	
2202_A/duck/Zhejiang/1026 13	8	8	7	20	5	17	4	9	12	0	0	10	4	1	9	12	12	6	3	8	5	4	1	6	11	20	5	13	4	11	5	16	8	28	10	14	13	19	10	16	36	27	23	37	3	25	14	9	11	22	5	9	9	12	3	11	20	27	27	6	2	22	11	
2203_A/duck/Zhejiang/1220 12	8	9	5	21	7	16	5	7	9	0	0	9	4	1	9	13	9	7	2	7	5	4	2	10	13	20	7	14	5	10	5	21	7	28	14	11	13	20	8	15	32	25	20	36	8	24	16	8	10	19	6	9	11	13	2	6	18	33	25	12	2	18	13	
2204_A/duck/Zhejiang/213/ 12	8	9	5	20	6	16	5	8	11	0	0	8	4	1	9	10	10	7	2	9	5	3	2	11	12	22	7	14	5	9	5	20	8	27	12	13	11	22	9	15	31	24	20	37	9	26	15	8	12	19	6	9	8	13	2	6	18	29	26	11	3	22	12	
2205_A/duck/Zhejiang/224/ 11	7	9	5	22	6	16	5	7	11	0	0	8	4	1	9	9	10	7	2	10	5	3	2	10	11	21	7	15	6	10	5	21	8	26	13	12	12	22	9	15	32	24	20	37	8	27	14	8	12	18	5	9	9	14	3	6	17	31	25	11	3	20	13	
2206_A/duck/Zhejiang/2242 11	7	9	5	22	6	16	5	7	11	0	0	8	4	1	9	9	10	7	2	10	5	3	2	10	11	21	7	15	6	10	5	21	8	26	13	12	12	22	9	15	32	24	20	37	8	27	14	8	12	18	5	9	9	14	3	6	17	31	25	11	3	20	13	
2207_A/duck/Zhejiang/2243 11	7	9	5	22	6	16	5	7	11	0	0	8	4	1	9	9	10	7	2	10	5	3	2	10	11	21	7	15	6	10	5	21	8	26	13	12	12	22	9	15	32	24	20	37	8	27	14	8	12	18	5	9	9	14	3	6	17	31	25	11	3	20	13	
2208_A/duck/Zhejiang/2244 11	7	9	5	22	6	16	5	7	11	0	0	8	4	1	9	9	10	7	2	10	5	3	2	10	11	21	7	15	6	10	5	21	8	26	13	12	12	22	9	15	32	24	20	37	8	27	14	8	12	18	5	9	9	14	3	6	17	31	25	11	3	20	13	
2209_A/duck/Zhejiang/2245 13	7	8	4	20	7	17	6	5	13	0	0	12	2	1	9	9	8	7	2	9	7	3	3	6	15	19	2	17	2	12	6	16	7	25	9	13	12	23	13	16	35	21	20	37	6	30	18	7	11	21	3	10	10	11	5	6	16	26	26	13	5	24	12	
2210_A/duck/Zhejiang/2248 11	7	9	5	22	6	16	5	7	11	0	0	8	4	1	9	9	10	7	2	10	5	3	2	10	11	21	7	15	6	10	5	21	8	26	13	12	12	22	9	15	32	24	20	37	8	27	14	8	12	18	5	9	9	14	3	6	17	31	25	11	3	20	13	
2211_A/duck/Zhejiang/6D18 12	8	9	6	21	5	16	4	5	15	0	0	13	1	1	9	9	12	5	3	9	3	5	1	8	14	19	3	14	3	12	6	17	12	26	9	11	11	22	12	17	33	24	24	36	4	28	13	9	8	21	5	9	12	13	3	10	17	30	24	10	4	19	14	
2212_A/duck/Zhejiang/6D2/ 11	7	9	4	22	6	16	6	5	12	0	0	8	4	1	9	11	10	7	3	9	5	3	2	12	12	23	7	13	5	7	4	24	10	27	13	9	12	22	8	16	33	23	18	37	6	29	16	7	11	19	5	10	9	13	4	6	17	29	23	10	3	22	14	
2213_A/duck/Zhejiang/6DK1 11	8	9	6	22	6	16	4	7	13	0	1	10	2	0	9	11	11	4	2	8	3	5	2	11	12	19	3	12	6	13	7	15	9	25	8	15	12	24	14	16	30	29	19	37	9	25	15	11	11	22	6	9	10	9	2	3	17	24	33	12	4	25	6	
2214_A/duck/Zhejiang/7270 17	6	8	6	20	8	17	4	8	11	0	0	10	3	1	9	9	9	6	2	6	7	3	3	7	14	21	6	15	4	10	2	20	10	23	9	9	11	25	13	15	32	23	21	38	6	26	19	7	12	21	4	9	9	10	3	7	16	26	29	13	5	25	10	
2215_A/duck/Zhejiang/7271 13	5	9	4	24	6	16	6	6	12	0	0	9	4	1	9	9	10	8	3	7	6	2	3	13	12	22	5	12	5	9	4	20	8	26	12	13	11	22	8	17	35	22	20	36	5	28	17	8	12	18	6	8	9	14	3	6	16	28	21	11	4	23	17	
2216_A/duck/Zhejiang/7713 12	8	9	4	21	5	16	6	6	12	0	0	7	4	1	9	12	11	7	3	8	4	3	2	13	12	23	6	12	4	9	5	23	10	26	11	8	11	23	10	15	33	23	18	37	6	28	17	10	12	19	5	7	9	13	3	9	18	29	22	9	2	22	16	
2217_A/duck/Zhejiang/9250 12	8	9	6	21	5	16	4	5	15	0	0	12	1	1	9	7	11	6	3	10	3	4	1	8	13	20	3	15	5	11	6	17	11	26	9	12	11	22	12	18	35	24	24	36	4	28	13	8	10	21	5	8	11	12	2	9	17	27	25	10	4	23	14	
2218_A/duck/Zhejiang/9251 13	8	9	6	20	5	16	4	5	16	0	0	12	1	1	9	7	11	6	3	10	2	5	1	8	14	20	3	15	4	11	6	17	11	25	9	12	11	22	13	18	35	24	25	36	4	28	12	7	10	23	5	9	11	12	2	9	17	26	26	10	3	22	13	
2219_A/duck/Zhejiang/W24/ 12	8	9	6	21	5	16	4	5	15	0	0	13	1	1	9	8	12	6	3	9	3	4	1	8	14	19	3	14	3	12	6	18	12	26	9	12	11	22	12	17	34	25	24	36	4	27	13	8	10	22	5	8	11	12	3	9	17	28	24	10	4	21	14	
2220_A/egret/Zhejiang/W15 13	9	11	5	20	6	14	5	8	13	0	0	10	1	1	9	10	14	7	2	6	2	3	2	9	10	22	2	12	6	9	7	22	9	24	10	9	12	25	11	18	31	27	24	37	10	25	13	10	9	23	4	6	10	9	5	9	19	31	31	9	3	18	7	
2221_A/egret/Zhejiang/W18 9	4	8	7	24	7	17	3	4	13	0	0	16	4	1	9	6	9	8	1	12	5	2	3	8	14	17	3	11	4	13	5	20	9	25	11	11	13	24	10	13	30	28	19	38	7	24	20	8	10	19	2	10	11	15	9	6	19	24	23	14	3	24	12	
2222_A/equine/China/61/20 11	7	9	6	22	6	16	4	6	11	0	0	10	4	1	9	10	10	7	2	9	5	3	2	10	12	22	7	14	5	9	4	19	11	28	10	13	8	21	11	16	34	23	18	37	7	29	17	6	11	21	5	11	9	11	3	6	19	29	25	11	2	21	13	
2223_A/equine/China/67/20 11	7	9	6	22	6	16	4	6	11	0	0	10	4	1	9	10	10	7	2	9	5	3	2	10	12	22	7	14	5	9	4	19	11	28	10	13	8	21	11	16	34	23	18	37	7	29	17	6	11	21	5	11	9	11	3	6	19	29	25	11	2	21	13	
2224_A/equine/China/68/20 11	7	9	6	22	6	16	4	6	11	0	0	10	4	1	9	10	10	7	2	9	5	3	2	10	12	22	7	14	5	9	4	19	11	28	10	13	8	21	11	16	33	23	18	37	8	29	17	6	11	21	5	11	9	11	3	6	19	29	25	11	2	21	13	
2225_A/eurasian_coot/Shan 13	8	9	4	20	7	16	6	7	13	0	0	11	2	1	9	8	10	7	1	9	5	3	4	6	14	24	3	17	3	7	4	18	10	23	9	12	13	25	13	16	34	23	22	37	3	28	18	8	12	20	3	6	8	11	5	7	16	24	22	14	5	26	16	
2226_A/eurasian_coot/Shan 13	8	9	4	20	7	16	6	7	13	0	0	11	2	1	9	8	10	7	1	9	5	3	4	6	14	24	3	17	3	7	4	18	10	23	9	13	13	25	12	16	34	22	22	37	3	29	18	8	12	20	3	6	8	11	5	7	16	24	22	14	5	26	16	
2227_A/eurasian_coot/Shan 13	8	9	4	19	7	16	6	7	13	0	0	11	2	1	9	8	10	7	1	9	5	3	4	6	14	24	3	17	3	7	4	18	10	23	9	13	13	25	13	16	34	23	22	37	3	28	18	8	12	20	3	6	8	11	5	7	16	24	23	14	5	26	15	
2228_A/eurasian_coot/Shan 13	8	9	4	20	7	16	6	7	13	0	0	11	2	1	9	8	10	7	1	9	5	3	4	6	14	24	3	17	3	7	4	18	10	23	9	12	13	25	13	16	34	23	22	37	3	28	18	8	12	20	3	6	8	11	5	7	16	24	22	14	5	26	16	
2229_A/feline/Guangdong/2 11	8	8	4	22	7	17	6	6	11	0	0	8	3	1	9	10	10	7	3	9	5	3	3	12	12	21	5	13	5	10	4	19	8	27	12	14	12	22	9	16	34	22	20	37	6	28	16	8	11	19	5	8	10	14	3	5	16	28	20	12	4	22	18	
2230_A/gadwall/Ningxia/YG 13	7	8	3	20	7	17	7	10	12	0	0	7	3	1	9	8	10	6	2	10	4	4	3	5	15	23	4	18	3	8	3	18	11	20	10	11	11	27	13	16	33	24	21	37	4	26	19	7	13	22	3	9	8	10	5	7	17	24	26	13	5	26	12	
2231_A/goose/Changhua/150 11	8	6	5	22	6	19	5	11	14	0	0	8	1	1	9	9	12	6	2	9	3	4	3	7	14	20	4	13	3	11	5	17	10	23	6	13	10	26	16	15	38	22	23	39	2	28	15	6	12	18	3	10	9	12	5	5	16	29	28	14	5	22	10	
2232_A/goose/Chiayi/15010 10	8	6	5	23	6	19	5	10	14	0	0	9	1	1	9	9	12	6	2	9	3	4	3	7	14	20	4	13	3	11	5	17	10	23	7	13	10	26	15	15	38	22	23	39	2	28	15	6	11	19	3	10	10	12	5	5	16	27	28	14	5	23	10	
2233_A/goose/Chiayi/15010 10	8	6	5	23	6	19	5	10	14	0	0	9	1	1	9	9	12	6	2	9	3	4	3	7	14	20	4	13	3	11	5	17	10	24	7	13	10	25	15	14	38	22	23	39	2	28	15	7	11	19	3	10	10	12	5	6	16	28	28	13	5	22	10	
2234_A/goose/Chiayi/15020 13	5	12	5	20	9	13	5	7	12	0	1	12	4	0	9	9	12	6	3	8	4	4	1	8	11	21	2	13	4	11	7	18	9	25	9	12	13	24	11	17	36	24	24	36	3	28	13	8	11	19	6	10	9	12	4	8	18	28	24	11	3	23	12	
2235_A/goose/Chiayi/16010 10	8	6	5	23	6	19	5	11	14	0	0	9	1	1	9	9	12	6	2	9	3	4	3	6	14	20	4	13	3	11	5	17	10	24	8	13	10	25	14	15	38	22	23	39	2	28	15	7	11	20	3	10	11	12	3	6	15	28	29	12	6	21	10	
2236_A/goose/Chiayi/16040 10	8	6	5	23	6	19	5	11	14	0	0	8	1	1	9	10	11	6	2	8	3	4	3	6	15	20	4	13	3	11	5	17	9	23	7	14	11	26	15	15	38	22	23	39	2	28	15	8	10	20	3	10	12	12	3	5	15	29	28	12	6	20	11	
2237_A/goose/Chiayi/16040 10	8	6	5	23	6	19	5	11	14	0	0	8	1	1	9	10	11	6	2	8	3	4	3	6	15	20	4	13	3	11	5	17	9	23	7	14	11	26	15	15	38	21	23	39	2	29	15	8	10	20	3	10	12	12	3	5	15	29	28	12	6	20	11	
2238_A/goose/Chiayi/17020 10	9	7	5	23	4	18	5	10	15	0	0	11	0	1	9	9	12	6	2	9	3	4	3	7	14	18	3	12	3	13	5	17	10	23	7	14	10	26	15	13	38	21	24	39	2	29	15	7	11	21	2	9	10	11	6	6	16	27	28	14	5	21	11	
2239_A/goose/Chiayi/17040 11	8	6	5	22	6	19	5	9	14	0	0	10	1	1	9	9	12	6	2	9	3	4	3	7	14	18	4	13	3	12	5	17	10	24	8	13	10	25	15	15	37	22	23	39	3	29	15	6	10	19	2	11	10	12	5	5	16	27	26	13	6	23	12	
2240_A/goose/Chiayi/18010 11	9	7	5	23	4	18	5	10	15	0	0	11	0	1	9	8	12	6	2	9	3	4	3	7	13	18	2	13	4	13	6	17	9	23	8	14	10	27	14	14	37	22	24	38	2	28	15	7	11	20	2	9	11	12	6	6	14	26	29	14	6	23	9	
2241_A/goose/Chiayi/18020 10	9	7	5	23	4	18	5	10	15	0	0	10	0	1	9	9	12	6	2	9	3	4	3	7	13	18	2	13	4	13	6	17	9	23	7	15	10	26	15	14	35	22	24	39	3	28	15	7	11	20	2	9	11	11	6	6	15	27	30	14	6	23	8	
2242_A/goose/Chiayi/18020 10	9	7	5	23	4	18	5	10	15	0	0	10	0	1	9	9	12	6	2	9	3	4	3	7	13	18	2	13	4	13	6	17	9	23	7	15	10	26	15	14	35	22	24	39	3	28	15	7	11	20	2	9	11	11	6	6	15	27	30	14	6	23	8	
2243_A/goose/China/0701/2 10	7	9	4	23	7	16	6	4	10	0	0	9	4	1	9	12	10	7	3	7	5	3	3	11	13	21	5	15	5	10	4	20	8	27	11	13	14	21	10	17	32	24	21	36	6	26	15	6	11	18	6	9	9	14	3	8	16	30	22	11	5	20	16	
2244_A/goose/China/1/2021 12	8	9	4	21	7	16	6	7	13	0	0	11	2	1	9	8	10	7	1	9	5	3	4	6	16	23	3	17	3	7	4	18	9	24	9	12	12	26	13	15	36	22	23	36	4	27	17	8	12	20	3	5	9	12	5	8	14	23	22	15	5	26	16	
2245_A/goose/China/1106/2 15	8	9	7	19	5	16	3	9	12	0	0	10	4	1	9	12	12	6	3	8	5	4	1	6	11	18	4	12	4	13	6	16	8	28	10	14	13	19	11	16	36	28	23	37	3	23	15	8	10	22	5	9	10	12	3	12	19	26	25	6	3	23	13	
2246_A/goose/China/E43/20 11	7	10	5	22	5	15	5	8	12	0	0	7	4	1	9	10	10	8	2	9	5	2	2	10	12	23	7	15	5	8	5	20	8	26	12	12	12	23	9	16	32	25	19	37	8	25	16	9	11	21	6	8	10	11	2	7	16	32	26	10	4	19	12	
2247_A/goose/China/M14/20 10	5	8	6	23	6	17	4	6	14	0	0	15	3	1	9	6	8	8	1	12	6	2	3	6	14	17	3	12	4	13	5	19	8	24	10	11	13	25	11	14	31	26	20	38	7	26	19	8	12	21	1	10	9	13	10	6	19	23	24	14	3	25	11	
2248_A/goose/Eastern_Chin 13	6	9	5	20	7	16	5	8	12	0	1	12	4	0	9	9	10	6	4	8	5	4	0	8	14	20	2	13	3	12	7	15	9	23	9	11	12	27	11	18	35	21	23	37	4	33	12	8	12	18	7	12	10	14	2	7	17	24	25	10	3	26	12	
2249_A/goose/Eastern_Chin 9	6	8	7	24	8	17	3	7	10	0	0	16	4	1	9	6	10	7	1	12	6	3	3	6	12	19	3	12	4	13	6	18	8	24	9	12	12	24	13	15	32	25	22	37	8	27	14	8	12	18	2	10	9	15	7	6	18	24	26	13	2	25	11	
2250_A/goose/Eastern_Chin 12	8	9	6	21	5	16	4	5	15	0	0	13	1	1	9	8	13	6	3	9	3	4	1	8	13	19	3	14	3	12	6	18	12	26	9	12	11	22	12	17	34	24	24	36	4	28	13	8	10	22	5	8	11	12	3	9	17	28	24	10	4	21	14	
2251_A/goose/Eastern_Chin 13	8	8	5	20	6	17	5	6	15	0	1	11	1	0	9	9	12	7	3	9	3	3	1	8	14	19	3	15	3	13	6	17	11	26	9	13	10	22	12	16	34	25	24	36	4	27	13	8	10	22	5	10	11	12	3	9	16	28	24	9	5	21	14	
2252_A/goose/Eastern_Chin 12	8	9	6	21	5	16	4	7	15	0	1	11	1	0	9	8	12	6	3	10	4	4	1	9	14	19	3	13	2	13	6	17	11	26	9	13	11	22	12	15	36	24	25	37	2	27	13	7	11	22	5	10	9	12	3	10	19	28	26	9	3	21	12	
2253_A/goose/Eastern_Chin 12	8	9	6	21	5	16	4	5	15	0	1	13	1	0	9	9	12	6	3	9	3	5	1	8	14	20	3	14	3	11	6	17	12	26	9	11	11	21	12	17	33	24	23	36	4	29	14	8	9	21	5	10	11	13	4	9	17	29	24	10	4	20	14	
2254_A/goose/Eastern_Chin 11	7	9	4	22	6	16	6	4	12	0	1	9	4	0	9	10	10	8	3	9	5	2	3	13	12	21	5	13	5	11	4	20	8	26	11	13	12	23	9	16	34	22	20	37	6	28	16	8	12	19	6	9	9	13	3	5	16	29	23	11	4	22	15	
2255_A/goose/Fujian/10.11 16	8	10	5	17	6	15	5	4	14	0	0	13	1	1	9	11	11	6	2	6	3	4	2	13	13	21	3	11	5	10	7	17	8	23	11	14	11	25	11	16	33	24	23	37	8	27	14	8	12	21	5	11	8	11	4	5	19	26	32	10	3	23	6	
2256_A/goose/Fujian/10.26 16	8	10	5	17	7	15	5	5	14	0	0	12	1	1	9	11	11	6	2	6	3	4	2	10	13	19	5	13	5	12	6	18	9	23	10	12	11	25	12	16	32	23	22	37	8	26	16	7	11	21	5	14	8	11	4	4	18	27	29	11	4	22	9	
2257_A/goose/Fujian/10.26 16	8	10	5	17	7	15	5	5	14	0	0	12	1	1	9	11	11	6	2	6	3	4	2	10	13	19	5	13	5	12	6	18	9	23	10	12	11	25	12	16	32	23	22	37	8	26	16	7	11	21	5	14	8	11	4	4	18	27	29	11	4	22	9	
2258_A/goose/Fujian/10.26 15	8	10	5	18	7	15	5	5	14	0	0	12	1	1	9	11	11	6	2	6	3	4	2	10	13	19	5	13	5	12	6	18	10	23	10	12	10	25	12	17	32	24	22	37	8	25	16	7	11	21	5	14	8	11	4	3	19	27	29	11	3	22	9	
2259_A/goose/Fujian/10.26 15	8	10	5	18	7	15	5	5	14	0	0	12	1	1	9	11	11	6	2	6	3	4	2	10	13	18	5	13	5	12	6	18	10	23	10	12	10	25	12	17	32	25	22	37	8	25	16	7	11	21	5	14	8	11	4	3	19	27	29	11	3	22	9	
2260_A/goose/Fujian/10.26 15	8	10	5	18	7	15	5	5	14	0	0	12	1	1	9	11	11	6	2	6	3	4	2	10	13	19	5	13	5	12	6	18	10	23	10	12	10	25	12	17	32	24	22	37	8	25	16	7	11	21	5	14	8	11	4	3	19	27	29	11	3	22	9	
2261_A/goose/Fujian/10.26 15	8	10	5	18	7	15	5	5	14	0	0	12	1	1	9	11	11	6	2	6	3	4	2	10	13	19	5	13	5	12	6	18	10	23	10	12	10	25	12	17	32	24	22	37	8	25	16	7	11	21	5	14	8	11	4	3	19	27	29	11	3	22	9	
2262_A/goose/Fujian/10.26 16	8	10	5	17	7	15	5	5	14	0	0	12	1	1	9	11	11	6	2	6	3	4	2	10	13	19	5	13	5	12	6	18	9	23	10	12	11	25	12	16	32	23	22	37	8	26	16	7	11	21	5	14	8	11	4	4	18	27	29	11	4	22	9	
2263_A/goose/Fujian/10.26 15	8	10	5	18	7	15	5	5	14	0	0	12	1	1	9	11	11	6	2	6	3	4	2	10	13	19	5	13	5	12	6	18	10	23	10	12	10	25	12	17	32	24	22	37	8	25	16	7	11	21	5	14	8	11	4	3	19	27	29	11	3	22	9	
2264_A/goose/Fujian/10.26 16	8	10	5	17	7	15	5	5	14	0	0	12	1	1	9	11	11	6	2	6	3	4	2	10	13	19	5	13	5	12	6	18	9	23	10	12	11	25	12	16	32	23	22	37	8	26	16	7	11	21	5	14	8	11	4	4	18	27	29	11	4	22	9	
2265_A/goose/Fujian/11.3_ 16	8	10	5	17	6	15	5	4	14	0	0	13	1	1	9	11	11	6	2	6	3	4	2	13	13	21	3	11	5	10	7	17	8	23	11	14	11	25	11	16	33	24	23	37	8	27	14	8	12	21	5	11	8	11	4	5	19	26	32	10	3	23	6	
2266_A/goose/Fujian/3.15_ 11	7	9	4	22	7	16	6	3	12	0	0	10	3	1	9	12	10	7	4	7	5	3	2	13	11	20	5	13	6	10	4	20	9	26	11	12	12	22	9	17	32	24	22	36	7	27	14	8	11	19	5	9	10	14	4	9	15	30	22	9	5	20	16	
2267_A/goose/Fujian/3.15_ 11	7	9	4	22	7	16	6	3	12	0	0	10	3	1	9	12	10	7	4	7	5	3	2	13	11	20	5	13	6	10	4	20	9	26	11	12	12	23	9	17	32	24	22	36	7	27	14	8	11	19	5	9	10	13	4	9	15	30	23	9	5	20	15	
2268_A/goose/Fujian/3.15_ 12	8	9	4	21	7	16	6	2	10	0	0	11	4	1	9	12	10	7	4	7	5	3	2	13	11	20	5	13	6	10	4	21	10	26	11	11	12	23	9	16	32	24	22	37	6	27	14	8	11	19	5	9	10	13	4	8	15	30	22	10	5	20	16	
2269_A/goose/Fujian/3.15_ 12	8	9	4	21	6	16	6	4	12	0	0	10	3	1	9	12	10	7	4	7	5	3	2	13	11	20	5	12	6	10	4	20	10	26	11	12	12	23	9	17	32	25	21	36	6	26	15	8	11	19	5	9	10	13	4	9	15	30	23	9	5	20	15	
2270_A/goose/Fujian/3.15_ 12	7	9	4	21	7	16	6	4	12	0	0	9	3	1	9	12	10	7	4	7	5	3	2	13	11	21	5	13	6	9	4	20	10	26	11	12	12	22	10	18	32	24	20	35	6	27	16	8	11	19	4	10	10	13	5	8	15	32	22	9	5	18	16	
2271_A/goose/GuangDong/11 11	7	8	5	22	7	17	5	4	10	0	0	10	5	1	9	11	10	6	2	7	4	4	3	9	15	18	3	17	3	13	5	18	10	26	8	11	9	22	14	16	36	24	19	37	5	28	18	8	12	20	3	8	10	13	5	8	15	25	31	12	5	24	7	
2272_A/goose/Guangdong/7. 12	8	9	4	21	6	16	6	3	12	0	0	10	3	1	9	12	9	7	3	7	6	3	3	13	11	21	5	13	6	10	4	20	8	25	12	12	13	23	9	17	32	23	21	36	7	27	15	8	11	19	6	9	10	13	3	8	15	30	23	10	5	20	15	
2273_A/goose/Guangdong/72 11	7	9	6	22	6	16	4	7	11	0	0	13	4	1	9	10	10	7	3	9	5	3	1	8	11	21	7	12	6	10	5	18	9	27	10	14	11	22	11	15	31	26	19	37	9	25	16	8	10	23	6	10	11	9	4	6	17	30	28	11	2	20	9	
2274_A/goose/Guangdong/QY 10	8	9	4	23	6	16	6	4	12	0	0	9	3	1	9	12	10	7	3	7	6	3	3	13	10	21	5	13	6	10	4	20	8	25	11	12	12	24	10	16	34	23	22	37	6	27	14	9	12	19	6	8	9	12	3	8	15	29	20	10	5	21	18	
2275_A/goose/Guangdong/k0 12	6	9	5	21	7	16	5	7	13	0	0	12	3	1	9	8	11	6	3	8	5	4	1	7	13	22	2	16	3	9	7	16	9	25	10	13	12	25	10	17	36	22	24	37	3	31	12	8	12	17	6	10	10	15	2	6	17	25	26	11	4	25	11	
2276_A/goose/Guangdong/s1 12	8	8	6	21	5	17	4	7	15	0	0	11	1	1	9	8	12	7	3	9	3	3	1	8	14	19	3	14	3	12	6	18	11	25	9	13	11	23	12	16	34	27	23	36	4	26	13	8	10	21	5	9	11	13	3	10	16	27	24	9	5	21	15	
2277_A/goose/Hebei/HG12/2 12	8	9	4	21	7	16	6	7	13	0	0	11	2	1	9	8	10	7	1	9	5	3	4	6	14	24	3	17	3	7	4	18	9	24	9	12	13	25	13	16	35	21	23	37	3	27	19	8	12	20	3	6	8	11	5	7	16	24	22	14	5	26	16	
2278_A/goose/Henan/01.01_ 11	8	10	5	22	5	15	5	9	15	0	0	12	1	1	9	10	13	8	2	5	3	2	2	11	11	22	2	10	5	8	7	21	8	24	8	12	11	25	13	17	33	25	25	37	8	27	13	9	11	21	5	7	10	10	5	7	19	30	27	9	2	20	10	
2279_A/goose/Hong_Kong/23 13	6	10	5	20	8	15	5	5	13	0	1	9	2	0	9	8	10	6	1	11	5	4	3	12	14	21	3	13	3	11	5	16	9	26	11	14	11	23	10	16	33	20	23	37	7	31	16	8	13	20	4	10	9	12	4	3	18	28	27	14	2	22	11	
2280_A/goose/Hubei/65/200 11	7	10	5	22	6	15	5	6	11	0	0	11	4	1	9	10	10	7	2	9	5	3	2	10	12	21	7	13	5	10	4	19	11	30	10	13	8	19	11	16	33	24	18	37	8	28	18	7	11	22	5	9	9	10	3	8	19	28	25	10	2	21	13	
2281_A/goose/Inner_Mongol 13	7	7	5	20	7	18	5	7	12	0	0	11	3	1	9	9	10	6	2	9	4	4	3	7	14	24	5	15	4	7	2	19	9	23	8	11	13	25	14	15	33	23	20	37	5	29	18	8	13	22	4	9	8	10	4	4	17	24	27	15	4	26	11	
2282_A/goose/Jiangsu/QD5/ 12	8	9	6	21	5	16	4	5	15	0	0	13	1	1	9	9	12	6	3	9	3	4	1	8	14	19	3	14	3	12	6	17	12	26	9	11	11	22	12	17	34	24	24	36	4	28	13	8	9	22	5	9	12	12	3	9	17	29	25	10	4	20	13	
2283_A/goose/Jiangsu/k040 10	6	8	5	23	7	17	5	8	11	0	0	13	5	1	9	6	9	7	2	11	6	3	2	9	12	20	3	11	5	11	6	19	8	24	8	12	13	26	13	15	32	27	21	37	7	25	15	7	12	19	2	10	10	15	7	7	16	26	25	12	3	22	12	
2284_A/goose/Pingtung/150 10	8	6	5	23	6	19	5	10	14	0	0	9	1	1	9	9	12	6	2	9	3	4	3	7	14	20	4	13	3	11	5	17	10	24	7	13	10	25	15	15	38	22	23	39	2	28	15	7	11	19	3	10	10	12	5	5	16	27	28	13	5	23	10	
2285_A/goose/Pingtung/150 10	8	6	5	23	6	19	5	10	14	0	0	9	1	1	9	9	12	6	2	9	3	4	3	7	14	20	4	13	3	11	5	17	10	24	7	13	10	25	15	15	38	22	23	39	2	28	15	7	11	19	3	10	10	12	5	5	16	28	28	13	5	22	10	
2286_A/goose/Pingtung/150 15	8	6	5	18	5	19	5	6	13	0	0	15	3	1	9	9	8	5	2	9	5	5	3	9	14	22	3	10	5	9	4	18	10	26	8	13	11	24	13	16	33	22	20	37	6	29	19	8	13	21	3	9	7	10	5	5	16	27	27	12	6	23	11	
2287_A/goose/Pingtung/160 16	8	6	5	17	5	19	5	7	13	0	0	14	3	1	9	9	8	5	2	9	5	5	3	9	14	22	3	10	5	9	4	18	10	26	9	13	11	25	12	15	33	22	20	37	6	29	19	8	13	20	3	9	7	10	5	6	17	27	28	12	5	23	10	
2288_A/goose/Shantou/1763 11	7	9	4	22	6	16	6	6	12	0	0	8	4	1	9	10	10	7	3	9	5	3	3	12	12	21	6	13	5	11	3	20	8	26	11	13	12	23	9	16	34	21	18	37	6	29	17	8	12	19	6	8	9	13	3	6	16	30	22	11	4	21	16	
2289_A/goose/Tainan/16040 16	8	6	6	17	5	19	4	6	14	0	0	14	2	1	9	9	8	5	2	9	5	5	3	10	14	22	3	10	5	9	4	18	9	26	9	12	12	24	12	15	33	24	20	37	6	27	19	8	13	21	3	10	7	10	5	6	17	26	28	12	5	24	10	
2290_A/goose/Tainan/16070 16	8	6	6	17	5	19	4	6	12	0	0	14	3	1	9	9	8	5	2	9	5	5	3	10	14	22	3	10	5	8	4	18	9	27	10	13	12	23	12	16	33	23	21	36	6	29	18	8	13	21	2	9	7	10	5	6	18	25	29	12	5	24	10	
2291_A/goose/Tainan/17030 10	9	7	5	23	4	18	5	10	16	0	0	11	0	1	9	9	12	6	2	9	3	4	3	8	13	19	3	11	3	12	5	17	10	23	7	14	10	26	15	13	38	21	24	39	2	29	15	7	11	20	2	9	10	12	6	6	15	27	28	14	6	22	10	
2292_A/goose/Tainan/17030 10	9	7	5	23	4	18	5	10	15	0	0	11	0	1	9	9	12	6	2	9	3	4	3	7	14	18	3	12	3	13	5	17	10	23	7	14	10	26	15	13	38	20	24	39	2	30	15	7	11	20	2	8	10	12	6	7	15	27	28	14	6	22	10	
2293_A/goose/Tainan/18010 10	8	7	5	23	5	18	5	10	15	0	0	10	0	1	9	9	12	6	2	9	3	4	3	6	14	18	3	14	3	13	5	17	9	22	8	15	10	27	13	14	37	22	24	39	2	29	14	8	11	20	3	8	11	12	6	6	14	27	29	14	6	22	9	
2294_A/goose/Tainan/18050 10	8	6	5	24	5	19	5	10	15	0	0	11	0	1	9	9	12	7	2	9	3	3	3	7	14	19	5	12	3	12	3	17	10	25	9	14	9	26	13	14	36	22	23	39	2	28	16	7	11	19	2	8	10	12	6	7	13	26	28	14	8	23	10	
2295_A/goose/Taiwan/01019 11	7	9	4	22	8	16	6	4	11	0	0	11	3	1	9	9	10	8	2	9	4	2	3	10	11	23	3	14	7	10	6	15	9	24	7	15	10	24	15	15	37	21	17	37	3	29	20	6	12	22	4	11	9	10	4	7	18	25	24	12	4	25	14	
2296_A/goose/Taiwan/01022 10	8	6	5	22	6	19	5	11	14	0	0	8	1	1	9	9	12	6	2	10	3	4	3	7	14	20	4	13	3	11	5	17	10	23	7	13	10	26	15	15	38	22	23	39	2	28	15	6	11	19	4	10	10	12	5	5	16	28	27	14	5	22	10	
2297_A/goose/Taiwan/01023 10	8	6	5	23	6	19	5	10	14	0	0	9	1	1	9	9	12	6	2	9	3	4	3	7	14	20	4	13	3	11	5	17	10	25	6	13	10	25	15	14	38	22	23	39	2	28	15	7	11	19	3	10	10	12	5	6	16	28	28	13	5	22	10	
2298_A/goose/Taiwan/01031 10	8	6	5	23	7	19	5	10	14	0	0	9	1	1	9	9	12	6	2	9	2	4	3	7	14	20	4	13	3	11	5	16	10	24	7	14	10	25	15	15	38	22	23	38	2	28	15	7	11	19	3	10	10	12	5	5	16	28	28	14	5	22	10	
2299_A/goose/Taiwan/01038 15	8	6	4	18	6	19	5	6	12	0	0	15	3	1	9	9	8	5	3	9	5	5	3	9	14	22	3	10	5	9	4	18	10	25	9	13	11	23	13	15	32	21	21	37	7	29	18	7	13	22	3	9	7	10	5	7	15	28	27	13	6	23	11	
2300_A/goose/Taiwan/01039 13	5	12	5	20	9	13	5	7	12	0	1	12	3	0	9	9	12	6	4	8	4	4	0	8	11	21	2	13	5	11	7	18	9	25	10	12	13	24	10	17	36	24	23	36	3	28	14	8	11	18	6	10	9	12	4	8	18	28	23	11	3	23	14	
2301_A/goose/Taiwan/01040 10	8	6	5	23	6	19	5	10	14	0	0	9	1	1	9	9	12	6	2	9	3	4	3	7	14	20	4	13	3	11	5	17	10	23	8	13	10	26	14	15	38	23	23	39	2	28	15	6	11	19	3	10	10	12	5	5	16	27	28	14	5	22	10	
2302_A/goose/Taiwan/TNC1/ 13	5	12	5	20	9	13	5	7	12	0	0	12	4	1	9	9	12	6	4	8	4	4	0	8	11	21	2	13	4	11	7	18	9	25	9	12	13	24	11	17	36	24	24	36	3	28	13	8	11	19	6	10	9	12	4	8	18	28	24	11	3	23	12	
2303_A/goose/Taiwan/TNC10 13	5	12	5	20	9	13	5	7	12	0	0	12	4	1	9	9	12	6	4	8	4	4	0	8	11	21	2	13	4	11	7	18	9	25	9	12	13	24	11	17	36	24	24	36	3	28	13	8	11	20	6	10	9	11	4	8	18	28	24	11	3	23	12	
2304_A/goose/Taiwan/TNC11 11	7	9	4	22	8	16	6	4	11	0	0	11	3	1	9	9	10	7	2	9	4	3	3	10	11	22	3	14	7	10	6	15	9	24	7	15	10	24	15	15	37	22	17	37	3	29	20	6	12	22	4	11	9	10	4	8	18	25	24	11	4	25	14	
2305_A/goose/Taiwan/TNC12 13	5	12	5	20	9	13	5	7	12	0	0	12	4	1	9	9	12	6	4	8	4	4	0	8	11	21	2	13	4	11	7	18	9	25	9	12	13	24	11	17	36	24	24	36	3	28	13	8	11	19	6	10	9	12	4	8	18	28	24	11	3	23	12	
2306_A/goose/Taiwan/TNC14 13	5	12	5	20	9	13	5	7	12	0	0	12	4	1	9	9	12	6	4	8	4	4	0	8	11	21	2	13	4	11	7	18	9	25	9	12	13	24	11	17	36	24	24	36	3	28	13	8	11	20	6	10	9	11	4	8	18	28	24	11	3	23	12	
2307_A/goose/Taiwan/TNC3/ 13	5	12	5	20	9	13	5	6	12	0	0	13	4	1	9	9	12	6	4	8	4	4	0	8	11	21	2	13	4	11	7	18	9	25	9	12	13	24	11	17	36	24	24	36	3	28	13	8	11	19	6	10	9	12	4	8	18	28	24	11	3	23	12	
2308_A/goose/Taiwan/TNC7/ 13	5	12	5	20	9	13	5	7	12	0	0	12	4	1	9	9	12	6	4	8	4	4	0	8	11	21	2	13	4	11	7	18	9	26	9	12	13	23	11	17	36	24	24	36	3	28	13	8	11	19	6	10	9	12	4	8	18	28	24	11	3	23	12	
2309_A/goose/Taiwan/TNC9/ 13	5	12	5	20	9	13	5	7	12	0	0	12	4	1	9	9	12	6	4	8	4	4	0	8	11	21	2	13	4	11	7	18	9	25	9	12	13	24	11	17	36	24	24	36	3	28	13	8	11	19	6	10	9	12	4	8	18	28	24	11	3	23	12	
2310_A/goose/Taiwan/TNO15 11	7	9	4	22	8	16	6	4	11	0	0	11	3	1	9	9	10	7	2	9	4	3	3	10	11	22	3	14	7	10	6	15	9	24	7	15	10	24	15	15	37	22	17	37	3	29	20	6	12	22	4	11	9	10	4	7	18	25	24	12	4	25	14	
2311_A/goose/Taiwan/TNO3/ 13	5	12	5	20	8	13	5	7	12	0	0	12	4	1	9	9	12	6	4	8	5	4	0	8	11	21	2	13	4	11	7	18	9	25	10	12	13	24	10	17	36	24	24	36	3	28	13	8	11	19	6	10	9	12	4	8	18	28	24	11	3	23	12	
2312_A/goose/Taiwan/TNO9/ 11	7	9	4	22	8	16	6	4	11	0	0	11	3	1	9	9	10	7	2	9	4	3	3	10	11	22	3	14	7	10	6	15	9	24	7	15	10	24	15	15	37	22	17	37	3	29	20	6	12	22	4	11	9	10	4	8	18	25	24	11	4	25	14	
2313_A/goose/Taoyuan/1501 13	5	12	5	20	9	13	5	7	12	0	1	12	4	0	9	9	12	6	4	8	4	4	0	8	11	21	2	13	4	11	7	18	9	25	9	12	13	24	11	17	36	24	24	36	3	28	13	8	11	19	6	10	9	12	4	8	18	28	24	11	3	23	12	
2314_A/goose/Taoyuan/1812 11	8	6	5	22	6	19	5	6	11	0	0	12	4	1	9	8	9	5	2	10	5	5	3	7	14	20	3	16	4	11	5	18	11	21	8	13	10	27	14	15	34	22	21	37	5	30	17	7	11	22	4	8	10	10	4	7	15	26	26	12	6	24	11	
2315_A/goose/Xinjiang/12. 12	7	11	4	21	6	14	6	5	13	0	0	9	3	1	9	10	10	6	3	9	5	4	3	13	12	22	5	12	4	8	4	20	10	23	11	12	11	26	9	16	33	22	18	37	6	29	18	8	12	19	7	9	9	13	2	7	15	30	23	11	5	21	15	
2316_A/goose/Xinjiang/12. 12	7	11	4	21	6	14	6	5	13	0	0	9	3	1	9	10	10	6	3	9	5	4	3	13	12	23	5	12	4	8	4	20	10	23	11	12	11	26	9	16	33	21	18	37	6	29	18	8	12	19	7	9	9	13	2	7	15	30	23	11	5	21	15	
2317_A/goose/Xinjiang/12. 13	7	8	4	20	7	17	6	9	12	0	0	10	3	1	9	8	10	6	2	10	4	4	3	6	16	24	3	15	2	7	4	18	10	21	9	12	12	28	13	15	34	24	20	37	5	24	21	6	13	22	3	9	8	10	5	7	16	25	27	14	4	25	11	
2318_A/goose/Xinjiang/12. 13	7	8	4	20	7	17	6	9	12	0	0	10	3	1	9	8	10	6	2	10	4	4	3	6	16	24	3	15	2	7	4	18	10	21	9	12	12	28	13	15	34	24	20	37	5	24	21	6	13	22	3	9	8	10	5	7	16	25	27	14	4	25	11	
2319_A/goose/Xinjiang/12. 13	7	8	4	20	7	17	6	9	12	0	0	10	3	1	9	8	10	6	2	10	4	4	3	6	16	23	3	15	2	7	4	18	10	21	9	12	12	28	13	14	34	25	20	37	5	24	21	6	13	22	3	9	8	10	5	7	17	25	27	14	4	25	11	
2320_A/goose/Xinjiang/12. 13	7	8	4	20	7	17	6	9	12	0	0	10	3	1	9	8	10	6	2	10	4	4	3	6	16	24	3	15	2	7	4	18	10	21	9	12	12	28	13	15	34	24	20	37	5	24	21	6	13	22	3	9	8	10	5	7	16	25	27	14	4	25	11	
2321_A/goose/Yangzhou/042 12	8	9	6	21	5	16	4	6	15	0	0	12	1	1	9	9	12	7	3	9	3	3	1	8	14	18	3	14	3	13	6	17	12	27	9	11	11	21	12	17	34	24	24	36	4	27	14	8	9	22	5	9	12	12	3	9	17	29	23	10	4	20	15	
2322_A/goose/Yangzhou/YZ5 15	8	10	6	18	6	15	4	5	14	0	0	12	1	1	9	11	11	6	2	7	3	4	2	11	12	20	4	12	6	11	6	17	10	22	10	14	10	26	12	16	33	24	27	37	7	25	11	8	14	22	5	11	8	11	4	5	18	27	30	10	2	22	8	
2323_A/goose/Yunlin/15010 10	8	6	5	23	6	19	5	10	14	0	0	9	1	1	9	9	12	6	2	9	3	4	3	7	14	20	4	13	3	11	5	17	10	23	7	13	10	26	15	15	38	22	23	39	2	28	15	6	11	19	3	10	10	12	5	5	16	28	28	14	5	22	10	
2324_A/goose/Yunlin/15010 10	8	6	5	23	6	19	5	10	14	0	0	9	1	1	9	9	12	6	2	9	3	4	3	7	14	20	4	13	3	11	5	17	10	23	7	13	10	26	15	15	38	22	23	39	2	28	15	6	11	19	3	10	10	12	5	5	16	28	28	14	5	22	10	
2325_A/goose/Yunlin/15010 10	8	6	5	23	6	19	5	10	14	0	0	9	1	1	9	9	12	6	2	9	3	4	3	7	14	20	4	13	3	11	5	17	10	23	7	13	10	26	15	15	38	22	23	39	2	28	15	6	11	19	3	10	10	12	5	5	16	28	28	14	5	22	10	
2326_A/goose/Yunlin/15010 10	8	6	5	23	6	19	5	10	14	0	0	9	1	1	9	9	12	6	2	9	3	4	3	7	14	20	4	13	3	11	5	17	10	23	7	13	10	26	15	15	38	22	23	39	2	28	15	6	11	19	3	10	10	12	5	5	16	28	28	14	5	22	10	
2327_A/goose/Yunlin/15010 10	8	6	5	23	6	19	5	10	14	0	0	9	1	1	9	9	12	6	2	9	3	4	3	7	14	20	4	13	3	11	5	17	10	23	7	13	10	26	15	15	38	21	24	39	2	28	15	6	11	19	3	10	10	12	5	5	16	28	28	14	5	22	10	
2328_A/goose/Yunlin/15040 11	7	9	4	22	8	16	6	4	11	0	0	11	3	1	9	9	10	7	2	9	4	3	3	10	11	22	3	14	7	10	6	15	9	24	7	15	11	24	15	15	37	22	17	37	3	29	20	6	12	22	4	11	8	10	4	7	18	25	23	12	4	25	15	
2329_A/goose/Yunlin/16020 11	8	6	5	22	6	19	5	10	14	0	0	9	1	1	9	9	11	6	2	9	3	4	3	7	14	20	4	13	4	11	5	17	9	25	7	13	11	24	15	15	38	22	23	39	2	28	15	7	11	21	3	10	11	11	3	5	15	28	29	13	6	21	10	
2330_A/goose/Yunlin/16020 10	8	6	5	23	6	19	5	10	14	0	0	9	1	1	9	9	11	6	2	9	3	4	3	7	15	20	4	13	3	11	5	17	9	24	7	13	11	25	15	15	38	22	23	39	2	28	15	7	11	20	3	10	11	12	3	5	15	28	29	13	6	21	10	
2331_A/goose/Yunlin/16040 11	8	7	5	22	6	18	5	11	14	0	0	10	1	1	9	9	11	6	2	9	3	4	3	6	14	20	4	12	4	11	5	17	9	25	7	13	11	24	15	15	38	20	24	39	2	29	15	7	11	21	3	10	11	11	3	5	15	28	29	13	6	21	10	
2332_A/goose/Yunlin/17100 10	9	7	5	23	4	18	5	11	15	0	0	10	0	1	9	8	12	8	2	9	3	3	3	8	14	18	2	11	3	12	5	17	10	23	7	14	10	26	15	14	38	22	26	39	2	28	14	7	11	20	2	9	10	12	6	6	15	27	27	14	6	22	11	
2333_A/goose/Yunlin/18030 14	8	7	4	19	7	18	6	5	10	0	0	11	4	1	9	9	9	6	1	8	6	4	4	9	14	22	2	16	3	9	5	17	8	21	10	13	14	27	12	14	34	21	22	37	4	31	17	8	11	21	3	8	10	11	4	9	18	23	32	12	3	26	7	
2334_A/goose/Yunlin/18030 14	8	7	4	19	7	18	6	5	10	0	0	11	4	1	9	9	9	6	1	8	6	4	4	9	14	22	2	16	3	9	5	17	8	21	10	13	14	27	12	14	34	21	22	37	4	31	17	8	11	21	3	8	10	11	4	9	18	23	32	12	3	26	7	
2335_A/goose/Yunlin/18040 9	7	7	4	23	6	18	6	10	15	0	0	11	0	1	9	9	11	7	2	9	3	4	3	7	15	18	3	12	3	12	5	17	10	22	8	13	11	27	14	15	36	22	25	39	3	27	15	9	10	20	1	8	10	12	6	6	15	27	27	14	6	22	12	
2336_A/goose/Yunlin/18040 10	8	6	5	23	5	19	5	10	14	0	0	11	0	1	9	9	12	7	2	9	3	3	3	7	15	18	5	12	3	13	3	17	10	24	8	14	9	27	14	14	36	22	23	39	2	28	16	7	11	19	2	9	10	12	6	7	13	27	28	14	8	22	10	
2337_A/goose/Yunlin/18090 11	8	6	5	22	6	19	5	10	14	0	0	11	0	1	9	9	12	7	2	9	3	3	3	7	14	18	5	12	3	13	3	17	10	24	8	14	9	27	14	14	36	21	22	39	2	29	17	7	11	19	2	9	10	12	6	7	13	27	27	14	8	22	11	
2338_A/goose/Yunlin/18090 13	10	12	5	20	5	13	5	6	11	0	0	9	4	1	9	11	8	6	1	10	4	4	3	12	12	20	4	10	8	11	4	16	9	27	7	9	9	21	15	20	37	23	20	36	4	30	17	10	12	16	3	11	9	16	3	3	19	28	34	13	3	21	6	
2339_A/goose/Yunlin/18110 11	8	6	5	22	6	19	4	6	11	0	0	13	4	1	9	8	9	5	1	10	5	5	4	7	14	20	2	15	4	11	5	18	11	20	8	12	10	28	14	14	32	22	20	37	7	30	18	7	12	21	4	9	10	10	4	8	15	27	27	12	5	24	11	
2340_A/goose/Yunnan/3798/ 11	7	9	5	21	7	16	5	6	12	0	0	10	3	1	9	10	10	7	2	9	5	3	2	10	12	22	8	14	5	9	3	20	11	28	11	12	8	21	10	16	34	23	18	37	7	29	17	7	11	21	5	10	9	11	3	6	19	29	25	11	2	21	13	
2341_A/goose/Yunnan/4371/ 11	7	9	5	21	7	16	5	6	12	0	0	10	3	1	9	10	10	7	2	9	5	3	2	10	12	22	7	14	5	9	4	19	11	28	11	13	8	21	10	16	34	22	18	37	7	30	17	7	11	21	5	10	9	11	3	6	19	29	25	11	2	21	13	
2342_A/goose/Yunnan/4389/ 11	7	9	5	21	7	16	5	6	12	0	0	10	3	1	9	10	10	7	2	9	5	3	2	10	12	22	7	14	5	8	4	19	11	28	11	13	8	21	10	16	34	22	18	37	7	31	17	7	11	21	5	10	9	11	3	6	19	29	25	11	2	21	13	
2343_A/goose/Yunnan/4985/ 11	7	9	5	21	7	16	5	6	12	0	0	10	3	1	9	10	10	7	2	9	5	3	2	10	12	22	7	14	5	9	4	20	11	28	11	13	8	21	10	16	34	22	18	37	7	30	17	6	11	21	5	10	9	11	3	6	19	29	25	11	2	21	13	
2344_A/goose/Yunnan/5141/ 11	7	9	5	22	6	16	5	6	12	0	0	10	3	1	9	10	10	8	2	9	5	3	2	11	12	21	7	13	5	9	4	20	11	28	9	12	8	22	11	16	34	24	20	37	7	28	15	7	11	21	6	10	8	10	3	6	20	27	25	11	2	23	13	
2345_A/goose/Yunnan/5769/ 12	7	9	5	21	6	16	5	7	11	0	0	10	4	1	9	10	10	7	2	9	5	3	2	8	12	20	8	15	5	10	4	20	11	29	10	12	8	20	12	16	34	22	18	37	7	31	16	6	11	21	5	11	10	11	2	8	18	29	25	9	2	21	13	
2346_A/goose/Yunnan/5979/ 12	7	9	5	21	6	16	5	7	11	0	0	10	4	1	9	10	10	7	2	9	5	3	2	8	12	20	8	15	5	10	4	20	11	29	10	12	8	20	12	16	34	22	18	37	7	31	16	6	11	21	5	11	10	11	2	8	18	29	25	9	2	21	13	
2347_A/goose/Yunnan/6193/ 11	7	9	5	22	6	16	5	6	11	0	0	10	4	1	9	10	10	7	2	9	5	3	2	11	11	22	7	14	5	9	4	18	11	28	9	14	8	21	12	16	33	24	19	37	8	28	16	7	11	19	5	10	9	13	3	6	19	30	25	11	2	20	13	
2348_A/goose/Zhejiang/112 12	8	9	7	21	6	15	3	5	15	0	0	14	1	1	9	9	11	6	3	9	3	5	1	8	14	19	3	13	4	12	6	17	12	26	9	12	11	22	12	17	33	24	24	36	4	28	13	8	10	20	5	8	11	14	3	10	17	28	24	10	4	20	14	
2349_A/goose/Zhejiang/112 13	9	7	4	20	7	18	6	6	8	0	0	12	4	1	9	13	10	8	2	7	6	3	2	12	11	19	7	10	5	12	4	18	10	30	11	11	10	19	10	16	32	25	20	36	8	25	16	9	11	20	6	11	11	12	2	3	17	35	32	13	3	15	6	
2350_A/goose/Zhejiang/112 12	8	7	5	21	6	18	5	7	11	0	0	10	3	1	9	9	10	7	2	9	4	3	3	7	15	22	2	17	3	9	5	16	9	24	10	13	11	25	13	16	34	21	21	37	6	30	18	7	12	21	3	9	9	10	4	5	18	27	28	15	3	23	10	
2351_A/goose/Zhejiang/727 11	6	9	4	24	6	16	6	6	12	0	0	8	5	1	9	11	10	8	3	7	6	2	3	13	12	22	5	12	5	9	4	19	8	26	12	13	11	22	8	17	35	22	20	36	5	28	17	8	12	18	6	8	10	14	3	6	15	28	21	11	4	23	17	
2352_A/goose/Zhejiang/727 13	6	9	5	24	6	16	5	9	10	0	0	7	4	1	9	11	9	7	3	6	6	3	2	9	12	21	6	16	6	9	4	21	10	28	13	10	11	20	9	15	29	26	19	38	9	23	18	9	11	19	6	8	10	13	2	7	18	32	24	11	2	19	14	
2353_A/goose/Zhejiang/727 13	5	9	4	24	6	16	6	6	12	0	0	9	4	1	9	9	10	8	3	7	6	2	3	13	12	22	5	12	5	9	4	20	8	26	12	13	11	22	8	17	35	22	20	36	5	28	17	8	12	18	6	8	10	14	3	6	15	28	22	11	4	23	16	
2354_A/goose/Zhejiang/771 12	8	9	4	21	5	16	6	6	12	0	0	7	4	1	9	12	11	7	3	8	4	3	2	13	12	23	6	12	4	9	5	23	10	26	11	8	11	23	10	15	33	23	18	37	6	28	17	10	12	19	5	7	9	13	4	9	18	29	21	9	2	22	16	
2355_A/goose/Zhejiang/771 12	8	9	4	21	5	16	6	6	12	0	0	7	4	1	9	12	11	7	3	8	4	3	2	13	12	23	6	12	4	9	5	23	10	26	11	8	11	23	10	15	33	23	18	37	6	28	17	10	12	19	5	7	9	13	4	9	18	29	21	9	2	22	16	
2356_A/goose/Zhejiang/771 12	8	9	4	21	5	16	6	6	12	0	0	7	4	1	9	12	11	7	3	8	4	3	2	13	12	23	6	12	4	9	5	23	10	26	11	8	11	23	10	15	33	23	18	37	6	28	17	10	12	19	5	7	9	13	4	9	18	29	21	9	2	22	16	
2357_A/goose/Zhejiang/925 11	7	10	5	22	6	15	5	5	12	0	0	8	4	1	9	9	9	7	2	10	7	3	2	12	12	23	6	14	5	8	6	21	8	27	11	13	11	22	8	14	34	24	21	38	6	25	15	8	12	18	6	9	10	14	4	6	16	30	24	11	3	20	14	
2358_A/goose/Zhejiang/925 10	7	10	6	23	6	15	4	4	14	0	0	17	2	1	9	12	10	5	3	7	3	6	1	5	14	20	3	13	4	11	6	14	11	24	10	17	9	25	11	15	36	29	23	36	4	24	13	9	9	23	7	9	10	9	2	6	21	30	28	12	2	20	9	
2359_A/goose/Zhejiang/925 12	8	9	6	21	5	16	4	5	15	0	0	14	1	1	9	9	11	6	3	9	4	5	1	8	13	20	3	13	4	11	6	17	12	26	9	12	10	22	12	17	34	24	24	36	4	28	13	8	10	21	5	8	11	12	3	9	17	29	24	10	4	21	14	
2360_A/goose/Zhejiang/925 11	6	9	4	22	6	16	6	5	12	0	0	8	4	1	9	11	10	7	2	8	5	3	3	13	12	22	7	13	5	8	4	22	11	27	12	10	12	22	9	17	32	23	18	36	7	29	16	7	11	20	5	10	8	13	4	6	18	31	23	11	3	19	14	
2361_A/goose/Zhejiang/925 12	8	9	6	21	5	16	4	5	15	0	0	12	1	1	9	7	11	6	3	10	2	5	1	9	13	20	3	14	5	11	6	17	12	26	9	12	11	21	13	18	34	24	24	36	4	27	14	8	10	23	5	8	11	12	2	9	17	26	25	10	4	22	14	
2362_A/goose/Zhejiang/925 11	6	9	4	22	6	16	6	5	12	0	0	8	4	1	9	11	10	7	2	8	5	3	3	13	12	22	7	13	5	8	4	23	11	28	13	9	12	21	8	17	31	23	18	36	8	29	16	7	10	20	5	10	9	13	4	6	18	30	23	11	3	20	14	
2363_A/great_black-headed 12	7	10	5	21	7	15	5	6	10	0	0	10	4	1	9	10	9	9	2	9	6	2	2	10	13	21	7	14	4	9	5	17	11	26	10	14	10	23	11	16	33	26	19	38	7	26	15	8	10	20	6	9	10	12	2	7	18	27	25	10	3	22	13	
2364_A/great_crested-greb 12	7	10	5	21	7	15	4	6	10	0	0	10	4	1	9	10	9	8	2	9	6	2	2	9	14	21	7	15	4	9	5	18	11	26	10	14	9	23	11	16	34	26	19	37	6	26	15	8	11	21	5	8	10	12	4	7	17	26	24	10	4	23	14	
2365_A/great_egret/Hong_K 10	7	9	5	23	6	16	5	8	11	0	0	10	4	1	9	10	11	7	2	9	5	3	2	8	11	22	7	14	5	9	5	21	10	29	11	12	10	20	10	15	30	23	19	37	9	27	16	8	11	20	4	8	8	12	4	7	20	29	23	11	3	22	15	
2366_A/great_tit/Panjing/ 10	6	8	6	23	6	17	4	5	14	0	0	15	3	1	9	6	8	7	0	11	5	3	4	8	14	16	3	12	5	14	6	19	8	22	10	11	11	27	11	14	31	28	19	38	8	25	18	9	10	19	2	7	9	15	9	8	21	23	25	14	3	25	10	
2367_A/green-winged_teal/ 13	7	6	4	20	7	19	6	8	11	0	0	12	4	1	10	9	9	6	2	9	5	4	3	9	14	22	2	12	4	9	5	19	10	22	9	11	11	26	13	15	33	22	20	36	6	29	18	6	12	22	3	11	9	10	4	6	16	26	26	13	5	24	13	
2368_A/grey_heron/Hong_Ko 10	7	9	5	23	6	16	5	6	11	0	0	10	4	1	9	10	11	7	2	9	5	3	2	9	11	22	7	15	5	9	5	21	10	28	11	12	10	21	10	16	32	23	19	36	8	27	16	8	11	20	4	9	9	12	4	6	18	29	24	11	3	22	14	
2369_A/grey_heron/Hong_Ko 10	7	10	5	23	6	15	5	7	11	0	0	10	4	1	9	10	10	7	2	9	5	3	2	9	12	22	7	14	5	9	5	21	10	28	11	12	10	21	10	15	30	22	19	37	9	28	16	8	12	20	4	8	8	12	4	8	19	29	24	10	3	22	14	
2370_A/heron/Kaohsiung/15 12	8	6	5	21	6	19	5	5	11	0	0	12	4	1	9	8	9	5	2	10	5	5	3	9	13	21	2	14	5	10	6	19	12	22	10	11	9	26	12	15	33	24	20	37	5	27	18	7	12	22	4	9	9	10	4	6	19	25	28	14	3	25	10	
2371_A/heron/Yilan/17DB00 10	9	7	5	23	4	18	5	10	15	0	0	11	0	1	9	9	12	6	2	9	3	4	3	7	14	19	3	13	3	12	5	17	10	22	7	14	10	27	15	13	38	20	23	38	2	30	16	7	11	20	2	9	10	12	6	6	15	26	28	13	7	23	10	
2372_A/hill_myna/Heilongj 11	8	9	5	22	6	16	5	7	10	0	0	8	4	1	9	10	9	7	2	9	6	3	2	10	12	22	7	15	5	9	5	20	8	27	12	11	12	22	9	15	32	24	20	38	8	24	17	9	11	19	6	9	10	13	2	7	18	31	24	10	2	20	14	
2373_A/lesser_kestrel/Hei 12	8	9	5	21	6	16	5	6	11	0	0	9	5	1	9	10	9	7	2	8	6	3	2	11	11	22	7	14	5	9	4	19	11	28	10	13	8	20	12	15	33	23	18	38	8	29	16	7	11	22	5	9	9	10	3	9	19	29	26	9	2	21	13	
2374_A/lion/Hubei/1-2/201 13	8	9	5	20	7	17	5	7	12	0	0	12	2	1	9	9	7	7	2	8	5	3	3	11	16	22	1	10	4	9	6	19	11	21	8	12	11	27	14	15	33	27	19	36	6	24	20	9	9	21	4	7	12	10	5	6	17	26	24	14	4	23	14	
2375_A/little_egret/Hong_ 15	5	11	4	18	6	15	6	5	14	1	0	13	4	0	9	11	9	4	2	7	4	5	1	9	13	19	4	11	6	12	5	23	13	30	14	9	11	19	8	17	32	20	25	37	6	30	15	5	10	18	5	11	8	13	5	6	21	24	21	14	1	25	14	
2376_A/little_grebe/Xiang 11	6	11	3	22	8	14	7	5	12	0	0	14	3	1	9	7	11	6	3	8	3	4	2	16	12	20	2	8	6	11	7	18	6	29	6	11	14	21	15	16	35	27	24	36	6	22	15	9	14	16	4	10	8	14	4	6	16	27	28	12	3	24	10	
2377_A/magpie_robin/Hong_ 10	7	9	5	23	6	16	5	6	11	0	0	10	4	1	9	10	11	7	2	8	5	3	2	9	11	22	7	15	5	9	5	21	10	28	11	12	10	21	10	15	32	23	19	37	8	27	16	8	11	20	4	9	9	13	4	7	18	28	24	11	3	22	14	
2378_A/magpie_robin/Hong_ 10	7	9	5	23	6	16	5	6	11	0	0	11	4	1	9	10	11	7	2	9	5	3	2	9	11	22	7	14	5	9	5	21	10	28	11	12	10	21	10	15	32	23	19	37	8	27	16	8	11	20	4	9	9	12	4	6	18	29	24	11	3	22	14	
2379_A/mallard/Shanghai/S 13	8	9	6	21	5	16	4	4	15	0	0	13	1	1	9	8	12	6	3	9	3	4	1	8	14	19	3	14	3	12	6	18	12	27	9	12	12	21	12	17	34	24	24	36	4	28	13	8	10	22	5	8	10	12	3	9	17	30	24	10	4	19	14	
2380_A/meerkat/Shanghai/S 12	8	9	5	21	6	16	5	7	10	0	0	8	4	1	9	11	9	7	2	8	5	3	2	10	13	22	7	15	5	9	4	21	10	25	13	11	12	23	9	15	29	25	19	38	9	24	18	8	11	19	6	9	10	13	2	6	18	31	24	11	2	20	14	
2381_A/migratory_waterfow 11	7	9	4	22	6	16	6	4	12	0	0	8	4	1	9	12	10	7	3	9	5	3	2	13	12	22	7	13	5	8	4	23	10	27	13	9	12	22	8	15	33	24	18	37	6	28	16	7	11	19	4	10	9	13	5	7	17	29	23	10	3	22	14	
2382_A/migratory_waterfow 11	7	9	4	22	6	16	6	4	12	0	0	8	4	1	9	12	10	7	3	9	5	3	2	13	12	22	7	13	5	8	4	23	10	27	13	9	12	22	8	15	33	24	18	37	6	28	16	7	11	19	4	10	9	13	5	7	17	29	23	10	3	22	14	
2383_A/mink/China/181/201 11	7	9	4	22	7	16	6	6	12	0	0	8	3	1	9	13	10	7	3	6	5	3	3	10	13	21	5	15	4	10	4	20	8	26	12	12	14	22	9	17	32	23	21	36	6	27	15	7	12	17	7	9	8	15	2	9	16	29	21	10	5	21	17	
2384_A/mink/China/183/201 10	7	11	4	23	7	14	6	4	12	0	0	9	3	1	9	11	11	6	3	8	5	4	3	11	11	20	3	14	5	11	5	20	9	28	11	12	13	20	10	17	32	22	23	37	6	27	15	6	12	18	7	10	8	14	2	9	16	30	22	10	5	20	16	
2385_A/mink/China/191/201 10	7	10	4	23	7	15	6	4	12	0	0	9	3	1	9	11	11	6	3	8	5	4	3	11	11	20	3	14	5	11	5	19	9	28	11	12	14	20	10	17	31	22	23	37	6	27	15	8	12	18	7	9	8	14	2	9	16	30	22	10	5	20	16	
2386_A/mink/China/456/201 11	7	8	3	22	7	17	7	3	12	0	0	9	3	1	9	12	10	7	3	7	6	3	3	12	10	22	5	15	6	10	4	20	8	26	12	12	13	22	9	17	32	22	21	36	7	27	15	8	11	18	6	9	10	14	3	8	15	30	22	10	5	20	16	
2387_A/mink/China/G/2015_ 12	7	9	5	21	6	16	5	8	11	0	0	8	4	1	9	10	10	7	2	9	5	3	2	11	12	22	7	13	5	9	5	21	9	29	11	10	12	20	10	17	31	24	20	37	8	26	15	9	12	18	6	8	9	14	1	6	17	31	26	11	3	20	13	
2388_A/mink/China/XB/2015 13	8	8	5	20	7	17	5	7	12	0	0	12	2	1	9	9	7	6	2	8	5	4	3	12	15	22	1	10	5	9	6	18	11	20	9	12	11	27	14	15	32	25	19	36	7	25	21	9	11	22	4	8	10	10	5	6	16	25	25	14	4	24	13	
2389_A/mink/Eastern_China 13	7	8	4	20	7	17	6	9	12	0	0	10	3	1	9	8	10	6	2	10	4	4	3	8	15	24	3	13	3	7	4	18	10	22	10	13	12	27	13	14	34	23	20	37	5	25	21	6	13	21	3	9	8	10	5	7	17	27	26	14	3	23	12	
2390_A/mink/Eastern_China 15	9	13	5	18	5	12	5	11	14	1	0	5	2	0	9	11	10	7	1	6	7	3	2	15	11	22	2	8	4	9	5	20	11	30	7	9	11	18	14	18	33	23	26	37	5	30	14	8	11	22	3	6	9	13	6	12	19	26	26	11	1	21	11	
2391_A/mink/Eastern_China 12	6	7	4	21	7	18	6	3	11	0	0	10	4	1	9	11	11	7	3	8	4	3	3	12	12	21	5	14	5	10	4	18	9	24	12	13	12	24	10	18	31	23	21	35	8	27	15	8	11	20	5	9	11	12	3	7	16	29	23	11	5	21	15	
2392_A/mink/Eastern_China 13	7	8	4	20	7	17	6	9	12	0	0	10	3	1	9	8	10	6	2	10	4	4	3	8	15	24	4	13	3	7	3	18	10	22	10	13	12	27	13	14	34	23	20	37	5	25	21	6	13	21	3	9	8	10	5	7	17	27	26	14	3	23	12	
2393_A/mink/Eastern_China 10	7	9	4	23	7	16	6	4	11	0	0	9	3	1	9	12	10	8	3	7	5	3	3	11	13	21	5	15	5	9	4	21	9	26	11	11	13	22	10	17	32	23	21	36	6	27	15	6	11	18	7	9	9	14	3	10	16	30	22	9	5	20	16	
2394_A/mink/Northern_Chin 13	7	8	4	20	7	17	6	9	12	0	0	10	3	1	9	8	10	6	2	10	4	4	3	6	15	24	4	15	3	7	4	18	10	22	9	12	12	27	13	15	34	22	20	37	5	26	20	6	13	21	3	9	8	11	5	8	17	26	26	13	3	24	12	
2395_A/night_heron/Taiwan 10	8	6	5	23	6	19	5	10	14	0	0	9	1	1	9	9	12	6	2	9	3	4	3	7	14	20	4	13	3	11	5	17	10	23	7	13	10	26	15	15	38	22	23	39	2	28	15	6	11	19	3	10	10	12	5	5	16	28	28	14	5	22	10	
2396_A/oriental_magpie_ro 10	4	7	6	23	7	18	4	7	13	0	0	14	3	1	9	6	9	7	1	12	6	3	3	7	13	17	3	12	5	13	5	19	7	25	10	10	14	24	11	15	32	26	19	37	6	27	19	9	12	19	2	9	10	15	8	8	18	25	25	12	3	23	11	
2397_A/ostrich/Suzhou/097 11	7	10	6	22	6	15	4	8	11	0	0	8	4	1	9	11	10	7	2	8	5	3	2	10	11	20	6	14	6	11	5	19	13	29	11	13	9	20	10	16	32	25	19	36	7	28	15	6	9	22	4	12	11	10	5	6	18	28	27	10	3	22	10	
2398_A/parrot/Guangdong/2 12	8	16	5	21	6	9	5	9	11	0	0	7	4	1	9	10	6	4	0	8	6	6	4	12	15	21	2	12	5	10	5	11	8	25	8	14	11	23	14	21	32	21	26	37	9	31	13	11	14	18	1	10	7	15	6	2	18	28	28	12	3	21	11	
2399_A/parrot/Guangdong/C 11	7	9	6	22	6	16	4	6	11	0	0	10	4	1	9	10	10	7	2	9	5	3	2	10	11	22	6	14	6	9	5	19	10	28	10	13	10	21	11	15	34	25	18	37	6	28	16	7	11	22	4	11	10	10	4	6	18	29	28	11	2	21	10	
2400_A/partridge/Shantou/ 12	8	9	6	21	6	16	4	7	11	0	0	10	3	1	9	10	11	7	2	9	4	3	2	10	11	22	6	13	6	9	5	19	10	30	11	13	10	20	10	15	33	26	18	37	7	25	17	7	11	22	4	11	10	10	4	6	19	29	27	11	1	21	11	
2401_A/peacock/Yunnan/1/2 12	8	7	5	21	7	18	5	6	12	0	0	13	2	1	9	9	7	6	2	8	5	4	3	11	16	21	1	10	5	10	6	19	11	23	8	11	11	25	14	15	31	25	21	36	7	26	18	9	10	22	4	7	11	10	5	8	17	25	24	14	3	24	14	
2402_A/peacock/Yunnan/3/2 12	8	7	5	21	7	18	5	6	12	0	0	13	2	1	9	9	7	6	2	8	5	4	3	11	16	21	1	10	5	10	6	19	11	23	8	11	11	25	14	15	31	25	21	36	7	26	18	9	10	22	4	7	11	10	5	8	17	25	24	14	3	24	14	
2403_A/peregrine_falcon/H 9	7	8	7	24	7	17	3	6	11	0	0	16	3	1	9	7	8	6	1	12	4	4	2	7	14	19	5	10	6	12	5	17	11	24	9	12	11	24	13	16	33	23	19	37	5	29	18	8	12	19	3	10	10	14	7	7	17	25	24	12	3	24	12	
2404_A/pheasant/Shantou/3 11	8	9	6	22	6	16	4	6	10	0	0	10	4	1	9	10	12	7	1	10	3	3	3	11	11	21	5	12	6	10	6	19	10	30	11	13	9	20	10	15	32	25	17	37	8	26	18	8	11	22	4	10	11	10	4	6	19	28	27	11	1	22	11	
2405_A/pheasant/Shantou/4 12	7	9	6	21	6	16	4	6	11	0	0	9	4	1	9	10	10	7	2	9	5	3	2	10	11	23	6	15	6	7	6	18	9	30	10	14	11	21	11	15	32	24	18	36	9	28	16	7	11	21	4	11	10	10	4	6	18	30	30	11	2	20	8	
2406_A/pied_megpie/Liaoni 11	7	9	6	22	6	16	3	7	11	0	0	13	4	1	9	10	11	7	3	8	5	5	1	7	10	20	6	14	6	10	5	19	10	29	8	13	10	20	12	15	34	23	21	37	7	29	14	9	12	21	5	8	10	11	5	6	18	30	28	11	1	20	9	
2407_A/pigeon/Fujian/1.17 16	8	10	5	17	6	15	5	4	14	0	0	13	1	1	9	11	11	6	2	6	3	4	2	13	13	21	3	11	5	10	7	17	8	23	11	14	11	25	11	16	33	24	23	37	8	27	14	8	12	21	5	11	8	11	4	5	19	26	32	10	3	23	6	
2408_A/pigeon/Hainan/1.14 10	7	9	4	23	7	16	6	4	12	0	0	9	3	1	9	12	10	7	3	7	5	3	3	10	12	21	5	16	5	10	4	20	9	25	12	12	13	23	9	17	31	23	22	36	6	27	15	7	11	18	7	10	8	14	2	9	16	29	22	10	5	21	16	
2409_A/pigeon/Hubei/RP25/ 12	6	8	7	21	9	17	3	3	11	0	0	17	4	1	9	7	10	7	1	11	5	3	3	7	13	19	4	13	3	12	5	18	7	27	8	13	13	23	12	14	32	22	22	38	9	29	16	5	13	17	2	12	8	16	7	6	16	25	27	13	3	24	10	
2410_A/pigeon/Sichuan/NCX 11	7	9	4	22	6	16	6	4	12	0	0	8	4	1	9	10	10	7	2	9	5	3	4	13	12	22	5	14	5	9	4	19	8	27	12	13	12	22	9	14	34	23	20	37	6	29	15	9	11	19	5	9	10	13	3	6	16	30	25	11	4	21	13	
2411_A/pigeon/Zhejiang/11 12	8	9	5	21	7	16	5	7	9	0	0	9	4	1	9	13	9	7	2	7	5	4	2	10	13	19	7	14	5	11	5	21	7	28	14	11	13	20	8	15	32	25	20	36	8	24	16	8	10	19	6	9	11	13	2	6	18	33	25	12	2	18	13	
2412_A/pigeon/Zhejiang/11 11	8	9	5	22	7	16	5	7	9	0	0	9	4	1	9	13	8	7	2	7	5	4	2	10	14	20	7	14	5	10	4	21	8	27	13	11	12	21	9	15	32	25	20	36	8	24	17	8	10	19	6	9	11	13	2	6	18	31	25	12	2	20	13	
2413_A/pigeon/Zhejiang/72 13	6	9	5	24	6	16	5	9	10	0	0	7	4	1	9	11	9	7	3	6	6	3	2	9	12	21	6	16	6	9	4	21	10	28	13	10	11	20	9	15	29	26	19	38	9	23	18	9	11	19	6	8	10	13	2	7	18	32	24	11	2	19	14	
2414_A/plateau_pika/Qingh 10	5	9	6	23	8	16	4	7	13	0	0	9	3	1	9	9	11	5	3	9	4	4	2	8	12	18	3	16	4	13	6	15	9	24	8	14	13	24	13	16	36	23	21	38	2	30	16	10	12	21	4	8	9	12	4	8	18	24	25	10	3	25	13	
2415_A/quail/Guangxi/11/2 11	8	9	6	22	5	16	4	5	12	0	0	9	4	1	9	9	9	6	2	9	6	4	2	10	11	19	7	16	6	12	5	19	10	26	11	13	10	23	10	15	34	24	20	38	6	28	14	7	11	24	4	12	10	9	4	5	17	30	29	9	4	19	9	
2416_A/quail/Guangxi/12/2 11	8	9	6	22	5	16	4	6	12	0	0	8	4	1	9	9	9	6	2	9	6	4	2	10	11	20	7	16	6	11	5	19	10	26	11	13	10	23	10	15	34	24	20	38	6	28	14	7	11	25	4	12	10	8	4	5	17	30	29	9	4	19	9	
2417_A/quail/Guangxi/13/2 11	7	9	6	22	6	16	4	5	12	0	0	9	4	1	9	9	9	6	2	9	6	4	2	10	11	19	6	16	6	12	5	19	10	26	11	13	10	23	10	15	34	24	21	38	6	28	14	7	11	24	4	12	10	9	4	4	17	30	29	10	4	19	9	
2418_A/quail/Jiangsu/k010 16	4	5	4	19	8	20	6	6	12	0	0	12	3	1	9	10	9	6	1	8	5	5	3	11	13	22	2	11	5	9	5	19	10	21	9	11	11	26	14	15	34	22	18	37	5	30	20	6	12	23	3	10	9	9	5	8	17	26	28	12	4	24	10	
2419_A/quail/Nanchang/663 11	7	9	4	22	6	16	6	5	12	0	0	8	4	1	9	10	10	7	2	9	5	3	3	13	12	22	7	13	5	9	4	22	8	28	12	11	12	21	8	15	33	24	20	37	7	26	16	8	11	19	5	9	10	13	3	7	17	31	23	10	3	20	15	
2420_A/shrike/Tibet/13/20 11	7	9	5	21	6	17	4	8	11	0	0	11	4	1	9	9	9	6	2	9	6	4	2	8	12	22	6	14	5	9	5	18	12	30	11	14	8	18	13	16	34	25	17	37	6	30	16	7	12	20	5	9	9	12	2	8	18	28	26	10	2	21	12	
2421_A/silkie_chicken/Don 11	7	9	4	22	6	16	6	5	12	0	0	8	4	1	9	10	9	7	3	9	6	3	3	13	12	23	5	13	5	8	4	20	8	26	11	13	12	23	9	16	34	22	20	37	6	28	16	8	12	19	6	8	9	13	3	6	16	29	22	11	4	22	16	
2422_A/silky_chicken/Shan 11	7	9	6	22	5	15	5	6	12	0	0	11	5	1	9	9	10	7	1	8	5	3	3	10	11	20	8	14	6	10	4	19	11	29	10	14	9	21	11	15	32	25	19	36	6	27	16	7	12	21	5	10	10	9	3	9	18	29	27	9	3	22	11	
2423_A/spot-billed_duck/N 13	7	8	3	20	7	17	7	9	12	0	0	9	3	1	9	8	10	6	2	10	4	4	3	5	15	23	4	17	3	8	3	18	11	20	10	11	11	27	13	16	33	24	21	37	4	26	19	6	13	22	3	9	8	10	5	7	17	24	26	14	5	26	12	
2424_A/spot-billed_duck/N 13	7	8	4	20	7	17	6	10	12	0	0	7	3	1	9	8	10	6	2	10	4	5	3	5	15	22	4	18	3	8	3	18	11	20	10	11	11	27	13	16	33	24	21	37	4	26	19	7	13	22	3	9	8	10	5	7	17	24	27	13	5	26	11	
2425_A/spot-billed_duck/N 13	7	8	4	20	7	17	6	10	12	0	0	7	3	1	9	8	10	6	2	10	4	5	3	5	15	22	4	18	3	8	3	18	11	20	10	11	11	27	13	16	33	24	21	37	4	26	19	7	13	22	3	9	8	10	5	7	17	24	27	13	5	26	11	
2426_A/spot-billed_duck/X 12	6	6	4	21	8	19	6	7	13	0	0	12	2	1	9	9	9	6	2	9	5	4	3	9	14	22	2	12	4	9	5	19	11	21	10	11	10	27	12	15	33	23	19	37	6	28	21	6	12	22	3	11	9	10	5	6	16	25	25	13	5	25	12	
2427_A/swan_goose/Jilin/J 11	7	9	4	22	6	16	6	5	12	0	0	8	4	1	9	12	10	7	2	8	5	3	3	12	12	22	7	13	5	8	4	24	10	28	13	9	12	21	8	16	33	23	18	37	6	29	16	7	11	20	5	10	9	13	4	6	17	30	23	10	3	20	14	
2428_A/swan/China/ST/2016 13	7	8	4	20	7	17	6	9	12	0	0	10	3	1	9	9	10	6	2	9	4	4	3	6	15	24	3	15	3	7	4	18	10	24	9	12	12	25	13	15	34	22	20	37	5	26	21	6	13	22	3	9	8	10	5	7	17	26	26	14	3	24	12	
2429_A/swan/Shandong/W376 13	7	7	5	20	7	18	5	6	12	0	0	8	3	1	9	9	11	7	2	9	4	3	3	8	14	23	2	18	3	8	5	15	10	25	10	14	11	24	12	16	36	25	21	37	3	25	18	5	10	21	3	12	11	13	5	4	18	24	29	15	3	24	9	
2430_A/swan/Shanghai/10/2 10	7	9	5	22	6	16	5	7	11	0	1	11	4	0	9	11	9	7	2	8	6	3	2	10	12	21	8	12	5	10	5	19	11	28	9	13	10	21	12	18	31	25	18	37	7	27	16	7	11	18	5	10	9	15	3	6	19	26	25	11	2	23	13	
2431_A/swine/China/RZ/201 10	7	9	4	23	7	16	6	4	10	0	0	9	4	1	9	12	10	7	3	7	5	3	3	11	13	21	5	15	5	10	4	20	9	26	11	13	13	22	10	17	32	24	21	36	6	26	15	6	11	18	6	9	9	14	3	8	16	30	22	11	5	20	16	
2432_A/swine/Guangdong/1/ 11	6	9	4	22	6	16	5	5	13	0	0	8	3	1	11	10	10	7	3	8	5	3	3	13	11	22	5	13	6	9	4	20	8	26	11	14	12	23	9	16	34	22	20	37	6	28	15	8	11	18	6	8	10	13	3	6	16	29	21	11	4	23	18	
2433_A/swine/Guangdong/2/ 11	7	9	4	22	6	16	6	5	12	0	0	8	4	1	9	10	10	7	3	9	5	3	3	13	11	22	5	13	6	9	4	20	8	26	11	13	12	23	9	16	34	22	20	37	6	28	16	8	12	19	6	8	9	13	3	6	16	29	21	11	4	22	17	
2434_A/swine/Guangxi/592/ 11	7	9	5	22	6	16	5	7	11	0	0	8	4	1	9	9	10	8	2	10	5	2	2	10	11	23	7	15	6	8	4	20	8	28	12	13	12	21	9	15	32	24	19	37	8	26	17	8	12	18	5	9	9	14	3	6	17	32	24	11	3	19	14	
2435_A/swine/Jiangsu/1/20 10	6	9	7	23	7	16	3	7	12	0	0	11	3	1	9	10	10	7	2	10	4	3	2	12	12	20	5	10	5	11	6	22	9	28	12	12	12	19	10	14	34	27	18	37	6	24	18	7	9	22	3	11	13	10	5	6	18	28	26	10	1	22	12	
2436_A/swine/Jiangsu/2/20 11	7	12	5	22	6	13	5	6	11	0	0	11	4	1	9	10	10	6	2	10	5	4	2	10	13	21	7	12	4	10	4	20	12	30	11	13	8	19	10	15	34	26	17	37	7	26	18	6	10	23	5	10	9	10	3	7	19	29	25	10	2	21	13	
2437_A/swine/Shandong/SD1 11	7	9	6	22	6	16	4	5	12	0	0	9	4	1	9	10	10	6	2	10	5	4	2	9	11	22	7	15	6	9	4	19	10	28	9	13	9	21	12	15	34	23	19	38	6	27	17	7	11	23	4	12	9	9	4	6	18	29	28	9	4	22	10	
2438_A/swine/Zhejiang/SW5 11	8	9	5	22	6	16	5	7	10	0	0	6	4	1	9	11	9	7	3	8	5	3	2	11	12	21	6	17	6	9	4	21	10	28	13	10	12	20	9	15	29	26	19	38	9	23	18	8	11	19	6	9	10	13	2	7	18	32	24	11	2	19	14	
2439_A/thrush/Taipei_City 10	8	6	5	23	6	19	5	9	14	0	0	10	1	1	9	9	12	6	2	9	3	4	3	7	14	18	4	13	3	12	5	17	10	24	8	13	10	25	15	15	38	23	23	39	2	27	16	6	10	19	2	11	11	12	5	5	16	29	28	13	5	21	10	
2440_A/thrush/Taiwan/A234 10	8	6	5	23	6	19	5	10	14	0	0	9	1	1	9	9	12	6	2	9	3	4	3	7	14	20	4	13	3	11	5	17	10	23	7	13	11	26	15	15	38	22	23	39	2	28	15	6	11	19	3	9	9	12	5	6	16	28	28	14	5	22	10	
2441_A/tiger/Yunnan/tig14 12	7	9	4	21	6	16	6	5	12	0	0	8	4	1	9	10	10	7	3	9	5	3	3	13	13	22	5	13	4	9	4	19	8	28	12	14	12	21	9	15	34	24	19	37	5	27	16	9	12	18	6	8	9	14	3	6	16	31	23	11	5	20	14	
2442_A/tiger/Yunnan/tig14 12	7	9	4	21	6	16	6	5	12	0	0	8	4	1	9	10	10	7	2	9	5	3	3	13	12	23	6	13	5	8	4	20	8	28	12	13	13	21	9	15	33	23	19	37	6	27	17	8	12	19	5	9	9	13	3	6	15	30	25	11	5	21	13	
2443_A/tiger/Yunnan/tig15 13	8	8	5	20	7	17	5	7	12	0	0	12	2	1	9	9	8	6	2	8	4	4	3	13	15	23	2	9	5	8	5	18	11	21	9	12	11	26	14	15	32	25	19	36	8	24	20	9	11	23	4	8	10	10	5	6	16	26	25	14	4	23	13	
2444_A/turkey/Changhua/16 10	8	6	5	23	6	19	5	10	14	0	0	9	1	1	9	9	11	6	2	9	3	4	3	7	15	20	4	13	3	11	5	17	9	24	7	13	11	25	15	15	38	22	23	39	2	28	15	7	11	20	3	9	12	12	3	5	15	28	29	13	6	21	10	
2445_A/turkey/Chiayi/1702 16	9	6	5	17	5	19	5	6	13	0	0	15	3	1	9	9	7	5	2	9	5	5	3	10	14	23	2	9	5	8	5	19	9	24	9	12	13	25	12	15	31	24	20	37	7	28	19	8	13	21	2	9	7	10	6	6	17	27	28	12	5	23	10	
2446_A/turkey/Chiayi/1801 10	8	7	5	23	5	18	5	10	15	0	0	10	0	1	9	9	12	6	2	9	3	4	3	6	14	18	3	14	3	13	5	17	9	23	8	15	10	26	13	14	37	22	24	39	2	28	15	7	11	20	2	9	11	12	7	6	14	27	29	14	6	22	9	
2447_A/turkey/Yunlin/1506 11	9	6	5	22	5	19	5	10	14	0	0	9	1	1	9	9	12	6	2	10	2	4	3	7	14	20	4	13	3	11	5	17	10	23	7	13	10	26	15	15	37	22	24	39	3	28	14	6	11	19	3	10	10	12	5	5	16	28	27	14	5	22	11	
2448_A/turkey/Yunlin/1802 10	8	7	5	23	5	18	5	9	15	0	0	11	0	1	9	9	11	6	2	9	4	4	3	6	14	19	3	14	3	12	5	17	9	23	8	15	10	26	13	14	37	22	24	39	2	28	15	7	11	20	2	9	11	12	7	6	14	27	29	14	6	22	9	
2449_A/turkey/Yunlin/1811 11	8	6	6	22	5	19	4	10	15	0	0	11	0	1	9	9	12	7	2	9	3	3	3	8	14	18	5	11	3	13	3	17	10	24	8	14	9	27	14	14	36	22	22	39	2	29	16	7	12	19	2	9	9	13	6	7	14	26	29	14	7	22	9	
2450_A/turkey/Yunlin/1812 11	8	6	5	22	6	19	5	6	11	0	0	13	4	1	9	8	9	5	1	10	5	5	4	7	14	20	3	15	4	11	5	18	10	20	9	12	10	28	13	14	33	22	19	37	7	29	19	7	12	22	4	9	10	10	4	8	15	27	27	12	5	23	11	
2451_A/turtle_dove/Guangd 11	7	9	5	22	6	16	5	5	12	0	0	9	4	1	9	10	10	6	2	9	5	3	2	10	12	21	7	15	5	10	4	19	11	30	10	13	8	20	11	16	34	23	18	37	7	29	17	7	12	21	5	10	8	11	3	7	19	31	25	10	2	19	13	
2452_A/turtledove/Wuhan/H 11	7	9	4	22	6	16	6	4	11	0	0	9	5	1	9	10	10	8	2	9	5	3	3	14	12	21	5	12	5	10	4	20	8	25	11	13	11	24	9	16	36	24	19	37	5	27	17	8	12	19	6	9	9	13	3	5	16	30	22	11	4	21	15	
2453_A/turtledove/Wuhan/W 11	7	9	4	22	6	16	6	4	11	0	0	9	5	1	9	10	10	8	2	9	5	3	3	14	12	21	5	12	5	10	4	20	8	25	11	12	11	24	9	17	36	24	19	37	5	27	17	8	12	19	6	9	9	13	3	5	16	28	23	11	4	22	15	
2454_A/turtledove/Wuhan/W 11	7	9	4	22	6	16	6	4	11	0	0	9	5	1	9	10	10	8	2	9	5	3	3	14	12	21	5	12	5	10	4	20	8	25	11	12	11	24	9	17	36	24	19	37	5	27	17	8	12	19	6	9	9	13	3	5	16	28	23	11	4	22	15	
2455_A/waterfowl/Hong_Kon 11	7	9	5	22	6	16	5	5	13	0	0	9	4	1	9	9	9	6	2	9	6	4	2	10	11	22	6	16	6	9	5	19	10	28	10	13	10	21	11	15	34	24	19	37	5	28	16	6	11	23	4	12	10	9	4	6	17	30	27	10	4	20	11	
2456_A/white-naped_crane/ 15	8	11	5	18	7	14	5	5	14	0	0	12	1	1	9	10	11	6	2	7	3	4	2	10	13	19	5	13	5	12	6	18	10	24	10	12	10	24	12	16	32	24	22	37	8	25	16	6	11	20	5	15	8	12	4	5	17	27	29	11	4	22	9	
2457_A/whooper_swan/Shanx 12	7	8	4	21	7	17	6	9	12	0	0	10	3	1	9	8	10	6	2	10	4	4	3	6	15	24	3	15	3	7	4	18	10	24	9	12	12	25	13	15	34	22	20	37	5	26	21	6	13	22	3	8	9	10	5	7	17	26	26	14	3	24	12	
2458_A/wild_bird/Eastern_ 13	7	6	5	20	7	19	6	11	10	0	0	9	5	1	8	9	9	6	2	9	5	4	3	8	14	22	1	12	4	9	6	18	10	22	7	12	11	26	15	15	32	22	19	37	7	28	21	6	12	22	3	11	9	10	5	6	16	24	25	13	5	26	13	
2459_A/wild_bird/Eastern_ 13	7	6	4	20	7	19	6	11	10	0	0	9	5	1	9	9	9	6	2	9	5	4	3	8	14	23	2	12	4	8	5	18	10	22	7	12	11	26	15	15	32	22	19	37	7	28	21	6	12	22	3	11	9	10	5	6	16	24	25	13	5	26	13	
2460_A/wild_bird/Eastern_ 13	7	6	4	20	7	19	6	11	10	0	0	9	5	1	9	9	9	6	2	9	5	5	3	8	14	22	1	12	4	9	6	18	10	22	7	12	11	25	15	15	32	22	19	37	7	28	21	6	12	21	3	11	9	11	5	6	16	24	25	13	5	26	13	
2461_A/wild_bird/Taipei/0 14	6	7	5	19	7	18	5	4	11	0	0	10	4	1	9	9	12	5	3	10	3	5	2	9	13	18	2	16	4	13	6	15	11	25	8	14	11	23	14	16	36	20	20	37	2	31	18	9	14	21	4	11	10	11	4	6	16	25	27	10	3	25	11	
2462_A/wild_duck/Fujian/1 10	7	9	6	22	6	16	5	7	11	0	0	8	4	1	9	11	10	7	1	9	5	3	3	9	12	22	7	16	5	9	5	21	8	27	11	11	12	22	9	16	32	22	20	37	8	25	17	9	12	18	6	8	9	14	2	6	17	31	26	11	3	21	12	
2463_A/wild_duck/Fujian/2 10	7	9	5	22	6	16	5	7	11	0	0	8	4	1	9	11	10	7	1	9	5	3	3	9	12	22	7	16	5	9	5	21	8	27	12	11	12	22	9	16	32	22	20	37	8	25	17	9	12	18	6	8	9	14	2	6	17	31	26	11	3	21	12	
2464_A/wild_duck/Jilin/HF 12	6	8	6	21	6	17	4	7	11	0	0	9	4	1	9	10	10	8	2	9	5	2	2	9	13	22	7	15	4	9	5	20	8	25	10	14	12	24	11	15	32	25	18	36	9	27	16	7	12	19	5	9	9	13	3	6	18	27	23	11	3	22	16	
2465_A/wild_duck/Jilin/ZF 10	6	8	7	23	7	17	3	7	10	0	0	13	5	1	9	6	8	7	2	12	7	3	2	9	12	18	3	11	5	13	5	19	8	27	8	13	14	22	12	15	32	27	23	37	7	25	15	6	11	19	2	10	10	15	7	7	18	23	23	13	2	25	14	
2466_A/wild_duck/Liaoning 11	7	9	6	22	6	16	3	6	11	0	0	12	4	1	9	10	9	7	3	7	9	3	2	7	11	20	5	14	7	10	5	20	10	28	8	12	10	21	12	15	32	24	20	37	8	30	12	9	12	22	5	8	10	10	5	6	19	31	30	10	2	21	7	
2467_A/wild_duck/Shandong 13	6	10	5	20	6	15	5	5	10	0	0	13	4	1	9	8	11	8	2	11	3	2	2	14	12	22	6	10	5	9	6	19	9	25	10	16	13	21	12	15	33	25	18	37	7	27	16	7	13	22	4	9	10	10	4	5	17	24	23	11	2	26	15	
2468_A/wild_duck/Shandong 11	10	10	7	22	5	15	3	8	11	0	0	10	3	1	9	10	9	7	2	10	4	3	2	7	12	21	7	15	5	10	4	18	13	27	11	10	9	22	10	16	32	26	20	39	8	25	16	5	9	21	5	12	11	11	4	8	16	29	24	8	5	22	13	
2469_A/wild_duck/Shandong 12	8	8	6	20	5	17	4	8	15	0	0	11	1	1	9	8	12	6	3	11	4	4	1	7	14	19	3	14	2	12	6	16	11	26	9	14	11	22	12	16	35	23	25	36	3	28	13	8	11	22	5	10	9	12	2	9	20	28	26	9	2	21	13	
2470_A/wild_duck/Shandong 12	8	9	4	21	7	16	6	7	12	0	0	11	2	1	9	8	10	7	1	9	5	3	4	6	15	23	3	17	3	8	4	18	9	23	9	12	13	25	13	16	35	23	23	37	3	26	18	8	12	21	3	6	8	11	5	7	16	24	23	14	5	26	15	
2471_A/wild_pigeon/Jilin/ 11	6	10	5	23	6	15	5	4	12	0	0	8	6	1	9	10	9	7	3	9	6	3	3	16	12	24	5	11	4	7	4	20	8	28	11	13	12	21	9	17	35	23	19	36	5	27	17	9	13	18	6	7	8	13	4	6	17	30	22	10	3	21	16	
2472_A/Eurasian_Wigeon/Ni 12	6	9	3	21	7	16	7	6	12	0	0	8	4	1	9	10	9	7	3	9	5	3	3	10	13	22	5	15	5	9	5	19	8	20	14	11	12	29	7	16	34	22	17	37	6	29	17	7	14	20	3	9	6	12	4	8	17	26	25	12	4	25	14	
