title                    	T3s	C3s	A3s	G3s	CAI	CBI	Fop	Nc	GC3s	GC	L_sym	L_aa	Gravy	Aromo	
A/Indonesia/5/2005       	0.2976	0.2803	0.4268	0.2787	0.162	-0.113	0.361	53.08	0.426	0.433	711	757	-0.487186	0.088507	
A/Hong_Kong/483/1997     	0.2766	0.2869	0.4335	0.2807	0.153	-0.126	0.353	52.05	0.436	0.438	713	758	-0.490238	0.087071	
A/Hong_Kong/482/97       	0.2732	0.2887	0.4355	0.2791	0.153	-0.133	0.349	51.88	0.437	0.440	714	758	-0.488127	0.087071	
A/Chicken/HongKong/FY150/	0.2867	0.2781	0.4043	0.3143	0.159	-0.106	0.366	52.75	0.451	0.443	711	757	-0.492867	0.088507	
A/Chicken/HongKong/YU822.	0.2958	0.2734	0.4257	0.2911	0.157	-0.121	0.357	53.61	0.429	0.434	711	757	-0.503303	0.088507	
A/Chicken/HongKong/YU562/	0.2936	0.2729	0.4286	0.2905	0.159	-0.115	0.361	53.56	0.428	0.433	712	757	-0.499736	0.089828	
A/Pheasant/Hong_Kong/FY15	0.2832	0.2815	0.4061	0.3124	0.158	-0.113	0.361	52.78	0.453	0.443	711	757	-0.498283	0.088507	
A/Hong_Kong/486/97       	0.2737	0.2892	0.4345	0.2791	0.154	-0.133	0.349	51.89	0.438	0.440	713	758	-0.491557	0.087071	
A/Thailand/16/2004       	0.3028	0.2682	0.4392	0.2763	0.160	-0.123	0.356	52.67	0.414	0.427	711	757	-0.492867	0.088507	
A/Hong_Kong/538/97       	0.2759	0.2914	0.4299	0.2796	0.154	-0.132	0.350	52.27	0.440	0.442	712	758	-0.490237	0.087071	
A/chicken/Indonesia/7/200	0.3057	0.2642	0.4286	0.2866	0.157	-0.142	0.344	53.20	0.419	0.431	712	757	-0.487715	0.088507	
A/chicken/Korea/ES/03    	0.2971	0.2729	0.4350	0.2801	0.157	-0.131	0.351	53.35	0.421	0.430	713	757	-0.487186	0.088507	
A/Hong_Kong/156/97       	0.2741	0.2897	0.4381	0.2757	0.153	-0.131	0.351	51.93	0.435	0.439	713	758	-0.486016	0.087071	
A/whooper_swan/Mongolia/2	0.3040	0.2677	0.4348	0.2767	0.163	-0.121	0.356	53.01	0.415	0.428	711	757	-0.491942	0.088507	
A/Vietnam/UT3062/2004    	0.2993	0.2716	0.4332	0.2801	0.160	-0.113	0.361	53.58	0.420	0.430	712	757	-0.486526	0.088507	
A/Anas_crecca/Hubei/Chenh	0.3062	0.2734	0.4275	0.2772	0.158	-0.132	0.350	54.19	0.419	0.431	711	757	-0.500793	0.088507	
A/Anas_crecca/Hubei/Chenh	0.3062	0.2734	0.4275	0.2772	0.158	-0.132	0.350	54.19	0.419	0.431	711	757	-0.500793	0.088507	
A/Anas_platyrhynchos/Chon	0.2746	0.2884	0.4177	0.3037	0.165	-0.111	0.363	52.14	0.451	0.440	711	757	-0.497754	0.088507	
A/Anas_platyrhynchos/Jiuj	0.2746	0.2884	0.4177	0.3037	0.165	-0.111	0.363	52.14	0.451	0.440	711	757	-0.497754	0.088507	
A/Anhui/1/2005|EPI_ISL_24	0.3028	0.2630	0.4312	0.2897	0.155	-0.142	0.345	53.31	0.419	0.429	711	757	-0.493659	0.088507	
A/Anhui/1/2006|EPI_ISL_73	0.3010	0.2630	0.4312	0.2917	0.155	-0.137	0.347	53.54	0.421	0.430	711	757	-0.493659	0.088507	
A/Anhui/2/2005|EPI_ISL_24	0.3010	0.2630	0.4356	0.2869	0.153	-0.144	0.344	53.40	0.417	0.428	710	757	-0.485601	0.088507	
A/Anhui/2021-00011/2020|E	0.3024	0.2680	0.4330	0.2809	0.159	-0.116	0.360	54.34	0.417	0.430	712	757	-0.485469	0.088507	
A/Anhui/33163/2016|EPI_IS	0.2707	0.3034	0.4088	0.3036	0.164	-0.105	0.366	52.71	0.463	0.441	710	757	-0.497226	0.088507	
A/Anser_albifrons/Hubei/C	0.2857	0.2754	0.4130	0.3097	0.160	-0.127	0.353	51.70	0.446	0.439	711	757	-0.494452	0.088507	
A/Anser_cygnoides/China/P	0.2993	0.2751	0.4293	0.2817	0.162	-0.111	0.363	54.00	0.423	0.432	711	757	-0.499340	0.088507	
A/Anser_cygnoides/Hubei/F	0.2801	0.2852	0.4293	0.2840	0.160	-0.121	0.356	51.27	0.437	0.436	710	757	-0.507662	0.087186	
A/Anser_fabalis/Hunan/03.	0.3080	0.2734	0.4338	0.2715	0.156	-0.129	0.353	53.84	0.414	0.428	711	757	-0.501453	0.088507	
A/Anser_fabalis/Jiujiang/	0.2746	0.2884	0.4177	0.3037	0.165	-0.111	0.363	52.14	0.451	0.440	711	757	-0.497754	0.088507	
A/bar_headed_goose/Tibet/	0.2776	0.2862	0.4188	0.3018	0.162	-0.124	0.355	52.01	0.448	0.438	712	757	-0.500925	0.088507	
A/Bar-headed_Goose/Qingha	0.2798	0.2832	0.4356	0.2846	0.161	-0.125	0.355	51.45	0.434	0.433	710	757	-0.512021	0.088507	
A/Bar-headed_Goose/Qingha	0.2754	0.2892	0.4224	0.2953	0.161	-0.123	0.355	51.48	0.447	0.437	712	757	-0.502510	0.088507	
A/Bar-headed_Goose/Qingha	0.2759	0.2879	0.4304	0.2868	0.163	-0.115	0.360	51.66	0.440	0.436	711	757	-0.505813	0.088507	
A/Bar-headed_Goose/Qingha	0.2793	0.2862	0.4268	0.2888	0.163	-0.115	0.360	52.08	0.440	0.436	711	757	-0.505813	0.088507	
A/Bar-headed_Goose/Qingha	0.2759	0.2879	0.4304	0.2868	0.163	-0.117	0.359	51.60	0.440	0.436	711	757	-0.505813	0.088507	
A/Bar-headed_Goose/Qingha	0.2754	0.2926	0.4185	0.2953	0.162	-0.121	0.357	51.87	0.450	0.440	711	757	-0.503038	0.089828	
A/Bar-headed_Goose/Qingha	0.2759	0.2879	0.4286	0.2888	0.163	-0.117	0.359	51.65	0.442	0.437	711	757	-0.505813	0.088507	
A/Bar-headed_Goose/Qingha	0.2759	0.2879	0.4286	0.2888	0.163	-0.117	0.359	51.46	0.442	0.437	711	757	-0.505813	0.088507	
A/Bar-headed_Goose/Qingha	0.2759	0.2879	0.4304	0.2863	0.162	-0.118	0.359	51.62	0.440	0.437	711	757	-0.512814	0.088507	
A/Bar-headed_Goose/Qingha	0.2759	0.2879	0.4286	0.2888	0.163	-0.117	0.359	51.65	0.442	0.437	711	757	-0.505813	0.088507	
A/Bar-headed_Goose/Qingha	0.2759	0.2879	0.4286	0.2888	0.163	-0.117	0.359	51.65	0.442	0.437	711	757	-0.505813	0.088507	
A/Bar-headed_Goose/Qingha	0.2759	0.2862	0.4304	0.2888	0.163	-0.117	0.359	51.65	0.440	0.436	711	757	-0.505813	0.088507	
A/Bar-headed_Goose/Qingha	0.2759	0.2879	0.4286	0.2888	0.163	-0.117	0.359	51.65	0.442	0.437	711	757	-0.505813	0.088507	
A/Bar-headed_Goose/Qingha	0.2759	0.2879	0.4286	0.2888	0.163	-0.117	0.359	51.65	0.442	0.437	711	757	-0.505813	0.088507	
A/Bar-headed_Goose/Qingha	0.2759	0.2879	0.4286	0.2888	0.163	-0.117	0.359	51.65	0.442	0.437	711	757	-0.505813	0.088507	
A/Bar-headed_Goose/Qingha	0.2759	0.2879	0.4286	0.2888	0.163	-0.117	0.359	51.65	0.442	0.437	711	757	-0.505813	0.088507	
A/Bar-headed_Goose/Qingha	0.2759	0.2879	0.4286	0.2888	0.163	-0.117	0.359	51.65	0.442	0.437	711	757	-0.505813	0.088507	
A/Bar-headed_Goose/Qingha	0.2759	0.2862	0.4312	0.2899	0.163	-0.123	0.356	51.46	0.440	0.435	711	757	-0.500396	0.089828	
A/Bar-headed_Goose/Qingha	0.2759	0.2879	0.4286	0.2888	0.163	-0.117	0.359	51.65	0.442	0.437	711	757	-0.505813	0.088507	
A/Bar-headed_Goose/Qingha	0.2776	0.2879	0.4231	0.2927	0.163	-0.113	0.361	52.21	0.444	0.437	711	757	-0.505813	0.088507	
A/Bar-headed_Goose/Qingha	0.2759	0.2879	0.4286	0.2888	0.163	-0.117	0.359	51.65	0.442	0.437	711	757	-0.505813	0.088507	
A/Bar-headed_Goose/Qingha	0.2759	0.2879	0.4304	0.2868	0.163	-0.117	0.359	51.60	0.440	0.436	711	757	-0.505813	0.088507	
A/Bar-headed_Goose/Qingha	0.2798	0.2832	0.4356	0.2846	0.161	-0.125	0.355	51.45	0.434	0.433	710	757	-0.512021	0.088507	
A/Bar-headed_Goose/Qingha	0.2788	0.2823	0.4330	0.2885	0.159	-0.122	0.356	51.34	0.436	0.435	711	757	-0.495244	0.088507	
A/Bar-headed_Goose/Qingha	0.2771	0.2823	0.4348	0.2885	0.159	-0.122	0.356	51.21	0.436	0.435	711	757	-0.495244	0.088507	
A/Bar-headed_Goose/Qingha	0.2788	0.2823	0.4330	0.2885	0.159	-0.122	0.356	51.34	0.436	0.435	711	757	-0.495244	0.088507	
A/Bar-headed_Goose/Qingha	0.2788	0.2823	0.4330	0.2885	0.159	-0.122	0.356	51.34	0.436	0.435	711	757	-0.495244	0.088507	
A/Bar-headed_Goose/Qingha	0.2788	0.2823	0.4330	0.2885	0.159	-0.122	0.356	51.34	0.436	0.435	711	757	-0.495244	0.088507	
A/Bar-headed_Goose/Qingha	0.2759	0.2879	0.4286	0.2888	0.163	-0.117	0.359	51.65	0.442	0.437	711	757	-0.505813	0.088507	
A/Bar-headed_Goose/Qingha	0.2776	0.2879	0.4231	0.2927	0.163	-0.113	0.361	52.21	0.444	0.437	711	757	-0.505813	0.088507	
A/Bar-headed_Goose/Qingha	0.2776	0.2879	0.4231	0.2927	0.163	-0.113	0.361	52.21	0.444	0.437	711	757	-0.505813	0.088507	
A/Bar-headed_Goose/Qingha	0.2759	0.2862	0.4296	0.2882	0.162	-0.119	0.357	51.68	0.440	0.436	711	757	-0.504492	0.087186	
A/Bar-headed_Goose/Qingha	0.2776	0.2879	0.4231	0.2922	0.164	-0.110	0.363	52.26	0.444	0.438	711	757	-0.506209	0.088507	
A/Bar-headed_Goose/Qingha	0.2759	0.2879	0.4286	0.2888	0.163	-0.117	0.359	51.65	0.442	0.437	711	757	-0.505813	0.088507	
A/Bar-headed_Goose/Qingha	0.2771	0.2823	0.4348	0.2885	0.159	-0.122	0.356	51.21	0.436	0.435	711	757	-0.495244	0.088507	
A/Bar-headed_Goose/Qingha	0.2759	0.2879	0.4286	0.2888	0.163	-0.117	0.359	51.46	0.442	0.437	711	757	-0.505813	0.088507	
A/Bar-headed_Goose/Qingha	0.2997	0.2705	0.4324	0.2767	0.158	-0.117	0.358	53.29	0.418	0.430	713	757	-0.482563	0.088507	
A/Bar-headed_Goose/Qingha	0.2776	0.2879	0.4250	0.2908	0.163	-0.115	0.360	51.96	0.443	0.437	711	757	-0.505813	0.088507	
A/Bar-headed_Goose/Qingha	0.2776	0.2879	0.4250	0.2908	0.163	-0.115	0.360	51.96	0.443	0.437	711	757	-0.505813	0.088507	
A/Bar-headed_Goose/Qingha	0.2759	0.2879	0.4286	0.2894	0.162	-0.118	0.359	51.43	0.442	0.436	711	757	-0.505416	0.088507	
A/Bar-headed_Goose/Qingha	0.2759	0.2879	0.4286	0.2888	0.163	-0.117	0.359	51.46	0.442	0.437	711	757	-0.505813	0.088507	
A/Bar-headed_Goose/Qingha	0.2759	0.2879	0.4268	0.2908	0.163	-0.117	0.359	51.58	0.443	0.437	711	757	-0.505813	0.088507	
A/Bar-headed_Goose/Qingha	0.2759	0.2879	0.4286	0.2888	0.163	-0.117	0.359	51.46	0.442	0.437	711	757	-0.505813	0.088507	
A/Bar-headed_Goose/Qingha	0.2759	0.2879	0.4286	0.2888	0.163	-0.117	0.359	51.46	0.442	0.437	711	757	-0.505813	0.088507	
A/Bar-headed_Goose/Qingha	0.2763	0.2884	0.4312	0.2874	0.164	-0.118	0.359	51.64	0.440	0.435	711	757	-0.508719	0.088507	
A/Bar-headed_Goose/Qingha	0.2759	0.2879	0.4304	0.2868	0.163	-0.115	0.360	51.66	0.440	0.436	711	757	-0.505813	0.088507	
A/Bar-headed_Goose/Qingha	0.2759	0.2879	0.4286	0.2888	0.163	-0.117	0.359	51.65	0.442	0.437	711	757	-0.505813	0.088507	
A/Bar-headed_Goose/Qingha	0.2759	0.2879	0.4286	0.2888	0.163	-0.117	0.359	51.65	0.442	0.437	711	757	-0.505813	0.088507	
A/Bar-headed_Goose/Qingha	0.2759	0.2879	0.4286	0.2888	0.163	-0.117	0.359	51.65	0.442	0.437	711	757	-0.505813	0.088507	
A/Bar-headed_Goose/Qingha	0.2759	0.2879	0.4286	0.2888	0.163	-0.117	0.359	51.46	0.442	0.437	711	757	-0.505813	0.088507	
A/Bar-headed_Goose/Qingha	0.2759	0.2879	0.4286	0.2888	0.163	-0.117	0.359	51.46	0.442	0.437	711	757	-0.505813	0.088507	
A/Bar-headed_Goose/Qingha	0.2754	0.2874	0.4286	0.2888	0.162	-0.117	0.359	51.88	0.442	0.437	711	757	-0.507134	0.088507	
A/Bar-headed_Goose/Qingha	0.2754	0.2874	0.4286	0.2888	0.162	-0.117	0.359	51.88	0.442	0.437	711	757	-0.507134	0.088507	
A/Bar-headed_Goose/Qingha	0.2759	0.2879	0.4286	0.2888	0.163	-0.117	0.359	51.65	0.442	0.437	711	757	-0.505813	0.088507	
A/Bar-headed_Goose/Qingha	0.2759	0.2879	0.4286	0.2888	0.163	-0.117	0.359	51.65	0.442	0.437	711	757	-0.505813	0.088507	
A/Bar-headed_Goose/Qingha	0.2759	0.2879	0.4286	0.2888	0.163	-0.117	0.359	51.65	0.442	0.437	711	757	-0.505813	0.088507	
A/Bar-headed_Goose/Qingha	0.2759	0.2879	0.4286	0.2888	0.163	-0.117	0.359	51.65	0.442	0.437	711	757	-0.505813	0.088507	
A/Bar-headed_Goose/Qingha	0.2759	0.2879	0.4286	0.2888	0.163	-0.117	0.359	51.45	0.442	0.436	711	757	-0.511229	0.088507	
A/Bar-headed_Goose/Qingha	0.2759	0.2879	0.4286	0.2888	0.162	-0.117	0.359	51.39	0.442	0.436	711	757	-0.510832	0.088507	
A/Bar-headed_Goose/Qingha	0.2759	0.2879	0.4304	0.2868	0.163	-0.115	0.360	51.66	0.440	0.436	711	757	-0.505813	0.088507	
A/Bar-headed_Goose/Qingha	0.2759	0.2879	0.4304	0.2868	0.163	-0.115	0.360	51.66	0.440	0.436	711	757	-0.505813	0.088507	
A/Bar-headed_Goose/Qingha	0.2776	0.2879	0.4268	0.2888	0.164	-0.115	0.360	51.85	0.442	0.437	711	757	-0.505813	0.088507	
A/Bar-headed_Goose/Qingha	0.2793	0.2862	0.4268	0.2888	0.164	-0.115	0.360	51.86	0.440	0.436	711	757	-0.505813	0.088507	
A/Bar-headed_Goose/Qingha	0.2759	0.2879	0.4304	0.2868	0.163	-0.115	0.360	51.66	0.440	0.436	711	757	-0.505813	0.088507	
A/Bar-headed_Goose/Qingha	0.2759	0.2879	0.4304	0.2868	0.163	-0.115	0.360	51.66	0.440	0.436	711	757	-0.505813	0.088507	
A/Bar-headed_Goose/Qingha	0.2759	0.2879	0.4286	0.2888	0.163	-0.117	0.359	51.65	0.442	0.437	711	757	-0.505813	0.088507	
A/Bar-headed_Goose/Qingha	0.2759	0.2879	0.4286	0.2888	0.163	-0.117	0.359	51.65	0.442	0.437	711	757	-0.505813	0.088507	
A/Bar-headed_Goose/Qingha	0.2776	0.2862	0.4286	0.2888	0.162	-0.120	0.357	51.39	0.440	0.436	711	757	-0.505813	0.088507	
A/Bar-headed_Goose/Qingha	0.2776	0.2862	0.4286	0.2888	0.162	-0.120	0.357	51.39	0.440	0.436	711	757	-0.505813	0.088507	
A/Bar-headed_Goose/Qingha	0.2759	0.2879	0.4286	0.2888	0.163	-0.117	0.359	51.65	0.442	0.437	711	757	-0.505813	0.088507	
A/Bar-headed_Goose/Qingha	0.2759	0.2879	0.4286	0.2888	0.163	-0.117	0.359	51.65	0.442	0.437	711	757	-0.505813	0.088507	
A/Bar-headed_Goose/Qingha	0.2759	0.2879	0.4286	0.2888	0.163	-0.117	0.359	51.65	0.442	0.437	711	757	-0.505813	0.088507	
A/Bar-headed_Goose/Qingha	0.2759	0.2879	0.4286	0.2888	0.163	-0.117	0.359	51.65	0.442	0.437	711	757	-0.505813	0.088507	
A/Bar-headed_Goose/Qingha	0.2759	0.2879	0.4286	0.2888	0.163	-0.117	0.359	51.65	0.442	0.437	711	757	-0.505813	0.088507	
A/Bar-headed_Goose/Qingha	0.2759	0.2879	0.4286	0.2888	0.162	-0.120	0.357	51.64	0.442	0.437	711	757	-0.509643	0.088507	
A/Bar-headed_goose/Qingha	0.3000	0.2724	0.4149	0.2976	0.159	-0.117	0.359	54.36	0.433	0.436	711	757	-0.489828	0.088507	
A/Bar-headed_goose/Qingha	0.3005	0.2729	0.4149	0.2976	0.159	-0.118	0.359	54.37	0.433	0.436	711	757	-0.499472	0.088507	
A/Bar-headed_goose/Qingha	0.3005	0.2729	0.4149	0.2982	0.160	-0.116	0.360	54.39	0.433	0.435	711	757	-0.499075	0.088507	
A/Bar-headed_goose/Qingha	0.3000	0.2724	0.4149	0.2976	0.159	-0.117	0.359	54.36	0.433	0.436	711	757	-0.489828	0.088507	
A/Bar-headed_goose/Qingha	0.3000	0.2724	0.4149	0.2976	0.159	-0.117	0.359	54.36	0.433	0.436	711	757	-0.489828	0.088507	
A/Bar-headed_goose/Qingha	0.3005	0.2729	0.4149	0.2976	0.159	-0.118	0.359	54.37	0.433	0.436	711	757	-0.499472	0.088507	
A/Bar-headed_goose/Qingha	0.3005	0.2729	0.4149	0.2976	0.159	-0.118	0.359	54.37	0.433	0.436	711	757	-0.499472	0.088507	
A/Bar-headed_goose/Qingha	0.3000	0.2707	0.4167	0.2976	0.159	-0.117	0.359	54.44	0.432	0.435	711	757	-0.489828	0.088507	
A/Bar-headed_Goose/Qingha	0.2759	0.2879	0.4304	0.2868	0.163	-0.115	0.360	51.66	0.440	0.436	711	757	-0.505813	0.088507	
A/Bar-headed_Goose/Qingha	0.2759	0.2879	0.4304	0.2868	0.163	-0.115	0.360	51.66	0.440	0.436	711	757	-0.505813	0.088507	
A/Bar-headed_Goose/Qingha	0.2759	0.2879	0.4286	0.2888	0.163	-0.117	0.359	51.65	0.442	0.437	711	757	-0.505813	0.088507	
A/Bar-headed_Goose/Qingha	0.2759	0.2879	0.4304	0.2868	0.163	-0.115	0.360	51.66	0.440	0.436	711	757	-0.505813	0.088507	
A/Bar-headed_Goose/Qingha	0.2759	0.2879	0.4286	0.2888	0.163	-0.117	0.359	51.65	0.442	0.437	711	757	-0.505813	0.088507	
A/Bar-headed_Goose/Qingha	0.2759	0.2879	0.4286	0.2888	0.163	-0.117	0.359	51.65	0.442	0.437	711	757	-0.505813	0.088507	
A/Bar-headed_Goose/Qingha	0.2759	0.2879	0.4286	0.2888	0.163	-0.117	0.359	51.65	0.442	0.437	711	757	-0.505813	0.088507	
A/Bar-headed_Goose/Tibet/	0.2798	0.2850	0.4170	0.3037	0.163	-0.117	0.360	52.03	0.448	0.438	712	757	-0.499075	0.088507	
A/Bar-headed_Goose/Tibet/	0.2776	0.2862	0.4188	0.3018	0.162	-0.124	0.355	52.01	0.448	0.438	712	757	-0.500925	0.088507	
A/Bar-headed_Goose/Tibet/	0.2759	0.2879	0.4188	0.3018	0.162	-0.121	0.357	52.00	0.449	0.438	712	757	-0.500925	0.088507	
A/Bar-headed_Goose/Tibet/	0.2798	0.2850	0.4170	0.3037	0.163	-0.117	0.360	52.03	0.448	0.438	712	757	-0.499075	0.088507	
A/Bar-headed_Goose/Tibet/	0.2638	0.3086	0.4094	0.3018	0.159	-0.126	0.354	52.45	0.467	0.444	711	757	-0.501189	0.088507	
A/Bar-headed_Goose/Tibet/	0.2638	0.3086	0.4094	0.3018	0.159	-0.126	0.354	52.43	0.467	0.444	711	757	-0.505680	0.088507	
A/Bar-headed_Goose/Tibet/	0.2776	0.2862	0.4188	0.3018	0.162	-0.124	0.355	52.01	0.448	0.438	712	757	-0.500925	0.088507	
A/Bar-headed_Goose/Tibet/	0.2776	0.2862	0.4170	0.3037	0.162	-0.124	0.355	52.02	0.449	0.438	712	757	-0.500925	0.088507	
A/Bar-headed_Goose/Tibet/	0.2776	0.2862	0.4170	0.3037	0.162	-0.124	0.355	52.02	0.449	0.438	712	757	-0.500925	0.088507	
A/Bar-headed_Goose/Tibet/	0.2776	0.2862	0.4170	0.3037	0.162	-0.124	0.355	52.02	0.449	0.438	712	757	-0.500925	0.088507	
A/Bar-headed_Goose/Tibet/	0.2776	0.2862	0.4170	0.3037	0.162	-0.124	0.355	52.02	0.449	0.438	712	757	-0.500925	0.088507	
A/Bar-headed_Goose/Tibet/	0.2776	0.2862	0.4170	0.3037	0.163	-0.114	0.361	51.88	0.449	0.439	712	757	-0.500396	0.088507	
A/Bar-headed_Goose/Tibet/	0.2798	0.2850	0.4170	0.3037	0.164	-0.115	0.361	52.06	0.448	0.438	712	757	-0.499604	0.088507	
A/Bar-headed_Goose/Tibet/	0.2798	0.2850	0.4170	0.3037	0.165	-0.111	0.362	52.11	0.448	0.438	712	757	-0.500661	0.088507	
A/bean_goose/Hubei/BQ11/2	0.2781	0.2867	0.4177	0.3018	0.166	-0.110	0.363	51.82	0.449	0.439	711	757	-0.505416	0.088507	
A/Bean_Goose/Hubei/chenhu	0.2857	0.2771	0.4116	0.3091	0.159	-0.128	0.353	51.79	0.447	0.439	712	757	-0.489960	0.089828	
A/Bean_goose/Hubei/CH-i11	0.2759	0.2879	0.4286	0.2888	0.163	-0.117	0.359	51.63	0.442	0.437	711	757	-0.505284	0.088507	
A/Bean_goose/Hubei/CH-i12	0.2754	0.2874	0.4286	0.2888	0.162	-0.119	0.357	51.55	0.442	0.437	711	757	-0.506605	0.088507	
A/Bean_goose/Hubei/CH-I22	0.3012	0.2737	0.4097	0.2996	0.158	-0.113	0.361	54.70	0.435	0.437	712	757	-0.481902	0.088507	
A/Bean_goose/Hubei/CH-i32	0.2759	0.2879	0.4286	0.2888	0.163	-0.117	0.359	51.65	0.442	0.437	711	757	-0.505813	0.088507	
A/black_chicken/Jiangxi/1	0.3080	0.2699	0.4257	0.2823	0.157	-0.136	0.349	54.18	0.419	0.430	711	757	-0.502642	0.088507	
A/Black_faced_Spoonbill/A	0.2793	0.2914	0.4457	0.2643	0.161	-0.110	0.363	51.82	0.426	0.435	711	757	-0.498151	0.088507	
A/Black_Faced_Spoonbill/H	0.2552	0.3138	0.4058	0.3109	0.158	-0.121	0.357	52.32	0.477	0.446	711	757	-0.500000	0.088507	
A/Black_Faced_Spoonbill/H	0.2788	0.2909	0.4448	0.2657	0.159	-0.115	0.360	51.71	0.427	0.435	712	757	-0.495244	0.088507	
A/black_swan/Beijing/1/20	0.2771	0.2823	0.4195	0.3057	0.161	-0.116	0.360	51.66	0.448	0.438	712	757	-0.505680	0.088507	
A/black-backed_gull/Shand	0.2793	0.2828	0.4180	0.3006	0.162	-0.120	0.357	51.86	0.446	0.438	711	757	-0.498019	0.088507	
A/Black-necked_Grebe/Inne	0.2973	0.2715	0.4306	0.2812	0.157	-0.124	0.354	52.90	0.421	0.431	712	757	-0.473184	0.088507	
A/Black-necked_Grebe/Inne	0.2933	0.2744	0.4296	0.2851	0.157	-0.118	0.358	53.35	0.426	0.432	713	757	-0.484809	0.088507	
A/Black-necked_Grebe/Inne	0.2933	0.2744	0.4296	0.2851	0.157	-0.118	0.358	53.51	0.426	0.432	713	757	-0.484809	0.088507	
A/Black-necked_Grebe/Inne	0.2933	0.2744	0.4296	0.2851	0.157	-0.118	0.358	53.51	0.426	0.432	713	757	-0.484809	0.088507	
A/Black-necked_Grebe/Inne	0.2916	0.2762	0.4296	0.2851	0.157	-0.115	0.359	53.43	0.428	0.433	713	757	-0.484809	0.088507	
A/Black-necked_Grebe/Inne	0.2933	0.2744	0.4296	0.2851	0.157	-0.118	0.358	53.51	0.426	0.432	713	757	-0.484809	0.088507	
A/Black-necked_Grebe/Inne	0.2933	0.2744	0.4296	0.2851	0.157	-0.118	0.358	53.51	0.426	0.432	713	757	-0.484809	0.088507	
A/Black-necked_Grebe/Inne	0.2933	0.2744	0.4296	0.2851	0.157	-0.118	0.358	53.51	0.426	0.432	713	757	-0.484809	0.088507	
A/Brown-headed_Gull/Qingh	0.2759	0.2862	0.4296	0.2882	0.162	-0.119	0.357	51.68	0.440	0.436	711	757	-0.504492	0.087186	
A/Brown-headed_Gull/Qingh	0.2759	0.2845	0.4314	0.2882	0.163	-0.120	0.357	51.67	0.439	0.436	711	757	-0.504756	0.088507	
A/Brown-headed_Gull/Qingh	0.2776	0.2879	0.4250	0.2908	0.163	-0.115	0.360	51.96	0.443	0.437	711	757	-0.505813	0.088507	
A/Brown-headed_Gull/Qingh	0.2776	0.2879	0.4250	0.2908	0.163	-0.115	0.360	51.96	0.443	0.437	711	757	-0.505813	0.088507	
A/Brown-headed_Gull/Qingh	0.2776	0.2879	0.4268	0.2888	0.163	-0.115	0.360	52.02	0.442	0.436	711	757	-0.505813	0.088507	
A/Brown-headed_Gull/Qingh	0.2759	0.2879	0.4286	0.2888	0.163	-0.117	0.359	51.45	0.442	0.436	711	757	-0.511229	0.088507	
A/Brown-headed_Gull/Qingh	0.2759	0.2879	0.4286	0.2888	0.163	-0.117	0.359	51.45	0.442	0.436	711	757	-0.511229	0.088507	
A/Brown-headed_Gull/Qingh	0.2759	0.2879	0.4286	0.2888	0.163	-0.117	0.359	51.93	0.442	0.437	711	757	-0.505813	0.088507	
A/Brown-headed_Gull/Qingh	0.2759	0.2879	0.4286	0.2888	0.163	-0.117	0.359	51.65	0.442	0.437	711	757	-0.505813	0.088507	
A/brown-headed_gull/Tibet	0.2810	0.2828	0.4170	0.3037	0.162	-0.119	0.358	51.93	0.447	0.437	712	757	-0.500925	0.088507	
A/Brown-headed_Gull/Tibet	0.2798	0.2850	0.4170	0.3037	0.164	-0.115	0.361	52.06	0.448	0.438	712	757	-0.499604	0.088507	
A/Brown-headed_Gull/Tibet	0.2771	0.2857	0.4188	0.3018	0.164	-0.111	0.362	51.53	0.448	0.438	712	757	-0.491282	0.088507	
A/Brown-headed_Gull/Tibet	0.2771	0.2857	0.4188	0.3018	0.164	-0.111	0.362	51.53	0.448	0.438	712	757	-0.491282	0.088507	
A/canine/China/GX30/2023|	0.2902	0.2781	0.4156	0.3012	0.159	-0.134	0.350	51.46	0.442	0.439	711	757	-0.501981	0.089828	
A/cat/Sichuan/SC18/2014|E	0.3050	0.2738	0.4257	0.2823	0.158	-0.132	0.352	54.11	0.422	0.431	711	757	-0.501849	0.088507	
A/cat/Zhejiang/C1/2016|EP	0.2638	0.3052	0.4044	0.3135	0.163	-0.107	0.365	52.81	0.472	0.444	710	757	-0.491546	0.088507	
A/cat/Zhejiang/C2/2016|EP	0.2707	0.2983	0.4062	0.3109	0.164	-0.119	0.358	51.81	0.465	0.443	710	757	-0.498415	0.088507	
A/Changsha/1/2014|EPI_ISL	0.2943	0.2754	0.4231	0.2917	0.157	-0.125	0.354	54.44	0.431	0.435	712	757	-0.485865	0.088507	
A/chicken/Anhui/S1740/202	0.2724	0.2931	0.4338	0.2851	0.162	-0.119	0.359	50.07	0.442	0.438	711	757	-0.499604	0.088507	
A/chicken/Beijing/BJ7/201	0.2749	0.2887	0.4112	0.3091	0.163	-0.116	0.360	51.68	0.456	0.441	712	757	-0.484412	0.088507	
A/chicken/CH/a556/2015|EP	0.3178	0.2573	0.4312	0.2722	0.161	-0.105	0.367	52.97	0.405	0.426	709	757	-0.502642	0.088507	
A/chicken/Changhua/150101	0.2664	0.2993	0.4428	0.2727	0.163	-0.097	0.371	50.96	0.439	0.436	709	757	-0.507662	0.088507	
A/chicken/Changhua/150102	0.2664	0.2993	0.4428	0.2727	0.163	-0.097	0.371	50.96	0.439	0.436	709	757	-0.507662	0.088507	
A/chicken/Changhua/150103	0.2664	0.2993	0.4392	0.2767	0.163	-0.097	0.371	51.21	0.441	0.437	709	757	-0.507662	0.088507	
A/chicken/Changhua/150103	0.2682	0.2976	0.4428	0.2722	0.163	-0.098	0.371	51.17	0.437	0.436	709	757	-0.514531	0.088507	
A/chicken/Changhua/150103	0.2664	0.2993	0.4446	0.2708	0.163	-0.097	0.371	50.93	0.437	0.435	709	757	-0.507662	0.088507	
A/chicken/Changhua/150103	0.2660	0.2988	0.4438	0.2722	0.162	-0.098	0.370	50.94	0.438	0.435	710	757	-0.505152	0.088507	
A/chicken/Changhua/150400	0.2924	0.2768	0.4342	0.2815	0.161	-0.125	0.355	53.06	0.425	0.430	713	758	-0.500396	0.088390	
A/chicken/Changhua/150400	0.2976	0.2716	0.4324	0.2835	0.160	-0.127	0.353	53.23	0.422	0.429	713	758	-0.500396	0.088390	
A/chicken/Changhua/150400	0.2958	0.2734	0.4324	0.2835	0.160	-0.127	0.353	53.27	0.424	0.429	713	758	-0.500396	0.088390	
A/chicken/Changhua/150400	0.2958	0.2734	0.4342	0.2815	0.161	-0.122	0.356	53.22	0.422	0.429	713	758	-0.500396	0.088390	
A/chicken/Changhua/150500	0.2647	0.3010	0.4410	0.2747	0.163	-0.096	0.371	50.96	0.441	0.437	709	757	-0.501057	0.088507	
A/chicken/Changhua/150500	0.2699	0.2958	0.4087	0.3110	0.163	-0.109	0.364	52.58	0.463	0.446	711	757	-0.507662	0.088507	
A/chicken/Changhua/150600	0.2625	0.3022	0.4402	0.2756	0.164	-0.092	0.373	50.81	0.444	0.438	710	757	-0.498943	0.088507	
A/chicken/Changhua/150600	0.2716	0.2941	0.4105	0.3091	0.163	-0.109	0.364	52.46	0.460	0.445	711	757	-0.500528	0.088507	
A/chicken/Changhua/150600	0.2612	0.3028	0.4374	0.2806	0.162	-0.101	0.368	50.85	0.447	0.438	709	757	-0.495112	0.088507	
A/chicken/Changhua/151200	0.2729	0.2936	0.4455	0.2693	0.161	-0.105	0.367	51.00	0.432	0.433	709	757	-0.508190	0.088507	
A/chicken/Changhua/160100	0.2682	0.2958	0.4392	0.2781	0.163	-0.104	0.367	50.64	0.440	0.435	709	757	-0.501982	0.088507	
A/chicken/Changhua/170600	0.2719	0.2926	0.4319	0.2840	0.164	-0.099	0.369	50.63	0.442	0.436	710	757	-0.499736	0.088507	
A/chicken/Changhua/180400	0.2729	0.2936	0.4335	0.2837	0.163	-0.095	0.371	50.90	0.441	0.435	709	757	-0.492338	0.088507	
A/chicken/Chiayi/15010287	0.2647	0.3010	0.4428	0.2727	0.164	-0.094	0.372	50.94	0.440	0.437	709	757	-0.508719	0.088507	
A/chicken/Chiayi/15010409	0.2660	0.2988	0.4446	0.2708	0.162	-0.097	0.371	50.94	0.437	0.436	709	757	-0.508454	0.088507	
A/chicken/Chiayi/15010454	0.2734	0.2924	0.4087	0.3110	0.163	-0.112	0.363	52.60	0.460	0.445	711	757	-0.507662	0.088507	
A/chicken/Chiayi/17040009	0.2712	0.2953	0.4345	0.2806	0.165	-0.096	0.371	50.79	0.441	0.436	709	757	-0.498679	0.088507	
A/chicken/Chiayi/18120003	0.2734	0.2941	0.4069	0.3104	0.168	-0.086	0.377	52.91	0.461	0.443	711	757	-0.501453	0.088507	
A/chicken/China/007/2019|	0.2960	0.2754	0.4242	0.2871	0.163	-0.101	0.368	54.27	0.428	0.435	712	757	-0.482299	0.088507	
A/chicken/China/Cangzhou0	0.2716	0.2924	0.4159	0.3057	0.166	-0.109	0.364	52.45	0.456	0.442	711	757	-0.496301	0.088507	
A/chicken/China/E93/2012|	0.3016	0.2669	0.4257	0.2891	0.147	-0.172	0.327	53.27	0.423	0.430	709	757	-0.480449	0.088507	
A/chicken/China/E96/2012|	0.3016	0.2686	0.4257	0.2871	0.146	-0.174	0.326	53.17	0.423	0.430	709	757	-0.480449	0.088507	
A/chicken/Chiping/0321/20	0.2732	0.2869	0.4112	0.3136	0.163	-0.111	0.362	51.63	0.458	0.442	712	757	-0.491546	0.088507	
A/chicken/chongqing/H1/20	0.2985	0.2710	0.4524	0.2525	0.153	-0.136	0.347	52.22	0.402	0.427	712	757	-0.463805	0.088507	
A/chicken/Chongqing/SD001	0.2948	0.2707	0.4550	0.2584	0.157	-0.130	0.353	51.93	0.404	0.426	712	757	-0.484544	0.088507	
A/chicken/Dongguan/2690/2	0.2953	0.2763	0.4203	0.2942	0.159	-0.116	0.360	54.44	0.433	0.435	711	757	-0.502378	0.088507	
A/chicken/Dongguan/3363/2	0.2988	0.2729	0.4293	0.2843	0.159	-0.116	0.360	53.68	0.423	0.433	711	757	-0.499075	0.088507	
A/chicken/Dongguan/4259/2	0.2931	0.2776	0.4239	0.2903	0.159	-0.115	0.360	54.43	0.432	0.436	711	757	-0.500396	0.088507	
A/chicken/Fujian/05.07_FZ	0.2995	0.2754	0.4167	0.2922	0.163	-0.106	0.366	54.06	0.432	0.436	711	757	-0.492867	0.088507	
A/chicken/Fujian/09.16_GT	0.2983	0.2759	0.4159	0.2937	0.162	-0.111	0.363	54.21	0.433	0.436	711	757	-0.488507	0.088507	
A/chicken/Fujian/10.08_FZ	0.2977	0.2715	0.4377	0.2797	0.154	-0.136	0.350	53.55	0.418	0.431	703	748	-0.514439	0.086898	
A/chicken/Fujian/11.23_FZ	0.2647	0.3010	0.4226	0.2984	0.162	-0.123	0.356	51.86	0.458	0.439	710	757	-0.497226	0.088507	
A/chicken/Gansu/5/2012|EP	0.3010	0.2699	0.4257	0.2866	0.149	-0.163	0.332	53.80	0.424	0.431	710	757	-0.487451	0.088507	
A/chicken/Gansu/6/2012|EP	0.3033	0.2652	0.4239	0.2922	0.145	-0.179	0.323	53.15	0.423	0.430	709	757	-0.469881	0.088507	
A/chicken/Ganzhou/GZ27/20	0.2943	0.2788	0.4206	0.2891	0.162	-0.103	0.367	54.57	0.433	0.437	712	757	-0.478996	0.088507	
A/chicken/Guangdong/04.15	0.2587	0.3077	0.4165	0.3034	0.163	-0.106	0.366	52.72	0.467	0.444	703	748	-0.511765	0.088235	
A/chicken/Guangdong/10.16	0.2621	0.3069	0.4083	0.3077	0.163	-0.105	0.366	53.30	0.470	0.445	711	757	-0.492074	0.088507	
A/chicken/Guangdong/GD160	0.2685	0.2995	0.4044	0.3129	0.163	-0.117	0.359	52.67	0.468	0.444	710	757	-0.497226	0.089828	
A/chicken/Guangdong/MG170	0.3070	0.2676	0.4340	0.2727	0.160	-0.118	0.359	52.89	0.412	0.428	713	757	-0.507926	0.088507	
A/chicken/Guangdong/MG171	0.3070	0.2676	0.4340	0.2727	0.160	-0.118	0.359	52.89	0.412	0.428	713	757	-0.507926	0.088507	
A/chicken/Guangdong/MG171	0.3065	0.2688	0.4330	0.2733	0.160	-0.116	0.360	53.14	0.414	0.428	713	757	-0.507398	0.088507	
A/chicken/Guangdong/MG171	0.3045	0.2664	0.4376	0.2711	0.158	-0.124	0.356	53.15	0.411	0.429	710	757	-0.500793	0.089828	
A/chicken/Guangdong/MG173	0.2754	0.2823	0.4043	0.3228	0.155	-0.143	0.344	51.85	0.461	0.443	712	757	-0.498679	0.088507	
A/chicken/Guangdong/MG173	0.2919	0.2781	0.4102	0.3057	0.157	-0.136	0.349	52.15	0.444	0.439	711	757	-0.495112	0.089828	
A/chicken/Guangxi/04.10_N	0.3000	0.2724	0.4301	0.2823	0.160	-0.125	0.354	54.19	0.422	0.432	711	757	-0.499075	0.088507	
A/chicken/Guangxi/16/2019	0.3207	0.2483	0.4565	0.2560	0.161	-0.122	0.357	50.90	0.384	0.418	711	757	-0.508322	0.088507	
A/chicken/Guangxi/S2039/2	0.2936	0.2746	0.4275	0.2897	0.160	-0.115	0.360	53.97	0.429	0.434	711	757	-0.493923	0.088507	
A/chicken/Guizhou/8.26_ZY	0.2660	0.3092	0.4026	0.3089	0.168	-0.078	0.382	54.23	0.472	0.444	710	757	-0.497622	0.088507	
A/chicken/GY/a451/2015|EP	0.3121	0.2586	0.4340	0.2736	0.162	-0.098	0.370	53.11	0.407	0.427	710	757	-0.500132	0.088507	
A/Chicken/Hangzhou/E1149/	0.3000	0.2672	0.4493	0.2668	0.157	-0.123	0.355	52.58	0.407	0.426	712	757	-0.493659	0.088507	
A/chicken/Hebei/3/2013|EP	0.2719	0.2926	0.4051	0.3183	0.166	-0.108	0.364	51.94	0.465	0.443	714	757	-0.502906	0.088507	
A/chicken/Heilongjiang/S7	0.2928	0.2774	0.4224	0.2903	0.151	-0.133	0.349	54.04	0.432	0.436	713	757	-0.489168	0.088507	
A/chicken/Henan/Q7/2013|E	0.2719	0.2926	0.4083	0.3142	0.165	-0.108	0.364	51.90	0.462	0.442	712	757	-0.491678	0.088507	
A/chicken/Hsinchu/1608000	0.2612	0.3010	0.4418	0.2787	0.162	-0.101	0.368	51.02	0.444	0.436	709	757	-0.505416	0.088507	
A/chicken/Hubei/03.06__WH	0.2605	0.3042	0.4099	0.3120	0.164	-0.114	0.362	51.94	0.470	0.445	702	748	-0.514037	0.088235	
A/chicken/Hubei/03.06__WH	0.3114	0.2699	0.4338	0.2709	0.157	-0.130	0.353	53.85	0.411	0.427	711	757	-0.500793	0.088507	
A/chicken/Hubei/2856/2007	0.3010	0.2647	0.4312	0.2897	0.156	-0.142	0.345	53.27	0.421	0.429	711	757	-0.491017	0.088507	
A/chicken/Hubei/ZYSJF11/2	0.2672	0.3017	0.4044	0.3129	0.162	-0.119	0.358	52.11	0.469	0.445	710	758	-0.498945	0.089710	
A/chicken/Hubei/ZYSJF16/2	0.2672	0.3017	0.4044	0.3129	0.162	-0.119	0.358	52.11	0.469	0.445	710	758	-0.498945	0.089710	
A/chicken/Hubei/ZYSJF38/2	0.2672	0.3017	0.4044	0.3129	0.162	-0.119	0.358	52.11	0.469	0.445	710	758	-0.498945	0.089710	
A/Chicken/Huizhou/16274/2	0.2892	0.2840	0.4159	0.2962	0.163	-0.099	0.369	54.62	0.441	0.439	712	757	-0.482166	0.088507	
A/chicken/Hunan/02.06_YYG	0.2926	0.2806	0.4224	0.2871	0.161	-0.108	0.364	53.73	0.433	0.436	712	757	-0.482299	0.088507	
A/chicken/Hunan/03.07_YYG	0.2938	0.2749	0.4058	0.3083	0.161	-0.109	0.364	54.67	0.444	0.440	711	757	-0.483488	0.088507	
A/chicken/Hunan/03.07_YYG	0.2914	0.2792	0.4189	0.2940	0.160	-0.108	0.365	53.78	0.436	0.438	704	748	-0.497727	0.088235	
A/chicken/Hunan/3.07_YYGK	0.2938	0.2749	0.4058	0.3083	0.161	-0.109	0.364	54.67	0.444	0.440	711	757	-0.483488	0.088507	
A/chicken/Hunan/04.14_YYG	0.2966	0.2759	0.4170	0.2950	0.159	-0.111	0.362	54.44	0.434	0.436	712	757	-0.492999	0.088507	
A/chicken/Hunan/04.14_YYK	0.3070	0.2719	0.4341	0.2742	0.159	-0.132	0.353	53.90	0.414	0.429	703	748	-0.520321	0.088235	
A/chicken/Hunan/04.14_YYX	0.3005	0.2729	0.4130	0.2996	0.159	-0.118	0.359	54.69	0.435	0.436	711	757	-0.499472	0.088507	
A/chicken/Hunan/12.07__YY	0.3094	0.2657	0.4260	0.2851	0.154	-0.147	0.344	54.24	0.418	0.430	704	748	-0.521791	0.088235	
A/chicken/Hunan/12.07_YYG	0.3065	0.2697	0.4351	0.2751	0.159	-0.126	0.355	54.01	0.413	0.428	704	748	-0.514973	0.088235	
A/chicken/Hunan/12.27_YYG	0.2732	0.2973	0.4171	0.2970	0.164	-0.095	0.371	51.92	0.454	0.439	711	757	-0.495509	0.088507	
A/chicken/Hunan/12.27_YYG	0.3064	0.2668	0.4529	0.2530	0.159	-0.115	0.360	51.39	0.398	0.425	711	757	-0.504095	0.088507	
A/chicken/Hunan/12.27_YYG	0.3076	0.2612	0.4475	0.2628	0.160	-0.133	0.350	52.14	0.401	0.426	711	757	-0.497886	0.088507	
A/chicken/Hunan/12.28_YYG	0.2942	0.2750	0.4223	0.2952	0.158	-0.120	0.358	54.19	0.432	0.436	703	748	-0.514706	0.088235	
A/chicken/Hunan/1793/2007	0.2988	0.2677	0.4250	0.2945	0.157	-0.134	0.350	53.85	0.427	0.433	712	757	-0.503567	0.088507	
A/chicken/Hunan/3157/2006	0.3010	0.2647	0.4312	0.2871	0.157	-0.134	0.349	53.90	0.420	0.431	710	757	-0.489564	0.088507	
A/chicken/Hunan/HN40/2015	0.2914	0.2810	0.4149	0.2982	0.158	-0.120	0.357	55.16	0.440	0.439	711	757	-0.500396	0.088507	
A/chicken/Hunan/HN58/2015	0.2919	0.2798	0.4149	0.3002	0.159	-0.116	0.360	54.52	0.440	0.438	711	757	-0.499075	0.088507	
A/chicken/Hunan/HN75/2015	0.3005	0.2781	0.4203	0.2863	0.159	-0.109	0.364	54.17	0.429	0.434	711	757	-0.499075	0.088507	
A/chicken/Hunan/HN158/201	0.2936	0.2798	0.4167	0.2962	0.160	-0.111	0.363	54.80	0.437	0.437	711	757	-0.499075	0.088507	
A/chicken/Hunan/HN244/201	0.2943	0.2806	0.4112	0.3002	0.157	-0.124	0.355	54.58	0.441	0.438	712	757	-0.496037	0.088507	
A/chicken/Hunan/HN245/201	0.2943	0.2806	0.4094	0.3022	0.158	-0.121	0.357	54.67	0.442	0.439	712	757	-0.496037	0.088507	
A/chicken/Hunan/HN247/201	0.2943	0.2806	0.4094	0.3022	0.158	-0.121	0.357	54.67	0.442	0.439	712	757	-0.496037	0.088507	
A/chicken/Hunan/HN248/201	0.2943	0.2806	0.4094	0.3022	0.159	-0.121	0.357	54.67	0.442	0.439	712	757	-0.495509	0.088507	
A/chicken/Hunan/HN249/201	0.2943	0.2806	0.4094	0.3022	0.158	-0.121	0.357	54.67	0.442	0.439	712	757	-0.496037	0.088507	
A/chicken/Hunan/HN250/201	0.2943	0.2806	0.4094	0.3022	0.158	-0.121	0.357	54.67	0.442	0.439	712	757	-0.496037	0.088507	
A/chicken/Hunan/HN251/201	0.2943	0.2806	0.4094	0.3022	0.158	-0.121	0.357	54.67	0.442	0.439	712	757	-0.496037	0.088507	
A/chicken/Hunan/HN252/201	0.2943	0.2806	0.4094	0.3022	0.158	-0.121	0.357	54.67	0.442	0.439	712	757	-0.496037	0.088507	
A/chicken/Hunan/HN254/201	0.2943	0.2806	0.4094	0.3022	0.158	-0.122	0.357	54.54	0.442	0.439	712	757	-0.502114	0.088507	
A/chicken/Hunan/HN255/201	0.2943	0.2806	0.4094	0.3022	0.158	-0.121	0.357	54.67	0.442	0.439	712	757	-0.496037	0.088507	
A/chicken/Hunan/HN263/201	0.2936	0.2815	0.4247	0.2863	0.162	-0.096	0.371	54.58	0.432	0.435	711	757	-0.504095	0.088507	
A/chicken/Hunan/HN264/201	0.2936	0.2815	0.4247	0.2863	0.162	-0.096	0.371	54.58	0.432	0.435	711	757	-0.504095	0.088507	
A/chicken/Hunan/HN265/201	0.2936	0.2815	0.4247	0.2863	0.162	-0.096	0.371	54.58	0.432	0.435	711	757	-0.504095	0.088507	
A/chicken/Hunan/HN266/201	0.2936	0.2815	0.4247	0.2863	0.162	-0.096	0.371	54.58	0.432	0.435	711	757	-0.504095	0.088507	
A/chicken/Hunan/HN301/201	0.2960	0.2754	0.4260	0.2851	0.161	-0.103	0.367	54.29	0.427	0.434	712	757	-0.482299	0.088507	
A/chicken/Hunan/HN302/201	0.2960	0.2754	0.4260	0.2851	0.161	-0.103	0.367	54.29	0.427	0.434	712	757	-0.482299	0.088507	
A/chicken/Hunan/HN303/201	0.2960	0.2754	0.4260	0.2851	0.161	-0.103	0.367	54.29	0.427	0.434	712	757	-0.482299	0.088507	
A/chicken/Hunan/HN304/201	0.2960	0.2754	0.4260	0.2851	0.161	-0.103	0.367	54.29	0.427	0.434	712	757	-0.482299	0.088507	
A/chicken/Hunan/HN305/201	0.2960	0.2754	0.4260	0.2851	0.161	-0.103	0.367	54.29	0.427	0.434	712	757	-0.482299	0.088507	
A/chicken/Hunan/HN306/201	0.2960	0.2754	0.4260	0.2851	0.160	-0.103	0.367	54.19	0.427	0.435	712	757	-0.482299	0.088507	
A/chicken/Hunan/HN307/201	0.2971	0.2763	0.4203	0.2922	0.160	-0.116	0.360	54.30	0.432	0.435	711	757	-0.499075	0.088507	
A/chicken/Hunan/HN308/201	0.2960	0.2754	0.4242	0.2871	0.160	-0.108	0.364	54.18	0.428	0.435	712	757	-0.482299	0.088507	
A/chicken/Hunan/S10029/20	0.3070	0.2676	0.4374	0.2673	0.159	-0.106	0.364	54.14	0.409	0.430	711	757	-0.497094	0.088507	
A/chicken/Jiangsu/03.17_W	0.2818	0.2818	0.4234	0.2947	0.158	-0.126	0.353	52.43	0.440	0.436	713	757	-0.490753	0.088507	
A/chicken/Jiangsu/927/201	0.3034	0.2672	0.4330	0.2767	0.161	-0.113	0.361	53.93	0.415	0.432	710	757	-0.485337	0.088507	
A/chicken/Jiangsu/1001/20	0.2707	0.3000	0.4109	0.3057	0.164	-0.110	0.362	52.24	0.462	0.440	712	757	-0.487450	0.088507	
A/chicken/Jiangsu/2477/20	0.3002	0.2676	0.4304	0.2826	0.156	-0.124	0.354	53.70	0.420	0.432	712	757	-0.489432	0.088507	
A/chicken/Jiangsu/k0402/2	0.2672	0.3034	0.4211	0.2931	0.160	-0.106	0.366	54.39	0.456	0.439	711	757	-0.496433	0.088507	
A/chicken/Jiangsu/SE2228/	0.2979	0.2705	0.4270	0.2860	0.160	-0.110	0.361	53.98	0.424	0.433	714	757	-0.471863	0.088507	
A/chicken/Jiangsu/WXBING2	0.2981	0.2790	0.4255	0.2834	0.155	-0.122	0.357	53.90	0.427	0.434	709	757	-0.501189	0.087186	
A/chicken/Jiangsu/WXS7393	0.2953	0.2798	0.4283	0.2820	0.153	-0.125	0.355	54.21	0.427	0.434	710	757	-0.498679	0.087186	
A/chicken/Jiangsu/XZ216/2	0.2754	0.2857	0.4167	0.3077	0.162	-0.119	0.358	51.94	0.452	0.440	712	757	-0.487451	0.088507	
A/chicken/Jiangsu/YB7/201	0.2788	0.2857	0.4170	0.3006	0.159	-0.118	0.358	53.27	0.448	0.439	712	757	-0.494188	0.088507	
A/chicken/Jiangxi/01.14_N	0.2600	0.3054	0.4018	0.3194	0.164	-0.112	0.363	51.68	0.477	0.447	703	748	-0.511497	0.088235	
A/chicken/Jiangxi/02.05_Y	0.3042	0.2622	0.4369	0.2823	0.150	-0.142	0.346	53.74	0.413	0.430	703	748	-0.508155	0.088235	
A/chicken/Jiangxi/02.05_Y	0.2627	0.3047	0.4070	0.3126	0.164	-0.110	0.364	51.74	0.471	0.445	701	748	-0.510561	0.088235	
A/chicken/Jiangxi/04.01__	0.2655	0.3017	0.4062	0.3129	0.163	-0.115	0.361	52.12	0.469	0.444	710	757	-0.498415	0.088507	
A/chicken/Jiangxi/04.01__	0.2655	0.3017	0.4062	0.3129	0.163	-0.115	0.361	52.12	0.469	0.444	710	757	-0.498415	0.088507	
A/chicken/Jiangxi/04.01__	0.2672	0.3000	0.4062	0.3129	0.164	-0.115	0.361	52.14	0.468	0.444	710	757	-0.498415	0.088507	
A/chicken/Jiangxi/04.01__	0.2655	0.3017	0.4098	0.3089	0.164	-0.112	0.362	52.23	0.466	0.443	710	757	-0.498415	0.088507	
A/chicken/Jiangxi/04.01__	0.3062	0.2716	0.4293	0.2772	0.157	-0.135	0.349	53.95	0.418	0.431	711	757	-0.503963	0.088507	
A/chicken/Jiangxi/04.01__	0.2640	0.3059	0.4202	0.2940	0.164	-0.099	0.370	52.45	0.459	0.440	702	748	-0.511230	0.088235	
A/chicken/Jiangxi/04.01_N	0.2655	0.3017	0.4062	0.3129	0.163	-0.115	0.361	52.12	0.469	0.444	710	757	-0.498415	0.088507	
A/chicken/Jiangxi/04.01_N	0.2638	0.3034	0.4062	0.3129	0.164	-0.112	0.362	52.54	0.470	0.445	710	757	-0.498415	0.088507	
A/chicken/Jiangxi/04.01_N	0.2655	0.3017	0.4080	0.3109	0.164	-0.112	0.362	52.13	0.468	0.444	710	757	-0.498415	0.088507	
A/chicken/Jiangxi/04.01_N	0.2633	0.3029	0.4055	0.3142	0.164	-0.113	0.361	52.48	0.471	0.445	711	757	-0.495377	0.088507	
A/chicken/Jiangxi/04.01_N	0.2633	0.3029	0.4036	0.3162	0.164	-0.110	0.363	52.51	0.473	0.446	711	757	-0.495377	0.088507	
A/chicken/Jiangxi/04.01_N	0.2655	0.3017	0.4062	0.3129	0.164	-0.115	0.361	52.12	0.469	0.445	710	757	-0.495112	0.088507	
A/chicken/Jiangxi/04.01_N	0.2622	0.3042	0.4007	0.3200	0.164	-0.109	0.365	51.73	0.476	0.447	702	748	-0.514037	0.088235	
A/chicken/Jiangxi/05.06__	0.2655	0.3017	0.4062	0.3129	0.163	-0.115	0.361	52.03	0.469	0.444	710	757	-0.498415	0.088507	
A/chicken/Jiangxi/10.30_N	0.2719	0.3012	0.4040	0.3095	0.163	-0.115	0.361	53.40	0.466	0.444	710	757	-0.500132	0.088507	
A/chicken/Jiangxi/12.05_N	0.2638	0.3052	0.4007	0.3168	0.164	-0.110	0.363	52.02	0.475	0.446	710	757	-0.498415	0.088507	
A/chicken/Jiangxi/12.05_N	0.2660	0.3040	0.4026	0.3149	0.166	-0.105	0.366	52.05	0.472	0.445	710	757	-0.498019	0.088507	
A/chicken/Jiangxi/12.05_N	0.2655	0.3034	0.4007	0.3168	0.164	-0.112	0.362	52.12	0.473	0.446	710	757	-0.498415	0.088507	
A/chicken/Jiangxi/12.05_N	0.2642	0.3057	0.4044	0.3123	0.166	-0.103	0.368	52.19	0.472	0.444	710	757	-0.501849	0.088507	
A/chicken/Jiangxi/12.05_N	0.2660	0.3040	0.4018	0.3142	0.166	-0.105	0.366	52.14	0.472	0.445	710	757	-0.493923	0.088507	
A/chicken/Jiangxi/25/2011	0.2894	0.2721	0.4448	0.2787	0.169	-0.099	0.370	52.10	0.419	0.431	711	757	-0.496169	0.088507	
A/Chicken/Jiangxi/45093/2	0.2707	0.3000	0.4044	0.3109	0.163	-0.117	0.359	52.16	0.466	0.443	710	758	-0.499472	0.089710	
A/chicken/Jiangxi/S40653/	0.2724	0.2931	0.4356	0.2837	0.162	-0.119	0.359	49.88	0.440	0.437	711	757	-0.492734	0.088507	
A/chicken/Jilin/04.11_CCH	0.2897	0.2775	0.4281	0.2912	0.155	-0.126	0.355	53.93	0.431	0.436	705	748	-0.507754	0.088235	
A/chicken/Jilin/04.12_MHK	0.3007	0.2680	0.4358	0.2767	0.159	-0.114	0.360	53.36	0.416	0.431	712	757	-0.488639	0.088507	
A/chicken/Jilin/04.12_MHK	0.3007	0.2680	0.4340	0.2787	0.158	-0.117	0.358	53.39	0.417	0.432	712	758	-0.488655	0.089710	
A/chicken/Jilin/04.12_MHK	0.3007	0.2680	0.4358	0.2767	0.159	-0.114	0.360	53.36	0.416	0.431	712	757	-0.488639	0.088507	
A/chicken/Jilin/04.12_MHK	0.3007	0.2680	0.4358	0.2767	0.159	-0.114	0.360	53.36	0.416	0.431	712	757	-0.488639	0.088507	
A/chicken/Jilin/04.25_MHK	0.3007	0.2680	0.4358	0.2767	0.158	-0.114	0.360	53.40	0.416	0.431	712	757	-0.488639	0.088507	
A/chicken/Jilin/S1255/201	0.2933	0.2744	0.4332	0.2801	0.162	-0.111	0.362	53.98	0.424	0.434	713	757	-0.484016	0.088507	
A/chicken/Jilin/S1271/201	0.2933	0.2744	0.4332	0.2801	0.162	-0.111	0.362	53.98	0.424	0.434	713	757	-0.484016	0.088507	
A/chicken/Kaohsiung/16MB0	0.2850	0.2781	0.4268	0.2939	0.155	-0.130	0.352	52.63	0.436	0.433	711	757	-0.506209	0.088507	
A/chicken/Kaohsiung/16010	0.2884	0.2746	0.4275	0.2945	0.157	-0.123	0.356	52.72	0.433	0.432	711	757	-0.504491	0.088507	
A/chicken/Kaohsiung/16020	0.2867	0.2763	0.4275	0.2945	0.156	-0.128	0.353	52.53	0.435	0.432	711	757	-0.504491	0.088507	
A/chicken/Kaohsiung/16040	0.2850	0.2781	0.4268	0.2939	0.155	-0.130	0.352	52.63	0.436	0.433	711	757	-0.506209	0.088507	
A/chicken/Kaohsiung/16070	0.2837	0.2803	0.4268	0.2939	0.156	-0.128	0.353	52.52	0.437	0.433	711	757	-0.505020	0.088507	
A/chicken/Kaohsiung/16120	0.2832	0.2798	0.4319	0.2911	0.155	-0.131	0.352	52.21	0.435	0.432	711	757	-0.504888	0.088507	
A/chicken/Kaohsiung/17030	0.2867	0.2781	0.4213	0.2972	0.156	-0.134	0.350	52.66	0.439	0.435	711	757	-0.507794	0.088507	
A/chicken/Kaohsiung/17040	0.2729	0.2936	0.4364	0.2787	0.164	-0.099	0.370	50.52	0.439	0.435	709	757	-0.501453	0.088507	
A/chicken/Kaohsiung/17100	0.2712	0.2953	0.4372	0.2803	0.163	-0.098	0.370	50.82	0.440	0.434	709	757	-0.492338	0.088507	
A/chicken/Kaohsiung/18080	0.2862	0.2707	0.4477	0.2770	0.150	-0.126	0.354	50.84	0.419	0.431	712	757	-0.494055	0.088507	
A/chicken/Kaohsiung/18080	0.2845	0.2724	0.4477	0.2770	0.150	-0.126	0.354	50.92	0.420	0.432	712	757	-0.494055	0.088507	
A/chicken/Liaoning/S4092/	0.2993	0.2716	0.4195	0.2919	0.148	-0.165	0.331	53.84	0.430	0.433	710	757	-0.483884	0.088507	
A/chicken/Liaoning/SD035/	0.2933	0.2727	0.4306	0.2840	0.159	-0.109	0.362	54.12	0.425	0.434	713	757	-0.491414	0.088507	
A/chicken/Miaoli/15010421	0.2958	0.2734	0.4324	0.2835	0.161	-0.126	0.355	53.17	0.424	0.429	713	758	-0.499340	0.088390	
A/chicken/Nantou/16110023	0.2872	0.2734	0.4260	0.2992	0.157	-0.134	0.350	52.44	0.435	0.432	712	757	-0.501189	0.088507	
A/chicken/New_Taipei_City	0.2862	0.2776	0.4257	0.2945	0.155	-0.140	0.346	52.29	0.436	0.433	711	757	-0.500396	0.088507	
A/chicken/New_Taipei_City	0.2884	0.2763	0.4257	0.2945	0.156	-0.135	0.349	52.42	0.435	0.432	711	757	-0.504491	0.088507	
A/chicken/New_Taipei_City	0.2729	0.2953	0.4345	0.2781	0.164	-0.097	0.371	50.81	0.440	0.436	709	757	-0.508851	0.088507	
A/chicken/New_Taipei_City	0.2832	0.2798	0.4301	0.2931	0.156	-0.126	0.354	52.65	0.436	0.433	711	757	-0.500661	0.088507	
A/chicken/New_Taipei_City	0.2850	0.2798	0.4366	0.2832	0.157	-0.126	0.354	52.46	0.429	0.431	711	757	-0.496698	0.088507	
A/chicken/New_Taipei_City	0.2850	0.2798	0.4356	0.2857	0.157	-0.128	0.353	52.51	0.430	0.432	711	757	-0.500264	0.088507	
A/chicken/New_Taipei_City	0.2850	0.2798	0.4350	0.2826	0.157	-0.125	0.354	52.46	0.429	0.432	711	757	-0.490885	0.087186	
A/chicken/New_Taipei_City	0.2712	0.2953	0.4247	0.2911	0.163	-0.093	0.372	51.25	0.449	0.438	709	757	-0.484544	0.088507	
A/chicken/Ningxia/2/2012|	0.3010	0.2699	0.4257	0.2866	0.149	-0.163	0.332	53.80	0.424	0.431	710	757	-0.487451	0.088507	
A/chicken/Ningxia/222/201	0.3005	0.2694	0.4257	0.2866	0.148	-0.165	0.331	53.73	0.424	0.432	710	757	-0.483355	0.088507	
A/chicken/PH/A2821/2013|E	0.3230	0.2405	0.4438	0.2747	0.150	-0.145	0.343	52.47	0.392	0.421	712	757	-0.508190	0.087186	
A/chicken/Pingtung/150500	0.2630	0.3045	0.4410	0.2727	0.164	-0.092	0.374	51.10	0.443	0.437	709	757	-0.507662	0.088507	
A/chicken/Pingtung/160200	0.2680	0.2955	0.4422	0.2736	0.161	-0.093	0.372	51.01	0.437	0.435	712	757	-0.499736	0.088507	
A/chicken/Pingtung/180100	0.2766	0.2887	0.4327	0.2832	0.162	-0.101	0.368	50.92	0.438	0.435	710	757	-0.493395	0.088507	
A/chicken/Pingtung/180200	0.2712	0.2953	0.4247	0.2905	0.163	-0.096	0.371	51.15	0.449	0.438	709	757	-0.491942	0.088507	
A/chicken/PT/a158/2015|EP	0.3178	0.2573	0.4330	0.2702	0.161	-0.105	0.367	53.11	0.403	0.426	709	757	-0.502642	0.088507	
A/chicken/Qingdao/1/2014|	0.2737	0.2874	0.4156	0.3103	0.165	-0.109	0.364	51.55	0.455	0.440	712	757	-0.494320	0.088507	
A/chicken/SC/a688/2015|EP	0.3092	0.2591	0.4195	0.2933	0.162	-0.109	0.365	52.69	0.421	0.432	710	757	-0.504359	0.088507	
A/chicken/Shaanxi/SD001/2	0.2990	0.2646	0.4585	0.2569	0.154	-0.137	0.348	51.93	0.399	0.425	712	757	-0.483884	0.088507	
A/chicken/Shandong/12.03_	0.2762	0.2864	0.4191	0.3000	0.160	-0.115	0.360	52.95	0.448	0.439	714	757	-0.494188	0.088507	
A/Chicken/Shandong/J01/20	0.2983	0.2707	0.4283	0.2888	0.158	-0.123	0.356	54.01	0.425	0.434	711	757	-0.489036	0.088507	
A/Chicken/Shandong/J02/20	0.3016	0.2686	0.4185	0.2950	0.150	-0.154	0.337	54.18	0.429	0.432	709	757	-0.480449	0.088507	
A/Chicken/Shandong/J03/20	0.2988	0.2729	0.4134	0.2978	0.148	-0.175	0.325	53.39	0.435	0.434	711	757	-0.474373	0.088507	
A/Chicken/Shandong/J04/20	0.2981	0.2738	0.4195	0.2919	0.150	-0.163	0.332	54.12	0.431	0.433	710	757	-0.483091	0.088507	
A/Chicken/Shandong/J06/20	0.3034	0.2655	0.4255	0.2922	0.160	-0.119	0.359	54.62	0.423	0.431	711	757	-0.483884	0.088507	
A/chicken/Shandong/KD0269	0.3022	0.2660	0.4348	0.2826	0.165	-0.113	0.362	52.67	0.417	0.429	712	757	-0.501982	0.089828	
A/chicken/Shandong/S3/201	0.2737	0.2874	0.4156	0.3103	0.165	-0.109	0.364	51.55	0.455	0.440	712	757	-0.494320	0.088507	
A/chicken/Shanghai/S1123/	0.3070	0.2607	0.4263	0.2868	0.158	-0.123	0.353	54.28	0.417	0.432	714	757	-0.470542	0.088507	
A/chicken/Shanghai/S4030/	0.3019	0.2676	0.4242	0.2874	0.160	-0.105	0.365	53.93	0.424	0.434	713	757	-0.474108	0.088507	
A/chicken/Shanxi/04.28_TG	0.3064	0.2616	0.4446	0.2679	0.158	-0.125	0.355	51.74	0.404	0.427	710	757	-0.499736	0.088507	
A/chicken/Shanxi/12.01_TG	0.3183	0.2491	0.4583	0.2584	0.164	-0.121	0.359	50.94	0.385	0.416	711	757	-0.511757	0.088507	
A/chicken/Shenzhen/433/20	0.2988	0.2729	0.4221	0.2922	0.159	-0.118	0.359	54.41	0.429	0.435	711	757	-0.499075	0.088507	
A/chicken/Shenzhen/552/20	0.2948	0.2759	0.4213	0.2942	0.158	-0.119	0.358	54.28	0.433	0.435	712	757	-0.496169	0.088507	
A/chicken/Shenzhen/715/20	0.2988	0.2729	0.4221	0.2922	0.159	-0.118	0.359	54.41	0.429	0.435	711	757	-0.499075	0.088507	
A/chicken/Shenzhen/1061/2	0.2941	0.2768	0.4239	0.2917	0.160	-0.123	0.356	54.11	0.432	0.435	711	757	-0.498679	0.088507	
A/chicken/Shenzhen/1845/2	0.3080	0.2682	0.4275	0.2817	0.156	-0.133	0.350	54.15	0.418	0.430	711	757	-0.503038	0.088507	
A/chicken/Shenzhen/2269/2	0.3005	0.2712	0.4203	0.2942	0.159	-0.118	0.359	54.30	0.429	0.435	711	757	-0.499075	0.088507	
A/chicken/Shenzhen/2396/2	0.2953	0.2763	0.4221	0.2922	0.159	-0.116	0.360	54.26	0.432	0.435	711	757	-0.499604	0.088507	
A/chicken/Shenzhen/2464/2	0.2953	0.2763	0.4221	0.2922	0.159	-0.116	0.360	54.26	0.432	0.435	711	757	-0.499604	0.088507	
A/chicken/Shijiazhuang/12	0.2719	0.2926	0.4022	0.3209	0.165	-0.119	0.358	51.91	0.467	0.444	713	757	-0.484809	0.088507	
A/chicken/Sichuan/k141/20	0.2680	0.2973	0.4374	0.2787	0.159	-0.118	0.359	50.70	0.442	0.440	711	757	-0.502114	0.088507	
A/chicken/Sichuan/NCJPL1/	0.3068	0.2704	0.4275	0.2823	0.158	-0.134	0.350	54.19	0.419	0.430	711	757	-0.501849	0.088507	
A/Chicken/Suzhou/j5/2019|	0.2943	0.2754	0.4206	0.2931	0.164	-0.098	0.369	54.30	0.433	0.436	712	757	-0.482299	0.088507	
A/Chicken/Suzhou/j6/2019|	0.2943	0.2754	0.4206	0.2931	0.164	-0.098	0.369	54.30	0.433	0.436	712	757	-0.482299	0.088507	
A/chicken/Taichung/150103	0.2664	0.2993	0.4446	0.2708	0.163	-0.097	0.371	50.93	0.437	0.435	709	757	-0.507662	0.088507	
A/chicken/Taichung/160400	0.2741	0.2897	0.4400	0.2772	0.158	-0.114	0.361	50.96	0.434	0.435	709	757	-0.505548	0.088507	
A/chicken/Taichung/160500	0.2716	0.2907	0.4501	0.2693	0.162	-0.100	0.370	51.00	0.429	0.432	709	757	-0.507794	0.088507	
A/chicken/Taichung/161100	0.2741	0.2914	0.4051	0.3156	0.165	-0.105	0.367	52.71	0.462	0.445	712	757	-0.490489	0.088507	
A/chicken/Tainan/15020214	0.2867	0.2781	0.4195	0.2998	0.158	-0.121	0.357	52.79	0.440	0.435	711	757	-0.500925	0.088507	
A/chicken/Tainan/16040035	0.2660	0.3005	0.4392	0.2747	0.162	-0.097	0.371	51.13	0.441	0.437	709	757	-0.506209	0.088507	
A/chicken/Tainan/17030058	0.2867	0.2746	0.4250	0.2984	0.155	-0.127	0.354	53.41	0.436	0.432	711	757	-0.499472	0.088507	
A/chicken/Taipei_City/170	0.2879	0.2776	0.4286	0.2911	0.156	-0.134	0.350	52.93	0.433	0.432	712	757	-0.492735	0.088507	
A/chicken/Taipei_City/180	0.2707	0.2983	0.4364	0.2752	0.162	-0.095	0.371	50.75	0.440	0.436	709	757	-0.486129	0.088507	
A/chicken/Taipei_City/180	0.2699	0.2958	0.4380	0.2823	0.164	-0.096	0.371	50.95	0.441	0.435	709	757	-0.506737	0.088507	
A/chicken/Taipei/16060022	0.2832	0.2798	0.4213	0.2998	0.155	-0.128	0.353	52.25	0.442	0.435	711	757	-0.505812	0.088507	
A/chicken/Taipei/16060023	0.2832	0.2798	0.4213	0.2998	0.155	-0.128	0.353	52.25	0.442	0.435	711	757	-0.505812	0.088507	
A/chicken/Taipei/16120021	0.2867	0.2763	0.4301	0.2925	0.156	-0.125	0.354	52.63	0.433	0.432	711	757	-0.505284	0.088507	
A/chicken/Taipei/17050005	0.2850	0.2781	0.4319	0.2911	0.156	-0.128	0.353	52.77	0.433	0.432	711	757	-0.500661	0.088507	
A/chicken/Taipei/17050008	0.2832	0.2798	0.4338	0.2891	0.156	-0.123	0.356	52.79	0.433	0.432	711	757	-0.500661	0.088507	
A/chicken/Taipei/17050009	0.2850	0.2781	0.4319	0.2911	0.156	-0.128	0.353	52.77	0.433	0.432	711	757	-0.500661	0.088507	
A/chicken/Taishun/TS2/201	0.2796	0.2882	0.4116	0.3031	0.157	-0.126	0.353	53.10	0.452	0.439	713	757	-0.481770	0.089828	
A/chicken/Taishun/TS90/20	0.2672	0.3017	0.4036	0.3116	0.166	-0.112	0.362	52.13	0.469	0.446	710	757	-0.491942	0.088507	
A/chicken/Taiwan/0101/201	0.3065	0.2603	0.4400	0.2731	0.158	-0.114	0.360	52.08	0.409	0.428	712	757	-0.497754	0.088507	
A/chicken/Taiwan/0502/201	0.3156	0.2521	0.4436	0.2693	0.156	-0.120	0.357	52.28	0.398	0.424	711	757	-0.506077	0.088507	
A/chicken/Taiwan/683/2012	0.3070	0.2607	0.4299	0.2837	0.160	-0.092	0.373	52.82	0.415	0.430	710	757	-0.504359	0.088507	
A/chicken/Taiwan/01174/20	0.2867	0.2763	0.4185	0.3024	0.157	-0.124	0.355	52.81	0.441	0.435	710	757	-0.486790	0.088507	
A/chicken/Taiwan/1682/201	0.3089	0.2560	0.4381	0.2706	0.151	-0.134	0.349	51.95	0.404	0.428	713	757	-0.512550	0.087186	
A/chicken/Taiwan/1692/201	0.3094	0.2564	0.4381	0.2706	0.152	-0.134	0.349	51.99	0.404	0.427	713	757	-0.511757	0.087186	
A/chicken/Taiwan/1704/201	0.3089	0.2560	0.4381	0.2706	0.151	-0.134	0.349	51.95	0.404	0.428	713	757	-0.512550	0.087186	
A/chicken/Taiwan/1711/201	0.3089	0.2560	0.4363	0.2725	0.151	-0.136	0.348	51.96	0.405	0.428	713	757	-0.512550	0.087186	
A/chicken/Taiwan/2593/201	0.3058	0.2612	0.4345	0.2792	0.159	-0.095	0.372	52.58	0.413	0.429	710	757	-0.504888	0.088507	
A/chicken/Taiwan/2948/201	0.3076	0.2595	0.4345	0.2787	0.159	-0.095	0.372	52.70	0.411	0.428	710	757	-0.515060	0.088507	
A/chicken/Taiwan/4443/201	0.3139	0.2504	0.4374	0.2792	0.154	-0.122	0.356	52.68	0.404	0.424	711	757	-0.503831	0.087186	
A/chicken/Taiwan/7350/201	0.3139	0.2521	0.4338	0.2817	0.155	-0.117	0.359	52.71	0.406	0.425	711	757	-0.496962	0.087186	
A/chicken/Taiwan/8988/201	0.3058	0.2612	0.4345	0.2781	0.159	-0.093	0.373	52.62	0.413	0.429	710	757	-0.515456	0.088507	
A/chicken/Taiwan/8994/201	0.3058	0.2612	0.4327	0.2801	0.159	-0.095	0.372	52.78	0.414	0.430	710	757	-0.514927	0.088507	
A/chicken/Taiwan/8996/201	0.3058	0.2612	0.4345	0.2781	0.160	-0.093	0.373	52.72	0.413	0.430	710	757	-0.514927	0.088507	
A/chicken/Taiwan/A1/2019|	0.3190	0.2483	0.4485	0.2623	0.155	-0.126	0.354	52.76	0.390	0.421	710	757	-0.490621	0.088507	
A/chicken/Taiwan/a174/201	0.2818	0.2799	0.4133	0.3146	0.157	-0.127	0.354	53.30	0.450	0.435	673	718	-0.511978	0.086351	
A/chicken/Taiwan/A1997/20	0.3265	0.2491	0.4317	0.2722	0.155	-0.126	0.354	51.41	0.399	0.425	710	757	-0.506605	0.088507	
A/chicken/Taiwan/D2/2019|	0.2872	0.2716	0.4523	0.2711	0.149	-0.142	0.346	50.96	0.414	0.428	712	757	-0.495509	0.088507	
A/chicken/Taiwan/D9/2019|	0.2889	0.2699	0.4523	0.2711	0.148	-0.144	0.344	50.93	0.413	0.428	712	757	-0.495509	0.088507	
A/chicken/Taiwan/u7/2016|	0.2712	0.2953	0.4364	0.2787	0.165	-0.096	0.371	50.53	0.440	0.435	709	757	-0.501982	0.088507	
A/chicken/Taiwan/x37/2016	0.2771	0.2807	0.4248	0.3063	0.155	-0.125	0.355	53.16	0.445	0.434	674	718	-0.520334	0.086351	
A/chicken/TC/a504/2015|EP	0.3178	0.2591	0.4348	0.2663	0.162	-0.100	0.370	52.80	0.402	0.425	709	757	-0.502642	0.088507	
A/chicken/TY/a665/2015|EP	0.3161	0.2591	0.4319	0.2727	0.162	-0.106	0.367	53.11	0.406	0.426	709	757	-0.503963	0.089828	
A/chicken/Wuxi/7157/2015|	0.3017	0.2724	0.4156	0.2962	0.154	-0.130	0.352	54.53	0.432	0.436	711	757	-0.497094	0.089828	
A/chicken/Wuxi/7765/2016|	0.2983	0.2759	0.4330	0.2758	0.155	-0.125	0.354	53.44	0.421	0.432	711	757	-0.500793	0.088507	
A/chicken/Wuxi/SC7393/201	0.2953	0.2781	0.4301	0.2820	0.154	-0.125	0.355	54.27	0.425	0.433	710	757	-0.498679	0.087186	
A/chicken/Wuxi/WX-32/2013	0.3022	0.2694	0.4293	0.2812	0.159	-0.114	0.361	54.24	0.420	0.432	710	757	-0.494584	0.088507	
A/chicken/Wuxi/WX-33/2013	0.3057	0.2677	0.4275	0.2812	0.159	-0.114	0.361	53.96	0.418	0.432	710	757	-0.494584	0.088507	
A/chicken/Xinjiang/S1016/	0.3065	0.2603	0.4255	0.2882	0.158	-0.122	0.354	54.40	0.418	0.433	715	757	-0.478996	0.085865	
A/chicken/Xinjiang/S1081/	0.3076	0.2612	0.4245	0.2888	0.159	-0.125	0.353	54.38	0.419	0.432	714	757	-0.475826	0.088507	
A/chicken/Xinjiang/S1170/	0.3070	0.2607	0.4263	0.2868	0.158	-0.123	0.353	54.28	0.417	0.432	714	757	-0.470542	0.088507	
A/Chicken/Xuzhou/470/2017	0.2985	0.2779	0.4061	0.2941	0.163	-0.088	0.373	55.54	0.438	0.444	713	757	-0.473316	0.085865	
A/chicken/Xuzhou/XZ6/2016	0.2931	0.2845	0.4149	0.2928	0.156	-0.110	0.363	55.08	0.439	0.438	711	757	-0.492999	0.088507	
A/Chicken/Yangzhou/f6/201	0.2931	0.2793	0.4231	0.2877	0.165	-0.090	0.374	53.96	0.432	0.437	711	757	-0.486394	0.088507	
A/Chicken/Yangzhou/f9/201	0.2926	0.2788	0.4260	0.2857	0.164	-0.091	0.374	53.95	0.430	0.436	712	757	-0.482959	0.088507	
A/Chicken/Yangzhou/f14/20	0.2926	0.2788	0.4260	0.2857	0.164	-0.091	0.374	53.95	0.430	0.436	712	757	-0.482959	0.088507	
A/chicken/Yangzhou/YD1/20	0.2936	0.2781	0.4257	0.2888	0.157	-0.116	0.360	54.49	0.430	0.435	711	757	-0.501189	0.087186	
A/chicken/YL/A3190/2014|E	0.3070	0.2676	0.4412	0.2644	0.160	-0.115	0.360	50.39	0.406	0.426	712	757	-0.498679	0.088507	
A/chicken/Yuhang/1/2013|E	0.2591	0.3074	0.3989	0.3234	0.166	-0.103	0.368	52.29	0.480	0.447	710	757	-0.497226	0.088507	
A/chicken/Yuhang/2/2013|E	0.2630	0.2941	0.4343	0.2962	0.172	-0.072	0.385	51.93	0.450	0.438	709	757	-0.493923	0.088507	
A/chicken/Yunlin/15020048	0.2664	0.2993	0.4446	0.2708	0.164	-0.096	0.372	50.86	0.437	0.435	709	757	-0.506605	0.088507	
A/chicken/Yunlin/15040002	0.2704	0.2946	0.4412	0.2736	0.164	-0.097	0.371	51.24	0.436	0.435	709	757	-0.504491	0.088507	
A/chicken/Yunlin/15040027	0.2699	0.2958	0.4446	0.2708	0.163	-0.097	0.371	51.42	0.434	0.434	709	757	-0.500528	0.088507	
A/chicken/Yunlin/15050012	0.2941	0.2751	0.4306	0.2854	0.161	-0.127	0.353	53.18	0.426	0.430	713	758	-0.500396	0.088390	
A/chicken/Yunlin/15050037	0.2721	0.2946	0.4428	0.2738	0.163	-0.105	0.367	51.15	0.434	0.433	709	757	-0.499075	0.088507	
A/chicken/Yunlin/15050039	0.2699	0.2958	0.4410	0.2747	0.163	-0.100	0.370	51.16	0.437	0.435	709	757	-0.507662	0.088507	
A/chicken/Yunlin/15060014	0.2699	0.2958	0.4410	0.2752	0.163	-0.098	0.371	51.27	0.437	0.435	709	757	-0.506737	0.088507	
A/chicken/Yunlin/15080024	0.2694	0.2953	0.4455	0.2713	0.162	-0.097	0.371	50.73	0.434	0.435	709	757	-0.504756	0.088507	
A/chicken/Yunlin/16010001	0.2630	0.3045	0.4338	0.2801	0.165	-0.096	0.371	50.83	0.449	0.439	709	757	-0.501982	0.088507	
A/chicken/Yunlin/16010008	0.2660	0.3005	0.4410	0.2727	0.161	-0.097	0.371	51.00	0.440	0.436	709	757	-0.509511	0.088507	
A/chicken/Yunlin/16020038	0.2746	0.2884	0.4159	0.3051	0.159	-0.119	0.359	52.52	0.453	0.443	711	757	-0.508983	0.088507	
A/chicken/Yunlin/16050053	0.2737	0.2892	0.4410	0.2772	0.157	-0.115	0.361	50.95	0.434	0.434	710	757	-0.502114	0.088507	
A/chicken/Yunlin/17010001	0.2759	0.2897	0.3953	0.3248	0.164	-0.109	0.364	52.28	0.468	0.448	712	757	-0.501717	0.088507	
A/chicken/Yunlin/17010014	0.2712	0.2953	0.4364	0.2787	0.165	-0.094	0.372	50.71	0.440	0.435	709	757	-0.501982	0.088507	
A/chicken/Yunlin/17020094	0.2694	0.2988	0.4382	0.2747	0.166	-0.091	0.374	50.56	0.440	0.435	709	757	-0.505416	0.088507	
A/chicken/Yunlin/17020095	0.2630	0.2976	0.4420	0.2801	0.162	-0.115	0.361	50.39	0.442	0.435	710	757	-0.497226	0.088507	
A/chicken/Yunlin/17030001	0.2694	0.2953	0.4345	0.2826	0.164	-0.099	0.370	50.89	0.443	0.436	709	757	-0.505416	0.088507	
A/chicken/Yunlin/17030007	0.2741	0.2948	0.4283	0.2846	0.164	-0.099	0.369	50.19	0.444	0.436	710	757	-0.498547	0.088507	
A/chicken/Yunlin/17030010	0.2729	0.2953	0.4327	0.2801	0.165	-0.097	0.371	50.96	0.441	0.436	709	757	-0.508851	0.088507	
A/chicken/Yunlin/17030014	0.2677	0.2971	0.4345	0.2826	0.165	-0.094	0.372	50.76	0.444	0.436	709	757	-0.505416	0.088507	
A/chicken/Yunlin/17030020	0.2694	0.2988	0.4353	0.2792	0.166	-0.094	0.372	50.61	0.443	0.435	709	757	-0.503699	0.088507	
A/chicken/Yunlin/17030021	0.2694	0.2953	0.4327	0.2846	0.165	-0.096	0.371	50.82	0.444	0.436	709	757	-0.505416	0.088507	
A/chicken/Yunlin/17030032	0.2660	0.2953	0.4392	0.2801	0.161	-0.108	0.364	50.45	0.441	0.436	709	757	-0.502774	0.088507	
A/chicken/Yunlin/17030065	0.2677	0.2971	0.4327	0.2846	0.164	-0.096	0.371	50.75	0.446	0.437	709	757	-0.506869	0.088507	
A/chicken/Yunlin/17040003	0.2793	0.2897	0.4338	0.2787	0.165	-0.107	0.365	50.61	0.435	0.434	710	757	-0.498547	0.088507	
A/chicken/Yunlin/17040004	0.2672	0.2966	0.4374	0.2806	0.163	-0.102	0.368	50.74	0.442	0.435	710	757	-0.501982	0.088507	
A/chicken/Yunlin/17040011	0.2694	0.2953	0.4364	0.2806	0.164	-0.099	0.370	50.80	0.441	0.435	709	757	-0.505416	0.088507	
A/chicken/Yunlin/17060019	0.2759	0.2897	0.4327	0.2832	0.164	-0.093	0.372	51.12	0.439	0.435	709	757	-0.499207	0.088507	
A/chicken/Yunlin/17070010	0.2690	0.2948	0.4340	0.2835	0.163	-0.099	0.368	50.69	0.443	0.438	711	758	-0.503430	0.087071	
A/chicken/Yunlin/18010001	0.2704	0.2998	0.4372	0.2752	0.167	-0.088	0.376	50.81	0.441	0.435	708	757	-0.497754	0.088507	
A/chicken/Yunlin/18010003	0.2704	0.2981	0.4390	0.2752	0.166	-0.088	0.376	50.82	0.439	0.435	708	757	-0.497754	0.088507	
A/chicken/Yunlin/18010023	0.2716	0.2993	0.4273	0.2851	0.165	-0.096	0.371	50.90	0.447	0.437	709	757	-0.493791	0.088507	
A/chicken/Yunlin/18020003	0.2746	0.2884	0.4364	0.2832	0.163	-0.096	0.371	50.78	0.437	0.434	709	757	-0.495112	0.088507	
A/chicken/Yunlin/18020004	0.2741	0.2879	0.4382	0.2812	0.162	-0.093	0.372	50.79	0.436	0.434	709	757	-0.495905	0.088507	
A/chicken/Yunlin/18020005	0.2712	0.2919	0.4364	0.2832	0.163	-0.091	0.374	50.78	0.440	0.435	709	757	-0.495112	0.088507	
A/chicken/Yunlin/18020008	0.2716	0.2993	0.4255	0.2871	0.165	-0.101	0.368	50.91	0.449	0.437	709	757	-0.493791	0.088507	
A/chicken/Yunlin/18030002	0.2763	0.2884	0.4309	0.2871	0.164	-0.093	0.372	50.91	0.440	0.435	709	757	-0.495112	0.088507	
A/chicken/Yunlin/18050013	0.2776	0.2879	0.4262	0.2917	0.165	-0.091	0.374	51.06	0.443	0.436	709	757	-0.495112	0.088507	
A/chicken/Yunlin/18060001	0.2776	0.2879	0.4281	0.2897	0.166	-0.088	0.375	51.07	0.441	0.435	709	757	-0.495112	0.088507	
A/chicken/Yunlin/18080006	0.2734	0.2958	0.4353	0.2783	0.164	-0.097	0.370	51.13	0.439	0.435	708	757	-0.487847	0.088507	
A/chicken/Yunnan/1/2014|E	0.3028	0.2716	0.4250	0.2851	0.163	-0.116	0.360	54.67	0.423	0.432	711	757	-0.498547	0.085865	
A/chicken/Yunnan/02.09_DQ	0.2672	0.3034	0.4200	0.2931	0.163	-0.100	0.369	52.60	0.456	0.439	710	757	-0.495641	0.088507	
A/chicken/Yunnan/03.15_DQ	0.2955	0.2745	0.4189	0.2960	0.158	-0.115	0.361	54.20	0.433	0.436	704	748	-0.508556	0.088235	
A/chicken/Yunnan/03.16__D	0.2640	0.3059	0.4194	0.2934	0.164	-0.099	0.370	52.52	0.459	0.441	702	748	-0.507086	0.088235	
A/chicken/Yunnan/03.16_DQ	0.3005	0.2712	0.4185	0.2956	0.160	-0.121	0.357	54.26	0.430	0.435	711	757	-0.499472	0.088507	
A/chicken/Yunnan/03.16_DQ	0.2668	0.3064	0.4189	0.2917	0.164	-0.098	0.370	52.55	0.458	0.439	710	757	-0.495112	0.088507	
A/chicken/Yunnan/03.16_DQ	0.3005	0.2712	0.4167	0.2976	0.160	-0.118	0.359	54.45	0.432	0.435	711	757	-0.499472	0.088507	
A/chicken/Yunnan/07.11_DQ	0.2953	0.2781	0.4203	0.2917	0.161	-0.103	0.367	54.52	0.433	0.436	711	757	-0.499472	0.088507	
A/Chicken/Yunnan/YN-8/201	0.2855	0.2837	0.4087	0.3077	0.158	-0.147	0.342	51.75	0.450	0.439	711	757	-0.490621	0.087186	
A/Chicken/Yunnan/YN-11/20	0.2842	0.2860	0.4130	0.3024	0.158	-0.142	0.345	51.72	0.448	0.438	710	757	-0.493659	0.087186	
A/Chicken/Yunnan/YN-12/20	0.2837	0.2855	0.4105	0.3057	0.160	-0.140	0.346	51.98	0.450	0.440	711	757	-0.493131	0.085865	
A/chicken/Zhejiang/194/20	0.2973	0.2784	0.4203	0.2883	0.162	-0.104	0.367	54.30	0.431	0.436	712	757	-0.473052	0.088507	
A/chicken/Zhejiang/209/20	0.3017	0.2655	0.4457	0.2688	0.158	-0.130	0.352	53.13	0.408	0.426	711	757	-0.511229	0.088507	
A/chicken/Zhejiang/217/20	0.3161	0.2573	0.4404	0.2698	0.154	-0.125	0.355	53.94	0.400	0.423	712	757	-0.499868	0.088507	
A/chicken/Zhejiang/232/20	0.3045	0.2630	0.4529	0.2644	0.159	-0.139	0.347	52.01	0.401	0.422	711	757	-0.503038	0.088507	
A/chicken/Zhejiang/7450/2	0.3022	0.2660	0.4511	0.2628	0.159	-0.133	0.350	52.59	0.404	0.426	711	757	-0.502510	0.087186	
A/chicken/Zhejiang/81643/	0.3040	0.2642	0.4511	0.2628	0.158	-0.135	0.349	52.61	0.402	0.425	711	757	-0.502510	0.087186	
A/chicken/Zhejiang/514135	0.2832	0.2832	0.4420	0.2736	0.156	-0.123	0.356	50.28	0.426	0.432	711	757	-0.504756	0.088507	
A/chicken/Zhejiang/727022	0.2948	0.2724	0.4281	0.2960	0.154	-0.135	0.350	53.71	0.430	0.433	712	757	-0.493527	0.095112	
A/chicken/Zhejiang/727026	0.2948	0.2724	0.4273	0.2960	0.154	-0.133	0.350	53.57	0.430	0.433	712	757	-0.485205	0.093791	
A/chicken/Zhejiang/727079	0.2729	0.2988	0.4158	0.3028	0.164	-0.099	0.369	52.82	0.458	0.439	710	757	-0.496301	0.092470	
A/chicken/Zhejiang/727155	0.2948	0.2741	0.4239	0.2948	0.154	-0.132	0.350	53.83	0.431	0.436	712	757	-0.492206	0.091149	
A/chicken/Zhejiang/727159	0.2862	0.2845	0.4444	0.2724	0.159	-0.108	0.365	50.83	0.424	0.428	712	757	-0.494056	0.093791	
A/chickenl/Jiangxi/E84/20	0.3012	0.2680	0.4351	0.2817	0.154	-0.133	0.351	53.91	0.417	0.431	703	748	-0.514305	0.088235	
A/Chlidonias_hybrida/Hube	0.2798	0.2850	0.4159	0.3037	0.165	-0.110	0.363	52.09	0.449	0.439	711	757	-0.505416	0.088507	
A/Commom_Teal/Ningxia/474	0.2738	0.2946	0.4123	0.3057	0.166	-0.109	0.364	53.20	0.457	0.443	711	757	-0.495112	0.088507	
A/common_coot/Shandong/SC	0.2776	0.2845	0.4177	0.3037	0.162	-0.115	0.360	51.89	0.449	0.438	711	757	-0.505152	0.088507	
A/common_crane/Yunnan-Hui	0.2810	0.2810	0.4231	0.2978	0.163	-0.115	0.360	51.47	0.442	0.437	711	757	-0.506209	0.088507	
A/common_pochard/Ningxia/	0.2672	0.3000	0.3935	0.3235	0.158	-0.133	0.350	52.89	0.476	0.447	712	757	-0.498679	0.088507	
A/common_teal/Ningxia/105	0.2815	0.2832	0.4159	0.3037	0.165	-0.115	0.360	51.92	0.447	0.438	711	757	-0.505416	0.088507	
A/common_teal/Ningxia/181	0.2672	0.3000	0.3935	0.3235	0.157	-0.133	0.350	52.86	0.476	0.447	712	757	-0.498679	0.088507	
A/common_teal/Ningxia/189	0.2672	0.3000	0.3935	0.3235	0.157	-0.133	0.350	52.86	0.476	0.447	712	757	-0.498679	0.088507	
A/common_teal/Ningxia/237	0.2672	0.3000	0.3935	0.3235	0.158	-0.131	0.351	52.87	0.476	0.448	712	757	-0.498679	0.088507	
A/common_teal/Ningxia/245	0.2655	0.3017	0.3935	0.3235	0.158	-0.131	0.351	52.83	0.478	0.448	712	757	-0.498679	0.088507	
A/common_teal/Ningxia/253	0.2707	0.2983	0.3924	0.3242	0.159	-0.134	0.350	52.85	0.475	0.447	712	757	-0.500000	0.089828	
A/common_teal/Shaanxi/SXY	0.2815	0.2832	0.4159	0.3037	0.165	-0.115	0.360	51.92	0.447	0.438	711	757	-0.505416	0.088507	
A/condor/Guangdong/139/20	0.3033	0.2686	0.4312	0.2837	0.157	-0.133	0.350	53.05	0.419	0.429	711	757	-0.487318	0.087186	
A/Copsychus_saularis/Guan	0.2993	0.2734	0.4322	0.2787	0.159	-0.118	0.359	53.83	0.421	0.433	711	757	-0.495509	0.088507	
A/Curlew/Hong_Kong/AFCD-H	0.2534	0.3155	0.4102	0.3075	0.158	-0.124	0.356	51.94	0.475	0.446	711	757	-0.498283	0.088507	
A/Cygnus_atratus/Hubei/2Z	0.2801	0.2835	0.4275	0.2894	0.162	-0.122	0.356	51.92	0.439	0.436	711	757	-0.506077	0.088507	
A/Cygnus_atratus/Hubei/HF	0.2784	0.2852	0.4293	0.2880	0.159	-0.127	0.353	51.43	0.439	0.436	711	757	-0.505680	0.088507	
A/Cygnus_columbianus/Hube	0.2798	0.2850	0.4177	0.3018	0.165	-0.110	0.363	51.88	0.447	0.438	711	757	-0.505416	0.088507	
A/Cygnus_columbianus/Hube	0.2793	0.2828	0.4195	0.3018	0.163	-0.117	0.359	51.47	0.446	0.438	711	757	-0.506209	0.088507	
A/Cygnus_columbianus/Hube	0.2781	0.2867	0.4177	0.3018	0.165	-0.110	0.363	51.82	0.449	0.439	711	757	-0.505416	0.088507	
A/Cygnus_columbianus/Hube	0.2798	0.2850	0.4170	0.3012	0.166	-0.110	0.363	51.88	0.447	0.439	711	757	-0.501849	0.088507	
A/Cygnus_columbianus/Hube	0.2798	0.2850	0.4159	0.3037	0.165	-0.110	0.363	52.09	0.449	0.439	711	757	-0.505416	0.088507	
A/Cygnus_columbianus/Hube	0.2793	0.2845	0.4177	0.3018	0.164	-0.110	0.363	51.88	0.447	0.439	711	757	-0.506209	0.088507	
A/Cygnus_columbianus/Hube	0.2781	0.2867	0.4177	0.3018	0.166	-0.108	0.364	51.93	0.449	0.439	711	757	-0.505416	0.088507	
A/Cygnus_columbianus/Hube	0.2759	0.2931	0.4495	0.2613	0.159	-0.110	0.364	51.90	0.426	0.435	712	757	-0.506077	0.088507	
A/Cygnus_columbianus/Hube	0.2680	0.2955	0.4438	0.2742	0.157	-0.126	0.354	51.49	0.437	0.439	712	757	-0.498283	0.088507	
A/Cygnus_columbianus/Hube	0.2741	0.2948	0.4477	0.2638	0.161	-0.107	0.365	51.80	0.428	0.435	712	757	-0.496301	0.088507	
A/Cygnus_columbianus/Hube	0.2741	0.2948	0.4477	0.2638	0.161	-0.107	0.365	51.80	0.428	0.435	712	757	-0.496301	0.088507	
A/domestic_green-winged_t	0.2872	0.2751	0.4221	0.3018	0.158	-0.126	0.354	52.41	0.439	0.437	711	757	-0.511096	0.088507	
A/duck/Anhui/AH328/2015|E	0.2938	0.2784	0.4213	0.2897	0.161	-0.106	0.365	54.43	0.433	0.436	712	757	-0.482299	0.088507	
A/duck/Anhui/S4/2016|EPI_	0.2921	0.2784	0.4213	0.2917	0.160	-0.106	0.365	54.04	0.434	0.437	712	757	-0.482299	0.088507	
A/duck/Changhua/15A03431-	0.2682	0.2976	0.4420	0.2722	0.161	-0.102	0.368	51.05	0.437	0.435	709	757	-0.504095	0.088507	
A/duck/Changhua/15A03473-	0.2647	0.3010	0.4446	0.2708	0.162	-0.097	0.371	50.90	0.439	0.435	709	757	-0.507662	0.088507	
A/duck/Chiayi/15080023/20	0.2699	0.2958	0.4069	0.3130	0.162	-0.112	0.363	52.63	0.464	0.446	711	757	-0.510964	0.088507	
A/duck/China/0936/2017|EP	0.3122	0.2556	0.4448	0.2673	0.158	-0.131	0.351	51.85	0.399	0.425	712	757	-0.493659	0.088507	
A/duck/China/0938/2017|EP	0.3122	0.2556	0.4448	0.2673	0.158	-0.131	0.351	51.85	0.399	0.425	712	757	-0.493659	0.088507	
A/duck/China/DK87/2016|EP	0.3143	0.2573	0.4475	0.2634	0.161	-0.127	0.354	51.59	0.397	0.422	711	757	-0.510568	0.088507	
A/duck/China/E26/2012|EPI	0.3143	0.2539	0.4338	0.2843	0.154	-0.137	0.347	54.65	0.408	0.426	711	757	-0.497490	0.088507	
A/duck/China/E53/2012|EPI	0.2953	0.2712	0.4410	0.2789	0.156	-0.122	0.356	53.66	0.418	0.431	711	757	-0.490093	0.088507	
A/Duck/China/H5N6/2020|EP	0.2943	0.2806	0.4170	0.2917	0.163	-0.104	0.367	54.14	0.435	0.436	712	757	-0.481374	0.088507	
A/duck/China/YD1516/2016|	0.3062	0.2647	0.4501	0.2634	0.162	-0.134	0.350	52.26	0.402	0.424	711	757	-0.505548	0.089828	
A/duck/Chongqing/S4362/20	0.2746	0.2902	0.4384	0.2801	0.162	-0.118	0.359	51.12	0.436	0.436	711	757	-0.504491	0.088507	
A/duck/Dongguan/2685/2013	0.2953	0.2763	0.4239	0.2903	0.159	-0.118	0.359	54.28	0.430	0.435	711	757	-0.498547	0.088507	
A/Duck/Dongting/D76-1/201	0.2763	0.2919	0.4185	0.2978	0.159	-0.138	0.347	51.53	0.450	0.439	711	757	-0.505416	0.088507	
A/duck/Eastern_China/008/	0.2941	0.2734	0.4322	0.2880	0.159	-0.135	0.349	52.91	0.426	0.431	713	758	-0.507388	0.088390	
A/duck/Eastern_China/031/	0.2941	0.2734	0.4366	0.2826	0.159	-0.132	0.351	52.64	0.423	0.429	712	758	-0.511214	0.088390	
A/duck/Eastern_China/108/	0.2931	0.2741	0.4203	0.2996	0.161	-0.108	0.364	54.81	0.435	0.434	712	758	-0.491953	0.088390	
A/duck/Eastern_China/909/	0.2941	0.2716	0.4402	0.2806	0.157	-0.135	0.350	52.58	0.420	0.428	712	758	-0.518338	0.088390	
A/duck/Eastern_China/JY/2	0.2976	0.2699	0.4410	0.2767	0.163	-0.122	0.357	51.99	0.416	0.428	711	757	-0.509247	0.088507	
A/duck/Eastern_China/L023	0.2894	0.2773	0.4275	0.2933	0.158	-0.140	0.347	52.74	0.434	0.432	712	758	-0.510158	0.088390	
A/duck/Eastern_China/L032	0.2862	0.2810	0.4206	0.2998	0.156	-0.141	0.346	53.29	0.441	0.434	714	758	-0.503166	0.088390	
A/duck/Eastern_China/L040	0.2960	0.2719	0.4485	0.2663	0.162	-0.120	0.358	51.44	0.411	0.427	713	758	-0.505937	0.088390	
A/duck/Eastern_China/L042	0.2938	0.2732	0.4467	0.2682	0.161	-0.122	0.356	51.49	0.414	0.428	713	758	-0.501319	0.088390	
A/duck/Eastern_China/L061	0.2938	0.2766	0.4475	0.2648	0.161	-0.120	0.358	51.74	0.414	0.428	713	758	-0.505409	0.088390	
A/duck/Eastern_China/L072	0.2960	0.2719	0.4467	0.2682	0.162	-0.122	0.356	51.45	0.412	0.427	713	758	-0.505409	0.088390	
A/duck/Eastern_China/L102	0.2884	0.2798	0.4281	0.2857	0.165	-0.130	0.352	52.38	0.432	0.433	713	758	-0.497889	0.088390	
A/duck/Eastern_China/L112	0.2966	0.2724	0.4358	0.2795	0.164	-0.110	0.363	52.33	0.421	0.431	713	758	-0.505013	0.088390	
A/duck/Eastern_China/S013	0.2976	0.2716	0.4521	0.2623	0.162	-0.117	0.360	52.93	0.407	0.425	712	758	-0.508180	0.088390	
A/duck/Eastern_China/S021	0.3017	0.2655	0.4348	0.2846	0.164	-0.114	0.362	52.13	0.418	0.429	713	758	-0.512797	0.088390	
A/duck/Eastern_China/S032	0.2953	0.2763	0.4286	0.2857	0.158	-0.117	0.360	53.94	0.427	0.434	712	758	-0.503562	0.088390	
A/duck/Eastern_China/S071	0.3092	0.2712	0.4239	0.2823	0.157	-0.139	0.347	54.11	0.420	0.431	712	758	-0.506201	0.088390	
A/duck/Eastern_China/S080	0.2946	0.2756	0.4324	0.2815	0.164	-0.108	0.365	53.88	0.424	0.431	712	758	-0.501979	0.088390	
A/duck/Eastern_China/S090	0.3040	0.2729	0.4250	0.2832	0.157	-0.119	0.358	53.65	0.423	0.433	712	758	-0.503958	0.088390	
A/duck/Eastern_China/S110	0.2793	0.2828	0.4116	0.3104	0.160	-0.126	0.354	51.66	0.452	0.441	712	758	-0.506069	0.088390	
A/duck/Eastern_China/S121	0.2746	0.2919	0.4368	0.2790	0.166	-0.104	0.367	50.62	0.437	0.436	712	758	-0.505673	0.088390	
A/duck/Fujian/1.17_FZHX01	0.3017	0.2724	0.4247	0.2851	0.159	-0.133	0.350	52.79	0.425	0.432	711	757	-0.505020	0.088507	
A/duck/Fujian/03.18_GTFJ-	0.2947	0.2772	0.4351	0.2797	0.155	-0.123	0.357	53.56	0.422	0.432	703	748	-0.513503	0.088235	
A/duck/Fujian/05.07_FZHMD	0.3012	0.2737	0.4167	0.2922	0.163	-0.108	0.364	54.13	0.430	0.435	711	757	-0.492867	0.088507	
A/duck/Fujian/05.07_FZHMD	0.3012	0.2737	0.4167	0.2922	0.163	-0.108	0.364	54.13	0.430	0.435	711	757	-0.492867	0.088507	
A/duck/Fujian/05.07_FZHMD	0.3012	0.2737	0.4167	0.2922	0.163	-0.108	0.364	54.13	0.430	0.435	711	757	-0.492867	0.088507	
A/duck/Fujian/10.26_FZHX0	0.2990	0.2663	0.4286	0.2860	0.157	-0.125	0.354	53.10	0.422	0.433	711	757	-0.501321	0.088507	
A/duck/Fujian/10.26_FZHX0	0.2973	0.2680	0.4304	0.2840	0.157	-0.125	0.354	52.93	0.422	0.433	711	757	-0.501321	0.088507	
A/duck/Fujian/11.3_FZHX11	0.3000	0.2638	0.4467	0.2708	0.156	-0.138	0.347	51.62	0.408	0.427	711	757	-0.496433	0.088507	
A/duck/Fujian/11.3_FZHX11	0.3000	0.2638	0.4448	0.2727	0.156	-0.138	0.347	51.75	0.409	0.428	711	757	-0.496433	0.088507	
A/duck/Fujian/11.23_FZHX0	0.2990	0.2663	0.4286	0.2860	0.157	-0.123	0.356	53.12	0.422	0.432	711	757	-0.501849	0.088507	
A/duck/Fujian/11.23_FZHX0	0.2973	0.2680	0.4278	0.2849	0.158	-0.125	0.354	52.96	0.423	0.435	711	757	-0.506605	0.085865	
A/duck/Fujian/11.23_FZHX0	0.2973	0.2680	0.4286	0.2860	0.157	-0.127	0.353	52.92	0.423	0.433	711	757	-0.501321	0.088507	
A/duck/Fujian/12.7_FZHX12	0.3000	0.2638	0.4448	0.2727	0.156	-0.138	0.347	51.75	0.409	0.428	711	757	-0.496433	0.088507	
A/duck/Fujian/12.7_FZHX12	0.3017	0.2621	0.4467	0.2708	0.156	-0.136	0.349	51.57	0.406	0.427	711	757	-0.496433	0.088507	
A/duck/Fujian/12.7_FZHX12	0.3017	0.2621	0.4467	0.2708	0.156	-0.136	0.349	51.57	0.406	0.427	711	757	-0.496433	0.088507	
A/duck/Fujian/12.7_FZHX12	0.3017	0.2621	0.4467	0.2708	0.156	-0.136	0.349	51.57	0.406	0.427	711	757	-0.496433	0.088507	
A/duck/Fujian/S1233/2018(	0.2978	0.2754	0.4195	0.2917	0.161	-0.103	0.367	55.04	0.431	0.435	712	757	-0.485865	0.088507	
A/duck/Fujian/S1273/2018(	0.2978	0.2754	0.4195	0.2917	0.161	-0.103	0.367	55.04	0.431	0.435	712	757	-0.485865	0.088507	
A/Duck/Fujian/S4146/2010|	0.2919	0.2781	0.4257	0.2897	0.160	-0.110	0.363	54.48	0.432	0.435	711	757	-0.493923	0.088507	
A/duck/Guangdong/01.01_SZ	0.3149	0.2578	0.4457	0.2648	0.161	-0.130	0.353	51.92	0.398	0.422	711	757	-0.504756	0.088507	
A/duck/Guangdong/01.01_SZ	0.3166	0.2578	0.4475	0.2609	0.161	-0.128	0.354	51.91	0.395	0.421	711	757	-0.504756	0.088507	
A/duck/Guangdong/01.01_SZ	0.3131	0.2630	0.4384	0.2688	0.160	-0.132	0.352	52.83	0.405	0.424	711	757	-0.504756	0.088507	
A/duck/Guangdong/01.01_SZ	0.3126	0.2608	0.4465	0.2634	0.162	-0.128	0.354	51.84	0.399	0.422	711	757	-0.504888	0.088507	
A/duck/Guangdong/01.01_SZ	0.3131	0.2595	0.4501	0.2619	0.162	-0.131	0.353	51.84	0.397	0.421	711	757	-0.505152	0.089828	
A/duck/Guangdong/01.01_SZ	0.3149	0.2578	0.4475	0.2628	0.160	-0.132	0.352	51.78	0.397	0.422	711	757	-0.504756	0.088507	
A/duck/Guangdong/01.01_SZ	0.3149	0.2578	0.4475	0.2628	0.160	-0.130	0.353	51.96	0.397	0.422	711	757	-0.504756	0.088507	
A/duck/Guangdong/01.01_SZ	0.3131	0.2595	0.4483	0.2634	0.161	-0.131	0.353	51.82	0.398	0.422	711	757	-0.506077	0.089828	
A/duck/Guangdong/01.01_SZ	0.3149	0.2578	0.4438	0.2668	0.160	-0.135	0.350	52.14	0.399	0.423	711	757	-0.504756	0.088507	
A/duck/Guangdong/01.01_SZ	0.3131	0.2595	0.4475	0.2628	0.161	-0.130	0.353	51.78	0.398	0.422	711	757	-0.504756	0.088507	
A/duck/Guangdong/02.11_DG	0.2962	0.2753	0.4168	0.2978	0.157	-0.118	0.359	54.12	0.435	0.437	704	748	-0.507086	0.088235	
A/duck/Guangdong/02.11_DG	0.2990	0.2749	0.4149	0.2968	0.157	-0.117	0.360	54.34	0.434	0.436	712	757	-0.491546	0.088507	
A/duck/Guangdong/02.11_DG	0.2990	0.2749	0.4149	0.2968	0.157	-0.117	0.360	54.34	0.434	0.436	712	757	-0.491546	0.088507	
A/duck/Guangdong/02.11_DG	0.2967	0.2757	0.4168	0.2978	0.158	-0.116	0.361	54.16	0.435	0.436	704	748	-0.511230	0.088235	
A/duck/Guangdong/02.11_DG	0.2978	0.2771	0.4149	0.2968	0.158	-0.117	0.360	54.68	0.435	0.436	712	757	-0.495641	0.088507	
A/duck/Guangdong/02.11_DG	0.2995	0.2754	0.4149	0.2968	0.158	-0.114	0.361	54.39	0.434	0.435	712	757	-0.495641	0.088507	
A/duck/Guangdong/03.26_DG	0.2995	0.2697	0.4260	0.2912	0.155	-0.122	0.357	53.68	0.425	0.434	703	748	-0.519786	0.088235	
A/duck/Guangdong/03.26_DG	0.3022	0.2694	0.4239	0.2903	0.156	-0.120	0.357	53.86	0.425	0.433	711	757	-0.504095	0.088507	
A/duck/Guangdong/03.26_DG	0.3040	0.2677	0.4257	0.2883	0.156	-0.120	0.357	53.85	0.422	0.432	711	757	-0.504095	0.088507	
A/duck/Guangdong/03.26_DG	0.2995	0.2750	0.4215	0.2886	0.160	-0.116	0.361	54.20	0.428	0.435	703	748	-0.510027	0.088235	
A/duck/Guangdong/03.26_DG	0.3030	0.2662	0.4278	0.2892	0.155	-0.125	0.356	53.61	0.421	0.433	703	748	-0.519786	0.088235	
A/duck/Guangdong/03.26_DG	0.3040	0.2677	0.4257	0.2883	0.156	-0.120	0.357	53.85	0.422	0.432	711	757	-0.504095	0.088507	
A/duck/Guangdong/03.26_DG	0.2578	0.3014	0.4481	0.2713	0.160	-0.087	0.376	51.55	0.440	0.436	704	748	-0.522193	0.088235	
A/duck/Guangdong/03.26_DG	0.3040	0.2677	0.4257	0.2883	0.156	-0.120	0.357	53.85	0.422	0.432	711	757	-0.504095	0.088507	
A/duck/Guangdong/03.26_DG	0.2990	0.2745	0.4234	0.2892	0.158	-0.118	0.359	54.18	0.428	0.434	704	748	-0.514572	0.088235	
A/duck/Guangdong/03.26_DG	0.2990	0.2745	0.4234	0.2892	0.158	-0.118	0.359	54.18	0.428	0.434	704	748	-0.514572	0.088235	
A/duck/Guangdong/03.26_DG	0.3040	0.2677	0.4257	0.2883	0.156	-0.120	0.357	53.85	0.422	0.432	711	757	-0.504095	0.088507	
A/duck/Guangdong/03.26_DG	0.3030	0.2662	0.4278	0.2892	0.155	-0.125	0.356	53.61	0.421	0.433	703	748	-0.519786	0.088235	
A/duck/Guangdong/03.26_DG	0.3030	0.2662	0.4278	0.2892	0.155	-0.125	0.356	53.61	0.421	0.433	703	748	-0.519786	0.088235	
A/duck/Guangdong/03.26_DG	0.3040	0.2677	0.4257	0.2883	0.156	-0.120	0.357	53.85	0.422	0.432	711	757	-0.504095	0.088507	
A/duck/Guangdong/03.26_DG	0.3012	0.2680	0.4260	0.2912	0.155	-0.125	0.356	53.63	0.424	0.434	703	748	-0.519786	0.088235	
A/duck/Guangdong/03.26_DG	0.3012	0.2662	0.4278	0.2912	0.155	-0.127	0.354	53.48	0.422	0.433	703	748	-0.519786	0.088235	
A/duck/Guangdong/03.26_DG	0.3022	0.2677	0.4257	0.2903	0.155	-0.123	0.356	53.72	0.423	0.433	711	757	-0.504095	0.088507	
A/duck/Guangdong/03.26_DG	0.3022	0.2677	0.4257	0.2903	0.155	-0.123	0.356	53.72	0.423	0.433	711	757	-0.504095	0.088507	
A/duck/Guangdong/03.26_DG	0.3012	0.2662	0.4278	0.2912	0.155	-0.127	0.354	53.48	0.422	0.433	703	748	-0.519786	0.088235	
A/duck/Guangdong/03.26_DG	0.3022	0.2694	0.4239	0.2903	0.156	-0.120	0.357	53.86	0.425	0.433	711	757	-0.504095	0.088507	
A/duck/Guangdong/03.26_DG	0.3012	0.2662	0.4278	0.2912	0.155	-0.127	0.354	53.48	0.422	0.433	703	748	-0.519786	0.088235	
A/duck/Guangdong/03.27_DG	0.2949	0.2775	0.4168	0.2978	0.156	-0.126	0.355	54.33	0.436	0.437	704	748	-0.511230	0.088235	
A/duck/Guangdong/03.27_DG	0.2931	0.2810	0.4229	0.2888	0.161	-0.104	0.367	54.34	0.433	0.435	711	757	-0.498679	0.088507	
A/duck/Guangdong/03.27_DG	0.2960	0.2788	0.4130	0.2988	0.157	-0.124	0.355	54.46	0.438	0.437	712	757	-0.495641	0.088507	
A/duck/Guangdong/03.27_DG	0.2949	0.2705	0.4396	0.2791	0.153	-0.117	0.360	52.25	0.418	0.430	703	748	-0.516578	0.088235	
A/duck/Guangdong/03.27_DG	0.2949	0.2775	0.4168	0.2978	0.156	-0.126	0.355	54.33	0.436	0.437	704	748	-0.511230	0.088235	
A/duck/Guangdong/04.15_SZ	0.2775	0.2897	0.4136	0.3078	0.160	-0.118	0.360	51.88	0.454	0.438	703	748	-0.508957	0.088235	
A/duck/Guangdong/04.15_SZ	0.2949	0.2740	0.4197	0.2972	0.160	-0.110	0.364	54.30	0.433	0.436	704	748	-0.500936	0.088235	
A/duck/Guangdong/04.15_SZ	0.2979	0.2718	0.4182	0.2960	0.161	-0.106	0.366	54.21	0.431	0.437	705	748	-0.494786	0.088235	
A/duck/Guangdong/04.16_LG	0.3007	0.2657	0.4278	0.2912	0.153	-0.132	0.351	53.41	0.422	0.434	703	748	-0.520588	0.088235	
A/duck/Guangdong/04.16_SZ	0.2988	0.2781	0.4203	0.2883	0.160	-0.113	0.361	54.42	0.430	0.435	711	757	-0.499075	0.088507	
A/duck/Guangdong/04.16_SZ	0.3007	0.2657	0.4278	0.2912	0.153	-0.132	0.351	53.41	0.422	0.434	703	748	-0.520588	0.088235	
A/duck/Guangdong/04.16_SZ	0.3000	0.2690	0.4257	0.2903	0.154	-0.125	0.354	53.58	0.425	0.434	711	757	-0.504888	0.088507	
A/duck/Guangdong/04.16_SZ	0.2949	0.2775	0.4168	0.2978	0.156	-0.126	0.355	54.07	0.436	0.436	704	748	-0.511230	0.088235	
A/duck/Guangdong/04.22_DG	0.3000	0.2759	0.4174	0.2928	0.159	-0.116	0.360	54.51	0.432	0.434	711	757	-0.499075	0.088507	
A/duck/Guangdong/04.22_DG	0.2972	0.2745	0.4194	0.2958	0.158	-0.120	0.358	54.39	0.432	0.435	703	748	-0.514706	0.088235	
A/duck/Guangdong/04.22_DG	0.2949	0.2775	0.4150	0.2998	0.157	-0.123	0.357	54.50	0.438	0.437	704	748	-0.511230	0.088235	
A/duck/Guangdong/04.22_DG	0.2960	0.2788	0.4130	0.2988	0.158	-0.119	0.358	54.69	0.438	0.437	712	757	-0.495641	0.088507	
A/duck/Guangdong/04.22_DG	0.2949	0.2775	0.4150	0.2998	0.157	-0.123	0.357	54.50	0.438	0.437	704	748	-0.511230	0.088235	
A/duck/Guangdong/04.22_DG	0.2746	0.2850	0.4324	0.2908	0.158	-0.127	0.354	52.32	0.440	0.435	712	757	-0.504359	0.088507	
A/duck/Guangdong/04.22_DG	0.2972	0.2745	0.4158	0.2998	0.157	-0.123	0.357	54.53	0.435	0.436	703	748	-0.514706	0.088235	
A/duck/Guangdong/04.22_DG	0.2937	0.2780	0.4158	0.2998	0.157	-0.123	0.357	54.46	0.438	0.437	703	748	-0.514706	0.088235	
A/duck/Guangdong/04.22_DG	0.2684	0.2886	0.4280	0.3023	0.158	-0.130	0.353	52.65	0.449	0.436	675	718	-0.515738	0.086351	
A/duck/Guangdong/04.22_DG	0.2751	0.2855	0.4324	0.2908	0.159	-0.125	0.355	52.10	0.440	0.435	712	757	-0.503038	0.088507	
A/duck/Guangdong/04.23_DG	0.2914	0.2828	0.4229	0.2888	0.160	-0.104	0.367	54.51	0.435	0.436	711	757	-0.501849	0.088507	
A/duck/Guangdong/04.23_DG	0.2948	0.2810	0.4229	0.2869	0.162	-0.101	0.368	54.32	0.432	0.435	711	757	-0.498679	0.088507	
A/duck/Guangdong/04.23_DG	0.2967	0.2757	0.4186	0.2958	0.157	-0.124	0.357	54.37	0.433	0.436	704	748	-0.514439	0.088235	
A/duck/Guangdong/04.23_DG	0.2949	0.2775	0.4168	0.2978	0.156	-0.126	0.355	54.33	0.436	0.437	704	748	-0.511230	0.088235	
A/duck/Guangdong/04.23_DG	0.2949	0.2775	0.4168	0.2978	0.156	-0.126	0.355	54.33	0.436	0.437	704	748	-0.511230	0.088235	
A/duck/Guangdong/04.23_DG	0.2949	0.2775	0.4168	0.2978	0.156	-0.126	0.355	54.33	0.436	0.437	704	748	-0.511230	0.088235	
A/duck/Guangdong/04.23_DG	0.2949	0.2775	0.4168	0.2978	0.156	-0.126	0.355	54.33	0.436	0.437	704	748	-0.511230	0.088235	
A/duck/Guangdong/04.23_DG	0.2949	0.2775	0.4168	0.2978	0.156	-0.126	0.355	54.33	0.436	0.437	704	748	-0.511230	0.088235	
A/duck/Guangdong/04.23_DG	0.2995	0.2754	0.4185	0.2928	0.157	-0.122	0.357	54.57	0.431	0.435	712	757	-0.498811	0.088507	
A/duck/Guangdong/04.23_DG	0.2995	0.2697	0.4296	0.2866	0.156	-0.125	0.356	53.45	0.422	0.433	703	748	-0.520722	0.088235	
A/duck/Guangdong/04.23_DG	0.2949	0.2740	0.4197	0.2972	0.160	-0.110	0.364	54.06	0.433	0.436	704	748	-0.500936	0.088235	
A/duck/Guangdong/04.23_DG	0.2949	0.2775	0.4150	0.2998	0.156	-0.128	0.354	54.35	0.438	0.437	704	748	-0.511230	0.088235	
A/duck/Guangdong/04.23_DG	0.2949	0.2740	0.4179	0.2992	0.159	-0.110	0.364	54.19	0.435	0.437	704	748	-0.500936	0.088235	
A/duck/Guangdong/04.23_DG	0.2960	0.2754	0.4159	0.2982	0.160	-0.106	0.365	54.41	0.435	0.436	712	757	-0.485469	0.088507	
A/duck/Guangdong/04.23_DG	0.3012	0.2680	0.4260	0.2912	0.155	-0.125	0.356	53.63	0.424	0.434	703	748	-0.519786	0.088235	
A/duck/Guangdong/04.23_DG	0.3022	0.2694	0.4239	0.2903	0.156	-0.120	0.357	53.86	0.425	0.433	711	757	-0.504095	0.088507	
A/duck/Guangdong/04.23_DG	0.3022	0.2694	0.4239	0.2903	0.156	-0.120	0.357	53.86	0.425	0.433	711	757	-0.504095	0.088507	
A/duck/Guangdong/04.23_DG	0.3012	0.2697	0.4241	0.2912	0.156	-0.122	0.357	53.76	0.425	0.434	703	748	-0.519786	0.088235	
A/duck/Guangdong/04.23_DG	0.3012	0.2680	0.4260	0.2912	0.155	-0.125	0.356	53.63	0.424	0.434	703	748	-0.519786	0.088235	
A/duck/Guangdong/04.23_DG	0.2965	0.2789	0.4162	0.2961	0.156	-0.126	0.356	54.54	0.436	0.436	700	744	-0.517876	0.088710	
A/duck/Guangdong/04.23_DG	0.2926	0.2806	0.4229	0.2888	0.160	-0.103	0.367	54.29	0.433	0.436	711	757	-0.499472	0.088507	
A/duck/Guangdong/04.23_DG	0.3012	0.2680	0.4260	0.2912	0.155	-0.125	0.356	53.63	0.424	0.434	703	748	-0.519786	0.088235	
A/duck/Guangdong/04.23_DG	0.3000	0.2759	0.4213	0.2857	0.159	-0.111	0.363	54.37	0.428	0.435	711	757	-0.496169	0.088507	
A/duck/Guangdong/04.23_DG	0.2949	0.2775	0.4186	0.2958	0.157	-0.124	0.357	54.62	0.435	0.437	704	748	-0.514439	0.088235	
A/duck/Guangdong/04.23_DG	0.2983	0.2707	0.4294	0.2920	0.156	-0.120	0.358	54.23	0.425	0.432	673	718	-0.522006	0.086351	
A/duck/Guangdong/04.23_DG	0.2949	0.2775	0.4168	0.2978	0.156	-0.126	0.355	54.33	0.436	0.437	704	748	-0.511230	0.088235	
A/duck/Guangdong/04.23_DG	0.2931	0.2810	0.4229	0.2883	0.161	-0.104	0.367	54.38	0.433	0.436	711	757	-0.505548	0.088507	
A/duck/Guangdong/04.23_DG	0.2931	0.2810	0.4229	0.2888	0.161	-0.104	0.367	54.34	0.433	0.435	711	757	-0.498679	0.088507	
A/duck/Guangdong/04.23_DG	0.3012	0.2680	0.4260	0.2912	0.155	-0.125	0.356	53.63	0.424	0.434	703	748	-0.519786	0.088235	
A/duck/Guangdong/04.23_DG	0.2931	0.2810	0.4229	0.2888	0.161	-0.104	0.367	54.34	0.433	0.435	711	757	-0.498679	0.088507	
A/duck/Guangdong/04.23_DG	0.2931	0.2810	0.4229	0.2888	0.161	-0.104	0.367	54.34	0.433	0.435	711	757	-0.498679	0.088507	
A/duck/Guangdong/04.23_DG	0.2931	0.2828	0.4138	0.2968	0.161	-0.109	0.364	54.38	0.440	0.438	711	757	-0.499075	0.088507	
A/duck/Guangdong/04.23_DG	0.2920	0.2815	0.4158	0.2978	0.160	-0.113	0.363	54.15	0.440	0.439	703	748	-0.514706	0.088235	
A/duck/Guangdong/04.23_DG	0.2960	0.2754	0.4159	0.2982	0.160	-0.106	0.365	54.41	0.435	0.436	712	757	-0.485469	0.088507	
A/duck/Guangdong/04.23_DG	0.2932	0.2757	0.4179	0.2992	0.160	-0.108	0.365	54.22	0.436	0.437	704	748	-0.500936	0.088235	
A/duck/Guangdong/04.23_DG	0.2862	0.2845	0.4142	0.3012	0.161	-0.100	0.369	54.51	0.445	0.440	704	748	-0.500936	0.088235	
A/duck/Guangdong/04.23_DG	0.2949	0.2740	0.4179	0.2992	0.159	-0.110	0.364	54.19	0.435	0.437	704	748	-0.500936	0.088235	
A/duck/Guangdong/04.23_DG	0.2949	0.2740	0.4179	0.2992	0.159	-0.110	0.364	54.19	0.435	0.437	704	748	-0.500936	0.088235	
A/duck/Guangdong/04.23_DG	0.2949	0.2740	0.4179	0.2992	0.159	-0.110	0.364	54.19	0.435	0.437	704	748	-0.500936	0.088235	
A/duck/Guangdong/04.23_DG	0.2949	0.2740	0.4179	0.2992	0.159	-0.110	0.364	54.19	0.435	0.437	704	748	-0.500936	0.088235	
A/duck/Guangdong/04.23_DG	0.2932	0.2757	0.4179	0.2992	0.160	-0.108	0.365	54.22	0.436	0.437	704	748	-0.500936	0.088235	
A/duck/Guangdong/04.23_DG	0.3005	0.2746	0.4167	0.2942	0.161	-0.113	0.361	54.12	0.432	0.435	711	757	-0.499075	0.088507	
A/duck/Guangdong/11.18_SZ	0.3109	0.2608	0.4438	0.2679	0.160	-0.128	0.354	51.49	0.402	0.423	711	757	-0.504227	0.088507	
A/duck/Guangdong/11.18_SZ	0.3109	0.2608	0.4438	0.2679	0.160	-0.128	0.354	51.49	0.402	0.423	711	757	-0.504227	0.088507	
A/duck/Guangdong/11.18_SZ	0.3109	0.2608	0.4438	0.2679	0.160	-0.128	0.354	51.49	0.402	0.423	711	757	-0.504227	0.088507	
A/duck/Guangdong/KGZ15783	0.2741	0.2879	0.4242	0.2978	0.163	-0.111	0.362	51.61	0.447	0.437	712	757	-0.501982	0.088507	
A/duck/Guangdong/KGZ16007	0.3065	0.2688	0.4366	0.2693	0.161	-0.113	0.362	52.97	0.411	0.428	713	757	-0.507398	0.088507	
A/duck/Guangdong/KGZ16008	0.3065	0.2688	0.4366	0.2688	0.161	-0.110	0.363	52.98	0.411	0.428	713	757	-0.507794	0.088507	
A/duck/Guangdong/KGZ16009	0.3058	0.2698	0.4394	0.2668	0.162	-0.111	0.363	52.76	0.410	0.427	713	757	-0.506605	0.088507	
A/duck/Guangdong/KGZ16012	0.3065	0.2688	0.4366	0.2693	0.161	-0.111	0.363	52.92	0.411	0.428	713	757	-0.507398	0.088507	
A/duck/Guangdong/KGZ16015	0.2810	0.2828	0.4177	0.3018	0.164	-0.108	0.364	51.93	0.446	0.437	711	757	-0.505152	0.088507	
A/Duck/Guangdong/PO172812	0.2943	0.2788	0.4152	0.2950	0.162	-0.103	0.367	54.69	0.437	0.438	712	757	-0.482299	0.088507	
A/Duck/Guangdong/PO172813	0.2936	0.2789	0.4118	0.3027	0.162	-0.105	0.366	55.11	0.441	0.438	674	718	-0.495265	0.086351	
A/Duck/Guangdong/PO172842	0.2938	0.2715	0.4358	0.2781	0.157	-0.123	0.356	52.41	0.421	0.433	711	757	-0.497358	0.088507	
A/Duck/Guangdong/PO170726	0.2967	0.2740	0.4281	0.2840	0.160	-0.113	0.362	54.02	0.425	0.435	704	748	-0.494385	0.088235	
A/Duck/Guangdong/PY501/20	0.2953	0.2763	0.4203	0.2942	0.159	-0.116	0.360	54.45	0.433	0.436	711	757	-0.499075	0.088507	
A/Duck/Guangdong/PY503/20	0.2976	0.2768	0.4312	0.2792	0.162	-0.111	0.363	53.66	0.423	0.433	711	757	-0.499604	0.088507	
A/duck/Guangdong/S1269/20	0.2729	0.2936	0.4177	0.2992	0.163	-0.112	0.361	51.91	0.453	0.440	711	757	-0.506341	0.088507	
A/duck/Guangdong/S1330/20	0.3126	0.2591	0.4438	0.2673	0.159	-0.130	0.353	51.92	0.401	0.423	711	757	-0.505680	0.088507	
A/duck/Guangdong/S4518/20	0.2621	0.3103	0.4112	0.3010	0.158	-0.121	0.357	52.51	0.467	0.443	711	757	-0.500000	0.088507	
A/duck/Guangdong/S4525/20	0.2603	0.3103	0.4130	0.3010	0.157	-0.124	0.356	52.46	0.467	0.443	711	757	-0.500000	0.088507	
A/duck/Guangdong/S4879/20	0.2763	0.2902	0.4195	0.2972	0.165	-0.113	0.361	52.20	0.449	0.439	711	757	-0.512285	0.088507	
A/duck/Guangdong/s14044/2	0.2948	0.2724	0.4402	0.2772	0.165	-0.110	0.364	52.30	0.419	0.429	712	757	-0.494848	0.088507	
A/duck/Guangdong/SE195/20	0.3093	0.2612	0.4376	0.2727	0.160	-0.121	0.358	51.89	0.407	0.426	712	757	-0.505152	0.088507	
A/Duck/Guangdong/SS1A1/20	0.3080	0.2699	0.4257	0.2823	0.156	-0.138	0.347	54.08	0.419	0.430	711	757	-0.502642	0.088507	
A/duck/Guangdong/wy11/200	0.2815	0.2798	0.4404	0.2840	0.155	-0.140	0.346	52.32	0.429	0.432	713	758	-0.511346	0.088390	
A/duck/Guangdong/wy19/200	0.2828	0.2793	0.4386	0.2840	0.155	-0.144	0.344	52.42	0.429	0.431	713	758	-0.494063	0.088390	
A/duck/Guangdong/wy24/200	0.2924	0.2716	0.4299	0.2882	0.155	-0.144	0.344	52.43	0.427	0.432	712	758	-0.495910	0.088390	
A/Duck/Guangdong/Yangjian	0.2926	0.2788	0.4260	0.2851	0.163	-0.098	0.369	54.10	0.430	0.435	712	757	-0.482299	0.088507	
A/duck/Guangxi/12.25_GLGX	0.3005	0.2763	0.4293	0.2778	0.157	-0.121	0.357	53.76	0.422	0.432	711	757	-0.500000	0.088507	
A/duck/Guangxi/S10099/202	0.2763	0.2884	0.4192	0.3004	0.165	-0.110	0.363	52.08	0.449	0.439	710	757	-0.507794	0.088507	
A/duck/Guangxi/S10263/202	0.2768	0.2872	0.4203	0.2998	0.165	-0.113	0.362	51.85	0.448	0.438	710	757	-0.507794	0.088507	
A/duck/Guangxi/S11043/202	0.2798	0.2850	0.4195	0.2998	0.164	-0.113	0.361	51.96	0.446	0.437	711	757	-0.504359	0.088507	
A/duck/Guangxi/S21194/202	0.2793	0.2845	0.4195	0.2998	0.164	-0.111	0.363	51.81	0.446	0.438	711	757	-0.505152	0.088507	
A/duck/Guangxi/S31116/202	0.2732	0.2766	0.4555	0.2778	0.156	-0.112	0.361	52.78	0.423	0.431	711	757	-0.502510	0.088507	
A/duck/Guangzhou/018/2014	0.2953	0.2763	0.4221	0.2922	0.159	-0.121	0.357	54.40	0.432	0.435	711	757	-0.499075	0.088507	
A/duck/Guangzhou/021/2014	0.2971	0.2746	0.4221	0.2922	0.159	-0.117	0.360	54.03	0.430	0.435	711	757	-0.498019	0.088507	
A/duck/Guizhou/7.27_ZYLJJ	0.2949	0.2757	0.4281	0.2840	0.160	-0.115	0.361	53.86	0.426	0.434	704	748	-0.498262	0.088235	
A/duck/Guizhou/8.26_ZYLJJ	0.3089	0.2635	0.4307	0.2800	0.158	-0.125	0.355	54.43	0.413	0.431	704	748	-0.501738	0.088235	
A/duck/Guizhou/8.26_ZYLJJ	0.2978	0.2754	0.4260	0.2832	0.160	-0.113	0.361	54.10	0.426	0.434	712	757	-0.482827	0.088507	
A/duck/Guizhou/S1321/2022	0.2577	0.3127	0.4094	0.3050	0.159	-0.117	0.360	52.59	0.472	0.445	712	757	-0.497094	0.088507	
A/duck/Guizhou/S1711/2024	0.2862	0.2810	0.4174	0.2992	0.156	-0.124	0.356	52.72	0.443	0.440	711	757	-0.498547	0.089828	
A/duck/Guizhou/S4702/2021	0.2988	0.2660	0.4557	0.2604	0.157	-0.130	0.352	51.47	0.402	0.425	711	757	-0.486394	0.088507	
A/duck/Hainan/12.29_HKPL0	0.3029	0.2719	0.4304	0.2772	0.161	-0.108	0.364	54.70	0.419	0.432	712	757	-0.486262	0.088507	
A/duck/Hebei/3/2011|EPI_I	0.2931	0.2793	0.4384	0.2727	0.165	-0.107	0.365	52.39	0.421	0.430	712	757	-0.495244	0.088507	
A/duck/Hebei/S1070/2021|E	0.2759	0.2845	0.4213	0.3018	0.162	-0.118	0.359	51.61	0.447	0.438	711	757	-0.505152	0.088507	
A/duck/Henan/01.01_LYGL00	0.2737	0.2926	0.4153	0.3036	0.160	-0.121	0.358	53.34	0.455	0.441	710	757	-0.491810	0.088507	
A/duck/Henan/S1381/2021|E	0.2793	0.2828	0.4177	0.3037	0.162	-0.118	0.359	51.73	0.447	0.438	711	757	-0.505152	0.088507	
A/duck/Hsinchu/15020216/2	0.2716	0.2941	0.4428	0.2727	0.163	-0.100	0.370	50.91	0.434	0.435	709	757	-0.507662	0.088507	
A/duck/Hubei/03.06__WHWTZ	0.2793	0.2828	0.4234	0.2980	0.159	-0.122	0.356	52.61	0.443	0.438	713	758	-0.496834	0.088390	
A/duck/Hubei/03.06__WHWTZ	0.3097	0.2716	0.4338	0.2720	0.155	-0.131	0.352	53.90	0.412	0.427	711	757	-0.494584	0.088507	
A/duck/Hubei/03.06__WHWTZ	0.3080	0.2734	0.4338	0.2715	0.156	-0.129	0.353	53.84	0.414	0.428	711	757	-0.501453	0.088507	
A/duck/Hubei/03.06__WHWTZ	0.3080	0.2734	0.4338	0.2715	0.156	-0.129	0.353	53.84	0.414	0.428	711	757	-0.501453	0.088507	
A/duck/Hubei/03.06__WHWTZ	0.3097	0.2716	0.4338	0.2715	0.156	-0.132	0.352	53.83	0.412	0.427	711	757	-0.501453	0.088507	
A/duck/Hubei/03.06__WHWTZ	0.3097	0.2716	0.4338	0.2715	0.156	-0.129	0.353	54.01	0.412	0.427	711	757	-0.501453	0.088507	
A/duck/Hubei/03.06__WHWTZ	0.2840	0.2806	0.4188	0.2986	0.160	-0.121	0.357	52.87	0.442	0.437	712	757	-0.494188	0.088507	
A/duck/HuBei/03.06__WHWTZ	0.3080	0.2734	0.4338	0.2715	0.156	-0.129	0.353	53.84	0.414	0.428	711	757	-0.501453	0.088507	
A/duck/Hubei/03.06_WHWTZ0	0.3080	0.2734	0.4338	0.2715	0.156	-0.129	0.353	53.84	0.414	0.428	711	757	-0.501453	0.088507	
A/duck/Hubei/03.06_WHWTZ0	0.3097	0.2716	0.4338	0.2715	0.156	-0.132	0.352	53.83	0.412	0.427	711	757	-0.501453	0.088507	
A/duck/Hubei/46/2009|EPI_	0.2815	0.2902	0.4211	0.2925	0.168	-0.096	0.371	52.51	0.444	0.439	711	757	-0.511889	0.088507	
A/duck/Hubei/2911/2007|EP	0.3000	0.2638	0.4319	0.2897	0.156	-0.143	0.345	53.62	0.421	0.431	711	757	-0.495641	0.088507	
A/duck/Hubei/S4465/2021(H	0.2766	0.2887	0.4356	0.2812	0.160	-0.121	0.357	50.12	0.436	0.438	711	757	-0.500661	0.088507	
A/duck/Hubei/SE128/2022(H	0.2724	0.2931	0.4338	0.2857	0.162	-0.119	0.359	49.74	0.442	0.437	711	757	-0.493263	0.088507	
A/duck/Hubei/SE220/2022(H	0.2603	0.3121	0.4076	0.3050	0.158	-0.121	0.357	52.70	0.471	0.444	711	757	-0.500000	0.088507	
A/duck/Hubei/SZY250/2016|	0.3050	0.2669	0.4503	0.2604	0.160	-0.128	0.354	52.86	0.402	0.424	711	757	-0.520476	0.089828	
A/duck/Hubei/xn/2007|EPI_	0.3005	0.2642	0.4376	0.2832	0.154	-0.142	0.344	53.23	0.416	0.428	712	757	-0.492074	0.088507	
A/duck/Hunan/1.12_YYGK68H	0.3029	0.2719	0.4213	0.2877	0.161	-0.106	0.365	54.79	0.426	0.434	712	757	-0.485865	0.088507	
A/duck/Hunan/1.12_YYGK72H	0.3029	0.2719	0.4213	0.2877	0.161	-0.106	0.365	54.79	0.426	0.434	712	757	-0.485865	0.088507	
A/duck/Hunan/1.12_YYGK74H	0.2887	0.2835	0.4152	0.2950	0.162	-0.100	0.368	54.25	0.441	0.439	712	757	-0.472127	0.088507	
A/duck/Hunan/01.12_YYGK82	0.2904	0.2818	0.4152	0.2950	0.163	-0.098	0.369	54.29	0.440	0.439	712	757	-0.472127	0.088507	
A/duck/Hunan/01.16_YYFQH1	0.3092	0.2694	0.4309	0.2763	0.157	-0.134	0.350	54.20	0.415	0.429	711	757	-0.504756	0.089828	
A/duck/Hunan/01.16_YYFQH1	0.3082	0.2680	0.4322	0.2771	0.156	-0.140	0.347	53.92	0.414	0.430	703	748	-0.518717	0.088235	
A/duck/Hunan/01.16_YYFQH2	0.3062	0.2716	0.4275	0.2792	0.157	-0.135	0.349	54.01	0.419	0.432	711	757	-0.503963	0.088507	
A/duck/Hunan/01.16_YYFQH3	0.3053	0.2702	0.4296	0.2800	0.156	-0.140	0.347	53.81	0.418	0.432	703	748	-0.519652	0.088235	
A/duck/Hunan/01.16_YYFQH3	0.3070	0.2684	0.4296	0.2800	0.156	-0.140	0.347	53.77	0.417	0.431	703	748	-0.519652	0.088235	
A/duck/Hunan/01.16_YYFQH3	0.3062	0.2716	0.4257	0.2812	0.158	-0.133	0.350	54.00	0.421	0.432	711	757	-0.503963	0.088507	
A/duck/Hunan/01.16_YYFQH3	0.3062	0.2716	0.4275	0.2792	0.157	-0.135	0.349	54.01	0.419	0.432	711	757	-0.503963	0.088507	
A/duck/Hunan/01.16_YYFQH3	0.3062	0.2716	0.4275	0.2792	0.157	-0.135	0.349	54.01	0.419	0.432	711	757	-0.503963	0.088507	
A/duck/Hunan/01.16_YYFQH3	0.3062	0.2716	0.4275	0.2792	0.157	-0.135	0.349	54.01	0.419	0.432	711	757	-0.503963	0.088507	
A/duck/Hunan/01.16_YYFQH3	0.3053	0.2702	0.4296	0.2800	0.156	-0.140	0.347	53.81	0.418	0.432	703	748	-0.519652	0.088235	
A/duck/Hunan/01.16_YYGK21	0.3062	0.2716	0.4275	0.2792	0.157	-0.135	0.349	54.01	0.419	0.432	711	757	-0.503963	0.088507	
A/duck/Hunan/1.17_YYGKK80	0.3076	0.2612	0.4475	0.2634	0.158	-0.135	0.349	52.14	0.401	0.426	711	757	-0.496697	0.088507	
A/duck/Hunan/01.21_YYFQH0	0.3062	0.2751	0.4247	0.2809	0.161	-0.127	0.354	54.08	0.422	0.431	711	757	-0.498547	0.088507	
A/duck/Hunan/01.21_YYFQH0	0.3045	0.2734	0.4203	0.2883	0.156	-0.136	0.349	53.93	0.426	0.432	711	757	-0.502774	0.088507	
A/duck/Hunan/01.21_YYFQH0	0.3068	0.2738	0.4221	0.2843	0.160	-0.129	0.353	53.93	0.423	0.432	711	757	-0.498547	0.088507	
A/duck/Hunan/01.21_YYFQH0	0.3102	0.2704	0.4319	0.2754	0.161	-0.125	0.356	54.19	0.414	0.426	711	757	-0.500661	0.088507	
A/duck/Hunan/01.21_YYFQH0	0.3053	0.2737	0.4267	0.2817	0.160	-0.131	0.353	53.89	0.421	0.431	703	748	-0.514171	0.088235	
A/duck/Hunan/2.06_YYGK77J	0.2926	0.2806	0.4224	0.2871	0.161	-0.108	0.364	53.73	0.433	0.436	712	757	-0.482299	0.088507	
A/duck/Hunan/2.06_YYGK78J	0.2978	0.2754	0.4268	0.2837	0.160	-0.106	0.365	54.49	0.426	0.434	712	757	-0.482563	0.088507	
A/duck/Hunan/2.06_YYGK84J	0.2926	0.2806	0.4224	0.2871	0.161	-0.108	0.364	53.73	0.433	0.436	712	757	-0.482299	0.088507	
A/duck/Hunan/2.06_YYGK92J	0.2926	0.2806	0.4224	0.2871	0.161	-0.108	0.364	53.73	0.433	0.436	712	757	-0.482299	0.088507	
A/duck/Hunan/02.07__YYFQH	0.3073	0.2743	0.4309	0.2754	0.162	-0.124	0.356	54.26	0.417	0.428	710	757	-0.504095	0.088507	
A/duck/Hunan/02.07__YYFQH	0.3073	0.2743	0.4309	0.2754	0.162	-0.124	0.356	54.26	0.417	0.428	710	757	-0.504095	0.088507	
A/duck/Hunan/02.07_YYFQH0	0.3035	0.2719	0.4223	0.2892	0.155	-0.141	0.347	53.72	0.425	0.433	703	748	-0.518449	0.088235	
A/duck/Hunan/02.07_YYFQH0	0.3063	0.2729	0.4330	0.2762	0.161	-0.129	0.355	54.09	0.416	0.428	702	748	-0.519786	0.088235	
A/duck/Hunan/02.07_YYFQH0	0.3035	0.2719	0.4223	0.2892	0.155	-0.141	0.347	53.72	0.425	0.433	703	748	-0.518449	0.088235	
A/duck/Hunan/02.16_YYGK28	0.3053	0.2702	0.4296	0.2800	0.156	-0.140	0.347	53.81	0.418	0.432	703	748	-0.519652	0.088235	
A/duck/Hunan/02.26__YYFQH	0.3062	0.2716	0.4275	0.2792	0.157	-0.135	0.349	54.01	0.419	0.432	711	757	-0.503963	0.088507	
A/duck/Hunan/02.26__YYFQH	0.3062	0.2716	0.4275	0.2792	0.157	-0.135	0.349	54.01	0.419	0.432	711	757	-0.503963	0.088507	
A/duck/Hunan/02.26__YYGK2	0.3062	0.2716	0.4275	0.2792	0.157	-0.135	0.349	54.01	0.419	0.432	711	757	-0.503963	0.088507	
A/duck/Hunan/02.26__YYGK0	0.3092	0.2694	0.4247	0.2823	0.155	-0.138	0.347	54.23	0.419	0.430	711	757	-0.503567	0.088507	
A/duck/Hunan/02.26_YYFQH2	0.3092	0.2694	0.4301	0.2769	0.156	-0.138	0.347	54.00	0.415	0.429	711	757	-0.502642	0.088507	
A/duck/Hunan/02.26_YYFQH2	0.3053	0.2702	0.4296	0.2800	0.156	-0.140	0.347	53.81	0.418	0.432	703	748	-0.519652	0.088235	
A/duck/Hunan/02.26_YYFQH3	0.3062	0.2716	0.4275	0.2787	0.158	-0.133	0.350	53.96	0.419	0.432	711	757	-0.511361	0.088507	
A/duck/Hunan/02.26_YYFQHY	0.3063	0.2729	0.4330	0.2762	0.161	-0.126	0.356	54.15	0.416	0.428	702	748	-0.522727	0.088235	
A/duck/Hunan/02.26_YYGK25	0.3094	0.2657	0.4260	0.2851	0.154	-0.147	0.344	54.24	0.418	0.430	704	748	-0.521791	0.088235	
A/duck/Hunan/02.26_YYGK25	0.3062	0.2716	0.4275	0.2792	0.157	-0.135	0.349	54.01	0.419	0.432	711	757	-0.503963	0.088507	
A/duck/Hunan/02.26_YYGK26	0.3092	0.2694	0.4247	0.2829	0.156	-0.136	0.349	54.16	0.419	0.430	711	757	-0.502642	0.088507	
A/duck/Hunan/02.26_YYGK26	0.3100	0.2662	0.4267	0.2837	0.155	-0.143	0.346	54.07	0.417	0.430	703	748	-0.518315	0.088235	
A/duck/Hunan/02.26_YYGK27	0.3074	0.2712	0.4247	0.2829	0.156	-0.136	0.349	54.14	0.421	0.431	711	757	-0.502642	0.088507	
A/duck/Hunan/02.26_YYGK27	0.3092	0.2694	0.4247	0.2829	0.156	-0.136	0.349	54.16	0.419	0.430	711	757	-0.502642	0.088507	
A/duck/Hunan/02.26_YYGKY2	0.3062	0.2716	0.4275	0.2792	0.157	-0.135	0.349	54.01	0.419	0.432	711	757	-0.503963	0.088507	
A/duck/Hunan/02.26_YYGQH2	0.3053	0.2702	0.4314	0.2780	0.156	-0.142	0.346	53.68	0.417	0.431	703	748	-0.519652	0.088235	
A/duck/Hunan/03.07_YYGK1L	0.2629	0.2938	0.4583	0.2633	0.161	-0.079	0.380	52.05	0.429	0.433	711	757	-0.504492	0.088507	
A/duck/Hunan/03.07_YYGK4L	0.2978	0.2719	0.4529	0.2569	0.162	-0.109	0.364	51.71	0.405	0.428	711	757	-0.504227	0.088507	
A/duck/Hunan/03.07_YYGK25	0.2892	0.2840	0.4224	0.2871	0.161	-0.108	0.364	53.72	0.435	0.437	712	757	-0.482299	0.088507	
A/duck/Hunan/03.07_YYGK31	0.2914	0.2792	0.4189	0.2940	0.160	-0.108	0.365	53.78	0.436	0.438	704	748	-0.497727	0.088235	
A/duck/Hunan/03.09_YYFQH0	0.2735	0.2979	0.4099	0.3052	0.161	-0.109	0.366	52.38	0.459	0.443	703	748	-0.507888	0.088235	
A/duck/Hunan/03.09_YYFQH0	0.2988	0.2746	0.4195	0.2937	0.160	-0.107	0.365	54.41	0.431	0.434	712	758	-0.506464	0.088390	
A/duck/Hunan/03.09_YYFQH0	0.3040	0.2746	0.4293	0.2758	0.157	-0.118	0.359	53.79	0.419	0.432	711	757	-0.500000	0.088507	
A/duck/Hunan/03.24_YYGK18	0.3024	0.2698	0.4224	0.2877	0.157	-0.110	0.362	55.04	0.424	0.434	712	757	-0.482695	0.088507	
A/duck/Hunan/03.24_YYGK21	0.3024	0.2698	0.4206	0.2897	0.157	-0.113	0.361	55.06	0.426	0.435	712	757	-0.482695	0.088507	
A/duck/Hunan/03.24_YYGK17	0.3019	0.2693	0.4242	0.2883	0.156	-0.114	0.360	54.92	0.424	0.433	713	757	-0.482959	0.088507	
A/duck/Hunan/03.24_YYGK17	0.3024	0.2698	0.4224	0.2877	0.157	-0.110	0.362	55.04	0.424	0.434	712	757	-0.482695	0.088507	
A/duck/Hunan/04.14_YYGK06	0.3062	0.2751	0.4283	0.2769	0.160	-0.127	0.354	54.16	0.419	0.430	711	757	-0.498547	0.088507	
A/duck/Hunan/04.14_YYGK04	0.3076	0.2689	0.4370	0.2773	0.159	-0.124	0.356	54.63	0.412	0.425	674	718	-0.525766	0.084958	
A/duck/Hunan/04.14_YYGK45	0.3088	0.2702	0.4341	0.2736	0.156	-0.134	0.351	53.57	0.413	0.428	703	748	-0.517513	0.088235	
A/duck/Hunan/04.14_YYGK46	0.3097	0.2716	0.4319	0.2729	0.157	-0.129	0.353	53.76	0.414	0.428	711	757	-0.501849	0.088507	
A/duck/Hunan/04.14_YYGK46	0.3062	0.2751	0.4283	0.2763	0.161	-0.124	0.356	54.21	0.419	0.431	711	757	-0.498943	0.088507	
A/duck/Hunan/04.14_YYGK46	0.3062	0.2751	0.4283	0.2769	0.160	-0.127	0.354	54.16	0.419	0.430	711	757	-0.498547	0.088507	
A/duck/Hunan/04.14_YYGK47	0.3062	0.2751	0.4301	0.2749	0.159	-0.129	0.353	54.19	0.418	0.430	711	757	-0.498547	0.088507	
A/duck/Hunan/04.14_YYGK08	0.3092	0.2712	0.4330	0.2729	0.157	-0.130	0.353	53.77	0.413	0.428	712	757	-0.498415	0.088507	
A/duck/Hunan/04.14_YYXS87	0.3092	0.2712	0.4330	0.2729	0.157	-0.130	0.353	53.77	0.413	0.428	712	757	-0.498415	0.088507	
A/duck/Hunan/04.22_LDDX03	0.2971	0.2781	0.4156	0.2968	0.160	-0.111	0.363	54.46	0.436	0.436	711	757	-0.498283	0.088507	
A/duck/Hunan/7.21_YYGK41Y	0.2937	0.2762	0.4234	0.2906	0.159	-0.109	0.364	54.36	0.431	0.436	703	748	-0.494251	0.088235	
A/duck/Hunan/11.30_YYGK59	0.2955	0.2698	0.4304	0.2840	0.156	-0.125	0.354	53.05	0.423	0.434	711	757	-0.498019	0.088507	
A/duck/Hunan/11.30_YYGK62	0.2960	0.2754	0.4206	0.2911	0.162	-0.106	0.365	54.44	0.431	0.436	712	757	-0.482299	0.088507	
A/duck/Hunan/11.30_YYGK63	0.2978	0.2737	0.4224	0.2891	0.162	-0.106	0.365	54.55	0.428	0.435	712	757	-0.482299	0.088507	
A/duck/Hunan/11.30_YYGK74	0.2801	0.2818	0.4312	0.2880	0.157	-0.132	0.350	51.63	0.436	0.435	711	757	-0.505680	0.088507	
A/duck/Hunan/11.30_YYGK75	0.2806	0.2823	0.4312	0.2880	0.158	-0.132	0.350	51.70	0.436	0.434	711	757	-0.504888	0.088507	
A/duck/Hunan/12.07__YYGK4	0.3046	0.2685	0.4356	0.2744	0.157	-0.119	0.357	54.35	0.414	0.429	711	757	-0.503038	0.088507	
A/duck/Hunan/12.07__YYGK9	0.2931	0.2759	0.4309	0.2843	0.156	-0.118	0.358	54.21	0.427	0.434	710	757	-0.503038	0.088507	
A/duck/Hunan/12.07__YYGK1	0.2953	0.2763	0.4203	0.2942	0.159	-0.116	0.360	54.45	0.433	0.436	711	757	-0.499075	0.088507	
A/duck/Hunan/12.07__YYGK1	0.2953	0.2763	0.4221	0.2922	0.159	-0.116	0.360	54.27	0.432	0.435	711	757	-0.499075	0.088507	
A/duck/Hunan/12.07__YYGK1	0.3092	0.2694	0.4283	0.2789	0.157	-0.136	0.349	54.02	0.416	0.429	711	757	-0.502642	0.088507	
A/duck/Hunan/12.07_YGK098	0.2953	0.2763	0.4185	0.2962	0.160	-0.113	0.361	54.44	0.435	0.436	711	757	-0.499075	0.088507	
A/duck/Hunan/12.07_YYGK00	0.2931	0.2759	0.4309	0.2843	0.156	-0.118	0.358	54.21	0.427	0.434	710	757	-0.503038	0.088507	
A/duck/Hunan/12.07_YYGK03	0.3070	0.2684	0.4296	0.2811	0.156	-0.141	0.347	53.91	0.417	0.430	703	748	-0.518315	0.088235	
A/duck/Hunan/12.07_YYGK68	0.3082	0.2680	0.4322	0.2777	0.156	-0.141	0.347	53.73	0.414	0.429	703	748	-0.518315	0.088235	
A/duck/Hunan/12.07_YYGK10	0.3034	0.2655	0.4356	0.2783	0.157	-0.118	0.358	54.31	0.414	0.431	710	757	-0.498547	0.088507	
A/duck/Hunan/12.07_YYGK10	0.2953	0.2746	0.4257	0.2903	0.159	-0.118	0.359	54.22	0.429	0.435	711	757	-0.499075	0.088507	
A/duck/Hunan/12.07_YYGK11	0.2953	0.2746	0.4257	0.2903	0.159	-0.118	0.359	54.22	0.429	0.435	711	757	-0.499075	0.088507	
A/duck/Hunan/12.17__YYFQH	0.2988	0.2746	0.4177	0.2956	0.159	-0.110	0.364	54.38	0.433	0.435	712	758	-0.506464	0.088390	
A/duck/Hunan/12.17__YYFQH	0.3022	0.2712	0.4167	0.2962	0.159	-0.113	0.361	54.33	0.430	0.434	711	757	-0.502510	0.088507	
A/duck/Hunan/12.17__YYGK0	0.3097	0.2682	0.4374	0.2709	0.157	-0.134	0.350	53.81	0.409	0.427	711	757	-0.501453	0.088507	
A/duck/Hunan/12.17_YYGK01	0.3065	0.2697	0.4351	0.2751	0.159	-0.126	0.355	54.01	0.413	0.428	704	748	-0.514973	0.088235	
A/duck/Hunan/12.17_YYGK04	0.3065	0.2697	0.4351	0.2751	0.159	-0.126	0.355	54.01	0.413	0.428	704	748	-0.514973	0.088235	
A/duck/Hunan/12.17_YYGK05	0.3030	0.2732	0.4314	0.2766	0.157	-0.120	0.358	53.71	0.418	0.432	703	748	-0.515642	0.088235	
A/duck/Hunan/12.17_YYGK00	0.3073	0.2743	0.4309	0.2754	0.162	-0.124	0.356	54.26	0.417	0.428	710	757	-0.504095	0.088507	
A/duck/Hunan/12.17_YYGK00	0.3074	0.2712	0.4330	0.2744	0.160	-0.122	0.357	54.17	0.414	0.428	712	757	-0.499340	0.088507	
A/duck/Hunan/12.17_YYGK00	0.3022	0.2712	0.4159	0.2976	0.159	-0.112	0.362	54.38	0.431	0.434	712	758	-0.506464	0.088390	
A/duck/Hunan/12.17_YYGK07	0.3065	0.2697	0.4351	0.2751	0.159	-0.126	0.355	54.01	0.413	0.428	704	748	-0.514973	0.088235	
A/duck/Hunan/12.17_YYGK08	0.2995	0.2767	0.4296	0.2786	0.157	-0.118	0.360	53.58	0.422	0.433	703	748	-0.515642	0.088235	
A/duck/Hunan/12.27_YYGK60	0.3064	0.2668	0.4547	0.2510	0.159	-0.117	0.359	51.35	0.397	0.425	711	757	-0.505152	0.088507	
A/duck/Hunan/12.27_YYGK71	0.3076	0.2629	0.4457	0.2634	0.157	-0.135	0.349	52.07	0.402	0.426	711	757	-0.496697	0.088507	
A/duck/Hunan/12.27_YYGK73	0.3064	0.2668	0.4529	0.2530	0.159	-0.115	0.360	51.39	0.398	0.425	711	757	-0.504095	0.088507	
A/duck/Hunan/12.27_YYGK81	0.3093	0.2612	0.4457	0.2634	0.157	-0.138	0.347	52.08	0.401	0.426	711	757	-0.496697	0.088507	
A/duck/Hunan/12.27_YYGK86	0.3064	0.2651	0.4557	0.2505	0.158	-0.119	0.357	51.42	0.395	0.424	711	757	-0.503831	0.087186	
A/duck/Hunan/12.27_YYGK89	0.3076	0.2629	0.4457	0.2634	0.157	-0.135	0.349	52.07	0.402	0.426	711	757	-0.496697	0.088507	
A/duck/Hunan/12.27_YYGK91	0.3076	0.2629	0.4457	0.2634	0.157	-0.135	0.349	52.07	0.402	0.426	711	757	-0.496697	0.088507	
A/duck/Hunan/12.27_YYGK93	0.3076	0.2629	0.4457	0.2634	0.157	-0.135	0.349	52.07	0.402	0.426	711	757	-0.496697	0.088507	
A/duck/Hunan/12.27_YYGK95	0.3076	0.2629	0.4457	0.2634	0.157	-0.135	0.349	52.07	0.402	0.426	711	757	-0.496697	0.088507	
A/duck/Hunan/12.27_YYGK96	0.3076	0.2629	0.4457	0.2634	0.158	-0.135	0.349	52.10	0.402	0.426	711	757	-0.493791	0.089828	
A/duck/Hunan/12.27_YYGK97	0.3076	0.2629	0.4457	0.2634	0.157	-0.135	0.349	52.07	0.402	0.426	711	757	-0.496697	0.088507	
A/duck/Hunan/12.27_YYGK10	0.3076	0.2629	0.4457	0.2634	0.157	-0.135	0.349	52.07	0.402	0.426	711	757	-0.496697	0.088507	
A/duck/Hunan/193/2014|EPI	0.2931	0.2793	0.4123	0.3010	0.161	-0.109	0.364	54.92	0.441	0.439	712	757	-0.502906	0.088507	
A/duck/Hunan/233/2014|EPI	0.2988	0.2781	0.4312	0.2763	0.157	-0.118	0.359	53.97	0.422	0.432	711	757	-0.499604	0.088507	
A/duck/Hunan/316/2005|EPI	0.3056	0.2604	0.4402	0.2823	0.155	-0.146	0.343	53.22	0.411	0.426	711	757	-0.495641	0.088507	
A/duck/Hunan/689/2006|EPI	0.3033	0.2634	0.4330	0.2846	0.158	-0.132	0.351	53.98	0.417	0.430	710	757	-0.493923	0.088507	
A/duck/Hunan/3315/2006|EP	0.3010	0.2664	0.4293	0.2897	0.156	-0.138	0.347	54.23	0.422	0.431	711	757	-0.488243	0.088507	
A/duck/Hunan/HN05/2014|EP	0.2953	0.2763	0.4185	0.2962	0.160	-0.111	0.363	54.72	0.435	0.436	711	757	-0.499075	0.088507	
A/duck/Hunan/HN13/2015|EP	0.2948	0.2828	0.4159	0.2917	0.160	-0.106	0.365	54.21	0.437	0.437	712	757	-0.496037	0.088507	
A/duck/Hunan/HN16/2015|EP	0.2988	0.2763	0.4257	0.2843	0.157	-0.118	0.359	54.16	0.426	0.434	711	757	-0.499075	0.088507	
A/duck/Hunan/HN29/2015|EP	0.2971	0.2746	0.4149	0.3002	0.156	-0.125	0.354	54.70	0.436	0.436	711	757	-0.504491	0.088507	
A/duck/Hunan/HN42/2015|EP	0.3057	0.2712	0.4366	0.2698	0.157	-0.121	0.357	52.96	0.412	0.428	711	757	-0.500000	0.088507	
A/duck/Hunan/HN45/2015|EP	0.2953	0.2763	0.4149	0.3002	0.156	-0.123	0.356	54.81	0.437	0.437	711	757	-0.504491	0.088507	
A/duck/Hunan/HN53/2015|EP	0.2953	0.2763	0.4149	0.3002	0.156	-0.123	0.356	54.60	0.437	0.437	711	757	-0.504491	0.088507	
A/duck/Hunan/HN54/2015|EP	0.2953	0.2763	0.4167	0.2982	0.156	-0.120	0.357	54.62	0.436	0.436	711	757	-0.504491	0.088507	
A/duck/Hunan/HN59/2015|EP	0.2971	0.2746	0.4149	0.3008	0.155	-0.125	0.354	54.77	0.436	0.436	711	757	-0.497622	0.088507	
A/duck/Hunan/HN60/2015|EP	0.2966	0.2741	0.4159	0.3002	0.155	-0.126	0.354	54.67	0.435	0.436	712	757	-0.501057	0.088507	
A/duck/Hunan/HN61/2015|EP	0.2971	0.2746	0.4149	0.3002	0.156	-0.125	0.354	54.70	0.436	0.436	711	757	-0.504491	0.088507	
A/duck/Hunan/HN64/2015|EP	0.2953	0.2763	0.4149	0.3002	0.156	-0.123	0.356	54.81	0.437	0.437	711	757	-0.504491	0.088507	
A/duck/Hunan/HN66/2015|EP	0.2941	0.2768	0.4159	0.2996	0.157	-0.120	0.357	54.78	0.437	0.437	711	757	-0.505020	0.088507	
A/duck/Hunan/HN67/2015|EP	0.2971	0.2746	0.4149	0.3002	0.156	-0.125	0.354	54.70	0.436	0.436	711	757	-0.504491	0.088507	
A/duck/Hunan/HN71/2015|EP	0.3057	0.2712	0.4293	0.2778	0.157	-0.123	0.356	53.67	0.418	0.431	711	757	-0.499472	0.088507	
A/duck/Hunan/HN72/2015|EP	0.3022	0.2729	0.4293	0.2792	0.157	-0.118	0.359	53.97	0.421	0.432	711	757	-0.500396	0.088507	
A/duck/Hunan/HN74/2015|EP	0.3040	0.2729	0.4384	0.2679	0.158	-0.118	0.359	53.27	0.412	0.428	711	757	-0.500529	0.088507	
A/duck/Hunan/HN76/2015|EP	0.3022	0.2746	0.4312	0.2752	0.158	-0.118	0.359	53.77	0.419	0.432	711	757	-0.500396	0.088507	
A/duck/Hunan/HN78/2015|EP	0.2971	0.2746	0.4149	0.3002	0.156	-0.125	0.354	54.70	0.436	0.436	711	757	-0.504491	0.088507	
A/duck/Hunan/HN80/2015|EP	0.3005	0.2746	0.4293	0.2798	0.158	-0.121	0.357	54.04	0.422	0.433	711	757	-0.499472	0.088507	
A/duck/Hunan/HN162/2015|E	0.2943	0.2806	0.4094	0.3022	0.158	-0.121	0.357	54.67	0.442	0.439	712	757	-0.496037	0.088507	
A/duck/Hunan/HN163/2015|E	0.2971	0.2763	0.4203	0.2922	0.160	-0.116	0.360	54.30	0.432	0.435	711	757	-0.499075	0.088507	
A/duck/Hunan/HN167/2015|E	0.2926	0.2823	0.4094	0.3022	0.158	-0.119	0.358	54.71	0.444	0.439	712	757	-0.496037	0.088507	
A/duck/Hunan/HN171/2015|E	0.2938	0.2801	0.4094	0.3042	0.158	-0.122	0.356	54.55	0.443	0.439	713	757	-0.508587	0.088507	
A/duck/Hunan/HN172/2015|E	0.2926	0.2823	0.4094	0.3022	0.158	-0.119	0.358	54.71	0.444	0.439	712	757	-0.496037	0.088507	
A/duck/Hunan/HN174/2015|E	0.2926	0.2823	0.4094	0.3022	0.158	-0.119	0.358	54.71	0.444	0.439	712	757	-0.496037	0.088507	
A/duck/Hunan/HN176/2015|E	0.2926	0.2823	0.4094	0.3022	0.158	-0.119	0.358	54.71	0.444	0.439	712	757	-0.496037	0.088507	
A/duck/Hunan/HN177/2015|E	0.2943	0.2806	0.4076	0.3042	0.158	-0.124	0.355	54.68	0.444	0.439	712	757	-0.496037	0.088507	
A/duck/Hunan/HN178/2015|E	0.2943	0.2806	0.4094	0.3022	0.158	-0.121	0.357	54.67	0.442	0.439	712	757	-0.496037	0.088507	
A/duck/Hunan/HN182/2015|E	0.2943	0.2806	0.4094	0.3022	0.158	-0.121	0.357	54.67	0.442	0.439	712	757	-0.496037	0.088507	
A/duck/Hunan/HN183/2015|E	0.2943	0.2806	0.4094	0.3022	0.158	-0.121	0.357	54.67	0.442	0.439	712	757	-0.496037	0.088507	
A/duck/Hunan/HN186/2015|E	0.2943	0.2806	0.4094	0.3022	0.158	-0.121	0.357	54.67	0.442	0.439	712	757	-0.496037	0.088507	
A/duck/Hunan/HN190/2015|E	0.2943	0.2823	0.4076	0.3022	0.158	-0.119	0.358	54.79	0.444	0.439	712	757	-0.496037	0.088507	
A/duck/Hunan/HN191/2015|E	0.2971	0.2763	0.4203	0.2922	0.160	-0.116	0.360	54.30	0.432	0.435	711	757	-0.499075	0.088507	
A/duck/Hunan/HN192/2015|E	0.2943	0.2806	0.4094	0.3022	0.158	-0.121	0.357	54.67	0.442	0.439	712	757	-0.496037	0.088507	
A/duck/Hunan/HN194/2015|E	0.2943	0.2806	0.4094	0.3022	0.158	-0.121	0.357	54.67	0.442	0.439	712	757	-0.496037	0.088507	
A/duck/Hunan/HN195/2015|E	0.2943	0.2806	0.4094	0.3022	0.158	-0.121	0.357	54.67	0.442	0.439	712	757	-0.496037	0.088507	
A/duck/Hunan/HN197/2015|E	0.2926	0.2823	0.4094	0.3022	0.158	-0.119	0.358	54.71	0.444	0.439	712	757	-0.496037	0.088507	
A/duck/Hunan/HN201/2015|E	0.2943	0.2806	0.4094	0.3022	0.158	-0.121	0.357	54.67	0.442	0.439	712	757	-0.496037	0.088507	
A/duck/Hunan/HN204/2015|E	0.2921	0.2835	0.4083	0.3028	0.158	-0.119	0.358	54.74	0.445	0.439	712	757	-0.496037	0.088507	
A/duck/Hunan/HN205/2015|E	0.2926	0.2823	0.4094	0.3022	0.158	-0.119	0.358	54.70	0.444	0.439	712	757	-0.496565	0.088507	
A/duck/Hunan/HN206/2015|E	0.2921	0.2818	0.4123	0.2996	0.157	-0.121	0.356	54.68	0.442	0.438	713	757	-0.493527	0.088507	
A/duck/Hunan/HN207/2015|E	0.2943	0.2806	0.4094	0.3022	0.158	-0.121	0.357	54.93	0.442	0.439	712	757	-0.496037	0.088507	
A/duck/Hunan/HN208/2015|E	0.2943	0.2806	0.4112	0.3008	0.158	-0.119	0.358	54.71	0.441	0.438	712	757	-0.495112	0.088507	
A/duck/Hunan/HN209/2015|E	0.2926	0.2823	0.4094	0.3016	0.159	-0.117	0.360	54.82	0.444	0.439	712	757	-0.502906	0.088507	
A/duck/Hunan/HN210/2015|E	0.2926	0.2823	0.4094	0.3022	0.158	-0.119	0.358	54.71	0.444	0.439	712	757	-0.496037	0.088507	
A/duck/Hunan/HN212/2015|E	0.2943	0.2788	0.4112	0.3022	0.157	-0.124	0.355	54.53	0.441	0.438	712	757	-0.496037	0.088507	
A/duck/Hunan/HN214/2015|E	0.2953	0.2815	0.4192	0.2914	0.161	-0.105	0.367	54.50	0.435	0.435	711	757	-0.497358	0.088507	
A/duck/Hunan/HN215/2015|E	0.2960	0.2788	0.4094	0.3022	0.158	-0.124	0.355	54.74	0.441	0.438	712	757	-0.496037	0.088507	
A/duck/Hunan/HN216/2015|E	0.2971	0.2763	0.4203	0.2922	0.160	-0.116	0.360	54.30	0.432	0.435	711	757	-0.499075	0.088507	
A/duck/Hunan/HN217/2015|E	0.2971	0.2763	0.4203	0.2922	0.160	-0.116	0.360	54.30	0.432	0.435	711	757	-0.499075	0.088507	
A/duck/Hunan/HN220/2015|E	0.2943	0.2806	0.4094	0.3022	0.158	-0.121	0.357	54.67	0.442	0.439	712	757	-0.496037	0.088507	
A/duck/Hunan/HN221/2015|E	0.2926	0.2823	0.4094	0.3022	0.159	-0.119	0.358	54.69	0.444	0.439	712	757	-0.496037	0.088507	
A/duck/Hunan/HN224/2015|E	0.2926	0.2823	0.4094	0.3022	0.158	-0.119	0.358	54.71	0.444	0.439	712	757	-0.496037	0.088507	
A/duck/Hunan/HN227/2015|E	0.2926	0.2823	0.4094	0.3022	0.158	-0.119	0.358	54.71	0.444	0.439	712	757	-0.496037	0.088507	
A/duck/Hunan/HN230/2015|E	0.2926	0.2823	0.4094	0.3022	0.158	-0.119	0.358	54.71	0.444	0.439	712	757	-0.496037	0.088507	
A/duck/Hunan/HN232/2015|E	0.2971	0.2763	0.4203	0.2922	0.160	-0.116	0.360	54.30	0.432	0.435	711	757	-0.499075	0.088507	
A/duck/Hunan/HN234/2015|E	0.2953	0.2815	0.4192	0.2908	0.161	-0.105	0.367	54.43	0.435	0.435	711	757	-0.504227	0.088507	
A/duck/Hunan/HN236/2015|E	0.2953	0.2815	0.4192	0.2914	0.161	-0.105	0.367	54.50	0.435	0.435	711	757	-0.497358	0.088507	
A/duck/Hunan/HN238/2015|E	0.2953	0.2815	0.4192	0.2914	0.161	-0.105	0.367	54.50	0.435	0.435	711	757	-0.497358	0.088507	
A/duck/Hunan/HN239/2015|E	0.2953	0.2763	0.4221	0.2922	0.159	-0.116	0.360	54.62	0.432	0.435	711	757	-0.499075	0.088507	
A/duck/Hunan/HN240/2015|E	0.2953	0.2815	0.4192	0.2914	0.161	-0.105	0.367	54.50	0.435	0.435	711	757	-0.497358	0.088507	
A/duck/Hunan/HN241/2015|E	0.2953	0.2763	0.4203	0.2942	0.159	-0.118	0.359	54.65	0.433	0.436	711	757	-0.499075	0.088507	
A/duck/Hunan/HN242/2015|E	0.2958	0.2820	0.4192	0.2914	0.162	-0.103	0.368	54.61	0.435	0.434	711	757	-0.496565	0.088507	
A/duck/Hunan/HN278/2015|E	0.2948	0.2810	0.4149	0.2948	0.156	-0.113	0.361	54.65	0.437	0.437	711	757	-0.492999	0.088507	
A/duck/Hunan/HN285/2015|E	0.2958	0.2820	0.4203	0.2894	0.156	-0.116	0.360	54.26	0.433	0.435	711	757	-0.496037	0.088507	
A/duck/Hunan/HN288/2015|E	0.2931	0.2810	0.4167	0.2948	0.156	-0.110	0.363	54.45	0.437	0.437	711	757	-0.492999	0.088507	
A/duck/Hunan/HN333/2015|E	0.2941	0.2820	0.4229	0.2883	0.163	-0.099	0.370	54.65	0.433	0.435	711	757	-0.503302	0.088507	
A/duck/Hunan/HN334/2015|E	0.2936	0.2815	0.4247	0.2863	0.162	-0.096	0.371	54.81	0.432	0.435	711	757	-0.504095	0.088507	
A/duck/Hunan/HN335/2015|E	0.2936	0.2815	0.4247	0.2857	0.163	-0.096	0.371	54.64	0.432	0.435	711	757	-0.504491	0.088507	
A/duck/Hunan/HN336/2015|E	0.2941	0.2820	0.4247	0.2863	0.162	-0.093	0.373	54.65	0.432	0.435	711	757	-0.508322	0.088507	
A/duck/Hunan/HN339/2015|E	0.2931	0.2828	0.4167	0.2917	0.159	-0.108	0.364	54.76	0.437	0.438	711	757	-0.495905	0.088507	
A/duck/Hunan/HN341/2015|E	0.2936	0.2815	0.4247	0.2863	0.162	-0.096	0.371	54.58	0.432	0.435	711	757	-0.504095	0.088507	
A/duck/Hunan/HN342/2015|E	0.2936	0.2815	0.4247	0.2863	0.162	-0.096	0.371	54.58	0.432	0.435	711	757	-0.504095	0.088507	
A/duck/Hunan/HN343/2015|E	0.2936	0.2815	0.4229	0.2888	0.163	-0.094	0.373	54.65	0.433	0.435	711	757	-0.503170	0.088507	
A/duck/Hunan/S4020/2008|E	0.2966	0.2707	0.4229	0.2988	0.155	-0.138	0.347	54.01	0.431	0.432	712	757	-0.494320	0.088507	
A/duck/Hunan/S4030/2011|E	0.2971	0.2729	0.4257	0.2897	0.161	-0.120	0.357	53.36	0.428	0.435	711	757	-0.490093	0.088507	
A/duck/Hunan/S4101/2011|E	0.2781	0.2919	0.4231	0.2899	0.161	-0.114	0.361	51.57	0.444	0.436	711	757	-0.495641	0.088507	
A/duck/Hunan/S4120/2011|E	0.2763	0.2936	0.4231	0.2899	0.161	-0.117	0.360	51.50	0.446	0.437	711	757	-0.495641	0.088507	
A/duck/Hunan/S4150/2011|E	0.2953	0.2781	0.4164	0.2962	0.161	-0.121	0.356	54.41	0.437	0.436	710	757	-0.494452	0.088507	
A/duck/Hunan/S4220/2011|E	0.2958	0.2768	0.4200	0.2942	0.161	-0.118	0.359	54.27	0.434	0.435	710	757	-0.500132	0.088507	
A/duck/Hunan/S40199/2021(	0.3074	0.2642	0.4376	0.2702	0.155	-0.132	0.351	52.92	0.408	0.428	710	757	-0.486790	0.089828	
A/duck/Hunan/S40268/2021(	0.2995	0.2651	0.4557	0.2609	0.156	-0.131	0.351	51.66	0.402	0.424	712	757	-0.485601	0.088507	
A/duck/Jiangsu/m234/2012|	0.2862	0.2793	0.4242	0.2902	0.158	-0.131	0.352	51.53	0.436	0.435	711	757	-0.500528	0.088507	
A/duck/Jiangsu/S4439/2017	0.2997	0.2671	0.4260	0.2874	0.157	-0.112	0.360	53.80	0.424	0.435	713	757	-0.475958	0.088507	
A/duck/Jiangsu/SE1128/201	0.3019	0.2642	0.4278	0.2885	0.157	-0.117	0.358	53.63	0.421	0.433	713	757	-0.474373	0.088507	
A/duck/Jiangxi/01.11_NCNP	0.2983	0.2741	0.4159	0.2950	0.161	-0.110	0.363	54.56	0.433	0.437	711	757	-0.485733	0.088507	
A/duck/Jiangxi/01.14_NCJD	0.2806	0.2909	0.4195	0.2913	0.160	-0.118	0.358	52.14	0.445	0.438	712	757	-0.498811	0.088507	
A/duck/Jiangxi/01.14_NCJD	0.3042	0.2622	0.4369	0.2823	0.150	-0.142	0.346	53.74	0.413	0.430	703	748	-0.508155	0.088235	
A/duck/Jiangxi/01.14_NCJD	0.3024	0.2640	0.4369	0.2823	0.150	-0.142	0.346	53.72	0.414	0.430	703	748	-0.508155	0.088235	
A/duck/Jiangxi/02.05_YGYX	0.3042	0.2622	0.4369	0.2823	0.150	-0.142	0.346	53.74	0.413	0.430	703	748	-0.508155	0.088235	
A/duck/Jiangxi/02.06_NCJD	0.3059	0.2605	0.4369	0.2823	0.149	-0.144	0.344	53.83	0.411	0.429	703	748	-0.508155	0.088235	
A/duck/Jiangxi/02.06_NCJD	0.3047	0.2697	0.4451	0.2645	0.159	-0.128	0.354	52.70	0.407	0.428	703	748	-0.521390	0.088235	
A/duck/Jiangxi/2.28_NCNP2	0.2990	0.2732	0.4221	0.2908	0.162	-0.106	0.365	54.08	0.428	0.434	712	757	-0.485997	0.088507	
A/duck/Jiangxi/2.28NCNP23	0.2990	0.2732	0.4221	0.2908	0.162	-0.106	0.365	54.08	0.428	0.434	712	757	-0.485997	0.088507	
A/duck/Jiangxi/03.11_NCHJ	0.3022	0.2660	0.4330	0.2843	0.152	-0.133	0.350	54.10	0.418	0.430	711	757	-0.499075	0.088507	
A/duck/Jiangxi/04.01__NCD	0.2655	0.3017	0.4007	0.3182	0.163	-0.115	0.361	52.03	0.473	0.446	710	757	-0.505284	0.088507	
A/duck/Jiangxi/04.01__NCD	0.2657	0.2990	0.4007	0.3214	0.161	-0.122	0.358	51.99	0.473	0.447	702	748	-0.520989	0.088235	
A/duck/Jiangxi/04.01_NCDZ	0.3086	0.2690	0.4384	0.2679	0.158	-0.118	0.360	54.13	0.409	0.427	712	757	-0.510172	0.088507	
A/duck/Jiangxi/05.07__NCJ	0.2600	0.3037	0.4073	0.3154	0.164	-0.114	0.361	52.20	0.472	0.446	703	748	-0.510963	0.088235	
A/duck/Jiangxi/5.26_NCDZT	0.2798	0.3022	0.3909	0.3135	0.168	-0.088	0.376	54.64	0.469	0.447	710	757	-0.488904	0.088507	
A/duck/Jiangxi/11.17_NCNP	0.3074	0.2608	0.4112	0.3063	0.155	-0.136	0.349	53.39	0.430	0.435	711	757	-0.504491	0.088507	
A/duck/Jiangxi/11.17_NCNP	0.3074	0.2608	0.4112	0.3063	0.155	-0.136	0.349	53.39	0.430	0.435	711	757	-0.504491	0.088507	
A/duck/Jiangxi/11.29_NCDZ	0.3143	0.2556	0.4521	0.2589	0.163	-0.121	0.359	51.43	0.392	0.421	711	757	-0.504756	0.088507	
A/duck/Jiangxi/11.29_NCNP	0.3041	0.2680	0.4503	0.2544	0.160	-0.108	0.364	51.41	0.401	0.426	711	757	-0.493527	0.088507	
A/duck/Jiangxi/11.29_NCNP	0.2880	0.2827	0.4299	0.2809	0.161	-0.099	0.369	53.98	0.430	0.437	704	748	-0.499064	0.088235	
A/duck/Jiangxi/34/2011|EP	0.2936	0.2729	0.4293	0.2891	0.162	-0.114	0.360	54.27	0.428	0.435	711	757	-0.484280	0.088507	
A/duck/Jiangxi/35/2011|EP	0.2793	0.2897	0.4149	0.3016	0.167	-0.090	0.374	51.29	0.450	0.443	711	757	-0.482431	0.088507	
A/duck/Jiangxi/44/2011|EP	0.2719	0.2823	0.4485	0.2795	0.157	-0.115	0.360	52.02	0.430	0.433	712	757	-0.510304	0.088507	
A/duck/Jiangxi/95/2014|EP	0.2948	0.2776	0.4185	0.2942	0.157	-0.123	0.356	54.38	0.435	0.437	711	757	-0.500396	0.088507	
A/duck/Jiangxi/120/2011|E	0.2857	0.2857	0.4065	0.3065	0.157	-0.138	0.346	53.25	0.451	0.437	714	757	-0.481374	0.088507	
A/duck/Jiangxi/130/2011|E	0.3010	0.2699	0.4247	0.2897	0.163	-0.115	0.361	54.37	0.425	0.433	710	757	-0.496697	0.088507	
A/duck/Jiangxi/13469/2014	0.3092	0.2712	0.4283	0.2769	0.156	-0.138	0.347	53.97	0.416	0.429	711	757	-0.502642	0.088507	
A/duck/Jiangxi/13475/2014	0.3092	0.2712	0.4283	0.2769	0.156	-0.138	0.347	53.97	0.416	0.429	711	757	-0.502642	0.088507	
A/duck/Jiangxi/13484/2014	0.3092	0.2712	0.4283	0.2769	0.156	-0.138	0.347	53.97	0.416	0.429	711	757	-0.502642	0.088507	
A/Duck/Jiangxi/50446/2016	0.3126	0.2573	0.4149	0.3010	0.155	-0.139	0.347	53.22	0.423	0.433	711	757	-0.503567	0.088507	
A/Duck/Jiangxi/50455/2016	0.2916	0.2796	0.4231	0.2871	0.157	-0.115	0.360	54.41	0.433	0.437	712	757	-0.478600	0.088507	
A/duck/Jiangxi/E7/2014_(H	0.3030	0.2680	0.4314	0.2837	0.153	-0.135	0.350	53.94	0.418	0.431	703	748	-0.514305	0.088235	
A/duck/Jiangxi/F31/2014(H	0.3012	0.2680	0.4314	0.2857	0.153	-0.135	0.350	54.08	0.420	0.432	703	748	-0.514305	0.088235	
A/duck/Jiangxi/NCDZT1123/	0.3022	0.2694	0.4330	0.2803	0.151	-0.138	0.349	53.92	0.418	0.431	711	757	-0.502378	0.089828	
A/duck/Jiangxi/NCDZT1126/	0.2976	0.2699	0.4245	0.2885	0.154	-0.129	0.352	54.14	0.425	0.434	710	757	-0.501057	0.085865	
A/duck/Jiangxi/S10252/202	0.2793	0.2828	0.4177	0.3037	0.162	-0.118	0.359	51.73	0.447	0.438	711	757	-0.505152	0.088507	
A/duck/Jiangxi/S40833/202	0.2724	0.2931	0.4356	0.2837	0.162	-0.119	0.359	49.88	0.440	0.437	711	757	-0.492734	0.088507	
A/duck/Jilin/04.04_SY002-	0.3007	0.2698	0.4376	0.2727	0.159	-0.109	0.362	53.55	0.414	0.430	712	757	-0.481506	0.088507	
A/duck/Jilin/JL-SIV/2013|	0.3045	0.2647	0.4301	0.2863	0.152	-0.153	0.338	53.22	0.418	0.429	710	757	-0.491017	0.088507	
A/duck/Jilin/S1261/2019(H	0.2933	0.2744	0.4332	0.2801	0.163	-0.108	0.363	54.07	0.424	0.434	713	757	-0.483487	0.088507	
A/duck/Jilin/S4171/2019(H	0.2906	0.2752	0.4306	0.2835	0.157	-0.118	0.357	54.02	0.427	0.435	714	757	-0.489828	0.088507	
A/duck/Kaohsiung/15WB3298	0.2845	0.2897	0.4149	0.2939	0.163	-0.108	0.364	52.58	0.446	0.439	711	757	-0.498018	0.088507	
A/duck/Kaohsiung/20WB0242	0.2806	0.2892	0.4446	0.2663	0.157	-0.143	0.345	50.38	0.426	0.434	711	757	-0.505416	0.088507	
A/duck/Kaohsiung/15010213	0.2690	0.2966	0.4402	0.2742	0.162	-0.100	0.369	51.09	0.438	0.436	710	757	-0.500528	0.088507	
A/duck/Liaoning/LN/2011|E	0.2682	0.2993	0.4213	0.2953	0.159	-0.121	0.357	51.68	0.454	0.441	711	757	-0.495244	0.088507	
A/duck/Nanchang/9789/2013	0.3022	0.2677	0.4384	0.2763	0.156	-0.130	0.352	53.73	0.414	0.430	711	757	-0.504491	0.088507	
A/duck/Nantou/15A3437/201	0.2647	0.3010	0.4446	0.2708	0.162	-0.097	0.371	50.90	0.439	0.435	709	757	-0.507662	0.088507	
A/duck/Nantou/17A0243/201	0.2724	0.2948	0.4372	0.2772	0.164	-0.099	0.370	50.45	0.439	0.435	709	757	-0.501982	0.088507	
A/duck/Ningxia/YG61/2017|	0.2776	0.2862	0.4278	0.2888	0.165	-0.105	0.366	51.47	0.440	0.438	711	757	-0.495244	0.088507	
A/duck/Ningxia/YG71/2017|	0.2776	0.2862	0.4278	0.2888	0.165	-0.105	0.366	51.47	0.440	0.438	711	757	-0.495773	0.088507	
A/duck/Ningxia/YG83/2017|	0.2759	0.2862	0.4260	0.2927	0.164	-0.110	0.363	51.50	0.443	0.439	711	757	-0.495244	0.088507	
A/duck/Pingtung/17A0160/2	0.2712	0.2953	0.4345	0.2806	0.165	-0.096	0.371	50.69	0.441	0.436	709	757	-0.501982	0.088507	
A/duck/Pingtung/18A00003-	0.2766	0.2887	0.4327	0.2826	0.164	-0.099	0.369	50.87	0.438	0.435	710	757	-0.498547	0.088507	
A/duck/Pingtung/18A00076-	0.2660	0.2988	0.4327	0.2846	0.167	-0.086	0.377	50.46	0.447	0.436	709	757	-0.499472	0.089828	
A/duck/Pingtung/18X00077/	0.2828	0.2741	0.4477	0.2776	0.149	-0.132	0.351	50.82	0.421	0.432	712	757	-0.488771	0.088507	
A/duck/Pingtung/15010180/	0.2850	0.2781	0.4185	0.3043	0.157	-0.125	0.354	52.87	0.443	0.435	711	757	-0.501453	0.088507	
A/duck/Pingtung/15010444/	0.2716	0.2976	0.4402	0.2702	0.162	-0.097	0.371	51.30	0.436	0.435	709	757	-0.503963	0.088507	
A/duck/Shandong/009/2008|	0.2651	0.3029	0.4073	0.3103	0.161	-0.100	0.368	53.08	0.468	0.443	711	757	-0.501717	0.088507	
A/duck/Shandong/11.14_DL-	0.2983	0.2672	0.4330	0.2866	0.162	-0.120	0.358	52.41	0.421	0.430	712	757	-0.507133	0.088507	
A/duck/Shandong/11.14_RD/	0.2983	0.2672	0.4330	0.2866	0.162	-0.120	0.358	52.41	0.421	0.430	712	757	-0.507133	0.088507	
A/duck/Shandong/Q1/2013|E	0.3017	0.2638	0.4392	0.2806	0.165	-0.115	0.361	52.62	0.414	0.428	712	757	-0.502378	0.089828	
A/duck/Shandong/SD0261/20	0.2781	0.2867	0.4141	0.3057	0.165	-0.113	0.361	51.79	0.451	0.439	711	757	-0.508851	0.088507	
A/duck/Shandong/SD0263/20	0.2781	0.2867	0.4141	0.3057	0.165	-0.113	0.361	51.79	0.451	0.439	711	757	-0.508851	0.088507	
A/Duck/Shandong/Y01/2009|	0.3034	0.2672	0.4185	0.2956	0.160	-0.115	0.360	54.74	0.428	0.433	711	757	-0.486129	0.088507	
A/Duck/Shandong/Y02/2009|	0.3040	0.2660	0.4185	0.2976	0.162	-0.121	0.357	54.21	0.428	0.432	711	757	-0.485337	0.088507	
A/duck/Sichuan/04.27_NBXJ	0.3038	0.2760	0.4221	0.2863	0.159	-0.130	0.353	54.15	0.426	0.432	711	757	-0.501057	0.088507	
A/duck/Sichuan/04.27_NBXJ	0.3050	0.2721	0.4257	0.2843	0.158	-0.132	0.352	53.94	0.422	0.431	711	757	-0.501849	0.088507	
A/duck/Sichuan/04.27_NBXJ	0.3058	0.2707	0.4296	0.2811	0.158	-0.132	0.353	53.67	0.418	0.430	703	748	-0.520722	0.088235	
A/duck/Sichuan/04.27_NBXJ	0.3050	0.2721	0.4257	0.2843	0.158	-0.132	0.352	53.94	0.422	0.431	711	757	-0.501849	0.088507	
A/duck/Sichuan/04.27_NBXJ	0.3050	0.2738	0.4239	0.2849	0.158	-0.134	0.350	53.65	0.423	0.430	711	757	-0.494980	0.088507	
A/duck/Sichuan/04.27_NCXJ	0.3038	0.2760	0.4221	0.2863	0.159	-0.130	0.353	54.15	0.426	0.432	711	757	-0.501057	0.088507	
A/duck/Sichuan/NCXJ15/201	0.3038	0.2760	0.4221	0.2863	0.159	-0.130	0.353	54.15	0.426	0.432	711	757	-0.501057	0.088507	
A/duck/Sichuan/NCXJ24/201	0.3050	0.2721	0.4257	0.2843	0.158	-0.132	0.352	53.94	0.422	0.431	711	757	-0.501849	0.088507	
A/duck/Sichuan/NCXN10/201	0.2941	0.2803	0.4275	0.2832	0.160	-0.116	0.360	53.99	0.429	0.435	711	757	-0.499604	0.088507	
A/duck/Sichuan/NCXN11/201	0.2941	0.2803	0.4293	0.2812	0.160	-0.116	0.360	53.75	0.428	0.435	711	757	-0.499604	0.088507	
A/duck/Sichuan/S1805/2021	0.2948	0.2707	0.4567	0.2589	0.156	-0.132	0.351	51.81	0.404	0.426	712	757	-0.492206	0.088507	
A/duck/Sichuan/SC4822/202	0.2960	0.2702	0.4575	0.2574	0.156	-0.132	0.351	51.82	0.403	0.425	712	757	-0.491678	0.088507	
A/duck/Sichuan/SC5698/202	0.2943	0.2719	0.4575	0.2574	0.156	-0.132	0.351	51.94	0.404	0.426	712	757	-0.491678	0.088507	
A/duck/Sichuan/SD002/2021	0.2931	0.2724	0.4567	0.2589	0.155	-0.137	0.348	51.77	0.406	0.426	712	757	-0.492206	0.088507	
A/duck/Taichung/15010400-	0.2660	0.2988	0.4446	0.2708	0.162	-0.097	0.371	50.94	0.437	0.436	709	757	-0.508454	0.088507	
A/duck/Tainan/16WB3443-15	0.2746	0.2953	0.4177	0.2953	0.166	-0.111	0.363	51.95	0.451	0.442	711	757	-0.505020	0.088507	
A/duck/Tainan/15010403/20	0.2751	0.2907	0.4069	0.3130	0.162	-0.114	0.361	52.69	0.460	0.445	711	757	-0.507662	0.088507	
A/duck/Tainan/16010024-1/	0.2734	0.2924	0.4465	0.2688	0.161	-0.102	0.368	50.90	0.430	0.433	709	757	-0.504756	0.088507	
A/duck/Taipei/05WB830-1-5	0.2941	0.2855	0.4040	0.3018	0.165	-0.101	0.368	52.63	0.447	0.441	711	757	-0.505680	0.088507	
A/duck/Taipei/18WB0120-1-	0.2763	0.2867	0.4224	0.2992	0.165	-0.097	0.371	52.53	0.447	0.438	712	757	-0.497094	0.088507	
A/duck/Taipei/19WB0235-14	0.2818	0.2887	0.4446	0.2648	0.156	-0.132	0.350	49.70	0.425	0.434	711	757	-0.502114	0.088507	
A/duck/Taiwan/01006/2015|	0.2682	0.2976	0.4428	0.2727	0.162	-0.100	0.370	50.96	0.437	0.435	709	757	-0.507662	0.088507	
A/duck/Taiwan/11213/2013|	0.2682	0.2993	0.4185	0.2978	0.159	-0.120	0.358	52.10	0.456	0.442	710	757	-0.504359	0.088507	
A/duck/Taiwan/11254/2013|	0.2699	0.2976	0.4203	0.2964	0.160	-0.121	0.358	51.71	0.454	0.441	710	757	-0.503435	0.088507	
A/duck/Taiwan/a043/2015|E	0.2620	0.3026	0.4436	0.2777	0.163	-0.098	0.371	51.20	0.443	0.435	671	718	-0.522424	0.086351	
A/duck/Taiwan/a068/2015|E	0.2818	0.2818	0.4152	0.3104	0.158	-0.122	0.357	53.16	0.449	0.435	673	718	-0.515320	0.086351	
A/duck/Taiwan/A3400/2015|	0.2867	0.2781	0.4195	0.2998	0.158	-0.121	0.357	52.79	0.440	0.435	711	757	-0.500925	0.088507	
A/duck/Taiwan/DV1238/2009	0.3040	0.2763	0.4087	0.2964	0.162	-0.120	0.358	53.22	0.435	0.437	712	757	-0.492470	0.088507	
A/duck/Taiwan/DV1241/2009	0.3040	0.2763	0.4087	0.2964	0.162	-0.120	0.358	53.22	0.435	0.437	712	757	-0.492470	0.088507	
A/duck/Taiwan/DV1242/2009	0.3040	0.2763	0.4087	0.2964	0.162	-0.120	0.358	53.22	0.435	0.437	712	757	-0.492470	0.088507	
A/duck/Taoyuan/16010023-1	0.2716	0.2941	0.4491	0.2673	0.162	-0.098	0.371	50.73	0.430	0.433	709	757	-0.506737	0.088507	
A/duck/Wuxi/7249/2015|EPI	0.2995	0.2754	0.4145	0.2968	0.156	-0.120	0.357	54.52	0.435	0.437	711	757	-0.497094	0.089828	
A/duck/Xinjiang/12.18_WLM	0.2766	0.2869	0.4293	0.2880	0.160	-0.122	0.356	51.34	0.440	0.436	711	757	-0.505680	0.088507	
A/duck/Xinjiang/S1066/201	0.3076	0.2612	0.4245	0.2888	0.159	-0.125	0.353	54.38	0.419	0.432	714	757	-0.475826	0.088507	
A/duck/Xinjiang/S1126/201	0.3076	0.2612	0.4288	0.2835	0.158	-0.122	0.353	54.26	0.415	0.431	713	757	-0.467107	0.088507	
A/duck/Yilan/17A0092/2017	0.2712	0.2953	0.4364	0.2787	0.164	-0.101	0.368	50.55	0.440	0.435	709	757	-0.505416	0.088507	
A/duck/Yunlin/15A5019/201	0.2664	0.2976	0.4465	0.2708	0.163	-0.095	0.372	50.70	0.436	0.435	709	757	-0.507662	0.088507	
A/duck/Yunlin/17A0086/201	0.2712	0.2971	0.4364	0.2767	0.165	-0.094	0.372	50.72	0.440	0.435	709	757	-0.505416	0.088507	
A/duck/Yunlin/17A0686/201	0.2712	0.2953	0.4372	0.2803	0.163	-0.098	0.370	50.82	0.440	0.434	709	757	-0.492338	0.088507	
A/duck/Yunlin/18X00007-3/	0.2823	0.2874	0.4213	0.2913	0.162	-0.128	0.353	52.20	0.442	0.437	712	757	-0.498283	0.088507	
A/duck/Yunlin/15010244-1/	0.2677	0.2988	0.4446	0.2688	0.162	-0.100	0.370	50.72	0.436	0.435	709	757	-0.503699	0.088507	
A/duck/Yunlin/15010277/20	0.2958	0.2734	0.4324	0.2835	0.161	-0.126	0.355	53.18	0.424	0.428	713	758	-0.502639	0.088390	
A/duck/Yunlin/15010310-4/	0.2664	0.2993	0.4446	0.2708	0.163	-0.097	0.371	50.93	0.437	0.435	709	757	-0.507662	0.088507	
A/duck/Yunlin/15010318-2/	0.2682	0.2976	0.4428	0.2727	0.163	-0.097	0.371	51.09	0.437	0.436	709	757	-0.512550	0.088507	
A/duck/Yunlin/15010369-1/	0.2664	0.2993	0.4465	0.2688	0.163	-0.095	0.372	50.94	0.436	0.435	709	757	-0.507662	0.088507	
A/duck/Yunlin/15010458-1/	0.2958	0.2734	0.4324	0.2835	0.161	-0.128	0.353	53.14	0.424	0.429	713	758	-0.496042	0.088390	
A/duck/Yunlin/15070002-2/	0.2677	0.2971	0.4491	0.2673	0.162	-0.100	0.370	50.65	0.433	0.434	709	757	-0.507662	0.088507	
A/duck/Yunlin/17110001/20	0.2729	0.2953	0.4309	0.2837	0.164	-0.095	0.371	50.94	0.443	0.436	709	757	-0.488243	0.088507	
A/duck/Yunlin/18060007-3/	0.2746	0.2953	0.4364	0.2763	0.163	-0.098	0.370	50.96	0.437	0.434	709	757	-0.484412	0.088507	
A/duck/Yunnan/03.15_DQWGH	0.3005	0.2712	0.4167	0.2976	0.160	-0.118	0.359	54.45	0.432	0.435	711	757	-0.499472	0.088507	
A/duck/Yunnan/03.16_DQXYL	0.3005	0.2712	0.4167	0.2976	0.160	-0.118	0.359	54.45	0.432	0.435	711	757	-0.499472	0.088507	
A/duck/Yunnan/03.16_DQXYL	0.2633	0.3081	0.4171	0.2956	0.163	-0.103	0.368	52.50	0.462	0.441	710	757	-0.495112	0.088507	
A/duck/Yunnan/03.16_DQXYL	0.3005	0.2712	0.4203	0.2937	0.160	-0.118	0.359	54.40	0.429	0.435	711	757	-0.499472	0.088507	
A/duck/Yunnan/03.16_DQXYL	0.2995	0.2697	0.4186	0.2986	0.159	-0.123	0.357	54.22	0.431	0.436	703	748	-0.515107	0.088235	
A/duck/Yunnan/07.15_DQNPH	0.2971	0.2781	0.4203	0.2897	0.161	-0.103	0.367	54.43	0.432	0.435	711	757	-0.499472	0.088507	
A/duck/Yunnan/07.15_DQNPH	0.2971	0.2781	0.4203	0.2897	0.161	-0.103	0.367	54.51	0.432	0.435	711	757	-0.502774	0.088507	
A/duck/Yunnan/07.15_DQNPH	0.2971	0.2781	0.4185	0.2917	0.161	-0.103	0.367	54.38	0.433	0.436	711	757	-0.499472	0.088507	
A/duck/Yunnan/07.15_DQNPH	0.2971	0.2763	0.4203	0.2917	0.161	-0.106	0.366	54.25	0.432	0.435	711	757	-0.499472	0.088507	
A/duck/Yunnan/S4318/2021(	0.2916	0.2727	0.4603	0.2530	0.154	-0.129	0.353	51.66	0.403	0.427	712	757	-0.489564	0.088507	
A/Duck/Yunnan/YN-2/2016_(	0.2958	0.2820	0.4221	0.2863	0.163	-0.107	0.366	54.23	0.432	0.435	711	757	-0.498283	0.088507	
A/Duck/Yunnan/YN-4/2015__	0.2936	0.2798	0.4239	0.2883	0.162	-0.109	0.364	53.60	0.432	0.436	711	757	-0.499075	0.088507	
A/Duck/Yunnan/YN-9/2016__	0.2958	0.2803	0.4239	0.2863	0.163	-0.109	0.364	53.83	0.430	0.435	711	757	-0.498283	0.088507	
A/Duck/Zhanjiang/15577/20	0.2914	0.2810	0.4182	0.2974	0.158	-0.121	0.357	54.25	0.439	0.436	711	757	-0.496565	0.089828	
A/duck/Zhejiang/02.28_JHZ	0.3057	0.2660	0.4293	0.2854	0.151	-0.135	0.349	54.16	0.418	0.430	711	757	-0.492338	0.088507	
A/duck/Zhejiang/6D18/2013	0.2948	0.2707	0.4402	0.2781	0.163	-0.116	0.360	52.23	0.419	0.429	712	757	-0.497886	0.088507	
A/duck/Zhejiang/77138/201	0.3154	0.2582	0.4330	0.2787	0.158	-0.136	0.349	53.76	0.408	0.428	711	757	-0.514003	0.088507	
A/duck/Zhejiang/727041/20	0.2919	0.2712	0.4291	0.2925	0.158	-0.130	0.352	52.45	0.430	0.434	710	757	-0.504624	0.093791	
A/duck/Zhejiang/727158/20	0.2948	0.2724	0.4273	0.2960	0.155	-0.132	0.351	53.67	0.430	0.433	712	757	-0.491281	0.093791	
A/duck/Zhejiang/925019/20	0.2919	0.2660	0.4394	0.2885	0.161	-0.125	0.355	52.09	0.421	0.430	712	757	-0.506209	0.088507	
A/duck/Zhejiang/925169/20	0.2926	0.2668	0.4465	0.2798	0.161	-0.133	0.351	51.30	0.416	0.428	712	757	-0.508190	0.088507	
A/duck/Zhejiang/1026109/2	0.3074	0.2642	0.4537	0.2574	0.159	-0.131	0.352	52.42	0.398	0.423	711	757	-0.500660	0.088507	
A/duck/Zhejiang/1220092/2	0.3058	0.2646	0.4340	0.2767	0.157	-0.124	0.354	53.92	0.413	0.430	712	757	-0.488639	0.088507	
A/duck/Zhejiang/S4091/201	0.2945	0.2723	0.4260	0.2885	0.158	-0.120	0.356	53.54	0.428	0.436	713	757	-0.474108	0.088507	
A/duck/Zhejiang/S4854/202	0.3000	0.2672	0.4475	0.2688	0.157	-0.121	0.357	52.73	0.409	0.426	712	757	-0.493659	0.088507	
A/duck/Zhejiang/W24/2013|	0.3000	0.2655	0.4384	0.2812	0.163	-0.120	0.358	52.16	0.416	0.428	712	757	-0.506209	0.088507	
A/egret/Jiangsu/SD021/202	0.2793	0.2828	0.4177	0.3037	0.162	-0.118	0.359	51.73	0.447	0.438	711	757	-0.505152	0.088507	
A/Egret/Shangdong/JN529/2	0.3043	0.2643	0.4582	0.2579	0.156	-0.131	0.353	51.47	0.398	0.421	709	757	-0.514531	0.089828	
A/environment/Hunan/HN261	0.3057	0.2712	0.4366	0.2698	0.157	-0.121	0.357	52.96	0.412	0.428	711	757	-0.500000	0.088507	
A/Environment/Shandong/WS	0.2997	0.2700	0.4565	0.2569	0.157	-0.132	0.353	51.82	0.402	0.423	709	757	-0.510040	0.088507	
A/Environment/Shandong/WS	0.2997	0.2700	0.4565	0.2569	0.157	-0.132	0.353	51.82	0.402	0.423	709	757	-0.510040	0.088507	
A/Environment/Shandong/WS	0.2991	0.2713	0.4574	0.2554	0.157	-0.132	0.353	51.82	0.402	0.421	709	757	-0.497886	0.089828	
A/equine/China/61/2010|EP	0.2993	0.2664	0.4312	0.2897	0.155	-0.145	0.343	53.43	0.422	0.430	711	757	-0.493659	0.088507	
A/equine/China/67/2010|EP	0.2993	0.2664	0.4312	0.2897	0.155	-0.145	0.343	53.43	0.422	0.430	711	757	-0.493659	0.088507	
A/equine/China/68/2010|EP	0.2993	0.2664	0.4293	0.2917	0.155	-0.145	0.343	53.57	0.423	0.431	711	757	-0.493659	0.088507	
A/eurasian_eagle-owl/Hena	0.2815	0.2832	0.4159	0.3037	0.165	-0.115	0.360	51.92	0.447	0.438	711	757	-0.505416	0.088507	
A/Eurasian_Teal/Hong_Kong	0.2781	0.2953	0.4438	0.2643	0.161	-0.116	0.360	50.22	0.429	0.434	711	757	-0.500528	0.088507	
A/Eurasian_Teal/Hong_Kong	0.2793	0.2931	0.4412	0.2677	0.160	-0.119	0.358	50.41	0.430	0.435	712	757	-0.497490	0.088507	
A/Eurasian_Wigeon/Hong_Ko	0.2793	0.2931	0.4412	0.2677	0.160	-0.119	0.358	50.41	0.430	0.435	712	757	-0.497490	0.088507	
A/Eurasian_Wigeon/Hong_Ko	0.2793	0.2931	0.4412	0.2677	0.160	-0.119	0.358	50.41	0.430	0.435	712	757	-0.497490	0.088507	
A/Falcated_Duck/Ningxia/4	0.2781	0.2832	0.4134	0.3091	0.166	-0.113	0.361	52.20	0.451	0.442	711	757	-0.497226	0.088507	
A/Falco_peregrinus/Beijin	0.2702	0.2943	0.4519	0.2648	0.157	-0.120	0.357	51.19	0.429	0.435	711	757	-0.498151	0.088507	
A/feline/Guangdong/2/2014	0.2931	0.2828	0.4138	0.2968	0.160	-0.113	0.361	54.31	0.440	0.437	711	757	-0.499604	0.088507	
A/Fujian/1/2005|EPI_ISL_2	0.2936	0.2729	0.4420	0.2758	0.157	-0.127	0.353	53.48	0.418	0.430	711	757	-0.486790	0.088507	
A/Fujian/1/2007|EPI_ISL_7	0.3057	0.2573	0.4322	0.2911	0.156	-0.146	0.343	52.94	0.416	0.429	712	757	-0.493131	0.088507	
A/Fujian/1/2024(H5N6)|EPI	0.3012	0.2685	0.4477	0.2593	0.152	-0.142	0.345	52.15	0.405	0.427	711	757	-0.481374	0.089828	
A/Fujian/2/2024(H5N6)|EPI	0.3012	0.2685	0.4495	0.2574	0.153	-0.137	0.347	52.17	0.404	0.427	711	757	-0.481374	0.089828	
A/Fujian-Sanyuan/21099/20	0.3270	0.2734	0.4288	0.2490	0.169	-0.089	0.376	54.06	0.400	0.424	707	757	-0.505416	0.088507	
A/Fujian-Sanyuan/21099/20	0.2784	0.2852	0.4340	0.2815	0.158	-0.125	0.354	52.27	0.435	0.435	711	757	-0.502114	0.088507	
A/Gadwall/Ningxia/472-7/2	0.2884	0.2832	0.4177	0.2950	0.160	-0.111	0.363	54.68	0.440	0.439	711	757	-0.495773	0.088507	
A/Gallinago_Stenura/Hong_	0.2793	0.2931	0.4412	0.2677	0.160	-0.119	0.358	50.41	0.430	0.435	712	757	-0.497490	0.088507	
A/Gallinula_chloropus/Gua	0.2988	0.2746	0.4293	0.2812	0.159	-0.118	0.359	53.91	0.423	0.433	711	757	-0.503699	0.088507	
A/Goose/_Guangdong_/JG125	0.2936	0.2763	0.4221	0.2942	0.158	-0.118	0.359	54.34	0.433	0.435	711	757	-0.499075	0.088507	
A/Goose/_Guangdong_/SSLBY	0.2953	0.2763	0.4312	0.2823	0.158	-0.116	0.360	54.00	0.425	0.433	711	757	-0.499604	0.088507	
A/Goose/_Guangdong_/SSZYP	0.2993	0.2716	0.4213	0.2931	0.158	-0.125	0.354	54.58	0.429	0.434	711	757	-0.499472	0.088507	
A/goose/Anhui/AH350/2015|	0.2966	0.2776	0.4293	0.2803	0.161	-0.104	0.367	54.32	0.425	0.433	711	757	-0.494980	0.088507	
A/goose/Changhua/15040008	0.2669	0.2981	0.4457	0.2702	0.164	-0.092	0.374	50.86	0.436	0.435	709	757	-0.507662	0.088507	
A/goose/Chiayi/15010008-3	0.2664	0.2993	0.4410	0.2747	0.163	-0.100	0.370	50.97	0.440	0.436	709	757	-0.507662	0.088507	
A/goose/Chiayi/15010016-1	0.2699	0.2976	0.4428	0.2702	0.164	-0.097	0.371	51.11	0.436	0.435	709	757	-0.508058	0.088507	
A/goose/Chiayi/15020022/2	0.2941	0.2751	0.4324	0.2835	0.161	-0.126	0.355	53.23	0.425	0.429	713	758	-0.499340	0.088390	
A/goose/Chiayi/16010017-2	0.2729	0.2936	0.4455	0.2693	0.161	-0.102	0.368	50.96	0.432	0.433	709	757	-0.504756	0.088507	
A/goose/Chiayi/16040003-1	0.2677	0.3005	0.4455	0.2679	0.164	-0.093	0.374	50.85	0.436	0.435	709	757	-0.503831	0.088507	
A/goose/Chiayi/16040005/2	0.2677	0.3005	0.4436	0.2698	0.163	-0.095	0.372	50.83	0.437	0.435	709	757	-0.503831	0.088507	
A/goose/Chiayi/17020027-1	0.2724	0.2931	0.4364	0.2787	0.164	-0.101	0.368	50.58	0.439	0.435	709	757	-0.497886	0.088507	
A/goose/Chiayi/17040014/2	0.2682	0.2976	0.4301	0.2866	0.162	-0.105	0.367	51.59	0.447	0.438	709	757	-0.508719	0.088507	
A/goose/Chiayi/18010006/2	0.2707	0.2966	0.4317	0.2857	0.164	-0.094	0.372	50.83	0.445	0.436	710	757	-0.497622	0.089828	
A/goose/Chiayi/18020014-2	0.2699	0.2976	0.4319	0.2832	0.165	-0.090	0.374	50.67	0.444	0.437	709	757	-0.484941	0.088507	
A/goose/China/1/2021|EPI_	0.2774	0.2825	0.4185	0.3037	0.162	-0.117	0.358	51.57	0.448	0.439	712	757	-0.510436	0.088507	
A/goose/China/0701/2018|E	0.2909	0.2806	0.4224	0.2897	0.162	-0.098	0.369	54.40	0.434	0.437	712	757	-0.482959	0.088507	
A/goose/China/1106/2016|E	0.3086	0.2621	0.4446	0.2673	0.158	-0.136	0.349	52.93	0.404	0.425	711	757	-0.507133	0.089828	
A/goose/China/E43/2012|EP	0.3040	0.2625	0.4438	0.2738	0.157	-0.125	0.354	53.68	0.408	0.428	711	757	-0.493923	0.088507	
A/goose/Chongqing/SD003/2	0.2909	0.2737	0.4531	0.2634	0.157	-0.125	0.355	52.34	0.410	0.428	712	757	-0.487715	0.088507	
A/goose/Eastern_China/CZ/	0.3017	0.2655	0.4348	0.2832	0.163	-0.123	0.357	52.17	0.417	0.428	712	757	-0.506209	0.088507	
A/goose/Eastern_China/L12	0.2983	0.2707	0.4358	0.2801	0.164	-0.113	0.362	52.17	0.419	0.430	713	758	-0.504750	0.088390	
A/goose/Eastern_China/L12	0.2966	0.2707	0.4529	0.2623	0.161	-0.127	0.354	51.40	0.407	0.427	712	758	-0.508839	0.088390	
A/goose/Eastern_China/S04	0.2966	0.2707	0.4358	0.2815	0.162	-0.122	0.356	52.46	0.421	0.431	713	758	-0.508048	0.088390	
A/goose/Eastern_China/S05	0.2971	0.2763	0.4195	0.2937	0.159	-0.117	0.360	53.84	0.433	0.436	712	758	-0.503034	0.088390	
A/goose/Fujian/3.15_FZHX0	0.2978	0.2754	0.4250	0.2857	0.161	-0.103	0.367	54.65	0.427	0.434	712	757	-0.486394	0.088507	
A/goose/Fujian/3.15_FZHX0	0.2978	0.2754	0.4268	0.2837	0.161	-0.103	0.367	54.55	0.426	0.433	712	757	-0.486394	0.088507	
A/goose/Fujian/3.15_FZHX0	0.3052	0.2724	0.4167	0.2897	0.162	-0.103	0.367	54.70	0.428	0.434	711	757	-0.489828	0.088507	
A/goose/Fujian/3.15_FZHX0	0.3029	0.2719	0.4286	0.2798	0.161	-0.103	0.367	54.85	0.420	0.431	712	757	-0.486394	0.088507	
A/goose/Fujian/3.15_FZHX0	0.2990	0.2766	0.4270	0.2792	0.160	-0.102	0.367	54.78	0.424	0.433	713	757	-0.479392	0.088507	
A/goose/Fujian/10.11_FZHX	0.3000	0.2638	0.4448	0.2727	0.156	-0.138	0.347	51.75	0.409	0.428	711	757	-0.496433	0.088507	
A/goose/Fujian/10.26_FZHX	0.2973	0.2680	0.4286	0.2860	0.157	-0.127	0.353	52.92	0.423	0.433	711	757	-0.501321	0.088507	
A/goose/Fujian/10.26_FZHX	0.2973	0.2680	0.4286	0.2860	0.157	-0.127	0.353	52.92	0.423	0.433	711	757	-0.501321	0.088507	
A/goose/Fujian/10.26_FZHX	0.2973	0.2680	0.4322	0.2826	0.156	-0.125	0.354	52.64	0.421	0.432	711	757	-0.500925	0.088507	
A/goose/Fujian/10.26_FZHX	0.2973	0.2680	0.4322	0.2826	0.156	-0.123	0.356	52.66	0.421	0.432	711	757	-0.501453	0.088507	
A/goose/Fujian/10.26_FZHX	0.2973	0.2680	0.4322	0.2826	0.156	-0.125	0.354	52.64	0.421	0.432	711	757	-0.500925	0.088507	
A/goose/Fujian/10.26_FZHX	0.2973	0.2680	0.4322	0.2826	0.156	-0.125	0.354	52.64	0.421	0.432	711	757	-0.500925	0.088507	
A/goose/Fujian/10.26_FZHX	0.2973	0.2680	0.4286	0.2860	0.157	-0.127	0.353	52.92	0.423	0.433	711	757	-0.501321	0.088507	
A/goose/Fujian/10.26_FZHX	0.2973	0.2680	0.4322	0.2826	0.156	-0.125	0.354	52.64	0.421	0.432	711	757	-0.500925	0.088507	
A/goose/Fujian/10.26_FZHX	0.2973	0.2680	0.4286	0.2860	0.157	-0.127	0.353	52.92	0.423	0.433	711	757	-0.501321	0.088507	
A/goose/Fujian/11.3_FZHX1	0.3000	0.2638	0.4448	0.2727	0.156	-0.138	0.347	51.75	0.409	0.428	711	757	-0.496433	0.088507	
A/goose/Guangdong/03.27_D	0.2949	0.2775	0.4168	0.2978	0.156	-0.126	0.355	54.33	0.436	0.437	704	748	-0.511230	0.088235	
A/goose/Guangdong/04.22_D	0.2949	0.2775	0.4168	0.2978	0.157	-0.126	0.355	54.34	0.436	0.437	704	748	-0.507888	0.088235	
A/goose/Guangdong/04.22_D	0.2689	0.2891	0.4307	0.2988	0.158	-0.129	0.353	52.65	0.447	0.435	674	718	-0.518941	0.086351	
A/goose/Guangdong/04.22_D	0.2689	0.2891	0.4288	0.3008	0.158	-0.129	0.353	52.70	0.448	0.435	674	718	-0.518941	0.086351	
A/goose/Guangdong/04.22_D	0.2746	0.2850	0.4306	0.2927	0.158	-0.127	0.354	52.38	0.441	0.436	712	757	-0.504359	0.088507	
A/goose/Guangdong/04.23_D	0.2949	0.2757	0.4150	0.3018	0.155	-0.133	0.351	54.29	0.438	0.437	704	748	-0.511230	0.088235	
A/goose/Guangdong/04.23_D	0.2949	0.2757	0.4150	0.3018	0.155	-0.133	0.351	54.29	0.438	0.437	704	748	-0.511230	0.088235	
A/goose/Guangdong/04.23_D	0.2932	0.2757	0.4179	0.2992	0.160	-0.108	0.365	54.22	0.436	0.437	704	748	-0.500936	0.088235	
A/goose/Guangdong/04.23_D	0.2855	0.2644	0.4555	0.2772	0.158	-0.119	0.359	51.27	0.413	0.426	705	748	-0.513770	0.089572	
A/goose/Guangdong/7.20_DG	0.2978	0.2754	0.4224	0.2871	0.160	-0.108	0.364	54.70	0.428	0.435	712	757	-0.482299	0.088507	
A/goose/Guangdong/k0103/2	0.2825	0.2842	0.4301	0.2911	0.161	-0.122	0.357	52.08	0.437	0.433	711	757	-0.503567	0.088507	
A/Goose/Guangdong/PO17072	0.2972	0.2752	0.4183	0.2977	0.161	-0.107	0.365	55.13	0.433	0.434	674	718	-0.499164	0.086351	
A/goose/Guangdong/QY01/20	0.2983	0.2759	0.4195	0.2891	0.162	-0.100	0.368	54.38	0.430	0.435	711	757	-0.485733	0.088507	
A/goose/Guangdong/S230/20	0.2936	0.2781	0.4268	0.2877	0.164	-0.104	0.367	54.28	0.430	0.434	712	757	-0.492074	0.088507	
A/goose/Guangdong/S4751/2	0.3098	0.2582	0.4440	0.2657	0.155	-0.128	0.353	52.78	0.401	0.427	711	757	-0.486129	0.089828	
A/goose/Guangdong/s13124/	0.2948	0.2724	0.4402	0.2772	0.165	-0.110	0.364	52.30	0.419	0.429	712	757	-0.494848	0.088507	
A/goose/Guangdong/SH7/201	0.2988	0.2746	0.4293	0.2812	0.159	-0.115	0.360	54.06	0.423	0.434	711	757	-0.499868	0.088507	
A/goose/Guangdong/YJD/201	0.3040	0.2660	0.4239	0.2922	0.159	-0.126	0.354	54.08	0.423	0.433	711	757	-0.499075	0.088507	
A/goose/Guangxi/S20601/20	0.2793	0.2845	0.4195	0.2998	0.164	-0.111	0.363	51.81	0.446	0.438	711	757	-0.505152	0.088507	
A/goose/Guizhou/S1541/202	0.2582	0.3133	0.4094	0.3050	0.160	-0.112	0.362	52.77	0.472	0.444	712	757	-0.496301	0.088507	
A/goose/Henan/01.01_LYGL0	0.3005	0.2625	0.4575	0.2624	0.157	-0.132	0.352	50.98	0.399	0.420	711	757	-0.498811	0.088507	
A/goose/Henan/S1315/2021|	0.2810	0.2810	0.4159	0.3057	0.162	-0.118	0.359	51.90	0.447	0.438	711	757	-0.505152	0.088507	
A/goose/Hubei/113/2014|EP	0.3057	0.2712	0.4366	0.2698	0.157	-0.121	0.357	53.26	0.412	0.429	711	757	-0.500000	0.088507	
A/goose/HuBei/117/2014|EP	0.3057	0.2712	0.4384	0.2679	0.158	-0.118	0.359	52.88	0.411	0.428	711	757	-0.500000	0.088507	
A/goose/Hunan/81/2014|EPI	0.2936	0.2781	0.4167	0.2982	0.158	-0.121	0.357	54.86	0.437	0.437	711	757	-0.499075	0.088507	
A/goose/Hunan/82/2014|EPI	0.2931	0.2776	0.4167	0.2982	0.157	-0.123	0.356	54.78	0.437	0.438	711	757	-0.494848	0.088507	
A/goose/Hunan/107/2014|EP	0.3057	0.2712	0.4366	0.2698	0.157	-0.121	0.357	53.26	0.412	0.429	711	757	-0.500000	0.088507	
A/goose/Hunan/109/2014|EP	0.3057	0.2712	0.4384	0.2679	0.157	-0.121	0.357	53.18	0.411	0.428	711	757	-0.500000	0.088507	
A/goose/Hunan/110/2014|EP	0.3057	0.2712	0.4366	0.2698	0.157	-0.121	0.357	53.26	0.412	0.429	711	757	-0.500000	0.088507	
A/goose/Hunan/111/2014|EP	0.3040	0.2729	0.4358	0.2698	0.158	-0.118	0.359	53.50	0.414	0.430	711	757	-0.489828	0.088507	
A/goose/Hunan/115/2014|EP	0.3034	0.2724	0.4338	0.2744	0.158	-0.124	0.356	53.38	0.416	0.431	711	757	-0.506077	0.088507	
A/goose/Hunan/116/2014|EP	0.3126	0.2642	0.4457	0.2599	0.155	-0.128	0.353	52.25	0.399	0.424	711	757	-0.500529	0.088507	
A/goose/Hunan/155/2014|EP	0.2993	0.2768	0.4076	0.3042	0.162	-0.107	0.366	55.20	0.440	0.437	711	757	-0.498811	0.088507	
A/goose/Hunan/159/2014|EP	0.2936	0.2781	0.4167	0.2982	0.158	-0.121	0.357	54.86	0.437	0.437	711	757	-0.499075	0.088507	
A/goose/Hunan/160/2014|EP	0.2936	0.2781	0.4167	0.2976	0.158	-0.118	0.359	54.91	0.437	0.438	711	757	-0.499472	0.088507	
A/goose/Hunan/161/2014|EP	0.2894	0.2825	0.4149	0.2996	0.156	-0.122	0.356	54.91	0.442	0.439	710	757	-0.508322	0.088507	
A/goose/Hunan/HN11/2015|E	0.2931	0.2810	0.4123	0.2996	0.160	-0.111	0.362	54.59	0.441	0.438	712	757	-0.496037	0.088507	
A/goose/Hunan/HN22/2015|E	0.2936	0.2781	0.4152	0.2970	0.160	-0.111	0.363	54.78	0.437	0.438	711	757	-0.494320	0.087186	
A/goose/Hunan/HN57/2015|E	0.2919	0.2798	0.4149	0.3002	0.159	-0.116	0.360	54.52	0.440	0.438	711	757	-0.499075	0.088507	
A/goose/Hunan/HN88/2015|E	0.3057	0.2712	0.4366	0.2698	0.157	-0.121	0.357	52.96	0.412	0.428	711	757	-0.500000	0.088507	
A/goose/Hunan/HN90/2015|E	0.3057	0.2712	0.4366	0.2698	0.157	-0.121	0.357	52.96	0.412	0.428	711	757	-0.500000	0.088507	
A/goose/Hunan/HN310/2015|	0.2936	0.2815	0.4247	0.2863	0.162	-0.096	0.371	54.58	0.432	0.435	711	757	-0.504095	0.088507	
A/goose/Hunan/HN311/2015|	0.2936	0.2815	0.4247	0.2863	0.162	-0.096	0.371	54.58	0.432	0.435	711	757	-0.504095	0.088507	
A/goose/Hunan/HN314/2015|	0.2983	0.2741	0.4231	0.2897	0.161	-0.109	0.364	54.69	0.428	0.434	712	757	-0.485073	0.088507	
A/goose/Hunan/HN315/2015|	0.2983	0.2741	0.4231	0.2897	0.161	-0.109	0.364	54.69	0.428	0.434	712	757	-0.485073	0.088507	
A/goose/Hunan/HN316/2015|	0.2988	0.2746	0.4231	0.2897	0.162	-0.106	0.365	54.73	0.428	0.433	712	757	-0.489168	0.088507	
A/goose/Hunan/HN317/2015|	0.2983	0.2741	0.4231	0.2897	0.161	-0.109	0.364	54.69	0.428	0.434	712	757	-0.485073	0.088507	
A/goose/Hunan/HN318/2015|	0.2919	0.2815	0.4265	0.2863	0.161	-0.098	0.370	54.48	0.432	0.435	711	757	-0.505152	0.088507	
A/goose/Hunan/HN319/2015|	0.2983	0.2741	0.4231	0.2897	0.161	-0.109	0.364	54.69	0.428	0.434	712	757	-0.485073	0.088507	
A/goose/Hunan/S11288/2021	0.2784	0.2852	0.4123	0.3083	0.164	-0.108	0.364	52.47	0.452	0.440	712	757	-0.498943	0.088507	
A/goose/Hunan/SE284/2022(	0.2759	0.2948	0.4448	0.2638	0.160	-0.116	0.360	51.62	0.429	0.436	711	757	-0.497226	0.088507	
A/goose/Inner_Mongolia/IM	0.2855	0.2837	0.4195	0.2953	0.163	-0.121	0.357	51.70	0.442	0.436	711	757	-0.500528	0.088507	
A/goose/Jiangsu/k0403/201	0.2621	0.3103	0.4226	0.2922	0.162	-0.099	0.370	53.87	0.460	0.439	711	757	-0.499207	0.088507	
A/goose/Jiangsu/QD5/2014|	0.2983	0.2672	0.4402	0.2781	0.161	-0.125	0.355	52.00	0.416	0.429	712	757	-0.507530	0.088507	
A/goose/Jiangsu/S1385/202	0.2835	0.2784	0.4134	0.3077	0.161	-0.120	0.357	51.60	0.447	0.439	712	757	-0.503038	0.088507	
A/goose/Jiangxi/01.09_NFJ	0.3074	0.2694	0.4366	0.2698	0.158	-0.118	0.359	53.24	0.411	0.429	711	757	-0.496698	0.088507	
A/goose/Jilin/04.04_SY003	0.2904	0.2784	0.4252	0.2891	0.156	-0.126	0.353	53.62	0.432	0.436	713	757	-0.489828	0.088507	
A/goose/Jilin/S4034/2019(	0.2962	0.2688	0.4368	0.2787	0.161	-0.110	0.362	53.85	0.418	0.432	713	757	-0.484940	0.088507	
A/goose/Liaoning/S1266/20	0.2788	0.2823	0.4108	0.3104	0.160	-0.131	0.351	51.43	0.452	0.441	712	757	-0.495773	0.088507	
A/goose/Pingtung/15010007	0.2699	0.2976	0.4410	0.2727	0.162	-0.100	0.370	51.08	0.437	0.435	709	757	-0.507662	0.088507	
A/goose/Pingtung/15010037	0.2699	0.2976	0.4428	0.2708	0.163	-0.097	0.371	51.06	0.436	0.435	709	757	-0.507662	0.088507	
A/goose/Pingtung/15050014	0.2850	0.2781	0.4221	0.3010	0.156	-0.121	0.357	52.62	0.440	0.433	711	757	-0.504095	0.088507	
A/goose/Pingtung/16010061	0.2867	0.2763	0.4275	0.2945	0.157	-0.126	0.354	52.61	0.435	0.432	711	757	-0.504491	0.088507	
A/Goose/Qingyuan/16875/20	0.3126	0.2608	0.4457	0.2634	0.162	-0.122	0.357	51.70	0.399	0.423	711	757	-0.505152	0.088507	
A/goose/Shandong/01.01_JY	0.3074	0.2642	0.4493	0.2609	0.158	-0.133	0.350	52.76	0.401	0.424	711	757	-0.505020	0.088507	
A/goose/Shandong/01.07_JQ	0.3005	0.2712	0.4501	0.2619	0.160	-0.129	0.353	52.87	0.406	0.425	711	757	-0.502378	0.088507	
A/goose/Shandong/02.16_YG	0.2919	0.2815	0.4167	0.2962	0.160	-0.111	0.363	54.45	0.439	0.437	711	757	-0.499075	0.088507	
A/goose/Shandong/02.26_GD	0.2953	0.2763	0.4203	0.2942	0.159	-0.116	0.360	54.45	0.433	0.436	711	757	-0.499075	0.088507	
A/goose/Shandong/03.10_HZ	0.2985	0.2693	0.4350	0.2781	0.158	-0.120	0.356	53.50	0.418	0.432	713	757	-0.485601	0.088507	
A/goose/Shandong/03.16_JN	0.3080	0.2734	0.4312	0.2724	0.159	-0.129	0.353	53.99	0.415	0.429	711	757	-0.503038	0.088507	
A/goose/Shandong/04.22_GT	0.3057	0.2642	0.4511	0.2609	0.159	-0.133	0.350	52.66	0.401	0.424	711	757	-0.501717	0.088507	
A/goose/Shandong/05.23_AY	0.2983	0.2672	0.4392	0.2812	0.163	-0.121	0.358	52.14	0.417	0.428	712	757	-0.509247	0.088507	
A/goose/Shandong/05.23_DT	0.2983	0.2672	0.4392	0.2812	0.163	-0.121	0.358	52.14	0.417	0.428	712	757	-0.509247	0.088507	
A/goose/Shandong/06.14_HZ	0.2983	0.2672	0.4374	0.2826	0.163	-0.118	0.360	52.24	0.419	0.429	712	757	-0.510172	0.088507	
A/goose/Shandong/11.02_CQ	0.3018	0.2719	0.4223	0.2912	0.156	-0.135	0.350	54.30	0.427	0.433	703	748	-0.510160	0.088235	
A/goose/Shandong/12.05_YG	0.2907	0.2802	0.4186	0.2972	0.159	-0.115	0.361	54.21	0.438	0.438	703	748	-0.514706	0.088235	
A/goose/Shandong/12.08_YG	0.2972	0.2657	0.4471	0.2724	0.160	-0.126	0.355	51.61	0.411	0.428	704	748	-0.522059	0.086898	
A/Goose/Shandong/21153-3/	0.2793	0.2828	0.4213	0.2998	0.162	-0.118	0.359	51.47	0.444	0.437	711	757	-0.505152	0.088507	
A/goose/Shandong/GD-GS/20	0.2966	0.2707	0.4348	0.2832	0.163	-0.120	0.358	52.27	0.421	0.430	712	757	-0.506209	0.088507	
A/goose/Shandong/GS/2013(	0.3081	0.2633	0.4265	0.2832	0.160	-0.113	0.361	53.94	0.417	0.432	710	757	-0.495377	0.088507	
A/goose/Shandong/LQ01694/	0.3022	0.2660	0.4348	0.2826	0.165	-0.113	0.362	52.67	0.417	0.429	712	757	-0.501982	0.089828	
A/goose/Tainan/16040018-1	0.2884	0.2746	0.4312	0.2899	0.156	-0.130	0.352	52.25	0.430	0.432	711	757	-0.504888	0.088507	
A/goose/Tainan/16070002/2	0.2892	0.2719	0.4304	0.2925	0.154	-0.141	0.346	52.10	0.430	0.431	712	757	-0.494584	0.088507	
A/goose/Tainan/17030022-1	0.2712	0.2953	0.4382	0.2767	0.163	-0.102	0.368	50.68	0.439	0.435	709	757	-0.500925	0.088507	
A/goose/Tainan/17030024-1	0.2712	0.2936	0.4345	0.2826	0.165	-0.099	0.370	50.69	0.441	0.436	709	757	-0.501982	0.088507	
A/goose/Tainan/18010022-1	0.2716	0.2976	0.4345	0.2798	0.168	-0.086	0.377	50.80	0.441	0.435	709	757	-0.486922	0.088507	
A/goose/Tainan/18050014-1	0.2746	0.2919	0.4361	0.2823	0.162	-0.098	0.370	50.85	0.439	0.433	709	757	-0.494188	0.089828	
A/goose/Taiwan/01019/2015	0.2751	0.2907	0.4087	0.3110	0.162	-0.117	0.360	52.16	0.459	0.445	711	757	-0.507133	0.088507	
A/goose/Taiwan/01022/2015	0.2682	0.2993	0.4420	0.2702	0.163	-0.096	0.371	51.16	0.437	0.436	709	757	-0.506341	0.087186	
A/goose/Taiwan/01023/2015	0.2699	0.2976	0.4436	0.2708	0.164	-0.097	0.371	51.04	0.436	0.435	709	757	-0.511625	0.088507	
A/goose/Taiwan/01031/2015	0.2677	0.2988	0.4420	0.2722	0.164	-0.094	0.373	50.96	0.438	0.435	710	757	-0.503567	0.088507	
A/goose/Taiwan/01038/2015	0.2850	0.2781	0.4188	0.3012	0.158	-0.120	0.357	53.12	0.442	0.435	711	757	-0.506473	0.088507	
A/goose/Taiwan/01039/2015	0.2958	0.2716	0.4281	0.2888	0.161	-0.125	0.355	53.53	0.426	0.431	713	758	-0.496306	0.088390	
A/goose/Taiwan/01040/2015	0.2682	0.2976	0.4428	0.2727	0.163	-0.100	0.370	51.09	0.437	0.435	709	757	-0.508190	0.088507	
A/goose/Taiwan/a015/2015|	0.2675	0.2970	0.4019	0.3243	0.163	-0.110	0.364	53.08	0.471	0.447	673	718	-0.522423	0.086351	
A/goose/Taiwan/TNC1/2015|	0.2958	0.2734	0.4324	0.2835	0.161	-0.126	0.355	53.17	0.424	0.429	713	758	-0.499340	0.088390	
A/goose/Taiwan/TNC3/2015|	0.2958	0.2734	0.4306	0.2854	0.161	-0.126	0.355	53.09	0.425	0.429	713	758	-0.499340	0.088390	
A/goose/Taiwan/TNC4/2015|	0.2734	0.2924	0.4105	0.3091	0.163	-0.112	0.363	52.67	0.459	0.445	711	757	-0.507662	0.088507	
A/goose/Taiwan/TNC9/2015|	0.2958	0.2734	0.4324	0.2835	0.161	-0.126	0.355	53.17	0.424	0.429	713	758	-0.499340	0.088390	
A/goose/Taiwan/TNC10/2015	0.2976	0.2716	0.4324	0.2835	0.161	-0.128	0.353	53.10	0.422	0.428	713	758	-0.499340	0.088390	
A/goose/Taiwan/TNC12/2015	0.2958	0.2734	0.4324	0.2835	0.161	-0.126	0.355	53.17	0.424	0.429	713	758	-0.499340	0.088390	
A/goose/Taiwan/TNC14/2015	0.2976	0.2716	0.4324	0.2835	0.161	-0.128	0.353	53.10	0.422	0.428	713	758	-0.499340	0.088390	
A/goose/Taiwan/TNO3/2015|	0.2976	0.2716	0.4324	0.2835	0.160	-0.130	0.352	53.28	0.422	0.429	713	758	-0.500396	0.088390	
A/goose/Taiwan/TNO9/2015|	0.2734	0.2924	0.4105	0.3091	0.163	-0.112	0.363	52.67	0.459	0.445	711	757	-0.507662	0.088507	
A/goose/Taiwan/TNO15/2015	0.2734	0.2924	0.4087	0.3110	0.163	-0.112	0.363	52.60	0.460	0.445	711	757	-0.507662	0.088507	
A/goose/Taiwan/TNO17/2015	0.2976	0.2716	0.4324	0.2835	0.160	-0.128	0.353	53.17	0.422	0.428	713	758	-0.499340	0.088390	
A/goose/Taoyuan/15010041/	0.2958	0.2734	0.4324	0.2835	0.161	-0.126	0.355	53.17	0.424	0.429	713	758	-0.499340	0.088390	
A/goose/Taoyuan/18120002-	0.2699	0.2958	0.4105	0.3097	0.167	-0.091	0.374	52.85	0.461	0.442	711	757	-0.506077	0.088507	
A/goose/Xinjiang/12.18_WL	0.2988	0.2746	0.4239	0.2877	0.159	-0.118	0.359	54.70	0.428	0.433	711	757	-0.492338	0.088507	
A/goose/Xinjiang/12.18_WL	0.2988	0.2746	0.4239	0.2877	0.158	-0.121	0.357	54.66	0.428	0.434	711	757	-0.491810	0.088507	
A/goose/Xinjiang/12.18_WL	0.2749	0.2887	0.4312	0.2860	0.160	-0.117	0.359	51.46	0.440	0.436	711	757	-0.505680	0.088507	
A/goose/Xinjiang/12.18_WL	0.2749	0.2887	0.4312	0.2860	0.160	-0.117	0.359	51.46	0.440	0.436	711	757	-0.505680	0.088507	
A/goose/Xinjiang/12.18_WL	0.2749	0.2887	0.4312	0.2854	0.162	-0.115	0.360	51.44	0.440	0.437	711	757	-0.509776	0.088507	
A/goose/Xinjiang/12.18_WL	0.2749	0.2887	0.4312	0.2860	0.160	-0.117	0.359	51.46	0.440	0.436	711	757	-0.505680	0.088507	
A/goose/Yangzhou/0420/201	0.3012	0.2633	0.4366	0.2821	0.160	-0.127	0.354	52.08	0.416	0.429	712	757	-0.508322	0.088507	
A/goose/Yangzhou/YZ587/20	0.3041	0.2663	0.4457	0.2634	0.160	-0.118	0.359	51.64	0.405	0.427	711	757	-0.496697	0.088507	
A/goose/Yunlin/15010005/2	0.2664	0.2993	0.4428	0.2727	0.163	-0.097	0.371	50.96	0.439	0.436	709	757	-0.507662	0.088507	
A/goose/Yunlin/15010009-1	0.2664	0.2993	0.4428	0.2727	0.163	-0.097	0.371	50.96	0.439	0.436	709	757	-0.507662	0.088507	
A/goose/Yunlin/15010010-2	0.2664	0.2993	0.4428	0.2727	0.163	-0.097	0.371	50.96	0.439	0.436	709	757	-0.507662	0.088507	
A/goose/Yunlin/15010011-1	0.2664	0.2993	0.4428	0.2727	0.163	-0.097	0.371	50.96	0.439	0.436	709	757	-0.507662	0.088507	
A/goose/Yunlin/15040040/2	0.2734	0.2924	0.4069	0.3130	0.163	-0.109	0.364	52.73	0.461	0.445	711	757	-0.510964	0.088507	
A/goose/Yunlin/16020008-4	0.2729	0.2919	0.4436	0.2733	0.161	-0.105	0.367	50.94	0.433	0.434	709	757	-0.504756	0.088507	
A/goose/Yunlin/16020011-1	0.2677	0.2971	0.4455	0.2713	0.161	-0.100	0.370	50.74	0.436	0.435	709	757	-0.504756	0.088507	
A/goose/Yunlin/16040002-2	0.2741	0.2897	0.4418	0.2752	0.158	-0.114	0.361	50.92	0.433	0.434	709	757	-0.505548	0.088507	
A/goose/Yunlin/17100005/2	0.2724	0.2931	0.4426	0.2738	0.163	-0.102	0.368	50.03	0.434	0.433	709	757	-0.500661	0.088507	
A/goose/Yunlin/18030020-2	0.2712	0.2953	0.4250	0.2908	0.162	-0.123	0.356	51.24	0.449	0.440	711	757	-0.502246	0.088507	
A/goose/Yunlin/18030020-3	0.2712	0.2953	0.4250	0.2908	0.162	-0.123	0.356	51.24	0.449	0.440	711	757	-0.502246	0.088507	
A/goose/Yunlin/18040002-3	0.2633	0.2978	0.4382	0.2812	0.162	-0.092	0.372	50.85	0.444	0.437	709	757	-0.496962	0.087186	
A/goose/Yunlin/18040018-2	0.2712	0.2953	0.4353	0.2817	0.164	-0.090	0.374	50.84	0.441	0.435	709	757	-0.493395	0.088507	
A/goose/Yunlin/18090002-3	0.2729	0.2953	0.4281	0.2877	0.163	-0.093	0.372	51.30	0.446	0.436	709	757	-0.492338	0.088507	
A/goose/Yunlin/18090006-1	0.2867	0.2712	0.4495	0.2750	0.150	-0.129	0.353	51.15	0.417	0.430	712	757	-0.489828	0.088507	
A/goose/Yunlin/18110002-3	0.2674	0.2986	0.4061	0.3118	0.167	-0.092	0.373	52.85	0.466	0.444	710	756	-0.505423	0.088624	
A/goose/Yunnan/07.14_DQWC	0.2971	0.2781	0.4203	0.2897	0.161	-0.103	0.367	54.51	0.432	0.435	711	757	-0.502774	0.088507	
A/goose/Yunnan/07.14_DQWC	0.2971	0.2781	0.4203	0.2897	0.161	-0.103	0.367	54.43	0.432	0.435	711	757	-0.499472	0.088507	
A/goose/Zhejiang/77166/20	0.3154	0.2600	0.4312	0.2787	0.159	-0.134	0.350	53.95	0.409	0.429	711	757	-0.514003	0.088507	
A/goose/Zhejiang/77167/20	0.3154	0.2600	0.4312	0.2787	0.159	-0.134	0.350	53.95	0.409	0.429	711	757	-0.514003	0.088507	
A/goose/Zhejiang/77168/20	0.3154	0.2600	0.4312	0.2787	0.159	-0.134	0.350	53.95	0.409	0.429	711	757	-0.514003	0.088507	
A/goose/Zhejiang/112071/2	0.3115	0.2668	0.4402	0.2623	0.153	-0.112	0.361	52.33	0.404	0.427	712	757	-0.495376	0.088507	
A/goose/Zhejiang/112080/2	0.2798	0.2815	0.4231	0.2992	0.161	-0.122	0.356	50.99	0.443	0.437	711	757	-0.495773	0.088507	
A/goose/Zhejiang/727092/2	0.2948	0.2741	0.4239	0.2942	0.154	-0.129	0.353	53.82	0.431	0.435	712	757	-0.501717	0.091149	
A/goose/Zhejiang/727098/2	0.3103	0.2603	0.4325	0.2829	0.161	-0.111	0.362	54.12	0.413	0.428	710	757	-0.479657	0.093791	
A/goose/Zhejiang/727110/2	0.2948	0.2741	0.4273	0.2940	0.154	-0.132	0.351	53.70	0.430	0.433	712	757	-0.491281	0.093791	
A/goose/Zhejiang/925036/2	0.2948	0.2776	0.4338	0.2763	0.156	-0.123	0.355	54.20	0.423	0.435	710	757	-0.493791	0.088507	
A/goose/Zhejiang/925037/2	0.2941	0.2716	0.4493	0.2708	0.170	-0.101	0.369	50.54	0.413	0.425	712	757	-0.501981	0.088507	
A/goose/Zhejiang/925104/2	0.2971	0.2677	0.4384	0.2826	0.161	-0.122	0.357	52.48	0.419	0.429	712	757	-0.510436	0.088507	
A/goose/Zhejiang/925105/2	0.3017	0.2707	0.4330	0.2803	0.157	-0.129	0.353	54.14	0.419	0.430	712	757	-0.499472	0.088507	
A/goose/Zhejiang/925106/2	0.2955	0.2646	0.4392	0.2857	0.160	-0.125	0.355	52.13	0.419	0.430	712	757	-0.505548	0.088507	
A/goose/Zhejiang/925108/2	0.3052	0.2672	0.4293	0.2843	0.155	-0.141	0.346	54.15	0.419	0.430	712	757	-0.499472	0.088507	
A/goose/Zhejiang/1120132/	0.2960	0.2685	0.4366	0.2826	0.163	-0.117	0.360	52.39	0.420	0.430	712	757	-0.499604	0.087186	
A/goose/Zhejiang/S1266/20	0.2776	0.2845	0.4195	0.3018	0.164	-0.106	0.366	51.74	0.447	0.438	711	757	-0.508454	0.088507	
A/Great_black-headed_Gull	0.2991	0.2701	0.4324	0.2767	0.157	-0.116	0.358	53.33	0.418	0.430	713	757	-0.472919	0.088507	
A/Great_Black-headed_Gull	0.2746	0.2884	0.4314	0.2863	0.163	-0.115	0.360	51.34	0.440	0.436	711	757	-0.505812	0.088507	
A/Great_black-headed_Gull	0.2997	0.2705	0.4324	0.2767	0.158	-0.117	0.358	53.29	0.418	0.430	713	757	-0.482563	0.088507	
A/Great_Cormorant/Hubei/c	0.2784	0.2869	0.4195	0.2972	0.161	-0.111	0.362	53.10	0.447	0.439	712	757	-0.494188	0.088507	
A/Great_Cormorant/Hubei/c	0.2749	0.2904	0.4134	0.3026	0.159	-0.116	0.360	53.35	0.454	0.441	712	757	-0.490621	0.088507	
A/Great_Cormorant/Hubei/c	0.2749	0.2904	0.4134	0.3026	0.159	-0.116	0.360	53.35	0.454	0.441	712	757	-0.490621	0.088507	
A/Great_Cormorant/Hubei/c	0.2766	0.2887	0.4195	0.2972	0.162	-0.109	0.364	53.09	0.448	0.439	712	757	-0.494188	0.088507	
A/Great_Cormorant/Hubei/V	0.2784	0.2869	0.4195	0.2972	0.161	-0.111	0.362	53.10	0.447	0.439	712	757	-0.494188	0.088507	
A/Great_Cormorant/Hubei/V	0.2784	0.2869	0.4195	0.2972	0.161	-0.111	0.362	53.10	0.447	0.439	712	757	-0.494188	0.088507	
A/Great_Cormorant/Hubei/V	0.2784	0.2869	0.4195	0.2972	0.161	-0.111	0.362	53.10	0.447	0.439	712	757	-0.494188	0.088507	
A/Great_Cormorant/Qinghai	0.2776	0.2879	0.4231	0.2922	0.164	-0.110	0.363	52.26	0.444	0.438	711	757	-0.506209	0.088507	
A/Great_Cormorant/Qinghai	0.2776	0.2879	0.4268	0.2888	0.164	-0.115	0.360	51.85	0.442	0.437	711	757	-0.505813	0.088507	
A/Great_Cormorant/Qinghai	0.2776	0.2879	0.4286	0.2874	0.162	-0.120	0.357	51.69	0.440	0.436	711	757	-0.504888	0.088507	
A/Great_Crested_Grebe/Qin	0.2788	0.2823	0.4330	0.2885	0.159	-0.122	0.356	51.34	0.436	0.435	711	757	-0.495244	0.088507	
A/grebe/Ningxia/SD001/202	0.2788	0.2840	0.4152	0.3031	0.164	-0.112	0.361	52.03	0.449	0.440	711	757	-0.503302	0.088507	
A/grebe/Shaanxi/SD001/202	0.2793	0.2845	0.4141	0.3057	0.163	-0.110	0.363	52.23	0.450	0.439	711	757	-0.509643	0.088507	
A/grebe/Shandong/SC184/20	0.2793	0.2845	0.4195	0.2998	0.162	-0.113	0.361	51.97	0.446	0.437	711	757	-0.505152	0.088507	
A/green-winged_teal/Guang	0.2776	0.2828	0.4162	0.3045	0.163	-0.109	0.363	51.78	0.449	0.439	711	757	-0.509643	0.085865	
A/Guangdong/1/2006|EPI_IS	0.2971	0.2660	0.4301	0.2942	0.155	-0.137	0.347	53.20	0.425	0.431	711	757	-0.485865	0.089828	
A/Guangdong/1/2008|EPI_IS	0.2976	0.2682	0.4402	0.2798	0.151	-0.152	0.339	53.42	0.416	0.428	711	757	-0.493659	0.088507	
A/Guangdong/2/2006|EPI_IS	0.2958	0.2716	0.4257	0.2937	0.158	-0.132	0.350	53.72	0.429	0.432	711	757	-0.493659	0.088507	
A/Guangdong/18SF020/2018-	0.3034	0.2741	0.4167	0.2897	0.162	-0.103	0.367	54.70	0.429	0.435	711	757	-0.492470	0.088507	
A/Guangdong/12903/2021|EP	0.2754	0.2788	0.4458	0.2809	0.153	-0.132	0.350	51.74	0.428	0.433	712	757	-0.500264	0.088507	
A/Guangdong/lgf/2021|EPI_	0.2737	0.2840	0.4396	0.2824	0.153	-0.139	0.346	52.06	0.434	0.435	712	757	-0.502510	0.088507	
A/Guangxi/1/2005|EPI_ISL_	0.3010	0.2647	0.4356	0.2849	0.152	-0.149	0.341	53.43	0.417	0.428	710	757	-0.482827	0.088507	
A/Guangxi/1/2005|EPI_ISL_	0.2976	0.2682	0.4312	0.2897	0.156	-0.130	0.352	53.82	0.423	0.431	711	757	-0.493131	0.088507	
A/Guangxi/1/2008|EPI_ISL_	0.3000	0.2707	0.4231	0.2917	0.152	-0.146	0.341	53.63	0.427	0.432	712	757	-0.484544	0.088507	
A/Guangxi/32797/2018|EPI_	0.2995	0.2719	0.4260	0.2857	0.159	-0.116	0.360	53.90	0.424	0.433	712	757	-0.482431	0.088507	
A/Guangxi/55726/2016|EPI_	0.2995	0.2754	0.4374	0.2698	0.159	-0.129	0.353	51.89	0.416	0.429	711	757	-0.495112	0.088507	
A/Guangzhou/39715/2014|EP	0.2971	0.2763	0.4203	0.2922	0.160	-0.116	0.360	54.30	0.432	0.435	711	757	-0.499075	0.088507	
A/Guizhou/1/2009|EPI_ISL_	0.2936	0.2712	0.4281	0.2919	0.157	-0.125	0.353	54.11	0.428	0.432	713	757	-0.489168	0.088507	
A/GX-guilin/11151/2021|EP	0.2971	0.2729	0.4477	0.2623	0.158	-0.123	0.356	52.98	0.409	0.427	711	757	-0.485469	0.088507	
A/GX-hechi/01/2021|EPI_IS	0.3092	0.2539	0.4384	0.2821	0.156	-0.135	0.349	52.92	0.408	0.427	711	757	-0.497226	0.088507	
A/Hangzhou/01/2021|EPI_IS	0.3000	0.2672	0.4493	0.2668	0.157	-0.123	0.355	52.58	0.407	0.426	712	757	-0.493659	0.088507	
A/HeFei04171/2024|EPI_ISL	0.2768	0.2855	0.4221	0.3024	0.160	-0.122	0.357	51.81	0.447	0.439	711	757	-0.499339	0.088507	
A/heron/Kaohsiung/15WB328	0.2815	0.2832	0.4177	0.3012	0.163	-0.113	0.361	52.41	0.446	0.439	711	757	-0.498018	0.088507	
A/heron/Taiwan/17DB0001/2	0.2690	0.2966	0.4301	0.2860	0.165	-0.097	0.370	50.80	0.446	0.438	710	757	-0.502642	0.088507	
A/Herring_Gull/Hubei/CH-i	0.2759	0.2879	0.4286	0.2888	0.163	-0.117	0.359	51.65	0.442	0.437	711	757	-0.505813	0.088507	
A/hill_myna/Heilongjiang/	0.2983	0.2707	0.4338	0.2792	0.157	-0.120	0.356	54.23	0.420	0.433	710	757	-0.499340	0.088507	
A/Hong_Kong/5923/2012|EPI	0.2971	0.2729	0.4384	0.2758	0.156	-0.128	0.353	53.92	0.418	0.432	711	757	-0.500000	0.088507	
A/Hubei/29578/2016_x_PR8_	0.3270	0.2734	0.4288	0.2490	0.169	-0.089	0.376	54.06	0.400	0.424	707	757	-0.505416	0.088507	
A/Hubei/29578/2016|EPI_IS	0.2948	0.2741	0.4018	0.3149	0.161	-0.113	0.362	54.28	0.448	0.439	710	757	-0.497094	0.088507	
A/Hunan/1/2006|EPI_ISL_79	0.2958	0.2699	0.4330	0.2877	0.156	-0.135	0.349	53.61	0.423	0.431	711	757	-0.493659	0.088507	
A/Hunan/1/2008|EPI_ISL_73	0.2969	0.2726	0.4275	0.2928	0.160	-0.126	0.354	54.29	0.428	0.430	711	757	-0.484808	0.088507	
A/Hunan/2/2009|EPI_ISL_79	0.2983	0.2690	0.4255	0.2919	0.158	-0.121	0.356	54.45	0.426	0.432	714	757	-0.480845	0.088507	
A/Japanese_white-eye/Taoy	0.2983	0.2707	0.4330	0.2806	0.158	-0.116	0.359	54.19	0.421	0.433	711	757	-0.492734	0.088507	
A/Jiangsu/1/2007|EPI_ISL_	0.3010	0.2682	0.4338	0.2843	0.155	-0.145	0.343	53.56	0.419	0.428	711	757	-0.497226	0.088507	
A/Jiangsu/1/2018|EPI_ISL_	0.2948	0.2810	0.4177	0.2891	0.163	-0.102	0.367	54.13	0.435	0.438	711	757	-0.473844	0.088507	
A/Jiangsu/1/2018|EPI_ISL_	0.2948	0.2810	0.4177	0.2891	0.163	-0.102	0.367	54.13	0.435	0.438	711	757	-0.473844	0.088507	
A/Jiangsu/1/2020_(H5N6)|E	0.2884	0.2798	0.4058	0.3116	0.159	-0.126	0.354	52.07	0.450	0.441	711	757	-0.500132	0.088507	
A/Jiangsu/1/2020(H5N6)|EP	0.2884	0.2798	0.4058	0.3116	0.159	-0.126	0.354	52.07	0.450	0.441	711	757	-0.500132	0.088507	
A/Jiangsu/2/2007|EPI_ISL_	0.3010	0.2682	0.4338	0.2843	0.155	-0.145	0.343	53.56	0.419	0.428	711	757	-0.497226	0.088507	
A/Jiangsu/JSSZ01/2018|EPI	0.2948	0.2810	0.4159	0.2911	0.163	-0.102	0.367	54.03	0.436	0.439	711	757	-0.473844	0.088507	
A/Jiangxi/1/2005|EPI_ISL_	0.2976	0.2768	0.4224	0.2866	0.155	-0.139	0.346	53.46	0.429	0.434	711	757	-0.492999	0.087186	
A/Jiangxi/16791/2022|EPI_	0.2971	0.2729	0.4450	0.2638	0.158	-0.123	0.356	52.98	0.411	0.428	711	757	-0.481374	0.088507	
A/lesser_kestrel/Heilongj	0.3033	0.2617	0.4348	0.2851	0.156	-0.144	0.345	54.00	0.415	0.429	710	757	-0.493131	0.088507	
A/lion/Hubei/1-2/2016|EPI	0.2788	0.2857	0.4260	0.2913	0.161	-0.115	0.361	52.56	0.441	0.436	712	757	-0.496830	0.089828	
A/Luscinia_cyane/Jiangxi/	0.3000	0.2672	0.4348	0.2821	0.163	-0.122	0.357	52.27	0.419	0.430	712	757	-0.507530	0.088507	
A/mallard_duck/Shanghai/S	0.3034	0.2638	0.4392	0.2798	0.164	-0.119	0.360	52.08	0.413	0.427	712	757	-0.510832	0.089828	
A/mallard/Heilongjiang/HL	0.2591	0.2988	0.4171	0.3129	0.168	-0.103	0.368	52.64	0.466	0.443	710	757	-0.497754	0.088507	
A/Mallard/Jiangxi/JXH9/20	0.2608	0.3074	0.4029	0.3110	0.164	-0.107	0.364	52.66	0.474	0.448	709	757	-0.494055	0.085865	
A/Mallard/Jiangxi/JXH22/2	0.2608	0.3074	0.4033	0.3155	0.164	-0.107	0.365	52.60	0.475	0.446	709	757	-0.501453	0.088507	
A/mallard/Ningxia/175/202	0.2672	0.3000	0.3935	0.3235	0.157	-0.133	0.350	52.86	0.476	0.447	712	757	-0.498679	0.088507	
A/mallard/Ningxia/176/202	0.2690	0.2983	0.3953	0.3216	0.158	-0.133	0.350	52.94	0.473	0.447	712	757	-0.498679	0.088507	
A/mallard/Ningxia/239/202	0.2672	0.3000	0.3935	0.3235	0.158	-0.131	0.351	52.87	0.476	0.448	712	757	-0.498679	0.088507	
A/mallard/Ningxia/241/202	0.2672	0.3000	0.3935	0.3235	0.158	-0.131	0.351	52.87	0.476	0.448	712	757	-0.498679	0.088507	
A/mallard/Ningxia/247/202	0.2672	0.3000	0.3935	0.3235	0.157	-0.133	0.350	52.86	0.476	0.447	712	757	-0.498679	0.088507	
A/mallard/Ningxia/249/202	0.2655	0.3017	0.3935	0.3235	0.159	-0.128	0.353	52.87	0.478	0.448	712	757	-0.498679	0.088507	
A/mandarin_duck/Heilongji	0.2634	0.3002	0.4133	0.3119	0.158	-0.130	0.352	52.81	0.465	0.441	673	718	-0.516295	0.086351	
A/mandarin_duck/Henan/426	0.2721	0.2960	0.4476	0.2682	0.159	-0.114	0.361	51.76	0.431	0.435	673	718	-0.507939	0.086351	
A/meerkat/Shanghai/SH-1/2	0.3040	0.2677	0.4275	0.2832	0.159	-0.116	0.359	54.20	0.420	0.432	710	757	-0.494584	0.088507	
A/migratory_waterfowl/Hub	0.3062	0.2716	0.4275	0.2792	0.157	-0.135	0.349	54.01	0.419	0.432	711	757	-0.503963	0.088507	
A/migratory_waterfowl/Hub	0.3062	0.2716	0.4275	0.2792	0.157	-0.135	0.349	54.01	0.419	0.432	711	757	-0.503963	0.088507	
A/mink/China/181/2019|EPI	0.2978	0.2737	0.4242	0.2871	0.163	-0.103	0.367	54.26	0.427	0.434	712	757	-0.482299	0.088507	
A/mink/China/183/2019|EPI	0.2995	0.2737	0.4195	0.2897	0.160	-0.108	0.364	54.32	0.429	0.435	711	757	-0.485601	0.088507	
A/mink/China/191/2019|EPI	0.2995	0.2754	0.4177	0.2891	0.162	-0.098	0.370	54.49	0.430	0.436	711	757	-0.485997	0.088507	
A/mink/China/456/2018|EPI	0.2926	0.2823	0.4170	0.2911	0.161	-0.098	0.369	54.31	0.437	0.439	712	757	-0.481770	0.088507	
A/mink/China/G/2015|EPI_I	0.3057	0.2608	0.4402	0.2778	0.153	-0.129	0.352	54.22	0.409	0.428	711	757	-0.493923	0.088507	
A/mink/China/XB/2015|EPI_	0.2784	0.2852	0.4180	0.2980	0.160	-0.111	0.362	53.06	0.447	0.439	712	757	-0.494716	0.088507	
A/mink/Eastern_China/006/	0.2766	0.2887	0.4322	0.2815	0.159	-0.120	0.357	51.92	0.437	0.435	711	757	-0.502114	0.088507	
A/mink/Eastern_China/149/	0.2887	0.2818	0.4180	0.2945	0.160	-0.107	0.365	54.25	0.439	0.439	713	757	-0.479524	0.088507	
A/mink/Eastern_China/528/	0.2766	0.2887	0.4340	0.2795	0.159	-0.120	0.357	51.92	0.436	0.435	711	757	-0.502114	0.088507	
A/mink/Eastern_China/571/	0.2955	0.2766	0.4268	0.2837	0.163	-0.103	0.367	54.17	0.427	0.435	712	757	-0.489036	0.088507	
A/mink/Eastern_China/0712	0.3155	0.2483	0.4691	0.2505	0.147	-0.180	0.323	50.88	0.380	0.415	711	757	-0.503038	0.088507	
A/mink/Northern_China/110	0.2749	0.2887	0.4312	0.2860	0.161	-0.120	0.357	52.13	0.440	0.437	711	757	-0.505680	0.088507	
A/Muscovy_duck/China/FJFZ	0.2882	0.2796	0.4206	0.2931	0.159	-0.102	0.367	54.39	0.437	0.439	712	757	-0.483884	0.088507	
A/Muscovy_duck/China/H5N6	0.2887	0.2801	0.4206	0.2931	0.160	-0.100	0.368	54.53	0.437	0.438	712	757	-0.483091	0.088507	
A/muscovy/duck/Hunan/85/2	0.2936	0.2781	0.4203	0.2942	0.159	-0.121	0.357	54.77	0.435	0.436	711	757	-0.499075	0.088507	
A/muscovy/duck/Hunan/88/2	0.2948	0.2759	0.4221	0.2922	0.159	-0.116	0.360	54.77	0.432	0.436	711	757	-0.494980	0.088507	
A/muscovy/duck/Hunan/89/2	0.2948	0.2759	0.4203	0.2942	0.158	-0.120	0.357	54.65	0.433	0.436	711	757	-0.499868	0.088507	
A/muscovy/duck/Hunan/90/2	0.2971	0.2746	0.4203	0.2942	0.159	-0.123	0.356	54.57	0.432	0.435	711	757	-0.499075	0.088507	
A/muscovy/duck/Hunan/93/2	0.2936	0.2798	0.4177	0.2937	0.157	-0.126	0.354	54.82	0.436	0.437	711	757	-0.503831	0.087186	
A/muscovy/duck/Hunan/94/2	0.2897	0.2828	0.4211	0.2928	0.159	-0.119	0.359	54.48	0.437	0.438	711	757	-0.501189	0.089828	
A/muscovy/duck/Hunan/101/	0.3005	0.2746	0.4330	0.2758	0.158	-0.118	0.359	54.02	0.419	0.431	711	757	-0.500000	0.088507	
A/muscovy/duck/Hunan/102/	0.3007	0.2646	0.4438	0.2738	0.146	-0.148	0.341	51.58	0.410	0.427	712	757	-0.500925	0.088507	
A/muscovy/duck/Hunan/103/	0.2988	0.2763	0.4330	0.2758	0.156	-0.118	0.359	54.02	0.421	0.432	711	757	-0.500000	0.088507	
A/muscovy/duck/Hunan/104/	0.3005	0.2763	0.4312	0.2758	0.157	-0.118	0.359	53.98	0.421	0.432	711	757	-0.500000	0.088507	
A/muscovy/duck/Hunan/125/	0.3057	0.2712	0.4366	0.2698	0.157	-0.121	0.357	53.26	0.412	0.429	711	757	-0.500000	0.088507	
A/muscovy/duck/Hunan/147/	0.3057	0.2712	0.4366	0.2698	0.157	-0.121	0.357	52.96	0.412	0.428	711	757	-0.500000	0.088507	
A/muscovy/duck/Hunan/148/	0.3022	0.2746	0.4384	0.2679	0.157	-0.123	0.356	53.10	0.414	0.429	711	757	-0.500000	0.088507	
A/muscovy/duck/Hunan/167/	0.3005	0.2763	0.4293	0.2778	0.157	-0.118	0.359	54.17	0.422	0.432	711	757	-0.500000	0.088507	
A/muscovy/duck/Hunan/183/	0.2919	0.2798	0.4185	0.2956	0.161	-0.111	0.363	54.71	0.437	0.438	711	757	-0.499472	0.088507	
A/muscovy/duck/Hunan/216/	0.2988	0.2763	0.4330	0.2758	0.158	-0.118	0.359	53.92	0.421	0.432	711	757	-0.500000	0.088507	
A/muscovy/duck/Hunan/229/	0.2988	0.2763	0.4330	0.2758	0.158	-0.118	0.359	53.92	0.421	0.432	711	757	-0.500000	0.088507	
A/muscovy/duck/Hunan/232/	0.3000	0.2724	0.4185	0.2942	0.156	-0.125	0.354	54.17	0.430	0.435	711	757	-0.499339	0.088507	
A/muscovy/duck/Hunan/HN34	0.2936	0.2815	0.4247	0.2863	0.162	-0.096	0.371	54.58	0.432	0.435	711	757	-0.504095	0.088507	
A/muscovy/duck/Hunan/HN34	0.2936	0.2815	0.4247	0.2863	0.162	-0.096	0.371	54.58	0.432	0.435	711	757	-0.504095	0.088507	
A/muscovy/duck/Hunan/HN34	0.2953	0.2798	0.4247	0.2863	0.161	-0.098	0.370	54.52	0.430	0.435	711	757	-0.504095	0.088507	
A/muscovy/duck/Hunan/HN34	0.2936	0.2815	0.4247	0.2863	0.162	-0.096	0.371	54.58	0.432	0.435	711	757	-0.504095	0.088507	
A/muscovy/duck/Hunan/HN35	0.2953	0.2798	0.4247	0.2863	0.161	-0.098	0.370	54.52	0.430	0.435	711	757	-0.504095	0.088507	
A/muscovy/duck/Hunan/HN35	0.2919	0.2832	0.4265	0.2843	0.162	-0.098	0.370	54.76	0.432	0.435	711	757	-0.504623	0.088507	
A/muscovy/duck/Hunan/HN35	0.2936	0.2815	0.4247	0.2863	0.162	-0.096	0.371	54.58	0.432	0.435	711	757	-0.504095	0.088507	
A/muscovy/duck/Hunan/HN35	0.2936	0.2815	0.4247	0.2863	0.162	-0.096	0.371	54.58	0.432	0.435	711	757	-0.504095	0.088507	
A/muscovy/duck/Hunan/HN35	0.2936	0.2815	0.4229	0.2883	0.162	-0.098	0.370	54.59	0.433	0.436	711	757	-0.505152	0.088507	
A/muscovy/duck/Hunan/HN35	0.2936	0.2815	0.4247	0.2863	0.162	-0.096	0.371	54.58	0.432	0.435	711	757	-0.504095	0.088507	
A/muscovy/duck/Hunan/HN35	0.2936	0.2815	0.4247	0.2863	0.162	-0.096	0.371	54.58	0.432	0.435	711	757	-0.504095	0.088507	
A/muscovy/duck/Hunan/HN35	0.2936	0.2815	0.4247	0.2863	0.162	-0.095	0.371	54.55	0.432	0.435	711	757	-0.505152	0.088507	
A/muscovy/duck/Hunan/HN36	0.2936	0.2815	0.4247	0.2863	0.162	-0.096	0.371	54.58	0.432	0.435	711	757	-0.504095	0.088507	
A/muscovy/duck/Hunan/HN36	0.2936	0.2815	0.4247	0.2869	0.163	-0.094	0.373	54.77	0.432	0.435	711	757	-0.498151	0.087186	
A/muscovy/duck/Hunan/HN36	0.2936	0.2815	0.4247	0.2863	0.162	-0.095	0.371	54.63	0.432	0.435	711	757	-0.505152	0.088507	
A/muscovy/duck/Hunan/HN36	0.2936	0.2815	0.4265	0.2843	0.161	-0.098	0.370	54.41	0.430	0.435	711	757	-0.504095	0.088507	
A/muscovy/duck/Hunan/HN36	0.2953	0.2798	0.4265	0.2843	0.162	-0.096	0.371	54.48	0.429	0.434	711	757	-0.504095	0.088507	
A/mute_swan/Inner_Mongoli	0.2763	0.2867	0.4213	0.2998	0.164	-0.113	0.361	51.87	0.447	0.438	711	757	-0.505416	0.088507	
A/mute_swan/Shandong/1/20	0.2793	0.2845	0.4123	0.3077	0.166	-0.110	0.363	52.15	0.451	0.440	711	757	-0.497886	0.088507	
A/Nanjing/1/2015|EPI_ISL_	0.2737	0.2909	0.4126	0.3039	0.160	-0.114	0.361	53.19	0.455	0.442	712	757	-0.490621	0.088507	
A/Northern_Pintail/HK/MP6	0.3161	0.2504	0.4628	0.2545	0.162	-0.125	0.356	50.79	0.384	0.417	711	757	-0.511097	0.088507	
A/oriental_magpie_robin/H	0.2638	0.3052	0.4145	0.3024	0.163	-0.107	0.364	52.83	0.464	0.443	711	757	-0.496169	0.088507	
A/ostrich/Suzhou/097/2003	0.3062	0.2682	0.4286	0.2832	0.157	-0.139	0.347	54.10	0.419	0.429	712	757	-0.496301	0.088507	
A/parrot/Guangdong/258/20	0.2712	0.2850	0.4457	0.2826	0.152	-0.119	0.359	51.27	0.433	0.434	711	757	-0.500132	0.088507	
A/parrot/Guangdong/C99/20	0.2998	0.2721	0.4330	0.2812	0.157	-0.135	0.349	53.32	0.421	0.430	711	757	-0.493263	0.088507	
A/Pavo_cristatus/China/JS	0.2973	0.2680	0.4322	0.2821	0.157	-0.123	0.356	52.92	0.421	0.432	711	757	-0.501321	0.088507	
A/Pavo_cristatus/China/K1	0.2973	0.2680	0.4322	0.2821	0.157	-0.123	0.356	52.92	0.421	0.432	711	757	-0.501321	0.088507	
A/Pavo_cristatus/Jiangxi/	0.2887	0.2835	0.4195	0.2922	0.162	-0.096	0.371	53.87	0.438	0.438	712	757	-0.486262	0.088507	
A/peacock/Yunnan/1/2015|E	0.2788	0.2840	0.4206	0.2986	0.162	-0.116	0.360	52.85	0.445	0.438	712	757	-0.498151	0.088507	
A/peacock/Yunnan/3/2015|E	0.2788	0.2840	0.4206	0.2986	0.162	-0.116	0.360	52.85	0.445	0.438	712	757	-0.498151	0.088507	
A/Peregrine_Falcon/Hong_K	0.2798	0.2850	0.4195	0.2998	0.165	-0.111	0.363	51.79	0.446	0.437	711	757	-0.504359	0.088507	
A/Phalacrocorax/Hubei/01.	0.2766	0.2887	0.4195	0.2972	0.162	-0.109	0.364	53.09	0.448	0.439	712	757	-0.494188	0.088507	
A/Phalacrocorax/Hubei/01.	0.2766	0.2887	0.4195	0.2972	0.162	-0.109	0.364	53.09	0.448	0.439	712	757	-0.494188	0.088507	
A/pheasant/Hebei/B02/2021	0.2788	0.2823	0.4213	0.2998	0.160	-0.117	0.359	51.83	0.444	0.437	711	757	-0.505944	0.088507	
A/pigeon/Fujian/1.17_FZHX	0.3000	0.2638	0.4448	0.2727	0.156	-0.138	0.347	51.75	0.409	0.428	711	757	-0.496433	0.088507	
A/pigeon/Guangdong/04.15_	0.2949	0.2740	0.4197	0.2972	0.160	-0.110	0.364	54.30	0.433	0.436	704	748	-0.500936	0.088235	
A/pigeon/Guangdong/04.16_	0.3000	0.2719	0.4241	0.2912	0.158	-0.120	0.358	54.01	0.427	0.434	703	748	-0.518984	0.088235	
A/pigeon/Guangdong/04.23_	0.2954	0.2752	0.4210	0.2983	0.160	-0.107	0.365	54.88	0.433	0.434	674	718	-0.502368	0.086351	
A/pigeon/Hainan/1.14_HKPL	0.2943	0.2771	0.4206	0.2911	0.163	-0.097	0.369	54.13	0.433	0.436	712	757	-0.484148	0.088507	
A/pigeon/Hubei/RP25/2012|	0.2677	0.3040	0.4026	0.3135	0.158	-0.125	0.355	52.11	0.470	0.443	710	757	-0.510568	0.088507	
A/Pigeon/Hunan/04.14_YYXS	0.3088	0.2702	0.4341	0.2742	0.159	-0.131	0.353	53.72	0.413	0.428	703	748	-0.517112	0.088235	
A/pigeon/Jiangsu/12.22_TC	0.3076	0.2646	0.4322	0.2767	0.159	-0.117	0.358	54.11	0.413	0.431	712	757	-0.485865	0.088507	
A/Pigeon/Jiangxi/02.10__N	0.2655	0.3034	0.3989	0.3188	0.165	-0.107	0.365	52.04	0.475	0.446	710	757	-0.498415	0.088507	
A/Pigeon/Jiangxi/04.01__N	0.2655	0.3017	0.4062	0.3129	0.163	-0.115	0.361	52.12	0.469	0.444	710	757	-0.498415	0.088507	
A/pigeon/Jiangxi/S40784/2	0.2724	0.2931	0.4356	0.2837	0.162	-0.119	0.359	49.88	0.440	0.437	711	757	-0.492734	0.088507	
A/pigeon/Jilin/04.25_CCHL	0.2904	0.2748	0.4236	0.2934	0.154	-0.137	0.348	53.29	0.433	0.438	705	748	-0.506551	0.088235	
A/pigeon/Jilin/04.25_CCHL	0.3019	0.2659	0.4224	0.2919	0.158	-0.122	0.355	53.96	0.425	0.434	713	757	-0.485601	0.088507	
A/pigeon/Jilin/S4176/2019	0.2901	0.2747	0.4342	0.2795	0.156	-0.115	0.359	54.07	0.424	0.435	714	757	-0.491149	0.088507	
A/Pigeon/Shandong/WS17/20	0.3009	0.2713	0.4547	0.2554	0.156	-0.128	0.354	51.84	0.402	0.422	709	757	-0.493395	0.088507	
A/pigeon/Sichuan/04.27_NB	0.3038	0.2760	0.4221	0.2863	0.159	-0.130	0.353	54.15	0.426	0.432	711	757	-0.501057	0.088507	
A/pigeon/Sichuan/NCXN29/2	0.2946	0.2808	0.4275	0.2826	0.161	-0.116	0.360	53.74	0.429	0.435	711	757	-0.510700	0.088507	
A/pigeon/Zhejiang/112089/	0.3058	0.2646	0.4322	0.2787	0.157	-0.122	0.355	54.00	0.414	0.431	712	757	-0.488639	0.088507	
A/pigeon/Zhejiang/112090/	0.3007	0.2680	0.4322	0.2806	0.157	-0.122	0.355	53.75	0.419	0.432	712	757	-0.488639	0.088507	
A/pigeon/Zhejiang/727097/	0.3103	0.2603	0.4325	0.2829	0.161	-0.111	0.362	54.12	0.413	0.428	710	757	-0.479657	0.093791	
A/plateau_pika/Qinghai/04	0.2790	0.2894	0.4203	0.2959	0.167	-0.098	0.370	52.98	0.446	0.439	710	757	-0.501717	0.088507	
A/Quail/Guangxi/GX-2/2017	0.3109	0.2522	0.4521	0.2634	0.154	-0.148	0.340	50.24	0.394	0.422	709	756	-0.468122	0.087302	
A/quail/Jiangsu/k0104/201	0.2734	0.2924	0.4247	0.2964	0.158	-0.131	0.352	51.61	0.449	0.438	711	757	-0.485733	0.091149	
A/quail/Jiangxi/B9/2015_(	0.2983	0.2672	0.4384	0.2801	0.162	-0.125	0.355	52.10	0.417	0.429	712	757	-0.507530	0.088507	
A/quail/Nanchang/6631/201	0.2988	0.2712	0.4366	0.2778	0.155	-0.130	0.352	54.02	0.418	0.432	711	757	-0.504888	0.088507	
A/Quail/Zhanjiang/16887/2	0.3029	0.2651	0.4511	0.2619	0.159	-0.123	0.356	51.47	0.402	0.425	711	757	-0.491546	0.089828	
A/Quanzhou/2/2024|EPI_ISL	0.3012	0.2685	0.4495	0.2574	0.153	-0.137	0.347	52.17	0.404	0.427	711	757	-0.481374	0.089828	
A/Shandong/1/2009|EPI_ISL	0.3028	0.2664	0.4348	0.2817	0.154	-0.149	0.340	53.10	0.416	0.428	711	757	-0.475958	0.088507	
A/Shenzhen/1/2015|EPI_ISL	0.2608	0.3074	0.4033	0.3181	0.163	-0.101	0.369	52.51	0.476	0.445	710	757	-0.501321	0.088507	
A/Shenzhen/1/2016|EPI_ISL	0.2638	0.3052	0.4156	0.3004	0.163	-0.108	0.364	53.22	0.463	0.443	711	757	-0.491149	0.088507	
A/Shenzhen/TH001/2015_(H5	0.2608	0.3074	0.4033	0.3181	0.163	-0.101	0.369	52.51	0.476	0.445	710	757	-0.501321	0.088507	
A/Shenzhen/TH003/2016(H5N	0.2677	0.2971	0.4062	0.3168	0.165	-0.103	0.368	53.94	0.468	0.443	710	757	-0.497622	0.088507	
A/Shoveller/Ningxia/488-5	0.2902	0.2798	0.4213	0.2931	0.158	-0.116	0.360	54.59	0.436	0.437	711	757	-0.495773	0.088507	
A/Sichuan/1/2006|EPI_ISL_	0.3028	0.2630	0.4312	0.2903	0.154	-0.142	0.345	53.66	0.419	0.429	711	757	-0.493263	0.088507	
A/Sichuan/2/2006|EPI_ISL_	0.3028	0.2630	0.4312	0.2914	0.153	-0.143	0.345	53.68	0.419	0.428	711	757	-0.491942	0.088507	
A/Sichuan/26221/2014|EPI_	0.3050	0.2738	0.4257	0.2823	0.158	-0.132	0.352	54.11	0.422	0.431	711	757	-0.501849	0.088507	
A/silkie_chicken/Dongguan	0.2936	0.2781	0.4257	0.2883	0.158	-0.121	0.357	54.28	0.430	0.435	711	757	-0.499075	0.088507	
A/Spatula_querquedula/Cho	0.2746	0.2884	0.4177	0.3037	0.165	-0.111	0.363	52.14	0.451	0.440	711	757	-0.497754	0.088507	
A/Spoonbill/HK/17-18259/2	0.2754	0.2857	0.4242	0.2947	0.159	-0.117	0.359	51.27	0.444	0.439	711	757	-0.498283	0.088507	
A/spoonbill/Taiwan/DB645/	0.2661	0.2917	0.4229	0.3056	0.161	-0.116	0.360	51.52	0.455	0.440	673	718	-0.516852	0.086351	
A/spot_billed_duck/Ningxi	0.2788	0.2857	0.4286	0.2874	0.165	-0.105	0.366	51.66	0.439	0.438	711	757	-0.494848	0.088507	
A/spot-billed_duck/Ningxi	0.2788	0.2857	0.4286	0.2874	0.165	-0.105	0.366	51.66	0.439	0.438	711	757	-0.494848	0.088507	
A/Streptopelia_decaocto/J	0.2608	0.3074	0.4044	0.3123	0.166	-0.102	0.368	52.29	0.474	0.447	709	757	-0.497754	0.088507	
A/Streptopelia_decaocto/J	0.2978	0.2702	0.4366	0.2772	0.156	-0.126	0.353	53.63	0.418	0.432	711	757	-0.491149	0.088507	
A/Streptopelia_decaocto/J	0.2608	0.3074	0.3996	0.3194	0.164	-0.107	0.365	52.78	0.478	0.446	709	757	-0.501982	0.088507	
A/swan_goose/Jilin/JL01/2	0.3109	0.2677	0.4283	0.2789	0.156	-0.138	0.347	53.95	0.415	0.429	711	757	-0.502642	0.088507	
A/swan/China/ST/2016|EPI_	0.2818	0.2818	0.4275	0.2899	0.159	-0.127	0.353	51.72	0.437	0.435	711	757	-0.505680	0.088507	
A/swan/Hebei/B01/2021|EPI	0.2803	0.2855	0.4218	0.2990	0.166	-0.115	0.361	51.75	0.445	0.438	710	757	-0.511625	0.089828	
A/swan/Shandong/W3762/202	0.2749	0.2938	0.4327	0.2812	0.160	-0.123	0.356	50.60	0.440	0.438	711	757	-0.500793	0.088507	
A/swine/China/RZ/2018|EPI	0.2909	0.2806	0.4224	0.2897	0.163	-0.096	0.371	54.45	0.434	0.437	712	757	-0.482959	0.088507	
A/swine/Guangdong/1/2014|	0.2917	0.2778	0.4221	0.2948	0.159	-0.120	0.358	54.41	0.434	0.437	709	757	-0.497358	0.091149	
A/swine/Guangdong/2/2014|	0.2953	0.2763	0.4203	0.2942	0.159	-0.116	0.360	54.49	0.433	0.436	711	757	-0.499075	0.088507	
A/swine/Guangdong/G3/2015	0.3045	0.2751	0.4185	0.2877	0.158	-0.126	0.354	54.88	0.428	0.434	711	757	-0.499736	0.088507	
A/swine/Shandong/SD1/2014	0.2976	0.2734	0.4319	0.2817	0.157	-0.132	0.351	53.13	0.423	0.433	710	757	-0.500132	0.088507	
A/Syrrhaptes_paradoxus/Gu	0.2971	0.2763	0.4185	0.2942	0.159	-0.124	0.356	54.70	0.433	0.437	711	757	-0.502246	0.088507	
A/Taiwan/DV413/2006|EPI_I	0.2971	0.2815	0.4090	0.2947	0.160	-0.115	0.361	52.86	0.440	0.439	712	758	-0.497361	0.088390	
A/Taiwan/DV518/2006|EPI_I	0.2971	0.2815	0.4108	0.2927	0.159	-0.117	0.360	52.93	0.438	0.438	712	758	-0.497361	0.088390	
A/thrush/Taiwan/15120021/	0.2660	0.3005	0.4410	0.2727	0.161	-0.097	0.371	51.00	0.440	0.436	709	757	-0.509511	0.088507	
A/tiger/Yunnan/tig1404/20	0.3010	0.2751	0.4312	0.2778	0.161	-0.109	0.364	54.17	0.421	0.432	711	757	-0.495905	0.088507	
A/tiger/Yunnan/tig1412/20	0.2988	0.2746	0.4293	0.2817	0.156	-0.123	0.356	54.03	0.423	0.433	711	757	-0.500000	0.088507	
A/tiger/Yunnan/tig1508/20	0.2830	0.2813	0.4260	0.2888	0.159	-0.116	0.360	53.05	0.437	0.436	712	757	-0.489168	0.088507	
A/tundra_swan/Fujian/SD12	0.2810	0.2914	0.4412	0.2677	0.160	-0.121	0.357	50.42	0.428	0.435	712	757	-0.497490	0.088507	
A/tundra_swan/Hubei/BQ3/2	0.2810	0.2810	0.4195	0.3018	0.162	-0.119	0.357	51.47	0.444	0.438	711	757	-0.507266	0.088507	
A/tundra_swan/Hubei/BQ4/2	0.2781	0.2867	0.4177	0.3018	0.166	-0.110	0.363	51.72	0.449	0.439	711	757	-0.502114	0.088507	
A/tundra_swan/Hubei/BQ6/2	0.2798	0.2850	0.4177	0.3018	0.165	-0.110	0.363	51.88	0.447	0.438	711	757	-0.505416	0.088507	
A/tundra_swan/Hubei/BQ7/2	0.2798	0.2850	0.4177	0.3012	0.167	-0.110	0.363	51.92	0.447	0.439	711	757	-0.505812	0.088507	
A/tundra_swan/Hubei/BQ8/2	0.2798	0.2850	0.4159	0.3037	0.165	-0.110	0.363	52.09	0.449	0.439	711	757	-0.505416	0.088507	
A/tundra_swan/Hubei/BQ9/2	0.2781	0.2867	0.4177	0.3018	0.166	-0.108	0.364	51.93	0.449	0.439	711	757	-0.505416	0.088507	
A/turkey/Changhua/1601001	0.2677	0.2971	0.4455	0.2713	0.162	-0.101	0.370	50.74	0.436	0.435	709	757	-0.507926	0.088507	
A/turkey/Chiayi/17020092-	0.2837	0.2803	0.4268	0.2939	0.158	-0.124	0.356	52.49	0.437	0.432	711	757	-0.503963	0.088507	
A/turkey/Chiayi/18010013-	0.2694	0.2988	0.4345	0.2798	0.166	-0.090	0.374	50.80	0.443	0.436	709	757	-0.487715	0.088507	
A/turkey/Yunlin/15060049-	0.2699	0.2958	0.4410	0.2747	0.163	-0.100	0.370	51.01	0.437	0.435	709	757	-0.500528	0.088507	
A/turkey/Yunlin/18020020-	0.2677	0.3005	0.4345	0.2798	0.165	-0.093	0.372	50.88	0.444	0.437	709	757	-0.487715	0.088507	
A/turkey/Yunlin/18110001-	0.2763	0.2919	0.4380	0.2783	0.163	-0.098	0.370	50.79	0.436	0.432	709	757	-0.491546	0.088507	
A/turkey/Yunlin/18120005-	0.2677	0.2971	0.4087	0.3104	0.165	-0.096	0.371	53.02	0.464	0.444	711	757	-0.502246	0.088507	
A/turtle_dove/Guangdong/3	0.3028	0.2630	0.4348	0.2857	0.157	-0.131	0.352	53.53	0.416	0.429	711	757	-0.500132	0.088507	
A/turtle_dove/Hunan/S4004	0.2788	0.2840	0.4288	0.2888	0.160	-0.115	0.360	52.87	0.438	0.435	712	757	-0.492999	0.088507	
A/Waterfowl/Hubei/Chenhu1	0.3062	0.2716	0.4275	0.2792	0.157	-0.135	0.349	54.01	0.419	0.432	711	757	-0.503963	0.088507	
A/Waterfowl/Hubei/Chenhu1	0.3062	0.2716	0.4275	0.2792	0.157	-0.135	0.349	54.01	0.419	0.432	711	757	-0.503963	0.088507	
A/whiskered_tern/Hubei/BQ	0.2793	0.2845	0.4188	0.3018	0.164	-0.111	0.362	51.87	0.447	0.438	712	757	-0.501982	0.088507	
A/white_naped_crane/China	0.2955	0.2698	0.4304	0.2840	0.156	-0.127	0.353	53.14	0.423	0.433	711	757	-0.498151	0.088507	
A/White-eyed_Pochard/Ning	0.2815	0.2815	0.4061	0.3150	0.163	-0.131	0.352	52.28	0.454	0.443	711	757	-0.497226	0.088507	
A/whooper_swan/Henan/8/20	0.2721	0.2960	0.4476	0.2682	0.159	-0.114	0.361	51.81	0.431	0.435	673	718	-0.511421	0.086351	
A/whooper_swan/Henan/14/2	0.2721	0.2960	0.4476	0.2682	0.159	-0.114	0.361	51.81	0.431	0.435	673	718	-0.511421	0.086351	
A/whooper_swan/Henan/44/2	0.2721	0.2960	0.4476	0.2676	0.160	-0.112	0.363	51.92	0.431	0.435	673	718	-0.518663	0.086351	
A/whooper_swan/Henan/45/2	0.2721	0.2960	0.4476	0.2682	0.159	-0.114	0.361	51.81	0.431	0.435	673	718	-0.511421	0.086351	
A/whooper_swan/Henan/46/2	0.2721	0.2960	0.4476	0.2682	0.159	-0.114	0.361	51.81	0.431	0.435	673	718	-0.511421	0.086351	
A/whooper_swan/Henan/424/	0.2721	0.2960	0.4476	0.2682	0.159	-0.114	0.361	51.76	0.431	0.435	673	718	-0.507939	0.086351	
A/whooper_swan/Henan/SM1/	0.2798	0.2850	0.4177	0.3018	0.165	-0.110	0.363	51.88	0.447	0.438	711	757	-0.505416	0.088507	
A/whooper_swan/Henan/SM16	0.2798	0.2850	0.4177	0.3018	0.164	-0.115	0.360	51.95	0.447	0.439	711	757	-0.503170	0.088507	
A/whooper_swan/Henan/SM31	0.2798	0.2850	0.4177	0.3018	0.165	-0.113	0.361	51.96	0.447	0.438	711	757	-0.505416	0.088507	
A/whooper_swan/Henan/SM61	0.2815	0.2832	0.4177	0.3018	0.166	-0.108	0.364	52.16	0.446	0.437	711	757	-0.508851	0.088507	
A/whooper_swan/Henan/SM76	0.2828	0.2828	0.4167	0.3024	0.164	-0.115	0.360	51.81	0.446	0.438	711	757	-0.504888	0.088507	
A/whooper_swan/Henan/SM86	0.2815	0.2832	0.4177	0.3018	0.165	-0.110	0.363	51.90	0.446	0.438	711	757	-0.505416	0.088507	
A/whooper_swan/Henan/SM11	0.2815	0.2832	0.4177	0.3018	0.165	-0.113	0.361	51.82	0.446	0.438	711	757	-0.505416	0.088507	
A/whooper_swan/Henan/SMQ5	0.2798	0.2850	0.4195	0.2992	0.167	-0.110	0.363	51.79	0.446	0.438	711	757	-0.505812	0.088507	
A/whooper_swan/Henan/SMQ7	0.2815	0.2832	0.4177	0.3012	0.167	-0.110	0.363	51.89	0.446	0.439	711	757	-0.502378	0.088507	
A/whooper_swan/Henan/SMQ9	0.2815	0.2832	0.4159	0.3037	0.165	-0.115	0.360	51.92	0.447	0.438	711	757	-0.505416	0.088507	
A/whooper_swan/Henan/SMQ1	0.2815	0.2832	0.4159	0.3037	0.165	-0.115	0.360	51.92	0.447	0.438	711	757	-0.505416	0.088507	
A/whooper_swan/Henan/SMX1	0.2950	0.2727	0.4332	0.2812	0.156	-0.122	0.355	53.31	0.422	0.431	713	757	-0.484809	0.088507	
A/whooper_swan/Henan/SMX3	0.2950	0.2727	0.4314	0.2832	0.157	-0.120	0.356	53.41	0.424	0.432	713	757	-0.484809	0.088507	
A/whooper_swan/Henan/SMX4	0.2950	0.2727	0.4314	0.2832	0.157	-0.120	0.356	53.41	0.424	0.432	713	757	-0.484809	0.088507	
A/whooper_swan/Henan/SMX9	0.2950	0.2727	0.4314	0.2826	0.156	-0.120	0.356	53.37	0.424	0.432	713	757	-0.491810	0.088507	
A/whooper_swan/Henan/T578	0.2815	0.2902	0.4094	0.3037	0.164	-0.114	0.361	52.70	0.453	0.440	711	757	-0.500528	0.088507	
A/whooper_swan/Henan/T874	0.2815	0.2902	0.4094	0.3037	0.164	-0.114	0.361	52.70	0.453	0.440	711	757	-0.500528	0.088507	
A/whooper_swan/Henan/T880	0.2815	0.2902	0.4094	0.3037	0.164	-0.114	0.361	52.70	0.453	0.440	711	757	-0.500528	0.088507	
A/whooper_swan/Henan/T886	0.2815	0.2902	0.4094	0.3037	0.164	-0.114	0.361	52.70	0.453	0.440	711	757	-0.500528	0.088507	
A/whooper_swan/Henan/T888	0.2815	0.2902	0.4094	0.3037	0.164	-0.114	0.361	52.70	0.453	0.440	711	757	-0.500528	0.088507	
A/whooper_swan/Henan/Y120	0.2815	0.2902	0.4094	0.3037	0.164	-0.114	0.361	52.70	0.453	0.440	711	757	-0.500528	0.088507	
A/whooper_swan/Inner_Mong	0.2763	0.2867	0.4177	0.3037	0.165	-0.110	0.363	51.81	0.450	0.439	711	757	-0.505416	0.088507	
A/Whooper_Swan/Sanmenxia/	0.2784	0.2852	0.4275	0.2899	0.159	-0.125	0.354	51.68	0.440	0.437	711	757	-0.508851	0.088507	
A/Whooper_swan/Sanmenxia/	0.2793	0.2828	0.4177	0.3037	0.162	-0.118	0.359	51.63	0.447	0.437	711	757	-0.498019	0.088507	
A/Whooper_swan/Sanmenxia/	0.2806	0.2806	0.4152	0.3071	0.163	-0.116	0.360	52.00	0.448	0.439	712	757	-0.509643	0.088507	
A/Whooper_swan/Sanmenxia/	0.2815	0.2832	0.4159	0.3037	0.165	-0.115	0.360	51.92	0.447	0.438	711	757	-0.505416	0.088507	
A/Whooper_swan/Sanmenxia/	0.2806	0.2806	0.4170	0.3051	0.163	-0.113	0.361	52.02	0.447	0.439	712	757	-0.509643	0.088507	
A/Whooper_swan/Sanmenxia/	0.2793	0.2845	0.4177	0.3018	0.164	-0.110	0.363	51.88	0.447	0.439	711	757	-0.506209	0.088507	
A/Whooper_swan/Sanmenxia/	0.2793	0.2828	0.4177	0.3037	0.162	-0.118	0.359	51.63	0.447	0.437	711	757	-0.498019	0.088507	
A/Whooper_swan/Sanmenxia/	0.2798	0.2850	0.4177	0.3018	0.165	-0.110	0.363	51.88	0.447	0.438	711	757	-0.505416	0.088507	
A/Whooper_swan/Sanmenxia/	0.2798	0.2850	0.4177	0.3018	0.165	-0.110	0.363	51.88	0.447	0.438	711	757	-0.505416	0.088507	
A/Whooper_swan/Sanmenxia/	0.2798	0.2832	0.4195	0.3018	0.165	-0.110	0.363	51.98	0.446	0.438	711	757	-0.505416	0.088507	
A/Whooper_swan/Sanmenxia/	0.2793	0.2828	0.4195	0.3018	0.162	-0.118	0.359	51.62	0.446	0.438	711	757	-0.505152	0.088507	
A/Whooper_swan/Sanmenxia/	0.2815	0.2832	0.4159	0.3037	0.165	-0.115	0.360	51.92	0.447	0.438	711	757	-0.505416	0.088507	
A/Whooper_swan/Sanmenxia/	0.2793	0.2828	0.4195	0.3018	0.162	-0.115	0.360	51.63	0.446	0.437	711	757	-0.498019	0.088507	
A/Whooper_swan/Sanmenxia/	0.2798	0.2832	0.4195	0.3018	0.165	-0.113	0.361	51.85	0.446	0.438	711	757	-0.505416	0.088507	
A/Whooper_swan/Sanmenxia/	0.2776	0.2862	0.4177	0.3018	0.164	-0.110	0.363	51.86	0.449	0.439	711	757	-0.506209	0.088507	
A/Whooper_swan/Sanmenxia/	0.2798	0.2850	0.4177	0.3018	0.165	-0.110	0.363	51.88	0.447	0.438	711	757	-0.505416	0.088507	
A/Whooper_swan/Sanmenxia/	0.2798	0.2850	0.4177	0.3018	0.165	-0.113	0.361	51.96	0.447	0.438	711	757	-0.505416	0.088507	
A/Whooper_swan/Sanmenxia/	0.2815	0.2832	0.4177	0.3018	0.165	-0.113	0.361	51.93	0.446	0.438	711	757	-0.505416	0.088507	
A/Whooper_swan/Sanmenxia/	0.2798	0.2850	0.4195	0.2998	0.166	-0.110	0.363	51.98	0.446	0.438	711	757	-0.505416	0.088507	
A/Whooper_swan/Sanmenxia/	0.2798	0.2850	0.4195	0.2992	0.166	-0.113	0.361	51.79	0.446	0.438	711	757	-0.505812	0.088507	
A/Whooper_swan/Sanmenxia/	0.2798	0.2850	0.4177	0.3018	0.165	-0.113	0.361	51.96	0.447	0.438	711	757	-0.505416	0.088507	
A/Whooper_swan/Sanmenxia/	0.2815	0.2832	0.4159	0.3037	0.165	-0.115	0.360	51.92	0.447	0.438	711	757	-0.505416	0.088507	
A/Whooper_swan/Sanmenxia/	0.2793	0.2828	0.4195	0.3018	0.163	-0.115	0.360	51.65	0.446	0.438	711	757	-0.506209	0.088507	
A/Whooper_swan/Sanmenxia/	0.2798	0.2850	0.4177	0.3018	0.165	-0.110	0.363	51.88	0.447	0.438	711	757	-0.505416	0.088507	
A/whooper_swan/Shaanxi/SX	0.2815	0.2832	0.4159	0.3037	0.165	-0.115	0.360	51.92	0.447	0.438	711	757	-0.505416	0.088507	
A/whooper_swan/Shaanxi/SX	0.2815	0.2832	0.4177	0.3018	0.165	-0.113	0.361	51.82	0.446	0.438	711	757	-0.505416	0.088507	
A/whooper_swan/Shaanxi/SX	0.2815	0.2832	0.4177	0.3018	0.165	-0.113	0.361	51.82	0.446	0.438	711	757	-0.505416	0.088507	
A/whooper_swan/Shandong/S	0.2754	0.2874	0.4167	0.3043	0.163	-0.111	0.363	51.96	0.451	0.439	711	757	-0.505152	0.088507	
A/whooper_swan/Shandong/S	0.2754	0.2874	0.4185	0.3024	0.162	-0.111	0.363	51.98	0.450	0.439	711	757	-0.508322	0.088507	
A/whooper_swan/Shandong/S	0.2754	0.2874	0.4185	0.3024	0.162	-0.113	0.361	51.83	0.450	0.439	711	757	-0.505152	0.088507	
A/whooper_swan/Shandong/S	0.2707	0.2966	0.3942	0.3235	0.157	-0.137	0.347	52.90	0.473	0.446	712	757	-0.503170	0.088507	
A/whooper_swan/Shandong/S	0.2776	0.2845	0.4195	0.3018	0.162	-0.113	0.361	51.81	0.447	0.438	711	757	-0.505152	0.088507	
A/whooper_swan/Shandong/S	0.2793	0.2828	0.4177	0.3037	0.162	-0.115	0.360	51.81	0.447	0.438	711	757	-0.505152	0.088507	
A/whooper_swan/Shandong/S	0.2759	0.2862	0.4213	0.2998	0.163	-0.111	0.363	51.85	0.447	0.438	711	757	-0.505152	0.088507	
A/whooper_swan/Shanxi/4-1	0.2798	0.2850	0.4177	0.3018	0.165	-0.110	0.363	51.88	0.447	0.438	711	757	-0.505416	0.088507	
A/whooper_swan/Shanxi/4-2	0.2798	0.2850	0.4177	0.3018	0.165	-0.110	0.363	51.88	0.447	0.438	711	757	-0.505416	0.088507	
A/whooper_swan/Shanxi/14/	0.2721	0.2960	0.4476	0.2682	0.159	-0.114	0.361	51.81	0.431	0.435	673	718	-0.511421	0.086351	
A/whooper_swan/Shanxi/20/	0.2721	0.2960	0.4476	0.2682	0.159	-0.114	0.361	51.81	0.431	0.435	673	718	-0.511421	0.086351	
A/whooper_swan/Shanxi/RC0	0.2784	0.2852	0.4275	0.2899	0.159	-0.125	0.354	51.68	0.440	0.437	711	757	-0.508851	0.088507	
A/whooper_swan/Shanxi/SX1	0.2781	0.2884	0.4159	0.3018	0.165	-0.108	0.364	51.92	0.450	0.439	711	757	-0.505416	0.088507	
A/whooper_swan/Shanxi/SX3	0.2798	0.2850	0.4177	0.3018	0.165	-0.110	0.363	51.88	0.447	0.438	711	757	-0.505416	0.088507	
A/whooper_swan/Shanxi/SX5	0.2776	0.2879	0.4159	0.3018	0.164	-0.107	0.364	51.92	0.450	0.439	711	757	-0.506209	0.088507	
A/whooper_swan/Shanxi/SX1	0.2785	0.2837	0.4224	0.2992	0.165	-0.108	0.364	51.80	0.444	0.437	711	757	-0.508322	0.087186	
A/whooper_swan/Shanxi/SX1	0.2832	0.2781	0.4159	0.3071	0.164	-0.103	0.367	52.33	0.446	0.439	711	757	-0.501321	0.088507	
A/whooper_swan/Shanxi/SX1	0.2815	0.2832	0.4177	0.3018	0.166	-0.108	0.364	52.16	0.446	0.437	711	757	-0.508851	0.088507	
A/whooper_swan/Shanxi/SX2	0.2815	0.2832	0.4177	0.3018	0.166	-0.108	0.364	52.16	0.446	0.437	711	757	-0.508851	0.088507	
A/whooper_swan/Shanxi/SX2	0.2815	0.2832	0.4177	0.3018	0.166	-0.108	0.364	52.16	0.446	0.437	711	757	-0.508851	0.088507	
A/whooper_swan/Shanxi/SX2	0.2815	0.2832	0.4177	0.3018	0.166	-0.108	0.364	52.16	0.446	0.437	711	757	-0.508851	0.088507	
A/whooper_swan/Shanxi/SX2	0.2798	0.2832	0.4213	0.2992	0.165	-0.115	0.360	51.64	0.444	0.438	711	757	-0.505812	0.088507	
A/whooper_swan/Shanxi/SX2	0.2781	0.2867	0.4195	0.2992	0.166	-0.110	0.363	51.69	0.447	0.439	711	757	-0.505812	0.088507	
A/whooper_swan/Shanxi/SX2	0.2815	0.2832	0.4159	0.3037	0.167	-0.105	0.366	52.33	0.447	0.437	711	757	-0.508851	0.088507	
A/whooper_swan/Shanxi/SX3	0.2798	0.2850	0.4159	0.3037	0.166	-0.108	0.364	52.09	0.449	0.439	711	757	-0.505416	0.088507	
A/Wigeon/Ningxia/476-12/2	0.2837	0.2785	0.4221	0.3024	0.163	-0.121	0.357	53.38	0.442	0.439	711	757	-0.500000	0.088507	
A/wild_bird/Eastern_China	0.2702	0.2960	0.4069	0.3110	0.158	-0.121	0.357	52.88	0.463	0.443	712	757	-0.497622	0.087186	
A/wild_bird/Eastern_China	0.2690	0.2966	0.4105	0.3071	0.157	-0.123	0.356	52.79	0.461	0.443	711	757	-0.502114	0.088507	
A/wild_bird/Eastern_China	0.2672	0.2983	0.4069	0.3110	0.158	-0.118	0.359	52.97	0.466	0.444	711	757	-0.501717	0.088507	
A/wild_bird/Hubei/12.12_L	0.2801	0.2852	0.4293	0.2840	0.160	-0.121	0.356	51.27	0.437	0.436	710	757	-0.507662	0.087186	
A/wild_bird/Hunan/01.14_Y	0.2973	0.2732	0.4231	0.2897	0.157	-0.106	0.365	54.29	0.428	0.436	712	757	-0.485469	0.088507	
A/wild_bird/Hunan/01.14_Y	0.2884	0.2832	0.4164	0.2982	0.157	-0.118	0.359	53.09	0.442	0.439	710	757	-0.496301	0.088507	
A/wild_bird/Hunan/02.24_Y	0.2955	0.2766	0.4213	0.2897	0.160	-0.105	0.365	54.54	0.431	0.436	712	757	-0.483487	0.088507	
A/wild_bird/Hunan/02.24_Y	0.2938	0.2784	0.4213	0.2897	0.161	-0.103	0.367	54.55	0.433	0.437	712	757	-0.483487	0.088507	
A/wild_bird/Hunan/03.08_D	0.2938	0.2784	0.4213	0.2897	0.161	-0.103	0.367	54.55	0.433	0.437	712	757	-0.483487	0.088507	
A/wild_bird/Taipei/04WB12	0.2902	0.2884	0.4033	0.3012	0.163	-0.103	0.367	52.42	0.450	0.442	711	757	-0.497886	0.088507	
A/wild_bird/Zhejiang/NBXS	0.2823	0.2754	0.4239	0.3024	0.157	-0.123	0.356	51.54	0.440	0.439	711	757	-0.496830	0.088507	
A/wild_duck/Fujian/1/2011	0.2978	0.2685	0.4312	0.2857	0.156	-0.118	0.357	53.80	0.422	0.434	711	757	-0.489300	0.087186	
A/wild_duck/Fujian/2/2011	0.2978	0.2685	0.4304	0.2851	0.156	-0.118	0.357	53.78	0.422	0.434	711	757	-0.493659	0.087186	
A/wild_duck/Hebei/SD012/2	0.2793	0.2948	0.4384	0.2682	0.161	-0.119	0.359	51.03	0.432	0.436	711	757	-0.496962	0.088507	
A/wild_duck/Hunan/12.28_D	0.2763	0.2919	0.4203	0.2959	0.159	-0.138	0.347	51.35	0.449	0.439	711	757	-0.505416	0.088507	
A/wild_duck/Jiangsu/SD019	0.2828	0.2810	0.4159	0.3037	0.161	-0.120	0.357	51.76	0.446	0.437	711	757	-0.499736	0.088507	
A/wild_duck/Jilin/HF/2011	0.2897	0.2776	0.4213	0.2976	0.160	-0.126	0.354	54.07	0.437	0.436	712	757	-0.489168	0.088507	
A/wild_duck/Jilin/ZF/2011	0.2655	0.3052	0.4127	0.3042	0.159	-0.120	0.357	53.23	0.464	0.441	711	757	-0.493395	0.088507	
A/wild_duck/Shandong/1/20	0.2976	0.2751	0.4126	0.2990	0.153	-0.149	0.340	53.85	0.436	0.435	711	757	-0.465258	0.088507	
A/wild_duck/Shandong/2/20	0.3038	0.2656	0.4309	0.2846	0.158	-0.130	0.353	54.05	0.419	0.429	709	757	-0.517041	0.088507	
A/wild_duck/Shandong/628/	0.2943	0.2719	0.4485	0.2663	0.161	-0.128	0.353	51.17	0.412	0.428	712	757	-0.500132	0.087186	
A/wild_duck/Shandong/SC17	0.2754	0.2874	0.4185	0.3024	0.162	-0.113	0.361	51.83	0.450	0.439	711	757	-0.505152	0.088507	
A/wild_goose/Shandong/SC1	0.2793	0.2828	0.4177	0.3037	0.162	-0.115	0.360	51.81	0.447	0.438	711	757	-0.505152	0.088507	
A/wild_pigeon/Jilin/CC01/	0.3000	0.2707	0.4376	0.2763	0.153	-0.133	0.351	53.86	0.416	0.430	712	757	-0.492338	0.089828	
A/wildfowl/China/472/2014	0.2990	0.2560	0.4079	0.3228	0.148	-0.164	0.331	53.03	0.439	0.434	713	757	-0.500264	0.088507	
A/Xinjiang/1/2006|EPI_ISL	0.3069	0.2655	0.4301	0.2817	0.159	-0.126	0.353	52.95	0.416	0.428	711	757	-0.495905	0.088507	
A/Xinjiang/1/2009|EPI_ISL	0.2988	0.2694	0.4257	0.2948	0.156	-0.141	0.346	54.08	0.427	0.431	712	757	-0.485997	0.088507	
A/Yunnan/14563/2015|EPI_I	0.2672	0.3034	0.4218	0.2911	0.163	-0.100	0.369	52.59	0.455	0.439	710	757	-0.495641	0.088507	
A/Yunnan/DQ002/2015(H5N6)	0.2672	0.3052	0.4164	0.2945	0.165	-0.095	0.372	52.83	0.459	0.440	710	757	-0.496037	0.088507	
A/Zhejiang/1/2006|EPI_ISL	0.2988	0.2694	0.4301	0.2883	0.157	-0.132	0.350	53.81	0.423	0.431	711	757	-0.493659	0.088507	
A/Anas_platyrhynchos/jiuj	0.2746	0.2884	0.4177	0.3037	0.165	-0.111	0.363	52.14	0.451	0.440	711	757	-0.497754	0.088507	
A/Anas_crecca/Hubei/Chenh	0.3062	0.2734	0.4275	0.2772	0.158	-0.132	0.350	54.19	0.419	0.431	711	757	-0.500793	0.088507	
A/Anhui/1/2006_H5N1|GCA_0	0.3010	0.2630	0.4312	0.2917	0.155	-0.137	0.347	53.54	0.421	0.430	711	757	-0.493659	0.088507	
A/Anhui/1/2007_H5N1|GCA_0	0.2988	0.2712	0.4283	0.2883	0.155	-0.142	0.345	54.04	0.425	0.431	711	757	-0.493659	0.088507	
A/Anhui/2/2005_H5N1|GCA_0	0.3010	0.2630	0.4356	0.2869	0.153	-0.144	0.344	53.40	0.417	0.428	710	757	-0.485601	0.088507	
A/Anser_cygnoides/China/P	0.2993	0.2751	0.4293	0.2817	0.162	-0.111	0.363	54.00	0.423	0.432	711	757	-0.499340	0.088507	
A/Anser_cygnoides/Hubei/F	0.2801	0.2852	0.4293	0.2840	0.160	-0.121	0.356	51.27	0.437	0.436	710	757	-0.507662	0.087186	
A/Anser_fabalis/jiujiang/	0.2746	0.2884	0.4177	0.3037	0.165	-0.111	0.363	52.14	0.451	0.440	711	757	-0.497754	0.088507	
A/Anser_fabalis/jiujiang/	0.2746	0.2884	0.4177	0.3037	0.165	-0.111	0.363	52.14	0.451	0.440	711	757	-0.497754	0.088507	
A/Anser_fabalis/jiujiang/	0.2746	0.2884	0.4177	0.3037	0.165	-0.111	0.363	52.14	0.451	0.440	711	757	-0.497754	0.088507	
A/Bulbul/Taiwan/01156/201	0.2855	0.2785	0.4159	0.3057	0.158	-0.125	0.354	52.70	0.444	0.435	711	757	-0.496433	0.088507	
A/Changsha/1/2014_H5N6|GC	0.2943	0.2754	0.4231	0.2917	0.157	-0.125	0.354	54.44	0.431	0.435	712	757	-0.485865	0.088507	
A/China/Original/2018_H5N	0.2948	0.2810	0.4159	0.2911	0.163	-0.102	0.367	54.03	0.436	0.439	711	757	-0.473844	0.088507	
A/Chlidonias_hybrida/Hube	0.2798	0.2850	0.4159	0.3037	0.165	-0.110	0.363	52.09	0.449	0.439	711	757	-0.505416	0.088507	
A/Commom_Teal/Ningxia/474	0.2738	0.2946	0.4123	0.3057	0.166	-0.109	0.364	53.20	0.457	0.443	711	757	-0.495112	0.088507	
A/Copsychus_saularis/Guan	0.2993	0.2734	0.4322	0.2787	0.159	-0.118	0.359	53.83	0.421	0.433	711	757	-0.495509	0.088507	
A/Cygnus_atratus/Hubei/2Z	0.2801	0.2835	0.4275	0.2894	0.162	-0.122	0.356	51.92	0.439	0.436	711	757	-0.506077	0.088507	
A/Cygnus_atratus/Hubei/HF	0.2784	0.2852	0.4293	0.2880	0.159	-0.127	0.353	51.43	0.439	0.436	711	757	-0.505680	0.088507	
A/Cygnus_columbianus/Hube	0.2781	0.2867	0.4177	0.3018	0.166	-0.108	0.364	51.93	0.449	0.439	711	757	-0.505416	0.088507	
A/Cygnus_columbianus/Hube	0.2798	0.2850	0.4177	0.3018	0.165	-0.110	0.363	51.88	0.447	0.438	711	757	-0.505416	0.088507	
A/Cygnus_columbianus/Hube	0.2793	0.2828	0.4195	0.3018	0.163	-0.117	0.359	51.47	0.446	0.438	711	757	-0.506209	0.088507	
A/Cygnus_columbianus/Hube	0.2781	0.2867	0.4177	0.3018	0.165	-0.110	0.363	51.82	0.449	0.439	711	757	-0.505416	0.088507	
A/Cygnus_columbianus/Hube	0.2798	0.2850	0.4170	0.3012	0.166	-0.110	0.363	51.88	0.447	0.439	711	757	-0.501849	0.088507	
A/Cygnus_columbianus/Hube	0.2798	0.2850	0.4159	0.3037	0.165	-0.110	0.363	52.09	0.449	0.439	711	757	-0.505416	0.088507	
A/Cygnus_columbianus/Hube	0.2793	0.2845	0.4177	0.3018	0.164	-0.110	0.363	51.88	0.447	0.439	711	757	-0.506209	0.088507	
A/Duck/Dongting/D76-1/201	0.2763	0.2919	0.4185	0.2978	0.159	-0.138	0.347	51.53	0.450	0.439	711	757	-0.505416	0.088507	
A/Duck/Jiangxi/631/2024_H	0.2902	0.2763	0.4188	0.2967	0.161	-0.111	0.363	51.85	0.437	0.438	711	757	-0.501189	0.087186	
A/Falcated_Duck/Ningxia/4	0.2781	0.2832	0.4134	0.3091	0.166	-0.113	0.361	52.20	0.451	0.442	711	757	-0.497226	0.088507	
A/Ferruginous_Pochard/Nin	0.2815	0.2815	0.4061	0.3150	0.163	-0.131	0.352	52.28	0.454	0.443	711	757	-0.497226	0.088507	
A/Gadwall/Ningxia/472-7/2	0.2884	0.2832	0.4177	0.2950	0.160	-0.111	0.363	54.68	0.440	0.439	711	757	-0.495773	0.088507	
A/Gallinula_chloropus/Gua	0.2988	0.2746	0.4293	0.2812	0.159	-0.118	0.359	53.91	0.423	0.433	711	757	-0.503699	0.088507	
A/Guangdong/1/2008_H5N1|G	0.2976	0.2682	0.4402	0.2798	0.151	-0.152	0.339	53.42	0.416	0.428	711	757	-0.493659	0.088507	
A/Guangdong/2/2006_H5N1|G	0.2958	0.2716	0.4257	0.2937	0.158	-0.132	0.350	53.72	0.429	0.432	711	757	-0.493659	0.088507	
A/Guangdong/lgf/2021_H5N6	0.2737	0.2840	0.4396	0.2824	0.153	-0.139	0.346	52.06	0.434	0.435	712	757	-0.502510	0.088507	
A/Guangxi/1/2005_H5N1|GCA	0.2998	0.2669	0.4296	0.2885	0.157	-0.130	0.352	54.26	0.422	0.431	711	757	-0.501057	0.087186	
A/Guangxi/1/2008_H5N1|GCA	0.3000	0.2707	0.4231	0.2917	0.152	-0.146	0.341	53.63	0.427	0.432	712	757	-0.484544	0.088507	
A/Guangzhou/39715/2014_H5	0.2971	0.2763	0.4203	0.2922	0.160	-0.116	0.360	54.30	0.432	0.435	711	757	-0.499075	0.088507	
A/Guizhou/1/2009_H5N1|GCA	0.2936	0.2712	0.4281	0.2919	0.157	-0.125	0.353	54.11	0.428	0.432	713	757	-0.489168	0.088507	
A/Hunan/1/2008_H5N1|GCA_0	0.2969	0.2726	0.4275	0.2928	0.160	-0.126	0.354	54.29	0.428	0.430	711	757	-0.484808	0.088507	
A/Hunan/2/2009_H5N1|GCA_0	0.2983	0.2690	0.4255	0.2919	0.158	-0.121	0.356	54.45	0.426	0.432	714	757	-0.480845	0.088507	
A/Japanese_white-eye/Taoy	0.2983	0.2707	0.4330	0.2806	0.158	-0.116	0.359	54.19	0.421	0.433	711	757	-0.492734	0.088507	
A/Nanjing/1/2015_H5N1|GCA	0.2737	0.2909	0.4126	0.3039	0.160	-0.114	0.361	53.19	0.455	0.442	712	757	-0.490621	0.088507	
A/Northern_Shoveler/Ningx	0.2902	0.2798	0.4213	0.2931	0.158	-0.116	0.360	54.59	0.436	0.437	711	757	-0.495773	0.088507	
A/Pavo_cristatus/China/JS	0.2973	0.2680	0.4322	0.2821	0.157	-0.123	0.356	52.92	0.421	0.432	711	757	-0.501321	0.088507	
A/Pavo_cristatus/China/K1	0.2973	0.2680	0.4322	0.2821	0.157	-0.123	0.356	52.92	0.421	0.432	711	757	-0.501321	0.088507	
A/Pavo_cristatus/Jiangxi/	0.2887	0.2835	0.4195	0.2922	0.162	-0.096	0.371	53.87	0.438	0.438	712	757	-0.486262	0.088507	
A/Rattus_norvegicus/China	0.3064	0.2651	0.4438	0.2673	0.159	-0.123	0.357	51.94	0.406	0.425	712	757	-0.512946	0.088507	
A/Shandong/1/2009_H5N1|GC	0.3028	0.2664	0.4348	0.2817	0.154	-0.149	0.340	53.10	0.416	0.428	711	757	-0.475958	0.088507	
A/Spatula_querquedula/cho	0.2746	0.2884	0.4177	0.3037	0.165	-0.111	0.363	52.14	0.451	0.440	711	757	-0.497754	0.088507	
A/Syrrhaptes_paradoxus/Gu	0.2971	0.2763	0.4185	0.2942	0.159	-0.124	0.356	54.70	0.433	0.437	711	757	-0.502246	0.088507	
A/Taiwan/DV413/2006_H5N2|	0.2971	0.2815	0.4090	0.2947	0.160	-0.115	0.361	52.86	0.440	0.439	712	758	-0.497361	0.088390	
A/Taiwan/DV518/2006_H5N2|	0.2971	0.2815	0.4108	0.2927	0.159	-0.117	0.360	52.93	0.438	0.438	712	758	-0.497361	0.088390	
A/Whooper_Swan/Sanmenxia/	0.2784	0.2852	0.4275	0.2899	0.159	-0.125	0.354	51.68	0.440	0.437	711	757	-0.508851	0.088507	
A/Wild_bird/Huadong/CIXI2	0.2776	0.2845	0.4195	0.3018	0.161	-0.118	0.359	51.74	0.447	0.438	711	757	-0.505152	0.088507	
A/Wild_bird/Huadong/CM120	0.2719	0.2926	0.4116	0.3065	0.160	-0.114	0.361	53.62	0.458	0.441	712	757	-0.491281	0.089828	
A/Wild_bird/Huadong/DF10/	0.2921	0.2818	0.4061	0.3024	0.159	-0.110	0.362	55.39	0.445	0.442	712	757	-0.478600	0.088507	
A/Wild_bird/Huadong/DT10/	0.2921	0.2749	0.4314	0.2840	0.159	-0.111	0.362	54.22	0.426	0.434	713	757	-0.497886	0.089828	
A/Wild_bird/Huadong/GY116	0.2921	0.2818	0.4025	0.3063	0.159	-0.113	0.361	55.30	0.448	0.443	712	757	-0.478600	0.088507	
A/Wild_bird/Huadong/GY183	0.3138	0.2552	0.4539	0.2604	0.162	-0.121	0.358	51.35	0.392	0.420	712	757	-0.503170	0.088507	
A/Wild_bird/Huadong/GY999	0.3036	0.2659	0.4340	0.2761	0.158	-0.118	0.358	52.57	0.414	0.430	712	757	-0.494584	0.088507	
A/Wild_bird/Huadong/JYWB4	0.3007	0.2680	0.4304	0.2826	0.159	-0.114	0.360	53.94	0.420	0.432	712	757	-0.488639	0.088507	
A/Wild_bird/Huadong/QP10/	0.2948	0.2810	0.4275	0.2829	0.161	-0.100	0.368	54.99	0.428	0.433	712	757	-0.496169	0.089828	
A/Wild_bird/Huadong/SH17/	0.2921	0.2818	0.4043	0.3043	0.159	-0.110	0.362	55.32	0.447	0.442	712	757	-0.478600	0.088507	
A/Wild_bird/Huadong/SSW7/	0.3126	0.2573	0.4457	0.2673	0.162	-0.125	0.356	51.74	0.399	0.423	711	757	-0.504624	0.088507	
A/Wild_bird/Huadong/SZ111	0.2909	0.2806	0.4224	0.2897	0.159	-0.105	0.365	54.36	0.434	0.435	712	757	-0.480846	0.088507	
A/Wild_bird/Huadong/YC148	0.3103	0.2586	0.4485	0.2653	0.161	-0.123	0.357	51.68	0.399	0.422	712	757	-0.501189	0.088507	
A/Wild_bird/Huadong/YX68/	0.2933	0.2813	0.4043	0.3043	0.160	-0.112	0.362	55.59	0.446	0.441	713	757	-0.474108	0.087186	
A/Xinjiang/1/2009_H5N1|GC	0.2988	0.2694	0.4257	0.2948	0.156	-0.141	0.346	54.08	0.427	0.431	712	757	-0.485997	0.088507	
A/Yangzhou/125/2022_H5N6|	0.3012	0.2651	0.4475	0.2688	0.157	-0.123	0.355	52.86	0.407	0.426	712	757	-0.494980	0.088507	
A/avian/Hong_Kong/0719/20	0.2960	0.2685	0.4340	0.2851	0.151	-0.147	0.341	53.09	0.421	0.432	712	757	-0.486790	0.088507	
A/avian/Hong_Kong/1993/20	0.2978	0.2668	0.4340	0.2851	0.151	-0.149	0.340	53.17	0.420	0.431	712	757	-0.486790	0.088507	
A/avian/Hong_Kong/2372/20	0.2960	0.2685	0.4340	0.2851	0.151	-0.147	0.341	53.09	0.421	0.432	712	757	-0.486790	0.088507	
A/baikal_teal/Xianghai/42	0.2763	0.2902	0.4149	0.3037	0.159	-0.123	0.356	52.19	0.453	0.440	711	757	-0.492074	0.088507	
A/bar-headed_goose/Qingha	0.2945	0.2723	0.4358	0.2747	0.165	-0.097	0.368	53.67	0.419	0.433	711	757	-0.492074	0.088507	
A/bar-headed_goose/Tibet/	0.2993	0.2785	0.4324	0.2717	0.165	-0.102	0.367	53.58	0.420	0.432	712	757	-0.514531	0.088507	
A/black_chicken/Jiangxi/1	0.3080	0.2699	0.4257	0.2823	0.157	-0.136	0.349	54.18	0.419	0.430	711	757	-0.502642	0.088507	
A/brown-headed_gull/Qingh	0.2953	0.2729	0.4338	0.2843	0.158	-0.127	0.353	54.04	0.423	0.432	711	757	-0.493659	0.088507	
A/brown-headed_gull/Qingh	0.2973	0.2715	0.4312	0.2849	0.156	-0.129	0.351	54.27	0.423	0.432	712	757	-0.480449	0.088507	
A/canvasback/Xianghai/428	0.2712	0.2936	0.4177	0.3012	0.158	-0.121	0.357	52.76	0.454	0.440	711	757	-0.501321	0.088507	
A/cat/Sichuan/SC18/2014_H	0.3050	0.2738	0.4257	0.2823	0.158	-0.132	0.352	54.11	0.422	0.431	711	757	-0.501849	0.088507	
A/cat/Zhejiang/C1/2016_H5	0.2638	0.3052	0.4044	0.3135	0.163	-0.107	0.365	52.81	0.472	0.444	710	757	-0.491546	0.088507	
A/cat/Zhejiang/C2/2016_H5	0.2707	0.2983	0.4062	0.3109	0.164	-0.119	0.358	51.81	0.465	0.443	710	757	-0.498415	0.088507	
A/chicken/Anhui/MZ33/2016	0.2690	0.3000	0.4062	0.3109	0.164	-0.117	0.359	52.28	0.466	0.443	710	757	-0.495905	0.089828	
A/chicken/Anhui/MZ34/2016	0.2694	0.2988	0.4091	0.3083	0.164	-0.117	0.359	52.15	0.463	0.442	710	757	-0.496433	0.089828	
A/chicken/Beijing/BJ7/201	0.2749	0.2887	0.4112	0.3091	0.163	-0.116	0.360	51.68	0.456	0.441	712	757	-0.484412	0.088507	
A/chicken/CH/a556/2015_H5	0.3178	0.2573	0.4312	0.2722	0.161	-0.105	0.367	52.97	0.405	0.426	709	757	-0.502642	0.088507	
A/chicken/Changhua/150101	0.2664	0.2993	0.4428	0.2727	0.163	-0.097	0.371	50.96	0.439	0.436	709	757	-0.507662	0.088507	
A/chicken/Changhua/150102	0.2664	0.2993	0.4428	0.2727	0.163	-0.097	0.371	50.96	0.439	0.436	709	757	-0.507662	0.088507	
A/chicken/Changhua/150103	0.2664	0.2993	0.4392	0.2767	0.163	-0.097	0.371	51.21	0.441	0.437	709	757	-0.507662	0.088507	
A/chicken/Changhua/150103	0.2682	0.2976	0.4428	0.2722	0.163	-0.098	0.371	51.17	0.437	0.436	709	757	-0.514531	0.088507	
A/chicken/Changhua/150103	0.2664	0.2993	0.4446	0.2708	0.163	-0.097	0.371	50.93	0.437	0.435	709	757	-0.507662	0.088507	
A/chicken/Changhua/150103	0.2660	0.2988	0.4438	0.2722	0.162	-0.098	0.370	50.94	0.438	0.435	710	757	-0.505152	0.088507	
A/chicken/Changhua/150400	0.2924	0.2768	0.4342	0.2815	0.161	-0.125	0.355	53.06	0.425	0.430	713	758	-0.500396	0.088390	
A/chicken/Changhua/150400	0.2976	0.2716	0.4324	0.2835	0.160	-0.127	0.353	53.23	0.422	0.429	713	758	-0.500396	0.088390	
A/chicken/Changhua/150400	0.2958	0.2734	0.4324	0.2835	0.160	-0.127	0.353	53.27	0.424	0.429	713	758	-0.500396	0.088390	
A/chicken/Changhua/150400	0.2958	0.2734	0.4342	0.2815	0.161	-0.122	0.356	53.22	0.422	0.429	713	758	-0.500396	0.088390	
A/chicken/Changhua/150500	0.2647	0.3010	0.4410	0.2747	0.163	-0.096	0.371	50.96	0.441	0.437	709	757	-0.501057	0.088507	
A/chicken/Changhua/150500	0.2699	0.2958	0.4087	0.3110	0.163	-0.109	0.364	52.58	0.463	0.446	711	757	-0.507662	0.088507	
A/chicken/Changhua/150600	0.2625	0.3022	0.4402	0.2756	0.164	-0.092	0.373	50.81	0.444	0.438	710	757	-0.498943	0.088507	
A/chicken/Changhua/150600	0.2716	0.2941	0.4105	0.3091	0.163	-0.109	0.364	52.46	0.460	0.445	711	757	-0.500528	0.088507	
A/chicken/Changhua/150600	0.2612	0.3028	0.4374	0.2806	0.162	-0.101	0.368	50.85	0.447	0.438	709	757	-0.495112	0.088507	
A/chicken/Changhua/151200	0.2729	0.2936	0.4455	0.2693	0.161	-0.105	0.367	51.00	0.432	0.433	709	757	-0.508190	0.088507	
A/chicken/Changhua/160100	0.2682	0.2958	0.4392	0.2781	0.163	-0.104	0.367	50.64	0.440	0.435	709	757	-0.501982	0.088507	
A/chicken/Changhua/170600	0.2719	0.2926	0.4319	0.2840	0.164	-0.099	0.369	50.63	0.442	0.436	710	757	-0.499736	0.088507	
A/chicken/Changhua/180400	0.2729	0.2936	0.4335	0.2837	0.163	-0.095	0.371	50.90	0.441	0.435	709	757	-0.492338	0.088507	
A/chicken/Chiayi/15010287	0.2647	0.3010	0.4428	0.2727	0.164	-0.094	0.372	50.94	0.440	0.437	709	757	-0.508719	0.088507	
A/chicken/Chiayi/15010409	0.2660	0.2988	0.4446	0.2708	0.162	-0.097	0.371	50.94	0.437	0.436	709	757	-0.508454	0.088507	
A/chicken/Chiayi/15010454	0.2734	0.2924	0.4087	0.3110	0.163	-0.112	0.363	52.60	0.460	0.445	711	757	-0.507662	0.088507	
A/chicken/Chiayi/17040009	0.2712	0.2953	0.4345	0.2806	0.165	-0.096	0.371	50.79	0.441	0.436	709	757	-0.498679	0.088507	
A/chicken/Chiayi/18120003	0.2734	0.2941	0.4069	0.3104	0.168	-0.086	0.377	52.91	0.461	0.443	711	757	-0.501453	0.088507	
A/chicken/China/007/2019_	0.2960	0.2754	0.4242	0.2871	0.163	-0.101	0.368	54.27	0.428	0.435	712	757	-0.482299	0.088507	
A/chicken/China/1101/2019	0.2955	0.2801	0.4198	0.2871	0.158	-0.114	0.360	54.58	0.432	0.435	713	757	-0.479392	0.088507	
A/chicken/China/Cangzhou0	0.2716	0.2924	0.4159	0.3057	0.166	-0.109	0.364	52.45	0.456	0.442	711	757	-0.496301	0.088507	
A/chicken/China/E93/2012_	0.3016	0.2669	0.4257	0.2891	0.147	-0.172	0.327	53.27	0.423	0.430	709	757	-0.480449	0.088507	
A/chicken/China/E96/2012_	0.3016	0.2686	0.4257	0.2871	0.146	-0.174	0.326	53.17	0.423	0.430	709	757	-0.480449	0.088507	
A/chicken/Chiping/0321/20	0.2732	0.2869	0.4112	0.3136	0.163	-0.111	0.362	51.63	0.458	0.442	712	757	-0.491546	0.088507	
A/chicken/Dongguan/2690/2	0.2953	0.2763	0.4203	0.2942	0.159	-0.116	0.360	54.44	0.433	0.435	711	757	-0.502378	0.088507	
A/chicken/Dongguan/3363/2	0.2988	0.2729	0.4293	0.2843	0.159	-0.116	0.360	53.68	0.423	0.433	711	757	-0.499075	0.088507	
A/chicken/Dongguan/4259/2	0.2931	0.2776	0.4239	0.2903	0.159	-0.115	0.360	54.43	0.432	0.436	711	757	-0.500396	0.088507	
A/chicken/Eastern_China/H	0.2621	0.3086	0.4117	0.3024	0.164	-0.090	0.375	53.27	0.468	0.444	710	757	-0.498811	0.088507	
A/chicken/Eastern_China/Q	0.2621	0.3086	0.4117	0.3030	0.164	-0.092	0.373	53.06	0.468	0.443	710	757	-0.492338	0.088507	
A/chicken/Eastern_China/Z	0.2845	0.2879	0.4090	0.3031	0.158	-0.133	0.349	53.24	0.450	0.436	713	757	-0.484412	0.088507	
A/chicken/Eastern_China/Z	0.3046	0.2651	0.4195	0.2931	0.157	-0.124	0.354	54.76	0.425	0.432	711	757	-0.481770	0.087186	
A/chicken/Fujian/1/2007_H	0.3057	0.2556	0.4296	0.2945	0.157	-0.139	0.347	53.39	0.417	0.430	712	757	-0.500000	0.088507	
A/chicken/Fujian/11.23_FZ	0.2647	0.3010	0.4226	0.2984	0.162	-0.123	0.356	51.86	0.458	0.439	710	757	-0.497226	0.088507	
A/chicken/GY/a451/2015_H5	0.3121	0.2586	0.4340	0.2736	0.162	-0.098	0.370	53.11	0.407	0.427	710	757	-0.500132	0.088507	
A/chicken/Gansu/5/2012_H5	0.3010	0.2699	0.4257	0.2866	0.149	-0.163	0.332	53.80	0.424	0.431	710	757	-0.487451	0.088507	
A/chicken/Gansu/6/2012_H5	0.3033	0.2652	0.4239	0.2922	0.145	-0.179	0.323	53.15	0.423	0.430	709	757	-0.469881	0.088507	
A/chicken/Ganzhou/GZ27/20	0.2943	0.2788	0.4206	0.2891	0.162	-0.103	0.367	54.57	0.433	0.437	712	757	-0.478996	0.088507	
A/chicken/Guangdong/1/200	0.3040	0.2694	0.4330	0.2772	0.158	-0.132	0.350	53.23	0.416	0.428	711	757	-0.494848	0.088507	
A/chicken/Guangdong/GD160	0.2685	0.2995	0.4044	0.3129	0.163	-0.117	0.359	52.67	0.468	0.444	710	757	-0.497226	0.089828	
A/chicken/Guangxi/16/2019	0.3207	0.2483	0.4565	0.2560	0.161	-0.122	0.357	50.90	0.384	0.418	711	757	-0.508322	0.088507	
A/chicken/Guangxi/S2039/2	0.2936	0.2746	0.4275	0.2897	0.160	-0.115	0.360	53.97	0.429	0.434	711	757	-0.493923	0.088507	
A/chicken/Guizhou/7/2008_	0.2966	0.2759	0.4250	0.2851	0.155	-0.131	0.352	53.30	0.428	0.432	711	757	-0.495244	0.087186	
A/chicken/Hebei/1102-MA/2	0.2561	0.3010	0.4164	0.3149	0.168	-0.096	0.372	52.73	0.469	0.443	710	757	-0.500793	0.088507	
A/chicken/Hebei/1102/2010	0.2561	0.3010	0.4164	0.3149	0.168	-0.096	0.372	52.73	0.469	0.443	710	757	-0.500793	0.088507	
A/chicken/Hebei/3/2013_H5	0.2719	0.2926	0.4051	0.3183	0.166	-0.108	0.364	51.94	0.465	0.443	714	757	-0.502906	0.088507	
A/chicken/Hebei/A-8/2009_	0.2926	0.2737	0.4250	0.2897	0.151	-0.151	0.339	53.04	0.430	0.432	710	757	-0.483752	0.088507	
A/chicken/Heilongjiang/S7	0.2928	0.2774	0.4224	0.2903	0.151	-0.133	0.349	54.04	0.432	0.436	713	757	-0.489168	0.088507	
A/chicken/Henan/A-7/2006_	0.3000	0.2655	0.4293	0.2891	0.156	-0.133	0.350	53.83	0.422	0.432	711	757	-0.478864	0.087186	
A/chicken/Henan/Q7/2013_H	0.2719	0.2926	0.4083	0.3142	0.165	-0.108	0.364	51.90	0.462	0.442	712	757	-0.491678	0.088507	
A/chicken/Henan/YB0597/20	0.2672	0.3017	0.4044	0.3129	0.164	-0.115	0.361	52.22	0.469	0.445	710	758	-0.498945	0.089710	
A/chicken/Hsinchu/1608000	0.2612	0.3010	0.4418	0.2787	0.162	-0.101	0.368	51.02	0.444	0.436	709	757	-0.505416	0.088507	
A/chicken/Huadong/4/2008_	0.2988	0.2746	0.4286	0.2812	0.153	-0.146	0.342	53.28	0.423	0.431	711	757	-0.483620	0.088507	
A/chicken/Hubei/2856/2007	0.3010	0.2647	0.4312	0.2897	0.156	-0.142	0.345	53.27	0.421	0.429	711	757	-0.491017	0.088507	
A/chicken/Hubei/ZYSJF11/2	0.2672	0.3017	0.4044	0.3129	0.162	-0.119	0.358	52.11	0.469	0.445	710	758	-0.498945	0.089710	
A/chicken/Hubei/ZYSJF16/2	0.2672	0.3017	0.4044	0.3129	0.162	-0.119	0.358	52.11	0.469	0.445	710	758	-0.498945	0.089710	
A/chicken/Hubei/ZYSJF38/2	0.2672	0.3017	0.4044	0.3129	0.162	-0.119	0.358	52.11	0.469	0.445	710	758	-0.498945	0.089710	
A/chicken/Hunan/02.06_YYG	0.2926	0.2806	0.4224	0.2871	0.161	-0.108	0.364	53.73	0.433	0.436	712	757	-0.482299	0.088507	
A/chicken/Hunan/03.07_YYG	0.2914	0.2792	0.4189	0.2940	0.160	-0.108	0.365	53.78	0.436	0.438	704	748	-0.497727	0.088235	
A/chicken/Hunan/12.27_YYG	0.3064	0.2668	0.4529	0.2530	0.159	-0.115	0.360	51.39	0.398	0.425	711	757	-0.504095	0.088507	
A/chicken/Hunan/12.27_YYG	0.3076	0.2612	0.4475	0.2628	0.160	-0.133	0.350	52.14	0.401	0.426	711	757	-0.497886	0.088507	
A/chicken/Hunan/1793/2007	0.2988	0.2677	0.4250	0.2945	0.157	-0.134	0.350	53.85	0.427	0.433	712	757	-0.503567	0.088507	
A/chicken/Hunan/21/2005_H	0.3021	0.2674	0.4356	0.2823	0.157	-0.134	0.349	53.52	0.417	0.427	710	757	-0.486658	0.088507	
A/chicken/Hunan/3/2007_H5	0.3005	0.2694	0.4283	0.2883	0.158	-0.127	0.353	53.81	0.423	0.430	711	757	-0.485073	0.088507	
A/chicken/Hunan/3157/2006	0.3010	0.2647	0.4312	0.2871	0.157	-0.134	0.349	53.90	0.420	0.431	710	757	-0.489564	0.088507	
A/chicken/Hunan/8/2008_H5	0.3045	0.2664	0.4283	0.2883	0.158	-0.133	0.350	54.13	0.421	0.430	711	757	-0.489564	0.088507	
A/chicken/Jiangsu/1001/20	0.2707	0.3000	0.4109	0.3057	0.164	-0.110	0.362	52.24	0.462	0.440	712	757	-0.487450	0.088507	
A/chicken/Jiangsu/18/2008	0.2929	0.2790	0.4296	0.2801	0.155	-0.134	0.349	53.70	0.427	0.432	710	757	-0.500528	0.088507	
A/chicken/Jiangsu/2477/20	0.3002	0.2676	0.4304	0.2826	0.156	-0.124	0.354	53.70	0.420	0.432	712	757	-0.489432	0.088507	
A/chicken/Jiangsu/927/201	0.3034	0.2672	0.4330	0.2767	0.161	-0.113	0.361	53.93	0.415	0.432	710	757	-0.485337	0.088507	
A/chicken/Jiangsu/XZ216/2	0.2754	0.2857	0.4167	0.3077	0.162	-0.119	0.358	51.94	0.452	0.440	712	757	-0.487451	0.088507	
A/chicken/Jiangsu/YB7/201	0.2788	0.2857	0.4170	0.3006	0.159	-0.118	0.358	53.27	0.448	0.439	712	757	-0.494188	0.088507	
A/chicken/Jiangsu/k0402/2	0.2672	0.3034	0.4211	0.2931	0.160	-0.106	0.366	54.39	0.456	0.439	711	757	-0.496433	0.088507	
A/chicken/Jiangxi/25/2011	0.2894	0.2721	0.4448	0.2787	0.169	-0.099	0.370	52.10	0.419	0.431	711	757	-0.496169	0.088507	
A/chicken/Jiangxi/NCDZT11	0.3022	0.2694	0.4330	0.2803	0.151	-0.138	0.349	53.92	0.418	0.431	711	757	-0.502378	0.089828	
A/chicken/Jiangxi/NCDZT11	0.2976	0.2699	0.4245	0.2885	0.154	-0.129	0.352	54.14	0.425	0.434	710	757	-0.501057	0.085865	
A/chicken/Jiangyin/JY0907	0.2960	0.2737	0.4206	0.2931	0.162	-0.113	0.361	54.31	0.431	0.435	712	757	-0.482299	0.088507	
A/chicken/Kaohsiung/16010	0.2884	0.2746	0.4275	0.2945	0.157	-0.123	0.356	52.72	0.433	0.432	711	757	-0.504491	0.088507	
A/chicken/Kaohsiung/16020	0.2867	0.2763	0.4275	0.2945	0.156	-0.128	0.353	52.53	0.435	0.432	711	757	-0.504491	0.088507	
A/chicken/Kaohsiung/16040	0.2850	0.2781	0.4268	0.2939	0.155	-0.130	0.352	52.63	0.436	0.433	711	757	-0.506209	0.088507	
A/chicken/Kaohsiung/16070	0.2837	0.2803	0.4268	0.2939	0.156	-0.128	0.353	52.52	0.437	0.433	711	757	-0.505020	0.088507	
A/chicken/Kaohsiung/16120	0.2832	0.2798	0.4319	0.2911	0.155	-0.131	0.352	52.21	0.435	0.432	711	757	-0.504888	0.088507	
A/chicken/Kaohsiung/16MB0	0.2850	0.2781	0.4268	0.2939	0.155	-0.130	0.352	52.63	0.436	0.433	711	757	-0.506209	0.088507	
A/chicken/Kaohsiung/17030	0.2867	0.2781	0.4213	0.2972	0.156	-0.134	0.350	52.66	0.439	0.435	711	757	-0.507794	0.088507	
A/chicken/Kaohsiung/17040	0.2729	0.2936	0.4364	0.2787	0.164	-0.099	0.370	50.52	0.439	0.435	709	757	-0.501453	0.088507	
A/chicken/Kaohsiung/17100	0.2712	0.2953	0.4372	0.2803	0.163	-0.098	0.370	50.82	0.440	0.434	709	757	-0.492338	0.088507	
A/chicken/Kaohsiung/18080	0.2862	0.2707	0.4477	0.2770	0.150	-0.126	0.354	50.84	0.419	0.431	712	757	-0.494055	0.088507	
A/chicken/Kaohsiung/18080	0.2845	0.2724	0.4477	0.2770	0.150	-0.126	0.354	50.92	0.420	0.432	712	757	-0.494055	0.088507	
A/chicken/Liaoning/23/200	0.3069	0.2655	0.4301	0.2817	0.159	-0.126	0.353	52.95	0.416	0.428	711	757	-0.495905	0.088507	
A/chicken/Liaoning/A-1/20	0.3131	0.2578	0.4250	0.2885	0.163	-0.113	0.361	52.97	0.415	0.428	711	757	-0.497094	0.087186	
A/chicken/Liaoning/S4092/	0.2993	0.2716	0.4195	0.2919	0.148	-0.165	0.331	53.84	0.430	0.433	710	757	-0.483884	0.088507	
A/chicken/Miaoli/15010421	0.2958	0.2734	0.4324	0.2835	0.161	-0.126	0.355	53.17	0.424	0.429	713	758	-0.499340	0.088390	
A/chicken/Nantou/16110023	0.2872	0.2734	0.4260	0.2992	0.157	-0.134	0.350	52.44	0.435	0.432	712	757	-0.501189	0.088507	
A/chicken/New_Taipei_City	0.2862	0.2776	0.4257	0.2945	0.155	-0.140	0.346	52.29	0.436	0.433	711	757	-0.500396	0.088507	
A/chicken/New_Taipei_City	0.2884	0.2763	0.4257	0.2945	0.156	-0.135	0.349	52.42	0.435	0.432	711	757	-0.504491	0.088507	
A/chicken/New_Taipei_City	0.2729	0.2953	0.4345	0.2781	0.164	-0.097	0.371	50.81	0.440	0.436	709	757	-0.508851	0.088507	
A/chicken/New_Taipei_City	0.2832	0.2798	0.4301	0.2931	0.156	-0.126	0.354	52.65	0.436	0.433	711	757	-0.500661	0.088507	
A/chicken/New_Taipei_City	0.2850	0.2798	0.4366	0.2832	0.157	-0.126	0.354	52.46	0.429	0.431	711	757	-0.496698	0.088507	
A/chicken/New_Taipei_City	0.2850	0.2798	0.4356	0.2857	0.157	-0.128	0.353	52.51	0.430	0.432	711	757	-0.500264	0.088507	
A/chicken/New_Taipei_City	0.2850	0.2798	0.4350	0.2826	0.157	-0.125	0.354	52.46	0.429	0.432	711	757	-0.490885	0.087186	
A/chicken/New_Taipei_City	0.2712	0.2953	0.4247	0.2911	0.163	-0.093	0.372	51.25	0.449	0.438	709	757	-0.484544	0.088507	
A/chicken/Ningxia/2/2012_	0.3010	0.2699	0.4257	0.2866	0.149	-0.163	0.332	53.80	0.424	0.431	710	757	-0.487451	0.088507	
A/chicken/Ningxia/222/201	0.3005	0.2694	0.4257	0.2866	0.148	-0.165	0.331	53.73	0.424	0.432	710	757	-0.483355	0.088507	
A/chicken/Ningxia/24/2006	0.3046	0.2633	0.4366	0.2798	0.155	-0.128	0.353	53.81	0.413	0.427	712	757	-0.483091	0.088507	
A/chicken/North_China/k06	0.2781	0.2988	0.4025	0.3051	0.160	-0.120	0.357	53.11	0.461	0.440	712	757	-0.487847	0.088507	
A/chicken/PH/A2821/2013_H	0.3230	0.2405	0.4438	0.2747	0.150	-0.145	0.343	52.47	0.392	0.421	712	757	-0.508190	0.087186	
A/chicken/PT/a158/2015_H5	0.3178	0.2573	0.4330	0.2702	0.161	-0.105	0.367	53.11	0.403	0.426	709	757	-0.502642	0.088507	
A/chicken/Pingtung/150500	0.2630	0.3045	0.4410	0.2727	0.164	-0.092	0.374	51.10	0.443	0.437	709	757	-0.507662	0.088507	
A/chicken/Pingtung/160200	0.2680	0.2955	0.4422	0.2736	0.161	-0.093	0.372	51.01	0.437	0.435	712	757	-0.499736	0.088507	
A/chicken/Pingtung/180100	0.2766	0.2887	0.4327	0.2832	0.162	-0.101	0.368	50.92	0.438	0.435	710	757	-0.493395	0.088507	
A/chicken/Pingtung/180200	0.2712	0.2953	0.4247	0.2905	0.163	-0.096	0.371	51.15	0.449	0.438	709	757	-0.491942	0.088507	
A/chicken/Qingdao/1/2014_	0.2737	0.2874	0.4156	0.3103	0.165	-0.109	0.364	51.55	0.455	0.440	712	757	-0.494320	0.088507	
A/chicken/SC/a688/2015_H5	0.3092	0.2591	0.4195	0.2933	0.162	-0.109	0.365	52.69	0.421	0.432	710	757	-0.504359	0.088507	
A/chicken/Shandong/A-10/2	0.3036	0.2642	0.4374	0.2752	0.156	-0.130	0.352	53.60	0.412	0.429	711	757	-0.478468	0.088507	
A/chicken/Shandong/S3/201	0.2737	0.2874	0.4156	0.3103	0.165	-0.109	0.364	51.55	0.455	0.440	712	757	-0.494320	0.088507	
A/chicken/Shantou/3744/20	0.3033	0.2704	0.4348	0.2772	0.161	-0.125	0.354	53.23	0.416	0.429	711	757	-0.492867	0.088507	
A/chicken/Shanxi/04.28_TG	0.3064	0.2616	0.4446	0.2679	0.158	-0.125	0.355	51.74	0.404	0.427	710	757	-0.499736	0.088507	
A/chicken/Shanxi/10/2006_	0.3073	0.2656	0.4384	0.2752	0.162	-0.113	0.361	53.40	0.411	0.424	711	757	-0.508719	0.088507	
A/chicken/Shanxi/12.01_TG	0.3183	0.2491	0.4583	0.2584	0.164	-0.121	0.359	50.94	0.385	0.416	711	757	-0.511757	0.088507	
A/chicken/Sheny/0606/2008	0.2966	0.2759	0.4293	0.2843	0.157	-0.128	0.353	53.75	0.426	0.430	712	757	-0.483091	0.088507	
A/chicken/Shenzhen/1061/2	0.2941	0.2768	0.4239	0.2917	0.160	-0.123	0.356	54.11	0.432	0.435	711	757	-0.498679	0.088507	
A/chicken/Shenzhen/1845/2	0.3080	0.2682	0.4275	0.2817	0.156	-0.133	0.350	54.15	0.418	0.430	711	757	-0.503038	0.088507	
A/chicken/Shenzhen/2269/2	0.3005	0.2712	0.4203	0.2942	0.159	-0.118	0.359	54.30	0.429	0.435	711	757	-0.499075	0.088507	
A/chicken/Shenzhen/2396/2	0.2953	0.2763	0.4221	0.2922	0.159	-0.116	0.360	54.26	0.432	0.435	711	757	-0.499604	0.088507	
A/chicken/Shenzhen/2464/2	0.2953	0.2763	0.4221	0.2922	0.159	-0.116	0.360	54.26	0.432	0.435	711	757	-0.499604	0.088507	
A/chicken/Shenzhen/433/20	0.2988	0.2729	0.4221	0.2922	0.159	-0.118	0.359	54.41	0.429	0.435	711	757	-0.499075	0.088507	
A/chicken/Shenzhen/552/20	0.2948	0.2759	0.4213	0.2942	0.158	-0.119	0.358	54.28	0.433	0.435	712	757	-0.496169	0.088507	
A/chicken/Shenzhen/715/20	0.2988	0.2729	0.4221	0.2922	0.159	-0.118	0.359	54.41	0.429	0.435	711	757	-0.499075	0.088507	
A/chicken/Shijiazhuang/12	0.2719	0.2926	0.4022	0.3209	0.165	-0.119	0.358	51.91	0.467	0.444	713	757	-0.484809	0.088507	
A/chicken/Sichuan/81/2005	0.3005	0.2642	0.4330	0.2877	0.153	-0.150	0.340	53.52	0.419	0.428	711	757	-0.487186	0.088507	
A/chicken/Sichuan/NCJPL1/	0.3068	0.2704	0.4275	0.2823	0.158	-0.134	0.350	54.19	0.419	0.430	711	757	-0.501849	0.088507	
A/chicken/Sichuan/k141/20	0.2680	0.2973	0.4374	0.2787	0.159	-0.118	0.359	50.70	0.442	0.440	711	757	-0.502114	0.088507	
A/chicken/TC/a504/2015_H5	0.3178	0.2591	0.4348	0.2663	0.162	-0.100	0.370	52.80	0.402	0.425	709	757	-0.502642	0.088507	
A/chicken/TY/a665/2015_H5	0.3161	0.2591	0.4319	0.2727	0.162	-0.106	0.367	53.11	0.406	0.426	709	757	-0.503963	0.089828	
A/chicken/Taichung/150103	0.2664	0.2993	0.4446	0.2708	0.163	-0.097	0.371	50.93	0.437	0.435	709	757	-0.507662	0.088507	
A/chicken/Taichung/160400	0.2741	0.2897	0.4400	0.2772	0.158	-0.114	0.361	50.96	0.434	0.435	709	757	-0.505548	0.088507	
A/chicken/Taichung/160500	0.2716	0.2907	0.4501	0.2693	0.162	-0.100	0.370	51.00	0.429	0.432	709	757	-0.507794	0.088507	
A/chicken/Taichung/161100	0.2741	0.2914	0.4051	0.3156	0.165	-0.105	0.367	52.71	0.462	0.445	712	757	-0.490489	0.088507	
A/chicken/Tainan/15020214	0.2867	0.2781	0.4195	0.2998	0.158	-0.121	0.357	52.79	0.440	0.435	711	757	-0.500925	0.088507	
A/chicken/Tainan/16040035	0.2660	0.3005	0.4392	0.2747	0.162	-0.097	0.371	51.13	0.441	0.437	709	757	-0.506209	0.088507	
A/chicken/Tainan/17030058	0.2867	0.2746	0.4250	0.2984	0.155	-0.127	0.354	53.41	0.436	0.432	711	757	-0.499472	0.088507	
A/chicken/Taipei_City/170	0.2879	0.2776	0.4286	0.2911	0.156	-0.134	0.350	52.93	0.433	0.432	712	757	-0.492735	0.088507	
A/chicken/Taipei_City/180	0.2707	0.2983	0.4364	0.2752	0.162	-0.095	0.371	50.75	0.440	0.436	709	757	-0.486129	0.088507	
A/chicken/Taipei_City/180	0.2699	0.2958	0.4380	0.2823	0.164	-0.096	0.371	50.95	0.441	0.435	709	757	-0.506737	0.088507	
A/chicken/Taipei/16060022	0.2832	0.2798	0.4213	0.2998	0.155	-0.128	0.353	52.25	0.442	0.435	711	757	-0.505812	0.088507	
A/chicken/Taipei/16060023	0.2832	0.2798	0.4213	0.2998	0.155	-0.128	0.353	52.25	0.442	0.435	711	757	-0.505812	0.088507	
A/chicken/Taipei/16120021	0.2867	0.2763	0.4301	0.2925	0.156	-0.125	0.354	52.63	0.433	0.432	711	757	-0.505284	0.088507	
A/chicken/Taipei/17050005	0.2850	0.2781	0.4319	0.2911	0.156	-0.128	0.353	52.77	0.433	0.432	711	757	-0.500661	0.088507	
A/chicken/Taipei/17050008	0.2832	0.2798	0.4338	0.2891	0.156	-0.123	0.356	52.79	0.433	0.432	711	757	-0.500661	0.088507	
A/chicken/Taipei/17050009	0.2850	0.2781	0.4319	0.2911	0.156	-0.128	0.353	52.77	0.433	0.432	711	757	-0.500661	0.088507	
A/chicken/Taishun/TS2/201	0.2796	0.2882	0.4116	0.3031	0.157	-0.126	0.353	53.10	0.452	0.439	713	757	-0.481770	0.089828	
A/chicken/Taishun/TS90/20	0.2672	0.3017	0.4036	0.3116	0.166	-0.112	0.362	52.13	0.469	0.446	710	757	-0.491942	0.088507	
A/chicken/Taiwan/0101/201	0.3065	0.2603	0.4400	0.2731	0.158	-0.114	0.360	52.08	0.409	0.428	712	757	-0.497754	0.088507	
A/chicken/Taiwan/01174/20	0.2867	0.2763	0.4185	0.3024	0.157	-0.124	0.355	52.81	0.441	0.435	710	757	-0.486790	0.088507	
A/chicken/Taiwan/0502/201	0.3156	0.2521	0.4436	0.2693	0.156	-0.120	0.357	52.28	0.398	0.424	711	757	-0.506077	0.088507	
A/chicken/Taiwan/1682/201	0.3089	0.2560	0.4381	0.2706	0.151	-0.134	0.349	51.95	0.404	0.428	713	757	-0.512550	0.087186	
A/chicken/Taiwan/1692/201	0.3094	0.2564	0.4381	0.2706	0.152	-0.134	0.349	51.99	0.404	0.427	713	757	-0.511757	0.087186	
A/chicken/Taiwan/1704/201	0.3089	0.2560	0.4381	0.2706	0.151	-0.134	0.349	51.95	0.404	0.428	713	757	-0.512550	0.087186	
A/chicken/Taiwan/1711/201	0.3089	0.2560	0.4363	0.2725	0.151	-0.136	0.348	51.96	0.405	0.428	713	757	-0.512550	0.087186	
A/chicken/Taiwan/2593/201	0.3058	0.2612	0.4345	0.2792	0.159	-0.095	0.372	52.58	0.413	0.429	710	757	-0.504888	0.088507	
A/chicken/Taiwan/2948/201	0.3076	0.2595	0.4345	0.2787	0.159	-0.095	0.372	52.70	0.411	0.428	710	757	-0.515060	0.088507	
A/chicken/Taiwan/4443/201	0.3139	0.2504	0.4374	0.2792	0.154	-0.122	0.356	52.68	0.404	0.424	711	757	-0.503831	0.087186	
A/chicken/Taiwan/683/2012	0.3070	0.2607	0.4299	0.2837	0.160	-0.092	0.373	52.82	0.415	0.430	710	757	-0.504359	0.088507	
A/chicken/Taiwan/7350/201	0.3139	0.2521	0.4338	0.2817	0.155	-0.117	0.359	52.71	0.406	0.425	711	757	-0.496962	0.087186	
A/chicken/Taiwan/8988/201	0.3058	0.2612	0.4345	0.2781	0.159	-0.093	0.373	52.62	0.413	0.429	710	757	-0.515456	0.088507	
A/chicken/Taiwan/8994/201	0.3058	0.2612	0.4327	0.2801	0.159	-0.095	0.372	52.78	0.414	0.430	710	757	-0.514927	0.088507	
A/chicken/Taiwan/8996/201	0.3058	0.2612	0.4345	0.2781	0.160	-0.093	0.373	52.72	0.413	0.430	710	757	-0.514927	0.088507	
A/chicken/Taiwan/A1/2019_	0.3190	0.2483	0.4485	0.2623	0.155	-0.126	0.354	52.76	0.390	0.421	710	757	-0.490621	0.088507	
A/chicken/Taiwan/A1997/20	0.3265	0.2491	0.4317	0.2722	0.155	-0.126	0.354	51.41	0.399	0.425	710	757	-0.506605	0.088507	
A/chicken/Taiwan/D2/2019_	0.2872	0.2716	0.4523	0.2711	0.149	-0.142	0.346	50.96	0.414	0.428	712	757	-0.495509	0.088507	
A/chicken/Taiwan/D9/2019_	0.2889	0.2699	0.4523	0.2711	0.148	-0.144	0.344	50.93	0.413	0.428	712	757	-0.495509	0.088507	
A/chicken/Tibet/LZ01/2010	0.2724	0.2948	0.4065	0.3123	0.163	-0.108	0.364	51.95	0.463	0.442	711	757	-0.498415	0.088507	
A/chicken/Wuhan/HAQL07/20	0.2759	0.2897	0.4177	0.2998	0.159	-0.115	0.360	53.48	0.450	0.438	711	757	-0.487450	0.089828	
A/chicken/Wuhan/HAQL16/20	0.2771	0.2874	0.4170	0.3006	0.159	-0.118	0.358	53.36	0.449	0.439	712	757	-0.491281	0.089828	
A/chicken/Wuhan/WHJF/2014	0.2862	0.2776	0.4087	0.3110	0.160	-0.130	0.352	51.87	0.449	0.440	711	757	-0.502114	0.088507	
A/chicken/Wuhan/WHYJ01/20	0.3022	0.2712	0.4211	0.2928	0.154	-0.131	0.352	53.72	0.428	0.433	711	757	-0.497886	0.088507	
A/chicken/Wuxi/WX-32/2013	0.3022	0.2694	0.4293	0.2812	0.159	-0.114	0.361	54.24	0.420	0.432	710	757	-0.494584	0.088507	
A/chicken/Wuxi/WX-33/2013	0.3057	0.2677	0.4275	0.2812	0.159	-0.114	0.361	53.96	0.418	0.432	710	757	-0.494584	0.088507	
A/chicken/Xinjiang/17/200	0.2964	0.2756	0.4296	0.2821	0.161	-0.113	0.361	53.85	0.425	0.432	711	757	-0.498943	0.087186	
A/chicken/Xinjiang/27/200	0.3016	0.2686	0.4322	0.2832	0.160	-0.127	0.354	53.98	0.419	0.431	711	757	-0.494716	0.085865	
A/chicken/Xinjiang/53/200	0.3045	0.2682	0.4374	0.2763	0.159	-0.128	0.353	53.50	0.414	0.427	711	757	-0.492867	0.088507	
A/chicken/Xinjiang/54/200	0.2981	0.2756	0.4231	0.2885	0.159	-0.127	0.353	53.82	0.429	0.433	711	757	-0.491942	0.087186	
A/chicken/Xinjiang/67/200	0.3045	0.2682	0.4340	0.2798	0.159	-0.129	0.353	53.53	0.416	0.428	712	757	-0.489432	0.088507	
A/chicken/Xinjiang/68/200	0.2958	0.2751	0.4293	0.2826	0.156	-0.130	0.351	53.71	0.425	0.432	710	757	-0.498415	0.087186	
A/chicken/Xuzhou/XZ6/2016	0.2931	0.2845	0.4149	0.2928	0.156	-0.110	0.363	55.08	0.439	0.438	711	757	-0.492999	0.088507	
A/chicken/YL/A3190/2014_H	0.3070	0.2676	0.4412	0.2644	0.160	-0.115	0.360	50.39	0.406	0.426	712	757	-0.498679	0.088507	
A/chicken/Yangzhou/YD1/20	0.2936	0.2781	0.4257	0.2888	0.157	-0.116	0.360	54.49	0.430	0.435	711	757	-0.501189	0.087186	
A/chicken/Yuhang/1/2013_H	0.2591	0.3074	0.3989	0.3234	0.166	-0.103	0.368	52.29	0.480	0.447	710	757	-0.497226	0.088507	
A/chicken/Yuhang/2/2013_H	0.2630	0.2941	0.4343	0.2962	0.172	-0.072	0.385	51.93	0.450	0.438	709	757	-0.493923	0.088507	
A/chicken/Yunlin/15020048	0.2664	0.2993	0.4446	0.2708	0.164	-0.096	0.372	50.86	0.437	0.435	709	757	-0.506605	0.088507	
A/chicken/Yunlin/15040002	0.2704	0.2946	0.4412	0.2736	0.164	-0.097	0.371	51.24	0.436	0.435	709	757	-0.504491	0.088507	
A/chicken/Yunlin/15040027	0.2699	0.2958	0.4446	0.2708	0.163	-0.097	0.371	51.42	0.434	0.434	709	757	-0.500528	0.088507	
A/chicken/Yunlin/15050012	0.2941	0.2751	0.4306	0.2854	0.161	-0.127	0.353	53.18	0.426	0.430	713	758	-0.500396	0.088390	
A/chicken/Yunlin/15050037	0.2721	0.2946	0.4428	0.2738	0.163	-0.105	0.367	51.15	0.434	0.433	709	757	-0.499075	0.088507	
A/chicken/Yunlin/15050039	0.2699	0.2958	0.4410	0.2747	0.163	-0.100	0.370	51.16	0.437	0.435	709	757	-0.507662	0.088507	
A/chicken/Yunlin/15060014	0.2699	0.2958	0.4410	0.2752	0.163	-0.098	0.371	51.27	0.437	0.435	709	757	-0.506737	0.088507	
A/chicken/Yunlin/15080024	0.2694	0.2953	0.4455	0.2713	0.162	-0.097	0.371	50.73	0.434	0.435	709	757	-0.504756	0.088507	
A/chicken/Yunlin/16010001	0.2630	0.3045	0.4338	0.2801	0.165	-0.096	0.371	50.83	0.449	0.439	709	757	-0.501982	0.088507	
A/chicken/Yunlin/16010008	0.2660	0.3005	0.4410	0.2727	0.161	-0.097	0.371	51.00	0.440	0.436	709	757	-0.509511	0.088507	
A/chicken/Yunlin/16020038	0.2746	0.2884	0.4159	0.3051	0.159	-0.119	0.359	52.52	0.453	0.443	711	757	-0.508983	0.088507	
A/chicken/Yunlin/16050053	0.2737	0.2892	0.4410	0.2772	0.157	-0.115	0.361	50.95	0.434	0.434	710	757	-0.502114	0.088507	
A/chicken/Yunlin/17010001	0.2759	0.2897	0.3953	0.3248	0.164	-0.109	0.364	52.28	0.468	0.448	712	757	-0.501717	0.088507	
A/chicken/Yunlin/17010014	0.2712	0.2953	0.4364	0.2787	0.165	-0.094	0.372	50.71	0.440	0.435	709	757	-0.501982	0.088507	
A/chicken/Yunlin/17020094	0.2694	0.2988	0.4382	0.2747	0.166	-0.091	0.374	50.56	0.440	0.435	709	757	-0.505416	0.088507	
A/chicken/Yunlin/17020095	0.2630	0.2976	0.4420	0.2801	0.162	-0.115	0.361	50.39	0.442	0.435	710	757	-0.497226	0.088507	
A/chicken/Yunlin/17030001	0.2694	0.2953	0.4345	0.2826	0.164	-0.099	0.370	50.89	0.443	0.436	709	757	-0.505416	0.088507	
A/chicken/Yunlin/17030007	0.2741	0.2948	0.4283	0.2846	0.164	-0.099	0.369	50.19	0.444	0.436	710	757	-0.498547	0.088507	
A/chicken/Yunlin/17030010	0.2729	0.2953	0.4327	0.2801	0.165	-0.097	0.371	50.96	0.441	0.436	709	757	-0.508851	0.088507	
A/chicken/Yunlin/17030014	0.2677	0.2971	0.4345	0.2826	0.165	-0.094	0.372	50.76	0.444	0.436	709	757	-0.505416	0.088507	
A/chicken/Yunlin/17030020	0.2694	0.2988	0.4353	0.2792	0.166	-0.094	0.372	50.61	0.443	0.435	709	757	-0.503699	0.088507	
A/chicken/Yunlin/17030021	0.2694	0.2953	0.4327	0.2846	0.165	-0.096	0.371	50.82	0.444	0.436	709	757	-0.505416	0.088507	
A/chicken/Yunlin/17030032	0.2660	0.2953	0.4392	0.2801	0.161	-0.108	0.364	50.45	0.441	0.436	709	757	-0.502774	0.088507	
A/chicken/Yunlin/17030065	0.2677	0.2971	0.4327	0.2846	0.164	-0.096	0.371	50.75	0.446	0.437	709	757	-0.506869	0.088507	
A/chicken/Yunlin/17040003	0.2793	0.2897	0.4338	0.2787	0.165	-0.107	0.365	50.61	0.435	0.434	710	757	-0.498547	0.088507	
A/chicken/Yunlin/17040004	0.2672	0.2966	0.4374	0.2806	0.163	-0.102	0.368	50.74	0.442	0.435	710	757	-0.501982	0.088507	
A/chicken/Yunlin/17040011	0.2694	0.2953	0.4364	0.2806	0.164	-0.099	0.370	50.80	0.441	0.435	709	757	-0.505416	0.088507	
A/chicken/Yunlin/17060019	0.2759	0.2897	0.4327	0.2832	0.164	-0.093	0.372	51.12	0.439	0.435	709	757	-0.499207	0.088507	
A/chicken/Yunlin/17070010	0.2690	0.2948	0.4340	0.2835	0.163	-0.099	0.368	50.69	0.443	0.438	711	758	-0.503430	0.087071	
A/chicken/Yunlin/18010001	0.2704	0.2998	0.4372	0.2752	0.167	-0.088	0.376	50.81	0.441	0.435	708	757	-0.497754	0.088507	
A/chicken/Yunlin/18010023	0.2716	0.2993	0.4273	0.2851	0.165	-0.096	0.371	50.90	0.447	0.437	709	757	-0.493791	0.088507	
A/chicken/Yunlin/18020003	0.2746	0.2884	0.4364	0.2832	0.163	-0.096	0.371	50.78	0.437	0.434	709	757	-0.495112	0.088507	
A/chicken/Yunlin/18020004	0.2741	0.2879	0.4382	0.2812	0.162	-0.093	0.372	50.79	0.436	0.434	709	757	-0.495905	0.088507	
A/chicken/Yunlin/18020005	0.2712	0.2919	0.4364	0.2832	0.163	-0.091	0.374	50.78	0.440	0.435	709	757	-0.495112	0.088507	
A/chicken/Yunlin/18020008	0.2716	0.2993	0.4255	0.2871	0.165	-0.101	0.368	50.91	0.449	0.437	709	757	-0.493791	0.088507	
A/chicken/Yunlin/18030002	0.2763	0.2884	0.4309	0.2871	0.164	-0.093	0.372	50.91	0.440	0.435	709	757	-0.495112	0.088507	
A/chicken/Yunlin/18050013	0.2776	0.2879	0.4262	0.2917	0.165	-0.091	0.374	51.06	0.443	0.436	709	757	-0.495112	0.088507	
A/chicken/Yunlin/18060001	0.2776	0.2879	0.4281	0.2897	0.166	-0.088	0.375	51.07	0.441	0.435	709	757	-0.495112	0.088507	
A/chicken/Yunlin/18080006	0.2734	0.2958	0.4353	0.2783	0.164	-0.097	0.370	51.13	0.439	0.435	708	757	-0.487847	0.088507	
A/chicken/Yunnan/1/2014_H	0.3028	0.2716	0.4250	0.2851	0.163	-0.116	0.360	54.67	0.423	0.432	711	757	-0.498547	0.085865	
A/chicken/Yunnan/207/2004	0.2969	0.2760	0.4304	0.2826	0.158	-0.133	0.350	53.52	0.425	0.431	711	757	-0.492206	0.088507	
A/chicken/Yunnan/5686/200	0.2951	0.2778	0.4348	0.2792	0.159	-0.126	0.354	53.65	0.423	0.430	711	757	-0.495773	0.088507	
A/chicken/Yunnan/6797/200	0.2934	0.2795	0.4348	0.2792	0.159	-0.128	0.353	53.59	0.425	0.431	711	757	-0.495773	0.088507	
A/chicken/Yunnan/6885/200	0.2951	0.2778	0.4330	0.2812	0.159	-0.128	0.353	53.64	0.425	0.431	711	757	-0.495773	0.088507	
A/chicken/Zhejiang/102637	0.2973	0.2663	0.4376	0.2787	0.156	-0.132	0.350	53.35	0.416	0.432	711	757	-0.489168	0.089828	
A/chicken/Zhejiang/13160/	0.2707	0.3017	0.4142	0.2996	0.165	-0.103	0.368	52.70	0.459	0.439	710	757	-0.494716	0.089828	
A/chicken/Zhejiang/194/20	0.2973	0.2784	0.4203	0.2883	0.162	-0.104	0.367	54.30	0.431	0.436	712	757	-0.473052	0.088507	
A/chicken/Zhejiang/209/20	0.3017	0.2655	0.4457	0.2688	0.158	-0.130	0.352	53.13	0.408	0.426	711	757	-0.511229	0.088507	
A/chicken/Zhejiang/217/20	0.3161	0.2573	0.4404	0.2698	0.154	-0.125	0.355	53.94	0.400	0.423	712	757	-0.499868	0.088507	
A/chicken/Zhejiang/232/20	0.3045	0.2630	0.4529	0.2644	0.159	-0.139	0.347	52.01	0.401	0.422	711	757	-0.503038	0.088507	
A/chicken/Zhejiang/514135	0.2832	0.2832	0.4420	0.2736	0.156	-0.123	0.356	50.28	0.426	0.432	711	757	-0.504756	0.088507	
A/chicken/Zhejiang/528127	0.3058	0.2646	0.4475	0.2609	0.158	-0.125	0.354	51.50	0.402	0.427	711	757	-0.497094	0.088507	
A/chicken/Zhejiang/6107/2	0.2672	0.3034	0.4098	0.3050	0.164	-0.112	0.362	51.91	0.465	0.443	710	757	-0.498415	0.088507	
A/chicken/Zhejiang/6C2/20	0.3080	0.2699	0.4257	0.2823	0.156	-0.138	0.347	54.08	0.419	0.430	711	757	-0.502642	0.088507	
A/chicken/Zhejiang/727022	0.2948	0.2724	0.4281	0.2960	0.154	-0.135	0.350	53.71	0.430	0.433	712	757	-0.493527	0.095112	
A/chicken/Zhejiang/727026	0.2948	0.2724	0.4273	0.2960	0.154	-0.133	0.350	53.57	0.430	0.433	712	757	-0.485205	0.093791	
A/chicken/Zhejiang/727079	0.2729	0.2988	0.4158	0.3028	0.164	-0.099	0.369	52.82	0.458	0.439	710	757	-0.496301	0.092470	
A/chicken/Zhejiang/727155	0.2948	0.2741	0.4239	0.2948	0.154	-0.132	0.350	53.83	0.431	0.436	712	757	-0.492206	0.091149	
A/chicken/Zhejiang/727159	0.2862	0.2845	0.4444	0.2724	0.159	-0.108	0.365	50.83	0.424	0.428	712	757	-0.494056	0.093791	
A/chicken/Zhejiang/7450/2	0.3022	0.2660	0.4511	0.2628	0.159	-0.133	0.350	52.59	0.404	0.426	711	757	-0.502510	0.087186	
A/chicken/Zhejiang/81643/	0.3040	0.2642	0.4511	0.2628	0.158	-0.135	0.349	52.61	0.402	0.425	711	757	-0.502510	0.087186	
A/common_mallard/Ningxia/	0.2776	0.2862	0.4278	0.2888	0.165	-0.105	0.366	51.47	0.440	0.438	711	757	-0.495773	0.088507	
A/condor/Guangdong/139/20	0.3033	0.2686	0.4312	0.2837	0.157	-0.133	0.350	53.05	0.419	0.429	711	757	-0.487318	0.087186	
A/domestic_green-winged_t	0.2872	0.2751	0.4221	0.3018	0.158	-0.126	0.354	52.41	0.439	0.437	711	757	-0.511096	0.088507	
A/duck/Anhui/56/2005_H5N1	0.2981	0.2704	0.4376	0.2817	0.160	-0.129	0.353	53.42	0.419	0.428	712	757	-0.486922	0.088507	
A/duck/Anhui/S4/2016_H5N6	0.2921	0.2784	0.4213	0.2917	0.160	-0.106	0.365	54.04	0.434	0.437	712	757	-0.482299	0.088507	
A/duck/Changhua/15A03431-	0.2682	0.2976	0.4420	0.2722	0.161	-0.102	0.368	51.05	0.437	0.435	709	757	-0.504095	0.088507	
A/duck/Changhua/15A03473-	0.2647	0.3010	0.4446	0.2708	0.162	-0.097	0.371	50.90	0.439	0.435	709	757	-0.507662	0.088507	
A/duck/Chiayi/15080023/20	0.2699	0.2958	0.4069	0.3130	0.162	-0.112	0.363	52.63	0.464	0.446	711	757	-0.510964	0.088507	
A/duck/China/0935/2017_H5	0.3122	0.2556	0.4448	0.2673	0.158	-0.131	0.351	51.85	0.399	0.425	712	757	-0.493659	0.088507	
A/duck/China/0936/2017_H5	0.3122	0.2556	0.4448	0.2673	0.158	-0.131	0.351	51.85	0.399	0.425	712	757	-0.493659	0.088507	
A/duck/China/0938/2017_H5	0.3122	0.2556	0.4448	0.2673	0.158	-0.131	0.351	51.85	0.399	0.425	712	757	-0.493659	0.088507	
A/duck/China/1033/2017_H5	0.3002	0.2693	0.4242	0.2874	0.160	-0.107	0.363	53.92	0.425	0.435	713	757	-0.474769	0.088507	
A/duck/China/E26/2012_H5N	0.3143	0.2539	0.4338	0.2843	0.154	-0.137	0.347	54.65	0.408	0.426	711	757	-0.497490	0.088507	
A/duck/China/E53/2012_H5N	0.2953	0.2712	0.4410	0.2789	0.156	-0.122	0.356	53.66	0.418	0.431	711	757	-0.490093	0.088507	
A/duck/China/YD1516/2016_	0.3062	0.2647	0.4501	0.2634	0.162	-0.134	0.350	52.26	0.402	0.424	711	757	-0.505548	0.089828	
A/duck/Chongqing/S4362/20	0.2746	0.2902	0.4384	0.2801	0.162	-0.118	0.359	51.12	0.436	0.436	711	757	-0.504491	0.088507	
A/duck/Dongguan/2685/2013	0.2953	0.2763	0.4239	0.2903	0.159	-0.118	0.359	54.28	0.430	0.435	711	757	-0.498547	0.088507	
A/duck/Eastern_China/008/	0.2941	0.2734	0.4322	0.2880	0.159	-0.135	0.349	52.91	0.426	0.431	713	758	-0.507388	0.088390	
A/duck/Eastern_China/031/	0.2941	0.2734	0.4366	0.2826	0.159	-0.132	0.351	52.64	0.423	0.429	712	758	-0.511214	0.088390	
A/duck/Eastern_China/057/	0.3017	0.2690	0.4265	0.2888	0.154	-0.130	0.352	54.45	0.423	0.431	711	757	-0.497226	0.088507	
A/duck/Eastern_China/108/	0.2931	0.2741	0.4203	0.2996	0.161	-0.108	0.364	54.81	0.435	0.434	712	758	-0.491953	0.088390	
A/duck/Eastern_China/1111	0.2919	0.2763	0.4268	0.2925	0.157	-0.137	0.348	53.15	0.432	0.431	713	758	-0.501187	0.088390	
A/duck/Eastern_China/909/	0.2941	0.2716	0.4402	0.2806	0.157	-0.135	0.350	52.58	0.420	0.428	712	758	-0.518338	0.088390	
A/duck/Eastern_China/JY/2	0.2976	0.2699	0.4410	0.2767	0.163	-0.122	0.357	51.99	0.416	0.428	711	757	-0.509247	0.088507	
A/duck/Eastern_China/L023	0.2894	0.2773	0.4275	0.2933	0.158	-0.140	0.347	52.74	0.434	0.432	712	758	-0.510158	0.088390	
A/duck/Eastern_China/L032	0.2862	0.2810	0.4206	0.2998	0.156	-0.141	0.346	53.29	0.441	0.434	714	758	-0.503166	0.088390	
A/duck/Eastern_China/L040	0.2960	0.2719	0.4485	0.2663	0.162	-0.120	0.358	51.44	0.411	0.427	713	758	-0.505937	0.088390	
A/duck/Eastern_China/L042	0.2938	0.2732	0.4467	0.2682	0.161	-0.122	0.356	51.49	0.414	0.428	713	758	-0.501319	0.088390	
A/duck/Eastern_China/L061	0.2938	0.2766	0.4475	0.2648	0.161	-0.120	0.358	51.74	0.414	0.428	713	758	-0.505409	0.088390	
A/duck/Eastern_China/L072	0.2960	0.2719	0.4467	0.2682	0.162	-0.122	0.356	51.45	0.412	0.427	713	758	-0.505409	0.088390	
A/duck/Eastern_China/L102	0.2884	0.2798	0.4281	0.2857	0.165	-0.130	0.352	52.38	0.432	0.433	713	758	-0.497889	0.088390	
A/duck/Eastern_China/L112	0.2966	0.2724	0.4358	0.2795	0.164	-0.110	0.363	52.33	0.421	0.431	713	758	-0.505013	0.088390	
A/duck/Eastern_China/S013	0.2976	0.2716	0.4521	0.2623	0.162	-0.117	0.360	52.93	0.407	0.425	712	758	-0.508180	0.088390	
A/duck/Eastern_China/S021	0.3017	0.2655	0.4348	0.2846	0.164	-0.114	0.362	52.13	0.418	0.429	713	758	-0.512797	0.088390	
A/duck/Eastern_China/S032	0.2953	0.2763	0.4286	0.2857	0.158	-0.117	0.360	53.94	0.427	0.434	712	758	-0.503562	0.088390	
A/duck/Eastern_China/S071	0.3092	0.2712	0.4239	0.2823	0.157	-0.139	0.347	54.11	0.420	0.431	712	758	-0.506201	0.088390	
A/duck/Eastern_China/S080	0.2946	0.2756	0.4324	0.2815	0.164	-0.108	0.365	53.88	0.424	0.431	712	758	-0.501979	0.088390	
A/duck/Eastern_China/S090	0.3040	0.2729	0.4250	0.2832	0.157	-0.119	0.358	53.65	0.423	0.433	712	758	-0.503958	0.088390	
A/duck/Eastern_China/S110	0.2793	0.2828	0.4116	0.3104	0.160	-0.126	0.354	51.66	0.452	0.441	712	758	-0.506069	0.088390	
A/duck/Eastern_China/S121	0.2746	0.2919	0.4368	0.2790	0.166	-0.104	0.367	50.62	0.437	0.436	712	758	-0.505673	0.088390	
A/duck/Fujian/1.17_FZHX01	0.3017	0.2724	0.4247	0.2851	0.159	-0.133	0.350	52.79	0.425	0.432	711	757	-0.505020	0.088507	
A/duck/Fujian/10.26_FZHX0	0.2990	0.2663	0.4286	0.2860	0.157	-0.125	0.354	53.10	0.422	0.433	711	757	-0.501321	0.088507	
A/duck/Fujian/10.26_FZHX0	0.2973	0.2680	0.4304	0.2840	0.157	-0.125	0.354	52.93	0.422	0.433	711	757	-0.501321	0.088507	
A/duck/Fujian/11.23_FZHX0	0.2990	0.2663	0.4286	0.2860	0.157	-0.123	0.356	53.12	0.422	0.432	711	757	-0.501849	0.088507	
A/duck/Fujian/11.23_FZHX0	0.2973	0.2680	0.4278	0.2849	0.158	-0.125	0.354	52.96	0.423	0.435	711	757	-0.506605	0.085865	
A/duck/Fujian/11.23_FZHX0	0.2973	0.2680	0.4286	0.2860	0.157	-0.127	0.353	52.92	0.423	0.433	711	757	-0.501321	0.088507	
A/duck/Fujian/11.3_FZHX11	0.3000	0.2638	0.4467	0.2708	0.156	-0.138	0.347	51.62	0.408	0.427	711	757	-0.496433	0.088507	
A/duck/Fujian/11.3_FZHX11	0.3000	0.2638	0.4448	0.2727	0.156	-0.138	0.347	51.75	0.409	0.428	711	757	-0.496433	0.088507	
A/duck/Fujian/12.7_FZHX12	0.3000	0.2638	0.4448	0.2727	0.156	-0.138	0.347	51.75	0.409	0.428	711	757	-0.496433	0.088507	
A/duck/Fujian/12.7_FZHX12	0.3017	0.2621	0.4467	0.2708	0.156	-0.136	0.349	51.57	0.406	0.427	711	757	-0.496433	0.088507	
A/duck/Fujian/12.7_FZHX12	0.3017	0.2621	0.4467	0.2708	0.156	-0.136	0.349	51.57	0.406	0.427	711	757	-0.496433	0.088507	
A/duck/Fujian/12.7_FZHX12	0.3017	0.2621	0.4467	0.2708	0.156	-0.136	0.349	51.57	0.406	0.427	711	757	-0.496433	0.088507	
A/duck/Guangdong/11.18_SZ	0.3109	0.2608	0.4438	0.2679	0.160	-0.128	0.354	51.49	0.402	0.423	711	757	-0.504227	0.088507	
A/duck/Guangdong/11.18_SZ	0.3109	0.2608	0.4438	0.2679	0.160	-0.128	0.354	51.49	0.402	0.423	711	757	-0.504227	0.088507	
A/duck/Guangdong/11.18_SZ	0.3109	0.2608	0.4438	0.2679	0.160	-0.128	0.354	51.49	0.402	0.423	711	757	-0.504227	0.088507	
A/duck/Guangdong/23/2004_	0.3045	0.2664	0.4250	0.2891	0.160	-0.127	0.354	54.10	0.422	0.431	711	757	-0.506737	0.088507	
A/duck/Guangdong/GD01/201	0.2966	0.2759	0.4239	0.2883	0.158	-0.115	0.360	53.82	0.429	0.435	711	757	-0.499868	0.088507	
A/duck/Guangdong/s14044/2	0.2948	0.2724	0.4402	0.2772	0.165	-0.110	0.364	52.30	0.419	0.429	712	757	-0.494848	0.088507	
A/duck/Guangdong/wy11/200	0.2815	0.2798	0.4404	0.2840	0.155	-0.140	0.346	52.32	0.429	0.432	713	758	-0.511346	0.088390	
A/duck/Guangdong/wy19/200	0.2828	0.2793	0.4386	0.2840	0.155	-0.144	0.344	52.42	0.429	0.431	713	758	-0.494063	0.088390	
A/duck/Guangdong/wy24/200	0.2924	0.2716	0.4299	0.2882	0.155	-0.144	0.344	52.43	0.427	0.432	712	758	-0.495910	0.088390	
A/duck/Guangzhou/018/2014	0.2953	0.2763	0.4221	0.2922	0.159	-0.121	0.357	54.40	0.432	0.435	711	757	-0.499075	0.088507	
A/duck/Guangzhou/021/2014	0.2971	0.2746	0.4221	0.2922	0.159	-0.117	0.360	54.03	0.430	0.435	711	757	-0.498019	0.088507	
A/duck/Guangzhou/41227/20	0.2978	0.2754	0.4174	0.2948	0.158	-0.116	0.360	54.11	0.433	0.436	711	757	-0.494980	0.088507	
A/duck/Guizhou/7.27_ZYLJJ	0.2949	0.2757	0.4281	0.2840	0.160	-0.115	0.361	53.86	0.426	0.434	704	748	-0.498262	0.088235	
A/duck/Guizhou/8.26_ZYLJJ	0.3089	0.2635	0.4307	0.2800	0.158	-0.125	0.355	54.43	0.413	0.431	704	748	-0.501738	0.088235	
A/duck/Guizhou/8.26_ZYLJJ	0.2978	0.2754	0.4260	0.2832	0.160	-0.113	0.361	54.10	0.426	0.434	712	757	-0.482827	0.088507	
A/duck/Hainan/12.29_HKPL0	0.3029	0.2719	0.4304	0.2772	0.161	-0.108	0.364	54.70	0.419	0.432	712	757	-0.486262	0.088507	
A/duck/Hebei/0908/2009_H5	0.2837	0.2820	0.4296	0.2868	0.159	-0.131	0.352	52.11	0.435	0.434	711	757	-0.496962	0.088507	
A/duck/Hong_Kong/342/1978	0.2763	0.2936	0.4304	0.2840	0.157	-0.112	0.362	52.73	0.441	0.437	712	758	-0.505145	0.088390	
A/duck/Hsinchu/15020216/2	0.2716	0.2941	0.4428	0.2727	0.163	-0.100	0.370	50.91	0.434	0.435	709	757	-0.507662	0.088507	
A/duck/HuBei/03/2010_H5N5	0.2672	0.3017	0.4247	0.2899	0.157	-0.108	0.364	51.93	0.453	0.439	711	757	-0.509643	0.088507	
A/duck/Hubei/2911/2007_H5	0.3000	0.2638	0.4319	0.2897	0.156	-0.143	0.345	53.62	0.421	0.431	711	757	-0.495641	0.088507	
A/duck/Hubei/49/2005_H5N1	0.3045	0.2612	0.4312	0.2897	0.155	-0.140	0.346	53.73	0.418	0.429	711	757	-0.493659	0.088507	
A/duck/Hubei/SZY250/2016_	0.3050	0.2669	0.4503	0.2604	0.160	-0.128	0.354	52.86	0.402	0.424	711	757	-0.520476	0.089828	
A/duck/Hubei/xn/2007_H5N1	0.3005	0.2642	0.4376	0.2832	0.154	-0.142	0.344	53.23	0.416	0.428	712	757	-0.492074	0.088507	
A/duck/Hunan/01.12_YYGK82	0.2904	0.2818	0.4152	0.2950	0.163	-0.098	0.369	54.29	0.440	0.439	712	757	-0.472127	0.088507	
A/duck/Hunan/03.07_YYGK25	0.2892	0.2840	0.4224	0.2871	0.161	-0.108	0.364	53.72	0.435	0.437	712	757	-0.482299	0.088507	
A/duck/Hunan/03.07_YYGK4L	0.2978	0.2719	0.4529	0.2569	0.162	-0.109	0.364	51.71	0.405	0.428	711	757	-0.504227	0.088507	
A/duck/Hunan/03.24_YYGK17	0.3019	0.2693	0.4242	0.2883	0.156	-0.114	0.360	54.92	0.424	0.433	713	757	-0.482959	0.088507	
A/duck/Hunan/03.24_YYGK17	0.3024	0.2698	0.4224	0.2877	0.157	-0.110	0.362	55.04	0.424	0.434	712	757	-0.482695	0.088507	
A/duck/Hunan/03.24_YYGK18	0.3024	0.2698	0.4224	0.2877	0.157	-0.110	0.362	55.04	0.424	0.434	712	757	-0.482695	0.088507	
A/duck/Hunan/03.24_YYGK21	0.3024	0.2698	0.4206	0.2897	0.157	-0.113	0.361	55.06	0.426	0.435	712	757	-0.482695	0.088507	
A/duck/Hunan/1.12_YYGK68H	0.3029	0.2719	0.4213	0.2877	0.161	-0.106	0.365	54.79	0.426	0.434	712	757	-0.485865	0.088507	
A/duck/Hunan/1.12_YYGK72H	0.3029	0.2719	0.4213	0.2877	0.161	-0.106	0.365	54.79	0.426	0.434	712	757	-0.485865	0.088507	
A/duck/Hunan/1.12_YYGK74H	0.2887	0.2835	0.4152	0.2950	0.162	-0.100	0.368	54.25	0.441	0.439	712	757	-0.472127	0.088507	
A/duck/Hunan/1.17_YYGKK80	0.3076	0.2612	0.4475	0.2634	0.158	-0.135	0.349	52.14	0.401	0.426	711	757	-0.496697	0.088507	
A/duck/Hunan/11.30_YYGK59	0.2955	0.2698	0.4304	0.2840	0.156	-0.125	0.354	53.05	0.423	0.434	711	757	-0.498019	0.088507	
A/duck/Hunan/11.30_YYGK62	0.2960	0.2754	0.4206	0.2911	0.162	-0.106	0.365	54.44	0.431	0.436	712	757	-0.482299	0.088507	
A/duck/Hunan/11.30_YYGK63	0.2978	0.2737	0.4224	0.2891	0.162	-0.106	0.365	54.55	0.428	0.435	712	757	-0.482299	0.088507	
A/duck/Hunan/11.30_YYGK74	0.2801	0.2818	0.4312	0.2880	0.157	-0.132	0.350	51.63	0.436	0.435	711	757	-0.505680	0.088507	
A/duck/Hunan/11.30_YYGK75	0.2806	0.2823	0.4312	0.2880	0.158	-0.132	0.350	51.70	0.436	0.434	711	757	-0.504888	0.088507	
A/duck/Hunan/12.27_YYGK10	0.3076	0.2629	0.4457	0.2634	0.157	-0.135	0.349	52.07	0.402	0.426	711	757	-0.496697	0.088507	
A/duck/Hunan/12.27_YYGK60	0.3064	0.2668	0.4547	0.2510	0.159	-0.117	0.359	51.35	0.397	0.425	711	757	-0.505152	0.088507	
A/duck/Hunan/12.27_YYGK71	0.3076	0.2629	0.4457	0.2634	0.157	-0.135	0.349	52.07	0.402	0.426	711	757	-0.496697	0.088507	
A/duck/Hunan/12.27_YYGK73	0.3064	0.2668	0.4529	0.2530	0.159	-0.115	0.360	51.39	0.398	0.425	711	757	-0.504095	0.088507	
A/duck/Hunan/12.27_YYGK81	0.3093	0.2612	0.4457	0.2634	0.157	-0.138	0.347	52.08	0.401	0.426	711	757	-0.496697	0.088507	
A/duck/Hunan/12.27_YYGK86	0.3064	0.2651	0.4557	0.2505	0.158	-0.119	0.357	51.42	0.395	0.424	711	757	-0.503831	0.087186	
A/duck/Hunan/12.27_YYGK89	0.3076	0.2629	0.4457	0.2634	0.157	-0.135	0.349	52.07	0.402	0.426	711	757	-0.496697	0.088507	
A/duck/Hunan/12.27_YYGK91	0.3076	0.2629	0.4457	0.2634	0.157	-0.135	0.349	52.07	0.402	0.426	711	757	-0.496697	0.088507	
A/duck/Hunan/12.27_YYGK93	0.3076	0.2629	0.4457	0.2634	0.157	-0.135	0.349	52.07	0.402	0.426	711	757	-0.496697	0.088507	
A/duck/Hunan/12.27_YYGK95	0.3076	0.2629	0.4457	0.2634	0.157	-0.135	0.349	52.07	0.402	0.426	711	757	-0.496697	0.088507	
A/duck/Hunan/12.27_YYGK96	0.3076	0.2629	0.4457	0.2634	0.158	-0.135	0.349	52.10	0.402	0.426	711	757	-0.493791	0.089828	
A/duck/Hunan/12.27_YYGK97	0.3076	0.2629	0.4457	0.2634	0.157	-0.135	0.349	52.07	0.402	0.426	711	757	-0.496697	0.088507	
A/duck/Hunan/2.06_YYGK77J	0.2926	0.2806	0.4224	0.2871	0.161	-0.108	0.364	53.73	0.433	0.436	712	757	-0.482299	0.088507	
A/duck/Hunan/2.06_YYGK78J	0.2978	0.2754	0.4268	0.2837	0.160	-0.106	0.365	54.49	0.426	0.434	712	757	-0.482563	0.088507	
A/duck/Hunan/2.06_YYGK84J	0.2926	0.2806	0.4224	0.2871	0.161	-0.108	0.364	53.73	0.433	0.436	712	757	-0.482299	0.088507	
A/duck/Hunan/2.06_YYGK92J	0.2926	0.2806	0.4224	0.2871	0.161	-0.108	0.364	53.73	0.433	0.436	712	757	-0.482299	0.088507	
A/duck/Hunan/3/2007_H5N1|	0.3000	0.2690	0.4275	0.2897	0.156	-0.131	0.351	54.23	0.424	0.431	712	757	-0.498283	0.087186	
A/duck/Hunan/316/2005_H5N	0.3056	0.2604	0.4402	0.2823	0.155	-0.146	0.343	53.22	0.411	0.426	711	757	-0.495641	0.088507	
A/duck/Hunan/3315/2006_H5	0.3010	0.2664	0.4293	0.2897	0.156	-0.138	0.347	54.23	0.422	0.431	711	757	-0.488243	0.088507	
A/duck/Hunan/689/2006_H5N	0.3033	0.2634	0.4330	0.2846	0.158	-0.132	0.351	53.98	0.417	0.430	710	757	-0.493923	0.088507	
A/duck/Hunan/7.21_YYGK41Y	0.2937	0.2762	0.4234	0.2906	0.159	-0.109	0.364	54.36	0.431	0.436	703	748	-0.494251	0.088235	
A/duck/Hunan/733/2004_H5N	0.3028	0.2664	0.4330	0.2832	0.156	-0.142	0.345	53.31	0.418	0.429	711	757	-0.494056	0.088507	
A/duck/Hunan/8/2008_H5N1|	0.2612	0.3045	0.4394	0.2776	0.157	-0.119	0.359	52.27	0.446	0.438	711	757	-0.507662	0.088507	
A/duck/Hunan/S4020/2008_H	0.2966	0.2707	0.4229	0.2988	0.155	-0.138	0.347	54.01	0.431	0.432	712	757	-0.494320	0.088507	
A/duck/Hunan/S4030/2011_H	0.2971	0.2729	0.4257	0.2897	0.161	-0.120	0.357	53.36	0.428	0.435	711	757	-0.490093	0.088507	
A/duck/Hunan/S4101/2011_H	0.2781	0.2919	0.4231	0.2899	0.161	-0.114	0.361	51.57	0.444	0.436	711	757	-0.495641	0.088507	
A/duck/Hunan/S4120/2011_H	0.2763	0.2936	0.4231	0.2899	0.161	-0.117	0.360	51.50	0.446	0.437	711	757	-0.495641	0.088507	
A/duck/Hunan/S4150/2011_H	0.2953	0.2781	0.4164	0.2962	0.161	-0.121	0.356	54.41	0.437	0.436	710	757	-0.494452	0.088507	
A/duck/Hunan/S4220/2011_H	0.2958	0.2768	0.4200	0.2942	0.161	-0.118	0.359	54.27	0.434	0.435	710	757	-0.500132	0.088507	
A/duck/Jiangsu/m234/2012_	0.2862	0.2793	0.4242	0.2902	0.158	-0.131	0.352	51.53	0.436	0.435	711	757	-0.500528	0.088507	
A/duck/Jiangxi/01.11_NCNP	0.2983	0.2741	0.4159	0.2950	0.161	-0.110	0.363	54.56	0.433	0.437	711	757	-0.485733	0.088507	
A/duck/Jiangxi/10160/2014	0.3062	0.2716	0.4257	0.2823	0.157	-0.136	0.349	54.18	0.421	0.431	711	757	-0.502642	0.088507	
A/duck/Jiangxi/11.17_NCNP	0.3074	0.2608	0.4112	0.3063	0.155	-0.136	0.349	53.39	0.430	0.435	711	757	-0.504491	0.088507	
A/duck/Jiangxi/11.17_NCNP	0.3074	0.2608	0.4112	0.3063	0.155	-0.136	0.349	53.39	0.430	0.435	711	757	-0.504491	0.088507	
A/duck/Jiangxi/11.29_NCDZ	0.3143	0.2556	0.4521	0.2589	0.163	-0.121	0.359	51.43	0.392	0.421	711	757	-0.504756	0.088507	
A/duck/Jiangxi/11.29_NCNP	0.3041	0.2680	0.4503	0.2544	0.160	-0.108	0.364	51.41	0.401	0.426	711	757	-0.493527	0.088507	
A/duck/Jiangxi/11.29_NCNP	0.2880	0.2827	0.4299	0.2809	0.161	-0.099	0.369	53.98	0.430	0.437	704	748	-0.499064	0.088235	
A/duck/Jiangxi/120/2011_H	0.2857	0.2857	0.4065	0.3065	0.157	-0.138	0.346	53.25	0.451	0.437	714	757	-0.481374	0.088507	
A/duck/Jiangxi/130/2011_H	0.3010	0.2699	0.4247	0.2897	0.163	-0.115	0.361	54.37	0.425	0.433	710	757	-0.496697	0.088507	
A/duck/Jiangxi/13469/2014	0.3092	0.2712	0.4283	0.2769	0.156	-0.138	0.347	53.97	0.416	0.429	711	757	-0.502642	0.088507	
A/duck/Jiangxi/13475/2014	0.3092	0.2712	0.4283	0.2769	0.156	-0.138	0.347	53.97	0.416	0.429	711	757	-0.502642	0.088507	
A/duck/Jiangxi/13484/2014	0.3092	0.2712	0.4283	0.2769	0.156	-0.138	0.347	53.97	0.416	0.429	711	757	-0.502642	0.088507	
A/duck/Jiangxi/2.28NCNP23	0.2990	0.2732	0.4221	0.2908	0.162	-0.106	0.365	54.08	0.428	0.434	712	757	-0.485997	0.088507	
A/duck/Jiangxi/2.28_NCNP2	0.2990	0.2732	0.4221	0.2908	0.162	-0.106	0.365	54.08	0.428	0.434	712	757	-0.485997	0.088507	
A/duck/Jiangxi/34/2011_H5	0.2936	0.2729	0.4293	0.2891	0.162	-0.114	0.360	54.27	0.428	0.435	711	757	-0.484280	0.088507	
A/duck/Jiangxi/35/2011_H5	0.2793	0.2897	0.4149	0.3016	0.167	-0.090	0.374	51.29	0.450	0.443	711	757	-0.482431	0.088507	
A/duck/Jiangxi/44/2011_H5	0.2719	0.2823	0.4485	0.2795	0.157	-0.115	0.360	52.02	0.430	0.433	712	757	-0.510304	0.088507	
A/duck/Jiangxi/5.26_NCDZT	0.2798	0.3022	0.3909	0.3135	0.168	-0.088	0.376	54.64	0.469	0.447	710	757	-0.488904	0.088507	
A/duck/Jiangxi/80/2005_H5	0.2924	0.2803	0.4239	0.2897	0.157	-0.132	0.350	53.56	0.433	0.433	711	757	-0.493659	0.088507	
A/duck/Jilin/JL-SIV/2013_	0.3045	0.2647	0.4301	0.2863	0.152	-0.153	0.338	53.22	0.418	0.429	710	757	-0.491017	0.088507	
A/duck/Kaohsiung/15010213	0.2690	0.2966	0.4402	0.2742	0.162	-0.100	0.369	51.09	0.438	0.436	710	757	-0.500528	0.088507	
A/duck/Kaohsiung/15WB3298	0.2845	0.2897	0.4149	0.2939	0.163	-0.108	0.364	52.58	0.446	0.439	711	757	-0.498018	0.088507	
A/duck/Kaohsiung/20WB0242	0.2806	0.2892	0.4446	0.2663	0.157	-0.143	0.345	50.38	0.426	0.434	711	757	-0.505416	0.088507	
A/duck/Liaoning/LN/2011_H	0.2682	0.2993	0.4213	0.2953	0.159	-0.121	0.357	51.68	0.454	0.441	711	757	-0.495244	0.088507	
A/duck/Nanchang/9789/2013	0.3022	0.2677	0.4384	0.2763	0.156	-0.130	0.352	53.73	0.414	0.430	711	757	-0.504491	0.088507	
A/duck/Nantou/15A3437/201	0.2647	0.3010	0.4446	0.2708	0.162	-0.097	0.371	50.90	0.439	0.435	709	757	-0.507662	0.088507	
A/duck/Nantou/17A0243/201	0.2724	0.2948	0.4372	0.2772	0.164	-0.099	0.370	50.45	0.439	0.435	709	757	-0.501982	0.088507	
A/duck/Pingtung/15010180/	0.2850	0.2781	0.4185	0.3043	0.157	-0.125	0.354	52.87	0.443	0.435	711	757	-0.501453	0.088507	
A/duck/Pingtung/15010444/	0.2716	0.2976	0.4402	0.2702	0.162	-0.097	0.371	51.30	0.436	0.435	709	757	-0.503963	0.088507	
A/duck/Pingtung/17A0160/2	0.2712	0.2953	0.4345	0.2806	0.165	-0.096	0.371	50.69	0.441	0.436	709	757	-0.501982	0.088507	
A/duck/Pingtung/18A00003-	0.2766	0.2887	0.4327	0.2826	0.164	-0.099	0.369	50.87	0.438	0.435	710	757	-0.498547	0.088507	
A/duck/Pingtung/18A00076-	0.2660	0.2988	0.4327	0.2846	0.167	-0.086	0.377	50.46	0.447	0.436	709	757	-0.499472	0.089828	
A/duck/Pingtung/18X00077/	0.2828	0.2741	0.4477	0.2776	0.149	-0.132	0.351	50.82	0.421	0.432	712	757	-0.488771	0.088507	
A/duck/Shandong/009/2008_	0.2651	0.3029	0.4073	0.3103	0.161	-0.100	0.368	53.08	0.468	0.443	711	757	-0.501717	0.088507	
A/duck/Shandong/Q1/2013_H	0.3017	0.2638	0.4392	0.2806	0.165	-0.115	0.361	52.62	0.414	0.428	712	757	-0.502378	0.089828	
A/duck/Shandong/SD0261/20	0.2781	0.2867	0.4141	0.3057	0.165	-0.113	0.361	51.79	0.451	0.439	711	757	-0.508851	0.088507	
A/duck/Shandong/SD0263/20	0.2781	0.2867	0.4141	0.3057	0.165	-0.113	0.361	51.79	0.451	0.439	711	757	-0.508851	0.088507	
A/duck/Sichuan/NCXJ15/201	0.3038	0.2760	0.4221	0.2863	0.159	-0.130	0.353	54.15	0.426	0.432	711	757	-0.501057	0.088507	
A/duck/Sichuan/NCXJ16/201	0.3050	0.2721	0.4257	0.2843	0.158	-0.132	0.352	53.94	0.422	0.431	711	757	-0.501849	0.088507	
A/duck/Sichuan/NCXN10/201	0.2941	0.2803	0.4275	0.2832	0.160	-0.116	0.360	53.99	0.429	0.435	711	757	-0.499604	0.088507	
A/duck/Sichuan/NCXN11/201	0.2941	0.2803	0.4293	0.2812	0.160	-0.116	0.360	53.75	0.428	0.435	711	757	-0.499604	0.088507	
A/duck/Sichuan/SC4822/202	0.2960	0.2702	0.4575	0.2574	0.156	-0.132	0.351	51.82	0.403	0.425	712	757	-0.491678	0.088507	
A/duck/Sichuan/SC5698/202	0.2943	0.2719	0.4575	0.2574	0.156	-0.132	0.351	51.94	0.404	0.426	712	757	-0.491678	0.088507	
A/duck/Taichung/15010400-	0.2660	0.2988	0.4446	0.2708	0.162	-0.097	0.371	50.94	0.437	0.436	709	757	-0.508454	0.088507	
A/duck/Tainan/15010403/20	0.2751	0.2907	0.4069	0.3130	0.162	-0.114	0.361	52.69	0.460	0.445	711	757	-0.507662	0.088507	
A/duck/Tainan/16010020-1/	0.2734	0.2924	0.4465	0.2688	0.161	-0.102	0.368	50.90	0.430	0.433	709	757	-0.504756	0.088507	
A/duck/Tainan/16WB3443-15	0.2746	0.2953	0.4177	0.2953	0.166	-0.111	0.363	51.95	0.451	0.442	711	757	-0.505020	0.088507	
A/duck/Taipei/05WB830-1-5	0.2941	0.2855	0.4040	0.3018	0.165	-0.101	0.368	52.63	0.447	0.441	711	757	-0.505680	0.088507	
A/duck/Taipei/18WB0120-1-	0.2763	0.2867	0.4224	0.2992	0.165	-0.097	0.371	52.53	0.447	0.438	712	757	-0.497094	0.088507	
A/duck/Taipei/19WB0235-14	0.2818	0.2887	0.4446	0.2648	0.156	-0.132	0.350	49.70	0.425	0.434	711	757	-0.502114	0.088507	
A/duck/Taiwan/01006/2015_	0.2682	0.2976	0.4428	0.2727	0.162	-0.100	0.370	50.96	0.437	0.435	709	757	-0.507662	0.088507	
A/duck/Taiwan/11213/2013_	0.2682	0.2993	0.4185	0.2978	0.159	-0.120	0.358	52.10	0.456	0.442	710	757	-0.504359	0.088507	
A/duck/Taiwan/11254/2013_	0.2699	0.2976	0.4203	0.2964	0.160	-0.121	0.358	51.71	0.454	0.441	710	757	-0.503435	0.088507	
A/duck/Taiwan/A3400/2015_	0.2867	0.2781	0.4195	0.2998	0.158	-0.121	0.357	52.79	0.440	0.435	711	757	-0.500925	0.088507	
A/duck/Taiwan/DV1238/2009	0.3040	0.2763	0.4087	0.2964	0.162	-0.120	0.358	53.22	0.435	0.437	712	757	-0.492470	0.088507	
A/duck/Taiwan/DV1241/2009	0.3040	0.2763	0.4087	0.2964	0.162	-0.120	0.358	53.22	0.435	0.437	712	757	-0.492470	0.088507	
A/duck/Taiwan/DV1242/2009	0.3040	0.2763	0.4087	0.2964	0.162	-0.120	0.358	53.22	0.435	0.437	712	757	-0.492470	0.088507	
A/duck/Taoyuan/16010023-1	0.2716	0.2941	0.4491	0.2673	0.162	-0.098	0.371	50.73	0.430	0.433	709	757	-0.506737	0.088507	
A/duck/Wenzhou/YJYF33/201	0.2771	0.2874	0.4170	0.3006	0.160	-0.116	0.360	53.29	0.449	0.439	712	757	-0.491281	0.089828	
A/duck/Wuhan/JXYFB22/2015	0.2988	0.2729	0.4293	0.2843	0.154	-0.131	0.352	53.96	0.423	0.432	711	757	-0.498547	0.088507	
A/duck/Wuhan/WHYF02/2015_	0.2953	0.2746	0.4247	0.2928	0.155	-0.126	0.354	53.73	0.430	0.434	711	757	-0.498415	0.088507	
A/duck/Xinjiang/12.18_WLM	0.2766	0.2869	0.4293	0.2880	0.160	-0.122	0.356	51.34	0.440	0.436	711	757	-0.505680	0.088507	
A/duck/Yilan/17A0092/2017	0.2712	0.2953	0.4364	0.2787	0.164	-0.101	0.368	50.55	0.440	0.435	709	757	-0.505416	0.088507	
A/duck/Yunlin/15010244-1/	0.2677	0.2988	0.4446	0.2688	0.162	-0.100	0.370	50.72	0.436	0.435	709	757	-0.503699	0.088507	
A/duck/Yunlin/15010277/20	0.2958	0.2734	0.4324	0.2835	0.161	-0.126	0.355	53.18	0.424	0.428	713	758	-0.502639	0.088390	
A/duck/Yunlin/15010310-4/	0.2664	0.2993	0.4446	0.2708	0.163	-0.097	0.371	50.93	0.437	0.435	709	757	-0.507662	0.088507	
A/duck/Yunlin/15010318-2/	0.2682	0.2976	0.4428	0.2727	0.163	-0.097	0.371	51.09	0.437	0.436	709	757	-0.512550	0.088507	
A/duck/Yunlin/15010369-1/	0.2664	0.2993	0.4465	0.2688	0.163	-0.095	0.372	50.94	0.436	0.435	709	757	-0.507662	0.088507	
A/duck/Yunlin/15010458-1/	0.2958	0.2734	0.4324	0.2835	0.161	-0.128	0.353	53.14	0.424	0.429	713	758	-0.496042	0.088390	
A/duck/Yunlin/15070002-2/	0.2677	0.2971	0.4491	0.2673	0.162	-0.100	0.370	50.65	0.433	0.434	709	757	-0.507662	0.088507	
A/duck/Yunlin/15A5019/201	0.2664	0.2976	0.4465	0.2708	0.163	-0.095	0.372	50.70	0.436	0.435	709	757	-0.507662	0.088507	
A/duck/Yunlin/17110001/20	0.2729	0.2953	0.4309	0.2837	0.164	-0.095	0.371	50.94	0.443	0.436	709	757	-0.488243	0.088507	
A/duck/Yunlin/17A0086/201	0.2712	0.2971	0.4364	0.2767	0.165	-0.094	0.372	50.72	0.440	0.435	709	757	-0.505416	0.088507	
A/duck/Yunlin/17A0686/201	0.2712	0.2953	0.4372	0.2803	0.163	-0.098	0.370	50.82	0.440	0.434	709	757	-0.492338	0.088507	
A/duck/Yunlin/18060007-3/	0.2746	0.2953	0.4364	0.2763	0.163	-0.098	0.370	50.96	0.437	0.434	709	757	-0.484412	0.088507	
A/duck/Yunlin/18X00007-3/	0.2823	0.2874	0.4213	0.2913	0.162	-0.128	0.353	52.20	0.442	0.437	712	757	-0.498283	0.088507	
A/duck/Yunnan/4072/2003_H	0.2951	0.2778	0.4312	0.2832	0.159	-0.126	0.354	53.73	0.426	0.431	711	757	-0.495773	0.088507	
A/duck/Yunnan/426/2004_H5	0.2951	0.2778	0.4312	0.2832	0.159	-0.128	0.353	53.64	0.426	0.431	711	757	-0.495773	0.088507	
A/duck/Yunnan/4645/2003_H	0.2951	0.2778	0.4312	0.2832	0.159	-0.126	0.354	53.73	0.426	0.431	711	757	-0.495773	0.088507	
A/duck/Yunnan/47/2006_H5N	0.3000	0.2621	0.4278	0.2945	0.157	-0.128	0.353	54.32	0.423	0.432	712	757	-0.504095	0.088507	
A/duck/Yunnan/485/2004_H5	0.2969	0.2760	0.4304	0.2826	0.158	-0.133	0.350	53.52	0.425	0.431	711	757	-0.492206	0.088507	
A/duck/Yunnan/4873/2006_H	0.3016	0.2652	0.4304	0.2897	0.156	-0.148	0.342	53.46	0.421	0.429	711	757	-0.497226	0.087186	
A/duck/Yunnan/5090/2003_H	0.2957	0.2783	0.4338	0.2798	0.160	-0.125	0.355	53.59	0.424	0.430	710	757	-0.492338	0.088507	
A/duck/Yunnan/5169/2003_H	0.2951	0.2778	0.4330	0.2812	0.159	-0.126	0.354	53.68	0.425	0.431	711	757	-0.495773	0.088507	
A/duck/Yunnan/522/2004_H5	0.2951	0.2778	0.4330	0.2812	0.159	-0.128	0.353	53.64	0.425	0.431	711	757	-0.495773	0.088507	
A/duck/Yunnan/5310/2006_H	0.3033	0.2652	0.4257	0.2937	0.156	-0.148	0.342	53.71	0.423	0.429	711	757	-0.493395	0.088507	
A/duck/Yunnan/5948/2003_H	0.2951	0.2778	0.4330	0.2812	0.159	-0.128	0.353	53.64	0.425	0.431	711	757	-0.495773	0.088507	
A/duck/Yunnan/6080/2003_H	0.2951	0.2778	0.4330	0.2812	0.159	-0.128	0.353	53.64	0.425	0.431	711	757	-0.495773	0.088507	
A/duck/Yunnan/6603/2003_H	0.2934	0.2778	0.4348	0.2812	0.160	-0.126	0.354	53.75	0.425	0.431	711	757	-0.495773	0.088507	
A/duck/Zhejiang/1026109/2	0.3074	0.2642	0.4537	0.2574	0.159	-0.131	0.352	52.42	0.398	0.423	711	757	-0.500660	0.088507	
A/duck/Zhejiang/1220092/2	0.3058	0.2646	0.4340	0.2767	0.157	-0.124	0.354	53.92	0.413	0.430	712	757	-0.488639	0.088507	
A/duck/Zhejiang/213/2011_	0.3022	0.2642	0.4340	0.2832	0.157	-0.129	0.352	54.31	0.416	0.430	711	757	-0.492735	0.087186	
A/duck/Zhejiang/224/2011_	0.2958	0.2751	0.4286	0.2851	0.161	-0.113	0.361	54.39	0.426	0.433	711	757	-0.489564	0.088507	
A/duck/Zhejiang/2242/2011	0.2958	0.2751	0.4286	0.2851	0.161	-0.113	0.361	54.39	0.426	0.433	711	757	-0.489564	0.088507	
A/duck/Zhejiang/2243/2011	0.2958	0.2751	0.4286	0.2851	0.161	-0.113	0.361	54.39	0.426	0.433	711	757	-0.489564	0.088507	
A/duck/Zhejiang/2244/2011	0.2958	0.2751	0.4286	0.2851	0.161	-0.113	0.361	54.39	0.426	0.433	711	757	-0.489564	0.088507	
A/duck/Zhejiang/2245/2011	0.2712	0.2919	0.4087	0.3130	0.159	-0.123	0.356	52.10	0.461	0.444	711	757	-0.501321	0.088507	
A/duck/Zhejiang/2248/2011	0.2958	0.2751	0.4286	0.2851	0.161	-0.113	0.361	54.39	0.426	0.433	711	757	-0.489564	0.088507	
A/duck/Zhejiang/6D18/2013	0.2948	0.2707	0.4402	0.2781	0.163	-0.116	0.360	52.23	0.419	0.429	712	757	-0.497886	0.088507	
A/duck/Zhejiang/6D2/2013_	0.3080	0.2699	0.4275	0.2803	0.156	-0.141	0.346	53.95	0.418	0.430	711	757	-0.502642	0.088507	
A/duck/Zhejiang/6DK19/201	0.2929	0.2790	0.4252	0.2868	0.164	-0.093	0.374	52.65	0.431	0.433	712	758	-0.489182	0.088390	
A/duck/Zhejiang/727041/20	0.2919	0.2712	0.4291	0.2925	0.158	-0.130	0.352	52.45	0.430	0.434	710	757	-0.504624	0.093791	
A/duck/Zhejiang/727158/20	0.2948	0.2724	0.4273	0.2960	0.155	-0.132	0.351	53.67	0.430	0.433	712	757	-0.491281	0.093791	
A/duck/Zhejiang/77138/201	0.3154	0.2582	0.4330	0.2787	0.158	-0.136	0.349	53.76	0.408	0.428	711	757	-0.514003	0.088507	
A/duck/Zhejiang/925019/20	0.2919	0.2660	0.4394	0.2885	0.161	-0.125	0.355	52.09	0.421	0.430	712	757	-0.506209	0.088507	
A/duck/Zhejiang/925169/20	0.2926	0.2668	0.4465	0.2798	0.161	-0.133	0.351	51.30	0.416	0.428	712	757	-0.508190	0.088507	
A/duck/Zhejiang/W24/2013_	0.3000	0.2655	0.4384	0.2812	0.163	-0.120	0.358	52.16	0.416	0.428	712	757	-0.506209	0.088507	
A/egret/Zhejiang/W15/2017	0.3143	0.2504	0.4601	0.2584	0.161	-0.128	0.354	51.28	0.387	0.417	711	757	-0.506605	0.088507	
A/egret/Zhejiang/W18/2017	0.2690	0.3034	0.4026	0.3109	0.162	-0.117	0.359	52.02	0.469	0.444	710	757	-0.498415	0.088507	
A/equine/China/61/2010_H5	0.2993	0.2664	0.4312	0.2897	0.155	-0.145	0.343	53.43	0.422	0.430	711	757	-0.493659	0.088507	
A/equine/China/67/2010_H5	0.2993	0.2664	0.4312	0.2897	0.155	-0.145	0.343	53.43	0.422	0.430	711	757	-0.493659	0.088507	
A/equine/China/68/2010_H5	0.2993	0.2664	0.4293	0.2917	0.155	-0.145	0.343	53.57	0.423	0.431	711	757	-0.493659	0.088507	
A/eurasian_coot/Shandong/	0.2815	0.2815	0.4170	0.3031	0.163	-0.115	0.360	51.93	0.446	0.437	711	757	-0.505680	0.088507	
A/eurasian_coot/Shandong/	0.2815	0.2815	0.4152	0.3057	0.163	-0.117	0.359	51.99	0.447	0.437	711	757	-0.498679	0.088507	
A/eurasian_coot/Shandong/	0.2815	0.2815	0.4180	0.3012	0.163	-0.115	0.360	51.91	0.444	0.437	711	757	-0.503435	0.087186	
A/eurasian_coot/Shandong/	0.2815	0.2815	0.4170	0.3031	0.163	-0.115	0.360	51.93	0.446	0.437	711	757	-0.505680	0.088507	
A/feline/Guangdong/2/2015	0.2931	0.2828	0.4138	0.2968	0.160	-0.113	0.361	54.31	0.440	0.437	711	757	-0.499604	0.088507	
A/gadwall/Ningxia/YG61/20	0.2776	0.2862	0.4278	0.2888	0.165	-0.105	0.366	51.47	0.440	0.438	711	757	-0.495244	0.088507	
A/goose/Changhua/15040008	0.2669	0.2981	0.4457	0.2702	0.164	-0.092	0.374	50.86	0.436	0.435	709	757	-0.507662	0.088507	
A/goose/Chiayi/15010008-3	0.2664	0.2993	0.4410	0.2747	0.163	-0.100	0.370	50.97	0.440	0.436	709	757	-0.507662	0.088507	
A/goose/Chiayi/15010016-1	0.2699	0.2976	0.4428	0.2702	0.164	-0.097	0.371	51.11	0.436	0.435	709	757	-0.508058	0.088507	
A/goose/Chiayi/15020022/2	0.2941	0.2751	0.4324	0.2835	0.161	-0.126	0.355	53.23	0.425	0.429	713	758	-0.499340	0.088390	
A/goose/Chiayi/16010017-2	0.2729	0.2936	0.4455	0.2693	0.161	-0.102	0.368	50.96	0.432	0.433	709	757	-0.504756	0.088507	
A/goose/Chiayi/16040003-1	0.2677	0.3005	0.4455	0.2679	0.164	-0.093	0.374	50.85	0.436	0.435	709	757	-0.503831	0.088507	
A/goose/Chiayi/16040005/2	0.2677	0.3005	0.4436	0.2698	0.163	-0.095	0.372	50.83	0.437	0.435	709	757	-0.503831	0.088507	
A/goose/Chiayi/17020027-1	0.2724	0.2931	0.4364	0.2787	0.164	-0.101	0.368	50.58	0.439	0.435	709	757	-0.497886	0.088507	
A/goose/Chiayi/17040014/2	0.2682	0.2976	0.4301	0.2866	0.162	-0.105	0.367	51.59	0.447	0.438	709	757	-0.508719	0.088507	
A/goose/Chiayi/18010006/2	0.2707	0.2966	0.4317	0.2857	0.164	-0.094	0.372	50.83	0.445	0.436	710	757	-0.497622	0.089828	
A/goose/Chiayi/18020014-1	0.2699	0.2976	0.4319	0.2832	0.165	-0.090	0.374	50.67	0.444	0.437	709	757	-0.484941	0.088507	
A/goose/Chiayi/18020014-2	0.2699	0.2976	0.4319	0.2832	0.165	-0.090	0.374	50.67	0.444	0.437	709	757	-0.484941	0.088507	
A/goose/China/0701/2018_H	0.2909	0.2806	0.4224	0.2897	0.162	-0.098	0.369	54.40	0.434	0.437	712	757	-0.482959	0.088507	
A/goose/China/1/2021_H5N8	0.2774	0.2825	0.4185	0.3037	0.162	-0.117	0.358	51.57	0.448	0.439	712	757	-0.510436	0.088507	
A/goose/China/1106/2016_H	0.3086	0.2621	0.4446	0.2673	0.158	-0.136	0.349	52.93	0.404	0.425	711	757	-0.507133	0.089828	
A/goose/China/E43/2012_H5	0.3040	0.2625	0.4438	0.2738	0.157	-0.125	0.354	53.68	0.408	0.428	711	757	-0.493923	0.088507	
A/goose/China/M14/2016_H5	0.2672	0.3017	0.4062	0.3109	0.163	-0.119	0.358	52.00	0.468	0.443	710	757	-0.498415	0.088507	
A/goose/Eastern_China/111	0.2830	0.2847	0.4239	0.2972	0.160	-0.130	0.353	52.97	0.442	0.435	712	758	-0.510422	0.088390	
A/goose/Eastern_China/223	0.2647	0.3080	0.4076	0.3057	0.162	-0.110	0.363	52.49	0.468	0.443	711	757	-0.489960	0.088507	
A/goose/Eastern_China/CZ/	0.3017	0.2655	0.4348	0.2832	0.163	-0.123	0.357	52.17	0.417	0.428	712	757	-0.506209	0.088507	
A/goose/Eastern_China/L12	0.2983	0.2707	0.4358	0.2801	0.164	-0.113	0.362	52.17	0.419	0.430	713	758	-0.504750	0.088390	
A/goose/Eastern_China/L12	0.2966	0.2707	0.4529	0.2623	0.161	-0.127	0.354	51.40	0.407	0.427	712	758	-0.508839	0.088390	
A/goose/Eastern_China/S04	0.2966	0.2707	0.4358	0.2815	0.162	-0.122	0.356	52.46	0.421	0.431	713	758	-0.508048	0.088390	
A/goose/Eastern_China/S05	0.2971	0.2763	0.4195	0.2937	0.159	-0.117	0.360	53.84	0.433	0.436	712	758	-0.503034	0.088390	
A/goose/Fujian/10.11_FZHX	0.3000	0.2638	0.4448	0.2727	0.156	-0.138	0.347	51.75	0.409	0.428	711	757	-0.496433	0.088507	
A/goose/Fujian/10.26_FZHX	0.2973	0.2680	0.4286	0.2860	0.157	-0.127	0.353	52.92	0.423	0.433	711	757	-0.501321	0.088507	
A/goose/Fujian/10.26_FZHX	0.2973	0.2680	0.4286	0.2860	0.157	-0.127	0.353	52.92	0.423	0.433	711	757	-0.501321	0.088507	
A/goose/Fujian/10.26_FZHX	0.2973	0.2680	0.4322	0.2826	0.156	-0.125	0.354	52.64	0.421	0.432	711	757	-0.500925	0.088507	
A/goose/Fujian/10.26_FZHX	0.2973	0.2680	0.4322	0.2826	0.156	-0.123	0.356	52.66	0.421	0.432	711	757	-0.501453	0.088507	
A/goose/Fujian/10.26_FZHX	0.2973	0.2680	0.4322	0.2826	0.156	-0.125	0.354	52.64	0.421	0.432	711	757	-0.500925	0.088507	
A/goose/Fujian/10.26_FZHX	0.2973	0.2680	0.4322	0.2826	0.156	-0.125	0.354	52.64	0.421	0.432	711	757	-0.500925	0.088507	
A/goose/Fujian/10.26_FZHX	0.2973	0.2680	0.4286	0.2860	0.157	-0.127	0.353	52.92	0.423	0.433	711	757	-0.501321	0.088507	
A/goose/Fujian/10.26_FZHX	0.2973	0.2680	0.4322	0.2826	0.156	-0.125	0.354	52.64	0.421	0.432	711	757	-0.500925	0.088507	
A/goose/Fujian/10.26_FZHX	0.2973	0.2680	0.4286	0.2860	0.157	-0.127	0.353	52.92	0.423	0.433	711	757	-0.501321	0.088507	
A/goose/Fujian/11.3_FZHX1	0.3000	0.2638	0.4448	0.2727	0.156	-0.138	0.347	51.75	0.409	0.428	711	757	-0.496433	0.088507	
A/goose/Fujian/3.15_FZHX0	0.2978	0.2754	0.4250	0.2857	0.161	-0.103	0.367	54.65	0.427	0.434	712	757	-0.486394	0.088507	
A/goose/Fujian/3.15_FZHX0	0.2978	0.2754	0.4268	0.2837	0.161	-0.103	0.367	54.55	0.426	0.433	712	757	-0.486394	0.088507	
A/goose/Fujian/3.15_FZHX0	0.3052	0.2724	0.4167	0.2897	0.162	-0.103	0.367	54.70	0.428	0.434	711	757	-0.489828	0.088507	
A/goose/Fujian/3.15_FZHX0	0.3029	0.2719	0.4286	0.2798	0.161	-0.103	0.367	54.85	0.420	0.431	712	757	-0.486394	0.088507	
A/goose/Fujian/3.15_FZHX0	0.2990	0.2766	0.4270	0.2792	0.160	-0.102	0.367	54.78	0.424	0.433	713	757	-0.479392	0.088507	
A/goose/GuangDong/1189/20	0.2850	0.2781	0.4221	0.2998	0.162	-0.104	0.367	52.03	0.440	0.438	711	757	-0.500528	0.088507	
A/goose/Guangdong/7.20_DG	0.2978	0.2754	0.4224	0.2871	0.160	-0.108	0.364	54.70	0.428	0.435	712	757	-0.482299	0.088507	
A/goose/Guangdong/72/2004	0.3005	0.2729	0.4293	0.2812	0.158	-0.124	0.354	54.13	0.422	0.430	711	757	-0.497754	0.088507	
A/goose/Guangdong/QY01/20	0.2983	0.2759	0.4195	0.2891	0.162	-0.100	0.368	54.38	0.430	0.435	711	757	-0.485733	0.088507	
A/goose/Guangdong/k0103/2	0.2825	0.2842	0.4301	0.2911	0.161	-0.122	0.357	52.08	0.437	0.433	711	757	-0.503567	0.088507	
A/goose/Guangdong/s13124/	0.2948	0.2724	0.4402	0.2772	0.165	-0.110	0.364	52.30	0.419	0.429	712	757	-0.494848	0.088507	
A/goose/Hebei/HG12/2021_H	0.2784	0.2818	0.4177	0.3037	0.159	-0.119	0.357	51.61	0.447	0.439	711	757	-0.506737	0.088507	
A/goose/Henan/01.01_LYGL0	0.3005	0.2625	0.4575	0.2624	0.157	-0.132	0.352	50.98	0.399	0.420	711	757	-0.498811	0.088507	
A/goose/Hong_Kong/23/1978	0.2867	0.2832	0.4268	0.2880	0.155	-0.139	0.347	52.14	0.435	0.436	712	758	-0.508443	0.088390	
A/goose/Hubei/65/2005_H5N	0.3057	0.2573	0.4312	0.2917	0.153	-0.149	0.340	53.86	0.416	0.428	711	757	-0.494980	0.088507	
A/goose/Inner_Mongolia/IM	0.2855	0.2837	0.4195	0.2953	0.163	-0.121	0.357	51.70	0.442	0.436	711	757	-0.500528	0.088507	
A/goose/Jiangsu/QD5/2014_	0.2983	0.2672	0.4402	0.2781	0.161	-0.125	0.355	52.00	0.416	0.429	712	757	-0.507530	0.088507	
A/goose/Jiangsu/k0403/201	0.2621	0.3103	0.4226	0.2922	0.162	-0.099	0.370	53.87	0.460	0.439	711	757	-0.499207	0.088507	
A/goose/Pingtung/15010007	0.2699	0.2976	0.4410	0.2727	0.162	-0.100	0.370	51.08	0.437	0.435	709	757	-0.507662	0.088507	
A/goose/Pingtung/15010037	0.2699	0.2976	0.4428	0.2708	0.163	-0.097	0.371	51.06	0.436	0.435	709	757	-0.507662	0.088507	
A/goose/Pingtung/15050014	0.2850	0.2781	0.4221	0.3010	0.156	-0.121	0.357	52.62	0.440	0.433	711	757	-0.504095	0.088507	
A/goose/Pingtung/16010061	0.2867	0.2763	0.4275	0.2945	0.157	-0.126	0.354	52.61	0.435	0.432	711	757	-0.504491	0.088507	
A/goose/Shantou/1763/2014	0.2958	0.2768	0.4203	0.2942	0.160	-0.114	0.361	54.64	0.433	0.435	711	757	-0.497754	0.088507	
A/goose/Tainan/16040018-1	0.2884	0.2746	0.4312	0.2899	0.156	-0.130	0.352	52.25	0.430	0.432	711	757	-0.504888	0.088507	
A/goose/Tainan/16070002/2	0.2892	0.2719	0.4304	0.2925	0.154	-0.141	0.346	52.10	0.430	0.431	712	757	-0.494584	0.088507	
A/goose/Tainan/17030022-1	0.2712	0.2953	0.4382	0.2767	0.163	-0.102	0.368	50.68	0.439	0.435	709	757	-0.500925	0.088507	
A/goose/Tainan/17030024-1	0.2712	0.2936	0.4345	0.2826	0.165	-0.099	0.370	50.69	0.441	0.436	709	757	-0.501982	0.088507	
A/goose/Tainan/18010022-1	0.2716	0.2976	0.4345	0.2798	0.168	-0.086	0.377	50.80	0.441	0.435	709	757	-0.486922	0.088507	
A/goose/Tainan/18050014-1	0.2746	0.2919	0.4361	0.2823	0.162	-0.098	0.370	50.85	0.439	0.433	709	757	-0.494188	0.089828	
A/goose/Taiwan/01019/2015	0.2751	0.2907	0.4087	0.3110	0.162	-0.117	0.360	52.16	0.459	0.445	711	757	-0.507133	0.088507	
A/goose/Taiwan/01022/2015	0.2682	0.2993	0.4420	0.2702	0.163	-0.096	0.371	51.16	0.437	0.436	709	757	-0.506341	0.087186	
A/goose/Taiwan/01023/2015	0.2699	0.2976	0.4436	0.2708	0.164	-0.097	0.371	51.04	0.436	0.435	709	757	-0.511625	0.088507	
A/goose/Taiwan/01031/2015	0.2677	0.2988	0.4420	0.2722	0.164	-0.094	0.373	50.96	0.438	0.435	710	757	-0.503567	0.088507	
A/goose/Taiwan/01038/2015	0.2850	0.2781	0.4188	0.3012	0.158	-0.120	0.357	53.12	0.442	0.435	711	757	-0.506473	0.088507	
A/goose/Taiwan/01039/2015	0.2958	0.2716	0.4281	0.2888	0.161	-0.125	0.355	53.53	0.426	0.431	713	758	-0.496306	0.088390	
A/goose/Taiwan/01040/2015	0.2682	0.2976	0.4428	0.2727	0.163	-0.100	0.370	51.09	0.437	0.435	709	757	-0.508190	0.088507	
A/goose/Taiwan/TNC1/2015_	0.2958	0.2734	0.4324	0.2835	0.161	-0.126	0.355	53.17	0.424	0.429	713	758	-0.499340	0.088390	
A/goose/Taiwan/TNC10/2015	0.2976	0.2716	0.4324	0.2835	0.161	-0.128	0.353	53.10	0.422	0.428	713	758	-0.499340	0.088390	
A/goose/Taiwan/TNC11/2015	0.2734	0.2924	0.4105	0.3091	0.163	-0.112	0.363	52.67	0.459	0.445	711	757	-0.507662	0.088507	
A/goose/Taiwan/TNC12/2015	0.2958	0.2734	0.4324	0.2835	0.161	-0.126	0.355	53.17	0.424	0.429	713	758	-0.499340	0.088390	
A/goose/Taiwan/TNC14/2015	0.2976	0.2716	0.4324	0.2835	0.161	-0.128	0.353	53.10	0.422	0.428	713	758	-0.499340	0.088390	
A/goose/Taiwan/TNC3/2015_	0.2958	0.2734	0.4306	0.2854	0.161	-0.126	0.355	53.09	0.425	0.429	713	758	-0.499340	0.088390	
A/goose/Taiwan/TNC7/2015_	0.2976	0.2716	0.4324	0.2835	0.160	-0.128	0.353	53.17	0.422	0.428	713	758	-0.499340	0.088390	
A/goose/Taiwan/TNC9/2015_	0.2958	0.2734	0.4324	0.2835	0.161	-0.126	0.355	53.17	0.424	0.429	713	758	-0.499340	0.088390	
A/goose/Taiwan/TNO15/2015	0.2734	0.2924	0.4087	0.3110	0.163	-0.112	0.363	52.60	0.460	0.445	711	757	-0.507662	0.088507	
A/goose/Taiwan/TNO3/2015_	0.2976	0.2716	0.4324	0.2835	0.160	-0.130	0.352	53.28	0.422	0.429	713	758	-0.500396	0.088390	
A/goose/Taiwan/TNO9/2015_	0.2734	0.2924	0.4105	0.3091	0.163	-0.112	0.363	52.67	0.459	0.445	711	757	-0.507662	0.088507	
A/goose/Taoyuan/15010041/	0.2958	0.2734	0.4324	0.2835	0.161	-0.126	0.355	53.17	0.424	0.429	713	758	-0.499340	0.088390	
A/goose/Taoyuan/18120002-	0.2699	0.2958	0.4105	0.3097	0.167	-0.091	0.374	52.85	0.461	0.442	711	757	-0.506077	0.088507	
A/goose/Xinjiang/12.18_WL	0.2988	0.2746	0.4239	0.2877	0.159	-0.118	0.359	54.70	0.428	0.433	711	757	-0.492338	0.088507	
A/goose/Xinjiang/12.18_WL	0.2988	0.2746	0.4239	0.2877	0.158	-0.121	0.357	54.66	0.428	0.434	711	757	-0.491810	0.088507	
A/goose/Xinjiang/12.18_WL	0.2749	0.2887	0.4312	0.2860	0.160	-0.117	0.359	51.46	0.440	0.436	711	757	-0.505680	0.088507	
A/goose/Xinjiang/12.18_WL	0.2749	0.2887	0.4312	0.2860	0.160	-0.117	0.359	51.46	0.440	0.436	711	757	-0.505680	0.088507	
A/goose/Xinjiang/12.18_WL	0.2749	0.2887	0.4312	0.2854	0.162	-0.115	0.360	51.44	0.440	0.437	711	757	-0.509776	0.088507	
A/goose/Xinjiang/12.18_WL	0.2749	0.2887	0.4312	0.2860	0.160	-0.117	0.359	51.46	0.440	0.436	711	757	-0.505680	0.088507	
A/goose/Yangzhou/0420/201	0.3012	0.2633	0.4366	0.2821	0.160	-0.127	0.354	52.08	0.416	0.429	712	757	-0.508322	0.088507	
A/goose/Yangzhou/YZ587/20	0.3041	0.2663	0.4457	0.2634	0.160	-0.118	0.359	51.64	0.405	0.427	711	757	-0.496697	0.088507	
A/goose/Yunlin/15010005/2	0.2664	0.2993	0.4428	0.2727	0.163	-0.097	0.371	50.96	0.439	0.436	709	757	-0.507662	0.088507	
A/goose/Yunlin/15010009-1	0.2664	0.2993	0.4428	0.2727	0.163	-0.097	0.371	50.96	0.439	0.436	709	757	-0.507662	0.088507	
A/goose/Yunlin/15010010-2	0.2664	0.2993	0.4428	0.2727	0.163	-0.097	0.371	50.96	0.439	0.436	709	757	-0.507662	0.088507	
A/goose/Yunlin/15010011-1	0.2664	0.2993	0.4428	0.2727	0.163	-0.097	0.371	50.96	0.439	0.436	709	757	-0.507662	0.088507	
A/goose/Yunlin/15010029-1	0.2660	0.2988	0.4428	0.2727	0.162	-0.099	0.370	50.82	0.439	0.436	709	757	-0.508454	0.088507	
A/goose/Yunlin/15040040/2	0.2734	0.2924	0.4069	0.3130	0.163	-0.109	0.364	52.73	0.461	0.445	711	757	-0.510964	0.088507	
A/goose/Yunlin/16020008-4	0.2729	0.2919	0.4436	0.2733	0.161	-0.105	0.367	50.94	0.433	0.434	709	757	-0.504756	0.088507	
A/goose/Yunlin/16020011-1	0.2677	0.2971	0.4455	0.2713	0.161	-0.100	0.370	50.74	0.436	0.435	709	757	-0.504756	0.088507	
A/goose/Yunlin/16040002-2	0.2741	0.2897	0.4418	0.2752	0.158	-0.114	0.361	50.92	0.433	0.434	709	757	-0.505548	0.088507	
A/goose/Yunlin/17100005/2	0.2724	0.2931	0.4426	0.2738	0.163	-0.102	0.368	50.03	0.434	0.433	709	757	-0.500661	0.088507	
A/goose/Yunlin/18030020-2	0.2712	0.2953	0.4250	0.2908	0.162	-0.123	0.356	51.24	0.449	0.440	711	757	-0.502246	0.088507	
A/goose/Yunlin/18030020-3	0.2712	0.2953	0.4250	0.2908	0.162	-0.123	0.356	51.24	0.449	0.440	711	757	-0.502246	0.088507	
A/goose/Yunlin/18040002-3	0.2633	0.2978	0.4382	0.2812	0.162	-0.092	0.372	50.85	0.444	0.437	709	757	-0.496962	0.087186	
A/goose/Yunlin/18040018-2	0.2712	0.2953	0.4353	0.2817	0.164	-0.090	0.374	50.84	0.441	0.435	709	757	-0.493395	0.088507	
A/goose/Yunlin/18090002-3	0.2729	0.2953	0.4281	0.2877	0.163	-0.093	0.372	51.30	0.446	0.436	709	757	-0.492338	0.088507	
A/goose/Yunlin/18090006-1	0.2867	0.2712	0.4495	0.2750	0.150	-0.129	0.353	51.15	0.417	0.430	712	757	-0.489828	0.088507	
A/goose/Yunlin/18110002-3	0.2674	0.2986	0.4061	0.3118	0.167	-0.092	0.373	52.85	0.466	0.444	710	756	-0.505423	0.088624	
A/goose/Yunnan/3798/2006_	0.3028	0.2630	0.4340	0.2851	0.155	-0.145	0.343	53.35	0.416	0.429	711	757	-0.498415	0.087186	
A/goose/Yunnan/4371/2006_	0.3010	0.2647	0.4304	0.2891	0.155	-0.145	0.343	53.47	0.421	0.430	711	757	-0.498415	0.087186	
A/goose/Yunnan/4389/2006_	0.3010	0.2647	0.4304	0.2891	0.155	-0.147	0.342	53.38	0.421	0.430	711	757	-0.498943	0.087186	
A/goose/Yunnan/4985/2006_	0.3010	0.2647	0.4304	0.2897	0.155	-0.147	0.342	53.40	0.421	0.430	711	757	-0.498019	0.087186	
A/goose/Yunnan/5141/2006_	0.3022	0.2625	0.4374	0.2843	0.155	-0.145	0.343	53.19	0.415	0.428	711	757	-0.492734	0.088507	
A/goose/Yunnan/5769/2006_	0.3028	0.2647	0.4275	0.2917	0.155	-0.147	0.342	53.75	0.422	0.429	711	757	-0.494716	0.088507	
A/goose/Yunnan/5979/2006_	0.3028	0.2647	0.4275	0.2917	0.155	-0.147	0.342	53.75	0.422	0.429	711	757	-0.494716	0.088507	
A/goose/Yunnan/6193/2006_	0.2924	0.2734	0.4348	0.2857	0.157	-0.125	0.354	53.85	0.425	0.431	711	757	-0.486526	0.088507	
A/goose/Zhejiang/1120132/	0.2960	0.2685	0.4366	0.2826	0.163	-0.117	0.360	52.39	0.420	0.430	712	757	-0.499604	0.087186	
A/goose/Zhejiang/112071/2	0.3115	0.2668	0.4402	0.2623	0.153	-0.112	0.361	52.33	0.404	0.427	712	757	-0.495376	0.088507	
A/goose/Zhejiang/112080/2	0.2798	0.2815	0.4231	0.2992	0.161	-0.122	0.356	50.99	0.443	0.437	711	757	-0.495773	0.088507	
A/goose/Zhejiang/727092/2	0.2948	0.2741	0.4239	0.2942	0.154	-0.129	0.353	53.82	0.431	0.435	712	757	-0.501717	0.091149	
A/goose/Zhejiang/727098/2	0.3103	0.2603	0.4325	0.2829	0.161	-0.111	0.362	54.12	0.413	0.428	710	757	-0.479657	0.093791	
A/goose/Zhejiang/727110/2	0.2948	0.2741	0.4273	0.2940	0.154	-0.132	0.351	53.70	0.430	0.433	712	757	-0.491281	0.093791	
A/goose/Zhejiang/77166/20	0.3154	0.2600	0.4312	0.2787	0.159	-0.134	0.350	53.95	0.409	0.429	711	757	-0.514003	0.088507	
A/goose/Zhejiang/77167/20	0.3154	0.2600	0.4312	0.2787	0.159	-0.134	0.350	53.95	0.409	0.429	711	757	-0.514003	0.088507	
A/goose/Zhejiang/77168/20	0.3154	0.2600	0.4312	0.2787	0.159	-0.134	0.350	53.95	0.409	0.429	711	757	-0.514003	0.088507	
A/goose/Zhejiang/925036/2	0.2948	0.2776	0.4338	0.2763	0.156	-0.123	0.355	54.20	0.423	0.435	710	757	-0.493791	0.088507	
A/goose/Zhejiang/925037/2	0.2941	0.2716	0.4493	0.2708	0.170	-0.101	0.369	50.54	0.413	0.425	712	757	-0.501981	0.088507	
A/goose/Zhejiang/925104/2	0.2971	0.2677	0.4384	0.2826	0.161	-0.122	0.357	52.48	0.419	0.429	712	757	-0.510436	0.088507	
A/goose/Zhejiang/925105/2	0.3017	0.2707	0.4330	0.2803	0.157	-0.129	0.353	54.14	0.419	0.430	712	757	-0.499472	0.088507	
A/goose/Zhejiang/925106/2	0.2955	0.2646	0.4392	0.2857	0.160	-0.125	0.355	52.13	0.419	0.430	712	757	-0.505548	0.088507	
A/goose/Zhejiang/925108/2	0.3052	0.2672	0.4293	0.2843	0.155	-0.141	0.346	54.15	0.419	0.430	712	757	-0.499472	0.088507	
A/great_black-headed_gull	0.2971	0.2729	0.4327	0.2823	0.158	-0.127	0.354	54.16	0.423	0.431	710	757	-0.492999	0.088507	
A/great_crested-grebe/Qin	0.2983	0.2707	0.4275	0.2877	0.159	-0.125	0.354	54.33	0.425	0.433	711	757	-0.498151	0.088507	
A/great_egret/Hong_Kong/8	0.3022	0.2642	0.4221	0.2976	0.158	-0.134	0.349	54.49	0.426	0.432	711	757	-0.490621	0.088507	
A/great_tit/Panjing/PJ-66	0.2591	0.2988	0.4171	0.3129	0.168	-0.103	0.368	52.64	0.466	0.443	710	757	-0.497754	0.088507	
A/green-winged_teal/Xiang	0.2746	0.2902	0.4159	0.3031	0.158	-0.125	0.354	52.70	0.453	0.440	711	757	-0.494056	0.089828	
A/grey_heron/Hong_Kong/10	0.3000	0.2690	0.4213	0.2956	0.157	-0.130	0.351	54.25	0.428	0.433	712	757	-0.490489	0.088507	
A/grey_heron/Hong_Kong/30	0.3022	0.2642	0.4239	0.2956	0.158	-0.134	0.349	54.60	0.425	0.432	711	757	-0.490621	0.088507	
A/heron/Kaohsiung/15WB328	0.2815	0.2832	0.4177	0.3012	0.163	-0.113	0.361	52.41	0.446	0.439	711	757	-0.498018	0.088507	
A/heron/Yilan/17DB0001/20	0.2690	0.2966	0.4301	0.2860	0.165	-0.097	0.370	50.80	0.446	0.438	710	757	-0.502642	0.088507	
A/hill_myna/Heilongjiang/	0.2983	0.2707	0.4338	0.2792	0.157	-0.120	0.356	54.23	0.420	0.433	710	757	-0.499340	0.088507	
A/lesser_kestrel/Heilongj	0.3033	0.2617	0.4348	0.2851	0.156	-0.144	0.345	54.00	0.415	0.429	710	757	-0.493131	0.088507	
A/lion/Hubei/1-2/2016_H5N	0.2788	0.2857	0.4260	0.2913	0.161	-0.115	0.361	52.56	0.441	0.436	712	757	-0.496830	0.089828	
A/little_egret/Hong_Kong/	0.3081	0.2513	0.4159	0.3095	0.149	-0.179	0.323	52.41	0.425	0.428	711	757	-0.487318	0.089828	
A/little_grebe/Xianghai/4	0.2754	0.2840	0.4440	0.2770	0.153	-0.105	0.365	51.77	0.430	0.433	712	757	-0.506737	0.088507	
A/magpie_robin/Hong_Kong/	0.3000	0.2690	0.4211	0.2962	0.158	-0.130	0.352	54.30	0.429	0.434	711	757	-0.493395	0.088507	
A/magpie_robin/Hong_Kong/	0.3005	0.2694	0.4203	0.2956	0.157	-0.132	0.350	54.31	0.429	0.433	711	757	-0.493923	0.088507	
A/mallard/Shanghai/SH-9/2	0.3034	0.2638	0.4392	0.2798	0.164	-0.119	0.360	52.08	0.413	0.427	712	757	-0.510832	0.089828	
A/meerkat/Shanghai/SH-1/2	0.3040	0.2677	0.4275	0.2832	0.159	-0.116	0.359	54.20	0.420	0.432	710	757	-0.494584	0.088507	
A/migratory_waterfowl/Hub	0.3062	0.2716	0.4275	0.2792	0.157	-0.135	0.349	54.01	0.419	0.432	711	757	-0.503963	0.088507	
A/migratory_waterfowl/Hub	0.3062	0.2716	0.4275	0.2792	0.157	-0.135	0.349	54.01	0.419	0.432	711	757	-0.503963	0.088507	
A/mink/China/181/2019_H5N	0.2978	0.2737	0.4242	0.2871	0.163	-0.103	0.367	54.26	0.427	0.434	712	757	-0.482299	0.088507	
A/mink/China/183/2019_H5N	0.2995	0.2737	0.4195	0.2897	0.160	-0.108	0.364	54.32	0.429	0.435	711	757	-0.485601	0.088507	
A/mink/China/191/2019_H5N	0.2995	0.2754	0.4177	0.2891	0.162	-0.098	0.370	54.49	0.430	0.436	711	757	-0.485997	0.088507	
A/mink/China/456/2018_H5N	0.2926	0.2823	0.4170	0.2911	0.161	-0.098	0.369	54.31	0.437	0.439	712	757	-0.481770	0.088507	
A/mink/China/G/2015_H5N1|	0.3057	0.2608	0.4402	0.2778	0.153	-0.129	0.352	54.22	0.409	0.428	711	757	-0.493923	0.088507	
A/mink/China/XB/2015_H5N1	0.2784	0.2852	0.4180	0.2980	0.160	-0.111	0.362	53.06	0.447	0.439	712	757	-0.494716	0.088507	
A/mink/Eastern_China/006/	0.2766	0.2887	0.4322	0.2815	0.159	-0.120	0.357	51.92	0.437	0.435	711	757	-0.502114	0.088507	
A/mink/Eastern_China/0712	0.3155	0.2483	0.4691	0.2505	0.147	-0.180	0.323	50.88	0.380	0.415	711	757	-0.503038	0.088507	
A/mink/Eastern_China/149/	0.2887	0.2818	0.4180	0.2945	0.160	-0.107	0.365	54.25	0.439	0.439	713	757	-0.479524	0.088507	
A/mink/Eastern_China/528/	0.2766	0.2887	0.4340	0.2795	0.159	-0.120	0.357	51.92	0.436	0.435	711	757	-0.502114	0.088507	
A/mink/Eastern_China/571/	0.2955	0.2766	0.4268	0.2837	0.163	-0.103	0.367	54.17	0.427	0.435	712	757	-0.489036	0.088507	
A/mink/Northern_China/110	0.2749	0.2887	0.4312	0.2860	0.161	-0.120	0.357	52.13	0.440	0.437	711	757	-0.505680	0.088507	
A/night_heron/Taiwan/A289	0.2664	0.2993	0.4428	0.2727	0.163	-0.097	0.371	50.96	0.439	0.436	709	757	-0.507662	0.088507	
A/oriental_magpie_robin/H	0.2638	0.3052	0.4145	0.3024	0.163	-0.107	0.364	52.83	0.464	0.443	711	757	-0.496169	0.088507	
A/ostrich/Suzhou/097/2003	0.3062	0.2682	0.4286	0.2832	0.157	-0.139	0.347	54.10	0.419	0.429	712	757	-0.496301	0.088507	
A/parrot/Guangdong/258/20	0.2712	0.2850	0.4457	0.2826	0.152	-0.119	0.359	51.27	0.433	0.434	711	757	-0.500132	0.088507	
A/parrot/Guangdong/C99/20	0.2998	0.2721	0.4330	0.2812	0.157	-0.135	0.349	53.32	0.421	0.430	711	757	-0.493263	0.088507	
A/partridge/Shantou/2886/	0.3092	0.2642	0.4356	0.2758	0.156	-0.142	0.345	53.29	0.411	0.427	711	757	-0.493527	0.088507	
A/peacock/Yunnan/1/2015_H	0.2788	0.2840	0.4206	0.2986	0.162	-0.116	0.360	52.85	0.445	0.438	712	757	-0.498151	0.088507	
A/peacock/Yunnan/3/2015_H	0.2788	0.2840	0.4206	0.2986	0.162	-0.116	0.360	52.85	0.445	0.438	712	757	-0.498151	0.088507	
A/peregrine_falcon/Hong_K	0.2694	0.3005	0.4094	0.3057	0.162	-0.108	0.364	53.19	0.463	0.442	711	757	-0.493923	0.088507	
A/pheasant/Shantou/3535/2	0.3092	0.2660	0.4229	0.2877	0.155	-0.144	0.343	53.46	0.421	0.431	711	757	-0.490225	0.088507	
A/pheasant/Shantou/4567/2	0.2983	0.2724	0.4348	0.2792	0.156	-0.138	0.347	53.26	0.420	0.430	712	757	-0.497490	0.088507	
A/pied_megpie/Liaoning/7/	0.3057	0.2677	0.4283	0.2837	0.161	-0.121	0.357	53.30	0.419	0.428	711	757	-0.507133	0.088507	
A/pigeon/Fujian/1.17_FZHX	0.3000	0.2638	0.4448	0.2727	0.156	-0.138	0.347	51.75	0.409	0.428	711	757	-0.496433	0.088507	
A/pigeon/Hainan/1.14_HKPL	0.2943	0.2771	0.4206	0.2911	0.163	-0.097	0.369	54.13	0.433	0.436	712	757	-0.484148	0.088507	
A/pigeon/Hubei/RP25/2012_	0.2677	0.3040	0.4026	0.3135	0.158	-0.125	0.355	52.11	0.470	0.443	710	757	-0.510568	0.088507	
A/pigeon/Sichuan/NCXN29/2	0.2946	0.2808	0.4275	0.2826	0.161	-0.116	0.360	53.74	0.429	0.435	711	757	-0.510700	0.088507	
A/pigeon/Zhejiang/112089/	0.3058	0.2646	0.4322	0.2787	0.157	-0.122	0.355	54.00	0.414	0.431	712	757	-0.488639	0.088507	
A/pigeon/Zhejiang/112090/	0.3007	0.2680	0.4322	0.2806	0.157	-0.122	0.355	53.75	0.419	0.432	712	757	-0.488639	0.088507	
A/pigeon/Zhejiang/727097/	0.3103	0.2603	0.4325	0.2829	0.161	-0.111	0.362	54.12	0.413	0.428	710	757	-0.479657	0.093791	
A/plateau_pika/Qinghai/04	0.2790	0.2894	0.4203	0.2959	0.167	-0.098	0.370	52.98	0.446	0.439	710	757	-0.501717	0.088507	
A/quail/Guangxi/11/2002_H	0.2976	0.2751	0.4327	0.2803	0.160	-0.116	0.361	53.41	0.423	0.432	710	757	-0.506341	0.088507	
A/quail/Guangxi/12/2002_H	0.2993	0.2734	0.4364	0.2763	0.160	-0.121	0.358	53.28	0.418	0.431	710	757	-0.506341	0.088507	
A/quail/Guangxi/13/2002_H	0.2958	0.2768	0.4309	0.2823	0.160	-0.116	0.361	53.08	0.425	0.433	710	757	-0.506341	0.088507	
A/quail/Jiangsu/k0104/201	0.2734	0.2924	0.4247	0.2964	0.158	-0.131	0.352	51.61	0.449	0.438	711	757	-0.485733	0.091149	
A/quail/Nanchang/6631/201	0.2988	0.2712	0.4366	0.2778	0.155	-0.130	0.352	54.02	0.418	0.432	711	757	-0.504888	0.088507	
A/shrike/Tibet/13/2006_H5	0.3003	0.2674	0.4314	0.2866	0.157	-0.133	0.350	53.96	0.421	0.427	711	757	-0.499340	0.088507	
A/silkie_chicken/Dongguan	0.2936	0.2781	0.4257	0.2883	0.158	-0.121	0.357	54.28	0.430	0.435	711	757	-0.499075	0.088507	
A/silky_chicken/Shantou/4	0.3005	0.2642	0.4350	0.2846	0.157	-0.131	0.351	53.94	0.417	0.430	712	757	-0.486394	0.087186	
A/spot-billed_duck/Ningxi	0.2759	0.2862	0.4260	0.2927	0.164	-0.110	0.363	51.50	0.443	0.439	711	757	-0.495244	0.088507	
A/spot-billed_duck/Ningxi	0.2788	0.2857	0.4286	0.2874	0.165	-0.105	0.366	51.66	0.439	0.438	711	757	-0.494848	0.088507	
A/spot-billed_duck/Ningxi	0.2788	0.2857	0.4286	0.2874	0.165	-0.105	0.366	51.66	0.439	0.438	711	757	-0.494848	0.088507	
A/spot-billed_duck/Xiangh	0.2729	0.2936	0.4141	0.3031	0.159	-0.120	0.357	52.34	0.456	0.440	711	757	-0.506737	0.088507	
A/swan_goose/Jilin/JL01/2	0.3109	0.2677	0.4283	0.2789	0.156	-0.138	0.347	53.95	0.415	0.429	711	757	-0.502642	0.088507	
A/swan/China/ST/2016_H5N8	0.2818	0.2818	0.4275	0.2899	0.159	-0.127	0.353	51.72	0.437	0.435	711	757	-0.505680	0.088507	
A/swan/Shandong/W3762/202	0.2749	0.2938	0.4327	0.2812	0.160	-0.123	0.356	50.60	0.440	0.438	711	757	-0.500793	0.088507	
A/swan/Shanghai/10/2009_H	0.2897	0.2776	0.4286	0.2903	0.153	-0.127	0.353	54.72	0.431	0.433	712	758	-0.489842	0.087071	
A/swine/China/RZ/2018_H5N	0.2909	0.2806	0.4224	0.2897	0.163	-0.096	0.371	54.45	0.434	0.437	712	757	-0.482959	0.088507	
A/swine/Guangdong/1/2014_	0.2917	0.2778	0.4221	0.2948	0.159	-0.120	0.358	54.41	0.434	0.437	709	757	-0.497358	0.091149	
A/swine/Guangdong/2/2014_	0.2953	0.2763	0.4203	0.2942	0.159	-0.116	0.360	54.49	0.433	0.436	711	757	-0.499075	0.088507	
A/swine/Guangxi/592/2011_	0.2971	0.2729	0.4312	0.2837	0.158	-0.117	0.359	53.78	0.423	0.432	711	757	-0.493923	0.088507	
A/swine/Jiangsu/1/2008_H5	0.2988	0.2763	0.4314	0.2747	0.152	-0.154	0.338	52.78	0.421	0.430	711	757	-0.480053	0.088507	
A/swine/Jiangsu/2/2009_H5	0.3114	0.2578	0.4356	0.2823	0.153	-0.155	0.338	53.90	0.409	0.425	711	757	-0.507133	0.088507	
A/swine/Shandong/SD1/2014	0.2976	0.2734	0.4319	0.2817	0.157	-0.132	0.351	53.13	0.423	0.433	710	757	-0.500132	0.088507	
A/swine/Zhejiang/SW57/201	0.3086	0.2621	0.4293	0.2806	0.161	-0.108	0.363	54.04	0.414	0.432	710	757	-0.485337	0.088507	
A/thrush/Taipei_City/1512	0.2660	0.3005	0.4410	0.2727	0.161	-0.097	0.371	51.00	0.440	0.436	709	757	-0.509511	0.088507	
A/thrush/Taiwan/A234/2015	0.2664	0.2976	0.4446	0.2727	0.164	-0.095	0.372	51.07	0.437	0.435	709	757	-0.510964	0.088507	
A/tiger/Yunnan/tig1404/20	0.3010	0.2751	0.4312	0.2778	0.161	-0.109	0.364	54.17	0.421	0.432	711	757	-0.495905	0.088507	
A/tiger/Yunnan/tig1412/20	0.2988	0.2746	0.4293	0.2817	0.156	-0.123	0.356	54.03	0.423	0.433	711	757	-0.500000	0.088507	
A/tiger/Yunnan/tig1508/20	0.2830	0.2813	0.4260	0.2888	0.159	-0.116	0.360	53.05	0.437	0.436	712	757	-0.489168	0.088507	
A/turkey/Changhua/1601001	0.2677	0.2971	0.4455	0.2713	0.162	-0.101	0.370	50.74	0.436	0.435	709	757	-0.507926	0.088507	
A/turkey/Chiayi/17020092-	0.2837	0.2803	0.4268	0.2939	0.158	-0.124	0.356	52.49	0.437	0.432	711	757	-0.503963	0.088507	
A/turkey/Chiayi/18010013-	0.2694	0.2988	0.4345	0.2798	0.166	-0.090	0.374	50.80	0.443	0.436	709	757	-0.487715	0.088507	
A/turkey/Yunlin/15060049-	0.2699	0.2958	0.4410	0.2747	0.163	-0.100	0.370	51.01	0.437	0.435	709	757	-0.500528	0.088507	
A/turkey/Yunlin/18020020-	0.2677	0.3005	0.4345	0.2798	0.165	-0.093	0.372	50.88	0.444	0.437	709	757	-0.487715	0.088507	
A/turkey/Yunlin/18110001-	0.2763	0.2919	0.4380	0.2783	0.163	-0.098	0.370	50.79	0.436	0.432	709	757	-0.491546	0.088507	
A/turkey/Yunlin/18120005-	0.2677	0.2971	0.4087	0.3104	0.165	-0.096	0.371	53.02	0.464	0.444	711	757	-0.502246	0.088507	
A/turtle_dove/Guangdong/3	0.3028	0.2630	0.4348	0.2857	0.157	-0.131	0.352	53.53	0.416	0.429	711	757	-0.500132	0.088507	
A/turtledove/Wuhan/HKBJ43	0.2941	0.2785	0.4265	0.2888	0.158	-0.114	0.361	53.80	0.430	0.434	711	757	-0.501981	0.088507	
A/turtledove/Wuhan/WHBJ12	0.2936	0.2763	0.4265	0.2908	0.156	-0.121	0.357	53.74	0.430	0.434	711	757	-0.497886	0.088507	
A/turtledove/Wuhan/WHBJ28	0.2936	0.2763	0.4265	0.2908	0.156	-0.121	0.357	53.74	0.430	0.434	711	757	-0.497886	0.088507	
A/waterfowl/Hong_Kong/378	0.2924	0.2768	0.4330	0.2832	0.158	-0.126	0.354	53.41	0.426	0.433	711	757	-0.503435	0.088507	
A/white-naped_crane/China	0.2955	0.2698	0.4304	0.2840	0.156	-0.127	0.353	53.14	0.423	0.433	711	757	-0.498151	0.088507	
A/whooper_swan/Shanxi/RC0	0.2784	0.2852	0.4275	0.2899	0.159	-0.125	0.354	51.68	0.440	0.437	711	757	-0.508851	0.088507	
A/wild_bird/Eastern_China	0.2702	0.2960	0.4069	0.3110	0.158	-0.121	0.357	52.88	0.463	0.443	712	757	-0.497622	0.087186	
A/wild_bird/Eastern_China	0.2690	0.2966	0.4105	0.3071	0.157	-0.123	0.356	52.79	0.461	0.443	711	757	-0.502114	0.088507	
A/wild_bird/Eastern_China	0.2672	0.2983	0.4069	0.3110	0.158	-0.118	0.359	52.97	0.466	0.444	711	757	-0.501717	0.088507	
A/wild_bird/Taipei/04WB12	0.2902	0.2884	0.4033	0.3012	0.163	-0.103	0.367	52.42	0.450	0.442	711	757	-0.497886	0.088507	
A/wild_duck/Fujian/1/2011	0.2978	0.2685	0.4312	0.2857	0.156	-0.118	0.357	53.80	0.422	0.434	711	757	-0.489300	0.087186	
A/wild_duck/Fujian/2/2011	0.2978	0.2685	0.4304	0.2851	0.156	-0.118	0.357	53.78	0.422	0.434	711	757	-0.493659	0.087186	
A/wild_duck/Jilin/HF/2011	0.2897	0.2776	0.4213	0.2976	0.160	-0.126	0.354	54.07	0.437	0.436	712	757	-0.489168	0.088507	
A/wild_duck/Jilin/ZF/2011	0.2655	0.3052	0.4127	0.3042	0.159	-0.120	0.357	53.23	0.464	0.441	711	757	-0.493395	0.088507	
A/wild_duck/Liaoning/8/20	0.3061	0.2713	0.4286	0.2806	0.165	-0.118	0.360	53.24	0.419	0.431	711	757	-0.523778	0.088507	
A/wild_duck/Shandong/1/20	0.2976	0.2751	0.4126	0.2990	0.153	-0.149	0.340	53.85	0.436	0.435	711	757	-0.465258	0.088507	
A/wild_duck/Shandong/2/20	0.3038	0.2656	0.4309	0.2846	0.158	-0.130	0.353	54.05	0.419	0.429	709	757	-0.517041	0.088507	
A/wild_duck/Shandong/628/	0.2943	0.2719	0.4485	0.2663	0.161	-0.128	0.353	51.17	0.412	0.428	712	757	-0.500132	0.087186	
A/wild_duck/Shandong/W358	0.2788	0.2823	0.4213	0.2998	0.162	-0.112	0.361	51.65	0.444	0.438	711	757	-0.507001	0.088507	
A/wild_pigeon/Jilin/CC01/	0.3000	0.2707	0.4376	0.2763	0.153	-0.133	0.351	53.86	0.416	0.430	712	757	-0.492338	0.089828	
A/Eurasian_Wigeon/Ningxia	0.2837	0.2785	0.4221	0.3024	0.163	-0.121	0.357	53.38	0.442	0.439	711	757	-0.500000	0.088507	
