title                    	T3s	C3s	A3s	G3s	CAI	CBI	Fop	Nc	GC3s	GC	L_sym	L_aa	Gravy	Aromo	
A/Indonesia/5/2005       	0.3256	0.2791	0.4253	0.2138	0.183	0.015	0.420	52.92	0.387	0.461	212	225	-0.346667	0.066667	
A/Hong_Kong/483/1997     	0.3652	0.2416	0.4167	0.2134	0.165	-0.019	0.394	47.49	0.358	0.448	218	230	-0.386087	0.056522	
A/Hong_Kong/482/97       	0.3652	0.2416	0.4088	0.2182	0.172	-0.012	0.399	46.89	0.362	0.454	218	230	-0.408261	0.056522	
A/Chicken/HongKong/FY150/	0.3295	0.2717	0.4035	0.2484	0.187	0.025	0.425	53.07	0.406	0.468	212	225	-0.388444	0.062222	
A/Chicken/HongKong/YU822.	0.3295	0.2717	0.4046	0.2405	0.185	0.039	0.434	52.41	0.401	0.467	212	225	-0.400889	0.062222	
A/Chicken/HongKong/YU562/	0.3295	0.2717	0.3988	0.2453	0.189	0.030	0.429	53.56	0.406	0.471	212	225	-0.412889	0.062222	
A/Pheasant/Hong_Kong/FY15	0.3295	0.2717	0.3977	0.2548	0.187	0.025	0.425	52.87	0.410	0.470	212	225	-0.388444	0.062222	
A/Hong_Kong/486/97       	0.3652	0.2416	0.4066	0.2169	0.171	-0.012	0.399	46.99	0.362	0.455	218	230	-0.394783	0.056522	
A/Thailand/16/2004       	0.3237	0.2832	0.4023	0.2313	0.185	0.026	0.425	49.74	0.406	0.468	212	225	-0.343556	0.062222	
A/Hong_Kong/538/97       	0.3708	0.2472	0.4078	0.2147	0.183	-0.001	0.408	46.68	0.362	0.451	218	230	-0.380435	0.060870	
A/chicken/Indonesia/7/200	0.3295	0.2775	0.4162	0.2201	0.186	0.030	0.429	52.85	0.392	0.462	212	225	-0.368000	0.066667	
A/chicken/Korea/ES/03    	0.3314	0.2733	0.4091	0.2236	0.184	0.037	0.429	51.12	0.392	0.467	212	225	-0.354667	0.053333	
A/Hong_Kong/156/97       	0.3652	0.2416	0.4144	0.2121	0.172	-0.012	0.399	46.89	0.358	0.452	218	230	-0.408261	0.056522	
A/whooper_swan/Mongolia/2	0.3430	0.2674	0.4046	0.2372	0.184	-0.007	0.406	50.36	0.392	0.455	212	225	-0.358222	0.062222	
A/Vietnam/UT3062/2004    	0.3237	0.2832	0.4080	0.2264	0.186	0.033	0.429	49.52	0.401	0.464	212	225	-0.382222	0.062222	
A/Anas_crecca/Hubei/Chenh	0.3506	0.2586	0.4057	0.2264	0.181	0.019	0.418	50.38	0.380	0.462	213	225	-0.295556	0.062222	
A/Anas_crecca/Hubei/Chenh	0.3506	0.2586	0.4057	0.2264	0.181	0.019	0.418	50.38	0.380	0.462	213	225	-0.295556	0.062222	
A/Anas_platyrhynchos/Chon	0.3427	0.2640	0.4023	0.2353	0.132	-0.144	0.327	57.68	0.388	0.449	214	230	-0.342609	0.060870	
A/Anas_platyrhynchos/Jiuj	0.3427	0.2640	0.4023	0.2353	0.132	-0.144	0.327	57.68	0.388	0.449	214	230	-0.342609	0.060870	
A/Anhui/1/2005|EPI_ISL_24	0.3295	0.2832	0.3931	0.2405	0.199	0.053	0.443	48.74	0.410	0.465	212	225	-0.372444	0.066667	
A/Anhui/1/2006|EPI_ISL_73	0.3430	0.2674	0.3966	0.2390	0.190	0.040	0.434	48.93	0.396	0.461	212	225	-0.391556	0.062222	
A/Anhui/2/2005|EPI_ISL_24	0.3237	0.2890	0.3931	0.2405	0.200	0.061	0.448	48.74	0.415	0.467	212	225	-0.372444	0.066667	
A/Anhui/2021-00011/2020|E	0.3468	0.2659	0.3955	0.2222	0.181	0.031	0.425	51.72	0.387	0.468	212	225	-0.287556	0.057778	
A/Anhui/33163/2016|EPI_IS	0.3295	0.2543	0.4491	0.2026	0.170	-0.047	0.382	49.81	0.362	0.447	207	217	-0.342396	0.069124	
A/Anser_albifrons/Hubei/C	0.3559	0.2542	0.4138	0.2208	0.148	-0.105	0.350	56.23	0.369	0.445	214	230	-0.328695	0.060870	
A/Anser_cygnoides/China/P	0.3371	0.2686	0.4034	0.2250	0.179	0.027	0.423	51.96	0.390	0.464	213	225	-0.296444	0.062222	
A/Anser_cygnoides/Hubei/F	0.3672	0.2373	0.4157	0.2134	0.197	0.069	0.454	54.19	0.356	0.446	216	230	-0.336957	0.069565	
A/Anser_fabalis/Hunan/03.	0.3506	0.2644	0.4000	0.2264	0.182	0.018	0.418	52.30	0.385	0.461	213	225	-0.280889	0.062222	
A/Anser_fabalis/Jiujiang/	0.3427	0.2640	0.4023	0.2353	0.132	-0.144	0.327	57.68	0.388	0.449	214	230	-0.342609	0.060870	
A/bar_headed_goose/Tibet/	0.3728	0.2485	0.3916	0.2237	0.187	0.015	0.417	52.57	0.373	0.456	204	217	-0.301383	0.073733	
A/Bar-headed_Goose/Qingha	0.3616	0.2429	0.4101	0.2182	0.199	0.068	0.454	54.18	0.366	0.452	216	230	-0.385652	0.069565	
A/Bar-headed_Goose/Qingha	0.3616	0.2429	0.4101	0.2182	0.199	0.068	0.454	54.18	0.366	0.452	216	230	-0.385652	0.069565	
A/Bar-headed_Goose/Qingha	0.3559	0.2429	0.4101	0.2242	0.200	0.070	0.454	53.84	0.370	0.454	216	230	-0.363913	0.069565	
A/Bar-headed_Goose/Qingha	0.3616	0.2429	0.4101	0.2182	0.199	0.070	0.454	54.41	0.366	0.454	216	230	-0.389131	0.069565	
A/Bar-headed_Goose/Qingha	0.3616	0.2429	0.4101	0.2182	0.199	0.068	0.454	54.18	0.366	0.452	216	230	-0.385652	0.069565	
A/Bar-headed_Goose/Qingha	0.3616	0.2429	0.4101	0.2182	0.199	0.068	0.454	54.18	0.366	0.452	216	230	-0.385652	0.069565	
A/Bar-headed_Goose/Qingha	0.3616	0.2429	0.4101	0.2182	0.199	0.068	0.454	54.18	0.366	0.452	216	230	-0.385652	0.069565	
A/Bar-headed_Goose/Qingha	0.3616	0.2429	0.4124	0.2195	0.200	0.068	0.454	53.94	0.366	0.452	216	230	-0.371304	0.069565	
A/Bar-headed_Goose/Qingha	0.3616	0.2429	0.4101	0.2182	0.199	0.068	0.454	54.18	0.366	0.452	216	230	-0.385652	0.069565	
A/Bar-headed_Goose/Qingha	0.3616	0.2429	0.4101	0.2182	0.199	0.068	0.454	54.18	0.366	0.452	216	230	-0.385652	0.069565	
A/Bar-headed_Goose/Qingha	0.3616	0.2429	0.4101	0.2182	0.199	0.068	0.454	54.18	0.366	0.452	216	230	-0.385652	0.069565	
A/Bar-headed_Goose/Qingha	0.3616	0.2429	0.4101	0.2182	0.199	0.068	0.454	54.18	0.366	0.452	216	230	-0.385652	0.069565	
A/Bar-headed_Goose/Qingha	0.3616	0.2429	0.4101	0.2182	0.199	0.068	0.454	54.18	0.366	0.452	216	230	-0.385652	0.069565	
A/Bar-headed_Goose/Qingha	0.3559	0.2429	0.4101	0.2242	0.200	0.070	0.454	53.84	0.370	0.454	216	230	-0.363913	0.069565	
A/Bar-headed_Goose/Qingha	0.3616	0.2429	0.4101	0.2182	0.199	0.068	0.454	54.18	0.366	0.452	216	230	-0.385652	0.069565	
A/Bar-headed_Goose/Qingha	0.3539	0.2416	0.4000	0.2262	0.201	0.082	0.463	56.06	0.375	0.465	216	230	-0.356957	0.069565	
A/Bar-headed_Goose/Qingha	0.3616	0.2429	0.4124	0.2195	0.200	0.068	0.454	53.94	0.366	0.452	216	230	-0.371304	0.069565	
A/Bar-headed_Goose/Qingha	0.3616	0.2429	0.4124	0.2195	0.200	0.068	0.454	53.94	0.366	0.452	216	230	-0.371304	0.069565	
A/Bar-headed_Goose/Qingha	0.3559	0.2429	0.4124	0.2256	0.201	0.070	0.454	53.59	0.370	0.454	216	230	-0.349565	0.069565	
A/Bar-headed_Goose/Qingha	0.3616	0.2429	0.4101	0.2182	0.199	0.068	0.454	54.18	0.366	0.452	216	230	-0.385652	0.069565	
A/Bar-headed_Goose/Qingha	0.3616	0.2429	0.4101	0.2182	0.199	0.068	0.454	54.18	0.366	0.452	216	230	-0.385652	0.069565	
A/Bar-headed_Goose/Qingha	0.3616	0.2429	0.4101	0.2182	0.199	0.068	0.454	54.18	0.366	0.452	216	230	-0.385652	0.069565	
A/Bar-headed_Goose/Qingha	0.3559	0.2429	0.4101	0.2242	0.200	0.070	0.454	53.84	0.370	0.454	216	230	-0.363913	0.069565	
A/Bar-headed_Goose/Qingha	0.3652	0.2416	0.4157	0.2147	0.197	0.074	0.456	52.26	0.359	0.446	217	230	-0.339131	0.069565	
A/Bar-headed_Goose/Qingha	0.3652	0.2416	0.4157	0.2147	0.197	0.074	0.456	52.26	0.359	0.446	217	230	-0.339131	0.069565	
A/Bar-headed_Goose/Qingha	0.3652	0.2416	0.4157	0.2147	0.195	0.074	0.456	52.80	0.359	0.445	217	230	-0.350000	0.069565	
A/Bar-headed_Goose/Qingha	0.3652	0.2416	0.4157	0.2147	0.197	0.074	0.456	52.26	0.359	0.446	217	230	-0.339131	0.069565	
A/Bar-headed_Goose/Qingha	0.3652	0.2416	0.4157	0.2147	0.197	0.074	0.456	52.26	0.359	0.446	217	230	-0.339131	0.069565	
A/Bar-headed_Goose/Qingha	0.3616	0.2429	0.4124	0.2195	0.200	0.068	0.454	53.94	0.366	0.452	216	230	-0.371304	0.069565	
A/Bar-headed_Goose/Qingha	0.3616	0.2429	0.4101	0.2182	0.199	0.068	0.454	54.18	0.366	0.452	216	230	-0.385652	0.069565	
A/Bar-headed_Goose/Qingha	0.3616	0.2429	0.4101	0.2182	0.199	0.068	0.454	54.18	0.366	0.452	216	230	-0.385652	0.069565	
A/Bar-headed_Goose/Qingha	0.3616	0.2429	0.4101	0.2182	0.199	0.068	0.454	54.18	0.366	0.452	216	230	-0.385652	0.069565	
A/Bar-headed_Goose/Qingha	0.3616	0.2429	0.4101	0.2182	0.199	0.068	0.454	54.18	0.366	0.452	216	230	-0.385652	0.069565	
A/Bar-headed_Goose/Qingha	0.3559	0.2429	0.4124	0.2256	0.201	0.070	0.454	53.59	0.370	0.454	216	230	-0.349565	0.069565	
A/Bar-headed_Goose/Qingha	0.3652	0.2416	0.4157	0.2147	0.197	0.074	0.456	52.26	0.359	0.446	217	230	-0.339131	0.069565	
A/Bar-headed_Goose/Qingha	0.3616	0.2429	0.4124	0.2195	0.200	0.068	0.454	53.94	0.366	0.452	216	230	-0.371304	0.069565	
A/Bar-headed_Goose/Qingha	0.3333	0.2759	0.4080	0.2250	0.190	0.032	0.427	49.52	0.394	0.468	213	225	-0.376445	0.066667	
A/Bar-headed_Goose/Qingha	0.3616	0.2429	0.4101	0.2182	0.199	0.068	0.454	54.18	0.366	0.452	216	230	-0.385652	0.069565	
A/Bar-headed_Goose/Qingha	0.3616	0.2429	0.4101	0.2182	0.199	0.068	0.454	54.18	0.366	0.452	216	230	-0.385652	0.069565	
A/Bar-headed_Goose/Qingha	0.3616	0.2429	0.4124	0.2195	0.200	0.068	0.454	53.94	0.366	0.452	216	230	-0.371304	0.069565	
A/Bar-headed_Goose/Qingha	0.3616	0.2429	0.4124	0.2195	0.200	0.068	0.454	53.94	0.366	0.452	216	230	-0.371304	0.069565	
A/Bar-headed_Goose/Qingha	0.3616	0.2429	0.4124	0.2195	0.200	0.068	0.454	53.94	0.366	0.452	216	230	-0.371304	0.069565	
A/Bar-headed_Goose/Qingha	0.3616	0.2429	0.4124	0.2195	0.200	0.068	0.454	53.94	0.366	0.452	216	230	-0.371304	0.069565	
A/Bar-headed_Goose/Qingha	0.3616	0.2429	0.4124	0.2195	0.200	0.068	0.454	53.94	0.366	0.452	216	230	-0.371304	0.069565	
A/Bar-headed_Goose/Qingha	0.3636	0.2443	0.4124	0.2134	0.199	0.070	0.456	54.14	0.363	0.451	215	230	-0.395652	0.069565	
A/Bar-headed_Goose/Qingha	0.3636	0.2443	0.4124	0.2134	0.199	0.070	0.456	54.14	0.363	0.451	215	230	-0.395652	0.069565	
A/Bar-headed_Goose/Qingha	0.3616	0.2429	0.4101	0.2182	0.197	0.061	0.449	53.26	0.366	0.452	216	230	-0.373044	0.069565	
A/Bar-headed_Goose/Qingha	0.3616	0.2429	0.4101	0.2182	0.199	0.068	0.454	54.18	0.366	0.452	216	230	-0.385652	0.069565	
A/Bar-headed_Goose/Qingha	0.3616	0.2429	0.4101	0.2182	0.199	0.068	0.454	54.18	0.366	0.452	216	230	-0.385652	0.069565	
A/Bar-headed_Goose/Qingha	0.3616	0.2429	0.4124	0.2195	0.200	0.068	0.454	53.94	0.366	0.452	216	230	-0.371304	0.069565	
A/Bar-headed_Goose/Qingha	0.3616	0.2429	0.4124	0.2195	0.200	0.068	0.454	53.94	0.366	0.452	216	230	-0.371304	0.069565	
A/Bar-headed_Goose/Qingha	0.3616	0.2429	0.4124	0.2195	0.200	0.068	0.454	53.94	0.366	0.452	216	230	-0.371304	0.069565	
A/Bar-headed_Goose/Qingha	0.3616	0.2429	0.4124	0.2195	0.200	0.068	0.454	53.94	0.366	0.452	216	230	-0.371304	0.069565	
A/Bar-headed_Goose/Qingha	0.3616	0.2429	0.4101	0.2182	0.199	0.068	0.454	54.18	0.366	0.452	216	230	-0.385652	0.069565	
A/Bar-headed_Goose/Qingha	0.3616	0.2429	0.4101	0.2182	0.199	0.068	0.454	54.18	0.366	0.452	216	230	-0.385652	0.069565	
A/Bar-headed_Goose/Qingha	0.3616	0.2429	0.4101	0.2182	0.198	0.060	0.449	54.62	0.366	0.451	216	230	-0.387391	0.069565	
A/Bar-headed_Goose/Qingha	0.3616	0.2429	0.4101	0.2182	0.199	0.068	0.454	54.18	0.366	0.452	216	230	-0.385652	0.069565	
A/Bar-headed_Goose/Qingha	0.3616	0.2429	0.4124	0.2195	0.200	0.068	0.454	53.94	0.366	0.452	216	230	-0.371304	0.069565	
A/Bar-headed_Goose/Qingha	0.3616	0.2429	0.4124	0.2195	0.200	0.068	0.454	53.94	0.366	0.452	216	230	-0.371304	0.069565	
A/Bar-headed_Goose/Qingha	0.3616	0.2429	0.4101	0.2182	0.199	0.068	0.454	54.18	0.366	0.452	216	230	-0.385652	0.069565	
A/Bar-headed_Goose/Qingha	0.3616	0.2429	0.4101	0.2182	0.198	0.060	0.449	54.62	0.366	0.451	216	230	-0.387391	0.069565	
A/Bar-headed_Goose/Qingha	0.3616	0.2429	0.4101	0.2182	0.199	0.068	0.454	54.35	0.366	0.454	216	230	-0.374783	0.069565	
A/Bar-headed_Goose/Qingha	0.3672	0.2429	0.4068	0.2195	0.201	0.067	0.454	54.00	0.366	0.455	216	230	-0.395218	0.073913	
A/Bar-headed_Goose/Qingha	0.3693	0.2386	0.4124	0.2134	0.195	0.054	0.447	54.86	0.358	0.448	215	230	-0.397391	0.069565	
A/Bar-headed_Goose/Qingha	0.3636	0.2443	0.4124	0.2134	0.199	0.070	0.456	54.14	0.363	0.451	215	230	-0.395652	0.069565	
A/Bar-headed_Goose/Qingha	0.3616	0.2429	0.4101	0.2182	0.199	0.068	0.454	54.18	0.366	0.452	216	230	-0.385652	0.069565	
A/Bar-headed_Goose/Qingha	0.3616	0.2429	0.4101	0.2182	0.199	0.068	0.454	54.18	0.366	0.452	216	230	-0.385652	0.069565	
A/Bar-headed_Goose/Qingha	0.3616	0.2429	0.4124	0.2195	0.200	0.068	0.454	53.94	0.366	0.452	216	230	-0.371304	0.069565	
A/Bar-headed_Goose/Qingha	0.3616	0.2429	0.4124	0.2195	0.200	0.068	0.454	53.94	0.366	0.452	216	230	-0.371304	0.069565	
A/Bar-headed_Goose/Qingha	0.3616	0.2429	0.4101	0.2182	0.199	0.068	0.454	54.18	0.366	0.452	216	230	-0.385652	0.069565	
A/Bar-headed_Goose/Qingha	0.3616	0.2429	0.4101	0.2182	0.199	0.068	0.454	54.18	0.366	0.452	216	230	-0.385652	0.069565	
A/Bar-headed_Goose/Qingha	0.3616	0.2429	0.4101	0.2182	0.199	0.068	0.454	54.18	0.366	0.452	216	230	-0.385652	0.069565	
A/Bar-headed_Goose/Qingha	0.3559	0.2429	0.4101	0.2242	0.200	0.070	0.454	53.84	0.370	0.454	216	230	-0.363913	0.069565	
A/Bar-headed_Goose/Qingha	0.3616	0.2429	0.4124	0.2195	0.200	0.068	0.454	53.94	0.366	0.452	216	230	-0.371304	0.069565	
A/Bar-headed_Goose/Qingha	0.3616	0.2429	0.4124	0.2195	0.200	0.068	0.454	53.94	0.366	0.452	216	230	-0.371304	0.069565	
A/Bar-headed_goose/Qingha	0.3333	0.2759	0.3977	0.2298	0.192	0.057	0.441	51.09	0.399	0.471	213	225	-0.322667	0.062222	
A/Bar-headed_goose/Qingha	0.3333	0.2759	0.3977	0.2298	0.192	0.057	0.441	51.09	0.399	0.471	213	225	-0.322667	0.062222	
A/Bar-headed_goose/Qingha	0.3333	0.2759	0.3977	0.2298	0.192	0.057	0.441	51.09	0.399	0.471	213	225	-0.322667	0.062222	
A/Bar-headed_goose/Qingha	0.3333	0.2759	0.3977	0.2298	0.192	0.057	0.441	51.09	0.399	0.471	213	225	-0.322667	0.062222	
A/Bar-headed_goose/Qingha	0.3333	0.2759	0.3977	0.2298	0.192	0.057	0.441	51.09	0.399	0.471	213	225	-0.322667	0.062222	
A/Bar-headed_goose/Qingha	0.3333	0.2759	0.3977	0.2298	0.192	0.057	0.441	51.09	0.399	0.471	213	225	-0.322667	0.062222	
A/Bar-headed_goose/Qingha	0.3333	0.2759	0.3977	0.2298	0.192	0.057	0.441	51.09	0.399	0.471	213	225	-0.322667	0.062222	
A/Bar-headed_goose/Qingha	0.3333	0.2759	0.3977	0.2298	0.192	0.057	0.441	51.09	0.399	0.471	213	225	-0.322667	0.062222	
A/Bar-headed_Goose/Qingha	0.3616	0.2429	0.4101	0.2182	0.199	0.068	0.454	54.18	0.366	0.452	216	230	-0.385652	0.069565	
A/Bar-headed_Goose/Qingha	0.3616	0.2429	0.4101	0.2182	0.199	0.068	0.454	54.18	0.366	0.452	216	230	-0.385652	0.069565	
A/Bar-headed_Goose/Qingha	0.3616	0.2429	0.4101	0.2182	0.199	0.068	0.454	54.18	0.366	0.452	216	230	-0.385652	0.069565	
A/Bar-headed_Goose/Qingha	0.3616	0.2429	0.4101	0.2182	0.199	0.068	0.454	54.18	0.366	0.452	216	230	-0.385652	0.069565	
A/Bar-headed_Goose/Qingha	0.3616	0.2429	0.4101	0.2182	0.199	0.068	0.454	54.18	0.366	0.452	216	230	-0.385652	0.069565	
A/Bar-headed_Goose/Qingha	0.3616	0.2429	0.4101	0.2182	0.199	0.068	0.454	54.18	0.366	0.452	216	230	-0.385652	0.069565	
A/Bar-headed_Goose/Qingha	0.3616	0.2429	0.4101	0.2182	0.199	0.068	0.454	54.18	0.366	0.452	216	230	-0.385652	0.069565	
A/Bar-headed_Goose/Tibet/	0.3765	0.2471	0.3795	0.2303	0.189	0.022	0.422	51.56	0.377	0.461	204	217	-0.323502	0.073733	
A/Bar-headed_Goose/Tibet/	0.3728	0.2485	0.3916	0.2237	0.187	0.015	0.417	52.57	0.373	0.456	204	217	-0.301383	0.073733	
A/Bar-headed_Goose/Tibet/	0.3728	0.2485	0.3916	0.2237	0.188	0.015	0.417	52.76	0.373	0.455	204	217	-0.301383	0.073733	
A/Bar-headed_Goose/Tibet/	0.3706	0.2471	0.3855	0.2303	0.184	0.017	0.417	51.96	0.377	0.461	204	217	-0.302304	0.073733	
A/Bar-headed_Goose/Tibet/	0.3220	0.2655	0.3855	0.2590	0.190	0.031	0.431	52.41	0.417	0.477	216	230	-0.442174	0.056522	
A/Bar-headed_Goose/Tibet/	0.3220	0.2655	0.3876	0.2606	0.189	0.024	0.426	52.57	0.417	0.475	216	230	-0.426522	0.060870	
A/Bar-headed_Goose/Tibet/	0.3728	0.2485	0.3916	0.2237	0.191	0.021	0.422	53.12	0.373	0.455	204	217	-0.297696	0.073733	
A/Bar-headed_Goose/Tibet/	0.3728	0.2485	0.3916	0.2237	0.191	0.021	0.422	53.12	0.373	0.455	204	217	-0.297696	0.073733	
A/Bar-headed_Goose/Tibet/	0.3728	0.2485	0.3916	0.2237	0.187	0.015	0.417	52.57	0.373	0.456	204	217	-0.301383	0.073733	
A/Bar-headed_Goose/Tibet/	0.3728	0.2485	0.3916	0.2237	0.187	0.015	0.417	52.57	0.373	0.456	204	217	-0.301383	0.073733	
A/Bar-headed_Goose/Tibet/	0.3728	0.2485	0.3916	0.2237	0.187	0.015	0.417	52.57	0.373	0.456	204	217	-0.301383	0.073733	
A/Bar-headed_Goose/Tibet/	0.3728	0.2485	0.3855	0.2303	0.189	0.023	0.422	52.14	0.377	0.459	204	217	-0.299539	0.073733	
A/Bar-headed_Goose/Tibet/	0.3706	0.2471	0.3855	0.2303	0.184	0.017	0.417	51.96	0.377	0.461	204	217	-0.302304	0.073733	
A/Bar-headed_Goose/Tibet/	0.3706	0.2471	0.3855	0.2303	0.184	0.017	0.417	51.96	0.377	0.461	204	217	-0.302304	0.073733	
A/bean_goose/Hubei/BQ11/2	0.3728	0.2485	0.3939	0.2237	0.193	0.028	0.426	53.52	0.373	0.455	204	217	-0.332719	0.073733	
A/Bean_Goose/Hubei/chenhu	0.3446	0.2542	0.4045	0.2331	0.193	0.035	0.431	48.79	0.384	0.464	216	230	-0.344783	0.065217	
A/Bean_goose/Hubei/CH-i11	0.3616	0.2429	0.4101	0.2182	0.199	0.068	0.454	54.18	0.366	0.452	216	230	-0.385652	0.069565	
A/Bean_goose/Hubei/CH-i12	0.3616	0.2429	0.4101	0.2182	0.199	0.068	0.454	54.18	0.366	0.452	216	230	-0.385652	0.069565	
A/Bean_goose/Hubei/CH-I22	0.3448	0.2644	0.4000	0.2313	0.187	0.036	0.427	49.78	0.390	0.467	213	225	-0.312889	0.066667	
A/Bean_goose/Hubei/CH-i32	0.3616	0.2429	0.4101	0.2182	0.199	0.068	0.454	54.18	0.366	0.452	216	230	-0.385652	0.069565	
A/black_chicken/Jiangxi/1	0.3506	0.2586	0.4034	0.2250	0.182	0.018	0.418	50.36	0.380	0.464	213	225	-0.301778	0.062222	
A/Black_faced_Spoonbill/A	0.3258	0.2753	0.3966	0.2407	0.183	0.003	0.410	51.83	0.406	0.470	217	230	-0.326957	0.060870	
A/Black_Faced_Spoonbill/H	0.3333	0.2486	0.4011	0.2577	0.190	0.030	0.431	54.57	0.398	0.468	216	230	-0.434348	0.060870	
A/Black_Faced_Spoonbill/H	0.3277	0.2768	0.3966	0.2407	0.183	0.001	0.410	52.16	0.406	0.467	217	230	-0.333478	0.060870	
A/black_swan/Beijing/1/20	0.3787	0.2426	0.3939	0.2222	0.184	0.006	0.412	53.04	0.368	0.456	204	217	-0.337788	0.073733	
A/black-backed_gull/Shand	0.3787	0.2426	0.3939	0.2237	0.186	0.014	0.417	53.18	0.368	0.455	204	217	-0.336405	0.073733	
A/Black-necked_Grebe/Inne	0.3391	0.2759	0.4057	0.2188	0.183	0.028	0.423	48.60	0.390	0.467	213	225	-0.348889	0.062222	
A/Black-necked_Grebe/Inne	0.3314	0.2743	0.3977	0.2360	0.182	0.042	0.430	51.10	0.402	0.467	214	225	-0.332000	0.066667	
A/Black-necked_Grebe/Inne	0.3314	0.2743	0.3977	0.2360	0.181	0.040	0.430	50.80	0.402	0.465	214	225	-0.328444	0.066667	
A/Black-necked_Grebe/Inne	0.3314	0.2743	0.3977	0.2360	0.181	0.040	0.430	50.80	0.402	0.465	214	225	-0.328444	0.066667	
A/Black-necked_Grebe/Inne	0.3314	0.2743	0.3977	0.2360	0.182	0.042	0.430	51.10	0.402	0.467	214	225	-0.332000	0.066667	
A/Black-necked_Grebe/Inne	0.3314	0.2743	0.3977	0.2360	0.181	0.040	0.430	50.80	0.402	0.465	214	225	-0.328444	0.066667	
A/Black-necked_Grebe/Inne	0.3314	0.2743	0.3977	0.2360	0.181	0.040	0.430	50.80	0.402	0.465	214	225	-0.328444	0.066667	
A/Black-necked_Grebe/Inne	0.3314	0.2743	0.3977	0.2360	0.181	0.040	0.430	50.80	0.402	0.465	214	225	-0.328444	0.066667	
A/Brown-headed_Gull/Qingh	0.3616	0.2429	0.4101	0.2182	0.199	0.068	0.454	54.18	0.366	0.452	216	230	-0.385652	0.069565	
A/Brown-headed_Gull/Qingh	0.3616	0.2429	0.4101	0.2182	0.199	0.068	0.454	54.18	0.366	0.452	216	230	-0.385652	0.069565	
A/Brown-headed_Gull/Qingh	0.3616	0.2429	0.4101	0.2182	0.199	0.068	0.454	54.18	0.366	0.452	216	230	-0.385652	0.069565	
A/Brown-headed_Gull/Qingh	0.3616	0.2429	0.4101	0.2182	0.199	0.068	0.454	54.18	0.366	0.452	216	230	-0.385652	0.069565	
A/Brown-headed_Gull/Qingh	0.3616	0.2429	0.4101	0.2182	0.199	0.068	0.454	54.18	0.366	0.452	216	230	-0.385652	0.069565	
A/Brown-headed_Gull/Qingh	0.3616	0.2429	0.4124	0.2195	0.200	0.068	0.454	53.94	0.366	0.452	216	230	-0.371304	0.069565	
A/Brown-headed_Gull/Qingh	0.3616	0.2429	0.4124	0.2195	0.200	0.068	0.454	53.94	0.366	0.452	216	230	-0.371304	0.069565	
A/Brown-headed_Gull/Qingh	0.3616	0.2429	0.4101	0.2182	0.199	0.068	0.454	54.18	0.366	0.452	216	230	-0.385652	0.069565	
A/Brown-headed_Gull/Qingh	0.3672	0.2429	0.4068	0.2195	0.201	0.065	0.454	53.97	0.366	0.452	216	230	-0.390000	0.073913	
A/brown-headed_gull/Tibet	0.3728	0.2485	0.3916	0.2237	0.189	0.023	0.422	52.29	0.373	0.458	204	217	-0.299539	0.073733	
A/Brown-headed_Gull/Tibet	0.3706	0.2471	0.3855	0.2303	0.184	0.017	0.417	51.96	0.377	0.461	204	217	-0.302304	0.073733	
A/Brown-headed_Gull/Tibet	0.3706	0.2529	0.3879	0.2252	0.189	0.023	0.422	52.49	0.377	0.459	204	217	-0.299539	0.073733	
A/Brown-headed_Gull/Tibet	0.3706	0.2529	0.3879	0.2252	0.189	0.023	0.422	52.49	0.377	0.459	204	217	-0.299539	0.073733	
A/canine/China/GX30/2023|	0.3182	0.3011	0.4101	0.2112	0.184	0.041	0.435	55.27	0.403	0.461	216	230	-0.340435	0.060870	
A/cat/Sichuan/SC18/2014|E	0.3506	0.2586	0.4034	0.2264	0.181	0.020	0.418	49.48	0.380	0.461	213	225	-0.287111	0.062222	
A/cat/Zhejiang/C1/2016|EP	0.3218	0.2529	0.4731	0.1842	0.161	-0.054	0.377	47.69	0.348	0.444	207	217	-0.343779	0.069124	
A/cat/Zhejiang/C2/2016|EP	0.3353	0.2486	0.4611	0.1895	0.169	-0.055	0.377	49.13	0.348	0.444	207	217	-0.342396	0.069124	
A/Changsha/1/2014|EPI_ISL	0.3488	0.2674	0.3943	0.2327	0.190	0.031	0.425	50.86	0.392	0.461	212	225	-0.261333	0.062222	
A/chicken/Anhui/S1740/202	0.3728	0.2426	0.3939	0.2303	0.188	0.019	0.422	53.28	0.373	0.455	204	217	-0.313825	0.073733	
A/chicken/Beijing/BJ7/201	0.3371	0.2514	0.4303	0.2119	0.164	-0.060	0.374	49.42	0.369	0.452	206	217	-0.340092	0.069124	
A/chicken/CH/a556/2015|EP	0.3596	0.2416	0.4044	0.2289	0.184	0.019	0.420	51.04	0.370	0.445	219	230	-0.322609	0.056522	
A/chicken/Changhua/150101	0.3427	0.2472	0.4022	0.2410	0.183	-0.012	0.406	49.54	0.387	0.468	217	230	-0.400435	0.060870	
A/chicken/Changhua/150102	0.3427	0.2472	0.4000	0.2395	0.183	-0.004	0.410	49.62	0.387	0.468	217	230	-0.388696	0.060870	
A/chicken/Changhua/150103	0.3427	0.2472	0.4022	0.2410	0.183	-0.012	0.406	49.48	0.387	0.467	217	230	-0.402174	0.060870	
A/chicken/Changhua/150103	0.3427	0.2472	0.4022	0.2424	0.180	-0.012	0.406	49.42	0.387	0.467	217	230	-0.390000	0.060870	
A/chicken/Changhua/150103	0.3427	0.2472	0.4022	0.2424	0.180	-0.010	0.406	49.77	0.387	0.465	217	230	-0.379565	0.060870	
A/chicken/Changhua/150103	0.3427	0.2472	0.4022	0.2424	0.180	-0.010	0.406	49.77	0.387	0.465	217	230	-0.379565	0.060870	
A/chicken/Changhua/150400	0.3552	0.2459	0.4293	0.2024	0.188	0.029	0.430	50.53	0.354	0.450	223	237	-0.365823	0.059072	
A/chicken/Changhua/150400	0.3497	0.2514	0.4185	0.2143	0.189	0.029	0.430	51.20	0.368	0.454	223	237	-0.365823	0.059072	
A/chicken/Changhua/150400	0.3607	0.2404	0.4185	0.2143	0.188	0.021	0.426	50.88	0.359	0.451	223	237	-0.365823	0.059072	
A/chicken/Changhua/150400	0.3607	0.2404	0.4185	0.2130	0.188	0.020	0.426	51.27	0.359	0.453	223	237	-0.387764	0.059072	
A/chicken/Changhua/150500	0.3371	0.2528	0.4078	0.2349	0.181	-0.012	0.406	50.02	0.387	0.467	217	230	-0.402174	0.060870	
A/chicken/Changhua/150500	0.3571	0.2473	0.4185	0.2083	0.189	0.046	0.441	51.46	0.360	0.453	222	237	-0.362447	0.059072	
A/chicken/Changhua/150600	0.3371	0.2528	0.4022	0.2410	0.180	-0.020	0.401	50.24	0.392	0.468	217	230	-0.402174	0.060870	
A/chicken/Changhua/150600	0.3571	0.2473	0.4153	0.2156	0.190	0.038	0.437	51.72	0.365	0.454	222	237	-0.375527	0.059072	
A/chicken/Changhua/150600	0.3333	0.2599	0.4078	0.2349	0.186	-0.005	0.410	49.80	0.392	0.467	217	230	-0.399565	0.060870	
A/chicken/Changhua/151200	0.3427	0.2472	0.3978	0.2395	0.179	0.006	0.415	50.47	0.387	0.468	217	230	-0.318261	0.060870	
A/chicken/Changhua/160100	0.3277	0.2655	0.4022	0.2349	0.182	0.005	0.417	49.53	0.398	0.471	216	230	-0.396956	0.060870	
A/chicken/Changhua/170600	0.3516	0.2418	0.4044	0.2339	0.184	0.010	0.419	48.85	0.378	0.466	222	237	-0.431645	0.063291	
A/chicken/Changhua/180400	0.3427	0.2528	0.3978	0.2321	0.184	-0.004	0.410	49.05	0.387	0.470	217	230	-0.375218	0.060870	
A/chicken/Chiayi/15010287	0.3427	0.2472	0.4000	0.2395	0.183	-0.004	0.410	49.62	0.387	0.468	217	230	-0.388696	0.060870	
A/chicken/Chiayi/15010409	0.3408	0.2458	0.4000	0.2470	0.178	-0.012	0.404	50.29	0.390	0.464	218	230	-0.359131	0.056522	
A/chicken/Chiayi/15010454	0.3552	0.2459	0.4239	0.2083	0.188	0.029	0.430	50.64	0.359	0.451	223	237	-0.365823	0.059072	
A/chicken/Chiayi/17040009	0.3371	0.2528	0.4022	0.2364	0.184	0.015	0.421	50.10	0.389	0.470	216	230	-0.387391	0.060870	
A/chicken/Chiayi/18120003	0.3352	0.2570	0.4045	0.2393	0.194	0.058	0.442	50.63	0.392	0.464	217	230	-0.339565	0.060870	
A/chicken/China/007/2019|	0.3391	0.2701	0.4045	0.2147	0.187	0.051	0.437	51.63	0.385	0.467	213	225	-0.286222	0.062222	
A/chicken/China/Cangzhou0	0.3427	0.2640	0.4023	0.2368	0.132	-0.139	0.332	57.32	0.388	0.446	214	230	-0.336087	0.060870	
A/chicken/China/E93/2012|	0.3161	0.2874	0.4094	0.2293	0.186	0.044	0.436	53.64	0.408	0.467	211	225	-0.342666	0.066667	
A/chicken/China/E96/2012|	0.3103	0.2931	0.4094	0.2293	0.191	0.052	0.441	53.10	0.412	0.470	211	225	-0.340889	0.066667	
A/chicken/Chiping/0321/20	0.3371	0.2457	0.4337	0.2105	0.156	-0.081	0.359	50.73	0.364	0.453	206	217	-0.348387	0.069124	
A/chicken/chongqing/H1/20	0.3371	0.2743	0.3978	0.2331	0.184	0.023	0.424	54.55	0.396	0.454	217	230	-0.329565	0.056522	
A/chicken/Chongqing/SD001	0.3371	0.2743	0.3978	0.2331	0.184	0.023	0.424	54.55	0.396	0.454	217	230	-0.329565	0.056522	
A/chicken/Dongguan/2690/2	0.3506	0.2586	0.3920	0.2390	0.185	0.026	0.423	50.62	0.390	0.464	213	225	-0.309333	0.062222	
A/chicken/Dongguan/3363/2	0.3448	0.2644	0.3920	0.2360	0.185	0.030	0.423	50.56	0.394	0.467	213	225	-0.301333	0.062222	
A/chicken/Dongguan/4259/2	0.3448	0.2644	0.3977	0.2313	0.192	0.056	0.441	50.30	0.390	0.465	213	225	-0.331111	0.062222	
A/chicken/Fujian/05.07_FZ	0.3448	0.2644	0.4114	0.2201	0.182	0.027	0.423	51.60	0.380	0.456	213	225	-0.335556	0.062222	
A/chicken/Fujian/09.16_GT	0.3448	0.2644	0.4034	0.2250	0.191	0.043	0.432	51.08	0.385	0.462	213	225	-0.310667	0.062222	
A/chicken/Fujian/10.08_FZ	0.3468	0.2601	0.4034	0.2313	0.185	0.034	0.427	50.72	0.385	0.462	213	225	-0.306222	0.062222	
A/chicken/Fujian/11.23_FZ	0.3429	0.2686	0.4000	0.2278	0.182	0.040	0.432	52.02	0.390	0.464	213	225	-0.300000	0.066667	
A/chicken/Gansu/5/2012|EP	0.3179	0.2890	0.4094	0.2293	0.187	0.044	0.436	52.58	0.408	0.465	211	225	-0.356444	0.066667	
A/chicken/Gansu/6/2012|EP	0.3218	0.2816	0.4094	0.2293	0.185	0.036	0.431	53.64	0.403	0.465	211	225	-0.342666	0.066667	
A/chicken/Ganzhou/GZ27/20	0.3391	0.2701	0.4011	0.2222	0.190	0.059	0.441	51.15	0.390	0.468	213	225	-0.298222	0.062222	
A/chicken/Guangdong/04.15	0.3547	0.2442	0.4424	0.2000	0.169	-0.069	0.374	49.54	0.350	0.439	206	217	-0.362673	0.073733	
A/chicken/Guangdong/10.16	0.3547	0.2442	0.4337	0.2039	0.171	-0.079	0.369	49.59	0.354	0.444	206	217	-0.373733	0.073733	
A/chicken/Guangdong/GD160	0.3295	0.2543	0.4491	0.2026	0.171	-0.046	0.382	49.12	0.362	0.447	207	217	-0.317512	0.069124	
A/chicken/Guangdong/MG170	0.3563	0.2644	0.3989	0.2086	0.186	0.051	0.437	51.03	0.376	0.464	213	225	-0.297333	0.062222	
A/chicken/Guangdong/MG171	0.3563	0.2701	0.3989	0.2025	0.191	0.067	0.446	50.61	0.376	0.464	213	225	-0.297333	0.062222	
A/chicken/Guangdong/MG171	0.3468	0.2601	0.3820	0.2454	0.188	0.032	0.427	53.15	0.399	0.474	213	225	-0.318667	0.057778	
A/chicken/Guangdong/MG171	0.3466	0.2727	0.4157	0.2050	0.181	0.007	0.417	53.26	0.375	0.452	216	230	-0.360000	0.060870	
A/chicken/Guangdong/MG173	0.3584	0.2543	0.4198	0.2053	0.179	-0.043	0.385	51.35	0.366	0.458	205	217	-0.275576	0.073733	
A/chicken/Guangdong/MG173	0.3295	0.2898	0.4124	0.2125	0.181	0.023	0.426	53.71	0.394	0.455	216	230	-0.348696	0.060870	
A/chicken/Guangxi/04.10_N	0.3455	0.2788	0.3841	0.2297	0.189	0.037	0.430	52.41	0.400	0.467	200	212	-0.295283	0.066038	
A/chicken/Guangxi/16/2019	0.3333	0.2644	0.4011	0.2331	0.177	0.026	0.423	49.39	0.394	0.471	213	225	-0.350222	0.057778	
A/chicken/Guangxi/S2039/2	0.3314	0.2686	0.4023	0.2327	0.182	0.029	0.425	49.61	0.396	0.465	212	225	-0.357333	0.062222	
A/chicken/Guizhou/8.26_ZY	0.3430	0.2558	0.4311	0.2039	0.171	-0.058	0.379	50.33	0.364	0.449	206	217	-0.333641	0.069124	
A/chicken/GY/a451/2015|EP	0.3616	0.2486	0.4066	0.2182	0.175	0.006	0.413	51.50	0.367	0.442	218	230	-0.332609	0.056522	
A/Chicken/Hangzhou/E1149/	0.3353	0.2717	0.3842	0.2454	0.190	0.017	0.418	54.18	0.408	0.476	213	225	-0.307111	0.057778	
A/chicken/Hebei/3/2013|EP	0.3391	0.2471	0.4337	0.2105	0.160	-0.075	0.364	50.22	0.364	0.452	206	217	-0.343779	0.069124	
A/chicken/Heilongjiang/S7	0.3371	0.2686	0.3977	0.2327	0.186	0.042	0.432	50.66	0.394	0.467	213	225	-0.295556	0.062222	
A/chicken/Henan/Q7/2013|E	0.3371	0.2514	0.4303	0.2119	0.161	-0.066	0.369	49.55	0.369	0.453	206	217	-0.343779	0.069124	
A/chicken/Hsinchu/1608000	0.3315	0.2584	0.4000	0.2395	0.183	0.004	0.415	49.84	0.396	0.471	217	230	-0.388696	0.060870	
A/chicken/Hubei/03.06__WH	0.3353	0.2486	0.4491	0.2026	0.170	-0.055	0.377	49.82	0.357	0.447	207	217	-0.342396	0.069124	
A/chicken/Hubei/03.06__WH	0.3543	0.2571	0.4034	0.2264	0.177	0.007	0.411	52.48	0.379	0.458	214	225	-0.269333	0.062222	
A/chicken/Hubei/2856/2007	0.3295	0.2832	0.3931	0.2405	0.200	0.053	0.443	49.08	0.410	0.464	212	225	-0.363111	0.066667	
A/chicken/Hubei/ZYSJF11/2	0.3295	0.2543	0.4431	0.2092	0.170	-0.055	0.377	50.26	0.367	0.450	207	217	-0.342396	0.069124	
A/chicken/Hubei/ZYSJF16/2	0.3295	0.2543	0.4431	0.2092	0.170	-0.055	0.377	50.26	0.367	0.450	207	217	-0.342396	0.069124	
A/chicken/Hubei/ZYSJF38/2	0.3295	0.2543	0.4431	0.2092	0.170	-0.055	0.377	50.26	0.367	0.450	207	217	-0.342396	0.069124	
A/Chicken/Huizhou/16274/2	0.3468	0.2659	0.3977	0.2236	0.187	0.046	0.434	51.76	0.387	0.467	212	225	-0.308444	0.062222	
A/chicken/Hunan/02.06_YYG	0.3333	0.2759	0.4011	0.2222	0.189	0.051	0.437	50.94	0.394	0.470	213	225	-0.298222	0.062222	
A/chicken/Hunan/03.07_YYG	0.3430	0.2500	0.4578	0.1867	0.162	-0.067	0.374	48.81	0.345	0.436	206	217	-0.368203	0.069124	
A/chicken/Hunan/03.07_YYG	0.3391	0.2701	0.4068	0.2160	0.187	0.051	0.437	51.78	0.385	0.465	213	225	-0.298222	0.062222	
A/chicken/Hunan/3.07_YYGK	0.3430	0.2500	0.4578	0.1867	0.162	-0.067	0.374	48.81	0.345	0.436	206	217	-0.368203	0.069124	
A/chicken/Hunan/04.14_YYG	0.3506	0.2586	0.3943	0.2405	0.186	0.026	0.423	50.62	0.390	0.462	213	225	-0.321333	0.062222	
A/chicken/Hunan/04.14_YYK	0.3526	0.2601	0.4000	0.2327	0.183	0.007	0.413	55.04	0.385	0.456	213	225	-0.297778	0.057778	
A/chicken/Hunan/04.14_YYX	0.3333	0.2759	0.3977	0.2298	0.192	0.057	0.441	51.09	0.399	0.471	213	225	-0.322667	0.062222	
A/chicken/Hunan/12.07__YY	0.3543	0.2571	0.4057	0.2201	0.179	0.016	0.418	51.07	0.376	0.461	213	225	-0.326667	0.066667	
A/chicken/Hunan/12.07_YYG	0.3526	0.2543	0.4034	0.2313	0.179	0.002	0.408	52.06	0.380	0.459	213	225	-0.280889	0.062222	
A/chicken/Hunan/12.27_YYG	0.3314	0.2616	0.4398	0.2053	0.163	-0.066	0.374	50.02	0.369	0.447	206	217	-0.358065	0.069124	
A/chicken/Hunan/12.27_YYG	0.3563	0.2529	0.3920	0.2360	0.185	0.018	0.418	51.74	0.385	0.467	213	225	-0.319111	0.066667	
A/chicken/Hunan/12.27_YYG	0.3371	0.2629	0.4205	0.2086	0.191	0.056	0.437	51.70	0.376	0.462	213	225	-0.295111	0.062222	
A/chicken/Hunan/12.28_YYG	0.3448	0.2644	0.3977	0.2327	0.185	0.034	0.427	50.24	0.390	0.462	213	225	-0.311111	0.062222	
A/chicken/Hunan/1793/2007	0.3295	0.2832	0.3966	0.2357	0.184	0.049	0.439	50.74	0.406	0.459	212	225	-0.315111	0.062222	
A/chicken/Hunan/3157/2006	0.3237	0.2890	0.3931	0.2390	0.205	0.068	0.453	48.52	0.415	0.468	212	225	-0.384444	0.066667	
A/chicken/Hunan/HN40/2015	0.3506	0.2586	0.4034	0.2236	0.182	0.030	0.423	50.12	0.380	0.464	213	225	-0.326667	0.062222	
A/chicken/Hunan/HN58/2015	0.3448	0.2644	0.4000	0.2313	0.183	0.034	0.427	50.60	0.390	0.467	213	225	-0.344444	0.062222	
A/chicken/Hunan/HN75/2015	0.3448	0.2644	0.4034	0.2264	0.188	0.042	0.432	51.18	0.385	0.462	213	225	-0.309333	0.062222	
A/chicken/Hunan/HN158/201	0.3448	0.2644	0.4000	0.2313	0.183	0.034	0.427	50.60	0.390	0.467	213	225	-0.344444	0.062222	
A/chicken/Hunan/HN244/201	0.3448	0.2644	0.3977	0.2313	0.186	0.034	0.427	51.00	0.390	0.467	213	225	-0.292444	0.062222	
A/chicken/Hunan/HN245/201	0.3333	0.2759	0.3977	0.2284	0.190	0.042	0.432	51.85	0.399	0.470	213	225	-0.336889	0.062222	
A/chicken/Hunan/HN247/201	0.3391	0.2701	0.3955	0.2284	0.187	0.043	0.432	51.27	0.394	0.468	213	225	-0.301333	0.062222	
A/chicken/Hunan/HN248/201	0.3448	0.2644	0.3977	0.2313	0.186	0.034	0.427	51.00	0.390	0.467	213	225	-0.292444	0.062222	
A/chicken/Hunan/HN249/201	0.3448	0.2644	0.3977	0.2313	0.186	0.034	0.427	51.00	0.390	0.467	213	225	-0.292444	0.062222	
A/chicken/Hunan/HN250/201	0.3391	0.2701	0.3955	0.2270	0.190	0.042	0.432	51.47	0.394	0.470	213	225	-0.324444	0.062222	
A/chicken/Hunan/HN251/201	0.3448	0.2644	0.3977	0.2313	0.186	0.034	0.427	51.00	0.390	0.467	213	225	-0.292444	0.062222	
A/chicken/Hunan/HN252/201	0.3448	0.2644	0.3977	0.2313	0.186	0.034	0.427	51.00	0.390	0.467	213	225	-0.292444	0.062222	
A/chicken/Hunan/HN254/201	0.3448	0.2644	0.3977	0.2313	0.186	0.034	0.427	51.00	0.390	0.467	213	225	-0.292444	0.062222	
A/chicken/Hunan/HN255/201	0.3448	0.2644	0.3977	0.2313	0.186	0.034	0.427	51.00	0.390	0.467	213	225	-0.292444	0.062222	
A/chicken/Hunan/HN263/201	0.3448	0.2644	0.4138	0.2229	0.179	0.015	0.418	51.37	0.380	0.453	213	225	-0.323111	0.062222	
A/chicken/Hunan/HN264/201	0.3448	0.2644	0.4138	0.2229	0.179	0.015	0.418	51.37	0.380	0.453	213	225	-0.323111	0.062222	
A/chicken/Hunan/HN265/201	0.3448	0.2644	0.4138	0.2229	0.179	0.015	0.418	51.37	0.380	0.453	213	225	-0.323111	0.062222	
A/chicken/Hunan/HN266/201	0.3448	0.2644	0.4138	0.2229	0.179	0.015	0.418	51.37	0.380	0.453	213	225	-0.323111	0.062222	
A/chicken/Hunan/HN301/201	0.3391	0.2701	0.3977	0.2298	0.187	0.045	0.432	50.82	0.394	0.470	213	225	-0.328445	0.062222	
A/chicken/Hunan/HN302/201	0.3448	0.2644	0.3977	0.2298	0.185	0.037	0.427	50.56	0.390	0.468	213	225	-0.328445	0.062222	
A/chicken/Hunan/HN303/201	0.3448	0.2644	0.3977	0.2298	0.185	0.037	0.427	50.56	0.390	0.468	213	225	-0.328445	0.062222	
A/chicken/Hunan/HN304/201	0.3448	0.2644	0.3977	0.2298	0.185	0.037	0.427	50.56	0.390	0.468	213	225	-0.328445	0.062222	
A/chicken/Hunan/HN305/201	0.3391	0.2701	0.3977	0.2298	0.187	0.045	0.432	50.82	0.394	0.470	213	225	-0.328445	0.062222	
A/chicken/Hunan/HN306/201	0.3391	0.2701	0.3977	0.2298	0.187	0.045	0.432	50.82	0.394	0.470	213	225	-0.328445	0.062222	
A/chicken/Hunan/HN307/201	0.3391	0.2701	0.3977	0.2298	0.187	0.045	0.432	50.82	0.394	0.470	213	225	-0.328445	0.062222	
A/chicken/Hunan/HN308/201	0.3391	0.2701	0.3977	0.2298	0.187	0.045	0.432	50.82	0.394	0.470	213	225	-0.328445	0.062222	
A/chicken/Hunan/S10029/20	0.3352	0.2614	0.4335	0.2013	0.171	0.018	0.415	49.11	0.368	0.455	212	225	-0.335111	0.057778	
A/chicken/Jiangsu/03.17_W	0.3430	0.2733	0.3837	0.2405	0.198	0.042	0.433	52.00	0.405	0.462	210	225	-0.337778	0.066667	
A/chicken/Jiangsu/927/201	0.3483	0.2640	0.3944	0.2303	0.188	0.026	0.422	48.28	0.390	0.467	218	230	-0.290435	0.060870	
A/chicken/Jiangsu/1001/20	0.3371	0.2514	0.4431	0.1961	0.172	-0.027	0.391	47.47	0.357	0.452	207	217	-0.344700	0.069124	
A/chicken/Jiangsu/2477/20	0.3276	0.2816	0.4000	0.2313	0.186	0.036	0.427	48.46	0.404	0.471	213	225	-0.348889	0.062222	
A/chicken/Jiangsu/k0402/2	0.3353	0.2775	0.3988	0.2264	0.192	0.055	0.441	51.70	0.398	0.461	211	225	-0.342222	0.062222	
A/chicken/Jiangsu/SE2228/	0.3333	0.2759	0.4057	0.2250	0.188	0.051	0.437	48.46	0.394	0.468	213	225	-0.348889	0.062222	
A/chicken/Jiangsu/WXBING2	0.3448	0.2644	0.4057	0.2264	0.180	0.005	0.408	49.60	0.385	0.461	213	225	-0.313778	0.062222	
A/chicken/Jiangsu/WXS7393	0.3486	0.2629	0.3966	0.2342	0.182	0.013	0.413	50.33	0.390	0.462	213	225	-0.312444	0.062222	
A/chicken/Jiangsu/XZ216/2	0.3391	0.2471	0.4337	0.2105	0.160	-0.075	0.364	50.22	0.364	0.452	206	217	-0.343779	0.069124	
A/chicken/Jiangsu/YB7/201	0.3430	0.2733	0.3779	0.2468	0.198	0.048	0.438	52.11	0.410	0.465	210	225	-0.348444	0.066667	
A/chicken/Jiangxi/01.14_N	0.3295	0.2601	0.4491	0.1961	0.175	-0.039	0.386	50.27	0.362	0.449	207	217	-0.342396	0.069124	
A/chicken/Jiangxi/02.05_Y	0.3468	0.2659	0.4000	0.2264	0.184	0.027	0.425	50.83	0.387	0.465	212	225	-0.300889	0.062222	
A/chicken/Jiangxi/02.05_Y	0.3295	0.2543	0.4551	0.1961	0.172	-0.047	0.382	50.27	0.357	0.447	207	217	-0.342396	0.069124	
A/chicken/Jiangxi/04.01__	0.3295	0.2543	0.4551	0.1961	0.172	-0.047	0.382	50.35	0.357	0.445	207	217	-0.344240	0.069124	
A/chicken/Jiangxi/04.01__	0.3295	0.2543	0.4491	0.2026	0.172	-0.047	0.382	50.07	0.362	0.449	207	217	-0.342396	0.069124	
A/chicken/Jiangxi/04.01__	0.3295	0.2543	0.4491	0.2026	0.172	-0.047	0.382	50.07	0.362	0.449	207	217	-0.342396	0.069124	
A/chicken/Jiangxi/04.01__	0.3295	0.2543	0.4371	0.2157	0.170	-0.055	0.377	49.77	0.372	0.452	207	217	-0.342396	0.069124	
A/chicken/Jiangxi/04.01__	0.3448	0.2586	0.4091	0.2250	0.178	0.019	0.418	50.33	0.380	0.462	213	225	-0.310222	0.062222	
A/chicken/Jiangxi/04.01__	0.3333	0.2414	0.4518	0.2119	0.161	-0.081	0.362	49.42	0.357	0.442	207	217	-0.354839	0.069124	
A/chicken/Jiangxi/04.01_N	0.3295	0.2543	0.4491	0.2026	0.173	-0.047	0.382	50.07	0.362	0.450	207	217	-0.330415	0.069124	
A/chicken/Jiangxi/04.01_N	0.3295	0.2543	0.4431	0.2092	0.172	-0.047	0.382	50.14	0.367	0.449	207	217	-0.353917	0.069124	
A/chicken/Jiangxi/04.01_N	0.3295	0.2543	0.4371	0.2157	0.170	-0.055	0.377	49.77	0.372	0.452	207	217	-0.342396	0.069124	
A/chicken/Jiangxi/04.01_N	0.3295	0.2543	0.4491	0.2026	0.172	-0.047	0.382	50.07	0.362	0.449	207	217	-0.342396	0.069124	
A/chicken/Jiangxi/04.01_N	0.3295	0.2543	0.4491	0.2026	0.172	-0.047	0.382	50.07	0.362	0.449	207	217	-0.342396	0.069124	
A/chicken/Jiangxi/04.01_N	0.3295	0.2543	0.4491	0.2026	0.172	-0.047	0.382	50.07	0.362	0.449	207	217	-0.342396	0.069124	
A/chicken/Jiangxi/04.01_N	0.3218	0.2471	0.4699	0.1974	0.167	-0.054	0.377	49.75	0.353	0.445	207	217	-0.358065	0.069124	
A/chicken/Jiangxi/05.06__	0.3295	0.2543	0.4491	0.2026	0.172	-0.047	0.382	50.07	0.362	0.449	207	217	-0.342396	0.069124	
A/chicken/Jiangxi/10.30_N	0.3529	0.2471	0.4639	0.1733	0.158	-0.081	0.366	51.08	0.332	0.438	205	217	-0.341936	0.069124	
A/chicken/Jiangxi/12.05_N	0.3276	0.2529	0.4578	0.1974	0.165	-0.052	0.377	49.90	0.357	0.445	207	217	-0.376959	0.069124	
A/chicken/Jiangxi/12.05_N	0.3218	0.2471	0.4699	0.1974	0.167	-0.054	0.377	49.75	0.353	0.445	207	217	-0.358065	0.069124	
A/chicken/Jiangxi/12.05_N	0.3276	0.2529	0.4578	0.1974	0.167	-0.054	0.377	49.57	0.357	0.447	207	217	-0.358065	0.069124	
A/chicken/Jiangxi/12.05_N	0.3410	0.2717	0.4023	0.2293	0.192	0.050	0.439	51.53	0.392	0.462	212	225	-0.324000	0.066667	
A/chicken/Jiangxi/12.05_N	0.3218	0.2471	0.4699	0.1974	0.167	-0.054	0.377	49.75	0.353	0.445	207	217	-0.358065	0.069124	
A/chicken/Jiangxi/25/2011	0.3448	0.2701	0.4034	0.2160	0.193	0.050	0.437	50.99	0.385	0.465	213	225	-0.334222	0.062222	
A/Chicken/Jiangxi/45093/2	0.3295	0.2543	0.4491	0.2039	0.172	-0.048	0.382	49.28	0.362	0.445	207	217	-0.314286	0.069124	
A/chicken/Jiangxi/S40653/	0.3728	0.2485	0.3939	0.2237	0.185	0.010	0.417	54.01	0.373	0.455	204	217	-0.313825	0.073733	
A/chicken/Jilin/04.11_CCH	0.3391	0.2701	0.3920	0.2390	0.189	0.042	0.432	51.13	0.399	0.467	213	225	-0.309333	0.062222	
A/chicken/Jilin/04.12_MHK	0.3200	0.2857	0.4091	0.2174	0.177	0.036	0.427	50.52	0.399	0.471	213	225	-0.348000	0.062222	
A/chicken/Jilin/04.12_MHK	0.3200	0.2857	0.4091	0.2174	0.177	0.036	0.427	50.52	0.399	0.471	213	225	-0.348000	0.062222	
A/chicken/Jilin/04.12_MHK	0.3200	0.2857	0.4091	0.2174	0.177	0.036	0.427	50.52	0.399	0.471	213	225	-0.348000	0.062222	
A/chicken/Jilin/04.12_MHK	0.3200	0.2857	0.4091	0.2174	0.177	0.036	0.427	50.52	0.399	0.471	213	225	-0.348000	0.062222	
A/chicken/Jilin/04.25_MHK	0.3200	0.2857	0.4091	0.2174	0.177	0.036	0.427	50.46	0.399	0.470	213	225	-0.349778	0.062222	
A/chicken/Jilin/S1255/201	0.3314	0.2629	0.4011	0.2346	0.170	0.005	0.408	49.30	0.394	0.473	213	225	-0.318667	0.057778	
A/chicken/Jilin/S1271/201	0.3314	0.2629	0.3955	0.2407	0.172	0.015	0.413	50.37	0.399	0.474	213	225	-0.333333	0.057778	
A/chicken/Kaohsiung/16MB0	0.3539	0.2472	0.3989	0.2364	0.187	0.008	0.415	51.89	0.382	0.464	217	230	-0.398261	0.060870	
A/chicken/Kaohsiung/16010	0.3559	0.2429	0.3989	0.2439	0.185	0.010	0.415	52.03	0.382	0.461	217	230	-0.389565	0.060870	
A/chicken/Kaohsiung/16020	0.3483	0.2472	0.3989	0.2439	0.183	0.010	0.415	52.46	0.387	0.464	217	230	-0.375652	0.060870	
A/chicken/Kaohsiung/16040	0.3539	0.2472	0.3989	0.2364	0.187	0.008	0.415	51.89	0.382	0.464	217	230	-0.398261	0.060870	
A/chicken/Kaohsiung/16070	0.3483	0.2472	0.3955	0.2500	0.187	0.001	0.410	51.71	0.392	0.465	217	230	-0.411739	0.060870	
A/chicken/Kaohsiung/16120	0.3539	0.2416	0.3966	0.2424	0.183	0.000	0.410	54.62	0.382	0.461	217	230	-0.360000	0.060870	
A/chicken/Kaohsiung/17030	0.3427	0.2472	0.4111	0.2303	0.171	0.009	0.415	53.06	0.378	0.459	217	230	-0.347391	0.060870	
A/chicken/Kaohsiung/17040	0.3352	0.2514	0.4000	0.2410	0.176	-0.004	0.410	49.79	0.392	0.468	217	230	-0.336522	0.060870	
A/chicken/Kaohsiung/17100	0.3371	0.2528	0.3944	0.2455	0.181	-0.004	0.410	49.42	0.396	0.470	217	230	-0.388696	0.060870	
A/chicken/Kaohsiung/18080	0.3240	0.2626	0.4078	0.2335	0.179	0.014	0.419	50.47	0.396	0.471	217	230	-0.434783	0.060870	
A/chicken/Kaohsiung/18080	0.3240	0.2626	0.4078	0.2335	0.179	0.014	0.419	50.47	0.396	0.471	217	230	-0.434783	0.060870	
A/chicken/Liaoning/S4092/	0.3121	0.2948	0.4152	0.2229	0.188	0.052	0.441	52.76	0.408	0.465	211	225	-0.356444	0.066667	
A/chicken/Liaoning/SD035/	0.3333	0.2644	0.4068	0.2284	0.177	0.022	0.418	49.54	0.390	0.470	213	225	-0.330667	0.057778	
A/chicken/Miaoli/15010421	0.3483	0.2528	0.4222	0.2073	0.193	0.044	0.438	50.64	0.364	0.451	217	230	-0.326087	0.060870	
A/chicken/Nantou/16110023	0.3483	0.2472	0.3989	0.2424	0.180	-0.005	0.406	52.00	0.387	0.465	217	230	-0.401739	0.060870	
A/chicken/New_Taipei_City	0.3503	0.2429	0.3989	0.2439	0.175	0.005	0.412	53.55	0.384	0.461	216	230	-0.350435	0.060870	
A/chicken/New_Taipei_City	0.3503	0.2429	0.3989	0.2439	0.176	0.004	0.412	53.97	0.384	0.462	216	230	-0.373913	0.060870	
A/chicken/New_Taipei_City	0.3315	0.2584	0.3923	0.2440	0.182	-0.004	0.410	50.70	0.401	0.474	217	230	-0.376522	0.060870	
A/chicken/New_Taipei_City	0.3483	0.2416	0.3966	0.2470	0.180	0.001	0.410	52.77	0.387	0.464	217	230	-0.351739	0.060870	
A/chicken/New_Taipei_City	0.3483	0.2472	0.3855	0.2530	0.188	0.014	0.419	52.97	0.396	0.467	217	230	-0.406087	0.060870	
A/chicken/New_Taipei_City	0.3596	0.2360	0.3855	0.2530	0.185	0.008	0.415	53.11	0.387	0.462	217	230	-0.386087	0.060870	
A/chicken/New_Taipei_City	0.3539	0.2416	0.3855	0.2530	0.186	0.006	0.415	52.97	0.392	0.465	217	230	-0.406087	0.060870	
A/chicken/New_Taipei_City	0.3427	0.2472	0.3889	0.2515	0.185	-0.004	0.410	50.60	0.396	0.470	217	230	-0.390435	0.060870	
A/chicken/Ningxia/2/2012|	0.3179	0.2890	0.4094	0.2293	0.187	0.044	0.436	52.58	0.408	0.465	211	225	-0.356444	0.066667	
A/chicken/Ningxia/222/201	0.3179	0.2890	0.4094	0.2293	0.187	0.044	0.436	52.58	0.408	0.465	211	225	-0.356444	0.066667	
A/chicken/PH/A2821/2013|E	0.3636	0.2330	0.4144	0.2229	0.187	0.008	0.415	49.27	0.359	0.443	217	230	-0.381304	0.056522	
A/chicken/Pingtung/150500	0.3427	0.2472	0.4022	0.2410	0.181	-0.006	0.410	49.59	0.387	0.467	217	230	-0.423913	0.060870	
A/chicken/Pingtung/160200	0.3464	0.2458	0.4078	0.2289	0.173	-0.026	0.396	50.34	0.378	0.461	217	230	-0.329565	0.060870	
A/chicken/Pingtung/180100	0.3315	0.2584	0.4111	0.2275	0.186	0.027	0.429	49.24	0.387	0.467	217	230	-0.390435	0.060870	
A/chicken/Pingtung/180200	0.3352	0.2514	0.3867	0.2560	0.182	-0.016	0.404	50.99	0.404	0.472	218	230	-0.401739	0.060870	
A/chicken/PT/a158/2015|EP	0.3714	0.2457	0.4066	0.2182	0.184	0.004	0.413	51.47	0.362	0.439	218	230	-0.341739	0.056522	
A/chicken/Qingdao/1/2014|	0.3391	0.2471	0.4337	0.2105	0.160	-0.075	0.364	50.22	0.364	0.452	206	217	-0.343779	0.069124	
A/chicken/SC/a688/2015|EP	0.3672	0.2429	0.4066	0.2182	0.176	-0.003	0.408	50.95	0.362	0.442	218	230	-0.330870	0.056522	
A/chicken/Shaanxi/SD001/2	0.3295	0.2784	0.3978	0.2331	0.181	0.024	0.424	53.90	0.401	0.457	217	230	-0.333913	0.056522	
A/chicken/Shandong/12.03_	0.3410	0.2717	0.3815	0.2453	0.194	0.039	0.431	52.24	0.408	0.464	211	225	-0.353778	0.062222	
A/Chicken/Shandong/J01/20	0.3353	0.2717	0.4057	0.2250	0.191	0.055	0.443	51.24	0.392	0.459	212	225	-0.361778	0.062222	
A/Chicken/Shandong/J02/20	0.3179	0.2890	0.4035	0.2357	0.190	0.059	0.445	54.55	0.412	0.467	211	225	-0.340000	0.066667	
A/Chicken/Shandong/J03/20	0.3161	0.2874	0.4094	0.2293	0.186	0.044	0.436	53.64	0.408	0.467	211	225	-0.342666	0.066667	
A/Chicken/Shandong/J04/20	0.3064	0.3006	0.4035	0.2357	0.185	0.036	0.431	52.98	0.422	0.469	211	226	-0.346460	0.066372	
A/Chicken/Shandong/J06/20	0.3468	0.2717	0.3931	0.2250	0.192	0.059	0.445	50.09	0.393	0.461	211	225	-0.359111	0.062222	
A/chicken/Shandong/KD0269	0.3353	0.2775	0.3895	0.2452	0.183	-0.008	0.403	49.64	0.408	0.462	211	225	-0.386222	0.066667	
A/chicken/Shandong/S3/201	0.3391	0.2471	0.4337	0.2105	0.160	-0.075	0.364	50.22	0.364	0.452	206	217	-0.343779	0.069124	
A/chicken/Shanghai/S1123/	0.3448	0.2644	0.4057	0.2236	0.184	0.013	0.413	47.91	0.385	0.465	213	225	-0.352000	0.062222	
A/chicken/Shanghai/S4030/	0.3391	0.2701	0.4138	0.2201	0.194	0.049	0.437	48.22	0.385	0.464	213	225	-0.344000	0.066667	
A/chicken/Shanxi/04.28_TG	0.3448	0.2529	0.4148	0.2264	0.183	0.024	0.423	50.81	0.376	0.455	213	225	-0.305333	0.062222	
A/chicken/Shanxi/12.01_TG	0.3391	0.2644	0.4011	0.2284	0.189	0.059	0.441	51.85	0.390	0.462	213	225	-0.296889	0.062222	
A/chicken/Shenzhen/433/20	0.3563	0.2529	0.4034	0.2250	0.179	0.011	0.413	50.82	0.376	0.461	213	225	-0.310667	0.062222	
A/chicken/Shenzhen/552/20	0.3448	0.2644	0.3977	0.2327	0.187	0.042	0.432	50.58	0.390	0.464	213	225	-0.309333	0.062222	
A/chicken/Shenzhen/715/20	0.3563	0.2529	0.4034	0.2250	0.179	0.011	0.413	50.82	0.376	0.461	213	225	-0.310667	0.062222	
A/chicken/Shenzhen/1061/2	0.3506	0.2644	0.3977	0.2250	0.186	0.043	0.432	51.12	0.385	0.464	213	225	-0.310667	0.062222	
A/chicken/Shenzhen/1845/2	0.3506	0.2586	0.4034	0.2250	0.181	0.019	0.418	50.33	0.380	0.462	213	225	-0.310222	0.062222	
A/chicken/Shenzhen/2269/2	0.3448	0.2644	0.4000	0.2327	0.190	0.032	0.427	52.30	0.390	0.462	213	225	-0.303111	0.062222	
A/chicken/Shenzhen/2396/2	0.3448	0.2644	0.3977	0.2327	0.187	0.042	0.432	50.58	0.390	0.464	213	225	-0.309333	0.062222	
A/chicken/Shenzhen/2464/2	0.3448	0.2644	0.3977	0.2327	0.187	0.042	0.432	50.58	0.390	0.464	213	225	-0.309333	0.062222	
A/chicken/Shijiazhuang/12	0.3391	0.2529	0.4337	0.2039	0.164	-0.050	0.379	47.74	0.364	0.449	206	217	-0.357143	0.069124	
A/chicken/Sichuan/k141/20	0.3410	0.2717	0.3977	0.2236	0.190	0.054	0.439	51.45	0.392	0.467	212	225	-0.308444	0.062222	
A/chicken/Sichuan/NCJPL1/	0.3563	0.2529	0.4034	0.2264	0.180	0.013	0.413	49.40	0.376	0.459	213	225	-0.287111	0.062222	
A/Chicken/Suzhou/j5/2019|	0.3391	0.2701	0.4068	0.2160	0.187	0.052	0.437	52.58	0.385	0.465	213	225	-0.300000	0.062222	
A/Chicken/Suzhou/j6/2019|	0.3391	0.2701	0.4068	0.2160	0.187	0.052	0.437	52.58	0.385	0.465	213	225	-0.300000	0.062222	
A/chicken/Taichung/150103	0.3427	0.2472	0.4000	0.2424	0.180	-0.009	0.406	49.74	0.387	0.465	217	230	-0.372174	0.056522	
A/chicken/Taichung/160400	0.3352	0.2514	0.3956	0.2440	0.179	0.004	0.413	50.61	0.394	0.470	218	230	-0.308261	0.060870	
A/chicken/Taichung/160500	0.3352	0.2514	0.4011	0.2381	0.178	-0.004	0.408	51.30	0.390	0.467	218	230	-0.310000	0.060870	
A/chicken/Taichung/161100	0.3446	0.2542	0.4190	0.2182	0.190	0.031	0.429	49.22	0.373	0.458	217	230	-0.386087	0.060870	
A/chicken/Tainan/15020214	0.3539	0.2416	0.3911	0.2485	0.186	0.001	0.410	51.46	0.387	0.467	217	230	-0.361739	0.060870	
A/chicken/Tainan/16040035	0.3352	0.2514	0.4000	0.2410	0.172	-0.018	0.401	51.31	0.392	0.467	217	230	-0.330870	0.060870	
A/chicken/Tainan/17030058	0.3371	0.2584	0.3966	0.2439	0.179	0.011	0.415	53.29	0.396	0.468	217	230	-0.364348	0.060870	
A/chicken/Taipei_City/170	0.3596	0.2360	0.3855	0.2530	0.186	0.008	0.415	53.96	0.387	0.462	217	230	-0.386087	0.060870	
A/chicken/Taipei_City/180	0.3371	0.2528	0.4000	0.2381	0.186	0.003	0.415	49.94	0.392	0.471	217	230	-0.411304	0.060870	
A/chicken/Taipei_City/180	0.3371	0.2528	0.4000	0.2395	0.183	-0.004	0.410	48.61	0.392	0.468	217	230	-0.390435	0.060870	
A/chicken/Taipei/16060022	0.3483	0.2472	0.3989	0.2424	0.186	0.001	0.410	52.24	0.387	0.465	217	230	-0.398261	0.060870	
A/chicken/Taipei/16060023	0.3483	0.2472	0.3989	0.2424	0.186	0.001	0.410	52.24	0.387	0.465	217	230	-0.398261	0.060870	
A/chicken/Taipei/16120021	0.3483	0.2472	0.3989	0.2439	0.181	0.008	0.415	52.89	0.387	0.459	217	230	-0.348696	0.060870	
A/chicken/Taipei/17050005	0.3559	0.2429	0.3799	0.2590	0.189	0.015	0.419	54.24	0.396	0.465	217	230	-0.383478	0.060870	
A/chicken/Taipei/17050008	0.3559	0.2429	0.3855	0.2530	0.187	0.008	0.415	53.30	0.392	0.464	217	230	-0.399565	0.060870	
A/chicken/Taipei/17050009	0.3539	0.2416	0.3764	0.2667	0.183	-0.001	0.410	53.34	0.401	0.467	217	230	-0.380435	0.060870	
A/chicken/Taishun/TS2/201	0.3430	0.2500	0.4639	0.1800	0.165	-0.050	0.383	49.25	0.340	0.436	206	217	-0.356682	0.069124	
A/chicken/Taishun/TS90/20	0.3295	0.2543	0.4491	0.2026	0.168	-0.053	0.377	50.42	0.362	0.450	207	217	-0.346083	0.069124	
A/chicken/Taiwan/0101/201	0.3333	0.2619	0.4192	0.2303	0.184	0.017	0.420	52.59	0.385	0.447	205	217	-0.298157	0.069124	
A/chicken/Taiwan/0502/201	0.3371	0.2472	0.4066	0.2395	0.173	0.005	0.413	50.97	0.385	0.453	218	231	-0.361905	0.056277	
A/chicken/Taiwan/683/2012	0.3556	0.2222	0.4098	0.2381	0.176	-0.001	0.411	50.32	0.365	0.459	219	230	-0.381739	0.056522	
A/chicken/Taiwan/01174/20	0.3552	0.2459	0.4239	0.2083	0.188	0.029	0.430	50.63	0.359	0.450	223	237	-0.367511	0.059072	
A/chicken/Taiwan/1682/201	0.3393	0.2560	0.4132	0.2353	0.181	0.031	0.429	54.17	0.385	0.447	205	217	-0.337327	0.069124	
A/chicken/Taiwan/1692/201	0.3393	0.2560	0.4132	0.2353	0.181	0.031	0.429	54.17	0.385	0.447	205	217	-0.337327	0.069124	
A/chicken/Taiwan/1704/201	0.3393	0.2560	0.4192	0.2288	0.179	0.023	0.424	54.46	0.380	0.445	205	217	-0.337327	0.069124	
A/chicken/Taiwan/1711/201	0.3393	0.2560	0.4132	0.2353	0.181	0.033	0.429	54.21	0.385	0.449	205	217	-0.341014	0.069124	
A/chicken/Taiwan/2593/201	0.3536	0.2210	0.4066	0.2455	0.174	0.001	0.411	50.78	0.370	0.459	219	230	-0.370000	0.056522	
A/chicken/Taiwan/2948/201	0.3536	0.2210	0.4066	0.2455	0.174	-0.001	0.411	50.62	0.370	0.461	219	230	-0.380435	0.056522	
A/chicken/Taiwan/4443/201	0.3556	0.2222	0.4066	0.2455	0.174	-0.009	0.406	50.08	0.370	0.459	219	230	-0.393913	0.056522	
A/chicken/Taiwan/7350/201	0.3556	0.2222	0.4121	0.2395	0.176	-0.001	0.411	49.85	0.365	0.458	219	230	-0.393913	0.056522	
A/chicken/Taiwan/8988/201	0.3481	0.2265	0.4066	0.2455	0.174	-0.001	0.411	51.18	0.374	0.461	219	230	-0.380435	0.056522	
A/chicken/Taiwan/8994/201	0.3481	0.2265	0.4066	0.2455	0.174	-0.001	0.411	51.18	0.374	0.461	219	230	-0.380435	0.056522	
A/chicken/Taiwan/8996/201	0.3481	0.2265	0.4066	0.2455	0.174	-0.001	0.411	51.18	0.374	0.461	219	230	-0.380435	0.056522	
A/chicken/Taiwan/A1/2019|	0.3520	0.2235	0.4098	0.2395	0.181	0.002	0.413	51.94	0.367	0.459	218	230	-0.355217	0.056522	
A/chicken/Taiwan/a174/201	0.3552	0.2459	0.4239	0.2083	0.188	0.029	0.430	50.63	0.359	0.450	223	237	-0.367511	0.059072	
A/chicken/Taiwan/A1997/20	0.3371	0.2472	0.4066	0.2395	0.173	0.005	0.413	50.97	0.385	0.453	218	231	-0.361905	0.056277	
A/chicken/Taiwan/D2/2019|	0.3315	0.2584	0.4088	0.2262	0.184	0.020	0.424	49.66	0.387	0.471	217	230	-0.364348	0.060870	
A/chicken/Taiwan/D9/2019|	0.3371	0.2528	0.4088	0.2262	0.184	0.020	0.424	49.05	0.382	0.470	217	230	-0.364348	0.060870	
A/chicken/Taiwan/u7/2016|	0.3371	0.2528	0.4000	0.2395	0.183	0.004	0.415	49.74	0.392	0.471	217	230	-0.386957	0.060870	
A/chicken/Taiwan/x37/2016	0.3483	0.2472	0.4101	0.2317	0.182	-0.006	0.406	51.08	0.378	0.461	217	230	-0.375652	0.060870	
A/chicken/TC/a504/2015|EP	0.3672	0.2429	0.4066	0.2182	0.176	-0.003	0.408	50.95	0.362	0.442	218	230	-0.330870	0.056522	
A/chicken/TY/a665/2015|EP	0.3672	0.2429	0.4066	0.2182	0.176	-0.003	0.408	50.95	0.362	0.442	218	230	-0.330870	0.056522	
A/chicken/Wuxi/7157/2015|	0.3506	0.2586	0.3920	0.2360	0.186	0.035	0.427	50.87	0.390	0.468	213	225	-0.324889	0.062222	
A/chicken/Wuxi/7765/2016|	0.3391	0.2701	0.3920	0.2360	0.190	0.051	0.437	51.62	0.399	0.470	213	225	-0.312000	0.062222	
A/chicken/Wuxi/SC7393/201	0.3486	0.2629	0.3966	0.2342	0.182	0.013	0.413	50.33	0.390	0.462	213	225	-0.312444	0.062222	
A/chicken/Wuxi/WX-32/2013	0.3391	0.2701	0.3943	0.2375	0.189	0.042	0.432	49.01	0.399	0.468	213	225	-0.345333	0.062222	
A/chicken/Wuxi/WX-33/2013	0.3371	0.2686	0.4000	0.2313	0.188	0.050	0.437	49.19	0.394	0.468	213	225	-0.331555	0.062222	
A/chicken/Xinjiang/S1016/	0.3448	0.2644	0.4057	0.2236	0.184	0.013	0.413	47.91	0.385	0.465	213	225	-0.352000	0.062222	
A/chicken/Xinjiang/S1081/	0.3391	0.2701	0.4057	0.2236	0.185	0.020	0.418	47.97	0.390	0.467	213	225	-0.352000	0.062222	
A/chicken/Xinjiang/S1170/	0.3448	0.2644	0.4057	0.2236	0.184	0.013	0.413	47.91	0.385	0.465	213	225	-0.352000	0.062222	
A/Chicken/Xuzhou/470/2017	0.3429	0.2686	0.4091	0.2112	0.190	0.051	0.437	51.72	0.380	0.465	213	225	-0.298222	0.062222	
A/chicken/Xuzhou/XZ6/2016	0.3466	0.2614	0.3955	0.2313	0.186	0.030	0.425	53.25	0.388	0.467	214	225	-0.252000	0.057778	
A/Chicken/Yangzhou/f6/201	0.3371	0.2743	0.4034	0.2174	0.189	0.059	0.441	52.46	0.390	0.468	213	225	-0.298222	0.062222	
A/Chicken/Yangzhou/f9/201	0.3371	0.2743	0.4034	0.2174	0.189	0.059	0.441	52.46	0.390	0.468	213	225	-0.298222	0.062222	
A/Chicken/Yangzhou/f14/20	0.3371	0.2743	0.4034	0.2174	0.189	0.059	0.441	52.46	0.390	0.468	213	225	-0.298222	0.062222	
A/chicken/Yangzhou/YD1/20	0.3563	0.2586	0.4034	0.2188	0.181	0.027	0.423	50.49	0.376	0.458	213	225	-0.323556	0.062222	
A/chicken/YL/A3190/2014|E	0.3258	0.2640	0.4011	0.2381	0.179	0.021	0.422	52.29	0.399	0.462	218	230	-0.369131	0.056522	
A/chicken/Yuhang/1/2013|E	0.3468	0.2601	0.4057	0.2147	0.181	0.051	0.436	50.84	0.379	0.461	211	225	-0.341333	0.062222	
A/chicken/Yuhang/2/2013|E	0.3468	0.2601	0.4057	0.2147	0.181	0.051	0.436	50.84	0.379	0.461	211	225	-0.341333	0.062222	
A/chicken/Yunlin/15020048	0.3427	0.2472	0.4045	0.2439	0.180	-0.010	0.406	49.56	0.387	0.464	217	230	-0.363913	0.065217	
A/chicken/Yunlin/15040002	0.3427	0.2472	0.3966	0.2470	0.183	-0.012	0.406	49.95	0.392	0.468	217	230	-0.402174	0.060870	
A/chicken/Yunlin/15040027	0.3427	0.2472	0.4022	0.2410	0.183	-0.012	0.406	49.48	0.387	0.467	217	230	-0.402174	0.060870	
A/chicken/Yunlin/15050012	0.3552	0.2459	0.4293	0.2024	0.188	0.030	0.430	50.48	0.354	0.449	223	237	-0.383122	0.059072	
A/chicken/Yunlin/15050037	0.3427	0.2472	0.4022	0.2410	0.182	-0.012	0.406	49.61	0.387	0.465	217	230	-0.403913	0.060870	
A/chicken/Yunlin/15050039	0.3427	0.2472	0.4022	0.2410	0.182	-0.012	0.406	49.61	0.387	0.465	217	230	-0.403913	0.060870	
A/chicken/Yunlin/15060014	0.3427	0.2472	0.4022	0.2410	0.182	-0.012	0.406	49.61	0.387	0.465	217	230	-0.403913	0.060870	
A/chicken/Yunlin/15080024	0.3427	0.2472	0.3978	0.2395	0.179	0.006	0.415	50.47	0.387	0.468	217	230	-0.318261	0.060870	
A/chicken/Yunlin/16010001	0.3315	0.2584	0.4056	0.2349	0.186	0.011	0.419	50.20	0.392	0.467	217	230	-0.387391	0.060870	
A/chicken/Yunlin/16010008	0.3352	0.2514	0.4000	0.2410	0.173	-0.009	0.406	51.44	0.392	0.464	217	230	-0.309130	0.060870	
A/chicken/Yunlin/16020038	0.3462	0.2582	0.4231	0.2108	0.190	0.046	0.441	51.40	0.369	0.453	222	237	-0.386920	0.059072	
A/chicken/Yunlin/16050053	0.3352	0.2514	0.3956	0.2440	0.179	0.004	0.413	50.61	0.394	0.470	218	230	-0.308261	0.060870	
A/chicken/Yunlin/17010001	0.3427	0.2472	0.4190	0.2256	0.180	0.017	0.419	48.95	0.373	0.459	217	230	-0.397391	0.060870	
A/chicken/Yunlin/17010014	0.3390	0.2542	0.4000	0.2395	0.188	0.010	0.419	49.97	0.392	0.468	217	230	-0.386087	0.060870	
A/chicken/Yunlin/17020094	0.3390	0.2542	0.4000	0.2395	0.183	-0.004	0.410	49.35	0.392	0.468	217	230	-0.411739	0.060870	
A/chicken/Yunlin/17020095	0.3446	0.2486	0.4033	0.2335	0.177	-0.026	0.396	50.58	0.382	0.464	217	230	-0.362609	0.060870	
A/chicken/Yunlin/17030001	0.3315	0.2528	0.4056	0.2395	0.182	0.004	0.415	50.35	0.392	0.468	217	230	-0.388696	0.060870	
A/chicken/Yunlin/17030007	0.3371	0.2528	0.3978	0.2381	0.181	-0.002	0.410	50.07	0.392	0.472	217	230	-0.378696	0.060870	
A/chicken/Yunlin/17030010	0.3315	0.2584	0.3944	0.2455	0.182	-0.004	0.410	50.34	0.401	0.472	217	230	-0.388696	0.060870	
A/chicken/Yunlin/17030014	0.3371	0.2528	0.4000	0.2395	0.183	0.004	0.415	49.67	0.392	0.470	217	230	-0.388696	0.060870	
A/chicken/Yunlin/17030020	0.3390	0.2542	0.4000	0.2395	0.183	-0.004	0.410	49.35	0.392	0.468	217	230	-0.411739	0.060870	
A/chicken/Yunlin/17030021	0.3371	0.2528	0.4000	0.2395	0.183	0.004	0.415	49.67	0.392	0.470	217	230	-0.388696	0.060870	
A/chicken/Yunlin/17030032	0.3427	0.2472	0.3978	0.2381	0.176	-0.025	0.396	50.15	0.387	0.470	217	230	-0.380435	0.060870	
A/chicken/Yunlin/17030065	0.3371	0.2528	0.3944	0.2455	0.182	-0.004	0.410	49.80	0.396	0.470	217	230	-0.399565	0.060870	
A/chicken/Yunlin/17040003	0.3352	0.2514	0.4011	0.2381	0.179	0.001	0.413	50.24	0.390	0.470	218	230	-0.363913	0.060870	
A/chicken/Yunlin/17040004	0.3371	0.2528	0.4000	0.2395	0.183	0.004	0.415	49.82	0.392	0.468	217	230	-0.390435	0.060870	
A/chicken/Yunlin/17040011	0.3371	0.2528	0.4000	0.2395	0.183	0.004	0.415	49.67	0.392	0.470	217	230	-0.388696	0.060870	
A/chicken/Yunlin/17060019	0.3371	0.2528	0.4056	0.2335	0.186	0.012	0.419	51.80	0.387	0.467	217	230	-0.388696	0.060870	
A/chicken/Yunlin/17070010	0.3371	0.2528	0.4000	0.2410	0.181	-0.013	0.406	48.80	0.392	0.470	217	230	-0.374783	0.060870	
A/chicken/Yunlin/18010001	0.3371	0.2528	0.3889	0.2515	0.190	0.000	0.415	49.26	0.401	0.474	217	230	-0.390435	0.060870	
A/chicken/Yunlin/18010003	0.3352	0.2514	0.3867	0.2575	0.186	-0.010	0.408	49.73	0.404	0.474	218	230	-0.379130	0.060870	
A/chicken/Yunlin/18010023	0.3371	0.2528	0.4000	0.2395	0.183	-0.004	0.410	48.96	0.392	0.470	217	230	-0.388696	0.060870	
A/chicken/Yunlin/18020003	0.3408	0.2514	0.3880	0.2440	0.181	-0.015	0.404	49.60	0.394	0.471	218	230	-0.350435	0.060870	
A/chicken/Yunlin/18020004	0.3408	0.2514	0.3934	0.2381	0.182	-0.015	0.404	49.11	0.390	0.470	218	230	-0.350435	0.060870	
A/chicken/Yunlin/18020005	0.3408	0.2514	0.3934	0.2381	0.182	-0.015	0.404	49.11	0.390	0.470	218	230	-0.350435	0.060870	
A/chicken/Yunlin/18020008	0.3371	0.2528	0.4000	0.2395	0.184	-0.004	0.410	49.00	0.392	0.471	217	230	-0.386957	0.060870	
A/chicken/Yunlin/18030002	0.3352	0.2514	0.3989	0.2367	0.180	-0.007	0.408	50.02	0.390	0.471	218	230	-0.351739	0.060870	
A/chicken/Yunlin/18050013	0.3352	0.2514	0.3989	0.2367	0.180	-0.007	0.408	50.02	0.390	0.471	218	230	-0.351739	0.060870	
A/chicken/Yunlin/18060001	0.3352	0.2514	0.3989	0.2367	0.180	-0.007	0.408	50.02	0.390	0.471	218	230	-0.351739	0.060870	
A/chicken/Yunlin/18080006	0.3352	0.2557	0.4148	0.2331	0.192	-0.002	0.414	50.08	0.386	0.464	215	230	-0.386957	0.069565	
A/chicken/Yunnan/1/2014|E	0.3371	0.2686	0.4034	0.2250	0.179	0.027	0.423	51.96	0.390	0.464	213	225	-0.296444	0.062222	
A/chicken/Yunnan/02.09_DQ	0.3333	0.2414	0.4518	0.2119	0.161	-0.081	0.362	49.42	0.357	0.442	207	217	-0.354839	0.069124	
A/chicken/Yunnan/03.15_DQ	0.3652	0.2360	0.3966	0.2378	0.194	0.046	0.438	48.22	0.373	0.461	217	230	-0.353478	0.060870	
A/chicken/Yunnan/03.16__D	0.3333	0.2414	0.4518	0.2119	0.161	-0.081	0.362	49.42	0.357	0.442	207	217	-0.354839	0.069124	
A/chicken/Yunnan/03.16_DQ	0.3333	0.2759	0.3977	0.2298	0.192	0.057	0.441	51.09	0.399	0.471	213	225	-0.322667	0.062222	
A/chicken/Yunnan/03.16_DQ	0.3333	0.2414	0.4518	0.2119	0.161	-0.081	0.362	49.42	0.357	0.442	207	217	-0.354839	0.069124	
A/chicken/Yunnan/03.16_DQ	0.3333	0.2759	0.3977	0.2298	0.192	0.057	0.441	51.09	0.399	0.471	213	225	-0.322667	0.062222	
A/chicken/Yunnan/07.11_DQ	0.3391	0.2701	0.3977	0.2298	0.187	0.051	0.437	51.04	0.394	0.467	213	225	-0.312000	0.062222	
A/Chicken/Yunnan/YN-8/201	0.3520	0.2514	0.4000	0.2364	0.182	0.015	0.416	49.32	0.384	0.464	219	232	-0.345259	0.064655	
A/Chicken/Yunnan/YN-11/20	0.3391	0.2644	0.4034	0.2298	0.187	0.043	0.432	49.67	0.390	0.467	213	225	-0.312000	0.062222	
A/Chicken/Yunnan/YN-12/20	0.3429	0.2629	0.3933	0.2346	0.187	0.048	0.435	50.23	0.393	0.468	214	225	-0.288445	0.062222	
A/chicken/Zhejiang/194/20	0.3506	0.2586	0.3977	0.2298	0.188	0.045	0.432	50.92	0.385	0.468	213	225	-0.328445	0.062222	
A/chicken/Zhejiang/209/20	0.3580	0.2500	0.3989	0.2289	0.184	0.016	0.421	50.94	0.380	0.458	216	230	-0.401304	0.060870	
A/chicken/Zhejiang/217/20	0.3506	0.2586	0.3977	0.2298	0.188	0.045	0.432	50.92	0.385	0.468	213	225	-0.328445	0.062222	
A/chicken/Zhejiang/232/20	0.3543	0.2457	0.3933	0.2470	0.181	0.015	0.421	51.46	0.389	0.459	216	230	-0.398696	0.060870	
A/chicken/Zhejiang/7450/2	0.3636	0.2557	0.3764	0.2410	0.188	0.042	0.435	50.99	0.394	0.464	216	230	-0.404783	0.060870	
A/chicken/Zhejiang/81643/	0.3636	0.2500	0.3799	0.2395	0.186	0.034	0.431	50.50	0.389	0.464	216	230	-0.391305	0.060870	
A/chicken/Zhejiang/514135	0.3372	0.2733	0.3977	0.2360	0.194	0.056	0.441	51.99	0.399	0.473	213	225	-0.412889	0.062222	
A/chicken/Zhejiang/727022	0.3391	0.2701	0.3977	0.2327	0.189	0.050	0.437	50.51	0.394	0.465	213	225	-0.337333	0.057778	
A/chicken/Zhejiang/727026	0.3391	0.2701	0.3977	0.2327	0.189	0.050	0.437	50.51	0.394	0.465	213	225	-0.337333	0.057778	
A/chicken/Zhejiang/727079	0.3372	0.2849	0.3842	0.2375	0.187	0.081	0.455	52.26	0.408	0.474	213	225	-0.429778	0.057778	
A/chicken/Zhejiang/727155	0.3391	0.2701	0.3977	0.2327	0.189	0.050	0.437	50.51	0.394	0.465	213	225	-0.337333	0.057778	
A/chicken/Zhejiang/727159	0.3372	0.2849	0.3842	0.2375	0.187	0.081	0.455	52.26	0.408	0.474	213	225	-0.429778	0.057778	
A/chickenl/Jiangxi/E84/20	0.3448	0.2644	0.3977	0.2313	0.186	0.034	0.427	51.00	0.390	0.467	213	225	-0.292444	0.062222	
A/Chlidonias_hybrida/Hube	0.3728	0.2485	0.4061	0.2105	0.189	0.022	0.422	51.81	0.363	0.455	204	217	-0.336405	0.073733	
A/Commom_Teal/Ningxia/474	0.3448	0.2644	0.3864	0.2422	0.184	0.018	0.418	51.94	0.399	0.470	213	225	-0.333778	0.062222	
A/common_coot/Shandong/SC	0.3728	0.2426	0.4000	0.2237	0.184	0.015	0.417	52.26	0.368	0.455	204	217	-0.353456	0.073733	
A/common_crane/Yunnan-Hui	0.3728	0.2485	0.3939	0.2237	0.189	0.022	0.422	52.88	0.373	0.456	204	217	-0.336405	0.073733	
A/common_pochard/Ningxia/	0.3693	0.2386	0.4045	0.2331	0.192	0.031	0.433	53.56	0.369	0.449	217	230	-0.318696	0.069565	
A/common_teal/Ningxia/105	0.3728	0.2485	0.3939	0.2237	0.188	0.022	0.422	52.71	0.373	0.458	204	217	-0.336405	0.073733	
A/common_teal/Ningxia/181	0.3626	0.2418	0.3989	0.2455	0.189	0.031	0.433	54.42	0.379	0.450	224	237	-0.323629	0.067511	
A/common_teal/Ningxia/189	0.3693	0.2386	0.4045	0.2331	0.192	0.031	0.433	53.56	0.369	0.449	217	230	-0.318696	0.069565	
A/common_teal/Ningxia/237	0.3693	0.2386	0.4045	0.2331	0.192	0.031	0.433	53.56	0.369	0.449	217	230	-0.318696	0.069565	
A/common_teal/Ningxia/245	0.3693	0.2386	0.4045	0.2331	0.192	0.031	0.433	53.56	0.369	0.449	217	230	-0.318696	0.069565	
A/common_teal/Ningxia/253	0.3693	0.2386	0.4045	0.2331	0.192	0.031	0.433	53.56	0.369	0.449	217	230	-0.318696	0.069565	
A/common_teal/Shaanxi/SXY	0.3728	0.2485	0.3939	0.2237	0.192	0.028	0.426	53.32	0.373	0.456	204	217	-0.332719	0.073733	
A/condor/Guangdong/139/20	0.3256	0.2849	0.4104	0.2278	0.185	0.012	0.420	51.32	0.401	0.461	212	225	-0.372000	0.062222	
A/Copsychus_saularis/Guan	0.3448	0.2644	0.3977	0.2313	0.188	0.035	0.427	51.29	0.390	0.465	213	225	-0.310222	0.062222	
A/Curlew/Hong_Kong/AFCD-H	0.3315	0.2472	0.4034	0.2531	0.188	0.036	0.433	53.59	0.395	0.471	215	230	-0.411739	0.060870	
A/Cygnus_atratus/Hubei/2Z	0.3616	0.2429	0.4171	0.2222	0.199	0.065	0.454	54.20	0.366	0.449	216	230	-0.360435	0.078261	
A/Cygnus_atratus/Hubei/HF	0.3616	0.2429	0.4171	0.2222	0.199	0.065	0.454	54.20	0.366	0.449	216	230	-0.360435	0.078261	
A/Cygnus_columbianus/Hube	0.3728	0.2485	0.4061	0.2105	0.189	0.022	0.422	51.81	0.363	0.455	204	217	-0.336405	0.073733	
A/Cygnus_columbianus/Hube	0.3728	0.2485	0.3939	0.2237	0.189	0.022	0.422	52.88	0.373	0.456	204	217	-0.336405	0.073733	
A/Cygnus_columbianus/Hube	0.3728	0.2485	0.3939	0.2237	0.188	0.022	0.422	52.71	0.373	0.458	204	217	-0.336405	0.073733	
A/Cygnus_columbianus/Hube	0.3728	0.2485	0.4061	0.2105	0.189	0.022	0.422	51.81	0.363	0.455	204	217	-0.336405	0.073733	
A/Cygnus_columbianus/Hube	0.3728	0.2485	0.4061	0.2105	0.189	0.022	0.422	51.81	0.363	0.455	204	217	-0.336405	0.073733	
A/Cygnus_columbianus/Hube	0.3728	0.2485	0.4061	0.2105	0.189	0.022	0.422	51.81	0.363	0.455	204	217	-0.336405	0.073733	
A/Cygnus_columbianus/Hube	0.3728	0.2485	0.4061	0.2119	0.187	0.013	0.417	51.55	0.363	0.453	204	217	-0.335023	0.073733	
A/Cygnus_columbianus/Hube	0.3034	0.2921	0.3855	0.2593	0.189	0.042	0.433	54.47	0.433	0.475	217	230	-0.348696	0.060870	
A/Cygnus_columbianus/Hube	0.3371	0.2360	0.4088	0.2470	0.182	0.016	0.419	51.51	0.382	0.465	217	230	-0.336522	0.060870	
A/Cygnus_columbianus/Hube	0.3034	0.2921	0.3855	0.2593	0.189	0.042	0.433	54.47	0.433	0.475	217	230	-0.348696	0.060870	
A/Cygnus_columbianus/Hube	0.3090	0.2865	0.3855	0.2593	0.189	0.042	0.433	54.06	0.429	0.474	217	230	-0.348696	0.060870	
A/domestic_green-winged_t	0.3559	0.2542	0.4023	0.2353	0.142	-0.114	0.346	55.74	0.379	0.443	214	230	-0.338261	0.060870	
A/duck/Anhui/AH328/2015|E	0.3506	0.2586	0.3977	0.2298	0.188	0.045	0.432	50.92	0.385	0.468	213	225	-0.328445	0.062222	
A/duck/Anhui/S4/2016|EPI_	0.3506	0.2586	0.3977	0.2313	0.191	0.051	0.437	50.61	0.385	0.467	213	225	-0.325333	0.062222	
A/duck/Changhua/15A03431-	0.3408	0.2458	0.4022	0.2424	0.176	-0.018	0.401	49.43	0.387	0.465	217	230	-0.367826	0.060870	
A/duck/Changhua/15A03473-	0.3427	0.2472	0.4022	0.2424	0.178	-0.010	0.406	48.99	0.387	0.464	217	230	-0.370000	0.065217	
A/duck/Chiayi/15080023/20	0.3571	0.2473	0.4208	0.2096	0.188	0.038	0.437	51.31	0.360	0.451	222	237	-0.375527	0.059072	
A/duck/China/0936/2017|EP	0.3410	0.2717	0.3977	0.2222	0.196	0.060	0.443	51.51	0.392	0.468	212	225	-0.306222	0.062222	
A/duck/China/0938/2017|EP	0.3391	0.2701	0.4080	0.2264	0.193	0.041	0.432	48.34	0.390	0.467	213	225	-0.342222	0.066667	
A/duck/China/DK87/2016|EP	0.3333	0.2759	0.3977	0.2313	0.188	0.043	0.432	51.93	0.399	0.467	213	225	-0.310667	0.062222	
A/duck/China/E26/2012|EPI	0.3410	0.2775	0.3988	0.2188	0.188	0.047	0.436	50.51	0.393	0.464	211	225	-0.366222	0.062222	
A/duck/China/E53/2012|EPI	0.3391	0.2644	0.4091	0.2236	0.183	0.034	0.427	49.00	0.385	0.464	213	225	-0.335111	0.062222	
A/Duck/China/H5N6/2020|EP	0.3506	0.2586	0.3955	0.2284	0.187	0.036	0.427	51.09	0.385	0.467	213	225	-0.298222	0.062222	
A/duck/China/YD1516/2016|	0.3523	0.2557	0.3820	0.2470	0.180	0.024	0.426	51.54	0.398	0.464	216	230	-0.401304	0.060870	
A/duck/Chongqing/S4362/20	0.3446	0.2655	0.3966	0.2434	0.141	-0.097	0.355	57.49	0.393	0.449	214	230	-0.340435	0.060870	
A/duck/Dongguan/2685/2013	0.3563	0.2529	0.4034	0.2250	0.179	0.011	0.413	50.82	0.376	0.461	213	225	-0.310667	0.062222	
A/Duck/Dongting/D76-1/201	0.3596	0.2416	0.3855	0.2500	0.188	0.024	0.424	48.78	0.387	0.465	217	230	-0.360435	0.060870	
A/duck/Eastern_China/008/	0.3372	0.2733	0.3837	0.2548	0.194	0.017	0.417	50.92	0.412	0.473	211	225	-0.362222	0.066667	
A/duck/Eastern_China/031/	0.3430	0.2733	0.3837	0.2484	0.190	0.009	0.412	50.48	0.408	0.470	211	225	-0.364000	0.066667	
A/duck/Eastern_China/108/	0.3372	0.2733	0.3837	0.2548	0.194	0.017	0.417	50.92	0.412	0.473	211	225	-0.362222	0.066667	
A/duck/Eastern_China/909/	0.3430	0.2733	0.3837	0.2484	0.190	0.009	0.412	50.48	0.408	0.470	211	225	-0.364000	0.066667	
A/duck/Eastern_China/JY/2	0.3580	0.2443	0.4205	0.2222	0.200	0.070	0.454	53.33	0.366	0.445	216	230	-0.324348	0.069565	
A/duck/Eastern_China/L023	0.3371	0.2640	0.4056	0.2216	0.200	0.083	0.461	50.60	0.387	0.465	217	230	-0.349565	0.060870	
A/duck/Eastern_China/L032	0.3371	0.2640	0.4278	0.2012	0.200	0.075	0.456	47.87	0.369	0.452	217	230	-0.326956	0.056522	
A/duck/Eastern_China/L040	0.3314	0.2849	0.3837	0.2500	0.195	0.013	0.417	50.64	0.417	0.467	211	225	-0.406667	0.066667	
A/duck/Eastern_China/L042	0.3314	0.2849	0.3837	0.2500	0.195	0.013	0.417	50.64	0.417	0.467	211	225	-0.406667	0.066667	
A/duck/Eastern_China/L061	0.3295	0.2832	0.3837	0.2500	0.190	0.007	0.412	50.14	0.417	0.468	211	225	-0.409333	0.066667	
A/duck/Eastern_China/L072	0.3372	0.2791	0.3837	0.2500	0.193	0.005	0.412	50.09	0.412	0.464	211	225	-0.408445	0.066667	
A/duck/Eastern_China/L102	0.3314	0.2849	0.3779	0.2564	0.191	0.005	0.412	51.84	0.422	0.467	211	225	-0.406667	0.066667	
A/duck/Eastern_China/L112	0.3353	0.2775	0.3837	0.2500	0.184	-0.001	0.408	50.11	0.412	0.465	211	225	-0.409333	0.066667	
A/duck/Eastern_China/S013	0.3466	0.2614	0.3911	0.2364	0.186	0.023	0.426	49.89	0.394	0.461	216	230	-0.386522	0.060870	
A/duck/Eastern_China/S021	0.3636	0.2386	0.4205	0.2222	0.197	0.061	0.449	51.35	0.361	0.446	216	230	-0.346522	0.073913	
A/duck/Eastern_China/S032	0.3563	0.2529	0.3977	0.2327	0.187	0.034	0.427	50.01	0.380	0.461	213	225	-0.309333	0.062222	
A/duck/Eastern_China/S071	0.3642	0.2543	0.3955	0.2236	0.188	0.034	0.427	52.26	0.376	0.459	213	225	-0.293778	0.062222	
A/duck/Eastern_China/S080	0.3277	0.2768	0.4358	0.1963	0.198	0.068	0.452	50.99	0.373	0.452	217	230	-0.335652	0.060870	
A/duck/Eastern_China/S090	0.3333	0.2759	0.4034	0.2264	0.192	0.058	0.441	51.44	0.394	0.464	213	225	-0.309333	0.062222	
A/duck/Eastern_China/S110	0.3559	0.2486	0.4148	0.2236	0.199	0.078	0.458	53.07	0.370	0.449	216	230	-0.339131	0.069565	
A/duck/Eastern_China/S121	0.3616	0.2373	0.4270	0.2147	0.197	0.076	0.456	50.49	0.355	0.445	217	230	-0.341739	0.069565	
A/duck/Fujian/1.17_FZHX01	0.3295	0.2890	0.4023	0.2188	0.193	0.067	0.448	52.83	0.401	0.473	212	225	-0.370222	0.066667	
A/duck/Fujian/03.18_GTFJ-	0.3448	0.2586	0.4034	0.2313	0.180	0.027	0.423	50.75	0.385	0.464	213	225	-0.310667	0.062222	
A/duck/Fujian/05.07_FZHMD	0.3448	0.2644	0.4114	0.2201	0.184	0.035	0.427	51.76	0.380	0.458	213	225	-0.333778	0.062222	
A/duck/Fujian/05.07_FZHMD	0.3448	0.2644	0.4114	0.2201	0.184	0.035	0.427	51.76	0.380	0.458	213	225	-0.333778	0.062222	
A/duck/Fujian/05.07_FZHMD	0.3448	0.2644	0.4114	0.2201	0.184	0.035	0.427	51.76	0.380	0.458	213	225	-0.333778	0.062222	
A/duck/Fujian/10.26_FZHX0	0.3314	0.2743	0.3977	0.2327	0.180	0.042	0.432	53.38	0.399	0.465	213	225	-0.306667	0.062222	
A/duck/Fujian/10.26_FZHX0	0.3371	0.2686	0.3977	0.2327	0.180	0.034	0.427	53.32	0.394	0.464	213	225	-0.306667	0.062222	
A/duck/Fujian/11.3_FZHX11	0.3657	0.2457	0.4080	0.2188	0.182	0.011	0.413	51.36	0.366	0.458	213	225	-0.361778	0.066667	
A/duck/Fujian/11.3_FZHX11	0.3333	0.2759	0.3920	0.2360	0.187	0.051	0.437	52.31	0.404	0.468	213	225	-0.313778	0.062222	
A/duck/Fujian/11.23_FZHX0	0.3295	0.2727	0.3955	0.2375	0.181	0.046	0.435	53.62	0.402	0.468	214	225	-0.307111	0.062222	
A/duck/Fujian/11.23_FZHX0	0.3575	0.2570	0.3867	0.2317	0.193	0.045	0.436	51.68	0.385	0.462	218	230	-0.271739	0.060870	
A/duck/Fujian/11.23_FZHX0	0.3409	0.2614	0.3955	0.2375	0.180	0.022	0.421	53.21	0.393	0.465	214	225	-0.307111	0.062222	
A/duck/Fujian/12.7_FZHX12	0.3735	0.2530	0.4204	0.2083	0.181	-0.002	0.410	52.41	0.360	0.448	200	212	-0.386321	0.084906	
A/duck/Fujian/12.7_FZHX12	0.3295	0.2832	0.4046	0.2278	0.191	0.059	0.443	52.84	0.401	0.473	212	225	-0.379111	0.066667	
A/duck/Fujian/12.7_FZHX12	0.3314	0.2791	0.4000	0.2313	0.187	0.051	0.439	52.98	0.401	0.465	212	225	-0.367556	0.062222	
A/duck/Fujian/12.7_FZHX12	0.3333	0.2816	0.3908	0.2313	0.182	0.055	0.439	51.90	0.406	0.470	212	225	-0.340000	0.066667	
A/duck/Fujian/S1233/2018(	0.3391	0.2701	0.3955	0.2284	0.193	0.059	0.441	51.52	0.394	0.470	213	225	-0.298222	0.062222	
A/duck/Fujian/S1273/2018(	0.3392	0.2573	0.4611	0.1788	0.166	-0.050	0.383	48.12	0.345	0.436	206	217	-0.365899	0.069124	
A/Duck/Fujian/S4146/2010|	0.3391	0.2759	0.4034	0.2160	0.194	0.058	0.441	50.21	0.390	0.467	213	225	-0.334667	0.062222	
A/duck/Guangdong/01.01_SZ	0.3333	0.2701	0.4034	0.2298	0.186	0.051	0.437	52.69	0.394	0.465	213	225	-0.323111	0.062222	
A/duck/Guangdong/01.01_SZ	0.3333	0.2701	0.4034	0.2298	0.186	0.051	0.437	52.69	0.394	0.465	213	225	-0.323111	0.062222	
A/duck/Guangdong/01.01_SZ	0.3333	0.2701	0.4034	0.2298	0.186	0.051	0.437	52.69	0.394	0.465	213	225	-0.323111	0.062222	
A/duck/Guangdong/01.01_SZ	0.3333	0.2701	0.4034	0.2298	0.186	0.051	0.437	52.69	0.394	0.465	213	225	-0.323111	0.062222	
A/duck/Guangdong/01.01_SZ	0.3333	0.2701	0.4034	0.2298	0.186	0.051	0.437	52.69	0.394	0.465	213	225	-0.323111	0.062222	
A/duck/Guangdong/01.01_SZ	0.3333	0.2701	0.4034	0.2298	0.186	0.051	0.437	52.69	0.394	0.465	213	225	-0.323111	0.062222	
A/duck/Guangdong/01.01_SZ	0.3333	0.2701	0.4034	0.2298	0.186	0.051	0.437	52.69	0.394	0.465	213	225	-0.323111	0.062222	
A/duck/Guangdong/01.01_SZ	0.3333	0.2701	0.4034	0.2298	0.186	0.051	0.437	52.69	0.394	0.465	213	225	-0.323111	0.062222	
A/duck/Guangdong/01.01_SZ	0.3333	0.2701	0.4034	0.2298	0.186	0.051	0.437	52.69	0.394	0.465	213	225	-0.323111	0.062222	
A/duck/Guangdong/01.01_SZ	0.3333	0.2701	0.4034	0.2298	0.186	0.051	0.437	52.69	0.394	0.465	213	225	-0.323111	0.062222	
A/duck/Guangdong/02.11_DG	0.3333	0.2759	0.3977	0.2298	0.191	0.059	0.441	50.84	0.399	0.470	213	225	-0.312000	0.062222	
A/duck/Guangdong/02.11_DG	0.3333	0.2759	0.3977	0.2298	0.191	0.059	0.441	50.84	0.399	0.470	213	225	-0.312000	0.062222	
A/duck/Guangdong/02.11_DG	0.3333	0.2759	0.3977	0.2298	0.191	0.059	0.441	50.84	0.399	0.470	213	225	-0.312000	0.062222	
A/duck/Guangdong/02.11_DG	0.3333	0.2759	0.3977	0.2298	0.193	0.059	0.441	50.91	0.399	0.471	213	225	-0.312000	0.062222	
A/duck/Guangdong/02.11_DG	0.3333	0.2759	0.3977	0.2298	0.193	0.059	0.441	50.91	0.399	0.471	213	225	-0.312000	0.062222	
A/duck/Guangdong/02.11_DG	0.3333	0.2759	0.3977	0.2298	0.193	0.059	0.441	50.91	0.399	0.471	213	225	-0.312000	0.062222	
A/duck/Guangdong/03.26_DG	0.3448	0.2644	0.3977	0.2298	0.191	0.051	0.437	52.09	0.390	0.467	213	225	-0.312000	0.062222	
A/duck/Guangdong/03.26_DG	0.3448	0.2644	0.3977	0.2298	0.191	0.051	0.437	52.09	0.390	0.467	213	225	-0.312000	0.062222	
A/duck/Guangdong/03.26_DG	0.3448	0.2644	0.3977	0.2298	0.191	0.051	0.437	52.09	0.390	0.467	213	225	-0.312000	0.062222	
A/duck/Guangdong/03.26_DG	0.3448	0.2644	0.3977	0.2313	0.187	0.037	0.427	51.72	0.390	0.464	213	225	-0.290667	0.062222	
A/duck/Guangdong/03.26_DG	0.3448	0.2644	0.3977	0.2298	0.191	0.051	0.437	52.09	0.390	0.467	213	225	-0.312000	0.062222	
A/duck/Guangdong/03.26_DG	0.3448	0.2644	0.3977	0.2298	0.191	0.051	0.437	52.09	0.390	0.467	213	225	-0.312000	0.062222	
A/duck/Guangdong/03.26_DG	0.3486	0.2629	0.3920	0.2298	0.185	0.047	0.432	50.44	0.390	0.465	213	225	-0.296444	0.062222	
A/duck/Guangdong/03.26_DG	0.3448	0.2644	0.3977	0.2298	0.191	0.051	0.437	52.09	0.390	0.467	213	225	-0.312000	0.062222	
A/duck/Guangdong/03.26_DG	0.3506	0.2586	0.3977	0.2313	0.186	0.029	0.423	51.52	0.385	0.464	213	225	-0.288889	0.062222	
A/duck/Guangdong/03.26_DG	0.3515	0.2727	0.3902	0.2215	0.186	0.021	0.420	53.64	0.390	0.464	200	212	-0.269340	0.066038	
A/duck/Guangdong/03.26_DG	0.3448	0.2644	0.3977	0.2298	0.191	0.051	0.437	52.09	0.390	0.467	213	225	-0.312000	0.062222	
A/duck/Guangdong/03.26_DG	0.3448	0.2644	0.3977	0.2298	0.191	0.051	0.437	52.09	0.390	0.467	213	225	-0.312000	0.062222	
A/duck/Guangdong/03.26_DG	0.3448	0.2644	0.3977	0.2298	0.191	0.051	0.437	52.09	0.390	0.467	213	225	-0.312000	0.062222	
A/duck/Guangdong/03.26_DG	0.3448	0.2644	0.3977	0.2298	0.191	0.051	0.437	52.09	0.390	0.467	213	225	-0.312000	0.062222	
A/duck/Guangdong/03.26_DG	0.3391	0.2701	0.3977	0.2298	0.193	0.059	0.441	52.09	0.394	0.468	213	225	-0.312000	0.062222	
A/duck/Guangdong/03.26_DG	0.3448	0.2644	0.3977	0.2284	0.195	0.052	0.437	52.19	0.390	0.468	213	225	-0.313333	0.062222	
A/duck/Guangdong/03.26_DG	0.3448	0.2644	0.3977	0.2284	0.195	0.052	0.437	52.19	0.390	0.468	213	225	-0.313333	0.062222	
A/duck/Guangdong/03.26_DG	0.3448	0.2644	0.3977	0.2284	0.195	0.052	0.437	52.19	0.390	0.468	213	225	-0.313333	0.062222	
A/duck/Guangdong/03.26_DG	0.3448	0.2644	0.4091	0.2160	0.197	0.050	0.437	51.98	0.380	0.467	213	225	-0.324000	0.062222	
A/duck/Guangdong/03.26_DG	0.3391	0.2701	0.3977	0.2298	0.193	0.059	0.441	52.09	0.394	0.468	213	225	-0.312000	0.062222	
A/duck/Guangdong/03.26_DG	0.3448	0.2644	0.3977	0.2284	0.195	0.052	0.437	52.19	0.390	0.468	213	225	-0.313333	0.062222	
A/duck/Guangdong/03.27_DG	0.3333	0.2759	0.3977	0.2298	0.189	0.051	0.437	52.09	0.399	0.470	213	225	-0.312000	0.062222	
A/duck/Guangdong/03.27_DG	0.3391	0.2701	0.4011	0.2222	0.190	0.050	0.437	50.18	0.390	0.470	213	225	-0.281778	0.062222	
A/duck/Guangdong/03.27_DG	0.3333	0.2759	0.3977	0.2298	0.189	0.051	0.437	52.09	0.399	0.470	213	225	-0.312000	0.062222	
A/duck/Guangdong/03.27_DG	0.3391	0.2701	0.4011	0.2222	0.190	0.050	0.437	50.18	0.390	0.470	213	225	-0.281778	0.062222	
A/duck/Guangdong/03.27_DG	0.3333	0.2759	0.3977	0.2298	0.189	0.051	0.437	52.09	0.399	0.470	213	225	-0.312000	0.062222	
A/duck/Guangdong/04.15_SZ	0.3448	0.2644	0.3977	0.2298	0.191	0.051	0.437	52.09	0.390	0.467	213	225	-0.312000	0.062222	
A/duck/Guangdong/04.15_SZ	0.3391	0.2701	0.4034	0.2236	0.190	0.059	0.441	51.04	0.390	0.467	213	225	-0.312000	0.062222	
A/duck/Guangdong/04.15_SZ	0.3391	0.2701	0.4034	0.2236	0.190	0.059	0.441	51.04	0.390	0.467	213	225	-0.312000	0.062222	
A/duck/Guangdong/04.16_LG	0.3448	0.2644	0.3977	0.2298	0.191	0.051	0.437	52.09	0.390	0.467	213	225	-0.312000	0.062222	
A/duck/Guangdong/04.16_SZ	0.3391	0.2701	0.3977	0.2298	0.190	0.051	0.437	50.79	0.394	0.468	213	225	-0.269778	0.062222	
A/duck/Guangdong/04.16_SZ	0.3448	0.2644	0.3977	0.2298	0.191	0.051	0.437	52.09	0.390	0.467	213	225	-0.312000	0.062222	
A/duck/Guangdong/04.16_SZ	0.3455	0.2788	0.3902	0.2200	0.194	0.052	0.440	53.51	0.395	0.465	200	212	-0.290094	0.066038	
A/duck/Guangdong/04.16_SZ	0.3333	0.2759	0.3977	0.2298	0.189	0.051	0.437	52.09	0.399	0.470	213	225	-0.312000	0.062222	
A/duck/Guangdong/04.22_DG	0.3391	0.2701	0.3977	0.2298	0.189	0.045	0.432	50.53	0.394	0.467	213	225	-0.301333	0.062222	
A/duck/Guangdong/04.22_DG	0.3391	0.2701	0.3977	0.2298	0.189	0.045	0.432	50.53	0.394	0.467	213	225	-0.301333	0.062222	
A/duck/Guangdong/04.22_DG	0.3333	0.2759	0.3977	0.2298	0.189	0.051	0.437	52.09	0.399	0.470	213	225	-0.312000	0.062222	
A/duck/Guangdong/04.22_DG	0.3333	0.2759	0.3977	0.2298	0.189	0.051	0.437	52.09	0.399	0.470	213	225	-0.312000	0.062222	
A/duck/Guangdong/04.22_DG	0.3333	0.2759	0.3977	0.2298	0.189	0.051	0.437	52.09	0.399	0.470	213	225	-0.312000	0.062222	
A/duck/Guangdong/04.22_DG	0.3506	0.2644	0.3977	0.2264	0.188	0.042	0.432	51.62	0.385	0.461	213	225	-0.311111	0.062222	
A/duck/Guangdong/04.22_DG	0.3391	0.2701	0.3977	0.2298	0.189	0.045	0.432	50.53	0.394	0.467	213	225	-0.301333	0.062222	
A/duck/Guangdong/04.22_DG	0.3391	0.2701	0.3977	0.2298	0.189	0.045	0.432	50.53	0.394	0.467	213	225	-0.301333	0.062222	
A/duck/Guangdong/04.22_DG	0.3506	0.2644	0.3977	0.2264	0.188	0.042	0.432	51.62	0.385	0.461	213	225	-0.311111	0.062222	
A/duck/Guangdong/04.22_DG	0.3506	0.2644	0.3977	0.2264	0.188	0.042	0.432	51.62	0.385	0.461	213	225	-0.311111	0.062222	
A/duck/Guangdong/04.23_DG	0.3333	0.2759	0.4068	0.2160	0.191	0.058	0.441	50.51	0.390	0.470	213	225	-0.281778	0.062222	
A/duck/Guangdong/04.23_DG	0.3391	0.2701	0.4011	0.2222	0.190	0.050	0.437	50.18	0.390	0.470	213	225	-0.281778	0.062222	
A/duck/Guangdong/04.23_DG	0.3333	0.2759	0.3977	0.2298	0.189	0.051	0.437	52.09	0.399	0.470	213	225	-0.312000	0.062222	
A/duck/Guangdong/04.23_DG	0.3333	0.2759	0.3977	0.2298	0.189	0.051	0.437	52.09	0.399	0.470	213	225	-0.312000	0.062222	
A/duck/Guangdong/04.23_DG	0.3448	0.2644	0.3977	0.2298	0.191	0.051	0.437	52.09	0.390	0.467	213	225	-0.312000	0.062222	
A/duck/Guangdong/04.23_DG	0.3333	0.2759	0.3977	0.2298	0.189	0.051	0.437	52.09	0.399	0.470	213	225	-0.312000	0.062222	
A/duck/Guangdong/04.23_DG	0.3333	0.2759	0.3977	0.2298	0.189	0.051	0.437	52.09	0.399	0.470	213	225	-0.312000	0.062222	
A/duck/Guangdong/04.23_DG	0.3333	0.2759	0.3977	0.2298	0.189	0.051	0.437	52.09	0.399	0.470	213	225	-0.312000	0.062222	
A/duck/Guangdong/04.23_DG	0.3333	0.2759	0.3977	0.2298	0.189	0.051	0.437	52.09	0.399	0.470	213	225	-0.312000	0.062222	
A/duck/Guangdong/04.23_DG	0.3448	0.2586	0.4034	0.2298	0.189	0.043	0.432	51.32	0.385	0.465	213	225	-0.312000	0.062222	
A/duck/Guangdong/04.23_DG	0.3391	0.2701	0.4034	0.2236	0.190	0.059	0.441	51.04	0.390	0.467	213	225	-0.312000	0.062222	
A/duck/Guangdong/04.23_DG	0.3333	0.2759	0.4000	0.2313	0.190	0.050	0.437	52.21	0.399	0.467	213	225	-0.334667	0.066667	
A/duck/Guangdong/04.23_DG	0.3391	0.2701	0.4034	0.2236	0.190	0.059	0.441	51.04	0.390	0.467	213	225	-0.312000	0.062222	
A/duck/Guangdong/04.23_DG	0.3391	0.2701	0.4034	0.2236	0.190	0.059	0.441	51.04	0.390	0.467	213	225	-0.312000	0.062222	
A/duck/Guangdong/04.23_DG	0.3448	0.2644	0.3977	0.2298	0.191	0.051	0.437	52.09	0.390	0.467	213	225	-0.312000	0.062222	
A/duck/Guangdong/04.23_DG	0.3448	0.2644	0.3977	0.2298	0.191	0.051	0.437	52.09	0.390	0.467	213	225	-0.312000	0.062222	
A/duck/Guangdong/04.23_DG	0.3448	0.2644	0.3977	0.2298	0.191	0.051	0.437	52.09	0.390	0.467	213	225	-0.312000	0.062222	
A/duck/Guangdong/04.23_DG	0.3448	0.2644	0.3977	0.2298	0.191	0.051	0.437	52.09	0.390	0.467	213	225	-0.312000	0.062222	
A/duck/Guangdong/04.23_DG	0.3448	0.2644	0.3977	0.2298	0.191	0.051	0.437	52.09	0.390	0.467	213	225	-0.312000	0.062222	
A/duck/Guangdong/04.23_DG	0.3333	0.2759	0.3977	0.2298	0.189	0.051	0.437	52.09	0.399	0.470	213	225	-0.312000	0.062222	
A/duck/Guangdong/04.23_DG	0.3448	0.2701	0.3955	0.2222	0.194	0.058	0.441	50.42	0.390	0.470	213	225	-0.281778	0.062222	
A/duck/Guangdong/04.23_DG	0.3448	0.2644	0.3977	0.2298	0.191	0.051	0.437	52.09	0.390	0.467	213	225	-0.312000	0.062222	
A/duck/Guangdong/04.23_DG	0.3333	0.2759	0.3864	0.2422	0.189	0.051	0.437	53.54	0.408	0.474	213	225	-0.310222	0.062222	
A/duck/Guangdong/04.23_DG	0.3333	0.2759	0.3977	0.2298	0.189	0.051	0.437	52.09	0.399	0.470	213	225	-0.312000	0.062222	
A/duck/Guangdong/04.23_DG	0.3391	0.2701	0.3977	0.2298	0.193	0.059	0.441	52.09	0.394	0.468	213	225	-0.312000	0.062222	
A/duck/Guangdong/04.23_DG	0.3333	0.2759	0.3977	0.2298	0.189	0.051	0.437	52.09	0.399	0.470	213	225	-0.312000	0.062222	
A/duck/Guangdong/04.23_DG	0.3391	0.2701	0.4011	0.2222	0.190	0.050	0.437	50.18	0.390	0.470	213	225	-0.281778	0.062222	
A/duck/Guangdong/04.23_DG	0.3391	0.2701	0.4011	0.2222	0.190	0.050	0.437	50.18	0.390	0.470	213	225	-0.281778	0.062222	
A/duck/Guangdong/04.23_DG	0.3448	0.2644	0.3977	0.2298	0.191	0.051	0.437	52.09	0.390	0.467	213	225	-0.312000	0.062222	
A/duck/Guangdong/04.23_DG	0.3391	0.2701	0.4011	0.2222	0.190	0.050	0.437	50.18	0.390	0.470	213	225	-0.281778	0.062222	
A/duck/Guangdong/04.23_DG	0.3391	0.2701	0.4011	0.2222	0.190	0.050	0.437	50.18	0.390	0.470	213	225	-0.281778	0.062222	
A/duck/Guangdong/04.23_DG	0.3333	0.2759	0.3920	0.2375	0.187	0.043	0.432	52.84	0.404	0.471	213	225	-0.308889	0.062222	
A/duck/Guangdong/04.23_DG	0.3333	0.2759	0.3920	0.2375	0.187	0.043	0.432	52.84	0.404	0.471	213	225	-0.308889	0.062222	
A/duck/Guangdong/04.23_DG	0.3391	0.2701	0.4034	0.2236	0.190	0.059	0.441	51.04	0.390	0.467	213	225	-0.312000	0.062222	
A/duck/Guangdong/04.23_DG	0.3391	0.2701	0.4034	0.2236	0.190	0.059	0.441	51.04	0.390	0.467	213	225	-0.312000	0.062222	
A/duck/Guangdong/04.23_DG	0.3391	0.2701	0.4034	0.2236	0.190	0.059	0.441	51.04	0.390	0.467	213	225	-0.312000	0.062222	
A/duck/Guangdong/04.23_DG	0.3391	0.2701	0.4034	0.2236	0.190	0.059	0.441	51.04	0.390	0.467	213	225	-0.312000	0.062222	
A/duck/Guangdong/04.23_DG	0.3391	0.2701	0.4034	0.2236	0.190	0.059	0.441	51.04	0.390	0.467	213	225	-0.312000	0.062222	
A/duck/Guangdong/04.23_DG	0.3391	0.2701	0.4034	0.2236	0.190	0.059	0.441	51.04	0.390	0.467	213	225	-0.312000	0.062222	
A/duck/Guangdong/04.23_DG	0.3391	0.2701	0.4034	0.2236	0.190	0.059	0.441	51.04	0.390	0.467	213	225	-0.312000	0.062222	
A/duck/Guangdong/04.23_DG	0.3391	0.2701	0.4034	0.2236	0.190	0.059	0.441	51.04	0.390	0.467	213	225	-0.312000	0.062222	
A/duck/Guangdong/04.23_DG	0.3448	0.2644	0.3977	0.2298	0.188	0.045	0.432	51.11	0.390	0.468	213	225	-0.328445	0.062222	
A/duck/Guangdong/11.18_SZ	0.3333	0.2759	0.3955	0.2298	0.185	0.035	0.427	51.63	0.399	0.467	213	225	-0.300445	0.062222	
A/duck/Guangdong/11.18_SZ	0.3333	0.2759	0.3955	0.2298	0.185	0.035	0.427	51.63	0.399	0.467	213	225	-0.300445	0.062222	
A/duck/Guangdong/11.18_SZ	0.3333	0.2759	0.3955	0.2298	0.185	0.035	0.427	51.63	0.399	0.467	213	225	-0.300445	0.062222	
A/duck/Guangdong/KGZ15783	0.3506	0.2414	0.4186	0.2342	0.182	0.019	0.420	52.00	0.373	0.458	212	225	-0.397778	0.071111	
A/duck/Guangdong/KGZ16007	0.3563	0.2701	0.3989	0.2025	0.191	0.067	0.446	50.61	0.376	0.464	213	225	-0.297333	0.062222	
A/duck/Guangdong/KGZ16008	0.3563	0.2701	0.3989	0.2025	0.191	0.067	0.446	50.61	0.376	0.464	213	225	-0.297333	0.062222	
A/duck/Guangdong/KGZ16009	0.3563	0.2701	0.3989	0.2025	0.191	0.067	0.446	50.61	0.376	0.464	213	225	-0.297333	0.062222	
A/duck/Guangdong/KGZ16012	0.3563	0.2701	0.3989	0.2025	0.191	0.067	0.446	50.61	0.376	0.464	213	225	-0.297333	0.062222	
A/duck/Guangdong/KGZ16015	0.3410	0.2659	0.3820	0.2454	0.189	0.040	0.432	53.05	0.404	0.476	213	225	-0.318667	0.057778	
A/Duck/Guangdong/PO172812	0.3410	0.2717	0.3977	0.2222	0.193	0.054	0.439	51.47	0.392	0.470	212	225	-0.309778	0.062222	
A/Duck/Guangdong/PO172813	0.3563	0.2529	0.4034	0.2236	0.189	0.043	0.432	50.67	0.376	0.462	213	225	-0.282222	0.066667	
A/Duck/Guangdong/PO172842	0.3314	0.2743	0.4034	0.2250	0.182	0.035	0.427	51.46	0.394	0.465	213	225	-0.308000	0.062222	
A/Duck/Guangdong/PO170726	0.3448	0.2644	0.4068	0.2147	0.185	0.032	0.427	53.04	0.380	0.462	213	225	-0.328889	0.062222	
A/Duck/Guangdong/PY501/20	0.3391	0.2701	0.3977	0.2313	0.188	0.043	0.432	51.31	0.394	0.467	213	225	-0.310222	0.062222	
A/Duck/Guangdong/PY503/20	0.3543	0.2514	0.4011	0.2298	0.179	0.001	0.407	49.77	0.379	0.459	214	225	-0.301778	0.062222	
A/duck/Guangdong/S1269/20	0.3728	0.2485	0.3939	0.2237	0.188	0.022	0.422	52.71	0.373	0.458	204	217	-0.336405	0.073733	
A/duck/Guangdong/S1330/20	0.3333	0.2701	0.4057	0.2313	0.186	0.051	0.437	52.84	0.394	0.462	213	225	-0.308889	0.066667	
A/duck/Guangdong/S4518/20	0.3277	0.2542	0.3955	0.2638	0.195	0.045	0.440	53.87	0.407	0.471	216	230	-0.416522	0.060870	
A/duck/Guangdong/S4525/20	0.3295	0.2500	0.3989	0.2622	0.194	0.046	0.440	53.65	0.403	0.468	216	230	-0.434348	0.060870	
A/duck/Guangdong/S4879/20	0.3728	0.2485	0.3939	0.2237	0.188	0.022	0.422	52.71	0.373	0.458	204	217	-0.336405	0.073733	
A/duck/Guangdong/s14044/2	0.3295	0.2832	0.3977	0.2403	0.183	-0.009	0.403	48.78	0.408	0.459	211	225	-0.380444	0.066667	
A/duck/Guangdong/SE195/20	0.3728	0.2485	0.3939	0.2237	0.188	0.022	0.422	52.71	0.373	0.458	204	217	-0.336405	0.073733	
A/Duck/Guangdong/SS1A1/20	0.3468	0.2601	0.4080	0.2264	0.180	0.013	0.415	49.77	0.382	0.462	212	225	-0.316000	0.062222	
A/duck/Guangdong/wy11/200	0.3488	0.2674	0.3837	0.2484	0.197	0.015	0.417	49.47	0.403	0.465	211	225	-0.398667	0.066667	
A/duck/Guangdong/wy19/200	0.3430	0.2733	0.3837	0.2484	0.198	0.023	0.422	49.53	0.408	0.467	211	225	-0.398667	0.066667	
A/duck/Guangdong/wy24/200	0.3471	0.2765	0.3837	0.2436	0.197	0.033	0.429	50.41	0.405	0.461	210	225	-0.368889	0.066667	
A/Duck/Guangdong/Yangjian	0.3391	0.2701	0.4068	0.2160	0.187	0.051	0.437	51.78	0.385	0.465	213	225	-0.298222	0.062222	
A/duck/Guangxi/12.25_GLGX	0.3448	0.2644	0.4034	0.2264	0.188	0.042	0.432	51.34	0.385	0.461	213	225	-0.309333	0.062222	
A/duck/Guangxi/S10099/202	0.3728	0.2485	0.3939	0.2237	0.188	0.022	0.422	52.71	0.373	0.458	204	217	-0.336405	0.073733	
A/duck/Guangxi/S10263/202	0.3728	0.2485	0.3939	0.2237	0.188	0.022	0.422	52.71	0.373	0.458	204	217	-0.336405	0.073733	
A/duck/Guangxi/S11043/202	0.3728	0.2485	0.3939	0.2237	0.188	0.022	0.422	52.71	0.373	0.458	204	217	-0.336405	0.073733	
A/duck/Guangxi/S21194/202	0.3728	0.2485	0.3939	0.2237	0.188	0.022	0.422	52.71	0.373	0.458	204	217	-0.336405	0.073733	
A/duck/Guangxi/S31116/202	0.3468	0.2543	0.3933	0.2378	0.187	0.033	0.427	52.33	0.390	0.471	213	225	-0.321778	0.057778	
A/duck/Guangzhou/018/2014	0.3448	0.2644	0.3977	0.2313	0.185	0.035	0.427	50.75	0.390	0.465	213	225	-0.310667	0.062222	
A/duck/Guangzhou/021/2014	0.3448	0.2644	0.3920	0.2375	0.183	0.021	0.418	50.40	0.394	0.465	213	225	-0.300000	0.062222	
A/duck/Guizhou/7.27_ZYLJJ	0.3448	0.2644	0.4011	0.2222	0.190	0.050	0.437	51.37	0.385	0.468	213	225	-0.280000	0.062222	
A/duck/Guizhou/8.26_ZYLJJ	0.3391	0.2701	0.4011	0.2209	0.187	0.061	0.441	51.23	0.390	0.468	213	225	-0.317778	0.062222	
A/duck/Guizhou/8.26_ZYLJJ	0.3448	0.2644	0.4011	0.2222	0.190	0.050	0.437	51.37	0.385	0.468	213	225	-0.280000	0.062222	
A/duck/Guizhou/S1321/2022	0.3220	0.2599	0.3955	0.2638	0.196	0.054	0.444	53.57	0.412	0.470	216	230	-0.436087	0.060870	
A/duck/Guizhou/S1711/2024	0.3202	0.2640	0.3911	0.2606	0.196	0.038	0.433	50.11	0.415	0.477	217	230	-0.381304	0.060870	
A/duck/Guizhou/S4702/2021	0.3468	0.2601	0.3820	0.2454	0.187	0.034	0.427	52.90	0.399	0.473	213	225	-0.336889	0.057778	
A/duck/Hainan/12.29_HKPL0	0.3391	0.2701	0.4011	0.2209	0.195	0.060	0.441	51.19	0.390	0.470	213	225	-0.299556	0.062222	
A/duck/Hebei/3/2011|EPI_I	0.3371	0.2640	0.4167	0.2134	0.191	0.083	0.461	49.38	0.378	0.457	217	230	-0.324348	0.060870	
A/duck/Hebei/S1070/2021|E	0.3787	0.2426	0.3939	0.2237	0.186	0.014	0.417	53.18	0.368	0.455	204	217	-0.336405	0.073733	
A/duck/Henan/01.01_LYGL00	0.3372	0.2558	0.4551	0.1854	0.165	-0.042	0.388	49.68	0.350	0.441	206	217	-0.343779	0.069124	
A/duck/Henan/S1381/2021|E	0.3787	0.2426	0.3939	0.2237	0.186	0.014	0.417	53.18	0.368	0.455	204	217	-0.336405	0.073733	
A/duck/Hsinchu/15020216/2	0.3315	0.2584	0.4022	0.2410	0.183	-0.004	0.410	50.13	0.396	0.470	217	230	-0.402174	0.060870	
A/duck/Hubei/03.06__WHWTZ	0.3410	0.2717	0.3757	0.2532	0.189	0.039	0.431	51.29	0.412	0.465	211	225	-0.341333	0.062222	
A/duck/Hubei/03.06__WHWTZ	0.3563	0.2586	0.4000	0.2264	0.181	0.010	0.413	52.51	0.380	0.459	213	225	-0.280889	0.062222	
A/duck/Hubei/03.06__WHWTZ	0.3506	0.2644	0.4000	0.2264	0.182	0.018	0.418	52.30	0.385	0.461	213	225	-0.280889	0.062222	
A/duck/Hubei/03.06__WHWTZ	0.3506	0.2644	0.4000	0.2264	0.182	0.018	0.418	52.30	0.385	0.461	213	225	-0.280889	0.062222	
A/duck/Hubei/03.06__WHWTZ	0.3621	0.2529	0.4000	0.2264	0.182	0.010	0.413	51.89	0.376	0.458	213	225	-0.280889	0.062222	
A/duck/Hubei/03.06__WHWTZ	0.3563	0.2586	0.4000	0.2250	0.178	0.003	0.408	52.38	0.380	0.461	213	225	-0.282222	0.062222	
A/duck/Hubei/03.06__WHWTZ	0.3333	0.2759	0.3757	0.2532	0.184	0.032	0.427	50.95	0.417	0.468	211	225	-0.344000	0.062222	
A/duck/HuBei/03.06__WHWTZ	0.3506	0.2644	0.4000	0.2264	0.182	0.018	0.418	52.30	0.385	0.461	213	225	-0.280889	0.062222	
A/duck/Hubei/03.06_WHWTZ0	0.3448	0.2701	0.4000	0.2264	0.182	0.026	0.423	52.33	0.390	0.462	213	225	-0.280889	0.062222	
A/duck/Hubei/03.06_WHWTZ0	0.3563	0.2586	0.4000	0.2264	0.181	0.010	0.413	52.51	0.380	0.459	213	225	-0.280889	0.062222	
A/duck/Hubei/46/2009|EPI_	0.3315	0.2640	0.3812	0.2515	0.187	0.040	0.433	51.79	0.410	0.472	217	230	-0.337391	0.060870	
A/duck/Hubei/2911/2007|EP	0.3333	0.2759	0.3966	0.2313	0.192	0.039	0.434	48.49	0.401	0.465	212	225	-0.377333	0.062222	
A/duck/Hubei/S4465/2021(H	0.3787	0.2426	0.3939	0.2237	0.185	0.010	0.417	52.91	0.368	0.453	204	217	-0.313825	0.073733	
A/duck/Hubei/SE128/2022(H	0.3787	0.2426	0.3939	0.2237	0.185	0.010	0.417	52.91	0.368	0.453	204	217	-0.313825	0.073733	
A/duck/Hubei/SE220/2022(H	0.3277	0.2542	0.3955	0.2638	0.192	0.046	0.440	54.07	0.407	0.468	216	230	-0.445217	0.060870	
A/duck/Hubei/SZY250/2016|	0.3503	0.2655	0.3820	0.2349	0.182	0.024	0.426	52.76	0.398	0.464	216	230	-0.387826	0.060870	
A/duck/Hubei/xn/2007|EPI_	0.3295	0.2832	0.3908	0.2390	0.198	0.056	0.443	48.36	0.410	0.465	212	225	-0.369778	0.062222	
A/duck/Hunan/1.12_YYGK68H	0.3391	0.2701	0.4011	0.2222	0.190	0.059	0.441	51.15	0.390	0.468	213	225	-0.298222	0.062222	
A/duck/Hunan/1.12_YYGK72H	0.3391	0.2701	0.3955	0.2284	0.189	0.051	0.437	51.44	0.394	0.470	213	225	-0.298222	0.062222	
A/duck/Hunan/1.12_YYGK74H	0.3506	0.2586	0.4011	0.2222	0.189	0.043	0.432	51.00	0.380	0.465	213	225	-0.298222	0.062222	
A/duck/Hunan/01.12_YYGK82	0.3506	0.2586	0.4011	0.2222	0.189	0.043	0.432	51.00	0.380	0.465	213	225	-0.298222	0.062222	
A/duck/Hunan/01.16_YYFQH1	0.3563	0.2586	0.4034	0.2188	0.182	0.027	0.423	50.67	0.376	0.459	213	225	-0.312000	0.062222	
A/duck/Hunan/01.16_YYFQH1	0.3563	0.2586	0.4034	0.2188	0.182	0.027	0.423	50.67	0.376	0.459	213	225	-0.312000	0.062222	
A/duck/Hunan/01.16_YYFQH2	0.3506	0.2586	0.4034	0.2250	0.181	0.019	0.418	50.33	0.380	0.462	213	225	-0.310222	0.062222	
A/duck/Hunan/01.16_YYFQH3	0.3506	0.2586	0.4034	0.2250	0.181	0.019	0.418	50.33	0.380	0.462	213	225	-0.310222	0.062222	
A/duck/Hunan/01.16_YYFQH3	0.3506	0.2586	0.4034	0.2250	0.181	0.019	0.418	50.33	0.380	0.462	213	225	-0.310222	0.062222	
A/duck/Hunan/01.16_YYFQH3	0.3506	0.2586	0.4034	0.2250	0.181	0.019	0.418	50.33	0.380	0.462	213	225	-0.310222	0.062222	
A/duck/Hunan/01.16_YYFQH3	0.3506	0.2586	0.4034	0.2250	0.181	0.019	0.418	50.33	0.380	0.462	213	225	-0.310222	0.062222	
A/duck/Hunan/01.16_YYFQH3	0.3506	0.2586	0.4034	0.2250	0.181	0.019	0.418	50.33	0.380	0.462	213	225	-0.310222	0.062222	
A/duck/Hunan/01.16_YYFQH3	0.3506	0.2586	0.4034	0.2250	0.181	0.019	0.418	50.33	0.380	0.462	213	225	-0.310222	0.062222	
A/duck/Hunan/01.16_YYFQH3	0.3506	0.2586	0.4034	0.2250	0.181	0.019	0.418	50.33	0.380	0.462	213	225	-0.310222	0.062222	
A/duck/Hunan/01.16_YYGK21	0.3506	0.2586	0.4034	0.2250	0.181	0.019	0.418	50.33	0.380	0.462	213	225	-0.310222	0.062222	
A/duck/Hunan/1.17_YYGKK80	0.3371	0.2629	0.4205	0.2086	0.191	0.056	0.437	51.70	0.376	0.462	213	225	-0.295111	0.062222	
A/duck/Hunan/01.21_YYFQH0	0.3506	0.2586	0.3943	0.2390	0.183	0.010	0.413	52.06	0.390	0.462	213	225	-0.280889	0.062222	
A/duck/Hunan/01.21_YYFQH0	0.3621	0.2471	0.4034	0.2250	0.180	0.011	0.413	50.12	0.371	0.458	213	225	-0.312000	0.062222	
A/duck/Hunan/01.21_YYFQH0	0.3506	0.2586	0.4000	0.2327	0.179	0.002	0.408	52.15	0.385	0.461	213	225	-0.280889	0.062222	
A/duck/Hunan/01.21_YYFQH0	0.3526	0.2543	0.4034	0.2313	0.179	0.002	0.408	52.06	0.380	0.459	213	225	-0.280889	0.062222	
A/duck/Hunan/01.21_YYFQH0	0.3506	0.2586	0.4000	0.2327	0.179	0.002	0.408	52.15	0.385	0.461	213	225	-0.280889	0.062222	
A/duck/Hunan/2.06_YYGK77J	0.3353	0.2775	0.4011	0.2222	0.194	0.058	0.441	50.91	0.394	0.468	213	225	-0.293778	0.062222	
A/duck/Hunan/2.06_YYGK78J	0.3468	0.2601	0.4045	0.2209	0.189	0.051	0.437	51.01	0.380	0.465	213	225	-0.298222	0.062222	
A/duck/Hunan/2.06_YYGK84J	0.3333	0.2759	0.4011	0.2222	0.189	0.051	0.437	50.94	0.394	0.470	213	225	-0.298222	0.062222	
A/duck/Hunan/2.06_YYGK92J	0.3333	0.2759	0.4011	0.2222	0.189	0.051	0.437	50.94	0.394	0.470	213	225	-0.298222	0.062222	
A/duck/Hunan/02.07__YYFQH	0.3526	0.2543	0.4034	0.2313	0.179	0.002	0.408	52.06	0.380	0.459	213	225	-0.280889	0.062222	
A/duck/Hunan/02.07__YYFQH	0.3526	0.2543	0.4034	0.2313	0.179	0.002	0.408	52.06	0.380	0.459	213	225	-0.280889	0.062222	
A/duck/Hunan/02.07_YYFQH0	0.3621	0.2471	0.4034	0.2250	0.180	0.011	0.413	50.12	0.371	0.458	213	225	-0.312000	0.062222	
A/duck/Hunan/02.07_YYFQH0	0.3526	0.2543	0.4034	0.2313	0.179	0.002	0.408	52.06	0.380	0.459	213	225	-0.280889	0.062222	
A/duck/Hunan/02.07_YYFQH0	0.3621	0.2471	0.4034	0.2250	0.180	0.011	0.413	50.12	0.371	0.458	213	225	-0.312000	0.062222	
A/duck/Hunan/02.16_YYGK28	0.3506	0.2586	0.4034	0.2250	0.181	0.019	0.418	50.33	0.380	0.462	213	225	-0.310222	0.062222	
A/duck/Hunan/02.26__YYFQH	0.3506	0.2586	0.4034	0.2250	0.181	0.019	0.418	50.33	0.380	0.462	213	225	-0.310222	0.062222	
A/duck/Hunan/02.26__YYFQH	0.3506	0.2586	0.4034	0.2250	0.181	0.019	0.418	50.33	0.380	0.462	213	225	-0.310222	0.062222	
A/duck/Hunan/02.26__YYGK2	0.3506	0.2586	0.4034	0.2250	0.181	0.019	0.418	50.33	0.380	0.462	213	225	-0.310222	0.062222	
A/duck/Hunan/02.26__YYGK0	0.3506	0.2586	0.4034	0.2250	0.181	0.019	0.418	50.33	0.380	0.462	213	225	-0.310222	0.062222	
A/duck/Hunan/02.26_YYFQH2	0.3563	0.2586	0.4034	0.2188	0.182	0.027	0.423	50.67	0.376	0.459	213	225	-0.312000	0.062222	
A/duck/Hunan/02.26_YYFQH2	0.3506	0.2586	0.4034	0.2250	0.181	0.019	0.418	50.33	0.380	0.462	213	225	-0.310222	0.062222	
A/duck/Hunan/02.26_YYFQH3	0.3506	0.2586	0.4034	0.2250	0.181	0.019	0.418	50.33	0.380	0.462	213	225	-0.310222	0.062222	
A/duck/Hunan/02.26_YYFQHY	0.3526	0.2543	0.4034	0.2313	0.179	0.002	0.408	52.06	0.380	0.459	213	225	-0.280889	0.062222	
A/duck/Hunan/02.26_YYGK25	0.3543	0.2571	0.4057	0.2201	0.179	0.016	0.418	51.07	0.376	0.461	213	225	-0.326667	0.066667	
A/duck/Hunan/02.26_YYGK25	0.3616	0.2542	0.4078	0.2209	0.175	-0.005	0.404	50.77	0.372	0.457	218	232	-0.405603	0.060345	
A/duck/Hunan/02.26_YYGK26	0.3543	0.2571	0.4057	0.2201	0.180	0.017	0.418	50.85	0.376	0.459	213	225	-0.302667	0.066667	
A/duck/Hunan/02.26_YYGK26	0.3543	0.2571	0.4057	0.2201	0.180	0.017	0.418	50.85	0.376	0.459	213	225	-0.302667	0.066667	
A/duck/Hunan/02.26_YYGK27	0.3543	0.2571	0.4057	0.2201	0.180	0.017	0.418	50.85	0.376	0.459	213	225	-0.302667	0.066667	
A/duck/Hunan/02.26_YYGK27	0.3543	0.2571	0.4057	0.2201	0.180	0.017	0.418	50.85	0.376	0.459	213	225	-0.302667	0.066667	
A/duck/Hunan/02.26_YYGKY2	0.3506	0.2586	0.4034	0.2250	0.181	0.019	0.418	50.33	0.380	0.462	213	225	-0.310222	0.062222	
A/duck/Hunan/02.26_YYGQH2	0.3506	0.2586	0.4034	0.2250	0.181	0.019	0.418	50.33	0.380	0.462	213	225	-0.310222	0.062222	
A/duck/Hunan/03.07_YYGK1L	0.3837	0.2209	0.4506	0.1892	0.179	-0.039	0.390	45.16	0.322	0.436	205	217	-0.264977	0.082949	
A/duck/Hunan/03.07_YYGK4L	0.3314	0.2743	0.3933	0.2346	0.189	0.048	0.435	52.12	0.402	0.470	214	225	-0.342222	0.057778	
A/duck/Hunan/03.07_YYGK25	0.3333	0.2759	0.4011	0.2222	0.189	0.051	0.437	50.94	0.394	0.470	213	225	-0.298222	0.062222	
A/duck/Hunan/03.07_YYGK31	0.3391	0.2701	0.4068	0.2160	0.187	0.051	0.437	51.78	0.385	0.465	213	225	-0.298222	0.062222	
A/duck/Hunan/03.09_YYFQH0	0.3488	0.2500	0.4431	0.2000	0.171	-0.061	0.377	48.46	0.353	0.439	207	217	-0.358986	0.069124	
A/duck/Hunan/03.09_YYFQH0	0.3429	0.2686	0.3933	0.2270	0.191	0.055	0.439	50.95	0.393	0.468	214	225	-0.313333	0.062222	
A/duck/Hunan/03.09_YYFQH0	0.3506	0.2644	0.3977	0.2264	0.192	0.042	0.432	51.26	0.385	0.461	213	225	-0.309333	0.062222	
A/duck/Hunan/03.24_YYGK18	0.3448	0.2644	0.3955	0.2270	0.189	0.060	0.441	51.25	0.390	0.470	213	225	-0.299556	0.062222	
A/duck/Hunan/03.24_YYGK21	0.3448	0.2644	0.3955	0.2270	0.189	0.060	0.441	51.25	0.390	0.470	213	225	-0.299556	0.062222	
A/duck/Hunan/03.24_YYGK17	0.3448	0.2644	0.3955	0.2270	0.189	0.060	0.441	51.25	0.390	0.470	213	225	-0.299556	0.062222	
A/duck/Hunan/03.24_YYGK17	0.3448	0.2644	0.3955	0.2270	0.189	0.060	0.441	51.25	0.390	0.470	213	225	-0.299556	0.062222	
A/duck/Hunan/04.14_YYGK06	0.3554	0.2711	0.4012	0.2109	0.175	-0.011	0.400	53.23	0.380	0.458	200	212	-0.243396	0.066038	
A/duck/Hunan/04.14_YYGK04	0.3526	0.2543	0.4034	0.2313	0.179	0.002	0.408	52.06	0.380	0.459	213	225	-0.280889	0.062222	
A/duck/Hunan/04.14_YYGK45	0.3506	0.2644	0.4000	0.2264	0.181	0.018	0.418	52.68	0.385	0.459	213	225	-0.282667	0.062222	
A/duck/Hunan/04.14_YYGK46	0.3506	0.2644	0.4000	0.2264	0.181	0.018	0.418	52.54	0.385	0.461	213	225	-0.280889	0.062222	
A/duck/Hunan/04.14_YYGK46	0.3554	0.2711	0.4012	0.2109	0.175	-0.011	0.400	53.23	0.380	0.458	200	212	-0.243396	0.066038	
A/duck/Hunan/04.14_YYGK46	0.3554	0.2711	0.4012	0.2109	0.175	-0.011	0.400	53.23	0.380	0.458	200	212	-0.243396	0.066038	
A/duck/Hunan/04.14_YYGK47	0.3554	0.2711	0.4012	0.2109	0.175	-0.011	0.400	53.23	0.380	0.458	200	212	-0.243396	0.066038	
A/duck/Hunan/04.14_YYGK08	0.3506	0.2644	0.4000	0.2264	0.181	0.018	0.418	52.68	0.385	0.459	213	225	-0.282667	0.062222	
A/duck/Hunan/04.14_YYXS87	0.3506	0.2644	0.4000	0.2264	0.181	0.018	0.418	52.68	0.385	0.459	213	225	-0.282667	0.062222	
A/duck/Hunan/04.22_LDDX03	0.3333	0.2759	0.3977	0.2298	0.189	0.051	0.437	53.47	0.399	0.470	213	225	-0.312000	0.062222	
A/duck/Hunan/7.21_YYGK41Y	0.3506	0.2586	0.3977	0.2270	0.194	0.044	0.432	50.83	0.385	0.470	213	225	-0.352889	0.062222	
A/duck/Hunan/11.30_YYGK59	0.3314	0.2743	0.3977	0.2327	0.183	0.048	0.437	53.16	0.399	0.464	213	225	-0.303111	0.062222	
A/duck/Hunan/11.30_YYGK62	0.3391	0.2701	0.4068	0.2160	0.188	0.042	0.432	53.30	0.385	0.467	213	225	-0.255111	0.062222	
A/duck/Hunan/11.30_YYGK63	0.3391	0.2701	0.4045	0.2147	0.188	0.051	0.437	51.74	0.385	0.468	213	225	-0.286222	0.062222	
A/duck/Hunan/11.30_YYGK74	0.3616	0.2429	0.4091	0.2270	0.200	0.073	0.458	54.47	0.370	0.452	216	230	-0.346957	0.078261	
A/duck/Hunan/11.30_YYGK75	0.3616	0.2429	0.4091	0.2270	0.200	0.073	0.458	54.47	0.370	0.452	216	230	-0.346957	0.078261	
A/duck/Hunan/12.07__YYGK4	0.3354	0.2927	0.3889	0.2230	0.190	0.039	0.432	49.45	0.407	0.470	199	212	-0.344340	0.066038	
A/duck/Hunan/12.07__YYGK9	0.3410	0.2659	0.4220	0.2152	0.182	0.043	0.434	48.63	0.377	0.456	212	225	-0.367556	0.062222	
A/duck/Hunan/12.07__YYGK1	0.3448	0.2644	0.3977	0.2327	0.187	0.042	0.432	50.58	0.390	0.464	213	225	-0.309333	0.062222	
A/duck/Hunan/12.07__YYGK1	0.3448	0.2644	0.3977	0.2327	0.187	0.042	0.432	50.56	0.390	0.462	213	225	-0.311111	0.062222	
A/duck/Hunan/12.07__YYGK1	0.3526	0.2601	0.4034	0.2250	0.184	0.018	0.418	50.22	0.380	0.458	213	225	-0.309333	0.062222	
A/duck/Hunan/12.07_YGK098	0.3448	0.2644	0.3977	0.2327	0.187	0.042	0.432	50.58	0.390	0.464	213	225	-0.309333	0.062222	
A/duck/Hunan/12.07_YYGK00	0.3410	0.2659	0.4220	0.2152	0.182	0.043	0.434	48.63	0.377	0.456	212	225	-0.367556	0.062222	
A/duck/Hunan/12.07_YYGK03	0.3486	0.2571	0.4034	0.2250	0.181	0.027	0.423	50.50	0.380	0.464	213	225	-0.286667	0.062222	
A/duck/Hunan/12.07_YYGK68	0.3506	0.2586	0.3977	0.2313	0.180	0.019	0.418	51.15	0.385	0.462	213	225	-0.312000	0.062222	
A/duck/Hunan/12.07_YYGK10	0.3410	0.2717	0.4023	0.2264	0.189	0.044	0.434	48.59	0.392	0.465	212	225	-0.355555	0.062222	
A/duck/Hunan/12.07_YYGK10	0.3448	0.2644	0.3977	0.2327	0.187	0.042	0.432	50.58	0.390	0.464	213	225	-0.309333	0.062222	
A/duck/Hunan/12.07_YYGK11	0.3448	0.2644	0.3977	0.2327	0.187	0.042	0.432	50.56	0.390	0.462	213	225	-0.311111	0.062222	
A/duck/Hunan/12.17__YYFQH	0.3391	0.2759	0.3977	0.2236	0.193	0.067	0.446	51.24	0.394	0.468	213	225	-0.312000	0.062222	
A/duck/Hunan/12.17__YYFQH	0.3391	0.2759	0.3977	0.2236	0.193	0.067	0.446	51.24	0.394	0.468	213	225	-0.312000	0.062222	
A/duck/Hunan/12.17__YYGK0	0.3506	0.2586	0.4000	0.2327	0.177	-0.006	0.404	51.81	0.385	0.459	213	225	-0.282667	0.062222	
A/duck/Hunan/12.17_YYGK01	0.3506	0.2586	0.4000	0.2327	0.180	0.002	0.408	52.23	0.385	0.459	213	225	-0.280889	0.062222	
A/duck/Hunan/12.17_YYGK04	0.3506	0.2586	0.4000	0.2327	0.180	0.002	0.408	52.23	0.385	0.459	213	225	-0.280889	0.062222	
A/duck/Hunan/12.17_YYGK05	0.3448	0.2644	0.4034	0.2264	0.188	0.042	0.432	51.34	0.385	0.461	213	225	-0.309333	0.062222	
A/duck/Hunan/12.17_YYGK00	0.3526	0.2543	0.4034	0.2313	0.179	0.002	0.408	52.06	0.380	0.459	213	225	-0.280889	0.062222	
A/duck/Hunan/12.17_YYGK00	0.3506	0.2586	0.4000	0.2327	0.180	0.002	0.408	52.23	0.385	0.459	213	225	-0.280889	0.062222	
A/duck/Hunan/12.17_YYGK00	0.3391	0.2759	0.3977	0.2236	0.193	0.067	0.446	51.24	0.394	0.468	213	225	-0.312000	0.062222	
A/duck/Hunan/12.17_YYGK07	0.3526	0.2543	0.4034	0.2313	0.179	0.002	0.408	52.06	0.380	0.459	213	225	-0.280889	0.062222	
A/duck/Hunan/12.17_YYGK08	0.3506	0.2644	0.3977	0.2264	0.192	0.042	0.432	51.26	0.385	0.461	213	225	-0.309333	0.062222	
A/duck/Hunan/12.27_YYGK60	0.3506	0.2586	0.3977	0.2298	0.187	0.034	0.427	51.78	0.385	0.467	213	225	-0.319111	0.066667	
A/duck/Hunan/12.27_YYGK71	0.3371	0.2629	0.4205	0.2086	0.191	0.056	0.437	51.70	0.376	0.462	213	225	-0.295111	0.062222	
A/duck/Hunan/12.27_YYGK73	0.3563	0.2529	0.3920	0.2360	0.185	0.018	0.418	51.74	0.385	0.467	213	225	-0.319111	0.066667	
A/duck/Hunan/12.27_YYGK81	0.3371	0.2629	0.4205	0.2099	0.194	0.062	0.441	51.34	0.376	0.461	213	225	-0.292000	0.062222	
A/duck/Hunan/12.27_YYGK86	0.3448	0.2644	0.3977	0.2298	0.188	0.042	0.432	51.78	0.390	0.468	213	225	-0.319111	0.066667	
A/duck/Hunan/12.27_YYGK89	0.3371	0.2629	0.4205	0.2099	0.194	0.062	0.441	51.34	0.376	0.461	213	225	-0.292000	0.062222	
A/duck/Hunan/12.27_YYGK91	0.3371	0.2629	0.4205	0.2086	0.191	0.056	0.437	51.70	0.376	0.462	213	225	-0.295111	0.062222	
A/duck/Hunan/12.27_YYGK93	0.3371	0.2629	0.4205	0.2099	0.194	0.062	0.441	51.34	0.376	0.461	213	225	-0.292000	0.062222	
A/duck/Hunan/12.27_YYGK95	0.3371	0.2629	0.4205	0.2086	0.191	0.056	0.437	51.70	0.376	0.462	213	225	-0.295111	0.062222	
A/duck/Hunan/12.27_YYGK96	0.3371	0.2629	0.4205	0.2086	0.191	0.056	0.437	51.70	0.376	0.462	213	225	-0.295111	0.062222	
A/duck/Hunan/12.27_YYGK97	0.3371	0.2629	0.4205	0.2086	0.191	0.056	0.437	51.70	0.376	0.462	213	225	-0.295111	0.062222	
A/duck/Hunan/12.27_YYGK10	0.3371	0.2629	0.4205	0.2086	0.191	0.056	0.437	51.70	0.376	0.462	213	225	-0.295111	0.062222	
A/duck/Hunan/193/2014|EPI	0.3468	0.2601	0.3989	0.2270	0.181	0.032	0.423	50.00	0.385	0.467	213	225	-0.324000	0.057778	
A/duck/Hunan/233/2014|EPI	0.3448	0.2644	0.4091	0.2201	0.189	0.036	0.427	49.61	0.380	0.458	213	225	-0.298667	0.062222	
A/duck/Hunan/316/2005|EPI	0.3237	0.2890	0.3851	0.2453	0.198	0.047	0.439	48.86	0.420	0.471	212	225	-0.349778	0.062222	
A/duck/Hunan/689/2006|EPI	0.3410	0.2717	0.3815	0.2516	0.198	0.036	0.434	48.86	0.410	0.465	212	225	-0.395556	0.066667	
A/duck/Hunan/3315/2006|EP	0.3295	0.2775	0.4000	0.2327	0.184	0.049	0.439	49.75	0.401	0.462	212	225	-0.342222	0.062222	
A/duck/Hunan/HN05/2014|EP	0.3448	0.2644	0.3920	0.2375	0.184	0.037	0.427	51.08	0.394	0.468	213	225	-0.314222	0.062222	
A/duck/Hunan/HN13/2015|EP	0.3468	0.2659	0.4034	0.2264	0.188	0.034	0.427	50.95	0.385	0.459	213	225	-0.332889	0.062222	
A/duck/Hunan/HN16/2015|EP	0.3468	0.2659	0.4034	0.2264	0.188	0.034	0.427	50.95	0.385	0.459	213	225	-0.332889	0.062222	
A/duck/Hunan/HN29/2015|EP	0.3506	0.2586	0.3977	0.2298	0.180	0.032	0.423	49.88	0.385	0.464	213	225	-0.306222	0.062222	
A/duck/Hunan/HN42/2015|EP	0.3448	0.2644	0.4034	0.2264	0.188	0.042	0.432	51.18	0.385	0.462	213	225	-0.309333	0.062222	
A/duck/Hunan/HN45/2015|EP	0.3506	0.2586	0.3977	0.2298	0.181	0.030	0.423	49.66	0.385	0.465	213	225	-0.326667	0.062222	
A/duck/Hunan/HN53/2015|EP	0.3506	0.2586	0.3977	0.2298	0.181	0.030	0.423	49.66	0.385	0.465	213	225	-0.326667	0.062222	
A/duck/Hunan/HN54/2015|EP	0.3506	0.2586	0.3977	0.2298	0.181	0.030	0.423	49.66	0.385	0.465	213	225	-0.326667	0.062222	
A/duck/Hunan/HN59/2015|EP	0.3506	0.2586	0.3977	0.2298	0.181	0.030	0.423	49.66	0.385	0.465	213	225	-0.326667	0.062222	
A/duck/Hunan/HN60/2015|EP	0.3506	0.2586	0.3977	0.2298	0.181	0.030	0.423	49.66	0.385	0.465	213	225	-0.326667	0.062222	
A/duck/Hunan/HN61/2015|EP	0.3506	0.2586	0.3977	0.2298	0.181	0.030	0.423	49.66	0.385	0.465	213	225	-0.326667	0.062222	
A/duck/Hunan/HN64/2015|EP	0.3506	0.2586	0.3977	0.2298	0.181	0.030	0.423	49.66	0.385	0.465	213	225	-0.326667	0.062222	
A/duck/Hunan/HN66/2015|EP	0.3506	0.2586	0.3977	0.2298	0.181	0.030	0.423	49.66	0.385	0.465	213	225	-0.326667	0.062222	
A/duck/Hunan/HN67/2015|EP	0.3506	0.2586	0.3977	0.2298	0.181	0.030	0.423	49.66	0.385	0.465	213	225	-0.326667	0.062222	
A/duck/Hunan/HN71/2015|EP	0.3506	0.2586	0.4034	0.2264	0.187	0.034	0.427	51.16	0.380	0.461	213	225	-0.309333	0.062222	
A/duck/Hunan/HN72/2015|EP	0.3468	0.2659	0.4034	0.2264	0.188	0.034	0.427	50.95	0.385	0.459	213	225	-0.332889	0.062222	
A/duck/Hunan/HN74/2015|EP	0.3448	0.2644	0.4034	0.2264	0.188	0.042	0.432	51.18	0.385	0.462	213	225	-0.309333	0.062222	
A/duck/Hunan/HN76/2015|EP	0.3468	0.2659	0.4034	0.2264	0.188	0.034	0.427	52.82	0.385	0.461	213	225	-0.331556	0.062222	
A/duck/Hunan/HN78/2015|EP	0.3506	0.2586	0.3977	0.2298	0.181	0.030	0.423	49.66	0.385	0.465	213	225	-0.326667	0.062222	
A/duck/Hunan/HN80/2015|EP	0.3448	0.2644	0.4034	0.2264	0.188	0.042	0.432	51.18	0.385	0.462	213	225	-0.309333	0.062222	
A/duck/Hunan/HN162/2015|E	0.3391	0.2701	0.3977	0.2298	0.184	0.036	0.427	51.48	0.394	0.467	213	225	-0.313778	0.062222	
A/duck/Hunan/HN163/2015|E	0.3333	0.2759	0.3977	0.2298	0.187	0.043	0.432	51.73	0.399	0.468	213	225	-0.313778	0.062222	
A/duck/Hunan/HN167/2015|E	0.3333	0.2759	0.3977	0.2298	0.187	0.043	0.432	51.73	0.399	0.468	213	225	-0.313778	0.062222	
A/duck/Hunan/HN171/2015|E	0.3391	0.2701	0.4034	0.2236	0.180	0.028	0.423	51.57	0.390	0.465	213	225	-0.313778	0.062222	
A/duck/Hunan/HN172/2015|E	0.3333	0.2759	0.3977	0.2298	0.187	0.043	0.432	51.73	0.399	0.468	213	225	-0.313778	0.062222	
A/duck/Hunan/HN174/2015|E	0.3333	0.2759	0.3977	0.2298	0.187	0.043	0.432	51.73	0.399	0.468	213	225	-0.313778	0.062222	
A/duck/Hunan/HN176/2015|E	0.3391	0.2701	0.3977	0.2298	0.184	0.036	0.427	51.48	0.394	0.467	213	225	-0.313778	0.062222	
A/duck/Hunan/HN177/2015|E	0.3333	0.2759	0.3977	0.2298	0.187	0.043	0.432	51.73	0.399	0.468	213	225	-0.313778	0.062222	
A/duck/Hunan/HN178/2015|E	0.3391	0.2701	0.3977	0.2298	0.184	0.036	0.427	51.48	0.394	0.467	213	225	-0.313778	0.062222	
A/duck/Hunan/HN182/2015|E	0.3391	0.2701	0.3977	0.2298	0.184	0.036	0.427	51.48	0.394	0.467	213	225	-0.313778	0.062222	
A/duck/Hunan/HN183/2015|E	0.3333	0.2759	0.3977	0.2298	0.187	0.043	0.432	51.73	0.399	0.468	213	225	-0.313778	0.062222	
A/duck/Hunan/HN186/2015|E	0.3333	0.2759	0.3977	0.2298	0.187	0.043	0.432	51.73	0.399	0.468	213	225	-0.313778	0.062222	
A/duck/Hunan/HN190/2015|E	0.3333	0.2759	0.3920	0.2360	0.186	0.036	0.427	51.80	0.404	0.470	213	225	-0.313778	0.062222	
A/duck/Hunan/HN191/2015|E	0.3448	0.2644	0.3977	0.2313	0.186	0.034	0.427	51.00	0.390	0.467	213	225	-0.292444	0.062222	
A/duck/Hunan/HN192/2015|E	0.3333	0.2759	0.3977	0.2298	0.187	0.043	0.432	51.73	0.399	0.468	213	225	-0.313778	0.062222	
A/duck/Hunan/HN194/2015|E	0.3391	0.2701	0.3977	0.2298	0.184	0.036	0.427	51.48	0.394	0.467	213	225	-0.313778	0.062222	
A/duck/Hunan/HN195/2015|E	0.3333	0.2759	0.3977	0.2298	0.187	0.043	0.432	51.73	0.399	0.468	213	225	-0.313778	0.062222	
A/duck/Hunan/HN197/2015|E	0.3333	0.2759	0.3977	0.2298	0.187	0.043	0.432	51.73	0.399	0.468	213	225	-0.313778	0.062222	
A/duck/Hunan/HN201/2015|E	0.3448	0.2644	0.3977	0.2313	0.186	0.034	0.427	51.00	0.390	0.467	213	225	-0.292444	0.062222	
A/duck/Hunan/HN204/2015|E	0.3448	0.2644	0.3977	0.2313	0.186	0.034	0.427	51.00	0.390	0.467	213	225	-0.292444	0.062222	
A/duck/Hunan/HN205/2015|E	0.3333	0.2759	0.3977	0.2298	0.187	0.043	0.432	51.73	0.399	0.468	213	225	-0.313778	0.062222	
A/duck/Hunan/HN206/2015|E	0.3448	0.2644	0.3977	0.2313	0.186	0.034	0.427	51.00	0.390	0.467	213	225	-0.292444	0.062222	
A/duck/Hunan/HN207/2015|E	0.3391	0.2701	0.3955	0.2284	0.187	0.043	0.432	51.27	0.394	0.468	213	225	-0.301333	0.062222	
A/duck/Hunan/HN208/2015|E	0.3333	0.2759	0.3977	0.2298	0.187	0.043	0.432	51.73	0.399	0.468	213	225	-0.313778	0.062222	
A/duck/Hunan/HN209/2015|E	0.3333	0.2759	0.3977	0.2298	0.187	0.043	0.432	51.73	0.399	0.468	213	225	-0.313778	0.062222	
A/duck/Hunan/HN210/2015|E	0.3391	0.2701	0.3955	0.2284	0.187	0.043	0.432	51.27	0.394	0.468	213	225	-0.301333	0.062222	
A/duck/Hunan/HN212/2015|E	0.3333	0.2759	0.3977	0.2298	0.187	0.043	0.432	51.73	0.399	0.468	213	225	-0.313778	0.062222	
A/duck/Hunan/HN214/2015|E	0.3448	0.2644	0.3876	0.2331	0.190	0.061	0.441	50.86	0.394	0.473	213	225	-0.289333	0.062222	
A/duck/Hunan/HN215/2015|E	0.3448	0.2644	0.3977	0.2313	0.186	0.034	0.427	51.00	0.390	0.467	213	225	-0.292444	0.062222	
A/duck/Hunan/HN216/2015|E	0.3391	0.2701	0.3977	0.2313	0.186	0.034	0.427	51.89	0.394	0.468	213	225	-0.292444	0.062222	
A/duck/Hunan/HN217/2015|E	0.3448	0.2644	0.3977	0.2313	0.186	0.034	0.427	51.00	0.390	0.467	213	225	-0.292444	0.062222	
A/duck/Hunan/HN220/2015|E	0.3410	0.2659	0.3933	0.2331	0.186	0.036	0.427	51.31	0.394	0.468	213	225	-0.301333	0.062222	
A/duck/Hunan/HN221/2015|E	0.3391	0.2701	0.3977	0.2298	0.184	0.036	0.427	51.48	0.394	0.467	213	225	-0.313778	0.062222	
A/duck/Hunan/HN224/2015|E	0.3448	0.2644	0.3977	0.2313	0.186	0.034	0.427	51.00	0.390	0.467	213	225	-0.292444	0.062222	
A/duck/Hunan/HN227/2015|E	0.3391	0.2701	0.3977	0.2298	0.184	0.036	0.427	51.64	0.394	0.465	213	225	-0.315556	0.062222	
A/duck/Hunan/HN230/2015|E	0.3391	0.2701	0.3955	0.2284	0.187	0.043	0.432	51.27	0.394	0.468	213	225	-0.301333	0.062222	
A/duck/Hunan/HN232/2015|E	0.3448	0.2644	0.3977	0.2313	0.186	0.034	0.427	51.00	0.390	0.467	213	225	-0.292444	0.062222	
A/duck/Hunan/HN234/2015|E	0.3448	0.2644	0.3898	0.2346	0.188	0.053	0.437	51.11	0.394	0.471	213	225	-0.301778	0.062222	
A/duck/Hunan/HN236/2015|E	0.3448	0.2586	0.3933	0.2331	0.184	0.048	0.432	51.48	0.390	0.470	213	225	-0.297333	0.057778	
A/duck/Hunan/HN238/2015|E	0.3448	0.2644	0.3977	0.2313	0.186	0.034	0.427	51.00	0.390	0.467	213	225	-0.292444	0.062222	
A/duck/Hunan/HN239/2015|E	0.3448	0.2644	0.3977	0.2313	0.186	0.034	0.427	51.00	0.390	0.467	213	225	-0.292444	0.062222	
A/duck/Hunan/HN240/2015|E	0.3448	0.2644	0.3977	0.2313	0.186	0.034	0.427	51.00	0.390	0.467	213	225	-0.292444	0.062222	
A/duck/Hunan/HN241/2015|E	0.3448	0.2644	0.4000	0.2313	0.183	0.034	0.427	50.60	0.390	0.467	213	225	-0.344444	0.062222	
A/duck/Hunan/HN242/2015|E	0.3448	0.2644	0.3898	0.2346	0.188	0.053	0.437	51.11	0.394	0.471	213	225	-0.301778	0.062222	
A/duck/Hunan/HN278/2015|E	0.3429	0.2629	0.3955	0.2313	0.185	0.034	0.427	51.19	0.390	0.468	213	225	-0.267111	0.062222	
A/duck/Hunan/HN285/2015|E	0.3429	0.2629	0.3955	0.2313	0.185	0.034	0.427	51.19	0.390	0.468	213	225	-0.267111	0.062222	
A/duck/Hunan/HN288/2015|E	0.3429	0.2629	0.3955	0.2313	0.185	0.034	0.427	51.19	0.390	0.468	213	225	-0.267111	0.062222	
A/duck/Hunan/HN333/2015|E	0.3448	0.2644	0.4138	0.2229	0.179	0.015	0.418	51.37	0.380	0.453	213	225	-0.323111	0.062222	
A/duck/Hunan/HN334/2015|E	0.3448	0.2644	0.4138	0.2229	0.179	0.015	0.418	51.37	0.380	0.453	213	225	-0.323111	0.062222	
A/duck/Hunan/HN335/2015|E	0.3448	0.2644	0.4138	0.2229	0.179	0.015	0.418	51.37	0.380	0.453	213	225	-0.323111	0.062222	
A/duck/Hunan/HN336/2015|E	0.3448	0.2644	0.4138	0.2229	0.179	0.015	0.418	51.37	0.380	0.453	213	225	-0.323111	0.062222	
A/duck/Hunan/HN339/2015|E	0.3448	0.2644	0.4138	0.2244	0.180	0.017	0.418	51.02	0.380	0.452	213	225	-0.299556	0.062222	
A/duck/Hunan/HN341/2015|E	0.3448	0.2644	0.4138	0.2229	0.179	0.015	0.418	51.37	0.380	0.453	213	225	-0.323111	0.062222	
A/duck/Hunan/HN342/2015|E	0.3448	0.2644	0.4138	0.2229	0.179	0.015	0.418	51.37	0.380	0.453	213	225	-0.323111	0.062222	
A/duck/Hunan/HN343/2015|E	0.3448	0.2644	0.4138	0.2215	0.177	0.008	0.413	51.44	0.380	0.455	213	225	-0.324445	0.062222	
A/duck/Hunan/S4020/2008|E	0.3353	0.2775	0.3931	0.2313	0.193	0.061	0.445	52.37	0.403	0.465	211	225	-0.364000	0.062222	
A/duck/Hunan/S4030/2011|E	0.3237	0.2775	0.3873	0.2516	0.190	0.053	0.441	51.89	0.417	0.468	211	225	-0.379111	0.062222	
A/duck/Hunan/S4101/2011|E	0.3860	0.2339	0.3855	0.2303	0.190	0.001	0.420	53.98	0.366	0.447	205	219	-0.350228	0.068493	
A/duck/Hunan/S4120/2011|E	0.3860	0.2339	0.3832	0.2288	0.188	0.003	0.420	54.33	0.366	0.449	205	219	-0.315068	0.068493	
A/duck/Hunan/S4150/2011|E	0.3353	0.2775	0.3873	0.2390	0.191	0.046	0.436	52.57	0.408	0.465	211	225	-0.340889	0.062222	
A/duck/Hunan/S4220/2011|E	0.3391	0.2644	0.4034	0.2313	0.179	0.027	0.423	50.75	0.390	0.465	213	225	-0.310222	0.062222	
A/duck/Hunan/S40199/2021(	0.3466	0.2727	0.4157	0.2050	0.182	0.007	0.417	53.36	0.375	0.452	216	230	-0.360000	0.060870	
A/duck/Hunan/S40268/2021(	0.3410	0.2659	0.3876	0.2393	0.184	0.020	0.418	51.98	0.399	0.470	213	225	-0.326222	0.057778	
A/duck/Jiangsu/m234/2012|	0.3164	0.2768	0.4302	0.2134	0.195	0.052	0.447	49.55	0.387	0.454	217	230	-0.295652	0.065217	
A/duck/Jiangsu/S4439/2017	0.3391	0.2701	0.4080	0.2264	0.192	0.041	0.432	48.73	0.390	0.465	213	225	-0.342222	0.066667	
A/duck/Jiangsu/SE1128/201	0.3391	0.2701	0.4080	0.2264	0.191	0.049	0.437	48.30	0.390	0.465	213	225	-0.353333	0.066667	
A/duck/Jiangxi/01.11_NCNP	0.3506	0.2644	0.4011	0.2160	0.194	0.075	0.451	50.74	0.380	0.465	213	225	-0.298222	0.062222	
A/duck/Jiangxi/01.14_NCJD	0.3410	0.2717	0.4000	0.2264	0.184	0.027	0.425	51.73	0.392	0.467	212	225	-0.300889	0.062222	
A/duck/Jiangxi/01.14_NCJD	0.3468	0.2659	0.4000	0.2264	0.184	0.027	0.425	50.83	0.387	0.465	212	225	-0.300889	0.062222	
A/duck/Jiangxi/01.14_NCJD	0.3410	0.2717	0.4000	0.2264	0.184	0.027	0.425	51.73	0.392	0.467	212	225	-0.300889	0.062222	
A/duck/Jiangxi/02.05_YGYX	0.3468	0.2659	0.4000	0.2264	0.184	0.027	0.425	50.83	0.387	0.465	212	225	-0.300889	0.062222	
A/duck/Jiangxi/02.06_NCJD	0.3468	0.2659	0.4000	0.2264	0.184	0.027	0.425	50.83	0.387	0.465	212	225	-0.300889	0.062222	
A/duck/Jiangxi/02.06_NCJD	0.3448	0.2644	0.4057	0.2278	0.186	0.034	0.427	51.44	0.385	0.461	213	225	-0.321778	0.062222	
A/duck/Jiangxi/2.28_NCNP2	0.3391	0.2701	0.4068	0.2160	0.189	0.051	0.437	51.84	0.385	0.467	213	225	-0.298222	0.062222	
A/duck/Jiangxi/2.28NCNP23	0.3391	0.2701	0.4068	0.2160	0.189	0.051	0.437	51.84	0.385	0.467	213	225	-0.298222	0.062222	
A/duck/Jiangxi/03.11_NCHJ	0.3430	0.2733	0.4023	0.2215	0.193	0.047	0.436	51.21	0.389	0.464	211	225	-0.329333	0.062222	
A/duck/Jiangxi/04.01__NCD	0.3276	0.2529	0.4639	0.1908	0.165	-0.062	0.372	49.86	0.353	0.445	207	217	-0.358065	0.069124	
A/duck/Jiangxi/04.01__NCD	0.3276	0.2529	0.4639	0.1908	0.165	-0.062	0.372	49.86	0.353	0.445	207	217	-0.358065	0.069124	
A/duck/Jiangxi/04.01_NCDZ	0.3526	0.2543	0.4034	0.2313	0.179	0.002	0.408	52.06	0.380	0.459	213	225	-0.280889	0.062222	
A/duck/Jiangxi/05.07__NCJ	0.3295	0.2543	0.4491	0.2026	0.172	-0.047	0.382	50.07	0.362	0.449	207	217	-0.342396	0.069124	
A/duck/Jiangxi/5.26_NCDZT	0.3448	0.2644	0.4068	0.2160	0.191	0.067	0.446	51.75	0.380	0.465	213	225	-0.298222	0.062222	
A/duck/Jiangxi/11.17_NCNP	0.3276	0.2816	0.4034	0.2236	0.192	0.051	0.437	51.82	0.399	0.471	213	225	-0.336000	0.062222	
A/duck/Jiangxi/11.17_NCNP	0.3276	0.2816	0.4034	0.2236	0.192	0.051	0.437	51.82	0.399	0.471	213	225	-0.336000	0.062222	
A/duck/Jiangxi/11.29_NCDZ	0.3448	0.2644	0.3955	0.2284	0.183	0.036	0.427	52.03	0.390	0.468	213	225	-0.298222	0.062222	
A/duck/Jiangxi/11.29_NCNP	0.3506	0.2586	0.3920	0.2360	0.185	0.025	0.423	51.46	0.390	0.467	213	225	-0.302667	0.066667	
A/duck/Jiangxi/11.29_NCNP	0.3448	0.2644	0.4068	0.2160	0.189	0.067	0.446	52.15	0.380	0.464	213	225	-0.309333	0.062222	
A/duck/Jiangxi/34/2011|EP	0.3448	0.2701	0.4034	0.2160	0.193	0.050	0.437	50.99	0.385	0.465	213	225	-0.334222	0.062222	
A/duck/Jiangxi/35/2011|EP	0.3353	0.2717	0.3920	0.2407	0.189	0.047	0.437	52.80	0.404	0.470	213	225	-0.310667	0.066667	
A/duck/Jiangxi/44/2011|EP	0.3526	0.2543	0.4146	0.2105	0.183	-0.026	0.395	51.83	0.371	0.462	205	217	-0.237327	0.073733	
A/duck/Jiangxi/95/2014|EP	0.3448	0.2644	0.4034	0.2264	0.188	0.042	0.432	51.18	0.385	0.462	213	225	-0.309333	0.062222	
A/duck/Jiangxi/120/2011|E	0.3140	0.2791	0.4393	0.2075	0.183	0.040	0.436	51.89	0.384	0.458	211	225	-0.362667	0.066667	
A/duck/Jiangxi/130/2011|E	0.3353	0.2775	0.3895	0.2390	0.192	0.044	0.436	53.82	0.408	0.465	211	225	-0.332889	0.062222	
A/duck/Jiangxi/13469/2014	0.3584	0.2601	0.4011	0.2174	0.186	0.034	0.427	50.38	0.376	0.458	213	225	-0.295556	0.062222	
A/duck/Jiangxi/13475/2014	0.3584	0.2601	0.4011	0.2174	0.186	0.034	0.427	50.38	0.376	0.458	213	225	-0.295556	0.062222	
A/duck/Jiangxi/13484/2014	0.3584	0.2601	0.4011	0.2174	0.186	0.034	0.427	50.38	0.376	0.458	213	225	-0.295556	0.062222	
A/Duck/Jiangxi/50446/2016	0.3276	0.2816	0.3977	0.2298	0.191	0.051	0.437	51.40	0.404	0.473	213	225	-0.336000	0.062222	
A/Duck/Jiangxi/50455/2016	0.3391	0.2644	0.3955	0.2346	0.185	0.047	0.432	51.26	0.394	0.470	213	225	-0.324000	0.057778	
A/duck/Jiangxi/E7/2014_(H	0.3448	0.2644	0.3977	0.2313	0.186	0.034	0.427	51.00	0.390	0.467	213	225	-0.292444	0.062222	
A/duck/Jiangxi/F31/2014(H	0.3448	0.2644	0.3977	0.2313	0.186	0.034	0.427	51.00	0.390	0.467	213	225	-0.292444	0.062222	
A/duck/Jiangxi/NCDZT1123/	0.3448	0.2644	0.3977	0.2313	0.186	0.034	0.427	51.00	0.390	0.467	213	225	-0.292444	0.062222	
A/duck/Jiangxi/NCDZT1126/	0.3448	0.2644	0.3977	0.2313	0.186	0.034	0.427	51.00	0.390	0.467	213	225	-0.292444	0.062222	
A/duck/Jiangxi/S10252/202	0.3787	0.2485	0.3879	0.2237	0.185	0.014	0.417	53.84	0.373	0.456	204	217	-0.336405	0.073733	
A/duck/Jiangxi/S40833/202	0.3728	0.2485	0.3939	0.2237	0.185	0.010	0.417	53.94	0.373	0.456	204	217	-0.311982	0.073733	
A/duck/Jilin/04.04_SY002-	0.3276	0.2816	0.4034	0.2236	0.182	0.036	0.427	50.25	0.399	0.470	213	225	-0.363556	0.062222	
A/duck/Jilin/JL-SIV/2013|	0.3468	0.2717	0.3815	0.2468	0.201	0.047	0.439	52.28	0.406	0.464	212	225	-0.369778	0.062222	
A/duck/Jilin/S1261/2019(H	0.3314	0.2629	0.4011	0.2346	0.170	0.005	0.408	49.30	0.394	0.473	213	225	-0.318667	0.057778	
A/duck/Jilin/S4171/2019(H	0.3295	0.2775	0.4034	0.2236	0.186	0.048	0.434	49.80	0.396	0.471	212	225	-0.302222	0.057778	
A/duck/Kaohsiung/15WB3298	0.3371	0.2528	0.4190	0.2242	0.188	0.033	0.429	49.87	0.378	0.464	217	230	-0.361739	0.060870	
A/duck/Kaohsiung/20WB0242	0.3315	0.2528	0.3966	0.2545	0.196	0.046	0.438	51.13	0.401	0.471	217	230	-0.383043	0.060870	
A/duck/Kaohsiung/15010213	0.3446	0.2486	0.4045	0.2378	0.183	-0.008	0.407	49.70	0.384	0.464	216	230	-0.363913	0.065217	
A/duck/Liaoning/LN/2011|E	0.3372	0.2791	0.3801	0.2581	0.187	-0.006	0.403	52.64	0.417	0.467	211	225	-0.354667	0.066667	
A/duck/Nanchang/9789/2013	0.3391	0.2701	0.4091	0.2188	0.183	0.027	0.423	51.77	0.385	0.464	213	225	-0.310222	0.062222	
A/duck/Nantou/15A3437/201	0.3427	0.2472	0.4022	0.2424	0.178	-0.010	0.406	48.99	0.387	0.464	217	230	-0.370000	0.065217	
A/duck/Nantou/17A0243/201	0.3371	0.2528	0.4056	0.2335	0.185	0.010	0.419	49.78	0.387	0.470	217	230	-0.370870	0.060870	
A/duck/Ningxia/YG61/2017|	0.3684	0.2515	0.3988	0.2282	0.199	0.046	0.439	50.82	0.376	0.449	205	217	-0.314286	0.073733	
A/duck/Ningxia/YG71/2017|	0.3567	0.2573	0.3988	0.2349	0.197	0.046	0.439	52.23	0.385	0.452	205	217	-0.314286	0.073733	
A/duck/Ningxia/YG83/2017|	0.3626	0.2515	0.3988	0.2349	0.196	0.037	0.434	52.14	0.380	0.450	205	217	-0.314286	0.073733	
A/duck/Pingtung/17A0160/2	0.3315	0.2584	0.4056	0.2335	0.182	0.004	0.415	49.91	0.392	0.470	217	230	-0.388696	0.060870	
A/duck/Pingtung/18A00003-	0.3333	0.2599	0.4134	0.2229	0.186	0.030	0.431	49.46	0.384	0.465	216	230	-0.400435	0.060870	
A/duck/Pingtung/18A00076-	0.3539	0.2360	0.3944	0.2455	0.182	-0.012	0.406	49.91	0.382	0.465	217	230	-0.399565	0.060870	
A/duck/Pingtung/18X00077/	0.3184	0.2682	0.4078	0.2321	0.185	0.028	0.429	50.20	0.401	0.475	217	230	-0.446522	0.060870	
A/duck/Pingtung/15010180/	0.3552	0.2459	0.4239	0.2083	0.188	0.029	0.430	50.63	0.359	0.450	223	237	-0.367511	0.059072	
A/duck/Pingtung/15010444/	0.3427	0.2472	0.4022	0.2424	0.180	-0.010	0.406	49.77	0.387	0.465	217	230	-0.379565	0.060870	
A/duck/Shandong/009/2008|	0.3314	0.2849	0.3757	0.2611	0.206	0.061	0.448	50.85	0.425	0.468	212	225	-0.333778	0.066667	
A/duck/Shandong/11.14_DL-	0.3636	0.2386	0.4124	0.2270	0.196	0.071	0.454	51.81	0.366	0.448	216	230	-0.353044	0.069565	
A/duck/Shandong/11.14_RD/	0.3636	0.2386	0.4124	0.2270	0.196	0.071	0.454	51.81	0.366	0.448	216	230	-0.353044	0.069565	
A/duck/Shandong/Q1/2013|E	0.3353	0.2775	0.3837	0.2500	0.185	-0.001	0.408	50.34	0.412	0.465	211	225	-0.399556	0.066667	
A/duck/Shandong/SD0261/20	0.3669	0.2544	0.3988	0.2267	0.194	0.027	0.426	53.50	0.377	0.453	204	217	-0.320276	0.078341	
A/duck/Shandong/SD0263/20	0.3669	0.2544	0.3963	0.2252	0.193	0.027	0.426	53.20	0.377	0.455	204	217	-0.338249	0.073733	
A/Duck/Shandong/Y01/2009|	0.3295	0.2727	0.4000	0.2284	0.185	0.036	0.427	50.58	0.399	0.468	213	228	-0.334649	0.061404	
A/Duck/Shandong/Y02/2009|	0.3410	0.2775	0.4046	0.2125	0.192	0.055	0.441	49.93	0.389	0.462	211	225	-0.366222	0.062222	
A/duck/Sichuan/04.27_NBXJ	0.3506	0.2586	0.4034	0.2264	0.181	0.020	0.418	49.48	0.380	0.461	213	225	-0.287111	0.062222	
A/duck/Sichuan/04.27_NBXJ	0.3506	0.2586	0.4091	0.2201	0.181	0.020	0.418	49.81	0.376	0.459	213	225	-0.287111	0.062222	
A/duck/Sichuan/04.27_NBXJ	0.3563	0.2529	0.4034	0.2264	0.181	0.020	0.418	49.33	0.376	0.459	213	225	-0.287111	0.062222	
A/duck/Sichuan/04.27_NBXJ	0.3506	0.2586	0.4091	0.2201	0.181	0.020	0.418	49.81	0.376	0.459	213	225	-0.287111	0.062222	
A/duck/Sichuan/04.27_NBXJ	0.3563	0.2529	0.4034	0.2264	0.181	0.020	0.418	49.33	0.376	0.459	213	225	-0.287111	0.062222	
A/duck/Sichuan/04.27_NCXJ	0.3506	0.2586	0.4034	0.2264	0.181	0.020	0.418	49.48	0.380	0.461	213	225	-0.287111	0.062222	
A/duck/Sichuan/NCXJ15/201	0.3506	0.2586	0.4034	0.2264	0.181	0.020	0.418	49.48	0.380	0.461	213	225	-0.287111	0.062222	
A/duck/Sichuan/NCXJ24/201	0.3506	0.2586	0.4091	0.2201	0.181	0.020	0.418	49.81	0.376	0.459	213	225	-0.287111	0.062222	
A/duck/Sichuan/NCXN10/201	0.3429	0.2629	0.3898	0.2407	0.194	0.040	0.430	51.68	0.397	0.468	214	225	-0.299556	0.062222	
A/duck/Sichuan/NCXN11/201	0.3486	0.2629	0.3898	0.2346	0.191	0.042	0.430	52.28	0.393	0.467	214	225	-0.303111	0.062222	
A/duck/Sichuan/S1805/2021	0.3352	0.2727	0.3978	0.2331	0.181	0.024	0.424	54.45	0.396	0.455	217	230	-0.333913	0.056522	
A/duck/Sichuan/SC4822/202	0.3277	0.2768	0.4011	0.2331	0.177	0.021	0.422	53.93	0.399	0.455	218	230	-0.322609	0.056522	
A/duck/Sichuan/SC5698/202	0.3277	0.2768	0.4011	0.2331	0.177	0.021	0.422	53.93	0.399	0.455	218	230	-0.322609	0.056522	
A/duck/Sichuan/SD002/2021	0.3239	0.2841	0.3944	0.2331	0.180	0.019	0.421	54.03	0.407	0.461	216	230	-0.331739	0.056522	
A/duck/Taichung/15010400-	0.3427	0.2472	0.4022	0.2424	0.180	-0.010	0.406	49.77	0.387	0.465	217	230	-0.379565	0.060870	
A/duck/Tainan/16WB3443-15	0.3483	0.2584	0.3955	0.2407	0.194	0.038	0.433	48.48	0.392	0.462	217	230	-0.342174	0.065217	
A/duck/Tainan/15010403/20	0.3552	0.2459	0.4239	0.2083	0.188	0.029	0.430	50.64	0.359	0.451	223	237	-0.365823	0.059072	
A/duck/Tainan/16010024-1/	0.3427	0.2472	0.3923	0.2455	0.178	-0.002	0.410	50.67	0.392	0.470	217	230	-0.318261	0.060870	
A/duck/Taipei/05WB830-1-5	0.3523	0.2614	0.4310	0.2039	0.148	-0.084	0.364	57.01	0.360	0.436	214	230	-0.334348	0.060870	
A/duck/Taipei/18WB0120-1-	0.3427	0.2584	0.3966	0.2393	0.190	0.038	0.433	49.20	0.392	0.464	217	230	-0.368261	0.060870	
A/duck/Taipei/19WB0235-14	0.3446	0.2655	0.4023	0.2368	0.134	-0.139	0.332	57.43	0.388	0.445	214	230	-0.336956	0.060870	
A/duck/Taiwan/01006/2015|	0.3427	0.2472	0.4022	0.2424	0.178	-0.010	0.406	49.79	0.387	0.464	217	230	-0.379565	0.060870	
A/duck/Taiwan/11213/2013|	0.3371	0.2697	0.3933	0.2303	0.190	0.022	0.426	48.79	0.398	0.470	216	230	-0.369565	0.065217	
A/duck/Taiwan/11254/2013|	0.3371	0.2697	0.3933	0.2317	0.193	0.029	0.431	47.96	0.398	0.467	216	230	-0.368261	0.065217	
A/duck/Taiwan/a043/2015|E	0.3427	0.2472	0.4022	0.2410	0.183	-0.012	0.406	49.48	0.387	0.467	217	230	-0.402174	0.060870	
A/duck/Taiwan/a068/2015|E	0.3539	0.2416	0.3966	0.2424	0.187	0.009	0.415	51.46	0.382	0.465	217	230	-0.361739	0.060870	
A/duck/Taiwan/A3400/2015|	0.3539	0.2416	0.3966	0.2424	0.187	0.009	0.415	51.46	0.382	0.465	217	230	-0.361739	0.060870	
A/duck/Taiwan/DV1238/2009	0.3785	0.2316	0.4057	0.2368	0.149	-0.105	0.353	54.49	0.358	0.429	215	230	-0.358696	0.060870	
A/duck/Taiwan/DV1241/2009	0.3785	0.2316	0.4057	0.2368	0.149	-0.105	0.353	54.49	0.358	0.429	215	230	-0.358696	0.060870	
A/duck/Taiwan/DV1242/2009	0.3785	0.2316	0.4057	0.2368	0.149	-0.105	0.353	54.49	0.358	0.429	215	230	-0.358696	0.060870	
A/duck/Taoyuan/16010023-1	0.3427	0.2472	0.3956	0.2381	0.179	0.006	0.415	50.75	0.387	0.470	217	230	-0.304783	0.060870	
A/duck/Wuxi/7249/2015|EPI	0.3506	0.2586	0.3920	0.2360	0.186	0.035	0.427	50.87	0.390	0.468	213	225	-0.324889	0.062222	
A/duck/Xinjiang/12.18_WLM	0.3616	0.2429	0.4124	0.2195	0.200	0.070	0.454	54.13	0.366	0.448	216	230	-0.326522	0.069565	
A/duck/Xinjiang/S1066/201	0.3506	0.2586	0.4057	0.2236	0.183	0.005	0.408	47.91	0.380	0.464	213	225	-0.352000	0.062222	
A/duck/Xinjiang/S1126/201	0.3448	0.2644	0.4057	0.2236	0.184	0.013	0.413	47.91	0.385	0.465	213	225	-0.352000	0.062222	
A/duck/Yilan/17A0092/2017	0.3371	0.2528	0.4000	0.2395	0.183	0.004	0.415	49.95	0.392	0.468	217	230	-0.388696	0.060870	
A/duck/Yunlin/15A5019/201	0.3408	0.2458	0.3978	0.2395	0.175	0.007	0.415	50.45	0.387	0.470	217	230	-0.320870	0.060870	
A/duck/Yunlin/17A0086/201	0.3390	0.2542	0.4000	0.2395	0.183	-0.004	0.410	49.35	0.392	0.468	217	230	-0.411739	0.060870	
A/duck/Yunlin/17A0686/201	0.3371	0.2528	0.3944	0.2455	0.183	-0.004	0.410	49.45	0.396	0.471	217	230	-0.388696	0.060870	
A/duck/Yunlin/18X00007-3/	0.3371	0.2571	0.4101	0.2303	0.183	0.022	0.423	50.67	0.386	0.464	215	230	-0.376522	0.060870	
A/duck/Yunlin/15010244-1/	0.3427	0.2472	0.4045	0.2439	0.177	-0.018	0.401	49.87	0.387	0.464	217	230	-0.391739	0.060870	
A/duck/Yunlin/15010277/20	0.3552	0.2459	0.4239	0.2083	0.188	0.029	0.430	50.64	0.359	0.451	223	237	-0.365823	0.059072	
A/duck/Yunlin/15010310-4/	0.3427	0.2472	0.4022	0.2424	0.180	-0.010	0.406	49.90	0.387	0.464	217	230	-0.381304	0.060870	
A/duck/Yunlin/15010318-2/	0.3427	0.2472	0.4022	0.2410	0.183	-0.012	0.406	49.48	0.387	0.467	217	230	-0.402174	0.060870	
A/duck/Yunlin/15010369-1/	0.3427	0.2472	0.3966	0.2485	0.180	-0.010	0.406	49.49	0.392	0.467	217	230	-0.379565	0.060870	
A/duck/Yunlin/15010458-1/	0.3607	0.2404	0.4239	0.2083	0.188	0.021	0.426	50.63	0.354	0.450	223	237	-0.365823	0.059072	
A/duck/Yunlin/15070002-2/	0.3408	0.2458	0.3978	0.2395	0.175	0.007	0.415	50.45	0.387	0.470	217	230	-0.320870	0.060870	
A/duck/Yunlin/17110001/20	0.3371	0.2528	0.4022	0.2424	0.184	-0.005	0.410	49.90	0.392	0.467	217	230	-0.399565	0.060870	
A/duck/Yunlin/18060007-3/	0.3333	0.2542	0.4101	0.2424	0.187	-0.007	0.410	49.88	0.392	0.465	217	230	-0.431739	0.060870	
A/duck/Yunnan/03.15_DQWGH	0.3333	0.2759	0.3977	0.2298	0.192	0.057	0.441	51.09	0.399	0.471	213	225	-0.322667	0.062222	
A/duck/Yunnan/03.16_DQXYL	0.3333	0.2759	0.3977	0.2298	0.192	0.057	0.441	51.09	0.399	0.471	213	225	-0.322667	0.062222	
A/duck/Yunnan/03.16_DQXYL	0.3276	0.2471	0.4578	0.2053	0.162	-0.073	0.367	47.36	0.357	0.442	207	217	-0.354839	0.069124	
A/duck/Yunnan/03.16_DQXYL	0.3333	0.2759	0.3977	0.2298	0.192	0.057	0.441	51.09	0.399	0.471	213	225	-0.322667	0.062222	
A/duck/Yunnan/03.16_DQXYL	0.3333	0.2759	0.3977	0.2298	0.192	0.057	0.441	51.09	0.399	0.471	213	225	-0.322667	0.062222	
A/duck/Yunnan/07.15_DQNPH	0.3391	0.2701	0.3977	0.2298	0.187	0.051	0.437	51.04	0.394	0.467	213	225	-0.312000	0.062222	
A/duck/Yunnan/07.15_DQNPH	0.3391	0.2701	0.3977	0.2298	0.187	0.051	0.437	51.04	0.394	0.467	213	225	-0.312000	0.062222	
A/duck/Yunnan/07.15_DQNPH	0.3391	0.2701	0.3977	0.2298	0.187	0.051	0.437	51.04	0.394	0.467	213	225	-0.312000	0.062222	
A/duck/Yunnan/07.15_DQNPH	0.3391	0.2701	0.3977	0.2298	0.187	0.051	0.437	51.04	0.394	0.467	213	225	-0.312000	0.062222	
A/duck/Yunnan/S4318/2021(	0.3371	0.2743	0.3978	0.2346	0.178	0.022	0.424	54.75	0.396	0.451	217	230	-0.328261	0.056522	
A/Duck/Yunnan/YN-2/2016_(	0.3333	0.2701	0.4034	0.2327	0.189	0.047	0.437	52.53	0.394	0.465	213	225	-0.315556	0.062222	
A/Duck/Yunnan/YN-4/2015__	0.3391	0.2701	0.3977	0.2298	0.188	0.050	0.437	50.24	0.394	0.467	213	225	-0.308000	0.062222	
A/Duck/Yunnan/YN-9/2016__	0.3481	0.2541	0.3934	0.2335	0.175	0.012	0.414	49.18	0.386	0.467	220	232	-0.354741	0.056034	
A/Duck/Zhanjiang/15577/20	0.3333	0.2759	0.4034	0.2236	0.189	0.051	0.437	52.43	0.394	0.468	213	225	-0.312000	0.062222	
A/duck/Zhejiang/02.28_JHZ	0.3353	0.2775	0.4000	0.2264	0.188	0.049	0.439	51.53	0.396	0.470	212	225	-0.311556	0.062222	
A/duck/Zhejiang/6D18/2013	0.3672	0.2373	0.4205	0.2147	0.196	0.048	0.440	50.48	0.356	0.448	216	230	-0.343478	0.069565	
A/duck/Zhejiang/77138/201	0.3448	0.2644	0.4034	0.2250	0.180	0.010	0.413	50.67	0.385	0.465	213	225	-0.292000	0.062222	
A/duck/Zhejiang/727041/20	0.3506	0.2586	0.3920	0.2390	0.180	0.021	0.423	53.97	0.390	0.468	213	225	-0.321778	0.062222	
A/duck/Zhejiang/727158/20	0.3391	0.2701	0.3977	0.2327	0.189	0.050	0.437	50.51	0.394	0.465	213	225	-0.337333	0.057778	
A/duck/Zhejiang/925019/20	0.3672	0.2260	0.4068	0.2469	0.188	0.012	0.419	49.56	0.369	0.448	217	230	-0.338696	0.073913	
A/duck/Zhejiang/925169/20	0.3672	0.2316	0.3989	0.2454	0.190	0.030	0.429	50.80	0.373	0.449	217	230	-0.305217	0.073913	
A/duck/Zhejiang/1026109/2	0.3636	0.2500	0.3764	0.2470	0.186	0.034	0.431	50.40	0.394	0.464	216	230	-0.404783	0.060870	
A/duck/Zhejiang/1220092/2	0.3410	0.2717	0.3736	0.2484	0.195	0.052	0.441	53.43	0.412	0.468	211	225	-0.402222	0.062222	
A/duck/Zhejiang/S4091/201	0.3391	0.2759	0.4057	0.2188	0.192	0.051	0.437	49.46	0.390	0.465	213	225	-0.350667	0.062222	
A/duck/Zhejiang/S4854/202	0.3295	0.2775	0.3842	0.2454	0.190	0.025	0.423	54.25	0.413	0.477	213	225	-0.307111	0.057778	
A/duck/Zhejiang/W24/2013|	0.3636	0.2386	0.4124	0.2270	0.200	0.071	0.454	51.14	0.366	0.448	216	230	-0.342174	0.069565	
A/egret/Jiangsu/SD021/202	0.3787	0.2426	0.3939	0.2237	0.189	0.023	0.422	52.79	0.368	0.456	204	217	-0.353456	0.073733	
A/Egret/Shangdong/JN529/2	0.3276	0.2759	0.3876	0.2378	0.185	0.034	0.427	51.79	0.408	0.479	213	225	-0.319556	0.057778	
A/environment/Hunan/HN261	0.3448	0.2644	0.4034	0.2264	0.188	0.042	0.432	51.18	0.385	0.462	213	225	-0.309333	0.062222	
A/Environment/Shandong/WS	0.3276	0.2759	0.3876	0.2378	0.185	0.034	0.427	51.79	0.408	0.479	213	225	-0.319556	0.057778	
A/Environment/Shandong/WS	0.3276	0.2759	0.3876	0.2378	0.185	0.034	0.427	51.79	0.408	0.479	213	225	-0.319556	0.057778	
A/Environment/Shandong/WS	0.3295	0.2775	0.3898	0.2331	0.185	0.036	0.429	52.01	0.406	0.477	212	225	-0.329778	0.057778	
A/equine/China/61/2010|EP	0.3237	0.2832	0.4023	0.2327	0.196	0.079	0.458	50.44	0.406	0.467	212	225	-0.373778	0.062222	
A/equine/China/67/2010|EP	0.3237	0.2832	0.4023	0.2327	0.196	0.079	0.458	50.44	0.406	0.467	212	225	-0.373778	0.062222	
A/equine/China/68/2010|EP	0.3237	0.2832	0.4023	0.2327	0.196	0.079	0.458	50.44	0.406	0.467	212	225	-0.373778	0.062222	
A/eurasian_eagle-owl/Hena	0.3728	0.2485	0.3939	0.2237	0.192	0.028	0.426	53.32	0.373	0.456	204	217	-0.332719	0.073733	
A/Eurasian_Teal/Hong_Kong	0.3220	0.2825	0.4045	0.2346	0.189	0.031	0.429	50.94	0.406	0.468	217	230	-0.359130	0.065217	
A/Eurasian_Teal/Hong_Kong	0.3258	0.2753	0.4045	0.2346	0.189	0.031	0.429	51.08	0.401	0.468	217	230	-0.336087	0.065217	
A/Eurasian_Wigeon/Hong_Ko	0.3258	0.2753	0.4045	0.2346	0.189	0.031	0.429	51.08	0.401	0.468	217	230	-0.336087	0.065217	
A/Eurasian_Wigeon/Hong_Ko	0.3258	0.2753	0.4045	0.2346	0.189	0.031	0.429	51.08	0.401	0.468	217	230	-0.336087	0.065217	
A/Falcated_Duck/Ningxia/4	0.3448	0.2644	0.3864	0.2422	0.184	0.018	0.418	51.94	0.399	0.470	213	225	-0.333778	0.062222	
A/Falco_peregrinus/Beijin	0.3202	0.2809	0.3966	0.2393	0.183	-0.014	0.401	51.98	0.410	0.471	217	230	-0.360435	0.060870	
A/feline/Guangdong/2/2014	0.3391	0.2701	0.3920	0.2360	0.190	0.051	0.437	51.62	0.399	0.470	213	225	-0.312000	0.062222	
A/Fujian/1/2005|EPI_ISL_2	0.3295	0.2775	0.4000	0.2313	0.192	0.064	0.448	49.72	0.401	0.464	212	225	-0.365333	0.062222	
A/Fujian/1/2007|EPI_ISL_7	0.3276	0.2759	0.3966	0.2390	0.193	0.071	0.453	50.17	0.406	0.468	212	225	-0.360000	0.062222	
A/Fujian/1/2024(H5N6)|EPI	0.3429	0.2686	0.4000	0.2256	0.177	0.000	0.412	53.05	0.389	0.459	216	230	-0.347391	0.060870	
A/Fujian/2/2024(H5N6)|EPI	0.3429	0.2686	0.4000	0.2256	0.177	0.000	0.412	53.05	0.389	0.459	216	230	-0.347391	0.060870	
A/Fujian-Sanyuan/21099/20	0.3464	0.2570	0.3736	0.2440	0.174	0.021	0.419	55.57	0.401	0.475	217	230	-0.339565	0.052174	
A/Fujian-Sanyuan/21099/20	0.3559	0.2486	0.4171	0.2222	0.197	0.057	0.449	53.94	0.370	0.449	216	230	-0.360435	0.078261	
A/Gadwall/Ningxia/472-7/2	0.3448	0.2644	0.3864	0.2422	0.184	0.018	0.418	51.94	0.399	0.470	213	225	-0.333778	0.062222	
A/Gallinago_Stenura/Hong_	0.3258	0.2753	0.4045	0.2346	0.189	0.031	0.429	51.08	0.401	0.468	217	230	-0.336087	0.065217	
A/Gallinula_chloropus/Gua	0.3448	0.2644	0.4000	0.2327	0.185	0.027	0.423	51.54	0.390	0.464	213	225	-0.322667	0.062222	
A/Goose/_Guangdong_/JG125	0.3448	0.2644	0.3977	0.2313	0.190	0.041	0.432	50.77	0.390	0.465	213	225	-0.332444	0.062222	
A/Goose/_Guangdong_/SSLBY	0.3448	0.2644	0.3864	0.2453	0.185	0.026	0.423	51.08	0.399	0.467	213	225	-0.309333	0.062222	
A/Goose/_Guangdong_/SSZYP	0.3391	0.2701	0.3920	0.2375	0.185	0.029	0.423	50.40	0.399	0.467	213	225	-0.300000	0.062222	
A/goose/Anhui/AH350/2015|	0.3429	0.2571	0.4022	0.2256	0.182	0.031	0.425	50.22	0.383	0.470	214	225	-0.240889	0.062222	
A/goose/Changhua/15040008	0.3352	0.2570	0.3989	0.2424	0.181	-0.002	0.410	50.71	0.396	0.470	217	230	-0.380870	0.060870	
A/goose/Chiayi/15010008-3	0.3427	0.2472	0.4000	0.2410	0.180	-0.010	0.406	50.05	0.387	0.467	217	230	-0.366087	0.060870	
A/goose/Chiayi/15010016-1	0.3427	0.2472	0.4022	0.2424	0.180	-0.010	0.406	49.77	0.387	0.465	217	230	-0.379565	0.060870	
A/goose/Chiayi/15020022/2	0.3552	0.2459	0.4239	0.2083	0.188	0.029	0.430	50.64	0.359	0.451	223	237	-0.365823	0.059072	
A/goose/Chiayi/16010017-2	0.3427	0.2472	0.3978	0.2395	0.179	0.006	0.415	50.47	0.387	0.468	217	230	-0.318261	0.060870	
A/goose/Chiayi/16040003-1	0.3427	0.2528	0.3978	0.2335	0.176	-0.002	0.410	50.26	0.387	0.467	217	230	-0.318261	0.060870	
A/goose/Chiayi/16040005/2	0.3427	0.2528	0.3978	0.2335	0.176	-0.002	0.410	50.26	0.387	0.467	217	230	-0.318261	0.060870	
A/goose/Chiayi/17020027-1	0.3371	0.2472	0.4056	0.2395	0.181	-0.004	0.410	48.81	0.387	0.467	217	230	-0.388696	0.060870	
A/goose/Chiayi/17040014/2	0.3352	0.2514	0.4078	0.2364	0.174	-0.018	0.401	52.40	0.387	0.465	217	230	-0.330435	0.060870	
A/goose/Chiayi/18010006/2	0.3390	0.2542	0.3989	0.2439	0.182	-0.019	0.403	49.69	0.394	0.467	216	230	-0.407826	0.060870	
A/goose/Chiayi/18020014-2	0.3371	0.2528	0.4045	0.2439	0.183	-0.014	0.406	49.44	0.392	0.465	217	230	-0.393913	0.060870	
A/goose/China/1/2021|EPI_	0.3787	0.2426	0.3939	0.2237	0.186	0.014	0.417	53.18	0.368	0.455	204	217	-0.336405	0.073733	
A/goose/China/0701/2018|E	0.3448	0.2701	0.4068	0.2099	0.190	0.051	0.437	51.06	0.380	0.465	213	225	-0.309778	0.062222	
A/goose/China/1106/2016|E	0.3523	0.2614	0.3898	0.2364	0.188	0.039	0.435	51.12	0.394	0.462	216	230	-0.409131	0.065217	
A/goose/China/E43/2012|EP	0.3371	0.2743	0.3977	0.2236	0.185	0.050	0.437	50.74	0.394	0.467	213	225	-0.321333	0.062222	
A/goose/Chongqing/SD003/2	0.3295	0.2784	0.3978	0.2331	0.177	0.016	0.419	53.90	0.401	0.455	217	230	-0.333913	0.056522	
A/goose/Eastern_China/CZ/	0.3580	0.2443	0.4068	0.2331	0.201	0.071	0.454	52.15	0.375	0.451	216	230	-0.342174	0.069565	
A/goose/Eastern_China/L12	0.3353	0.2775	0.3895	0.2436	0.184	-0.001	0.408	49.57	0.408	0.464	211	225	-0.409333	0.066667	
A/goose/Eastern_China/L12	0.3239	0.2784	0.4190	0.2134	0.198	0.058	0.449	49.69	0.389	0.457	216	230	-0.334348	0.065217	
A/goose/Eastern_China/S04	0.3672	0.2373	0.4205	0.2160	0.196	0.050	0.440	51.58	0.356	0.445	216	230	-0.322174	0.069565	
A/goose/Eastern_China/S05	0.3448	0.2644	0.3920	0.2375	0.183	0.021	0.418	50.40	0.394	0.465	213	225	-0.300000	0.062222	
A/goose/Fujian/3.15_FZHX0	0.3448	0.2644	0.4011	0.2222	0.187	0.052	0.437	51.82	0.385	0.465	213	225	-0.300000	0.062222	
A/goose/Fujian/3.15_FZHX0	0.3448	0.2644	0.3955	0.2284	0.191	0.050	0.437	51.81	0.390	0.470	213	225	-0.280000	0.062222	
A/goose/Fujian/3.15_FZHX0	0.3448	0.2644	0.4011	0.2222	0.189	0.051	0.437	51.10	0.385	0.467	213	225	-0.298222	0.062222	
A/goose/Fujian/3.15_FZHX0	0.3448	0.2644	0.4011	0.2222	0.189	0.051	0.437	51.10	0.385	0.467	213	225	-0.298222	0.062222	
A/goose/Fujian/3.15_FZHX0	0.3448	0.2644	0.3955	0.2284	0.189	0.051	0.437	51.98	0.390	0.468	213	225	-0.298222	0.062222	
A/goose/Fujian/10.11_FZHX	0.3448	0.2644	0.4000	0.2298	0.187	0.028	0.423	53.18	0.390	0.464	213	225	-0.351111	0.066667	
A/goose/Fujian/10.26_FZHX	0.3314	0.2743	0.3977	0.2327	0.180	0.042	0.432	53.38	0.399	0.465	213	225	-0.306667	0.062222	
A/goose/Fujian/10.26_FZHX	0.3314	0.2743	0.3977	0.2327	0.180	0.042	0.432	53.38	0.399	0.465	213	225	-0.306667	0.062222	
A/goose/Fujian/10.26_FZHX	0.3371	0.2686	0.3977	0.2327	0.180	0.034	0.427	53.32	0.394	0.464	213	225	-0.306667	0.062222	
A/goose/Fujian/10.26_FZHX	0.3409	0.2614	0.4045	0.2250	0.178	0.034	0.425	53.34	0.383	0.459	214	225	-0.290667	0.057778	
A/goose/Fujian/10.26_FZHX	0.3371	0.2686	0.3977	0.2327	0.180	0.034	0.427	53.32	0.394	0.464	213	225	-0.306667	0.062222	
A/goose/Fujian/10.26_FZHX	0.3371	0.2686	0.3977	0.2327	0.180	0.034	0.427	53.32	0.394	0.464	213	225	-0.306667	0.062222	
A/goose/Fujian/10.26_FZHX	0.3314	0.2743	0.3977	0.2327	0.180	0.042	0.432	53.38	0.399	0.465	213	225	-0.306667	0.062222	
A/goose/Fujian/10.26_FZHX	0.3371	0.2686	0.3977	0.2327	0.180	0.034	0.427	53.32	0.394	0.464	213	225	-0.306667	0.062222	
A/goose/Fujian/10.26_FZHX	0.3314	0.2743	0.3977	0.2327	0.180	0.042	0.432	53.38	0.399	0.465	213	225	-0.306667	0.062222	
A/goose/Fujian/11.3_FZHX1	0.3333	0.2759	0.3920	0.2360	0.187	0.051	0.437	52.31	0.404	0.468	213	225	-0.313778	0.062222	
A/goose/Guangdong/03.27_D	0.3448	0.2644	0.3977	0.2298	0.191	0.051	0.437	52.09	0.390	0.467	213	225	-0.312000	0.062222	
A/goose/Guangdong/04.22_D	0.3333	0.2759	0.3977	0.2298	0.189	0.051	0.437	52.09	0.399	0.470	213	225	-0.312000	0.062222	
A/goose/Guangdong/04.22_D	0.3506	0.2644	0.3977	0.2264	0.188	0.042	0.432	51.62	0.385	0.461	213	225	-0.311111	0.062222	
A/goose/Guangdong/04.22_D	0.3506	0.2644	0.3977	0.2264	0.188	0.042	0.432	51.62	0.385	0.461	213	225	-0.311111	0.062222	
A/goose/Guangdong/04.22_D	0.3506	0.2644	0.3977	0.2264	0.188	0.042	0.432	51.62	0.385	0.461	213	225	-0.311111	0.062222	
A/goose/Guangdong/04.23_D	0.3333	0.2759	0.3977	0.2298	0.189	0.051	0.437	52.09	0.399	0.470	213	225	-0.312000	0.062222	
A/goose/Guangdong/04.23_D	0.3333	0.2759	0.3977	0.2298	0.189	0.051	0.437	52.09	0.399	0.470	213	225	-0.312000	0.062222	
A/goose/Guangdong/04.23_D	0.3391	0.2701	0.4034	0.2236	0.190	0.059	0.441	51.04	0.390	0.467	213	225	-0.312000	0.062222	
A/goose/Guangdong/04.23_D	0.3371	0.2686	0.3920	0.2360	0.189	0.059	0.441	52.06	0.399	0.471	213	225	-0.298222	0.062222	
A/goose/Guangdong/7.20_DG	0.3391	0.2701	0.4068	0.2160	0.185	0.043	0.432	51.59	0.385	0.467	213	225	-0.298222	0.062222	
A/goose/Guangdong/k0103/2	0.3430	0.2733	0.3743	0.2628	0.191	0.015	0.417	50.69	0.417	0.471	211	225	-0.332889	0.066667	
A/Goose/Guangdong/PO17072	0.3506	0.2586	0.4068	0.2147	0.186	0.036	0.427	51.42	0.376	0.465	213	225	-0.299556	0.062222	
A/goose/Guangdong/QY01/20	0.3448	0.2586	0.4034	0.2298	0.183	0.037	0.427	51.57	0.385	0.465	213	225	-0.328445	0.062222	
A/goose/Guangdong/S230/20	0.3488	0.2674	0.3876	0.2270	0.189	0.046	0.434	51.64	0.392	0.470	212	225	-0.270667	0.057778	
A/goose/Guangdong/S4751/2	0.3486	0.2743	0.4157	0.2050	0.183	0.015	0.421	52.95	0.375	0.451	216	230	-0.373913	0.060870	
A/goose/Guangdong/s13124/	0.3295	0.2832	0.3977	0.2403	0.183	-0.009	0.403	48.78	0.408	0.459	211	225	-0.380444	0.066667	
A/goose/Guangdong/SH7/201	0.3391	0.2701	0.3977	0.2313	0.189	0.043	0.432	51.10	0.394	0.467	213	225	-0.310222	0.062222	
A/goose/Guangdong/YJD/201	0.3391	0.2701	0.4023	0.2357	0.188	0.038	0.432	54.69	0.394	0.461	213	225	-0.311111	0.062222	
A/goose/Guangxi/S20601/20	0.3669	0.2544	0.3879	0.2303	0.186	0.020	0.422	53.63	0.382	0.462	204	217	-0.347465	0.073733	
A/goose/Guizhou/S1541/202	0.3220	0.2599	0.3898	0.2699	0.196	0.054	0.444	54.14	0.417	0.471	216	230	-0.436087	0.060870	
A/goose/Henan/01.01_LYGL0	0.3448	0.2586	0.4011	0.2284	0.189	0.051	0.437	51.80	0.385	0.461	213	225	-0.296889	0.062222	
A/goose/Henan/S1315/2021|	0.3669	0.2485	0.3916	0.2288	0.183	0.006	0.412	54.85	0.377	0.459	204	217	-0.323502	0.073733	
A/goose/Hubei/113/2014|EP	0.3448	0.2644	0.4034	0.2264	0.188	0.042	0.432	51.18	0.385	0.462	213	225	-0.309333	0.062222	
A/goose/HuBei/117/2014|EP	0.3448	0.2644	0.4034	0.2264	0.188	0.042	0.432	51.18	0.385	0.462	213	225	-0.309333	0.062222	
A/goose/Hunan/81/2014|EPI	0.3506	0.2586	0.3977	0.2298	0.181	0.030	0.423	49.66	0.385	0.465	213	225	-0.326667	0.062222	
A/goose/Hunan/82/2014|EPI	0.3506	0.2586	0.3977	0.2298	0.181	0.030	0.423	49.66	0.385	0.465	213	225	-0.326667	0.062222	
A/goose/Hunan/107/2014|EP	0.3486	0.2629	0.4057	0.2215	0.189	0.042	0.432	51.09	0.380	0.458	213	225	-0.312889	0.062222	
A/goose/Hunan/109/2014|EP	0.3526	0.2601	0.3977	0.2327	0.188	0.034	0.427	50.77	0.385	0.459	213	225	-0.323555	0.062222	
A/goose/Hunan/110/2014|EP	0.3448	0.2644	0.4034	0.2264	0.188	0.042	0.432	51.18	0.385	0.462	213	225	-0.309333	0.062222	
A/goose/Hunan/111/2014|EP	0.3506	0.2644	0.4034	0.2201	0.186	0.034	0.427	51.08	0.380	0.459	213	225	-0.320444	0.062222	
A/goose/Hunan/115/2014|EP	0.3448	0.2644	0.4138	0.2244	0.188	0.037	0.427	50.25	0.380	0.453	213	225	-0.283556	0.066667	
A/goose/Hunan/116/2014|EP	0.3468	0.2717	0.4034	0.2201	0.194	0.057	0.441	51.36	0.385	0.461	213	225	-0.306222	0.062222	
A/goose/Hunan/155/2014|EP	0.3391	0.2701	0.3977	0.2298	0.182	0.037	0.427	50.26	0.394	0.468	213	225	-0.326667	0.062222	
A/goose/Hunan/159/2014|EP	0.3448	0.2644	0.3977	0.2298	0.181	0.030	0.423	50.26	0.390	0.467	213	225	-0.326667	0.062222	
A/goose/Hunan/160/2014|EP	0.3506	0.2586	0.3977	0.2298	0.181	0.030	0.423	49.66	0.385	0.465	213	225	-0.326667	0.062222	
A/goose/Hunan/161/2014|EP	0.3506	0.2586	0.4057	0.2250	0.179	0.022	0.418	49.51	0.380	0.461	213	225	-0.349778	0.062222	
A/goose/Hunan/HN11/2015|E	0.3448	0.2644	0.3977	0.2313	0.179	0.027	0.423	51.41	0.390	0.465	213	225	-0.310667	0.062222	
A/goose/Hunan/HN22/2015|E	0.3448	0.2644	0.4000	0.2313	0.183	0.034	0.427	50.60	0.390	0.467	213	225	-0.344444	0.062222	
A/goose/Hunan/HN57/2015|E	0.3448	0.2644	0.4000	0.2313	0.183	0.034	0.427	50.60	0.390	0.467	213	225	-0.344444	0.062222	
A/goose/Hunan/HN88/2015|E	0.3448	0.2644	0.4034	0.2264	0.188	0.042	0.432	51.18	0.385	0.462	213	225	-0.309333	0.062222	
A/goose/Hunan/HN90/2015|E	0.3448	0.2644	0.4034	0.2264	0.188	0.042	0.432	51.18	0.385	0.462	213	225	-0.309333	0.062222	
A/goose/Hunan/HN310/2015|	0.3448	0.2644	0.4138	0.2229	0.179	0.015	0.418	51.37	0.380	0.453	213	225	-0.323111	0.062222	
A/goose/Hunan/HN311/2015|	0.3448	0.2644	0.4138	0.2229	0.179	0.015	0.418	51.37	0.380	0.453	213	225	-0.323111	0.062222	
A/goose/Hunan/HN314/2015|	0.3448	0.2644	0.3977	0.2298	0.185	0.037	0.427	50.56	0.390	0.468	213	225	-0.328445	0.062222	
A/goose/Hunan/HN315/2015|	0.3448	0.2644	0.3977	0.2298	0.185	0.037	0.427	50.56	0.390	0.468	213	225	-0.328445	0.062222	
A/goose/Hunan/HN316/2015|	0.3448	0.2644	0.3977	0.2298	0.185	0.037	0.427	50.56	0.390	0.468	213	225	-0.328445	0.062222	
A/goose/Hunan/HN317/2015|	0.3448	0.2644	0.3977	0.2298	0.185	0.037	0.427	50.56	0.390	0.468	213	225	-0.328445	0.062222	
A/goose/Hunan/HN318/2015|	0.3448	0.2644	0.4138	0.2229	0.179	0.015	0.418	51.37	0.380	0.453	213	225	-0.323111	0.062222	
A/goose/Hunan/HN319/2015|	0.3448	0.2644	0.3977	0.2298	0.185	0.037	0.427	50.56	0.390	0.468	213	225	-0.328445	0.062222	
A/goose/Hunan/S11288/2021	0.3728	0.2485	0.3939	0.2237	0.183	0.017	0.417	53.27	0.373	0.456	204	217	-0.315207	0.073733	
A/goose/Hunan/SE284/2022(	0.3202	0.2809	0.3966	0.2407	0.181	0.003	0.410	52.45	0.410	0.470	217	230	-0.337826	0.060870	
A/goose/Inner_Mongolia/IM	0.3371	0.2528	0.4134	0.2303	0.189	0.038	0.433	49.56	0.382	0.467	217	230	-0.381739	0.060870	
A/goose/Jiangsu/k0403/201	0.3353	0.2775	0.3988	0.2250	0.193	0.063	0.445	52.12	0.398	0.462	211	225	-0.343556	0.062222	
A/goose/Jiangsu/QD5/2014|	0.3636	0.2386	0.4124	0.2270	0.199	0.071	0.454	51.14	0.366	0.449	216	230	-0.342174	0.069565	
A/goose/Jiangsu/S1385/202	0.3765	0.2412	0.3976	0.2237	0.183	0.011	0.415	53.13	0.366	0.453	205	217	-0.324424	0.073733	
A/goose/Jiangxi/01.09_NFJ	0.3448	0.2644	0.4034	0.2264	0.188	0.042	0.432	51.18	0.385	0.462	213	225	-0.309333	0.062222	
A/goose/Jilin/04.04_SY003	0.3448	0.2644	0.3920	0.2375	0.196	0.049	0.437	50.24	0.394	0.467	213	225	-0.332444	0.062222	
A/goose/Jilin/S4034/2019(	0.3410	0.2601	0.3955	0.2407	0.181	0.020	0.418	50.69	0.394	0.470	213	225	-0.328000	0.057778	
A/goose/Liaoning/S1266/20	0.3846	0.2367	0.3939	0.2237	0.185	0.006	0.412	53.55	0.363	0.453	204	217	-0.336405	0.073733	
A/goose/Pingtung/15010007	0.3427	0.2472	0.4022	0.2424	0.180	-0.010	0.406	49.77	0.387	0.465	217	230	-0.379565	0.060870	
A/goose/Pingtung/15010037	0.3427	0.2472	0.4022	0.2424	0.180	-0.010	0.406	49.77	0.387	0.465	217	230	-0.379565	0.060870	
A/goose/Pingtung/15050014	0.3483	0.2472	0.3989	0.2439	0.185	0.009	0.415	51.81	0.387	0.465	217	230	-0.373913	0.060870	
A/goose/Pingtung/16010061	0.3427	0.2528	0.3989	0.2439	0.178	0.012	0.415	52.81	0.392	0.464	217	230	-0.365217	0.060870	
A/Goose/Qingyuan/16875/20	0.3353	0.2717	0.3977	0.2360	0.193	0.058	0.441	52.70	0.399	0.467	213	225	-0.307556	0.062222	
A/goose/Shandong/01.01_JY	0.3503	0.2739	0.3831	0.2308	0.194	0.046	0.437	52.95	0.400	0.465	190	203	-0.243842	0.068966	
A/goose/Shandong/01.07_JQ	0.3397	0.2885	0.3766	0.2378	0.194	0.045	0.437	53.54	0.416	0.466	190	203	-0.238916	0.068966	
A/goose/Shandong/02.16_YG	0.3448	0.2644	0.3920	0.2375	0.184	0.037	0.427	51.24	0.394	0.467	213	225	-0.314222	0.062222	
A/goose/Shandong/02.26_GD	0.3448	0.2644	0.3977	0.2327	0.187	0.042	0.432	50.58	0.390	0.464	213	225	-0.309333	0.062222	
A/goose/Shandong/03.10_HZ	0.3391	0.2701	0.4023	0.2327	0.187	0.028	0.423	48.52	0.394	0.464	213	225	-0.366222	0.062222	
A/goose/Shandong/03.16_JN	0.3584	0.2601	0.4011	0.2174	0.186	0.034	0.427	50.38	0.376	0.458	213	225	-0.295556	0.062222	
A/goose/Shandong/04.22_GT	0.3503	0.2739	0.3766	0.2378	0.193	0.046	0.437	52.65	0.405	0.466	190	203	-0.243842	0.068966	
A/goose/Shandong/05.23_AY	0.3672	0.2373	0.4205	0.2160	0.194	0.055	0.444	50.08	0.356	0.446	216	230	-0.340870	0.069565	
A/goose/Shandong/05.23_DT	0.3636	0.2386	0.4181	0.2209	0.195	0.063	0.449	51.06	0.361	0.448	216	230	-0.342174	0.069565	
A/goose/Shandong/06.14_HZ	0.3636	0.2386	0.4068	0.2331	0.200	0.071	0.454	51.70	0.370	0.451	216	230	-0.342174	0.069565	
A/goose/Shandong/11.02_CQ	0.3468	0.2601	0.4068	0.2236	0.182	0.026	0.423	50.54	0.380	0.461	213	225	-0.293778	0.062222	
A/goose/Shandong/12.05_YG	0.3448	0.2644	0.3920	0.2375	0.184	0.037	0.427	51.24	0.394	0.467	213	225	-0.314222	0.062222	
A/goose/Shandong/12.08_YG	0.3596	0.2303	0.4181	0.2270	0.187	0.043	0.435	53.25	0.361	0.449	216	230	-0.350000	0.065217	
A/Goose/Shandong/21153-3/	0.3758	0.2364	0.3988	0.2267	0.185	0.012	0.415	53.53	0.365	0.454	200	212	-0.309434	0.075472	
A/goose/Shandong/GD-GS/20	0.3672	0.2373	0.4157	0.2209	0.194	0.060	0.447	50.85	0.359	0.445	217	230	-0.330870	0.069565	
A/goose/Shandong/GS/2013(	0.3391	0.2701	0.3920	0.2422	0.193	0.044	0.435	49.83	0.402	0.468	214	225	-0.354222	0.062222	
A/goose/Shandong/LQ01694/	0.3353	0.2775	0.3895	0.2452	0.183	-0.008	0.403	49.64	0.408	0.462	211	225	-0.386222	0.066667	
A/goose/Tainan/16040018-1	0.3446	0.2486	0.4022	0.2395	0.188	0.023	0.424	52.48	0.387	0.464	217	230	-0.397826	0.060870	
A/goose/Tainan/16070002/2	0.3483	0.2472	0.3989	0.2410	0.187	0.015	0.419	52.53	0.387	0.465	217	230	-0.396087	0.060870	
A/goose/Tainan/17030022-1	0.3371	0.2528	0.4000	0.2395	0.183	0.004	0.415	49.60	0.392	0.468	217	230	-0.388696	0.060870	
A/goose/Tainan/17030024-1	0.3371	0.2528	0.3944	0.2455	0.187	0.014	0.419	49.82	0.396	0.470	217	230	-0.378261	0.060870	
A/goose/Tainan/18010022-1	0.3315	0.2584	0.4000	0.2395	0.186	0.004	0.415	49.67	0.396	0.470	217	230	-0.390435	0.060870	
A/goose/Tainan/18050014-1	0.3427	0.2528	0.4000	0.2335	0.184	-0.004	0.410	48.59	0.387	0.468	217	230	-0.387391	0.060870	
A/goose/Taiwan/01019/2015	0.3552	0.2459	0.4239	0.2083	0.188	0.029	0.430	50.64	0.359	0.451	223	237	-0.365823	0.059072	
A/goose/Taiwan/01022/2015	0.3427	0.2472	0.4022	0.2424	0.180	-0.010	0.406	49.77	0.387	0.465	217	230	-0.379565	0.060870	
A/goose/Taiwan/01023/2015	0.3408	0.2458	0.3966	0.2485	0.181	-0.009	0.406	50.08	0.392	0.467	217	230	-0.330000	0.060870	
A/goose/Taiwan/01031/2015	0.3427	0.2472	0.4000	0.2410	0.178	-0.002	0.410	50.34	0.387	0.465	217	230	-0.342609	0.060870	
A/goose/Taiwan/01038/2015	0.3478	0.2500	0.4239	0.2083	0.186	0.029	0.430	51.29	0.363	0.453	223	237	-0.354430	0.059072	
A/goose/Taiwan/01039/2015	0.3552	0.2459	0.4239	0.2071	0.190	0.037	0.435	50.88	0.359	0.453	223	237	-0.367089	0.059072	
A/goose/Taiwan/01040/2015	0.3371	0.2528	0.4022	0.2410	0.182	-0.012	0.406	50.09	0.392	0.468	217	230	-0.402174	0.060870	
A/goose/Taiwan/a015/2015|	0.3552	0.2459	0.4239	0.2083	0.188	0.029	0.430	50.64	0.359	0.451	223	237	-0.365823	0.059072	
A/goose/Taiwan/TNC1/2015|	0.3552	0.2459	0.4239	0.2083	0.188	0.029	0.430	50.64	0.359	0.451	223	237	-0.365823	0.059072	
A/goose/Taiwan/TNC3/2015|	0.3552	0.2459	0.4239	0.2083	0.187	0.029	0.430	50.52	0.359	0.450	223	237	-0.365823	0.059072	
A/goose/Taiwan/TNC4/2015|	0.3552	0.2459	0.4239	0.2083	0.188	0.029	0.430	50.64	0.359	0.451	223	237	-0.365823	0.059072	
A/goose/Taiwan/TNC9/2015|	0.3552	0.2459	0.4239	0.2083	0.188	0.029	0.430	50.64	0.359	0.451	223	237	-0.365823	0.059072	
A/goose/Taiwan/TNC10/2015	0.3552	0.2459	0.4239	0.2083	0.188	0.029	0.430	50.64	0.359	0.451	223	237	-0.365823	0.059072	
A/goose/Taiwan/TNC12/2015	0.3552	0.2459	0.4239	0.2083	0.188	0.029	0.430	50.64	0.359	0.451	223	237	-0.365823	0.059072	
A/goose/Taiwan/TNC14/2015	0.3552	0.2459	0.4239	0.2083	0.188	0.029	0.430	50.64	0.359	0.451	223	237	-0.365823	0.059072	
A/goose/Taiwan/TNO3/2015|	0.3533	0.2446	0.4239	0.2083	0.184	0.022	0.426	50.36	0.359	0.453	223	237	-0.368354	0.059072	
A/goose/Taiwan/TNO9/2015|	0.3552	0.2459	0.4239	0.2083	0.188	0.029	0.430	50.64	0.359	0.451	223	237	-0.365823	0.059072	
A/goose/Taiwan/TNO15/2015	0.3552	0.2459	0.4239	0.2083	0.188	0.029	0.430	50.64	0.359	0.451	223	237	-0.365823	0.059072	
A/goose/Taiwan/TNO17/2015	0.3552	0.2459	0.4239	0.2083	0.188	0.029	0.430	50.64	0.359	0.451	223	237	-0.365823	0.059072	
A/goose/Taoyuan/15010041/	0.3483	0.2528	0.4222	0.2073	0.193	0.044	0.438	50.64	0.364	0.451	217	230	-0.326087	0.060870	
A/goose/Taoyuan/18120002-	0.3333	0.2556	0.4045	0.2393	0.190	0.047	0.438	49.59	0.392	0.470	217	230	-0.345217	0.060870	
A/goose/Xinjiang/12.18_WL	0.3448	0.2644	0.3920	0.2375	0.184	0.019	0.418	51.42	0.394	0.467	213	225	-0.336000	0.062222	
A/goose/Xinjiang/12.18_WL	0.3448	0.2644	0.3920	0.2375	0.184	0.019	0.418	51.42	0.394	0.467	213	225	-0.336000	0.062222	
A/goose/Xinjiang/12.18_WL	0.3616	0.2429	0.4124	0.2195	0.200	0.070	0.454	54.13	0.366	0.448	216	230	-0.326522	0.069565	
A/goose/Xinjiang/12.18_WL	0.3616	0.2429	0.4124	0.2195	0.200	0.070	0.454	54.13	0.366	0.448	216	230	-0.326522	0.069565	
A/goose/Xinjiang/12.18_WL	0.3616	0.2429	0.4124	0.2195	0.200	0.070	0.454	54.13	0.366	0.448	216	230	-0.326522	0.069565	
A/goose/Xinjiang/12.18_WL	0.3616	0.2429	0.4124	0.2195	0.200	0.070	0.454	54.13	0.366	0.448	216	230	-0.326522	0.069565	
A/goose/Yangzhou/0420/201	0.3616	0.2373	0.4148	0.2284	0.198	0.071	0.454	52.52	0.366	0.449	216	230	-0.340435	0.069565	
A/goose/Yangzhou/YZ587/20	0.3448	0.2644	0.4091	0.2201	0.188	0.032	0.427	51.37	0.380	0.458	213	225	-0.305333	0.062222	
A/goose/Yunlin/15010005/2	0.3427	0.2472	0.4022	0.2410	0.183	-0.012	0.406	49.48	0.387	0.467	217	230	-0.402174	0.060870	
A/goose/Yunlin/15010009-1	0.3446	0.2486	0.4045	0.2364	0.182	-0.010	0.407	49.70	0.384	0.465	216	230	-0.412174	0.060870	
A/goose/Yunlin/15010010-2	0.3427	0.2472	0.4022	0.2410	0.183	-0.012	0.406	49.48	0.387	0.467	217	230	-0.402174	0.060870	
A/goose/Yunlin/15010011-1	0.3427	0.2472	0.4022	0.2410	0.183	-0.012	0.406	49.48	0.387	0.467	217	230	-0.402174	0.060870	
A/goose/Yunlin/15040040/2	0.3571	0.2473	0.4208	0.2096	0.188	0.038	0.437	51.31	0.360	0.451	222	237	-0.375527	0.059072	
A/goose/Yunlin/16020008-4	0.3352	0.2514	0.3956	0.2440	0.179	0.004	0.413	50.61	0.394	0.470	218	230	-0.308261	0.060870	
A/goose/Yunlin/16020011-1	0.3371	0.2528	0.3978	0.2395	0.178	-0.002	0.410	50.90	0.392	0.467	217	230	-0.320000	0.060870	
A/goose/Yunlin/16040002-2	0.3352	0.2514	0.3956	0.2440	0.179	0.004	0.413	50.61	0.394	0.470	218	230	-0.308261	0.060870	
A/goose/Yunlin/17100005/2	0.3371	0.2528	0.4111	0.2275	0.181	0.005	0.415	50.92	0.382	0.465	217	230	-0.365217	0.060870	
A/goose/Yunlin/18030020-2	0.3409	0.2500	0.3956	0.2440	0.187	0.020	0.424	52.68	0.392	0.462	217	230	-0.390435	0.060870	
A/goose/Yunlin/18030020-3	0.3409	0.2500	0.3978	0.2455	0.186	0.010	0.419	50.90	0.392	0.461	217	230	-0.384783	0.060870	
A/goose/Yunlin/18040002-3	0.3408	0.2514	0.3846	0.2426	0.185	0.003	0.415	49.53	0.396	0.475	217	230	-0.374348	0.060870	
A/goose/Yunlin/18040018-2	0.3371	0.2528	0.4000	0.2395	0.185	-0.004	0.410	48.79	0.392	0.471	217	230	-0.376522	0.060870	
A/goose/Yunlin/18090002-3	0.3427	0.2528	0.4000	0.2335	0.185	-0.002	0.410	48.69	0.387	0.468	217	230	-0.376956	0.060870	
A/goose/Yunlin/18090006-1	0.3315	0.2584	0.3944	0.2455	0.188	0.022	0.424	49.80	0.401	0.470	217	230	-0.415652	0.060870	
A/goose/Yunlin/18110002-3	0.3352	0.2570	0.4045	0.2393	0.194	0.057	0.442	49.89	0.392	0.467	217	230	-0.348261	0.060870	
A/goose/Yunnan/07.14_DQWC	0.3391	0.2701	0.3977	0.2298	0.187	0.051	0.437	51.04	0.394	0.467	213	225	-0.312000	0.062222	
A/goose/Yunnan/07.14_DQWC	0.3391	0.2701	0.3977	0.2298	0.187	0.051	0.437	51.04	0.394	0.467	213	225	-0.312000	0.062222	
A/goose/Zhejiang/77166/20	0.3506	0.2586	0.4034	0.2250	0.181	0.019	0.418	50.33	0.380	0.462	213	225	-0.310222	0.062222	
A/goose/Zhejiang/77167/20	0.3506	0.2586	0.4034	0.2250	0.181	0.019	0.418	50.33	0.380	0.462	213	225	-0.310222	0.062222	
A/goose/Zhejiang/77168/20	0.3448	0.2644	0.4034	0.2250	0.179	0.011	0.413	50.45	0.385	0.464	213	225	-0.310222	0.062222	
A/goose/Zhejiang/112071/2	0.3333	0.2759	0.3977	0.2298	0.185	0.034	0.427	50.82	0.399	0.468	213	225	-0.360000	0.062222	
A/goose/Zhejiang/112080/2	0.3563	0.2586	0.4034	0.2188	0.184	0.027	0.423	50.67	0.376	0.459	213	225	-0.312000	0.062222	
A/goose/Zhejiang/727092/2	0.3391	0.2701	0.3977	0.2327	0.189	0.050	0.437	50.51	0.394	0.465	213	225	-0.337333	0.057778	
A/goose/Zhejiang/727098/2	0.3430	0.2733	0.3886	0.2360	0.192	0.049	0.439	52.57	0.401	0.465	212	225	-0.401778	0.062222	
A/goose/Zhejiang/727110/2	0.3391	0.2759	0.3977	0.2264	0.185	0.042	0.432	50.31	0.394	0.465	213	225	-0.337333	0.057778	
A/goose/Zhejiang/925036/2	0.3448	0.2644	0.4034	0.2250	0.187	0.034	0.427	49.92	0.385	0.465	213	225	-0.292444	0.062222	
A/goose/Zhejiang/925037/2	0.3672	0.2260	0.4190	0.2242	0.191	0.043	0.438	51.81	0.355	0.449	217	230	-0.364783	0.069565	
A/goose/Zhejiang/925104/2	0.3672	0.2316	0.4134	0.2242	0.193	0.050	0.442	52.67	0.359	0.451	217	230	-0.364783	0.069565	
A/goose/Zhejiang/925105/2	0.3563	0.2586	0.4091	0.2125	0.181	0.028	0.423	51.29	0.371	0.458	213	225	-0.276445	0.057778	
A/goose/Zhejiang/925106/2	0.3672	0.2316	0.4157	0.2242	0.193	0.049	0.442	51.43	0.359	0.451	217	230	-0.374783	0.069565	
A/goose/Zhejiang/925108/2	0.3563	0.2586	0.4114	0.2138	0.183	0.026	0.423	51.68	0.371	0.456	213	225	-0.280889	0.062222	
A/goose/Zhejiang/1120132/	0.3563	0.2644	0.3977	0.2188	0.186	0.035	0.427	50.67	0.380	0.461	213	225	-0.312000	0.062222	
A/goose/Zhejiang/S1266/20	0.3810	0.2440	0.3902	0.2237	0.190	0.017	0.419	53.11	0.369	0.456	203	217	-0.348387	0.073733	
A/Great_black-headed_Gull	0.3333	0.2759	0.4080	0.2250	0.190	0.032	0.427	49.52	0.394	0.468	213	225	-0.376445	0.066667	
A/Great_Black-headed_Gull	0.3616	0.2429	0.4124	0.2195	0.200	0.068	0.454	53.94	0.366	0.452	216	230	-0.371304	0.069565	
A/Great_black-headed_Gull	0.3333	0.2759	0.4080	0.2250	0.190	0.032	0.427	49.52	0.394	0.468	213	225	-0.376445	0.066667	
A/Great_Cormorant/Hubei/c	0.3353	0.2775	0.3757	0.2516	0.194	0.045	0.436	52.86	0.417	0.468	211	225	-0.364444	0.062222	
A/Great_Cormorant/Hubei/c	0.3410	0.2717	0.3757	0.2500	0.199	0.046	0.436	52.53	0.412	0.468	211	225	-0.365778	0.062222	
A/Great_Cormorant/Hubei/c	0.3410	0.2717	0.3757	0.2500	0.199	0.046	0.436	52.53	0.412	0.468	211	225	-0.365778	0.062222	
A/Great_Cormorant/Hubei/c	0.3353	0.2775	0.3757	0.2516	0.194	0.045	0.436	52.86	0.417	0.468	211	225	-0.364444	0.062222	
A/Great_Cormorant/Hubei/V	0.3353	0.2775	0.3815	0.2453	0.195	0.053	0.441	52.66	0.412	0.467	211	225	-0.364444	0.062222	
A/Great_Cormorant/Hubei/V	0.3353	0.2775	0.3815	0.2453	0.195	0.053	0.441	52.66	0.412	0.467	211	225	-0.364444	0.062222	
A/Great_Cormorant/Hubei/V	0.3353	0.2775	0.3815	0.2453	0.195	0.053	0.441	52.66	0.412	0.467	211	225	-0.364444	0.062222	
A/Great_Cormorant/Qinghai	0.3616	0.2429	0.4101	0.2182	0.199	0.068	0.454	54.18	0.366	0.452	216	230	-0.385652	0.069565	
A/Great_Cormorant/Qinghai	0.3616	0.2429	0.4101	0.2182	0.199	0.068	0.454	54.35	0.366	0.454	216	230	-0.374783	0.069565	
A/Great_Cormorant/Qinghai	0.3616	0.2429	0.4101	0.2182	0.199	0.068	0.454	54.18	0.366	0.452	216	230	-0.385652	0.069565	
A/Great_Crested_Grebe/Qin	0.3652	0.2416	0.4157	0.2147	0.197	0.074	0.456	52.26	0.359	0.446	217	230	-0.339131	0.069565	
A/grebe/Ningxia/SD001/202	0.3728	0.2485	0.4061	0.2119	0.181	0.021	0.422	52.62	0.363	0.452	204	217	-0.336405	0.073733	
A/grebe/Shaanxi/SD001/202	0.3728	0.2485	0.4061	0.2119	0.181	0.021	0.422	52.62	0.363	0.452	204	217	-0.336405	0.073733	
A/grebe/Shandong/SC184/20	0.3765	0.2412	0.3939	0.2237	0.186	0.016	0.417	52.94	0.368	0.455	204	217	-0.300922	0.073733	
A/green-winged_teal/Guang	0.3750	0.2500	0.3939	0.2252	0.187	0.020	0.422	53.45	0.373	0.453	204	217	-0.330415	0.073733	
A/Guangdong/1/2006|EPI_IS	0.3295	0.2775	0.3966	0.2390	0.192	0.048	0.439	48.60	0.406	0.465	212	225	-0.368000	0.062222	
A/Guangdong/1/2008|EPI_IS	0.3295	0.2832	0.3815	0.2532	0.199	0.055	0.443	50.08	0.420	0.465	212	225	-0.370222	0.066667	
A/Guangdong/2/2006|EPI_IS	0.3410	0.2659	0.4000	0.2327	0.196	0.079	0.458	50.94	0.392	0.464	212	225	-0.347556	0.062222	
A/Guangdong/18SF020/2018-	0.3468	0.2659	0.3977	0.2236	0.192	0.046	0.434	51.27	0.387	0.467	212	225	-0.282222	0.066667	
A/Guangdong/12903/2021|EP	0.3409	0.2784	0.4157	0.2050	0.182	0.015	0.421	53.33	0.380	0.454	216	230	-0.360000	0.060870	
A/Guangdong/lgf/2021|EPI_	0.3466	0.2727	0.4157	0.2050	0.181	0.007	0.417	53.26	0.375	0.452	216	230	-0.360000	0.060870	
A/Guangxi/1/2005|EPI_ISL_	0.3237	0.2890	0.3931	0.2405	0.200	0.061	0.448	48.74	0.415	0.467	212	225	-0.372444	0.066667	
A/Guangxi/1/2005|EPI_ISL_	0.3295	0.2775	0.3966	0.2390	0.194	0.063	0.448	50.72	0.406	0.467	212	225	-0.373778	0.062222	
A/Guangxi/1/2008|EPI_ISL_	0.3200	0.2800	0.4104	0.2264	0.186	0.064	0.448	51.70	0.401	0.467	212	225	-0.386667	0.066667	
A/Guangxi/32797/2018|EPI_	0.3429	0.2629	0.4011	0.2222	0.186	0.042	0.432	51.22	0.385	0.470	213	225	-0.266222	0.062222	
A/Guangxi/55726/2016|EPI_	0.3486	0.2571	0.3955	0.2270	0.186	0.052	0.437	50.96	0.385	0.468	213	225	-0.317333	0.057778	
A/Guangzhou/39715/2014|EP	0.3448	0.2644	0.4000	0.2342	0.183	0.026	0.423	50.63	0.390	0.462	213	225	-0.321333	0.062222	
A/Guizhou/1/2009|EPI_ISL_	0.3198	0.2965	0.3908	0.2327	0.191	0.073	0.455	54.15	0.417	0.471	211	225	-0.344445	0.057778	
A/GX-guilin/11151/2021|EP	0.3391	0.2644	0.3855	0.2439	0.190	0.048	0.435	51.95	0.402	0.474	214	225	-0.328444	0.057778	
A/GX-hechi/01/2021|EPI_IS	0.3468	0.2601	0.3933	0.2331	0.186	0.026	0.423	52.16	0.390	0.470	213	225	-0.336889	0.057778	
A/Hangzhou/01/2021|EPI_IS	0.3353	0.2717	0.3842	0.2454	0.190	0.017	0.418	54.18	0.408	0.476	213	225	-0.307111	0.057778	
A/HeFei04171/2024|EPI_ISL	0.3647	0.2588	0.4177	0.2109	0.186	-0.037	0.394	53.20	0.369	0.454	203	216	-0.329630	0.078704	
A/heron/Kaohsiung/15WB328	0.3483	0.2416	0.4302	0.2134	0.187	0.040	0.433	46.91	0.359	0.457	217	230	-0.360435	0.060870	
A/heron/Taiwan/17DB0001/2	0.3352	0.2514	0.4000	0.2395	0.182	0.003	0.415	51.51	0.392	0.471	217	230	-0.422609	0.060870	
A/Herring_Gull/Hubei/CH-i	0.3672	0.2373	0.4101	0.2182	0.199	0.068	0.454	53.57	0.361	0.451	216	230	-0.385652	0.069565	
A/hill_myna/Heilongjiang/	0.3391	0.2701	0.4000	0.2313	0.190	0.042	0.432	48.64	0.394	0.467	213	225	-0.347111	0.062222	
A/Hong_Kong/5923/2012|EPI	0.3371	0.2686	0.4057	0.2264	0.177	0.011	0.413	50.24	0.390	0.465	213	225	-0.307111	0.062222	
A/Hubei/29578/2016_x_PR8_	0.3464	0.2570	0.3736	0.2440	0.174	0.021	0.419	55.57	0.401	0.475	217	230	-0.339565	0.052174	
A/Hubei/29578/2016|EPI_IS	0.3295	0.2543	0.4431	0.2092	0.170	-0.054	0.377	49.31	0.367	0.449	207	217	-0.317512	0.069124	
A/Hunan/1/2006|EPI_ISL_79	0.3295	0.2775	0.4046	0.2342	0.194	0.071	0.453	52.05	0.401	0.461	212	225	-0.368889	0.066667	
A/Hunan/1/2008|EPI_ISL_73	0.3314	0.2791	0.4080	0.2229	0.179	0.036	0.431	49.05	0.393	0.456	211	225	-0.327555	0.062222	
A/Hunan/2/2009|EPI_ISL_79	0.3314	0.2849	0.3908	0.2313	0.185	0.050	0.441	53.46	0.408	0.473	211	225	-0.361778	0.057778	
A/Japanese_white-eye/Taoy	0.3391	0.2701	0.4000	0.2313	0.190	0.042	0.432	48.64	0.394	0.467	213	225	-0.347111	0.062222	
A/Jiangsu/1/2007|EPI_ISL_	0.3237	0.2890	0.3815	0.2532	0.200	0.065	0.448	49.73	0.425	0.470	212	225	-0.384889	0.066667	
A/Jiangsu/1/2018|EPI_ISL_	0.3448	0.2586	0.4011	0.2298	0.186	0.035	0.427	50.86	0.385	0.465	213	225	-0.296889	0.062222	
A/Jiangsu/1/2018|EPI_ISL_	0.3448	0.2586	0.4011	0.2298	0.186	0.035	0.427	50.86	0.385	0.465	213	225	-0.296889	0.062222	
A/Jiangsu/1/2020_(H5N6)|E	0.3584	0.2543	0.4107	0.2245	0.131	-0.142	0.332	55.81	0.370	0.440	208	224	-0.360268	0.058036	
A/Jiangsu/1/2020(H5N6)|EP	0.3584	0.2543	0.4107	0.2245	0.131	-0.142	0.332	55.81	0.370	0.440	208	224	-0.360268	0.058036	
A/Jiangsu/2/2007|EPI_ISL_	0.3237	0.2890	0.3815	0.2532	0.200	0.065	0.448	49.73	0.425	0.470	212	225	-0.384889	0.066667	
A/Jiangsu/JSSZ01/2018|EPI	0.3448	0.2586	0.4011	0.2298	0.186	0.035	0.427	50.86	0.385	0.465	213	225	-0.296889	0.062222	
A/Jiangxi/1/2005|EPI_ISL_	0.3314	0.2743	0.3966	0.2327	0.181	0.034	0.429	52.17	0.401	0.470	212	225	-0.392000	0.062222	
A/Jiangxi/16791/2022|EPI_	0.3410	0.2601	0.3933	0.2407	0.185	0.027	0.423	51.79	0.394	0.470	213	225	-0.313778	0.057778	
A/lesser_kestrel/Heilongj	0.3333	0.2759	0.3966	0.2313	0.195	0.055	0.443	48.40	0.401	0.465	212	225	-0.377333	0.062222	
A/lion/Hubei/1-2/2016|EPI	0.3295	0.2832	0.3757	0.2532	0.195	0.055	0.441	52.41	0.422	0.467	211	225	-0.341333	0.062222	
A/Luscinia_cyane/Jiangxi/	0.3636	0.2386	0.4101	0.2256	0.195	0.066	0.449	52.44	0.366	0.451	216	230	-0.377826	0.069565	
A/mallard_duck/Shanghai/S	0.3693	0.2330	0.4124	0.2284	0.200	0.059	0.449	50.41	0.361	0.446	216	230	-0.359131	0.069565	
A/mallard/Heilongjiang/HL	0.3276	0.2816	0.3908	0.2360	0.185	0.027	0.425	53.40	0.410	0.468	212	225	-0.379111	0.062222	
A/Mallard/Jiangxi/JXH9/20	0.3368	0.2737	0.3737	0.2515	0.176	-0.006	0.404	50.80	0.413	0.477	230	243	-0.211111	0.057613	
A/Mallard/Jiangxi/JXH22/2	0.3391	0.2644	0.3864	0.2500	0.179	0.010	0.413	50.60	0.404	0.471	213	225	-0.292444	0.062222	
A/mallard/Ningxia/175/202	0.3693	0.2386	0.4045	0.2331	0.192	0.031	0.433	53.56	0.369	0.449	217	230	-0.318696	0.069565	
A/mallard/Ningxia/176/202	0.3693	0.2386	0.4045	0.2331	0.192	0.031	0.433	53.56	0.369	0.449	217	230	-0.318696	0.069565	
A/mallard/Ningxia/239/202	0.3693	0.2386	0.4045	0.2331	0.192	0.031	0.433	53.56	0.369	0.449	217	230	-0.318696	0.069565	
A/mallard/Ningxia/241/202	0.3693	0.2386	0.4045	0.2331	0.192	0.031	0.433	53.56	0.369	0.449	217	230	-0.318696	0.069565	
A/mallard/Ningxia/247/202	0.3646	0.2431	0.4054	0.2426	0.193	0.038	0.438	54.69	0.376	0.446	226	239	-0.364854	0.066946	
A/mallard/Ningxia/249/202	0.3693	0.2386	0.4045	0.2331	0.192	0.031	0.433	53.56	0.369	0.449	217	230	-0.318696	0.069565	
A/mandarin_duck/Heilongji	0.3296	0.2458	0.4000	0.2590	0.189	0.019	0.422	50.23	0.399	0.470	218	230	-0.423478	0.060870	
A/mandarin_duck/Henan/426	0.3202	0.2809	0.3966	0.2407	0.181	0.003	0.410	52.45	0.410	0.470	217	230	-0.337826	0.060870	
A/meerkat/Shanghai/SH-1/2	0.3333	0.2759	0.3943	0.2375	0.190	0.050	0.437	49.03	0.404	0.470	213	225	-0.345333	0.062222	
A/migratory_waterfowl/Hub	0.3506	0.2586	0.4034	0.2250	0.181	0.019	0.418	50.33	0.380	0.462	213	225	-0.310222	0.062222	
A/migratory_waterfowl/Hub	0.3506	0.2586	0.4034	0.2250	0.181	0.019	0.418	50.33	0.380	0.462	213	225	-0.310222	0.062222	
A/mink/China/181/2019|EPI	0.3391	0.2701	0.4205	0.2050	0.184	0.034	0.427	51.47	0.376	0.462	213	225	-0.292444	0.062222	
A/mink/China/183/2019|EPI	0.3391	0.2644	0.4068	0.2222	0.190	0.049	0.437	52.54	0.385	0.467	213	225	-0.318222	0.062222	
A/mink/China/191/2019|EPI	0.3371	0.2629	0.4068	0.2222	0.186	0.050	0.437	52.65	0.385	0.468	213	225	-0.320889	0.062222	
A/mink/China/456/2018|EPI	0.3506	0.2586	0.4034	0.2250	0.185	0.027	0.423	51.13	0.380	0.462	213	225	-0.309333	0.062222	
A/mink/China/G/2015|EPI_I	0.3410	0.2775	0.4148	0.2037	0.198	0.065	0.446	50.27	0.380	0.462	213	225	-0.330222	0.062222	
A/mink/China/XB/2015|EPI_	0.3353	0.2775	0.3757	0.2516	0.195	0.053	0.441	52.26	0.417	0.467	211	225	-0.364444	0.062222	
A/mink/Eastern_China/006/	0.3523	0.2557	0.4171	0.2222	0.195	0.048	0.444	53.91	0.375	0.449	216	230	-0.368696	0.078261	
A/mink/Eastern_China/149/	0.3391	0.2701	0.4068	0.2160	0.194	0.075	0.451	51.75	0.385	0.467	213	225	-0.298222	0.062222	
A/mink/Eastern_China/528/	0.3523	0.2557	0.4148	0.2209	0.194	0.050	0.444	53.53	0.375	0.451	216	230	-0.364348	0.073913	
A/mink/Eastern_China/571/	0.3486	0.2571	0.4148	0.2112	0.187	0.043	0.432	50.79	0.371	0.462	213	225	-0.298222	0.062222	
A/mink/Eastern_China/0712	0.3372	0.2733	0.3988	0.2222	0.151	-0.069	0.364	56.24	0.393	0.452	206	219	-0.275342	0.073059	
A/mink/Northern_China/110	0.3616	0.2429	0.4114	0.2284	0.198	0.059	0.449	54.00	0.370	0.449	216	230	-0.363913	0.078261	
A/Muscovy_duck/China/FJFZ	0.3448	0.2701	0.3933	0.2222	0.182	0.036	0.427	51.81	0.390	0.468	213	225	-0.276000	0.057778	
A/Muscovy_duck/China/H5N6	0.3448	0.2701	0.3933	0.2222	0.182	0.036	0.427	51.81	0.390	0.468	213	225	-0.276000	0.057778	
A/muscovy/duck/Hunan/85/2	0.3506	0.2586	0.3977	0.2298	0.181	0.030	0.423	49.64	0.385	0.464	213	225	-0.328445	0.062222	
A/muscovy/duck/Hunan/88/2	0.3526	0.2601	0.4000	0.2250	0.183	0.034	0.425	49.50	0.382	0.465	212	225	-0.327111	0.066667	
A/muscovy/duck/Hunan/89/2	0.3526	0.2601	0.3977	0.2284	0.184	0.026	0.423	49.52	0.385	0.467	213	225	-0.382222	0.062222	
A/muscovy/duck/Hunan/90/2	0.3506	0.2586	0.3977	0.2298	0.181	0.030	0.423	49.66	0.385	0.465	213	225	-0.326667	0.062222	
A/muscovy/duck/Hunan/93/2	0.3506	0.2586	0.4034	0.2236	0.180	0.021	0.418	49.94	0.380	0.464	213	225	-0.361778	0.062222	
A/muscovy/duck/Hunan/94/2	0.3448	0.2586	0.4091	0.2250	0.183	0.029	0.423	50.55	0.380	0.461	213	225	-0.300000	0.062222	
A/muscovy/duck/Hunan/101/	0.3448	0.2644	0.4148	0.2138	0.189	0.036	0.427	49.91	0.376	0.456	213	225	-0.298667	0.062222	
A/muscovy/duck/Hunan/102/	0.3448	0.2644	0.4091	0.2201	0.189	0.036	0.427	49.61	0.380	0.458	213	225	-0.298667	0.062222	
A/muscovy/duck/Hunan/103/	0.3448	0.2644	0.4091	0.2201	0.188	0.036	0.427	49.17	0.380	0.459	213	225	-0.298667	0.062222	
A/muscovy/duck/Hunan/104/	0.3448	0.2644	0.4148	0.2138	0.189	0.036	0.427	49.91	0.376	0.456	213	225	-0.298667	0.062222	
A/muscovy/duck/Hunan/125/	0.3448	0.2644	0.4034	0.2264	0.188	0.042	0.432	51.18	0.385	0.462	213	225	-0.309333	0.062222	
A/muscovy/duck/Hunan/147/	0.3448	0.2644	0.4034	0.2264	0.188	0.042	0.432	51.18	0.385	0.462	213	225	-0.309333	0.062222	
A/muscovy/duck/Hunan/148/	0.3448	0.2644	0.4057	0.2278	0.188	0.042	0.432	51.10	0.385	0.461	213	225	-0.321333	0.062222	
A/muscovy/duck/Hunan/167/	0.3448	0.2644	0.4091	0.2201	0.189	0.036	0.427	49.61	0.380	0.458	213	225	-0.298667	0.062222	
A/muscovy/duck/Hunan/183/	0.3448	0.2644	0.3920	0.2360	0.184	0.045	0.432	51.79	0.394	0.468	213	225	-0.326667	0.062222	
A/muscovy/duck/Hunan/216/	0.3448	0.2644	0.4091	0.2201	0.189	0.036	0.427	49.61	0.380	0.458	213	225	-0.298667	0.062222	
A/muscovy/duck/Hunan/229/	0.3448	0.2644	0.4091	0.2201	0.189	0.036	0.427	49.61	0.380	0.458	213	225	-0.298667	0.062222	
A/muscovy/duck/Hunan/232/	0.3506	0.2586	0.3977	0.2298	0.181	0.030	0.423	49.66	0.385	0.465	213	225	-0.326667	0.062222	
A/muscovy/duck/Hunan/HN34	0.3448	0.2644	0.4138	0.2229	0.179	0.015	0.418	51.37	0.380	0.453	213	225	-0.323111	0.062222	
A/muscovy/duck/Hunan/HN34	0.3448	0.2644	0.4138	0.2229	0.180	0.015	0.418	51.46	0.380	0.452	213	225	-0.323111	0.062222	
A/muscovy/duck/Hunan/HN34	0.3448	0.2644	0.4138	0.2229	0.179	0.015	0.418	51.37	0.380	0.453	213	225	-0.323111	0.062222	
A/muscovy/duck/Hunan/HN34	0.3448	0.2644	0.4138	0.2229	0.179	0.015	0.418	51.37	0.380	0.453	213	225	-0.323111	0.062222	
A/muscovy/duck/Hunan/HN35	0.3448	0.2644	0.4138	0.2229	0.179	0.015	0.418	51.37	0.380	0.453	213	225	-0.323111	0.062222	
A/muscovy/duck/Hunan/HN35	0.3448	0.2644	0.4138	0.2229	0.179	0.015	0.418	51.37	0.380	0.453	213	225	-0.323111	0.062222	
A/muscovy/duck/Hunan/HN35	0.3506	0.2586	0.4138	0.2229	0.179	0.015	0.418	50.83	0.376	0.452	213	225	-0.323111	0.062222	
A/muscovy/duck/Hunan/HN35	0.3448	0.2644	0.4138	0.2229	0.179	0.015	0.418	51.37	0.380	0.453	213	225	-0.323111	0.062222	
A/muscovy/duck/Hunan/HN35	0.3448	0.2644	0.4138	0.2229	0.179	0.015	0.418	51.37	0.380	0.453	213	225	-0.323111	0.062222	
A/muscovy/duck/Hunan/HN35	0.3448	0.2644	0.4138	0.2229	0.179	0.015	0.418	51.37	0.380	0.453	213	225	-0.323111	0.062222	
A/muscovy/duck/Hunan/HN35	0.3448	0.2644	0.4138	0.2229	0.179	0.015	0.418	51.37	0.380	0.453	213	225	-0.323111	0.062222	
A/muscovy/duck/Hunan/HN35	0.3448	0.2644	0.4138	0.2229	0.179	0.015	0.418	51.37	0.380	0.453	213	225	-0.323111	0.062222	
A/muscovy/duck/Hunan/HN36	0.3448	0.2644	0.4138	0.2229	0.179	0.015	0.418	51.37	0.380	0.453	213	225	-0.323111	0.062222	
A/muscovy/duck/Hunan/HN36	0.3448	0.2644	0.4138	0.2229	0.179	0.015	0.418	51.37	0.380	0.453	213	225	-0.323111	0.062222	
A/muscovy/duck/Hunan/HN36	0.3448	0.2644	0.4138	0.2229	0.179	0.015	0.418	51.37	0.380	0.453	213	225	-0.323111	0.062222	
A/muscovy/duck/Hunan/HN36	0.3448	0.2644	0.4138	0.2229	0.179	0.015	0.418	51.37	0.380	0.453	213	225	-0.323111	0.062222	
A/muscovy/duck/Hunan/HN36	0.3448	0.2644	0.4138	0.2229	0.179	0.015	0.418	51.37	0.380	0.453	213	225	-0.323111	0.062222	
A/mute_swan/Inner_Mongoli	0.3728	0.2485	0.3939	0.2237	0.192	0.028	0.426	53.32	0.373	0.456	204	217	-0.332719	0.073733	
A/mute_swan/Shandong/1/20	0.3669	0.2604	0.3879	0.2237	0.188	0.030	0.426	54.54	0.382	0.461	204	217	-0.336405	0.073733	
A/Nanjing/1/2015|EPI_ISL_	0.3410	0.2717	0.3757	0.2516	0.194	0.045	0.436	52.35	0.412	0.467	211	225	-0.364444	0.062222	
A/Northern_Pintail/HK/MP6	0.3218	0.2816	0.4091	0.2236	0.186	0.065	0.446	52.90	0.399	0.467	213	225	-0.319556	0.062222	
A/oriental_magpie_robin/H	0.3547	0.2442	0.4364	0.2067	0.170	-0.063	0.379	50.20	0.354	0.442	206	217	-0.373733	0.073733	
A/ostrich/Suzhou/097/2003	0.3353	0.2775	0.3943	0.2342	0.188	0.041	0.434	51.66	0.401	0.467	212	225	-0.381333	0.057778	
A/parrot/Guangdong/258/20	0.3146	0.2865	0.4046	0.2450	0.146	-0.071	0.369	55.58	0.411	0.449	214	230	-0.310000	0.060870	
A/parrot/Guangdong/C99/20	0.3295	0.2775	0.4023	0.2327	0.188	0.039	0.434	50.95	0.401	0.467	212	225	-0.362667	0.062222	
A/Pavo_cristatus/China/JS	0.3314	0.2743	0.3977	0.2327	0.184	0.047	0.437	53.41	0.399	0.465	213	225	-0.284889	0.062222	
A/Pavo_cristatus/China/K1	0.3314	0.2743	0.3977	0.2327	0.184	0.047	0.437	53.41	0.399	0.465	213	225	-0.284889	0.062222	
A/Pavo_cristatus/Jiangxi/	0.3410	0.2717	0.4034	0.2174	0.190	0.062	0.443	51.87	0.387	0.468	212	225	-0.297333	0.062222	
A/peacock/Yunnan/1/2015|E	0.3410	0.2717	0.3779	0.2532	0.193	0.045	0.436	51.81	0.412	0.465	211	225	-0.376444	0.062222	
A/peacock/Yunnan/3/2015|E	0.3410	0.2717	0.3779	0.2532	0.193	0.045	0.436	51.81	0.412	0.465	211	225	-0.376444	0.062222	
A/Peregrine_Falcon/Hong_K	0.3728	0.2485	0.3939	0.2237	0.188	0.022	0.422	52.71	0.373	0.458	204	217	-0.336405	0.073733	
A/Phalacrocorax/Hubei/01.	0.3353	0.2775	0.3815	0.2453	0.194	0.045	0.436	52.32	0.412	0.467	211	225	-0.364444	0.062222	
A/Phalacrocorax/Hubei/01.	0.3353	0.2775	0.3757	0.2516	0.194	0.045	0.436	52.86	0.417	0.468	211	225	-0.364444	0.062222	
A/pheasant/Hebei/B02/2021	0.3846	0.2367	0.3963	0.2252	0.184	0.006	0.412	52.53	0.363	0.452	204	217	-0.348848	0.073733	
A/pigeon/Fujian/1.17_FZHX	0.3222	0.2778	0.4389	0.1879	0.193	0.061	0.445	47.79	0.372	0.461	218	230	-0.311739	0.060870	
A/pigeon/Guangdong/04.15_	0.3391	0.2701	0.4034	0.2236	0.190	0.059	0.441	51.04	0.390	0.467	213	225	-0.312000	0.062222	
A/pigeon/Guangdong/04.16_	0.3391	0.2701	0.4034	0.2236	0.189	0.051	0.437	51.48	0.390	0.467	213	225	-0.312000	0.062222	
A/pigeon/Guangdong/04.23_	0.3391	0.2701	0.4034	0.2236	0.190	0.059	0.441	51.04	0.390	0.467	213	225	-0.312000	0.062222	
A/pigeon/Hainan/1.14_HKPL	0.3391	0.2701	0.4045	0.2147	0.188	0.051	0.437	51.74	0.385	0.468	213	225	-0.286222	0.062222	
A/pigeon/Hubei/RP25/2012|	0.3143	0.2743	0.4080	0.2390	0.183	0.072	0.453	51.85	0.406	0.468	212	225	-0.386222	0.062222	
A/Pigeon/Hunan/04.14_YYXS	0.3448	0.2644	0.4000	0.2327	0.178	0.001	0.408	55.54	0.390	0.459	213	225	-0.302222	0.057778	
A/pigeon/Jiangsu/12.22_TC	0.3333	0.2759	0.4034	0.2236	0.181	0.028	0.423	50.55	0.394	0.468	213	225	-0.363556	0.062222	
A/Pigeon/Jiangxi/02.10__N	0.3295	0.2543	0.4551	0.1961	0.172	-0.047	0.382	50.27	0.357	0.447	207	217	-0.342396	0.069124	
A/Pigeon/Jiangxi/04.01__N	0.3295	0.2543	0.4491	0.2026	0.172	-0.047	0.382	50.07	0.362	0.449	207	217	-0.342396	0.069124	
A/pigeon/Jiangxi/S40784/2	0.3728	0.2485	0.3939	0.2237	0.185	0.010	0.417	54.01	0.373	0.455	204	217	-0.313825	0.073733	
A/pigeon/Jilin/04.25_CCHL	0.3448	0.2644	0.3920	0.2375	0.196	0.047	0.437	50.27	0.394	0.465	213	225	-0.328889	0.062222	
A/pigeon/Jilin/04.25_CCHL	0.3391	0.2701	0.4080	0.2264	0.186	0.036	0.427	48.38	0.390	0.464	213	225	-0.362667	0.062222	
A/pigeon/Jilin/S4176/2019	0.3295	0.2775	0.4034	0.2236	0.186	0.048	0.434	49.80	0.396	0.471	212	225	-0.302222	0.057778	
A/Pigeon/Shandong/WS17/20	0.3276	0.2759	0.3876	0.2378	0.185	0.034	0.427	51.79	0.408	0.479	213	225	-0.319556	0.057778	
A/pigeon/Sichuan/04.27_NB	0.3506	0.2586	0.4034	0.2264	0.181	0.020	0.418	49.48	0.380	0.461	213	225	-0.287111	0.062222	
A/pigeon/Sichuan/NCXN29/2	0.3486	0.2629	0.3898	0.2346	0.191	0.042	0.430	52.28	0.393	0.467	214	225	-0.303111	0.062222	
A/pigeon/Zhejiang/112089/	0.3333	0.2759	0.3977	0.2298	0.185	0.034	0.427	50.82	0.399	0.468	213	225	-0.360000	0.062222	
A/pigeon/Zhejiang/112090/	0.3391	0.2701	0.4023	0.2327	0.188	0.034	0.427	48.51	0.394	0.464	213	225	-0.370222	0.062222	
A/pigeon/Zhejiang/727097/	0.3450	0.2749	0.3851	0.2375	0.192	0.053	0.441	53.29	0.403	0.465	211	225	-0.390222	0.062222	
A/plateau_pika/Qinghai/04	0.3391	0.2529	0.4217	0.2267	0.173	-0.030	0.391	48.94	0.377	0.455	207	217	-0.342396	0.069124	
A/Quail/Guangxi/GX-2/2017	0.3353	0.2717	0.3955	0.2360	0.184	0.030	0.423	51.22	0.399	0.465	213	225	-0.329778	0.057778	
A/quail/Jiangsu/k0104/201	0.3353	0.2775	0.3837	0.2500	0.187	0.002	0.408	53.00	0.412	0.468	211	225	-0.328444	0.066667	
A/quail/Jiangxi/B9/2015_(	0.3636	0.2386	0.4124	0.2270	0.199	0.071	0.454	51.12	0.366	0.448	216	230	-0.343913	0.069565	
A/quail/Nanchang/6631/201	0.3391	0.2701	0.4091	0.2188	0.183	0.027	0.423	51.77	0.385	0.464	213	225	-0.310222	0.062222	
A/Quail/Zhanjiang/16887/2	0.3506	0.2644	0.3943	0.2327	0.192	0.047	0.437	51.74	0.390	0.461	213	225	-0.342222	0.062222	
A/Quanzhou/2/2024|EPI_ISL	0.3429	0.2686	0.4000	0.2256	0.177	0.000	0.412	53.05	0.389	0.459	216	230	-0.347391	0.060870	
A/Shandong/1/2009|EPI_ISL	0.3256	0.2907	0.3815	0.2500	0.201	0.050	0.443	51.16	0.425	0.467	212	225	-0.395111	0.071111	
A/Shenzhen/1/2015|EPI_ISL	0.3547	0.2442	0.4485	0.1933	0.165	-0.088	0.364	49.28	0.345	0.439	206	217	-0.373733	0.073733	
A/Shenzhen/1/2016|EPI_ISL	0.3509	0.2515	0.4337	0.2039	0.174	-0.071	0.374	50.07	0.359	0.444	206	217	-0.388479	0.073733	
A/Shenzhen/TH001/2015_(H5	0.3547	0.2442	0.4485	0.1933	0.165	-0.088	0.364	49.28	0.345	0.439	206	217	-0.373733	0.073733	
A/Shenzhen/TH003/2016(H5N	0.3410	0.2486	0.4337	0.2157	0.184	-0.026	0.396	50.42	0.367	0.450	207	217	-0.375576	0.069124	
A/Shoveller/Ningxia/488-5	0.3448	0.2644	0.3920	0.2360	0.182	0.010	0.413	52.23	0.394	0.468	213	225	-0.333778	0.062222	
A/Sichuan/1/2006|EPI_ISL_	0.3295	0.2832	0.3908	0.2390	0.196	0.056	0.443	48.40	0.410	0.465	212	225	-0.368000	0.062222	
A/Sichuan/2/2006|EPI_ISL_	0.3295	0.2832	0.3908	0.2390	0.198	0.056	0.443	48.39	0.410	0.467	212	225	-0.368000	0.062222	
A/Sichuan/26221/2014|EPI_	0.3506	0.2586	0.4034	0.2264	0.181	0.020	0.418	49.48	0.380	0.461	213	225	-0.287111	0.062222	
A/silkie_chicken/Dongguan	0.3391	0.2701	0.3977	0.2313	0.184	0.035	0.427	50.94	0.394	0.465	213	225	-0.312444	0.062222	
A/Spatula_querquedula/Cho	0.3427	0.2640	0.4023	0.2353	0.132	-0.144	0.327	57.68	0.388	0.449	214	230	-0.342609	0.060870	
A/Spoonbill/HK/17-18259/2	0.3609	0.2544	0.4085	0.2185	0.197	0.049	0.441	54.72	0.373	0.452	204	217	-0.276037	0.073733	
A/spoonbill/Taiwan/DB645/	0.3669	0.2485	0.4085	0.2185	0.199	0.058	0.446	52.89	0.368	0.450	204	217	-0.320737	0.073733	
A/spot_billed_duck/Ningxi	0.3706	0.2529	0.4012	0.2230	0.197	0.039	0.436	50.67	0.373	0.447	204	217	-0.323042	0.073733	
A/spot-billed_duck/Ningxi	0.3706	0.2529	0.4012	0.2230	0.197	0.039	0.436	50.67	0.373	0.447	204	217	-0.323042	0.073733	
A/Streptopelia_decaocto/J	0.3257	0.2743	0.3886	0.2516	0.184	0.017	0.418	51.75	0.413	0.476	213	225	-0.313334	0.062222	
A/Streptopelia_decaocto/J	0.3333	0.2759	0.4023	0.2327	0.185	0.028	0.423	48.72	0.399	0.468	213	225	-0.362667	0.062222	
A/Streptopelia_decaocto/J	0.3333	0.2893	0.3734	0.2448	0.188	0.029	0.430	53.81	0.420	0.476	193	205	-0.233658	0.068293	
A/swan_goose/Jilin/JL01/2	0.3563	0.2586	0.4034	0.2188	0.182	0.027	0.423	50.67	0.376	0.459	213	225	-0.312000	0.062222	
A/swan/China/ST/2016|EPI_	0.3616	0.2429	0.4114	0.2284	0.198	0.065	0.454	55.05	0.370	0.451	216	230	-0.360435	0.078261	
A/swan/Hebei/B01/2021|EPI	0.3728	0.2485	0.4036	0.2092	0.187	0.013	0.417	51.51	0.363	0.459	204	217	-0.348848	0.073733	
A/swan/Shandong/W3762/202	0.3672	0.2373	0.4045	0.2331	0.189	0.031	0.433	53.62	0.369	0.451	217	230	-0.305217	0.069565	
A/swine/China/RZ/2018|EPI	0.3448	0.2701	0.4068	0.2099	0.190	0.051	0.437	51.06	0.380	0.465	213	225	-0.309778	0.062222	
A/swine/Guangdong/1/2014|	0.3391	0.2701	0.3920	0.2375	0.184	0.037	0.427	51.08	0.399	0.470	213	225	-0.314222	0.062222	
A/swine/Guangdong/2/2014|	0.3506	0.2586	0.3920	0.2375	0.186	0.037	0.427	50.60	0.390	0.467	213	225	-0.314222	0.062222	
A/swine/Guangdong/G3/2015	0.3333	0.2701	0.4034	0.2298	0.186	0.050	0.437	51.35	0.394	0.468	213	225	-0.295556	0.062222	
A/swine/Shandong/SD1/2014	0.3353	0.2659	0.3953	0.2548	0.187	0.031	0.429	52.42	0.406	0.467	212	225	-0.403555	0.062222	
A/Syrrhaptes_paradoxus/Gu	0.3391	0.2701	0.3977	0.2298	0.190	0.050	0.437	51.38	0.394	0.470	213	225	-0.293778	0.062222	
A/Taiwan/DV413/2006|EPI_I	0.3275	0.2690	0.4012	0.2353	0.178	0.027	0.424	50.37	0.400	0.467	205	217	-0.329493	0.064516	
A/Taiwan/DV518/2006|EPI_I	0.3275	0.2690	0.4012	0.2353	0.178	0.027	0.424	50.37	0.400	0.467	205	217	-0.329493	0.064516	
A/thrush/Taiwan/15120021/	0.3352	0.2514	0.4000	0.2410	0.173	-0.009	0.406	51.29	0.392	0.465	217	230	-0.307391	0.060870	
A/tiger/Yunnan/tig1404/20	0.3371	0.2686	0.3977	0.2313	0.183	0.027	0.423	51.02	0.394	0.468	213	225	-0.296889	0.062222	
A/tiger/Yunnan/tig1412/20	0.3391	0.2701	0.4034	0.2264	0.181	0.020	0.418	51.54	0.390	0.464	213	225	-0.287111	0.062222	
A/tiger/Yunnan/tig1508/20	0.3372	0.2791	0.3815	0.2453	0.202	0.068	0.450	52.69	0.412	0.465	211	225	-0.361778	0.062222	
A/tundra_swan/Fujian/SD12	0.3258	0.2753	0.4045	0.2346	0.189	0.031	0.429	51.08	0.401	0.468	217	230	-0.336087	0.065217	
A/tundra_swan/Hubei/BQ3/2	0.3728	0.2485	0.3939	0.2237	0.193	0.028	0.426	53.52	0.373	0.455	204	217	-0.332719	0.073733	
A/tundra_swan/Hubei/BQ4/2	0.3728	0.2485	0.3939	0.2237	0.188	0.022	0.422	52.71	0.373	0.458	204	217	-0.336405	0.073733	
A/tundra_swan/Hubei/BQ6/2	0.3728	0.2485	0.4061	0.2105	0.189	0.022	0.422	51.81	0.363	0.455	204	217	-0.336405	0.073733	
A/tundra_swan/Hubei/BQ7/2	0.3787	0.2426	0.4061	0.2105	0.188	0.014	0.417	49.95	0.358	0.453	204	217	-0.336405	0.073733	
A/tundra_swan/Hubei/BQ8/2	0.3728	0.2485	0.4061	0.2105	0.189	0.022	0.422	51.81	0.363	0.455	204	217	-0.336405	0.073733	
A/tundra_swan/Hubei/BQ9/2	0.3728	0.2485	0.4061	0.2119	0.187	0.013	0.417	51.55	0.363	0.453	204	217	-0.335023	0.073733	
A/turkey/Changhua/1601001	0.3371	0.2528	0.3978	0.2395	0.178	-0.002	0.410	50.96	0.392	0.468	217	230	-0.318261	0.060870	
A/turkey/Chiayi/17020092-	0.3464	0.2458	0.3989	0.2410	0.181	0.008	0.415	52.14	0.387	0.465	217	230	-0.425217	0.060870	
A/turkey/Chiayi/18010013-	0.3315	0.2584	0.4000	0.2395	0.186	0.004	0.415	49.52	0.396	0.470	217	230	-0.388696	0.060870	
A/turkey/Yunlin/15060049-	0.3427	0.2472	0.4022	0.2410	0.182	-0.012	0.406	49.61	0.387	0.465	217	230	-0.403913	0.060870	
A/turkey/Yunlin/18020020-	0.3333	0.2599	0.3978	0.2381	0.191	0.010	0.419	49.99	0.396	0.470	217	230	-0.372174	0.060870	
A/turkey/Yunlin/18110001-	0.3371	0.2528	0.4033	0.2321	0.179	-0.010	0.406	49.04	0.387	0.465	217	230	-0.375652	0.060870	
A/turkey/Yunlin/18120005-	0.3296	0.2626	0.4045	0.2393	0.194	0.057	0.442	50.33	0.396	0.468	217	230	-0.348261	0.060870	
A/turtle_dove/Guangdong/3	0.3372	0.2849	0.3908	0.2327	0.204	0.071	0.453	49.00	0.406	0.464	212	225	-0.365333	0.062222	
A/turtle_dove/Hunan/S4004	0.3333	0.2701	0.3851	0.2500	0.192	0.035	0.429	52.40	0.410	0.465	212	225	-0.378222	0.062222	
A/Waterfowl/Hubei/Chenhu1	0.3506	0.2586	0.4034	0.2250	0.181	0.019	0.418	50.33	0.380	0.462	213	225	-0.310222	0.062222	
A/Waterfowl/Hubei/Chenhu1	0.3506	0.2586	0.4034	0.2250	0.181	0.019	0.418	50.33	0.380	0.462	213	225	-0.310222	0.062222	
A/whiskered_tern/Hubei/BQ	0.3728	0.2485	0.4061	0.2105	0.193	0.028	0.426	52.33	0.363	0.453	204	217	-0.332719	0.073733	
A/white_naped_crane/China	0.3314	0.2743	0.3977	0.2327	0.184	0.047	0.437	53.41	0.399	0.465	213	225	-0.284889	0.062222	
A/White-eyed_Pochard/Ning	0.3448	0.2644	0.3864	0.2422	0.184	0.018	0.418	51.94	0.399	0.470	213	225	-0.333778	0.062222	
A/whooper_swan/Henan/8/20	0.3202	0.2809	0.3966	0.2407	0.181	0.003	0.410	52.45	0.410	0.470	217	230	-0.337826	0.060870	
A/whooper_swan/Henan/14/2	0.3202	0.2809	0.3966	0.2407	0.181	0.003	0.410	52.45	0.410	0.470	217	230	-0.337826	0.060870	
A/whooper_swan/Henan/44/2	0.3202	0.2809	0.3966	0.2407	0.181	0.003	0.410	52.45	0.410	0.470	217	230	-0.337826	0.060870	
A/whooper_swan/Henan/45/2	0.3202	0.2809	0.3966	0.2407	0.181	0.003	0.410	52.45	0.410	0.470	217	230	-0.337826	0.060870	
A/whooper_swan/Henan/46/2	0.3202	0.2809	0.3966	0.2407	0.181	0.003	0.410	52.45	0.410	0.470	217	230	-0.337826	0.060870	
A/whooper_swan/Henan/424/	0.3202	0.2809	0.3966	0.2407	0.181	0.003	0.410	52.45	0.410	0.470	217	230	-0.337826	0.060870	
A/whooper_swan/Henan/SM1/	0.3728	0.2485	0.4061	0.2105	0.189	0.022	0.422	51.81	0.363	0.455	204	217	-0.336405	0.073733	
A/whooper_swan/Henan/SM16	0.3728	0.2485	0.4036	0.2092	0.192	0.028	0.426	52.75	0.363	0.455	204	217	-0.320277	0.073733	
A/whooper_swan/Henan/SM31	0.3728	0.2485	0.4036	0.2092	0.188	0.022	0.422	52.29	0.363	0.456	204	217	-0.323963	0.073733	
A/whooper_swan/Henan/SM61	0.3728	0.2485	0.3939	0.2237	0.188	0.022	0.422	52.71	0.373	0.458	204	217	-0.336405	0.073733	
A/whooper_swan/Henan/SM76	0.3728	0.2485	0.4061	0.2105	0.189	0.022	0.422	51.81	0.363	0.455	204	217	-0.336405	0.073733	
A/whooper_swan/Henan/SM86	0.3728	0.2485	0.3939	0.2237	0.190	0.028	0.426	53.60	0.373	0.455	204	217	-0.332719	0.073733	
A/whooper_swan/Henan/SM11	0.3728	0.2485	0.4061	0.2105	0.193	0.028	0.426	52.33	0.363	0.453	204	217	-0.332719	0.073733	
A/whooper_swan/Henan/SMQ5	0.3728	0.2485	0.4061	0.2105	0.194	0.028	0.426	52.50	0.363	0.452	204	217	-0.332719	0.073733	
A/whooper_swan/Henan/SMQ7	0.3728	0.2485	0.4061	0.2105	0.189	0.022	0.422	51.81	0.363	0.455	204	217	-0.336405	0.073733	
A/whooper_swan/Henan/SMQ9	0.3728	0.2485	0.3939	0.2237	0.193	0.028	0.426	53.52	0.373	0.455	204	217	-0.332719	0.073733	
A/whooper_swan/Henan/SMQ1	0.3728	0.2485	0.3939	0.2237	0.188	0.022	0.422	52.71	0.373	0.458	204	217	-0.336405	0.073733	
A/whooper_swan/Henan/SMX1	0.3314	0.2743	0.3977	0.2360	0.183	0.042	0.430	51.00	0.402	0.468	214	225	-0.332000	0.066667	
A/whooper_swan/Henan/SMX3	0.3314	0.2743	0.3977	0.2360	0.182	0.042	0.430	51.10	0.402	0.467	214	225	-0.332000	0.066667	
A/whooper_swan/Henan/SMX4	0.3314	0.2743	0.3977	0.2360	0.182	0.042	0.430	51.10	0.402	0.467	214	225	-0.332000	0.066667	
A/whooper_swan/Henan/SMX9	0.3314	0.2743	0.3977	0.2360	0.182	0.042	0.430	51.10	0.402	0.467	214	225	-0.332000	0.066667	
A/whooper_swan/Henan/T578	0.3580	0.2557	0.4138	0.2237	0.133	-0.132	0.336	55.94	0.369	0.436	214	230	-0.334348	0.060870	
A/whooper_swan/Henan/T874	0.3580	0.2557	0.4138	0.2237	0.133	-0.132	0.336	55.94	0.369	0.436	214	230	-0.334348	0.060870	
A/whooper_swan/Henan/T880	0.3580	0.2557	0.4138	0.2237	0.133	-0.132	0.336	55.94	0.369	0.436	214	230	-0.334348	0.060870	
A/whooper_swan/Henan/T886	0.3580	0.2557	0.4138	0.2237	0.133	-0.132	0.336	55.94	0.369	0.436	214	230	-0.334348	0.060870	
A/whooper_swan/Henan/T888	0.3580	0.2557	0.4138	0.2237	0.133	-0.132	0.336	55.94	0.369	0.436	214	230	-0.334348	0.060870	
A/whooper_swan/Henan/Y120	0.3580	0.2557	0.4138	0.2237	0.133	-0.132	0.336	55.94	0.369	0.436	214	230	-0.334348	0.060870	
A/whooper_swan/Inner_Mong	0.3728	0.2485	0.3939	0.2237	0.188	0.022	0.422	52.71	0.373	0.458	204	217	-0.336405	0.073733	
A/Whooper_Swan/Sanmenxia/	0.3616	0.2429	0.4171	0.2222	0.199	0.065	0.454	54.20	0.366	0.449	216	230	-0.360435	0.078261	
A/Whooper_swan/Sanmenxia/	0.3728	0.2485	0.3939	0.2237	0.187	0.022	0.422	53.39	0.373	0.456	204	217	-0.336405	0.073733	
A/Whooper_swan/Sanmenxia/	0.3728	0.2485	0.4000	0.2171	0.190	0.030	0.426	52.67	0.368	0.455	204	217	-0.336405	0.073733	
A/Whooper_swan/Sanmenxia/	0.3728	0.2485	0.3939	0.2237	0.188	0.022	0.422	52.71	0.373	0.458	204	217	-0.336405	0.073733	
A/Whooper_swan/Sanmenxia/	0.3728	0.2485	0.4000	0.2171	0.190	0.030	0.426	52.67	0.368	0.455	204	217	-0.336405	0.073733	
A/Whooper_swan/Sanmenxia/	0.3728	0.2485	0.4061	0.2105	0.189	0.022	0.422	51.81	0.363	0.455	204	217	-0.336405	0.073733	
A/Whooper_swan/Sanmenxia/	0.3728	0.2485	0.3939	0.2237	0.187	0.022	0.422	53.39	0.373	0.456	204	217	-0.336405	0.073733	
A/Whooper_swan/Sanmenxia/	0.3728	0.2485	0.4061	0.2105	0.189	0.022	0.422	51.81	0.363	0.455	204	217	-0.336405	0.073733	
A/Whooper_swan/Sanmenxia/	0.3728	0.2485	0.4000	0.2171	0.189	0.022	0.422	51.95	0.368	0.456	204	217	-0.336405	0.073733	
A/Whooper_swan/Sanmenxia/	0.3728	0.2485	0.4061	0.2105	0.189	0.022	0.422	51.81	0.363	0.455	204	217	-0.336405	0.073733	
A/Whooper_swan/Sanmenxia/	0.3787	0.2426	0.3939	0.2237	0.186	0.014	0.417	53.18	0.368	0.455	204	217	-0.336405	0.073733	
A/Whooper_swan/Sanmenxia/	0.3728	0.2485	0.3939	0.2237	0.188	0.022	0.422	52.71	0.373	0.458	204	217	-0.336405	0.073733	
A/Whooper_swan/Sanmenxia/	0.3728	0.2485	0.3939	0.2237	0.187	0.022	0.422	53.39	0.373	0.456	204	217	-0.336405	0.073733	
A/Whooper_swan/Sanmenxia/	0.3669	0.2544	0.4061	0.2105	0.190	0.030	0.426	51.51	0.368	0.456	204	217	-0.336405	0.073733	
A/Whooper_swan/Sanmenxia/	0.3728	0.2485	0.3939	0.2237	0.188	0.022	0.422	52.71	0.373	0.458	204	217	-0.336405	0.073733	
A/Whooper_swan/Sanmenxia/	0.3728	0.2485	0.4000	0.2171	0.189	0.022	0.422	51.95	0.368	0.456	204	217	-0.336405	0.073733	
A/Whooper_swan/Sanmenxia/	0.3728	0.2485	0.4036	0.2092	0.188	0.022	0.422	52.29	0.363	0.456	204	217	-0.323963	0.073733	
A/Whooper_swan/Sanmenxia/	0.3669	0.2485	0.4121	0.2105	0.185	0.022	0.422	51.65	0.363	0.455	204	217	-0.336405	0.073733	
A/Whooper_swan/Sanmenxia/	0.3728	0.2485	0.4036	0.2092	0.188	0.022	0.422	52.29	0.363	0.456	204	217	-0.323963	0.073733	
A/Whooper_swan/Sanmenxia/	0.3669	0.2544	0.4000	0.2171	0.189	0.022	0.422	53.08	0.373	0.458	204	217	-0.336405	0.073733	
A/Whooper_swan/Sanmenxia/	0.3728	0.2485	0.4036	0.2092	0.188	0.022	0.422	52.29	0.363	0.456	204	217	-0.323963	0.073733	
A/Whooper_swan/Sanmenxia/	0.3728	0.2485	0.3939	0.2237	0.188	0.022	0.422	52.71	0.373	0.458	204	217	-0.336405	0.073733	
A/Whooper_swan/Sanmenxia/	0.3728	0.2485	0.3939	0.2237	0.189	0.022	0.422	52.88	0.373	0.456	204	217	-0.336405	0.073733	
A/Whooper_swan/Sanmenxia/	0.3728	0.2485	0.4061	0.2105	0.189	0.022	0.422	51.81	0.363	0.455	204	217	-0.336405	0.073733	
A/whooper_swan/Shaanxi/SX	0.3728	0.2485	0.3939	0.2237	0.192	0.028	0.426	53.32	0.373	0.456	204	217	-0.332719	0.073733	
A/whooper_swan/Shaanxi/SX	0.3728	0.2485	0.4061	0.2105	0.193	0.028	0.426	52.33	0.363	0.453	204	217	-0.332719	0.073733	
A/whooper_swan/Shaanxi/SX	0.3728	0.2485	0.4061	0.2105	0.193	0.028	0.426	52.33	0.363	0.453	204	217	-0.332719	0.073733	
A/whooper_swan/Shandong/S	0.3787	0.2426	0.3939	0.2237	0.186	0.014	0.417	53.18	0.368	0.455	204	217	-0.336405	0.073733	
A/whooper_swan/Shandong/S	0.3787	0.2426	0.3939	0.2237	0.186	0.014	0.417	53.18	0.368	0.455	204	217	-0.336405	0.073733	
A/whooper_swan/Shandong/S	0.3787	0.2426	0.3939	0.2237	0.186	0.014	0.417	53.18	0.368	0.455	204	217	-0.336405	0.073733	
A/whooper_swan/Shandong/S	0.3672	0.2373	0.4045	0.2331	0.189	0.031	0.433	53.62	0.369	0.451	217	230	-0.305217	0.069565	
A/whooper_swan/Shandong/S	0.3787	0.2426	0.3939	0.2237	0.186	0.014	0.417	53.18	0.368	0.455	204	217	-0.336405	0.073733	
A/whooper_swan/Shandong/S	0.3787	0.2426	0.3939	0.2237	0.186	0.014	0.417	53.18	0.368	0.455	204	217	-0.336405	0.073733	
A/whooper_swan/Shandong/S	0.3787	0.2426	0.3939	0.2237	0.186	0.014	0.417	53.18	0.368	0.455	204	217	-0.336405	0.073733	
A/whooper_swan/Shanxi/4-1	0.3669	0.2544	0.4061	0.2105	0.190	0.030	0.426	51.51	0.368	0.456	204	217	-0.336405	0.073733	
A/whooper_swan/Shanxi/4-2	0.3669	0.2544	0.4061	0.2105	0.190	0.030	0.426	51.51	0.368	0.456	204	217	-0.336405	0.073733	
A/whooper_swan/Shanxi/14/	0.3202	0.2809	0.3966	0.2407	0.181	0.003	0.410	52.45	0.410	0.470	217	230	-0.337826	0.060870	
A/whooper_swan/Shanxi/20/	0.3202	0.2809	0.3966	0.2407	0.181	0.003	0.410	52.45	0.410	0.470	217	230	-0.337826	0.060870	
A/whooper_swan/Shanxi/RC0	0.3616	0.2429	0.4171	0.2222	0.199	0.065	0.454	54.20	0.366	0.449	216	230	-0.360435	0.078261	
A/whooper_swan/Shanxi/SX1	0.3669	0.2544	0.3939	0.2237	0.189	0.030	0.426	52.91	0.377	0.459	204	217	-0.336405	0.073733	
A/whooper_swan/Shanxi/SX3	0.3669	0.2544	0.4061	0.2105	0.194	0.037	0.431	51.76	0.368	0.455	204	217	-0.332719	0.073733	
A/whooper_swan/Shanxi/SX5	0.3669	0.2544	0.3939	0.2237	0.194	0.037	0.431	53.72	0.377	0.456	204	217	-0.332719	0.073733	
A/whooper_swan/Shanxi/SX1	0.3669	0.2544	0.4061	0.2105	0.194	0.037	0.431	51.76	0.368	0.455	204	217	-0.332719	0.073733	
A/whooper_swan/Shanxi/SX1	0.3693	0.2386	0.4045	0.2331	0.192	0.031	0.433	53.56	0.369	0.449	217	230	-0.318696	0.069565	
A/whooper_swan/Shanxi/SX1	0.3728	0.2485	0.3939	0.2237	0.192	0.028	0.426	53.32	0.373	0.456	204	217	-0.332719	0.073733	
A/whooper_swan/Shanxi/SX2	0.3728	0.2485	0.3939	0.2237	0.193	0.028	0.426	53.52	0.373	0.455	204	217	-0.332719	0.073733	
A/whooper_swan/Shanxi/SX2	0.3728	0.2485	0.3939	0.2237	0.188	0.022	0.422	52.71	0.373	0.458	204	217	-0.336405	0.073733	
A/whooper_swan/Shanxi/SX2	0.3728	0.2485	0.3939	0.2237	0.192	0.028	0.426	53.21	0.373	0.456	204	217	-0.332258	0.073733	
A/whooper_swan/Shanxi/SX2	0.3669	0.2544	0.4000	0.2171	0.189	0.022	0.422	53.08	0.373	0.458	204	217	-0.336405	0.073733	
A/whooper_swan/Shanxi/SX2	0.3669	0.2544	0.4000	0.2171	0.194	0.028	0.426	53.76	0.373	0.455	204	217	-0.332719	0.073733	
A/whooper_swan/Shanxi/SX2	0.3787	0.2426	0.3939	0.2237	0.189	0.020	0.422	53.62	0.368	0.455	204	217	-0.332719	0.073733	
A/whooper_swan/Shanxi/SX3	0.3728	0.2485	0.3939	0.2252	0.189	0.021	0.422	52.99	0.373	0.456	204	217	-0.333180	0.073733	
A/Wigeon/Ningxia/476-12/2	0.3448	0.2644	0.3864	0.2422	0.184	0.018	0.418	51.94	0.399	0.470	213	225	-0.333778	0.062222	
A/wild_bird/Eastern_China	0.3503	0.2429	0.3833	0.2606	0.183	0.008	0.415	50.24	0.396	0.468	217	230	-0.360435	0.060870	
A/wild_bird/Eastern_China	0.3559	0.2373	0.3833	0.2606	0.183	0.008	0.415	49.71	0.392	0.467	217	230	-0.360435	0.060870	
A/wild_bird/Eastern_China	0.3503	0.2429	0.3833	0.2606	0.183	0.008	0.415	50.24	0.396	0.468	217	230	-0.360435	0.060870	
A/wild_bird/Hubei/12.12_L	0.3672	0.2373	0.4157	0.2134	0.197	0.069	0.454	54.19	0.356	0.446	216	230	-0.336957	0.069565	
A/wild_bird/Hunan/01.14_Y	0.3506	0.2586	0.3955	0.2284	0.190	0.061	0.441	51.46	0.385	0.468	213	225	-0.344444	0.057778	
A/wild_bird/Hunan/01.14_Y	0.3636	0.2606	0.3889	0.2313	0.195	0.041	0.435	50.42	0.385	0.458	200	212	-0.360849	0.066038	
A/wild_bird/Hunan/02.24_Y	0.3506	0.2586	0.3977	0.2298	0.189	0.045	0.432	51.08	0.385	0.465	213	225	-0.328444	0.062222	
A/wild_bird/Hunan/02.24_Y	0.3506	0.2586	0.3977	0.2298	0.189	0.045	0.432	51.08	0.385	0.465	213	225	-0.328444	0.062222	
A/wild_bird/Hunan/03.08_D	0.3506	0.2586	0.3977	0.2298	0.189	0.045	0.432	51.08	0.385	0.465	213	225	-0.328444	0.062222	
A/wild_bird/Taipei/04WB12	0.3559	0.2542	0.4080	0.2288	0.137	-0.122	0.341	55.74	0.374	0.443	214	230	-0.338261	0.060870	
A/wild_bird/Zhejiang/NBXS	0.3584	0.2543	0.4136	0.2119	0.178	-0.042	0.385	50.52	0.371	0.458	205	217	-0.304148	0.073733	
A/wild_duck/Fujian/1/2011	0.3391	0.2701	0.4091	0.2188	0.186	0.027	0.423	49.56	0.385	0.462	213	225	-0.321333	0.062222	
A/wild_duck/Fujian/2/2011	0.3391	0.2701	0.4091	0.2188	0.186	0.027	0.423	49.56	0.385	0.462	213	225	-0.321333	0.062222	
A/wild_duck/Hebei/SD012/2	0.3315	0.2697	0.4078	0.2270	0.182	0.017	0.419	50.47	0.392	0.465	217	230	-0.360870	0.060870	
A/wild_duck/Hunan/12.28_D	0.3596	0.2416	0.3855	0.2500	0.188	0.024	0.424	48.78	0.387	0.465	217	230	-0.360435	0.060870	
A/wild_duck/Jiangsu/SD019	0.3787	0.2426	0.3939	0.2237	0.186	0.014	0.417	53.18	0.368	0.455	204	217	-0.336405	0.073733	
A/wild_duck/Jilin/HF/2011	0.3353	0.2832	0.3943	0.2236	0.194	0.057	0.443	52.33	0.401	0.461	212	225	-0.350667	0.062222	
A/wild_duck/Jilin/ZF/2011	0.3353	0.2775	0.3988	0.2250	0.193	0.061	0.445	51.52	0.398	0.462	211	225	-0.375556	0.062222	
A/wild_duck/Shandong/1/20	0.3179	0.2890	0.4118	0.2244	0.189	0.047	0.438	53.42	0.405	0.465	210	225	-0.326666	0.071111	
A/wild_duck/Shandong/2/20	0.3410	0.2775	0.4046	0.2112	0.193	0.061	0.445	50.20	0.389	0.462	211	225	-0.364000	0.062222	
A/wild_duck/Shandong/628/	0.3164	0.2768	0.4246	0.2195	0.200	0.054	0.447	49.72	0.392	0.458	217	230	-0.308696	0.060870	
A/wild_duck/Shandong/SC17	0.3787	0.2426	0.3939	0.2237	0.186	0.014	0.417	53.18	0.368	0.455	204	217	-0.336405	0.073733	
A/wild_goose/Shandong/SC1	0.3787	0.2426	0.3939	0.2237	0.186	0.014	0.417	53.18	0.368	0.455	204	217	-0.336405	0.073733	
A/wild_pigeon/Jilin/CC01/	0.3391	0.2701	0.3977	0.2313	0.188	0.043	0.432	51.00	0.394	0.467	213	225	-0.310667	0.062222	
A/wildfowl/China/472/2014	0.3391	0.2529	0.4458	0.1974	0.184	-0.037	0.386	47.22	0.357	0.449	207	217	-0.326267	0.069124	
A/Xinjiang/1/2006|EPI_ISL	0.3353	0.2717	0.4046	0.2372	0.180	-0.006	0.406	49.90	0.396	0.458	212	225	-0.360889	0.062222	
A/Xinjiang/1/2009|EPI_ISL	0.3295	0.2717	0.4277	0.2138	0.187	0.048	0.439	48.96	0.382	0.456	212	225	-0.390667	0.062222	
A/Yunnan/14563/2015|EPI_I	0.3333	0.2414	0.4518	0.2119	0.161	-0.081	0.362	49.42	0.357	0.442	207	217	-0.354839	0.069124	
A/Yunnan/DQ002/2015(H5N6)	0.3333	0.2414	0.4518	0.2119	0.161	-0.081	0.362	49.42	0.357	0.442	207	217	-0.354839	0.069124	
A/Zhejiang/1/2006|EPI_ISL	0.3410	0.2717	0.3908	0.2390	0.194	0.046	0.439	50.85	0.401	0.464	212	225	-0.378667	0.062222	
A/Anas_platyrhynchos/jiuj	0.3427	0.2640	0.4023	0.2353	0.132	-0.144	0.327	57.68	0.388	0.449	214	230	-0.342609	0.060870	
A/Anas_crecca/Hubei/Chenh	0.3506	0.2586	0.4057	0.2264	0.181	0.019	0.418	50.38	0.380	0.462	213	225	-0.295556	0.062222	
A/Anhui/1/2006_H5N1|GCA_0	0.3430	0.2674	0.3966	0.2390	0.190	0.040	0.434	48.93	0.396	0.461	212	225	-0.391556	0.062222	
A/Anhui/1/2007_H5N1|GCA_0	0.3276	0.2759	0.4012	0.2405	0.172	-0.023	0.396	53.85	0.406	0.473	212	225	-0.412444	0.066667	
A/Anhui/2/2005_H5N1|GCA_0	0.3237	0.2890	0.3931	0.2405	0.200	0.061	0.448	48.74	0.415	0.467	212	225	-0.372444	0.066667	
A/Anser_cygnoides/China/P	0.3371	0.2686	0.4034	0.2250	0.179	0.027	0.423	51.96	0.390	0.464	213	225	-0.296444	0.062222	
A/Anser_cygnoides/Hubei/F	0.3672	0.2373	0.4157	0.2134	0.197	0.069	0.454	54.19	0.356	0.446	216	230	-0.336957	0.069565	
A/Anser_fabalis/jiujiang/	0.3427	0.2640	0.4023	0.2353	0.132	-0.144	0.327	57.68	0.388	0.449	214	230	-0.342609	0.060870	
A/Anser_fabalis/jiujiang/	0.3427	0.2640	0.4023	0.2353	0.132	-0.144	0.327	57.68	0.388	0.449	214	230	-0.342609	0.060870	
A/Anser_fabalis/jiujiang/	0.3427	0.2640	0.4023	0.2353	0.132	-0.144	0.327	57.68	0.388	0.449	214	230	-0.342609	0.060870	
A/Bulbul/Taiwan/01156/201	0.3552	0.2459	0.4239	0.2083	0.188	0.029	0.430	50.63	0.359	0.450	223	237	-0.367511	0.059072	
A/Changsha/1/2014_H5N6|GC	0.3488	0.2674	0.3943	0.2327	0.190	0.031	0.425	50.86	0.392	0.461	212	225	-0.261333	0.062222	
A/China/Original/2018_H5N	0.3448	0.2586	0.4011	0.2298	0.186	0.035	0.427	50.86	0.385	0.465	213	225	-0.296889	0.062222	
A/Chlidonias_hybrida/Hube	0.3728	0.2485	0.4061	0.2105	0.189	0.022	0.422	51.81	0.363	0.455	204	217	-0.336405	0.073733	
A/Commom_Teal/Ningxia/474	0.3448	0.2644	0.3864	0.2422	0.184	0.018	0.418	51.94	0.399	0.470	213	225	-0.333778	0.062222	
A/Copsychus_saularis/Guan	0.3448	0.2644	0.3977	0.2313	0.188	0.035	0.427	51.29	0.390	0.465	213	225	-0.310222	0.062222	
A/Cygnus_atratus/Hubei/2Z	0.3616	0.2429	0.4171	0.2222	0.199	0.065	0.454	54.20	0.366	0.449	216	230	-0.360435	0.078261	
A/Cygnus_atratus/Hubei/HF	0.3616	0.2429	0.4171	0.2222	0.199	0.065	0.454	54.20	0.366	0.449	216	230	-0.360435	0.078261	
A/Cygnus_columbianus/Hube	0.3728	0.2485	0.4061	0.2119	0.187	0.013	0.417	51.55	0.363	0.453	204	217	-0.335023	0.073733	
A/Cygnus_columbianus/Hube	0.3728	0.2485	0.4061	0.2105	0.189	0.022	0.422	51.81	0.363	0.455	204	217	-0.336405	0.073733	
A/Cygnus_columbianus/Hube	0.3728	0.2485	0.3939	0.2237	0.189	0.022	0.422	52.88	0.373	0.456	204	217	-0.336405	0.073733	
A/Cygnus_columbianus/Hube	0.3728	0.2485	0.3939	0.2237	0.188	0.022	0.422	52.71	0.373	0.458	204	217	-0.336405	0.073733	
A/Cygnus_columbianus/Hube	0.3728	0.2485	0.4061	0.2105	0.189	0.022	0.422	51.81	0.363	0.455	204	217	-0.336405	0.073733	
A/Cygnus_columbianus/Hube	0.3728	0.2485	0.4061	0.2105	0.189	0.022	0.422	51.81	0.363	0.455	204	217	-0.336405	0.073733	
A/Cygnus_columbianus/Hube	0.3728	0.2485	0.4061	0.2105	0.189	0.022	0.422	51.81	0.363	0.455	204	217	-0.336405	0.073733	
A/Duck/Dongting/D76-1/201	0.3596	0.2416	0.3855	0.2500	0.188	0.024	0.424	48.78	0.387	0.465	217	230	-0.360435	0.060870	
A/Duck/Jiangxi/631/2024_H	0.3450	0.2690	0.4161	0.2119	0.185	-0.016	0.402	51.68	0.382	0.459	204	217	-0.315207	0.073733	
A/Falcated_Duck/Ningxia/4	0.3448	0.2644	0.3864	0.2422	0.184	0.018	0.418	51.94	0.399	0.470	213	225	-0.333778	0.062222	
A/Ferruginous_Pochard/Nin	0.3448	0.2644	0.3864	0.2422	0.184	0.018	0.418	51.94	0.399	0.470	213	225	-0.333778	0.062222	
A/Gadwall/Ningxia/472-7/2	0.3448	0.2644	0.3864	0.2422	0.184	0.018	0.418	51.94	0.399	0.470	213	225	-0.333778	0.062222	
A/Gallinula_chloropus/Gua	0.3448	0.2644	0.4000	0.2327	0.185	0.027	0.423	51.54	0.390	0.464	213	225	-0.322667	0.062222	
A/Guangdong/1/2008_H5N1|G	0.3295	0.2832	0.3815	0.2532	0.199	0.055	0.443	50.08	0.420	0.465	212	225	-0.370222	0.066667	
A/Guangdong/2/2006_H5N1|G	0.3410	0.2659	0.4000	0.2327	0.196	0.079	0.458	50.94	0.392	0.464	212	225	-0.347556	0.062222	
A/Guangdong/lgf/2021_H5N6	0.3466	0.2727	0.4157	0.2050	0.181	0.007	0.417	53.26	0.375	0.452	216	230	-0.360000	0.060870	
A/Guangxi/1/2005_H5N1|GCA	0.3295	0.2775	0.3966	0.2390	0.194	0.063	0.448	50.72	0.406	0.467	212	225	-0.373778	0.062222	
A/Guangxi/1/2008_H5N1|GCA	0.3200	0.2800	0.4104	0.2264	0.186	0.064	0.448	51.70	0.401	0.467	212	225	-0.386667	0.066667	
A/Guangzhou/39715/2014_H5	0.3448	0.2644	0.4000	0.2342	0.183	0.026	0.423	50.63	0.390	0.462	213	225	-0.321333	0.062222	
A/Guizhou/1/2009_H5N1|GCA	0.3198	0.2965	0.3908	0.2327	0.191	0.073	0.455	54.15	0.417	0.471	211	225	-0.344445	0.057778	
A/Hunan/1/2008_H5N1|GCA_0	0.3314	0.2791	0.4080	0.2229	0.179	0.036	0.431	49.05	0.393	0.456	211	225	-0.327555	0.062222	
A/Hunan/2/2009_H5N1|GCA_0	0.3314	0.2849	0.3908	0.2313	0.185	0.050	0.441	53.46	0.408	0.473	211	225	-0.361778	0.057778	
A/Japanese_white-eye/Taoy	0.3391	0.2701	0.4000	0.2313	0.190	0.042	0.432	48.64	0.394	0.467	213	225	-0.347111	0.062222	
A/Nanjing/1/2015_H5N1|GCA	0.3410	0.2717	0.3757	0.2516	0.194	0.045	0.436	52.35	0.412	0.467	211	225	-0.364444	0.062222	
A/Northern_Shoveler/Ningx	0.3448	0.2644	0.3920	0.2360	0.182	0.010	0.413	52.23	0.394	0.468	213	225	-0.333778	0.062222	
A/Pavo_cristatus/China/JS	0.3314	0.2743	0.3977	0.2327	0.184	0.047	0.437	53.41	0.399	0.465	213	225	-0.284889	0.062222	
A/Pavo_cristatus/China/K1	0.3314	0.2743	0.3977	0.2327	0.184	0.047	0.437	53.41	0.399	0.465	213	225	-0.284889	0.062222	
A/Pavo_cristatus/Jiangxi/	0.3410	0.2717	0.4034	0.2174	0.190	0.062	0.443	51.87	0.387	0.468	212	225	-0.297333	0.062222	
A/Rattus_norvegicus/China	0.3543	0.2571	0.4101	0.2099	0.186	0.052	0.439	52.00	0.369	0.458	214	225	-0.286667	0.066667	
A/Shandong/1/2009_H5N1|GC	0.3256	0.2907	0.3815	0.2500	0.201	0.050	0.443	51.16	0.425	0.467	212	225	-0.395111	0.071111	
A/Spatula_querquedula/cho	0.3427	0.2640	0.4023	0.2353	0.132	-0.144	0.327	57.68	0.388	0.449	214	230	-0.342609	0.060870	
A/Syrrhaptes_paradoxus/Gu	0.3391	0.2701	0.3977	0.2298	0.190	0.050	0.437	51.38	0.394	0.470	213	225	-0.293778	0.062222	
A/Taiwan/DV413/2006_H5N2|	0.3275	0.2690	0.4012	0.2353	0.178	0.027	0.424	50.37	0.400	0.467	205	217	-0.329493	0.064516	
A/Taiwan/DV518/2006_H5N2|	0.3275	0.2690	0.4012	0.2353	0.178	0.027	0.424	50.37	0.400	0.467	205	217	-0.329493	0.064516	
A/Whooper_Swan/Sanmenxia/	0.3616	0.2429	0.4171	0.2222	0.199	0.065	0.454	54.20	0.366	0.449	216	230	-0.360435	0.078261	
A/Wild_bird/Huadong/CIXI2	0.3787	0.2426	0.3916	0.2222	0.184	0.017	0.417	52.80	0.368	0.456	204	217	-0.333641	0.069124	
A/Wild_bird/Huadong/CM120	0.3450	0.2749	0.3779	0.2468	0.199	0.046	0.438	51.37	0.410	0.464	210	225	-0.370222	0.062222	
A/Wild_bird/Huadong/DF10/	0.3526	0.2659	0.4091	0.2050	0.191	0.062	0.443	51.11	0.373	0.462	212	225	-0.308444	0.062222	
A/Wild_bird/Huadong/DT10/	0.3371	0.2629	0.3864	0.2484	0.178	0.022	0.418	51.17	0.404	0.474	213	225	-0.328889	0.057778	
A/Wild_bird/Huadong/GY116	0.3526	0.2659	0.4091	0.2050	0.191	0.062	0.443	51.11	0.373	0.462	212	225	-0.308444	0.062222	
A/Wild_bird/Huadong/GY183	0.3353	0.2717	0.3943	0.2375	0.192	0.059	0.443	52.81	0.401	0.465	212	225	-0.328000	0.062222	
A/Wild_bird/Huadong/GY999	0.3391	0.2701	0.3920	0.2390	0.182	0.009	0.413	51.84	0.399	0.465	213	225	-0.303556	0.062222	
A/Wild_bird/Huadong/JYWB4	0.3391	0.2701	0.3943	0.2375	0.190	0.042	0.432	48.71	0.399	0.467	213	225	-0.345333	0.062222	
A/Wild_bird/Huadong/QP10/	0.3391	0.2701	0.4104	0.2278	0.186	0.020	0.418	48.04	0.390	0.464	213	225	-0.346667	0.066667	
A/Wild_bird/Huadong/SH17/	0.3526	0.2659	0.4091	0.2050	0.191	0.062	0.443	51.11	0.373	0.462	212	225	-0.308444	0.062222	
A/Wild_bird/Huadong/SSW7/	0.3333	0.2759	0.4034	0.2236	0.186	0.043	0.432	51.93	0.394	0.467	213	225	-0.290667	0.071111	
A/Wild_bird/Huadong/SZ111	0.3371	0.2629	0.4091	0.2222	0.180	0.038	0.427	54.12	0.385	0.467	213	225	-0.325333	0.062222	
A/Wild_bird/Huadong/YC148	0.3333	0.2759	0.4034	0.2236	0.187	0.043	0.432	51.12	0.394	0.468	213	225	-0.300444	0.066667	
A/Wild_bird/Huadong/YX68/	0.3526	0.2659	0.4091	0.2050	0.191	0.062	0.443	51.11	0.373	0.462	212	225	-0.308444	0.062222	
A/Xinjiang/1/2009_H5N1|GC	0.3295	0.2717	0.4277	0.2138	0.187	0.048	0.439	48.96	0.382	0.456	212	225	-0.390667	0.062222	
A/Yangzhou/125/2022_H5N6|	0.3353	0.2717	0.3842	0.2454	0.190	0.017	0.418	54.18	0.408	0.476	213	225	-0.307111	0.057778	
A/avian/Hong_Kong/0719/20	0.3161	0.2816	0.4138	0.2250	0.195	0.077	0.458	52.28	0.401	0.467	212	225	-0.393778	0.066667	
A/avian/Hong_Kong/1993/20	0.3218	0.2759	0.4138	0.2250	0.193	0.069	0.453	52.41	0.396	0.465	212	225	-0.393778	0.066667	
A/avian/Hong_Kong/2372/20	0.3218	0.2759	0.4138	0.2250	0.196	0.077	0.458	52.30	0.396	0.467	212	225	-0.392000	0.066667	
A/baikal_teal/Xianghai/42	0.3427	0.2528	0.3911	0.2500	0.184	0.024	0.424	50.49	0.396	0.468	217	230	-0.360435	0.060870	
A/bar-headed_goose/Qingha	0.3295	0.2890	0.3953	0.2387	0.172	-0.004	0.406	50.75	0.410	0.458	212	225	-0.397333	0.062222	
A/bar-headed_goose/Tibet/	0.3353	0.2717	0.4104	0.2308	0.176	-0.013	0.401	49.38	0.392	0.453	212	225	-0.379111	0.062222	
A/black_chicken/Jiangxi/1	0.3506	0.2586	0.4034	0.2250	0.182	0.018	0.418	50.36	0.380	0.464	213	225	-0.301778	0.062222	
A/brown-headed_gull/Qingh	0.3353	0.2775	0.3988	0.2250	0.192	0.062	0.445	50.60	0.398	0.464	211	225	-0.380889	0.062222	
A/brown-headed_gull/Qingh	0.3353	0.2775	0.3988	0.2250	0.192	0.062	0.445	50.60	0.398	0.464	211	225	-0.380889	0.062222	
A/canvasback/Xianghai/428	0.3371	0.2584	0.3966	0.2439	0.186	0.024	0.424	50.12	0.396	0.468	217	230	-0.360435	0.060870	
A/cat/Sichuan/SC18/2014_H	0.3506	0.2586	0.4034	0.2264	0.181	0.020	0.418	49.48	0.380	0.461	213	225	-0.287111	0.062222	
A/cat/Zhejiang/C1/2016_H5	0.3218	0.2529	0.4731	0.1842	0.161	-0.054	0.377	47.69	0.348	0.444	207	217	-0.343779	0.069124	
A/cat/Zhejiang/C2/2016_H5	0.3353	0.2486	0.4611	0.1895	0.169	-0.055	0.377	49.13	0.348	0.444	207	217	-0.342396	0.069124	
A/chicken/Anhui/MZ33/2016	0.3295	0.2543	0.4491	0.2026	0.171	-0.046	0.382	49.12	0.362	0.447	207	217	-0.317512	0.069124	
A/chicken/Anhui/MZ34/2016	0.3295	0.2543	0.4491	0.2026	0.171	-0.046	0.382	49.12	0.362	0.447	207	217	-0.317512	0.069124	
A/chicken/Beijing/BJ7/201	0.3371	0.2514	0.4303	0.2119	0.164	-0.060	0.374	49.42	0.369	0.452	206	217	-0.340092	0.069124	
A/chicken/CH/a556/2015_H5	0.3596	0.2416	0.4044	0.2289	0.184	0.019	0.420	51.04	0.370	0.445	219	230	-0.322609	0.056522	
A/chicken/Changhua/150101	0.3427	0.2472	0.4022	0.2410	0.183	-0.012	0.406	49.54	0.387	0.468	217	230	-0.400435	0.060870	
A/chicken/Changhua/150102	0.3427	0.2472	0.4000	0.2395	0.183	-0.004	0.410	49.62	0.387	0.468	217	230	-0.388696	0.060870	
A/chicken/Changhua/150103	0.3427	0.2472	0.4022	0.2410	0.183	-0.012	0.406	49.48	0.387	0.467	217	230	-0.402174	0.060870	
A/chicken/Changhua/150103	0.3427	0.2472	0.4022	0.2424	0.180	-0.012	0.406	49.42	0.387	0.467	217	230	-0.390000	0.060870	
A/chicken/Changhua/150103	0.3427	0.2472	0.4022	0.2424	0.180	-0.010	0.406	49.77	0.387	0.465	217	230	-0.379565	0.060870	
A/chicken/Changhua/150103	0.3427	0.2472	0.4022	0.2424	0.180	-0.010	0.406	49.77	0.387	0.465	217	230	-0.379565	0.060870	
A/chicken/Changhua/150400	0.3552	0.2459	0.4293	0.2024	0.188	0.029	0.430	50.53	0.354	0.450	223	237	-0.365823	0.059072	
A/chicken/Changhua/150400	0.3497	0.2514	0.4185	0.2143	0.189	0.029	0.430	51.20	0.368	0.454	223	237	-0.365823	0.059072	
A/chicken/Changhua/150400	0.3607	0.2404	0.4185	0.2143	0.188	0.021	0.426	50.88	0.359	0.451	223	237	-0.365823	0.059072	
A/chicken/Changhua/150400	0.3607	0.2404	0.4185	0.2130	0.188	0.020	0.426	51.27	0.359	0.453	223	237	-0.387764	0.059072	
A/chicken/Changhua/150500	0.3371	0.2528	0.4078	0.2349	0.181	-0.012	0.406	50.02	0.387	0.467	217	230	-0.402174	0.060870	
A/chicken/Changhua/150500	0.3571	0.2473	0.4185	0.2083	0.189	0.046	0.441	51.46	0.360	0.453	222	237	-0.362447	0.059072	
A/chicken/Changhua/150600	0.3371	0.2528	0.4022	0.2410	0.180	-0.020	0.401	50.24	0.392	0.468	217	230	-0.402174	0.060870	
A/chicken/Changhua/150600	0.3571	0.2473	0.4153	0.2156	0.190	0.038	0.437	51.72	0.365	0.454	222	237	-0.375527	0.059072	
A/chicken/Changhua/150600	0.3333	0.2599	0.4078	0.2349	0.186	-0.005	0.410	49.80	0.392	0.467	217	230	-0.399565	0.060870	
A/chicken/Changhua/151200	0.3427	0.2472	0.3978	0.2395	0.179	0.006	0.415	50.47	0.387	0.468	217	230	-0.318261	0.060870	
A/chicken/Changhua/160100	0.3277	0.2655	0.4022	0.2349	0.182	0.005	0.417	49.53	0.398	0.471	216	230	-0.396956	0.060870	
A/chicken/Changhua/170600	0.3516	0.2418	0.4044	0.2339	0.184	0.010	0.419	48.85	0.378	0.466	222	237	-0.431645	0.063291	
A/chicken/Changhua/180400	0.3427	0.2528	0.3978	0.2321	0.184	-0.004	0.410	49.05	0.387	0.470	217	230	-0.375218	0.060870	
A/chicken/Chiayi/15010287	0.3427	0.2472	0.4000	0.2395	0.183	-0.004	0.410	49.62	0.387	0.468	217	230	-0.388696	0.060870	
A/chicken/Chiayi/15010409	0.3408	0.2458	0.4000	0.2470	0.178	-0.012	0.404	50.29	0.390	0.464	218	230	-0.359131	0.056522	
A/chicken/Chiayi/15010454	0.3552	0.2459	0.4239	0.2083	0.188	0.029	0.430	50.64	0.359	0.451	223	237	-0.365823	0.059072	
A/chicken/Chiayi/17040009	0.3371	0.2528	0.4022	0.2364	0.184	0.015	0.421	50.10	0.389	0.470	216	230	-0.387391	0.060870	
A/chicken/Chiayi/18120003	0.3352	0.2570	0.4045	0.2393	0.194	0.058	0.442	50.63	0.392	0.464	217	230	-0.339565	0.060870	
A/chicken/China/007/2019_	0.3391	0.2701	0.4045	0.2147	0.187	0.051	0.437	51.63	0.385	0.467	213	225	-0.286222	0.062222	
A/chicken/China/1101/2019	0.3391	0.2701	0.4011	0.2222	0.186	0.045	0.432	52.49	0.390	0.470	213	225	-0.301778	0.062222	
A/chicken/China/Cangzhou0	0.3427	0.2640	0.4023	0.2368	0.132	-0.139	0.332	57.32	0.388	0.446	214	230	-0.336087	0.060870	
A/chicken/China/E93/2012_	0.3161	0.2874	0.4094	0.2293	0.186	0.044	0.436	53.64	0.408	0.467	211	225	-0.342666	0.066667	
A/chicken/China/E96/2012_	0.3103	0.2931	0.4094	0.2293	0.191	0.052	0.441	53.10	0.412	0.470	211	225	-0.340889	0.066667	
A/chicken/Chiping/0321/20	0.3371	0.2457	0.4337	0.2105	0.156	-0.081	0.359	50.73	0.364	0.453	206	217	-0.348387	0.069124	
A/chicken/Dongguan/2690/2	0.3506	0.2586	0.3920	0.2390	0.185	0.026	0.423	50.62	0.390	0.464	213	225	-0.309333	0.062222	
A/chicken/Dongguan/3363/2	0.3448	0.2644	0.3920	0.2360	0.185	0.030	0.423	50.56	0.394	0.467	213	225	-0.301333	0.062222	
A/chicken/Dongguan/4259/2	0.3448	0.2644	0.3977	0.2313	0.192	0.056	0.441	50.30	0.390	0.465	213	225	-0.331111	0.062222	
A/chicken/Eastern_China/H	0.3372	0.2616	0.4491	0.1921	0.172	-0.046	0.386	49.01	0.357	0.439	207	217	-0.383410	0.069124	
A/chicken/Eastern_China/Q	0.3372	0.2616	0.4491	0.1921	0.172	-0.046	0.386	49.01	0.357	0.439	207	217	-0.383410	0.069124	
A/chicken/Eastern_China/Z	0.3046	0.2816	0.4393	0.2075	0.179	0.041	0.436	52.11	0.389	0.464	211	225	-0.353333	0.066667	
A/chicken/Eastern_China/Z	0.2989	0.2874	0.4393	0.2075	0.180	0.049	0.441	51.95	0.393	0.465	211	225	-0.353333	0.066667	
A/chicken/Fujian/1/2007_H	0.3276	0.2759	0.3966	0.2390	0.193	0.071	0.453	50.17	0.406	0.468	212	225	-0.360000	0.062222	
A/chicken/Fujian/11.23_FZ	0.3429	0.2686	0.4000	0.2278	0.182	0.040	0.432	52.02	0.390	0.464	213	225	-0.300000	0.066667	
A/chicken/GY/a451/2015_H5	0.3616	0.2486	0.4066	0.2182	0.175	0.006	0.413	51.50	0.367	0.442	218	230	-0.332609	0.056522	
A/chicken/Gansu/5/2012_H5	0.3179	0.2890	0.4094	0.2293	0.187	0.044	0.436	52.58	0.408	0.465	211	225	-0.356444	0.066667	
A/chicken/Gansu/6/2012_H5	0.3218	0.2816	0.4094	0.2293	0.185	0.036	0.431	53.64	0.403	0.465	211	225	-0.342666	0.066667	
A/chicken/Ganzhou/GZ27/20	0.3391	0.2701	0.4011	0.2222	0.190	0.059	0.441	51.15	0.390	0.468	213	225	-0.298222	0.062222	
A/chicken/Guangdong/1/200	0.3279	0.2842	0.4011	0.2426	0.182	0.012	0.417	52.32	0.408	0.463	228	242	-0.433058	0.061983	
A/chicken/Guangdong/GD160	0.3295	0.2543	0.4491	0.2026	0.171	-0.046	0.382	49.12	0.362	0.447	207	217	-0.317512	0.069124	
A/chicken/Guangxi/16/2019	0.3333	0.2644	0.4011	0.2331	0.177	0.026	0.423	49.39	0.394	0.471	213	225	-0.350222	0.057778	
A/chicken/Guangxi/S2039/2	0.3314	0.2686	0.4023	0.2327	0.182	0.029	0.425	49.61	0.396	0.465	212	225	-0.357333	0.062222	
A/chicken/Guizhou/7/2008_	0.3295	0.2832	0.4104	0.2215	0.194	0.057	0.443	49.14	0.396	0.459	212	225	-0.324000	0.062222	
A/chicken/Hebei/1102-MA/2	0.3314	0.2514	0.4398	0.2105	0.169	-0.046	0.382	47.26	0.367	0.452	207	217	-0.343779	0.069124	
A/chicken/Hebei/1102/2010	0.3314	0.2514	0.4398	0.2105	0.169	-0.046	0.382	47.26	0.367	0.452	207	217	-0.343779	0.069124	
A/chicken/Hebei/3/2013_H5	0.3391	0.2471	0.4337	0.2105	0.160	-0.075	0.364	50.22	0.364	0.452	206	217	-0.343779	0.069124	
A/chicken/Hebei/A-8/2009_	0.3237	0.2832	0.4162	0.2215	0.182	0.043	0.434	50.71	0.396	0.461	212	225	-0.382667	0.062222	
A/chicken/Heilongjiang/S7	0.3371	0.2686	0.3977	0.2327	0.186	0.042	0.432	50.66	0.394	0.467	213	225	-0.295556	0.062222	
A/chicken/Henan/A-7/2006_	0.3353	0.2775	0.3931	0.2405	0.181	0.019	0.420	51.36	0.406	0.464	212	225	-0.399555	0.066667	
A/chicken/Henan/Q7/2013_H	0.3371	0.2514	0.4303	0.2119	0.161	-0.066	0.369	49.55	0.369	0.453	206	217	-0.343779	0.069124	
A/chicken/Henan/YB0597/20	0.3353	0.2486	0.4431	0.2092	0.172	-0.046	0.382	49.49	0.362	0.447	207	217	-0.317512	0.069124	
A/chicken/Hsinchu/1608000	0.3315	0.2584	0.4000	0.2395	0.183	0.004	0.415	49.84	0.396	0.471	217	230	-0.388696	0.060870	
A/chicken/Huadong/4/2008_	0.3295	0.2775	0.4104	0.2278	0.183	0.038	0.434	51.92	0.396	0.459	212	225	-0.344445	0.062222	
A/chicken/Hubei/2856/2007	0.3295	0.2832	0.3931	0.2405	0.200	0.053	0.443	49.08	0.410	0.464	212	225	-0.363111	0.066667	
A/chicken/Hubei/ZYSJF11/2	0.3295	0.2543	0.4431	0.2092	0.170	-0.055	0.377	50.26	0.367	0.450	207	217	-0.342396	0.069124	
A/chicken/Hubei/ZYSJF16/2	0.3295	0.2543	0.4431	0.2092	0.170	-0.055	0.377	50.26	0.367	0.450	207	217	-0.342396	0.069124	
A/chicken/Hubei/ZYSJF38/2	0.3295	0.2543	0.4431	0.2092	0.170	-0.055	0.377	50.26	0.367	0.450	207	217	-0.342396	0.069124	
A/chicken/Hunan/02.06_YYG	0.3333	0.2759	0.4011	0.2222	0.189	0.051	0.437	50.94	0.394	0.470	213	225	-0.298222	0.062222	
A/chicken/Hunan/03.07_YYG	0.3391	0.2701	0.4068	0.2160	0.187	0.051	0.437	51.78	0.385	0.465	213	225	-0.298222	0.062222	
A/chicken/Hunan/12.27_YYG	0.3563	0.2529	0.3920	0.2360	0.185	0.018	0.418	51.74	0.385	0.467	213	225	-0.319111	0.066667	
A/chicken/Hunan/12.27_YYG	0.3371	0.2629	0.4205	0.2086	0.191	0.056	0.437	51.70	0.376	0.462	213	225	-0.295111	0.062222	
A/chicken/Hunan/1793/2007	0.3295	0.2832	0.3966	0.2357	0.184	0.049	0.439	50.74	0.406	0.459	212	225	-0.315111	0.062222	
A/chicken/Hunan/21/2005_H	0.3333	0.2816	0.3931	0.2342	0.196	0.048	0.439	48.47	0.406	0.465	212	225	-0.366667	0.062222	
A/chicken/Hunan/3/2007_H5	0.3295	0.2775	0.4000	0.2313	0.196	0.079	0.458	50.48	0.401	0.467	212	225	-0.360000	0.062222	
A/chicken/Hunan/3157/2006	0.3237	0.2890	0.3931	0.2390	0.205	0.068	0.453	48.52	0.415	0.468	212	225	-0.384444	0.066667	
A/chicken/Hunan/8/2008_H5	0.3276	0.2759	0.4000	0.2313	0.193	0.079	0.458	50.76	0.401	0.468	212	225	-0.346222	0.062222	
A/chicken/Jiangsu/1001/20	0.3371	0.2514	0.4431	0.1961	0.172	-0.027	0.391	47.47	0.357	0.452	207	217	-0.344700	0.069124	
A/chicken/Jiangsu/18/2008	0.3295	0.2775	0.4104	0.2278	0.183	0.039	0.434	51.95	0.396	0.462	212	225	-0.359111	0.062222	
A/chicken/Jiangsu/2477/20	0.3276	0.2816	0.4000	0.2313	0.186	0.036	0.427	48.46	0.404	0.471	213	225	-0.348889	0.062222	
A/chicken/Jiangsu/927/201	0.3483	0.2640	0.3944	0.2303	0.188	0.026	0.422	48.28	0.390	0.467	218	230	-0.290435	0.060870	
A/chicken/Jiangsu/XZ216/2	0.3391	0.2471	0.4337	0.2105	0.160	-0.075	0.364	50.22	0.364	0.452	206	217	-0.343779	0.069124	
A/chicken/Jiangsu/YB7/201	0.3430	0.2733	0.3779	0.2468	0.198	0.048	0.438	52.11	0.410	0.465	210	225	-0.348444	0.066667	
A/chicken/Jiangsu/k0402/2	0.3353	0.2775	0.3988	0.2264	0.192	0.055	0.441	51.70	0.398	0.461	211	225	-0.342222	0.062222	
A/chicken/Jiangxi/25/2011	0.3448	0.2701	0.4034	0.2160	0.193	0.050	0.437	50.99	0.385	0.465	213	225	-0.334222	0.062222	
A/chicken/Jiangxi/NCDZT11	0.3448	0.2644	0.3977	0.2313	0.186	0.034	0.427	51.00	0.390	0.467	213	225	-0.292444	0.062222	
A/chicken/Jiangxi/NCDZT11	0.3448	0.2644	0.3977	0.2313	0.186	0.034	0.427	51.00	0.390	0.467	213	225	-0.292444	0.062222	
A/chicken/Jiangyin/JY0907	0.3448	0.2644	0.3989	0.2209	0.187	0.046	0.432	52.17	0.385	0.468	213	225	-0.293778	0.057778	
A/chicken/Kaohsiung/16010	0.3559	0.2429	0.3989	0.2439	0.185	0.010	0.415	52.03	0.382	0.461	217	230	-0.389565	0.060870	
A/chicken/Kaohsiung/16020	0.3483	0.2472	0.3989	0.2439	0.183	0.010	0.415	52.46	0.387	0.464	217	230	-0.375652	0.060870	
A/chicken/Kaohsiung/16040	0.3539	0.2472	0.3989	0.2364	0.187	0.008	0.415	51.89	0.382	0.464	217	230	-0.398261	0.060870	
A/chicken/Kaohsiung/16070	0.3483	0.2472	0.3955	0.2500	0.187	0.001	0.410	51.71	0.392	0.465	217	230	-0.411739	0.060870	
A/chicken/Kaohsiung/16120	0.3539	0.2416	0.3966	0.2424	0.183	0.000	0.410	54.62	0.382	0.461	217	230	-0.360000	0.060870	
A/chicken/Kaohsiung/16MB0	0.3539	0.2472	0.3989	0.2364	0.187	0.008	0.415	51.89	0.382	0.464	217	230	-0.398261	0.060870	
A/chicken/Kaohsiung/17030	0.3427	0.2472	0.4111	0.2303	0.171	0.009	0.415	53.06	0.378	0.459	217	230	-0.347391	0.060870	
A/chicken/Kaohsiung/17040	0.3352	0.2514	0.4000	0.2410	0.176	-0.004	0.410	49.79	0.392	0.468	217	230	-0.336522	0.060870	
A/chicken/Kaohsiung/17100	0.3371	0.2528	0.3944	0.2455	0.181	-0.004	0.410	49.42	0.396	0.470	217	230	-0.388696	0.060870	
A/chicken/Kaohsiung/18080	0.3240	0.2626	0.4078	0.2335	0.179	0.014	0.419	50.47	0.396	0.471	217	230	-0.434783	0.060870	
A/chicken/Kaohsiung/18080	0.3240	0.2626	0.4078	0.2335	0.179	0.014	0.419	50.47	0.396	0.471	217	230	-0.434783	0.060870	
A/chicken/Liaoning/23/200	0.3353	0.2717	0.4046	0.2372	0.180	-0.006	0.406	49.90	0.396	0.458	212	225	-0.360889	0.062222	
A/chicken/Liaoning/A-1/20	0.3295	0.2659	0.4104	0.2375	0.183	0.044	0.439	51.25	0.396	0.465	212	226	-0.485841	0.066372	
A/chicken/Liaoning/S4092/	0.3121	0.2948	0.4152	0.2229	0.188	0.052	0.441	52.76	0.408	0.465	211	225	-0.356444	0.066667	
A/chicken/Miaoli/15010421	0.3483	0.2528	0.4222	0.2073	0.193	0.044	0.438	50.64	0.364	0.451	217	230	-0.326087	0.060870	
A/chicken/Nantou/16110023	0.3483	0.2472	0.3989	0.2424	0.180	-0.005	0.406	52.00	0.387	0.465	217	230	-0.401739	0.060870	
A/chicken/New_Taipei_City	0.3503	0.2429	0.3989	0.2439	0.175	0.005	0.412	53.55	0.384	0.461	216	230	-0.350435	0.060870	
A/chicken/New_Taipei_City	0.3503	0.2429	0.3989	0.2439	0.176	0.004	0.412	53.97	0.384	0.462	216	230	-0.373913	0.060870	
A/chicken/New_Taipei_City	0.3315	0.2584	0.3923	0.2440	0.182	-0.004	0.410	50.70	0.401	0.474	217	230	-0.376522	0.060870	
A/chicken/New_Taipei_City	0.3483	0.2416	0.3966	0.2470	0.180	0.001	0.410	52.77	0.387	0.464	217	230	-0.351739	0.060870	
A/chicken/New_Taipei_City	0.3483	0.2472	0.3855	0.2530	0.188	0.014	0.419	52.97	0.396	0.467	217	230	-0.406087	0.060870	
A/chicken/New_Taipei_City	0.3596	0.2360	0.3855	0.2530	0.185	0.008	0.415	53.11	0.387	0.462	217	230	-0.386087	0.060870	
A/chicken/New_Taipei_City	0.3539	0.2416	0.3855	0.2530	0.186	0.006	0.415	52.97	0.392	0.465	217	230	-0.406087	0.060870	
A/chicken/New_Taipei_City	0.3427	0.2472	0.3889	0.2515	0.185	-0.004	0.410	50.60	0.396	0.470	217	230	-0.390435	0.060870	
A/chicken/Ningxia/2/2012_	0.3179	0.2890	0.4094	0.2293	0.187	0.044	0.436	52.58	0.408	0.465	211	225	-0.356444	0.066667	
A/chicken/Ningxia/222/201	0.3179	0.2890	0.4094	0.2293	0.187	0.044	0.436	52.58	0.408	0.465	211	225	-0.356444	0.066667	
A/chicken/Ningxia/24/2006	0.3295	0.2775	0.3943	0.2375	0.183	0.027	0.425	56.76	0.406	0.467	212	225	-0.368444	0.062222	
A/chicken/North_China/k06	0.3256	0.2733	0.4386	0.2038	0.181	0.051	0.443	50.75	0.376	0.456	210	225	-0.416000	0.062222	
A/chicken/PH/A2821/2013_H	0.3636	0.2330	0.4144	0.2229	0.187	0.008	0.415	49.27	0.359	0.443	217	230	-0.381304	0.056522	
A/chicken/PT/a158/2015_H5	0.3714	0.2457	0.4066	0.2182	0.184	0.004	0.413	51.47	0.362	0.439	218	230	-0.341739	0.056522	
A/chicken/Pingtung/150500	0.3427	0.2472	0.4022	0.2410	0.181	-0.006	0.410	49.59	0.387	0.467	217	230	-0.423913	0.060870	
A/chicken/Pingtung/160200	0.3464	0.2458	0.4078	0.2289	0.173	-0.026	0.396	50.34	0.378	0.461	217	230	-0.329565	0.060870	
A/chicken/Pingtung/180100	0.3315	0.2584	0.4111	0.2275	0.186	0.027	0.429	49.24	0.387	0.467	217	230	-0.390435	0.060870	
A/chicken/Pingtung/180200	0.3352	0.2514	0.3867	0.2560	0.182	-0.016	0.404	50.99	0.404	0.472	218	230	-0.401739	0.060870	
A/chicken/Qingdao/1/2014_	0.3391	0.2471	0.4337	0.2105	0.160	-0.075	0.364	50.22	0.364	0.452	206	217	-0.343779	0.069124	
A/chicken/SC/a688/2015_H5	0.3672	0.2429	0.4066	0.2182	0.176	-0.003	0.408	50.95	0.362	0.442	218	230	-0.330870	0.056522	
A/chicken/Shandong/A-10/2	0.3353	0.2717	0.3851	0.2532	0.190	0.042	0.434	50.97	0.410	0.470	212	225	-0.379556	0.062222	
A/chicken/Shandong/S3/201	0.3391	0.2471	0.4337	0.2105	0.160	-0.075	0.364	50.22	0.364	0.452	206	217	-0.343779	0.069124	
A/chicken/Shantou/3744/20	0.3333	0.2759	0.4070	0.2293	0.185	0.025	0.425	50.68	0.396	0.465	212	225	-0.376444	0.062222	
A/chicken/Shanxi/04.28_TG	0.3448	0.2529	0.4148	0.2264	0.183	0.024	0.423	50.81	0.376	0.455	213	225	-0.305333	0.062222	
A/chicken/Shanxi/10/2006_	0.3353	0.2717	0.4023	0.2327	0.182	0.025	0.425	52.90	0.396	0.464	212	225	-0.350667	0.062222	
A/chicken/Shanxi/12.01_TG	0.3391	0.2644	0.4011	0.2284	0.189	0.059	0.441	51.85	0.390	0.462	213	225	-0.296889	0.062222	
A/chicken/Sheny/0606/2008	0.3353	0.2717	0.4023	0.2390	0.178	0.021	0.423	52.87	0.399	0.461	213	225	-0.439111	0.062222	
A/chicken/Shenzhen/1061/2	0.3506	0.2644	0.3977	0.2250	0.186	0.043	0.432	51.12	0.385	0.464	213	225	-0.310667	0.062222	
A/chicken/Shenzhen/1845/2	0.3506	0.2586	0.4034	0.2250	0.181	0.019	0.418	50.33	0.380	0.462	213	225	-0.310222	0.062222	
A/chicken/Shenzhen/2269/2	0.3448	0.2644	0.4000	0.2327	0.190	0.032	0.427	52.30	0.390	0.462	213	225	-0.303111	0.062222	
A/chicken/Shenzhen/2396/2	0.3448	0.2644	0.3977	0.2327	0.187	0.042	0.432	50.58	0.390	0.464	213	225	-0.309333	0.062222	
A/chicken/Shenzhen/2464/2	0.3448	0.2644	0.3977	0.2327	0.187	0.042	0.432	50.58	0.390	0.464	213	225	-0.309333	0.062222	
A/chicken/Shenzhen/433/20	0.3563	0.2529	0.4034	0.2250	0.179	0.011	0.413	50.82	0.376	0.461	213	225	-0.310667	0.062222	
A/chicken/Shenzhen/552/20	0.3448	0.2644	0.3977	0.2327	0.187	0.042	0.432	50.58	0.390	0.464	213	225	-0.309333	0.062222	
A/chicken/Shenzhen/715/20	0.3563	0.2529	0.4034	0.2250	0.179	0.011	0.413	50.82	0.376	0.461	213	225	-0.310667	0.062222	
A/chicken/Shijiazhuang/12	0.3391	0.2529	0.4337	0.2039	0.164	-0.050	0.379	47.74	0.364	0.449	206	217	-0.357143	0.069124	
A/chicken/Sichuan/81/2005	0.3333	0.2816	0.3837	0.2420	0.188	0.038	0.431	48.40	0.412	0.467	211	224	-0.357589	0.062500	
A/chicken/Sichuan/NCJPL1/	0.3563	0.2529	0.4034	0.2264	0.180	0.013	0.413	49.40	0.376	0.459	213	225	-0.287111	0.062222	
A/chicken/Sichuan/k141/20	0.3410	0.2717	0.3977	0.2236	0.190	0.054	0.439	51.45	0.392	0.467	212	225	-0.308444	0.062222	
A/chicken/TC/a504/2015_H5	0.3672	0.2429	0.4066	0.2182	0.176	-0.003	0.408	50.95	0.362	0.442	218	230	-0.330870	0.056522	
A/chicken/TY/a665/2015_H5	0.3672	0.2429	0.4066	0.2182	0.176	-0.003	0.408	50.95	0.362	0.442	218	230	-0.330870	0.056522	
A/chicken/Taichung/150103	0.3427	0.2472	0.4000	0.2424	0.180	-0.009	0.406	49.74	0.387	0.465	217	230	-0.372174	0.056522	
A/chicken/Taichung/160400	0.3352	0.2514	0.3956	0.2440	0.179	0.004	0.413	50.61	0.394	0.470	218	230	-0.308261	0.060870	
A/chicken/Taichung/160500	0.3352	0.2514	0.4011	0.2381	0.178	-0.004	0.408	51.30	0.390	0.467	218	230	-0.310000	0.060870	
A/chicken/Taichung/161100	0.3446	0.2542	0.4190	0.2182	0.190	0.031	0.429	49.22	0.373	0.458	217	230	-0.386087	0.060870	
A/chicken/Tainan/15020214	0.3539	0.2416	0.3911	0.2485	0.186	0.001	0.410	51.46	0.387	0.467	217	230	-0.361739	0.060870	
A/chicken/Tainan/16040035	0.3352	0.2514	0.4000	0.2410	0.172	-0.018	0.401	51.31	0.392	0.467	217	230	-0.330870	0.060870	
A/chicken/Tainan/17030058	0.3371	0.2584	0.3966	0.2439	0.179	0.011	0.415	53.29	0.396	0.468	217	230	-0.364348	0.060870	
A/chicken/Taipei_City/170	0.3596	0.2360	0.3855	0.2530	0.186	0.008	0.415	53.96	0.387	0.462	217	230	-0.386087	0.060870	
A/chicken/Taipei_City/180	0.3371	0.2528	0.4000	0.2381	0.186	0.003	0.415	49.94	0.392	0.471	217	230	-0.411304	0.060870	
A/chicken/Taipei_City/180	0.3371	0.2528	0.4000	0.2395	0.183	-0.004	0.410	48.61	0.392	0.468	217	230	-0.390435	0.060870	
A/chicken/Taipei/16060022	0.3483	0.2472	0.3989	0.2424	0.186	0.001	0.410	52.24	0.387	0.465	217	230	-0.398261	0.060870	
A/chicken/Taipei/16060023	0.3483	0.2472	0.3989	0.2424	0.186	0.001	0.410	52.24	0.387	0.465	217	230	-0.398261	0.060870	
A/chicken/Taipei/16120021	0.3483	0.2472	0.3989	0.2439	0.181	0.008	0.415	52.89	0.387	0.459	217	230	-0.348696	0.060870	
A/chicken/Taipei/17050005	0.3559	0.2429	0.3799	0.2590	0.189	0.015	0.419	54.24	0.396	0.465	217	230	-0.383478	0.060870	
A/chicken/Taipei/17050008	0.3559	0.2429	0.3855	0.2530	0.187	0.008	0.415	53.30	0.392	0.464	217	230	-0.399565	0.060870	
A/chicken/Taipei/17050009	0.3539	0.2416	0.3764	0.2667	0.183	-0.001	0.410	53.34	0.401	0.467	217	230	-0.380435	0.060870	
A/chicken/Taishun/TS2/201	0.3430	0.2500	0.4639	0.1800	0.165	-0.050	0.383	49.25	0.340	0.436	206	217	-0.356682	0.069124	
A/chicken/Taishun/TS90/20	0.3295	0.2543	0.4491	0.2026	0.168	-0.053	0.377	50.42	0.362	0.450	207	217	-0.346083	0.069124	
A/chicken/Taiwan/0101/201	0.3333	0.2619	0.4192	0.2303	0.184	0.017	0.420	52.59	0.385	0.447	205	217	-0.298157	0.069124	
A/chicken/Taiwan/01174/20	0.3552	0.2459	0.4239	0.2083	0.188	0.029	0.430	50.63	0.359	0.450	223	237	-0.367511	0.059072	
A/chicken/Taiwan/0502/201	0.3371	0.2472	0.4066	0.2395	0.173	0.005	0.413	50.97	0.385	0.453	218	231	-0.361905	0.056277	
A/chicken/Taiwan/1682/201	0.3393	0.2560	0.4132	0.2353	0.181	0.031	0.429	54.17	0.385	0.447	205	217	-0.337327	0.069124	
A/chicken/Taiwan/1692/201	0.3393	0.2560	0.4132	0.2353	0.181	0.031	0.429	54.17	0.385	0.447	205	217	-0.337327	0.069124	
A/chicken/Taiwan/1704/201	0.3393	0.2560	0.4192	0.2288	0.179	0.023	0.424	54.46	0.380	0.445	205	217	-0.337327	0.069124	
A/chicken/Taiwan/1711/201	0.3393	0.2560	0.4132	0.2353	0.181	0.033	0.429	54.21	0.385	0.449	205	217	-0.341014	0.069124	
A/chicken/Taiwan/2593/201	0.3536	0.2210	0.4066	0.2455	0.174	0.001	0.411	50.78	0.370	0.459	219	230	-0.370000	0.056522	
A/chicken/Taiwan/2948/201	0.3536	0.2210	0.4066	0.2455	0.174	-0.001	0.411	50.62	0.370	0.461	219	230	-0.380435	0.056522	
A/chicken/Taiwan/4443/201	0.3556	0.2222	0.4066	0.2455	0.174	-0.009	0.406	50.08	0.370	0.459	219	230	-0.393913	0.056522	
A/chicken/Taiwan/683/2012	0.3556	0.2222	0.4098	0.2381	0.176	-0.001	0.411	50.32	0.365	0.459	219	230	-0.381739	0.056522	
A/chicken/Taiwan/7350/201	0.3556	0.2222	0.4121	0.2395	0.176	-0.001	0.411	49.85	0.365	0.458	219	230	-0.393913	0.056522	
A/chicken/Taiwan/8988/201	0.3481	0.2265	0.4066	0.2455	0.174	-0.001	0.411	51.18	0.374	0.461	219	230	-0.380435	0.056522	
A/chicken/Taiwan/8994/201	0.3481	0.2265	0.4066	0.2455	0.174	-0.001	0.411	51.18	0.374	0.461	219	230	-0.380435	0.056522	
A/chicken/Taiwan/8996/201	0.3481	0.2265	0.4066	0.2455	0.174	-0.001	0.411	51.18	0.374	0.461	219	230	-0.380435	0.056522	
A/chicken/Taiwan/A1/2019_	0.3520	0.2235	0.4098	0.2395	0.181	0.002	0.413	51.94	0.367	0.459	218	230	-0.355217	0.056522	
A/chicken/Taiwan/A1997/20	0.3371	0.2472	0.4066	0.2395	0.173	0.005	0.413	50.97	0.385	0.453	218	231	-0.361905	0.056277	
A/chicken/Taiwan/D2/2019_	0.3315	0.2584	0.4088	0.2262	0.184	0.020	0.424	49.66	0.387	0.471	217	230	-0.364348	0.060870	
A/chicken/Taiwan/D9/2019_	0.3371	0.2528	0.4088	0.2262	0.184	0.020	0.424	49.05	0.382	0.470	217	230	-0.364348	0.060870	
A/chicken/Tibet/LZ01/2010	0.3064	0.2832	0.4360	0.2152	0.182	0.041	0.436	52.35	0.393	0.461	211	225	-0.382667	0.066667	
A/chicken/Wuhan/HAQL07/20	0.3468	0.2659	0.3815	0.2468	0.193	0.037	0.431	51.54	0.403	0.462	211	225	-0.336889	0.066667	
A/chicken/Wuhan/HAQL16/20	0.3430	0.2733	0.3779	0.2468	0.198	0.048	0.438	52.11	0.410	0.465	210	225	-0.348444	0.066667	
A/chicken/Wuhan/WHJF/2014	0.3371	0.2528	0.4134	0.2303	0.188	0.040	0.433	50.40	0.382	0.465	217	230	-0.361739	0.060870	
A/chicken/Wuhan/WHYJ01/20	0.3468	0.2659	0.3886	0.2390	0.190	0.036	0.429	50.92	0.396	0.468	212	225	-0.344889	0.062222	
A/chicken/Wuxi/WX-32/2013	0.3391	0.2701	0.3943	0.2375	0.189	0.042	0.432	49.01	0.399	0.468	213	225	-0.345333	0.062222	
A/chicken/Wuxi/WX-33/2013	0.3371	0.2686	0.4000	0.2313	0.188	0.050	0.437	49.19	0.394	0.468	213	225	-0.331555	0.062222	
A/chicken/Xinjiang/17/200	0.3468	0.2659	0.4023	0.2250	0.186	0.019	0.420	52.26	0.387	0.468	212	225	-0.449778	0.057778	
A/chicken/Xinjiang/27/200	0.3430	0.2674	0.4023	0.2298	0.189	0.025	0.425	50.95	0.392	0.464	212	225	-0.406667	0.062222	
A/chicken/Xinjiang/53/200	0.3372	0.2733	0.4023	0.2298	0.190	0.033	0.429	50.83	0.396	0.467	212	225	-0.404889	0.062222	
A/chicken/Xinjiang/54/200	0.3430	0.2674	0.4023	0.2236	0.190	0.036	0.431	50.67	0.389	0.467	211	225	-0.434222	0.057778	
A/chicken/Xinjiang/67/200	0.3372	0.2733	0.4023	0.2298	0.190	0.033	0.429	50.83	0.396	0.467	212	225	-0.404889	0.062222	
A/chicken/Xinjiang/68/200	0.3430	0.2674	0.4057	0.2236	0.187	0.026	0.425	51.39	0.387	0.465	212	225	-0.422222	0.057778	
A/chicken/Xuzhou/XZ6/2016	0.3466	0.2614	0.3955	0.2313	0.186	0.030	0.425	53.25	0.388	0.467	214	225	-0.252000	0.057778	
A/chicken/YL/A3190/2014_H	0.3258	0.2640	0.4011	0.2381	0.179	0.021	0.422	52.29	0.399	0.462	218	230	-0.369131	0.056522	
A/chicken/Yangzhou/YD1/20	0.3563	0.2586	0.4034	0.2188	0.181	0.027	0.423	50.49	0.376	0.458	213	225	-0.323556	0.062222	
A/chicken/Yuhang/1/2013_H	0.3468	0.2601	0.4057	0.2147	0.181	0.051	0.436	50.84	0.379	0.461	211	225	-0.341333	0.062222	
A/chicken/Yuhang/2/2013_H	0.3468	0.2601	0.4057	0.2147	0.181	0.051	0.436	50.84	0.379	0.461	211	225	-0.341333	0.062222	
A/chicken/Yunlin/15020048	0.3427	0.2472	0.4045	0.2439	0.180	-0.010	0.406	49.56	0.387	0.464	217	230	-0.363913	0.065217	
A/chicken/Yunlin/15040002	0.3427	0.2472	0.3966	0.2470	0.183	-0.012	0.406	49.95	0.392	0.468	217	230	-0.402174	0.060870	
A/chicken/Yunlin/15040027	0.3427	0.2472	0.4022	0.2410	0.183	-0.012	0.406	49.48	0.387	0.467	217	230	-0.402174	0.060870	
A/chicken/Yunlin/15050012	0.3552	0.2459	0.4293	0.2024	0.188	0.030	0.430	50.48	0.354	0.449	223	237	-0.383122	0.059072	
A/chicken/Yunlin/15050037	0.3427	0.2472	0.4022	0.2410	0.182	-0.012	0.406	49.61	0.387	0.465	217	230	-0.403913	0.060870	
A/chicken/Yunlin/15050039	0.3427	0.2472	0.4022	0.2410	0.182	-0.012	0.406	49.61	0.387	0.465	217	230	-0.403913	0.060870	
A/chicken/Yunlin/15060014	0.3427	0.2472	0.4022	0.2410	0.182	-0.012	0.406	49.61	0.387	0.465	217	230	-0.403913	0.060870	
A/chicken/Yunlin/15080024	0.3427	0.2472	0.3978	0.2395	0.179	0.006	0.415	50.47	0.387	0.468	217	230	-0.318261	0.060870	
A/chicken/Yunlin/16010001	0.3315	0.2584	0.4056	0.2349	0.186	0.011	0.419	50.20	0.392	0.467	217	230	-0.387391	0.060870	
A/chicken/Yunlin/16010008	0.3352	0.2514	0.4000	0.2410	0.173	-0.009	0.406	51.44	0.392	0.464	217	230	-0.309130	0.060870	
A/chicken/Yunlin/16020038	0.3462	0.2582	0.4231	0.2108	0.190	0.046	0.441	51.40	0.369	0.453	222	237	-0.386920	0.059072	
A/chicken/Yunlin/16050053	0.3352	0.2514	0.3956	0.2440	0.179	0.004	0.413	50.61	0.394	0.470	218	230	-0.308261	0.060870	
A/chicken/Yunlin/17010001	0.3427	0.2472	0.4190	0.2256	0.180	0.017	0.419	48.95	0.373	0.459	217	230	-0.397391	0.060870	
A/chicken/Yunlin/17010014	0.3390	0.2542	0.4000	0.2395	0.188	0.010	0.419	49.97	0.392	0.468	217	230	-0.386087	0.060870	
A/chicken/Yunlin/17020094	0.3390	0.2542	0.4000	0.2395	0.183	-0.004	0.410	49.35	0.392	0.468	217	230	-0.411739	0.060870	
A/chicken/Yunlin/17020095	0.3446	0.2486	0.4033	0.2335	0.177	-0.026	0.396	50.58	0.382	0.464	217	230	-0.362609	0.060870	
A/chicken/Yunlin/17030001	0.3315	0.2528	0.4056	0.2395	0.182	0.004	0.415	50.35	0.392	0.468	217	230	-0.388696	0.060870	
A/chicken/Yunlin/17030007	0.3371	0.2528	0.3978	0.2381	0.181	-0.002	0.410	50.07	0.392	0.472	217	230	-0.378696	0.060870	
A/chicken/Yunlin/17030010	0.3315	0.2584	0.3944	0.2455	0.182	-0.004	0.410	50.34	0.401	0.472	217	230	-0.388696	0.060870	
A/chicken/Yunlin/17030014	0.3371	0.2528	0.4000	0.2395	0.183	0.004	0.415	49.67	0.392	0.470	217	230	-0.388696	0.060870	
A/chicken/Yunlin/17030020	0.3390	0.2542	0.4000	0.2395	0.183	-0.004	0.410	49.35	0.392	0.468	217	230	-0.411739	0.060870	
A/chicken/Yunlin/17030021	0.3371	0.2528	0.4000	0.2395	0.183	0.004	0.415	49.67	0.392	0.470	217	230	-0.388696	0.060870	
A/chicken/Yunlin/17030032	0.3427	0.2472	0.3978	0.2381	0.176	-0.025	0.396	50.15	0.387	0.470	217	230	-0.380435	0.060870	
A/chicken/Yunlin/17030065	0.3371	0.2528	0.3944	0.2455	0.182	-0.004	0.410	49.80	0.396	0.470	217	230	-0.399565	0.060870	
A/chicken/Yunlin/17040003	0.3352	0.2514	0.4011	0.2381	0.179	0.001	0.413	50.24	0.390	0.470	218	230	-0.363913	0.060870	
A/chicken/Yunlin/17040004	0.3371	0.2528	0.4000	0.2395	0.183	0.004	0.415	49.82	0.392	0.468	217	230	-0.390435	0.060870	
A/chicken/Yunlin/17040011	0.3371	0.2528	0.4000	0.2395	0.183	0.004	0.415	49.67	0.392	0.470	217	230	-0.388696	0.060870	
A/chicken/Yunlin/17060019	0.3371	0.2528	0.4056	0.2335	0.186	0.012	0.419	51.80	0.387	0.467	217	230	-0.388696	0.060870	
A/chicken/Yunlin/17070010	0.3371	0.2528	0.4000	0.2410	0.181	-0.013	0.406	48.80	0.392	0.470	217	230	-0.374783	0.060870	
A/chicken/Yunlin/18010001	0.3371	0.2528	0.3889	0.2515	0.190	0.000	0.415	49.26	0.401	0.474	217	230	-0.390435	0.060870	
A/chicken/Yunlin/18010023	0.3371	0.2528	0.4000	0.2395	0.183	-0.004	0.410	48.96	0.392	0.470	217	230	-0.388696	0.060870	
A/chicken/Yunlin/18020003	0.3408	0.2514	0.3880	0.2440	0.181	-0.015	0.404	49.60	0.394	0.471	218	230	-0.350435	0.060870	
A/chicken/Yunlin/18020004	0.3408	0.2514	0.3934	0.2381	0.182	-0.015	0.404	49.11	0.390	0.470	218	230	-0.350435	0.060870	
A/chicken/Yunlin/18020005	0.3408	0.2514	0.3934	0.2381	0.182	-0.015	0.404	49.11	0.390	0.470	218	230	-0.350435	0.060870	
A/chicken/Yunlin/18020008	0.3371	0.2528	0.4000	0.2395	0.184	-0.004	0.410	49.00	0.392	0.471	217	230	-0.386957	0.060870	
A/chicken/Yunlin/18030002	0.3352	0.2514	0.3989	0.2367	0.180	-0.007	0.408	50.02	0.390	0.471	218	230	-0.351739	0.060870	
A/chicken/Yunlin/18050013	0.3352	0.2514	0.3989	0.2367	0.180	-0.007	0.408	50.02	0.390	0.471	218	230	-0.351739	0.060870	
A/chicken/Yunlin/18060001	0.3352	0.2514	0.3989	0.2367	0.180	-0.007	0.408	50.02	0.390	0.471	218	230	-0.351739	0.060870	
A/chicken/Yunlin/18080006	0.3352	0.2557	0.4148	0.2331	0.192	-0.002	0.414	50.08	0.386	0.464	215	230	-0.386957	0.069565	
A/chicken/Yunnan/1/2014_H	0.3371	0.2686	0.4034	0.2250	0.179	0.027	0.423	51.96	0.390	0.464	213	225	-0.296444	0.062222	
A/chicken/Yunnan/207/2004	0.3314	0.2733	0.4023	0.2313	0.190	0.050	0.441	50.92	0.398	0.468	211	225	-0.360444	0.062222	
A/chicken/Yunnan/5686/200	0.3295	0.2717	0.4023	0.2313	0.185	0.044	0.436	50.55	0.398	0.470	211	225	-0.363111	0.062222	
A/chicken/Yunnan/6797/200	0.3295	0.2717	0.3966	0.2375	0.184	0.044	0.436	51.06	0.403	0.470	211	225	-0.363111	0.062222	
A/chicken/Yunnan/6885/200	0.3295	0.2717	0.4023	0.2313	0.185	0.044	0.436	50.55	0.398	0.470	211	225	-0.363111	0.062222	
A/chicken/Zhejiang/102637	0.3429	0.2743	0.3642	0.2645	0.193	0.054	0.439	53.27	0.420	0.464	212	225	-0.267556	0.062222	
A/chicken/Zhejiang/13160/	0.3295	0.2543	0.4491	0.2026	0.170	-0.047	0.382	49.81	0.362	0.447	207	217	-0.342396	0.069124	
A/chicken/Zhejiang/194/20	0.3506	0.2586	0.3977	0.2298	0.188	0.045	0.432	50.92	0.385	0.468	213	225	-0.328445	0.062222	
A/chicken/Zhejiang/209/20	0.3580	0.2500	0.3989	0.2289	0.184	0.016	0.421	50.94	0.380	0.458	216	230	-0.401304	0.060870	
A/chicken/Zhejiang/217/20	0.3506	0.2586	0.3977	0.2298	0.188	0.045	0.432	50.92	0.385	0.468	213	225	-0.328445	0.062222	
A/chicken/Zhejiang/232/20	0.3543	0.2457	0.3933	0.2470	0.181	0.015	0.421	51.46	0.389	0.459	216	230	-0.398696	0.060870	
A/chicken/Zhejiang/514135	0.3372	0.2733	0.3977	0.2360	0.194	0.056	0.441	51.99	0.399	0.473	213	225	-0.412889	0.062222	
A/chicken/Zhejiang/528127	0.3448	0.2644	0.4000	0.2342	0.188	0.034	0.427	51.49	0.390	0.461	213	225	-0.320889	0.062222	
A/chicken/Zhejiang/6107/2	0.3295	0.2543	0.4491	0.2039	0.172	-0.048	0.382	49.28	0.362	0.445	207	217	-0.314286	0.069124	
A/chicken/Zhejiang/6C2/20	0.3547	0.2616	0.4000	0.2250	0.184	0.014	0.415	49.94	0.382	0.462	212	225	-0.345333	0.062222	
A/chicken/Zhejiang/727022	0.3391	0.2701	0.3977	0.2327	0.189	0.050	0.437	50.51	0.394	0.465	213	225	-0.337333	0.057778	
A/chicken/Zhejiang/727026	0.3391	0.2701	0.3977	0.2327	0.189	0.050	0.437	50.51	0.394	0.465	213	225	-0.337333	0.057778	
A/chicken/Zhejiang/727079	0.3372	0.2849	0.3842	0.2375	0.187	0.081	0.455	52.26	0.408	0.474	213	225	-0.429778	0.057778	
A/chicken/Zhejiang/727155	0.3391	0.2701	0.3977	0.2327	0.189	0.050	0.437	50.51	0.394	0.465	213	225	-0.337333	0.057778	
A/chicken/Zhejiang/727159	0.3372	0.2849	0.3842	0.2375	0.187	0.081	0.455	52.26	0.408	0.474	213	225	-0.429778	0.057778	
A/chicken/Zhejiang/7450/2	0.3636	0.2557	0.3764	0.2410	0.188	0.042	0.435	50.99	0.394	0.464	216	230	-0.404783	0.060870	
A/chicken/Zhejiang/81643/	0.3636	0.2500	0.3799	0.2395	0.186	0.034	0.431	50.50	0.389	0.464	216	230	-0.391305	0.060870	
A/common_mallard/Ningxia/	0.3567	0.2573	0.3988	0.2349	0.197	0.046	0.439	52.23	0.385	0.452	205	217	-0.314286	0.073733	
A/condor/Guangdong/139/20	0.3256	0.2849	0.4104	0.2278	0.185	0.012	0.420	51.32	0.401	0.461	212	225	-0.372000	0.062222	
A/domestic_green-winged_t	0.3559	0.2542	0.4023	0.2353	0.142	-0.114	0.346	55.74	0.379	0.443	214	230	-0.338261	0.060870	
A/duck/Anhui/56/2005_H5N1	0.3333	0.2759	0.3966	0.2327	0.190	0.066	0.448	50.04	0.401	0.464	212	225	-0.341778	0.062222	
A/duck/Anhui/S4/2016_H5N6	0.3506	0.2586	0.3977	0.2313	0.191	0.051	0.437	50.61	0.385	0.467	213	225	-0.325333	0.062222	
A/duck/Changhua/15A03431-	0.3408	0.2458	0.4022	0.2424	0.176	-0.018	0.401	49.43	0.387	0.465	217	230	-0.367826	0.060870	
A/duck/Changhua/15A03473-	0.3427	0.2472	0.4022	0.2424	0.178	-0.010	0.406	48.99	0.387	0.464	217	230	-0.370000	0.065217	
A/duck/Chiayi/15080023/20	0.3571	0.2473	0.4208	0.2096	0.188	0.038	0.437	51.31	0.360	0.451	222	237	-0.375527	0.059072	
A/duck/China/0935/2017_H5	0.3391	0.2701	0.4080	0.2264	0.193	0.041	0.432	48.34	0.390	0.467	213	225	-0.342222	0.066667	
A/duck/China/0936/2017_H5	0.3410	0.2717	0.3977	0.2222	0.196	0.060	0.443	51.51	0.392	0.468	212	225	-0.306222	0.062222	
A/duck/China/0938/2017_H5	0.3391	0.2701	0.4080	0.2264	0.193	0.041	0.432	48.34	0.390	0.467	213	225	-0.342222	0.066667	
A/duck/China/1033/2017_H5	0.3391	0.2701	0.4080	0.2264	0.193	0.041	0.432	48.34	0.390	0.467	213	225	-0.342222	0.066667	
A/duck/China/E26/2012_H5N	0.3410	0.2775	0.3988	0.2188	0.188	0.047	0.436	50.51	0.393	0.464	211	225	-0.366222	0.062222	
A/duck/China/E53/2012_H5N	0.3391	0.2644	0.4091	0.2236	0.183	0.034	0.427	49.00	0.385	0.464	213	225	-0.335111	0.062222	
A/duck/China/YD1516/2016_	0.3523	0.2557	0.3820	0.2470	0.180	0.024	0.426	51.54	0.398	0.464	216	230	-0.401304	0.060870	
A/duck/Chongqing/S4362/20	0.3446	0.2655	0.3966	0.2434	0.141	-0.097	0.355	57.49	0.393	0.449	214	230	-0.340435	0.060870	
A/duck/Dongguan/2685/2013	0.3563	0.2529	0.4034	0.2250	0.179	0.011	0.413	50.82	0.376	0.461	213	225	-0.310667	0.062222	
A/duck/Eastern_China/008/	0.3372	0.2733	0.3837	0.2548	0.194	0.017	0.417	50.92	0.412	0.473	211	225	-0.362222	0.066667	
A/duck/Eastern_China/031/	0.3430	0.2733	0.3837	0.2484	0.190	0.009	0.412	50.48	0.408	0.470	211	225	-0.364000	0.066667	
A/duck/Eastern_China/057/	0.3237	0.2832	0.3886	0.2437	0.198	0.076	0.458	50.66	0.415	0.470	212	225	-0.340000	0.062222	
A/duck/Eastern_China/108/	0.3372	0.2733	0.3837	0.2548	0.194	0.017	0.417	50.92	0.412	0.473	211	225	-0.362222	0.066667	
A/duck/Eastern_China/1111	0.3371	0.2640	0.4302	0.2012	0.199	0.052	0.442	49.67	0.369	0.452	217	230	-0.339565	0.060870	
A/duck/Eastern_China/909/	0.3430	0.2733	0.3837	0.2484	0.190	0.009	0.412	50.48	0.408	0.470	211	225	-0.364000	0.066667	
A/duck/Eastern_China/JY/2	0.3580	0.2443	0.4205	0.2222	0.200	0.070	0.454	53.33	0.366	0.445	216	230	-0.324348	0.069565	
A/duck/Eastern_China/L023	0.3371	0.2640	0.4056	0.2216	0.200	0.083	0.461	50.60	0.387	0.465	217	230	-0.349565	0.060870	
A/duck/Eastern_China/L032	0.3371	0.2640	0.4278	0.2012	0.200	0.075	0.456	47.87	0.369	0.452	217	230	-0.326956	0.056522	
A/duck/Eastern_China/L040	0.3314	0.2849	0.3837	0.2500	0.195	0.013	0.417	50.64	0.417	0.467	211	225	-0.406667	0.066667	
A/duck/Eastern_China/L042	0.3314	0.2849	0.3837	0.2500	0.195	0.013	0.417	50.64	0.417	0.467	211	225	-0.406667	0.066667	
A/duck/Eastern_China/L061	0.3295	0.2832	0.3837	0.2500	0.190	0.007	0.412	50.14	0.417	0.468	211	225	-0.409333	0.066667	
A/duck/Eastern_China/L072	0.3372	0.2791	0.3837	0.2500	0.193	0.005	0.412	50.09	0.412	0.464	211	225	-0.408445	0.066667	
A/duck/Eastern_China/L102	0.3314	0.2849	0.3779	0.2564	0.191	0.005	0.412	51.84	0.422	0.467	211	225	-0.406667	0.066667	
A/duck/Eastern_China/L112	0.3353	0.2775	0.3837	0.2500	0.184	-0.001	0.408	50.11	0.412	0.465	211	225	-0.409333	0.066667	
A/duck/Eastern_China/S013	0.3466	0.2614	0.3911	0.2364	0.186	0.023	0.426	49.89	0.394	0.461	216	230	-0.386522	0.060870	
A/duck/Eastern_China/S021	0.3636	0.2386	0.4205	0.2222	0.197	0.061	0.449	51.35	0.361	0.446	216	230	-0.346522	0.073913	
A/duck/Eastern_China/S032	0.3563	0.2529	0.3977	0.2327	0.187	0.034	0.427	50.01	0.380	0.461	213	225	-0.309333	0.062222	
A/duck/Eastern_China/S071	0.3642	0.2543	0.3955	0.2236	0.188	0.034	0.427	52.26	0.376	0.459	213	225	-0.293778	0.062222	
A/duck/Eastern_China/S080	0.3277	0.2768	0.4358	0.1963	0.198	0.068	0.452	50.99	0.373	0.452	217	230	-0.335652	0.060870	
A/duck/Eastern_China/S090	0.3333	0.2759	0.4034	0.2264	0.192	0.058	0.441	51.44	0.394	0.464	213	225	-0.309333	0.062222	
A/duck/Eastern_China/S110	0.3559	0.2486	0.4148	0.2236	0.199	0.078	0.458	53.07	0.370	0.449	216	230	-0.339131	0.069565	
A/duck/Eastern_China/S121	0.3616	0.2373	0.4270	0.2147	0.197	0.076	0.456	50.49	0.355	0.445	217	230	-0.341739	0.069565	
A/duck/Fujian/1.17_FZHX01	0.3295	0.2890	0.4023	0.2188	0.193	0.067	0.448	52.83	0.401	0.473	212	225	-0.370222	0.066667	
A/duck/Fujian/10.26_FZHX0	0.3314	0.2743	0.3977	0.2327	0.180	0.042	0.432	53.38	0.399	0.465	213	225	-0.306667	0.062222	
A/duck/Fujian/10.26_FZHX0	0.3371	0.2686	0.3977	0.2327	0.180	0.034	0.427	53.32	0.394	0.464	213	225	-0.306667	0.062222	
A/duck/Fujian/11.23_FZHX0	0.3295	0.2727	0.3955	0.2375	0.181	0.046	0.435	53.62	0.402	0.468	214	225	-0.307111	0.062222	
A/duck/Fujian/11.23_FZHX0	0.3575	0.2570	0.3867	0.2317	0.193	0.045	0.436	51.68	0.385	0.462	218	230	-0.271739	0.060870	
A/duck/Fujian/11.23_FZHX0	0.3409	0.2614	0.3955	0.2375	0.180	0.022	0.421	53.21	0.393	0.465	214	225	-0.307111	0.062222	
A/duck/Fujian/11.3_FZHX11	0.3657	0.2457	0.4080	0.2188	0.182	0.011	0.413	51.36	0.366	0.458	213	225	-0.361778	0.066667	
A/duck/Fujian/11.3_FZHX11	0.3333	0.2759	0.3920	0.2360	0.187	0.051	0.437	52.31	0.404	0.468	213	225	-0.313778	0.062222	
A/duck/Fujian/12.7_FZHX12	0.3735	0.2530	0.4204	0.2083	0.181	-0.002	0.410	52.41	0.360	0.448	200	212	-0.386321	0.084906	
A/duck/Fujian/12.7_FZHX12	0.3295	0.2832	0.4046	0.2278	0.191	0.059	0.443	52.84	0.401	0.473	212	225	-0.379111	0.066667	
A/duck/Fujian/12.7_FZHX12	0.3314	0.2791	0.4000	0.2313	0.187	0.051	0.439	52.98	0.401	0.465	212	225	-0.367556	0.062222	
A/duck/Fujian/12.7_FZHX12	0.3333	0.2816	0.3908	0.2313	0.182	0.055	0.439	51.90	0.406	0.470	212	225	-0.340000	0.066667	
A/duck/Guangdong/11.18_SZ	0.3333	0.2759	0.3955	0.2298	0.185	0.035	0.427	51.63	0.399	0.467	213	225	-0.300445	0.062222	
A/duck/Guangdong/11.18_SZ	0.3333	0.2759	0.3955	0.2298	0.185	0.035	0.427	51.63	0.399	0.467	213	225	-0.300445	0.062222	
A/duck/Guangdong/11.18_SZ	0.3333	0.2759	0.3955	0.2298	0.185	0.035	0.427	51.63	0.399	0.467	213	225	-0.300445	0.062222	
A/duck/Guangdong/23/2004_	0.3276	0.2759	0.4000	0.2375	0.188	0.037	0.432	49.96	0.404	0.467	213	225	-0.352444	0.062222	
A/duck/Guangdong/GD01/201	0.3391	0.2701	0.3920	0.2375	0.185	0.029	0.423	50.40	0.399	0.467	213	225	-0.300000	0.062222	
A/duck/Guangdong/s14044/2	0.3295	0.2832	0.3977	0.2403	0.183	-0.009	0.403	48.78	0.408	0.459	211	225	-0.380444	0.066667	
A/duck/Guangdong/wy11/200	0.3488	0.2674	0.3837	0.2484	0.197	0.015	0.417	49.47	0.403	0.465	211	225	-0.398667	0.066667	
A/duck/Guangdong/wy19/200	0.3430	0.2733	0.3837	0.2484	0.198	0.023	0.422	49.53	0.408	0.467	211	225	-0.398667	0.066667	
A/duck/Guangdong/wy24/200	0.3471	0.2765	0.3837	0.2436	0.197	0.033	0.429	50.41	0.405	0.461	210	225	-0.368889	0.066667	
A/duck/Guangzhou/018/2014	0.3448	0.2644	0.3977	0.2313	0.185	0.035	0.427	50.75	0.390	0.465	213	225	-0.310667	0.062222	
A/duck/Guangzhou/021/2014	0.3448	0.2644	0.3920	0.2375	0.183	0.021	0.418	50.40	0.394	0.465	213	225	-0.300000	0.062222	
A/duck/Guangzhou/41227/20	0.3391	0.2701	0.3977	0.2298	0.189	0.051	0.437	51.14	0.394	0.468	213	225	-0.312000	0.062222	
A/duck/Guizhou/7.27_ZYLJJ	0.3448	0.2644	0.4011	0.2222	0.190	0.050	0.437	51.37	0.385	0.468	213	225	-0.280000	0.062222	
A/duck/Guizhou/8.26_ZYLJJ	0.3391	0.2701	0.4011	0.2209	0.187	0.061	0.441	51.23	0.390	0.468	213	225	-0.317778	0.062222	
A/duck/Guizhou/8.26_ZYLJJ	0.3448	0.2644	0.4011	0.2222	0.190	0.050	0.437	51.37	0.385	0.468	213	225	-0.280000	0.062222	
A/duck/Hainan/12.29_HKPL0	0.3391	0.2701	0.4011	0.2209	0.195	0.060	0.441	51.19	0.390	0.470	213	225	-0.299556	0.062222	
A/duck/Hebei/0908/2009_H5	0.3427	0.2472	0.4078	0.2378	0.191	0.046	0.438	48.83	0.382	0.461	217	230	-0.356957	0.060870	
A/duck/Hong_Kong/342/1978	0.3559	0.2542	0.4080	0.2288	0.147	-0.084	0.364	55.79	0.374	0.442	214	230	-0.360000	0.060870	
A/duck/Hsinchu/15020216/2	0.3315	0.2584	0.4022	0.2410	0.183	-0.004	0.410	50.13	0.396	0.470	217	230	-0.402174	0.060870	
A/duck/HuBei/03/2010_H5N5	0.3237	0.2890	0.3851	0.2453	0.195	0.047	0.439	49.40	0.420	0.471	212	225	-0.392000	0.062222	
A/duck/Hubei/2911/2007_H5	0.3333	0.2759	0.3966	0.2313	0.192	0.039	0.434	48.49	0.401	0.465	212	225	-0.377333	0.062222	
A/duck/Hubei/49/2005_H5N1	0.3295	0.2832	0.3931	0.2405	0.197	0.053	0.443	48.75	0.410	0.464	212	225	-0.372444	0.066667	
A/duck/Hubei/SZY250/2016_	0.3503	0.2655	0.3820	0.2349	0.182	0.024	0.426	52.76	0.398	0.464	216	230	-0.387826	0.060870	
A/duck/Hubei/xn/2007_H5N1	0.3295	0.2832	0.3908	0.2390	0.198	0.056	0.443	48.36	0.410	0.465	212	225	-0.369778	0.062222	
A/duck/Hunan/01.12_YYGK82	0.3506	0.2586	0.4011	0.2222	0.189	0.043	0.432	51.00	0.380	0.465	213	225	-0.298222	0.062222	
A/duck/Hunan/03.07_YYGK25	0.3333	0.2759	0.4011	0.2222	0.189	0.051	0.437	50.94	0.394	0.470	213	225	-0.298222	0.062222	
A/duck/Hunan/03.07_YYGK4L	0.3314	0.2743	0.3933	0.2346	0.189	0.048	0.435	52.12	0.402	0.470	214	225	-0.342222	0.057778	
A/duck/Hunan/03.24_YYGK17	0.3448	0.2644	0.3955	0.2270	0.189	0.060	0.441	51.25	0.390	0.470	213	225	-0.299556	0.062222	
A/duck/Hunan/03.24_YYGK17	0.3448	0.2644	0.3955	0.2270	0.189	0.060	0.441	51.25	0.390	0.470	213	225	-0.299556	0.062222	
A/duck/Hunan/03.24_YYGK18	0.3448	0.2644	0.3955	0.2270	0.189	0.060	0.441	51.25	0.390	0.470	213	225	-0.299556	0.062222	
A/duck/Hunan/03.24_YYGK21	0.3448	0.2644	0.3955	0.2270	0.189	0.060	0.441	51.25	0.390	0.470	213	225	-0.299556	0.062222	
A/duck/Hunan/1.12_YYGK68H	0.3391	0.2701	0.4011	0.2222	0.190	0.059	0.441	51.15	0.390	0.468	213	225	-0.298222	0.062222	
A/duck/Hunan/1.12_YYGK72H	0.3391	0.2701	0.3955	0.2284	0.189	0.051	0.437	51.44	0.394	0.470	213	225	-0.298222	0.062222	
A/duck/Hunan/1.12_YYGK74H	0.3506	0.2586	0.4011	0.2222	0.189	0.043	0.432	51.00	0.380	0.465	213	225	-0.298222	0.062222	
A/duck/Hunan/1.17_YYGKK80	0.3371	0.2629	0.4205	0.2086	0.191	0.056	0.437	51.70	0.376	0.462	213	225	-0.295111	0.062222	
A/duck/Hunan/11.30_YYGK59	0.3314	0.2743	0.3977	0.2327	0.183	0.048	0.437	53.16	0.399	0.464	213	225	-0.303111	0.062222	
A/duck/Hunan/11.30_YYGK62	0.3391	0.2701	0.4068	0.2160	0.188	0.042	0.432	53.30	0.385	0.467	213	225	-0.255111	0.062222	
A/duck/Hunan/11.30_YYGK63	0.3391	0.2701	0.4045	0.2147	0.188	0.051	0.437	51.74	0.385	0.468	213	225	-0.286222	0.062222	
A/duck/Hunan/11.30_YYGK74	0.3616	0.2429	0.4091	0.2270	0.200	0.073	0.458	54.47	0.370	0.452	216	230	-0.346957	0.078261	
A/duck/Hunan/11.30_YYGK75	0.3616	0.2429	0.4091	0.2270	0.200	0.073	0.458	54.47	0.370	0.452	216	230	-0.346957	0.078261	
A/duck/Hunan/12.27_YYGK10	0.3371	0.2629	0.4205	0.2086	0.191	0.056	0.437	51.70	0.376	0.462	213	225	-0.295111	0.062222	
A/duck/Hunan/12.27_YYGK60	0.3506	0.2586	0.3977	0.2298	0.187	0.034	0.427	51.78	0.385	0.467	213	225	-0.319111	0.066667	
A/duck/Hunan/12.27_YYGK71	0.3371	0.2629	0.4205	0.2086	0.191	0.056	0.437	51.70	0.376	0.462	213	225	-0.295111	0.062222	
A/duck/Hunan/12.27_YYGK73	0.3563	0.2529	0.3920	0.2360	0.185	0.018	0.418	51.74	0.385	0.467	213	225	-0.319111	0.066667	
A/duck/Hunan/12.27_YYGK81	0.3371	0.2629	0.4205	0.2099	0.194	0.062	0.441	51.34	0.376	0.461	213	225	-0.292000	0.062222	
A/duck/Hunan/12.27_YYGK86	0.3448	0.2644	0.3977	0.2298	0.188	0.042	0.432	51.78	0.390	0.468	213	225	-0.319111	0.066667	
A/duck/Hunan/12.27_YYGK89	0.3371	0.2629	0.4205	0.2099	0.194	0.062	0.441	51.34	0.376	0.461	213	225	-0.292000	0.062222	
A/duck/Hunan/12.27_YYGK91	0.3371	0.2629	0.4205	0.2086	0.191	0.056	0.437	51.70	0.376	0.462	213	225	-0.295111	0.062222	
A/duck/Hunan/12.27_YYGK93	0.3371	0.2629	0.4205	0.2099	0.194	0.062	0.441	51.34	0.376	0.461	213	225	-0.292000	0.062222	
A/duck/Hunan/12.27_YYGK95	0.3371	0.2629	0.4205	0.2086	0.191	0.056	0.437	51.70	0.376	0.462	213	225	-0.295111	0.062222	
A/duck/Hunan/12.27_YYGK96	0.3371	0.2629	0.4205	0.2086	0.191	0.056	0.437	51.70	0.376	0.462	213	225	-0.295111	0.062222	
A/duck/Hunan/12.27_YYGK97	0.3371	0.2629	0.4205	0.2086	0.191	0.056	0.437	51.70	0.376	0.462	213	225	-0.295111	0.062222	
A/duck/Hunan/2.06_YYGK77J	0.3353	0.2775	0.4011	0.2222	0.194	0.058	0.441	50.91	0.394	0.468	213	225	-0.293778	0.062222	
A/duck/Hunan/2.06_YYGK78J	0.3468	0.2601	0.4045	0.2209	0.189	0.051	0.437	51.01	0.380	0.465	213	225	-0.298222	0.062222	
A/duck/Hunan/2.06_YYGK84J	0.3333	0.2759	0.4011	0.2222	0.189	0.051	0.437	50.94	0.394	0.470	213	225	-0.298222	0.062222	
A/duck/Hunan/2.06_YYGK92J	0.3333	0.2759	0.4011	0.2222	0.189	0.051	0.437	50.94	0.394	0.470	213	225	-0.298222	0.062222	
A/duck/Hunan/3/2007_H5N1|	0.3295	0.2775	0.4000	0.2313	0.196	0.079	0.458	50.48	0.401	0.467	212	225	-0.360000	0.062222	
A/duck/Hunan/316/2005_H5N	0.3237	0.2890	0.3851	0.2453	0.198	0.047	0.439	48.86	0.420	0.471	212	225	-0.349778	0.062222	
A/duck/Hunan/3315/2006_H5	0.3295	0.2775	0.4000	0.2327	0.184	0.049	0.439	49.75	0.401	0.462	212	225	-0.342222	0.062222	
A/duck/Hunan/689/2006_H5N	0.3410	0.2717	0.3815	0.2516	0.198	0.036	0.434	48.86	0.410	0.465	212	225	-0.395556	0.066667	
A/duck/Hunan/7.21_YYGK41Y	0.3506	0.2586	0.3977	0.2270	0.194	0.044	0.432	50.83	0.385	0.470	213	225	-0.352889	0.062222	
A/duck/Hunan/733/2004_H5N	0.3295	0.2775	0.4080	0.2264	0.188	0.047	0.439	50.28	0.396	0.462	212	225	-0.373778	0.062222	
A/duck/Hunan/8/2008_H5N1|	0.3179	0.2717	0.4148	0.2346	0.188	0.056	0.441	50.93	0.399	0.467	213	225	-0.401778	0.057778	
A/duck/Hunan/S4020/2008_H	0.3353	0.2775	0.3931	0.2313	0.193	0.061	0.445	52.37	0.403	0.465	211	225	-0.364000	0.062222	
A/duck/Hunan/S4030/2011_H	0.3237	0.2775	0.3873	0.2516	0.190	0.053	0.441	51.89	0.417	0.468	211	225	-0.379111	0.062222	
A/duck/Hunan/S4101/2011_H	0.3860	0.2339	0.3855	0.2303	0.190	0.001	0.420	53.98	0.366	0.447	205	219	-0.350228	0.068493	
A/duck/Hunan/S4120/2011_H	0.3860	0.2339	0.3832	0.2288	0.188	0.003	0.420	54.33	0.366	0.449	205	219	-0.315068	0.068493	
A/duck/Hunan/S4150/2011_H	0.3353	0.2775	0.3873	0.2390	0.191	0.046	0.436	52.57	0.408	0.465	211	225	-0.340889	0.062222	
A/duck/Hunan/S4220/2011_H	0.3391	0.2644	0.4034	0.2313	0.179	0.027	0.423	50.75	0.390	0.465	213	225	-0.310222	0.062222	
A/duck/Jiangsu/m234/2012_	0.3164	0.2768	0.4302	0.2134	0.195	0.052	0.447	49.55	0.387	0.454	217	230	-0.295652	0.065217	
A/duck/Jiangxi/01.11_NCNP	0.3506	0.2644	0.4011	0.2160	0.194	0.075	0.451	50.74	0.380	0.465	213	225	-0.298222	0.062222	
A/duck/Jiangxi/10160/2014	0.3506	0.2586	0.4034	0.2250	0.182	0.018	0.418	50.36	0.380	0.464	213	225	-0.301778	0.062222	
A/duck/Jiangxi/11.17_NCNP	0.3276	0.2816	0.4034	0.2236	0.192	0.051	0.437	51.82	0.399	0.471	213	225	-0.336000	0.062222	
A/duck/Jiangxi/11.17_NCNP	0.3276	0.2816	0.4034	0.2236	0.192	0.051	0.437	51.82	0.399	0.471	213	225	-0.336000	0.062222	
A/duck/Jiangxi/11.29_NCDZ	0.3448	0.2644	0.3955	0.2284	0.183	0.036	0.427	52.03	0.390	0.468	213	225	-0.298222	0.062222	
A/duck/Jiangxi/11.29_NCNP	0.3506	0.2586	0.3920	0.2360	0.185	0.025	0.423	51.46	0.390	0.467	213	225	-0.302667	0.066667	
A/duck/Jiangxi/11.29_NCNP	0.3448	0.2644	0.4068	0.2160	0.189	0.067	0.446	52.15	0.380	0.464	213	225	-0.309333	0.062222	
A/duck/Jiangxi/120/2011_H	0.3140	0.2791	0.4393	0.2075	0.183	0.040	0.436	51.89	0.384	0.458	211	225	-0.362667	0.066667	
A/duck/Jiangxi/130/2011_H	0.3353	0.2775	0.3895	0.2390	0.192	0.044	0.436	53.82	0.408	0.465	211	225	-0.332889	0.062222	
A/duck/Jiangxi/13469/2014	0.3584	0.2601	0.4011	0.2174	0.186	0.034	0.427	50.38	0.376	0.458	213	225	-0.295556	0.062222	
A/duck/Jiangxi/13475/2014	0.3584	0.2601	0.4011	0.2174	0.186	0.034	0.427	50.38	0.376	0.458	213	225	-0.295556	0.062222	
A/duck/Jiangxi/13484/2014	0.3584	0.2601	0.4011	0.2174	0.186	0.034	0.427	50.38	0.376	0.458	213	225	-0.295556	0.062222	
A/duck/Jiangxi/2.28NCNP23	0.3391	0.2701	0.4068	0.2160	0.189	0.051	0.437	51.84	0.385	0.467	213	225	-0.298222	0.062222	
A/duck/Jiangxi/2.28_NCNP2	0.3391	0.2701	0.4068	0.2160	0.189	0.051	0.437	51.84	0.385	0.467	213	225	-0.298222	0.062222	
A/duck/Jiangxi/34/2011_H5	0.3448	0.2701	0.4034	0.2160	0.193	0.050	0.437	50.99	0.385	0.465	213	225	-0.334222	0.062222	
A/duck/Jiangxi/35/2011_H5	0.3353	0.2717	0.3920	0.2407	0.189	0.047	0.437	52.80	0.404	0.470	213	225	-0.310667	0.066667	
A/duck/Jiangxi/44/2011_H5	0.3526	0.2543	0.4146	0.2105	0.183	-0.026	0.395	51.83	0.371	0.462	205	217	-0.237327	0.073733	
A/duck/Jiangxi/5.26_NCDZT	0.3448	0.2644	0.4068	0.2160	0.191	0.067	0.446	51.75	0.380	0.465	213	225	-0.298222	0.062222	
A/duck/Jiangxi/80/2005_H5	0.3295	0.2832	0.3908	0.2390	0.197	0.057	0.443	46.98	0.410	0.465	212	225	-0.344000	0.062222	
A/duck/Jilin/JL-SIV/2013_	0.3468	0.2717	0.3815	0.2468	0.201	0.047	0.439	52.28	0.406	0.464	212	225	-0.369778	0.062222	
A/duck/Kaohsiung/15010213	0.3446	0.2486	0.4045	0.2378	0.183	-0.008	0.407	49.70	0.384	0.464	216	230	-0.363913	0.065217	
A/duck/Kaohsiung/15WB3298	0.3371	0.2528	0.4190	0.2242	0.188	0.033	0.429	49.87	0.378	0.464	217	230	-0.361739	0.060870	
A/duck/Kaohsiung/20WB0242	0.3315	0.2528	0.3966	0.2545	0.196	0.046	0.438	51.13	0.401	0.471	217	230	-0.383043	0.060870	
A/duck/Liaoning/LN/2011_H	0.3372	0.2791	0.3801	0.2581	0.187	-0.006	0.403	52.64	0.417	0.467	211	225	-0.354667	0.066667	
A/duck/Nanchang/9789/2013	0.3391	0.2701	0.4091	0.2188	0.183	0.027	0.423	51.77	0.385	0.464	213	225	-0.310222	0.062222	
A/duck/Nantou/15A3437/201	0.3427	0.2472	0.4022	0.2424	0.178	-0.010	0.406	48.99	0.387	0.464	217	230	-0.370000	0.065217	
A/duck/Nantou/17A0243/201	0.3371	0.2528	0.4056	0.2335	0.185	0.010	0.419	49.78	0.387	0.470	217	230	-0.370870	0.060870	
A/duck/Pingtung/15010180/	0.3552	0.2459	0.4239	0.2083	0.188	0.029	0.430	50.63	0.359	0.450	223	237	-0.367511	0.059072	
A/duck/Pingtung/15010444/	0.3427	0.2472	0.4022	0.2424	0.180	-0.010	0.406	49.77	0.387	0.465	217	230	-0.379565	0.060870	
A/duck/Pingtung/17A0160/2	0.3315	0.2584	0.4056	0.2335	0.182	0.004	0.415	49.91	0.392	0.470	217	230	-0.388696	0.060870	
A/duck/Pingtung/18A00003-	0.3333	0.2599	0.4134	0.2229	0.186	0.030	0.431	49.46	0.384	0.465	216	230	-0.400435	0.060870	
A/duck/Pingtung/18A00076-	0.3539	0.2360	0.3944	0.2455	0.182	-0.012	0.406	49.91	0.382	0.465	217	230	-0.399565	0.060870	
A/duck/Pingtung/18X00077/	0.3184	0.2682	0.4078	0.2321	0.185	0.028	0.429	50.20	0.401	0.475	217	230	-0.446522	0.060870	
A/duck/Shandong/009/2008_	0.3314	0.2849	0.3757	0.2611	0.206	0.061	0.448	50.85	0.425	0.468	212	225	-0.333778	0.066667	
A/duck/Shandong/Q1/2013_H	0.3353	0.2775	0.3837	0.2500	0.185	-0.001	0.408	50.34	0.412	0.465	211	225	-0.399556	0.066667	
A/duck/Shandong/SD0261/20	0.3669	0.2544	0.3988	0.2267	0.194	0.027	0.426	53.50	0.377	0.453	204	217	-0.320276	0.078341	
A/duck/Shandong/SD0263/20	0.3669	0.2544	0.3963	0.2252	0.193	0.027	0.426	53.20	0.377	0.455	204	217	-0.338249	0.073733	
A/duck/Sichuan/NCXJ15/201	0.3506	0.2586	0.4034	0.2264	0.181	0.020	0.418	49.48	0.380	0.461	213	225	-0.287111	0.062222	
A/duck/Sichuan/NCXJ16/201	0.3506	0.2586	0.4091	0.2201	0.181	0.020	0.418	49.81	0.376	0.459	213	225	-0.287111	0.062222	
A/duck/Sichuan/NCXN10/201	0.3429	0.2629	0.3898	0.2407	0.194	0.040	0.430	51.68	0.397	0.468	214	225	-0.299556	0.062222	
A/duck/Sichuan/NCXN11/201	0.3486	0.2629	0.3898	0.2346	0.191	0.042	0.430	52.28	0.393	0.467	214	225	-0.303111	0.062222	
A/duck/Sichuan/SC4822/202	0.3277	0.2768	0.4011	0.2331	0.177	0.021	0.422	53.93	0.399	0.455	218	230	-0.322609	0.056522	
A/duck/Sichuan/SC5698/202	0.3277	0.2768	0.4011	0.2331	0.177	0.021	0.422	53.93	0.399	0.455	218	230	-0.322609	0.056522	
A/duck/Taichung/15010400-	0.3427	0.2472	0.4022	0.2424	0.180	-0.010	0.406	49.77	0.387	0.465	217	230	-0.379565	0.060870	
A/duck/Tainan/15010403/20	0.3552	0.2459	0.4239	0.2083	0.188	0.029	0.430	50.64	0.359	0.451	223	237	-0.365823	0.059072	
A/duck/Tainan/16010020-1/	0.3427	0.2472	0.3923	0.2455	0.178	-0.002	0.410	50.67	0.392	0.470	217	230	-0.318261	0.060870	
A/duck/Tainan/16WB3443-15	0.3483	0.2584	0.3955	0.2407	0.194	0.038	0.433	48.48	0.392	0.462	217	230	-0.342174	0.065217	
A/duck/Taipei/05WB830-1-5	0.3523	0.2614	0.4310	0.2039	0.148	-0.084	0.364	57.01	0.360	0.436	214	230	-0.334348	0.060870	
A/duck/Taipei/18WB0120-1-	0.3427	0.2584	0.3966	0.2393	0.190	0.038	0.433	49.20	0.392	0.464	217	230	-0.368261	0.060870	
A/duck/Taipei/19WB0235-14	0.3446	0.2655	0.4023	0.2368	0.134	-0.139	0.332	57.43	0.388	0.445	214	230	-0.336956	0.060870	
A/duck/Taiwan/01006/2015_	0.3427	0.2472	0.4022	0.2424	0.178	-0.010	0.406	49.79	0.387	0.464	217	230	-0.379565	0.060870	
A/duck/Taiwan/11213/2013_	0.3371	0.2697	0.3933	0.2303	0.190	0.022	0.426	48.79	0.398	0.470	216	230	-0.369565	0.065217	
A/duck/Taiwan/11254/2013_	0.3371	0.2697	0.3933	0.2317	0.193	0.029	0.431	47.96	0.398	0.467	216	230	-0.368261	0.065217	
A/duck/Taiwan/A3400/2015_	0.3539	0.2416	0.3966	0.2424	0.187	0.009	0.415	51.46	0.382	0.465	217	230	-0.361739	0.060870	
A/duck/Taiwan/DV1238/2009	0.3785	0.2316	0.4057	0.2368	0.149	-0.105	0.353	54.49	0.358	0.429	215	230	-0.358696	0.060870	
A/duck/Taiwan/DV1241/2009	0.3785	0.2316	0.4057	0.2368	0.149	-0.105	0.353	54.49	0.358	0.429	215	230	-0.358696	0.060870	
A/duck/Taiwan/DV1242/2009	0.3785	0.2316	0.4057	0.2368	0.149	-0.105	0.353	54.49	0.358	0.429	215	230	-0.358696	0.060870	
A/duck/Taoyuan/16010023-1	0.3427	0.2472	0.3956	0.2381	0.179	0.006	0.415	50.75	0.387	0.470	217	230	-0.304783	0.060870	
A/duck/Wenzhou/YJYF33/201	0.3468	0.2659	0.3757	0.2516	0.193	0.031	0.427	51.99	0.408	0.464	211	225	-0.353778	0.062222	
A/duck/Wuhan/JXYFB22/2015	0.3488	0.2674	0.3920	0.2313	0.191	0.052	0.439	50.40	0.392	0.467	212	225	-0.288000	0.066667	
A/duck/Wuhan/WHYF02/2015_	0.3468	0.2659	0.3886	0.2390	0.190	0.036	0.429	50.92	0.396	0.468	212	225	-0.344889	0.062222	
A/duck/Xinjiang/12.18_WLM	0.3616	0.2429	0.4124	0.2195	0.200	0.070	0.454	54.13	0.366	0.448	216	230	-0.326522	0.069565	
A/duck/Yilan/17A0092/2017	0.3371	0.2528	0.4000	0.2395	0.183	0.004	0.415	49.95	0.392	0.468	217	230	-0.388696	0.060870	
A/duck/Yunlin/15010244-1/	0.3427	0.2472	0.4045	0.2439	0.177	-0.018	0.401	49.87	0.387	0.464	217	230	-0.391739	0.060870	
A/duck/Yunlin/15010277/20	0.3552	0.2459	0.4239	0.2083	0.188	0.029	0.430	50.64	0.359	0.451	223	237	-0.365823	0.059072	
A/duck/Yunlin/15010310-4/	0.3427	0.2472	0.4022	0.2424	0.180	-0.010	0.406	49.90	0.387	0.464	217	230	-0.381304	0.060870	
A/duck/Yunlin/15010318-2/	0.3427	0.2472	0.4022	0.2410	0.183	-0.012	0.406	49.48	0.387	0.467	217	230	-0.402174	0.060870	
A/duck/Yunlin/15010369-1/	0.3427	0.2472	0.3966	0.2485	0.180	-0.010	0.406	49.49	0.392	0.467	217	230	-0.379565	0.060870	
A/duck/Yunlin/15010458-1/	0.3607	0.2404	0.4239	0.2083	0.188	0.021	0.426	50.63	0.354	0.450	223	237	-0.365823	0.059072	
A/duck/Yunlin/15070002-2/	0.3408	0.2458	0.3978	0.2395	0.175	0.007	0.415	50.45	0.387	0.470	217	230	-0.320870	0.060870	
A/duck/Yunlin/15A5019/201	0.3408	0.2458	0.3978	0.2395	0.175	0.007	0.415	50.45	0.387	0.470	217	230	-0.320870	0.060870	
A/duck/Yunlin/17110001/20	0.3371	0.2528	0.4022	0.2424	0.184	-0.005	0.410	49.90	0.392	0.467	217	230	-0.399565	0.060870	
A/duck/Yunlin/17A0086/201	0.3390	0.2542	0.4000	0.2395	0.183	-0.004	0.410	49.35	0.392	0.468	217	230	-0.411739	0.060870	
A/duck/Yunlin/17A0686/201	0.3371	0.2528	0.3944	0.2455	0.183	-0.004	0.410	49.45	0.396	0.471	217	230	-0.388696	0.060870	
A/duck/Yunlin/18060007-3/	0.3333	0.2542	0.4101	0.2424	0.187	-0.007	0.410	49.88	0.392	0.465	217	230	-0.431739	0.060870	
A/duck/Yunlin/18X00007-3/	0.3371	0.2571	0.4101	0.2303	0.183	0.022	0.423	50.67	0.386	0.464	215	230	-0.376522	0.060870	
A/duck/Yunnan/4072/2003_H	0.3276	0.2701	0.4057	0.2313	0.181	0.041	0.434	50.56	0.396	0.468	212	225	-0.351556	0.062222	
A/duck/Yunnan/426/2004_H5	0.3295	0.2717	0.4023	0.2313	0.185	0.044	0.436	50.46	0.398	0.468	211	225	-0.363111	0.062222	
A/duck/Yunnan/4645/2003_H	0.3295	0.2717	0.4023	0.2313	0.185	0.044	0.436	50.55	0.398	0.470	211	225	-0.363111	0.062222	
A/duck/Yunnan/47/2006_H5N	0.3353	0.2775	0.3966	0.2342	0.196	0.073	0.453	50.21	0.401	0.464	212	225	-0.350667	0.062222	
A/duck/Yunnan/485/2004_H5	0.3314	0.2733	0.4023	0.2313	0.190	0.050	0.441	50.92	0.398	0.468	211	225	-0.360444	0.062222	
A/duck/Yunnan/4873/2006_H	0.3333	0.2807	0.3931	0.2342	0.201	0.080	0.457	50.62	0.405	0.465	210	225	-0.348000	0.062222	
A/duck/Yunnan/5090/2003_H	0.3295	0.2717	0.4023	0.2313	0.185	0.044	0.436	50.55	0.398	0.470	211	225	-0.363111	0.062222	
A/duck/Yunnan/5169/2003_H	0.3295	0.2717	0.4023	0.2313	0.185	0.044	0.436	50.55	0.398	0.470	211	225	-0.363111	0.062222	
A/duck/Yunnan/522/2004_H5	0.3295	0.2717	0.4023	0.2313	0.185	0.044	0.436	50.46	0.398	0.468	211	225	-0.363111	0.062222	
A/duck/Yunnan/5310/2006_H	0.3333	0.2759	0.3793	0.2516	0.192	0.040	0.434	49.56	0.415	0.470	212	225	-0.356000	0.062222	
A/duck/Yunnan/5948/2003_H	0.3295	0.2717	0.4023	0.2313	0.185	0.044	0.436	50.55	0.398	0.470	211	225	-0.363111	0.062222	
A/duck/Yunnan/6080/2003_H	0.3295	0.2717	0.4023	0.2313	0.185	0.044	0.436	50.55	0.398	0.470	211	225	-0.363111	0.062222	
A/duck/Yunnan/6603/2003_H	0.3295	0.2717	0.4023	0.2313	0.185	0.044	0.436	50.55	0.398	0.470	211	225	-0.363111	0.062222	
A/duck/Zhejiang/1026109/2	0.3636	0.2500	0.3764	0.2470	0.186	0.034	0.431	50.40	0.394	0.464	216	230	-0.404783	0.060870	
A/duck/Zhejiang/1220092/2	0.3410	0.2717	0.3736	0.2484	0.195	0.052	0.441	53.43	0.412	0.468	211	225	-0.402222	0.062222	
A/duck/Zhejiang/213/2011_	0.3430	0.2733	0.4057	0.2188	0.193	0.050	0.439	48.00	0.387	0.462	212	225	-0.337333	0.062222	
A/duck/Zhejiang/224/2011_	0.3353	0.2775	0.4057	0.2174	0.194	0.052	0.439	49.41	0.392	0.468	212	225	-0.343111	0.062222	
A/duck/Zhejiang/2242/2011	0.3353	0.2775	0.4057	0.2174	0.194	0.052	0.439	49.41	0.392	0.468	212	225	-0.343111	0.062222	
A/duck/Zhejiang/2243/2011	0.3353	0.2775	0.4057	0.2174	0.194	0.052	0.439	49.41	0.392	0.468	212	225	-0.343111	0.062222	
A/duck/Zhejiang/2244/2011	0.3353	0.2775	0.4057	0.2174	0.194	0.052	0.439	49.41	0.392	0.468	212	225	-0.343111	0.062222	
A/duck/Zhejiang/2245/2011	0.3596	0.2360	0.4246	0.2134	0.188	0.030	0.429	48.41	0.355	0.452	217	230	-0.356522	0.060870	
A/duck/Zhejiang/2248/2011	0.3353	0.2775	0.4057	0.2174	0.194	0.052	0.439	49.41	0.392	0.468	212	225	-0.343111	0.062222	
A/duck/Zhejiang/6D18/2013	0.3672	0.2373	0.4205	0.2147	0.196	0.048	0.440	50.48	0.356	0.448	216	230	-0.343478	0.069565	
A/duck/Zhejiang/6D2/2013_	0.3547	0.2616	0.4057	0.2188	0.184	0.014	0.415	50.27	0.377	0.461	212	225	-0.345333	0.062222	
A/duck/Zhejiang/6DK19/201	0.3547	0.2616	0.4057	0.2188	0.184	0.014	0.415	50.27	0.377	0.461	212	225	-0.345333	0.062222	
A/duck/Zhejiang/727041/20	0.3506	0.2586	0.3920	0.2390	0.180	0.021	0.423	53.97	0.390	0.468	213	225	-0.321778	0.062222	
A/duck/Zhejiang/727158/20	0.3391	0.2701	0.3977	0.2327	0.189	0.050	0.437	50.51	0.394	0.465	213	225	-0.337333	0.057778	
A/duck/Zhejiang/77138/201	0.3448	0.2644	0.4034	0.2250	0.180	0.010	0.413	50.67	0.385	0.465	213	225	-0.292000	0.062222	
A/duck/Zhejiang/925019/20	0.3672	0.2260	0.4068	0.2469	0.188	0.012	0.419	49.56	0.369	0.448	217	230	-0.338696	0.073913	
A/duck/Zhejiang/925169/20	0.3672	0.2316	0.3989	0.2454	0.190	0.030	0.429	50.80	0.373	0.449	217	230	-0.305217	0.073913	
A/duck/Zhejiang/W24/2013_	0.3636	0.2386	0.4124	0.2270	0.200	0.071	0.454	51.14	0.366	0.448	216	230	-0.342174	0.069565	
A/egret/Zhejiang/W15/2017	0.3333	0.2701	0.4011	0.2284	0.187	0.051	0.437	51.85	0.394	0.464	213	225	-0.296889	0.062222	
A/egret/Zhejiang/W18/2017	0.3506	0.2586	0.3977	0.2298	0.187	0.037	0.427	51.11	0.385	0.467	213	225	-0.328445	0.062222	
A/equine/China/61/2010_H5	0.3237	0.2832	0.4023	0.2327	0.196	0.079	0.458	50.44	0.406	0.467	212	225	-0.373778	0.062222	
A/equine/China/67/2010_H5	0.3237	0.2832	0.4023	0.2327	0.196	0.079	0.458	50.44	0.406	0.467	212	225	-0.373778	0.062222	
A/equine/China/68/2010_H5	0.3237	0.2832	0.4023	0.2327	0.196	0.079	0.458	50.44	0.406	0.467	212	225	-0.373778	0.062222	
A/eurasian_coot/Shandong/	0.3787	0.2426	0.4000	0.2185	0.188	0.023	0.422	51.73	0.363	0.452	204	217	-0.312442	0.073733	
A/eurasian_coot/Shandong/	0.3787	0.2426	0.4000	0.2185	0.188	0.023	0.422	51.73	0.363	0.452	204	217	-0.312442	0.073733	
A/eurasian_coot/Shandong/	0.3787	0.2426	0.4000	0.2185	0.188	0.023	0.422	51.73	0.363	0.452	204	217	-0.312442	0.073733	
A/eurasian_coot/Shandong/	0.3787	0.2426	0.4000	0.2185	0.188	0.023	0.422	51.73	0.363	0.452	204	217	-0.312442	0.073733	
A/feline/Guangdong/2/2015	0.3391	0.2701	0.3920	0.2360	0.190	0.051	0.437	51.62	0.399	0.470	213	225	-0.312000	0.062222	
A/gadwall/Ningxia/YG61/20	0.3684	0.2515	0.3988	0.2282	0.199	0.046	0.439	50.82	0.376	0.449	205	217	-0.314286	0.073733	
A/goose/Changhua/15040008	0.3352	0.2570	0.3989	0.2424	0.181	-0.002	0.410	50.71	0.396	0.470	217	230	-0.380870	0.060870	
A/goose/Chiayi/15010008-3	0.3427	0.2472	0.4000	0.2410	0.180	-0.010	0.406	50.05	0.387	0.467	217	230	-0.366087	0.060870	
A/goose/Chiayi/15010016-1	0.3427	0.2472	0.4022	0.2424	0.180	-0.010	0.406	49.77	0.387	0.465	217	230	-0.379565	0.060870	
A/goose/Chiayi/15020022/2	0.3552	0.2459	0.4239	0.2083	0.188	0.029	0.430	50.64	0.359	0.451	223	237	-0.365823	0.059072	
A/goose/Chiayi/16010017-2	0.3427	0.2472	0.3978	0.2395	0.179	0.006	0.415	50.47	0.387	0.468	217	230	-0.318261	0.060870	
A/goose/Chiayi/16040003-1	0.3427	0.2528	0.3978	0.2335	0.176	-0.002	0.410	50.26	0.387	0.467	217	230	-0.318261	0.060870	
A/goose/Chiayi/16040005/2	0.3427	0.2528	0.3978	0.2335	0.176	-0.002	0.410	50.26	0.387	0.467	217	230	-0.318261	0.060870	
A/goose/Chiayi/17020027-1	0.3371	0.2472	0.4056	0.2395	0.181	-0.004	0.410	48.81	0.387	0.467	217	230	-0.388696	0.060870	
A/goose/Chiayi/17040014/2	0.3352	0.2514	0.4078	0.2364	0.174	-0.018	0.401	52.40	0.387	0.465	217	230	-0.330435	0.060870	
A/goose/Chiayi/18010006/2	0.3390	0.2542	0.3989	0.2439	0.182	-0.019	0.403	49.69	0.394	0.467	216	230	-0.407826	0.060870	
A/goose/Chiayi/18020014-1	0.3371	0.2528	0.4045	0.2439	0.183	-0.014	0.406	49.44	0.392	0.465	217	230	-0.393913	0.060870	
A/goose/Chiayi/18020014-2	0.3371	0.2528	0.4045	0.2439	0.183	-0.014	0.406	49.44	0.392	0.465	217	230	-0.393913	0.060870	
A/goose/China/0701/2018_H	0.3448	0.2701	0.4068	0.2099	0.190	0.051	0.437	51.06	0.380	0.465	213	225	-0.309778	0.062222	
A/goose/China/1/2021_H5N8	0.3787	0.2426	0.3939	0.2237	0.186	0.014	0.417	53.18	0.368	0.455	204	217	-0.336405	0.073733	
A/goose/China/1106/2016_H	0.3523	0.2614	0.3898	0.2364	0.188	0.039	0.435	51.12	0.394	0.462	216	230	-0.409131	0.065217	
A/goose/China/E43/2012_H5	0.3371	0.2743	0.3977	0.2236	0.185	0.050	0.437	50.74	0.394	0.467	213	225	-0.321333	0.062222	
A/goose/China/M14/2016_H5	0.3295	0.2543	0.4405	0.2078	0.171	-0.044	0.382	49.48	0.367	0.449	207	217	-0.282028	0.069124	
A/goose/Eastern_China/111	0.3427	0.2640	0.4111	0.2108	0.202	0.084	0.461	50.04	0.378	0.459	217	230	-0.326957	0.060870	
A/goose/Eastern_China/223	0.3295	0.2775	0.3943	0.2375	0.193	0.056	0.443	50.06	0.406	0.467	212	225	-0.362222	0.057778	
A/goose/Eastern_China/CZ/	0.3580	0.2443	0.4068	0.2331	0.201	0.071	0.454	52.15	0.375	0.451	216	230	-0.342174	0.069565	
A/goose/Eastern_China/L12	0.3353	0.2775	0.3895	0.2436	0.184	-0.001	0.408	49.57	0.408	0.464	211	225	-0.409333	0.066667	
A/goose/Eastern_China/L12	0.3239	0.2784	0.4190	0.2134	0.198	0.058	0.449	49.69	0.389	0.457	216	230	-0.334348	0.065217	
A/goose/Eastern_China/S04	0.3672	0.2373	0.4205	0.2160	0.196	0.050	0.440	51.58	0.356	0.445	216	230	-0.322174	0.069565	
A/goose/Eastern_China/S05	0.3448	0.2644	0.3920	0.2375	0.183	0.021	0.418	50.40	0.394	0.465	213	225	-0.300000	0.062222	
A/goose/Fujian/10.11_FZHX	0.3448	0.2644	0.4000	0.2298	0.187	0.028	0.423	53.18	0.390	0.464	213	225	-0.351111	0.066667	
A/goose/Fujian/10.26_FZHX	0.3314	0.2743	0.3977	0.2327	0.180	0.042	0.432	53.38	0.399	0.465	213	225	-0.306667	0.062222	
A/goose/Fujian/10.26_FZHX	0.3314	0.2743	0.3977	0.2327	0.180	0.042	0.432	53.38	0.399	0.465	213	225	-0.306667	0.062222	
A/goose/Fujian/10.26_FZHX	0.3371	0.2686	0.3977	0.2327	0.180	0.034	0.427	53.32	0.394	0.464	213	225	-0.306667	0.062222	
A/goose/Fujian/10.26_FZHX	0.3409	0.2614	0.4045	0.2250	0.178	0.034	0.425	53.34	0.383	0.459	214	225	-0.290667	0.057778	
A/goose/Fujian/10.26_FZHX	0.3371	0.2686	0.3977	0.2327	0.180	0.034	0.427	53.32	0.394	0.464	213	225	-0.306667	0.062222	
A/goose/Fujian/10.26_FZHX	0.3371	0.2686	0.3977	0.2327	0.180	0.034	0.427	53.32	0.394	0.464	213	225	-0.306667	0.062222	
A/goose/Fujian/10.26_FZHX	0.3314	0.2743	0.3977	0.2327	0.180	0.042	0.432	53.38	0.399	0.465	213	225	-0.306667	0.062222	
A/goose/Fujian/10.26_FZHX	0.3371	0.2686	0.3977	0.2327	0.180	0.034	0.427	53.32	0.394	0.464	213	225	-0.306667	0.062222	
A/goose/Fujian/10.26_FZHX	0.3314	0.2743	0.3977	0.2327	0.180	0.042	0.432	53.38	0.399	0.465	213	225	-0.306667	0.062222	
A/goose/Fujian/11.3_FZHX1	0.3333	0.2759	0.3920	0.2360	0.187	0.051	0.437	52.31	0.404	0.468	213	225	-0.313778	0.062222	
A/goose/Fujian/3.15_FZHX0	0.3448	0.2644	0.4011	0.2222	0.187	0.052	0.437	51.82	0.385	0.465	213	225	-0.300000	0.062222	
A/goose/Fujian/3.15_FZHX0	0.3448	0.2644	0.3955	0.2284	0.191	0.050	0.437	51.81	0.390	0.470	213	225	-0.280000	0.062222	
A/goose/Fujian/3.15_FZHX0	0.3448	0.2644	0.4011	0.2222	0.189	0.051	0.437	51.10	0.385	0.467	213	225	-0.298222	0.062222	
A/goose/Fujian/3.15_FZHX0	0.3448	0.2644	0.4011	0.2222	0.189	0.051	0.437	51.10	0.385	0.467	213	225	-0.298222	0.062222	
A/goose/Fujian/3.15_FZHX0	0.3448	0.2644	0.3955	0.2284	0.189	0.051	0.437	51.98	0.390	0.468	213	225	-0.298222	0.062222	
A/goose/GuangDong/1189/20	0.3605	0.2558	0.4136	0.2119	0.182	-0.035	0.390	52.02	0.371	0.456	205	217	-0.301383	0.073733	
A/goose/Guangdong/7.20_DG	0.3391	0.2701	0.4068	0.2160	0.185	0.043	0.432	51.59	0.385	0.467	213	225	-0.298222	0.062222	
A/goose/Guangdong/72/2004	0.3353	0.2717	0.4104	0.2308	0.180	-0.014	0.401	49.81	0.392	0.458	212	225	-0.361333	0.062222	
A/goose/Guangdong/QY01/20	0.3448	0.2586	0.4034	0.2298	0.183	0.037	0.427	51.57	0.385	0.465	213	225	-0.328445	0.062222	
A/goose/Guangdong/k0103/2	0.3430	0.2733	0.3743	0.2628	0.191	0.015	0.417	50.69	0.417	0.471	211	225	-0.332889	0.066667	
A/goose/Guangdong/s13124/	0.3295	0.2832	0.3977	0.2403	0.183	-0.009	0.403	48.78	0.408	0.459	211	225	-0.380444	0.066667	
A/goose/Hebei/HG12/2021_H	0.3787	0.2426	0.3939	0.2237	0.186	0.014	0.417	53.18	0.368	0.455	204	217	-0.336405	0.073733	
A/goose/Henan/01.01_LYGL0	0.3448	0.2586	0.4011	0.2284	0.189	0.051	0.437	51.80	0.385	0.461	213	225	-0.296889	0.062222	
A/goose/Hong_Kong/23/1978	0.3483	0.2640	0.4022	0.2195	0.195	0.047	0.438	48.87	0.382	0.464	217	230	-0.360435	0.060870	
A/goose/Hubei/65/2005_H5N	0.3295	0.2832	0.3908	0.2390	0.196	0.059	0.443	49.14	0.410	0.465	212	225	-0.347556	0.062222	
A/goose/Inner_Mongolia/IM	0.3371	0.2528	0.4134	0.2303	0.189	0.038	0.433	49.56	0.382	0.467	217	230	-0.381739	0.060870	
A/goose/Jiangsu/QD5/2014_	0.3636	0.2386	0.4124	0.2270	0.199	0.071	0.454	51.14	0.366	0.449	216	230	-0.342174	0.069565	
A/goose/Jiangsu/k0403/201	0.3353	0.2775	0.3988	0.2250	0.193	0.063	0.445	52.12	0.398	0.462	211	225	-0.343556	0.062222	
A/goose/Pingtung/15010007	0.3427	0.2472	0.4022	0.2424	0.180	-0.010	0.406	49.77	0.387	0.465	217	230	-0.379565	0.060870	
A/goose/Pingtung/15010037	0.3427	0.2472	0.4022	0.2424	0.180	-0.010	0.406	49.77	0.387	0.465	217	230	-0.379565	0.060870	
A/goose/Pingtung/15050014	0.3483	0.2472	0.3989	0.2439	0.185	0.009	0.415	51.81	0.387	0.465	217	230	-0.373913	0.060870	
A/goose/Pingtung/16010061	0.3427	0.2528	0.3989	0.2439	0.178	0.012	0.415	52.81	0.392	0.464	217	230	-0.365217	0.060870	
A/goose/Shantou/1763/2014	0.3448	0.2644	0.4000	0.2342	0.182	0.018	0.418	50.81	0.390	0.459	213	225	-0.325333	0.062222	
A/goose/Tainan/16040018-1	0.3446	0.2486	0.4022	0.2395	0.188	0.023	0.424	52.48	0.387	0.464	217	230	-0.397826	0.060870	
A/goose/Tainan/16070002/2	0.3483	0.2472	0.3989	0.2410	0.187	0.015	0.419	52.53	0.387	0.465	217	230	-0.396087	0.060870	
A/goose/Tainan/17030022-1	0.3371	0.2528	0.4000	0.2395	0.183	0.004	0.415	49.60	0.392	0.468	217	230	-0.388696	0.060870	
A/goose/Tainan/17030024-1	0.3371	0.2528	0.3944	0.2455	0.187	0.014	0.419	49.82	0.396	0.470	217	230	-0.378261	0.060870	
A/goose/Tainan/18010022-1	0.3315	0.2584	0.4000	0.2395	0.186	0.004	0.415	49.67	0.396	0.470	217	230	-0.390435	0.060870	
A/goose/Tainan/18050014-1	0.3427	0.2528	0.4000	0.2335	0.184	-0.004	0.410	48.59	0.387	0.468	217	230	-0.387391	0.060870	
A/goose/Taiwan/01019/2015	0.3552	0.2459	0.4239	0.2083	0.188	0.029	0.430	50.64	0.359	0.451	223	237	-0.365823	0.059072	
A/goose/Taiwan/01022/2015	0.3427	0.2472	0.4022	0.2424	0.180	-0.010	0.406	49.77	0.387	0.465	217	230	-0.379565	0.060870	
A/goose/Taiwan/01023/2015	0.3408	0.2458	0.3966	0.2485	0.181	-0.009	0.406	50.08	0.392	0.467	217	230	-0.330000	0.060870	
A/goose/Taiwan/01031/2015	0.3427	0.2472	0.4000	0.2410	0.178	-0.002	0.410	50.34	0.387	0.465	217	230	-0.342609	0.060870	
A/goose/Taiwan/01038/2015	0.3478	0.2500	0.4239	0.2083	0.186	0.029	0.430	51.29	0.363	0.453	223	237	-0.354430	0.059072	
A/goose/Taiwan/01039/2015	0.3552	0.2459	0.4239	0.2071	0.190	0.037	0.435	50.88	0.359	0.453	223	237	-0.367089	0.059072	
A/goose/Taiwan/01040/2015	0.3371	0.2528	0.4022	0.2410	0.182	-0.012	0.406	50.09	0.392	0.468	217	230	-0.402174	0.060870	
A/goose/Taiwan/TNC1/2015_	0.3552	0.2459	0.4239	0.2083	0.188	0.029	0.430	50.64	0.359	0.451	223	237	-0.365823	0.059072	
A/goose/Taiwan/TNC10/2015	0.3552	0.2459	0.4239	0.2083	0.188	0.029	0.430	50.64	0.359	0.451	223	237	-0.365823	0.059072	
A/goose/Taiwan/TNC11/2015	0.3552	0.2459	0.4239	0.2083	0.188	0.029	0.430	50.64	0.359	0.451	223	237	-0.365823	0.059072	
A/goose/Taiwan/TNC12/2015	0.3552	0.2459	0.4239	0.2083	0.188	0.029	0.430	50.64	0.359	0.451	223	237	-0.365823	0.059072	
A/goose/Taiwan/TNC14/2015	0.3552	0.2459	0.4239	0.2083	0.188	0.029	0.430	50.64	0.359	0.451	223	237	-0.365823	0.059072	
A/goose/Taiwan/TNC3/2015_	0.3552	0.2459	0.4239	0.2083	0.187	0.029	0.430	50.52	0.359	0.450	223	237	-0.365823	0.059072	
A/goose/Taiwan/TNC7/2015_	0.3552	0.2459	0.4239	0.2083	0.188	0.029	0.430	50.64	0.359	0.451	223	237	-0.365823	0.059072	
A/goose/Taiwan/TNC9/2015_	0.3552	0.2459	0.4239	0.2083	0.188	0.029	0.430	50.64	0.359	0.451	223	237	-0.365823	0.059072	
A/goose/Taiwan/TNO15/2015	0.3552	0.2459	0.4239	0.2083	0.188	0.029	0.430	50.64	0.359	0.451	223	237	-0.365823	0.059072	
A/goose/Taiwan/TNO3/2015_	0.3533	0.2446	0.4239	0.2083	0.184	0.022	0.426	50.36	0.359	0.453	223	237	-0.368354	0.059072	
A/goose/Taiwan/TNO9/2015_	0.3552	0.2459	0.4239	0.2083	0.188	0.029	0.430	50.64	0.359	0.451	223	237	-0.365823	0.059072	
A/goose/Taoyuan/15010041/	0.3483	0.2528	0.4222	0.2073	0.193	0.044	0.438	50.64	0.364	0.451	217	230	-0.326087	0.060870	
A/goose/Taoyuan/18120002-	0.3333	0.2556	0.4045	0.2393	0.190	0.047	0.438	49.59	0.392	0.470	217	230	-0.345217	0.060870	
A/goose/Xinjiang/12.18_WL	0.3448	0.2644	0.3920	0.2375	0.184	0.019	0.418	51.42	0.394	0.467	213	225	-0.336000	0.062222	
A/goose/Xinjiang/12.18_WL	0.3448	0.2644	0.3920	0.2375	0.184	0.019	0.418	51.42	0.394	0.467	213	225	-0.336000	0.062222	
A/goose/Xinjiang/12.18_WL	0.3616	0.2429	0.4124	0.2195	0.200	0.070	0.454	54.13	0.366	0.448	216	230	-0.326522	0.069565	
A/goose/Xinjiang/12.18_WL	0.3616	0.2429	0.4124	0.2195	0.200	0.070	0.454	54.13	0.366	0.448	216	230	-0.326522	0.069565	
A/goose/Xinjiang/12.18_WL	0.3616	0.2429	0.4124	0.2195	0.200	0.070	0.454	54.13	0.366	0.448	216	230	-0.326522	0.069565	
A/goose/Xinjiang/12.18_WL	0.3616	0.2429	0.4124	0.2195	0.200	0.070	0.454	54.13	0.366	0.448	216	230	-0.326522	0.069565	
A/goose/Yangzhou/0420/201	0.3616	0.2373	0.4148	0.2284	0.198	0.071	0.454	52.52	0.366	0.449	216	230	-0.340435	0.069565	
A/goose/Yangzhou/YZ587/20	0.3448	0.2644	0.4091	0.2201	0.188	0.032	0.427	51.37	0.380	0.458	213	225	-0.305333	0.062222	
A/goose/Yunlin/15010005/2	0.3427	0.2472	0.4022	0.2410	0.183	-0.012	0.406	49.48	0.387	0.467	217	230	-0.402174	0.060870	
A/goose/Yunlin/15010009-1	0.3446	0.2486	0.4045	0.2364	0.182	-0.010	0.407	49.70	0.384	0.465	216	230	-0.412174	0.060870	
A/goose/Yunlin/15010010-2	0.3427	0.2472	0.4022	0.2410	0.183	-0.012	0.406	49.48	0.387	0.467	217	230	-0.402174	0.060870	
A/goose/Yunlin/15010011-1	0.3427	0.2472	0.4022	0.2410	0.183	-0.012	0.406	49.48	0.387	0.467	217	230	-0.402174	0.060870	
A/goose/Yunlin/15010029-1	0.3427	0.2472	0.4022	0.2410	0.183	-0.012	0.406	49.48	0.387	0.467	217	230	-0.402174	0.060870	
A/goose/Yunlin/15040040/2	0.3571	0.2473	0.4208	0.2096	0.188	0.038	0.437	51.31	0.360	0.451	222	237	-0.375527	0.059072	
A/goose/Yunlin/16020008-4	0.3352	0.2514	0.3956	0.2440	0.179	0.004	0.413	50.61	0.394	0.470	218	230	-0.308261	0.060870	
A/goose/Yunlin/16020011-1	0.3371	0.2528	0.3978	0.2395	0.178	-0.002	0.410	50.90	0.392	0.467	217	230	-0.320000	0.060870	
A/goose/Yunlin/16040002-2	0.3352	0.2514	0.3956	0.2440	0.179	0.004	0.413	50.61	0.394	0.470	218	230	-0.308261	0.060870	
A/goose/Yunlin/17100005/2	0.3371	0.2528	0.4111	0.2275	0.181	0.005	0.415	50.92	0.382	0.465	217	230	-0.365217	0.060870	
A/goose/Yunlin/18030020-2	0.3409	0.2500	0.3956	0.2440	0.187	0.020	0.424	52.68	0.392	0.462	217	230	-0.390435	0.060870	
A/goose/Yunlin/18030020-3	0.3409	0.2500	0.3978	0.2455	0.186	0.010	0.419	50.90	0.392	0.461	217	230	-0.384783	0.060870	
A/goose/Yunlin/18040002-3	0.3408	0.2514	0.3846	0.2426	0.185	0.003	0.415	49.53	0.396	0.475	217	230	-0.374348	0.060870	
A/goose/Yunlin/18040018-2	0.3371	0.2528	0.4000	0.2395	0.185	-0.004	0.410	48.79	0.392	0.471	217	230	-0.376522	0.060870	
A/goose/Yunlin/18090002-3	0.3427	0.2528	0.4000	0.2335	0.185	-0.002	0.410	48.69	0.387	0.468	217	230	-0.376956	0.060870	
A/goose/Yunlin/18090006-1	0.3315	0.2584	0.3944	0.2455	0.188	0.022	0.424	49.80	0.401	0.470	217	230	-0.415652	0.060870	
A/goose/Yunlin/18110002-3	0.3352	0.2570	0.4045	0.2393	0.194	0.057	0.442	49.89	0.392	0.467	217	230	-0.348261	0.060870	
A/goose/Yunnan/3798/2006_	0.3295	0.2775	0.4023	0.2342	0.193	0.065	0.448	50.76	0.401	0.464	212	225	-0.350667	0.062222	
A/goose/Yunnan/4371/2006_	0.3333	0.2807	0.3931	0.2342	0.202	0.086	0.462	51.10	0.405	0.467	210	225	-0.358667	0.062222	
A/goose/Yunnan/4389/2006_	0.3333	0.2807	0.3931	0.2342	0.202	0.086	0.462	51.10	0.405	0.467	210	225	-0.358667	0.062222	
A/goose/Yunnan/4985/2006_	0.3333	0.2807	0.3931	0.2342	0.201	0.080	0.457	50.62	0.405	0.465	210	225	-0.348000	0.062222	
A/goose/Yunnan/5141/2006_	0.3295	0.2775	0.4080	0.2293	0.196	0.078	0.458	50.13	0.396	0.459	212	225	-0.371111	0.062222	
A/goose/Yunnan/5769/2006_	0.3391	0.2701	0.3837	0.2548	0.189	0.016	0.420	49.65	0.410	0.465	212	225	-0.353778	0.066667	
A/goose/Yunnan/5979/2006_	0.3333	0.2759	0.3815	0.2532	0.191	0.032	0.429	49.61	0.415	0.468	212	225	-0.340000	0.066667	
A/goose/Yunnan/6193/2006_	0.3295	0.2775	0.4023	0.2327	0.193	0.074	0.453	51.11	0.401	0.465	212	225	-0.353333	0.062222	
A/goose/Zhejiang/1120132/	0.3563	0.2644	0.3977	0.2188	0.186	0.035	0.427	50.67	0.380	0.461	213	225	-0.312000	0.062222	
A/goose/Zhejiang/112071/2	0.3333	0.2759	0.3977	0.2298	0.185	0.034	0.427	50.82	0.399	0.468	213	225	-0.360000	0.062222	
A/goose/Zhejiang/112080/2	0.3563	0.2586	0.4034	0.2188	0.184	0.027	0.423	50.67	0.376	0.459	213	225	-0.312000	0.062222	
A/goose/Zhejiang/727092/2	0.3391	0.2701	0.3977	0.2327	0.189	0.050	0.437	50.51	0.394	0.465	213	225	-0.337333	0.057778	
A/goose/Zhejiang/727098/2	0.3430	0.2733	0.3886	0.2360	0.192	0.049	0.439	52.57	0.401	0.465	212	225	-0.401778	0.062222	
A/goose/Zhejiang/727110/2	0.3391	0.2759	0.3977	0.2264	0.185	0.042	0.432	50.31	0.394	0.465	213	225	-0.337333	0.057778	
A/goose/Zhejiang/77166/20	0.3506	0.2586	0.4034	0.2250	0.181	0.019	0.418	50.33	0.380	0.462	213	225	-0.310222	0.062222	
A/goose/Zhejiang/77167/20	0.3506	0.2586	0.4034	0.2250	0.181	0.019	0.418	50.33	0.380	0.462	213	225	-0.310222	0.062222	
A/goose/Zhejiang/77168/20	0.3448	0.2644	0.4034	0.2250	0.179	0.011	0.413	50.45	0.385	0.464	213	225	-0.310222	0.062222	
A/goose/Zhejiang/925036/2	0.3448	0.2644	0.4034	0.2250	0.187	0.034	0.427	49.92	0.385	0.465	213	225	-0.292444	0.062222	
A/goose/Zhejiang/925037/2	0.3672	0.2260	0.4190	0.2242	0.191	0.043	0.438	51.81	0.355	0.449	217	230	-0.364783	0.069565	
A/goose/Zhejiang/925104/2	0.3672	0.2316	0.4134	0.2242	0.193	0.050	0.442	52.67	0.359	0.451	217	230	-0.364783	0.069565	
A/goose/Zhejiang/925105/2	0.3563	0.2586	0.4091	0.2125	0.181	0.028	0.423	51.29	0.371	0.458	213	225	-0.276445	0.057778	
A/goose/Zhejiang/925106/2	0.3672	0.2316	0.4157	0.2242	0.193	0.049	0.442	51.43	0.359	0.451	217	230	-0.374783	0.069565	
A/goose/Zhejiang/925108/2	0.3563	0.2586	0.4114	0.2138	0.183	0.026	0.423	51.68	0.371	0.456	213	225	-0.280889	0.062222	
A/great_black-headed_gull	0.3333	0.2759	0.3931	0.2298	0.193	0.052	0.441	51.61	0.403	0.468	211	225	-0.364000	0.062222	
A/great_crested-grebe/Qin	0.3410	0.2717	0.3988	0.2250	0.197	0.069	0.450	51.63	0.393	0.462	211	225	-0.364000	0.062222	
A/great_egret/Hong_Kong/8	0.3391	0.2701	0.4023	0.2264	0.192	0.059	0.443	49.99	0.392	0.464	212	225	-0.352889	0.062222	
A/great_tit/Panjing/PJ-66	0.3276	0.2816	0.3908	0.2360	0.185	0.027	0.425	53.40	0.410	0.468	212	225	-0.379111	0.062222	
A/green-winged_teal/Xiang	0.3390	0.2599	0.4134	0.2256	0.189	0.023	0.424	51.25	0.382	0.462	217	230	-0.397391	0.060870	
A/grey_heron/Hong_Kong/10	0.3333	0.2759	0.3966	0.2327	0.192	0.059	0.443	50.11	0.401	0.467	212	225	-0.352889	0.062222	
A/grey_heron/Hong_Kong/30	0.3333	0.2759	0.4023	0.2264	0.193	0.067	0.448	50.03	0.396	0.465	212	225	-0.352889	0.062222	
A/heron/Kaohsiung/15WB328	0.3483	0.2416	0.4302	0.2134	0.187	0.040	0.433	46.91	0.359	0.457	217	230	-0.360435	0.060870	
A/heron/Yilan/17DB0001/20	0.3352	0.2514	0.4000	0.2395	0.182	0.003	0.415	51.51	0.392	0.471	217	230	-0.422609	0.060870	
A/hill_myna/Heilongjiang/	0.3391	0.2701	0.4000	0.2313	0.190	0.042	0.432	48.64	0.394	0.467	213	225	-0.347111	0.062222	
A/lesser_kestrel/Heilongj	0.3333	0.2759	0.3966	0.2313	0.195	0.055	0.443	48.40	0.401	0.465	212	225	-0.377333	0.062222	
A/lion/Hubei/1-2/2016_H5N	0.3295	0.2832	0.3757	0.2532	0.195	0.055	0.441	52.41	0.422	0.467	211	225	-0.341333	0.062222	
A/little_egret/Hong_Kong/	0.3333	0.2759	0.4023	0.2264	0.196	0.079	0.458	50.41	0.396	0.464	212	225	-0.361778	0.062222	
A/little_grebe/Xianghai/4	0.3488	0.2500	0.4172	0.2215	0.188	-0.006	0.407	51.95	0.373	0.459	204	217	-0.250691	0.069124	
A/magpie_robin/Hong_Kong/	0.3333	0.2759	0.4023	0.2264	0.193	0.067	0.448	50.03	0.396	0.465	212	225	-0.352889	0.062222	
A/magpie_robin/Hong_Kong/	0.3314	0.2743	0.4000	0.2313	0.195	0.073	0.451	50.14	0.399	0.467	213	225	-0.344444	0.062222	
A/mallard/Shanghai/SH-9/2	0.3693	0.2330	0.4124	0.2284	0.200	0.059	0.449	50.41	0.361	0.446	216	230	-0.359131	0.069565	
A/meerkat/Shanghai/SH-1/2	0.3333	0.2759	0.3943	0.2375	0.190	0.050	0.437	49.03	0.404	0.470	213	225	-0.345333	0.062222	
A/migratory_waterfowl/Hub	0.3506	0.2586	0.4034	0.2250	0.181	0.019	0.418	50.33	0.380	0.462	213	225	-0.310222	0.062222	
A/migratory_waterfowl/Hub	0.3506	0.2586	0.4034	0.2250	0.181	0.019	0.418	50.33	0.380	0.462	213	225	-0.310222	0.062222	
A/mink/China/181/2019_H5N	0.3391	0.2701	0.4205	0.2050	0.184	0.034	0.427	51.47	0.376	0.462	213	225	-0.292444	0.062222	
A/mink/China/183/2019_H5N	0.3391	0.2644	0.4068	0.2222	0.190	0.049	0.437	52.54	0.385	0.467	213	225	-0.318222	0.062222	
A/mink/China/191/2019_H5N	0.3371	0.2629	0.4068	0.2222	0.186	0.050	0.437	52.65	0.385	0.468	213	225	-0.320889	0.062222	
A/mink/China/456/2018_H5N	0.3506	0.2586	0.4034	0.2250	0.185	0.027	0.423	51.13	0.380	0.462	213	225	-0.309333	0.062222	
A/mink/China/G/2015_H5N1|	0.3410	0.2775	0.4148	0.2037	0.198	0.065	0.446	50.27	0.380	0.462	213	225	-0.330222	0.062222	
A/mink/China/XB/2015_H5N1	0.3353	0.2775	0.3757	0.2516	0.195	0.053	0.441	52.26	0.417	0.467	211	225	-0.364444	0.062222	
A/mink/Eastern_China/006/	0.3523	0.2557	0.4171	0.2222	0.195	0.048	0.444	53.91	0.375	0.449	216	230	-0.368696	0.078261	
A/mink/Eastern_China/0712	0.3372	0.2733	0.3988	0.2222	0.151	-0.069	0.364	56.24	0.393	0.452	206	219	-0.275342	0.073059	
A/mink/Eastern_China/149/	0.3391	0.2701	0.4068	0.2160	0.194	0.075	0.451	51.75	0.385	0.467	213	225	-0.298222	0.062222	
A/mink/Eastern_China/528/	0.3523	0.2557	0.4148	0.2209	0.194	0.050	0.444	53.53	0.375	0.451	216	230	-0.364348	0.073913	
A/mink/Eastern_China/571/	0.3486	0.2571	0.4148	0.2112	0.187	0.043	0.432	50.79	0.371	0.462	213	225	-0.298222	0.062222	
A/mink/Northern_China/110	0.3616	0.2429	0.4114	0.2284	0.198	0.059	0.449	54.00	0.370	0.449	216	230	-0.363913	0.078261	
A/night_heron/Taiwan/A289	0.3446	0.2486	0.4000	0.2395	0.186	-0.005	0.410	49.79	0.387	0.467	217	230	-0.384348	0.060870	
A/oriental_magpie_robin/H	0.3547	0.2442	0.4364	0.2067	0.170	-0.063	0.379	50.20	0.354	0.442	206	217	-0.373733	0.073733	
A/ostrich/Suzhou/097/2003	0.3353	0.2775	0.3943	0.2342	0.188	0.041	0.434	51.66	0.401	0.467	212	225	-0.381333	0.057778	
A/parrot/Guangdong/258/20	0.3146	0.2865	0.4046	0.2450	0.146	-0.071	0.369	55.58	0.411	0.449	214	230	-0.310000	0.060870	
A/parrot/Guangdong/C99/20	0.3295	0.2775	0.4023	0.2327	0.188	0.039	0.434	50.95	0.401	0.467	212	225	-0.362667	0.062222	
A/partridge/Shantou/2886/	0.3396	0.2453	0.4012	0.2397	0.174	0.021	0.420	51.66	0.383	0.464	193	204	-0.331373	0.049020	
A/peacock/Yunnan/1/2015_H	0.3410	0.2717	0.3779	0.2532	0.193	0.045	0.436	51.81	0.412	0.465	211	225	-0.376444	0.062222	
A/peacock/Yunnan/3/2015_H	0.3410	0.2717	0.3779	0.2532	0.193	0.045	0.436	51.81	0.412	0.465	211	225	-0.376444	0.062222	
A/peregrine_falcon/Hong_K	0.3333	0.2701	0.3908	0.2453	0.191	0.071	0.453	50.80	0.406	0.468	212	225	-0.360000	0.062222	
A/pheasant/Shantou/3535/2	0.3353	0.2659	0.3931	0.2532	0.184	0.015	0.420	52.31	0.406	0.468	212	225	-0.402222	0.062222	
A/pheasant/Shantou/4567/2	0.3237	0.2832	0.4046	0.2357	0.188	0.041	0.434	50.16	0.406	0.465	212	225	-0.353333	0.062222	
A/pied_megpie/Liaoning/7/	0.3353	0.2717	0.4046	0.2372	0.180	-0.006	0.406	49.90	0.396	0.458	212	225	-0.360889	0.062222	
A/pigeon/Fujian/1.17_FZHX	0.3222	0.2778	0.4389	0.1879	0.193	0.061	0.445	47.79	0.372	0.461	218	230	-0.311739	0.060870	
A/pigeon/Hainan/1.14_HKPL	0.3391	0.2701	0.4045	0.2147	0.188	0.051	0.437	51.74	0.385	0.468	213	225	-0.286222	0.062222	
A/pigeon/Hubei/RP25/2012_	0.3143	0.2743	0.4080	0.2390	0.183	0.072	0.453	51.85	0.406	0.468	212	225	-0.386222	0.062222	
A/pigeon/Sichuan/NCXN29/2	0.3486	0.2629	0.3898	0.2346	0.191	0.042	0.430	52.28	0.393	0.467	214	225	-0.303111	0.062222	
A/pigeon/Zhejiang/112089/	0.3333	0.2759	0.3977	0.2298	0.185	0.034	0.427	50.82	0.399	0.468	213	225	-0.360000	0.062222	
A/pigeon/Zhejiang/112090/	0.3391	0.2701	0.4023	0.2327	0.188	0.034	0.427	48.51	0.394	0.464	213	225	-0.370222	0.062222	
A/pigeon/Zhejiang/727097/	0.3450	0.2749	0.3851	0.2375	0.192	0.053	0.441	53.29	0.403	0.465	211	225	-0.390222	0.062222	
A/plateau_pika/Qinghai/04	0.3391	0.2529	0.4217	0.2267	0.173	-0.030	0.391	48.94	0.377	0.455	207	217	-0.342396	0.069124	
A/quail/Guangxi/11/2002_H	0.3237	0.2775	0.3953	0.2532	0.184	0.024	0.425	52.01	0.415	0.470	212	225	-0.416000	0.062222	
A/quail/Guangxi/12/2002_H	0.3198	0.2849	0.3931	0.2516	0.184	0.017	0.420	52.81	0.420	0.471	212	225	-0.408889	0.057778	
A/quail/Guangxi/13/2002_H	0.3218	0.2759	0.4012	0.2468	0.183	0.039	0.434	52.18	0.410	0.470	212	225	-0.403556	0.062222	
A/quail/Jiangsu/k0104/201	0.3353	0.2775	0.3837	0.2500	0.187	0.002	0.408	53.00	0.412	0.468	211	225	-0.328444	0.066667	
A/quail/Nanchang/6631/201	0.3391	0.2701	0.4091	0.2188	0.183	0.027	0.423	51.77	0.385	0.464	213	225	-0.310222	0.062222	
A/shrike/Tibet/13/2006_H5	0.3468	0.2717	0.3851	0.2390	0.202	0.055	0.443	48.84	0.401	0.464	212	225	-0.351556	0.062222	
A/silkie_chicken/Dongguan	0.3391	0.2701	0.3977	0.2313	0.184	0.035	0.427	50.94	0.394	0.465	213	225	-0.312444	0.062222	
A/silky_chicken/Shantou/4	0.3333	0.2701	0.4000	0.2375	0.189	0.037	0.432	49.38	0.399	0.465	213	225	-0.352444	0.062222	
A/spot-billed_duck/Ningxi	0.3626	0.2515	0.3988	0.2349	0.196	0.037	0.434	52.14	0.380	0.450	205	217	-0.314286	0.073733	
A/spot-billed_duck/Ningxi	0.3706	0.2529	0.4012	0.2230	0.197	0.039	0.436	50.67	0.373	0.447	204	217	-0.323042	0.073733	
A/spot-billed_duck/Ningxi	0.3706	0.2529	0.4012	0.2230	0.197	0.039	0.436	50.67	0.373	0.447	204	217	-0.323042	0.073733	
A/spot-billed_duck/Xiangh	0.3371	0.2528	0.4022	0.2439	0.186	0.047	0.438	49.59	0.392	0.467	217	230	-0.360435	0.060870	
A/swan_goose/Jilin/JL01/2	0.3563	0.2586	0.4034	0.2188	0.182	0.027	0.423	50.67	0.376	0.459	213	225	-0.312000	0.062222	
A/swan/China/ST/2016_H5N8	0.3616	0.2429	0.4114	0.2284	0.198	0.065	0.454	55.05	0.370	0.451	216	230	-0.360435	0.078261	
A/swan/Shandong/W3762/202	0.3672	0.2373	0.4045	0.2331	0.189	0.031	0.433	53.62	0.369	0.451	217	230	-0.305217	0.069565	
A/swan/Shanghai/10/2009_H	0.3314	0.2686	0.4000	0.2313	0.178	0.037	0.429	50.00	0.396	0.465	212	225	-0.347556	0.057778	
A/swine/China/RZ/2018_H5N	0.3448	0.2701	0.4068	0.2099	0.190	0.051	0.437	51.06	0.380	0.465	213	225	-0.309778	0.062222	
A/swine/Guangdong/1/2014_	0.3391	0.2701	0.3920	0.2375	0.184	0.037	0.427	51.08	0.399	0.470	213	225	-0.314222	0.062222	
A/swine/Guangdong/2/2014_	0.3506	0.2586	0.3920	0.2375	0.186	0.037	0.427	50.60	0.390	0.467	213	225	-0.314222	0.062222	
A/swine/Guangxi/592/2011_	0.3391	0.2759	0.4057	0.2174	0.193	0.049	0.437	49.62	0.390	0.464	213	225	-0.345778	0.066667	
A/swine/Jiangsu/1/2008_H5	0.3314	0.2791	0.4128	0.2293	0.188	0.042	0.439	51.46	0.396	0.456	212	225	-0.317778	0.066667	
A/swine/Jiangsu/2/2009_H5	0.3353	0.2775	0.3918	0.2500	0.196	0.041	0.434	51.07	0.410	0.459	212	225	-0.356889	0.062222	
A/swine/Shandong/SD1/2014	0.3353	0.2659	0.3953	0.2548	0.187	0.031	0.429	52.42	0.406	0.467	212	225	-0.403555	0.062222	
A/swine/Zhejiang/SW57/201	0.3430	0.2733	0.3886	0.2360	0.192	0.049	0.439	52.57	0.401	0.465	212	225	-0.401778	0.062222	
A/thrush/Taipei_City/1512	0.3352	0.2514	0.4000	0.2410	0.173	-0.009	0.406	51.29	0.392	0.465	217	230	-0.307391	0.060870	
A/thrush/Taiwan/A234/2015	0.3427	0.2472	0.4056	0.2335	0.184	0.004	0.415	49.59	0.382	0.467	217	230	-0.388696	0.060870	
A/tiger/Yunnan/tig1404/20	0.3371	0.2686	0.3977	0.2313	0.183	0.027	0.423	51.02	0.394	0.468	213	225	-0.296889	0.062222	
A/tiger/Yunnan/tig1412/20	0.3391	0.2701	0.4034	0.2264	0.181	0.020	0.418	51.54	0.390	0.464	213	225	-0.287111	0.062222	
A/tiger/Yunnan/tig1508/20	0.3372	0.2791	0.3815	0.2453	0.202	0.068	0.450	52.69	0.412	0.465	211	225	-0.361778	0.062222	
A/turkey/Changhua/1601001	0.3371	0.2528	0.3978	0.2395	0.178	-0.002	0.410	50.96	0.392	0.468	217	230	-0.318261	0.060870	
A/turkey/Chiayi/17020092-	0.3464	0.2458	0.3989	0.2410	0.181	0.008	0.415	52.14	0.387	0.465	217	230	-0.425217	0.060870	
A/turkey/Chiayi/18010013-	0.3315	0.2584	0.4000	0.2395	0.186	0.004	0.415	49.52	0.396	0.470	217	230	-0.388696	0.060870	
A/turkey/Yunlin/15060049-	0.3427	0.2472	0.4022	0.2410	0.182	-0.012	0.406	49.61	0.387	0.465	217	230	-0.403913	0.060870	
A/turkey/Yunlin/18020020-	0.3333	0.2599	0.3978	0.2381	0.191	0.010	0.419	49.99	0.396	0.470	217	230	-0.372174	0.060870	
A/turkey/Yunlin/18110001-	0.3371	0.2528	0.4033	0.2321	0.179	-0.010	0.406	49.04	0.387	0.465	217	230	-0.375652	0.060870	
A/turkey/Yunlin/18120005-	0.3296	0.2626	0.4045	0.2393	0.194	0.057	0.442	50.33	0.396	0.468	217	230	-0.348261	0.060870	
A/turtle_dove/Guangdong/3	0.3372	0.2849	0.3908	0.2327	0.204	0.071	0.453	49.00	0.406	0.464	212	225	-0.365333	0.062222	
A/turtledove/Wuhan/HKBJ43	0.3410	0.2717	0.3864	0.2437	0.192	0.040	0.432	51.14	0.404	0.470	213	225	-0.370667	0.062222	
A/turtledove/Wuhan/WHBJ12	0.3410	0.2717	0.3864	0.2437	0.192	0.040	0.432	51.14	0.404	0.470	213	225	-0.370667	0.062222	
A/turtledove/Wuhan/WHBJ28	0.3410	0.2717	0.3886	0.2390	0.192	0.044	0.434	50.92	0.401	0.470	212	225	-0.344889	0.062222	
A/waterfowl/Hong_Kong/378	0.3237	0.2775	0.3953	0.2532	0.182	0.024	0.425	52.65	0.415	0.473	212	225	-0.416000	0.062222	
A/white-naped_crane/China	0.3314	0.2743	0.3977	0.2327	0.184	0.047	0.437	53.41	0.399	0.465	213	225	-0.284889	0.062222	
A/whooper_swan/Shanxi/RC0	0.3616	0.2429	0.4171	0.2222	0.199	0.065	0.454	54.20	0.366	0.449	216	230	-0.360435	0.078261	
A/wild_bird/Eastern_China	0.3503	0.2429	0.3833	0.2606	0.183	0.008	0.415	50.24	0.396	0.468	217	230	-0.360435	0.060870	
A/wild_bird/Eastern_China	0.3559	0.2373	0.3833	0.2606	0.183	0.008	0.415	49.71	0.392	0.467	217	230	-0.360435	0.060870	
A/wild_bird/Eastern_China	0.3503	0.2429	0.3833	0.2606	0.183	0.008	0.415	50.24	0.396	0.468	217	230	-0.360435	0.060870	
A/wild_bird/Taipei/04WB12	0.3559	0.2542	0.4080	0.2288	0.137	-0.122	0.341	55.74	0.374	0.443	214	230	-0.338261	0.060870	
A/wild_duck/Fujian/1/2011	0.3391	0.2701	0.4091	0.2188	0.186	0.027	0.423	49.56	0.385	0.462	213	225	-0.321333	0.062222	
A/wild_duck/Fujian/2/2011	0.3391	0.2701	0.4091	0.2188	0.186	0.027	0.423	49.56	0.385	0.462	213	225	-0.321333	0.062222	
A/wild_duck/Jilin/HF/2011	0.3353	0.2832	0.3943	0.2236	0.194	0.057	0.443	52.33	0.401	0.461	212	225	-0.350667	0.062222	
A/wild_duck/Jilin/ZF/2011	0.3353	0.2775	0.3988	0.2250	0.193	0.061	0.445	51.52	0.398	0.462	211	225	-0.375556	0.062222	
A/wild_duck/Liaoning/8/20	0.3353	0.2717	0.4046	0.2372	0.180	-0.006	0.406	50.06	0.396	0.456	212	225	-0.362667	0.062222	
A/wild_duck/Shandong/1/20	0.3179	0.2890	0.4118	0.2244	0.189	0.047	0.438	53.42	0.405	0.465	210	225	-0.326666	0.071111	
A/wild_duck/Shandong/2/20	0.3410	0.2775	0.4046	0.2112	0.193	0.061	0.445	50.20	0.389	0.462	211	225	-0.364000	0.062222	
A/wild_duck/Shandong/628/	0.3164	0.2768	0.4246	0.2195	0.200	0.054	0.447	49.72	0.392	0.458	217	230	-0.308696	0.060870	
A/wild_duck/Shandong/W358	0.3706	0.2471	0.3939	0.2237	0.185	0.022	0.422	52.86	0.373	0.458	204	217	-0.320276	0.073733	
A/wild_pigeon/Jilin/CC01/	0.3391	0.2701	0.3977	0.2313	0.188	0.043	0.432	51.00	0.394	0.467	213	225	-0.310667	0.062222	
A/Eurasian_Wigeon/Ningxia	0.3448	0.2644	0.3864	0.2422	0.184	0.018	0.418	51.94	0.399	0.470	213	225	-0.333778	0.062222	
