1_A/Indonesia/5/2005 4	3	1	2	3	0	4	1	0	6	0	1	2	0	0	1	5	2	4	1	7	2	1	1	5	3	0	3	7	1	15	1	3	6	8	5	6	5	5	2	2	4	6	5	14	4	7	6	3	8	6	3	4	7	0	2	1	7	7	9	7	3	10	2	
2_A/Hong_Kong/483/1997 3	1	0	2	3	2	5	1	1	4	0	1	1	0	0	1	6	2	3	1	6	2	2	0	7	4	3	3	5	0	13	3	4	6	4	7	5	5	6	2	1	6	4	4	15	3	9	6	4	7	5	3	3	8	2	2	2	9	8	6	6	3	8	5	
3_A/Hong_Kong/482/97 3	1	0	2	3	2	5	1	1	4	0	1	1	0	0	1	6	2	3	1	6	2	2	0	8	4	4	3	4	0	11	3	4	6	5	7	4	5	5	2	1	6	4	4	15	3	9	6	4	7	5	3	4	8	2	2	2	9	8	6	6	3	9	5	
4_A/Chicken/HongKong/F 4	3	1	2	3	0	4	1	0	5	0	1	2	0	0	1	5	2	4	1	7	2	1	1	6	3	0	2	6	1	15	2	3	5	8	5	5	7	5	2	2	5	4	7	14	3	8	5	2	8	6	3	5	7	0	2	0	8	7	8	7	3	10	4	
5_A/Chicken/HongKong/Y 3	2	0	3	3	1	5	0	2	3	0	1	3	1	0	1	5	2	4	1	8	2	1	0	5	3	1	3	5	1	14	1	3	6	7	6	4	6	5	3	2	5	4	7	14	3	7	5	3	7	6	3	5	9	0	2	0	9	7	7	8	2	10	4	
6_A/Chicken/HongKong/Y 4	3	1	2	3	0	4	1	0	5	0	1	3	0	0	1	5	2	4	1	7	2	1	1	7	3	0	2	5	1	15	2	2	6	8	5	6	6	5	2	2	5	4	7	13	3	8	5	2	8	6	3	5	7	0	2	0	8	7	8	8	3	10	3	
7_A/Pheasant/Hong_Kong 4	3	1	2	3	0	4	1	1	4	0	1	1	1	0	1	5	2	4	1	7	2	1	1	6	3	2	3	6	1	13	1	3	5	7	6	5	7	5	2	2	5	5	6	14	3	8	5	3	6	6	4	4	8	0	2	0	8	7	8	8	3	10	3	
8_A/Hong_Kong/486/97 3	1	0	2	3	2	5	1	1	4	0	1	1	0	0	1	6	2	3	1	6	2	2	0	8	4	4	3	4	0	11	3	4	6	5	7	4	5	5	2	1	6	4	4	15	3	9	6	4	7	5	3	4	8	2	2	2	9	8	6	6	3	9	5	
9_A/Thailand/16/2004 4	3	1	2	3	0	4	1	0	5	0	1	2	0	0	1	5	2	4	1	7	2	1	1	6	3	0	3	6	1	15	1	3	6	8	5	7	5	5	2	2	4	5	8	14	4	8	3	2	8	6	3	4	7	0	2	1	9	6	8	7	2	11	3	
10_A/Hong_Kong/538/97 3	1	0	2	3	2	5	1	1	4	0	1	1	0	0	1	6	2	3	1	6	2	2	0	8	4	4	3	4	0	12	3	4	6	5	7	4	5	5	2	1	6	4	4	15	3	9	6	4	7	5	3	4	8	2	2	2	9	8	6	6	3	8	5	
11_A/chicken/Indonesia/ 4	3	1	2	3	0	4	1	0	5	0	1	2	0	0	1	5	2	4	1	7	2	1	1	6	3	0	3	6	1	15	1	3	6	8	5	6	5	5	2	2	4	5	5	14	4	8	6	2	8	6	2	5	7	0	3	1	8	7	7	7	3	10	4	
12_A/chicken/Korea/ES/0 3	3	1	2	4	0	4	1	2	5	0	1	2	0	0	1	5	2	4	1	7	2	1	1	4	3	0	3	6	1	15	1	4	6	8	5	5	5	5	2	2	4	5	7	14	4	8	4	2	8	6	3	5	7	0	2	1	9	6	8	7	2	11	3	
13_A/Hong_Kong/156/97 3	1	0	2	3	2	5	1	1	4	0	1	1	0	0	1	6	2	3	1	6	2	2	0	8	4	4	3	4	0	11	3	4	6	4	7	5	5	6	2	1	6	4	5	15	3	9	5	4	7	5	3	3	8	2	2	2	9	7	6	6	3	10	5	
14_A/whooper_swan/Mongo 4	3	1	2	3	0	4	1	0	5	0	1	2	0	0	1	4	2	4	1	8	2	1	1	6	3	0	3	6	1	15	1	2	6	8	5	6	5	5	2	2	5	5	8	15	3	8	3	2	8	6	3	5	7	0	3	1	8	6	7	7	3	11	3	
15_A/Vietnam/UT3062/200 4	3	1	2	3	0	4	1	0	5	0	1	2	0	0	1	5	2	4	1	7	2	1	1	6	3	0	3	6	1	15	1	3	6	8	5	7	5	5	2	2	4	5	7	14	4	8	4	2	8	6	3	4	7	0	2	1	8	6	7	7	3	11	4	
16_A/Anas_crecca/Hubei/ 4	3	1	2	3	0	4	1	0	6	0	1	2	0	0	1	5	2	4	2	7	3	1	0	6	4	0	2	6	0	15	1	2	7	8	6	7	3	5	1	2	5	5	8	14	3	8	4	2	7	6	3	4	7	1	1	1	9	5	7	8	2	12	4	
17_A/Anas_crecca/Hubei/ 4	3	1	2	3	0	4	1	0	6	0	1	2	0	0	1	5	2	4	2	7	3	1	0	6	4	0	2	6	0	15	1	2	7	8	6	7	3	5	1	2	5	5	8	14	3	8	4	2	7	6	3	4	7	1	1	1	9	5	7	8	2	12	4	
18_A/Anas_platyrhynchos 3	2	0	3	3	1	5	0	0	3	0	1	5	2	0	1	5	2	4	1	7	2	1	1	5	3	5	2	6	1	10	2	3	3	4	8	4	10	6	1	3	3	5	7	12	3	6	6	3	9	5	3	5	8	2	2	0	8	8	6	8	2	9	5	
19_A/Anas_platyrhynchos 3	2	0	3	3	1	5	0	0	3	0	1	5	2	0	1	5	2	4	1	7	2	1	1	5	3	5	2	6	1	10	2	3	3	4	8	4	10	6	1	3	3	5	7	12	3	6	6	3	9	5	3	5	8	2	2	0	8	8	6	8	2	9	5	
20_A/Anhui/1/2005|EPI_I 4	3	1	2	3	0	4	1	0	5	0	1	2	0	0	1	5	2	4	1	7	2	1	1	6	3	0	3	6	1	15	1	3	5	8	4	6	6	5	3	2	4	5	6	14	4	8	5	2	8	6	3	5	7	0	2	1	8	7	7	7	3	10	4	
21_A/Anhui/1/2006|EPI_I 4	3	1	2	3	0	4	1	0	5	0	1	2	0	0	1	5	2	4	1	7	2	1	1	6	3	0	3	6	1	15	1	3	5	8	4	6	6	5	3	2	4	5	6	14	4	8	5	2	8	6	3	5	7	0	2	2	8	7	7	6	3	10	4	
22_A/Anhui/2/2005|EPI_I 4	3	1	2	3	0	4	1	0	5	0	1	2	0	0	1	5	2	4	1	7	2	1	1	6	3	0	3	6	1	15	1	3	5	8	4	6	6	5	3	2	4	5	6	14	4	8	5	2	8	6	3	5	7	0	2	1	8	7	7	7	3	10	4	
23_A/Anhui/2021-00011/2 4	3	1	2	3	0	4	1	0	5	0	1	2	0	0	1	5	2	4	1	7	2	1	0	6	4	0	2	6	0	15	3	3	7	10	6	6	4	3	1	2	6	5	10	14	2	8	1	2	7	5	3	4	8	1	2	1	8	5	10	8	3	12	1	
24_A/Anhui/33163/2016|E 4	1	0	2	2	2	5	1	1	4	0	1	3	0	0	1	5	2	3	2	7	2	2	0	6	4	5	2	4	0	10	2	5	7	4	6	3	3	8	2	2	7	3	6	14	2	9	5	4	9	4	3	4	7	3	1	3	8	9	6	4	4	8	7	
25_A/Anser_albifrons/Hu 4	2	0	3	3	1	5	0	1	4	0	1	1	1	0	1	5	2	3	1	7	2	2	1	5	3	2	2	7	1	13	2	3	4	4	7	4	9	6	2	2	3	6	7	14	4	5	6	3	7	5	3	5	8	2	2	1	6	8	5	8	4	9	6	
26_A/Anser_cygnoides/Ch 5	3	1	2	3	0	4	1	0	5	0	1	2	0	0	1	4	2	4	2	7	2	1	0	6	4	0	3	6	0	15	1	2	5	10	6	7	5	3	1	2	5	5	8	14	3	8	3	2	8	5	3	4	8	1	2	1	9	6	8	8	2	11	3	
27_A/Anser_cygnoides/Hu 4	2	0	3	3	1	5	0	2	4	0	1	3	1	0	1	4	2	4	1	7	2	1	1	4	3	2	2	7	1	13	2	3	4	4	8	4	9	6	1	3	4	5	8	12	3	6	5	3	9	5	3	5	7	2	2	0	7	8	5	8	3	9	6	
28_A/Anser_fabalis/Huna 4	3	1	2	3	0	4	1	0	6	0	1	2	0	0	1	5	2	4	2	7	2	1	0	6	3	0	2	6	1	15	1	2	7	8	6	7	4	5	1	2	5	5	8	14	3	8	4	2	7	6	3	4	7	0	2	1	9	5	8	8	2	12	3	
29_A/Anser_fabalis/Jiuj 3	2	0	3	3	1	5	0	0	3	0	1	5	2	0	1	5	2	4	1	7	2	1	1	5	3	5	2	6	1	10	2	3	3	4	8	4	10	6	1	3	3	5	7	12	3	6	6	3	9	5	3	5	8	2	2	0	8	8	6	8	2	9	5	
30_A/bar_headed_goose/T 3	2	0	3	3	1	5	0	0	4	0	1	4	1	0	1	5	2	4	1	7	2	1	1	5	3	4	2	7	1	11	2	3	3	4	8	4	10	6	1	3	3	5	8	12	3	6	5	3	8	5	3	5	8	2	2	0	8	8	7	8	3	9	4	
31_A/Bar-headed_Goose/Q 3	2	0	3	3	1	5	0	1	4	0	1	3	1	0	1	5	2	3	1	7	2	2	1	5	3	2	2	6	1	13	2	3	3	4	8	4	9	6	2	3	4	6	6	13	3	6	6	3	9	5	3	5	7	2	2	0	6	8	5	8	4	9	6	
32_A/Bar-headed_Goose/Q 3	2	0	3	3	1	5	0	1	4	0	1	3	1	0	1	5	2	3	1	7	2	2	1	4	3	2	2	6	1	13	2	3	3	4	8	4	10	6	1	4	4	6	6	13	3	6	6	3	9	5	3	5	7	2	2	0	6	8	5	8	4	9	6	
33_A/Bar-headed_Goose/Q 3	2	0	3	3	1	5	0	2	4	0	1	3	1	0	1	5	2	3	1	7	2	2	1	4	3	2	2	6	1	13	2	3	3	4	7	4	10	6	1	3	4	6	6	13	3	6	6	3	9	5	4	5	7	2	2	0	6	8	5	8	4	9	6	
34_A/Bar-headed_Goose/Q 3	2	0	3	4	1	5	0	1	4	0	1	3	1	0	1	6	2	3	1	6	2	2	1	4	3	2	2	6	1	13	2	4	3	4	7	3	10	6	1	3	4	6	6	13	3	6	6	4	9	5	4	4	7	2	2	0	6	8	5	8	4	9	6	
35_A/Bar-headed_Goose/Q 4	1	0	3	3	1	5	0	2	4	0	1	3	1	0	1	7	2	3	1	6	2	2	1	3	3	2	2	5	2	13	2	4	2	4	8	4	10	6	1	3	4	6	6	13	3	6	6	3	9	5	3	5	7	2	2	0	6	8	5	8	4	9	6	
36_A/Bar-headed_Goose/Q 3	2	0	3	3	1	5	0	1	4	0	1	3	1	0	1	5	2	3	1	7	2	2	1	5	3	2	2	6	1	13	2	3	3	4	7	4	10	6	1	3	4	6	6	13	3	6	6	3	9	5	4	5	7	2	2	0	6	8	5	8	4	9	6	
37_A/Bar-headed_Goose/Q 6	1	0	3	3	1	5	0	2	4	0	1	3	1	0	1	5	2	3	1	6	2	2	1	3	3	2	2	6	1	13	2	3	3	4	8	4	10	6	1	3	4	6	6	13	3	6	6	3	9	5	3	5	7	2	2	0	6	8	5	8	4	9	6	
38_A/Bar-headed_Goose/Q 3	2	0	3	3	1	5	0	1	4	0	1	3	1	0	1	5	2	3	1	7	2	2	1	6	3	1	2	5	1	14	2	3	3	4	7	4	10	6	1	3	4	6	6	13	3	6	6	3	9	5	4	5	7	2	2	0	6	8	5	8	4	9	6	
39_A/Bar-headed_Goose/Q 3	2	0	3	3	1	5	0	1	4	0	1	3	1	0	1	5	2	3	1	7	2	2	1	5	3	2	2	6	1	13	2	3	3	4	8	4	10	6	1	3	4	6	6	13	3	6	6	3	9	5	3	5	7	2	2	0	6	8	5	8	4	9	6	
40_A/Bar-headed_Goose/Q 3	2	0	3	4	1	5	0	1	4	0	1	3	1	0	1	6	2	3	1	6	2	2	1	4	3	2	2	6	1	13	2	3	3	4	8	3	10	6	1	4	4	6	6	13	3	6	6	3	9	5	3	5	7	2	2	0	6	8	5	8	4	9	6	
41_A/Bar-headed_Goose/Q 3	2	0	3	4	1	5	0	1	4	0	1	3	1	0	1	5	2	3	1	6	2	2	1	5	3	2	2	6	1	13	2	3	3	4	8	3	10	6	1	4	4	6	6	13	3	6	6	3	9	5	3	5	7	2	2	0	6	8	5	8	4	9	6	
42_A/Bar-headed_Goose/Q 4	2	0	3	3	1	5	0	1	4	0	1	3	1	0	1	5	2	3	1	6	2	2	1	5	3	2	2	6	1	13	2	4	3	4	8	2	10	6	1	4	4	6	6	13	3	6	6	3	9	5	3	5	7	2	2	0	6	7	6	8	4	9	6	
43_A/Bar-headed_Goose/Q 4	2	0	3	3	1	5	0	1	4	0	1	3	1	0	1	5	2	3	1	6	2	2	1	5	3	2	2	6	1	13	2	3	3	4	8	3	10	6	1	4	4	6	6	13	3	6	6	3	9	5	3	5	7	2	2	0	6	8	5	8	4	9	6	
44_A/Bar-headed_Goose/Q 4	2	0	3	3	1	5	0	1	4	0	1	3	1	0	1	5	2	3	1	6	2	2	1	5	3	2	2	6	1	13	2	3	3	4	8	3	10	6	1	4	4	6	6	13	3	6	6	3	9	5	3	5	7	2	2	0	6	8	5	8	4	9	6	
45_A/Bar-headed_Goose/Q 4	1	0	3	3	1	5	0	1	4	0	1	3	1	0	1	6	2	3	1	6	2	2	1	5	3	2	2	6	1	13	2	4	3	4	8	3	10	6	1	3	4	6	6	13	3	6	6	3	9	5	3	5	7	2	2	0	6	8	5	8	4	9	6	
46_A/Bar-headed_Goose/Q 4	1	0	3	3	1	5	0	1	4	0	1	3	1	0	1	5	2	3	1	7	2	2	1	5	3	2	2	6	1	13	2	4	3	4	7	3	10	6	1	4	4	6	6	13	3	6	6	3	9	5	3	5	7	2	2	0	6	8	5	8	4	9	6	
47_A/Bar-headed_Goose/Q 3	2	0	3	3	1	5	0	1	4	0	1	3	1	0	1	6	2	3	1	7	2	2	1	5	3	2	2	5	1	13	2	3	3	4	8	4	10	6	1	3	4	6	6	13	3	6	6	3	9	5	3	5	7	2	2	0	6	8	5	8	4	9	6	
48_A/Bar-headed_Goose/Q 3	2	0	3	3	1	5	0	1	4	0	1	3	1	0	1	5	2	3	1	7	2	2	1	6	3	2	2	5	1	13	2	3	3	4	8	4	10	6	1	3	4	6	6	13	3	6	6	3	9	5	3	5	7	2	2	0	6	8	5	8	4	9	6	
49_A/Bar-headed_Goose/Q 4	2	0	3	3	1	5	0	1	4	0	1	3	1	0	1	5	2	3	1	6	2	2	1	6	3	2	2	5	1	13	2	3	3	4	8	4	10	6	1	3	4	6	6	13	3	6	6	3	9	5	3	5	7	2	2	0	6	8	5	8	4	9	6	
50_A/Bar-headed_Goose/Q 3	2	0	3	4	1	5	0	1	4	0	1	3	1	0	1	5	2	3	1	6	2	2	1	5	3	2	2	6	1	13	2	3	3	4	8	4	10	6	1	3	4	6	6	13	3	6	6	3	9	5	3	5	7	2	2	0	6	8	5	8	4	9	6	
51_A/Bar-headed_Goose/Q 3	2	0	3	3	1	5	0	1	4	0	1	3	1	0	1	7	2	3	1	6	2	2	1	4	3	2	2	6	1	13	2	3	3	4	8	4	10	6	1	3	4	6	6	13	3	6	6	3	9	5	3	5	7	2	2	0	6	8	5	8	4	9	6	
52_A/Bar-headed_Goose/Q 4	3	0	3	3	1	5	0	1	4	0	1	3	1	0	1	6	1	3	1	6	2	2	1	4	3	2	2	6	1	13	2	3	3	4	8	4	10	6	1	3	4	6	6	13	3	6	6	3	9	5	3	5	7	2	2	0	6	8	5	8	4	9	6	
53_A/Bar-headed_Goose/Q 4	2	0	3	3	1	5	0	1	4	0	1	3	1	0	1	6	2	3	1	6	2	2	1	4	3	2	2	6	1	13	2	3	3	4	8	3	9	6	1	3	4	6	6	14	4	6	6	3	9	5	3	5	7	2	2	0	6	8	5	8	4	9	6	
54_A/Bar-headed_Goose/Q 3	2	0	3	3	1	5	0	1	4	0	1	3	1	0	1	5	2	4	1	6	2	1	1	5	3	2	2	7	1	13	2	3	3	4	8	5	9	6	2	2	4	5	8	13	3	6	5	3	10	5	3	5	7	2	2	2	6	7	5	6	3	10	6	
55_A/Bar-headed_Goose/Q 3	2	0	3	3	1	5	0	1	4	0	1	3	1	0	1	5	2	4	1	6	2	1	1	5	3	2	2	7	1	13	2	3	3	4	8	5	10	6	1	2	4	5	8	13	3	6	5	3	10	5	3	5	7	2	2	2	6	7	5	6	3	10	6	
56_A/Bar-headed_Goose/Q 4	1	0	3	3	1	5	0	1	4	0	1	3	1	0	1	7	2	4	1	5	2	1	1	4	3	2	2	7	1	13	2	3	3	4	7	5	10	6	1	2	4	5	8	13	3	6	5	4	10	5	4	4	7	2	2	2	6	7	5	6	3	10	6	
57_A/Bar-headed_Goose/Q 3	2	0	3	3	1	5	0	1	4	0	1	3	1	0	1	4	3	4	1	6	2	1	1	5	3	2	2	7	1	13	2	3	3	4	8	5	10	6	1	2	4	5	8	13	3	6	5	3	10	5	3	5	7	2	2	2	6	7	5	6	3	10	6	
58_A/Bar-headed_Goose/Q 7	1	0	3	3	1	5	0	2	4	0	1	3	1	0	1	4	2	4	1	5	2	1	1	4	3	2	2	7	1	13	2	3	3	4	8	4	10	6	1	2	4	5	8	13	3	6	5	4	10	5	3	3	7	2	2	2	6	7	5	7	3	10	6	
59_A/Bar-headed_Goose/Q 3	2	0	3	3	1	5	0	1	4	0	1	3	1	0	1	5	2	3	1	7	2	2	1	6	3	2	2	5	1	13	2	3	3	4	8	4	10	6	1	3	4	6	6	13	3	6	6	3	9	5	3	5	7	2	2	0	6	8	5	8	4	9	6	
60_A/Bar-headed_Goose/Q 3	2	0	3	3	1	5	0	1	4	0	1	3	1	0	1	5	2	3	1	7	2	2	1	5	3	2	2	6	1	13	2	3	3	4	8	4	10	6	1	3	4	6	6	13	3	6	6	3	9	5	3	5	7	2	2	0	6	8	5	8	4	9	6	
61_A/Bar-headed_Goose/Q 3	2	0	3	3	1	5	0	1	4	0	1	3	1	0	1	5	2	3	1	8	2	2	1	4	3	2	2	6	1	13	2	3	3	4	8	4	10	6	1	3	4	6	6	13	3	6	6	3	9	5	3	5	7	2	2	0	6	8	5	8	4	9	6	
62_A/Bar-headed_Goose/Q 3	2	0	3	3	1	5	0	1	4	0	1	3	1	0	1	5	2	3	1	7	2	2	1	5	3	2	2	6	1	13	2	3	3	4	8	4	10	6	1	3	4	6	6	13	3	6	6	3	9	5	3	5	7	2	2	0	6	8	5	8	4	9	6	
63_A/Bar-headed_Goose/Q 3	2	0	3	3	1	5	0	2	4	0	1	3	1	0	1	5	2	3	1	7	2	2	1	4	3	2	2	6	1	13	2	3	3	4	8	4	10	6	1	3	4	6	6	13	3	6	6	3	9	5	3	5	7	2	2	0	6	8	5	8	4	9	6	
64_A/Bar-headed_Goose/Q 3	2	0	3	3	1	5	0	1	4	0	1	3	1	0	1	6	2	3	1	6	2	2	1	6	3	2	2	5	1	13	2	4	3	4	7	4	10	6	1	3	4	6	6	13	3	6	6	3	9	5	3	5	7	2	2	0	6	8	5	8	4	9	6	
65_A/Bar-headed_Goose/Q 3	2	0	3	3	1	5	0	1	4	0	1	3	1	0	1	5	2	4	1	6	2	1	1	5	3	2	2	7	1	13	2	3	3	4	8	5	9	6	2	2	4	5	8	13	3	6	5	3	10	5	3	5	7	2	2	2	6	7	5	6	3	10	6	
66_A/Bar-headed_Goose/Q 3	2	0	3	3	1	5	0	1	4	0	1	3	1	0	1	4	2	3	2	7	2	2	1	6	3	2	2	5	1	13	2	3	3	4	8	5	9	6	1	3	4	6	6	13	2	6	6	3	9	5	3	5	7	2	2	0	6	8	5	8	5	9	6	
67_A/Bar-headed_Goose/Q 4	2	1	2	3	1	4	1	0	5	0	1	2	0	0	1	5	2	4	2	7	2	1	0	6	4	1	3	6	0	14	1	2	6	8	5	6	5	5	2	3	5	5	6	14	3	8	5	3	6	6	3	3	9	0	2	2	9	5	10	7	2	12	1	
68_A/Bar-headed_Goose/Q 3	2	0	3	3	1	5	0	1	4	0	1	3	1	0	1	5	2	3	1	7	2	2	1	5	3	2	3	6	1	13	2	3	3	4	8	5	9	6	1	3	4	6	6	13	3	6	6	3	9	5	4	4	7	2	2	0	6	8	5	8	4	8	6	
69_A/Bar-headed_Goose/Q 3	2	0	3	3	1	5	0	1	4	0	1	3	1	0	1	4	2	3	2	7	2	2	1	5	3	2	2	6	1	13	2	3	3	4	8	5	9	6	1	3	4	6	6	13	3	6	6	3	9	5	3	5	7	2	2	0	6	8	5	8	4	9	6	
70_A/Bar-headed_Goose/Q 3	2	0	3	3	1	5	0	1	4	0	1	3	1	0	1	4	2	3	2	7	2	2	1	6	3	2	2	5	1	13	2	3	3	4	8	5	9	6	1	3	4	6	6	13	3	6	6	3	9	5	3	5	7	2	2	0	6	8	5	8	4	9	6	
71_A/Bar-headed_Goose/Q 3	2	0	3	3	1	5	0	1	4	0	1	3	1	0	1	5	2	3	1	7	2	2	1	6	3	2	2	5	1	13	2	3	3	4	8	5	9	6	1	3	4	6	6	13	3	6	6	3	9	5	3	5	7	2	2	0	6	8	5	8	4	9	6	
72_A/Bar-headed_Goose/Q 3	2	0	3	3	1	5	0	1	4	0	1	3	1	0	1	5	2	3	1	7	2	2	1	6	3	2	2	5	1	13	2	3	3	4	8	4	10	6	1	3	4	6	6	12	3	6	6	3	9	5	3	5	7	2	2	0	6	8	5	9	4	9	6	
73_A/Bar-headed_Goose/Q 3	2	0	3	3	1	5	0	1	4	0	1	3	1	0	1	5	2	3	2	7	2	2	1	6	3	2	2	5	1	13	2	3	3	4	7	4	10	6	1	3	4	6	6	13	3	6	6	3	9	5	3	5	7	2	2	0	6	8	5	8	4	9	6	
74_A/Bar-headed_Goose/Q 3	2	0	3	3	1	5	0	1	4	0	1	3	1	0	1	4	2	3	2	7	2	2	1	6	3	2	2	5	1	13	2	3	3	4	7	5	9	6	1	3	4	6	6	13	2	6	6	3	9	5	4	5	7	2	2	0	6	8	5	8	5	9	6	
75_A/Bar-headed_Goose/Q 3	2	0	3	3	1	5	0	1	4	0	1	3	1	0	1	3	2	3	2	7	2	2	1	5	3	2	2	6	1	13	2	3	3	4	8	5	9	6	1	3	4	6	6	13	2	6	6	4	9	5	3	5	7	2	2	0	6	8	5	8	5	9	6	
76_A/Bar-headed_Goose/Q 3	2	0	3	3	1	5	0	1	4	0	1	3	1	0	1	4	2	3	2	7	2	2	1	5	3	2	2	6	1	13	2	3	3	4	8	5	9	6	1	3	4	6	6	13	2	6	6	3	9	5	3	5	7	2	2	0	6	8	5	8	5	9	6	
77_A/Bar-headed_Goose/Q 3	2	0	3	3	1	5	0	1	4	0	1	3	1	0	1	5	2	3	1	7	2	2	1	5	3	2	2	6	1	13	2	3	3	4	8	4	9	6	1	3	5	6	6	13	3	6	6	3	9	5	3	5	7	2	2	0	6	8	5	8	4	9	6	
78_A/Bar-headed_Goose/Q 3	2	0	3	3	1	5	0	1	4	0	1	3	1	0	1	5	2	3	1	7	2	2	1	5	3	2	2	6	1	13	2	3	3	4	8	4	10	6	1	3	4	6	6	13	3	6	6	3	9	5	3	5	7	2	2	0	6	8	5	8	4	9	6	
79_A/Bar-headed_Goose/Q 3	2	0	3	3	1	5	0	1	4	0	1	3	1	0	1	5	2	3	1	7	2	2	1	5	3	2	2	6	1	13	2	3	3	4	8	5	9	6	1	3	4	6	6	13	3	6	6	3	9	5	3	5	7	2	2	0	6	8	5	8	4	9	6	
80_A/Bar-headed_Goose/Q 3	2	0	3	3	1	5	0	1	4	0	1	3	1	0	1	4	2	3	1	7	2	2	1	6	3	2	2	5	1	13	2	3	3	4	7	4	10	6	1	3	4	6	6	13	3	6	6	4	9	5	4	5	7	2	2	0	6	8	5	8	4	9	6	
81_A/Bar-headed_Goose/Q 3	2	0	3	3	1	5	0	1	4	0	1	3	1	0	1	5	2	3	1	7	2	2	1	6	3	2	2	5	1	13	2	3	3	4	8	4	10	6	1	3	4	6	6	13	3	6	6	3	9	5	3	5	7	2	2	0	6	8	5	8	4	9	6	
82_A/Bar-headed_Goose/Q 3	1	0	3	3	2	5	0	1	4	0	1	3	1	0	1	4	2	3	2	7	2	2	1	5	3	2	2	6	1	13	2	3	3	4	8	5	9	6	1	3	4	6	6	13	3	6	6	3	9	5	3	5	7	2	2	0	6	8	5	8	4	9	6	
83_A/Bar-headed_Goose/Q 3	1	0	3	3	2	5	0	1	4	0	1	3	1	0	1	4	2	3	2	7	2	2	1	5	3	2	2	6	1	13	2	3	3	4	8	5	9	6	1	3	4	6	6	13	3	6	6	3	9	5	3	5	7	2	2	0	6	8	5	8	4	9	6	
84_A/Bar-headed_Goose/Q 3	2	0	3	3	1	5	0	1	4	0	1	3	1	0	1	5	2	3	1	7	2	2	1	5	3	2	2	6	1	13	2	3	3	4	8	4	10	6	1	3	4	6	6	13	3	6	6	3	9	5	3	4	7	2	2	1	6	8	5	8	4	9	6	
85_A/Bar-headed_Goose/Q 3	2	0	3	3	1	5	0	1	4	0	1	3	1	0	1	4	2	3	2	7	2	2	1	5	3	2	2	6	1	13	2	3	3	4	8	4	9	6	2	3	4	6	6	13	3	6	6	3	9	5	3	5	7	2	2	0	6	8	5	8	4	9	6	
86_A/Bar-headed_Goose/Q 3	2	0	3	3	1	5	0	1	4	0	1	3	1	0	1	4	2	3	2	7	2	2	1	5	3	2	2	6	1	13	2	3	3	4	8	4	9	6	2	3	4	6	6	13	3	6	6	3	9	5	3	5	7	2	2	0	6	8	5	8	4	9	6	
87_A/Bar-headed_Goose/Q 3	2	0	3	3	1	5	0	1	4	0	1	3	1	0	1	5	2	3	1	7	2	2	1	5	3	2	2	6	1	13	2	3	3	4	8	4	10	6	1	3	4	6	6	13	3	6	6	3	9	5	3	5	7	2	2	0	6	8	5	8	4	9	6	
88_A/Bar-headed_Goose/Q 3	2	0	2	3	1	5	1	1	4	0	1	3	1	0	1	4	2	3	2	7	2	2	1	6	3	2	2	5	1	13	2	3	3	4	8	5	9	6	1	3	4	6	6	13	3	6	6	3	9	5	3	5	7	2	2	0	6	8	5	8	4	9	6	
89_A/Bar-headed_Goose/Q 3	2	0	2	3	1	5	1	1	4	0	1	3	1	0	1	5	2	3	1	7	2	2	1	6	3	2	2	5	1	13	2	3	4	4	7	4	10	6	1	3	4	6	6	13	3	6	6	3	9	5	3	5	7	2	2	0	6	8	5	8	4	9	6	
90_A/Bar-headed_Goose/Q 3	2	0	3	3	1	5	0	1	4	0	1	3	1	0	1	5	2	3	1	7	2	2	1	5	3	2	2	6	1	13	2	3	3	4	8	4	9	6	2	3	4	6	6	13	3	6	6	3	9	5	3	5	7	2	2	0	6	8	5	8	4	9	6	
91_A/Bar-headed_Goose/Q 3	2	0	3	3	1	5	0	1	4	0	1	3	1	0	1	5	2	3	1	7	2	2	1	5	3	2	2	6	1	13	2	3	3	4	8	4	10	6	1	3	4	6	6	13	3	6	6	2	9	5	3	5	7	2	2	1	6	8	5	8	4	9	6	
92_A/Bar-headed_Goose/Q 3	2	0	3	3	1	5	0	1	4	0	1	3	1	0	1	5	2	3	1	7	2	2	1	5	3	2	2	6	1	13	2	3	3	4	8	4	9	6	2	3	4	6	6	13	3	6	6	3	9	5	3	5	7	2	2	0	6	8	5	8	4	9	6	
93_A/Bar-headed_Goose/Q 3	2	0	3	3	1	5	0	1	4	0	1	3	1	0	1	5	2	3	1	7	2	2	1	5	3	2	2	6	1	13	2	3	3	4	8	4	9	6	2	3	4	6	6	13	3	6	6	3	9	5	3	5	7	2	2	0	6	8	5	8	4	9	6	
94_A/Bar-headed_Goose/Q 3	2	0	3	3	1	5	0	1	4	0	1	3	1	0	1	4	2	3	2	7	2	2	1	5	3	2	2	6	1	13	2	3	3	4	8	4	9	6	2	3	4	6	6	13	3	6	6	3	9	5	3	5	7	2	2	0	6	8	5	8	4	9	6	
95_A/Bar-headed_Goose/Q 3	2	0	3	3	1	5	0	1	4	0	1	3	1	0	1	5	2	3	1	7	2	2	1	5	3	2	2	6	1	13	2	3	3	4	8	4	10	6	1	3	4	6	6	13	3	6	6	3	9	5	3	5	7	2	2	0	6	8	5	8	4	9	6	
96_A/Bar-headed_Goose/Q 2	2	0	3	3	1	5	0	1	4	0	1	3	1	0	1	5	2	3	1	7	2	2	1	5	3	3	3	6	1	12	2	3	3	4	8	5	10	5	1	3	4	6	6	13	3	6	6	4	9	5	4	4	7	2	2	0	6	8	5	8	4	8	6	
97_A/Bar-headed_Goose/Q 2	2	0	3	3	1	5	0	1	4	0	1	3	1	0	1	5	2	3	1	7	2	2	1	5	3	3	2	6	1	12	2	3	3	4	8	4	11	5	1	3	4	6	6	13	3	6	6	4	9	5	3	5	7	2	2	0	6	8	5	8	4	9	6	
98_A/Bar-headed_Goose/Q 3	2	0	3	3	1	5	0	1	4	0	1	3	1	0	1	4	2	3	2	7	2	2	1	6	3	2	2	5	1	13	2	3	3	4	8	5	9	6	1	3	4	6	6	13	3	6	6	3	9	5	3	5	7	2	2	0	6	8	5	8	4	9	6	
99_A/Bar-headed_Goose/Q 3	2	0	3	3	1	5	0	1	4	0	1	3	1	0	1	5	2	3	1	7	2	2	1	6	3	2	2	5	1	13	2	3	3	4	8	4	10	6	1	3	4	6	6	13	3	6	6	3	9	5	3	5	7	2	2	0	6	8	5	8	4	9	6	
100_A/Bar-headed_Goose/Q 3	2	0	3	3	1	5	0	1	4	0	1	3	1	0	1	5	2	3	1	7	2	2	1	5	3	2	2	6	1	13	2	3	3	4	8	4	9	7	1	3	5	6	6	13	2	6	6	3	9	5	3	5	7	2	2	0	6	8	5	8	4	9	6	
101_A/Bar-headed_Goose/Q 3	2	0	3	3	1	5	0	1	4	0	1	3	1	0	1	5	2	3	1	7	2	2	1	5	3	2	2	6	1	13	2	3	3	4	8	4	10	6	1	3	5	6	6	13	2	6	6	3	9	5	3	5	7	2	2	0	6	8	5	8	4	9	6	
102_A/Bar-headed_Goose/Q 3	2	0	3	3	1	5	0	1	4	0	1	3	1	0	1	6	2	3	1	7	2	2	1	4	3	2	2	6	1	13	2	3	3	4	8	4	10	6	1	3	4	6	6	13	3	6	6	3	9	5	3	5	7	2	2	0	6	8	5	8	4	9	6	
103_A/Bar-headed_Goose/Q 4	1	0	3	5	1	5	0	1	4	0	1	3	1	0	1	6	2	3	1	5	2	2	1	4	3	2	2	6	1	13	2	3	3	4	8	3	10	6	1	4	4	6	6	13	3	6	6	3	9	5	3	5	7	2	2	0	6	8	5	8	4	9	6	
104_A/Bar-headed_Goose/Q 4	2	0	3	3	1	5	0	1	4	0	1	3	1	0	1	5	2	3	1	6	2	2	1	6	3	2	2	5	1	13	2	3	3	4	8	4	10	6	1	3	4	6	6	13	3	6	6	3	9	5	3	5	7	2	2	0	6	8	5	8	4	9	6	
105_A/Bar-headed_Goose/Q 4	1	0	3	3	1	5	0	1	4	0	1	3	1	0	1	6	2	3	1	7	2	2	1	5	3	2	2	5	1	13	2	3	3	4	8	4	10	6	1	3	4	6	6	13	3	6	6	3	9	5	3	5	7	2	2	0	6	8	5	8	4	9	6	
106_A/Bar-headed_goose/Q 4	3	1	2	3	0	4	1	0	5	0	1	2	0	0	1	5	2	4	2	7	2	1	0	6	4	0	3	6	0	15	1	2	5	9	6	7	5	4	1	2	5	5	8	14	3	8	3	2	8	5	3	4	8	1	2	1	9	5	9	8	2	12	2	
107_A/Bar-headed_goose/Q 4	3	1	2	3	0	4	1	0	4	0	1	2	0	0	1	5	2	4	2	7	2	1	0	6	4	0	3	6	0	15	1	2	5	9	5	7	5	4	1	2	5	5	9	14	3	8	4	2	8	5	3	4	8	1	2	2	8	6	8	8	2	12	2	
108_A/Bar-headed_goose/Q 4	3	1	2	3	0	4	1	0	5	0	1	2	0	0	1	5	2	4	2	7	2	1	0	6	4	0	3	6	0	15	1	2	5	9	6	7	5	4	1	2	5	5	8	14	3	8	3	2	8	5	3	4	8	1	2	1	9	5	9	8	2	12	2	
109_A/Bar-headed_goose/Q 4	3	1	2	3	0	4	1	0	5	0	1	2	0	0	1	5	2	4	2	7	2	1	0	6	4	0	3	6	0	15	1	2	5	9	6	7	5	4	1	2	5	5	8	14	3	8	3	2	8	5	3	4	8	1	2	1	9	5	9	8	2	12	2	
110_A/Bar-headed_goose/Q 4	3	1	2	3	0	4	1	0	5	0	1	2	0	0	1	5	2	4	2	7	2	1	0	6	4	0	3	6	0	15	1	2	5	9	6	7	5	4	1	2	5	5	8	14	3	8	3	2	8	5	3	4	8	1	2	1	9	5	9	8	2	12	2	
111_A/Bar-headed_goose/Q 4	3	1	2	3	0	4	1	0	5	0	1	2	0	0	1	5	2	4	2	7	2	1	0	6	4	0	3	6	0	15	1	2	5	9	6	7	5	4	1	2	5	5	8	14	3	8	3	2	8	5	3	4	8	1	2	1	9	5	9	8	2	12	2	
112_A/Bar-headed_goose/Q 4	3	1	2	3	0	4	1	0	5	0	1	2	0	0	1	5	2	4	2	7	2	1	0	6	4	0	3	6	0	15	1	2	5	9	6	7	5	4	1	2	5	5	8	14	3	8	3	2	8	5	3	4	8	1	2	1	9	5	9	8	2	12	2	
113_A/Bar-headed_goose/Q 4	3	1	2	3	0	4	1	0	5	0	1	2	0	0	1	5	2	4	2	7	2	1	0	6	4	0	3	6	0	15	1	2	5	9	6	7	5	4	1	2	5	5	8	14	3	8	3	2	8	5	3	4	8	1	2	1	9	5	9	8	2	12	2	
114_A/Bar-headed_Goose/Q 3	2	0	3	3	1	5	0	1	4	0	1	3	1	0	1	5	2	3	1	7	2	2	1	5	3	2	2	6	1	13	2	3	3	4	7	4	10	6	1	3	4	6	6	13	3	6	6	3	9	5	4	5	7	2	2	0	6	8	5	8	4	9	6	
115_A/Bar-headed_Goose/Q 3	2	0	3	3	1	5	0	1	4	0	1	3	1	0	1	5	2	3	1	7	2	2	1	5	3	2	2	6	1	13	2	3	3	4	8	4	10	6	1	3	4	6	6	13	3	6	6	3	9	5	3	5	7	2	2	0	6	8	5	8	4	9	6	
116_A/Bar-headed_Goose/Q 4	1	0	3	3	1	5	0	1	4	0	1	3	1	0	1	6	2	3	1	6	2	2	1	5	3	2	2	6	1	13	2	3	3	4	8	3	10	6	1	4	4	6	6	13	3	6	6	3	9	5	3	5	7	2	2	0	6	8	5	8	4	9	6	
117_A/Bar-headed_Goose/Q 3	2	0	3	3	1	5	0	1	4	0	1	3	1	0	1	5	2	3	1	8	2	2	1	4	3	2	2	6	1	13	2	3	3	4	8	4	10	6	1	3	4	6	6	13	3	6	6	3	9	5	3	5	7	2	2	0	6	8	5	8	4	9	6	
118_A/Bar-headed_Goose/Q 3	2	0	3	3	1	5	0	2	4	0	1	3	1	0	1	5	2	3	1	7	2	2	1	4	3	2	2	6	1	13	2	4	3	4	8	3	10	6	1	3	4	6	6	13	3	6	6	3	9	5	3	5	7	2	2	0	6	8	5	8	4	9	6	
119_A/Bar-headed_Goose/Q 3	2	0	3	3	1	5	0	1	4	0	1	3	1	0	1	5	2	3	1	8	2	2	1	4	3	2	2	6	1	13	2	3	3	4	8	4	10	6	1	3	5	6	6	13	2	6	6	3	9	5	3	5	7	2	2	0	6	8	5	8	4	9	6	
120_A/Bar-headed_Goose/Q 4	2	0	3	3	1	5	0	1	4	0	1	3	1	0	1	4	2	3	1	7	2	2	1	5	3	2	2	6	1	13	2	3	3	4	8	4	10	6	1	3	5	6	6	13	2	6	6	3	9	5	3	5	7	2	2	0	6	8	5	8	4	9	6	
121_A/Bar-headed_Goose/T 3	2	0	3	3	1	5	0	1	4	0	1	3	1	0	1	5	2	4	1	7	2	1	1	5	3	4	2	7	1	11	2	3	3	4	8	4	10	6	1	3	3	5	8	12	3	6	5	3	8	5	3	5	8	2	2	0	8	8	7	8	3	9	4	
122_A/Bar-headed_Goose/T 3	2	0	3	3	1	5	0	0	4	0	1	4	1	0	1	5	2	4	1	7	2	1	1	5	3	4	2	7	1	11	2	3	3	4	8	4	10	6	1	3	3	5	8	12	3	6	5	3	8	5	3	5	8	2	2	0	8	8	7	8	3	9	4	
123_A/Bar-headed_Goose/T 3	2	0	3	3	1	5	0	0	4	0	1	4	1	0	1	5	2	4	1	7	2	1	1	5	3	4	2	7	1	11	2	3	3	3	8	4	10	7	1	3	3	5	8	12	3	6	5	3	8	5	3	5	8	2	2	0	8	8	7	8	3	9	4	
124_A/Bar-headed_Goose/T 3	2	0	3	3	1	5	0	1	4	0	1	3	1	0	1	5	2	4	1	7	2	1	1	5	3	4	2	7	1	11	2	3	3	4	8	4	10	6	1	3	3	5	8	12	3	6	5	3	8	5	3	5	8	2	2	0	8	8	7	8	3	9	4	
125_A/Bar-headed_Goose/T 3	2	0	3	3	1	5	0	0	4	0	1	5	1	0	1	5	2	4	1	7	2	1	1	5	3	5	2	6	1	10	2	3	3	4	8	4	10	6	1	3	3	5	8	12	3	6	5	3	9	5	3	5	7	2	2	0	8	8	7	8	3	9	4	
126_A/Bar-headed_Goose/T 3	2	0	3	3	1	5	0	0	4	0	1	5	1	0	1	5	2	4	1	7	2	1	1	5	3	5	2	6	1	10	2	3	3	4	8	4	10	6	1	3	3	5	8	12	3	6	5	3	9	5	3	5	7	2	2	0	8	8	7	8	3	9	4	
127_A/Bar-headed_Goose/T 3	2	0	3	3	1	5	0	0	4	0	1	4	1	0	1	5	2	4	1	7	2	1	1	5	3	4	2	7	1	11	2	3	3	4	8	4	10	6	1	3	3	5	8	12	3	6	5	3	8	5	3	5	8	2	2	0	8	8	7	8	3	9	4	
128_A/Bar-headed_Goose/T 3	2	0	3	3	1	5	0	0	4	0	1	4	1	0	1	5	2	4	1	7	2	1	1	5	3	4	2	7	1	11	2	3	3	4	8	4	10	6	1	3	3	5	8	12	3	6	5	3	8	5	3	5	8	2	2	0	8	8	7	8	3	9	4	
129_A/Bar-headed_Goose/T 3	2	0	3	3	1	5	0	0	4	0	1	4	1	0	1	5	2	4	1	7	2	1	1	5	3	4	2	7	1	11	2	3	3	4	8	4	10	6	1	3	3	5	8	12	3	6	5	3	8	5	3	5	8	2	2	0	8	8	7	8	3	9	4	
130_A/Bar-headed_Goose/T 3	2	0	3	3	1	5	0	0	4	0	1	4	1	0	1	5	2	4	1	7	2	1	1	5	3	4	2	7	1	11	2	3	3	4	8	4	10	6	1	3	3	5	8	12	3	6	5	3	8	5	3	5	8	2	2	0	8	8	7	8	3	9	4	
131_A/Bar-headed_Goose/T 3	2	0	3	3	1	5	0	0	4	0	1	4	1	0	1	5	2	4	1	7	2	1	1	5	3	4	2	7	1	11	2	3	3	4	8	4	10	6	1	3	3	5	8	12	3	6	5	3	8	5	3	5	8	2	2	0	8	8	7	8	3	9	4	
132_A/Bar-headed_Goose/T 3	2	0	3	3	1	5	0	1	4	0	1	3	1	0	1	5	2	4	1	7	2	1	1	5	3	4	2	7	1	11	2	3	3	4	8	4	10	6	1	3	3	5	8	12	3	6	5	3	8	5	3	5	8	2	2	0	8	8	7	8	3	9	4	
133_A/Bar-headed_Goose/T 3	2	0	3	3	1	5	0	1	4	0	1	3	1	0	1	5	2	4	1	7	2	1	1	5	3	4	2	7	1	11	2	3	3	4	8	4	10	6	1	3	3	5	8	12	3	6	5	3	8	5	3	5	8	2	2	0	8	8	7	8	3	9	4	
134_A/Bar-headed_Goose/T 3	2	0	3	3	1	5	0	1	4	0	1	3	1	0	1	5	2	4	1	7	2	1	1	5	3	4	2	7	1	11	2	3	3	4	8	4	10	6	1	3	3	5	8	12	3	6	5	3	8	5	3	5	8	2	2	0	8	8	7	8	3	9	4	
135_A/bean_goose/Hubei/B 3	2	0	3	3	1	5	0	0	4	0	1	4	1	0	1	5	2	4	1	7	2	1	1	5	3	4	2	7	1	11	2	3	3	4	8	4	10	6	1	3	3	5	8	12	3	6	5	3	8	5	3	5	8	2	2	0	8	8	7	8	3	9	4	
136_A/Bean_Goose/Hubei/c 4	2	0	3	3	1	5	0	1	4	0	1	2	1	0	1	6	2	3	1	6	2	2	1	6	3	2	2	5	1	13	2	3	4	4	7	4	9	6	2	2	3	6	6	14	4	6	6	3	9	5	3	5	7	2	2	1	5	8	4	8	4	9	7	
137_A/Bean_goose/Hubei/C 3	2	0	3	3	1	5	0	1	4	0	1	3	1	0	1	5	2	3	1	7	2	2	1	5	3	2	2	6	1	13	2	3	3	4	8	4	9	6	2	3	4	6	6	13	3	6	6	3	9	5	3	5	7	2	2	0	6	8	5	8	4	9	6	
138_A/Bean_goose/Hubei/C 4	1	0	3	3	1	5	0	1	4	0	1	3	1	0	1	5	2	3	1	7	2	2	1	5	3	2	2	6	1	13	2	3	3	4	8	4	10	6	1	3	4	6	6	13	3	6	6	3	9	5	3	5	7	2	2	0	6	8	5	8	4	9	6	
139_A/Bean_goose/Hubei/C 4	3	1	2	3	0	4	1	0	6	0	1	2	0	0	1	5	2	4	2	7	2	1	0	6	4	0	3	6	0	15	1	2	5	9	6	7	5	4	1	2	6	4	9	14	2	9	2	2	8	5	3	4	7	1	2	1	9	5	9	8	2	12	2	
140_A/Bean_goose/Hubei/C 5	1	0	3	3	1	5	0	1	4	0	1	3	1	0	1	5	2	3	1	6	2	2	1	5	3	2	2	6	1	13	2	4	3	4	8	3	10	6	1	3	4	6	6	13	3	6	6	3	9	5	3	5	7	2	2	0	6	8	5	8	4	9	6	
141_A/black_chicken/Jian 4	3	1	2	3	0	4	1	0	6	0	1	2	0	0	1	5	2	4	2	7	2	1	0	6	4	0	2	6	0	15	1	2	7	8	6	7	4	5	1	2	5	5	8	14	3	8	4	2	7	6	3	4	7	0	2	1	9	5	8	8	2	12	3	
142_A/Black_faced_Spoonb 3	2	0	3	3	1	5	0	0	4	0	1	5	2	0	1	5	2	4	1	7	2	1	1	5	3	5	2	6	1	10	2	3	4	4	8	4	9	6	1	3	3	5	7	12	3	6	6	3	9	5	4	5	8	2	2	0	6	8	6	8	3	9	4	
143_A/Black_Faced_Spoonb 3	2	0	3	3	1	5	0	0	4	0	1	5	1	0	1	5	2	4	1	7	2	1	1	5	3	4	2	6	1	11	2	3	3	5	8	3	10	5	1	4	3	5	8	12	3	6	5	3	9	5	3	5	7	2	2	0	8	8	7	8	3	9	4	
144_A/Black_Faced_Spoonb 3	2	0	3	3	1	5	0	0	4	0	1	5	2	0	1	5	2	4	1	7	2	1	1	5	3	5	2	6	1	10	2	3	3	4	8	4	10	6	1	3	3	5	8	12	3	6	5	3	9	5	3	5	8	2	2	0	6	8	6	8	3	9	5	
145_A/black_swan/Beijing 3	2	0	3	3	1	5	0	0	4	0	1	4	1	0	1	5	2	4	1	7	2	1	1	5	3	4	2	7	1	11	2	2	3	4	8	4	10	6	1	4	3	5	8	12	3	6	5	3	8	4	3	5	8	3	2	0	8	8	7	8	3	9	4	
146_A/black-backed_gull/ 3	2	0	3	3	1	5	0	0	4	0	1	4	1	0	1	5	2	4	1	7	2	1	1	5	3	4	2	7	1	11	2	3	3	4	8	4	10	6	1	3	3	5	8	12	3	6	5	2	8	5	3	6	8	2	2	0	8	8	7	8	3	9	4	
147_A/Black-necked_Grebe 4	3	1	3	3	0	4	0	0	5	0	1	2	0	0	1	5	2	4	2	7	2	1	0	6	4	1	3	6	0	14	1	2	6	8	5	6	5	5	2	3	5	5	6	14	3	8	5	3	6	6	3	3	9	0	2	2	9	5	10	7	2	12	1	
148_A/Black-necked_Grebe 4	3	1	2	3	0	4	1	0	5	0	1	2	0	0	1	5	2	4	2	7	2	1	0	6	4	1	3	6	0	14	1	2	6	8	5	6	5	5	2	3	5	5	7	14	3	8	4	3	6	6	3	3	9	0	2	2	9	5	10	7	2	12	1	
149_A/Black-necked_Grebe 4	3	1	2	3	0	4	1	0	5	0	1	2	0	0	1	5	2	4	2	7	2	1	0	6	4	1	3	6	0	14	1	2	6	8	5	6	5	5	2	3	5	5	7	14	3	8	4	3	6	6	3	3	9	0	2	2	9	5	10	7	2	12	1	
150_A/Black-necked_Grebe 4	3	1	2	3	0	4	1	0	5	0	1	2	0	0	1	5	2	4	2	7	2	1	0	6	4	1	3	6	0	14	1	2	6	8	5	6	5	5	2	3	5	5	7	14	3	8	4	3	6	6	3	3	9	0	2	2	9	5	10	7	2	12	1	
151_A/Black-necked_Grebe 4	3	1	2	3	0	4	1	0	5	0	1	2	0	0	1	5	2	4	2	7	2	1	0	6	4	1	3	6	0	14	1	2	6	8	5	6	5	5	2	3	5	5	7	14	3	8	4	3	6	6	3	3	9	0	2	2	9	5	10	7	2	12	1	
152_A/Black-necked_Grebe 4	3	1	2	3	0	4	1	0	5	0	1	2	0	0	1	5	2	4	2	7	2	1	0	6	4	1	3	6	0	14	1	2	6	8	5	6	5	5	2	3	5	5	7	14	3	8	4	3	6	6	3	3	9	0	2	2	9	5	10	7	2	12	1	
153_A/Black-necked_Grebe 4	3	1	2	3	0	4	1	0	5	0	1	2	0	0	1	5	2	4	2	7	2	1	0	6	4	1	3	6	0	14	1	2	6	8	5	6	5	5	2	3	5	5	7	14	3	8	4	3	6	6	3	3	9	0	2	2	9	5	10	7	2	12	1	
154_A/Black-necked_Grebe 4	3	1	2	3	0	4	1	0	5	0	1	2	0	0	1	5	2	4	2	7	2	1	0	6	4	1	3	6	0	14	1	2	6	8	5	6	5	5	2	3	5	5	7	14	3	8	4	3	6	6	3	3	9	0	2	2	9	5	10	7	2	12	1	
155_A/Brown-headed_Gull/ 5	1	0	3	3	1	5	0	2	4	0	1	3	1	0	1	4	2	3	1	7	2	2	1	4	3	2	2	6	1	13	2	3	3	4	8	4	10	6	1	3	4	6	6	13	3	6	6	3	9	5	3	5	7	2	2	0	6	8	5	8	4	9	6	
156_A/Brown-headed_Gull/ 3	2	0	3	3	1	5	0	1	4	0	1	3	1	0	1	5	2	3	1	7	2	2	1	5	3	2	2	6	1	13	2	3	3	4	8	4	10	6	1	3	4	6	6	13	3	6	6	3	9	5	3	5	7	2	2	0	6	8	5	8	4	9	6	
157_A/Brown-headed_Gull/ 3	2	0	3	3	1	5	0	1	4	0	1	3	1	0	1	5	2	3	1	7	2	2	1	5	3	2	2	6	1	13	2	3	3	4	8	4	10	6	1	3	4	6	6	13	3	6	6	3	9	5	3	5	7	2	2	0	6	8	5	8	4	9	6	
158_A/Brown-headed_Gull/ 3	2	0	3	4	1	5	0	1	4	0	1	3	1	0	1	5	2	3	1	6	2	2	1	5	3	2	2	6	1	13	2	3	3	4	8	4	10	6	1	3	4	6	6	13	3	6	6	3	9	5	3	5	7	2	2	0	6	8	5	8	4	9	6	
159_A/Brown-headed_Gull/ 3	2	0	3	3	1	5	0	1	4	0	1	3	1	0	1	4	2	3	2	7	2	2	1	5	3	2	2	6	1	13	2	4	3	4	8	4	9	6	2	2	4	6	6	13	3	6	6	3	9	5	3	5	7	2	2	0	6	7	6	8	4	9	6	
160_A/Brown-headed_Gull/ 3	2	0	3	3	2	4	0	1	4	0	1	3	1	0	1	5	2	3	1	7	2	2	1	6	3	2	2	5	1	13	2	3	3	4	8	4	10	6	1	3	4	6	7	13	3	6	6	4	9	5	3	4	7	2	2	0	6	7	5	8	4	9	6	
161_A/Brown-headed_Gull/ 3	2	0	3	3	1	5	0	1	4	0	1	3	1	0	1	5	2	3	1	7	2	2	1	6	3	2	2	5	1	13	2	3	3	4	8	4	10	6	1	3	4	6	6	13	3	6	6	2	9	5	3	5	7	2	2	1	6	8	5	8	4	9	6	
162_A/Brown-headed_Gull/ 3	2	1	3	3	1	4	0	1	4	0	1	3	1	0	1	5	2	3	1	7	2	2	1	5	3	2	2	6	1	13	2	3	3	4	8	4	10	6	1	3	4	6	6	13	3	6	6	3	9	5	3	5	7	2	2	0	6	8	5	8	4	9	6	
163_A/Brown-headed_Gull/ 3	2	0	3	3	1	5	0	1	4	0	1	3	1	0	1	5	2	3	1	6	2	2	1	5	3	2	2	6	1	13	2	3	3	4	8	5	10	6	1	3	4	6	6	13	3	6	6	2	9	5	3	5	7	2	2	1	6	8	5	8	4	9	6	
164_A/brown-headed_gull/ 3	2	0	3	3	1	5	0	0	4	0	1	4	1	0	1	5	2	4	1	7	2	1	1	5	3	4	2	7	1	11	2	3	3	5	8	5	10	5	1	3	3	5	8	12	3	6	5	3	8	5	3	4	8	2	2	0	8	8	7	8	3	9	4	
165_A/Brown-headed_Gull/ 3	2	0	3	3	1	5	0	1	4	0	1	3	1	0	1	5	2	4	1	7	2	1	1	5	3	4	2	7	1	11	2	3	3	4	8	4	10	6	1	3	3	5	8	12	3	6	5	3	8	5	3	5	8	2	2	0	8	8	7	8	3	9	4	
166_A/Brown-headed_Gull/ 3	2	0	3	3	1	5	0	0	4	0	1	5	1	0	1	5	2	4	1	7	2	1	1	5	3	4	2	6	1	11	2	3	3	4	8	4	10	6	1	3	3	5	9	12	3	6	4	3	8	5	3	5	8	2	2	0	8	8	7	8	3	9	4	
167_A/Brown-headed_Gull/ 3	2	0	3	3	1	5	0	0	4	0	1	5	1	0	1	5	2	4	1	7	2	1	1	5	3	4	2	6	1	11	2	3	3	4	8	4	10	6	1	3	3	5	9	12	3	6	4	3	8	5	3	5	8	2	2	0	8	8	7	8	3	9	4	
168_A/canine/China/GX30/ 3	2	0	3	3	1	5	0	0	4	0	1	4	1	0	1	5	2	4	1	7	2	1	1	5	3	4	2	6	2	11	2	3	3	4	7	4	10	6	2	3	3	5	8	12	3	6	5	3	8	5	3	5	8	2	2	1	8	8	6	7	3	9	5	
169_A/cat/Sichuan/SC18/2 4	3	1	2	3	0	4	1	0	6	0	1	2	0	0	1	5	2	4	2	7	2	1	0	6	4	0	2	6	0	15	1	2	6	8	6	7	5	5	1	2	5	5	8	14	3	8	4	2	7	6	3	4	7	0	2	1	9	5	8	8	2	12	3	
170_A/cat/Zhejiang/C1/20 4	1	0	2	2	2	5	1	2	4	0	1	2	0	0	1	6	2	3	1	6	2	2	0	6	4	5	1	5	0	10	4	5	7	4	6	3	3	8	2	1	7	3	5	14	2	10	5	4	9	4	3	4	6	3	1	3	9	8	6	4	4	9	7	
171_A/cat/Zhejiang/C2/20 4	1	0	2	2	2	5	1	3	4	0	1	2	0	0	1	6	2	3	1	6	2	2	0	5	4	6	1	4	0	9	4	5	6	4	6	3	3	8	2	2	8	3	5	14	2	10	5	4	8	4	3	4	7	3	1	3	9	8	6	4	4	9	7	
172_A/Changsha/1/2014|EP 4	3	1	2	3	0	4	1	0	5	0	1	2	0	0	1	5	2	4	2	7	2	1	0	6	4	0	3	6	0	15	1	2	5	9	6	7	5	4	1	2	5	5	8	14	3	8	3	2	8	5	3	4	8	1	2	1	9	5	8	8	2	12	3	
173_A/chicken/Anhui/S174 3	2	0	3	3	1	5	0	0	4	0	1	4	1	0	1	5	2	4	1	7	2	1	1	4	3	4	2	8	1	11	2	4	3	4	8	4	9	6	1	2	3	5	8	12	3	5	6	3	9	5	3	5	8	2	2	0	8	8	6	8	3	9	5	
174_A/chicken/Beijing/BJ 4	3	1	2	3	0	4	1	1	5	0	1	2	0	0	1	6	2	3	1	6	2	2	1	5	3	2	2	6	1	13	2	3	9	7	6	6	2	5	2	3	5	5	6	14	3	8	5	3	8	5	4	3	7	1	1	3	9	6	7	5	2	11	4	
175_A/chicken/CH/a556/20 3	3	1	3	3	1	4	0	1	5	0	1	4	0	0	1	5	2	5	1	6	2	0	1	5	3	4	2	6	1	11	1	4	5	6	5	4	4	4	3	1	7	5	7	14	2	7	6	4	7	7	5	4	6	0	2	1	10	8	6	8	3	9	4	
176_A/chicken/Changhua/1 3	2	1	2	4	1	4	1	1	6	0	1	2	0	0	1	6	2	4	1	6	2	1	1	5	3	0	3	6	1	15	1	3	5	9	3	6	6	5	4	2	5	4	8	14	3	8	3	3	6	6	2	4	9	0	2	1	9	5	7	7	1	12	5	
177_A/chicken/Changhua/1 3	2	1	2	4	1	4	1	1	6	0	1	2	0	0	1	6	2	4	1	6	2	1	1	5	3	0	3	6	1	15	1	3	5	9	3	6	6	5	4	2	5	4	8	14	3	8	3	3	6	6	3	4	9	0	2	1	9	5	6	7	1	12	5	
178_A/chicken/Changhua/1 3	2	1	2	4	1	4	1	1	6	0	1	2	0	0	1	6	2	4	1	6	2	1	1	5	3	0	3	6	1	15	1	3	5	9	3	6	6	5	4	2	5	4	8	14	3	8	3	3	6	6	3	4	9	0	2	1	9	5	6	7	1	12	5	
179_A/chicken/Changhua/1 3	2	1	2	4	1	4	1	1	6	0	1	2	0	0	1	7	2	4	1	5	2	1	1	5	3	0	3	6	1	15	1	3	5	9	3	6	6	5	4	2	5	4	8	14	3	8	3	3	6	6	3	4	9	0	2	1	9	5	6	7	1	12	5	
180_A/chicken/Changhua/1 3	2	1	2	4	1	4	1	1	6	0	1	2	0	0	1	7	2	4	1	5	2	1	1	5	3	0	3	6	1	15	1	3	5	9	3	6	6	5	4	2	5	4	8	14	3	8	3	3	6	6	3	4	9	0	2	1	9	5	6	7	1	12	5	
181_A/chicken/Changhua/1 3	2	1	2	4	1	4	1	1	6	0	1	2	0	0	1	7	2	4	1	5	2	1	1	5	3	0	3	6	1	15	1	3	5	9	3	6	6	5	4	2	5	4	8	14	3	8	3	3	6	6	3	4	9	0	2	1	9	5	6	7	1	12	5	
182_A/chicken/Changhua/1 3	2	1	2	4	1	4	1	1	6	0	1	2	0	0	1	6	2	4	1	6	2	1	1	6	3	0	3	5	1	15	1	3	5	9	3	6	6	5	4	2	5	4	7	14	3	8	4	3	6	6	3	4	9	0	2	1	9	5	6	7	1	12	5	
183_A/chicken/Changhua/1 3	2	1	2	4	1	4	1	1	6	0	1	2	0	0	1	6	2	4	1	6	2	1	1	5	3	0	3	6	1	15	1	3	5	9	3	6	6	5	4	2	5	4	7	14	3	8	4	3	6	6	3	4	9	0	2	1	9	5	6	7	1	12	5	
184_A/chicken/Changhua/1 3	2	1	2	4	1	4	1	1	6	0	1	2	0	0	1	6	2	4	1	6	2	1	1	5	3	0	3	6	1	15	1	3	5	9	3	6	6	5	4	2	5	4	7	14	3	8	4	3	6	6	3	4	9	0	2	1	9	5	6	7	1	12	5	
185_A/chicken/Changhua/1 3	2	1	2	4	1	4	1	1	6	0	1	2	0	0	1	6	2	4	1	6	2	1	1	5	3	0	3	6	1	15	1	3	5	9	3	6	6	5	4	2	5	4	7	14	3	8	4	3	6	6	3	4	9	0	2	1	9	5	6	7	1	12	5	
186_A/chicken/Changhua/1 3	2	1	2	4	1	4	1	1	6	0	1	2	0	0	1	6	2	4	1	6	2	1	1	5	3	0	3	6	1	15	1	3	5	9	2	6	6	5	5	2	5	4	7	14	3	8	4	3	7	6	3	4	8	0	2	1	9	5	6	7	1	12	5	
187_A/chicken/Changhua/1 3	2	1	2	4	1	4	1	1	6	0	1	2	0	0	1	6	1	4	1	6	3	1	1	5	3	0	3	6	1	15	1	3	5	9	2	6	6	5	5	2	5	4	8	14	3	8	3	3	6	6	3	4	9	0	2	1	9	5	6	7	1	12	5	
188_A/chicken/Changhua/1 3	2	1	2	4	1	4	1	1	6	0	1	2	0	0	1	6	2	4	1	6	2	1	1	5	3	0	3	6	1	15	1	3	5	9	2	6	6	5	5	2	5	4	7	14	3	8	4	3	7	6	3	4	8	0	2	1	9	5	6	7	1	12	5	
189_A/chicken/Changhua/1 3	2	1	2	4	1	4	1	1	6	0	1	2	0	0	1	6	1	4	1	6	3	1	1	5	3	0	3	6	1	15	1	3	5	9	2	6	6	5	5	2	5	4	8	14	3	8	3	3	6	6	3	4	9	0	2	1	9	5	6	7	1	12	5	
190_A/chicken/Changhua/1 3	2	1	2	4	1	4	1	1	6	0	1	2	0	0	1	6	2	4	1	6	2	1	1	5	3	0	3	6	1	15	1	3	5	9	2	6	6	5	5	2	4	4	7	14	4	8	4	3	7	6	3	4	8	0	2	1	9	5	6	7	1	12	5	
191_A/chicken/Changhua/1 3	2	1	2	4	1	4	1	2	6	0	1	2	0	0	1	6	2	4	1	6	2	1	1	4	3	0	3	6	1	15	1	3	5	9	3	6	6	5	4	2	5	4	8	14	3	8	3	3	6	6	3	4	8	0	2	1	10	5	6	7	1	12	5	
192_A/chicken/Changhua/1 3	3	1	2	4	0	4	1	1	6	0	1	3	0	0	1	6	2	4	1	6	2	1	1	6	3	0	3	4	1	14	2	3	5	9	2	6	6	5	5	2	4	4	8	14	4	8	3	3	7	6	3	4	8	0	2	1	9	5	6	7	1	12	5	
193_A/chicken/Changhua/1 3	3	1	2	4	0	4	1	1	6	0	1	2	0	0	1	6	2	4	1	6	2	1	1	6	3	0	2	5	1	15	1	3	5	8	2	6	6	6	5	2	5	4	9	14	3	8	3	3	7	6	3	4	8	0	2	1	9	6	6	7	1	11	5	
194_A/chicken/Changhua/1 3	3	1	2	4	0	4	1	1	6	0	1	2	0	0	1	6	2	4	1	5	2	1	1	7	3	0	3	5	1	15	1	3	5	8	2	6	6	6	5	2	4	4	8	14	4	8	3	3	7	6	3	4	8	0	2	1	9	6	5	7	1	11	6	
195_A/chicken/Chiayi/150 3	2	1	2	4	1	4	1	1	6	0	1	2	0	0	1	6	2	4	1	6	2	1	1	5	3	0	3	6	1	15	1	3	5	9	3	6	6	5	4	2	5	4	8	14	3	8	3	3	6	6	3	4	9	0	2	1	9	5	6	7	1	12	5	
196_A/chicken/Chiayi/150 3	2	1	2	4	1	4	1	1	6	0	1	2	0	0	1	7	2	4	1	5	2	1	1	5	3	0	3	6	1	15	1	3	5	9	3	6	6	5	4	2	5	4	8	14	3	8	3	3	6	6	3	4	9	0	2	1	9	5	6	7	1	12	5	
197_A/chicken/Chiayi/150 3	2	1	2	4	1	4	1	1	6	0	1	2	0	0	1	6	2	4	1	6	2	1	1	5	3	0	3	6	1	15	1	3	5	9	3	6	6	5	4	2	5	4	8	14	3	8	3	3	6	6	3	4	9	0	2	1	9	5	6	7	1	12	5	
198_A/chicken/Chiayi/170 3	3	1	2	4	0	4	1	1	6	0	1	2	0	0	1	6	2	4	1	6	2	2	1	6	3	0	3	5	1	14	1	3	5	8	2	6	6	6	5	2	4	4	8	14	4	8	3	3	7	6	3	4	8	0	2	1	9	5	7	7	1	12	4	
199_A/chicken/Chiayi/181 3	3	1	2	4	0	4	1	1	6	0	1	2	0	0	1	6	2	4	1	5	2	1	1	7	3	1	3	5	1	14	1	3	5	8	2	6	6	6	5	2	4	4	8	14	4	8	3	3	7	6	3	4	8	0	2	1	9	5	5	7	1	12	6	
200_A/chicken/China/007/ 4	3	2	2	3	0	3	1	0	5	0	1	2	0	0	1	5	2	4	1	7	2	1	0	6	4	0	2	6	0	15	3	3	7	8	7	6	4	4	1	2	6	5	9	14	2	8	2	2	7	5	3	3	8	1	2	2	9	5	10	8	2	12	1	
201_A/chicken/China/Cang 3	2	0	3	3	1	5	0	0	3	0	1	5	2	0	1	5	2	4	1	7	2	1	1	5	3	5	2	6	1	10	2	3	3	4	8	4	10	6	1	3	3	5	7	12	3	6	6	3	9	5	3	5	8	2	2	0	7	8	6	8	3	9	5	
202_A/chicken/China/E93/ 4	3	1	2	3	0	4	1	2	5	0	1	1	0	0	1	6	2	3	1	6	2	2	1	5	3	2	2	6	1	13	2	3	7	7	6	6	4	5	2	4	5	5	6	13	3	8	5	2	8	5	4	4	7	1	1	3	9	6	7	5	2	11	4	
203_A/chicken/China/E96/ 4	3	1	2	3	0	4	1	2	5	0	1	1	0	0	1	6	2	3	1	6	2	2	1	5	3	2	2	6	1	13	2	3	7	7	6	6	4	5	2	3	5	5	6	14	3	8	5	2	8	5	4	4	7	1	1	3	9	6	7	5	2	11	4	
204_A/chicken/Chiping/03 4	3	1	2	3	0	4	1	1	5	0	1	2	0	0	1	6	2	3	1	6	2	2	1	5	3	2	2	6	1	13	2	2	8	7	6	6	3	5	2	3	6	5	6	14	2	8	5	4	8	5	4	3	7	1	1	3	9	6	7	5	2	11	4	
205_A/chicken/chongqing/ 3	2	0	3	3	1	5	0	0	4	0	1	4	1	0	1	5	2	4	1	7	2	1	1	5	3	4	2	7	1	11	2	3	3	4	8	4	10	6	1	3	3	5	8	12	3	6	5	3	8	5	3	5	8	2	2	0	8	10	7	8	3	7	4	
206_A/chicken/Chongqing/ 3	2	0	3	3	1	5	0	0	4	0	1	4	1	0	1	5	2	4	1	7	2	1	1	5	3	4	2	7	1	11	2	3	3	4	8	4	10	6	1	3	3	5	8	12	3	6	5	3	8	5	3	5	8	2	2	0	8	10	7	8	3	7	4	
207_A/chicken/Dongguan/2 4	3	1	2	3	0	4	1	0	5	0	1	2	0	0	1	5	2	4	2	7	2	1	0	6	4	0	3	6	0	15	1	2	5	9	6	7	5	4	1	2	5	5	8	14	3	8	3	2	8	5	3	4	8	1	2	1	9	5	9	8	2	12	2	
208_A/chicken/Dongguan/3 4	3	1	2	3	0	4	1	0	5	0	1	2	0	0	1	5	2	4	2	7	2	1	0	7	4	0	3	5	0	15	1	2	5	9	6	7	5	4	1	2	5	5	8	14	3	8	3	2	8	5	3	4	8	1	2	1	9	5	9	8	2	12	2	
209_A/chicken/Dongguan/4 4	3	2	2	3	0	3	1	0	5	0	1	2	0	0	1	5	2	4	2	7	2	1	0	6	4	0	3	6	0	15	1	2	5	9	6	7	5	4	1	2	5	5	8	14	3	8	3	2	8	5	3	4	8	1	2	1	9	6	9	8	2	11	2	
210_A/chicken/Fujian/05. 4	3	1	2	3	0	4	1	0	5	0	1	3	0	0	1	5	2	4	2	7	2	1	0	6	4	0	3	5	0	15	1	2	5	9	6	7	5	4	1	2	5	5	7	14	3	8	4	2	8	5	3	4	8	1	2	1	9	6	9	8	2	11	2	
211_A/chicken/Fujian/09. 4	3	1	2	3	0	4	1	0	5	0	1	3	0	0	1	5	2	4	2	7	2	1	0	6	4	0	3	5	0	15	1	2	5	9	6	7	5	4	1	2	5	5	7	14	3	8	4	2	8	5	3	4	8	1	2	1	9	5	9	8	2	12	2	
212_A/chicken/Fujian/10. 4	3	1	2	3	0	4	1	0	5	0	1	2	0	0	1	5	2	4	2	7	2	1	0	6	4	0	3	6	0	15	1	2	5	9	6	7	5	4	1	2	5	5	8	14	3	8	3	2	8	5	3	4	8	1	2	1	9	5	9	8	2	12	2	
213_A/chicken/Fujian/11. 4	2	0	2	2	1	5	1	1	4	0	1	3	0	0	1	5	2	3	2	7	2	2	0	4	4	3	1	7	0	12	3	3	9	4	6	5	3	8	2	1	5	5	5	14	2	9	4	2	10	4	3	5	6	3	1	4	11	4	9	4	1	13	4	
214_A/chicken/Gansu/5/20 5	2	2	3	2	1	3	0	3	5	0	1	1	0	0	1	5	2	4	1	7	2	1	1	2	3	3	3	8	1	12	1	3	4	6	5	4	7	4	4	2	7	6	7	14	2	6	5	3	9	4	3	3	7	3	2	2	8	5	7	9	1	12	4	
215_A/chicken/Gansu/6/20 4	3	1	2	3	0	4	1	2	5	0	1	1	0	0	1	6	2	3	1	6	2	2	1	5	3	2	2	6	1	13	2	3	7	7	6	6	4	5	2	3	5	5	6	14	3	8	5	2	8	5	4	4	7	1	1	3	9	6	7	5	2	11	4	
216_A/chicken/Ganzhou/GZ 4	3	1	2	3	0	4	1	0	5	0	1	2	0	0	1	5	2	4	2	7	2	1	0	6	4	0	3	6	0	15	1	2	6	9	6	7	5	4	1	2	5	5	8	14	3	8	3	2	7	5	3	4	8	1	2	1	9	5	9	8	2	12	2	
217_A/chicken/Guangdong/ 4	1	0	2	2	2	5	1	1	4	0	1	2	0	0	1	5	2	3	2	7	2	2	0	6	4	5	1	5	0	10	3	5	6	4	6	3	4	8	2	2	7	3	6	14	2	10	4	4	8	4	3	4	7	3	1	3	9	9	6	4	4	8	7	
218_A/chicken/Guangdong/ 4	1	0	2	2	2	5	1	1	4	0	1	2	0	0	1	5	2	3	2	7	2	2	0	6	4	5	1	5	0	10	3	5	6	4	6	3	4	8	2	2	7	4	5	14	2	10	4	4	9	4	3	4	6	3	1	3	10	9	6	4	3	8	7	
219_A/chicken/Guangdong/ 4	3	1	2	3	0	4	1	0	5	0	1	2	0	0	1	5	2	4	1	7	2	1	1	6	3	0	2	6	1	15	2	3	5	8	4	6	6	5	3	2	4	5	6	14	4	8	5	2	8	6	3	5	7	0	2	1	8	7	7	7	3	10	4	
220_A/chicken/Guangdong/ 3	2	0	3	3	1	5	0	0	4	0	1	4	1	0	1	5	2	4	1	7	2	1	1	5	3	4	2	7	1	11	2	3	3	4	8	4	10	6	1	3	3	4	8	12	3	7	5	3	9	4	3	5	7	3	2	0	8	8	7	8	3	9	4	
221_A/chicken/Guangdong/ 3	2	0	3	3	1	5	0	0	4	0	1	4	1	0	1	5	2	4	1	7	2	1	1	5	3	4	2	7	1	11	2	3	3	4	8	4	10	6	1	3	3	4	8	12	3	7	5	3	9	4	3	5	7	3	2	0	8	8	7	8	3	9	4	
222_A/chicken/Guangdong/ 3	2	0	3	3	1	5	0	0	4	0	1	4	1	0	1	5	2	4	1	7	2	1	1	5	3	4	2	7	1	11	2	3	3	4	8	4	10	6	1	3	3	4	7	12	3	7	6	3	9	4	3	5	7	3	2	0	8	8	7	8	3	9	4	
223_A/chicken/Guangdong/ 3	2	0	3	3	1	5	0	0	5	0	1	4	0	0	1	5	2	4	1	7	2	1	1	5	3	4	2	7	1	11	2	3	3	4	8	4	10	6	1	3	3	4	8	12	3	8	4	3	8	5	3	5	8	2	2	0	8	8	8	8	3	9	3	
224_A/chicken/Guangdong/ 4	3	1	2	2	0	4	1	2	4	0	1	1	0	0	1	5	1	3	1	7	3	2	0	6	4	3	1	5	0	12	4	5	8	5	6	3	4	7	2	1	4	6	7	15	3	7	3	4	8	4	3	3	6	3	1	3	11	6	7	5	3	10	7	
225_A/chicken/Guangdong/ 3	2	0	3	3	1	5	0	0	4	0	1	4	1	0	1	5	2	4	1	7	2	1	1	5	3	4	2	7	1	11	2	3	3	4	8	4	10	6	1	3	3	5	8	12	3	6	5	4	8	5	3	4	8	2	2	1	8	8	6	7	3	9	5	
226_A/chicken/Guangxi/04 4	1	0	2	2	2	5	1	0	5	0	1	2	0	0	1	5	2	3	1	7	2	2	0	6	4	2	1	7	0	13	4	2	5	5	5	7	5	8	2	1	6	5	7	14	2	9	2	3	8	5	3	4	7	2	1	3	9	7	9	5	3	10	4	
227_A/chicken/Guangxi/16 4	3	1	2	3	0	4	1	0	6	0	1	2	0	0	1	5	1	4	2	7	4	1	0	6	3	0	2	6	0	15	2	1	5	7	5	7	6	6	2	3	5	5	7	14	3	8	4	3	6	6	3	3	9	0	2	3	8	6	10	6	2	11	1	
228_A/chicken/Guangxi/S2 4	3	1	2	3	0	4	1	0	5	0	1	2	0	0	1	5	2	4	2	7	2	1	0	6	4	0	3	6	0	15	1	2	5	8	6	7	6	5	1	2	5	5	6	14	3	8	5	2	7	6	3	4	8	0	2	2	9	5	9	7	2	12	2	
229_A/chicken/Guizhou/8. 4	1	0	2	2	2	5	1	3	4	0	1	1	0	0	1	6	2	3	1	7	2	2	0	4	4	4	1	5	0	11	4	5	8	4	6	3	3	8	2	2	5	3	4	14	3	10	6	4	7	4	3	4	8	3	1	3	10	8	5	4	3	9	8	
230_A/chicken/GY/a451/20 3	2	1	3	3	2	4	0	1	5	0	1	3	0	0	1	5	2	5	1	6	2	0	1	5	3	4	2	7	1	11	1	4	6	6	5	4	4	4	3	1	7	5	7	14	2	7	6	5	6	6	5	3	7	1	2	1	9	8	6	8	3	9	4	
231_A/Chicken/Hangzhou/E 3	2	0	3	3	1	5	0	0	4	0	1	4	1	0	1	6	2	4	1	6	2	1	1	5	3	5	2	7	1	10	2	3	3	4	8	4	10	6	1	3	3	4	8	12	3	7	5	3	9	5	3	5	7	2	2	0	8	8	7	8	3	9	4	
232_A/chicken/Hebei/3/20 4	3	1	2	3	0	4	1	1	5	0	1	2	0	0	1	6	2	3	1	6	2	2	1	4	3	2	2	7	1	13	2	3	8	7	6	6	3	5	2	3	5	6	6	14	3	7	5	3	8	5	4	3	8	1	1	3	8	6	6	5	2	11	5	
233_A/chicken/Heilongjia 4	3	1	2	3	0	4	1	0	5	0	1	2	0	0	1	5	2	4	2	7	2	1	0	6	4	0	3	6	0	15	1	3	5	9	6	6	5	4	1	2	5	5	8	14	3	8	3	2	9	5	3	4	7	1	2	1	9	5	9	8	2	12	2	
234_A/chicken/Henan/Q7/2 4	3	1	2	3	0	4	1	1	5	0	1	2	0	0	1	6	2	3	1	6	2	2	1	5	3	2	2	6	1	13	2	3	8	7	6	6	3	5	2	3	5	5	6	14	3	8	5	3	8	5	4	3	7	1	1	3	9	6	7	5	2	11	4	
235_A/chicken/Hsinchu/16 3	3	1	2	4	0	4	1	1	6	0	1	2	0	0	1	6	2	4	1	6	2	1	1	6	3	0	3	5	1	15	1	3	5	9	2	6	6	5	5	2	4	4	8	14	4	8	3	3	7	6	3	4	8	0	2	1	9	5	6	7	1	12	5	
236_A/chicken/Hubei/03.0 4	3	1	2	3	0	4	1	0	6	0	1	2	0	0	1	5	2	4	2	7	2	1	0	5	4	0	2	6	0	15	1	3	6	8	6	6	4	5	1	3	5	3	9	14	3	9	4	3	7	6	3	4	7	0	2	1	10	6	8	7	2	11	3	
237_A/chicken/Hubei/03.0 4	3	1	2	3	0	4	1	0	6	0	1	2	0	0	1	5	2	4	2	7	2	1	0	6	4	0	2	6	0	15	1	2	7	8	6	7	4	5	1	2	5	5	8	14	3	8	4	2	7	6	3	4	7	0	2	1	9	5	8	8	2	12	3	
238_A/chicken/Hubei/2856 4	3	1	2	3	0	4	1	0	5	0	1	2	0	0	1	5	2	4	1	7	2	1	1	6	3	0	3	6	1	15	1	3	5	7	4	6	6	6	3	2	4	5	6	14	4	8	5	3	8	6	3	4	7	0	2	1	8	7	7	7	3	10	4	
239_A/chicken/Hubei/ZYSJ 4	1	0	2	2	2	5	1	1	4	0	1	3	0	0	1	5	2	3	2	7	2	2	0	6	4	5	1	4	0	10	3	5	6	4	6	3	3	8	2	2	8	3	6	14	2	10	4	4	8	4	3	4	7	3	1	3	8	9	6	4	5	8	7	
240_A/chicken/Hubei/ZYSJ 4	1	0	2	2	2	5	1	1	4	0	1	3	0	0	1	5	2	3	2	7	2	2	0	6	4	5	1	4	0	10	3	5	6	4	6	3	3	8	2	2	8	3	6	14	2	10	4	4	8	4	3	4	7	3	1	3	8	9	6	4	5	8	7	
241_A/chicken/Hubei/ZYSJ 4	1	0	2	2	2	5	1	1	4	0	1	3	0	0	1	5	2	3	2	7	2	2	0	6	4	5	1	4	0	10	3	5	6	4	6	3	3	8	2	2	8	3	6	14	2	10	4	4	8	4	3	4	7	3	1	3	8	9	6	4	5	8	7	
242_A/Chicken/Huizhou/16 4	3	2	2	3	0	3	1	0	5	0	1	2	0	0	1	5	2	4	2	7	2	1	0	6	4	1	3	6	0	14	1	2	5	9	6	7	5	4	1	2	5	4	8	14	3	9	3	2	8	5	3	4	7	1	2	1	10	5	9	8	2	12	2	
243_A/chicken/Hunan/02.0 4	3	1	2	3	0	4	1	0	5	0	1	2	0	0	1	6	2	4	2	7	2	1	0	5	4	0	3	6	0	15	1	2	4	8	6	7	6	5	1	2	6	4	9	14	2	9	2	2	8	5	3	4	7	1	2	1	10	4	8	8	2	13	3	
244_A/chicken/Hunan/03.0 5	1	0	2	1	2	5	1	2	4	0	1	2	0	0	1	5	2	3	1	7	2	2	0	5	4	4	1	5	0	11	4	5	8	4	6	3	3	8	2	2	5	3	5	14	3	10	5	4	9	4	3	4	7	3	1	3	9	8	6	4	3	9	7	
245_A/chicken/Hunan/03.0 4	3	1	2	3	0	4	1	0	5	0	1	2	0	0	1	5	2	4	1	7	2	1	0	6	4	0	2	6	0	15	3	3	7	9	6	6	4	4	1	2	6	5	10	14	2	8	1	2	7	5	3	4	8	1	2	1	8	5	10	8	3	12	1	
246_A/chicken/Hunan/3.07 5	1	0	2	1	2	5	1	2	4	0	1	2	0	0	1	5	2	3	1	7	2	2	0	5	4	4	1	5	0	11	4	5	8	4	6	3	3	8	2	2	5	3	5	14	3	10	5	4	9	4	3	4	7	3	1	3	9	8	6	4	3	9	7	
247_A/chicken/Hunan/04.1 4	3	1	2	3	0	4	1	0	5	0	1	2	0	0	1	5	2	4	2	7	2	1	0	7	4	0	3	5	0	15	1	2	5	9	6	7	5	4	1	2	5	5	8	14	3	8	3	2	8	5	3	4	8	1	2	1	9	5	9	8	2	12	2	
248_A/chicken/Hunan/04.1 3	2	1	2	3	0	3	1	0	5	0	1	2	0	0	1	3	2	4	2	3	1	1	0	5	2	0	2	6	1	14	1	2	6	8	5	4	3	4	1	2	5	3	8	13	2	7	4	1	6	4	3	3	6	0	1	1	8	4	8	7	1	8	2	
249_A/chicken/Hunan/04.1 4	3	1	2	3	0	4	1	0	5	0	1	2	0	0	1	5	2	4	2	7	2	1	0	6	4	0	3	6	0	15	1	2	5	9	6	7	5	4	1	2	5	5	8	14	3	8	3	2	8	5	3	4	8	1	2	1	9	5	9	8	2	12	2	
250_A/chicken/Hunan/12.0 4	3	1	2	3	0	4	1	0	6	0	1	2	0	0	1	5	2	4	2	7	2	1	0	6	4	0	2	6	0	15	1	2	7	8	6	7	4	5	1	2	5	5	8	14	3	8	4	2	7	6	3	4	7	0	2	1	9	5	8	8	2	12	3	
251_A/chicken/Hunan/12.0 4	3	1	2	3	0	4	1	0	6	0	1	2	0	0	1	5	2	4	2	7	2	1	0	6	4	0	2	6	0	15	1	2	7	8	6	7	4	5	1	2	5	5	8	14	3	8	4	2	7	6	3	4	7	0	2	1	9	5	8	8	2	12	3	
252_A/chicken/Hunan/12.2 4	2	0	2	2	1	5	1	1	4	0	1	2	0	0	1	5	2	4	2	6	2	1	0	6	4	5	1	6	0	10	3	4	7	4	6	4	4	8	2	2	6	5	6	14	2	8	4	3	9	4	3	4	6	3	1	3	12	7	6	5	1	10	7	
253_A/chicken/Hunan/12.2 4	3	1	2	3	0	4	1	0	5	0	1	2	0	0	1	5	2	4	2	7	2	1	0	6	4	0	3	6	0	15	1	2	5	8	6	7	5	5	1	2	6	4	8	14	2	9	3	2	8	5	3	4	7	1	3	1	10	6	8	8	2	11	2	
254_A/chicken/Hunan/12.2 4	3	1	2	3	0	4	1	0	5	0	1	2	0	0	1	6	2	4	2	6	2	1	0	6	4	1	4	6	0	14	0	2	5	9	6	7	4	4	1	2	6	5	8	14	3	8	3	2	8	5	3	4	7	1	2	0	10	5	10	9	2	12	1	
255_A/chicken/Hunan/12.2 4	3	1	2	3	0	4	1	0	5	0	1	2	0	0	1	5	2	4	2	7	2	1	0	6	4	0	3	6	0	15	1	2	5	9	6	7	5	4	1	2	5	5	8	14	3	8	3	2	8	5	3	4	8	1	2	1	9	5	9	8	2	12	2	
256_A/chicken/Hunan/1793 4	3	1	2	3	0	4	1	0	5	0	1	2	0	0	1	5	2	4	1	7	2	1	1	6	3	0	2	6	1	15	2	3	5	8	4	6	6	5	3	2	4	5	7	14	4	8	4	3	7	6	3	5	7	0	2	1	8	7	7	7	3	10	4	
257_A/chicken/Hunan/3157 4	3	1	2	3	0	4	1	0	5	0	1	2	0	0	1	5	2	4	1	7	2	1	1	5	3	0	3	7	1	15	1	3	5	8	4	6	6	5	3	2	4	5	6	14	4	8	5	3	8	6	3	4	7	0	2	1	8	7	7	7	3	10	4	
258_A/chicken/Hunan/HN40 4	3	1	2	3	0	4	1	0	5	1	0	2	0	0	1	5	2	4	2	7	2	1	0	7	4	0	3	5	0	15	1	2	5	9	6	7	5	4	1	2	5	5	7	14	3	8	4	2	8	5	2	4	8	1	3	1	9	5	9	8	2	12	2	
259_A/chicken/Hunan/HN58 4	3	1	2	3	0	4	1	0	5	0	1	2	0	0	1	5	2	4	2	7	2	1	0	6	4	0	3	6	0	15	1	2	5	9	6	7	5	4	1	2	5	5	7	14	3	8	4	2	8	5	3	4	8	1	2	1	9	5	9	8	2	12	2	
260_A/chicken/Hunan/HN75 4	3	1	2	3	0	4	1	0	5	0	1	2	0	0	1	5	2	4	2	7	2	1	0	6	4	0	3	6	0	15	1	2	5	9	5	7	5	4	2	2	5	5	8	14	3	8	3	2	8	6	4	4	8	0	1	2	9	5	9	7	2	12	2	
261_A/chicken/Hunan/HN15 4	3	1	2	3	0	4	1	0	5	0	1	2	0	0	1	5	2	4	2	7	2	1	0	4	4	0	3	8	0	15	1	2	5	8	5	7	5	6	2	2	5	4	7	14	3	8	4	2	9	5	3	4	7	1	2	1	10	5	9	8	1	12	2	
262_A/chicken/Hunan/HN24 4	3	1	2	3	0	4	1	0	5	0	1	2	0	0	1	5	2	4	2	7	2	1	0	6	4	0	3	6	0	15	1	2	5	9	6	6	5	4	1	3	5	5	8	14	3	8	3	2	8	5	3	4	8	1	2	1	9	5	9	8	2	12	2	
263_A/chicken/Hunan/HN24 4	3	1	2	3	0	4	1	0	5	0	1	2	0	0	1	5	2	4	2	7	2	1	0	4	4	0	3	8	0	15	1	2	5	8	5	7	5	5	2	2	5	4	8	14	3	9	3	2	8	5	3	4	8	1	2	1	10	5	9	8	1	12	2	
264_A/chicken/Hunan/HN24 4	3	1	2	3	0	4	1	0	5	0	1	2	0	0	1	5	2	4	2	7	2	1	0	4	4	0	3	8	0	15	1	2	5	8	5	7	5	5	2	2	5	4	8	14	3	9	3	2	8	5	3	4	8	1	2	1	10	5	9	8	1	12	2	
265_A/chicken/Hunan/HN24 4	3	1	2	3	0	4	1	0	5	0	1	2	0	0	1	5	2	4	2	7	2	1	0	6	4	0	3	6	0	15	1	2	5	9	6	7	5	4	1	2	5	5	8	14	3	8	3	2	8	5	3	4	8	1	2	1	9	5	9	8	2	12	2	
266_A/chicken/Hunan/HN24 4	3	1	2	3	0	4	1	0	5	0	1	2	0	0	1	5	2	4	2	7	2	1	0	6	4	0	3	6	0	15	1	2	5	9	6	7	5	4	1	2	5	5	8	14	3	8	3	2	8	5	3	4	8	1	2	1	9	5	9	8	2	12	2	
267_A/chicken/Hunan/HN25 4	3	1	2	3	0	4	1	0	5	0	1	2	0	0	1	5	2	4	2	7	2	1	0	4	4	0	3	8	0	15	1	2	5	8	5	7	5	5	2	2	5	4	8	14	3	9	3	2	8	5	3	4	8	1	2	1	10	5	9	8	1	12	2	
268_A/chicken/Hunan/HN25 4	3	1	2	3	0	4	1	0	5	0	1	2	0	0	1	5	2	4	2	7	2	1	0	6	4	0	3	6	0	15	1	2	5	9	6	7	5	4	1	2	5	5	8	14	3	8	3	2	8	5	3	4	8	1	2	1	9	5	9	8	2	12	2	
269_A/chicken/Hunan/HN25 4	3	1	2	3	0	4	1	0	5	0	1	2	0	0	1	5	2	4	2	7	2	1	0	4	4	0	3	8	0	15	1	2	5	8	5	7	5	5	2	2	5	4	8	14	3	9	3	2	8	5	3	4	8	1	2	1	10	5	9	8	1	12	2	
270_A/chicken/Hunan/HN25 4	3	1	2	3	0	4	1	0	5	0	1	2	0	0	1	5	2	4	2	7	2	1	0	4	4	0	3	8	0	15	1	2	5	8	5	7	5	5	2	2	5	4	8	14	3	9	3	2	8	5	3	4	8	1	2	1	10	5	9	8	1	12	2	
271_A/chicken/Hunan/HN25 4	3	1	2	3	0	4	1	0	5	0	1	2	0	0	1	5	2	4	2	7	2	1	0	4	4	0	3	8	0	15	1	2	5	8	5	7	5	5	2	2	5	4	8	14	3	9	3	2	8	5	3	4	8	1	2	1	10	5	9	8	1	12	2	
272_A/chicken/Hunan/HN26 4	3	1	2	3	0	4	1	0	5	0	1	2	0	0	1	5	3	4	1	7	2	1	1	6	4	0	2	6	0	15	2	2	5	9	6	7	5	4	1	2	6	6	8	14	2	7	3	2	7	5	3	4	8	1	2	1	9	5	9	8	2	12	2	
273_A/chicken/Hunan/HN26 4	3	1	2	3	0	4	1	0	5	0	1	2	0	0	1	5	3	4	1	7	2	1	1	6	4	0	2	6	0	15	2	2	5	9	6	7	5	4	1	2	6	6	8	14	2	7	3	2	7	5	3	4	8	1	2	1	9	5	9	8	2	12	2	
274_A/chicken/Hunan/HN26 4	3	1	2	3	0	4	1	0	5	0	1	2	0	0	1	5	3	4	1	7	2	1	1	6	4	0	2	6	0	15	2	2	5	9	6	7	5	4	1	2	6	6	8	14	2	7	3	2	7	5	3	4	8	1	2	1	10	5	9	8	1	12	2	
275_A/chicken/Hunan/HN26 4	3	1	2	3	0	4	1	0	5	0	1	2	0	0	1	5	3	4	1	7	2	1	1	6	4	0	3	6	0	15	1	2	5	9	6	7	5	4	1	2	6	6	8	14	2	7	3	2	7	5	3	4	8	1	2	1	9	5	9	8	2	12	2	
276_A/chicken/Hunan/HN30 4	3	1	2	3	0	4	1	0	5	0	1	2	0	0	1	5	2	4	2	7	2	1	0	6	4	0	3	6	0	15	1	2	6	9	6	7	5	4	1	2	5	5	8	14	3	8	3	2	7	5	3	4	8	1	2	1	9	5	7	8	2	12	4	
277_A/chicken/Hunan/HN30 4	3	1	2	3	0	4	1	0	5	0	1	2	0	0	1	5	2	4	2	7	2	1	0	6	4	0	3	6	0	15	1	2	6	9	6	7	5	4	1	2	5	5	8	14	3	8	3	2	7	5	3	4	8	1	2	1	9	5	7	8	2	12	4	
278_A/chicken/Hunan/HN30 4	3	1	2	3	0	4	1	0	5	0	1	2	0	0	1	5	2	4	2	7	2	1	0	6	4	0	3	6	0	15	1	2	6	9	6	7	5	4	1	2	5	5	8	14	3	8	3	2	7	5	3	4	8	1	2	1	9	5	7	8	2	12	4	
279_A/chicken/Hunan/HN30 4	3	1	2	3	0	4	1	0	5	0	1	2	0	0	1	5	2	4	2	7	2	1	0	6	4	0	3	6	0	15	1	2	6	9	6	7	5	4	1	2	5	5	8	14	3	8	3	2	7	5	3	4	8	1	2	1	9	5	7	8	2	12	4	
280_A/chicken/Hunan/HN30 4	3	1	2	3	0	4	1	0	5	0	1	2	0	0	1	5	2	4	2	7	2	1	0	6	4	0	3	6	0	15	1	2	6	9	6	7	5	4	1	2	5	5	8	14	3	8	3	2	7	5	3	4	8	1	2	1	9	5	7	8	2	12	4	
281_A/chicken/Hunan/HN30 4	3	1	2	3	0	4	1	0	5	0	1	2	0	0	1	5	2	4	2	7	2	1	0	6	4	0	3	6	0	15	1	2	6	9	6	7	5	4	1	2	5	5	8	14	3	8	3	2	7	5	3	4	8	1	2	1	9	5	7	8	2	12	4	
282_A/chicken/Hunan/HN30 4	3	1	2	3	0	4	1	0	5	0	1	2	0	0	1	5	2	4	2	7	2	1	0	6	4	0	3	6	0	15	1	2	5	9	6	6	5	4	1	3	5	5	8	14	3	8	3	2	8	5	3	4	8	1	2	1	9	5	9	8	2	12	2	
283_A/chicken/Hunan/HN30 4	3	1	2	3	0	4	1	0	5	0	1	2	0	0	1	5	2	4	2	7	2	1	0	6	4	0	3	6	0	15	1	2	6	9	6	7	5	4	1	2	5	5	8	14	3	8	3	2	7	5	3	4	8	1	2	1	9	5	7	8	2	12	4	
284_A/chicken/Hunan/S100 4	3	1	2	3	0	4	1	0	6	0	1	3	0	0	1	5	2	4	2	7	2	1	0	6	4	0	2	5	0	15	1	3	3	8	6	7	7	5	1	2	6	5	7	14	3	8	5	2	6	6	3	3	8	0	2	2	10	7	8	7	1	10	3	
285_A/chicken/Jiangsu/03 4	1	0	2	2	2	5	1	2	4	0	1	1	0	0	1	7	2	3	2	6	2	2	0	6	4	6	1	5	0	9	3	4	8	4	6	3	4	8	2	2	4	3	5	14	3	10	5	4	7	4	2	4	7	3	2	3	9	7	6	4	5	10	7	
286_A/chicken/Jiangsu/92 4	3	1	2	3	0	4	1	0	5	0	1	2	0	0	1	5	2	4	2	7	2	1	0	6	4	0	3	6	0	15	1	2	6	8	5	7	5	5	2	2	5	6	7	14	3	7	4	2	6	6	3	3	9	0	2	3	9	6	9	7	2	11	2	
287_A/chicken/Jiangsu/10 4	3	1	2	3	0	4	1	1	4	0	1	2	0	0	1	6	2	3	1	6	2	2	1	5	3	3	2	6	1	12	2	3	5	7	6	6	5	5	2	3	7	5	8	14	3	8	3	3	9	5	4	3	7	1	1	3	9	7	7	5	1	10	4	
288_A/chicken/Jiangsu/24 4	3	1	2	3	0	4	1	0	5	0	1	2	0	0	1	5	2	4	2	7	2	1	0	6	4	0	3	6	0	15	1	2	6	8	5	6	5	5	2	3	5	5	7	14	3	8	4	3	6	6	3	3	9	0	2	2	9	5	10	7	2	12	1	
289_A/chicken/Jiangsu/k0 4	3	1	2	3	0	4	1	0	5	0	1	2	0	0	1	5	2	4	2	7	2	1	0	6	3	2	3	6	1	13	1	3	5	9	4	6	6	4	3	2	4	5	7	14	3	8	4	2	8	5	3	5	7	1	3	0	7	5	6	8	5	12	4	
290_A/chicken/Jiangsu/SE 4	3	1	2	3	0	4	1	0	5	0	1	2	0	0	1	5	2	4	2	7	2	1	0	6	4	0	2	6	0	15	2	2	6	8	5	7	5	5	2	2	4	5	7	14	4	8	4	3	6	6	3	3	9	0	2	2	9	5	10	7	2	12	1	
291_A/chicken/Jiangsu/WX 4	3	1	2	3	0	4	1	0	5	0	1	2	0	0	1	5	2	4	2	7	2	1	0	7	4	0	3	5	0	15	1	2	5	9	6	7	5	4	1	2	5	5	8	14	3	8	3	2	8	5	3	4	8	1	2	1	9	5	9	8	2	12	2	
292_A/chicken/Jiangsu/WX 4	3	1	2	3	0	4	1	0	5	0	1	2	0	0	1	5	2	4	2	7	2	1	0	7	4	0	3	5	0	15	1	2	5	9	6	7	5	4	1	2	5	5	8	14	3	8	3	2	8	5	3	4	8	1	2	1	9	5	9	8	2	12	2	
293_A/chicken/Jiangsu/XZ 4	3	1	2	3	0	4	1	1	5	0	1	2	0	0	1	6	2	3	1	6	2	2	1	5	3	2	2	6	1	13	2	3	8	7	6	6	3	5	2	3	5	4	6	14	3	9	5	3	8	5	4	3	7	1	1	3	9	6	7	5	2	11	4	
294_A/chicken/Jiangsu/YB 4	1	0	2	2	2	5	1	2	4	0	1	1	0	0	1	7	2	3	2	6	2	2	0	6	4	6	1	5	0	9	3	4	7	4	6	3	4	8	2	2	5	3	5	14	3	10	5	4	7	4	3	4	7	3	1	3	9	7	6	4	5	10	7	
295_A/chicken/Jiangxi/01 4	1	0	2	2	2	5	1	1	4	0	1	3	0	0	1	5	2	3	2	7	2	2	0	6	4	5	1	4	0	10	3	5	6	4	6	3	4	8	2	2	7	3	6	14	2	10	4	4	8	4	3	4	7	3	1	3	9	9	6	4	4	8	7	
296_A/chicken/Jiangxi/02 4	3	1	2	3	0	4	1	0	5	0	1	2	0	0	1	5	2	4	2	7	2	1	0	6	4	0	3	6	0	15	1	2	4	9	6	7	6	4	1	2	5	5	8	14	3	8	3	3	8	5	3	3	8	1	2	1	9	4	9	8	2	13	2	
297_A/chicken/Jiangxi/02 4	1	0	2	2	2	5	1	1	4	0	1	3	0	0	1	5	2	3	2	7	2	2	0	6	4	5	1	4	0	10	3	5	6	4	6	4	4	8	2	2	7	3	6	14	2	10	4	4	9	4	2	3	7	3	2	3	9	9	6	4	3	8	7	
298_A/chicken/Jiangxi/04 4	1	0	2	2	2	5	1	1	4	0	1	3	0	0	1	5	2	3	2	7	2	2	0	6	4	5	1	4	0	10	3	5	6	4	6	3	4	8	2	2	7	4	6	14	2	9	4	4	8	4	3	4	7	3	1	3	9	9	6	4	4	8	7	
299_A/chicken/Jiangxi/04 4	1	0	2	2	2	5	1	1	4	0	1	3	0	0	1	5	2	3	2	7	2	2	0	6	4	5	1	4	0	10	3	5	6	4	6	3	4	8	2	2	7	3	6	14	2	10	4	4	8	4	3	4	7	3	1	3	9	9	6	4	4	8	7	
300_A/chicken/Jiangxi/04 4	1	0	2	2	2	5	1	1	4	0	1	3	0	0	1	5	2	3	2	7	2	2	0	6	4	5	1	4	0	10	3	5	6	4	6	3	4	8	2	2	7	3	6	14	2	10	4	4	8	4	3	4	7	3	1	3	9	9	6	4	4	8	7	
301_A/chicken/Jiangxi/04 4	1	0	2	2	2	5	1	1	4	0	1	3	0	0	1	5	2	3	2	7	2	2	0	6	4	5	1	4	0	10	3	5	7	4	6	3	4	8	2	2	6	3	6	14	2	10	4	4	8	4	3	4	7	3	1	3	9	9	6	4	4	8	7	
302_A/chicken/Jiangxi/04 4	3	1	2	3	0	4	1	0	6	0	1	2	0	0	1	5	2	4	2	7	2	1	0	6	4	0	2	6	0	15	1	2	7	8	6	7	4	5	1	2	5	5	8	14	3	8	4	2	7	6	3	4	7	0	2	1	9	5	7	8	2	12	4	
303_A/chicken/Jiangxi/04 3	1	1	2	3	2	4	1	2	4	0	1	2	0	0	1	5	2	4	2	7	2	1	0	6	4	5	2	4	0	10	2	5	7	4	6	3	4	8	2	2	5	2	6	14	3	11	4	4	8	4	3	4	7	3	1	3	9	7	6	4	4	10	7	
304_A/chicken/Jiangxi/04 4	1	0	2	2	2	5	1	1	4	0	1	3	0	0	1	5	2	3	2	7	2	2	0	6	4	5	1	4	0	10	3	5	6	4	6	3	4	8	2	2	7	3	6	14	2	10	4	4	8	4	3	4	7	3	1	3	9	9	6	4	4	8	7	
305_A/chicken/Jiangxi/04 4	1	0	2	2	2	5	1	1	4	0	1	3	0	0	1	5	2	3	2	7	2	2	0	6	4	5	1	4	0	10	3	5	6	4	6	3	4	8	2	2	7	3	6	14	2	10	4	4	8	4	3	4	7	3	1	3	9	9	6	4	4	8	7	
306_A/chicken/Jiangxi/04 4	1	0	2	2	2	5	1	1	4	0	1	3	0	0	1	5	2	3	2	7	2	2	0	6	4	5	1	4	0	10	3	5	7	4	6	3	4	8	2	2	6	3	6	14	2	10	4	4	8	4	3	4	7	3	1	3	9	9	6	4	4	8	7	
307_A/chicken/Jiangxi/04 4	1	0	2	2	2	5	1	1	4	0	1	3	0	0	1	5	2	3	2	7	2	2	0	6	4	5	1	4	0	10	3	5	6	4	6	3	4	8	2	2	7	3	6	14	2	10	4	4	8	4	3	4	7	3	1	3	9	9	6	4	4	8	7	
308_A/chicken/Jiangxi/04 4	1	0	2	2	2	5	1	1	4	0	1	3	0	0	1	5	2	3	2	7	2	2	0	6	4	5	1	4	0	10	3	5	6	4	6	3	4	8	2	2	7	3	6	14	2	10	4	4	8	4	3	4	7	3	1	3	9	9	6	4	4	8	7	
309_A/chicken/Jiangxi/04 4	1	0	2	2	2	5	1	1	4	0	1	3	0	0	1	5	2	3	2	7	2	2	0	6	4	5	1	4	0	10	3	5	7	4	6	3	3	8	2	2	7	3	6	14	2	10	4	4	8	4	3	4	7	3	1	3	9	9	6	4	4	8	7	
310_A/chicken/Jiangxi/04 4	1	0	2	2	2	5	1	1	4	0	1	2	0	0	1	5	2	3	2	7	2	2	0	6	4	5	1	5	0	10	3	5	6	4	6	3	4	8	2	2	7	4	6	14	2	9	4	4	8	4	3	4	7	3	1	3	9	9	6	4	4	8	7	
311_A/chicken/Jiangxi/05 4	1	0	2	2	2	5	1	1	4	0	1	3	0	0	1	5	2	3	2	7	2	2	0	6	4	5	1	4	0	10	3	5	6	4	6	3	4	8	2	2	7	3	6	14	2	10	4	4	8	4	3	4	7	3	1	3	9	9	6	4	4	8	7	
312_A/chicken/Jiangxi/10 4	1	0	2	2	2	5	1	2	4	0	1	2	0	0	1	5	2	3	1	7	2	2	0	5	4	4	1	5	0	11	4	5	8	5	6	3	3	7	2	2	5	3	5	14	3	10	5	4	8	4	3	4	7	3	1	3	10	8	6	4	3	9	7	
313_A/chicken/Jiangxi/12 4	1	0	2	2	2	5	1	1	4	0	1	3	0	0	1	5	2	3	2	7	2	2	0	6	4	5	1	4	0	10	3	5	6	4	6	3	4	8	2	2	7	3	6	14	2	10	4	4	8	4	3	4	7	3	1	3	9	9	6	4	4	8	7	
314_A/chicken/Jiangxi/12 4	1	0	2	2	2	5	1	1	4	0	1	2	0	0	1	5	2	3	2	7	2	2	0	6	4	5	1	5	0	10	3	5	6	4	6	3	4	8	2	2	7	3	6	14	2	10	4	4	8	4	3	4	7	3	1	3	9	9	6	4	4	8	7	
315_A/chicken/Jiangxi/12 4	1	0	2	2	2	5	1	1	4	0	1	3	0	0	1	5	2	3	2	7	2	2	0	6	4	5	1	4	0	10	3	5	6	4	6	3	4	8	2	2	7	3	6	14	2	10	4	4	8	4	3	4	7	3	1	3	9	9	6	4	4	8	7	
316_A/chicken/Jiangxi/12 4	1	0	2	2	2	5	1	1	4	0	1	2	0	0	1	5	2	3	2	7	2	2	0	6	4	5	1	5	0	10	3	5	6	4	6	3	4	8	2	2	7	3	6	14	2	10	4	4	8	4	3	4	7	3	1	3	9	9	6	4	4	8	7	
317_A/chicken/Jiangxi/12 4	1	0	2	2	2	5	1	1	4	0	1	2	0	0	1	5	2	3	2	7	2	2	0	6	4	5	1	5	0	10	3	5	6	4	6	3	4	8	2	2	7	3	6	14	2	10	4	4	8	4	3	4	7	3	1	3	9	9	6	4	4	8	7	
318_A/chicken/Jiangxi/25 4	3	1	2	3	0	4	1	0	5	0	1	2	0	0	1	5	2	4	2	7	2	1	0	6	3	0	3	6	1	15	1	2	6	8	6	7	5	5	1	2	5	4	7	14	3	8	5	2	6	6	3	4	9	0	2	2	9	5	9	7	2	12	2	
319_A/Chicken/Jiangxi/45 4	1	0	2	2	2	5	1	2	4	0	1	2	0	0	1	5	2	3	2	7	2	2	0	6	4	5	1	4	0	10	3	5	6	4	6	3	3	8	2	2	8	3	6	14	2	10	4	4	8	4	3	4	7	3	1	3	8	9	6	4	5	8	7	
320_A/chicken/Jiangxi/S4 3	2	0	3	3	1	5	0	0	4	0	1	4	1	0	1	5	2	4	1	7	2	1	1	4	3	4	2	8	1	11	2	4	3	4	8	4	9	6	1	2	3	5	9	12	3	5	5	3	9	5	3	5	8	2	2	0	8	8	6	8	3	9	5	
321_A/chicken/Jilin/04.1 4	3	1	2	3	0	4	1	0	5	0	1	2	0	0	1	5	2	4	2	7	2	1	0	6	4	0	3	6	0	15	1	3	5	9	6	6	5	4	1	2	5	5	8	14	3	8	3	2	10	5	3	4	7	1	2	1	9	5	7	8	1	12	4	
322_A/chicken/Jilin/04.1 4	3	2	2	3	0	3	1	1	5	0	1	2	0	0	1	5	2	4	2	7	2	1	0	5	4	0	3	6	0	15	1	2	6	8	5	7	5	5	2	2	5	4	7	14	3	9	4	3	6	6	3	3	9	0	2	2	9	5	10	7	2	12	1	
323_A/chicken/Jilin/04.1 4	3	2	2	3	0	3	1	1	5	0	1	2	0	0	1	5	2	4	2	7	2	1	0	5	4	0	3	6	0	15	1	2	6	8	5	7	5	5	2	2	5	4	7	14	3	9	4	3	6	6	3	3	9	0	2	2	9	5	10	7	2	12	1	
324_A/chicken/Jilin/04.1 4	3	2	2	3	0	3	1	1	5	0	1	2	0	0	1	5	2	4	2	7	2	1	0	5	4	0	3	6	0	15	1	2	6	8	5	7	5	5	2	2	5	4	7	14	3	9	4	3	6	6	3	3	9	0	2	2	9	5	10	7	2	12	1	
325_A/chicken/Jilin/04.1 4	3	2	2	3	0	3	1	1	5	0	1	2	0	0	1	5	2	4	2	7	2	1	0	5	4	0	3	6	0	15	1	2	6	8	5	7	5	5	2	2	5	4	7	14	3	9	4	3	6	6	3	3	9	0	2	2	9	5	10	7	2	12	1	
326_A/chicken/Jilin/04.2 4	3	1	2	3	0	4	1	0	5	0	1	2	0	0	1	5	2	4	2	7	2	1	0	6	4	0	3	6	0	15	1	2	6	8	5	7	5	5	2	2	5	4	7	14	3	9	4	3	6	6	3	3	9	0	2	2	9	5	10	7	2	12	1	
327_A/chicken/Jilin/S125 4	3	1	2	3	0	4	1	0	6	0	1	2	0	0	1	5	1	4	2	7	4	1	0	7	3	0	2	5	0	15	2	1	6	6	5	7	6	6	2	3	5	6	7	14	3	7	4	3	6	6	3	3	9	0	2	3	7	7	10	6	3	10	1	
328_A/chicken/Jilin/S127 4	3	1	2	3	0	4	1	0	6	0	1	2	0	0	1	5	1	4	2	7	4	1	0	7	3	0	2	5	0	15	2	1	6	6	5	7	6	6	2	3	5	6	7	14	3	7	4	3	6	6	3	3	9	0	2	3	7	7	10	6	3	10	1	
329_A/chicken/Kaohsiung/ 3	2	1	2	4	1	4	1	1	6	0	1	2	0	0	1	5	2	4	1	7	2	1	1	5	3	0	3	6	1	15	1	4	5	9	3	5	6	5	4	2	5	4	8	14	3	8	3	3	6	6	3	4	9	0	2	1	9	5	6	7	1	12	5	
330_A/chicken/Kaohsiung/ 3	2	1	2	4	2	4	1	1	6	0	1	2	0	0	1	5	2	4	1	7	2	1	1	5	3	0	3	6	1	15	1	3	5	9	3	6	6	5	4	2	5	4	8	14	3	8	3	3	6	6	3	3	8	0	2	2	9	5	6	7	1	12	5	
331_A/chicken/Kaohsiung/ 3	2	1	2	4	1	4	1	1	6	0	1	2	0	0	1	5	2	4	1	7	2	1	1	5	3	0	3	6	1	15	1	3	5	9	3	6	6	5	4	2	5	4	8	14	3	8	3	3	6	6	3	4	9	0	2	1	9	5	6	7	1	12	5	
332_A/chicken/Kaohsiung/ 3	2	1	2	4	1	4	1	1	6	0	1	2	0	0	1	5	2	4	1	7	2	1	1	5	3	0	3	6	1	15	1	4	5	9	3	5	6	5	4	2	5	4	8	14	3	8	3	3	6	6	3	4	9	0	2	1	9	5	6	7	1	12	5	
333_A/chicken/Kaohsiung/ 3	2	1	2	4	1	4	1	1	6	0	1	2	0	0	1	5	2	4	1	7	2	1	1	5	3	0	3	6	1	15	1	4	5	9	3	5	6	5	4	2	5	4	7	14	3	8	4	3	6	6	3	4	9	0	2	1	9	5	6	7	1	12	5	
334_A/chicken/Kaohsiung/ 3	2	1	2	4	1	4	1	1	6	0	1	2	0	0	1	5	2	4	1	7	2	1	1	5	3	0	3	6	1	15	1	3	5	9	3	6	6	5	4	2	5	4	7	14	3	8	4	3	6	6	3	4	9	0	2	1	9	5	5	7	1	12	6	
335_A/chicken/Kaohsiung/ 3	2	1	2	4	1	4	1	1	6	0	1	2	0	0	1	5	2	4	1	7	2	1	1	5	3	0	3	5	1	15	1	3	5	9	3	6	6	5	4	2	5	4	8	15	3	8	3	3	6	6	3	4	9	0	2	1	9	5	6	7	1	12	5	
336_A/chicken/Kaohsiung/ 3	3	1	2	4	0	4	1	1	6	0	1	2	0	0	1	6	2	4	1	6	2	1	1	6	3	0	3	5	1	15	1	3	5	8	2	6	6	6	5	2	4	4	8	14	4	8	3	3	7	6	3	4	8	0	2	1	9	5	6	7	1	12	5	
337_A/chicken/Kaohsiung/ 3	3	1	2	4	0	4	1	1	6	0	1	2	0	0	1	6	2	4	1	6	2	1	1	6	3	0	3	5	1	15	1	3	5	8	2	6	6	6	5	2	4	4	8	14	4	8	3	3	7	6	3	4	8	0	2	1	9	6	5	7	1	11	6	
338_A/chicken/Kaohsiung/ 3	3	1	2	4	0	4	1	1	6	0	1	2	0	0	1	6	2	3	1	6	2	2	1	6	3	1	3	5	1	14	1	3	5	8	2	6	6	6	5	2	4	4	8	14	4	8	3	3	7	6	3	4	8	0	2	1	9	5	6	7	1	12	5	
339_A/chicken/Kaohsiung/ 3	3	1	2	4	0	4	1	1	6	0	1	2	0	0	1	6	2	3	1	6	2	2	1	6	3	1	3	5	1	14	1	3	5	8	2	6	6	6	5	2	4	4	8	14	4	8	3	3	7	6	3	4	8	0	2	1	9	5	6	7	1	12	5	
340_A/chicken/Liaoning/S 4	3	1	2	3	0	4	1	1	5	0	1	2	0	0	1	6	2	3	1	6	2	2	1	4	3	3	2	7	1	12	2	3	7	7	6	6	4	5	2	3	5	5	6	14	3	8	5	3	8	5	4	3	7	1	1	3	9	6	7	5	2	11	4	
341_A/chicken/Liaoning/S 4	3	1	2	3	0	4	1	0	6	0	1	2	0	0	1	5	1	4	2	7	4	1	0	7	3	0	2	5	0	15	2	1	5	7	5	7	6	6	2	3	5	5	7	14	3	8	4	3	6	6	2	3	9	0	3	3	8	6	9	6	2	11	2	
342_A/chicken/Miaoli/150 3	2	1	2	4	1	4	1	1	6	0	1	2	0	0	1	6	2	4	1	6	2	1	1	5	3	0	3	6	1	15	1	3	5	9	3	6	6	5	4	2	5	4	7	14	3	8	4	3	6	6	3	4	9	0	2	1	9	5	6	7	1	12	5	
343_A/chicken/Nantou/161 3	2	1	2	4	1	4	1	1	6	0	1	2	0	0	1	5	2	4	1	7	2	1	1	5	3	0	3	6	1	15	1	4	5	9	3	5	6	5	4	2	5	4	8	14	3	8	3	3	6	6	3	4	9	0	2	1	9	5	6	7	1	12	5	
344_A/chicken/New_Taipei 3	2	1	2	4	1	4	1	1	6	0	1	2	0	0	1	5	2	4	1	7	2	1	1	5	3	0	3	6	1	15	1	3	5	9	3	6	6	5	4	2	5	4	8	14	3	8	3	3	6	6	3	4	9	0	2	1	9	5	6	7	1	12	5	
345_A/chicken/New_Taipei 3	2	1	2	4	1	4	1	1	6	0	1	2	0	0	1	5	2	4	1	7	2	1	1	5	3	0	3	6	1	15	1	3	5	9	3	6	6	5	4	2	5	4	8	14	3	8	3	3	6	6	3	4	9	0	2	1	9	5	6	7	1	12	5	
346_A/chicken/New_Taipei 3	3	1	2	4	0	4	1	1	6	0	1	2	0	0	1	6	2	4	1	6	2	1	1	6	3	0	3	5	1	15	1	3	5	8	2	6	6	6	5	2	4	4	8	14	4	8	3	3	7	6	3	4	8	0	2	1	9	5	6	7	1	12	5	
347_A/chicken/New_Taipei 3	2	1	2	4	1	4	1	1	6	0	1	2	0	0	1	5	2	4	1	7	2	1	0	5	3	0	4	6	1	15	1	3	5	9	3	6	6	5	4	2	6	4	8	14	2	8	3	3	6	6	3	4	9	0	2	1	9	5	6	7	1	12	5	
348_A/chicken/New_Taipei 3	2	1	2	4	1	4	1	1	6	0	1	2	0	0	1	5	2	4	1	7	2	1	0	5	3	0	4	6	1	15	1	3	5	9	3	6	6	5	4	2	6	4	8	14	2	8	3	3	6	6	3	4	9	0	2	1	9	5	6	7	1	12	5	
349_A/chicken/New_Taipei 3	2	1	2	4	1	4	1	1	6	0	1	2	0	0	1	5	2	4	1	7	2	1	0	5	3	0	4	6	1	15	1	3	5	9	3	6	6	5	4	2	6	4	8	14	2	8	3	3	6	6	3	4	9	0	2	1	9	5	6	7	1	12	5	
350_A/chicken/New_Taipei 3	2	1	2	4	1	4	1	1	6	0	1	2	0	0	1	5	2	4	1	7	2	1	0	5	3	0	4	6	1	15	1	3	5	9	3	6	6	5	4	2	6	4	8	14	2	8	3	3	6	6	3	4	9	0	2	1	9	5	6	7	1	12	5	
351_A/chicken/New_Taipei 3	3	1	2	4	0	4	1	1	6	0	1	2	0	0	1	7	2	4	1	5	2	1	1	6	3	0	3	5	1	15	1	3	6	9	2	6	5	5	5	2	4	4	8	14	4	8	3	3	7	6	3	4	8	0	2	1	9	5	5	7	1	12	6	
352_A/chicken/Ningxia/2/ 4	3	1	2	3	0	4	1	1	4	0	1	2	1	0	1	6	2	3	1	6	2	2	1	6	3	3	2	5	1	12	2	3	7	7	6	6	4	5	2	3	5	5	6	14	3	8	5	3	8	5	4	3	7	1	1	3	9	7	7	5	2	10	4	
353_A/chicken/Ningxia/22 4	3	1	2	3	0	4	1	1	4	0	1	2	1	0	1	6	2	3	1	6	2	2	1	6	3	3	2	5	1	12	2	3	7	7	6	6	4	5	2	3	5	5	6	14	3	8	5	3	8	5	4	3	7	1	1	3	9	7	7	5	2	10	4	
354_A/chicken/PH/A2821/2 3	2	1	3	3	2	4	0	1	5	0	1	4	0	0	1	5	2	5	1	6	3	0	1	5	3	5	2	6	1	10	1	4	5	6	5	4	3	4	3	1	6	5	7	15	2	7	6	4	8	7	5	4	6	0	2	1	10	9	6	7	3	8	4	
355_A/chicken/Pingtung/1 3	2	1	2	4	1	4	1	1	6	0	1	2	0	0	1	6	2	4	1	6	2	1	1	5	3	0	3	6	1	15	1	3	5	9	3	5	7	5	4	2	5	4	8	14	3	8	3	3	6	6	3	4	9	0	2	1	9	5	6	7	1	12	5	
356_A/chicken/Pingtung/1 3	2	1	2	4	1	4	1	1	6	0	1	2	0	0	1	6	2	4	1	6	2	1	1	5	3	0	3	6	1	15	1	3	5	8	3	6	6	6	4	2	5	4	8	14	3	8	3	3	6	6	3	3	9	0	2	2	9	5	6	7	1	12	5	
357_A/chicken/Pingtung/1 3	3	1	2	4	0	4	1	1	6	0	1	2	0	0	1	6	2	3	1	6	2	2	1	6	3	1	3	5	1	14	1	3	5	8	2	6	6	6	5	2	4	4	8	14	4	8	3	3	7	6	3	4	8	0	2	1	9	5	6	7	1	12	5	
358_A/chicken/Pingtung/1 3	3	1	2	4	0	4	1	1	6	0	1	2	0	0	1	7	2	4	1	5	2	1	1	6	3	0	3	5	1	15	1	3	6	9	2	6	5	5	5	2	4	4	8	14	4	8	3	3	7	6	3	4	8	0	2	1	9	5	5	7	1	12	6	
359_A/chicken/PT/a158/20 3	3	1	3	3	1	4	0	1	5	0	1	4	0	0	1	5	2	5	1	6	2	0	1	5	3	4	2	6	1	11	1	4	5	6	5	4	4	4	3	1	7	5	7	14	2	7	6	4	7	7	5	4	7	0	2	1	9	8	6	8	3	9	4	
360_A/chicken/Qingdao/1/ 4	3	1	2	3	0	4	1	1	5	0	1	2	0	0	1	6	2	3	1	6	2	2	1	5	3	3	2	6	1	12	2	3	8	7	6	6	3	5	2	3	6	6	6	14	2	7	5	3	8	5	4	3	7	1	1	3	9	6	7	5	2	11	4	
361_A/chicken/SC/a688/20 3	3	1	3	3	1	4	0	1	5	0	1	4	0	0	1	5	2	5	1	6	2	0	1	5	3	4	2	6	1	11	1	4	5	6	5	4	4	4	3	1	6	5	7	14	2	7	6	4	7	7	5	4	7	0	2	1	10	8	6	8	3	9	4	
362_A/chicken/Shaanxi/SD 3	2	0	3	3	1	5	0	0	4	0	1	4	1	0	1	5	2	4	1	7	2	1	1	5	3	3	2	7	1	12	2	3	3	4	8	4	10	6	1	3	3	5	8	12	3	6	5	3	9	5	3	5	8	2	2	0	8	8	7	8	2	9	4	
363_A/chicken/Shandong/1 4	1	0	2	2	2	5	1	2	4	0	1	1	0	0	1	7	2	3	2	6	2	2	0	6	4	6	1	5	0	9	3	4	7	4	6	3	4	8	2	2	5	3	5	14	3	10	5	4	7	4	2	4	7	3	2	3	9	7	6	4	5	10	7	
364_A/Chicken/Shandong/J 4	3	1	2	3	0	4	1	0	5	0	1	2	0	0	1	5	2	3	2	7	2	2	0	6	4	0	2	6	0	15	1	2	5	8	6	7	6	5	1	2	4	5	6	14	4	8	6	2	8	6	3	4	8	0	2	2	8	5	9	7	2	12	2	
365_A/Chicken/Shandong/J 4	3	1	2	3	0	4	1	1	5	0	1	2	0	0	1	6	2	3	1	6	2	2	1	5	3	2	2	6	1	13	2	3	7	7	6	6	4	5	2	3	5	6	6	14	3	7	5	2	8	5	4	4	7	1	1	3	9	6	7	5	2	11	4	
366_A/Chicken/Shandong/J 4	3	1	2	3	0	4	1	1	5	0	1	2	0	0	1	6	2	3	1	6	2	2	1	5	3	2	2	6	1	13	2	4	6	8	6	6	4	4	2	3	5	5	6	14	3	8	5	2	8	5	4	4	7	1	1	3	9	6	7	5	2	11	4	
367_A/Chicken/Shandong/J 4	3	1	2	3	0	4	1	1	5	0	1	2	0	0	1	6	2	3	1	6	2	2	1	5	3	3	2	6	1	12	2	3	7	7	6	6	4	5	2	3	5	5	6	14	3	8	5	3	7	5	4	3	8	1	1	3	9	6	7	5	2	11	4	
368_A/Chicken/Shandong/J 4	3	1	2	3	0	4	1	0	5	0	1	2	0	0	1	5	2	3	2	7	2	2	0	6	4	2	3	6	0	13	1	3	5	9	4	5	6	4	3	3	4	5	6	14	4	8	5	2	8	5	3	5	7	1	3	0	7	5	6	8	4	12	4	
369_A/chicken/Shandong/K 4	3	1	2	3	0	4	1	1	5	0	1	2	0	0	1	6	2	2	1	7	2	3	1	4	3	0	3	6	1	15	1	3	4	8	5	6	7	6	2	2	4	4	5	14	4	8	6	3	7	6	3	4	8	0	2	3	6	8	7	6	4	9	4	
370_A/chicken/Shandong/S 4	3	1	2	3	0	4	1	1	5	0	1	2	0	0	1	6	2	3	1	6	2	2	1	5	3	3	2	6	1	12	2	3	8	7	6	6	3	5	2	3	6	5	6	14	2	8	5	3	8	5	4	3	7	1	1	3	9	6	7	5	2	11	4	
371_A/chicken/Shanghai/S 4	3	1	2	3	0	4	1	0	5	0	1	3	0	0	1	5	2	4	2	7	2	1	0	6	4	0	2	5	0	15	2	2	6	8	5	7	5	5	2	2	5	5	8	14	3	8	3	3	6	6	3	3	9	0	2	2	9	6	10	7	2	11	1	
372_A/chicken/Shanghai/S 4	3	1	2	3	0	4	1	0	5	0	1	2	0	0	1	5	2	4	2	7	2	1	0	6	4	0	2	6	0	15	2	2	6	8	5	7	5	5	2	2	4	5	7	14	4	8	4	3	6	6	3	3	9	0	2	2	9	5	10	7	2	12	1	
373_A/chicken/Shanxi/04. 4	2	1	2	3	1	4	1	0	5	0	1	2	0	0	1	6	2	4	2	6	2	1	0	6	4	0	2	6	0	15	2	2	5	9	6	6	5	4	1	2	6	6	8	14	3	7	3	2	7	5	3	4	9	1	2	0	10	5	10	9	1	12	1	
374_A/chicken/Shanxi/12. 4	3	1	2	3	0	4	1	0	5	0	1	2	0	0	1	5	2	4	2	7	2	1	0	6	4	0	3	6	0	15	1	2	6	8	7	7	5	4	1	2	5	4	8	13	3	9	3	2	8	5	2	4	8	1	3	1	8	5	9	9	2	12	2	
375_A/chicken/Shenzhen/4 4	3	1	2	3	0	4	1	0	5	0	1	2	0	0	1	5	2	4	2	7	2	1	0	6	4	0	3	6	0	15	1	2	5	9	6	7	5	4	1	2	5	5	8	14	3	8	3	2	8	5	3	4	8	1	2	1	8	5	9	8	3	12	2	
376_A/chicken/Shenzhen/5 4	3	1	2	3	0	4	1	0	5	0	1	2	0	0	1	5	2	4	2	7	2	1	0	6	4	0	3	6	0	15	1	2	5	9	6	7	5	4	1	2	5	5	8	14	3	8	3	2	8	5	3	4	8	1	2	1	9	5	9	8	2	12	2	
377_A/chicken/Shenzhen/7 4	3	1	2	3	0	4	1	0	5	0	1	2	0	0	1	5	2	4	2	7	2	1	0	6	4	0	3	6	0	15	1	2	5	9	6	7	5	4	1	2	5	5	8	14	3	8	3	2	8	5	3	4	8	1	2	1	8	5	9	8	3	12	2	
378_A/chicken/Shenzhen/1 4	3	1	2	3	0	4	1	0	5	0	1	2	0	0	1	5	2	4	2	7	2	1	0	6	4	0	3	6	0	15	1	2	5	9	6	7	5	4	1	2	5	5	8	14	3	8	3	2	8	5	3	4	8	1	2	1	9	5	9	8	2	12	2	
379_A/chicken/Shenzhen/1 4	3	1	2	3	0	4	1	0	6	0	1	2	0	0	1	5	2	4	2	6	2	1	0	7	4	1	2	6	0	14	1	2	7	8	6	8	4	5	1	1	5	5	8	14	3	8	4	2	7	6	3	4	7	0	2	1	9	5	8	8	2	12	3	
380_A/chicken/Shenzhen/2 4	3	1	2	3	0	4	1	0	5	0	1	2	0	0	1	5	2	4	2	7	2	1	0	6	4	0	3	6	0	15	1	2	5	9	6	7	5	4	1	2	5	5	8	14	3	8	3	2	8	5	3	4	8	1	2	1	9	5	9	8	2	12	2	
381_A/chicken/Shenzhen/2 4	3	1	2	3	0	4	1	0	5	0	1	2	0	0	1	5	2	4	2	7	2	1	0	6	4	0	3	6	0	15	1	2	5	9	6	7	5	4	1	2	5	5	8	14	3	8	3	2	8	5	3	4	8	1	2	1	9	6	9	8	2	11	2	
382_A/chicken/Shenzhen/2 4	3	1	2	3	0	4	1	0	5	0	1	2	0	0	1	5	2	4	2	7	2	1	0	6	4	0	3	6	0	15	1	2	5	9	6	7	5	4	1	2	5	5	8	14	3	8	3	2	8	5	3	4	8	1	2	1	9	6	9	8	2	11	2	
383_A/chicken/Shijiazhua 4	2	1	3	3	1	4	0	1	5	0	1	2	0	0	1	6	2	3	1	6	2	2	1	6	3	2	2	5	1	13	2	3	8	7	6	6	3	5	2	3	5	5	5	14	3	8	6	3	8	5	3	3	7	1	2	3	9	6	7	5	2	11	4	
384_A/chicken/Sichuan/k1 4	3	1	2	3	0	4	1	0	5	0	1	2	0	0	1	5	2	4	2	7	2	1	0	6	4	0	3	6	0	15	1	2	5	9	6	7	5	4	1	2	5	4	8	14	3	9	3	2	8	5	3	4	7	1	2	1	10	5	9	8	2	12	2	
385_A/chicken/Sichuan/NC 4	3	1	2	3	0	4	1	0	6	0	1	2	0	0	1	5	2	4	2	7	2	1	0	6	4	0	2	6	0	15	1	2	6	8	6	7	5	5	1	2	5	5	8	14	3	8	4	2	7	6	3	4	7	0	2	1	9	5	8	8	2	12	3	
386_A/Chicken/Suzhou/j5/ 4	3	2	2	3	0	3	1	0	5	0	1	2	0	0	1	5	2	4	1	7	2	1	0	6	4	0	2	6	0	15	3	3	7	9	5	6	4	4	2	2	6	5	9	14	2	8	2	2	7	5	3	3	8	1	2	2	9	5	10	8	2	12	1	
387_A/Chicken/Suzhou/j6/ 4	3	2	2	3	0	3	1	0	5	0	1	2	0	0	1	5	2	4	1	7	2	1	0	6	4	0	2	6	0	15	3	3	7	9	5	6	4	4	2	2	6	5	9	14	2	8	2	2	7	5	3	3	8	1	2	2	9	5	10	8	2	12	1	
388_A/chicken/Taichung/1 3	2	1	2	4	1	4	1	1	6	0	1	2	0	0	1	7	2	4	1	5	2	1	1	5	3	0	3	6	1	15	1	3	5	9	3	6	6	5	4	2	5	4	8	14	3	8	3	3	6	6	3	4	9	0	2	1	9	6	6	7	1	11	5	
389_A/chicken/Taichung/1 3	2	1	2	4	1	4	1	1	6	0	1	2	0	0	1	6	2	4	1	6	2	1	1	5	3	0	3	6	1	15	1	3	5	9	3	6	6	5	4	2	5	4	8	14	3	8	3	3	6	6	3	4	9	0	2	1	9	5	6	7	1	12	5	
390_A/chicken/Taichung/1 3	2	1	2	4	1	4	1	1	6	0	1	2	0	0	1	6	2	3	1	6	2	2	1	5	3	0	3	6	1	15	1	3	5	9	3	6	6	5	4	2	5	4	8	14	3	8	3	3	6	6	3	4	9	0	2	1	9	6	6	7	1	11	5	
391_A/chicken/Taichung/1 3	2	1	2	4	1	4	1	1	6	0	1	2	0	0	1	6	1	4	1	6	3	1	1	5	4	1	4	6	0	14	0	3	5	9	2	6	6	5	5	2	5	5	8	14	3	7	3	3	7	6	3	4	7	0	2	2	10	4	6	6	1	13	5	
392_A/chicken/Tainan/150 3	2	1	2	4	1	4	1	1	6	0	1	2	0	0	1	6	2	4	1	6	2	1	1	5	3	0	3	6	1	15	1	3	5	9	3	6	6	5	4	2	5	4	8	14	3	8	3	3	6	6	3	4	9	0	2	1	9	5	6	7	1	12	5	
393_A/chicken/Tainan/160 3	2	1	2	4	1	4	1	1	6	0	1	2	0	0	1	6	2	4	1	6	2	1	1	5	3	0	3	6	1	15	1	3	5	7	4	6	6	6	4	2	5	5	8	14	3	7	3	3	6	6	3	3	9	0	2	2	9	4	5	7	1	13	6	
394_A/chicken/Tainan/170 3	2	1	2	4	1	4	1	1	6	0	1	2	0	0	1	5	2	4	1	7	2	1	1	5	3	0	3	6	1	15	1	3	5	8	5	6	6	5	3	2	5	5	7	14	3	8	3	3	6	6	3	4	9	0	2	1	9	5	6	7	1	12	5	
395_A/chicken/Taipei_Cit 3	2	1	1	4	1	4	2	1	6	0	1	2	0	0	1	5	2	4	1	7	2	1	0	5	3	0	4	6	1	15	1	3	5	9	3	6	6	5	4	2	6	4	8	14	2	8	3	3	6	6	3	4	9	0	2	1	9	5	6	7	1	12	5	
396_A/chicken/Taipei_Cit 3	3	1	2	4	0	4	1	1	6	0	1	2	0	0	1	6	2	4	1	6	2	1	1	6	3	0	3	5	1	15	1	3	5	9	2	6	6	5	5	2	4	4	8	14	4	8	3	3	7	6	3	4	8	0	2	1	8	5	5	7	2	12	6	
397_A/chicken/Taipei_Cit 3	3	1	2	4	0	4	1	1	6	0	1	2	0	0	1	6	2	4	1	6	2	1	1	6	3	0	3	5	1	15	1	3	5	7	2	6	6	7	5	2	4	4	8	14	4	8	3	3	7	6	3	4	8	0	2	1	9	6	4	7	1	11	7	
398_A/chicken/Taipei/160 3	2	1	2	4	1	4	1	1	6	0	1	2	0	0	1	5	2	4	1	7	2	1	1	5	3	0	3	6	1	15	1	4	5	9	3	5	6	5	4	2	5	4	8	14	3	8	3	3	6	6	3	4	9	0	2	1	9	5	6	7	1	12	5	
399_A/chicken/Taipei/160 3	2	1	2	4	1	4	1	1	6	0	1	2	0	0	1	5	2	4	1	7	2	1	1	5	3	0	3	6	1	15	1	4	5	9	3	5	6	5	4	2	5	4	8	14	3	8	3	3	6	6	3	4	9	0	2	1	9	5	6	7	1	12	5	
400_A/chicken/Taipei/161 3	2	1	2	4	1	4	1	1	6	0	1	2	0	0	1	5	2	4	1	7	2	1	1	5	3	1	3	6	1	14	1	3	5	9	3	6	6	5	4	2	5	4	7	14	3	8	4	3	6	6	3	4	9	0	2	1	9	5	6	7	1	12	5	
401_A/chicken/Taipei/170 3	2	1	2	4	1	4	1	1	6	0	1	2	0	0	1	5	2	4	1	7	2	1	0	5	3	0	4	6	1	15	1	3	5	9	3	6	6	5	4	2	6	4	8	14	2	8	3	3	6	6	3	4	9	0	2	1	9	5	6	7	1	12	5	
402_A/chicken/Taipei/170 3	2	1	2	4	1	4	1	1	6	0	1	2	0	0	1	5	2	4	1	7	2	1	0	5	3	0	4	6	1	15	1	3	5	9	3	6	6	5	4	2	6	4	8	14	2	8	3	3	6	6	3	4	9	0	2	1	9	5	6	7	1	12	5	
403_A/chicken/Taipei/170 3	2	1	2	4	1	4	1	1	6	0	1	2	0	0	1	5	2	4	1	7	2	1	0	5	3	0	3	6	1	15	1	3	5	9	3	6	6	5	4	2	6	4	9	14	2	8	3	3	6	6	3	4	9	0	2	1	9	5	6	7	1	12	5	
404_A/chicken/Taishun/TS 4	1	0	2	2	2	5	1	2	4	0	1	1	0	0	1	6	2	3	2	6	2	2	0	6	4	4	1	5	0	11	3	5	7	4	6	3	4	8	2	2	5	3	5	14	3	10	5	4	7	4	3	4	7	3	1	3	10	8	6	4	4	9	7	
405_A/chicken/Taishun/TS 4	1	0	2	2	2	5	1	2	4	0	1	2	0	0	1	5	2	3	2	7	2	2	0	5	4	5	1	5	0	10	3	5	7	4	5	3	3	8	3	2	7	3	5	14	2	10	5	4	8	4	3	4	7	3	1	3	9	8	6	4	4	9	7	
406_A/chicken/Taiwan/010 3	2	0	3	3	1	5	0	1	5	0	1	3	0	0	1	5	2	5	0	6	2	0	2	7	3	3	2	5	1	12	1	4	4	6	5	5	5	4	3	2	6	5	7	14	2	7	6	5	9	7	4	3	8	0	2	1	7	5	8	8	2	12	3	
407_A/chicken/Taiwan/050 3	2	1	3	3	1	4	0	1	5	0	1	4	0	0	1	5	2	5	1	6	2	0	1	6	2	4	2	5	2	11	1	4	5	6	5	4	4	4	3	1	7	5	7	14	2	7	6	4	9	7	5	3	6	0	2	3	9	9	6	7	3	8	4	
408_A/chicken/Taiwan/683 3	2	1	3	3	2	4	0	1	5	0	1	4	0	0	1	5	2	5	1	6	2	0	1	5	3	4	2	6	1	11	1	3	5	6	6	4	4	4	2	1	6	5	7	14	3	7	6	5	8	7	5	4	6	0	2	0	9	8	6	9	3	9	4	
409_A/chicken/Taiwan/011 3	2	1	2	4	1	4	1	1	6	0	1	2	0	0	1	6	2	4	1	6	2	1	1	5	3	0	3	6	1	15	1	3	5	8	4	6	6	5	4	2	5	4	8	14	3	8	3	3	6	6	3	4	9	0	2	1	9	5	6	7	1	12	5	
410_A/chicken/Taiwan/168 3	2	0	3	3	1	5	0	1	5	0	1	2	0	0	1	5	2	5	0	6	2	0	2	7	4	2	2	6	0	13	1	3	4	6	5	4	6	4	3	2	6	5	7	14	2	7	6	6	9	7	4	3	8	0	2	1	7	5	8	8	2	12	3	
411_A/chicken/Taiwan/169 3	2	0	3	3	1	5	0	1	5	0	1	2	0	0	1	5	2	5	0	6	2	0	2	7	4	2	2	6	0	13	1	3	4	6	5	4	6	4	3	2	6	5	7	14	2	7	6	6	9	7	4	3	8	0	2	1	7	5	8	8	2	12	3	
412_A/chicken/Taiwan/170 3	2	0	3	3	1	5	0	1	5	0	1	2	0	0	1	5	2	5	0	6	2	0	2	7	4	2	2	6	0	13	1	3	4	6	5	4	6	4	3	2	6	5	7	14	2	7	6	6	9	7	4	3	8	0	2	1	7	5	8	8	2	12	3	
413_A/chicken/Taiwan/171 3	2	0	3	3	1	5	0	1	5	0	1	2	0	0	1	5	2	5	0	6	2	0	2	7	4	2	2	6	0	13	1	3	4	6	5	4	6	4	3	2	6	5	7	14	2	7	6	6	9	7	4	3	8	0	2	1	7	5	8	8	2	12	3	
414_A/chicken/Taiwan/259 3	2	1	3	3	2	4	0	1	5	0	1	4	0	0	1	5	2	5	1	6	2	0	1	5	3	4	2	6	1	11	1	4	5	6	5	4	4	4	3	1	7	5	7	14	2	7	6	4	8	7	5	4	6	0	2	2	9	8	6	7	3	9	4	
415_A/chicken/Taiwan/294 3	2	1	3	3	2	4	0	2	5	0	1	3	0	0	1	5	2	5	1	6	2	0	1	6	3	4	2	5	1	11	1	4	5	6	5	4	4	4	3	1	7	5	7	14	2	7	6	4	8	7	5	4	6	0	2	2	9	8	6	7	3	9	4	
416_A/chicken/Taiwan/444 3	2	1	3	3	2	4	0	1	5	0	1	4	0	0	1	5	2	5	1	6	2	0	1	5	3	4	2	6	1	11	1	4	5	6	5	4	4	4	3	1	7	5	8	14	2	7	5	4	8	7	5	4	6	0	2	2	9	8	6	7	3	9	4	
417_A/chicken/Taiwan/735 3	2	1	3	3	2	4	0	1	5	0	1	4	0	0	1	5	2	5	1	6	2	0	1	5	3	4	2	6	1	11	1	4	5	6	5	4	4	4	3	1	7	5	7	14	2	7	6	4	8	7	5	4	6	0	2	2	9	8	6	7	3	9	4	
418_A/chicken/Taiwan/898 3	2	1	3	3	2	4	0	1	5	0	1	5	0	0	1	5	2	5	1	6	2	0	1	5	3	4	2	5	1	11	1	4	5	6	5	4	4	4	3	1	7	5	7	14	2	7	6	4	8	7	5	4	6	0	2	2	10	8	6	7	2	9	4	
419_A/chicken/Taiwan/899 3	2	1	3	3	2	4	0	1	5	0	1	5	0	0	1	5	2	5	1	6	2	0	1	5	3	4	2	5	1	11	1	4	5	6	5	4	4	4	3	1	7	5	7	14	2	7	6	4	8	7	5	4	6	0	2	2	10	8	6	7	2	9	4	
420_A/chicken/Taiwan/899 3	2	1	3	3	2	4	0	1	5	0	1	5	0	0	1	5	2	5	1	6	2	0	1	5	3	4	2	5	1	11	1	4	5	6	5	4	4	4	3	1	7	5	7	14	2	7	6	4	8	7	5	4	6	0	2	2	10	8	6	7	2	9	4	
421_A/chicken/Taiwan/A1/ 3	2	0	3	3	2	5	0	1	5	0	1	3	0	0	1	5	2	5	1	6	2	0	1	5	3	4	2	7	1	11	1	4	6	7	6	4	4	3	2	1	7	3	5	14	2	10	7	5	6	7	4	3	7	0	3	1	9	9	6	8	3	8	4	
422_A/chicken/Taiwan/a17 3	2	1	2	4	1	4	1	1	6	0	1	2	0	0	1	6	2	4	1	6	2	1	1	5	3	0	3	6	1	15	1	3	5	8	4	6	6	5	4	2	5	4	8	14	3	8	3	3	6	6	3	4	9	0	2	1	9	5	6	7	1	12	5	
423_A/chicken/Taiwan/A19 3	2	1	3	3	1	4	0	1	5	0	1	4	0	0	1	5	2	5	1	6	2	0	1	6	2	4	2	5	2	11	1	4	5	6	5	4	4	4	3	1	7	5	7	14	2	7	6	4	9	7	5	3	6	0	2	3	9	9	6	7	3	8	4	
424_A/chicken/Taiwan/D2/ 3	3	1	2	4	0	4	1	1	6	0	1	2	0	0	1	6	2	3	1	6	2	2	1	6	3	1	3	5	1	14	1	3	5	8	3	6	6	6	4	2	4	4	8	14	4	8	3	3	7	6	2	4	8	0	3	1	9	5	6	7	1	12	5	
425_A/chicken/Taiwan/D9/ 3	3	1	2	4	0	4	1	1	6	0	1	2	0	0	1	6	2	3	1	6	2	2	1	6	3	1	3	5	1	14	1	3	5	8	3	6	6	6	4	2	4	4	8	14	4	8	3	3	7	6	2	4	8	0	3	1	9	5	6	7	1	12	5	
426_A/chicken/Taiwan/u7/ 3	3	1	2	4	0	4	1	1	6	0	1	2	0	0	1	6	2	4	1	6	2	1	1	6	3	0	3	5	1	15	1	3	5	9	2	6	6	5	5	2	4	4	8	14	4	8	3	3	7	6	3	4	8	0	2	1	9	5	6	7	1	12	5	
427_A/chicken/Taiwan/x37 3	2	2	2	4	1	3	1	1	6	0	1	2	0	0	1	5	2	5	1	7	2	1	1	5	2	0	3	6	2	14	1	4	5	9	3	5	6	5	4	2	5	4	8	14	3	8	3	3	6	6	3	4	9	0	2	1	9	5	6	7	1	12	5	
428_A/chicken/TC/a504/20 3	3	1	3	3	1	4	0	1	5	0	1	4	0	0	1	5	2	5	1	6	2	0	1	4	3	4	2	7	1	11	1	4	5	6	5	4	4	4	3	1	7	5	7	14	2	7	6	4	7	7	4	4	7	0	3	1	9	8	6	8	3	9	4	
429_A/chicken/TY/a665/20 3	3	1	3	3	1	4	0	1	5	0	1	4	0	0	1	5	2	5	1	6	2	0	1	5	3	4	2	6	1	11	1	4	5	6	5	4	4	4	3	1	7	5	7	14	2	7	6	4	7	7	5	4	7	0	2	1	9	8	6	8	3	9	4	
430_A/chicken/Wuxi/7157/ 4	4	1	2	3	0	4	1	0	4	0	1	2	0	0	1	5	2	4	2	7	2	1	0	6	4	0	3	6	0	15	1	3	5	9	6	6	5	4	1	2	6	6	7	14	2	7	4	2	8	5	3	4	8	1	2	2	9	5	9	7	2	12	2	
431_A/chicken/Wuxi/7765/ 5	4	1	2	2	0	4	1	0	4	0	1	2	0	0	1	5	2	4	2	7	2	1	0	6	4	0	3	6	0	15	1	3	5	9	6	6	5	4	1	2	5	6	7	14	3	7	4	2	8	5	3	4	8	1	2	2	9	5	8	7	2	12	3	
432_A/chicken/Wuxi/SC739 4	3	1	2	3	0	4	1	0	5	0	1	2	0	0	1	5	2	4	2	7	2	1	0	7	4	0	3	5	0	15	1	2	5	9	6	7	5	4	1	2	5	5	8	14	3	8	3	2	8	5	3	4	8	1	2	1	9	5	9	8	2	12	2	
433_A/chicken/Wuxi/WX-32 4	3	1	2	3	0	4	1	0	5	0	1	2	0	0	1	5	2	4	2	7	2	1	0	6	4	0	3	6	0	15	1	2	6	8	5	7	5	5	2	2	5	5	7	14	3	8	4	2	6	6	3	4	9	0	2	2	9	5	9	7	2	12	2	
434_A/chicken/Wuxi/WX-33 4	3	1	2	3	0	4	1	0	5	0	1	2	0	0	1	5	2	4	2	7	2	1	0	6	4	0	3	6	0	15	1	2	6	8	5	7	5	5	2	2	5	5	7	14	3	8	4	2	6	6	3	4	9	0	2	2	9	5	9	7	2	12	2	
435_A/chicken/Xinjiang/S 4	3	1	2	3	0	4	1	0	5	0	1	3	0	0	1	5	2	4	2	7	2	1	0	6	4	0	2	5	0	15	2	2	6	8	5	7	5	5	2	2	5	5	8	14	3	8	3	3	6	6	3	3	9	0	2	2	9	6	10	7	2	11	1	
436_A/chicken/Xinjiang/S 4	3	1	2	3	0	4	1	0	5	0	1	3	0	0	1	5	2	4	2	7	2	1	0	6	4	0	2	5	0	15	2	2	6	8	5	7	5	5	2	2	5	5	8	14	3	8	3	3	6	6	3	3	9	0	2	2	9	6	10	7	2	11	1	
437_A/chicken/Xinjiang/S 4	3	1	2	3	0	4	1	0	5	0	1	3	0	0	1	5	2	4	2	7	2	1	0	6	4	0	2	5	0	15	2	3	6	8	5	6	5	5	2	2	5	5	8	14	3	8	3	3	6	6	3	3	9	0	2	2	9	6	10	7	2	11	1	
438_A/Chicken/Xuzhou/470 4	3	1	2	3	0	4	1	0	5	0	1	2	0	0	1	5	2	4	1	7	2	1	0	6	4	0	2	6	0	15	3	3	7	9	6	6	4	4	1	2	6	5	10	14	2	8	1	2	7	5	3	4	8	1	2	1	8	5	10	8	3	12	1	
439_A/chicken/Xuzhou/XZ6 4	3	1	2	3	0	4	1	0	5	0	1	2	0	0	1	5	2	4	2	7	2	1	0	6	4	0	3	6	0	15	1	2	6	7	6	7	4	6	1	2	5	5	8	14	3	8	3	2	7	5	3	4	9	1	2	1	8	4	9	8	3	13	2	
440_A/Chicken/Yangzhou/f 4	3	1	2	3	0	4	1	0	5	0	1	2	0	0	1	5	2	4	1	7	2	1	0	6	4	0	2	6	0	15	3	4	7	9	6	5	4	4	1	2	6	4	10	14	2	9	1	1	7	5	3	5	8	1	2	1	8	5	10	8	3	12	1	
441_A/Chicken/Yangzhou/f 4	3	1	2	3	0	4	1	0	5	0	1	2	0	0	1	5	2	4	1	7	2	1	0	6	4	0	2	6	0	15	3	4	7	9	6	5	4	4	1	2	6	4	10	14	2	9	1	1	7	5	3	5	8	1	2	1	8	5	10	8	3	12	1	
442_A/Chicken/Yangzhou/f 4	3	1	2	3	0	4	1	0	5	0	1	2	0	0	1	5	2	4	1	7	2	1	0	6	4	0	2	6	0	15	3	4	7	9	6	5	4	4	1	2	6	4	10	14	2	9	1	1	7	5	3	5	8	1	2	1	8	6	10	8	3	11	1	
443_A/chicken/Yangzhou/Y 4	3	1	2	3	0	4	1	0	6	0	1	2	0	0	1	5	2	4	2	7	2	1	0	6	4	0	2	6	0	15	1	2	7	8	6	7	4	5	1	2	5	5	8	14	3	8	4	2	7	6	3	4	7	0	2	1	9	5	8	8	2	12	3	
444_A/chicken/YL/A3190/2 3	2	1	1	3	1	4	2	1	5	0	1	5	0	0	1	6	2	5	1	5	2	0	1	5	2	4	3	5	2	11	0	4	4	6	5	4	5	4	3	1	7	5	7	14	2	7	6	5	9	7	5	2	6	0	2	3	9	10	6	7	3	7	4	
445_A/chicken/Yuhang/1/2 4	1	0	2	2	2	5	1	3	4	0	1	0	0	0	1	5	1	4	2	7	3	1	0	6	4	3	0	5	0	12	4	5	7	4	5	4	4	7	4	2	5	3	6	14	3	10	4	4	10	3	3	3	6	4	1	3	8	8	6	4	4	9	7	
446_A/chicken/Yuhang/2/2 4	1	0	2	2	2	5	1	3	4	0	1	0	0	0	1	5	1	4	2	7	3	1	0	6	4	3	0	5	0	12	4	5	7	4	5	4	4	8	3	2	5	3	6	14	3	10	4	4	10	3	3	3	6	4	1	3	8	8	6	4	4	9	7	
447_A/chicken/Yunlin/150 3	2	1	2	4	1	4	1	1	6	0	1	2	0	0	1	7	2	4	1	5	2	1	1	5	3	0	3	6	1	15	1	3	5	9	3	6	6	5	4	2	5	4	8	14	3	8	3	3	6	6	3	4	9	0	2	1	9	5	6	7	1	12	5	
448_A/chicken/Yunlin/150 3	2	1	2	4	1	4	1	1	6	0	1	2	0	0	1	6	2	4	1	6	2	1	1	5	3	0	3	6	1	15	1	3	5	9	3	6	6	5	4	2	5	3	8	14	3	9	3	3	6	6	3	4	9	0	2	1	9	5	6	7	1	12	5	
449_A/chicken/Yunlin/150 3	2	1	2	4	1	4	1	1	6	0	1	2	0	0	1	6	2	4	1	6	2	1	1	5	3	0	3	6	1	15	1	3	5	9	3	6	6	5	4	2	5	4	8	14	3	8	3	3	6	6	3	4	9	0	2	1	9	5	6	7	1	12	5	
450_A/chicken/Yunlin/150 3	2	1	2	4	1	4	1	1	6	0	1	2	0	0	1	6	2	4	1	6	2	1	1	6	3	0	3	5	1	15	1	3	5	9	3	6	6	5	4	2	5	4	7	14	3	8	4	3	6	6	3	4	9	0	2	1	9	5	6	7	1	12	5	
451_A/chicken/Yunlin/150 4	2	1	2	3	1	4	1	1	6	0	1	1	0	0	1	6	2	4	1	6	2	1	1	5	3	0	3	7	1	15	1	3	5	9	3	6	6	5	4	2	5	4	8	14	3	8	3	3	6	6	3	4	9	0	2	1	9	5	6	7	1	12	5	
452_A/chicken/Yunlin/150 4	2	1	2	3	1	4	1	1	6	0	1	2	0	0	1	6	2	4	1	6	2	1	1	5	3	0	3	6	1	15	1	3	5	9	3	6	6	5	4	2	5	4	8	14	3	8	3	3	6	6	3	4	9	0	2	1	9	5	6	7	1	12	5	
453_A/chicken/Yunlin/150 4	2	1	2	3	1	4	1	1	6	0	1	2	0	0	1	6	2	4	1	6	2	1	1	5	3	0	3	6	1	15	1	3	5	9	3	6	6	5	4	2	5	4	8	14	3	8	3	3	6	6	3	4	9	0	2	1	9	5	6	7	1	12	5	
454_A/chicken/Yunlin/150 3	2	1	2	4	1	4	1	2	6	0	1	2	0	0	1	6	2	4	1	6	2	1	1	4	3	0	3	6	1	15	1	3	5	9	3	6	6	5	4	2	5	4	8	14	3	8	3	3	6	6	3	4	8	0	2	1	10	5	6	7	1	12	5	
455_A/chicken/Yunlin/160 3	2	1	2	4	1	4	1	1	6	0	1	2	0	0	1	6	2	4	1	6	2	1	1	5	3	0	3	6	1	15	1	3	5	9	2	6	6	5	5	2	5	4	8	14	3	8	3	4	6	6	3	3	9	0	2	1	9	5	6	7	1	12	5	
456_A/chicken/Yunlin/160 3	2	1	2	4	1	4	1	1	6	0	1	2	0	0	1	6	2	4	1	6	2	1	1	5	3	0	3	6	1	15	1	3	4	8	3	6	7	6	4	2	5	4	8	14	3	8	3	3	6	6	3	4	9	0	2	1	9	4	6	7	1	13	5	
457_A/chicken/Yunlin/160 3	2	1	2	4	1	4	1	1	6	0	1	2	0	0	1	6	1	4	1	6	3	1	1	5	3	0	3	6	1	15	1	3	5	9	2	6	6	5	5	2	5	4	8	14	3	8	3	3	6	6	3	4	9	0	2	1	9	4	6	7	1	13	5	
458_A/chicken/Yunlin/160 3	2	1	2	4	1	4	1	1	6	0	1	2	0	0	1	6	2	4	1	6	2	1	1	5	3	0	3	6	1	15	1	3	5	9	3	6	6	5	4	2	5	4	8	14	3	8	3	3	6	6	3	4	9	0	2	1	9	5	6	7	1	12	5	
459_A/chicken/Yunlin/170 3	2	1	2	4	1	4	1	1	6	0	1	2	0	0	1	6	1	4	1	6	3	1	1	5	3	0	4	6	1	15	0	3	5	9	2	6	6	5	5	2	5	4	8	14	3	8	3	3	7	6	3	4	8	0	2	1	9	5	6	7	1	12	5	
460_A/chicken/Yunlin/170 3	3	1	2	4	0	4	1	1	6	0	1	2	0	0	1	6	2	4	1	6	2	1	1	6	3	0	3	5	1	15	1	3	5	9	2	6	6	5	5	2	4	4	8	14	4	8	3	3	7	6	3	4	8	0	2	1	8	5	6	7	2	12	5	
461_A/chicken/Yunlin/170 3	3	1	2	4	0	4	1	1	6	0	1	2	0	0	1	6	2	4	1	6	2	1	1	6	3	0	3	5	1	15	1	3	5	9	2	6	6	5	5	2	4	4	8	14	4	8	3	3	7	6	3	4	8	0	2	1	9	5	6	7	1	12	5	
462_A/chicken/Yunlin/170 3	3	1	2	4	0	4	1	0	6	0	1	3	0	0	1	6	2	4	1	6	2	1	1	6	3	0	3	5	1	15	1	3	5	9	2	6	6	5	5	2	4	4	8	14	4	8	3	3	7	6	3	4	8	0	2	1	9	6	6	7	1	11	5	
463_A/chicken/Yunlin/170 3	3	1	2	4	0	4	1	1	6	0	1	2	0	0	1	6	2	4	1	6	2	1	1	6	3	0	3	5	1	15	1	3	5	9	2	6	6	5	5	2	4	4	8	14	4	8	3	3	7	6	3	4	8	0	2	1	9	6	5	7	1	11	6	
464_A/chicken/Yunlin/170 3	3	1	2	4	0	4	1	1	6	0	1	2	0	0	1	6	2	4	1	6	2	1	1	6	3	0	3	5	1	15	1	3	5	8	2	5	6	6	5	3	4	4	8	14	4	8	3	3	7	6	3	4	8	0	2	2	9	5	7	6	1	12	4	
465_A/chicken/Yunlin/170 3	3	1	2	4	0	4	1	1	6	0	1	2	0	0	1	6	2	4	1	6	2	1	1	6	3	0	3	5	1	15	1	3	5	8	2	6	6	6	5	2	4	4	8	14	4	8	3	3	7	6	3	4	8	0	2	1	9	5	6	7	1	12	5	
466_A/chicken/Yunlin/170 3	3	1	2	4	0	4	1	1	6	0	1	2	0	0	1	6	2	4	1	6	2	1	1	6	3	0	3	5	1	15	1	3	5	9	2	6	6	5	5	2	4	4	8	14	4	8	3	3	7	6	3	4	8	0	2	1	9	5	5	7	1	12	6	
467_A/chicken/Yunlin/170 3	3	1	2	4	0	4	1	1	6	0	1	2	0	0	1	6	2	4	1	6	2	1	1	6	3	0	3	5	1	15	1	3	5	9	2	6	6	5	5	2	4	4	8	14	4	8	3	3	7	6	3	4	8	0	2	1	9	5	6	7	1	12	5	
468_A/chicken/Yunlin/170 3	3	1	2	4	0	4	1	1	6	0	1	2	0	0	1	6	2	4	1	6	2	1	1	6	3	0	3	5	1	15	1	3	5	9	2	6	6	5	5	2	4	4	8	14	4	8	3	3	7	6	3	4	8	0	2	1	9	5	5	7	1	12	6	
469_A/chicken/Yunlin/170 3	3	1	2	4	0	4	1	0	6	0	1	3	0	0	1	6	2	4	1	6	2	1	1	6	3	0	3	5	1	15	1	3	5	9	2	6	6	5	5	2	4	4	8	14	4	8	3	3	7	6	3	4	8	0	2	1	9	6	6	7	1	11	5	
470_A/chicken/Yunlin/170 2	3	1	2	5	0	4	1	1	6	0	1	2	0	0	1	6	2	4	1	6	2	1	1	6	3	0	3	5	1	15	1	3	5	9	2	6	6	5	5	2	4	5	8	14	4	7	3	3	7	6	3	4	8	0	2	1	9	5	6	7	1	12	5	
471_A/chicken/Yunlin/170 3	2	1	2	4	1	4	1	1	6	0	1	2	0	0	1	6	2	4	1	6	2	1	1	6	3	0	3	5	1	15	1	3	5	8	2	6	6	6	5	2	4	4	8	14	4	8	3	3	7	6	3	4	8	0	2	2	9	5	6	6	1	12	5	
472_A/chicken/Yunlin/170 3	2	1	2	4	0	4	1	1	6	0	1	2	1	0	1	6	2	4	1	6	2	1	1	6	3	0	3	5	1	15	1	3	5	8	3	6	6	5	5	2	4	4	8	14	4	8	3	3	7	6	3	4	8	0	2	1	9	5	5	7	1	12	6	
473_A/chicken/Yunlin/170 3	3	1	2	4	0	4	1	1	6	0	1	2	0	0	1	6	2	4	1	6	2	1	1	6	3	0	3	5	1	15	1	3	6	8	3	6	6	5	5	2	4	4	8	14	4	8	3	3	6	6	3	4	8	0	2	1	9	5	5	7	1	12	6	
474_A/chicken/Yunlin/170 3	3	1	2	4	0	4	1	1	6	0	1	2	0	0	1	6	2	4	1	6	2	1	1	6	3	0	3	5	1	15	1	3	5	9	2	6	6	5	5	2	4	4	8	14	4	8	3	3	7	6	3	4	8	0	2	1	9	5	5	7	1	12	6	
475_A/chicken/Yunlin/170 3	3	1	2	4	0	4	1	1	6	0	1	2	0	0	1	6	2	4	1	6	2	1	1	6	3	0	3	5	1	15	1	3	5	9	2	6	6	5	5	2	4	4	8	14	4	8	3	3	7	6	3	4	8	0	2	1	9	5	5	7	1	12	6	
476_A/chicken/Yunlin/180 3	3	1	2	4	0	4	1	1	6	0	1	2	0	0	1	6	2	4	1	6	2	1	1	6	3	0	3	5	1	15	1	3	5	9	2	6	6	5	5	2	4	4	8	14	4	8	3	3	7	6	3	4	8	0	2	1	9	5	5	7	1	12	6	
477_A/chicken/Yunlin/180 3	3	1	2	4	0	4	1	1	6	0	1	2	0	0	1	6	2	4	1	6	2	1	1	6	3	0	3	5	1	15	1	3	5	9	2	6	6	5	5	2	4	4	8	14	4	8	3	3	7	6	3	4	8	0	2	2	9	5	5	6	1	12	6	
478_A/chicken/Yunlin/180 3	3	1	2	4	0	4	1	1	6	0	1	2	0	0	1	6	2	3	1	6	2	2	1	6	3	0	3	5	1	15	1	3	5	8	2	6	6	6	5	2	4	4	8	14	4	8	3	3	7	6	3	4	8	0	2	1	9	6	5	7	1	11	6	
479_A/chicken/Yunlin/180 3	3	1	2	4	0	4	1	1	6	0	1	2	0	0	1	6	2	3	1	6	2	2	1	6	3	0	3	5	1	15	1	3	6	8	2	6	5	6	5	2	4	4	8	14	4	8	3	3	7	6	3	4	8	0	2	1	9	6	5	7	1	11	6	
480_A/chicken/Yunlin/180 3	3	1	2	4	0	4	1	1	6	0	1	2	0	0	1	6	2	3	1	6	2	2	1	6	3	0	3	5	1	15	1	3	6	8	2	6	5	6	5	2	4	4	8	14	4	8	3	3	7	6	3	4	8	0	2	1	9	6	5	7	1	11	6	
481_A/chicken/Yunlin/180 3	3	1	2	4	0	4	1	1	6	0	1	2	0	0	1	6	2	3	1	6	2	2	1	6	3	0	3	5	1	15	1	3	6	8	2	6	5	6	5	2	4	4	8	14	4	8	3	3	7	6	3	4	8	0	2	1	9	6	5	7	1	11	6	
482_A/chicken/Yunlin/180 3	3	1	2	4	0	4	1	1	6	0	1	2	0	0	1	6	2	3	1	6	2	2	1	6	3	0	3	5	1	15	1	3	5	8	2	6	6	6	5	2	4	4	8	14	4	8	3	3	7	6	3	4	8	0	2	2	9	6	5	6	1	11	6	
483_A/chicken/Yunlin/180 3	3	1	2	4	0	4	1	1	6	0	1	2	0	0	1	6	2	3	1	6	2	2	1	6	3	0	3	5	1	15	1	3	6	8	2	6	5	6	5	2	4	4	8	14	4	8	3	3	8	6	3	4	7	0	2	2	8	6	5	7	1	11	6	
484_A/chicken/Yunlin/180 3	3	1	2	4	0	4	1	1	6	0	1	2	0	0	1	6	2	3	1	6	2	2	1	6	3	0	3	5	1	15	1	3	6	8	2	6	5	6	5	2	4	4	8	14	4	8	3	3	7	6	3	4	8	0	2	1	9	6	5	7	1	11	6	
485_A/chicken/Yunlin/180 3	3	1	2	4	0	4	1	1	6	0	1	2	0	0	1	6	2	3	1	6	2	2	1	6	3	0	3	5	1	15	1	3	6	8	2	6	5	6	5	2	4	4	8	14	4	8	3	3	7	6	3	4	8	0	2	1	9	6	5	7	1	11	6	
486_A/chicken/Yunlin/180 3	3	1	2	4	0	4	1	1	7	0	1	2	0	0	1	6	2	4	1	6	2	1	1	6	3	1	3	5	1	14	1	3	5	9	2	6	6	5	5	2	4	4	8	14	4	8	3	3	7	6	3	4	8	0	2	1	8	5	5	7	1	12	6	
487_A/chicken/Yunnan/1/2 4	3	1	2	3	0	4	1	0	5	0	1	2	0	0	1	5	2	4	2	7	2	1	0	6	4	0	3	6	0	15	1	2	5	10	6	7	5	3	1	2	5	5	8	14	3	8	3	2	8	5	3	4	8	1	2	1	9	6	8	8	2	11	3	
488_A/chicken/Yunnan/02. 3	1	1	2	3	2	4	1	2	4	0	1	2	0	0	1	5	2	4	2	7	2	1	0	6	4	5	2	4	0	10	2	5	7	4	6	3	3	8	2	2	5	2	6	14	3	11	4	4	8	4	3	4	8	3	1	3	9	7	6	4	4	10	7	
489_A/chicken/Yunnan/03. 4	3	1	2	3	0	4	1	0	5	0	1	2	0	0	1	5	2	4	2	7	2	1	0	7	4	0	3	5	0	15	1	2	5	9	6	7	5	4	1	2	5	5	8	14	3	8	3	2	8	5	3	4	8	1	2	1	9	5	9	8	2	12	2	
490_A/chicken/Yunnan/03. 3	1	1	2	3	2	4	1	2	4	0	1	2	0	0	1	5	2	4	2	7	2	1	0	6	4	5	2	4	0	10	2	5	7	4	6	3	3	8	2	2	5	2	6	14	3	11	4	4	8	4	3	4	8	3	1	3	9	7	6	4	4	10	7	
491_A/chicken/Yunnan/03. 4	3	1	2	3	0	4	1	0	5	0	1	2	0	0	1	5	2	4	2	7	2	1	0	6	4	0	3	6	0	15	1	2	5	9	6	7	5	4	1	2	5	5	8	14	3	8	3	2	8	5	3	4	8	1	2	1	9	5	9	8	2	12	2	
492_A/chicken/Yunnan/03. 3	1	1	2	3	2	4	1	2	4	0	1	2	0	0	1	5	2	4	2	7	2	1	0	6	4	5	2	4	0	10	2	5	7	4	6	3	3	8	2	2	5	2	6	14	3	11	4	4	8	4	3	4	8	3	1	3	9	7	6	4	4	10	7	
493_A/chicken/Yunnan/03. 4	3	1	2	3	0	4	1	0	5	0	1	2	0	0	1	5	2	4	2	7	2	1	0	6	4	0	3	6	0	15	1	2	5	9	6	7	5	4	1	2	5	5	8	14	3	8	3	2	8	5	3	4	8	1	2	1	9	5	9	8	2	12	2	
494_A/chicken/Yunnan/07. 4	3	1	2	3	0	4	1	0	5	0	1	2	0	0	1	5	2	4	2	7	2	1	0	6	4	0	2	6	0	15	1	2	5	9	6	7	5	4	1	2	5	6	8	14	3	7	4	2	7	5	4	4	8	1	2	1	9	5	8	8	3	12	2	
495_A/Chicken/Yunnan/YN- 4	3	1	2	3	0	4	1	0	5	0	1	2	0	0	1	5	1	4	2	7	2	1	0	6	4	0	3	6	1	15	1	1	5	9	8	7	5	3	0	2	5	5	8	14	3	8	3	3	7	5	3	4	9	1	2	2	9	5	8	7	2	12	3	
496_A/Chicken/Yunnan/YN- 4	3	1	2	3	0	4	1	0	5	0	1	2	0	0	1	5	1	4	2	7	2	1	0	6	4	0	3	6	1	15	1	1	5	10	7	7	5	3	0	2	5	5	8	14	3	8	3	3	8	5	3	4	8	1	2	2	9	5	8	7	2	12	3	
497_A/Chicken/Yunnan/YN- 4	3	1	2	3	0	4	1	0	5	0	1	2	0	0	1	5	1	4	2	7	2	1	0	6	4	0	3	6	1	15	1	1	5	9	8	7	5	3	0	2	5	5	8	14	3	8	3	3	7	5	3	4	9	1	2	2	9	5	8	7	2	12	3	
498_A/chicken/Zhejiang/1 4	4	1	2	3	0	4	1	0	4	0	1	1	0	0	1	5	2	4	2	7	2	1	0	6	4	0	3	7	0	15	1	3	5	9	6	6	5	4	1	2	6	6	7	14	2	7	4	2	8	5	3	4	8	1	2	2	9	5	9	7	2	12	2	
499_A/chicken/Zhejiang/2 4	2	1	3	3	1	4	0	1	5	0	1	2	1	0	1	6	2	4	1	6	2	1	1	4	3	1	3	6	1	14	1	3	5	8	3	6	6	6	4	3	5	4	8	14	3	8	3	4	7	6	2	3	8	0	2	1	9	5	7	7	1	12	5	
500_A/chicken/Zhejiang/2 4	4	1	2	3	0	4	1	0	4	0	1	1	0	0	1	5	2	4	2	7	2	1	0	6	4	0	3	7	0	15	1	3	5	9	6	6	5	4	1	2	6	6	7	14	2	7	4	2	8	5	3	4	8	1	2	2	9	5	9	7	2	12	2	
501_A/chicken/Zhejiang/2 4	3	1	2	3	0	4	1	1	6	0	1	2	0	0	1	6	2	4	1	6	2	1	1	4	3	2	3	6	1	13	1	3	5	7	3	6	6	7	4	3	5	4	8	14	3	8	3	3	7	6	3	4	8	0	2	1	9	5	6	7	1	12	5	
502_A/chicken/Zhejiang/7 4	2	1	1	3	1	4	2	1	6	0	1	2	0	0	1	6	2	4	1	6	2	1	1	4	3	1	3	6	1	14	1	3	5	8	3	6	6	6	4	3	5	4	8	14	3	8	3	3	7	6	3	4	8	0	2	1	9	5	6	7	1	12	5	
503_A/chicken/Zhejiang/8 4	2	1	1	3	1	4	2	1	6	0	1	2	0	0	1	6	2	4	1	6	2	1	1	4	3	1	3	6	1	14	1	3	5	8	3	6	6	6	4	3	5	4	8	14	3	8	3	3	7	6	3	4	8	0	2	1	9	5	6	7	1	12	5	
504_A/chicken/Zhejiang/5 4	3	1	2	3	0	4	1	0	5	0	1	2	0	0	1	5	2	4	2	7	2	1	0	6	4	0	3	6	0	15	1	2	6	8	5	7	5	4	2	2	5	5	8	14	3	8	3	2	7	6	3	4	8	1	2	1	9	5	9	8	2	12	2	
505_A/chicken/Zhejiang/7 4	3	1	2	3	0	4	1	0	5	0	1	2	0	0	1	5	2	4	2	6	2	1	0	7	4	0	3	6	0	15	1	3	5	9	6	6	5	4	1	2	5	5	8	14	3	8	3	2	10	5	3	4	7	1	2	1	9	5	9	8	1	12	2	
506_A/chicken/Zhejiang/7 4	3	1	2	3	0	4	1	0	5	0	1	2	0	0	1	5	2	4	2	6	2	1	0	7	4	0	3	6	0	15	1	3	5	9	6	6	5	4	1	2	5	5	8	14	3	8	3	2	10	5	3	4	7	1	2	1	9	5	9	8	1	12	2	
507_A/chicken/Zhejiang/7 4	3	1	1	3	0	4	2	0	5	0	1	2	0	0	1	4	2	4	1	7	2	1	1	6	4	0	3	7	0	15	1	3	5	7	6	6	5	5	1	2	5	5	8	14	3	8	3	3	12	5	3	3	6	2	2	1	6	6	9	8	3	11	2	
508_A/chicken/Zhejiang/7 4	3	1	2	3	0	4	1	0	5	0	1	2	0	0	1	5	2	4	2	6	2	1	0	7	4	0	3	6	0	15	1	3	5	9	6	6	5	4	1	2	5	5	8	14	3	8	3	2	10	5	3	4	7	1	2	1	9	5	9	8	1	12	2	
509_A/chicken/Zhejiang/7 4	3	1	1	3	0	4	2	0	5	0	1	2	0	0	1	4	2	4	1	7	2	1	1	6	4	0	3	7	0	15	1	3	5	7	6	6	5	5	1	2	5	5	8	14	3	8	3	3	12	5	3	3	6	2	2	1	6	6	9	8	3	11	2	
510_A/chickenl/Jiangxi/E 4	3	1	2	3	0	4	1	0	5	0	1	2	0	0	1	5	2	4	2	7	2	1	0	6	4	0	3	6	0	15	1	2	5	9	6	7	5	4	1	2	5	5	8	14	3	8	3	2	8	5	3	4	8	1	2	1	9	4	9	8	2	13	2	
511_A/Chlidonias_hybrida 3	2	0	3	3	1	5	0	0	4	0	1	4	1	0	1	5	2	4	1	7	2	1	1	5	3	4	2	7	1	11	2	3	3	4	8	4	10	6	1	3	3	5	8	12	3	6	5	3	8	5	3	5	8	2	2	0	8	8	7	8	3	9	4	
512_A/Commom_Teal/Ningxi 4	3	1	3	3	0	4	0	0	5	0	1	2	0	0	1	5	2	4	2	7	2	1	0	6	4	1	3	6	0	14	1	2	5	8	6	7	5	5	1	2	5	5	8	14	3	8	3	2	9	5	3	4	8	1	2	1	8	5	8	8	2	12	3	
513_A/common_coot/Shando 3	2	0	3	3	1	5	0	0	4	0	1	4	1	0	1	5	2	4	1	7	2	1	1	5	3	4	2	7	1	11	2	3	3	4	8	4	10	6	1	3	3	5	8	12	3	6	5	3	8	5	2	5	8	2	2	0	8	8	6	8	3	9	6	
514_A/common_crane/Yunna 3	2	0	3	3	1	5	0	0	4	0	1	4	1	0	1	5	2	4	1	7	2	1	1	5	3	4	2	7	1	11	2	3	3	4	8	5	9	6	1	3	3	5	8	12	3	6	5	3	8	5	3	5	8	2	2	0	8	8	7	8	3	9	4	
515_A/common_pochard/Nin 3	1	0	3	3	2	5	0	1	4	0	1	3	1	0	1	4	2	4	1	7	2	1	1	5	3	2	2	7	1	13	2	4	4	4	8	5	9	6	1	2	4	5	8	12	3	6	5	2	9	5	3	5	7	2	2	2	8	8	5	7	2	9	6	
516_A/common_teal/Ningxi 3	2	0	3	3	1	5	0	0	4	0	1	4	1	0	1	5	2	4	1	7	2	1	1	5	3	4	2	7	1	11	2	3	3	4	7	4	10	6	2	3	3	5	8	12	3	6	5	3	8	5	3	5	8	2	2	0	8	8	7	8	3	9	4	
517_A/common_teal/Ningxi 3	1	0	3	3	2	5	0	1	4	0	1	3	1	0	1	4	2	4	1	7	2	1	1	5	3	2	2	7	1	13	2	4	4	4	8	5	9	6	1	2	4	5	8	12	3	6	5	2	9	5	3	5	7	2	2	2	8	8	5	7	2	9	6	
518_A/common_teal/Ningxi 3	1	0	3	3	2	5	0	1	4	0	1	3	1	0	1	4	2	4	1	7	2	1	1	5	3	2	2	7	1	13	2	4	4	4	8	5	9	6	1	2	4	5	8	12	3	6	5	2	9	5	3	5	7	2	2	2	8	8	5	7	2	9	6	
519_A/common_teal/Ningxi 3	1	0	3	3	2	5	0	1	4	0	1	3	1	0	1	4	2	4	1	7	2	1	1	5	3	2	2	7	1	13	2	4	4	4	8	5	9	6	1	2	4	5	8	12	3	6	5	2	9	5	3	5	7	2	2	2	8	8	5	7	2	9	6	
520_A/common_teal/Ningxi 3	1	0	3	3	2	5	0	1	4	0	1	3	1	0	1	4	2	4	1	7	2	1	1	5	3	2	2	7	1	13	2	4	4	4	8	5	9	6	1	2	4	5	8	12	3	6	5	2	9	5	3	5	7	2	2	2	8	8	5	7	2	9	6	
521_A/common_teal/Ningxi 3	1	0	3	3	2	5	0	1	4	0	1	3	1	0	1	4	2	4	1	7	2	1	1	5	3	2	2	7	1	13	2	4	4	4	8	5	9	6	1	2	4	5	8	12	3	6	5	2	9	5	3	5	7	2	2	2	8	8	5	7	2	9	6	
522_A/common_teal/Shaanx 3	2	0	3	3	1	5	0	0	4	0	1	4	1	0	1	5	2	4	1	7	2	1	1	5	3	4	2	7	1	11	2	3	3	4	7	4	10	6	2	3	3	5	8	12	3	6	5	3	8	5	3	5	8	2	2	0	8	8	7	8	3	9	4	
523_A/condor/Guangdong/1 5	3	1	2	3	0	4	1	0	5	0	1	2	0	0	1	4	2	4	1	7	2	1	1	6	3	0	3	6	1	15	1	3	7	8	5	6	5	5	2	2	3	5	6	15	4	8	5	2	8	6	3	5	7	0	2	1	9	6	8	6	2	11	3	
524_A/Copsychus_saularis 4	3	1	2	3	0	4	1	0	5	0	1	2	0	0	1	5	2	4	2	7	2	1	0	6	4	0	3	6	0	15	1	2	4	10	6	7	6	3	1	2	5	5	8	14	3	8	3	2	8	5	3	4	8	1	2	1	9	5	8	8	2	12	3	
525_A/Curlew/Hong_Kong/A 3	2	0	3	3	1	5	0	0	4	0	1	5	1	0	1	5	2	4	1	7	2	1	1	5	3	4	2	6	1	11	2	3	3	5	8	3	10	5	1	4	3	5	8	12	3	6	5	3	9	5	3	5	7	2	2	0	8	8	7	8	3	9	4	
526_A/Cygnus_atratus/Hub 3	2	0	3	3	1	5	0	1	4	0	1	3	1	0	1	5	2	4	1	7	2	1	1	5	3	2	2	7	1	13	2	3	5	4	8	5	8	6	1	2	4	5	7	13	3	6	6	3	9	5	3	4	7	2	2	1	6	8	6	8	3	9	5	
527_A/Cygnus_atratus/Hub 3	2	0	3	3	1	5	0	2	4	0	1	3	1	0	1	5	2	4	1	7	2	1	1	4	3	2	2	7	1	13	2	3	4	4	8	4	9	6	1	3	4	5	8	12	3	6	5	3	9	5	3	5	7	2	2	0	7	8	6	8	3	9	5	
528_A/Cygnus_columbianus 3	2	0	3	3	1	5	0	0	4	0	1	4	1	0	1	5	2	4	1	7	2	1	1	5	3	4	2	7	1	11	2	3	3	4	8	4	10	6	1	3	3	5	8	12	3	6	5	3	8	5	3	5	8	2	2	0	8	8	7	8	3	9	4	
529_A/Cygnus_columbianus 3	2	0	3	3	1	5	0	0	4	0	1	4	1	0	1	5	2	4	1	7	2	1	1	5	3	4	2	7	1	11	2	3	3	4	8	4	10	6	1	3	3	5	8	12	3	6	5	3	8	5	3	5	8	2	2	0	8	8	6	8	3	9	5	
530_A/Cygnus_columbianus 3	2	0	3	3	1	5	0	0	4	0	1	4	1	0	1	5	2	4	1	7	2	1	1	5	3	4	2	7	1	11	2	3	3	4	8	4	10	6	1	3	3	5	8	12	3	6	5	3	8	5	3	5	8	2	2	0	8	8	7	8	3	9	4	
531_A/Cygnus_columbianus 3	2	0	3	3	1	5	0	0	4	0	1	4	1	0	1	5	2	4	1	7	2	1	1	5	3	4	2	7	1	11	2	3	3	4	8	4	10	6	1	3	3	5	9	12	3	6	4	3	8	5	3	5	8	2	2	0	8	8	7	8	3	9	4	
532_A/Cygnus_columbianus 3	2	0	3	3	1	5	0	0	4	0	1	4	1	0	1	5	2	4	1	7	2	1	1	5	3	4	2	7	1	11	2	3	3	4	8	4	10	6	1	3	3	5	8	12	3	6	5	3	8	5	3	5	8	2	2	0	8	8	7	8	3	9	4	
533_A/Cygnus_columbianus 3	2	0	3	3	1	5	0	0	4	0	1	4	1	0	1	5	2	4	1	7	2	1	1	5	3	4	2	7	1	11	2	3	3	4	8	4	10	6	1	3	3	5	8	12	3	6	5	3	8	5	3	5	8	2	2	0	8	8	7	8	3	9	4	
534_A/Cygnus_columbianus 3	2	0	3	3	1	5	0	0	4	0	1	4	1	0	1	5	2	4	1	7	2	1	1	5	3	4	2	7	1	11	2	3	3	4	8	4	10	6	1	3	3	5	8	12	3	6	5	3	8	5	3	5	8	2	2	0	8	8	7	8	3	9	4	
535_A/Cygnus_columbianus 3	2	0	3	3	1	5	0	0	3	0	1	5	2	0	1	5	2	4	1	7	2	1	1	5	3	5	2	6	1	10	1	3	3	4	8	4	10	6	1	3	3	5	7	12	3	6	7	3	9	5	3	5	8	2	2	1	7	8	6	7	3	9	5	
536_A/Cygnus_columbianus 3	2	0	3	3	1	5	0	0	3	0	1	5	2	0	1	5	2	5	1	7	2	1	1	5	3	5	2	6	1	9	2	3	3	4	8	4	10	6	1	3	3	5	7	12	3	5	7	3	9	5	3	5	8	2	2	0	7	8	6	8	3	9	5	
537_A/Cygnus_columbianus 3	2	0	3	3	1	5	0	0	3	0	1	5	2	0	1	5	2	4	1	7	2	1	1	5	3	5	2	6	1	10	1	3	3	4	8	4	10	6	1	3	3	5	7	12	3	6	7	3	9	5	3	5	8	2	2	1	7	8	6	7	3	9	5	
538_A/Cygnus_columbianus 3	2	0	3	3	1	5	0	0	3	0	1	5	2	0	1	5	2	4	1	7	2	1	1	5	3	5	2	6	1	10	1	3	3	4	8	4	10	6	1	3	3	5	7	12	3	6	7	3	9	5	3	5	8	2	2	1	7	8	6	7	3	9	5	
539_A/domestic_green-win 5	1	0	3	2	2	5	0	1	5	0	1	1	0	0	1	5	2	3	1	7	2	2	1	5	3	3	2	7	1	12	2	3	4	5	6	4	8	5	3	2	5	6	6	14	3	6	6	5	9	5	3	3	8	2	2	1	5	8	4	8	3	9	7	
540_A/duck/Anhui/AH328/2 4	4	1	2	3	0	4	1	0	4	0	1	2	0	0	1	5	2	4	2	7	2	1	0	6	4	0	3	6	0	15	1	3	5	9	6	6	5	4	1	2	6	6	7	14	2	7	4	2	8	5	3	4	8	1	2	2	9	5	9	7	2	12	2	
541_A/duck/Anhui/S4/2016 4	4	1	2	3	0	4	1	0	4	0	1	2	0	0	1	5	2	4	2	7	2	1	0	6	4	0	3	6	0	15	1	3	5	9	6	6	5	4	1	2	6	6	7	14	2	7	4	2	8	5	3	4	8	1	2	2	9	5	9	7	2	12	2	
542_A/duck/Changhua/15A0 3	2	1	2	4	1	4	1	1	6	0	1	2	0	0	1	7	2	4	1	5	2	1	1	5	3	0	3	6	1	15	1	3	5	9	3	6	6	5	4	2	5	4	8	14	3	8	3	3	6	6	3	4	9	0	2	1	9	5	6	7	1	12	5	
543_A/duck/Changhua/15A0 3	2	1	2	4	1	4	1	1	6	0	1	2	0	0	1	6	2	4	1	6	2	1	1	4	3	0	3	6	1	15	1	3	5	9	3	6	6	5	4	3	5	4	8	14	3	8	3	3	6	6	3	4	9	0	2	1	9	5	6	7	1	12	5	
544_A/duck/Chiayi/150800 3	2	1	2	4	1	4	1	1	6	0	1	2	0	0	1	6	1	4	1	6	3	1	1	5	3	0	3	6	1	15	1	3	5	9	2	6	6	5	5	2	5	4	8	14	3	8	3	3	6	6	3	4	9	0	2	1	9	5	6	7	1	12	5	
545_A/duck/China/0936/20 4	3	2	2	3	0	3	1	0	5	0	1	2	0	0	1	5	2	4	2	7	2	1	0	6	4	0	3	6	0	15	1	2	4	9	6	7	6	4	1	2	5	5	8	14	3	8	3	2	8	5	3	4	7	1	2	1	10	5	9	8	2	12	2	
546_A/duck/China/0938/20 4	3	1	2	3	0	4	1	0	5	0	1	2	0	0	1	5	1	4	2	7	3	1	0	6	4	0	2	6	0	15	2	2	6	8	5	7	5	5	2	2	4	5	7	14	4	8	4	3	6	6	3	3	9	0	2	2	9	5	10	7	2	12	1	
547_A/duck/China/DK87/20 4	3	1	2	3	0	4	1	0	5	0	1	2	0	0	1	5	2	4	2	7	2	1	0	4	4	0	3	8	0	15	1	2	6	10	6	7	4	3	1	2	5	4	8	14	3	9	3	2	8	5	3	4	8	1	2	1	10	6	9	8	1	11	2	
548_A/duck/China/E26/201 4	3	1	2	3	0	4	1	0	5	0	1	2	0	0	1	5	2	4	2	7	2	1	0	6	4	2	3	6	0	13	1	3	6	9	5	6	5	4	2	2	4	5	8	14	4	8	3	2	8	5	3	5	7	1	3	0	8	5	6	8	3	12	4	
549_A/duck/China/E53/201 4	3	1	2	3	0	4	1	0	5	0	1	2	0	0	1	5	2	4	2	7	2	1	0	6	4	0	3	6	0	15	1	2	6	8	6	7	5	5	1	2	5	6	6	14	3	7	5	2	5	6	3	3	10	0	2	3	9	5	9	7	2	12	2	
550_A/Duck/China/H5N6/20 4	3	1	2	3	0	4	1	0	5	0	1	3	0	0	1	6	2	4	1	6	2	1	0	6	4	0	2	5	0	15	3	3	5	9	6	6	5	4	1	2	7	5	10	14	2	8	1	2	8	5	3	4	8	1	2	1	8	5	10	8	2	12	1	
551_A/duck/China/YD1516/ 4	2	1	2	3	1	4	1	1	6	0	1	2	0	0	1	6	2	4	1	6	2	1	1	4	3	3	3	6	1	12	1	3	5	8	3	6	6	6	4	3	5	4	8	14	3	8	3	3	7	6	3	4	8	0	2	1	9	5	6	7	1	12	5	
552_A/duck/Chongqing/S43 4	2	0	3	3	1	5	0	1	4	0	1	2	1	0	1	5	2	3	1	7	2	2	1	4	3	3	2	7	1	12	2	4	4	5	7	3	9	5	2	2	3	6	8	14	4	6	4	4	9	5	3	5	8	2	2	1	5	9	5	7	3	8	6	
553_A/duck/Dongguan/2685 4	3	1	2	3	0	4	1	0	5	0	1	2	0	0	1	5	2	4	2	7	2	1	0	6	4	0	3	6	0	15	1	2	5	9	6	7	6	4	1	1	5	5	8	14	3	8	3	2	8	5	3	4	8	1	2	1	8	5	9	8	3	12	2	
554_A/Duck/Dongting/D76- 4	2	0	3	3	1	5	0	1	4	0	1	2	1	0	1	5	2	3	1	7	2	2	1	5	3	3	2	6	1	12	2	2	4	5	7	5	9	5	2	2	3	6	7	15	4	6	5	3	8	5	3	5	8	2	2	1	6	8	5	7	3	9	6	
555_A/duck/Eastern_China 4	3	1	2	3	0	4	1	1	5	0	1	2	0	0	1	6	2	4	1	6	2	1	1	5	3	1	3	6	1	14	1	3	5	8	4	6	6	6	3	2	4	4	6	14	4	8	5	3	7	6	3	4	8	0	2	2	8	6	7	6	3	11	4	
556_A/duck/Eastern_China 4	3	1	2	3	0	4	1	1	5	0	1	2	0	0	1	6	2	4	1	6	2	1	1	5	3	1	3	6	1	14	1	3	5	8	4	6	6	6	3	2	4	4	6	14	4	8	5	3	7	6	3	4	8	0	2	2	8	6	7	6	3	11	4	
557_A/duck/Eastern_China 4	3	1	2	3	0	4	1	1	5	0	1	2	0	0	1	6	2	4	1	6	2	1	1	5	3	1	3	6	1	14	1	3	5	8	4	6	6	6	3	2	4	4	6	14	4	8	5	3	7	6	2	4	8	0	3	2	8	6	7	6	3	11	4	
558_A/duck/Eastern_China 4	3	1	2	3	0	4	1	1	5	0	1	2	0	0	1	6	2	4	1	6	2	1	1	5	3	1	3	6	1	14	1	3	5	8	4	6	6	6	3	2	4	4	6	14	4	8	5	3	7	6	3	4	8	0	2	2	8	6	7	6	3	11	4	
559_A/duck/Eastern_China 4	2	1	2	3	1	4	1	1	5	0	1	2	0	0	1	6	2	4	1	6	2	1	1	5	3	0	3	6	1	15	1	3	5	8	6	6	6	6	1	2	5	4	5	14	3	8	6	2	7	6	3	4	8	0	2	3	8	7	7	6	3	10	4	
560_A/duck/Eastern_China 4	2	0	2	3	1	5	1	1	5	0	1	2	0	0	1	6	2	4	1	6	2	1	1	5	3	0	3	6	1	15	1	3	5	7	3	6	6	7	4	2	4	4	7	14	4	7	5	4	7	6	3	3	8	0	2	2	8	5	7	6	3	12	4	
561_A/duck/Eastern_China 4	2	1	2	3	1	4	1	1	5	0	1	2	1	0	1	6	2	4	1	6	2	1	1	5	3	0	3	6	1	15	1	3	5	8	3	6	6	6	4	2	4	4	8	14	4	7	4	3	7	6	3	4	8	0	2	1	8	5	7	7	2	12	4	
562_A/duck/Eastern_China 4	3	1	2	3	0	4	1	1	5	0	1	2	0	0	1	6	2	4	1	6	2	1	1	5	3	1	3	6	1	14	1	4	5	10	6	5	6	4	1	2	4	4	5	14	4	8	6	3	7	6	3	4	8	0	2	2	7	7	7	6	4	10	4	
563_A/duck/Eastern_China 4	3	1	2	3	0	4	1	1	5	0	1	2	0	0	1	6	2	4	1	6	2	1	1	5	3	1	3	6	1	14	1	3	5	9	6	6	6	5	1	2	4	4	5	14	4	8	6	3	7	6	3	4	8	0	2	2	7	7	7	6	4	10	4	
564_A/duck/Eastern_China 4	3	1	2	3	0	4	1	0	5	0	1	2	0	0	1	6	2	4	1	6	2	1	1	6	3	0	3	6	1	15	1	3	5	9	6	6	6	5	1	2	4	4	5	14	4	8	6	3	7	6	3	4	8	0	2	2	7	7	7	6	4	10	4	
565_A/duck/Eastern_China 4	3	1	2	3	0	4	1	1	4	0	1	2	1	0	1	6	2	5	1	6	2	1	1	5	3	0	3	7	1	14	1	3	5	8	6	6	6	6	1	2	4	3	5	14	4	7	7	3	7	6	3	4	8	0	2	2	7	7	7	6	4	10	4	
566_A/duck/Eastern_China 4	3	1	2	3	0	3	1	1	4	0	1	2	1	0	1	6	2	4	1	5	3	1	1	5	3	0	3	6	1	15	1	3	5	8	6	6	6	6	1	2	4	4	5	14	4	8	6	1	7	6	5	4	8	0	2	3	8	7	7	6	3	10	4	
567_A/duck/Eastern_China 4	3	1	2	3	0	4	1	1	5	0	1	2	0	0	1	6	2	2	1	7	2	3	1	4	3	0	3	6	1	15	1	3	5	8	5	6	6	6	2	2	4	4	5	14	4	8	6	3	7	6	3	4	8	0	2	2	6	7	7	6	5	10	4	
568_A/duck/Eastern_China 4	2	1	2	3	1	4	1	1	6	0	1	2	0	0	1	6	2	4	1	6	2	1	1	4	3	0	3	6	1	15	1	3	5	8	3	6	6	6	4	3	5	4	8	14	3	8	3	3	7	6	3	4	8	0	2	1	9	5	6	7	1	12	5	
569_A/duck/Eastern_China 4	2	1	2	3	1	4	1	1	5	0	1	2	0	0	1	6	2	4	1	6	2	1	1	5	3	0	3	6	1	15	1	3	5	7	6	6	6	7	1	2	5	4	5	14	3	8	6	2	7	6	3	4	8	0	2	3	8	7	7	6	3	10	4	
570_A/duck/Eastern_China 4	2	1	2	3	1	4	1	0	5	0	1	2	0	0	1	5	2	4	2	7	2	1	0	6	4	0	3	6	0	15	1	3	5	9	6	6	5	4	1	2	5	5	8	14	3	8	3	2	8	5	3	4	8	1	2	1	10	5	9	8	1	12	2	
571_A/duck/Eastern_China 4	3	1	2	3	0	4	1	0	6	0	1	2	0	0	1	5	2	4	2	7	2	1	0	6	4	0	2	6	0	15	1	2	6	8	6	7	5	5	1	2	5	5	8	14	3	8	4	3	7	6	3	3	7	0	2	1	9	6	8	8	2	11	3	
572_A/duck/Eastern_China 4	2	1	2	3	1	4	1	1	6	0	1	2	0	0	1	6	2	4	1	6	2	1	1	5	3	1	3	6	1	14	1	3	5	9	3	6	6	5	4	2	5	5	8	14	3	6	4	3	7	6	3	4	8	0	2	1	8	6	7	7	2	11	4	
573_A/duck/Eastern_China 4	3	1	2	3	0	4	1	1	5	0	1	2	0	0	1	5	2	4	2	7	2	1	0	5	4	0	3	6	0	15	1	2	5	9	6	7	5	4	1	2	5	5	8	14	3	8	3	2	8	6	4	4	8	0	1	1	9	5	9	8	2	12	2	
574_A/duck/Eastern_China 4	2	1	2	3	1	4	1	1	5	0	1	1	0	0	2	6	2	4	1	6	2	1	1	5	3	0	3	6	1	15	1	3	5	6	6	6	6	8	1	2	5	4	5	14	3	8	6	2	7	6	3	4	8	0	2	3	8	7	7	6	3	10	4	
575_A/duck/Eastern_China 4	2	1	2	3	1	4	1	1	5	0	1	2	0	0	1	6	2	4	1	6	2	1	1	5	3	0	3	6	1	15	1	3	5	8	6	5	6	6	1	3	5	4	5	14	3	8	6	2	7	5	3	4	8	1	2	3	8	7	7	6	3	10	4	
576_A/duck/Fujian/1.17_F 4	3	1	2	3	0	4	1	1	5	0	1	2	0	0	1	4	2	4	2	8	2	1	0	5	4	0	3	6	0	15	1	2	7	7	4	7	4	6	3	1	5	6	8	15	3	7	3	3	7	4	2	3	9	2	3	1	8	5	8	8	2	12	3	
577_A/duck/Fujian/03.18_ 4	3	1	2	3	0	4	1	0	5	0	1	2	0	0	1	5	2	4	2	7	2	1	0	6	4	0	3	6	0	15	1	2	5	9	6	7	5	5	1	2	5	4	8	14	3	8	3	2	8	5	3	4	8	1	2	1	9	4	9	8	2	13	2	
578_A/duck/Fujian/05.07_ 4	3	1	2	3	0	4	1	0	5	0	1	3	0	0	1	5	2	4	2	7	2	1	0	6	4	0	3	5	0	15	1	2	5	9	6	7	5	4	1	2	5	5	7	14	3	8	4	2	8	5	3	4	8	1	2	1	9	6	9	8	2	11	2	
579_A/duck/Fujian/05.07_ 4	3	1	2	3	0	4	1	0	5	0	1	3	0	0	1	5	2	4	2	7	2	1	0	6	4	0	3	5	0	15	1	2	5	9	6	7	5	4	1	2	5	5	7	14	3	8	4	2	8	5	3	4	8	1	2	1	9	6	9	8	2	11	2	
580_A/duck/Fujian/05.07_ 4	3	1	2	3	0	4	1	0	5	0	1	3	0	0	1	5	2	4	2	7	2	1	0	6	4	0	3	5	0	15	1	2	5	9	6	7	5	4	1	2	5	5	7	14	3	8	4	2	8	5	3	4	8	1	2	1	9	6	9	8	2	11	2	
581_A/duck/Fujian/10.26_ 4	4	1	2	3	0	4	1	0	4	0	1	2	0	0	1	5	2	4	2	7	2	1	0	4	4	0	3	8	0	15	1	2	6	7	7	7	4	5	1	2	5	4	8	14	3	9	3	2	8	5	3	4	8	1	2	1	9	5	9	8	2	12	2	
582_A/duck/Fujian/10.26_ 3	4	1	2	4	0	4	1	0	4	0	1	2	0	0	1	5	2	4	2	7	2	1	0	4	4	0	3	8	0	15	1	2	6	8	6	7	4	5	1	2	5	4	8	14	3	9	3	2	8	5	3	4	8	1	2	1	9	5	9	8	2	12	2	
583_A/duck/Fujian/11.3_F 4	3	0	2	3	0	5	1	0	5	0	1	3	0	0	1	5	2	4	2	7	2	1	0	5	4	1	3	6	0	14	1	2	6	7	6	7	5	6	1	1	5	4	8	15	3	8	4	1	7	4	2	4	9	2	3	2	8	5	7	8	2	12	4	
584_A/duck/Fujian/11.3_F 4	3	1	2	3	0	4	1	0	5	0	1	2	0	0	1	5	2	4	2	7	2	1	0	6	4	0	3	6	0	15	1	2	6	9	5	7	5	4	2	2	5	5	8	14	3	8	3	2	8	5	2	4	8	1	3	1	8	5	9	8	2	12	2	
585_A/duck/Fujian/11.23_ 4	4	1	2	3	0	4	1	0	4	0	1	2	0	0	1	5	2	4	2	7	2	1	0	4	4	0	3	8	0	15	1	2	7	7	7	6	4	5	1	2	5	4	8	14	3	9	3	2	8	5	3	4	8	1	2	1	8	5	9	8	3	12	2	
586_A/duck/Fujian/11.23_ 4	4	0	2	3	0	5	1	0	4	0	1	3	0	0	1	5	2	4	2	7	2	1	0	4	4	0	3	7	0	15	1	2	6	7	7	7	4	5	1	2	5	5	8	14	3	7	4	2	7	5	3	4	9	1	2	1	9	5	9	8	2	12	2	
587_A/duck/Fujian/11.23_ 4	4	1	2	3	0	4	1	0	4	0	1	2	0	0	1	5	2	4	2	7	2	1	0	4	4	0	3	8	0	15	1	2	6	8	6	7	4	5	1	2	5	4	8	14	3	9	3	2	8	5	3	4	8	1	2	1	9	5	9	8	2	12	2	
588_A/duck/Fujian/12.7_F 4	3	1	2	3	0	4	1	0	5	0	1	2	0	0	1	5	2	4	2	7	2	1	0	6	4	0	3	6	0	15	1	2	6	9	5	7	5	4	2	2	5	5	8	14	3	8	3	2	8	5	2	4	8	1	3	1	8	5	9	8	2	12	2	
589_A/duck/Fujian/12.7_F 4	3	1	2	3	0	4	1	0	5	0	1	2	0	0	1	5	2	4	2	7	2	1	0	6	4	0	3	6	0	15	1	2	6	9	5	7	5	4	2	2	5	5	8	14	3	8	3	2	8	5	2	4	8	1	3	1	8	5	9	8	2	12	2	
590_A/duck/Fujian/12.7_F 4	3	1	2	3	0	4	1	0	5	0	1	2	0	0	1	5	2	4	2	7	2	1	0	6	4	0	3	6	0	15	1	2	6	9	5	7	5	4	2	2	5	5	8	14	3	8	3	2	8	5	2	4	8	1	3	1	8	5	9	8	2	12	2	
591_A/duck/Fujian/12.7_F 4	3	1	2	3	0	4	1	0	5	0	1	2	0	0	1	5	2	4	2	7	2	1	0	6	4	0	3	6	0	15	1	2	6	9	5	7	5	4	2	2	5	5	8	14	3	8	3	2	8	5	2	4	8	1	3	1	8	5	9	8	2	12	2	
592_A/duck/Fujian/S1233/ 5	3	1	2	2	0	4	1	0	5	0	1	2	0	0	1	5	2	4	1	7	2	1	0	6	4	0	2	6	0	15	3	3	7	9	6	6	4	4	1	2	6	5	8	14	2	8	3	2	7	5	3	4	8	1	2	1	8	6	10	8	3	11	1	
593_A/duck/Fujian/S1273/ 5	3	1	2	2	0	4	1	0	5	0	1	2	0	0	1	5	2	4	1	7	2	1	0	6	4	0	2	6	0	15	3	3	7	9	6	6	4	4	1	2	6	5	8	14	2	8	3	2	7	5	3	4	8	1	2	1	8	6	10	8	3	11	1	
594_A/Duck/Fujian/S4146/ 4	3	1	2	3	0	4	1	0	5	0	1	2	0	0	1	5	2	4	2	7	2	1	0	6	4	0	3	6	0	15	1	2	6	8	6	7	5	5	1	2	5	5	6	14	3	8	5	2	7	6	3	4	8	0	2	2	9	5	9	7	2	12	2	
595_A/duck/Guangdong/01. 4	3	1	2	3	0	4	1	0	5	0	1	2	0	0	1	4	2	4	2	7	2	1	0	5	4	0	3	7	0	15	1	2	5	9	6	7	5	4	1	2	5	4	8	14	3	9	3	3	8	5	3	4	8	1	2	1	9	5	9	8	2	12	2	
596_A/duck/Guangdong/01. 4	3	1	2	3	0	4	1	0	5	0	1	2	0	0	1	5	2	4	2	7	2	1	0	5	4	0	3	7	0	15	1	2	5	9	6	7	5	4	1	2	5	4	8	14	3	9	3	2	8	5	3	4	8	1	2	1	9	5	9	8	2	12	2	
597_A/duck/Guangdong/01. 4	3	1	2	3	0	4	1	0	5	0	1	2	0	0	1	5	2	4	2	7	2	1	0	5	4	0	3	7	0	15	1	2	5	9	6	7	5	4	1	2	5	4	8	14	3	9	3	2	8	5	3	4	8	1	2	1	9	5	9	8	2	12	2	
598_A/duck/Guangdong/01. 4	3	1	2	3	0	4	1	0	5	0	1	2	0	0	1	5	2	4	2	7	2	1	0	5	4	0	3	7	0	15	1	2	5	9	6	7	5	4	1	2	5	4	8	14	3	9	3	2	8	5	3	4	8	1	2	1	9	5	9	8	2	12	2	
599_A/duck/Guangdong/01. 4	3	1	2	3	0	4	1	0	5	0	1	2	0	0	1	5	2	4	2	7	2	1	0	5	4	0	3	7	0	15	1	2	5	9	6	7	5	4	1	2	5	4	8	14	3	9	3	2	8	5	3	4	8	1	2	1	9	5	9	8	2	12	2	
600_A/duck/Guangdong/01. 4	3	1	2	3	0	4	1	0	5	0	1	2	0	0	1	5	2	4	2	7	2	1	0	5	4	0	3	7	0	15	1	2	5	9	6	7	5	4	1	2	5	4	8	14	3	9	3	2	8	5	3	4	8	1	2	1	9	5	9	8	2	12	2	
601_A/duck/Guangdong/01. 4	3	1	2	3	0	4	1	0	5	0	1	2	0	0	1	5	2	4	2	7	2	1	0	5	4	0	3	7	0	15	1	2	5	9	6	7	5	4	1	2	5	4	8	14	3	9	3	2	8	5	3	4	8	1	2	1	9	5	9	8	2	12	2	
602_A/duck/Guangdong/01. 4	3	1	2	3	0	4	1	0	5	0	1	2	0	0	1	5	2	4	2	7	2	1	0	5	4	0	3	7	0	15	1	2	5	9	6	7	5	4	1	2	5	4	8	14	3	9	3	2	8	5	3	4	8	1	2	1	9	5	9	8	2	12	2	
603_A/duck/Guangdong/01. 4	3	1	2	3	0	4	1	0	5	0	1	2	0	0	1	5	2	4	2	7	2	1	0	5	4	0	3	7	0	15	1	2	5	9	6	7	5	4	1	2	5	4	8	14	3	9	3	2	8	5	3	4	8	1	2	1	9	5	9	8	2	12	2	
604_A/duck/Guangdong/01. 4	3	1	2	3	0	4	1	0	5	0	1	2	0	0	1	5	2	4	2	7	2	1	0	5	4	0	3	7	0	15	1	2	5	9	6	7	5	4	1	2	5	4	8	14	3	9	3	2	8	5	3	4	8	1	2	1	9	5	9	8	2	12	2	
605_A/duck/Guangdong/02. 4	3	1	2	3	0	4	1	0	5	0	1	2	0	0	1	5	2	4	2	7	2	1	0	6	4	0	3	6	0	15	1	2	6	9	6	7	5	4	1	2	5	5	8	14	3	8	3	2	7	5	3	4	8	1	2	1	10	5	9	8	1	12	2	
606_A/duck/Guangdong/02. 4	3	1	2	3	0	4	1	0	5	0	1	2	0	0	1	5	2	4	2	7	2	1	0	6	4	0	3	6	0	15	1	2	6	9	6	7	5	4	1	2	5	5	8	14	3	8	3	2	7	5	3	4	8	1	2	1	10	5	9	8	1	12	2	
607_A/duck/Guangdong/02. 4	3	1	2	3	0	4	1	0	5	0	1	2	0	0	1	5	2	4	2	7	2	1	0	6	4	0	3	6	0	15	1	2	6	9	6	7	5	4	1	2	5	5	8	14	3	8	3	2	7	5	3	4	8	1	2	1	10	5	9	8	1	12	2	
608_A/duck/Guangdong/02. 4	3	1	2	3	0	4	1	0	5	0	1	2	0	0	1	5	2	4	2	7	2	1	0	6	4	0	3	6	0	15	1	2	6	9	6	7	5	4	1	2	5	5	8	14	3	8	3	2	7	5	3	4	8	1	2	1	10	5	9	8	1	12	2	
609_A/duck/Guangdong/02. 4	3	1	2	3	0	4	1	0	5	0	1	2	0	0	1	5	2	4	2	7	2	1	0	6	4	0	3	6	0	15	1	2	6	9	6	7	5	4	1	2	5	5	8	14	3	8	3	2	7	5	3	4	8	1	2	1	10	5	9	8	1	12	2	
610_A/duck/Guangdong/02. 4	3	1	2	3	0	4	1	0	5	0	1	2	0	0	1	5	2	4	2	7	2	1	0	6	4	0	3	6	0	15	1	2	6	9	6	7	5	4	1	2	5	5	8	14	3	8	3	2	7	5	3	4	8	1	2	1	10	5	9	8	1	12	2	
611_A/duck/Guangdong/03. 4	4	1	2	3	0	4	1	0	4	0	1	2	0	0	1	5	2	4	2	7	2	1	0	6	4	0	3	6	0	15	1	3	5	9	6	6	5	4	1	2	5	5	8	14	3	8	3	2	8	5	3	4	8	1	2	2	9	5	9	7	2	12	2	
612_A/duck/Guangdong/03. 4	4	1	2	3	0	4	1	0	4	0	1	2	0	0	1	5	2	4	2	7	2	1	0	6	4	0	3	6	0	15	1	3	5	9	6	6	5	4	1	2	5	5	8	14	3	8	3	2	8	5	3	4	8	1	2	2	9	5	9	7	2	12	2	
613_A/duck/Guangdong/03. 4	4	1	2	3	0	4	1	0	4	0	1	2	0	0	1	5	2	4	2	7	2	1	0	6	4	0	3	6	0	15	1	3	5	9	6	6	5	4	1	2	5	5	7	14	3	8	4	2	8	5	3	4	8	1	2	2	9	5	9	7	2	12	2	
614_A/duck/Guangdong/03. 4	3	1	2	3	0	4	1	0	5	0	1	2	0	0	1	5	2	4	2	7	2	1	0	6	4	0	3	6	0	15	1	2	6	9	6	7	5	4	1	2	5	5	8	14	3	8	3	2	7	5	3	4	8	1	2	1	9	5	10	8	2	12	1	
615_A/duck/Guangdong/03. 4	4	1	2	3	0	4	1	0	4	0	1	2	0	0	1	5	2	4	2	7	2	1	0	6	4	0	3	6	0	15	1	3	5	9	6	6	5	4	1	2	5	5	7	14	3	8	4	2	8	5	3	4	8	1	2	2	9	5	9	7	2	12	2	
616_A/duck/Guangdong/03. 4	4	1	2	3	0	4	1	0	4	0	1	2	0	0	1	5	2	4	2	7	2	1	0	6	4	0	3	6	0	15	1	3	5	9	6	6	5	4	1	2	5	5	7	14	3	8	4	2	8	5	3	4	8	1	2	2	9	5	9	7	2	12	2	
617_A/duck/Guangdong/03. 4	3	0	1	3	0	5	2	1	4	0	1	2	0	0	1	5	2	4	1	6	2	1	0	3	2	3	2	8	2	12	3	2	4	4	6	4	7	6	3	3	5	6	7	16	3	6	5	3	8	5	4	3	10	2	1	1	8	7	6	9	1	10	5	
618_A/duck/Guangdong/03. 4	4	1	2	3	0	4	1	0	4	0	1	2	0	0	1	5	2	4	2	7	2	1	0	6	4	0	3	6	0	15	1	3	5	9	6	6	5	4	1	2	5	5	7	14	3	8	4	2	8	5	3	4	8	1	2	2	9	5	9	7	2	12	2	
619_A/duck/Guangdong/03. 4	3	1	2	3	0	4	1	0	5	0	1	2	0	0	1	5	2	4	2	7	2	1	0	6	4	0	3	6	0	15	1	2	6	9	6	7	5	4	1	2	5	5	8	14	3	8	3	2	7	5	3	4	8	1	2	1	9	5	10	8	2	12	1	
620_A/duck/Guangdong/03. 4	3	1	2	3	0	4	1	0	5	0	1	2	0	0	1	5	2	4	2	7	2	1	0	6	4	0	3	6	0	15	1	2	6	9	6	7	5	4	1	2	5	5	8	14	3	8	3	2	7	5	3	4	8	1	2	1	9	5	10	8	2	12	1	
621_A/duck/Guangdong/03. 4	4	1	2	3	0	4	1	0	4	0	1	2	0	0	1	5	2	4	2	7	2	1	0	6	4	0	3	6	0	15	1	3	5	9	6	6	6	4	1	2	5	5	7	14	3	8	4	2	8	5	3	4	7	1	2	2	9	5	9	7	2	12	2	
622_A/duck/Guangdong/03. 4	4	1	2	3	0	4	1	0	4	0	1	2	0	0	1	5	2	4	2	7	2	1	0	6	4	0	3	6	0	15	1	3	5	9	6	6	5	4	1	2	5	5	7	14	3	8	4	2	8	5	3	4	8	1	2	2	9	5	9	7	2	12	2	
623_A/duck/Guangdong/03. 4	4	1	2	3	0	4	1	0	4	0	1	2	0	0	1	5	2	4	2	7	2	1	0	6	4	0	3	6	0	15	1	3	5	9	6	6	5	4	1	2	5	5	7	14	3	8	4	2	8	5	3	4	8	1	2	2	9	5	9	7	2	12	2	
624_A/duck/Guangdong/03. 4	4	1	2	3	0	4	1	0	4	0	1	2	0	0	1	5	2	4	2	7	2	1	0	6	4	0	3	6	0	15	1	3	5	9	6	6	5	4	1	2	5	5	7	14	3	8	4	2	8	5	3	4	8	1	2	2	9	5	9	7	2	12	2	
625_A/duck/Guangdong/03. 4	4	1	2	3	0	4	1	0	4	0	1	2	0	0	1	5	2	4	2	7	2	1	0	6	4	0	3	6	0	15	1	3	5	9	6	6	5	4	1	2	5	5	8	14	3	8	3	2	8	5	3	4	8	1	2	2	9	5	9	7	2	12	2	
626_A/duck/Guangdong/03. 4	4	1	2	3	0	4	1	0	4	0	1	2	0	0	1	5	2	4	2	7	2	1	0	6	4	0	3	6	0	15	1	3	5	9	6	6	5	4	1	2	5	5	8	14	3	8	3	2	8	5	3	4	8	1	2	2	9	5	9	7	2	12	2	
627_A/duck/Guangdong/03. 4	4	1	2	3	0	4	1	0	4	0	1	2	0	0	1	5	2	4	2	7	2	1	0	6	4	0	3	6	0	15	1	3	5	9	6	6	5	4	1	2	5	5	8	14	3	8	3	2	8	5	3	4	8	1	2	2	9	5	9	7	2	12	2	
628_A/duck/Guangdong/03. 4	4	1	2	3	0	4	1	0	4	0	1	2	0	0	1	5	2	4	2	7	2	1	0	6	4	0	3	6	0	15	1	3	5	9	6	6	5	4	1	2	5	5	8	14	3	8	3	2	8	5	3	4	8	1	2	2	9	5	9	7	2	12	2	
629_A/duck/Guangdong/03. 4	4	1	2	3	0	4	1	0	4	0	1	2	0	0	1	5	2	4	2	7	2	1	0	6	4	0	3	6	0	15	1	3	5	9	6	6	5	4	1	2	5	5	8	14	3	8	3	2	8	5	3	4	8	1	2	2	9	5	9	7	2	12	2	
630_A/duck/Guangdong/03. 4	4	1	2	3	0	4	1	0	4	0	1	2	0	0	1	5	2	4	2	7	2	1	0	6	4	0	3	6	0	15	1	3	5	9	6	6	5	4	1	2	5	5	8	14	3	8	3	2	8	5	3	4	8	1	2	2	9	5	9	7	2	12	2	
631_A/duck/Guangdong/03. 4	4	1	2	3	0	4	1	0	4	0	1	2	0	0	1	5	2	4	2	7	2	1	0	6	4	0	3	6	0	15	1	3	5	9	6	6	5	4	1	2	5	5	8	14	3	8	3	2	8	5	3	4	8	1	2	2	9	5	9	7	2	12	2	
632_A/duck/Guangdong/03. 4	3	1	2	3	0	4	1	0	5	0	1	2	0	0	1	5	2	4	2	7	2	1	0	6	4	0	3	6	0	15	1	2	5	8	6	7	5	5	1	2	5	4	8	14	3	9	3	2	8	5	3	4	8	1	2	1	9	5	9	8	2	12	2	
633_A/duck/Guangdong/03. 4	3	1	2	3	0	4	1	0	5	0	1	2	0	0	1	5	2	4	2	7	2	1	0	6	4	0	3	6	0	15	1	3	5	9	6	6	5	4	1	2	5	5	9	14	3	8	2	2	8	5	3	4	8	1	2	1	9	6	9	8	2	11	2	
634_A/duck/Guangdong/03. 4	3	1	2	3	0	4	1	0	5	0	1	2	0	0	1	5	2	4	2	7	2	1	0	6	4	0	3	6	0	15	1	2	5	8	6	7	5	5	1	2	5	4	8	14	3	9	3	2	8	5	3	4	8	1	2	1	9	5	9	8	2	12	2	
635_A/duck/Guangdong/03. 4	3	1	2	3	0	4	1	0	5	0	1	2	0	0	1	5	2	4	2	7	2	1	0	6	4	0	3	6	0	15	1	3	5	9	6	6	5	4	1	2	5	5	9	14	2	8	2	2	8	5	3	4	8	1	2	1	9	6	9	8	3	11	2	
636_A/duck/Guangdong/03. 4	3	1	2	3	0	4	1	0	5	0	1	2	0	0	1	5	2	4	2	7	2	1	0	6	4	0	3	6	0	15	1	2	5	8	6	7	5	5	1	2	5	4	8	14	3	9	3	2	8	5	3	4	8	1	2	1	9	5	9	8	2	12	2	
637_A/duck/Guangdong/04. 4	4	1	2	3	0	4	1	0	4	0	1	2	0	0	1	5	2	4	2	7	2	1	0	6	4	0	3	6	0	15	1	3	5	9	6	6	5	4	1	2	5	5	7	14	3	8	4	2	8	5	3	4	8	1	2	2	9	5	9	7	2	12	2	
638_A/duck/Guangdong/04. 4	3	2	2	3	0	3	1	0	6	0	1	2	0	0	1	5	2	4	2	7	2	1	0	6	4	0	3	6	0	15	1	2	5	9	6	7	5	4	1	2	5	6	8	14	3	7	3	2	8	5	3	4	8	1	2	1	8	5	9	8	2	12	2	
639_A/duck/Guangdong/04. 4	3	2	2	3	0	3	1	0	6	0	1	2	0	0	1	5	2	4	2	7	2	1	0	6	4	0	3	6	0	15	1	2	5	9	6	7	5	4	1	2	5	6	8	14	3	7	3	2	8	5	3	4	8	1	2	1	8	5	9	8	2	12	2	
640_A/duck/Guangdong/04. 4	4	1	2	3	0	4	1	0	4	0	1	2	0	0	1	5	2	4	2	7	2	1	0	6	4	0	3	6	0	15	1	3	5	9	6	6	5	4	1	2	5	5	7	14	3	8	4	2	8	5	3	4	8	1	2	2	9	5	9	7	2	12	2	
641_A/duck/Guangdong/04. 4	3	1	2	3	0	4	1	0	5	0	1	2	0	0	1	5	2	4	2	7	2	1	0	6	4	0	3	6	0	15	1	2	6	9	6	7	5	4	1	2	5	5	8	14	3	8	3	2	6	5	3	4	9	1	2	1	9	5	10	8	2	12	1	
642_A/duck/Guangdong/04. 4	4	1	2	3	0	4	1	0	4	0	1	2	0	0	1	5	2	4	2	7	2	1	0	6	4	0	3	6	0	15	1	3	5	9	6	6	5	4	1	2	5	5	7	14	3	8	4	2	8	5	3	4	8	1	2	2	9	5	9	7	2	12	2	
643_A/duck/Guangdong/04. 4	4	1	2	3	0	4	1	0	4	0	1	2	0	0	1	5	2	4	2	7	2	1	0	6	4	0	3	6	0	15	1	3	5	9	6	6	5	4	1	2	5	5	7	14	3	8	4	2	8	5	3	4	8	1	2	2	9	5	9	7	2	12	2	
644_A/duck/Guangdong/04. 4	3	1	2	3	0	4	1	0	5	0	1	2	0	0	1	5	2	4	2	7	2	1	0	6	4	0	3	6	0	15	1	2	5	7	6	7	5	6	1	2	5	4	8	14	3	9	3	2	8	5	3	4	8	1	2	1	9	5	9	8	2	12	2	
645_A/duck/Guangdong/04. 4	3	1	2	3	0	4	1	0	5	0	1	2	0	0	1	5	2	4	2	7	2	1	0	6	4	1	3	6	0	14	1	2	6	9	6	7	5	4	1	2	5	5	8	14	3	8	3	2	7	5	3	4	8	1	2	1	9	5	9	8	2	12	2	
646_A/duck/Guangdong/04. 4	3	1	2	3	0	4	1	0	5	0	1	2	0	0	1	5	2	4	2	7	2	1	0	6	4	1	3	6	0	14	1	2	6	9	6	7	5	4	1	2	5	5	8	14	3	8	3	2	7	5	3	4	8	1	2	1	9	5	9	8	2	12	2	
647_A/duck/Guangdong/04. 4	3	1	2	3	0	4	1	0	5	0	1	2	0	0	1	5	2	5	2	7	2	1	0	6	4	0	3	6	0	14	1	2	5	8	6	7	5	5	1	2	5	4	8	14	3	9	3	2	8	5	3	4	8	1	2	1	9	5	9	8	2	12	2	
648_A/duck/Guangdong/04. 4	3	1	2	3	0	4	1	0	5	0	1	2	0	0	1	5	2	4	2	7	2	1	0	6	4	0	3	6	0	15	1	2	5	8	6	7	5	5	1	2	5	4	8	14	3	9	3	2	8	5	3	4	8	1	2	1	9	5	9	8	2	12	2	
649_A/duck/Guangdong/04. 4	3	1	2	3	0	4	1	0	5	0	1	2	0	0	1	5	2	4	2	7	2	1	0	6	4	0	3	6	0	15	1	2	5	8	6	7	5	5	1	2	5	4	8	14	3	9	3	2	8	5	3	4	8	1	2	1	9	5	9	8	2	12	2	
650_A/duck/Guangdong/04. 4	3	1	2	3	0	4	1	0	5	0	1	2	0	0	1	5	2	4	2	7	2	1	0	6	4	0	2	6	0	15	2	2	5	9	6	7	5	4	1	2	5	6	8	14	3	7	3	2	8	5	3	4	8	1	2	1	9	5	9	8	2	12	2	
651_A/duck/Guangdong/04. 4	3	1	2	3	0	4	1	0	5	0	1	1	0	0	1	5	2	4	2	7	2	1	0	6	4	0	3	7	0	15	1	2	6	9	6	7	5	4	1	2	5	5	8	14	3	8	3	2	7	5	3	4	8	1	2	1	9	5	9	8	2	12	2	
652_A/duck/Guangdong/04. 4	3	1	2	3	0	4	1	0	5	0	1	1	0	0	1	5	2	4	2	7	2	1	0	6	4	0	3	7	0	15	1	2	6	9	6	7	5	4	1	2	5	5	8	14	3	8	3	2	7	5	3	4	8	1	2	1	9	5	9	8	2	12	2	
653_A/duck/Guangdong/04. 4	3	1	2	3	0	4	1	0	5	0	1	2	0	0	1	5	2	4	2	7	2	1	0	6	4	0	2	6	0	15	2	2	5	9	6	7	5	4	1	2	5	6	8	14	3	7	3	2	8	5	3	4	8	1	2	1	9	5	9	8	2	12	2	
654_A/duck/Guangdong/04. 4	3	1	2	3	0	4	1	0	5	0	1	2	0	0	1	5	2	4	2	7	2	1	0	6	4	0	2	6	0	15	2	2	5	9	6	7	5	4	1	2	5	6	8	14	3	7	3	2	8	5	3	4	8	1	2	1	9	5	9	8	2	12	2	
655_A/duck/Guangdong/04. 4	3	1	2	3	0	4	1	0	5	0	1	2	0	0	1	5	2	4	2	7	2	1	0	6	4	0	3	6	0	15	1	3	5	9	6	6	5	4	1	2	5	5	9	14	3	8	2	2	8	5	3	4	8	1	2	1	9	6	9	8	2	11	2	
656_A/duck/Guangdong/04. 4	3	1	2	3	0	4	1	0	5	0	1	2	0	0	1	5	2	4	2	7	2	1	0	6	4	0	3	6	0	15	1	3	5	9	6	6	5	4	1	2	5	5	9	14	3	8	2	2	8	5	3	4	8	1	2	1	9	6	9	8	2	11	2	
657_A/duck/Guangdong/04. 4	3	1	2	3	0	4	1	0	5	0	1	2	0	0	1	5	2	4	2	7	2	1	0	6	4	0	3	6	0	15	1	2	5	8	6	7	5	5	1	2	5	4	8	14	3	9	3	2	8	5	3	4	8	1	2	1	9	4	9	8	2	13	2	
658_A/duck/Guangdong/04. 4	3	1	2	3	0	4	1	0	5	0	1	2	0	0	1	5	2	4	2	7	2	1	0	6	4	0	3	6	0	15	1	2	5	8	6	7	5	5	1	2	5	4	8	14	3	9	3	2	8	5	3	4	8	1	2	1	9	5	9	8	2	12	2	
659_A/duck/Guangdong/04. 4	4	1	2	3	0	4	1	0	4	0	1	2	0	0	1	5	2	4	2	7	2	1	0	6	4	0	3	6	0	15	1	3	5	9	6	6	5	4	1	2	5	5	8	14	3	8	3	2	8	5	3	4	8	1	2	2	9	5	9	7	2	12	2	
660_A/duck/Guangdong/04. 4	3	1	2	3	0	4	1	0	5	0	1	2	0	0	1	5	2	4	2	7	2	1	0	6	4	0	3	6	0	15	1	2	5	8	6	7	5	5	1	2	5	4	8	14	3	9	3	2	8	5	3	4	8	1	2	1	9	5	9	8	2	12	2	
661_A/duck/Guangdong/04. 4	3	1	2	3	0	4	1	0	5	0	1	2	0	0	1	5	2	4	2	7	2	1	0	6	4	0	3	6	0	15	1	2	5	8	6	7	5	5	1	2	5	4	8	14	3	9	3	2	8	5	3	4	8	1	2	1	9	5	9	8	2	12	2	
662_A/duck/Guangdong/04. 4	3	1	2	3	0	4	1	0	5	0	1	2	0	0	1	5	2	4	2	7	2	1	0	6	4	0	3	6	0	15	1	2	5	8	6	7	5	5	1	2	5	4	8	14	3	9	3	2	8	5	3	4	8	1	2	1	9	5	9	8	2	12	2	
663_A/duck/Guangdong/04. 4	3	1	2	3	0	4	1	0	5	0	1	2	0	0	1	5	2	4	2	7	2	1	0	6	4	0	3	6	0	15	1	2	5	8	6	7	5	5	1	2	5	4	8	14	3	9	3	2	8	5	3	4	8	1	2	1	9	5	9	8	2	12	2	
664_A/duck/Guangdong/04. 4	4	1	2	3	0	4	1	0	4	0	1	2	0	0	1	5	2	4	2	7	2	1	0	6	4	0	3	6	0	15	1	3	4	9	6	6	6	4	1	2	5	5	7	14	3	8	4	2	8	5	3	4	8	1	2	2	9	5	9	7	2	12	2	
665_A/duck/Guangdong/04. 4	3	2	2	3	0	3	1	0	5	0	1	2	0	0	1	5	2	4	2	7	2	1	0	6	4	0	3	6	0	15	1	2	5	9	6	7	5	4	1	2	5	4	8	14	3	9	3	2	8	5	3	4	7	1	2	1	10	5	9	8	2	12	2	
666_A/duck/Guangdong/04. 4	3	1	2	3	0	4	1	0	5	0	1	2	0	0	1	5	2	4	2	7	2	1	0	6	4	0	3	6	0	15	1	2	5	8	6	7	5	5	1	2	5	4	8	14	3	9	3	2	8	5	3	4	8	1	2	1	9	5	9	8	2	12	2	
667_A/duck/Guangdong/04. 4	3	2	2	3	0	3	1	0	5	0	1	2	0	0	1	5	2	4	2	7	2	1	0	6	4	0	3	6	0	15	1	2	5	9	6	7	5	4	1	2	5	4	8	14	3	9	3	2	8	5	3	4	7	1	2	1	10	5	9	8	2	12	2	
668_A/duck/Guangdong/04. 4	3	2	2	3	0	3	1	0	5	0	1	2	0	0	1	5	2	4	2	7	2	1	0	6	4	0	3	6	0	15	1	2	5	9	6	7	5	4	1	2	5	4	8	14	3	9	3	2	8	5	3	4	7	1	2	1	10	5	9	8	2	12	2	
669_A/duck/Guangdong/04. 4	4	1	2	3	0	4	1	0	4	0	1	2	0	0	1	5	2	4	2	7	2	1	0	6	4	0	3	6	0	15	1	3	5	9	6	6	5	4	1	2	5	5	8	14	3	8	3	2	8	5	3	4	8	1	2	2	9	5	9	7	2	12	2	
670_A/duck/Guangdong/04. 4	4	1	2	3	0	4	1	0	4	0	1	2	0	0	1	5	2	4	2	7	2	1	0	6	4	0	3	6	0	15	1	3	5	9	6	6	5	4	1	2	5	5	8	14	3	8	3	2	8	5	3	4	8	1	2	2	9	5	9	7	2	12	2	
671_A/duck/Guangdong/04. 4	4	1	2	3	0	4	1	0	4	0	1	2	0	0	1	5	2	4	2	7	2	1	0	6	4	0	3	6	0	15	1	3	5	9	6	6	5	4	1	2	5	5	8	14	3	8	3	2	8	5	3	4	8	1	2	2	9	5	9	7	2	12	2	
672_A/duck/Guangdong/04. 4	4	1	2	3	0	4	1	0	4	0	1	2	0	0	1	5	2	4	2	7	2	1	0	6	4	0	3	6	0	15	1	3	5	9	6	6	5	4	1	2	5	5	8	14	3	8	3	2	8	5	3	4	8	1	2	2	9	5	9	7	2	12	2	
673_A/duck/Guangdong/04. 4	4	1	2	3	0	4	1	0	4	0	1	2	0	0	1	5	2	4	2	7	2	1	0	6	4	0	3	6	0	15	1	3	5	9	6	6	5	4	1	2	5	5	8	14	3	8	3	2	8	5	3	4	8	1	2	2	9	5	9	7	2	12	2	
674_A/duck/Guangdong/04. 4	3	1	2	3	0	4	1	0	5	0	1	2	0	0	1	5	2	4	2	7	2	1	0	6	4	0	3	6	0	15	1	2	5	8	6	7	5	5	1	2	5	4	8	14	3	9	3	2	8	5	3	4	8	1	2	1	9	5	9	8	2	12	2	
675_A/duck/Guangdong/04. 4	3	1	2	3	0	4	1	0	5	0	1	2	0	0	1	5	2	4	2	7	2	1	0	6	4	0	3	6	0	15	1	3	5	9	6	6	5	4	1	2	5	5	9	14	2	8	2	2	8	5	3	4	8	1	2	1	9	6	9	8	3	11	2	
676_A/duck/Guangdong/04. 4	4	1	2	3	0	4	1	0	4	0	1	2	0	0	1	5	2	4	2	7	2	1	0	6	4	0	3	6	0	15	1	3	5	9	6	6	5	4	1	2	5	5	8	14	3	8	3	2	8	5	3	4	8	1	2	2	9	5	9	7	2	12	2	
677_A/duck/Guangdong/04. 4	3	2	2	3	0	3	1	0	5	0	1	2	0	0	1	5	2	4	2	7	2	1	0	6	4	0	3	6	0	15	1	2	5	9	6	7	5	4	1	2	5	4	9	14	3	9	2	2	8	5	3	4	7	1	2	1	10	5	9	8	2	12	2	
678_A/duck/Guangdong/04. 4	3	1	2	3	0	4	1	0	5	0	1	2	0	0	1	5	2	4	2	7	2	1	0	6	4	0	3	6	0	15	1	2	5	8	6	7	5	5	1	2	5	4	8	14	3	9	3	2	8	5	3	4	8	1	2	1	9	5	9	8	2	12	2	
679_A/duck/Guangdong/04. 4	4	1	2	3	0	4	1	0	4	0	1	2	0	0	1	5	2	4	2	7	2	1	0	6	4	0	3	6	0	15	1	3	5	9	6	6	5	4	1	2	5	5	8	14	3	8	3	2	8	5	3	4	8	1	2	2	9	5	9	7	2	12	2	
680_A/duck/Guangdong/04. 4	3	1	2	3	0	4	1	0	5	0	1	2	0	0	1	5	2	4	2	7	2	1	0	6	4	0	3	6	0	15	1	2	5	8	6	7	5	5	1	2	5	4	8	14	3	9	3	2	8	5	3	4	8	1	2	1	9	5	9	8	2	12	2	
681_A/duck/Guangdong/04. 4	3	1	2	3	0	4	1	0	5	0	1	2	0	0	1	5	2	4	2	7	2	1	0	6	4	0	3	6	0	15	1	3	5	9	6	6	5	4	1	2	5	5	9	14	3	8	2	2	8	5	3	4	8	1	2	1	9	6	9	8	2	11	2	
682_A/duck/Guangdong/04. 4	3	1	2	3	0	4	1	0	5	0	1	2	0	0	1	5	2	4	2	7	2	1	0	6	4	0	3	6	0	15	1	3	5	9	6	6	5	4	1	2	5	5	9	14	3	8	2	2	8	5	3	4	8	1	2	1	9	6	9	8	2	11	2	
683_A/duck/Guangdong/04. 4	4	1	2	3	0	4	1	0	4	0	1	2	0	0	1	5	2	4	2	7	2	1	0	6	4	0	3	6	0	15	1	3	5	9	6	6	5	4	1	2	5	5	8	14	3	8	3	2	8	5	3	4	8	1	2	2	9	5	9	7	2	12	2	
684_A/duck/Guangdong/04. 4	3	1	2	3	0	4	1	0	5	0	1	2	0	0	1	5	2	4	2	7	2	1	0	6	4	0	3	6	0	15	1	3	5	9	6	6	5	4	1	2	5	5	9	14	3	8	2	2	8	5	3	4	8	1	2	1	9	6	9	8	2	11	2	
685_A/duck/Guangdong/04. 4	3	1	2	3	0	4	1	0	5	0	1	2	0	0	1	5	2	4	2	7	2	1	0	6	4	0	3	6	0	15	1	3	5	9	6	6	5	4	1	2	5	5	9	14	3	8	2	2	8	5	3	4	8	1	2	1	9	6	9	8	2	11	2	
686_A/duck/Guangdong/04. 4	3	2	2	3	0	3	1	0	5	0	1	2	0	0	1	5	2	4	2	7	2	1	0	6	4	0	3	6	0	15	1	2	5	9	6	7	5	4	1	2	5	4	8	14	3	9	3	2	8	5	3	4	7	1	2	1	10	5	9	8	2	12	2	
687_A/duck/Guangdong/04. 4	3	2	2	3	0	3	1	0	5	0	1	2	0	0	1	5	2	4	2	7	2	1	0	6	4	0	3	6	0	15	1	2	5	9	6	7	5	4	1	2	5	4	8	14	3	9	3	2	8	5	3	4	7	1	2	1	10	5	9	8	2	12	2	
688_A/duck/Guangdong/04. 4	3	2	2	3	0	3	1	0	5	0	1	2	0	0	1	5	2	4	2	7	2	1	0	6	4	0	3	6	0	15	1	2	5	9	6	7	5	4	1	2	5	4	8	14	3	9	3	2	8	5	3	4	7	1	2	1	10	5	9	8	2	12	2	
689_A/duck/Guangdong/04. 4	3	2	2	3	0	3	1	0	5	0	1	2	0	0	1	5	2	4	2	7	2	1	0	6	4	0	3	6	0	15	1	2	5	9	6	7	5	4	1	2	5	4	8	14	3	9	3	2	8	5	3	4	7	1	2	1	10	5	9	8	2	12	2	
690_A/duck/Guangdong/04. 4	3	2	2	3	0	3	1	0	5	0	1	2	0	0	1	5	2	4	2	7	2	1	0	6	4	0	3	6	0	15	1	2	5	9	6	7	5	4	1	2	5	4	8	14	3	9	3	2	8	5	3	4	7	1	2	1	10	5	9	8	2	12	2	
691_A/duck/Guangdong/04. 4	3	2	2	3	0	3	1	0	5	0	1	2	0	0	1	5	2	4	2	7	2	1	0	6	4	0	3	6	0	15	1	2	5	9	6	7	5	4	1	2	5	4	8	14	3	9	3	2	8	5	3	4	7	1	2	1	10	5	9	8	2	12	2	
692_A/duck/Guangdong/04. 4	3	2	2	3	0	3	1	0	5	0	1	2	0	0	1	5	2	4	2	7	2	1	0	6	4	0	3	6	0	15	1	2	5	9	6	7	5	4	1	2	5	4	8	14	3	9	3	2	8	5	3	4	7	1	2	1	10	5	9	8	2	12	2	
693_A/duck/Guangdong/04. 4	3	2	2	3	0	3	1	0	5	0	1	2	0	0	1	5	2	4	2	7	2	1	0	6	4	0	3	6	0	15	1	2	5	9	6	7	5	4	1	2	5	4	8	14	3	9	3	2	8	5	3	4	7	1	2	1	10	5	9	8	2	12	2	
694_A/duck/Guangdong/04. 4	3	2	2	3	0	3	1	0	5	0	1	2	0	0	1	5	2	4	2	7	2	1	0	6	4	0	3	6	0	15	1	2	5	9	6	7	5	4	1	2	5	4	8	14	3	9	3	2	8	5	3	4	7	1	2	1	10	5	9	8	2	12	2	
695_A/duck/Guangdong/04. 4	3	2	2	3	0	3	1	0	5	0	1	2	0	0	1	5	2	4	2	7	2	1	0	6	4	0	3	6	0	15	1	2	5	9	6	7	5	4	1	2	5	4	8	14	3	9	3	2	8	5	3	4	7	1	2	1	10	5	9	8	2	12	2	
696_A/duck/Guangdong/04. 4	3	1	2	3	0	4	1	0	5	0	1	2	0	0	1	5	2	4	2	7	2	1	0	6	4	0	3	6	0	15	1	2	5	9	6	7	6	4	1	2	5	5	8	14	3	8	3	2	7	5	3	4	8	1	2	1	9	5	9	8	2	12	2	
697_A/duck/Guangdong/11. 4	3	1	2	3	0	4	1	0	5	0	1	2	0	0	1	5	2	4	2	6	2	1	0	6	4	0	3	7	0	15	1	2	6	9	6	7	4	4	1	2	5	4	8	14	3	9	3	2	8	5	3	4	8	1	2	1	10	5	9	8	1	12	2	
698_A/duck/Guangdong/11. 4	3	1	2	3	0	4	1	0	5	0	1	2	0	0	1	5	2	4	2	6	2	1	0	6	4	0	3	7	0	15	1	2	6	9	6	7	4	4	1	2	5	4	8	14	3	9	3	2	8	5	3	4	8	1	2	1	10	5	9	8	1	12	2	
699_A/duck/Guangdong/11. 4	3	1	2	3	0	4	1	0	5	0	1	2	0	0	1	5	2	4	2	6	2	1	0	6	4	0	3	7	0	15	1	2	6	9	6	7	4	4	1	2	5	4	8	14	3	9	3	2	8	5	3	4	8	1	2	1	10	5	9	8	1	12	2	
700_A/duck/Guangdong/KGZ 3	2	0	3	3	1	5	0	0	4	0	1	4	1	0	1	5	2	4	1	7	2	1	1	5	3	4	2	7	1	11	2	3	3	4	8	4	10	6	1	3	3	4	8	12	3	6	6	3	8	5	3	5	8	2	2	0	8	8	7	8	3	9	4	
701_A/duck/Guangdong/KGZ 3	2	0	3	3	1	5	0	0	4	0	1	4	1	0	1	5	2	4	1	7	2	1	1	5	3	4	2	7	1	11	2	3	3	4	8	4	10	6	1	3	3	4	7	12	3	7	6	3	9	4	3	5	7	3	2	0	8	8	7	8	3	9	4	
702_A/duck/Guangdong/KGZ 3	2	0	3	3	1	5	0	0	4	0	1	4	1	0	1	5	2	4	1	7	2	1	1	5	3	4	2	7	1	11	2	3	3	4	8	4	10	6	1	3	3	4	7	12	3	7	6	3	9	4	3	5	7	3	2	0	8	8	7	8	3	9	4	
703_A/duck/Guangdong/KGZ 3	2	0	3	3	1	5	0	0	4	0	1	4	1	0	1	5	2	4	1	7	2	1	1	5	3	4	2	7	1	11	2	3	3	4	8	4	10	6	1	3	3	4	7	12	3	7	6	3	9	4	3	5	7	3	2	0	8	8	7	8	3	9	4	
704_A/duck/Guangdong/KGZ 3	2	0	3	3	1	5	0	0	4	0	1	4	1	0	1	5	2	4	1	7	2	1	1	5	3	4	2	7	1	11	2	3	3	4	8	4	10	6	1	3	3	4	7	12	3	7	6	3	9	4	3	5	7	3	2	0	8	8	7	8	3	9	4	
705_A/duck/Guangdong/KGZ 3	2	0	3	3	1	5	0	0	5	0	1	4	0	0	1	5	2	4	1	7	2	1	1	5	3	5	2	7	1	10	2	3	3	4	8	4	10	6	1	3	3	5	8	12	3	6	5	3	8	5	3	5	8	2	2	0	8	8	7	8	3	9	4	
706_A/Duck/Guangdong/PO1 4	3	1	2	3	0	4	1	0	5	0	1	2	0	0	1	5	2	4	1	7	2	1	0	6	4	0	2	6	0	15	3	3	7	9	6	6	4	4	1	2	6	5	10	14	2	8	1	2	7	5	3	4	8	1	2	1	8	5	10	8	3	12	1	
707_A/Duck/Guangdong/PO1 4	3	1	2	3	0	4	1	0	5	0	1	2	0	0	1	5	2	4	1	7	2	1	0	6	4	0	2	6	0	15	3	3	7	9	6	6	4	4	1	2	6	5	10	14	2	8	1	2	7	5	3	4	8	1	2	1	8	5	10	8	3	12	1	
708_A/Duck/Guangdong/PO1 4	3	1	3	3	0	4	0	0	5	0	1	2	0	0	1	6	2	3	2	5	2	2	0	6	4	0	3	7	0	15	1	2	4	9	6	7	5	4	1	2	6	5	8	14	3	8	3	2	8	5	3	4	7	1	2	1	9	6	9	8	3	11	2	
709_A/Duck/Guangdong/PO1 4	3	1	2	3	0	4	1	0	5	0	1	2	0	0	1	5	2	4	1	7	2	1	0	6	4	0	2	6	0	15	3	3	7	9	6	6	4	4	1	2	6	5	10	14	2	8	1	2	7	5	3	4	8	1	2	1	8	5	10	8	3	12	1	
710_A/Duck/Guangdong/PY5 4	3	1	2	3	0	4	1	0	6	0	1	2	0	0	1	5	2	4	2	7	2	1	0	6	4	0	2	6	0	15	1	2	6	8	6	7	5	5	1	2	5	5	9	14	3	8	3	2	7	6	3	4	7	0	2	1	9	5	8	8	2	12	3	
711_A/Duck/Guangdong/PY5 4	3	1	2	3	0	4	1	0	6	0	1	2	0	0	1	5	2	4	2	7	2	1	0	6	4	0	2	6	0	15	1	2	7	8	6	7	4	5	1	2	5	5	8	14	3	8	4	2	7	6	3	4	7	0	2	1	9	5	8	8	2	12	3	
712_A/duck/Guangdong/S12 3	2	0	3	3	1	5	0	0	4	0	1	4	1	0	1	5	2	4	1	7	2	1	1	5	3	4	2	7	1	11	2	3	3	4	8	4	10	6	1	3	3	4	8	12	3	7	5	3	8	5	3	5	8	2	2	0	8	8	7	8	3	9	4	
713_A/duck/Guangdong/S13 4	3	1	2	3	0	4	1	0	5	0	1	2	0	0	1	5	2	4	2	7	2	1	0	5	4	0	3	7	0	15	1	2	5	9	6	7	5	4	1	2	5	4	8	14	3	9	3	1	8	5	3	5	8	1	2	1	9	5	9	8	2	12	2	
714_A/duck/Guangdong/S45 3	2	0	3	3	1	5	0	0	4	0	1	5	1	0	1	5	2	4	1	7	3	1	1	5	3	4	2	6	1	11	2	3	3	5	8	3	9	5	1	4	2	5	8	12	4	6	5	3	9	5	3	5	8	2	2	0	7	8	6	8	3	9	5	
715_A/duck/Guangdong/S45 3	2	0	3	3	1	5	0	0	4	0	1	5	1	0	1	5	2	4	1	7	3	1	1	5	3	4	2	6	1	11	2	3	3	5	8	3	9	5	1	4	2	5	8	12	4	6	5	3	9	5	3	5	8	2	2	0	7	8	6	8	3	9	5	
716_A/duck/Guangdong/S48 3	2	0	3	3	1	5	0	0	4	0	1	4	1	0	1	5	2	4	1	7	2	1	1	5	3	4	2	7	1	11	2	3	3	4	8	4	10	6	1	3	3	4	8	12	3	7	5	3	8	5	3	5	8	2	2	0	8	8	7	8	3	9	4	
717_A/duck/Guangdong/s14 4	3	1	2	3	0	4	1	1	5	0	1	2	0	0	1	6	2	2	1	7	2	3	1	4	3	0	3	6	1	15	1	3	5	8	5	6	6	6	2	3	3	4	5	14	4	8	6	3	7	4	3	4	8	1	2	4	5	8	7	5	5	10	4	
718_A/duck/Guangdong/SE1 5	3	1	2	2	0	4	1	0	5	0	1	2	0	0	1	5	2	4	1	7	2	1	0	6	4	0	2	6	0	15	3	3	7	9	6	6	4	4	1	2	6	5	8	14	2	8	3	2	7	5	3	4	9	1	2	1	7	4	9	8	3	13	2	
719_A/Duck/Guangdong/SS1 4	3	1	2	3	0	4	1	0	6	0	1	2	0	0	1	5	2	4	2	7	2	1	0	6	4	0	2	6	0	15	1	2	7	8	6	7	4	5	1	2	5	5	8	14	3	8	4	2	7	6	3	4	7	0	2	1	9	5	8	8	2	12	3	
720_A/duck/Guangdong/wy1 4	3	1	1	3	0	4	2	1	5	0	1	2	0	0	1	6	2	4	1	6	2	1	1	5	3	0	3	6	1	15	1	3	5	8	5	6	6	6	2	2	4	4	6	14	4	8	5	3	7	6	3	4	8	0	2	2	7	7	7	6	4	10	4	
721_A/duck/Guangdong/wy1 3	3	1	2	3	0	4	1	1	5	0	1	2	0	0	1	7	2	4	1	6	2	1	1	5	3	0	3	6	1	15	1	3	5	9	5	6	6	5	2	2	4	4	6	14	4	8	5	4	6	6	3	3	9	0	2	2	7	7	7	6	4	10	4	
722_A/duck/Guangdong/wy2 4	3	1	2	2	0	5	1	2	5	0	1	2	0	0	1	6	2	4	1	6	2	1	1	4	3	0	3	6	1	15	1	3	5	8	4	6	6	5	3	2	4	4	6	14	4	9	5	3	7	6	3	4	8	0	2	2	7	7	7	6	4	10	4	
723_A/Duck/Guangdong/Yan 4	3	2	2	3	0	3	1	0	5	0	1	2	0	0	1	5	2	4	1	7	2	1	0	6	4	0	2	6	0	15	3	3	7	9	6	6	4	4	1	2	6	5	10	14	2	8	1	2	7	5	3	4	8	1	2	1	8	5	10	8	3	12	1	
724_A/duck/Guangxi/12.25 4	3	1	2	3	0	4	1	0	5	0	1	2	0	0	1	5	2	4	2	7	2	1	0	6	4	0	3	6	0	15	1	2	5	10	6	7	5	3	1	2	5	5	8	14	3	8	3	3	8	6	4	3	8	0	1	1	9	5	9	8	2	12	2	
725_A/duck/Guangxi/S1009 3	2	0	3	3	1	5	0	0	5	0	1	4	0	0	1	5	2	4	1	7	2	1	1	5	3	5	2	7	1	10	2	3	3	4	8	4	10	6	1	3	3	5	8	12	3	6	5	3	8	5	3	5	8	2	2	0	8	8	7	8	3	9	4	
726_A/duck/Guangxi/S1026 3	2	0	3	3	1	5	0	0	5	0	1	4	0	0	1	5	2	4	1	7	2	1	1	5	3	5	2	7	1	10	2	3	3	4	8	4	10	6	1	3	3	5	8	12	3	6	5	3	8	5	3	5	8	2	2	0	8	8	7	8	3	9	4	
727_A/duck/Guangxi/S1104 3	2	0	3	3	1	5	0	0	4	0	1	4	1	0	1	5	2	4	1	7	2	1	1	5	3	4	2	7	1	11	2	3	3	4	8	4	10	6	1	3	3	5	8	12	3	6	5	3	8	5	3	5	8	2	2	0	8	8	7	8	3	9	4	
728_A/duck/Guangxi/S2119 3	2	0	3	3	1	5	0	0	5	0	1	4	0	0	1	5	2	4	1	7	2	1	1	5	3	5	2	7	1	10	2	3	3	4	8	4	10	6	1	3	4	5	8	12	3	6	5	3	8	5	3	5	8	2	2	0	7	8	7	8	3	9	4	
729_A/duck/Guangxi/S3111 3	2	0	3	3	1	5	0	0	5	0	1	4	0	0	1	5	2	4	1	7	2	1	1	5	3	6	2	7	1	9	2	3	3	4	8	4	10	6	1	3	3	5	8	12	3	6	5	3	8	5	3	5	8	2	2	0	8	8	7	8	3	9	4	
730_A/duck/Guangzhou/018 4	3	1	2	3	0	4	1	0	5	0	1	2	0	0	1	5	2	4	2	7	2	1	0	6	4	0	3	6	0	15	1	2	5	9	6	7	5	4	1	2	5	5	8	14	3	8	3	2	8	5	3	4	8	1	2	1	9	5	8	8	2	12	3	
731_A/duck/Guangzhou/021 4	3	1	2	3	0	4	1	0	5	0	1	2	0	0	1	5	2	4	2	7	2	1	0	6	4	0	3	6	0	15	1	2	5	9	6	7	5	4	1	2	5	5	8	14	3	8	3	2	8	5	3	4	8	1	2	1	9	5	9	8	2	12	2	
732_A/duck/Guizhou/7.27_ 5	3	1	2	2	0	4	1	0	5	0	1	2	0	0	1	5	2	4	1	7	2	1	0	6	4	0	2	6	0	15	3	3	6	9	6	6	5	4	1	2	6	5	9	14	2	8	2	2	7	5	3	4	8	1	2	1	8	6	10	8	3	11	1	
733_A/duck/Guizhou/8.26_ 5	3	1	2	2	0	4	1	0	5	0	1	2	0	0	1	5	2	4	1	7	2	1	0	6	3	0	2	6	1	15	3	3	7	9	6	7	4	4	1	1	6	5	8	14	2	8	3	3	6	5	3	3	8	1	2	1	8	5	9	8	4	12	2	
734_A/duck/Guizhou/8.26_ 5	3	1	2	2	0	4	1	0	5	0	1	2	0	0	1	5	2	4	1	7	2	1	0	6	3	0	2	6	1	15	3	3	6	9	6	6	5	4	1	2	6	5	8	14	2	8	3	2	6	5	3	4	8	1	2	1	8	5	9	8	4	12	2	
735_A/duck/Guizhou/S1321 3	2	0	3	3	1	5	0	0	4	0	1	5	1	0	1	5	2	4	1	7	2	1	1	5	3	4	2	6	1	11	2	3	3	5	8	3	10	5	1	4	2	5	8	12	4	6	5	3	9	5	3	5	8	2	2	0	7	8	6	8	3	9	5	
736_A/duck/Guizhou/S1711 3	2	0	3	3	1	5	0	0	3	0	1	5	2	0	1	5	2	4	1	7	2	1	1	5	3	5	2	6	1	10	2	3	3	4	8	4	10	6	1	3	3	5	7	12	3	6	6	3	9	5	3	5	8	2	2	0	8	8	6	8	2	9	5	
737_A/duck/Guizhou/S4702 3	2	0	3	3	1	5	0	0	4	0	1	4	1	0	1	5	1	4	1	7	2	1	1	5	4	4	2	7	1	11	2	3	2	4	8	4	11	6	1	3	3	5	8	12	3	6	5	3	8	5	3	5	8	2	2	0	8	8	7	8	3	9	4	
738_A/duck/Hainan/12.29_ 5	3	1	2	2	0	4	1	0	5	0	1	2	0	0	1	5	2	4	1	7	2	1	0	6	4	0	2	6	0	15	3	3	7	9	6	6	4	4	1	2	6	5	9	14	2	8	2	2	7	5	3	4	8	1	2	1	8	5	10	8	3	12	1	
739_A/duck/Hebei/3/2011| 4	2	0	2	3	1	5	1	1	5	0	1	2	0	0	1	6	2	3	2	6	2	2	0	5	3	0	3	6	1	15	1	3	5	7	3	6	6	7	4	2	4	4	8	14	4	7	4	4	7	6	3	3	8	0	2	2	8	5	7	6	3	12	4	
740_A/duck/Hebei/S1070/2 3	2	0	3	3	1	5	0	0	4	0	1	4	1	0	1	5	2	4	1	7	2	1	1	5	3	4	2	7	1	11	2	3	3	4	8	4	10	6	1	3	3	5	8	12	3	6	5	3	8	5	3	5	8	2	2	0	8	8	7	8	3	9	4	
741_A/duck/Henan/01.01_L 4	2	0	2	2	1	5	1	1	4	0	1	2	0	0	1	5	2	4	2	7	2	1	0	5	4	6	1	6	0	9	3	3	7	4	6	4	4	8	2	3	6	5	6	14	2	8	4	3	9	4	3	4	6	3	1	4	12	7	6	4	1	10	7	
742_A/duck/Henan/S1381/2 3	2	0	3	3	1	5	0	0	4	0	1	4	1	0	1	5	2	4	1	7	2	1	1	5	3	4	2	7	1	11	2	3	3	4	8	4	10	6	1	3	3	5	8	12	3	7	4	3	8	5	3	5	8	2	2	0	8	8	7	8	3	9	4	
743_A/duck/Hsinchu/15020 3	2	1	2	4	1	4	1	1	6	0	1	2	0	0	1	6	2	4	1	6	2	1	1	5	3	0	3	6	1	15	1	3	5	9	3	6	6	5	4	2	5	4	8	14	3	8	3	3	6	6	3	4	9	0	2	1	9	5	6	7	1	12	5	
744_A/duck/Hubei/03.06__ 3	2	0	1	4	1	5	2	1	5	0	1	1	0	0	1	5	2	4	1	7	2	1	1	5	4	3	2	6	0	12	2	4	5	4	8	4	6	6	1	3	6	7	5	14	2	5	7	4	9	5	3	3	8	2	2	0	6	7	6	9	3	10	5	
745_A/duck/Hubei/03.06__ 4	3	1	2	3	0	4	1	0	6	0	1	2	0	0	1	5	2	4	2	7	2	1	0	6	3	0	2	6	1	15	1	2	7	8	6	7	4	5	1	2	5	5	8	14	3	8	4	2	7	6	3	4	7	0	2	1	9	5	8	8	2	12	3	
746_A/duck/Hubei/03.06__ 4	3	1	2	3	0	4	1	0	6	0	1	2	0	0	1	5	2	4	2	7	2	1	0	6	3	0	2	6	1	15	1	2	7	8	6	7	4	5	1	2	5	5	8	14	3	8	4	2	7	6	3	4	7	0	2	1	9	5	8	8	2	12	3	
747_A/duck/Hubei/03.06__ 4	3	1	2	3	0	4	1	0	6	0	1	2	0	0	1	5	2	4	2	7	2	1	0	6	3	0	2	6	1	15	1	2	7	8	5	7	4	5	1	2	5	5	8	14	3	9	4	2	7	6	3	4	7	0	2	1	10	5	8	8	2	11	3	
748_A/duck/Hubei/03.06__ 4	3	1	2	3	0	4	1	0	6	0	1	2	0	0	1	5	2	4	2	7	2	1	0	6	3	0	2	6	1	15	1	2	7	8	6	7	4	5	1	2	5	5	8	14	3	8	4	2	7	6	3	4	7	0	2	1	9	5	8	8	2	12	3	
749_A/duck/Hubei/03.06__ 5	3	0	1	2	0	5	2	1	3	0	1	1	1	0	1	4	2	4	1	7	2	1	0	3	2	3	2	9	2	12	3	2	3	5	6	4	8	5	3	3	5	5	7	16	3	7	5	4	9	5	3	2	8	2	2	2	9	7	6	8	1	10	5	
750_A/duck/Hubei/03.06__ 4	1	0	2	2	2	5	1	2	4	0	1	1	0	0	1	6	2	3	2	7	2	2	0	6	4	6	1	5	0	9	3	4	6	4	6	3	5	8	2	2	5	3	5	14	3	10	5	4	7	4	3	4	7	3	1	3	9	7	6	4	5	10	7	
751_A/duck/HuBei/03.06__ 4	3	1	2	3	0	4	1	0	6	0	1	2	0	0	1	5	2	4	2	7	2	1	0	6	3	0	2	6	1	15	1	2	7	8	6	7	4	5	1	2	5	5	8	14	3	8	4	2	7	6	3	4	7	0	2	1	9	5	8	8	2	12	3	
752_A/duck/Hubei/03.06_W 4	3	1	2	3	0	4	1	0	6	0	1	2	0	0	1	5	2	4	2	7	2	1	0	6	3	0	2	6	1	15	1	2	7	8	6	7	4	5	1	2	5	5	8	14	3	8	4	2	7	6	3	4	7	0	2	1	9	5	8	8	2	12	3	
753_A/duck/Hubei/03.06_W 4	3	1	2	3	0	4	1	0	6	0	1	2	0	0	1	5	2	4	2	7	2	1	0	6	3	0	2	6	1	15	1	2	7	8	5	7	4	5	1	2	5	5	8	14	3	9	4	2	7	6	3	4	7	0	2	1	10	5	8	8	2	11	3	
754_A/duck/Hubei/46/2009 4	3	0	3	3	0	5	0	0	4	0	1	2	1	0	1	5	2	4	1	6	2	1	1	6	3	2	2	7	1	13	2	3	5	7	6	5	7	6	2	2	5	3	7	14	4	8	5	1	8	6	3	7	7	0	2	0	7	7	8	8	2	10	3	
755_A/duck/Hubei/2911/20 4	3	1	2	3	0	4	1	0	5	0	1	2	0	0	1	5	2	4	1	7	2	1	1	5	3	0	3	7	1	15	1	3	5	8	4	6	5	5	3	2	4	5	6	14	4	8	5	2	8	6	3	5	8	0	2	1	8	8	7	7	3	9	4	
756_A/duck/Hubei/S4465/2 3	2	0	3	3	1	5	0	0	4	0	1	4	1	0	1	5	2	4	1	7	2	1	1	4	3	5	2	8	1	10	2	4	3	4	8	4	9	6	1	2	3	5	8	12	3	5	6	3	8	5	3	5	9	2	2	0	8	8	7	8	3	9	4	
757_A/duck/Hubei/SE128/2 3	2	0	3	3	1	5	0	0	4	0	1	4	1	0	1	5	2	4	1	7	2	1	1	4	3	4	2	8	1	11	2	4	3	4	8	4	9	6	1	2	3	5	8	12	3	5	6	3	9	5	3	5	8	2	2	0	8	8	6	8	3	9	5	
758_A/duck/Hubei/SE220/2 3	2	0	3	3	1	5	0	0	4	0	1	5	1	0	1	5	2	4	1	7	2	1	1	5	3	4	2	6	1	11	2	2	3	5	8	3	10	5	1	5	2	5	8	12	4	6	5	3	9	5	3	5	8	2	2	0	7	9	6	8	3	8	5	
759_A/duck/Hubei/SZY250/ 4	2	1	2	3	1	4	1	0	6	0	1	2	0	0	1	6	2	3	1	6	2	2	1	5	3	1	3	6	1	14	1	3	5	8	3	6	5	6	4	3	6	4	8	14	3	8	3	2	7	6	3	5	8	0	2	1	9	5	6	7	1	12	5	
760_A/duck/Hubei/xn/2007 4	3	1	2	3	0	4	1	0	5	0	1	2	0	0	1	5	2	4	2	7	2	1	0	6	3	0	3	6	1	15	1	2	5	8	4	7	6	5	3	2	4	5	7	14	3	8	4	3	8	6	3	4	7	0	2	1	8	5	8	7	4	12	3	
761_A/duck/Hunan/1.12_YY 5	3	1	2	2	0	4	1	0	5	0	1	2	0	0	1	5	2	4	1	7	2	1	0	6	4	0	2	6	0	15	3	3	7	9	6	6	4	4	1	2	6	5	9	14	2	8	2	3	7	5	3	4	8	1	2	1	8	5	10	7	3	12	1	
762_A/duck/Hunan/1.12_YY 5	3	1	2	2	0	4	1	0	5	0	1	2	0	0	1	5	2	4	1	7	2	1	0	6	4	0	2	6	0	15	3	3	7	9	6	6	4	4	1	2	6	5	9	14	2	8	2	3	7	5	3	4	8	1	2	1	8	5	10	7	3	12	1	
763_A/duck/Hunan/1.12_YY 4	3	1	2	3	0	4	1	0	5	0	1	2	0	0	1	5	2	4	1	7	2	1	0	6	4	0	2	6	0	15	3	3	7	8	6	6	4	5	1	2	6	5	10	14	2	8	1	2	7	5	3	4	8	1	2	1	8	5	10	8	3	12	1	
764_A/duck/Hunan/01.12_Y 4	3	1	2	3	0	4	1	0	5	0	1	2	0	0	1	5	2	4	1	7	2	1	0	6	4	0	2	6	0	15	3	3	7	8	6	6	4	5	1	2	6	5	10	14	2	8	1	2	7	5	3	4	8	1	2	1	8	5	10	8	3	12	1	
765_A/duck/Hunan/01.16_Y 4	3	1	2	3	0	4	1	0	6	0	1	2	0	0	1	5	2	4	2	7	2	1	0	6	4	0	2	6	0	15	1	2	7	8	6	7	4	5	1	2	5	5	8	14	3	8	4	2	7	6	3	4	7	0	2	1	9	5	8	8	2	12	3	
766_A/duck/Hunan/01.16_Y 4	3	1	2	3	0	4	1	0	6	0	1	2	0	0	1	5	2	4	2	7	2	1	0	6	4	0	2	6	0	15	1	2	7	8	6	7	4	5	1	2	5	5	8	14	3	8	4	2	7	6	3	4	7	0	2	1	9	5	8	8	2	12	3	
767_A/duck/Hunan/01.16_Y 4	3	1	2	3	0	4	1	0	6	0	1	2	0	0	1	5	2	4	2	7	2	1	0	6	4	0	2	6	0	15	1	2	7	8	6	7	4	5	1	2	5	5	8	14	3	8	4	2	7	6	3	4	7	0	2	1	9	5	7	8	2	12	4	
768_A/duck/Hunan/01.16_Y 4	3	1	2	3	0	4	1	0	6	0	1	2	0	0	1	5	2	4	2	7	2	1	0	6	4	0	2	6	0	15	1	2	7	8	6	7	4	5	1	2	5	5	8	14	3	8	4	2	7	6	3	4	7	0	2	1	9	5	7	8	2	12	4	
769_A/duck/Hunan/01.16_Y 4	3	1	2	3	0	4	1	0	6	0	1	2	0	0	1	5	2	4	2	7	2	1	0	6	4	0	2	6	0	15	1	2	7	8	6	7	4	5	1	2	5	5	8	14	3	8	4	2	7	6	3	4	7	0	2	1	9	5	7	8	2	12	4	
770_A/duck/Hunan/01.16_Y 4	3	1	2	3	0	4	1	0	6	0	1	2	0	0	1	5	2	4	2	7	2	1	0	6	4	0	2	6	0	15	1	2	7	8	6	7	4	5	1	2	5	5	8	14	3	8	4	2	7	6	3	4	7	0	2	1	9	5	7	8	2	12	4	
771_A/duck/Hunan/01.16_Y 4	3	1	2	3	0	4	1	0	6	0	1	2	0	0	1	5	2	4	2	7	2	1	0	6	4	0	2	6	0	15	1	2	7	8	6	7	4	5	1	2	5	5	8	14	3	8	4	2	7	6	3	4	7	0	2	1	9	5	7	8	2	12	4	
772_A/duck/Hunan/01.16_Y 4	3	1	2	3	0	4	1	0	6	0	1	2	0	0	1	5	2	4	2	7	2	1	0	6	4	0	2	6	0	15	1	2	7	8	6	7	4	5	1	2	5	5	8	14	3	8	4	2	7	6	3	4	7	0	2	1	9	5	7	8	2	12	4	
773_A/duck/Hunan/01.16_Y 4	3	1	2	3	0	4	1	0	6	0	1	2	0	0	1	5	2	4	2	7	2	1	0	6	4	0	2	6	0	15	1	2	7	8	6	7	4	5	1	2	5	5	8	14	3	8	4	2	7	6	3	4	7	0	2	1	9	5	7	8	2	12	4	
774_A/duck/Hunan/01.16_Y 4	3	1	2	3	0	4	1	0	6	0	1	2	0	0	1	5	2	4	2	7	2	1	0	6	4	0	2	6	0	15	1	2	7	8	6	7	4	5	1	2	5	5	8	14	3	8	4	2	7	6	3	4	7	0	2	1	9	5	7	8	2	12	4	
775_A/duck/Hunan/01.16_Y 4	3	1	2	3	0	4	1	0	6	0	1	2	0	0	1	5	2	4	2	7	2	1	0	6	4	0	2	6	0	15	1	2	7	8	6	7	4	5	1	2	5	5	8	14	3	8	4	2	7	6	3	4	7	0	2	1	9	5	7	8	2	12	4	
776_A/duck/Hunan/1.17_YY 4	3	1	2	3	0	4	1	0	5	0	1	2	0	0	1	6	2	4	2	6	2	1	0	6	4	1	4	6	0	14	0	2	5	9	6	7	4	4	1	2	6	5	8	14	3	8	3	2	8	5	3	4	7	1	2	0	10	5	10	9	2	12	1	
777_A/duck/Hunan/01.21_Y 4	3	1	2	3	0	4	1	0	6	0	1	2	0	0	1	5	2	4	2	7	2	1	0	6	4	0	2	6	0	15	1	2	7	8	6	7	4	5	1	2	5	5	7	14	3	8	5	2	7	6	3	4	7	0	2	1	9	5	8	8	2	12	3	
778_A/duck/Hunan/01.21_Y 4	3	1	2	3	0	4	1	0	6	0	1	2	0	0	1	5	2	4	2	7	2	1	0	6	4	0	2	6	0	15	1	2	7	8	6	7	4	5	1	2	5	5	8	14	3	8	4	2	7	6	3	4	7	0	2	1	9	5	7	8	2	12	4	
779_A/duck/Hunan/01.21_Y 4	3	1	2	3	0	4	1	0	6	0	1	2	0	0	1	5	2	4	2	7	2	1	0	6	4	0	2	6	0	15	1	2	7	8	6	7	4	5	1	2	5	5	7	14	3	8	5	2	7	6	3	4	7	0	2	1	9	5	8	8	2	12	3	
780_A/duck/Hunan/01.21_Y 4	3	1	3	3	0	4	0	0	6	0	1	2	0	0	1	5	2	4	2	7	2	1	0	6	4	0	2	6	0	15	1	2	7	8	6	7	4	5	1	2	5	5	8	14	3	8	4	2	7	6	3	4	7	0	2	1	9	5	8	8	2	12	3	
781_A/duck/Hunan/01.21_Y 4	3	1	2	3	0	4	1	0	6	0	1	2	0	0	1	5	2	4	2	7	2	1	0	6	4	0	2	6	0	15	1	2	7	8	6	7	4	5	1	2	5	5	7	14	3	8	5	2	7	6	3	4	7	0	2	1	9	5	8	8	2	12	3	
782_A/duck/Hunan/2.06_YY 4	3	1	2	3	0	4	1	0	5	0	1	2	0	0	1	6	2	4	2	7	2	1	0	5	4	0	3	6	0	15	1	2	4	8	6	7	6	5	1	2	6	4	9	14	2	9	2	2	8	5	3	4	7	1	2	1	10	4	8	8	2	13	3	
783_A/duck/Hunan/2.06_YY 4	3	1	2	3	0	4	1	0	5	0	1	1	0	0	1	5	2	4	2	7	2	1	0	6	4	0	2	7	0	15	2	2	7	10	6	7	4	3	1	2	6	5	10	14	2	8	1	2	7	5	3	4	8	1	2	1	8	5	9	8	3	12	2	
784_A/duck/Hunan/2.06_YY 4	3	1	2	3	0	4	1	0	5	0	1	2	0	0	1	6	2	4	2	7	2	1	0	5	4	0	3	6	0	15	1	2	4	8	6	7	6	5	1	2	6	4	9	14	2	9	2	2	8	5	3	4	7	1	2	1	10	4	8	8	2	13	3	
785_A/duck/Hunan/2.06_YY 4	3	1	2	3	0	4	1	0	5	0	1	2	0	0	1	6	2	4	2	7	2	1	0	5	4	0	3	6	0	15	1	2	4	8	6	7	6	5	1	2	6	4	9	14	2	9	2	2	8	5	3	4	7	1	2	1	10	4	8	8	2	13	3	
786_A/duck/Hunan/02.07__ 4	3	1	3	3	0	4	0	0	6	0	1	2	0	0	1	5	2	4	2	7	2	1	0	6	4	0	2	6	0	15	1	2	7	8	6	7	4	5	1	2	5	5	8	14	3	8	4	2	7	6	3	4	7	0	2	1	9	5	8	8	2	12	3	
787_A/duck/Hunan/02.07__ 4	3	1	3	3	0	4	0	0	6	0	1	2	0	0	1	5	2	4	2	7	2	1	0	6	4	0	2	6	0	15	1	2	7	8	6	7	4	5	1	2	5	5	8	14	3	8	4	2	7	6	3	4	7	0	2	1	9	5	8	8	2	12	3	
788_A/duck/Hunan/02.07_Y 4	3	1	2	3	0	4	1	0	6	0	1	2	0	0	1	5	2	4	2	7	2	1	0	6	4	0	2	6	0	15	1	2	7	8	6	7	4	5	1	2	5	5	8	14	3	8	4	2	7	6	3	4	7	0	2	1	9	5	7	8	2	12	4	
789_A/duck/Hunan/02.07_Y 4	3	1	3	3	0	4	0	0	6	0	1	2	0	0	1	5	2	4	2	7	2	1	0	6	4	0	2	6	0	15	1	2	7	8	6	7	4	5	1	2	5	5	8	14	3	8	4	2	7	6	3	4	7	0	2	1	9	5	8	8	2	12	3	
790_A/duck/Hunan/02.07_Y 4	3	1	2	3	0	4	1	0	6	0	1	2	0	0	1	5	2	4	2	7	2	1	0	6	4	0	2	6	0	15	1	2	7	8	6	7	4	5	1	2	5	5	8	14	3	8	4	2	7	6	3	4	7	0	2	1	9	5	7	8	2	12	4	
791_A/duck/Hunan/02.16_Y 4	3	1	2	3	0	4	1	0	6	0	1	2	0	0	1	5	2	4	2	7	2	1	0	6	4	0	2	6	0	15	1	2	7	8	6	7	4	5	1	2	5	5	8	14	3	8	4	2	7	6	3	4	7	0	2	1	9	5	7	8	2	12	4	
792_A/duck/Hunan/02.26__ 4	3	1	2	3	0	4	1	0	6	0	1	2	0	0	1	5	2	4	2	7	2	1	0	6	4	0	2	6	0	15	1	2	7	8	5	7	4	5	1	2	5	5	8	14	3	9	4	2	7	6	3	4	7	0	2	1	10	5	7	8	2	11	4	
793_A/duck/Hunan/02.26__ 4	3	1	2	3	0	4	1	0	6	0	1	2	0	0	1	5	2	4	2	7	2	1	0	6	4	0	2	6	0	15	1	2	7	8	5	7	4	5	1	2	5	5	8	14	3	9	4	2	7	6	3	4	7	0	2	1	10	5	7	8	2	11	4	
794_A/duck/Hunan/02.26__ 4	3	1	2	3	0	4	1	0	6	0	1	2	0	0	1	5	2	4	2	7	2	1	0	6	4	0	2	6	0	15	1	2	7	8	5	7	4	5	1	2	5	5	8	14	3	9	4	2	7	6	3	4	7	0	2	1	10	5	7	8	2	11	4	
795_A/duck/Hunan/02.26__ 4	3	1	2	3	0	4	1	0	5	0	1	2	0	0	1	5	2	4	2	7	2	1	0	6	4	0	2	6	0	15	1	2	6	8	6	8	4	5	1	1	5	5	9	14	3	8	3	2	8	6	3	4	8	0	2	1	9	5	8	8	2	12	3	
796_A/duck/Hunan/02.26_Y 4	3	1	2	3	0	4	1	0	6	0	1	2	0	0	1	5	2	4	2	7	2	1	0	6	4	0	2	6	0	15	1	2	7	8	6	7	4	5	1	2	5	5	8	14	3	8	4	2	7	6	3	4	7	0	2	1	9	5	8	8	2	12	3	
797_A/duck/Hunan/02.26_Y 4	3	1	2	3	0	4	1	0	6	0	1	2	0	0	1	5	2	4	2	7	2	1	0	6	4	0	2	6	0	15	1	2	7	8	6	7	4	5	1	2	5	5	8	14	3	8	4	2	7	6	3	4	7	0	2	1	9	5	7	8	2	12	4	
798_A/duck/Hunan/02.26_Y 4	3	1	2	3	0	4	1	0	6	0	1	2	0	0	1	5	2	4	2	7	2	1	0	6	4	0	2	6	0	15	1	2	7	8	6	7	4	5	1	2	5	5	8	14	3	8	4	2	7	6	3	4	7	0	2	1	9	5	7	8	2	12	4	
799_A/duck/Hunan/02.26_Y 4	3	1	3	3	0	4	0	0	6	0	1	2	0	0	1	5	2	4	2	7	2	1	0	6	4	0	2	6	0	15	1	2	7	8	6	7	4	5	1	2	5	5	8	14	3	8	4	2	7	6	3	4	7	0	2	1	9	5	8	8	2	12	3	
800_A/duck/Hunan/02.26_Y 4	3	1	2	3	0	4	1	0	6	0	1	2	0	0	1	5	2	4	2	7	2	1	0	6	4	0	2	6	0	15	1	2	7	8	6	7	4	5	1	2	5	5	8	14	3	8	4	2	7	6	3	4	7	0	2	1	9	5	8	8	2	12	3	
801_A/duck/Hunan/02.26_Y 4	3	1	2	3	0	4	1	0	6	0	1	2	0	0	1	5	2	4	2	7	2	1	0	6	4	0	2	6	0	15	1	2	7	8	6	7	4	5	1	2	5	5	8	14	3	8	4	2	7	6	3	4	7	0	2	1	9	5	7	8	2	12	4	
802_A/duck/Hunan/02.26_Y 4	3	1	2	3	0	4	1	0	6	0	1	2	0	0	1	5	2	4	2	7	2	1	0	6	4	0	2	6	0	15	1	2	7	8	6	7	4	5	1	2	5	5	8	14	3	8	4	2	7	6	3	4	7	0	2	1	9	5	8	8	2	12	3	
803_A/duck/Hunan/02.26_Y 4	3	1	2	3	0	4	1	0	6	0	1	2	0	0	1	5	2	4	2	7	2	1	0	6	4	0	2	6	0	15	1	2	7	8	6	7	4	5	1	2	5	5	8	14	3	8	4	2	7	6	3	4	7	0	2	1	9	5	8	8	2	12	3	
804_A/duck/Hunan/02.26_Y 4	3	1	2	3	0	4	1	0	6	0	1	2	0	0	1	5	2	4	2	7	2	1	0	6	4	0	2	6	0	15	1	2	7	8	6	7	4	5	1	2	5	5	8	14	3	8	4	2	7	6	3	4	7	0	2	1	9	5	8	8	2	12	3	
805_A/duck/Hunan/02.26_Y 4	3	1	2	3	0	4	1	0	6	0	1	2	0	0	1	5	2	4	2	7	2	1	0	6	4	0	2	6	0	15	1	2	7	8	6	7	4	5	1	2	5	5	8	14	3	8	4	2	7	6	3	4	7	0	2	1	9	5	8	8	2	12	3	
806_A/duck/Hunan/02.26_Y 4	3	1	2	3	0	4	1	0	6	0	1	2	0	0	1	5	2	4	2	7	2	1	0	6	4	0	2	6	0	15	1	2	7	8	5	7	4	5	1	2	5	5	8	14	3	9	4	2	7	6	3	4	7	0	2	1	10	5	7	8	2	11	4	
807_A/duck/Hunan/02.26_Y 4	3	1	2	3	0	4	1	0	6	0	1	2	0	0	1	5	2	4	2	7	2	1	0	6	4	0	2	6	0	15	1	2	7	8	6	7	4	5	1	2	5	5	8	14	3	8	4	2	7	6	3	4	7	0	2	1	9	5	7	8	2	12	4	
808_A/duck/Hunan/03.07_Y 4	3	1	2	3	0	4	1	0	6	0	1	3	0	0	1	5	2	4	2	7	2	1	0	6	4	0	2	5	0	15	1	3	3	8	6	7	7	5	1	2	6	5	7	14	3	8	5	2	6	6	3	3	8	0	2	2	10	7	8	7	1	10	3	
809_A/duck/Hunan/03.07_Y 4	3	1	2	3	0	4	1	0	5	0	1	2	0	0	1	6	2	4	2	6	2	1	0	6	4	0	3	6	0	15	1	2	5	9	6	7	4	4	1	2	6	5	9	14	3	9	1	2	8	5	5	4	7	1	2	0	10	5	7	9	2	12	2	
810_A/duck/Hunan/03.07_Y 4	3	1	2	3	0	4	1	0	5	0	1	2	0	0	1	6	2	4	2	7	2	1	0	5	4	0	2	6	0	15	2	2	4	8	6	7	6	5	1	2	6	4	9	14	2	9	2	2	8	5	3	4	7	1	2	1	10	4	8	8	2	13	3	
811_A/duck/Hunan/03.07_Y 4	3	1	2	3	0	4	1	0	5	0	1	2	0	0	1	5	2	4	1	7	2	1	0	6	4	0	2	6	0	15	3	3	7	9	6	6	4	4	1	2	6	5	10	14	2	8	1	2	7	5	3	4	8	1	2	1	8	5	10	8	3	12	1	
812_A/duck/Hunan/03.09_Y 4	1	0	2	2	2	5	1	1	4	0	1	3	0	0	1	5	2	3	2	7	2	2	0	6	4	5	1	4	0	10	3	5	7	4	6	3	4	8	2	2	5	3	6	14	3	10	4	4	9	4	3	4	6	3	1	3	9	7	6	4	4	10	7	
813_A/duck/Hunan/03.09_Y 4	3	1	2	3	0	4	1	0	5	0	1	2	0	0	1	5	2	4	2	7	2	1	0	6	4	0	3	6	0	15	1	2	5	9	6	7	5	4	1	2	5	5	8	14	3	8	3	2	8	5	3	4	8	1	2	2	9	5	9	7	2	12	2	
814_A/duck/Hunan/03.09_Y 4	3	1	2	3	0	4	1	0	5	0	1	2	0	0	1	5	2	4	2	7	2	1	0	6	4	0	3	6	0	15	1	2	5	9	6	7	5	4	1	2	5	5	8	14	3	8	3	2	8	6	4	4	8	0	1	1	9	5	9	8	2	12	2	
815_A/duck/Hunan/03.24_Y 4	3	1	2	3	0	4	1	0	5	0	1	2	0	0	1	5	2	4	2	7	2	1	0	6	4	1	3	6	0	14	1	2	5	10	6	7	5	3	1	2	5	3	8	14	3	10	3	2	8	5	3	4	7	1	2	1	10	5	9	8	2	12	2	
816_A/duck/Hunan/03.24_Y 4	3	1	2	3	0	4	1	0	5	0	1	2	0	0	1	5	2	4	2	7	2	1	0	6	4	1	3	6	0	14	1	2	5	10	6	7	5	3	1	2	5	3	8	14	3	10	3	2	8	5	3	4	7	1	2	1	10	5	9	8	2	12	2	
817_A/duck/Hunan/03.24_Y 4	3	1	2	3	0	4	1	0	5	0	1	2	0	0	1	5	2	4	2	7	2	1	0	6	4	1	3	6	0	14	1	2	5	10	6	7	5	3	1	2	5	3	8	14	3	10	3	2	8	5	3	4	7	1	2	1	10	5	9	8	2	12	2	
818_A/duck/Hunan/03.24_Y 4	3	1	2	3	0	4	1	0	5	0	1	2	0	0	1	5	2	4	2	7	2	1	0	6	4	1	3	6	0	14	1	2	5	10	6	7	5	3	1	2	5	3	8	14	3	10	3	2	8	5	3	4	7	1	2	1	10	5	9	8	2	12	2	
819_A/duck/Hunan/04.14_Y 4	3	1	2	3	0	4	1	0	6	0	1	2	0	0	1	5	2	4	2	7	2	1	0	6	4	0	2	6	0	15	1	2	7	8	6	6	4	5	1	3	5	5	7	14	3	8	5	2	7	6	3	4	7	0	2	2	9	5	8	7	2	12	3	
820_A/duck/Hunan/04.14_Y 3	2	1	2	3	0	3	1	0	5	0	1	2	0	0	1	3	2	4	2	3	1	1	0	5	3	0	2	6	0	14	1	2	6	8	5	4	3	4	1	2	5	3	8	13	2	7	4	1	6	4	3	3	6	0	1	1	8	4	8	7	1	8	2	
821_A/duck/Hunan/04.14_Y 4	3	1	2	3	0	4	1	0	6	0	1	2	0	0	1	5	2	4	2	7	2	1	0	6	4	0	2	6	0	15	1	2	7	8	6	7	4	5	1	2	5	5	8	14	3	8	4	2	7	6	3	4	7	0	2	1	9	5	8	8	2	12	3	
822_A/duck/Hunan/04.14_Y 4	3	1	2	3	0	4	1	0	6	0	1	2	0	0	1	5	2	4	2	7	2	1	0	6	4	0	2	6	0	15	1	2	8	8	6	7	4	5	1	2	4	5	8	14	3	8	4	2	7	6	3	4	7	0	2	1	9	5	8	8	2	12	3	
823_A/duck/Hunan/04.14_Y 4	3	1	2	3	0	4	1	0	6	0	1	2	0	0	1	5	2	4	2	7	2	1	0	6	4	0	2	6	0	15	1	2	7	8	6	6	4	5	1	3	5	5	7	14	3	8	5	2	7	6	3	4	7	0	2	2	9	5	8	7	2	12	3	
824_A/duck/Hunan/04.14_Y 4	3	1	2	3	0	4	1	0	6	0	1	2	0	0	1	5	2	4	2	7	2	1	0	6	4	0	2	6	0	15	1	2	7	8	6	6	4	5	1	3	5	5	7	14	3	8	5	2	7	6	3	4	7	0	2	2	9	5	8	7	2	12	3	
825_A/duck/Hunan/04.14_Y 4	3	1	2	3	0	4	1	0	6	0	1	2	0	0	1	5	2	4	2	7	2	1	0	6	4	0	2	6	0	15	1	2	7	8	6	6	4	5	1	3	5	5	7	14	3	8	5	2	7	6	3	4	7	0	2	2	9	5	8	7	2	12	3	
826_A/duck/Hunan/04.14_Y 4	3	1	2	3	0	4	1	0	6	0	1	2	0	0	1	5	2	4	2	7	2	1	0	6	4	0	2	6	0	15	1	2	7	8	6	7	4	5	1	2	5	5	8	14	3	8	4	2	7	6	3	4	7	0	2	1	9	5	8	8	2	12	3	
827_A/duck/Hunan/04.14_Y 4	3	1	2	3	0	4	1	0	6	0	1	2	0	0	1	5	2	4	2	7	2	1	0	6	4	0	2	6	0	15	1	2	7	8	6	7	4	5	1	2	5	5	8	14	3	8	4	2	7	6	3	4	7	0	2	1	9	5	8	8	2	12	3	
828_A/duck/Hunan/04.22_L 4	3	1	2	3	0	4	1	0	5	0	1	2	0	0	1	5	2	4	2	7	2	1	0	6	4	0	3	6	0	15	1	2	5	9	6	7	5	4	1	2	5	4	8	14	3	9	3	2	8	5	3	4	7	1	2	1	10	5	9	8	2	12	2	
829_A/duck/Hunan/7.21_YY 4	3	1	2	3	0	4	1	0	6	0	1	2	0	0	1	4	2	4	2	8	2	1	0	6	4	0	3	6	0	15	1	3	5	9	6	6	5	4	1	2	6	4	8	14	2	9	3	2	8	5	3	4	7	1	2	1	9	5	9	8	2	12	2	
830_A/duck/Hunan/11.30_Y 4	4	1	2	3	0	4	1	0	4	0	1	2	0	0	1	5	2	4	2	7	2	1	0	4	4	0	3	8	0	15	1	2	6	8	6	7	4	5	1	2	5	4	8	14	3	9	3	2	8	5	3	4	8	1	2	1	9	5	9	8	2	12	2	
831_A/duck/Hunan/11.30_Y 4	3	1	2	3	0	4	1	0	5	0	1	2	0	0	1	5	2	4	1	7	2	1	0	6	4	0	2	6	0	15	3	3	7	9	5	6	4	4	2	2	6	5	10	14	2	8	1	2	7	5	3	4	8	1	2	1	8	5	10	8	3	12	1	
832_A/duck/Hunan/11.30_Y 4	3	1	2	3	0	4	1	0	5	0	1	2	0	0	1	5	2	4	1	7	2	1	0	6	4	0	2	6	0	15	3	3	7	9	5	6	4	4	2	2	6	5	10	14	2	8	1	2	7	5	3	4	8	1	2	1	8	5	10	8	3	12	1	
833_A/duck/Hunan/11.30_Y 3	2	0	2	3	1	5	1	1	4	0	1	3	1	0	1	5	2	3	1	7	2	2	1	5	3	3	2	7	1	12	2	3	3	4	7	4	9	6	2	3	5	6	8	12	3	5	5	3	9	5	3	5	7	2	2	0	7	8	6	8	3	9	5	
834_A/duck/Hunan/11.30_Y 3	2	0	2	3	1	5	1	1	4	0	1	3	1	0	1	5	2	3	1	7	2	2	1	5	3	3	2	7	1	12	2	3	3	4	7	4	9	6	2	3	5	6	8	12	3	5	5	3	9	5	3	5	7	2	2	0	7	8	6	8	3	9	5	
835_A/duck/Hunan/12.07__ 5	3	1	2	2	0	4	1	0	5	0	1	2	0	0	1	5	2	3	2	7	2	2	0	6	4	0	3	6	0	15	1	2	6	8	5	7	5	5	2	2	5	5	7	14	3	8	4	2	6	6	3	4	9	0	2	2	9	6	9	7	2	11	2	
836_A/duck/Hunan/12.07__ 4	3	1	2	3	0	4	1	0	6	0	1	3	0	0	1	5	2	4	2	7	2	1	0	6	4	0	2	5	0	15	1	2	3	8	6	8	7	5	1	2	5	5	7	14	4	8	5	2	7	6	3	3	8	0	2	2	9	5	10	7	1	12	1	
837_A/duck/Hunan/12.07__ 4	3	1	2	3	0	4	1	0	5	0	1	2	0	0	1	5	2	4	2	7	2	1	0	6	4	0	3	6	0	15	1	2	5	9	6	7	5	4	1	2	5	5	8	14	3	8	3	2	9	5	3	4	8	1	2	1	9	5	9	8	1	12	2	
838_A/duck/Hunan/12.07__ 3	3	1	2	4	0	4	1	0	5	0	1	2	0	0	1	5	2	4	2	7	2	1	0	6	4	0	3	6	0	15	1	2	5	9	6	7	5	4	1	2	5	5	8	14	3	8	3	2	8	5	3	4	8	1	2	1	9	5	9	8	2	12	2	
839_A/duck/Hunan/12.07__ 4	3	1	2	3	0	4	1	0	6	0	1	2	0	0	1	5	2	4	2	7	2	1	0	6	4	0	2	6	0	15	1	2	7	8	5	7	4	5	1	2	5	5	8	14	3	9	4	2	7	6	3	4	7	0	2	1	10	5	8	8	2	11	3	
840_A/duck/Hunan/12.07_Y 4	3	1	2	3	0	4	1	0	5	0	1	2	0	0	1	5	2	4	2	7	2	1	0	6	4	0	3	6	0	15	1	2	5	9	5	7	5	4	1	2	5	5	8	14	3	9	3	2	9	5	3	4	8	1	2	1	10	5	9	8	1	11	2	
841_A/duck/Hunan/12.07_Y 4	3	1	2	3	0	4	1	0	6	0	1	3	0	0	1	5	2	4	2	7	2	1	0	6	4	0	2	5	0	15	1	2	3	8	6	8	7	5	1	2	5	5	7	14	4	8	5	2	7	6	3	3	8	0	2	2	9	5	10	7	1	12	1	
842_A/duck/Hunan/12.07_Y 4	3	1	2	3	0	4	1	0	6	0	1	2	0	0	1	5	2	4	2	7	2	1	0	6	4	0	2	6	0	15	1	2	7	8	6	7	4	5	1	2	5	5	8	14	3	8	4	2	7	6	3	4	7	0	2	1	9	5	8	8	2	12	3	
843_A/duck/Hunan/12.07_Y 4	3	1	2	3	0	4	1	0	6	0	1	2	0	0	1	5	2	4	2	7	2	1	0	6	4	0	2	6	0	15	1	2	7	8	6	7	4	5	1	2	5	5	8	14	3	8	4	2	7	6	3	4	7	0	2	1	9	5	8	8	2	12	3	
844_A/duck/Hunan/12.07_Y 4	3	1	2	3	0	4	1	0	5	0	1	2	0	0	1	5	2	4	2	7	2	1	0	6	4	0	3	6	0	15	1	2	6	8	5	7	5	5	2	2	5	5	7	14	3	8	4	2	7	6	3	4	8	0	2	2	10	5	9	7	1	12	2	
845_A/duck/Hunan/12.07_Y 4	3	1	2	3	0	4	1	0	5	0	1	2	0	0	1	5	2	4	2	7	2	1	0	6	4	0	3	6	0	15	1	2	5	9	6	7	5	4	1	2	5	5	8	14	3	8	3	2	9	5	3	4	8	1	2	1	9	5	9	8	1	12	2	
846_A/duck/Hunan/12.07_Y 4	4	1	2	3	0	4	1	0	4	0	1	2	0	0	1	5	2	4	2	7	2	1	0	6	4	0	3	6	0	15	1	2	5	9	6	7	5	4	1	2	5	5	8	14	3	8	3	2	8	5	3	4	8	1	2	1	9	5	9	8	2	12	2	
847_A/duck/Hunan/12.17__ 4	3	1	2	3	0	4	1	0	5	0	1	2	0	0	1	5	2	4	2	7	2	1	0	6	4	0	3	6	0	15	1	2	6	9	6	7	5	4	1	2	5	6	8	14	3	7	3	2	7	5	3	4	8	1	2	2	9	5	9	7	2	12	2	
848_A/duck/Hunan/12.17__ 4	3	1	2	3	0	4	1	0	5	0	1	2	0	0	1	5	2	4	2	7	2	1	0	6	4	0	3	6	0	15	1	2	6	9	6	7	5	4	1	2	5	6	8	14	3	7	3	2	7	5	3	4	8	1	2	2	9	5	9	7	2	12	2	
849_A/duck/Hunan/12.17__ 4	2	1	2	3	1	4	1	0	6	0	1	2	0	0	1	5	2	4	2	7	2	1	0	6	4	0	2	6	0	15	1	2	7	8	6	7	4	5	1	2	5	5	8	14	3	8	4	2	7	6	3	4	7	0	2	1	9	5	8	8	2	12	3	
850_A/duck/Hunan/12.17_Y 4	3	1	2	3	0	4	1	0	6	0	1	2	0	0	1	5	2	4	2	7	2	1	0	6	4	0	2	6	0	15	1	2	7	8	6	7	4	5	1	2	5	5	8	14	3	8	4	2	7	6	3	4	7	0	2	1	9	5	8	8	2	12	3	
851_A/duck/Hunan/12.17_Y 4	3	1	2	3	0	4	1	0	6	0	1	2	0	0	1	5	2	4	2	7	2	1	0	6	4	1	2	6	0	14	1	2	7	8	6	7	4	5	1	2	5	5	8	14	3	8	4	2	7	6	3	4	7	0	2	1	9	5	8	8	2	12	3	
852_A/duck/Hunan/12.17_Y 4	3	1	2	3	0	4	1	0	5	0	1	2	0	0	1	5	2	4	2	7	2	1	0	6	4	0	3	6	0	15	1	2	5	9	6	7	5	4	1	2	5	5	8	14	3	8	3	2	8	6	4	4	8	0	1	1	9	5	9	8	2	12	2	
853_A/duck/Hunan/12.17_Y 4	3	1	3	3	0	4	0	0	6	0	1	2	0	0	1	5	2	4	2	7	2	1	0	6	4	0	2	6	0	15	1	2	7	8	6	7	4	5	1	2	5	5	8	14	3	8	4	2	7	6	3	4	7	0	2	1	9	5	8	8	2	12	3	
854_A/duck/Hunan/12.17_Y 4	3	1	2	3	0	4	1	0	6	0	1	2	0	0	1	5	2	4	2	7	2	1	0	6	4	0	2	6	0	15	1	2	7	8	6	7	4	5	1	2	5	5	8	14	3	8	4	2	7	6	3	4	7	0	2	1	9	5	8	8	2	12	3	
855_A/duck/Hunan/12.17_Y 4	3	1	2	3	0	4	1	0	5	0	1	2	0	0	1	5	2	4	2	7	2	1	0	6	4	0	3	6	0	15	1	2	6	9	6	7	5	4	1	2	5	6	8	14	3	7	3	2	7	5	3	4	8	1	2	2	9	5	9	7	2	12	2	
856_A/duck/Hunan/12.17_Y 4	3	1	2	3	0	4	1	0	6	0	1	2	0	0	1	5	2	4	2	7	2	1	0	6	4	0	2	6	0	15	1	2	7	8	6	7	4	5	1	2	5	5	8	14	3	8	4	2	7	6	3	4	7	0	2	1	9	5	8	8	2	12	3	
857_A/duck/Hunan/12.17_Y 4	3	1	2	3	0	4	1	0	5	0	1	2	0	0	1	5	2	4	2	7	2	1	0	6	4	0	3	6	0	15	1	2	5	9	6	7	5	4	1	2	5	5	8	14	3	8	3	2	8	6	4	4	8	0	1	1	9	5	9	8	2	12	2	
858_A/duck/Hunan/12.27_Y 4	3	1	2	3	0	4	1	0	5	0	1	2	0	0	1	5	2	4	2	7	2	1	0	6	4	0	3	6	0	15	1	2	5	8	6	7	5	5	1	2	6	4	8	14	2	9	3	2	8	5	3	4	7	1	3	1	10	6	8	8	2	11	2	
859_A/duck/Hunan/12.27_Y 4	3	1	2	3	0	4	1	0	5	0	1	2	0	0	1	6	2	5	2	6	2	0	0	6	4	1	4	6	0	14	0	2	5	9	6	7	4	4	1	2	6	5	8	14	3	8	3	2	8	5	3	4	7	1	2	0	10	5	10	9	2	12	1	
860_A/duck/Hunan/12.27_Y 4	3	1	2	3	0	4	1	0	5	0	1	2	0	0	1	5	2	4	2	7	2	1	0	6	4	0	3	6	0	15	1	2	5	8	6	7	5	5	1	2	6	4	8	14	2	9	3	2	8	5	3	4	7	1	3	1	10	6	8	8	2	11	2	
861_A/duck/Hunan/12.27_Y 4	3	1	2	3	0	4	1	0	5	0	1	2	0	0	1	6	2	4	2	6	2	1	0	6	4	1	4	6	0	14	0	2	5	9	6	7	4	4	1	2	6	5	8	14	3	8	3	2	8	5	3	4	7	1	2	0	10	5	10	9	2	12	1	
862_A/duck/Hunan/12.27_Y 4	3	1	2	3	0	4	1	0	5	0	1	2	0	0	1	5	2	4	2	7	2	1	0	6	4	0	3	6	0	15	1	2	5	8	6	7	5	5	1	2	6	4	8	14	2	9	3	2	8	5	3	4	7	1	3	1	10	6	8	8	2	11	2	
863_A/duck/Hunan/12.27_Y 4	3	1	2	3	0	4	1	0	5	0	1	2	0	0	1	6	2	4	2	6	2	1	0	6	4	1	4	6	0	14	0	2	5	9	6	7	4	4	1	2	6	5	8	14	3	8	3	2	8	5	3	4	7	1	2	0	10	5	10	9	2	12	1	
864_A/duck/Hunan/12.27_Y 4	3	1	2	3	0	4	1	0	5	0	1	2	0	0	1	6	2	4	2	6	2	1	0	6	4	1	4	6	0	14	0	2	5	9	6	7	4	4	1	2	6	5	8	14	3	8	3	2	8	5	3	4	7	1	2	0	10	5	10	9	2	12	1	
865_A/duck/Hunan/12.27_Y 4	3	1	2	3	0	4	1	0	5	0	1	2	0	0	1	6	2	4	2	6	2	1	0	6	4	1	4	6	0	14	0	2	5	9	6	7	4	4	1	2	6	5	8	14	3	8	3	2	8	5	3	4	7	1	2	0	10	5	10	9	2	12	1	
866_A/duck/Hunan/12.27_Y 4	3	1	2	3	0	4	1	0	5	0	1	2	0	0	1	6	2	4	2	6	2	1	0	6	4	1	4	6	0	14	0	2	5	9	6	7	4	4	1	2	6	5	8	14	3	8	3	2	8	5	3	4	7	1	2	0	10	5	10	9	2	12	1	
867_A/duck/Hunan/12.27_Y 4	3	1	2	3	0	4	1	0	5	0	1	2	0	0	1	6	2	4	2	6	2	1	0	6	4	1	4	6	0	14	0	2	5	9	6	7	4	4	1	2	6	5	8	14	3	8	3	2	8	5	3	4	7	1	2	0	10	5	10	9	2	12	1	
868_A/duck/Hunan/12.27_Y 4	3	1	2	3	0	4	1	0	5	0	1	2	0	0	1	6	2	4	2	6	2	1	0	6	4	1	4	6	0	14	0	2	5	9	6	7	4	4	1	2	6	5	8	14	3	8	3	2	8	5	3	4	7	1	2	0	10	5	10	9	2	12	1	
869_A/duck/Hunan/12.27_Y 4	3	1	2	3	0	4	1	0	5	0	1	2	0	0	1	6	2	4	2	6	2	1	0	6	4	1	4	6	0	14	0	2	5	9	6	7	4	4	1	2	6	5	8	14	3	8	3	2	8	5	3	4	7	1	2	0	10	5	10	9	2	12	1	
870_A/duck/Hunan/193/201 4	3	1	2	3	0	4	1	0	5	1	0	2	0	0	1	5	2	4	2	7	2	1	0	7	4	0	3	5	0	15	1	2	5	9	6	7	5	4	1	2	5	5	7	14	3	8	4	2	8	5	3	4	8	1	2	1	9	5	9	8	2	12	2	
871_A/duck/Hunan/233/201 4	3	1	2	3	0	4	1	0	5	0	1	2	0	0	1	5	2	4	2	7	2	1	0	6	4	0	3	6	0	15	1	2	6	9	6	7	5	4	1	2	6	5	9	14	2	8	2	2	7	6	4	4	8	0	1	1	9	5	9	8	2	12	2	
872_A/duck/Hunan/316/200 4	3	1	2	3	0	4	1	0	5	0	1	3	0	0	1	5	2	4	1	7	2	1	1	6	3	0	3	5	1	15	1	3	5	8	4	6	6	5	3	2	4	5	6	14	4	8	5	3	8	6	3	4	7	0	2	1	8	7	7	7	3	10	4	
873_A/duck/Hunan/689/200 4	3	1	2	3	0	4	1	0	5	0	1	2	0	0	1	5	2	3	1	7	2	2	1	5	3	0	3	7	1	15	1	3	5	8	4	6	6	5	3	2	4	5	6	14	4	8	5	2	8	6	3	5	7	0	2	1	8	7	7	7	3	10	4	
874_A/duck/Hunan/3315/20 4	3	1	2	3	0	4	1	0	5	0	1	2	0	0	1	5	2	4	1	7	2	1	1	6	3	0	2	6	1	15	2	3	5	8	4	6	6	5	3	2	4	5	6	14	4	8	5	2	8	6	3	5	7	0	2	1	8	7	7	7	3	10	4	
875_A/duck/Hunan/HN05/20 4	3	1	2	3	0	4	1	0	5	0	1	2	0	0	1	5	2	4	2	7	2	1	0	6	4	1	3	6	0	14	1	2	5	9	6	7	5	4	1	2	5	5	7	14	3	8	4	2	8	5	3	4	8	1	2	1	9	5	9	8	2	12	2	
876_A/duck/Hunan/HN13/20 4	5	2	4	3	1	4	2	1	5	0	1	2	0	0	2	7	2	5	2	7	2	1	1	7	4	1	3	5	0	14	1	3	5	9	6	7	5	4	1	2	5	5	7	14	3	9	4	2	8	8	3	4	8	1	2	1	10	5	9	9	2	12	2	
877_A/duck/Hunan/HN16/20 4	3	1	2	3	0	4	1	0	5	0	1	2	0	0	1	5	2	4	2	7	2	1	0	6	4	0	3	6	0	15	1	2	5	9	6	7	5	4	1	2	4	5	8	14	3	8	3	2	8	5	4	4	8	1	1	1	10	5	9	8	2	12	2	
878_A/duck/Hunan/HN29/20 4	3	1	2	3	0	4	1	0	5	1	0	2	0	0	1	5	2	4	2	7	2	1	0	7	4	1	3	5	0	14	1	2	5	9	6	7	5	4	1	2	5	5	7	14	3	8	4	2	8	5	3	4	8	1	2	1	9	5	9	8	2	12	2	
879_A/duck/Hunan/HN42/20 4	3	1	2	3	0	4	1	0	5	0	1	2	0	0	1	5	2	4	2	7	2	1	0	6	4	0	3	6	0	15	1	2	5	9	6	7	5	4	1	2	5	5	8	14	3	8	3	2	8	6	4	4	8	0	1	2	9	5	9	7	2	12	2	
880_A/duck/Hunan/HN45/20 4	3	1	2	3	0	4	1	0	5	1	0	2	0	0	1	5	2	4	2	7	2	1	0	7	4	0	3	5	0	15	1	2	5	9	6	7	5	4	1	2	5	5	7	14	3	8	4	2	8	5	3	4	8	1	2	1	9	5	9	8	2	12	2	
881_A/duck/Hunan/HN53/20 4	3	1	2	3	0	4	1	0	5	1	0	2	0	0	1	5	2	4	2	7	2	1	0	7	4	0	3	5	0	15	1	2	5	9	6	7	5	4	1	2	5	5	7	14	3	8	4	2	8	5	3	4	8	1	2	1	9	5	9	8	2	12	2	
882_A/duck/Hunan/HN54/20 4	3	1	2	3	0	4	1	0	5	1	0	2	0	0	1	5	2	4	2	7	2	1	0	7	4	0	3	5	0	15	1	2	5	9	6	7	5	4	1	2	5	5	7	14	3	8	4	2	8	5	3	4	8	1	2	2	9	5	9	7	2	12	2	
883_A/duck/Hunan/HN59/20 4	3	1	2	3	0	4	1	0	5	1	0	2	0	0	1	5	2	4	2	7	2	1	0	7	4	0	3	5	0	15	1	2	5	9	6	7	5	4	1	2	5	5	7	14	3	8	4	2	8	5	3	4	8	1	2	1	9	5	9	8	2	12	2	
884_A/duck/Hunan/HN60/20 4	3	1	2	3	0	4	1	0	5	1	0	2	0	0	1	5	2	4	2	7	2	1	0	7	4	0	3	5	0	15	1	2	5	9	6	7	5	4	1	2	5	5	7	14	3	8	4	2	8	5	3	4	8	1	2	1	9	5	9	8	2	12	2	
885_A/duck/Hunan/HN61/20 4	3	1	2	3	0	4	1	0	5	1	0	2	0	0	1	5	2	4	2	7	2	1	0	7	4	0	3	5	0	15	1	2	6	9	6	7	4	4	1	2	5	5	7	14	3	8	4	2	8	5	3	4	8	1	2	1	9	5	9	8	2	12	2	
886_A/duck/Hunan/HN64/20 4	3	1	2	3	0	4	1	0	5	1	0	2	0	0	1	5	2	4	2	7	2	1	0	7	4	0	3	5	0	15	1	2	5	9	6	7	5	4	1	2	5	5	7	14	3	8	4	2	8	5	3	4	8	1	2	1	9	5	9	8	2	12	2	
887_A/duck/Hunan/HN66/20 4	3	1	2	3	0	4	1	0	5	1	0	2	0	0	1	5	2	4	2	7	2	1	0	7	4	0	3	5	0	15	1	2	5	9	6	7	5	4	1	2	5	5	7	14	3	8	4	2	8	5	3	4	8	1	2	1	9	5	9	8	2	12	2	
888_A/duck/Hunan/HN67/20 4	3	1	2	3	0	4	1	0	5	1	0	2	0	0	1	5	2	4	2	7	2	1	0	7	4	0	3	5	0	15	1	2	5	9	6	7	5	4	1	2	5	5	7	14	3	8	4	2	8	5	3	4	8	1	2	1	9	5	9	8	2	12	2	
889_A/duck/Hunan/HN71/20 4	3	1	2	3	0	4	1	0	5	0	1	2	0	0	1	5	2	4	2	7	2	1	0	6	4	0	3	6	0	15	1	2	5	9	6	7	5	4	1	2	5	5	8	14	3	8	3	2	8	6	4	4	8	0	1	2	9	5	9	7	2	12	2	
890_A/duck/Hunan/HN72/20 4	3	1	2	3	0	4	1	0	5	0	1	2	0	0	1	5	2	4	2	7	2	1	0	6	4	0	3	6	0	15	1	2	5	9	6	7	5	4	1	2	4	5	8	14	3	9	2	2	8	5	4	4	8	1	1	1	10	5	9	8	2	12	2	
891_A/duck/Hunan/HN74/20 4	3	1	2	3	0	4	1	0	5	0	1	2	0	0	1	5	2	4	2	7	2	1	0	6	4	0	3	6	0	15	1	2	6	9	6	7	4	4	1	2	5	5	8	14	3	8	3	2	8	6	4	4	8	0	1	1	9	5	9	8	2	12	2	
892_A/duck/Hunan/HN76/20 4	3	1	2	3	0	4	1	0	5	0	1	2	0	0	1	5	2	4	2	7	2	1	0	6	4	0	3	6	0	15	1	2	5	9	6	7	5	4	1	2	4	5	8	14	3	8	3	2	8	5	4	4	8	1	1	1	10	5	9	8	2	12	2	
893_A/duck/Hunan/HN78/20 4	3	1	2	3	0	4	1	0	5	1	0	2	0	0	1	5	2	4	2	7	2	1	0	7	4	0	3	5	0	15	1	2	6	9	6	7	4	4	1	2	5	5	7	14	3	8	4	2	8	5	3	4	8	1	2	1	9	5	9	8	2	12	2	
894_A/duck/Hunan/HN80/20 4	3	1	2	3	0	4	1	0	5	0	1	2	0	0	1	5	2	4	2	7	2	1	0	6	4	0	3	6	0	15	1	2	5	9	6	7	5	4	1	2	5	5	8	14	3	8	3	2	8	6	4	4	8	0	1	2	9	5	9	7	2	12	2	
895_A/duck/Hunan/HN162/2 4	3	1	2	3	0	4	1	0	5	0	1	2	0	0	1	5	2	4	2	7	2	1	0	4	4	0	3	8	0	15	1	2	5	8	5	7	5	5	2	2	5	4	7	14	3	9	4	2	8	5	3	4	8	1	2	1	10	5	9	8	1	12	2	
896_A/duck/Hunan/HN163/2 4	3	1	2	3	0	4	1	0	5	0	1	2	0	0	1	5	2	4	2	7	2	1	0	6	4	0	3	6	0	15	1	2	5	9	6	7	5	4	1	2	5	5	8	14	3	8	3	2	8	5	3	4	8	1	2	1	9	5	9	8	2	12	2	
897_A/duck/Hunan/HN167/2 4	3	1	2	3	0	4	1	0	5	0	1	2	0	0	1	5	2	4	2	7	2	1	0	4	4	0	3	8	0	15	1	2	5	8	5	7	5	5	2	2	5	4	8	14	3	9	3	2	8	5	3	4	8	1	2	1	10	5	9	8	1	12	2	
898_A/duck/Hunan/HN171/2 4	3	1	2	3	0	4	1	0	5	0	1	2	0	0	1	5	2	4	2	7	2	1	0	4	4	0	3	8	0	15	1	2	5	8	5	7	5	5	2	2	5	4	8	14	3	9	3	2	8	5	3	4	8	1	2	1	10	5	9	8	1	12	2	
899_A/duck/Hunan/HN172/2 4	3	1	2	3	0	4	1	0	5	0	1	2	0	0	1	5	2	4	2	7	2	1	0	4	4	0	3	8	0	15	1	2	5	8	5	7	5	5	2	2	5	4	8	14	3	9	3	2	8	5	3	4	8	1	2	1	10	5	9	8	1	12	2	
900_A/duck/Hunan/HN174/2 4	3	1	2	3	0	4	1	0	5	0	1	2	0	0	1	5	2	4	2	7	2	1	0	4	4	0	3	8	0	15	1	2	5	8	5	7	5	5	2	2	5	4	8	14	3	9	3	2	8	5	3	4	8	1	2	1	10	5	9	8	1	12	2	
901_A/duck/Hunan/HN176/2 4	3	1	2	3	0	4	1	0	5	0	1	2	0	0	1	5	2	4	2	7	2	1	0	4	4	0	3	8	0	15	1	2	5	8	5	7	5	5	2	2	5	4	8	14	3	9	3	2	8	5	3	4	8	1	2	1	10	5	9	8	1	12	2	
902_A/duck/Hunan/HN177/2 4	3	1	2	3	0	4	1	0	5	0	1	2	0	0	1	5	2	4	2	6	2	1	0	4	4	0	3	8	0	15	1	2	5	8	5	7	5	5	2	2	5	4	8	14	3	9	3	2	8	5	3	5	8	1	2	1	10	5	9	8	1	12	2	
903_A/duck/Hunan/HN178/2 4	3	1	2	3	0	4	1	0	5	0	1	2	0	0	1	5	2	4	2	7	2	1	0	4	4	0	3	8	0	15	1	2	5	8	5	7	5	5	2	2	5	4	8	14	3	9	3	2	8	5	3	4	8	1	2	1	10	5	9	8	1	12	2	
904_A/duck/Hunan/HN182/2 4	3	1	2	3	0	4	1	0	5	0	1	2	0	0	1	5	2	4	2	7	2	1	0	6	4	0	3	6	0	15	1	2	5	9	6	7	5	4	1	2	5	5	8	14	3	8	3	2	8	5	3	4	8	1	2	1	9	5	9	8	2	12	2	
905_A/duck/Hunan/HN183/2 4	3	1	2	3	0	4	1	0	5	0	1	2	0	0	1	5	2	4	2	7	2	1	0	4	4	0	3	8	0	15	1	2	5	8	5	7	5	5	2	2	5	4	8	14	3	9	3	2	8	5	3	4	8	1	2	1	10	5	9	8	1	12	2	
906_A/duck/Hunan/HN186/2 4	3	1	2	3	0	4	1	0	5	0	1	2	0	0	1	5	2	4	2	7	2	1	0	5	4	0	3	7	0	15	1	2	5	8	5	7	5	5	2	2	5	4	8	14	3	9	3	2	8	5	3	4	8	1	2	1	10	5	9	8	1	12	2	
907_A/duck/Hunan/HN190/2 4	3	1	2	3	0	4	1	0	5	0	1	2	0	0	1	5	2	4	2	7	2	1	0	4	4	0	3	8	0	15	1	2	5	8	5	7	5	5	2	2	5	4	8	14	3	9	3	2	8	5	3	4	8	1	2	1	10	5	9	8	1	12	2	
908_A/duck/Hunan/HN191/2 4	3	1	2	3	0	4	1	0	5	0	1	2	0	0	1	5	2	4	2	7	2	1	0	5	4	0	3	7	0	15	1	2	5	8	5	7	5	5	2	2	5	5	8	14	3	8	3	2	8	5	3	4	8	1	2	1	10	5	9	8	1	12	2	
909_A/duck/Hunan/HN192/2 4	3	1	2	3	0	4	1	0	5	0	1	2	0	0	1	5	2	4	2	7	2	1	0	4	4	0	3	8	0	15	1	2	5	9	5	7	5	5	2	2	5	4	8	14	3	9	3	2	8	4	3	4	8	1	2	1	10	5	9	8	1	12	2	
910_A/duck/Hunan/HN194/2 4	3	1	2	3	0	4	1	0	5	0	1	2	0	0	1	5	2	4	2	7	2	1	0	4	4	0	3	8	0	15	1	2	5	8	5	7	5	5	2	2	5	4	8	14	3	9	3	2	8	5	3	4	8	1	2	1	10	5	9	8	1	12	2	
911_A/duck/Hunan/HN195/2 4	3	1	2	3	0	4	1	0	5	0	1	2	0	0	1	5	2	4	2	7	2	1	0	4	4	0	3	8	0	15	1	2	5	8	5	7	5	5	2	2	5	4	8	14	3	9	3	2	8	5	3	4	8	1	2	1	10	5	9	8	1	12	2	
912_A/duck/Hunan/HN197/2 4	3	1	2	3	0	4	1	0	5	0	1	2	0	0	1	5	2	4	2	7	2	1	0	4	4	0	3	8	0	15	1	2	5	8	5	7	5	5	2	2	5	4	8	14	3	9	3	2	8	5	3	4	8	1	2	1	10	5	9	8	1	12	2	
913_A/duck/Hunan/HN201/2 4	3	1	2	3	0	4	1	0	5	0	1	2	0	0	1	5	2	4	2	7	2	1	0	4	4	0	3	8	0	15	1	2	5	8	5	7	5	5	2	2	5	4	8	14	3	9	3	2	8	5	3	4	8	1	2	1	10	5	9	8	1	12	2	
914_A/duck/Hunan/HN204/2 4	3	1	2	3	0	4	1	0	5	0	1	2	0	0	1	5	2	4	2	7	2	1	0	6	4	0	3	6	0	15	1	2	5	9	6	7	5	4	1	2	5	5	8	14	3	8	3	2	8	5	3	4	8	1	2	1	9	5	9	8	2	12	2	
915_A/duck/Hunan/HN205/2 4	3	1	2	3	0	4	1	0	5	0	1	2	0	0	1	4	2	4	3	7	2	1	0	5	3	0	3	7	1	15	1	2	5	8	5	7	5	5	2	2	5	4	7	14	3	9	4	2	8	5	3	4	8	1	2	1	9	5	9	8	2	12	2	
916_A/duck/Hunan/HN206/2 4	3	1	2	3	0	4	1	0	5	0	1	2	0	0	1	5	2	4	2	7	2	1	0	4	4	0	3	8	0	15	1	2	5	8	5	7	5	5	2	2	5	4	7	14	3	9	4	2	8	5	3	4	8	1	2	1	10	5	9	8	1	12	2	
917_A/duck/Hunan/HN207/2 4	3	1	2	3	0	4	1	0	5	0	1	2	0	0	1	5	2	4	2	7	2	1	0	4	4	0	3	8	0	15	1	2	5	8	5	7	5	5	2	2	5	4	8	14	3	9	3	2	8	5	3	4	8	1	2	1	10	5	9	8	1	12	2	
918_A/duck/Hunan/HN208/2 4	3	1	2	3	0	4	1	0	5	0	1	2	0	0	1	5	2	4	2	7	2	1	0	4	4	0	3	8	0	15	1	2	5	8	5	7	5	5	2	2	5	4	8	14	3	9	3	2	8	5	3	4	8	1	2	1	10	5	9	8	1	12	2	
919_A/duck/Hunan/HN209/2 4	3	1	2	3	0	4	1	0	5	0	1	2	0	0	1	5	2	4	2	7	2	1	0	4	4	0	3	8	0	15	1	2	5	8	5	7	5	5	2	2	5	4	7	14	3	9	4	2	8	5	3	4	8	1	2	1	10	5	9	8	1	12	2	
920_A/duck/Hunan/HN210/2 4	3	1	2	3	0	4	1	0	5	0	1	2	0	0	1	5	2	4	2	7	2	1	0	4	4	0	3	8	0	15	1	2	5	8	5	7	5	5	2	2	5	4	7	14	3	9	4	2	8	5	3	4	8	1	2	1	10	5	9	8	1	12	2	
921_A/duck/Hunan/HN212/2 4	3	1	2	3	0	4	1	0	5	0	1	2	0	0	1	5	2	4	2	7	2	1	0	4	4	0	3	8	0	15	1	2	5	8	5	7	5	5	2	2	5	4	8	14	3	9	3	2	8	5	3	4	8	1	2	1	10	5	9	8	1	12	2	
922_A/duck/Hunan/HN214/2 4	3	1	2	3	0	4	1	0	5	0	1	2	1	0	1	5	2	4	2	7	2	1	0	6	4	1	4	6	0	14	0	2	5	9	6	7	5	4	1	2	5	5	8	14	4	7	3	3	8	5	3	3	8	1	2	1	8	6	8	8	2	11	3	
923_A/duck/Hunan/HN215/2 4	3	1	2	3	0	4	1	0	5	0	1	2	0	0	1	5	2	4	2	7	2	1	0	4	4	0	3	8	0	15	1	2	5	8	5	7	5	5	2	2	5	4	8	14	3	9	3	2	8	5	3	4	8	1	2	1	10	5	9	8	1	12	2	
924_A/duck/Hunan/HN216/2 4	3	1	2	3	0	4	1	0	5	0	1	2	0	0	1	5	2	4	2	7	2	1	0	6	4	0	3	6	0	15	1	2	5	9	6	7	5	4	1	2	5	5	8	14	3	8	3	2	8	5	3	4	8	1	2	1	9	5	9	8	2	12	2	
925_A/duck/Hunan/HN217/2 4	3	1	2	3	0	4	1	0	5	0	1	2	0	0	1	5	2	4	2	7	2	1	0	4	4	0	3	8	0	15	1	2	5	8	5	7	5	5	2	2	5	4	8	14	3	9	3	2	8	5	3	4	8	1	2	1	10	5	9	8	1	12	2	
926_A/duck/Hunan/HN220/2 4	3	1	2	3	0	4	1	0	5	0	1	2	0	0	1	5	2	4	2	7	2	1	0	4	4	0	3	8	0	15	1	2	5	8	5	7	5	5	2	2	5	4	8	14	3	9	3	2	8	5	3	4	8	1	2	1	10	5	9	8	1	12	2	
927_A/duck/Hunan/HN221/2 4	3	1	2	3	0	4	1	0	5	0	1	2	0	0	1	5	2	4	2	7	2	1	0	5	4	0	3	7	0	15	1	2	5	8	5	7	5	5	2	2	5	4	8	14	3	9	3	2	8	5	3	4	8	1	2	1	10	5	9	8	1	12	2	
928_A/duck/Hunan/HN224/2 4	3	1	2	3	0	4	1	0	5	0	1	2	0	0	1	5	2	4	2	7	2	1	0	6	4	0	3	6	0	15	1	2	5	9	6	7	5	4	1	2	5	5	8	14	3	8	3	2	8	5	3	4	8	1	2	1	9	5	9	8	2	12	2	
929_A/duck/Hunan/HN227/2 4	3	1	2	3	0	4	1	0	5	0	1	2	0	0	1	5	2	4	2	7	2	1	0	5	4	0	3	7	0	15	1	2	5	8	5	7	5	5	2	2	5	4	8	14	3	9	3	2	8	5	3	4	8	1	2	1	10	5	9	8	1	12	2	
930_A/duck/Hunan/HN230/2 4	3	1	2	3	0	4	1	0	5	0	1	2	0	0	1	5	2	4	2	7	2	1	0	4	4	0	3	8	0	15	1	2	5	8	5	6	5	5	2	3	5	4	8	14	3	9	3	2	8	5	3	4	8	1	2	1	10	5	9	8	1	12	2	
931_A/duck/Hunan/HN232/2 4	1	0	3	2	2	5	0	2	4	0	1	1	0	0	1	7	2	3	2	6	2	2	0	6	4	6	1	5	1	8	3	4	7	4	6	3	4	8	2	2	5	3	5	14	3	10	5	5	7	4	3	3	7	3	1	3	9	7	6	4	5	10	7	
932_A/duck/Hunan/HN234/2 4	3	1	2	3	0	4	1	0	5	0	1	2	1	0	1	5	2	4	2	7	2	1	0	6	4	1	4	6	0	14	0	2	5	9	6	7	5	4	1	2	5	5	8	14	4	7	3	3	8	5	3	3	8	1	2	1	8	6	8	8	2	11	3	
933_A/duck/Hunan/HN236/2 4	3	1	2	3	0	4	1	0	5	0	1	2	1	0	1	5	2	4	2	7	2	1	0	6	4	1	4	6	0	14	0	2	5	9	6	6	5	4	1	2	5	5	8	14	4	7	3	3	8	5	3	4	8	1	2	1	8	6	9	8	2	11	2	
934_A/duck/Hunan/HN238/2 4	3	1	2	3	0	4	1	0	5	0	1	2	1	0	1	5	2	4	2	7	2	1	0	6	4	1	4	6	0	14	0	2	5	9	6	6	5	4	1	2	5	5	8	14	4	7	3	3	7	5	3	4	9	1	2	1	8	6	9	8	2	11	2	
935_A/duck/Hunan/HN239/2 4	3	1	2	3	0	4	1	0	5	0	1	2	0	0	1	5	2	4	2	7	2	1	0	6	4	0	3	6	0	15	1	2	5	9	6	7	5	4	1	2	5	5	8	14	3	8	3	2	8	5	3	4	8	1	2	1	9	5	9	8	2	12	2	
936_A/duck/Hunan/HN240/2 4	3	1	2	3	0	4	1	0	5	0	1	2	1	0	1	5	2	4	2	7	2	1	0	6	4	1	4	6	0	14	0	2	5	9	6	5	5	4	1	3	5	5	8	14	4	7	3	3	8	5	3	4	8	1	2	1	8	6	9	8	2	11	2	
937_A/duck/Hunan/HN241/2 4	3	1	2	3	0	4	1	0	5	0	1	2	0	0	1	5	2	4	2	7	2	1	0	7	4	0	3	5	0	15	1	2	5	9	6	7	5	4	1	2	5	5	7	14	3	8	4	2	8	5	3	4	8	1	2	1	9	5	9	8	2	12	2	
938_A/duck/Hunan/HN242/2 4	3	1	2	3	0	4	1	0	5	0	1	2	1	0	1	5	2	4	2	7	2	1	0	6	4	1	4	6	0	14	0	2	5	9	6	7	5	4	1	2	5	5	8	14	4	7	3	3	8	5	3	3	8	1	2	1	8	6	9	8	2	11	2	
939_A/duck/Hunan/HN278/2 4	3	1	2	3	0	4	1	0	5	0	1	2	0	0	1	5	2	4	2	7	2	1	0	6	4	0	3	6	0	15	1	2	5	9	6	7	5	4	1	2	5	5	8	14	3	8	3	2	7	5	3	4	9	1	2	1	8	4	9	8	3	13	2	
940_A/duck/Hunan/HN285/2 4	3	1	2	3	0	4	1	0	5	0	1	2	0	0	1	5	2	4	2	7	2	1	0	6	4	0	3	6	0	15	1	2	5	9	6	7	5	4	1	2	5	5	8	14	3	8	3	2	7	5	3	4	9	1	2	1	8	4	9	8	3	13	2	
941_A/duck/Hunan/HN288/2 4	3	1	2	3	0	4	1	0	5	0	1	2	0	0	1	5	2	4	2	7	2	1	0	6	4	0	3	6	0	15	1	2	5	9	6	7	5	4	1	2	5	5	8	14	3	8	3	2	7	5	3	4	9	1	2	1	8	4	9	8	3	13	2	
942_A/duck/Hunan/HN333/2 4	3	1	2	3	0	4	1	0	5	0	1	2	0	0	1	5	2	4	2	7	2	1	0	6	4	0	3	6	0	15	1	2	6	9	6	7	5	4	1	2	5	5	8	14	3	8	3	2	7	5	3	4	8	1	2	1	8	5	9	8	3	12	2	
943_A/duck/Hunan/HN334/2 4	3	1	2	3	0	4	1	0	5	0	1	2	0	0	1	5	3	4	1	7	2	1	1	6	4	0	3	6	0	15	1	2	5	9	6	7	5	4	1	2	6	6	8	14	2	7	3	2	7	5	3	4	8	1	2	1	9	5	9	8	2	12	2	
944_A/duck/Hunan/HN335/2 4	3	1	2	3	0	4	1	0	5	0	1	2	0	0	1	5	2	4	2	7	2	1	0	6	4	0	3	6	0	15	1	2	5	9	6	7	5	4	1	2	5	5	8	14	3	8	3	2	7	5	3	4	9	1	2	1	8	4	9	8	3	13	2	
945_A/duck/Hunan/HN336/2 4	3	1	2	3	0	4	1	0	5	0	1	2	0	0	1	5	3	4	1	7	2	1	1	6	4	0	3	6	0	15	1	2	5	9	6	7	5	4	1	2	6	6	8	14	2	7	3	2	7	5	3	4	8	1	2	1	9	5	9	8	2	12	2	
946_A/duck/Hunan/HN339/2 4	3	1	2	3	0	4	1	0	5	0	1	2	0	0	1	5	2	4	2	7	2	1	0	6	4	0	3	6	0	15	1	2	5	9	6	7	5	4	1	2	5	5	7	14	3	8	4	2	8	5	3	4	8	1	2	1	9	5	9	8	2	12	2	
947_A/duck/Hunan/HN341/2 4	3	1	2	3	0	4	1	0	5	0	1	2	0	0	1	5	3	4	1	7	2	1	1	6	4	0	3	6	0	15	1	2	5	9	6	7	5	4	1	2	6	6	8	14	2	7	3	2	7	5	3	4	8	1	2	1	9	5	9	8	2	12	2	
948_A/duck/Hunan/HN342/2 4	3	1	2	3	0	4	1	0	5	0	1	2	0	0	1	5	3	4	1	7	2	1	1	6	4	0	3	6	0	15	1	2	5	9	6	7	5	4	1	2	6	6	8	14	2	7	3	2	7	5	3	4	8	1	2	1	9	5	9	8	2	12	2	
949_A/duck/Hunan/HN343/2 4	3	1	2	3	0	4	1	0	5	0	1	2	0	0	1	5	3	4	1	7	2	1	1	6	4	0	3	6	0	15	1	2	5	9	6	7	5	4	1	2	6	6	8	14	2	7	3	2	7	4	3	4	8	2	2	1	9	5	9	8	2	12	2	
950_A/duck/Hunan/S4020/2 4	3	1	2	3	0	4	1	0	5	0	1	2	0	0	1	6	2	4	2	6	2	1	0	6	3	0	3	6	1	15	1	3	5	8	4	6	6	5	3	2	4	5	6	14	4	8	5	2	8	4	4	5	7	2	2	0	9	5	7	8	2	12	3	
951_A/duck/Hunan/S4030/2 4	3	1	2	3	0	4	1	0	5	0	1	2	0	0	1	5	2	4	2	7	2	1	0	6	4	0	2	6	0	15	1	2	4	8	6	8	7	5	1	2	4	5	7	14	4	8	5	2	7	6	3	3	8	0	2	2	9	5	9	7	2	12	2	
952_A/duck/Hunan/S4101/2 4	2	0	2	3	1	5	1	0	5	0	1	3	0	0	1	4	1	2	1	8	3	3	1	5	3	4	2	6	1	11	1	5	5	5	4	4	6	5	4	1	7	8	5	14	2	6	6	2	10	7	3	3	7	0	3	5	6	4	7	6	2	13	4	
953_A/duck/Hunan/S4120/2 4	2	0	2	3	1	5	1	0	5	0	1	3	0	0	1	4	1	2	1	8	3	3	1	5	3	4	2	6	1	11	1	4	5	5	4	5	6	5	4	1	7	8	6	14	2	6	5	2	10	7	3	3	7	0	3	5	6	4	6	6	2	13	5	
954_A/duck/Hunan/S4150/2 4	2	1	2	3	1	4	1	0	5	0	1	2	0	0	1	5	2	4	2	7	2	1	0	6	3	2	3	6	1	13	1	3	5	9	4	6	6	4	3	2	4	5	7	14	4	8	4	2	8	5	3	5	7	1	3	0	7	5	6	8	4	12	4	
955_A/duck/Hunan/S4220/2 4	3	1	2	3	0	4	1	0	5	0	1	2	0	0	1	6	2	4	2	7	2	1	0	6	4	0	3	5	0	15	1	2	6	8	6	7	5	5	1	2	5	5	7	14	3	8	4	2	7	6	3	4	8	0	2	1	9	5	9	8	2	12	2	
956_A/duck/Hunan/S40199/ 3	2	0	3	3	1	5	0	0	4	0	1	4	1	0	1	5	2	4	1	7	2	1	1	5	3	4	2	7	1	11	2	3	3	4	8	4	10	6	1	3	3	4	8	12	3	7	5	3	8	5	3	5	8	2	2	0	8	8	7	8	3	9	4	
957_A/duck/Hunan/S40268/ 3	2	0	3	3	1	5	0	0	4	0	1	4	1	0	1	5	2	4	1	7	2	1	1	5	3	4	2	7	1	11	2	3	3	4	8	4	10	6	1	3	3	5	9	12	3	6	4	2	9	5	3	5	8	2	2	1	8	9	7	8	2	8	4	
958_A/duck/Jiangsu/m234/ 4	2	1	2	3	1	4	1	1	5	0	1	2	0	0	1	6	2	4	1	6	2	2	1	5	2	2	3	6	2	13	1	3	5	8	3	6	6	5	4	2	4	4	7	14	4	7	5	3	7	6	2	4	8	0	3	2	8	5	7	6	3	12	4	
959_A/duck/Jiangsu/S4439 4	3	1	2	3	0	4	1	0	5	0	1	2	0	0	1	5	2	4	2	7	2	1	0	6	4	0	2	6	0	15	2	2	6	8	5	7	5	5	2	2	4	5	7	14	4	8	4	3	6	6	3	3	9	0	2	2	10	5	10	7	1	12	1	
960_A/duck/Jiangsu/SE112 4	3	1	2	3	0	4	1	0	5	0	1	2	0	0	1	5	2	4	2	7	2	1	0	6	4	0	2	6	0	15	2	2	6	8	5	7	5	5	2	2	4	5	7	14	4	8	4	3	6	6	3	3	9	0	2	2	9	5	10	7	2	12	1	
961_A/duck/Jiangxi/01.11 4	3	1	2	3	0	4	1	0	5	0	1	2	0	0	1	5	2	4	2	7	2	1	0	6	4	0	2	6	0	15	1	2	7	9	6	7	4	4	1	2	5	5	10	14	3	8	2	2	7	5	3	4	8	1	2	1	8	5	9	8	3	12	2	
962_A/duck/Jiangxi/01.14 4	2	0	1	3	1	5	2	1	5	0	1	1	0	0	1	6	2	4	1	6	2	1	1	3	3	3	1	9	1	12	3	3	5	4	7	4	7	6	2	3	6	7	5	13	2	6	6	6	9	6	3	2	7	1	2	0	7	9	7	9	2	8	4	
963_A/duck/Jiangxi/01.14 4	3	1	2	3	0	4	1	0	5	0	1	2	0	0	1	5	2	4	2	7	2	1	0	6	4	0	3	6	0	15	1	2	5	9	6	7	5	4	1	2	5	5	8	14	3	8	3	3	8	5	3	3	8	1	2	1	9	4	9	8	2	13	2	
964_A/duck/Jiangxi/01.14 4	3	1	2	3	0	4	1	0	5	0	1	2	0	0	1	5	2	4	2	7	2	1	0	6	4	0	3	6	0	15	1	2	5	9	6	7	5	4	1	2	5	5	8	14	3	8	3	3	8	5	3	3	8	1	2	1	9	4	9	8	2	13	2	
965_A/duck/Jiangxi/02.05 4	3	1	2	3	0	4	1	0	5	0	1	2	0	0	1	5	2	4	2	7	2	1	0	6	4	0	3	6	0	15	1	2	5	9	6	7	5	4	1	2	5	5	8	14	3	8	3	3	8	5	3	3	8	1	2	1	9	4	9	8	2	13	2	
966_A/duck/Jiangxi/02.06 4	3	1	2	3	0	4	1	0	5	0	1	2	0	0	1	5	2	4	2	7	2	1	0	6	4	0	3	6	0	15	1	2	5	9	6	7	5	4	1	2	5	5	8	14	3	8	3	3	8	5	3	3	8	1	2	1	9	4	9	8	2	13	2	
967_A/duck/Jiangxi/02.06 4	3	1	2	3	0	4	1	1	5	0	1	2	0	0	1	5	2	4	2	7	2	1	0	5	4	0	3	6	0	15	1	2	5	9	6	7	5	4	1	2	5	5	8	14	3	8	3	2	8	6	4	4	8	0	1	0	9	5	9	9	2	12	2	
968_A/duck/Jiangxi/2.28_ 4	3	1	2	3	0	4	1	0	5	0	1	2	0	0	1	5	2	4	1	7	2	1	0	6	4	0	2	6	0	15	3	3	7	9	6	6	4	4	1	2	6	5	10	14	2	8	1	2	7	5	3	4	8	1	2	1	8	5	10	8	3	12	1	
969_A/duck/Jiangxi/2.28N 4	3	1	2	3	0	4	1	0	5	0	1	2	0	0	1	5	2	4	1	7	2	1	0	6	4	0	2	6	0	15	3	3	7	9	6	6	4	4	1	2	6	5	10	14	2	8	1	2	7	5	3	4	8	1	2	1	8	5	10	8	3	12	1	
970_A/duck/Jiangxi/03.11 4	3	1	2	3	0	4	1	0	5	0	1	2	0	0	1	5	2	4	2	7	2	1	0	6	4	0	3	6	0	15	1	2	5	9	6	7	5	4	1	2	5	5	8	14	3	8	3	2	8	4	3	4	8	2	2	1	9	4	9	8	2	13	2	
971_A/duck/Jiangxi/04.01 4	1	0	2	2	2	5	1	1	4	0	1	3	0	0	1	5	2	3	2	7	2	2	0	6	4	5	1	4	0	10	3	5	6	4	6	3	4	8	2	2	7	3	6	14	2	10	4	4	7	4	3	4	8	3	1	3	9	9	6	4	4	8	7	
972_A/duck/Jiangxi/04.01 4	1	0	2	2	2	5	1	1	4	0	1	3	0	0	1	5	2	3	2	7	2	2	0	6	4	5	1	4	0	10	3	5	6	4	6	3	4	8	2	2	7	3	6	14	2	10	4	4	7	4	3	4	8	3	1	3	9	9	6	4	4	8	7	
973_A/duck/Jiangxi/04.01 3	3	1	2	4	0	4	1	0	6	0	1	2	0	0	1	5	2	4	2	7	2	1	0	6	4	0	2	6	0	15	1	2	8	8	6	7	3	5	1	2	5	5	8	14	3	8	4	2	7	6	3	4	7	0	2	1	9	5	8	8	2	12	3	
974_A/duck/Jiangxi/05.07 4	1	0	2	2	2	5	1	1	4	0	1	3	0	0	1	5	2	3	2	7	2	2	0	6	4	5	1	4	0	10	3	5	6	4	6	3	4	8	2	2	7	3	6	14	2	10	4	4	8	4	3	4	7	3	1	3	9	9	6	4	4	8	7	
975_A/duck/Jiangxi/5.26_ 4	3	1	2	3	0	4	1	0	5	0	1	2	0	0	1	5	2	4	2	7	2	1	0	6	4	0	2	6	0	15	1	2	7	9	6	7	4	4	1	2	5	5	10	14	3	8	2	2	7	5	3	4	8	1	2	1	8	5	9	8	3	12	2	
976_A/duck/Jiangxi/11.17 3	3	1	2	4	0	4	1	0	5	0	1	2	0	0	1	5	2	4	2	7	2	1	0	6	4	0	2	6	0	15	2	2	5	8	6	7	5	5	1	2	5	4	8	14	3	9	3	3	8	5	3	3	8	1	2	1	9	6	9	8	2	11	2	
977_A/duck/Jiangxi/11.17 3	3	1	2	4	0	4	1	0	5	0	1	2	0	0	1	5	2	4	2	7	2	1	0	6	4	0	2	6	0	15	2	2	5	8	6	7	5	5	1	2	5	4	8	14	3	9	3	3	8	5	3	3	8	1	2	1	9	6	9	8	2	11	2	
978_A/duck/Jiangxi/11.29 4	3	1	2	3	0	4	1	0	5	0	1	2	0	0	1	5	2	4	1	7	2	1	1	5	4	0	3	7	0	15	1	2	5	10	6	7	5	3	1	2	5	4	8	14	3	9	3	2	8	5	3	4	7	1	2	1	10	5	9	8	2	12	2	
979_A/duck/Jiangxi/11.29 4	3	1	2	3	0	4	1	0	5	0	1	2	0	0	1	5	2	4	2	7	2	1	0	6	4	0	3	6	0	15	1	2	5	8	6	7	5	5	1	2	6	4	8	14	2	9	3	2	8	5	3	4	7	1	3	1	10	6	9	8	2	11	1	
980_A/duck/Jiangxi/11.29 4	3	1	2	3	0	4	1	0	5	0	1	3	0	0	1	5	2	4	2	7	2	1	0	6	4	0	2	5	0	15	1	2	7	9	6	7	4	4	1	2	5	5	10	14	3	8	2	2	6	5	3	4	9	1	2	1	8	5	8	8	3	12	3	
981_A/duck/Jiangxi/34/20 4	3	1	2	3	0	4	1	0	5	0	1	2	0	0	1	5	2	4	2	7	2	1	0	6	4	0	3	6	0	15	1	2	6	8	6	7	5	5	1	2	5	5	6	14	3	8	5	2	6	6	3	4	9	0	2	2	9	5	9	7	2	12	2	
982_A/duck/Jiangxi/35/20 4	3	1	2	3	0	4	1	0	5	0	1	2	0	0	1	5	2	4	2	7	2	1	0	6	4	0	3	6	0	15	1	2	6	8	6	7	5	5	1	2	5	5	6	14	3	8	5	2	6	6	3	4	9	0	2	2	9	5	9	7	2	12	2	
983_A/duck/Jiangxi/44/20 4	3	0	1	3	0	5	2	1	3	0	1	1	1	0	1	5	2	4	1	6	2	1	0	3	2	2	2	9	2	13	3	2	4	5	6	4	7	6	2	3	5	5	7	16	3	7	5	3	7	5	3	3	9	2	2	2	10	8	6	8	1	9	5	
984_A/duck/Jiangxi/95/20 4	3	1	2	3	0	4	1	0	5	0	1	2	0	0	1	5	2	4	2	7	2	1	0	6	4	0	3	6	0	15	1	2	5	9	6	7	5	4	1	2	5	5	8	14	3	8	3	2	8	5	3	4	8	1	2	1	9	5	9	8	2	12	2	
985_A/duck/Jiangxi/120/2 3	1	0	2	3	2	5	1	2	4	0	1	1	0	0	1	6	2	3	1	6	2	2	0	7	4	5	2	4	0	10	3	5	6	5	5	3	4	5	4	2	6	4	5	14	3	9	6	4	12	4	3	4	5	3	2	2	8	10	5	5	3	7	7	
986_A/duck/Jiangxi/130/2 4	2	1	2	3	1	4	1	0	5	0	1	2	0	0	1	5	2	4	2	7	2	1	0	6	3	2	3	6	1	13	1	3	5	8	4	6	6	5	3	2	4	5	7	14	4	8	4	3	8	5	2	4	7	1	4	0	7	5	6	8	4	12	4	
987_A/duck/Jiangxi/13469 4	3	1	2	3	0	4	1	0	6	0	1	2	0	0	1	5	2	4	2	7	2	1	0	6	4	0	2	6	0	15	1	2	6	8	6	7	5	5	1	2	5	5	8	14	3	8	4	3	7	6	3	3	7	0	2	1	9	5	8	8	2	12	3	
988_A/duck/Jiangxi/13475 4	3	1	2	3	0	4	1	0	6	0	1	2	0	0	1	5	2	4	2	7	2	1	0	6	4	0	2	6	0	15	1	2	6	8	6	7	5	5	1	2	5	5	8	14	3	8	4	3	7	6	3	3	7	0	2	1	9	5	8	8	2	12	3	
989_A/duck/Jiangxi/13484 4	3	1	2	3	0	4	1	0	6	0	1	2	0	0	1	5	2	4	2	7	2	1	0	6	4	0	2	6	0	15	1	2	6	8	6	7	5	5	1	2	5	5	8	14	3	8	4	3	7	6	3	3	7	0	2	1	9	5	8	8	2	12	3	
990_A/Duck/Jiangxi/50446 4	3	1	2	3	0	4	1	0	5	0	1	2	0	0	1	5	2	4	2	7	2	1	0	6	4	0	1	6	0	15	3	2	5	9	6	7	5	4	1	2	5	4	8	14	3	9	3	3	8	5	3	3	8	1	2	1	9	6	10	8	2	11	1	
991_A/Duck/Jiangxi/50455 4	4	1	2	3	0	4	1	0	4	0	1	2	0	0	1	5	2	4	2	7	2	1	0	6	4	0	3	6	0	15	1	3	5	9	6	6	5	4	1	2	5	6	7	14	3	7	4	2	8	5	3	4	8	1	2	2	9	5	8	7	2	12	3	
992_A/duck/Jiangxi/E7/20 4	3	1	2	3	0	4	1	0	5	0	1	2	0	0	1	5	2	4	2	7	2	1	0	6	4	0	3	6	0	15	1	2	5	9	6	7	5	4	1	2	5	5	8	14	3	8	3	2	8	5	3	4	8	1	2	1	9	4	9	8	2	13	2	
993_A/duck/Jiangxi/F31/2 4	3	1	2	3	0	4	1	0	5	0	1	2	0	0	1	5	2	4	2	7	2	1	0	6	4	0	3	6	0	15	1	2	5	9	6	7	5	4	1	2	5	5	8	14	3	8	3	2	8	5	3	4	8	1	2	1	9	4	9	8	2	13	2	
994_A/duck/Jiangxi/NCDZT 4	3	1	2	3	0	4	1	0	5	0	1	2	0	0	1	5	2	4	2	7	3	1	0	6	4	0	3	6	0	15	1	2	5	9	6	7	4	4	1	2	5	5	8	14	3	8	3	2	8	5	3	5	8	1	1	1	9	4	9	8	2	13	2	
995_A/duck/Jiangxi/NCDZT 4	3	1	2	3	0	4	1	0	5	0	1	2	0	0	1	5	2	4	2	7	2	1	0	6	4	0	3	6	0	15	1	2	5	9	6	7	5	4	1	2	5	5	8	14	3	8	3	2	8	5	3	4	8	1	2	1	9	4	9	8	2	13	2	
996_A/duck/Jiangxi/S1025 3	2	0	3	3	1	5	0	0	4	0	1	4	1	0	1	5	2	4	1	7	2	1	1	5	3	4	2	7	1	11	2	3	3	4	8	4	10	6	1	3	3	5	8	12	3	6	5	3	8	5	3	5	8	2	2	0	8	8	7	8	3	9	4	
997_A/duck/Jiangxi/S4083 3	2	0	3	3	1	5	0	0	4	0	1	4	1	0	1	5	2	4	1	7	2	1	1	4	3	4	2	8	1	11	2	4	3	4	8	4	9	6	1	2	3	5	8	12	3	5	6	3	9	5	3	5	8	2	2	0	8	8	6	8	3	9	5	
998_A/duck/Jilin/04.04_S 4	3	1	2	3	0	4	1	0	5	0	1	2	0	0	1	5	2	4	2	7	2	1	0	6	4	0	3	6	0	15	1	2	6	8	5	7	5	5	2	2	5	5	7	14	3	8	4	3	6	6	3	3	9	0	2	2	9	5	10	7	2	12	1	
999_A/duck/Jilin/JL-SIV/ 4	3	1	2	3	0	4	1	0	5	0	1	2	0	0	1	5	2	4	1	7	2	1	1	6	3	0	3	6	1	15	1	3	5	8	4	7	6	5	3	2	4	5	6	14	4	8	5	2	8	6	3	4	7	0	2	1	8	7	7	7	3	10	4	
1000_A/duck/Jilin/S1261/2 4	3	1	2	3	0	4	1	0	6	0	1	2	0	0	1	5	1	4	2	7	4	1	0	6	3	0	2	6	0	15	2	1	6	6	5	7	6	6	2	3	5	6	7	14	3	7	4	3	6	6	3	3	9	0	2	3	7	7	10	6	3	10	1	
1001_A/duck/Jilin/S4171/2 4	3	1	2	3	0	4	1	0	6	0	1	2	0	0	1	6	1	4	2	7	4	1	0	6	3	0	2	5	0	15	2	1	5	7	5	7	6	6	2	3	5	5	7	14	3	8	4	3	6	6	2	3	9	0	3	3	8	6	9	6	2	11	2	
1002_A/duck/Kaohsiung/15W 4	2	0	3	3	1	5	0	1	4	0	1	3	1	0	1	5	2	3	1	7	2	2	1	5	3	4	2	5	1	11	2	3	5	4	7	4	8	6	2	2	3	6	6	14	4	6	6	4	8	5	3	4	8	2	2	1	6	8	6	8	3	9	5	
1003_A/duck/Kaohsiung/20W 4	2	0	3	3	1	5	0	1	4	0	1	1	1	0	1	5	2	3	1	7	2	2	1	5	2	3	2	7	2	12	2	3	5	6	7	4	8	4	2	2	3	6	7	14	4	6	5	3	8	5	3	5	7	2	2	1	7	7	5	8	3	10	6	
1004_A/duck/Kaohsiung/150 3	2	1	2	4	1	4	1	1	6	0	1	2	0	0	1	6	1	4	1	6	3	1	1	5	3	0	3	6	1	15	1	3	5	9	3	6	6	5	4	2	5	4	8	14	3	8	3	3	6	6	3	4	9	0	2	1	9	5	6	7	1	12	5	
1005_A/duck/Liaoning/LN/2 4	3	1	2	3	0	4	1	1	5	0	1	2	0	0	1	6	2	4	1	6	2	1	1	5	3	1	3	6	1	14	1	3	5	8	4	6	6	6	3	2	4	4	7	14	4	8	4	3	7	6	3	4	8	0	2	2	8	6	7	6	3	11	4	
1006_A/duck/Nanchang/9789 4	3	1	2	3	0	4	1	0	6	0	1	2	0	0	1	5	2	4	2	7	2	1	0	6	4	0	2	6	0	15	2	2	6	8	6	7	5	5	1	2	5	5	7	14	3	8	4	2	7	6	3	4	8	0	2	1	8	5	8	8	2	12	3	
1007_A/duck/Nantou/15A343 3	2	1	2	4	1	4	1	1	6	0	1	2	0	0	1	6	2	4	1	6	2	1	1	4	3	0	3	6	1	15	1	3	5	9	3	6	6	5	4	3	5	4	8	14	3	8	3	3	6	6	3	4	9	0	2	1	9	5	6	7	1	12	5	
1008_A/duck/Nantou/17A024 3	3	1	2	4	0	4	1	1	6	0	1	2	0	0	1	6	2	4	1	6	2	1	1	6	2	0	3	5	2	15	1	3	5	8	2	6	6	6	5	2	4	4	8	14	4	8	3	3	7	6	3	4	8	0	2	1	9	5	6	7	1	12	5	
1009_A/duck/Ningxia/YG61/ 2	2	1	4	3	1	4	0	2	4	0	1	2	1	0	1	5	2	3	1	7	2	2	1	5	3	2	2	6	1	13	2	4	3	4	7	3	10	6	1	3	4	5	8	13	3	6	5	4	8	5	3	5	8	2	2	1	5	8	5	8	4	9	6	
1010_A/duck/Ningxia/YG71/ 2	2	1	4	3	1	4	0	2	4	0	1	2	1	0	1	5	2	4	1	7	2	1	1	5	3	2	2	6	1	13	2	4	3	4	7	3	10	6	1	3	4	5	8	13	3	6	5	4	8	5	3	5	8	2	2	1	5	8	5	8	4	9	6	
1011_A/duck/Ningxia/YG83/ 4	2	0	3	3	1	5	0	1	4	0	1	2	1	0	1	6	2	3	1	6	2	2	1	4	3	3	2	7	1	12	2	4	4	4	7	3	9	6	2	2	3	6	7	14	4	6	5	3	8	5	3	5	8	2	2	1	7	8	5	8	2	9	6	
1012_A/duck/Pingtung/17A0 3	3	1	2	4	0	4	1	1	6	0	1	2	0	0	1	6	2	4	1	6	2	1	1	7	3	0	3	4	1	15	1	3	6	8	2	6	6	6	5	2	4	4	8	14	4	8	3	3	6	6	3	4	8	0	2	1	9	5	6	7	1	12	5	
1013_A/duck/Pingtung/18A0 3	3	1	2	4	0	4	1	1	6	0	1	2	0	0	1	6	2	4	1	6	2	1	1	6	3	1	3	5	1	14	1	3	5	8	2	6	6	6	5	2	4	4	8	14	4	8	3	4	7	6	3	3	8	0	2	1	9	5	6	7	1	12	5	
1014_A/duck/Pingtung/18A0 3	3	1	2	4	0	4	1	1	6	0	1	2	0	0	1	6	2	4	1	6	2	1	1	6	3	2	3	5	1	13	1	3	5	9	2	6	6	5	5	2	4	5	8	14	4	7	3	3	7	6	3	4	8	0	2	1	9	5	6	7	1	12	5	
1015_A/duck/Pingtung/18X0 3	3	1	2	4	0	4	1	1	6	0	1	2	0	0	1	6	2	3	1	6	2	2	1	6	3	1	3	5	1	14	1	3	5	8	2	6	6	6	5	2	4	4	8	14	4	8	3	3	7	6	3	4	8	0	2	1	9	5	6	7	1	12	5	
1016_A/duck/Pingtung/1501 3	2	1	2	4	1	4	1	1	6	0	1	2	0	0	1	6	2	4	1	6	2	1	1	5	3	0	3	6	1	15	1	3	5	9	3	6	6	5	4	2	5	4	8	14	3	8	3	3	6	6	3	4	9	0	2	1	9	5	6	7	1	12	5	
1017_A/duck/Pingtung/1501 3	2	1	2	4	1	4	1	1	6	0	1	2	0	0	1	6	2	4	1	6	2	1	1	5	3	0	3	6	1	15	1	3	5	9	3	6	6	5	4	2	5	4	8	14	3	8	3	3	6	6	3	4	9	0	2	1	9	5	6	7	1	12	5	
1018_A/duck/Shandong/009/ 4	1	1	2	2	2	4	1	2	4	0	1	1	0	0	1	6	2	3	1	6	2	2	0	6	4	4	2	5	0	11	3	5	7	4	6	3	4	6	3	2	6	5	5	14	3	8	6	4	10	3	3	4	6	4	2	2	9	9	6	5	2	8	6	
1019_A/duck/Shandong/11.1 4	2	1	2	3	1	4	1	1	5	0	1	2	0	0	1	6	2	4	1	6	2	1	1	5	3	0	3	6	1	15	1	3	5	8	6	6	6	6	1	2	5	4	5	14	3	8	6	2	7	6	3	4	8	0	2	3	8	7	7	6	3	10	4	
1020_A/duck/Shandong/11.1 4	2	1	2	3	1	4	1	1	5	0	1	2	0	0	1	6	2	4	1	6	2	1	1	5	3	0	3	6	1	15	1	3	5	8	6	6	6	6	1	2	5	4	5	14	3	8	6	2	7	6	3	4	8	0	2	3	8	7	7	6	3	10	4	
1021_A/duck/Shandong/Q1/2 4	3	1	2	3	0	4	1	1	5	0	1	2	0	0	1	6	2	2	1	7	2	3	1	4	3	0	3	6	1	15	1	3	5	8	5	6	6	6	2	2	4	4	5	14	4	8	6	3	7	6	3	4	8	0	2	2	5	7	7	6	6	10	4	
1022_A/duck/Shandong/SD02 3	2	0	3	3	1	5	0	0	4	0	1	4	1	0	1	5	2	4	1	7	3	1	1	5	2	4	2	7	1	11	2	3	4	4	8	4	9	6	1	3	3	5	8	12	3	6	5	3	8	5	3	5	8	2	2	0	8	8	7	8	3	9	4	
1023_A/duck/Shandong/SD02 3	2	0	3	3	1	5	0	0	4	0	1	4	1	0	1	5	2	4	1	7	3	1	1	5	2	4	2	7	1	11	2	3	4	4	8	4	9	6	1	3	3	5	8	12	3	6	5	3	8	5	3	5	8	2	2	0	8	8	7	8	3	9	4	
1024_A/Duck/Shandong/Y01/ 4	3	1	2	3	0	4	1	0	5	0	1	2	0	0	1	5	2	4	2	7	2	1	0	7	3	2	3	5	1	13	1	3	5	9	4	6	6	4	3	2	4	5	7	14	4	8	4	2	8	5	3	5	7	1	3	0	7	5	6	8	4	12	4	
1025_A/Duck/Shandong/Y02/ 4	3	1	2	3	0	4	1	0	5	0	1	2	0	0	1	5	2	4	2	7	2	1	0	6	3	2	3	6	1	13	1	3	5	9	4	6	6	4	3	2	4	5	8	14	4	8	3	2	8	5	3	5	7	1	3	0	7	5	6	8	4	12	4	
1026_A/duck/Sichuan/04.27 4	3	1	2	3	0	4	1	0	6	0	1	2	0	0	1	5	2	4	2	7	2	1	0	6	4	0	2	6	0	15	1	2	6	8	5	7	5	5	1	2	4	5	8	14	3	9	4	2	7	6	3	4	7	0	2	1	11	5	8	8	2	11	3	
1027_A/duck/Sichuan/04.27 4	3	1	2	3	0	4	1	0	6	0	1	2	0	0	1	5	2	4	2	7	2	1	0	6	4	0	2	6	0	15	1	2	6	8	5	7	5	5	1	2	4	5	8	14	3	9	4	2	7	6	3	4	7	0	2	1	11	5	8	8	2	11	3	
1028_A/duck/Sichuan/04.27 4	3	1	2	3	0	4	1	0	6	0	1	2	0	0	1	5	2	4	2	7	2	1	0	6	4	0	2	6	0	15	1	2	6	8	6	7	5	5	1	2	5	5	8	14	3	8	4	2	7	6	3	4	7	0	2	1	9	5	8	8	2	12	3	
1029_A/duck/Sichuan/04.27 4	3	1	2	3	0	4	1	0	6	0	1	2	0	0	1	5	2	4	2	7	2	1	0	6	4	0	2	6	0	15	1	2	6	8	6	7	5	5	1	2	4	5	8	14	3	8	4	2	7	6	3	4	7	0	2	1	10	5	8	8	2	12	3	
1030_A/duck/Sichuan/04.27 4	3	1	2	3	0	4	1	0	6	0	1	2	0	0	1	5	2	4	2	7	2	1	0	6	4	0	2	6	0	15	1	2	6	8	6	7	5	5	1	2	5	5	8	14	3	8	4	2	7	6	3	4	7	0	2	1	9	5	8	8	2	12	3	
1031_A/duck/Sichuan/04.27 4	3	1	2	3	0	4	1	0	6	0	1	2	0	0	1	5	2	4	2	7	2	1	0	6	4	0	2	6	0	15	1	2	6	8	6	7	5	5	1	2	5	5	8	14	3	8	4	2	7	6	3	4	7	0	2	1	9	5	8	8	2	12	3	
1032_A/duck/Sichuan/NCXJ1 4	3	1	2	3	0	4	1	0	6	0	1	2	0	0	1	5	2	4	2	7	2	1	0	6	4	0	2	6	0	15	1	2	6	8	6	7	5	5	1	2	5	5	8	14	3	8	4	2	7	6	3	4	7	0	2	1	9	5	8	8	2	12	3	
1033_A/duck/Sichuan/NCXJ2 4	3	1	2	3	0	4	1	0	6	0	1	2	0	0	1	5	2	4	2	7	2	1	0	6	4	0	2	6	0	15	1	2	6	8	6	7	5	5	1	2	4	5	8	14	3	8	4	2	7	6	3	4	7	0	2	1	10	5	8	8	2	12	3	
1034_A/duck/Sichuan/NCXN1 4	3	2	2	3	0	3	1	0	5	0	1	2	0	0	1	5	2	4	2	7	2	1	0	6	4	0	3	6	0	15	1	2	5	10	6	7	5	3	1	2	5	5	8	14	3	8	3	2	8	5	3	4	8	1	2	1	9	5	8	8	2	12	3	
1035_A/duck/Sichuan/NCXN1 4	3	2	2	3	0	3	1	0	5	0	1	2	0	0	1	5	2	4	2	7	2	1	0	5	4	0	3	6	0	15	1	2	5	10	6	7	5	3	1	3	5	5	8	14	3	8	3	2	8	5	3	4	8	1	2	1	9	5	8	8	2	12	3	
1036_A/duck/Sichuan/S1805 3	2	0	3	3	1	5	0	0	4	0	1	4	1	0	1	5	2	4	1	7	2	1	1	5	3	4	2	7	1	11	2	3	3	4	8	4	10	6	1	3	3	5	8	12	3	6	5	3	8	5	3	5	8	2	2	0	8	9	7	8	3	8	4	
1037_A/duck/Sichuan/SC482 3	2	0	3	3	1	5	0	0	4	0	1	4	1	0	1	5	2	4	1	7	2	1	1	5	3	4	2	7	1	11	2	3	3	4	8	4	10	6	1	3	3	5	8	12	3	6	5	3	8	5	3	5	8	2	2	0	8	8	7	8	3	9	4	
1038_A/duck/Sichuan/SC569 3	2	0	3	3	1	5	0	0	4	0	1	4	1	0	1	5	2	5	1	7	2	1	1	5	3	5	2	7	1	9	2	3	3	4	8	4	10	6	1	3	3	5	8	12	3	6	5	3	8	5	3	5	8	2	2	0	8	8	7	8	3	9	4	
1039_A/duck/Sichuan/SD002 3	2	0	3	3	1	5	0	0	4	0	1	4	1	0	1	5	2	4	1	7	2	1	1	5	3	4	2	7	1	11	2	3	3	4	8	4	10	6	1	3	3	5	8	12	3	6	5	3	8	5	3	5	8	2	2	0	8	8	7	8	3	9	4	
1040_A/duck/Taichung/1501 3	2	1	2	4	1	4	1	1	6	0	1	2	0	0	1	7	2	4	1	5	2	1	1	5	3	0	3	6	1	15	1	3	5	9	3	6	6	5	4	2	5	4	8	14	3	8	3	3	6	6	3	4	9	0	2	1	9	5	6	7	1	12	5	
1041_A/duck/Tainan/16WB34 4	2	0	3	3	1	5	0	1	4	0	1	2	1	0	1	5	2	3	1	7	2	2	1	3	3	3	2	8	1	12	2	4	4	4	7	3	9	6	2	2	3	6	8	14	4	6	4	4	9	5	3	5	8	2	2	1	5	8	5	7	3	9	6	
1042_A/duck/Tainan/150104 3	2	1	2	4	1	4	1	1	6	0	1	2	0	0	1	6	2	4	1	6	2	1	1	5	3	0	3	6	1	15	1	3	5	9	3	6	6	5	4	2	5	4	8	14	3	8	3	3	6	6	3	4	9	0	2	1	9	5	6	7	1	12	5	
1043_A/duck/Tainan/160100 3	2	1	2	4	1	4	1	2	6	0	1	2	0	0	1	6	2	4	1	6	2	1	1	4	3	0	3	6	1	15	1	3	5	9	3	6	6	5	4	2	5	4	8	14	3	8	3	3	6	6	3	4	8	0	2	1	10	5	6	7	1	12	5	
1044_A/duck/Taipei/05WB83 4	1	0	3	3	2	5	0	1	3	0	1	2	2	0	1	5	2	3	1	7	2	2	1	6	3	3	2	5	1	12	2	3	4	5	6	4	8	5	3	2	4	6	4	14	4	6	8	3	9	5	3	5	8	2	2	1	5	7	5	8	3	10	6	
1045_A/duck/Taipei/18WB01 4	2	1	2	3	2	4	1	1	4	0	1	1	0	0	1	7	2	3	1	7	2	2	1	3	2	3	2	7	2	12	2	3	5	4	7	4	7	6	2	2	5	6	10	14	3	6	2	2	6	6	2	4	7	1	3	2	10	6	4	9	2	11	7	
1046_A/duck/Taipei/19WB02 4	2	0	3	3	1	5	0	1	4	0	1	2	1	0	1	5	2	3	1	7	2	2	1	5	3	3	2	6	1	12	2	3	4	4	7	4	9	6	2	2	3	6	7	14	4	6	5	3	8	5	3	5	8	2	2	2	7	8	4	7	2	9	7	
1047_A/duck/Taiwan/01006/ 3	2	1	2	4	1	4	1	1	6	0	1	2	0	0	1	6	2	4	1	6	2	1	1	5	3	0	3	6	1	15	1	3	5	9	3	6	6	5	4	2	5	4	8	14	3	8	3	3	6	6	3	4	9	0	2	1	9	5	6	7	1	12	5	
1048_A/duck/Taiwan/11213/ 4	2	1	2	3	1	4	1	1	4	0	1	2	1	0	1	5	1	4	1	7	3	1	0	7	3	3	2	5	1	12	3	3	5	5	6	3	3	6	2	3	8	4	7	13	3	9	4	4	7	5	3	3	9	2	1	2	8	7	7	7	2	10	6	
1049_A/duck/Taiwan/11254/ 4	2	2	2	3	1	3	1	1	4	0	1	2	1	0	1	5	1	4	1	7	3	1	0	7	3	3	2	5	1	12	3	3	5	5	6	3	4	6	2	3	7	4	7	13	3	9	4	4	7	5	3	3	9	2	1	2	8	7	7	7	2	10	6	
1050_A/duck/Taiwan/a043/2 3	2	1	2	4	1	4	1	2	6	0	1	2	0	0	1	6	2	4	1	6	2	1	1	4	3	0	3	6	1	15	1	3	5	9	3	6	6	5	4	2	5	4	8	14	3	8	3	3	6	6	3	4	9	0	2	1	9	5	6	7	1	12	5	
1051_A/duck/Taiwan/a068/2 3	2	1	2	4	1	4	1	1	6	0	1	2	0	0	1	6	2	4	1	6	2	1	1	5	3	0	3	6	1	15	1	3	5	9	3	6	6	5	4	2	5	4	8	14	3	8	3	3	6	6	3	4	9	0	2	1	9	5	6	7	1	12	5	
1052_A/duck/Taiwan/A3400/ 3	2	1	2	4	1	4	1	1	6	0	1	2	0	0	1	6	2	4	1	6	2	1	1	5	3	0	3	6	1	15	1	3	5	9	3	6	6	5	4	2	5	4	8	14	3	8	3	3	6	6	3	4	9	0	2	1	9	5	6	7	1	12	5	
1053_A/duck/Taiwan/DV1238 4	1	0	3	3	2	5	0	1	5	0	1	2	0	0	1	6	2	3	1	6	2	2	1	6	3	3	2	5	1	12	2	3	3	4	6	4	9	6	3	2	5	7	6	14	3	5	6	3	10	5	3	5	7	2	2	1	6	7	6	8	2	10	5	
1054_A/duck/Taiwan/DV1241 4	1	0	3	3	2	5	0	1	5	0	1	2	0	0	1	6	2	3	1	6	2	2	1	6	3	3	2	5	1	12	2	3	3	4	6	4	9	6	3	2	5	7	6	14	3	5	6	3	10	5	3	5	7	2	2	1	6	7	6	8	2	10	5	
1055_A/duck/Taiwan/DV1242 4	1	0	3	3	2	5	0	1	5	0	1	2	0	0	1	6	2	3	1	6	2	2	1	6	3	3	2	5	1	12	2	3	3	4	6	4	9	6	3	2	5	7	6	14	3	5	6	3	10	5	3	5	7	2	2	1	6	7	6	8	2	10	5	
1056_A/duck/Taoyuan/16010 3	2	1	2	4	1	4	1	1	6	0	1	3	0	0	1	6	2	4	1	6	2	1	1	5	3	1	3	5	1	14	1	3	5	10	3	6	6	4	4	2	5	4	8	14	3	8	3	3	6	6	3	4	8	0	2	1	10	5	6	7	1	12	5	
1057_A/duck/Wuxi/7249/201 4	4	1	2	3	0	4	1	0	4	0	1	2	0	0	1	5	2	4	2	7	2	1	0	6	4	0	3	6	0	15	1	3	5	9	6	6	5	4	1	2	6	6	7	14	2	7	4	2	8	5	3	4	8	1	2	2	9	5	9	7	2	12	2	
1058_A/duck/Xinjiang/12.1 3	2	0	3	3	1	5	0	1	4	0	1	3	1	0	1	5	2	4	1	7	2	1	1	5	3	2	2	7	1	13	2	3	3	4	8	4	10	6	1	3	3	5	8	12	3	6	5	3	9	5	3	5	7	2	2	1	8	8	7	7	3	9	4	
1059_A/duck/Xinjiang/S106 4	3	1	2	3	0	4	1	0	5	0	1	3	0	0	1	5	2	4	2	7	2	1	0	6	4	0	2	5	0	15	2	2	6	8	5	7	5	5	2	2	5	5	8	14	3	8	3	3	6	6	3	3	9	0	2	2	9	6	10	7	2	11	1	
1060_A/duck/Xinjiang/S112 4	3	1	2	3	0	4	1	0	5	0	1	3	0	0	1	5	2	4	2	7	2	1	0	6	4	0	2	5	0	15	2	2	6	8	5	7	5	5	2	2	5	5	8	14	3	8	3	3	6	6	3	3	9	0	2	2	9	6	10	7	2	11	1	
1061_A/duck/Yilan/17A0092 3	3	1	2	4	0	4	1	1	6	0	1	2	0	0	1	6	2	4	1	6	2	1	1	6	3	0	3	5	1	15	1	3	5	8	2	6	6	5	5	2	4	4	8	14	4	8	3	3	7	7	3	4	8	0	2	1	9	5	6	7	1	12	5	
1062_A/duck/Yunlin/15A501 3	2	1	2	4	1	4	1	1	6	0	1	2	0	0	1	6	2	4	1	6	2	1	1	5	3	0	3	6	1	15	1	3	5	9	3	6	6	5	4	2	5	4	8	14	3	8	3	3	6	6	3	4	9	0	2	1	9	5	6	7	1	12	5	
1063_A/duck/Yunlin/17A008 3	3	1	2	4	0	4	1	1	6	0	1	2	0	0	1	6	2	4	1	6	2	1	1	6	3	0	3	5	1	15	1	3	5	9	2	6	6	5	5	2	4	4	8	14	4	8	3	3	7	6	3	4	8	0	2	1	9	5	6	7	1	12	5	
1064_A/duck/Yunlin/17A068 3	3	1	2	4	0	4	1	1	6	0	1	2	0	0	1	6	2	4	1	6	2	1	1	6	3	0	3	5	1	15	1	3	5	8	2	6	6	6	5	2	4	4	8	14	4	8	3	3	7	6	3	4	8	0	2	1	9	6	5	7	1	11	6	
1065_A/duck/Yunlin/18X000 3	2	1	2	4	1	4	1	1	6	0	1	2	0	0	1	6	2	4	1	6	2	1	1	6	3	0	3	5	1	15	1	3	5	9	2	6	6	5	5	2	4	5	9	14	4	7	2	3	7	6	3	4	8	0	1	1	9	5	6	7	1	12	6	
1066_A/duck/Yunlin/150102 3	2	1	2	4	1	4	1	1	6	0	1	2	0	0	1	7	2	4	1	5	2	1	1	5	3	0	3	6	1	15	1	3	5	9	3	6	6	5	4	2	5	4	8	14	3	8	3	3	6	6	3	4	9	0	2	1	9	5	6	7	1	12	5	
1067_A/duck/Yunlin/150102 3	2	1	2	4	1	4	1	1	6	0	1	2	0	0	1	6	2	4	1	6	2	1	1	5	3	0	3	6	1	15	1	3	5	9	3	6	6	5	4	2	5	4	7	14	3	8	4	3	6	6	3	4	9	0	2	1	9	5	6	7	1	12	5	
1068_A/duck/Yunlin/150103 3	2	1	2	4	1	4	1	1	6	0	1	2	0	0	1	7	2	4	1	5	2	1	1	5	3	0	3	6	1	15	1	3	5	9	3	6	6	5	4	2	5	4	8	14	3	8	3	3	6	6	3	4	9	0	2	1	9	5	6	7	1	12	5	
1069_A/duck/Yunlin/150103 3	2	1	2	4	1	4	1	1	6	0	1	2	0	0	1	6	2	4	1	6	2	1	1	5	3	0	3	6	1	15	1	3	5	9	3	6	6	5	4	2	5	4	8	14	3	8	3	3	6	6	3	4	9	0	2	1	9	5	6	7	1	12	5	
1070_A/duck/Yunlin/150103 3	2	1	2	4	1	4	1	1	6	0	1	2	0	0	1	7	2	4	1	5	2	1	1	5	3	0	3	6	1	15	1	3	5	9	3	6	6	5	4	2	5	4	8	14	3	8	3	3	6	6	3	4	9	0	2	1	9	5	6	7	1	12	5	
1071_A/duck/Yunlin/150104 3	2	1	2	4	1	4	1	1	6	0	1	2	0	0	1	6	2	4	1	6	2	1	1	5	3	0	3	6	1	15	1	3	5	9	3	6	6	5	4	2	5	4	7	14	3	8	4	3	6	6	3	4	9	0	2	1	9	5	6	7	1	12	5	
1072_A/duck/Yunlin/150700 3	2	1	2	4	1	4	1	1	6	0	1	2	0	0	1	6	2	4	1	6	2	1	1	5	3	0	3	6	1	15	1	3	5	9	3	6	6	5	4	2	5	4	8	14	3	8	3	3	6	6	3	4	9	0	2	1	9	5	6	7	1	12	5	
1073_A/duck/Yunlin/171100 3	3	1	2	4	0	4	1	2	6	0	1	2	0	0	1	6	2	4	1	6	2	1	1	5	3	1	3	5	1	14	1	3	5	9	2	6	6	5	5	2	4	4	8	14	4	8	3	3	7	6	3	4	8	0	2	1	9	5	5	7	1	12	6	
1074_A/duck/Yunlin/180600 3	3	1	2	4	0	4	1	1	7	0	1	2	0	0	1	6	2	4	1	6	2	1	1	6	3	1	3	5	1	14	1	3	5	9	2	6	6	5	5	2	4	4	8	14	4	8	3	3	7	6	3	4	8	0	2	1	8	5	5	7	1	12	6	
1075_A/duck/Yunnan/03.15_ 4	3	1	2	3	0	4	1	0	5	0	1	2	0	0	1	5	2	4	2	7	2	1	0	6	4	0	3	6	0	15	1	2	5	9	6	7	5	4	1	2	5	5	8	14	3	8	3	2	8	5	3	4	8	1	2	1	9	5	9	8	2	12	2	
1076_A/duck/Yunnan/03.16_ 4	3	1	2	3	0	4	1	0	5	0	1	2	0	0	1	5	2	4	2	7	2	1	0	6	4	0	3	6	0	15	1	2	5	9	5	7	5	4	1	2	5	5	8	14	3	9	3	2	8	5	3	4	8	1	2	1	10	5	9	8	2	11	2	
1077_A/duck/Yunnan/03.16_ 3	1	1	2	3	2	4	1	2	4	0	1	2	0	0	1	5	2	4	2	7	2	1	0	6	4	5	2	4	0	10	2	5	7	4	6	3	3	8	2	2	5	2	6	14	3	11	4	4	8	4	3	4	8	3	1	3	9	7	6	4	4	10	7	
1078_A/duck/Yunnan/03.16_ 4	3	1	2	3	0	4	1	0	5	0	1	2	0	0	1	5	2	4	2	7	2	1	0	6	4	0	3	6	0	15	1	2	5	9	6	7	5	4	1	2	5	5	8	14	3	8	3	2	8	5	3	4	8	1	2	1	9	5	9	8	2	12	2	
1079_A/duck/Yunnan/03.16_ 4	3	1	2	3	0	4	1	0	5	0	1	2	0	0	1	5	2	4	2	7	2	1	0	6	4	0	3	6	0	15	1	2	5	9	6	7	5	4	1	2	5	5	8	14	3	8	3	2	8	5	3	4	8	1	2	1	9	5	9	8	2	12	2	
1080_A/duck/Yunnan/07.15_ 4	3	1	2	3	0	4	1	0	5	0	1	2	0	0	1	5	2	4	2	7	2	1	0	6	4	0	2	6	0	15	1	2	5	9	6	7	5	4	1	2	5	6	8	14	3	7	4	2	7	5	4	4	8	1	2	1	9	5	7	8	3	12	3	
1081_A/duck/Yunnan/07.15_ 4	3	1	2	3	0	4	1	0	5	0	1	2	0	0	1	5	2	4	2	7	2	1	0	6	4	0	2	6	0	15	1	2	5	9	6	7	5	4	1	2	5	6	8	14	3	7	4	2	7	5	4	4	8	1	2	1	9	5	7	8	3	12	3	
1082_A/duck/Yunnan/07.15_ 4	3	1	2	3	0	4	1	0	5	0	1	2	0	0	1	5	2	4	2	7	2	1	0	6	4	0	2	6	0	15	1	2	5	9	6	7	5	4	1	2	5	6	8	14	3	7	4	2	7	5	4	4	8	1	2	1	9	5	7	8	3	12	3	
1083_A/duck/Yunnan/07.15_ 4	3	1	2	3	0	4	1	0	5	0	1	2	0	0	1	5	2	4	2	7	2	1	0	6	4	0	2	6	0	15	1	2	5	9	6	7	5	4	1	2	5	6	8	14	3	7	4	2	7	5	4	4	8	1	2	1	9	5	7	8	3	12	3	
1084_A/duck/Yunnan/S4318/ 3	2	0	3	3	1	5	0	0	4	0	1	4	1	0	1	5	2	4	1	7	2	1	1	5	3	4	2	7	1	11	2	3	3	4	8	4	10	6	1	3	3	5	8	12	3	6	5	3	8	5	3	5	8	2	2	0	8	9	7	8	3	8	4	
1085_A/Duck/Yunnan/YN-2/2 4	3	1	2	4	0	5	1	0	4	0	1	2	1	0	1	5	2	4	2	6	2	1	0	5	4	0	5	6	0	15	1	2	5	9	5	7	3	4	1	2	6	5	9	14	3	8	3	2	8	5	4	4	7	1	2	1	10	4	9	8	2	11	2	
1086_A/Duck/Yunnan/YN-4/2 4	1	0	2	2	2	5	1	2	4	0	1	2	0	0	1	6	2	3	2	6	2	2	0	7	4	6	1	4	0	9	3	4	7	4	6	3	4	8	2	2	5	3	5	14	3	10	5	4	7	4	3	4	7	3	1	3	9	7	6	4	5	10	7	
1087_A/Duck/Yunnan/YN-9/2 4	3	1	2	3	0	4	1	0	5	0	1	2	0	0	1	5	2	4	2	7	2	1	0	6	4	0	3	6	0	15	1	2	5	8	6	7	5	5	1	2	5	5	8	14	3	8	3	3	8	5	3	3	8	1	2	1	9	5	9	8	2	12	2	
1088_A/Duck/Zhanjiang/155 4	3	1	2	3	0	4	1	0	5	0	1	2	0	0	1	5	2	4	2	7	2	1	0	6	4	0	3	6	0	15	1	2	5	8	6	7	5	5	1	2	5	4	8	14	3	9	3	2	8	5	3	4	8	1	2	1	9	5	9	8	2	12	2	
1089_A/duck/Zhejiang/02.2 4	3	1	2	3	0	4	1	0	5	0	1	2	0	0	1	5	2	4	2	7	2	1	0	6	4	0	3	6	0	15	1	2	5	9	6	7	5	4	1	2	5	5	8	14	3	7	4	3	8	5	3	3	8	1	2	1	9	4	9	8	2	13	2	
1090_A/duck/Zhejiang/6D18 4	2	1	2	3	1	4	1	1	5	0	1	2	0	0	1	6	2	4	1	6	2	1	1	6	3	0	3	5	1	15	1	3	5	8	6	6	6	6	1	2	5	4	5	14	3	8	6	2	7	6	3	4	8	0	2	3	8	7	7	6	3	10	4	
1091_A/duck/Zhejiang/7713 4	3	1	2	3	0	4	1	0	6	0	1	2	0	0	1	5	2	4	2	7	2	1	0	6	4	0	2	6	0	15	1	2	6	8	6	7	4	5	1	2	5	5	9	14	3	8	3	2	8	7	3	4	7	0	2	1	9	5	8	8	2	11	3	
1092_A/duck/Zhejiang/7270 4	3	1	2	3	0	4	1	0	5	0	1	2	0	0	1	5	2	4	2	7	2	1	0	6	4	0	3	6	0	15	1	3	5	8	6	6	5	4	1	2	5	5	8	14	3	8	3	2	8	6	3	4	8	1	2	1	9	4	8	8	2	13	3	
1093_A/duck/Zhejiang/7271 4	3	1	2	3	0	4	1	0	5	0	1	2	0	0	1	5	2	4	2	6	2	1	0	7	4	0	3	6	0	15	1	3	5	9	6	6	5	4	1	2	5	5	8	14	3	8	3	2	10	5	3	4	7	1	2	1	9	5	9	8	1	12	2	
1094_A/duck/Zhejiang/9250 4	2	1	2	3	1	4	1	1	5	0	1	2	0	0	1	6	2	4	1	6	2	1	1	5	3	0	3	6	1	15	1	3	5	7	6	6	6	7	1	2	5	4	5	14	3	8	6	2	7	6	3	4	8	0	2	3	8	7	7	6	3	10	4	
1095_A/duck/Zhejiang/9251 4	2	1	2	3	1	4	1	1	5	0	1	2	0	0	1	6	2	4	1	6	2	1	1	5	3	0	3	6	1	15	1	3	5	7	6	6	6	7	1	2	5	4	5	14	3	8	6	2	7	6	3	4	8	0	2	3	8	7	7	6	3	10	4	
1096_A/duck/Zhejiang/1026 4	2	1	1	3	1	4	2	1	5	0	1	2	1	0	1	6	2	4	1	5	2	2	0	4	3	1	3	7	1	14	1	3	6	8	3	6	5	6	4	3	5	3	8	14	3	9	3	3	7	6	3	4	8	0	2	1	9	5	6	7	1	12	5	
1097_A/duck/Zhejiang/1220 4	1	0	2	2	2	5	1	2	4	0	1	1	0	0	1	7	2	3	2	6	2	2	0	6	4	6	1	5	0	9	3	4	7	4	6	3	4	8	2	2	5	3	5	14	3	10	5	4	7	4	3	4	7	3	1	3	9	7	6	4	5	10	7	
1098_A/duck/Zhejiang/S409 3	3	1	2	4	0	4	1	0	5	0	1	2	0	0	1	5	2	4	2	7	2	1	0	6	4	0	2	6	0	15	2	2	6	8	5	7	5	5	2	2	4	5	6	14	4	8	5	3	6	6	3	3	9	0	2	2	9	5	10	7	2	12	1	
1099_A/duck/Zhejiang/S485 3	2	0	3	3	1	5	0	0	4	0	1	4	1	0	1	6	2	4	1	6	2	1	1	5	3	5	2	7	1	10	2	3	3	4	8	4	10	6	1	3	3	4	8	12	3	7	5	3	9	5	3	5	7	2	2	0	8	8	7	8	3	9	4	
1100_A/duck/Zhejiang/W24/ 4	2	1	2	3	1	4	1	1	5	0	1	2	0	0	1	6	2	4	1	6	2	1	1	5	3	0	3	6	1	15	1	3	5	8	6	6	6	6	1	2	5	4	5	14	3	8	6	2	7	6	3	4	8	0	2	3	8	7	7	6	3	10	4	
1101_A/egret/Jiangsu/SD02 3	2	0	3	3	1	5	0	0	4	0	1	4	1	0	1	5	2	4	1	7	2	1	1	5	3	4	3	7	1	11	1	3	3	4	8	4	10	6	1	3	3	5	8	12	3	6	5	3	8	5	3	5	8	2	2	0	8	8	7	8	3	9	4	
1102_A/Egret/Shangdong/JN 3	2	0	3	3	1	5	0	1	4	0	1	4	1	0	1	5	2	4	1	7	2	1	1	4	3	4	2	7	1	11	2	3	4	4	8	4	9	6	1	3	3	5	8	12	3	6	5	3	7	5	3	5	8	2	2	0	8	8	7	8	4	9	4	
1103_A/environment/Hunan/ 4	3	1	2	3	0	4	1	0	5	0	1	2	0	0	1	5	2	4	2	7	2	1	0	6	4	0	3	6	0	15	1	2	5	9	6	7	5	4	1	2	5	5	7	14	3	8	4	2	8	5	3	4	8	1	2	1	9	5	9	8	2	12	2	
1104_A/Environment/Shando 3	2	0	3	3	1	5	0	1	4	0	1	4	1	0	1	5	2	4	1	7	2	1	1	4	3	4	2	7	1	11	2	3	4	4	8	4	9	6	1	3	3	5	8	12	3	6	5	3	7	5	3	5	8	2	2	0	8	8	7	8	4	9	4	
1105_A/Environment/Shando 3	2	0	3	3	1	5	0	1	4	0	1	4	1	0	1	5	2	4	1	7	2	1	1	4	3	4	2	7	1	11	2	3	4	4	8	4	9	6	1	3	3	5	8	12	3	6	5	3	7	5	3	5	8	2	2	0	8	8	7	8	4	9	4	
1106_A/Environment/Shando 3	2	0	3	3	1	5	0	1	4	0	1	4	1	0	1	5	2	4	1	7	2	1	1	4	3	4	2	7	1	11	2	3	4	4	8	4	9	6	1	3	3	5	8	12	3	6	5	3	7	5	3	5	8	2	2	0	8	8	7	8	4	9	4	
1107_A/equine/China/61/20 4	3	1	2	3	0	4	1	0	5	0	1	2	0	0	1	5	2	5	1	7	2	1	1	6	3	0	3	6	1	14	1	3	5	8	4	6	7	5	3	2	3	5	6	14	4	8	5	2	8	6	3	5	7	0	2	1	8	5	8	7	3	12	3	
1108_A/equine/China/67/20 4	3	1	2	3	0	4	1	0	5	0	1	2	0	0	1	5	2	4	1	7	2	1	1	6	3	0	3	6	1	15	1	3	5	8	4	6	7	4	3	2	4	5	6	14	4	8	5	2	8	6	3	5	7	1	2	1	8	5	8	7	3	11	3	
1109_A/equine/China/68/20 4	3	1	2	3	0	4	1	0	5	0	1	2	0	0	1	5	2	4	1	7	2	1	1	6	3	0	3	6	1	15	1	3	5	8	4	6	6	5	3	2	4	5	6	14	4	8	5	2	8	6	3	5	7	0	2	1	8	5	8	7	3	12	3	
1110_A/eurasian_eagle-owl 3	2	0	3	3	1	5	0	0	4	0	1	4	1	0	1	5	2	4	1	7	2	1	1	5	3	4	2	7	1	11	2	3	3	4	8	4	10	6	1	3	3	5	8	12	3	6	5	3	8	5	3	5	8	2	2	0	8	8	7	8	3	9	4	
1111_A/Eurasian_Teal/Hong 4	2	0	3	2	1	5	0	1	3	0	1	4	2	0	1	5	2	4	1	7	2	1	1	5	3	5	2	6	1	10	2	3	3	4	8	4	10	6	1	3	3	5	7	12	3	6	6	4	9	5	3	4	8	2	2	0	7	9	8	8	3	8	3	
1112_A/Eurasian_Teal/Hong 4	2	0	3	2	1	5	0	1	3	0	1	4	2	0	1	5	2	4	1	7	2	1	1	5	3	5	2	6	1	10	2	3	3	4	8	4	10	6	1	3	3	5	7	12	3	6	6	3	9	5	3	5	8	2	2	0	7	10	8	8	3	7	3	
1113_A/Eurasian_Wigeon/Ho 4	2	0	3	2	1	5	0	1	3	0	1	4	2	0	1	5	2	4	1	7	2	1	1	5	3	5	2	6	1	10	2	3	3	4	8	4	10	6	1	3	3	5	7	12	3	6	6	3	9	5	3	5	8	2	2	0	7	10	8	8	3	7	3	
1114_A/Eurasian_Wigeon/Ho 4	2	0	3	2	1	5	0	1	3	0	1	4	2	0	1	5	2	4	1	7	2	1	1	5	3	5	2	6	1	10	2	3	3	4	8	4	10	6	1	3	3	5	7	12	3	6	6	3	9	5	3	5	8	2	2	0	7	10	8	8	3	7	3	
1115_A/Falcated_Duck/Ning 4	3	1	3	3	0	4	0	0	5	0	1	2	0	0	1	5	2	4	2	7	2	1	0	6	4	1	3	6	0	14	1	2	5	9	6	7	5	4	1	2	5	5	8	14	3	8	3	2	9	5	3	4	8	1	2	1	8	5	8	8	2	12	3	
1116_A/Falco_peregrinus/B 3	2	0	3	3	1	5	0	0	3	0	1	5	2	0	1	5	2	4	1	7	2	1	1	5	3	5	2	6	1	10	2	3	3	4	8	4	10	6	1	3	3	5	7	12	3	6	6	3	9	5	3	5	8	2	2	0	7	8	6	8	3	9	5	
1117_A/feline/Guangdong/2 4	3	1	2	3	0	4	1	0	5	0	1	2	0	0	1	5	2	4	2	7	2	1	0	6	4	0	3	6	0	15	1	2	6	9	6	7	5	4	1	2	5	5	8	14	3	8	3	2	7	5	3	4	8	1	2	1	9	5	8	8	2	12	3	
1118_A/Fujian/1/2005|EPI_ 5	3	1	2	2	0	4	1	0	5	0	1	2	0	0	1	6	2	4	1	6	2	1	1	6	3	0	3	6	1	15	1	3	5	8	5	6	6	5	2	2	4	5	7	14	4	8	4	2	8	6	3	5	7	0	2	1	8	6	9	7	3	11	2	
1119_A/Fujian/1/2007|EPI_ 4	3	1	2	3	0	4	1	1	5	0	1	1	0	0	1	5	2	4	1	7	2	1	1	6	3	0	3	6	1	15	1	3	5	6	4	6	6	7	3	2	4	5	6	14	4	8	5	2	8	6	3	5	7	0	2	1	8	5	8	7	3	12	3	
1120_A/Fujian/1/2024(H5N6 3	2	0	3	3	1	5	0	1	4	0	1	3	1	0	1	5	2	4	1	7	2	1	1	5	3	5	2	7	1	10	2	3	2	4	8	4	11	6	1	3	3	4	7	12	3	7	6	3	8	5	3	5	8	2	2	0	8	9	7	8	3	8	4	
1121_A/Fujian/2/2024(H5N6 3	2	0	3	3	1	5	0	1	4	0	1	3	1	0	1	5	2	4	1	7	2	1	1	5	3	5	2	7	1	10	2	3	2	4	8	4	11	6	1	3	3	4	7	12	3	7	6	3	8	5	3	5	8	2	2	0	8	9	7	8	3	8	4	
1122_A/Fujian-Sanyuan/210 4	3	3	3	3	2	2	0	2	3	0	1	1	1	0	1	7	2	5	1	7	2	0	1	3	3	7	2	6	1	8	2	3	4	6	7	6	7	5	2	2	5	6	7	14	2	7	4	4	9	4	2	3	7	2	3	2	8	7	3	7	1	10	8	
1123_A/Fujian-Sanyuan/210 3	2	0	3	3	1	5	0	1	4	0	1	3	1	0	1	4	2	4	1	8	2	1	1	5	3	3	2	7	1	12	2	4	3	4	7	4	10	6	2	3	4	6	8	12	3	5	5	2	9	5	3	5	7	2	2	0	7	8	6	8	3	9	5	
1124_A/Gadwall/Ningxia/47 4	3	1	3	3	0	4	0	0	5	0	1	2	0	0	1	5	2	4	2	7	2	1	0	6	4	1	3	6	0	14	1	2	5	9	6	7	5	4	1	2	5	5	8	14	3	8	3	2	9	5	3	4	8	1	2	1	8	5	8	8	2	12	3	
1125_A/Gallinago_Stenura/ 4	2	0	3	2	1	5	0	1	3	0	1	4	2	0	1	5	2	4	1	7	2	1	1	5	3	5	2	6	1	10	2	3	3	4	8	4	10	6	1	3	3	5	7	12	3	6	6	3	9	5	3	5	8	2	2	0	7	10	8	8	3	7	3	
1126_A/Gallinula_chloropu 4	2	1	2	3	1	4	1	1	4	0	1	2	0	0	1	5	2	3	2	7	2	2	0	6	4	0	3	6	0	15	1	2	5	9	6	7	5	4	1	2	5	4	9	14	3	8	3	2	8	6	3	3	9	0	2	1	8	5	9	8	3	12	2	
1127_A/Goose/_Guangdong_/ 4	3	1	2	3	0	4	1	0	5	0	1	2	0	0	1	5	2	4	2	7	2	1	0	6	4	0	3	6	0	15	1	2	5	9	6	7	5	4	1	2	5	5	8	14	3	8	3	2	9	5	3	4	8	1	2	1	9	5	9	8	1	12	2	
1128_A/Goose/_Guangdong_/ 4	3	1	2	3	0	4	1	0	5	0	1	2	0	0	1	5	2	4	2	7	2	1	0	6	4	0	3	6	0	15	1	2	5	9	6	7	5	4	1	2	5	5	8	14	3	8	3	2	8	5	3	4	8	1	2	1	9	5	9	8	2	12	2	
1129_A/Goose/_Guangdong_/ 4	3	2	2	3	0	3	1	0	5	0	1	2	0	0	1	4	2	4	2	8	2	1	0	6	4	0	3	6	0	15	1	2	5	9	6	7	5	4	1	2	5	5	8	14	3	8	3	2	8	5	3	4	8	1	2	1	9	5	8	8	2	12	3	
1130_A/goose/Anhui/AH350/ 4	3	1	2	3	0	4	1	0	5	0	1	2	0	0	1	5	2	4	2	7	2	1	0	6	4	0	3	6	0	15	1	3	5	9	6	6	5	4	1	2	5	4	9	14	3	9	2	2	8	5	3	4	8	1	2	1	9	6	8	8	2	11	3	
1131_A/goose/Changhua/150 3	2	1	2	4	1	4	1	1	6	0	1	2	0	0	1	7	2	4	1	5	2	1	1	5	3	0	3	6	1	15	1	3	5	9	3	6	6	5	4	2	5	4	8	14	3	8	3	3	6	6	3	4	9	0	2	1	9	5	6	7	1	12	5	
1132_A/goose/Chiayi/15010 3	2	1	2	4	1	4	1	1	6	0	1	2	0	0	1	6	2	4	1	6	2	1	1	5	3	0	3	6	1	15	1	3	4	9	3	6	7	5	4	2	5	4	8	14	3	8	3	3	6	6	3	4	9	0	2	1	9	5	6	7	1	12	5	
1133_A/goose/Chiayi/15010 3	2	1	2	4	1	4	1	1	6	0	1	2	0	0	1	6	2	4	1	6	2	1	1	5	3	0	3	6	1	15	1	3	5	9	3	6	6	5	4	2	5	4	8	14	3	8	3	3	6	6	3	4	9	0	2	1	9	5	6	7	1	12	5	
1134_A/goose/Chiayi/15020 3	2	1	2	4	1	4	1	1	6	0	1	2	0	0	1	6	2	4	1	6	2	1	1	5	3	0	3	6	1	15	1	4	4	9	3	5	7	5	4	2	5	4	7	14	3	8	4	3	6	6	3	4	9	0	2	1	9	5	6	7	1	12	5	
1135_A/goose/Chiayi/16010 3	2	1	2	4	1	4	1	2	7	0	1	2	0	0	1	6	2	4	1	6	2	1	1	4	3	0	3	6	1	15	1	3	5	9	3	6	6	5	4	2	5	4	8	14	3	8	3	3	6	6	3	4	8	0	2	1	9	5	6	7	1	12	5	
1136_A/goose/Chiayi/16040 3	2	1	2	4	1	4	1	1	6	0	1	2	0	0	1	6	2	4	1	6	2	1	1	5	3	0	3	6	1	15	1	3	5	9	3	6	6	5	4	2	5	4	8	14	3	8	3	3	6	6	3	4	9	0	2	1	9	5	6	7	1	12	5	
1137_A/goose/Chiayi/16040 3	2	1	2	4	1	4	1	1	6	0	1	2	0	0	1	6	2	4	1	6	2	1	1	5	3	0	3	6	1	15	1	3	5	9	3	6	6	5	4	2	5	4	8	14	3	8	3	3	6	6	3	4	9	0	2	1	9	5	6	7	1	12	5	
1138_A/goose/Chiayi/17020 3	3	1	2	4	0	4	1	1	6	0	1	3	0	0	1	6	2	4	1	6	2	1	1	5	3	0	3	5	1	15	1	3	5	8	2	5	6	6	5	3	4	4	8	14	4	8	3	3	7	6	3	4	8	0	2	1	9	5	6	7	1	12	5	
1139_A/goose/Chiayi/17040 3	2	1	2	4	1	4	1	1	6	0	1	2	0	0	1	6	2	4	1	6	2	1	1	5	3	0	3	6	1	15	1	3	5	8	3	6	6	6	4	2	5	4	8	14	3	8	3	3	6	6	3	4	9	0	2	1	9	5	6	7	1	12	5	
1140_A/goose/Chiayi/18010 3	3	1	2	4	0	4	1	1	6	0	1	2	0	0	1	6	2	4	1	6	2	1	1	6	3	1	3	5	1	14	1	3	5	9	2	6	6	5	5	2	4	4	8	14	4	8	3	3	7	6	3	4	8	0	2	1	9	5	6	7	1	12	5	
1141_A/goose/Chiayi/18020 3	3	1	2	4	0	4	1	1	6	0	1	2	0	0	1	6	2	4	1	6	2	1	1	6	3	1	3	5	1	14	1	3	5	9	2	6	6	5	5	2	4	4	8	14	4	8	3	4	7	6	3	3	8	0	2	1	9	5	5	7	1	12	6	
1142_A/goose/China/1/2021 3	2	0	3	3	1	5	0	0	4	0	1	4	1	0	1	5	2	4	1	7	2	1	1	5	3	4	2	7	1	11	2	3	3	4	9	4	10	6	1	3	2	5	8	12	3	6	5	3	8	4	3	5	8	2	2	0	9	8	7	8	3	9	4	
1143_A/goose/China/0701/2 4	3	1	2	3	0	4	1	0	5	0	1	2	0	0	1	5	2	4	1	7	2	2	0	6	4	0	2	6	0	14	3	3	7	9	6	6	4	4	1	2	6	5	10	14	2	8	1	2	7	5	3	4	8	1	2	1	8	5	10	8	3	12	1	
1144_A/goose/China/1106/2 4	2	1	2	3	1	4	1	1	6	0	1	2	0	0	1	6	2	4	1	6	2	1	1	4	3	2	3	6	1	13	1	3	5	8	3	6	6	6	4	3	5	4	7	14	3	8	4	3	8	6	3	4	8	0	2	1	7	4	6	7	2	13	5	
1145_A/goose/China/E43/20 4	3	1	2	3	0	4	1	0	5	0	1	2	0	0	1	5	2	4	2	7	2	1	0	6	4	0	3	6	0	15	1	2	5	8	6	7	6	4	2	2	5	5	7	14	3	8	4	2	7	6	3	4	8	0	2	2	9	5	9	7	2	12	2	
1146_A/goose/Chongqing/SD 3	2	0	3	3	1	5	0	0	4	0	1	4	1	0	1	5	2	4	1	7	2	1	1	5	3	4	2	7	1	11	2	3	3	4	8	4	10	6	1	3	3	5	8	12	3	6	5	3	9	5	3	5	8	2	2	0	8	8	7	8	2	9	4	
1147_A/goose/Eastern_Chin 4	2	1	2	3	1	4	1	1	5	0	1	2	0	0	1	6	2	4	1	6	2	1	1	5	3	0	3	6	1	15	1	3	5	8	6	6	6	6	1	2	5	4	5	14	3	8	6	2	8	6	2	4	8	0	3	3	8	8	7	6	2	9	4	
1148_A/goose/Eastern_Chin 4	3	1	2	3	0	4	1	1	5	0	1	2	0	0	1	6	2	2	1	7	2	3	1	4	3	0	3	6	1	15	1	3	5	8	5	6	6	6	2	2	4	4	5	14	4	8	6	3	7	6	3	4	8	0	2	2	6	8	7	6	5	9	4	
1149_A/goose/Eastern_Chin 4	3	1	2	3	0	4	1	1	5	0	1	2	0	0	1	6	2	2	1	7	2	3	1	4	3	0	3	6	1	15	1	3	5	8	5	6	6	6	2	2	4	4	5	14	4	8	6	3	7	6	3	4	8	0	2	2	6	8	7	6	5	9	4	
1150_A/goose/Eastern_Chin 4	2	1	2	3	1	4	1	1	5	0	1	2	0	0	1	6	2	4	1	6	2	1	1	6	3	0	3	5	1	15	1	3	5	8	6	6	6	6	1	2	5	5	5	14	3	7	6	2	7	6	3	4	8	0	2	3	8	7	7	6	3	10	4	
1151_A/goose/Eastern_Chin 4	3	1	2	3	0	4	1	0	5	0	1	2	0	0	1	5	2	4	2	7	2	1	0	6	4	0	3	6	0	15	1	2	5	9	6	6	5	4	1	3	5	5	8	14	3	8	3	2	8	5	3	4	8	1	2	1	9	5	9	8	2	12	2	
1152_A/goose/Fujian/3.15_ 5	3	1	2	2	0	4	1	0	5	0	1	2	0	0	1	5	2	4	1	7	2	1	0	6	4	0	2	6	0	15	3	3	7	9	6	6	4	4	1	2	6	5	9	14	2	8	2	2	8	5	3	4	7	1	2	1	9	5	10	8	2	12	1	
1153_A/goose/Fujian/3.15_ 5	3	1	2	2	0	4	1	0	5	0	1	2	0	0	1	5	2	4	1	7	2	1	0	6	4	0	2	6	0	15	3	4	7	9	6	5	4	4	1	2	6	5	9	14	2	8	2	2	7	5	3	4	8	1	2	1	8	6	10	8	3	11	1	
1154_A/goose/Fujian/3.15_ 5	3	1	2	2	0	4	1	0	5	0	1	2	0	0	1	5	2	4	1	7	2	1	0	6	4	0	2	6	0	15	3	3	7	9	6	6	4	4	1	2	6	5	9	14	2	8	2	2	7	5	3	4	8	1	2	1	8	5	10	8	3	12	1	
1155_A/goose/Fujian/3.15_ 4	3	1	2	3	0	4	1	0	5	0	1	2	0	0	1	5	2	4	1	7	2	1	0	6	4	0	2	6	0	15	3	3	7	9	6	6	4	4	1	2	6	5	10	14	2	8	1	3	7	5	3	3	8	1	2	1	8	5	10	8	3	12	1	
1156_A/goose/Fujian/3.15_ 5	3	1	2	2	0	4	1	0	5	0	1	2	0	0	1	5	2	4	1	7	2	1	0	6	4	0	2	6	0	15	3	3	7	7	7	6	4	5	1	2	6	5	9	14	2	8	2	2	7	5	3	4	8	1	2	1	8	5	10	8	3	12	1	
1157_A/goose/Fujian/10.11 4	3	1	2	3	0	4	1	0	5	0	1	2	0	0	1	5	2	4	2	7	2	1	0	6	4	0	3	6	0	15	1	2	6	9	5	7	5	4	2	2	5	5	8	14	3	8	3	2	8	5	2	4	8	1	3	1	8	5	9	8	2	12	2	
1158_A/goose/Fujian/10.26 4	4	1	2	3	0	4	1	0	4	0	1	2	0	0	1	5	2	4	2	7	2	1	0	4	4	0	3	8	0	15	1	2	6	8	6	7	4	5	1	2	5	4	8	14	3	9	3	2	8	5	3	4	8	1	2	1	9	5	9	8	2	12	2	
1159_A/goose/Fujian/10.26 4	4	1	2	3	0	4	1	0	4	0	1	2	0	0	1	5	2	4	2	7	2	1	0	4	4	0	3	8	0	15	1	2	6	8	6	7	4	5	1	2	5	4	8	14	3	9	3	2	8	5	3	4	8	1	2	1	9	5	9	8	2	12	2	
1160_A/goose/Fujian/10.26 4	4	1	2	3	0	4	1	0	4	0	1	2	0	0	1	5	2	4	2	7	2	1	0	4	4	0	3	8	0	15	1	2	6	8	6	7	4	5	1	2	5	4	8	14	3	9	3	2	8	5	3	4	8	1	2	1	9	5	9	8	2	12	2	
1161_A/goose/Fujian/10.26 4	4	1	2	3	0	4	1	0	4	0	1	2	0	0	1	5	2	4	2	7	2	1	0	4	4	0	3	8	0	15	1	2	6	8	6	7	4	5	1	2	5	4	8	14	3	9	3	2	8	5	3	4	8	1	2	1	9	5	9	8	2	12	2	
1162_A/goose/Fujian/10.26 4	4	1	2	3	0	4	1	0	4	0	1	2	0	0	1	5	2	4	2	7	2	1	0	4	4	0	3	8	0	15	1	2	6	8	6	7	4	5	1	2	5	4	8	14	3	9	3	2	8	5	3	4	8	1	2	1	9	5	9	8	2	12	2	
1163_A/goose/Fujian/10.26 4	4	1	2	3	0	4	1	0	4	0	1	2	0	0	1	5	2	4	2	7	2	1	0	4	4	0	3	8	0	15	1	2	6	8	6	7	4	5	1	2	5	4	8	14	3	9	3	2	8	5	3	4	8	1	2	1	9	5	9	8	2	12	2	
1164_A/goose/Fujian/10.26 4	4	1	2	3	0	4	1	0	4	0	1	2	0	0	1	5	2	4	2	7	2	1	0	4	4	0	3	8	0	15	1	2	6	8	6	7	4	5	1	2	5	4	8	14	3	9	3	2	8	5	3	4	8	1	2	1	9	5	9	8	2	12	2	
1165_A/goose/Fujian/10.26 4	4	1	2	3	0	4	1	0	4	0	1	2	0	0	1	5	2	4	2	7	2	1	0	4	4	0	3	8	0	15	1	2	6	8	6	7	4	5	1	2	5	4	8	14	3	9	3	2	8	5	3	4	8	1	2	1	9	5	9	8	2	12	2	
1166_A/goose/Fujian/10.26 4	4	1	2	3	0	4	1	0	4	0	1	2	0	0	1	5	2	4	2	7	2	1	0	4	4	0	3	8	0	15	1	2	6	8	6	7	4	5	1	2	5	4	8	14	3	9	3	2	8	5	3	4	8	1	2	1	9	5	9	8	2	12	2	
1167_A/goose/Fujian/11.3_ 4	3	1	2	3	0	4	1	0	5	0	1	2	0	0	1	5	2	4	2	7	2	1	0	6	4	0	3	6	0	15	1	2	6	9	5	7	5	4	2	2	5	5	8	14	3	8	3	2	8	5	2	4	8	1	3	1	8	5	9	8	2	12	2	
1168_A/goose/Guangdong/03 4	4	1	2	3	0	4	1	0	4	0	1	2	0	0	1	5	2	4	2	7	2	1	0	6	4	0	3	6	0	15	1	3	5	9	6	6	5	4	1	2	5	5	8	14	3	8	3	2	8	5	3	4	8	1	2	2	9	5	9	7	2	12	2	
1169_A/goose/Guangdong/04 4	3	1	2	3	0	4	1	0	5	0	1	2	0	0	1	5	2	4	2	7	2	1	0	6	4	0	3	6	0	15	1	2	5	8	6	7	5	5	1	2	5	4	8	14	3	9	3	2	8	5	3	4	8	1	2	1	9	5	9	8	2	12	2	
1170_A/goose/Guangdong/04 4	3	1	2	3	0	4	1	0	5	0	1	2	0	0	1	5	2	4	2	7	2	1	0	6	4	0	2	6	0	15	2	2	5	9	6	7	5	4	1	2	5	6	8	14	3	7	3	2	8	5	3	4	8	1	2	1	9	5	9	8	2	12	2	
1171_A/goose/Guangdong/04 4	3	1	2	3	0	4	1	0	5	0	1	2	0	0	1	5	2	4	2	7	2	1	0	6	4	0	2	6	0	15	2	2	5	9	6	7	5	4	1	2	5	6	8	14	3	7	3	2	8	5	3	4	8	1	2	1	9	5	9	8	2	12	2	
1172_A/goose/Guangdong/04 4	3	1	2	3	0	4	1	0	5	0	1	2	0	0	1	5	2	4	2	7	2	1	0	6	4	0	2	6	0	15	2	2	5	9	6	7	5	4	1	2	5	6	8	14	3	7	3	2	8	5	3	4	8	1	2	1	9	5	9	8	2	12	2	
1173_A/goose/Guangdong/04 4	3	1	2	3	0	4	1	0	5	0	1	2	0	0	1	5	2	4	2	7	2	1	0	6	4	0	3	6	0	15	1	2	5	8	6	7	5	5	1	2	5	4	8	14	3	9	3	2	8	5	3	4	8	1	2	1	9	5	9	8	2	12	2	
1174_A/goose/Guangdong/04 4	3	1	2	3	0	4	1	0	5	0	1	2	0	0	1	5	2	4	2	7	2	1	0	6	4	0	3	6	0	15	1	2	5	8	6	7	5	5	1	2	5	4	8	14	3	9	3	2	8	5	3	4	8	1	2	1	9	5	9	8	2	12	2	
1175_A/goose/Guangdong/04 4	3	2	2	3	0	3	1	0	5	0	1	2	0	0	1	5	2	4	2	7	2	1	0	6	4	0	3	6	0	15	1	2	5	9	6	7	5	4	1	2	5	4	8	14	3	9	3	2	8	5	3	4	7	1	2	1	10	5	9	8	2	12	2	
1176_A/goose/Guangdong/04 4	4	1	2	3	0	4	1	0	5	0	1	2	0	0	1	5	2	4	2	7	2	1	0	6	3	1	3	6	1	14	1	2	5	9	6	6	5	4	1	2	6	3	9	14	3	9	3	2	7	5	3	5	8	1	2	2	8	6	8	7	2	11	3	
1177_A/goose/Guangdong/7. 4	3	1	2	3	0	4	1	0	5	0	1	1	0	0	1	5	2	4	2	7	2	1	0	6	4	0	2	7	0	15	2	2	7	9	6	7	4	4	1	2	6	5	10	14	2	8	1	2	7	5	3	4	8	1	2	1	8	5	9	8	3	12	2	
1178_A/goose/Guangdong/k0 4	3	1	2	3	0	4	1	1	5	0	1	2	0	0	1	6	2	4	1	6	2	1	1	5	3	1	3	6	1	14	1	3	5	8	4	6	6	5	4	2	4	4	6	14	4	8	5	4	7	6	3	3	8	0	2	2	8	6	7	6	3	11	4	
1179_A/Goose/Guangdong/PO 4	3	1	2	3	0	4	1	0	5	0	1	2	0	0	1	5	2	4	2	6	2	1	0	7	4	0	2	6	0	15	2	2	7	9	6	7	4	4	1	2	6	5	10	14	2	8	1	2	8	5	3	4	8	1	2	1	8	5	9	8	2	12	2	
1180_A/goose/Guangdong/QY 4	3	1	2	3	0	4	1	0	5	0	1	2	0	0	1	4	2	4	2	7	2	1	0	5	4	0	3	7	0	15	1	2	6	9	5	7	5	4	1	2	5	4	9	14	3	9	3	2	8	5	3	4	7	1	2	1	11	5	8	8	1	12	3	
1181_A/goose/Guangdong/S2 4	3	1	2	3	0	4	1	0	5	0	1	2	0	0	1	5	2	4	1	7	2	1	0	6	4	0	2	6	0	15	3	3	7	10	6	6	4	3	1	2	6	5	10	14	2	8	1	2	7	5	3	4	8	1	2	1	8	5	10	8	3	12	1	
1182_A/goose/Guangdong/S4 3	2	0	3	3	1	5	0	0	4	0	1	4	1	0	1	5	2	4	1	7	2	1	1	5	3	4	2	7	1	11	2	3	3	4	8	4	10	6	1	3	3	4	8	12	3	7	5	3	8	5	3	5	8	2	2	0	8	8	7	8	3	9	4	
1183_A/goose/Guangdong/s1 4	3	1	2	3	0	4	1	1	5	0	1	2	0	0	1	6	2	3	1	6	2	2	1	5	3	0	3	6	1	15	1	3	5	9	5	6	6	5	2	3	3	4	5	14	4	8	6	3	7	5	3	4	8	0	2	2	6	8	7	6	5	10	4	
1184_A/goose/Guangdong/SH 4	3	1	2	3	0	4	1	0	5	0	1	2	0	0	1	5	2	4	2	7	2	1	0	6	4	0	3	6	0	15	1	2	5	10	6	7	5	3	1	2	5	5	8	14	3	8	3	2	8	5	3	4	8	1	2	1	9	5	8	8	2	12	3	
1185_A/goose/Guangdong/YJ 4	3	1	2	3	0	4	1	0	5	0	1	2	0	0	1	5	2	4	2	7	2	1	0	6	4	0	3	6	0	15	1	2	5	9	6	7	5	4	1	2	5	6	8	14	3	7	3	2	9	5	3	4	8	1	2	1	9	6	9	8	1	11	2	
1186_A/goose/Guangxi/S206 3	2	0	3	3	1	5	0	0	5	0	1	4	0	0	1	5	2	4	1	7	2	1	1	5	3	5	2	7	1	10	2	3	3	4	8	4	10	6	1	3	3	5	8	12	3	6	5	3	8	5	3	5	8	2	2	0	8	8	7	8	3	9	4	
1187_A/goose/Guizhou/S154 3	2	0	3	3	1	5	0	0	4	0	1	5	1	0	1	5	2	4	1	7	2	1	1	5	3	4	2	6	1	11	2	3	3	5	8	3	10	5	1	4	2	5	8	12	4	6	5	3	9	5	3	5	8	2	2	0	7	8	6	8	3	9	5	
1188_A/goose/Henan/01.01_ 4	3	1	2	3	0	4	1	0	5	0	1	2	0	0	1	5	2	4	2	7	2	1	0	6	4	0	3	6	0	15	1	2	6	8	7	7	5	4	1	2	5	4	8	14	3	10	2	2	8	5	2	4	8	1	3	1	8	5	9	8	2	12	2	
1189_A/goose/Henan/S1315/ 3	2	0	3	3	1	5	0	0	4	0	1	4	1	0	1	5	2	4	1	7	2	1	1	5	3	4	2	7	1	11	2	3	3	4	8	4	10	6	1	3	3	5	8	12	3	6	5	3	8	5	3	5	8	2	2	0	8	8	7	8	3	9	4	
1190_A/goose/Hubei/113/20 4	3	1	2	3	0	4	1	0	5	0	1	2	0	0	1	5	2	4	2	7	2	1	0	6	4	0	3	6	0	15	1	2	5	9	6	7	5	4	1	2	5	5	8	14	3	8	3	2	8	6	4	4	8	0	1	1	9	5	9	8	2	12	2	
1191_A/goose/HuBei/117/20 4	3	1	2	3	0	4	1	0	5	0	1	2	0	0	1	5	2	4	2	7	2	1	0	6	4	0	3	6	0	15	1	2	5	9	6	7	5	4	1	2	5	5	8	14	3	8	3	2	8	6	4	4	8	0	1	2	9	5	9	7	2	12	2	
1192_A/goose/Hunan/81/201 4	3	1	2	3	0	4	1	0	5	1	0	2	0	0	1	5	2	4	2	7	2	1	0	7	4	0	3	5	0	15	1	2	5	9	6	7	5	4	1	2	5	5	7	14	3	8	4	2	8	6	3	4	8	1	2	1	9	4	9	8	2	12	2	
1193_A/goose/Hunan/82/201 4	3	1	2	3	0	4	1	0	5	1	0	2	0	0	1	5	2	4	2	7	2	1	0	7	4	0	3	5	0	15	1	2	5	9	6	7	5	4	1	2	5	5	7	15	2	8	4	2	8	5	3	4	8	1	2	1	9	5	9	8	2	12	2	
1194_A/goose/Hunan/107/20 4	3	1	2	3	0	4	1	0	5	0	1	2	0	0	1	5	2	4	2	7	2	1	0	6	4	0	3	6	0	15	1	2	5	9	6	7	5	4	1	2	5	5	8	14	3	8	3	2	8	6	4	4	8	0	1	1	9	5	9	8	2	12	2	
1195_A/goose/Hunan/109/20 4	3	1	2	3	0	4	1	0	5	0	1	2	0	0	1	5	2	4	2	7	2	1	0	6	4	0	3	6	0	15	1	2	5	9	6	7	5	4	1	2	5	5	8	14	3	8	3	2	8	6	4	4	8	0	1	1	9	5	9	8	2	12	2	
1196_A/goose/Hunan/110/20 4	3	1	2	3	0	4	1	0	5	0	1	2	0	0	1	5	2	4	2	7	2	1	0	6	4	0	3	6	0	15	1	2	5	9	6	7	5	4	1	2	5	5	8	14	3	8	3	2	8	6	4	4	8	0	1	1	9	5	9	8	2	12	2	
1197_A/goose/Hunan/111/20 4	3	1	2	3	0	4	1	0	5	0	1	2	0	0	1	5	2	4	2	7	2	1	0	6	4	0	3	6	0	15	1	2	5	9	6	7	5	4	1	2	5	5	8	14	3	8	3	2	8	6	4	4	8	0	1	1	9	5	9	8	2	12	2	
1198_A/goose/Hunan/115/20 4	3	1	2	3	0	4	1	0	5	0	1	2	0	0	1	5	2	4	2	7	2	1	0	6	3	0	4	6	1	15	0	2	5	9	6	7	5	4	1	2	5	5	8	14	3	8	3	2	8	6	4	4	8	0	1	1	8	5	9	8	3	12	2	
1199_A/goose/Hunan/116/20 4	3	1	2	3	0	4	1	0	5	0	1	2	0	0	1	5	2	4	2	7	2	1	0	6	4	0	3	6	0	15	1	2	5	9	6	7	5	4	1	2	5	5	8	14	3	8	3	2	8	6	4	4	8	0	1	1	9	5	9	8	2	12	2	
1200_A/goose/Hunan/155/20 4	3	1	2	3	0	4	1	0	5	1	0	2	0	0	1	5	2	4	2	7	2	1	0	7	4	0	3	5	0	15	1	2	5	9	6	7	5	4	1	2	5	5	7	14	3	8	4	2	8	6	3	4	8	1	2	1	9	4	9	8	2	12	2	
1201_A/goose/Hunan/159/20 4	3	1	2	3	0	4	1	0	5	1	0	2	0	0	1	5	2	4	2	7	2	1	0	7	4	0	3	5	0	15	1	2	5	9	6	7	5	4	1	2	5	5	7	14	3	8	4	2	8	6	3	4	8	1	2	1	9	4	9	8	2	12	2	
1202_A/goose/Hunan/160/20 4	3	1	2	3	0	4	1	0	5	1	0	2	0	0	1	5	2	4	2	7	2	1	0	7	4	0	3	5	0	15	1	2	5	9	6	7	5	4	1	2	5	5	7	14	3	8	4	2	8	6	3	4	8	1	2	1	9	4	9	8	2	12	2	
1203_A/goose/Hunan/161/20 4	3	1	2	3	0	4	1	0	5	1	0	2	0	0	1	5	2	4	2	7	2	1	0	7	4	0	3	5	0	15	1	2	5	9	6	7	5	4	1	2	5	5	7	14	3	8	4	2	8	6	3	4	8	1	2	1	9	4	9	8	2	12	2	
1204_A/goose/Hunan/HN11/2 4	3	1	2	3	0	4	1	0	5	0	1	2	0	0	1	5	2	4	2	7	2	1	0	5	4	0	3	7	0	15	1	2	5	8	5	7	5	5	2	2	5	4	8	14	3	9	3	2	8	5	3	4	8	1	2	1	10	5	9	8	1	12	2	
1205_A/goose/Hunan/HN22/2 4	3	1	2	3	0	4	1	0	5	0	1	2	0	0	1	5	2	4	2	7	2	1	0	6	4	0	3	6	0	15	1	2	5	9	6	7	5	4	1	2	5	5	7	14	3	8	4	2	8	5	3	4	8	1	2	1	9	5	9	8	2	12	2	
1206_A/goose/Hunan/HN57/2 4	3	1	2	3	0	4	1	0	5	0	1	2	0	0	1	5	2	4	2	7	2	1	0	6	4	0	3	6	0	15	1	2	5	9	6	7	5	4	1	2	5	5	7	14	3	8	4	2	8	5	3	4	8	1	2	1	9	5	9	8	2	12	2	
1207_A/goose/Hunan/HN88/2 4	3	1	2	3	0	4	1	0	5	0	1	2	0	0	1	5	2	4	2	7	2	1	0	6	4	0	3	6	0	15	1	2	5	9	6	7	5	4	1	2	5	5	8	14	3	8	3	2	8	6	4	4	8	0	1	2	9	5	9	7	2	12	2	
1208_A/goose/Hunan/HN90/2 4	3	1	2	3	0	4	1	0	5	0	1	2	0	0	1	5	2	4	2	7	2	1	0	6	4	0	3	6	0	15	1	2	5	9	6	7	5	4	1	2	5	5	8	14	3	8	3	2	8	6	4	4	8	0	1	2	9	5	9	7	2	12	2	
1209_A/goose/Hunan/HN310/ 4	3	1	2	3	0	4	1	0	5	0	1	2	0	0	1	5	3	4	1	7	2	1	1	6	4	0	2	6	0	15	2	2	5	9	6	7	5	4	1	2	6	6	8	14	2	7	3	2	7	5	3	4	8	1	2	1	9	5	9	8	2	12	2	
1210_A/goose/Hunan/HN311/ 4	2	1	2	3	1	4	1	0	5	0	1	2	0	0	1	5	3	4	1	7	2	1	1	6	4	0	2	6	0	15	2	2	5	9	6	7	5	4	1	2	6	6	8	14	2	7	3	2	7	5	3	4	8	1	2	1	9	5	9	8	2	12	2	
1211_A/goose/Hunan/HN314/ 4	3	1	2	3	0	4	1	0	5	0	1	2	0	0	1	5	2	4	2	7	2	1	0	6	4	0	3	6	0	15	1	2	6	9	6	7	5	4	1	2	5	5	8	14	3	8	3	2	7	5	3	4	8	1	2	1	8	5	9	8	3	12	2	
1212_A/goose/Hunan/HN315/ 4	3	1	2	3	0	4	1	0	5	0	1	2	0	0	1	5	2	4	2	7	2	1	0	6	4	0	3	6	0	15	1	2	6	9	6	7	5	4	1	2	5	5	8	14	3	8	3	2	7	5	3	4	8	1	2	1	8	5	9	8	3	12	2	
1213_A/goose/Hunan/HN316/ 4	3	1	2	3	0	4	1	0	5	0	1	2	0	0	1	5	2	4	2	7	2	1	0	6	4	0	3	6	0	15	1	2	6	9	6	7	5	4	1	2	5	5	8	14	3	8	3	2	7	5	3	4	8	1	2	1	8	5	9	8	3	12	2	
1214_A/goose/Hunan/HN317/ 4	3	1	2	3	0	4	1	0	5	0	1	2	0	0	1	5	2	4	2	7	2	1	0	6	4	0	3	6	0	15	1	2	6	9	6	7	5	4	1	2	5	5	8	14	3	8	3	2	7	5	3	4	8	1	2	1	8	5	9	8	3	12	2	
1215_A/goose/Hunan/HN318/ 4	3	1	2	3	0	4	1	0	5	0	1	2	0	0	1	5	3	4	1	7	2	1	1	6	4	0	3	6	0	15	1	2	5	9	6	7	5	4	1	2	6	6	8	14	2	7	3	2	7	5	3	4	8	1	2	1	9	5	9	8	2	12	2	
1216_A/goose/Hunan/HN319/ 4	3	1	2	3	0	4	1	0	5	0	1	2	0	0	1	5	2	4	2	7	2	1	0	6	4	0	3	6	0	15	1	2	6	9	6	7	5	4	1	2	5	5	8	14	3	8	3	2	7	5	3	4	8	1	2	1	8	5	9	8	3	12	2	
1217_A/goose/Hunan/S11288 3	2	0	3	3	1	5	0	0	4	0	1	4	1	0	1	5	2	4	1	7	2	1	1	5	3	4	2	7	1	11	2	3	3	4	7	4	10	6	1	3	3	5	8	12	3	6	5	3	8	5	4	5	8	2	2	0	8	8	7	8	3	9	4	
1218_A/goose/Hunan/SE284/ 3	2	0	3	3	1	5	0	0	3	0	1	5	2	0	1	5	2	5	1	7	2	0	1	5	3	5	2	6	1	10	2	3	3	4	8	4	10	6	1	3	3	5	7	12	3	6	6	3	9	4	3	5	8	3	2	0	7	8	6	8	3	9	5	
1219_A/goose/Inner_Mongol 4	2	0	3	3	1	5	0	1	4	0	1	2	1	0	1	5	2	3	1	7	2	2	1	4	3	3	2	7	1	12	2	3	5	4	7	4	8	6	2	2	3	6	6	14	4	6	6	3	8	5	3	5	8	2	2	1	6	8	5	8	3	9	6	
1220_A/goose/Jiangsu/k040 4	3	1	2	3	0	4	1	0	5	0	1	2	0	0	1	5	2	4	2	7	2	1	0	6	3	2	3	6	1	13	1	3	4	9	3	6	7	4	4	2	4	5	7	14	4	8	4	2	8	5	3	5	7	1	3	0	8	5	7	8	3	12	3	
1221_A/goose/Jiangsu/QD5/ 4	2	1	2	3	1	4	1	1	5	0	1	2	0	0	1	6	2	4	1	6	2	1	1	5	3	0	3	6	1	15	1	3	5	8	6	6	6	6	1	2	5	4	5	14	3	8	6	2	7	6	3	4	8	0	2	3	8	7	7	6	3	10	4	
1222_A/goose/Jiangsu/S138 3	1	0	3	3	2	5	0	0	4	0	1	4	1	0	1	5	2	4	1	7	2	1	1	5	3	4	2	7	1	11	2	3	3	4	8	4	10	6	1	3	3	5	8	12	3	6	5	3	8	5	3	5	8	2	2	0	8	8	8	8	3	9	3	
1223_A/goose/Jiangxi/01.0 4	3	1	2	3	0	4	1	0	5	0	1	2	0	0	1	5	2	4	2	7	2	1	0	6	4	0	3	6	0	15	1	2	5	9	6	7	5	4	1	2	5	5	8	14	3	8	3	2	8	6	4	4	8	0	1	1	9	5	9	8	2	12	2	
1224_A/goose/Jilin/04.04_ 4	3	1	2	3	0	4	1	0	5	0	1	2	0	0	1	5	2	4	2	7	2	1	0	6	4	0	3	6	0	15	1	3	5	9	6	6	5	4	1	2	5	6	8	14	3	7	3	2	10	5	3	4	7	1	2	1	9	5	9	8	1	12	2	
1225_A/goose/Jilin/S4034/ 4	3	1	2	3	0	4	1	0	6	0	1	2	0	0	1	5	1	4	2	7	4	1	0	7	3	0	2	5	0	15	2	1	5	7	5	6	6	6	2	3	5	7	7	14	3	6	4	3	6	6	3	4	9	0	2	3	8	6	10	6	2	11	1	
1226_A/goose/Liaoning/S12 3	2	0	3	3	1	5	0	0	4	0	1	4	1	0	1	5	2	4	1	7	2	1	1	5	3	4	2	7	1	11	2	3	3	4	8	4	10	6	1	4	3	5	8	12	3	6	5	3	8	5	3	5	8	2	2	0	8	8	7	7	3	9	4	
1227_A/goose/Pingtung/150 3	2	1	2	4	1	4	1	1	6	0	1	2	0	0	1	6	2	4	1	6	2	1	1	5	3	0	3	6	1	15	1	3	5	9	3	6	6	5	4	2	5	4	8	14	3	8	3	3	6	6	3	4	9	0	2	1	9	5	6	7	1	12	5	
1228_A/goose/Pingtung/150 3	2	1	2	4	1	4	1	1	6	0	1	2	0	0	1	6	2	4	1	6	2	1	1	5	3	0	3	6	1	15	1	3	5	9	3	6	6	5	4	2	5	4	8	14	3	8	3	3	6	6	3	4	9	0	2	1	9	5	6	7	1	12	5	
1229_A/goose/Pingtung/150 3	2	1	2	4	1	4	1	1	6	0	1	2	0	0	1	5	2	4	1	7	2	1	1	5	3	0	3	6	1	15	1	3	5	9	3	6	6	5	4	2	5	4	8	14	3	8	3	3	6	6	3	4	9	0	2	1	9	5	6	7	1	12	5	
1230_A/goose/Pingtung/160 3	2	1	2	4	1	4	1	1	6	0	1	2	0	0	1	5	2	4	1	7	2	1	1	5	3	0	3	6	1	15	1	3	5	9	3	6	6	5	4	2	5	4	8	14	3	8	3	3	6	6	3	4	9	0	2	1	9	5	7	7	1	12	4	
1231_A/Goose/Qingyuan/168 4	3	1	2	3	0	4	1	0	5	0	1	2	0	0	1	5	2	4	2	7	2	1	0	6	4	1	3	6	0	14	1	2	5	9	6	7	5	4	1	2	5	4	8	14	3	9	3	2	8	5	3	4	8	1	2	1	8	5	8	8	3	12	3	
1232_A/goose/Shandong/01. 4	2	1	2	3	1	4	1	1	6	0	1	2	0	0	1	6	2	4	1	6	2	1	1	4	3	1	3	6	1	14	1	3	5	8	3	6	6	6	4	3	5	4	8	14	3	8	3	3	7	6	3	4	8	0	2	1	9	5	6	7	1	12	5	
1233_A/goose/Shandong/01. 4	2	1	2	3	1	4	1	1	6	0	1	2	0	0	1	6	2	4	1	6	2	1	1	4	3	1	3	6	1	14	1	3	5	8	3	6	6	6	4	3	5	4	8	14	3	8	3	3	7	6	3	4	8	0	2	1	9	5	6	7	1	12	5	
1234_A/goose/Shandong/02. 4	3	1	2	3	0	4	1	0	5	0	1	2	0	0	1	5	2	4	2	7	2	1	0	6	4	0	3	6	0	14	2	2	5	9	6	7	5	4	1	2	5	5	7	14	3	8	4	2	8	5	3	4	8	1	2	1	9	5	9	7	3	12	2	
1235_A/goose/Shandong/02. 4	3	1	2	3	0	4	1	0	5	0	1	2	0	0	1	5	2	4	2	7	2	1	0	6	4	0	3	6	0	15	1	2	5	9	6	7	5	4	1	2	5	5	8	14	3	8	3	2	8	5	3	4	8	1	2	1	9	5	9	8	2	12	2	
1236_A/goose/Shandong/03. 4	3	1	2	3	0	4	1	0	5	0	1	2	0	0	1	5	2	4	2	7	2	1	0	6	4	0	3	6	0	15	1	2	6	7	5	7	5	6	2	2	5	6	7	14	3	7	4	3	6	6	3	3	9	0	2	2	9	5	10	7	2	12	1	
1237_A/goose/Shandong/03. 4	3	1	2	3	0	4	1	0	6	0	1	2	0	0	1	5	2	4	2	7	2	1	0	6	4	0	2	6	0	15	1	2	6	8	6	7	5	5	1	2	5	5	8	14	3	8	4	3	7	6	3	3	7	0	2	1	9	5	8	8	2	12	3	
1238_A/goose/Shandong/04. 4	2	1	2	3	1	4	1	1	6	0	1	2	0	0	1	5	2	4	1	7	2	1	1	4	3	1	3	6	1	14	1	3	5	8	3	6	6	6	4	3	5	4	8	14	3	8	3	3	7	6	4	4	8	0	2	1	9	5	5	7	1	12	5	
1239_A/goose/Shandong/05. 4	2	1	2	3	1	4	1	1	5	0	1	2	0	0	1	6	2	4	1	6	2	1	1	5	3	0	3	6	1	15	1	3	5	7	6	6	6	7	1	2	5	4	5	14	3	8	6	2	7	6	3	4	8	0	2	3	8	7	7	6	3	10	4	
1240_A/goose/Shandong/05. 4	2	1	2	3	1	4	1	1	5	0	1	2	0	0	1	6	2	4	1	6	2	1	1	5	3	0	3	6	1	15	1	3	5	7	6	6	6	7	1	2	5	4	5	14	3	8	6	2	7	6	3	4	8	0	2	3	8	7	7	6	3	10	4	
1241_A/goose/Shandong/06. 4	2	1	2	3	1	4	1	1	5	0	1	2	0	0	1	6	2	4	1	6	2	1	1	5	3	0	3	6	1	15	1	3	5	7	6	6	6	7	1	2	5	4	5	14	3	8	6	2	7	6	3	4	8	0	2	3	8	7	7	6	3	10	4	
1242_A/goose/Shandong/11. 4	3	1	2	3	0	4	1	0	6	0	1	2	0	0	1	5	2	4	2	7	2	1	0	6	4	1	2	6	0	14	1	2	7	7	6	7	4	6	1	2	5	5	7	14	3	8	5	2	7	6	3	4	7	0	2	1	9	5	8	8	2	12	3	
1243_A/goose/Shandong/12. 4	3	1	2	3	0	4	1	0	5	0	1	2	0	0	1	5	2	4	2	7	2	1	0	6	4	0	3	6	0	14	2	2	5	9	6	7	5	4	1	2	5	5	7	14	3	8	4	2	8	5	3	4	8	1	2	1	9	5	9	7	3	12	2	
1244_A/goose/Shandong/12. 4	2	1	2	3	2	4	1	1	4	0	1	2	0	0	1	6	2	4	1	6	2	1	1	5	3	1	3	6	1	14	1	3	6	7	6	5	6	6	1	3	5	4	5	14	3	8	6	2	7	6	3	4	8	0	2	3	8	7	7	6	3	10	4	
1245_A/Goose/Shandong/211 3	2	0	3	3	1	5	0	0	4	0	1	4	1	0	1	5	2	4	1	7	2	1	1	5	3	4	2	7	1	11	2	3	3	4	8	4	10	6	1	3	3	5	8	12	3	6	5	3	8	5	3	5	8	2	2	0	8	8	7	8	3	9	4	
1246_A/goose/Shandong/GD- 4	2	1	2	3	1	4	1	1	5	0	1	2	0	0	1	6	2	4	1	6	2	1	1	5	3	0	3	6	1	15	1	3	5	8	6	6	6	6	1	2	5	4	5	14	3	8	6	2	7	6	3	4	8	0	3	3	8	7	6	6	3	10	4	
1247_A/goose/Shandong/GS/ 4	3	1	2	3	0	4	1	0	5	0	1	2	0	0	1	5	2	4	2	7	2	1	0	7	4	0	3	5	0	15	1	2	6	8	5	7	5	5	2	2	5	5	7	14	3	8	4	2	6	6	3	4	9	0	2	2	9	5	9	7	2	12	2	
1248_A/goose/Shandong/LQ0 4	3	1	2	3	0	4	1	1	5	0	1	2	0	0	1	6	2	2	1	7	2	3	1	4	3	0	3	6	1	15	1	3	4	8	5	6	7	6	2	2	4	4	5	14	4	8	6	3	7	6	3	4	8	0	2	3	5	8	7	6	5	9	4	
1249_A/goose/Tainan/16040 3	2	1	2	4	1	4	1	1	6	0	1	2	0	0	1	6	2	4	1	6	2	1	1	5	3	0	3	6	1	15	1	3	5	9	3	6	6	5	4	2	5	4	8	14	3	8	3	3	6	6	3	4	10	0	2	1	8	5	6	7	1	12	5	
1250_A/goose/Tainan/16070 3	2	1	2	4	1	4	1	1	6	0	1	2	0	0	1	6	2	4	1	6	2	1	1	5	3	1	3	6	1	14	1	3	5	9	3	6	6	5	4	2	5	4	8	14	3	8	3	3	6	6	3	4	10	0	2	1	8	5	6	7	1	12	5	
1251_A/goose/Tainan/17030 3	3	1	2	4	0	4	1	1	6	0	1	2	0	0	1	6	2	4	1	6	2	1	1	6	3	0	3	6	1	14	1	3	5	9	2	6	6	5	5	2	4	4	8	14	4	8	3	3	7	6	3	4	8	0	2	1	9	5	6	7	1	12	5	
1252_A/goose/Tainan/17030 3	3	1	2	4	0	4	1	1	6	0	1	2	0	0	1	6	2	4	1	6	2	1	1	6	3	0	3	5	1	15	1	3	5	9	2	6	6	5	5	2	4	4	9	14	4	8	2	3	7	6	3	4	8	0	2	1	9	5	6	7	1	12	5	
1253_A/goose/Tainan/18010 3	3	1	2	4	0	4	1	1	6	0	1	2	0	0	1	6	2	4	1	6	2	1	1	6	3	0	3	5	1	15	1	3	5	9	2	6	6	5	5	2	4	4	8	14	4	8	3	3	7	6	3	4	8	0	2	1	9	5	5	7	1	12	6	
1254_A/goose/Tainan/18050 3	3	1	2	4	0	4	1	1	6	0	1	2	0	0	1	6	2	4	1	5	2	1	1	7	3	0	3	5	1	15	1	3	5	8	2	6	6	6	5	2	4	4	7	14	4	8	4	3	7	6	3	4	8	0	2	1	9	6	5	7	1	11	6	
1255_A/goose/Taiwan/01019 3	2	1	2	4	1	4	1	1	6	0	1	2	0	0	1	6	2	4	1	6	2	1	1	5	3	0	3	6	1	15	1	3	5	9	3	6	6	5	4	2	5	4	8	14	3	8	3	3	6	6	3	4	9	0	2	1	9	5	6	7	1	12	5	
1256_A/goose/Taiwan/01022 3	2	1	2	4	1	4	1	1	6	0	1	2	0	0	1	7	2	4	1	5	2	1	1	5	3	0	3	6	1	15	1	3	5	9	3	6	6	5	4	2	5	4	7	14	3	8	4	3	6	6	3	4	9	0	2	1	9	5	6	7	1	12	5	
1257_A/goose/Taiwan/01023 3	2	1	2	4	1	4	1	1	6	0	1	2	0	0	1	6	2	4	1	6	2	1	1	5	3	0	3	6	1	15	1	3	5	9	3	6	6	5	4	2	5	4	8	14	3	8	3	3	6	6	3	4	9	0	2	1	9	5	6	7	1	12	5	
1258_A/goose/Taiwan/01031 3	2	1	2	4	1	4	1	1	6	0	1	2	0	0	1	6	2	4	1	6	2	1	1	5	3	0	3	6	1	15	1	3	5	9	3	6	6	5	4	2	5	4	8	14	3	8	3	3	6	6	3	4	9	0	2	1	9	5	6	7	1	13	4	
1259_A/goose/Taiwan/01038 3	2	1	2	4	1	4	1	1	6	0	1	2	0	0	1	6	2	4	1	6	2	1	1	5	3	0	3	6	1	15	1	3	5	9	3	6	6	5	4	2	5	4	8	14	3	8	3	3	6	6	3	4	9	0	2	1	9	5	6	7	1	12	5	
1260_A/goose/Taiwan/01039 3	2	1	2	4	1	4	1	1	6	0	1	2	0	0	1	6	2	4	1	6	2	1	1	5	3	0	3	5	2	15	1	3	5	9	3	6	6	5	4	2	5	5	8	14	3	7	3	3	6	6	3	4	9	0	2	1	9	5	6	7	1	12	5	
1261_A/goose/Taiwan/01040 3	2	1	2	4	1	4	1	1	6	0	1	2	0	0	1	5	2	4	1	7	2	1	1	5	3	0	3	6	1	15	1	3	5	9	3	6	6	5	4	2	5	4	8	14	3	8	3	3	6	6	3	4	9	0	2	1	9	5	6	7	1	12	5	
1262_A/goose/Taiwan/a015/ 3	2	1	2	4	1	4	1	1	6	0	1	2	0	0	1	6	2	4	1	6	2	1	1	5	3	0	3	6	1	15	1	3	5	9	3	6	6	5	4	2	5	4	8	14	3	8	3	3	6	6	3	4	9	0	2	1	9	5	6	7	1	12	5	
1263_A/goose/Taiwan/TNC1/ 3	2	1	2	4	1	4	1	1	6	0	1	2	0	0	1	6	2	4	1	6	2	1	1	5	3	0	3	6	1	15	1	3	5	9	3	6	6	5	4	2	5	4	7	14	3	8	4	3	6	6	3	4	9	0	2	2	9	5	6	6	1	12	5	
1264_A/goose/Taiwan/TNC3/ 3	2	1	2	4	1	4	1	1	6	0	1	2	0	0	1	6	2	4	1	6	2	1	1	5	3	0	3	6	1	15	1	3	5	9	3	6	6	5	4	2	5	4	7	14	3	8	4	3	6	6	3	4	9	0	2	1	9	5	6	7	1	12	5	
1265_A/goose/Taiwan/TNC4/ 3	2	1	2	4	1	4	1	1	6	0	1	2	0	0	1	6	2	4	1	6	2	1	1	5	3	0	3	6	1	15	1	3	5	9	3	6	6	5	4	2	5	4	8	14	3	8	3	3	6	6	3	4	9	0	2	1	9	5	6	7	1	12	5	
1266_A/goose/Taiwan/TNC9/ 3	2	1	2	4	1	4	1	1	6	0	1	2	0	0	1	6	2	4	1	6	2	1	1	5	3	0	3	6	1	15	1	3	5	9	3	6	6	5	4	2	5	4	7	14	3	8	4	3	6	6	3	4	9	0	2	1	9	5	6	7	1	12	5	
1267_A/goose/Taiwan/TNC10 3	2	1	2	4	1	4	1	1	6	0	1	2	0	0	1	6	2	4	1	6	2	1	1	5	3	0	3	6	1	15	1	3	5	9	3	6	6	5	4	2	5	4	7	14	3	8	4	3	6	6	3	4	9	0	2	2	9	5	6	6	1	12	5	
1268_A/goose/Taiwan/TNC12 3	2	1	2	4	1	4	1	1	6	0	1	2	0	0	1	6	2	4	1	6	2	1	1	5	3	0	3	6	1	15	1	3	5	9	3	6	6	5	4	2	5	4	7	14	3	8	4	3	6	6	3	4	9	0	2	2	9	5	6	6	1	12	5	
1269_A/goose/Taiwan/TNC14 3	2	1	2	4	1	4	1	1	6	0	1	2	0	0	1	6	2	4	1	6	2	1	1	5	3	0	3	6	1	15	1	3	5	9	3	6	6	5	4	2	5	4	7	14	3	8	4	3	6	6	3	4	9	0	2	2	9	5	6	6	1	12	5	
1270_A/goose/Taiwan/TNO3/ 3	2	1	2	4	1	4	1	1	6	0	1	2	0	0	1	6	2	4	1	6	2	1	1	5	3	0	3	6	1	15	1	3	5	9	3	6	6	5	4	2	5	4	8	14	3	8	3	3	6	6	3	4	9	0	2	1	9	5	6	7	1	12	5	
1271_A/goose/Taiwan/TNO9/ 3	2	1	2	4	1	4	1	1	6	0	1	2	0	0	1	6	2	4	1	6	2	1	1	5	3	0	3	6	1	15	1	3	5	9	3	6	6	5	4	2	5	4	8	14	3	8	3	3	6	6	3	4	9	0	2	1	9	5	6	7	1	12	5	
1272_A/goose/Taiwan/TNO15 3	2	1	2	4	1	4	1	1	6	0	1	2	0	0	1	6	2	4	1	6	2	1	1	5	3	0	3	6	1	15	1	3	5	9	3	6	6	5	4	2	5	4	8	14	3	8	3	3	6	6	3	4	9	0	2	1	9	5	6	7	1	12	5	
1273_A/goose/Taiwan/TNO17 3	2	1	2	4	1	4	1	1	6	0	1	2	0	0	1	6	2	4	1	6	2	1	1	5	3	0	3	6	1	15	1	3	5	9	3	6	6	5	4	2	5	4	7	14	3	8	4	3	6	6	3	4	9	0	2	2	9	5	6	6	1	12	5	
1274_A/goose/Taoyuan/1501 3	2	1	2	4	1	4	1	1	6	0	1	2	0	0	1	6	2	4	1	6	2	1	1	5	3	0	3	6	1	15	1	3	5	9	3	6	6	5	4	2	5	4	7	14	3	8	4	3	6	6	3	4	9	0	2	1	9	5	6	7	1	12	5	
1275_A/goose/Taoyuan/1812 3	3	1	2	4	0	4	1	1	6	0	1	2	0	0	1	6	2	4	1	5	2	1	1	7	3	1	3	5	1	14	1	3	5	8	2	6	6	6	5	2	4	4	8	14	4	8	3	3	7	6	3	4	8	0	2	1	9	5	5	7	1	12	6	
1276_A/goose/Xinjiang/12. 4	3	1	2	3	0	4	1	0	5	0	1	2	0	0	1	5	2	4	2	7	2	1	0	6	4	1	3	6	0	14	1	2	6	9	6	7	4	4	1	2	5	6	8	14	3	7	3	2	10	5	3	4	8	1	2	1	7	6	9	8	2	11	2	
1277_A/goose/Xinjiang/12. 4	3	1	2	3	0	4	1	0	5	0	1	2	0	0	1	5	2	4	2	7	2	1	0	6	4	1	3	6	0	14	1	2	6	9	6	7	4	4	1	2	5	6	8	14	3	7	3	2	10	5	3	4	8	1	2	1	7	6	9	8	2	11	2	
1278_A/goose/Xinjiang/12. 3	2	0	3	3	1	5	0	1	4	0	1	3	1	0	1	5	2	4	1	7	2	1	1	5	3	2	2	7	1	13	2	3	3	4	8	4	10	6	1	3	3	5	8	12	3	6	5	3	9	5	3	5	7	2	2	0	8	8	7	8	3	9	4	
1279_A/goose/Xinjiang/12. 3	2	0	3	3	1	5	0	1	4	0	1	3	1	0	1	5	2	4	1	7	2	1	1	5	3	2	2	7	1	13	2	3	3	4	8	4	10	6	1	3	3	5	8	12	3	6	5	3	9	5	3	5	7	2	2	0	8	8	7	8	3	9	4	
1280_A/goose/Xinjiang/12. 3	2	0	3	3	1	5	0	1	4	0	1	3	1	0	1	5	2	4	1	7	2	1	1	5	3	2	2	7	1	13	2	3	3	4	8	4	10	6	1	3	3	5	8	12	3	6	5	3	9	5	3	5	7	2	2	0	8	8	7	8	3	9	4	
1281_A/goose/Xinjiang/12. 3	2	0	3	3	1	5	0	1	5	0	1	3	0	0	1	5	2	4	1	7	2	1	1	5	3	2	2	7	1	13	2	3	3	4	8	4	10	6	1	3	3	5	8	12	3	6	5	3	9	5	3	5	7	2	2	0	8	8	7	8	3	9	4	
1282_A/goose/Yangzhou/042 4	2	1	2	3	2	4	1	1	5	0	1	2	0	0	1	6	2	4	1	6	2	1	1	5	3	1	3	6	1	14	1	3	5	8	6	5	6	6	1	3	5	4	5	14	3	8	6	2	7	6	3	4	8	0	2	3	7	7	7	6	3	10	4	
1283_A/goose/Yangzhou/YZ5 4	3	1	2	3	0	4	1	0	5	0	1	2	0	0	1	6	2	4	2	6	2	1	0	6	4	0	3	6	0	15	1	2	5	9	6	7	4	4	1	2	6	5	8	14	3	8	3	2	8	5	3	4	7	1	2	0	10	5	10	9	2	12	1	
1284_A/goose/Yunlin/15010 3	2	1	2	4	1	4	1	1	6	0	1	2	0	0	1	6	2	4	1	6	2	1	1	5	3	0	3	6	1	15	1	3	5	9	3	6	6	5	4	2	5	4	8	14	3	8	3	3	6	6	3	4	9	0	2	1	9	5	6	7	1	12	5	
1285_A/goose/Yunlin/15010 3	2	1	2	4	1	4	1	1	6	0	1	2	0	0	1	6	2	4	1	6	2	1	1	5	3	0	3	6	1	15	1	3	5	9	3	6	6	5	4	2	5	4	8	14	3	8	3	3	6	6	3	4	9	0	2	1	9	5	6	7	1	12	5	
1286_A/goose/Yunlin/15010 3	2	1	2	4	1	4	1	1	6	0	1	2	0	0	1	6	2	4	1	6	2	1	1	5	3	0	3	6	1	15	1	3	5	9	3	6	6	5	4	2	5	4	8	14	3	8	3	3	6	6	3	4	9	0	2	1	9	5	6	7	1	12	5	
1287_A/goose/Yunlin/15010 3	2	1	2	4	1	4	1	1	6	0	1	2	0	0	1	6	2	4	1	6	2	1	1	5	3	0	3	6	1	15	1	3	5	9	3	6	6	5	4	2	5	4	8	14	3	8	3	3	6	6	3	4	9	0	2	1	9	5	6	7	1	12	5	
1288_A/goose/Yunlin/15040 3	2	1	2	4	1	4	1	1	6	0	1	2	0	0	1	6	1	4	1	6	3	1	1	5	3	0	2	6	1	15	2	3	5	9	2	6	6	5	5	2	5	4	8	14	3	8	3	3	6	6	3	4	9	0	2	1	9	5	6	7	1	12	5	
1289_A/goose/Yunlin/16020 3	2	1	2	4	1	4	1	1	6	0	1	2	0	0	1	6	2	4	1	6	2	1	1	5	3	0	3	6	1	15	1	3	5	9	3	6	6	5	4	2	5	4	8	14	3	8	3	3	6	6	3	4	9	0	2	1	9	5	6	7	1	12	5	
1290_A/goose/Yunlin/16020 3	2	1	2	4	1	4	1	1	6	0	1	2	0	0	1	6	2	4	1	6	2	1	1	5	3	0	3	6	1	15	1	3	5	9	3	6	6	5	4	2	5	4	9	14	3	8	2	3	6	6	3	4	9	0	2	1	9	5	6	7	1	12	5	
1291_A/goose/Yunlin/16040 3	2	1	2	4	1	4	1	1	6	0	1	2	0	0	1	6	2	4	1	6	2	1	1	5	3	0	3	6	1	15	1	3	5	9	3	6	6	5	4	2	5	4	8	14	3	8	3	3	6	6	3	4	9	0	2	1	9	5	6	7	1	12	5	
1292_A/goose/Yunlin/17100 3	3	1	2	4	0	4	1	1	6	0	1	2	0	0	1	6	2	4	1	6	2	1	1	6	3	0	3	5	1	15	1	3	5	8	2	6	6	6	5	2	4	4	8	14	4	8	3	3	8	6	3	4	7	0	2	1	9	5	7	7	1	12	4	
1293_A/goose/Yunlin/18030 3	3	1	2	4	0	4	1	3	6	0	1	1	0	0	1	6	2	4	1	6	2	1	1	5	3	0	3	5	1	15	1	3	6	9	2	6	5	5	5	2	4	5	7	14	4	7	4	3	7	6	3	4	8	0	2	1	9	5	5	7	1	12	6	
1294_A/goose/Yunlin/18030 3	3	1	2	4	0	4	1	3	6	0	1	1	0	0	1	6	2	4	1	6	2	1	1	5	4	0	3	5	0	15	1	3	6	9	2	6	5	5	5	3	4	5	7	14	4	7	4	3	7	6	3	4	8	0	2	0	9	5	6	7	1	12	5	
1295_A/goose/Yunlin/18040 3	3	1	2	4	0	4	1	1	6	0	1	2	0	0	1	6	2	4	1	6	2	1	1	6	3	0	3	5	1	15	1	3	5	9	2	6	6	5	5	2	4	4	8	14	4	8	3	3	7	6	3	4	8	0	2	1	9	5	5	7	1	12	6	
1296_A/goose/Yunlin/18040 3	3	1	2	4	0	4	1	1	6	0	1	2	0	0	1	7	2	4	1	5	2	1	1	7	3	0	3	4	1	15	1	3	5	8	2	6	6	6	5	2	4	4	8	14	4	8	3	3	7	6	3	4	8	0	2	1	9	6	5	7	1	11	6	
1297_A/goose/Yunlin/18090 3	3	1	2	4	0	4	1	1	6	0	1	2	0	0	1	6	2	4	1	5	3	1	1	7	2	0	3	5	1	15	1	4	4	8	2	6	6	6	5	2	4	4	8	14	5	8	3	2	8	6	3	4	7	0	2	1	9	6	4	7	1	11	7	
1298_A/goose/Yunlin/18090 3	3	1	2	4	0	4	1	1	6	0	1	2	0	0	1	6	2	3	1	6	2	2	1	6	3	1	3	6	1	14	1	3	5	8	2	6	6	6	5	2	4	4	8	13	4	8	3	3	7	6	3	4	8	0	2	1	9	5	6	7	1	12	5	
1299_A/goose/Yunlin/18110 3	3	1	2	4	0	4	1	1	6	0	1	2	0	0	1	6	2	4	1	5	2	1	1	7	3	1	3	5	1	14	1	3	5	8	2	6	6	6	5	2	4	4	8	14	4	8	3	3	7	6	3	4	8	0	2	1	9	5	5	7	1	12	6	
1300_A/goose/Yunnan/07.14 4	3	1	2	3	0	4	1	0	5	0	1	2	0	0	1	5	2	4	2	7	2	1	0	6	4	0	2	6	0	15	1	2	5	9	6	7	5	4	1	2	5	6	8	14	3	7	4	2	7	5	4	4	8	1	2	1	9	5	7	8	3	12	3	
1301_A/goose/Yunnan/07.14 4	3	1	2	3	0	4	1	0	5	0	1	2	0	0	1	5	2	4	2	7	2	1	0	6	4	0	2	6	0	15	1	2	5	9	6	7	5	4	1	2	5	6	8	14	3	7	4	2	7	5	4	4	8	1	2	1	9	5	7	8	3	12	3	
1302_A/goose/Zhejiang/771 4	3	1	2	3	0	4	1	0	6	0	1	2	0	0	1	5	2	4	2	7	2	1	0	6	4	0	2	6	0	15	1	2	6	8	6	7	4	5	1	2	5	5	9	14	3	8	3	2	8	7	3	4	7	0	2	1	9	5	8	8	2	11	3	
1303_A/goose/Zhejiang/771 4	3	1	2	3	0	4	1	0	6	0	1	2	0	0	1	5	2	4	2	7	2	1	0	6	4	0	2	6	0	15	1	2	6	8	6	7	4	5	1	2	5	5	9	14	3	8	3	2	8	7	3	4	7	0	2	1	9	5	8	8	2	11	3	
1304_A/goose/Zhejiang/771 4	3	1	2	3	0	4	1	0	6	0	1	2	0	0	1	5	2	4	2	7	2	1	0	6	4	0	2	6	0	15	1	2	6	8	6	7	4	5	1	2	5	5	9	14	3	8	3	2	8	7	3	4	7	0	2	1	9	5	8	8	2	11	3	
1305_A/goose/Zhejiang/112 4	3	1	2	3	0	4	1	0	5	0	1	2	0	0	1	5	2	4	2	7	2	1	0	6	4	0	3	6	0	15	1	2	6	8	5	7	5	5	2	2	5	4	7	14	3	9	4	3	6	6	3	3	9	0	2	3	8	5	10	7	2	12	1	
1306_A/goose/Zhejiang/112 4	3	1	2	3	0	4	1	0	6	0	1	2	0	0	1	5	2	4	2	7	2	1	0	6	4	0	2	6	0	15	1	2	7	8	6	6	4	5	1	3	5	6	8	14	3	7	4	3	7	6	3	3	7	0	2	1	9	5	8	8	2	12	3	
1307_A/goose/Zhejiang/727 4	3	1	2	3	0	4	1	0	5	0	1	2	0	0	1	5	2	4	2	6	2	1	0	7	4	0	3	6	0	15	1	3	5	9	6	6	5	4	1	2	5	5	8	14	3	8	3	2	10	5	3	4	7	1	2	1	9	5	9	8	1	12	2	
1308_A/goose/Zhejiang/727 4	3	2	2	3	0	3	1	0	5	0	1	2	0	0	1	5	2	4	2	7	2	1	0	6	4	0	3	6	0	15	1	2	6	8	5	7	5	5	2	2	5	6	7	14	3	7	4	2	6	6	4	4	9	0	2	2	9	5	8	7	2	12	2	
1309_A/goose/Zhejiang/727 4	3	1	2	3	0	4	1	0	5	0	1	2	0	0	1	5	2	4	2	6	2	1	0	7	4	0	3	6	0	15	1	3	5	9	6	6	5	4	1	2	5	5	8	14	3	8	3	2	10	5	3	4	7	1	2	1	9	5	9	8	1	12	2	
1310_A/goose/Zhejiang/925 4	3	1	2	3	0	4	1	0	6	0	1	2	0	0	1	5	2	4	2	7	2	1	0	6	4	0	3	6	0	15	1	2	5	9	6	7	5	4	1	2	5	5	8	14	3	8	3	2	8	5	3	4	8	1	2	1	8	4	9	8	2	13	2	
1311_A/goose/Zhejiang/925 4	2	1	2	3	1	4	1	1	5	0	1	2	0	0	1	6	2	4	1	6	2	1	1	5	3	0	3	6	1	15	1	3	5	7	6	6	6	7	1	2	5	4	5	14	3	8	6	2	7	6	3	4	8	0	2	3	8	7	7	6	3	10	4	
1312_A/goose/Zhejiang/925 4	2	1	2	3	1	4	1	1	5	0	1	2	0	0	1	6	2	4	1	6	2	1	1	5	3	0	3	6	1	15	1	3	5	7	6	6	6	7	1	2	5	4	5	14	3	8	6	2	7	6	3	4	8	0	2	3	8	7	7	6	3	10	4	
1313_A/goose/Zhejiang/925 4	3	1	2	3	0	4	1	0	6	0	1	2	0	0	1	5	2	4	2	7	2	1	0	6	4	0	2	6	0	15	1	2	7	8	6	7	4	5	1	2	5	6	7	14	3	7	5	2	7	6	3	4	7	0	2	1	9	6	8	8	2	11	3	
1314_A/goose/Zhejiang/925 4	2	1	2	3	1	4	1	1	5	0	1	2	0	0	1	6	2	4	1	6	2	1	1	5	3	0	3	6	1	15	1	3	5	7	6	6	6	7	1	2	5	4	5	14	3	8	6	2	7	6	3	4	8	0	2	3	8	7	7	6	3	10	4	
1315_A/goose/Zhejiang/925 4	3	1	2	3	0	4	1	0	6	0	1	2	0	0	1	5	2	4	2	7	2	1	0	6	4	0	2	6	0	15	1	2	7	8	6	7	4	5	1	2	5	6	7	14	3	7	5	2	7	6	3	4	7	0	2	1	9	6	8	8	2	11	3	
1316_A/goose/Zhejiang/112 4	3	1	2	3	0	4	1	0	6	0	1	2	0	0	1	5	2	4	2	7	2	1	0	6	4	0	2	6	0	15	1	2	7	8	6	6	4	5	1	3	5	5	8	14	3	8	4	3	7	6	3	3	7	0	2	1	9	5	8	8	2	12	3	
1317_A/goose/Zhejiang/S12 3	2	0	3	3	1	5	0	0	4	0	1	4	1	0	1	5	2	4	1	7	2	1	1	5	3	5	2	7	1	10	2	3	3	4	8	4	10	6	1	3	3	5	8	12	3	6	5	3	8	5	3	5	8	2	2	0	8	8	7	8	3	9	4	
1318_A/Great_black-headed 4	2	1	2	3	1	4	1	0	5	0	1	2	0	0	1	5	2	4	2	7	2	1	0	6	4	1	3	6	0	14	1	2	6	8	5	6	5	5	2	3	5	5	6	14	3	8	5	3	6	6	3	3	9	0	2	2	9	5	10	7	2	12	1	
1319_A/Great_Black-headed 3	2	0	3	3	1	5	0	1	4	0	1	3	1	0	1	5	2	3	1	7	2	2	1	6	3	2	2	5	1	13	2	3	3	4	7	5	9	6	1	3	4	6	6	13	3	6	6	3	9	5	4	5	7	2	2	0	6	8	5	8	4	9	6	
1320_A/Great_black-headed 4	2	1	2	3	1	4	1	0	5	0	1	2	0	0	1	5	2	4	2	7	2	1	0	6	4	1	3	6	0	14	1	2	6	8	5	6	5	5	2	3	5	5	6	14	3	8	5	3	6	6	3	3	9	0	2	2	9	5	10	7	2	12	1	
1321_A/Great_Cormorant/Hu 4	1	0	2	2	2	5	1	2	4	0	1	1	0	0	1	7	2	3	2	6	2	2	0	6	4	5	1	5	0	9	3	4	7	4	6	3	4	8	2	2	5	4	5	14	3	10	5	4	7	4	3	4	7	3	1	3	9	7	6	4	5	10	7	
1322_A/Great_Cormorant/Hu 4	1	0	2	2	2	5	1	2	4	0	1	1	0	0	1	7	2	3	2	6	2	2	0	6	4	6	1	5	0	9	3	4	7	4	6	3	4	8	2	2	5	3	5	14	3	10	5	4	7	4	3	4	7	3	1	3	9	7	6	4	5	10	7	
1323_A/Great_Cormorant/Hu 4	1	0	2	2	2	5	1	2	4	0	1	1	0	0	1	7	2	3	2	6	2	2	0	6	4	6	1	5	0	9	3	4	7	4	6	3	4	8	2	2	5	3	5	14	3	10	5	4	7	4	3	4	7	3	1	3	9	7	6	4	5	10	7	
1324_A/Great_Cormorant/Hu 4	1	0	2	2	2	5	1	2	4	0	1	1	0	0	1	7	2	3	2	6	2	2	0	6	4	6	1	5	0	9	3	4	7	4	6	3	4	8	2	2	5	3	5	14	3	10	5	4	7	4	3	4	7	3	1	3	9	7	6	4	5	10	7	
1325_A/Great_Cormorant/Hu 4	1	0	2	2	2	5	1	2	4	0	1	1	0	0	1	7	2	3	2	6	2	2	0	6	4	6	1	5	0	9	3	4	7	4	6	3	4	8	2	2	5	3	5	14	3	10	5	4	7	4	3	4	7	3	1	3	9	7	6	4	5	10	7	
1326_A/Great_Cormorant/Hu 4	1	0	2	2	2	5	1	2	4	0	1	1	0	0	1	7	2	3	2	6	2	2	0	6	4	6	1	5	0	9	3	4	7	4	6	3	4	8	2	2	5	3	5	14	3	10	5	4	7	4	3	4	7	3	1	3	9	7	6	4	5	10	7	
1327_A/Great_Cormorant/Hu 4	1	0	2	2	2	5	1	2	4	0	1	1	0	0	1	7	2	3	2	6	2	2	0	6	4	6	1	5	0	9	3	4	7	4	6	3	4	8	2	2	5	3	5	14	3	10	5	4	7	4	3	4	7	3	1	3	9	7	6	4	5	10	7	
1328_A/Great_Cormorant/Qi 3	2	0	3	3	1	5	0	1	4	0	1	3	1	0	1	5	2	3	1	7	2	2	1	5	3	2	2	6	1	13	2	3	3	4	8	4	10	6	1	3	4	6	6	13	3	6	6	3	9	5	3	5	7	2	2	0	6	8	5	8	4	9	6	
1329_A/Great_Cormorant/Qi 3	2	0	3	3	1	5	0	1	4	0	1	3	1	0	1	5	2	3	1	7	2	2	1	5	3	2	2	6	1	13	2	3	3	4	8	4	10	6	1	3	4	6	6	13	3	6	6	3	9	5	3	5	7	2	2	0	6	8	5	8	4	9	6	
1330_A/Great_Cormorant/Qi 4	2	0	3	3	1	5	0	1	4	0	1	3	1	0	1	5	2	3	1	6	2	2	1	5	3	2	2	6	1	13	2	3	3	4	8	4	10	6	1	3	4	6	6	13	3	6	6	3	9	5	3	5	7	2	2	0	6	8	5	8	4	9	6	
1331_A/Great_Crested_Greb 3	2	0	3	3	1	5	0	1	4	0	1	3	1	0	1	5	2	4	1	6	2	1	1	5	3	2	2	7	1	13	2	3	3	4	8	5	10	6	1	2	4	5	8	13	3	6	5	3	10	5	3	5	7	2	2	2	6	7	5	6	3	10	6	
1332_A/grebe/Ningxia/SD00 3	2	0	3	3	1	5	0	1	4	0	1	4	1	0	1	5	2	4	1	7	2	1	1	4	3	4	2	7	1	11	2	3	3	4	8	4	10	6	1	3	3	4	9	12	3	6	5	3	8	5	3	5	7	2	2	0	9	8	7	8	3	9	4	
1333_A/grebe/Shaanxi/SD00 3	2	0	3	3	1	5	0	1	4	0	1	4	1	0	1	5	2	4	1	7	2	1	1	4	3	4	2	7	1	11	2	3	3	4	8	4	10	6	1	3	3	6	7	12	3	6	5	3	8	5	3	5	7	2	2	0	9	8	7	8	3	9	4	
1334_A/grebe/Shandong/SC1 3	2	0	3	3	1	5	0	0	4	0	1	4	1	0	1	5	2	4	1	7	2	1	1	5	3	4	2	7	1	11	2	3	3	4	8	4	10	6	1	3	3	5	8	12	3	6	5	3	8	5	3	5	8	2	2	0	8	8	7	8	3	9	4	
1335_A/green-winged_teal/ 3	2	0	3	3	1	5	0	0	4	0	1	4	1	0	1	5	2	4	1	7	2	1	1	5	3	4	2	7	1	11	2	3	3	4	8	4	10	6	1	3	3	5	8	12	3	6	5	3	8	5	3	5	8	2	2	0	8	8	7	8	3	9	4	
1336_A/Guangdong/1/2006|E 4	3	1	2	3	0	4	1	0	5	0	1	2	0	0	1	5	2	4	1	7	2	1	1	6	3	0	3	6	1	15	1	3	5	8	4	6	6	5	3	2	4	5	6	14	4	8	5	2	8	6	3	5	7	0	2	2	8	7	7	6	3	10	4	
1337_A/Guangdong/1/2008|E 4	3	1	2	3	0	4	1	0	5	0	1	2	0	0	1	5	2	4	1	7	2	1	1	6	3	0	3	6	1	15	1	3	5	8	4	7	6	5	3	2	4	6	6	14	4	7	5	2	8	6	3	4	7	0	2	1	8	7	7	7	3	10	4	
1338_A/Guangdong/2/2006|E 4	3	1	2	3	0	4	1	0	5	0	1	2	0	0	1	5	2	4	2	7	2	1	0	6	3	0	3	6	1	15	1	2	5	8	4	7	6	5	3	2	4	5	6	14	4	8	5	3	8	6	3	4	7	0	2	1	8	5	8	7	3	12	3	
1339_A/Guangdong/18SF020/ 5	3	1	2	2	0	4	1	0	5	0	1	2	0	0	1	5	2	4	1	7	2	1	0	6	4	0	2	6	0	15	3	3	7	9	6	6	5	4	1	2	6	5	9	14	2	8	2	2	7	5	3	4	7	1	2	1	8	5	10	8	3	12	1	
1340_A/Guangdong/12903/20 3	2	0	3	3	1	5	0	0	4	0	1	4	1	0	1	5	2	4	1	7	2	1	1	5	3	4	2	7	1	11	2	3	3	5	7	4	10	5	2	3	3	4	8	12	3	7	5	3	8	5	3	5	8	2	2	0	8	8	7	8	3	9	4	
1341_A/Guangdong/lgf/2021 3	2	0	3	3	1	5	0	0	4	0	1	4	1	0	1	5	2	4	1	7	2	1	1	5	3	4	2	7	1	11	2	3	3	4	8	4	10	6	1	3	3	4	8	12	3	7	5	3	8	5	3	5	8	2	2	0	8	8	7	8	3	9	4	
1342_A/Guangxi/1/2005|EPI 4	3	1	2	3	0	4	1	0	5	0	1	2	0	0	1	5	2	4	1	7	2	1	1	6	3	0	3	6	1	15	1	3	5	8	4	6	6	5	3	2	4	5	6	14	4	8	5	2	8	6	3	5	7	0	2	1	8	6	8	7	3	11	3	
1343_A/Guangxi/1/2005|EPI 3	2	1	2	3	0	3	1	0	4	0	1	2	0	0	1	3	2	4	1	3	1	1	1	5	3	0	3	6	0	14	1	3	5	8	3	3	4	4	3	2	4	3	6	13	3	7	5	1	7	4	3	3	6	0	1	1	7	5	7	7	2	7	3	
1344_A/Guangxi/1/2008|EPI 4	3	1	2	3	0	4	1	0	5	0	1	2	0	0	1	5	2	4	1	7	2	1	1	8	4	2	3	4	0	13	1	3	5	8	4	6	6	4	4	2	4	6	6	14	4	7	5	2	8	6	3	5	7	0	2	1	8	5	8	7	3	12	3	
1345_A/Guangxi/32797/2018 5	3	1	2	2	0	4	1	0	5	0	1	2	0	0	1	5	2	4	1	7	2	1	0	6	4	0	4	6	0	15	1	3	7	9	5	6	4	4	2	2	6	5	9	14	2	8	2	2	7	5	3	4	8	1	2	1	8	6	10	8	3	11	1	
1346_A/Guangxi/55726/2016 4	3	1	2	3	0	4	1	0	5	0	1	2	0	0	1	5	2	4	2	7	2	1	0	6	4	0	3	6	0	15	1	2	6	9	6	7	5	4	1	2	5	5	8	14	3	8	3	2	7	5	3	4	8	1	2	1	9	5	9	8	2	12	2	
1347_A/Guangzhou/39715/20 4	3	1	2	3	0	4	1	0	5	0	1	2	0	0	1	5	2	4	2	7	2	1	0	6	4	0	3	6	0	15	1	2	5	9	6	7	5	4	1	2	5	5	8	14	3	8	3	2	8	5	3	4	8	1	2	1	9	5	9	8	2	12	2	
1348_A/Guizhou/1/2009|EPI 3	3	1	2	4	0	4	1	0	5	0	1	2	0	0	1	6	1	4	1	6	3	1	1	6	3	1	3	6	1	14	1	2	6	8	4	5	5	5	3	4	4	6	6	14	4	7	5	1	8	6	3	6	7	0	2	1	8	6	8	7	3	11	3	
1349_A/GX-guilin/11151/20 3	2	0	3	3	1	5	0	0	5	0	1	4	0	0	1	5	2	4	1	7	2	1	1	5	3	5	2	7	1	10	2	3	2	4	8	4	11	6	1	3	3	5	8	12	3	6	5	3	7	5	3	5	9	2	2	0	8	8	7	8	3	9	4	
1350_A/GX-hechi/01/2021|E 4	2	0	2	2	1	5	1	1	4	0	1	2	0	0	1	5	2	4	1	7	2	1	1	4	4	4	1	6	0	11	3	5	7	4	3	4	3	8	5	2	7	6	6	14	2	7	4	4	8	4	3	2	8	3	1	3	11	8	7	6	1	9	6	
1351_A/Hangzhou/01/2021|E 3	2	0	3	3	1	5	0	0	4	0	1	4	1	0	1	6	2	4	1	6	2	1	1	5	3	5	2	7	1	10	2	3	3	4	8	4	10	6	1	3	3	4	8	12	3	7	5	3	9	5	3	5	7	2	2	0	8	8	7	8	3	9	4	
1352_A/HeFei04171/2024|EP 3	2	0	3	3	1	5	0	1	4	0	1	4	1	0	1	5	2	4	1	7	2	1	1	5	3	5	2	6	1	10	2	3	3	4	9	4	10	6	0	3	3	5	7	12	2	6	6	3	9	5	3	5	8	2	2	0	7	8	6	8	4	9	5	
1353_A/heron/Kaohsiung/15 4	2	0	3	3	1	5	0	1	4	0	1	1	1	0	1	5	2	3	1	7	2	2	1	5	3	2	2	7	1	13	2	3	4	4	6	3	9	6	3	3	3	7	7	14	4	5	5	3	7	5	3	5	8	2	2	1	6	8	5	8	4	9	6	
1354_A/heron/Taiwan/17DB0 3	3	1	2	4	0	4	1	1	6	0	1	2	0	0	1	6	2	4	1	6	2	1	1	6	3	0	3	5	1	15	1	3	4	9	2	6	7	5	5	2	4	5	8	14	4	7	3	3	7	6	3	4	8	0	2	1	9	5	6	7	1	12	5	
1355_A/Herring_Gull/Hubei 3	2	0	3	3	1	5	0	1	4	0	1	3	1	0	1	5	2	3	1	7	2	2	1	5	3	2	2	6	1	13	2	3	3	4	8	4	9	6	2	3	4	6	6	13	3	6	6	3	9	5	3	5	7	2	2	0	6	8	5	8	4	9	6	
1356_A/hill_myna/Heilongj 4	3	1	2	3	0	4	1	0	5	0	1	2	0	0	1	5	2	4	2	7	2	1	0	6	4	1	3	6	0	14	1	2	6	8	5	7	5	5	2	2	6	5	7	14	2	8	4	2	6	6	3	4	9	0	2	2	9	5	9	7	2	12	2	
1357_A/Hong_Kong/5923/201 4	3	1	2	3	0	4	1	0	5	0	1	2	0	0	1	5	2	4	2	7	2	1	0	6	4	1	3	6	0	14	1	2	6	7	6	7	5	6	1	2	5	5	7	14	3	8	4	2	7	6	3	4	8	0	2	1	9	5	8	8	2	12	3	
1358_A/Hubei/29578/2016_x 4	3	3	3	3	2	2	0	2	3	0	1	1	1	0	1	7	2	5	1	7	2	0	1	3	3	7	2	6	1	8	2	3	4	6	7	6	7	5	2	2	5	6	7	14	2	7	4	4	9	4	2	3	7	2	3	2	8	7	3	7	1	10	8	
1359_A/Hubei/29578/2016|E 4	1	0	2	2	2	5	1	1	4	0	1	3	0	0	1	5	2	3	2	7	2	2	0	6	4	5	1	4	0	10	3	5	6	4	6	3	3	8	2	2	8	3	6	14	2	10	4	4	8	4	3	4	7	3	1	3	8	9	6	4	5	8	7	
1360_A/Hunan/1/2006|EPI_I 4	3	1	2	3	0	4	1	0	5	0	1	2	0	0	1	5	2	4	1	7	2	1	1	6	3	0	3	6	1	15	1	3	5	8	4	6	6	5	3	2	4	5	6	14	4	8	5	2	8	6	3	5	7	0	2	1	8	6	8	7	3	11	3	
1361_A/Hunan/1/2008|EPI_I 4	3	1	2	3	0	4	1	0	6	0	1	2	0	0	1	5	2	4	1	7	2	1	1	6	3	0	2	6	1	15	2	3	5	8	4	6	6	5	3	2	4	5	6	14	4	8	5	2	8	6	3	5	7	0	2	1	7	7	7	7	3	10	4	
1362_A/Hunan/2/2009|EPI_I 4	3	1	2	4	0	4	1	0	5	0	1	2	0	0	1	4	1	4	1	7	3	1	1	6	3	1	3	6	1	14	1	2	6	8	4	5	5	5	3	4	4	6	6	14	4	7	5	2	8	6	3	5	7	0	2	1	8	6	8	7	3	11	3	
1363_A/Japanese_white-eye 4	3	1	2	3	0	4	1	0	5	0	1	2	0	0	1	5	2	4	2	7	2	1	0	6	4	0	3	6	0	15	1	2	6	8	5	7	5	5	2	2	6	5	7	14	2	8	4	2	6	6	3	4	9	0	2	2	9	5	9	7	2	12	2	
1364_A/Jiangsu/1/2007|EPI 4	3	1	2	3	0	4	1	0	5	0	1	2	0	0	1	5	2	4	1	7	2	1	1	6	3	0	3	6	1	15	1	3	5	8	4	7	6	5	3	2	4	4	6	14	4	9	5	2	8	6	3	4	7	0	2	1	8	7	7	7	3	10	4	
1365_A/Jiangsu/1/2018|EPI 3	3	1	2	3	0	4	1	0	5	0	1	2	0	0	1	6	2	4	1	7	2	1	0	6	4	1	1	6	0	14	4	3	6	9	6	7	4	4	1	2	6	5	10	13	2	8	2	2	8	5	4	4	8	1	1	1	8	5	10	8	2	12	1	
1366_A/Jiangsu/1/2018|EPI 3	3	1	2	3	0	4	1	0	5	0	1	2	0	0	1	6	2	4	1	7	2	1	0	6	4	2	1	6	0	13	4	3	6	9	6	7	4	4	1	2	6	5	10	13	2	8	2	2	8	5	4	4	8	1	1	1	8	5	10	8	2	12	1	
1367_A/Jiangsu/1/2020_(H5 4	3	1	2	3	0	4	1	0	5	0	1	2	0	0	1	5	2	4	1	7	3	1	0	6	3	1	1	6	0	14	4	3	6	9	6	6	4	4	1	2	6	5	10	14	2	8	1	2	8	5	4	4	8	1	1	1	8	4	10	8	3	13	1	
1368_A/Jiangsu/1/2020(H5N 4	3	1	2	3	0	4	1	0	5	0	1	2	0	0	1	5	2	4	1	7	3	1	0	6	3	1	1	6	0	14	4	3	6	9	6	6	4	4	1	2	6	5	10	14	2	8	1	2	8	5	4	4	8	1	1	1	8	4	10	8	3	13	1	
1369_A/Jiangsu/2/2007|EPI 4	3	1	2	3	0	4	1	0	5	0	1	2	0	0	1	5	2	4	1	7	2	1	1	6	3	0	3	6	1	15	1	3	5	8	4	7	6	5	3	2	4	4	6	14	4	9	5	2	8	6	3	4	7	0	2	1	8	7	7	7	3	10	4	
1370_A/Jiangsu/JSSZ01/201 3	3	1	2	3	0	4	1	0	5	0	1	2	0	0	1	6	2	4	1	7	2	1	0	6	4	1	1	6	0	14	4	3	6	9	6	6	4	4	1	2	6	5	10	14	2	8	1	2	8	5	4	4	8	1	1	1	8	5	10	8	3	12	1	
1371_A/Jiangxi/1/2005|EPI 4	3	1	2	3	0	4	1	0	5	0	1	2	0	0	1	5	2	4	1	7	2	1	1	6	3	0	3	6	1	15	1	3	5	8	4	6	6	5	3	2	4	5	6	14	4	8	5	2	8	6	3	5	7	0	2	1	8	7	7	7	3	10	4	
1372_A/Jiangxi/16791/2022 3	2	0	3	3	1	5	0	0	5	0	1	4	0	0	1	4	2	4	1	7	2	1	1	6	3	5	2	7	1	10	2	3	2	4	8	4	11	6	1	3	3	5	8	12	3	6	5	3	8	5	3	5	8	2	2	0	8	8	7	8	3	9	4	
1373_A/lesser_kestrel/Hei 4	3	1	2	3	0	4	1	0	5	0	1	2	0	0	1	5	2	4	1	7	2	1	1	5	3	1	2	7	1	15	1	3	5	8	4	6	6	5	3	2	4	5	6	14	4	8	5	2	8	6	3	5	8	0	2	1	7	7	7	7	3	10	4	
1374_A/lion/Hubei/1-2/201 4	1	0	2	2	2	5	1	2	4	0	1	1	0	0	1	7	1	3	2	6	2	2	0	6	4	6	1	5	1	9	3	4	7	4	6	3	4	8	2	2	5	3	5	14	3	10	5	4	7	5	3	4	7	2	1	3	9	7	6	4	5	10	7	
1375_A/Luscinia_cyane/Jia 4	2	1	2	3	1	4	1	1	5	0	1	2	0	0	1	6	2	4	1	6	2	1	1	5	3	0	3	6	1	15	1	3	5	8	6	6	6	6	1	2	5	4	5	14	3	8	6	2	7	6	3	4	8	0	2	3	8	7	7	6	3	10	4	
1376_A/mallard_duck/Shang 4	2	1	2	3	1	4	1	1	5	0	1	2	0	0	1	6	2	3	1	6	2	2	1	4	3	1	3	6	1	14	2	3	5	8	6	6	6	6	1	2	5	4	5	14	3	8	6	2	8	6	3	4	7	0	2	3	8	7	7	6	3	10	4	
1377_A/mallard/Heilongjia 4	2	1	2	3	1	4	1	0	5	0	1	2	0	0	1	5	2	4	2	7	2	1	0	6	3	2	3	6	1	13	1	3	5	9	4	6	6	4	3	2	4	5	7	14	4	8	4	2	8	5	3	5	7	1	3	0	7	5	6	8	4	12	4	
1378_A/Mallard/Jiangxi/JX 4	3	1	2	3	0	4	1	0	5	0	1	2	0	0	1	5	2	4	2	7	2	1	0	6	4	0	3	6	0	15	1	2	5	9	6	7	5	4	1	2	5	5	8	14	3	8	3	2	8	5	3	4	8	1	2	1	9	4	9	8	2	13	2	
1379_A/Mallard/Jiangxi/JX 4	3	1	2	3	0	4	1	0	5	0	1	2	0	0	1	5	2	4	2	7	2	1	0	6	4	0	3	6	0	15	1	2	5	9	6	7	5	4	1	2	5	5	8	14	3	8	3	2	8	5	3	4	8	1	2	1	9	4	9	8	2	13	2	
1380_A/mallard/Ningxia/17 3	1	0	3	3	2	5	0	1	4	0	1	3	1	0	1	4	2	4	1	7	2	1	1	5	3	2	2	7	1	13	2	4	4	4	8	5	9	6	1	2	4	5	8	12	3	6	5	2	9	5	3	5	7	2	2	2	8	8	5	7	2	9	6	
1381_A/mallard/Ningxia/17 3	1	0	3	3	2	5	0	1	4	0	1	3	1	0	1	4	2	4	1	7	2	1	1	5	3	2	2	7	1	13	2	4	4	4	8	5	9	6	1	2	4	5	8	12	3	6	5	2	9	5	3	5	7	2	2	2	8	8	5	7	2	9	6	
1382_A/mallard/Ningxia/23 3	1	0	3	3	2	5	0	1	4	0	1	3	1	0	1	4	2	4	1	7	2	1	1	5	3	2	2	7	1	13	2	4	4	4	8	5	9	6	1	2	4	5	8	12	3	6	5	2	9	5	3	5	7	2	2	2	8	8	5	7	2	9	6	
1383_A/mallard/Ningxia/24 3	1	0	3	3	2	5	0	1	4	0	1	3	1	0	1	4	2	4	1	7	2	1	1	5	3	2	2	7	1	13	2	4	4	4	8	5	9	6	1	2	4	5	8	12	3	6	5	2	9	5	3	5	7	2	2	2	8	8	5	7	2	9	6	
1384_A/mallard/Ningxia/24 3	1	0	3	3	2	5	0	1	4	0	1	3	1	0	1	4	2	4	1	7	2	1	1	5	3	2	2	7	1	13	2	4	4	4	8	5	9	6	1	2	4	5	8	12	3	6	5	2	9	5	3	5	7	2	2	2	8	8	5	7	2	9	6	
1385_A/mallard/Ningxia/24 3	1	0	3	3	2	5	0	1	4	0	1	3	1	0	1	4	2	4	1	7	2	1	1	5	3	2	2	7	1	13	2	4	4	4	8	5	9	6	1	2	4	5	8	12	3	6	5	2	9	5	3	5	7	2	2	2	8	8	5	7	2	9	6	
1386_A/mandarin_duck/Heil 3	2	0	3	3	1	5	0	0	4	0	1	4	1	0	1	5	2	4	1	7	2	1	1	5	3	5	2	7	1	10	2	3	3	4	8	4	10	6	1	3	4	5	8	12	2	6	5	3	8	5	3	5	8	2	2	0	8	8	7	8	3	9	4	
1387_A/mandarin_duck/Hena 3	2	0	3	3	1	5	0	0	3	0	1	5	2	0	1	5	2	4	1	7	2	1	1	5	3	5	2	6	1	10	2	3	3	4	8	4	10	6	1	3	3	5	7	12	3	6	6	3	9	5	3	5	8	2	2	0	7	8	5	8	3	9	6	
1388_A/meerkat/Shanghai/S 4	3	1	2	3	0	4	1	0	5	0	1	2	0	0	1	5	2	4	2	7	2	1	0	6	4	0	3	6	0	15	1	2	6	7	5	7	5	6	2	2	5	5	7	14	3	8	4	2	6	6	3	4	9	0	2	2	8	5	9	7	3	12	2	
1389_A/migratory_waterfow 4	3	1	2	3	0	4	1	0	6	0	1	2	0	0	1	5	2	4	2	7	2	1	0	6	4	0	2	6	0	15	1	2	7	8	6	7	4	5	1	2	5	5	8	14	3	8	4	2	7	6	3	4	7	0	2	1	9	5	7	8	2	12	4	
1390_A/migratory_waterfow 4	3	1	2	3	0	4	1	0	6	0	1	2	0	0	1	5	2	4	2	7	2	1	0	6	4	0	2	6	0	15	1	2	7	8	6	7	4	5	1	2	5	5	8	14	3	8	4	2	7	6	3	4	7	0	2	1	9	5	7	8	2	12	4	
1391_A/mink/China/181/201 4	3	2	2	3	0	3	1	0	5	0	1	2	0	0	1	5	2	4	1	7	2	1	0	6	4	0	2	6	0	15	3	3	7	8	6	6	4	5	1	2	6	5	10	14	2	8	1	2	7	5	3	4	8	1	2	1	8	5	10	8	3	12	1	
1392_A/mink/China/183/201 4	3	1	2	3	0	4	1	0	5	0	1	2	0	0	1	6	2	4	1	6	2	1	0	6	4	0	2	6	0	15	3	3	6	9	6	6	5	4	1	2	6	5	10	14	2	8	1	2	7	5	3	4	8	1	2	1	9	5	10	8	2	12	1	
1393_A/mink/China/191/201 4	3	1	2	3	0	4	1	0	5	0	1	2	0	0	1	6	2	4	1	6	2	1	0	6	4	0	2	6	0	15	3	3	6	9	6	6	5	4	1	2	6	5	10	14	2	8	1	2	6	5	3	4	8	1	2	1	9	5	10	8	3	12	1	
1394_A/mink/China/456/201 4	3	1	2	3	0	4	1	0	5	0	1	2	0	0	1	5	2	4	1	7	2	1	0	6	4	0	2	6	0	15	3	3	7	9	6	6	4	4	1	2	6	6	10	14	2	7	1	2	8	5	4	4	7	1	1	1	8	6	9	8	3	11	2	
1395_A/mink/China/G/2015| 4	3	1	2	3	0	4	1	0	5	0	1	2	0	0	1	5	2	4	2	7	2	1	0	6	4	1	3	6	0	14	1	2	6	8	7	7	5	5	0	3	5	6	7	13	3	7	4	2	7	6	3	3	8	0	2	3	9	4	9	7	2	13	2	
1396_A/mink/China/XB/2015 4	1	0	2	2	2	5	1	2	3	0	1	1	1	0	1	7	2	3	2	6	2	2	0	6	4	6	1	5	0	9	3	4	7	4	6	3	4	8	2	2	5	3	5	14	3	10	5	4	7	5	3	3	7	2	1	4	9	7	6	4	5	10	7	
1397_A/mink/Eastern_China 3	2	0	3	3	1	5	0	1	4	0	1	3	1	0	1	4	2	4	1	8	2	1	1	5	3	3	2	7	1	12	2	4	3	4	7	4	10	6	2	3	4	6	8	12	3	5	5	2	9	5	3	5	7	2	2	0	7	8	6	8	3	9	5	
1398_A/mink/Eastern_China 4	3	1	2	3	0	4	1	0	5	0	1	2	0	0	1	5	2	4	2	7	2	1	0	6	4	0	2	6	0	15	1	2	7	9	6	7	4	4	1	2	5	5	10	14	3	8	2	2	7	4	3	4	8	2	2	1	8	5	9	8	3	12	2	
1399_A/mink/Eastern_China 3	2	0	3	3	1	5	0	1	4	0	1	3	1	0	1	4	2	4	1	8	2	1	1	5	3	3	2	7	1	12	2	4	3	4	7	4	10	6	2	3	4	6	8	12	3	5	5	2	9	5	3	5	7	2	2	0	7	8	6	8	3	9	5	
1400_A/mink/Eastern_China 4	3	1	2	3	0	4	1	0	5	0	1	2	0	0	1	5	2	4	1	7	2	1	0	6	4	0	2	6	0	15	3	3	7	10	6	6	4	3	1	2	6	5	10	14	2	8	1	2	7	5	3	4	8	1	2	1	8	5	10	8	3	12	1	
1401_A/mink/Eastern_China 3	2	1	2	4	1	4	1	1	5	0	1	2	1	0	1	6	2	5	1	5	2	1	1	8	2	2	2	4	2	11	2	2	8	6	6	5	4	5	3	2	5	3	9	13	4	10	3	5	10	4	3	3	6	2	2	1	8	10	8	7	1	7	3	
1402_A/mink/Northern_Chin 3	2	0	3	3	1	5	0	1	4	0	1	3	1	0	1	5	2	4	1	7	2	1	1	5	3	3	2	7	1	12	2	3	3	4	7	4	10	6	2	3	4	6	8	12	3	5	5	3	9	5	3	5	7	2	2	0	7	8	6	8	3	9	5	
1403_A/Muscovy_duck/China 4	3	1	2	3	0	4	1	0	5	0	1	2	0	0	1	5	2	4	1	7	2	1	0	6	4	0	2	6	0	15	3	3	7	10	6	6	4	3	1	2	6	5	10	14	2	8	1	2	7	5	3	4	8	1	2	1	8	5	10	8	3	12	1	
1404_A/Muscovy_duck/China 4	3	1	2	3	0	4	1	0	5	0	1	2	0	0	1	5	2	4	1	7	2	1	0	6	4	0	2	6	0	15	3	3	7	10	6	6	4	3	1	2	6	5	10	14	2	8	1	2	7	5	3	4	8	1	2	1	8	5	10	8	3	12	1	
1405_A/muscovy/duck/Hunan 4	3	1	2	3	0	4	1	0	5	1	0	2	0	0	1	4	2	4	2	8	2	1	0	7	4	0	3	5	0	15	1	3	4	9	6	6	6	4	1	2	5	5	7	14	3	8	4	2	8	5	3	4	8	1	2	1	9	5	9	8	2	12	2	
1406_A/muscovy/duck/Hunan 4	3	1	2	3	0	4	1	0	5	1	0	2	0	0	1	4	2	4	2	8	2	1	0	7	4	0	3	5	0	15	1	2	4	9	6	7	6	4	1	2	5	5	7	14	3	8	4	2	8	5	3	4	8	1	2	1	9	5	9	8	2	12	2	
1407_A/muscovy/duck/Hunan 4	3	1	2	3	0	4	1	0	5	1	0	2	0	0	1	4	2	4	2	8	2	1	0	7	4	0	3	5	0	15	1	2	5	9	6	7	5	4	1	2	5	5	7	14	3	8	4	2	8	5	3	4	8	1	2	1	9	5	9	8	2	12	2	
1408_A/muscovy/duck/Hunan 4	3	1	2	3	0	4	1	0	5	1	0	2	0	0	1	4	2	4	2	8	2	1	0	7	4	0	3	5	0	15	1	2	4	9	6	7	6	4	1	2	5	5	7	14	3	8	4	2	8	5	3	4	8	1	2	1	9	5	9	8	2	12	2	
1409_A/muscovy/duck/Hunan 4	3	1	2	3	0	4	1	0	5	1	0	2	0	0	1	4	2	4	2	8	2	1	0	7	4	0	3	5	0	15	1	2	4	9	6	7	6	4	1	2	5	5	7	14	3	8	4	2	8	5	3	4	8	1	2	1	9	5	9	8	2	12	2	
1410_A/muscovy/duck/Hunan 4	3	2	2	4	0	3	1	0	5	1	0	2	0	0	1	4	2	4	2	7	2	1	0	7	4	0	3	5	0	15	1	2	5	9	6	7	5	4	1	2	5	5	8	14	3	8	3	2	8	5	3	4	8	1	2	1	9	5	9	8	2	12	2	
1411_A/muscovy/duck/Hunan 4	3	1	2	3	0	4	1	0	5	0	1	2	0	0	1	5	2	4	2	7	2	1	0	6	4	0	3	6	0	15	1	2	6	9	6	7	5	4	1	2	6	5	9	14	2	8	2	2	7	6	4	4	8	0	1	1	9	5	9	8	2	12	2	
1412_A/muscovy/duck/Hunan 4	3	1	2	3	0	4	1	0	5	0	1	2	0	0	1	5	2	4	2	7	2	1	0	6	4	0	3	6	0	15	1	2	6	9	6	7	5	4	1	2	6	5	9	14	2	8	2	2	7	6	4	4	8	0	1	1	9	5	9	8	2	12	2	
1413_A/muscovy/duck/Hunan 4	3	1	2	3	0	4	1	0	5	0	1	2	0	0	1	5	2	4	2	7	2	1	0	6	4	0	3	6	0	15	1	2	6	9	6	7	5	4	1	2	6	5	9	14	2	8	2	2	7	6	4	4	8	0	1	1	9	5	9	8	2	12	2	
1414_A/muscovy/duck/Hunan 4	3	1	2	3	0	4	1	0	5	0	1	2	0	0	1	5	2	4	2	7	2	1	0	6	4	0	3	6	0	15	1	2	6	9	6	7	5	4	1	2	5	5	9	14	3	8	2	2	7	6	4	4	8	0	1	1	9	5	9	8	2	12	2	
1415_A/muscovy/duck/Hunan 4	3	1	2	3	0	4	1	0	5	0	1	2	0	0	1	5	2	4	2	7	2	1	0	6	4	0	3	6	0	15	1	2	5	9	6	7	5	4	1	2	5	5	8	14	3	8	3	2	8	6	4	4	8	0	1	1	9	5	9	8	2	12	2	
1416_A/muscovy/duck/Hunan 4	3	1	2	3	0	4	1	0	5	0	1	2	0	0	1	5	2	4	2	7	2	1	0	6	4	0	3	6	0	15	1	2	5	9	6	7	5	4	1	2	5	5	8	14	3	8	3	2	8	6	4	4	8	0	1	2	9	5	9	7	2	12	2	
1417_A/muscovy/duck/Hunan 4	3	1	2	3	0	4	1	0	5	0	1	2	0	0	1	5	2	4	2	7	2	1	0	6	4	0	3	6	0	15	1	2	5	9	6	7	5	4	1	2	5	5	8	14	3	8	3	2	8	6	4	4	8	0	1	2	9	5	9	7	2	12	2	
1418_A/muscovy/duck/Hunan 4	3	1	2	3	0	4	1	0	5	0	1	2	0	0	1	5	2	4	2	7	2	1	0	6	4	0	3	6	0	15	1	2	6	9	6	7	5	4	1	2	6	5	9	14	2	8	2	2	7	6	4	4	8	0	1	1	9	5	9	8	2	12	2	
1419_A/muscovy/duck/Hunan 4	3	1	1	3	0	4	2	0	5	0	1	2	0	0	1	5	2	4	2	7	2	1	0	6	4	0	2	6	0	15	2	2	4	9	6	7	5	4	1	2	5	5	7	14	4	8	4	2	8	5	3	4	8	1	2	1	9	5	9	8	2	12	2	
1420_A/muscovy/duck/Hunan 4	3	1	2	3	0	4	1	0	5	0	1	2	0	0	1	5	2	4	2	7	2	1	0	6	4	0	3	6	0	15	1	2	6	9	6	7	5	4	1	2	6	5	9	14	2	8	2	2	7	6	4	4	8	0	1	1	9	5	9	8	2	12	2	
1421_A/muscovy/duck/Hunan 4	3	1	2	3	0	4	1	0	5	0	1	2	0	0	1	5	2	4	2	7	2	1	0	6	4	0	3	6	0	15	1	2	6	9	6	7	5	4	1	2	6	5	9	14	2	8	2	2	7	6	4	4	8	0	1	1	9	5	9	8	2	12	2	
1422_A/muscovy/duck/Hunan 4	3	1	2	3	0	4	1	0	5	1	0	2	0	0	1	5	2	4	2	7	2	1	0	7	4	0	3	5	0	15	1	2	5	9	6	7	5	4	1	2	5	5	7	14	3	8	4	2	8	5	3	4	8	1	2	1	9	5	9	8	2	12	2	
1423_A/muscovy/duck/Hunan 4	3	1	2	3	0	4	1	0	5	0	1	2	0	0	1	5	3	4	1	7	2	1	1	6	4	0	3	6	0	15	1	2	5	9	6	7	5	4	1	2	6	6	8	14	2	7	3	2	7	5	3	4	8	1	2	1	9	5	9	8	2	12	2	
1424_A/muscovy/duck/Hunan 4	3	1	2	3	0	4	1	0	5	0	1	2	0	0	1	5	3	4	1	7	2	1	1	6	4	0	3	6	0	15	1	2	5	9	6	7	5	4	1	2	6	6	8	14	2	7	3	2	7	5	3	4	8	1	2	1	9	6	9	8	2	11	2	
1425_A/muscovy/duck/Hunan 4	3	1	2	3	0	4	1	0	5	0	1	2	0	0	1	5	3	4	1	7	2	1	1	6	4	0	3	6	0	15	1	2	5	9	6	7	5	4	1	2	6	6	8	14	2	7	3	2	7	5	3	4	8	1	2	1	9	5	9	8	2	12	2	
1426_A/muscovy/duck/Hunan 4	3	1	2	3	0	4	1	0	5	0	1	2	0	0	1	5	3	4	1	7	2	1	1	6	4	0	3	6	0	15	1	2	5	9	6	7	5	4	1	2	6	6	8	14	2	7	3	2	7	5	3	4	8	1	2	1	9	5	9	8	2	12	2	
1427_A/muscovy/duck/Hunan 4	3	1	2	3	0	4	1	0	5	0	1	2	0	0	1	5	3	4	1	7	2	1	1	6	4	0	3	6	0	15	1	2	5	9	6	7	5	4	1	2	6	6	8	14	2	7	3	2	7	5	3	4	8	1	2	1	9	5	9	8	2	12	2	
1428_A/muscovy/duck/Hunan 4	3	1	2	3	0	4	1	0	5	0	1	2	0	0	1	5	3	4	1	7	2	1	1	6	4	0	3	6	0	15	1	2	5	9	6	7	5	4	1	2	6	6	8	14	2	7	3	2	7	5	3	4	8	1	2	1	9	5	9	8	2	12	2	
1429_A/muscovy/duck/Hunan 4	3	1	2	3	0	4	1	0	5	0	1	2	0	0	1	5	3	4	1	7	2	1	1	6	4	0	3	6	0	15	1	2	5	9	6	7	5	4	1	2	6	6	8	14	2	7	3	2	7	5	3	4	8	1	2	1	9	5	9	8	2	12	2	
1430_A/muscovy/duck/Hunan 4	3	1	2	3	0	4	1	0	5	0	1	2	0	0	1	5	3	4	1	7	2	1	1	6	4	0	3	6	0	15	1	2	5	9	6	7	5	4	1	2	6	6	8	14	2	7	3	2	7	5	3	4	8	1	2	1	9	5	9	8	2	12	2	
1431_A/muscovy/duck/Hunan 4	3	1	2	3	0	4	1	0	5	0	1	2	0	0	1	5	3	4	1	7	2	1	1	6	4	0	3	6	0	15	1	2	5	9	6	7	5	4	1	2	6	6	8	14	2	7	3	2	7	5	3	4	8	1	2	1	10	5	9	8	1	12	2	
1432_A/muscovy/duck/Hunan 4	3	1	2	3	0	4	1	0	5	0	1	2	0	0	1	5	3	4	1	7	2	1	1	6	4	0	3	6	0	15	1	2	5	9	6	7	5	4	1	2	6	6	8	14	2	7	3	2	7	5	3	4	8	1	2	1	9	5	9	8	2	12	2	
1433_A/muscovy/duck/Hunan 4	3	1	2	3	0	4	1	0	5	0	1	2	0	0	1	5	3	4	1	7	2	1	1	6	4	0	3	6	0	15	1	2	5	9	6	7	5	4	1	2	6	6	8	14	2	7	3	2	7	5	3	4	8	1	2	1	9	5	9	8	2	12	2	
1434_A/muscovy/duck/Hunan 4	3	1	2	3	0	4	1	0	5	0	1	2	0	0	1	5	3	4	1	7	2	1	1	6	4	0	3	6	0	15	1	2	5	9	6	7	5	4	1	2	6	6	8	14	2	7	3	2	7	5	3	4	8	1	2	1	9	5	9	8	2	12	2	
1435_A/muscovy/duck/Hunan 4	3	1	2	3	0	4	1	0	5	0	1	2	0	0	1	5	3	4	1	7	2	1	1	6	4	0	3	6	0	15	1	2	5	9	6	7	5	4	1	2	6	6	8	14	2	7	3	2	7	5	3	4	8	1	2	1	9	5	9	8	2	12	2	
1436_A/muscovy/duck/Hunan 4	3	1	2	3	0	4	1	0	5	0	1	2	0	0	1	5	3	4	1	7	2	1	1	6	4	0	3	6	0	15	1	2	5	9	6	7	5	4	1	2	6	6	8	14	2	7	3	2	7	5	3	4	8	1	2	1	9	5	9	8	2	12	2	
1437_A/muscovy/duck/Hunan 4	3	1	2	3	0	4	1	0	5	0	1	2	0	0	1	5	3	4	1	7	2	1	1	6	4	0	3	6	0	15	1	2	5	9	6	7	5	4	1	2	6	6	8	14	2	7	3	2	7	5	3	4	8	1	2	1	9	5	9	8	2	12	2	
1438_A/muscovy/duck/Hunan 4	3	1	2	3	0	4	1	0	5	0	1	2	0	0	1	5	2	4	2	7	2	1	0	6	4	0	3	6	0	15	1	2	5	9	6	6	5	4	1	3	5	5	8	14	3	8	3	2	8	5	3	4	8	1	2	1	9	5	9	8	2	12	2	
1439_A/muscovy/duck/Hunan 4	3	1	2	3	0	4	1	0	5	0	1	2	0	0	1	5	3	4	1	7	2	1	1	6	4	0	3	6	0	15	1	2	5	9	6	7	5	4	1	2	6	6	8	14	2	7	3	2	7	5	3	4	8	1	2	1	9	5	9	8	2	12	2	
1440_A/mute_swan/Inner_Mo 3	2	0	3	3	1	5	0	0	4	0	1	4	1	0	1	5	2	4	1	7	2	1	1	5	3	4	2	7	1	11	2	3	3	4	8	4	10	6	1	3	3	5	8	12	3	6	5	3	8	5	3	5	8	2	2	0	8	8	6	8	3	9	5	
1441_A/mute_swan/Shandong 3	2	0	3	3	1	5	0	0	4	0	1	4	1	0	1	5	2	4	1	7	3	1	1	5	2	4	2	7	1	11	2	3	3	4	8	4	10	6	1	3	3	5	8	12	3	6	5	3	8	5	3	5	8	2	2	0	8	8	7	8	3	9	4	
1442_A/Nanjing/1/2015|EPI 4	1	0	2	2	2	5	1	3	4	0	1	1	0	0	1	7	2	3	2	6	2	2	0	5	4	6	1	5	0	9	3	4	7	4	6	3	4	8	2	2	5	4	5	14	3	9	5	4	7	4	3	4	7	3	1	3	9	8	6	4	5	9	7	
1443_A/Northern_Pintail/H 4	3	1	2	3	0	4	1	0	5	0	1	2	0	0	1	5	2	4	2	7	2	1	0	6	4	0	3	6	0	15	1	2	7	9	6	7	4	4	1	2	5	5	8	14	3	8	3	2	8	5	2	4	8	1	3	1	8	5	9	8	2	12	2	
1444_A/oriental_magpie_ro 4	1	0	2	2	2	5	1	1	4	0	1	2	0	0	1	5	2	3	2	7	2	2	0	6	4	5	1	5	0	10	3	5	6	4	6	3	5	8	2	2	6	3	6	14	2	10	4	4	8	4	3	4	7	3	1	3	9	9	6	4	4	8	7	
1445_A/ostrich/Suzhou/097 4	3	1	2	3	0	4	1	0	5	0	1	3	0	0	1	4	2	4	1	7	2	1	1	6	3	1	4	5	1	14	0	4	7	7	6	6	4	5	1	2	4	5	6	14	4	8	5	4	8	7	3	3	7	0	2	1	8	5	8	7	3	12	3	
1446_A/parrot/Guangdong/2 4	2	1	1	3	2	4	2	1	4	0	1	1	0	0	1	7	2	4	1	6	2	1	1	5	3	4	2	6	1	11	2	3	5	4	7	4	7	6	2	2	5	7	9	14	3	5	3	2	7	6	2	5	6	1	3	0	9	9	5	10	3	8	6	
1447_A/parrot/Guangdong/C 4	3	1	2	3	0	4	1	0	5	0	1	2	0	0	1	5	2	4	1	7	2	1	1	6	3	0	3	6	1	15	1	3	6	8	5	6	5	5	2	2	4	5	6	14	4	8	5	2	8	6	3	5	7	0	2	1	8	6	8	7	3	11	3	
1448_A/Pavo_cristatus/Chi 4	4	1	2	3	0	4	1	0	4	0	1	2	0	0	1	5	2	4	2	7	2	1	0	4	4	0	3	8	0	15	1	2	6	8	6	7	4	5	1	2	5	4	8	14	3	9	3	2	8	5	3	4	8	1	2	1	9	5	9	8	2	12	2	
1449_A/Pavo_cristatus/Chi 4	4	1	2	3	0	4	1	0	4	0	1	2	0	0	1	5	2	4	2	7	2	1	0	4	4	0	3	8	0	15	1	2	6	8	6	7	4	5	1	2	5	4	8	14	3	9	3	2	8	5	3	4	8	1	2	1	9	5	9	8	2	12	2	
1450_A/Pavo_cristatus/Jia 4	3	1	2	3	0	4	1	0	5	0	1	2	0	0	1	5	2	4	2	7	2	1	0	6	4	0	3	6	0	15	1	2	5	9	6	7	5	4	1	2	5	4	8	14	3	9	3	2	8	5	3	4	7	1	2	1	10	5	9	8	2	12	2	
1451_A/peacock/Yunnan/1/2 4	1	0	2	2	2	5	1	2	4	0	1	2	0	0	1	6	2	3	2	6	2	2	0	7	4	5	1	4	0	10	3	4	7	4	6	3	4	8	2	2	5	3	5	14	3	10	5	4	7	4	3	4	7	3	1	3	9	7	6	4	5	10	7	
1452_A/peacock/Yunnan/3/2 4	1	0	2	2	2	5	1	2	4	0	1	2	0	0	1	6	2	3	2	6	2	2	0	7	4	6	1	4	0	9	3	4	7	4	6	3	4	8	2	2	5	3	5	14	3	10	5	4	7	4	3	4	7	3	1	3	9	7	6	4	5	10	7	
1453_A/Peregrine_Falcon/H 3	2	0	3	3	1	5	0	0	5	0	1	4	0	0	1	5	2	4	1	7	2	1	1	5	3	5	2	7	1	10	2	3	3	4	8	4	10	6	1	3	3	5	8	12	3	6	5	3	8	5	3	5	8	2	2	0	8	8	7	8	3	9	4	
1454_A/Phalacrocorax/Hube 4	1	0	2	2	2	5	1	2	4	0	1	1	0	0	1	7	2	3	2	6	2	2	0	6	4	6	1	5	0	9	3	4	7	4	6	3	4	8	2	2	5	3	5	14	3	10	5	4	7	4	3	4	7	3	1	3	9	7	6	4	5	10	7	
1455_A/Phalacrocorax/Hube 4	1	0	2	2	2	5	1	2	4	0	1	1	0	0	1	7	2	3	2	6	2	2	0	6	4	6	1	5	0	9	3	4	7	4	6	3	4	8	2	2	5	3	5	14	3	10	5	4	7	4	3	4	7	3	1	3	9	7	6	4	5	10	7	
1456_A/pheasant/Hebei/B02 3	2	0	3	3	1	5	0	0	4	0	1	4	1	0	1	5	2	4	1	7	2	1	1	5	3	4	2	7	1	11	2	3	3	4	8	4	9	6	1	3	3	5	8	12	3	6	5	3	8	5	3	5	9	2	2	0	8	8	7	8	3	9	4	
1457_A/pigeon/Fujian/1.17 4	2	1	2	3	1	4	1	0	5	0	1	2	0	0	1	5	2	4	2	7	2	1	0	6	4	0	3	6	0	15	1	2	5	8	5	7	5	4	3	2	5	5	8	14	3	8	3	2	8	5	2	4	9	1	3	1	8	5	9	8	2	12	2	
1458_A/pigeon/Guangdong/0 4	3	2	2	3	0	3	1	0	6	0	1	2	0	0	1	5	2	4	2	7	2	1	0	6	4	0	3	6	0	15	1	2	5	9	6	7	5	4	1	2	5	6	8	14	3	7	3	2	8	5	3	4	8	1	2	1	8	5	9	8	2	12	2	
1459_A/pigeon/Guangdong/0 4	1	0	2	2	2	5	1	1	4	0	1	2	0	0	1	5	2	3	2	7	2	2	0	6	4	5	1	5	0	10	3	5	6	4	6	3	4	8	2	2	7	3	6	14	2	10	4	4	9	4	3	4	6	3	1	3	9	9	6	4	4	8	7	
1460_A/pigeon/Guangdong/0 4	3	2	2	3	0	3	1	0	6	0	1	2	0	0	1	5	2	4	2	7	2	1	0	6	4	0	3	6	0	15	1	2	5	9	6	7	5	4	1	2	5	6	8	14	3	7	3	2	8	5	3	4	8	1	2	1	8	5	9	8	2	12	2	
1461_A/pigeon/Hainan/1.14 4	3	1	2	3	0	4	1	0	5	0	1	2	0	0	1	5	2	4	1	7	2	1	0	6	4	0	2	6	0	15	3	3	7	9	6	6	4	4	1	2	6	5	10	14	2	8	1	2	7	5	3	4	8	1	2	1	8	5	9	8	3	12	2	
1462_A/pigeon/Hubei/RP25/ 5	1	0	2	1	2	5	1	2	4	0	1	1	0	0	1	5	2	3	1	7	2	2	0	6	4	4	2	5	0	10	4	5	9	4	6	3	3	6	3	2	7	4	5	13	2	9	6	4	10	3	3	4	6	4	3	2	8	9	5	5	3	8	6	
1463_A/Pigeon/Hunan/04.14 4	3	1	2	3	0	4	1	0	6	0	1	2	0	0	1	5	2	4	2	7	2	1	0	6	3	0	2	6	1	15	1	2	7	8	6	7	4	5	1	2	5	5	8	14	3	8	4	2	7	6	3	4	7	0	2	1	9	5	8	8	2	12	3	
1464_A/pigeon/Jiangsu/12. 4	3	1	2	3	0	4	1	0	5	0	1	2	0	0	1	5	2	4	2	7	2	1	0	6	4	0	2	6	0	15	2	2	6	8	5	7	5	5	2	2	5	4	7	14	3	9	4	3	6	6	3	3	9	0	2	2	9	5	10	7	2	12	1	
1465_A/Pigeon/Jiangxi/02. 4	1	0	2	2	2	5	1	1	4	0	1	2	0	0	1	5	2	3	2	7	2	2	0	6	4	5	1	5	0	10	3	5	6	4	6	3	4	8	2	2	7	4	6	14	2	9	4	4	8	4	3	4	7	3	1	3	9	9	6	4	4	8	7	
1466_A/Pigeon/Jiangxi/04. 4	1	0	2	2	2	5	1	1	4	0	1	3	0	0	1	5	2	3	2	7	2	2	0	6	4	5	1	4	0	10	3	5	6	4	6	3	4	8	2	2	7	3	6	14	2	10	4	4	8	4	3	4	7	3	1	3	9	9	6	4	4	8	7	
1467_A/pigeon/Jiangxi/S40 3	2	0	3	3	1	5	0	0	4	0	1	4	1	0	1	5	2	4	1	7	2	1	1	4	3	4	2	8	1	11	2	4	3	4	8	4	9	6	1	2	3	5	8	12	3	5	6	3	9	5	3	5	8	2	2	0	8	8	6	8	3	9	5	
1468_A/pigeon/Jilin/04.25 4	3	1	2	3	0	4	1	0	5	0	1	2	0	0	1	5	2	4	2	7	2	1	0	6	4	0	3	6	0	15	1	3	5	9	6	6	5	4	1	2	5	6	8	14	3	8	2	2	10	5	3	4	7	1	2	1	9	5	9	8	1	12	2	
1469_A/pigeon/Jilin/04.25 4	3	1	2	3	0	4	1	0	5	0	1	2	0	0	1	5	2	4	2	7	2	1	0	6	4	0	2	6	0	15	2	2	6	8	5	7	5	5	2	2	5	5	7	14	3	8	4	3	6	6	3	3	9	0	2	2	9	5	10	7	2	12	1	
1470_A/pigeon/Jilin/S4176 4	3	1	2	3	0	4	1	0	6	0	1	2	0	0	1	6	1	4	2	7	4	1	0	6	3	0	2	5	0	15	2	1	5	7	5	7	6	6	2	3	5	5	7	14	3	8	4	3	6	6	2	3	9	0	3	3	8	6	9	6	2	11	2	
1471_A/Pigeon/Shandong/WS 3	2	0	3	3	1	5	0	1	4	0	1	4	1	0	1	5	2	4	1	7	2	1	1	4	3	4	2	7	1	11	2	3	4	4	8	4	9	6	1	3	3	5	8	12	3	6	5	3	7	5	3	5	8	2	2	0	8	8	7	8	4	9	4	
1472_A/pigeon/Sichuan/04. 4	3	1	2	3	0	4	1	0	6	0	1	2	0	0	1	5	2	4	2	7	2	1	0	6	4	0	2	6	0	15	1	2	6	8	6	7	5	5	1	2	5	5	8	14	3	8	4	2	7	6	3	4	7	0	2	1	9	5	8	8	2	12	3	
1473_A/pigeon/Sichuan/NCX 4	3	1	2	3	0	4	1	0	5	0	1	2	0	0	1	5	2	4	2	7	2	1	0	5	4	0	3	6	0	15	1	2	5	10	6	7	5	3	1	3	5	5	8	14	3	8	3	2	8	5	3	4	8	1	2	1	9	5	8	8	2	12	3	
1474_A/pigeon/Zhejiang/11 4	3	1	2	3	0	4	1	0	5	0	1	2	0	0	1	5	2	4	2	7	2	1	0	6	4	0	3	6	0	15	1	2	6	8	5	7	5	5	2	2	5	4	7	14	3	9	4	3	6	6	3	3	9	0	2	2	9	5	10	7	2	12	1	
1475_A/pigeon/Zhejiang/11 4	3	1	2	3	0	4	1	0	5	0	1	2	0	0	1	5	2	4	2	7	2	1	0	6	4	0	3	6	0	15	1	2	6	8	5	7	5	5	2	2	5	5	7	14	3	8	4	3	6	6	3	3	9	0	2	2	9	5	10	7	2	12	1	
1476_A/pigeon/Zhejiang/72 4	3	2	2	3	0	3	1	0	5	0	1	2	0	0	1	5	2	4	2	7	2	1	0	6	4	0	3	6	0	15	1	2	6	8	5	7	5	5	2	2	5	6	7	14	3	7	4	2	6	6	4	4	9	0	2	2	9	5	8	7	2	12	2	
1477_A/plateau_pika/Qingh 3	2	1	3	4	1	5	0	0	3	0	1	2	1	0	1	5	1	4	2	6	4	2	0	6	3	6	5	5	0	9	2	4	6	5	5	3	4	6	3	1	6	5	5	15	2	8	7	2	7	5	5	4	7	2	1	4	7	7	6	5	5	8	5	
1478_A/Quail/Guangxi/GX-2 4	3	1	2	4	0	5	1	0	5	0	1	2	0	0	1	4	2	4	2	7	2	1	0	5	4	0	5	6	0	15	1	2	4	9	5	7	5	4	1	2	5	4	9	14	3	9	3	2	8	5	4	4	7	1	2	1	10	4	9	8	2	11	2	
1479_A/quail/Jiangsu/k010 4	3	1	2	3	0	4	1	1	5	0	1	2	0	0	1	6	2	3	1	6	2	2	1	5	3	1	3	6	1	14	1	3	5	8	4	6	6	6	3	2	4	4	7	14	4	8	4	3	7	6	3	4	8	0	2	2	8	6	7	6	3	11	4	
1480_A/quail/Jiangxi/B9/2 4	2	1	2	3	1	4	1	1	5	0	1	2	0	0	1	6	2	4	1	6	2	1	1	5	3	0	3	6	1	15	1	3	5	8	6	6	6	6	1	2	5	4	5	14	3	8	6	2	7	6	3	4	8	0	2	3	8	7	7	6	3	10	4	
1481_A/quail/Nanchang/663 4	3	1	2	3	0	4	1	0	6	0	1	2	0	0	1	5	2	4	2	7	2	1	0	6	4	0	2	6	0	15	2	2	6	8	6	7	5	5	1	2	5	5	7	14	3	8	4	2	7	6	3	4	8	0	2	1	8	5	8	8	2	12	3	
1482_A/Quail/Zhanjiang/16 4	3	1	2	3	0	4	1	0	5	0	1	2	0	0	1	6	2	4	2	6	2	1	0	6	4	0	3	6	0	15	1	2	5	9	6	7	4	4	1	2	6	5	8	14	3	8	3	2	7	5	3	4	8	1	2	1	11	5	9	8	1	12	2	
1483_A/Quanzhou/2/2024|EP 3	2	0	3	3	1	5	0	1	4	0	1	3	1	0	1	5	2	4	1	7	2	1	1	5	3	5	2	7	1	10	2	3	2	4	8	4	11	6	1	3	3	4	7	12	3	7	6	3	8	5	3	5	8	2	2	0	8	9	7	8	3	8	4	
1484_A/Shandong/1/2009|EP 4	3	1	2	3	0	4	1	0	5	0	1	2	0	0	1	5	2	4	1	7	2	1	1	6	3	1	3	6	1	14	1	3	5	8	4	7	6	5	3	2	4	6	6	14	4	7	5	3	8	6	3	3	7	0	2	1	8	8	7	7	3	9	4	
1485_A/Shenzhen/1/2015|EP 4	1	0	2	2	2	5	1	1	4	0	1	2	0	0	1	5	2	3	2	7	2	2	0	6	4	5	1	5	0	10	3	5	6	4	6	3	4	8	2	2	7	3	6	14	2	10	4	4	9	4	3	4	6	3	1	3	9	9	6	4	4	8	7	
1486_A/Shenzhen/1/2016|EP 4	1	0	2	2	2	5	1	1	4	0	1	2	0	0	1	5	2	3	2	7	2	2	0	6	4	5	1	5	0	10	3	5	6	4	6	3	4	8	2	2	7	4	5	14	2	10	4	4	9	4	3	4	6	3	1	3	10	9	6	4	3	8	7	
1487_A/Shenzhen/TH001/201 4	1	0	2	2	2	5	1	1	4	0	1	2	0	0	1	5	2	3	2	7	2	2	0	6	4	5	1	5	0	10	3	5	6	4	6	3	4	8	2	2	7	3	6	14	2	10	4	4	9	4	3	4	6	3	1	3	9	9	6	4	4	8	7	
1488_A/Shenzhen/TH003/201 5	1	0	2	1	2	5	1	1	4	0	1	2	0	0	1	4	2	3	2	8	2	2	0	6	4	6	1	5	0	9	3	5	6	4	6	3	4	8	2	2	7	4	5	14	2	10	4	4	8	4	3	4	7	3	1	3	10	9	6	4	3	8	7	
1489_A/Shoveller/Ningxia/ 4	3	1	3	3	0	4	0	0	5	0	1	2	0	0	1	5	2	4	2	7	2	1	0	6	4	1	3	6	0	14	1	2	5	9	6	6	5	4	1	3	5	5	8	14	3	8	3	2	9	5	3	4	8	1	2	1	8	5	8	8	2	12	3	
1490_A/Sichuan/1/2006|EPI 4	3	1	2	3	0	4	1	0	5	0	1	2	0	0	1	5	2	4	1	7	2	1	1	6	3	0	3	6	1	15	1	3	5	8	4	6	6	5	3	2	4	5	6	14	4	8	5	2	7	6	3	5	8	0	2	1	8	7	7	7	3	10	4	
1491_A/Sichuan/2/2006|EPI 4	3	1	2	3	0	4	1	0	5	0	1	2	0	0	1	5	2	4	1	7	2	1	1	6	3	0	3	6	1	15	1	3	5	8	4	6	6	5	3	2	4	5	6	14	4	8	5	2	7	6	3	5	8	0	2	1	8	7	7	7	3	10	4	
1492_A/Sichuan/26221/2014 4	3	1	2	3	0	4	1	0	6	0	1	2	0	0	1	5	2	4	2	7	2	1	0	6	4	0	2	6	0	15	1	2	6	8	6	7	5	5	1	2	5	5	8	14	3	8	4	2	7	6	3	4	7	0	2	1	9	5	8	8	2	12	3	
1493_A/silkie_chicken/Don 4	3	1	2	3	0	4	1	0	5	0	1	2	0	0	1	5	2	4	2	7	2	1	0	6	4	0	3	6	0	15	1	2	5	9	6	7	5	4	1	2	5	5	8	14	3	8	3	2	8	5	3	4	8	1	2	1	10	4	9	8	1	13	2	
1494_A/Spatula_querquedul 3	2	0	3	3	1	5	0	0	3	0	1	5	2	0	1	5	2	4	1	7	2	1	1	5	3	5	2	6	1	10	2	3	3	4	8	4	10	6	1	3	3	5	7	12	3	6	6	3	9	5	3	5	8	2	2	0	8	8	6	8	2	9	5	
1495_A/Spoonbill/HK/17-18 3	2	0	3	3	1	5	0	2	5	0	1	2	0	0	1	5	2	3	1	7	2	3	1	5	3	2	2	6	1	12	2	3	3	4	8	4	10	6	1	3	4	5	8	13	3	7	4	3	8	5	3	5	8	2	2	1	6	8	6	8	3	9	5	
1496_A/spoonbill/Taiwan/D 3	2	0	3	3	1	5	0	2	5	0	1	2	0	0	1	5	2	3	1	7	2	3	1	5	3	2	2	6	1	12	2	3	3	4	8	4	10	6	1	3	4	5	8	13	3	7	4	4	8	5	3	4	8	2	2	1	6	8	6	8	3	9	5	
1497_A/spot_billed_duck/N 2	2	1	4	3	1	4	0	2	4	0	1	2	1	0	1	5	2	3	1	7	2	2	1	5	3	2	2	6	1	13	2	4	3	4	7	3	10	6	1	3	4	5	8	13	3	6	5	4	8	5	3	5	8	2	2	1	5	8	5	8	4	9	6	
1498_A/spot-billed_duck/N 2	2	1	4	3	1	4	0	2	4	0	1	2	1	0	1	5	2	3	1	7	2	2	1	5	3	2	2	6	1	13	2	4	3	4	7	3	10	6	1	3	4	5	8	13	3	6	5	4	8	5	3	5	8	2	2	1	5	8	5	8	4	9	6	
1499_A/Streptopelia_decao 4	3	1	2	3	0	4	1	0	5	0	1	2	0	0	1	5	2	4	2	7	2	1	0	6	4	0	3	6	0	15	1	2	5	9	6	7	5	4	1	2	5	5	8	14	3	9	3	2	8	5	3	4	8	1	2	1	9	4	9	8	2	12	2	
1500_A/Streptopelia_decao 4	3	1	2	3	0	4	1	0	5	0	1	2	0	0	1	5	2	4	2	7	2	1	0	6	4	0	3	6	0	15	1	2	5	9	6	7	5	4	1	2	5	5	8	14	3	9	3	2	8	5	3	4	8	1	2	1	9	4	9	8	2	12	2	
1501_A/Streptopelia_decao 4	3	1	2	3	0	4	1	0	5	0	1	2	0	0	1	5	2	4	2	7	2	1	0	6	4	0	3	6	0	15	1	2	6	9	6	7	5	4	1	2	5	5	8	14	3	8	3	2	7	5	3	4	8	1	2	1	9	4	9	8	2	13	2	
1502_A/swan_goose/Jilin/J 4	3	1	2	3	0	4	1	0	6	0	1	2	0	0	1	5	2	4	2	7	2	1	0	6	4	0	2	6	0	15	1	2	7	8	6	7	4	5	1	2	5	5	8	14	3	8	4	2	7	6	3	4	7	0	2	1	9	5	8	8	2	12	3	
1503_A/swan/China/ST/2016 3	2	0	3	3	1	5	0	1	4	0	1	3	1	0	1	5	2	4	1	7	2	1	1	5	3	2	2	7	1	13	2	3	3	4	8	4	10	6	1	3	4	5	8	12	3	6	5	3	9	5	3	5	7	2	2	0	7	8	6	8	3	9	5	
1504_A/swan/Hebei/B01/202 3	2	0	3	3	1	5	0	0	5	0	1	4	1	0	1	5	2	4	1	7	2	1	1	5	3	4	2	7	1	11	2	3	3	4	8	4	10	6	1	3	3	5	8	12	3	6	5	3	8	5	3	5	8	2	2	0	7	7	7	8	3	10	4	
1505_A/swan/Shandong/W376 3	2	0	3	3	1	5	0	1	4	0	1	3	1	0	1	5	2	4	1	6	2	1	1	5	3	2	2	7	1	13	2	4	4	4	8	5	9	6	1	2	4	5	8	12	3	6	5	2	9	5	3	5	7	2	2	2	8	8	5	7	2	9	6	
1506_A/swine/China/RZ/201 4	3	1	2	3	0	4	1	0	5	0	1	2	0	0	1	5	2	4	1	7	2	1	0	6	4	0	2	6	0	15	3	3	7	9	6	6	4	4	1	2	6	5	10	14	2	8	1	2	7	5	3	4	8	1	2	1	8	5	10	8	3	12	1	
1507_A/swine/Guangdong/1/ 4	3	1	2	3	0	4	1	0	5	0	1	2	0	0	1	5	2	4	2	7	2	1	0	6	4	0	3	6	0	15	1	2	5	9	6	7	5	4	1	2	5	5	7	14	3	8	4	2	8	5	3	4	8	2	2	1	9	4	9	8	2	12	2	
1508_A/swine/Guangdong/2/ 4	3	1	2	3	0	4	1	0	5	0	1	2	0	0	1	5	2	4	2	7	2	1	0	6	4	0	3	6	0	15	1	2	5	9	6	7	5	4	1	2	5	5	7	14	3	8	4	2	8	5	3	4	8	1	2	1	9	5	9	8	2	12	2	
1509_A/swine/Guangdong/G3 4	3	1	2	3	0	4	1	0	5	0	1	2	0	0	1	5	2	4	2	7	2	1	0	6	4	0	3	5	1	15	1	2	5	9	6	7	5	4	1	2	5	4	8	14	3	9	3	2	8	5	3	4	8	1	2	1	9	5	9	8	2	12	2	
1510_A/swine/Shandong/SD1 4	3	1	2	3	0	4	1	0	5	0	1	2	0	0	1	5	2	4	1	7	2	1	1	6	3	0	3	6	1	15	1	3	5	8	5	6	6	5	2	2	5	4	7	14	3	8	5	2	8	6	3	5	7	0	2	2	8	7	8	6	3	10	3	
1511_A/Syrrhaptes_paradox 4	3	1	2	3	0	4	1	0	5	0	1	2	0	0	1	6	2	4	2	7	2	1	0	6	4	0	3	5	0	15	1	2	6	9	6	7	5	4	1	2	5	5	8	14	3	8	3	1	7	5	3	5	8	1	2	1	9	5	9	8	2	12	2	
1512_A/Taiwan/DV413/2006| 4	2	1	2	3	1	4	1	1	4	0	1	2	1	0	1	4	1	3	1	8	4	2	0	5	2	2	3	7	1	13	1	4	4	5	7	3	5	6	1	2	7	4	6	13	3	9	6	4	9	6	3	4	8	1	1	1	7	6	9	7	2	11	4	
1513_A/Taiwan/DV518/2006| 4	2	1	2	3	1	4	1	1	4	0	1	2	1	0	1	4	1	3	1	8	4	2	0	5	2	2	3	7	1	13	1	4	4	5	7	3	5	6	1	2	7	4	6	13	3	9	6	4	9	6	3	4	8	1	1	1	7	6	9	7	2	11	4	
1514_A/thrush/Taiwan/1512 3	2	1	2	4	1	4	1	1	6	0	1	2	0	0	1	6	2	4	1	6	2	1	1	5	3	0	3	6	1	15	1	3	4	8	3	6	7	6	4	2	5	4	8	14	3	8	3	3	6	6	3	4	9	0	2	1	9	4	6	7	1	13	5	
1515_A/tiger/Yunnan/tig14 4	3	1	2	3	0	4	1	0	5	0	1	2	0	0	1	5	2	4	2	7	2	1	0	6	4	0	3	6	0	15	1	2	5	10	6	7	5	3	1	3	6	5	8	14	2	8	3	2	8	5	3	4	8	1	2	2	8	5	8	7	2	12	3	
1516_A/tiger/Yunnan/tig14 4	3	1	2	3	0	4	1	0	5	0	1	3	0	0	1	5	2	4	2	7	2	1	0	6	4	0	3	5	0	15	1	2	6	9	6	7	4	4	1	2	6	5	8	14	3	8	3	2	8	6	3	4	8	0	2	1	8	5	9	8	2	12	2	
1517_A/tiger/Yunnan/tig15 4	1	0	2	2	2	5	1	2	4	0	1	1	0	0	1	8	2	4	2	6	2	1	0	5	4	6	1	5	0	9	3	4	7	4	6	3	4	8	2	2	5	3	5	14	3	10	5	4	7	5	3	4	7	2	1	3	9	7	6	4	5	10	7	
1518_A/tundra_swan/Fujian 4	2	0	3	2	1	5	0	1	3	0	1	4	2	0	1	5	2	4	1	7	2	1	1	5	3	4	2	6	1	11	2	3	3	4	8	4	10	6	1	3	3	5	7	12	3	6	6	3	9	5	3	5	8	2	2	0	7	10	8	8	3	7	3	
1519_A/tundra_swan/Hubei/ 3	2	0	3	3	1	5	0	0	4	0	1	4	1	0	1	5	2	4	1	7	2	1	1	5	3	4	2	7	1	11	2	3	3	4	8	4	10	6	1	3	3	5	8	12	3	6	5	3	8	5	3	5	8	2	2	0	8	8	6	8	3	9	5	
1520_A/tundra_swan/Hubei/ 3	2	0	3	3	1	5	0	0	4	0	1	4	1	0	1	5	2	4	1	7	2	1	1	5	3	4	2	7	1	11	2	3	3	4	8	4	10	6	1	3	3	5	8	12	3	6	5	3	8	5	3	5	8	2	2	0	8	8	7	8	3	9	4	
1521_A/tundra_swan/Hubei/ 3	2	0	3	3	1	5	0	0	4	0	1	4	1	0	1	5	2	4	1	7	2	1	1	5	3	4	2	7	1	11	2	3	3	4	8	4	10	6	1	3	3	5	8	12	3	6	5	3	8	5	3	5	8	2	2	0	8	8	7	8	3	9	4	
1522_A/tundra_swan/Hubei/ 3	2	0	3	3	1	5	0	0	4	0	1	4	1	0	1	5	2	4	1	7	2	1	1	5	3	4	2	7	1	11	2	3	3	4	8	4	10	6	1	3	3	5	9	12	3	6	4	3	8	5	3	5	8	2	2	0	8	8	7	8	3	9	4	
1523_A/tundra_swan/Hubei/ 3	2	0	3	3	1	5	0	0	4	0	1	4	1	0	1	5	2	4	1	7	2	1	1	5	3	4	2	7	1	11	2	3	3	4	8	4	10	6	1	3	3	5	8	12	3	6	5	3	8	5	3	5	8	2	2	0	8	8	7	8	3	9	4	
1524_A/tundra_swan/Hubei/ 3	2	0	3	3	1	5	0	0	4	0	1	4	1	0	1	5	2	4	1	7	2	1	1	5	3	4	2	7	1	11	2	3	3	4	8	4	10	6	1	3	3	5	8	12	3	6	5	3	8	5	3	5	8	2	2	0	8	8	7	8	3	9	4	
1525_A/turkey/Changhua/16 3	2	1	2	4	1	4	1	1	6	0	1	2	0	0	1	6	2	4	1	6	2	1	1	5	3	0	3	6	1	15	1	3	5	9	3	6	6	5	4	2	5	4	9	14	3	8	2	3	6	6	3	4	9	0	2	1	9	5	6	7	1	12	5	
1526_A/turkey/Chiayi/1702 3	2	1	2	4	1	4	1	1	6	0	1	2	0	0	1	5	2	4	1	7	2	1	1	5	3	0	3	6	1	15	1	4	5	9	3	5	6	5	4	2	5	4	8	14	3	8	3	3	6	5	3	4	9	1	2	1	9	5	6	7	1	12	5	
1527_A/turkey/Chiayi/1801 3	3	1	2	4	0	4	1	1	6	0	1	2	0	0	1	6	2	4	1	6	2	1	1	6	3	0	3	5	1	15	1	3	5	9	2	6	6	5	5	2	4	4	8	14	4	8	3	3	7	6	3	4	8	0	2	1	9	5	5	7	1	12	6	
1528_A/turkey/Yunlin/1506 4	2	1	2	3	1	4	1	1	6	0	1	2	0	0	1	6	2	4	1	6	2	1	1	5	3	0	3	6	1	15	1	3	5	9	3	6	6	5	4	3	5	4	8	14	3	8	3	3	6	6	3	4	9	0	2	0	9	5	6	7	1	12	5	
1529_A/turkey/Yunlin/1802 3	3	1	2	4	0	4	1	1	6	0	1	2	0	0	1	6	2	4	1	6	2	1	1	6	3	0	3	5	1	15	1	3	5	9	2	6	6	5	5	2	4	4	8	14	3	8	3	3	7	6	3	4	8	0	2	1	9	5	5	7	2	12	6	
1530_A/turkey/Yunlin/1811 3	3	1	2	4	0	4	1	1	6	0	1	2	0	0	1	6	2	4	1	5	2	1	1	7	3	0	3	5	1	15	1	3	4	8	2	6	6	6	5	2	4	4	8	14	5	8	3	3	8	6	3	4	7	0	2	1	9	6	5	7	1	11	6	
1531_A/turkey/Yunlin/1812 3	3	1	2	4	0	4	1	1	6	0	1	2	0	0	1	6	2	4	1	5	2	1	1	7	3	1	3	5	1	14	1	3	5	8	2	6	6	6	5	2	4	4	8	14	4	8	3	3	7	6	3	4	8	0	2	1	9	5	5	7	1	12	6	
1532_A/turtle_dove/Guangd 4	3	1	2	3	0	4	1	0	5	0	1	2	0	0	1	5	2	4	1	7	2	1	1	6	3	0	3	6	1	15	1	3	5	8	4	6	6	5	3	2	4	5	6	14	4	8	5	2	8	6	3	5	7	0	2	1	8	7	7	7	3	10	4	
1533_A/turtle_dove/Hunan/ 4	1	0	2	2	2	5	1	2	4	0	1	1	0	0	1	7	2	3	2	6	2	2	0	6	4	6	1	5	0	9	3	4	7	5	6	3	4	7	2	2	5	3	5	14	3	10	5	4	7	4	3	4	7	3	1	3	9	7	6	4	5	10	7	
1534_A/Waterfowl/Hubei/Ch 4	3	1	2	3	0	4	1	0	6	0	1	2	0	0	1	5	2	4	2	7	2	1	0	6	4	0	2	6	0	15	1	2	7	8	6	7	4	5	1	2	5	5	8	14	3	8	4	2	7	6	3	4	7	0	2	1	9	5	7	8	2	12	4	
1535_A/Waterfowl/Hubei/Ch 4	3	1	2	3	0	4	1	0	6	0	1	2	0	0	1	5	2	4	2	7	2	1	0	6	4	0	2	6	0	15	1	2	7	8	6	7	4	5	1	2	5	5	8	14	3	8	4	2	7	6	3	4	7	0	2	1	9	5	7	8	2	12	4	
1536_A/whiskered_tern/Hub 3	2	0	3	3	1	5	0	0	4	0	1	4	1	0	1	5	2	4	1	7	2	1	1	5	3	4	2	7	1	11	2	3	3	4	8	4	10	6	1	3	3	5	8	12	3	6	5	3	8	5	3	5	8	2	2	0	8	8	7	8	3	9	4	
1537_A/white_naped_crane/ 4	4	1	2	3	0	4	1	0	4	0	1	2	0	0	1	5	2	4	2	7	2	1	0	4	4	0	3	8	0	15	1	2	6	8	6	7	4	5	1	2	5	4	8	14	3	9	3	2	8	5	3	4	8	1	2	1	9	5	9	8	2	12	2	
1538_A/White-eyed_Pochard 4	3	1	3	3	0	4	0	0	5	0	1	2	0	0	1	5	2	4	2	7	2	1	0	6	4	1	3	6	0	14	1	2	5	9	6	7	5	4	1	2	5	5	8	14	3	8	3	2	9	5	3	4	8	1	2	1	8	5	8	8	2	12	3	
1539_A/whooper_swan/Henan 3	2	0	3	3	1	5	0	0	3	0	1	5	2	0	1	5	2	4	1	7	2	1	1	5	3	5	2	6	1	10	2	3	3	4	8	4	10	6	1	3	3	5	7	12	3	6	6	3	9	5	3	5	8	2	2	0	7	8	5	8	3	9	6	
1540_A/whooper_swan/Henan 3	2	0	3	3	1	5	0	0	3	0	1	5	2	0	1	5	2	4	1	7	2	1	1	5	3	5	2	6	1	10	2	3	3	4	8	4	10	6	1	3	3	5	7	12	3	6	6	3	9	5	3	5	8	2	2	0	7	8	5	8	3	9	6	
1541_A/whooper_swan/Henan 3	2	0	3	3	1	5	0	0	3	0	1	5	2	0	1	5	2	4	1	7	2	1	1	5	3	5	2	6	1	10	2	3	3	4	8	4	10	6	1	3	3	5	7	12	3	6	6	3	9	5	3	5	8	2	2	0	7	8	5	8	3	9	6	
1542_A/whooper_swan/Henan 3	2	0	3	3	1	5	0	0	3	0	1	5	2	0	1	5	2	4	1	7	2	1	1	5	3	5	2	6	1	10	2	3	3	4	8	4	10	6	1	3	3	5	7	12	3	6	6	3	9	5	3	5	8	2	2	0	7	8	5	8	3	9	6	
1543_A/whooper_swan/Henan 3	2	0	3	3	1	5	0	0	3	0	1	5	2	0	1	5	2	4	1	7	2	1	1	5	3	5	2	6	1	10	2	3	3	4	8	4	10	6	1	3	3	5	7	12	3	6	6	3	9	5	3	5	8	2	2	0	7	8	5	8	3	9	6	
1544_A/whooper_swan/Henan 3	2	0	3	3	1	5	0	0	3	0	1	5	2	0	1	5	2	4	1	7	2	1	1	5	3	5	2	6	1	10	2	3	3	4	8	4	10	6	1	3	3	5	7	12	3	6	6	3	9	5	3	5	8	2	2	0	7	8	5	8	3	9	6	
1545_A/whooper_swan/Henan 3	2	0	3	3	1	5	0	0	4	0	1	4	1	0	1	5	2	4	1	7	2	1	1	5	3	4	2	7	1	11	2	3	3	4	7	4	10	6	2	3	3	5	9	12	3	6	4	3	8	5	3	5	8	2	2	0	8	8	7	8	3	9	4	
1546_A/whooper_swan/Henan 3	2	0	3	3	1	5	0	0	4	0	1	4	1	0	1	5	2	4	1	7	2	1	1	5	3	4	2	7	1	11	2	3	3	4	8	4	10	6	1	3	3	5	8	12	3	6	5	3	8	5	3	5	8	2	2	0	8	8	7	8	3	9	4	
1547_A/whooper_swan/Henan 3	2	0	3	3	1	5	0	0	4	0	1	4	1	0	1	5	2	4	1	7	2	1	1	5	3	4	2	7	1	11	2	3	3	4	8	4	10	6	1	3	3	5	8	12	3	6	5	3	8	5	3	5	8	2	2	0	8	8	7	8	3	9	4	
1548_A/whooper_swan/Henan 3	2	0	3	3	1	5	0	0	4	0	1	4	1	0	1	5	2	4	1	7	2	1	1	5	3	4	2	7	1	11	2	3	3	4	8	4	10	6	1	3	3	5	8	12	3	6	5	3	8	5	3	5	8	2	2	0	8	8	7	8	3	9	4	
1549_A/whooper_swan/Henan 3	2	0	3	3	1	5	0	0	4	0	1	4	1	0	1	5	2	4	1	7	2	1	1	5	3	4	2	7	1	11	2	3	3	4	8	4	10	6	1	3	3	5	9	12	3	6	4	3	8	5	3	5	8	2	2	0	8	8	7	8	3	9	4	
1550_A/whooper_swan/Henan 3	2	0	3	3	1	5	0	0	4	0	1	4	1	0	1	5	2	4	1	7	2	1	0	5	3	4	3	7	1	11	2	3	3	4	8	4	10	6	1	3	3	5	8	12	3	6	5	3	8	5	3	5	8	2	2	0	8	8	7	8	3	9	4	
1551_A/whooper_swan/Henan 3	2	0	3	3	1	5	0	0	4	0	1	4	1	0	1	5	2	4	1	7	2	1	1	5	3	4	2	7	1	11	2	3	3	4	8	4	10	6	1	3	3	5	9	12	3	6	4	3	8	5	3	5	8	2	2	0	8	8	7	8	3	9	4	
1552_A/whooper_swan/Henan 3	2	0	3	3	1	5	0	0	4	0	1	4	1	0	1	5	2	4	1	7	2	1	1	5	3	4	2	7	1	11	2	3	3	4	7	4	10	6	2	3	3	5	9	12	3	6	4	3	8	5	3	5	8	2	2	0	8	8	7	8	3	9	4	
1553_A/whooper_swan/Henan 3	2	0	3	3	1	5	0	0	4	0	1	4	1	0	1	5	2	4	1	7	2	1	1	5	3	4	2	7	1	11	2	3	3	4	7	4	10	6	2	3	3	5	9	12	3	6	4	3	8	5	3	5	8	2	2	0	8	8	7	8	3	9	4	
1554_A/whooper_swan/Henan 3	2	0	3	3	1	5	0	0	4	0	1	4	1	0	1	5	2	4	1	7	2	1	1	5	3	4	2	7	1	11	2	3	3	4	8	4	10	6	1	3	3	5	8	12	3	6	5	3	8	5	3	5	8	2	2	0	8	8	7	8	3	9	4	
1555_A/whooper_swan/Henan 3	2	0	3	3	1	5	0	0	4	0	1	4	1	0	1	5	2	4	1	7	2	1	1	5	3	4	2	7	1	11	2	3	3	4	8	4	10	6	1	3	3	5	8	12	3	6	5	3	8	5	3	5	8	2	2	0	8	8	7	8	3	9	4	
1556_A/whooper_swan/Henan 4	3	1	2	3	0	4	1	0	5	0	1	2	0	0	1	5	2	4	2	7	2	1	0	6	4	1	3	6	0	14	1	2	6	8	5	6	5	5	2	3	5	5	7	14	3	8	4	3	6	6	3	3	9	0	2	2	9	5	10	7	2	12	1	
1557_A/whooper_swan/Henan 4	3	1	2	3	0	4	1	0	5	0	1	2	0	0	1	5	2	4	2	7	2	1	0	6	4	1	3	6	0	14	1	2	6	8	5	6	5	5	2	3	5	5	7	14	3	8	4	3	6	6	3	3	9	0	2	2	9	5	10	7	2	12	1	
1558_A/whooper_swan/Henan 4	3	1	2	3	0	4	1	0	5	0	1	2	0	0	1	5	2	4	2	7	2	1	0	6	4	1	3	6	0	14	1	2	6	8	5	6	5	5	2	3	5	5	7	14	3	8	4	3	6	6	3	3	9	0	2	2	9	5	10	7	2	12	1	
1559_A/whooper_swan/Henan 4	3	1	2	3	0	4	1	0	5	0	1	2	0	0	1	5	2	4	2	7	2	1	0	6	4	1	3	6	0	14	1	2	6	8	5	6	5	5	2	3	5	5	7	14	3	8	4	3	6	6	3	3	9	0	2	2	9	5	10	7	2	12	1	
1560_A/whooper_swan/Henan 4	2	0	3	3	1	5	0	1	4	0	1	2	1	0	1	5	2	3	1	7	2	2	1	5	3	3	2	6	1	12	2	3	4	4	7	4	9	6	2	2	3	6	6	13	4	6	6	3	8	5	3	5	8	2	2	1	5	8	5	9	4	9	6	
1561_A/whooper_swan/Henan 4	2	0	3	3	1	5	0	1	4	0	1	2	1	0	1	5	2	3	1	7	2	2	1	5	3	3	2	6	1	12	2	3	4	4	7	4	9	6	2	2	3	6	6	13	4	6	6	3	8	5	3	5	8	2	2	1	5	8	5	9	4	9	6	
1562_A/whooper_swan/Henan 4	2	0	3	3	1	5	0	1	4	0	1	2	1	0	1	5	2	3	1	7	2	2	1	5	3	3	2	6	1	12	2	3	4	4	7	4	9	6	2	2	3	6	6	13	4	6	6	3	8	5	3	5	8	2	2	1	5	8	5	9	4	9	6	
1563_A/whooper_swan/Henan 4	2	0	3	3	1	5	0	1	4	0	1	2	1	0	1	5	2	3	1	7	2	2	1	5	3	3	2	6	1	12	2	3	4	4	7	4	9	6	2	2	3	6	6	13	4	6	6	3	8	5	3	5	8	2	2	1	5	8	5	9	4	9	6	
1564_A/whooper_swan/Henan 4	2	0	3	3	1	5	0	1	4	0	1	2	1	0	1	5	2	3	1	7	2	2	1	5	3	3	2	6	1	12	2	3	4	4	7	4	9	6	2	2	3	6	6	13	4	6	6	3	8	5	3	5	8	2	2	1	5	8	5	9	4	9	6	
1565_A/whooper_swan/Henan 4	2	0	3	3	1	5	0	1	4	0	1	2	1	0	1	5	2	3	1	7	2	2	1	5	3	3	2	6	1	12	2	3	4	4	7	4	9	6	2	2	3	6	6	14	4	6	6	3	8	5	3	5	8	2	2	1	5	8	5	8	4	9	6	
1566_A/whooper_swan/Inner 3	2	0	3	3	1	5	0	0	4	0	1	4	1	0	1	5	2	4	1	7	2	1	1	5	3	4	2	7	1	11	2	3	3	4	8	4	10	6	1	3	3	5	8	12	3	6	5	3	8	5	3	5	8	2	2	0	8	8	6	8	3	9	5	
1567_A/Whooper_Swan/Sanme 3	2	0	3	3	1	5	0	1	4	0	1	3	1	0	1	5	2	4	1	7	2	1	1	5	3	2	2	7	1	13	2	3	3	4	8	4	10	6	1	3	4	5	8	12	3	6	5	3	9	5	3	5	7	2	2	0	7	8	6	8	3	9	5	
1568_A/Whooper_swan/Sanme 3	2	0	3	3	1	5	0	0	4	0	1	4	1	0	1	5	2	4	1	7	2	1	1	5	3	4	2	7	1	11	2	3	3	4	8	4	10	6	1	3	3	5	8	12	3	6	5	3	8	5	3	5	8	2	2	0	8	8	7	8	3	9	4	
1569_A/Whooper_swan/Sanme 3	2	0	3	3	1	5	0	0	4	0	1	5	1	0	1	5	2	4	1	7	2	1	1	5	3	4	2	6	1	11	2	3	3	4	8	4	10	6	1	3	3	5	8	12	3	6	5	3	8	5	3	5	8	2	2	0	8	8	7	8	3	9	4	
1570_A/Whooper_swan/Sanme 3	2	0	3	3	1	5	0	0	4	0	1	4	1	0	1	5	2	4	1	7	2	1	1	5	3	4	2	7	1	11	2	3	3	4	8	4	10	6	1	3	3	5	8	12	3	6	5	3	8	5	3	5	8	2	2	0	8	8	7	8	3	9	4	
1571_A/Whooper_swan/Sanme 3	2	0	3	3	1	5	0	0	4	0	1	5	1	0	1	5	2	4	1	7	2	1	1	5	3	4	2	6	1	11	2	3	3	4	8	4	10	6	1	3	3	5	8	12	3	6	5	3	8	5	3	5	8	2	2	0	8	8	7	8	3	9	4	
1572_A/Whooper_swan/Sanme 3	2	0	3	3	1	5	0	0	4	0	1	4	1	0	1	5	2	4	1	7	2	1	1	5	3	4	2	7	1	11	2	3	3	4	8	4	10	6	1	3	3	5	8	12	3	6	5	3	7	5	3	5	9	2	2	0	8	8	7	8	3	9	4	
1573_A/Whooper_swan/Sanme 3	2	0	3	3	1	5	0	0	4	0	1	4	1	0	1	5	2	4	1	7	2	1	1	5	3	4	1	7	1	11	2	3	3	4	8	4	10	6	1	3	3	5	9	12	3	6	5	3	8	5	3	5	8	2	2	0	8	8	7	8	3	9	4	
1574_A/Whooper_swan/Sanme 3	2	0	3	3	1	5	0	0	4	0	1	4	1	0	1	5	2	4	1	7	2	1	1	5	3	4	2	7	1	11	2	3	3	4	8	4	10	6	1	3	3	5	8	12	3	6	5	3	8	5	3	5	8	2	2	0	8	8	7	8	3	9	4	
1575_A/Whooper_swan/Sanme 3	2	0	3	3	1	5	0	0	4	0	1	4	1	0	1	5	2	4	1	7	2	1	1	5	3	4	2	7	1	11	2	3	3	4	8	4	10	6	1	3	3	5	8	12	3	6	5	3	8	5	3	5	8	2	2	0	8	8	7	8	3	9	4	
1576_A/Whooper_swan/Sanme 3	2	0	3	3	1	5	0	0	4	0	1	3	1	0	1	5	2	4	1	7	2	1	1	5	3	4	2	8	1	11	2	3	3	4	8	4	10	6	1	3	3	5	8	12	3	6	5	3	8	5	3	5	8	2	2	0	8	8	7	8	3	9	4	
1577_A/Whooper_swan/Sanme 3	2	0	3	3	1	5	0	0	4	0	1	4	1	0	1	5	2	4	1	7	2	1	1	5	3	4	2	7	1	11	2	3	3	4	8	4	10	6	1	3	3	4	8	12	3	7	5	3	8	5	3	5	8	2	2	0	8	8	7	8	3	9	4	
1578_A/Whooper_swan/Sanme 3	2	0	3	3	1	5	0	0	4	0	1	4	1	0	1	5	2	4	1	7	2	1	1	5	3	4	2	7	1	11	2	3	3	4	8	4	10	6	1	3	3	5	8	12	3	6	5	3	8	5	3	5	8	2	2	0	8	8	7	8	3	9	4	
1579_A/Whooper_swan/Sanme 3	2	0	3	3	1	5	0	0	4	0	1	4	1	0	1	5	2	4	1	7	2	1	1	5	3	4	2	7	1	11	2	3	3	4	8	4	10	6	1	3	3	5	8	12	3	6	5	3	8	5	3	5	8	2	2	0	8	8	7	8	3	9	4	
1580_A/Whooper_swan/Sanme 3	2	0	3	3	1	5	0	0	4	0	1	4	1	0	1	5	2	4	1	7	2	1	1	5	3	4	2	7	1	11	2	3	3	4	8	4	10	6	1	3	3	5	8	12	3	6	5	3	8	5	3	5	8	2	2	0	8	8	7	8	3	9	4	
1581_A/Whooper_swan/Sanme 3	2	0	3	3	1	5	0	0	4	0	1	4	1	0	1	5	2	4	1	7	2	1	1	5	3	4	2	7	1	11	2	3	3	4	8	4	10	6	1	3	3	5	8	12	3	6	5	3	8	5	3	5	8	2	2	0	8	8	7	8	3	9	4	
1582_A/Whooper_swan/Sanme 3	2	0	3	3	1	5	0	0	4	0	1	4	1	0	1	5	2	4	1	7	2	1	1	5	3	4	2	7	1	11	2	3	3	4	8	4	10	6	1	3	3	5	8	12	3	6	5	3	8	5	3	5	8	2	2	0	8	8	7	8	3	9	4	
1583_A/Whooper_swan/Sanme 3	2	0	3	3	1	5	0	0	4	0	1	4	1	0	1	5	2	4	1	7	2	1	1	5	3	4	2	7	1	11	2	3	3	4	8	4	10	6	1	3	3	5	8	12	3	6	5	3	8	5	3	5	8	2	2	0	8	8	7	8	3	9	4	
1584_A/Whooper_swan/Sanme 3	2	0	3	3	1	5	0	0	4	0	1	4	1	0	1	5	2	4	1	7	2	1	1	5	3	4	2	7	1	11	2	3	3	4	8	4	10	6	1	3	3	5	8	12	3	6	5	3	8	5	3	5	8	2	2	0	8	8	7	8	3	9	4	
1585_A/Whooper_swan/Sanme 3	2	0	3	3	1	5	0	0	4	0	1	4	1	0	1	5	2	4	1	7	2	1	1	5	3	4	2	7	1	11	2	3	3	4	8	4	10	6	1	3	3	5	8	12	3	6	5	3	8	5	3	5	8	2	2	0	8	8	7	8	3	9	4	
1586_A/Whooper_swan/Sanme 3	2	0	3	3	1	5	0	0	4	0	1	4	1	0	1	5	2	4	1	7	2	1	1	5	3	4	2	7	1	11	2	3	3	3	8	4	10	7	1	3	3	5	8	12	3	6	5	3	8	5	3	5	8	2	2	0	8	8	7	8	3	9	4	
1587_A/Whooper_swan/Sanme 3	2	0	3	3	1	5	0	0	4	0	1	4	1	0	1	5	2	4	1	7	2	1	1	5	3	4	2	7	1	11	2	3	3	4	8	4	10	6	1	3	3	5	8	12	3	6	5	3	8	5	3	5	8	2	2	0	8	8	7	8	3	9	4	
1588_A/Whooper_swan/Sanme 3	2	0	3	3	1	5	0	0	4	0	1	4	1	0	1	5	2	4	1	7	2	1	1	5	3	4	2	7	1	11	2	3	3	4	8	4	10	6	1	3	3	5	8	12	3	6	5	3	8	5	3	5	8	2	2	0	8	8	7	8	3	9	4	
1589_A/Whooper_swan/Sanme 3	2	0	3	3	1	5	0	0	4	0	1	4	1	0	1	5	2	4	1	7	2	1	1	5	3	4	2	7	1	11	2	3	3	5	7	4	10	6	1	3	3	5	8	12	3	6	5	3	8	5	3	5	8	2	2	0	8	8	7	8	3	9	4	
1590_A/Whooper_swan/Sanme 3	2	0	3	3	1	5	0	0	4	0	1	4	1	0	1	5	2	4	1	7	2	1	1	5	3	4	2	7	1	11	2	3	3	4	8	4	10	6	1	3	3	5	9	12	3	6	4	3	8	5	3	5	8	2	2	0	8	8	7	8	3	9	4	
1591_A/whooper_swan/Shaan 3	2	0	3	3	1	5	0	0	4	0	1	4	1	0	1	5	2	4	1	7	2	1	1	5	3	4	2	7	1	11	2	3	3	4	8	4	10	6	1	3	3	5	8	12	3	6	5	3	8	5	3	5	8	2	2	0	8	8	7	8	3	9	4	
1592_A/whooper_swan/Shaan 3	2	0	3	3	1	5	0	0	4	0	1	4	1	0	1	5	2	4	1	7	2	1	1	5	3	4	2	7	1	11	2	3	3	4	8	4	10	6	1	3	3	5	9	12	3	6	4	3	8	5	3	5	8	2	2	0	8	8	7	8	3	9	4	
1593_A/whooper_swan/Shaan 3	2	0	3	3	1	5	0	0	4	0	1	4	1	0	1	5	2	4	1	7	2	1	1	5	3	4	2	7	1	11	2	3	3	4	8	4	10	6	1	3	3	5	9	12	3	6	4	3	8	5	3	5	8	2	2	0	8	8	7	8	3	9	4	
1594_A/whooper_swan/Shand 3	2	0	3	3	1	5	0	0	4	0	1	4	1	0	1	5	2	4	1	7	2	1	1	5	3	4	2	7	1	11	2	3	3	4	7	4	10	5	2	3	3	5	8	12	3	6	5	3	8	5	4	5	8	2	2	0	8	8	6	8	3	9	5	
1595_A/whooper_swan/Shand 3	2	0	3	3	1	5	0	0	4	0	1	4	1	0	1	5	2	4	1	7	2	1	1	5	3	4	2	7	1	11	2	3	3	4	7	4	10	5	2	3	3	5	8	12	3	6	5	3	8	5	4	5	8	2	2	0	8	8	6	8	3	9	5	
1596_A/whooper_swan/Shand 3	2	0	3	3	1	5	0	0	4	0	1	4	1	0	1	5	2	4	1	7	2	1	1	5	3	4	2	7	1	11	2	3	3	4	7	4	10	5	2	3	3	5	8	12	3	6	5	3	8	5	4	5	8	2	2	0	8	8	6	8	3	9	5	
1597_A/whooper_swan/Shand 3	2	0	3	3	1	5	0	1	4	0	1	3	1	0	1	5	2	4	1	6	2	1	1	5	3	2	2	7	1	13	2	4	4	4	8	5	9	6	1	2	4	5	8	12	3	6	5	2	9	5	3	5	7	2	2	2	8	8	6	7	2	9	5	
1598_A/whooper_swan/Shand 3	2	0	3	3	1	5	0	0	4	0	1	4	1	0	1	5	2	4	1	7	2	1	1	5	3	4	2	7	1	11	2	3	3	4	8	4	10	6	1	3	3	5	8	12	3	6	5	3	8	5	3	5	8	2	2	0	8	9	6	8	3	8	5	
1599_A/whooper_swan/Shand 3	2	0	3	3	1	5	0	0	4	0	1	4	1	0	1	5	2	4	1	7	2	1	1	5	3	4	2	7	1	11	2	3	3	4	8	4	10	6	1	3	3	5	8	12	3	6	5	3	8	5	3	5	8	2	2	0	8	8	6	8	3	9	5	
1600_A/whooper_swan/Shand 3	2	0	3	3	1	5	0	0	4	0	1	4	1	0	1	5	2	4	1	7	2	1	1	5	3	4	2	7	1	11	2	3	3	4	7	4	10	6	1	3	3	5	8	12	3	6	5	3	8	5	4	5	8	2	2	0	8	8	6	8	3	9	5	
1601_A/whooper_swan/Shanx 3	2	0	3	3	1	5	0	0	4	0	1	4	1	0	1	5	2	4	1	7	2	1	1	5	3	4	2	7	1	11	2	3	3	4	8	4	10	6	1	3	3	5	8	12	3	6	5	3	8	5	3	5	8	2	2	0	8	8	7	8	3	9	4	
1602_A/whooper_swan/Shanx 3	2	0	3	3	1	5	0	0	4	0	1	4	1	0	1	5	2	4	1	7	2	1	1	5	3	4	2	7	1	11	2	3	3	4	8	4	10	6	1	3	3	5	8	12	3	6	5	3	8	5	3	5	8	2	2	0	8	8	7	8	3	9	4	
1603_A/whooper_swan/Shanx 3	2	0	3	3	1	5	0	0	3	0	1	5	2	0	1	5	2	4	1	7	2	1	1	5	3	5	2	6	1	10	2	3	3	4	8	4	10	6	1	3	3	5	7	12	3	6	6	3	9	5	3	5	8	2	2	0	7	8	5	8	3	9	6	
1604_A/whooper_swan/Shanx 3	2	0	3	3	1	5	0	0	3	0	1	5	2	0	1	5	2	4	1	7	2	1	1	5	3	5	2	6	1	10	2	3	3	4	8	4	10	6	1	3	3	5	7	12	3	6	6	3	9	5	3	5	8	2	2	0	7	8	5	8	3	9	6	
1605_A/whooper_swan/Shanx 3	2	0	3	3	1	5	0	1	4	0	1	3	1	0	1	5	2	4	1	7	2	1	1	5	3	2	2	7	1	13	2	3	3	4	8	4	10	6	1	3	4	5	8	12	3	6	5	3	9	5	3	5	7	2	2	0	7	8	6	8	3	9	5	
1606_A/whooper_swan/Shanx 3	2	0	3	3	1	5	0	0	4	0	1	4	1	0	1	5	2	4	1	7	2	1	1	5	3	4	2	7	1	11	2	3	3	4	8	4	10	6	1	3	3	5	8	12	3	6	5	3	8	5	3	5	8	2	2	0	8	8	7	8	3	9	4	
1607_A/whooper_swan/Shanx 3	2	0	3	3	1	5	0	0	4	0	1	4	1	0	1	5	2	4	1	7	2	1	1	5	3	4	2	7	1	11	2	3	3	4	8	4	10	6	1	3	3	5	8	12	3	6	5	3	7	5	3	5	8	2	2	0	9	8	7	8	3	9	4	
1608_A/whooper_swan/Shanx 3	2	0	3	3	1	5	0	0	4	0	1	4	1	0	1	5	2	4	1	7	2	1	1	5	3	4	2	7	1	11	2	3	3	4	8	4	10	6	1	3	3	5	8	12	3	6	5	3	8	5	3	5	8	2	2	0	8	8	7	8	3	9	4	
1609_A/whooper_swan/Shanx 3	2	0	3	3	1	5	0	0	4	0	1	4	1	0	1	5	2	4	1	7	2	1	1	5	3	4	2	7	1	11	2	3	3	4	8	4	10	6	1	3	3	5	8	12	3	6	5	3	8	5	3	5	8	2	2	0	8	8	7	8	3	9	4	
1610_A/whooper_swan/Shanx 4	2	0	3	3	1	5	0	1	4	0	1	2	1	0	1	5	2	3	1	7	2	2	1	5	3	4	2	6	1	11	2	3	4	4	7	4	9	6	2	2	3	6	7	14	4	6	5	3	8	5	3	5	8	2	2	1	7	8	6	8	2	9	5	
1611_A/whooper_swan/Shanx 3	2	0	3	3	1	5	0	0	4	0	1	4	1	0	1	5	2	4	1	7	2	1	1	5	3	4	2	7	1	11	2	3	3	4	8	4	10	6	1	3	3	5	8	12	3	6	5	3	8	5	3	5	8	2	2	0	8	8	7	8	3	9	4	
1612_A/whooper_swan/Shanx 3	2	0	3	3	1	5	0	0	4	0	1	4	1	0	1	5	2	4	1	7	2	1	1	5	3	4	2	7	1	11	2	3	3	4	8	4	10	6	1	3	3	5	8	12	3	6	5	3	8	5	3	5	8	2	2	0	8	8	7	8	3	9	4	
1613_A/whooper_swan/Shanx 3	2	0	3	3	1	5	0	0	4	0	1	4	1	0	1	5	2	4	1	7	2	1	1	5	3	4	2	7	1	11	2	3	3	4	8	4	10	6	1	3	3	5	8	12	3	6	5	3	8	5	3	5	8	2	2	0	8	8	7	8	3	9	4	
1614_A/whooper_swan/Shanx 3	2	0	3	3	1	5	0	0	4	0	1	4	1	0	1	4	2	4	1	7	2	1	1	5	3	4	2	7	1	11	2	3	3	4	8	4	10	6	1	3	3	5	8	12	3	6	5	4	8	5	3	5	8	2	2	0	8	8	7	8	3	9	4	
1615_A/whooper_swan/Shanx 3	2	0	3	3	1	5	0	0	4	0	1	4	1	0	1	5	2	4	1	7	2	1	1	5	3	4	2	7	1	11	2	3	3	4	8	4	10	6	1	3	3	5	8	12	3	6	5	3	8	5	3	5	8	2	2	0	8	8	7	8	3	9	4	
1616_A/whooper_swan/Shanx 3	2	0	3	3	1	5	0	0	4	0	1	4	1	0	1	5	2	4	1	7	2	1	1	5	3	4	2	7	1	11	2	3	3	4	8	4	10	6	1	3	3	5	8	12	3	6	5	3	8	5	3	5	8	2	2	0	8	8	7	8	3	9	4	
1617_A/whooper_swan/Shanx 3	2	0	3	3	1	5	0	0	4	0	1	4	1	0	1	5	2	4	1	7	2	1	1	5	3	4	2	7	1	11	2	3	3	4	8	4	10	6	1	3	3	5	8	12	3	6	5	3	8	5	3	5	8	2	2	0	8	8	7	8	3	9	4	
1618_A/whooper_swan/Shanx 3	2	0	3	3	1	5	0	0	4	0	1	4	1	0	1	5	2	4	1	7	2	1	1	5	3	4	2	7	1	11	2	3	3	4	8	4	10	6	1	3	3	5	8	12	3	6	5	3	8	5	3	5	8	2	2	0	8	8	7	8	3	9	4	
1619_A/Wigeon/Ningxia/476 4	3	1	3	3	0	4	0	0	5	0	1	2	0	0	1	5	2	4	2	7	2	1	0	6	4	1	3	6	0	14	1	2	5	9	6	7	5	4	1	2	5	5	8	14	3	8	3	2	9	5	3	4	8	1	2	1	8	5	8	8	2	12	3	
1620_A/wild_bird/Eastern_ 4	2	0	3	3	1	5	0	1	4	0	1	1	1	0	1	5	2	3	1	7	2	2	1	5	3	2	3	7	1	13	1	3	4	4	7	4	9	6	2	2	3	6	7	14	4	6	5	3	7	5	2	5	9	2	2	1	4	8	5	9	4	9	7	
1621_A/wild_bird/Eastern_ 4	2	0	3	3	1	5	0	1	4	0	1	1	1	0	1	5	2	3	1	7	2	2	1	5	3	2	3	7	1	13	1	3	4	4	7	4	9	6	2	2	3	6	7	14	4	6	5	3	7	5	2	5	9	2	2	1	4	8	5	8	5	9	7	
1622_A/wild_bird/Eastern_ 4	2	0	3	3	1	5	0	1	4	0	1	1	1	0	1	5	2	3	1	7	2	2	1	5	3	2	3	7	1	13	1	3	4	4	7	4	9	6	2	2	3	6	7	15	4	6	5	3	7	5	2	5	9	2	2	1	4	8	5	7	5	9	7	
1623_A/wild_bird/Hubei/12 3	2	0	3	3	1	5	0	1	4	0	1	3	1	0	1	5	2	4	1	7	2	1	1	5	3	2	2	7	1	13	2	3	4	4	8	4	9	6	1	3	4	5	8	12	3	6	5	3	9	5	3	5	7	2	2	0	7	8	5	8	3	9	6	
1624_A/wild_bird/Hunan/01 4	3	1	2	3	0	4	1	0	5	0	1	2	0	0	1	5	2	4	2	7	2	1	0	6	4	0	3	6	0	15	1	2	5	9	6	7	5	4	1	2	6	4	8	14	2	9	3	2	9	5	3	4	7	1	2	1	9	6	9	8	2	11	2	
1625_A/wild_bird/Hunan/01 4	3	1	2	2	1	4	1	0	4	0	1	3	0	0	1	5	2	3	1	7	2	2	0	5	4	1	3	6	0	14	2	4	7	7	7	5	4	4	1	1	5	7	5	15	2	7	5	3	7	6	3	4	7	1	1	5	10	7	9	4	2	10	4	
1626_A/wild_bird/Hunan/02 4	4	1	2	3	0	4	1	0	4	0	1	2	0	0	1	5	2	4	2	7	2	1	0	6	4	0	3	6	0	15	1	3	5	9	6	6	5	4	1	2	5	6	6	14	3	7	5	2	8	5	3	4	8	1	2	2	9	5	9	7	2	12	2	
1627_A/wild_bird/Hunan/02 4	4	1	2	3	0	4	1	0	4	0	1	2	0	0	1	5	2	4	2	7	2	1	0	6	4	0	3	6	0	15	1	3	5	9	6	6	5	4	1	2	5	6	6	14	3	7	5	2	8	5	3	4	8	1	2	2	9	5	9	7	2	12	2	
1628_A/wild_bird/Hunan/03 4	4	1	2	3	0	4	1	0	4	0	1	2	0	0	1	5	2	4	2	7	2	1	0	6	4	0	3	6	0	15	1	3	5	9	6	6	5	4	1	2	5	6	6	14	3	7	5	2	8	5	3	4	8	1	2	2	9	5	9	7	2	12	2	
1629_A/wild_bird/Taipei/0 4	1	0	3	3	2	5	0	1	4	0	1	3	1	0	1	6	2	3	1	7	2	2	1	6	3	3	2	3	1	12	2	3	4	4	6	4	7	6	3	2	5	6	4	14	4	6	8	3	8	5	3	5	8	2	2	1	5	8	5	8	4	9	6	
1630_A/wild_bird/Zhejiang 3	2	0	3	3	1	5	0	0	4	0	1	5	1	0	1	5	2	4	1	7	2	1	1	5	3	5	2	6	1	10	2	3	3	4	8	4	10	6	1	3	3	5	7	12	3	6	6	3	9	5	3	5	8	2	2	0	7	8	6	8	3	9	5	
1631_A/wild_duck/Fujian/1 4	3	1	2	3	0	4	1	0	5	0	1	2	0	0	1	5	2	4	3	7	2	1	0	5	4	0	3	7	0	15	0	2	6	8	6	7	5	5	1	2	5	5	7	14	3	8	4	2	7	6	3	4	8	0	2	2	9	5	9	7	2	12	2	
1632_A/wild_duck/Fujian/2 4	3	1	2	3	0	4	1	0	5	0	1	2	0	0	1	5	2	4	3	7	2	1	0	5	4	0	3	7	0	15	0	2	6	8	6	7	5	5	1	2	5	5	7	14	3	8	4	2	7	6	3	4	8	0	2	2	9	5	9	7	2	12	2	
1633_A/wild_duck/Hebei/SD 3	2	0	3	3	1	5	0	0	3	0	1	5	2	0	1	5	2	4	1	7	2	1	1	5	3	5	2	6	1	10	2	3	3	4	8	4	10	6	1	3	3	5	7	12	3	6	6	3	9	5	3	5	8	2	2	1	7	9	7	7	3	8	4	
1634_A/wild_duck/Hunan/12 4	2	0	3	3	1	5	0	1	4	0	1	2	1	0	1	5	2	3	1	7	2	2	1	5	3	3	2	6	1	12	2	2	4	5	7	5	9	5	2	2	3	6	7	15	4	6	5	3	8	5	3	5	8	2	2	1	7	8	5	7	2	9	6	
1635_A/wild_duck/Jiangsu/ 3	2	0	3	3	1	5	0	0	4	0	1	4	1	0	1	5	2	4	1	7	2	1	1	5	3	4	3	7	1	11	1	3	3	4	8	4	10	6	1	3	3	5	8	12	3	6	5	3	8	5	3	5	8	2	2	0	8	8	7	8	3	9	4	
1636_A/wild_duck/Jilin/HF 4	2	1	2	3	1	4	1	0	5	0	1	2	0	0	1	5	2	4	2	7	2	1	0	6	3	2	3	6	1	13	1	3	5	9	4	6	6	4	3	2	4	5	7	14	4	8	4	2	8	5	3	5	7	1	3	0	7	5	6	8	4	12	4	
1637_A/wild_duck/Jilin/ZF 4	3	1	2	3	0	4	1	0	5	0	1	2	0	0	1	5	2	4	2	7	2	1	0	4	3	2	3	8	1	13	0	3	5	9	4	5	6	4	3	2	4	5	7	13	4	8	5	2	9	5	3	6	6	1	3	1	8	5	7	8	3	12	3	
1638_A/wild_duck/Shandong 4	3	1	2	3	0	4	1	1	5	0	1	1	0	0	2	6	2	3	1	6	2	2	1	5	3	2	2	6	1	13	2	3	7	7	6	6	4	5	2	3	5	5	6	14	3	8	5	2	8	5	4	4	7	1	1	3	9	5	7	5	2	12	4	
1639_A/wild_duck/Shandong 4	3	1	2	3	0	4	1	1	5	0	1	2	0	0	1	5	2	4	2	7	2	1	0	5	3	2	3	6	1	13	1	3	5	9	4	6	6	4	3	2	4	6	7	14	4	8	3	2	8	5	3	5	7	1	3	0	7	5	7	8	4	12	3	
1640_A/wild_duck/Shandong 4	2	1	2	3	1	4	1	1	5	0	1	2	0	0	1	6	2	4	1	6	2	1	1	5	2	2	3	6	2	13	1	3	5	8	4	6	7	6	3	2	4	4	7	14	4	7	5	3	7	6	2	4	7	0	3	2	8	5	7	6	3	12	4	
1641_A/wild_duck/Shandong 3	2	0	3	3	1	5	0	0	4	0	1	4	1	0	1	5	2	4	1	7	2	1	1	5	3	4	2	7	1	11	2	3	3	4	7	4	10	5	2	3	3	5	8	12	3	6	5	3	8	5	4	5	8	2	2	0	8	8	6	8	3	9	5	
1642_A/wild_goose/Shandon 3	2	0	3	3	1	5	0	0	4	0	1	4	1	0	1	5	2	4	1	7	2	1	1	5	3	4	2	7	1	11	2	3	3	4	8	4	10	6	1	3	3	5	8	12	3	6	5	3	8	5	3	5	8	2	2	0	8	8	6	8	3	9	5	
1643_A/wild_pigeon/Jilin/ 4	3	1	2	3	0	4	1	0	5	0	1	2	0	0	1	5	2	4	2	7	2	1	0	6	4	0	3	6	0	15	1	3	5	9	6	6	5	4	1	2	5	5	8	14	3	8	3	2	10	5	3	4	7	1	2	1	9	5	7	8	1	12	4	
1644_A/wildfowl/China/472 3	2	0	2	3	1	5	1	1	4	0	1	1	1	0	1	7	2	3	1	5	2	2	0	6	3	2	4	6	1	13	1	4	7	4	6	5	4	6	3	1	6	4	5	15	3	9	6	3	6	5	4	4	7	2	2	2	8	8	5	7	4	9	5	
1645_A/Xinjiang/1/2006|EP 4	2	1	2	3	1	4	1	0	5	0	1	2	0	0	1	4	2	4	1	8	2	1	1	6	3	0	3	6	1	15	1	2	6	8	5	6	5	5	2	2	5	5	8	15	3	8	3	2	8	6	3	5	7	0	3	1	8	6	7	7	3	11	3	
1646_A/Xinjiang/1/2009|EP 4	3	1	2	3	0	4	1	0	5	0	1	2	0	0	1	5	2	4	2	7	2	1	0	6	3	0	3	6	1	15	1	2	5	8	4	7	6	5	3	2	4	5	6	14	4	8	5	3	8	6	3	4	7	0	2	1	8	5	8	7	3	12	3	
1647_A/Yunnan/14563/2015| 3	1	1	2	3	2	4	1	2	4	0	1	2	0	0	1	5	2	4	2	7	2	1	0	6	4	5	2	4	0	10	2	5	7	4	6	3	3	8	2	2	5	2	6	14	3	11	4	4	8	4	3	4	8	3	1	3	9	7	6	4	4	10	7	
1648_A/Yunnan/DQ002/2015( 3	1	1	2	3	2	4	1	2	4	0	1	2	0	0	1	5	2	4	2	7	2	1	0	6	4	5	2	4	0	10	2	5	7	5	6	3	3	7	2	2	5	2	6	14	3	11	4	4	8	4	3	4	8	3	1	3	9	7	6	4	4	10	7	
1649_A/Zhejiang/1/2006|EP 4	3	1	2	3	0	4	1	0	5	0	1	2	0	0	1	5	2	4	1	7	2	1	1	6	3	0	3	6	1	15	1	3	5	8	4	6	6	5	3	2	4	5	6	14	4	8	5	2	8	6	3	5	7	0	2	1	8	7	7	7	3	10	4	
1650_A/Anas_platyrhynchos 3	2	0	3	3	1	5	0	0	3	0	1	5	2	0	1	5	2	4	1	7	2	1	1	5	3	5	2	6	1	10	2	3	3	4	8	4	10	6	1	3	3	5	7	12	3	6	6	3	9	5	3	5	8	2	2	0	8	8	6	8	2	9	5	
1651_A/Anas_crecca/Hubei/ 4	3	1	2	3	0	4	1	0	6	0	1	2	0	0	1	5	2	4	2	7	3	1	0	6	4	0	2	6	0	15	1	2	7	8	6	7	3	5	1	2	5	5	8	14	3	8	4	2	7	6	3	4	7	1	1	1	9	5	7	8	2	12	4	
1652_A/Anhui/1/2006_H5N1| 3	2	1	2	3	0	3	1	0	4	0	1	2	0	0	1	3	2	4	1	3	1	1	1	5	3	0	3	6	0	14	1	3	5	8	3	3	4	4	3	2	4	3	6	13	3	7	5	1	7	4	3	3	6	0	1	2	7	5	7	6	2	7	3	
1653_A/Anhui/1/2007_H5N1| 3	2	1	2	3	0	3	1	0	4	0	1	2	0	0	1	3	2	4	1	3	1	1	1	5	3	0	3	6	0	14	1	3	5	8	3	3	4	4	3	2	5	3	6	13	2	7	5	1	7	4	3	3	6	0	1	1	7	5	7	7	2	7	3	
1654_A/Anhui/2/2005_H5N1| 4	3	1	2	3	0	4	1	0	5	0	1	2	0	0	1	5	2	4	1	7	2	1	1	6	3	0	3	6	1	15	1	3	5	8	4	6	6	5	3	2	4	5	6	14	4	8	5	2	8	6	3	5	7	0	2	1	8	7	7	7	3	10	4	
1655_A/Anser_cygnoides/Ch 5	3	1	2	3	0	4	1	0	5	0	1	2	0	0	1	4	2	4	2	7	2	1	0	6	4	0	3	6	0	15	1	2	5	10	6	7	5	3	1	2	5	5	8	14	3	8	3	2	8	5	3	4	8	1	2	1	9	6	8	8	2	11	3	
1656_A/Anser_cygnoides/Hu 4	2	0	3	3	1	5	0	2	4	0	1	3	1	0	1	4	2	4	1	7	2	1	1	4	3	2	2	7	1	13	2	3	4	4	8	4	9	6	1	3	4	5	8	12	3	6	5	3	9	5	3	5	7	2	2	0	7	8	5	8	3	9	6	
1657_A/Anser_fabalis/jiuj 3	2	0	3	3	1	5	0	0	3	0	1	5	2	0	1	5	2	4	1	7	2	1	1	5	3	5	2	6	1	10	2	3	3	4	8	4	10	6	1	3	3	5	7	12	3	6	6	3	9	5	3	5	8	2	2	0	8	8	6	8	2	9	5	
1658_A/Anser_fabalis/jiuj 3	2	0	3	3	1	5	0	0	3	0	1	5	2	0	1	5	2	4	1	7	2	1	1	5	3	5	2	6	1	10	2	3	3	4	8	4	10	6	1	3	3	5	7	12	3	6	6	3	9	5	3	5	8	2	2	0	8	8	6	8	2	9	5	
1659_A/Anser_fabalis/jiuj 3	2	0	3	3	1	5	0	0	3	0	1	5	2	0	1	5	2	4	1	7	2	1	1	5	3	5	2	6	1	10	2	3	3	4	8	4	10	6	1	3	3	5	7	12	3	6	6	3	9	5	3	5	8	2	2	0	8	8	6	8	2	9	5	
1660_A/Bulbul/Taiwan/0115 3	2	1	2	4	1	4	1	1	6	0	1	2	0	0	1	6	2	4	1	6	2	1	1	5	3	0	3	6	1	15	1	3	5	9	3	6	6	5	4	2	4	4	8	14	4	8	3	3	6	6	3	4	9	0	2	1	9	5	6	7	1	12	5	
1661_A/Changsha/1/2014_H5 4	3	1	2	3	0	4	1	0	5	0	1	2	0	0	1	5	2	4	2	7	2	1	0	6	4	0	3	6	0	15	1	2	5	9	6	7	5	4	1	2	5	5	8	14	3	8	3	2	8	5	3	4	8	1	2	1	9	5	8	8	2	12	3	
1662_A/China/Original/201 3	3	1	2	3	0	4	1	0	5	0	1	2	0	0	1	6	2	4	1	7	2	1	0	6	4	1	1	6	0	14	4	3	6	9	6	6	4	4	1	2	6	5	10	14	2	8	1	2	8	5	4	4	8	1	1	1	8	5	10	8	3	12	1	
1663_A/Chlidonias_hybrida 3	2	0	3	3	1	5	0	0	4	0	1	4	1	0	1	5	2	4	1	7	2	1	1	5	3	4	2	7	1	11	2	3	3	4	8	4	10	6	1	3	3	5	8	12	3	6	5	3	8	5	3	5	8	2	2	0	8	8	7	8	3	9	4	
1664_A/Commom_Teal/Ningxi 4	3	1	3	3	0	4	0	0	5	0	1	2	0	0	1	5	2	4	2	7	2	1	0	6	4	1	3	6	0	14	1	2	5	8	6	7	5	5	1	2	5	5	8	14	3	8	3	2	9	5	3	4	8	1	2	1	8	5	8	8	2	12	3	
1665_A/Copsychus_saularis 4	3	1	2	3	0	4	1	0	5	0	1	2	0	0	1	5	2	4	2	7	2	1	0	6	4	0	3	6	0	15	1	2	4	10	6	7	6	3	1	2	5	5	8	14	3	8	3	2	8	5	3	4	8	1	2	1	9	5	8	8	2	12	3	
1666_A/Cygnus_atratus/Hub 3	2	0	3	3	1	5	0	1	4	0	1	3	1	0	1	5	2	4	1	7	2	1	1	5	3	2	2	7	1	13	2	3	5	4	8	5	8	6	1	2	4	5	7	13	3	6	6	3	9	5	3	4	7	2	2	1	6	8	6	8	3	9	5	
1667_A/Cygnus_atratus/Hub 3	2	0	3	3	1	5	0	2	4	0	1	3	1	0	1	5	2	4	1	7	2	1	1	4	3	2	2	7	1	13	2	3	4	4	8	4	9	6	1	3	4	5	8	12	3	6	5	3	9	5	3	5	7	2	2	0	7	8	6	8	3	9	5	
1668_A/Cygnus_columbianus 3	2	0	3	3	1	5	0	0	4	0	1	4	1	0	1	5	2	4	1	7	2	1	1	5	3	4	2	7	1	11	2	3	3	4	8	4	10	6	1	3	3	5	8	12	3	6	5	3	8	5	3	5	8	2	2	0	8	8	7	8	3	9	4	
1669_A/Cygnus_columbianus 3	2	0	3	3	1	5	0	0	4	0	1	4	1	0	1	5	2	4	1	7	2	1	1	5	3	4	2	7	1	11	2	3	3	4	8	4	10	6	1	3	3	5	8	12	3	6	5	3	8	5	3	5	8	2	2	0	8	8	7	8	3	9	4	
1670_A/Cygnus_columbianus 3	2	0	3	3	1	5	0	0	4	0	1	4	1	0	1	5	2	4	1	7	2	1	1	5	3	4	2	7	1	11	2	3	3	4	8	4	10	6	1	3	3	5	8	12	3	6	5	3	8	5	3	5	8	2	2	0	8	8	6	8	3	9	5	
1671_A/Cygnus_columbianus 3	2	0	3	3	1	5	0	0	4	0	1	4	1	0	1	5	2	4	1	7	2	1	1	5	3	4	2	7	1	11	2	3	3	4	8	4	10	6	1	3	3	5	8	12	3	6	5	3	8	5	3	5	8	2	2	0	8	8	7	8	3	9	4	
1672_A/Cygnus_columbianus 3	2	0	3	3	1	5	0	0	4	0	1	4	1	0	1	5	2	4	1	7	2	1	1	5	3	4	2	7	1	11	2	3	3	4	8	4	10	6	1	3	3	5	9	12	3	6	4	3	8	5	3	5	8	2	2	0	8	8	7	8	3	9	4	
1673_A/Cygnus_columbianus 3	2	0	3	3	1	5	0	0	4	0	1	4	1	0	1	5	2	4	1	7	2	1	1	5	3	4	2	7	1	11	2	3	3	4	8	4	10	6	1	3	3	5	8	12	3	6	5	3	8	5	3	5	8	2	2	0	8	8	7	8	3	9	4	
1674_A/Cygnus_columbianus 3	2	0	3	3	1	5	0	0	4	0	1	4	1	0	1	5	2	4	1	7	2	1	1	5	3	4	2	7	1	11	2	3	3	4	8	4	10	6	1	3	3	5	8	12	3	6	5	3	8	5	3	5	8	2	2	0	8	8	7	8	3	9	4	
1675_A/Duck/Dongting/D76- 4	2	0	3	3	1	5	0	1	4	0	1	2	1	0	1	5	2	3	1	7	2	2	1	5	3	3	2	6	1	12	2	2	4	5	7	5	9	5	2	2	3	6	7	15	4	6	5	3	8	5	3	5	8	2	2	1	6	8	5	7	3	9	6	
1676_A/Duck/Jiangxi/631/2 3	2	0	3	3	1	5	0	0	3	0	1	5	2	0	1	5	2	4	1	7	2	1	1	5	3	5	2	6	1	10	2	3	3	4	7	4	10	6	2	3	3	5	7	12	3	6	6	3	9	5	3	5	8	2	2	0	8	7	6	8	2	10	5	
1677_A/Falcated_Duck/Ning 4	3	1	3	3	0	4	0	0	5	0	1	2	0	0	1	5	2	4	2	7	2	1	0	6	4	1	3	6	0	14	1	2	5	9	6	7	5	4	1	2	5	5	8	14	3	8	3	2	9	5	3	4	8	1	2	1	8	5	8	8	2	12	3	
1678_A/Ferruginous_Pochar 4	3	1	3	3	0	4	0	0	5	0	1	2	0	0	1	5	2	4	2	7	2	1	0	6	4	1	3	6	0	14	1	2	5	9	6	7	5	4	1	2	5	5	8	14	3	8	3	2	9	5	3	4	8	1	2	1	8	5	8	8	2	12	3	
1679_A/Gadwall/Ningxia/47 4	3	1	3	3	0	4	0	0	5	0	1	2	0	0	1	5	2	4	2	7	2	1	0	6	4	1	3	6	0	14	1	2	5	9	6	7	5	4	1	2	5	5	8	14	3	8	3	2	9	5	3	4	8	1	2	1	8	5	8	8	2	12	3	
1680_A/Gallinula_chloropu 4	2	1	2	3	1	4	1	1	4	0	1	2	0	0	1	5	2	3	2	7	2	2	0	6	4	0	3	6	0	15	1	2	5	9	6	7	5	4	1	2	5	4	9	14	3	8	3	2	8	6	3	3	9	0	2	1	8	5	9	8	3	12	2	
1681_A/Guangdong/1/2008_H 3	2	1	2	3	0	3	1	0	4	0	1	2	0	0	1	3	2	4	1	3	1	1	1	5	3	0	3	6	0	14	1	3	5	8	3	4	4	4	3	2	4	3	6	13	3	7	5	1	7	4	3	2	6	0	1	1	7	5	7	7	2	7	3	
1682_A/Guangdong/2/2006_H 3	2	1	2	3	0	3	1	0	4	0	1	2	0	0	1	3	2	4	2	3	1	1	0	5	3	0	3	6	0	14	1	2	5	8	3	4	4	4	3	2	4	3	6	13	3	7	5	2	7	4	3	2	6	0	1	1	7	4	7	7	2	8	3	
1683_A/Guangdong/lgf/2021 3	2	0	3	3	1	5	0	0	4	0	1	4	1	0	1	5	2	4	1	7	2	1	1	5	3	4	2	7	1	11	2	3	3	4	8	4	10	6	1	3	3	4	8	12	3	7	5	3	8	5	3	5	8	2	2	0	8	8	7	8	3	9	4	
1684_A/Guangxi/1/2005_H5N 4	3	1	2	3	0	4	1	0	5	0	1	2	0	0	1	5	2	4	1	7	2	1	1	6	3	0	3	6	1	15	1	2	5	8	4	7	6	5	3	2	4	5	6	14	4	8	5	2	8	6	3	5	7	0	2	1	8	5	8	7	3	12	3	
1685_A/Guangxi/1/2008_H5N 3	2	1	2	3	0	3	1	0	4	0	1	2	0	0	1	3	2	4	1	3	1	1	1	7	3	2	3	4	0	12	1	3	5	8	3	3	4	4	3	2	4	4	6	13	3	6	5	1	7	4	3	3	6	0	1	1	7	4	7	7	2	8	3	
1686_A/Guangzhou/39715/20 4	3	1	2	3	0	4	1	0	5	0	1	2	0	0	1	5	2	4	2	7	2	1	0	6	4	0	3	6	0	15	1	2	5	9	6	7	5	4	1	2	5	5	8	14	3	8	3	2	8	5	3	4	8	1	2	1	9	5	9	8	2	12	2	
1687_A/Guizhou/1/2009_H5N 2	2	1	2	4	0	3	1	0	4	0	1	2	0	0	1	3	1	4	1	3	2	1	1	5	3	1	3	6	0	13	1	2	5	8	3	3	4	4	3	3	4	4	6	13	3	6	5	0	7	4	3	4	6	0	1	1	7	5	7	7	2	7	3	
1688_A/Hunan/1/2008_H5N1| 3	2	1	2	3	0	3	1	0	5	0	1	2	0	0	1	3	2	4	1	3	1	1	1	5	3	0	2	6	0	14	2	3	5	8	3	3	4	4	3	2	4	3	6	13	3	7	5	1	7	4	3	3	6	0	1	1	6	5	7	7	2	7	3	
1689_A/Hunan/2/2009_H5N1| 2	2	1	2	4	0	3	1	0	4	0	1	2	0	0	1	3	1	4	1	3	2	1	1	5	3	1	3	6	0	13	1	2	5	8	3	3	4	4	3	3	4	4	6	13	3	6	5	1	7	4	3	3	6	0	1	1	7	5	7	7	2	7	3	
1690_A/Japanese_white-eye 4	3	1	2	3	0	4	1	0	5	0	1	2	0	0	1	5	2	4	2	7	2	1	0	6	4	0	3	6	0	15	1	2	6	8	5	7	5	5	2	2	6	5	7	14	2	8	4	2	6	6	3	4	9	0	2	2	9	5	9	7	2	12	2	
1691_A/Nanjing/1/2015_H5N 4	1	0	2	2	2	5	1	3	4	0	1	1	0	0	1	7	2	3	2	6	2	2	0	5	4	6	1	5	0	9	3	4	7	4	6	3	4	8	2	2	5	4	5	14	3	9	5	4	7	4	3	4	7	3	1	3	9	8	6	4	5	9	7	
1692_A/Northern_Shoveler/ 4	3	1	3	3	0	4	0	0	5	0	1	2	0	0	1	5	2	4	2	7	2	1	0	6	4	1	3	6	0	14	1	2	5	9	6	6	5	4	1	3	5	5	8	14	3	8	3	2	9	5	3	4	8	1	2	1	8	5	8	8	2	12	3	
1693_A/Pavo_cristatus/Chi 4	4	1	2	3	0	4	1	0	4	0	1	2	0	0	1	5	2	4	2	7	2	1	0	4	4	0	3	8	0	15	1	2	6	8	6	7	4	5	1	2	5	4	8	14	3	9	3	2	8	5	3	4	8	1	2	1	9	5	9	8	2	12	2	
1694_A/Pavo_cristatus/Chi 4	4	1	2	3	0	4	1	0	4	0	1	2	0	0	1	5	2	4	2	7	2	1	0	4	4	0	3	8	0	15	1	2	6	8	6	7	4	5	1	2	5	4	8	14	3	9	3	2	8	5	3	4	8	1	2	1	9	5	9	8	2	12	2	
1695_A/Pavo_cristatus/Jia 4	3	1	2	3	0	4	1	0	5	0	1	2	0	0	1	5	2	4	2	7	2	1	0	6	4	0	3	6	0	15	1	2	5	9	6	7	5	4	1	2	5	4	8	14	3	9	3	2	8	5	3	4	7	1	2	1	10	5	9	8	2	12	2	
1696_A/Rattus_norvegicus/ 4	3	1	2	3	0	4	1	0	5	0	1	2	0	0	1	5	2	4	1	7	2	1	0	6	4	0	2	6	0	15	3	3	7	9	6	6	4	4	1	2	6	5	10	14	2	8	1	2	7	5	3	4	8	1	2	1	8	5	10	8	3	12	1	
1697_A/Shandong/1/2009_H5 3	2	1	2	3	0	3	1	0	4	0	1	2	0	0	1	3	2	4	1	3	1	1	1	5	3	1	3	6	0	13	1	3	5	8	3	4	4	4	3	2	4	3	6	13	3	7	5	2	7	4	3	1	6	0	1	1	7	6	7	7	2	6	3	
1698_A/Spatula_querquedul 3	2	0	3	3	1	5	0	0	3	0	1	5	2	0	1	5	2	4	1	7	2	1	1	5	3	5	2	6	1	10	2	3	3	4	8	4	10	6	1	3	3	5	7	12	3	6	6	3	9	5	3	5	8	2	2	0	8	8	6	8	2	9	5	
1699_A/Syrrhaptes_paradox 4	3	1	2	3	0	4	1	0	5	0	1	2	0	0	1	6	2	4	2	7	2	1	0	6	4	0	3	5	0	15	1	2	6	9	6	7	5	4	1	2	5	5	8	14	3	8	3	1	7	5	3	5	8	1	2	1	9	5	9	8	2	12	2	
1700_A/Taiwan/DV413/2006_ 4	2	1	2	3	1	4	1	1	4	0	1	2	1	0	1	4	1	3	1	8	4	2	0	5	2	2	3	7	1	13	1	4	4	5	7	3	5	6	1	2	7	4	6	13	3	9	6	4	9	6	3	4	8	1	1	1	7	6	9	7	2	11	4	
1701_A/Taiwan/DV518/2006_ 4	2	1	2	3	1	4	1	1	4	0	1	2	1	0	1	4	1	3	1	8	4	2	0	5	2	2	3	7	1	13	1	4	4	5	7	3	5	6	1	2	7	4	6	13	3	9	6	4	9	6	3	4	8	1	1	1	7	6	9	7	2	11	4	
1702_A/Whooper_Swan/Sanme 3	2	0	3	3	1	5	0	1	4	0	1	3	1	0	1	5	2	4	1	7	2	1	1	5	3	2	2	7	1	13	2	3	3	4	8	4	10	6	1	3	4	5	8	12	3	6	5	3	9	5	3	5	7	2	2	0	7	8	6	8	3	9	5	
1703_A/Wild_bird/Huadong/ 3	2	0	3	3	1	5	0	0	4	0	1	4	1	0	1	5	2	4	1	7	2	1	1	5	3	4	2	7	1	11	2	3	3	4	8	4	10	6	1	3	3	5	8	12	3	6	5	3	8	5	3	5	8	2	2	0	8	8	7	8	3	9	4	
1704_A/Wild_bird/Huadong/ 4	1	0	2	2	2	5	1	2	4	0	1	1	0	0	1	7	2	3	2	6	2	2	0	6	4	6	1	5	0	9	3	4	7	4	5	3	4	8	3	2	5	3	5	14	3	10	5	4	7	4	3	4	7	3	1	3	9	7	6	4	5	10	7	
1705_A/Wild_bird/Huadong/ 4	3	1	2	3	0	4	1	0	5	0	1	2	0	0	1	5	2	4	1	7	2	1	0	6	4	0	2	6	0	15	3	3	6	9	6	6	4	4	1	2	6	5	9	14	2	8	2	2	8	5	3	4	8	1	2	2	8	5	10	7	3	12	1	
1706_A/Wild_bird/Huadong/ 4	3	1	2	3	0	4	1	0	6	0	1	2	0	0	1	5	1	4	2	7	4	1	0	7	3	0	2	5	0	15	2	1	5	7	5	7	6	6	2	3	5	6	7	14	3	7	4	3	6	6	3	3	9	0	2	3	8	6	10	6	2	11	1	
1707_A/Wild_bird/Huadong/ 4	3	1	2	3	0	4	1	0	5	0	1	2	0	0	1	5	2	4	1	7	2	1	0	6	4	0	2	6	0	15	3	3	6	9	6	6	4	4	1	2	6	5	9	14	2	8	2	2	8	5	3	4	8	1	2	2	8	5	10	7	3	12	1	
1708_A/Wild_bird/Huadong/ 4	3	1	2	3	0	4	1	0	5	0	1	2	0	0	1	5	2	4	2	7	2	1	0	6	4	0	3	6	0	15	1	2	5	9	6	7	6	4	1	2	5	5	8	14	3	8	3	2	9	5	2	4	8	1	3	1	7	5	9	8	2	12	2	
1709_A/Wild_bird/Huadong/ 4	3	1	2	3	0	4	1	0	5	0	1	2	0	0	1	6	2	4	2	6	2	1	0	5	4	0	2	7	0	15	2	2	4	9	6	7	6	4	1	2	5	4	7	14	3	9	4	2	8	5	3	4	7	1	2	1	11	5	8	8	1	12	3	
1710_A/Wild_bird/Huadong/ 4	3	1	2	3	0	4	1	0	5	0	1	2	0	0	1	5	2	4	2	7	2	1	0	6	4	0	2	6	0	15	1	2	6	8	5	7	5	5	2	2	5	5	8	14	3	8	4	3	6	6	3	3	9	0	2	2	9	5	9	7	2	12	2	
1711_A/Wild_bird/Huadong/ 3	3	1	2	4	0	4	1	0	5	0	1	2	0	0	1	5	2	4	2	7	2	1	0	6	4	0	3	6	0	15	1	3	4	9	6	6	6	4	1	2	5	6	7	14	3	7	4	2	8	4	3	4	8	2	2	1	9	5	9	8	2	12	2	
1712_A/Wild_bird/Huadong/ 4	3	1	2	3	0	4	1	0	5	0	1	2	0	0	1	5	2	4	1	7	2	1	0	6	4	0	2	6	0	15	3	3	6	9	6	6	4	4	1	2	6	5	9	14	2	8	2	2	8	5	3	4	8	1	2	2	8	5	10	7	3	12	1	
1713_A/Wild_bird/Huadong/ 4	3	1	2	3	0	4	1	0	5	0	1	2	0	0	1	5	2	4	2	7	2	1	0	5	4	0	3	7	0	15	1	2	5	9	6	7	5	4	1	2	5	4	8	14	3	9	3	2	8	5	3	4	7	1	2	1	10	5	9	8	2	12	2	
1714_A/Wild_bird/Huadong/ 3	3	1	2	4	0	4	1	0	5	0	1	2	0	0	1	5	2	4	2	7	2	1	0	6	4	0	3	6	0	15	1	3	4	9	6	6	6	4	1	2	5	6	7	14	3	7	4	2	8	4	3	4	8	2	2	1	9	5	9	8	2	12	2	
1715_A/Wild_bird/Huadong/ 4	3	1	2	3	0	4	1	0	5	0	1	2	0	0	1	5	2	4	2	7	2	1	0	5	4	0	3	7	0	15	1	2	5	9	6	7	5	4	1	2	5	4	8	15	3	9	3	2	8	5	3	4	7	1	2	1	10	5	9	8	2	12	2	
1716_A/Wild_bird/Huadong/ 4	3	1	2	3	0	4	1	0	5	0	1	2	0	0	1	5	2	4	1	7	2	1	0	6	4	0	2	6	0	15	3	3	6	9	6	6	4	4	1	2	6	5	9	14	2	8	2	2	8	5	3	4	8	1	2	2	8	5	10	7	3	12	1	
1717_A/Xinjiang/1/2009_H5 3	2	1	2	3	0	3	1	0	4	0	1	2	0	0	1	3	2	4	2	3	1	1	0	5	3	0	3	6	0	14	1	2	5	8	3	4	4	4	3	2	4	3	6	13	3	7	5	2	7	4	3	2	6	0	1	1	7	4	7	7	2	8	3	
1718_A/Yangzhou/125/2022_ 3	2	0	3	3	1	5	0	0	4	0	1	4	1	0	1	6	2	4	1	6	2	1	1	5	3	5	2	7	1	10	2	3	3	4	8	4	10	6	1	3	3	4	8	12	3	7	5	3	9	5	3	5	7	2	2	0	8	8	7	8	3	9	4	
1719_A/avian/Hong_Kong/07 4	3	1	2	3	0	4	1	0	5	0	1	2	0	0	1	5	2	4	1	7	2	1	1	7	4	0	3	5	0	15	1	3	5	8	4	6	6	5	3	2	4	5	6	14	4	8	5	1	8	6	3	6	7	0	2	1	8	5	8	7	3	12	3	
1720_A/avian/Hong_Kong/19 4	3	1	2	3	0	4	1	0	5	0	1	2	0	0	1	5	2	4	1	7	2	1	1	7	4	0	3	5	0	15	1	3	5	8	4	6	6	5	3	2	4	5	6	14	4	8	5	1	8	6	3	6	7	0	2	1	8	5	8	7	3	12	3	
1721_A/avian/Hong_Kong/23 4	3	1	2	3	0	4	1	0	5	0	1	2	0	0	1	5	2	4	1	7	2	1	1	7	4	0	3	5	0	15	1	3	5	8	4	6	6	5	3	2	4	5	6	14	4	8	5	1	8	6	3	6	7	0	2	1	8	5	8	7	3	12	3	
1722_A/baikal_teal/Xiangh 4	1	0	2	3	2	5	1	0	5	0	1	3	0	0	1	5	2	3	1	7	2	2	1	5	3	2	2	6	1	13	2	3	5	3	7	4	7	7	2	2	5	6	4	14	3	6	8	3	10	5	4	5	7	2	2	1	6	8	4	8	2	9	6	
1723_A/bar-headed_goose/Q 4	3	1	2	3	0	4	1	0	5	0	1	3	0	0	1	4	1	5	1	8	2	2	1	6	3	2	3	5	1	12	1	1	6	8	5	5	5	5	2	3	5	5	8	16	3	8	3	2	7	6	2	5	8	0	3	1	8	6	8	7	3	11	3	
1724_A/bar-headed_goose/T 4	3	1	2	3	0	4	1	0	5	0	1	2	0	0	1	4	2	4	1	8	2	1	1	6	3	1	3	6	1	14	1	2	6	8	5	5	5	4	2	3	6	5	8	15	3	8	3	2	7	6	3	5	8	0	3	1	8	6	7	7	3	11	3	
1725_A/black_chicken/Jian 4	3	1	2	3	0	4	1	0	6	0	1	2	0	0	1	5	2	4	2	7	2	1	0	6	4	0	2	6	0	15	1	2	7	8	6	7	4	5	1	2	5	5	8	14	3	8	4	2	7	6	3	4	7	0	2	1	9	5	8	8	2	12	3	
1726_A/brown-headed_gull/ 4	3	1	2	3	0	4	1	0	5	0	1	2	0	0	1	5	2	4	2	7	2	1	0	5	3	0	3	7	1	15	1	3	5	8	5	6	6	5	2	2	4	5	7	14	4	8	4	2	8	6	4	5	7	0	2	0	8	6	7	8	3	11	3	
1727_A/brown-headed_gull/ 4	3	1	2	3	0	4	1	0	5	0	1	2	0	0	1	5	2	4	2	7	2	1	0	6	3	2	3	6	1	13	1	3	5	9	4	6	6	4	3	2	4	5	7	14	4	8	4	2	8	5	3	5	7	1	3	0	8	5	7	8	3	12	3	
1728_A/canvasback/Xiangha 4	1	0	3	3	2	5	0	1	5	0	1	2	0	0	1	5	2	3	2	6	2	2	0	6	3	2	2	6	1	13	2	3	4	3	6	4	8	7	3	2	5	6	5	14	3	6	7	3	10	5	2	5	8	2	3	2	4	7	5	7	3	10	6	
1729_A/cat/Sichuan/SC18/2 4	3	1	2	3	0	4	1	0	6	0	1	2	0	0	1	5	2	4	2	7	2	1	0	6	4	0	2	6	0	15	1	2	6	8	6	7	5	5	1	2	5	5	8	14	3	8	4	2	7	6	3	4	7	0	2	1	9	5	8	8	2	12	3	
1730_A/cat/Zhejiang/C1/20 4	1	0	2	2	2	5	1	2	4	0	1	2	0	0	1	6	2	3	1	6	2	2	0	6	4	5	1	5	0	10	4	5	7	4	6	3	3	8	2	1	7	3	5	14	2	10	5	4	9	4	3	4	6	3	1	3	9	8	6	4	4	9	7	
1731_A/cat/Zhejiang/C2/20 4	1	0	2	2	2	5	1	3	4	0	1	2	0	0	1	6	2	3	1	6	2	2	0	5	4	6	1	4	0	9	4	5	6	4	6	3	3	8	2	2	8	3	5	14	2	10	5	4	8	4	3	4	7	3	1	3	9	8	6	4	4	9	7	
1732_A/chicken/Anhui/MZ33 4	1	0	2	2	2	5	1	1	4	0	1	3	0	0	1	5	2	3	2	7	2	2	0	6	4	5	1	4	0	10	3	5	6	4	6	3	3	8	2	2	8	3	6	14	2	10	4	4	8	4	3	4	7	3	1	3	9	9	6	4	4	8	7	
1733_A/chicken/Anhui/MZ34 4	1	0	2	2	2	5	1	1	4	0	1	3	0	0	1	5	2	3	2	7	2	2	0	6	4	5	1	4	0	10	3	5	6	4	6	3	3	8	2	2	8	3	6	14	2	10	4	4	8	4	3	4	7	3	1	3	9	9	6	4	4	8	7	
1734_A/chicken/Beijing/BJ 4	3	1	2	3	0	4	1	1	5	0	1	2	0	0	1	6	2	3	1	6	2	2	1	5	3	2	2	6	1	13	2	3	9	7	6	6	2	5	2	3	5	5	6	14	3	8	5	3	8	5	4	3	7	1	1	3	9	6	7	5	2	11	4	
1735_A/chicken/CH/a556/20 3	3	1	3	3	1	4	0	1	5	0	1	4	0	0	1	5	2	5	1	6	2	0	1	5	3	4	2	6	1	11	1	4	5	6	5	4	4	4	3	1	7	5	7	14	2	7	6	4	7	7	5	4	6	0	2	1	10	8	6	8	3	9	4	
1736_A/chicken/Changhua/1 3	2	1	2	4	1	4	1	1	6	0	1	2	0	0	1	6	2	4	1	6	2	1	1	5	3	0	3	6	1	15	1	3	5	9	3	6	6	5	4	2	5	4	8	14	3	8	3	3	6	6	2	4	9	0	2	1	9	5	7	7	1	12	5	
1737_A/chicken/Changhua/1 3	2	1	2	4	1	4	1	1	6	0	1	2	0	0	1	6	2	4	1	6	2	1	1	5	3	0	3	6	1	15	1	3	5	9	3	6	6	5	4	2	5	4	8	14	3	8	3	3	6	6	3	4	9	0	2	1	9	5	6	7	1	12	5	
1738_A/chicken/Changhua/1 3	2	1	2	4	1	4	1	1	6	0	1	2	0	0	1	6	2	4	1	6	2	1	1	5	3	0	3	6	1	15	1	3	5	9	3	6	6	5	4	2	5	4	8	14	3	8	3	3	6	6	3	4	9	0	2	1	9	5	6	7	1	12	5	
1739_A/chicken/Changhua/1 3	2	1	2	4	1	4	1	1	6	0	1	2	0	0	1	7	2	4	1	5	2	1	1	5	3	0	3	6	1	15	1	3	5	9	3	6	6	5	4	2	5	4	8	14	3	8	3	3	6	6	3	4	9	0	2	1	9	5	6	7	1	12	5	
1740_A/chicken/Changhua/1 3	2	1	2	4	1	4	1	1	6	0	1	2	0	0	1	7	2	4	1	5	2	1	1	5	3	0	3	6	1	15	1	3	5	9	3	6	6	5	4	2	5	4	8	14	3	8	3	3	6	6	3	4	9	0	2	1	9	5	6	7	1	12	5	
1741_A/chicken/Changhua/1 3	2	1	2	4	1	4	1	1	6	0	1	2	0	0	1	7	2	4	1	5	2	1	1	5	3	0	3	6	1	15	1	3	5	9	3	6	6	5	4	2	5	4	8	14	3	8	3	3	6	6	3	4	9	0	2	1	9	5	6	7	1	12	5	
1742_A/chicken/Changhua/1 3	2	1	2	4	1	4	1	1	6	0	1	2	0	0	1	6	2	4	1	6	2	1	1	6	3	0	3	5	1	15	1	3	5	9	3	6	6	5	4	2	5	4	7	14	3	8	4	3	6	6	3	4	9	0	2	1	9	5	6	7	1	12	5	
1743_A/chicken/Changhua/1 3	2	1	2	4	1	4	1	1	6	0	1	2	0	0	1	6	2	4	1	6	2	1	1	5	3	0	3	6	1	15	1	3	5	9	3	6	6	5	4	2	5	4	7	14	3	8	4	3	6	6	3	4	9	0	2	1	9	5	6	7	1	12	5	
1744_A/chicken/Changhua/1 3	2	1	2	4	1	4	1	1	6	0	1	2	0	0	1	6	2	4	1	6	2	1	1	5	3	0	3	6	1	15	1	3	5	9	3	6	6	5	4	2	5	4	7	14	3	8	4	3	6	6	3	4	9	0	2	1	9	5	6	7	1	12	5	
1745_A/chicken/Changhua/1 3	2	1	2	4	1	4	1	1	6	0	1	2	0	0	1	6	2	4	1	6	2	1	1	5	3	0	3	6	1	15	1	3	5	9	3	6	6	5	4	2	5	4	7	14	3	8	4	3	6	6	3	4	9	0	2	1	9	5	6	7	1	12	5	
1746_A/chicken/Changhua/1 3	2	1	2	4	1	4	1	1	6	0	1	2	0	0	1	6	2	4	1	6	2	1	1	5	3	0	3	6	1	15	1	3	5	9	2	6	6	5	5	2	5	4	7	14	3	8	4	3	7	6	3	4	8	0	2	1	9	5	6	7	1	12	5	
1747_A/chicken/Changhua/1 3	2	1	2	4	1	4	1	1	6	0	1	2	0	0	1	6	1	4	1	6	3	1	1	5	3	0	3	6	1	15	1	3	5	9	2	6	6	5	5	2	5	4	8	14	3	8	3	3	6	6	3	4	9	0	2	1	9	5	6	7	1	12	5	
1748_A/chicken/Changhua/1 3	2	1	2	4	1	4	1	1	6	0	1	2	0	0	1	6	2	4	1	6	2	1	1	5	3	0	3	6	1	15	1	3	5	9	2	6	6	5	5	2	5	4	7	14	3	8	4	3	7	6	3	4	8	0	2	1	9	5	6	7	1	12	5	
1749_A/chicken/Changhua/1 3	2	1	2	4	1	4	1	1	6	0	1	2	0	0	1	6	1	4	1	6	3	1	1	5	3	0	3	6	1	15	1	3	5	9	2	6	6	5	5	2	5	4	8	14	3	8	3	3	6	6	3	4	9	0	2	1	9	5	6	7	1	12	5	
1750_A/chicken/Changhua/1 3	2	1	2	4	1	4	1	1	6	0	1	2	0	0	1	6	2	4	1	6	2	1	1	5	3	0	3	6	1	15	1	3	5	9	2	6	6	5	5	2	4	4	7	14	4	8	4	3	7	6	3	4	8	0	2	1	9	5	6	7	1	12	5	
1751_A/chicken/Changhua/1 3	2	1	2	4	1	4	1	2	6	0	1	2	0	0	1	6	2	4	1	6	2	1	1	4	3	0	3	6	1	15	1	3	5	9	3	6	6	5	4	2	5	4	8	14	3	8	3	3	6	6	3	4	8	0	2	1	10	5	6	7	1	12	5	
1752_A/chicken/Changhua/1 3	3	1	2	4	0	4	1	1	6	0	1	3	0	0	1	6	2	4	1	6	2	1	1	6	3	0	3	4	1	14	2	3	5	9	2	6	6	5	5	2	4	4	8	14	4	8	3	3	7	6	3	4	8	0	2	1	9	5	6	7	1	12	5	
1753_A/chicken/Changhua/1 3	3	1	2	4	0	4	1	1	6	0	1	2	0	0	1	6	2	4	1	6	2	1	1	6	3	0	2	5	1	15	1	3	5	8	2	6	6	6	5	2	5	4	9	14	3	8	3	3	7	6	3	4	8	0	2	1	9	6	6	7	1	11	5	
1754_A/chicken/Changhua/1 3	3	1	2	4	0	4	1	1	6	0	1	2	0	0	1	6	2	4	1	5	2	1	1	7	3	0	3	5	1	15	1	3	5	8	2	6	6	6	5	2	4	4	8	14	4	8	3	3	7	6	3	4	8	0	2	1	9	6	5	7	1	11	6	
1755_A/chicken/Chiayi/150 3	2	1	2	4	1	4	1	1	6	0	1	2	0	0	1	6	2	4	1	6	2	1	1	5	3	0	3	6	1	15	1	3	5	9	3	6	6	5	4	2	5	4	8	14	3	8	3	3	6	6	3	4	9	0	2	1	9	5	6	7	1	12	5	
1756_A/chicken/Chiayi/150 3	2	1	2	4	1	4	1	1	6	0	1	2	0	0	1	7	2	4	1	5	2	1	1	5	3	0	3	6	1	15	1	3	5	9	3	6	6	5	4	2	5	4	8	14	3	8	3	3	6	6	3	4	9	0	2	1	9	5	6	7	1	12	5	
1757_A/chicken/Chiayi/150 3	2	1	2	4	1	4	1	1	6	0	1	2	0	0	1	6	2	4	1	6	2	1	1	5	3	0	3	6	1	15	1	3	5	9	3	6	6	5	4	2	5	4	8	14	3	8	3	3	6	6	3	4	9	0	2	1	9	5	6	7	1	12	5	
1758_A/chicken/Chiayi/170 3	3	1	2	4	0	4	1	1	6	0	1	2	0	0	1	6	2	4	1	6	2	2	1	6	3	0	3	5	1	14	1	3	5	8	2	6	6	6	5	2	4	4	8	14	4	8	3	3	7	6	3	4	8	0	2	1	9	5	7	7	1	12	4	
1759_A/chicken/Chiayi/181 3	3	1	2	4	0	4	1	1	6	0	1	2	0	0	1	6	2	4	1	5	2	1	1	7	3	1	3	5	1	14	1	3	5	8	2	6	6	6	5	2	4	4	8	14	4	8	3	3	7	6	3	4	8	0	2	1	9	5	5	7	1	12	6	
1760_A/chicken/China/007/ 4	3	2	2	3	0	3	1	0	5	0	1	2	0	0	1	5	2	4	1	7	2	1	0	6	4	0	2	6	0	15	3	3	7	8	7	6	4	4	1	2	6	5	9	14	2	8	2	2	7	5	3	3	8	1	2	2	9	5	10	8	2	12	1	
1761_A/chicken/China/1101 5	2	1	2	2	1	4	1	0	5	0	1	2	0	0	1	5	2	4	1	7	2	1	0	6	4	1	2	6	0	14	3	3	7	8	6	6	4	5	1	2	6	5	9	14	2	8	2	2	8	5	3	4	7	1	2	1	8	5	10	8	3	12	1	
1762_A/chicken/China/Cang 3	2	0	3	3	1	5	0	0	3	0	1	5	2	0	1	5	2	4	1	7	2	1	1	5	3	5	2	6	1	10	2	3	3	4	8	4	10	6	1	3	3	5	7	12	3	6	6	3	9	5	3	5	8	2	2	0	7	8	6	8	3	9	5	
1763_A/chicken/China/E93/ 4	3	1	2	3	0	4	1	2	5	0	1	1	0	0	1	6	2	3	1	6	2	2	1	5	3	2	2	6	1	13	2	3	7	7	6	6	4	5	2	4	5	5	6	13	3	8	5	2	8	5	4	4	7	1	1	3	9	6	7	5	2	11	4	
1764_A/chicken/China/E96/ 4	3	1	2	3	0	4	1	2	5	0	1	1	0	0	1	6	2	3	1	6	2	2	1	5	3	2	2	6	1	13	2	3	7	7	6	6	4	5	2	3	5	5	6	14	3	8	5	2	8	5	4	4	7	1	1	3	9	6	7	5	2	11	4	
1765_A/chicken/Chiping/03 4	3	1	2	3	0	4	1	1	5	0	1	2	0	0	1	6	2	3	1	6	2	2	1	5	3	2	2	6	1	13	2	2	8	7	6	6	3	5	2	3	6	5	6	14	2	8	5	4	8	5	4	3	7	1	1	3	9	6	7	5	2	11	4	
1766_A/chicken/Dongguan/2 4	3	1	2	3	0	4	1	0	5	0	1	2	0	0	1	5	2	4	2	7	2	1	0	6	4	0	3	6	0	15	1	2	5	9	6	7	5	4	1	2	5	5	8	14	3	8	3	2	8	5	3	4	8	1	2	1	9	5	9	8	2	12	2	
1767_A/chicken/Dongguan/3 4	3	1	2	3	0	4	1	0	5	0	1	2	0	0	1	5	2	4	2	7	2	1	0	7	4	0	3	5	0	15	1	2	5	9	6	7	5	4	1	2	5	5	8	14	3	8	3	2	8	5	3	4	8	1	2	1	9	5	9	8	2	12	2	
1768_A/chicken/Dongguan/4 4	3	2	2	3	0	3	1	0	5	0	1	2	0	0	1	5	2	4	2	7	2	1	0	6	4	0	3	6	0	15	1	2	5	9	6	7	5	4	1	2	5	5	8	14	3	8	3	2	8	5	3	4	8	1	2	1	9	6	9	8	2	11	2	
1769_A/chicken/Eastern_Ch 4	1	0	2	2	2	5	1	2	4	0	1	2	0	0	1	5	2	3	1	7	2	2	0	5	4	4	1	5	0	11	4	5	8	4	6	3	3	8	2	2	5	4	6	14	3	9	4	4	8	4	3	4	7	3	1	3	11	9	6	4	2	8	7	
1770_A/chicken/Eastern_Ch 4	1	0	2	2	2	5	1	2	4	0	1	2	0	0	1	5	2	3	1	7	2	2	0	5	4	4	1	5	0	11	4	5	8	4	6	3	3	8	2	2	5	4	6	14	3	9	4	4	8	4	3	4	7	3	1	3	11	9	6	4	2	8	7	
1771_A/chicken/Eastern_Ch 3	1	0	2	3	2	5	1	2	4	0	1	1	0	0	1	6	2	3	1	6	2	2	0	7	4	5	2	4	0	10	3	5	7	5	5	3	4	5	4	2	6	4	5	14	3	9	6	4	11	4	3	4	5	3	2	2	8	10	5	5	3	7	7	
1772_A/chicken/Eastern_Ch 3	1	0	2	3	2	5	1	3	4	0	1	1	0	0	1	6	2	3	1	5	2	2	0	6	4	5	1	4	0	10	4	5	7	5	5	4	4	5	4	2	6	4	5	14	3	9	6	3	11	4	3	5	5	3	3	2	8	9	4	5	3	8	7	
1773_A/chicken/Fujian/1/2 4	3	1	2	3	0	4	1	1	5	0	1	1	0	0	1	5	2	4	1	7	2	1	1	6	3	0	3	6	1	15	1	3	5	6	4	6	6	7	3	2	5	5	6	14	3	8	5	2	8	6	3	5	7	0	2	1	8	6	8	7	3	11	3	
1774_A/chicken/Fujian/11. 4	2	0	2	2	1	5	1	1	4	0	1	3	0	0	1	5	2	3	2	7	2	2	0	4	4	3	1	7	0	12	3	3	9	4	6	5	3	8	2	1	5	5	5	14	2	9	4	2	10	4	3	5	6	3	1	4	11	4	9	4	1	13	4	
1775_A/chicken/GY/a451/20 3	2	1	3	3	2	4	0	1	5	0	1	3	0	0	1	5	2	5	1	6	2	0	1	5	3	4	2	7	1	11	1	4	6	6	5	4	4	4	3	1	7	5	7	14	2	7	6	5	6	6	5	3	7	1	2	1	9	8	6	8	3	9	4	
1776_A/chicken/Gansu/5/20 5	2	2	3	2	1	3	0	3	5	0	1	1	0	0	1	5	2	4	1	7	2	1	1	2	3	3	3	8	1	12	1	3	4	6	5	4	7	4	4	2	7	6	7	14	2	6	5	3	9	4	3	3	7	3	2	2	8	5	7	9	1	12	4	
1777_A/chicken/Gansu/6/20 4	3	1	2	3	0	4	1	2	5	0	1	1	0	0	1	6	2	3	1	6	2	2	1	5	3	2	2	6	1	13	2	3	7	7	6	6	4	5	2	3	5	5	6	14	3	8	5	2	8	5	4	4	7	1	1	3	9	6	7	5	2	11	4	
1778_A/chicken/Ganzhou/GZ 4	3	1	2	3	0	4	1	0	5	0	1	2	0	0	1	5	2	4	2	7	2	1	0	6	4	0	3	6	0	15	1	2	6	9	6	7	5	4	1	2	5	5	8	14	3	8	3	2	7	5	3	4	8	1	2	1	9	5	9	8	2	12	2	
1779_A/chicken/Guangdong/ 4	3	1	2	3	0	4	1	0	5	0	1	2	0	0	1	4	2	4	1	8	2	1	1	6	3	0	3	6	1	15	1	2	6	8	5	6	5	5	2	2	5	5	8	15	3	8	3	2	8	6	3	5	7	0	3	1	8	6	7	7	3	11	3	
1780_A/chicken/Guangdong/ 4	3	1	2	3	0	4	1	0	5	0	1	2	0	0	1	5	2	4	1	7	2	1	1	6	3	0	2	6	1	15	2	3	5	8	4	6	6	5	3	2	4	5	6	14	4	8	5	2	8	6	3	5	7	0	2	1	8	7	7	7	3	10	4	
1781_A/chicken/Guangxi/16 4	3	1	2	3	0	4	1	0	6	0	1	2	0	0	1	5	1	4	2	7	4	1	0	6	3	0	2	6	0	15	2	1	5	7	5	7	6	6	2	3	5	5	7	14	3	8	4	3	6	6	3	3	9	0	2	3	8	6	10	6	2	11	1	
1782_A/chicken/Guangxi/S2 4	3	1	2	3	0	4	1	0	5	0	1	2	0	0	1	5	2	4	2	7	2	1	0	6	4	0	3	6	0	15	1	2	5	8	6	7	6	5	1	2	5	5	6	14	3	8	5	2	7	6	3	4	8	0	2	2	9	5	9	7	2	12	2	
1783_A/chicken/Guizhou/7/ 4	3	1	2	3	0	4	1	0	5	0	1	2	0	0	1	5	2	4	1	7	2	1	1	6	3	1	3	6	1	14	1	2	6	8	4	5	5	5	3	3	4	5	6	14	4	8	5	2	8	6	4	6	7	0	1	1	8	5	8	7	3	12	3	
1784_A/chicken/Hebei/1102 4	1	0	2	2	2	5	1	2	4	0	1	1	0	0	1	5	2	3	1	7	2	2	0	6	4	5	1	5	0	10	4	5	7	4	6	3	4	8	2	2	5	4	5	14	3	9	5	4	9	4	3	4	6	3	1	3	10	8	7	4	3	9	6	
1785_A/chicken/Hebei/1102 4	1	0	2	2	2	5	1	2	4	0	1	1	0	0	1	5	2	3	1	7	2	2	0	6	4	5	1	5	0	10	4	5	7	4	6	3	4	8	2	2	5	4	5	14	3	9	5	4	9	4	3	4	6	3	1	3	10	8	7	4	3	9	6	
1786_A/chicken/Hebei/3/20 4	3	1	2	3	0	4	1	1	5	0	1	2	0	0	1	6	2	3	1	6	2	2	1	4	3	2	2	7	1	13	2	3	8	7	6	6	3	5	2	3	5	6	6	14	3	7	5	3	8	5	4	3	8	1	1	3	8	6	6	5	2	11	5	
1787_A/chicken/Hebei/A-8/ 3	3	1	2	4	0	4	1	1	4	0	1	2	1	0	1	6	2	4	1	7	2	1	1	5	3	1	2	5	1	14	2	4	6	7	6	5	5	5	2	3	4	5	6	14	4	8	5	2	8	5	4	4	7	1	1	2	8	6	7	6	3	11	4	
1788_A/chicken/Heilongjia 4	3	1	2	3	0	4	1	0	5	0	1	2	0	0	1	5	2	4	2	7	2	1	0	6	4	0	3	6	0	15	1	3	5	9	6	6	5	4	1	2	5	5	8	14	3	8	3	2	9	5	3	4	7	1	2	1	9	5	9	8	2	12	2	
1789_A/chicken/Henan/A-7/ 3	3	1	2	4	0	4	1	1	4	0	1	2	1	0	1	5	2	4	1	7	2	1	1	5	3	1	3	6	1	14	1	2	7	7	6	5	4	5	2	3	4	5	7	15	4	8	4	3	8	5	4	4	7	1	1	3	8	6	8	5	3	11	3	
1790_A/chicken/Henan/Q7/2 4	3	1	2	3	0	4	1	1	5	0	1	2	0	0	1	6	2	3	1	6	2	2	1	5	3	2	2	6	1	13	2	3	8	7	6	6	3	5	2	3	5	5	6	14	3	8	5	3	8	5	4	3	7	1	1	3	9	6	7	5	2	11	4	
1791_A/chicken/Henan/YB05 4	1	0	2	2	2	5	1	1	4	0	1	3	0	0	1	5	2	3	2	7	2	2	0	6	4	5	1	4	0	10	3	5	6	4	6	3	3	8	2	2	8	3	6	14	2	10	4	4	8	4	3	4	7	3	1	3	8	9	6	4	5	8	7	
1792_A/chicken/Hsinchu/16 3	3	1	2	4	0	4	1	1	6	0	1	2	0	0	1	6	2	4	1	6	2	1	1	6	3	0	3	5	1	15	1	3	5	9	2	6	6	5	5	2	4	4	8	14	4	8	3	3	7	6	3	4	8	0	2	1	9	5	6	7	1	12	5	
1793_A/chicken/Huadong/4/ 2	2	1	2	4	1	4	1	1	5	0	1	2	0	0	1	6	2	4	1	7	2	1	1	5	3	1	2	6	1	14	2	3	7	7	6	6	4	5	2	3	4	5	6	14	4	8	5	2	8	5	4	4	7	1	1	3	8	6	7	5	3	11	4	
1794_A/chicken/Hubei/2856 4	3	1	2	3	0	4	1	0	5	0	1	2	0	0	1	5	2	4	1	7	2	1	1	6	3	0	3	6	1	15	1	3	5	7	4	6	6	6	3	2	4	5	6	14	4	8	5	3	8	6	3	4	7	0	2	1	8	7	7	7	3	10	4	
1795_A/chicken/Hubei/ZYSJ 4	1	0	2	2	2	5	1	1	4	0	1	3	0	0	1	5	2	3	2	7	2	2	0	6	4	5	1	4	0	10	3	5	6	4	6	3	3	8	2	2	8	3	6	14	2	10	4	4	8	4	3	4	7	3	1	3	8	9	6	4	5	8	7	
1796_A/chicken/Hubei/ZYSJ 4	1	0	2	2	2	5	1	1	4	0	1	3	0	0	1	5	2	3	2	7	2	2	0	6	4	5	1	4	0	10	3	5	6	4	6	3	3	8	2	2	8	3	6	14	2	10	4	4	8	4	3	4	7	3	1	3	8	9	6	4	5	8	7	
1797_A/chicken/Hubei/ZYSJ 4	1	0	2	2	2	5	1	1	4	0	1	3	0	0	1	5	2	3	2	7	2	2	0	6	4	5	1	4	0	10	3	5	6	4	6	3	3	8	2	2	8	3	6	14	2	10	4	4	8	4	3	4	7	3	1	3	8	9	6	4	5	8	7	
1798_A/chicken/Hunan/02.0 4	3	1	2	3	0	4	1	0	5	0	1	2	0	0	1	6	2	4	2	7	2	1	0	5	4	0	3	6	0	15	1	2	4	8	6	7	6	5	1	2	6	4	9	14	2	9	2	2	8	5	3	4	7	1	2	1	10	4	8	8	2	13	3	
1799_A/chicken/Hunan/03.0 4	3	1	2	3	0	4	1	0	5	0	1	2	0	0	1	5	2	4	1	7	2	1	0	6	4	0	2	6	0	15	3	3	7	9	6	6	4	4	1	2	6	5	10	14	2	8	1	2	7	5	3	4	8	1	2	1	8	5	10	8	3	12	1	
1800_A/chicken/Hunan/12.2 4	3	1	2	3	0	4	1	0	5	0	1	2	0	0	1	5	2	4	2	7	2	1	0	6	4	0	3	6	0	15	1	2	5	8	6	7	5	5	1	2	6	4	8	14	2	9	3	2	8	5	3	4	7	1	3	1	10	6	8	8	2	11	2	
1801_A/chicken/Hunan/12.2 4	3	1	2	3	0	4	1	0	5	0	1	2	0	0	1	6	2	4	2	6	2	1	0	6	4	1	4	6	0	14	0	2	5	9	6	7	4	4	1	2	6	5	8	14	3	8	3	2	8	5	3	4	7	1	2	0	10	5	10	9	2	12	1	
1802_A/chicken/Hunan/1793 4	3	1	2	3	0	4	1	0	5	0	1	2	0	0	1	5	2	4	1	7	2	1	1	6	3	0	2	6	1	15	2	3	5	8	4	6	6	5	3	2	4	5	7	14	4	8	4	3	7	6	3	5	7	0	2	1	8	7	7	7	3	10	4	
1803_A/chicken/Hunan/21/2 4	3	1	2	3	0	4	1	0	5	0	1	2	1	0	1	5	2	4	1	7	2	1	1	6	3	0	3	6	1	14	1	3	5	7	4	6	6	5	3	2	4	6	6	14	4	8	5	2	8	6	3	5	7	0	2	1	8	7	7	7	3	10	4	
1804_A/chicken/Hunan/3/20 4	3	1	2	3	0	4	1	0	5	0	1	2	0	0	1	5	2	4	2	7	2	1	0	6	4	0	3	6	0	15	1	2	5	8	4	7	6	5	3	2	4	5	6	14	4	8	5	3	8	6	3	4	7	0	2	1	8	5	8	7	3	12	3	
1805_A/chicken/Hunan/3157 4	3	1	2	3	0	4	1	0	5	0	1	2	0	0	1	5	2	4	1	7	2	1	1	5	3	0	3	7	1	15	1	3	5	8	4	6	6	5	3	2	4	5	6	14	4	8	5	3	8	6	3	4	7	0	2	1	8	7	7	7	3	10	4	
1806_A/chicken/Hunan/8/20 4	3	1	2	3	0	4	1	0	5	0	1	2	0	0	1	6	2	4	2	6	2	1	0	6	3	0	3	6	1	15	1	2	5	8	4	7	6	5	3	2	4	6	5	14	4	7	6	3	8	6	3	4	6	0	2	2	9	5	8	6	3	12	3	
1807_A/chicken/Jiangsu/10 4	3	1	2	3	0	4	1	1	4	0	1	2	0	0	1	6	2	3	1	6	2	2	1	5	3	3	2	6	1	12	2	3	5	7	6	6	5	5	2	3	7	5	8	14	3	8	3	3	9	5	4	3	7	1	1	3	9	7	7	5	1	10	4	
1808_A/chicken/Jiangsu/18 3	2	1	2	4	1	4	1	1	5	0	1	2	0	0	1	5	2	4	1	7	2	1	1	5	3	1	2	6	1	14	2	3	7	7	6	6	4	5	2	3	4	5	6	14	4	8	5	2	8	5	4	4	7	1	1	3	8	6	6	5	3	11	5	
1809_A/chicken/Jiangsu/24 4	3	1	2	3	0	4	1	0	5	0	1	2	0	0	1	5	2	4	2	7	2	1	0	6	4	0	3	6	0	15	1	2	6	8	5	6	5	5	2	3	5	5	7	14	3	8	4	3	6	6	3	3	9	0	2	2	9	5	10	7	2	12	1	
1810_A/chicken/Jiangsu/92 4	3	1	2	3	0	4	1	0	5	0	1	2	0	0	1	5	2	4	2	7	2	1	0	6	4	0	3	6	0	15	1	2	6	8	5	7	5	5	2	2	5	6	7	14	3	7	4	2	6	6	3	3	9	0	2	3	9	6	9	7	2	11	2	
1811_A/chicken/Jiangsu/XZ 4	3	1	2	3	0	4	1	1	5	0	1	2	0	0	1	6	2	3	1	6	2	2	1	5	3	2	2	6	1	13	2	3	8	7	6	6	3	5	2	3	5	4	6	14	3	9	5	3	8	5	4	3	7	1	1	3	9	6	7	5	2	11	4	
1812_A/chicken/Jiangsu/YB 4	1	0	2	2	2	5	1	2	4	0	1	1	0	0	1	7	2	3	2	6	2	2	0	6	4	6	1	5	0	9	3	4	7	4	6	3	4	8	2	2	5	3	5	14	3	10	5	4	7	4	3	4	7	3	1	3	9	7	6	4	5	10	7	
1813_A/chicken/Jiangsu/k0 4	3	1	2	3	0	4	1	0	5	0	1	2	0	0	1	5	2	4	2	7	2	1	0	6	3	2	3	6	1	13	1	3	5	9	4	6	6	4	3	2	4	5	7	14	3	8	4	2	8	5	3	5	7	1	3	0	7	5	6	8	5	12	4	
1814_A/chicken/Jiangxi/25 4	3	1	2	3	0	4	1	0	5	0	1	2	0	0	1	5	2	4	2	7	2	1	0	6	3	0	3	6	1	15	1	2	6	8	6	7	5	5	1	2	5	4	7	14	3	8	5	2	6	6	3	4	9	0	2	2	9	5	9	7	2	12	2	
1815_A/chicken/Jiangxi/NC 4	3	1	2	3	0	4	1	0	5	0	1	2	0	0	1	5	2	4	2	7	3	1	0	6	4	0	3	6	0	15	1	2	5	9	6	7	4	4	1	2	5	5	8	14	3	8	3	2	8	5	3	5	8	1	1	1	9	4	9	8	2	13	2	
1816_A/chicken/Jiangxi/NC 4	3	1	2	3	0	4	1	0	5	0	1	2	0	0	1	5	2	4	2	7	2	1	0	6	4	0	3	6	0	15	1	2	5	9	6	7	5	4	1	2	5	5	8	14	3	8	3	2	8	5	3	4	8	1	2	1	9	4	9	8	2	13	2	
1817_A/chicken/Jiangyin/J 4	3	1	2	3	0	4	1	0	5	0	1	2	0	0	1	5	1	4	1	7	3	1	0	6	4	1	1	6	0	14	4	3	6	9	6	6	4	4	1	2	6	5	9	14	2	8	2	2	8	5	4	4	8	1	1	1	8	5	9	8	3	12	2	
1818_A/chicken/Kaohsiung/ 3	2	1	2	4	2	4	1	1	6	0	1	2	0	0	1	5	2	4	1	7	2	1	1	5	3	0	3	6	1	15	1	3	5	9	3	6	6	5	4	2	5	4	8	14	3	8	3	3	6	6	3	3	8	0	2	2	9	5	6	7	1	12	5	
1819_A/chicken/Kaohsiung/ 3	2	1	2	4	1	4	1	1	6	0	1	2	0	0	1	5	2	4	1	7	2	1	1	5	3	0	3	6	1	15	1	3	5	9	3	6	6	5	4	2	5	4	8	14	3	8	3	3	6	6	3	4	9	0	2	1	9	5	6	7	1	12	5	
1820_A/chicken/Kaohsiung/ 3	2	1	2	4	1	4	1	1	6	0	1	2	0	0	1	5	2	4	1	7	2	1	1	5	3	0	3	6	1	15	1	4	5	9	3	5	6	5	4	2	5	4	8	14	3	8	3	3	6	6	3	4	9	0	2	1	9	5	6	7	1	12	5	
1821_A/chicken/Kaohsiung/ 3	2	1	2	4	1	4	1	1	6	0	1	2	0	0	1	5	2	4	1	7	2	1	1	5	3	0	3	6	1	15	1	4	5	9	3	5	6	5	4	2	5	4	7	14	3	8	4	3	6	6	3	4	9	0	2	1	9	5	6	7	1	12	5	
1822_A/chicken/Kaohsiung/ 3	2	1	2	4	1	4	1	1	6	0	1	2	0	0	1	5	2	4	1	7	2	1	1	5	3	0	3	6	1	15	1	3	5	9	3	6	6	5	4	2	5	4	7	14	3	8	4	3	6	6	3	4	9	0	2	1	9	5	5	7	1	12	6	
1823_A/chicken/Kaohsiung/ 3	2	1	2	4	1	4	1	1	6	0	1	2	0	0	1	5	2	4	1	7	2	1	1	5	3	0	3	6	1	15	1	4	5	9	3	5	6	5	4	2	5	4	8	14	3	8	3	3	6	6	3	4	9	0	2	1	9	5	6	7	1	12	5	
1824_A/chicken/Kaohsiung/ 3	2	1	2	4	1	4	1	1	6	0	1	2	0	0	1	5	2	4	1	7	2	1	1	5	3	0	3	5	1	15	1	3	5	9	3	6	6	5	4	2	5	4	8	15	3	8	3	3	6	6	3	4	9	0	2	1	9	5	6	7	1	12	5	
1825_A/chicken/Kaohsiung/ 3	3	1	2	4	0	4	1	1	6	0	1	2	0	0	1	6	2	4	1	6	2	1	1	6	3	0	3	5	1	15	1	3	5	8	2	6	6	6	5	2	4	4	8	14	4	8	3	3	7	6	3	4	8	0	2	1	9	5	6	7	1	12	5	
1826_A/chicken/Kaohsiung/ 3	3	1	2	4	0	4	1	1	6	0	1	2	0	0	1	6	2	4	1	6	2	1	1	6	3	0	3	5	1	15	1	3	5	8	2	6	6	6	5	2	4	4	8	14	4	8	3	3	7	6	3	4	8	0	2	1	9	6	5	7	1	11	6	
1827_A/chicken/Kaohsiung/ 3	3	1	2	4	0	4	1	1	6	0	1	2	0	0	1	6	2	3	1	6	2	2	1	6	3	1	3	5	1	14	1	3	5	8	2	6	6	6	5	2	4	4	8	14	4	8	3	3	7	6	3	4	8	0	2	1	9	5	6	7	1	12	5	
1828_A/chicken/Kaohsiung/ 3	3	1	2	4	0	4	1	1	6	0	1	2	0	0	1	6	2	3	1	6	2	2	1	6	3	1	3	5	1	14	1	3	5	8	2	6	6	6	5	2	4	4	8	14	4	8	3	3	7	6	3	4	8	0	2	1	9	5	6	7	1	12	5	
1829_A/chicken/Liaoning/2 4	2	1	2	3	1	4	1	0	5	0	1	2	0	0	1	4	2	4	1	8	2	1	1	6	3	2	3	6	1	13	1	2	6	8	5	6	5	5	2	2	5	5	8	15	3	8	3	2	8	6	3	5	7	0	3	1	8	6	7	7	3	11	3	
1830_A/chicken/Liaoning/A 3	3	1	2	4	0	4	1	1	5	0	1	2	0	0	1	5	2	4	1	7	2	1	1	5	3	1	3	7	1	14	1	3	7	7	6	6	4	5	2	3	5	5	7	13	3	8	4	3	8	5	4	3	7	1	1	3	8	6	8	5	3	11	3	
1831_A/chicken/Liaoning/S 4	3	1	2	3	0	4	1	1	5	0	1	2	0	0	1	6	2	3	1	6	2	2	1	4	3	3	2	7	1	12	2	3	7	7	6	6	4	5	2	3	5	5	6	14	3	8	5	3	8	5	4	3	7	1	1	3	9	6	7	5	2	11	4	
1832_A/chicken/Miaoli/150 3	2	1	2	4	1	4	1	1	6	0	1	2	0	0	1	6	2	4	1	6	2	1	1	5	3	0	3	6	1	15	1	3	5	9	3	6	6	5	4	2	5	4	7	14	3	8	4	3	6	6	3	4	9	0	2	1	9	5	6	7	1	12	5	
1833_A/chicken/Nantou/161 3	2	1	2	4	1	4	1	1	6	0	1	2	0	0	1	5	2	4	1	7	2	1	1	5	3	0	3	6	1	15	1	4	5	9	3	5	6	5	4	2	5	4	8	14	3	8	3	3	6	6	3	4	9	0	2	1	9	5	6	7	1	12	5	
1834_A/chicken/New_Taipei 3	2	1	2	4	1	4	1	1	6	0	1	2	0	0	1	5	2	4	1	7	2	1	1	5	3	0	3	6	1	15	1	3	5	9	3	6	6	5	4	2	5	4	8	14	3	8	3	3	6	6	3	4	9	0	2	1	9	5	6	7	1	12	5	
1835_A/chicken/New_Taipei 3	2	1	2	4	1	4	1	1	6	0	1	2	0	0	1	5	2	4	1	7	2	1	1	5	3	0	3	6	1	15	1	3	5	9	3	6	6	5	4	2	5	4	8	14	3	8	3	3	6	6	3	4	9	0	2	1	9	5	6	7	1	12	5	
1836_A/chicken/New_Taipei 3	3	1	2	4	0	4	1	1	6	0	1	2	0	0	1	6	2	4	1	6	2	1	1	6	3	0	3	5	1	15	1	3	5	8	2	6	6	6	5	2	4	4	8	14	4	8	3	3	7	6	3	4	8	0	2	1	9	5	6	7	1	12	5	
1837_A/chicken/New_Taipei 3	2	1	2	4	1	4	1	1	6	0	1	2	0	0	1	5	2	4	1	7	2	1	0	5	3	0	4	6	1	15	1	3	5	9	3	6	6	5	4	2	6	4	8	14	2	8	3	3	6	6	3	4	9	0	2	1	9	5	6	7	1	12	5	
1838_A/chicken/New_Taipei 3	2	1	2	4	1	4	1	1	6	0	1	2	0	0	1	5	2	4	1	7	2	1	0	5	3	0	4	6	1	15	1	3	5	9	3	6	6	5	4	2	6	4	8	14	2	8	3	3	6	6	3	4	9	0	2	1	9	5	6	7	1	12	5	
1839_A/chicken/New_Taipei 3	2	1	2	4	1	4	1	1	6	0	1	2	0	0	1	5	2	4	1	7	2	1	0	5	3	0	4	6	1	15	1	3	5	9	3	6	6	5	4	2	6	4	8	14	2	8	3	3	6	6	3	4	9	0	2	1	9	5	6	7	1	12	5	
1840_A/chicken/New_Taipei 3	2	1	2	4	1	4	1	1	6	0	1	2	0	0	1	5	2	4	1	7	2	1	0	5	3	0	4	6	1	15	1	3	5	9	3	6	6	5	4	2	6	4	8	14	2	8	3	3	6	6	3	4	9	0	2	1	9	5	6	7	1	12	5	
1841_A/chicken/New_Taipei 3	3	1	2	4	0	4	1	1	6	0	1	2	0	0	1	7	2	4	1	5	2	1	1	6	3	0	3	5	1	15	1	3	6	9	2	6	5	5	5	2	4	4	8	14	4	8	3	3	7	6	3	4	8	0	2	1	9	5	5	7	1	12	6	
1842_A/chicken/Ningxia/2/ 4	3	1	2	3	0	4	1	1	4	0	1	2	1	0	1	6	2	3	1	6	2	2	1	6	3	3	2	5	1	12	2	3	7	7	6	6	4	5	2	3	5	5	6	14	3	8	5	3	8	5	4	3	7	1	1	3	9	7	7	5	2	10	4	
1843_A/chicken/Ningxia/22 4	3	1	2	3	0	4	1	1	4	0	1	2	1	0	1	6	2	3	1	6	2	2	1	6	3	3	2	5	1	12	2	3	7	7	6	6	4	5	2	3	5	5	6	14	3	8	5	3	8	5	4	3	7	1	1	3	9	7	7	5	2	10	4	
1844_A/chicken/Ningxia/24 3	3	1	2	4	0	4	1	1	5	0	1	3	0	0	1	5	1	5	1	7	2	3	1	5	3	2	3	5	1	11	1	3	7	7	6	5	4	5	2	3	4	5	7	14	4	9	3	3	8	5	4	4	7	1	1	3	8	7	8	5	3	10	3	
1845_A/chicken/North_Chin 3	1	0	2	3	2	5	1	2	4	0	1	1	0	0	1	6	2	3	1	6	2	2	0	7	4	5	2	4	0	10	3	5	7	5	5	3	4	5	4	2	6	4	5	14	3	9	6	4	11	4	3	4	5	3	2	2	8	10	5	5	3	7	7	
1846_A/chicken/PH/A2821/2 3	2	1	3	3	2	4	0	1	5	0	1	4	0	0	1	5	2	5	1	6	3	0	1	5	3	5	2	6	1	10	1	4	5	6	5	4	3	4	3	1	6	5	7	15	2	7	6	4	8	7	5	4	6	0	2	1	10	9	6	7	3	8	4	
1847_A/chicken/PT/a158/20 3	3	1	3	3	1	4	0	1	5	0	1	4	0	0	1	5	2	5	1	6	2	0	1	5	3	4	2	6	1	11	1	4	5	6	5	4	4	4	3	1	7	5	7	14	2	7	6	4	7	7	5	4	7	0	2	1	9	8	6	8	3	9	4	
1848_A/chicken/Pingtung/1 3	2	1	2	4	1	4	1	1	6	0	1	2	0	0	1	6	2	4	1	6	2	1	1	5	3	0	3	6	1	15	1	3	5	9	3	5	7	5	4	2	5	4	8	14	3	8	3	3	6	6	3	4	9	0	2	1	9	5	6	7	1	12	5	
1849_A/chicken/Pingtung/1 3	2	1	2	4	1	4	1	1	6	0	1	2	0	0	1	6	2	4	1	6	2	1	1	5	3	0	3	6	1	15	1	3	5	8	3	6	6	6	4	2	5	4	8	14	3	8	3	3	6	6	3	3	9	0	2	2	9	5	6	7	1	12	5	
1850_A/chicken/Pingtung/1 3	3	1	2	4	0	4	1	1	6	0	1	2	0	0	1	6	2	3	1	6	2	2	1	6	3	1	3	5	1	14	1	3	5	8	2	6	6	6	5	2	4	4	8	14	4	8	3	3	7	6	3	4	8	0	2	1	9	5	6	7	1	12	5	
1851_A/chicken/Pingtung/1 3	3	1	2	4	0	4	1	1	6	0	1	2	0	0	1	7	2	4	1	5	2	1	1	6	3	0	3	5	1	15	1	3	6	9	2	6	5	5	5	2	4	4	8	14	4	8	3	3	7	6	3	4	8	0	2	1	9	5	5	7	1	12	6	
1852_A/chicken/Qingdao/1/ 4	3	1	2	3	0	4	1	1	5	0	1	2	0	0	1	6	2	3	1	6	2	2	1	5	3	3	2	6	1	12	2	3	8	7	6	6	3	5	2	3	6	6	6	14	2	7	5	3	8	5	4	3	7	1	1	3	9	6	7	5	2	11	4	
1853_A/chicken/SC/a688/20 3	3	1	3	3	1	4	0	1	5	0	1	4	0	0	1	5	2	5	1	6	2	0	1	5	3	4	2	6	1	11	1	4	5	6	5	4	4	4	3	1	6	5	7	14	2	7	6	4	7	7	5	4	7	0	2	1	10	8	6	8	3	9	4	
1854_A/chicken/Shandong/A 3	3	1	2	4	0	4	1	1	5	0	1	2	0	0	1	5	2	4	1	7	2	1	1	5	3	1	3	6	1	14	1	3	7	7	6	6	4	5	2	3	4	5	7	14	5	7	4	3	8	5	4	3	7	1	1	2	8	7	8	6	3	10	3	
1855_A/chicken/Shandong/S 4	3	1	2	3	0	4	1	1	5	0	1	2	0	0	1	6	2	3	1	6	2	2	1	5	3	3	2	6	1	12	2	3	8	7	6	6	3	5	2	3	6	5	6	14	2	8	5	3	8	5	4	3	7	1	1	3	9	6	7	5	2	11	4	
1856_A/chicken/Shantou/37 3	3	1	2	4	0	4	1	1	5	0	1	2	0	0	1	5	2	4	1	7	2	1	1	5	3	0	3	6	1	15	1	3	6	9	5	6	4	4	2	2	4	5	6	14	4	8	5	2	8	6	3	5	8	0	2	1	8	6	8	7	3	11	3	
1857_A/chicken/Shanxi/04. 4	2	1	2	3	1	4	1	0	5	0	1	2	0	0	1	6	2	4	2	6	2	1	0	6	4	0	2	6	0	15	2	2	5	9	6	6	5	4	1	2	6	6	8	14	3	7	3	2	7	5	3	4	9	1	2	0	10	5	10	9	1	12	1	
1858_A/chicken/Shanxi/10/ 3	3	1	2	4	0	4	1	1	5	0	1	2	0	0	1	5	2	4	1	7	2	1	1	5	3	1	3	6	1	14	1	4	7	7	6	6	4	5	2	3	4	5	6	13	4	8	5	4	8	5	4	2	7	1	1	3	8	6	8	5	3	11	3	
1859_A/chicken/Shanxi/12. 4	3	1	2	3	0	4	1	0	5	0	1	2	0	0	1	5	2	4	2	7	2	1	0	6	4	0	3	6	0	15	1	2	6	8	7	7	5	4	1	2	5	4	8	13	3	9	3	2	8	5	2	4	8	1	3	1	8	5	9	9	2	12	2	
1860_A/chicken/Sheny/0606 3	3	1	2	4	0	4	1	1	5	0	1	2	0	0	1	5	2	4	1	7	2	1	1	4	3	1	3	7	1	14	1	3	6	7	6	6	5	5	2	3	4	6	6	14	4	7	5	3	8	5	4	3	7	1	1	2	8	6	7	6	3	11	4	
1861_A/chicken/Shenzhen/1 4	3	1	2	3	0	4	1	0	5	0	1	2	0	0	1	5	2	4	2	7	2	1	0	6	4	0	3	6	0	15	1	2	5	9	6	7	5	4	1	2	5	5	8	14	3	8	3	2	8	5	3	4	8	1	2	1	9	5	9	8	2	12	2	
1862_A/chicken/Shenzhen/1 4	3	1	2	3	0	4	1	0	6	0	1	2	0	0	1	5	2	4	2	6	2	1	0	7	4	1	2	6	0	14	1	2	7	8	6	8	4	5	1	1	5	5	8	14	3	8	4	2	7	6	3	4	7	0	2	1	9	5	8	8	2	12	3	
1863_A/chicken/Shenzhen/2 4	3	1	2	3	0	4	1	0	5	0	1	2	0	0	1	5	2	4	2	7	2	1	0	6	4	0	3	6	0	15	1	2	5	9	6	7	5	4	1	2	5	5	8	14	3	8	3	2	8	5	3	4	8	1	2	1	9	5	9	8	2	12	2	
1864_A/chicken/Shenzhen/2 4	3	1	2	3	0	4	1	0	5	0	1	2	0	0	1	5	2	4	2	7	2	1	0	6	4	0	3	6	0	15	1	2	5	9	6	7	5	4	1	2	5	5	8	14	3	8	3	2	8	5	3	4	8	1	2	1	9	6	9	8	2	11	2	
1865_A/chicken/Shenzhen/2 4	3	1	2	3	0	4	1	0	5	0	1	2	0	0	1	5	2	4	2	7	2	1	0	6	4	0	3	6	0	15	1	2	5	9	6	7	5	4	1	2	5	5	8	14	3	8	3	2	8	5	3	4	8	1	2	1	9	6	9	8	2	11	2	
1866_A/chicken/Shenzhen/4 4	3	1	2	3	0	4	1	0	5	0	1	2	0	0	1	5	2	4	2	7	2	1	0	6	4	0	3	6	0	15	1	2	5	9	6	7	5	4	1	2	5	5	8	14	3	8	3	2	8	5	3	4	8	1	2	1	8	5	9	8	3	12	2	
1867_A/chicken/Shenzhen/5 4	3	1	2	3	0	4	1	0	5	0	1	2	0	0	1	5	2	4	2	7	2	1	0	6	4	0	3	6	0	15	1	2	5	9	6	7	5	4	1	2	5	5	8	14	3	8	3	2	8	5	3	4	8	1	2	1	9	5	9	8	2	12	2	
1868_A/chicken/Shenzhen/7 4	3	1	2	3	0	4	1	0	5	0	1	2	0	0	1	5	2	4	2	7	2	1	0	6	4	0	3	6	0	15	1	2	5	9	6	7	5	4	1	2	5	5	8	14	3	8	3	2	8	5	3	4	8	1	2	1	8	5	9	8	3	12	2	
1869_A/chicken/Shijiazhua 4	2	1	3	3	1	4	0	1	5	0	1	2	0	0	1	6	2	3	1	6	2	2	1	6	3	2	2	5	1	13	2	3	8	7	6	6	3	5	2	3	5	5	5	14	3	8	6	3	8	5	3	3	7	1	2	3	9	6	7	5	2	11	4	
1870_A/chicken/Sichuan/81 4	3	1	2	3	0	4	1	0	5	0	1	2	0	0	1	5	2	4	1	7	2	1	1	6	3	0	3	6	1	15	1	3	6	8	4	6	6	5	3	2	4	5	6	14	3	8	5	2	8	6	3	5	7	0	2	1	8	7	7	7	3	10	4	
1871_A/chicken/Sichuan/NC 4	3	1	2	3	0	4	1	0	6	0	1	2	0	0	1	5	2	4	2	7	2	1	0	6	4	0	2	6	0	15	1	2	6	8	6	7	5	5	1	2	5	5	8	14	3	8	4	2	7	6	3	4	7	0	2	1	9	5	8	8	2	12	3	
1872_A/chicken/Sichuan/k1 4	3	1	2	3	0	4	1	0	5	0	1	2	0	0	1	5	2	4	2	7	2	1	0	6	4	0	3	6	0	15	1	2	5	9	6	7	5	4	1	2	5	4	8	14	3	9	3	2	8	5	3	4	7	1	2	1	10	5	9	8	2	12	2	
1873_A/chicken/TC/a504/20 3	3	1	3	3	1	4	0	1	5	0	1	4	0	0	1	5	2	5	1	6	2	0	1	4	3	4	2	7	1	11	1	4	5	6	5	4	4	4	3	1	7	5	7	14	2	7	6	4	7	7	4	4	7	0	3	1	9	8	6	8	3	9	4	
1874_A/chicken/TY/a665/20 3	3	1	3	3	1	4	0	1	5	0	1	4	0	0	1	5	2	5	1	6	2	0	1	5	3	4	2	6	1	11	1	4	5	6	5	4	4	4	3	1	7	5	7	14	2	7	6	4	7	7	5	4	7	0	2	1	9	8	6	8	3	9	4	
1875_A/chicken/Taichung/1 3	2	1	2	4	1	4	1	1	6	0	1	2	0	0	1	7	2	4	1	5	2	1	1	5	3	0	3	6	1	15	1	3	5	9	3	6	6	5	4	2	5	4	8	14	3	8	3	3	6	6	3	4	9	0	2	1	9	6	6	7	1	11	5	
1876_A/chicken/Taichung/1 3	2	1	2	4	1	4	1	1	6	0	1	2	0	0	1	6	2	4	1	6	2	1	1	5	3	0	3	6	1	15	1	3	5	9	3	6	6	5	4	2	5	4	8	14	3	8	3	3	6	6	3	4	9	0	2	1	9	5	6	7	1	12	5	
1877_A/chicken/Taichung/1 3	2	1	2	4	1	4	1	1	6	0	1	2	0	0	1	6	2	3	1	6	2	2	1	5	3	0	3	6	1	15	1	3	5	9	3	6	6	5	4	2	5	4	8	14	3	8	3	3	6	6	3	4	9	0	2	1	9	6	6	7	1	11	5	
1878_A/chicken/Taichung/1 3	2	1	2	4	1	4	1	1	6	0	1	2	0	0	1	6	1	4	1	6	3	1	1	5	4	1	4	6	0	14	0	3	5	9	2	6	6	5	5	2	5	5	8	14	3	7	3	3	7	6	3	4	7	0	2	2	10	4	6	6	1	13	5	
1879_A/chicken/Tainan/150 3	2	1	2	4	1	4	1	1	6	0	1	2	0	0	1	6	2	4	1	6	2	1	1	5	3	0	3	6	1	15	1	3	5	9	3	6	6	5	4	2	5	4	8	14	3	8	3	3	6	6	3	4	9	0	2	1	9	5	6	7	1	12	5	
1880_A/chicken/Tainan/160 3	2	1	2	4	1	4	1	1	6	0	1	2	0	0	1	6	2	4	1	6	2	1	1	5	3	0	3	6	1	15	1	3	5	7	4	6	6	6	4	2	5	5	8	14	3	7	3	3	6	6	3	3	9	0	2	2	9	4	5	7	1	13	6	
1881_A/chicken/Tainan/170 3	2	1	2	4	1	4	1	1	6	0	1	2	0	0	1	5	2	4	1	7	2	1	1	5	3	0	3	6	1	15	1	3	5	8	5	6	6	5	3	2	5	5	7	14	3	8	3	3	6	6	3	4	9	0	2	1	9	5	6	7	1	12	5	
1882_A/chicken/Taipei_Cit 3	2	1	1	4	1	4	2	1	6	0	1	2	0	0	1	5	2	4	1	7	2	1	0	5	3	0	4	6	1	15	1	3	5	9	3	6	6	5	4	2	6	4	8	14	2	8	3	3	6	6	3	4	9	0	2	1	9	5	6	7	1	12	5	
1883_A/chicken/Taipei_Cit 3	3	1	2	4	0	4	1	1	6	0	1	2	0	0	1	6	2	4	1	6	2	1	1	6	3	0	3	5	1	15	1	3	5	9	2	6	6	5	5	2	4	4	8	14	4	8	3	3	7	6	3	4	8	0	2	1	8	5	5	7	2	12	6	
1884_A/chicken/Taipei_Cit 3	3	1	2	4	0	4	1	1	6	0	1	2	0	0	1	6	2	4	1	6	2	1	1	6	3	0	3	5	1	15	1	3	5	7	2	6	6	7	5	2	4	4	8	14	4	8	3	3	7	6	3	4	8	0	2	1	9	6	4	7	1	11	7	
1885_A/chicken/Taipei/160 3	2	1	2	4	1	4	1	1	6	0	1	2	0	0	1	5	2	4	1	7	2	1	1	5	3	0	3	6	1	15	1	4	5	9	3	5	6	5	4	2	5	4	8	14	3	8	3	3	6	6	3	4	9	0	2	1	9	5	6	7	1	12	5	
1886_A/chicken/Taipei/160 3	2	1	2	4	1	4	1	1	6	0	1	2	0	0	1	5	2	4	1	7	2	1	1	5	3	0	3	6	1	15	1	4	5	9	3	5	6	5	4	2	5	4	8	14	3	8	3	3	6	6	3	4	9	0	2	1	9	5	6	7	1	12	5	
1887_A/chicken/Taipei/161 3	2	1	2	4	1	4	1	1	6	0	1	2	0	0	1	5	2	4	1	7	2	1	1	5	3	1	3	6	1	14	1	3	5	9	3	6	6	5	4	2	5	4	7	14	3	8	4	3	6	6	3	4	9	0	2	1	9	5	6	7	1	12	5	
1888_A/chicken/Taipei/170 3	2	1	2	4	1	4	1	1	6	0	1	2	0	0	1	5	2	4	1	7	2	1	0	5	3	0	4	6	1	15	1	3	5	9	3	6	6	5	4	2	6	4	8	14	2	8	3	3	6	6	3	4	9	0	2	1	9	5	6	7	1	12	5	
1889_A/chicken/Taipei/170 3	2	1	2	4	1	4	1	1	6	0	1	2	0	0	1	5	2	4	1	7	2	1	0	5	3	0	4	6	1	15	1	3	5	9	3	6	6	5	4	2	6	4	8	14	2	8	3	3	6	6	3	4	9	0	2	1	9	5	6	7	1	12	5	
1890_A/chicken/Taipei/170 3	2	1	2	4	1	4	1	1	6	0	1	2	0	0	1	5	2	4	1	7	2	1	0	5	3	0	3	6	1	15	1	3	5	9	3	6	6	5	4	2	6	4	9	14	2	8	3	3	6	6	3	4	9	0	2	1	9	5	6	7	1	12	5	
1891_A/chicken/Taishun/TS 4	1	0	2	2	2	5	1	2	4	0	1	1	0	0	1	6	2	3	2	6	2	2	0	6	4	4	1	5	0	11	3	5	7	4	6	3	4	8	2	2	5	3	5	14	3	10	5	4	7	4	3	4	7	3	1	3	10	8	6	4	4	9	7	
1892_A/chicken/Taishun/TS 4	1	0	2	2	2	5	1	2	4	0	1	2	0	0	1	5	2	3	2	7	2	2	0	5	4	5	1	5	0	10	3	5	7	4	5	3	3	8	3	2	7	3	5	14	2	10	5	4	8	4	3	4	7	3	1	3	9	8	6	4	4	9	7	
1893_A/chicken/Taiwan/010 3	2	0	3	3	1	5	0	1	5	0	1	3	0	0	1	5	2	5	0	6	2	0	2	7	3	3	2	5	1	12	1	4	4	6	5	5	5	4	3	2	6	5	7	14	2	7	6	5	9	7	4	3	8	0	2	1	7	5	8	8	2	12	3	
1894_A/chicken/Taiwan/011 3	2	1	2	4	1	4	1	1	6	0	1	2	0	0	1	6	2	4	1	6	2	1	1	5	3	0	3	6	1	15	1	3	5	8	4	6	6	5	4	2	5	4	8	14	3	8	3	3	6	6	3	4	9	0	2	1	9	5	6	7	1	12	5	
1895_A/chicken/Taiwan/050 3	2	1	3	3	1	4	0	1	5	0	1	4	0	0	1	5	2	5	1	6	2	0	1	6	2	4	2	5	2	11	1	4	5	6	5	4	4	4	3	1	7	5	7	14	2	7	6	4	9	7	5	3	6	0	2	3	9	9	6	7	3	8	4	
1896_A/chicken/Taiwan/168 3	2	0	3	3	1	5	0	1	5	0	1	2	0	0	1	5	2	5	0	6	2	0	2	7	4	2	2	6	0	13	1	3	4	6	5	4	6	4	3	2	6	5	7	14	2	7	6	6	9	7	4	3	8	0	2	1	7	5	8	8	2	12	3	
1897_A/chicken/Taiwan/169 3	2	0	3	3	1	5	0	1	5	0	1	2	0	0	1	5	2	5	0	6	2	0	2	7	4	2	2	6	0	13	1	3	4	6	5	4	6	4	3	2	6	5	7	14	2	7	6	6	9	7	4	3	8	0	2	1	7	5	8	8	2	12	3	
1898_A/chicken/Taiwan/170 3	2	0	3	3	1	5	0	1	5	0	1	2	0	0	1	5	2	5	0	6	2	0	2	7	4	2	2	6	0	13	1	3	4	6	5	4	6	4	3	2	6	5	7	14	2	7	6	6	9	7	4	3	8	0	2	1	7	5	8	8	2	12	3	
1899_A/chicken/Taiwan/171 3	2	0	3	3	1	5	0	1	5	0	1	2	0	0	1	5	2	5	0	6	2	0	2	7	4	2	2	6	0	13	1	3	4	6	5	4	6	4	3	2	6	5	7	14	2	7	6	6	9	7	4	3	8	0	2	1	7	5	8	8	2	12	3	
1900_A/chicken/Taiwan/259 3	2	1	3	3	2	4	0	1	5	0	1	4	0	0	1	5	2	5	1	6	2	0	1	5	3	4	2	6	1	11	1	4	5	6	5	4	4	4	3	1	7	5	7	14	2	7	6	4	8	7	5	4	6	0	2	2	9	8	6	7	3	9	4	
1901_A/chicken/Taiwan/294 3	2	1	3	3	2	4	0	2	5	0	1	3	0	0	1	5	2	5	1	6	2	0	1	6	3	4	2	5	1	11	1	4	5	6	5	4	4	4	3	1	7	5	7	14	2	7	6	4	8	7	5	4	6	0	2	2	9	8	6	7	3	9	4	
1902_A/chicken/Taiwan/444 3	2	1	3	3	2	4	0	1	5	0	1	4	0	0	1	5	2	5	1	6	2	0	1	5	3	4	2	6	1	11	1	4	5	6	5	4	4	4	3	1	7	5	8	14	2	7	5	4	8	7	5	4	6	0	2	2	9	8	6	7	3	9	4	
1903_A/chicken/Taiwan/683 3	2	1	3	3	2	4	0	1	5	0	1	4	0	0	1	5	2	5	1	6	2	0	1	5	3	4	2	6	1	11	1	3	5	6	6	4	4	4	2	1	6	5	7	14	3	7	6	5	8	7	5	4	6	0	2	0	9	8	6	9	3	9	4	
1904_A/chicken/Taiwan/735 3	2	1	3	3	2	4	0	1	5	0	1	4	0	0	1	5	2	5	1	6	2	0	1	5	3	4	2	6	1	11	1	4	5	6	5	4	4	4	3	1	7	5	7	14	2	7	6	4	8	7	5	4	6	0	2	2	9	8	6	7	3	9	4	
1905_A/chicken/Taiwan/898 3	2	1	3	3	2	4	0	1	5	0	1	5	0	0	1	5	2	5	1	6	2	0	1	5	3	4	2	5	1	11	1	4	5	6	5	4	4	4	3	1	7	5	7	14	2	7	6	4	8	7	5	4	6	0	2	2	10	8	6	7	2	9	4	
1906_A/chicken/Taiwan/899 3	2	1	3	3	2	4	0	1	5	0	1	5	0	0	1	5	2	5	1	6	2	0	1	5	3	4	2	5	1	11	1	4	5	6	5	4	4	4	3	1	7	5	7	14	2	7	6	4	8	7	5	4	6	0	2	2	10	8	6	7	2	9	4	
1907_A/chicken/Taiwan/899 3	2	1	3	3	2	4	0	1	5	0	1	5	0	0	1	5	2	5	1	6	2	0	1	5	3	4	2	5	1	11	1	4	5	6	5	4	4	4	3	1	7	5	7	14	2	7	6	4	8	7	5	4	6	0	2	2	10	8	6	7	2	9	4	
1908_A/chicken/Taiwan/A1/ 3	2	0	3	3	2	5	0	1	5	0	1	3	0	0	1	5	2	5	1	6	2	0	1	5	3	4	2	7	1	11	1	4	6	7	6	4	4	3	2	1	7	3	5	14	2	10	7	5	6	7	4	3	7	0	3	1	9	9	6	8	3	8	4	
1909_A/chicken/Taiwan/A19 3	2	1	3	3	1	4	0	1	5	0	1	4	0	0	1	5	2	5	1	6	2	0	1	6	2	4	2	5	2	11	1	4	5	6	5	4	4	4	3	1	7	5	7	14	2	7	6	4	9	7	5	3	6	0	2	3	9	9	6	7	3	8	4	
1910_A/chicken/Taiwan/D2/ 3	3	1	2	4	0	4	1	1	6	0	1	2	0	0	1	6	2	3	1	6	2	2	1	6	3	1	3	5	1	14	1	3	5	8	3	6	6	6	4	2	4	4	8	14	4	8	3	3	7	6	2	4	8	0	3	1	9	5	6	7	1	12	5	
1911_A/chicken/Taiwan/D9/ 3	3	1	2	4	0	4	1	1	6	0	1	2	0	0	1	6	2	3	1	6	2	2	1	6	3	1	3	5	1	14	1	3	5	8	3	6	6	6	4	2	4	4	8	14	4	8	3	3	7	6	2	4	8	0	3	1	9	5	6	7	1	12	5	
1912_A/chicken/Tibet/LZ01 3	1	0	2	3	2	5	1	3	4	0	1	1	0	0	1	6	2	3	1	6	2	2	0	6	4	5	2	4	0	10	3	5	6	5	5	4	4	5	4	2	6	4	5	14	3	9	6	4	12	4	3	3	5	3	2	2	8	10	5	5	3	7	7	
1913_A/chicken/Wuhan/HAQL 4	1	0	2	2	2	5	1	2	4	0	1	1	0	0	1	7	2	3	2	6	2	2	0	6	4	6	1	5	0	9	3	4	7	4	6	3	4	8	2	2	5	3	5	14	3	10	5	4	7	4	3	4	7	3	1	3	9	7	6	4	5	10	7	
1914_A/chicken/Wuhan/HAQL 4	1	0	2	2	2	5	1	2	4	0	1	1	0	0	1	7	2	3	2	6	2	2	0	6	4	5	1	5	0	10	3	4	7	4	6	3	4	8	2	2	5	3	5	14	3	10	5	4	7	4	3	4	7	3	1	3	9	7	6	4	5	10	7	
1915_A/chicken/Wuhan/WHJF 5	1	0	3	2	1	5	0	0	5	0	1	2	1	0	1	6	2	4	1	6	2	1	1	6	3	2	2	6	1	13	2	3	5	4	7	4	6	6	2	2	6	5	7	14	3	7	5	4	7	4	3	3	9	3	2	1	7	7	5	9	2	10	6	
1916_A/chicken/Wuhan/WHYJ 4	3	1	2	3	0	4	1	0	5	0	1	2	0	0	1	5	2	4	2	7	2	1	0	6	4	0	3	6	0	15	1	3	5	10	6	6	5	3	1	2	5	5	8	14	3	8	3	3	8	5	3	4	8	1	2	1	9	5	9	7	2	12	2	
1917_A/chicken/Wuxi/WX-32 4	3	1	2	3	0	4	1	0	5	0	1	2	0	0	1	5	2	4	2	7	2	1	0	6	4	0	3	6	0	15	1	2	6	8	5	7	5	5	2	2	5	5	7	14	3	8	4	2	6	6	3	4	9	0	2	2	9	5	9	7	2	12	2	
1918_A/chicken/Wuxi/WX-33 4	3	1	2	3	0	4	1	0	5	0	1	2	0	0	1	5	2	4	2	7	2	1	0	6	4	0	3	6	0	15	1	2	6	8	5	7	5	5	2	2	5	5	7	14	3	8	4	2	6	6	3	4	9	0	2	2	9	5	9	7	2	12	2	
1919_A/chicken/Xinjiang/1 3	3	1	2	4	0	4	1	2	5	0	1	2	0	0	1	5	2	4	1	7	2	1	1	3	3	2	3	7	1	13	1	3	6	8	5	6	5	5	2	2	4	4	7	14	4	8	5	2	8	6	3	5	7	0	2	1	8	6	8	7	3	11	3	
1920_A/chicken/Xinjiang/2 3	3	1	2	4	0	4	1	1	5	0	1	2	0	0	1	5	2	4	1	7	2	2	1	4	2	0	3	7	1	14	1	4	6	8	5	5	5	5	2	2	4	5	6	14	4	8	5	1	8	6	3	5	7	0	2	1	9	6	7	8	3	11	4	
1921_A/chicken/Xinjiang/5 3	3	1	2	4	0	4	1	1	5	0	1	2	0	0	1	5	2	4	1	7	2	1	1	4	3	0	3	8	0	15	1	4	6	8	5	5	5	5	2	2	4	5	6	14	4	8	5	1	8	6	3	5	7	0	2	1	8	6	7	8	3	11	4	
1922_A/chicken/Xinjiang/5 3	3	1	2	4	0	4	1	1	5	0	1	2	0	0	1	5	2	4	1	7	2	1	1	4	3	0	3	7	1	15	1	3	6	8	5	6	5	5	2	2	4	5	6	14	4	8	5	2	8	6	3	5	7	0	2	0	8	6	8	8	3	11	3	
1923_A/chicken/Xinjiang/6 3	3	1	2	4	0	4	1	1	5	0	1	2	0	0	1	5	2	4	1	7	2	1	1	4	3	0	3	7	1	15	1	4	6	8	5	5	5	5	2	2	4	5	6	14	4	8	5	1	8	6	3	5	7	0	2	1	8	6	7	8	3	11	4	
1924_A/chicken/Xinjiang/6 4	3	1	2	3	0	4	1	1	5	0	1	2	0	0	1	5	2	4	1	7	2	2	1	4	3	1	3	7	1	13	1	3	6	8	5	6	5	5	2	2	4	5	6	14	4	11	2	2	8	6	3	5	7	0	2	1	8	6	8	7	3	11	3	
1925_A/chicken/Xuzhou/XZ6 4	3	1	2	3	0	4	1	0	5	0	1	2	0	0	1	5	2	4	2	7	2	1	0	6	4	0	3	6	0	15	1	2	6	7	6	7	4	6	1	2	5	5	8	14	3	8	3	2	7	5	3	4	9	1	2	1	8	4	9	8	3	13	2	
1926_A/chicken/YL/A3190/2 3	2	1	1	3	1	4	2	1	5	0	1	5	0	0	1	6	2	5	1	5	2	0	1	5	2	4	3	5	2	11	0	4	4	6	5	4	5	4	3	1	7	5	7	14	2	7	6	5	9	7	5	2	6	0	2	3	9	10	6	7	3	7	4	
1927_A/chicken/Yangzhou/Y 4	3	1	2	3	0	4	1	0	6	0	1	2	0	0	1	5	2	4	2	7	2	1	0	6	4	0	2	6	0	15	1	2	7	8	6	7	4	5	1	2	5	5	8	14	3	8	4	2	7	6	3	4	7	0	2	1	9	5	8	8	2	12	3	
1928_A/chicken/Yuhang/1/2 4	1	0	2	2	2	5	1	3	4	0	1	0	0	0	1	5	1	4	2	7	3	1	0	6	4	3	0	5	0	12	4	5	7	4	5	4	4	7	4	2	5	3	6	14	3	10	4	4	10	3	3	3	6	4	1	3	8	8	6	4	4	9	7	
1929_A/chicken/Yuhang/2/2 4	1	0	2	2	2	5	1	3	4	0	1	0	0	0	1	5	1	4	2	7	3	1	0	6	4	3	0	5	0	12	4	5	7	4	5	4	4	8	3	2	5	3	6	14	3	10	4	4	10	3	3	3	6	4	1	3	8	8	6	4	4	9	7	
1930_A/chicken/Yunlin/150 3	2	1	2	4	1	4	1	1	6	0	1	2	0	0	1	7	2	4	1	5	2	1	1	5	3	0	3	6	1	15	1	3	5	9	3	6	6	5	4	2	5	4	8	14	3	8	3	3	6	6	3	4	9	0	2	1	9	5	6	7	1	12	5	
1931_A/chicken/Yunlin/150 3	2	1	2	4	1	4	1	1	6	0	1	2	0	0	1	6	2	4	1	6	2	1	1	5	3	0	3	6	1	15	1	3	5	9	3	6	6	5	4	2	5	3	8	14	3	9	3	3	6	6	3	4	9	0	2	1	9	5	6	7	1	12	5	
1932_A/chicken/Yunlin/150 3	2	1	2	4	1	4	1	1	6	0	1	2	0	0	1	6	2	4	1	6	2	1	1	5	3	0	3	6	1	15	1	3	5	9	3	6	6	5	4	2	5	4	8	14	3	8	3	3	6	6	3	4	9	0	2	1	9	5	6	7	1	12	5	
1933_A/chicken/Yunlin/150 3	2	1	2	4	1	4	1	1	6	0	1	2	0	0	1	6	2	4	1	6	2	1	1	6	3	0	3	5	1	15	1	3	5	9	3	6	6	5	4	2	5	4	7	14	3	8	4	3	6	6	3	4	9	0	2	1	9	5	6	7	1	12	5	
1934_A/chicken/Yunlin/150 4	2	1	2	3	1	4	1	1	6	0	1	1	0	0	1	6	2	4	1	6	2	1	1	5	3	0	3	7	1	15	1	3	5	9	3	6	6	5	4	2	5	4	8	14	3	8	3	3	6	6	3	4	9	0	2	1	9	5	6	7	1	12	5	
1935_A/chicken/Yunlin/150 4	2	1	2	3	1	4	1	1	6	0	1	2	0	0	1	6	2	4	1	6	2	1	1	5	3	0	3	6	1	15	1	3	5	9	3	6	6	5	4	2	5	4	8	14	3	8	3	3	6	6	3	4	9	0	2	1	9	5	6	7	1	12	5	
1936_A/chicken/Yunlin/150 4	2	1	2	3	1	4	1	1	6	0	1	2	0	0	1	6	2	4	1	6	2	1	1	5	3	0	3	6	1	15	1	3	5	9	3	6	6	5	4	2	5	4	8	14	3	8	3	3	6	6	3	4	9	0	2	1	9	5	6	7	1	12	5	
1937_A/chicken/Yunlin/150 3	2	1	2	4	1	4	1	2	6	0	1	2	0	0	1	6	2	4	1	6	2	1	1	4	3	0	3	6	1	15	1	3	5	9	3	6	6	5	4	2	5	4	8	14	3	8	3	3	6	6	3	4	8	0	2	1	10	5	6	7	1	12	5	
1938_A/chicken/Yunlin/160 3	2	1	2	4	1	4	1	1	6	0	1	2	0	0	1	6	2	4	1	6	2	1	1	5	3	0	3	6	1	15	1	3	5	9	2	6	6	5	5	2	5	4	8	14	3	8	3	4	6	6	3	3	9	0	2	1	9	5	6	7	1	12	5	
1939_A/chicken/Yunlin/160 3	2	1	2	4	1	4	1	1	6	0	1	2	0	0	1	6	2	4	1	6	2	1	1	5	3	0	3	6	1	15	1	3	4	8	3	6	7	6	4	2	5	4	8	14	3	8	3	3	6	6	3	4	9	0	2	1	9	4	6	7	1	13	5	
1940_A/chicken/Yunlin/160 3	2	1	2	4	1	4	1	1	6	0	1	2	0	0	1	6	1	4	1	6	3	1	1	5	3	0	3	6	1	15	1	3	5	9	2	6	6	5	5	2	5	4	8	14	3	8	3	3	6	6	3	4	9	0	2	1	9	4	6	7	1	13	5	
1941_A/chicken/Yunlin/160 3	2	1	2	4	1	4	1	1	6	0	1	2	0	0	1	6	2	4	1	6	2	1	1	5	3	0	3	6	1	15	1	3	5	9	3	6	6	5	4	2	5	4	8	14	3	8	3	3	6	6	3	4	9	0	2	1	9	5	6	7	1	12	5	
1942_A/chicken/Yunlin/170 3	2	1	2	4	1	4	1	1	6	0	1	2	0	0	1	6	1	4	1	6	3	1	1	5	3	0	4	6	1	15	0	3	5	9	2	6	6	5	5	2	5	4	8	14	3	8	3	3	7	6	3	4	8	0	2	1	9	5	6	7	1	12	5	
1943_A/chicken/Yunlin/170 3	3	1	2	4	0	4	1	1	6	0	1	2	0	0	1	6	2	4	1	6	2	1	1	6	3	0	3	5	1	15	1	3	5	9	2	6	6	5	5	2	4	4	8	14	4	8	3	3	7	6	3	4	8	0	2	1	8	5	6	7	2	12	5	
1944_A/chicken/Yunlin/170 3	3	1	2	4	0	4	1	1	6	0	1	2	0	0	1	6	2	4	1	6	2	1	1	6	3	0	3	5	1	15	1	3	5	9	2	6	6	5	5	2	4	4	8	14	4	8	3	3	7	6	3	4	8	0	2	1	9	5	6	7	1	12	5	
1945_A/chicken/Yunlin/170 3	3	1	2	4	0	4	1	0	6	0	1	3	0	0	1	6	2	4	1	6	2	1	1	6	3	0	3	5	1	15	1	3	5	9	2	6	6	5	5	2	4	4	8	14	4	8	3	3	7	6	3	4	8	0	2	1	9	6	6	7	1	11	5	
1946_A/chicken/Yunlin/170 3	3	1	2	4	0	4	1	1	6	0	1	2	0	0	1	6	2	4	1	6	2	1	1	6	3	0	3	5	1	15	1	3	5	9	2	6	6	5	5	2	4	4	8	14	4	8	3	3	7	6	3	4	8	0	2	1	9	6	5	7	1	11	6	
1947_A/chicken/Yunlin/170 3	3	1	2	4	0	4	1	1	6	0	1	2	0	0	1	6	2	4	1	6	2	1	1	6	3	0	3	5	1	15	1	3	5	8	2	5	6	6	5	3	4	4	8	14	4	8	3	3	7	6	3	4	8	0	2	2	9	5	7	6	1	12	4	
1948_A/chicken/Yunlin/170 3	3	1	2	4	0	4	1	1	6	0	1	2	0	0	1	6	2	4	1	6	2	1	1	6	3	0	3	5	1	15	1	3	5	8	2	6	6	6	5	2	4	4	8	14	4	8	3	3	7	6	3	4	8	0	2	1	9	5	6	7	1	12	5	
1949_A/chicken/Yunlin/170 3	3	1	2	4	0	4	1	1	6	0	1	2	0	0	1	6	2	4	1	6	2	1	1	6	3	0	3	5	1	15	1	3	5	9	2	6	6	5	5	2	4	4	8	14	4	8	3	3	7	6	3	4	8	0	2	1	9	5	5	7	1	12	6	
1950_A/chicken/Yunlin/170 3	3	1	2	4	0	4	1	1	6	0	1	2	0	0	1	6	2	4	1	6	2	1	1	6	3	0	3	5	1	15	1	3	5	9	2	6	6	5	5	2	4	4	8	14	4	8	3	3	7	6	3	4	8	0	2	1	9	5	6	7	1	12	5	
1951_A/chicken/Yunlin/170 3	3	1	2	4	0	4	1	1	6	0	1	2	0	0	1	6	2	4	1	6	2	1	1	6	3	0	3	5	1	15	1	3	5	9	2	6	6	5	5	2	4	4	8	14	4	8	3	3	7	6	3	4	8	0	2	1	9	5	5	7	1	12	6	
1952_A/chicken/Yunlin/170 3	3	1	2	4	0	4	1	0	6	0	1	3	0	0	1	6	2	4	1	6	2	1	1	6	3	0	3	5	1	15	1	3	5	9	2	6	6	5	5	2	4	4	8	14	4	8	3	3	7	6	3	4	8	0	2	1	9	6	6	7	1	11	5	
1953_A/chicken/Yunlin/170 2	3	1	2	5	0	4	1	1	6	0	1	2	0	0	1	6	2	4	1	6	2	1	1	6	3	0	3	5	1	15	1	3	5	9	2	6	6	5	5	2	4	5	8	14	4	7	3	3	7	6	3	4	8	0	2	1	9	5	6	7	1	12	5	
1954_A/chicken/Yunlin/170 3	2	1	2	4	1	4	1	1	6	0	1	2	0	0	1	6	2	4	1	6	2	1	1	6	3	0	3	5	1	15	1	3	5	8	2	6	6	6	5	2	4	4	8	14	4	8	3	3	7	6	3	4	8	0	2	2	9	5	6	6	1	12	5	
1955_A/chicken/Yunlin/170 3	2	1	2	4	0	4	1	1	6	0	1	2	1	0	1	6	2	4	1	6	2	1	1	6	3	0	3	5	1	15	1	3	5	8	3	6	6	5	5	2	4	4	8	14	4	8	3	3	7	6	3	4	8	0	2	1	9	5	5	7	1	12	6	
1956_A/chicken/Yunlin/170 3	3	1	2	4	0	4	1	1	6	0	1	2	0	0	1	6	2	4	1	6	2	1	1	6	3	0	3	5	1	15	1	3	6	8	3	6	6	5	5	2	4	4	8	14	4	8	3	3	6	6	3	4	8	0	2	1	9	5	5	7	1	12	6	
1957_A/chicken/Yunlin/170 3	3	1	2	4	0	4	1	1	6	0	1	2	0	0	1	6	2	4	1	6	2	1	1	6	3	0	3	5	1	15	1	3	5	9	2	6	6	5	5	2	4	4	8	14	4	8	3	3	7	6	3	4	8	0	2	1	9	5	5	7	1	12	6	
1958_A/chicken/Yunlin/170 3	3	1	2	4	0	4	1	1	6	0	1	2	0	0	1	6	2	4	1	6	2	1	1	6	3	0	3	5	1	15	1	3	5	9	2	6	6	5	5	2	4	4	8	14	4	8	3	3	7	6	3	4	8	0	2	1	9	5	5	7	1	12	6	
1959_A/chicken/Yunlin/180 3	3	1	2	4	0	4	1	1	6	0	1	2	0	0	1	6	2	4	1	6	2	1	1	6	3	0	3	5	1	15	1	3	5	9	2	6	6	5	5	2	4	4	8	14	4	8	3	3	7	6	3	4	8	0	2	1	9	5	5	7	1	12	6	
1960_A/chicken/Yunlin/180 3	3	1	2	4	0	4	1	1	6	0	1	2	0	0	1	6	2	3	1	6	2	2	1	6	3	0	3	5	1	15	1	3	5	8	2	6	6	6	5	2	4	4	8	14	4	8	3	3	7	6	3	4	8	0	2	1	9	6	5	7	1	11	6	
1961_A/chicken/Yunlin/180 3	3	1	2	4	0	4	1	1	6	0	1	2	0	0	1	6	2	3	1	6	2	2	1	6	3	0	3	5	1	15	1	3	6	8	2	6	5	6	5	2	4	4	8	14	4	8	3	3	7	6	3	4	8	0	2	1	9	6	5	7	1	11	6	
1962_A/chicken/Yunlin/180 3	3	1	2	4	0	4	1	1	6	0	1	2	0	0	1	6	2	3	1	6	2	2	1	6	3	0	3	5	1	15	1	3	6	8	2	6	5	6	5	2	4	4	8	14	4	8	3	3	7	6	3	4	8	0	2	1	9	6	5	7	1	11	6	
1963_A/chicken/Yunlin/180 3	3	1	2	4	0	4	1	1	6	0	1	2	0	0	1	6	2	3	1	6	2	2	1	6	3	0	3	5	1	15	1	3	6	8	2	6	5	6	5	2	4	4	8	14	4	8	3	3	7	6	3	4	8	0	2	1	9	6	5	7	1	11	6	
1964_A/chicken/Yunlin/180 3	3	1	2	4	0	4	1	1	6	0	1	2	0	0	1	6	2	3	1	6	2	2	1	6	3	0	3	5	1	15	1	3	5	8	2	6	6	6	5	2	4	4	8	14	4	8	3	3	7	6	3	4	8	0	2	2	9	6	5	6	1	11	6	
1965_A/chicken/Yunlin/180 3	3	1	2	4	0	4	1	1	6	0	1	2	0	0	1	6	2	3	1	6	2	2	1	6	3	0	3	5	1	15	1	3	6	8	2	6	5	6	5	2	4	4	8	14	4	8	3	3	8	6	3	4	7	0	2	2	8	6	5	7	1	11	6	
1966_A/chicken/Yunlin/180 3	3	1	2	4	0	4	1	1	6	0	1	2	0	0	1	6	2	3	1	6	2	2	1	6	3	0	3	5	1	15	1	3	6	8	2	6	5	6	5	2	4	4	8	14	4	8	3	3	7	6	3	4	8	0	2	1	9	6	5	7	1	11	6	
1967_A/chicken/Yunlin/180 3	3	1	2	4	0	4	1	1	6	0	1	2	0	0	1	6	2	3	1	6	2	2	1	6	3	0	3	5	1	15	1	3	6	8	2	6	5	6	5	2	4	4	8	14	4	8	3	3	7	6	3	4	8	0	2	1	9	6	5	7	1	11	6	
1968_A/chicken/Yunlin/180 3	3	1	2	4	0	4	1	1	7	0	1	2	0	0	1	6	2	4	1	6	2	1	1	6	3	1	3	5	1	14	1	3	5	9	2	6	6	5	5	2	4	4	8	14	4	8	3	3	7	6	3	4	8	0	2	1	8	5	5	7	1	12	6	
1969_A/chicken/Yunnan/1/2 4	3	1	2	3	0	4	1	0	5	0	1	2	0	0	1	5	2	4	2	7	2	1	0	6	4	0	3	6	0	15	1	2	5	10	6	7	5	3	1	2	5	5	8	14	3	8	3	2	8	5	3	4	8	1	2	1	9	6	8	8	2	11	3	
1970_A/chicken/Yunnan/207 4	3	1	2	3	0	4	1	1	5	0	1	2	0	0	1	5	2	4	1	7	2	1	1	5	3	0	3	6	1	15	1	3	7	8	5	6	4	5	2	2	4	4	6	14	4	9	5	2	8	6	3	5	7	0	2	1	8	6	8	7	3	11	3	
1971_A/chicken/Yunnan/568 4	3	1	2	3	0	4	1	1	5	0	1	2	0	0	1	5	2	4	1	7	2	1	1	5	3	0	3	6	1	15	1	3	7	8	5	6	4	5	2	2	4	4	6	14	4	9	5	2	8	6	3	5	7	0	2	1	8	6	8	7	3	11	3	
1972_A/chicken/Yunnan/679 4	2	1	2	3	1	4	1	1	5	0	1	2	0	0	1	5	2	4	1	7	2	1	1	5	3	0	3	6	1	15	1	3	7	8	5	6	4	5	2	2	4	4	6	14	4	9	5	2	8	6	3	5	7	0	2	1	8	6	8	7	3	11	3	
1973_A/chicken/Yunnan/688 4	3	1	2	3	0	4	1	1	5	0	1	2	0	0	1	5	2	4	1	7	2	1	1	5	3	0	3	6	1	15	1	3	7	8	5	6	4	5	2	2	4	4	6	14	4	9	5	2	8	6	3	5	7	0	2	1	8	6	8	7	3	11	3	
1974_A/chicken/Zhejiang/1 4	3	1	2	3	0	4	1	0	5	0	1	2	0	0	1	5	2	4	2	7	2	1	0	6	4	0	3	6	0	15	1	2	6	9	6	7	5	4	1	2	5	5	8	14	3	8	3	2	8	5	2	4	8	1	3	1	8	5	9	8	2	12	2	
1975_A/chicken/Zhejiang/1 4	1	0	2	2	2	5	1	1	4	0	1	3	0	0	1	5	2	3	2	7	2	2	0	6	4	5	2	4	0	10	2	5	7	4	6	3	3	8	2	2	7	3	6	14	2	9	5	4	9	4	3	4	7	3	1	3	8	9	6	4	4	8	7	
1976_A/chicken/Zhejiang/1 4	4	1	2	3	0	4	1	0	4	0	1	1	0	0	1	5	2	4	2	7	2	1	0	6	4	0	3	7	0	15	1	3	5	9	6	6	5	4	1	2	6	6	7	14	2	7	4	2	8	5	3	4	8	1	2	2	9	5	9	7	2	12	2	
1977_A/chicken/Zhejiang/2 4	2	1	3	3	1	4	0	1	5	0	1	2	1	0	1	6	2	4	1	6	2	1	1	4	3	1	3	6	1	14	1	3	5	8	3	6	6	6	4	3	5	4	8	14	3	8	3	4	7	6	2	3	8	0	2	1	9	5	7	7	1	12	5	
1978_A/chicken/Zhejiang/2 4	4	1	2	3	0	4	1	0	4	0	1	1	0	0	1	5	2	4	2	7	2	1	0	6	4	0	3	7	0	15	1	3	5	9	6	6	5	4	1	2	6	6	7	14	2	7	4	2	8	5	3	4	8	1	2	2	9	5	9	7	2	12	2	
1979_A/chicken/Zhejiang/2 4	3	1	2	3	0	4	1	1	6	0	1	2	0	0	1	6	2	4	1	6	2	1	1	4	3	2	3	6	1	13	1	3	5	7	3	6	6	7	4	3	5	4	8	14	3	8	3	3	7	6	3	4	8	0	2	1	9	5	6	7	1	12	5	
1980_A/chicken/Zhejiang/5 4	3	1	2	3	0	4	1	0	5	0	1	2	0	0	1	5	2	4	2	7	2	1	0	6	4	0	3	6	0	15	1	2	6	8	5	7	5	4	2	2	5	5	8	14	3	8	3	2	7	6	3	4	8	1	2	1	9	5	9	8	2	12	2	
1981_A/chicken/Zhejiang/5 4	3	1	2	3	0	4	1	0	5	0	1	2	0	0	1	6	2	4	2	6	2	1	0	6	4	1	3	6	0	14	1	2	5	9	6	7	4	4	1	2	6	5	8	14	3	8	3	2	8	5	3	4	7	1	2	0	10	5	9	9	2	12	2	
1982_A/chicken/Zhejiang/6 4	1	0	2	2	2	5	1	1	4	0	1	3	0	0	1	5	2	3	2	7	2	2	0	6	4	5	1	4	0	10	3	5	6	4	6	3	3	8	2	2	8	3	6	14	2	10	4	4	8	4	3	4	7	3	1	3	8	9	6	4	5	8	7	
1983_A/chicken/Zhejiang/6 4	3	1	2	3	0	4	1	0	6	0	1	3	0	0	1	5	2	4	2	7	2	1	0	6	4	0	2	5	0	15	1	2	7	8	6	7	4	5	1	2	5	5	8	14	3	8	4	2	7	6	3	4	7	0	2	1	9	5	8	8	2	12	3	
1984_A/chicken/Zhejiang/7 4	3	1	2	3	0	4	1	0	5	0	1	2	0	0	1	5	2	4	2	6	2	1	0	7	4	0	3	6	0	15	1	3	5	9	6	6	5	4	1	2	5	5	8	14	3	8	3	2	10	5	3	4	7	1	2	1	9	5	9	8	1	12	2	
1985_A/chicken/Zhejiang/7 4	3	1	2	3	0	4	1	0	5	0	1	2	0	0	1	5	2	4	2	6	2	1	0	7	4	0	3	6	0	15	1	3	5	9	6	6	5	4	1	2	5	5	8	14	3	8	3	2	10	5	3	4	7	1	2	1	9	5	9	8	1	12	2	
1986_A/chicken/Zhejiang/7 4	3	1	1	3	0	4	2	0	5	0	1	2	0	0	1	4	2	4	1	7	2	1	1	6	4	0	3	7	0	15	1	3	5	7	6	6	5	5	1	2	5	5	8	14	3	8	3	3	12	5	3	3	6	2	2	1	6	6	9	8	3	11	2	
1987_A/chicken/Zhejiang/7 4	3	1	2	3	0	4	1	0	5	0	1	2	0	0	1	5	2	4	2	6	2	1	0	7	4	0	3	6	0	15	1	3	5	9	6	6	5	4	1	2	5	5	8	14	3	8	3	2	10	5	3	4	7	1	2	1	9	5	9	8	1	12	2	
1988_A/chicken/Zhejiang/7 4	3	1	1	3	0	4	2	0	5	0	1	2	0	0	1	4	2	4	1	7	2	1	1	6	4	0	3	7	0	15	1	3	5	7	6	6	5	5	1	2	5	5	8	14	3	8	3	3	12	5	3	3	6	2	2	1	6	6	9	8	3	11	2	
1989_A/chicken/Zhejiang/7 4	2	1	1	3	1	4	2	1	6	0	1	2	0	0	1	6	2	4	1	6	2	1	1	4	3	1	3	6	1	14	1	3	5	8	3	6	6	6	4	3	5	4	8	14	3	8	3	3	7	6	3	4	8	0	2	1	9	5	6	7	1	12	5	
1990_A/chicken/Zhejiang/8 4	2	1	1	3	1	4	2	1	6	0	1	2	0	0	1	6	2	4	1	6	2	1	1	4	3	1	3	6	1	14	1	3	5	8	3	6	6	6	4	3	5	4	8	14	3	8	3	3	7	6	3	4	8	0	2	1	9	5	6	7	1	12	5	
1991_A/common_mallard/Nin 2	2	1	4	3	1	4	0	2	4	0	1	2	1	0	1	5	2	4	1	7	2	1	1	5	3	2	2	6	1	13	2	4	3	4	7	3	10	6	1	3	4	5	8	13	3	6	5	4	8	5	3	5	8	2	2	1	5	8	5	8	4	9	6	
1992_A/condor/Guangdong/1 5	3	1	2	3	0	4	1	0	5	0	1	2	0	0	1	4	2	4	1	7	2	1	1	6	3	0	3	6	1	15	1	3	7	8	5	6	5	5	2	2	3	5	6	15	4	8	5	2	8	6	3	5	7	0	2	1	9	6	8	6	2	11	3	
1993_A/domestic_green-win 5	1	0	3	2	2	5	0	1	5	0	1	1	0	0	1	5	2	3	1	7	2	2	1	5	3	3	2	7	1	12	2	3	4	5	6	4	8	5	3	2	5	6	6	14	3	6	6	5	9	5	3	3	8	2	2	1	5	8	4	8	3	9	7	
1994_A/duck/Anhui/56/2005 4	3	1	2	3	0	4	1	0	5	0	1	2	0	0	1	6	2	4	1	6	2	1	1	6	3	0	3	6	1	15	1	3	5	9	5	6	5	4	2	2	4	5	6	14	5	8	5	2	8	6	3	5	7	0	2	1	8	6	8	7	3	11	3	
1995_A/duck/Anhui/S4/2016 4	4	1	2	3	0	4	1	0	4	0	1	2	0	0	1	5	2	4	2	7	2	1	0	6	4	0	3	6	0	15	1	3	5	9	6	6	5	4	1	2	6	6	7	14	2	7	4	2	8	5	3	4	8	1	2	2	9	5	9	7	2	12	2	
1996_A/duck/Changhua/15A0 3	2	1	2	4	1	4	1	1	6	0	1	2	0	0	1	7	2	4	1	5	2	1	1	5	3	0	3	6	1	15	1	3	5	9	3	6	6	5	4	2	5	4	8	14	3	8	3	3	6	6	3	4	9	0	2	1	9	5	6	7	1	12	5	
1997_A/duck/Changhua/15A0 3	2	1	2	4	1	4	1	1	6	0	1	2	0	0	1	6	2	4	1	6	2	1	1	4	3	0	3	6	1	15	1	3	5	9	3	6	6	5	4	3	5	4	8	14	3	8	3	3	6	6	3	4	9	0	2	1	9	5	6	7	1	12	5	
1998_A/duck/Chiayi/150800 3	2	1	2	4	1	4	1	1	6	0	1	2	0	0	1	6	1	4	1	6	3	1	1	5	3	0	3	6	1	15	1	3	5	9	2	6	6	5	5	2	5	4	8	14	3	8	3	3	6	6	3	4	9	0	2	1	9	5	6	7	1	12	5	
1999_A/duck/China/0935/20 4	3	1	2	3	0	4	1	0	5	0	1	2	0	0	1	5	1	4	2	7	3	1	0	6	4	0	2	6	0	15	2	2	6	8	5	7	5	5	2	2	4	5	7	14	4	8	4	3	6	6	3	3	9	0	2	2	9	5	10	7	2	12	1	
2000_A/duck/China/0936/20 4	3	2	2	3	0	3	1	0	5	0	1	2	0	0	1	5	2	4	2	7	2	1	0	6	4	0	3	6	0	15	1	2	4	9	6	7	6	4	1	2	5	5	8	14	3	8	3	2	8	5	3	4	7	1	2	1	10	5	9	8	2	12	2	
2001_A/duck/China/0938/20 4	3	1	2	3	0	4	1	0	5	0	1	2	0	0	1	5	1	4	2	7	3	1	0	6	4	0	2	6	0	15	2	2	6	8	5	7	5	5	2	2	4	5	7	14	4	8	4	3	6	6	3	3	9	0	2	2	9	5	10	7	2	12	1	
2002_A/duck/China/1033/20 4	3	1	2	3	0	4	1	0	5	0	1	2	0	0	1	5	2	4	2	7	2	1	0	6	4	0	2	6	0	15	2	2	6	8	5	7	5	5	2	2	4	5	7	14	4	8	4	3	6	6	3	3	9	0	2	2	10	5	10	7	1	12	1	
2003_A/duck/China/E26/201 4	3	1	2	3	0	4	1	0	5	0	1	2	0	0	1	5	2	4	2	7	2	1	0	6	4	2	3	6	0	13	1	3	6	9	5	6	5	4	2	2	4	5	8	14	4	8	3	2	8	5	3	5	7	1	3	0	8	5	6	8	3	12	4	
2004_A/duck/China/E53/201 4	3	1	2	3	0	4	1	0	5	0	1	2	0	0	1	5	2	4	2	7	2	1	0	6	4	0	3	6	0	15	1	2	6	8	6	7	5	5	1	2	5	6	6	14	3	7	5	2	5	6	3	3	10	0	2	3	9	5	9	7	2	12	2	
2005_A/duck/China/YD1516/ 4	2	1	2	3	1	4	1	1	6	0	1	2	0	0	1	6	2	4	1	6	2	1	1	4	3	3	3	6	1	12	1	3	5	8	3	6	6	6	4	3	5	4	8	14	3	8	3	3	7	6	3	4	8	0	2	1	9	5	6	7	1	12	5	
2006_A/duck/Chongqing/S43 4	2	0	3	3	1	5	0	1	4	0	1	2	1	0	1	5	2	3	1	7	2	2	1	4	3	3	2	7	1	12	2	4	4	5	7	3	9	5	2	2	3	6	8	14	4	6	4	4	9	5	3	5	8	2	2	1	5	9	5	7	3	8	6	
2007_A/duck/Dongguan/2685 4	3	1	2	3	0	4	1	0	5	0	1	2	0	0	1	5	2	4	2	7	2	1	0	6	4	0	3	6	0	15	1	2	5	9	6	7	6	4	1	1	5	5	8	14	3	8	3	2	8	5	3	4	8	1	2	1	8	5	9	8	3	12	2	
2008_A/duck/Eastern_China 4	3	1	2	3	0	4	1	1	5	0	1	2	0	0	1	6	2	4	1	6	2	1	1	5	3	1	3	6	1	14	1	3	5	8	4	6	6	6	3	2	4	4	6	14	4	8	5	3	7	6	3	4	8	0	2	2	8	6	7	6	3	11	4	
2009_A/duck/Eastern_China 4	3	1	2	3	0	4	1	1	5	0	1	2	0	0	1	6	2	4	1	6	2	1	1	5	3	1	3	6	1	14	1	3	5	8	4	6	6	6	3	2	4	4	6	14	4	8	5	3	7	6	3	4	8	0	2	2	8	6	7	6	3	11	4	
2010_A/duck/Eastern_China 3	1	0	2	3	2	5	1	3	4	0	1	1	0	0	1	6	2	3	1	6	2	2	0	5	4	4	2	5	0	11	3	5	8	5	5	3	4	5	4	2	6	4	4	14	3	9	7	4	9	4	3	4	6	3	2	2	8	9	5	5	3	8	7	
2011_A/duck/Eastern_China 4	3	1	2	3	0	4	1	1	5	0	1	2	0	0	1	6	2	4	1	6	2	1	1	5	3	1	3	6	1	14	1	3	5	8	4	6	6	6	3	2	4	4	6	14	4	8	5	3	7	6	2	4	8	0	3	2	8	6	7	6	3	11	4	
2012_A/duck/Eastern_China 4	2	1	2	3	1	4	1	1	6	0	1	2	0	0	1	6	2	4	1	6	2	1	1	5	3	0	3	6	1	15	1	3	5	8	3	6	6	6	4	2	4	4	8	14	3	7	4	3	7	6	3	4	8	0	2	1	8	5	7	7	3	12	4	
2013_A/duck/Eastern_China 4	3	1	2	3	0	4	1	1	5	0	1	2	0	0	1	6	2	4	1	6	2	1	1	5	3	1	3	6	1	14	1	3	5	8	4	6	6	6	3	2	4	4	6	14	4	8	5	3	7	6	3	4	8	0	2	2	8	6	7	6	3	11	4	
2014_A/duck/Eastern_China 4	2	1	2	3	1	4	1	1	5	0	1	2	0	0	1	6	2	4	1	6	2	1	1	5	3	0	3	6	1	15	1	3	5	8	6	6	6	6	1	2	5	4	5	14	3	8	6	2	7	6	3	4	8	0	2	3	8	7	7	6	3	10	4	
2015_A/duck/Eastern_China 4	2	0	2	3	1	5	1	1	5	0	1	2	0	0	1	6	2	4	1	6	2	1	1	5	3	0	3	6	1	15	1	3	5	7	3	6	6	7	4	2	4	4	7	14	4	7	5	4	7	6	3	3	8	0	2	2	8	5	7	6	3	12	4	
2016_A/duck/Eastern_China 4	2	1	2	3	1	4	1	1	5	0	1	2	1	0	1	6	2	4	1	6	2	1	1	5	3	0	3	6	1	15	1	3	5	8	3	6	6	6	4	2	4	4	8	14	4	7	4	3	7	6	3	4	8	0	2	1	8	5	7	7	2	12	4	
2017_A/duck/Eastern_China 4	3	1	2	3	0	4	1	1	5	0	1	2	0	0	1	6	2	4	1	6	2	1	1	5	3	1	3	6	1	14	1	4	5	10	6	5	6	4	1	2	4	4	5	14	4	8	6	3	7	6	3	4	8	0	2	2	7	7	7	6	4	10	4	
2018_A/duck/Eastern_China 4	3	1	2	3	0	4	1	1	5	0	1	2	0	0	1	6	2	4	1	6	2	1	1	5	3	1	3	6	1	14	1	3	5	9	6	6	6	5	1	2	4	4	5	14	4	8	6	3	7	6	3	4	8	0	2	2	7	7	7	6	4	10	4	
2019_A/duck/Eastern_China 4	3	1	2	3	0	4	1	0	5	0	1	2	0	0	1	6	2	4	1	6	2	1	1	6	3	0	3	6	1	15	1	3	5	9	6	6	6	5	1	2	4	4	5	14	4	8	6	3	7	6	3	4	8	0	2	2	7	7	7	6	4	10	4	
2020_A/duck/Eastern_China 4	3	1	2	3	0	4	1	1	4	0	1	2	1	0	1	6	2	5	1	6	2	1	1	5	3	0	3	7	1	14	1	3	5	8	6	6	6	6	1	2	4	3	5	14	4	7	7	3	7	6	3	4	8	0	2	2	7	7	7	6	4	10	4	
2021_A/duck/Eastern_China 4	3	1	2	3	0	3	1	1	4	0	1	2	1	0	1	6	2	4	1	5	3	1	1	5	3	0	3	6	1	15	1	3	5	8	6	6	6	6	1	2	4	4	5	14	4	8	6	1	7	6	5	4	8	0	2	3	8	7	7	6	3	10	4	
2022_A/duck/Eastern_China 4	3	1	2	3	0	4	1	1	5	0	1	2	0	0	1	6	2	2	1	7	2	3	1	4	3	0	3	6	1	15	1	3	5	8	5	6	6	6	2	2	4	4	5	14	4	8	6	3	7	6	3	4	8	0	2	2	6	7	7	6	5	10	4	
2023_A/duck/Eastern_China 4	2	1	2	3	1	4	1	1	6	0	1	2	0	0	1	6	2	4	1	6	2	1	1	4	3	0	3	6	1	15	1	3	5	8	3	6	6	6	4	3	5	4	8	14	3	8	3	3	7	6	3	4	8	0	2	1	9	5	6	7	1	12	5	
2024_A/duck/Eastern_China 4	2	1	2	3	1	4	1	1	5	0	1	2	0	0	1	6	2	4	1	6	2	1	1	5	3	0	3	6	1	15	1	3	5	7	6	6	6	7	1	2	5	4	5	14	3	8	6	2	7	6	3	4	8	0	2	3	8	7	7	6	3	10	4	
2025_A/duck/Eastern_China 4	2	1	2	3	1	4	1	0	5	0	1	2	0	0	1	5	2	4	2	7	2	1	0	6	4	0	3	6	0	15	1	3	5	9	6	6	5	4	1	2	5	5	8	14	3	8	3	2	8	5	3	4	8	1	2	1	10	5	9	8	1	12	2	
2026_A/duck/Eastern_China 4	3	1	2	3	0	4	1	0	6	0	1	2	0	0	1	5	2	4	2	7	2	1	0	6	4	0	2	6	0	15	1	2	6	8	6	7	5	5	1	2	5	5	8	14	3	8	4	3	7	6	3	3	7	0	2	1	9	6	8	8	2	11	3	
2027_A/duck/Eastern_China 4	2	1	2	3	1	4	1	1	6	0	1	2	0	0	1	6	2	4	1	6	2	1	1	5	3	1	3	6	1	14	1	3	5	9	3	6	6	5	4	2	5	5	8	14	3	6	4	3	7	6	3	4	8	0	2	1	8	6	7	7	2	11	4	
2028_A/duck/Eastern_China 4	3	1	2	3	0	4	1	1	5	0	1	2	0	0	1	5	2	4	2	7	2	1	0	5	4	0	3	6	0	15	1	2	5	9	6	7	5	4	1	2	5	5	8	14	3	8	3	2	8	6	4	4	8	0	1	1	9	5	9	8	2	12	2	
2029_A/duck/Eastern_China 4	2	1	2	3	1	4	1	1	5	0	1	1	0	0	2	6	2	4	1	6	2	1	1	5	3	0	3	6	1	15	1	3	5	6	6	6	6	8	1	2	5	4	5	14	3	8	6	2	7	6	3	4	8	0	2	3	8	7	7	6	3	10	4	
2030_A/duck/Eastern_China 4	2	1	2	3	1	4	1	1	5	0	1	2	0	0	1	6	2	4	1	6	2	1	1	5	3	0	3	6	1	15	1	3	5	8	6	5	6	6	1	3	5	4	5	14	3	8	6	2	7	5	3	4	8	1	2	3	8	7	7	6	3	10	4	
2031_A/duck/Fujian/1.17_F 4	3	1	2	3	0	4	1	1	5	0	1	2	0	0	1	4	2	4	2	8	2	1	0	5	4	0	3	6	0	15	1	2	7	7	4	7	4	6	3	1	5	6	8	15	3	7	3	3	7	4	2	3	9	2	3	1	8	5	8	8	2	12	3	
2032_A/duck/Fujian/10.26_ 4	4	1	2	3	0	4	1	0	4	0	1	2	0	0	1	5	2	4	2	7	2	1	0	4	4	0	3	8	0	15	1	2	6	7	7	7	4	5	1	2	5	4	8	14	3	9	3	2	8	5	3	4	8	1	2	1	9	5	9	8	2	12	2	
2033_A/duck/Fujian/10.26_ 3	4	1	2	4	0	4	1	0	4	0	1	2	0	0	1	5	2	4	2	7	2	1	0	4	4	0	3	8	0	15	1	2	6	8	6	7	4	5	1	2	5	4	8	14	3	9	3	2	8	5	3	4	8	1	2	1	9	5	9	8	2	12	2	
2034_A/duck/Fujian/11.23_ 4	4	1	2	3	0	4	1	0	4	0	1	2	0	0	1	5	2	4	2	7	2	1	0	4	4	0	3	8	0	15	1	2	7	7	7	6	4	5	1	2	5	4	8	14	3	9	3	2	8	5	3	4	8	1	2	1	8	5	9	8	3	12	2	
2035_A/duck/Fujian/11.23_ 4	4	0	2	3	0	5	1	0	4	0	1	3	0	0	1	5	2	4	2	7	2	1	0	4	4	0	3	7	0	15	1	2	6	7	7	7	4	5	1	2	5	5	8	14	3	7	4	2	7	5	3	4	9	1	2	1	9	5	9	8	2	12	2	
2036_A/duck/Fujian/11.23_ 4	4	1	2	3	0	4	1	0	4	0	1	2	0	0	1	5	2	4	2	7	2	1	0	4	4	0	3	8	0	15	1	2	6	8	6	7	4	5	1	2	5	4	8	14	3	9	3	2	8	5	3	4	8	1	2	1	9	5	9	8	2	12	2	
2037_A/duck/Fujian/11.3_F 4	3	0	2	3	0	5	1	0	5	0	1	3	0	0	1	5	2	4	2	7	2	1	0	5	4	1	3	6	0	14	1	2	6	7	6	7	5	6	1	1	5	4	8	15	3	8	4	1	7	4	2	4	9	2	3	2	8	5	7	8	2	12	4	
2038_A/duck/Fujian/11.3_F 4	3	1	2	3	0	4	1	0	5	0	1	2	0	0	1	5	2	4	2	7	2	1	0	6	4	0	3	6	0	15	1	2	6	9	5	7	5	4	2	2	5	5	8	14	3	8	3	2	8	5	2	4	8	1	3	1	8	5	9	8	2	12	2	
2039_A/duck/Fujian/12.7_F 4	3	1	2	3	0	4	1	0	5	0	1	2	0	0	1	5	2	4	2	7	2	1	0	6	4	0	3	6	0	15	1	2	6	9	5	7	5	4	2	2	5	5	8	14	3	8	3	2	8	5	2	4	8	1	3	1	8	5	9	8	2	12	2	
2040_A/duck/Fujian/12.7_F 4	3	1	2	3	0	4	1	0	5	0	1	2	0	0	1	5	2	4	2	7	2	1	0	6	4	0	3	6	0	15	1	2	6	9	5	7	5	4	2	2	5	5	8	14	3	8	3	2	8	5	2	4	8	1	3	1	8	5	9	8	2	12	2	
2041_A/duck/Fujian/12.7_F 4	3	1	2	3	0	4	1	0	5	0	1	2	0	0	1	5	2	4	2	7	2	1	0	6	4	0	3	6	0	15	1	2	6	9	5	7	5	4	2	2	5	5	8	14	3	8	3	2	8	5	2	4	8	1	3	1	8	5	9	8	2	12	2	
2042_A/duck/Fujian/12.7_F 4	3	1	2	3	0	4	1	0	5	0	1	2	0	0	1	5	2	4	2	7	2	1	0	6	4	0	3	6	0	15	1	2	6	9	5	7	5	4	2	2	5	5	8	14	3	8	3	2	8	5	2	4	8	1	3	1	8	5	9	8	2	12	2	
2043_A/duck/Guangdong/11. 4	3	1	2	3	0	4	1	0	5	0	1	2	0	0	1	5	2	4	2	6	2	1	0	6	4	0	3	7	0	15	1	2	6	9	6	7	4	4	1	2	5	4	8	14	3	9	3	2	8	5	3	4	8	1	2	1	10	5	9	8	1	12	2	
2044_A/duck/Guangdong/11. 4	3	1	2	3	0	4	1	0	5	0	1	2	0	0	1	5	2	4	2	6	2	1	0	6	4	0	3	7	0	15	1	2	6	9	6	7	4	4	1	2	5	4	8	14	3	9	3	2	8	5	3	4	8	1	2	1	10	5	9	8	1	12	2	
2045_A/duck/Guangdong/11. 4	3	1	2	3	0	4	1	0	5	0	1	2	0	0	1	5	2	4	2	6	2	1	0	6	4	0	3	7	0	15	1	2	6	9	6	7	4	4	1	2	5	4	8	14	3	9	3	2	8	5	3	4	8	1	2	1	10	5	9	8	1	12	2	
2046_A/duck/Guangdong/23/ 3	3	1	3	3	0	4	1	0	6	0	1	2	0	0	1	4	2	5	1	8	2	1	0	5	2	1	3	6	1	14	1	2	6	8	5	6	6	5	2	2	4	4	7	15	4	8	5	2	8	6	3	5	7	0	2	1	8	6	8	7	3	11	3	
2047_A/duck/Guangdong/GD0 4	3	1	2	3	0	4	1	0	5	0	1	2	0	0	1	5	2	4	2	7	2	1	0	6	4	0	3	6	0	15	1	2	5	9	6	6	5	4	1	3	5	5	8	14	3	8	3	2	8	5	3	4	8	1	2	1	9	5	9	8	2	12	2	
2048_A/duck/Guangdong/s14 4	3	1	2	3	0	4	1	1	5	0	1	2	0	0	1	6	2	2	1	7	2	3	1	4	3	0	3	6	1	15	1	3	5	8	5	6	6	6	2	3	3	4	5	14	4	8	6	3	7	4	3	4	8	1	2	4	5	8	7	5	5	10	4	
2049_A/duck/Guangdong/wy1 4	3	1	1	3	0	4	2	1	5	0	1	2	0	0	1	6	2	4	1	6	2	1	1	5	3	0	3	6	1	15	1	3	5	8	5	6	6	6	2	2	4	4	6	14	4	8	5	3	7	6	3	4	8	0	2	2	7	7	7	6	4	10	4	
2050_A/duck/Guangdong/wy1 3	3	1	2	3	0	4	1	1	5	0	1	2	0	0	1	7	2	4	1	6	2	1	1	5	3	0	3	6	1	15	1	3	5	9	5	6	6	5	2	2	4	4	6	14	4	8	5	4	6	6	3	3	9	0	2	2	7	7	7	6	4	10	4	
2051_A/duck/Guangdong/wy2 4	3	1	2	2	0	5	1	2	5	0	1	2	0	0	1	6	2	4	1	6	2	1	1	4	3	0	3	6	1	15	1	3	5	8	4	6	6	5	3	2	4	4	6	14	4	9	5	3	7	6	3	4	8	0	2	2	7	7	7	6	4	10	4	
2052_A/duck/Guangzhou/018 4	3	1	2	3	0	4	1	0	5	0	1	2	0	0	1	5	2	4	2	7	2	1	0	6	4	0	3	6	0	15	1	2	5	9	6	7	5	4	1	2	5	5	8	14	3	8	3	2	8	5	3	4	8	1	2	1	9	5	8	8	2	12	3	
2053_A/duck/Guangzhou/021 4	3	1	2	3	0	4	1	0	5	0	1	2	0	0	1	5	2	4	2	7	2	1	0	6	4	0	3	6	0	15	1	2	5	9	6	7	5	4	1	2	5	5	8	14	3	8	3	2	8	5	3	4	8	1	2	1	9	5	9	8	2	12	2	
2054_A/duck/Guangzhou/412 4	3	1	2	3	0	4	1	0	5	0	1	2	0	0	1	5	2	4	2	7	2	1	0	6	4	0	3	6	0	15	1	2	6	9	6	7	5	4	1	2	5	5	8	14	3	8	3	2	7	5	3	4	8	1	2	1	9	5	9	8	2	12	2	
2055_A/duck/Guizhou/7.27_ 5	3	1	2	2	0	4	1	0	5	0	1	2	0	0	1	5	2	4	1	7	2	1	0	6	4	0	2	6	0	15	3	3	6	9	6	6	5	4	1	2	6	5	9	14	2	8	2	2	7	5	3	4	8	1	2	1	8	6	10	8	3	11	1	
2056_A/duck/Guizhou/8.26_ 5	3	1	2	2	0	4	1	0	5	0	1	2	0	0	1	5	2	4	1	7	2	1	0	6	3	0	2	6	1	15	3	3	7	9	6	7	4	4	1	1	6	5	8	14	2	8	3	3	6	5	3	3	8	1	2	1	8	5	9	8	4	12	2	
2057_A/duck/Guizhou/8.26_ 5	3	1	2	2	0	4	1	0	5	0	1	2	0	0	1	5	2	4	1	7	2	1	0	6	3	0	2	6	1	15	3	3	6	9	6	6	5	4	1	2	6	5	8	14	2	8	3	2	6	5	3	4	8	1	2	1	8	5	9	8	4	12	2	
2058_A/duck/Hainan/12.29_ 5	3	1	2	2	0	4	1	0	5	0	1	2	0	0	1	5	2	4	1	7	2	1	0	6	4	0	2	6	0	15	3	3	7	9	6	6	4	4	1	2	6	5	9	14	2	8	2	2	7	5	3	4	8	1	2	1	8	5	10	8	3	12	1	
2059_A/duck/Hebei/0908/20 4	1	0	3	3	2	5	0	1	4	0	1	1	1	0	1	4	2	4	1	8	2	1	1	6	3	2	2	6	1	13	2	3	4	5	6	3	8	5	3	3	5	5	5	14	3	7	7	3	9	5	4	4	8	2	2	2	5	8	5	8	3	9	5	
2060_A/duck/Hong_Kong/342 4	2	0	2	3	1	5	1	0	4	0	1	3	1	0	1	5	2	4	1	7	2	1	1	6	4	3	2	5	0	12	2	3	5	6	6	4	7	4	3	2	4	6	6	14	4	7	5	3	9	5	3	5	7	2	2	0	6	5	6	9	3	12	5	
2061_A/duck/Hsinchu/15020 3	2	1	2	4	1	4	1	1	6	0	1	2	0	0	1	6	2	4	1	6	2	1	1	5	3	0	3	6	1	15	1	3	5	9	3	6	6	5	4	2	5	4	8	14	3	8	3	3	6	6	3	4	9	0	2	1	9	5	6	7	1	12	5	
2062_A/duck/HuBei/03/2010 4	3	1	2	3	0	4	1	0	5	0	1	2	0	0	1	5	2	4	1	7	2	1	1	6	3	0	3	6	1	15	1	3	5	8	4	6	6	5	3	2	4	5	6	14	4	8	5	3	8	6	3	4	7	0	2	1	9	7	7	7	2	10	4	
2063_A/duck/Hubei/2911/20 4	3	1	2	3	0	4	1	0	5	0	1	2	0	0	1	5	2	4	1	7	2	1	1	5	3	0	3	7	1	15	1	3	5	8	4	6	5	5	3	2	4	5	6	14	4	8	5	2	8	6	3	5	8	0	2	1	8	8	7	7	3	9	4	
2064_A/duck/Hubei/49/2005 4	3	1	2	3	0	4	1	0	5	0	1	2	0	0	1	5	2	4	1	7	2	1	1	6	3	0	3	6	1	15	1	3	5	8	4	6	6	5	3	2	4	5	6	14	4	8	5	2	8	6	3	5	7	0	2	1	8	7	7	7	3	10	4	
2065_A/duck/Hubei/SZY250/ 4	2	1	2	3	1	4	1	0	6	0	1	2	0	0	1	6	2	3	1	6	2	2	1	5	3	1	3	6	1	14	1	3	5	8	3	6	5	6	4	3	6	4	8	14	3	8	3	2	7	6	3	5	8	0	2	1	9	5	6	7	1	12	5	
2066_A/duck/Hubei/xn/2007 4	3	1	2	3	0	4	1	0	5	0	1	2	0	0	1	5	2	4	2	7	2	1	0	6	3	0	3	6	1	15	1	2	5	8	4	7	6	5	3	2	4	5	7	14	3	8	4	3	8	6	3	4	7	0	2	1	8	5	8	7	4	12	3	
2067_A/duck/Hunan/01.12_Y 4	3	1	2	3	0	4	1	0	5	0	1	2	0	0	1	5	2	4	1	7	2	1	0	6	4	0	2	6	0	15	3	3	7	8	6	6	4	5	1	2	6	5	10	14	2	8	1	2	7	5	3	4	8	1	2	1	8	5	10	8	3	12	1	
2068_A/duck/Hunan/03.07_Y 4	3	1	2	3	0	4	1	0	5	0	1	2	0	0	1	6	2	4	2	7	2	1	0	5	4	0	2	6	0	15	2	2	4	8	6	7	6	5	1	2	6	4	9	14	2	9	2	2	8	5	3	4	7	1	2	1	10	4	8	8	2	13	3	
2069_A/duck/Hunan/03.07_Y 4	3	1	2	3	0	4	1	0	5	0	1	2	0	0	1	6	2	4	2	6	2	1	0	6	4	0	3	6	0	15	1	2	5	9	6	7	4	4	1	2	6	5	9	14	3	9	1	2	8	5	5	4	7	1	2	0	10	5	7	9	2	12	2	
2070_A/duck/Hunan/03.24_Y 4	3	1	2	3	0	4	1	0	5	0	1	2	0	0	1	5	2	4	2	7	2	1	0	6	4	1	3	6	0	14	1	2	5	10	6	7	5	3	1	2	5	3	8	14	3	10	3	2	8	5	3	4	7	1	2	1	10	5	9	8	2	12	2	
2071_A/duck/Hunan/03.24_Y 4	3	1	2	3	0	4	1	0	5	0	1	2	0	0	1	5	2	4	2	7	2	1	0	6	4	1	3	6	0	14	1	2	5	10	6	7	5	3	1	2	5	3	8	14	3	10	3	2	8	5	3	4	7	1	2	1	10	5	9	8	2	12	2	
2072_A/duck/Hunan/03.24_Y 4	3	1	2	3	0	4	1	0	5	0	1	2	0	0	1	5	2	4	2	7	2	1	0	6	4	1	3	6	0	14	1	2	5	10	6	7	5	3	1	2	5	3	8	14	3	10	3	2	8	5	3	4	7	1	2	1	10	5	9	8	2	12	2	
2073_A/duck/Hunan/03.24_Y 4	3	1	2	3	0	4	1	0	5	0	1	2	0	0	1	5	2	4	2	7	2	1	0	6	4	1	3	6	0	14	1	2	5	10	6	7	5	3	1	2	5	3	8	14	3	10	3	2	8	5	3	4	7	1	2	1	10	5	9	8	2	12	2	
2074_A/duck/Hunan/1.12_YY 5	3	1	2	2	0	4	1	0	5	0	1	2	0	0	1	5	2	4	1	7	2	1	0	6	4	0	2	6	0	15	3	3	7	9	6	6	4	4	1	2	6	5	9	14	2	8	2	3	7	5	3	4	8	1	2	1	8	5	10	7	3	12	1	
2075_A/duck/Hunan/1.12_YY 5	3	1	2	2	0	4	1	0	5	0	1	2	0	0	1	5	2	4	1	7	2	1	0	6	4	0	2	6	0	15	3	3	7	9	6	6	4	4	1	2	6	5	9	14	2	8	2	3	7	5	3	4	8	1	2	1	8	5	10	7	3	12	1	
2076_A/duck/Hunan/1.12_YY 4	3	1	2	3	0	4	1	0	5	0	1	2	0	0	1	5	2	4	1	7	2	1	0	6	4	0	2	6	0	15	3	3	7	8	6	6	4	5	1	2	6	5	10	14	2	8	1	2	7	5	3	4	8	1	2	1	8	5	10	8	3	12	1	
2077_A/duck/Hunan/1.17_YY 4	3	1	2	3	0	4	1	0	5	0	1	2	0	0	1	6	2	4	2	6	2	1	0	6	4	1	4	6	0	14	0	2	5	9	6	7	4	4	1	2	6	5	8	14	3	8	3	2	8	5	3	4	7	1	2	0	10	5	10	9	2	12	1	
2078_A/duck/Hunan/11.30_Y 4	4	1	2	3	0	4	1	0	4	0	1	2	0	0	1	5	2	4	2	7	2	1	0	4	4	0	3	8	0	15	1	2	6	8	6	7	4	5	1	2	5	4	8	14	3	9	3	2	8	5	3	4	8	1	2	1	9	5	9	8	2	12	2	
2079_A/duck/Hunan/11.30_Y 4	3	1	2	3	0	4	1	0	5	0	1	2	0	0	1	5	2	4	1	7	2	1	0	6	4	0	2	6	0	15	3	3	7	9	5	6	4	4	2	2	6	5	10	14	2	8	1	2	7	5	3	4	8	1	2	1	8	5	10	8	3	12	1	
2080_A/duck/Hunan/11.30_Y 4	3	1	2	3	0	4	1	0	5	0	1	2	0	0	1	5	2	4	1	7	2	1	0	6	4	0	2	6	0	15	3	3	7	9	5	6	4	4	2	2	6	5	10	14	2	8	1	2	7	5	3	4	8	1	2	1	8	5	10	8	3	12	1	
2081_A/duck/Hunan/11.30_Y 3	2	0	2	3	1	5	1	1	4	0	1	3	1	0	1	5	2	3	1	7	2	2	1	5	3	3	2	7	1	12	2	3	3	4	7	4	9	6	2	3	5	6	8	12	3	5	5	3	9	5	3	5	7	2	2	0	7	8	6	8	3	9	5	
2082_A/duck/Hunan/11.30_Y 3	2	0	2	3	1	5	1	1	4	0	1	3	1	0	1	5	2	3	1	7	2	2	1	5	3	3	2	7	1	12	2	3	3	4	7	4	9	6	2	3	5	6	8	12	3	5	5	3	9	5	3	5	7	2	2	0	7	8	6	8	3	9	5	
2083_A/duck/Hunan/12.27_Y 4	3	1	2	3	0	4	1	0	5	0	1	2	0	0	1	6	2	4	2	6	2	1	0	6	4	1	4	6	0	14	0	2	5	9	6	7	4	4	1	2	6	5	8	14	3	8	3	2	8	5	3	4	7	1	2	0	10	5	10	9	2	12	1	
2084_A/duck/Hunan/12.27_Y 4	3	1	2	3	0	4	1	0	5	0	1	2	0	0	1	5	2	4	2	7	2	1	0	6	4	0	3	6	0	15	1	2	5	8	6	7	5	5	1	2	6	4	8	14	2	9	3	2	8	5	3	4	7	1	3	1	10	6	8	8	2	11	2	
2085_A/duck/Hunan/12.27_Y 4	3	1	2	3	0	4	1	0	5	0	1	2	0	0	1	6	2	5	2	6	2	0	0	6	4	1	4	6	0	14	0	2	5	9	6	7	4	4	1	2	6	5	8	14	3	8	3	2	8	5	3	4	7	1	2	0	10	5	10	9	2	12	1	
2086_A/duck/Hunan/12.27_Y 4	3	1	2	3	0	4	1	0	5	0	1	2	0	0	1	5	2	4	2	7	2	1	0	6	4	0	3	6	0	15	1	2	5	8	6	7	5	5	1	2	6	4	8	14	2	9	3	2	8	5	3	4	7	1	3	1	10	6	8	8	2	11	2	
2087_A/duck/Hunan/12.27_Y 4	3	1	2	3	0	4	1	0	5	0	1	2	0	0	1	6	2	4	2	6	2	1	0	6	4	1	4	6	0	14	0	2	5	9	6	7	4	4	1	2	6	5	8	14	3	8	3	2	8	5	3	4	7	1	2	0	10	5	10	9	2	12	1	
2088_A/duck/Hunan/12.27_Y 4	3	1	2	3	0	4	1	0	5	0	1	2	0	0	1	5	2	4	2	7	2	1	0	6	4	0	3	6	0	15	1	2	5	8	6	7	5	5	1	2	6	4	8	14	2	9	3	2	8	5	3	4	7	1	3	1	10	6	8	8	2	11	2	
2089_A/duck/Hunan/12.27_Y 4	3	1	2	3	0	4	1	0	5	0	1	2	0	0	1	6	2	4	2	6	2	1	0	6	4	1	4	6	0	14	0	2	5	9	6	7	4	4	1	2	6	5	8	14	3	8	3	2	8	5	3	4	7	1	2	0	10	5	10	9	2	12	1	
2090_A/duck/Hunan/12.27_Y 4	3	1	2	3	0	4	1	0	5	0	1	2	0	0	1	6	2	4	2	6	2	1	0	6	4	1	4	6	0	14	0	2	5	9	6	7	4	4	1	2	6	5	8	14	3	8	3	2	8	5	3	4	7	1	2	0	10	5	10	9	2	12	1	
2091_A/duck/Hunan/12.27_Y 4	3	1	2	3	0	4	1	0	5	0	1	2	0	0	1	6	2	4	2	6	2	1	0	6	4	1	4	6	0	14	0	2	5	9	6	7	4	4	1	2	6	5	8	14	3	8	3	2	8	5	3	4	7	1	2	0	10	5	10	9	2	12	1	
2092_A/duck/Hunan/12.27_Y 4	3	1	2	3	0	4	1	0	5	0	1	2	0	0	1	6	2	4	2	6	2	1	0	6	4	1	4	6	0	14	0	2	5	9	6	7	4	4	1	2	6	5	8	14	3	8	3	2	8	5	3	4	7	1	2	0	10	5	10	9	2	12	1	
2093_A/duck/Hunan/12.27_Y 4	3	1	2	3	0	4	1	0	5	0	1	2	0	0	1	6	2	4	2	6	2	1	0	6	4	1	4	6	0	14	0	2	5	9	6	7	4	4	1	2	6	5	8	14	3	8	3	2	8	5	3	4	7	1	2	0	10	5	10	9	2	12	1	
2094_A/duck/Hunan/12.27_Y 4	3	1	2	3	0	4	1	0	5	0	1	2	0	0	1	6	2	4	2	6	2	1	0	6	4	1	4	6	0	14	0	2	5	9	6	7	4	4	1	2	6	5	8	14	3	8	3	2	8	5	3	4	7	1	2	0	10	5	10	9	2	12	1	
2095_A/duck/Hunan/2.06_YY 4	3	1	2	3	0	4	1	0	5	0	1	2	0	0	1	6	2	4	2	7	2	1	0	5	4	0	3	6	0	15	1	2	4	8	6	7	6	5	1	2	6	4	9	14	2	9	2	2	8	5	3	4	7	1	2	1	10	4	8	8	2	13	3	
2096_A/duck/Hunan/2.06_YY 4	3	1	2	3	0	4	1	0	5	0	1	1	0	0	1	5	2	4	2	7	2	1	0	6	4	0	2	7	0	15	2	2	7	10	6	7	4	3	1	2	6	5	10	14	2	8	1	2	7	5	3	4	8	1	2	1	8	5	9	8	3	12	2	
2097_A/duck/Hunan/2.06_YY 4	3	1	2	3	0	4	1	0	5	0	1	2	0	0	1	6	2	4	2	7	2	1	0	5	4	0	3	6	0	15	1	2	4	8	6	7	6	5	1	2	6	4	9	14	2	9	2	2	8	5	3	4	7	1	2	1	10	4	8	8	2	13	3	
2098_A/duck/Hunan/2.06_YY 4	3	1	2	3	0	4	1	0	5	0	1	2	0	0	1	6	2	4	2	7	2	1	0	5	4	0	3	6	0	15	1	2	4	8	6	7	6	5	1	2	6	4	9	14	2	9	2	2	8	5	3	4	7	1	2	1	10	4	8	8	2	13	3	
2099_A/duck/Hunan/3/2007_ 4	3	1	2	3	0	4	1	0	5	0	1	2	0	0	1	5	2	4	2	7	2	1	0	6	3	0	3	6	1	15	1	2	5	8	4	7	6	5	3	2	4	5	6	14	4	8	5	3	8	6	3	4	7	0	2	1	8	5	8	7	3	12	3	
2100_A/duck/Hunan/316/200 4	3	1	2	3	0	4	1	0	5	0	1	3	0	0	1	5	2	4	1	7	2	1	1	6	3	0	3	5	1	15	1	3	5	8	4	6	6	5	3	2	4	5	6	14	4	8	5	3	8	6	3	4	7	0	2	1	8	7	7	7	3	10	4	
2101_A/duck/Hunan/3315/20 4	3	1	2	3	0	4	1	0	5	0	1	2	0	0	1	5	2	4	1	7	2	1	1	6	3	0	2	6	1	15	2	3	5	8	4	6	6	5	3	2	4	5	6	14	4	8	5	2	8	6	3	5	7	0	2	1	8	7	7	7	3	10	4	
2102_A/duck/Hunan/689/200 4	3	1	2	3	0	4	1	0	5	0	1	2	0	0	1	5	2	3	1	7	2	2	1	5	3	0	3	7	1	15	1	3	5	8	4	6	6	5	3	2	4	5	6	14	4	8	5	2	8	6	3	5	7	0	2	1	8	7	7	7	3	10	4	
2103_A/duck/Hunan/7.21_YY 4	3	1	2	3	0	4	1	0	6	0	1	2	0	0	1	4	2	4	2	8	2	1	0	6	4	0	3	6	0	15	1	3	5	9	6	6	5	4	1	2	6	4	8	14	2	9	3	2	8	5	3	4	7	1	2	1	9	5	9	8	2	12	2	
2104_A/duck/Hunan/733/200 4	3	1	2	3	0	4	1	0	5	0	1	2	0	0	1	5	2	4	1	7	2	1	1	6	4	0	3	6	0	15	1	3	5	8	4	6	6	5	3	2	4	5	6	14	4	8	5	2	8	6	3	5	7	0	2	1	8	6	8	7	3	11	3	
2105_A/duck/Hunan/8/2008_ 4	1	1	2	3	2	4	1	0	5	0	1	2	0	0	1	5	2	3	2	7	2	2	0	6	2	1	2	6	2	14	2	2	4	6	6	6	8	4	3	2	5	6	4	14	3	8	6	4	9	7	3	3	8	0	2	3	6	6	7	6	2	11	4	
2106_A/duck/Hunan/S4020/2 4	3	1	2	3	0	4	1	0	5	0	1	2	0	0	1	6	2	4	2	6	2	1	0	6	3	0	3	6	1	15	1	3	5	8	4	6	6	5	3	2	4	5	6	14	4	8	5	2	8	4	4	5	7	2	2	0	9	5	7	8	2	12	3	
2107_A/duck/Hunan/S4030/2 4	3	1	2	3	0	4	1	0	5	0	1	2	0	0	1	5	2	4	2	7	2	1	0	6	4	0	2	6	0	15	1	2	4	8	6	8	7	5	1	2	4	5	7	14	4	8	5	2	7	6	3	3	8	0	2	2	9	5	9	7	2	12	2	
2108_A/duck/Hunan/S4101/2 4	2	0	2	3	1	5	1	0	5	0	1	3	0	0	1	4	1	2	1	8	3	3	1	5	3	4	2	6	1	11	1	5	5	5	4	4	6	5	4	1	7	8	5	14	2	6	6	2	10	7	3	3	7	0	3	5	6	4	7	6	2	13	4	
2109_A/duck/Hunan/S4120/2 4	2	0	2	3	1	5	1	0	5	0	1	3	0	0	1	4	1	2	1	8	3	3	1	5	3	4	2	6	1	11	1	4	5	5	4	5	6	5	4	1	7	8	6	14	2	6	5	2	10	7	3	3	7	0	3	5	6	4	6	6	2	13	5	
2110_A/duck/Hunan/S4150/2 4	2	1	2	3	1	4	1	0	5	0	1	2	0	0	1	5	2	4	2	7	2	1	0	6	3	2	3	6	1	13	1	3	5	9	4	6	6	4	3	2	4	5	7	14	4	8	4	2	8	5	3	5	7	1	3	0	7	5	6	8	4	12	4	
2111_A/duck/Hunan/S4220/2 4	3	1	2	3	0	4	1	0	5	0	1	2	0	0	1	6	2	4	2	7	2	1	0	6	4	0	3	5	0	15	1	2	6	8	6	7	5	5	1	2	5	5	7	14	3	8	4	2	7	6	3	4	8	0	2	1	9	5	9	8	2	12	2	
2112_A/duck/Jiangsu/m234/ 4	2	1	2	3	1	4	1	1	5	0	1	2	0	0	1	6	2	4	1	6	2	2	1	5	2	2	3	6	2	13	1	3	5	8	3	6	6	5	4	2	4	4	7	14	4	7	5	3	7	6	2	4	8	0	3	2	8	5	7	6	3	12	4	
2113_A/duck/Jiangxi/01.11 4	3	1	2	3	0	4	1	0	5	0	1	2	0	0	1	5	2	4	2	7	2	1	0	6	4	0	2	6	0	15	1	2	7	9	6	7	4	4	1	2	5	5	10	14	3	8	2	2	7	5	3	4	8	1	2	1	8	5	9	8	3	12	2	
2114_A/duck/Jiangxi/10160 4	3	1	2	3	0	4	1	0	6	0	1	2	0	0	1	5	2	4	2	7	2	1	0	6	4	0	2	6	0	15	1	2	7	8	6	7	4	5	1	2	5	5	8	14	3	8	4	2	7	6	3	4	7	0	2	1	9	5	8	8	2	12	3	
2115_A/duck/Jiangxi/11.17 3	3	1	2	4	0	4	1	0	5	0	1	2	0	0	1	5	2	4	2	7	2	1	0	6	4	0	2	6	0	15	2	2	5	8	6	7	5	5	1	2	5	4	8	14	3	9	3	3	8	5	3	3	8	1	2	1	9	6	9	8	2	11	2	
2116_A/duck/Jiangxi/11.17 3	3	1	2	4	0	4	1	0	5	0	1	2	0	0	1	5	2	4	2	7	2	1	0	6	4	0	2	6	0	15	2	2	5	8	6	7	5	5	1	2	5	4	8	14	3	9	3	3	8	5	3	3	8	1	2	1	9	6	9	8	2	11	2	
2117_A/duck/Jiangxi/11.29 4	3	1	2	3	0	4	1	0	5	0	1	2	0	0	1	5	2	4	1	7	2	1	1	5	4	0	3	7	0	15	1	2	5	10	6	7	5	3	1	2	5	4	8	14	3	9	3	2	8	5	3	4	7	1	2	1	10	5	9	8	2	12	2	
2118_A/duck/Jiangxi/11.29 4	3	1	2	3	0	4	1	0	5	0	1	2	0	0	1	5	2	4	2	7	2	1	0	6	4	0	3	6	0	15	1	2	5	8	6	7	5	5	1	2	6	4	8	14	2	9	3	2	8	5	3	4	7	1	3	1	10	6	9	8	2	11	1	
2119_A/duck/Jiangxi/11.29 4	3	1	2	3	0	4	1	0	5	0	1	3	0	0	1	5	2	4	2	7	2	1	0	6	4	0	2	5	0	15	1	2	7	9	6	7	4	4	1	2	5	5	10	14	3	8	2	2	6	5	3	4	9	1	2	1	8	5	8	8	3	12	3	
2120_A/duck/Jiangxi/120/2 3	1	0	2	3	2	5	1	2	4	0	1	1	0	0	1	6	2	3	1	6	2	2	0	7	4	5	2	4	0	10	3	5	6	5	5	3	4	5	4	2	6	4	5	14	3	9	6	4	12	4	3	4	5	3	2	2	8	10	5	5	3	7	7	
2121_A/duck/Jiangxi/130/2 4	2	1	2	3	1	4	1	0	5	0	1	2	0	0	1	5	2	4	2	7	2	1	0	6	3	2	3	6	1	13	1	3	5	8	4	6	6	5	3	2	4	5	7	14	4	8	4	3	8	5	2	4	7	1	4	0	7	5	6	8	4	12	4	
2122_A/duck/Jiangxi/13469 4	3	1	2	3	0	4	1	0	6	0	1	2	0	0	1	5	2	4	2	7	2	1	0	6	4	0	2	6	0	15	1	2	6	8	6	7	5	5	1	2	5	5	8	14	3	8	4	3	7	6	3	3	7	0	2	1	9	5	8	8	2	12	3	
2123_A/duck/Jiangxi/13475 4	3	1	2	3	0	4	1	0	6	0	1	2	0	0	1	5	2	4	2	7	2	1	0	6	4	0	2	6	0	15	1	2	6	8	6	7	5	5	1	2	5	5	8	14	3	8	4	3	7	6	3	3	7	0	2	1	9	5	8	8	2	12	3	
2124_A/duck/Jiangxi/13484 4	3	1	2	3	0	4	1	0	6	0	1	2	0	0	1	5	2	4	2	7	2	1	0	6	4	0	2	6	0	15	1	2	6	8	6	7	5	5	1	2	5	5	8	14	3	8	4	3	7	6	3	3	7	0	2	1	9	5	8	8	2	12	3	
2125_A/duck/Jiangxi/2.28N 4	3	1	2	3	0	4	1	0	5	0	1	2	0	0	1	5	2	4	1	7	2	1	0	6	4	0	2	6	0	15	3	3	7	9	6	6	4	4	1	2	6	5	10	14	2	8	1	2	7	5	3	4	8	1	2	1	8	5	10	8	3	12	1	
2126_A/duck/Jiangxi/2.28_ 4	3	1	2	3	0	4	1	0	5	0	1	2	0	0	1	5	2	4	1	7	2	1	0	6	4	0	2	6	0	15	3	3	7	9	6	6	4	4	1	2	6	5	10	14	2	8	1	2	7	5	3	4	8	1	2	1	8	5	10	8	3	12	1	
2127_A/duck/Jiangxi/34/20 4	3	1	2	3	0	4	1	0	5	0	1	2	0	0	1	5	2	4	2	7	2	1	0	6	4	0	3	6	0	15	1	2	6	8	6	7	5	5	1	2	5	5	6	14	3	8	5	2	6	6	3	4	9	0	2	2	9	5	9	7	2	12	2	
2128_A/duck/Jiangxi/35/20 4	3	1	2	3	0	4	1	0	5	0	1	2	0	0	1	5	2	4	2	7	2	1	0	6	4	0	3	6	0	15	1	2	6	8	6	7	5	5	1	2	5	5	6	14	3	8	5	2	6	6	3	4	9	0	2	2	9	5	9	7	2	12	2	
2129_A/duck/Jiangxi/44/20 4	3	0	1	3	0	5	2	1	3	0	1	1	1	0	1	5	2	4	1	6	2	1	0	3	2	2	2	9	2	13	3	2	4	5	6	4	7	6	2	3	5	5	7	16	3	7	5	3	7	5	3	3	9	2	2	2	10	8	6	8	1	9	5	
2130_A/duck/Jiangxi/5.26_ 4	3	1	2	3	0	4	1	0	5	0	1	2	0	0	1	5	2	4	2	7	2	1	0	6	4	0	2	6	0	15	1	2	7	9	6	7	4	4	1	2	5	5	10	14	3	8	2	2	7	5	3	4	8	1	2	1	8	5	9	8	3	12	2	
2131_A/duck/Jiangxi/80/20 4	3	1	2	3	0	4	1	0	5	0	1	2	0	0	1	5	2	4	1	7	2	1	1	6	3	0	3	6	1	15	1	3	5	8	4	6	6	5	3	2	4	5	6	14	4	8	5	2	8	5	3	5	7	0	3	1	8	8	6	7	3	10	4	
2132_A/duck/Jilin/JL-SIV/ 4	3	1	2	3	0	4	1	0	5	0	1	2	0	0	1	5	2	4	1	7	2	1	1	6	3	0	3	6	1	15	1	3	5	8	4	7	6	5	3	2	4	5	6	14	4	8	5	2	8	6	3	4	7	0	2	1	8	7	7	7	3	10	4	
2133_A/duck/Kaohsiung/150 3	2	1	2	4	1	4	1	1	6	0	1	2	0	0	1	6	1	4	1	6	3	1	1	5	3	0	3	6	1	15	1	3	5	9	3	6	6	5	4	2	5	4	8	14	3	8	3	3	6	6	3	4	9	0	2	1	9	5	6	7	1	12	5	
2134_A/duck/Kaohsiung/15W 4	2	0	3	3	1	5	0	1	4	0	1	3	1	0	1	5	2	3	1	7	2	2	1	5	3	4	2	5	1	11	2	3	5	4	7	4	8	6	2	2	3	6	6	14	4	6	6	4	8	5	3	4	8	2	2	1	6	8	6	8	3	9	5	
2135_A/duck/Kaohsiung/20W 4	2	0	3	3	1	5	0	1	4	0	1	1	1	0	1	5	2	3	1	7	2	2	1	5	2	3	2	7	2	12	2	3	5	6	7	4	8	4	2	2	3	6	7	14	4	6	5	3	8	5	3	5	7	2	2	1	7	7	5	8	3	10	6	
2136_A/duck/Liaoning/LN/2 4	3	1	2	3	0	4	1	1	5	0	1	2	0	0	1	6	2	4	1	6	2	1	1	5	3	1	3	6	1	14	1	3	5	8	4	6	6	6	3	2	4	4	7	14	4	8	4	3	7	6	3	4	8	0	2	2	8	6	7	6	3	11	4	
2137_A/duck/Nanchang/9789 4	3	1	2	3	0	4	1	0	6	0	1	2	0	0	1	5	2	4	2	7	2	1	0	6	4	0	2	6	0	15	2	2	6	8	6	7	5	5	1	2	5	5	7	14	3	8	4	2	7	6	3	4	8	0	2	1	8	5	8	8	2	12	3	
2138_A/duck/Nantou/15A343 3	2	1	2	4	1	4	1	1	6	0	1	2	0	0	1	6	2	4	1	6	2	1	1	4	3	0	3	6	1	15	1	3	5	9	3	6	6	5	4	3	5	4	8	14	3	8	3	3	6	6	3	4	9	0	2	1	9	5	6	7	1	12	5	
2139_A/duck/Nantou/17A024 3	3	1	2	4	0	4	1	1	6	0	1	2	0	0	1	6	2	4	1	6	2	1	1	6	2	0	3	5	2	15	1	3	5	8	2	6	6	6	5	2	4	4	8	14	4	8	3	3	7	6	3	4	8	0	2	1	9	5	6	7	1	12	5	
2140_A/duck/Pingtung/1501 3	2	1	2	4	1	4	1	1	6	0	1	2	0	0	1	6	2	4	1	6	2	1	1	5	3	0	3	6	1	15	1	3	5	9	3	6	6	5	4	2	5	4	8	14	3	8	3	3	6	6	3	4	9	0	2	1	9	5	6	7	1	12	5	
2141_A/duck/Pingtung/1501 3	2	1	2	4	1	4	1	1	6	0	1	2	0	0	1	6	2	4	1	6	2	1	1	5	3	0	3	6	1	15	1	3	5	9	3	6	6	5	4	2	5	4	8	14	3	8	3	3	6	6	3	4	9	0	2	1	9	5	6	7	1	12	5	
2142_A/duck/Pingtung/17A0 3	3	1	2	4	0	4	1	1	6	0	1	2	0	0	1	6	2	4	1	6	2	1	1	7	3	0	3	4	1	15	1	3	6	8	2	6	6	6	5	2	4	4	8	14	4	8	3	3	6	6	3	4	8	0	2	1	9	5	6	7	1	12	5	
2143_A/duck/Pingtung/18A0 3	3	1	2	4	0	4	1	1	6	0	1	2	0	0	1	6	2	4	1	6	2	1	1	6	3	1	3	5	1	14	1	3	5	8	2	6	6	6	5	2	4	4	8	14	4	8	3	4	7	6	3	3	8	0	2	1	9	5	6	7	1	12	5	
2144_A/duck/Pingtung/18A0 3	3	1	2	4	0	4	1	1	6	0	1	2	0	0	1	6	2	4	1	6	2	1	1	6	3	2	3	5	1	13	1	3	5	9	2	6	6	5	5	2	4	5	8	14	4	7	3	3	7	6	3	4	8	0	2	1	9	5	6	7	1	12	5	
2145_A/duck/Pingtung/18X0 3	3	1	2	4	0	4	1	1	6	0	1	2	0	0	1	6	2	3	1	6	2	2	1	6	3	1	3	5	1	14	1	3	5	8	2	6	6	6	5	2	4	4	8	14	4	8	3	3	7	6	3	4	8	0	2	1	9	5	6	7	1	12	5	
2146_A/duck/Shandong/009/ 4	1	1	2	2	2	4	1	2	4	0	1	1	0	0	1	6	2	3	1	6	2	2	0	6	4	4	2	5	0	11	3	5	7	4	6	3	4	6	3	2	6	5	5	14	3	8	6	4	10	3	3	4	6	4	2	2	9	9	6	5	2	8	6	
2147_A/duck/Shandong/Q1/2 4	3	1	2	3	0	4	1	1	5	0	1	2	0	0	1	6	2	2	1	7	2	3	1	4	3	0	3	6	1	15	1	3	5	8	5	6	6	6	2	2	4	4	5	14	4	8	6	3	7	6	3	4	8	0	2	2	5	7	7	6	6	10	4	
2148_A/duck/Shandong/SD02 3	2	0	3	3	1	5	0	0	4	0	1	4	1	0	1	5	2	4	1	7	3	1	1	5	2	4	2	7	1	11	2	3	4	4	8	4	9	6	1	3	3	5	8	12	3	6	5	3	8	5	3	5	8	2	2	0	8	8	7	8	3	9	4	
2149_A/duck/Shandong/SD02 3	2	0	3	3	1	5	0	0	4	0	1	4	1	0	1	5	2	4	1	7	3	1	1	5	2	4	2	7	1	11	2	3	4	4	8	4	9	6	1	3	3	5	8	12	3	6	5	3	8	5	3	5	8	2	2	0	8	8	7	8	3	9	4	
2150_A/duck/Sichuan/NCXJ1 4	3	1	2	3	0	4	1	0	6	0	1	2	0	0	1	5	2	4	2	7	2	1	0	6	4	0	2	6	0	15	1	2	6	8	6	7	5	5	1	2	5	5	8	14	3	8	4	2	7	6	3	4	7	0	2	1	9	5	8	8	2	12	3	
2151_A/duck/Sichuan/NCXJ1 4	3	1	2	3	0	4	1	0	6	0	1	2	0	0	1	5	2	4	2	7	2	1	0	6	4	0	2	6	0	15	1	2	6	8	6	7	5	5	1	2	4	5	8	14	3	8	4	2	7	6	3	4	7	0	2	1	10	5	8	8	2	12	3	
2152_A/duck/Sichuan/NCXN1 4	3	2	2	3	0	3	1	0	5	0	1	2	0	0	1	5	2	4	2	7	2	1	0	6	4	0	3	6	0	15	1	2	5	10	6	7	5	3	1	2	5	5	8	14	3	8	3	2	8	5	3	4	8	1	2	1	9	5	8	8	2	12	3	
2153_A/duck/Sichuan/NCXN1 4	3	2	2	3	0	3	1	0	5	0	1	2	0	0	1	5	2	4	2	7	2	1	0	5	4	0	3	6	0	15	1	2	5	10	6	7	5	3	1	3	5	5	8	14	3	8	3	2	8	5	3	4	8	1	2	1	9	5	8	8	2	12	3	
2154_A/duck/Sichuan/SC482 3	2	0	3	3	1	5	0	0	4	0	1	4	1	0	1	5	2	4	1	7	2	1	1	5	3	4	2	7	1	11	2	3	3	4	8	4	10	6	1	3	3	5	8	12	3	6	5	3	8	5	3	5	8	2	2	0	8	8	7	8	3	9	4	
2155_A/duck/Sichuan/SC569 3	2	0	3	3	1	5	0	0	4	0	1	4	1	0	1	5	2	5	1	7	2	1	1	5	3	5	2	7	1	9	2	3	3	4	8	4	10	6	1	3	3	5	8	12	3	6	5	3	8	5	3	5	8	2	2	0	8	8	7	8	3	9	4	
2156_A/duck/Taichung/1501 3	2	1	2	4	1	4	1	1	6	0	1	2	0	0	1	7	2	4	1	5	2	1	1	5	3	0	3	6	1	15	1	3	5	9	3	6	6	5	4	2	5	4	8	14	3	8	3	3	6	6	3	4	9	0	2	1	9	5	6	7	1	12	5	
2157_A/duck/Tainan/150104 3	2	1	2	4	1	4	1	1	6	0	1	2	0	0	1	6	2	4	1	6	2	1	1	5	3	0	3	6	1	15	1	3	5	9	3	6	6	5	4	2	5	4	8	14	3	8	3	3	6	6	3	4	9	0	2	1	9	5	6	7	1	12	5	
2158_A/duck/Tainan/160100 3	2	1	2	4	1	4	1	2	6	0	1	2	0	0	1	6	2	4	1	6	2	1	1	4	3	0	3	6	1	15	1	3	5	9	3	6	6	5	4	2	5	4	8	14	3	8	3	3	6	6	3	4	8	0	2	1	10	5	6	7	1	12	5	
2159_A/duck/Tainan/16WB34 4	2	0	3	3	1	5	0	1	4	0	1	2	1	0	1	5	2	3	1	7	2	2	1	3	3	3	2	8	1	12	2	4	4	4	7	3	9	6	2	2	3	6	8	14	4	6	4	4	9	5	3	5	8	2	2	1	5	8	5	7	3	9	6	
2160_A/duck/Taipei/05WB83 4	1	0	3	3	2	5	0	1	3	0	1	2	2	0	1	5	2	3	1	7	2	2	1	6	3	3	2	5	1	12	2	3	4	5	6	4	8	5	3	2	4	6	4	14	4	6	8	3	9	5	3	5	8	2	2	1	5	7	5	8	3	10	6	
2161_A/duck/Taipei/18WB01 4	2	1	2	3	2	4	1	1	4	0	1	1	0	0	1	7	2	3	1	7	2	2	1	3	2	3	2	7	2	12	2	3	5	4	7	4	7	6	2	2	5	6	10	14	3	6	2	2	6	6	2	4	7	1	3	2	10	6	4	9	2	11	7	
2162_A/duck/Taipei/19WB02 4	2	0	3	3	1	5	0	1	4	0	1	2	1	0	1	5	2	3	1	7	2	2	1	5	3	3	2	6	1	12	2	3	4	4	7	4	9	6	2	2	3	6	7	14	4	6	5	3	8	5	3	5	8	2	2	2	7	8	4	7	2	9	7	
2163_A/duck/Taiwan/01006/ 3	2	1	2	4	1	4	1	1	6	0	1	2	0	0	1	6	2	4	1	6	2	1	1	5	3	0	3	6	1	15	1	3	5	9	3	6	6	5	4	2	5	4	8	14	3	8	3	3	6	6	3	4	9	0	2	1	9	5	6	7	1	12	5	
2164_A/duck/Taiwan/11213/ 4	2	1	2	3	1	4	1	1	4	0	1	2	1	0	1	5	1	4	1	7	3	1	0	7	3	3	2	5	1	12	3	3	5	5	6	3	3	6	2	3	8	4	7	13	3	9	4	4	7	5	3	3	9	2	1	2	8	7	7	7	2	10	6	
2165_A/duck/Taiwan/11254/ 4	2	2	2	3	1	3	1	1	4	0	1	2	1	0	1	5	1	4	1	7	3	1	0	7	3	3	2	5	1	12	3	3	5	5	6	3	4	6	2	3	7	4	7	13	3	9	4	4	7	5	3	3	9	2	1	2	8	7	7	7	2	10	6	
2166_A/duck/Taiwan/A3400/ 3	2	1	2	4	1	4	1	1	6	0	1	2	0	0	1	6	2	4	1	6	2	1	1	5	3	0	3	6	1	15	1	3	5	9	3	6	6	5	4	2	5	4	8	14	3	8	3	3	6	6	3	4	9	0	2	1	9	5	6	7	1	12	5	
2167_A/duck/Taiwan/DV1238 4	1	0	3	3	2	5	0	1	5	0	1	2	0	0	1	6	2	3	1	6	2	2	1	6	3	3	2	5	1	12	2	3	3	4	6	4	9	6	3	2	5	7	6	14	3	5	6	3	10	5	3	5	7	2	2	1	6	7	6	8	2	10	5	
2168_A/duck/Taiwan/DV1241 4	1	0	3	3	2	5	0	1	5	0	1	2	0	0	1	6	2	3	1	6	2	2	1	6	3	3	2	5	1	12	2	3	3	4	6	4	9	6	3	2	5	7	6	14	3	5	6	3	10	5	3	5	7	2	2	1	6	7	6	8	2	10	5	
2169_A/duck/Taiwan/DV1242 4	1	0	3	3	2	5	0	1	5	0	1	2	0	0	1	6	2	3	1	6	2	2	1	6	3	3	2	5	1	12	2	3	3	4	6	4	9	6	3	2	5	7	6	14	3	5	6	3	10	5	3	5	7	2	2	1	6	7	6	8	2	10	5	
2170_A/duck/Taoyuan/16010 3	2	1	2	4	1	4	1	1	6	0	1	3	0	0	1	6	2	4	1	6	2	1	1	5	3	1	3	5	1	14	1	3	5	10	3	6	6	4	4	2	5	4	8	14	3	8	3	3	6	6	3	4	8	0	2	1	10	5	6	7	1	12	5	
2171_A/duck/Wenzhou/YJYF3 4	1	0	2	2	2	5	1	2	4	0	1	1	0	0	1	7	2	3	2	6	2	2	0	6	4	6	1	5	0	9	3	4	8	4	6	3	4	8	2	2	4	3	5	14	3	10	5	4	7	4	2	4	7	3	2	3	9	7	6	4	5	10	7	
2172_A/duck/Wuhan/JXYFB22 4	3	1	2	3	0	4	1	0	5	0	1	2	0	0	1	5	2	4	2	7	2	1	0	6	4	0	3	6	0	15	1	2	5	10	6	7	5	3	1	2	5	5	8	14	3	8	3	2	8	6	4	4	8	0	1	1	9	5	9	8	2	12	2	
2173_A/duck/Wuhan/WHYF02/ 4	3	1	2	3	0	4	1	0	5	0	1	2	0	0	1	5	2	4	2	7	2	1	0	6	4	0	3	6	0	15	1	3	5	9	6	6	5	4	1	2	5	5	8	14	3	8	3	3	9	5	3	4	7	1	2	1	9	5	9	7	2	12	2	
2174_A/duck/Xinjiang/12.1 3	2	0	3	3	1	5	0	1	4	0	1	3	1	0	1	5	2	4	1	7	2	1	1	5	3	2	2	7	1	13	2	3	3	4	8	4	10	6	1	3	3	5	8	12	3	6	5	3	9	5	3	5	7	2	2	1	8	8	7	7	3	9	4	
2175_A/duck/Yilan/17A0092 3	3	1	2	4	0	4	1	1	6	0	1	2	0	0	1	6	2	4	1	6	2	1	1	6	3	0	3	5	1	15	1	3	5	8	2	6	6	5	5	2	4	4	8	14	4	8	3	3	7	7	3	4	8	0	2	1	9	5	6	7	1	12	5	
2176_A/duck/Yunlin/150102 3	2	1	2	4	1	4	1	1	6	0	1	2	0	0	1	7	2	4	1	5	2	1	1	5	3	0	3	6	1	15	1	3	5	9	3	6	6	5	4	2	5	4	8	14	3	8	3	3	6	6	3	4	9	0	2	1	9	5	6	7	1	12	5	
2177_A/duck/Yunlin/150102 3	2	1	2	4	1	4	1	1	6	0	1	2	0	0	1	6	2	4	1	6	2	1	1	5	3	0	3	6	1	15	1	3	5	9	3	6	6	5	4	2	5	4	7	14	3	8	4	3	6	6	3	4	9	0	2	1	9	5	6	7	1	12	5	
2178_A/duck/Yunlin/150103 3	2	1	2	4	1	4	1	1	6	0	1	2	0	0	1	7	2	4	1	5	2	1	1	5	3	0	3	6	1	15	1	3	5	9	3	6	6	5	4	2	5	4	8	14	3	8	3	3	6	6	3	4	9	0	2	1	9	5	6	7	1	12	5	
2179_A/duck/Yunlin/150103 3	2	1	2	4	1	4	1	1	6	0	1	2	0	0	1	6	2	4	1	6	2	1	1	5	3	0	3	6	1	15	1	3	5	9	3	6	6	5	4	2	5	4	8	14	3	8	3	3	6	6	3	4	9	0	2	1	9	5	6	7	1	12	5	
2180_A/duck/Yunlin/150103 3	2	1	2	4	1	4	1	1	6	0	1	2	0	0	1	7	2	4	1	5	2	1	1	5	3	0	3	6	1	15	1	3	5	9	3	6	6	5	4	2	5	4	8	14	3	8	3	3	6	6	3	4	9	0	2	1	9	5	6	7	1	12	5	
2181_A/duck/Yunlin/150104 3	2	1	2	4	1	4	1	1	6	0	1	2	0	0	1	6	2	4	1	6	2	1	1	5	3	0	3	6	1	15	1	3	5	9	3	6	6	5	4	2	5	4	7	14	3	8	4	3	6	6	3	4	9	0	2	1	9	5	6	7	1	12	5	
2182_A/duck/Yunlin/150700 3	2	1	2	4	1	4	1	1	6	0	1	2	0	0	1	6	2	4	1	6	2	1	1	5	3	0	3	6	1	15	1	3	5	9	3	6	6	5	4	2	5	4	8	14	3	8	3	3	6	6	3	4	9	0	2	1	9	5	6	7	1	12	5	
2183_A/duck/Yunlin/15A501 3	2	1	2	4	1	4	1	1	6	0	1	2	0	0	1	6	2	4	1	6	2	1	1	5	3	0	3	6	1	15	1	3	5	9	3	6	6	5	4	2	5	4	8	14	3	8	3	3	6	6	3	4	9	0	2	1	9	5	6	7	1	12	5	
2184_A/duck/Yunlin/171100 3	3	1	2	4	0	4	1	2	6	0	1	2	0	0	1	6	2	4	1	6	2	1	1	5	3	1	3	5	1	14	1	3	5	9	2	6	6	5	5	2	4	4	8	14	4	8	3	3	7	6	3	4	8	0	2	1	9	5	5	7	1	12	6	
2185_A/duck/Yunlin/17A008 3	3	1	2	4	0	4	1	1	6	0	1	2	0	0	1	6	2	4	1	6	2	1	1	6	3	0	3	5	1	15	1	3	5	9	2	6	6	5	5	2	4	4	8	14	4	8	3	3	7	6	3	4	8	0	2	1	9	5	6	7	1	12	5	
2186_A/duck/Yunlin/17A068 3	3	1	2	4	0	4	1	1	6	0	1	2	0	0	1	6	2	4	1	6	2	1	1	6	3	0	3	5	1	15	1	3	5	8	2	6	6	6	5	2	4	4	8	14	4	8	3	3	7	6	3	4	8	0	2	1	9	6	5	7	1	11	6	
2187_A/duck/Yunlin/180600 3	3	1	2	4	0	4	1	1	7	0	1	2	0	0	1	6	2	4	1	6	2	1	1	6	3	1	3	5	1	14	1	3	5	9	2	6	6	5	5	2	4	4	8	14	4	8	3	3	7	6	3	4	8	0	2	1	8	5	5	7	1	12	6	
2188_A/duck/Yunlin/18X000 3	2	1	2	4	1	4	1	1	6	0	1	2	0	0	1	6	2	4	1	6	2	1	1	6	3	0	3	5	1	15	1	3	5	9	2	6	6	5	5	2	4	5	9	14	4	7	2	3	7	6	3	4	8	0	1	1	9	5	6	7	1	12	6	
2189_A/duck/Yunnan/4072/2 4	3	1	2	3	0	4	1	1	5	0	1	2	0	0	1	5	2	4	1	7	2	1	1	5	3	0	3	6	1	15	1	3	7	8	5	6	4	5	2	2	4	5	6	14	4	8	5	2	8	6	3	5	7	0	2	1	8	6	8	7	3	11	3	
2190_A/duck/Yunnan/426/20 4	3	1	2	3	0	4	1	1	5	0	1	2	0	0	1	5	2	4	1	7	2	1	1	5	3	0	3	6	1	15	1	3	7	8	5	6	4	5	2	2	4	4	6	14	4	9	5	2	8	6	3	5	7	0	2	1	9	6	8	7	2	11	3	
2191_A/duck/Yunnan/4645/2 4	3	1	2	3	0	4	1	1	5	0	1	2	0	0	1	5	2	4	1	7	2	1	1	5	3	0	3	6	1	15	1	3	7	8	5	6	4	5	2	2	4	4	6	14	4	9	5	2	8	6	3	5	7	0	2	1	8	6	8	7	3	11	3	
2192_A/duck/Yunnan/47/200 3	3	1	2	4	0	4	1	1	5	0	1	2	0	0	1	5	2	7	1	7	2	2	1	5	3	0	3	6	1	15	1	3	5	5	4	6	7	5	3	2	3	5	7	14	4	9	3	2	8	6	3	5	8	0	2	1	7	7	8	7	3	9	3	
2193_A/duck/Yunnan/485/20 4	3	1	2	3	0	4	1	1	5	0	1	2	0	0	1	5	2	4	1	7	2	1	1	5	3	0	3	6	1	15	1	3	7	8	5	6	4	5	2	2	4	4	6	14	4	9	5	2	8	6	3	5	7	0	2	1	8	6	8	7	3	11	3	
2194_A/duck/Yunnan/4873/2 3	3	1	2	4	0	4	1	0	5	0	1	2	0	0	1	5	2	4	1	7	2	1	1	6	3	0	3	6	1	15	1	3	5	8	4	6	6	5	3	2	4	5	7	14	4	8	4	2	8	6	3	5	7	0	2	1	8	5	8	7	3	12	3	
2195_A/duck/Yunnan/5090/2 4	3	1	2	3	0	4	1	1	5	0	1	2	0	0	1	5	2	4	1	7	2	1	1	5	3	0	3	6	1	15	1	3	7	8	5	6	4	5	2	2	4	4	6	14	4	9	5	2	8	6	3	5	7	0	2	1	8	6	8	7	3	11	3	
2196_A/duck/Yunnan/5169/2 4	3	1	2	3	0	4	1	1	5	0	1	2	0	0	1	5	2	4	1	7	2	1	1	5	3	0	3	6	1	15	1	3	7	8	5	6	4	5	2	2	4	4	6	14	4	9	5	2	8	6	3	5	7	0	2	1	8	6	8	7	3	11	3	
2197_A/duck/Yunnan/522/20 4	3	1	2	3	0	4	1	1	5	0	1	2	0	0	1	5	2	4	1	7	2	1	1	5	3	0	3	6	1	15	1	3	7	8	5	6	4	5	2	2	4	4	6	14	4	9	5	2	8	6	3	5	7	0	2	1	8	6	8	7	3	11	3	
2198_A/duck/Yunnan/5310/2 4	3	1	2	3	0	4	1	0	5	0	1	2	0	0	1	5	2	4	1	7	2	1	1	5	3	0	3	7	1	15	1	3	5	8	4	6	6	5	3	2	4	5	6	14	4	8	5	2	9	6	3	5	6	0	2	1	9	7	7	7	2	10	4	
2199_A/duck/Yunnan/5948/2 4	4	1	2	3	0	4	1	1	5	0	1	2	0	0	1	5	2	4	1	7	2	1	1	5	3	0	3	6	1	15	1	3	6	8	5	6	4	5	2	2	4	4	6	14	4	9	5	2	8	6	3	5	7	0	2	1	8	6	8	7	3	11	3	
2200_A/duck/Yunnan/6080/2 4	3	1	2	3	0	4	1	2	5	0	1	2	0	0	1	5	2	4	1	7	2	1	1	4	3	0	3	6	1	15	1	3	7	8	5	6	4	5	2	2	4	4	6	14	4	9	5	2	8	6	3	5	7	0	2	1	8	6	8	7	3	11	3	
2201_A/duck/Yunnan/6603/2 4	3	1	2	3	0	4	1	1	5	0	1	2	0	0	1	5	2	4	1	7	2	1	1	5	3	0	3	6	1	15	1	3	7	8	5	6	4	5	2	2	4	4	6	14	4	9	5	2	8	6	3	5	7	0	2	1	8	6	8	7	3	11	3	
2202_A/duck/Zhejiang/1026 4	2	1	1	3	1	4	2	1	5	0	1	2	1	0	1	6	2	4	1	5	2	2	0	4	3	1	3	7	1	14	1	3	6	8	3	6	5	6	4	3	5	3	8	14	3	9	3	3	7	6	3	4	8	0	2	1	9	5	6	7	1	12	5	
2203_A/duck/Zhejiang/1220 4	1	0	2	2	2	5	1	2	4	0	1	1	0	0	1	7	2	3	2	6	2	2	0	6	4	6	1	5	0	9	3	4	7	4	6	3	4	8	2	2	5	3	5	14	3	10	5	4	7	4	3	4	7	3	1	3	9	7	6	4	5	10	7	
2204_A/duck/Zhejiang/213/ 4	3	1	2	3	0	4	1	0	5	0	1	2	0	0	1	5	2	4	2	7	2	1	0	6	4	0	3	6	0	15	1	2	6	8	6	7	5	5	1	2	5	5	7	14	3	8	4	2	6	6	3	4	9	0	2	2	9	5	9	7	2	12	2	
2205_A/duck/Zhejiang/224/ 4	3	1	2	3	0	4	1	0	5	0	1	2	0	0	1	5	2	4	2	7	2	1	0	6	4	0	3	6	0	15	1	2	6	8	6	7	5	5	1	2	5	5	6	14	3	8	5	2	7	6	3	4	8	0	2	2	9	5	9	7	2	12	2	
2206_A/duck/Zhejiang/2242 4	3	1	2	3	0	4	1	0	5	0	1	2	0	0	1	5	2	4	2	7	2	1	0	6	4	0	3	6	0	15	1	2	6	8	6	7	5	5	1	2	5	5	6	14	3	8	5	2	7	6	3	4	8	0	2	2	9	5	9	7	2	12	2	
2207_A/duck/Zhejiang/2243 4	3	1	2	3	0	4	1	0	5	0	1	2	0	0	1	5	2	4	2	7	2	1	0	6	4	0	3	6	0	15	1	2	6	8	6	7	5	5	1	2	5	5	6	14	3	8	5	2	7	6	3	4	8	0	2	2	9	5	9	7	2	12	2	
2208_A/duck/Zhejiang/2244 4	3	1	2	3	0	4	1	0	5	0	1	2	0	0	1	5	2	4	2	7	2	1	0	6	4	0	3	6	0	15	1	2	6	8	6	7	5	5	1	2	5	5	6	14	3	8	5	2	7	6	3	4	8	0	2	2	9	5	9	7	2	12	2	
2209_A/duck/Zhejiang/2245 3	1	0	3	4	2	5	0	1	4	0	1	2	1	0	1	6	2	3	1	6	2	2	1	6	3	2	2	5	1	13	2	3	5	4	6	4	7	6	3	2	4	6	6	14	4	6	6	3	9	5	3	4	8	2	2	2	5	8	5	8	3	9	6	
2210_A/duck/Zhejiang/2248 4	3	1	2	3	0	4	1	0	5	0	1	2	0	0	1	5	2	4	2	7	2	1	0	6	4	0	3	6	0	15	1	2	6	8	6	7	5	5	1	2	5	5	6	14	3	8	5	2	7	6	3	4	8	0	2	2	9	5	9	7	2	12	2	
2211_A/duck/Zhejiang/6D18 4	2	1	2	3	1	4	1	1	5	0	1	2	0	0	1	6	2	4	1	6	2	1	1	6	3	0	3	5	1	15	1	3	5	8	6	6	6	6	1	2	5	4	5	14	3	8	6	2	7	6	3	4	8	0	2	3	8	7	7	6	3	10	4	
2212_A/duck/Zhejiang/6D2/ 4	3	1	2	3	0	4	1	0	6	0	1	3	0	0	1	5	2	4	2	7	2	1	0	6	4	0	2	5	0	15	1	2	7	8	6	7	4	5	1	2	5	5	8	14	3	8	4	2	7	6	3	4	7	0	2	1	9	5	8	8	2	12	3	
2213_A/duck/Zhejiang/6DK1 4	3	1	2	3	0	4	1	0	6	0	1	3	0	0	1	5	2	4	2	7	2	1	0	6	4	0	2	5	0	15	1	2	7	8	6	7	4	5	1	2	5	5	8	14	3	8	4	2	7	6	3	4	7	0	2	1	9	5	8	8	2	12	3	
2214_A/duck/Zhejiang/7270 4	3	1	2	3	0	4	1	0	5	0	1	2	0	0	1	5	2	4	2	7	2	1	0	6	4	0	3	6	0	15	1	3	5	8	6	6	5	4	1	2	5	5	8	14	3	8	3	2	8	6	3	4	8	1	2	1	9	4	8	8	2	13	3	
2215_A/duck/Zhejiang/7271 4	3	1	2	3	0	4	1	0	5	0	1	2	0	0	1	5	2	4	2	6	2	1	0	7	4	0	3	6	0	15	1	3	5	9	6	6	5	4	1	2	5	5	8	14	3	8	3	2	10	5	3	4	7	1	2	1	9	5	9	8	1	12	2	
2216_A/duck/Zhejiang/7713 4	3	1	2	3	0	4	1	0	6	0	1	2	0	0	1	5	2	4	2	7	2	1	0	6	4	0	2	6	0	15	1	2	6	8	6	7	4	5	1	2	5	5	9	14	3	8	3	2	8	7	3	4	7	0	2	1	9	5	8	8	2	11	3	
2217_A/duck/Zhejiang/9250 4	2	1	2	3	1	4	1	1	5	0	1	2	0	0	1	6	2	4	1	6	2	1	1	5	3	0	3	6	1	15	1	3	5	7	6	6	6	7	1	2	5	4	5	14	3	8	6	2	7	6	3	4	8	0	2	3	8	7	7	6	3	10	4	
2218_A/duck/Zhejiang/9251 4	2	1	2	3	1	4	1	1	5	0	1	2	0	0	1	6	2	4	1	6	2	1	1	5	3	0	3	6	1	15	1	3	5	7	6	6	6	7	1	2	5	4	5	14	3	8	6	2	7	6	3	4	8	0	2	3	8	7	7	6	3	10	4	
2219_A/duck/Zhejiang/W24/ 4	2	1	2	3	1	4	1	1	5	0	1	2	0	0	1	6	2	4	1	6	2	1	1	5	3	0	3	6	1	15	1	3	5	8	6	6	6	6	1	2	5	4	5	14	3	8	6	2	7	6	3	4	8	0	2	3	8	7	7	6	3	10	4	
2220_A/egret/Zhejiang/W15 4	3	1	2	3	0	4	1	0	5	0	1	2	0	0	1	5	2	4	2	7	2	1	0	6	4	0	3	6	0	15	1	2	6	9	6	7	5	4	1	2	5	5	8	14	3	8	3	2	8	5	2	4	8	1	3	1	8	5	9	8	2	12	2	
2221_A/egret/Zhejiang/W18 4	3	1	2	3	0	4	1	0	5	0	1	2	0	0	1	6	2	4	2	6	2	1	0	6	4	0	4	6	0	15	0	2	5	9	6	7	4	4	1	2	6	5	8	14	3	8	3	2	8	5	3	4	7	1	2	0	10	5	10	9	2	12	1	
2222_A/equine/China/61/20 4	3	1	2	3	0	4	1	0	5	0	1	2	0	0	1	5	2	5	1	7	2	1	1	6	3	0	3	6	1	14	1	3	5	8	4	6	7	5	3	2	3	5	6	14	4	8	5	2	8	6	3	5	7	0	2	1	8	5	8	7	3	12	3	
2223_A/equine/China/67/20 4	3	1	2	3	0	4	1	0	5	0	1	2	0	0	1	5	2	4	1	7	2	1	1	6	3	0	3	6	1	15	1	3	5	8	4	6	7	4	3	2	4	5	6	14	4	8	5	2	8	6	3	5	7	1	2	1	8	5	8	7	3	11	3	
2224_A/equine/China/68/20 4	3	1	2	3	0	4	1	0	5	0	1	2	0	0	1	5	2	4	1	7	2	1	1	6	3	0	3	6	1	15	1	3	5	8	4	6	6	5	3	2	4	5	6	14	4	8	5	2	8	6	3	5	7	0	2	1	8	5	8	7	3	12	3	
2225_A/eurasian_coot/Shan 3	2	0	3	3	1	5	0	0	4	0	1	4	1	0	1	5	2	4	1	7	2	1	1	5	3	4	2	7	1	11	2	3	3	4	8	4	10	6	1	3	3	5	8	12	3	6	5	3	8	5	3	5	8	2	2	0	8	8	7	8	3	9	4	
2226_A/eurasian_coot/Shan 3	2	0	3	3	1	5	0	0	4	0	1	4	1	0	1	5	2	4	1	7	2	1	1	5	3	4	2	7	1	11	2	3	3	4	8	4	10	6	1	3	3	5	8	12	3	6	5	3	8	5	3	5	8	2	2	0	8	8	7	8	3	9	4	
2227_A/eurasian_coot/Shan 3	2	0	3	3	1	5	0	0	4	0	1	4	1	0	1	5	2	4	1	7	2	1	1	5	3	4	2	7	1	11	2	3	3	4	8	4	10	6	1	3	3	5	8	12	3	6	5	3	8	5	3	5	8	2	2	0	8	8	7	8	3	9	4	
2228_A/eurasian_coot/Shan 3	2	0	3	3	1	5	0	0	4	0	1	4	1	0	1	5	2	4	1	7	2	1	1	5	3	4	2	7	1	11	2	3	3	4	8	4	10	6	1	3	3	5	8	12	3	6	5	3	8	5	3	5	8	2	2	0	8	8	7	8	3	9	4	
2229_A/feline/Guangdong/2 4	3	1	2	3	0	4	1	0	5	0	1	2	0	0	1	5	2	4	2	7	2	1	0	6	4	0	3	6	0	15	1	2	6	9	6	7	5	4	1	2	5	5	8	14	3	8	3	2	7	5	3	4	8	1	2	1	9	5	8	8	2	12	3	
2230_A/gadwall/Ningxia/YG 2	2	1	4	3	1	4	0	2	4	0	1	2	1	0	1	5	2	3	1	7	2	2	1	5	3	2	2	6	1	13	2	4	3	4	7	3	10	6	1	3	4	5	8	13	3	6	5	4	8	5	3	5	8	2	2	1	5	8	5	8	4	9	6	
2231_A/goose/Changhua/150 3	2	1	2	4	1	4	1	1	6	0	1	2	0	0	1	7	2	4	1	5	2	1	1	5	3	0	3	6	1	15	1	3	5	9	3	6	6	5	4	2	5	4	8	14	3	8	3	3	6	6	3	4	9	0	2	1	9	5	6	7	1	12	5	
2232_A/goose/Chiayi/15010 3	2	1	2	4	1	4	1	1	6	0	1	2	0	0	1	6	2	4	1	6	2	1	1	5	3	0	3	6	1	15	1	3	4	9	3	6	7	5	4	2	5	4	8	14	3	8	3	3	6	6	3	4	9	0	2	1	9	5	6	7	1	12	5	
2233_A/goose/Chiayi/15010 3	2	1	2	4	1	4	1	1	6	0	1	2	0	0	1	6	2	4	1	6	2	1	1	5	3	0	3	6	1	15	1	3	5	9	3	6	6	5	4	2	5	4	8	14	3	8	3	3	6	6	3	4	9	0	2	1	9	5	6	7	1	12	5	
2234_A/goose/Chiayi/15020 3	2	1	2	4	1	4	1	1	6	0	1	2	0	0	1	6	2	4	1	6	2	1	1	5	3	0	3	6	1	15	1	4	4	9	3	5	7	5	4	2	5	4	7	14	3	8	4	3	6	6	3	4	9	0	2	1	9	5	6	7	1	12	5	
2235_A/goose/Chiayi/16010 3	2	1	2	4	1	4	1	2	7	0	1	2	0	0	1	6	2	4	1	6	2	1	1	4	3	0	3	6	1	15	1	3	5	9	3	6	6	5	4	2	5	4	8	14	3	8	3	3	6	6	3	4	8	0	2	1	9	5	6	7	1	12	5	
2236_A/goose/Chiayi/16040 3	2	1	2	4	1	4	1	1	6	0	1	2	0	0	1	6	2	4	1	6	2	1	1	5	3	0	3	6	1	15	1	3	5	9	3	6	6	5	4	2	5	4	8	14	3	8	3	3	6	6	3	4	9	0	2	1	9	5	6	7	1	12	5	
2237_A/goose/Chiayi/16040 3	2	1	2	4	1	4	1	1	6	0	1	2	0	0	1	6	2	4	1	6	2	1	1	5	3	0	3	6	1	15	1	3	5	9	3	6	6	5	4	2	5	4	8	14	3	8	3	3	6	6	3	4	9	0	2	1	9	5	6	7	1	12	5	
2238_A/goose/Chiayi/17020 3	3	1	2	4	0	4	1	1	6	0	1	3	0	0	1	6	2	4	1	6	2	1	1	5	3	0	3	5	1	15	1	3	5	8	2	5	6	6	5	3	4	4	8	14	4	8	3	3	7	6	3	4	8	0	2	1	9	5	6	7	1	12	5	
2239_A/goose/Chiayi/17040 3	2	1	2	4	1	4	1	1	6	0	1	2	0	0	1	6	2	4	1	6	2	1	1	5	3	0	3	6	1	15	1	3	5	8	3	6	6	6	4	2	5	4	8	14	3	8	3	3	6	6	3	4	9	0	2	1	9	5	6	7	1	12	5	
2240_A/goose/Chiayi/18010 3	3	1	2	4	0	4	1	1	6	0	1	2	0	0	1	6	2	4	1	6	2	1	1	6	3	1	3	5	1	14	1	3	5	9	2	6	6	5	5	2	4	4	8	14	4	8	3	3	7	6	3	4	8	0	2	1	9	5	6	7	1	12	5	
2241_A/goose/Chiayi/18020 3	3	1	2	4	0	4	1	1	6	0	1	2	0	0	1	6	2	4	1	6	2	1	1	6	3	1	3	5	1	14	1	3	5	9	2	6	6	5	5	2	4	4	8	14	4	8	3	4	7	6	3	3	8	0	2	1	9	5	5	7	1	12	6	
2242_A/goose/Chiayi/18020 3	3	1	2	4	0	4	1	1	6	0	1	2	0	0	1	6	2	4	1	6	2	1	1	6	3	1	3	5	1	14	1	3	5	9	2	6	6	5	5	2	4	4	8	14	4	8	3	4	7	6	3	3	8	0	2	1	9	5	5	7	1	12	6	
2243_A/goose/China/0701/2 4	3	1	2	3	0	4	1	0	5	0	1	2	0	0	1	5	2	4	1	7	2	2	0	6	4	0	2	6	0	14	3	3	7	9	6	6	4	4	1	2	6	5	10	14	2	8	1	2	7	5	3	4	8	1	2	1	8	5	10	8	3	12	1	
2244_A/goose/China/1/2021 3	2	0	3	3	1	5	0	0	4	0	1	4	1	0	1	5	2	4	1	7	2	1	1	5	3	4	2	7	1	11	2	3	3	4	9	4	10	6	1	3	2	5	8	12	3	6	5	3	8	4	3	5	8	2	2	0	9	8	7	8	3	9	4	
2245_A/goose/China/1106/2 4	2	1	2	3	1	4	1	1	6	0	1	2	0	0	1	6	2	4	1	6	2	1	1	4	3	2	3	6	1	13	1	3	5	8	3	6	6	6	4	3	5	4	7	14	3	8	4	3	8	6	3	4	8	0	2	1	7	4	6	7	2	13	5	
2246_A/goose/China/E43/20 4	3	1	2	3	0	4	1	0	5	0	1	2	0	0	1	5	2	4	2	7	2	1	0	6	4	0	3	6	0	15	1	2	5	8	6	7	6	4	2	2	5	5	7	14	3	8	4	2	7	6	3	4	8	0	2	2	9	5	9	7	2	12	2	
2247_A/goose/China/M14/20 4	1	0	2	2	2	5	1	1	4	0	1	3	0	0	1	5	2	3	1	7	2	2	0	6	4	5	1	4	0	10	4	5	6	4	6	3	3	8	2	2	8	3	6	14	2	10	4	4	8	4	3	4	7	3	1	3	8	9	6	4	5	8	7	
2248_A/goose/Eastern_Chin 4	2	0	2	3	1	5	1	1	5	0	1	2	0	0	1	6	2	4	1	6	2	1	1	5	3	0	3	6	1	15	1	3	5	7	3	6	6	7	4	2	4	4	7	14	4	7	5	4	7	6	3	3	8	0	2	2	8	5	7	6	3	12	4	
2249_A/goose/Eastern_Chin 3	1	0	2	3	2	5	1	3	4	0	1	1	0	0	1	6	2	3	1	6	2	2	0	5	4	4	2	5	0	11	3	5	9	4	5	3	4	5	4	2	6	4	4	14	3	9	7	4	9	4	3	4	6	3	2	2	8	9	5	5	3	8	7	
2250_A/goose/Eastern_Chin 4	2	1	2	3	1	4	1	1	5	0	1	2	0	0	1	6	2	4	1	6	2	1	1	5	3	0	3	6	1	15	1	3	5	8	6	6	6	6	1	2	5	4	5	14	3	8	6	2	8	6	2	4	8	0	3	3	8	8	7	6	2	9	4	
2251_A/goose/Eastern_Chin 4	3	1	2	3	0	4	1	1	5	0	1	2	0	0	1	6	2	2	1	7	2	3	1	4	3	0	3	6	1	15	1	3	5	8	5	6	6	6	2	2	4	4	5	14	4	8	6	3	7	6	3	4	8	0	2	2	6	8	7	6	5	9	4	
2252_A/goose/Eastern_Chin 4	3	1	2	3	0	4	1	1	5	0	1	2	0	0	1	6	2	2	1	7	2	3	1	4	3	0	3	6	1	15	1	3	5	8	5	6	6	6	2	2	4	4	5	14	4	8	6	3	7	6	3	4	8	0	2	2	6	8	7	6	5	9	4	
2253_A/goose/Eastern_Chin 4	2	1	2	3	1	4	1	1	5	0	1	2	0	0	1	6	2	4	1	6	2	1	1	6	3	0	3	5	1	15	1	3	5	8	6	6	6	6	1	2	5	5	5	14	3	7	6	2	7	6	3	4	8	0	2	3	8	7	7	6	3	10	4	
2254_A/goose/Eastern_Chin 4	3	1	2	3	0	4	1	0	5	0	1	2	0	0	1	5	2	4	2	7	2	1	0	6	4	0	3	6	0	15	1	2	5	9	6	6	5	4	1	3	5	5	8	14	3	8	3	2	8	5	3	4	8	1	2	1	9	5	9	8	2	12	2	
2255_A/goose/Fujian/10.11 4	3	1	2	3	0	4	1	0	5	0	1	2	0	0	1	5	2	4	2	7	2	1	0	6	4	0	3	6	0	15	1	2	6	9	5	7	5	4	2	2	5	5	8	14	3	8	3	2	8	5	2	4	8	1	3	1	8	5	9	8	2	12	2	
2256_A/goose/Fujian/10.26 4	4	1	2	3	0	4	1	0	4	0	1	2	0	0	1	5	2	4	2	7	2	1	0	4	4	0	3	8	0	15	1	2	6	8	6	7	4	5	1	2	5	4	8	14	3	9	3	2	8	5	3	4	8	1	2	1	9	5	9	8	2	12	2	
2257_A/goose/Fujian/10.26 4	4	1	2	3	0	4	1	0	4	0	1	2	0	0	1	5	2	4	2	7	2	1	0	4	4	0	3	8	0	15	1	2	6	8	6	7	4	5	1	2	5	4	8	14	3	9	3	2	8	5	3	4	8	1	2	1	9	5	9	8	2	12	2	
2258_A/goose/Fujian/10.26 4	4	1	2	3	0	4	1	0	4	0	1	2	0	0	1	5	2	4	2	7	2	1	0	4	4	0	3	8	0	15	1	2	6	8	6	7	4	5	1	2	5	4	8	14	3	9	3	2	8	5	3	4	8	1	2	1	9	5	9	8	2	12	2	
2259_A/goose/Fujian/10.26 4	4	1	2	3	0	4	1	0	4	0	1	2	0	0	1	5	2	4	2	7	2	1	0	4	4	0	3	8	0	15	1	2	6	8	6	7	4	5	1	2	5	4	8	14	3	9	3	2	8	5	3	4	8	1	2	1	9	5	9	8	2	12	2	
2260_A/goose/Fujian/10.26 4	4	1	2	3	0	4	1	0	4	0	1	2	0	0	1	5	2	4	2	7	2	1	0	4	4	0	3	8	0	15	1	2	6	8	6	7	4	5	1	2	5	4	8	14	3	9	3	2	8	5	3	4	8	1	2	1	9	5	9	8	2	12	2	
2261_A/goose/Fujian/10.26 4	4	1	2	3	0	4	1	0	4	0	1	2	0	0	1	5	2	4	2	7	2	1	0	4	4	0	3	8	0	15	1	2	6	8	6	7	4	5	1	2	5	4	8	14	3	9	3	2	8	5	3	4	8	1	2	1	9	5	9	8	2	12	2	
2262_A/goose/Fujian/10.26 4	4	1	2	3	0	4	1	0	4	0	1	2	0	0	1	5	2	4	2	7	2	1	0	4	4	0	3	8	0	15	1	2	6	8	6	7	4	5	1	2	5	4	8	14	3	9	3	2	8	5	3	4	8	1	2	1	9	5	9	8	2	12	2	
2263_A/goose/Fujian/10.26 4	4	1	2	3	0	4	1	0	4	0	1	2	0	0	1	5	2	4	2	7	2	1	0	4	4	0	3	8	0	15	1	2	6	8	6	7	4	5	1	2	5	4	8	14	3	9	3	2	8	5	3	4	8	1	2	1	9	5	9	8	2	12	2	
2264_A/goose/Fujian/10.26 4	4	1	2	3	0	4	1	0	4	0	1	2	0	0	1	5	2	4	2	7	2	1	0	4	4	0	3	8	0	15	1	2	6	8	6	7	4	5	1	2	5	4	8	14	3	9	3	2	8	5	3	4	8	1	2	1	9	5	9	8	2	12	2	
2265_A/goose/Fujian/11.3_ 4	3	1	2	3	0	4	1	0	5	0	1	2	0	0	1	5	2	4	2	7	2	1	0	6	4	0	3	6	0	15	1	2	6	9	5	7	5	4	2	2	5	5	8	14	3	8	3	2	8	5	2	4	8	1	3	1	8	5	9	8	2	12	2	
2266_A/goose/Fujian/3.15_ 5	3	1	2	2	0	4	1	0	5	0	1	2	0	0	1	5	2	4	1	7	2	1	0	6	4	0	2	6	0	15	3	3	7	9	6	6	4	4	1	2	6	5	9	14	2	8	2	2	8	5	3	4	7	1	2	1	9	5	10	8	2	12	1	
2267_A/goose/Fujian/3.15_ 5	3	1	2	2	0	4	1	0	5	0	1	2	0	0	1	5	2	4	1	7	2	1	0	6	4	0	2	6	0	15	3	4	7	9	6	5	4	4	1	2	6	5	9	14	2	8	2	2	7	5	3	4	8	1	2	1	8	6	10	8	3	11	1	
2268_A/goose/Fujian/3.15_ 5	3	1	2	2	0	4	1	0	5	0	1	2	0	0	1	5	2	4	1	7	2	1	0	6	4	0	2	6	0	15	3	3	7	9	6	6	4	4	1	2	6	5	9	14	2	8	2	2	7	5	3	4	8	1	2	1	8	5	10	8	3	12	1	
2269_A/goose/Fujian/3.15_ 4	3	1	2	3	0	4	1	0	5	0	1	2	0	0	1	5	2	4	1	7	2	1	0	6	4	0	2	6	0	15	3	3	7	9	6	6	4	4	1	2	6	5	10	14	2	8	1	3	7	5	3	3	8	1	2	1	8	5	10	8	3	12	1	
2270_A/goose/Fujian/3.15_ 5	3	1	2	2	0	4	1	0	5	0	1	2	0	0	1	5	2	4	1	7	2	1	0	6	4	0	2	6	0	15	3	3	7	7	7	6	4	5	1	2	6	5	9	14	2	8	2	2	7	5	3	4	8	1	2	1	8	5	10	8	3	12	1	
2271_A/goose/GuangDong/11 3	2	0	3	3	1	5	0	0	3	0	1	5	2	0	1	5	2	4	1	7	2	1	1	5	3	5	2	6	1	10	2	3	3	4	8	4	10	6	1	3	3	5	7	12	3	6	6	3	9	5	3	5	8	2	2	0	7	8	7	8	3	9	4	
2272_A/goose/Guangdong/7. 4	3	1	2	3	0	4	1	0	5	0	1	1	0	0	1	5	2	4	2	7	2	1	0	6	4	0	2	7	0	15	2	2	7	9	6	7	4	4	1	2	6	5	10	14	2	8	1	2	7	5	3	4	8	1	2	1	8	5	9	8	3	12	2	
2273_A/goose/Guangdong/72 4	3	1	2	3	0	4	1	1	5	0	1	1	0	0	1	4	2	4	1	8	2	1	1	6	3	0	3	6	1	15	1	2	6	8	5	6	5	5	2	2	5	5	8	15	3	8	3	2	8	6	3	5	7	0	3	2	8	6	7	6	3	11	3	
2274_A/goose/Guangdong/QY 4	3	1	2	3	0	4	1	0	5	0	1	2	0	0	1	4	2	4	2	7	2	1	0	5	4	0	3	7	0	15	1	2	6	9	5	7	5	4	1	2	5	4	9	14	3	9	3	2	8	5	3	4	7	1	2	1	11	5	8	8	1	12	3	
2275_A/goose/Guangdong/k0 4	3	1	2	3	0	4	1	1	5	0	1	2	0	0	1	6	2	4	1	6	2	1	1	5	3	1	3	6	1	14	1	3	5	8	4	6	6	5	4	2	4	4	6	14	4	8	5	4	7	6	3	3	8	0	2	2	8	6	7	6	3	11	4	
2276_A/goose/Guangdong/s1 4	3	1	2	3	0	4	1	1	5	0	1	2	0	0	1	6	2	3	1	6	2	2	1	5	3	0	3	6	1	15	1	3	5	9	5	6	6	5	2	3	3	4	5	14	4	8	6	3	7	5	3	4	8	0	2	2	6	8	7	6	5	10	4	
2277_A/goose/Hebei/HG12/2 3	2	0	3	3	1	5	0	0	4	0	1	4	1	0	1	5	2	4	1	7	2	1	1	5	3	4	1	7	1	11	3	3	3	4	8	4	10	6	1	3	3	5	8	12	3	6	5	3	8	5	3	5	8	2	2	0	8	8	7	8	3	9	4	
2278_A/goose/Henan/01.01_ 4	3	1	2	3	0	4	1	0	5	0	1	2	0	0	1	5	2	4	2	7	2	1	0	6	4	0	3	6	0	15	1	2	6	8	7	7	5	4	1	2	5	4	8	14	3	10	2	2	8	5	2	4	8	1	3	1	8	5	9	8	2	12	2	
2279_A/goose/Hong_Kong/23 3	2	1	2	4	1	4	1	1	4	0	1	1	1	0	1	7	2	3	1	5	2	2	0	6	3	2	3	6	1	13	2	3	5	4	6	4	6	6	3	2	5	4	8	14	4	8	4	4	10	4	3	5	7	3	2	1	4	6	6	7	4	11	5	
2280_A/goose/Hubei/65/200 3	3	1	2	3	0	4	1	0	5	0	1	2	0	0	1	6	2	4	1	7	2	1	1	6	3	0	3	6	1	15	1	3	5	8	4	5	6	5	3	3	4	5	6	14	4	8	5	2	6	5	3	5	8	0	2	1	9	7	7	7	3	11	4	
2281_A/goose/Inner_Mongol 4	2	0	3	3	1	5	0	1	4	0	1	2	1	0	1	5	2	3	1	7	2	2	1	4	3	3	2	7	1	12	2	3	5	4	7	4	8	6	2	2	3	6	6	14	4	6	6	3	8	5	3	5	8	2	2	1	6	8	5	8	3	9	6	
2282_A/goose/Jiangsu/QD5/ 4	2	1	2	3	1	4	1	1	5	0	1	2	0	0	1	6	2	4	1	6	2	1	1	5	3	0	3	6	1	15	1	3	5	8	6	6	6	6	1	2	5	4	5	14	3	8	6	2	7	6	3	4	8	0	2	3	8	7	7	6	3	10	4	
2283_A/goose/Jiangsu/k040 4	3	1	2	3	0	4	1	0	5	0	1	2	0	0	1	5	2	4	2	7	2	1	0	6	3	2	3	6	1	13	1	3	4	9	3	6	7	4	4	2	4	5	7	14	4	8	4	2	8	5	3	5	7	1	3	0	8	5	7	8	3	12	3	
2284_A/goose/Pingtung/150 3	2	1	2	4	1	4	1	1	6	0	1	2	0	0	1	6	2	4	1	6	2	1	1	5	3	0	3	6	1	15	1	3	5	9	3	6	6	5	4	2	5	4	8	14	3	8	3	3	6	6	3	4	9	0	2	1	9	5	6	7	1	12	5	
2285_A/goose/Pingtung/150 3	2	1	2	4	1	4	1	1	6	0	1	2	0	0	1	6	2	4	1	6	2	1	1	5	3	0	3	6	1	15	1	3	5	9	3	6	6	5	4	2	5	4	8	14	3	8	3	3	6	6	3	4	9	0	2	1	9	5	6	7	1	12	5	
2286_A/goose/Pingtung/150 3	2	1	2	4	1	4	1	1	6	0	1	2	0	0	1	5	2	4	1	7	2	1	1	5	3	0	3	6	1	15	1	3	5	9	3	6	6	5	4	2	5	4	8	14	3	8	3	3	6	6	3	4	9	0	2	1	9	5	6	7	1	12	5	
2287_A/goose/Pingtung/160 3	2	1	2	4	1	4	1	1	6	0	1	2	0	0	1	5	2	4	1	7	2	1	1	5	3	0	3	6	1	15	1	3	5	9	3	6	6	5	4	2	5	4	8	14	3	8	3	3	6	6	3	4	9	0	2	1	9	5	7	7	1	12	4	
2288_A/goose/Shantou/1763 4	3	1	2	3	0	4	1	0	5	0	1	2	0	0	1	5	2	4	2	7	2	1	0	6	4	0	3	6	0	15	1	2	5	9	6	6	5	4	1	3	5	5	8	14	3	8	3	3	9	5	3	3	7	1	2	1	9	5	9	8	2	12	2	
2289_A/goose/Tainan/16040 3	2	1	2	4	1	4	1	1	6	0	1	2	0	0	1	6	2	4	1	6	2	1	1	5	3	0	3	6	1	15	1	3	5	9	3	6	6	5	4	2	5	4	8	14	3	8	3	3	6	6	3	4	10	0	2	1	8	5	6	7	1	12	5	
2290_A/goose/Tainan/16070 3	2	1	2	4	1	4	1	1	6	0	1	2	0	0	1	6	2	4	1	6	2	1	1	5	3	1	3	6	1	14	1	3	5	9	3	6	6	5	4	2	5	4	8	14	3	8	3	3	6	6	3	4	10	0	2	1	8	5	6	7	1	12	5	
2291_A/goose/Tainan/17030 3	3	1	2	4	0	4	1	1	6	0	1	2	0	0	1	6	2	4	1	6	2	1	1	6	3	0	3	6	1	14	1	3	5	9	2	6	6	5	5	2	4	4	8	14	4	8	3	3	7	6	3	4	8	0	2	1	9	5	6	7	1	12	5	
2292_A/goose/Tainan/17030 3	3	1	2	4	0	4	1	1	6	0	1	2	0	0	1	6	2	4	1	6	2	1	1	6	3	0	3	5	1	15	1	3	5	9	2	6	6	5	5	2	4	4	9	14	4	8	2	3	7	6	3	4	8	0	2	1	9	5	6	7	1	12	5	
2293_A/goose/Tainan/18010 3	3	1	2	4	0	4	1	1	6	0	1	2	0	0	1	6	2	4	1	6	2	1	1	6	3	0	3	5	1	15	1	3	5	9	2	6	6	5	5	2	4	4	8	14	4	8	3	3	7	6	3	4	8	0	2	1	9	5	5	7	1	12	6	
2294_A/goose/Tainan/18050 3	3	1	2	4	0	4	1	1	6	0	1	2	0	0	1	6	2	4	1	5	2	1	1	7	3	0	3	5	1	15	1	3	5	8	2	6	6	6	5	2	4	4	7	14	4	8	4	3	7	6	3	4	8	0	2	1	9	6	5	7	1	11	6	
2295_A/goose/Taiwan/01019 3	2	1	2	4	1	4	1	1	6	0	1	2	0	0	1	6	2	4	1	6	2	1	1	5	3	0	3	6	1	15	1	3	5	9	3	6	6	5	4	2	5	4	8	14	3	8	3	3	6	6	3	4	9	0	2	1	9	5	6	7	1	12	5	
2296_A/goose/Taiwan/01022 3	2	1	2	4	1	4	1	1	6	0	1	2	0	0	1	7	2	4	1	5	2	1	1	5	3	0	3	6	1	15	1	3	5	9	3	6	6	5	4	2	5	4	7	14	3	8	4	3	6	6	3	4	9	0	2	1	9	5	6	7	1	12	5	
2297_A/goose/Taiwan/01023 3	2	1	2	4	1	4	1	1	6	0	1	2	0	0	1	6	2	4	1	6	2	1	1	5	3	0	3	6	1	15	1	3	5	9	3	6	6	5	4	2	5	4	8	14	3	8	3	3	6	6	3	4	9	0	2	1	9	5	6	7	1	12	5	
2298_A/goose/Taiwan/01031 3	2	1	2	4	1	4	1	1	6	0	1	2	0	0	1	6	2	4	1	6	2	1	1	5	3	0	3	6	1	15	1	3	5	9	3	6	6	5	4	2	5	4	8	14	3	8	3	3	6	6	3	4	9	0	2	1	9	5	6	7	1	13	4	
2299_A/goose/Taiwan/01038 3	2	1	2	4	1	4	1	1	6	0	1	2	0	0	1	6	2	4	1	6	2	1	1	5	3	0	3	6	1	15	1	3	5	9	3	6	6	5	4	2	5	4	8	14	3	8	3	3	6	6	3	4	9	0	2	1	9	5	6	7	1	12	5	
2300_A/goose/Taiwan/01039 3	2	1	2	4	1	4	1	1	6	0	1	2	0	0	1	6	2	4	1	6	2	1	1	5	3	0	3	5	2	15	1	3	5	9	3	6	6	5	4	2	5	5	8	14	3	7	3	3	6	6	3	4	9	0	2	1	9	5	6	7	1	12	5	
2301_A/goose/Taiwan/01040 3	2	1	2	4	1	4	1	1	6	0	1	2	0	0	1	5	2	4	1	7	2	1	1	5	3	0	3	6	1	15	1	3	5	9	3	6	6	5	4	2	5	4	8	14	3	8	3	3	6	6	3	4	9	0	2	1	9	5	6	7	1	12	5	
2302_A/goose/Taiwan/TNC1/ 3	2	1	2	4	1	4	1	1	6	0	1	2	0	0	1	6	2	4	1	6	2	1	1	5	3	0	3	6	1	15	1	3	5	9	3	6	6	5	4	2	5	4	7	14	3	8	4	3	6	6	3	4	9	0	2	2	9	5	6	6	1	12	5	
2303_A/goose/Taiwan/TNC10 3	2	1	2	4	1	4	1	1	6	0	1	2	0	0	1	6	2	4	1	6	2	1	1	5	3	0	3	6	1	15	1	3	5	9	3	6	6	5	4	2	5	4	7	14	3	8	4	3	6	6	3	4	9	0	2	2	9	5	6	6	1	12	5	
2304_A/goose/Taiwan/TNC11 3	2	1	2	4	1	4	1	1	6	0	1	2	0	0	1	6	2	4	1	6	2	1	1	5	3	0	3	6	1	15	1	3	5	9	3	6	6	5	4	2	5	4	8	14	3	8	3	3	6	6	3	4	9	0	2	1	9	5	6	7	1	12	5	
2305_A/goose/Taiwan/TNC12 3	2	1	2	4	1	4	1	1	6	0	1	2	0	0	1	6	2	4	1	6	2	1	1	5	3	0	3	6	1	15	1	3	5	9	3	6	6	5	4	2	5	4	7	14	3	8	4	3	6	6	3	4	9	0	2	2	9	5	6	6	1	12	5	
2306_A/goose/Taiwan/TNC14 3	2	1	2	4	1	4	1	1	6	0	1	2	0	0	1	6	2	4	1	6	2	1	1	5	3	0	3	6	1	15	1	3	5	9	3	6	6	5	4	2	5	4	7	14	3	8	4	3	6	6	3	4	9	0	2	2	9	5	6	6	1	12	5	
2307_A/goose/Taiwan/TNC3/ 3	2	1	2	4	1	4	1	1	6	0	1	2	0	0	1	6	2	4	1	6	2	1	1	5	3	0	3	6	1	15	1	3	5	9	3	6	6	5	4	2	5	4	7	14	3	8	4	3	6	6	3	4	9	0	2	1	9	5	6	7	1	12	5	
2308_A/goose/Taiwan/TNC7/ 3	2	1	2	4	1	4	1	1	6	0	1	2	0	0	1	6	2	4	1	6	2	1	1	5	3	0	3	6	1	15	1	3	5	9	3	6	6	5	4	2	5	4	7	14	3	8	4	3	6	6	3	4	9	0	2	2	9	5	6	6	1	12	5	
2309_A/goose/Taiwan/TNC9/ 3	2	1	2	4	1	4	1	1	6	0	1	2	0	0	1	6	2	4	1	6	2	1	1	5	3	0	3	6	1	15	1	3	5	9	3	6	6	5	4	2	5	4	7	14	3	8	4	3	6	6	3	4	9	0	2	1	9	5	6	7	1	12	5	
2310_A/goose/Taiwan/TNO15 3	2	1	2	4	1	4	1	1	6	0	1	2	0	0	1	6	2	4	1	6	2	1	1	5	3	0	3	6	1	15	1	3	5	9	3	6	6	5	4	2	5	4	8	14	3	8	3	3	6	6	3	4	9	0	2	1	9	5	6	7	1	12	5	
2311_A/goose/Taiwan/TNO3/ 3	2	1	2	4	1	4	1	1	6	0	1	2	0	0	1	6	2	4	1	6	2	1	1	5	3	0	3	6	1	15	1	3	5	9	3	6	6	5	4	2	5	4	8	14	3	8	3	3	6	6	3	4	9	0	2	1	9	5	6	7	1	12	5	
2312_A/goose/Taiwan/TNO9/ 3	2	1	2	4	1	4	1	1	6	0	1	2	0	0	1	6	2	4	1	6	2	1	1	5	3	0	3	6	1	15	1	3	5	9	3	6	6	5	4	2	5	4	8	14	3	8	3	3	6	6	3	4	9	0	2	1	9	5	6	7	1	12	5	
2313_A/goose/Taoyuan/1501 3	2	1	2	4	1	4	1	1	6	0	1	2	0	0	1	6	2	4	1	6	2	1	1	5	3	0	3	6	1	15	1	3	5	9	3	6	6	5	4	2	5	4	7	14	3	8	4	3	6	6	3	4	9	0	2	1	9	5	6	7	1	12	5	
2314_A/goose/Taoyuan/1812 3	3	1	2	4	0	4	1	1	6	0	1	2	0	0	1	6	2	4	1	5	2	1	1	7	3	1	3	5	1	14	1	3	5	8	2	6	6	6	5	2	4	4	8	14	4	8	3	3	7	6	3	4	8	0	2	1	9	5	5	7	1	12	6	
2315_A/goose/Xinjiang/12. 4	3	1	2	3	0	4	1	0	5	0	1	2	0	0	1	5	2	4	2	7	2	1	0	6	4	1	3	6	0	14	1	2	6	9	6	7	4	4	1	2	5	6	8	14	3	7	3	2	10	5	3	4	8	1	2	1	7	6	9	8	2	11	2	
2316_A/goose/Xinjiang/12. 4	3	1	2	3	0	4	1	0	5	0	1	2	0	0	1	5	2	4	2	7	2	1	0	6	4	1	3	6	0	14	1	2	6	9	6	7	4	4	1	2	5	6	8	14	3	7	3	2	10	5	3	4	8	1	2	1	7	6	9	8	2	11	2	
2317_A/goose/Xinjiang/12. 3	2	0	3	3	1	5	0	1	4	0	1	3	1	0	1	5	2	4	1	7	2	1	1	5	3	2	2	7	1	13	2	3	3	4	8	4	10	6	1	3	3	5	8	12	3	6	5	3	9	5	3	5	7	2	2	0	8	8	7	8	3	9	4	
2318_A/goose/Xinjiang/12. 3	2	0	3	3	1	5	0	1	4	0	1	3	1	0	1	5	2	4	1	7	2	1	1	5	3	2	2	7	1	13	2	3	3	4	8	4	10	6	1	3	3	5	8	12	3	6	5	3	9	5	3	5	7	2	2	0	8	8	7	8	3	9	4	
2319_A/goose/Xinjiang/12. 3	2	0	3	3	1	5	0	1	4	0	1	3	1	0	1	5	2	4	1	7	2	1	1	5	3	2	2	7	1	13	2	3	3	4	8	4	10	6	1	3	3	5	8	12	3	6	5	3	9	5	3	5	7	2	2	0	8	8	7	8	3	9	4	
2320_A/goose/Xinjiang/12. 3	2	0	3	3	1	5	0	1	5	0	1	3	0	0	1	5	2	4	1	7	2	1	1	5	3	2	2	7	1	13	2	3	3	4	8	4	10	6	1	3	3	5	8	12	3	6	5	3	9	5	3	5	7	2	2	0	8	8	7	8	3	9	4	
2321_A/goose/Yangzhou/042 4	2	1	2	3	2	4	1	1	5	0	1	2	0	0	1	6	2	4	1	6	2	1	1	5	3	1	3	6	1	14	1	3	5	8	6	5	6	6	1	3	5	4	5	14	3	8	6	2	7	6	3	4	8	0	2	3	7	7	7	6	3	10	4	
2322_A/goose/Yangzhou/YZ5 4	3	1	2	3	0	4	1	0	5	0	1	2	0	0	1	6	2	4	2	6	2	1	0	6	4	0	3	6	0	15	1	2	5	9	6	7	4	4	1	2	6	5	8	14	3	8	3	2	8	5	3	4	7	1	2	0	10	5	10	9	2	12	1	
2323_A/goose/Yunlin/15010 3	2	1	2	4	1	4	1	1	6	0	1	2	0	0	1	6	2	4	1	6	2	1	1	5	3	0	3	6	1	15	1	3	5	9	3	6	6	5	4	2	5	4	8	14	3	8	3	3	6	6	3	4	9	0	2	1	9	5	6	7	1	12	5	
2324_A/goose/Yunlin/15010 3	2	1	2	4	1	4	1	1	6	0	1	2	0	0	1	6	2	4	1	6	2	1	1	5	3	0	3	6	1	15	1	3	5	9	3	6	6	5	4	2	5	4	8	14	3	8	3	3	6	6	3	4	9	0	2	1	9	5	6	7	1	12	5	
2325_A/goose/Yunlin/15010 3	2	1	2	4	1	4	1	1	6	0	1	2	0	0	1	6	2	4	1	6	2	1	1	5	3	0	3	6	1	15	1	3	5	9	3	6	6	5	4	2	5	4	8	14	3	8	3	3	6	6	3	4	9	0	2	1	9	5	6	7	1	12	5	
2326_A/goose/Yunlin/15010 3	2	1	2	4	1	4	1	1	6	0	1	2	0	0	1	6	2	4	1	6	2	1	1	5	3	0	3	6	1	15	1	3	5	9	3	6	6	5	4	2	5	4	8	14	3	8	3	3	6	6	3	4	9	0	2	1	9	5	6	7	1	12	5	
2327_A/goose/Yunlin/15010 3	2	1	2	4	1	4	1	1	6	0	1	2	0	0	1	6	2	4	1	6	2	1	1	5	3	0	3	6	1	15	1	3	5	9	3	6	6	5	4	2	5	4	8	14	3	8	3	3	6	6	3	4	9	0	2	1	9	5	6	7	1	12	5	
2328_A/goose/Yunlin/15040 3	2	1	2	4	1	4	1	1	6	0	1	2	0	0	1	6	1	4	1	6	3	1	1	5	3	0	2	6	1	15	2	3	5	9	2	6	6	5	5	2	5	4	8	14	3	8	3	3	6	6	3	4	9	0	2	1	9	5	6	7	1	12	5	
2329_A/goose/Yunlin/16020 3	2	1	2	4	1	4	1	1	6	0	1	2	0	0	1	6	2	4	1	6	2	1	1	5	3	0	3	6	1	15	1	3	5	9	3	6	6	5	4	2	5	4	8	14	3	8	3	3	6	6	3	4	9	0	2	1	9	5	6	7	1	12	5	
2330_A/goose/Yunlin/16020 3	2	1	2	4	1	4	1	1	6	0	1	2	0	0	1	6	2	4	1	6	2	1	1	5	3	0	3	6	1	15	1	3	5	9	3	6	6	5	4	2	5	4	9	14	3	8	2	3	6	6	3	4	9	0	2	1	9	5	6	7	1	12	5	
2331_A/goose/Yunlin/16040 3	2	1	2	4	1	4	1	1	6	0	1	2	0	0	1	6	2	4	1	6	2	1	1	5	3	0	3	6	1	15	1	3	5	9	3	6	6	5	4	2	5	4	8	14	3	8	3	3	6	6	3	4	9	0	2	1	9	5	6	7	1	12	5	
2332_A/goose/Yunlin/17100 3	3	1	2	4	0	4	1	1	6	0	1	2	0	0	1	6	2	4	1	6	2	1	1	6	3	0	3	5	1	15	1	3	5	8	2	6	6	6	5	2	4	4	8	14	4	8	3	3	8	6	3	4	7	0	2	1	9	5	7	7	1	12	4	
2333_A/goose/Yunlin/18030 3	3	1	2	4	0	4	1	3	6	0	1	1	0	0	1	6	2	4	1	6	2	1	1	5	3	0	3	5	1	15	1	3	6	9	2	6	5	5	5	2	4	5	7	14	4	7	4	3	7	6	3	4	8	0	2	1	9	5	5	7	1	12	6	
2334_A/goose/Yunlin/18030 3	3	1	2	4	0	4	1	3	6	0	1	1	0	0	1	6	2	4	1	6	2	1	1	5	4	0	3	5	0	15	1	3	6	9	2	6	5	5	5	3	4	5	7	14	4	7	4	3	7	6	3	4	8	0	2	0	9	5	6	7	1	12	5	
2335_A/goose/Yunlin/18040 3	3	1	2	4	0	4	1	1	6	0	1	2	0	0	1	6	2	4	1	6	2	1	1	6	3	0	3	5	1	15	1	3	5	9	2	6	6	5	5	2	4	4	8	14	4	8	3	3	7	6	3	4	8	0	2	1	9	5	5	7	1	12	6	
2336_A/goose/Yunlin/18040 3	3	1	2	4	0	4	1	1	6	0	1	2	0	0	1	7	2	4	1	5	2	1	1	7	3	0	3	4	1	15	1	3	5	8	2	6	6	6	5	2	4	4	8	14	4	8	3	3	7	6	3	4	8	0	2	1	9	6	5	7	1	11	6	
2337_A/goose/Yunlin/18090 3	3	1	2	4	0	4	1	1	6	0	1	2	0	0	1	6	2	4	1	5	3	1	1	7	2	0	3	5	1	15	1	4	4	8	2	6	6	6	5	2	4	4	8	14	5	8	3	2	8	6	3	4	7	0	2	1	9	6	4	7	1	11	7	
2338_A/goose/Yunlin/18090 3	3	1	2	4	0	4	1	1	6	0	1	2	0	0	1	6	2	3	1	6	2	2	1	6	3	1	3	6	1	14	1	3	5	8	2	6	6	6	5	2	4	4	8	13	4	8	3	3	7	6	3	4	8	0	2	1	9	5	6	7	1	12	5	
2339_A/goose/Yunlin/18110 3	3	1	2	4	0	4	1	1	6	0	1	2	0	0	1	6	2	4	1	5	2	1	1	7	3	1	3	5	1	14	1	3	5	8	2	6	6	6	5	2	4	4	8	14	4	8	3	3	7	6	3	4	8	0	2	1	9	5	5	7	1	12	6	
2340_A/goose/Yunnan/3798/ 3	3	1	2	4	0	4	1	0	5	0	1	2	0	0	1	5	2	4	1	7	2	1	1	6	3	0	3	6	1	15	1	3	5	8	4	6	6	5	3	2	4	5	7	14	4	8	4	2	8	6	3	5	7	0	2	1	8	5	8	7	3	12	3	
2341_A/goose/Yunnan/4371/ 3	3	1	2	4	0	4	1	0	5	0	1	2	0	0	1	5	2	4	1	7	2	1	1	6	3	0	3	6	1	15	1	3	5	8	4	6	6	5	3	2	4	5	7	14	4	8	4	2	8	6	3	5	7	0	2	1	8	5	8	7	3	12	3	
2342_A/goose/Yunnan/4389/ 3	3	1	2	4	0	4	1	0	5	0	1	2	0	0	1	5	2	4	1	7	2	1	1	6	3	0	3	6	1	15	1	3	5	8	4	6	6	5	3	2	4	5	7	14	4	8	4	2	8	6	3	5	7	0	2	1	8	5	8	7	3	12	3	
2343_A/goose/Yunnan/4985/ 3	3	1	2	4	0	4	1	0	5	0	1	2	0	0	1	5	2	4	1	7	2	1	1	6	3	0	3	6	1	15	1	3	5	8	4	6	6	5	3	2	4	5	7	14	4	8	4	2	8	6	3	5	7	0	2	1	8	5	8	7	3	12	3	
2344_A/goose/Yunnan/5141/ 4	3	1	2	3	0	4	1	0	5	0	1	2	0	0	1	4	2	4	1	8	2	1	1	6	3	0	3	6	1	15	1	3	5	8	4	6	6	4	4	2	4	5	6	14	4	8	5	2	8	6	3	5	7	0	2	1	8	5	8	7	3	12	3	
2345_A/goose/Yunnan/5769/ 4	3	1	2	3	0	4	1	0	5	0	1	2	0	0	1	5	2	4	1	7	2	1	1	5	3	0	3	7	1	15	1	3	5	8	5	6	6	5	2	2	4	5	6	14	4	8	5	2	8	6	3	5	7	0	2	1	9	7	7	7	2	10	4	
2346_A/goose/Yunnan/5979/ 4	3	1	2	3	0	4	1	0	5	0	1	2	0	0	1	5	2	4	1	7	2	1	1	5	3	0	3	7	1	15	1	3	5	8	5	6	6	5	2	2	4	5	6	14	4	8	5	2	8	6	3	5	7	0	2	1	9	7	7	7	2	10	4	
2347_A/goose/Yunnan/6193/ 4	3	1	2	3	0	4	1	0	5	0	1	2	0	0	1	5	2	4	1	7	2	1	1	6	3	0	3	6	1	15	1	3	5	8	4	6	6	5	3	2	5	5	6	14	3	8	5	2	9	6	3	5	7	0	2	1	7	5	8	7	3	12	3	
2348_A/goose/Zhejiang/112 4	3	1	2	3	0	4	1	0	6	0	1	2	0	0	1	5	2	4	2	7	2	1	0	6	4	0	2	6	0	15	1	2	7	8	6	6	4	5	1	3	5	5	8	14	3	8	4	3	7	6	3	3	7	0	2	1	9	5	8	8	2	12	3	
2349_A/goose/Zhejiang/112 4	3	1	2	3	0	4	1	0	5	0	1	2	0	0	1	5	2	4	2	7	2	1	0	6	4	0	3	6	0	15	1	2	6	8	5	7	5	5	2	2	5	4	7	14	3	9	4	3	6	6	3	3	9	0	2	3	8	5	10	7	2	12	1	
2350_A/goose/Zhejiang/112 4	3	1	2	3	0	4	1	0	6	0	1	2	0	0	1	5	2	4	2	7	2	1	0	6	4	0	2	6	0	15	1	2	7	8	6	6	4	5	1	3	5	6	8	14	3	7	4	3	7	6	3	3	7	0	2	1	9	5	8	8	2	12	3	
2351_A/goose/Zhejiang/727 4	3	1	2	3	0	4	1	0	5	0	1	2	0	0	1	5	2	4	2	6	2	1	0	7	4	0	3	6	0	15	1	3	5	9	6	6	5	4	1	2	5	5	8	14	3	8	3	2	10	5	3	4	7	1	2	1	9	5	9	8	1	12	2	
2352_A/goose/Zhejiang/727 4	3	2	2	3	0	3	1	0	5	0	1	2	0	0	1	5	2	4	2	7	2	1	0	6	4	0	3	6	0	15	1	2	6	8	5	7	5	5	2	2	5	6	7	14	3	7	4	2	6	6	4	4	9	0	2	2	9	5	8	7	2	12	2	
2353_A/goose/Zhejiang/727 4	3	1	2	3	0	4	1	0	5	0	1	2	0	0	1	5	2	4	2	6	2	1	0	7	4	0	3	6	0	15	1	3	5	9	6	6	5	4	1	2	5	5	8	14	3	8	3	2	10	5	3	4	7	1	2	1	9	5	9	8	1	12	2	
2354_A/goose/Zhejiang/771 4	3	1	2	3	0	4	1	0	6	0	1	2	0	0	1	5	2	4	2	7	2	1	0	6	4	0	2	6	0	15	1	2	6	8	6	7	4	5	1	2	5	5	9	14	3	8	3	2	8	7	3	4	7	0	2	1	9	5	8	8	2	11	3	
2355_A/goose/Zhejiang/771 4	3	1	2	3	0	4	1	0	6	0	1	2	0	0	1	5	2	4	2	7	2	1	0	6	4	0	2	6	0	15	1	2	6	8	6	7	4	5	1	2	5	5	9	14	3	8	3	2	8	7	3	4	7	0	2	1	9	5	8	8	2	11	3	
2356_A/goose/Zhejiang/771 4	3	1	2	3	0	4	1	0	6	0	1	2	0	0	1	5	2	4	2	7	2	1	0	6	4	0	2	6	0	15	1	2	6	8	6	7	4	5	1	2	5	5	9	14	3	8	3	2	8	7	3	4	7	0	2	1	9	5	8	8	2	11	3	
2357_A/goose/Zhejiang/925 4	3	1	2	3	0	4	1	0	6	0	1	2	0	0	1	5	2	4	2	7	2	1	0	6	4	0	3	6	0	15	1	2	5	9	6	7	5	4	1	2	5	5	8	14	3	8	3	2	8	5	3	4	8	1	2	1	8	4	9	8	2	13	2	
2358_A/goose/Zhejiang/925 4	2	1	2	3	1	4	1	1	5	0	1	2	0	0	1	6	2	4	1	6	2	1	1	5	3	0	3	6	1	15	1	3	5	7	6	6	6	7	1	2	5	4	5	14	3	8	6	2	7	6	3	4	8	0	2	3	8	7	7	6	3	10	4	
2359_A/goose/Zhejiang/925 4	2	1	2	3	1	4	1	1	5	0	1	2	0	0	1	6	2	4	1	6	2	1	1	5	3	0	3	6	1	15	1	3	5	7	6	6	6	7	1	2	5	4	5	14	3	8	6	2	7	6	3	4	8	0	2	3	8	7	7	6	3	10	4	
2360_A/goose/Zhejiang/925 4	3	1	2	3	0	4	1	0	6	0	1	2	0	0	1	5	2	4	2	7	2	1	0	6	4	0	2	6	0	15	1	2	7	8	6	7	4	5	1	2	5	6	7	14	3	7	5	2	7	6	3	4	7	0	2	1	9	6	8	8	2	11	3	
2361_A/goose/Zhejiang/925 4	2	1	2	3	1	4	1	1	5	0	1	2	0	0	1	6	2	4	1	6	2	1	1	5	3	0	3	6	1	15	1	3	5	7	6	6	6	7	1	2	5	4	5	14	3	8	6	2	7	6	3	4	8	0	2	3	8	7	7	6	3	10	4	
2362_A/goose/Zhejiang/925 4	3	1	2	3	0	4	1	0	6	0	1	2	0	0	1	5	2	4	2	7	2	1	0	6	4	0	2	6	0	15	1	2	7	8	6	7	4	5	1	2	5	6	7	14	3	7	5	2	7	6	3	4	7	0	2	1	9	6	8	8	2	11	3	
2363_A/great_black-headed 4	3	1	2	3	0	4	1	0	5	0	1	2	0	0	1	5	2	4	2	7	2	2	0	5	3	0	3	7	1	15	1	3	5	8	5	6	6	4	2	3	4	5	6	14	4	8	4	2	8	5	3	5	7	1	3	0	8	6	7	7	3	11	4	
2364_A/great_crested-greb 4	3	1	2	3	0	4	1	1	5	0	1	2	0	0	1	5	2	4	2	7	2	1	0	5	3	4	3	6	1	11	1	3	5	9	4	6	6	4	3	2	4	5	7	14	4	8	4	2	8	5	3	5	7	1	3	0	8	6	7	8	3	11	3	
2365_A/great_egret/Hong_K 4	3	1	2	3	0	4	1	0	5	0	1	2	0	0	1	5	2	4	2	7	2	1	0	6	4	0	3	6	0	15	1	2	5	8	6	7	6	5	1	2	4	5	6	14	4	8	5	3	7	6	3	4	8	0	2	1	9	5	9	7	2	12	2	
2366_A/great_tit/Panjing/ 4	2	1	2	3	1	4	1	0	5	0	1	2	0	0	1	5	2	4	2	7	2	1	0	6	3	2	3	6	1	13	1	3	5	9	4	6	6	4	3	2	4	5	7	14	4	8	4	2	8	5	3	5	7	1	3	0	7	5	6	8	4	12	4	
2367_A/green-winged_teal/ 5	1	0	2	2	2	5	1	1	4	0	1	2	1	0	1	5	2	2	1	7	2	3	1	6	3	3	2	5	1	12	2	3	5	4	6	4	7	6	3	2	6	6	5	14	2	6	7	3	8	5	3	5	9	2	2	1	5	8	7	8	3	9	4	
2368_A/grey_heron/Hong_Ko 4	3	1	2	3	0	4	1	0	5	0	1	2	0	0	1	5	2	4	2	7	2	1	0	6	4	0	3	6	0	15	1	2	5	8	6	7	6	5	1	2	4	5	6	14	4	8	5	2	7	6	3	5	8	0	2	1	9	5	9	7	2	12	2	
2369_A/grey_heron/Hong_Ko 4	3	1	2	3	0	4	1	0	5	0	1	2	0	0	1	5	2	4	2	7	2	1	0	6	4	0	3	6	0	15	1	2	5	8	6	7	6	5	1	2	4	5	6	14	4	8	5	2	7	6	3	5	8	0	2	1	9	5	9	7	2	12	2	
2370_A/heron/Kaohsiung/15 4	2	0	3	3	1	5	0	1	4	0	1	1	1	0	1	5	2	3	1	7	2	2	1	5	3	2	2	7	1	13	2	3	4	4	6	3	9	6	3	3	3	7	7	14	4	5	5	3	7	5	3	5	8	2	2	1	6	8	5	8	4	9	6	
2371_A/heron/Yilan/17DB00 3	3	1	2	4	0	4	1	1	6	0	1	2	0	0	1	6	2	4	1	6	2	1	1	6	3	0	3	5	1	15	1	3	4	9	2	6	7	5	5	2	4	5	8	14	4	7	3	3	7	6	3	4	8	0	2	1	9	5	6	7	1	12	5	
2372_A/hill_myna/Heilongj 4	3	1	2	3	0	4	1	0	5	0	1	2	0	0	1	5	2	4	2	7	2	1	0	6	4	1	3	6	0	14	1	2	6	8	5	7	5	5	2	2	6	5	7	14	2	8	4	2	6	6	3	4	9	0	2	2	9	5	9	7	2	12	2	
2373_A/lesser_kestrel/Hei 4	3	1	2	3	0	4	1	0	5	0	1	2	0	0	1	5	2	4	1	7	2	1	1	5	3	1	2	7	1	15	1	3	5	8	4	6	6	5	3	2	4	5	6	14	4	8	5	2	8	6	3	5	8	0	2	1	7	7	7	7	3	10	4	
2374_A/lion/Hubei/1-2/201 4	1	0	2	2	2	5	1	2	4	0	1	1	0	0	1	7	1	3	2	6	2	2	0	6	4	6	1	5	1	9	3	4	7	4	6	3	4	8	2	2	5	3	5	14	3	10	5	4	7	5	3	4	7	2	1	3	9	7	6	4	5	10	7	
2375_A/little_egret/Hong_ 4	3	1	2	3	0	4	1	0	5	0	1	2	0	0	1	5	2	4	2	7	2	1	0	6	3	0	3	6	1	15	1	2	5	8	6	7	6	5	1	2	4	5	6	14	4	8	5	2	8	6	3	5	7	0	2	1	8	5	8	7	3	12	3	
2376_A/little_grebe/Xiang 3	3	0	1	4	0	5	2	0	4	0	1	2	1	0	1	4	2	4	1	7	2	1	1	4	2	2	2	8	2	13	2	2	3	5	6	4	9	5	3	2	3	5	7	14	4	7	5	4	6	5	4	5	10	2	2	1	10	7	5	8	1	10	5	
2377_A/magpie_robin/Hong_ 4	3	1	2	3	0	4	1	0	5	0	1	2	0	0	1	5	2	4	2	7	2	1	0	6	4	1	3	6	0	14	1	2	5	8	6	7	6	5	1	2	4	5	6	14	4	8	5	2	7	6	3	5	8	0	2	1	9	5	9	7	2	12	2	
2378_A/magpie_robin/Hong_ 4	3	1	2	3	0	4	1	0	5	0	1	2	0	0	1	5	2	4	2	7	2	1	0	6	4	0	3	6	0	15	1	2	5	8	6	7	6	5	1	2	4	5	6	14	4	8	5	2	7	6	3	5	8	0	2	1	9	5	9	7	2	12	2	
2379_A/mallard/Shanghai/S 4	2	1	2	3	1	4	1	1	5	0	1	2	0	0	1	6	2	3	1	6	2	2	1	4	3	1	3	6	1	14	2	3	5	8	6	6	6	6	1	2	5	4	5	14	3	8	6	2	8	6	3	4	7	0	2	3	8	7	7	6	3	10	4	
2380_A/meerkat/Shanghai/S 4	3	1	2	3	0	4	1	0	5	0	1	2	0	0	1	5	2	4	2	7	2	1	0	6	4	0	3	6	0	15	1	2	6	7	5	7	5	6	2	2	5	5	7	14	3	8	4	2	6	6	3	4	9	0	2	2	8	5	9	7	3	12	2	
2381_A/migratory_waterfow 4	3	1	2	3	0	4	1	0	6	0	1	2	0	0	1	5	2	4	2	7	2	1	0	6	4	0	2	6	0	15	1	2	7	8	6	7	4	5	1	2	5	5	8	14	3	8	4	2	7	6	3	4	7	0	2	1	9	5	7	8	2	12	4	
2382_A/migratory_waterfow 4	3	1	2	3	0	4	1	0	6	0	1	2	0	0	1	5	2	4	2	7	2	1	0	6	4	0	2	6	0	15	1	2	7	8	6	7	4	5	1	2	5	5	8	14	3	8	4	2	7	6	3	4	7	0	2	1	9	5	7	8	2	12	4	
2383_A/mink/China/181/201 4	3	2	2	3	0	3	1	0	5	0	1	2	0	0	1	5	2	4	1	7	2	1	0	6	4	0	2	6	0	15	3	3	7	8	6	6	4	5	1	2	6	5	10	14	2	8	1	2	7	5	3	4	8	1	2	1	8	5	10	8	3	12	1	
2384_A/mink/China/183/201 4	3	1	2	3	0	4	1	0	5	0	1	2	0	0	1	6	2	4	1	6	2	1	0	6	4	0	2	6	0	15	3	3	6	9	6	6	5	4	1	2	6	5	10	14	2	8	1	2	7	5	3	4	8	1	2	1	9	5	10	8	2	12	1	
2385_A/mink/China/191/201 4	3	1	2	3	0	4	1	0	5	0	1	2	0	0	1	6	2	4	1	6	2	1	0	6	4	0	2	6	0	15	3	3	6	9	6	6	5	4	1	2	6	5	10	14	2	8	1	2	6	5	3	4	8	1	2	1	9	5	10	8	3	12	1	
2386_A/mink/China/456/201 4	3	1	2	3	0	4	1	0	5	0	1	2	0	0	1	5	2	4	1	7	2	1	0	6	4	0	2	6	0	15	3	3	7	9	6	6	4	4	1	2	6	6	10	14	2	7	1	2	8	5	4	4	7	1	1	1	8	6	9	8	3	11	2	
2387_A/mink/China/G/2015_ 4	3	1	2	3	0	4	1	0	5	0	1	2	0	0	1	5	2	4	2	7	2	1	0	6	4	1	3	6	0	14	1	2	6	8	7	7	5	5	0	3	5	6	7	13	3	7	4	2	7	6	3	3	8	0	2	3	9	4	9	7	2	13	2	
2388_A/mink/China/XB/2015 4	1	0	2	2	2	5	1	2	3	0	1	1	1	0	1	7	2	3	2	6	2	2	0	6	4	6	1	5	0	9	3	4	7	4	6	3	4	8	2	2	5	3	5	14	3	10	5	4	7	5	3	3	7	2	1	4	9	7	6	4	5	10	7	
2389_A/mink/Eastern_China 3	2	0	3	3	1	5	0	1	4	0	1	3	1	0	1	4	2	4	1	8	2	1	1	5	3	3	2	7	1	12	2	4	3	4	7	4	10	6	2	3	4	6	8	12	3	5	5	2	9	5	3	5	7	2	2	0	7	8	6	8	3	9	5	
2390_A/mink/Eastern_China 3	2	1	2	4	1	4	1	1	5	0	1	2	1	0	1	6	2	5	1	5	2	1	1	8	2	2	2	4	2	11	2	2	8	6	6	5	4	5	3	2	5	3	9	13	4	10	3	5	10	4	3	3	6	2	2	1	8	10	8	7	1	7	3	
2391_A/mink/Eastern_China 4	3	1	2	3	0	4	1	0	5	0	1	2	0	0	1	5	2	4	2	7	2	1	0	6	4	0	2	6	0	15	1	2	7	9	6	7	4	4	1	2	5	5	10	14	3	8	2	2	7	4	3	4	8	2	2	1	8	5	9	8	3	12	2	
2392_A/mink/Eastern_China 3	2	0	3	3	1	5	0	1	4	0	1	3	1	0	1	4	2	4	1	8	2	1	1	5	3	3	2	7	1	12	2	4	3	4	7	4	10	6	2	3	4	6	8	12	3	5	5	2	9	5	3	5	7	2	2	0	7	8	6	8	3	9	5	
2393_A/mink/Eastern_China 4	3	1	2	3	0	4	1	0	5	0	1	2	0	0	1	5	2	4	1	7	2	1	0	6	4	0	2	6	0	15	3	3	7	10	6	6	4	3	1	2	6	5	10	14	2	8	1	2	7	5	3	4	8	1	2	1	8	5	10	8	3	12	1	
2394_A/mink/Northern_Chin 3	2	0	3	3	1	5	0	1	4	0	1	3	1	0	1	5	2	4	1	7	2	1	1	5	3	3	2	7	1	12	2	3	3	4	7	4	10	6	2	3	4	6	8	12	3	5	5	3	9	5	3	5	7	2	2	0	7	8	6	8	3	9	5	
2395_A/night_heron/Taiwan 3	2	1	2	4	1	4	1	1	6	0	1	2	0	0	1	6	2	4	1	6	2	1	1	5	3	0	3	6	1	15	1	3	5	9	3	6	6	5	4	2	5	4	8	14	3	8	3	3	6	6	3	4	9	0	2	1	9	5	6	7	1	12	5	
2396_A/oriental_magpie_ro 4	1	0	2	2	2	5	1	1	4	0	1	2	0	0	1	5	2	3	2	7	2	2	0	6	4	5	1	5	0	10	3	5	6	4	6	3	5	8	2	2	6	3	6	14	2	10	4	4	8	4	3	4	7	3	1	3	9	9	6	4	4	8	7	
2397_A/ostrich/Suzhou/097 4	3	1	2	3	0	4	1	0	5	0	1	3	0	0	1	4	2	4	1	7	2	1	1	6	3	1	4	5	1	14	0	4	7	7	6	6	4	5	1	2	4	5	6	14	4	8	5	4	8	7	3	3	7	0	2	1	8	5	8	7	3	12	3	
2398_A/parrot/Guangdong/2 4	2	1	1	3	2	4	2	1	4	0	1	1	0	0	1	7	2	4	1	6	2	1	1	5	3	4	2	6	1	11	2	3	5	4	7	4	7	6	2	2	5	7	9	14	3	5	3	2	7	6	2	5	6	1	3	0	9	9	5	10	3	8	6	
2399_A/parrot/Guangdong/C 4	3	1	2	3	0	4	1	0	5	0	1	2	0	0	1	5	2	4	1	7	2	1	1	6	3	0	3	6	1	15	1	3	6	8	5	6	5	5	2	2	4	5	6	14	4	8	5	2	8	6	3	5	7	0	2	1	8	6	8	7	3	11	3	
2400_A/partridge/Shantou/ 3	3	1	2	3	0	4	1	0	5	0	1	2	0	0	1	6	2	4	1	7	2	1	1	6	3	0	3	6	1	15	1	3	6	8	5	6	5	5	2	2	4	5	6	14	4	8	5	2	8	6	3	5	7	0	2	1	8	7	7	7	3	10	4	
2401_A/peacock/Yunnan/1/2 4	1	0	2	2	2	5	1	2	4	0	1	2	0	0	1	6	2	3	2	6	2	2	0	7	4	5	1	4	0	10	3	4	7	4	6	3	4	8	2	2	5	3	5	14	3	10	5	4	7	4	3	4	7	3	1	3	9	7	6	4	5	10	7	
2402_A/peacock/Yunnan/3/2 4	1	0	2	2	2	5	1	2	4	0	1	2	0	0	1	6	2	3	2	6	2	2	0	7	4	6	1	4	0	9	3	4	7	4	6	3	4	8	2	2	5	3	5	14	3	10	5	4	7	4	3	4	7	3	1	3	9	7	6	4	5	10	7	
2403_A/peregrine_falcon/H 3	1	0	2	3	2	5	1	3	4	0	1	1	0	0	1	6	2	3	1	6	2	2	0	5	4	4	2	5	0	11	3	5	7	6	4	3	4	5	4	2	6	5	5	14	3	8	6	4	10	4	3	4	6	3	2	2	8	9	5	5	3	8	7	
2404_A/pheasant/Shantou/3 3	3	1	2	3	0	4	1	0	5	0	1	2	0	0	1	6	2	4	1	7	2	1	1	6	3	1	3	6	1	14	1	3	6	8	5	6	5	5	2	2	3	6	6	14	5	7	5	2	7	6	3	5	8	0	2	1	8	5	8	7	3	12	3	
2405_A/pheasant/Shantou/4 4	3	1	2	3	0	4	1	0	5	0	1	2	0	0	1	5	2	4	1	7	2	1	1	6	3	1	3	6	1	14	1	3	6	8	5	6	5	5	2	2	4	5	6	14	4	8	5	2	8	6	3	5	7	0	2	1	8	7	8	7	3	10	3	
2406_A/pied_megpie/Liaoni 4	2	1	2	3	1	4	1	0	5	0	1	2	0	0	1	4	2	5	1	8	2	1	1	6	3	0	3	6	1	15	1	2	6	8	5	6	5	5	2	2	5	5	8	15	3	8	3	2	8	5	3	5	7	0	3	1	8	6	7	7	3	11	3	
2407_A/pigeon/Fujian/1.17 4	2	1	2	3	1	4	1	0	5	0	1	2	0	0	1	5	2	4	2	7	2	1	0	6	4	0	3	6	0	15	1	2	5	8	5	7	5	4	3	2	5	5	8	14	3	8	3	2	8	5	2	4	9	1	3	1	8	5	9	8	2	12	2	
2408_A/pigeon/Hainan/1.14 4	3	1	2	3	0	4	1	0	5	0	1	2	0	0	1	5	2	4	1	7	2	1	0	6	4	0	2	6	0	15	3	3	7	9	6	6	4	4	1	2	6	5	10	14	2	8	1	2	7	5	3	4	8	1	2	1	8	5	9	8	3	12	2	
2409_A/pigeon/Hubei/RP25/ 5	1	0	2	1	2	5	1	2	4	0	1	1	0	0	1	5	2	3	1	7	2	2	0	6	4	4	2	5	0	10	4	5	9	4	6	3	3	6	3	2	7	4	5	13	2	9	6	4	10	3	3	4	6	4	3	2	8	9	5	5	3	8	6	
2410_A/pigeon/Sichuan/NCX 4	3	1	2	3	0	4	1	0	5	0	1	2	0	0	1	5	2	4	2	7	2	1	0	5	4	0	3	6	0	15	1	2	5	10	6	7	5	3	1	3	5	5	8	14	3	8	3	2	8	5	3	4	8	1	2	1	9	5	8	8	2	12	3	
2411_A/pigeon/Zhejiang/11 4	3	1	2	3	0	4	1	0	5	0	1	2	0	0	1	5	2	4	2	7	2	1	0	6	4	0	3	6	0	15	1	2	6	8	5	7	5	5	2	2	5	4	7	14	3	9	4	3	6	6	3	3	9	0	2	2	9	5	10	7	2	12	1	
2412_A/pigeon/Zhejiang/11 4	3	1	2	3	0	4	1	0	5	0	1	2	0	0	1	5	2	4	2	7	2	1	0	6	4	0	3	6	0	15	1	2	6	8	5	7	5	5	2	2	5	5	7	14	3	8	4	3	6	6	3	3	9	0	2	2	9	5	10	7	2	12	1	
2413_A/pigeon/Zhejiang/72 4	3	2	2	3	0	3	1	0	5	0	1	2	0	0	1	5	2	4	2	7	2	1	0	6	4	0	3	6	0	15	1	2	6	8	5	7	5	5	2	2	5	6	7	14	3	7	4	2	6	6	4	4	9	0	2	2	9	5	8	7	2	12	2	
2414_A/plateau_pika/Qingh 3	2	1	3	4	1	5	0	0	3	0	1	2	1	0	1	5	1	4	2	6	4	2	0	6	3	6	5	5	0	9	2	4	6	5	5	3	4	6	3	1	6	5	5	15	2	8	7	2	7	5	5	4	7	2	1	4	7	7	6	5	5	8	5	
2415_A/quail/Guangxi/11/2 4	3	1	2	3	0	4	1	1	5	0	1	1	0	0	1	6	2	4	1	6	3	1	1	6	3	0	2	6	0	15	2	2	5	5	6	5	7	7	2	3	6	4	7	14	3	8	5	2	8	6	3	5	7	0	2	0	7	7	8	7	4	10	3	
2416_A/quail/Guangxi/12/2 4	3	1	2	3	0	4	1	1	5	0	1	1	0	0	1	6	2	4	1	6	3	1	1	6	3	0	2	6	0	15	2	2	5	5	6	5	7	7	2	3	6	4	7	14	3	8	5	2	8	6	3	5	7	0	2	0	7	7	8	7	4	10	3	
2417_A/quail/Guangxi/13/2 4	3	1	2	3	0	4	1	1	5	0	1	1	0	0	1	6	2	4	1	6	3	1	1	6	3	0	2	6	0	15	2	2	5	5	6	5	7	7	2	3	6	4	7	14	3	8	5	2	8	6	3	5	7	0	2	0	7	7	8	7	4	10	3	
2418_A/quail/Jiangsu/k010 4	3	1	2	3	0	4	1	1	5	0	1	2	0	0	1	6	2	3	1	6	2	2	1	5	3	1	3	6	1	14	1	3	5	8	4	6	6	6	3	2	4	4	7	14	4	8	4	3	7	6	3	4	8	0	2	2	8	6	7	6	3	11	4	
2419_A/quail/Nanchang/663 4	3	1	2	3	0	4	1	0	6	0	1	2	0	0	1	5	2	4	2	7	2	1	0	6	4	0	2	6	0	15	2	2	6	8	6	7	5	5	1	2	5	5	7	14	3	8	4	2	7	6	3	4	8	0	2	1	8	5	8	8	2	12	3	
2420_A/shrike/Tibet/13/20 4	3	1	2	3	0	4	1	0	5	0	1	2	0	0	1	5	2	4	1	7	2	1	1	6	3	0	2	6	1	15	2	3	5	8	4	6	6	5	3	2	4	5	6	14	4	8	5	2	8	6	3	5	7	0	2	1	8	7	7	7	3	10	4	
2421_A/silkie_chicken/Don 4	3	1	2	3	0	4	1	0	5	0	1	2	0	0	1	5	2	4	2	7	2	1	0	6	4	0	3	6	0	15	1	2	5	9	6	7	5	4	1	2	5	5	8	14	3	8	3	2	8	5	3	4	8	1	2	1	10	4	9	8	1	13	2	
2422_A/silky_chicken/Shan 4	3	1	2	3	0	4	1	0	5	0	1	3	0	0	1	5	2	4	1	7	2	1	1	5	3	0	3	6	1	15	1	3	6	8	5	6	5	5	2	2	4	5	6	14	4	8	5	2	8	6	3	5	7	0	2	1	8	8	8	7	3	9	3	
2423_A/spot-billed_duck/N 4	2	0	3	3	1	5	0	1	4	0	1	2	1	0	1	6	2	3	1	6	2	2	1	4	3	3	2	7	1	12	2	4	4	4	7	3	9	6	2	2	3	6	7	14	4	6	5	3	8	5	3	5	8	2	2	1	7	8	5	8	2	9	6	
2424_A/spot-billed_duck/N 2	2	1	4	3	1	4	0	2	4	0	1	2	1	0	1	5	2	3	1	7	2	2	1	5	3	2	2	6	1	13	2	4	3	4	7	3	10	6	1	3	4	5	8	13	3	6	5	4	8	5	3	5	8	2	2	1	5	8	5	8	4	9	6	
2425_A/spot-billed_duck/N 2	2	1	4	3	1	4	0	2	4	0	1	2	1	0	1	5	2	3	1	7	2	2	1	5	3	2	2	6	1	13	2	4	3	4	7	3	10	6	1	3	4	5	8	13	3	6	5	4	8	5	3	5	8	2	2	1	5	8	5	8	4	9	6	
2426_A/spot-billed_duck/X 4	1	0	2	3	2	5	1	0	5	0	1	3	0	0	1	5	2	3	1	7	2	2	1	5	3	2	2	6	1	13	2	3	5	3	7	4	7	7	2	2	5	6	4	14	3	6	8	3	10	5	4	5	7	2	2	1	6	8	4	8	2	9	6	
2427_A/swan_goose/Jilin/J 4	3	1	2	3	0	4	1	0	6	0	1	2	0	0	1	5	2	4	2	7	2	1	0	6	4	0	2	6	0	15	1	2	7	8	6	7	4	5	1	2	5	5	8	14	3	8	4	2	7	6	3	4	7	0	2	1	9	5	8	8	2	12	3	
2428_A/swan/China/ST/2016 3	2	0	3	3	1	5	0	1	4	0	1	3	1	0	1	5	2	4	1	7	2	1	1	5	3	2	2	7	1	13	2	3	3	4	8	4	10	6	1	3	4	5	8	12	3	6	5	3	9	5	3	5	7	2	2	0	7	8	6	8	3	9	5	
2429_A/swan/Shandong/W376 3	2	0	3	3	1	5	0	1	4	0	1	3	1	0	1	5	2	4	1	6	2	1	1	5	3	2	2	7	1	13	2	4	4	4	8	5	9	6	1	2	4	5	8	12	3	6	5	2	9	5	3	5	7	2	2	2	8	8	5	7	2	9	6	
2430_A/swan/Shanghai/10/2 4	3	1	2	3	0	4	1	0	5	0	1	2	0	0	1	5	2	4	2	7	2	1	0	6	3	0	3	6	1	15	1	2	5	8	4	7	6	5	3	2	4	5	6	14	4	8	5	3	8	6	3	4	7	0	2	2	8	5	8	6	3	12	3	
2431_A/swine/China/RZ/201 4	3	1	2	3	0	4	1	0	5	0	1	2	0	0	1	5	2	4	1	7	2	1	0	6	4	0	2	6	0	15	3	3	7	9	6	6	4	4	1	2	6	5	10	14	2	8	1	2	7	5	3	4	8	1	2	1	8	5	10	8	3	12	1	
2432_A/swine/Guangdong/1/ 4	3	1	2	3	0	4	1	0	5	0	1	2	0	0	1	5	2	4	2	7	2	1	0	6	4	0	3	6	0	15	1	2	5	9	6	7	5	4	1	2	5	5	7	14	3	8	4	2	8	5	3	4	8	2	2	1	9	4	9	8	2	12	2	
2433_A/swine/Guangdong/2/ 4	3	1	2	3	0	4	1	0	5	0	1	2	0	0	1	5	2	4	2	7	2	1	0	6	4	0	3	6	0	15	1	2	5	9	6	7	5	4	1	2	5	5	7	14	3	8	4	2	8	5	3	4	8	1	2	1	9	5	9	8	2	12	2	
2434_A/swine/Guangxi/592/ 4	3	1	2	3	0	4	1	0	5	0	1	2	0	0	1	5	2	4	2	7	2	1	0	6	4	0	3	6	0	15	1	2	6	8	6	7	5	5	1	2	5	4	6	14	3	9	5	2	8	6	3	4	7	0	2	2	9	5	9	7	2	12	2	
2435_A/swine/Jiangsu/1/20 2	2	1	2	4	1	4	1	1	5	0	1	2	0	0	1	6	2	3	1	7	2	2	1	5	3	1	2	6	1	14	2	3	7	7	6	6	4	5	2	3	4	5	6	14	4	8	5	2	8	5	4	4	7	1	1	3	8	6	7	5	3	11	4	
2436_A/swine/Jiangsu/2/20 4	3	1	2	3	0	4	1	0	5	0	1	2	0	0	1	5	2	4	1	7	2	1	1	6	3	0	3	6	1	15	1	3	6	8	4	7	5	5	3	2	4	5	6	14	3	8	5	2	9	6	3	4	6	0	2	1	8	7	7	7	4	10	4	
2437_A/swine/Shandong/SD1 4	3	1	2	3	0	4	1	0	5	0	1	2	0	0	1	5	2	4	1	7	2	1	1	6	3	0	3	6	1	15	1	3	5	8	5	6	6	5	2	2	5	4	7	14	3	8	5	2	8	6	3	5	7	0	2	2	8	7	8	6	3	10	3	
2438_A/swine/Zhejiang/SW5 4	3	2	2	3	0	3	1	0	5	0	1	2	0	0	1	5	2	4	2	7	2	1	0	6	4	0	3	6	0	15	1	2	6	8	5	7	5	5	2	2	5	6	7	14	3	7	4	2	6	6	4	4	9	0	2	2	9	5	8	7	2	12	2	
2439_A/thrush/Taipei_City 3	2	1	2	4	1	4	1	1	6	0	1	2	0	0	1	6	2	4	1	6	2	1	1	5	3	0	3	6	1	15	1	3	4	8	3	6	7	6	4	2	5	4	8	14	3	8	3	3	6	6	3	4	9	0	2	1	9	4	6	7	1	13	5	
2440_A/thrush/Taiwan/A234 3	2	1	2	4	1	4	1	1	6	0	1	2	0	0	1	6	2	4	1	6	2	1	1	5	3	0	3	6	1	15	1	3	5	9	3	6	6	5	4	2	5	4	8	14	3	8	3	3	6	6	3	4	9	0	2	1	9	5	6	7	1	12	5	
2441_A/tiger/Yunnan/tig14 4	3	1	2	3	0	4	1	0	5	0	1	2	0	0	1	5	2	4	2	7	2	1	0	6	4	0	3	6	0	15	1	2	5	10	6	7	5	3	1	3	6	5	8	14	2	8	3	2	8	5	3	4	8	1	2	2	8	5	8	7	2	12	3	
2442_A/tiger/Yunnan/tig14 4	3	1	2	3	0	4	1	0	5	0	1	3	0	0	1	5	2	4	2	7	2	1	0	6	4	0	3	5	0	15	1	2	6	9	6	7	4	4	1	2	6	5	8	14	3	8	3	2	8	6	3	4	8	0	2	1	8	5	9	8	2	12	2	
2443_A/tiger/Yunnan/tig15 4	1	0	2	2	2	5	1	2	4	0	1	1	0	0	1	8	2	4	2	6	2	1	0	5	4	6	1	5	0	9	3	4	7	4	6	3	4	8	2	2	5	3	5	14	3	10	5	4	7	5	3	4	7	2	1	3	9	7	6	4	5	10	7	
2444_A/turkey/Changhua/16 3	2	1	2	4	1	4	1	1	6	0	1	2	0	0	1	6	2	4	1	6	2	1	1	5	3	0	3	6	1	15	1	3	5	9	3	6	6	5	4	2	5	4	9	14	3	8	2	3	6	6	3	4	9	0	2	1	9	5	6	7	1	12	5	
2445_A/turkey/Chiayi/1702 3	2	1	2	4	1	4	1	1	6	0	1	2	0	0	1	5	2	4	1	7	2	1	1	5	3	0	3	6	1	15	1	4	5	9	3	5	6	5	4	2	5	4	8	14	3	8	3	3	6	5	3	4	9	1	2	1	9	5	6	7	1	12	5	
2446_A/turkey/Chiayi/1801 3	3	1	2	4	0	4	1	1	6	0	1	2	0	0	1	6	2	4	1	6	2	1	1	6	3	0	3	5	1	15	1	3	5	9	2	6	6	5	5	2	4	4	8	14	4	8	3	3	7	6	3	4	8	0	2	1	9	5	5	7	1	12	6	
2447_A/turkey/Yunlin/1506 4	2	1	2	3	1	4	1	1	6	0	1	2	0	0	1	6	2	4	1	6	2	1	1	5	3	0	3	6	1	15	1	3	5	9	3	6	6	5	4	3	5	4	8	14	3	8	3	3	6	6	3	4	9	0	2	0	9	5	6	7	1	12	5	
2448_A/turkey/Yunlin/1802 3	3	1	2	4	0	4	1	1	6	0	1	2	0	0	1	6	2	4	1	6	2	1	1	6	3	0	3	5	1	15	1	3	5	9	2	6	6	5	5	2	4	4	8	14	3	8	3	3	7	6	3	4	8	0	2	1	9	5	5	7	2	12	6	
2449_A/turkey/Yunlin/1811 3	3	1	2	4	0	4	1	1	6	0	1	2	0	0	1	6	2	4	1	5	2	1	1	7	3	0	3	5	1	15	1	3	4	8	2	6	6	6	5	2	4	4	8	14	5	8	3	3	8	6	3	4	7	0	2	1	9	6	5	7	1	11	6	
2450_A/turkey/Yunlin/1812 3	3	1	2	4	0	4	1	1	6	0	1	2	0	0	1	6	2	4	1	5	2	1	1	7	3	1	3	5	1	14	1	3	5	8	2	6	6	6	5	2	4	4	8	14	4	8	3	3	7	6	3	4	8	0	2	1	9	5	5	7	1	12	6	
2451_A/turtle_dove/Guangd 4	3	1	2	3	0	4	1	0	5	0	1	2	0	0	1	5	2	4	1	7	2	1	1	6	3	0	3	6	1	15	1	3	5	8	4	6	6	5	3	2	4	5	6	14	4	8	5	2	8	6	3	5	7	0	2	1	8	7	7	7	3	10	4	
2452_A/turtledove/Wuhan/H 4	3	1	2	3	0	4	1	0	5	0	1	2	0	0	1	5	2	4	2	7	2	1	0	6	4	0	3	6	0	15	1	3	5	9	6	6	5	4	1	2	5	5	8	14	3	8	3	3	8	5	3	4	8	1	2	1	9	5	9	7	2	12	2	
2453_A/turtledove/Wuhan/W 4	3	1	2	3	0	4	1	0	5	0	1	2	0	0	1	5	2	4	2	7	2	1	0	6	4	0	3	6	0	15	1	3	5	9	6	6	5	4	1	2	5	5	8	14	3	8	3	3	8	5	3	4	8	1	2	1	9	5	9	7	2	12	2	
2454_A/turtledove/Wuhan/W 4	3	1	2	3	0	4	1	0	5	0	1	2	0	0	1	5	2	4	2	7	2	1	0	6	4	0	3	6	0	15	1	3	5	9	6	6	5	4	1	2	5	5	8	14	3	8	3	3	8	5	3	4	8	1	2	1	9	5	9	7	2	12	2	
2455_A/waterfowl/Hong_Kon 4	3	1	2	3	0	4	1	0	6	0	1	2	0	0	1	5	2	4	1	7	2	1	1	6	3	0	2	6	1	15	2	3	5	10	4	5	7	5	2	2	5	4	7	14	3	8	5	1	9	5	3	6	6	0	2	0	7	7	9	8	3	10	2	
2456_A/white-naped_crane/ 4	4	1	2	3	0	4	1	0	4	0	1	2	0	0	1	5	2	4	2	7	2	1	0	4	4	0	3	8	0	15	1	2	6	8	6	7	4	5	1	2	5	4	8	14	3	9	3	2	8	5	3	4	8	1	2	1	9	5	9	8	2	12	2	
2457_A/whooper_swan/Shanx 3	2	0	3	3	1	5	0	1	4	0	1	3	1	0	1	5	2	4	1	7	2	1	1	5	3	2	2	7	1	13	2	3	3	4	8	4	10	6	1	3	4	5	8	12	3	6	5	3	9	5	3	5	7	2	2	0	7	8	6	8	3	9	5	
2458_A/wild_bird/Eastern_ 4	2	0	3	3	1	5	0	1	4	0	1	1	1	0	1	5	2	3	1	7	2	2	1	5	3	2	3	7	1	13	1	3	4	4	7	4	9	6	2	2	3	6	7	14	4	6	5	3	7	5	2	5	9	2	2	1	4	8	5	9	4	9	7	
2459_A/wild_bird/Eastern_ 4	2	0	3	3	1	5	0	1	4	0	1	1	1	0	1	5	2	3	1	7	2	2	1	5	3	2	3	7	1	13	1	3	4	4	7	4	9	6	2	2	3	6	7	14	4	6	5	3	7	5	2	5	9	2	2	1	4	8	5	8	5	9	7	
2460_A/wild_bird/Eastern_ 4	2	0	3	3	1	5	0	1	4	0	1	1	1	0	1	5	2	3	1	7	2	2	1	5	3	2	3	7	1	13	1	3	4	4	7	4	9	6	2	2	3	6	7	15	4	6	5	3	7	5	2	5	9	2	2	1	4	8	5	7	5	9	7	
2461_A/wild_bird/Taipei/0 4	1	0	3	3	2	5	0	1	4	0	1	3	1	0	1	6	2	3	1	7	2	2	1	6	3	3	2	3	1	12	2	3	4	4	6	4	7	6	3	2	5	6	4	14	4	6	8	3	8	5	3	5	8	2	2	1	5	8	5	8	4	9	6	
2462_A/wild_duck/Fujian/1 4	3	1	2	3	0	4	1	0	5	0	1	2	0	0	1	5	2	4	3	7	2	1	0	5	4	0	3	7	0	15	0	2	6	8	6	7	5	5	1	2	5	5	7	14	3	8	4	2	7	6	3	4	8	0	2	2	9	5	9	7	2	12	2	
2463_A/wild_duck/Fujian/2 4	3	1	2	3	0	4	1	0	5	0	1	2	0	0	1	5	2	4	3	7	2	1	0	5	4	0	3	7	0	15	0	2	6	8	6	7	5	5	1	2	5	5	7	14	3	8	4	2	7	6	3	4	8	0	2	2	9	5	9	7	2	12	2	
2464_A/wild_duck/Jilin/HF 4	2	1	2	3	1	4	1	0	5	0	1	2	0	0	1	5	2	4	2	7	2	1	0	6	3	2	3	6	1	13	1	3	5	9	4	6	6	4	3	2	4	5	7	14	4	8	4	2	8	5	3	5	7	1	3	0	7	5	6	8	4	12	4	
2465_A/wild_duck/Jilin/ZF 4	3	1	2	3	0	4	1	0	5	0	1	2	0	0	1	5	2	4	2	7	2	1	0	4	3	2	3	8	1	13	0	3	5	9	4	5	6	4	3	2	4	5	7	13	4	8	5	2	9	5	3	6	6	1	3	1	8	5	7	8	3	12	3	
2466_A/wild_duck/Liaoning 4	2	1	2	3	1	4	1	0	5	0	1	2	0	0	1	4	2	5	1	8	2	1	1	6	3	1	3	6	1	14	1	2	6	7	5	6	5	5	2	2	5	5	8	15	3	9	2	2	8	6	3	5	8	0	3	1	7	6	7	7	3	11	3	
2467_A/wild_duck/Shandong 4	3	1	2	3	0	4	1	1	5	0	1	1	0	0	2	6	2	3	1	6	2	2	1	5	3	2	2	6	1	13	2	3	7	7	6	6	4	5	2	3	5	5	6	14	3	8	5	2	8	5	4	4	7	1	1	3	9	5	7	5	2	12	4	
2468_A/wild_duck/Shandong 4	3	1	2	3	0	4	1	1	5	0	1	2	0	0	1	5	2	4	2	7	2	1	0	5	3	2	3	6	1	13	1	3	5	9	4	6	6	4	3	2	4	6	7	14	4	8	3	2	8	5	3	5	7	1	3	0	7	5	7	8	4	12	3	
2469_A/wild_duck/Shandong 4	2	1	2	3	1	4	1	1	5	0	1	2	0	0	1	6	2	4	1	6	2	1	1	5	2	2	3	6	2	13	1	3	5	8	4	6	7	6	3	2	4	4	7	14	4	7	5	3	7	6	2	4	7	0	3	2	8	5	7	6	3	12	4	
2470_A/wild_duck/Shandong 3	2	0	3	3	1	5	0	0	4	0	1	4	1	0	1	5	2	4	1	7	2	1	1	5	3	4	2	7	1	11	2	3	3	4	8	4	10	6	1	3	3	5	8	12	3	6	5	3	8	5	3	5	8	2	2	0	8	8	7	8	3	9	4	
2471_A/wild_pigeon/Jilin/ 4	3	1	2	3	0	4	1	0	5	0	1	2	0	0	1	5	2	4	2	7	2	1	0	6	4	0	3	6	0	15	1	3	5	9	6	6	5	4	1	2	5	5	8	14	3	8	3	2	10	5	3	4	7	1	2	1	9	5	7	8	1	12	4	
2472_A/Eurasian_Wigeon/Ni 4	3	1	3	3	0	4	0	0	5	0	1	2	0	0	1	5	2	4	2	7	2	1	0	6	4	1	3	6	0	14	1	2	5	9	6	7	5	4	1	2	5	5	8	14	3	8	3	2	9	5	3	4	8	1	2	1	8	5	8	8	2	12	3	
