title                    	T3s	C3s	A3s	G3s	CAI	CBI	Fop	Nc	GC3s	GC	L_sym	L_aa	Gravy	Aromo	
A/Indonesia/5/2005       	0.3333	0.2604	0.2929	0.3476	0.182	-0.047	0.392	53.69	0.485	0.492	237	252	-0.255556	0.051587	
A/Hong_Kong/483/1997     	0.3037	0.2827	0.3100	0.3263	0.179	-0.066	0.381	56.13	0.492	0.504	236	252	-0.237699	0.047619	
A/Hong_Kong/482/97       	0.3089	0.2775	0.3200	0.3141	0.168	-0.102	0.360	56.59	0.479	0.501	236	252	-0.238889	0.047619	
A/Chicken/HongKong/FY150/	0.3212	0.2694	0.2879	0.3511	0.171	-0.078	0.376	53.67	0.498	0.501	237	252	-0.286508	0.051587	
A/Chicken/HongKong/YU822.	0.3144	0.2784	0.2900	0.3351	0.165	-0.100	0.359	53.14	0.498	0.501	237	252	-0.199206	0.047619	
A/Chicken/HongKong/YU562/	0.3196	0.2680	0.2915	0.3492	0.169	-0.076	0.374	52.83	0.496	0.499	238	252	-0.260714	0.051587	
A/Pheasant/Hong_Kong/FY15	0.3229	0.2708	0.3015	0.3333	0.174	-0.084	0.371	55.28	0.485	0.496	237	252	-0.263889	0.051587	
A/Hong_Kong/486/97       	0.3089	0.2775	0.3200	0.3141	0.168	-0.102	0.360	56.59	0.479	0.501	236	252	-0.238889	0.047619	
A/Thailand/16/2004       	0.3281	0.2656	0.3030	0.3387	0.180	-0.076	0.376	52.80	0.481	0.491	237	252	-0.244048	0.051587	
A/Hong_Kong/538/97       	0.3089	0.2775	0.3200	0.3141	0.169	-0.095	0.364	56.53	0.479	0.501	236	252	-0.238889	0.047619	
A/chicken/Indonesia/7/200	0.3229	0.2708	0.2828	0.3583	0.178	-0.068	0.380	54.99	0.502	0.499	237	252	-0.245238	0.051587	
A/chicken/Korea/ES/03    	0.3281	0.2656	0.2980	0.3422	0.179	-0.083	0.371	54.63	0.485	0.491	237	252	-0.245238	0.051587	
A/Hong_Kong/156/97       	0.3037	0.2827	0.3200	0.3158	0.172	-0.096	0.364	56.35	0.483	0.501	236	252	-0.237699	0.047619	
A/whooper_swan/Mongolia/2	0.3194	0.2775	0.2995	0.3369	0.181	-0.066	0.381	53.57	0.492	0.496	236	252	-0.255556	0.051587	
A/Vietnam/UT3062/2004    	0.3281	0.2656	0.2879	0.3548	0.180	-0.069	0.380	54.27	0.494	0.495	237	252	-0.244048	0.051587	
A/Anas_crecca/Hubei/Chenh	0.3333	0.2500	0.3046	0.3495	0.172	-0.110	0.354	50.09	0.477	0.488	237	252	-0.271429	0.051587	
A/Anas_crecca/Hubei/Chenh	0.3333	0.2500	0.3046	0.3495	0.172	-0.110	0.354	50.09	0.477	0.488	237	252	-0.271429	0.051587	
A/Anas_platyrhynchos/Chon	0.2959	0.2959	0.2857	0.3368	0.165	-0.074	0.372	53.34	0.515	0.511	239	252	-0.218651	0.047619	
A/Anas_platyrhynchos/Jiuj	0.2959	0.2959	0.2857	0.3368	0.165	-0.074	0.372	53.34	0.515	0.511	239	252	-0.218651	0.047619	
A/Anhui/1/2005|EPI_ISL_24	0.3177	0.2760	0.2879	0.3529	0.180	-0.061	0.384	55.44	0.502	0.499	237	252	-0.245238	0.051587	
A/Anhui/1/2006|EPI_ISL_73	0.3177	0.2760	0.2929	0.3476	0.180	-0.061	0.384	56.30	0.498	0.497	237	252	-0.245238	0.051587	
A/Anhui/2/2005|EPI_ISL_24	0.3177	0.2760	0.2879	0.3529	0.180	-0.061	0.384	55.44	0.502	0.499	237	252	-0.245238	0.051587	
A/Anhui/2021-00011/2020|E	0.3385	0.2448	0.3232	0.3262	0.166	-0.119	0.350	47.61	0.456	0.484	237	252	-0.245238	0.051587	
A/Anhui/33163/2016|EPI_IS	0.3161	0.2694	0.3317	0.3069	0.171	-0.084	0.371	56.99	0.464	0.493	237	252	-0.246032	0.047619	
A/Anser_albifrons/Hubei/C	0.2887	0.3041	0.2750	0.3508	0.181	-0.021	0.405	55.14	0.532	0.516	237	252	-0.240873	0.051587	
A/Anser_cygnoides/China/P	0.3333	0.2552	0.3147	0.3333	0.174	-0.107	0.359	50.24	0.468	0.488	237	252	-0.239286	0.055556	
A/Anser_cygnoides/Hubei/F	0.3010	0.2857	0.2822	0.3490	0.176	-0.041	0.393	53.22	0.515	0.508	239	252	-0.232540	0.051587	
A/Anser_fabalis/Hunan/03.	0.3333	0.2500	0.3030	0.3476	0.176	-0.098	0.363	50.67	0.477	0.488	237	252	-0.255556	0.051587	
A/Anser_fabalis/Jiujiang/	0.2959	0.2959	0.2857	0.3368	0.165	-0.074	0.372	53.34	0.515	0.511	239	252	-0.218651	0.047619	
A/bar_headed_goose/Tibet/	0.2908	0.2959	0.2956	0.3316	0.170	-0.060	0.381	52.52	0.510	0.511	239	252	-0.218651	0.047619	
A/Bar-headed_Goose/Qingha	0.2938	0.2990	0.2723	0.3542	0.176	-0.024	0.403	54.75	0.529	0.513	238	252	-0.234127	0.047619	
A/Bar-headed_Goose/Qingha	0.2938	0.2990	0.2723	0.3560	0.176	-0.025	0.403	53.84	0.529	0.512	238	252	-0.230952	0.047619	
A/Bar-headed_Goose/Qingha	0.2938	0.2990	0.2723	0.3542	0.179	-0.017	0.408	54.81	0.529	0.513	238	252	-0.232143	0.047619	
A/Bar-headed_Goose/Qingha	0.3093	0.2887	0.2687	0.3560	0.183	-0.012	0.412	54.70	0.521	0.511	238	252	-0.236111	0.051587	
A/Bar-headed_Goose/Qingha	0.3041	0.2938	0.2687	0.3579	0.177	-0.038	0.395	53.19	0.525	0.509	238	252	-0.220238	0.051587	
A/Bar-headed_Goose/Qingha	0.2938	0.2990	0.2723	0.3542	0.178	-0.017	0.408	54.60	0.529	0.515	238	252	-0.232143	0.047619	
A/Bar-headed_Goose/Qingha	0.3041	0.2938	0.2714	0.3598	0.181	-0.036	0.399	53.36	0.525	0.507	238	252	-0.227381	0.059524	
A/Bar-headed_Goose/Qingha	0.2938	0.2990	0.2723	0.3542	0.176	-0.017	0.408	54.30	0.529	0.515	238	252	-0.232143	0.047619	
A/Bar-headed_Goose/Qingha	0.2938	0.2990	0.2723	0.3542	0.177	-0.024	0.403	53.95	0.529	0.513	238	252	-0.233730	0.047619	
A/Bar-headed_Goose/Qingha	0.2990	0.2938	0.2736	0.3560	0.176	-0.027	0.403	53.91	0.525	0.511	238	252	-0.237698	0.051587	
A/Bar-headed_Goose/Qingha	0.2938	0.2938	0.2786	0.3560	0.175	-0.027	0.403	53.98	0.525	0.511	238	252	-0.237698	0.051587	
A/Bar-headed_Goose/Qingha	0.3026	0.2821	0.2786	0.3560	0.169	-0.048	0.391	53.56	0.517	0.509	238	252	-0.225397	0.051587	
A/Bar-headed_Goose/Qingha	0.2990	0.2887	0.2786	0.3560	0.174	-0.034	0.399	53.98	0.521	0.509	238	252	-0.237698	0.051587	
A/Bar-headed_Goose/Qingha	0.2990	0.2887	0.2786	0.3560	0.174	-0.034	0.399	53.98	0.521	0.509	238	252	-0.237698	0.051587	
A/Bar-headed_Goose/Qingha	0.3041	0.2887	0.2736	0.3560	0.174	-0.038	0.395	53.37	0.521	0.509	238	252	-0.219445	0.051587	
A/Bar-headed_Goose/Qingha	0.2938	0.2938	0.2786	0.3579	0.172	-0.037	0.395	53.79	0.525	0.509	238	252	-0.198413	0.051587	
A/Bar-headed_Goose/Qingha	0.2990	0.2990	0.2723	0.3490	0.174	-0.031	0.399	53.95	0.525	0.512	238	252	-0.233730	0.047619	
A/Bar-headed_Goose/Qingha	0.2938	0.2990	0.2772	0.3490	0.173	-0.031	0.399	53.95	0.525	0.512	238	252	-0.233730	0.047619	
A/Bar-headed_Goose/Qingha	0.2990	0.2938	0.2786	0.3508	0.174	-0.034	0.399	53.98	0.521	0.509	238	252	-0.237698	0.051587	
A/Bar-headed_Goose/Qingha	0.2938	0.2990	0.2736	0.3560	0.179	-0.019	0.408	53.98	0.529	0.512	238	252	-0.237698	0.051587	
A/Bar-headed_Goose/Qingha	0.3041	0.2938	0.2673	0.3542	0.178	-0.024	0.403	53.89	0.525	0.512	238	252	-0.233730	0.047619	
A/Bar-headed_Goose/Qingha	0.3041	0.2938	0.2687	0.3560	0.181	-0.021	0.408	54.10	0.525	0.509	238	252	-0.234524	0.051587	
A/Bar-headed_Goose/Qingha	0.3057	0.2850	0.2700	0.3613	0.176	-0.039	0.397	54.64	0.523	0.511	237	252	-0.248016	0.051587	
A/Bar-headed_Goose/Qingha	0.3026	0.2923	0.2772	0.3438	0.179	-0.030	0.399	54.40	0.517	0.511	238	252	-0.236508	0.047619	
A/Bar-headed_Goose/Qingha	0.3026	0.2923	0.2772	0.3438	0.180	-0.030	0.399	53.60	0.517	0.511	238	252	-0.236111	0.047619	
A/Bar-headed_Goose/Qingha	0.3179	0.2821	0.2736	0.3455	0.184	-0.023	0.403	53.67	0.508	0.508	238	252	-0.220238	0.051587	
A/Bar-headed_Goose/Qingha	0.3026	0.2923	0.2772	0.3438	0.180	-0.031	0.399	53.32	0.517	0.512	238	252	-0.257540	0.047619	
A/Bar-headed_Goose/Qingha	0.3179	0.2718	0.2828	0.3545	0.185	-0.043	0.395	53.09	0.504	0.501	238	252	-0.236508	0.063492	
A/Bar-headed_Goose/Qingha	0.2938	0.2990	0.2772	0.3490	0.173	-0.031	0.399	53.95	0.525	0.512	238	252	-0.233730	0.047619	
A/Bar-headed_Goose/Qingha	0.2938	0.2990	0.2723	0.3542	0.177	-0.024	0.403	53.95	0.529	0.513	238	252	-0.233730	0.047619	
A/Bar-headed_Goose/Qingha	0.2938	0.3041	0.2673	0.3542	0.178	-0.024	0.403	53.76	0.534	0.515	238	252	-0.233730	0.047619	
A/Bar-headed_Goose/Qingha	0.2938	0.2990	0.2723	0.3542	0.177	-0.024	0.403	53.95	0.529	0.513	238	252	-0.233730	0.047619	
A/Bar-headed_Goose/Qingha	0.2938	0.2990	0.2723	0.3542	0.177	-0.024	0.403	54.14	0.529	0.512	238	252	-0.233730	0.047619	
A/Bar-headed_Goose/Qingha	0.2990	0.2938	0.2772	0.3508	0.174	-0.030	0.399	54.49	0.521	0.509	238	252	-0.212699	0.047619	
A/Bar-headed_Goose/Qingha	0.3026	0.2923	0.2772	0.3438	0.179	-0.030	0.399	54.40	0.517	0.511	238	252	-0.236508	0.047619	
A/Bar-headed_Goose/Qingha	0.2938	0.2990	0.2772	0.3508	0.176	-0.017	0.408	54.06	0.525	0.513	238	252	-0.236111	0.047619	
A/Bar-headed_Goose/Qingha	0.3177	0.2656	0.3232	0.3262	0.170	-0.112	0.354	51.87	0.473	0.489	237	252	-0.245238	0.051587	
A/Bar-headed_Goose/Qingha	0.2974	0.2923	0.2772	0.3508	0.175	-0.016	0.408	54.10	0.521	0.512	238	252	-0.235318	0.047619	
A/Bar-headed_Goose/Qingha	0.2938	0.2990	0.2723	0.3560	0.179	-0.017	0.408	54.27	0.529	0.513	238	252	-0.246032	0.047619	
A/Bar-headed_Goose/Qingha	0.2938	0.2990	0.2772	0.3508	0.175	-0.024	0.403	54.27	0.525	0.512	238	252	-0.246032	0.047619	
A/Bar-headed_Goose/Qingha	0.2938	0.2990	0.2772	0.3508	0.173	-0.030	0.399	53.92	0.525	0.511	238	252	-0.213095	0.047619	
A/Bar-headed_Goose/Qingha	0.2923	0.2974	0.2759	0.3523	0.173	-0.033	0.397	53.68	0.527	0.513	239	252	-0.224603	0.047619	
A/Bar-headed_Goose/Qingha	0.2938	0.2990	0.2772	0.3490	0.175	-0.023	0.403	54.91	0.525	0.513	238	252	-0.248413	0.047619	
A/Bar-headed_Goose/Qingha	0.2938	0.2990	0.2772	0.3508	0.178	-0.010	0.412	54.75	0.525	0.515	238	252	-0.234524	0.047619	
A/Bar-headed_Goose/Qingha	0.2938	0.2990	0.2723	0.3560	0.182	-0.003	0.416	54.24	0.529	0.515	238	252	-0.234524	0.047619	
A/Bar-headed_Goose/Qingha	0.2938	0.2990	0.2723	0.3560	0.180	-0.010	0.412	54.06	0.529	0.515	238	252	-0.236111	0.047619	
A/Bar-headed_Goose/Qingha	0.2938	0.2938	0.2772	0.3542	0.175	-0.031	0.399	54.34	0.525	0.512	238	252	-0.233730	0.047619	
A/Bar-headed_Goose/Qingha	0.2938	0.2990	0.2723	0.3542	0.177	-0.024	0.403	53.95	0.529	0.513	238	252	-0.233730	0.047619	
A/Bar-headed_Goose/Qingha	0.2938	0.2990	0.2723	0.3560	0.177	-0.023	0.403	53.92	0.529	0.512	238	252	-0.213095	0.047619	
A/Bar-headed_Goose/Qingha	0.2938	0.2990	0.2772	0.3490	0.177	-0.017	0.408	54.85	0.525	0.513	238	252	-0.230556	0.047619	
A/Bar-headed_Goose/Qingha	0.2938	0.2990	0.2772	0.3490	0.173	-0.031	0.399	53.95	0.525	0.512	238	252	-0.233730	0.047619	
A/Bar-headed_Goose/Qingha	0.2887	0.3041	0.2723	0.3560	0.179	-0.017	0.408	54.27	0.534	0.515	238	252	-0.246032	0.047619	
A/Bar-headed_Goose/Qingha	0.2887	0.3041	0.2723	0.3560	0.179	-0.017	0.408	54.27	0.534	0.515	238	252	-0.246032	0.047619	
A/Bar-headed_Goose/Qingha	0.2938	0.2938	0.2772	0.3542	0.178	-0.024	0.403	54.45	0.525	0.512	238	252	-0.233730	0.047619	
A/Bar-headed_Goose/Qingha	0.2938	0.2990	0.2723	0.3542	0.178	-0.018	0.408	55.12	0.529	0.515	238	252	-0.267064	0.047619	
A/Bar-headed_Goose/Qingha	0.2938	0.2990	0.2723	0.3542	0.178	-0.018	0.408	55.12	0.529	0.515	238	252	-0.267064	0.047619	
A/Bar-headed_Goose/Qingha	0.2938	0.2990	0.2723	0.3542	0.177	-0.024	0.403	53.95	0.529	0.513	238	252	-0.233730	0.047619	
A/Bar-headed_Goose/Qingha	0.2887	0.3041	0.2772	0.3508	0.176	-0.017	0.408	56.33	0.529	0.513	238	252	-0.246032	0.047619	
A/Bar-headed_Goose/Qingha	0.2887	0.3041	0.2772	0.3490	0.175	-0.017	0.408	56.78	0.529	0.513	238	252	-0.233333	0.047619	
A/Bar-headed_Goose/Qingha	0.2938	0.2990	0.2723	0.3542	0.176	-0.024	0.403	54.75	0.529	0.513	238	252	-0.234127	0.047619	
A/Bar-headed_Goose/Qingha	0.2887	0.2990	0.2772	0.3542	0.176	-0.031	0.399	54.20	0.529	0.513	238	252	-0.233730	0.047619	
A/Bar-headed_Goose/Qingha	0.2938	0.2990	0.2723	0.3542	0.176	-0.024	0.403	54.75	0.529	0.513	238	252	-0.234127	0.047619	
A/Bar-headed_Goose/Qingha	0.2938	0.2990	0.2723	0.3542	0.176	-0.024	0.403	54.75	0.529	0.513	238	252	-0.234127	0.047619	
A/Bar-headed_Goose/Qingha	0.2938	0.2990	0.2723	0.3542	0.178	-0.018	0.408	55.12	0.529	0.515	238	252	-0.267064	0.047619	
A/Bar-headed_Goose/Qingha	0.2938	0.2990	0.2723	0.3542	0.177	-0.024	0.403	53.95	0.529	0.513	238	252	-0.233730	0.047619	
A/Bar-headed_Goose/Qingha	0.2974	0.2923	0.2794	0.3420	0.175	-0.014	0.408	54.43	0.517	0.513	238	252	-0.218651	0.043651	
A/Bar-headed_Goose/Qingha	0.2938	0.2990	0.2745	0.3454	0.176	-0.022	0.403	54.26	0.525	0.515	238	252	-0.217064	0.043651	
A/Bar-headed_Goose/Qingha	0.2938	0.2990	0.2772	0.3508	0.175	-0.024	0.403	54.27	0.525	0.512	238	252	-0.246032	0.047619	
A/Bar-headed_Goose/Qingha	0.2938	0.2990	0.2772	0.3490	0.173	-0.031	0.399	53.95	0.525	0.512	238	252	-0.233730	0.047619	
A/Bar-headed_Goose/Qingha	0.2938	0.2990	0.2786	0.3508	0.176	-0.024	0.403	54.00	0.525	0.511	238	252	-0.244841	0.047619	
A/Bar-headed_Goose/Qingha	0.2938	0.2990	0.2772	0.3490	0.176	-0.024	0.403	53.79	0.525	0.512	238	252	-0.233730	0.047619	
A/Bar-headed_Goose/Qingha	0.2990	0.2990	0.2673	0.3542	0.178	-0.024	0.403	53.89	0.529	0.513	238	252	-0.233730	0.047619	
A/Bar-headed_Goose/Qingha	0.2990	0.2938	0.2764	0.3598	0.178	-0.029	0.403	53.37	0.525	0.508	238	252	-0.227381	0.059524	
A/Bar-headed_Goose/Qingha	0.2990	0.2938	0.2786	0.3508	0.174	-0.034	0.399	53.98	0.521	0.509	238	252	-0.237698	0.051587	
A/Bar-headed_Goose/Qingha	0.2990	0.2990	0.2736	0.3508	0.173	-0.038	0.395	53.31	0.525	0.511	238	252	-0.219445	0.051587	
A/Bar-headed_goose/Qingha	0.3281	0.2604	0.3131	0.3316	0.174	-0.105	0.359	49.87	0.473	0.491	237	252	-0.235318	0.051587	
A/Bar-headed_goose/Qingha	0.3246	0.2618	0.3131	0.3369	0.172	-0.093	0.363	50.97	0.477	0.489	237	252	-0.267460	0.051587	
A/Bar-headed_goose/Qingha	0.3281	0.2604	0.3131	0.3316	0.174	-0.105	0.359	49.87	0.473	0.491	237	252	-0.235318	0.051587	
A/Bar-headed_goose/Qingha	0.3281	0.2604	0.3131	0.3316	0.174	-0.105	0.359	49.87	0.473	0.491	237	252	-0.235318	0.051587	
A/Bar-headed_goose/Qingha	0.3281	0.2604	0.3131	0.3316	0.174	-0.105	0.359	49.87	0.473	0.491	237	252	-0.235318	0.051587	
A/Bar-headed_goose/Qingha	0.3281	0.2604	0.3131	0.3316	0.174	-0.105	0.359	49.87	0.473	0.491	237	252	-0.235318	0.051587	
A/Bar-headed_goose/Qingha	0.3281	0.2604	0.3131	0.3316	0.174	-0.105	0.359	49.87	0.473	0.491	237	252	-0.235318	0.051587	
A/Bar-headed_goose/Qingha	0.3281	0.2604	0.3131	0.3316	0.174	-0.105	0.359	49.87	0.473	0.491	237	252	-0.235318	0.051587	
A/Bar-headed_Goose/Qingha	0.2938	0.2990	0.2723	0.3542	0.178	-0.017	0.408	54.60	0.529	0.515	238	252	-0.232143	0.047619	
A/Bar-headed_Goose/Qingha	0.2938	0.2990	0.2723	0.3542	0.177	-0.024	0.403	53.95	0.529	0.513	238	252	-0.233730	0.047619	
A/Bar-headed_Goose/Qingha	0.2990	0.2887	0.2786	0.3560	0.171	-0.038	0.395	53.37	0.521	0.509	238	252	-0.219445	0.051587	
A/Bar-headed_Goose/Qingha	0.2938	0.3041	0.2673	0.3542	0.178	-0.024	0.403	53.76	0.534	0.515	238	252	-0.233730	0.047619	
A/Bar-headed_Goose/Qingha	0.2990	0.2938	0.2723	0.3542	0.176	-0.031	0.399	54.14	0.525	0.511	238	252	-0.233730	0.047619	
A/Bar-headed_Goose/Qingha	0.2938	0.3041	0.2723	0.3490	0.178	-0.024	0.403	53.61	0.529	0.513	238	252	-0.233730	0.047619	
A/Bar-headed_Goose/Qingha	0.2938	0.2990	0.2786	0.3508	0.178	-0.027	0.403	53.69	0.525	0.511	238	252	-0.237698	0.051587	
A/Bar-headed_Goose/Tibet/	0.2908	0.2959	0.3005	0.3264	0.170	-0.060	0.381	52.68	0.506	0.509	239	252	-0.218651	0.047619	
A/Bar-headed_Goose/Tibet/	0.2908	0.2959	0.2956	0.3316	0.170	-0.060	0.381	52.52	0.510	0.511	239	252	-0.218651	0.047619	
A/Bar-headed_Goose/Tibet/	0.2857	0.3010	0.2956	0.3316	0.172	-0.053	0.385	52.35	0.515	0.512	239	252	-0.218651	0.047619	
A/Bar-headed_Goose/Tibet/	0.2908	0.2959	0.3005	0.3264	0.170	-0.060	0.381	52.68	0.506	0.509	239	252	-0.218651	0.047619	
A/Bar-headed_Goose/Tibet/	0.2959	0.2908	0.3005	0.3264	0.167	-0.067	0.377	52.74	0.502	0.507	239	252	-0.218651	0.047619	
A/Bar-headed_Goose/Tibet/	0.2959	0.2908	0.3005	0.3264	0.167	-0.067	0.377	52.74	0.502	0.507	239	252	-0.218651	0.047619	
A/Bar-headed_Goose/Tibet/	0.2908	0.2959	0.2956	0.3316	0.170	-0.060	0.381	52.52	0.510	0.511	239	252	-0.218651	0.047619	
A/Bar-headed_Goose/Tibet/	0.2908	0.2959	0.2956	0.3316	0.170	-0.060	0.381	52.52	0.510	0.511	239	252	-0.218651	0.047619	
A/Bar-headed_Goose/Tibet/	0.2908	0.2959	0.2956	0.3316	0.170	-0.060	0.381	52.52	0.510	0.511	239	252	-0.218651	0.047619	
A/Bar-headed_Goose/Tibet/	0.2908	0.2959	0.2956	0.3316	0.170	-0.060	0.381	52.52	0.510	0.511	239	252	-0.218651	0.047619	
A/Bar-headed_Goose/Tibet/	0.2908	0.2959	0.2956	0.3316	0.170	-0.060	0.381	52.52	0.510	0.511	239	252	-0.218651	0.047619	
A/Bar-headed_Goose/Tibet/	0.2908	0.2959	0.3005	0.3264	0.170	-0.060	0.381	52.68	0.506	0.509	239	252	-0.218651	0.047619	
A/Bar-headed_Goose/Tibet/	0.2908	0.2959	0.3005	0.3264	0.170	-0.060	0.381	52.68	0.506	0.509	239	252	-0.218651	0.047619	
A/Bar-headed_Goose/Tibet/	0.2908	0.2959	0.3005	0.3264	0.170	-0.060	0.381	52.68	0.506	0.509	239	252	-0.218651	0.047619	
A/bean_goose/Hubei/BQ11/2	0.2908	0.2959	0.2956	0.3316	0.170	-0.060	0.381	52.52	0.510	0.511	239	252	-0.218651	0.047619	
A/Bean_Goose/Hubei/chenhu	0.3057	0.2953	0.2650	0.3560	0.180	-0.022	0.405	55.47	0.527	0.512	237	252	-0.238492	0.051587	
A/Bean_goose/Hubei/CH-i11	0.2938	0.2990	0.2723	0.3542	0.176	-0.024	0.403	54.75	0.529	0.513	238	252	-0.234127	0.047619	
A/Bean_goose/Hubei/CH-i12	0.2938	0.2990	0.2736	0.3560	0.176	-0.031	0.399	53.31	0.529	0.512	238	252	-0.219445	0.051587	
A/Bean_goose/Hubei/CH-I22	0.3281	0.2552	0.3232	0.3262	0.173	-0.112	0.354	48.62	0.464	0.487	237	252	-0.245635	0.051587	
A/Bean_goose/Hubei/CH-i32	0.3041	0.2887	0.2750	0.3579	0.176	-0.041	0.395	53.32	0.521	0.508	238	252	-0.223413	0.055556	
A/black_chicken/Jiangxi/1	0.3333	0.2500	0.3081	0.3422	0.175	-0.105	0.359	49.21	0.473	0.487	237	252	-0.255556	0.051587	
A/Black_faced_Spoonbill/A	0.3061	0.2908	0.2808	0.3368	0.166	-0.060	0.381	54.31	0.510	0.508	239	252	-0.228968	0.047619	
A/Black_Faced_Spoonbill/H	0.3010	0.2806	0.3005	0.3316	0.162	-0.074	0.372	52.65	0.498	0.505	239	252	-0.218651	0.047619	
A/Black_Faced_Spoonbill/H	0.2959	0.2959	0.2857	0.3368	0.164	-0.067	0.377	53.42	0.515	0.509	239	252	-0.228968	0.047619	
A/black_swan/Beijing/1/20	0.2806	0.3010	0.3005	0.3316	0.167	-0.053	0.385	52.49	0.515	0.512	239	252	-0.218651	0.047619	
A/black-backed_gull/Shand	0.2857	0.3010	0.2956	0.3316	0.168	-0.067	0.377	52.18	0.515	0.512	239	252	-0.218651	0.047619	
A/Black-necked_Grebe/Inne	0.3281	0.2552	0.3232	0.3262	0.170	-0.119	0.350	49.76	0.464	0.487	237	252	-0.245238	0.051587	
A/Black-necked_Grebe/Inne	0.3229	0.2604	0.3283	0.3209	0.171	-0.112	0.354	51.10	0.464	0.487	237	252	-0.245238	0.051587	
A/Black-necked_Grebe/Inne	0.3229	0.2604	0.3283	0.3209	0.171	-0.112	0.354	51.10	0.464	0.487	237	252	-0.245238	0.051587	
A/Black-necked_Grebe/Inne	0.3229	0.2604	0.3283	0.3209	0.171	-0.112	0.354	51.10	0.464	0.487	237	252	-0.245238	0.051587	
A/Black-necked_Grebe/Inne	0.3229	0.2604	0.3283	0.3209	0.171	-0.112	0.354	51.10	0.464	0.487	237	252	-0.245238	0.051587	
A/Black-necked_Grebe/Inne	0.3229	0.2604	0.3283	0.3209	0.171	-0.112	0.354	51.10	0.464	0.487	237	252	-0.245238	0.051587	
A/Black-necked_Grebe/Inne	0.3229	0.2604	0.3283	0.3209	0.171	-0.112	0.354	51.10	0.464	0.487	237	252	-0.245238	0.051587	
A/Black-necked_Grebe/Inne	0.3229	0.2604	0.3283	0.3209	0.171	-0.112	0.354	51.10	0.464	0.487	237	252	-0.245238	0.051587	
A/Brown-headed_Gull/Qingh	0.2938	0.2990	0.2750	0.3579	0.178	-0.034	0.399	53.39	0.529	0.509	238	252	-0.223413	0.055556	
A/Brown-headed_Gull/Qingh	0.2938	0.2990	0.2723	0.3542	0.177	-0.024	0.403	53.95	0.529	0.513	238	252	-0.233730	0.047619	
A/Brown-headed_Gull/Qingh	0.2938	0.2990	0.2723	0.3542	0.177	-0.024	0.403	53.95	0.529	0.513	238	252	-0.233730	0.047619	
A/Brown-headed_Gull/Qingh	0.2938	0.2990	0.2736	0.3560	0.179	-0.019	0.408	53.98	0.529	0.512	238	252	-0.237698	0.051587	
A/Brown-headed_Gull/Qingh	0.2974	0.2974	0.2673	0.3542	0.178	-0.025	0.403	54.69	0.529	0.516	238	252	-0.254762	0.047619	
A/Brown-headed_Gull/Qingh	0.2974	0.2923	0.2759	0.3472	0.171	-0.030	0.399	54.26	0.521	0.512	238	252	-0.235714	0.043651	
A/Brown-headed_Gull/Qingh	0.2887	0.2990	0.2822	0.3490	0.172	-0.038	0.395	54.20	0.525	0.512	238	252	-0.233730	0.047619	
A/Brown-headed_Gull/Qingh	0.2990	0.2938	0.2723	0.3542	0.175	-0.031	0.399	55.12	0.525	0.512	238	252	-0.233730	0.047619	
A/Brown-headed_Gull/Qingh	0.2887	0.2990	0.2772	0.3560	0.178	-0.025	0.403	54.00	0.529	0.512	238	252	-0.230952	0.047619	
A/brown-headed_gull/Tibet	0.2959	0.2908	0.2956	0.3333	0.169	-0.060	0.381	52.12	0.506	0.508	239	252	-0.217460	0.047619	
A/Brown-headed_Gull/Tibet	0.2908	0.2959	0.3005	0.3264	0.170	-0.060	0.381	52.68	0.506	0.509	239	252	-0.218651	0.047619	
A/Brown-headed_Gull/Tibet	0.2908	0.2959	0.3005	0.3264	0.167	-0.067	0.377	52.17	0.506	0.508	239	252	-0.218651	0.047619	
A/Brown-headed_Gull/Tibet	0.2908	0.2959	0.3005	0.3264	0.167	-0.067	0.377	52.17	0.506	0.508	239	252	-0.218651	0.047619	
A/canine/China/GX30/2023|	0.2857	0.3010	0.2956	0.3316	0.172	-0.053	0.385	54.83	0.515	0.513	239	252	-0.240079	0.047619	
A/cat/Sichuan/SC18/2014|E	0.3281	0.2552	0.3081	0.3422	0.175	-0.105	0.359	49.36	0.477	0.488	237	252	-0.255556	0.051587	
A/cat/Zhejiang/C1/2016|EP	0.3177	0.2604	0.3216	0.3263	0.174	-0.092	0.367	56.27	0.473	0.496	237	252	-0.246429	0.047619	
A/cat/Zhejiang/C2/2016|EP	0.3073	0.2656	0.3367	0.3175	0.166	-0.122	0.350	57.07	0.468	0.492	237	252	-0.243651	0.047619	
A/Changsha/1/2014|EPI_ISL	0.3281	0.2604	0.3081	0.3369	0.174	-0.105	0.359	50.49	0.477	0.492	237	252	-0.235318	0.051587	
A/chicken/Anhui/S1740/202	0.2995	0.2893	0.2808	0.3420	0.173	-0.051	0.385	52.54	0.515	0.515	239	252	-0.211111	0.047619	
A/chicken/Beijing/BJ7/201	0.3490	0.2396	0.3116	0.3316	0.178	-0.076	0.376	57.75	0.456	0.483	237	252	-0.233333	0.051587	
A/chicken/CH/a556/2015|EP	0.3420	0.2280	0.3234	0.3229	0.175	-0.099	0.359	54.30	0.447	0.487	237	252	-0.223413	0.047619	
A/chicken/Changhua/150101	0.3005	0.2902	0.2995	0.3441	0.174	-0.098	0.363	53.76	0.506	0.497	237	252	-0.253968	0.051587	
A/chicken/Changhua/150102	0.3057	0.2902	0.2944	0.3441	0.177	-0.090	0.367	54.31	0.506	0.497	237	252	-0.253968	0.051587	
A/chicken/Changhua/150103	0.3057	0.2902	0.2944	0.3441	0.177	-0.090	0.367	54.31	0.506	0.497	237	252	-0.253968	0.051587	
A/chicken/Changhua/150103	0.3109	0.2850	0.2944	0.3441	0.177	-0.090	0.367	54.24	0.502	0.496	237	252	-0.253968	0.051587	
A/chicken/Changhua/150103	0.3109	0.2850	0.2944	0.3441	0.177	-0.090	0.367	54.24	0.502	0.496	237	252	-0.253968	0.051587	
A/chicken/Changhua/150103	0.3109	0.2850	0.2944	0.3441	0.177	-0.090	0.367	54.24	0.502	0.496	237	252	-0.253968	0.051587	
A/chicken/Changhua/150400	0.3057	0.2902	0.2944	0.3441	0.173	-0.098	0.363	55.00	0.506	0.497	237	252	-0.253968	0.051587	
A/chicken/Changhua/150400	0.3057	0.2902	0.2893	0.3495	0.177	-0.090	0.367	55.00	0.511	0.499	237	252	-0.253968	0.051587	
A/chicken/Changhua/150400	0.3057	0.2902	0.2893	0.3495	0.177	-0.090	0.367	55.00	0.511	0.499	237	252	-0.253968	0.051587	
A/chicken/Changhua/150400	0.3057	0.2902	0.2893	0.3495	0.177	-0.090	0.367	55.00	0.511	0.499	237	252	-0.253968	0.051587	
A/chicken/Changhua/150500	0.3057	0.2902	0.2893	0.3495	0.180	-0.076	0.376	54.71	0.511	0.499	237	252	-0.253968	0.051587	
A/chicken/Changhua/150500	0.2953	0.3005	0.2944	0.3441	0.177	-0.083	0.371	53.35	0.515	0.500	237	252	-0.253968	0.051587	
A/chicken/Changhua/150600	0.3057	0.2902	0.2893	0.3495	0.180	-0.076	0.376	54.71	0.511	0.499	237	252	-0.253968	0.051587	
A/chicken/Changhua/150600	0.2953	0.3005	0.2944	0.3441	0.177	-0.083	0.371	53.35	0.515	0.500	237	252	-0.253968	0.051587	
A/chicken/Changhua/150600	0.3057	0.2902	0.2843	0.3548	0.180	-0.076	0.376	54.81	0.515	0.500	237	252	-0.253968	0.051587	
A/chicken/Changhua/151200	0.3057	0.2850	0.2995	0.3441	0.179	-0.090	0.367	54.46	0.502	0.495	237	252	-0.253968	0.051587	
A/chicken/Changhua/160100	0.3093	0.2835	0.2944	0.3441	0.170	-0.096	0.363	54.39	0.502	0.496	237	252	-0.257937	0.051587	
A/chicken/Changhua/170600	0.3057	0.2902	0.3046	0.3333	0.180	-0.068	0.380	53.06	0.498	0.493	237	252	-0.253968	0.051587	
A/chicken/Changhua/180400	0.3057	0.2850	0.2995	0.3441	0.179	-0.068	0.380	53.95	0.502	0.496	237	252	-0.253968	0.051587	
A/chicken/Chiayi/15010287	0.3057	0.2902	0.2944	0.3441	0.177	-0.090	0.367	54.31	0.506	0.497	237	252	-0.253968	0.051587	
A/chicken/Chiayi/15010409	0.3109	0.2850	0.2944	0.3441	0.177	-0.090	0.367	54.24	0.502	0.496	237	252	-0.253968	0.051587	
A/chicken/Chiayi/15010454	0.3057	0.2902	0.2944	0.3441	0.177	-0.090	0.367	54.31	0.506	0.497	237	252	-0.253968	0.051587	
A/chicken/Chiayi/17040009	0.3041	0.2938	0.3010	0.3351	0.178	-0.076	0.376	53.97	0.502	0.496	237	252	-0.252778	0.051587	
A/chicken/Chiayi/18120003	0.3057	0.2850	0.2995	0.3441	0.177	-0.083	0.371	54.19	0.502	0.496	237	252	-0.253968	0.051587	
A/chicken/China/007/2019|	0.3385	0.2396	0.3266	0.3245	0.169	-0.127	0.346	49.13	0.451	0.484	237	252	-0.234524	0.051587	
A/chicken/China/Cangzhou0	0.2959	0.2959	0.2808	0.3420	0.165	-0.067	0.377	53.53	0.519	0.512	239	252	-0.218651	0.047619	
A/chicken/China/E93/2012|	0.3316	0.2539	0.3200	0.3262	0.173	-0.086	0.370	58.69	0.462	0.484	238	252	-0.223016	0.051587	
A/chicken/China/E96/2012|	0.3333	0.2552	0.3166	0.3262	0.176	-0.084	0.371	58.58	0.464	0.485	237	252	-0.233333	0.051587	
A/chicken/Chiping/0321/20	0.3438	0.2448	0.3166	0.3245	0.179	-0.068	0.380	57.79	0.456	0.484	237	252	-0.234524	0.051587	
A/chicken/chongqing/H1/20	0.2908	0.2959	0.3054	0.3212	0.172	-0.045	0.389	52.48	0.502	0.508	239	252	-0.218651	0.047619	
A/chicken/Chongqing/SD001	0.2908	0.2959	0.3054	0.3212	0.172	-0.045	0.389	52.48	0.502	0.508	239	252	-0.218651	0.047619	
A/chicken/Dongguan/2690/2	0.3281	0.2604	0.3131	0.3316	0.174	-0.105	0.359	49.87	0.473	0.491	237	252	-0.235318	0.051587	
A/chicken/Dongguan/3363/2	0.3281	0.2604	0.3182	0.3262	0.170	-0.112	0.354	49.81	0.468	0.489	237	252	-0.235318	0.051587	
A/chicken/Dongguan/4259/2	0.3333	0.2552	0.3182	0.3262	0.174	-0.105	0.359	50.63	0.464	0.488	237	252	-0.235318	0.051587	
A/chicken/Fujian/05.07_FZ	0.3281	0.2604	0.3131	0.3316	0.171	-0.105	0.359	50.72	0.473	0.489	237	252	-0.235318	0.051587	
A/chicken/Fujian/09.16_GT	0.3281	0.2604	0.3081	0.3369	0.170	-0.112	0.354	50.58	0.477	0.491	237	252	-0.235318	0.051587	
A/chicken/Fujian/10.08_FZ	0.3281	0.2604	0.3131	0.3316	0.174	-0.105	0.359	49.87	0.473	0.491	237	252	-0.235318	0.051587	
A/chicken/Fujian/11.23_FZ	0.3194	0.2775	0.3065	0.3263	0.195	-0.071	0.380	54.10	0.485	0.499	237	252	-0.244048	0.047619	
A/chicken/Gansu/5/2012|EP	0.3161	0.2642	0.3150	0.3246	0.181	-0.088	0.367	55.47	0.477	0.495	237	252	-0.238492	0.051587	
A/chicken/Gansu/6/2012|EP	0.3333	0.2552	0.3166	0.3262	0.176	-0.084	0.371	58.58	0.464	0.485	237	252	-0.233333	0.051587	
A/chicken/Ganzhou/GZ27/20	0.3281	0.2604	0.3131	0.3316	0.174	-0.105	0.359	49.79	0.473	0.489	237	252	-0.245238	0.051587	
A/chicken/Guangdong/04.15	0.3073	0.2760	0.3317	0.3122	0.177	-0.086	0.371	56.95	0.473	0.496	237	252	-0.243651	0.047619	
A/chicken/Guangdong/10.16	0.3141	0.2723	0.3367	0.3069	0.183	-0.080	0.376	57.28	0.464	0.492	237	252	-0.241270	0.047619	
A/chicken/Guangdong/GD160	0.3177	0.2760	0.2828	0.3583	0.180	-0.061	0.384	55.63	0.506	0.500	237	252	-0.245238	0.051587	
A/chicken/Guangdong/MG170	0.2908	0.2959	0.2906	0.3368	0.171	-0.053	0.385	52.64	0.515	0.512	239	252	-0.218651	0.047619	
A/chicken/Guangdong/MG171	0.2908	0.2959	0.2906	0.3368	0.171	-0.053	0.385	52.64	0.515	0.512	239	252	-0.218651	0.047619	
A/chicken/Guangdong/MG171	0.2908	0.2959	0.2857	0.3420	0.170	-0.053	0.385	52.88	0.519	0.513	239	252	-0.218651	0.047619	
A/chicken/Guangdong/MG171	0.2923	0.2974	0.3005	0.3264	0.173	-0.068	0.377	51.32	0.506	0.508	239	252	-0.216270	0.047619	
A/chicken/Guangdong/MG173	0.3281	0.2500	0.3283	0.3175	0.179	-0.084	0.373	55.70	0.458	0.493	236	252	-0.241667	0.047619	
A/chicken/Guangdong/MG173	0.2959	0.2908	0.2956	0.3316	0.173	-0.053	0.385	53.75	0.506	0.509	239	252	-0.218651	0.047619	
A/chicken/Guangxi/04.10_N	0.2827	0.2984	0.3283	0.3245	0.190	-0.048	0.392	52.88	0.498	0.501	237	252	-0.244444	0.047619	
A/chicken/Guangxi/16/2019	0.3021	0.2865	0.3232	0.3209	0.173	-0.083	0.371	50.28	0.485	0.492	237	252	-0.255556	0.051587	
A/chicken/Guangxi/S2039/2	0.3229	0.2656	0.3081	0.3369	0.175	-0.105	0.359	50.53	0.481	0.492	237	252	-0.245238	0.051587	
A/chicken/Guizhou/8.26_ZY	0.3125	0.2760	0.3015	0.3386	0.175	-0.100	0.363	55.94	0.494	0.501	237	252	-0.243651	0.047619	
A/chicken/GY/a451/2015|EP	0.3368	0.2383	0.3184	0.3229	0.179	-0.078	0.371	54.91	0.456	0.489	237	252	-0.233333	0.047619	
A/Chicken/Hangzhou/E1149/	0.3010	0.2857	0.2956	0.3316	0.169	-0.067	0.377	52.59	0.502	0.508	239	252	-0.218651	0.047619	
A/chicken/Hebei/3/2013|EP	0.3438	0.2500	0.3015	0.3369	0.182	-0.062	0.384	58.66	0.468	0.487	237	252	-0.233333	0.051587	
A/chicken/Heilongjiang/S7	0.3385	0.2500	0.3131	0.3316	0.174	-0.105	0.359	50.33	0.464	0.488	237	252	-0.235318	0.051587	
A/chicken/Henan/Q7/2013|E	0.3438	0.2448	0.3116	0.3316	0.178	-0.076	0.376	58.36	0.460	0.484	237	252	-0.233333	0.051587	
A/chicken/Hsinchu/1608000	0.3109	0.2850	0.2944	0.3441	0.177	-0.083	0.371	53.80	0.502	0.496	237	252	-0.253968	0.051587	
A/chicken/Hubei/03.06__WH	0.3368	0.2435	0.3131	0.3387	0.170	-0.119	0.350	50.12	0.464	0.485	237	252	-0.245238	0.051587	
A/chicken/Hubei/03.06__WH	0.3333	0.2500	0.3081	0.3422	0.175	-0.105	0.359	49.21	0.473	0.487	237	252	-0.255556	0.051587	
A/chicken/Hubei/2856/2007	0.3177	0.2760	0.2879	0.3529	0.184	-0.047	0.392	55.85	0.502	0.499	237	252	-0.245238	0.051587	
A/chicken/Hubei/ZYSJF11/2	0.3073	0.2708	0.3317	0.3175	0.172	-0.093	0.367	56.91	0.473	0.495	237	252	-0.243651	0.047619	
A/chicken/Hubei/ZYSJF16/2	0.3073	0.2708	0.3317	0.3175	0.172	-0.093	0.367	56.91	0.473	0.495	237	252	-0.243651	0.047619	
A/chicken/Hubei/ZYSJF38/2	0.3073	0.2708	0.3317	0.3175	0.172	-0.093	0.367	56.91	0.473	0.495	237	252	-0.243651	0.047619	
A/Chicken/Huizhou/16274/2	0.3333	0.2500	0.3182	0.3316	0.171	-0.127	0.346	50.69	0.464	0.488	237	252	-0.235318	0.051587	
A/chicken/Hunan/02.06_YYG	0.3229	0.2656	0.3081	0.3369	0.177	-0.112	0.354	49.18	0.481	0.493	237	252	-0.235318	0.051587	
A/chicken/Hunan/03.07_YYG	0.3229	0.2656	0.3065	0.3333	0.175	-0.093	0.367	55.88	0.481	0.497	237	252	-0.243651	0.047619	
A/chicken/Hunan/03.07_YYG	0.3333	0.2500	0.3232	0.3262	0.169	-0.112	0.354	47.83	0.460	0.485	237	252	-0.245238	0.051587	
A/chicken/Hunan/3.07_YYGK	0.3229	0.2656	0.3065	0.3333	0.175	-0.093	0.367	55.88	0.481	0.497	237	252	-0.243651	0.047619	
A/chicken/Hunan/04.14_YYG	0.3281	0.2604	0.3182	0.3262	0.170	-0.112	0.354	49.81	0.468	0.489	237	252	-0.235318	0.051587	
A/chicken/Hunan/04.14_YYK	0.3375	0.2125	0.3272	0.3571	0.166	-0.115	0.357	51.29	0.454	0.483	196	210	-0.361905	0.052381	
A/chicken/Hunan/04.14_YYX	0.3281	0.2604	0.3131	0.3316	0.174	-0.105	0.359	49.87	0.473	0.491	237	252	-0.235318	0.051587	
A/chicken/Hunan/12.07__YY	0.3333	0.2500	0.3081	0.3422	0.175	-0.105	0.359	49.21	0.473	0.487	237	252	-0.255556	0.051587	
A/chicken/Hunan/12.07_YYG	0.3333	0.2500	0.3081	0.3422	0.175	-0.105	0.359	49.21	0.473	0.487	237	252	-0.255556	0.051587	
A/chicken/Hunan/12.27_YYG	0.3177	0.2604	0.3417	0.3069	0.183	-0.093	0.367	55.82	0.456	0.491	237	252	-0.243651	0.047619	
A/chicken/Hunan/12.27_YYG	0.3229	0.2656	0.3182	0.3262	0.180	-0.090	0.367	50.30	0.473	0.491	237	252	-0.235318	0.051587	
A/chicken/Hunan/12.27_YYG	0.3333	0.2448	0.3333	0.3209	0.170	-0.119	0.350	48.26	0.451	0.484	237	252	-0.235318	0.051587	
A/chicken/Hunan/12.28_YYG	0.3281	0.2604	0.3131	0.3316	0.174	-0.105	0.359	49.87	0.473	0.491	237	252	-0.235318	0.051587	
A/chicken/Hunan/1793/2007	0.3177	0.2760	0.2879	0.3529	0.180	-0.059	0.384	55.69	0.502	0.497	237	252	-0.235714	0.051587	
A/chicken/Hunan/3157/2006	0.3229	0.2708	0.2828	0.3583	0.186	-0.047	0.392	55.70	0.502	0.499	237	252	-0.245238	0.051587	
A/chicken/Hunan/HN40/2015	0.3229	0.2656	0.3131	0.3316	0.169	-0.112	0.354	50.35	0.477	0.492	237	252	-0.235318	0.051587	
A/chicken/Hunan/HN58/2015	0.3281	0.2604	0.3081	0.3369	0.173	-0.105	0.359	50.41	0.477	0.492	237	252	-0.235318	0.051587	
A/chicken/Hunan/HN75/2015	0.3333	0.2552	0.3182	0.3262	0.175	-0.105	0.359	50.14	0.464	0.488	237	252	-0.235318	0.051587	
A/chicken/Hunan/HN158/201	0.3212	0.2694	0.2995	0.3441	0.186	-0.076	0.376	50.73	0.489	0.496	237	252	-0.233730	0.051587	
A/chicken/Hunan/HN244/201	0.3281	0.2552	0.3182	0.3316	0.169	-0.112	0.354	50.37	0.468	0.489	237	252	-0.235318	0.051587	
A/chicken/Hunan/HN245/201	0.3177	0.2708	0.3030	0.3422	0.184	-0.090	0.367	50.07	0.489	0.496	237	252	-0.235318	0.051587	
A/chicken/Hunan/HN247/201	0.3177	0.2708	0.3030	0.3422	0.184	-0.090	0.367	50.07	0.489	0.496	237	252	-0.235318	0.051587	
A/chicken/Hunan/HN248/201	0.3281	0.2604	0.3131	0.3316	0.174	-0.105	0.359	49.87	0.473	0.491	237	252	-0.235318	0.051587	
A/chicken/Hunan/HN249/201	0.3281	0.2604	0.3131	0.3316	0.174	-0.105	0.359	49.87	0.473	0.491	237	252	-0.235318	0.051587	
A/chicken/Hunan/HN250/201	0.3177	0.2708	0.3030	0.3422	0.184	-0.090	0.367	50.07	0.489	0.496	237	252	-0.235318	0.051587	
A/chicken/Hunan/HN251/201	0.3281	0.2604	0.3131	0.3316	0.174	-0.105	0.359	49.87	0.473	0.491	237	252	-0.235318	0.051587	
A/chicken/Hunan/HN252/201	0.3177	0.2708	0.3030	0.3422	0.184	-0.090	0.367	50.07	0.489	0.496	237	252	-0.235318	0.051587	
A/chicken/Hunan/HN254/201	0.3177	0.2708	0.3030	0.3422	0.184	-0.090	0.367	50.07	0.489	0.496	237	252	-0.235318	0.051587	
A/chicken/Hunan/HN255/201	0.3177	0.2708	0.3030	0.3422	0.184	-0.090	0.367	50.07	0.489	0.496	237	252	-0.235318	0.051587	
A/chicken/Hunan/HN263/201	0.3229	0.2656	0.3182	0.3262	0.172	-0.103	0.359	50.07	0.473	0.491	237	252	-0.248810	0.051587	
A/chicken/Hunan/HN264/201	0.3229	0.2656	0.3182	0.3262	0.172	-0.103	0.359	50.07	0.473	0.491	237	252	-0.248810	0.051587	
A/chicken/Hunan/HN265/201	0.3229	0.2656	0.3232	0.3209	0.172	-0.110	0.354	49.78	0.468	0.489	237	252	-0.248810	0.051587	
A/chicken/Hunan/HN266/201	0.3229	0.2656	0.3232	0.3209	0.172	-0.103	0.359	49.94	0.468	0.489	237	252	-0.248810	0.051587	
A/chicken/Hunan/HN301/201	0.3281	0.2604	0.3030	0.3422	0.175	-0.105	0.359	50.85	0.481	0.492	237	252	-0.245238	0.051587	
A/chicken/Hunan/HN302/201	0.3281	0.2604	0.3030	0.3422	0.175	-0.105	0.359	50.85	0.481	0.492	237	252	-0.245238	0.051587	
A/chicken/Hunan/HN303/201	0.3281	0.2604	0.3030	0.3422	0.175	-0.105	0.359	50.85	0.481	0.492	237	252	-0.245238	0.051587	
A/chicken/Hunan/HN304/201	0.3281	0.2604	0.3030	0.3422	0.175	-0.105	0.359	50.85	0.481	0.492	237	252	-0.245238	0.051587	
A/chicken/Hunan/HN305/201	0.3281	0.2604	0.3030	0.3422	0.175	-0.105	0.359	50.85	0.481	0.492	237	252	-0.245238	0.051587	
A/chicken/Hunan/HN306/201	0.3281	0.2604	0.3030	0.3422	0.175	-0.105	0.359	50.85	0.481	0.492	237	252	-0.245238	0.051587	
A/chicken/Hunan/HN307/201	0.3281	0.2552	0.3182	0.3316	0.169	-0.112	0.354	50.37	0.468	0.489	237	252	-0.235318	0.051587	
A/chicken/Hunan/HN308/201	0.3281	0.2604	0.3030	0.3422	0.175	-0.105	0.359	50.85	0.481	0.492	237	252	-0.245238	0.051587	
A/chicken/Hunan/S10029/20	0.3125	0.2656	0.3283	0.3280	0.172	-0.120	0.350	50.28	0.473	0.484	237	252	-0.254365	0.051587	
A/chicken/Jiangsu/03.17_W	0.3125	0.2760	0.3116	0.3263	0.175	-0.092	0.367	57.84	0.485	0.501	237	252	-0.246429	0.047619	
A/chicken/Jiangsu/927/201	0.3177	0.2656	0.3283	0.3209	0.178	-0.090	0.367	51.25	0.468	0.488	237	252	-0.245238	0.051587	
A/chicken/Jiangsu/1001/20	0.3333	0.2552	0.3367	0.3048	0.178	-0.084	0.371	58.00	0.447	0.480	237	252	-0.232937	0.051587	
A/chicken/Jiangsu/2477/20	0.3229	0.2604	0.3232	0.3262	0.172	-0.105	0.359	50.74	0.468	0.488	237	252	-0.245238	0.051587	
A/chicken/Jiangsu/k0402/2	0.3229	0.2760	0.2778	0.3583	0.178	-0.068	0.380	55.94	0.506	0.501	237	252	-0.235318	0.051587	
A/chicken/Jiangsu/SE2228/	0.3229	0.2656	0.3081	0.3369	0.177	-0.098	0.363	50.46	0.481	0.492	237	252	-0.245238	0.051587	
A/chicken/Jiangsu/WXBING2	0.3281	0.2604	0.3182	0.3262	0.170	-0.112	0.354	49.81	0.468	0.489	237	252	-0.235318	0.051587	
A/chicken/Jiangsu/WXS7393	0.3281	0.2604	0.3182	0.3262	0.170	-0.112	0.354	49.81	0.468	0.489	237	252	-0.235318	0.051587	
A/chicken/Jiangsu/XZ216/2	0.3438	0.2448	0.3065	0.3369	0.177	-0.084	0.371	58.17	0.464	0.485	237	252	-0.233333	0.051587	
A/chicken/Jiangsu/YB7/201	0.3125	0.2708	0.3166	0.3263	0.173	-0.099	0.363	58.01	0.481	0.500	237	252	-0.246429	0.047619	
A/chicken/Jiangxi/01.14_N	0.3073	0.2760	0.3317	0.3122	0.174	-0.093	0.367	57.11	0.473	0.495	237	252	-0.243651	0.047619	
A/chicken/Jiangxi/02.05_Y	0.3281	0.2604	0.3081	0.3369	0.175	-0.105	0.359	49.73	0.477	0.492	237	252	-0.235318	0.051587	
A/chicken/Jiangxi/02.05_Y	0.3073	0.2812	0.3317	0.3085	0.176	-0.086	0.371	57.07	0.473	0.493	237	252	-0.242460	0.047619	
A/chicken/Jiangxi/04.01__	0.3073	0.2760	0.3367	0.3069	0.175	-0.086	0.371	57.39	0.468	0.493	237	252	-0.243651	0.047619	
A/chicken/Jiangxi/04.01__	0.3073	0.2760	0.3317	0.3122	0.174	-0.093	0.367	57.11	0.473	0.495	237	252	-0.243651	0.047619	
A/chicken/Jiangxi/04.01__	0.3073	0.2760	0.3317	0.3122	0.174	-0.093	0.367	57.11	0.473	0.495	237	252	-0.243651	0.047619	
A/chicken/Jiangxi/04.01__	0.3125	0.2760	0.3266	0.3122	0.176	-0.086	0.371	57.11	0.473	0.495	237	252	-0.243651	0.047619	
A/chicken/Jiangxi/04.01__	0.3333	0.2500	0.3030	0.3476	0.175	-0.105	0.359	49.64	0.477	0.488	237	252	-0.255556	0.051587	
A/chicken/Jiangxi/04.01__	0.3177	0.2708	0.3166	0.3228	0.172	-0.115	0.354	58.23	0.477	0.496	237	252	-0.243651	0.047619	
A/chicken/Jiangxi/04.01_N	0.3073	0.2760	0.3317	0.3122	0.174	-0.093	0.367	57.11	0.473	0.495	237	252	-0.243651	0.047619	
A/chicken/Jiangxi/04.01_N	0.3073	0.2760	0.3317	0.3122	0.174	-0.093	0.367	57.11	0.473	0.495	237	252	-0.243651	0.047619	
A/chicken/Jiangxi/04.01_N	0.3125	0.2760	0.3266	0.3122	0.176	-0.086	0.371	57.11	0.473	0.495	237	252	-0.243651	0.047619	
A/chicken/Jiangxi/04.01_N	0.3073	0.2760	0.3317	0.3122	0.174	-0.093	0.367	57.11	0.473	0.495	237	252	-0.243651	0.047619	
A/chicken/Jiangxi/04.01_N	0.3073	0.2760	0.3317	0.3122	0.174	-0.093	0.367	57.11	0.473	0.495	237	252	-0.243651	0.047619	
A/chicken/Jiangxi/04.01_N	0.3125	0.2708	0.3317	0.3122	0.174	-0.093	0.367	56.84	0.468	0.493	237	252	-0.243651	0.047619	
A/chicken/Jiangxi/04.01_N	0.3073	0.2760	0.3367	0.3069	0.178	-0.078	0.376	57.23	0.468	0.495	237	252	-0.243651	0.047619	
A/chicken/Jiangxi/05.06__	0.3073	0.2760	0.3317	0.3122	0.174	-0.093	0.367	57.11	0.473	0.495	237	252	-0.243651	0.047619	
A/chicken/Jiangxi/10.30_N	0.3177	0.2656	0.3116	0.3333	0.173	-0.100	0.363	56.68	0.481	0.497	237	252	-0.243651	0.047619	
A/chicken/Jiangxi/12.05_N	0.3073	0.2760	0.3317	0.3122	0.174	-0.093	0.367	57.11	0.473	0.495	237	252	-0.243651	0.047619	
A/chicken/Jiangxi/12.05_N	0.3073	0.2760	0.3317	0.3122	0.177	-0.086	0.371	56.95	0.473	0.496	237	252	-0.243651	0.047619	
A/chicken/Jiangxi/12.05_N	0.3073	0.2760	0.3317	0.3122	0.174	-0.093	0.367	57.11	0.473	0.495	237	252	-0.243651	0.047619	
A/chicken/Jiangxi/12.05_N	0.3073	0.2760	0.3317	0.3122	0.177	-0.086	0.371	56.95	0.473	0.496	237	252	-0.243651	0.047619	
A/chicken/Jiangxi/12.05_N	0.3073	0.2760	0.3317	0.3122	0.177	-0.086	0.371	56.95	0.473	0.496	237	252	-0.243651	0.047619	
A/chicken/Jiangxi/25/2011	0.3212	0.2642	0.3030	0.3422	0.171	-0.111	0.354	51.56	0.485	0.495	237	252	-0.247619	0.051587	
A/Chicken/Jiangxi/45093/2	0.3073	0.2708	0.3367	0.3122	0.172	-0.093	0.367	56.99	0.468	0.493	237	252	-0.243651	0.047619	
A/chicken/Jiangxi/S40653/	0.2995	0.2893	0.2857	0.3368	0.174	-0.051	0.385	52.25	0.510	0.513	239	252	-0.211111	0.047619	
A/chicken/Jilin/04.11_CCH	0.3438	0.2500	0.3030	0.3369	0.176	-0.105	0.359	51.09	0.468	0.489	237	252	-0.235318	0.051587	
A/chicken/Jilin/04.12_MHK	0.3281	0.2604	0.3131	0.3316	0.175	-0.112	0.354	50.98	0.473	0.488	237	252	-0.245238	0.051587	
A/chicken/Jilin/04.12_MHK	0.3281	0.2604	0.3131	0.3316	0.175	-0.112	0.354	50.98	0.473	0.488	237	252	-0.245238	0.051587	
A/chicken/Jilin/04.12_MHK	0.3281	0.2604	0.3131	0.3316	0.175	-0.112	0.354	50.98	0.473	0.488	237	252	-0.245238	0.051587	
A/chicken/Jilin/04.12_MHK	0.3281	0.2604	0.3131	0.3316	0.175	-0.112	0.354	50.98	0.473	0.488	237	252	-0.245238	0.051587	
A/chicken/Jilin/04.25_MHK	0.3229	0.2656	0.3131	0.3316	0.175	-0.105	0.359	50.10	0.477	0.491	237	252	-0.245238	0.051587	
A/chicken/Jilin/S1255/201	0.3021	0.2865	0.3317	0.3085	0.173	-0.061	0.384	50.54	0.477	0.491	237	252	-0.244445	0.051587	
A/chicken/Jilin/S1271/201	0.3021	0.2865	0.3317	0.3085	0.173	-0.061	0.384	50.54	0.477	0.491	237	252	-0.244445	0.051587	
A/chicken/Kaohsiung/16MB0	0.3057	0.2902	0.2944	0.3441	0.176	-0.098	0.363	54.58	0.506	0.497	237	252	-0.253968	0.051587	
A/chicken/Kaohsiung/16010	0.3005	0.2902	0.2995	0.3441	0.180	-0.083	0.371	55.02	0.506	0.496	237	252	-0.264286	0.051587	
A/chicken/Kaohsiung/16020	0.3005	0.2953	0.2944	0.3441	0.177	-0.090	0.367	54.24	0.511	0.499	237	252	-0.253968	0.051587	
A/chicken/Kaohsiung/16040	0.3057	0.2902	0.2944	0.3441	0.176	-0.098	0.363	54.58	0.506	0.497	237	252	-0.253968	0.051587	
A/chicken/Kaohsiung/16070	0.3057	0.2902	0.2893	0.3495	0.175	-0.098	0.363	55.27	0.511	0.499	237	252	-0.253968	0.051587	
A/chicken/Kaohsiung/16120	0.3005	0.2953	0.2843	0.3548	0.177	-0.090	0.367	54.93	0.519	0.501	237	252	-0.253968	0.051587	
A/chicken/Kaohsiung/17030	0.3021	0.2969	0.2959	0.3405	0.176	-0.097	0.364	54.28	0.508	0.497	236	252	-0.261508	0.051587	
A/chicken/Kaohsiung/17040	0.3057	0.2902	0.2944	0.3441	0.179	-0.076	0.376	53.89	0.506	0.497	237	252	-0.253968	0.051587	
A/chicken/Kaohsiung/17100	0.3057	0.2902	0.2944	0.3441	0.180	-0.068	0.380	54.01	0.506	0.497	237	252	-0.253968	0.051587	
A/chicken/Kaohsiung/18080	0.3005	0.2953	0.2995	0.3387	0.178	-0.076	0.376	54.84	0.506	0.497	237	252	-0.253968	0.051587	
A/chicken/Kaohsiung/18080	0.3005	0.2953	0.2995	0.3387	0.178	-0.076	0.376	54.84	0.506	0.497	237	252	-0.253968	0.051587	
A/chicken/Liaoning/S4092/	0.3385	0.2500	0.3116	0.3316	0.180	-0.076	0.376	59.00	0.464	0.485	237	252	-0.233333	0.051587	
A/chicken/Liaoning/SD035/	0.2969	0.2917	0.3232	0.3209	0.169	-0.090	0.367	51.05	0.489	0.493	237	252	-0.255556	0.051587	
A/chicken/Miaoli/15010421	0.3057	0.2902	0.2893	0.3495	0.177	-0.090	0.367	55.00	0.511	0.499	237	252	-0.253968	0.051587	
A/chicken/Nantou/16110023	0.3057	0.2902	0.2944	0.3441	0.176	-0.098	0.363	54.58	0.506	0.497	237	252	-0.253968	0.051587	
A/chicken/New_Taipei_City	0.3005	0.2953	0.2944	0.3441	0.177	-0.090	0.367	54.24	0.511	0.499	237	252	-0.253968	0.051587	
A/chicken/New_Taipei_City	0.3005	0.2953	0.2944	0.3441	0.177	-0.090	0.367	54.24	0.511	0.499	237	252	-0.253968	0.051587	
A/chicken/New_Taipei_City	0.3057	0.2902	0.2944	0.3441	0.179	-0.076	0.376	53.89	0.506	0.497	237	252	-0.253968	0.051587	
A/chicken/New_Taipei_City	0.3005	0.2902	0.3046	0.3387	0.174	-0.098	0.363	53.47	0.502	0.496	237	252	-0.253968	0.051587	
A/chicken/New_Taipei_City	0.3005	0.2902	0.3046	0.3387	0.174	-0.098	0.363	53.47	0.502	0.496	237	252	-0.253968	0.051587	
A/chicken/New_Taipei_City	0.3005	0.2902	0.3046	0.3387	0.174	-0.098	0.363	53.47	0.502	0.496	237	252	-0.253968	0.051587	
A/chicken/New_Taipei_City	0.3005	0.2902	0.3046	0.3387	0.174	-0.098	0.363	53.47	0.502	0.496	237	252	-0.253968	0.051587	
A/chicken/New_Taipei_City	0.3212	0.2746	0.2893	0.3495	0.177	-0.083	0.371	53.74	0.498	0.495	237	252	-0.253968	0.051587	
A/chicken/Ningxia/2/2012|	0.3385	0.2500	0.3216	0.3209	0.173	-0.084	0.371	60.11	0.456	0.483	237	252	-0.233333	0.051587	
A/chicken/Ningxia/222/201	0.3385	0.2500	0.3216	0.3209	0.173	-0.084	0.371	60.11	0.456	0.483	237	252	-0.233333	0.051587	
A/chicken/PH/A2821/2013|E	0.3438	0.2344	0.3300	0.3089	0.173	-0.096	0.360	54.77	0.441	0.487	236	252	-0.226190	0.047619	
A/chicken/Pingtung/150500	0.3057	0.2902	0.2944	0.3422	0.177	-0.092	0.367	54.47	0.506	0.499	237	252	-0.274603	0.051587	
A/chicken/Pingtung/160200	0.3005	0.2902	0.2995	0.3441	0.181	-0.083	0.371	54.72	0.506	0.497	237	252	-0.253968	0.051587	
A/chicken/Pingtung/180100	0.3005	0.2953	0.2995	0.3387	0.178	-0.076	0.376	54.84	0.506	0.497	237	252	-0.253968	0.051587	
A/chicken/Pingtung/180200	0.3212	0.2746	0.2893	0.3495	0.177	-0.083	0.371	53.74	0.498	0.495	237	252	-0.253968	0.051587	
A/chicken/PT/a158/2015|EP	0.3420	0.2332	0.3184	0.3229	0.174	-0.099	0.359	54.45	0.451	0.488	237	252	-0.223413	0.047619	
A/chicken/Qingdao/1/2014|	0.3438	0.2448	0.3266	0.3155	0.178	-0.076	0.376	58.51	0.447	0.480	237	252	-0.233333	0.051587	
A/chicken/SC/a688/2015|EP	0.3420	0.2332	0.3184	0.3229	0.176	-0.099	0.359	54.55	0.451	0.489	237	252	-0.213492	0.047619	
A/chicken/Shaanxi/SD001/2	0.2959	0.2959	0.2906	0.3316	0.172	-0.053	0.385	52.09	0.510	0.511	239	252	-0.218651	0.047619	
A/chicken/Shandong/12.03_	0.3073	0.2760	0.3166	0.3263	0.173	-0.099	0.363	58.13	0.485	0.501	237	252	-0.246429	0.047619	
A/Chicken/Shandong/J01/20	0.3229	0.2708	0.2929	0.3476	0.176	-0.090	0.367	50.78	0.494	0.495	237	252	-0.245238	0.051587	
A/Chicken/Shandong/J02/20	0.3333	0.2552	0.3166	0.3262	0.177	-0.076	0.376	58.68	0.464	0.485	237	252	-0.233333	0.051587	
A/Chicken/Shandong/J03/20	0.3385	0.2500	0.3116	0.3333	0.173	-0.097	0.363	58.73	0.464	0.484	237	252	-0.212698	0.051587	
A/Chicken/Shandong/J04/20	0.3333	0.2552	0.3166	0.3262	0.175	-0.091	0.367	59.15	0.464	0.485	237	252	-0.233333	0.051587	
A/Chicken/Shandong/J06/20	0.3177	0.2760	0.2828	0.3583	0.171	-0.083	0.371	55.87	0.506	0.500	237	252	-0.245238	0.051587	
A/chicken/Shandong/KD0269	0.3109	0.2902	0.2792	0.3548	0.184	-0.037	0.397	57.35	0.515	0.500	237	252	-0.234127	0.051587	
A/chicken/Shandong/S3/201	0.3438	0.2448	0.3216	0.3209	0.176	-0.084	0.371	58.41	0.451	0.481	237	252	-0.233333	0.051587	
A/chicken/Shanghai/S1123/	0.3229	0.2656	0.3232	0.3209	0.175	-0.098	0.363	50.08	0.468	0.487	237	252	-0.245238	0.051587	
A/chicken/Shanghai/S4030/	0.3229	0.2656	0.3081	0.3369	0.177	-0.098	0.363	50.46	0.481	0.492	237	252	-0.245238	0.051587	
A/chicken/Shanxi/04.28_TG	0.3229	0.2604	0.3232	0.3245	0.170	-0.121	0.350	48.86	0.468	0.491	237	252	-0.255952	0.051587	
A/chicken/Shanxi/12.01_TG	0.3264	0.2642	0.3000	0.3386	0.173	-0.106	0.357	49.16	0.483	0.495	238	252	-0.225397	0.051587	
A/chicken/Shenzhen/433/20	0.3281	0.2604	0.3081	0.3369	0.173	-0.098	0.363	50.07	0.477	0.492	237	252	-0.235318	0.051587	
A/chicken/Shenzhen/552/20	0.3281	0.2604	0.3131	0.3316	0.174	-0.105	0.359	49.87	0.473	0.491	237	252	-0.235318	0.051587	
A/chicken/Shenzhen/715/20	0.3281	0.2604	0.3081	0.3369	0.173	-0.098	0.363	50.07	0.477	0.492	237	252	-0.235318	0.051587	
A/chicken/Shenzhen/1061/2	0.3281	0.2604	0.3131	0.3316	0.174	-0.105	0.359	49.87	0.473	0.491	237	252	-0.235318	0.051587	
A/chicken/Shenzhen/1845/2	0.3333	0.2500	0.3131	0.3369	0.176	-0.105	0.359	49.08	0.468	0.485	237	252	-0.255556	0.051587	
A/chicken/Shenzhen/2269/2	0.3281	0.2604	0.3131	0.3316	0.174	-0.105	0.359	49.87	0.473	0.491	237	252	-0.235318	0.051587	
A/chicken/Shenzhen/2396/2	0.3281	0.2604	0.3182	0.3262	0.175	-0.098	0.363	50.00	0.468	0.489	237	252	-0.235318	0.051587	
A/chicken/Shenzhen/2464/2	0.3281	0.2604	0.3182	0.3262	0.175	-0.098	0.363	50.00	0.468	0.489	237	252	-0.235318	0.051587	
A/chicken/Shijiazhuang/12	0.3385	0.2500	0.3116	0.3316	0.173	-0.091	0.367	56.89	0.464	0.485	237	252	-0.233333	0.051587	
A/chicken/Sichuan/k141/20	0.3281	0.2552	0.3131	0.3369	0.174	-0.112	0.354	49.65	0.473	0.491	237	252	-0.235318	0.051587	
A/chicken/Sichuan/NCJPL1/	0.3281	0.2552	0.3081	0.3422	0.175	-0.105	0.359	49.36	0.477	0.488	237	252	-0.255556	0.051587	
A/Chicken/Suzhou/j5/2019|	0.3333	0.2448	0.3283	0.3262	0.170	-0.119	0.350	49.94	0.456	0.484	237	252	-0.245238	0.051587	
A/Chicken/Suzhou/j6/2019|	0.3333	0.2448	0.3283	0.3262	0.170	-0.119	0.350	49.94	0.456	0.484	237	252	-0.245238	0.051587	
A/chicken/Taichung/150103	0.3109	0.2850	0.2995	0.3387	0.178	-0.083	0.371	54.35	0.498	0.495	237	252	-0.253968	0.051587	
A/chicken/Taichung/160400	0.3057	0.2902	0.2944	0.3441	0.177	-0.090	0.367	54.31	0.506	0.497	237	252	-0.253968	0.051587	
A/chicken/Taichung/160500	0.3005	0.2953	0.2995	0.3387	0.179	-0.076	0.376	54.98	0.506	0.497	237	252	-0.253968	0.051587	
A/chicken/Taichung/161100	0.3005	0.2902	0.3198	0.3226	0.177	-0.090	0.367	52.32	0.489	0.492	237	252	-0.253968	0.051587	
A/chicken/Tainan/15020214	0.3057	0.2902	0.2944	0.3441	0.177	-0.090	0.367	54.31	0.506	0.497	237	252	-0.253968	0.051587	
A/chicken/Tainan/16040035	0.3005	0.2902	0.2929	0.3476	0.182	-0.083	0.371	54.77	0.511	0.500	237	252	-0.243254	0.051587	
A/chicken/Tainan/17030058	0.3073	0.2917	0.2929	0.3422	0.181	-0.092	0.367	54.82	0.506	0.497	237	252	-0.240873	0.051587	
A/chicken/Taipei_City/170	0.2953	0.2953	0.3046	0.3387	0.174	-0.090	0.367	53.47	0.506	0.497	237	252	-0.253968	0.051587	
A/chicken/Taipei_City/180	0.3109	0.2850	0.2843	0.3548	0.177	-0.076	0.376	54.21	0.511	0.499	237	252	-0.253968	0.051587	
A/chicken/Taipei_City/180	0.3005	0.2953	0.2893	0.3495	0.183	-0.061	0.384	53.76	0.515	0.500	237	252	-0.253968	0.051587	
A/chicken/Taipei/16060022	0.3057	0.2902	0.2944	0.3441	0.176	-0.098	0.363	54.58	0.506	0.497	237	252	-0.253968	0.051587	
A/chicken/Taipei/16060023	0.3057	0.2902	0.2944	0.3441	0.176	-0.098	0.363	54.58	0.506	0.497	237	252	-0.253968	0.051587	
A/chicken/Taipei/16120021	0.3005	0.2953	0.2944	0.3441	0.175	-0.098	0.363	55.29	0.511	0.499	237	252	-0.253968	0.051587	
A/chicken/Taipei/17050005	0.3005	0.2902	0.3046	0.3387	0.174	-0.098	0.363	53.47	0.502	0.496	237	252	-0.253968	0.051587	
A/chicken/Taipei/17050008	0.3005	0.2902	0.3046	0.3387	0.174	-0.098	0.363	53.47	0.502	0.496	237	252	-0.253968	0.051587	
A/chicken/Taipei/17050009	0.3005	0.2902	0.3046	0.3387	0.174	-0.098	0.363	52.74	0.502	0.495	237	252	-0.253968	0.051587	
A/chicken/Taishun/TS2/201	0.3125	0.2708	0.3166	0.3280	0.178	-0.086	0.371	57.23	0.481	0.499	237	252	-0.243651	0.047619	
A/chicken/Taishun/TS90/20	0.3073	0.2760	0.3216	0.3228	0.177	-0.086	0.371	58.01	0.481	0.497	237	252	-0.243651	0.047619	
A/chicken/Taiwan/0101/201	0.3316	0.2539	0.3085	0.3263	0.164	-0.104	0.354	52.05	0.468	0.492	237	252	-0.181746	0.047619	
A/chicken/Taiwan/0502/201	0.3472	0.2228	0.3333	0.3125	0.177	-0.085	0.367	55.70	0.435	0.484	237	252	-0.213095	0.047619	
A/chicken/Taiwan/683/2012	0.3472	0.2280	0.3085	0.3316	0.175	-0.092	0.363	53.81	0.456	0.491	237	252	-0.224603	0.047619	
A/chicken/Taiwan/01174/20	0.3057	0.2902	0.2929	0.3422	0.178	-0.090	0.367	54.41	0.506	0.499	237	252	-0.243254	0.051587	
A/chicken/Taiwan/1682/201	0.3316	0.2539	0.3085	0.3229	0.168	-0.090	0.363	50.40	0.468	0.496	237	252	-0.203571	0.047619	
A/chicken/Taiwan/1692/201	0.3316	0.2539	0.3085	0.3229	0.168	-0.090	0.363	50.40	0.468	0.496	237	252	-0.203571	0.047619	
A/chicken/Taiwan/1704/201	0.3316	0.2539	0.3085	0.3229	0.168	-0.090	0.363	50.40	0.468	0.496	237	252	-0.203571	0.047619	
A/chicken/Taiwan/1711/201	0.3316	0.2539	0.3085	0.3229	0.168	-0.090	0.363	50.40	0.468	0.496	237	252	-0.203571	0.047619	
A/chicken/Taiwan/2593/201	0.3420	0.2332	0.3234	0.3177	0.176	-0.092	0.363	55.37	0.447	0.487	237	252	-0.223413	0.047619	
A/chicken/Taiwan/2948/201	0.3420	0.2332	0.3333	0.3073	0.172	-0.099	0.359	55.53	0.439	0.484	237	252	-0.223413	0.047619	
A/chicken/Taiwan/4443/201	0.3420	0.2332	0.3284	0.3125	0.177	-0.092	0.363	55.04	0.443	0.485	237	252	-0.223413	0.047619	
A/chicken/Taiwan/7350/201	0.3420	0.2332	0.3234	0.3177	0.176	-0.092	0.363	55.37	0.447	0.487	237	252	-0.223413	0.047619	
A/chicken/Taiwan/8988/201	0.3420	0.2332	0.3284	0.3125	0.173	-0.107	0.354	55.06	0.443	0.484	237	252	-0.223413	0.047619	
A/chicken/Taiwan/8994/201	0.3420	0.2332	0.3284	0.3125	0.173	-0.107	0.354	55.06	0.443	0.484	237	252	-0.223413	0.047619	
A/chicken/Taiwan/8996/201	0.3420	0.2332	0.3284	0.3125	0.173	-0.107	0.354	55.06	0.443	0.484	237	252	-0.223413	0.047619	
A/chicken/Taiwan/A1/2019|	0.3438	0.2344	0.3035	0.3385	0.178	-0.101	0.359	52.84	0.464	0.491	237	252	-0.230952	0.047619	
A/chicken/Taiwan/a174/201	0.3057	0.2902	0.2929	0.3422	0.178	-0.090	0.367	54.41	0.506	0.499	237	252	-0.243254	0.051587	
A/chicken/Taiwan/A1997/20	0.3472	0.2228	0.3333	0.3125	0.177	-0.085	0.367	55.70	0.435	0.484	237	252	-0.213095	0.047619	
A/chicken/Taiwan/D2/2019|	0.3005	0.2953	0.2995	0.3387	0.177	-0.083	0.371	55.19	0.506	0.497	237	252	-0.253968	0.051587	
A/chicken/Taiwan/D9/2019|	0.3005	0.2953	0.2995	0.3387	0.177	-0.083	0.371	55.19	0.506	0.497	237	252	-0.253968	0.051587	
A/chicken/Taiwan/u7/2016|	0.3109	0.2850	0.2944	0.3441	0.177	-0.083	0.371	53.80	0.502	0.496	237	252	-0.253968	0.051587	
A/chicken/Taiwan/x37/2016	0.3144	0.2835	0.2908	0.3459	0.175	-0.105	0.359	55.56	0.502	0.496	237	252	-0.252778	0.051587	
A/chicken/TC/a504/2015|EP	0.3368	0.2383	0.3134	0.3281	0.178	-0.092	0.363	54.56	0.460	0.491	237	252	-0.223413	0.047619	
A/chicken/TY/a665/2015|EP	0.3420	0.2332	0.3184	0.3229	0.174	-0.099	0.359	54.45	0.451	0.488	237	252	-0.223413	0.047619	
A/chicken/Wuxi/7157/2015|	0.3385	0.2552	0.3182	0.3209	0.175	-0.098	0.363	51.63	0.460	0.487	237	252	-0.235318	0.051587	
A/chicken/Wuxi/7765/2016|	0.3438	0.2500	0.3081	0.3316	0.175	-0.105	0.359	52.28	0.464	0.488	237	252	-0.235318	0.051587	
A/chicken/Wuxi/SC7393/201	0.3281	0.2604	0.3182	0.3262	0.170	-0.112	0.354	49.81	0.468	0.489	237	252	-0.235318	0.051587	
A/chicken/Wuxi/WX-32/2013	0.3177	0.2708	0.3131	0.3316	0.175	-0.105	0.359	50.94	0.481	0.492	237	252	-0.245238	0.051587	
A/chicken/Wuxi/WX-33/2013	0.3177	0.2708	0.3131	0.3316	0.175	-0.105	0.359	50.94	0.481	0.492	237	252	-0.245238	0.051587	
A/chicken/Xinjiang/S1016/	0.3229	0.2656	0.3232	0.3209	0.175	-0.098	0.363	50.08	0.468	0.487	237	252	-0.245238	0.051587	
A/chicken/Xinjiang/S1081/	0.3229	0.2656	0.3232	0.3209	0.175	-0.098	0.363	50.08	0.468	0.487	237	252	-0.245238	0.051587	
A/chicken/Xinjiang/S1170/	0.3281	0.2604	0.3232	0.3209	0.174	-0.105	0.359	50.59	0.464	0.485	237	252	-0.245238	0.051587	
A/Chicken/Xuzhou/470/2017	0.3333	0.2500	0.3232	0.3262	0.169	-0.112	0.354	47.83	0.460	0.485	237	252	-0.245238	0.051587	
A/chicken/Xuzhou/XZ6/2016	0.3177	0.2708	0.3030	0.3422	0.175	-0.098	0.363	50.01	0.489	0.496	237	252	-0.235318	0.051587	
A/Chicken/Yangzhou/f6/201	0.3333	0.2500	0.3182	0.3316	0.164	-0.134	0.342	47.72	0.464	0.487	237	252	-0.245238	0.051587	
A/Chicken/Yangzhou/f9/201	0.3333	0.2500	0.3182	0.3316	0.164	-0.134	0.342	47.72	0.464	0.487	237	252	-0.245238	0.051587	
A/Chicken/Yangzhou/f14/20	0.3333	0.2500	0.3232	0.3262	0.165	-0.127	0.346	47.85	0.460	0.485	237	252	-0.245238	0.051587	
A/chicken/Yangzhou/YD1/20	0.3333	0.2500	0.3081	0.3422	0.175	-0.105	0.359	49.21	0.473	0.487	237	252	-0.255556	0.051587	
A/chicken/YL/A3190/2014|E	0.3420	0.2280	0.3383	0.3073	0.182	-0.056	0.384	56.82	0.435	0.483	237	252	-0.213095	0.047619	
A/chicken/Yuhang/1/2013|E	0.3125	0.2812	0.3050	0.3280	0.184	-0.043	0.397	55.47	0.489	0.501	237	252	-0.231746	0.047619	
A/chicken/Yuhang/2/2013|E	0.3125	0.2812	0.3065	0.3298	0.185	-0.043	0.397	55.43	0.489	0.500	237	252	-0.242460	0.047619	
A/chicken/Yunlin/15020048	0.3109	0.2850	0.2944	0.3441	0.177	-0.090	0.367	54.24	0.502	0.496	237	252	-0.253968	0.051587	
A/chicken/Yunlin/15040002	0.3057	0.2902	0.2893	0.3495	0.176	-0.098	0.363	54.11	0.511	0.499	237	252	-0.253968	0.051587	
A/chicken/Yunlin/15040027	0.3057	0.2902	0.2944	0.3441	0.177	-0.090	0.367	54.31	0.506	0.497	237	252	-0.253968	0.051587	
A/chicken/Yunlin/15050012	0.3057	0.2902	0.2944	0.3441	0.173	-0.098	0.363	55.00	0.506	0.497	237	252	-0.253968	0.051587	
A/chicken/Yunlin/15050037	0.3109	0.2850	0.2944	0.3441	0.179	-0.090	0.367	53.97	0.502	0.497	237	252	-0.253968	0.051587	
A/chicken/Yunlin/15050039	0.3109	0.2850	0.2944	0.3441	0.176	-0.098	0.363	54.31	0.502	0.496	237	252	-0.253968	0.051587	
A/chicken/Yunlin/15060014	0.3109	0.2850	0.2944	0.3441	0.176	-0.098	0.363	54.31	0.502	0.496	237	252	-0.253968	0.051587	
A/chicken/Yunlin/15080024	0.3057	0.2850	0.2995	0.3441	0.179	-0.090	0.367	54.46	0.502	0.495	237	252	-0.253968	0.051587	
A/chicken/Yunlin/16010001	0.3057	0.2902	0.2944	0.3441	0.181	-0.076	0.376	53.94	0.506	0.497	237	252	-0.253968	0.051587	
A/chicken/Yunlin/16010008	0.2953	0.3005	0.2893	0.3495	0.179	-0.090	0.367	54.04	0.519	0.501	237	252	-0.253968	0.051587	
A/chicken/Yunlin/16020038	0.2953	0.3005	0.2893	0.3495	0.176	-0.090	0.367	53.20	0.519	0.501	237	252	-0.253968	0.051587	
A/chicken/Yunlin/16050053	0.3057	0.2902	0.2944	0.3441	0.177	-0.090	0.367	54.31	0.506	0.497	237	252	-0.253968	0.051587	
A/chicken/Yunlin/17010001	0.3005	0.2953	0.2995	0.3387	0.179	-0.076	0.376	53.00	0.506	0.497	237	252	-0.253968	0.051587	
A/chicken/Yunlin/17010014	0.3109	0.2850	0.2893	0.3495	0.176	-0.076	0.376	54.21	0.506	0.497	237	252	-0.253968	0.051587	
A/chicken/Yunlin/17020094	0.3109	0.2850	0.2944	0.3441	0.177	-0.083	0.371	53.80	0.502	0.496	237	252	-0.253968	0.051587	
A/chicken/Yunlin/17020095	0.3109	0.2850	0.2944	0.3441	0.178	-0.076	0.376	53.80	0.502	0.496	237	252	-0.253968	0.051587	
A/chicken/Yunlin/17030001	0.3109	0.2850	0.2944	0.3441	0.178	-0.076	0.376	53.92	0.502	0.496	237	252	-0.253968	0.051587	
A/chicken/Yunlin/17030007	0.3057	0.2850	0.3096	0.3333	0.175	-0.083	0.371	54.98	0.494	0.493	237	252	-0.253968	0.051587	
A/chicken/Yunlin/17030010	0.3057	0.2902	0.2944	0.3441	0.179	-0.076	0.376	53.89	0.506	0.497	237	252	-0.253968	0.051587	
A/chicken/Yunlin/17030014	0.3109	0.2850	0.2893	0.3495	0.177	-0.083	0.371	53.80	0.506	0.497	237	252	-0.253968	0.051587	
A/chicken/Yunlin/17030020	0.3109	0.2850	0.2944	0.3441	0.177	-0.083	0.371	53.80	0.502	0.496	237	252	-0.253968	0.051587	
A/chicken/Yunlin/17030021	0.3109	0.2850	0.2893	0.3495	0.177	-0.083	0.371	53.80	0.506	0.497	237	252	-0.253968	0.051587	
A/chicken/Yunlin/17030032	0.3109	0.2850	0.2944	0.3441	0.178	-0.076	0.376	53.80	0.502	0.496	237	252	-0.253968	0.051587	
A/chicken/Yunlin/17030065	0.3057	0.2902	0.2995	0.3387	0.179	-0.068	0.380	53.67	0.502	0.496	237	252	-0.253968	0.051587	
A/chicken/Yunlin/17040003	0.3005	0.2953	0.2995	0.3387	0.179	-0.076	0.376	55.09	0.506	0.497	237	252	-0.253968	0.051587	
A/chicken/Yunlin/17040004	0.3057	0.2850	0.2879	0.3529	0.175	-0.090	0.367	54.46	0.511	0.500	237	252	-0.243254	0.051587	
A/chicken/Yunlin/17040011	0.3109	0.2850	0.2879	0.3476	0.178	-0.083	0.371	54.01	0.506	0.497	237	252	-0.253175	0.051587	
A/chicken/Yunlin/17060019	0.3109	0.2850	0.2893	0.3495	0.177	-0.083	0.371	53.80	0.506	0.497	237	252	-0.253968	0.051587	
A/chicken/Yunlin/17070010	0.3109	0.2850	0.2893	0.3495	0.177	-0.083	0.371	53.80	0.506	0.497	237	252	-0.253968	0.051587	
A/chicken/Yunlin/18010001	0.3109	0.2850	0.2893	0.3495	0.177	-0.083	0.371	53.80	0.506	0.497	237	252	-0.253968	0.051587	
A/chicken/Yunlin/18010003	0.3109	0.2850	0.2944	0.3441	0.178	-0.083	0.371	54.65	0.502	0.496	237	252	-0.253968	0.051587	
A/chicken/Yunlin/18010023	0.3005	0.2953	0.2944	0.3441	0.181	-0.061	0.384	54.57	0.511	0.499	237	252	-0.253968	0.051587	
A/chicken/Yunlin/18020003	0.3057	0.2902	0.2944	0.3441	0.181	-0.061	0.384	54.57	0.506	0.497	237	252	-0.253968	0.051587	
A/chicken/Yunlin/18020004	0.3057	0.2902	0.2944	0.3441	0.181	-0.061	0.384	54.57	0.506	0.497	237	252	-0.253968	0.051587	
A/chicken/Yunlin/18020005	0.3057	0.2902	0.2944	0.3441	0.181	-0.061	0.384	54.57	0.506	0.497	237	252	-0.253968	0.051587	
A/chicken/Yunlin/18020008	0.3005	0.2953	0.2995	0.3387	0.182	-0.061	0.384	55.42	0.506	0.497	237	252	-0.253968	0.051587	
A/chicken/Yunlin/18030002	0.3109	0.2850	0.2944	0.3441	0.183	-0.052	0.388	55.13	0.502	0.495	237	252	-0.244444	0.051587	
A/chicken/Yunlin/18050013	0.3057	0.2902	0.2944	0.3441	0.181	-0.061	0.384	54.57	0.506	0.497	237	252	-0.253968	0.051587	
A/chicken/Yunlin/18060001	0.3057	0.2902	0.2944	0.3441	0.181	-0.061	0.384	54.57	0.506	0.497	237	252	-0.253968	0.051587	
A/chicken/Yunlin/18080006	0.3109	0.2850	0.2944	0.3441	0.174	-0.090	0.367	53.92	0.502	0.495	237	252	-0.264286	0.051587	
A/chicken/Yunnan/1/2014|E	0.3333	0.2552	0.3131	0.3316	0.173	-0.105	0.359	50.39	0.468	0.489	237	252	-0.235318	0.051587	
A/chicken/Yunnan/02.09_DQ	0.3177	0.2708	0.3166	0.3228	0.170	-0.122	0.350	58.10	0.477	0.497	237	252	-0.233730	0.047619	
A/chicken/Yunnan/03.15_DQ	0.3281	0.2604	0.3182	0.3262	0.170	-0.112	0.354	49.81	0.468	0.489	237	252	-0.235318	0.051587	
A/chicken/Yunnan/03.16__D	0.3177	0.2708	0.3166	0.3228	0.170	-0.122	0.350	58.10	0.477	0.497	237	252	-0.233730	0.047619	
A/chicken/Yunnan/03.16_DQ	0.3281	0.2604	0.3131	0.3316	0.174	-0.105	0.359	49.87	0.473	0.491	237	252	-0.235318	0.051587	
A/chicken/Yunnan/03.16_DQ	0.3177	0.2708	0.3166	0.3228	0.170	-0.122	0.350	58.10	0.477	0.497	237	252	-0.233730	0.047619	
A/chicken/Yunnan/03.16_DQ	0.3281	0.2604	0.3131	0.3316	0.174	-0.105	0.359	49.87	0.473	0.491	237	252	-0.235318	0.051587	
A/chicken/Yunnan/07.11_DQ	0.3281	0.2604	0.3081	0.3369	0.177	-0.090	0.367	50.51	0.477	0.491	237	252	-0.235318	0.051587	
A/Chicken/Yunnan/YN-8/201	0.3281	0.2552	0.3116	0.3333	0.173	-0.111	0.354	50.30	0.473	0.493	237	252	-0.225794	0.051587	
A/Chicken/Yunnan/YN-11/20	0.3333	0.2500	0.3131	0.3351	0.175	-0.104	0.359	50.54	0.468	0.491	237	252	-0.236508	0.051587	
A/Chicken/Yunnan/YN-12/20	0.3281	0.2552	0.3116	0.3333	0.173	-0.111	0.354	50.30	0.473	0.493	237	252	-0.225794	0.051587	
A/chicken/Zhejiang/194/20	0.3385	0.2552	0.3182	0.3209	0.178	-0.090	0.367	51.34	0.460	0.488	237	252	-0.235318	0.051587	
A/chicken/Zhejiang/209/20	0.3161	0.2746	0.2995	0.3459	0.175	-0.099	0.363	53.89	0.494	0.492	237	252	-0.251191	0.051587	
A/chicken/Zhejiang/217/20	0.3385	0.2552	0.3182	0.3209	0.178	-0.090	0.367	51.34	0.460	0.488	237	252	-0.235318	0.051587	
A/chicken/Zhejiang/232/20	0.3109	0.2850	0.3046	0.3351	0.179	-0.092	0.367	55.09	0.494	0.492	237	252	-0.251191	0.051587	
A/chicken/Zhejiang/7450/2	0.3057	0.2902	0.2995	0.3405	0.178	-0.084	0.371	55.10	0.502	0.495	237	252	-0.251191	0.051587	
A/chicken/Zhejiang/81643/	0.3057	0.2902	0.2995	0.3405	0.178	-0.084	0.371	55.10	0.502	0.495	237	252	-0.251191	0.051587	
A/chicken/Zhejiang/514135	0.3229	0.2656	0.3131	0.3316	0.176	-0.098	0.363	50.43	0.477	0.492	237	252	-0.245238	0.051587	
A/chicken/Zhejiang/727022	0.3438	0.2448	0.3182	0.3262	0.173	-0.105	0.359	50.07	0.456	0.485	237	252	-0.235318	0.051587	
A/chicken/Zhejiang/727026	0.3438	0.2448	0.3182	0.3262	0.173	-0.105	0.359	50.07	0.456	0.485	237	252	-0.235318	0.051587	
A/chicken/Zhejiang/727079	0.3333	0.2604	0.3030	0.3369	0.186	-0.032	0.401	51.10	0.477	0.493	237	252	-0.235318	0.051587	
A/chicken/Zhejiang/727155	0.3438	0.2448	0.3182	0.3262	0.173	-0.105	0.359	50.07	0.456	0.485	237	252	-0.235318	0.051587	
A/chicken/Zhejiang/727159	0.3333	0.2604	0.3030	0.3369	0.186	-0.032	0.401	51.10	0.477	0.493	237	252	-0.235318	0.051587	
A/chickenl/Jiangxi/E84/20	0.3281	0.2604	0.3081	0.3369	0.173	-0.112	0.354	49.69	0.477	0.492	237	252	-0.235318	0.051587	
A/Chlidonias_hybrida/Hube	0.2908	0.2959	0.2956	0.3316	0.170	-0.060	0.381	52.52	0.510	0.511	239	252	-0.218651	0.047619	
A/Commom_Teal/Ningxia/474	0.3333	0.2604	0.3081	0.3316	0.175	-0.105	0.359	49.17	0.473	0.491	237	252	-0.235318	0.051587	
A/common_coot/Shandong/SC	0.2857	0.2959	0.2906	0.3420	0.167	-0.067	0.377	52.41	0.519	0.513	239	252	-0.218651	0.047619	
A/common_crane/Yunnan-Hui	0.2908	0.2959	0.2956	0.3333	0.170	-0.058	0.381	52.51	0.510	0.509	239	252	-0.198016	0.047619	
A/common_pochard/Ningxia/	0.2908	0.2959	0.2906	0.3385	0.179	-0.047	0.389	53.41	0.515	0.509	239	252	-0.225794	0.047619	
A/common_teal/Ningxia/105	0.2857	0.3010	0.2956	0.3316	0.171	-0.053	0.385	53.47	0.515	0.512	239	252	-0.218651	0.047619	
A/common_teal/Ningxia/181	0.2908	0.2959	0.2906	0.3385	0.179	-0.047	0.389	53.41	0.515	0.509	239	252	-0.225794	0.047619	
A/common_teal/Ningxia/189	0.2908	0.2959	0.2906	0.3385	0.179	-0.047	0.389	53.41	0.515	0.509	239	252	-0.225794	0.047619	
A/common_teal/Ningxia/237	0.2908	0.2959	0.2906	0.3385	0.179	-0.047	0.389	53.41	0.515	0.509	239	252	-0.225794	0.047619	
A/common_teal/Ningxia/245	0.2908	0.2959	0.2906	0.3385	0.179	-0.047	0.389	53.41	0.515	0.509	239	252	-0.225794	0.047619	
A/common_teal/Ningxia/253	0.2908	0.2959	0.2906	0.3385	0.179	-0.047	0.389	53.41	0.515	0.509	239	252	-0.225794	0.047619	
A/common_teal/Shaanxi/SXY	0.2857	0.3010	0.2956	0.3316	0.171	-0.053	0.385	53.47	0.515	0.512	239	252	-0.218651	0.047619	
A/condor/Guangdong/139/20	0.3351	0.2670	0.2908	0.3459	0.180	-0.077	0.377	53.92	0.487	0.492	236	252	-0.258333	0.055556	
A/Copsychus_saularis/Guan	0.3281	0.2604	0.3081	0.3369	0.172	-0.112	0.354	50.18	0.477	0.492	237	252	-0.235318	0.051587	
A/Curlew/Hong_Kong/AFCD-H	0.3010	0.2806	0.3005	0.3316	0.162	-0.074	0.372	52.65	0.498	0.505	239	252	-0.218651	0.047619	
A/Cygnus_atratus/Hubei/2Z	0.3077	0.2821	0.2772	0.3490	0.177	-0.028	0.399	53.71	0.513	0.508	238	252	-0.228175	0.047619	
A/Cygnus_atratus/Hubei/HF	0.3010	0.2857	0.2857	0.3420	0.174	-0.038	0.393	53.31	0.510	0.508	239	252	-0.228571	0.047619	
A/Cygnus_columbianus/Hube	0.2908	0.2959	0.2956	0.3316	0.170	-0.060	0.381	52.52	0.510	0.511	239	252	-0.218651	0.047619	
A/Cygnus_columbianus/Hube	0.2908	0.2959	0.2906	0.3368	0.170	-0.060	0.381	52.76	0.515	0.512	239	252	-0.218651	0.047619	
A/Cygnus_columbianus/Hube	0.2908	0.2959	0.2956	0.3316	0.170	-0.060	0.381	52.52	0.510	0.511	239	252	-0.218651	0.047619	
A/Cygnus_columbianus/Hube	0.2908	0.2959	0.3005	0.3264	0.170	-0.060	0.381	52.07	0.506	0.509	239	252	-0.218651	0.047619	
A/Cygnus_columbianus/Hube	0.2908	0.2959	0.2956	0.3316	0.170	-0.060	0.381	52.52	0.510	0.511	239	252	-0.218651	0.047619	
A/Cygnus_columbianus/Hube	0.2908	0.2959	0.2956	0.3316	0.170	-0.060	0.381	52.52	0.510	0.511	239	252	-0.218651	0.047619	
A/Cygnus_columbianus/Hube	0.2908	0.2959	0.2956	0.3316	0.170	-0.060	0.381	52.52	0.510	0.511	239	252	-0.218651	0.047619	
A/Cygnus_columbianus/Hube	0.2959	0.2959	0.2857	0.3368	0.165	-0.067	0.377	53.78	0.515	0.509	239	252	-0.218651	0.047619	
A/Cygnus_columbianus/Hube	0.2980	0.2929	0.2822	0.3385	0.161	-0.073	0.372	53.23	0.515	0.512	239	252	-0.219841	0.047619	
A/Cygnus_columbianus/Hube	0.2959	0.2959	0.2857	0.3368	0.165	-0.067	0.377	53.78	0.515	0.509	239	252	-0.218651	0.047619	
A/Cygnus_columbianus/Hube	0.2959	0.2959	0.2857	0.3368	0.165	-0.067	0.377	53.78	0.515	0.509	239	252	-0.218651	0.047619	
A/domestic_green-winged_t	0.3109	0.2902	0.2800	0.3403	0.185	-0.022	0.405	55.20	0.511	0.508	237	252	-0.238492	0.051587	
A/duck/Anhui/AH328/2015|E	0.3385	0.2552	0.3182	0.3209	0.175	-0.098	0.363	51.63	0.460	0.487	237	252	-0.235318	0.051587	
A/duck/Anhui/S4/2016|EPI_	0.3385	0.2552	0.3182	0.3209	0.175	-0.098	0.363	51.63	0.460	0.487	237	252	-0.235318	0.051587	
A/duck/Changhua/15A03431-	0.3109	0.2850	0.2944	0.3441	0.177	-0.090	0.367	54.24	0.502	0.496	237	252	-0.253968	0.051587	
A/duck/Changhua/15A03473-	0.3057	0.2902	0.2944	0.3459	0.177	-0.092	0.367	54.53	0.506	0.496	237	252	-0.251191	0.051587	
A/duck/Chiayi/15080023/20	0.2953	0.3005	0.2944	0.3441	0.177	-0.083	0.371	53.35	0.515	0.500	237	252	-0.253968	0.051587	
A/duck/China/0936/2017|EP	0.3281	0.2552	0.3182	0.3316	0.174	-0.112	0.354	50.34	0.468	0.489	237	252	-0.235318	0.051587	
A/duck/China/0938/2017|EP	0.3177	0.2708	0.3081	0.3369	0.175	-0.098	0.363	50.05	0.485	0.493	237	252	-0.245238	0.051587	
A/duck/China/DK87/2016|EP	0.3385	0.2500	0.3081	0.3369	0.179	-0.105	0.359	49.06	0.468	0.489	237	252	-0.235318	0.051587	
A/duck/China/E26/2012|EPI	0.3333	0.2656	0.2929	0.3422	0.175	-0.098	0.363	53.10	0.485	0.493	237	252	-0.245238	0.051587	
A/duck/China/E53/2012|EPI	0.3177	0.2656	0.3182	0.3316	0.174	-0.112	0.354	50.49	0.477	0.491	237	252	-0.245238	0.051587	
A/Duck/China/H5N6/2020|EP	0.3333	0.2500	0.3283	0.3209	0.165	-0.127	0.346	47.90	0.456	0.483	237	252	-0.245238	0.051587	
A/duck/China/YD1516/2016|	0.3109	0.2850	0.3096	0.3297	0.175	-0.106	0.359	55.71	0.489	0.491	237	252	-0.251191	0.051587	
A/duck/Chongqing/S4362/20	0.3161	0.2953	0.2800	0.3298	0.184	-0.022	0.405	55.48	0.506	0.505	237	252	-0.238492	0.051587	
A/duck/Dongguan/2685/2013	0.3281	0.2656	0.3030	0.3351	0.178	-0.092	0.367	49.65	0.481	0.495	237	252	-0.255952	0.051587	
A/Duck/Dongting/D76-1/201	0.2969	0.3073	0.2814	0.3368	0.179	-0.035	0.398	55.47	0.521	0.509	236	252	-0.247619	0.051587	
A/duck/Eastern_China/008/	0.3212	0.2746	0.2893	0.3495	0.179	-0.076	0.376	57.38	0.498	0.496	237	252	-0.243651	0.051587	
A/duck/Eastern_China/031/	0.3212	0.2746	0.2893	0.3495	0.179	-0.076	0.376	57.38	0.498	0.496	237	252	-0.243651	0.051587	
A/duck/Eastern_China/108/	0.3161	0.2798	0.2893	0.3495	0.179	-0.076	0.376	57.38	0.502	0.497	237	252	-0.243651	0.051587	
A/duck/Eastern_China/909/	0.3212	0.2746	0.2893	0.3495	0.179	-0.076	0.376	57.38	0.498	0.496	237	252	-0.243651	0.051587	
A/duck/Eastern_China/JY/2	0.3212	0.2694	0.2944	0.3495	0.178	-0.083	0.371	56.04	0.494	0.495	237	252	-0.243651	0.051587	
A/duck/Eastern_China/L023	0.3041	0.2887	0.2843	0.3548	0.183	-0.045	0.392	56.05	0.515	0.503	237	252	-0.246032	0.051587	
A/duck/Eastern_China/L032	0.3093	0.2835	0.2843	0.3548	0.175	-0.074	0.376	56.01	0.511	0.500	237	252	-0.256349	0.051587	
A/duck/Eastern_China/L040	0.3472	0.2487	0.2843	0.3548	0.171	-0.098	0.363	56.44	0.481	0.491	237	252	-0.243651	0.051587	
A/duck/Eastern_China/L042	0.3368	0.2591	0.2843	0.3548	0.175	-0.083	0.371	56.25	0.489	0.493	237	252	-0.243651	0.051587	
A/duck/Eastern_China/L061	0.3368	0.2591	0.2792	0.3602	0.175	-0.076	0.376	55.56	0.494	0.496	237	252	-0.243651	0.051587	
A/duck/Eastern_China/L072	0.3316	0.2602	0.2704	0.3676	0.173	-0.072	0.376	56.13	0.502	0.500	237	252	-0.214286	0.051587	
A/duck/Eastern_China/L102	0.3316	0.2591	0.2828	0.3583	0.176	-0.086	0.371	56.35	0.494	0.500	237	252	-0.279762	0.047619	
A/duck/Eastern_China/L112	0.3161	0.2850	0.2690	0.3656	0.183	-0.039	0.397	57.39	0.519	0.503	237	252	-0.243651	0.051587	
A/duck/Eastern_China/S013	0.3109	0.2850	0.2944	0.3459	0.180	-0.084	0.371	54.73	0.502	0.495	237	252	-0.251191	0.051587	
A/duck/Eastern_China/S021	0.3161	0.2746	0.2944	0.3495	0.180	-0.076	0.376	56.08	0.498	0.496	237	252	-0.243651	0.051587	
A/duck/Eastern_China/S032	0.3281	0.2604	0.3182	0.3262	0.172	-0.119	0.350	50.44	0.468	0.489	237	252	-0.235318	0.051587	
A/duck/Eastern_China/S071	0.3333	0.2500	0.3131	0.3369	0.178	-0.090	0.367	49.60	0.468	0.485	237	252	-0.255556	0.051587	
A/duck/Eastern_China/S080	0.3144	0.2784	0.3096	0.3280	0.174	-0.074	0.376	55.38	0.485	0.492	237	252	-0.256349	0.051587	
A/duck/Eastern_China/S090	0.3385	0.2500	0.3131	0.3316	0.174	-0.112	0.354	49.01	0.464	0.487	237	252	-0.235318	0.051587	
A/duck/Eastern_China/S110	0.3125	0.2812	0.2959	0.3459	0.184	-0.068	0.381	55.80	0.500	0.499	236	252	-0.262302	0.055556	
A/duck/Eastern_China/S121	0.3161	0.2694	0.2995	0.3495	0.174	-0.083	0.371	57.56	0.494	0.495	237	252	-0.243651	0.051587	
A/duck/Fujian/1.17_FZHX01	0.3037	0.2932	0.3046	0.3316	0.187	-0.052	0.390	52.22	0.500	0.497	236	252	-0.255556	0.051587	
A/duck/Fujian/03.18_GTFJ-	0.3264	0.2642	0.3046	0.3387	0.173	-0.112	0.354	49.71	0.481	0.493	237	252	-0.233730	0.051587	
A/duck/Fujian/05.07_FZHMD	0.3281	0.2604	0.3131	0.3316	0.171	-0.105	0.359	50.72	0.473	0.489	237	252	-0.235318	0.051587	
A/duck/Fujian/05.07_FZHMD	0.3281	0.2604	0.3131	0.3316	0.171	-0.105	0.359	50.72	0.473	0.489	237	252	-0.235318	0.051587	
A/duck/Fujian/05.07_FZHMD	0.3281	0.2604	0.3131	0.3316	0.171	-0.105	0.359	50.72	0.473	0.489	237	252	-0.235318	0.051587	
A/duck/Fujian/10.26_FZHX0	0.3333	0.2604	0.2915	0.3457	0.185	-0.083	0.371	49.49	0.485	0.496	237	252	-0.224603	0.051587	
A/duck/Fujian/10.26_FZHX0	0.3281	0.2656	0.2929	0.3476	0.185	-0.076	0.376	49.74	0.489	0.496	237	252	-0.235318	0.051587	
A/duck/Fujian/11.3_FZHX11	0.2969	0.2917	0.2944	0.3476	0.176	-0.094	0.364	50.78	0.513	0.503	236	252	-0.257937	0.051587	
A/duck/Fujian/11.3_FZHX11	0.3229	0.2708	0.3081	0.3316	0.175	-0.090	0.367	50.54	0.481	0.492	237	252	-0.245238	0.051587	
A/duck/Fujian/11.23_FZHX0	0.3385	0.2552	0.2864	0.3492	0.184	-0.077	0.376	49.81	0.485	0.497	237	252	-0.245238	0.051587	
A/duck/Fujian/11.23_FZHX0	0.3212	0.2694	0.2965	0.3404	0.178	-0.082	0.371	48.94	0.489	0.497	237	252	-0.226984	0.051587	
A/duck/Fujian/11.23_FZHX0	0.3333	0.2604	0.2929	0.3476	0.184	-0.083	0.371	49.74	0.485	0.495	237	252	-0.235318	0.051587	
A/duck/Fujian/12.7_FZHX12	0.3229	0.2708	0.3081	0.3316	0.175	-0.090	0.367	50.54	0.481	0.492	237	252	-0.245238	0.051587	
A/duck/Fujian/12.7_FZHX12	0.3229	0.2708	0.3081	0.3316	0.175	-0.090	0.367	50.54	0.481	0.492	237	252	-0.245238	0.051587	
A/duck/Fujian/12.7_FZHX12	0.3229	0.2708	0.3081	0.3316	0.175	-0.090	0.367	50.54	0.481	0.492	237	252	-0.245238	0.051587	
A/duck/Fujian/12.7_FZHX12	0.3229	0.2708	0.3081	0.3316	0.175	-0.090	0.367	50.54	0.481	0.492	237	252	-0.245238	0.051587	
A/duck/Fujian/S1233/2018(	0.3385	0.2448	0.3182	0.3316	0.168	-0.112	0.354	49.27	0.460	0.485	237	252	-0.245238	0.051587	
A/duck/Fujian/S1273/2018(	0.3385	0.2448	0.3182	0.3316	0.168	-0.112	0.354	49.27	0.460	0.485	237	252	-0.245238	0.051587	
A/Duck/Fujian/S4146/2010|	0.3281	0.2604	0.3081	0.3369	0.175	-0.105	0.359	50.53	0.477	0.491	237	252	-0.245238	0.051587	
A/duck/Guangdong/01.01_SZ	0.3281	0.2604	0.3030	0.3422	0.179	-0.098	0.363	49.92	0.481	0.493	237	252	-0.233730	0.051587	
A/duck/Guangdong/01.01_SZ	0.3281	0.2604	0.3030	0.3422	0.176	-0.105	0.359	49.66	0.481	0.493	237	252	-0.235318	0.051587	
A/duck/Guangdong/01.01_SZ	0.3281	0.2604	0.3030	0.3422	0.176	-0.105	0.359	49.66	0.481	0.493	237	252	-0.235318	0.051587	
A/duck/Guangdong/01.01_SZ	0.3281	0.2604	0.3030	0.3422	0.176	-0.105	0.359	49.66	0.481	0.493	237	252	-0.235318	0.051587	
A/duck/Guangdong/01.01_SZ	0.3281	0.2604	0.3030	0.3422	0.176	-0.105	0.359	49.66	0.481	0.493	237	252	-0.235318	0.051587	
A/duck/Guangdong/01.01_SZ	0.3281	0.2604	0.3030	0.3422	0.176	-0.105	0.359	49.66	0.481	0.493	237	252	-0.235318	0.051587	
A/duck/Guangdong/01.01_SZ	0.3281	0.2604	0.3030	0.3422	0.176	-0.105	0.359	49.66	0.481	0.493	237	252	-0.235318	0.051587	
A/duck/Guangdong/01.01_SZ	0.3281	0.2604	0.3030	0.3422	0.176	-0.105	0.359	49.66	0.481	0.493	237	252	-0.235318	0.051587	
A/duck/Guangdong/01.01_SZ	0.3281	0.2604	0.3030	0.3422	0.176	-0.105	0.359	49.66	0.481	0.493	237	252	-0.235318	0.051587	
A/duck/Guangdong/01.01_SZ	0.3281	0.2604	0.3030	0.3422	0.176	-0.105	0.359	49.66	0.481	0.493	237	252	-0.235318	0.051587	
A/duck/Guangdong/02.11_DG	0.3281	0.2604	0.3182	0.3262	0.174	-0.112	0.354	49.50	0.468	0.488	237	252	-0.245238	0.051587	
A/duck/Guangdong/02.11_DG	0.3281	0.2604	0.3182	0.3262	0.174	-0.112	0.354	49.50	0.468	0.488	237	252	-0.245238	0.051587	
A/duck/Guangdong/02.11_DG	0.3281	0.2604	0.3182	0.3262	0.174	-0.112	0.354	49.50	0.468	0.488	237	252	-0.245238	0.051587	
A/duck/Guangdong/02.11_DG	0.3281	0.2604	0.3182	0.3262	0.174	-0.112	0.354	49.50	0.468	0.488	237	252	-0.245238	0.051587	
A/duck/Guangdong/02.11_DG	0.3281	0.2604	0.3182	0.3262	0.174	-0.112	0.354	49.50	0.468	0.488	237	252	-0.245238	0.051587	
A/duck/Guangdong/02.11_DG	0.3281	0.2604	0.3182	0.3262	0.174	-0.112	0.354	49.50	0.468	0.488	237	252	-0.245238	0.051587	
A/duck/Guangdong/03.26_DG	0.3385	0.2552	0.3131	0.3262	0.175	-0.105	0.359	51.25	0.464	0.488	237	252	-0.235318	0.051587	
A/duck/Guangdong/03.26_DG	0.3385	0.2552	0.3131	0.3262	0.175	-0.105	0.359	51.25	0.464	0.488	237	252	-0.235318	0.051587	
A/duck/Guangdong/03.26_DG	0.3385	0.2552	0.3081	0.3316	0.174	-0.105	0.359	51.81	0.468	0.489	237	252	-0.235318	0.051587	
A/duck/Guangdong/03.26_DG	0.3281	0.2604	0.3182	0.3262	0.173	-0.105	0.359	49.03	0.468	0.488	237	252	-0.245238	0.051587	
A/duck/Guangdong/03.26_DG	0.3385	0.2552	0.3081	0.3316	0.174	-0.105	0.359	51.81	0.468	0.489	237	252	-0.235318	0.051587	
A/duck/Guangdong/03.26_DG	0.3385	0.2552	0.3081	0.3316	0.174	-0.105	0.359	51.81	0.468	0.489	237	252	-0.235318	0.051587	
A/duck/Guangdong/03.26_DG	0.2932	0.2880	0.2929	0.3492	0.184	-0.042	0.396	55.59	0.515	0.509	235	252	-0.234921	0.051587	
A/duck/Guangdong/03.26_DG	0.3385	0.2552	0.3081	0.3316	0.174	-0.105	0.359	51.81	0.468	0.489	237	252	-0.235318	0.051587	
A/duck/Guangdong/03.26_DG	0.3281	0.2604	0.3182	0.3262	0.173	-0.105	0.359	49.03	0.468	0.488	237	252	-0.245238	0.051587	
A/duck/Guangdong/03.26_DG	0.3281	0.2604	0.3182	0.3262	0.173	-0.105	0.359	49.03	0.468	0.488	237	252	-0.245238	0.051587	
A/duck/Guangdong/03.26_DG	0.3385	0.2552	0.3081	0.3316	0.176	-0.098	0.363	51.73	0.468	0.488	237	252	-0.245238	0.051587	
A/duck/Guangdong/03.26_DG	0.3385	0.2552	0.3081	0.3316	0.174	-0.105	0.359	51.81	0.468	0.489	237	252	-0.235318	0.051587	
A/duck/Guangdong/03.26_DG	0.3385	0.2552	0.3081	0.3316	0.174	-0.105	0.359	51.81	0.468	0.489	237	252	-0.235318	0.051587	
A/duck/Guangdong/03.26_DG	0.3385	0.2552	0.3081	0.3316	0.174	-0.105	0.359	51.81	0.468	0.489	237	252	-0.235318	0.051587	
A/duck/Guangdong/03.26_DG	0.3385	0.2552	0.3131	0.3262	0.175	-0.105	0.359	51.25	0.464	0.488	237	252	-0.235318	0.051587	
A/duck/Guangdong/03.26_DG	0.3385	0.2552	0.3131	0.3262	0.175	-0.105	0.359	51.25	0.464	0.488	237	252	-0.235318	0.051587	
A/duck/Guangdong/03.26_DG	0.3385	0.2552	0.3131	0.3262	0.175	-0.105	0.359	51.25	0.464	0.488	237	252	-0.235318	0.051587	
A/duck/Guangdong/03.26_DG	0.3385	0.2552	0.3131	0.3262	0.175	-0.105	0.359	51.25	0.464	0.488	237	252	-0.235318	0.051587	
A/duck/Guangdong/03.26_DG	0.3385	0.2552	0.3131	0.3262	0.175	-0.105	0.359	51.25	0.464	0.488	237	252	-0.235318	0.051587	
A/duck/Guangdong/03.26_DG	0.3385	0.2552	0.3131	0.3262	0.175	-0.105	0.359	51.25	0.464	0.488	237	252	-0.235318	0.051587	
A/duck/Guangdong/03.26_DG	0.3385	0.2552	0.3131	0.3262	0.175	-0.105	0.359	51.25	0.464	0.488	237	252	-0.235318	0.051587	
A/duck/Guangdong/03.27_DG	0.3229	0.2656	0.3081	0.3369	0.175	-0.105	0.359	49.87	0.481	0.493	237	252	-0.235318	0.051587	
A/duck/Guangdong/03.27_DG	0.3333	0.2552	0.3232	0.3209	0.174	-0.105	0.359	49.77	0.460	0.487	237	252	-0.235318	0.051587	
A/duck/Guangdong/03.27_DG	0.3229	0.2656	0.3081	0.3369	0.175	-0.105	0.359	49.87	0.481	0.493	237	252	-0.235318	0.051587	
A/duck/Guangdong/03.27_DG	0.3333	0.2552	0.3232	0.3209	0.175	-0.098	0.363	49.79	0.460	0.488	237	252	-0.225397	0.051587	
A/duck/Guangdong/03.27_DG	0.3229	0.2656	0.3081	0.3369	0.175	-0.105	0.359	49.87	0.481	0.493	237	252	-0.235318	0.051587	
A/duck/Guangdong/04.15_SZ	0.3385	0.2552	0.3081	0.3316	0.174	-0.105	0.359	51.81	0.468	0.489	237	252	-0.235318	0.051587	
A/duck/Guangdong/04.15_SZ	0.3333	0.2552	0.3182	0.3262	0.172	-0.105	0.359	50.46	0.464	0.487	237	252	-0.245635	0.051587	
A/duck/Guangdong/04.15_SZ	0.3333	0.2552	0.3182	0.3262	0.172	-0.105	0.359	50.46	0.464	0.487	237	252	-0.245635	0.051587	
A/duck/Guangdong/04.16_LG	0.3385	0.2552	0.3081	0.3316	0.174	-0.105	0.359	51.81	0.468	0.489	237	252	-0.235318	0.051587	
A/duck/Guangdong/04.16_SZ	0.3229	0.2656	0.3182	0.3262	0.172	-0.112	0.354	48.96	0.473	0.489	237	252	-0.245238	0.051587	
A/duck/Guangdong/04.16_SZ	0.3385	0.2552	0.3081	0.3316	0.174	-0.105	0.359	51.81	0.468	0.489	237	252	-0.235318	0.051587	
A/duck/Guangdong/04.16_SZ	0.3385	0.2552	0.3081	0.3316	0.174	-0.105	0.359	51.81	0.468	0.489	237	252	-0.235318	0.051587	
A/duck/Guangdong/04.16_SZ	0.3177	0.2708	0.3081	0.3369	0.177	-0.098	0.363	49.94	0.485	0.495	237	252	-0.235318	0.051587	
A/duck/Guangdong/04.22_DG	0.3281	0.2604	0.3182	0.3262	0.172	-0.112	0.354	50.20	0.468	0.488	237	252	-0.245238	0.051587	
A/duck/Guangdong/04.22_DG	0.3281	0.2604	0.3182	0.3262	0.172	-0.112	0.354	50.20	0.468	0.488	237	252	-0.245238	0.051587	
A/duck/Guangdong/04.22_DG	0.3264	0.2642	0.3096	0.3333	0.174	-0.112	0.354	49.67	0.477	0.492	237	252	-0.234127	0.051587	
A/duck/Guangdong/04.22_DG	0.3229	0.2656	0.3081	0.3369	0.175	-0.105	0.359	49.87	0.481	0.493	237	252	-0.235318	0.051587	
A/duck/Guangdong/04.22_DG	0.3229	0.2656	0.3081	0.3369	0.175	-0.105	0.359	49.87	0.481	0.493	237	252	-0.235318	0.051587	
A/duck/Guangdong/04.22_DG	0.3281	0.2604	0.3131	0.3316	0.175	-0.098	0.363	50.07	0.473	0.491	237	252	-0.235318	0.051587	
A/duck/Guangdong/04.22_DG	0.3281	0.2604	0.3131	0.3316	0.177	-0.098	0.363	49.53	0.473	0.491	237	252	-0.245238	0.051587	
A/duck/Guangdong/04.22_DG	0.3281	0.2604	0.3131	0.3316	0.177	-0.098	0.363	49.53	0.473	0.491	237	252	-0.245238	0.051587	
A/duck/Guangdong/04.22_DG	0.3281	0.2604	0.3131	0.3316	0.175	-0.098	0.363	50.07	0.473	0.491	237	252	-0.235318	0.051587	
A/duck/Guangdong/04.22_DG	0.3281	0.2604	0.3131	0.3316	0.175	-0.098	0.363	50.07	0.473	0.491	237	252	-0.235318	0.051587	
A/duck/Guangdong/04.23_DG	0.3333	0.2552	0.3232	0.3209	0.174	-0.105	0.359	49.77	0.460	0.487	237	252	-0.235318	0.051587	
A/duck/Guangdong/04.23_DG	0.3333	0.2552	0.3232	0.3209	0.174	-0.105	0.359	49.77	0.460	0.487	237	252	-0.235318	0.051587	
A/duck/Guangdong/04.23_DG	0.3229	0.2656	0.3030	0.3422	0.174	-0.112	0.354	49.69	0.485	0.495	237	252	-0.235318	0.051587	
A/duck/Guangdong/04.23_DG	0.3229	0.2656	0.3081	0.3369	0.175	-0.105	0.359	49.87	0.481	0.493	237	252	-0.235318	0.051587	
A/duck/Guangdong/04.23_DG	0.3385	0.2552	0.3131	0.3262	0.175	-0.105	0.359	51.25	0.464	0.488	237	252	-0.235318	0.051587	
A/duck/Guangdong/04.23_DG	0.3229	0.2656	0.3081	0.3369	0.175	-0.105	0.359	49.87	0.481	0.493	237	252	-0.235318	0.051587	
A/duck/Guangdong/04.23_DG	0.3229	0.2656	0.3081	0.3369	0.175	-0.105	0.359	49.87	0.481	0.493	237	252	-0.235318	0.051587	
A/duck/Guangdong/04.23_DG	0.3229	0.2656	0.3081	0.3369	0.175	-0.105	0.359	49.87	0.481	0.493	237	252	-0.235318	0.051587	
A/duck/Guangdong/04.23_DG	0.3229	0.2656	0.3081	0.3369	0.175	-0.105	0.359	49.87	0.481	0.493	237	252	-0.235318	0.051587	
A/duck/Guangdong/04.23_DG	0.3333	0.2604	0.3081	0.3316	0.174	-0.105	0.359	51.73	0.473	0.491	237	252	-0.235318	0.051587	
A/duck/Guangdong/04.23_DG	0.3333	0.2500	0.3131	0.3369	0.173	-0.119	0.350	50.25	0.468	0.489	237	252	-0.235318	0.051587	
A/duck/Guangdong/04.23_DG	0.3229	0.2656	0.3081	0.3369	0.175	-0.105	0.359	49.87	0.481	0.493	237	252	-0.235318	0.051587	
A/duck/Guangdong/04.23_DG	0.3333	0.2500	0.3131	0.3369	0.173	-0.119	0.350	50.25	0.468	0.489	237	252	-0.235318	0.051587	
A/duck/Guangdong/04.23_DG	0.3333	0.2500	0.3131	0.3369	0.173	-0.119	0.350	50.25	0.468	0.489	237	252	-0.235318	0.051587	
A/duck/Guangdong/04.23_DG	0.3385	0.2552	0.3131	0.3262	0.175	-0.105	0.359	51.25	0.464	0.488	237	252	-0.235318	0.051587	
A/duck/Guangdong/04.23_DG	0.3385	0.2552	0.3131	0.3262	0.175	-0.105	0.359	51.25	0.464	0.488	237	252	-0.235318	0.051587	
A/duck/Guangdong/04.23_DG	0.3385	0.2552	0.3131	0.3262	0.175	-0.105	0.359	51.25	0.464	0.488	237	252	-0.235318	0.051587	
A/duck/Guangdong/04.23_DG	0.3385	0.2552	0.3131	0.3262	0.175	-0.105	0.359	51.25	0.464	0.488	237	252	-0.235318	0.051587	
A/duck/Guangdong/04.23_DG	0.3385	0.2552	0.3131	0.3262	0.175	-0.105	0.359	51.25	0.464	0.488	237	252	-0.235318	0.051587	
A/duck/Guangdong/04.23_DG	0.3229	0.2656	0.3081	0.3369	0.175	-0.105	0.359	49.87	0.481	0.493	237	252	-0.235318	0.051587	
A/duck/Guangdong/04.23_DG	0.3333	0.2552	0.3232	0.3209	0.175	-0.098	0.363	49.79	0.460	0.488	237	252	-0.225397	0.051587	
A/duck/Guangdong/04.23_DG	0.3385	0.2552	0.3131	0.3262	0.175	-0.105	0.359	51.25	0.464	0.488	237	252	-0.235318	0.051587	
A/duck/Guangdong/04.23_DG	0.3333	0.2500	0.3182	0.3316	0.173	-0.119	0.350	49.52	0.464	0.488	237	252	-0.235318	0.051587	
A/duck/Guangdong/04.23_DG	0.3229	0.2656	0.3081	0.3369	0.175	-0.105	0.359	49.87	0.481	0.493	237	252	-0.235318	0.051587	
A/duck/Guangdong/04.23_DG	0.3385	0.2552	0.3131	0.3262	0.175	-0.105	0.359	51.25	0.464	0.488	237	252	-0.235318	0.051587	
A/duck/Guangdong/04.23_DG	0.3229	0.2656	0.3081	0.3369	0.175	-0.105	0.359	49.87	0.481	0.493	237	252	-0.235318	0.051587	
A/duck/Guangdong/04.23_DG	0.3333	0.2552	0.3232	0.3209	0.174	-0.105	0.359	49.77	0.460	0.487	237	252	-0.235318	0.051587	
A/duck/Guangdong/04.23_DG	0.3333	0.2552	0.3232	0.3209	0.174	-0.105	0.359	49.77	0.460	0.487	237	252	-0.235318	0.051587	
A/duck/Guangdong/04.23_DG	0.3385	0.2552	0.3131	0.3262	0.175	-0.105	0.359	51.25	0.464	0.488	237	252	-0.235318	0.051587	
A/duck/Guangdong/04.23_DG	0.3333	0.2552	0.3232	0.3209	0.174	-0.105	0.359	49.77	0.460	0.487	237	252	-0.235318	0.051587	
A/duck/Guangdong/04.23_DG	0.3333	0.2552	0.3232	0.3209	0.174	-0.105	0.359	49.77	0.460	0.487	237	252	-0.235318	0.051587	
A/duck/Guangdong/04.23_DG	0.3333	0.2500	0.3131	0.3369	0.173	-0.119	0.350	50.25	0.468	0.489	237	252	-0.235318	0.051587	
A/duck/Guangdong/04.23_DG	0.3333	0.2500	0.3131	0.3369	0.173	-0.119	0.350	50.25	0.468	0.489	237	252	-0.235318	0.051587	
A/duck/Guangdong/04.23_DG	0.3333	0.2500	0.3131	0.3369	0.173	-0.119	0.350	50.25	0.468	0.489	237	252	-0.235318	0.051587	
A/duck/Guangdong/04.23_DG	0.3333	0.2500	0.3131	0.3369	0.173	-0.119	0.350	50.25	0.468	0.489	237	252	-0.235318	0.051587	
A/duck/Guangdong/04.23_DG	0.3333	0.2500	0.3131	0.3369	0.173	-0.119	0.350	50.25	0.468	0.489	237	252	-0.235318	0.051587	
A/duck/Guangdong/04.23_DG	0.3333	0.2500	0.3131	0.3369	0.173	-0.119	0.350	50.25	0.468	0.489	237	252	-0.235318	0.051587	
A/duck/Guangdong/04.23_DG	0.3333	0.2500	0.3131	0.3369	0.173	-0.119	0.350	50.25	0.468	0.489	237	252	-0.235318	0.051587	
A/duck/Guangdong/04.23_DG	0.3333	0.2500	0.3131	0.3369	0.173	-0.119	0.350	50.25	0.468	0.489	237	252	-0.235318	0.051587	
A/duck/Guangdong/04.23_DG	0.3333	0.2500	0.3131	0.3369	0.173	-0.119	0.350	50.25	0.468	0.489	237	252	-0.235318	0.051587	
A/duck/Guangdong/04.23_DG	0.3333	0.2500	0.3131	0.3369	0.173	-0.119	0.350	50.25	0.468	0.489	237	252	-0.235318	0.051587	
A/duck/Guangdong/04.23_DG	0.3229	0.2656	0.3131	0.3316	0.174	-0.105	0.359	49.79	0.477	0.491	237	252	-0.245238	0.051587	
A/duck/Guangdong/11.18_SZ	0.3333	0.2500	0.3131	0.3369	0.175	-0.112	0.354	49.37	0.468	0.489	237	252	-0.235318	0.051587	
A/duck/Guangdong/11.18_SZ	0.3333	0.2500	0.3131	0.3369	0.175	-0.112	0.354	49.37	0.468	0.489	237	252	-0.235318	0.051587	
A/duck/Guangdong/11.18_SZ	0.3333	0.2500	0.3131	0.3369	0.175	-0.112	0.354	49.37	0.468	0.489	237	252	-0.235318	0.051587	
A/duck/Guangdong/KGZ15783	0.2893	0.2944	0.2906	0.3368	0.165	-0.066	0.377	52.43	0.515	0.513	239	252	-0.221032	0.047619	
A/duck/Guangdong/KGZ16007	0.2908	0.2959	0.2857	0.3420	0.170	-0.053	0.385	52.88	0.519	0.513	239	252	-0.218651	0.047619	
A/duck/Guangdong/KGZ16008	0.2908	0.2959	0.2857	0.3420	0.170	-0.053	0.385	52.88	0.519	0.513	239	252	-0.218651	0.047619	
A/duck/Guangdong/KGZ16009	0.2908	0.2959	0.2857	0.3420	0.170	-0.053	0.385	52.88	0.519	0.513	239	252	-0.218651	0.047619	
A/duck/Guangdong/KGZ16012	0.2908	0.2959	0.2857	0.3420	0.170	-0.053	0.385	52.88	0.519	0.513	239	252	-0.218651	0.047619	
A/duck/Guangdong/KGZ16015	0.2908	0.2959	0.3054	0.3212	0.169	-0.067	0.377	52.11	0.502	0.508	239	252	-0.218651	0.047619	
A/Duck/Guangdong/PO172812	0.3333	0.2500	0.3232	0.3262	0.169	-0.112	0.354	47.83	0.460	0.485	237	252	-0.245238	0.051587	
A/Duck/Guangdong/PO172813	0.3333	0.2500	0.3232	0.3262	0.169	-0.112	0.354	47.83	0.460	0.485	237	252	-0.245238	0.051587	
A/Duck/Guangdong/PO172842	0.3281	0.2448	0.3232	0.3369	0.177	-0.090	0.367	48.79	0.464	0.488	237	252	-0.235318	0.051587	
A/Duck/Guangdong/PO170726	0.3333	0.2500	0.3232	0.3262	0.169	-0.112	0.354	47.83	0.460	0.485	237	252	-0.245238	0.051587	
A/Duck/Guangdong/PY501/20	0.3281	0.2552	0.3131	0.3369	0.175	-0.105	0.359	48.77	0.473	0.487	237	252	-0.255556	0.051587	
A/Duck/Guangdong/PY503/20	0.3333	0.2500	0.3081	0.3422	0.175	-0.105	0.359	49.21	0.473	0.487	237	252	-0.255556	0.051587	
A/duck/Guangdong/S1269/20	0.2908	0.2959	0.2906	0.3368	0.169	-0.067	0.377	52.42	0.515	0.512	239	252	-0.218651	0.047619	
A/duck/Guangdong/S1330/20	0.3229	0.2656	0.3030	0.3422	0.174	-0.112	0.354	49.32	0.485	0.495	237	252	-0.235318	0.051587	
A/duck/Guangdong/S4518/20	0.3010	0.2857	0.2857	0.3420	0.159	-0.079	0.368	52.87	0.510	0.511	239	252	-0.222222	0.047619	
A/duck/Guangdong/S4525/20	0.3010	0.2857	0.2857	0.3420	0.159	-0.079	0.368	52.87	0.510	0.511	239	252	-0.222222	0.047619	
A/duck/Guangdong/S4879/20	0.2908	0.2959	0.2906	0.3368	0.169	-0.067	0.377	52.42	0.515	0.512	239	252	-0.218651	0.047619	
A/duck/Guangdong/s14044/2	0.3073	0.2917	0.2778	0.3602	0.182	-0.022	0.405	59.39	0.519	0.500	237	252	-0.213492	0.051587	
A/duck/Guangdong/SE195/20	0.3385	0.2500	0.2980	0.3476	0.165	-0.127	0.346	49.68	0.477	0.491	237	252	-0.245238	0.051587	
A/Duck/Guangdong/SS1A1/20	0.3333	0.2500	0.3081	0.3422	0.175	-0.105	0.359	49.21	0.473	0.487	237	252	-0.255556	0.051587	
A/duck/Guangdong/wy11/200	0.3212	0.2746	0.2843	0.3548	0.181	-0.054	0.388	56.85	0.502	0.497	237	252	-0.243651	0.051587	
A/duck/Guangdong/wy19/200	0.3316	0.2642	0.2828	0.3529	0.177	-0.066	0.380	56.61	0.494	0.496	237	252	-0.239683	0.047619	
A/duck/Guangdong/wy24/200	0.3229	0.2708	0.2828	0.3583	0.181	-0.061	0.384	57.19	0.502	0.496	237	252	-0.261508	0.051587	
A/Duck/Guangdong/Yangjian	0.3385	0.2448	0.3232	0.3262	0.167	-0.119	0.350	48.45	0.456	0.484	237	252	-0.245238	0.051587	
A/duck/Guangxi/12.25_GLGX	0.3490	0.2396	0.3131	0.3316	0.173	-0.112	0.354	48.65	0.456	0.485	237	252	-0.235318	0.051587	
A/duck/Guangxi/S10099/202	0.2908	0.2959	0.3054	0.3212	0.169	-0.067	0.377	52.11	0.502	0.508	239	252	-0.218651	0.047619	
A/duck/Guangxi/S10263/202	0.2908	0.2959	0.3054	0.3212	0.169	-0.067	0.377	52.11	0.502	0.508	239	252	-0.218651	0.047619	
A/duck/Guangxi/S11043/202	0.2908	0.2959	0.2956	0.3316	0.170	-0.060	0.381	52.52	0.510	0.511	239	252	-0.218651	0.047619	
A/duck/Guangxi/S21194/202	0.2908	0.2959	0.3054	0.3212	0.168	-0.067	0.377	52.36	0.502	0.507	239	252	-0.228571	0.047619	
A/duck/Guangxi/S31116/202	0.2908	0.2959	0.3103	0.3161	0.168	-0.074	0.372	52.22	0.498	0.507	239	252	-0.218651	0.047619	
A/duck/Guangzhou/018/2014	0.3281	0.2604	0.3081	0.3369	0.174	-0.105	0.359	50.49	0.477	0.492	237	252	-0.235318	0.051587	
A/duck/Guangzhou/021/2014	0.3281	0.2604	0.3131	0.3316	0.174	-0.105	0.359	49.87	0.473	0.491	237	252	-0.235318	0.051587	
A/duck/Guizhou/7.27_ZYLJJ	0.3333	0.2500	0.3232	0.3262	0.168	-0.112	0.354	48.66	0.460	0.485	237	252	-0.245238	0.051587	
A/duck/Guizhou/8.26_ZYLJJ	0.3385	0.2448	0.2980	0.3529	0.174	-0.098	0.363	50.90	0.477	0.491	237	252	-0.245238	0.051587	
A/duck/Guizhou/8.26_ZYLJJ	0.3281	0.2500	0.3030	0.3529	0.168	-0.112	0.354	51.54	0.481	0.492	237	252	-0.245238	0.051587	
A/duck/Guizhou/S1321/2022	0.3010	0.2857	0.2857	0.3420	0.162	-0.074	0.372	52.80	0.510	0.509	239	252	-0.218651	0.047619	
A/duck/Guizhou/S1711/2024	0.2959	0.2959	0.2857	0.3368	0.165	-0.074	0.372	53.34	0.515	0.511	239	252	-0.218651	0.047619	
A/duck/Guizhou/S4702/2021	0.2806	0.3010	0.3005	0.3316	0.170	-0.060	0.381	51.01	0.515	0.512	239	252	-0.218651	0.047619	
A/duck/Hainan/12.29_HKPL0	0.3385	0.2448	0.3182	0.3316	0.167	-0.119	0.350	48.41	0.460	0.485	237	252	-0.245238	0.051587	
A/duck/Hebei/3/2011|EPI_I	0.3041	0.2887	0.2893	0.3495	0.185	-0.038	0.397	55.88	0.511	0.501	237	252	-0.246032	0.051587	
A/duck/Hebei/S1070/2021|E	0.2908	0.2959	0.2956	0.3316	0.170	-0.060	0.381	52.52	0.510	0.511	239	252	-0.218651	0.047619	
A/duck/Henan/01.01_LYGL00	0.3125	0.2656	0.3518	0.2963	0.180	-0.100	0.363	56.30	0.451	0.489	237	252	-0.243651	0.047619	
A/duck/Henan/S1381/2021|E	0.2923	0.2974	0.2956	0.3316	0.173	-0.061	0.381	52.45	0.510	0.509	239	252	-0.216270	0.047619	
A/duck/Hsinchu/15020216/2	0.3057	0.2902	0.2944	0.3441	0.177	-0.090	0.367	54.31	0.506	0.497	237	252	-0.253968	0.051587	
A/duck/Hubei/03.06__WHWTZ	0.3109	0.2850	0.3000	0.3280	0.177	-0.039	0.397	52.97	0.494	0.501	237	252	-0.224603	0.051587	
A/duck/Hubei/03.06__WHWTZ	0.3333	0.2500	0.3030	0.3476	0.176	-0.098	0.363	50.67	0.477	0.488	237	252	-0.255556	0.051587	
A/duck/Hubei/03.06__WHWTZ	0.3333	0.2500	0.3030	0.3476	0.176	-0.098	0.363	50.67	0.477	0.488	237	252	-0.255556	0.051587	
A/duck/Hubei/03.06__WHWTZ	0.3281	0.2500	0.3081	0.3476	0.178	-0.098	0.363	50.70	0.477	0.488	237	252	-0.246825	0.051587	
A/duck/Hubei/03.06__WHWTZ	0.3333	0.2500	0.3030	0.3476	0.176	-0.098	0.363	50.67	0.477	0.488	237	252	-0.255556	0.051587	
A/duck/Hubei/03.06__WHWTZ	0.2984	0.2775	0.2929	0.3545	0.187	-0.042	0.396	55.93	0.511	0.509	235	252	-0.234921	0.051587	
A/duck/Hubei/03.06__WHWTZ	0.3021	0.2812	0.3166	0.3263	0.173	-0.099	0.363	58.20	0.489	0.503	237	252	-0.246429	0.047619	
A/duck/HuBei/03.06__WHWTZ	0.3333	0.2500	0.3030	0.3476	0.176	-0.098	0.363	50.67	0.477	0.488	237	252	-0.255556	0.051587	
A/duck/Hubei/03.06_WHWTZ0	0.3333	0.2500	0.3030	0.3476	0.176	-0.098	0.363	50.67	0.477	0.488	237	252	-0.255556	0.051587	
A/duck/Hubei/03.06_WHWTZ0	0.3281	0.2500	0.3081	0.3476	0.178	-0.098	0.363	50.70	0.477	0.488	237	252	-0.246825	0.051587	
A/duck/Hubei/46/2009|EPI_	0.3144	0.2784	0.2828	0.3511	0.168	-0.096	0.363	51.12	0.506	0.501	237	252	-0.256349	0.051587	
A/duck/Hubei/2911/2007|EP	0.3177	0.2760	0.2879	0.3529	0.183	-0.054	0.388	55.50	0.502	0.500	237	252	-0.235318	0.051587	
A/duck/Hubei/S4465/2021(H	0.2944	0.2944	0.2906	0.3316	0.170	-0.066	0.377	52.46	0.510	0.513	239	252	-0.211111	0.047619	
A/duck/Hubei/SE128/2022(H	0.2995	0.2893	0.2808	0.3420	0.173	-0.051	0.385	52.54	0.515	0.515	239	252	-0.211111	0.047619	
A/duck/Hubei/SE220/2022(H	0.2959	0.2857	0.2956	0.3368	0.160	-0.067	0.377	52.26	0.506	0.508	239	252	-0.218651	0.047619	
A/duck/Hubei/SZY250/2016|	0.3005	0.2902	0.3046	0.3405	0.174	-0.099	0.363	55.06	0.502	0.496	237	252	-0.251191	0.051587	
A/duck/Hubei/xn/2007|EPI_	0.3229	0.2708	0.2879	0.3529	0.183	-0.054	0.388	54.04	0.498	0.499	237	252	-0.235318	0.051587	
A/duck/Hunan/1.12_YYGK68H	0.3438	0.2448	0.3182	0.3262	0.168	-0.112	0.354	48.93	0.456	0.484	237	252	-0.245238	0.051587	
A/duck/Hunan/1.12_YYGK72H	0.3438	0.2448	0.3182	0.3262	0.168	-0.112	0.354	48.93	0.456	0.484	237	252	-0.245238	0.051587	
A/duck/Hunan/1.12_YYGK74H	0.3281	0.2552	0.3232	0.3262	0.171	-0.105	0.359	47.99	0.464	0.487	237	252	-0.245238	0.051587	
A/duck/Hunan/01.12_YYGK82	0.3281	0.2552	0.3232	0.3262	0.171	-0.105	0.359	47.99	0.464	0.487	237	252	-0.245238	0.051587	
A/duck/Hunan/01.16_YYFQH1	0.3333	0.2500	0.3081	0.3422	0.175	-0.105	0.359	49.21	0.473	0.487	237	252	-0.255556	0.051587	
A/duck/Hunan/01.16_YYFQH1	0.3333	0.2500	0.3081	0.3422	0.175	-0.105	0.359	49.21	0.473	0.487	237	252	-0.255556	0.051587	
A/duck/Hunan/01.16_YYFQH2	0.3333	0.2500	0.3030	0.3476	0.175	-0.105	0.359	49.64	0.477	0.488	237	252	-0.255556	0.051587	
A/duck/Hunan/01.16_YYFQH3	0.3333	0.2500	0.3030	0.3476	0.175	-0.105	0.359	49.64	0.477	0.488	237	252	-0.255556	0.051587	
A/duck/Hunan/01.16_YYFQH3	0.3333	0.2500	0.3030	0.3476	0.175	-0.105	0.359	49.64	0.477	0.488	237	252	-0.255556	0.051587	
A/duck/Hunan/01.16_YYFQH3	0.3333	0.2500	0.3030	0.3476	0.175	-0.105	0.359	49.64	0.477	0.488	237	252	-0.255556	0.051587	
A/duck/Hunan/01.16_YYFQH3	0.3333	0.2500	0.3030	0.3476	0.175	-0.105	0.359	49.64	0.477	0.488	237	252	-0.255556	0.051587	
A/duck/Hunan/01.16_YYFQH3	0.3333	0.2500	0.3030	0.3476	0.175	-0.105	0.359	49.64	0.477	0.488	237	252	-0.255556	0.051587	
A/duck/Hunan/01.16_YYFQH3	0.3333	0.2500	0.3030	0.3476	0.175	-0.105	0.359	49.64	0.477	0.488	237	252	-0.255556	0.051587	
A/duck/Hunan/01.16_YYFQH3	0.3333	0.2500	0.3030	0.3476	0.175	-0.105	0.359	49.64	0.477	0.488	237	252	-0.255556	0.051587	
A/duck/Hunan/01.16_YYGK21	0.3333	0.2500	0.3030	0.3476	0.175	-0.105	0.359	49.64	0.477	0.488	237	252	-0.255556	0.051587	
A/duck/Hunan/1.17_YYGKK80	0.3333	0.2448	0.3333	0.3209	0.170	-0.119	0.350	48.26	0.451	0.484	237	252	-0.235318	0.051587	
A/duck/Hunan/01.21_YYFQH0	0.3333	0.2500	0.3030	0.3476	0.174	-0.105	0.359	49.59	0.477	0.488	237	252	-0.255556	0.051587	
A/duck/Hunan/01.21_YYFQH0	0.3333	0.2500	0.3030	0.3476	0.175	-0.105	0.359	49.64	0.477	0.488	237	252	-0.255556	0.051587	
A/duck/Hunan/01.21_YYFQH0	0.3333	0.2500	0.3030	0.3476	0.174	-0.105	0.359	49.59	0.477	0.488	237	252	-0.255556	0.051587	
A/duck/Hunan/01.21_YYFQH0	0.3385	0.2448	0.3081	0.3422	0.174	-0.112	0.354	47.61	0.468	0.485	237	252	-0.255556	0.051587	
A/duck/Hunan/01.21_YYFQH0	0.3333	0.2500	0.3030	0.3476	0.174	-0.105	0.359	49.59	0.477	0.488	237	252	-0.255556	0.051587	
A/duck/Hunan/2.06_YYGK77J	0.3229	0.2656	0.3081	0.3369	0.177	-0.112	0.354	49.18	0.481	0.493	237	252	-0.235318	0.051587	
A/duck/Hunan/2.06_YYGK78J	0.3385	0.2500	0.3182	0.3262	0.175	-0.098	0.363	47.75	0.460	0.487	237	252	-0.245238	0.051587	
A/duck/Hunan/2.06_YYGK84J	0.3229	0.2656	0.3081	0.3369	0.177	-0.112	0.354	49.18	0.481	0.493	237	252	-0.235318	0.051587	
A/duck/Hunan/2.06_YYGK92J	0.3229	0.2656	0.3081	0.3369	0.177	-0.112	0.354	49.18	0.481	0.493	237	252	-0.235318	0.051587	
A/duck/Hunan/02.07__YYFQH	0.3385	0.2448	0.3081	0.3422	0.174	-0.112	0.354	47.61	0.468	0.485	237	252	-0.255556	0.051587	
A/duck/Hunan/02.07__YYFQH	0.3385	0.2448	0.3081	0.3422	0.174	-0.112	0.354	47.61	0.468	0.485	237	252	-0.255556	0.051587	
A/duck/Hunan/02.07_YYFQH0	0.3333	0.2500	0.3030	0.3476	0.175	-0.105	0.359	49.64	0.477	0.488	237	252	-0.255556	0.051587	
A/duck/Hunan/02.07_YYFQH0	0.3385	0.2448	0.3081	0.3422	0.174	-0.112	0.354	47.61	0.468	0.485	237	252	-0.255556	0.051587	
A/duck/Hunan/02.07_YYFQH0	0.3333	0.2500	0.3030	0.3476	0.175	-0.105	0.359	49.64	0.477	0.488	237	252	-0.255556	0.051587	
A/duck/Hunan/02.16_YYGK28	0.3333	0.2500	0.3030	0.3476	0.175	-0.105	0.359	49.64	0.477	0.488	237	252	-0.255556	0.051587	
A/duck/Hunan/02.26__YYFQH	0.3281	0.2500	0.3081	0.3476	0.177	-0.105	0.359	49.68	0.477	0.488	237	252	-0.246825	0.051587	
A/duck/Hunan/02.26__YYFQH	0.3281	0.2500	0.3081	0.3476	0.177	-0.105	0.359	49.68	0.477	0.488	237	252	-0.246825	0.051587	
A/duck/Hunan/02.26__YYGK2	0.3281	0.2500	0.3081	0.3476	0.177	-0.105	0.359	49.68	0.477	0.488	237	252	-0.246825	0.051587	
A/duck/Hunan/02.26__YYGK0	0.3333	0.2604	0.3030	0.3369	0.180	-0.098	0.363	48.38	0.477	0.491	237	252	-0.235318	0.051587	
A/duck/Hunan/02.26_YYFQH2	0.3333	0.2500	0.3081	0.3422	0.175	-0.105	0.359	49.21	0.473	0.487	237	252	-0.255556	0.051587	
A/duck/Hunan/02.26_YYFQH2	0.3333	0.2500	0.3030	0.3476	0.175	-0.105	0.359	49.64	0.477	0.488	237	252	-0.255556	0.051587	
A/duck/Hunan/02.26_YYFQH3	0.3333	0.2500	0.3030	0.3476	0.175	-0.105	0.359	49.64	0.477	0.488	237	252	-0.255556	0.051587	
A/duck/Hunan/02.26_YYFQHY	0.3385	0.2448	0.3081	0.3422	0.174	-0.112	0.354	47.61	0.468	0.485	237	252	-0.255556	0.051587	
A/duck/Hunan/02.26_YYGK25	0.3333	0.2500	0.3081	0.3422	0.175	-0.105	0.359	49.21	0.473	0.487	237	252	-0.255556	0.051587	
A/duck/Hunan/02.26_YYGK25	0.3333	0.2500	0.3030	0.3476	0.175	-0.105	0.359	49.64	0.477	0.488	237	252	-0.255556	0.051587	
A/duck/Hunan/02.26_YYGK26	0.3333	0.2500	0.3081	0.3422	0.175	-0.105	0.359	49.21	0.473	0.487	237	252	-0.255556	0.051587	
A/duck/Hunan/02.26_YYGK26	0.3333	0.2500	0.3081	0.3422	0.175	-0.105	0.359	49.21	0.473	0.487	237	252	-0.255556	0.051587	
A/duck/Hunan/02.26_YYGK27	0.3333	0.2500	0.3081	0.3422	0.175	-0.105	0.359	49.21	0.473	0.487	237	252	-0.255556	0.051587	
A/duck/Hunan/02.26_YYGK27	0.3333	0.2500	0.3081	0.3422	0.175	-0.105	0.359	49.21	0.473	0.487	237	252	-0.255556	0.051587	
A/duck/Hunan/02.26_YYGKY2	0.3281	0.2500	0.3081	0.3476	0.177	-0.105	0.359	49.68	0.477	0.488	237	252	-0.246825	0.051587	
A/duck/Hunan/02.26_YYGQH2	0.3333	0.2500	0.3030	0.3476	0.175	-0.105	0.359	49.64	0.477	0.488	237	252	-0.255556	0.051587	
A/duck/Hunan/03.07_YYGK1L	0.3125	0.2656	0.3283	0.3280	0.172	-0.120	0.350	50.28	0.473	0.484	237	252	-0.254365	0.051587	
A/duck/Hunan/03.07_YYGK4L	0.3455	0.2461	0.3131	0.3316	0.183	-0.099	0.363	48.39	0.460	0.485	237	252	-0.232937	0.051587	
A/duck/Hunan/03.07_YYGK25	0.3229	0.2656	0.3030	0.3422	0.177	-0.112	0.354	49.30	0.485	0.495	237	252	-0.235318	0.051587	
A/duck/Hunan/03.07_YYGK31	0.3333	0.2500	0.3232	0.3262	0.169	-0.112	0.354	47.83	0.460	0.485	237	252	-0.245238	0.051587	
A/duck/Hunan/03.09_YYFQH0	0.3177	0.2708	0.3116	0.3280	0.175	-0.093	0.367	57.25	0.481	0.497	237	252	-0.243651	0.047619	
A/duck/Hunan/03.09_YYFQH0	0.3281	0.2604	0.3182	0.3262	0.174	-0.105	0.359	50.58	0.468	0.489	237	252	-0.235318	0.051587	
A/duck/Hunan/03.09_YYFQH0	0.3385	0.2500	0.3131	0.3316	0.173	-0.112	0.354	48.73	0.464	0.488	237	252	-0.235318	0.051587	
A/duck/Hunan/03.24_YYGK18	0.3333	0.2500	0.3131	0.3369	0.169	-0.134	0.342	49.59	0.468	0.489	237	252	-0.235318	0.051587	
A/duck/Hunan/03.24_YYGK21	0.3333	0.2500	0.3131	0.3369	0.169	-0.134	0.342	49.59	0.468	0.489	237	252	-0.235318	0.051587	
A/duck/Hunan/03.24_YYGK17	0.3333	0.2500	0.3131	0.3369	0.169	-0.134	0.342	49.59	0.468	0.489	237	252	-0.235318	0.051587	
A/duck/Hunan/03.24_YYGK17	0.3333	0.2500	0.3131	0.3369	0.169	-0.134	0.342	49.59	0.468	0.489	237	252	-0.235318	0.051587	
A/duck/Hunan/04.14_YYGK06	0.3333	0.2448	0.3131	0.3422	0.171	-0.112	0.354	50.85	0.468	0.485	237	252	-0.255556	0.051587	
A/duck/Hunan/04.14_YYGK04	0.3375	0.2125	0.3333	0.3506	0.165	-0.124	0.352	49.66	0.449	0.481	196	210	-0.361905	0.052381	
A/duck/Hunan/04.14_YYGK45	0.3333	0.2500	0.3081	0.3422	0.175	-0.105	0.359	49.21	0.473	0.487	237	252	-0.255556	0.051587	
A/duck/Hunan/04.14_YYGK46	0.3385	0.2500	0.3030	0.3422	0.177	-0.098	0.363	48.99	0.473	0.487	237	252	-0.255556	0.051587	
A/duck/Hunan/04.14_YYGK46	0.3333	0.2448	0.3131	0.3422	0.171	-0.112	0.354	50.85	0.468	0.485	237	252	-0.255556	0.051587	
A/duck/Hunan/04.14_YYGK46	0.3333	0.2448	0.3131	0.3422	0.171	-0.112	0.354	50.85	0.468	0.485	237	252	-0.255556	0.051587	
A/duck/Hunan/04.14_YYGK47	0.3333	0.2448	0.3131	0.3422	0.171	-0.112	0.354	50.85	0.468	0.485	237	252	-0.255556	0.051587	
A/duck/Hunan/04.14_YYGK08	0.3333	0.2500	0.3081	0.3422	0.175	-0.105	0.359	49.21	0.473	0.487	237	252	-0.255556	0.051587	
A/duck/Hunan/04.14_YYXS87	0.3333	0.2500	0.3081	0.3422	0.175	-0.105	0.359	49.21	0.473	0.487	237	252	-0.255556	0.051587	
A/duck/Hunan/04.22_LDDX03	0.3281	0.2552	0.3131	0.3369	0.174	-0.112	0.354	49.65	0.473	0.491	237	252	-0.235318	0.051587	
A/duck/Hunan/7.21_YYGK41Y	0.3281	0.2552	0.3182	0.3316	0.171	-0.119	0.350	49.69	0.468	0.488	237	252	-0.245635	0.051587	
A/duck/Hunan/11.30_YYGK59	0.3333	0.2604	0.2929	0.3476	0.184	-0.083	0.371	49.74	0.485	0.495	237	252	-0.235318	0.051587	
A/duck/Hunan/11.30_YYGK62	0.3281	0.2552	0.3232	0.3262	0.170	-0.105	0.359	48.37	0.464	0.487	237	252	-0.245238	0.051587	
A/duck/Hunan/11.30_YYGK63	0.3281	0.2552	0.3232	0.3262	0.170	-0.105	0.359	48.37	0.464	0.487	237	252	-0.245238	0.051587	
A/duck/Hunan/11.30_YYGK74	0.2806	0.3010	0.3005	0.3316	0.173	-0.024	0.402	56.96	0.515	0.511	239	252	-0.228571	0.047619	
A/duck/Hunan/11.30_YYGK75	0.2806	0.3010	0.3005	0.3316	0.173	-0.024	0.402	56.96	0.515	0.511	239	252	-0.228571	0.047619	
A/duck/Hunan/12.07__YYGK4	0.3177	0.2708	0.3182	0.3262	0.176	-0.098	0.363	51.35	0.477	0.491	237	252	-0.245238	0.051587	
A/duck/Hunan/12.07__YYGK9	0.3125	0.2708	0.3182	0.3333	0.171	-0.120	0.350	48.51	0.481	0.487	237	252	-0.254365	0.051587	
A/duck/Hunan/12.07__YYGK1	0.3333	0.2604	0.3131	0.3262	0.174	-0.105	0.359	49.63	0.468	0.489	237	252	-0.235318	0.051587	
A/duck/Hunan/12.07__YYGK1	0.3229	0.2656	0.3131	0.3316	0.175	-0.098	0.363	49.87	0.477	0.492	237	252	-0.235318	0.051587	
A/duck/Hunan/12.07__YYGK1	0.3281	0.2500	0.3131	0.3422	0.176	-0.105	0.359	49.25	0.473	0.487	237	252	-0.246825	0.051587	
A/duck/Hunan/12.07_YGK098	0.3281	0.2604	0.3182	0.3262	0.176	-0.105	0.359	49.83	0.468	0.489	237	252	-0.226587	0.051587	
A/duck/Hunan/12.07_YYGK00	0.3125	0.2708	0.3182	0.3333	0.171	-0.120	0.350	48.51	0.481	0.487	237	252	-0.254365	0.051587	
A/duck/Hunan/12.07_YYGK03	0.3333	0.2500	0.3081	0.3422	0.175	-0.105	0.359	49.21	0.473	0.487	237	252	-0.255556	0.051587	
A/duck/Hunan/12.07_YYGK68	0.3333	0.2500	0.3081	0.3422	0.175	-0.105	0.359	49.21	0.473	0.487	237	252	-0.255556	0.051587	
A/duck/Hunan/12.07_YYGK10	0.3229	0.2656	0.3182	0.3262	0.177	-0.105	0.359	50.70	0.473	0.489	237	252	-0.245238	0.051587	
A/duck/Hunan/12.07_YYGK10	0.3333	0.2604	0.3131	0.3262	0.174	-0.105	0.359	49.63	0.468	0.489	237	252	-0.235318	0.051587	
A/duck/Hunan/12.07_YYGK11	0.3333	0.2604	0.3081	0.3316	0.176	-0.098	0.363	50.04	0.473	0.491	237	252	-0.235318	0.051587	
A/duck/Hunan/12.17__YYFQH	0.3281	0.2604	0.3232	0.3209	0.175	-0.098	0.363	50.58	0.464	0.487	237	252	-0.245238	0.051587	
A/duck/Hunan/12.17__YYFQH	0.3281	0.2604	0.3232	0.3209	0.175	-0.098	0.363	50.58	0.464	0.487	237	252	-0.245238	0.051587	
A/duck/Hunan/12.17__YYGK0	0.3281	0.2552	0.3081	0.3422	0.175	-0.105	0.359	49.50	0.477	0.488	237	252	-0.255556	0.051587	
A/duck/Hunan/12.17_YYGK01	0.3333	0.2500	0.3081	0.3422	0.175	-0.105	0.359	49.21	0.473	0.487	237	252	-0.255556	0.051587	
A/duck/Hunan/12.17_YYGK04	0.3333	0.2500	0.3131	0.3369	0.173	-0.112	0.354	49.58	0.468	0.485	237	252	-0.255556	0.051587	
A/duck/Hunan/12.17_YYGK05	0.3385	0.2500	0.3131	0.3316	0.173	-0.112	0.354	48.73	0.464	0.488	237	252	-0.235318	0.051587	
A/duck/Hunan/12.17_YYGK00	0.3385	0.2448	0.3081	0.3422	0.174	-0.112	0.354	47.61	0.468	0.485	237	252	-0.255556	0.051587	
A/duck/Hunan/12.17_YYGK00	0.3333	0.2500	0.3081	0.3422	0.175	-0.105	0.359	49.21	0.473	0.487	237	252	-0.255556	0.051587	
A/duck/Hunan/12.17_YYGK00	0.3281	0.2604	0.3232	0.3209	0.175	-0.098	0.363	50.58	0.464	0.487	237	252	-0.245238	0.051587	
A/duck/Hunan/12.17_YYGK07	0.3333	0.2500	0.3081	0.3422	0.175	-0.105	0.359	49.21	0.473	0.487	237	252	-0.255556	0.051587	
A/duck/Hunan/12.17_YYGK08	0.3385	0.2500	0.3131	0.3316	0.173	-0.112	0.354	48.73	0.464	0.488	237	252	-0.235318	0.051587	
A/duck/Hunan/12.27_YYGK60	0.3229	0.2656	0.3182	0.3262	0.180	-0.090	0.367	50.30	0.473	0.491	237	252	-0.235318	0.051587	
A/duck/Hunan/12.27_YYGK71	0.3385	0.2396	0.3333	0.3209	0.170	-0.127	0.346	47.10	0.447	0.483	237	252	-0.235318	0.051587	
A/duck/Hunan/12.27_YYGK73	0.3229	0.2656	0.3182	0.3262	0.180	-0.090	0.367	50.30	0.473	0.491	237	252	-0.235318	0.051587	
A/duck/Hunan/12.27_YYGK81	0.3333	0.2448	0.3333	0.3209	0.170	-0.119	0.350	48.26	0.451	0.484	237	252	-0.235318	0.051587	
A/duck/Hunan/12.27_YYGK86	0.3229	0.2656	0.3182	0.3262	0.180	-0.090	0.367	50.30	0.473	0.491	237	252	-0.235318	0.051587	
A/duck/Hunan/12.27_YYGK89	0.3333	0.2448	0.3333	0.3209	0.170	-0.119	0.350	48.26	0.451	0.484	237	252	-0.235318	0.051587	
A/duck/Hunan/12.27_YYGK91	0.3333	0.2448	0.3333	0.3209	0.170	-0.119	0.350	48.26	0.451	0.484	237	252	-0.235318	0.051587	
A/duck/Hunan/12.27_YYGK93	0.3333	0.2448	0.3333	0.3209	0.170	-0.119	0.350	48.26	0.451	0.484	237	252	-0.235318	0.051587	
A/duck/Hunan/12.27_YYGK95	0.3333	0.2448	0.3333	0.3209	0.170	-0.119	0.350	48.26	0.451	0.484	237	252	-0.235318	0.051587	
A/duck/Hunan/12.27_YYGK96	0.3333	0.2448	0.3333	0.3209	0.170	-0.119	0.350	48.26	0.451	0.484	237	252	-0.235318	0.051587	
A/duck/Hunan/12.27_YYGK97	0.3333	0.2448	0.3333	0.3209	0.170	-0.119	0.350	48.26	0.451	0.484	237	252	-0.235318	0.051587	
A/duck/Hunan/12.27_YYGK10	0.3333	0.2448	0.3333	0.3209	0.170	-0.119	0.350	48.26	0.451	0.484	237	252	-0.235318	0.051587	
A/duck/Hunan/193/2014|EPI	0.3281	0.2604	0.3131	0.3316	0.170	-0.112	0.354	50.35	0.473	0.491	237	252	-0.235318	0.051587	
A/duck/Hunan/233/2014|EPI	0.3385	0.2500	0.3232	0.3209	0.174	-0.112	0.354	47.73	0.456	0.484	237	252	-0.245238	0.051587	
A/duck/Hunan/316/2005|EPI	0.3229	0.2708	0.2879	0.3529	0.179	-0.061	0.384	56.01	0.498	0.496	237	252	-0.245238	0.051587	
A/duck/Hunan/689/2006|EPI	0.3125	0.2812	0.2828	0.3583	0.184	-0.047	0.392	55.94	0.511	0.501	237	252	-0.245238	0.051587	
A/duck/Hunan/3315/2006|EP	0.3177	0.2760	0.2828	0.3583	0.180	-0.061	0.384	55.63	0.506	0.500	237	252	-0.245238	0.051587	
A/duck/Hunan/HN05/2014|EP	0.3281	0.2604	0.3131	0.3316	0.172	-0.112	0.354	50.81	0.473	0.491	237	252	-0.235318	0.051587	
A/duck/Hunan/HN13/2015|EP	0.3571	0.2524	0.3110	0.3198	0.175	-0.130	0.344	51.65	0.453	0.483	256	272	-0.208088	0.055147	
A/duck/Hunan/HN16/2015|EP	0.3333	0.2552	0.3131	0.3316	0.175	-0.105	0.359	49.64	0.468	0.491	237	252	-0.225397	0.051587	
A/duck/Hunan/HN29/2015|EP	0.3281	0.2604	0.3182	0.3262	0.168	-0.119	0.350	50.75	0.468	0.489	237	252	-0.235318	0.051587	
A/duck/Hunan/HN42/2015|EP	0.3385	0.2500	0.3182	0.3262	0.174	-0.112	0.354	49.43	0.460	0.487	237	252	-0.235318	0.051587	
A/duck/Hunan/HN45/2015|EP	0.3281	0.2604	0.3131	0.3316	0.170	-0.112	0.354	50.35	0.473	0.491	237	252	-0.235318	0.051587	
A/duck/Hunan/HN53/2015|EP	0.3281	0.2604	0.3131	0.3316	0.170	-0.112	0.354	50.35	0.473	0.491	237	252	-0.235318	0.051587	
A/duck/Hunan/HN54/2015|EP	0.3281	0.2604	0.3182	0.3262	0.170	-0.112	0.354	51.06	0.468	0.489	237	252	-0.235318	0.051587	
A/duck/Hunan/HN59/2015|EP	0.3281	0.2604	0.3131	0.3316	0.170	-0.112	0.354	50.35	0.473	0.491	237	252	-0.235318	0.051587	
A/duck/Hunan/HN60/2015|EP	0.3281	0.2604	0.3131	0.3316	0.170	-0.112	0.354	50.35	0.473	0.491	237	252	-0.235318	0.051587	
A/duck/Hunan/HN61/2015|EP	0.3333	0.2552	0.3131	0.3316	0.170	-0.112	0.354	50.27	0.468	0.489	237	252	-0.235318	0.051587	
A/duck/Hunan/HN64/2015|EP	0.3281	0.2604	0.3131	0.3316	0.170	-0.112	0.354	50.35	0.473	0.491	237	252	-0.235318	0.051587	
A/duck/Hunan/HN66/2015|EP	0.3281	0.2604	0.3131	0.3316	0.170	-0.112	0.354	50.35	0.473	0.491	237	252	-0.235318	0.051587	
A/duck/Hunan/HN67/2015|EP	0.3281	0.2604	0.3131	0.3316	0.170	-0.112	0.354	50.35	0.473	0.491	237	252	-0.235318	0.051587	
A/duck/Hunan/HN71/2015|EP	0.3385	0.2500	0.3182	0.3262	0.174	-0.112	0.354	49.43	0.460	0.487	237	252	-0.235318	0.051587	
A/duck/Hunan/HN72/2015|EP	0.3351	0.2565	0.3131	0.3316	0.179	-0.106	0.359	49.28	0.468	0.489	237	252	-0.223016	0.051587	
A/duck/Hunan/HN74/2015|EP	0.3438	0.2448	0.3131	0.3316	0.173	-0.112	0.354	48.66	0.460	0.487	237	252	-0.235318	0.051587	
A/duck/Hunan/HN76/2015|EP	0.3333	0.2552	0.3131	0.3316	0.175	-0.105	0.359	49.64	0.468	0.491	237	252	-0.225397	0.051587	
A/duck/Hunan/HN78/2015|EP	0.3333	0.2552	0.3131	0.3316	0.170	-0.112	0.354	50.27	0.468	0.489	237	252	-0.235318	0.051587	
A/duck/Hunan/HN80/2015|EP	0.3385	0.2500	0.3182	0.3262	0.174	-0.112	0.354	49.43	0.460	0.487	237	252	-0.235318	0.051587	
A/duck/Hunan/HN162/2015|E	0.3177	0.2708	0.2980	0.3476	0.183	-0.090	0.367	50.65	0.494	0.497	237	252	-0.235318	0.051587	
A/duck/Hunan/HN163/2015|E	0.3281	0.2604	0.3131	0.3316	0.174	-0.105	0.359	49.87	0.473	0.491	237	252	-0.235318	0.051587	
A/duck/Hunan/HN167/2015|E	0.3177	0.2708	0.3030	0.3422	0.184	-0.090	0.367	50.07	0.489	0.496	237	252	-0.235318	0.051587	
A/duck/Hunan/HN171/2015|E	0.3177	0.2708	0.3030	0.3422	0.184	-0.090	0.367	50.07	0.489	0.496	237	252	-0.235318	0.051587	
A/duck/Hunan/HN172/2015|E	0.3177	0.2708	0.3030	0.3422	0.184	-0.090	0.367	50.07	0.489	0.496	237	252	-0.235318	0.051587	
A/duck/Hunan/HN174/2015|E	0.3177	0.2708	0.3030	0.3422	0.184	-0.090	0.367	50.07	0.489	0.496	237	252	-0.235318	0.051587	
A/duck/Hunan/HN176/2015|E	0.3177	0.2708	0.3030	0.3422	0.184	-0.090	0.367	50.07	0.489	0.496	237	252	-0.235318	0.051587	
A/duck/Hunan/HN177/2015|E	0.3177	0.2708	0.3030	0.3422	0.184	-0.091	0.367	50.22	0.489	0.496	237	252	-0.233730	0.051587	
A/duck/Hunan/HN178/2015|E	0.3177	0.2708	0.3030	0.3422	0.184	-0.090	0.367	50.07	0.489	0.496	237	252	-0.235318	0.051587	
A/duck/Hunan/HN182/2015|E	0.3281	0.2604	0.3131	0.3316	0.174	-0.105	0.359	49.87	0.473	0.491	237	252	-0.235318	0.051587	
A/duck/Hunan/HN183/2015|E	0.3177	0.2708	0.3030	0.3422	0.184	-0.090	0.367	50.07	0.489	0.496	237	252	-0.235318	0.051587	
A/duck/Hunan/HN186/2015|E	0.3177	0.2708	0.3081	0.3369	0.180	-0.098	0.363	50.24	0.485	0.495	237	252	-0.235318	0.051587	
A/duck/Hunan/HN190/2015|E	0.3177	0.2708	0.3030	0.3422	0.184	-0.090	0.367	50.07	0.489	0.496	237	252	-0.235318	0.051587	
A/duck/Hunan/HN191/2015|E	0.3177	0.2708	0.3131	0.3316	0.181	-0.090	0.367	50.40	0.481	0.493	237	252	-0.235318	0.051587	
A/duck/Hunan/HN192/2015|E	0.3177	0.2708	0.3030	0.3422	0.182	-0.090	0.367	50.21	0.489	0.495	237	252	-0.235318	0.051587	
A/duck/Hunan/HN194/2015|E	0.3177	0.2708	0.3030	0.3422	0.184	-0.090	0.367	50.07	0.489	0.496	237	252	-0.235318	0.051587	
A/duck/Hunan/HN195/2015|E	0.3177	0.2708	0.3030	0.3422	0.184	-0.090	0.367	50.07	0.489	0.496	237	252	-0.235318	0.051587	
A/duck/Hunan/HN197/2015|E	0.3177	0.2708	0.3030	0.3422	0.184	-0.090	0.367	50.07	0.489	0.496	237	252	-0.235318	0.051587	
A/duck/Hunan/HN201/2015|E	0.3177	0.2708	0.3030	0.3422	0.184	-0.090	0.367	50.07	0.489	0.496	237	252	-0.235318	0.051587	
A/duck/Hunan/HN204/2015|E	0.3281	0.2604	0.3131	0.3316	0.174	-0.105	0.359	49.87	0.473	0.491	237	252	-0.235318	0.051587	
A/duck/Hunan/HN205/2015|E	0.3177	0.2708	0.2929	0.3529	0.183	-0.077	0.376	52.71	0.498	0.500	237	252	-0.268254	0.051587	
A/duck/Hunan/HN206/2015|E	0.3177	0.2708	0.2980	0.3476	0.183	-0.090	0.367	50.65	0.494	0.497	237	252	-0.235318	0.051587	
A/duck/Hunan/HN207/2015|E	0.3177	0.2708	0.3030	0.3422	0.184	-0.090	0.367	50.07	0.489	0.496	237	252	-0.235318	0.051587	
A/duck/Hunan/HN208/2015|E	0.3177	0.2708	0.3030	0.3422	0.184	-0.090	0.367	50.07	0.489	0.496	237	252	-0.235318	0.051587	
A/duck/Hunan/HN209/2015|E	0.3177	0.2708	0.2980	0.3476	0.183	-0.090	0.367	50.65	0.494	0.497	237	252	-0.235318	0.051587	
A/duck/Hunan/HN210/2015|E	0.3177	0.2708	0.2980	0.3476	0.183	-0.090	0.367	50.65	0.494	0.497	237	252	-0.235318	0.051587	
A/duck/Hunan/HN212/2015|E	0.3177	0.2708	0.3030	0.3422	0.184	-0.090	0.367	50.07	0.489	0.496	237	252	-0.235318	0.051587	
A/duck/Hunan/HN214/2015|E	0.3316	0.2539	0.3182	0.3262	0.172	-0.098	0.363	51.53	0.464	0.488	237	252	-0.232937	0.051587	
A/duck/Hunan/HN215/2015|E	0.3177	0.2708	0.3030	0.3422	0.184	-0.090	0.367	50.07	0.489	0.496	237	252	-0.235318	0.051587	
A/duck/Hunan/HN216/2015|E	0.3281	0.2604	0.3131	0.3316	0.174	-0.105	0.359	49.87	0.473	0.491	237	252	-0.235318	0.051587	
A/duck/Hunan/HN217/2015|E	0.3177	0.2708	0.3030	0.3422	0.184	-0.090	0.367	50.07	0.489	0.496	237	252	-0.235318	0.051587	
A/duck/Hunan/HN220/2015|E	0.3177	0.2708	0.3030	0.3422	0.184	-0.090	0.367	50.07	0.489	0.496	237	252	-0.235318	0.051587	
A/duck/Hunan/HN221/2015|E	0.3177	0.2708	0.3081	0.3369	0.180	-0.098	0.363	50.24	0.485	0.495	237	252	-0.235318	0.051587	
A/duck/Hunan/HN224/2015|E	0.3281	0.2604	0.3131	0.3316	0.174	-0.105	0.359	49.87	0.473	0.491	237	252	-0.235318	0.051587	
A/duck/Hunan/HN227/2015|E	0.3177	0.2708	0.3081	0.3369	0.180	-0.098	0.363	50.24	0.485	0.495	237	252	-0.235318	0.051587	
A/duck/Hunan/HN230/2015|E	0.3177	0.2656	0.3081	0.3422	0.179	-0.098	0.363	50.57	0.485	0.495	237	252	-0.235318	0.051587	
A/duck/Hunan/HN232/2015|E	0.3212	0.2591	0.3166	0.3263	0.174	-0.097	0.363	56.85	0.473	0.499	237	252	-0.238889	0.047619	
A/duck/Hunan/HN234/2015|E	0.3316	0.2539	0.3182	0.3262	0.172	-0.098	0.363	51.53	0.464	0.488	237	252	-0.232937	0.051587	
A/duck/Hunan/HN236/2015|E	0.3316	0.2539	0.3232	0.3191	0.170	-0.104	0.359	51.34	0.460	0.488	237	252	-0.234127	0.051587	
A/duck/Hunan/HN238/2015|E	0.3264	0.2591	0.3232	0.3191	0.168	-0.111	0.354	51.30	0.464	0.489	237	252	-0.234127	0.051587	
A/duck/Hunan/HN239/2015|E	0.3281	0.2604	0.3131	0.3316	0.174	-0.105	0.359	49.87	0.473	0.491	237	252	-0.235318	0.051587	
A/duck/Hunan/HN240/2015|E	0.3316	0.2487	0.3283	0.3191	0.166	-0.111	0.354	51.91	0.456	0.487	237	252	-0.234127	0.051587	
A/duck/Hunan/HN241/2015|E	0.3281	0.2604	0.3131	0.3316	0.170	-0.112	0.354	50.35	0.473	0.491	237	252	-0.235318	0.051587	
A/duck/Hunan/HN242/2015|E	0.3316	0.2539	0.3232	0.3209	0.172	-0.098	0.363	50.89	0.460	0.487	237	252	-0.232937	0.051587	
A/duck/Hunan/HN278/2015|E	0.3229	0.2656	0.3030	0.3422	0.171	-0.112	0.354	49.86	0.485	0.495	237	252	-0.235318	0.051587	
A/duck/Hunan/HN285/2015|E	0.3229	0.2656	0.3030	0.3422	0.171	-0.112	0.354	49.86	0.485	0.495	237	252	-0.235318	0.051587	
A/duck/Hunan/HN288/2015|E	0.3229	0.2656	0.3030	0.3422	0.171	-0.112	0.354	49.86	0.485	0.495	237	252	-0.235318	0.051587	
A/duck/Hunan/HN333/2015|E	0.3281	0.2604	0.3081	0.3369	0.173	-0.098	0.363	50.01	0.477	0.491	237	252	-0.245238	0.051587	
A/duck/Hunan/HN334/2015|E	0.3229	0.2656	0.3232	0.3209	0.172	-0.103	0.359	49.94	0.468	0.489	237	252	-0.248810	0.051587	
A/duck/Hunan/HN335/2015|E	0.3229	0.2656	0.3030	0.3422	0.171	-0.112	0.354	49.86	0.485	0.495	237	252	-0.235318	0.051587	
A/duck/Hunan/HN336/2015|E	0.3229	0.2656	0.3232	0.3209	0.172	-0.103	0.359	49.94	0.468	0.489	237	252	-0.248810	0.051587	
A/duck/Hunan/HN339/2015|E	0.3281	0.2604	0.3081	0.3369	0.173	-0.105	0.359	50.41	0.477	0.492	237	252	-0.235318	0.051587	
A/duck/Hunan/HN341/2015|E	0.3229	0.2656	0.3232	0.3209	0.172	-0.103	0.359	49.94	0.468	0.489	237	252	-0.248810	0.051587	
A/duck/Hunan/HN342/2015|E	0.3229	0.2656	0.3232	0.3209	0.172	-0.103	0.359	49.94	0.468	0.489	237	252	-0.248810	0.051587	
A/duck/Hunan/HN343/2015|E	0.3177	0.2708	0.3232	0.3209	0.172	-0.096	0.363	50.56	0.473	0.491	237	252	-0.248810	0.051587	
A/duck/Hunan/S4020/2008|E	0.3229	0.2760	0.2778	0.3583	0.182	-0.061	0.384	55.35	0.506	0.500	237	252	-0.245238	0.051587	
A/duck/Hunan/S4030/2011|E	0.3177	0.2708	0.3030	0.3441	0.177	-0.098	0.363	49.58	0.489	0.492	237	252	-0.244048	0.051587	
A/duck/Hunan/S4101/2011|E	0.2984	0.2984	0.3100	0.3211	0.188	-0.062	0.384	55.69	0.498	0.499	237	252	-0.230952	0.051587	
A/duck/Hunan/S4120/2011|E	0.2932	0.3037	0.3100	0.3211	0.190	-0.055	0.388	55.94	0.502	0.500	237	252	-0.230952	0.051587	
A/duck/Hunan/S4150/2011|E	0.3177	0.2812	0.2778	0.3583	0.176	-0.076	0.376	56.39	0.511	0.501	237	252	-0.245238	0.051587	
A/duck/Hunan/S4220/2011|E	0.3333	0.2604	0.3081	0.3316	0.172	-0.112	0.354	49.53	0.473	0.489	237	252	-0.245238	0.051587	
A/duck/Hunan/S40199/2021(	0.2908	0.2959	0.2906	0.3368	0.169	-0.067	0.377	52.42	0.515	0.512	239	252	-0.218651	0.047619	
A/duck/Hunan/S40268/2021(	0.2908	0.2959	0.3103	0.3161	0.171	-0.060	0.381	52.06	0.498	0.507	239	252	-0.218651	0.047619	
A/duck/Jiangsu/m234/2012|	0.3041	0.2887	0.2893	0.3495	0.176	-0.074	0.376	58.80	0.511	0.503	237	252	-0.244841	0.051587	
A/duck/Jiangsu/S4439/2017	0.3229	0.2656	0.3131	0.3316	0.177	-0.105	0.359	50.17	0.477	0.491	237	252	-0.245238	0.051587	
A/duck/Jiangsu/SE1128/201	0.3229	0.2656	0.3081	0.3369	0.177	-0.098	0.363	50.46	0.481	0.492	237	252	-0.245238	0.051587	
A/duck/Jiangxi/01.11_NCNP	0.3333	0.2552	0.3131	0.3316	0.174	-0.098	0.363	48.39	0.468	0.487	237	252	-0.245238	0.051587	
A/duck/Jiangxi/01.14_NCJD	0.3264	0.2694	0.2985	0.3298	0.198	0.010	0.424	53.95	0.483	0.497	238	252	-0.225794	0.051587	
A/duck/Jiangxi/01.14_NCJD	0.3333	0.2552	0.3081	0.3369	0.175	-0.105	0.359	49.81	0.473	0.491	237	252	-0.235318	0.051587	
A/duck/Jiangxi/01.14_NCJD	0.3333	0.2552	0.3081	0.3369	0.175	-0.105	0.359	49.81	0.473	0.491	237	252	-0.235318	0.051587	
A/duck/Jiangxi/02.05_YGYX	0.3333	0.2552	0.3081	0.3369	0.175	-0.105	0.359	49.81	0.473	0.491	237	252	-0.235318	0.051587	
A/duck/Jiangxi/02.06_NCJD	0.3333	0.2552	0.3081	0.3369	0.175	-0.105	0.359	49.81	0.473	0.491	237	252	-0.235318	0.051587	
A/duck/Jiangxi/02.06_NCJD	0.3385	0.2500	0.3081	0.3369	0.173	-0.112	0.354	48.16	0.468	0.488	237	252	-0.235318	0.051587	
A/duck/Jiangxi/2.28_NCNP2	0.3333	0.2500	0.3232	0.3262	0.169	-0.112	0.354	47.83	0.460	0.485	237	252	-0.245238	0.051587	
A/duck/Jiangxi/2.28NCNP23	0.3333	0.2500	0.3232	0.3262	0.169	-0.112	0.354	47.83	0.460	0.485	237	252	-0.245238	0.051587	
A/duck/Jiangxi/03.11_NCHJ	0.3229	0.2656	0.3081	0.3369	0.173	-0.105	0.359	50.30	0.481	0.493	237	252	-0.235318	0.051587	
A/duck/Jiangxi/04.01__NCD	0.3021	0.2812	0.3317	0.3122	0.172	-0.100	0.363	57.11	0.477	0.496	237	252	-0.243651	0.047619	
A/duck/Jiangxi/04.01__NCD	0.3021	0.2812	0.3317	0.3122	0.172	-0.100	0.363	57.11	0.477	0.496	237	252	-0.243651	0.047619	
A/duck/Jiangxi/04.01_NCDZ	0.3333	0.2500	0.3081	0.3422	0.176	-0.098	0.363	48.92	0.473	0.487	237	252	-0.255556	0.051587	
A/duck/Jiangxi/05.07__NCJ	0.3073	0.2760	0.3317	0.3122	0.174	-0.093	0.367	57.11	0.473	0.495	237	252	-0.243651	0.047619	
A/duck/Jiangxi/5.26_NCDZT	0.3333	0.2552	0.3131	0.3316	0.174	-0.098	0.363	48.39	0.468	0.487	237	252	-0.245238	0.051587	
A/duck/Jiangxi/11.17_NCNP	0.3229	0.2656	0.3081	0.3369	0.179	-0.083	0.371	50.24	0.481	0.493	237	252	-0.235318	0.051587	
A/duck/Jiangxi/11.17_NCNP	0.3229	0.2656	0.3081	0.3369	0.179	-0.083	0.371	50.24	0.481	0.493	237	252	-0.235318	0.051587	
A/duck/Jiangxi/11.29_NCDZ	0.3281	0.2552	0.3081	0.3422	0.174	-0.112	0.354	49.50	0.477	0.492	237	252	-0.235318	0.051587	
A/duck/Jiangxi/11.29_NCNP	0.3229	0.2656	0.3232	0.3209	0.180	-0.090	0.367	49.60	0.468	0.489	237	252	-0.235318	0.051587	
A/duck/Jiangxi/11.29_NCNP	0.3281	0.2604	0.3081	0.3369	0.170	-0.112	0.354	49.06	0.477	0.488	237	252	-0.245238	0.051587	
A/duck/Jiangxi/34/2011|EP	0.3229	0.2656	0.3081	0.3369	0.173	-0.112	0.354	50.45	0.481	0.492	237	252	-0.245238	0.051587	
A/duck/Jiangxi/35/2011|EP	0.3229	0.2656	0.3081	0.3369	0.173	-0.112	0.354	50.45	0.481	0.492	237	252	-0.245238	0.051587	
A/duck/Jiangxi/44/2011|EP	0.2880	0.2827	0.2995	0.3564	0.188	-0.042	0.396	56.33	0.515	0.509	235	252	-0.245635	0.051587	
A/duck/Jiangxi/95/2014|EP	0.3281	0.2604	0.3131	0.3316	0.174	-0.105	0.359	49.87	0.473	0.491	237	252	-0.235318	0.051587	
A/duck/Jiangxi/120/2011|E	0.3229	0.2656	0.3284	0.3037	0.172	-0.055	0.388	58.06	0.460	0.495	237	252	-0.236905	0.047619	
A/duck/Jiangxi/130/2011|E	0.3125	0.2865	0.2778	0.3583	0.180	-0.061	0.384	56.74	0.515	0.503	237	252	-0.245238	0.051587	
A/duck/Jiangxi/13469/2014	0.3333	0.2500	0.3081	0.3422	0.177	-0.098	0.363	49.48	0.473	0.487	237	252	-0.255556	0.051587	
A/duck/Jiangxi/13475/2014	0.3333	0.2500	0.3081	0.3422	0.177	-0.098	0.363	49.48	0.473	0.487	237	252	-0.255556	0.051587	
A/duck/Jiangxi/13484/2014	0.3333	0.2500	0.3081	0.3422	0.177	-0.098	0.363	49.48	0.473	0.487	237	252	-0.255556	0.051587	
A/Duck/Jiangxi/50446/2016	0.3333	0.2552	0.3081	0.3369	0.175	-0.098	0.363	49.18	0.473	0.491	237	252	-0.235318	0.051587	
A/Duck/Jiangxi/50455/2016	0.3385	0.2552	0.3081	0.3316	0.176	-0.098	0.363	52.56	0.468	0.489	237	252	-0.235318	0.051587	
A/duck/Jiangxi/E7/2014_(H	0.3281	0.2604	0.3081	0.3369	0.173	-0.112	0.354	49.69	0.477	0.492	237	252	-0.235318	0.051587	
A/duck/Jiangxi/F31/2014(H	0.3281	0.2604	0.3081	0.3369	0.173	-0.112	0.354	49.69	0.477	0.492	237	252	-0.235318	0.051587	
A/duck/Jiangxi/NCDZT1123/	0.3281	0.2604	0.3081	0.3369	0.168	-0.123	0.346	49.45	0.477	0.492	237	252	-0.220635	0.051587	
A/duck/Jiangxi/NCDZT1126/	0.3281	0.2604	0.3081	0.3369	0.173	-0.112	0.354	49.69	0.477	0.492	237	252	-0.235318	0.051587	
A/duck/Jiangxi/S10252/202	0.2908	0.2959	0.2956	0.3316	0.170	-0.060	0.381	52.52	0.510	0.511	239	252	-0.218651	0.047619	
A/duck/Jiangxi/S40833/202	0.2995	0.2893	0.2808	0.3420	0.173	-0.051	0.385	52.54	0.515	0.515	239	252	-0.211111	0.047619	
A/duck/Jilin/04.04_SY002-	0.3229	0.2656	0.3182	0.3262	0.176	-0.098	0.363	50.23	0.473	0.489	237	252	-0.245238	0.051587	
A/duck/Jilin/JL-SIV/2013|	0.3177	0.2760	0.2879	0.3548	0.182	-0.055	0.388	55.14	0.502	0.497	237	252	-0.244048	0.051587	
A/duck/Jilin/S1261/2019(H	0.3021	0.2865	0.3266	0.3138	0.177	-0.054	0.388	50.60	0.481	0.492	237	252	-0.244445	0.051587	
A/duck/Jilin/S4171/2019(H	0.3021	0.2917	0.3182	0.3209	0.171	-0.090	0.367	51.11	0.489	0.493	237	252	-0.255556	0.051587	
A/duck/Kaohsiung/15WB3298	0.3057	0.2953	0.2850	0.3351	0.177	-0.044	0.392	56.79	0.511	0.505	237	252	-0.238492	0.051587	
A/duck/Kaohsiung/20WB0242	0.3109	0.2850	0.2750	0.3508	0.181	-0.044	0.392	56.32	0.515	0.509	237	252	-0.238492	0.051587	
A/duck/Kaohsiung/15010213	0.3005	0.2953	0.2944	0.3441	0.176	-0.090	0.367	53.72	0.511	0.499	237	252	-0.253968	0.051587	
A/duck/Liaoning/LN/2011|E	0.3212	0.2746	0.2944	0.3441	0.180	-0.076	0.376	57.01	0.494	0.495	237	252	-0.243651	0.051587	
A/duck/Nanchang/9789/2013	0.3281	0.2604	0.2980	0.3476	0.174	-0.105	0.359	50.19	0.485	0.492	237	252	-0.255556	0.051587	
A/duck/Nantou/15A3437/201	0.3057	0.2902	0.2944	0.3459	0.177	-0.092	0.367	54.53	0.506	0.496	237	252	-0.251191	0.051587	
A/duck/Nantou/17A0243/201	0.3057	0.2902	0.2893	0.3495	0.180	-0.068	0.380	54.52	0.511	0.499	237	252	-0.253968	0.051587	
A/duck/Ningxia/YG61/2017|	0.2974	0.2923	0.2822	0.3438	0.171	-0.041	0.391	56.00	0.517	0.511	238	252	-0.207937	0.043651	
A/duck/Ningxia/YG71/2017|	0.3026	0.2872	0.2822	0.3438	0.170	-0.048	0.387	55.39	0.513	0.509	238	252	-0.207937	0.043651	
A/duck/Ningxia/YG83/2017|	0.3057	0.2953	0.2800	0.3403	0.183	-0.044	0.392	55.41	0.515	0.508	237	252	-0.238492	0.051587	
A/duck/Pingtung/17A0160/2	0.3057	0.2902	0.2995	0.3387	0.175	-0.083	0.371	53.64	0.502	0.495	237	252	-0.263889	0.051587	
A/duck/Pingtung/18A00003-	0.3109	0.2850	0.2995	0.3387	0.179	-0.076	0.376	54.25	0.498	0.495	237	252	-0.253968	0.051587	
A/duck/Pingtung/18A00076-	0.3109	0.2850	0.3096	0.3280	0.175	-0.090	0.367	54.62	0.489	0.492	237	252	-0.253968	0.051587	
A/duck/Pingtung/18X00077/	0.3005	0.2953	0.2995	0.3387	0.178	-0.076	0.376	54.84	0.506	0.497	237	252	-0.253968	0.051587	
A/duck/Pingtung/15010180/	0.3057	0.2902	0.2944	0.3441	0.177	-0.090	0.367	54.31	0.506	0.497	237	252	-0.253968	0.051587	
A/duck/Pingtung/15010444/	0.3057	0.2902	0.2944	0.3441	0.177	-0.090	0.367	54.31	0.506	0.497	237	252	-0.253968	0.051587	
A/duck/Shandong/009/2008|	0.3229	0.2656	0.3284	0.3037	0.175	-0.062	0.384	59.22	0.460	0.493	237	252	-0.246825	0.047619	
A/duck/Shandong/11.14_DL-	0.3212	0.2694	0.2944	0.3495	0.178	-0.083	0.371	56.04	0.494	0.495	237	252	-0.243651	0.051587	
A/duck/Shandong/11.14_RD/	0.3212	0.2694	0.2944	0.3495	0.178	-0.083	0.371	56.04	0.494	0.495	237	252	-0.243651	0.051587	
A/duck/Shandong/Q1/2013|E	0.3161	0.2850	0.2640	0.3710	0.182	-0.032	0.401	57.39	0.523	0.504	237	252	-0.243651	0.051587	
A/duck/Shandong/SD0261/20	0.2959	0.2959	0.2906	0.3316	0.168	-0.060	0.381	53.02	0.510	0.511	239	252	-0.218651	0.047619	
A/duck/Shandong/SD0263/20	0.2959	0.2959	0.2906	0.3316	0.168	-0.060	0.381	53.02	0.510	0.511	239	252	-0.218651	0.047619	
A/Duck/Shandong/Y01/2009|	0.3229	0.2760	0.2828	0.3529	0.173	-0.083	0.371	55.87	0.502	0.499	237	252	-0.245238	0.051587	
A/Duck/Shandong/Y02/2009|	0.3229	0.2760	0.2828	0.3529	0.177	-0.076	0.376	55.30	0.502	0.499	237	252	-0.245238	0.051587	
A/duck/Sichuan/04.27_NBXJ	0.3229	0.2552	0.3131	0.3422	0.178	-0.105	0.359	49.30	0.477	0.489	237	252	-0.236905	0.051587	
A/duck/Sichuan/04.27_NBXJ	0.3229	0.2552	0.3131	0.3422	0.178	-0.105	0.359	49.30	0.477	0.489	237	252	-0.236905	0.051587	
A/duck/Sichuan/04.27_NBXJ	0.3281	0.2552	0.3081	0.3422	0.175	-0.105	0.359	49.36	0.477	0.488	237	252	-0.255556	0.051587	
A/duck/Sichuan/04.27_NBXJ	0.3281	0.2552	0.3081	0.3422	0.176	-0.105	0.359	49.26	0.477	0.489	237	252	-0.245635	0.051587	
A/duck/Sichuan/04.27_NBXJ	0.3281	0.2552	0.3081	0.3422	0.175	-0.105	0.359	49.36	0.477	0.488	237	252	-0.255556	0.051587	
A/duck/Sichuan/04.27_NCXJ	0.3281	0.2552	0.3081	0.3422	0.175	-0.105	0.359	49.36	0.477	0.488	237	252	-0.255556	0.051587	
A/duck/Sichuan/NCXJ15/201	0.3281	0.2552	0.3081	0.3422	0.175	-0.105	0.359	49.36	0.477	0.488	237	252	-0.255556	0.051587	
A/duck/Sichuan/NCXJ24/201	0.3281	0.2552	0.3081	0.3422	0.176	-0.105	0.359	49.26	0.477	0.489	237	252	-0.245635	0.051587	
A/duck/Sichuan/NCXN10/201	0.3385	0.2500	0.3081	0.3369	0.171	-0.119	0.350	50.86	0.468	0.489	237	252	-0.235318	0.051587	
A/duck/Sichuan/NCXN11/201	0.3385	0.2500	0.3081	0.3387	0.170	-0.121	0.350	51.13	0.468	0.488	237	252	-0.232540	0.051587	
A/duck/Sichuan/S1805/2021	0.2908	0.2959	0.3005	0.3264	0.171	-0.053	0.385	52.52	0.506	0.509	239	252	-0.218651	0.047619	
A/duck/Sichuan/SC4822/202	0.2908	0.2959	0.2956	0.3316	0.170	-0.060	0.381	52.52	0.510	0.511	239	252	-0.218651	0.047619	
A/duck/Sichuan/SC5698/202	0.2944	0.2944	0.3020	0.3229	0.167	-0.074	0.372	52.55	0.502	0.508	239	252	-0.217460	0.047619	
A/duck/Sichuan/SD002/2021	0.2908	0.2959	0.2956	0.3316	0.170	-0.060	0.381	52.52	0.510	0.511	239	252	-0.218651	0.047619	
A/duck/Taichung/15010400-	0.3109	0.2850	0.2944	0.3441	0.177	-0.090	0.367	54.24	0.502	0.496	237	252	-0.253968	0.051587	
A/duck/Tainan/16WB3443-15	0.3109	0.3005	0.2700	0.3403	0.189	-0.015	0.409	55.14	0.519	0.509	237	252	-0.238492	0.051587	
A/duck/Tainan/15010403/20	0.3057	0.2902	0.2944	0.3441	0.177	-0.090	0.367	54.31	0.506	0.497	237	252	-0.253968	0.051587	
A/duck/Tainan/16010024-1/	0.3057	0.2850	0.2995	0.3441	0.179	-0.090	0.367	54.46	0.502	0.495	237	252	-0.253968	0.051587	
A/duck/Taipei/05WB830-1-5	0.2953	0.3057	0.2600	0.3613	0.170	-0.051	0.388	56.62	0.540	0.516	237	252	-0.238492	0.051587	
A/duck/Taipei/18WB0120-1-	0.2953	0.2902	0.3000	0.3351	0.188	-0.073	0.376	55.86	0.506	0.507	237	252	-0.238492	0.051587	
A/duck/Taipei/19WB0235-14	0.2953	0.3057	0.2850	0.3351	0.182	-0.044	0.392	55.94	0.519	0.509	237	252	-0.238492	0.051587	
A/duck/Taiwan/01006/2015|	0.3057	0.2902	0.2944	0.3441	0.177	-0.090	0.367	54.31	0.506	0.497	237	252	-0.253968	0.051587	
A/duck/Taiwan/11213/2013|	0.3005	0.2539	0.3300	0.3403	0.154	-0.142	0.336	58.06	0.479	0.497	238	252	-0.247619	0.051587	
A/duck/Taiwan/11254/2013|	0.3057	0.2539	0.3250	0.3403	0.155	-0.142	0.336	59.22	0.479	0.497	238	252	-0.247619	0.051587	
A/duck/Taiwan/a043/2015|E	0.3057	0.2902	0.2944	0.3441	0.178	-0.090	0.367	54.52	0.506	0.496	237	252	-0.253968	0.051587	
A/duck/Taiwan/a068/2015|E	0.3057	0.2902	0.2944	0.3441	0.177	-0.090	0.367	54.31	0.506	0.497	237	252	-0.253968	0.051587	
A/duck/Taiwan/A3400/2015|	0.3057	0.2902	0.2944	0.3441	0.177	-0.090	0.367	54.31	0.506	0.497	237	252	-0.253968	0.051587	
A/duck/Taiwan/DV1238/2009	0.2953	0.3057	0.3000	0.3194	0.178	-0.037	0.397	55.35	0.506	0.505	237	252	-0.238492	0.051587	
A/duck/Taiwan/DV1241/2009	0.2953	0.3057	0.3000	0.3194	0.178	-0.037	0.397	55.35	0.506	0.505	237	252	-0.238492	0.051587	
A/duck/Taiwan/DV1242/2009	0.2953	0.3057	0.3000	0.3194	0.178	-0.037	0.397	55.35	0.506	0.505	237	252	-0.238492	0.051587	
A/duck/Taoyuan/16010023-1	0.3109	0.2798	0.3046	0.3387	0.172	-0.112	0.354	54.67	0.494	0.492	237	252	-0.253968	0.051587	
A/duck/Wuxi/7249/2015|EPI	0.3385	0.2552	0.3182	0.3209	0.175	-0.098	0.363	51.63	0.460	0.487	237	252	-0.235318	0.051587	
A/duck/Xinjiang/12.18_WLM	0.2959	0.2908	0.2956	0.3316	0.175	-0.038	0.393	53.04	0.506	0.509	239	252	-0.218651	0.047619	
A/duck/Xinjiang/S1066/201	0.3229	0.2656	0.3232	0.3209	0.175	-0.098	0.363	50.08	0.468	0.487	237	252	-0.245238	0.051587	
A/duck/Xinjiang/S1126/201	0.3229	0.2656	0.3232	0.3209	0.175	-0.098	0.363	50.08	0.468	0.487	237	252	-0.245238	0.051587	
A/duck/Yilan/17A0092/2017	0.3109	0.2850	0.2944	0.3441	0.178	-0.083	0.371	53.85	0.502	0.497	237	252	-0.253968	0.051587	
A/duck/Yunlin/15A5019/201	0.3057	0.2902	0.2944	0.3441	0.177	-0.090	0.367	54.31	0.506	0.497	237	252	-0.253968	0.051587	
A/duck/Yunlin/17A0086/201	0.3109	0.2850	0.2944	0.3441	0.177	-0.083	0.371	53.80	0.502	0.496	237	252	-0.253968	0.051587	
A/duck/Yunlin/17A0686/201	0.3057	0.2902	0.2944	0.3441	0.180	-0.068	0.380	54.01	0.506	0.497	237	252	-0.253968	0.051587	
A/duck/Yunlin/18X00007-3/	0.3057	0.2850	0.3046	0.3387	0.175	-0.083	0.371	52.83	0.498	0.495	237	252	-0.253968	0.051587	
A/duck/Yunlin/15010244-1/	0.3109	0.2850	0.2944	0.3441	0.177	-0.090	0.367	54.24	0.502	0.496	237	252	-0.253968	0.051587	
A/duck/Yunlin/15010277/20	0.3057	0.2902	0.2893	0.3495	0.177	-0.090	0.367	55.00	0.511	0.499	237	252	-0.253968	0.051587	
A/duck/Yunlin/15010310-4/	0.3109	0.2850	0.2944	0.3441	0.177	-0.090	0.367	54.24	0.502	0.496	237	252	-0.253968	0.051587	
A/duck/Yunlin/15010318-2/	0.3057	0.2902	0.2944	0.3441	0.177	-0.090	0.367	54.31	0.506	0.497	237	252	-0.253968	0.051587	
A/duck/Yunlin/15010369-1/	0.3109	0.2850	0.2944	0.3441	0.177	-0.090	0.367	54.24	0.502	0.496	237	252	-0.253968	0.051587	
A/duck/Yunlin/15010458-1/	0.3057	0.2902	0.2893	0.3495	0.177	-0.090	0.367	55.00	0.511	0.499	237	252	-0.253968	0.051587	
A/duck/Yunlin/15070002-2/	0.3057	0.2902	0.2944	0.3441	0.177	-0.090	0.367	54.31	0.506	0.497	237	252	-0.253968	0.051587	
A/duck/Yunlin/17110001/20	0.3109	0.2850	0.2944	0.3441	0.176	-0.090	0.367	54.42	0.502	0.495	237	252	-0.253968	0.051587	
A/duck/Yunlin/18060007-3/	0.3109	0.2850	0.2944	0.3441	0.174	-0.090	0.367	53.92	0.502	0.495	237	252	-0.264286	0.051587	
A/duck/Yunnan/03.15_DQWGH	0.3281	0.2604	0.3131	0.3316	0.174	-0.105	0.359	49.87	0.473	0.491	237	252	-0.235318	0.051587	
A/duck/Yunnan/03.16_DQXYL	0.3229	0.2604	0.3182	0.3316	0.175	-0.105	0.359	50.05	0.473	0.491	237	252	-0.226587	0.051587	
A/duck/Yunnan/03.16_DQXYL	0.3177	0.2708	0.3166	0.3228	0.170	-0.122	0.350	58.10	0.477	0.497	237	252	-0.233730	0.047619	
A/duck/Yunnan/03.16_DQXYL	0.3281	0.2604	0.3131	0.3316	0.174	-0.105	0.359	49.87	0.473	0.491	237	252	-0.235318	0.051587	
A/duck/Yunnan/03.16_DQXYL	0.3281	0.2604	0.3131	0.3316	0.174	-0.105	0.359	49.87	0.473	0.491	237	252	-0.235318	0.051587	
A/duck/Yunnan/07.15_DQNPH	0.3281	0.2604	0.3030	0.3422	0.177	-0.090	0.367	51.07	0.481	0.492	237	252	-0.235318	0.051587	
A/duck/Yunnan/07.15_DQNPH	0.3281	0.2604	0.3030	0.3422	0.177	-0.090	0.367	51.07	0.481	0.492	237	252	-0.235318	0.051587	
A/duck/Yunnan/07.15_DQNPH	0.3281	0.2604	0.3030	0.3422	0.177	-0.090	0.367	51.07	0.481	0.492	237	252	-0.235318	0.051587	
A/duck/Yunnan/07.15_DQNPH	0.3281	0.2604	0.3030	0.3422	0.177	-0.090	0.367	51.07	0.481	0.492	237	252	-0.235318	0.051587	
A/duck/Yunnan/S4318/2021(	0.2908	0.2959	0.3005	0.3264	0.171	-0.053	0.385	52.52	0.506	0.509	239	252	-0.218651	0.047619	
A/Duck/Yunnan/YN-2/2016_(	0.3247	0.2474	0.3265	0.3351	0.169	-0.106	0.359	50.72	0.464	0.489	237	252	-0.280952	0.059524	
A/Duck/Yunnan/YN-4/2015__	0.3073	0.2708	0.3216	0.3263	0.169	-0.106	0.359	58.23	0.481	0.499	237	252	-0.246429	0.047619	
A/Duck/Yunnan/YN-9/2016__	0.3281	0.2604	0.3131	0.3316	0.178	-0.090	0.367	50.13	0.473	0.491	237	252	-0.235318	0.051587	
A/Duck/Zhanjiang/15577/20	0.3229	0.2656	0.3081	0.3369	0.175	-0.105	0.359	49.87	0.481	0.493	237	252	-0.235318	0.051587	
A/duck/Zhejiang/02.28_JHZ	0.3316	0.2539	0.3081	0.3369	0.171	-0.103	0.359	50.02	0.473	0.492	237	252	-0.237699	0.051587	
A/duck/Zhejiang/6D18/2013	0.3212	0.2694	0.2995	0.3441	0.174	-0.090	0.367	56.04	0.489	0.493	237	252	-0.243651	0.051587	
A/duck/Zhejiang/77138/201	0.3368	0.2487	0.3147	0.3333	0.176	-0.105	0.359	48.80	0.464	0.485	237	252	-0.245635	0.051587	
A/duck/Zhejiang/727041/20	0.3333	0.2552	0.3030	0.3422	0.173	-0.119	0.350	50.75	0.477	0.493	237	252	-0.235318	0.051587	
A/duck/Zhejiang/727158/20	0.3438	0.2448	0.3182	0.3262	0.173	-0.105	0.359	50.07	0.456	0.485	237	252	-0.235318	0.051587	
A/duck/Zhejiang/925019/20	0.3161	0.2746	0.2944	0.3495	0.180	-0.076	0.376	56.08	0.498	0.496	237	252	-0.243651	0.051587	
A/duck/Zhejiang/925169/20	0.3161	0.2746	0.2944	0.3495	0.180	-0.076	0.376	56.08	0.498	0.496	237	252	-0.243651	0.051587	
A/duck/Zhejiang/1026109/2	0.3109	0.2798	0.2908	0.3587	0.180	-0.086	0.371	55.37	0.506	0.495	237	252	-0.246032	0.051587	
A/duck/Zhejiang/1220092/2	0.3125	0.2708	0.3166	0.3263	0.173	-0.099	0.363	58.01	0.481	0.500	237	252	-0.246429	0.047619	
A/duck/Zhejiang/S4091/201	0.3177	0.2708	0.3030	0.3422	0.177	-0.090	0.367	50.79	0.489	0.495	237	252	-0.245238	0.051587	
A/duck/Zhejiang/S4854/202	0.3010	0.2857	0.2956	0.3316	0.169	-0.067	0.377	52.59	0.502	0.508	239	252	-0.218651	0.047619	
A/duck/Zhejiang/W24/2013|	0.3212	0.2694	0.2944	0.3495	0.178	-0.083	0.371	56.04	0.494	0.495	237	252	-0.243651	0.051587	
A/egret/Jiangsu/SD021/202	0.2908	0.2959	0.3005	0.3264	0.170	-0.060	0.381	52.41	0.506	0.509	239	252	-0.218651	0.047619	
A/Egret/Shangdong/JN529/2	0.2908	0.2908	0.2956	0.3368	0.170	-0.060	0.381	53.40	0.510	0.509	239	252	-0.218651	0.047619	
A/environment/Hunan/HN261	0.3281	0.2604	0.3081	0.3369	0.173	-0.105	0.359	50.41	0.477	0.492	237	252	-0.235318	0.051587	
A/Environment/Shandong/WS	0.2908	0.2908	0.2956	0.3368	0.170	-0.060	0.381	53.40	0.510	0.509	239	252	-0.218651	0.047619	
A/Environment/Shandong/WS	0.2908	0.2908	0.2956	0.3368	0.170	-0.060	0.381	53.40	0.510	0.509	239	252	-0.218651	0.047619	
A/Environment/Shandong/WS	0.2908	0.2908	0.2956	0.3368	0.170	-0.060	0.381	53.40	0.510	0.509	239	252	-0.218651	0.047619	
A/equine/China/61/2010|EP	0.3212	0.2798	0.2792	0.3548	0.178	-0.076	0.376	54.22	0.506	0.500	237	252	-0.244048	0.051587	
A/equine/China/67/2010|EP	0.3161	0.2798	0.2828	0.3529	0.178	-0.068	0.380	55.30	0.506	0.501	237	252	-0.234127	0.051587	
A/equine/China/68/2010|EP	0.3177	0.2760	0.2828	0.3583	0.177	-0.076	0.376	54.68	0.506	0.500	237	252	-0.245238	0.051587	
A/eurasian_eagle-owl/Hena	0.2908	0.2959	0.2956	0.3316	0.170	-0.060	0.381	52.52	0.510	0.511	239	252	-0.218651	0.047619	
A/Eurasian_Teal/Hong_Kong	0.3061	0.2857	0.3005	0.3212	0.166	-0.060	0.381	53.02	0.494	0.504	239	252	-0.218651	0.047619	
A/Eurasian_Teal/Hong_Kong	0.3010	0.2908	0.3054	0.3161	0.165	-0.060	0.381	52.87	0.494	0.504	239	252	-0.218651	0.047619	
A/Eurasian_Wigeon/Hong_Ko	0.3010	0.2908	0.3054	0.3161	0.165	-0.060	0.381	52.87	0.494	0.504	239	252	-0.218651	0.047619	
A/Eurasian_Wigeon/Hong_Ko	0.3010	0.2908	0.3054	0.3161	0.165	-0.060	0.381	52.87	0.494	0.504	239	252	-0.218651	0.047619	
A/Falcated_Duck/Ningxia/4	0.3385	0.2552	0.3081	0.3316	0.172	-0.112	0.354	49.05	0.468	0.489	237	252	-0.235318	0.051587	
A/Falco_peregrinus/Beijin	0.2959	0.2959	0.2808	0.3420	0.165	-0.067	0.377	53.53	0.519	0.512	239	252	-0.218651	0.047619	
A/feline/Guangdong/2/2014	0.3281	0.2604	0.3081	0.3369	0.174	-0.105	0.359	50.41	0.477	0.491	237	252	-0.245238	0.051587	
A/Fujian/1/2005|EPI_ISL_2	0.3333	0.2604	0.2980	0.3422	0.176	-0.083	0.371	53.05	0.481	0.492	237	252	-0.245238	0.051587	
A/Fujian/1/2007|EPI_ISL_7	0.3073	0.2865	0.2879	0.3529	0.182	-0.061	0.384	54.83	0.511	0.501	237	252	-0.245238	0.051587	
A/Fujian/1/2024(H5N6)|EPI	0.2857	0.3010	0.3005	0.3264	0.168	-0.067	0.377	52.35	0.510	0.511	239	252	-0.218651	0.047619	
A/Fujian/2/2024(H5N6)|EPI	0.2857	0.3010	0.3005	0.3264	0.168	-0.067	0.377	52.35	0.510	0.511	239	252	-0.218651	0.047619	
A/Fujian-Sanyuan/21099/20	0.3490	0.2708	0.3000	0.3069	0.179	-0.103	0.359	55.66	0.464	0.487	237	252	-0.214683	0.051587	
A/Fujian-Sanyuan/21099/20	0.2857	0.3010	0.2956	0.3333	0.172	-0.039	0.393	53.20	0.515	0.509	239	252	-0.227381	0.047619	
A/Gadwall/Ningxia/472-7/2	0.3385	0.2552	0.3081	0.3316	0.172	-0.112	0.354	49.05	0.468	0.489	237	252	-0.235318	0.051587	
A/Gallinago_Stenura/Hong_	0.3010	0.2908	0.3054	0.3161	0.165	-0.060	0.381	52.87	0.494	0.504	239	252	-0.218651	0.047619	
A/Gallinula_chloropus/Gua	0.3212	0.2642	0.3081	0.3369	0.169	-0.103	0.359	49.62	0.481	0.495	237	252	-0.228968	0.051587	
A/Goose/_Guangdong_/JG125	0.3333	0.2604	0.3131	0.3262	0.174	-0.105	0.359	49.63	0.468	0.489	237	252	-0.235318	0.051587	
A/Goose/_Guangdong_/SSLBY	0.3281	0.2604	0.3131	0.3316	0.174	-0.105	0.359	49.87	0.473	0.491	237	252	-0.235318	0.051587	
A/Goose/_Guangdong_/SSZYP	0.3281	0.2604	0.3081	0.3369	0.173	-0.112	0.354	50.95	0.477	0.492	237	252	-0.235318	0.051587	
A/goose/Anhui/AH350/2015|	0.3333	0.2552	0.3131	0.3316	0.173	-0.112	0.354	50.24	0.468	0.489	237	252	-0.235318	0.051587	
A/goose/Changhua/15040008	0.3109	0.2850	0.2944	0.3441	0.177	-0.090	0.367	54.24	0.502	0.496	237	252	-0.253968	0.051587	
A/goose/Chiayi/15010008-3	0.3005	0.2953	0.2944	0.3441	0.177	-0.090	0.367	54.11	0.511	0.499	237	252	-0.253968	0.051587	
A/goose/Chiayi/15010016-1	0.3057	0.2902	0.2944	0.3441	0.177	-0.090	0.367	54.31	0.506	0.497	237	252	-0.253968	0.051587	
A/goose/Chiayi/15020022/2	0.3057	0.2902	0.2893	0.3495	0.176	-0.098	0.363	55.15	0.511	0.499	237	252	-0.253968	0.051587	
A/goose/Chiayi/16010017-2	0.3057	0.2850	0.2995	0.3441	0.178	-0.090	0.367	54.14	0.502	0.493	237	252	-0.264286	0.051587	
A/goose/Chiayi/16040003-1	0.3057	0.2902	0.2944	0.3441	0.177	-0.090	0.367	54.31	0.506	0.497	237	252	-0.253968	0.051587	
A/goose/Chiayi/16040005/2	0.3057	0.2902	0.2944	0.3441	0.177	-0.090	0.367	54.31	0.506	0.497	237	252	-0.253968	0.051587	
A/goose/Chiayi/17020027-1	0.3057	0.2850	0.2944	0.3495	0.175	-0.083	0.371	54.62	0.506	0.496	237	252	-0.253968	0.051587	
A/goose/Chiayi/17040014/2	0.3005	0.2953	0.2944	0.3441	0.180	-0.083	0.371	54.39	0.511	0.499	237	252	-0.253968	0.051587	
A/goose/Chiayi/18010006/2	0.3109	0.2850	0.2995	0.3387	0.175	-0.090	0.367	54.16	0.498	0.495	237	252	-0.253968	0.051587	
A/goose/Chiayi/18020014-2	0.3161	0.2798	0.2944	0.3441	0.178	-0.083	0.371	54.16	0.498	0.495	237	252	-0.253968	0.051587	
A/goose/China/1/2021|EPI_	0.2908	0.2959	0.2941	0.3299	0.170	-0.060	0.381	51.84	0.510	0.512	239	252	-0.198016	0.047619	
A/goose/China/0701/2018|E	0.3316	0.2539	0.3249	0.3226	0.169	-0.112	0.354	48.24	0.460	0.485	237	252	-0.244048	0.051587	
A/goose/China/1106/2016|E	0.3161	0.2850	0.2843	0.3514	0.175	-0.092	0.367	56.35	0.506	0.496	237	252	-0.251191	0.051587	
A/goose/China/E43/2012|EP	0.3229	0.2656	0.3116	0.3298	0.175	-0.105	0.359	50.67	0.477	0.492	237	252	-0.234524	0.051587	
A/goose/Chongqing/SD003/2	0.2959	0.2959	0.2956	0.3264	0.170	-0.060	0.381	52.29	0.506	0.509	239	252	-0.218651	0.047619	
A/goose/Eastern_China/CZ/	0.3212	0.2746	0.2995	0.3387	0.179	-0.076	0.376	55.80	0.489	0.493	237	252	-0.243651	0.051587	
A/goose/Eastern_China/L12	0.3161	0.2850	0.2741	0.3602	0.184	-0.032	0.401	57.44	0.515	0.501	237	252	-0.243651	0.051587	
A/goose/Eastern_China/L12	0.3161	0.2850	0.2741	0.3602	0.184	-0.032	0.401	57.44	0.515	0.501	237	252	-0.243651	0.051587	
A/goose/Eastern_China/S04	0.3212	0.2694	0.3046	0.3387	0.175	-0.083	0.371	56.17	0.485	0.492	237	252	-0.243651	0.051587	
A/goose/Eastern_China/S05	0.3281	0.2552	0.3182	0.3316	0.169	-0.112	0.354	50.37	0.468	0.489	237	252	-0.235318	0.051587	
A/goose/Fujian/3.15_FZHX0	0.3438	0.2396	0.3232	0.3262	0.169	-0.119	0.350	48.21	0.451	0.483	237	252	-0.245238	0.051587	
A/goose/Fujian/3.15_FZHX0	0.3438	0.2396	0.3232	0.3262	0.167	-0.119	0.350	48.88	0.451	0.483	237	252	-0.245238	0.051587	
A/goose/Fujian/3.15_FZHX0	0.3385	0.2448	0.3182	0.3316	0.167	-0.119	0.350	48.41	0.460	0.485	237	252	-0.245238	0.051587	
A/goose/Fujian/3.15_FZHX0	0.3385	0.2448	0.3232	0.3262	0.170	-0.105	0.359	47.94	0.456	0.484	237	252	-0.245238	0.051587	
A/goose/Fujian/3.15_FZHX0	0.3333	0.2500	0.3166	0.3298	0.170	-0.112	0.354	48.35	0.464	0.488	237	252	-0.234524	0.051587	
A/goose/Fujian/10.11_FZHX	0.3229	0.2708	0.3081	0.3316	0.175	-0.090	0.367	50.54	0.481	0.492	237	252	-0.245238	0.051587	
A/goose/Fujian/10.26_FZHX	0.3333	0.2604	0.2929	0.3476	0.184	-0.083	0.371	49.74	0.485	0.495	237	252	-0.235318	0.051587	
A/goose/Fujian/10.26_FZHX	0.3333	0.2604	0.2929	0.3476	0.184	-0.083	0.371	49.74	0.485	0.495	237	252	-0.235318	0.051587	
A/goose/Fujian/10.26_FZHX	0.3333	0.2604	0.2929	0.3476	0.184	-0.083	0.371	49.74	0.485	0.495	237	252	-0.235318	0.051587	
A/goose/Fujian/10.26_FZHX	0.3333	0.2604	0.2929	0.3476	0.184	-0.083	0.371	49.74	0.485	0.495	237	252	-0.235318	0.051587	
A/goose/Fujian/10.26_FZHX	0.3333	0.2604	0.2929	0.3476	0.184	-0.083	0.371	49.74	0.485	0.495	237	252	-0.235318	0.051587	
A/goose/Fujian/10.26_FZHX	0.3333	0.2604	0.2929	0.3476	0.184	-0.083	0.371	49.74	0.485	0.495	237	252	-0.235318	0.051587	
A/goose/Fujian/10.26_FZHX	0.3333	0.2604	0.2929	0.3476	0.184	-0.083	0.371	49.74	0.485	0.495	237	252	-0.235318	0.051587	
A/goose/Fujian/10.26_FZHX	0.3333	0.2604	0.2929	0.3476	0.184	-0.083	0.371	49.74	0.485	0.495	237	252	-0.235318	0.051587	
A/goose/Fujian/10.26_FZHX	0.3333	0.2604	0.2929	0.3476	0.184	-0.083	0.371	49.74	0.485	0.495	237	252	-0.235318	0.051587	
A/goose/Fujian/11.3_FZHX1	0.3229	0.2708	0.3081	0.3316	0.175	-0.090	0.367	50.54	0.481	0.492	237	252	-0.245238	0.051587	
A/goose/Guangdong/03.27_D	0.3385	0.2552	0.3131	0.3262	0.175	-0.105	0.359	51.25	0.464	0.488	237	252	-0.235318	0.051587	
A/goose/Guangdong/04.22_D	0.3229	0.2656	0.3081	0.3369	0.175	-0.105	0.359	49.87	0.481	0.493	237	252	-0.235318	0.051587	
A/goose/Guangdong/04.22_D	0.3281	0.2604	0.3131	0.3316	0.175	-0.098	0.363	50.07	0.473	0.491	237	252	-0.235318	0.051587	
A/goose/Guangdong/04.22_D	0.3281	0.2604	0.3131	0.3316	0.175	-0.098	0.363	50.07	0.473	0.491	237	252	-0.235318	0.051587	
A/goose/Guangdong/04.22_D	0.3281	0.2604	0.3131	0.3316	0.175	-0.098	0.363	50.07	0.473	0.491	237	252	-0.235318	0.051587	
A/goose/Guangdong/04.23_D	0.3229	0.2656	0.3081	0.3369	0.175	-0.105	0.359	49.87	0.481	0.493	237	252	-0.235318	0.051587	
A/goose/Guangdong/04.23_D	0.3229	0.2656	0.3081	0.3369	0.175	-0.105	0.359	49.87	0.481	0.493	237	252	-0.235318	0.051587	
A/goose/Guangdong/04.23_D	0.3333	0.2500	0.3131	0.3369	0.173	-0.119	0.350	50.25	0.468	0.489	237	252	-0.235318	0.051587	
A/goose/Guangdong/04.23_D	0.3264	0.2591	0.3131	0.3298	0.167	-0.117	0.350	53.10	0.473	0.491	237	252	-0.259127	0.051587	
A/goose/Guangdong/7.20_DG	0.3333	0.2552	0.3182	0.3262	0.177	-0.090	0.367	47.97	0.464	0.488	237	252	-0.245238	0.051587	
A/goose/Guangdong/k0103/2	0.3264	0.2694	0.2879	0.3476	0.180	-0.068	0.380	57.37	0.494	0.496	237	252	-0.232937	0.051587	
A/Goose/Guangdong/PO17072	0.3385	0.2500	0.3232	0.3209	0.174	-0.098	0.363	48.00	0.456	0.484	237	252	-0.245238	0.051587	
A/goose/Guangdong/QY01/20	0.3229	0.2552	0.3131	0.3422	0.178	-0.106	0.359	49.59	0.477	0.492	237	252	-0.267857	0.051587	
A/goose/Guangdong/S230/20	0.3385	0.2448	0.3232	0.3262	0.166	-0.119	0.350	47.61	0.456	0.484	237	252	-0.245238	0.051587	
A/goose/Guangdong/S4751/2	0.2908	0.2959	0.2906	0.3368	0.169	-0.067	0.377	52.42	0.515	0.512	239	252	-0.218651	0.047619	
A/goose/Guangdong/s13124/	0.3229	0.2708	0.2778	0.3656	0.176	-0.045	0.392	57.60	0.506	0.497	237	252	-0.223016	0.051587	
A/goose/Guangdong/SH7/201	0.3333	0.2552	0.3081	0.3369	0.172	-0.112	0.354	50.26	0.473	0.491	237	252	-0.235318	0.051587	
A/goose/Guangdong/YJD/201	0.3333	0.2604	0.3232	0.3155	0.176	-0.090	0.367	49.84	0.460	0.487	237	252	-0.235318	0.051587	
A/goose/Guangxi/S20601/20	0.2908	0.2959	0.3054	0.3212	0.169	-0.067	0.377	52.11	0.502	0.508	239	252	-0.218651	0.047619	
A/goose/Guizhou/S1541/202	0.3010	0.2857	0.2857	0.3420	0.162	-0.074	0.372	52.80	0.510	0.509	239	252	-0.218651	0.047619	
A/goose/Henan/01.01_LYGL0	0.3298	0.2670	0.3015	0.3351	0.177	-0.106	0.359	49.10	0.481	0.492	237	252	-0.232143	0.051587	
A/goose/Henan/S1315/2021|	0.2908	0.2959	0.2956	0.3316	0.170	-0.060	0.381	52.52	0.510	0.511	239	252	-0.218651	0.047619	
A/goose/Hubei/113/2014|EP	0.3385	0.2500	0.3131	0.3316	0.173	-0.112	0.354	48.73	0.464	0.488	237	252	-0.235318	0.051587	
A/goose/HuBei/117/2014|EP	0.3385	0.2500	0.3182	0.3262	0.174	-0.112	0.354	49.43	0.460	0.487	237	252	-0.235318	0.051587	
A/goose/Hunan/81/2014|EPI	0.3316	0.2591	0.3096	0.3333	0.169	-0.119	0.350	50.09	0.473	0.491	237	252	-0.235318	0.051587	
A/goose/Hunan/82/2014|EPI	0.3298	0.2618	0.3147	0.3280	0.170	-0.109	0.356	50.20	0.470	0.489	236	252	-0.225000	0.051587	
A/goose/Hunan/107/2014|EP	0.3385	0.2500	0.3131	0.3316	0.173	-0.112	0.354	48.73	0.464	0.488	237	252	-0.235318	0.051587	
A/goose/Hunan/109/2014|EP	0.3385	0.2500	0.3131	0.3316	0.173	-0.112	0.354	48.73	0.464	0.488	237	252	-0.235318	0.051587	
A/goose/Hunan/110/2014|EP	0.3385	0.2500	0.3131	0.3316	0.173	-0.112	0.354	48.73	0.464	0.488	237	252	-0.235318	0.051587	
A/goose/Hunan/111/2014|EP	0.3385	0.2500	0.3131	0.3316	0.173	-0.112	0.354	48.73	0.464	0.488	237	252	-0.235318	0.051587	
A/goose/Hunan/115/2014|EP	0.3385	0.2500	0.3081	0.3369	0.175	-0.098	0.363	49.95	0.468	0.489	237	252	-0.235318	0.051587	
A/goose/Hunan/116/2014|EP	0.3385	0.2500	0.3131	0.3316	0.173	-0.112	0.354	48.73	0.464	0.488	237	252	-0.235318	0.051587	
A/goose/Hunan/155/2014|EP	0.3316	0.2591	0.3096	0.3333	0.169	-0.119	0.350	50.09	0.473	0.491	237	252	-0.235318	0.051587	
A/goose/Hunan/159/2014|EP	0.3316	0.2591	0.3096	0.3333	0.169	-0.119	0.350	50.09	0.473	0.491	237	252	-0.235318	0.051587	
A/goose/Hunan/160/2014|EP	0.3316	0.2591	0.3096	0.3333	0.169	-0.119	0.350	50.09	0.473	0.491	237	252	-0.235318	0.051587	
A/goose/Hunan/161/2014|EP	0.3316	0.2591	0.3096	0.3333	0.169	-0.119	0.350	50.09	0.473	0.491	237	252	-0.235318	0.051587	
A/goose/Hunan/HN11/2015|E	0.3177	0.2708	0.3081	0.3369	0.180	-0.098	0.363	50.24	0.485	0.495	237	252	-0.235318	0.051587	
A/goose/Hunan/HN22/2015|E	0.3281	0.2604	0.3081	0.3369	0.173	-0.105	0.359	50.41	0.477	0.492	237	252	-0.235318	0.051587	
A/goose/Hunan/HN57/2015|E	0.3281	0.2604	0.3081	0.3369	0.173	-0.105	0.359	50.41	0.477	0.492	237	252	-0.235318	0.051587	
A/goose/Hunan/HN88/2015|E	0.3385	0.2500	0.3182	0.3262	0.174	-0.112	0.354	49.43	0.460	0.487	237	252	-0.235318	0.051587	
A/goose/Hunan/HN90/2015|E	0.3385	0.2500	0.3182	0.3262	0.174	-0.112	0.354	49.43	0.460	0.487	237	252	-0.235318	0.051587	
A/goose/Hunan/HN310/2015|	0.3229	0.2656	0.3182	0.3262	0.172	-0.103	0.359	50.07	0.473	0.491	237	252	-0.248810	0.051587	
A/goose/Hunan/HN311/2015|	0.3177	0.2708	0.3182	0.3262	0.172	-0.103	0.359	50.43	0.477	0.492	237	252	-0.248810	0.051587	
A/goose/Hunan/HN314/2015|	0.3281	0.2604	0.3081	0.3369	0.173	-0.098	0.363	50.01	0.477	0.491	237	252	-0.245238	0.051587	
A/goose/Hunan/HN315/2015|	0.3281	0.2604	0.3081	0.3369	0.173	-0.098	0.363	50.01	0.477	0.491	237	252	-0.245238	0.051587	
A/goose/Hunan/HN316/2015|	0.3281	0.2604	0.3081	0.3369	0.173	-0.098	0.363	50.01	0.477	0.491	237	252	-0.245238	0.051587	
A/goose/Hunan/HN317/2015|	0.3281	0.2604	0.3081	0.3369	0.173	-0.098	0.363	50.01	0.477	0.491	237	252	-0.245238	0.051587	
A/goose/Hunan/HN318/2015|	0.3229	0.2656	0.3232	0.3209	0.172	-0.103	0.359	49.94	0.468	0.489	237	252	-0.248810	0.051587	
A/goose/Hunan/HN319/2015|	0.3281	0.2604	0.3081	0.3369	0.173	-0.098	0.363	50.01	0.477	0.491	237	252	-0.245238	0.051587	
A/goose/Hunan/S11288/2021	0.2908	0.2959	0.2956	0.3316	0.171	-0.053	0.385	53.14	0.510	0.512	239	252	-0.217063	0.047619	
A/goose/Hunan/SE284/2022(	0.2959	0.2959	0.2808	0.3420	0.164	-0.067	0.377	52.74	0.519	0.512	239	252	-0.218651	0.047619	
A/goose/Inner_Mongolia/IM	0.3005	0.3005	0.2700	0.3508	0.184	-0.030	0.401	56.06	0.527	0.512	237	252	-0.238492	0.051587	
A/goose/Jiangsu/k0403/201	0.3125	0.2865	0.2879	0.3476	0.177	-0.076	0.376	55.15	0.506	0.500	237	252	-0.245238	0.051587	
A/goose/Jiangsu/QD5/2014|	0.3212	0.2694	0.2944	0.3495	0.178	-0.083	0.371	56.04	0.494	0.495	237	252	-0.243651	0.051587	
A/goose/Jiangsu/S1385/202	0.2857	0.3010	0.3005	0.3264	0.169	-0.060	0.381	52.07	0.510	0.511	239	252	-0.218651	0.047619	
A/goose/Jiangxi/01.09_NFJ	0.3385	0.2500	0.3131	0.3316	0.173	-0.112	0.354	48.73	0.464	0.488	237	252	-0.235318	0.051587	
A/goose/Jilin/04.04_SY003	0.3438	0.2500	0.3182	0.3209	0.176	-0.098	0.363	50.14	0.456	0.485	237	252	-0.235318	0.051587	
A/goose/Jilin/S4034/2019(	0.3021	0.2865	0.3384	0.3032	0.169	-0.082	0.371	50.54	0.473	0.489	237	252	-0.256746	0.051587	
A/goose/Liaoning/S1266/20	0.2908	0.2959	0.3005	0.3281	0.167	-0.060	0.381	52.69	0.506	0.508	239	252	-0.217460	0.047619	
A/goose/Pingtung/15010007	0.3057	0.2902	0.2944	0.3441	0.177	-0.090	0.367	54.31	0.506	0.497	237	252	-0.253968	0.051587	
A/goose/Pingtung/15010037	0.3057	0.2902	0.2944	0.3441	0.177	-0.090	0.367	54.31	0.506	0.497	237	252	-0.253968	0.051587	
A/goose/Pingtung/15050014	0.3005	0.2953	0.2944	0.3441	0.177	-0.090	0.367	54.24	0.511	0.499	237	252	-0.253968	0.051587	
A/goose/Pingtung/16010061	0.3005	0.2953	0.2995	0.3387	0.177	-0.090	0.367	53.96	0.506	0.497	237	252	-0.253968	0.051587	
A/Goose/Qingyuan/16875/20	0.3281	0.2604	0.3030	0.3422	0.171	-0.112	0.354	50.96	0.481	0.493	237	252	-0.235318	0.051587	
A/goose/Shandong/01.01_JY	0.3109	0.2850	0.2995	0.3405	0.178	-0.092	0.367	55.10	0.498	0.493	237	252	-0.251191	0.051587	
A/goose/Shandong/01.07_JQ	0.3109	0.2850	0.2995	0.3405	0.178	-0.092	0.367	55.10	0.498	0.493	237	252	-0.251191	0.051587	
A/goose/Shandong/02.16_YG	0.3264	0.2591	0.3081	0.3369	0.170	-0.105	0.359	51.26	0.477	0.495	237	252	-0.248810	0.051587	
A/goose/Shandong/02.26_GD	0.3281	0.2604	0.3131	0.3316	0.174	-0.105	0.359	49.87	0.473	0.491	237	252	-0.235318	0.051587	
A/goose/Shandong/03.10_HZ	0.3177	0.2708	0.3232	0.3209	0.180	-0.083	0.371	50.37	0.473	0.489	237	252	-0.245238	0.051587	
A/goose/Shandong/03.16_JN	0.3333	0.2500	0.3081	0.3422	0.177	-0.098	0.363	49.48	0.473	0.487	237	252	-0.255556	0.051587	
A/goose/Shandong/04.22_GT	0.3109	0.2902	0.2944	0.3405	0.181	-0.084	0.371	55.31	0.502	0.495	237	252	-0.251191	0.051587	
A/goose/Shandong/05.23_AY	0.3161	0.2746	0.2944	0.3495	0.180	-0.076	0.376	56.08	0.498	0.496	237	252	-0.243651	0.051587	
A/goose/Shandong/05.23_DT	0.3161	0.2746	0.2944	0.3495	0.180	-0.076	0.376	56.08	0.498	0.496	237	252	-0.243651	0.051587	
A/goose/Shandong/06.14_HZ	0.3161	0.2746	0.2944	0.3495	0.180	-0.076	0.376	56.08	0.498	0.496	237	252	-0.243651	0.051587	
A/goose/Shandong/11.02_CQ	0.3281	0.2552	0.3081	0.3422	0.175	-0.105	0.359	50.03	0.477	0.488	237	252	-0.255556	0.051587	
A/goose/Shandong/12.05_YG	0.3264	0.2591	0.3081	0.3369	0.170	-0.105	0.359	51.26	0.477	0.495	237	252	-0.248810	0.051587	
A/goose/Shandong/12.08_YG	0.3212	0.2694	0.2980	0.3422	0.176	-0.083	0.371	57.60	0.489	0.495	237	252	-0.232540	0.051587	
A/Goose/Shandong/21153-3/	0.2908	0.2959	0.2956	0.3316	0.170	-0.060	0.381	52.52	0.510	0.511	239	252	-0.218651	0.047619	
A/goose/Shandong/GD-GS/20	0.3212	0.2746	0.2893	0.3495	0.181	-0.076	0.376	56.70	0.498	0.496	237	252	-0.243651	0.051587	
A/goose/Shandong/GS/2013(	0.3177	0.2708	0.3182	0.3262	0.171	-0.112	0.354	50.87	0.477	0.491	237	252	-0.245238	0.051587	
A/goose/Shandong/LQ01694/	0.3109	0.2902	0.2741	0.3602	0.183	-0.030	0.401	57.42	0.519	0.501	237	252	-0.234127	0.051587	
A/goose/Tainan/16040018-1	0.3057	0.2953	0.2893	0.3441	0.176	-0.090	0.367	54.25	0.511	0.499	237	252	-0.253968	0.051587	
A/goose/Tainan/16070002/2	0.3057	0.2953	0.2944	0.3387	0.175	-0.098	0.363	54.61	0.506	0.497	237	252	-0.253968	0.051587	
A/goose/Tainan/17030022-1	0.3093	0.2835	0.2944	0.3441	0.177	-0.080	0.371	53.77	0.502	0.496	237	252	-0.225000	0.051587	
A/goose/Tainan/17030024-1	0.3109	0.2850	0.2995	0.3387	0.177	-0.083	0.371	52.96	0.498	0.495	237	252	-0.253968	0.051587	
A/goose/Tainan/18010022-1	0.3109	0.2850	0.2893	0.3495	0.177	-0.083	0.371	53.80	0.506	0.497	237	252	-0.253968	0.051587	
A/goose/Tainan/18050014-1	0.3057	0.2850	0.2944	0.3495	0.179	-0.068	0.380	54.57	0.506	0.497	237	252	-0.253968	0.051587	
A/goose/Taiwan/01019/2015	0.3057	0.2902	0.2944	0.3441	0.177	-0.090	0.367	54.31	0.506	0.497	237	252	-0.253968	0.051587	
A/goose/Taiwan/01022/2015	0.3109	0.2850	0.2893	0.3495	0.177	-0.090	0.367	54.93	0.506	0.497	237	252	-0.253968	0.051587	
A/goose/Taiwan/01023/2015	0.3057	0.2902	0.2944	0.3441	0.177	-0.090	0.367	54.31	0.506	0.497	237	252	-0.253968	0.051587	
A/goose/Taiwan/01031/2015	0.3073	0.2917	0.2944	0.3441	0.179	-0.090	0.367	54.32	0.506	0.496	237	252	-0.266270	0.051587	
A/goose/Taiwan/01038/2015	0.3057	0.2902	0.2944	0.3441	0.177	-0.090	0.367	54.31	0.506	0.497	237	252	-0.253968	0.051587	
A/goose/Taiwan/01039/2015	0.3057	0.2902	0.2995	0.3387	0.178	-0.084	0.371	54.68	0.502	0.497	237	252	-0.275397	0.051587	
A/goose/Taiwan/01040/2015	0.3005	0.2953	0.2944	0.3441	0.177	-0.090	0.367	54.24	0.511	0.499	237	252	-0.253968	0.051587	
A/goose/Taiwan/a015/2015|	0.3057	0.2902	0.2944	0.3441	0.177	-0.090	0.367	54.31	0.506	0.497	237	252	-0.253968	0.051587	
A/goose/Taiwan/TNC1/2015|	0.3057	0.2902	0.2944	0.3441	0.177	-0.090	0.367	55.84	0.506	0.497	237	252	-0.253968	0.051587	
A/goose/Taiwan/TNC3/2015|	0.3057	0.2902	0.2893	0.3495	0.177	-0.090	0.367	55.00	0.511	0.499	237	252	-0.253968	0.051587	
A/goose/Taiwan/TNC4/2015|	0.3057	0.2902	0.2944	0.3441	0.177	-0.090	0.367	54.31	0.506	0.497	237	252	-0.253968	0.051587	
A/goose/Taiwan/TNC9/2015|	0.3057	0.2902	0.2893	0.3495	0.177	-0.090	0.367	55.00	0.511	0.499	237	252	-0.253968	0.051587	
A/goose/Taiwan/TNC10/2015	0.3057	0.2902	0.2944	0.3441	0.177	-0.090	0.367	55.84	0.506	0.497	237	252	-0.253968	0.051587	
A/goose/Taiwan/TNC12/2015	0.3057	0.2902	0.2944	0.3441	0.177	-0.090	0.367	55.84	0.506	0.497	237	252	-0.253968	0.051587	
A/goose/Taiwan/TNC14/2015	0.3057	0.2902	0.2944	0.3441	0.177	-0.090	0.367	55.84	0.506	0.497	237	252	-0.253968	0.051587	
A/goose/Taiwan/TNO3/2015|	0.3057	0.2902	0.2944	0.3441	0.177	-0.090	0.367	54.31	0.506	0.497	237	252	-0.253968	0.051587	
A/goose/Taiwan/TNO9/2015|	0.3057	0.2902	0.2944	0.3441	0.177	-0.090	0.367	54.31	0.506	0.497	237	252	-0.253968	0.051587	
A/goose/Taiwan/TNO15/2015	0.3057	0.2902	0.2944	0.3441	0.177	-0.090	0.367	54.31	0.506	0.497	237	252	-0.253968	0.051587	
A/goose/Taiwan/TNO17/2015	0.3057	0.2902	0.2944	0.3441	0.177	-0.090	0.367	55.84	0.506	0.497	237	252	-0.253968	0.051587	
A/goose/Taoyuan/15010041/	0.3057	0.2902	0.2893	0.3495	0.177	-0.090	0.367	55.00	0.511	0.499	237	252	-0.253968	0.051587	
A/goose/Taoyuan/18120002-	0.3057	0.2850	0.2995	0.3441	0.177	-0.083	0.371	54.19	0.502	0.496	237	252	-0.253968	0.051587	
A/goose/Xinjiang/12.18_WL	0.3438	0.2552	0.3182	0.3155	0.175	-0.083	0.371	50.35	0.456	0.485	237	252	-0.235318	0.051587	
A/goose/Xinjiang/12.18_WL	0.3438	0.2552	0.3182	0.3155	0.175	-0.083	0.371	50.35	0.456	0.485	237	252	-0.235318	0.051587	
A/goose/Xinjiang/12.18_WL	0.2959	0.2908	0.2906	0.3368	0.174	-0.038	0.393	52.20	0.510	0.511	239	252	-0.218651	0.047619	
A/goose/Xinjiang/12.18_WL	0.2959	0.2908	0.2906	0.3368	0.174	-0.038	0.393	52.20	0.510	0.511	239	252	-0.218651	0.047619	
A/goose/Xinjiang/12.18_WL	0.2959	0.2908	0.2906	0.3368	0.174	-0.038	0.393	52.20	0.510	0.511	239	252	-0.218651	0.047619	
A/goose/Xinjiang/12.18_WL	0.2959	0.2908	0.2956	0.3316	0.175	-0.038	0.393	51.62	0.506	0.509	239	252	-0.218651	0.047619	
A/goose/Yangzhou/0420/201	0.3212	0.2694	0.2995	0.3441	0.172	-0.090	0.367	57.56	0.489	0.492	237	252	-0.253968	0.051587	
A/goose/Yangzhou/YZ587/20	0.3333	0.2448	0.3232	0.3316	0.172	-0.112	0.354	48.23	0.460	0.487	237	252	-0.235318	0.051587	
A/goose/Yunlin/15010005/2	0.3057	0.2902	0.2944	0.3441	0.177	-0.090	0.367	54.31	0.506	0.497	237	252	-0.253968	0.051587	
A/goose/Yunlin/15010009-1	0.3057	0.2902	0.2944	0.3441	0.177	-0.090	0.367	54.31	0.506	0.497	237	252	-0.253968	0.051587	
A/goose/Yunlin/15010010-2	0.3057	0.2902	0.2944	0.3441	0.177	-0.090	0.367	54.31	0.506	0.497	237	252	-0.253968	0.051587	
A/goose/Yunlin/15010011-1	0.3057	0.2902	0.2944	0.3441	0.177	-0.090	0.367	54.31	0.506	0.497	237	252	-0.253968	0.051587	
A/goose/Yunlin/15040040/2	0.2953	0.3005	0.2893	0.3495	0.177	-0.083	0.371	53.51	0.519	0.501	237	252	-0.253968	0.051587	
A/goose/Yunlin/16020008-4	0.3057	0.2902	0.2944	0.3441	0.177	-0.090	0.367	54.31	0.506	0.497	237	252	-0.253968	0.051587	
A/goose/Yunlin/16020011-1	0.3057	0.2902	0.2995	0.3387	0.178	-0.090	0.367	53.37	0.502	0.496	237	252	-0.253968	0.051587	
A/goose/Yunlin/16040002-2	0.3057	0.2902	0.2944	0.3441	0.177	-0.090	0.367	54.31	0.506	0.497	237	252	-0.253968	0.051587	
A/goose/Yunlin/17100005/2	0.3109	0.2850	0.2995	0.3387	0.180	-0.068	0.380	53.61	0.498	0.495	237	252	-0.253968	0.051587	
A/goose/Yunlin/18030020-2	0.3161	0.2798	0.2944	0.3441	0.178	-0.076	0.376	54.76	0.498	0.493	237	252	-0.253968	0.051587	
A/goose/Yunlin/18030020-3	0.3161	0.2798	0.3046	0.3351	0.173	-0.084	0.371	52.70	0.489	0.489	237	252	-0.252778	0.051587	
A/goose/Yunlin/18040002-3	0.3109	0.2850	0.2893	0.3495	0.177	-0.083	0.371	53.80	0.506	0.497	237	252	-0.253968	0.051587	
A/goose/Yunlin/18040018-2	0.3109	0.2850	0.2995	0.3387	0.177	-0.076	0.376	53.82	0.498	0.495	237	252	-0.253968	0.051587	
A/goose/Yunlin/18090002-3	0.3057	0.2850	0.2893	0.3568	0.176	-0.076	0.376	53.41	0.511	0.497	237	252	-0.252778	0.051587	
A/goose/Yunlin/18090006-1	0.2990	0.2938	0.2980	0.3422	0.180	-0.069	0.378	54.81	0.508	0.499	238	252	-0.246429	0.051587	
A/goose/Yunlin/18110002-3	0.3057	0.2850	0.2995	0.3441	0.177	-0.083	0.371	54.19	0.502	0.496	237	252	-0.253968	0.051587	
A/goose/Yunnan/07.14_DQWC	0.3281	0.2604	0.3030	0.3422	0.177	-0.090	0.367	51.07	0.481	0.492	237	252	-0.235318	0.051587	
A/goose/Yunnan/07.14_DQWC	0.3281	0.2604	0.3030	0.3422	0.177	-0.090	0.367	51.07	0.481	0.492	237	252	-0.235318	0.051587	
A/goose/Zhejiang/77166/20	0.3368	0.2487	0.3147	0.3333	0.176	-0.105	0.359	48.80	0.464	0.485	237	252	-0.245635	0.051587	
A/goose/Zhejiang/77167/20	0.3368	0.2487	0.3147	0.3333	0.176	-0.105	0.359	48.80	0.464	0.485	237	252	-0.245635	0.051587	
A/goose/Zhejiang/77168/20	0.3368	0.2487	0.3147	0.3333	0.176	-0.105	0.359	48.80	0.464	0.485	237	252	-0.245635	0.051587	
A/goose/Zhejiang/112071/2	0.3229	0.2656	0.3131	0.3316	0.175	-0.103	0.359	50.35	0.477	0.489	237	252	-0.235714	0.051587	
A/goose/Zhejiang/112080/2	0.3385	0.2396	0.3182	0.3369	0.174	-0.098	0.363	49.90	0.460	0.483	237	252	-0.255556	0.051587	
A/goose/Zhejiang/727092/2	0.3438	0.2448	0.3182	0.3262	0.173	-0.105	0.359	50.07	0.456	0.485	237	252	-0.235318	0.051587	
A/goose/Zhejiang/727098/2	0.3281	0.2656	0.3131	0.3262	0.178	-0.098	0.363	52.12	0.473	0.489	237	252	-0.245238	0.051587	
A/goose/Zhejiang/727110/2	0.3438	0.2448	0.3182	0.3262	0.173	-0.105	0.359	50.07	0.456	0.485	237	252	-0.235318	0.051587	
A/goose/Zhejiang/925036/2	0.3281	0.2604	0.3081	0.3369	0.171	-0.112	0.354	49.59	0.477	0.491	237	252	-0.245635	0.051587	
A/goose/Zhejiang/925037/2	0.3161	0.2746	0.2944	0.3495	0.180	-0.076	0.376	56.08	0.498	0.496	237	252	-0.243651	0.051587	
A/goose/Zhejiang/925104/2	0.3161	0.2746	0.2944	0.3495	0.180	-0.076	0.376	56.08	0.498	0.496	237	252	-0.243651	0.051587	
A/goose/Zhejiang/925105/2	0.3333	0.2500	0.3131	0.3369	0.176	-0.090	0.367	49.78	0.468	0.485	237	252	-0.255556	0.051587	
A/goose/Zhejiang/925106/2	0.3161	0.2746	0.2944	0.3495	0.180	-0.076	0.376	56.08	0.498	0.496	237	252	-0.243651	0.051587	
A/goose/Zhejiang/925108/2	0.3333	0.2500	0.3131	0.3369	0.176	-0.090	0.367	49.78	0.468	0.485	237	252	-0.255556	0.051587	
A/goose/Zhejiang/1120132/	0.3385	0.2396	0.3131	0.3422	0.173	-0.105	0.359	49.83	0.464	0.484	237	252	-0.255556	0.051587	
A/goose/Zhejiang/S1266/20	0.2908	0.2959	0.3005	0.3264	0.168	-0.067	0.377	52.68	0.506	0.509	239	252	-0.218651	0.047619	
A/Great_black-headed_Gull	0.3177	0.2656	0.3232	0.3262	0.170	-0.112	0.354	51.87	0.473	0.489	237	252	-0.245238	0.051587	
A/Great_Black-headed_Gull	0.2938	0.2990	0.2772	0.3508	0.175	-0.023	0.403	54.58	0.525	0.512	238	252	-0.211508	0.047619	
A/Great_black-headed_Gull	0.3177	0.2656	0.3232	0.3262	0.170	-0.112	0.354	51.87	0.473	0.489	237	252	-0.245238	0.051587	
A/Great_Cormorant/Hubei/c	0.3125	0.2708	0.3166	0.3263	0.175	-0.092	0.367	58.14	0.481	0.499	237	252	-0.248016	0.047619	
A/Great_Cormorant/Hubei/c	0.3125	0.2708	0.3166	0.3263	0.173	-0.099	0.363	58.01	0.481	0.500	237	252	-0.246429	0.047619	
A/Great_Cormorant/Hubei/c	0.3125	0.2708	0.3166	0.3263	0.173	-0.099	0.363	58.01	0.481	0.500	237	252	-0.246429	0.047619	
A/Great_Cormorant/Hubei/c	0.3125	0.2708	0.3166	0.3263	0.173	-0.099	0.363	58.01	0.481	0.500	237	252	-0.246429	0.047619	
A/Great_Cormorant/Hubei/V	0.3125	0.2708	0.3166	0.3263	0.173	-0.099	0.363	58.01	0.481	0.500	237	252	-0.246429	0.047619	
A/Great_Cormorant/Hubei/V	0.3125	0.2708	0.3166	0.3263	0.173	-0.099	0.363	58.01	0.481	0.500	237	252	-0.246429	0.047619	
A/Great_Cormorant/Hubei/V	0.3125	0.2708	0.3166	0.3263	0.173	-0.099	0.363	58.01	0.481	0.500	237	252	-0.246429	0.047619	
A/Great_Cormorant/Qinghai	0.2938	0.2990	0.2723	0.3542	0.177	-0.024	0.403	53.95	0.529	0.513	238	252	-0.233730	0.047619	
A/Great_Cormorant/Qinghai	0.2938	0.2990	0.2723	0.3542	0.177	-0.024	0.403	53.95	0.529	0.513	238	252	-0.233730	0.047619	
A/Great_Cormorant/Qinghai	0.2990	0.2938	0.2736	0.3560	0.178	-0.027	0.403	53.98	0.525	0.511	238	252	-0.237698	0.051587	
A/Great_Crested_Grebe/Qin	0.3026	0.2923	0.2772	0.3438	0.180	-0.030	0.399	53.60	0.517	0.511	238	252	-0.236111	0.047619	
A/grebe/Ningxia/SD001/202	0.2893	0.2893	0.3005	0.3316	0.168	-0.066	0.377	52.29	0.506	0.509	239	252	-0.221032	0.047619	
A/grebe/Shaanxi/SD001/202	0.2923	0.2923	0.3005	0.3316	0.176	-0.054	0.385	53.08	0.506	0.507	239	252	-0.216270	0.047619	
A/grebe/Shandong/SC184/20	0.2908	0.2959	0.2956	0.3316	0.170	-0.060	0.381	52.52	0.510	0.511	239	252	-0.218651	0.047619	
A/green-winged_teal/Guang	0.2908	0.2959	0.2956	0.3316	0.170	-0.060	0.381	52.52	0.510	0.511	239	252	-0.218651	0.047619	
A/Guangdong/1/2006|EPI_IS	0.3177	0.2760	0.2929	0.3476	0.180	-0.061	0.384	56.30	0.498	0.497	237	252	-0.245238	0.051587	
A/Guangdong/1/2008|EPI_IS	0.3177	0.2760	0.2929	0.3495	0.183	-0.047	0.392	55.21	0.498	0.496	237	252	-0.244048	0.051587	
A/Guangdong/2/2006|EPI_IS	0.3229	0.2708	0.2828	0.3583	0.181	-0.061	0.384	54.32	0.502	0.499	237	252	-0.245238	0.051587	
A/Guangdong/18SF020/2018-	0.3385	0.2448	0.3182	0.3316	0.169	-0.112	0.354	48.48	0.460	0.484	237	252	-0.255159	0.051587	
A/Guangdong/12903/2021|EP	0.2908	0.2959	0.2906	0.3368	0.168	-0.067	0.377	53.43	0.515	0.512	239	252	-0.218651	0.047619	
A/Guangdong/lgf/2021|EPI_	0.2908	0.2959	0.2906	0.3368	0.169	-0.067	0.377	52.42	0.515	0.512	239	252	-0.218651	0.047619	
A/Guangxi/1/2005|EPI_ISL_	0.3177	0.2760	0.2879	0.3529	0.178	-0.068	0.380	54.80	0.502	0.499	237	252	-0.245238	0.051587	
A/Guangxi/1/2005|EPI_ISL_	0.3250	0.2313	0.3086	0.3701	0.168	-0.088	0.372	54.42	0.480	0.494	196	210	-0.349524	0.052381	
A/Guangxi/1/2008|EPI_ISL_	0.3177	0.2760	0.3116	0.3245	0.166	-0.105	0.359	53.50	0.481	0.493	237	252	-0.234524	0.051587	
A/Guangxi/32797/2018|EPI_	0.3333	0.2500	0.3333	0.3155	0.169	-0.105	0.359	48.91	0.451	0.483	237	252	-0.245238	0.051587	
A/Guangxi/55726/2016|EPI_	0.3281	0.2604	0.3131	0.3316	0.174	-0.105	0.359	49.79	0.473	0.489	237	252	-0.245238	0.051587	
A/Guangzhou/39715/2014|EP	0.3281	0.2604	0.3131	0.3316	0.174	-0.105	0.359	49.87	0.473	0.491	237	252	-0.235318	0.051587	
A/Guizhou/1/2009|EPI_ISL_	0.3073	0.2760	0.3081	0.3422	0.168	-0.076	0.376	54.53	0.494	0.496	237	252	-0.245238	0.051587	
A/GX-guilin/11151/2021|EP	0.2806	0.3061	0.3054	0.3212	0.168	-0.074	0.372	51.45	0.510	0.511	239	252	-0.218651	0.047619	
A/GX-hechi/01/2021|EPI_IS	0.3021	0.2812	0.3417	0.3032	0.191	-0.058	0.388	55.99	0.468	0.493	237	252	-0.240873	0.047619	
A/Hangzhou/01/2021|EPI_IS	0.3010	0.2857	0.2956	0.3316	0.169	-0.067	0.377	52.59	0.502	0.508	239	252	-0.218651	0.047619	
A/HeFei04171/2024|EPI_ISL	0.3010	0.2908	0.2906	0.3316	0.166	-0.067	0.377	52.08	0.506	0.509	239	252	-0.208730	0.047619	
A/heron/Kaohsiung/15WB328	0.2850	0.3057	0.2850	0.3455	0.182	-0.015	0.409	56.38	0.527	0.513	237	252	-0.238492	0.051587	
A/heron/Taiwan/17DB0001/2	0.3057	0.2902	0.2995	0.3387	0.178	-0.076	0.376	53.72	0.502	0.496	237	252	-0.253968	0.051587	
A/Herring_Gull/Hubei/CH-i	0.2938	0.2990	0.2723	0.3542	0.176	-0.024	0.403	54.75	0.529	0.513	238	252	-0.234127	0.047619	
A/hill_myna/Heilongjiang/	0.3177	0.2708	0.3232	0.3209	0.173	-0.112	0.354	51.08	0.473	0.489	237	252	-0.245238	0.051587	
A/Hong_Kong/5923/2012|EPI	0.3229	0.2656	0.3081	0.3369	0.176	-0.105	0.359	50.59	0.481	0.492	237	252	-0.245238	0.051587	
A/Hubei/29578/2016_x_PR8_	0.3490	0.2708	0.3000	0.3069	0.179	-0.103	0.359	55.66	0.464	0.487	237	252	-0.214683	0.051587	
A/Hubei/29578/2016|EPI_IS	0.3073	0.2708	0.3317	0.3175	0.172	-0.093	0.367	56.91	0.473	0.495	237	252	-0.243651	0.047619	
A/Hunan/1/2006|EPI_ISL_79	0.3177	0.2760	0.2879	0.3529	0.178	-0.068	0.380	54.80	0.502	0.499	237	252	-0.245238	0.051587	
A/Hunan/1/2008|EPI_ISL_73	0.3177	0.2760	0.2828	0.3583	0.178	-0.061	0.384	55.30	0.506	0.499	237	252	-0.255556	0.051587	
A/Hunan/2/2009|EPI_ISL_79	0.3073	0.2760	0.3096	0.3441	0.171	-0.071	0.380	54.96	0.494	0.495	237	252	-0.249206	0.055556	
A/Japanese_white-eye/Taoy	0.3177	0.2708	0.3182	0.3262	0.175	-0.105	0.359	50.72	0.477	0.491	237	252	-0.245238	0.051587	
A/Jiangsu/1/2007|EPI_ISL_	0.3177	0.2760	0.2828	0.3602	0.181	-0.062	0.384	55.00	0.506	0.499	237	252	-0.244048	0.051587	
A/Jiangsu/1/2018|EPI_ISL_	0.3368	0.2487	0.3200	0.3245	0.163	-0.117	0.349	48.12	0.458	0.485	238	252	-0.246032	0.047619	
A/Jiangsu/1/2018|EPI_ISL_	0.3368	0.2487	0.3250	0.3191	0.162	-0.124	0.345	48.49	0.454	0.484	238	252	-0.246032	0.047619	
A/Jiangsu/1/2020_(H5N6)|E	0.3385	0.2500	0.3131	0.3316	0.165	-0.127	0.346	48.16	0.464	0.488	237	252	-0.235318	0.051587	
A/Jiangsu/1/2020(H5N6)|EP	0.3385	0.2500	0.3131	0.3316	0.165	-0.127	0.346	48.16	0.464	0.488	237	252	-0.235318	0.051587	
A/Jiangsu/2/2007|EPI_ISL_	0.3177	0.2760	0.2828	0.3602	0.181	-0.062	0.384	55.00	0.506	0.499	237	252	-0.244048	0.051587	
A/Jiangsu/JSSZ01/2018|EPI	0.3385	0.2448	0.3216	0.3245	0.166	-0.117	0.350	48.04	0.456	0.487	237	252	-0.231349	0.047619	
A/Jiangxi/1/2005|EPI_ISL_	0.3177	0.2760	0.2879	0.3529	0.180	-0.061	0.384	55.44	0.502	0.499	237	252	-0.245238	0.051587	
A/Jiangxi/16791/2022|EPI_	0.2806	0.3010	0.3103	0.3212	0.168	-0.067	0.377	51.44	0.506	0.509	239	252	-0.218651	0.047619	
A/lesser_kestrel/Heilongj	0.3194	0.2827	0.2778	0.3583	0.185	-0.055	0.388	55.46	0.511	0.500	237	252	-0.241270	0.051587	
A/lion/Hubei/1-2/2016|EPI	0.3125	0.2656	0.3166	0.3316	0.174	-0.099	0.363	58.27	0.481	0.500	237	252	-0.246429	0.047619	
A/Luscinia_cyane/Jiangxi/	0.3212	0.2694	0.2944	0.3495	0.178	-0.083	0.371	56.04	0.494	0.495	237	252	-0.243651	0.051587	
A/mallard_duck/Shanghai/S	0.3212	0.2694	0.2944	0.3495	0.178	-0.077	0.376	57.38	0.494	0.496	237	252	-0.276587	0.051587	
A/mallard/Heilongjiang/HL	0.3177	0.2812	0.2778	0.3583	0.176	-0.076	0.376	56.39	0.511	0.501	237	252	-0.245238	0.051587	
A/Mallard/Jiangxi/JXH9/20	0.3281	0.2604	0.3081	0.3369	0.173	-0.112	0.354	49.69	0.477	0.492	237	252	-0.235318	0.051587	
A/Mallard/Jiangxi/JXH22/2	0.3281	0.2604	0.3081	0.3369	0.173	-0.112	0.354	49.69	0.477	0.492	237	252	-0.235318	0.051587	
A/mallard/Ningxia/175/202	0.2908	0.2959	0.2906	0.3385	0.179	-0.047	0.389	53.41	0.515	0.509	239	252	-0.225794	0.047619	
A/mallard/Ningxia/176/202	0.2908	0.2959	0.2906	0.3385	0.179	-0.047	0.389	53.41	0.515	0.509	239	252	-0.225794	0.047619	
A/mallard/Ningxia/239/202	0.2908	0.2959	0.2906	0.3385	0.179	-0.047	0.389	53.41	0.515	0.509	239	252	-0.225794	0.047619	
A/mallard/Ningxia/241/202	0.2908	0.2959	0.2906	0.3385	0.179	-0.047	0.389	53.41	0.515	0.509	239	252	-0.225794	0.047619	
A/mallard/Ningxia/247/202	0.2908	0.2959	0.2906	0.3385	0.179	-0.047	0.389	53.41	0.515	0.509	239	252	-0.225794	0.047619	
A/mallard/Ningxia/249/202	0.2908	0.2959	0.2906	0.3385	0.179	-0.047	0.389	53.41	0.515	0.509	239	252	-0.225794	0.047619	
A/mandarin_duck/Heilongji	0.2908	0.2959	0.3054	0.3212	0.168	-0.067	0.377	52.60	0.502	0.508	239	252	-0.218651	0.047619	
A/mandarin_duck/Henan/426	0.2959	0.2959	0.2759	0.3472	0.165	-0.067	0.377	53.53	0.523	0.513	239	252	-0.218651	0.047619	
A/meerkat/Shanghai/SH-1/2	0.3125	0.2760	0.3081	0.3369	0.177	-0.090	0.367	51.25	0.489	0.495	237	252	-0.245238	0.051587	
A/migratory_waterfowl/Hub	0.3333	0.2500	0.3030	0.3476	0.175	-0.105	0.359	49.64	0.477	0.488	237	252	-0.255556	0.051587	
A/migratory_waterfowl/Hub	0.3333	0.2500	0.3030	0.3476	0.175	-0.105	0.359	49.64	0.477	0.488	237	252	-0.255556	0.051587	
A/mink/China/181/2019|EPI	0.3333	0.2500	0.3232	0.3262	0.170	-0.112	0.354	48.62	0.460	0.485	237	252	-0.245238	0.051587	
A/mink/China/183/2019|EPI	0.3333	0.2500	0.3283	0.3209	0.169	-0.119	0.350	47.80	0.456	0.484	237	252	-0.245238	0.051587	
A/mink/China/191/2019|EPI	0.3281	0.2500	0.3283	0.3262	0.168	-0.119	0.350	47.93	0.460	0.485	237	252	-0.245238	0.051587	
A/mink/China/456/2018|EPI	0.3438	0.2396	0.3283	0.3209	0.173	-0.090	0.367	48.60	0.447	0.481	237	252	-0.245238	0.051587	
A/mink/China/G/2015|EPI_I	0.3316	0.2487	0.3266	0.3262	0.171	-0.121	0.349	49.88	0.458	0.484	238	252	-0.234921	0.051587	
A/mink/China/XB/2015|EPI_	0.3177	0.2604	0.3166	0.3316	0.173	-0.106	0.359	58.43	0.477	0.499	237	252	-0.246429	0.047619	
A/mink/Eastern_China/006/	0.2857	0.3010	0.2956	0.3333	0.172	-0.039	0.393	53.20	0.515	0.509	239	252	-0.227381	0.047619	
A/mink/Eastern_China/149/	0.3281	0.2604	0.3131	0.3316	0.174	-0.090	0.367	49.01	0.473	0.488	237	252	-0.245238	0.051587	
A/mink/Eastern_China/528/	0.2857	0.3010	0.2956	0.3333	0.172	-0.039	0.393	53.20	0.515	0.509	239	252	-0.227381	0.047619	
A/mink/Eastern_China/571/	0.3385	0.2448	0.3232	0.3262	0.166	-0.119	0.350	47.61	0.456	0.484	237	252	-0.245238	0.051587	
A/mink/Eastern_China/0712	0.3385	0.2513	0.3300	0.2984	0.174	-0.049	0.391	56.01	0.445	0.484	238	252	-0.269048	0.051587	
A/mink/Northern_China/110	0.2908	0.2959	0.2956	0.3316	0.174	-0.031	0.397	53.89	0.510	0.509	239	252	-0.228571	0.047619	
A/Muscovy_duck/China/FJFZ	0.3385	0.2448	0.3232	0.3262	0.166	-0.119	0.350	47.61	0.456	0.484	237	252	-0.245238	0.051587	
A/Muscovy_duck/China/H5N6	0.3385	0.2448	0.3232	0.3262	0.166	-0.119	0.350	47.61	0.456	0.484	237	252	-0.245238	0.051587	
A/muscovy/duck/Hunan/85/2	0.3229	0.2656	0.3131	0.3316	0.168	-0.119	0.350	50.60	0.477	0.492	237	252	-0.235318	0.051587	
A/muscovy/duck/Hunan/88/2	0.3177	0.2708	0.3131	0.3316	0.169	-0.112	0.354	50.10	0.481	0.493	237	252	-0.235318	0.051587	
A/muscovy/duck/Hunan/89/2	0.3229	0.2656	0.3131	0.3316	0.169	-0.112	0.354	50.17	0.477	0.492	237	252	-0.235318	0.051587	
A/muscovy/duck/Hunan/90/2	0.3177	0.2708	0.3131	0.3316	0.169	-0.112	0.354	50.10	0.481	0.493	237	252	-0.235318	0.051587	
A/muscovy/duck/Hunan/93/2	0.3177	0.2708	0.3131	0.3316	0.169	-0.112	0.354	50.10	0.481	0.493	237	252	-0.235318	0.051587	
A/muscovy/duck/Hunan/94/2	0.3281	0.2604	0.3198	0.3280	0.171	-0.115	0.354	50.38	0.468	0.488	237	252	-0.239286	0.055556	
A/muscovy/duck/Hunan/101/	0.3385	0.2500	0.3232	0.3209	0.174	-0.112	0.354	47.73	0.456	0.484	237	252	-0.245238	0.051587	
A/muscovy/duck/Hunan/102/	0.3385	0.2500	0.3232	0.3209	0.174	-0.112	0.354	47.73	0.456	0.484	237	252	-0.245238	0.051587	
A/muscovy/duck/Hunan/103/	0.3385	0.2500	0.3232	0.3209	0.174	-0.112	0.354	47.73	0.456	0.484	237	252	-0.245238	0.051587	
A/muscovy/duck/Hunan/104/	0.3385	0.2500	0.3182	0.3262	0.174	-0.112	0.354	47.93	0.460	0.485	237	252	-0.245238	0.051587	
A/muscovy/duck/Hunan/125/	0.3385	0.2500	0.3131	0.3316	0.173	-0.112	0.354	48.73	0.464	0.488	237	252	-0.235318	0.051587	
A/muscovy/duck/Hunan/147/	0.3385	0.2500	0.3182	0.3262	0.174	-0.112	0.354	49.43	0.460	0.487	237	252	-0.235318	0.051587	
A/muscovy/duck/Hunan/148/	0.3385	0.2500	0.3182	0.3262	0.174	-0.112	0.354	49.43	0.460	0.487	237	252	-0.235318	0.051587	
A/muscovy/duck/Hunan/167/	0.3385	0.2500	0.3232	0.3209	0.174	-0.112	0.354	47.73	0.456	0.484	237	252	-0.245238	0.051587	
A/muscovy/duck/Hunan/183/	0.3177	0.2656	0.3030	0.3476	0.172	-0.105	0.359	50.63	0.489	0.496	237	252	-0.235318	0.051587	
A/muscovy/duck/Hunan/216/	0.3385	0.2500	0.3232	0.3209	0.174	-0.112	0.354	47.73	0.456	0.484	237	252	-0.245238	0.051587	
A/muscovy/duck/Hunan/229/	0.3385	0.2500	0.3232	0.3209	0.174	-0.112	0.354	47.73	0.456	0.484	237	252	-0.245238	0.051587	
A/muscovy/duck/Hunan/232/	0.3281	0.2604	0.3131	0.3316	0.170	-0.112	0.354	50.35	0.473	0.491	237	252	-0.235318	0.051587	
A/muscovy/duck/Hunan/HN34	0.3229	0.2656	0.3232	0.3209	0.172	-0.103	0.359	49.94	0.468	0.489	237	252	-0.248810	0.051587	
A/muscovy/duck/Hunan/HN34	0.3229	0.2656	0.3283	0.3155	0.173	-0.096	0.363	50.07	0.464	0.488	237	252	-0.248810	0.051587	
A/muscovy/duck/Hunan/HN34	0.3229	0.2656	0.3232	0.3209	0.172	-0.103	0.359	49.94	0.468	0.489	237	252	-0.248810	0.051587	
A/muscovy/duck/Hunan/HN34	0.3229	0.2656	0.3232	0.3209	0.172	-0.103	0.359	49.94	0.468	0.489	237	252	-0.248810	0.051587	
A/muscovy/duck/Hunan/HN35	0.3229	0.2656	0.3232	0.3209	0.172	-0.103	0.359	49.94	0.468	0.489	237	252	-0.248810	0.051587	
A/muscovy/duck/Hunan/HN35	0.3229	0.2656	0.3232	0.3209	0.172	-0.103	0.359	49.94	0.468	0.489	237	252	-0.248810	0.051587	
A/muscovy/duck/Hunan/HN35	0.3229	0.2656	0.3232	0.3209	0.172	-0.103	0.359	49.94	0.468	0.489	237	252	-0.248810	0.051587	
A/muscovy/duck/Hunan/HN35	0.3229	0.2656	0.3232	0.3209	0.172	-0.103	0.359	49.94	0.468	0.489	237	252	-0.248810	0.051587	
A/muscovy/duck/Hunan/HN35	0.3229	0.2656	0.3283	0.3155	0.172	-0.110	0.354	49.65	0.464	0.488	237	252	-0.248810	0.051587	
A/muscovy/duck/Hunan/HN35	0.3229	0.2656	0.3232	0.3209	0.172	-0.103	0.359	49.94	0.468	0.489	237	252	-0.248810	0.051587	
A/muscovy/duck/Hunan/HN35	0.3229	0.2656	0.3232	0.3209	0.172	-0.103	0.359	49.94	0.468	0.489	237	252	-0.248810	0.051587	
A/muscovy/duck/Hunan/HN35	0.3229	0.2656	0.3232	0.3209	0.172	-0.103	0.359	49.94	0.468	0.489	237	252	-0.248810	0.051587	
A/muscovy/duck/Hunan/HN36	0.3229	0.2656	0.3232	0.3209	0.172	-0.103	0.359	49.94	0.468	0.489	237	252	-0.248810	0.051587	
A/muscovy/duck/Hunan/HN36	0.3229	0.2656	0.3232	0.3209	0.172	-0.103	0.359	49.94	0.468	0.489	237	252	-0.248810	0.051587	
A/muscovy/duck/Hunan/HN36	0.3229	0.2656	0.3232	0.3209	0.172	-0.103	0.359	49.94	0.468	0.489	237	252	-0.248810	0.051587	
A/muscovy/duck/Hunan/HN36	0.3281	0.2552	0.3182	0.3316	0.169	-0.112	0.354	50.37	0.468	0.489	237	252	-0.235318	0.051587	
A/muscovy/duck/Hunan/HN36	0.3229	0.2656	0.3232	0.3209	0.172	-0.103	0.359	49.94	0.468	0.489	237	252	-0.248810	0.051587	
A/mute_swan/Inner_Mongoli	0.2908	0.2959	0.2906	0.3368	0.170	-0.060	0.381	52.76	0.515	0.512	239	252	-0.218651	0.047619	
A/mute_swan/Shandong/1/20	0.2908	0.3010	0.2906	0.3316	0.168	-0.060	0.381	52.52	0.515	0.512	239	252	-0.218651	0.047619	
A/Nanjing/1/2015|EPI_ISL_	0.3125	0.2708	0.3266	0.3158	0.176	-0.084	0.371	58.57	0.473	0.496	237	252	-0.246429	0.047619	
A/Northern_Pintail/HK/MP6	0.3333	0.2604	0.3081	0.3316	0.174	-0.098	0.363	49.69	0.473	0.489	237	252	-0.245238	0.051587	
A/oriental_magpie_robin/H	0.3073	0.2812	0.3266	0.3122	0.179	-0.078	0.376	57.14	0.477	0.497	237	252	-0.243651	0.047619	
A/ostrich/Suzhou/097/2003	0.3490	0.2448	0.2929	0.3495	0.177	-0.092	0.367	53.75	0.473	0.488	237	252	-0.242460	0.051587	
A/parrot/Guangdong/258/20	0.3005	0.2850	0.3250	0.3089	0.182	-0.051	0.388	55.31	0.481	0.499	237	252	-0.238492	0.051587	
A/parrot/Guangdong/C99/20	0.3281	0.2656	0.2879	0.3529	0.177	-0.076	0.376	54.35	0.494	0.496	237	252	-0.245238	0.051587	
A/Pavo_cristatus/China/JS	0.3333	0.2604	0.2929	0.3476	0.184	-0.083	0.371	49.74	0.485	0.495	237	252	-0.235318	0.051587	
A/Pavo_cristatus/China/K1	0.3333	0.2604	0.2929	0.3476	0.184	-0.083	0.371	49.74	0.485	0.495	237	252	-0.235318	0.051587	
A/Pavo_cristatus/Jiangxi/	0.3281	0.2552	0.3131	0.3369	0.174	-0.112	0.354	49.65	0.473	0.491	237	252	-0.235318	0.051587	
A/peacock/Yunnan/1/2015|E	0.3073	0.2708	0.3166	0.3316	0.170	-0.099	0.363	58.09	0.485	0.500	237	252	-0.246429	0.047619	
A/peacock/Yunnan/3/2015|E	0.3073	0.2708	0.3216	0.3263	0.169	-0.106	0.359	58.23	0.481	0.499	237	252	-0.246429	0.047619	
A/Peregrine_Falcon/Hong_K	0.2908	0.2959	0.3054	0.3212	0.169	-0.067	0.377	52.11	0.502	0.508	239	252	-0.218651	0.047619	
A/Phalacrocorax/Hubei/01.	0.3125	0.2708	0.3166	0.3263	0.173	-0.099	0.363	58.01	0.481	0.500	237	252	-0.246429	0.047619	
A/Phalacrocorax/Hubei/01.	0.3125	0.2708	0.3166	0.3263	0.173	-0.099	0.363	58.01	0.481	0.500	237	252	-0.246429	0.047619	
A/pheasant/Hebei/B02/2021	0.2908	0.2959	0.2956	0.3316	0.168	-0.067	0.377	52.78	0.510	0.512	239	252	-0.208730	0.047619	
A/pigeon/Fujian/1.17_FZHX	0.3073	0.2865	0.3065	0.3298	0.175	-0.090	0.367	51.23	0.494	0.499	237	252	-0.224603	0.051587	
A/pigeon/Guangdong/04.15_	0.3333	0.2552	0.3182	0.3262	0.172	-0.105	0.359	50.46	0.464	0.487	237	252	-0.245635	0.051587	
A/pigeon/Guangdong/04.16_	0.3125	0.2708	0.3317	0.3122	0.178	-0.078	0.376	56.87	0.468	0.495	237	252	-0.243651	0.047619	
A/pigeon/Guangdong/04.23_	0.3333	0.2552	0.3182	0.3262	0.172	-0.105	0.359	50.46	0.464	0.487	237	252	-0.245635	0.051587	
A/pigeon/Hainan/1.14_HKPL	0.3333	0.2500	0.3182	0.3316	0.169	-0.112	0.354	48.58	0.464	0.487	237	252	-0.245238	0.051587	
A/pigeon/Hubei/RP25/2012|	0.3247	0.2680	0.3168	0.3073	0.174	-0.057	0.387	56.54	0.466	0.497	238	252	-0.261111	0.047619	
A/Pigeon/Hunan/04.14_YYXS	0.3333	0.2500	0.3030	0.3476	0.176	-0.098	0.363	50.67	0.477	0.488	237	252	-0.255556	0.051587	
A/pigeon/Jiangsu/12.22_TC	0.3229	0.2656	0.3081	0.3369	0.175	-0.105	0.359	50.26	0.481	0.492	237	252	-0.245238	0.051587	
A/Pigeon/Jiangxi/02.10__N	0.3073	0.2760	0.3367	0.3069	0.178	-0.078	0.376	57.23	0.468	0.495	237	252	-0.243651	0.047619	
A/Pigeon/Jiangxi/04.01__N	0.3073	0.2760	0.3317	0.3122	0.174	-0.093	0.367	57.11	0.473	0.495	237	252	-0.243651	0.047619	
A/pigeon/Jiangxi/S40784/2	0.2995	0.2893	0.2808	0.3420	0.173	-0.051	0.385	52.54	0.515	0.515	239	252	-0.211111	0.047619	
A/pigeon/Jilin/04.25_CCHL	0.3455	0.2513	0.3182	0.3209	0.179	-0.099	0.363	49.81	0.456	0.484	237	252	-0.232937	0.051587	
A/pigeon/Jilin/04.25_CCHL	0.3229	0.2656	0.3131	0.3316	0.176	-0.098	0.363	50.39	0.477	0.491	237	252	-0.245238	0.051587	
A/pigeon/Jilin/S4176/2019	0.3021	0.2917	0.3182	0.3209	0.171	-0.090	0.367	51.11	0.489	0.493	237	252	-0.255556	0.051587	
A/Pigeon/Shandong/WS17/20	0.2908	0.2908	0.2956	0.3368	0.170	-0.060	0.381	53.40	0.510	0.509	239	252	-0.218651	0.047619	
A/pigeon/Sichuan/04.27_NB	0.3281	0.2552	0.3081	0.3422	0.175	-0.105	0.359	49.36	0.477	0.488	237	252	-0.255556	0.051587	
A/pigeon/Sichuan/NCXN29/2	0.3333	0.2552	0.3081	0.3387	0.171	-0.113	0.354	50.52	0.473	0.489	237	252	-0.232540	0.051587	
A/pigeon/Zhejiang/112089/	0.3229	0.2656	0.3131	0.3316	0.175	-0.105	0.359	50.10	0.477	0.491	237	252	-0.245238	0.051587	
A/pigeon/Zhejiang/112090/	0.3229	0.2656	0.3182	0.3262	0.176	-0.098	0.363	50.23	0.473	0.489	237	252	-0.245238	0.051587	
A/pigeon/Zhejiang/727097/	0.3281	0.2656	0.3131	0.3262	0.178	-0.098	0.363	52.12	0.473	0.489	237	252	-0.245238	0.051587	
A/plateau_pika/Qinghai/04	0.3125	0.2708	0.3282	0.3155	0.163	-0.095	0.366	57.47	0.472	0.499	235	251	-0.369323	0.055777	
A/Quail/Guangxi/GX-2/2017	0.3144	0.2629	0.3214	0.3351	0.170	-0.106	0.359	49.76	0.477	0.493	237	252	-0.280952	0.059524	
A/quail/Jiangsu/k0104/201	0.3161	0.2798	0.2944	0.3441	0.180	-0.068	0.380	57.60	0.498	0.496	237	252	-0.243651	0.051587	
A/quail/Jiangxi/B9/2015_(	0.3212	0.2694	0.2944	0.3495	0.178	-0.083	0.371	56.04	0.494	0.495	237	252	-0.243651	0.051587	
A/quail/Nanchang/6631/201	0.3281	0.2604	0.2980	0.3476	0.174	-0.105	0.359	50.19	0.485	0.492	237	252	-0.255556	0.051587	
A/Quail/Zhanjiang/16887/2	0.3281	0.2500	0.3283	0.3262	0.172	-0.127	0.346	49.48	0.460	0.487	237	252	-0.235318	0.051587	
A/Quanzhou/2/2024|EPI_ISL	0.2857	0.3010	0.3005	0.3264	0.168	-0.067	0.377	52.35	0.510	0.511	239	252	-0.218651	0.047619	
A/Shandong/1/2009|EPI_ISL	0.3229	0.2708	0.3030	0.3387	0.184	-0.040	0.397	55.82	0.485	0.492	237	252	-0.244048	0.051587	
A/Shenzhen/1/2015|EPI_ISL	0.3125	0.2708	0.3317	0.3122	0.178	-0.078	0.376	56.87	0.468	0.495	237	252	-0.243651	0.047619	
A/Shenzhen/1/2016|EPI_ISL	0.3141	0.2723	0.3367	0.3069	0.183	-0.080	0.376	57.28	0.464	0.492	237	252	-0.241270	0.047619	
A/Shenzhen/TH001/2015_(H5	0.3125	0.2708	0.3317	0.3122	0.178	-0.078	0.376	56.87	0.468	0.495	237	252	-0.243651	0.047619	
A/Shenzhen/TH003/2016(H5N	0.3089	0.2775	0.3417	0.3016	0.178	-0.102	0.363	56.55	0.464	0.492	237	252	-0.241270	0.047619	
A/Shoveller/Ningxia/488-5	0.3385	0.2500	0.3131	0.3316	0.168	-0.119	0.350	49.55	0.464	0.488	237	252	-0.235318	0.051587	
A/Sichuan/1/2006|EPI_ISL_	0.3125	0.2812	0.2879	0.3529	0.178	-0.068	0.380	55.44	0.506	0.500	237	252	-0.245238	0.051587	
A/Sichuan/2/2006|EPI_ISL_	0.3125	0.2812	0.2879	0.3529	0.178	-0.068	0.380	55.44	0.506	0.500	237	252	-0.245238	0.051587	
A/Sichuan/26221/2014|EPI_	0.3281	0.2552	0.3081	0.3422	0.175	-0.105	0.359	49.36	0.477	0.488	237	252	-0.255556	0.051587	
A/silkie_chicken/Dongguan	0.3281	0.2604	0.3131	0.3316	0.173	-0.119	0.350	49.42	0.473	0.491	237	252	-0.235318	0.051587	
A/Spatula_querquedula/Cho	0.2959	0.2959	0.2857	0.3368	0.165	-0.074	0.372	53.34	0.515	0.511	239	252	-0.218651	0.047619	
A/Spoonbill/HK/17-18259/2	0.2872	0.3077	0.2985	0.3246	0.176	-0.044	0.391	53.37	0.513	0.507	238	252	-0.223016	0.047619	
A/spoonbill/Taiwan/DB645/	0.2923	0.3026	0.2985	0.3246	0.178	-0.037	0.395	53.49	0.508	0.505	238	252	-0.223016	0.047619	
A/spot_billed_duck/Ningxi	0.2974	0.2923	0.2822	0.3438	0.171	-0.041	0.391	56.00	0.517	0.511	238	252	-0.207937	0.043651	
A/spot-billed_duck/Ningxi	0.2974	0.2923	0.2822	0.3438	0.171	-0.041	0.391	56.00	0.517	0.511	238	252	-0.207937	0.043651	
A/Streptopelia_decaocto/J	0.3281	0.2604	0.3081	0.3369	0.173	-0.112	0.354	49.69	0.477	0.491	237	252	-0.236905	0.051587	
A/Streptopelia_decaocto/J	0.3281	0.2604	0.3081	0.3369	0.173	-0.112	0.354	49.69	0.477	0.491	237	252	-0.236905	0.051587	
A/Streptopelia_decaocto/J	0.3281	0.2604	0.3081	0.3369	0.173	-0.112	0.354	49.62	0.477	0.491	237	252	-0.245238	0.051587	
A/swan_goose/Jilin/JL01/2	0.3333	0.2500	0.3081	0.3422	0.175	-0.105	0.359	49.21	0.473	0.487	237	252	-0.255556	0.051587	
A/swan/China/ST/2016|EPI_	0.2959	0.2908	0.2857	0.3420	0.173	-0.038	0.393	52.68	0.515	0.511	239	252	-0.228571	0.047619	
A/swan/Hebei/B01/2021|EPI	0.2908	0.2959	0.2906	0.3368	0.167	-0.067	0.377	52.56	0.515	0.511	239	252	-0.228968	0.047619	
A/swan/Shandong/W3762/202	0.3010	0.2857	0.2906	0.3385	0.179	-0.047	0.389	53.53	0.506	0.507	239	252	-0.225794	0.047619	
A/swine/China/RZ/2018|EPI	0.3333	0.2500	0.3232	0.3262	0.169	-0.112	0.354	47.83	0.460	0.485	237	252	-0.245238	0.051587	
A/swine/Guangdong/1/2014|	0.3264	0.2642	0.3046	0.3387	0.173	-0.105	0.359	50.71	0.481	0.493	237	252	-0.235318	0.051587	
A/swine/Guangdong/2/2014|	0.3281	0.2604	0.3081	0.3369	0.173	-0.105	0.359	50.41	0.477	0.492	237	252	-0.235318	0.051587	
A/swine/Guangdong/G3/2015	0.3281	0.2604	0.3081	0.3369	0.173	-0.113	0.354	50.53	0.477	0.493	237	252	-0.256746	0.051587	
A/swine/Shandong/SD1/2014	0.3212	0.2694	0.3030	0.3369	0.174	-0.074	0.376	54.69	0.485	0.495	237	252	-0.247619	0.051587	
A/Syrrhaptes_paradoxus/Gu	0.3281	0.2656	0.3131	0.3262	0.169	-0.119	0.350	49.46	0.473	0.489	237	252	-0.245238	0.051587	
A/Taiwan/DV413/2006|EPI_I	0.3109	0.2694	0.2950	0.3508	0.162	-0.113	0.353	54.71	0.500	0.503	238	252	-0.247619	0.051587	
A/Taiwan/DV518/2006|EPI_I	0.3109	0.2694	0.2950	0.3508	0.162	-0.113	0.353	54.71	0.500	0.503	238	252	-0.247619	0.051587	
A/thrush/Taiwan/15120021/	0.2953	0.3005	0.2893	0.3495	0.179	-0.090	0.367	54.04	0.519	0.501	237	252	-0.253968	0.051587	
A/tiger/Yunnan/tig1404/20	0.3333	0.2552	0.3182	0.3280	0.169	-0.111	0.354	51.06	0.464	0.485	237	252	-0.224603	0.051587	
A/tiger/Yunnan/tig1412/20	0.3385	0.2500	0.3131	0.3316	0.169	-0.119	0.350	48.99	0.464	0.485	237	252	-0.245238	0.051587	
A/tiger/Yunnan/tig1508/20	0.3281	0.2604	0.3116	0.3263	0.173	-0.113	0.354	56.86	0.473	0.497	237	252	-0.246429	0.047619	
A/tundra_swan/Fujian/SD12	0.3010	0.2908	0.3005	0.3212	0.166	-0.053	0.385	52.72	0.498	0.505	239	252	-0.218651	0.047619	
A/tundra_swan/Hubei/BQ3/2	0.2908	0.2959	0.2906	0.3368	0.170	-0.060	0.381	52.76	0.515	0.512	239	252	-0.218651	0.047619	
A/tundra_swan/Hubei/BQ4/2	0.2908	0.2959	0.2956	0.3316	0.170	-0.060	0.381	52.52	0.510	0.511	239	252	-0.218651	0.047619	
A/tundra_swan/Hubei/BQ6/2	0.2908	0.2959	0.2956	0.3316	0.170	-0.060	0.381	52.52	0.510	0.511	239	252	-0.218651	0.047619	
A/tundra_swan/Hubei/BQ7/2	0.2908	0.2959	0.3005	0.3264	0.170	-0.060	0.381	52.07	0.506	0.509	239	252	-0.218651	0.047619	
A/tundra_swan/Hubei/BQ8/2	0.2908	0.2959	0.2956	0.3316	0.170	-0.060	0.381	52.52	0.510	0.511	239	252	-0.218651	0.047619	
A/tundra_swan/Hubei/BQ9/2	0.2908	0.2959	0.2956	0.3316	0.170	-0.060	0.381	52.52	0.510	0.511	239	252	-0.218651	0.047619	
A/turkey/Changhua/1601001	0.3057	0.2902	0.2995	0.3387	0.178	-0.090	0.367	53.37	0.502	0.496	237	252	-0.253968	0.051587	
A/turkey/Chiayi/17020092-	0.3005	0.2953	0.2944	0.3441	0.177	-0.090	0.367	55.51	0.511	0.499	237	252	-0.253968	0.051587	
A/turkey/Chiayi/18010013-	0.3109	0.2850	0.2893	0.3495	0.177	-0.083	0.371	53.80	0.506	0.497	237	252	-0.253968	0.051587	
A/turkey/Yunlin/15060049-	0.3109	0.2850	0.2944	0.3459	0.173	-0.098	0.363	53.84	0.502	0.495	237	252	-0.252778	0.051587	
A/turkey/Yunlin/18020020-	0.3109	0.2850	0.2893	0.3495	0.178	-0.076	0.376	54.03	0.506	0.499	237	252	-0.244048	0.051587	
A/turkey/Yunlin/18110001-	0.3057	0.2798	0.2995	0.3495	0.179	-0.068	0.380	53.95	0.502	0.496	237	252	-0.253968	0.051587	
A/turkey/Yunlin/18120005-	0.3057	0.2850	0.2995	0.3441	0.177	-0.083	0.371	54.19	0.502	0.496	237	252	-0.253968	0.051587	
A/turtle_dove/Guangdong/3	0.3177	0.2760	0.2879	0.3529	0.180	-0.061	0.384	55.44	0.502	0.499	237	252	-0.245238	0.051587	
A/turtle_dove/Hunan/S4004	0.3177	0.2656	0.3166	0.3263	0.171	-0.106	0.359	58.17	0.477	0.499	237	252	-0.246429	0.047619	
A/Waterfowl/Hubei/Chenhu1	0.3333	0.2500	0.3030	0.3476	0.175	-0.105	0.359	49.64	0.477	0.488	237	252	-0.255556	0.051587	
A/Waterfowl/Hubei/Chenhu1	0.3333	0.2500	0.3030	0.3476	0.175	-0.105	0.359	49.64	0.477	0.488	237	252	-0.255556	0.051587	
A/whiskered_tern/Hubei/BQ	0.2908	0.2959	0.2956	0.3316	0.170	-0.060	0.381	52.52	0.510	0.511	239	252	-0.218651	0.047619	
A/white_naped_crane/China	0.3333	0.2604	0.2929	0.3476	0.184	-0.083	0.371	49.74	0.485	0.495	237	252	-0.235318	0.051587	
A/White-eyed_Pochard/Ning	0.3385	0.2552	0.3081	0.3316	0.172	-0.112	0.354	49.05	0.468	0.489	237	252	-0.235318	0.051587	
A/whooper_swan/Henan/8/20	0.2959	0.2959	0.2759	0.3472	0.165	-0.067	0.377	53.53	0.523	0.513	239	252	-0.218651	0.047619	
A/whooper_swan/Henan/14/2	0.2959	0.2959	0.2759	0.3472	0.165	-0.067	0.377	53.53	0.523	0.513	239	252	-0.218651	0.047619	
A/whooper_swan/Henan/44/2	0.2959	0.2959	0.2759	0.3472	0.165	-0.067	0.377	53.53	0.523	0.513	239	252	-0.218651	0.047619	
A/whooper_swan/Henan/45/2	0.2959	0.2959	0.2759	0.3472	0.165	-0.067	0.377	53.53	0.523	0.513	239	252	-0.218651	0.047619	
A/whooper_swan/Henan/46/2	0.2959	0.2959	0.2759	0.3472	0.165	-0.067	0.377	53.53	0.523	0.513	239	252	-0.218651	0.047619	
A/whooper_swan/Henan/424/	0.2959	0.2959	0.2759	0.3472	0.165	-0.067	0.377	53.53	0.523	0.513	239	252	-0.218651	0.047619	
A/whooper_swan/Henan/SM1/	0.2857	0.3010	0.3005	0.3264	0.171	-0.053	0.385	52.95	0.510	0.511	239	252	-0.218651	0.047619	
A/whooper_swan/Henan/SM16	0.2908	0.2959	0.2956	0.3316	0.170	-0.060	0.381	52.52	0.510	0.511	239	252	-0.218651	0.047619	
A/whooper_swan/Henan/SM31	0.2908	0.2959	0.2956	0.3316	0.170	-0.060	0.381	52.52	0.510	0.511	239	252	-0.218651	0.047619	
A/whooper_swan/Henan/SM61	0.2908	0.2959	0.2956	0.3316	0.170	-0.060	0.381	52.52	0.510	0.511	239	252	-0.218651	0.047619	
A/whooper_swan/Henan/SM76	0.2908	0.2959	0.3005	0.3264	0.170	-0.060	0.381	52.07	0.506	0.509	239	252	-0.218651	0.047619	
A/whooper_swan/Henan/SM86	0.2908	0.2908	0.3005	0.3316	0.166	-0.067	0.377	52.29	0.506	0.509	239	252	-0.218651	0.047619	
A/whooper_swan/Henan/SM11	0.2908	0.2959	0.3005	0.3264	0.170	-0.060	0.381	52.07	0.506	0.509	239	252	-0.218651	0.047619	
A/whooper_swan/Henan/SMQ5	0.2857	0.3010	0.3005	0.3264	0.171	-0.053	0.385	52.95	0.510	0.511	239	252	-0.218651	0.047619	
A/whooper_swan/Henan/SMQ7	0.2857	0.3010	0.3005	0.3264	0.171	-0.053	0.385	52.95	0.510	0.511	239	252	-0.218651	0.047619	
A/whooper_swan/Henan/SMQ9	0.2908	0.2959	0.2956	0.3316	0.170	-0.060	0.381	52.52	0.510	0.511	239	252	-0.218651	0.047619	
A/whooper_swan/Henan/SMQ1	0.2908	0.2959	0.2956	0.3316	0.170	-0.060	0.381	52.52	0.510	0.511	239	252	-0.218651	0.047619	
A/whooper_swan/Henan/SMX1	0.3229	0.2604	0.3283	0.3209	0.171	-0.112	0.354	51.10	0.464	0.487	237	252	-0.245238	0.051587	
A/whooper_swan/Henan/SMX3	0.3229	0.2604	0.3283	0.3209	0.171	-0.112	0.354	51.10	0.464	0.487	237	252	-0.245238	0.051587	
A/whooper_swan/Henan/SMX4	0.3229	0.2604	0.3283	0.3209	0.171	-0.112	0.354	51.10	0.464	0.487	237	252	-0.245238	0.051587	
A/whooper_swan/Henan/SMX9	0.3229	0.2604	0.3283	0.3209	0.171	-0.112	0.354	51.10	0.464	0.487	237	252	-0.245238	0.051587	
A/whooper_swan/Henan/T578	0.2938	0.3041	0.2687	0.3542	0.180	-0.031	0.399	55.67	0.534	0.515	238	252	-0.229365	0.051587	
A/whooper_swan/Henan/T874	0.2938	0.3041	0.2687	0.3542	0.180	-0.031	0.399	55.67	0.534	0.515	238	252	-0.229365	0.051587	
A/whooper_swan/Henan/T880	0.2938	0.3041	0.2687	0.3542	0.180	-0.031	0.399	55.67	0.534	0.515	238	252	-0.229365	0.051587	
A/whooper_swan/Henan/T886	0.2938	0.3041	0.2687	0.3542	0.180	-0.031	0.399	55.67	0.534	0.515	238	252	-0.229365	0.051587	
A/whooper_swan/Henan/T888	0.2938	0.3041	0.2687	0.3542	0.180	-0.031	0.399	55.67	0.534	0.515	238	252	-0.229365	0.051587	
A/whooper_swan/Henan/Y120	0.2953	0.3057	0.2700	0.3508	0.180	-0.030	0.401	55.98	0.532	0.513	237	252	-0.238492	0.051587	
A/whooper_swan/Inner_Mong	0.2908	0.2959	0.2906	0.3368	0.170	-0.060	0.381	52.76	0.515	0.512	239	252	-0.218651	0.047619	
A/Whooper_Swan/Sanmenxia/	0.2959	0.2908	0.2857	0.3420	0.173	-0.038	0.393	52.68	0.515	0.511	239	252	-0.228571	0.047619	
A/Whooper_swan/Sanmenxia/	0.2908	0.2959	0.2956	0.3316	0.170	-0.060	0.381	52.52	0.510	0.511	239	252	-0.218651	0.047619	
A/Whooper_swan/Sanmenxia/	0.2908	0.2959	0.2956	0.3316	0.167	-0.067	0.377	52.63	0.510	0.509	239	252	-0.218651	0.047619	
A/Whooper_swan/Sanmenxia/	0.2908	0.2959	0.2956	0.3316	0.170	-0.060	0.381	52.52	0.510	0.511	239	252	-0.218651	0.047619	
A/Whooper_swan/Sanmenxia/	0.2908	0.2959	0.2956	0.3316	0.167	-0.067	0.377	52.63	0.510	0.509	239	252	-0.218651	0.047619	
A/Whooper_swan/Sanmenxia/	0.2857	0.3010	0.2956	0.3316	0.168	-0.067	0.377	52.48	0.515	0.512	239	252	-0.218651	0.047619	
A/Whooper_swan/Sanmenxia/	0.2908	0.2959	0.2956	0.3316	0.170	-0.060	0.381	51.75	0.510	0.509	239	252	-0.218651	0.047619	
A/Whooper_swan/Sanmenxia/	0.2908	0.2959	0.2956	0.3316	0.170	-0.060	0.381	52.52	0.510	0.511	239	252	-0.218651	0.047619	
A/Whooper_swan/Sanmenxia/	0.2908	0.2959	0.2956	0.3316	0.170	-0.060	0.381	52.52	0.510	0.511	239	252	-0.218651	0.047619	
A/Whooper_swan/Sanmenxia/	0.2908	0.2959	0.2956	0.3316	0.172	-0.053	0.385	52.31	0.510	0.512	239	252	-0.218651	0.047619	
A/Whooper_swan/Sanmenxia/	0.2908	0.2959	0.2906	0.3368	0.169	-0.067	0.377	52.42	0.515	0.512	239	252	-0.218651	0.047619	
A/Whooper_swan/Sanmenxia/	0.2908	0.2959	0.2956	0.3316	0.170	-0.060	0.381	52.52	0.510	0.511	239	252	-0.218651	0.047619	
A/Whooper_swan/Sanmenxia/	0.2908	0.2959	0.2956	0.3316	0.170	-0.060	0.381	52.52	0.510	0.511	239	252	-0.218651	0.047619	
A/Whooper_swan/Sanmenxia/	0.2908	0.2959	0.2956	0.3316	0.170	-0.060	0.381	52.52	0.510	0.511	239	252	-0.218651	0.047619	
A/Whooper_swan/Sanmenxia/	0.2908	0.2959	0.2956	0.3316	0.170	-0.060	0.381	52.52	0.510	0.511	239	252	-0.218651	0.047619	
A/Whooper_swan/Sanmenxia/	0.2908	0.2959	0.2956	0.3316	0.170	-0.060	0.381	52.52	0.510	0.511	239	252	-0.218651	0.047619	
A/Whooper_swan/Sanmenxia/	0.2908	0.2959	0.2956	0.3316	0.170	-0.060	0.381	52.52	0.510	0.511	239	252	-0.218651	0.047619	
A/Whooper_swan/Sanmenxia/	0.2908	0.2959	0.2956	0.3316	0.170	-0.060	0.381	52.52	0.510	0.511	239	252	-0.218651	0.047619	
A/Whooper_swan/Sanmenxia/	0.2908	0.2959	0.2956	0.3316	0.170	-0.060	0.381	52.52	0.510	0.511	239	252	-0.218651	0.047619	
A/Whooper_swan/Sanmenxia/	0.2857	0.3010	0.2956	0.3316	0.172	-0.053	0.385	52.35	0.515	0.512	239	252	-0.218651	0.047619	
A/Whooper_swan/Sanmenxia/	0.2908	0.2959	0.2956	0.3316	0.170	-0.060	0.381	52.52	0.510	0.511	239	252	-0.218651	0.047619	
A/Whooper_swan/Sanmenxia/	0.2908	0.2959	0.2956	0.3316	0.170	-0.060	0.381	52.52	0.510	0.511	239	252	-0.218651	0.047619	
A/Whooper_swan/Sanmenxia/	0.2908	0.2959	0.2970	0.3333	0.169	-0.060	0.381	53.05	0.510	0.509	239	252	-0.229365	0.047619	
A/Whooper_swan/Sanmenxia/	0.2908	0.2959	0.3005	0.3264	0.170	-0.060	0.381	52.07	0.506	0.509	239	252	-0.218651	0.047619	
A/whooper_swan/Shaanxi/SX	0.2908	0.2959	0.2956	0.3316	0.170	-0.060	0.381	52.52	0.510	0.511	239	252	-0.218651	0.047619	
A/whooper_swan/Shaanxi/SX	0.2908	0.2959	0.3005	0.3264	0.170	-0.060	0.381	52.07	0.506	0.509	239	252	-0.218651	0.047619	
A/whooper_swan/Shaanxi/SX	0.2908	0.2959	0.3005	0.3264	0.170	-0.060	0.381	52.07	0.506	0.509	239	252	-0.218651	0.047619	
A/whooper_swan/Shandong/S	0.2908	0.2959	0.2892	0.3351	0.171	-0.053	0.385	53.85	0.515	0.515	239	252	-0.206349	0.047619	
A/whooper_swan/Shandong/S	0.2908	0.2959	0.2892	0.3351	0.171	-0.053	0.385	53.85	0.515	0.515	239	252	-0.206349	0.047619	
A/whooper_swan/Shandong/S	0.2908	0.2959	0.2892	0.3351	0.171	-0.053	0.385	53.85	0.515	0.515	239	252	-0.206349	0.047619	
A/whooper_swan/Shandong/S	0.3010	0.2857	0.2956	0.3333	0.179	-0.047	0.389	53.53	0.502	0.505	239	252	-0.225794	0.047619	
A/whooper_swan/Shandong/S	0.2908	0.2959	0.2956	0.3316	0.171	-0.053	0.385	52.76	0.510	0.511	239	252	-0.218651	0.047619	
A/whooper_swan/Shandong/S	0.2908	0.2959	0.2906	0.3368	0.170	-0.060	0.381	52.76	0.515	0.512	239	252	-0.218651	0.047619	
A/whooper_swan/Shandong/S	0.2908	0.2959	0.2906	0.3368	0.172	-0.053	0.385	53.34	0.515	0.513	239	252	-0.217063	0.047619	
A/whooper_swan/Shanxi/4-1	0.2908	0.2959	0.2956	0.3316	0.170	-0.060	0.381	52.52	0.510	0.511	239	252	-0.218651	0.047619	
A/whooper_swan/Shanxi/4-2	0.2908	0.2959	0.2956	0.3316	0.170	-0.060	0.381	52.52	0.510	0.511	239	252	-0.218651	0.047619	
A/whooper_swan/Shanxi/14/	0.2959	0.2959	0.2759	0.3472	0.165	-0.067	0.377	53.53	0.523	0.513	239	252	-0.218651	0.047619	
A/whooper_swan/Shanxi/20/	0.2959	0.2959	0.2759	0.3472	0.165	-0.067	0.377	53.53	0.523	0.513	239	252	-0.218651	0.047619	
A/whooper_swan/Shanxi/RC0	0.2959	0.2908	0.2857	0.3420	0.173	-0.038	0.393	52.68	0.515	0.511	239	252	-0.228571	0.047619	
A/whooper_swan/Shanxi/SX1	0.2908	0.2959	0.2956	0.3316	0.170	-0.060	0.381	52.52	0.510	0.511	239	252	-0.218651	0.047619	
A/whooper_swan/Shanxi/SX3	0.2857	0.2959	0.3005	0.3316	0.169	-0.067	0.377	52.48	0.510	0.511	239	252	-0.218651	0.047619	
A/whooper_swan/Shanxi/SX5	0.2908	0.2959	0.2956	0.3316	0.170	-0.060	0.381	52.52	0.510	0.511	239	252	-0.218651	0.047619	
A/whooper_swan/Shanxi/SX1	0.2908	0.2959	0.2956	0.3316	0.170	-0.060	0.381	52.52	0.510	0.511	239	252	-0.218651	0.047619	
A/whooper_swan/Shanxi/SX1	0.2953	0.3057	0.2950	0.3246	0.179	-0.051	0.388	55.70	0.511	0.507	237	252	-0.238492	0.051587	
A/whooper_swan/Shanxi/SX1	0.2908	0.2959	0.2956	0.3316	0.170	-0.060	0.381	52.52	0.510	0.511	239	252	-0.218651	0.047619	
A/whooper_swan/Shanxi/SX2	0.2908	0.2959	0.2956	0.3316	0.170	-0.060	0.381	52.52	0.510	0.511	239	252	-0.218651	0.047619	
A/whooper_swan/Shanxi/SX2	0.2908	0.2959	0.2956	0.3316	0.170	-0.060	0.381	52.52	0.510	0.511	239	252	-0.218651	0.047619	
A/whooper_swan/Shanxi/SX2	0.2908	0.2959	0.2956	0.3316	0.172	-0.053	0.385	52.73	0.510	0.511	239	252	-0.217064	0.047619	
A/whooper_swan/Shanxi/SX2	0.2908	0.2959	0.2956	0.3316	0.170	-0.060	0.381	52.52	0.510	0.511	239	252	-0.218651	0.047619	
A/whooper_swan/Shanxi/SX2	0.2908	0.2959	0.2956	0.3316	0.170	-0.060	0.381	52.52	0.510	0.511	239	252	-0.218651	0.047619	
A/whooper_swan/Shanxi/SX2	0.2908	0.2959	0.2956	0.3316	0.170	-0.060	0.381	52.52	0.510	0.511	239	252	-0.218651	0.047619	
A/whooper_swan/Shanxi/SX3	0.2908	0.2959	0.2956	0.3316	0.170	-0.060	0.381	52.52	0.510	0.511	239	252	-0.218651	0.047619	
A/Wigeon/Ningxia/476-12/2	0.3385	0.2552	0.3081	0.3316	0.172	-0.112	0.354	49.05	0.468	0.489	237	252	-0.235318	0.051587	
A/wild_bird/Eastern_China	0.2850	0.3109	0.2700	0.3560	0.179	-0.028	0.401	54.05	0.540	0.516	237	252	-0.228968	0.051587	
A/wild_bird/Eastern_China	0.2850	0.3109	0.2700	0.3560	0.180	-0.022	0.405	54.44	0.540	0.517	237	252	-0.238492	0.051587	
A/wild_bird/Eastern_China	0.2865	0.3125	0.2714	0.3526	0.180	-0.021	0.407	54.73	0.538	0.516	236	252	-0.247619	0.051587	
A/wild_bird/Hubei/12.12_L	0.3010	0.2857	0.2808	0.3472	0.174	-0.038	0.393	53.15	0.515	0.511	239	252	-0.228571	0.047619	
A/wild_bird/Hunan/01.14_Y	0.3333	0.2552	0.3182	0.3262	0.175	-0.098	0.363	49.58	0.464	0.488	237	252	-0.235318	0.051587	
A/wild_bird/Hunan/01.14_Y	0.3421	0.2421	0.3317	0.3122	0.180	-0.095	0.364	54.47	0.445	0.484	236	252	-0.235714	0.047619	
A/wild_bird/Hunan/02.24_Y	0.3385	0.2552	0.3081	0.3316	0.175	-0.098	0.363	52.18	0.468	0.489	237	252	-0.235318	0.051587	
A/wild_bird/Hunan/02.24_Y	0.3385	0.2552	0.3081	0.3316	0.175	-0.098	0.363	52.18	0.468	0.489	237	252	-0.235318	0.051587	
A/wild_bird/Hunan/03.08_D	0.3385	0.2552	0.3081	0.3316	0.175	-0.098	0.363	52.18	0.468	0.489	237	252	-0.235318	0.051587	
A/wild_bird/Taipei/04WB12	0.2902	0.3057	0.2750	0.3508	0.167	-0.059	0.384	56.78	0.532	0.512	237	252	-0.238492	0.051587	
A/wild_bird/Zhejiang/NBXS	0.2959	0.2959	0.2857	0.3368	0.166	-0.067	0.377	53.22	0.515	0.511	239	252	-0.218651	0.047619	
A/wild_duck/Fujian/1/2011	0.3333	0.2604	0.3081	0.3316	0.183	-0.090	0.367	49.91	0.473	0.489	237	252	-0.245238	0.051587	
A/wild_duck/Fujian/2/2011	0.3333	0.2604	0.3081	0.3316	0.183	-0.090	0.367	49.91	0.473	0.489	237	252	-0.245238	0.051587	
A/wild_duck/Hebei/SD012/2	0.2959	0.2959	0.2956	0.3264	0.166	-0.060	0.381	54.14	0.506	0.508	239	252	-0.218651	0.047619	
A/wild_duck/Hunan/12.28_D	0.2969	0.3073	0.2864	0.3316	0.180	-0.043	0.394	55.24	0.517	0.508	236	252	-0.247619	0.051587	
A/wild_duck/Jiangsu/SD019	0.2908	0.2959	0.3005	0.3264	0.170	-0.060	0.381	52.41	0.506	0.509	239	252	-0.218651	0.047619	
A/wild_duck/Jilin/HF/2011	0.3177	0.2812	0.2778	0.3583	0.176	-0.076	0.376	56.39	0.511	0.501	237	252	-0.245238	0.051587	
A/wild_duck/Jilin/ZF/2011	0.3264	0.2694	0.2814	0.3545	0.184	-0.069	0.378	55.44	0.500	0.499	238	252	-0.237302	0.051587	
A/wild_duck/Shandong/1/20	0.3351	0.2565	0.3081	0.3333	0.177	-0.090	0.369	58.16	0.470	0.489	236	252	-0.251984	0.055556	
A/wild_duck/Shandong/2/20	0.3246	0.2775	0.2879	0.3476	0.182	-0.070	0.380	55.81	0.498	0.495	237	252	-0.242857	0.051587	
A/wild_duck/Shandong/628/	0.3093	0.2835	0.2893	0.3495	0.176	-0.074	0.376	58.29	0.506	0.499	237	252	-0.255953	0.051587	
A/wild_duck/Shandong/SC17	0.2908	0.2959	0.2892	0.3351	0.171	-0.053	0.385	53.85	0.515	0.515	239	252	-0.206349	0.047619	
A/wild_goose/Shandong/SC1	0.2908	0.2959	0.2906	0.3368	0.170	-0.060	0.381	52.76	0.515	0.512	239	252	-0.218651	0.047619	
A/wild_pigeon/Jilin/CC01/	0.3438	0.2500	0.3030	0.3369	0.176	-0.105	0.359	51.09	0.468	0.489	237	252	-0.235318	0.051587	
A/wildfowl/China/472/2014	0.3089	0.2723	0.2950	0.3474	0.185	-0.043	0.394	58.49	0.500	0.503	236	252	-0.238492	0.047619	
A/Xinjiang/1/2006|EPI_ISL	0.3141	0.2827	0.2995	0.3369	0.181	-0.066	0.381	53.96	0.496	0.497	236	252	-0.255556	0.051587	
A/Xinjiang/1/2009|EPI_ISL	0.3229	0.2708	0.2828	0.3583	0.181	-0.061	0.384	54.32	0.502	0.499	237	252	-0.245238	0.051587	
A/Yunnan/14563/2015|EPI_I	0.3177	0.2708	0.3166	0.3228	0.170	-0.122	0.350	58.10	0.477	0.497	237	252	-0.233730	0.047619	
A/Yunnan/DQ002/2015(H5N6)	0.3229	0.2656	0.3166	0.3228	0.168	-0.129	0.346	58.27	0.473	0.496	237	252	-0.233730	0.047619	
A/Zhejiang/1/2006|EPI_ISL	0.3177	0.2760	0.2879	0.3529	0.180	-0.061	0.384	55.44	0.502	0.499	237	252	-0.245238	0.051587	
A/Anas_platyrhynchos/jiuj	0.2959	0.2959	0.2857	0.3368	0.165	-0.074	0.372	53.34	0.515	0.511	239	252	-0.218651	0.047619	
A/Anas_crecca/Hubei/Chenh	0.3333	0.2500	0.3046	0.3495	0.172	-0.110	0.354	50.09	0.477	0.488	237	252	-0.271429	0.051587	
A/Anhui/1/2006_H5N1|GCA_0	0.3250	0.2313	0.3148	0.3636	0.169	-0.088	0.372	55.46	0.474	0.492	196	210	-0.349524	0.052381	
A/Anhui/1/2007_H5N1|GCA_0	0.3250	0.2313	0.3148	0.3636	0.168	-0.088	0.372	54.21	0.474	0.492	196	210	-0.349524	0.052381	
A/Anhui/2/2005_H5N1|GCA_0	0.3177	0.2760	0.2879	0.3529	0.180	-0.061	0.384	55.44	0.502	0.499	237	252	-0.245238	0.051587	
A/Anser_cygnoides/China/P	0.3333	0.2552	0.3147	0.3333	0.174	-0.107	0.359	50.24	0.468	0.488	237	252	-0.239286	0.055556	
A/Anser_cygnoides/Hubei/F	0.3010	0.2857	0.2822	0.3490	0.176	-0.041	0.393	53.22	0.515	0.508	239	252	-0.232540	0.051587	
A/Anser_fabalis/jiujiang/	0.2959	0.2959	0.2857	0.3368	0.165	-0.074	0.372	53.34	0.515	0.511	239	252	-0.218651	0.047619	
A/Anser_fabalis/jiujiang/	0.2959	0.2959	0.2857	0.3368	0.165	-0.074	0.372	53.34	0.515	0.511	239	252	-0.218651	0.047619	
A/Anser_fabalis/jiujiang/	0.2959	0.2959	0.2857	0.3368	0.165	-0.074	0.372	53.34	0.515	0.511	239	252	-0.218651	0.047619	
A/Bulbul/Taiwan/01156/201	0.3057	0.2902	0.2893	0.3495	0.177	-0.090	0.367	54.40	0.511	0.499	237	252	-0.253968	0.051587	
A/Changsha/1/2014_H5N6|GC	0.3281	0.2604	0.3081	0.3369	0.174	-0.105	0.359	50.49	0.477	0.492	237	252	-0.235318	0.051587	
A/China/Original/2018_H5N	0.3385	0.2448	0.3216	0.3245	0.166	-0.117	0.350	48.04	0.456	0.487	237	252	-0.231349	0.047619	
A/Chlidonias_hybrida/Hube	0.2908	0.2959	0.2956	0.3316	0.170	-0.060	0.381	52.52	0.510	0.511	239	252	-0.218651	0.047619	
A/Commom_Teal/Ningxia/474	0.3333	0.2604	0.3081	0.3316	0.175	-0.105	0.359	49.17	0.473	0.491	237	252	-0.235318	0.051587	
A/Copsychus_saularis/Guan	0.3281	0.2604	0.3081	0.3369	0.172	-0.112	0.354	50.18	0.477	0.492	237	252	-0.235318	0.051587	
A/Cygnus_atratus/Hubei/2Z	0.3077	0.2821	0.2772	0.3490	0.177	-0.028	0.399	53.71	0.513	0.508	238	252	-0.228175	0.047619	
A/Cygnus_atratus/Hubei/HF	0.3010	0.2857	0.2857	0.3420	0.174	-0.038	0.393	53.31	0.510	0.508	239	252	-0.228571	0.047619	
A/Cygnus_columbianus/Hube	0.2908	0.2959	0.2956	0.3316	0.170	-0.060	0.381	52.52	0.510	0.511	239	252	-0.218651	0.047619	
A/Cygnus_columbianus/Hube	0.2908	0.2959	0.2956	0.3316	0.170	-0.060	0.381	52.52	0.510	0.511	239	252	-0.218651	0.047619	
A/Cygnus_columbianus/Hube	0.2908	0.2959	0.2906	0.3368	0.170	-0.060	0.381	52.76	0.515	0.512	239	252	-0.218651	0.047619	
A/Cygnus_columbianus/Hube	0.2908	0.2959	0.2956	0.3316	0.170	-0.060	0.381	52.52	0.510	0.511	239	252	-0.218651	0.047619	
A/Cygnus_columbianus/Hube	0.2908	0.2959	0.3005	0.3264	0.170	-0.060	0.381	52.07	0.506	0.509	239	252	-0.218651	0.047619	
A/Cygnus_columbianus/Hube	0.2908	0.2959	0.2956	0.3316	0.170	-0.060	0.381	52.52	0.510	0.511	239	252	-0.218651	0.047619	
A/Cygnus_columbianus/Hube	0.2908	0.2959	0.2956	0.3316	0.170	-0.060	0.381	52.52	0.510	0.511	239	252	-0.218651	0.047619	
A/Duck/Dongting/D76-1/201	0.2969	0.3073	0.2814	0.3368	0.179	-0.035	0.398	55.47	0.521	0.509	236	252	-0.247619	0.051587	
A/Duck/Jiangxi/631/2024_H	0.2908	0.3010	0.2808	0.3420	0.165	-0.074	0.372	54.34	0.523	0.513	239	252	-0.218651	0.047619	
A/Falcated_Duck/Ningxia/4	0.3385	0.2552	0.3081	0.3316	0.172	-0.112	0.354	49.05	0.468	0.489	237	252	-0.235318	0.051587	
A/Ferruginous_Pochard/Nin	0.3385	0.2552	0.3081	0.3316	0.172	-0.112	0.354	49.05	0.468	0.489	237	252	-0.235318	0.051587	
A/Gadwall/Ningxia/472-7/2	0.3385	0.2552	0.3081	0.3316	0.172	-0.112	0.354	49.05	0.468	0.489	237	252	-0.235318	0.051587	
A/Gallinula_chloropus/Gua	0.3212	0.2642	0.3081	0.3369	0.169	-0.103	0.359	49.62	0.481	0.495	237	252	-0.228968	0.051587	
A/Guangdong/1/2008_H5N1|G	0.3250	0.2313	0.3086	0.3725	0.171	-0.080	0.378	53.56	0.480	0.492	196	210	-0.348095	0.052381	
A/Guangdong/2/2006_H5N1|G	0.3312	0.2250	0.3025	0.3766	0.172	-0.080	0.378	53.81	0.480	0.494	196	210	-0.349524	0.052381	
A/Guangdong/lgf/2021_H5N6	0.2908	0.2959	0.2906	0.3368	0.169	-0.067	0.377	52.42	0.515	0.512	239	252	-0.218651	0.047619	
A/Guangxi/1/2005_H5N1|GCA	0.3125	0.2812	0.2828	0.3583	0.178	-0.068	0.380	54.18	0.511	0.501	237	252	-0.245238	0.051587	
A/Guangxi/1/2008_H5N1|GCA	0.3250	0.2313	0.3333	0.3442	0.157	-0.124	0.352	54.98	0.459	0.487	196	210	-0.349524	0.052381	
A/Guangzhou/39715/2014_H5	0.3281	0.2604	0.3131	0.3316	0.174	-0.105	0.359	49.87	0.473	0.491	237	252	-0.235318	0.051587	
A/Guizhou/1/2009_H5N1|GCA	0.3000	0.2500	0.3272	0.3571	0.162	-0.088	0.372	54.27	0.485	0.495	196	210	-0.349524	0.052381	
A/Hunan/1/2008_H5N1|GCA_0	0.3250	0.2313	0.3025	0.3766	0.167	-0.088	0.372	54.12	0.485	0.494	196	210	-0.361905	0.052381	
A/Hunan/2/2009_H5N1|GCA_0	0.3063	0.2437	0.3272	0.3571	0.164	-0.080	0.378	54.84	0.480	0.494	196	210	-0.349524	0.052381	
A/Japanese_white-eye/Taoy	0.3177	0.2708	0.3182	0.3262	0.175	-0.105	0.359	50.72	0.477	0.491	237	252	-0.245238	0.051587	
A/Nanjing/1/2015_H5N1|GCA	0.3125	0.2708	0.3266	0.3158	0.176	-0.084	0.371	58.57	0.473	0.496	237	252	-0.246429	0.047619	
A/Northern_Shoveler/Ningx	0.3385	0.2500	0.3131	0.3316	0.168	-0.119	0.350	49.55	0.464	0.488	237	252	-0.235318	0.051587	
A/Pavo_cristatus/China/JS	0.3333	0.2604	0.2929	0.3476	0.184	-0.083	0.371	49.74	0.485	0.495	237	252	-0.235318	0.051587	
A/Pavo_cristatus/China/K1	0.3333	0.2604	0.2929	0.3476	0.184	-0.083	0.371	49.74	0.485	0.495	237	252	-0.235318	0.051587	
A/Pavo_cristatus/Jiangxi/	0.3281	0.2552	0.3131	0.3369	0.174	-0.112	0.354	49.65	0.473	0.491	237	252	-0.235318	0.051587	
A/Rattus_norvegicus/China	0.3333	0.2500	0.3232	0.3262	0.169	-0.112	0.354	47.83	0.460	0.485	237	252	-0.245238	0.051587	
A/Shandong/1/2009_H5N1|GC	0.3312	0.2250	0.3210	0.3595	0.173	-0.072	0.383	54.02	0.464	0.487	196	210	-0.348095	0.052381	
A/Spatula_querquedula/cho	0.2959	0.2959	0.2857	0.3368	0.165	-0.074	0.372	53.34	0.515	0.511	239	252	-0.218651	0.047619	
A/Syrrhaptes_paradoxus/Gu	0.3281	0.2656	0.3131	0.3262	0.169	-0.119	0.350	49.46	0.473	0.489	237	252	-0.245238	0.051587	
A/Taiwan/DV413/2006_H5N2|	0.3109	0.2694	0.2950	0.3508	0.162	-0.113	0.353	54.71	0.500	0.503	238	252	-0.247619	0.051587	
A/Taiwan/DV518/2006_H5N2|	0.3109	0.2694	0.2950	0.3508	0.162	-0.113	0.353	54.71	0.500	0.503	238	252	-0.247619	0.051587	
A/Whooper_Swan/Sanmenxia/	0.2959	0.2908	0.2857	0.3420	0.173	-0.038	0.393	52.68	0.515	0.511	239	252	-0.228571	0.047619	
A/Wild_bird/Huadong/CIXI2	0.2908	0.2959	0.2956	0.3316	0.170	-0.060	0.381	52.52	0.510	0.511	239	252	-0.218651	0.047619	
A/Wild_bird/Huadong/CM120	0.3073	0.2760	0.3166	0.3263	0.174	-0.092	0.367	58.77	0.485	0.501	237	252	-0.246429	0.047619	
A/Wild_bird/Huadong/DF10/	0.3333	0.2500	0.3232	0.3262	0.169	-0.112	0.354	49.42	0.460	0.487	237	252	-0.235318	0.051587	
A/Wild_bird/Huadong/DT10/	0.3021	0.2865	0.3333	0.3102	0.170	-0.083	0.371	50.28	0.477	0.489	237	252	-0.255556	0.051587	
A/Wild_bird/Huadong/GY116	0.3333	0.2500	0.3232	0.3262	0.169	-0.112	0.354	49.42	0.460	0.487	237	252	-0.235318	0.051587	
A/Wild_bird/Huadong/GY183	0.3281	0.2708	0.3030	0.3316	0.174	-0.090	0.367	49.79	0.481	0.492	237	252	-0.245238	0.051587	
A/Wild_bird/Huadong/GY999	0.3281	0.2552	0.2980	0.3529	0.178	-0.112	0.354	50.54	0.485	0.495	237	252	-0.235318	0.051587	
A/Wild_bird/Huadong/JYWB4	0.3229	0.2656	0.3131	0.3316	0.177	-0.098	0.363	50.31	0.477	0.489	237	252	-0.245238	0.051587	
A/Wild_bird/Huadong/QP10/	0.3177	0.2708	0.3131	0.3316	0.174	-0.090	0.367	51.53	0.481	0.493	237	252	-0.235318	0.051587	
A/Wild_bird/Huadong/SH17/	0.3333	0.2500	0.3232	0.3262	0.169	-0.112	0.354	49.42	0.460	0.487	237	252	-0.235318	0.051587	
A/Wild_bird/Huadong/SSW7/	0.3281	0.2552	0.3081	0.3422	0.177	-0.105	0.359	49.59	0.477	0.492	237	252	-0.235318	0.051587	
A/Wild_bird/Huadong/SZ111	0.3177	0.2708	0.3131	0.3316	0.174	-0.090	0.367	51.53	0.481	0.493	237	252	-0.235318	0.051587	
A/Wild_bird/Huadong/YC148	0.3281	0.2552	0.3081	0.3422	0.177	-0.105	0.359	49.59	0.477	0.491	237	253	-0.226877	0.051383	
A/Wild_bird/Huadong/YX68/	0.3333	0.2500	0.3232	0.3262	0.169	-0.112	0.354	49.42	0.460	0.487	237	252	-0.235318	0.051587	
A/Xinjiang/1/2009_H5N1|GC	0.3312	0.2250	0.3025	0.3766	0.172	-0.080	0.378	53.81	0.480	0.494	196	210	-0.349524	0.052381	
A/Yangzhou/125/2022_H5N6|	0.3010	0.2857	0.2956	0.3316	0.169	-0.067	0.377	52.59	0.502	0.508	239	252	-0.218651	0.047619	
A/avian/Hong_Kong/0719/20	0.3125	0.2812	0.2929	0.3476	0.170	-0.098	0.363	52.49	0.502	0.499	237	252	-0.245238	0.051587	
A/avian/Hong_Kong/1993/20	0.3125	0.2812	0.2929	0.3476	0.170	-0.098	0.363	52.49	0.502	0.499	237	252	-0.245238	0.051587	
A/avian/Hong_Kong/2372/20	0.3125	0.2812	0.2929	0.3476	0.170	-0.098	0.363	52.49	0.502	0.499	237	252	-0.245238	0.051587	
A/baikal_teal/Xianghai/42	0.3005	0.3057	0.2650	0.3508	0.188	-0.008	0.414	56.31	0.532	0.513	237	252	-0.238492	0.051587	
A/bar-headed_goose/Qingha	0.3037	0.2827	0.3247	0.3243	0.167	-0.110	0.357	53.98	0.485	0.492	235	252	-0.271032	0.051587	
A/bar-headed_goose/Tibet/	0.3141	0.2723	0.3131	0.3298	0.171	-0.096	0.364	54.36	0.483	0.495	236	252	-0.244445	0.051587	
A/black_chicken/Jiangxi/1	0.3333	0.2500	0.3081	0.3422	0.175	-0.105	0.359	49.21	0.473	0.487	237	252	-0.255556	0.051587	
A/brown-headed_gull/Qingh	0.3333	0.2656	0.2778	0.3583	0.185	-0.061	0.384	53.26	0.498	0.497	237	252	-0.245238	0.051587	
A/brown-headed_gull/Qingh	0.3229	0.2760	0.2879	0.3476	0.176	-0.083	0.371	55.33	0.498	0.497	237	252	-0.245238	0.051587	
A/canvasback/Xianghai/428	0.2902	0.3109	0.2750	0.3455	0.183	-0.015	0.409	55.79	0.532	0.513	237	252	-0.238492	0.051587	
A/cat/Sichuan/SC18/2014_H	0.3281	0.2552	0.3081	0.3422	0.175	-0.105	0.359	49.36	0.477	0.488	237	252	-0.255556	0.051587	
A/cat/Zhejiang/C1/2016_H5	0.3177	0.2604	0.3216	0.3263	0.174	-0.092	0.367	56.27	0.473	0.496	237	252	-0.246429	0.047619	
A/cat/Zhejiang/C2/2016_H5	0.3073	0.2656	0.3367	0.3175	0.166	-0.122	0.350	57.07	0.468	0.492	237	252	-0.243651	0.047619	
A/chicken/Anhui/MZ33/2016	0.3073	0.2708	0.3367	0.3122	0.172	-0.100	0.363	56.75	0.468	0.493	237	252	-0.243651	0.047619	
A/chicken/Anhui/MZ34/2016	0.3073	0.2708	0.3367	0.3122	0.172	-0.100	0.363	56.75	0.468	0.493	237	252	-0.243651	0.047619	
A/chicken/Beijing/BJ7/201	0.3490	0.2396	0.3116	0.3316	0.178	-0.076	0.376	57.75	0.456	0.483	237	252	-0.233333	0.051587	
A/chicken/CH/a556/2015_H5	0.3420	0.2280	0.3234	0.3229	0.175	-0.099	0.359	54.30	0.447	0.487	237	252	-0.223413	0.047619	
A/chicken/Changhua/150101	0.3005	0.2902	0.2995	0.3441	0.174	-0.098	0.363	53.76	0.506	0.497	237	252	-0.253968	0.051587	
A/chicken/Changhua/150102	0.3057	0.2902	0.2944	0.3441	0.177	-0.090	0.367	54.31	0.506	0.497	237	252	-0.253968	0.051587	
A/chicken/Changhua/150103	0.3057	0.2902	0.2944	0.3441	0.177	-0.090	0.367	54.31	0.506	0.497	237	252	-0.253968	0.051587	
A/chicken/Changhua/150103	0.3109	0.2850	0.2944	0.3441	0.177	-0.090	0.367	54.24	0.502	0.496	237	252	-0.253968	0.051587	
A/chicken/Changhua/150103	0.3109	0.2850	0.2944	0.3441	0.177	-0.090	0.367	54.24	0.502	0.496	237	252	-0.253968	0.051587	
A/chicken/Changhua/150103	0.3109	0.2850	0.2944	0.3441	0.177	-0.090	0.367	54.24	0.502	0.496	237	252	-0.253968	0.051587	
A/chicken/Changhua/150400	0.3057	0.2902	0.2944	0.3441	0.173	-0.098	0.363	55.00	0.506	0.497	237	252	-0.253968	0.051587	
A/chicken/Changhua/150400	0.3057	0.2902	0.2893	0.3495	0.177	-0.090	0.367	55.00	0.511	0.499	237	252	-0.253968	0.051587	
A/chicken/Changhua/150400	0.3057	0.2902	0.2893	0.3495	0.177	-0.090	0.367	55.00	0.511	0.499	237	252	-0.253968	0.051587	
A/chicken/Changhua/150400	0.3057	0.2902	0.2893	0.3495	0.177	-0.090	0.367	55.00	0.511	0.499	237	252	-0.253968	0.051587	
A/chicken/Changhua/150500	0.3057	0.2902	0.2893	0.3495	0.180	-0.076	0.376	54.71	0.511	0.499	237	252	-0.253968	0.051587	
A/chicken/Changhua/150500	0.2953	0.3005	0.2944	0.3441	0.177	-0.083	0.371	53.35	0.515	0.500	237	252	-0.253968	0.051587	
A/chicken/Changhua/150600	0.3057	0.2902	0.2893	0.3495	0.180	-0.076	0.376	54.71	0.511	0.499	237	252	-0.253968	0.051587	
A/chicken/Changhua/150600	0.2953	0.3005	0.2944	0.3441	0.177	-0.083	0.371	53.35	0.515	0.500	237	252	-0.253968	0.051587	
A/chicken/Changhua/150600	0.3057	0.2902	0.2843	0.3548	0.180	-0.076	0.376	54.81	0.515	0.500	237	252	-0.253968	0.051587	
A/chicken/Changhua/151200	0.3057	0.2850	0.2995	0.3441	0.179	-0.090	0.367	54.46	0.502	0.495	237	252	-0.253968	0.051587	
A/chicken/Changhua/160100	0.3093	0.2835	0.2944	0.3441	0.170	-0.096	0.363	54.39	0.502	0.496	237	252	-0.257937	0.051587	
A/chicken/Changhua/170600	0.3057	0.2902	0.3046	0.3333	0.180	-0.068	0.380	53.06	0.498	0.493	237	252	-0.253968	0.051587	
A/chicken/Changhua/180400	0.3057	0.2850	0.2995	0.3441	0.179	-0.068	0.380	53.95	0.502	0.496	237	252	-0.253968	0.051587	
A/chicken/Chiayi/15010287	0.3057	0.2902	0.2944	0.3441	0.177	-0.090	0.367	54.31	0.506	0.497	237	252	-0.253968	0.051587	
A/chicken/Chiayi/15010409	0.3109	0.2850	0.2944	0.3441	0.177	-0.090	0.367	54.24	0.502	0.496	237	252	-0.253968	0.051587	
A/chicken/Chiayi/15010454	0.3057	0.2902	0.2944	0.3441	0.177	-0.090	0.367	54.31	0.506	0.497	237	252	-0.253968	0.051587	
A/chicken/Chiayi/17040009	0.3041	0.2938	0.3010	0.3351	0.178	-0.076	0.376	53.97	0.502	0.496	237	252	-0.252778	0.051587	
A/chicken/Chiayi/18120003	0.3057	0.2850	0.2995	0.3441	0.177	-0.083	0.371	54.19	0.502	0.496	237	252	-0.253968	0.051587	
A/chicken/China/007/2019_	0.3385	0.2396	0.3266	0.3245	0.169	-0.127	0.346	49.13	0.451	0.484	237	252	-0.234524	0.051587	
A/chicken/China/1101/2019	0.3333	0.2500	0.3232	0.3262	0.169	-0.112	0.354	49.26	0.460	0.485	237	252	-0.245238	0.051587	
A/chicken/China/Cangzhou0	0.2959	0.2959	0.2808	0.3420	0.165	-0.067	0.377	53.53	0.519	0.512	239	252	-0.218651	0.047619	
A/chicken/China/E93/2012_	0.3316	0.2539	0.3200	0.3262	0.173	-0.086	0.370	58.69	0.462	0.484	238	252	-0.223016	0.051587	
A/chicken/China/E96/2012_	0.3333	0.2552	0.3166	0.3262	0.176	-0.084	0.371	58.58	0.464	0.485	237	252	-0.233333	0.051587	
A/chicken/Chiping/0321/20	0.3438	0.2448	0.3166	0.3245	0.179	-0.068	0.380	57.79	0.456	0.484	237	252	-0.234524	0.051587	
A/chicken/Dongguan/2690/2	0.3281	0.2604	0.3131	0.3316	0.174	-0.105	0.359	49.87	0.473	0.491	237	252	-0.235318	0.051587	
A/chicken/Dongguan/3363/2	0.3281	0.2604	0.3182	0.3262	0.170	-0.112	0.354	49.81	0.468	0.489	237	252	-0.235318	0.051587	
A/chicken/Dongguan/4259/2	0.3333	0.2552	0.3182	0.3262	0.174	-0.105	0.359	50.63	0.464	0.488	237	252	-0.235318	0.051587	
A/chicken/Eastern_China/H	0.3125	0.2708	0.3317	0.3122	0.178	-0.086	0.371	56.27	0.468	0.493	237	252	-0.243651	0.047619	
A/chicken/Eastern_China/Q	0.3125	0.2708	0.3317	0.3122	0.178	-0.086	0.371	56.27	0.468	0.493	237	252	-0.243651	0.047619	
A/chicken/Eastern_China/Z	0.3229	0.2656	0.3284	0.3037	0.172	-0.055	0.388	58.08	0.460	0.493	237	252	-0.246825	0.047619	
A/chicken/Eastern_China/Z	0.3177	0.2760	0.3134	0.3158	0.175	-0.056	0.388	58.25	0.477	0.496	237	252	-0.244048	0.047619	
A/chicken/Fujian/1/2007_H	0.3073	0.2865	0.2980	0.3422	0.182	-0.054	0.388	54.85	0.502	0.499	237	252	-0.245238	0.051587	
A/chicken/Fujian/11.23_FZ	0.3194	0.2775	0.3065	0.3263	0.195	-0.071	0.380	54.10	0.485	0.499	237	252	-0.244048	0.047619	
A/chicken/GY/a451/2015_H5	0.3368	0.2383	0.3184	0.3229	0.179	-0.078	0.371	54.91	0.456	0.489	237	252	-0.233333	0.047619	
A/chicken/Gansu/5/2012_H5	0.3161	0.2642	0.3150	0.3246	0.181	-0.088	0.367	55.47	0.477	0.495	237	252	-0.238492	0.051587	
A/chicken/Gansu/6/2012_H5	0.3333	0.2552	0.3166	0.3262	0.176	-0.084	0.371	58.58	0.464	0.485	237	252	-0.233333	0.051587	
A/chicken/Ganzhou/GZ27/20	0.3281	0.2604	0.3131	0.3316	0.174	-0.105	0.359	49.79	0.473	0.489	237	252	-0.245238	0.051587	
A/chicken/Guangdong/1/200	0.3194	0.2775	0.2995	0.3369	0.181	-0.066	0.381	53.57	0.492	0.496	236	252	-0.255556	0.051587	
A/chicken/Guangdong/GD160	0.3177	0.2760	0.2828	0.3583	0.180	-0.061	0.384	55.63	0.506	0.500	237	252	-0.245238	0.051587	
A/chicken/Guangxi/16/2019	0.3021	0.2865	0.3232	0.3209	0.173	-0.083	0.371	50.28	0.485	0.492	237	252	-0.255556	0.051587	
A/chicken/Guangxi/S2039/2	0.3229	0.2656	0.3081	0.3369	0.175	-0.105	0.359	50.53	0.481	0.492	237	252	-0.245238	0.051587	
A/chicken/Guizhou/7/2008_	0.3229	0.2656	0.2929	0.3511	0.171	-0.090	0.367	55.04	0.494	0.497	237	252	-0.246429	0.051587	
A/chicken/Hebei/1102-MA/2	0.3125	0.2708	0.3317	0.3122	0.175	-0.086	0.371	56.97	0.468	0.495	237	252	-0.243651	0.047619	
A/chicken/Hebei/1102/2010	0.3125	0.2708	0.3317	0.3122	0.175	-0.086	0.371	56.97	0.468	0.495	237	252	-0.243651	0.047619	
A/chicken/Hebei/3/2013_H5	0.3438	0.2500	0.3015	0.3369	0.182	-0.062	0.384	58.66	0.468	0.487	237	252	-0.233333	0.051587	
A/chicken/Hebei/A-8/2009_	0.3333	0.2604	0.2864	0.3529	0.172	-0.084	0.371	58.63	0.489	0.493	237	252	-0.233333	0.051587	
A/chicken/Heilongjiang/S7	0.3385	0.2500	0.3131	0.3316	0.174	-0.105	0.359	50.33	0.464	0.488	237	252	-0.235318	0.051587	
A/chicken/Henan/A-7/2006_	0.3298	0.2565	0.3081	0.3351	0.177	-0.066	0.381	57.77	0.475	0.491	236	252	-0.244841	0.051587	
A/chicken/Henan/Q7/2013_H	0.3438	0.2448	0.3116	0.3316	0.178	-0.076	0.376	58.36	0.460	0.484	237	252	-0.233333	0.051587	
A/chicken/Henan/YB0597/20	0.3073	0.2708	0.3317	0.3175	0.172	-0.093	0.367	56.91	0.473	0.495	237	252	-0.243651	0.047619	
A/chicken/Hsinchu/1608000	0.3109	0.2850	0.2944	0.3441	0.177	-0.083	0.371	53.80	0.502	0.496	237	252	-0.253968	0.051587	
A/chicken/Huadong/4/2008_	0.3229	0.2656	0.2950	0.3457	0.176	-0.067	0.380	58.11	0.489	0.495	237	252	-0.229365	0.047619	
A/chicken/Hubei/2856/2007	0.3177	0.2760	0.2879	0.3529	0.184	-0.047	0.392	55.85	0.502	0.499	237	252	-0.245238	0.051587	
A/chicken/Hubei/ZYSJF11/2	0.3073	0.2708	0.3317	0.3175	0.172	-0.093	0.367	56.91	0.473	0.495	237	252	-0.243651	0.047619	
A/chicken/Hubei/ZYSJF16/2	0.3073	0.2708	0.3317	0.3175	0.172	-0.093	0.367	56.91	0.473	0.495	237	252	-0.243651	0.047619	
A/chicken/Hubei/ZYSJF38/2	0.3073	0.2708	0.3317	0.3175	0.172	-0.093	0.367	56.91	0.473	0.495	237	252	-0.243651	0.047619	
A/chicken/Hunan/02.06_YYG	0.3229	0.2656	0.3081	0.3369	0.177	-0.112	0.354	49.18	0.481	0.493	237	252	-0.235318	0.051587	
A/chicken/Hunan/03.07_YYG	0.3333	0.2500	0.3232	0.3262	0.169	-0.112	0.354	47.83	0.460	0.485	237	252	-0.245238	0.051587	
A/chicken/Hunan/12.27_YYG	0.3229	0.2656	0.3182	0.3262	0.180	-0.090	0.367	50.30	0.473	0.491	237	252	-0.235318	0.051587	
A/chicken/Hunan/12.27_YYG	0.3333	0.2448	0.3333	0.3209	0.170	-0.119	0.350	48.26	0.451	0.484	237	252	-0.235318	0.051587	
A/chicken/Hunan/1793/2007	0.3177	0.2760	0.2879	0.3529	0.180	-0.059	0.384	55.69	0.502	0.497	237	252	-0.235714	0.051587	
A/chicken/Hunan/21/2005_H	0.3125	0.2760	0.2915	0.3511	0.179	-0.061	0.384	56.20	0.502	0.499	237	252	-0.236111	0.051587	
A/chicken/Hunan/3/2007_H5	0.3229	0.2708	0.2879	0.3529	0.180	-0.068	0.380	52.66	0.498	0.497	237	252	-0.245238	0.051587	
A/chicken/Hunan/3157/2006	0.3229	0.2708	0.2828	0.3583	0.186	-0.047	0.392	55.70	0.502	0.499	237	252	-0.245238	0.051587	
A/chicken/Hunan/8/2008_H5	0.3281	0.2604	0.2929	0.3529	0.184	-0.054	0.388	55.18	0.489	0.495	237	252	-0.245238	0.051587	
A/chicken/Jiangsu/1001/20	0.3333	0.2552	0.3367	0.3048	0.178	-0.084	0.371	58.00	0.447	0.480	237	252	-0.232937	0.051587	
A/chicken/Jiangsu/18/2008	0.3229	0.2656	0.2915	0.3529	0.178	-0.069	0.380	58.58	0.494	0.495	237	252	-0.233333	0.051587	
A/chicken/Jiangsu/2477/20	0.3229	0.2604	0.3232	0.3262	0.172	-0.105	0.359	50.74	0.468	0.488	237	252	-0.245238	0.051587	
A/chicken/Jiangsu/927/201	0.3177	0.2656	0.3283	0.3209	0.178	-0.090	0.367	51.25	0.468	0.488	237	252	-0.245238	0.051587	
A/chicken/Jiangsu/XZ216/2	0.3438	0.2448	0.3065	0.3369	0.177	-0.084	0.371	58.17	0.464	0.485	237	252	-0.233333	0.051587	
A/chicken/Jiangsu/YB7/201	0.3125	0.2708	0.3166	0.3263	0.173	-0.099	0.363	58.01	0.481	0.500	237	252	-0.246429	0.047619	
A/chicken/Jiangsu/k0402/2	0.3229	0.2760	0.2778	0.3583	0.178	-0.068	0.380	55.94	0.506	0.501	237	252	-0.235318	0.051587	
A/chicken/Jiangxi/25/2011	0.3212	0.2642	0.3030	0.3422	0.171	-0.111	0.354	51.56	0.485	0.495	237	252	-0.247619	0.051587	
A/chicken/Jiangxi/NCDZT11	0.3281	0.2604	0.3081	0.3369	0.168	-0.123	0.346	49.45	0.477	0.492	237	252	-0.220635	0.051587	
A/chicken/Jiangxi/NCDZT11	0.3281	0.2604	0.3081	0.3369	0.173	-0.112	0.354	49.69	0.477	0.492	237	252	-0.235318	0.051587	
A/chicken/Jiangyin/JY0907	0.3333	0.2500	0.3131	0.3369	0.166	-0.119	0.350	49.11	0.468	0.489	237	252	-0.235318	0.051587	
A/chicken/Kaohsiung/16010	0.3005	0.2902	0.2995	0.3441	0.180	-0.083	0.371	55.02	0.506	0.496	237	252	-0.264286	0.051587	
A/chicken/Kaohsiung/16020	0.3005	0.2953	0.2944	0.3441	0.177	-0.090	0.367	54.24	0.511	0.499	237	252	-0.253968	0.051587	
A/chicken/Kaohsiung/16040	0.3057	0.2902	0.2944	0.3441	0.176	-0.098	0.363	54.58	0.506	0.497	237	252	-0.253968	0.051587	
A/chicken/Kaohsiung/16070	0.3057	0.2902	0.2893	0.3495	0.175	-0.098	0.363	55.27	0.511	0.499	237	252	-0.253968	0.051587	
A/chicken/Kaohsiung/16120	0.3005	0.2953	0.2843	0.3548	0.177	-0.090	0.367	54.93	0.519	0.501	237	252	-0.253968	0.051587	
A/chicken/Kaohsiung/16MB0	0.3057	0.2902	0.2944	0.3441	0.176	-0.098	0.363	54.58	0.506	0.497	237	252	-0.253968	0.051587	
A/chicken/Kaohsiung/17030	0.3021	0.2969	0.2959	0.3405	0.176	-0.097	0.364	54.28	0.508	0.497	236	252	-0.261508	0.051587	
A/chicken/Kaohsiung/17040	0.3057	0.2902	0.2944	0.3441	0.179	-0.076	0.376	53.89	0.506	0.497	237	252	-0.253968	0.051587	
A/chicken/Kaohsiung/17100	0.3057	0.2902	0.2944	0.3441	0.180	-0.068	0.380	54.01	0.506	0.497	237	252	-0.253968	0.051587	
A/chicken/Kaohsiung/18080	0.3005	0.2953	0.2995	0.3387	0.178	-0.076	0.376	54.84	0.506	0.497	237	252	-0.253968	0.051587	
A/chicken/Kaohsiung/18080	0.3005	0.2953	0.2995	0.3387	0.178	-0.076	0.376	54.84	0.506	0.497	237	252	-0.253968	0.051587	
A/chicken/Liaoning/23/200	0.3141	0.2827	0.3096	0.3262	0.177	-0.081	0.373	54.66	0.487	0.495	236	252	-0.255556	0.051587	
A/chicken/Liaoning/A-1/20	0.3316	0.2539	0.3150	0.3298	0.181	-0.055	0.387	56.74	0.466	0.487	238	252	-0.225794	0.051587	
A/chicken/Liaoning/S4092/	0.3385	0.2500	0.3116	0.3316	0.180	-0.076	0.376	59.00	0.464	0.485	237	252	-0.233333	0.051587	
A/chicken/Miaoli/15010421	0.3057	0.2902	0.2893	0.3495	0.177	-0.090	0.367	55.00	0.511	0.499	237	252	-0.253968	0.051587	
A/chicken/Nantou/16110023	0.3057	0.2902	0.2944	0.3441	0.176	-0.098	0.363	54.58	0.506	0.497	237	252	-0.253968	0.051587	
A/chicken/New_Taipei_City	0.3005	0.2953	0.2944	0.3441	0.177	-0.090	0.367	54.24	0.511	0.499	237	252	-0.253968	0.051587	
A/chicken/New_Taipei_City	0.3005	0.2953	0.2944	0.3441	0.177	-0.090	0.367	54.24	0.511	0.499	237	252	-0.253968	0.051587	
A/chicken/New_Taipei_City	0.3057	0.2902	0.2944	0.3441	0.179	-0.076	0.376	53.89	0.506	0.497	237	252	-0.253968	0.051587	
A/chicken/New_Taipei_City	0.3005	0.2902	0.3046	0.3387	0.174	-0.098	0.363	53.47	0.502	0.496	237	252	-0.253968	0.051587	
A/chicken/New_Taipei_City	0.3005	0.2902	0.3046	0.3387	0.174	-0.098	0.363	53.47	0.502	0.496	237	252	-0.253968	0.051587	
A/chicken/New_Taipei_City	0.3005	0.2902	0.3046	0.3387	0.174	-0.098	0.363	53.47	0.502	0.496	237	252	-0.253968	0.051587	
A/chicken/New_Taipei_City	0.3005	0.2902	0.3046	0.3387	0.174	-0.098	0.363	53.47	0.502	0.496	237	252	-0.253968	0.051587	
A/chicken/New_Taipei_City	0.3212	0.2746	0.2893	0.3495	0.177	-0.083	0.371	53.74	0.498	0.495	237	252	-0.253968	0.051587	
A/chicken/Ningxia/2/2012_	0.3385	0.2500	0.3216	0.3209	0.173	-0.084	0.371	60.11	0.456	0.483	237	252	-0.233333	0.051587	
A/chicken/Ningxia/222/201	0.3385	0.2500	0.3216	0.3209	0.173	-0.084	0.371	60.11	0.456	0.483	237	252	-0.233333	0.051587	
A/chicken/Ningxia/24/2006	0.3316	0.2642	0.3265	0.3135	0.179	-0.079	0.376	58.14	0.460	0.481	237	252	-0.236111	0.051587	
A/chicken/North_China/k06	0.3229	0.2656	0.3284	0.3037	0.172	-0.055	0.388	58.08	0.460	0.493	237	252	-0.246825	0.047619	
A/chicken/PH/A2821/2013_H	0.3438	0.2344	0.3300	0.3089	0.173	-0.096	0.360	54.77	0.441	0.487	236	252	-0.226190	0.047619	
A/chicken/PT/a158/2015_H5	0.3420	0.2332	0.3184	0.3229	0.174	-0.099	0.359	54.45	0.451	0.488	237	252	-0.223413	0.047619	
A/chicken/Pingtung/150500	0.3057	0.2902	0.2944	0.3422	0.177	-0.092	0.367	54.47	0.506	0.499	237	252	-0.274603	0.051587	
A/chicken/Pingtung/160200	0.3005	0.2902	0.2995	0.3441	0.181	-0.083	0.371	54.72	0.506	0.497	237	252	-0.253968	0.051587	
A/chicken/Pingtung/180100	0.3005	0.2953	0.2995	0.3387	0.178	-0.076	0.376	54.84	0.506	0.497	237	252	-0.253968	0.051587	
A/chicken/Pingtung/180200	0.3212	0.2746	0.2893	0.3495	0.177	-0.083	0.371	53.74	0.498	0.495	237	252	-0.253968	0.051587	
A/chicken/Qingdao/1/2014_	0.3438	0.2448	0.3266	0.3155	0.178	-0.076	0.376	58.51	0.447	0.480	237	252	-0.233333	0.051587	
A/chicken/SC/a688/2015_H5	0.3420	0.2332	0.3184	0.3229	0.176	-0.099	0.359	54.55	0.451	0.489	237	252	-0.213492	0.047619	
A/chicken/Shandong/A-10/2	0.3316	0.2539	0.3116	0.3316	0.179	-0.055	0.388	56.53	0.468	0.488	237	252	-0.220635	0.051587	
A/chicken/Shandong/S3/201	0.3438	0.2448	0.3216	0.3209	0.176	-0.084	0.371	58.41	0.451	0.481	237	252	-0.233333	0.051587	
A/chicken/Shantou/3744/20	0.3281	0.2656	0.2879	0.3529	0.175	-0.083	0.371	54.56	0.494	0.496	237	252	-0.235318	0.051587	
A/chicken/Shanxi/04.28_TG	0.3229	0.2604	0.3232	0.3245	0.170	-0.121	0.350	48.86	0.468	0.491	237	252	-0.255952	0.051587	
A/chicken/Shanxi/10/2006_	0.3420	0.2487	0.3050	0.3369	0.181	-0.057	0.387	57.18	0.466	0.485	238	252	-0.223016	0.051587	
A/chicken/Shanxi/12.01_TG	0.3264	0.2642	0.3000	0.3386	0.173	-0.106	0.357	49.16	0.483	0.495	238	252	-0.225397	0.051587	
A/chicken/Sheny/0606/2008	0.3281	0.2604	0.2965	0.3476	0.184	-0.047	0.392	57.43	0.485	0.492	237	252	-0.233333	0.051587	
A/chicken/Shenzhen/1061/2	0.3281	0.2604	0.3131	0.3316	0.174	-0.105	0.359	49.87	0.473	0.491	237	252	-0.235318	0.051587	
A/chicken/Shenzhen/1845/2	0.3333	0.2500	0.3131	0.3369	0.176	-0.105	0.359	49.08	0.468	0.485	237	252	-0.255556	0.051587	
A/chicken/Shenzhen/2269/2	0.3281	0.2604	0.3131	0.3316	0.174	-0.105	0.359	49.87	0.473	0.491	237	252	-0.235318	0.051587	
A/chicken/Shenzhen/2396/2	0.3281	0.2604	0.3182	0.3262	0.175	-0.098	0.363	50.00	0.468	0.489	237	252	-0.235318	0.051587	
A/chicken/Shenzhen/2464/2	0.3281	0.2604	0.3182	0.3262	0.175	-0.098	0.363	50.00	0.468	0.489	237	252	-0.235318	0.051587	
A/chicken/Shenzhen/433/20	0.3281	0.2604	0.3081	0.3369	0.173	-0.098	0.363	50.07	0.477	0.492	237	252	-0.235318	0.051587	
A/chicken/Shenzhen/552/20	0.3281	0.2604	0.3131	0.3316	0.174	-0.105	0.359	49.87	0.473	0.491	237	252	-0.235318	0.051587	
A/chicken/Shenzhen/715/20	0.3281	0.2604	0.3081	0.3369	0.173	-0.098	0.363	50.07	0.477	0.492	237	252	-0.235318	0.051587	
A/chicken/Shijiazhuang/12	0.3385	0.2500	0.3116	0.3316	0.173	-0.091	0.367	56.89	0.464	0.485	237	252	-0.233333	0.051587	
A/chicken/Sichuan/81/2005	0.3229	0.2760	0.2879	0.3476	0.181	-0.054	0.388	55.24	0.498	0.497	237	252	-0.245238	0.051587	
A/chicken/Sichuan/NCJPL1/	0.3281	0.2552	0.3081	0.3422	0.175	-0.105	0.359	49.36	0.477	0.488	237	252	-0.255556	0.051587	
A/chicken/Sichuan/k141/20	0.3281	0.2552	0.3131	0.3369	0.174	-0.112	0.354	49.65	0.473	0.491	237	252	-0.235318	0.051587	
A/chicken/TC/a504/2015_H5	0.3368	0.2383	0.3134	0.3281	0.178	-0.092	0.363	54.56	0.460	0.491	237	252	-0.223413	0.047619	
A/chicken/TY/a665/2015_H5	0.3420	0.2332	0.3184	0.3229	0.174	-0.099	0.359	54.45	0.451	0.488	237	252	-0.223413	0.047619	
A/chicken/Taichung/150103	0.3109	0.2850	0.2995	0.3387	0.178	-0.083	0.371	54.35	0.498	0.495	237	252	-0.253968	0.051587	
A/chicken/Taichung/160400	0.3057	0.2902	0.2944	0.3441	0.177	-0.090	0.367	54.31	0.506	0.497	237	252	-0.253968	0.051587	
A/chicken/Taichung/160500	0.3005	0.2953	0.2995	0.3387	0.179	-0.076	0.376	54.98	0.506	0.497	237	252	-0.253968	0.051587	
A/chicken/Taichung/161100	0.3005	0.2902	0.3198	0.3226	0.177	-0.090	0.367	52.32	0.489	0.492	237	252	-0.253968	0.051587	
A/chicken/Tainan/15020214	0.3057	0.2902	0.2944	0.3441	0.177	-0.090	0.367	54.31	0.506	0.497	237	252	-0.253968	0.051587	
A/chicken/Tainan/16040035	0.3005	0.2902	0.2929	0.3476	0.182	-0.083	0.371	54.77	0.511	0.500	237	252	-0.243254	0.051587	
A/chicken/Tainan/17030058	0.3073	0.2917	0.2929	0.3422	0.181	-0.092	0.367	54.82	0.506	0.497	237	252	-0.240873	0.051587	
A/chicken/Taipei_City/170	0.2953	0.2953	0.3046	0.3387	0.174	-0.090	0.367	53.47	0.506	0.497	237	252	-0.253968	0.051587	
A/chicken/Taipei_City/180	0.3109	0.2850	0.2843	0.3548	0.177	-0.076	0.376	54.21	0.511	0.499	237	252	-0.253968	0.051587	
A/chicken/Taipei_City/180	0.3005	0.2953	0.2893	0.3495	0.183	-0.061	0.384	53.76	0.515	0.500	237	252	-0.253968	0.051587	
A/chicken/Taipei/16060022	0.3057	0.2902	0.2944	0.3441	0.176	-0.098	0.363	54.58	0.506	0.497	237	252	-0.253968	0.051587	
A/chicken/Taipei/16060023	0.3057	0.2902	0.2944	0.3441	0.176	-0.098	0.363	54.58	0.506	0.497	237	252	-0.253968	0.051587	
A/chicken/Taipei/16120021	0.3005	0.2953	0.2944	0.3441	0.175	-0.098	0.363	55.29	0.511	0.499	237	252	-0.253968	0.051587	
A/chicken/Taipei/17050005	0.3005	0.2902	0.3046	0.3387	0.174	-0.098	0.363	53.47	0.502	0.496	237	252	-0.253968	0.051587	
A/chicken/Taipei/17050008	0.3005	0.2902	0.3046	0.3387	0.174	-0.098	0.363	53.47	0.502	0.496	237	252	-0.253968	0.051587	
A/chicken/Taipei/17050009	0.3005	0.2902	0.3046	0.3387	0.174	-0.098	0.363	52.74	0.502	0.495	237	252	-0.253968	0.051587	
A/chicken/Taishun/TS2/201	0.3125	0.2708	0.3166	0.3280	0.178	-0.086	0.371	57.23	0.481	0.499	237	252	-0.243651	0.047619	
A/chicken/Taishun/TS90/20	0.3073	0.2760	0.3216	0.3228	0.177	-0.086	0.371	58.01	0.481	0.497	237	252	-0.243651	0.047619	
A/chicken/Taiwan/0101/201	0.3316	0.2539	0.3085	0.3263	0.164	-0.104	0.354	52.05	0.468	0.492	237	252	-0.181746	0.047619	
A/chicken/Taiwan/01174/20	0.3057	0.2902	0.2929	0.3422	0.178	-0.090	0.367	54.41	0.506	0.499	237	252	-0.243254	0.051587	
A/chicken/Taiwan/0502/201	0.3472	0.2228	0.3333	0.3125	0.177	-0.085	0.367	55.70	0.435	0.484	237	252	-0.213095	0.047619	
A/chicken/Taiwan/1682/201	0.3316	0.2539	0.3085	0.3229	0.168	-0.090	0.363	50.40	0.468	0.496	237	252	-0.203571	0.047619	
A/chicken/Taiwan/1692/201	0.3316	0.2539	0.3085	0.3229	0.168	-0.090	0.363	50.40	0.468	0.496	237	252	-0.203571	0.047619	
A/chicken/Taiwan/1704/201	0.3316	0.2539	0.3085	0.3229	0.168	-0.090	0.363	50.40	0.468	0.496	237	252	-0.203571	0.047619	
A/chicken/Taiwan/1711/201	0.3316	0.2539	0.3085	0.3229	0.168	-0.090	0.363	50.40	0.468	0.496	237	252	-0.203571	0.047619	
A/chicken/Taiwan/2593/201	0.3420	0.2332	0.3234	0.3177	0.176	-0.092	0.363	55.37	0.447	0.487	237	252	-0.223413	0.047619	
A/chicken/Taiwan/2948/201	0.3420	0.2332	0.3333	0.3073	0.172	-0.099	0.359	55.53	0.439	0.484	237	252	-0.223413	0.047619	
A/chicken/Taiwan/4443/201	0.3420	0.2332	0.3284	0.3125	0.177	-0.092	0.363	55.04	0.443	0.485	237	252	-0.223413	0.047619	
A/chicken/Taiwan/683/2012	0.3472	0.2280	0.3085	0.3316	0.175	-0.092	0.363	53.81	0.456	0.491	237	252	-0.224603	0.047619	
A/chicken/Taiwan/7350/201	0.3420	0.2332	0.3234	0.3177	0.176	-0.092	0.363	55.37	0.447	0.487	237	252	-0.223413	0.047619	
A/chicken/Taiwan/8988/201	0.3420	0.2332	0.3284	0.3125	0.173	-0.107	0.354	55.06	0.443	0.484	237	252	-0.223413	0.047619	
A/chicken/Taiwan/8994/201	0.3420	0.2332	0.3284	0.3125	0.173	-0.107	0.354	55.06	0.443	0.484	237	252	-0.223413	0.047619	
A/chicken/Taiwan/8996/201	0.3420	0.2332	0.3284	0.3125	0.173	-0.107	0.354	55.06	0.443	0.484	237	252	-0.223413	0.047619	
A/chicken/Taiwan/A1/2019_	0.3438	0.2344	0.3035	0.3385	0.178	-0.101	0.359	52.84	0.464	0.491	237	252	-0.230952	0.047619	
A/chicken/Taiwan/A1997/20	0.3472	0.2228	0.3333	0.3125	0.177	-0.085	0.367	55.70	0.435	0.484	237	252	-0.213095	0.047619	
A/chicken/Taiwan/D2/2019_	0.3005	0.2953	0.2995	0.3387	0.177	-0.083	0.371	55.19	0.506	0.497	237	252	-0.253968	0.051587	
A/chicken/Taiwan/D9/2019_	0.3005	0.2953	0.2995	0.3387	0.177	-0.083	0.371	55.19	0.506	0.497	237	252	-0.253968	0.051587	
A/chicken/Tibet/LZ01/2010	0.3229	0.2656	0.3284	0.3053	0.175	-0.049	0.392	58.41	0.460	0.492	237	252	-0.235714	0.047619	
A/chicken/Wuhan/HAQL07/20	0.3125	0.2708	0.3166	0.3263	0.173	-0.099	0.363	58.01	0.481	0.500	237	252	-0.246429	0.047619	
A/chicken/Wuhan/HAQL16/20	0.3125	0.2708	0.3116	0.3316	0.175	-0.092	0.367	57.87	0.485	0.501	237	252	-0.246429	0.047619	
A/chicken/Wuhan/WHJF/2014	0.3057	0.2746	0.2900	0.3508	0.174	-0.080	0.371	53.99	0.506	0.507	237	252	-0.238492	0.051587	
A/chicken/Wuhan/WHYJ01/20	0.3438	0.2500	0.3131	0.3262	0.171	-0.112	0.354	50.74	0.460	0.487	237	252	-0.235318	0.051587	
A/chicken/Wuxi/WX-32/2013	0.3177	0.2708	0.3131	0.3316	0.175	-0.105	0.359	50.94	0.481	0.492	237	252	-0.245238	0.051587	
A/chicken/Wuxi/WX-33/2013	0.3177	0.2708	0.3131	0.3316	0.175	-0.105	0.359	50.94	0.481	0.492	237	252	-0.245238	0.051587	
A/chicken/Xinjiang/17/200	0.3212	0.2694	0.2929	0.3476	0.176	-0.082	0.371	54.95	0.494	0.495	237	252	-0.247619	0.051587	
A/chicken/Xinjiang/27/200	0.3212	0.2694	0.2792	0.3656	0.182	-0.078	0.376	55.40	0.506	0.499	237	252	-0.230556	0.051587	
A/chicken/Xinjiang/53/200	0.3229	0.2656	0.2778	0.3690	0.180	-0.075	0.376	53.48	0.506	0.497	237	252	-0.223810	0.051587	
A/chicken/Xinjiang/54/200	0.3229	0.2708	0.2778	0.3636	0.182	-0.061	0.384	53.53	0.506	0.499	237	252	-0.245238	0.051587	
A/chicken/Xinjiang/67/200	0.3229	0.2656	0.2778	0.3690	0.180	-0.076	0.376	54.53	0.506	0.499	237	252	-0.245238	0.051587	
A/chicken/Xinjiang/68/200	0.3316	0.2737	0.2893	0.3495	0.191	-0.080	0.376	55.13	0.494	0.491	237	252	-0.236905	0.051587	
A/chicken/Xuzhou/XZ6/2016	0.3177	0.2708	0.3030	0.3422	0.175	-0.098	0.363	50.01	0.489	0.496	237	252	-0.235318	0.051587	
A/chicken/YL/A3190/2014_H	0.3420	0.2280	0.3383	0.3073	0.182	-0.056	0.384	56.82	0.435	0.483	237	252	-0.213095	0.047619	
A/chicken/Yangzhou/YD1/20	0.3333	0.2500	0.3081	0.3422	0.175	-0.105	0.359	49.21	0.473	0.487	237	252	-0.255556	0.051587	
A/chicken/Yuhang/1/2013_H	0.3125	0.2812	0.3050	0.3280	0.184	-0.043	0.397	55.47	0.489	0.501	237	252	-0.231746	0.047619	
A/chicken/Yuhang/2/2013_H	0.3125	0.2812	0.3065	0.3298	0.185	-0.043	0.397	55.43	0.489	0.500	237	252	-0.242460	0.047619	
A/chicken/Yunlin/15020048	0.3109	0.2850	0.2944	0.3441	0.177	-0.090	0.367	54.24	0.502	0.496	237	252	-0.253968	0.051587	
A/chicken/Yunlin/15040002	0.3057	0.2902	0.2893	0.3495	0.176	-0.098	0.363	54.11	0.511	0.499	237	252	-0.253968	0.051587	
A/chicken/Yunlin/15040027	0.3057	0.2902	0.2944	0.3441	0.177	-0.090	0.367	54.31	0.506	0.497	237	252	-0.253968	0.051587	
A/chicken/Yunlin/15050012	0.3057	0.2902	0.2944	0.3441	0.173	-0.098	0.363	55.00	0.506	0.497	237	252	-0.253968	0.051587	
A/chicken/Yunlin/15050037	0.3109	0.2850	0.2944	0.3441	0.179	-0.090	0.367	53.97	0.502	0.497	237	252	-0.253968	0.051587	
A/chicken/Yunlin/15050039	0.3109	0.2850	0.2944	0.3441	0.176	-0.098	0.363	54.31	0.502	0.496	237	252	-0.253968	0.051587	
A/chicken/Yunlin/15060014	0.3109	0.2850	0.2944	0.3441	0.176	-0.098	0.363	54.31	0.502	0.496	237	252	-0.253968	0.051587	
A/chicken/Yunlin/15080024	0.3057	0.2850	0.2995	0.3441	0.179	-0.090	0.367	54.46	0.502	0.495	237	252	-0.253968	0.051587	
A/chicken/Yunlin/16010001	0.3057	0.2902	0.2944	0.3441	0.181	-0.076	0.376	53.94	0.506	0.497	237	252	-0.253968	0.051587	
A/chicken/Yunlin/16010008	0.2953	0.3005	0.2893	0.3495	0.179	-0.090	0.367	54.04	0.519	0.501	237	252	-0.253968	0.051587	
A/chicken/Yunlin/16020038	0.2953	0.3005	0.2893	0.3495	0.176	-0.090	0.367	53.20	0.519	0.501	237	252	-0.253968	0.051587	
A/chicken/Yunlin/16050053	0.3057	0.2902	0.2944	0.3441	0.177	-0.090	0.367	54.31	0.506	0.497	237	252	-0.253968	0.051587	
A/chicken/Yunlin/17010001	0.3005	0.2953	0.2995	0.3387	0.179	-0.076	0.376	53.00	0.506	0.497	237	252	-0.253968	0.051587	
A/chicken/Yunlin/17010014	0.3109	0.2850	0.2893	0.3495	0.176	-0.076	0.376	54.21	0.506	0.497	237	252	-0.253968	0.051587	
A/chicken/Yunlin/17020094	0.3109	0.2850	0.2944	0.3441	0.177	-0.083	0.371	53.80	0.502	0.496	237	252	-0.253968	0.051587	
A/chicken/Yunlin/17020095	0.3109	0.2850	0.2944	0.3441	0.178	-0.076	0.376	53.80	0.502	0.496	237	252	-0.253968	0.051587	
A/chicken/Yunlin/17030001	0.3109	0.2850	0.2944	0.3441	0.178	-0.076	0.376	53.92	0.502	0.496	237	252	-0.253968	0.051587	
A/chicken/Yunlin/17030007	0.3057	0.2850	0.3096	0.3333	0.175	-0.083	0.371	54.98	0.494	0.493	237	252	-0.253968	0.051587	
A/chicken/Yunlin/17030010	0.3057	0.2902	0.2944	0.3441	0.179	-0.076	0.376	53.89	0.506	0.497	237	252	-0.253968	0.051587	
A/chicken/Yunlin/17030014	0.3109	0.2850	0.2893	0.3495	0.177	-0.083	0.371	53.80	0.506	0.497	237	252	-0.253968	0.051587	
A/chicken/Yunlin/17030020	0.3109	0.2850	0.2944	0.3441	0.177	-0.083	0.371	53.80	0.502	0.496	237	252	-0.253968	0.051587	
A/chicken/Yunlin/17030021	0.3109	0.2850	0.2893	0.3495	0.177	-0.083	0.371	53.80	0.506	0.497	237	252	-0.253968	0.051587	
A/chicken/Yunlin/17030032	0.3109	0.2850	0.2944	0.3441	0.178	-0.076	0.376	53.80	0.502	0.496	237	252	-0.253968	0.051587	
A/chicken/Yunlin/17030065	0.3057	0.2902	0.2995	0.3387	0.179	-0.068	0.380	53.67	0.502	0.496	237	252	-0.253968	0.051587	
A/chicken/Yunlin/17040003	0.3005	0.2953	0.2995	0.3387	0.179	-0.076	0.376	55.09	0.506	0.497	237	252	-0.253968	0.051587	
A/chicken/Yunlin/17040004	0.3057	0.2850	0.2879	0.3529	0.175	-0.090	0.367	54.46	0.511	0.500	237	252	-0.243254	0.051587	
A/chicken/Yunlin/17040011	0.3109	0.2850	0.2879	0.3476	0.178	-0.083	0.371	54.01	0.506	0.497	237	252	-0.253175	0.051587	
A/chicken/Yunlin/17060019	0.3109	0.2850	0.2893	0.3495	0.177	-0.083	0.371	53.80	0.506	0.497	237	252	-0.253968	0.051587	
A/chicken/Yunlin/17070010	0.3109	0.2850	0.2893	0.3495	0.177	-0.083	0.371	53.80	0.506	0.497	237	252	-0.253968	0.051587	
A/chicken/Yunlin/18010001	0.3109	0.2850	0.2893	0.3495	0.177	-0.083	0.371	53.80	0.506	0.497	237	252	-0.253968	0.051587	
A/chicken/Yunlin/18010023	0.3005	0.2953	0.2944	0.3441	0.181	-0.061	0.384	54.57	0.511	0.499	237	252	-0.253968	0.051587	
A/chicken/Yunlin/18020003	0.3057	0.2902	0.2944	0.3441	0.181	-0.061	0.384	54.57	0.506	0.497	237	252	-0.253968	0.051587	
A/chicken/Yunlin/18020004	0.3057	0.2902	0.2944	0.3441	0.181	-0.061	0.384	54.57	0.506	0.497	237	252	-0.253968	0.051587	
A/chicken/Yunlin/18020005	0.3057	0.2902	0.2944	0.3441	0.181	-0.061	0.384	54.57	0.506	0.497	237	252	-0.253968	0.051587	
A/chicken/Yunlin/18020008	0.3005	0.2953	0.2995	0.3387	0.182	-0.061	0.384	55.42	0.506	0.497	237	252	-0.253968	0.051587	
A/chicken/Yunlin/18030002	0.3109	0.2850	0.2944	0.3441	0.183	-0.052	0.388	55.13	0.502	0.495	237	252	-0.244444	0.051587	
A/chicken/Yunlin/18050013	0.3057	0.2902	0.2944	0.3441	0.181	-0.061	0.384	54.57	0.506	0.497	237	252	-0.253968	0.051587	
A/chicken/Yunlin/18060001	0.3057	0.2902	0.2944	0.3441	0.181	-0.061	0.384	54.57	0.506	0.497	237	252	-0.253968	0.051587	
A/chicken/Yunlin/18080006	0.3109	0.2850	0.2944	0.3441	0.174	-0.090	0.367	53.92	0.502	0.495	237	252	-0.264286	0.051587	
A/chicken/Yunnan/1/2014_H	0.3333	0.2552	0.3131	0.3316	0.173	-0.105	0.359	50.39	0.468	0.489	237	252	-0.235318	0.051587	
A/chicken/Yunnan/207/2004	0.3333	0.2604	0.2828	0.3583	0.177	-0.083	0.371	54.39	0.494	0.495	237	252	-0.245238	0.051587	
A/chicken/Yunnan/5686/200	0.3333	0.2604	0.2828	0.3583	0.177	-0.083	0.371	54.39	0.494	0.495	237	252	-0.245238	0.051587	
A/chicken/Yunnan/6797/200	0.3281	0.2656	0.2828	0.3583	0.176	-0.083	0.371	54.86	0.498	0.496	237	252	-0.245238	0.051587	
A/chicken/Yunnan/6885/200	0.3333	0.2604	0.2828	0.3583	0.177	-0.083	0.371	54.39	0.494	0.495	237	252	-0.245238	0.051587	
A/chicken/Zhejiang/102637	0.3281	0.2656	0.3081	0.3316	0.174	-0.098	0.363	49.83	0.477	0.491	237	252	-0.245238	0.051587	
A/chicken/Zhejiang/13160/	0.3161	0.2694	0.3317	0.3069	0.171	-0.084	0.371	56.99	0.464	0.493	237	252	-0.246032	0.047619	
A/chicken/Zhejiang/194/20	0.3385	0.2552	0.3182	0.3209	0.178	-0.090	0.367	51.34	0.460	0.488	237	252	-0.235318	0.051587	
A/chicken/Zhejiang/209/20	0.3161	0.2746	0.2995	0.3459	0.175	-0.099	0.363	53.89	0.494	0.492	237	252	-0.251191	0.051587	
A/chicken/Zhejiang/217/20	0.3385	0.2552	0.3182	0.3209	0.178	-0.090	0.367	51.34	0.460	0.488	237	252	-0.235318	0.051587	
A/chicken/Zhejiang/232/20	0.3109	0.2850	0.3046	0.3351	0.179	-0.092	0.367	55.09	0.494	0.492	237	252	-0.251191	0.051587	
A/chicken/Zhejiang/514135	0.3229	0.2656	0.3131	0.3316	0.176	-0.098	0.363	50.43	0.477	0.492	237	252	-0.245238	0.051587	
A/chicken/Zhejiang/528127	0.3333	0.2448	0.3232	0.3316	0.171	-0.119	0.350	49.32	0.460	0.487	237	252	-0.235318	0.051587	
A/chicken/Zhejiang/6107/2	0.3073	0.2708	0.3317	0.3175	0.172	-0.093	0.367	56.91	0.473	0.495	237	252	-0.243651	0.047619	
A/chicken/Zhejiang/6C2/20	0.3333	0.2500	0.3081	0.3422	0.172	-0.112	0.354	49.37	0.473	0.485	237	252	-0.255556	0.051587	
A/chicken/Zhejiang/727022	0.3438	0.2448	0.3182	0.3262	0.173	-0.105	0.359	50.07	0.456	0.485	237	252	-0.235318	0.051587	
A/chicken/Zhejiang/727026	0.3438	0.2448	0.3182	0.3262	0.173	-0.105	0.359	50.07	0.456	0.485	237	252	-0.235318	0.051587	
A/chicken/Zhejiang/727079	0.3333	0.2604	0.3030	0.3369	0.186	-0.032	0.401	51.10	0.477	0.493	237	252	-0.235318	0.051587	
A/chicken/Zhejiang/727155	0.3438	0.2448	0.3182	0.3262	0.173	-0.105	0.359	50.07	0.456	0.485	237	252	-0.235318	0.051587	
A/chicken/Zhejiang/727159	0.3333	0.2604	0.3030	0.3369	0.186	-0.032	0.401	51.10	0.477	0.493	237	252	-0.235318	0.051587	
A/chicken/Zhejiang/7450/2	0.3057	0.2902	0.2995	0.3405	0.178	-0.084	0.371	55.10	0.502	0.495	237	252	-0.251191	0.051587	
A/chicken/Zhejiang/81643/	0.3057	0.2902	0.2995	0.3405	0.178	-0.084	0.371	55.10	0.502	0.495	237	252	-0.251191	0.051587	
A/common_mallard/Ningxia/	0.3026	0.2872	0.2822	0.3438	0.170	-0.048	0.387	55.39	0.513	0.509	238	252	-0.207937	0.043651	
A/condor/Guangdong/139/20	0.3351	0.2670	0.2908	0.3459	0.180	-0.077	0.377	53.92	0.487	0.492	236	252	-0.258333	0.055556	
A/domestic_green-winged_t	0.3109	0.2902	0.2800	0.3403	0.185	-0.022	0.405	55.20	0.511	0.508	237	252	-0.238492	0.051587	
A/duck/Anhui/56/2005_H5N1	0.3333	0.2552	0.2879	0.3583	0.173	-0.090	0.367	54.38	0.489	0.495	237	252	-0.245238	0.051587	
A/duck/Anhui/S4/2016_H5N6	0.3385	0.2552	0.3182	0.3209	0.175	-0.098	0.363	51.63	0.460	0.487	237	252	-0.235318	0.051587	
A/duck/Changhua/15A03431-	0.3109	0.2850	0.2944	0.3441	0.177	-0.090	0.367	54.24	0.502	0.496	237	252	-0.253968	0.051587	
A/duck/Changhua/15A03473-	0.3057	0.2902	0.2944	0.3459	0.177	-0.092	0.367	54.53	0.506	0.496	237	252	-0.251191	0.051587	
A/duck/Chiayi/15080023/20	0.2953	0.3005	0.2944	0.3441	0.177	-0.083	0.371	53.35	0.515	0.500	237	252	-0.253968	0.051587	
A/duck/China/0935/2017_H5	0.3177	0.2708	0.3081	0.3369	0.175	-0.098	0.363	50.05	0.485	0.493	237	252	-0.245238	0.051587	
A/duck/China/0936/2017_H5	0.3281	0.2552	0.3182	0.3316	0.174	-0.112	0.354	50.34	0.468	0.489	237	252	-0.235318	0.051587	
A/duck/China/0938/2017_H5	0.3177	0.2708	0.3081	0.3369	0.175	-0.098	0.363	50.05	0.485	0.493	237	252	-0.245238	0.051587	
A/duck/China/1033/2017_H5	0.3229	0.2656	0.3131	0.3316	0.177	-0.105	0.359	50.17	0.477	0.491	237	252	-0.245238	0.051587	
A/duck/China/E26/2012_H5N	0.3333	0.2656	0.2929	0.3422	0.175	-0.098	0.363	53.10	0.485	0.493	237	252	-0.245238	0.051587	
A/duck/China/E53/2012_H5N	0.3177	0.2656	0.3182	0.3316	0.174	-0.112	0.354	50.49	0.477	0.491	237	252	-0.245238	0.051587	
A/duck/China/YD1516/2016_	0.3109	0.2850	0.3096	0.3297	0.175	-0.106	0.359	55.71	0.489	0.491	237	252	-0.251191	0.051587	
A/duck/Chongqing/S4362/20	0.3161	0.2953	0.2800	0.3298	0.184	-0.022	0.405	55.48	0.506	0.505	237	252	-0.238492	0.051587	
A/duck/Dongguan/2685/2013	0.3281	0.2656	0.3030	0.3351	0.178	-0.092	0.367	49.65	0.481	0.495	237	252	-0.255952	0.051587	
A/duck/Eastern_China/008/	0.3212	0.2746	0.2893	0.3495	0.179	-0.076	0.376	57.38	0.498	0.496	237	252	-0.243651	0.051587	
A/duck/Eastern_China/031/	0.3212	0.2746	0.2893	0.3495	0.179	-0.076	0.376	57.38	0.498	0.496	237	252	-0.243651	0.051587	
A/duck/Eastern_China/057/	0.3177	0.2708	0.3085	0.3246	0.175	-0.055	0.388	58.09	0.481	0.497	237	252	-0.256746	0.047619	
A/duck/Eastern_China/108/	0.3161	0.2798	0.2893	0.3495	0.179	-0.076	0.376	57.38	0.502	0.497	237	252	-0.243651	0.051587	
A/duck/Eastern_China/1111	0.3093	0.2835	0.2893	0.3495	0.177	-0.067	0.380	55.11	0.506	0.500	237	252	-0.246429	0.051587	
A/duck/Eastern_China/909/	0.3212	0.2746	0.2893	0.3495	0.179	-0.076	0.376	57.38	0.498	0.496	237	252	-0.243651	0.051587	
A/duck/Eastern_China/JY/2	0.3212	0.2694	0.2944	0.3495	0.178	-0.083	0.371	56.04	0.494	0.495	237	252	-0.243651	0.051587	
A/duck/Eastern_China/L023	0.3041	0.2887	0.2843	0.3548	0.183	-0.045	0.392	56.05	0.515	0.503	237	252	-0.246032	0.051587	
A/duck/Eastern_China/L032	0.3093	0.2835	0.2843	0.3548	0.175	-0.074	0.376	56.01	0.511	0.500	237	252	-0.256349	0.051587	
A/duck/Eastern_China/L040	0.3472	0.2487	0.2843	0.3548	0.171	-0.098	0.363	56.44	0.481	0.491	237	252	-0.243651	0.051587	
A/duck/Eastern_China/L042	0.3368	0.2591	0.2843	0.3548	0.175	-0.083	0.371	56.25	0.489	0.493	237	252	-0.243651	0.051587	
A/duck/Eastern_China/L061	0.3368	0.2591	0.2792	0.3602	0.175	-0.076	0.376	55.56	0.494	0.496	237	252	-0.243651	0.051587	
A/duck/Eastern_China/L072	0.3316	0.2602	0.2704	0.3676	0.173	-0.072	0.376	56.13	0.502	0.500	237	252	-0.214286	0.051587	
A/duck/Eastern_China/L102	0.3316	0.2591	0.2828	0.3583	0.176	-0.086	0.371	56.35	0.494	0.500	237	252	-0.279762	0.047619	
A/duck/Eastern_China/L112	0.3161	0.2850	0.2690	0.3656	0.183	-0.039	0.397	57.39	0.519	0.503	237	252	-0.243651	0.051587	
A/duck/Eastern_China/S013	0.3109	0.2850	0.2944	0.3459	0.180	-0.084	0.371	54.73	0.502	0.495	237	252	-0.251191	0.051587	
A/duck/Eastern_China/S021	0.3161	0.2746	0.2944	0.3495	0.180	-0.076	0.376	56.08	0.498	0.496	237	252	-0.243651	0.051587	
A/duck/Eastern_China/S032	0.3281	0.2604	0.3182	0.3262	0.172	-0.119	0.350	50.44	0.468	0.489	237	252	-0.235318	0.051587	
A/duck/Eastern_China/S071	0.3333	0.2500	0.3131	0.3369	0.178	-0.090	0.367	49.60	0.468	0.485	237	252	-0.255556	0.051587	
A/duck/Eastern_China/S080	0.3144	0.2784	0.3096	0.3280	0.174	-0.074	0.376	55.38	0.485	0.492	237	252	-0.256349	0.051587	
A/duck/Eastern_China/S090	0.3385	0.2500	0.3131	0.3316	0.174	-0.112	0.354	49.01	0.464	0.487	237	252	-0.235318	0.051587	
A/duck/Eastern_China/S110	0.3125	0.2812	0.2959	0.3459	0.184	-0.068	0.381	55.80	0.500	0.499	236	252	-0.262302	0.055556	
A/duck/Eastern_China/S121	0.3161	0.2694	0.2995	0.3495	0.174	-0.083	0.371	57.56	0.494	0.495	237	252	-0.243651	0.051587	
A/duck/Fujian/1.17_FZHX01	0.3037	0.2932	0.3046	0.3316	0.187	-0.052	0.390	52.22	0.500	0.497	236	252	-0.255556	0.051587	
A/duck/Fujian/10.26_FZHX0	0.3333	0.2604	0.2915	0.3457	0.185	-0.083	0.371	49.49	0.485	0.496	237	252	-0.224603	0.051587	
A/duck/Fujian/10.26_FZHX0	0.3281	0.2656	0.2929	0.3476	0.185	-0.076	0.376	49.74	0.489	0.496	237	252	-0.235318	0.051587	
A/duck/Fujian/11.23_FZHX0	0.3385	0.2552	0.2864	0.3492	0.184	-0.077	0.376	49.81	0.485	0.497	237	252	-0.245238	0.051587	
A/duck/Fujian/11.23_FZHX0	0.3212	0.2694	0.2965	0.3404	0.178	-0.082	0.371	48.94	0.489	0.497	237	252	-0.226984	0.051587	
A/duck/Fujian/11.23_FZHX0	0.3333	0.2604	0.2929	0.3476	0.184	-0.083	0.371	49.74	0.485	0.495	237	252	-0.235318	0.051587	
A/duck/Fujian/11.3_FZHX11	0.2969	0.2917	0.2944	0.3476	0.176	-0.094	0.364	50.78	0.513	0.503	236	252	-0.257937	0.051587	
A/duck/Fujian/11.3_FZHX11	0.3229	0.2708	0.3081	0.3316	0.175	-0.090	0.367	50.54	0.481	0.492	237	252	-0.245238	0.051587	
A/duck/Fujian/12.7_FZHX12	0.3229	0.2708	0.3081	0.3316	0.175	-0.090	0.367	50.54	0.481	0.492	237	252	-0.245238	0.051587	
A/duck/Fujian/12.7_FZHX12	0.3229	0.2708	0.3081	0.3316	0.175	-0.090	0.367	50.54	0.481	0.492	237	252	-0.245238	0.051587	
A/duck/Fujian/12.7_FZHX12	0.3229	0.2708	0.3081	0.3316	0.175	-0.090	0.367	50.54	0.481	0.492	237	252	-0.245238	0.051587	
A/duck/Fujian/12.7_FZHX12	0.3229	0.2708	0.3081	0.3316	0.175	-0.090	0.367	50.54	0.481	0.492	237	252	-0.245238	0.051587	
A/duck/Guangdong/11.18_SZ	0.3333	0.2500	0.3131	0.3369	0.175	-0.112	0.354	49.37	0.468	0.489	237	252	-0.235318	0.051587	
A/duck/Guangdong/11.18_SZ	0.3333	0.2500	0.3131	0.3369	0.175	-0.112	0.354	49.37	0.468	0.489	237	252	-0.235318	0.051587	
A/duck/Guangdong/11.18_SZ	0.3333	0.2500	0.3131	0.3369	0.175	-0.112	0.354	49.37	0.468	0.489	237	252	-0.235318	0.051587	
A/duck/Guangdong/23/2004_	0.3229	0.2708	0.2908	0.3495	0.175	-0.093	0.369	52.97	0.496	0.497	236	252	-0.268651	0.047619	
A/duck/Guangdong/GD01/201	0.3281	0.2552	0.3182	0.3316	0.169	-0.112	0.354	50.37	0.468	0.489	237	252	-0.235318	0.051587	
A/duck/Guangdong/s14044/2	0.3073	0.2917	0.2778	0.3602	0.182	-0.022	0.405	59.39	0.519	0.500	237	252	-0.213492	0.051587	
A/duck/Guangdong/wy11/200	0.3212	0.2746	0.2843	0.3548	0.181	-0.054	0.388	56.85	0.502	0.497	237	252	-0.243651	0.051587	
A/duck/Guangdong/wy19/200	0.3316	0.2642	0.2828	0.3529	0.177	-0.066	0.380	56.61	0.494	0.496	237	252	-0.239683	0.047619	
A/duck/Guangdong/wy24/200	0.3229	0.2708	0.2828	0.3583	0.181	-0.061	0.384	57.19	0.502	0.496	237	252	-0.261508	0.051587	
A/duck/Guangzhou/018/2014	0.3281	0.2604	0.3081	0.3369	0.174	-0.105	0.359	50.49	0.477	0.492	237	252	-0.235318	0.051587	
A/duck/Guangzhou/021/2014	0.3281	0.2604	0.3131	0.3316	0.174	-0.105	0.359	49.87	0.473	0.491	237	252	-0.235318	0.051587	
A/duck/Guangzhou/41227/20	0.3281	0.2604	0.3131	0.3316	0.174	-0.105	0.359	49.79	0.473	0.489	237	252	-0.245238	0.051587	
A/duck/Guizhou/7.27_ZYLJJ	0.3333	0.2500	0.3232	0.3262	0.168	-0.112	0.354	48.66	0.460	0.485	237	252	-0.245238	0.051587	
A/duck/Guizhou/8.26_ZYLJJ	0.3385	0.2448	0.2980	0.3529	0.174	-0.098	0.363	50.90	0.477	0.491	237	252	-0.245238	0.051587	
A/duck/Guizhou/8.26_ZYLJJ	0.3281	0.2500	0.3030	0.3529	0.168	-0.112	0.354	51.54	0.481	0.492	237	252	-0.245238	0.051587	
A/duck/Hainan/12.29_HKPL0	0.3385	0.2448	0.3182	0.3316	0.167	-0.119	0.350	48.41	0.460	0.485	237	252	-0.245238	0.051587	
A/duck/Hebei/0908/2009_H5	0.3005	0.2953	0.2800	0.3455	0.175	-0.044	0.392	56.39	0.519	0.511	237	252	-0.238492	0.051587	
A/duck/Hong_Kong/342/1978	0.3125	0.2865	0.2700	0.3560	0.170	-0.082	0.371	55.99	0.519	0.508	237	252	-0.236111	0.051587	
A/duck/Hsinchu/15020216/2	0.3057	0.2902	0.2944	0.3441	0.177	-0.090	0.367	54.31	0.506	0.497	237	252	-0.253968	0.051587	
A/duck/HuBei/03/2010_H5N5	0.3229	0.2708	0.2929	0.3476	0.182	-0.061	0.384	55.45	0.494	0.496	237	252	-0.245238	0.051587	
A/duck/Hubei/2911/2007_H5	0.3177	0.2760	0.2879	0.3529	0.183	-0.054	0.388	55.50	0.502	0.500	237	252	-0.235318	0.051587	
A/duck/Hubei/49/2005_H5N1	0.3177	0.2760	0.2879	0.3529	0.180	-0.061	0.384	55.44	0.502	0.499	237	252	-0.245238	0.051587	
A/duck/Hubei/SZY250/2016_	0.3005	0.2902	0.3046	0.3405	0.174	-0.099	0.363	55.06	0.502	0.496	237	252	-0.251191	0.051587	
A/duck/Hubei/xn/2007_H5N1	0.3229	0.2708	0.2879	0.3529	0.183	-0.054	0.388	54.04	0.498	0.499	237	252	-0.235318	0.051587	
A/duck/Hunan/01.12_YYGK82	0.3281	0.2552	0.3232	0.3262	0.171	-0.105	0.359	47.99	0.464	0.487	237	252	-0.245238	0.051587	
A/duck/Hunan/03.07_YYGK25	0.3229	0.2656	0.3030	0.3422	0.177	-0.112	0.354	49.30	0.485	0.495	237	252	-0.235318	0.051587	
A/duck/Hunan/03.07_YYGK4L	0.3455	0.2461	0.3131	0.3316	0.183	-0.099	0.363	48.39	0.460	0.485	237	252	-0.232937	0.051587	
A/duck/Hunan/03.24_YYGK17	0.3333	0.2500	0.3131	0.3369	0.169	-0.134	0.342	49.59	0.468	0.489	237	252	-0.235318	0.051587	
A/duck/Hunan/03.24_YYGK17	0.3333	0.2500	0.3131	0.3369	0.169	-0.134	0.342	49.59	0.468	0.489	237	252	-0.235318	0.051587	
A/duck/Hunan/03.24_YYGK18	0.3333	0.2500	0.3131	0.3369	0.169	-0.134	0.342	49.59	0.468	0.489	237	252	-0.235318	0.051587	
A/duck/Hunan/03.24_YYGK21	0.3333	0.2500	0.3131	0.3369	0.169	-0.134	0.342	49.59	0.468	0.489	237	252	-0.235318	0.051587	
A/duck/Hunan/1.12_YYGK68H	0.3438	0.2448	0.3182	0.3262	0.168	-0.112	0.354	48.93	0.456	0.484	237	252	-0.245238	0.051587	
A/duck/Hunan/1.12_YYGK72H	0.3438	0.2448	0.3182	0.3262	0.168	-0.112	0.354	48.93	0.456	0.484	237	252	-0.245238	0.051587	
A/duck/Hunan/1.12_YYGK74H	0.3281	0.2552	0.3232	0.3262	0.171	-0.105	0.359	47.99	0.464	0.487	237	252	-0.245238	0.051587	
A/duck/Hunan/1.17_YYGKK80	0.3333	0.2448	0.3333	0.3209	0.170	-0.119	0.350	48.26	0.451	0.484	237	252	-0.235318	0.051587	
A/duck/Hunan/11.30_YYGK59	0.3333	0.2604	0.2929	0.3476	0.184	-0.083	0.371	49.74	0.485	0.495	237	252	-0.235318	0.051587	
A/duck/Hunan/11.30_YYGK62	0.3281	0.2552	0.3232	0.3262	0.170	-0.105	0.359	48.37	0.464	0.487	237	252	-0.245238	0.051587	
A/duck/Hunan/11.30_YYGK63	0.3281	0.2552	0.3232	0.3262	0.170	-0.105	0.359	48.37	0.464	0.487	237	252	-0.245238	0.051587	
A/duck/Hunan/11.30_YYGK74	0.2806	0.3010	0.3005	0.3316	0.173	-0.024	0.402	56.96	0.515	0.511	239	252	-0.228571	0.047619	
A/duck/Hunan/11.30_YYGK75	0.2806	0.3010	0.3005	0.3316	0.173	-0.024	0.402	56.96	0.515	0.511	239	252	-0.228571	0.047619	
A/duck/Hunan/12.27_YYGK10	0.3333	0.2448	0.3333	0.3209	0.170	-0.119	0.350	48.26	0.451	0.484	237	252	-0.235318	0.051587	
A/duck/Hunan/12.27_YYGK60	0.3229	0.2656	0.3182	0.3262	0.180	-0.090	0.367	50.30	0.473	0.491	237	252	-0.235318	0.051587	
A/duck/Hunan/12.27_YYGK71	0.3385	0.2396	0.3333	0.3209	0.170	-0.127	0.346	47.10	0.447	0.483	237	252	-0.235318	0.051587	
A/duck/Hunan/12.27_YYGK73	0.3229	0.2656	0.3182	0.3262	0.180	-0.090	0.367	50.30	0.473	0.491	237	252	-0.235318	0.051587	
A/duck/Hunan/12.27_YYGK81	0.3333	0.2448	0.3333	0.3209	0.170	-0.119	0.350	48.26	0.451	0.484	237	252	-0.235318	0.051587	
A/duck/Hunan/12.27_YYGK86	0.3229	0.2656	0.3182	0.3262	0.180	-0.090	0.367	50.30	0.473	0.491	237	252	-0.235318	0.051587	
A/duck/Hunan/12.27_YYGK89	0.3333	0.2448	0.3333	0.3209	0.170	-0.119	0.350	48.26	0.451	0.484	237	252	-0.235318	0.051587	
A/duck/Hunan/12.27_YYGK91	0.3333	0.2448	0.3333	0.3209	0.170	-0.119	0.350	48.26	0.451	0.484	237	252	-0.235318	0.051587	
A/duck/Hunan/12.27_YYGK93	0.3333	0.2448	0.3333	0.3209	0.170	-0.119	0.350	48.26	0.451	0.484	237	252	-0.235318	0.051587	
A/duck/Hunan/12.27_YYGK95	0.3333	0.2448	0.3333	0.3209	0.170	-0.119	0.350	48.26	0.451	0.484	237	252	-0.235318	0.051587	
A/duck/Hunan/12.27_YYGK96	0.3333	0.2448	0.3333	0.3209	0.170	-0.119	0.350	48.26	0.451	0.484	237	252	-0.235318	0.051587	
A/duck/Hunan/12.27_YYGK97	0.3333	0.2448	0.3333	0.3209	0.170	-0.119	0.350	48.26	0.451	0.484	237	252	-0.235318	0.051587	
A/duck/Hunan/2.06_YYGK77J	0.3229	0.2656	0.3081	0.3369	0.177	-0.112	0.354	49.18	0.481	0.493	237	252	-0.235318	0.051587	
A/duck/Hunan/2.06_YYGK78J	0.3385	0.2500	0.3182	0.3262	0.175	-0.098	0.363	47.75	0.460	0.487	237	252	-0.245238	0.051587	
A/duck/Hunan/2.06_YYGK84J	0.3229	0.2656	0.3081	0.3369	0.177	-0.112	0.354	49.18	0.481	0.493	237	252	-0.235318	0.051587	
A/duck/Hunan/2.06_YYGK92J	0.3229	0.2656	0.3081	0.3369	0.177	-0.112	0.354	49.18	0.481	0.493	237	252	-0.235318	0.051587	
A/duck/Hunan/3/2007_H5N1|	0.3229	0.2708	0.2828	0.3583	0.181	-0.061	0.384	54.32	0.502	0.499	237	252	-0.245238	0.051587	
A/duck/Hunan/316/2005_H5N	0.3229	0.2708	0.2879	0.3529	0.179	-0.061	0.384	56.01	0.498	0.496	237	252	-0.245238	0.051587	
A/duck/Hunan/3315/2006_H5	0.3177	0.2760	0.2828	0.3583	0.180	-0.061	0.384	55.63	0.506	0.500	237	252	-0.245238	0.051587	
A/duck/Hunan/689/2006_H5N	0.3125	0.2812	0.2828	0.3583	0.184	-0.047	0.392	55.94	0.511	0.501	237	252	-0.245238	0.051587	
A/duck/Hunan/7.21_YYGK41Y	0.3281	0.2552	0.3182	0.3316	0.171	-0.119	0.350	49.69	0.468	0.488	237	252	-0.245635	0.051587	
A/duck/Hunan/733/2004_H5N	0.3177	0.2760	0.2929	0.3476	0.177	-0.076	0.376	53.19	0.498	0.497	237	252	-0.245238	0.051587	
A/duck/Hunan/8/2008_H5N1|	0.3194	0.2880	0.2750	0.3474	0.189	-0.040	0.397	57.41	0.511	0.504	237	252	-0.232540	0.051587	
A/duck/Hunan/S4020/2008_H	0.3229	0.2760	0.2778	0.3583	0.182	-0.061	0.384	55.35	0.506	0.500	237	252	-0.245238	0.051587	
A/duck/Hunan/S4030/2011_H	0.3177	0.2708	0.3030	0.3441	0.177	-0.098	0.363	49.58	0.489	0.492	237	252	-0.244048	0.051587	
A/duck/Hunan/S4101/2011_H	0.2984	0.2984	0.3100	0.3211	0.188	-0.062	0.384	55.69	0.498	0.499	237	252	-0.230952	0.051587	
A/duck/Hunan/S4120/2011_H	0.2932	0.3037	0.3100	0.3211	0.190	-0.055	0.388	55.94	0.502	0.500	237	252	-0.230952	0.051587	
A/duck/Hunan/S4150/2011_H	0.3177	0.2812	0.2778	0.3583	0.176	-0.076	0.376	56.39	0.511	0.501	237	252	-0.245238	0.051587	
A/duck/Hunan/S4220/2011_H	0.3333	0.2604	0.3081	0.3316	0.172	-0.112	0.354	49.53	0.473	0.489	237	252	-0.245238	0.051587	
A/duck/Jiangsu/m234/2012_	0.3041	0.2887	0.2893	0.3495	0.176	-0.074	0.376	58.80	0.511	0.503	237	252	-0.244841	0.051587	
A/duck/Jiangxi/01.11_NCNP	0.3333	0.2552	0.3131	0.3316	0.174	-0.098	0.363	48.39	0.468	0.487	237	252	-0.245238	0.051587	
A/duck/Jiangxi/10160/2014	0.3333	0.2500	0.3081	0.3422	0.175	-0.105	0.359	49.21	0.473	0.487	237	252	-0.255556	0.051587	
A/duck/Jiangxi/11.17_NCNP	0.3229	0.2656	0.3081	0.3369	0.179	-0.083	0.371	50.24	0.481	0.493	237	252	-0.235318	0.051587	
A/duck/Jiangxi/11.17_NCNP	0.3229	0.2656	0.3081	0.3369	0.179	-0.083	0.371	50.24	0.481	0.493	237	252	-0.235318	0.051587	
A/duck/Jiangxi/11.29_NCDZ	0.3281	0.2552	0.3081	0.3422	0.174	-0.112	0.354	49.50	0.477	0.492	237	252	-0.235318	0.051587	
A/duck/Jiangxi/11.29_NCNP	0.3229	0.2656	0.3232	0.3209	0.180	-0.090	0.367	49.60	0.468	0.489	237	252	-0.235318	0.051587	
A/duck/Jiangxi/11.29_NCNP	0.3281	0.2604	0.3081	0.3369	0.170	-0.112	0.354	49.06	0.477	0.488	237	252	-0.245238	0.051587	
A/duck/Jiangxi/120/2011_H	0.3229	0.2656	0.3284	0.3037	0.172	-0.055	0.388	58.06	0.460	0.495	237	252	-0.236905	0.047619	
A/duck/Jiangxi/130/2011_H	0.3125	0.2865	0.2778	0.3583	0.180	-0.061	0.384	56.74	0.515	0.503	237	252	-0.245238	0.051587	
A/duck/Jiangxi/13469/2014	0.3333	0.2500	0.3081	0.3422	0.177	-0.098	0.363	49.48	0.473	0.487	237	252	-0.255556	0.051587	
A/duck/Jiangxi/13475/2014	0.3333	0.2500	0.3081	0.3422	0.177	-0.098	0.363	49.48	0.473	0.487	237	252	-0.255556	0.051587	
A/duck/Jiangxi/13484/2014	0.3333	0.2500	0.3081	0.3422	0.177	-0.098	0.363	49.48	0.473	0.487	237	252	-0.255556	0.051587	
A/duck/Jiangxi/2.28NCNP23	0.3333	0.2500	0.3232	0.3262	0.169	-0.112	0.354	47.83	0.460	0.485	237	252	-0.245238	0.051587	
A/duck/Jiangxi/2.28_NCNP2	0.3333	0.2500	0.3232	0.3262	0.169	-0.112	0.354	47.83	0.460	0.485	237	252	-0.245238	0.051587	
A/duck/Jiangxi/34/2011_H5	0.3229	0.2656	0.3081	0.3369	0.173	-0.112	0.354	50.45	0.481	0.492	237	252	-0.245238	0.051587	
A/duck/Jiangxi/35/2011_H5	0.3229	0.2656	0.3081	0.3369	0.173	-0.112	0.354	50.45	0.481	0.492	237	252	-0.245238	0.051587	
A/duck/Jiangxi/44/2011_H5	0.2880	0.2827	0.2995	0.3564	0.188	-0.042	0.396	56.33	0.515	0.509	235	252	-0.245635	0.051587	
A/duck/Jiangxi/5.26_NCDZT	0.3333	0.2552	0.3131	0.3316	0.174	-0.098	0.363	48.39	0.468	0.487	237	252	-0.245238	0.051587	
A/duck/Jiangxi/80/2005_H5	0.3141	0.2827	0.2864	0.3511	0.184	-0.047	0.392	56.06	0.506	0.500	237	252	-0.245238	0.051587	
A/duck/Jilin/JL-SIV/2013_	0.3177	0.2760	0.2879	0.3548	0.182	-0.055	0.388	55.14	0.502	0.497	237	252	-0.244048	0.051587	
A/duck/Kaohsiung/15010213	0.3005	0.2953	0.2944	0.3441	0.176	-0.090	0.367	53.72	0.511	0.499	237	252	-0.253968	0.051587	
A/duck/Kaohsiung/15WB3298	0.3057	0.2953	0.2850	0.3351	0.177	-0.044	0.392	56.79	0.511	0.505	237	252	-0.238492	0.051587	
A/duck/Kaohsiung/20WB0242	0.3109	0.2850	0.2750	0.3508	0.181	-0.044	0.392	56.32	0.515	0.509	237	252	-0.238492	0.051587	
A/duck/Liaoning/LN/2011_H	0.3212	0.2746	0.2944	0.3441	0.180	-0.076	0.376	57.01	0.494	0.495	237	252	-0.243651	0.051587	
A/duck/Nanchang/9789/2013	0.3281	0.2604	0.2980	0.3476	0.174	-0.105	0.359	50.19	0.485	0.492	237	252	-0.255556	0.051587	
A/duck/Nantou/15A3437/201	0.3057	0.2902	0.2944	0.3459	0.177	-0.092	0.367	54.53	0.506	0.496	237	252	-0.251191	0.051587	
A/duck/Nantou/17A0243/201	0.3057	0.2902	0.2893	0.3495	0.180	-0.068	0.380	54.52	0.511	0.499	237	252	-0.253968	0.051587	
A/duck/Pingtung/15010180/	0.3057	0.2902	0.2944	0.3441	0.177	-0.090	0.367	54.31	0.506	0.497	237	252	-0.253968	0.051587	
A/duck/Pingtung/15010444/	0.3057	0.2902	0.2944	0.3441	0.177	-0.090	0.367	54.31	0.506	0.497	237	252	-0.253968	0.051587	
A/duck/Pingtung/17A0160/2	0.3057	0.2902	0.2995	0.3387	0.175	-0.083	0.371	53.64	0.502	0.495	237	252	-0.263889	0.051587	
A/duck/Pingtung/18A00003-	0.3109	0.2850	0.2995	0.3387	0.179	-0.076	0.376	54.25	0.498	0.495	237	252	-0.253968	0.051587	
A/duck/Pingtung/18A00076-	0.3109	0.2850	0.3096	0.3280	0.175	-0.090	0.367	54.62	0.489	0.492	237	252	-0.253968	0.051587	
A/duck/Pingtung/18X00077/	0.3005	0.2953	0.2995	0.3387	0.178	-0.076	0.376	54.84	0.506	0.497	237	252	-0.253968	0.051587	
A/duck/Shandong/009/2008_	0.3229	0.2656	0.3284	0.3037	0.175	-0.062	0.384	59.22	0.460	0.493	237	252	-0.246825	0.047619	
A/duck/Shandong/Q1/2013_H	0.3161	0.2850	0.2640	0.3710	0.182	-0.032	0.401	57.39	0.523	0.504	237	252	-0.243651	0.051587	
A/duck/Shandong/SD0261/20	0.2959	0.2959	0.2906	0.3316	0.168	-0.060	0.381	53.02	0.510	0.511	239	252	-0.218651	0.047619	
A/duck/Shandong/SD0263/20	0.2959	0.2959	0.2906	0.3316	0.168	-0.060	0.381	53.02	0.510	0.511	239	252	-0.218651	0.047619	
A/duck/Sichuan/NCXJ15/201	0.3281	0.2552	0.3081	0.3422	0.175	-0.105	0.359	49.36	0.477	0.488	237	252	-0.255556	0.051587	
A/duck/Sichuan/NCXJ16/201	0.3281	0.2552	0.3081	0.3422	0.176	-0.105	0.359	49.26	0.477	0.489	237	252	-0.245635	0.051587	
A/duck/Sichuan/NCXN10/201	0.3385	0.2500	0.3081	0.3369	0.171	-0.119	0.350	50.86	0.468	0.489	237	252	-0.235318	0.051587	
A/duck/Sichuan/NCXN11/201	0.3385	0.2500	0.3081	0.3387	0.170	-0.121	0.350	51.13	0.468	0.488	237	252	-0.232540	0.051587	
A/duck/Sichuan/SC4822/202	0.2908	0.2959	0.2956	0.3316	0.170	-0.060	0.381	52.52	0.510	0.511	239	252	-0.218651	0.047619	
A/duck/Sichuan/SC5698/202	0.2944	0.2944	0.3020	0.3229	0.167	-0.074	0.372	52.55	0.502	0.508	239	252	-0.217460	0.047619	
A/duck/Taichung/15010400-	0.3109	0.2850	0.2944	0.3441	0.177	-0.090	0.367	54.24	0.502	0.496	237	252	-0.253968	0.051587	
A/duck/Tainan/15010403/20	0.3057	0.2902	0.2944	0.3441	0.177	-0.090	0.367	54.31	0.506	0.497	237	252	-0.253968	0.051587	
A/duck/Tainan/16010020-1/	0.3057	0.2850	0.2995	0.3441	0.179	-0.090	0.367	54.46	0.502	0.495	237	252	-0.253968	0.051587	
A/duck/Tainan/16WB3443-15	0.3109	0.3005	0.2700	0.3403	0.189	-0.015	0.409	55.14	0.519	0.509	237	252	-0.238492	0.051587	
A/duck/Taipei/05WB830-1-5	0.2953	0.3057	0.2600	0.3613	0.170	-0.051	0.388	56.62	0.540	0.516	237	252	-0.238492	0.051587	
A/duck/Taipei/18WB0120-1-	0.2953	0.2902	0.3000	0.3351	0.188	-0.073	0.376	55.86	0.506	0.507	237	252	-0.238492	0.051587	
A/duck/Taipei/19WB0235-14	0.2953	0.3057	0.2850	0.3351	0.182	-0.044	0.392	55.94	0.519	0.509	237	252	-0.238492	0.051587	
A/duck/Taiwan/01006/2015_	0.3057	0.2902	0.2944	0.3441	0.177	-0.090	0.367	54.31	0.506	0.497	237	252	-0.253968	0.051587	
A/duck/Taiwan/11213/2013_	0.3005	0.2539	0.3300	0.3403	0.154	-0.142	0.336	58.06	0.479	0.497	238	252	-0.247619	0.051587	
A/duck/Taiwan/11254/2013_	0.3057	0.2539	0.3250	0.3403	0.155	-0.142	0.336	59.22	0.479	0.497	238	252	-0.247619	0.051587	
A/duck/Taiwan/A3400/2015_	0.3057	0.2902	0.2944	0.3441	0.177	-0.090	0.367	54.31	0.506	0.497	237	252	-0.253968	0.051587	
A/duck/Taiwan/DV1238/2009	0.2953	0.3057	0.3000	0.3194	0.178	-0.037	0.397	55.35	0.506	0.505	237	252	-0.238492	0.051587	
A/duck/Taiwan/DV1241/2009	0.2953	0.3057	0.3000	0.3194	0.178	-0.037	0.397	55.35	0.506	0.505	237	252	-0.238492	0.051587	
A/duck/Taiwan/DV1242/2009	0.2953	0.3057	0.3000	0.3194	0.178	-0.037	0.397	55.35	0.506	0.505	237	252	-0.238492	0.051587	
A/duck/Taoyuan/16010023-1	0.3109	0.2798	0.3046	0.3387	0.172	-0.112	0.354	54.67	0.494	0.492	237	252	-0.253968	0.051587	
A/duck/Wenzhou/YJYF33/201	0.3125	0.2760	0.3116	0.3263	0.175	-0.092	0.367	57.84	0.485	0.501	237	252	-0.246429	0.047619	
A/duck/Wuhan/JXYFB22/2015	0.3438	0.2448	0.3131	0.3316	0.171	-0.119	0.350	48.53	0.460	0.487	237	252	-0.235318	0.051587	
A/duck/Wuhan/WHYF02/2015_	0.3438	0.2500	0.3131	0.3262	0.175	-0.098	0.363	50.92	0.460	0.487	237	252	-0.235318	0.051587	
A/duck/Xinjiang/12.18_WLM	0.2959	0.2908	0.2956	0.3316	0.175	-0.038	0.393	53.04	0.506	0.509	239	252	-0.218651	0.047619	
A/duck/Yilan/17A0092/2017	0.3109	0.2850	0.2944	0.3441	0.178	-0.083	0.371	53.85	0.502	0.497	237	252	-0.253968	0.051587	
A/duck/Yunlin/15010244-1/	0.3109	0.2850	0.2944	0.3441	0.177	-0.090	0.367	54.24	0.502	0.496	237	252	-0.253968	0.051587	
A/duck/Yunlin/15010277/20	0.3057	0.2902	0.2893	0.3495	0.177	-0.090	0.367	55.00	0.511	0.499	237	252	-0.253968	0.051587	
A/duck/Yunlin/15010310-4/	0.3109	0.2850	0.2944	0.3441	0.177	-0.090	0.367	54.24	0.502	0.496	237	252	-0.253968	0.051587	
A/duck/Yunlin/15010318-2/	0.3057	0.2902	0.2944	0.3441	0.177	-0.090	0.367	54.31	0.506	0.497	237	252	-0.253968	0.051587	
A/duck/Yunlin/15010369-1/	0.3109	0.2850	0.2944	0.3441	0.177	-0.090	0.367	54.24	0.502	0.496	237	252	-0.253968	0.051587	
A/duck/Yunlin/15010458-1/	0.3057	0.2902	0.2893	0.3495	0.177	-0.090	0.367	55.00	0.511	0.499	237	252	-0.253968	0.051587	
A/duck/Yunlin/15070002-2/	0.3057	0.2902	0.2944	0.3441	0.177	-0.090	0.367	54.31	0.506	0.497	237	252	-0.253968	0.051587	
A/duck/Yunlin/15A5019/201	0.3057	0.2902	0.2944	0.3441	0.177	-0.090	0.367	54.31	0.506	0.497	237	252	-0.253968	0.051587	
A/duck/Yunlin/17110001/20	0.3109	0.2850	0.2944	0.3441	0.176	-0.090	0.367	54.42	0.502	0.495	237	252	-0.253968	0.051587	
A/duck/Yunlin/17A0086/201	0.3109	0.2850	0.2944	0.3441	0.177	-0.083	0.371	53.80	0.502	0.496	237	252	-0.253968	0.051587	
A/duck/Yunlin/17A0686/201	0.3057	0.2902	0.2944	0.3441	0.180	-0.068	0.380	54.01	0.506	0.497	237	252	-0.253968	0.051587	
A/duck/Yunlin/18060007-3/	0.3109	0.2850	0.2944	0.3441	0.174	-0.090	0.367	53.92	0.502	0.495	237	252	-0.264286	0.051587	
A/duck/Yunlin/18X00007-3/	0.3057	0.2850	0.3046	0.3387	0.175	-0.083	0.371	52.83	0.498	0.495	237	252	-0.253968	0.051587	
A/duck/Yunnan/4072/2003_H	0.3333	0.2604	0.2879	0.3529	0.178	-0.076	0.376	54.52	0.489	0.493	237	252	-0.245238	0.051587	
A/duck/Yunnan/426/2004_H5	0.3333	0.2604	0.2879	0.3529	0.177	-0.090	0.367	54.09	0.489	0.493	237	252	-0.245238	0.051587	
A/duck/Yunnan/4645/2003_H	0.3333	0.2604	0.2828	0.3583	0.177	-0.083	0.371	54.39	0.494	0.495	237	252	-0.245238	0.051587	
A/duck/Yunnan/47/2006_H5N	0.3125	0.2969	0.2893	0.3387	0.191	-0.041	0.397	54.58	0.506	0.501	237	252	-0.238095	0.051587	
A/duck/Yunnan/485/2004_H5	0.3333	0.2604	0.2828	0.3583	0.177	-0.083	0.371	54.39	0.494	0.495	237	252	-0.245238	0.051587	
A/duck/Yunnan/4873/2006_H	0.3125	0.2812	0.2879	0.3529	0.179	-0.068	0.380	54.33	0.506	0.500	237	252	-0.245238	0.051587	
A/duck/Yunnan/5090/2003_H	0.3333	0.2604	0.2828	0.3583	0.177	-0.083	0.371	54.39	0.494	0.495	237	252	-0.245238	0.051587	
A/duck/Yunnan/5169/2003_H	0.3333	0.2604	0.2828	0.3583	0.177	-0.083	0.371	54.39	0.494	0.495	237	252	-0.245238	0.051587	
A/duck/Yunnan/522/2004_H5	0.3333	0.2604	0.2828	0.3583	0.177	-0.083	0.371	54.39	0.494	0.495	237	252	-0.245238	0.051587	
A/duck/Yunnan/5310/2006_H	0.3229	0.2708	0.2879	0.3529	0.185	-0.054	0.388	54.95	0.498	0.497	237	252	-0.245238	0.051587	
A/duck/Yunnan/5948/2003_H	0.3333	0.2604	0.2828	0.3583	0.177	-0.083	0.371	54.67	0.494	0.495	237	252	-0.245635	0.051587	
A/duck/Yunnan/6080/2003_H	0.3333	0.2604	0.2828	0.3583	0.177	-0.083	0.371	54.61	0.494	0.493	237	252	-0.245238	0.051587	
A/duck/Yunnan/6603/2003_H	0.3333	0.2604	0.2828	0.3583	0.177	-0.083	0.371	54.39	0.494	0.495	237	252	-0.245238	0.051587	
A/duck/Zhejiang/1026109/2	0.3109	0.2798	0.2908	0.3587	0.180	-0.086	0.371	55.37	0.506	0.495	237	252	-0.246032	0.051587	
A/duck/Zhejiang/1220092/2	0.3125	0.2708	0.3166	0.3263	0.173	-0.099	0.363	58.01	0.481	0.500	237	252	-0.246429	0.047619	
A/duck/Zhejiang/213/2011_	0.3229	0.2656	0.3131	0.3316	0.174	-0.112	0.354	50.16	0.477	0.491	237	252	-0.245238	0.051587	
A/duck/Zhejiang/224/2011_	0.3281	0.2604	0.3081	0.3369	0.175	-0.105	0.359	50.53	0.477	0.491	237	252	-0.245238	0.051587	
A/duck/Zhejiang/2242/2011	0.3281	0.2604	0.3081	0.3369	0.175	-0.105	0.359	50.53	0.477	0.491	237	252	-0.245238	0.051587	
A/duck/Zhejiang/2243/2011	0.3281	0.2604	0.3081	0.3369	0.175	-0.105	0.359	50.53	0.477	0.491	237	252	-0.245238	0.051587	
A/duck/Zhejiang/2244/2011	0.3281	0.2604	0.3081	0.3369	0.175	-0.105	0.359	50.53	0.477	0.491	237	252	-0.245238	0.051587	
A/duck/Zhejiang/2245/2011	0.2953	0.3005	0.2800	0.3455	0.180	-0.022	0.405	57.40	0.523	0.511	237	252	-0.238492	0.051587	
A/duck/Zhejiang/2248/2011	0.3281	0.2604	0.3081	0.3369	0.175	-0.105	0.359	50.53	0.477	0.491	237	252	-0.245238	0.051587	
A/duck/Zhejiang/6D18/2013	0.3212	0.2694	0.2995	0.3441	0.174	-0.090	0.367	56.04	0.489	0.493	237	252	-0.243651	0.051587	
A/duck/Zhejiang/6D2/2013_	0.3333	0.2500	0.3081	0.3422	0.172	-0.112	0.354	49.37	0.473	0.485	237	252	-0.255556	0.051587	
A/duck/Zhejiang/6DK19/201	0.3333	0.2500	0.3081	0.3422	0.172	-0.112	0.354	49.37	0.473	0.485	237	252	-0.255556	0.051587	
A/duck/Zhejiang/727041/20	0.3333	0.2552	0.3030	0.3422	0.173	-0.119	0.350	50.75	0.477	0.493	237	252	-0.235318	0.051587	
A/duck/Zhejiang/727158/20	0.3438	0.2448	0.3182	0.3262	0.173	-0.105	0.359	50.07	0.456	0.485	237	252	-0.235318	0.051587	
A/duck/Zhejiang/77138/201	0.3368	0.2487	0.3147	0.3333	0.176	-0.105	0.359	48.80	0.464	0.485	237	252	-0.245635	0.051587	
A/duck/Zhejiang/925019/20	0.3161	0.2746	0.2944	0.3495	0.180	-0.076	0.376	56.08	0.498	0.496	237	252	-0.243651	0.051587	
A/duck/Zhejiang/925169/20	0.3161	0.2746	0.2944	0.3495	0.180	-0.076	0.376	56.08	0.498	0.496	237	252	-0.243651	0.051587	
A/duck/Zhejiang/W24/2013_	0.3212	0.2694	0.2944	0.3495	0.178	-0.083	0.371	56.04	0.494	0.495	237	252	-0.243651	0.051587	
A/egret/Zhejiang/W15/2017	0.3281	0.2656	0.3081	0.3316	0.174	-0.098	0.363	49.83	0.477	0.491	237	252	-0.245238	0.051587	
A/egret/Zhejiang/W18/2017	0.3333	0.2448	0.3283	0.3262	0.172	-0.112	0.354	47.85	0.456	0.485	237	252	-0.235318	0.051587	
A/equine/China/61/2010_H5	0.3212	0.2798	0.2792	0.3548	0.178	-0.076	0.376	54.22	0.506	0.500	237	252	-0.244048	0.051587	
A/equine/China/67/2010_H5	0.3161	0.2798	0.2828	0.3529	0.178	-0.068	0.380	55.30	0.506	0.501	237	252	-0.234127	0.051587	
A/equine/China/68/2010_H5	0.3177	0.2760	0.2828	0.3583	0.177	-0.076	0.376	54.68	0.506	0.500	237	252	-0.245238	0.051587	
A/eurasian_coot/Shandong/	0.2908	0.2959	0.2956	0.3316	0.170	-0.060	0.381	52.52	0.510	0.511	239	252	-0.218651	0.047619	
A/eurasian_coot/Shandong/	0.2908	0.2959	0.2956	0.3316	0.170	-0.060	0.381	52.52	0.510	0.511	239	252	-0.218651	0.047619	
A/eurasian_coot/Shandong/	0.2908	0.2959	0.2956	0.3316	0.170	-0.060	0.381	52.52	0.510	0.511	239	252	-0.218651	0.047619	
A/eurasian_coot/Shandong/	0.2908	0.2959	0.2956	0.3316	0.170	-0.060	0.381	52.52	0.510	0.511	239	252	-0.218651	0.047619	
A/feline/Guangdong/2/2015	0.3281	0.2604	0.3081	0.3369	0.174	-0.105	0.359	50.41	0.477	0.491	237	252	-0.245238	0.051587	
A/gadwall/Ningxia/YG61/20	0.2974	0.2923	0.2822	0.3438	0.171	-0.041	0.391	56.00	0.517	0.511	238	252	-0.207937	0.043651	
A/goose/Changhua/15040008	0.3109	0.2850	0.2944	0.3441	0.177	-0.090	0.367	54.24	0.502	0.496	237	252	-0.253968	0.051587	
A/goose/Chiayi/15010008-3	0.3005	0.2953	0.2944	0.3441	0.177	-0.090	0.367	54.11	0.511	0.499	237	252	-0.253968	0.051587	
A/goose/Chiayi/15010016-1	0.3057	0.2902	0.2944	0.3441	0.177	-0.090	0.367	54.31	0.506	0.497	237	252	-0.253968	0.051587	
A/goose/Chiayi/15020022/2	0.3057	0.2902	0.2893	0.3495	0.176	-0.098	0.363	55.15	0.511	0.499	237	252	-0.253968	0.051587	
A/goose/Chiayi/16010017-2	0.3057	0.2850	0.2995	0.3441	0.178	-0.090	0.367	54.14	0.502	0.493	237	252	-0.264286	0.051587	
A/goose/Chiayi/16040003-1	0.3057	0.2902	0.2944	0.3441	0.177	-0.090	0.367	54.31	0.506	0.497	237	252	-0.253968	0.051587	
A/goose/Chiayi/16040005/2	0.3057	0.2902	0.2944	0.3441	0.177	-0.090	0.367	54.31	0.506	0.497	237	252	-0.253968	0.051587	
A/goose/Chiayi/17020027-1	0.3057	0.2850	0.2944	0.3495	0.175	-0.083	0.371	54.62	0.506	0.496	237	252	-0.253968	0.051587	
A/goose/Chiayi/17040014/2	0.3005	0.2953	0.2944	0.3441	0.180	-0.083	0.371	54.39	0.511	0.499	237	252	-0.253968	0.051587	
A/goose/Chiayi/18010006/2	0.3109	0.2850	0.2995	0.3387	0.175	-0.090	0.367	54.16	0.498	0.495	237	252	-0.253968	0.051587	
A/goose/Chiayi/18020014-1	0.3161	0.2798	0.2944	0.3441	0.178	-0.083	0.371	54.16	0.498	0.495	237	252	-0.253968	0.051587	
A/goose/Chiayi/18020014-2	0.3161	0.2798	0.2944	0.3441	0.178	-0.083	0.371	54.16	0.498	0.495	237	252	-0.253968	0.051587	
A/goose/China/0701/2018_H	0.3316	0.2539	0.3249	0.3226	0.169	-0.112	0.354	48.24	0.460	0.485	237	252	-0.244048	0.051587	
A/goose/China/1/2021_H5N8	0.2908	0.2959	0.2941	0.3299	0.170	-0.060	0.381	51.84	0.510	0.512	239	252	-0.198016	0.047619	
A/goose/China/1106/2016_H	0.3161	0.2850	0.2843	0.3514	0.175	-0.092	0.367	56.35	0.506	0.496	237	252	-0.251191	0.051587	
A/goose/China/E43/2012_H5	0.3229	0.2656	0.3116	0.3298	0.175	-0.105	0.359	50.67	0.477	0.492	237	252	-0.234524	0.051587	
A/goose/China/M14/2016_H5	0.3021	0.2708	0.3317	0.3228	0.168	-0.100	0.363	56.50	0.477	0.496	237	252	-0.243651	0.047619	
A/goose/Eastern_China/111	0.3041	0.2887	0.2843	0.3548	0.183	-0.045	0.392	56.05	0.515	0.503	237	252	-0.246032	0.051587	
A/goose/Eastern_China/223	0.3177	0.2708	0.3069	0.3229	0.177	-0.048	0.392	57.90	0.481	0.499	237	252	-0.245635	0.047619	
A/goose/Eastern_China/CZ/	0.3212	0.2746	0.2995	0.3387	0.179	-0.076	0.376	55.80	0.489	0.493	237	252	-0.243651	0.051587	
A/goose/Eastern_China/L12	0.3161	0.2850	0.2741	0.3602	0.184	-0.032	0.401	57.44	0.515	0.501	237	252	-0.243651	0.051587	
A/goose/Eastern_China/L12	0.3161	0.2850	0.2741	0.3602	0.184	-0.032	0.401	57.44	0.515	0.501	237	252	-0.243651	0.051587	
A/goose/Eastern_China/S04	0.3212	0.2694	0.3046	0.3387	0.175	-0.083	0.371	56.17	0.485	0.492	237	252	-0.243651	0.051587	
A/goose/Eastern_China/S05	0.3281	0.2552	0.3182	0.3316	0.169	-0.112	0.354	50.37	0.468	0.489	237	252	-0.235318	0.051587	
A/goose/Fujian/10.11_FZHX	0.3229	0.2708	0.3081	0.3316	0.175	-0.090	0.367	50.54	0.481	0.492	237	252	-0.245238	0.051587	
A/goose/Fujian/10.26_FZHX	0.3333	0.2604	0.2929	0.3476	0.184	-0.083	0.371	49.74	0.485	0.495	237	252	-0.235318	0.051587	
A/goose/Fujian/10.26_FZHX	0.3333	0.2604	0.2929	0.3476	0.184	-0.083	0.371	49.74	0.485	0.495	237	252	-0.235318	0.051587	
A/goose/Fujian/10.26_FZHX	0.3333	0.2604	0.2929	0.3476	0.184	-0.083	0.371	49.74	0.485	0.495	237	252	-0.235318	0.051587	
A/goose/Fujian/10.26_FZHX	0.3333	0.2604	0.2929	0.3476	0.184	-0.083	0.371	49.74	0.485	0.495	237	252	-0.235318	0.051587	
A/goose/Fujian/10.26_FZHX	0.3333	0.2604	0.2929	0.3476	0.184	-0.083	0.371	49.74	0.485	0.495	237	252	-0.235318	0.051587	
A/goose/Fujian/10.26_FZHX	0.3333	0.2604	0.2929	0.3476	0.184	-0.083	0.371	49.74	0.485	0.495	237	252	-0.235318	0.051587	
A/goose/Fujian/10.26_FZHX	0.3333	0.2604	0.2929	0.3476	0.184	-0.083	0.371	49.74	0.485	0.495	237	252	-0.235318	0.051587	
A/goose/Fujian/10.26_FZHX	0.3333	0.2604	0.2929	0.3476	0.184	-0.083	0.371	49.74	0.485	0.495	237	252	-0.235318	0.051587	
A/goose/Fujian/10.26_FZHX	0.3333	0.2604	0.2929	0.3476	0.184	-0.083	0.371	49.74	0.485	0.495	237	252	-0.235318	0.051587	
A/goose/Fujian/11.3_FZHX1	0.3229	0.2708	0.3081	0.3316	0.175	-0.090	0.367	50.54	0.481	0.492	237	252	-0.245238	0.051587	
A/goose/Fujian/3.15_FZHX0	0.3438	0.2396	0.3232	0.3262	0.169	-0.119	0.350	48.21	0.451	0.483	237	252	-0.245238	0.051587	
A/goose/Fujian/3.15_FZHX0	0.3438	0.2396	0.3232	0.3262	0.167	-0.119	0.350	48.88	0.451	0.483	237	252	-0.245238	0.051587	
A/goose/Fujian/3.15_FZHX0	0.3385	0.2448	0.3182	0.3316	0.167	-0.119	0.350	48.41	0.460	0.485	237	252	-0.245238	0.051587	
A/goose/Fujian/3.15_FZHX0	0.3385	0.2448	0.3232	0.3262	0.170	-0.105	0.359	47.94	0.456	0.484	237	252	-0.245238	0.051587	
A/goose/Fujian/3.15_FZHX0	0.3333	0.2500	0.3166	0.3298	0.170	-0.112	0.354	48.35	0.464	0.488	237	252	-0.234524	0.051587	
A/goose/GuangDong/1189/20	0.2959	0.2959	0.2857	0.3368	0.164	-0.067	0.377	53.30	0.515	0.511	239	252	-0.218651	0.047619	
A/goose/Guangdong/7.20_DG	0.3333	0.2552	0.3182	0.3262	0.177	-0.090	0.367	47.97	0.464	0.488	237	252	-0.245238	0.051587	
A/goose/Guangdong/72/2004	0.3194	0.2775	0.3096	0.3262	0.181	-0.066	0.381	54.49	0.483	0.493	236	252	-0.255556	0.051587	
A/goose/Guangdong/QY01/20	0.3229	0.2552	0.3131	0.3422	0.178	-0.106	0.359	49.59	0.477	0.492	237	252	-0.267857	0.051587	
A/goose/Guangdong/k0103/2	0.3264	0.2694	0.2879	0.3476	0.180	-0.068	0.380	57.37	0.494	0.496	237	252	-0.232937	0.051587	
A/goose/Guangdong/s13124/	0.3229	0.2708	0.2778	0.3656	0.176	-0.045	0.392	57.60	0.506	0.497	237	252	-0.223016	0.051587	
A/goose/Hebei/HG12/2021_H	0.2908	0.2959	0.2906	0.3368	0.170	-0.060	0.381	52.41	0.515	0.512	239	252	-0.218651	0.047619	
A/goose/Henan/01.01_LYGL0	0.3298	0.2670	0.3015	0.3351	0.177	-0.106	0.359	49.10	0.481	0.492	237	252	-0.232143	0.051587	
A/goose/Hong_Kong/23/1978	0.3109	0.2850	0.2750	0.3508	0.175	-0.030	0.401	59.77	0.515	0.509	237	252	-0.238492	0.051587	
A/goose/Hubei/65/2005_H5N	0.3037	0.2775	0.2950	0.3545	0.172	-0.080	0.371	55.92	0.506	0.501	237	252	-0.241270	0.047619	
A/goose/Inner_Mongolia/IM	0.3005	0.3005	0.2700	0.3508	0.184	-0.030	0.401	56.06	0.527	0.512	237	252	-0.238492	0.051587	
A/goose/Jiangsu/QD5/2014_	0.3212	0.2694	0.2944	0.3495	0.178	-0.083	0.371	56.04	0.494	0.495	237	252	-0.243651	0.051587	
A/goose/Jiangsu/k0403/201	0.3125	0.2865	0.2879	0.3476	0.177	-0.076	0.376	55.15	0.506	0.500	237	252	-0.245238	0.051587	
A/goose/Pingtung/15010007	0.3057	0.2902	0.2944	0.3441	0.177	-0.090	0.367	54.31	0.506	0.497	237	252	-0.253968	0.051587	
A/goose/Pingtung/15010037	0.3057	0.2902	0.2944	0.3441	0.177	-0.090	0.367	54.31	0.506	0.497	237	252	-0.253968	0.051587	
A/goose/Pingtung/15050014	0.3005	0.2953	0.2944	0.3441	0.177	-0.090	0.367	54.24	0.511	0.499	237	252	-0.253968	0.051587	
A/goose/Pingtung/16010061	0.3005	0.2953	0.2995	0.3387	0.177	-0.090	0.367	53.96	0.506	0.497	237	252	-0.253968	0.051587	
A/goose/Shantou/1763/2014	0.3385	0.2448	0.3182	0.3316	0.173	-0.098	0.363	50.45	0.460	0.487	237	252	-0.235318	0.051587	
A/goose/Tainan/16040018-1	0.3057	0.2953	0.2893	0.3441	0.176	-0.090	0.367	54.25	0.511	0.499	237	252	-0.253968	0.051587	
A/goose/Tainan/16070002/2	0.3057	0.2953	0.2944	0.3387	0.175	-0.098	0.363	54.61	0.506	0.497	237	252	-0.253968	0.051587	
A/goose/Tainan/17030022-1	0.3093	0.2835	0.2944	0.3441	0.177	-0.080	0.371	53.77	0.502	0.496	237	252	-0.225000	0.051587	
A/goose/Tainan/17030024-1	0.3109	0.2850	0.2995	0.3387	0.177	-0.083	0.371	52.96	0.498	0.495	237	252	-0.253968	0.051587	
A/goose/Tainan/18010022-1	0.3109	0.2850	0.2893	0.3495	0.177	-0.083	0.371	53.80	0.506	0.497	237	252	-0.253968	0.051587	
A/goose/Tainan/18050014-1	0.3057	0.2850	0.2944	0.3495	0.179	-0.068	0.380	54.57	0.506	0.497	237	252	-0.253968	0.051587	
A/goose/Taiwan/01019/2015	0.3057	0.2902	0.2944	0.3441	0.177	-0.090	0.367	54.31	0.506	0.497	237	252	-0.253968	0.051587	
A/goose/Taiwan/01022/2015	0.3109	0.2850	0.2893	0.3495	0.177	-0.090	0.367	54.93	0.506	0.497	237	252	-0.253968	0.051587	
A/goose/Taiwan/01023/2015	0.3057	0.2902	0.2944	0.3441	0.177	-0.090	0.367	54.31	0.506	0.497	237	252	-0.253968	0.051587	
A/goose/Taiwan/01031/2015	0.3073	0.2917	0.2944	0.3441	0.179	-0.090	0.367	54.32	0.506	0.496	237	252	-0.266270	0.051587	
A/goose/Taiwan/01038/2015	0.3057	0.2902	0.2944	0.3441	0.177	-0.090	0.367	54.31	0.506	0.497	237	252	-0.253968	0.051587	
A/goose/Taiwan/01039/2015	0.3057	0.2902	0.2995	0.3387	0.178	-0.084	0.371	54.68	0.502	0.497	237	252	-0.275397	0.051587	
A/goose/Taiwan/01040/2015	0.3005	0.2953	0.2944	0.3441	0.177	-0.090	0.367	54.24	0.511	0.499	237	252	-0.253968	0.051587	
A/goose/Taiwan/TNC1/2015_	0.3057	0.2902	0.2944	0.3441	0.177	-0.090	0.367	55.84	0.506	0.497	237	252	-0.253968	0.051587	
A/goose/Taiwan/TNC10/2015	0.3057	0.2902	0.2944	0.3441	0.177	-0.090	0.367	55.84	0.506	0.497	237	252	-0.253968	0.051587	
A/goose/Taiwan/TNC11/2015	0.3057	0.2902	0.2944	0.3441	0.177	-0.090	0.367	54.31	0.506	0.497	237	252	-0.253968	0.051587	
A/goose/Taiwan/TNC12/2015	0.3057	0.2902	0.2944	0.3441	0.177	-0.090	0.367	55.84	0.506	0.497	237	252	-0.253968	0.051587	
A/goose/Taiwan/TNC14/2015	0.3057	0.2902	0.2944	0.3441	0.177	-0.090	0.367	55.84	0.506	0.497	237	252	-0.253968	0.051587	
A/goose/Taiwan/TNC3/2015_	0.3057	0.2902	0.2893	0.3495	0.177	-0.090	0.367	55.00	0.511	0.499	237	252	-0.253968	0.051587	
A/goose/Taiwan/TNC7/2015_	0.3057	0.2902	0.2944	0.3441	0.177	-0.090	0.367	55.84	0.506	0.497	237	252	-0.253968	0.051587	
A/goose/Taiwan/TNC9/2015_	0.3057	0.2902	0.2893	0.3495	0.177	-0.090	0.367	55.00	0.511	0.499	237	252	-0.253968	0.051587	
A/goose/Taiwan/TNO15/2015	0.3057	0.2902	0.2944	0.3441	0.177	-0.090	0.367	54.31	0.506	0.497	237	252	-0.253968	0.051587	
A/goose/Taiwan/TNO3/2015_	0.3057	0.2902	0.2944	0.3441	0.177	-0.090	0.367	54.31	0.506	0.497	237	252	-0.253968	0.051587	
A/goose/Taiwan/TNO9/2015_	0.3057	0.2902	0.2944	0.3441	0.177	-0.090	0.367	54.31	0.506	0.497	237	252	-0.253968	0.051587	
A/goose/Taoyuan/15010041/	0.3057	0.2902	0.2893	0.3495	0.177	-0.090	0.367	55.00	0.511	0.499	237	252	-0.253968	0.051587	
A/goose/Taoyuan/18120002-	0.3057	0.2850	0.2995	0.3441	0.177	-0.083	0.371	54.19	0.502	0.496	237	252	-0.253968	0.051587	
A/goose/Xinjiang/12.18_WL	0.3438	0.2552	0.3182	0.3155	0.175	-0.083	0.371	50.35	0.456	0.485	237	252	-0.235318	0.051587	
A/goose/Xinjiang/12.18_WL	0.3438	0.2552	0.3182	0.3155	0.175	-0.083	0.371	50.35	0.456	0.485	237	252	-0.235318	0.051587	
A/goose/Xinjiang/12.18_WL	0.2959	0.2908	0.2906	0.3368	0.174	-0.038	0.393	52.20	0.510	0.511	239	252	-0.218651	0.047619	
A/goose/Xinjiang/12.18_WL	0.2959	0.2908	0.2906	0.3368	0.174	-0.038	0.393	52.20	0.510	0.511	239	252	-0.218651	0.047619	
A/goose/Xinjiang/12.18_WL	0.2959	0.2908	0.2906	0.3368	0.174	-0.038	0.393	52.20	0.510	0.511	239	252	-0.218651	0.047619	
A/goose/Xinjiang/12.18_WL	0.2959	0.2908	0.2956	0.3316	0.175	-0.038	0.393	51.62	0.506	0.509	239	252	-0.218651	0.047619	
A/goose/Yangzhou/0420/201	0.3212	0.2694	0.2995	0.3441	0.172	-0.090	0.367	57.56	0.489	0.492	237	252	-0.253968	0.051587	
A/goose/Yangzhou/YZ587/20	0.3333	0.2448	0.3232	0.3316	0.172	-0.112	0.354	48.23	0.460	0.487	237	252	-0.235318	0.051587	
A/goose/Yunlin/15010005/2	0.3057	0.2902	0.2944	0.3441	0.177	-0.090	0.367	54.31	0.506	0.497	237	252	-0.253968	0.051587	
A/goose/Yunlin/15010009-1	0.3057	0.2902	0.2944	0.3441	0.177	-0.090	0.367	54.31	0.506	0.497	237	252	-0.253968	0.051587	
A/goose/Yunlin/15010010-2	0.3057	0.2902	0.2944	0.3441	0.177	-0.090	0.367	54.31	0.506	0.497	237	252	-0.253968	0.051587	
A/goose/Yunlin/15010011-1	0.3057	0.2902	0.2944	0.3441	0.177	-0.090	0.367	54.31	0.506	0.497	237	252	-0.253968	0.051587	
A/goose/Yunlin/15010029-1	0.3057	0.2902	0.2944	0.3441	0.177	-0.090	0.367	54.31	0.506	0.497	237	252	-0.253968	0.051587	
A/goose/Yunlin/15040040/2	0.2953	0.3005	0.2893	0.3495	0.177	-0.083	0.371	53.51	0.519	0.501	237	252	-0.253968	0.051587	
A/goose/Yunlin/16020008-4	0.3057	0.2902	0.2944	0.3441	0.177	-0.090	0.367	54.31	0.506	0.497	237	252	-0.253968	0.051587	
A/goose/Yunlin/16020011-1	0.3057	0.2902	0.2995	0.3387	0.178	-0.090	0.367	53.37	0.502	0.496	237	252	-0.253968	0.051587	
A/goose/Yunlin/16040002-2	0.3057	0.2902	0.2944	0.3441	0.177	-0.090	0.367	54.31	0.506	0.497	237	252	-0.253968	0.051587	
A/goose/Yunlin/17100005/2	0.3109	0.2850	0.2995	0.3387	0.180	-0.068	0.380	53.61	0.498	0.495	237	252	-0.253968	0.051587	
A/goose/Yunlin/18030020-2	0.3161	0.2798	0.2944	0.3441	0.178	-0.076	0.376	54.76	0.498	0.493	237	252	-0.253968	0.051587	
A/goose/Yunlin/18030020-3	0.3161	0.2798	0.3046	0.3351	0.173	-0.084	0.371	52.70	0.489	0.489	237	252	-0.252778	0.051587	
A/goose/Yunlin/18040002-3	0.3109	0.2850	0.2893	0.3495	0.177	-0.083	0.371	53.80	0.506	0.497	237	252	-0.253968	0.051587	
A/goose/Yunlin/18040018-2	0.3109	0.2850	0.2995	0.3387	0.177	-0.076	0.376	53.82	0.498	0.495	237	252	-0.253968	0.051587	
A/goose/Yunlin/18090002-3	0.3057	0.2850	0.2893	0.3568	0.176	-0.076	0.376	53.41	0.511	0.497	237	252	-0.252778	0.051587	
A/goose/Yunlin/18090006-1	0.2990	0.2938	0.2980	0.3422	0.180	-0.069	0.378	54.81	0.508	0.499	238	252	-0.246429	0.051587	
A/goose/Yunlin/18110002-3	0.3057	0.2850	0.2995	0.3441	0.177	-0.083	0.371	54.19	0.502	0.496	237	252	-0.253968	0.051587	
A/goose/Yunnan/3798/2006_	0.3125	0.2812	0.2879	0.3529	0.179	-0.068	0.380	54.33	0.506	0.500	237	252	-0.245238	0.051587	
A/goose/Yunnan/4371/2006_	0.3125	0.2812	0.2879	0.3529	0.179	-0.068	0.380	54.33	0.506	0.500	237	252	-0.245238	0.051587	
A/goose/Yunnan/4389/2006_	0.3125	0.2812	0.2879	0.3529	0.179	-0.068	0.380	54.33	0.506	0.500	237	252	-0.245238	0.051587	
A/goose/Yunnan/4985/2006_	0.3125	0.2812	0.2879	0.3529	0.179	-0.068	0.380	54.33	0.506	0.500	237	252	-0.245238	0.051587	
A/goose/Yunnan/5141/2006_	0.3125	0.2812	0.2814	0.3564	0.176	-0.076	0.376	54.41	0.511	0.503	237	252	-0.234524	0.051587	
A/goose/Yunnan/5769/2006_	0.3229	0.2708	0.2879	0.3529	0.182	-0.068	0.380	54.61	0.498	0.497	237	252	-0.245238	0.051587	
A/goose/Yunnan/5979/2006_	0.3229	0.2708	0.2879	0.3529	0.182	-0.068	0.380	54.61	0.498	0.497	237	252	-0.245238	0.051587	
A/goose/Yunnan/6193/2006_	0.3229	0.2760	0.2828	0.3529	0.177	-0.068	0.380	54.54	0.502	0.499	237	252	-0.245238	0.051587	
A/goose/Zhejiang/1120132/	0.3385	0.2396	0.3131	0.3422	0.173	-0.105	0.359	49.83	0.464	0.484	237	252	-0.255556	0.051587	
A/goose/Zhejiang/112071/2	0.3229	0.2656	0.3131	0.3316	0.175	-0.103	0.359	50.35	0.477	0.489	237	252	-0.235714	0.051587	
A/goose/Zhejiang/112080/2	0.3385	0.2396	0.3182	0.3369	0.174	-0.098	0.363	49.90	0.460	0.483	237	252	-0.255556	0.051587	
A/goose/Zhejiang/727092/2	0.3438	0.2448	0.3182	0.3262	0.173	-0.105	0.359	50.07	0.456	0.485	237	252	-0.235318	0.051587	
A/goose/Zhejiang/727098/2	0.3281	0.2656	0.3131	0.3262	0.178	-0.098	0.363	52.12	0.473	0.489	237	252	-0.245238	0.051587	
A/goose/Zhejiang/727110/2	0.3438	0.2448	0.3182	0.3262	0.173	-0.105	0.359	50.07	0.456	0.485	237	252	-0.235318	0.051587	
A/goose/Zhejiang/77166/20	0.3368	0.2487	0.3147	0.3333	0.176	-0.105	0.359	48.80	0.464	0.485	237	252	-0.245635	0.051587	
A/goose/Zhejiang/77167/20	0.3368	0.2487	0.3147	0.3333	0.176	-0.105	0.359	48.80	0.464	0.485	237	252	-0.245635	0.051587	
A/goose/Zhejiang/77168/20	0.3368	0.2487	0.3147	0.3333	0.176	-0.105	0.359	48.80	0.464	0.485	237	252	-0.245635	0.051587	
A/goose/Zhejiang/925036/2	0.3281	0.2604	0.3081	0.3369	0.171	-0.112	0.354	49.59	0.477	0.491	237	252	-0.245635	0.051587	
A/goose/Zhejiang/925037/2	0.3161	0.2746	0.2944	0.3495	0.180	-0.076	0.376	56.08	0.498	0.496	237	252	-0.243651	0.051587	
A/goose/Zhejiang/925104/2	0.3161	0.2746	0.2944	0.3495	0.180	-0.076	0.376	56.08	0.498	0.496	237	252	-0.243651	0.051587	
A/goose/Zhejiang/925105/2	0.3333	0.2500	0.3131	0.3369	0.176	-0.090	0.367	49.78	0.468	0.485	237	252	-0.255556	0.051587	
A/goose/Zhejiang/925106/2	0.3161	0.2746	0.2944	0.3495	0.180	-0.076	0.376	56.08	0.498	0.496	237	252	-0.243651	0.051587	
A/goose/Zhejiang/925108/2	0.3333	0.2500	0.3131	0.3369	0.176	-0.090	0.367	49.78	0.468	0.485	237	252	-0.255556	0.051587	
A/great_black-headed_gull	0.3229	0.2760	0.2778	0.3602	0.183	-0.056	0.388	55.81	0.506	0.501	237	252	-0.226587	0.051587	
A/great_crested-grebe/Qin	0.3229	0.2760	0.3030	0.3316	0.175	-0.090	0.367	56.43	0.485	0.492	237	252	-0.245238	0.051587	
A/great_egret/Hong_Kong/8	0.3281	0.2656	0.2980	0.3422	0.176	-0.098	0.363	50.48	0.485	0.493	237	252	-0.245238	0.051587	
A/great_tit/Panjing/PJ-66	0.3177	0.2812	0.2778	0.3583	0.176	-0.076	0.376	56.39	0.511	0.501	237	252	-0.245238	0.051587	
A/green-winged_teal/Xiang	0.2850	0.3161	0.2950	0.3246	0.173	-0.037	0.397	58.15	0.519	0.509	237	252	-0.238492	0.051587	
A/grey_heron/Hong_Kong/10	0.3229	0.2708	0.2980	0.3422	0.174	-0.105	0.359	50.24	0.489	0.495	237	252	-0.245238	0.051587	
A/grey_heron/Hong_Kong/30	0.3229	0.2708	0.2980	0.3422	0.174	-0.105	0.359	50.24	0.489	0.495	237	252	-0.245238	0.051587	
A/heron/Kaohsiung/15WB328	0.2850	0.3057	0.2850	0.3455	0.182	-0.015	0.409	56.38	0.527	0.513	237	252	-0.238492	0.051587	
A/heron/Yilan/17DB0001/20	0.3057	0.2902	0.2995	0.3387	0.178	-0.076	0.376	53.72	0.502	0.496	237	252	-0.253968	0.051587	
A/hill_myna/Heilongjiang/	0.3177	0.2708	0.3232	0.3209	0.173	-0.112	0.354	51.08	0.473	0.489	237	252	-0.245238	0.051587	
A/lesser_kestrel/Heilongj	0.3194	0.2827	0.2778	0.3583	0.185	-0.055	0.388	55.46	0.511	0.500	237	252	-0.241270	0.051587	
A/lion/Hubei/1-2/2016_H5N	0.3125	0.2656	0.3166	0.3316	0.174	-0.099	0.363	58.27	0.481	0.500	237	252	-0.246429	0.047619	
A/little_egret/Hong_Kong/	0.3281	0.2656	0.2828	0.3583	0.177	-0.083	0.371	52.75	0.498	0.497	237	252	-0.245238	0.051587	
A/little_grebe/Xianghai/4	0.2746	0.3212	0.2700	0.3542	0.192	-0.031	0.401	56.31	0.549	0.524	237	252	-0.237699	0.051587	
A/magpie_robin/Hong_Kong/	0.3229	0.2708	0.3030	0.3369	0.172	-0.112	0.354	50.61	0.485	0.493	237	252	-0.245238	0.051587	
A/magpie_robin/Hong_Kong/	0.3229	0.2708	0.2980	0.3422	0.174	-0.105	0.359	50.24	0.489	0.495	237	252	-0.245238	0.051587	
A/mallard/Shanghai/SH-9/2	0.3212	0.2694	0.2944	0.3495	0.178	-0.077	0.376	57.38	0.494	0.496	237	252	-0.276587	0.051587	
A/meerkat/Shanghai/SH-1/2	0.3125	0.2760	0.3081	0.3369	0.177	-0.090	0.367	51.25	0.489	0.495	237	252	-0.245238	0.051587	
A/migratory_waterfowl/Hub	0.3333	0.2500	0.3030	0.3476	0.175	-0.105	0.359	49.64	0.477	0.488	237	252	-0.255556	0.051587	
A/migratory_waterfowl/Hub	0.3333	0.2500	0.3030	0.3476	0.175	-0.105	0.359	49.64	0.477	0.488	237	252	-0.255556	0.051587	
A/mink/China/181/2019_H5N	0.3333	0.2500	0.3232	0.3262	0.170	-0.112	0.354	48.62	0.460	0.485	237	252	-0.245238	0.051587	
A/mink/China/183/2019_H5N	0.3333	0.2500	0.3283	0.3209	0.169	-0.119	0.350	47.80	0.456	0.484	237	252	-0.245238	0.051587	
A/mink/China/191/2019_H5N	0.3281	0.2500	0.3283	0.3262	0.168	-0.119	0.350	47.93	0.460	0.485	237	252	-0.245238	0.051587	
A/mink/China/456/2018_H5N	0.3438	0.2396	0.3283	0.3209	0.173	-0.090	0.367	48.60	0.447	0.481	237	252	-0.245238	0.051587	
A/mink/China/G/2015_H5N1|	0.3316	0.2487	0.3266	0.3262	0.171	-0.121	0.349	49.88	0.458	0.484	238	252	-0.234921	0.051587	
A/mink/China/XB/2015_H5N1	0.3177	0.2604	0.3166	0.3316	0.173	-0.106	0.359	58.43	0.477	0.499	237	252	-0.246429	0.047619	
A/mink/Eastern_China/006/	0.2857	0.3010	0.2956	0.3333	0.172	-0.039	0.393	53.20	0.515	0.509	239	252	-0.227381	0.047619	
A/mink/Eastern_China/0712	0.3385	0.2513	0.3300	0.2984	0.174	-0.049	0.391	56.01	0.445	0.484	238	252	-0.269048	0.051587	
A/mink/Eastern_China/149/	0.3281	0.2604	0.3131	0.3316	0.174	-0.090	0.367	49.01	0.473	0.488	237	252	-0.245238	0.051587	
A/mink/Eastern_China/528/	0.2857	0.3010	0.2956	0.3333	0.172	-0.039	0.393	53.20	0.515	0.509	239	252	-0.227381	0.047619	
A/mink/Eastern_China/571/	0.3385	0.2448	0.3232	0.3262	0.166	-0.119	0.350	47.61	0.456	0.484	237	252	-0.245238	0.051587	
A/mink/Northern_China/110	0.2908	0.2959	0.2956	0.3316	0.174	-0.031	0.397	53.89	0.510	0.509	239	252	-0.228571	0.047619	
A/night_heron/Taiwan/A289	0.3057	0.2902	0.2944	0.3441	0.177	-0.090	0.367	54.31	0.506	0.497	237	252	-0.253968	0.051587	
A/oriental_magpie_robin/H	0.3073	0.2812	0.3266	0.3122	0.179	-0.078	0.376	57.14	0.477	0.497	237	252	-0.243651	0.047619	
A/ostrich/Suzhou/097/2003	0.3490	0.2448	0.2929	0.3495	0.177	-0.092	0.367	53.75	0.473	0.488	237	252	-0.242460	0.051587	
A/parrot/Guangdong/258/20	0.3005	0.2850	0.3250	0.3089	0.182	-0.051	0.388	55.31	0.481	0.499	237	252	-0.238492	0.051587	
A/parrot/Guangdong/C99/20	0.3281	0.2656	0.2879	0.3529	0.177	-0.076	0.376	54.35	0.494	0.496	237	252	-0.245238	0.051587	
A/partridge/Shantou/2886/	0.3281	0.2656	0.2864	0.3511	0.177	-0.066	0.380	55.07	0.494	0.497	237	252	-0.241270	0.047619	
A/peacock/Yunnan/1/2015_H	0.3073	0.2708	0.3166	0.3316	0.170	-0.099	0.363	58.09	0.485	0.500	237	252	-0.246429	0.047619	
A/peacock/Yunnan/3/2015_H	0.3073	0.2708	0.3216	0.3263	0.169	-0.106	0.359	58.23	0.481	0.499	237	252	-0.246429	0.047619	
A/peregrine_falcon/Hong_K	0.3177	0.2708	0.3200	0.3158	0.176	-0.048	0.392	59.02	0.473	0.495	237	252	-0.257540	0.047619	
A/pheasant/Shantou/3535/2	0.3229	0.2708	0.2864	0.3511	0.173	-0.088	0.367	54.65	0.498	0.499	237	252	-0.241270	0.047619	
A/pheasant/Shantou/4567/2	0.3281	0.2656	0.2980	0.3422	0.176	-0.076	0.376	54.81	0.485	0.493	237	252	-0.245238	0.051587	
A/pied_megpie/Liaoning/7/	0.3141	0.2827	0.2995	0.3369	0.180	-0.066	0.381	53.78	0.496	0.497	236	252	-0.254365	0.051587	
A/pigeon/Fujian/1.17_FZHX	0.3073	0.2865	0.3065	0.3298	0.175	-0.090	0.367	51.23	0.494	0.499	237	252	-0.224603	0.051587	
A/pigeon/Hainan/1.14_HKPL	0.3333	0.2500	0.3182	0.3316	0.169	-0.112	0.354	48.58	0.464	0.487	237	252	-0.245238	0.051587	
A/pigeon/Hubei/RP25/2012_	0.3247	0.2680	0.3168	0.3073	0.174	-0.057	0.387	56.54	0.466	0.497	238	252	-0.261111	0.047619	
A/pigeon/Sichuan/NCXN29/2	0.3333	0.2552	0.3081	0.3387	0.171	-0.113	0.354	50.52	0.473	0.489	237	252	-0.232540	0.051587	
A/pigeon/Zhejiang/112089/	0.3229	0.2656	0.3131	0.3316	0.175	-0.105	0.359	50.10	0.477	0.491	237	252	-0.245238	0.051587	
A/pigeon/Zhejiang/112090/	0.3229	0.2656	0.3182	0.3262	0.176	-0.098	0.363	50.23	0.473	0.489	237	252	-0.245238	0.051587	
A/pigeon/Zhejiang/727097/	0.3281	0.2656	0.3131	0.3262	0.178	-0.098	0.363	52.12	0.473	0.489	237	252	-0.245238	0.051587	
A/plateau_pika/Qinghai/04	0.3125	0.2708	0.3282	0.3155	0.163	-0.095	0.366	57.47	0.472	0.499	235	251	-0.369323	0.055777	
A/quail/Guangxi/11/2002_H	0.3109	0.2798	0.2965	0.3386	0.171	-0.063	0.384	52.52	0.498	0.501	237	252	-0.276984	0.051587	
A/quail/Guangxi/12/2002_H	0.3109	0.2798	0.2965	0.3386	0.171	-0.063	0.384	52.52	0.498	0.501	237	252	-0.276984	0.051587	
A/quail/Guangxi/13/2002_H	0.3109	0.2798	0.2965	0.3386	0.171	-0.063	0.384	52.52	0.498	0.501	237	252	-0.276984	0.051587	
A/quail/Jiangsu/k0104/201	0.3161	0.2798	0.2944	0.3441	0.180	-0.068	0.380	57.60	0.498	0.496	237	252	-0.243651	0.051587	
A/quail/Nanchang/6631/201	0.3281	0.2604	0.2980	0.3476	0.174	-0.105	0.359	50.19	0.485	0.492	237	252	-0.255556	0.051587	
A/shrike/Tibet/13/2006_H5	0.3177	0.2760	0.2828	0.3583	0.180	-0.061	0.384	55.63	0.506	0.500	237	252	-0.245238	0.051587	
A/silkie_chicken/Dongguan	0.3281	0.2604	0.3131	0.3316	0.173	-0.119	0.350	49.42	0.473	0.491	237	252	-0.235318	0.051587	
A/silky_chicken/Shantou/4	0.3281	0.2656	0.2929	0.3476	0.180	-0.061	0.384	54.69	0.489	0.493	237	252	-0.245238	0.051587	
A/spot-billed_duck/Ningxi	0.3057	0.2953	0.2800	0.3403	0.183	-0.044	0.392	55.41	0.515	0.508	237	252	-0.238492	0.051587	
A/spot-billed_duck/Ningxi	0.2974	0.2923	0.2822	0.3438	0.171	-0.041	0.391	56.00	0.517	0.511	238	252	-0.207937	0.043651	
A/spot-billed_duck/Ningxi	0.2974	0.2923	0.2822	0.3438	0.171	-0.041	0.391	56.00	0.517	0.511	238	252	-0.207937	0.043651	
A/spot-billed_duck/Xiangh	0.3005	0.3057	0.2650	0.3508	0.188	-0.008	0.414	56.31	0.532	0.513	237	252	-0.238492	0.051587	
A/swan_goose/Jilin/JL01/2	0.3333	0.2500	0.3081	0.3422	0.175	-0.105	0.359	49.21	0.473	0.487	237	252	-0.255556	0.051587	
A/swan/China/ST/2016_H5N8	0.2959	0.2908	0.2857	0.3420	0.173	-0.038	0.393	52.68	0.515	0.511	239	252	-0.228571	0.047619	
A/swan/Shandong/W3762/202	0.3010	0.2857	0.2906	0.3385	0.179	-0.047	0.389	53.53	0.506	0.507	239	252	-0.225794	0.047619	
A/swan/Shanghai/10/2009_H	0.3229	0.2708	0.2879	0.3529	0.182	-0.061	0.384	55.15	0.498	0.497	237	252	-0.245238	0.051587	
A/swine/China/RZ/2018_H5N	0.3333	0.2500	0.3232	0.3262	0.169	-0.112	0.354	47.83	0.460	0.485	237	252	-0.245238	0.051587	
A/swine/Guangdong/1/2014_	0.3264	0.2642	0.3046	0.3387	0.173	-0.105	0.359	50.71	0.481	0.493	237	252	-0.235318	0.051587	
A/swine/Guangdong/2/2014_	0.3281	0.2604	0.3081	0.3369	0.173	-0.105	0.359	50.41	0.477	0.492	237	252	-0.235318	0.051587	
A/swine/Guangxi/592/2011_	0.3333	0.2552	0.3030	0.3422	0.175	-0.105	0.359	50.40	0.477	0.491	237	252	-0.245238	0.051587	
A/swine/Jiangsu/1/2008_H5	0.3177	0.2708	0.2950	0.3457	0.177	-0.059	0.384	58.78	0.494	0.496	237	252	-0.229365	0.047619	
A/swine/Jiangsu/2/2009_H5	0.3281	0.2656	0.2879	0.3548	0.184	-0.040	0.397	55.11	0.494	0.496	237	252	-0.234127	0.051587	
A/swine/Shandong/SD1/2014	0.3212	0.2694	0.3030	0.3369	0.174	-0.074	0.376	54.69	0.485	0.495	237	252	-0.247619	0.051587	
A/swine/Zhejiang/SW57/201	0.3281	0.2656	0.3131	0.3262	0.178	-0.098	0.363	52.12	0.473	0.489	237	252	-0.245238	0.051587	
A/thrush/Taipei_City/1512	0.2953	0.3005	0.2893	0.3495	0.179	-0.090	0.367	54.04	0.519	0.501	237	252	-0.253968	0.051587	
A/thrush/Taiwan/A234/2015	0.3057	0.2902	0.2944	0.3441	0.177	-0.090	0.367	54.31	0.506	0.497	237	252	-0.253968	0.051587	
A/tiger/Yunnan/tig1404/20	0.3333	0.2552	0.3182	0.3280	0.169	-0.111	0.354	51.06	0.464	0.485	237	252	-0.224603	0.051587	
A/tiger/Yunnan/tig1412/20	0.3385	0.2500	0.3131	0.3316	0.169	-0.119	0.350	48.99	0.464	0.485	237	252	-0.245238	0.051587	
A/tiger/Yunnan/tig1508/20	0.3281	0.2604	0.3116	0.3263	0.173	-0.113	0.354	56.86	0.473	0.497	237	252	-0.246429	0.047619	
A/turkey/Changhua/1601001	0.3057	0.2902	0.2995	0.3387	0.178	-0.090	0.367	53.37	0.502	0.496	237	252	-0.253968	0.051587	
A/turkey/Chiayi/17020092-	0.3005	0.2953	0.2944	0.3441	0.177	-0.090	0.367	55.51	0.511	0.499	237	252	-0.253968	0.051587	
A/turkey/Chiayi/18010013-	0.3109	0.2850	0.2893	0.3495	0.177	-0.083	0.371	53.80	0.506	0.497	237	252	-0.253968	0.051587	
A/turkey/Yunlin/15060049-	0.3109	0.2850	0.2944	0.3459	0.173	-0.098	0.363	53.84	0.502	0.495	237	252	-0.252778	0.051587	
A/turkey/Yunlin/18020020-	0.3109	0.2850	0.2893	0.3495	0.178	-0.076	0.376	54.03	0.506	0.499	237	252	-0.244048	0.051587	
A/turkey/Yunlin/18110001-	0.3057	0.2798	0.2995	0.3495	0.179	-0.068	0.380	53.95	0.502	0.496	237	252	-0.253968	0.051587	
A/turkey/Yunlin/18120005-	0.3057	0.2850	0.2995	0.3441	0.177	-0.083	0.371	54.19	0.502	0.496	237	252	-0.253968	0.051587	
A/turtle_dove/Guangdong/3	0.3177	0.2760	0.2879	0.3529	0.180	-0.061	0.384	55.44	0.502	0.499	237	252	-0.245238	0.051587	
A/turtledove/Wuhan/HKBJ43	0.3385	0.2552	0.3131	0.3262	0.174	-0.105	0.359	50.96	0.464	0.488	237	252	-0.235318	0.051587	
A/turtledove/Wuhan/WHBJ12	0.3385	0.2552	0.3131	0.3262	0.174	-0.105	0.359	50.96	0.464	0.488	237	252	-0.235318	0.051587	
A/turtledove/Wuhan/WHBJ28	0.3385	0.2552	0.3131	0.3262	0.174	-0.105	0.359	50.96	0.464	0.488	237	252	-0.235318	0.051587	
A/waterfowl/Hong_Kong/378	0.3212	0.2694	0.2944	0.3476	0.169	-0.076	0.376	51.66	0.494	0.495	237	252	-0.289286	0.051587	
A/white-naped_crane/China	0.3333	0.2604	0.2929	0.3476	0.184	-0.083	0.371	49.74	0.485	0.495	237	252	-0.235318	0.051587	
A/whooper_swan/Shanxi/RC0	0.2959	0.2908	0.2857	0.3420	0.173	-0.038	0.393	52.68	0.515	0.511	239	252	-0.228571	0.047619	
A/wild_bird/Eastern_China	0.2850	0.3109	0.2700	0.3560	0.179	-0.028	0.401	54.05	0.540	0.516	237	252	-0.228968	0.051587	
A/wild_bird/Eastern_China	0.2850	0.3109	0.2700	0.3560	0.180	-0.022	0.405	54.44	0.540	0.517	237	252	-0.238492	0.051587	
A/wild_bird/Eastern_China	0.2865	0.3125	0.2714	0.3526	0.180	-0.021	0.407	54.73	0.538	0.516	236	252	-0.247619	0.051587	
A/wild_bird/Taipei/04WB12	0.2902	0.3057	0.2750	0.3508	0.167	-0.059	0.384	56.78	0.532	0.512	237	252	-0.238492	0.051587	
A/wild_duck/Fujian/1/2011	0.3333	0.2604	0.3081	0.3316	0.183	-0.090	0.367	49.91	0.473	0.489	237	252	-0.245238	0.051587	
A/wild_duck/Fujian/2/2011	0.3333	0.2604	0.3081	0.3316	0.183	-0.090	0.367	49.91	0.473	0.489	237	252	-0.245238	0.051587	
A/wild_duck/Jilin/HF/2011	0.3177	0.2812	0.2778	0.3583	0.176	-0.076	0.376	56.39	0.511	0.501	237	252	-0.245238	0.051587	
A/wild_duck/Jilin/ZF/2011	0.3264	0.2694	0.2814	0.3545	0.184	-0.069	0.378	55.44	0.500	0.499	238	252	-0.237302	0.051587	
A/wild_duck/Liaoning/8/20	0.3158	0.2895	0.2995	0.3316	0.183	-0.075	0.377	53.80	0.496	0.497	236	252	-0.251984	0.051587	
A/wild_duck/Shandong/1/20	0.3351	0.2565	0.3081	0.3333	0.177	-0.090	0.369	58.16	0.470	0.489	236	252	-0.251984	0.055556	
A/wild_duck/Shandong/2/20	0.3246	0.2775	0.2879	0.3476	0.182	-0.070	0.380	55.81	0.498	0.495	237	252	-0.242857	0.051587	
A/wild_duck/Shandong/628/	0.3093	0.2835	0.2893	0.3495	0.176	-0.074	0.376	58.29	0.506	0.499	237	252	-0.255953	0.051587	
A/wild_duck/Shandong/W358	0.2908	0.2959	0.2956	0.3316	0.170	-0.060	0.381	52.52	0.510	0.511	239	252	-0.218651	0.047619	
A/wild_pigeon/Jilin/CC01/	0.3438	0.2500	0.3030	0.3369	0.176	-0.105	0.359	51.09	0.468	0.489	237	252	-0.235318	0.051587	
A/Eurasian_Wigeon/Ningxia	0.3385	0.2552	0.3081	0.3316	0.172	-0.112	0.354	49.05	0.468	0.489	237	252	-0.235318	0.051587	
