1_A/Indonesia/5/2005 9	9	9	9	8	6	2	9	6	15	0	0	7	0	1	15	2	7	4	0	0	4	6	1	0	10	7	0	4	2	5	1	12	14	22	13	10	4	7	10	14	9	12	9	9	1	7	6	7	11	11	6	5	2	11	10	10	5	9	14	7	1	11	13	
2_A/Hong_Kong/483/1997 9	9	7	9	9	7	7	10	4	10	0	0	8	2	1	16	1	7	6	0	1	4	2	1	3	11	8	1	3	2	5	0	11	8	21	15	12	8	8	11	17	9	8	7	7	1	9	9	8	10	9	10	2	3	10	7	7	4	12	11	9	2	10	13	
3_A/Hong_Kong/482/97 9	9	6	8	9	7	8	11	4	10	0	0	8	2	1	16	1	7	6	0	1	3	2	1	3	12	7	1	3	2	5	0	12	8	21	15	10	8	8	11	16	11	10	7	7	1	9	8	8	9	9	10	3	4	10	7	6	3	12	12	9	3	9	13	
4_A/Chicken/HongKong/F 10	8	11	10	7	7	4	9	2	11	0	0	10	3	1	16	3	7	5	0	0	3	3	1	1	11	8	0	3	2	6	2	12	14	26	14	10	6	10	10	18	10	11	10	6	1	8	3	8	13	10	8	4	2	10	11	12	3	9	12	8	1	11	15	
5_A/Chicken/HongKong/Y 10	8	12	9	8	7	1	10	3	12	0	0	9	2	1	16	2	6	4	0	0	4	6	1	1	11	9	0	4	2	5	2	12	13	24	13	11	7	10	12	15	10	12	9	7	1	7	4	7	11	10	9	5	3	11	10	12	4	10	12	8	1	10	15	
6_A/Chicken/HongKong/Y 9	9	11	10	8	5	4	9	3	10	0	0	10	5	1	16	3	7	4	0	2	3	3	1	1	11	8	0	4	2	6	2	11	15	22	14	13	7	11	10	13	7	13	9	11	1	7	4	7	10	14	7	3	4	10	10	11	3	9	12	9	1	11	14	
7_A/Pheasant/Hong_Kong 10	8	11	10	7	7	4	9	3	11	0	0	9	3	1	16	3	7	5	0	0	3	3	1	1	11	8	0	3	2	6	2	13	14	26	14	11	6	10	10	17	10	11	10	6	1	8	3	7	13	10	9	4	2	10	9	12	3	9	13	8	1	11	15	
8_A/Hong_Kong/486/97 9	9	6	8	8	7	9	11	4	10	0	0	8	2	1	16	1	7	6	0	1	3	2	1	3	12	7	1	3	2	5	0	12	8	20	15	10	8	9	11	16	11	10	7	7	1	9	8	8	9	9	10	3	4	10	7	6	3	12	12	9	3	9	13	
9_A/Thailand/16/2004 11	9	8	9	7	7	2	9	4	14	0	0	10	0	1	15	2	5	5	0	0	4	7	1	1	12	6	0	3	1	3	2	8	14	25	14	12	3	5	10	13	9	14	8	8	1	8	5	6	12	10	9	5	2	11	9	10	5	10	12	9	1	10	14	
10_A/Hong_Kong/538/97 9	9	6	8	9	8	8	11	4	10	0	0	8	1	1	16	2	7	6	0	0	3	2	1	3	12	7	1	3	2	5	0	12	8	21	14	10	8	8	11	16	11	11	7	7	1	9	8	8	8	9	9	3	5	11	7	5	3	13	12	10	3	8	13	
11_A/chicken/Indonesia/ 10	8	9	9	7	7	2	9	5	14	0	0	8	1	1	15	2	7	4	0	0	4	6	1	0	10	7	0	4	2	5	1	11	14	20	15	10	4	8	10	13	10	12	9	9	1	7	6	8	11	12	7	4	2	10	9	10	5	8	13	7	1	11	15	
12_A/chicken/Korea/ES/0 11	7	10	8	7	8	1	10	6	13	0	0	8	1	1	15	2	6	5	0	0	4	4	2	0	11	6	0	3	2	5	1	8	15	22	14	12	4	6	11	14	9	12	8	8	1	9	6	8	10	11	8	4	2	10	9	10	5	9	13	8	2	10	15	
13_A/Hong_Kong/156/97 9	9	6	9	9	7	8	10	4	9	0	0	8	3	1	16	1	7	6	0	1	3	2	1	3	12	8	1	3	2	5	0	12	8	21	15	10	8	8	11	18	9	9	7	7	1	9	8	8	10	9	10	3	3	10	7	6	4	12	12	9	2	9	13	
14_A/whooper_swan/Mongo 11	8	9	9	7	7	3	9	6	13	0	0	8	1	1	15	2	7	4	0	0	3	4	2	0	11	7	0	3	2	5	1	9	12	21	16	12	6	6	11	14	9	12	8	8	1	7	7	8	11	11	8	4	2	10	8	10	5	8	13	8	1	11	15	
15_A/Vietnam/UT3062/200 11	9	8	9	7	7	3	9	4	14	0	0	9	0	1	15	2	5	5	0	0	4	6	1	1	11	7	0	3	2	4	2	8	16	22	15	12	4	7	10	14	8	13	8	8	1	7	5	6	11	10	8	5	2	11	9	10	5	10	12	9	1	10	14	
16_A/Anas_crecca/Hubei/ 3	1	6	9	7	4	6	10	1	18	0	0	4	5	1	12	4	4	7	1	4	6	6	0	8	12	5	2	5	3	5	0	11	9	22	5	12	7	18	10	21	16	11	6	11	1	10	11	1	6	8	4	5	1	10	5	10	14	16	16	6	3	12	14	
17_A/Anas_crecca/Hubei/ 3	1	6	9	7	4	6	10	1	18	0	0	4	5	1	12	4	4	7	1	4	6	6	0	8	12	5	2	5	3	5	0	11	9	22	5	12	7	18	10	21	16	11	6	11	1	10	11	1	6	8	4	5	1	10	5	10	14	16	16	6	3	12	14	
18_A/Anas_platyrhynchos 11	10	10	8	7	7	5	11	3	13	0	0	7	1	1	16	2	5	4	1	0	5	4	1	1	7	7	0	7	4	7	1	12	13	23	14	11	7	13	10	16	9	7	11	9	3	10	4	9	10	9	9	4	2	11	7	10	2	9	10	6	3	13	18	
19_A/Anas_platyrhynchos 11	9	10	8	7	7	5	11	3	15	1	0	7	1	0	15	2	6	4	2	0	5	4	1	0	7	7	1	6	4	6	1	12	12	23	14	12	9	12	10	17	8	7	11	10	3	10	4	8	10	9	10	4	2	10	7	10	2	9	9	6	3	13	18	
20_A/Anhui/1/2005|EPI_I 11	8	9	8	7	7	2	10	7	12	0	0	7	2	1	15	2	6	4	0	0	4	6	1	0	12	7	0	3	1	5	1	11	13	24	15	9	4	8	8	15	9	12	10	8	1	6	6	8	13	10	7	4	1	10	9	9	5	10	12	9	1	10	15	
21_A/Anhui/1/2006|EPI_I 10	8	8	9	8	7	3	9	7	13	1	0	8	1	0	15	2	7	4	0	1	4	6	1	0	12	7	0	3	1	5	2	14	12	23	14	6	5	6	11	12	9	14	9	9	1	6	5	7	9	11	7	5	3	10	8	10	5	10	12	9	1	9	16	
22_A/Anhui/2/2005|EPI_I 9	8	9	8	9	7	2	10	7	13	1	0	7	1	0	15	2	6	4	0	0	4	6	1	0	12	7	0	3	1	5	1	11	12	24	15	9	5	8	8	15	9	12	10	8	1	6	6	8	13	10	8	4	1	10	8	9	5	9	12	9	1	11	15	
23_A/Anhui/2021-00011/2 6	0	2	9	3	5	10	10	3	18	0	0	4	4	1	12	3	4	6	1	3	5	5	0	6	15	10	3	9	1	2	0	7	9	18	8	14	7	18	6	19	17	14	8	11	1	9	10	0	6	8	4	7	0	10	5	10	15	17	14	4	3	8	13	
24_A/Anhui/33163/2016|E 7	0	2	8	3	6	11	11	2	20	0	0	5	1	1	12	2	3	6	1	4	4	4	0	9	16	6	3	4	2	6	0	7	9	18	6	14	8	17	6	20	15	10	11	11	1	10	8	1	5	10	4	6	2	11	5	10	15	15	16	6	2	8	14	
25_A/Anser_albifrons/Hu 6	5	7	10	12	5	6	9	2	11	1	0	1	4	0	12	3	6	6	0	1	9	5	0	6	9	6	4	6	1	3	2	10	11	23	9	9	7	14	5	22	19	14	4	7	2	11	8	8	5	14	9	5	6	14	5	13	3	12	12	7	3	8	13	
26_A/Anser_cygnoides/Ch 10	9	8	8	8	7	3	10	6	11	0	0	6	3	1	15	2	5	6	0	0	3	5	0	1	12	5	1	4	2	6	2	16	13	19	14	8	5	11	9	19	7	12	7	6	2	6	9	4	12	10	7	4	0	10	8	11	5	11	11	8	1	9	17	
27_A/Anser_cygnoides/Hu 10	8	10	12	7	6	4	5	7	10	1	0	4	1	0	14	1	6	7	0	4	5	2	0	3	9	8	3	3	1	8	1	13	14	19	9	5	4	7	5	13	8	12	10	9	3	7	13	12	5	17	8	9	5	7	8	14	8	18	17	13	2	5	12	
28_A/Anser_fabalis/Huna 3	1	7	9	7	4	5	9	1	19	0	0	4	3	1	12	4	3	8	1	4	7	5	0	8	11	4	2	4	3	5	1	11	9	18	5	11	8	17	9	19	14	13	6	12	1	10	9	1	6	10	5	5	1	10	4	10	13	14	15	6	3	13	14	
29_A/Anser_fabalis/Jiuj 11	9	10	8	7	7	5	11	3	15	1	0	7	1	0	15	2	6	4	2	0	5	4	1	0	7	7	1	6	4	6	1	12	12	23	14	12	9	12	10	17	8	7	11	10	3	10	4	8	10	9	10	4	2	10	7	10	2	9	9	6	3	13	18	
30_A/bar_headed_goose/T 10	7	9	11	7	7	5	6	5	9	1	0	6	3	0	14	1	5	8	0	4	6	2	0	4	9	6	2	2	1	11	2	13	13	15	9	8	6	9	5	15	7	11	11	11	2	6	12	9	4	14	9	9	5	9	7	11	9	18	18	12	3	6	12	
31_A/Bar-headed_Goose/Q 10	8	9	12	7	6	5	5	7	9	1	0	4	2	0	14	1	6	7	0	4	5	2	0	3	9	8	2	2	1	9	1	13	15	18	9	5	4	7	5	14	8	11	11	8	4	7	13	11	5	16	8	10	5	7	8	14	8	18	17	13	2	6	12	
32_A/Bar-headed_Goose/Q 10	7	10	12	7	6	5	5	7	9	1	0	4	2	0	14	0	6	7	0	4	5	2	0	3	9	8	2	2	1	9	1	13	15	18	9	5	4	7	5	14	8	12	10	8	4	7	13	12	5	16	8	10	5	7	8	14	8	18	18	13	2	6	11	
33_A/Bar-headed_Goose/Q 10	8	9	12	7	6	4	5	7	9	1	0	4	2	0	14	1	6	7	0	4	5	2	0	3	9	8	2	2	1	9	1	13	15	18	9	5	4	8	5	14	8	11	11	8	4	7	13	11	5	16	8	10	5	7	8	14	8	18	17	13	2	6	12	
34_A/Bar-headed_Goose/Q 10	8	9	12	7	6	5	5	7	9	1	0	4	2	0	14	1	6	7	0	4	5	2	0	3	9	8	2	2	1	9	1	13	15	18	9	5	4	7	5	14	8	11	11	8	4	7	13	11	5	16	8	10	5	7	8	14	8	18	17	13	2	6	12	
35_A/Bar-headed_Goose/Q 10	8	9	12	7	6	5	5	7	9	1	0	4	2	0	14	1	6	7	0	4	5	2	0	3	9	8	2	2	1	9	1	13	15	18	9	5	4	7	5	14	8	11	11	8	4	7	13	11	5	16	8	10	5	7	8	14	8	18	17	13	2	6	12	
36_A/Bar-headed_Goose/Q 9	8	9	12	7	6	5	5	7	9	1	0	5	2	0	14	1	6	7	0	4	5	2	0	3	9	7	2	2	1	10	1	13	15	18	9	5	4	8	5	14	8	11	11	8	4	7	13	11	5	16	8	10	5	6	8	14	8	18	17	13	2	6	12	
37_A/Bar-headed_Goose/Q 9	8	9	12	7	6	6	5	7	9	1	0	4	2	0	14	2	6	7	0	4	5	2	0	3	9	7	2	2	1	10	1	13	15	18	9	5	4	7	5	14	8	11	11	8	4	7	13	11	5	16	8	10	5	6	8	14	8	18	17	13	2	6	12	
38_A/Bar-headed_Goose/Q 10	8	9	12	7	6	5	5	7	9	1	0	4	2	0	14	1	6	7	0	4	5	2	0	3	9	7	2	2	1	10	1	13	15	18	9	5	4	7	5	14	8	11	11	8	4	7	13	11	5	16	8	10	5	7	8	14	8	18	17	13	2	6	12	
39_A/Bar-headed_Goose/Q 10	8	9	12	7	6	5	5	7	9	1	0	4	2	0	14	1	6	7	0	4	5	2	0	3	9	8	2	2	1	9	1	13	15	18	9	5	4	7	5	14	8	11	11	8	4	7	13	11	5	16	8	10	5	7	8	14	8	18	17	13	2	6	12	
40_A/Bar-headed_Goose/Q 9	8	9	12	7	6	5	5	7	9	1	0	4	2	0	14	1	6	7	0	4	5	2	0	3	9	8	2	2	1	9	1	14	15	18	8	5	4	7	5	14	8	11	11	8	4	7	13	11	5	16	9	10	5	7	8	14	8	18	17	13	2	6	12	
41_A/Bar-headed_Goose/Q 9	8	9	12	7	6	5	5	7	9	1	0	4	2	0	14	2	6	7	0	4	5	2	0	3	9	8	2	2	1	9	1	13	15	18	9	5	4	7	5	14	8	11	11	8	4	7	13	11	5	16	8	10	5	7	8	14	8	18	17	13	2	6	12	
42_A/Bar-headed_Goose/Q 10	8	9	12	7	6	5	5	7	9	1	0	4	2	0	14	1	6	7	0	4	5	2	0	3	9	8	2	2	1	9	1	13	15	18	9	5	4	7	5	14	8	11	11	8	4	7	13	11	5	16	8	10	5	7	8	14	8	18	17	13	2	6	12	
43_A/Bar-headed_Goose/Q 10	8	9	12	7	6	5	5	7	9	1	0	4	2	0	14	1	6	7	0	4	5	2	0	3	9	8	2	2	1	9	1	13	15	18	9	5	4	7	5	14	8	11	11	8	4	7	13	11	5	16	8	10	5	7	8	14	8	18	17	13	2	6	12	
44_A/Bar-headed_Goose/Q 10	8	9	12	7	6	5	5	7	9	1	0	4	2	0	14	1	6	7	0	4	5	2	0	3	9	8	2	2	1	9	1	13	15	18	9	5	4	7	5	14	8	11	11	8	4	7	13	11	5	16	8	10	5	7	8	14	8	18	17	13	2	6	12	
45_A/Bar-headed_Goose/Q 9	8	9	12	7	6	5	5	7	9	1	0	5	2	0	14	1	6	8	0	4	5	2	0	3	9	7	2	2	1	9	1	13	15	18	9	5	4	8	5	14	8	10	12	8	4	7	13	11	5	16	8	10	5	6	8	14	8	18	18	13	2	6	11	
46_A/Bar-headed_Goose/Q 10	8	9	12	7	6	5	5	7	9	1	0	4	2	0	14	1	6	7	0	4	5	2	0	3	9	8	2	2	1	9	1	13	15	18	9	5	4	7	5	14	8	11	11	8	4	7	13	11	5	16	8	10	5	7	8	14	8	18	17	13	2	6	12	
47_A/Bar-headed_Goose/Q 10	8	9	12	7	6	5	5	7	9	1	0	4	2	0	14	1	6	7	0	4	5	2	0	3	9	7	2	2	1	10	1	12	15	18	9	5	4	8	5	14	8	11	11	8	4	7	13	12	5	16	8	10	5	6	8	14	8	18	17	12	3	6	12	
48_A/Bar-headed_Goose/Q 10	8	9	12	7	6	5	5	7	9	1	0	4	2	0	14	1	6	7	0	4	5	2	0	3	9	8	2	2	1	9	1	13	15	18	9	5	4	7	5	14	8	11	11	8	4	7	13	11	5	16	8	10	5	7	8	14	8	18	17	13	2	6	12	
49_A/Bar-headed_Goose/Q 10	8	9	12	7	6	5	5	7	9	1	0	4	2	0	14	1	6	7	0	4	5	2	0	3	9	8	2	2	1	9	1	13	15	18	9	5	4	7	5	14	8	11	11	8	4	7	13	11	5	16	8	10	5	7	8	14	8	18	17	13	2	6	12	
50_A/Bar-headed_Goose/Q 10	8	9	12	7	6	5	5	7	9	1	0	4	2	0	14	1	6	7	1	4	5	2	0	3	9	8	2	2	1	9	0	13	15	18	9	5	4	7	5	14	8	11	11	8	4	7	13	11	5	16	8	10	5	7	7	14	8	18	17	13	2	6	13	
51_A/Bar-headed_Goose/Q 10	8	9	12	7	6	4	5	7	9	1	0	4	2	0	14	1	6	7	0	4	5	2	0	3	9	8	2	2	1	9	1	13	15	18	9	5	4	8	5	14	8	11	11	8	4	7	13	11	5	16	8	10	5	7	8	14	8	18	18	13	2	6	11	
52_A/Bar-headed_Goose/Q 10	8	9	12	7	6	5	5	7	9	1	0	4	2	0	14	1	6	7	0	4	5	2	0	3	9	8	2	2	1	9	1	13	15	18	9	5	4	7	5	14	8	11	11	8	4	7	13	11	5	16	8	10	5	7	8	14	8	18	17	13	2	6	12	
53_A/Bar-headed_Goose/Q 10	8	9	12	7	6	5	5	7	9	1	0	4	2	0	14	1	6	7	0	4	5	2	0	3	9	8	2	2	1	9	1	13	15	18	9	5	4	7	5	14	8	11	11	8	4	7	13	11	5	16	8	10	5	7	8	14	8	18	17	13	2	6	12	
54_A/Bar-headed_Goose/Q 10	8	9	12	7	6	5	5	7	9	1	0	4	2	0	14	1	6	7	0	4	5	2	0	3	9	8	2	2	1	9	1	13	15	17	9	5	4	8	5	14	8	11	11	8	3	9	11	11	5	16	8	10	5	6	9	14	8	18	17	14	2	6	12	
55_A/Bar-headed_Goose/Q 10	8	9	12	7	6	5	5	7	9	1	0	4	2	0	14	1	6	7	0	4	5	2	0	3	9	8	2	2	1	9	1	13	15	17	9	5	4	8	5	14	8	11	11	8	3	9	11	11	5	16	8	10	5	6	9	14	8	18	17	14	2	6	12	
56_A/Bar-headed_Goose/Q 10	8	9	12	7	6	5	5	7	9	1	0	4	2	0	14	1	6	7	0	4	5	2	0	3	9	8	2	2	1	9	1	13	15	17	9	5	4	8	5	14	8	11	11	8	3	9	11	11	5	16	8	10	5	6	9	14	8	18	17	14	2	6	12	
57_A/Bar-headed_Goose/Q 10	8	9	12	8	6	5	5	6	8	1	0	4	2	0	14	1	6	7	0	4	5	2	0	3	10	8	2	2	1	9	1	12	16	17	9	5	4	8	5	14	8	11	11	8	3	9	11	11	5	16	8	10	5	6	9	14	8	18	17	14	2	6	12	
58_A/Bar-headed_Goose/Q 10	8	9	12	7	6	5	5	7	9	1	0	4	2	0	14	1	6	7	0	4	5	2	0	3	9	8	2	2	1	9	1	13	15	17	9	5	4	8	5	14	8	11	11	8	3	9	11	11	5	16	8	10	5	6	9	14	8	18	17	14	2	6	12	
59_A/Bar-headed_Goose/Q 10	8	9	12	7	6	5	5	7	9	1	0	4	2	0	14	1	6	7	0	4	5	2	0	3	9	8	2	2	1	9	1	12	15	18	9	5	4	7	5	14	8	11	11	8	4	7	13	12	5	16	8	10	5	7	8	14	8	18	17	13	2	6	12	
60_A/Bar-headed_Goose/Q 10	8	9	12	7	6	5	5	7	9	1	0	4	2	0	14	1	6	7	1	4	5	2	0	3	9	8	2	2	1	9	0	13	15	18	9	4	5	7	5	14	8	11	11	8	4	7	13	11	5	16	8	10	5	7	8	14	8	18	17	13	2	6	12	
61_A/Bar-headed_Goose/Q 10	8	9	12	7	6	5	5	7	9	1	0	4	2	0	14	1	6	7	1	4	5	2	0	3	9	8	2	2	1	9	0	13	15	17	10	5	4	7	5	14	8	11	11	8	4	7	13	11	5	16	8	10	5	7	8	14	8	18	17	13	2	6	12	
62_A/Bar-headed_Goose/Q 11	7	9	12	7	6	5	5	7	9	1	0	4	2	0	14	1	6	7	0	4	5	2	0	3	9	8	2	2	1	9	1	13	15	18	9	5	4	7	5	14	8	11	11	8	4	7	13	11	5	16	8	10	5	7	8	14	8	18	17	13	2	6	12	
63_A/Bar-headed_Goose/Q 10	8	9	12	7	6	5	5	7	9	1	0	4	2	0	14	1	6	7	1	4	5	2	0	3	9	8	2	2	1	9	0	13	15	18	9	5	4	7	5	14	8	11	11	8	4	7	13	11	5	16	8	10	5	7	8	14	8	18	17	13	2	6	12	
64_A/Bar-headed_Goose/Q 10	8	9	12	7	6	5	5	7	9	1	0	4	2	0	14	1	6	7	0	4	5	2	0	3	9	8	2	2	1	9	1	13	15	18	9	5	4	7	5	14	8	11	11	8	4	7	13	11	5	16	8	10	5	7	8	14	8	18	17	13	2	6	12	
65_A/Bar-headed_Goose/Q 10	8	9	12	7	6	5	5	7	9	1	0	4	2	0	14	1	6	7	0	4	5	2	0	3	9	8	2	2	1	9	1	13	15	17	9	5	4	8	5	14	8	11	11	8	3	9	11	11	5	16	8	10	5	6	9	14	8	18	17	14	2	6	12	
66_A/Bar-headed_Goose/Q 10	8	9	12	7	6	5	5	7	9	1	0	4	2	0	14	1	6	7	0	4	5	2	0	3	9	8	2	2	1	9	1	13	15	18	9	5	4	7	5	14	8	11	11	8	4	7	13	11	5	16	8	10	5	7	8	14	8	18	17	13	2	6	12	
67_A/Bar-headed_Goose/Q 8	10	10	7	11	6	1	11	4	11	0	0	8	3	1	15	1	4	6	0	1	4	5	0	1	12	6	0	4	2	6	2	13	13	21	16	8	6	9	8	17	7	12	6	9	2	7	9	5	10	9	7	4	1	10	8	11	5	9	11	6	1	12	18	
68_A/Bar-headed_Goose/Q 10	8	9	12	7	6	5	5	7	9	1	0	4	2	0	14	1	6	7	0	4	5	2	0	3	9	8	2	2	1	9	1	13	15	18	9	5	4	7	5	14	8	11	11	8	4	7	13	11	5	16	8	10	5	7	8	14	8	18	17	13	2	6	12	
69_A/Bar-headed_Goose/Q 10	8	9	12	7	6	5	5	7	9	1	0	4	2	0	14	1	6	7	0	4	5	2	0	3	9	8	2	2	1	9	1	13	15	18	9	5	4	7	5	14	8	11	11	8	4	7	13	11	5	16	8	10	5	7	8	14	8	18	17	13	2	6	12	
70_A/Bar-headed_Goose/Q 10	8	9	12	7	6	5	5	7	9	1	0	4	2	0	14	1	6	7	0	4	5	2	0	3	9	8	2	2	1	9	1	13	14	18	9	5	5	7	5	14	8	10	12	8	4	7	13	11	5	16	8	10	5	7	8	14	8	18	17	13	2	6	12	
71_A/Bar-headed_Goose/Q 10	8	9	12	7	6	5	5	7	9	1	0	4	2	0	14	1	6	7	0	4	5	2	0	3	9	8	2	2	1	9	1	13	14	18	9	5	5	7	5	14	8	11	11	8	4	7	13	11	5	16	8	10	5	7	8	14	8	18	17	13	2	6	12	
72_A/Bar-headed_Goose/Q 10	8	9	12	7	6	5	5	7	9	1	0	4	2	0	14	1	6	7	0	4	5	2	0	3	9	8	2	2	1	9	1	13	14	18	9	5	5	7	5	14	8	11	11	8	4	7	13	11	5	16	8	10	5	7	8	14	8	18	17	13	2	6	12	
73_A/Bar-headed_Goose/Q 10	8	9	12	7	6	5	5	7	9	1	0	4	2	0	14	1	6	7	0	4	5	2	0	3	9	8	2	2	1	9	1	13	14	18	9	5	5	7	5	14	8	11	11	8	4	7	13	11	5	16	8	10	5	7	8	14	8	18	17	13	2	6	12	
74_A/Bar-headed_Goose/Q 10	8	9	12	7	6	5	5	7	9	1	0	4	2	0	14	1	6	7	0	4	5	2	0	3	9	8	2	2	1	9	1	13	15	18	9	5	4	7	5	14	8	11	11	8	4	7	13	11	5	16	8	10	5	7	8	14	8	18	17	13	2	6	12	
75_A/Bar-headed_Goose/Q 10	8	9	12	7	6	5	5	7	9	1	0	4	2	0	14	1	6	7	0	4	5	2	0	3	9	8	2	2	1	9	1	13	15	18	9	5	4	7	5	14	8	11	11	8	4	7	13	11	5	16	8	10	5	7	8	14	8	18	17	13	2	6	12	
76_A/Bar-headed_Goose/Q 10	8	9	12	7	6	5	5	7	9	1	0	4	2	0	14	1	7	7	0	4	5	2	0	3	8	7	2	2	1	10	1	12	14	18	10	5	4	7	5	14	8	11	11	8	4	7	13	12	5	16	8	11	5	6	8	14	8	18	17	13	2	6	12	
77_A/Bar-headed_Goose/Q 10	8	9	12	7	6	5	5	7	9	1	0	4	2	0	14	1	6	7	0	4	5	2	0	3	9	8	2	2	1	9	1	13	15	18	9	5	4	7	5	14	8	11	11	8	4	7	13	12	5	15	8	9	5	7	8	14	8	19	17	13	2	6	12	
78_A/Bar-headed_Goose/Q 10	8	9	12	8	6	5	5	6	8	1	0	4	2	0	14	1	6	7	0	4	5	2	0	3	10	8	2	2	1	9	1	13	15	18	9	5	4	7	5	14	8	11	11	8	4	7	13	11	5	16	8	10	5	7	8	14	8	18	17	13	2	6	12	
79_A/Bar-headed_Goose/Q 10	8	9	12	7	6	5	5	7	8	1	0	4	2	0	14	1	6	7	0	4	5	2	0	3	9	9	2	2	1	9	1	13	15	18	9	5	4	7	5	14	7	11	11	8	4	7	13	11	5	16	8	10	5	7	8	15	8	18	17	13	2	6	12	
80_A/Bar-headed_Goose/Q 10	8	9	12	8	6	5	5	6	8	1	0	4	2	0	14	1	6	7	0	4	5	2	0	3	9	9	2	2	1	9	1	13	15	18	9	5	4	7	5	14	8	11	11	8	4	7	13	11	5	16	8	10	5	7	8	14	8	18	17	13	2	6	12	
81_A/Bar-headed_Goose/Q 10	8	9	12	7	6	5	5	7	9	1	0	4	2	0	14	1	6	7	0	4	5	2	0	3	9	8	2	2	1	9	1	13	15	18	9	5	4	7	5	14	8	11	11	8	4	7	13	11	5	16	8	10	5	7	8	14	8	18	17	13	2	6	12	
82_A/Bar-headed_Goose/Q 10	8	9	12	7	6	5	5	7	9	1	0	4	2	0	14	1	6	7	0	4	5	2	0	3	9	8	2	2	1	9	1	13	15	18	9	5	4	7	5	14	8	11	11	8	4	7	13	11	5	16	8	10	5	7	8	14	8	18	17	13	2	6	12	
83_A/Bar-headed_Goose/Q 10	8	9	12	7	6	5	5	7	9	1	0	4	2	0	14	1	6	7	0	4	5	2	0	3	9	8	2	2	1	9	1	13	15	18	9	5	4	7	5	14	8	11	11	8	4	7	13	11	5	16	8	10	5	7	8	14	8	18	17	13	2	6	12	
84_A/Bar-headed_Goose/Q 10	8	9	12	7	6	5	5	7	9	1	0	4	2	0	14	1	6	7	0	4	5	2	0	3	9	8	2	2	1	9	1	13	15	18	9	5	4	7	5	14	8	11	11	8	4	7	13	11	5	16	8	10	5	7	8	14	8	18	17	13	2	6	12	
85_A/Bar-headed_Goose/Q 10	8	9	12	7	6	5	5	7	9	1	0	4	2	0	14	1	6	7	0	4	5	2	0	3	9	8	2	2	1	9	1	13	15	18	9	5	4	7	5	14	8	11	11	8	4	7	13	11	5	15	8	10	5	7	8	14	8	19	17	13	2	6	12	
86_A/Bar-headed_Goose/Q 10	8	9	12	7	6	5	5	7	9	1	0	4	2	0	14	1	6	7	0	4	5	2	0	3	9	8	2	2	1	9	1	13	15	18	9	5	4	7	5	14	8	11	11	8	4	7	13	10	5	16	8	11	5	7	8	14	8	18	16	13	2	6	13	
87_A/Bar-headed_Goose/Q 10	8	9	12	7	6	5	5	7	9	1	0	4	2	0	14	1	6	7	0	4	5	2	0	3	9	8	2	2	1	9	1	13	15	18	9	5	4	7	5	14	8	11	11	8	4	7	13	10	5	16	8	11	5	7	8	14	8	18	17	13	2	6	12	
88_A/Bar-headed_Goose/Q 10	8	9	12	7	6	5	5	7	9	1	0	4	2	0	14	1	6	7	0	4	5	2	0	3	9	8	2	2	1	9	1	13	15	18	9	5	4	7	5	14	8	11	11	8	4	7	13	11	5	16	8	10	5	7	8	14	8	18	17	13	2	6	12	
89_A/Bar-headed_Goose/Q 10	8	9	12	7	6	5	5	7	9	1	0	4	2	0	14	1	6	7	0	4	5	2	0	3	9	8	2	2	1	9	1	13	15	18	9	5	4	7	5	14	8	11	11	8	4	7	13	11	5	16	8	10	5	7	8	14	8	18	17	13	2	6	12	
90_A/Bar-headed_Goose/Q 10	8	9	12	7	6	5	5	7	9	1	0	4	2	0	14	1	6	7	0	4	5	2	0	3	9	8	2	2	1	9	1	13	15	18	9	5	4	7	5	14	8	11	11	8	4	7	13	11	5	16	8	10	5	7	8	14	8	18	17	13	2	6	12	
91_A/Bar-headed_Goose/Q 10	8	9	12	7	6	5	5	7	9	1	0	4	2	0	14	1	6	7	0	4	5	2	0	3	9	8	2	2	1	9	1	13	15	18	9	5	4	7	5	14	8	11	11	8	4	7	12	11	5	16	8	10	5	7	8	14	8	18	17	13	2	6	13	
92_A/Bar-headed_Goose/Q 10	8	9	12	7	6	5	5	7	9	1	0	4	2	0	14	1	6	7	0	4	5	2	0	3	9	8	2	2	1	9	1	13	15	18	9	5	4	7	5	14	8	11	11	8	4	7	13	11	5	16	8	10	5	7	8	14	8	18	17	13	2	6	12	
93_A/Bar-headed_Goose/Q 10	8	9	12	7	6	5	5	7	9	1	0	4	2	0	14	1	6	7	0	4	5	2	0	3	9	8	2	2	1	9	1	13	15	18	9	5	4	7	5	14	8	11	11	8	4	7	13	11	5	16	8	10	5	7	8	14	8	18	17	13	2	6	12	
94_A/Bar-headed_Goose/Q 10	8	9	12	7	6	5	5	7	9	1	0	4	2	0	14	1	6	7	0	4	5	2	0	3	9	8	2	2	1	9	1	13	15	18	9	5	4	7	5	14	8	11	11	8	4	7	13	11	5	16	9	10	5	7	8	14	8	18	17	13	2	6	11	
95_A/Bar-headed_Goose/Q 10	8	9	12	7	6	5	5	7	9	1	0	4	2	0	14	1	6	7	0	4	5	2	0	3	9	7	2	2	1	10	1	13	15	18	9	5	4	7	5	14	8	11	11	8	4	7	13	11	5	16	9	10	5	7	8	14	8	18	17	13	2	6	11	
96_A/Bar-headed_Goose/Q 10	8	9	12	7	6	5	5	7	9	1	0	4	2	0	14	1	6	7	0	4	5	2	0	3	9	8	2	2	1	9	1	13	15	18	9	5	4	7	5	14	8	11	11	8	4	7	13	11	5	16	8	10	5	7	8	14	8	18	17	13	2	6	12	
97_A/Bar-headed_Goose/Q 10	8	9	12	7	6	5	5	7	9	1	0	4	2	0	14	1	6	7	0	4	5	2	0	3	9	8	2	2	1	9	1	13	15	18	9	5	4	7	5	14	8	11	11	8	4	7	13	11	5	16	8	10	5	7	8	14	8	18	17	13	2	6	12	
98_A/Bar-headed_Goose/Q 10	8	9	12	7	6	5	5	7	9	1	0	4	2	0	14	1	6	7	0	4	5	2	0	3	9	8	2	2	1	9	1	13	15	18	9	5	4	7	5	14	8	11	11	8	4	7	13	11	5	16	8	10	5	7	8	14	8	18	17	13	2	6	12	
99_A/Bar-headed_Goose/Q 10	8	9	12	7	6	5	5	7	9	1	0	4	2	0	14	1	6	7	0	4	5	2	0	3	9	8	2	2	1	9	1	13	15	18	9	5	4	7	5	14	8	11	11	8	4	7	13	11	5	15	8	10	5	7	8	14	8	19	17	13	2	6	12	
100_A/Bar-headed_Goose/Q 10	8	9	12	7	6	5	5	7	9	1	0	4	2	0	14	1	6	7	0	4	5	2	0	3	9	8	2	2	1	9	1	13	15	18	9	5	4	7	5	14	8	11	11	8	4	7	13	11	5	16	8	10	5	7	8	14	8	18	17	13	2	6	12	
101_A/Bar-headed_Goose/Q 10	8	9	12	7	6	5	5	7	9	1	0	4	2	0	14	1	6	7	0	4	5	2	0	3	9	8	2	2	1	9	1	13	15	18	9	5	4	7	5	14	8	11	11	8	4	7	13	11	5	16	8	10	5	7	8	14	8	18	17	13	2	6	12	
102_A/Bar-headed_Goose/Q 10	8	9	12	7	6	5	5	7	9	1	0	4	2	0	14	1	6	7	0	4	5	2	0	3	9	8	2	2	1	9	1	13	15	18	9	5	4	7	5	14	8	11	11	8	4	7	13	11	5	16	8	10	5	7	8	14	8	18	17	13	2	6	12	
103_A/Bar-headed_Goose/Q 10	8	9	12	7	6	5	5	7	9	1	0	4	2	0	14	1	6	7	0	4	5	2	0	3	9	8	2	2	1	9	1	13	15	18	9	5	4	7	5	14	8	11	11	8	4	7	13	11	5	16	8	10	5	7	8	14	8	18	17	13	2	6	12	
104_A/Bar-headed_Goose/Q 10	8	9	12	7	6	5	5	7	9	1	0	4	2	0	14	1	6	7	0	4	5	2	0	3	9	8	2	2	1	9	1	13	15	18	9	5	4	7	5	14	8	11	11	8	4	7	13	11	5	16	8	10	5	7	8	14	8	18	17	13	2	6	12	
105_A/Bar-headed_Goose/Q 10	8	9	12	7	6	4	5	7	9	1	0	4	2	0	14	2	6	6	0	4	5	2	0	3	9	8	2	2	1	9	1	13	15	18	9	5	4	8	5	14	8	11	11	8	4	7	13	11	5	16	8	10	5	7	8	14	8	18	17	13	2	6	12	
106_A/Bar-headed_goose/Q 6	1	3	8	4	4	10	11	3	18	0	0	5	3	1	12	3	4	6	1	3	3	4	0	8	16	8	3	6	2	3	0	9	8	22	6	12	8	15	7	20	17	11	9	10	1	10	9	0	5	10	4	6	1	9	4	6	18	17	14	8	2	8	15	
107_A/Bar-headed_goose/Q 6	1	3	8	4	4	10	11	3	18	0	0	5	3	1	12	3	4	5	1	3	3	5	0	8	16	8	3	6	2	3	0	9	8	22	6	12	8	15	7	20	17	11	9	10	1	10	9	0	5	10	4	6	1	9	4	6	18	17	14	8	2	8	15	
108_A/Bar-headed_goose/Q 6	1	3	8	4	4	10	11	3	18	0	0	5	3	1	12	3	4	6	1	3	3	4	0	8	16	8	3	6	2	3	0	9	8	22	6	12	8	15	7	20	17	11	9	10	1	11	8	0	5	10	4	6	1	9	4	6	18	17	14	8	2	8	15	
109_A/Bar-headed_goose/Q 6	1	3	8	4	4	10	11	3	18	0	0	5	3	1	12	3	4	6	1	3	3	4	0	8	16	8	3	6	2	3	0	9	8	22	6	12	8	15	7	20	17	11	9	10	1	10	9	0	5	10	4	6	1	9	4	6	18	17	14	8	2	8	15	
110_A/Bar-headed_goose/Q 6	1	3	8	4	4	10	11	3	18	0	0	5	3	1	12	3	4	6	1	3	3	4	0	8	16	8	3	6	2	3	0	9	8	22	6	12	8	15	7	20	17	11	9	10	1	10	9	0	5	10	4	6	1	9	4	6	18	17	14	8	2	8	15	
111_A/Bar-headed_goose/Q 6	1	3	8	4	4	10	11	3	18	0	0	5	3	1	12	3	4	6	1	3	3	4	0	8	16	8	3	6	2	3	0	9	8	22	6	12	8	15	7	20	17	11	9	10	1	10	9	0	5	10	4	6	1	9	4	6	18	17	14	8	2	8	15	
112_A/Bar-headed_goose/Q 6	1	3	8	4	4	10	11	3	18	0	0	5	3	1	12	3	4	6	1	3	3	4	0	8	16	8	3	6	2	3	0	9	8	22	6	12	8	15	7	20	17	11	9	10	1	10	9	0	5	10	4	6	1	9	4	6	18	17	14	8	2	8	15	
113_A/Bar-headed_goose/Q 6	1	3	8	4	4	10	11	3	18	0	0	5	3	1	12	3	4	6	1	3	3	4	0	8	16	8	3	6	2	3	0	9	8	22	6	12	8	15	7	20	17	11	9	10	1	10	9	0	5	10	4	6	1	9	4	6	18	17	14	8	2	8	15	
114_A/Bar-headed_Goose/Q 9	8	9	12	7	6	5	5	7	9	1	0	5	2	0	14	1	6	7	0	4	5	2	0	3	9	7	2	2	1	10	1	13	15	18	9	5	4	8	5	14	8	11	11	8	4	7	13	11	5	16	8	10	5	6	8	14	8	18	17	13	2	6	12	
115_A/Bar-headed_Goose/Q 11	7	9	12	7	6	5	5	7	9	1	0	4	2	0	14	1	6	7	0	4	5	2	0	3	9	8	2	2	1	9	1	13	15	17	9	5	4	7	5	14	8	10	11	8	4	7	13	11	5	17	8	10	5	7	8	14	8	19	17	13	2	6	12	
116_A/Bar-headed_Goose/Q 10	8	9	12	7	6	5	5	7	9	1	0	4	2	0	14	1	6	7	0	4	5	2	0	3	9	8	2	2	1	9	1	13	15	18	9	5	4	7	5	14	8	11	11	8	4	7	13	11	5	16	8	10	5	7	8	14	8	18	17	13	2	6	12	
117_A/Bar-headed_Goose/Q 10	8	9	12	7	6	5	5	7	9	1	0	4	2	0	14	1	6	7	0	4	5	2	0	3	9	8	2	2	1	9	1	13	15	19	9	5	4	6	5	14	8	11	11	8	4	7	13	11	5	16	8	10	5	7	8	14	8	18	17	13	2	6	12	
118_A/Bar-headed_Goose/Q 9	8	9	12	7	6	5	5	7	9	1	0	5	2	0	14	1	6	7	0	4	5	2	0	3	9	7	2	2	1	10	1	13	15	18	9	5	4	8	5	14	8	11	11	8	4	7	13	11	5	16	8	10	5	6	8	14	8	18	18	13	2	6	11	
119_A/Bar-headed_Goose/Q 10	8	9	12	7	6	5	5	7	9	1	0	4	2	0	14	1	6	7	0	4	5	2	0	3	9	7	2	2	1	10	1	13	15	18	9	5	4	7	5	14	8	11	11	8	4	7	13	11	5	16	8	10	5	7	8	14	8	18	17	13	2	6	12	
120_A/Bar-headed_Goose/Q 10	8	9	12	7	6	5	5	7	9	1	0	4	2	0	14	1	6	7	0	4	5	2	0	3	9	8	2	2	1	9	1	13	15	18	9	5	4	7	5	14	8	11	11	8	4	7	13	11	5	16	8	10	5	7	8	14	8	18	17	13	2	6	12	
121_A/Bar-headed_Goose/T 10	8	8	11	7	6	5	6	6	9	1	0	5	3	0	14	1	5	8	0	4	6	2	0	4	9	6	2	2	1	11	2	13	14	16	9	7	5	9	5	15	7	12	11	12	2	6	10	9	4	14	9	10	5	9	7	11	9	18	18	12	3	6	12	
122_A/Bar-headed_Goose/T 10	7	9	11	7	7	5	6	5	9	1	0	6	3	0	14	1	5	8	0	4	6	2	0	4	9	6	2	2	1	11	2	13	14	15	9	8	5	9	5	15	7	11	11	11	2	6	12	9	4	14	9	9	5	9	7	11	9	18	18	12	3	6	12	
123_A/Bar-headed_Goose/T 10	7	9	11	7	7	5	6	5	9	1	0	6	3	0	14	1	5	8	0	4	6	2	0	4	9	6	2	2	1	11	2	13	14	15	9	8	5	9	5	15	7	11	11	11	2	6	12	9	4	14	9	9	5	9	7	11	9	18	18	12	3	6	12	
124_A/Bar-headed_Goose/T 10	7	8	11	7	7	5	6	6	9	1	0	5	3	0	14	1	5	8	0	4	6	2	0	4	9	6	2	2	1	11	2	13	14	16	9	7	5	9	5	15	7	12	11	12	2	6	10	9	4	14	9	10	5	9	7	11	9	18	18	12	3	6	12	
125_A/Bar-headed_Goose/T 11	9	8	7	7	7	8	12	3	12	0	0	6	2	1	16	2	7	4	0	0	4	3	1	1	10	8	1	7	2	7	0	13	12	26	16	10	7	9	9	17	7	9	10	9	3	9	3	9	8	8	8	4	3	13	7	11	5	7	9	6	2	14	21	
126_A/Bar-headed_Goose/T 11	9	8	7	7	7	8	12	3	12	0	0	6	2	1	16	2	7	4	0	0	4	3	1	1	10	8	1	7	2	7	0	13	12	26	16	10	7	9	9	17	7	9	10	9	3	9	3	9	8	8	8	4	3	13	7	11	5	7	9	6	2	14	21	
127_A/Bar-headed_Goose/T 10	7	9	11	7	7	5	6	5	9	1	0	6	3	0	14	1	5	8	0	4	6	2	0	4	9	6	2	2	1	11	2	13	13	15	9	8	6	9	5	15	7	11	11	11	2	6	12	9	4	14	9	9	5	9	7	11	9	18	18	12	3	6	12	
128_A/Bar-headed_Goose/T 10	7	9	11	7	7	5	6	5	9	1	0	6	3	0	14	1	5	8	0	4	6	2	0	4	9	6	2	2	1	11	2	13	14	15	9	8	5	9	5	15	7	11	11	11	2	6	12	9	4	14	9	9	5	9	7	11	9	18	18	12	3	6	12	
129_A/Bar-headed_Goose/T 10	7	9	11	7	7	5	6	5	9	1	0	6	3	0	14	1	5	8	0	4	6	2	0	4	9	6	2	2	1	11	2	13	14	15	9	8	5	9	5	15	7	11	11	11	2	6	12	9	4	14	9	9	5	9	7	11	9	18	18	12	3	6	12	
130_A/Bar-headed_Goose/T 10	7	9	11	7	7	5	6	5	9	1	0	6	3	0	14	1	5	8	0	4	6	2	0	4	9	6	2	2	1	11	2	13	14	15	9	8	5	9	5	15	7	11	11	11	2	6	12	9	4	14	9	9	5	9	7	11	9	18	18	12	3	6	12	
131_A/Bar-headed_Goose/T 10	7	9	11	7	7	5	6	5	9	1	0	6	3	0	14	1	5	8	0	4	6	2	0	4	9	6	2	2	1	11	2	13	14	15	9	8	5	9	5	15	7	11	11	11	2	6	12	9	4	14	9	9	5	9	7	11	9	18	18	12	3	6	12	
132_A/Bar-headed_Goose/T 10	7	8	11	7	7	5	6	6	9	1	0	5	3	0	14	1	5	8	0	4	6	2	0	4	9	6	2	2	1	11	2	13	14	16	9	7	5	9	5	15	7	12	11	11	2	6	11	9	4	14	9	10	5	9	7	11	9	18	18	12	3	6	12	
133_A/Bar-headed_Goose/T 10	7	8	11	7	7	5	6	6	9	1	0	5	3	0	14	1	5	8	0	4	6	2	0	4	9	6	2	2	1	11	2	13	14	16	9	7	5	9	5	15	7	12	11	12	2	6	10	9	4	14	9	10	5	9	7	11	9	18	18	12	3	6	12	
134_A/Bar-headed_Goose/T 10	8	8	11	7	6	5	6	6	9	1	0	5	3	0	14	1	5	8	0	4	6	2	0	4	9	6	2	2	1	11	2	13	14	16	9	7	5	9	5	15	7	12	11	12	2	6	10	9	4	14	9	10	5	9	7	11	9	18	18	12	3	6	12	
135_A/bean_goose/Hubei/B 10	7	8	11	7	7	5	6	6	8	1	0	5	4	0	14	1	5	8	0	4	6	2	0	4	9	6	2	2	1	11	2	13	14	16	9	7	5	9	5	15	7	11	11	11	2	7	12	9	4	14	9	10	5	9	7	11	9	18	18	12	3	6	11	
136_A/Bean_Goose/Hubei/c 9	7	5	10	10	7	7	7	4	8	1	0	3	4	0	14	1	7	5	0	4	5	4	0	2	7	9	1	6	1	8	2	10	15	19	7	5	3	7	5	13	11	9	12	10	3	10	9	17	5	20	8	7	3	5	9	15	8	14	10	12	2	9	21	
137_A/Bean_goose/Hubei/C 9	8	9	12	7	6	5	5	7	8	1	0	5	2	0	14	1	6	7	0	4	5	2	0	3	9	8	2	2	1	10	1	13	15	18	9	5	4	8	5	14	8	11	11	8	4	7	13	11	5	16	8	10	5	6	8	14	8	18	18	13	2	6	11	
138_A/Bean_goose/Hubei/C 9	8	9	13	7	6	5	5	7	8	1	0	4	3	0	14	1	6	7	0	4	5	2	0	3	9	7	2	2	1	10	1	13	15	18	9	5	4	8	5	14	8	11	11	8	4	7	13	11	5	16	8	10	5	6	8	14	8	18	18	13	2	6	11	
139_A/Bean_goose/Hubei/C 6	0	2	8	4	5	11	11	3	20	0	0	3	2	1	12	3	3	5	1	3	4	5	0	8	17	9	2	7	1	3	1	6	9	20	5	15	7	16	7	19	16	10	10	11	1	12	9	0	5	9	6	6	1	9	5	9	17	18	13	7	2	7	13	
140_A/Bean_goose/Hubei/C 10	8	9	12	7	6	5	5	7	9	1	0	4	2	0	14	1	6	7	0	4	5	2	0	3	9	8	2	2	1	9	1	13	15	18	9	5	4	7	5	14	8	11	11	8	4	7	13	11	5	16	8	10	5	7	8	14	8	18	18	13	2	6	11	
141_A/black_chicken/Jian 3	1	7	9	7	4	5	10	2	18	0	0	4	5	1	12	4	4	7	1	4	6	6	0	7	12	5	2	4	3	5	0	10	9	23	5	13	7	16	10	22	16	12	6	13	1	11	10	1	6	8	5	5	1	10	4	8	14	16	14	6	3	12	16	
142_A/Black_faced_Spoonb 12	9	9	9	6	7	6	10	3	12	0	0	7	2	1	16	2	7	5	0	0	5	4	1	0	7	8	0	7	3	6	1	13	13	24	14	12	8	12	10	16	7	7	11	9	3	10	4	8	10	9	9	4	2	11	7	11	3	9	10	5	3	13	18	
143_A/Black_Faced_Spoonb 11	9	9	8	7	7	7	11	2	12	0	0	8	2	1	16	2	5	5	1	0	6	2	0	1	9	7	0	6	3	8	1	13	12	27	16	13	7	10	9	14	8	8	10	9	3	9	4	8	9	7	9	4	2	12	6	10	5	9	8	6	3	14	20	
144_A/Black_Faced_Spoonb 11	9	9	9	8	6	6	10	3	12	0	0	7	2	1	16	2	6	5	0	0	5	4	1	0	7	8	0	7	4	6	1	12	13	24	14	12	8	12	10	16	8	8	11	9	3	10	4	9	10	9	9	4	2	11	7	10	2	8	10	6	3	13	18	
145_A/black_swan/Beijing 9	7	8	12	8	7	5	5	6	8	1	0	5	4	0	14	1	5	8	0	4	6	2	0	4	9	6	2	2	1	11	2	13	13	16	8	7	6	9	6	15	7	11	11	11	2	6	12	8	4	14	9	10	6	9	7	9	11	18	18	12	3	6	12	
146_A/black-backed_gull/ 10	7	8	11	7	7	5	6	6	8	1	0	5	4	0	14	1	5	8	0	4	6	2	0	4	9	6	2	2	1	11	2	13	15	16	9	7	4	9	5	15	7	11	12	11	2	6	11	9	4	14	9	10	5	9	7	11	9	18	18	12	3	6	12	
147_A/Black-necked_Grebe 9	10	10	7	9	6	1	11	4	11	0	0	8	3	1	15	1	4	6	0	1	4	5	0	1	12	6	0	4	2	6	2	14	13	20	15	8	6	9	8	17	7	12	6	9	2	7	9	5	10	10	7	5	1	10	8	11	5	9	12	6	1	11	18	
148_A/Black-necked_Grebe 9	10	9	7	9	6	2	11	5	11	0	0	7	3	1	15	1	4	6	0	1	4	5	0	1	12	6	0	4	2	6	2	14	13	20	15	8	7	9	8	17	6	12	6	9	2	7	9	5	10	10	7	5	1	10	8	11	5	9	11	6	1	12	18	
149_A/Black-necked_Grebe 9	10	9	7	9	6	2	11	5	11	0	0	8	2	1	15	1	4	6	0	1	4	5	0	1	12	6	0	4	2	6	2	14	13	20	15	8	7	9	8	17	6	12	6	9	2	7	9	5	10	10	7	5	1	10	8	11	5	9	11	6	1	12	18	
150_A/Black-necked_Grebe 9	10	9	7	9	6	2	11	5	11	0	0	7	3	1	15	1	4	6	0	1	4	5	0	1	12	6	0	4	2	6	2	14	13	20	15	8	7	9	8	17	6	12	6	9	2	7	9	5	10	10	7	5	1	10	8	11	5	9	11	6	1	12	18	
151_A/Black-necked_Grebe 9	10	9	7	9	6	2	11	5	11	0	0	7	3	1	15	1	4	6	0	1	4	5	0	1	12	6	0	4	2	6	2	14	13	20	15	8	7	9	8	17	6	12	6	9	2	7	9	5	10	10	7	5	1	10	8	11	5	9	11	6	1	12	18	
152_A/Black-necked_Grebe 9	10	9	7	9	6	2	11	5	11	0	0	7	3	1	15	1	4	6	0	1	4	5	0	1	12	6	0	4	2	6	2	14	13	20	15	8	7	9	8	17	6	12	6	9	2	7	9	5	10	10	7	5	1	10	8	11	5	9	11	6	1	12	18	
153_A/Black-necked_Grebe 9	10	9	7	9	6	2	11	5	11	0	0	7	3	1	15	1	4	6	0	1	4	5	0	1	12	6	0	4	2	6	2	14	13	20	15	8	7	9	8	17	6	12	6	9	2	7	9	5	10	10	7	5	1	10	8	11	5	9	11	6	1	12	18	
154_A/Black-necked_Grebe 9	10	9	7	9	6	2	11	5	11	0	0	7	3	1	15	1	4	6	0	1	4	5	0	1	12	6	0	4	2	6	2	14	13	20	15	8	7	9	8	17	6	12	6	9	2	7	9	5	10	10	7	5	1	10	8	11	5	9	11	6	1	12	18	
155_A/Brown-headed_Gull/ 10	8	9	12	7	6	5	5	7	9	1	0	4	2	0	14	1	6	7	0	4	5	2	0	3	9	8	2	2	1	9	1	13	15	18	10	5	4	7	5	14	8	11	11	8	4	7	12	11	5	16	8	10	5	7	8	14	8	19	17	13	2	5	12	
156_A/Brown-headed_Gull/ 10	8	9	12	7	6	5	5	7	9	1	0	4	2	0	14	1	6	7	0	4	5	2	0	3	9	8	2	2	1	9	1	13	15	18	9	5	4	7	5	14	8	11	11	8	4	7	13	11	5	16	8	10	5	7	8	14	8	18	17	13	2	6	12	
157_A/Brown-headed_Gull/ 10	8	9	12	7	6	5	5	7	9	1	0	4	2	0	14	1	6	7	0	4	5	2	0	3	9	8	2	2	1	9	1	13	15	18	9	5	4	7	5	14	8	11	11	8	4	7	13	11	5	16	8	10	5	7	8	14	8	18	17	13	2	6	12	
158_A/Brown-headed_Gull/ 10	8	9	12	7	6	5	5	7	9	1	0	4	2	0	14	1	6	7	0	4	5	2	0	3	9	8	2	2	1	9	1	13	15	18	9	5	4	7	5	14	8	11	11	8	4	7	13	11	5	16	8	10	5	7	8	14	8	18	17	13	2	6	12	
159_A/Brown-headed_Gull/ 10	8	9	12	7	6	5	5	7	9	1	0	4	2	0	14	1	6	7	0	4	5	2	0	3	9	8	2	2	1	9	1	13	15	18	9	5	4	7	5	14	8	10	12	8	4	7	13	11	5	16	8	10	5	7	8	14	8	18	17	13	2	6	12	
160_A/Brown-headed_Gull/ 10	8	9	12	7	6	5	5	7	9	1	0	4	2	0	14	1	6	7	0	4	5	2	0	3	9	8	2	2	1	9	1	13	15	18	9	5	4	7	5	14	8	11	11	8	4	7	13	11	5	16	8	10	5	7	8	14	8	18	17	13	2	6	12	
161_A/Brown-headed_Gull/ 10	8	9	12	7	6	5	5	7	9	1	0	4	2	0	14	1	6	7	0	4	5	2	0	3	9	8	2	2	1	9	1	13	15	18	9	5	4	7	5	14	8	10	11	8	4	7	13	11	5	16	8	10	5	7	8	14	8	19	17	13	2	6	12	
162_A/Brown-headed_Gull/ 10	8	9	12	7	6	5	5	7	9	1	0	4	2	0	14	1	6	7	0	4	5	2	0	3	9	8	2	2	1	9	1	13	15	18	9	5	4	7	5	14	8	11	11	8	4	7	13	11	5	16	8	10	5	7	8	14	8	18	17	13	2	6	12	
163_A/Brown-headed_Gull/ 10	8	9	12	7	6	5	5	7	9	1	0	4	2	0	14	1	6	7	0	4	5	2	0	3	9	8	2	2	1	9	1	13	15	18	9	5	4	7	5	14	8	11	11	8	4	7	13	12	5	16	8	9	5	7	8	14	8	18	17	13	2	6	12	
164_A/brown-headed_gull/ 10	7	8	11	7	7	5	6	5	9	1	0	6	3	0	14	1	5	8	0	4	6	2	0	4	9	6	2	2	1	11	2	13	14	16	9	7	5	9	5	15	7	11	11	11	2	7	12	9	4	14	9	10	5	9	7	11	9	18	18	12	3	6	11	
165_A/Brown-headed_Gull/ 10	7	8	11	7	7	5	6	6	9	1	0	5	3	0	14	1	5	8	0	4	6	2	0	4	9	6	2	2	1	11	2	13	14	16	9	7	5	9	5	15	7	12	11	12	2	6	10	9	4	14	9	10	5	9	7	11	9	18	18	12	3	6	12	
166_A/Brown-headed_Gull/ 9	7	8	11	8	7	5	6	6	8	1	0	5	4	0	14	1	5	8	0	4	6	2	0	4	9	6	2	2	1	11	2	14	14	15	9	7	5	9	5	15	7	11	11	11	2	6	12	8	4	15	9	9	6	9	7	11	9	18	18	12	3	6	12	
167_A/Brown-headed_Gull/ 10	7	8	11	7	7	5	6	6	8	1	0	5	4	0	14	1	5	8	0	4	6	2	0	4	9	6	2	2	1	11	2	14	14	15	8	7	5	9	5	15	7	11	11	11	2	6	12	8	4	15	10	10	5	9	7	11	9	18	18	12	3	6	12	
168_A/canine/China/GX30/ 6	1	8	10	5	3	5	9	3	21	0	0	3	4	1	12	3	5	9	0	4	5	2	1	6	12	6	3	7	4	3	0	11	6	18	10	13	5	20	7	21	18	6	6	9	2	15	13	2	8	8	6	4	1	11	3	7	13	16	18	10	1	9	13	
169_A/cat/Sichuan/SC18/2 3	1	6	9	7	5	6	10	2	15	0	0	4	7	1	12	4	4	7	1	4	6	6	0	7	11	5	2	4	4	5	0	11	9	22	6	12	7	16	9	21	15	15	6	12	1	10	11	1	6	7	5	5	1	11	4	8	14	16	16	7	3	12	14	
170_A/cat/Zhejiang/C1/20 6	0	2	7	4	5	11	12	2	18	0	0	5	4	1	12	2	3	6	1	4	4	4	0	9	16	7	3	5	2	4	0	9	8	20	5	13	8	17	7	20	16	12	9	11	1	9	9	0	5	13	3	6	2	7	3	9	17	16	15	7	1	8	15	
171_A/cat/Zhejiang/C2/20 6	0	2	8	4	5	11	11	2	19	0	0	5	3	1	12	3	3	6	1	3	4	4	0	8	16	7	3	6	2	4	0	9	9	19	7	13	8	17	5	20	16	11	9	10	0	10	9	0	5	12	4	6	1	7	4	9	17	16	16	8	1	8	15	
172_A/Changsha/1/2014|EP 6	0	2	8	4	5	11	11	2	19	0	0	5	3	1	12	3	3	6	1	3	4	4	0	8	17	8	3	6	1	3	0	8	8	19	6	13	8	17	8	18	17	11	9	11	1	10	9	0	5	10	4	6	1	9	4	9	18	17	14	7	1	8	15	
173_A/chicken/Anhui/S174 9	10	6	11	8	7	10	8	3	11	0	0	6	2	1	16	3	4	6	0	0	6	1	1	5	10	7	1	3	3	8	0	15	10	26	15	12	9	8	8	15	5	10	11	10	3	9	3	8	9	8	10	3	3	12	8	9	6	10	11	7	3	11	17	
174_A/chicken/Beijing/BJ 6	7	10	10	7	7	3	12	7	14	1	0	5	0	0	14	5	9	6	0	1	2	4	1	4	9	5	1	2	0	8	2	13	11	23	8	11	9	10	10	16	11	12	13	10	2	8	7	11	7	13	7	3	2	10	7	3	8	12	14	12	2	10	10	
175_A/chicken/CH/a556/20 8	7	8	14	6	6	4	7	3	15	1	0	5	2	0	13	4	7	6	0	4	4	3	0	2	7	7	3	1	1	6	1	14	11	19	11	15	6	15	8	13	11	10	14	10	1	6	6	6	5	15	7	6	5	13	7	7	8	7	14	7	1	9	8	
176_A/chicken/Changhua/1 5	10	13	11	9	4	1	11	2	15	1	0	5	2	0	13	5	6	7	0	3	5	2	2	5	9	7	2	1	1	8	0	16	9	21	11	10	8	13	9	15	13	12	14	7	2	5	7	10	4	14	9	6	3	11	4	10	10	8	13	8	1	12	10	
177_A/chicken/Changhua/1 5	10	13	11	9	4	1	11	2	15	1	0	5	2	0	13	5	6	7	0	3	5	2	2	5	9	7	2	1	1	8	0	16	9	21	11	10	8	13	9	15	13	12	14	7	2	5	7	10	4	14	9	6	3	11	4	10	10	8	13	8	1	12	10	
178_A/chicken/Changhua/1 5	10	13	11	9	4	1	11	2	15	1	0	5	2	0	13	5	6	7	0	3	5	2	2	5	9	7	2	1	1	8	0	16	9	22	10	10	8	13	9	15	13	12	14	7	2	5	7	10	4	14	9	6	3	11	4	10	10	8	13	8	1	12	10	
179_A/chicken/Changhua/1 5	10	13	11	9	4	1	11	2	14	1	0	5	2	0	13	5	6	7	0	3	5	2	2	5	10	7	2	1	1	8	0	16	9	21	11	10	8	13	9	16	13	12	13	7	2	5	8	10	4	14	9	6	3	12	4	9	10	7	13	8	1	12	10	
180_A/chicken/Changhua/1 5	10	13	11	9	4	1	11	2	15	1	0	5	2	0	13	5	6	7	0	3	5	2	2	5	9	7	2	1	1	8	0	16	9	21	11	10	8	13	9	15	14	12	13	7	2	5	8	10	4	14	9	6	3	12	4	10	9	7	13	8	1	12	10	
181_A/chicken/Changhua/1 5	10	13	11	9	4	1	11	2	15	1	0	5	2	0	13	5	6	7	0	3	5	2	2	5	9	7	2	1	1	8	0	16	9	21	11	11	7	13	9	15	13	12	13	7	2	5	8	10	4	14	9	6	3	12	4	10	10	7	13	8	1	12	10	
182_A/chicken/Changhua/1 10	8	9	12	7	6	5	5	6	9	1	0	4	3	0	14	1	6	6	0	4	5	3	0	3	9	7	3	2	1	9	1	14	18	17	8	5	4	8	6	12	8	11	16	8	2	8	7	13	2	15	9	7	6	8	7	13	10	16	15	15	1	7	16	
183_A/chicken/Changhua/1 11	8	9	12	6	6	5	5	7	9	1	0	3	3	0	14	1	6	6	0	4	5	3	0	3	9	7	3	2	1	9	1	14	18	17	8	5	4	8	6	13	8	10	17	8	2	8	7	13	2	14	9	7	5	9	7	12	11	16	15	15	1	7	16	
184_A/chicken/Changhua/1 10	8	9	12	7	6	5	5	8	9	1	0	3	3	0	14	1	6	6	0	4	5	3	0	4	9	7	3	1	1	9	1	14	18	17	8	5	4	8	6	13	8	10	16	8	2	8	8	13	2	14	9	7	6	9	7	12	10	16	15	14	1	7	16	
185_A/chicken/Changhua/1 10	8	9	12	7	6	5	5	8	9	1	0	2	3	0	14	1	6	6	0	4	5	3	0	4	9	7	3	1	1	9	1	14	18	17	8	5	4	8	6	13	8	10	17	8	2	8	7	13	2	14	9	7	6	9	7	12	10	16	15	15	1	7	16	
186_A/chicken/Changhua/1 5	10	13	11	9	4	1	11	1	15	1	0	6	2	0	13	5	6	7	0	3	5	2	2	5	9	7	2	1	1	8	0	16	9	21	12	10	8	13	9	15	13	12	15	7	2	5	6	10	4	14	8	6	3	11	4	11	10	8	13	7	1	12	10	
187_A/chicken/Changhua/1 10	8	9	11	7	6	5	6	6	9	1	0	4	3	0	14	1	6	6	0	4	4	3	0	3	10	7	3	2	1	9	1	14	17	17	8	5	5	9	6	12	8	10	17	8	2	8	7	13	2	14	8	7	6	8	7	13	10	16	16	15	1	7	16	
188_A/chicken/Changhua/1 5	10	13	11	9	4	1	11	1	15	1	0	6	2	0	13	5	6	7	0	3	5	2	2	5	9	7	2	1	1	8	0	16	9	20	13	10	8	12	10	15	13	12	14	7	2	5	7	10	4	14	8	6	3	11	4	10	10	9	13	8	1	11	10	
189_A/chicken/Changhua/1 10	8	9	12	7	6	5	5	6	9	1	0	4	3	0	14	1	6	6	0	4	4	3	0	3	10	7	3	2	1	9	1	14	17	17	8	5	5	9	6	12	8	10	17	8	2	8	7	13	2	14	9	7	6	8	6	13	10	16	16	15	1	7	16	
190_A/chicken/Changhua/1 5	10	13	11	9	4	1	11	1	15	1	0	6	2	0	13	5	6	7	0	3	5	2	2	5	9	7	2	1	1	8	0	16	9	22	12	10	8	12	9	15	13	12	14	7	2	5	7	10	4	14	8	6	3	11	4	11	10	8	13	7	1	12	10	
191_A/chicken/Changhua/1 5	10	13	10	9	4	1	12	2	15	1	0	5	2	0	13	6	7	7	0	3	4	2	2	4	9	8	2	1	1	7	0	16	9	20	11	10	8	14	9	15	13	13	12	7	1	5	8	10	4	14	10	6	3	12	4	10	10	7	12	8	1	12	11	
192_A/chicken/Changhua/1 5	10	13	11	9	4	1	11	1	15	1	0	6	2	0	13	5	6	7	0	3	5	2	2	5	9	7	2	1	1	8	0	16	9	23	11	10	8	13	9	15	13	11	15	7	2	5	7	10	4	14	8	6	3	10	4	11	10	8	14	7	1	12	9	
193_A/chicken/Changhua/1 5	10	13	10	9	4	1	12	1	14	1	0	6	3	0	13	5	6	7	0	3	5	2	2	5	10	7	2	1	0	8	0	16	9	22	13	10	8	13	10	15	13	11	14	7	2	5	7	10	5	14	7	6	2	10	4	12	9	8	14	6	2	12	9	
194_A/chicken/Changhua/1 6	10	13	11	7	4	1	11	1	14	1	0	5	3	0	13	5	6	7	0	4	5	2	2	5	10	8	2	2	0	7	0	16	9	24	11	10	8	12	10	15	13	11	14	6	2	5	8	10	5	14	8	6	2	9	4	10	10	7	14	9	1	13	9	
195_A/chicken/Chiayi/150 5	11	13	11	9	3	1	11	2	15	1	0	5	2	0	13	5	6	7	0	3	5	2	2	5	9	7	2	1	1	8	0	16	9	21	11	10	8	13	9	15	13	12	14	7	2	5	7	10	4	14	9	6	3	11	4	10	10	8	13	8	1	12	10	
196_A/chicken/Chiayi/150 6	10	13	11	9	4	1	11	2	15	1	0	5	2	0	13	4	6	7	0	3	5	2	2	5	9	7	2	1	1	8	0	17	8	21	11	10	8	13	9	15	13	12	13	7	2	5	8	10	4	14	9	6	3	12	4	10	10	7	13	8	1	12	10	
197_A/chicken/Chiayi/150 10	8	9	12	7	6	5	5	6	9	1	0	4	3	0	14	1	6	6	0	4	5	3	0	3	9	7	3	2	1	9	1	14	18	16	8	5	4	10	6	12	8	10	17	8	2	8	7	13	2	14	8	7	6	8	7	13	10	16	16	15	1	7	16	
198_A/chicken/Chiayi/170 5	10	13	11	9	4	1	11	1	14	1	0	6	3	0	13	5	6	7	0	3	5	2	2	5	10	7	2	1	0	8	0	14	9	22	11	10	8	14	9	15	13	11	15	7	2	5	7	12	5	15	7	6	2	10	4	11	10	8	14	7	1	12	9	
199_A/chicken/Chiayi/181 5	10	13	11	9	4	1	11	1	14	1	0	5	3	0	13	5	6	7	0	3	5	2	2	5	10	9	1	2	0	7	0	16	9	23	11	10	9	12	10	15	14	11	14	6	0	5	8	10	5	15	8	6	2	9	4	10	10	7	14	9	1	13	9	
200_A/chicken/China/007/ 6	0	3	8	4	5	10	11	3	19	0	0	3	3	1	12	3	3	6	1	3	5	5	0	8	15	6	3	7	2	5	1	7	7	22	6	15	6	13	8	18	17	13	8	11	2	10	8	0	6	9	4	6	1	9	6	10	17	17	14	6	2	8	13	
201_A/chicken/China/Cang 11	9	10	8	7	7	5	11	3	13	0	0	6	1	1	16	2	6	4	1	0	5	4	1	0	7	8	0	8	4	6	1	12	13	24	14	11	8	12	10	17	8	7	10	9	3	10	5	9	9	9	8	4	3	11	8	10	2	9	10	6	3	13	18	
202_A/chicken/China/E93/ 10	8	8	9	8	8	3	10	7	13	0	0	6	1	1	15	1	6	4	0	1	4	5	0	0	10	6	0	4	3	6	2	8	15	23	11	12	4	6	12	14	7	13	9	8	1	7	5	8	10	12	10	4	2	9	7	7	6	10	13	12	0	11	15	
203_A/chicken/China/E96/ 10	8	8	9	8	8	3	10	7	12	0	0	7	2	1	15	1	6	4	0	1	4	5	0	0	10	6	0	3	3	6	2	8	15	23	11	12	4	5	13	14	7	13	9	8	1	7	5	8	10	12	10	4	2	9	7	8	6	10	12	12	0	11	15	
204_A/chicken/Chiping/03 6	7	11	11	7	6	2	11	7	15	1	0	5	0	0	14	5	9	6	0	1	2	4	1	4	9	4	1	2	0	9	2	14	11	23	9	10	9	10	10	16	10	12	13	10	2	9	6	11	7	14	6	3	2	10	6	3	9	11	16	12	2	9	10	
205_A/chicken/chongqing/ 6	1	2	9	3	6	10	10	3	16	0	0	4	5	1	12	4	5	6	1	3	5	2	0	8	14	12	3	9	1	2	0	5	11	18	7	14	8	15	6	17	17	16	6	10	3	9	9	1	6	9	4	7	0	13	6	9	15	16	12	4	3	7	14	
206_A/chicken/Chongqing/ 6	0	2	9	3	5	11	10	3	17	0	0	4	5	1	12	3	4	6	1	3	5	4	0	6	15	10	3	9	1	2	0	6	10	17	8	14	7	19	6	20	16	15	8	10	1	9	10	0	6	8	4	7	0	10	5	10	15	18	13	4	3	7	14	
207_A/chicken/Dongguan/2 6	0	2	8	4	5	11	11	2	19	0	0	5	3	1	12	3	3	6	1	3	4	4	0	8	16	8	3	6	2	3	0	9	8	20	5	13	8	17	7	19	17	11	9	11	1	10	9	0	5	10	4	6	1	9	4	8	16	17	14	8	2	8	15	
208_A/chicken/Dongguan/3 6	0	2	8	4	5	11	11	2	19	0	0	5	3	1	12	3	3	6	1	3	4	4	0	8	16	8	3	6	2	3	0	9	8	20	7	13	8	16	6	19	17	11	9	11	1	10	9	0	5	9	4	6	1	10	4	8	17	17	14	7	2	8	15	
209_A/chicken/Dongguan/4 6	0	2	8	5	5	10	11	2	19	0	0	6	3	1	12	3	3	6	1	3	4	4	0	8	16	8	3	6	2	3	0	8	8	19	6	13	8	18	7	19	17	11	8	10	1	10	10	0	5	10	4	5	2	9	4	7	17	17	14	8	2	8	15	
210_A/chicken/Fujian/05. 6	0	1	8	4	5	12	10	3	19	0	0	5	2	1	12	3	3	6	1	3	4	4	0	6	15	7	3	6	2	3	0	8	8	19	5	13	8	16	6	19	14	11	8	9	1	10	9	0	6	10	4	6	1	9	4	6	13	17	14	7	2	8	14	
211_A/chicken/Fujian/09. 6	0	1	8	4	5	12	10	2	18	0	0	5	2	1	12	3	3	6	1	3	4	4	0	7	15	7	3	6	2	3	0	8	8	19	5	13	8	16	6	18	14	11	8	10	1	9	10	0	6	10	4	6	1	9	4	6	14	17	14	7	2	8	14	
212_A/chicken/Fujian/10. 6	0	1	8	4	5	12	11	2	20	0	0	5	2	1	12	2	3	6	1	4	4	4	0	8	16	8	3	6	2	3	0	8	8	21	5	13	8	16	8	18	17	11	9	12	2	11	9	1	5	9	4	6	1	9	4	8	17	17	14	7	1	7	15	
213_A/chicken/Fujian/11. 6	0	1	9	4	5	12	10	1	19	0	0	6	3	1	12	3	3	6	0	3	4	4	1	8	17	9	2	6	1	3	1	8	10	20	6	14	6	17	7	18	16	13	9	12	1	10	8	0	5	9	6	6	0	8	4	9	17	17	12	6	2	8	16	
214_A/chicken/Gansu/5/20 11	8	8	9	7	8	4	10	8	13	0	0	6	1	1	15	1	5	4	0	1	4	4	0	0	11	6	0	3	3	6	2	8	15	23	11	12	4	5	13	14	7	13	7	7	1	7	7	8	10	11	10	4	2	10	7	6	6	10	13	14	0	11	15	
215_A/chicken/Gansu/6/20 11	8	8	9	7	8	4	10	8	13	0	0	6	1	1	15	1	5	4	0	1	4	4	0	0	11	6	0	3	3	6	2	8	15	23	11	12	4	5	13	14	7	13	7	7	1	7	7	8	10	11	10	4	2	10	7	6	6	10	13	14	0	11	15	
216_A/chicken/Ganzhou/GZ 6	0	2	8	4	5	11	11	2	19	0	0	4	3	1	12	3	3	6	1	3	5	4	0	8	15	8	2	7	2	4	1	7	8	20	6	15	6	16	7	19	17	11	9	12	1	10	8	0	6	9	5	6	1	9	5	8	17	16	13	7	2	9	15	
217_A/chicken/Guangdong/ 6	0	2	7	4	5	12	11	2	19	0	0	5	1	1	12	2	3	6	1	4	4	4	0	6	15	6	3	5	2	4	0	7	9	16	5	12	8	15	6	18	13	11	11	10	1	9	8	0	5	10	4	6	0	10	5	6	15	15	12	7	2	9	15	
218_A/chicken/Guangdong/ 5	0	2	7	5	6	11	12	2	20	0	0	5	1	1	12	2	3	6	1	4	4	4	0	10	16	7	3	4	2	4	0	9	8	18	6	12	8	17	6	20	17	11	10	11	1	10	8	0	5	10	4	6	1	10	5	8	16	16	15	8	2	8	15	
219_A/chicken/Guangdong/ 6	1	2	7	4	6	11	12	2	19	0	0	5	2	1	12	2	3	6	1	4	4	4	0	9	14	7	3	6	3	4	0	9	7	18	8	13	8	17	5	21	16	11	10	10	1	10	8	0	5	11	4	6	1	8	5	8	17	15	15	8	1	8	16	
220_A/chicken/Guangdong/ 5	0	1	9	5	4	11	10	3	19	0	0	4	4	1	12	1	4	6	0	4	4	5	1	8	15	9	3	6	2	3	0	6	9	20	10	16	7	17	4	20	17	11	9	12	1	11	8	0	5	9	5	6	0	8	4	9	16	14	16	5	3	10	13	
221_A/chicken/Guangdong/ 5	0	1	9	5	4	11	10	3	19	0	0	4	4	1	12	2	4	6	0	4	4	5	1	8	15	9	3	6	2	3	0	5	9	20	10	16	7	17	4	20	17	11	9	12	1	11	8	0	5	9	5	6	0	8	4	9	16	14	16	5	3	10	13	
222_A/chicken/Guangdong/ 5	0	1	9	5	4	10	10	3	19	0	0	4	4	1	12	2	4	6	0	4	4	6	1	8	15	9	3	6	2	3	0	5	9	20	8	15	7	17	6	20	17	11	10	12	1	11	7	0	5	9	5	7	0	8	4	9	16	14	16	5	3	10	13	
223_A/chicken/Guangdong/ 6	0	3	8	4	5	10	11	3	20	0	0	3	2	1	12	3	3	7	1	3	5	4	0	8	15	6	2	7	2	5	1	8	9	21	4	13	8	16	8	16	15	12	10	11	3	12	5	0	7	9	4	6	0	8	6	11	17	18	17	6	1	7	12	
224_A/chicken/Guangdong/ 6	1	7	10	5	3	6	9	2	21	0	0	3	4	1	12	3	5	9	0	4	5	2	1	6	13	6	3	7	3	3	0	11	6	17	10	12	5	21	7	22	17	6	6	9	2	15	13	2	8	8	6	5	1	11	3	8	13	16	18	10	1	10	12	
225_A/chicken/Guangdong/ 6	1	8	10	5	3	5	9	3	21	0	0	3	4	1	12	3	5	9	0	4	5	2	1	6	13	6	3	7	3	3	0	11	6	18	11	13	5	20	7	21	18	6	5	9	2	15	14	2	8	8	5	4	1	11	3	7	13	16	19	10	1	10	11	
226_A/chicken/Guangxi/04 6	0	2	8	4	5	11	10	2	18	0	0	5	2	1	12	3	3	6	1	3	4	4	0	7	15	7	3	7	2	3	0	7	8	18	6	13	8	16	6	16	14	11	10	10	1	10	7	0	5	11	4	6	1	9	4	5	17	17	14	7	2	8	14	
227_A/chicken/Guangxi/16 6	0	1	10	4	5	12	9	3	17	0	0	4	3	1	12	3	3	6	1	3	4	4	0	8	16	10	2	6	3	1	2	8	9	18	5	15	8	16	7	18	15	13	9	13	2	10	8	0	5	9	6	6	0	10	4	8	17	17	14	6	2	8	15	
228_A/chicken/Guangxi/S2 11	8	9	8	7	7	2	10	4	11	0	0	8	3	1	15	2	6	5	0	0	3	6	0	1	13	6	0	4	1	6	2	14	13	22	15	8	5	8	8	15	8	11	7	8	2	7	9	5	12	10	7	5	0	10	8	13	5	10	13	6	1	10	16	
229_A/chicken/Guizhou/8. 6	0	1	8	4	5	12	11	2	18	0	0	4	4	1	12	3	3	6	1	3	5	4	0	8	15	10	2	7	2	2	1	7	9	21	7	15	6	16	6	19	17	13	8	11	1	9	10	0	6	9	4	6	1	9	5	8	15	17	14	6	3	8	14	
230_A/chicken/GY/a451/20 8	7	8	14	6	6	4	7	3	15	1	0	5	2	0	13	4	6	6	0	4	4	3	0	2	7	6	3	2	2	7	1	13	12	18	11	15	6	16	8	13	11	11	14	9	1	6	6	6	5	15	7	6	5	13	7	7	8	7	14	7	1	8	8	
231_A/Chicken/Hangzhou/E 5	1	0	10	4	5	13	9	2	17	0	0	5	5	1	12	4	4	6	1	3	4	4	0	8	15	9	2	7	2	3	1	6	9	20	7	14	6	15	6	21	17	11	7	10	1	10	12	1	4	9	4	7	1	10	6	7	16	14	12	6	3	9	17	
232_A/chicken/Hebei/3/20 7	8	11	10	6	6	2	12	6	16	1	0	6	0	0	14	5	8	6	0	1	2	4	1	4	9	5	1	1	0	8	2	14	11	23	9	10	9	9	10	15	10	12	12	11	2	8	8	11	6	13	7	3	3	10	7	4	10	12	14	11	1	10	10	
233_A/chicken/Heilongjia 6	7	11	12	7	6	2	10	6	16	1	0	5	0	0	14	5	9	6	0	1	2	4	1	4	9	6	1	2	0	7	2	14	9	23	8	11	10	10	10	16	11	12	12	10	1	8	8	11	6	14	7	3	3	9	7	4	8	12	14	12	2	10	10	
234_A/chicken/Henan/Q7/2 6	7	11	13	7	6	2	9	6	15	1	0	4	2	0	14	5	9	6	0	1	2	3	1	4	9	6	1	2	0	8	1	14	11	24	8	11	9	10	10	15	10	12	13	10	2	8	7	11	6	13	7	3	3	11	6	4	8	11	15	12	2	10	10	
235_A/chicken/Hsinchu/16 5	10	13	11	8	5	1	11	1	14	1	0	6	3	0	13	4	6	7	0	3	5	2	2	5	9	8	1	1	1	8	1	17	9	23	11	10	8	13	9	16	13	10	14	5	2	5	7	10	5	14	8	6	2	10	4	11	10	7	15	8	1	13	9	
236_A/chicken/Hubei/03.0 6	0	2	7	4	5	11	11	2	19	0	0	5	1	1	12	2	3	6	1	4	4	4	0	6	15	6	3	5	2	4	0	8	9	16	6	12	8	16	5	18	12	11	10	10	1	9	8	0	5	10	4	6	0	11	5	6	15	15	13	7	2	8	15	
237_A/chicken/Hubei/03.0 3	1	7	9	7	4	5	10	1	19	0	0	4	4	1	12	4	3	8	1	4	7	5	0	8	12	5	2	4	3	5	1	11	9	19	6	12	8	17	9	20	16	13	6	13	1	11	9	1	6	10	5	5	1	10	4	11	14	14	16	5	3	13	14	
238_A/chicken/Hubei/2856 10	7	9	8	8	8	2	10	7	13	0	0	7	1	1	15	2	7	5	1	0	3	5	0	0	11	7	0	3	2	5	1	11	12	25	15	9	4	8	9	16	8	12	11	8	1	6	5	8	13	9	7	4	1	10	9	8	5	10	13	10	1	10	14	
239_A/chicken/Hubei/ZYSJ 6	0	2	7	4	5	11	12	2	19	0	0	4	3	1	12	3	3	6	1	3	4	4	0	8	16	8	2	7	2	4	1	9	8	20	5	13	8	16	7	19	17	12	10	11	1	10	8	0	5	12	4	6	1	7	5	8	17	16	13	7	2	8	15	
240_A/chicken/Hubei/ZYSJ 6	0	2	8	4	5	11	11	2	19	0	0	4	3	1	12	3	3	6	1	3	4	4	0	8	16	9	2	7	2	3	1	7	8	20	6	15	6	16	7	19	17	12	9	11	1	10	8	0	6	9	5	6	1	9	5	8	17	17	13	7	2	8	15	
241_A/chicken/Hubei/ZYSJ 6	0	2	8	4	5	11	11	2	19	0	0	4	3	1	12	3	3	5	1	3	4	5	0	9	16	9	2	6	2	3	1	7	8	19	6	15	6	17	7	19	17	12	9	11	1	10	8	0	6	9	5	6	1	9	5	8	17	17	13	7	2	8	15	
242_A/Chicken/Huizhou/16 6	0	2	8	4	5	11	11	2	19	0	0	4	3	1	12	3	3	6	1	3	5	5	0	8	15	7	2	7	2	4	1	7	9	20	6	15	6	16	7	19	17	11	9	11	2	10	8	0	5	9	4	6	1	9	6	8	17	17	13	7	2	8	15	
243_A/chicken/Hunan/02.0 5	0	2	8	5	5	11	11	3	19	0	0	4	3	1	12	3	3	6	1	3	5	4	0	7	15	8	1	7	2	4	2	6	6	18	6	17	7	17	7	19	17	12	9	11	2	10	8	1	5	8	7	6	1	9	5	7	17	17	13	7	2	7	15	
244_A/chicken/Hunan/03.0 6	0	2	8	4	5	11	11	3	19	0	0	3	3	1	12	3	3	6	1	3	5	5	0	8	15	7	2	7	2	4	1	8	7	23	4	14	8	15	8	19	17	13	8	11	2	10	8	0	5	8	4	6	1	8	6	9	17	18	14	6	2	7	14	
245_A/chicken/Hunan/03.0 6	0	2	8	4	5	11	11	3	19	0	0	3	3	1	12	3	3	6	1	3	5	5	0	8	15	7	2	7	2	4	1	8	7	23	4	14	8	15	8	19	17	13	8	11	2	10	8	0	5	8	4	6	1	8	6	9	17	18	14	6	2	7	14	
246_A/chicken/Hunan/3.07 6	0	2	8	4	5	11	11	3	19	0	0	3	3	1	12	3	3	6	1	3	5	5	0	8	15	7	2	7	2	4	1	8	7	23	4	14	8	15	8	19	17	13	8	11	2	10	8	0	5	8	4	6	1	8	6	9	17	18	14	6	2	7	14	
247_A/chicken/Hunan/04.1 6	1	2	8	4	5	11	11	2	18	0	0	5	3	1	12	3	3	6	1	3	4	4	0	8	15	8	3	6	3	3	0	8	9	23	7	11	8	15	8	20	17	10	9	12	1	10	10	0	5	7	4	6	1	9	4	6	17	18	14	7	2	8	15	
248_A/chicken/Hunan/04.1 3	1	7	10	7	4	5	8	1	18	0	0	4	4	1	12	4	4	7	1	4	6	6	0	8	11	4	2	4	3	5	1	10	9	17	6	12	7	18	9	19	14	13	6	11	1	9	9	1	6	10	5	5	1	10	4	10	13	14	17	7	3	14	12	
249_A/chicken/Hunan/04.1 6	1	3	8	4	4	10	11	3	18	0	0	5	3	1	12	3	4	6	1	3	3	4	0	8	16	8	3	6	2	3	0	9	8	22	6	12	8	15	7	20	17	11	9	10	1	10	9	0	6	10	4	6	1	9	4	6	17	17	14	8	2	8	15	
250_A/chicken/Hunan/12.0 3	1	7	9	7	4	5	9	2	18	0	0	4	4	1	12	4	4	7	1	4	6	6	0	7	11	4	2	4	3	5	0	10	9	22	6	12	7	15	9	20	15	12	6	11	1	10	10	1	7	8	5	5	1	10	4	9	12	15	18	6	3	12	12	
251_A/chicken/Hunan/12.0 3	2	7	9	7	4	5	9	2	15	0	0	4	6	1	12	4	4	7	1	4	6	6	0	8	11	4	2	4	3	5	1	10	9	18	6	12	7	17	9	19	14	13	6	12	1	9	9	1	6	10	5	5	1	10	4	10	12	16	16	6	3	12	13	
252_A/chicken/Hunan/12.2 6	0	2	8	4	5	11	11	2	19	0	0	4	3	1	12	3	3	6	1	2	4	4	0	9	15	9	2	7	3	3	1	6	7	20	5	16	7	16	8	17	17	12	9	13	1	10	8	0	6	9	5	6	1	9	5	8	16	17	12	7	3	8	16	
253_A/chicken/Hunan/12.2 6	0	2	8	4	5	11	11	2	19	0	0	4	3	1	12	4	3	5	2	3	4	4	0	8	16	8	2	6	2	3	1	7	10	20	6	15	5	15	8	20	16	13	10	11	1	10	7	0	6	9	5	6	1	9	4	8	16	16	15	7	2	8	15	
254_A/chicken/Hunan/12.2 6	0	2	8	4	5	11	11	2	19	0	0	4	3	1	12	3	3	6	1	2	4	4	0	9	15	9	2	7	3	3	1	6	7	20	4	15	8	16	9	17	17	12	9	13	1	10	8	0	6	9	4	6	1	9	6	8	16	17	12	7	3	8	16	
255_A/chicken/Hunan/12.2 6	0	2	8	4	5	11	10	2	18	0	0	5	2	1	12	3	3	6	1	3	4	4	0	7	15	7	3	6	2	3	0	8	8	18	5	14	8	17	6	18	14	11	9	10	1	9	9	0	5	10	4	5	1	9	4	6	15	17	13	7	2	8	15	
256_A/chicken/Hunan/1793 11	8	8	10	7	7	3	8	8	13	1	0	8	1	0	15	2	7	4	0	0	3	6	1	0	12	7	0	3	2	5	2	12	11	24	14	9	5	5	11	13	9	12	11	8	1	6	4	8	11	11	7	4	2	10	9	9	5	11	10	10	0	9	17	
257_A/chicken/Hunan/3157 11	8	9	8	8	7	2	10	6	13	0	0	7	1	1	15	2	6	4	0	0	4	6	1	0	12	7	0	3	1	5	1	11	13	25	15	9	5	7	8	15	8	13	10	8	1	5	6	8	12	10	8	4	1	10	8	8	7	8	13	9	1	11	15	
258_A/chicken/Hunan/HN40 6	0	2	8	4	5	11	11	2	19	0	0	4	3	1	12	3	3	6	1	3	4	4	0	8	15	9	3	6	2	3	0	8	9	19	7	11	7	17	7	19	16	11	9	11	1	10	9	1	5	8	4	8	1	10	4	7	18	17	14	9	2	8	15	
259_A/chicken/Hunan/HN58 6	0	2	8	4	5	11	11	2	19	0	0	4	3	1	12	3	2	6	1	3	4	4	0	8	16	8	3	6	3	3	0	6	9	20	6	12	7	16	7	20	16	11	9	10	1	10	9	2	5	9	4	8	1	10	4	7	18	17	14	9	2	8	15	
260_A/chicken/Hunan/HN75 6	0	2	8	4	5	11	11	2	19	0	0	6	3	1	12	3	3	6	1	4	4	4	0	7	16	8	3	5	2	3	0	9	8	20	6	13	8	18	6	19	17	11	9	11	1	10	9	1	5	9	4	5	1	9	4	8	16	16	14	8	2	9	15	
261_A/chicken/Hunan/HN15 6	0	2	7	4	5	11	12	5	17	0	0	4	4	1	12	3	3	6	1	3	4	4	0	7	16	9	2	6	2	3	0	8	7	20	6	12	7	18	7	19	19	11	10	11	2	10	8	0	5	8	4	6	1	10	4	5	18	17	13	9	2	8	16	
262_A/chicken/Hunan/HN24 6	0	2	7	4	5	10	12	5	17	0	0	4	4	1	12	3	3	6	1	3	4	5	0	7	16	9	2	6	2	3	0	7	6	19	5	13	8	19	8	19	19	11	10	11	2	10	8	0	5	8	4	6	1	10	4	5	18	17	13	9	2	8	16	
263_A/chicken/Hunan/HN24 6	0	2	7	4	5	11	12	5	17	0	0	4	4	1	12	3	3	6	1	3	4	4	0	7	16	9	2	6	2	3	0	7	6	19	6	13	8	19	7	19	19	11	10	11	2	10	8	0	5	8	4	6	1	10	4	5	17	17	13	9	3	8	16	
264_A/chicken/Hunan/HN24 6	0	2	7	4	5	10	12	5	17	0	0	4	4	1	12	3	3	6	1	3	4	5	0	7	16	9	2	6	2	3	0	7	6	20	5	13	8	18	8	19	19	11	10	11	2	10	8	0	5	8	4	6	1	10	4	5	18	17	13	9	2	8	16	
265_A/chicken/Hunan/HN24 6	0	2	7	4	5	11	12	5	17	0	0	4	4	1	12	3	3	6	1	3	4	4	0	7	16	9	2	6	2	3	0	7	6	20	6	13	8	18	7	19	19	11	10	11	2	10	8	0	5	8	4	6	1	10	4	6	16	17	13	9	3	8	16	
266_A/chicken/Hunan/HN24 6	0	2	7	4	5	10	12	5	17	0	0	4	4	1	12	3	3	6	1	3	4	5	0	7	16	9	2	6	2	3	0	7	6	20	5	13	8	18	8	19	19	11	10	11	2	10	8	0	5	8	4	6	1	10	4	5	18	17	13	9	2	8	16	
267_A/chicken/Hunan/HN25 6	0	2	7	4	5	11	12	5	17	0	0	4	4	1	12	3	3	6	1	3	4	4	0	7	16	9	2	6	2	3	0	7	6	19	6	13	8	19	7	19	19	11	10	11	2	10	8	0	5	8	4	6	1	10	4	5	17	17	13	9	3	8	16	
268_A/chicken/Hunan/HN25 6	0	2	7	4	5	11	12	5	17	0	0	4	4	1	12	3	3	6	1	3	4	4	0	7	16	9	2	6	2	3	0	7	6	20	6	13	8	18	7	19	19	11	10	11	2	10	8	0	5	8	4	6	1	10	4	6	16	17	13	9	3	8	16	
269_A/chicken/Hunan/HN25 6	0	2	7	4	5	11	12	6	17	0	0	4	4	1	12	3	3	6	1	3	4	4	0	6	16	9	2	6	2	3	0	7	6	19	6	13	8	19	7	19	19	11	10	11	2	10	8	0	5	8	4	6	1	10	4	6	16	17	13	9	3	8	16	
270_A/chicken/Hunan/HN25 6	0	2	7	4	5	11	12	5	17	0	0	4	4	1	12	3	3	6	1	3	4	4	0	7	16	9	2	6	2	3	0	7	6	19	6	13	8	19	7	19	19	11	10	11	2	10	8	0	5	8	4	6	1	10	4	6	16	17	13	9	3	8	16	
271_A/chicken/Hunan/HN25 6	0	2	7	4	5	10	12	6	17	0	0	4	4	1	12	3	3	6	1	3	4	5	0	6	16	9	2	6	2	3	0	7	6	19	5	13	8	19	8	19	19	11	10	11	2	10	8	0	5	8	4	6	1	10	4	5	18	17	13	9	2	8	16	
272_A/chicken/Hunan/HN26 6	0	2	8	4	5	11	11	2	19	0	0	5	3	1	12	3	3	6	1	3	4	4	0	8	16	8	3	6	2	3	0	8	7	23	5	14	9	14	7	19	16	11	9	11	1	10	10	2	5	10	4	5	1	8	4	8	17	16	13	7	3	9	15	
273_A/chicken/Hunan/HN26 6	0	2	8	4	5	11	11	2	19	0	0	5	3	1	12	3	3	6	1	3	4	4	0	8	16	8	3	6	2	3	0	8	7	22	6	14	10	14	7	19	15	11	9	11	1	10	10	2	5	10	4	5	1	8	4	8	17	16	13	7	3	9	15	
274_A/chicken/Hunan/HN26 6	0	2	8	4	5	11	11	2	19	0	0	5	3	1	12	3	3	6	1	3	4	4	0	8	16	8	3	6	2	3	0	8	7	22	5	14	9	15	7	19	15	11	9	11	1	10	10	2	5	10	4	5	1	8	4	8	18	16	13	7	3	9	15	
275_A/chicken/Hunan/HN26 6	0	2	8	4	5	11	11	2	19	0	0	5	3	1	12	3	3	6	1	3	4	4	0	8	16	8	3	6	2	3	0	8	7	23	5	14	9	14	7	19	16	11	9	11	1	10	10	2	5	10	4	5	1	8	4	8	17	16	13	7	3	9	15	
276_A/chicken/Hunan/HN30 6	0	3	10	5	5	10	8	4	18	0	0	5	3	1	14	4	2	6	1	2	4	4	0	6	16	9	1	6	2	3	1	10	7	20	6	13	6	16	7	18	17	11	9	12	1	10	9	0	4	11	5	6	3	6	5	9	17	17	14	7	2	9	14	
277_A/chicken/Hunan/HN30 6	0	2	9	4	5	11	10	2	18	0	0	4	4	1	12	3	3	6	1	3	4	4	0	8	16	9	2	7	2	3	1	7	9	20	6	15	6	16	7	18	17	11	9	11	1	10	9	0	4	9	5	6	2	9	5	9	17	17	13	7	2	9	14	
278_A/chicken/Hunan/HN30 6	0	2	9	4	5	11	10	2	18	0	0	4	4	1	12	3	3	6	1	3	4	4	0	8	16	9	2	7	2	3	1	7	9	20	6	15	6	16	7	18	17	11	9	11	1	10	9	0	4	9	5	6	2	9	5	9	17	17	13	7	2	9	14	
279_A/chicken/Hunan/HN30 6	0	2	9	4	5	11	10	2	18	0	0	4	4	1	12	3	3	6	1	3	4	4	0	8	16	9	2	7	2	3	1	7	9	20	6	15	6	16	7	18	17	11	9	11	1	10	9	0	4	9	5	6	2	9	5	9	17	17	13	7	2	9	14	
280_A/chicken/Hunan/HN30 6	0	2	9	4	5	11	10	2	18	0	0	4	4	1	12	3	3	6	1	3	4	4	0	8	16	9	2	7	2	3	1	7	9	20	6	15	6	16	7	18	17	11	9	11	1	10	9	0	4	9	5	6	2	9	5	9	17	17	13	7	2	9	14	
281_A/chicken/Hunan/HN30 6	0	2	9	4	5	11	10	2	18	0	0	4	4	1	12	3	3	6	1	3	4	4	0	8	16	9	2	7	2	3	1	7	9	20	6	15	6	16	7	18	17	11	9	11	1	10	9	0	4	9	5	6	2	9	5	9	17	17	13	7	2	9	14	
282_A/chicken/Hunan/HN30 6	0	2	9	4	5	11	10	2	18	0	0	4	4	1	12	3	3	6	1	3	4	4	0	8	16	9	2	7	2	3	1	7	9	19	6	15	6	17	7	18	17	11	9	11	1	10	9	0	4	9	5	6	2	9	5	9	17	17	13	7	2	9	14	
283_A/chicken/Hunan/HN30 6	0	2	9	5	5	10	10	2	17	0	0	5	4	1	12	3	2	6	2	2	4	4	0	8	16	9	2	7	2	3	1	7	9	19	6	15	6	15	7	17	17	11	9	12	1	11	9	0	4	10	5	8	2	8	5	9	17	17	13	7	2	9	14	
284_A/chicken/Hunan/S100 11	9	10	9	8	6	1	9	7	12	0	0	6	2	1	15	2	5	5	0	0	3	6	0	1	13	6	0	4	1	6	2	13	10	20	15	9	7	10	8	20	4	12	7	8	3	7	8	6	11	10	11	5	1	11	7	11	6	9	10	4	1	10	16	
285_A/chicken/Jiangsu/03 11	7	9	8	7	8	2	10	5	13	0	0	9	1	1	14	2	5	5	0	1	2	6	0	2	12	6	1	2	3	5	1	14	14	21	14	8	3	7	10	17	7	12	6	10	4	6	11	6	12	10	9	4	1	11	6	7	4	10	11	9	0	10	18	
286_A/chicken/Jiangsu/92 10	9	10	7	8	7	1	11	6	13	0	0	7	1	1	15	2	5	6	0	0	3	5	0	0	13	6	0	4	1	7	1	15	13	20	14	6	5	9	9	19	7	12	7	7	2	7	8	5	12	10	10	5	1	10	7	13	5	10	12	5	1	10	15	
287_A/chicken/Jiangsu/10 6	8	11	12	7	6	2	10	6	16	1	0	3	1	0	13	5	9	6	0	1	3	3	1	4	9	7	1	2	0	7	1	13	12	19	10	12	7	12	9	16	10	11	14	8	2	8	8	10	8	15	7	3	2	9	9	6	8	11	14	11	2	10	10	
288_A/chicken/Jiangsu/24 9	9	10	7	9	7	1	11	5	13	0	0	7	1	1	15	2	4	6	0	0	4	5	0	1	12	6	0	4	2	6	2	15	13	21	15	7	6	9	8	18	7	12	6	7	2	7	9	5	10	9	7	5	1	10	8	12	5	9	12	6	1	12	17	
289_A/chicken/Jiangsu/k0 9	9	9	8	8	7	2	10	5	12	0	0	6	2	1	15	3	6	5	0	0	1	6	0	2	13	6	0	3	2	6	2	13	13	24	15	7	4	7	8	17	9	12	6	9	1	6	10	6	11	8	9	5	1	12	7	10	5	11	11	8	1	9	17	
290_A/chicken/Jiangsu/SE 8	9	10	6	9	7	1	12	5	13	0	0	7	1	1	15	3	4	6	0	0	4	5	0	1	12	6	0	4	2	6	2	14	13	21	15	7	6	9	8	16	7	12	6	9	2	7	9	5	9	9	7	6	2	10	8	13	5	9	11	5	1	12	18	
291_A/chicken/Jiangsu/WX 6	0	2	8	4	5	11	11	3	19	0	0	5	3	1	12	3	4	6	1	3	3	4	0	7	16	8	4	6	2	3	0	9	8	20	6	12	8	17	7	20	17	10	9	11	1	10	9	0	5	9	4	6	1	9	4	8	17	16	15	7	2	8	15	
292_A/chicken/Jiangsu/WX 6	0	2	8	4	5	11	11	3	19	0	0	5	3	1	12	3	4	6	1	3	3	4	0	7	16	8	4	6	2	3	0	9	8	20	6	12	8	17	7	20	17	10	9	11	1	10	9	0	5	9	4	6	1	9	4	8	17	16	15	7	2	8	15	
293_A/chicken/Jiangsu/XZ 6	7	11	11	7	6	2	11	7	15	1	0	5	0	0	14	5	9	6	0	1	2	4	1	4	9	5	1	2	0	9	1	14	11	23	8	10	9	10	10	17	10	14	11	10	2	9	6	11	7	13	7	3	2	10	6	3	9	11	15	12	2	10	10	
294_A/chicken/Jiangsu/YB 11	7	9	8	7	8	2	10	5	13	0	0	9	1	1	14	3	5	5	0	0	2	6	0	1	12	6	1	2	3	5	1	14	14	21	16	7	5	9	8	18	7	12	6	10	3	6	10	6	11	9	8	4	1	11	6	7	5	10	12	9	0	10	18	
295_A/chicken/Jiangxi/01 6	0	2	7	4	6	11	12	2	20	0	0	5	1	1	12	2	3	6	1	4	4	4	0	9	16	7	3	5	2	4	0	8	8	19	7	13	8	16	6	20	16	11	10	11	1	10	8	0	5	10	4	6	1	10	5	8	16	16	14	8	2	8	16	
296_A/chicken/Jiangxi/02 6	0	2	8	4	5	11	11	2	20	0	0	5	2	1	12	3	3	6	1	3	4	4	0	8	16	8	3	6	2	3	0	8	8	20	5	13	8	15	9	19	16	12	9	11	3	10	9	1	5	9	3	6	1	9	5	9	18	17	14	6	0	9	14	
297_A/chicken/Jiangxi/02 6	0	3	7	4	5	11	11	2	19	0	0	5	1	1	12	2	3	5	1	4	4	4	0	6	15	6	3	5	2	4	0	9	9	15	6	11	8	16	5	18	12	11	10	10	1	9	8	0	5	11	4	6	0	10	5	6	15	16	13	7	2	8	15	
298_A/chicken/Jiangxi/04 6	0	2	7	4	5	11	11	2	19	0	0	5	1	1	12	2	3	7	1	4	4	3	0	6	15	6	3	5	2	4	0	8	9	16	6	12	8	16	5	18	12	11	10	10	1	9	8	0	5	10	4	6	0	11	5	6	15	15	13	7	2	8	15	
299_A/chicken/Jiangxi/04 6	0	2	7	4	6	11	12	2	20	0	0	5	1	1	12	2	3	6	1	4	4	4	0	9	16	7	3	5	2	4	0	9	9	19	6	13	8	16	6	20	15	11	10	11	1	10	8	0	5	10	4	6	1	11	5	8	16	15	15	8	2	8	15	
300_A/chicken/Jiangxi/04 6	0	2	7	4	6	11	12	2	20	0	0	5	1	1	12	2	3	6	1	4	4	4	0	9	16	7	3	5	2	4	0	9	9	19	6	13	9	15	6	19	15	12	10	11	1	10	8	0	5	10	4	6	1	11	5	8	16	15	15	8	2	8	15	
301_A/chicken/Jiangxi/04 6	0	2	7	4	6	11	12	2	20	0	0	5	1	1	12	2	3	6	1	4	4	4	0	9	16	7	3	5	2	4	0	9	9	19	6	13	8	16	6	20	15	11	10	11	1	10	8	0	5	10	4	6	1	11	5	8	16	15	15	8	2	8	15	
302_A/chicken/Jiangxi/04 3	1	6	9	7	4	6	10	2	18	0	0	4	5	1	12	4	4	7	1	4	6	6	0	7	11	5	2	4	4	5	0	10	9	22	6	13	7	18	9	21	16	11	6	12	1	11	10	1	6	8	4	5	1	10	5	10	14	16	16	6	3	12	14	
303_A/chicken/Jiangxi/04 6	0	2	8	4	5	11	10	2	17	0	0	5	3	1	12	3	3	6	1	3	4	4	0	8	16	7	3	5	1	3	0	8	7	19	5	13	8	16	6	18	14	11	9	10	1	9	9	0	6	10	4	6	1	9	4	6	15	17	13	7	1	9	15	
304_A/chicken/Jiangxi/04 6	0	2	7	4	6	11	12	2	20	0	0	5	1	1	12	2	3	6	1	4	4	4	0	9	16	7	3	5	2	4	0	9	9	19	6	13	8	16	6	20	15	11	10	11	1	10	8	0	5	10	4	6	1	11	5	8	16	15	15	8	2	8	15	
305_A/chicken/Jiangxi/04 6	0	2	7	4	6	11	12	2	20	0	0	5	1	1	12	2	3	6	1	4	4	4	0	9	16	7	3	5	2	4	0	9	9	19	6	13	8	16	6	20	15	11	10	11	1	10	8	0	5	10	4	6	1	11	5	8	16	15	15	8	2	8	15	
306_A/chicken/Jiangxi/04 6	0	2	7	4	6	11	12	2	20	0	0	5	1	1	12	2	3	6	1	4	4	4	0	9	16	7	3	5	2	4	0	9	9	19	6	13	8	16	6	20	15	11	10	11	1	10	8	0	5	10	4	6	1	11	5	8	16	15	15	8	2	8	15	
307_A/chicken/Jiangxi/04 6	0	2	7	4	5	11	11	2	19	0	0	5	1	1	12	2	3	6	1	4	4	4	0	6	15	6	3	5	2	4	0	8	9	16	6	12	8	16	5	18	12	11	10	10	1	9	8	0	5	10	4	6	0	11	5	6	15	15	13	7	2	8	15	
308_A/chicken/Jiangxi/04 6	0	2	7	4	6	11	12	2	20	0	0	5	1	1	12	2	3	6	1	4	4	4	0	9	16	7	3	5	2	4	0	9	9	19	6	13	8	16	6	20	15	11	10	11	1	10	8	0	5	10	4	6	1	11	5	8	16	15	15	8	2	8	15	
309_A/chicken/Jiangxi/04 2	5	12	7	7	3	8	13	5	14	1	0	3	3	0	14	1	7	3	1	3	5	5	2	4	9	7	4	5	3	5	0	8	8	15	9	3	5	20	9	19	22	11	10	6	0	5	9	4	6	9	4	2	4	12	4	9	7	16	12	7	1	6	13	
310_A/chicken/Jiangxi/04 6	0	2	7	4	5	11	11	3	18	0	0	5	1	1	12	2	3	6	1	4	4	4	0	6	15	6	3	4	2	4	0	8	8	16	6	12	8	15	6	18	13	11	11	11	1	9	7	0	5	10	4	6	0	10	5	6	15	16	13	7	2	7	16	
311_A/chicken/Jiangxi/05 6	1	2	7	4	5	11	11	2	18	0	0	5	1	1	12	2	3	6	1	4	4	4	0	6	15	6	3	5	2	4	0	8	9	16	6	12	8	16	5	18	12	11	10	10	1	9	8	0	5	10	4	6	0	11	5	6	15	15	13	7	2	8	15	
312_A/chicken/Jiangxi/10 5	4	14	12	7	8	0	10	6	18	1	0	4	1	0	13	5	8	5	0	4	3	3	1	2	9	6	0	1	1	7	2	13	11	23	9	13	7	9	7	16	13	14	15	13	0	5	8	11	6	12	6	4	3	11	8	4	8	14	15	9	2	7	11	
313_A/chicken/Jiangxi/12 5	0	3	7	4	5	11	11	2	19	0	0	5	1	1	12	2	3	6	1	4	4	4	0	6	15	6	3	5	2	4	0	8	8	16	6	12	8	16	6	18	13	11	10	10	1	9	8	0	5	10	4	6	0	10	4	6	15	16	13	7	2	8	15	
314_A/chicken/Jiangxi/12 6	0	2	7	4	5	11	11	2	19	0	0	5	1	1	12	2	3	6	1	4	4	4	0	6	15	6	3	5	2	4	0	8	8	16	6	12	8	16	5	18	13	11	10	10	1	9	8	0	5	10	4	6	0	10	5	6	15	16	13	7	2	8	15	
315_A/chicken/Jiangxi/12 6	0	2	7	4	6	11	12	2	20	0	0	5	1	1	12	2	3	6	1	4	4	4	0	9	16	7	3	5	2	4	0	9	8	19	6	13	8	16	6	20	16	11	10	11	1	10	8	0	5	10	4	6	1	10	5	8	16	16	15	8	2	8	15	
316_A/chicken/Jiangxi/12 6	0	2	7	4	5	11	11	2	19	0	0	5	1	1	12	2	3	6	1	4	4	4	0	6	15	5	3	5	2	5	0	8	8	16	6	12	8	16	5	18	13	11	10	10	1	9	8	0	5	10	4	6	0	10	5	6	15	16	13	7	2	8	15	
317_A/chicken/Jiangxi/12 6	0	2	7	4	6	11	12	2	20	0	0	5	1	1	12	2	3	6	1	4	4	5	0	9	16	7	3	5	2	4	0	9	8	19	6	13	8	15	6	20	16	11	10	11	1	10	8	0	5	10	4	6	1	10	5	8	16	16	15	8	2	8	15	
318_A/chicken/Jiangxi/25 11	9	9	8	7	8	2	10	5	10	0	0	7	4	1	15	2	5	5	0	0	2	6	0	1	13	6	0	4	1	6	2	15	13	21	15	8	5	9	8	17	7	11	7	8	2	7	10	4	12	10	7	5	0	10	8	12	5	10	12	6	1	10	16	
319_A/Chicken/Jiangxi/45 6	1	2	7	4	6	11	12	2	19	0	0	5	2	1	12	2	3	6	1	4	4	4	0	9	15	7	3	6	2	4	0	9	8	19	7	13	8	17	5	21	16	11	10	10	0	11	8	0	5	11	4	6	1	8	5	8	17	15	14	8	1	8	16	
320_A/chicken/Jiangxi/S4 9	10	6	11	8	7	10	8	4	11	0	0	5	2	1	16	3	4	6	0	0	6	1	1	5	10	7	1	3	3	8	0	15	10	26	15	12	9	8	8	15	5	10	11	10	3	9	3	8	9	8	10	3	4	12	8	9	5	10	11	7	3	11	17	
321_A/chicken/Jilin/04.1 5	0	3	9	5	5	10	10	2	19	0	0	5	3	1	12	2	3	5	1	4	4	5	0	8	17	8	3	6	2	3	0	9	9	21	5	13	8	16	7	20	15	10	9	11	1	9	10	0	5	9	4	6	1	10	4	7	17	17	15	8	2	7	15	
322_A/chicken/Jilin/04.1 9	9	10	7	9	7	1	11	5	13	0	0	7	1	1	15	2	4	6	0	0	4	5	0	1	12	6	0	4	2	6	2	15	13	20	15	7	6	9	8	18	6	12	5	8	3	8	10	5	10	10	7	5	1	10	8	11	5	8	12	6	1	12	17	
323_A/chicken/Jilin/04.1 9	9	10	7	9	7	1	11	5	13	0	0	7	1	1	15	2	4	6	0	0	4	5	0	1	12	6	0	4	2	6	2	15	13	20	15	6	6	9	8	19	6	12	5	8	3	8	10	5	10	10	7	5	1	10	8	11	5	8	12	6	1	12	17	
324_A/chicken/Jilin/04.1 9	9	10	7	9	7	1	11	5	13	0	0	7	1	1	15	2	4	6	0	0	4	5	0	1	12	6	0	4	2	6	2	15	13	20	15	7	6	9	8	18	6	12	5	8	3	8	10	5	10	10	7	5	1	10	8	11	5	8	12	6	1	12	17	
325_A/chicken/Jilin/04.1 9	9	10	7	9	7	1	11	5	13	0	0	7	1	1	15	2	4	6	0	0	4	5	0	1	12	6	0	4	2	6	2	15	13	20	15	7	6	9	8	18	6	12	5	8	3	8	10	5	10	10	7	5	1	10	8	11	5	8	12	6	1	12	17	
326_A/chicken/Jilin/04.2 9	9	10	7	9	7	1	11	5	13	0	0	7	1	1	15	2	4	6	0	0	4	5	0	1	12	6	1	4	2	6	1	15	13	21	15	7	6	8	8	18	6	12	5	8	3	8	10	5	10	10	7	5	1	10	8	11	5	8	13	6	1	12	16	
327_A/chicken/Jilin/S125 9	9	10	6	9	7	1	12	5	13	0	0	7	1	1	15	1	4	6	0	0	4	5	0	1	12	6	0	4	2	6	2	17	13	19	15	6	6	10	8	17	7	13	6	9	2	7	8	5	7	9	8	6	3	11	7	13	5	9	12	4	1	12	17	
328_A/chicken/Jilin/S127 9	9	10	6	9	7	1	12	5	13	0	0	7	1	1	15	1	4	6	0	0	4	5	0	1	12	6	0	4	2	6	2	17	13	19	15	6	6	10	8	17	7	13	6	9	2	7	8	5	7	9	8	6	3	11	7	13	5	9	12	4	1	12	17	
329_A/chicken/Kaohsiung/ 11	8	8	10	6	6	6	7	6	9	1	0	5	3	0	13	1	6	6	0	4	5	3	0	3	9	7	3	2	1	9	1	14	18	16	9	5	4	9	6	12	8	10	17	8	2	8	6	14	2	14	7	6	6	8	8	13	10	16	16	15	1	7	17	
330_A/chicken/Kaohsiung/ 11	8	9	12	6	6	5	5	5	9	1	0	5	3	0	13	1	6	6	0	4	5	3	0	4	9	7	3	2	1	9	1	14	17	17	8	5	4	9	6	12	9	9	17	8	2	9	7	13	3	14	7	7	6	8	9	12	9	15	16	16	1	8	15	
331_A/chicken/Kaohsiung/ 11	8	8	11	6	6	6	6	6	9	1	0	5	3	0	13	1	6	6	0	4	5	3	0	3	9	7	3	2	1	9	1	14	18	16	9	6	4	9	6	12	8	10	17	8	2	8	7	13	2	14	7	6	6	8	8	13	10	16	16	15	1	7	16	
332_A/chicken/Kaohsiung/ 11	8	8	10	6	6	6	7	6	9	1	0	5	3	0	13	1	6	6	0	4	5	3	0	3	9	7	3	2	1	9	1	14	18	16	9	5	4	9	6	12	8	10	17	8	2	8	6	14	2	14	7	6	6	8	8	13	10	16	16	15	1	7	17	
333_A/chicken/Kaohsiung/ 11	8	8	10	6	6	6	7	6	9	1	0	5	3	0	13	1	6	6	0	4	5	3	0	3	9	7	3	2	1	9	1	14	18	16	9	5	4	9	6	11	9	9	17	8	2	9	7	14	2	14	7	6	6	8	8	14	10	15	16	15	1	7	16	
334_A/chicken/Kaohsiung/ 11	8	8	11	6	6	6	6	6	10	1	0	5	2	0	13	1	6	6	0	4	5	3	0	3	9	7	3	2	1	9	1	14	19	17	9	5	4	8	6	12	7	10	17	8	2	8	7	13	2	14	8	7	6	8	8	13	10	16	16	15	1	7	15	
335_A/chicken/Kaohsiung/ 10	8	7	11	7	6	7	6	6	10	1	0	5	2	0	13	1	6	6	0	4	5	3	0	3	9	7	3	2	1	9	1	16	18	16	9	5	4	9	6	12	8	11	17	8	2	8	7	11	2	14	7	7	6	8	8	13	10	15	17	15	1	7	15	
336_A/chicken/Kaohsiung/ 5	10	13	11	9	4	1	11	1	14	1	0	6	3	0	13	5	6	7	0	3	5	2	2	5	10	7	2	1	0	8	0	15	9	22	11	10	8	13	10	15	13	11	15	6	2	5	7	11	5	13	8	6	2	11	4	11	10	7	14	8	1	13	9	
337_A/chicken/Kaohsiung/ 5	10	13	10	9	4	1	12	1	14	1	0	4	3	0	13	5	6	7	0	3	5	2	2	5	10	7	2	3	0	8	0	16	9	23	11	10	9	13	10	13	13	10	15	6	2	6	7	10	5	14	8	6	2	10	4	11	10	7	14	9	1	12	9	
338_A/chicken/Kaohsiung/ 5	10	13	11	9	4	1	11	2	14	1	0	6	3	0	13	4	6	8	0	4	5	1	2	5	9	7	2	0	1	8	0	15	10	23	11	10	7	13	10	13	12	11	15	7	2	5	7	11	5	14	8	6	2	9	4	10	12	8	14	9	1	13	8	
339_A/chicken/Kaohsiung/ 5	10	13	11	9	4	1	11	3	14	1	0	5	3	0	13	4	6	8	0	4	5	1	2	5	9	7	2	0	1	8	0	15	10	23	11	10	7	13	10	13	12	11	15	7	2	5	7	11	5	14	8	6	2	9	4	9	13	8	14	9	1	13	8	
340_A/chicken/Liaoning/S 10	8	8	9	8	8	3	10	8	13	0	0	6	1	1	15	1	6	4	0	1	4	5	0	0	10	6	0	3	3	6	2	8	15	23	11	12	4	5	13	13	7	13	8	8	1	7	6	8	10	11	10	4	2	10	7	7	6	10	12	13	0	11	16	
341_A/chicken/Liaoning/S 9	9	10	6	9	7	1	12	5	14	0	0	7	1	1	15	1	4	6	0	0	4	5	0	1	12	6	0	4	2	6	2	16	14	17	15	6	6	11	9	17	7	13	7	8	1	7	7	6	8	10	8	6	2	10	7	12	5	9	12	5	1	12	17	
342_A/chicken/Miaoli/150 10	8	9	12	7	6	5	5	6	9	1	0	4	3	0	14	1	6	6	0	4	5	3	0	3	9	7	3	2	1	9	1	14	18	17	8	5	4	9	6	12	8	10	17	8	2	8	7	13	2	14	9	7	6	8	7	13	10	16	15	15	1	7	16	
343_A/chicken/Nantou/161 11	9	8	10	6	5	6	7	6	9	1	0	5	3	0	13	1	6	6	0	4	5	3	0	3	9	7	3	2	1	9	1	15	19	16	9	5	4	9	6	11	8	10	16	8	2	8	8	13	2	14	7	6	6	8	8	13	10	15	16	16	1	7	16	
344_A/chicken/New_Taipei 10	8	8	11	7	6	6	6	5	9	1	0	6	3	0	13	1	6	6	0	4	5	3	0	3	9	7	3	2	1	9	1	14	18	16	9	5	4	9	6	12	8	12	17	8	2	7	7	13	2	14	7	7	6	8	8	13	10	15	16	15	1	7	16	
345_A/chicken/New_Taipei 10	8	7	11	7	6	6	6	6	9	0	0	5	3	1	13	1	6	7	0	4	5	3	0	3	9	7	3	2	1	9	1	14	18	16	9	5	4	9	6	12	8	12	17	8	2	7	7	13	2	14	7	7	6	8	8	13	10	15	16	15	1	7	16	
346_A/chicken/New_Taipei 5	10	13	11	9	4	1	11	2	14	1	0	5	3	0	13	5	6	7	0	3	5	2	2	6	9	7	2	1	0	8	0	16	9	22	11	10	8	13	10	14	13	11	15	6	2	6	7	10	4	15	8	6	2	10	4	11	10	7	14	8	1	13	9	
347_A/chicken/New_Taipei 11	8	8	11	6	6	6	6	7	9	1	0	4	3	0	13	1	6	7	0	4	5	2	0	3	9	7	3	2	1	9	1	14	19	15	9	5	4	9	6	12	7	10	17	8	2	10	6	14	2	14	7	6	6	8	8	13	10	16	15	15	1	7	17	
348_A/chicken/New_Taipei 11	8	8	11	6	6	6	6	6	10	1	0	5	3	0	13	1	6	7	0	4	5	2	0	3	7	7	3	2	2	9	0	14	18	15	9	6	4	9	6	12	8	10	17	8	2	10	7	14	2	14	7	5	6	8	8	13	10	16	15	15	1	7	17	
349_A/chicken/New_Taipei 11	8	8	11	6	6	6	6	6	10	1	0	5	3	0	13	1	6	7	0	4	5	2	0	3	7	7	3	2	2	9	1	14	18	15	9	6	4	9	6	12	8	10	17	8	2	10	6	14	2	14	7	5	6	8	8	12	10	16	15	16	1	7	17	
350_A/chicken/New_Taipei 11	8	8	11	6	6	6	6	6	10	1	0	5	3	0	13	1	6	7	0	4	5	2	0	3	7	7	3	2	2	9	0	14	18	15	9	6	4	9	6	12	8	10	17	8	2	10	7	14	2	14	7	5	6	8	8	13	10	16	15	15	1	7	17	
351_A/chicken/New_Taipei 5	10	13	11	9	5	1	10	1	13	1	0	5	3	0	12	5	6	7	0	3	5	2	3	5	10	6	2	2	0	9	0	16	9	21	11	10	8	13	11	14	13	11	15	6	2	5	8	10	5	15	8	6	2	9	4	11	10	7	13	9	1	13	10	
352_A/chicken/Ningxia/2/ 11	8	8	9	7	8	4	10	8	13	0	0	6	1	1	15	1	5	4	0	1	4	4	0	0	11	6	0	3	3	6	2	8	15	23	11	12	4	5	13	14	7	13	7	7	1	7	7	8	10	11	10	4	2	10	7	6	6	10	13	14	0	11	15	
353_A/chicken/Ningxia/22 11	8	8	9	6	8	4	10	8	13	0	0	6	1	1	15	1	5	4	0	1	4	4	0	0	11	6	0	3	3	6	2	8	15	23	11	12	4	5	13	14	7	13	7	7	1	7	7	8	10	11	10	5	2	10	7	6	6	10	13	14	0	11	15	
354_A/chicken/PH/A2821/2 8	7	8	14	6	6	4	7	2	15	1	0	6	2	0	13	4	6	6	0	4	4	3	0	2	7	7	3	1	2	6	1	12	11	19	11	14	8	15	8	13	11	10	15	9	1	6	5	9	5	15	6	6	3	13	7	7	8	7	15	8	1	9	8	
355_A/chicken/Pingtung/1 5	10	13	11	9	4	1	11	2	16	1	0	5	1	0	13	5	6	7	0	3	5	2	2	5	9	7	2	1	1	8	0	16	9	20	12	10	8	13	9	15	13	12	13	7	2	5	7	10	4	14	9	6	3	11	4	10	10	8	14	8	1	12	10	
356_A/chicken/Pingtung/1 5	10	13	12	9	5	2	9	1	15	1	0	5	2	0	13	6	6	7	0	3	4	2	2	5	9	7	2	1	1	8	0	17	9	20	10	11	8	15	10	15	13	12	13	7	2	5	8	9	4	16	11	6	3	9	4	9	10	7	12	8	1	11	10	
357_A/chicken/Pingtung/1 5	10	13	11	9	4	1	11	2	14	1	0	5	3	0	13	5	6	7	0	3	5	2	2	5	9	7	2	1	1	8	0	15	10	23	11	10	7	13	10	14	12	11	15	6	2	5	7	11	5	14	8	6	2	9	4	10	12	8	13	9	1	13	9	
358_A/chicken/Pingtung/1 5	10	13	11	9	5	1	10	1	13	1	0	5	3	0	12	5	6	7	0	3	5	2	3	5	10	6	2	2	0	9	0	16	9	20	11	10	8	14	10	14	13	11	14	6	2	5	9	10	5	15	8	6	2	9	5	11	10	7	13	9	1	13	10	
359_A/chicken/PT/a158/20 7	7	8	14	7	6	4	7	3	15	1	0	5	2	0	13	4	6	6	0	4	4	3	0	2	7	7	3	2	2	6	1	14	11	18	11	15	6	16	8	13	11	10	14	9	1	6	6	6	5	15	7	6	5	13	7	7	8	8	14	7	1	8	8	
360_A/chicken/Qingdao/1/ 6	7	11	11	7	6	2	11	7	15	1	0	5	0	0	14	5	9	6	0	1	2	4	1	4	9	4	1	2	0	9	2	14	10	22	8	10	9	10	10	16	11	12	13	10	3	8	6	11	7	14	7	3	2	9	8	3	9	11	14	12	2	11	10	
361_A/chicken/SC/a688/20 8	8	8	14	6	5	4	7	3	15	1	0	5	2	0	13	4	6	6	0	4	4	3	0	2	7	7	3	2	2	6	1	14	11	18	11	15	6	16	8	13	11	10	14	9	1	6	6	6	6	15	7	6	4	13	7	7	9	8	14	7	0	8	8	
362_A/chicken/Shaanxi/SD 6	0	2	9	3	5	11	10	3	17	0	0	4	5	1	12	3	4	6	1	3	5	4	0	6	15	10	3	9	1	2	0	6	10	17	8	14	7	18	6	19	16	15	8	11	1	9	10	0	6	8	4	7	0	11	5	10	15	17	13	4	3	8	14	
363_A/chicken/Shandong/1 11	7	9	8	7	8	2	10	5	13	0	0	9	1	1	14	2	5	5	0	1	2	6	0	2	12	6	1	2	3	5	1	14	14	21	14	8	3	8	10	17	7	12	6	10	4	6	11	6	11	10	8	4	1	11	6	7	5	10	11	9	0	10	18	
364_A/Chicken/Shandong/J 11	10	9	8	8	5	2	10	6	10	0	0	7	3	1	15	2	6	5	0	0	3	6	0	1	13	6	0	4	1	6	2	14	13	22	15	8	5	9	7	15	9	11	8	8	1	7	9	6	12	10	8	4	0	10	7	11	4	10	13	7	1	10	16	
365_A/Chicken/Shandong/J 10	7	8	9	8	9	3	10	7	13	0	0	7	1	1	15	1	5	4	0	1	5	5	0	0	10	6	0	3	3	6	2	8	15	23	12	12	4	5	13	14	7	13	7	7	1	6	8	8	10	11	10	4	2	10	7	7	6	10	13	13	0	11	14	
366_A/Chicken/Shandong/J 10	9	8	9	8	7	3	10	7	13	1	0	7	1	0	15	1	6	4	0	1	4	5	0	0	10	6	0	3	3	6	2	9	15	23	11	11	3	5	13	14	8	14	8	7	1	6	6	8	10	11	10	3	3	10	7	6	6	10	13	14	0	11	15	
367_A/Chicken/Shandong/J 10	8	8	8	8	8	3	11	8	13	0	0	6	1	1	15	1	6	4	0	1	4	5	0	0	10	6	0	3	3	6	2	7	15	23	11	13	4	5	13	13	7	12	8	7	2	8	6	7	10	11	10	5	2	10	7	7	6	9	13	13	0	12	15	
368_A/Chicken/Shandong/J 11	9	9	8	7	7	2	10	6	12	1	0	6	2	0	15	2	6	4	0	1	2	6	0	2	13	6	1	2	2	6	1	12	13	22	14	7	4	8	9	19	9	11	7	8	2	6	9	8	11	8	9	4	1	12	6	9	5	11	13	8	1	9	16	
369_A/chicken/Shandong/K 10	9	10	12	7	7	5	5	7	8	1	0	4	2	0	15	1	7	5	0	4	5	4	0	2	8	8	2	3	1	9	1	13	15	19	9	6	3	6	5	11	9	10	12	8	3	7	12	15	4	15	8	6	7	7	8	15	8	18	19	14	1	6	10	
370_A/chicken/Shandong/S 6	7	11	11	7	6	2	11	7	15	1	0	5	0	0	14	5	9	6	0	1	2	4	1	4	9	4	1	2	0	9	2	13	10	23	8	10	9	10	10	16	11	12	13	10	2	9	6	12	7	13	7	3	2	9	8	3	9	11	14	12	2	11	10	
371_A/chicken/Shanghai/S 10	9	10	6	8	7	1	12	6	12	0	0	5	2	1	15	2	4	6	0	0	4	5	0	1	12	6	0	5	2	6	2	14	13	21	15	8	6	9	8	18	7	12	6	8	2	8	8	5	8	9	6	5	3	10	9	12	5	10	12	5	1	11	17	
372_A/chicken/Shanghai/S 9	9	10	7	9	7	1	11	5	13	0	0	7	1	1	15	2	4	6	0	0	5	6	0	1	11	6	0	4	2	6	2	15	14	20	13	6	6	9	10	16	7	12	7	9	2	8	7	5	8	9	7	6	2	10	8	12	5	9	12	6	1	12	17	
373_A/chicken/Shanxi/04. 6	0	1	9	4	5	12	10	2	19	0	0	5	3	1	12	3	3	6	1	3	4	4	0	8	16	9	2	6	2	3	1	8	9	19	6	13	8	16	8	19	16	12	8	14	1	10	8	0	5	8	5	6	0	10	4	8	17	17	14	5	3	8	15	
374_A/chicken/Shanxi/12. 6	0	1	9	4	5	12	10	2	19	0	0	4	3	1	12	3	3	6	1	3	4	4	0	8	16	9	2	7	2	3	1	8	8	19	6	14	7	15	9	17	19	13	8	13	1	8	10	0	5	9	5	6	0	9	4	9	16	17	13	6	2	8	16	
375_A/chicken/Shenzhen/4 5	0	2	8	4	5	11	11	2	19	0	0	5	3	1	12	4	4	6	1	3	4	4	0	8	15	8	3	6	2	3	0	8	8	20	6	13	8	17	7	19	17	12	9	11	1	9	9	0	5	10	4	6	1	9	4	8	17	17	14	7	2	8	15	
376_A/chicken/Shenzhen/5 6	0	2	8	4	5	11	11	2	19	0	0	5	3	1	12	3	3	6	1	3	4	4	0	8	16	8	3	6	2	3	0	9	8	20	5	13	8	17	7	19	17	11	9	11	1	10	9	0	5	10	4	6	1	9	4	8	16	17	14	8	2	8	15	
377_A/chicken/Shenzhen/7 5	0	2	8	4	5	11	11	2	19	0	0	5	3	1	12	4	4	6	1	3	4	4	0	8	15	8	3	6	2	3	0	8	8	20	6	13	8	17	7	19	17	12	9	11	1	9	9	0	5	10	4	6	1	9	4	8	17	17	14	7	2	8	15	
378_A/chicken/Shenzhen/1 6	0	2	8	4	5	11	11	2	19	0	0	5	3	1	12	3	3	6	1	3	4	4	0	8	16	9	2	6	2	3	0	8	8	20	6	13	8	17	7	19	17	11	9	11	1	10	9	0	5	10	4	6	1	9	5	8	17	18	13	7	2	7	15	
379_A/chicken/Shenzhen/1 3	1	7	9	7	4	5	10	2	18	0	0	4	5	1	12	4	4	7	1	4	6	6	0	7	12	5	2	4	3	5	0	13	9	21	6	11	8	16	9	22	16	12	6	12	1	11	10	1	6	8	5	5	1	10	4	9	14	16	16	6	3	12	14	
380_A/chicken/Shenzhen/2 6	0	2	8	4	5	11	11	2	19	0	0	5	3	1	12	3	3	6	1	3	4	4	0	8	16	8	3	6	2	3	0	9	8	21	5	13	8	16	7	19	17	11	9	11	1	10	9	0	5	10	4	6	1	9	4	8	16	17	14	8	2	8	15	
381_A/chicken/Shenzhen/2 6	0	2	8	4	5	11	11	2	19	0	0	5	3	1	12	3	3	6	1	3	4	4	0	8	16	8	3	6	2	3	0	9	8	20	4	13	8	17	8	19	17	11	9	11	1	10	9	0	5	10	4	6	1	9	4	8	16	18	14	8	2	7	15	
382_A/chicken/Shenzhen/2 6	0	2	8	4	5	11	11	2	19	0	0	5	3	1	12	3	3	6	1	3	4	4	0	8	16	8	3	6	2	3	0	9	8	20	5	13	8	17	7	19	17	11	9	11	1	10	9	0	5	10	4	6	1	10	4	8	16	16	14	8	2	8	15	
383_A/chicken/Shijiazhua 6	7	11	12	7	6	2	10	4	18	1	0	6	0	0	14	5	9	5	1	1	2	4	1	4	8	6	1	2	0	8	1	14	11	23	9	10	9	9	9	16	9	12	13	10	3	8	7	12	5	14	6	3	3	10	7	4	8	12	15	12	2	10	10	
384_A/chicken/Sichuan/k1 6	0	2	8	4	5	11	11	2	19	0	0	4	3	1	12	3	3	6	1	3	5	5	0	8	16	7	2	8	1	4	1	7	9	20	6	15	6	16	7	19	17	11	9	10	2	10	8	0	5	9	4	6	1	9	6	9	18	16	14	6	1	8	15	
385_A/chicken/Sichuan/NC 3	1	6	8	7	5	6	11	2	16	0	0	4	6	1	12	4	4	7	1	4	6	6	0	7	11	5	2	4	4	5	0	11	9	22	6	12	8	15	9	22	16	13	6	12	1	11	10	1	6	8	5	5	1	10	4	8	14	16	16	7	3	12	14	
386_A/Chicken/Suzhou/j5/ 6	0	3	8	4	5	10	11	3	19	0	0	3	3	1	12	3	3	6	1	3	5	5	0	8	15	6	4	7	2	4	0	8	7	21	6	15	6	14	7	18	16	13	8	11	3	10	9	0	6	9	4	6	1	9	6	10	17	17	14	6	2	8	13	
387_A/Chicken/Suzhou/j6/ 6	0	3	8	4	5	10	11	3	19	0	0	3	3	1	12	3	3	6	1	3	5	5	0	8	15	6	4	7	2	4	0	8	7	21	6	15	6	14	7	18	16	13	8	11	3	10	9	0	6	9	4	6	1	9	6	10	17	17	14	6	2	8	13	
388_A/chicken/Taichung/1 5	10	13	11	9	4	1	11	2	15	1	0	5	2	0	13	5	6	7	0	3	5	2	2	5	9	7	2	1	1	8	0	16	9	21	11	10	8	13	9	15	13	12	13	7	2	6	8	10	4	14	9	6	3	12	4	10	10	7	13	8	1	11	10	
389_A/chicken/Taichung/1 5	10	13	10	9	4	1	12	2	15	1	0	5	2	0	13	6	7	6	1	3	4	2	2	4	9	8	2	1	1	7	0	16	9	20	10	10	8	15	9	15	12	12	12	7	2	6	7	10	4	14	10	6	3	12	4	11	10	8	13	8	1	11	10	
390_A/chicken/Taichung/1 5	10	13	10	9	4	1	12	3	14	1	0	5	2	0	13	6	7	7	0	3	4	2	2	4	9	8	2	1	1	7	0	16	9	21	10	10	8	14	9	15	12	13	12	7	2	6	8	10	4	14	10	6	3	12	4	10	10	8	13	8	1	10	10	
391_A/chicken/Taichung/1 10	8	8	12	7	6	6	5	6	9	1	0	4	3	0	14	1	6	6	0	4	4	3	0	3	10	7	3	2	1	9	1	13	17	16	9	5	5	9	6	11	9	10	17	8	2	8	6	13	1	14	9	8	6	7	7	12	11	16	16	15	2	6	18	
392_A/chicken/Tainan/150 10	8	9	12	7	6	5	5	6	9	1	0	4	3	0	14	1	6	6	0	4	5	3	0	3	9	7	3	2	1	9	1	14	18	17	8	5	4	9	6	12	8	10	17	8	2	8	7	13	2	14	8	7	6	8	7	13	10	16	16	15	1	7	16	
393_A/chicken/Tainan/160 6	9	13	11	9	5	1	11	2	15	1	0	5	2	0	13	5	6	7	0	3	5	2	2	4	9	7	2	1	1	8	0	16	9	20	10	10	8	16	8	16	13	12	13	7	2	5	8	10	4	14	10	6	3	11	5	9	10	7	13	8	1	11	10	
394_A/chicken/Tainan/170 10	8	8	11	7	6	6	6	7	9	1	0	5	3	0	13	1	6	6	0	4	5	3	0	2	9	8	3	2	1	8	1	14	18	15	10	5	4	10	5	11	9	12	17	8	2	6	7	14	3	14	7	6	6	8	8	13	9	16	16	15	1	7	16	
395_A/chicken/Taipei_Cit 11	8	8	10	6	6	6	7	6	10	1	0	5	3	0	13	1	6	7	0	4	5	2	0	3	7	7	3	2	2	9	1	14	18	15	9	6	4	9	6	12	8	10	17	8	2	10	6	14	2	14	6	5	6	8	9	13	10	16	15	15	1	7	17	
396_A/chicken/Taipei_Cit 5	10	13	11	9	4	1	11	1	15	1	0	5	3	0	13	5	5	7	0	3	6	2	2	5	10	7	2	2	0	8	0	15	10	22	11	10	9	14	10	14	13	11	15	6	2	5	7	10	5	14	8	6	1	8	4	12	9	6	14	8	1	14	10	
397_A/chicken/Taipei_Cit 5	10	12	11	9	4	2	11	1	14	1	0	5	3	0	13	5	6	7	0	3	5	2	2	5	10	7	2	2	0	8	0	16	9	22	10	10	9	13	11	14	13	12	14	7	2	5	7	10	5	14	8	6	2	10	4	11	9	6	14	8	1	14	9	
398_A/chicken/Taipei/160 11	8	8	10	6	6	6	7	6	9	1	0	5	3	0	13	1	6	6	0	4	5	3	0	3	9	7	3	2	1	9	1	14	18	16	9	5	4	9	6	12	8	10	17	8	2	8	7	14	2	14	7	6	6	8	8	14	10	15	16	15	1	7	16	
399_A/chicken/Taipei/160 11	8	8	10	6	6	6	7	6	9	1	0	5	3	0	13	1	6	6	0	4	5	3	0	3	9	7	3	2	1	9	1	14	18	16	9	5	4	9	6	12	8	10	17	8	2	8	7	14	2	14	7	6	6	8	8	14	10	15	16	15	1	7	16	
400_A/chicken/Taipei/161 11	8	8	11	6	6	6	6	6	10	1	0	5	2	0	13	1	6	6	0	4	5	3	0	3	9	7	3	2	1	9	1	14	19	17	9	5	4	8	6	12	7	10	16	8	2	8	8	13	2	14	9	7	6	8	7	13	10	16	15	15	1	7	16	
401_A/chicken/Taipei/170 11	8	8	11	6	6	6	6	6	8	1	0	5	3	0	13	1	6	7	0	4	5	2	0	3	10	7	3	2	1	9	1	14	19	15	9	5	4	9	6	12	7	11	16	8	2	10	6	15	2	14	7	6	6	8	8	12	10	16	15	15	1	7	17	
402_A/chicken/Taipei/170 11	8	8	11	6	6	6	6	6	9	1	0	5	3	0	13	1	6	7	0	4	5	2	0	3	9	7	3	2	1	9	1	14	19	15	9	5	4	9	6	12	7	10	17	8	2	10	6	14	2	14	7	6	6	8	9	13	10	16	15	15	1	7	16	
403_A/chicken/Taipei/170 11	8	8	11	6	6	6	6	6	9	1	0	5	3	0	13	1	6	7	0	4	5	2	0	3	9	7	3	2	1	9	1	14	19	15	9	5	4	9	6	12	7	10	17	8	2	10	6	15	2	14	6	6	6	8	9	12	10	16	15	15	1	7	17	
404_A/chicken/Taishun/TS 6	0	2	8	4	5	11	11	2	20	0	0	5	2	1	12	4	3	5	1	3	4	5	0	7	16	8	3	7	2	3	0	9	9	19	6	13	7	15	9	19	16	12	10	9	3	10	8	1	5	9	3	6	1	9	5	9	18	17	14	6	0	8	15	
405_A/chicken/Taishun/TS 6	0	2	8	4	5	11	11	2	21	0	0	5	1	1	12	3	3	5	1	3	4	5	0	8	16	8	3	6	2	3	0	9	9	19	6	13	7	15	9	19	16	12	10	9	3	10	8	1	5	9	3	6	1	9	5	9	18	17	14	7	0	8	15	
406_A/chicken/Taiwan/010 9	8	9	12	5	7	3	9	3	13	1	0	6	3	0	13	4	8	6	0	3	1	4	1	1	6	7	1	1	3	7	2	10	12	19	7	14	5	15	11	15	11	13	11	10	1	4	8	9	7	14	7	6	4	11	8	6	8	7	12	7	2	9	11	
407_A/chicken/Taiwan/050 8	7	8	14	6	6	4	7	2	15	1	0	6	2	0	13	5	7	7	0	2	2	2	0	1	7	8	3	2	3	6	1	13	12	17	10	14	7	16	10	12	11	10	14	9	1	7	4	8	4	17	8	6	5	11	6	8	7	7	14	8	2	9	8	
408_A/chicken/Taiwan/683 8	7	8	15	6	6	4	6	2	15	1	0	5	2	0	13	4	7	7	0	3	2	2	0	2	7	7	3	2	3	7	1	15	12	17	8	13	8	17	9	14	11	10	13	10	1	6	6	6	4	16	9	7	5	12	6	7	7	7	14	6	2	9	8	
409_A/chicken/Taiwan/011 6	5	7	10	12	5	6	9	2	11	1	0	2	3	0	12	3	6	6	0	1	9	5	0	6	9	6	3	6	1	3	3	10	11	23	9	9	7	14	5	22	19	14	3	7	2	11	9	8	5	14	9	5	6	14	5	13	3	12	13	7	3	8	12	
410_A/chicken/Taiwan/168 9	8	9	11	5	7	3	10	2	14	1	0	6	2	0	13	4	8	6	0	3	1	4	1	2	6	7	1	1	3	7	2	10	14	19	7	14	4	15	11	15	12	13	11	10	0	4	8	10	6	14	7	6	4	10	8	6	8	6	12	7	2	10	11	
411_A/chicken/Taiwan/169 9	8	9	11	5	7	3	10	2	14	1	0	6	2	0	13	4	8	6	0	3	1	4	1	2	6	7	1	1	3	7	2	10	14	19	7	13	5	15	11	15	12	13	11	10	0	4	8	10	6	14	7	6	4	10	8	6	8	6	12	7	2	10	11	
412_A/chicken/Taiwan/170 9	8	9	11	5	7	3	10	2	14	1	0	6	2	0	13	4	8	6	0	3	1	4	1	2	6	7	1	1	3	7	2	10	14	19	7	14	4	15	11	15	12	13	11	10	0	3	9	10	6	14	7	6	4	10	8	6	8	6	12	7	2	10	11	
413_A/chicken/Taiwan/171 9	8	9	11	5	7	3	10	2	14	1	0	6	2	0	13	4	8	6	0	3	1	4	1	2	6	7	1	1	3	6	2	10	14	19	7	14	4	15	11	15	12	13	11	10	0	5	8	10	6	14	7	6	4	10	8	6	8	6	12	7	2	10	11	
414_A/chicken/Taiwan/259 8	7	8	16	6	6	4	5	1	15	1	0	6	2	0	13	4	7	7	0	3	2	2	0	2	7	7	3	2	3	7	1	15	12	17	9	13	8	16	9	14	11	10	13	10	1	6	6	6	4	16	9	7	5	12	6	6	7	7	14	7	2	9	8	
415_A/chicken/Taiwan/294 8	7	8	16	6	6	4	5	2	15	1	0	5	2	0	13	4	7	7	0	3	2	2	0	2	7	7	3	2	3	7	1	15	12	16	9	13	8	17	9	14	11	10	13	10	1	6	6	6	4	16	9	7	5	12	6	6	7	7	14	7	2	9	8	
416_A/chicken/Taiwan/444 8	7	8	14	6	6	4	7	1	15	1	0	6	2	0	13	4	7	7	0	3	2	2	0	2	7	7	3	2	3	7	1	15	12	16	9	14	8	17	9	14	11	10	14	10	1	7	4	6	4	17	9	6	5	11	6	6	7	7	14	7	2	9	8	
417_A/chicken/Taiwan/735 8	7	8	15	6	6	4	6	1	15	1	0	6	2	0	13	4	7	7	0	3	2	2	0	2	7	7	3	2	3	7	1	16	12	16	9	13	8	17	9	14	11	10	13	9	1	6	6	6	4	16	9	7	5	12	6	6	7	7	14	7	2	9	8	
418_A/chicken/Taiwan/898 8	7	8	16	6	6	4	5	1	15	1	0	6	2	0	13	4	7	7	0	3	2	2	0	2	7	7	3	2	3	7	1	15	12	17	9	13	8	16	9	14	11	10	13	10	1	6	6	6	4	16	9	7	5	12	6	6	7	7	14	7	2	9	8	
419_A/chicken/Taiwan/899 8	7	8	16	6	6	4	5	1	15	1	0	6	2	0	13	4	7	7	0	3	2	2	0	2	7	7	3	2	3	7	1	15	12	17	9	13	8	16	9	14	11	10	13	10	1	6	6	6	4	16	9	7	5	12	6	6	7	7	14	7	2	9	8	
420_A/chicken/Taiwan/899 8	7	8	16	6	6	4	5	1	15	1	0	6	2	0	13	4	7	7	0	3	2	2	0	2	7	7	3	2	3	7	1	15	12	17	9	13	8	16	9	14	11	10	13	10	1	6	6	6	4	16	9	7	5	12	6	6	7	7	14	7	2	9	8	
421_A/chicken/Taiwan/A1/ 7	7	8	14	7	6	4	7	4	17	1	0	4	1	0	13	5	6	6	0	4	4	3	0	2	7	7	2	0	2	7	3	14	11	17	11	16	6	17	8	11	10	11	13	9	1	6	5	5	4	16	6	6	4	12	8	9	10	9	13	8	0	7	9	
422_A/chicken/Taiwan/a17 6	5	7	10	12	5	6	9	2	11	1	0	1	4	0	12	3	6	6	0	1	9	5	0	6	9	6	3	6	1	3	3	10	11	23	9	9	7	14	5	22	19	14	3	7	2	11	9	8	5	14	9	5	6	14	5	13	3	12	13	7	3	8	12	
423_A/chicken/Taiwan/A19 8	7	8	13	6	6	4	7	2	15	1	0	6	2	0	13	4	7	7	1	3	2	2	0	1	7	8	3	2	3	6	1	13	13	17	10	14	7	15	10	12	11	9	15	9	1	6	5	8	4	16	8	6	5	12	6	8	7	7	14	8	2	9	8	
424_A/chicken/Taiwan/D2/ 5	10	11	11	9	4	3	11	2	14	1	0	5	3	0	13	5	6	7	0	3	5	2	2	5	9	7	2	1	1	8	0	16	10	23	11	9	7	12	10	14	12	12	15	6	2	5	7	11	5	14	8	6	2	9	4	10	12	7	14	9	1	14	8	
425_A/chicken/Taiwan/D9/ 5	10	11	11	9	4	3	11	2	14	1	0	5	3	0	13	5	6	7	0	3	5	2	2	5	9	7	2	1	1	8	0	16	10	23	11	9	7	12	10	14	12	12	15	6	2	5	7	11	5	14	8	6	2	9	4	10	12	7	14	9	1	14	8	
426_A/chicken/Taiwan/u7/ 5	10	13	11	9	4	1	11	1	14	1	0	6	3	0	13	5	6	7	0	3	5	2	2	5	10	6	2	1	0	9	0	16	9	22	11	10	8	14	9	15	13	11	15	6	2	5	7	10	5	14	8	6	2	10	4	12	10	7	14	7	1	13	9	
427_A/chicken/Taiwan/x37 11	8	8	11	6	5	6	6	5	8	1	0	5	3	0	13	1	6	6	0	4	5	3	0	3	8	7	3	2	1	8	1	12	16	13	9	5	5	10	6	11	8	9	16	7	1	9	8	13	3	14	7	7	6	8	7	12	9	15	14	15	1	8	17	
428_A/chicken/TC/a504/20 8	7	8	14	6	6	4	7	3	15	1	0	5	2	0	13	4	6	6	0	4	4	3	0	2	7	7	3	2	2	6	1	14	11	18	11	15	6	16	8	13	11	10	14	9	1	6	6	6	5	15	7	6	5	13	7	7	8	8	14	7	1	8	8	
429_A/chicken/TY/a665/20 8	7	8	14	6	6	4	7	3	15	1	0	5	2	0	13	4	6	7	0	4	4	2	0	2	7	7	3	2	2	6	1	14	11	18	11	15	6	16	8	13	11	10	14	9	1	6	6	6	5	15	7	6	5	13	7	7	8	8	14	7	1	8	8	
430_A/chicken/Wuxi/7157/ 6	0	2	8	4	5	11	11	2	18	0	0	6	4	1	12	3	3	6	1	3	4	4	0	8	16	8	3	5	2	3	0	9	8	21	7	13	8	16	5	19	17	11	9	11	1	10	9	1	5	9	5	5	1	10	4	9	16	16	14	7	2	9	14	
431_A/chicken/Wuxi/7765/ 6	0	2	8	4	5	11	11	2	18	0	0	6	4	1	12	3	3	6	1	3	4	4	0	8	16	8	3	5	2	3	0	9	8	20	6	13	8	17	6	19	17	11	9	11	1	10	9	1	6	9	4	5	1	10	4	9	15	16	14	7	2	9	15	
432_A/chicken/Wuxi/SC739 6	0	2	8	4	5	11	11	3	19	0	0	5	3	1	12	3	4	6	1	3	3	4	0	7	16	8	4	6	2	3	0	9	8	20	6	12	8	17	7	20	17	10	9	11	1	10	9	0	5	9	4	6	1	9	4	8	17	16	15	7	2	8	15	
433_A/chicken/Wuxi/WX-32 10	9	10	7	8	7	1	11	4	12	0	0	7	2	1	15	2	5	4	0	0	3	7	0	2	13	7	0	4	1	5	2	15	12	22	15	6	5	9	7	19	7	12	7	7	2	7	8	5	12	10	9	5	1	10	8	13	5	10	11	5	1	10	16	
434_A/chicken/Wuxi/WX-33 10	9	10	7	8	7	1	11	5	12	0	0	7	2	1	15	2	5	4	0	0	3	7	0	1	13	6	0	4	1	6	2	15	12	21	15	6	5	9	8	19	7	12	7	7	2	7	8	5	12	11	9	5	1	9	8	13	5	10	12	5	1	10	15	
435_A/chicken/Xinjiang/S 10	9	10	6	8	7	1	12	6	12	0	0	5	2	1	15	2	4	5	0	0	4	5	0	1	12	6	0	5	2	6	2	14	13	22	15	8	6	9	8	18	7	12	6	8	2	8	8	5	9	7	6	5	2	12	9	12	5	10	12	5	1	11	17	
436_A/chicken/Xinjiang/S 10	9	10	6	8	7	1	12	6	13	0	0	5	2	1	15	2	4	6	0	0	4	5	0	1	11	6	0	5	2	6	2	14	13	20	15	8	6	9	8	18	7	13	6	8	2	8	8	5	9	7	6	5	2	12	9	12	5	10	12	5	1	11	17	
437_A/chicken/Xinjiang/S 10	9	10	6	8	7	1	12	6	12	0	0	5	2	1	15	2	4	5	0	0	4	5	0	1	12	6	0	5	2	6	2	14	13	22	15	8	6	9	8	18	7	12	6	8	2	8	8	5	9	7	6	5	2	12	9	12	5	10	12	5	1	11	17	
438_A/Chicken/Xuzhou/470 6	0	2	8	4	5	11	11	3	19	0	0	3	3	1	12	3	3	6	1	3	5	5	0	8	15	7	2	7	2	4	1	8	7	21	6	15	6	14	7	18	17	12	8	11	2	11	9	0	6	9	4	6	1	9	6	9	17	18	14	7	2	7	13	
439_A/chicken/Xuzhou/XZ6 6	0	2	8	4	5	11	11	2	22	0	0	5	1	1	12	3	3	6	1	3	3	4	0	8	16	8	2	6	2	3	1	8	8	21	5	12	7	15	9	19	18	13	8	11	2	9	9	1	5	9	5	7	3	8	4	8	16	17	14	7	1	8	14	
440_A/Chicken/Yangzhou/f 6	0	2	8	4	5	11	11	4	19	0	0	2	3	1	12	3	3	6	1	3	5	5	0	8	15	7	2	7	2	4	1	8	7	21	6	15	6	13	7	18	17	13	8	12	2	10	9	1	6	10	3	5	1	9	7	9	17	18	14	6	2	7	13	
441_A/Chicken/Yangzhou/f 6	0	2	8	4	5	11	11	4	19	0	0	2	3	1	12	3	3	6	1	3	5	5	0	8	15	7	2	7	2	4	1	8	7	21	6	15	6	13	7	18	17	13	8	12	2	10	9	1	6	10	3	5	1	9	7	9	17	18	14	6	2	7	13	
442_A/Chicken/Yangzhou/f 6	0	2	8	4	5	11	11	4	19	0	0	2	3	1	12	3	3	6	1	3	5	5	0	8	15	7	2	7	2	4	1	8	7	21	6	15	6	13	7	18	17	13	8	12	2	10	9	1	6	10	3	5	1	9	7	9	17	18	14	6	2	7	13	
443_A/chicken/Yangzhou/Y 3	1	7	9	7	4	5	10	2	18	0	0	4	5	1	12	4	4	7	1	4	6	6	0	7	12	5	2	4	3	5	0	12	9	22	5	11	7	17	9	22	16	12	6	12	1	10	11	1	6	8	6	5	1	10	4	9	14	16	16	6	3	12	14	
444_A/chicken/YL/A3190/2 8	7	8	15	6	6	4	6	2	15	1	0	6	2	0	13	3	7	7	0	3	3	2	0	1	7	7	3	4	2	7	1	14	12	18	10	14	7	15	9	11	13	10	13	11	0	7	6	6	4	16	9	8	3	12	6	6	7	6	15	8	2	9	7	
445_A/chicken/Yuhang/1/2 2	6	12	7	7	3	8	14	3	15	1	0	4	4	0	14	1	6	3	1	4	5	6	1	7	10	7	4	5	2	6	0	10	10	20	8	5	5	20	8	22	22	11	10	7	0	6	9	4	7	10	4	2	5	11	5	10	10	14	16	7	1	8	11	
446_A/chicken/Yuhang/2/2 2	6	12	7	7	3	8	14	3	15	1	0	4	3	0	14	1	6	3	1	4	5	6	1	7	10	7	4	5	3	6	0	10	10	20	8	5	5	20	8	22	22	11	10	7	0	6	9	4	7	10	4	2	5	11	5	10	10	14	16	7	1	8	11	
447_A/chicken/Yunlin/150 5	10	13	11	9	4	1	11	2	15	1	0	4	3	0	13	5	6	7	0	3	5	2	2	5	9	7	2	1	1	8	0	16	8	21	11	10	8	13	9	15	14	12	13	7	2	5	8	10	4	14	9	6	3	12	4	10	10	7	13	8	1	12	10	
448_A/chicken/Yunlin/150 5	10	13	11	9	4	1	11	2	15	1	0	5	2	0	13	5	6	7	0	3	5	2	2	5	9	7	2	1	1	8	0	17	8	21	10	10	10	14	7	15	13	12	14	7	2	5	7	10	4	14	9	6	3	11	4	10	10	8	13	8	1	12	10	
449_A/chicken/Yunlin/150 5	10	13	11	9	4	1	11	2	15	1	0	5	2	0	13	5	6	7	0	3	5	2	2	5	9	7	2	1	1	8	0	17	9	21	10	10	8	14	8	15	13	12	14	7	2	5	7	10	4	14	9	6	3	11	4	10	10	8	13	8	1	12	10	
450_A/chicken/Yunlin/150 10	8	9	12	7	6	5	5	6	9	1	0	4	3	0	14	1	6	6	0	4	5	3	0	3	9	7	3	2	1	9	0	14	18	17	8	5	4	8	6	12	8	11	16	8	2	8	8	13	2	15	9	7	6	8	7	13	10	16	15	15	1	7	16	
451_A/chicken/Yunlin/150 5	10	13	11	9	4	1	11	2	15	1	0	5	2	0	13	5	6	7	0	3	5	2	2	5	9	7	2	1	1	8	0	17	9	21	10	10	8	14	8	15	13	11	14	7	2	6	7	10	4	14	9	6	3	11	4	10	10	8	13	8	1	12	10	
452_A/chicken/Yunlin/150 5	10	13	11	9	4	1	11	2	15	1	0	5	2	0	13	5	6	7	0	3	5	2	2	5	9	7	2	1	1	8	0	17	9	21	10	10	8	14	8	15	13	12	14	7	2	5	7	10	4	14	9	6	3	11	4	10	10	8	13	8	1	12	10	
453_A/chicken/Yunlin/150 5	10	13	11	9	4	1	11	2	15	1	0	5	2	0	13	5	6	7	0	3	5	2	2	5	9	7	2	1	1	8	0	17	9	21	10	10	8	14	9	15	13	12	14	7	2	5	7	10	4	14	9	6	3	10	4	10	10	8	13	8	1	12	10	
454_A/chicken/Yunlin/150 5	10	13	10	9	4	1	12	2	15	1	0	5	2	0	13	6	7	6	0	3	4	3	2	4	9	8	2	1	1	7	0	16	9	21	10	10	8	13	9	15	12	13	12	7	2	5	8	10	4	14	10	6	3	13	4	10	10	7	13	8	1	12	10	
455_A/chicken/Yunlin/160 5	10	13	11	9	4	1	11	1	15	1	0	6	2	0	13	5	6	7	0	3	5	2	2	5	9	7	2	1	1	8	0	16	9	22	12	10	8	12	9	15	13	12	14	7	2	5	7	10	4	15	7	6	3	11	4	11	10	8	14	7	1	12	9	
456_A/chicken/Yunlin/160 7	9	13	11	9	5	1	11	2	15	1	0	5	2	0	13	5	6	7	0	3	5	2	2	4	9	7	2	1	1	8	0	16	9	20	10	10	8	15	9	15	13	12	13	7	2	5	8	9	4	14	11	6	3	12	4	10	10	7	12	7	2	11	10	
457_A/chicken/Yunlin/160 10	8	9	12	7	6	5	5	6	9	1	0	4	3	0	14	1	6	6	0	4	4	3	0	3	10	7	3	3	1	9	1	14	17	16	8	5	5	9	7	12	8	10	17	7	2	8	7	13	2	14	8	7	6	8	7	13	10	16	17	15	1	7	15	
458_A/chicken/Yunlin/160 5	10	13	10	9	4	1	12	2	15	1	0	5	2	0	13	6	7	7	0	3	4	2	2	4	9	8	2	1	1	7	0	16	9	20	10	10	8	15	9	14	12	12	12	8	2	6	7	10	4	14	10	6	3	12	4	11	10	8	13	8	1	11	10	
459_A/chicken/Yunlin/170 10	8	8	11	7	6	5	7	6	9	1	0	4	3	0	14	1	7	6	0	4	3	3	0	3	10	7	3	2	1	9	1	14	15	17	8	5	7	9	6	10	9	10	17	8	2	8	6	14	1	14	9	7	6	7	7	13	10	16	16	15	2	6	18	
460_A/chicken/Yunlin/170 5	10	13	11	9	4	1	10	1	14	1	0	6	3	0	13	5	6	7	0	3	5	2	3	5	10	7	2	1	0	8	0	16	9	22	11	10	8	13	10	15	13	11	15	6	2	5	7	10	5	14	8	6	2	10	4	11	10	7	14	8	1	13	9	
461_A/chicken/Yunlin/170 7	10	14	10	8	4	1	11	1	15	1	0	6	2	0	13	4	6	7	0	3	5	2	2	5	10	7	2	1	0	8	0	17	9	22	11	10	8	13	10	15	13	11	16	6	2	6	5	8	6	14	8	6	2	10	4	11	10	6	14	8	1	14	9	
462_A/chicken/Yunlin/170 5	10	13	10	9	4	2	11	1	15	1	0	6	2	0	13	5	5	7	0	3	6	2	2	5	9	8	2	1	1	7	0	16	10	22	11	9	8	14	9	16	12	11	16	7	2	5	6	10	5	14	8	6	3	9	4	11	10	7	15	7	1	12	9	
463_A/chicken/Yunlin/170 5	10	13	11	9	4	1	11	1	14	1	0	6	3	0	13	5	6	7	0	3	5	2	2	5	10	7	2	1	0	8	0	16	10	22	11	10	8	12	10	15	13	11	16	6	2	5	6	10	5	14	8	6	2	10	4	11	10	7	14	8	1	13	9	
464_A/chicken/Yunlin/170 5	9	13	11	9	5	1	11	1	14	1	0	6	3	0	13	5	6	7	0	3	5	2	2	6	9	7	2	1	0	8	0	16	9	22	12	10	8	13	10	15	12	11	14	6	3	5	7	10	5	14	8	6	2	10	4	11	10	7	14	8	1	13	9	
465_A/chicken/Yunlin/170 5	10	13	11	9	4	1	11	2	14	1	0	6	3	0	13	5	6	7	0	3	5	2	2	5	10	7	2	1	0	8	0	16	9	22	11	10	8	12	11	15	13	10	15	6	2	6	7	10	4	15	8	6	2	10	4	10	10	7	14	8	1	13	9	
466_A/chicken/Yunlin/170 5	10	13	11	8	5	1	11	2	14	1	0	5	3	0	13	5	6	7	0	3	5	2	2	5	10	7	2	1	0	8	0	16	9	23	10	10	8	13	10	15	13	11	16	6	2	5	6	10	5	14	8	6	2	10	4	11	10	7	14	8	1	13	9	
467_A/chicken/Yunlin/170 6	9	14	10	8	5	1	11	1	15	1	0	6	2	0	13	5	6	7	0	3	5	2	2	5	10	7	2	1	0	8	0	17	9	22	11	10	8	13	10	15	13	11	16	6	2	6	5	9	5	14	8	6	2	10	4	11	10	6	14	8	1	14	9	
468_A/chicken/Yunlin/170 5	10	13	11	8	5	1	11	1	14	1	0	6	3	0	13	5	6	7	0	3	5	2	2	5	10	7	2	1	0	8	0	16	9	23	10	10	8	13	10	15	13	11	16	6	2	5	6	10	5	14	8	6	2	10	4	11	10	7	14	8	1	13	9	
469_A/chicken/Yunlin/170 5	10	13	11	8	5	1	11	1	15	1	0	6	2	0	13	5	6	8	0	3	5	1	2	5	9	8	2	1	1	7	0	15	11	21	11	10	9	13	9	15	12	11	16	8	2	4	6	10	4	14	9	6	3	9	4	12	9	8	15	7	1	12	9	
470_A/chicken/Yunlin/170 5	10	13	11	9	4	1	11	1	14	1	0	6	3	0	13	5	6	7	0	3	5	2	2	5	10	8	2	1	0	7	0	16	10	21	11	10	8	13	11	15	13	11	15	6	1	5	7	10	5	14	8	6	2	10	4	12	10	6	13	7	1	14	10	
471_A/chicken/Yunlin/170 5	10	14	10	9	4	1	11	1	14	1	0	6	3	0	13	5	6	7	0	3	5	2	2	6	9	7	2	1	0	8	0	16	9	22	12	10	8	13	10	16	12	11	14	6	3	5	7	10	5	14	8	6	2	10	4	10	10	7	14	8	1	13	9	
472_A/chicken/Yunlin/170 5	10	13	11	9	4	1	11	1	14	1	0	6	3	0	13	5	6	6	0	3	5	3	2	5	10	7	2	1	0	8	0	16	9	21	11	10	7	13	11	15	13	11	16	6	2	5	6	10	5	14	8	6	3	10	4	11	10	7	14	8	1	13	9	
473_A/chicken/Yunlin/170 5	10	13	11	9	4	1	11	1	14	1	0	7	2	0	13	5	6	6	0	3	5	3	2	5	10	7	2	1	0	8	0	16	9	22	11	10	7	12	11	14	14	11	16	6	2	5	6	10	5	14	8	6	3	10	4	11	10	7	14	8	1	13	9	
474_A/chicken/Yunlin/170 5	10	13	11	9	4	1	11	1	14	1	0	5	3	0	13	5	6	7	0	3	5	2	2	5	10	6	2	2	0	9	0	16	9	22	11	9	9	13	10	15	13	12	15	6	2	5	7	10	5	14	8	6	2	10	4	11	10	6	14	8	1	13	9	
475_A/chicken/Yunlin/170 5	11	13	11	9	4	1	11	1	13	1	0	5	3	0	13	5	5	7	0	3	5	2	2	5	10	7	2	2	0	8	0	18	10	22	11	9	8	13	10	15	12	10	16	6	2	6	6	9	5	14	8	6	2	10	4	11	11	7	13	8	1	13	10	
476_A/chicken/Yunlin/180 5	10	13	11	9	4	1	11	1	15	1	0	5	3	0	13	5	6	7	0	3	5	2	2	5	10	7	2	2	0	8	0	17	9	21	11	10	8	13	10	14	13	11	15	6	2	5	7	10	5	13	9	6	2	11	4	12	9	7	12	8	1	13	10	
477_A/chicken/Yunlin/180 5	10	13	10	9	4	1	12	1	15	1	0	5	3	0	13	5	6	7	0	3	5	2	2	5	10	7	2	2	0	8	0	17	9	21	11	10	8	13	10	14	13	11	16	6	2	5	6	10	5	13	9	6	2	11	4	12	9	7	12	8	1	13	10	
478_A/chicken/Yunlin/180 5	11	13	11	9	4	1	11	1	14	1	0	5	2	0	13	5	6	7	0	2	5	2	2	6	10	7	2	2	0	8	0	16	9	21	12	10	8	13	10	15	13	11	15	6	2	5	7	11	5	13	8	6	2	11	4	10	10	7	14	8	1	13	9	
479_A/chicken/Yunlin/180 6	10	13	11	8	4	1	11	1	14	1	0	5	3	0	13	5	6	7	0	3	5	2	2	5	10	7	2	2	0	8	0	16	9	21	12	11	8	13	10	15	13	11	16	6	2	5	6	11	5	13	8	5	2	11	4	11	10	7	14	7	1	13	9	
480_A/chicken/Yunlin/180 6	10	13	11	8	4	1	11	1	14	1	0	5	3	0	13	5	6	7	0	3	5	2	2	5	10	7	2	2	0	8	0	16	9	21	12	12	8	13	9	15	13	11	16	6	2	5	6	11	5	14	8	5	2	10	4	11	10	7	14	7	1	13	9	
481_A/chicken/Yunlin/180 6	10	13	11	8	4	1	11	1	14	1	0	5	3	0	13	5	6	7	0	3	5	2	2	5	10	7	2	2	0	8	0	16	9	21	12	10	8	13	10	15	13	11	16	6	2	5	6	11	5	13	8	6	2	11	4	10	10	7	14	8	1	13	9	
482_A/chicken/Yunlin/180 5	11	13	11	9	4	1	11	1	14	1	0	5	2	0	13	5	6	7	0	2	5	2	2	6	10	7	2	2	0	8	0	16	9	21	12	10	8	13	10	15	13	11	15	6	2	5	7	10	5	13	8	7	2	11	4	10	9	7	14	8	2	13	9	
483_A/chicken/Yunlin/180 5	10	13	11	9	4	1	11	1	14	1	0	5	3	0	13	5	6	7	0	3	5	2	2	5	10	7	3	2	0	8	0	16	10	20	12	10	8	12	11	15	13	11	15	6	2	5	6	10	6	13	8	6	2	11	4	10	10	7	15	8	1	13	8	
484_A/chicken/Yunlin/180 5	10	13	11	9	4	1	11	1	14	1	0	5	3	0	13	5	6	8	0	3	5	2	2	5	10	7	3	2	0	7	0	16	11	18	12	10	8	14	10	15	13	11	15	6	2	5	6	11	5	12	7	6	2	12	5	10	10	7	14	8	1	13	9	
485_A/chicken/Yunlin/180 5	10	13	11	9	4	1	11	1	14	1	0	5	3	0	13	5	6	8	0	3	5	2	2	5	10	7	3	2	0	7	0	16	11	18	12	10	8	14	10	15	13	11	15	6	2	5	6	11	5	12	7	5	2	12	5	11	10	7	14	8	1	13	9	
486_A/chicken/Yunlin/180 5	11	13	11	9	4	1	11	1	14	1	0	4	3	0	13	5	7	6	0	3	4	3	2	5	10	7	2	3	0	8	0	15	9	22	10	11	9	11	11	13	14	11	15	6	2	5	7	10	4	13	8	6	3	12	4	12	9	7	12	8	1	13	11	
487_A/chicken/Yunnan/1/2 10	9	8	8	8	7	3	10	6	11	0	0	6	3	1	15	2	5	6	0	0	3	5	0	1	12	6	0	4	2	6	2	16	13	19	14	8	5	11	9	19	7	12	7	6	3	5	9	4	12	10	7	4	0	10	8	11	5	11	11	8	1	9	17	
488_A/chicken/Yunnan/02. 6	0	2	8	4	5	11	11	2	18	0	0	5	4	1	12	3	3	6	1	3	4	4	0	9	17	8	3	5	1	3	0	9	7	20	5	13	8	17	7	19	17	11	9	11	1	10	9	0	6	10	4	6	1	9	4	8	16	17	14	8	1	9	15	
489_A/chicken/Yunnan/03. 6	1	2	8	4	5	11	10	2	17	0	0	5	2	1	12	3	3	6	1	3	4	4	0	7	14	7	3	6	3	3	0	7	9	21	7	11	8	15	7	19	14	10	9	11	1	9	10	0	5	7	4	6	1	9	4	4	16	18	13	6	2	8	15	
490_A/chicken/Yunnan/03. 6	0	2	8	4	5	11	10	2	17	0	0	5	3	1	12	3	3	6	1	3	4	4	0	8	16	7	3	5	1	3	0	8	7	19	5	13	8	16	6	18	14	11	9	10	1	8	10	0	6	10	4	6	1	9	4	6	15	17	13	7	1	9	15	
491_A/chicken/Yunnan/03. 6	1	3	8	4	4	10	11	3	18	0	0	5	3	1	12	3	4	6	1	3	3	4	0	8	16	8	3	6	2	3	0	9	8	22	6	12	8	15	7	20	17	11	9	10	1	10	9	0	6	10	4	6	1	9	4	6	17	17	14	8	2	8	15	
492_A/chicken/Yunnan/03. 6	0	2	8	4	5	11	11	2	18	0	0	5	4	1	12	3	3	6	1	3	4	4	0	9	17	8	3	5	1	3	0	9	6	20	5	13	10	16	7	19	16	10	10	11	1	10	9	0	6	10	4	6	1	9	4	8	17	17	14	8	1	9	15	
493_A/chicken/Yunnan/03. 6	1	3	8	4	4	10	11	3	18	0	0	5	3	1	12	3	4	6	1	3	3	4	0	8	16	8	3	6	2	3	0	9	8	22	6	12	8	15	7	20	17	11	9	10	1	10	9	0	6	10	4	6	1	9	4	6	17	17	14	8	2	8	15	
494_A/chicken/Yunnan/07. 6	1	3	8	4	4	11	11	2	18	0	0	5	3	1	12	3	4	6	1	3	3	3	0	8	17	8	3	6	2	3	0	9	8	22	6	12	8	15	7	19	17	11	9	11	1	10	9	0	5	10	4	5	1	9	4	8	18	17	14	7	2	8	15	
495_A/Chicken/Yunnan/YN- 6	1	3	8	4	4	10	11	2	18	0	0	5	4	1	12	3	6	5	1	3	3	4	0	7	15	9	3	6	2	1	0	9	9	21	6	13	6	14	9	20	17	12	9	13	1	9	10	0	5	10	4	6	1	9	4	5	18	18	14	8	2	7	14	
496_A/Chicken/Yunnan/YN- 5	1	3	8	5	4	10	11	2	18	0	0	5	3	1	12	3	4	6	1	3	3	4	0	8	17	8	3	6	2	3	0	9	8	22	6	12	8	14	8	19	17	11	9	11	1	10	9	0	5	10	4	6	1	9	4	6	17	17	14	8	3	8	15	
497_A/Chicken/Yunnan/YN- 6	1	4	8	4	4	9	11	2	18	0	0	6	3	1	12	3	4	6	1	3	3	4	0	8	17	8	3	5	2	3	0	10	7	21	6	12	9	15	7	18	18	12	9	12	1	10	9	0	5	10	4	6	1	9	4	6	17	17	14	8	3	8	15	
498_A/chicken/Zhejiang/1 5	11	10	14	10	6	3	8	4	13	1	0	4	1	0	13	5	3	10	0	2	6	0	2	1	9	9	1	4	3	6	1	11	15	24	11	12	6	9	9	13	10	13	18	10	2	6	5	7	6	11	7	5	2	13	8	11	9	11	11	10	2	7	11	
499_A/chicken/Zhejiang/2 5	11	10	14	10	6	3	8	4	13	1	0	4	1	0	13	5	3	10	0	2	6	0	2	1	9	9	1	4	3	6	1	11	15	24	11	12	6	9	9	13	10	13	18	10	2	6	5	7	6	11	7	5	2	13	8	11	9	11	11	10	2	7	11	
500_A/chicken/Zhejiang/2 6	11	12	13	8	5	3	9	4	14	1	0	4	0	0	13	5	3	9	0	2	5	0	2	2	11	10	1	4	3	5	1	11	14	23	12	13	8	9	8	14	9	11	18	10	2	7	5	6	7	12	6	5	2	13	8	10	9	11	12	10	1	8	10	
501_A/chicken/Zhejiang/2 5	11	12	13	10	5	2	9	4	13	1	0	4	1	0	12	5	3	9	0	2	6	0	2	2	10	10	1	4	3	5	1	11	14	23	12	13	8	9	9	13	9	13	18	10	2	6	5	5	7	12	6	5	2	13	8	10	9	10	11	11	1	8	12	
502_A/chicken/Zhejiang/7 5	11	12	14	10	5	2	8	3	14	1	0	5	1	0	13	5	4	9	0	2	5	0	2	1	8	8	1	4	3	7	1	11	14	25	11	14	6	9	10	15	10	11	17	9	2	5	4	8	7	11	6	5	2	14	9	9	9	11	11	11	1	8	11	
503_A/chicken/Zhejiang/8 5	11	11	14	10	5	2	8	3	13	1	0	5	1	0	13	5	3	10	0	2	6	0	2	1	10	8	1	4	3	7	1	10	14	25	11	13	7	9	9	14	10	11	17	9	2	5	6	7	7	11	6	5	2	14	8	11	9	11	11	11	1	8	11	
504_A/chicken/Zhejiang/5 4	9	13	9	10	7	1	13	3	13	1	0	4	2	0	13	5	7	6	1	3	3	3	0	3	7	9	3	2	4	6	0	14	13	23	8	11	7	13	10	16	10	12	15	8	1	7	5	11	8	17	8	6	0	8	7	11	7	8	13	6	3	11	9	
505_A/chicken/Zhejiang/7 6	0	2	8	4	5	11	11	2	19	0	0	5	3	1	12	2	3	6	1	4	4	4	0	9	16	8	3	5	2	3	0	9	8	20	5	13	8	17	7	20	16	12	9	10	1	9	9	0	5	9	4	6	1	10	4	8	16	16	15	9	2	8	15	
506_A/chicken/Zhejiang/7 6	0	2	8	4	5	11	11	2	19	0	0	5	3	1	12	2	3	6	1	4	4	4	0	9	16	8	3	5	2	3	0	9	8	20	5	13	8	17	7	19	16	12	9	10	1	9	9	0	5	9	4	6	1	10	4	9	16	16	15	9	2	8	15	
507_A/chicken/Zhejiang/7 7	12	12	11	6	4	2	11	1	13	1	0	6	2	0	13	7	8	7	1	2	4	2	1	4	8	4	2	2	1	11	0	15	10	24	6	11	8	12	11	17	13	12	11	7	2	5	10	8	4	17	7	8	3	8	5	11	9	9	15	5	1	10	11	
508_A/chicken/Zhejiang/7 6	0	2	8	4	5	11	11	2	19	0	0	5	3	1	12	2	3	6	1	4	4	4	0	9	16	8	3	5	2	3	0	9	8	20	5	13	8	17	7	19	16	12	9	10	1	9	9	0	5	9	4	6	1	10	4	9	16	16	15	7	2	9	16	
509_A/chicken/Zhejiang/7 7	12	12	11	6	4	2	11	1	13	1	0	6	2	0	13	7	8	7	1	2	4	2	1	4	8	4	2	2	1	11	0	15	10	24	6	11	8	12	11	17	13	12	11	7	2	5	10	8	4	17	7	8	3	8	5	11	9	9	15	5	1	10	11	
510_A/chickenl/Jiangxi/E 6	0	2	8	4	5	11	11	2	20	0	0	5	2	1	12	3	3	6	1	3	4	4	0	8	16	8	3	6	2	3	0	8	8	20	5	13	8	14	10	19	17	12	9	11	2	10	9	1	5	9	4	6	1	9	4	8	18	17	14	7	0	8	15	
511_A/Chlidonias_hybrida 10	7	8	11	7	7	5	6	6	8	1	0	5	4	0	14	1	5	8	0	4	6	2	0	4	9	6	2	2	1	11	2	13	14	16	9	7	5	9	5	15	7	11	11	11	2	6	12	9	4	14	9	10	5	9	7	11	9	18	18	12	3	6	12	
512_A/Commom_Teal/Ningxi 6	1	2	9	4	5	11	10	2	19	0	0	5	2	1	12	2	3	6	1	3	4	4	0	9	16	7	3	6	2	4	0	8	8	21	6	14	8	17	7	19	17	10	11	10	1	10	8	2	5	8	4	4	1	9	4	9	17	17	13	7	2	8	16	
513_A/common_coot/Shando 10	7	8	11	7	7	5	6	6	8	1	0	5	4	0	14	1	5	8	0	4	6	2	0	4	9	6	2	2	1	11	2	13	14	16	9	7	5	9	5	15	7	11	11	11	2	6	12	9	4	14	9	10	5	9	7	11	9	18	18	12	3	6	12	
514_A/common_crane/Yunna 10	7	8	11	7	7	5	6	6	8	1	0	5	4	0	14	1	5	8	0	4	6	2	0	4	9	6	2	2	1	11	2	13	14	16	9	7	5	9	5	14	7	10	12	11	2	6	12	9	4	14	9	10	5	9	7	13	9	18	19	11	3	6	11	
515_A/common_pochard/Nin 10	8	9	11	7	6	5	6	7	10	1	0	4	1	0	14	2	6	7	0	3	5	2	0	3	9	7	2	2	0	11	0	12	14	16	10	7	3	8	5	14	10	12	10	10	3	6	15	12	5	16	7	10	5	7	9	13	8	18	16	11	2	6	13	
516_A/common_teal/Ningxi 10	7	9	11	7	7	5	6	6	8	1	0	6	4	0	14	1	5	7	0	4	6	2	0	4	9	6	2	2	1	11	2	13	14	16	9	7	5	9	5	15	7	11	11	11	2	7	12	9	4	14	9	10	5	9	7	11	9	18	18	11	3	6	11	
517_A/common_teal/Ningxi 10	8	9	11	7	6	5	6	7	10	1	0	4	1	0	14	2	6	7	0	3	5	2	0	3	9	7	2	2	0	11	0	12	14	16	10	7	3	8	5	14	10	12	10	10	3	6	15	12	5	16	7	10	5	7	9	13	8	18	16	11	2	6	13	
518_A/common_teal/Ningxi 10	8	9	11	7	6	5	6	7	10	1	0	4	1	0	14	2	6	7	0	3	5	2	0	3	9	7	2	2	0	11	0	12	14	16	10	7	3	8	5	14	10	12	10	10	3	6	15	12	5	16	7	10	5	7	9	13	8	18	16	11	2	6	13	
519_A/common_teal/Ningxi 10	8	9	11	7	6	5	6	7	10	1	0	4	1	0	14	2	6	7	0	3	5	2	0	3	9	7	2	2	0	11	0	12	14	16	10	7	3	8	5	14	10	12	10	10	3	6	15	12	5	16	7	10	5	7	9	13	8	18	16	11	2	6	13	
520_A/common_teal/Ningxi 10	8	9	11	7	6	5	6	7	10	1	0	4	1	0	14	2	6	7	0	3	5	2	0	3	9	7	2	2	0	11	0	12	14	16	10	7	3	8	5	14	10	12	10	10	3	6	15	12	5	16	7	10	5	7	9	13	8	18	16	11	2	6	13	
521_A/common_teal/Ningxi 10	8	9	11	7	6	5	6	7	10	1	0	4	1	0	14	2	6	7	0	3	5	2	0	3	9	7	2	2	0	11	0	12	14	16	10	7	3	8	5	14	10	12	10	10	3	6	15	12	5	16	7	10	5	7	9	13	8	18	16	11	2	6	13	
522_A/common_teal/Shaanx 10	7	8	11	7	7	5	6	6	8	1	0	6	4	0	14	1	5	8	0	4	6	2	0	4	9	6	2	2	1	11	2	13	14	16	9	7	5	9	5	15	7	11	11	11	2	7	12	9	4	14	9	10	5	9	7	11	9	18	18	11	3	6	11	
523_A/condor/Guangdong/1 11	9	9	9	7	7	2	9	6	14	0	0	9	0	1	15	2	5	4	0	0	4	6	2	0	11	7	0	2	2	4	2	8	13	22	13	12	6	6	12	14	9	11	8	8	1	7	7	7	11	11	8	4	2	11	9	10	5	8	13	9	1	11	14	
524_A/Copsychus_saularis 6	0	2	8	4	5	11	11	2	19	0	0	5	3	1	12	3	3	6	1	3	4	4	0	8	16	8	3	6	2	3	0	9	6	21	5	12	8	17	7	19	18	10	9	11	1	11	9	0	5	10	4	7	1	9	4	8	16	17	14	8	2	8	15	
525_A/Curlew/Hong_Kong/A 11	10	8	8	7	6	8	11	3	12	0	0	7	2	1	16	2	5	5	0	0	6	2	1	1	9	8	0	6	3	7	1	13	12	27	16	12	7	10	9	14	8	9	10	9	3	8	4	9	9	8	8	4	2	11	7	9	5	9	9	7	3	14	19	
526_A/Cygnus_atratus/Hub 10	8	9	12	7	6	5	5	7	9	1	0	4	2	0	14	1	6	7	0	4	5	2	0	3	9	8	3	3	1	8	1	12	15	18	9	5	4	7	5	15	8	11	10	9	3	7	13	12	5	17	8	10	5	7	8	13	8	18	17	13	2	5	12	
527_A/Cygnus_atratus/Hub 10	8	9	12	7	6	5	5	7	9	1	0	4	2	0	14	1	6	7	0	4	5	2	0	3	9	8	3	3	1	8	1	12	15	18	9	5	4	7	5	15	8	11	10	9	3	7	13	12	5	17	8	10	5	7	8	13	8	18	17	13	2	5	12	
528_A/Cygnus_columbianus 10	7	8	11	7	7	5	6	6	8	1	0	5	4	0	14	1	5	8	0	4	6	2	0	4	9	6	2	2	1	11	2	13	14	17	8	7	5	9	5	15	7	11	11	11	2	6	12	9	4	14	9	10	5	9	7	11	9	18	18	12	3	6	12	
529_A/Cygnus_columbianus 10	7	8	11	7	6	5	6	6	8	1	0	5	4	0	14	1	5	8	0	4	7	2	0	4	9	6	2	2	1	11	2	13	14	16	9	7	5	9	5	15	7	11	11	11	2	6	12	10	4	14	9	9	5	9	7	11	9	18	18	12	3	6	12	
530_A/Cygnus_columbianus 10	7	8	11	7	7	5	6	6	8	1	0	5	4	0	14	1	5	8	0	4	6	2	0	4	9	6	2	2	1	11	2	13	14	16	9	7	5	9	5	15	7	11	11	11	2	6	12	9	4	14	9	10	5	9	7	11	9	18	18	12	3	6	12	
531_A/Cygnus_columbianus 10	7	8	11	7	7	5	6	6	8	1	0	5	4	0	14	1	5	8	0	4	6	2	0	4	9	6	2	2	1	11	2	13	14	16	9	7	5	9	5	16	7	11	11	11	2	6	12	9	4	14	9	10	5	9	8	10	9	18	17	13	3	6	11	
532_A/Cygnus_columbianus 10	7	8	11	7	7	5	6	6	8	1	0	5	4	0	14	1	5	8	0	4	6	2	0	4	9	6	2	2	1	11	2	13	14	16	9	7	5	9	5	15	7	11	11	11	2	6	12	10	4	14	10	9	5	9	7	11	9	17	19	12	3	6	11	
533_A/Cygnus_columbianus 10	7	8	11	7	7	5	6	6	8	1	0	5	4	0	14	1	5	8	0	4	6	2	0	4	9	6	2	2	1	11	2	13	14	17	8	7	5	9	5	15	7	11	11	11	2	6	12	9	4	13	9	10	5	10	7	11	9	18	18	12	3	6	12	
534_A/Cygnus_columbianus 10	7	8	11	7	7	5	6	6	8	1	0	5	4	0	14	1	5	8	0	4	6	2	0	4	9	6	1	2	1	11	2	13	14	16	9	7	5	9	5	15	7	11	12	11	2	6	12	9	4	14	9	10	5	9	7	11	9	18	18	12	3	6	12	
535_A/Cygnus_columbianus 11	9	9	8	7	7	7	10	2	12	0	0	8	2	1	16	2	6	5	0	0	5	4	1	0	8	8	0	7	4	6	1	13	13	23	15	11	8	12	10	16	7	8	11	8	3	10	3	8	10	9	9	5	2	11	7	10	2	9	10	7	3	13	18	
536_A/Cygnus_columbianus 12	9	9	8	6	7	6	11	2	12	0	0	8	2	1	16	2	5	5	0	0	6	4	1	0	9	8	0	7	3	6	1	12	13	24	14	13	8	12	10	16	7	7	11	9	3	10	4	9	10	9	9	3	2	11	7	10	3	9	10	6	2	13	18	
537_A/Cygnus_columbianus 11	9	9	8	7	7	7	10	2	12	0	0	8	2	1	16	2	6	5	0	0	5	4	1	0	8	8	0	7	4	6	1	13	13	23	15	11	8	12	10	16	7	8	11	9	3	10	3	8	10	9	9	5	2	11	7	10	2	9	10	6	3	13	18	
538_A/Cygnus_columbianus 11	9	9	8	7	7	7	10	2	12	0	0	8	2	1	16	2	6	5	0	0	5	4	1	0	8	8	0	7	4	6	1	13	13	23	15	11	8	12	10	16	7	8	11	9	3	10	3	8	10	9	9	5	2	11	7	10	2	9	10	6	3	13	18	
539_A/domestic_green-win 11	8	9	8	8	7	2	10	6	13	0	0	8	1	1	15	2	6	4	0	0	4	6	1	0	12	7	0	2	1	5	1	11	13	25	15	9	5	7	8	15	8	13	10	8	1	5	6	7	12	10	8	5	1	10	8	8	7	8	13	9	1	11	15	
540_A/duck/Anhui/AH328/2 6	0	2	8	4	5	11	11	2	19	0	0	4	3	1	12	3	3	6	1	3	4	4	0	8	15	9	2	7	3	3	1	7	8	19	6	15	6	17	7	19	17	12	9	11	1	10	8	0	6	9	5	6	1	9	5	8	17	17	12	7	2	8	16	
541_A/duck/Anhui/S4/2016 6	0	3	8	4	5	9	11	2	19	0	0	4	3	1	12	3	3	6	1	3	4	4	0	8	15	9	2	7	3	3	1	7	8	20	6	15	6	17	7	18	17	12	9	12	1	10	8	0	6	9	5	6	1	9	5	8	17	17	13	7	2	8	15	
542_A/duck/Changhua/15A0 5	10	13	11	9	4	1	11	2	15	1	0	5	2	0	13	5	6	6	0	3	5	3	2	5	9	7	2	1	1	8	0	16	9	21	11	10	8	13	9	15	13	12	13	7	2	5	8	10	4	14	9	6	3	12	4	10	10	7	13	8	1	12	10	
543_A/duck/Changhua/15A0 5	10	13	11	9	4	1	11	2	15	1	0	5	2	0	13	5	6	7	0	3	5	2	2	5	9	7	2	1	1	8	0	16	9	21	11	8	10	13	9	15	13	12	13	7	2	5	8	10	4	14	9	5	3	12	4	11	10	7	13	8	1	12	10	
544_A/duck/Chiayi/150800 10	8	9	11	7	6	5	6	6	9	1	0	4	3	0	14	1	6	6	0	4	4	3	0	3	10	7	3	2	1	9	1	14	17	16	8	5	5	10	6	12	8	10	17	8	2	8	7	13	2	14	8	7	6	8	7	13	10	16	16	15	1	7	16	
545_A/duck/China/0936/20 5	0	2	8	5	5	11	11	3	18	0	0	4	4	1	12	3	3	6	1	3	5	4	0	7	15	8	2	7	2	4	1	5	8	19	5	17	7	17	7	19	17	12	9	11	2	10	8	1	5	9	5	6	1	9	5	8	17	16	13	6	2	8	15	
546_A/duck/China/0938/20 5	0	2	8	5	5	11	11	3	18	0	0	4	4	1	12	3	3	6	1	3	5	4	0	7	15	8	2	7	2	4	1	5	8	19	5	17	7	17	7	19	17	12	9	11	2	10	8	1	5	9	5	6	1	9	5	8	17	16	13	6	2	8	15	
547_A/duck/China/DK87/20 6	0	1	9	4	5	12	10	2	18	0	0	4	4	1	12	3	3	6	1	3	4	4	0	8	15	9	2	7	3	3	1	7	9	20	5	15	7	16	7	19	17	12	9	12	1	10	8	0	5	9	6	6	0	9	5	8	16	18	12	6	3	8	15	
548_A/duck/China/E26/201 11	10	8	8	7	7	3	10	5	10	0	0	7	3	1	15	3	6	5	0	1	2	5	0	2	13	6	1	1	2	6	1	11	13	22	14	8	4	8	9	18	9	11	5	9	1	7	11	7	11	9	9	4	1	11	6	7	5	12	12	11	1	8	17	
549_A/duck/China/E53/201 11	8	8	8	7	8	3	10	5	11	0	0	6	3	1	15	2	6	4	0	0	3	6	0	1	13	6	1	4	1	6	1	13	13	23	15	10	4	8	8	16	7	12	7	8	2	6	9	4	11	11	7	6	0	9	8	11	5	11	14	8	1	10	15	
550_A/Duck/China/H5N6/20 6	0	1	9	4	5	12	10	2	19	0	0	3	3	1	12	3	3	6	1	3	5	4	0	8	15	9	2	8	2	3	1	7	9	20	7	15	6	17	6	19	18	12	9	11	1	9	10	1	5	9	5	6	0	9	4	7	17	17	13	5	3	8	15	
551_A/duck/China/YD1516/ 5	11	11	14	10	5	2	8	4	13	1	0	4	1	0	13	5	3	10	0	2	6	0	2	1	10	8	1	4	3	7	1	12	13	25	11	12	7	8	9	15	10	11	18	9	2	6	5	6	8	11	6	5	2	14	8	12	8	11	11	10	1	8	11	
552_A/duck/Chongqing/S43 6	6	7	9	12	4	6	10	2	11	1	0	2	4	0	12	2	6	6	0	2	9	5	0	6	9	6	4	5	1	3	2	9	11	24	8	10	7	14	6	25	19	14	4	6	2	11	8	6	5	13	9	6	6	13	5	12	3	12	15	7	3	9	10	
553_A/duck/Dongguan/2685 6	0	2	8	4	5	11	11	2	19	0	0	5	3	1	12	3	3	6	1	3	4	4	0	8	16	8	3	6	2	3	0	8	8	20	6	13	8	17	7	19	17	11	9	11	1	10	9	0	5	10	4	6	1	9	4	8	18	17	14	7	1	8	15	
554_A/Duck/Dongting/D76- 5	3	9	9	8	7	7	10	6	10	1	0	6	1	0	9	0	5	2	0	4	5	8	0	8	9	9	1	6	1	4	0	15	14	22	13	8	11	17	8	10	17	9	14	8	2	10	7	7	5	8	6	3	5	10	4	7	12	16	18	12	0	9	12	
555_A/duck/Eastern_China 11	5	8	8	8	8	5	10	3	15	0	0	5	0	1	12	4	3	5	0	1	5	3	0	5	11	9	1	6	2	1	1	14	9	14	12	6	6	11	8	15	15	17	12	10	1	8	6	13	5	12	9	8	7	9	3	11	7	15	17	9	2	13	13	
556_A/duck/Eastern_China 11	5	8	8	8	8	5	10	3	15	0	0	5	0	1	12	4	3	5	0	1	5	3	0	5	11	9	1	6	2	1	1	14	9	13	12	5	7	12	8	16	15	17	12	10	1	8	6	14	5	12	9	8	6	9	3	10	7	15	16	9	2	13	14	
557_A/duck/Eastern_China 11	8	9	7	7	7	2	11	5	12	0	0	6	2	1	15	2	5	5	0	0	2	5	0	2	14	6	0	3	2	6	2	13	11	23	16	8	4	8	7	18	9	12	8	9	1	6	8	6	13	9	9	3	3	11	6	9	5	10	13	8	1	10	16	
558_A/duck/Eastern_China 12	7	8	8	6	8	4	10	8	13	0	0	6	1	1	15	2	6	4	0	0	4	6	1	1	13	7	0	2	1	4	1	11	12	24	15	10	4	6	7	16	9	11	11	7	1	6	6	7	13	11	9	5	2	10	8	9	4	9	13	9	1	10	15	
559_A/duck/Eastern_China 10	8	8	12	6	6	8	5	6	8	1	0	5	3	0	14	1	7	6	0	4	5	2	0	3	8	8	1	2	1	9	1	12	16	19	9	6	4	6	4	13	8	10	13	9	4	8	12	15	4	16	8	8	6	6	9	14	8	17	17	12	1	7	12	
560_A/duck/Eastern_China 6	9	12	11	9	6	2	11	3	16	1	0	6	1	0	13	4	5	9	1	3	5	0	1	4	8	9	1	1	2	6	1	13	15	23	8	10	3	11	13	16	12	11	13	9	2	5	9	8	7	13	7	8	2	10	9	7	8	8	15	10	1	9	9	
561_A/duck/Eastern_China 6	9	12	11	9	5	2	11	3	16	1	0	6	1	0	12	4	5	8	0	3	5	1	2	4	9	9	1	1	2	6	1	13	15	27	8	12	3	7	12	16	11	11	15	9	3	5	8	8	7	13	7	6	2	11	9	8	7	9	14	10	1	8	10	
562_A/duck/Eastern_China 10	9	10	12	7	6	5	5	6	9	1	0	5	2	0	14	1	7	5	0	4	5	3	0	2	8	8	2	3	1	9	1	12	16	21	9	6	4	5	5	13	9	10	12	8	3	7	12	14	3	16	8	7	6	6	8	14	8	17	19	14	1	7	11	
563_A/duck/Eastern_China 9	9	10	12	7	6	5	5	6	9	1	0	5	2	0	14	1	8	6	0	4	5	2	0	2	8	8	2	3	1	9	1	12	16	21	9	5	4	5	5	14	9	11	12	8	3	7	12	14	3	16	8	7	6	5	8	14	8	17	19	14	1	7	11	
564_A/duck/Eastern_China 10	9	10	12	7	6	5	5	5	9	1	0	6	2	0	14	1	7	6	0	4	5	2	0	2	8	8	2	3	1	9	1	13	16	21	9	5	4	5	5	14	9	10	12	8	3	7	12	14	3	16	8	7	6	6	8	13	8	17	19	14	1	7	11	
565_A/duck/Eastern_China 10	9	10	12	7	6	5	5	6	9	1	0	5	2	0	14	1	7	6	0	4	5	2	0	2	8	8	2	3	1	9	1	12	16	21	9	6	4	5	5	13	9	10	12	8	3	7	12	14	3	16	8	7	6	6	8	14	8	17	19	14	1	7	11	
566_A/duck/Eastern_China 10	9	10	12	7	6	5	5	6	9	1	0	5	2	0	14	1	7	6	0	4	5	2	0	2	8	8	2	3	1	9	1	14	17	20	9	4	3	6	5	13	9	10	12	8	3	7	12	14	3	16	8	7	6	6	9	14	8	17	17	14	1	7	12	
567_A/duck/Eastern_China 11	8	10	12	7	7	5	5	7	8	1	0	4	2	0	15	1	7	5	0	4	5	4	0	2	8	8	2	3	1	9	1	13	16	20	9	6	4	5	5	11	9	10	12	8	3	7	12	14	3	15	8	7	6	7	8	15	8	18	18	14	1	6	11	
568_A/duck/Eastern_China 5	11	11	14	10	5	2	8	5	16	1	0	3	1	0	13	5	3	10	0	2	6	0	2	1	9	9	1	4	2	6	1	12	15	24	11	11	6	9	9	13	10	12	16	10	1	6	5	7	7	12	6	5	2	13	8	13	8	11	12	10	1	8	11	
569_A/duck/Eastern_China 10	8	9	12	7	6	5	5	7	9	1	0	4	2	0	14	1	7	7	0	4	5	2	0	3	8	9	2	2	1	8	1	13	16	18	9	5	4	7	5	13	8	11	11	8	3	8	13	12	4	16	8	9	6	6	9	14	8	17	17	14	1	7	12	
570_A/duck/Eastern_China 6	1	3	8	4	4	10	11	2	19	0	0	5	3	1	12	3	4	6	1	3	3	4	0	8	16	9	3	6	2	2	0	9	7	21	6	12	9	15	7	20	17	11	9	11	1	10	9	0	5	11	4	6	1	9	5	6	17	17	14	8	3	8	14	
571_A/duck/Eastern_China 3	1	7	9	7	4	5	10	2	18	0	0	4	5	1	12	4	4	7	1	4	6	6	0	7	12	5	2	4	3	5	0	11	9	21	6	12	7	17	9	22	16	12	6	12	1	11	10	1	5	8	5	5	2	10	5	9	14	16	15	6	3	12	15	
572_A/duck/Eastern_China 6	10	12	11	9	5	2	11	5	16	1	0	7	1	0	13	3	4	9	0	4	5	1	2	3	8	9	1	0	2	6	1	12	13	24	7	11	5	10	11	16	12	11	15	8	2	6	7	8	7	13	7	8	2	12	9	6	9	9	15	10	1	8	9	
573_A/duck/Eastern_China 6	0	2	8	4	5	11	11	2	19	0	0	5	3	1	12	3	3	6	1	3	4	4	0	8	16	8	3	6	2	3	0	9	8	20	5	13	8	17	6	20	16	11	9	11	1	9	10	1	5	11	4	5	1	9	4	8	17	16	14	8	2	9	15	
574_A/duck/Eastern_China 10	8	9	12	7	6	5	5	7	9	1	0	4	2	0	14	1	6	7	0	4	5	2	0	3	8	8	2	2	2	9	1	13	16	18	9	5	4	7	5	14	8	11	10	8	4	7	14	11	4	16	8	10	6	6	9	13	8	18	17	14	1	6	12	
575_A/duck/Eastern_China 10	8	10	12	7	6	5	5	6	9	1	0	5	2	0	14	1	7	6	0	4	5	3	0	3	8	7	2	2	1	9	1	13	16	20	9	5	4	5	5	14	8	10	12	9	4	8	12	14	4	16	8	6	6	6	9	14	8	17	16	13	1	7	13	
576_A/duck/Fujian/1.17_F 6	0	1	8	4	5	12	11	2	19	0	0	4	3	1	12	3	3	6	1	3	4	4	0	8	16	9	3	7	2	3	0	6	8	20	6	14	7	16	7	20	17	11	11	11	1	10	7	0	5	9	5	7	1	10	5	9	17	14	13	6	2	10	15	
577_A/duck/Fujian/03.18_ 6	0	1	8	4	5	12	11	2	20	0	0	5	2	1	12	3	3	6	1	3	4	4	0	8	17	8	3	6	1	3	0	8	7	21	5	13	8	17	8	18	17	11	9	11	3	10	9	1	5	9	4	6	1	9	4	8	17	17	14	7	1	8	15	
578_A/duck/Fujian/05.07_ 6	0	1	8	4	5	12	11	3	20	0	0	5	3	1	12	3	3	6	1	3	4	4	0	7	16	8	3	6	2	3	0	9	8	20	5	13	8	16	7	20	17	11	8	10	1	11	9	0	6	11	4	6	1	9	4	8	14	17	15	8	2	8	14	
579_A/duck/Fujian/05.07_ 6	0	1	8	4	5	12	10	3	19	0	0	5	2	1	12	3	3	6	1	3	4	4	0	6	15	7	3	6	2	3	0	8	8	19	5	13	8	16	6	19	14	11	8	9	1	10	9	0	6	10	4	6	1	9	4	6	13	17	14	7	2	8	14	
580_A/duck/Fujian/05.07_ 6	0	1	8	4	5	12	10	3	19	0	0	5	2	1	12	3	3	6	1	3	4	4	0	6	15	7	3	6	2	3	0	8	8	19	5	13	8	16	6	19	14	11	8	9	1	10	9	0	6	10	4	6	1	9	4	6	13	17	14	7	2	8	14	
581_A/duck/Fujian/10.26_ 6	0	1	9	4	5	12	10	1	19	0	0	6	3	1	12	3	4	6	0	3	4	4	1	8	16	8	2	6	1	4	1	8	10	20	6	14	6	17	7	18	16	13	9	12	1	10	8	0	5	9	6	6	0	8	4	8	18	17	12	6	2	8	16	
582_A/duck/Fujian/10.26_ 6	0	1	9	4	5	12	10	1	19	0	0	6	3	1	12	3	3	6	0	3	4	4	1	8	17	9	2	6	1	3	1	8	10	20	6	14	6	17	7	18	16	13	9	12	1	10	8	0	5	9	6	6	0	8	4	9	17	17	12	6	2	8	16	
583_A/duck/Fujian/11.3_F 6	0	2	8	4	5	11	11	1	19	0	0	5	3	1	12	3	3	6	1	3	4	4	0	8	16	9	3	7	2	3	0	6	10	20	6	13	7	16	7	20	16	12	10	11	1	9	8	1	5	9	5	6	1	10	4	9	17	13	13	6	2	11	16	
584_A/duck/Fujian/11.3_F 6	0	1	8	4	5	12	11	2	19	0	0	4	3	1	12	3	3	6	1	3	4	4	0	8	16	9	3	7	2	3	0	6	8	20	6	14	7	16	7	20	17	11	11	11	1	10	7	0	5	9	5	7	1	10	5	9	17	14	13	6	2	10	15	
585_A/duck/Fujian/11.23_ 6	0	1	9	4	5	12	10	1	19	0	0	6	3	1	12	3	4	6	0	3	4	4	1	8	16	8	2	6	1	4	1	8	10	20	6	14	6	17	7	18	16	13	9	12	1	10	8	0	5	9	6	6	0	8	4	8	18	17	12	6	2	8	16	
586_A/duck/Fujian/11.23_ 6	0	1	9	4	5	12	10	1	19	0	0	6	3	1	12	3	4	6	0	3	4	4	1	8	16	8	2	6	1	4	1	8	10	20	6	14	6	17	7	18	16	13	9	12	1	10	8	0	5	9	6	6	0	8	4	8	18	17	12	6	2	8	16	
587_A/duck/Fujian/11.23_ 6	0	1	9	4	5	12	10	1	19	0	0	6	3	1	12	3	3	6	0	3	4	4	1	8	17	9	2	6	1	3	1	8	10	20	6	14	6	17	7	18	16	13	9	12	1	10	8	0	5	9	6	6	0	8	4	9	17	17	12	6	2	8	16	
588_A/duck/Fujian/12.7_F 6	0	1	8	4	5	12	11	2	19	0	0	4	3	1	12	3	3	6	1	3	4	4	0	8	16	9	3	7	2	3	0	6	8	20	6	14	7	16	7	20	17	11	11	11	1	10	7	0	5	9	5	7	1	10	5	9	17	14	13	6	2	10	15	
589_A/duck/Fujian/12.7_F 6	0	1	8	4	5	12	11	2	19	0	0	4	3	1	12	3	3	6	1	3	4	4	0	8	16	9	3	7	2	3	0	6	8	20	6	14	7	16	7	20	17	11	11	11	1	10	7	0	5	9	5	7	1	10	5	9	17	14	13	6	2	10	15	
590_A/duck/Fujian/12.7_F 6	0	1	8	4	5	12	11	2	19	0	0	4	3	1	12	3	3	6	1	3	4	4	0	8	16	9	3	7	2	3	0	6	8	20	6	14	7	16	7	20	17	11	11	11	1	10	7	0	5	9	6	7	1	10	5	9	17	14	13	6	2	10	14	
591_A/duck/Fujian/12.7_F 6	0	1	8	4	5	12	11	2	19	0	0	4	3	1	12	3	3	6	1	3	4	4	0	8	16	9	3	7	2	3	0	6	8	20	6	14	7	16	7	20	17	11	11	11	1	10	7	0	5	9	6	7	1	10	5	9	17	14	13	6	2	10	14	
592_A/duck/Fujian/S1233/ 10	9	10	6	8	7	1	12	6	12	0	0	6	2	1	15	2	4	6	0	0	4	5	0	1	12	7	0	4	2	5	2	14	13	21	15	8	6	9	8	18	7	12	6	7	2	8	8	5	9	9	6	5	2	10	9	12	5	10	12	6	1	11	17	
593_A/duck/Fujian/S1273/ 10	9	10	6	8	7	1	12	6	12	0	0	6	2	1	15	2	4	6	0	0	4	5	0	1	12	6	0	4	2	6	2	14	13	21	15	8	6	9	8	18	7	12	6	7	2	8	8	5	9	9	6	5	2	10	9	12	5	10	12	6	1	11	17	
594_A/Duck/Fujian/S4146/ 10	9	9	8	8	8	2	10	5	11	0	0	7	3	1	15	2	5	5	0	0	2	6	0	1	13	6	0	4	1	6	2	15	13	21	15	8	5	9	8	17	7	10	7	7	2	8	9	4	12	10	7	5	0	10	8	13	5	10	12	6	1	10	17	
595_A/duck/Guangdong/01. 6	0	2	9	4	5	11	10	2	19	0	0	4	3	1	12	3	3	6	1	3	4	4	0	8	16	9	2	7	2	3	1	7	9	20	6	15	7	16	7	19	17	12	8	12	1	10	9	0	5	9	5	6	0	9	5	8	17	17	13	6	2	8	15	
596_A/duck/Guangdong/01. 6	0	2	9	4	5	11	10	2	19	0	0	4	3	1	12	3	3	6	1	3	4	4	0	8	16	9	2	7	2	3	1	7	9	20	6	15	7	16	7	19	17	12	8	12	1	10	9	0	5	9	5	6	0	9	5	8	17	17	13	6	2	8	15	
597_A/duck/Guangdong/01. 6	0	2	8	4	5	11	11	2	18	0	0	4	4	1	12	3	3	6	1	3	4	4	0	8	16	9	2	7	2	3	1	7	9	20	6	15	7	16	7	19	17	12	8	12	1	10	9	0	5	9	5	6	0	9	5	8	17	18	13	6	2	7	15	
598_A/duck/Guangdong/01. 6	0	2	9	4	5	11	10	2	19	0	0	4	3	1	12	3	3	6	1	3	4	4	0	8	16	9	2	7	2	3	1	7	9	21	6	15	7	15	7	19	17	12	8	12	1	10	9	0	5	9	5	6	0	9	5	8	17	17	13	6	2	8	15	
599_A/duck/Guangdong/01. 6	0	2	9	4	5	11	10	2	19	0	0	4	3	1	12	3	3	6	1	3	4	4	0	8	16	9	2	7	2	3	1	7	9	20	6	15	7	16	7	19	17	12	8	12	1	10	9	0	5	9	5	6	0	9	5	8	17	17	13	6	2	8	15	
600_A/duck/Guangdong/01. 6	0	2	9	4	5	11	10	2	19	0	0	4	3	1	12	3	3	6	1	3	4	4	0	8	16	9	2	7	2	3	1	7	9	20	6	15	7	16	7	19	17	12	8	12	1	10	9	0	5	9	5	6	0	9	5	8	17	17	13	6	2	8	15	
601_A/duck/Guangdong/01. 6	0	2	9	4	5	11	10	2	19	0	0	4	3	1	12	3	4	6	1	3	3	4	0	8	16	9	2	7	2	3	1	7	9	20	6	15	7	16	7	19	17	12	8	11	1	10	9	0	5	10	4	6	0	9	5	8	17	17	13	7	2	8	15	
602_A/duck/Guangdong/01. 6	0	2	9	4	5	11	10	2	19	0	0	4	3	1	12	3	3	6	1	3	4	4	0	8	16	9	2	7	2	3	1	7	9	20	6	15	7	16	7	19	16	12	9	12	1	10	9	0	5	9	5	6	0	9	5	8	17	17	13	6	2	8	15	
603_A/duck/Guangdong/01. 6	0	2	9	4	5	11	11	2	19	0	0	4	3	1	12	3	3	6	1	3	4	4	0	8	16	9	2	7	2	3	1	7	9	20	6	15	7	16	6	19	17	12	8	12	1	10	9	0	5	9	5	6	0	9	5	8	17	17	13	6	2	8	15	
604_A/duck/Guangdong/01. 6	0	2	9	4	5	11	10	2	19	0	0	4	3	1	12	3	3	6	1	3	4	4	0	8	16	9	2	7	2	3	1	7	9	20	6	15	7	16	7	19	17	12	8	12	1	10	9	0	5	9	5	6	0	9	5	8	17	17	13	6	2	8	15	
605_A/duck/Guangdong/02. 6	0	2	8	4	5	11	11	3	19	0	0	5	3	1	12	3	3	6	1	3	4	4	0	7	16	8	3	6	2	3	0	9	7	19	6	13	7	17	7	19	18	10	9	9	3	11	9	0	5	10	4	6	1	10	4	6	18	17	13	8	2	8	16	
606_A/duck/Guangdong/02. 6	0	2	8	4	5	11	11	3	19	0	0	5	3	1	12	3	3	6	1	3	4	4	0	7	16	9	2	6	2	3	0	8	8	19	6	13	7	17	7	19	18	10	9	9	3	11	9	0	5	10	4	6	1	10	4	6	18	17	13	8	2	8	16	
607_A/duck/Guangdong/02. 6	0	2	8	4	5	11	11	3	19	0	0	5	3	1	12	3	3	6	1	3	4	4	0	7	16	8	3	6	2	3	0	8	8	19	6	13	7	17	7	19	19	10	9	9	3	11	9	0	5	10	4	6	1	10	4	6	17	17	13	8	2	8	16	
608_A/duck/Guangdong/02. 6	0	2	8	4	5	11	11	3	19	0	0	5	3	1	12	3	3	6	1	3	4	4	0	7	16	8	3	6	2	3	0	8	8	19	6	13	7	17	7	19	18	10	9	9	3	11	9	0	5	10	4	6	1	10	4	6	18	17	13	8	2	8	16	
609_A/duck/Guangdong/02. 6	0	2	8	4	5	11	11	3	19	0	0	5	3	1	12	3	3	6	1	3	4	4	0	7	16	8	3	6	2	3	0	8	8	19	6	13	7	17	7	19	18	10	9	9	3	11	9	0	5	10	4	6	1	10	4	6	18	17	13	8	2	8	16	
610_A/duck/Guangdong/02. 6	0	2	8	4	5	11	11	3	19	0	0	5	3	1	12	3	3	6	1	3	4	4	0	7	16	8	3	6	2	3	0	8	7	20	6	13	7	17	7	19	18	10	9	9	3	11	9	0	5	10	4	6	1	10	4	6	18	17	13	8	2	8	16	
611_A/duck/Guangdong/03. 6	1	3	8	4	4	10	11	2	19	0	0	5	3	1	12	3	4	6	1	3	3	4	0	7	16	7	3	7	2	4	0	8	8	21	6	13	8	16	7	18	17	10	9	11	1	10	9	0	5	10	4	6	1	9	4	7	18	18	14	8	2	8	15	
612_A/duck/Guangdong/03. 6	1	3	8	4	4	10	11	2	19	0	0	5	3	1	12	3	4	6	1	3	3	4	0	7	16	7	3	7	2	4	0	8	8	21	6	13	8	16	7	18	17	10	9	11	1	10	9	0	5	10	4	6	1	9	4	7	18	18	14	8	2	8	15	
613_A/duck/Guangdong/03. 6	1	3	8	4	4	10	11	2	20	0	0	5	2	1	12	3	4	6	1	3	3	4	0	7	16	7	3	7	2	4	0	8	8	21	6	13	8	16	7	18	17	11	9	11	1	10	9	0	5	10	4	6	1	9	4	7	18	17	14	8	2	8	15	
614_A/duck/Guangdong/03. 6	1	3	8	4	4	10	11	2	19	0	0	5	3	1	12	3	4	6	1	3	3	4	0	8	16	8	3	5	2	3	0	9	8	21	6	13	7	15	7	19	17	11	9	12	1	11	9	0	5	10	4	6	1	9	4	7	17	17	15	8	2	8	14	
615_A/duck/Guangdong/03. 6	1	3	8	4	4	10	11	2	20	0	0	5	2	1	12	3	4	6	1	3	3	4	0	7	16	7	3	7	2	4	0	8	8	21	6	13	8	16	7	18	17	11	9	11	1	10	9	0	5	10	4	6	1	9	4	7	18	17	14	8	2	8	15	
616_A/duck/Guangdong/03. 6	1	3	8	4	4	10	11	2	20	0	0	5	2	1	12	3	4	6	1	3	3	4	0	7	16	7	3	7	2	4	0	8	8	21	6	13	8	16	7	18	17	11	9	11	1	10	9	0	5	10	4	6	1	9	4	7	18	17	14	8	2	8	15	
617_A/duck/Guangdong/03. 6	1	3	8	4	4	10	10	2	18	0	0	5	2	1	12	3	4	6	1	3	3	4	0	7	15	7	3	5	2	3	0	8	8	19	6	13	7	15	6	18	14	11	9	11	1	10	9	0	5	10	4	6	1	9	4	5	16	17	14	7	2	8	14	
618_A/duck/Guangdong/03. 6	1	3	8	4	4	10	10	2	19	0	0	5	1	1	12	3	4	6	1	3	3	4	0	6	15	6	3	7	2	4	0	7	8	19	6	13	8	16	6	17	14	11	9	10	1	9	9	0	5	10	4	6	1	9	4	5	17	17	13	7	2	8	15	
619_A/duck/Guangdong/03. 6	1	3	8	4	4	10	11	2	19	0	0	5	3	1	12	3	4	6	1	3	3	4	0	8	16	8	3	5	2	3	0	9	8	21	6	13	7	15	7	19	17	11	9	12	1	11	9	0	5	10	4	6	1	9	4	7	17	17	15	8	2	8	14	
620_A/duck/Guangdong/03. 6	1	3	8	4	4	10	11	2	19	0	0	5	3	1	12	3	4	6	1	3	3	4	0	8	16	8	3	5	2	3	0	9	8	21	6	13	7	15	7	19	17	11	9	12	1	11	9	0	5	10	4	6	1	9	4	7	17	17	15	8	2	8	14	
621_A/duck/Guangdong/03. 6	1	3	8	4	4	10	10	2	19	0	0	5	1	1	12	3	4	6	1	3	3	4	0	6	15	6	3	7	2	4	0	7	8	19	6	13	8	16	6	17	14	11	9	10	1	9	9	0	5	10	4	6	1	9	4	5	17	17	13	7	2	8	15	
622_A/duck/Guangdong/03. 6	1	3	8	4	4	10	11	2	20	0	0	5	2	1	12	3	4	6	1	3	3	4	0	7	16	7	3	7	2	4	0	8	8	21	6	13	8	16	7	18	16	11	9	11	1	10	9	0	5	10	4	6	1	9	4	7	19	17	14	8	2	8	15	
623_A/duck/Guangdong/03. 6	1	3	8	4	4	10	10	2	19	0	0	5	1	1	12	3	4	6	1	3	3	4	0	6	15	6	3	7	2	4	0	7	8	19	6	14	8	16	6	17	14	11	9	10	1	9	9	0	5	10	4	5	1	9	4	5	17	17	13	7	2	8	15	
624_A/duck/Guangdong/03. 6	1	3	8	4	4	10	11	2	20	0	0	5	2	1	12	3	4	6	1	3	3	4	0	7	16	7	3	7	2	4	0	8	8	21	6	14	8	16	7	18	17	11	9	11	1	10	9	0	5	10	4	5	1	9	4	7	18	17	14	8	2	8	15	
625_A/duck/Guangdong/03. 6	1	3	8	4	4	10	10	2	18	0	0	5	2	1	12	3	4	6	1	3	3	4	0	6	15	6	3	7	2	4	0	7	8	19	6	13	8	16	6	17	14	11	9	10	1	9	9	0	5	10	4	6	1	9	4	5	17	17	13	7	2	8	15	
626_A/duck/Guangdong/03. 6	1	3	8	4	4	10	10	2	18	0	0	5	2	1	12	3	4	6	1	3	3	4	0	6	15	6	3	7	2	4	0	7	8	19	6	12	8	16	6	18	14	11	9	10	1	9	9	0	5	10	4	6	1	9	4	5	17	17	12	7	2	8	16	
627_A/duck/Guangdong/03. 6	1	3	8	4	4	10	10	2	18	0	0	5	2	1	12	3	4	6	1	3	3	4	0	6	15	6	3	7	2	4	0	7	8	19	6	13	8	16	6	17	14	11	9	10	1	9	9	0	5	10	4	6	1	9	4	5	17	17	12	7	2	8	16	
628_A/duck/Guangdong/03. 6	1	3	8	4	4	10	11	2	19	0	0	5	3	1	12	3	4	6	1	3	3	4	0	7	16	7	3	7	2	4	0	8	8	21	6	13	8	16	7	18	17	11	9	11	1	10	9	0	5	10	4	6	1	9	4	7	18	17	13	8	2	8	16	
629_A/duck/Guangdong/03. 6	1	3	8	4	4	10	10	2	18	0	0	5	2	1	12	3	4	6	1	3	3	4	0	6	15	6	3	7	2	4	0	7	8	19	6	12	8	16	6	18	14	11	9	10	1	9	9	0	5	10	4	6	1	9	4	5	17	17	12	7	2	8	16	
630_A/duck/Guangdong/03. 6	1	3	8	4	4	10	11	2	19	0	0	5	3	1	12	3	4	6	1	3	3	4	0	7	16	7	3	7	2	4	0	8	8	21	6	13	8	16	7	18	17	11	9	11	1	10	9	0	5	10	4	6	1	9	4	7	18	17	14	8	2	8	15	
631_A/duck/Guangdong/03. 6	1	3	8	4	4	10	11	2	19	0	0	5	3	1	12	3	4	6	1	3	3	4	0	7	16	7	3	7	2	4	0	8	8	21	6	13	8	16	7	18	17	11	9	11	1	10	9	0	5	10	4	6	1	9	4	7	18	17	13	8	2	8	16	
632_A/duck/Guangdong/03. 6	0	2	7	4	5	11	12	4	18	0	0	4	4	1	12	3	3	6	1	3	4	4	0	7	16	9	2	6	2	3	0	8	6	19	6	13	9	18	7	19	18	11	10	10	2	10	8	0	5	9	4	6	1	10	4	5	18	17	13	9	2	8	16	
633_A/duck/Guangdong/03. 6	1	3	8	5	4	10	10	2	18	0	0	5	2	1	12	3	4	6	1	2	4	4	0	7	14	7	3	6	2	3	0	8	8	18	7	12	8	16	6	19	14	10	10	9	1	10	9	0	5	10	4	6	1	8	4	4	18	18	13	7	1	7	15	
634_A/duck/Guangdong/03. 6	0	2	7	4	5	11	12	4	18	0	0	4	4	1	12	3	3	6	1	3	4	4	0	7	16	9	2	6	2	3	0	8	6	19	6	13	9	18	7	19	18	11	10	10	2	10	8	0	5	9	4	6	1	10	4	5	18	17	13	9	2	8	16	
635_A/duck/Guangdong/03. 6	1	3	8	5	4	10	11	2	19	0	0	5	3	1	12	3	4	6	1	2	4	4	0	8	15	8	3	6	2	3	0	9	8	20	7	12	8	16	7	20	17	10	10	10	1	11	9	0	5	10	4	6	1	8	4	6	19	18	14	8	1	7	15	
636_A/duck/Guangdong/03. 6	0	2	7	4	5	11	12	4	18	0	0	4	4	1	12	3	3	6	1	3	4	4	0	7	16	9	2	6	2	3	0	8	6	19	6	13	9	18	7	19	18	11	10	10	2	10	8	0	5	9	4	6	1	10	4	5	18	17	13	9	2	8	16	
637_A/duck/Guangdong/04. 6	1	3	8	4	4	10	10	2	19	0	0	5	1	1	12	3	4	6	1	3	3	4	0	6	15	6	3	7	2	4	0	7	8	18	6	13	8	17	6	17	14	11	9	10	1	9	9	0	5	10	4	6	1	9	4	5	17	17	13	7	2	8	15	
638_A/duck/Guangdong/04. 6	0	2	8	4	5	11	10	2	17	0	0	4	3	1	12	3	3	6	1	3	4	4	0	7	15	8	2	7	2	3	1	6	9	18	6	15	7	15	6	18	14	13	9	10	1	9	8	0	5	9	5	6	0	9	5	5	16	17	12	7	2	8	15	
639_A/duck/Guangdong/04. 6	0	2	8	4	5	11	11	2	19	0	0	4	3	1	12	3	3	6	1	3	4	4	0	8	16	9	2	7	2	3	1	7	9	20	6	15	7	16	7	20	17	12	10	10	1	10	7	0	5	9	5	6	0	9	5	8	17	17	13	7	2	8	15	
640_A/duck/Guangdong/04. 6	1	3	8	4	4	10	11	2	20	0	0	5	2	1	12	3	4	6	1	3	3	4	0	7	16	7	3	7	2	4	0	8	8	20	6	13	8	17	7	18	17	11	9	11	1	10	9	0	5	10	4	6	1	9	4	7	18	17	14	8	2	8	15	
641_A/duck/Guangdong/04. 6	1	3	8	4	4	10	10	3	18	0	0	5	2	1	12	3	4	6	1	2	3	4	0	7	15	7	3	5	2	3	0	8	8	19	6	13	7	15	6	18	14	11	9	11	1	10	9	0	5	10	4	6	1	9	4	5	16	17	14	7	2	8	14	
642_A/duck/Guangdong/04. 6	1	3	8	4	4	10	11	2	20	0	0	5	2	1	12	3	4	6	1	3	3	4	0	7	16	7	3	7	2	4	0	8	8	20	6	13	8	17	7	18	17	11	9	11	1	10	9	0	5	10	4	6	1	9	4	7	18	17	14	8	2	8	15	
643_A/duck/Guangdong/04. 6	1	3	8	4	4	10	11	2	20	0	0	5	2	1	12	3	4	6	1	3	3	4	0	7	16	7	3	7	2	4	0	8	8	20	6	13	8	17	7	18	17	11	9	11	1	10	9	0	5	10	4	6	1	9	4	7	18	17	14	8	2	8	15	
644_A/duck/Guangdong/04. 6	0	2	7	4	5	11	12	4	18	0	0	4	4	1	12	3	3	6	1	3	4	4	0	7	16	9	2	6	2	3	0	8	6	19	6	13	9	18	7	19	18	11	10	10	2	10	8	0	5	9	4	6	1	10	4	5	18	17	13	9	2	8	16	
645_A/duck/Guangdong/04. 6	0	2	8	4	5	11	11	3	19	0	0	5	3	1	12	3	3	6	1	3	4	4	0	7	16	8	3	5	2	3	0	7	8	18	6	14	7	18	7	19	18	9	10	11	2	11	9	1	5	10	4	6	1	10	4	6	17	17	12	7	3	8	17	
646_A/duck/Guangdong/04. 6	0	2	8	4	5	11	11	3	19	0	0	5	3	1	12	3	3	6	1	3	4	4	0	7	16	8	3	5	2	3	0	7	8	18	6	14	7	18	7	19	18	9	10	11	2	11	9	1	5	10	4	6	1	10	4	6	17	17	12	7	3	8	17	
647_A/duck/Guangdong/04. 6	0	2	7	4	5	11	12	4	18	0	0	4	4	1	12	3	3	6	1	3	4	4	0	7	16	9	2	6	2	3	0	8	6	19	6	13	9	18	7	19	18	11	10	10	2	9	8	0	5	9	4	6	1	10	4	5	18	17	13	9	2	9	16	
648_A/duck/Guangdong/04. 6	0	2	7	4	5	11	12	4	18	0	0	4	4	1	12	3	3	6	1	3	4	4	0	7	16	9	2	6	2	3	0	8	6	19	6	13	9	18	7	19	18	11	10	10	2	10	8	0	5	9	4	6	1	10	4	5	18	17	13	9	2	8	16	
649_A/duck/Guangdong/04. 6	0	2	7	4	5	11	12	4	18	0	0	4	4	1	12	3	3	6	1	3	4	4	0	7	16	9	2	6	2	3	0	8	6	19	6	13	9	18	7	19	18	11	10	10	2	10	8	0	5	9	4	6	1	10	4	5	18	17	13	9	2	8	16	
650_A/duck/Guangdong/04. 6	0	2	8	4	5	11	11	2	19	0	0	5	3	1	12	5	3	6	1	2	4	4	0	8	16	8	4	5	2	3	0	9	9	19	5	11	8	17	7	19	17	11	9	11	1	9	9	0	5	10	4	7	1	10	4	8	16	17	14	8	2	8	15	
651_A/duck/Guangdong/04. 6	0	2	8	4	5	11	11	3	19	0	0	5	3	1	12	3	3	6	1	3	4	4	0	7	16	8	3	5	2	3	0	7	8	18	6	14	7	18	7	19	18	9	10	11	2	11	9	0	5	10	4	6	1	10	4	6	17	17	13	8	3	8	16	
652_A/duck/Guangdong/04. 6	0	2	8	4	5	11	11	3	19	0	0	5	3	1	12	3	3	6	1	3	4	4	0	7	16	8	3	5	2	3	0	7	8	18	6	14	7	18	7	19	18	9	10	11	2	11	9	0	5	10	4	6	1	10	4	6	17	17	13	8	3	8	16	
653_A/duck/Guangdong/04. 6	0	2	8	4	5	11	11	2	19	0	0	5	3	1	12	5	4	6	1	2	3	4	0	8	16	8	4	5	2	3	0	9	9	19	5	11	8	17	7	19	17	11	9	11	1	9	9	0	5	10	4	7	1	10	4	8	16	17	14	8	2	8	15	
654_A/duck/Guangdong/04. 6	0	2	8	4	5	11	11	2	19	0	0	5	3	1	12	5	3	6	1	2	4	4	0	8	16	8	4	5	2	3	0	9	9	19	5	11	8	17	7	19	17	11	9	11	1	9	9	0	5	10	4	7	1	10	4	8	16	17	14	8	2	8	15	
655_A/duck/Guangdong/04. 6	1	3	8	5	4	10	10	2	18	0	0	5	2	1	12	3	4	6	1	2	4	4	0	7	14	7	3	6	2	3	0	8	8	18	7	12	8	16	6	19	14	10	10	9	1	10	9	0	5	10	4	6	1	8	4	4	18	18	13	7	1	7	15	
656_A/duck/Guangdong/04. 6	1	4	8	5	4	9	10	2	18	0	0	5	3	1	12	3	4	6	1	3	4	4	0	7	14	7	3	6	2	3	0	7	8	18	8	12	8	16	6	19	15	10	10	10	1	10	9	1	5	10	4	6	1	8	4	6	18	18	13	7	1	7	15	
657_A/duck/Guangdong/04. 6	0	2	7	4	4	11	12	4	19	0	0	4	4	1	12	3	3	6	1	3	4	4	0	7	16	8	3	6	2	3	0	9	6	19	8	13	9	18	6	19	18	11	10	9	2	10	8	0	6	8	4	6	1	10	4	5	17	16	13	9	2	9	16	
658_A/duck/Guangdong/04. 6	0	2	7	4	5	11	12	4	18	0	0	4	4	1	12	3	3	6	1	3	4	4	0	7	16	9	2	6	2	3	0	8	6	19	6	13	9	18	7	19	18	11	10	10	2	10	8	0	5	9	4	6	1	10	4	5	18	17	13	9	2	8	16	
659_A/duck/Guangdong/04. 6	1	3	8	4	4	10	11	2	19	0	0	5	3	1	12	3	4	6	1	3	3	4	0	7	16	7	3	7	2	4	0	8	8	21	6	13	8	16	7	18	17	11	9	11	1	9	10	0	5	10	4	6	1	9	4	7	18	17	14	8	2	8	15	
660_A/duck/Guangdong/04. 6	0	2	7	4	5	11	12	4	18	0	0	4	4	1	12	3	3	6	1	3	4	4	0	7	16	9	2	6	2	3	0	8	6	19	6	13	9	18	7	19	18	11	10	10	2	10	8	0	5	9	4	6	1	10	4	5	18	17	13	9	2	8	16	
661_A/duck/Guangdong/04. 6	0	2	7	4	5	11	12	4	18	0	0	4	4	1	12	3	3	6	1	3	4	4	0	7	16	9	2	6	2	3	0	8	6	19	6	13	9	18	7	19	18	11	10	10	2	10	8	0	5	9	4	6	1	10	4	5	18	17	13	9	2	8	16	
662_A/duck/Guangdong/04. 6	0	2	7	4	5	11	12	4	18	0	0	4	4	1	12	3	3	6	1	3	4	4	0	7	16	9	2	6	2	3	0	8	6	19	6	13	9	18	7	19	18	11	10	10	2	10	8	0	5	9	4	6	1	10	4	5	18	17	13	9	2	8	16	
663_A/duck/Guangdong/04. 6	0	2	7	4	5	11	11	3	17	0	0	5	3	1	12	3	3	6	1	3	4	4	0	6	15	8	2	6	2	3	0	7	7	17	6	13	8	18	6	18	15	11	10	9	2	9	8	0	5	9	4	6	1	10	4	3	17	17	13	8	2	8	15	
664_A/duck/Guangdong/04. 6	1	3	8	4	4	10	11	2	19	0	0	6	3	1	12	3	4	6	1	3	3	4	0	7	16	7	3	6	2	4	0	8	8	21	6	13	8	16	7	17	17	11	9	11	1	10	9	0	5	10	4	6	1	9	4	8	18	17	14	8	2	8	15	
665_A/duck/Guangdong/04. 6	0	2	8	4	5	11	11	2	19	0	0	4	3	1	12	3	3	6	1	3	4	4	0	8	16	9	2	7	2	3	1	7	9	21	5	15	6	16	7	18	17	12	9	11	1	10	9	0	5	9	5	6	1	9	5	9	17	17	13	7	2	8	14	
666_A/duck/Guangdong/04. 6	0	2	7	4	5	11	12	4	19	0	0	4	3	1	12	3	3	6	1	3	4	4	0	7	16	9	2	6	2	3	0	8	6	19	6	13	9	18	7	19	18	11	10	10	2	10	8	0	5	9	4	6	1	10	4	5	18	17	13	9	2	8	16	
667_A/duck/Guangdong/04. 6	0	2	8	4	5	11	11	2	19	0	0	4	3	1	12	3	3	6	1	3	4	4	0	8	16	9	2	7	2	3	1	7	9	20	6	15	6	16	7	18	17	12	9	11	1	10	9	0	5	9	5	6	1	9	5	9	17	17	13	7	2	8	14	
668_A/duck/Guangdong/04. 6	0	2	8	4	5	11	11	2	19	0	0	4	3	1	12	3	3	6	1	3	4	4	0	8	16	9	2	7	2	3	1	7	9	20	6	15	6	16	7	18	17	12	9	11	1	10	9	0	5	9	5	6	1	9	5	9	17	17	13	7	2	8	14	
669_A/duck/Guangdong/04. 6	1	3	8	4	4	10	11	2	19	0	0	5	3	1	12	3	4	6	1	3	3	4	0	7	16	7	3	7	2	4	0	8	8	21	6	13	8	16	7	18	17	11	9	11	1	10	9	0	5	10	4	6	1	9	4	7	18	17	14	8	2	8	15	
670_A/duck/Guangdong/04. 6	1	3	8	4	4	10	10	2	18	0	0	5	3	1	12	3	4	6	1	3	3	4	0	7	15	6	3	7	2	4	0	7	8	19	7	12	8	16	6	17	15	11	9	11	1	9	9	1	5	10	4	6	1	9	4	7	17	17	13	7	2	8	15	
671_A/duck/Guangdong/04. 6	1	3	8	4	4	10	11	2	19	0	0	5	3	1	12	3	4	6	1	3	3	4	0	7	16	7	3	7	2	4	0	8	8	21	6	13	8	16	7	18	17	11	9	11	1	10	9	0	5	10	4	6	1	9	4	7	18	17	14	8	2	8	15	
672_A/duck/Guangdong/04. 6	1	3	8	4	4	10	10	2	18	0	0	5	2	1	12	3	4	6	1	3	3	4	0	6	15	6	3	7	2	4	0	7	8	19	6	13	8	16	6	17	14	11	9	10	1	9	9	0	5	10	4	6	1	9	4	5	17	17	13	7	2	8	15	
673_A/duck/Guangdong/04. 6	1	3	8	4	4	10	10	2	18	0	0	5	2	1	12	3	4	6	1	3	3	4	0	6	15	6	3	7	2	4	0	7	8	19	6	13	8	16	6	17	14	11	9	10	1	9	9	0	5	10	4	6	1	9	4	5	17	17	13	7	2	8	15	
674_A/duck/Guangdong/04. 6	0	2	7	4	5	11	12	4	18	0	0	4	4	1	12	3	3	6	1	3	4	4	0	7	16	9	2	6	2	3	0	8	6	19	6	13	9	18	7	19	18	11	10	10	2	10	8	0	5	9	4	6	1	10	4	5	18	17	13	9	2	8	16	
675_A/duck/Guangdong/04. 6	1	3	8	5	4	10	10	2	18	0	0	5	2	1	12	3	4	6	1	2	4	4	0	7	14	7	3	6	2	3	0	8	8	18	7	12	8	16	6	19	14	10	10	9	1	10	9	0	5	10	4	6	1	8	4	4	18	18	13	7	1	7	15	
676_A/duck/Guangdong/04. 6	1	3	8	4	4	10	10	2	18	0	0	5	2	1	12	3	4	6	1	3	3	4	0	6	15	6	3	7	2	4	0	7	8	19	6	13	8	16	6	17	14	11	9	10	1	9	9	0	5	10	4	6	1	9	4	5	17	17	13	7	2	8	15	
677_A/duck/Guangdong/04. 6	0	2	7	4	5	11	12	4	19	0	0	4	3	1	12	3	3	6	1	3	4	4	0	8	16	7	3	6	2	3	0	8	6	19	6	13	9	17	8	19	18	11	10	10	2	10	8	0	5	9	4	6	1	10	4	5	18	17	13	9	2	7	17	
678_A/duck/Guangdong/04. 6	0	2	7	4	5	11	12	4	18	0	0	4	4	1	12	3	3	6	1	3	4	4	0	7	16	9	2	6	2	3	0	8	6	19	6	13	9	18	7	19	18	11	10	10	2	10	8	0	5	9	4	6	1	10	4	5	18	17	13	9	2	8	16	
679_A/duck/Guangdong/04. 6	1	3	8	4	4	10	10	2	18	0	0	5	2	1	12	3	4	6	1	3	3	4	0	6	15	6	3	7	2	4	0	7	8	19	6	13	8	16	6	17	14	11	9	10	1	9	9	0	5	10	4	6	1	9	4	5	17	17	13	7	2	8	15	
680_A/duck/Guangdong/04. 6	0	2	7	4	5	11	12	4	18	0	0	4	4	1	12	3	3	6	1	3	4	4	0	7	16	9	2	6	2	3	0	8	6	19	6	13	9	18	7	19	18	11	10	10	2	10	8	0	5	9	4	6	1	10	4	5	18	17	13	9	2	8	16	
681_A/duck/Guangdong/04. 6	1	3	8	5	4	10	11	2	19	0	0	5	3	1	12	3	4	6	1	2	4	4	0	8	15	8	3	6	2	3	0	9	8	20	7	12	8	16	7	20	17	10	10	10	1	11	9	0	5	10	4	6	1	8	4	6	19	18	14	8	1	7	15	
682_A/duck/Guangdong/04. 6	1	3	8	5	4	10	11	2	19	0	0	5	3	1	12	3	4	6	1	2	4	4	0	8	15	8	3	6	2	3	0	9	8	20	7	12	8	16	7	20	17	10	10	10	1	11	9	0	5	10	4	6	1	8	4	6	19	18	14	8	1	7	15	
683_A/duck/Guangdong/04. 6	1	3	8	4	4	10	10	2	18	0	0	5	2	1	12	3	4	6	1	3	3	4	0	6	15	6	3	7	2	4	0	7	8	19	6	13	8	16	6	17	14	11	9	10	1	9	9	0	5	10	4	6	1	9	4	5	17	17	13	7	2	8	15	
684_A/duck/Guangdong/04. 6	1	3	8	5	4	10	10	2	18	0	0	5	2	1	12	3	4	6	1	2	4	4	0	7	14	7	3	6	2	3	0	8	8	18	7	12	8	16	6	19	14	10	10	9	1	10	9	0	5	10	4	6	1	8	4	4	18	18	13	7	1	7	15	
685_A/duck/Guangdong/04. 6	1	3	8	5	4	10	10	2	18	0	0	5	2	1	12	3	4	6	1	2	4	4	0	7	14	7	3	6	2	3	0	8	8	18	7	12	8	16	6	19	14	10	10	9	1	10	9	0	5	10	4	6	1	8	4	4	18	18	13	7	1	7	15	
686_A/duck/Guangdong/04. 6	0	2	7	4	5	11	12	4	19	0	0	4	3	1	12	3	3	6	1	3	4	4	0	8	16	7	3	6	2	3	0	8	6	18	7	13	9	17	8	19	18	11	10	10	2	10	8	0	5	9	4	6	1	10	4	5	18	17	13	9	2	7	17	
687_A/duck/Guangdong/04. 6	0	2	7	4	5	11	12	4	19	0	0	4	3	1	12	3	3	6	1	3	4	4	0	8	16	7	3	6	2	3	0	8	6	19	6	13	9	17	8	19	18	11	10	10	2	10	8	0	5	9	4	6	1	10	4	5	18	17	13	9	2	7	17	
688_A/duck/Guangdong/04. 6	0	2	8	4	5	11	10	2	17	0	0	4	3	1	12	3	3	6	1	3	4	4	0	7	15	8	2	7	2	3	1	6	9	18	6	15	6	16	6	17	14	12	9	10	1	9	9	0	5	9	5	6	1	9	5	6	16	17	12	7	2	8	14	
689_A/duck/Guangdong/04. 6	0	2	8	4	5	11	11	2	19	0	0	4	3	1	12	3	3	6	1	3	4	4	0	8	16	9	2	7	2	3	1	7	9	20	6	15	6	16	7	18	17	12	9	11	1	10	9	0	5	8	5	6	1	10	5	9	17	17	13	7	2	8	14	
690_A/duck/Guangdong/04. 6	0	2	8	4	5	11	11	2	19	0	0	4	3	1	12	3	3	6	1	3	4	4	0	8	16	9	2	7	2	3	1	7	9	20	6	15	6	16	7	18	17	12	9	11	1	10	9	0	5	8	5	6	1	10	5	9	17	17	13	7	2	8	14	
691_A/duck/Guangdong/04. 6	0	2	8	4	5	11	11	2	19	0	0	4	3	1	12	3	3	6	1	3	4	4	0	8	16	9	2	7	2	3	1	7	9	20	6	15	6	16	7	18	17	12	9	11	1	10	9	0	5	9	5	6	1	9	5	9	17	17	13	7	2	8	14	
692_A/duck/Guangdong/04. 6	0	2	8	4	5	11	11	2	19	0	0	4	3	1	12	3	3	6	1	3	4	4	0	8	16	9	2	7	2	3	1	7	9	20	6	15	6	16	7	18	17	12	9	11	1	10	9	0	5	9	5	6	1	9	5	9	17	17	13	7	2	8	14	
693_A/duck/Guangdong/04. 6	0	2	8	4	5	11	11	2	19	0	0	4	3	1	12	3	3	6	1	3	4	4	0	8	16	9	2	7	2	3	1	7	9	20	6	15	6	16	7	18	17	12	9	11	1	10	9	0	5	9	5	6	1	9	5	9	17	17	13	7	2	8	14	
694_A/duck/Guangdong/04. 6	0	2	8	4	5	11	10	2	17	0	0	4	3	1	12	3	3	6	1	3	4	4	0	7	15	8	2	7	2	3	1	6	9	18	6	15	6	16	6	17	14	12	9	10	1	9	9	0	5	9	5	6	1	9	5	6	16	17	12	7	2	8	14	
695_A/duck/Guangdong/04. 6	0	2	8	4	5	11	10	2	17	0	0	4	3	1	12	3	3	6	1	3	4	4	0	7	15	8	2	7	2	3	1	6	9	18	6	15	6	16	6	17	14	12	9	10	1	9	9	0	5	8	5	6	1	10	5	6	16	17	12	7	2	8	14	
696_A/duck/Guangdong/04. 6	0	2	7	4	5	11	12	2	19	0	0	5	3	1	12	3	3	5	1	3	4	5	0	8	16	8	4	6	2	3	0	10	8	21	5	11	9	16	7	19	17	11	9	11	1	9	9	0	5	10	4	6	1	9	4	9	16	17	15	7	2	8	14	
697_A/duck/Guangdong/11. 6	0	2	9	4	5	11	10	2	19	0	0	4	3	1	12	3	3	6	1	3	4	4	0	8	15	9	2	7	3	3	1	7	9	20	6	15	7	16	7	19	16	13	8	12	1	10	9	0	5	8	5	6	0	10	5	8	16	16	13	6	3	9	15	
698_A/duck/Guangdong/11. 6	0	2	9	4	5	11	10	2	19	0	0	4	3	1	12	3	3	6	1	3	4	4	0	8	15	9	2	7	3	3	1	7	9	20	6	15	7	16	7	19	16	13	8	12	1	10	9	0	5	8	5	6	0	10	5	8	16	16	13	6	3	9	15	
699_A/duck/Guangdong/11. 6	0	2	9	4	5	11	10	2	19	0	0	4	3	1	12	3	3	6	1	3	4	4	0	8	15	9	2	7	3	3	1	7	9	20	6	15	7	16	7	19	16	13	8	12	1	10	9	0	5	8	5	6	0	10	5	8	16	16	13	6	3	9	15	
700_A/duck/Guangdong/KGZ 10	7	8	11	7	7	5	6	6	8	1	0	5	4	0	14	2	5	7	0	4	6	2	0	4	9	6	2	2	1	11	2	13	14	16	9	7	5	9	5	15	7	11	11	11	1	6	12	9	4	14	9	10	5	9	7	11	9	18	18	12	4	6	12	
701_A/duck/Guangdong/KGZ 5	0	2	9	5	4	11	10	3	20	0	0	4	3	1	12	2	4	6	0	4	4	5	1	8	15	9	3	6	2	3	0	5	9	20	10	16	7	17	4	20	17	11	9	12	1	11	8	0	5	8	5	6	0	8	4	9	16	14	16	5	3	10	13	
702_A/duck/Guangdong/KGZ 5	0	2	9	5	4	11	10	3	20	0	0	4	3	1	12	2	4	6	0	4	4	5	1	8	15	9	3	6	2	3	0	5	9	20	10	16	7	17	4	20	17	11	9	12	1	11	8	0	5	8	5	6	0	8	4	9	16	14	16	5	3	10	13	
703_A/duck/Guangdong/KGZ 5	0	2	9	5	4	11	10	3	20	0	0	4	3	1	12	2	4	6	0	4	4	5	1	8	15	9	3	6	2	3	0	5	9	20	10	16	7	17	4	20	17	11	9	12	1	11	8	0	5	8	5	6	0	8	4	9	16	14	16	5	3	10	13	
704_A/duck/Guangdong/KGZ 5	0	2	9	5	4	11	10	3	20	0	0	4	3	1	12	2	4	6	0	4	4	5	1	8	15	9	3	6	2	3	0	5	9	20	10	16	7	17	4	20	17	11	9	12	1	11	8	0	5	8	5	6	0	8	4	9	16	14	16	5	3	10	13	
705_A/duck/Guangdong/KGZ 10	7	8	11	7	7	5	6	6	8	1	0	5	4	0	14	1	5	8	0	4	6	2	0	4	9	5	2	2	1	12	2	13	13	16	9	7	5	9	5	15	7	11	11	11	3	6	12	9	4	14	9	10	4	10	7	11	9	18	18	12	3	6	12	
706_A/Duck/Guangdong/PO1 6	0	2	8	4	5	11	11	3	19	0	0	3	3	1	12	3	3	6	1	3	5	5	0	8	15	7	2	7	2	4	1	8	7	21	6	15	6	14	7	19	17	13	8	11	2	10	9	0	6	9	4	6	1	9	6	9	17	18	14	6	2	7	13	
707_A/Duck/Guangdong/PO1 6	0	2	8	4	5	11	11	3	19	0	0	3	3	1	12	3	3	6	1	3	5	5	0	8	15	7	2	7	2	5	0	8	7	21	6	15	6	15	6	18	17	13	8	12	2	10	9	0	6	9	4	6	1	9	6	9	17	18	14	6	2	7	13	
708_A/Duck/Guangdong/PO1 6	0	1	8	4	5	12	11	1	19	0	0	6	3	1	12	3	3	6	0	3	4	4	1	8	17	9	2	6	1	3	1	9	10	21	6	13	7	15	7	17	16	13	9	13	1	10	8	0	5	8	5	6	0	9	5	9	17	17	12	6	2	8	16	
709_A/Duck/Guangdong/PO1 6	0	2	8	4	5	11	11	3	18	0	0	3	4	1	12	3	3	6	1	3	5	5	0	8	15	7	2	7	2	4	1	8	8	21	6	15	5	14	7	18	17	13	8	11	2	10	9	0	6	9	4	6	1	9	6	9	17	18	13	7	2	7	14	
710_A/Duck/Guangdong/PY5 3	1	7	10	7	4	5	9	2	18	0	0	4	5	1	12	4	3	7	1	4	6	6	0	8	12	5	1	4	4	5	0	11	9	22	6	12	7	17	9	22	16	12	6	12	1	11	10	1	6	8	6	5	1	10	4	9	14	16	15	6	3	12	14	
711_A/Duck/Guangdong/PY5 3	1	7	9	7	4	5	10	2	18	0	0	4	5	1	12	4	4	7	1	4	6	6	0	8	12	5	1	4	3	5	0	12	9	21	5	11	7	18	8	22	16	12	7	12	1	10	11	1	6	8	6	5	1	9	5	10	14	16	16	5	3	12	14	
712_A/duck/Guangdong/S12 10	7	8	11	7	7	5	6	6	8	1	0	5	4	0	14	2	5	7	0	4	6	2	0	4	10	7	2	2	0	10	2	12	14	16	9	7	5	9	5	15	7	11	11	11	2	6	12	10	4	14	9	10	5	9	7	11	9	18	18	12	3	6	12	
713_A/duck/Guangdong/S13 6	0	1	9	4	5	12	10	2	19	0	0	4	3	1	12	3	3	6	1	3	4	4	0	8	15	9	2	7	3	3	1	7	9	20	6	15	7	16	7	19	18	12	8	12	0	10	9	0	5	10	5	6	0	8	5	8	17	17	12	6	2	8	16	
714_A/duck/Guangdong/S45 11	9	8	8	7	7	8	11	2	12	0	0	8	2	1	16	2	5	5	0	0	6	2	1	1	9	7	0	6	3	8	1	13	12	26	16	12	7	10	10	14	8	8	10	9	3	9	4	9	9	7	8	4	2	12	7	10	5	9	8	7	3	13	20	
715_A/duck/Guangdong/S45 11	9	8	8	7	7	8	11	2	12	0	0	8	2	1	16	2	5	5	0	0	6	2	1	1	9	7	0	6	3	8	1	13	12	27	15	12	7	10	10	14	8	8	10	9	3	9	4	9	9	7	8	4	2	12	7	10	5	9	8	7	3	13	20	
716_A/duck/Guangdong/S48 5	0	1	9	5	4	11	10	2	19	0	0	4	4	1	12	3	4	6	0	3	4	5	1	8	16	9	3	7	1	3	0	5	9	19	10	15	7	17	4	20	16	11	9	11	2	11	8	0	5	10	3	7	0	8	5	10	16	14	16	5	3	10	14	
717_A/duck/Guangdong/s14 10	9	10	12	7	8	5	5	7	8	1	0	4	2	0	15	1	6	5	0	4	6	4	0	2	8	8	2	3	1	9	2	13	16	20	9	8	4	5	5	12	8	11	12	8	3	7	10	15	3	16	8	5	5	6	8	14	9	18	19	14	0	6	10	
718_A/duck/Guangdong/SE1 6	0	1	9	4	5	12	10	2	18	0	0	4	4	1	12	2	4	6	1	4	5	4	0	5	15	10	2	8	1	2	1	7	9	21	6	15	7	17	6	20	17	14	10	11	1	10	7	0	6	8	5	6	0	9	4	10	16	17	15	5	2	8	13	
719_A/Duck/Guangdong/SS1 3	1	7	9	7	4	5	10	2	18	0	0	4	5	1	12	4	4	7	1	4	6	6	0	7	12	5	2	4	3	5	0	12	9	22	5	11	7	17	9	22	16	12	6	12	1	10	11	1	6	8	6	5	1	10	4	9	14	16	16	6	3	12	14	
720_A/duck/Guangdong/wy1 11	5	8	8	8	8	5	10	3	15	0	0	5	0	1	12	4	3	5	0	1	6	2	0	5	11	8	1	6	2	2	1	16	7	13	12	5	9	12	8	15	16	16	12	11	0	8	6	11	5	12	8	8	7	9	3	10	7	16	17	9	2	13	14	
721_A/duck/Guangdong/wy1 11	5	8	8	8	8	5	10	3	15	0	0	5	0	1	12	4	3	5	0	1	6	2	0	5	11	8	1	6	2	2	1	15	7	13	12	5	9	12	8	15	16	16	12	11	0	8	6	12	5	12	7	8	7	9	4	10	7	16	17	9	2	13	14	
722_A/duck/Guangdong/wy2 11	5	7	8	8	8	7	9	3	15	0	0	6	0	1	12	4	4	6	0	1	5	2	0	6	10	9	1	5	2	1	1	13	7	14	12	5	9	10	8	15	15	16	12	10	1	8	6	12	6	12	9	8	8	9	5	9	8	15	17	9	2	14	12	
723_A/Duck/Guangdong/Yan 6	0	2	8	4	5	11	11	3	19	0	0	3	3	1	12	3	3	5	1	3	5	6	0	8	15	7	2	7	2	4	1	8	8	21	7	15	5	13	7	18	17	13	8	11	2	10	9	0	6	9	4	6	1	9	6	9	17	18	14	7	2	7	13	
724_A/duck/Guangxi/12.25 7	0	2	8	3	5	11	11	2	19	0	0	5	3	1	12	3	3	6	1	3	4	4	0	8	16	8	3	6	2	3	0	9	7	22	5	13	9	17	6	19	16	11	9	11	1	9	10	1	5	9	4	5	1	9	4	8	17	16	14	8	2	9	15	
725_A/duck/Guangxi/S1009 10	7	8	11	7	7	5	6	6	8	1	0	5	4	0	14	1	5	9	0	4	6	2	0	3	9	5	2	2	1	12	2	13	13	16	9	7	5	8	5	15	7	11	11	11	3	7	12	9	4	13	9	10	5	10	7	12	9	18	18	12	3	6	11	
726_A/duck/Guangxi/S1026 10	7	8	11	7	7	5	6	6	8	1	0	5	4	0	14	1	5	8	0	4	6	2	0	4	9	5	2	2	1	12	2	13	13	16	9	7	5	8	5	15	7	11	11	11	3	6	12	9	4	14	9	10	5	10	7	11	9	18	18	12	3	6	12	
727_A/duck/Guangxi/S1104 10	7	8	11	7	7	5	6	7	8	1	0	4	4	0	14	1	5	8	0	4	6	2	0	4	9	5	2	2	1	12	2	13	13	15	9	7	5	9	5	15	7	11	11	11	3	6	12	9	4	15	9	10	5	9	7	11	9	18	18	12	3	6	12	
728_A/duck/Guangxi/S2119 10	7	8	11	7	7	5	6	6	8	1	0	5	4	0	14	1	5	8	0	4	6	2	0	4	9	5	2	2	1	12	2	12	13	16	9	7	5	9	5	15	7	11	11	11	3	6	12	9	4	14	9	11	5	9	7	11	9	18	18	12	3	6	12	
729_A/duck/Guangxi/S3111 6	0	0	11	4	6	13	8	2	16	0	0	4	6	1	12	3	4	6	1	3	4	4	0	8	16	9	2	7	1	3	1	7	9	20	7	14	5	16	5	21	16	12	8	11	1	10	11	1	4	11	4	7	1	8	6	7	16	16	11	6	3	8	17	
730_A/duck/Guangzhou/018 6	0	2	8	4	5	11	11	2	19	0	0	5	3	1	12	3	3	6	1	3	4	4	0	8	16	8	3	6	2	3	0	8	8	20	6	13	9	16	7	19	17	11	9	11	1	10	9	0	5	10	4	6	1	9	4	8	17	17	14	7	2	8	15	
731_A/duck/Guangzhou/021 6	0	2	8	4	5	11	11	2	19	0	0	5	3	1	12	3	3	6	1	3	4	4	0	8	16	8	3	6	2	3	0	8	8	20	6	13	8	17	7	19	17	11	9	11	1	10	9	1	5	9	4	6	1	9	4	8	17	17	14	7	2	8	15	
732_A/duck/Guizhou/7.27_ 6	0	1	9	4	5	12	10	2	18	0	0	4	4	1	12	3	3	6	1	3	5	4	0	8	15	9	2	7	2	3	1	7	8	20	6	15	8	16	6	18	18	12	9	12	1	10	9	1	6	9	6	6	0	9	4	7	15	15	14	6	3	10	14	
733_A/duck/Guizhou/8.26_ 6	0	1	8	4	5	12	11	2	18	0	0	4	4	1	12	3	3	6	1	3	5	4	0	8	15	10	2	7	2	2	1	7	9	21	7	15	6	16	6	19	17	13	8	11	1	9	10	0	6	9	4	6	1	9	5	8	15	17	14	6	3	8	14	
734_A/duck/Guizhou/8.26_ 6	0	1	8	4	5	12	11	2	18	0	0	4	4	1	12	3	3	6	1	3	5	4	0	8	15	10	2	7	2	2	1	7	9	21	7	15	6	16	6	19	17	13	8	11	1	9	10	0	6	9	4	6	1	9	5	8	15	17	14	6	3	8	14	
735_A/duck/Guizhou/S1321 10	9	8	8	8	7	8	11	2	12	0	0	8	2	1	16	2	5	5	0	0	6	2	1	1	9	7	0	6	3	8	1	13	13	27	16	13	5	10	9	14	8	8	10	9	3	9	4	9	9	7	8	4	2	12	6	10	5	9	9	7	3	13	20	
736_A/duck/Guizhou/S1711 11	10	10	9	7	6	5	10	3	13	0	0	7	1	1	16	3	5	4	2	0	5	4	0	0	7	9	0	7	4	5	1	11	15	24	15	13	8	12	9	17	7	7	11	9	2	10	4	9	9	9	9	3	2	11	7	10	4	9	10	6	2	13	18	
737_A/duck/Guizhou/S4702 6	0	0	10	4	6	13	9	2	16	0	0	4	6	1	12	3	4	6	1	3	4	4	0	8	15	9	2	7	2	3	1	6	9	19	7	13	6	17	5	21	16	12	8	11	1	10	11	2	4	11	4	7	1	8	6	7	16	16	12	6	3	8	16	
738_A/duck/Hainan/12.29_ 6	0	1	9	4	5	12	10	2	18	0	0	4	4	1	12	3	4	6	1	3	4	4	0	8	15	9	2	7	2	3	1	7	9	20	7	15	7	17	6	20	17	12	9	11	1	10	9	0	6	9	5	6	0	9	4	7	15	16	14	6	3	9	14	
739_A/duck/Hebei/3/2011| 6	9	12	11	9	5	2	11	3	15	1	0	5	1	0	13	4	5	9	1	3	5	0	1	4	9	9	1	2	2	6	1	13	15	25	7	11	3	9	14	16	13	10	14	9	2	6	8	8	7	13	7	7	2	10	9	7	8	9	14	10	1	8	10	
740_A/duck/Hebei/S1070/2 10	7	8	11	7	7	5	6	6	8	1	0	5	4	0	14	1	5	8	0	4	6	2	0	4	9	6	2	2	1	11	2	13	13	17	9	7	5	9	5	15	7	12	11	11	2	6	12	9	4	13	9	10	5	9	7	11	9	18	18	12	3	6	12	
741_A/duck/Henan/01.01_L 6	0	1	9	4	5	12	10	2	19	0	0	4	3	1	12	3	3	6	1	3	4	4	0	8	16	9	2	7	2	3	1	8	8	19	6	14	7	15	9	17	19	13	8	13	1	8	10	0	5	9	5	6	0	9	4	9	16	17	13	6	2	8	16	
742_A/duck/Henan/S1381/2 10	7	8	11	7	7	5	6	6	8	1	0	5	4	0	14	1	5	8	0	4	6	2	0	4	9	6	2	2	1	11	2	13	14	16	9	7	5	9	5	15	7	11	11	11	2	6	12	9	4	14	9	10	5	9	7	11	9	18	18	12	3	6	12	
743_A/duck/Hsinchu/15020 5	10	13	11	9	4	1	11	2	15	1	0	5	2	0	13	5	6	7	0	3	5	2	2	5	9	7	2	1	1	8	0	17	9	22	10	10	8	13	8	15	13	12	14	7	2	5	7	10	4	14	9	6	3	11	4	10	10	8	13	8	1	12	10	
744_A/duck/Hubei/03.06__ 4	9	12	10	10	7	2	12	3	12	1	0	5	2	0	13	5	5	6	1	3	5	3	0	3	7	9	3	2	4	6	0	15	14	22	9	10	5	14	11	15	10	12	15	9	1	6	5	11	8	17	8	6	0	7	7	12	8	8	14	6	2	11	8	
745_A/duck/Hubei/03.06__ 3	1	7	9	7	4	5	10	1	20	0	0	4	3	1	12	4	3	8	1	4	7	5	0	8	12	5	2	4	3	5	1	11	9	20	5	12	8	17	9	20	16	13	6	13	1	11	9	1	6	10	5	5	1	10	4	10	14	14	16	6	3	13	14	
746_A/duck/Hubei/03.06__ 3	1	7	9	7	4	5	9	1	19	0	0	4	3	1	12	4	3	8	1	4	7	5	0	8	11	4	2	4	3	5	1	11	9	18	5	11	8	17	9	19	14	13	6	12	1	10	9	1	6	10	5	5	1	10	4	10	13	14	15	6	3	13	14	
747_A/duck/Hubei/03.06__ 3	1	7	9	7	4	5	10	1	20	0	0	4	3	1	12	4	3	8	1	4	7	5	0	8	12	5	2	4	3	5	1	12	9	20	5	11	8	17	9	20	16	13	6	13	1	11	9	1	6	10	5	5	1	10	4	10	14	14	16	6	3	13	14	
748_A/duck/Hubei/03.06__ 3	1	7	9	7	4	5	9	1	19	0	0	4	3	1	12	4	3	8	1	4	7	5	0	8	11	4	2	4	3	5	1	10	9	18	5	12	8	17	9	19	14	13	6	12	1	10	9	1	6	10	5	5	1	10	4	10	13	14	15	6	3	13	14	
749_A/duck/Hubei/03.06__ 6	0	7	9	5	4	6	10	2	18	0	0	4	6	1	12	3	5	6	0	3	5	4	1	10	13	5	3	4	3	6	0	9	5	24	11	14	8	17	5	19	16	11	7	12	1	10	11	4	7	9	7	3	1	10	3	8	16	14	16	7	2	11	12	
750_A/duck/Hubei/03.06__ 11	8	9	8	7	6	2	10	5	13	0	0	8	2	1	14	2	5	5	0	1	2	6	0	1	12	6	1	2	3	6	0	14	14	21	15	8	3	9	9	17	7	12	7	11	4	6	9	6	11	9	8	3	3	11	6	7	5	10	15	9	0	10	15	
751_A/duck/HuBei/03.06__ 3	1	7	9	7	4	5	9	1	19	0	0	4	3	1	12	4	3	8	1	4	7	5	0	8	11	4	2	4	3	5	1	11	9	18	5	11	8	17	9	19	14	13	6	12	1	10	9	1	6	10	5	5	1	10	4	10	13	14	15	6	3	13	14	
752_A/duck/Hubei/03.06_W 3	1	7	9	7	4	5	10	1	20	0	0	4	3	1	12	4	3	8	1	4	7	5	0	8	12	5	2	4	3	5	1	12	9	20	5	11	8	17	9	20	16	13	6	13	1	11	9	1	6	10	5	5	1	10	4	10	14	14	16	6	3	13	14	
753_A/duck/Hubei/03.06_W 3	1	7	9	7	4	5	10	1	20	0	0	4	3	1	12	4	3	8	1	4	7	5	0	8	12	5	2	4	3	5	1	11	9	20	5	12	8	17	9	20	16	13	6	13	1	11	9	1	6	10	5	5	1	10	4	10	14	14	16	6	3	13	14	
754_A/duck/Hubei/46/2009 9	7	9	8	9	8	2	9	3	12	0	0	10	2	1	15	3	5	4	1	0	4	6	1	1	11	8	0	3	2	3	3	10	12	21	13	11	6	7	11	14	9	11	8	8	1	7	5	7	10	10	7	4	4	12	11	11	4	9	13	8	1	12	14	
755_A/duck/Hubei/2911/20 10	8	9	8	7	7	2	10	7	13	0	0	6	1	1	15	3	6	4	0	0	4	6	1	0	12	6	0	4	1	6	1	11	12	24	15	9	6	7	8	15	8	12	10	8	1	6	6	8	12	11	8	4	1	10	8	8	7	8	11	9	1	11	17	
756_A/duck/Hubei/S4465/2 9	10	6	11	8	7	10	8	4	11	0	0	5	2	1	16	3	4	6	0	0	6	1	1	5	10	7	1	3	3	8	0	15	11	26	15	12	8	8	8	15	5	10	11	10	3	9	3	8	9	8	10	3	4	12	8	9	5	10	11	7	3	11	17	
757_A/duck/Hubei/SE128/2 9	10	6	11	8	7	10	8	4	11	0	0	5	2	1	16	3	4	6	0	0	6	1	1	5	10	7	1	3	3	8	0	15	10	26	15	12	9	8	8	15	5	10	11	10	3	9	3	8	9	8	10	3	4	12	8	9	5	10	11	7	3	11	17	
758_A/duck/Hubei/SE220/2 12	9	8	8	6	7	8	11	2	12	0	0	8	2	1	16	2	5	5	0	0	6	2	1	1	9	7	0	6	3	8	1	13	13	27	15	12	6	10	10	14	8	8	10	9	4	9	4	9	9	7	8	4	2	12	7	10	5	9	8	7	2	13	20	
759_A/duck/Hubei/SZY250/ 5	10	11	14	10	6	2	8	4	14	1	0	4	1	0	13	5	3	10	0	2	6	0	2	2	9	9	1	3	3	6	1	11	14	22	12	10	8	11	9	14	10	9	18	9	2	8	5	8	6	12	6	5	3	13	7	12	8	12	11	10	1	8	11	
760_A/duck/Hubei/xn/2007 11	8	9	8	7	7	3	10	6	12	0	0	6	2	1	15	2	6	5	0	0	2	4	0	1	13	6	0	3	2	6	2	13	13	23	15	7	4	8	8	18	9	12	7	9	1	6	9	6	12	8	10	5	1	12	5	10	5	10	12	7	1	10	17	
761_A/duck/Hunan/1.12_YY 6	0	1	9	4	6	11	10	2	18	0	0	4	4	1	12	3	3	6	1	3	5	4	0	8	15	9	2	7	2	3	1	7	9	20	7	15	7	17	6	19	17	12	9	11	1	10	9	1	5	9	5	6	0	9	4	8	16	16	13	5	3	9	15	
762_A/duck/Hunan/1.12_YY 6	0	1	9	4	6	11	10	2	18	0	0	4	4	1	12	3	3	6	1	3	5	4	0	8	15	9	2	7	2	3	1	7	9	20	7	15	7	17	6	19	17	12	9	11	1	10	9	1	5	9	5	6	0	9	4	8	16	16	13	5	3	9	15	
763_A/duck/Hunan/1.12_YY 6	0	2	8	4	5	11	11	3	19	0	0	4	3	1	12	3	3	5	1	3	5	6	0	9	15	7	2	5	2	4	1	8	8	23	4	14	7	14	8	19	17	13	8	11	2	10	8	0	5	8	4	6	1	9	6	9	17	17	14	6	2	8	14	
764_A/duck/Hunan/01.12_Y 6	0	2	8	4	5	11	11	3	19	0	0	4	3	1	12	3	3	5	1	3	5	6	0	9	15	7	2	5	2	4	1	8	8	23	4	14	7	14	8	19	17	13	8	11	2	10	8	0	5	8	4	6	1	9	6	9	17	17	14	6	2	8	14	
765_A/duck/Hunan/01.16_Y 3	1	6	9	7	4	6	10	2	19	0	0	4	4	1	12	4	4	7	1	4	6	6	0	7	12	5	2	4	3	5	0	11	9	23	6	12	7	16	9	22	16	12	6	12	1	11	10	1	6	9	5	4	1	9	4	10	14	15	17	6	3	12	14	
766_A/duck/Hunan/01.16_Y 3	1	6	9	7	4	6	10	2	19	0	0	4	4	1	12	4	4	7	1	4	6	6	0	7	12	5	2	4	3	5	0	11	9	23	6	12	7	16	9	22	16	12	6	12	1	11	10	1	6	9	5	4	1	9	4	10	14	15	17	6	3	12	14	
767_A/duck/Hunan/01.16_Y 3	1	6	9	7	4	6	10	2	18	0	0	4	5	1	12	4	4	7	1	4	6	6	0	7	12	5	2	4	3	5	0	10	9	22	6	13	7	18	9	21	16	11	6	12	1	11	10	1	6	8	4	5	1	10	5	10	14	16	16	6	3	12	14	
768_A/duck/Hunan/01.16_Y 3	1	6	9	7	4	6	10	2	18	0	0	4	5	1	12	4	4	7	1	4	6	6	0	7	12	5	2	4	3	5	0	10	9	22	6	13	7	18	9	21	16	11	6	12	1	11	10	1	6	8	4	5	1	10	5	10	14	16	16	6	3	12	14	
769_A/duck/Hunan/01.16_Y 3	1	6	9	7	4	6	10	2	18	0	0	4	5	1	12	4	4	7	1	4	6	6	0	7	12	5	2	4	3	5	0	10	9	22	6	13	7	18	9	21	16	11	6	12	1	11	10	1	6	8	4	5	1	10	5	10	14	16	16	6	3	12	14	
770_A/duck/Hunan/01.16_Y 3	1	6	9	7	4	6	10	2	18	0	0	4	5	1	12	4	4	7	1	4	6	6	0	7	12	5	2	4	3	5	0	10	9	22	6	13	7	18	9	21	16	11	6	12	1	11	10	1	6	8	4	5	1	10	5	10	14	16	16	6	3	12	14	
771_A/duck/Hunan/01.16_Y 3	1	6	9	7	4	6	10	2	18	0	0	4	5	1	12	4	4	7	1	4	6	6	0	7	12	5	2	4	3	5	0	10	9	22	6	13	7	18	9	21	16	11	6	12	1	11	10	1	6	8	4	5	1	10	5	10	14	16	16	6	3	12	14	
772_A/duck/Hunan/01.16_Y 3	1	6	9	7	4	6	10	2	18	0	0	4	5	1	12	4	4	7	1	4	6	6	0	7	12	5	2	4	3	5	0	10	9	22	6	13	7	18	9	21	16	11	6	12	1	11	10	1	6	8	4	5	1	10	5	10	14	16	16	6	3	12	14	
773_A/duck/Hunan/01.16_Y 3	1	6	9	7	4	6	10	2	18	0	0	4	5	1	12	4	4	7	1	4	6	6	0	7	12	5	2	4	3	5	0	10	9	22	6	13	7	18	9	21	16	11	6	12	1	11	10	1	6	8	4	5	1	10	5	10	14	16	16	6	3	12	14	
774_A/duck/Hunan/01.16_Y 3	1	6	9	7	4	6	10	2	18	0	0	4	5	1	12	4	4	7	1	4	6	6	0	7	12	5	2	4	3	5	0	10	9	22	6	13	7	18	9	21	16	11	6	12	1	11	10	1	6	8	4	5	1	10	5	10	14	16	16	6	3	12	14	
775_A/duck/Hunan/01.16_Y 3	1	6	9	7	4	6	10	2	18	0	0	4	5	1	12	4	4	7	1	4	6	6	0	7	12	5	2	4	3	5	0	10	9	22	6	13	6	18	9	21	16	11	6	12	1	11	10	1	6	8	4	5	2	10	5	10	14	16	16	6	3	12	14	
776_A/duck/Hunan/1.17_YY 6	0	2	8	4	5	11	11	2	19	0	0	4	3	1	12	3	3	6	1	2	4	4	0	9	15	9	2	7	3	3	1	6	7	20	4	15	8	16	9	17	17	12	9	13	1	10	8	0	6	9	4	6	1	9	6	8	16	17	12	7	3	8	16	
777_A/duck/Hunan/01.21_Y 3	1	7	9	7	4	5	10	1	19	0	0	4	4	1	12	4	4	7	1	4	6	6	0	8	12	5	2	4	3	5	1	11	9	20	6	12	7	17	9	20	16	15	6	13	1	10	9	1	6	9	5	5	1	10	3	10	14	14	17	6	3	13	14	
778_A/duck/Hunan/01.21_Y 3	1	6	8	7	5	6	10	2	15	0	0	4	6	1	12	4	4	7	1	4	6	6	0	8	10	4	2	4	4	4	0	9	10	20	6	11	8	16	9	19	14	12	6	11	1	10	10	1	7	6	5	6	0	12	4	10	13	16	16	7	2	13	13	
779_A/duck/Hunan/01.21_Y 3	1	6	9	7	4	6	10	1	19	0	0	4	4	1	12	4	4	7	1	4	6	6	0	8	12	5	2	4	3	6	1	11	9	20	6	12	7	17	9	20	16	13	6	13	1	12	8	1	6	9	5	5	1	10	3	10	15	12	18	6	3	14	13	
780_A/duck/Hunan/01.21_Y 3	1	7	9	7	4	5	9	2	16	0	0	4	6	1	12	4	4	7	1	4	6	6	0	8	11	4	2	4	3	5	1	10	9	18	6	12	7	17	9	19	14	12	6	12	1	10	9	1	6	10	5	5	1	10	4	10	13	16	16	6	2	12	13	
781_A/duck/Hunan/01.21_Y 3	1	7	9	7	4	5	10	1	19	0	0	4	4	1	12	4	4	7	1	4	6	6	0	8	12	5	2	4	3	5	1	11	9	20	6	12	7	17	9	20	16	15	6	13	1	10	9	1	6	9	5	5	1	10	3	10	14	14	17	6	3	13	14	
782_A/duck/Hunan/2.06_YY 5	0	2	8	5	5	11	11	3	19	0	0	4	3	1	12	3	3	6	1	3	5	4	0	7	15	8	1	7	2	4	2	6	6	18	6	17	7	17	7	19	17	12	9	11	2	10	8	1	5	8	7	6	1	10	5	7	17	17	13	7	2	7	15	
783_A/duck/Hunan/2.06_YY 6	0	1	9	4	5	12	10	2	18	0	0	4	3	1	12	3	3	6	1	3	5	4	0	8	15	9	2	7	2	3	1	8	10	21	7	15	9	18	6	20	19	14	10	12	1	9	8	0	6	9	4	6	0	9	5	9	15	17	14	5	4	8	14	
784_A/duck/Hunan/2.06_YY 5	0	2	8	5	5	11	11	3	19	0	0	4	3	1	12	3	3	6	1	3	5	4	0	7	15	8	1	7	2	4	2	6	6	18	6	17	7	17	7	19	17	12	9	11	2	10	8	1	5	8	7	6	1	9	5	7	17	17	13	7	2	7	15	
785_A/duck/Hunan/2.06_YY 5	0	2	8	5	5	11	11	3	19	0	0	4	3	1	12	3	3	6	1	3	5	4	0	7	15	8	1	7	2	4	2	6	6	18	6	17	7	18	7	19	17	12	9	11	2	10	8	1	5	8	7	6	1	9	5	7	17	17	13	7	2	7	15	
786_A/duck/Hunan/02.07__ 3	1	7	9	7	4	5	10	2	17	0	0	4	6	1	12	4	4	7	1	4	6	6	0	8	12	5	2	4	3	5	1	11	9	20	6	12	7	17	9	20	16	12	6	13	1	11	9	1	6	10	5	5	1	10	4	10	14	16	17	6	2	12	13	
787_A/duck/Hunan/02.07__ 3	1	7	9	7	4	5	10	2	17	0	0	4	6	1	12	4	4	7	1	4	6	6	0	8	12	5	2	4	3	5	1	11	9	20	6	12	7	17	9	20	16	12	6	13	1	11	9	1	6	10	5	5	1	10	4	10	14	16	17	6	2	12	13	
788_A/duck/Hunan/02.07_Y 3	1	6	8	7	5	6	11	2	16	0	0	4	6	1	12	4	4	7	1	4	6	6	0	8	11	5	2	4	4	4	0	10	10	22	6	11	8	16	9	20	16	12	6	12	1	11	10	1	7	6	5	6	0	12	4	10	14	16	17	7	2	13	13	
789_A/duck/Hunan/02.07_Y 3	1	7	9	7	4	5	10	2	17	0	0	4	6	1	12	4	4	7	1	4	6	6	0	8	12	5	2	4	3	5	1	11	9	20	6	12	7	17	9	20	16	12	6	13	1	11	9	1	6	10	5	5	1	10	4	10	14	16	17	6	2	12	13	
790_A/duck/Hunan/02.07_Y 3	1	6	8	7	5	6	11	2	16	0	0	4	6	1	12	4	4	7	1	4	6	6	0	8	11	5	2	4	4	4	0	10	10	22	6	11	8	16	9	20	16	12	6	12	1	11	10	1	7	6	5	6	0	12	4	10	14	16	17	7	2	13	13	
791_A/duck/Hunan/02.16_Y 3	1	6	9	7	4	6	10	2	18	0	0	4	5	1	12	4	4	7	1	4	6	6	0	7	12	5	2	4	3	5	0	10	9	22	6	13	6	18	9	21	16	11	6	12	1	11	10	1	6	8	4	5	2	10	5	10	14	16	16	6	3	12	14	
792_A/duck/Hunan/02.26__ 3	1	6	9	7	4	6	10	2	18	0	0	4	5	1	12	4	4	7	1	4	6	6	0	7	12	5	2	4	3	5	0	10	9	22	6	13	7	18	9	21	16	11	6	12	1	11	10	1	6	8	4	5	1	10	5	10	14	16	16	6	3	12	14	
793_A/duck/Hunan/02.26__ 3	1	6	9	7	4	6	9	2	17	0	0	4	5	1	12	4	4	7	1	4	6	6	0	7	11	4	2	4	3	5	0	10	9	20	6	12	6	18	9	20	14	11	6	11	1	10	10	1	6	8	4	5	2	10	5	10	13	16	15	6	3	12	14	
794_A/duck/Hunan/02.26__ 3	1	6	9	7	4	6	9	2	17	0	0	4	5	1	12	4	4	7	1	4	6	6	0	7	11	4	2	4	3	5	0	10	9	20	6	12	7	18	9	20	14	11	6	11	1	10	10	1	6	8	4	5	1	10	5	10	13	16	15	6	3	12	14	
795_A/duck/Hunan/02.26__ 3	1	6	9	7	4	6	10	2	18	0	0	4	5	1	12	4	4	7	1	4	6	6	0	7	12	5	2	4	3	5	0	10	9	23	6	13	6	17	9	20	17	11	6	12	1	11	10	1	6	8	4	5	2	10	5	10	14	16	16	6	3	12	14	
796_A/duck/Hunan/02.26_Y 3	1	6	9	7	4	6	9	2	18	0	0	4	4	1	12	4	4	7	1	4	6	6	0	7	11	4	2	4	3	5	0	10	9	21	6	12	7	16	9	21	14	12	6	11	1	10	10	1	6	9	5	5	1	9	4	9	13	15	16	6	3	12	14	
797_A/duck/Hunan/02.26_Y 3	1	6	9	7	4	6	10	2	18	0	0	4	5	1	12	4	4	7	1	4	6	6	0	7	12	5	2	4	3	5	0	10	9	22	6	13	7	18	9	21	16	11	6	12	1	11	10	1	6	8	4	5	1	10	5	10	14	16	16	6	3	12	14	
798_A/duck/Hunan/02.26_Y 3	1	6	9	7	4	6	10	2	18	0	0	4	5	1	12	4	4	7	1	4	6	6	0	7	12	5	2	4	3	5	0	10	9	22	6	13	7	18	9	21	16	11	6	12	1	11	10	1	6	8	4	5	1	10	5	10	14	16	16	6	3	12	14	
799_A/duck/Hunan/02.26_Y 3	1	7	9	7	4	5	9	2	16	0	0	4	6	1	12	4	4	7	1	4	6	6	0	8	11	4	2	4	3	5	1	10	9	18	6	12	7	17	9	19	14	12	6	12	1	10	9	1	6	10	5	5	1	10	4	10	13	16	16	6	2	12	13	
800_A/duck/Hunan/02.26_Y 3	1	7	9	7	4	5	10	2	19	0	0	4	4	1	12	4	4	7	1	4	6	6	0	7	12	5	2	4	3	5	0	11	9	24	6	12	7	15	9	21	17	12	6	12	1	11	10	1	7	8	5	5	1	10	4	9	13	15	19	6	3	12	12	
801_A/duck/Hunan/02.26_Y 3	1	6	9	7	4	6	10	2	18	0	0	4	5	1	12	4	4	7	1	4	6	6	0	7	12	5	2	4	3	5	0	10	9	22	6	13	6	18	9	21	16	11	6	12	1	11	10	1	6	8	4	5	2	10	5	10	14	16	16	6	3	12	14	
802_A/duck/Hunan/02.26_Y 3	1	7	9	7	4	5	10	2	19	0	0	4	4	1	12	4	4	7	1	4	6	6	0	7	12	5	2	4	3	5	0	11	9	24	6	12	7	15	9	22	16	12	6	12	1	11	10	1	7	8	5	5	1	10	4	9	13	15	19	6	3	12	12	
803_A/duck/Hunan/02.26_Y 3	1	7	9	7	4	5	10	2	19	0	0	4	4	1	12	4	4	7	1	4	6	6	0	7	12	5	2	4	3	5	0	11	9	24	6	12	7	15	9	22	16	12	6	12	1	11	10	1	7	8	5	5	1	10	4	9	13	15	19	6	3	12	12	
804_A/duck/Hunan/02.26_Y 3	1	7	9	7	4	5	10	2	19	0	0	4	4	1	12	4	4	7	1	4	6	6	0	7	12	5	2	4	3	5	0	11	9	24	6	12	7	15	9	22	16	12	6	12	2	10	10	1	7	8	5	5	1	10	4	9	13	15	19	6	3	12	12	
805_A/duck/Hunan/02.26_Y 3	1	7	9	7	4	5	10	2	19	0	0	4	4	1	12	4	4	7	1	4	6	6	0	7	12	5	2	4	3	5	0	11	9	24	6	12	7	15	9	22	16	12	6	12	1	11	10	1	7	8	5	5	1	10	4	9	13	15	19	6	3	12	12	
806_A/duck/Hunan/02.26_Y 3	1	6	9	7	4	6	10	2	18	0	0	4	5	1	12	4	4	7	1	4	6	6	0	7	12	5	2	4	3	5	0	10	9	22	6	13	7	18	9	21	16	11	6	12	1	11	10	1	6	8	4	5	1	10	5	10	14	16	16	6	3	12	14	
807_A/duck/Hunan/02.26_Y 3	1	6	9	7	4	6	10	2	18	0	0	4	5	1	12	4	4	7	1	4	6	6	0	7	12	5	2	4	3	5	0	10	9	22	6	13	7	18	9	21	16	11	6	12	1	11	10	1	6	8	4	5	1	10	5	10	14	16	16	6	3	12	14	
808_A/duck/Hunan/03.07_Y 11	9	10	9	8	6	1	9	6	12	0	0	6	2	1	15	2	5	5	0	0	3	6	0	1	13	6	0	4	1	6	2	13	10	21	15	9	7	9	8	20	4	12	7	8	3	7	8	6	11	10	11	5	1	11	7	12	6	9	10	4	1	10	16	
809_A/duck/Hunan/03.07_Y 6	0	1	9	4	5	12	10	2	18	0	0	4	4	1	12	3	4	6	1	2	3	4	0	8	16	9	2	8	2	4	0	8	10	21	7	17	3	16	7	19	15	12	8	12	1	8	11	0	5	8	4	5	1	9	5	8	19	16	13	6	2	9	15	
810_A/duck/Hunan/03.07_Y 5	0	2	8	5	5	11	11	3	19	0	0	4	3	1	12	3	3	6	1	3	5	4	0	7	15	8	1	7	2	4	2	6	6	18	6	17	7	17	7	19	17	12	9	11	2	10	8	1	5	8	7	6	1	9	5	7	17	17	13	7	2	7	15	
811_A/duck/Hunan/03.07_Y 5	8	14	10	7	4	0	12	7	16	1	0	3	3	0	13	5	8	5	0	3	4	3	1	1	10	7	1	1	1	6	1	15	12	23	11	13	6	9	7	16	11	13	13	10	1	5	9	8	7	13	5	5	3	11	7	5	9	16	14	10	2	6	12	
812_A/duck/Hunan/03.09_Y 3	1	7	9	7	4	5	10	1	18	0	0	4	5	1	12	4	3	7	1	4	7	6	0	8	12	5	2	4	3	5	1	11	9	18	7	12	7	17	9	20	16	13	7	13	1	11	9	1	6	9	5	5	1	11	4	10	13	16	16	6	3	13	13	
813_A/duck/Hunan/03.09_Y 6	0	2	8	4	5	11	11	4	20	0	0	5	3	1	12	3	3	6	1	3	4	4	0	6	15	8	3	6	2	3	0	8	8	19	6	13	8	17	8	19	17	11	9	11	1	10	9	0	5	10	4	6	1	9	4	6	18	16	13	8	2	9	16	
814_A/duck/Hunan/03.09_Y 6	0	2	8	4	5	11	10	2	18	0	0	5	2	1	12	3	3	6	1	3	4	4	0	7	15	7	3	6	2	3	0	8	7	20	5	13	9	17	5	18	14	13	9	10	1	7	9	1	5	9	4	5	1	9	4	6	15	16	13	7	2	9	15	
815_A/duck/Hunan/03.24_Y 6	0	2	8	4	5	11	11	3	20	0	0	3	3	1	12	3	3	5	1	3	4	5	0	8	16	9	2	7	2	3	1	5	10	21	6	15	5	15	7	19	17	10	10	11	2	12	9	0	5	8	5	6	1	11	5	9	16	16	14	7	2	8	12	
816_A/duck/Hunan/03.24_Y 6	0	2	8	4	5	11	11	3	20	0	0	3	3	1	12	3	3	5	1	3	4	5	0	8	16	9	2	7	2	3	1	5	10	21	6	15	5	15	7	19	17	10	10	11	2	12	9	0	5	8	5	6	1	11	5	9	16	16	14	7	2	8	12	
817_A/duck/Hunan/03.24_Y 6	0	2	8	4	5	11	11	3	20	0	0	3	3	1	12	3	3	5	1	3	4	5	0	8	16	9	2	7	2	3	1	5	10	21	6	15	5	15	7	19	17	10	10	11	2	12	9	0	5	8	5	6	1	11	5	9	16	16	14	7	2	8	12	
818_A/duck/Hunan/03.24_Y 6	0	2	8	4	5	11	11	3	20	0	0	3	3	1	12	3	3	5	1	3	4	5	0	8	16	9	2	7	2	3	1	5	10	21	6	15	5	15	7	19	17	10	10	11	2	12	9	0	5	8	5	6	1	11	5	9	16	16	14	7	2	8	12	
819_A/duck/Hunan/04.14_Y 3	1	7	9	7	4	5	9	1	18	0	0	4	4	1	12	4	4	7	1	3	6	6	0	8	11	5	2	4	3	4	1	10	9	17	6	13	7	18	9	18	15	13	6	12	1	10	9	1	6	11	5	5	1	9	4	10	13	13	16	6	3	14	13	
820_A/duck/Hunan/04.14_Y 3	2	7	9	7	4	5	9	2	15	0	0	4	6	1	12	4	4	7	1	4	6	6	0	8	11	4	2	4	3	5	1	10	9	18	6	12	7	17	9	19	14	13	6	12	1	9	9	1	6	10	5	5	1	10	4	10	12	16	16	6	3	12	13	
821_A/duck/Hunan/04.14_Y 3	2	7	9	7	4	5	10	1	19	0	0	5	4	1	12	4	3	8	1	4	7	5	0	8	12	5	2	4	3	5	1	11	9	20	6	12	8	16	9	20	16	13	6	11	2	11	9	1	5	10	5	5	1	10	4	10	14	13	16	6	3	14	14	
822_A/duck/Hunan/04.14_Y 3	2	7	9	7	4	5	9	1	18	0	0	4	4	1	12	4	3	8	1	4	7	5	0	8	11	4	2	4	3	5	1	10	9	17	6	12	8	17	9	19	14	13	6	11	2	10	9	1	5	10	5	5	1	10	4	10	13	14	15	6	3	13	14	
823_A/duck/Hunan/04.14_Y 3	1	7	10	7	4	5	9	1	19	0	0	4	4	1	12	4	4	7	1	3	6	6	0	8	12	6	2	4	3	4	1	11	9	19	6	13	7	18	9	19	17	13	6	13	1	11	9	1	6	11	5	5	1	9	4	10	15	13	17	6	2	14	13	
824_A/duck/Hunan/04.14_Y 3	1	7	9	7	4	5	9	1	18	0	0	4	4	1	12	4	4	7	1	3	6	6	0	8	11	5	2	4	3	4	1	10	9	17	6	13	7	18	9	18	15	13	6	12	1	10	9	1	6	11	5	5	1	9	4	10	13	13	16	6	3	14	13	
825_A/duck/Hunan/04.14_Y 3	1	7	9	7	4	5	9	1	18	0	0	4	4	1	12	4	4	7	1	3	6	6	0	8	11	5	2	4	3	4	1	10	9	17	6	13	7	18	9	18	15	13	6	12	1	10	9	1	6	11	5	5	1	9	4	10	13	13	16	6	3	14	13	
826_A/duck/Hunan/04.14_Y 3	2	7	9	7	4	5	9	1	18	0	0	4	4	1	12	4	3	8	1	4	7	5	0	8	11	4	2	4	3	5	1	10	9	18	6	12	8	16	9	19	14	13	6	11	2	10	9	1	5	10	5	5	1	10	4	10	13	14	15	6	3	13	14	
827_A/duck/Hunan/04.14_Y 3	2	7	9	7	4	5	9	1	18	0	0	4	4	1	12	4	3	8	1	4	7	5	0	8	11	4	2	4	3	5	1	10	9	18	6	12	8	16	9	19	14	13	6	11	2	10	9	1	5	10	5	5	1	10	4	10	13	14	15	6	3	13	14	
828_A/duck/Hunan/04.22_L 6	0	2	7	4	5	11	12	5	19	0	0	3	3	1	12	3	3	6	1	3	4	4	0	7	16	8	3	6	2	3	0	8	6	19	7	13	9	18	6	19	18	10	10	10	3	10	8	0	5	9	4	6	1	10	4	5	18	17	12	9	2	8	17	
829_A/duck/Hunan/7.21_YY 6	0	2	8	4	5	11	11	3	19	0	0	4	3	1	12	3	3	5	1	3	4	5	0	7	16	9	2	7	2	3	1	7	9	20	6	15	6	16	7	17	17	10	10	11	1	12	8	0	5	9	5	6	1	8	6	10	17	17	13	7	2	8	14	
830_A/duck/Hunan/11.30_Y 6	0	1	9	4	5	12	10	1	19	0	0	6	3	1	12	3	3	6	0	3	4	4	1	8	17	9	2	6	1	3	1	8	10	20	6	14	6	17	7	18	16	13	10	12	1	10	7	0	5	9	6	6	0	8	4	9	17	17	12	6	2	8	16	
831_A/duck/Hunan/11.30_Y 6	0	2	8	4	5	11	11	3	19	0	0	3	3	1	12	3	3	6	1	3	5	5	0	8	15	7	2	7	2	4	1	8	7	21	6	15	6	14	7	18	17	13	8	11	2	10	9	0	6	9	4	6	1	9	6	9	17	18	14	7	2	7	13	
832_A/duck/Hunan/11.30_Y 6	0	2	8	4	5	11	11	3	19	0	0	3	3	1	12	3	3	6	1	3	5	5	0	8	15	7	2	7	2	4	1	8	7	21	6	15	6	14	7	18	17	13	8	11	2	10	9	0	6	9	4	6	1	9	6	9	17	18	14	7	2	7	13	
833_A/duck/Hunan/11.30_Y 10	8	9	12	7	6	5	5	7	9	1	0	4	2	0	14	1	6	7	0	4	5	2	0	3	9	7	3	3	1	9	1	13	15	17	9	5	4	7	5	15	8	11	10	9	3	7	13	11	5	18	8	10	5	7	8	13	9	18	17	13	1	5	12	
834_A/duck/Hunan/11.30_Y 6	0	2	8	4	5	11	11	2	20	0	0	4	2	1	12	4	3	5	2	3	4	4	0	8	16	8	2	6	2	3	1	9	10	19	6	13	5	16	8	19	17	13	10	11	1	10	7	0	6	9	5	6	1	9	5	9	16	16	14	6	2	8	15	
835_A/duck/Hunan/12.07__ 10	9	10	6	8	7	1	11	5	11	0	0	7	2	1	15	2	5	6	0	0	3	5	0	1	12	6	0	4	1	5	2	14	11	19	14	5	5	9	9	18	7	13	7	6	2	6	8	5	13	9	9	4	1	11	8	12	5	11	10	5	1	8	16	
836_A/duck/Hunan/12.07__ 10	9	10	6	8	7	1	11	5	11	0	0	6	2	1	15	2	5	5	0	0	3	6	0	1	12	5	0	4	1	6	2	13	10	19	16	5	5	9	6	17	7	12	6	5	2	6	9	5	12	11	9	5	1	9	8	11	5	10	10	5	1	10	15	
837_A/duck/Hunan/12.07__ 6	0	3	8	4	5	10	11	2	19	0	0	5	3	1	12	3	3	6	1	3	4	4	0	8	16	8	3	6	2	3	0	9	8	20	5	13	8	17	7	20	16	11	9	11	1	10	9	0	5	10	4	6	1	9	4	8	17	17	14	8	1	8	15	
838_A/duck/Hunan/12.07__ 6	0	2	8	4	5	11	11	2	19	0	0	5	3	1	12	3	3	6	1	3	4	4	0	8	16	8	3	6	2	3	0	9	8	20	5	12	9	17	7	19	17	11	9	11	1	10	9	0	5	10	4	6	1	9	4	7	17	17	14	8	2	8	15	
839_A/duck/Hunan/12.07__ 3	1	7	9	7	4	5	9	2	17	0	0	4	5	1	12	4	4	7	1	4	6	6	0	7	11	4	2	4	3	5	0	10	9	19	7	12	7	15	10	21	14	13	6	11	1	10	10	1	6	8	5	5	1	11	4	9	13	15	15	6	3	12	14	
840_A/duck/Hunan/12.07_Y 6	0	2	8	4	5	11	11	2	19	0	0	5	3	1	12	3	3	6	1	3	4	4	0	8	16	8	3	6	2	3	0	9	8	20	5	13	8	17	7	20	16	11	9	11	1	10	9	0	5	10	4	6	1	9	4	8	16	17	14	8	2	8	15	
841_A/duck/Hunan/12.07_Y 10	9	10	7	8	7	1	11	5	12	0	0	7	2	1	15	2	5	5	0	0	3	6	0	1	13	5	0	4	1	7	2	16	10	21	16	6	6	9	7	18	7	12	6	7	2	7	9	5	12	11	9	5	1	9	8	14	5	10	12	5	1	10	15	
842_A/duck/Hunan/12.07_Y 3	1	6	9	7	4	6	10	2	18	0	0	4	5	1	12	4	4	7	1	4	6	6	0	7	12	5	2	4	3	5	0	11	9	22	6	12	7	17	9	21	15	13	6	12	1	11	10	1	6	8	5	5	1	10	4	10	14	16	16	6	3	12	14	
843_A/duck/Hunan/12.07_Y 3	1	7	9	7	4	5	10	2	18	0	0	4	5	1	12	4	4	7	1	4	6	6	0	7	12	5	2	4	3	5	0	11	9	22	6	12	7	16	9	22	16	12	6	12	1	11	10	1	6	8	5	5	1	11	4	8	14	16	16	7	3	11	15	
844_A/duck/Hunan/12.07_Y 8	9	10	7	10	7	1	11	4	12	0	0	8	2	1	15	2	5	5	0	0	3	6	0	1	13	5	1	4	1	6	2	15	13	21	15	6	5	8	8	18	8	13	6	7	2	7	9	6	11	10	9	5	1	10	8	13	5	12	10	4	1	8	17	
845_A/duck/Hunan/12.07_Y 6	0	2	8	4	5	11	11	2	19	0	0	5	3	1	12	3	3	6	1	3	4	4	0	8	16	8	3	6	2	3	0	8	8	20	6	13	8	17	7	19	17	11	9	11	1	10	9	0	5	10	4	6	1	9	4	6	18	17	14	8	2	8	15	
846_A/duck/Hunan/12.07_Y 6	0	2	8	4	5	11	11	2	19	0	0	5	3	1	12	3	3	7	1	3	4	3	0	8	16	8	3	6	2	3	0	9	8	20	5	12	9	17	7	19	17	11	9	11	1	10	9	0	5	10	4	6	1	9	4	8	16	17	14	8	2	8	15	
847_A/duck/Hunan/12.17__ 6	0	2	8	4	5	11	11	4	19	0	0	5	3	1	12	3	3	6	1	3	4	4	0	6	16	8	3	6	2	3	0	8	8	19	6	13	8	18	7	20	17	11	9	10	1	10	9	0	5	10	4	6	1	9	4	4	18	17	13	10	2	8	16	
848_A/duck/Hunan/12.17__ 6	0	2	8	4	5	11	11	4	19	0	0	5	3	1	12	3	3	6	1	3	4	4	0	6	16	8	3	6	2	3	0	8	8	19	6	13	8	18	7	20	17	11	9	10	1	10	9	0	5	10	4	6	1	9	4	4	18	17	13	10	2	8	16	
849_A/duck/Hunan/12.17__ 3	1	7	10	7	4	5	9	1	18	0	0	4	5	1	12	4	5	6	1	4	5	7	0	8	12	5	2	4	3	5	1	11	9	18	6	12	7	18	9	19	16	13	7	13	1	11	9	1	6	9	6	5	1	10	4	11	14	15	16	6	3	13	13	
850_A/duck/Hunan/12.17_Y 3	2	7	10	7	4	5	9	3	16	0	0	4	6	1	12	4	4	7	1	4	6	6	0	7	12	5	2	5	3	5	1	11	9	20	5	12	7	17	10	20	16	13	6	12	1	10	9	1	6	10	5	5	1	10	4	9	13	16	17	7	3	12	13	
851_A/duck/Hunan/12.17_Y 3	2	7	10	7	4	5	9	3	16	0	0	4	6	1	12	4	4	7	1	4	6	6	0	7	12	5	2	4	3	5	1	11	9	20	6	12	7	17	9	20	16	13	6	13	1	10	9	1	6	10	5	5	1	10	4	10	13	16	17	6	3	12	13	
852_A/duck/Hunan/12.17_Y 6	0	2	8	4	5	11	10	2	18	0	0	5	2	1	12	3	3	6	1	3	4	4	0	7	15	7	3	6	2	3	0	8	7	20	5	13	9	17	5	17	15	11	9	10	1	8	10	1	5	9	4	5	1	9	4	6	15	16	13	7	2	9	15	
853_A/duck/Hunan/12.17_Y 3	1	7	9	7	4	5	10	2	17	0	0	4	6	1	12	4	4	7	1	4	6	6	0	8	12	5	2	4	3	5	1	11	9	20	6	12	7	17	9	20	16	12	6	13	1	11	9	1	6	10	5	5	1	10	4	10	14	16	17	6	2	12	13	
854_A/duck/Hunan/12.17_Y 3	2	7	10	7	4	5	9	3	16	0	0	4	6	1	12	4	4	7	1	4	6	6	0	7	12	5	2	4	3	5	1	11	9	20	6	12	7	17	9	20	16	13	6	13	1	10	9	1	6	10	5	5	1	10	4	10	13	16	17	6	3	12	13	
855_A/duck/Hunan/12.17_Y 6	0	2	8	4	5	11	11	4	19	0	0	5	3	1	12	3	3	6	1	3	4	4	0	6	16	8	3	6	2	3	0	8	8	19	6	13	8	18	7	20	17	11	9	10	1	10	9	0	5	10	4	6	1	9	4	4	18	17	13	10	2	8	16	
856_A/duck/Hunan/12.17_Y 3	2	7	10	7	4	5	9	2	16	0	0	4	6	1	12	4	4	7	1	4	6	6	0	8	12	5	2	4	3	5	1	11	9	20	6	12	7	17	9	20	16	13	6	13	1	10	9	1	6	10	5	5	1	10	4	10	13	16	17	6	3	12	13	
857_A/duck/Hunan/12.17_Y 6	0	2	8	4	5	11	10	2	18	0	0	5	2	1	12	3	3	6	1	3	4	4	0	7	15	7	3	6	2	3	0	8	7	20	5	13	9	17	5	18	14	11	9	10	1	8	10	1	5	9	4	5	1	9	4	6	15	17	12	7	2	9	15	
858_A/duck/Hunan/12.27_Y 6	0	2	8	4	5	11	11	2	19	0	0	4	3	1	12	4	3	5	2	3	4	4	0	8	16	8	2	6	2	3	1	7	10	20	6	15	5	15	8	20	16	12	9	11	1	11	8	0	6	9	5	6	1	9	4	8	16	16	15	7	2	8	15	
859_A/duck/Hunan/12.27_Y 6	0	2	8	4	5	11	11	2	19	0	0	4	3	1	12	3	3	6	1	2	4	4	0	9	15	9	2	7	3	3	1	6	7	20	4	16	7	16	9	17	17	12	9	13	1	10	8	0	6	9	5	6	1	9	5	8	16	17	12	7	3	8	16	
860_A/duck/Hunan/12.27_Y 6	0	2	8	4	5	11	11	2	19	0	0	4	3	1	12	4	3	5	2	3	4	4	0	8	16	8	2	6	2	3	1	7	10	20	6	15	5	15	8	20	16	13	10	11	1	10	7	0	6	9	5	6	1	9	4	8	16	16	15	7	2	8	15	
861_A/duck/Hunan/12.27_Y 6	0	2	8	4	5	11	11	2	19	0	0	4	3	1	12	3	3	6	1	2	4	4	0	9	15	9	2	7	3	3	1	6	7	20	4	16	7	16	9	17	17	12	9	13	1	10	8	0	6	9	5	6	1	9	5	8	16	17	12	7	3	8	16	
862_A/duck/Hunan/12.27_Y 6	0	2	8	4	5	11	11	2	19	0	0	4	3	1	12	4	3	5	2	3	4	4	0	8	16	8	2	6	2	3	1	7	10	20	6	15	5	15	8	20	16	12	9	11	1	11	8	0	6	9	5	6	1	9	4	8	16	16	15	7	2	8	15	
863_A/duck/Hunan/12.27_Y 6	0	2	8	4	5	11	11	2	19	0	0	4	3	1	12	3	3	6	1	2	4	4	0	9	15	9	2	7	3	3	1	6	7	20	4	16	7	16	9	17	17	12	9	13	1	10	8	0	6	9	5	6	1	9	5	8	16	17	12	7	3	8	16	
864_A/duck/Hunan/12.27_Y 6	0	2	8	4	5	11	11	2	19	0	0	4	3	1	12	3	3	6	1	2	4	4	0	9	15	9	2	7	3	3	1	6	7	20	4	16	7	16	9	17	17	12	9	13	1	10	8	0	6	10	5	6	1	8	5	8	16	17	12	7	3	8	16	
865_A/duck/Hunan/12.27_Y 6	0	2	8	4	5	11	11	2	19	0	0	4	3	1	12	3	3	6	1	2	4	4	0	9	15	9	2	7	3	3	1	6	7	20	4	16	7	16	9	17	17	12	9	13	1	10	8	0	6	9	5	6	1	9	5	8	16	17	12	7	3	8	16	
866_A/duck/Hunan/12.27_Y 6	0	2	8	4	5	11	11	2	19	0	0	4	3	1	12	3	3	6	1	2	4	4	0	9	15	9	2	7	3	3	1	6	7	20	4	16	7	16	9	17	17	12	9	13	1	10	8	0	6	9	5	6	1	9	5	8	16	17	12	7	3	8	16	
867_A/duck/Hunan/12.27_Y 6	0	2	8	4	5	11	11	2	19	0	0	4	3	1	12	3	3	6	1	2	4	4	0	9	15	9	2	7	3	3	1	6	7	20	4	16	7	16	9	17	17	12	9	13	1	10	8	0	6	10	5	6	1	8	5	8	16	17	12	7	3	8	16	
868_A/duck/Hunan/12.27_Y 6	0	2	8	4	5	11	11	2	19	0	0	4	3	1	12	3	3	6	1	2	4	4	0	9	15	9	2	7	3	3	1	6	7	20	5	16	7	16	8	17	17	12	9	13	1	10	8	0	6	9	5	6	1	9	5	8	16	17	12	7	3	8	16	
869_A/duck/Hunan/12.27_Y 6	0	2	8	4	5	11	11	2	19	0	0	4	3	1	12	3	3	6	1	2	4	4	0	9	15	9	2	7	3	3	1	6	7	20	4	16	7	16	9	17	17	12	9	13	1	10	8	0	6	9	5	6	1	9	5	8	16	17	12	7	3	8	16	
870_A/duck/Hunan/193/201 6	0	2	8	4	5	11	11	2	19	0	0	4	3	1	12	3	3	6	1	3	4	4	0	8	15	9	3	6	2	3	0	8	9	20	6	11	7	17	7	19	16	11	9	11	1	10	9	1	5	8	4	8	1	10	4	7	18	17	14	9	2	8	15	
871_A/duck/Hunan/233/201 6	0	2	8	4	5	11	11	2	20	0	0	5	2	1	12	3	3	6	1	3	4	4	0	8	16	8	3	6	2	3	0	9	8	21	5	13	8	16	7	19	16	11	9	11	1	9	10	1	5	10	4	5	1	9	4	8	17	16	14	8	2	9	15	
872_A/duck/Hunan/316/200 12	8	9	8	6	7	2	10	7	13	1	0	7	1	0	15	2	6	4	0	0	4	6	1	0	12	7	0	3	1	5	1	11	12	24	15	9	5	8	8	15	11	12	10	8	0	6	6	8	12	10	8	4	1	10	8	9	5	9	12	9	1	10	16	
873_A/duck/Hunan/689/200 11	7	9	8	7	8	2	10	7	13	1	0	7	1	0	15	2	6	4	0	0	4	6	1	0	11	7	0	3	2	5	1	10	14	24	15	9	5	7	8	15	7	12	10	8	2	6	6	8	12	10	7	4	1	11	9	8	7	8	12	9	1	11	16	
874_A/duck/Hunan/3315/20 10	8	8	9	8	7	3	9	7	13	1	0	8	1	0	15	2	7	4	0	0	3	6	1	0	12	7	0	3	2	5	2	12	11	24	14	9	5	5	11	12	9	12	11	9	1	6	4	8	11	11	7	5	2	10	9	9	5	11	10	10	0	9	17	
875_A/duck/Hunan/HN05/20 6	0	2	8	4	5	11	11	2	19	0	0	4	3	1	12	3	3	6	1	3	4	4	0	8	16	8	3	6	2	3	0	7	9	20	6	12	7	17	7	19	16	11	9	11	1	10	9	2	5	9	4	7	1	9	4	7	18	17	14	9	2	8	15	
876_A/duck/Hunan/HN13/20 6	0	2	8	4	5	11	11	2	19	0	0	4	3	1	12	3	3	6	1	3	4	4	0	8	15	9	3	6	2	3	0	7	9	18	7	11	7	18	7	19	16	11	9	11	1	10	9	2	5	8	4	8	1	10	4	7	18	16	14	9	2	9	15	
877_A/duck/Hunan/HN16/20 6	0	2	8	4	5	11	11	2	19	0	0	5	3	1	12	3	3	5	1	3	4	5	0	8	16	8	3	6	2	3	0	9	7	23	5	13	9	16	6	19	16	11	9	11	1	9	10	1	5	9	4	5	1	9	4	8	17	15	15	8	2	8	16	
878_A/duck/Hunan/HN29/20 6	0	2	8	4	5	11	11	2	19	0	0	4	3	1	12	3	3	6	1	3	4	4	0	8	15	9	3	6	2	3	0	7	9	18	7	11	7	18	7	19	16	11	9	11	1	10	9	2	5	8	4	8	1	10	4	7	18	16	14	9	2	9	15	
879_A/duck/Hunan/HN42/20 6	0	2	8	4	5	11	11	2	19	0	0	6	3	1	12	3	3	6	1	4	4	4	0	7	16	8	3	5	2	3	0	9	8	21	6	13	8	17	6	19	17	11	9	11	1	10	9	1	5	9	4	5	1	9	4	8	16	16	14	8	2	9	15	
880_A/duck/Hunan/HN45/20 6	0	2	8	4	5	11	11	2	19	0	0	4	3	1	12	3	3	6	1	3	4	4	0	8	15	9	3	6	2	3	0	7	9	19	7	11	7	17	7	19	16	11	9	11	1	10	9	2	5	8	4	8	1	10	4	7	18	17	14	9	2	8	15	
881_A/duck/Hunan/HN53/20 6	0	2	8	4	5	11	11	2	19	0	0	4	3	1	12	3	3	6	1	3	4	4	0	8	15	10	2	6	2	3	0	7	9	18	7	11	7	18	7	19	16	11	9	11	1	10	9	2	5	8	4	8	1	10	4	7	18	16	14	9	2	9	15	
882_A/duck/Hunan/HN54/20 6	0	2	8	4	5	11	11	2	19	0	0	4	3	1	12	3	3	6	1	3	4	4	0	8	15	9	3	6	2	3	0	7	9	19	7	11	7	17	7	19	16	11	9	11	1	10	9	2	5	8	4	8	1	10	4	7	18	17	14	9	2	8	15	
883_A/duck/Hunan/HN59/20 6	0	2	8	4	5	11	11	2	19	0	0	4	3	1	12	3	3	6	1	3	4	4	0	8	15	9	3	6	2	3	0	7	9	19	7	11	7	17	7	19	16	11	9	11	1	10	9	2	5	8	4	8	1	10	4	7	18	16	14	9	2	9	15	
884_A/duck/Hunan/HN60/20 6	0	2	8	4	5	11	11	2	19	0	0	4	3	1	12	3	3	6	1	3	4	4	0	8	15	10	2	6	2	3	0	8	9	19	7	11	7	17	7	19	16	11	9	11	1	10	9	1	5	8	4	8	1	10	4	7	18	16	14	9	2	9	15	
885_A/duck/Hunan/HN61/20 6	0	2	8	4	5	11	11	2	19	0	0	4	3	1	12	3	3	6	1	3	4	4	0	8	15	9	3	6	2	3	0	7	9	19	7	11	7	17	7	19	16	11	9	11	1	10	9	2	5	8	4	8	1	10	4	7	18	16	14	9	2	9	15	
886_A/duck/Hunan/HN64/20 6	0	2	8	4	5	11	11	2	19	0	0	4	3	1	12	3	3	6	1	3	4	4	0	8	15	9	3	6	2	3	0	7	9	19	7	11	7	17	7	19	16	11	9	11	1	10	9	2	5	8	4	8	1	10	4	7	18	17	14	9	2	8	15	
887_A/duck/Hunan/HN66/20 6	0	2	8	4	5	11	11	2	19	0	0	4	3	1	12	3	3	6	1	3	4	4	0	8	15	9	3	6	2	3	0	7	9	19	7	11	7	17	7	19	16	11	9	11	1	10	9	2	5	8	4	8	1	10	4	7	18	17	14	9	2	8	15	
888_A/duck/Hunan/HN67/20 6	0	2	8	4	5	11	11	2	19	0	0	6	3	1	12	3	3	6	1	4	4	4	0	7	16	8	3	5	2	3	0	9	8	21	6	13	8	17	6	19	17	11	9	11	1	10	9	1	5	9	4	5	1	9	4	8	16	16	14	8	2	9	15	
889_A/duck/Hunan/HN71/20 6	0	2	8	4	5	11	11	2	19	0	0	6	3	1	12	3	3	6	1	4	4	4	0	7	16	8	3	5	2	3	0	9	8	21	6	13	8	17	6	19	17	11	9	11	1	10	9	1	5	9	4	5	1	9	4	8	16	16	14	8	2	9	15	
890_A/duck/Hunan/HN72/20 6	0	2	8	4	5	11	11	2	19	0	0	5	3	1	12	3	3	5	1	3	4	5	0	8	16	8	3	6	2	3	0	9	7	23	5	13	9	16	6	19	17	11	9	11	1	9	10	1	5	9	4	5	1	9	4	8	16	15	15	8	2	8	16	
891_A/duck/Hunan/HN74/20 6	0	2	8	4	5	11	11	2	19	0	0	6	3	1	12	3	3	6	1	4	4	4	0	7	16	8	3	5	2	3	0	9	8	20	6	13	8	17	6	19	17	11	9	11	1	10	9	1	5	9	4	5	1	10	4	8	16	16	14	8	2	9	15	
892_A/duck/Hunan/HN76/20 6	0	2	8	4	5	11	11	2	19	0	0	5	3	1	12	3	3	5	1	3	4	5	0	8	16	8	3	6	2	3	0	9	7	23	5	13	9	16	6	19	17	11	9	11	1	9	10	1	5	9	4	5	1	9	4	8	16	15	15	8	2	8	16	
893_A/duck/Hunan/HN78/20 6	0	2	8	4	5	11	11	2	19	0	0	4	3	1	12	3	3	6	1	3	4	4	0	8	15	9	3	6	2	3	0	7	9	18	7	11	7	17	8	19	16	11	9	11	1	10	9	2	5	8	4	8	1	10	4	7	18	16	14	9	2	9	15	
894_A/duck/Hunan/HN80/20 6	0	2	8	4	5	11	11	2	19	0	0	6	3	1	12	3	3	6	1	4	4	4	0	7	16	8	3	5	2	3	0	9	8	21	6	13	8	17	6	19	17	11	9	11	1	10	9	1	5	9	4	5	1	9	4	8	16	16	14	8	2	9	15	
895_A/duck/Hunan/HN162/2 6	0	2	7	4	5	11	12	6	17	0	0	4	4	1	12	3	3	6	1	3	4	4	0	6	16	9	2	6	2	3	0	7	6	19	6	13	8	19	7	19	19	11	10	11	2	10	8	0	5	8	4	6	1	10	4	6	17	17	13	8	3	8	16	
896_A/duck/Hunan/HN163/2 6	0	2	7	4	5	11	12	5	17	0	0	4	4	1	12	3	3	6	1	3	4	4	0	7	16	9	2	6	2	3	0	7	6	19	6	13	8	19	7	19	19	11	10	11	2	10	8	0	5	8	4	6	1	10	4	5	17	17	13	9	3	8	16	
897_A/duck/Hunan/HN167/2 6	0	2	8	4	5	11	11	2	20	0	0	5	2	1	12	3	3	6	1	3	4	4	0	8	16	8	3	6	2	3	0	9	8	21	6	13	8	16	6	19	16	11	9	11	1	9	10	1	5	10	4	5	1	9	4	8	17	16	14	8	2	9	15	
898_A/duck/Hunan/HN171/2 6	0	2	7	4	5	11	12	5	17	0	0	4	4	1	12	3	3	6	1	3	4	4	0	7	16	9	2	6	2	3	0	8	6	19	6	12	8	19	7	19	19	11	10	11	2	10	8	0	5	8	4	6	1	10	4	6	18	17	13	8	2	8	16	
899_A/duck/Hunan/HN172/2 6	0	2	7	4	5	11	12	5	17	0	0	4	4	1	12	3	3	6	1	3	4	4	0	7	16	9	2	6	2	3	0	8	6	19	6	12	8	19	7	19	19	11	10	11	2	10	8	0	5	8	4	6	1	10	4	5	18	17	13	9	2	8	16	
900_A/duck/Hunan/HN174/2 6	0	2	7	4	5	11	12	5	17	0	0	4	4	1	12	3	3	6	1	3	4	4	0	7	16	9	2	6	2	3	0	8	6	20	6	12	8	18	7	19	19	11	10	11	2	10	8	0	5	8	4	6	1	10	4	5	18	17	13	9	2	8	16	
901_A/duck/Hunan/HN176/2 6	0	2	7	4	5	11	12	5	17	0	0	4	4	1	12	3	3	6	1	3	4	4	0	7	16	9	2	6	2	3	0	8	6	20	6	12	8	18	7	19	19	11	10	11	2	10	8	0	5	9	4	6	1	9	4	5	18	17	13	9	2	8	16	
902_A/duck/Hunan/HN177/2 6	0	2	7	4	5	11	12	5	17	0	0	4	4	1	12	3	3	6	1	3	4	4	0	7	16	9	2	6	2	3	0	7	6	19	6	13	8	19	7	19	19	11	10	12	2	10	8	0	5	8	4	6	1	10	4	5	18	17	13	8	2	8	16	
903_A/duck/Hunan/HN178/2 6	0	2	7	4	5	11	12	5	17	0	0	4	4	1	12	3	3	6	1	3	4	4	0	7	16	9	2	6	2	3	0	7	6	20	6	13	8	18	7	19	19	11	10	11	2	10	8	0	5	8	4	6	1	10	4	5	18	17	13	9	2	8	16	
904_A/duck/Hunan/HN182/2 6	0	2	7	4	5	11	12	5	17	0	0	4	4	1	12	3	3	6	1	3	4	4	0	7	16	9	2	6	2	3	0	7	6	20	6	13	8	18	7	19	19	11	10	11	2	10	8	0	5	8	4	6	1	10	4	5	18	17	13	9	2	8	16	
905_A/duck/Hunan/HN183/2 6	0	2	7	4	5	11	12	5	17	0	0	4	4	1	12	3	3	6	1	3	4	4	0	7	16	9	2	6	2	3	0	7	6	20	6	13	8	18	7	19	19	11	10	11	2	10	8	0	5	8	4	6	1	10	4	5	17	17	13	9	3	8	16	
906_A/duck/Hunan/HN186/2 6	0	2	7	4	5	11	12	5	17	0	0	4	4	1	12	3	3	6	1	3	4	4	0	7	16	9	2	6	2	3	0	7	6	20	6	13	8	18	7	18	19	11	10	11	2	10	8	0	5	8	4	6	1	10	4	6	17	17	13	9	3	8	16	
907_A/duck/Hunan/HN190/2 6	0	2	7	4	5	11	12	5	17	0	0	4	4	1	12	3	3	6	1	3	4	4	0	7	16	9	2	6	2	3	0	7	6	19	6	13	8	19	7	19	19	11	10	11	2	10	8	0	5	8	4	6	1	10	4	5	18	17	13	9	2	8	16	
908_A/duck/Hunan/HN191/2 6	0	2	7	4	5	11	12	5	17	0	0	4	4	1	12	3	3	6	1	3	4	4	0	7	16	9	2	6	2	3	0	7	6	19	6	13	8	19	7	19	19	11	10	11	2	10	8	0	5	8	4	6	1	10	4	5	18	17	13	9	2	8	16	
909_A/duck/Hunan/HN192/2 6	0	2	7	4	5	11	12	5	17	0	0	4	4	1	12	3	3	6	1	3	4	4	0	7	16	9	2	6	2	3	0	7	6	20	6	13	8	18	7	19	19	11	10	11	2	10	8	0	5	8	4	6	1	10	4	5	18	17	13	9	2	8	16	
910_A/duck/Hunan/HN194/2 6	0	2	7	4	5	11	12	5	17	0	0	4	4	1	12	3	3	6	1	3	4	4	0	7	16	9	2	6	2	3	0	7	6	19	6	13	8	19	7	19	19	11	10	11	2	10	8	0	5	8	4	6	1	10	4	5	18	17	13	9	2	8	16	
911_A/duck/Hunan/HN195/2 6	0	2	7	4	5	11	12	5	17	0	0	4	4	1	12	3	3	6	1	3	4	4	0	7	16	9	2	6	2	3	0	7	6	20	6	13	8	18	7	19	19	11	10	11	2	10	8	0	5	8	4	6	1	10	4	5	18	17	13	9	2	8	16	
912_A/duck/Hunan/HN197/2 6	0	2	7	4	5	11	12	5	17	0	0	4	4	1	12	3	3	6	1	3	4	4	0	7	16	9	2	6	2	3	0	7	6	19	6	13	8	19	7	19	19	11	10	11	2	10	8	0	5	8	4	6	1	10	4	5	17	17	13	9	3	8	16	
913_A/duck/Hunan/HN201/2 6	0	2	7	4	5	11	12	5	17	0	0	4	4	1	12	3	3	6	1	3	4	4	0	7	16	9	2	6	2	3	0	7	6	19	6	13	8	19	7	19	19	11	10	11	2	10	8	0	5	8	4	6	1	10	4	5	18	17	13	9	2	8	16	
914_A/duck/Hunan/HN204/2 6	0	2	7	4	5	11	12	5	17	0	0	4	4	1	12	3	3	6	1	3	4	4	0	7	16	9	2	6	2	3	0	8	6	19	6	12	8	19	7	19	19	11	10	11	2	10	8	0	5	8	4	6	1	10	4	5	18	17	13	9	2	8	16	
915_A/duck/Hunan/HN205/2 6	0	2	7	4	5	11	12	5	17	0	0	4	4	1	12	3	3	6	1	3	4	4	0	7	16	9	2	6	2	3	0	8	6	19	6	12	8	19	7	19	19	11	10	11	2	10	8	0	5	8	4	6	1	10	4	5	18	17	13	9	2	8	16	
916_A/duck/Hunan/HN206/2 6	0	2	7	4	5	11	12	5	17	0	0	4	4	1	12	3	3	6	1	3	4	4	0	7	16	9	2	6	2	3	0	8	6	19	6	12	8	19	7	19	19	11	10	11	2	10	8	0	5	8	4	6	1	10	4	5	18	17	13	9	2	8	16	
917_A/duck/Hunan/HN207/2 6	0	2	8	4	5	11	11	5	16	0	0	4	4	1	12	3	3	6	1	3	4	4	0	7	17	9	2	6	2	3	0	7	6	19	6	13	8	19	7	19	19	11	10	11	2	10	8	0	5	8	4	5	1	10	4	6	17	17	13	9	3	8	16	
918_A/duck/Hunan/HN208/2 6	0	2	7	4	5	11	12	5	17	0	0	4	4	1	12	3	3	6	1	3	4	4	0	7	16	9	2	6	2	3	0	7	6	20	6	13	8	18	7	19	19	11	10	11	2	10	8	0	5	8	4	6	1	10	4	5	17	17	13	9	3	8	16	
919_A/duck/Hunan/HN209/2 6	0	2	7	4	5	11	12	5	17	0	0	4	4	1	12	3	3	6	1	3	4	4	0	7	16	9	2	6	2	3	0	8	6	19	6	12	8	19	7	19	19	11	10	11	2	10	8	0	5	8	4	6	1	10	4	5	18	17	13	9	2	8	16	
920_A/duck/Hunan/HN210/2 6	0	2	7	4	5	11	12	5	17	0	0	4	4	1	12	3	3	6	1	3	4	4	0	7	16	9	2	6	2	3	0	8	6	19	6	12	8	19	7	19	19	11	10	11	2	10	8	0	5	8	4	6	1	10	4	5	18	17	13	9	2	8	16	
921_A/duck/Hunan/HN212/2 6	0	2	7	4	5	11	12	5	17	0	0	4	4	1	12	3	3	6	1	3	4	4	0	7	16	9	2	6	2	3	0	7	6	20	6	13	8	18	7	19	19	11	10	11	2	10	8	0	5	8	4	6	1	10	4	5	18	17	13	9	2	8	16	
922_A/duck/Hunan/HN214/2 6	0	2	8	4	5	11	11	4	19	0	0	4	3	1	12	3	3	6	1	3	4	4	0	7	16	9	2	6	2	2	0	8	6	21	6	14	9	17	7	19	18	11	11	10	2	10	8	0	6	10	4	5	0	8	4	5	18	17	13	9	2	8	16	
923_A/duck/Hunan/HN215/2 6	0	2	7	4	5	11	12	5	17	0	0	4	4	1	12	3	3	6	1	3	4	4	0	7	16	9	2	6	2	3	0	7	6	19	6	13	8	19	7	19	19	11	10	11	2	10	8	0	5	8	4	6	1	10	4	5	18	17	13	9	2	8	16	
924_A/duck/Hunan/HN216/2 6	0	2	7	4	5	11	12	5	17	0	0	4	4	1	12	3	3	6	1	3	4	4	0	7	16	9	2	6	2	3	0	7	6	19	6	12	9	19	7	19	19	11	10	11	2	10	8	1	5	8	4	5	1	10	4	5	18	17	13	9	2	8	16	
925_A/duck/Hunan/HN217/2 6	0	2	7	4	5	11	12	5	17	0	0	4	4	1	12	3	3	6	1	3	4	4	0	7	16	9	2	6	2	3	0	7	6	19	6	13	8	19	7	19	19	11	10	11	2	10	8	0	5	8	4	6	1	10	4	5	18	17	13	9	2	8	16	
926_A/duck/Hunan/HN220/2 6	0	2	7	4	5	11	12	5	17	0	0	4	4	1	12	3	3	6	1	3	4	4	0	7	16	9	2	6	2	3	0	7	6	20	6	13	8	18	7	19	19	11	10	11	2	10	8	0	5	8	4	6	1	10	4	5	18	17	13	9	2	8	16	
927_A/duck/Hunan/HN221/2 6	0	2	7	4	5	11	12	5	17	0	0	4	4	1	12	3	3	6	1	3	4	4	0	7	16	9	2	6	2	3	0	8	6	19	6	12	8	19	7	19	19	10	10	11	2	11	8	0	5	8	4	6	1	10	4	5	18	17	13	9	2	8	16	
928_A/duck/Hunan/HN224/2 6	0	2	7	4	5	11	12	5	17	0	0	4	4	1	12	3	3	6	1	3	4	4	0	7	16	9	2	6	2	3	0	8	6	20	6	12	8	18	7	19	19	11	10	11	2	10	8	0	5	8	4	6	1	10	4	5	18	17	13	9	2	8	16	
929_A/duck/Hunan/HN227/2 6	0	2	7	4	5	11	12	5	17	0	0	4	4	1	12	3	3	6	1	3	4	4	0	7	16	9	2	6	2	3	0	7	6	20	6	13	8	18	7	19	19	11	10	11	2	10	8	0	5	8	4	6	1	10	4	5	18	17	13	9	2	8	16	
930_A/duck/Hunan/HN230/2 6	0	2	7	4	5	11	12	5	17	0	0	4	4	1	12	3	3	6	1	3	4	4	0	7	16	9	2	6	2	3	0	8	6	20	6	12	8	18	7	19	19	11	10	11	2	10	8	0	5	8	4	6	1	10	4	5	18	16	14	9	2	8	16	
931_A/duck/Hunan/HN232/2 6	0	2	8	4	5	11	11	4	19	0	0	4	3	1	12	3	3	6	1	3	4	4	0	7	16	9	2	6	2	2	0	8	6	20	6	14	9	18	7	19	18	11	11	10	2	10	8	0	6	10	4	5	0	8	4	5	18	17	13	9	2	8	16	
932_A/duck/Hunan/HN234/2 6	0	2	8	4	5	11	11	4	19	0	0	4	3	1	12	3	3	6	1	3	4	4	0	7	16	9	2	6	2	2	0	8	6	21	6	14	9	17	7	19	18	11	11	10	2	10	8	0	6	10	4	5	0	8	4	5	18	17	13	9	2	8	16	
933_A/duck/Hunan/HN236/2 6	0	2	8	4	5	11	11	4	19	0	0	4	3	1	12	3	3	6	1	3	4	4	0	7	16	9	2	6	2	2	0	8	6	21	6	14	9	17	7	19	18	11	11	10	2	10	8	0	6	10	4	5	0	8	4	5	18	17	13	9	2	8	16	
934_A/duck/Hunan/HN238/2 6	0	2	8	4	5	11	11	4	19	0	0	4	3	1	12	3	3	6	1	3	4	4	0	7	16	9	2	6	2	2	0	8	6	20	6	14	9	18	7	19	18	11	11	10	2	10	8	0	6	10	4	5	0	8	4	5	18	17	13	9	2	8	16	
935_A/duck/Hunan/HN239/2 6	0	2	8	4	5	11	11	2	19	0	0	4	3	1	12	3	2	6	1	3	4	4	0	8	16	8	3	6	3	3	0	6	9	19	6	12	7	18	7	20	16	11	9	10	1	10	9	2	5	9	4	8	1	9	4	7	18	17	14	9	2	8	15	
936_A/duck/Hunan/HN240/2 6	0	2	8	4	5	11	11	4	19	0	0	4	3	1	12	3	3	6	1	3	4	4	0	7	16	9	2	6	2	2	0	8	6	20	6	14	9	18	7	19	18	11	11	10	2	10	8	0	6	10	4	5	0	8	4	5	18	17	13	9	2	8	16	
937_A/duck/Hunan/HN241/2 6	0	2	8	4	5	11	11	2	19	0	0	4	3	1	12	3	2	6	1	3	4	4	0	8	16	8	3	6	3	3	0	6	9	19	6	12	7	18	7	20	16	11	9	10	1	10	9	2	5	9	4	8	1	9	4	7	18	17	14	9	2	8	15	
938_A/duck/Hunan/HN242/2 6	0	2	8	4	5	11	11	4	19	0	0	4	3	1	12	3	3	6	1	3	4	4	0	7	16	9	2	6	2	2	0	8	6	21	6	14	9	17	7	19	18	11	11	10	2	10	8	0	6	10	4	5	0	8	4	5	18	17	13	9	2	8	16	
939_A/duck/Hunan/HN278/2 6	0	2	8	4	5	11	11	2	21	0	0	5	2	1	12	3	3	6	1	3	3	4	0	8	16	8	2	6	2	3	1	8	8	20	5	13	7	17	9	19	16	11	9	11	2	12	7	1	5	9	5	5	4	8	4	7	17	17	14	8	1	8	14	
940_A/duck/Hunan/HN285/2 5	0	2	8	4	5	11	11	2	22	0	0	5	1	1	12	3	3	6	1	3	3	4	0	8	16	8	2	6	2	3	1	9	8	21	5	13	7	16	9	19	15	11	9	11	3	12	7	1	5	9	5	5	4	8	4	8	17	17	14	7	1	8	14	
941_A/duck/Hunan/HN288/2 5	0	2	8	4	5	11	11	2	22	0	0	5	1	1	12	3	3	6	1	3	3	4	0	8	16	8	2	6	2	3	1	9	8	21	5	13	7	16	9	19	16	11	9	11	3	12	7	1	5	9	5	5	4	8	4	8	16	17	14	7	1	8	14	
942_A/duck/Hunan/HN333/2 6	0	2	8	4	5	11	11	2	19	0	0	5	3	1	12	3	3	6	1	3	4	4	0	8	16	8	3	6	2	3	0	9	7	22	5	13	9	15	7	19	16	11	9	12	1	10	10	2	5	10	4	5	1	8	4	8	17	16	13	6	3	9	15	
943_A/duck/Hunan/HN334/2 6	0	2	8	4	5	11	11	2	19	0	0	5	3	1	12	3	3	6	1	3	4	4	0	8	16	8	3	6	2	3	0	8	7	23	5	14	9	14	7	19	15	11	9	11	1	10	10	2	5	10	4	5	1	8	4	8	18	16	13	7	3	9	15	
944_A/duck/Hunan/HN335/2 6	0	2	8	4	5	11	11	2	19	0	0	5	3	1	12	3	3	6	1	3	4	4	0	8	16	8	3	6	2	3	0	8	7	22	5	14	9	15	7	19	15	10	8	11	1	11	11	2	5	10	4	5	1	8	4	8	18	17	13	7	3	8	15	
945_A/duck/Hunan/HN336/2 6	0	2	8	4	5	11	11	2	19	0	0	5	3	1	12	3	3	6	1	3	4	4	0	8	16	8	3	6	2	3	0	8	7	22	5	14	9	15	7	19	15	11	9	11	1	10	10	2	5	10	4	5	1	8	4	8	18	16	13	7	3	9	15	
946_A/duck/Hunan/HN339/2 6	0	2	8	4	5	11	11	2	19	0	0	5	3	1	12	3	3	6	1	3	4	4	0	8	16	8	3	6	2	3	0	9	7	22	5	13	9	15	7	19	16	11	9	11	1	10	10	2	5	10	4	5	1	8	4	8	17	16	13	7	3	9	15	
947_A/duck/Hunan/HN341/2 6	0	2	8	4	5	11	11	2	19	0	0	5	3	1	12	3	3	6	1	3	4	4	0	8	16	8	3	6	2	3	0	8	7	23	5	14	9	14	7	19	16	11	9	11	1	10	10	2	5	10	4	5	1	8	4	8	17	16	13	7	3	9	15	
948_A/duck/Hunan/HN342/2 6	0	2	8	4	5	11	11	2	19	0	0	5	3	1	12	3	3	6	1	3	4	4	0	8	16	8	3	6	2	3	0	8	7	23	5	14	9	14	7	19	15	11	9	11	1	10	10	2	5	10	4	5	1	8	4	8	18	16	13	7	3	9	15	
949_A/duck/Hunan/HN343/2 6	0	2	8	4	5	11	11	2	19	0	0	5	3	1	12	3	3	6	1	3	4	4	0	8	16	8	3	6	2	3	0	8	7	23	5	14	9	14	7	19	16	12	8	11	1	9	11	2	5	10	4	5	1	8	4	8	17	16	13	7	3	9	15	
950_A/duck/Hunan/S4020/2 10	8	10	8	8	7	1	10	6	12	0	0	6	2	1	15	2	6	5	0	0	2	5	0	1	14	6	0	4	1	6	2	12	13	21	14	10	4	9	9	15	8	12	7	9	2	7	7	6	13	11	7	4	1	10	8	12	5	10	12	7	0	10	17	
951_A/duck/Hunan/S4030/2 10	7	9	8	8	7	2	10	5	13	0	0	7	2	1	15	2	5	5	0	0	4	6	0	1	13	6	1	4	1	6	1	15	12	21	15	8	6	8	9	15	7	12	8	8	2	7	8	4	12	10	7	5	0	10	8	12	5	9	13	7	1	11	16	
952_A/duck/Hunan/S4101/2 6	8	10	12	7	5	4	10	0	18	1	0	5	0	0	13	3	9	10	1	4	3	2	1	4	8	10	1	3	2	5	1	17	11	22	11	10	6	10	6	15	12	14	9	7	2	5	10	9	5	12	11	4	4	12	8	11	7	13	13	10	1	10	7	
953_A/duck/Hunan/S4120/2 6	8	10	12	7	5	4	10	0	18	1	0	5	0	0	13	3	9	10	1	4	3	2	1	4	8	10	1	3	2	5	1	17	11	22	11	10	6	10	6	14	12	14	9	7	2	5	10	9	5	12	11	4	4	12	8	12	7	13	13	10	1	10	7	
954_A/duck/Hunan/S4150/2 11	8	9	8	7	8	2	10	6	12	0	0	7	2	1	14	2	6	5	0	0	2	5	0	1	12	6	1	3	3	6	1	13	13	22	15	7	4	8	9	17	8	12	6	10	3	6	10	6	11	9	9	5	1	11	6	8	5	10	12	9	0	10	17	
955_A/duck/Hunan/S4220/2 10	9	8	8	8	7	3	10	6	11	0	0	6	3	1	15	2	5	5	0	0	3	6	0	1	13	6	0	4	1	6	2	15	13	20	15	8	5	10	8	17	7	11	7	7	2	7	9	4	12	10	7	5	0	10	8	12	5	10	12	7	1	10	17	
956_A/duck/Hunan/S40199/ 6	1	3	9	4	4	10	10	3	20	0	0	3	2	1	12	4	3	6	1	3	5	5	0	8	15	6	2	6	2	5	1	8	8	22	4	13	8	16	8	16	15	13	9	11	4	11	6	0	7	8	4	7	0	8	6	11	17	18	15	5	1	7	14	
957_A/duck/Hunan/S40268/ 5	0	0	10	4	6	13	9	3	17	0	0	4	5	1	12	4	5	6	1	3	3	4	0	8	15	9	2	7	2	3	1	7	9	18	6	14	4	16	7	21	16	12	8	10	1	10	11	1	4	11	4	6	2	9	6	8	16	16	12	6	3	8	16	
958_A/duck/Jiangsu/m234/ 6	11	11	12	8	4	3	10	1	17	1	0	3	1	0	13	6	6	7	0	2	4	2	2	4	8	9	1	4	2	6	1	13	12	23	7	11	4	11	11	17	15	9	12	9	0	9	8	11	9	14	7	5	1	11	10	9	8	10	13	8	0	8	10	
959_A/duck/Jiangsu/S4439 9	9	10	6	9	7	1	12	5	13	0	0	7	1	1	15	2	5	7	0	0	3	4	0	1	12	6	0	4	2	6	2	16	12	21	15	6	6	9	8	15	7	12	7	10	2	8	7	5	9	10	8	6	2	9	7	13	5	9	12	5	1	12	17	
960_A/duck/Jiangsu/SE112 9	9	10	6	9	7	1	12	5	13	0	0	7	1	1	15	2	4	6	0	0	4	5	0	1	12	6	0	4	2	6	2	15	13	20	15	6	6	9	8	16	7	12	7	9	2	8	7	5	9	10	7	6	2	10	8	13	5	9	12	5	1	12	17	
961_A/duck/Jiangxi/01.11 7	0	2	8	3	5	11	11	3	19	0	0	2	3	1	12	3	3	6	1	3	5	5	0	8	15	7	3	8	2	4	0	8	8	20	6	15	6	15	7	19	17	12	9	11	2	10	8	0	5	9	4	6	1	9	6	10	16	17	13	6	2	8	15	
962_A/duck/Jiangxi/01.14 6	0	2	8	4	5	11	11	2	20	0	0	6	2	1	12	3	3	5	1	3	5	4	0	8	15	8	3	5	2	3	0	8	8	21	5	13	8	15	9	19	16	12	9	11	3	10	9	1	5	9	3	6	1	9	5	9	18	17	14	6	0	8	15	
963_A/duck/Jiangxi/01.14 6	0	2	8	4	5	11	11	2	20	0	0	5	2	1	12	3	3	6	1	3	4	4	0	8	16	8	3	6	2	3	0	8	8	20	5	13	8	15	9	19	16	13	8	11	3	10	9	1	5	9	3	6	1	9	5	9	18	17	14	6	0	8	15	
964_A/duck/Jiangxi/01.14 6	0	2	8	4	5	11	11	2	20	0	0	6	2	1	12	3	3	5	1	3	5	4	0	8	15	8	3	5	2	3	0	8	8	21	5	13	8	15	9	19	17	12	9	11	2	10	9	1	5	9	3	6	1	9	5	9	18	17	14	6	0	8	15	
965_A/duck/Jiangxi/02.05 6	0	2	8	4	5	11	11	2	20	0	0	5	2	1	12	3	3	6	1	3	4	4	0	8	16	8	3	6	2	3	0	8	8	20	5	13	8	15	9	18	16	12	9	11	3	10	9	1	5	9	3	6	1	9	5	10	18	17	14	6	0	8	15	
966_A/duck/Jiangxi/02.06 6	0	2	8	4	5	11	11	2	20	0	0	5	2	1	12	3	3	6	1	3	4	4	0	8	16	8	3	6	2	3	0	8	8	20	5	13	8	15	9	19	16	12	9	11	3	10	9	1	5	9	3	6	1	9	5	9	18	17	14	6	0	8	15	
967_A/duck/Jiangxi/02.06 6	0	2	8	4	5	11	11	2	19	0	0	5	3	1	12	3	3	7	1	2	4	4	0	9	16	8	2	6	2	3	0	11	8	20	5	11	8	17	6	19	17	11	10	11	1	10	9	1	5	10	4	5	1	9	4	7	17	17	14	8	2	8	15	
968_A/duck/Jiangxi/2.28_ 6	0	2	8	4	5	11	11	3	20	0	0	3	2	1	12	3	3	7	1	3	5	4	0	9	15	7	2	6	2	4	1	7	7	20	6	16	6	15	7	18	17	13	8	11	2	10	9	0	6	9	4	6	1	9	6	9	17	18	14	7	2	7	13	
969_A/duck/Jiangxi/2.28N 6	0	2	8	4	5	11	11	3	20	0	0	3	2	1	12	3	3	7	1	3	5	4	0	9	15	7	2	6	2	4	1	7	7	20	6	16	6	15	7	18	17	13	8	11	2	10	9	0	6	9	4	6	1	9	6	9	17	18	14	7	2	7	13	
970_A/duck/Jiangxi/03.11 6	0	2	8	4	5	11	11	2	20	0	0	5	2	1	12	3	3	5	1	3	4	4	0	8	16	8	3	6	2	3	0	8	8	21	5	13	8	15	9	19	16	12	9	11	3	10	9	1	5	10	5	6	1	8	4	10	17	17	13	6	0	8	15	
971_A/duck/Jiangxi/04.01 6	1	2	7	4	6	11	12	2	20	0	0	5	1	1	12	2	3	6	1	4	4	4	0	9	16	7	3	5	2	4	0	9	7	19	6	13	8	17	6	20	16	11	10	11	1	10	8	0	5	10	4	6	1	9	5	8	17	16	15	8	1	8	15	
972_A/duck/Jiangxi/04.01 6	1	2	7	4	6	11	12	2	20	0	0	5	1	1	12	2	3	6	1	4	4	4	0	9	16	7	3	5	2	4	0	9	7	19	6	13	8	17	6	20	16	11	10	11	1	10	8	0	5	10	4	6	1	9	5	8	17	16	15	8	1	8	15	
973_A/duck/Jiangxi/04.01 3	2	7	10	7	4	5	9	2	16	0	0	4	6	1	12	4	4	7	1	4	6	6	0	8	12	5	2	4	3	5	1	11	9	20	6	12	7	17	9	20	16	12	6	13	1	11	9	1	6	10	5	5	1	10	4	10	13	16	17	6	3	12	13	
974_A/duck/Jiangxi/05.07 6	0	2	7	4	5	11	11	2	19	0	0	5	1	1	12	2	3	6	1	4	4	4	0	6	15	6	3	5	2	4	0	8	9	16	6	12	8	16	5	18	12	11	10	10	1	9	8	0	5	10	4	6	0	11	5	6	15	15	13	7	2	8	15	
975_A/duck/Jiangxi/5.26_ 7	0	2	8	3	5	11	11	3	19	0	0	2	3	1	12	3	3	6	1	3	5	5	0	8	15	7	3	8	2	4	0	8	8	20	6	15	6	14	7	19	17	12	9	11	2	10	8	0	5	9	4	6	1	10	6	7	17	17	13	8	2	8	15	
976_A/duck/Jiangxi/11.17 6	0	2	9	4	5	11	10	2	19	0	0	4	3	1	12	3	3	6	1	3	4	4	0	8	16	9	2	7	2	3	1	8	9	20	6	14	6	16	7	20	17	14	7	12	1	10	9	0	5	9	5	6	0	10	5	7	17	17	14	6	2	7	14	
977_A/duck/Jiangxi/11.17 6	0	2	9	4	5	11	10	2	19	0	0	4	3	1	12	3	3	6	1	3	4	4	0	8	16	9	2	7	2	3	1	8	9	20	6	14	6	16	7	20	17	14	7	12	1	10	9	0	5	9	5	6	0	10	5	7	17	17	14	6	2	7	14	
978_A/duck/Jiangxi/11.29 5	0	2	8	5	5	11	11	3	19	0	0	4	3	1	12	3	3	6	1	3	5	4	0	7	15	8	2	7	2	4	1	5	8	19	6	18	7	18	7	19	17	12	9	11	2	10	8	1	5	8	5	5	1	9	5	8	17	16	13	6	2	8	15	
979_A/duck/Jiangxi/11.29 6	0	2	8	4	5	11	11	2	20	0	0	4	2	1	12	4	3	5	2	3	4	4	0	8	16	8	2	6	2	3	1	8	10	19	6	14	5	16	8	19	17	13	9	11	1	9	8	0	6	9	5	6	1	9	5	9	16	16	14	6	2	9	15	
980_A/duck/Jiangxi/11.29 7	0	2	8	3	5	11	11	3	19	0	0	2	3	1	12	3	3	6	1	3	5	5	0	8	15	7	3	8	2	4	0	8	8	18	6	15	7	16	7	19	17	12	9	11	2	10	8	0	5	9	4	6	1	9	6	7	17	17	13	8	2	8	15	
981_A/duck/Jiangxi/34/20 11	9	9	8	7	8	2	10	5	10	0	0	7	4	1	15	2	5	5	0	0	2	6	0	1	11	7	0	4	2	6	2	15	13	21	15	9	4	9	8	18	7	11	7	7	2	7	10	4	12	10	7	5	0	10	8	12	5	10	12	6	1	10	16	
982_A/duck/Jiangxi/35/20 11	9	9	8	7	9	2	10	5	10	0	0	6	4	1	15	2	5	5	0	0	3	6	0	1	11	6	0	4	2	6	2	15	13	20	15	9	4	9	8	18	7	11	7	7	2	7	10	5	12	11	6	5	0	10	8	12	5	10	12	6	1	10	16	
983_A/duck/Jiangxi/44/20 12	9	9	8	7	8	2	10	5	10	0	0	7	4	1	15	2	5	5	0	0	2	6	0	1	12	6	0	4	2	6	2	14	13	20	15	8	4	9	8	17	9	12	7	7	2	6	10	4	12	11	7	5	0	10	8	12	5	10	12	6	1	10	16	
984_A/duck/Jiangxi/95/20 6	0	2	8	4	5	11	11	2	19	0	0	5	3	1	12	3	3	6	1	3	4	4	0	8	16	8	3	6	2	3	0	9	8	20	5	13	8	17	7	19	17	11	9	11	1	10	9	0	5	10	4	6	1	9	4	8	16	17	14	8	2	8	15	
985_A/duck/Jiangxi/120/2 9	6	7	9	9	9	3	9	6	13	0	0	7	1	1	15	2	8	4	0	0	3	5	0	1	12	6	0	4	1	5	3	14	11	21	19	11	5	8	8	13	8	14	11	8	1	6	4	6	8	11	11	2	4	11	7	9	5	9	12	10	1	12	12	
986_A/duck/Jiangxi/130/2 11	8	9	8	7	8	2	10	6	11	0	0	7	2	1	14	2	6	5	0	0	3	5	0	1	11	6	1	3	3	6	1	13	13	23	14	8	4	8	9	18	9	12	6	9	3	7	10	6	11	9	9	4	1	11	6	7	5	10	12	9	0	10	17	
987_A/duck/Jiangxi/13469 3	1	7	9	7	4	5	10	2	18	0	0	4	5	1	12	4	4	7	1	4	6	6	0	7	12	5	2	4	3	5	0	11	9	22	6	12	7	17	9	22	16	12	6	12	1	11	10	1	5	7	5	5	2	10	5	9	14	16	15	6	3	12	15	
988_A/duck/Jiangxi/13475 3	1	7	9	7	4	5	10	2	18	0	0	4	5	1	12	4	4	7	1	4	6	6	0	7	12	5	2	4	3	5	0	11	9	22	6	12	7	17	9	22	16	12	6	12	1	11	10	1	5	7	5	5	2	10	5	9	14	16	15	6	3	12	15	
989_A/duck/Jiangxi/13484 3	1	7	9	7	4	5	10	2	18	0	0	4	5	1	12	4	4	7	1	4	6	6	0	7	12	5	2	4	3	5	0	11	9	22	6	12	7	17	9	22	16	12	6	12	1	11	10	1	5	7	5	5	2	10	5	9	14	16	15	6	3	12	15	
990_A/Duck/Jiangxi/50446 6	0	1	10	4	5	12	9	2	19	0	0	4	3	1	12	3	3	6	1	3	4	4	0	9	16	9	2	6	2	3	1	7	10	20	6	15	5	16	7	19	18	11	8	12	1	11	9	0	5	9	5	6	0	10	5	8	16	17	13	6	2	9	14	
991_A/Duck/Jiangxi/50455 6	0	2	8	4	5	11	11	2	19	0	0	4	3	1	12	3	3	6	1	3	4	4	0	9	16	9	2	6	2	3	0	7	8	20	6	15	6	16	7	19	17	12	9	11	1	10	9	0	6	9	5	6	1	9	5	8	17	17	13	7	2	8	15	
992_A/duck/Jiangxi/E7/20 6	0	2	8	4	5	11	11	2	20	0	0	5	2	1	12	3	3	6	1	3	4	4	0	8	16	8	3	6	2	3	0	8	8	20	5	13	8	14	10	19	17	12	9	11	2	10	9	1	5	9	4	6	1	9	4	8	18	17	14	7	0	8	15	
993_A/duck/Jiangxi/F31/2 6	0	2	8	4	5	11	10	2	18	0	0	5	2	1	12	3	3	6	1	3	4	4	0	7	15	7	3	6	2	3	0	7	8	18	5	13	8	15	8	18	14	12	9	10	2	9	9	1	5	9	4	6	1	9	4	5	17	17	13	7	0	8	15	
994_A/duck/Jiangxi/NCDZT 6	0	2	8	4	5	11	11	2	20	0	0	5	2	1	12	3	3	6	1	3	4	4	0	9	16	7	3	6	2	3	0	8	8	20	5	13	8	14	10	19	17	12	9	11	2	10	9	1	5	9	4	6	1	9	4	8	18	17	14	7	0	8	15	
995_A/duck/Jiangxi/NCDZT 6	0	2	8	4	5	11	11	2	20	0	0	5	2	1	12	3	3	6	1	3	4	4	0	8	16	8	3	6	2	3	0	8	8	20	5	13	8	15	9	18	18	12	10	11	2	10	8	1	5	9	4	6	1	9	4	8	18	17	14	7	0	8	15	
996_A/duck/Jiangxi/S1025 10	7	9	11	7	7	5	6	6	8	1	0	5	4	0	14	1	5	7	0	4	6	2	0	4	9	6	2	2	1	11	2	13	14	16	9	7	5	9	5	15	7	11	11	11	2	6	12	9	4	14	9	10	5	9	7	10	9	18	18	13	3	7	11	
997_A/duck/Jiangxi/S4083 9	10	6	11	8	7	10	8	4	11	0	0	5	2	1	16	3	4	6	0	0	6	1	1	5	10	7	1	3	3	8	0	15	10	26	15	11	9	8	8	17	5	10	11	10	3	9	3	8	9	8	10	3	4	12	8	8	5	10	11	7	3	11	17	
998_A/duck/Jilin/04.04_S 9	9	10	7	9	7	1	11	6	13	0	0	6	1	1	15	2	4	6	0	0	3	5	0	1	12	6	0	4	3	6	2	14	13	21	15	7	6	9	8	17	7	11	6	8	2	8	9	7	10	9	7	5	1	10	8	12	5	9	12	5	1	12	17	
999_A/duck/Jilin/JL-SIV/ 11	8	9	9	7	7	2	9	7	14	0	0	7	0	1	15	2	6	4	0	0	4	6	1	1	12	7	0	2	1	5	1	10	12	24	14	10	5	7	9	17	9	11	10	7	1	6	7	9	11	12	7	2	2	11	8	9	5	10	12	9	1	10	15	
1000_A/duck/Jilin/S1261/2 9	9	10	6	9	7	1	12	5	13	0	0	7	1	1	15	1	4	6	0	0	4	5	0	1	12	6	0	4	2	6	2	17	13	19	15	6	6	10	8	17	7	13	6	9	2	7	8	5	7	9	8	6	3	11	7	13	5	9	12	4	1	12	17	
1001_A/duck/Jilin/S4171/2 9	9	10	6	9	7	1	12	6	13	0	0	7	1	1	15	1	4	6	0	0	4	5	0	1	12	6	0	4	2	6	2	16	13	16	14	6	6	11	9	17	7	13	7	8	2	7	7	6	8	12	9	6	2	9	7	12	5	9	12	5	1	12	17	
1002_A/duck/Kaohsiung/15W 6	6	7	9	12	4	6	10	2	11	1	0	1	4	0	12	3	6	6	0	1	9	5	0	6	9	6	4	6	1	3	2	10	11	23	8	9	7	14	6	22	19	15	4	8	2	10	8	7	5	14	9	6	6	14	5	11	4	10	14	7	3	9	12	
1003_A/duck/Kaohsiung/20W 5	6	8	9	13	4	5	10	1	11	1	0	4	4	0	12	3	5	6	0	1	10	5	0	5	9	6	4	5	1	3	2	13	10	22	9	7	8	14	5	22	20	15	6	7	1	10	6	7	5	15	9	5	6	14	5	13	3	12	14	7	3	7	12	
1004_A/duck/Kaohsiung/150 5	10	13	11	9	4	1	11	2	15	1	0	5	2	0	13	6	6	7	0	3	5	2	2	4	9	6	3	1	1	8	0	16	9	21	11	10	8	13	9	15	13	12	13	7	2	5	8	10	4	14	9	6	3	12	4	10	10	7	13	8	1	12	10	
1005_A/duck/Liaoning/LN/2 12	5	8	7	7	8	5	11	2	15	0	0	6	0	1	12	4	3	5	0	1	5	3	0	6	11	9	1	5	2	1	1	14	9	15	12	5	7	11	9	16	16	17	12	10	0	7	6	14	5	11	9	7	7	9	3	10	7	15	16	9	2	13	14	
1006_A/duck/Nanchang/9789 10	9	8	8	8	7	3	10	6	11	0	0	7	3	1	15	2	5	4	0	0	3	6	0	1	13	5	1	4	1	6	2	15	13	22	15	9	5	9	8	18	7	12	7	7	2	6	9	4	11	10	7	4	1	10	8	10	5	10	12	7	1	10	17	
1007_A/duck/Nantou/15A343 5	10	13	11	9	4	1	11	2	15	1	0	5	2	0	13	5	6	7	0	3	5	2	2	5	9	7	2	1	1	8	0	16	9	21	11	8	10	13	9	15	13	12	13	7	2	5	8	10	4	14	9	5	3	12	4	11	10	7	13	8	1	12	10	
1008_A/duck/Nantou/17A024 5	10	13	11	9	4	1	11	1	14	1	0	6	3	0	13	5	6	7	0	3	5	2	2	5	9	7	2	1	1	8	0	15	9	22	11	10	8	13	10	15	13	11	15	6	2	5	7	11	5	15	8	6	2	10	4	11	10	7	14	8	1	12	9	
1009_A/duck/Ningxia/YG61/ 5	0	7	11	6	4	5	8	4	18	0	0	4	5	1	12	1	4	4	0	5	5	7	1	8	13	5	1	4	3	6	1	11	12	19	4	9	4	18	13	21	15	10	11	11	1	10	10	2	6	14	4	7	3	5	5	10	13	14	13	7	4	12	15	
1010_A/duck/Ningxia/YG71/ 5	0	7	11	6	4	5	8	4	18	0	0	4	5	1	12	1	4	4	0	5	5	7	1	8	13	5	2	4	3	6	0	11	12	19	5	9	4	18	12	21	16	10	12	11	0	10	9	2	6	14	4	7	3	5	5	10	13	14	13	7	4	12	15	
1011_A/duck/Ningxia/YG83/ 5	0	7	11	6	4	5	8	4	18	0	0	4	5	1	12	1	4	4	0	5	5	7	1	8	14	4	1	4	3	6	1	12	11	20	5	10	3	17	12	22	15	10	12	10	1	10	9	2	5	14	5	7	4	5	4	10	13	14	13	7	4	12	15	
1012_A/duck/Pingtung/17A0 5	10	13	11	9	4	1	11	1	14	1	0	6	3	0	13	5	6	7	0	3	5	2	2	5	10	7	2	1	0	8	0	15	9	22	11	10	8	13	10	15	13	11	15	6	2	5	7	11	5	14	8	6	2	10	4	11	10	8	14	8	1	12	9	
1013_A/duck/Pingtung/18A0 5	9	12	11	9	4	2	11	2	15	1	0	6	3	0	13	5	6	7	0	3	5	2	2	4	9	7	2	2	1	8	0	15	10	23	11	10	7	13	10	14	13	11	15	5	2	5	7	11	5	14	8	6	2	9	4	11	11	8	13	8	1	13	9	
1014_A/duck/Pingtung/18A0 6	10	12	11	8	4	2	11	2	14	1	0	5	3	0	13	5	5	6	0	3	6	3	2	5	10	8	2	1	0	7	0	18	8	21	11	9	9	14	10	13	13	12	15	7	2	4	7	11	5	14	8	5	2	10	4	12	10	8	12	7	1	13	10	
1015_A/duck/Pingtung/18X0 5	10	13	11	9	4	1	11	2	14	1	0	6	3	0	13	4	6	8	0	4	5	1	2	5	9	7	2	0	1	8	0	14	10	23	11	11	7	12	10	13	11	12	15	7	3	5	7	11	5	14	7	6	2	9	4	10	12	8	14	9	1	13	9	
1016_A/duck/Pingtung/1501 6	5	7	10	12	5	6	9	2	11	1	0	1	4	0	12	3	6	6	0	1	9	5	0	6	9	6	3	6	1	3	3	10	11	23	9	9	7	14	5	22	19	14	3	7	2	11	9	8	5	14	9	5	6	14	5	13	3	12	13	7	3	8	12	
1017_A/duck/Pingtung/1501 5	10	13	11	9	4	1	11	2	15	1	0	5	2	0	13	6	5	7	0	3	6	2	2	4	9	7	2	1	1	8	0	16	9	21	11	10	8	13	9	15	13	12	13	7	2	5	8	10	5	13	9	6	3	12	4	10	10	7	13	8	1	12	10	
1018_A/duck/Shandong/009/ 10	7	9	8	7	8	2	10	7	13	1	0	7	1	0	15	2	6	3	0	0	5	7	1	1	12	7	0	2	1	5	1	11	11	22	16	10	4	9	7	15	9	11	10	8	2	7	7	7	12	10	9	5	3	10	8	8	6	10	12	9	0	10	14	
1019_A/duck/Shandong/11.1 10	8	10	11	7	6	5	6	8	9	1	0	3	2	0	14	1	7	5	1	4	5	2	0	3	8	8	2	2	1	9	1	13	17	20	8	5	4	6	5	13	8	10	12	8	4	8	12	13	4	16	8	8	5	6	9	14	8	17	17	14	1	7	12	
1020_A/duck/Shandong/11.1 10	8	10	11	7	6	5	6	8	9	1	0	3	2	0	14	1	7	5	1	4	5	2	0	3	8	8	2	2	1	9	1	13	17	20	8	5	4	6	5	13	8	10	12	8	4	8	12	13	4	16	8	8	5	6	9	14	8	17	17	14	1	7	12	
1021_A/duck/Shandong/Q1/2 10	9	10	12	7	6	5	5	6	9	1	0	5	2	0	14	1	7	5	0	4	5	4	0	2	8	8	2	3	1	9	1	13	16	20	9	6	3	5	5	13	9	10	12	8	2	7	12	15	3	15	8	6	7	7	8	13	8	18	19	14	2	6	11	
1022_A/duck/Shandong/SD02 6	0	2	9	4	5	11	10	3	19	0	0	3	3	1	12	3	4	6	1	3	4	5	0	9	14	6	2	7	2	5	1	8	8	22	4	13	7	15	8	17	16	12	9	11	3	12	6	1	7	9	5	5	0	7	5	10	17	16	17	7	1	9	13	
1023_A/duck/Shandong/SD02 5	0	2	8	4	5	11	10	4	19	0	0	3	3	1	12	3	4	6	1	3	4	5	0	9	14	6	2	7	2	5	1	8	8	22	6	13	7	15	8	17	16	12	9	11	3	12	6	1	7	9	4	5	0	7	5	10	17	16	17	7	1	9	13	
1024_A/Duck/Shandong/Y01/ 11	9	9	8	8	7	2	10	5	11	1	0	7	3	0	15	2	6	5	0	0	2	5	0	2	13	6	1	2	2	6	1	12	13	23	14	8	4	8	9	18	9	12	5	9	1	6	11	6	11	8	9	4	1	12	6	9	5	11	13	8	1	9	16	
1025_A/Duck/Shandong/Y02/ 11	9	9	8	7	7	2	10	5	11	1	0	7	3	0	15	2	6	5	0	1	2	5	0	2	13	6	1	2	2	6	1	13	12	23	14	7	5	7	9	18	9	12	5	9	1	6	11	7	11	7	9	4	1	13	6	9	5	11	13	8	1	9	16	
1026_A/duck/Sichuan/04.27 3	1	6	8	7	5	6	11	2	16	0	0	4	6	1	12	4	4	7	1	4	6	6	0	7	11	5	2	4	4	5	0	11	9	22	6	12	7	17	9	22	16	12	6	12	1	11	10	1	6	8	5	5	1	10	4	8	14	17	16	7	3	11	14	
1027_A/duck/Sichuan/04.27 3	1	6	8	7	5	6	11	2	15	0	0	4	7	1	12	4	4	7	1	4	6	6	0	7	11	5	2	4	4	5	0	11	10	22	6	12	6	16	9	22	16	13	6	12	1	11	10	1	6	8	5	5	1	10	4	8	14	17	15	7	3	12	14	
1028_A/duck/Sichuan/04.27 3	1	6	8	7	5	6	11	2	16	0	0	4	6	1	12	4	5	7	1	4	6	6	0	7	11	5	2	4	3	5	0	11	9	23	6	12	7	16	9	22	16	13	6	12	1	10	10	1	6	8	5	5	1	10	4	7	14	16	16	8	3	12	14	
1029_A/duck/Sichuan/04.27 3	1	6	8	7	5	6	11	2	15	0	0	4	7	1	12	4	4	7	1	4	6	6	0	7	11	5	2	4	4	5	0	11	10	22	6	12	6	16	9	22	16	13	6	12	1	11	10	1	6	8	5	5	1	10	4	8	14	17	15	7	3	12	14	
1030_A/duck/Sichuan/04.27 3	1	6	8	7	5	6	11	2	16	0	0	4	6	1	12	4	5	7	1	4	6	6	0	7	11	5	2	4	3	5	0	11	9	23	6	12	7	16	9	22	16	13	6	12	1	10	10	1	6	8	5	5	1	10	4	7	14	16	16	8	3	12	14	
1031_A/duck/Sichuan/04.27 3	1	6	8	7	5	6	11	2	16	0	0	4	6	1	12	4	4	7	1	4	6	6	0	7	11	5	2	4	4	5	0	11	9	22	6	12	7	17	9	22	16	12	6	12	1	11	10	1	6	8	5	5	1	10	4	8	14	17	16	7	3	11	14	
1032_A/duck/Sichuan/NCXJ1 3	1	6	8	7	5	6	11	2	16	0	0	4	6	1	12	4	4	7	1	4	6	6	0	7	11	5	2	4	4	5	0	11	9	22	6	12	7	17	9	22	16	12	6	12	1	11	10	1	6	8	5	5	1	10	4	8	14	17	16	7	3	11	14	
1033_A/duck/Sichuan/NCXJ2 3	1	6	8	7	5	6	11	2	15	0	0	4	7	1	12	4	4	7	1	4	6	6	0	7	11	5	2	4	4	5	0	11	10	22	6	12	6	16	9	22	16	13	6	12	1	11	10	1	6	8	5	5	1	10	4	8	14	17	15	7	3	12	14	
1034_A/duck/Sichuan/NCXN1 10	9	8	8	8	8	3	10	7	10	0	0	5	3	1	15	2	5	6	0	0	3	5	0	1	13	6	0	4	1	6	2	15	13	19	14	9	5	11	9	19	7	12	7	5	2	6	9	4	12	10	7	4	0	10	8	11	5	11	11	9	1	9	17	
1035_A/duck/Sichuan/NCXN1 10	9	8	8	7	8	3	10	7	11	0	0	5	2	1	15	2	5	5	0	1	3	5	0	1	13	6	0	4	1	6	2	15	13	20	14	9	5	11	9	19	7	12	7	5	2	6	9	4	12	10	7	4	0	10	8	11	5	12	11	9	1	8	17	
1036_A/duck/Sichuan/S1805 6	0	2	9	3	5	11	10	3	17	0	0	4	5	1	12	3	4	6	1	3	5	4	0	6	15	10	3	9	1	2	0	6	10	17	8	14	7	19	6	20	16	15	8	10	1	9	10	0	6	8	4	7	0	10	5	10	15	17	13	4	3	8	14	
1037_A/duck/Sichuan/SC482 5	0	2	9	3	5	11	10	3	17	0	0	4	5	1	12	4	4	6	1	3	5	4	0	6	15	10	3	9	1	2	0	6	10	17	8	14	7	19	6	19	16	15	8	11	1	9	10	0	6	8	4	7	0	10	5	10	15	18	13	4	3	7	14	
1038_A/duck/Sichuan/SC569 5	0	2	9	3	5	11	10	4	17	0	0	4	5	1	12	3	4	6	1	3	5	4	0	6	15	10	3	9	1	2	0	6	10	17	8	14	7	19	6	19	16	15	8	11	1	9	10	0	6	8	4	7	0	10	5	10	15	18	13	4	3	7	14	
1039_A/duck/Sichuan/SD002 6	0	2	9	3	5	11	10	3	17	0	0	4	5	1	12	3	4	6	1	3	5	4	0	6	15	8	3	9	1	4	0	6	10	17	8	14	7	19	6	19	16	14	8	11	1	10	10	1	6	8	4	7	0	10	5	9	15	17	13	4	3	8	14	
1040_A/duck/Taichung/1501 6	10	13	11	9	4	1	11	2	15	1	0	5	2	0	13	4	6	7	0	3	5	2	2	5	9	7	2	1	1	8	0	17	8	21	11	10	8	13	9	15	13	12	13	7	2	5	8	10	4	14	9	6	3	12	4	10	10	7	13	8	1	12	10	
1041_A/duck/Tainan/16WB34 6	6	7	9	12	4	6	10	2	11	1	0	1	4	0	12	2	6	6	0	2	9	5	0	6	9	6	4	6	1	3	2	10	11	24	8	9	7	14	6	23	19	15	4	8	2	10	8	7	5	13	9	6	6	14	5	11	3	11	14	7	3	9	11	
1042_A/duck/Tainan/150104 10	8	9	12	7	6	5	5	6	9	1	0	4	3	0	14	1	6	6	0	4	5	3	0	3	9	7	3	2	1	9	1	14	18	17	8	5	4	9	6	12	8	10	17	8	2	8	7	13	2	14	8	7	6	8	7	13	10	16	16	15	1	7	16	
1043_A/duck/Tainan/160100 5	10	13	10	9	4	1	12	2	15	1	0	5	2	0	13	6	7	7	0	3	4	2	2	4	9	8	2	1	1	7	0	16	9	19	11	10	8	15	9	15	13	13	12	7	1	5	8	10	4	14	10	6	3	12	4	10	10	7	13	8	1	12	10	
1044_A/duck/Taipei/05WB83 5	10	13	11	9	4	2	10	2	15	1	0	5	2	0	13	6	6	7	0	2	5	2	2	4	8	7	1	2	2	8	1	14	10	23	9	11	8	12	8	17	14	13	12	7	2	5	9	10	4	17	8	6	3	9	6	9	9	8	13	7	1	10	11	
1045_A/duck/Taipei/18WB01 6	6	7	9	12	4	6	10	2	12	1	0	1	3	0	12	2	6	6	0	2	9	5	0	7	9	6	4	5	1	3	2	10	11	25	8	9	7	13	6	24	19	16	5	7	2	9	7	7	6	13	9	6	5	14	5	11	3	11	13	7	3	9	12	
1046_A/duck/Taipei/19WB02 5	6	7	10	13	4	6	9	1	12	1	0	3	3	0	12	3	5	6	0	1	10	5	0	6	9	6	4	5	1	3	2	13	10	22	10	7	8	14	5	22	19	15	6	7	2	10	6	8	4	14	9	4	7	13	7	13	3	12	13	7	3	8	11	
1047_A/duck/Taiwan/01006/ 5	10	13	11	9	4	1	11	2	15	1	0	5	2	0	13	6	6	7	0	3	5	2	2	4	9	7	2	1	1	8	0	16	9	21	11	10	8	13	9	15	13	12	13	7	2	5	8	10	4	14	9	6	3	12	4	10	10	7	13	8	1	12	10	
1048_A/duck/Taiwan/11213/ 4	11	11	11	11	2	3	12	3	16	1	0	6	1	0	13	5	8	7	0	2	3	3	2	2	9	6	1	2	1	9	1	13	9	22	10	11	9	11	7	17	11	16	11	10	1	5	8	9	4	15	10	7	3	11	6	9	10	10	14	5	1	9	10	
1049_A/duck/Taiwan/11254/ 4	11	11	11	11	2	3	12	3	16	1	0	6	1	0	13	5	8	7	0	2	3	3	2	2	9	6	1	2	1	9	1	13	9	22	10	11	9	11	7	17	11	17	11	10	1	4	8	9	4	15	10	7	3	11	6	9	10	10	14	5	1	9	10	
1050_A/duck/Taiwan/a043/2 5	8	13	10	8	4	1	11	2	15	1	0	5	2	0	13	5	6	7	0	2	5	2	2	4	8	7	2	1	1	7	0	14	9	21	11	10	7	11	9	13	11	12	14	6	2	4	7	10	4	14	9	5	3	11	3	9	9	8	13	8	1	12	10	
1051_A/duck/Taiwan/a068/2 10	8	9	12	7	6	5	5	6	9	1	0	4	3	0	14	1	6	6	0	4	5	3	0	3	9	7	3	2	1	9	1	14	18	17	8	5	4	9	6	12	8	10	17	8	2	8	7	13	2	14	7	7	6	8	8	13	10	16	16	15	1	7	16	
1052_A/duck/Taiwan/A3400/ 10	7	9	12	7	6	5	5	6	9	1	0	4	3	0	14	1	7	6	0	4	5	3	0	3	9	7	3	2	1	9	1	14	18	17	8	5	4	9	6	12	8	10	17	8	2	8	7	13	2	14	7	7	6	8	8	13	10	16	16	15	1	7	16	
1053_A/duck/Taiwan/DV1238 5	11	13	11	9	2	1	11	4	16	1	0	4	2	0	13	6	7	7	0	2	4	2	2	2	9	7	1	3	1	7	2	13	9	23	8	12	8	11	9	16	13	13	12	9	2	5	9	10	4	17	9	7	3	8	6	9	10	12	13	6	1	7	11	
1054_A/duck/Taiwan/DV1241 5	11	13	11	9	2	1	11	4	16	1	0	4	2	0	13	6	7	7	0	2	4	2	2	2	9	7	1	3	1	7	2	13	9	23	8	12	8	11	9	16	13	13	12	9	2	5	9	10	4	17	9	7	3	8	6	9	10	12	13	6	1	7	11	
1055_A/duck/Taiwan/DV1242 5	11	13	11	9	2	1	11	4	16	1	0	4	2	0	13	6	7	7	0	2	4	2	2	2	9	7	1	3	1	7	2	13	9	23	8	12	8	11	9	16	13	13	12	9	2	5	9	10	4	17	9	7	3	8	6	9	10	12	13	6	1	7	11	
1056_A/duck/Taoyuan/16010 6	10	13	10	8	4	1	12	2	14	1	0	5	3	0	13	5	7	7	0	3	4	2	2	4	9	8	2	1	1	7	0	17	9	21	10	10	8	14	9	15	13	13	12	7	1	5	8	10	4	14	10	6	3	12	4	10	10	7	13	8	1	12	10	
1057_A/duck/Wuxi/7249/201 6	0	2	8	4	5	11	11	2	18	0	0	6	4	1	12	3	3	6	1	3	4	4	0	8	16	8	3	5	2	3	0	9	7	22	6	13	8	16	6	19	17	12	9	11	1	9	9	1	5	9	5	5	1	10	4	9	16	16	14	7	2	9	14	
1058_A/duck/Xinjiang/12.1 10	8	9	12	7	6	5	5	7	9	1	0	4	2	0	14	1	6	6	0	4	5	3	0	3	9	7	3	3	1	9	1	13	15	18	9	5	4	7	5	15	8	11	10	9	3	7	13	11	5	17	8	10	5	7	8	13	8	18	17	13	2	5	12	
1059_A/duck/Xinjiang/S106 10	9	10	6	8	7	1	12	6	12	0	0	5	2	1	15	2	3	5	0	0	4	5	0	1	12	6	0	5	3	6	2	14	13	22	15	8	6	9	8	18	7	12	6	8	2	8	8	5	9	7	6	5	2	12	9	12	5	10	12	5	1	11	17	
1060_A/duck/Xinjiang/S112 10	9	10	6	8	7	1	12	6	12	0	0	5	2	1	15	2	4	6	0	0	4	5	0	1	12	6	0	5	2	6	2	14	13	21	15	8	6	9	8	18	7	12	6	8	2	8	8	5	8	9	6	5	3	10	9	12	5	10	12	5	1	11	17	
1061_A/duck/Yilan/17A0092 5	10	13	11	8	4	1	11	1	13	1	0	6	3	0	13	5	6	7	0	4	5	2	2	5	11	7	2	1	0	8	0	16	9	22	11	11	8	12	11	15	13	11	16	6	2	6	5	10	5	14	8	5	2	10	4	11	10	7	14	8	1	13	9	
1062_A/duck/Yunlin/15A501 5	10	13	10	9	4	1	12	2	15	1	0	5	2	0	13	6	7	7	0	3	4	2	2	4	9	7	2	1	1	8	0	16	9	21	10	10	8	14	9	15	13	12	12	7	2	5	8	10	4	14	10	6	3	12	4	9	11	7	13	8	1	12	10	
1063_A/duck/Yunlin/17A008 6	10	14	10	8	4	1	11	1	15	1	0	6	2	0	13	4	7	7	0	3	5	2	2	5	10	7	2	1	0	8	0	17	9	22	11	10	8	13	10	15	13	11	16	6	2	7	5	9	5	14	8	6	2	10	4	11	10	6	14	8	1	13	9	
1064_A/duck/Yunlin/17A068 5	10	13	10	9	4	1	12	1	14	1	0	5	3	0	13	5	6	7	0	3	5	2	2	5	10	7	2	2	0	8	0	16	9	23	11	10	9	12	10	14	13	11	15	6	2	5	7	10	5	14	8	6	2	10	4	10	10	7	14	9	1	13	9	
1065_A/duck/Yunlin/18X000 5	8	14	11	9	4	1	11	1	14	1	0	6	4	0	13	6	6	7	0	3	5	2	2	5	10	9	1	1	0	6	1	16	9	23	12	10	8	12	10	15	13	10	15	6	1	6	6	9	5	15	8	7	2	9	4	12	10	7	14	7	1	13	9	
1066_A/duck/Yunlin/150102 5	10	13	11	9	4	1	11	2	15	1	0	5	2	0	13	5	6	7	0	3	5	2	2	5	9	7	2	1	1	8	0	16	9	21	11	10	8	13	9	15	13	12	13	7	2	5	8	10	4	14	9	6	3	12	4	10	10	7	13	8	1	12	10	
1067_A/duck/Yunlin/150102 10	8	9	12	7	6	5	5	6	9	1	0	4	3	0	14	1	6	6	0	4	5	3	0	3	9	7	3	2	1	9	1	14	18	17	8	5	4	9	6	12	8	10	17	8	2	8	7	13	2	14	9	7	6	8	7	13	10	16	15	15	1	7	16	
1068_A/duck/Yunlin/150103 5	10	13	11	9	4	1	11	2	15	1	0	5	2	0	13	5	6	7	0	3	5	2	2	5	9	7	2	1	1	8	0	16	9	21	11	10	8	13	9	15	13	12	13	7	2	5	8	10	4	14	9	6	3	12	4	10	10	7	13	8	1	12	10	
1069_A/duck/Yunlin/150103 5	10	13	11	9	4	1	11	2	15	1	0	5	2	0	13	5	6	7	0	3	5	2	2	5	9	7	2	1	1	8	0	16	9	21	11	10	8	13	9	15	13	12	14	7	2	5	7	10	4	14	9	6	3	11	4	10	10	8	13	8	1	12	10	
1070_A/duck/Yunlin/150103 5	10	13	11	9	4	1	11	2	15	1	0	5	2	0	13	5	6	7	0	3	5	2	2	5	9	7	2	1	1	8	0	16	9	21	11	10	8	13	9	15	13	12	13	7	2	5	8	10	4	14	9	6	3	12	4	10	10	7	13	8	1	12	10	
1071_A/duck/Yunlin/150104 10	8	9	12	7	6	5	5	6	9	1	0	4	3	0	14	1	6	6	0	4	5	3	0	3	9	7	3	2	1	9	1	14	18	17	8	5	4	9	6	12	8	10	17	8	2	8	7	13	2	14	9	7	6	8	7	13	10	16	15	15	1	7	16	
1072_A/duck/Yunlin/150700 5	10	13	10	9	4	1	12	2	15	1	0	5	2	0	13	6	7	7	0	3	4	2	2	4	9	7	2	1	1	8	0	16	9	21	10	10	8	14	9	15	13	12	12	7	2	5	8	10	4	14	10	6	3	12	4	10	10	7	13	8	1	12	10	
1073_A/duck/Yunlin/171100 5	10	13	11	9	4	1	11	1	15	1	0	5	3	0	13	5	6	6	0	3	5	3	2	5	10	7	2	2	0	8	0	15	9	22	11	11	9	12	10	14	13	11	15	6	2	5	7	10	5	14	8	5	2	10	4	13	9	7	13	8	1	13	10	
1074_A/duck/Yunlin/180600 5	10	13	11	9	4	1	11	1	15	1	0	4	3	0	12	5	6	6	0	2	5	3	2	6	10	7	2	3	0	8	1	16	9	22	10	11	9	12	11	13	13	11	15	6	3	5	7	9	4	14	8	6	3	10	4	12	9	7	12	8	1	13	11	
1075_A/duck/Yunnan/03.15_ 6	1	3	8	4	4	10	10	3	17	0	0	5	2	1	12	3	4	6	1	3	3	4	0	7	15	7	3	6	2	3	0	8	8	20	6	12	8	15	6	19	14	11	9	9	1	9	9	0	6	10	4	6	1	9	4	4	16	17	13	7	2	8	15	
1076_A/duck/Yunnan/03.16_ 6	1	3	8	4	4	10	10	3	17	0	0	5	2	1	12	3	4	6	1	3	3	4	0	7	15	7	3	6	2	3	0	8	8	20	6	12	8	15	6	19	14	11	9	9	1	9	9	0	6	10	4	6	1	9	4	4	16	17	13	7	2	8	15	
1077_A/duck/Yunnan/03.16_ 6	0	2	8	4	5	11	11	2	18	0	0	5	4	1	12	3	3	6	1	3	4	4	0	9	17	8	3	5	1	3	0	9	8	20	5	13	8	17	7	20	17	11	9	10	1	10	9	0	6	10	4	6	1	9	4	9	15	17	14	7	1	9	15	
1078_A/duck/Yunnan/03.16_ 6	1	3	8	4	4	10	10	3	17	0	0	5	1	1	12	3	4	6	1	3	3	4	0	7	15	7	3	6	2	3	0	8	8	20	6	12	8	15	6	19	14	11	9	9	2	9	9	0	6	10	4	6	1	9	4	4	16	17	13	7	2	8	15	
1079_A/duck/Yunnan/03.16_ 6	1	3	8	4	4	10	11	3	18	0	0	5	3	1	12	3	4	6	1	3	3	4	0	8	16	8	3	6	2	3	0	9	8	22	6	12	8	15	7	20	17	11	9	10	1	10	9	0	6	10	4	6	1	9	4	6	17	17	14	8	2	8	15	
1080_A/duck/Yunnan/07.15_ 6	1	4	8	4	4	9	11	2	18	0	0	6	3	1	12	3	4	6	1	3	4	4	0	8	16	8	3	5	2	3	0	9	8	22	6	12	8	15	7	18	18	11	9	11	1	10	9	0	5	10	4	6	1	9	4	7	17	17	14	7	3	8	15	
1081_A/duck/Yunnan/07.15_ 6	0	5	8	4	4	9	11	2	18	0	0	6	3	1	12	3	4	6	0	3	4	4	1	8	17	9	2	5	1	3	0	9	8	22	6	12	7	15	7	18	19	11	9	11	1	10	9	0	5	10	4	6	1	9	4	7	17	17	14	7	3	8	15	
1082_A/duck/Yunnan/07.15_ 6	0	5	8	4	4	9	11	2	18	0	0	6	3	1	12	3	4	6	1	3	4	4	0	8	16	8	3	5	2	3	0	9	8	22	6	12	8	15	7	19	18	11	9	11	1	10	9	0	5	10	4	6	1	9	4	6	17	17	14	7	3	8	15	
1083_A/duck/Yunnan/07.15_ 6	1	4	8	4	4	9	11	2	18	0	0	6	3	1	12	3	4	6	1	3	4	4	0	8	16	8	3	5	2	3	0	9	8	22	6	12	8	15	7	18	18	11	9	11	1	10	9	0	5	10	4	6	1	9	4	7	17	17	14	7	3	8	15	
1084_A/duck/Yunnan/S4318/ 6	0	2	9	3	5	11	10	3	17	0	0	4	5	1	12	3	4	6	1	3	5	4	0	6	15	10	3	9	1	2	0	5	10	18	8	15	7	19	6	21	16	15	8	9	1	9	10	0	6	7	4	7	0	10	5	9	15	17	13	5	3	8	14	
1085_A/Duck/Yunnan/YN-2/2 6	1	3	8	4	4	10	11	2	19	0	0	5	3	1	12	3	5	6	1	3	3	4	0	7	15	9	3	6	2	1	0	9	9	21	6	13	6	15	8	20	17	12	9	13	1	10	9	0	5	10	4	6	1	9	4	5	18	18	13	8	2	7	15	
1086_A/Duck/Yunnan/YN-4/2 6	1	3	8	4	4	10	11	2	19	0	0	5	3	1	12	3	5	6	1	3	3	4	0	7	15	9	3	6	2	1	0	9	9	21	6	13	6	15	8	20	17	12	9	13	1	10	9	0	5	10	4	6	1	9	4	5	18	18	13	8	2	7	15	
1087_A/Duck/Yunnan/YN-9/2 6	1	2	8	4	4	11	11	3	19	0	0	5	3	1	12	4	3	6	1	3	4	4	0	8	15	8	3	5	2	3	0	7	8	22	6	12	9	15	7	19	19	10	8	9	0	12	10	2	5	10	4	5	1	9	4	7	19	17	14	7	1	8	15	
1088_A/Duck/Zhanjiang/155 6	0	2	7	4	5	11	12	4	18	0	0	4	4	1	12	3	3	6	1	3	4	4	0	7	16	9	2	6	2	3	0	8	6	19	6	13	8	19	7	19	19	11	10	10	2	10	8	0	5	8	4	6	1	10	4	5	18	17	13	9	2	8	16	
1089_A/duck/Zhejiang/02.2 6	0	3	8	4	5	10	11	3	20	0	0	5	2	1	12	3	3	6	1	4	4	4	0	6	16	8	3	6	2	3	0	8	8	21	5	14	7	14	9	19	16	11	9	11	3	11	9	1	5	9	3	6	1	8	5	9	18	18	14	6	0	8	15	
1090_A/duck/Zhejiang/6D18 10	8	10	12	7	6	5	5	6	9	1	0	5	2	0	14	1	7	6	0	4	5	2	0	3	8	7	1	2	1	10	1	13	16	19	9	5	3	6	5	14	8	10	13	8	4	7	12	13	4	16	8	8	7	6	9	14	8	17	17	13	1	8	12	
1091_A/duck/Zhejiang/7713 6	9	12	12	9	5	2	10	3	15	1	0	7	1	0	12	4	5	7	0	2	5	2	3	4	9	10	2	0	2	5	1	14	14	25	9	12	4	8	10	16	11	11	13	9	3	5	8	8	7	13	7	6	2	12	8	7	9	9	16	10	1	8	10	
1092_A/duck/Zhejiang/7270 4	10	13	11	9	7	1	11	3	13	1	0	4	2	0	13	5	6	6	1	3	4	3	0	3	7	8	3	2	4	6	1	15	14	23	7	11	7	13	11	16	9	12	15	9	1	6	6	11	7	17	8	6	0	8	7	10	8	9	14	7	2	9	8	
1093_A/duck/Zhejiang/7271 6	0	2	8	4	5	11	11	2	19	0	0	5	3	1	12	2	3	6	1	4	4	4	0	9	16	8	3	5	2	3	0	9	8	20	5	13	8	17	7	19	16	12	9	10	1	9	9	0	5	9	4	6	1	10	4	9	16	16	15	8	2	8	16	
1094_A/duck/Zhejiang/9250 10	8	11	12	7	6	4	5	7	9	1	0	3	2	0	14	1	7	6	0	4	5	2	0	3	8	8	2	3	1	9	1	13	16	19	8	5	4	6	6	13	9	10	12	9	3	8	12	13	4	16	8	8	6	6	9	14	8	17	15	13	1	7	14	
1095_A/duck/Zhejiang/9251 10	8	11	12	7	6	4	5	7	9	1	0	3	2	0	14	1	7	6	0	4	5	2	0	3	8	8	2	3	1	9	1	13	16	19	8	5	4	6	6	13	9	9	12	9	3	9	12	13	4	16	8	8	6	6	9	14	8	17	15	13	1	7	14	
1096_A/duck/Zhejiang/1026 5	11	11	14	10	5	2	8	3	13	1	0	5	1	0	13	5	3	10	0	2	6	0	2	1	10	8	1	4	3	7	1	11	15	25	11	12	7	9	9	14	10	11	16	9	0	6	5	8	7	11	6	5	2	14	8	9	10	11	12	11	1	8	12	
1097_A/duck/Zhejiang/1220 11	7	9	8	7	8	2	10	5	12	0	0	9	2	1	14	2	6	5	0	0	2	6	0	1	12	6	0	2	3	5	2	14	14	22	16	6	4	8	8	18	8	12	6	10	3	6	10	6	11	9	9	5	1	11	6	7	5	11	13	9	0	9	16	
1098_A/duck/Zhejiang/S409 9	9	11	6	9	7	0	12	5	13	0	0	7	1	1	15	2	4	6	0	0	4	5	0	1	12	6	0	4	2	6	2	15	13	21	15	6	6	9	8	17	7	12	6	9	2	8	8	5	9	10	5	6	2	10	8	12	5	9	13	5	1	12	17	
1099_A/duck/Zhejiang/S485 5	1	0	10	5	5	12	9	2	17	0	0	5	5	1	12	4	4	6	1	3	4	4	0	8	15	9	2	7	2	3	1	6	9	20	7	14	6	15	6	21	17	11	7	10	1	10	12	1	4	9	4	7	1	10	6	7	16	15	11	6	3	9	17	
1100_A/duck/Zhejiang/W24/ 10	7	10	12	7	7	5	5	6	9	1	0	5	2	0	14	1	7	6	0	4	5	2	0	3	8	7	2	2	1	10	1	13	15	19	10	6	3	6	4	14	8	10	12	8	4	8	12	14	4	16	8	7	7	6	9	14	8	17	17	13	1	7	12	
1101_A/egret/Jiangsu/SD02 10	7	8	11	7	7	5	6	5	8	1	0	6	4	0	14	1	5	8	0	4	6	2	0	4	9	6	2	2	1	11	2	13	13	16	9	7	6	9	5	15	7	11	12	11	2	6	11	9	4	14	9	10	5	9	7	11	9	18	18	12	3	6	12	
1102_A/Egret/Shangdong/JN 6	0	2	9	3	5	11	9	3	17	1	0	5	5	0	12	3	3	6	1	3	6	3	0	4	16	10	3	10	1	3	0	6	9	20	8	12	8	16	6	17	15	15	10	12	1	6	10	0	6	8	4	7	1	12	5	10	16	18	13	4	3	7	14	
1103_A/environment/Hunan/ 6	0	2	8	4	5	11	11	2	19	0	0	6	3	1	12	3	3	6	1	4	4	4	0	7	16	8	3	5	2	3	0	9	8	21	6	13	8	17	6	19	17	11	9	11	1	10	9	1	5	9	4	5	1	9	4	7	17	16	14	8	2	9	15	
1104_A/Environment/Shando 5	6	14	12	7	7	0	10	7	14	1	0	3	3	0	13	4	7	3	0	3	5	5	1	3	8	5	0	2	2	8	2	14	10	20	8	13	5	13	10	15	15	16	13	11	2	5	7	10	8	13	6	4	1	9	7	3	9	15	14	9	3	8	11	
1105_A/Environment/Shando 5	6	14	12	7	7	0	10	7	14	1	0	3	3	0	13	4	7	3	0	3	5	5	1	3	8	5	0	2	2	8	2	14	10	20	8	13	5	13	10	15	15	16	13	11	2	5	7	10	8	13	6	4	1	9	7	3	9	15	14	9	3	8	11	
1106_A/Environment/Shando 7	6	13	12	6	8	1	10	6	14	1	0	4	2	0	12	4	7	4	0	3	5	5	0	3	8	5	1	2	2	7	2	14	9	20	7	15	5	12	10	13	17	14	14	11	1	5	8	8	7	13	7	6	4	10	6	5	7	16	13	8	3	7	12	
1107_A/equine/China/61/20 11	8	9	8	7	7	2	10	7	13	0	0	6	1	1	15	2	6	5	0	0	4	5	1	1	12	6	0	3	1	6	1	12	13	22	16	9	5	9	8	16	8	12	10	8	1	6	6	6	12	10	7	4	1	10	9	11	5	9	14	8	1	10	14	
1108_A/equine/China/67/20 11	8	9	8	7	7	2	10	7	13	0	0	6	1	1	15	2	6	5	0	0	4	5	1	1	12	6	0	3	1	6	1	12	13	22	16	9	5	9	8	16	8	12	10	8	1	6	6	6	12	10	7	4	1	10	9	11	5	9	14	8	1	10	14	
1109_A/equine/China/68/20 11	8	9	8	7	7	2	10	7	13	0	0	6	1	1	15	2	6	5	0	0	4	5	1	1	12	6	0	3	1	6	1	12	13	22	16	9	5	9	8	16	8	12	10	8	1	6	6	6	12	10	7	4	1	10	9	11	5	9	14	8	1	10	14	
1110_A/eurasian_eagle-owl 10	7	8	11	7	7	5	6	6	8	1	0	6	4	0	14	1	5	8	0	4	6	2	0	4	9	6	2	2	1	11	2	13	14	16	9	7	5	9	5	15	7	11	11	11	2	7	12	9	4	14	9	10	5	9	7	11	9	18	18	11	3	6	11	
1111_A/Eurasian_Teal/Hong 11	9	8	8	7	7	8	11	2	12	0	0	9	2	1	15	2	6	4	0	0	5	3	1	0	8	8	1	7	4	6	1	12	14	25	14	12	7	11	10	15	7	8	10	9	3	9	5	10	9	9	9	4	3	11	7	10	3	9	10	6	3	13	17	
1112_A/Eurasian_Teal/Hong 11	9	8	8	7	7	8	11	2	12	0	0	9	2	1	15	2	6	4	0	0	5	3	1	0	8	8	1	7	4	6	1	12	14	24	14	12	7	12	10	14	7	8	10	9	3	9	5	10	9	9	9	4	3	11	7	11	3	7	11	6	3	15	16	
1113_A/Eurasian_Wigeon/Ho 11	9	8	8	7	7	8	11	2	12	0	0	9	2	1	15	2	6	4	0	0	5	3	1	0	8	8	1	7	4	6	1	12	14	24	14	12	7	12	10	14	7	8	10	9	3	9	5	10	9	9	9	4	3	11	7	11	3	7	10	6	3	15	17	
1114_A/Eurasian_Wigeon/Ho 11	9	7	8	7	7	9	11	2	12	0	0	9	2	1	15	2	6	4	0	0	5	3	1	0	8	8	1	7	4	6	1	12	14	24	14	12	7	12	10	14	7	8	10	9	3	9	5	10	9	9	9	4	3	11	7	11	3	7	10	6	3	15	17	
1115_A/Falcated_Duck/Ning 6	0	2	9	4	5	11	10	2	20	0	0	5	2	1	12	3	3	6	1	3	4	4	0	8	16	8	3	6	2	3	0	8	8	20	6	13	8	17	7	19	17	10	11	11	1	10	8	2	5	9	4	5	1	9	4	9	17	17	13	6	2	8	16	
1116_A/Falco_peregrinus/B 11	9	10	8	7	7	5	11	3	13	0	0	7	1	1	16	2	6	4	1	0	5	4	1	0	7	8	0	7	4	6	1	12	13	24	14	11	7	12	10	17	9	7	11	9	3	10	4	9	10	9	9	4	2	11	7	10	2	9	10	6	3	13	18	
1117_A/feline/Guangdong/2 6	0	3	7	4	5	10	12	4	19	0	0	4	3	1	12	3	2	6	1	3	5	4	0	7	16	8	3	6	2	3	0	8	7	20	6	13	7	17	8	19	18	12	10	10	2	9	8	0	5	10	4	6	1	9	4	4	19	17	13	9	2	8	16	
1118_A/Fujian/1/2005|EPI_ 10	7	8	9	8	8	3	9	7	13	1	0	8	1	0	15	2	7	4	0	0	3	6	1	0	13	7	0	3	1	5	2	13	11	23	14	9	5	6	11	12	9	12	10	9	1	6	5	8	9	11	7	4	2	10	9	10	5	11	11	9	2	9	16	
1119_A/Fujian/1/2007|EPI_ 10	6	8	9	8	9	3	9	6	13	1	0	6	1	0	15	2	8	4	0	0	3	5	1	1	12	7	0	4	1	4	2	12	11	23	17	10	5	7	9	15	8	13	10	8	1	6	5	7	9	10	10	5	2	11	8	9	5	10	10	10	1	10	15	
1120_A/Fujian/1/2024(H5N6 7	1	4	8	3	4	9	11	3	20	0	0	3	3	1	12	3	3	6	1	3	5	5	0	8	14	6	2	6	3	5	1	8	9	19	3	13	8	17	9	15	14	14	8	13	4	10	7	0	7	10	4	7	0	7	6	11	16	19	17	6	1	6	12	
1121_A/Fujian/2/2024(H5N6 7	1	4	8	3	4	9	11	3	20	0	0	3	3	1	12	3	3	6	1	3	5	5	0	8	14	6	2	7	3	5	1	8	10	19	3	13	7	17	9	15	14	13	9	12	4	10	7	0	7	10	4	7	0	7	6	11	16	19	18	6	1	6	11	
1122_A/Fujian-Sanyuan/210 8	0	3	8	2	5	10	11	2	19	0	0	5	3	1	12	3	3	6	1	3	4	4	0	8	15	9	2	6	3	3	1	6	8	20	4	16	6	16	9	19	17	12	9	11	1	10	8	0	6	9	5	6	1	9	5	8	16	16	11	7	3	9	17	
1123_A/Fujian-Sanyuan/210 8	0	3	8	2	5	10	11	2	19	0	0	5	3	1	12	3	3	6	1	3	4	4	0	8	15	9	2	6	3	3	1	6	8	20	4	16	6	16	9	19	17	12	9	11	1	10	8	0	6	9	5	6	1	9	5	8	16	16	11	7	3	9	17	
1124_A/Gadwall/Ningxia/47 6	0	2	9	4	5	11	10	2	19	0	0	5	3	1	12	3	3	6	1	3	4	4	0	8	16	8	3	6	2	3	0	8	8	20	6	13	8	17	7	19	17	10	10	11	1	10	9	2	5	9	4	5	1	9	4	9	17	17	14	6	2	8	15	
1125_A/Gallinago_Stenura/ 11	9	8	8	7	7	8	11	2	12	0	0	9	2	1	15	2	6	4	0	0	5	3	1	0	8	8	1	7	4	6	1	12	14	24	14	12	7	12	10	14	7	8	10	9	3	9	5	10	9	9	9	4	3	11	7	11	3	7	10	6	3	15	17	
1126_A/Gallinula_chloropu 6	0	2	8	4	5	11	11	2	19	0	0	5	3	1	12	3	3	6	1	3	4	4	0	8	16	8	3	6	2	3	0	9	7	21	5	13	8	17	7	19	17	11	9	11	1	10	9	0	5	10	4	6	1	9	4	8	16	17	14	8	2	8	15	
1127_A/Goose/_Guangdong_/ 6	0	2	8	4	5	11	11	2	19	0	0	5	3	1	12	3	3	6	1	3	4	4	0	8	16	8	3	6	2	3	0	9	8	20	5	13	8	17	7	19	17	11	9	11	1	10	9	0	5	11	4	6	1	8	4	8	16	17	14	8	2	8	15	
1128_A/Goose/_Guangdong_/ 6	0	2	8	4	6	11	11	2	18	0	0	5	3	1	12	3	3	6	1	3	4	4	0	8	16	8	3	6	2	3	0	8	9	21	6	14	8	16	7	19	16	10	10	11	1	10	9	0	5	10	4	5	1	9	4	7	18	17	13	7	2	8	16	
1129_A/Goose/_Guangdong_/ 6	0	2	8	4	5	11	11	2	20	0	0	5	3	1	12	3	4	6	1	3	3	4	0	8	17	8	3	6	1	3	0	7	8	19	6	13	8	17	7	18	17	11	9	11	1	11	9	1	5	10	4	6	1	9	4	10	17	17	14	6	1	8	15	
1130_A/goose/Anhui/AH350/ 6	1	3	8	5	4	10	11	2	19	0	0	5	3	1	12	3	4	6	1	2	3	4	0	8	17	7	3	6	1	4	0	9	8	19	7	12	8	16	8	20	17	10	10	10	1	10	9	0	5	10	5	6	1	8	3	6	19	18	14	8	1	8	15	
1131_A/goose/Changhua/150 5	10	13	11	9	4	1	11	2	15	1	0	5	2	0	13	5	6	7	0	2	5	2	2	6	9	7	2	1	1	8	0	16	10	21	11	10	7	13	9	16	12	12	13	7	2	5	8	10	4	14	9	6	4	12	4	8	10	7	13	9	1	12	10	
1132_A/goose/Chiayi/15010 5	10	13	11	9	4	1	11	2	15	1	0	5	2	0	13	5	6	7	0	3	5	2	2	5	9	7	2	1	1	8	0	16	9	21	11	10	8	13	9	15	13	12	13	7	2	5	8	10	4	14	9	6	3	12	4	10	10	7	13	8	1	12	10	
1133_A/goose/Chiayi/15010 5	10	13	11	9	4	1	11	2	15	1	0	5	2	0	13	6	6	7	0	3	5	2	2	4	9	7	2	1	1	8	0	16	9	21	11	10	8	13	9	15	13	12	13	7	2	5	8	10	4	14	9	6	3	12	4	10	10	7	13	8	1	12	10	
1134_A/goose/Chiayi/15020 10	8	9	12	7	6	5	5	6	9	1	0	4	3	0	14	1	6	6	0	4	5	3	0	3	9	7	3	2	1	9	1	14	18	17	8	5	4	9	6	12	8	10	17	8	2	8	7	13	2	14	9	7	6	8	7	13	10	16	15	15	1	7	16	
1135_A/goose/Chiayi/16010 5	10	13	10	9	4	1	12	2	15	1	0	5	2	0	13	6	7	7	0	3	4	2	2	4	9	8	2	1	1	7	0	16	9	20	11	10	8	14	9	15	13	13	12	7	1	5	8	10	4	14	10	6	3	12	4	10	10	7	13	8	1	12	10	
1136_A/goose/Chiayi/16040 5	10	13	10	9	3	1	12	2	16	1	0	5	2	0	13	6	7	6	0	3	4	4	1	4	9	8	2	1	1	7	0	16	9	21	11	9	8	14	9	15	13	12	12	7	2	6	7	10	4	14	10	6	3	12	4	11	10	7	13	7	1	12	10	
1137_A/goose/Chiayi/16040 5	10	13	10	9	3	1	12	2	16	1	0	5	2	0	13	6	7	6	0	3	4	4	1	4	9	8	2	1	1	7	0	16	9	21	11	9	8	14	9	15	13	12	12	7	2	6	7	10	4	14	10	6	3	12	4	11	10	7	13	7	1	12	10	
1138_A/goose/Chiayi/17020 5	10	13	11	9	4	1	11	1	14	1	0	6	3	0	13	5	6	7	0	3	5	2	2	5	10	7	2	2	0	7	1	14	9	22	11	10	8	13	10	16	13	11	15	6	2	5	5	12	5	14	8	6	2	11	4	11	10	6	14	8	1	13	9	
1139_A/goose/Chiayi/17040 6	9	13	11	9	5	2	10	2	15	1	0	5	0	0	13	5	6	7	0	3	4	2	2	4	9	7	3	1	2	8	0	16	9	20	10	10	9	15	9	15	13	11	13	7	2	6	7	9	4	14	10	7	3	12	4	9	10	5	12	10	1	13	11	
1140_A/goose/Chiayi/18010 5	10	13	11	9	4	1	11	1	15	1	0	5	3	0	13	5	6	6	0	3	5	3	2	5	10	7	2	2	0	8	0	15	9	22	11	11	9	12	10	14	13	11	15	6	2	5	7	10	5	14	8	6	2	10	4	12	9	7	13	8	1	13	10	
1141_A/goose/Chiayi/18020 5	10	13	11	9	4	1	11	1	15	1	0	7	2	0	13	5	6	6	0	3	5	3	2	5	10	8	2	1	0	7	0	17	9	22	11	10	9	12	10	13	13	11	15	6	2	5	7	9	5	14	8	6	3	10	4	12	9	7	13	8	1	13	10	
1142_A/goose/China/1/2021 10	7	9	11	7	7	5	6	6	8	1	0	5	4	0	14	1	5	7	0	4	6	2	0	4	9	6	2	2	1	11	2	12	14	16	9	7	5	9	5	15	8	11	10	11	2	6	13	10	4	14	9	11	5	9	7	10	8	18	19	12	3	6	11	
1143_A/goose/China/0701/2 6	0	2	8	4	5	11	11	3	19	0	0	3	3	1	12	3	3	6	1	3	5	5	0	8	15	7	2	7	2	4	1	8	7	21	6	14	7	14	7	18	16	13	8	11	2	10	9	0	6	9	4	6	1	9	6	9	18	18	14	7	2	7	13	
1144_A/goose/China/1106/2 6	11	11	15	9	5	2	7	4	13	1	0	4	2	0	13	5	3	10	0	2	6	0	2	1	9	8	1	4	3	7	1	12	14	24	11	11	7	9	9	14	10	11	18	10	2	6	5	8	7	11	6	4	2	14	8	12	8	10	12	10	1	8	11	
1145_A/goose/China/E43/20 10	9	9	8	8	8	2	10	5	10	0	0	6	4	1	15	2	5	5	0	0	2	5	0	1	13	6	0	4	1	6	2	15	13	20	15	9	4	11	8	16	8	9	8	8	2	8	9	4	12	10	7	5	0	10	8	12	6	9	10	6	1	12	18	
1146_A/goose/Chongqing/SD 6	0	3	8	3	5	10	11	3	17	0	0	3	5	1	12	3	4	6	1	3	5	4	0	6	15	10	3	10	1	2	0	6	9	17	8	13	8	19	6	19	17	15	8	11	1	9	10	0	6	7	4	7	0	11	5	9	16	17	12	4	3	8	15	
1147_A/goose/Eastern_Chin 10	8	10	12	7	6	5	5	6	9	1	0	5	2	0	14	1	7	6	0	4	5	2	0	3	8	8	1	2	1	9	1	13	16	19	9	5	4	6	5	13	8	10	13	9	4	8	12	13	4	16	8	8	6	6	9	13	8	17	17	14	1	7	12	
1148_A/goose/Eastern_Chin 10	9	10	12	7	7	5	5	7	8	1	0	4	2	0	15	1	7	4	0	4	5	4	0	2	8	8	2	3	1	9	1	13	16	21	9	6	4	5	5	11	9	10	12	8	3	7	12	15	3	15	8	6	6	7	8	15	8	18	19	14	1	6	10	
1149_A/goose/Eastern_Chin 10	9	10	12	7	6	5	5	6	9	0	0	5	2	1	14	1	7	5	0	4	5	3	0	2	8	8	2	3	1	9	1	12	16	21	9	6	4	5	5	12	9	10	14	8	3	7	10	15	3	18	8	7	5	4	8	15	9	17	21	13	1	7	9	
1150_A/goose/Eastern_Chin 9	8	11	12	7	7	5	6	6	9	1	0	5	2	0	13	1	7	6	0	4	5	2	0	3	8	8	1	2	1	9	1	15	16	20	8	5	4	6	6	13	8	11	13	9	4	7	12	11	4	15	8	8	5	6	9	14	8	16	17	13	1	8	12	
1151_A/goose/Eastern_Chin 6	0	2	8	4	5	11	11	2	19	0	0	5	3	1	12	3	3	6	1	3	4	4	0	9	15	8	3	6	3	3	0	8	8	19	6	13	8	17	7	20	17	12	9	11	1	9	9	1	5	10	4	6	1	9	4	7	17	17	14	7	2	8	15	
1152_A/goose/Fujian/3.15_ 6	0	4	8	4	5	9	11	3	19	0	0	3	3	1	12	3	3	6	1	3	5	5	0	8	15	6	3	7	2	4	1	7	8	21	4	15	6	14	9	19	17	14	8	11	2	9	8	0	5	9	4	6	1	9	6	9	17	18	15	7	2	7	13	
1153_A/goose/Fujian/3.15_ 6	0	4	8	4	5	9	11	3	19	0	0	3	3	1	12	3	3	6	1	3	5	5	0	8	15	6	3	7	2	4	1	7	8	21	4	15	6	14	9	19	17	14	8	11	2	9	8	0	5	9	4	6	1	9	6	9	17	18	15	7	2	7	13	
1154_A/goose/Fujian/3.15_ 6	0	1	9	5	5	12	9	2	18	0	0	4	4	1	12	3	3	6	1	3	5	4	0	8	15	9	2	7	2	3	1	7	9	20	7	15	7	17	6	19	17	12	8	11	1	11	9	1	5	9	5	6	0	9	4	8	16	16	14	5	3	9	14	
1155_A/goose/Fujian/3.15_ 6	0	2	8	4	5	11	11	3	19	0	0	3	3	1	12	3	3	6	1	3	5	5	0	8	15	7	2	7	2	4	1	8	7	21	6	15	6	14	7	18	17	13	7	11	2	10	9	0	6	9	5	6	1	9	5	9	17	18	15	7	2	7	13	
1156_A/goose/Fujian/3.15_ 6	0	1	9	4	5	12	10	2	18	0	0	4	4	1	12	3	3	6	1	3	5	4	0	8	15	9	2	7	2	3	0	6	10	20	7	15	5	17	6	20	18	12	9	11	1	10	10	0	6	9	5	6	0	9	4	8	14	17	14	6	4	8	14	
1157_A/goose/Fujian/10.11 6	0	1	8	4	5	12	11	2	19	0	0	4	3	1	12	3	3	6	1	3	4	4	0	8	16	9	3	7	2	3	0	6	8	20	6	14	7	16	7	20	17	11	11	11	1	10	7	0	5	9	5	7	1	10	5	9	17	14	13	6	2	10	15	
1158_A/goose/Fujian/10.26 6	0	1	9	4	5	12	10	1	19	0	0	6	3	1	12	3	3	6	0	3	4	4	1	8	17	9	2	6	1	3	1	8	10	20	6	14	6	17	7	18	16	13	9	12	1	10	8	0	5	9	6	6	0	8	4	9	17	17	12	6	2	8	16	
1159_A/goose/Fujian/10.26 6	0	1	9	4	5	12	10	1	19	0	0	6	3	1	12	3	3	6	0	3	4	4	1	8	17	9	2	6	1	3	1	8	10	20	6	14	6	17	7	18	16	13	9	12	1	10	8	0	5	9	6	6	0	8	4	9	17	17	12	6	2	8	16	
1160_A/goose/Fujian/10.26 6	0	1	9	4	5	12	10	1	19	0	0	6	3	1	12	3	3	6	0	3	4	4	1	8	17	9	2	6	1	3	1	8	10	20	6	14	6	17	7	18	16	13	9	12	1	10	8	0	5	9	6	6	0	8	4	9	17	17	12	6	2	8	16	
1161_A/goose/Fujian/10.26 6	0	1	9	4	5	12	10	1	19	0	0	6	3	1	12	3	3	6	0	3	4	4	1	8	17	9	2	6	1	3	1	8	10	20	6	14	6	17	7	18	16	13	9	12	1	10	8	0	5	9	6	6	0	8	4	9	17	17	12	6	2	8	16	
1162_A/goose/Fujian/10.26 6	0	1	9	4	5	12	10	1	19	0	0	6	3	1	12	3	3	6	0	3	4	4	1	8	17	9	2	6	1	3	1	8	10	20	6	14	6	17	7	18	16	13	9	12	1	10	8	0	5	9	6	6	0	8	4	9	17	17	12	6	2	8	16	
1163_A/goose/Fujian/10.26 6	0	1	9	4	5	12	10	1	19	0	0	6	3	1	12	3	3	6	0	3	4	4	1	8	17	9	2	6	1	3	1	8	10	20	6	14	6	17	7	18	16	13	9	12	1	10	8	0	5	9	6	6	0	8	4	9	17	17	12	6	2	8	16	
1164_A/goose/Fujian/10.26 6	0	1	9	4	5	12	10	1	19	0	0	6	3	1	12	3	3	6	0	3	4	4	1	8	17	9	2	6	1	3	1	8	10	20	6	14	6	17	7	18	16	13	9	12	1	10	8	0	5	9	6	6	0	8	4	9	17	17	12	6	2	8	16	
1165_A/goose/Fujian/10.26 6	0	1	9	4	5	12	10	1	19	0	0	6	3	1	12	3	3	6	0	3	4	4	1	8	17	9	2	6	1	3	1	8	10	20	6	14	6	17	7	18	16	13	9	12	1	10	8	0	5	9	6	6	0	8	4	9	17	17	12	6	2	8	16	
1166_A/goose/Fujian/10.26 6	0	1	9	4	5	12	10	1	19	0	0	6	3	1	12	3	3	6	0	3	4	4	1	8	17	9	2	6	1	3	1	8	10	20	6	14	6	17	7	18	16	13	9	12	1	10	8	0	5	9	6	6	0	8	4	9	17	17	12	6	2	8	16	
1167_A/goose/Fujian/11.3_ 6	0	1	8	4	5	12	11	2	19	0	0	4	3	1	12	3	3	6	1	3	4	4	0	8	16	9	3	7	2	3	0	6	8	20	6	14	7	16	7	20	17	11	11	11	1	10	7	0	5	9	5	7	1	10	5	9	17	14	13	6	2	10	15	
1168_A/goose/Guangdong/03 6	1	3	8	4	4	10	10	2	18	0	0	5	3	1	12	3	4	6	1	3	3	4	0	7	15	6	3	7	2	4	0	7	8	19	7	12	8	16	6	17	15	11	9	11	1	8	10	0	5	10	4	7	1	9	4	7	17	17	13	7	2	8	15	
1169_A/goose/Guangdong/04 6	0	2	7	4	5	11	12	4	18	0	0	4	4	1	12	4	3	6	1	2	4	4	0	7	16	9	2	6	2	3	0	8	6	19	6	12	9	18	7	20	18	11	10	10	2	10	8	0	5	9	4	6	1	10	4	5	18	17	13	9	2	8	16	
1170_A/goose/Guangdong/04 6	0	2	8	4	5	11	11	2	19	0	0	5	3	1	12	5	3	6	1	2	4	4	0	8	16	8	4	5	2	3	0	9	9	19	5	11	8	17	7	19	17	11	9	11	1	9	9	0	5	10	4	7	1	10	4	8	16	17	14	8	2	8	15	
1171_A/goose/Guangdong/04 6	0	2	8	4	5	11	11	2	19	0	0	5	3	1	12	5	3	6	1	2	4	4	0	8	16	7	4	5	2	4	0	9	9	19	5	11	8	17	7	19	17	11	9	11	1	9	9	0	5	10	4	7	1	10	4	8	16	16	14	8	2	9	15	
1172_A/goose/Guangdong/04 6	0	2	8	4	5	11	10	2	18	0	0	5	2	1	12	5	3	6	1	2	4	4	0	7	15	7	4	5	2	3	0	8	9	17	5	11	8	17	6	18	14	11	9	10	1	8	9	0	5	10	4	7	1	10	4	6	15	17	13	7	2	8	15	
1173_A/goose/Guangdong/04 6	0	2	7	4	5	11	12	4	18	0	0	4	4	1	12	3	3	6	1	3	4	4	0	7	16	9	2	6	2	3	0	8	6	19	6	13	9	18	7	19	18	11	10	10	2	10	8	0	5	9	4	6	1	10	4	5	18	17	13	9	2	8	16	
1174_A/goose/Guangdong/04 6	0	2	7	4	5	11	12	4	18	0	0	4	4	1	12	3	3	6	1	3	4	4	0	7	16	9	2	6	2	3	0	8	6	19	6	13	9	18	7	19	18	11	10	10	2	10	8	0	5	9	4	6	1	10	4	5	18	17	13	9	2	8	16	
1175_A/goose/Guangdong/04 6	0	2	8	4	5	11	11	2	19	0	0	4	3	1	12	3	3	6	1	3	4	4	0	8	16	9	2	7	2	3	1	7	9	20	6	15	6	16	7	18	17	12	9	11	1	10	9	0	5	8	5	6	1	10	5	9	17	17	13	7	2	8	14	
1176_A/goose/Guangdong/04 6	0	2	7	4	5	11	12	4	19	0	0	4	3	1	12	3	3	6	1	3	4	4	0	7	16	8	3	6	2	3	0	8	6	21	5	13	10	16	8	19	18	10	11	10	2	9	9	0	5	9	4	6	1	9	4	5	18	17	13	9	2	8	16	
1177_A/goose/Guangdong/7. 6	0	2	8	4	5	11	11	3	19	0	0	3	3	1	12	3	3	6	1	3	5	5	0	8	15	7	2	7	2	4	1	8	7	21	6	15	6	14	7	18	17	13	8	11	2	9	9	0	6	9	4	6	1	9	5	9	17	18	16	7	2	7	13	
1178_A/goose/Guangdong/k0 10	3	8	9	5	10	4	10	4	15	0	0	5	0	1	12	6	3	6	0	3	6	2	1	3	10	9	1	3	2	1	2	15	8	17	12	5	8	10	6	16	16	19	9	11	1	9	5	11	4	11	11	8	7	10	2	12	8	15	17	10	1	12	13	
1179_A/Goose/Guangdong/PO 6	0	2	8	4	5	11	11	3	19	0	0	2	3	1	12	3	3	6	1	3	5	5	0	8	14	7	2	8	3	4	1	8	8	22	5	15	5	14	8	18	18	13	8	11	2	9	9	0	5	8	4	6	1	9	6	8	17	18	12	8	2	7	16	
1180_A/goose/Guangdong/QY 6	0	2	8	4	5	10	11	2	19	0	0	4	3	1	12	3	2	6	1	3	5	5	0	8	16	8	2	7	2	4	1	7	9	19	7	15	6	16	7	19	17	11	9	11	2	10	8	0	5	9	5	6	1	9	5	8	17	17	13	7	2	8	15	
1181_A/goose/Guangdong/S2 7	0	2	9	2	5	11	10	3	18	0	0	4	4	1	12	3	4	6	1	3	5	4	0	6	15	9	3	9	1	3	0	6	9	18	8	14	7	17	6	19	16	13	10	11	1	9	9	1	6	9	4	7	0	10	5	10	16	17	14	4	3	8	13	
1182_A/goose/Guangdong/S4 6	1	3	8	4	4	10	11	3	20	0	0	3	2	1	12	3	3	6	1	3	5	5	0	8	15	6	2	7	2	5	1	8	8	21	4	13	8	16	8	16	15	13	9	11	4	11	6	0	7	8	4	6	0	9	6	12	17	18	16	5	1	7	13	
1183_A/goose/Guangdong/s1 10	9	10	12	7	8	5	5	7	8	1	0	4	2	0	15	1	6	6	0	4	6	3	0	2	8	8	2	3	1	9	2	13	16	20	9	8	4	5	5	12	8	11	12	8	3	7	10	15	3	16	8	5	5	6	8	14	9	18	19	14	0	6	10	
1184_A/goose/Guangdong/SH 10	9	8	8	9	6	3	10	6	11	0	0	6	3	1	15	2	5	6	0	0	3	5	0	1	13	6	0	4	1	6	2	15	13	19	14	9	5	11	9	19	7	12	7	6	2	6	9	4	12	10	7	4	0	10	8	11	5	11	11	8	1	9	17	
1185_A/goose/Guangdong/YJ 6	0	2	8	4	5	10	11	2	19	0	0	5	3	1	12	3	4	6	1	3	4	5	0	8	16	8	3	6	1	3	0	10	8	20	5	13	8	17	7	18	17	11	9	11	1	10	9	0	6	10	4	6	1	9	4	8	15	17	14	8	2	9	14	
1186_A/goose/Guangxi/S206 10	7	7	11	7	7	6	6	6	8	1	0	5	4	0	14	1	5	8	0	4	6	2	0	4	9	5	2	2	1	12	2	13	13	16	9	7	5	9	5	15	7	11	11	11	3	6	12	9	4	14	9	10	5	9	7	11	9	18	18	12	3	6	12	
1187_A/goose/Guizhou/S154 10	9	8	8	8	7	8	11	2	12	0	0	8	2	1	16	2	5	5	0	0	6	2	1	1	9	7	0	6	3	8	1	13	13	27	16	13	5	10	9	14	8	8	10	9	3	9	4	9	9	7	8	4	2	12	6	10	5	9	9	7	3	13	20	
1188_A/goose/Henan/01.01_ 6	0	1	9	4	5	12	10	2	19	0	0	4	3	1	12	3	3	6	1	3	4	4	0	8	16	9	2	7	2	3	1	8	8	19	6	14	7	15	9	17	19	13	8	13	1	8	10	0	5	9	5	6	0	9	4	9	16	17	13	6	2	8	16	
1189_A/goose/Henan/S1315/ 10	7	8	11	7	7	5	6	6	8	1	0	5	4	0	14	1	5	8	0	4	6	2	0	4	9	6	2	2	1	11	2	13	14	16	9	7	5	9	5	15	7	11	11	11	2	6	12	9	4	14	9	10	5	9	7	11	9	18	18	12	3	6	12	
1190_A/goose/Hubei/113/20 6	0	2	8	4	5	11	11	2	19	0	0	6	3	1	12	3	3	6	1	3	4	4	0	8	16	8	3	5	2	3	0	9	8	21	6	13	8	16	6	19	17	11	9	11	1	10	9	1	5	9	4	5	1	10	4	8	16	16	14	8	2	9	15	
1191_A/goose/HuBei/117/20 6	0	2	8	4	5	12	11	2	19	0	0	6	3	1	12	3	3	6	1	4	5	4	0	7	15	8	3	5	2	3	0	9	8	21	6	13	8	16	6	19	17	11	9	11	1	10	9	1	5	9	4	5	1	9	4	8	16	16	14	8	2	9	15	
1192_A/goose/Hunan/81/201 6	0	2	8	4	5	11	11	2	19	0	0	4	3	1	12	3	3	6	1	3	4	4	0	8	15	9	3	6	2	3	0	7	9	19	7	11	7	17	7	19	16	11	9	11	1	10	9	2	5	8	4	8	1	10	4	7	18	17	14	9	2	8	15	
1193_A/goose/Hunan/82/201 6	0	2	8	4	5	11	11	2	19	0	0	4	3	1	12	3	3	6	1	3	4	4	0	8	15	9	3	6	2	3	0	7	9	19	7	11	7	17	7	19	16	11	9	11	1	10	9	2	5	8	4	8	1	10	4	7	18	17	14	9	2	8	15	
1194_A/goose/Hunan/107/20 6	0	2	8	4	5	11	11	2	19	0	0	6	3	1	12	3	3	6	1	3	4	4	0	8	16	8	3	5	2	3	0	9	8	21	6	13	8	16	6	19	17	11	9	11	1	10	9	1	5	9	4	5	1	10	4	8	16	16	14	8	2	9	15	
1195_A/goose/Hunan/109/20 6	0	2	8	4	5	11	11	2	19	0	0	6	3	1	12	3	3	6	1	3	4	4	0	8	16	8	3	5	2	3	0	9	8	21	5	13	8	16	7	18	18	11	9	11	2	10	9	2	5	8	4	5	1	10	4	8	16	16	14	8	1	9	15	
1196_A/goose/Hunan/110/20 6	0	2	8	4	5	11	11	2	19	0	0	6	3	1	12	3	3	6	1	3	4	4	0	8	16	8	3	5	2	3	0	9	8	21	6	13	8	16	6	19	17	11	9	11	1	10	9	1	5	9	4	5	1	10	4	8	16	16	14	8	2	9	15	
1197_A/goose/Hunan/111/20 6	0	2	8	4	5	11	11	2	19	0	0	5	3	1	12	3	3	6	1	3	4	4	0	8	16	8	3	6	2	3	0	9	8	20	6	13	8	17	6	19	17	11	9	11	1	10	9	1	5	9	4	5	1	10	4	8	16	16	14	8	2	9	15	
1198_A/goose/Hunan/115/20 6	0	2	8	4	6	11	11	2	18	0	0	5	3	1	12	3	3	6	1	3	4	4	0	8	16	8	3	6	2	3	0	9	8	21	6	13	8	17	5	19	17	11	9	11	1	10	9	1	5	10	4	5	1	9	4	8	16	17	14	8	2	8	15	
1199_A/goose/Hunan/116/20 6	0	2	8	4	5	11	11	2	19	0	0	6	3	1	12	3	3	6	1	3	4	4	0	8	16	8	3	5	2	3	0	9	8	22	6	13	8	15	6	19	17	11	9	11	1	10	9	1	5	9	4	5	1	10	4	8	16	16	14	8	2	9	15	
1200_A/goose/Hunan/155/20 6	0	2	8	4	5	11	11	2	19	0	0	4	3	1	12	3	3	6	1	3	4	4	0	8	15	9	3	6	2	3	0	7	9	19	7	11	7	17	7	19	17	11	9	11	1	10	9	2	5	8	4	8	1	10	4	8	17	17	14	8	2	8	15	
1201_A/goose/Hunan/159/20 6	0	2	8	4	5	11	11	2	19	0	0	5	3	1	12	3	3	6	1	3	4	4	0	8	15	9	3	6	2	3	0	7	9	19	6	11	7	17	8	18	17	12	9	11	1	9	9	2	5	8	4	8	1	10	4	7	18	17	14	8	2	8	15	
1202_A/goose/Hunan/160/20 6	0	2	8	4	5	11	11	2	19	0	0	4	3	1	12	3	3	6	1	3	4	4	0	8	15	9	3	6	2	3	0	7	9	19	7	11	7	17	7	19	16	11	9	11	1	10	9	2	5	8	4	8	1	10	4	7	18	17	14	9	2	8	15	
1203_A/goose/Hunan/161/20 6	0	2	8	4	5	11	11	2	19	0	0	5	3	1	12	3	3	6	1	3	4	4	0	9	15	9	3	6	2	3	0	8	8	19	7	11	8	17	7	17	17	11	9	11	1	9	10	1	5	9	4	8	1	9	4	7	18	17	14	8	2	8	15	
1204_A/goose/Hunan/HN11/2 6	0	2	8	4	5	11	11	2	19	0	0	6	3	1	12	3	3	6	1	4	4	4	0	7	16	8	3	5	2	3	0	9	8	20	6	13	8	18	6	19	17	11	9	11	1	10	9	1	5	9	4	5	1	9	4	8	16	16	14	8	2	9	15	
1205_A/goose/Hunan/HN22/2 6	0	2	8	4	5	11	11	2	19	0	0	4	3	1	12	3	2	6	1	3	4	4	0	8	16	8	3	6	3	3	0	6	9	20	6	12	7	16	7	20	16	11	9	10	1	10	9	2	5	9	4	8	1	10	4	7	18	17	14	9	2	8	15	
1206_A/goose/Hunan/HN57/2 6	0	2	8	4	5	11	11	2	19	0	0	4	3	1	12	3	2	6	1	3	4	4	0	8	16	8	3	6	3	3	0	6	9	20	6	12	7	16	7	20	16	11	9	10	1	10	9	2	5	9	4	8	1	10	4	7	18	17	14	9	2	8	15	
1207_A/goose/Hunan/HN88/2 6	0	2	8	4	5	11	11	2	19	0	0	6	3	1	12	3	3	6	1	4	4	4	0	7	16	8	3	5	2	3	0	9	8	21	6	13	8	17	6	19	17	11	9	11	1	10	9	1	5	9	4	5	1	9	4	8	16	16	14	8	2	9	15	
1208_A/goose/Hunan/HN90/2 6	0	2	8	4	5	11	11	2	19	0	0	6	3	1	12	3	3	6	1	4	4	4	0	7	16	8	3	5	2	3	0	9	8	21	6	13	8	17	6	19	17	11	9	11	1	10	9	1	5	9	4	5	1	9	4	8	16	16	14	8	2	9	15	
1209_A/goose/Hunan/HN310/ 6	0	2	8	4	5	11	11	2	19	0	0	5	3	1	12	3	3	6	1	3	4	4	0	8	16	8	3	6	2	3	0	8	7	22	5	14	9	15	7	19	15	11	9	11	1	10	10	2	5	10	3	5	1	8	4	8	18	16	14	7	3	9	15	
1210_A/goose/Hunan/HN311/ 6	0	2	8	4	5	11	11	2	19	0	0	5	3	1	12	3	3	6	1	3	4	4	0	8	16	8	3	6	2	3	0	8	7	23	5	14	9	14	7	19	15	11	9	11	1	10	10	2	5	10	3	5	1	8	4	8	18	16	14	7	3	9	15	
1211_A/goose/Hunan/HN314/ 6	0	2	9	4	5	11	10	2	17	0	0	4	5	1	12	3	3	6	1	3	4	4	0	8	16	9	2	7	2	3	1	7	9	20	6	15	6	16	7	18	17	10	9	11	1	10	10	0	5	9	5	6	1	9	5	9	17	17	13	7	2	9	14	
1212_A/goose/Hunan/HN315/ 6	0	2	9	4	5	11	10	2	17	0	0	4	5	1	12	3	3	6	1	3	4	4	0	8	16	9	2	7	2	3	1	7	9	20	6	15	6	16	7	18	17	10	10	11	1	10	10	0	5	9	5	6	1	9	5	9	17	17	13	7	2	9	13	
1213_A/goose/Hunan/HN316/ 6	0	2	9	4	5	11	10	2	17	0	0	4	5	1	12	3	3	6	1	3	4	4	0	8	16	9	2	7	2	3	1	7	9	19	6	15	6	17	7	18	17	11	9	11	1	9	10	0	5	9	5	6	1	9	5	9	17	17	13	7	2	9	14	
1214_A/goose/Hunan/HN317/ 6	0	2	9	4	5	11	10	2	17	0	0	4	5	1	12	3	3	6	1	3	4	4	0	8	16	9	2	7	2	3	1	7	9	20	6	15	6	16	7	18	17	10	10	11	1	11	8	0	5	9	5	6	1	9	5	9	17	17	13	7	2	9	14	
1215_A/goose/Hunan/HN318/ 6	0	2	8	4	5	11	11	2	19	0	0	4	3	1	12	3	2	6	1	3	4	4	0	8	16	8	3	6	3	3	0	6	9	20	6	12	7	17	7	20	16	11	9	10	1	10	9	2	5	9	4	8	1	9	4	7	18	17	14	9	2	8	15	
1216_A/goose/Hunan/HN319/ 6	0	2	9	4	5	11	10	2	17	0	0	4	5	1	12	3	3	6	1	3	4	4	0	8	16	9	2	7	2	3	1	7	9	19	6	15	6	17	7	18	17	10	9	11	1	10	10	0	5	9	5	6	1	9	5	9	17	17	13	7	2	9	14	
1217_A/goose/Hunan/S11288 10	7	8	11	7	7	5	6	6	9	1	0	5	4	0	14	1	5	8	0	4	6	2	0	4	8	6	2	2	1	11	2	13	14	16	9	6	6	9	5	15	7	10	12	11	2	6	12	9	4	13	10	10	5	9	7	12	8	18	18	12	3	6	12	
1218_A/goose/Hunan/SE284/ 11	9	9	8	7	7	6	11	2	12	0	0	8	2	1	16	2	7	5	0	0	5	4	1	0	8	8	0	7	4	6	1	11	12	24	13	13	8	12	10	16	7	7	11	9	3	10	4	9	10	9	10	4	2	11	7	10	2	9	10	6	3	13	18	
1219_A/goose/Inner_Mongol 9	9	7	10	9	7	9	9	2	13	0	0	8	1	1	16	2	7	7	0	0	4	1	1	3	7	9	0	4	5	5	1	16	11	26	15	11	6	10	9	15	8	10	11	9	3	8	3	8	9	8	9	3	3	12	8	10	4	9	9	7	3	12	19	
1220_A/goose/Jiangsu/k040 9	9	9	8	8	7	2	10	5	12	0	0	6	2	1	15	3	6	5	0	0	1	6	0	2	13	6	0	3	2	6	2	13	14	23	14	7	4	8	9	17	9	12	6	10	1	7	10	6	10	8	10	5	1	12	6	10	5	10	11	7	1	9	17	
1221_A/goose/Jiangsu/QD5/ 10	8	10	12	7	6	5	5	5	9	1	0	5	2	0	14	1	7	6	0	4	5	2	0	4	8	8	1	2	1	9	1	13	16	19	9	5	4	6	5	12	9	10	13	9	4	8	12	13	5	16	8	7	6	6	9	14	8	17	17	13	1	7	12	
1222_A/goose/Jiangsu/S138 10	8	9	11	7	7	5	6	6	7	1	0	5	4	0	14	1	5	7	0	4	6	2	0	4	9	6	2	2	1	11	2	13	14	16	9	7	5	9	5	15	7	10	11	11	2	7	12	9	4	14	8	10	5	9	8	11	9	18	18	12	3	7	11	
1223_A/goose/Jiangxi/01.0 6	0	2	8	4	5	11	11	2	19	0	0	6	3	1	12	3	4	6	1	3	3	4	0	8	16	8	3	5	2	3	0	9	7	21	6	13	9	16	6	19	17	11	9	11	1	10	9	1	5	9	4	5	1	10	4	8	16	17	14	8	2	8	15	
1224_A/goose/Jilin/04.04_ 6	0	2	8	4	5	11	10	2	18	0	0	5	2	1	12	2	3	6	1	5	4	4	0	6	15	7	3	6	2	3	0	8	8	18	5	12	8	17	6	19	13	11	9	10	1	9	9	0	4	9	4	6	2	10	3	7	15	16	15	7	2	8	15	
1225_A/goose/Jilin/S4034/ 9	10	10	6	9	6	1	12	5	13	0	0	7	1	1	15	1	3	6	0	0	5	5	0	1	12	6	0	4	2	6	2	16	13	19	15	6	6	9	9	16	8	13	6	8	2	7	9	6	9	10	8	6	2	10	7	13	4	9	12	5	1	12	16	
1226_A/goose/Liaoning/S12 10	7	8	11	7	7	5	6	6	8	1	0	5	4	0	14	1	5	8	0	4	6	2	0	4	9	6	2	2	1	11	2	12	14	17	9	7	5	9	5	14	8	11	11	11	2	5	12	10	4	14	9	10	5	9	7	11	9	18	19	12	3	6	11	
1227_A/goose/Pingtung/150 5	10	13	11	9	4	1	11	2	15	1	0	5	2	0	13	6	6	7	0	3	5	2	2	4	9	7	2	1	1	8	0	16	9	21	11	10	8	13	9	15	13	12	13	7	2	5	8	10	4	14	9	6	3	12	4	10	10	7	13	8	1	12	10	
1228_A/goose/Pingtung/150 5	10	13	11	9	4	1	11	2	15	1	0	5	2	0	13	6	6	7	0	3	5	2	2	4	9	7	2	1	1	8	0	16	9	21	11	10	8	13	9	15	13	12	13	7	2	5	8	10	4	14	9	6	3	12	4	10	10	7	13	8	1	12	10	
1229_A/goose/Pingtung/150 10	8	9	12	7	6	5	5	6	9	1	0	5	3	0	13	1	6	6	0	4	5	3	0	3	9	7	3	2	1	9	1	14	18	17	8	5	4	9	6	12	8	10	17	8	2	8	7	13	2	14	7	7	6	8	8	13	10	16	16	15	1	7	16	
1230_A/goose/Pingtung/160 11	8	9	11	6	6	5	6	6	9	1	0	5	3	0	13	1	6	5	1	4	5	3	0	3	9	7	3	2	1	9	1	14	18	17	8	5	4	9	6	12	8	10	17	8	2	8	7	13	2	14	7	7	6	8	8	13	10	16	16	15	1	7	16	
1231_A/Goose/Qingyuan/168 6	1	1	9	4	5	12	10	2	19	0	0	4	2	1	12	3	3	6	1	3	4	4	0	8	16	9	2	7	2	3	1	8	8	19	6	15	7	17	7	19	17	13	8	12	1	10	9	0	5	9	5	6	0	9	5	8	17	15	13	6	2	9	15	
1232_A/goose/Shandong/01. 5	11	12	14	10	5	2	8	4	14	1	0	4	1	0	13	5	3	9	0	2	6	0	2	1	9	9	1	4	3	6	1	12	14	23	11	11	7	10	9	14	10	11	18	10	2	6	5	7	7	11	6	5	2	14	8	12	8	11	11	10	1	8	11	
1233_A/goose/Shandong/01. 5	12	11	14	10	5	2	8	4	13	1	0	4	1	0	13	5	3	10	0	2	6	0	2	1	10	9	1	4	2	6	1	12	15	23	11	11	6	10	9	14	10	11	17	10	2	6	5	7	7	11	6	5	2	14	8	12	8	11	12	10	1	8	11	
1234_A/goose/Shandong/02. 7	0	2	9	4	5	11	10	2	19	0	0	4	3	1	12	3	3	6	1	3	4	4	0	8	16	8	3	6	2	3	0	7	7	20	6	12	8	17	7	19	16	11	9	11	1	11	8	2	5	9	4	7	1	9	4	7	18	17	14	9	2	8	15	
1235_A/goose/Shandong/02. 6	0	2	8	4	5	11	11	2	19	0	0	5	3	1	12	3	3	6	1	3	4	4	0	8	16	9	2	6	2	3	0	9	7	21	5	13	9	16	7	20	16	11	9	11	1	10	9	0	5	10	4	6	1	9	4	8	16	17	15	8	2	8	14	
1236_A/goose/Shandong/03. 9	10	10	7	9	6	1	11	4	13	0	0	7	1	1	15	2	4	5	0	0	4	6	0	2	12	6	0	4	2	6	2	16	11	21	15	7	6	9	8	17	8	12	6	7	2	8	8	5	10	9	7	5	1	10	8	13	5	8	12	6	1	13	17	
1237_A/goose/Shandong/03. 3	2	7	9	7	4	5	9	2	17	0	0	4	5	1	12	4	3	7	1	4	6	6	0	7	11	4	2	4	3	5	0	10	9	20	6	12	7	17	9	21	14	12	6	11	1	10	10	1	5	7	5	5	2	10	5	9	13	16	14	6	3	12	15	
1238_A/goose/Shandong/04. 5	11	10	14	10	5	2	8	3	14	1	0	5	1	0	13	5	3	11	0	2	6	0	2	1	9	9	1	4	3	6	1	12	13	23	11	11	8	10	9	14	10	11	18	10	2	6	5	7	7	11	6	5	2	14	8	12	8	10	11	10	1	9	11	
1239_A/goose/Shandong/05. 10	8	9	12	7	5	5	5	6	8	1	0	4	2	0	14	1	7	7	0	4	5	2	0	3	7	7	2	2	1	9	1	11	15	16	9	5	4	7	5	12	8	10	11	7	4	7	13	12	4	16	8	9	6	6	8	14	8	17	17	13	1	7	11	
1240_A/goose/Shandong/05. 10	8	9	12	7	6	5	5	7	9	1	0	4	2	0	14	1	7	7	0	4	5	2	0	3	8	8	2	2	1	9	1	13	15	18	9	5	5	7	5	13	8	11	11	8	4	7	13	12	4	16	8	9	6	6	9	14	8	17	17	14	1	7	12	
1241_A/goose/Shandong/06. 10	8	9	12	7	6	5	5	7	9	1	0	4	2	0	14	1	6	7	0	4	5	2	0	3	8	8	2	2	2	9	1	13	16	18	9	5	4	7	5	13	8	11	11	8	4	7	13	12	4	16	8	9	6	6	9	14	8	17	18	14	1	7	11	
1242_A/goose/Shandong/11. 3	1	6	8	7	5	6	11	2	17	0	0	4	5	1	12	4	4	7	1	4	6	6	0	6	11	5	2	4	4	5	0	11	9	21	6	11	6	18	9	24	16	12	7	12	1	11	9	1	6	8	6	5	3	10	4	9	13	16	15	6	3	13	13	
1243_A/goose/Shandong/12. 7	0	2	9	4	5	11	10	2	19	0	0	4	3	1	12	3	3	6	1	3	4	4	0	8	16	8	3	6	2	3	0	7	7	20	6	12	8	17	7	19	16	11	9	11	1	11	8	2	5	9	4	7	1	9	4	7	18	17	14	9	2	8	15	
1244_A/goose/Shandong/12. 10	8	10	12	7	6	5	5	6	9	1	0	5	2	0	14	1	7	5	2	4	5	2	0	3	8	8	1	2	1	9	0	14	16	19	9	5	4	6	5	13	8	10	13	9	4	8	12	12	3	16	8	8	7	6	9	14	8	17	17	13	1	7	12	
1245_A/Goose/Shandong/211 10	7	8	11	9	6	5	6	5	8	1	0	5	4	0	14	1	5	8	1	4	6	2	0	5	9	6	2	2	1	11	1	13	14	16	9	6	5	9	5	15	7	11	11	11	2	7	12	9	4	14	9	10	5	9	7	11	9	18	18	12	3	6	11	
1246_A/goose/Shandong/GD- 10	7	10	12	7	7	5	5	6	9	1	0	5	2	0	14	1	8	6	0	5	4	2	0	3	8	8	2	2	1	9	1	11	17	19	9	4	4	6	5	13	8	10	12	9	4	8	12	15	4	16	8	7	6	6	8	14	8	17	18	13	1	7	12	
1247_A/goose/Shandong/GS/ 9	9	10	7	9	7	1	11	5	13	0	0	8	1	1	15	2	5	6	0	0	3	5	0	1	13	6	0	3	1	6	2	15	13	21	15	6	5	9	9	19	7	12	7	7	2	7	8	5	12	9	9	5	1	10	7	13	5	10	12	5	1	10	15	
1248_A/goose/Shandong/LQ0 10	9	10	12	7	7	5	5	7	8	1	0	4	2	0	15	1	7	5	0	4	5	4	0	2	8	8	2	3	1	9	1	13	15	19	9	6	3	6	5	11	9	10	12	8	3	7	12	15	4	15	8	6	7	7	8	15	8	18	19	14	1	6	10	
1249_A/goose/Tainan/16040 11	8	8	11	6	6	6	6	6	9	1	0	5	3	0	13	1	6	6	0	4	5	3	0	3	9	7	3	2	1	9	1	14	18	16	9	5	4	9	6	12	8	10	16	8	2	8	7	13	2	14	7	7	6	8	8	12	10	16	17	16	1	7	16	
1250_A/goose/Tainan/16070 11	8	8	11	6	6	6	6	7	9	1	0	4	3	0	13	1	6	6	0	4	5	3	0	3	9	7	3	2	1	9	1	14	18	16	10	5	4	9	5	12	8	10	16	8	2	8	7	13	2	14	7	7	6	8	8	12	10	16	17	16	1	7	16	
1251_A/goose/Tainan/17030 6	10	13	10	8	4	1	12	1	14	1	0	6	3	0	13	5	6	7	0	3	5	2	2	5	10	7	2	1	0	8	0	15	9	22	11	11	8	12	10	15	14	11	16	6	2	5	6	10	5	14	8	6	2	11	4	11	9	8	14	8	1	12	9	
1252_A/goose/Tainan/17030 6	10	13	10	9	4	1	11	1	14	1	0	6	3	0	13	5	6	7	0	4	4	2	2	5	10	7	2	1	0	8	0	17	9	23	11	10	7	12	10	15	13	11	15	7	2	5	7	9	5	14	9	7	2	10	4	11	10	7	13	7	1	13	9	
1253_A/goose/Tainan/18010 5	10	13	11	8	4	1	11	1	15	1	0	5	3	0	13	5	5	7	0	4	6	2	2	5	8	7	2	2	2	7	0	15	9	22	12	11	8	13	9	14	13	12	14	6	2	6	7	10	5	13	8	6	2	11	4	12	9	7	13	8	1	13	10	
1254_A/goose/Tainan/18050 5	10	13	11	8	4	1	11	1	14	1	0	5	3	0	13	5	6	7	0	4	5	2	2	5	10	9	2	2	0	6	0	16	8	24	10	10	8	12	10	15	13	11	14	6	3	5	8	10	5	16	8	6	2	8	4	11	9	7	14	9	1	13	9	
1255_A/goose/Taiwan/01019 10	8	8	12	7	6	6	5	6	9	1	0	4	3	0	14	1	6	6	0	4	5	3	0	3	9	7	3	2	1	9	1	14	18	17	8	5	4	9	6	12	8	10	17	8	2	8	7	14	1	14	8	7	6	8	7	13	10	16	16	15	1	7	16	
1256_A/goose/Taiwan/01022 5	10	13	11	9	4	1	11	2	15	1	0	5	2	0	13	5	6	7	0	3	5	2	2	5	9	7	2	1	1	8	0	16	9	21	11	10	8	13	9	15	13	12	13	7	2	5	8	10	4	14	9	6	3	12	4	10	10	7	13	8	1	12	10	
1257_A/goose/Taiwan/01023 5	10	13	11	9	4	1	11	2	15	1	0	5	2	0	13	6	6	7	0	3	5	2	2	4	9	7	2	1	1	8	0	16	9	21	11	10	8	13	9	16	13	12	13	6	2	5	8	10	4	14	9	6	3	12	4	10	10	7	13	8	1	12	10	
1258_A/goose/Taiwan/01031 5	10	13	11	9	4	1	11	2	15	1	0	5	2	0	13	6	6	7	0	3	5	2	2	4	9	7	2	1	1	8	0	16	9	20	11	10	8	15	9	15	13	11	13	7	2	5	8	11	4	13	9	6	3	12	4	10	10	7	13	8	1	12	10	
1259_A/goose/Taiwan/01038 6	5	7	10	12	5	5	9	2	11	1	0	1	4	0	12	3	6	6	0	1	9	6	0	6	9	6	3	6	1	3	3	10	11	23	9	9	7	14	5	21	20	14	3	7	2	11	9	8	5	14	9	5	6	14	5	13	3	12	13	7	3	8	12	
1260_A/goose/Taiwan/01039 10	8	9	12	6	6	5	5	6	9	1	0	4	3	0	14	1	6	6	0	4	5	3	0	3	8	7	3	2	2	9	1	14	18	17	8	5	4	9	6	12	8	10	17	8	2	8	7	12	2	14	8	8	7	8	7	13	10	16	17	15	1	7	15	
1261_A/goose/Taiwan/01040 5	9	13	11	9	4	1	11	2	15	1	0	5	2	0	13	5	7	7	0	3	5	2	2	5	9	7	2	1	1	8	0	16	9	21	10	10	8	13	10	15	13	12	14	7	2	5	7	10	4	14	9	6	3	11	4	10	10	8	13	8	1	12	10	
1262_A/goose/Taiwan/a015/ 10	8	9	12	7	6	5	5	6	9	1	0	4	3	0	14	1	6	6	0	4	5	3	0	3	9	7	3	2	1	9	1	14	18	17	8	5	4	9	6	12	8	10	17	8	2	8	7	13	2	14	8	7	6	8	7	13	10	16	16	15	1	7	16	
1263_A/goose/Taiwan/TNC1/ 10	8	9	12	7	6	5	5	6	9	1	0	4	3	0	14	1	6	6	0	4	5	3	0	3	9	7	3	2	1	9	1	15	18	17	8	5	4	9	6	12	8	10	17	8	1	8	8	12	2	14	8	7	6	8	7	13	10	16	16	15	1	7	16	
1264_A/goose/Taiwan/TNC3/ 10	8	9	12	7	6	5	5	6	9	1	0	4	3	0	14	1	6	6	0	4	5	3	0	3	9	7	3	2	1	9	1	14	18	17	8	5	4	9	6	12	8	10	17	8	1	8	8	13	2	14	8	7	6	8	7	13	10	16	16	15	1	7	16	
1265_A/goose/Taiwan/TNC4/ 10	8	9	12	7	6	5	5	6	9	1	0	4	3	0	14	1	6	6	0	4	5	3	0	3	9	7	3	2	1	9	1	14	18	17	8	5	4	9	6	12	8	10	17	8	2	8	7	13	2	14	8	7	6	8	7	13	10	16	16	15	1	7	16	
1266_A/goose/Taiwan/TNC9/ 10	8	9	12	7	6	5	5	6	9	1	0	4	3	0	14	1	6	6	0	4	5	3	0	3	9	7	3	2	1	9	1	14	18	17	8	5	4	9	6	12	8	10	17	8	1	8	8	13	2	14	8	7	6	8	7	13	10	16	16	15	1	7	16	
1267_A/goose/Taiwan/TNC10 10	8	9	12	7	6	5	5	6	9	1	0	4	3	0	14	1	6	6	0	4	5	3	0	3	9	7	3	2	1	9	1	15	18	17	8	5	4	9	6	12	8	10	17	8	1	8	8	12	2	14	8	7	6	8	7	13	10	16	16	15	1	7	16	
1268_A/goose/Taiwan/TNC12 10	8	9	12	7	6	5	5	6	9	1	0	4	3	0	14	1	6	6	0	4	5	3	0	3	9	7	3	2	1	9	1	15	18	17	8	5	4	9	6	12	8	10	17	8	1	8	8	12	2	14	8	7	6	8	7	13	10	16	16	15	1	7	16	
1269_A/goose/Taiwan/TNC14 10	8	9	12	7	6	5	5	6	9	1	0	4	3	0	14	1	5	6	0	4	6	3	0	3	9	7	3	2	1	9	1	15	18	17	8	5	4	9	6	12	8	10	17	8	1	8	8	12	2	14	8	7	6	8	7	13	10	16	16	15	1	7	16	
1270_A/goose/Taiwan/TNO3/ 10	8	9	12	7	6	5	5	7	9	1	0	3	3	0	14	1	6	6	0	4	5	3	0	3	9	7	3	2	1	9	1	14	18	17	8	5	4	9	6	12	8	10	17	8	2	8	7	13	2	14	8	7	6	8	7	13	10	16	16	15	1	7	16	
1271_A/goose/Taiwan/TNO9/ 10	8	9	12	7	6	5	5	6	9	1	0	4	3	0	14	1	6	6	0	4	5	3	0	3	9	7	3	2	1	9	1	14	18	17	8	5	4	9	6	12	8	10	17	8	2	8	7	13	2	14	8	7	6	8	7	13	10	16	16	15	1	7	16	
1272_A/goose/Taiwan/TNO15 10	8	9	12	7	6	5	5	6	9	1	0	4	3	0	14	1	6	6	0	4	5	3	0	3	9	7	3	2	1	9	1	14	18	17	8	5	4	9	6	12	8	10	17	8	2	8	7	13	2	14	8	7	6	8	7	13	10	16	16	15	1	7	16	
1273_A/goose/Taiwan/TNO17 10	8	9	12	7	6	5	5	6	9	1	0	4	3	0	14	1	6	6	0	4	5	3	0	3	9	7	3	2	1	9	1	15	18	17	8	5	4	9	6	12	8	10	17	8	1	8	8	12	2	14	8	7	6	8	7	13	10	16	16	15	1	7	16	
1274_A/goose/Taoyuan/1501 10	8	9	12	7	6	5	5	6	9	1	0	4	3	0	14	1	6	6	0	4	5	3	0	3	9	7	3	2	1	9	1	14	18	17	8	5	4	9	6	12	8	10	17	8	2	8	7	13	2	14	9	7	6	8	7	13	10	16	15	15	1	7	16	
1275_A/goose/Taoyuan/1812 5	10	13	11	9	4	1	11	1	15	1	0	5	3	0	13	5	6	7	0	3	5	3	1	5	10	7	2	2	0	8	0	16	10	22	11	10	8	13	9	15	14	11	14	6	0	5	8	10	5	15	8	5	2	10	4	11	9	7	14	9	1	13	9	
1276_A/goose/Xinjiang/12. 6	1	1	9	4	5	12	10	2	20	0	0	5	1	1	12	2	3	6	1	3	4	4	0	8	16	8	3	7	2	3	0	9	8	19	6	14	6	18	7	19	17	10	10	10	1	11	10	2	5	9	3	4	2	9	5	9	17	17	14	7	2	7	14	
1277_A/goose/Xinjiang/12. 6	1	1	9	4	5	12	10	2	20	0	0	5	1	1	12	2	3	6	1	3	4	4	0	8	16	8	3	7	2	3	0	9	8	19	6	14	6	18	7	19	17	10	10	10	1	11	11	2	5	9	3	4	2	9	5	9	17	17	14	7	2	7	13	
1278_A/goose/Xinjiang/12. 10	8	9	12	7	6	5	5	7	9	1	0	4	2	0	14	1	6	6	0	4	5	3	0	3	9	7	3	3	1	9	1	13	15	18	9	5	4	7	5	15	8	11	10	9	3	7	13	11	5	17	8	10	5	7	8	13	8	18	17	13	2	5	12	
1279_A/goose/Xinjiang/12. 10	8	9	12	7	6	5	5	7	9	1	0	4	2	0	14	1	6	6	0	4	5	3	0	3	9	7	3	3	1	9	1	13	15	18	9	5	4	7	5	15	8	11	10	9	3	7	13	11	5	17	8	10	5	7	8	13	8	18	17	13	2	5	12	
1280_A/goose/Xinjiang/12. 10	8	9	12	7	6	5	5	7	9	1	0	4	2	0	14	1	6	6	0	4	5	3	0	3	9	7	3	3	1	9	1	13	15	18	9	5	4	7	5	15	8	11	10	9	3	7	13	11	5	17	8	10	5	6	9	13	8	18	17	13	2	5	12	
1281_A/goose/Xinjiang/12. 10	8	9	12	7	6	5	5	7	9	1	0	4	2	0	14	1	6	6	0	4	5	3	0	3	9	7	3	3	1	9	1	13	15	18	9	5	4	7	5	15	8	11	10	9	3	7	13	11	5	17	8	10	5	7	8	13	8	18	17	13	2	5	12	
1282_A/goose/Yangzhou/042 9	8	11	12	7	5	5	5	6	10	1	0	5	2	0	14	1	7	6	0	4	5	2	0	3	8	7	1	2	1	10	1	13	16	19	9	5	4	6	5	14	8	10	14	10	4	8	11	13	4	16	8	8	6	6	9	13	8	17	17	12	1	7	12	
1283_A/goose/Yangzhou/YZ5 6	0	1	8	4	5	12	11	2	19	0	0	5	3	1	12	2	3	6	1	4	4	4	0	8	16	8	4	6	2	3	0	10	7	23	4	14	8	16	7	19	16	11	7	11	1	9	11	2	5	8	5	4	2	9	4	7	15	16	13	8	3	9	16	
1284_A/goose/Yunlin/15010 5	10	13	11	9	4	1	11	2	15	1	0	5	2	0	13	5	6	7	0	3	5	2	2	5	9	7	2	1	1	8	0	16	9	21	11	10	8	13	9	15	13	12	14	7	2	5	7	10	4	14	9	6	3	11	4	10	10	8	13	8	1	12	10	
1285_A/goose/Yunlin/15010 5	10	13	11	9	4	1	11	2	15	1	0	5	2	0	13	5	6	7	0	3	5	2	2	5	9	7	2	1	1	8	0	16	9	21	11	10	8	13	9	15	13	12	14	7	2	5	7	10	4	14	9	6	3	11	4	10	10	8	13	8	1	12	10	
1286_A/goose/Yunlin/15010 5	10	13	11	9	4	1	11	2	15	1	0	5	2	0	13	5	6	7	0	3	5	2	2	5	9	7	2	1	1	8	0	16	9	21	10	10	8	13	9	15	13	12	14	7	2	5	7	10	4	14	10	6	3	11	4	10	10	8	13	8	1	12	10	
1287_A/goose/Yunlin/15010 5	10	13	11	9	4	1	11	2	15	1	0	5	2	0	13	5	6	7	0	3	5	2	2	5	9	7	2	1	1	8	0	16	9	21	11	10	8	13	9	15	13	12	14	7	2	5	7	10	4	14	9	6	3	11	4	10	10	8	13	8	1	12	10	
1288_A/goose/Yunlin/15040 10	8	9	12	7	6	5	5	6	9	1	0	4	3	0	14	1	6	6	0	4	4	3	0	3	10	7	3	2	1	9	1	14	17	17	8	5	5	9	6	12	8	10	17	8	2	8	7	13	2	14	8	7	6	8	7	13	10	16	16	15	1	7	16	
1289_A/goose/Yunlin/16020 5	10	13	10	9	4	1	12	2	15	1	0	5	2	0	13	6	7	7	0	3	4	2	2	3	9	8	2	2	1	7	0	16	9	20	10	10	8	16	8	15	12	13	12	7	2	5	8	10	4	14	10	6	3	12	4	10	10	8	13	8	1	11	10	
1290_A/goose/Yunlin/16020 5	10	13	10	9	4	2	12	2	15	1	0	5	2	0	13	6	7	8	1	3	4	1	2	4	8	9	2	1	1	7	0	16	9	21	9	10	8	14	9	15	12	13	12	7	2	5	8	10	4	15	10	6	3	10	4	10	10	7	13	8	1	12	10	
1291_A/goose/Yunlin/16040 6	10	13	10	9	4	1	12	2	15	1	0	5	2	0	13	5	7	7	0	3	4	2	2	4	9	8	2	1	1	7	0	16	9	20	10	10	8	15	9	15	12	12	12	7	2	6	7	10	4	14	10	6	3	12	4	10	10	9	13	8	1	11	10	
1292_A/goose/Yunlin/17100 5	10	13	11	9	3	1	11	1	15	1	0	6	3	0	13	5	6	7	0	3	5	2	2	5	10	7	2	1	0	8	0	12	10	22	11	12	8	12	9	15	13	11	14	6	2	5	8	12	5	16	9	6	2	9	4	11	10	7	14	7	1	13	9	
1293_A/goose/Yunlin/18030 5	11	11	11	9	4	3	11	1	14	1	0	6	2	0	13	8	6	7	0	2	5	2	2	4	7	8	1	1	3	7	1	14	9	21	10	10	9	13	8	17	14	12	12	7	2	5	9	8	4	16	9	8	3	9	6	6	9	8	11	10	1	11	13	
1294_A/goose/Yunlin/18030 5	11	11	11	9	4	3	11	1	14	1	0	6	2	0	13	8	6	7	0	2	5	2	2	4	6	8	1	1	4	7	1	14	9	21	10	10	9	13	8	17	14	12	12	7	2	5	9	8	4	16	9	8	3	9	6	6	9	8	11	10	1	11	13	
1295_A/goose/Yunlin/18040 5	10	12	12	9	4	1	11	1	14	1	0	5	3	0	13	5	6	6	1	3	5	2	2	5	10	8	2	2	0	7	0	16	9	23	11	10	8	13	9	15	13	12	14	6	2	5	7	10	5	14	8	5	2	10	4	13	10	8	14	7	1	12	9	
1296_A/goose/Yunlin/18040 5	10	13	10	7	4	1	12	1	14	1	0	5	3	0	13	6	5	7	0	5	5	2	2	5	10	8	2	2	0	7	0	16	9	22	11	10	8	12	10	15	13	11	14	6	2	5	8	10	5	16	8	6	2	9	4	9	10	7	14	10	1	13	9	
1297_A/goose/Yunlin/18090 5	9	13	11	8	5	1	11	1	14	1	0	5	3	0	13	5	6	7	0	4	5	2	2	4	10	9	2	2	0	6	0	14	9	24	12	10	8	12	10	18	13	11	14	6	2	5	7	10	5	14	8	6	2	9	4	10	9	7	13	9	2	13	10	
1298_A/goose/Yunlin/18090 5	10	13	11	9	4	1	11	2	14	1	0	5	3	0	13	4	6	7	0	3	5	2	2	5	9	7	2	1	1	8	0	17	10	23	11	9	7	13	10	15	12	11	14	6	2	5	8	10	5	14	8	6	2	9	4	10	11	9	13	9	2	12	9	
1299_A/goose/Yunlin/18110 5	10	13	11	9	4	1	11	1	14	1	0	5	3	0	13	5	6	7	0	3	5	2	2	5	10	8	2	2	0	7	0	16	10	23	11	9	8	12	9	15	14	11	14	6	0	5	8	9	5	15	8	8	2	9	5	9	10	7	14	10	1	13	9	
1300_A/goose/Yunnan/07.14 6	1	4	8	4	4	9	11	2	18	0	0	6	3	1	12	3	4	6	0	3	4	4	1	8	17	9	2	5	1	3	0	9	8	22	6	12	7	15	7	18	19	11	9	11	1	10	9	0	5	10	4	6	1	9	4	7	17	17	14	7	3	8	15	
1301_A/goose/Yunnan/07.14 6	1	4	8	4	4	9	11	2	18	0	0	6	3	1	12	3	4	6	1	3	4	4	0	8	16	8	3	5	2	3	0	9	8	22	6	12	8	15	7	18	18	11	9	11	1	10	9	0	5	10	4	6	1	9	4	7	17	17	14	7	3	8	15	
1302_A/goose/Zhejiang/771 6	9	12	12	9	5	2	10	3	15	1	0	7	1	0	12	4	5	7	0	2	5	2	3	4	9	10	2	0	2	5	1	14	14	25	9	12	4	8	10	16	11	11	13	9	3	5	8	8	7	13	7	6	2	12	8	7	9	9	16	10	1	8	10	
1303_A/goose/Zhejiang/771 6	9	12	12	9	5	2	10	3	15	1	0	7	1	0	12	4	5	7	0	2	5	2	3	4	9	10	2	0	2	5	1	14	14	25	9	12	4	8	10	16	11	11	13	9	3	5	8	8	7	13	7	6	2	12	8	7	9	9	15	10	1	8	11	
1304_A/goose/Zhejiang/771 6	9	12	12	9	5	2	10	3	15	1	0	7	1	0	12	4	5	7	0	2	5	2	3	4	9	10	2	0	2	5	1	14	14	25	9	12	4	8	10	16	11	11	13	9	3	5	8	8	7	13	7	6	2	12	8	7	9	9	16	10	1	8	10	
1305_A/goose/Zhejiang/112 9	8	10	7	8	9	1	11	5	13	0	0	7	1	1	15	2	4	6	0	0	4	5	0	1	12	6	0	4	2	6	2	15	13	21	15	7	6	8	8	17	7	11	6	8	2	8	9	5	10	9	7	5	1	11	8	13	5	10	11	5	1	11	18	
1306_A/goose/Zhejiang/112 4	1	7	9	6	4	5	10	2	18	0	0	4	5	1	12	4	4	7	1	4	6	6	0	7	13	5	2	4	3	5	0	11	8	22	6	12	8	17	9	22	16	14	4	12	0	11	10	1	6	8	7	5	1	8	4	9	15	17	14	6	2	12	15	
1307_A/goose/Zhejiang/727 6	0	2	8	4	5	11	11	2	19	0	0	5	3	1	12	2	3	6	1	4	4	4	0	9	16	8	3	5	2	3	0	9	8	20	5	13	8	17	7	19	16	12	9	10	1	9	9	0	5	9	4	6	1	10	4	9	16	16	15	8	2	8	16	
1308_A/goose/Zhejiang/727 10	9	9	7	8	7	2	11	5	13	0	0	7	1	1	15	2	5	6	0	0	3	5	0	2	13	7	0	4	1	6	1	15	13	20	15	6	5	9	9	18	7	12	7	7	2	7	8	5	12	10	9	5	1	10	7	13	5	9	11	5	1	11	16	
1309_A/goose/Zhejiang/727 6	0	2	7	5	5	11	12	2	21	0	0	5	2	1	12	2	3	6	1	4	4	5	0	9	17	8	2	5	2	2	0	10	8	21	4	12	10	16	7	18	14	12	9	10	1	9	9	0	5	9	4	6	1	10	4	9	16	16	15	7	2	9	16	
1310_A/goose/Zhejiang/925 6	0	2	8	4	5	11	11	3	20	0	0	4	2	1	12	3	3	6	1	3	4	4	0	8	16	8	3	5	2	3	0	8	8	19	7	13	8	17	8	19	17	11	9	12	2	10	8	1	5	9	5	6	1	9	3	8	17	17	14	7	1	8	15	
1311_A/goose/Zhejiang/925 10	8	9	12	7	6	5	5	7	10	1	0	4	1	0	14	1	7	7	0	4	5	2	0	3	8	8	2	2	1	9	1	13	15	19	8	5	5	7	5	13	9	11	11	8	3	7	13	12	4	16	8	9	6	6	9	14	8	17	17	14	1	7	12	
1312_A/goose/Zhejiang/925 11	7	9	12	7	8	5	5	6	10	1	0	4	1	0	14	1	7	7	0	4	4	2	0	3	8	8	2	2	1	9	1	13	15	19	8	5	5	7	5	13	9	11	11	8	3	7	13	13	4	16	8	8	6	6	9	14	8	17	17	14	1	7	12	
1313_A/goose/Zhejiang/925 3	1	7	9	7	4	5	10	2	18	0	0	4	5	1	12	4	4	7	1	3	6	6	0	7	12	5	2	4	3	5	0	11	9	20	6	14	6	17	9	21	17	13	7	12	1	9	11	1	6	10	5	4	1	10	4	10	14	16	16	6	3	12	13	
1314_A/goose/Zhejiang/925 6	0	2	8	4	5	11	11	3	20	0	0	5	2	1	12	3	3	6	1	3	4	4	0	8	15	8	3	4	2	3	0	8	8	19	7	13	8	17	8	19	17	11	9	12	2	10	8	1	5	9	5	6	1	9	4	8	18	17	13	7	1	9	14	
1315_A/goose/Zhejiang/925 3	1	7	9	7	4	5	10	2	18	0	0	4	5	1	11	4	4	7	1	3	6	6	0	7	12	5	2	4	3	5	0	11	9	20	6	14	6	17	9	21	17	13	7	12	1	9	12	1	6	10	5	4	1	10	4	10	14	16	16	6	3	12	13	
1316_A/goose/Zhejiang/112 4	1	7	9	6	4	5	10	2	18	0	0	4	5	1	12	4	4	7	1	4	6	6	0	7	13	5	2	4	3	5	0	11	8	22	6	12	8	17	9	22	16	14	4	12	0	11	10	1	6	8	7	5	1	8	4	9	15	17	14	6	2	12	15	
1317_A/goose/Zhejiang/S12 10	7	8	11	7	7	5	6	6	8	1	0	5	4	0	14	1	5	8	0	4	6	2	0	4	9	6	2	2	1	11	2	13	14	16	9	7	5	9	5	14	8	11	11	11	2	6	12	9	4	14	9	10	5	9	7	12	9	18	18	11	3	6	12	
1318_A/Great_black-headed 8	10	10	7	11	6	1	12	4	11	0	0	8	3	1	15	1	4	6	0	1	4	5	0	1	12	6	0	4	2	6	2	14	13	21	15	8	6	9	8	17	7	12	6	9	2	7	9	5	10	9	7	4	1	10	8	11	5	9	11	6	1	12	17	
1319_A/Great_Black-headed 10	8	9	12	7	6	5	5	7	9	1	0	4	2	0	14	1	6	7	0	4	5	2	0	3	9	8	2	2	1	9	1	13	15	18	9	5	4	7	4	14	8	11	12	8	4	7	13	11	4	16	8	10	6	7	8	14	8	18	17	13	2	6	12	
1320_A/Great_black-headed 8	10	10	7	11	6	1	11	4	11	0	0	8	3	1	15	1	4	6	0	1	4	5	0	1	12	6	0	4	2	6	2	14	13	21	14	8	6	9	8	17	7	12	6	9	2	7	10	5	10	9	7	4	1	10	8	11	5	9	12	6	1	12	17	
1321_A/Great_Cormorant/Hu 6	0	2	8	4	5	11	11	2	20	0	0	5	3	1	12	3	3	5	1	3	4	5	0	8	16	8	3	6	2	3	0	9	7	21	5	13	9	17	6	20	14	11	9	11	2	9	10	1	5	10	4	5	1	9	4	8	16	16	14	8	2	9	15	
1322_A/Great_Cormorant/Hu 11	7	9	8	7	8	2	10	5	13	0	0	9	1	1	14	2	5	5	0	1	2	6	0	1	12	6	1	2	3	5	1	14	14	21	15	7	4	9	9	17	7	12	6	10	4	6	10	6	11	9	8	4	1	11	6	8	5	10	12	9	0	10	18	
1323_A/Great_Cormorant/Hu 11	7	9	8	7	8	2	10	5	13	0	0	9	1	1	14	2	5	5	0	1	2	6	0	1	12	6	1	2	3	5	1	14	14	21	15	7	4	9	9	17	7	12	6	10	4	6	10	6	11	9	8	4	1	11	6	8	5	10	12	9	0	10	18	
1324_A/Great_Cormorant/Hu 6	0	2	8	4	5	11	11	2	20	0	0	5	3	1	12	3	3	5	1	3	4	5	0	8	16	8	3	6	2	3	0	9	7	21	5	13	9	17	6	19	15	11	9	11	2	9	10	1	5	10	4	5	1	9	4	8	16	16	14	8	2	9	15	
1325_A/Great_Cormorant/Hu 11	6	9	8	7	9	2	10	5	13	0	0	9	1	1	14	2	5	5	0	1	2	6	0	1	12	6	1	2	3	5	1	14	14	21	15	7	4	9	9	18	7	12	6	10	4	6	10	6	11	9	8	4	1	11	6	7	5	10	12	9	0	10	18	
1326_A/Great_Cormorant/Hu 11	6	9	8	7	9	2	10	5	13	0	0	9	1	1	14	2	5	5	0	1	2	6	0	1	12	6	1	2	3	5	1	14	14	21	15	7	4	9	9	18	7	12	6	10	4	6	10	6	10	9	8	5	2	10	6	7	5	10	12	9	0	10	18	
1327_A/Great_Cormorant/Hu 11	7	9	8	7	9	2	10	5	13	0	0	9	1	1	14	2	5	5	0	1	2	6	0	2	12	6	1	2	3	5	1	14	14	21	15	7	4	9	9	17	7	13	5	10	4	6	10	6	10	9	8	4	1	11	6	7	5	10	12	9	0	10	18	
1328_A/Great_Cormorant/Qi 10	8	9	12	7	6	4	5	7	9	1	0	4	2	0	14	2	6	6	1	4	5	2	0	3	9	8	2	2	1	9	0	13	15	18	9	5	4	8	5	14	8	11	11	7	4	7	14	11	5	16	8	10	5	7	8	14	8	18	17	13	2	6	12	
1329_A/Great_Cormorant/Qi 10	8	10	12	7	6	5	5	7	9	1	0	4	2	0	14	1	6	6	0	4	5	2	0	3	9	7	2	2	1	10	1	13	14	18	9	5	5	7	5	14	8	11	11	8	4	7	13	11	5	16	8	10	5	7	8	14	8	18	17	13	2	6	12	
1330_A/Great_Cormorant/Qi 10	8	9	12	7	6	6	5	7	9	1	0	4	2	0	14	1	6	7	0	4	5	2	0	3	9	8	2	2	1	9	1	13	15	18	9	5	4	7	5	14	8	11	11	9	4	7	13	11	5	16	9	10	5	6	7	14	8	18	17	12	2	6	12	
1331_A/Great_Crested_Greb 10	8	9	12	7	6	5	5	7	9	1	0	4	2	0	14	1	6	7	0	4	5	2	0	3	9	8	2	2	1	9	1	13	15	17	9	5	4	8	5	14	8	11	11	8	3	9	11	11	5	16	8	10	5	6	9	14	8	18	17	14	2	6	12	
1332_A/grebe/Ningxia/SD00 10	7	8	11	7	7	5	6	5	8	1	0	5	4	0	14	1	5	8	0	4	6	2	0	5	9	6	2	2	1	11	2	13	14	16	9	7	5	9	5	15	7	11	11	11	2	6	12	8	5	13	9	11	4	10	7	11	9	18	18	12	3	6	12	
1333_A/grebe/Shaanxi/SD00 10	7	8	11	7	7	5	6	5	8	1	0	5	4	0	14	1	5	8	0	4	6	2	0	6	8	6	2	2	1	11	2	13	14	16	9	7	5	9	5	15	7	12	11	11	2	6	12	8	5	13	9	11	4	10	7	11	9	17	18	12	3	6	12	
1334_A/grebe/Shandong/SC1 10	7	8	11	7	7	5	6	6	8	1	0	5	4	0	14	1	5	8	0	4	6	2	0	4	9	6	2	2	1	11	2	13	14	16	9	7	5	9	5	15	7	11	11	11	2	7	12	9	4	14	9	10	5	9	7	11	9	18	18	12	3	6	11	
1335_A/green-winged_teal/ 10	7	8	11	7	7	5	6	6	8	1	0	5	4	0	13	1	5	7	0	4	6	3	0	4	9	6	2	2	1	11	3	13	14	15	9	7	5	10	5	14	7	11	12	11	2	6	11	9	4	14	9	10	5	9	7	13	9	18	18	11	3	7	11	
1336_A/Guangdong/1/2006|E 10	7	8	9	8	8	3	9	7	13	1	0	8	1	0	15	2	7	4	0	0	4	6	1	0	12	7	0	3	1	5	2	12	12	22	15	8	5	6	11	12	9	13	9	9	1	6	5	8	10	11	7	5	2	10	8	11	4	11	12	9	1	9	16	
1337_A/Guangdong/1/2008|E 10	8	9	9	7	8	2	9	7	13	0	0	7	0	1	15	2	6	4	0	0	4	6	1	0	12	7	0	3	1	5	1	11	12	25	12	9	5	7	11	16	9	12	10	7	1	6	6	9	11	12	8	4	2	10	7	9	5	10	12	9	1	10	15	
1338_A/Guangdong/2/2006|E 11	8	9	9	7	7	2	9	6	12	0	0	5	2	1	15	2	6	5	0	0	2	5	0	1	14	6	0	5	1	6	2	13	11	23	15	9	6	8	8	15	9	12	9	9	1	6	7	6	12	10	7	4	1	11	8	11	5	10	13	7	1	9	16	
1339_A/Guangdong/18SF020/ 6	0	1	9	4	5	12	10	3	19	0	0	4	3	1	12	3	3	7	1	3	5	4	0	7	15	9	2	7	2	2	1	7	10	21	7	14	6	16	6	18	17	12	8	13	1	10	9	1	5	9	5	7	0	9	4	8	17	16	13	4	3	9	15	
1340_A/Guangdong/12903/20 6	0	3	8	4	5	11	11	3	19	0	0	4	3	1	12	3	3	7	1	3	5	3	0	8	15	6	2	6	2	5	1	8	8	21	4	13	8	16	8	16	15	13	9	11	4	11	6	0	7	8	5	6	0	8	6	12	17	18	16	5	1	7	13	
1341_A/Guangdong/lgf/2021 6	0	3	8	4	5	10	11	3	20	0	0	3	2	1	12	3	3	6	1	3	5	5	0	8	15	6	2	7	2	5	1	8	8	21	4	13	8	16	8	16	15	13	9	11	4	12	6	0	7	9	4	6	0	8	6	12	17	18	16	5	1	6	13	
1342_A/Guangxi/1/2005|EPI 11	8	9	8	7	7	2	10	6	13	0	0	8	1	1	15	2	6	5	0	0	4	5	1	1	12	6	0	2	1	6	1	11	14	23	16	9	5	9	7	16	8	12	10	8	1	6	6	6	12	10	7	4	1	10	9	11	5	9	15	8	1	10	13	
1343_A/Guangxi/1/2005|EPI 11	8	9	8	7	7	2	10	6	13	0	0	8	1	1	15	2	6	5	0	0	4	5	1	1	12	6	0	2	1	6	1	11	14	23	16	9	5	9	7	16	8	12	10	8	1	6	6	6	12	10	7	4	1	10	9	11	5	9	15	8	1	10	13	
1344_A/Guangxi/1/2008|EPI 10	6	8	8	8	10	3	10	5	12	1	0	8	1	0	15	2	7	5	0	0	3	5	1	0	11	8	0	4	2	4	2	12	11	21	18	10	5	8	9	16	8	12	10	8	1	7	4	8	10	10	10	3	2	11	8	10	5	10	10	8	1	10	15	
1345_A/Guangxi/32797/2018 6	0	1	9	4	5	12	10	2	18	0	0	4	4	1	12	3	3	6	1	3	5	4	0	8	15	9	2	7	2	3	1	7	8	20	6	15	7	17	6	18	18	12	9	12	1	10	9	1	6	9	6	5	0	9	4	8	15	16	14	6	3	9	14	
1346_A/Guangxi/55726/2016 6	0	1	8	4	5	12	11	3	19	0	0	5	3	1	12	3	4	4	2	3	4	5	0	7	15	7	3	6	2	3	0	7	8	22	6	12	8	13	8	19	18	11	8	11	2	10	11	1	5	10	5	5	2	10	4	6	18	16	13	7	2	9	15	
1347_A/Guangzhou/39715/20 6	1	2	8	4	5	11	11	2	18	0	0	5	3	1	12	3	3	6	1	3	4	4	0	8	16	8	3	6	2	3	0	8	9	22	6	12	8	16	8	19	16	10	10	11	1	10	9	0	5	8	4	5	1	9	4	7	18	18	14	8	2	8	15	
1348_A/Guizhou/1/2009|EPI 11	8	8	7	7	7	3	11	4	12	0	0	6	2	1	15	2	6	4	0	0	4	6	1	3	12	7	0	4	1	5	1	11	13	22	15	8	7	9	8	16	8	13	10	8	1	5	7	6	11	10	9	4	1	11	7	11	5	9	14	8	2	10	13	
1349_A/GX-guilin/11151/20 5	0	0	10	4	6	13	9	2	16	0	0	5	5	1	12	4	4	6	1	3	4	4	0	7	15	8	3	8	3	3	1	7	9	19	7	13	6	16	6	21	16	13	8	10	1	9	11	1	4	10	4	7	1	9	6	7	16	16	11	6	3	8	17	
1350_A/GX-hechi/01/2021|E 6	0	1	10	4	6	12	9	2	16	0	0	4	6	1	12	3	4	6	1	3	4	4	0	8	15	9	2	7	2	3	1	7	9	19	7	13	6	16	6	21	16	12	8	11	1	10	11	1	3	10	4	7	1	9	6	7	17	16	11	6	3	8	17	
1351_A/Hangzhou/01/2021|E 5	1	0	10	4	5	13	9	2	16	0	0	5	6	1	12	4	4	6	1	3	4	4	0	8	15	9	2	7	2	3	1	6	9	20	7	14	6	15	6	21	17	11	7	10	1	10	12	1	4	9	4	7	1	10	6	7	16	14	12	6	3	9	17	
1352_A/HeFei04171/2024|EP 6	1	3	10	4	4	10	9	3	20	0	0	3	2	1	12	4	4	6	1	3	5	5	0	7	14	6	2	7	2	5	1	9	8	24	3	13	8	14	10	16	15	13	8	11	4	10	8	0	7	7	4	7	0	8	6	10	17	18	17	5	1	7	12	
1353_A/heron/Kaohsiung/15 6	6	7	9	12	4	6	10	2	11	1	0	1	4	0	12	3	6	6	0	1	9	5	0	7	9	6	4	5	1	3	2	10	10	23	8	9	8	14	6	23	19	14	4	7	2	11	8	7	5	14	9	6	6	14	5	12	3	11	13	7	3	9	12	
1354_A/heron/Taiwan/17DB0 5	10	13	11	9	4	1	11	1	14	1	0	6	3	0	13	5	7	7	0	3	4	2	2	5	10	8	2	1	0	7	0	16	9	22	11	10	8	13	10	15	13	11	15	6	2	5	7	10	5	14	8	6	2	10	4	11	10	7	13	8	1	13	10	
1355_A/Herring_Gull/Hubei 9	8	9	12	7	6	5	5	7	9	1	0	5	2	0	14	1	6	7	0	4	5	2	0	3	9	7	2	2	1	10	1	13	15	18	9	5	4	8	5	14	8	11	11	8	4	7	13	11	5	16	8	10	5	6	8	14	8	18	18	13	2	6	11	
1356_A/hill_myna/Heilongj 10	9	10	5	8	7	1	13	5	12	0	0	7	2	1	15	2	5	5	0	0	3	6	0	1	13	6	0	4	1	6	2	15	13	21	15	7	5	9	8	18	7	12	6	7	2	7	9	5	11	10	9	5	1	10	7	13	5	10	12	5	1	10	16	
1357_A/Hong_Kong/5923/201 10	9	8	8	8	7	3	10	5	11	0	0	7	3	1	15	2	5	5	0	0	3	6	0	1	13	6	0	4	1	6	2	15	13	22	15	9	4	8	8	18	6	12	7	7	2	6	9	4	13	10	7	4	1	10	8	11	5	10	12	7	1	10	17	
1358_A/Hubei/29578/2016_x 6	0	3	7	4	6	10	12	2	19	0	0	5	2	1	12	2	4	6	1	4	4	4	0	9	15	7	3	7	2	3	0	9	7	19	7	13	8	17	5	21	16	11	10	10	1	10	8	0	5	11	4	6	1	8	5	8	17	16	14	8	1	8	16	
1359_A/Hubei/29578/2016|E 6	0	3	7	4	6	10	12	2	19	0	0	5	2	1	12	2	4	6	1	4	4	4	0	9	15	7	3	7	2	3	0	9	7	19	7	13	8	17	5	21	16	11	10	10	1	10	8	0	5	11	4	6	1	8	5	8	17	16	14	8	1	8	16	
1360_A/Hunan/1/2006|EPI_I 11	8	9	8	7	7	2	10	6	13	0	0	7	1	1	15	2	6	5	0	0	4	5	1	1	12	6	0	3	1	6	1	12	13	23	15	9	5	9	8	16	8	12	10	8	1	6	6	6	12	10	8	4	1	10	8	10	5	10	13	9	1	10	14	
1361_A/Hunan/1/2008|EPI_I 10	9	8	9	8	7	3	9	7	13	1	0	8	1	0	15	2	6	5	0	0	3	5	1	0	12	7	0	3	2	5	2	12	10	24	13	9	6	5	12	12	9	12	10	9	1	6	5	9	10	11	7	4	2	10	10	10	6	11	10	9	0	9	16	
1362_A/Hunan/2/2009|EPI_I 11	8	8	7	7	7	3	11	5	12	0	0	6	2	1	15	2	6	5	0	0	4	5	1	2	12	7	0	4	1	5	1	11	13	22	15	9	6	9	8	16	8	12	10	8	1	6	7	5	11	10	9	5	0	11	7	10	6	9	15	9	2	10	12	
1363_A/Japanese_white-eye 10	9	10	6	8	7	1	12	5	12	0	0	7	2	1	15	2	5	5	0	0	3	6	0	1	13	6	0	4	1	6	2	15	13	21	15	7	5	9	8	19	7	12	6	7	2	7	9	5	11	10	9	5	1	10	7	12	5	10	12	5	1	10	16	
1364_A/Jiangsu/1/2007|EPI 11	8	9	9	7	7	2	9	7	14	0	0	7	0	1	15	2	6	4	0	0	4	6	1	0	12	7	0	3	1	5	1	11	12	24	15	9	5	7	9	16	9	12	10	7	1	6	6	9	11	12	7	3	2	10	8	9	5	10	12	9	1	10	15	
1365_A/Jiangsu/1/2018|EPI 6	0	2	8	4	5	11	11	3	19	0	0	3	3	1	12	3	3	6	1	3	5	5	0	8	16	6	2	7	1	5	1	8	8	21	5	14	7	15	8	18	16	14	9	11	3	11	6	0	7	9	4	6	0	8	6	9	17	17	15	6	1	7	14	
1366_A/Jiangsu/1/2018|EPI 6	0	2	8	4	5	11	11	3	19	0	0	3	3	1	12	3	3	6	1	3	5	5	0	8	16	6	2	7	1	5	1	8	8	21	5	14	7	15	8	18	16	14	9	11	3	11	6	0	7	9	4	6	0	8	6	9	17	17	15	6	1	7	14	
1367_A/Jiangsu/1/2020_(H5 5	0	2	7	5	5	11	12	3	19	0	0	3	3	1	12	3	3	6	1	3	4	5	0	8	16	6	2	7	2	5	1	8	8	21	5	14	6	15	8	16	16	12	10	11	3	13	5	0	7	10	3	6	1	7	5	11	17	17	15	6	1	8	15	
1368_A/Jiangsu/1/2020(H5N 5	0	2	7	5	5	11	12	3	19	0	0	3	3	1	12	3	3	6	1	3	4	5	0	8	16	6	2	7	2	5	1	8	8	21	5	14	6	15	8	16	16	12	10	11	3	13	5	0	7	10	3	6	1	7	5	11	17	17	15	6	1	8	15	
1369_A/Jiangsu/2/2007|EPI 11	8	9	9	7	7	2	9	7	14	0	0	7	0	1	15	2	6	4	0	0	4	6	1	0	12	7	0	3	1	5	1	11	12	24	15	9	5	7	9	16	9	12	10	7	1	6	6	9	11	12	7	3	2	10	8	9	5	10	12	9	1	10	15	
1370_A/Jiangsu/JSSZ01/201 6	0	2	8	4	5	11	11	3	19	0	0	3	3	1	12	3	3	6	1	3	5	5	0	8	16	6	2	7	1	5	1	8	8	21	5	14	7	15	8	18	16	14	9	11	3	11	6	0	7	9	4	6	0	8	6	9	17	17	15	6	1	7	14	
1371_A/Jiangxi/1/2005|EPI 11	8	9	9	7	6	2	9	7	14	0	0	7	1	1	15	2	6	4	0	0	4	5	2	0	10	6	0	3	3	6	1	8	14	24	11	12	4	5	14	14	9	12	8	8	1	9	6	8	11	11	9	4	2	9	8	9	5	10	12	10	1	10	14	
1372_A/Jiangxi/16791/2022 5	0	0	10	4	6	13	9	1	16	0	0	6	5	1	12	4	4	6	1	3	4	4	0	8	15	8	3	7	3	3	1	7	9	19	7	12	6	15	7	22	16	12	8	10	1	10	11	1	4	10	4	7	1	10	6	7	17	15	11	6	2	8	17	
1373_A/lesser_kestrel/Hei 12	8	8	8	7	7	2	10	6	13	0	0	7	1	1	15	2	6	5	0	0	4	6	1	0	11	7	0	3	2	5	1	11	13	25	15	9	5	7	8	15	8	12	9	8	1	6	6	8	12	10	7	4	1	10	9	8	7	8	13	9	1	11	16	
1374_A/lion/Hubei/1-2/201 11	9	9	8	7	8	2	10	5	12	0	0	8	1	1	14	2	5	3	0	1	2	7	0	1	12	6	1	3	3	6	1	12	14	21	16	8	4	9	8	18	7	11	6	10	4	7	10	7	10	10	8	4	1	10	6	7	5	10	12	9	0	10	18	
1375_A/Luscinia_cyane/Jia 6	0	3	7	3	5	11	11	2	20	0	0	5	3	1	12	3	3	6	2	3	5	4	1	8	15	7	2	6	2	4	0	9	8	20	5	11	8	15	9	18	16	9	10	12	3	10	10	1	4	10	4	8	2	7	3	10	17	16	14	5	1	9	16	
1376_A/mallard_duck/Shang 10	9	10	12	7	6	5	5	7	8	1	0	4	2	0	14	1	7	6	0	4	5	2	0	3	8	7	2	2	1	10	1	13	16	19	9	6	3	6	5	14	8	11	12	8	4	8	11	13	4	16	8	7	7	6	9	15	8	16	17	13	1	7	12	
1377_A/mallard/Heilongjia 11	8	9	8	7	8	2	10	6	12	0	0	7	2	1	14	2	6	5	0	0	2	5	0	1	12	6	1	3	3	6	1	13	13	22	15	7	4	8	9	17	8	12	6	10	3	6	10	7	11	9	9	3	2	11	6	8	5	10	12	9	0	10	17	
1378_A/Mallard/Jiangxi/JX 6	0	3	8	4	5	10	11	2	20	0	0	5	2	1	11	3	3	6	1	3	4	4	0	8	16	8	3	6	2	3	1	8	8	20	5	13	8	15	9	19	16	13	9	12	3	10	9	1	5	10	4	6	1	8	4	10	17	17	14	6	0	8	15	
1379_A/Mallard/Jiangxi/JX 6	0	3	8	4	5	10	11	2	20	0	0	5	2	1	12	3	3	6	1	3	4	4	0	8	16	8	3	6	2	3	0	8	8	20	5	13	8	15	9	19	16	13	9	11	3	11	9	1	5	10	5	6	1	8	3	11	17	16	13	5	0	7	16	
1380_A/mallard/Ningxia/17 10	8	9	11	7	6	5	6	7	10	1	0	4	1	0	14	2	6	7	0	3	5	2	0	3	9	7	2	2	0	11	0	12	14	16	10	7	3	8	5	14	10	12	10	10	3	6	15	12	5	16	7	10	5	7	9	13	8	18	16	11	2	6	13	
1381_A/mallard/Ningxia/17 10	8	9	11	7	6	5	6	7	10	1	0	4	1	0	14	2	6	7	0	3	5	2	0	3	9	7	2	2	0	11	0	12	14	16	10	7	3	8	5	14	10	12	10	10	3	5	16	12	5	16	7	10	5	7	9	13	8	18	16	11	2	6	13	
1382_A/mallard/Ningxia/23 10	8	9	11	7	6	5	6	7	10	1	0	4	1	0	14	2	6	7	0	3	5	2	0	3	9	7	2	2	0	11	0	12	14	16	10	7	3	8	5	14	10	12	10	10	3	6	15	12	5	16	7	10	5	7	9	13	8	18	16	11	2	6	13	
1383_A/mallard/Ningxia/24 10	8	9	11	7	6	5	6	7	10	1	0	4	1	0	14	2	6	7	0	3	5	2	0	3	9	7	2	2	0	11	0	12	14	16	10	7	3	8	5	14	10	12	9	10	3	6	15	12	5	16	8	10	5	7	9	13	8	18	16	11	2	6	13	
1384_A/mallard/Ningxia/24 10	8	9	11	7	6	5	6	7	10	1	0	4	1	0	14	2	6	7	0	3	5	2	0	3	9	7	2	2	0	11	0	12	14	16	10	7	3	8	5	14	10	12	10	10	3	6	15	12	5	16	7	10	5	7	9	13	8	18	16	11	2	6	13	
1385_A/mallard/Ningxia/24 10	8	9	11	7	6	5	6	7	10	1	0	4	1	0	14	2	6	7	0	3	5	2	0	3	9	8	2	2	0	10	0	12	14	16	10	7	3	8	5	14	10	12	10	10	3	6	15	12	5	16	7	10	5	7	9	13	8	18	16	11	2	6	13	
1386_A/mandarin_duck/Heil 11	9	8	8	7	7	8	11	3	10	0	0	7	4	1	16	2	6	5	0	0	5	2	1	1	8	8	0	6	3	7	1	11	14	25	15	12	7	11	10	14	8	9	11	10	3	9	3	9	9	8	8	4	2	12	7	12	4	8	9	5	3	13	20	
1387_A/mandarin_duck/Hena 11	9	9	8	7	7	6	11	2	12	0	0	8	2	1	16	2	6	5	0	0	5	4	1	0	8	8	0	7	4	6	1	12	13	25	14	12	8	11	10	15	8	7	11	9	3	10	4	9	10	9	9	4	2	11	7	10	2	9	10	6	3	13	18	
1388_A/meerkat/Shanghai/S 11	8	10	8	8	7	1	10	5	12	0	0	7	2	1	15	2	5	5	0	0	3	6	0	1	13	6	0	4	1	6	2	15	12	21	15	6	6	9	8	19	7	12	6	7	2	7	9	5	11	10	8	6	1	10	8	11	5	9	13	5	1	11	16	
1389_A/migratory_waterfow 3	1	6	9	7	4	6	10	2	18	0	0	4	5	1	12	4	4	7	1	4	6	6	0	7	12	5	2	4	3	5	0	11	9	22	6	12	7	18	9	21	16	11	6	12	1	11	10	1	6	8	4	5	1	10	5	10	14	16	16	6	3	12	14	
1390_A/migratory_waterfow 3	1	6	9	7	4	6	10	2	18	0	0	4	5	1	12	4	4	7	1	4	6	6	0	7	12	5	2	4	3	5	0	11	9	22	6	12	7	18	9	21	16	11	6	12	1	11	10	1	6	8	4	5	1	10	5	10	14	16	16	6	3	12	14	
1391_A/mink/China/181/201 6	0	3	8	4	5	10	11	3	19	0	0	3	3	1	12	3	3	6	1	3	5	5	0	8	15	6	3	7	2	5	1	8	7	22	6	15	6	13	7	18	17	13	8	11	2	10	8	0	6	9	4	6	1	9	6	10	17	17	14	6	2	8	13	
1392_A/mink/China/183/201 6	0	2	7	4	5	11	12	4	19	0	0	2	3	1	12	3	3	6	1	3	5	5	0	8	15	7	2	7	2	4	1	8	8	20	7	14	4	13	6	17	18	14	8	11	2	10	9	0	6	9	5	7	2	10	5	9	17	18	14	7	2	7	13	
1393_A/mink/China/191/201 6	0	2	7	4	5	11	12	4	19	0	0	2	3	1	12	3	3	6	1	3	5	5	0	8	15	7	2	7	2	4	1	8	8	20	7	14	4	13	6	17	18	14	8	10	2	10	9	0	6	9	5	7	2	10	5	9	17	18	14	8	2	7	13	
1394_A/mink/China/456/201 6	0	2	8	4	5	11	11	3	19	0	0	3	3	1	12	3	3	6	1	3	5	5	0	8	15	7	2	7	2	4	1	8	8	22	3	14	7	14	9	19	16	13	9	10	3	11	6	0	5	9	4	6	1	9	6	9	17	16	15	7	2	8	14	
1395_A/mink/China/G/2015| 10	9	9	8	7	7	2	10	5	11	0	0	7	3	1	15	2	6	4	0	1	2	8	0	1	13	5	0	4	1	6	2	15	12	22	15	8	5	9	8	17	7	11	7	7	2	7	9	4	11	9	7	5	0	11	8	13	6	10	12	6	1	10	17	
1396_A/mink/China/XB/2015 11	7	9	8	7	8	2	10	5	13	0	0	9	1	1	14	2	5	5	0	1	2	6	0	1	12	6	1	2	3	5	1	14	14	21	16	7	4	9	8	18	7	12	6	10	4	6	10	6	11	9	8	4	1	11	6	7	5	10	12	9	0	10	18	
1397_A/mink/Eastern_China 7	0	2	8	3	5	11	11	3	19	0	0	5	3	1	12	3	3	6	1	3	4	4	0	8	15	9	2	6	3	3	1	6	8	20	4	16	6	16	9	17	17	12	9	12	1	10	8	0	6	9	5	6	1	9	5	9	16	17	11	6	3	8	17	
1398_A/mink/Eastern_China 7	0	2	8	3	5	11	11	3	19	0	0	2	3	1	12	3	3	6	1	3	5	5	0	8	15	7	3	8	2	4	0	8	8	21	6	15	5	16	7	19	17	12	9	11	2	11	8	0	5	8	4	6	1	9	6	8	17	16	13	7	2	8	15	
1399_A/mink/Eastern_China 7	0	2	8	3	5	11	11	3	20	0	0	5	3	1	12	3	3	6	0	3	4	4	1	8	14	9	2	6	3	3	1	6	8	21	4	16	6	15	9	17	17	12	9	12	1	10	8	0	6	9	5	6	1	9	5	9	16	16	11	6	3	9	17	
1400_A/mink/Eastern_China 6	0	2	8	4	5	11	11	3	19	0	0	3	3	1	12	3	3	6	1	3	5	5	0	8	15	7	2	7	2	4	1	8	7	21	6	15	6	14	7	18	16	13	8	11	2	10	9	0	6	9	4	6	1	9	6	9	18	18	14	7	2	7	13	
1401_A/mink/Eastern_China 9	10	7	11	9	6	7	8	4	13	1	0	5	3	0	16	0	6	4	0	1	3	2	1	5	11	9	3	2	2	6	0	14	9	22	13	10	9	14	11	21	10	11	10	8	0	10	4	8	11	10	10	4	1	11	7	7	4	13	17	8	1	8	10	
1402_A/mink/Northern_Chin 5	0	1	9	5	5	12	10	2	19	0	0	5	3	1	12	3	3	5	1	3	4	5	0	8	16	9	2	6	2	3	1	9	8	21	6	11	6	15	7	22	18	12	10	12	1	10	8	0	5	8	5	6	0	11	5	7	17	15	13	6	2	9	15	
1403_A/Muscovy_duck/China 6	0	2	9	3	5	11	10	3	17	0	0	4	5	1	12	3	4	6	1	3	5	4	0	7	15	10	2	8	1	2	1	7	9	19	7	14	7	18	6	19	17	14	9	11	1	9	9	0	6	8	4	7	0	10	5	10	15	16	14	4	3	9	13	
1404_A/Muscovy_duck/China 6	0	2	9	3	5	11	10	3	17	0	0	4	5	1	12	3	4	6	1	3	5	4	0	7	15	10	2	8	1	2	1	7	9	19	7	14	7	18	6	19	17	14	9	11	1	9	9	0	6	8	4	7	0	10	5	10	15	16	14	4	3	9	13	
1405_A/muscovy/duck/Hunan 6	0	2	8	4	5	11	11	2	19	0	0	4	3	1	12	3	3	6	1	3	4	4	0	7	14	8	3	7	3	4	0	7	9	19	7	11	7	17	7	19	16	11	9	11	1	10	9	2	5	8	4	8	1	10	4	7	18	17	14	9	2	8	15	
1406_A/muscovy/duck/Hunan 6	0	2	8	4	5	11	11	2	19	0	0	4	3	1	12	3	3	6	1	3	4	4	0	8	14	8	3	6	3	4	0	8	9	19	7	11	7	17	7	19	16	11	9	11	1	10	9	1	5	8	4	8	1	10	4	7	19	16	14	9	2	8	15	
1407_A/muscovy/duck/Hunan 6	0	2	8	4	5	11	11	2	19	0	0	4	3	1	12	3	3	6	1	3	4	4	0	8	14	8	3	6	3	4	0	7	9	19	7	11	7	17	7	19	16	11	9	11	1	10	9	2	5	8	4	8	1	10	4	7	18	17	14	9	2	8	15	
1408_A/muscovy/duck/Hunan 6	0	2	8	4	5	11	11	2	19	0	0	4	3	1	12	3	3	6	1	3	4	4	0	8	14	8	3	6	3	4	0	7	9	19	7	11	7	17	7	19	16	11	9	11	1	10	10	2	5	8	4	8	1	10	4	7	18	17	14	9	2	8	14	
1409_A/muscovy/duck/Hunan 6	0	2	8	4	5	11	11	2	19	0	0	4	3	1	12	3	3	6	1	3	4	4	0	8	14	8	3	6	3	4	0	7	9	19	7	11	7	17	7	19	16	11	9	11	1	10	9	2	5	8	4	8	1	10	4	7	18	17	14	9	2	8	15	
1410_A/muscovy/duck/Hunan 6	0	2	8	4	5	11	11	2	19	0	0	4	3	1	12	3	3	6	1	3	4	4	0	8	14	8	3	6	3	4	0	8	9	19	7	11	7	17	7	19	16	11	9	11	1	10	9	1	5	8	4	8	1	10	4	7	18	17	14	9	2	8	15	
1411_A/muscovy/duck/Hunan 6	0	2	8	4	5	11	11	2	20	0	0	5	2	1	12	3	3	6	1	3	4	4	0	9	16	8	3	5	2	3	0	9	8	21	6	13	8	16	6	19	16	11	9	11	1	9	10	1	5	10	4	5	1	9	4	8	17	16	14	8	2	9	15	
1412_A/muscovy/duck/Hunan 6	0	2	8	4	5	11	11	2	20	0	0	5	2	1	12	3	3	6	1	3	4	4	0	8	16	8	3	6	2	3	0	9	8	21	6	13	8	16	6	19	15	11	9	11	1	9	10	1	5	10	4	5	1	9	4	8	18	16	14	8	2	9	15	
1413_A/muscovy/duck/Hunan 6	0	2	8	4	5	11	11	2	20	0	0	5	2	1	12	3	3	6	1	3	4	4	0	8	16	8	3	6	2	3	0	9	7	20	5	13	8	16	7	19	17	12	9	10	2	9	10	1	5	10	4	5	1	9	4	8	16	16	14	9	2	9	15	
1414_A/muscovy/duck/Hunan 6	0	2	8	4	5	11	11	2	20	0	0	5	2	1	12	3	3	6	1	3	4	4	0	8	16	8	3	6	2	3	0	9	8	21	6	13	8	16	6	19	16	11	9	11	1	9	10	1	5	10	4	5	1	9	4	8	17	16	14	8	2	9	15	
1415_A/muscovy/duck/Hunan 6	0	3	8	4	5	10	11	2	19	0	0	6	3	1	12	3	3	6	1	3	4	4	0	8	16	8	3	5	2	3	0	9	8	21	6	13	8	16	6	19	17	11	9	11	1	10	9	1	5	9	4	5	1	10	4	8	16	16	14	8	2	9	15	
1416_A/muscovy/duck/Hunan 6	0	2	8	4	5	11	11	2	19	0	0	6	3	1	12	3	3	6	1	4	4	4	0	7	16	8	3	5	2	3	0	9	8	21	6	13	8	17	6	19	17	11	9	11	1	10	9	1	5	9	4	5	1	9	4	8	16	16	14	8	2	9	15	
1417_A/muscovy/duck/Hunan 6	0	2	8	4	5	11	11	2	19	0	0	5	3	1	12	3	3	6	1	3	4	4	0	8	16	8	3	6	2	3	0	9	8	21	6	13	8	16	6	18	17	11	9	12	1	10	9	1	5	9	4	5	1	10	3	8	16	16	14	8	2	9	16	
1418_A/muscovy/duck/Hunan 6	0	2	8	4	5	11	11	2	20	0	0	5	2	1	12	3	3	6	1	3	4	4	0	8	16	8	3	6	2	3	0	9	8	21	6	13	8	16	6	19	16	11	9	11	1	9	10	1	5	10	4	5	1	9	4	8	17	16	14	8	2	9	15	
1419_A/muscovy/duck/Hunan 6	0	2	8	4	5	11	11	2	19	0	0	4	3	1	12	3	2	6	1	3	5	4	0	8	16	8	3	6	2	3	0	8	10	20	6	11	5	18	7	20	16	11	9	11	1	10	9	2	5	9	4	7	1	9	4	6	18	17	14	9	2	8	15	
1420_A/muscovy/duck/Hunan 6	0	2	8	4	5	11	11	2	20	0	0	5	2	1	12	3	3	6	1	3	4	4	0	9	16	8	3	5	2	3	0	9	8	21	6	13	8	16	6	19	16	11	9	11	1	9	10	1	5	10	4	5	1	9	4	8	17	16	14	8	2	9	15	
1421_A/muscovy/duck/Hunan 6	0	2	8	4	5	11	11	2	20	0	0	5	2	1	12	3	3	6	1	3	4	4	0	9	16	8	3	5	2	3	0	9	8	21	6	13	8	16	6	19	16	11	9	11	1	9	10	1	5	10	4	5	1	9	4	8	17	16	14	8	2	9	15	
1422_A/muscovy/duck/Hunan 6	0	2	8	4	5	11	11	2	19	0	0	4	3	1	12	3	3	6	1	3	4	4	0	8	15	9	3	6	2	3	0	7	9	19	7	11	7	17	7	19	16	11	9	11	1	10	9	2	5	8	4	8	1	10	4	7	18	17	14	9	2	8	15	
1423_A/muscovy/duck/Hunan 6	0	2	8	4	5	11	11	2	19	0	0	5	3	1	12	3	3	6	1	3	4	4	0	8	16	8	3	6	2	3	0	9	7	22	5	13	9	15	7	19	16	10	8	11	1	11	11	2	5	10	4	5	1	8	4	8	17	16	13	7	3	9	15	
1424_A/muscovy/duck/Hunan 6	0	2	8	4	5	11	11	2	19	0	0	5	3	1	12	3	3	6	1	3	4	4	0	8	16	8	3	6	2	3	0	8	7	23	5	14	9	14	7	19	16	11	9	11	1	10	10	2	5	10	4	5	1	8	4	8	17	16	13	7	3	9	15	
1425_A/muscovy/duck/Hunan 6	0	2	8	4	5	11	11	2	19	0	0	5	3	1	12	3	3	6	1	3	4	4	0	8	16	8	3	6	2	3	0	8	7	23	5	14	9	14	7	19	16	11	9	11	1	10	10	2	5	10	4	5	1	8	4	8	17	16	13	7	3	9	15	
1426_A/muscovy/duck/Hunan 6	0	2	8	4	5	11	11	2	19	0	0	5	3	1	12	3	3	6	1	3	4	4	0	8	16	8	3	6	2	3	0	9	7	23	5	13	9	14	7	19	15	11	9	11	1	10	10	2	5	10	4	5	1	8	4	8	18	16	13	7	3	9	15	
1427_A/muscovy/duck/Hunan 6	0	2	8	4	5	11	11	2	19	0	0	5	3	1	12	3	3	6	1	3	4	4	0	8	16	8	3	6	2	3	0	8	7	23	5	14	9	14	7	19	15	11	9	11	1	10	10	2	5	10	4	5	1	8	4	8	18	16	13	7	3	9	15	
1428_A/muscovy/duck/Hunan 6	0	2	8	4	5	11	11	2	19	0	0	5	3	1	12	3	3	6	1	3	4	4	0	8	16	8	3	6	2	3	0	10	7	22	5	12	9	14	7	19	16	11	9	11	1	11	10	2	5	10	4	5	1	9	4	8	17	16	13	7	3	8	15	
1429_A/muscovy/duck/Hunan 6	1	2	8	4	5	11	10	2	17	0	0	5	4	1	12	3	3	6	1	3	4	4	0	8	16	8	3	5	2	3	0	8	6	23	6	14	9	13	7	19	15	11	9	11	1	11	10	2	5	10	5	5	1	8	4	8	18	16	13	8	3	9	15	
1430_A/muscovy/duck/Hunan 6	0	2	8	4	5	11	11	2	19	0	0	5	3	1	12	3	3	6	1	3	4	4	0	8	16	8	3	6	2	3	0	9	7	22	5	13	9	15	7	19	16	11	9	11	1	10	10	2	5	10	4	5	1	8	4	8	17	16	13	7	3	9	15	
1431_A/muscovy/duck/Hunan 6	0	2	8	4	5	11	11	2	19	0	0	5	3	1	12	3	3	6	1	3	4	4	0	8	16	8	3	6	2	3	0	9	7	22	5	13	9	15	7	19	16	12	8	11	1	9	11	2	5	10	4	5	1	8	4	8	17	16	13	7	3	9	15	
1432_A/muscovy/duck/Hunan 6	0	2	8	4	5	11	11	2	19	0	0	5	3	1	12	3	3	6	1	3	4	4	0	8	16	8	3	6	2	3	0	8	7	23	5	14	9	14	7	19	16	11	9	11	1	10	10	2	5	10	4	5	1	8	4	8	17	16	13	7	3	9	15	
1433_A/muscovy/duck/Hunan 6	0	2	8	4	5	11	11	2	19	0	0	5	3	1	12	3	3	6	1	3	4	4	0	8	16	8	3	6	2	3	0	8	7	23	5	14	9	14	7	19	15	11	9	11	1	10	10	2	5	10	4	5	1	8	4	8	18	16	13	7	3	9	15	
1434_A/muscovy/duck/Hunan 6	0	2	8	4	5	11	11	2	19	0	0	5	3	1	12	3	3	6	1	3	4	4	0	8	16	8	3	6	2	3	0	8	7	23	5	14	9	14	7	19	16	12	8	11	1	9	11	2	5	10	4	5	1	8	4	8	17	16	13	7	3	9	15	
1435_A/muscovy/duck/Hunan 6	0	2	8	4	5	11	11	2	19	0	0	5	3	1	12	3	3	6	1	3	4	4	0	8	16	8	3	6	2	3	0	8	7	22	5	14	9	15	7	19	15	11	9	11	1	10	10	2	5	10	4	5	1	8	4	8	18	16	13	7	3	9	15	
1436_A/muscovy/duck/Hunan 6	0	2	8	4	5	11	11	2	19	0	0	5	3	1	12	3	3	6	1	3	4	4	0	8	16	8	3	6	2	3	0	8	7	23	5	14	9	14	7	19	16	11	9	11	1	10	10	2	5	10	4	5	1	8	4	8	17	16	13	7	3	9	15	
1437_A/muscovy/duck/Hunan 6	0	2	8	4	5	11	11	2	19	0	0	5	3	1	12	3	3	6	1	3	4	4	0	8	16	8	3	6	2	3	0	8	7	23	5	14	9	14	7	19	15	12	8	11	1	9	11	2	5	10	4	5	1	8	4	8	18	16	13	7	3	9	15	
1438_A/muscovy/duck/Hunan 6	0	2	8	4	5	11	11	2	19	0	0	5	3	1	12	3	3	6	1	3	4	4	0	8	16	8	3	6	2	3	0	9	7	23	5	13	9	13	7	19	17	10	8	11	1	12	11	2	5	10	4	5	1	8	4	8	16	16	13	7	4	9	14	
1439_A/muscovy/duck/Hunan 6	0	3	8	4	5	10	11	2	19	0	0	5	3	1	12	3	3	6	1	3	4	4	0	8	16	8	3	6	2	3	0	9	7	23	5	13	9	14	7	19	16	10	8	11	1	11	11	2	5	10	4	5	1	8	4	8	17	16	13	7	3	9	15	
1440_A/mute_swan/Inner_Mo 10	7	8	11	7	7	5	6	6	8	1	0	5	4	0	14	1	5	8	0	4	6	2	0	4	9	6	2	2	1	11	2	13	14	16	9	7	5	9	5	15	7	11	11	11	2	7	12	9	4	14	9	10	5	9	7	11	9	18	18	12	3	6	11	
1441_A/mute_swan/Shandong 10	7	8	11	7	7	5	6	6	8	1	0	5	4	0	14	1	5	8	0	4	6	2	0	4	9	6	2	2	1	11	2	13	14	15	9	7	6	9	5	14	7	11	11	11	2	6	12	9	5	14	9	10	5	8	7	12	8	19	18	12	3	6	12	
1442_A/Nanjing/1/2015|EPI 11	7	9	8	7	8	2	10	5	13	0	0	9	1	1	14	2	5	5	0	1	2	6	0	1	12	6	1	2	3	5	1	14	14	22	15	7	4	8	9	18	7	12	6	10	4	6	10	6	11	9	8	4	1	11	6	7	5	10	12	9	0	10	18	
1443_A/Northern_Pintail/H 6	0	1	9	4	5	12	10	2	19	0	0	4	3	1	12	3	3	6	1	3	5	4	0	7	15	9	2	8	2	3	1	7	9	19	6	15	7	16	8	18	17	13	8	13	1	9	9	0	5	9	5	6	0	9	4	9	16	17	13	6	2	8	16	
1444_A/oriental_magpie_ro 6	0	2	7	4	6	11	12	2	20	0	0	5	1	1	12	2	3	6	1	4	4	4	0	9	16	7	3	5	2	4	0	9	7	19	6	13	8	16	6	20	16	11	10	11	1	10	8	0	6	10	4	6	1	10	5	8	16	15	16	8	2	9	14	
1445_A/ostrich/Suzhou/097 10	7	9	9	8	8	2	9	3	12	0	0	10	2	1	15	2	5	4	0	0	4	6	1	1	10	7	0	3	3	4	3	11	12	21	12	11	6	8	12	15	9	12	9	8	1	6	5	7	9	10	7	4	4	11	10	10	4	8	14	8	2	12	14	
1446_A/parrot/Guangdong/2 9	9	11	13	6	5	3	8	2	14	1	0	5	1	0	13	5	6	7	0	2	4	2	1	2	8	8	3	3	2	7	0	14	10	21	9	13	9	15	8	16	11	13	9	8	2	6	11	9	6	16	9	9	3	11	6	8	8	5	12	7	3	13	10	
1447_A/parrot/Guangdong/C 11	7	9	9	7	7	2	9	6	13	0	0	8	1	1	15	2	7	4	0	0	4	6	1	0	11	7	0	3	2	5	2	9	14	23	14	12	4	6	11	14	9	12	8	8	1	7	5	8	11	11	8	3	2	10	9	10	5	8	13	9	1	11	15	
1448_A/Pavo_cristatus/Chi 6	0	1	9	4	5	13	10	1	19	0	0	6	3	1	12	4	3	6	0	2	4	3	1	8	17	9	2	6	1	3	1	8	10	20	6	14	6	17	7	19	16	13	9	12	1	10	8	0	5	9	6	6	0	8	4	8	17	17	12	6	2	8	16	
1449_A/Pavo_cristatus/Chi 6	0	1	9	4	5	13	10	1	19	0	0	6	3	1	12	4	3	6	0	2	4	3	1	8	17	9	2	6	1	3	1	8	10	20	6	14	6	17	7	19	16	13	9	12	1	10	8	0	5	9	6	6	0	8	4	8	17	17	12	6	2	8	16	
1450_A/Pavo_cristatus/Jia 6	0	2	8	4	5	11	11	2	19	0	0	4	3	1	12	3	3	6	1	3	5	4	0	8	15	8	2	7	2	4	1	7	9	20	6	15	6	16	7	19	17	11	9	11	2	10	8	0	5	9	5	6	1	9	5	8	17	17	13	7	2	8	15	
1451_A/peacock/Yunnan/1/2 11	6	9	8	7	9	2	10	5	13	0	0	9	1	1	14	2	5	5	0	1	2	6	0	2	11	6	1	2	3	4	1	14	14	20	15	7	4	10	9	18	7	12	6	10	4	7	10	6	11	9	7	4	1	11	6	7	5	10	12	9	0	10	19	
1452_A/peacock/Yunnan/3/2 11	6	9	8	7	9	2	10	5	13	0	0	9	1	1	14	2	5	5	0	1	2	6	0	1	12	6	1	2	3	4	1	14	14	20	15	7	4	10	9	18	7	12	6	10	4	7	10	6	11	9	7	4	1	11	6	7	5	10	12	9	0	10	19	
1453_A/Peregrine_Falcon/H 10	7	8	11	7	7	5	6	6	8	1	0	5	4	0	14	1	5	8	0	4	6	2	0	4	9	5	2	2	1	12	2	13	13	16	9	7	5	9	5	15	7	11	11	11	3	6	12	9	4	14	9	10	5	9	7	11	9	18	18	12	3	6	12	
1454_A/Phalacrocorax/Hube 6	0	2	8	4	5	11	11	2	20	0	0	5	3	1	12	3	3	5	1	3	4	5	0	8	16	8	3	6	2	3	0	9	7	21	5	13	9	17	6	20	14	11	9	11	2	9	10	1	5	10	4	5	1	9	4	8	16	16	14	8	2	9	15	
1455_A/Phalacrocorax/Hube 6	0	2	8	4	5	11	10	2	19	0	0	5	2	1	12	3	3	5	1	3	4	5	0	7	15	7	3	6	2	3	0	8	7	19	5	13	9	17	5	17	14	11	9	10	2	8	10	1	5	10	4	5	1	9	4	6	14	16	13	7	2	9	15	
1456_A/pheasant/Hebei/B02 10	7	8	11	7	7	5	6	5	8	1	0	6	4	0	14	1	5	8	0	4	6	2	0	4	9	6	2	2	1	11	3	13	14	16	9	7	5	9	5	15	7	11	9	11	2	6	13	9	4	14	9	10	5	9	7	11	9	18	18	12	3	6	12	
1457_A/pigeon/Fujian/1.17 6	0	1	8	4	5	12	11	2	19	0	0	4	3	1	12	3	3	6	1	3	4	4	0	8	16	9	3	7	2	3	0	6	8	20	6	14	7	16	7	20	17	11	11	11	1	10	7	0	5	9	5	7	1	10	5	9	17	14	13	6	2	10	15	
1458_A/pigeon/Guangdong/0 6	0	2	8	4	5	11	11	2	19	0	0	4	3	1	12	3	3	6	1	3	4	4	0	8	16	9	2	7	2	3	1	7	9	20	6	15	7	16	7	20	17	12	10	10	1	10	7	0	5	9	5	6	0	9	5	8	17	17	13	7	2	8	15	
1459_A/pigeon/Guangdong/0 6	1	3	8	4	4	10	11	2	19	0	0	5	3	1	12	3	4	6	1	3	3	4	0	7	16	7	3	7	2	4	0	8	8	21	6	14	7	16	7	19	17	11	9	11	1	10	9	1	5	10	3	5	1	9	4	7	18	17	14	7	2	8	16	
1460_A/pigeon/Guangdong/0 6	0	2	8	4	5	11	11	2	19	0	0	4	3	1	12	3	3	6	1	3	4	4	0	8	16	9	2	7	2	3	1	7	9	20	6	15	7	16	7	18	17	12	9	11	2	10	8	0	5	9	5	6	0	9	5	8	17	17	13	7	2	8	15	
1461_A/pigeon/Hainan/1.14 6	0	2	8	4	5	11	11	3	20	0	0	3	2	1	12	3	3	6	1	3	5	5	0	8	15	7	2	7	2	4	1	8	7	21	6	15	6	14	7	18	17	12	8	11	2	11	9	0	6	9	4	6	1	9	6	9	17	17	14	7	2	8	13	
1462_A/pigeon/Hubei/RP25/ 10	7	7	9	8	8	4	9	6	13	1	0	5	1	0	15	2	9	4	0	0	3	4	0	1	12	7	0	5	1	4	3	12	11	22	18	10	6	7	8	14	7	14	11	8	1	5	4	6	10	11	9	6	2	11	7	9	5	12	11	10	0	10	15	
1463_A/Pigeon/Hunan/04.14 3	1	7	10	7	4	5	9	1	19	0	0	4	4	1	12	4	4	7	1	4	6	6	0	8	12	5	2	4	3	5	1	11	9	19	6	12	7	18	9	20	16	13	6	12	1	10	9	1	6	10	5	5	1	10	4	10	14	14	18	7	3	14	12	
1464_A/pigeon/Jiangsu/12. 8	9	10	7	10	7	1	11	5	13	1	0	7	1	0	15	2	4	6	0	0	4	5	0	1	12	6	0	4	2	6	2	15	13	21	16	7	6	9	7	17	7	11	6	8	2	8	9	5	10	9	7	5	1	10	8	12	5	9	11	6	1	12	18	
1465_A/Pigeon/Jiangxi/02. 6	0	2	7	4	6	11	12	3	19	0	0	5	1	1	12	2	3	6	1	4	4	4	0	9	16	7	3	4	2	4	0	9	8	19	6	13	8	15	7	20	16	11	11	12	1	10	7	0	5	10	4	6	1	10	5	8	16	16	15	8	2	7	16	
1466_A/Pigeon/Jiangxi/04. 6	0	2	7	4	5	11	11	2	19	0	0	5	1	1	12	2	3	6	1	4	4	4	0	6	15	6	3	5	2	4	0	8	9	16	6	12	8	16	5	18	12	11	10	10	1	9	8	0	5	10	4	6	0	11	5	6	15	15	13	7	2	8	15	
1467_A/pigeon/Jiangxi/S40 9	10	6	11	8	7	10	8	4	11	0	0	5	2	1	16	3	4	6	0	0	6	1	1	5	10	7	1	3	3	8	0	15	10	26	15	12	9	8	8	15	5	10	11	10	3	9	3	8	9	8	10	3	4	12	8	9	5	10	11	7	3	11	17	
1468_A/pigeon/Jilin/04.25 6	0	2	8	4	5	11	11	2	19	0	0	5	3	1	12	2	3	6	1	5	4	4	0	7	16	8	3	6	2	3	0	9	8	20	6	12	8	17	6	20	16	11	9	11	1	10	9	0	4	9	4	6	2	10	3	9	16	16	16	8	2	8	15	
1469_A/pigeon/Jilin/04.25 9	9	10	6	9	7	1	12	4	13	0	0	8	1	1	15	2	4	6	0	0	4	5	0	1	12	6	0	4	2	6	2	15	13	21	15	7	6	9	8	16	7	12	6	8	2	8	8	5	9	9	7	5	2	10	8	13	5	9	12	6	1	12	17	
1470_A/pigeon/Jilin/S4176 9	9	10	6	9	7	1	12	6	13	0	0	7	1	1	15	1	4	6	0	0	4	5	0	1	12	6	0	4	2	6	2	16	13	16	14	6	6	11	9	17	7	13	7	8	2	7	7	6	8	12	9	6	2	9	7	12	5	9	12	5	1	12	17	
1471_A/Pigeon/Shandong/WS 5	6	14	13	8	7	0	9	6	14	1	0	4	3	0	13	4	8	4	0	3	5	4	1	3	8	5	0	2	1	8	2	14	10	20	8	13	7	12	10	15	15	15	14	11	2	6	7	8	7	13	6	6	2	9	7	3	8	15	14	8	4	6	11	
1472_A/pigeon/Sichuan/04. 3	1	6	8	7	5	6	10	2	15	0	0	4	6	1	12	4	4	7	1	4	6	6	0	7	10	4	2	4	4	5	0	10	9	20	6	12	7	17	9	21	14	12	6	11	1	10	10	1	6	8	5	5	1	10	4	8	13	17	15	7	3	11	14	
1473_A/pigeon/Sichuan/NCX 10	9	8	8	8	8	3	10	7	11	0	0	5	2	1	15	2	5	5	0	0	3	5	0	1	13	6	0	4	1	6	2	15	13	20	14	9	5	11	9	19	7	12	7	6	2	5	9	4	12	10	7	4	0	10	8	11	5	12	11	9	1	8	17	
1474_A/pigeon/Zhejiang/11 9	8	10	7	8	9	1	11	5	13	0	0	7	1	1	15	2	4	6	0	0	4	5	0	1	12	6	0	4	2	6	2	15	13	21	15	7	6	8	8	17	7	11	6	8	2	8	9	5	10	9	7	5	1	11	8	13	5	10	11	5	1	11	18	
1475_A/pigeon/Zhejiang/11 9	9	10	7	9	7	1	11	4	13	0	0	7	1	1	15	2	4	6	0	0	4	5	0	2	12	6	0	4	2	6	2	15	13	21	15	7	6	8	8	17	7	12	6	7	2	8	8	5	10	9	7	5	1	11	8	14	5	9	12	5	1	12	17	
1476_A/pigeon/Zhejiang/72 10	9	9	7	8	7	2	11	5	13	0	0	7	1	1	15	2	6	6	0	0	3	5	0	2	12	7	0	4	1	6	1	15	13	20	15	6	5	9	9	18	7	12	7	7	2	7	8	5	12	10	9	5	1	10	7	13	5	9	11	5	1	11	16	
1477_A/plateau_pika/Qingh 10	8	9	9	8	7	2	9	3	12	0	0	10	2	1	15	2	6	4	0	0	4	6	1	1	11	7	0	3	2	5	2	10	10	22	13	12	6	7	11	14	10	12	7	7	1	7	5	7	12	10	8	4	3	11	10	11	4	8	15	8	1	11	14	
1478_A/Quail/Guangxi/GX-2 6	0	1	9	4	5	12	10	2	19	0	0	4	4	1	12	3	3	6	1	3	4	4	0	8	16	9	2	7	2	3	1	7	8	20	7	15	7	16	7	18	17	15	7	13	2	10	9	0	5	9	4	6	0	9	5	9	15	15	13	6	3	9	15	
1479_A/quail/Jiangsu/k010 12	5	8	7	7	8	5	11	3	15	0	0	5	0	1	12	4	4	5	0	1	5	3	0	5	11	9	1	5	2	1	1	14	8	15	11	5	7	12	9	17	16	17	12	10	0	7	6	14	5	10	9	6	8	9	3	10	7	15	16	9	2	14	14	
1480_A/quail/Jiangxi/B9/2 7	0	3	7	3	4	10	13	2	20	0	1	4	3	0	10	3	3	6	1	3	7	4	1	8	15	7	2	6	2	4	0	9	8	19	5	9	8	15	9	19	15	8	10	12	3	9	10	1	4	10	3	8	2	7	3	9	17	16	13	5	1	9	16	
1481_A/quail/Nanchang/663 10	9	8	8	8	7	3	10	6	11	0	0	7	3	1	15	2	5	4	0	0	3	6	0	1	13	5	1	4	1	7	1	15	13	22	15	9	5	9	8	17	7	12	7	7	2	6	9	4	11	10	7	4	1	10	8	11	5	10	11	7	1	10	18	
1482_A/Quail/Zhanjiang/16 6	0	1	9	4	5	12	10	2	19	0	0	4	3	1	12	3	4	6	1	3	3	4	0	8	16	9	2	7	2	3	1	8	9	20	6	15	6	15	8	19	17	12	8	12	1	9	10	0	5	9	5	6	0	9	5	9	17	17	13	5	2	8	15	
1483_A/Quanzhou/2/2024|EP 7	1	4	8	3	4	9	11	3	20	0	0	3	3	1	12	3	3	6	1	3	5	5	0	8	14	6	2	7	3	5	1	8	10	19	3	13	7	17	9	15	14	13	9	12	4	10	7	0	7	10	4	7	0	7	6	11	16	19	18	6	1	6	11	
1484_A/Shandong/1/2009|EP 10	8	9	9	8	7	2	9	6	14	0	0	7	0	1	15	2	6	5	0	0	4	5	1	1	12	7	0	3	1	5	1	9	14	23	15	9	4	9	8	16	9	12	10	7	1	6	6	9	12	12	7	4	1	10	8	9	5	9	12	9	1	11	15	
1485_A/Shenzhen/1/2015|EP 7	0	2	7	3	6	11	12	2	20	0	0	5	1	1	12	2	4	6	1	4	3	4	0	9	16	7	3	5	2	4	0	9	7	19	6	13	8	16	6	20	16	11	9	11	1	10	9	0	6	9	4	6	1	11	5	7	16	16	15	9	2	8	15	
1486_A/Shenzhen/1/2016|EP 5	0	2	7	5	6	11	12	2	21	0	0	5	1	1	12	2	3	6	1	4	4	4	0	9	14	7	3	5	3	4	0	9	8	18	6	12	8	17	6	20	17	11	10	11	1	10	8	0	5	10	4	6	1	10	5	8	16	16	15	8	2	8	15	
1487_A/Shenzhen/TH001/201 7	0	2	7	3	6	11	12	2	20	0	0	5	1	1	12	2	4	6	1	4	3	4	0	9	16	7	3	5	2	4	0	9	7	19	6	13	8	16	6	20	16	11	9	11	1	10	9	0	6	9	4	6	1	11	5	7	16	16	15	9	2	8	15	
1488_A/Shenzhen/TH003/201 6	0	2	7	4	6	11	12	2	20	0	0	5	1	1	12	2	3	6	1	4	4	4	0	9	16	7	3	5	2	4	0	8	10	18	5	14	8	17	6	20	16	12	11	11	1	9	8	0	5	10	4	5	1	10	5	8	16	16	14	8	2	8	15	
1489_A/Shoveller/Ningxia/ 6	1	2	9	4	5	11	10	2	20	0	0	6	1	1	12	2	3	6	1	3	4	4	0	9	16	7	3	5	2	4	0	8	8	21	6	14	8	17	7	19	16	10	10	10	1	11	9	2	5	8	4	4	1	9	4	9	17	17	13	7	3	7	16	
1490_A/Sichuan/1/2006|EPI 11	8	9	8	7	7	2	10	6	13	0	0	7	1	1	15	2	6	4	0	0	4	6	1	1	12	7	0	3	1	5	1	11	13	23	15	9	5	9	8	15	9	11	9	8	1	7	7	7	11	11	6	5	2	10	9	9	5	9	13	9	1	10	15	
1491_A/Sichuan/2/2006|EPI 11	8	9	8	7	7	2	10	7	13	0	0	7	1	1	15	2	6	5	0	0	4	6	1	0	12	7	0	3	1	5	1	12	13	22	15	9	5	9	8	15	9	11	9	8	1	7	7	7	11	11	6	4	2	10	10	9	5	9	12	9	1	10	15	
1492_A/Sichuan/26221/2014 3	1	6	9	7	5	6	10	2	15	0	0	4	7	1	12	4	4	7	1	4	6	6	0	7	11	5	2	4	4	5	0	11	9	22	6	12	7	16	9	22	16	13	6	12	1	11	10	1	6	7	5	5	1	11	4	8	14	16	16	7	3	12	14	
1493_A/silkie_chicken/Don 6	0	2	8	4	5	11	11	2	20	0	0	5	2	1	12	3	3	6	1	3	4	4	0	8	16	8	3	6	2	3	0	8	8	20	6	13	8	17	7	19	17	11	9	11	1	10	9	1	5	9	4	6	1	9	4	8	17	17	14	7	2	8	15	
1494_A/Spatula_querquedul 11	9	9	8	7	7	6	11	2	12	0	0	8	2	1	16	2	6	5	0	0	5	4	1	0	8	7	0	7	4	6	1	12	13	24	14	12	8	12	10	16	7	8	11	9	3	10	4	9	10	9	9	4	2	11	7	10	2	8	10	6	3	14	18	
1495_A/Spoonbill/HK/17-18 5	0	6	9	6	4	5	10	4	17	0	0	4	6	1	12	1	4	4	0	5	5	8	1	7	12	5	1	6	3	6	1	11	12	22	4	10	4	15	12	19	17	10	12	10	0	10	7	2	7	14	4	5	3	6	5	13	13	13	16	7	4	13	13	
1496_A/spoonbill/Taiwan/D 5	0	6	8	6	4	5	10	4	16	0	0	5	6	1	12	1	4	4	0	5	5	8	1	7	11	5	1	5	3	5	1	10	12	19	4	10	4	17	11	18	16	10	11	9	0	9	8	2	6	14	4	5	3	6	5	12	13	13	15	7	4	13	13	
1497_A/spot_billed_duck/N 5	0	7	11	6	4	5	8	4	18	0	0	4	5	1	12	1	4	4	0	5	5	7	1	8	14	4	1	4	3	6	1	11	12	20	5	10	3	17	12	22	15	10	12	10	1	10	9	2	6	14	5	7	3	5	4	10	12	15	13	7	5	10	16	
1498_A/spot-billed_duck/N 5	0	7	11	6	4	5	8	4	18	0	0	4	5	1	12	1	4	4	0	5	5	7	1	8	14	4	1	4	3	6	1	11	12	21	5	10	3	16	12	22	16	10	12	10	1	10	9	2	6	14	5	7	3	5	4	10	11	15	13	7	5	11	15	
1499_A/Streptopelia_decao 6	1	3	7	4	5	10	12	2	20	0	0	5	3	1	12	3	2	6	2	3	4	4	0	8	16	8	2	6	1	3	0	8	8	20	5	13	8	15	9	19	16	12	8	11	3	10	10	1	5	10	4	6	1	8	3	10	17	17	14	6	0	8	16	
1500_A/Streptopelia_decao 6	0	3	8	4	5	10	11	2	20	0	0	5	2	1	12	3	3	6	1	3	4	4	0	8	16	8	3	6	2	3	0	8	8	20	5	13	8	15	9	19	15	12	9	11	3	10	9	1	5	10	5	6	1	8	3	10	18	17	14	6	0	8	15	
1501_A/Streptopelia_decao 6	0	3	7	3	6	10	12	2	20	0	0	5	3	1	12	3	3	6	2	3	4	4	0	8	15	6	3	6	2	4	0	9	8	18	5	11	8	17	9	19	17	12	8	12	3	10	10	1	4	10	4	7	2	8	3	10	15	16	14	5	1	9	16	
1502_A/swan_goose/Jilin/J 3	1	7	9	7	4	5	10	2	18	0	0	4	5	1	12	4	4	7	1	4	6	6	0	7	12	5	2	4	3	5	0	12	9	22	5	11	7	17	9	22	16	12	6	12	1	10	11	1	6	8	6	5	1	10	4	9	14	16	16	6	3	12	14	
1503_A/swan/China/ST/2016 10	8	9	12	7	6	5	5	7	9	1	0	4	2	0	14	1	6	7	0	4	5	2	0	3	9	8	3	3	1	8	1	13	15	18	9	5	4	7	5	15	8	11	10	9	2	8	13	11	5	17	8	10	5	7	8	13	8	18	17	13	2	5	12	
1504_A/swan/Hebei/B01/202 10	6	9	11	7	8	5	6	6	8	1	0	4	4	0	14	1	5	7	0	4	6	2	0	4	9	7	2	3	1	10	2	12	14	16	9	7	5	8	5	15	7	10	11	11	2	6	12	10	4	14	9	10	5	9	7	11	9	19	17	12	3	7	13	
1505_A/swan/Shandong/W376 10	8	9	11	7	6	5	6	8	10	1	0	3	1	0	14	2	6	7	0	3	5	2	0	3	9	7	2	2	0	11	0	11	13	16	10	7	4	8	5	15	10	12	10	10	3	6	15	12	5	16	7	10	5	7	9	13	8	18	16	11	2	6	13	
1506_A/swine/China/RZ/201 6	0	2	8	4	5	11	11	3	20	0	0	3	3	1	12	3	3	6	1	3	5	5	0	8	15	7	2	7	2	4	1	8	7	21	6	15	6	14	7	18	17	13	8	11	2	10	9	0	6	9	4	6	1	9	6	10	16	18	14	6	2	7	13	
1507_A/swine/Guangdong/1/ 6	0	2	8	4	5	11	11	2	19	0	0	4	3	1	12	3	3	6	1	3	4	4	0	8	16	8	3	6	2	3	0	7	9	20	6	12	7	17	7	19	16	11	9	11	1	10	9	2	5	9	4	7	1	9	4	8	18	17	14	8	2	8	15	
1508_A/swine/Guangdong/2/ 6	0	2	8	4	5	11	11	2	19	0	0	4	3	1	12	3	3	6	1	3	4	4	0	8	16	8	3	6	2	3	0	7	9	20	6	12	7	17	7	19	16	11	9	11	1	10	9	2	5	9	4	7	1	9	4	8	18	17	14	8	2	8	15	
1509_A/swine/Guangdong/G3 6	0	2	8	4	5	11	11	4	18	0	0	4	4	1	12	3	3	6	1	3	4	4	0	7	16	8	3	6	2	3	0	8	7	20	6	13	8	17	7	19	18	13	10	10	2	8	8	0	5	9	4	6	1	10	4	5	18	17	13	9	2	8	16	
1510_A/swine/Shandong/SD1 11	8	11	10	7	7	3	9	3	12	0	0	10	2	1	16	2	7	5	0	0	3	4	1	1	11	7	0	3	2	7	2	14	15	25	14	11	6	11	10	16	11	12	10	6	1	6	4	6	12	10	8	4	2	10	10	11	3	9	13	8	1	11	15	
1511_A/Syrrhaptes_paradox 5	0	2	9	5	5	11	10	2	18	0	0	5	4	1	12	3	3	6	1	3	4	4	0	8	16	8	3	6	2	3	0	9	9	22	6	13	7	16	7	20	16	10	10	11	1	10	9	0	5	9	4	6	1	9	4	5	18	17	14	8	2	8	15	
1512_A/Taiwan/DV413/2006| 4	10	13	11	10	4	1	11	1	16	1	0	6	2	0	13	7	6	7	0	2	5	3	2	4	9	6	1	2	0	8	1	12	9	24	8	10	9	11	11	17	14	12	11	7	2	5	10	9	4	16	7	8	3	10	7	9	8	10	12	7	2	9	11	
1513_A/Taiwan/DV518/2006| 4	10	13	11	10	4	1	11	1	16	1	0	6	2	0	13	7	6	7	0	2	5	3	2	4	9	6	1	2	0	8	1	12	9	24	8	9	10	11	11	17	14	12	11	7	2	5	10	10	4	16	7	7	3	10	7	9	8	10	12	7	2	9	11	
1514_A/thrush/Taiwan/1512 6	9	13	11	9	5	1	11	2	15	1	0	5	2	0	13	5	6	7	0	3	5	2	2	4	9	7	2	1	1	8	0	16	9	21	10	10	8	14	9	15	13	12	13	7	2	5	8	10	4	14	10	6	3	12	4	10	10	7	13	7	2	11	10	
1515_A/tiger/Yunnan/tig14 10	10	8	8	8	6	3	10	6	11	0	0	6	3	1	15	2	4	6	0	0	4	5	0	1	14	6	0	4	1	6	2	15	13	19	14	9	5	11	9	19	6	12	7	6	2	6	9	4	12	10	7	4	0	10	8	11	5	11	11	8	1	9	17	
1516_A/tiger/Yunnan/tig14 10	10	8	8	8	7	3	10	5	11	0	0	7	3	1	15	2	5	6	0	0	3	5	0	1	13	6	0	4	1	6	2	15	13	21	15	9	5	9	8	19	7	12	8	7	2	6	8	4	11	10	8	4	0	10	7	9	6	10	12	7	1	10	17	
1517_A/tiger/Yunnan/tig15 11	6	9	8	7	8	2	10	5	12	0	0	9	3	1	14	2	5	5	0	1	2	5	0	1	12	6	1	2	3	4	1	15	14	21	15	6	5	10	9	20	7	11	8	9	4	7	9	6	11	9	8	4	0	11	6	7	5	9	12	8	0	11	18	
1518_A/tundra_swan/Fujian 11	9	8	8	7	7	8	11	2	12	0	0	9	2	1	15	2	6	4	0	0	5	3	1	0	8	8	1	7	4	6	1	12	14	23	14	12	7	13	10	14	7	8	10	9	3	9	5	10	9	9	9	4	3	11	7	11	3	8	10	6	3	14	17	
1519_A/tundra_swan/Hubei/ 10	7	8	11	7	6	5	6	6	8	1	0	5	4	0	14	1	5	8	0	4	7	2	0	4	9	6	2	2	1	11	2	13	14	16	9	7	5	9	5	15	7	11	11	11	2	7	12	10	4	14	9	9	5	9	7	11	9	18	18	12	3	6	11	
1520_A/tundra_swan/Hubei/ 10	7	8	11	7	6	5	6	6	8	1	0	5	4	0	14	1	5	8	0	4	7	2	0	4	9	6	2	2	1	11	2	13	14	16	9	7	5	9	5	15	7	11	11	11	2	7	12	10	4	14	9	9	5	9	7	11	9	18	18	12	3	6	11	
1521_A/tundra_swan/Hubei/ 10	7	8	11	7	7	5	6	6	8	1	0	5	4	0	14	1	5	8	0	4	6	2	0	4	9	6	2	2	1	11	2	13	14	17	8	7	5	9	5	15	7	11	11	11	2	7	13	9	4	14	9	10	5	9	7	11	9	18	18	12	3	6	10	
1522_A/tundra_swan/Hubei/ 10	7	8	11	7	7	5	6	6	8	1	0	5	4	0	14	1	5	8	0	4	6	2	0	4	9	6	2	2	1	11	2	13	14	16	9	7	5	9	5	16	7	11	11	11	2	7	12	9	4	14	9	10	5	9	8	10	9	18	17	13	3	6	10	
1523_A/tundra_swan/Hubei/ 10	7	8	11	7	7	5	6	6	8	1	0	5	4	0	14	1	5	8	0	4	6	2	0	4	9	6	2	2	1	11	2	13	14	16	9	7	5	9	5	15	7	11	11	11	2	7	12	10	4	14	10	9	5	9	7	11	9	17	19	12	3	6	10	
1524_A/tundra_swan/Hubei/ 10	7	8	11	7	7	5	6	6	8	1	0	5	4	0	14	1	5	8	0	4	6	2	0	4	9	6	1	2	1	11	2	13	14	16	9	7	5	9	5	15	7	11	12	11	2	7	12	9	4	14	9	10	5	9	7	11	9	18	18	12	3	6	11	
1525_A/turkey/Changhua/16 5	10	13	10	9	4	1	12	2	15	1	0	5	2	0	13	6	7	8	1	3	4	1	2	4	8	9	2	1	1	7	0	16	9	21	9	10	8	14	9	15	12	13	12	7	2	5	8	10	4	15	10	6	3	11	4	10	10	7	13	8	1	12	10	
1526_A/turkey/Chiayi/1702 11	8	9	10	6	6	5	7	6	9	1	0	5	3	0	13	1	6	6	0	4	5	3	0	3	8	7	3	2	2	9	1	14	19	16	9	5	4	9	6	12	9	10	17	8	2	8	7	14	2	14	8	6	6	8	7	13	8	15	16	15	2	7	16	
1527_A/turkey/Chiayi/1801 5	10	13	11	8	4	1	11	1	15	0	1	5	3	0	13	5	5	7	0	4	6	2	2	5	10	7	2	2	0	8	0	15	9	22	11	11	8	13	10	14	13	12	14	6	2	5	7	10	5	14	8	6	2	10	4	12	9	7	13	8	1	13	10	
1528_A/turkey/Yunlin/1506 5	11	13	11	9	4	1	11	2	14	1	0	5	2	0	13	5	6	7	0	3	5	2	2	5	9	7	2	1	1	8	0	17	9	21	10	10	8	14	8	15	12	12	14	7	3	5	7	10	4	14	9	6	3	11	4	10	10	8	13	8	1	12	10	
1529_A/turkey/Yunlin/1802 5	11	13	11	8	4	1	11	1	16	0	1	5	2	0	13	5	5	7	0	4	5	2	2	5	10	7	2	2	0	8	0	15	9	22	11	11	8	13	10	14	13	12	14	6	2	5	7	10	5	14	8	6	2	10	4	12	9	7	13	8	1	13	10	
1530_A/turkey/Yunlin/1811 5	10	13	11	7	4	1	11	2	14	0	1	5	3	0	13	5	6	7	0	5	5	2	2	3	10	8	2	2	0	7	0	16	9	24	12	9	8	12	10	17	13	12	15	7	2	4	6	10	5	15	8	6	2	8	4	10	11	5	12	8	1	14	11	
1531_A/turkey/Yunlin/1812 5	10	13	11	9	4	1	11	1	14	1	0	5	3	0	13	5	6	7	0	3	5	2	2	5	10	8	2	2	0	7	0	16	10	23	11	10	8	12	10	15	14	11	14	6	0	5	8	9	5	15	8	7	2	9	4	10	10	7	14	9	1	13	9	
1532_A/turtle_dove/Guangd 11	8	9	8	8	7	2	10	6	13	0	0	7	1	1	15	2	6	4	0	0	4	6	1	0	12	7	0	3	1	5	1	10	13	25	14	10	5	8	8	15	9	12	9	8	1	6	7	8	12	10	7	4	1	10	9	8	6	9	13	9	1	9	16	
1533_A/turtle_dove/Hunan/ 12	7	9	8	6	8	2	10	5	13	0	0	9	1	1	14	2	5	5	0	1	2	6	0	1	12	6	1	2	3	5	1	14	14	20	15	6	3	9	9	19	9	12	6	9	3	6	10	7	12	11	10	4	1	10	5	8	4	10	12	7	1	10	17	
1534_A/Waterfowl/Hubei/Ch 3	1	6	9	7	4	6	10	2	18	0	0	4	5	1	12	4	4	7	1	4	6	6	0	7	12	5	2	4	3	5	0	11	9	22	6	12	7	18	9	21	16	11	6	12	1	11	10	1	6	8	4	5	1	10	5	10	14	16	16	6	3	12	14	
1535_A/Waterfowl/Hubei/Ch 3	1	6	9	7	4	6	10	2	18	0	0	4	5	1	12	4	4	7	1	4	6	6	0	7	12	5	2	4	3	5	0	11	9	22	6	12	7	18	9	21	16	11	6	12	1	11	10	1	6	8	4	5	1	10	5	10	14	16	16	6	3	12	14	
1536_A/whiskered_tern/Hub 10	7	8	11	7	7	5	6	6	8	1	0	5	4	0	14	1	5	8	0	4	6	2	0	4	9	6	2	2	1	11	2	13	14	17	8	7	5	9	5	15	7	11	11	11	2	6	12	9	4	13	9	10	5	10	7	11	9	18	18	12	3	7	11	
1537_A/white_naped_crane/ 6	0	1	9	4	5	13	10	1	19	0	0	6	3	1	12	4	3	6	0	2	4	3	1	8	17	9	2	6	1	3	1	8	10	20	6	14	6	17	7	19	16	13	9	12	1	10	8	0	5	9	6	6	0	8	4	8	17	17	12	6	2	8	16	
1538_A/White-eyed_Pochard 6	0	2	9	4	5	11	10	2	20	0	0	5	2	1	12	3	3	6	1	3	4	4	0	8	16	8	3	6	2	3	0	8	8	20	6	13	8	17	7	19	17	10	11	11	1	10	8	2	5	9	4	5	1	9	4	9	17	17	13	6	2	8	16	
1539_A/whooper_swan/Henan 11	9	9	8	7	7	6	11	2	12	0	0	8	2	1	16	2	6	5	0	0	5	4	1	0	8	8	0	7	4	6	1	12	13	25	14	12	8	11	10	16	7	7	11	9	3	10	4	9	10	9	9	4	2	11	7	10	2	9	10	6	3	13	18	
1540_A/whooper_swan/Henan 11	9	9	8	7	7	6	11	2	12	0	0	8	2	1	16	2	6	5	0	0	5	4	1	0	8	8	0	7	4	6	1	12	13	25	14	12	8	11	10	16	7	7	11	9	3	10	4	9	10	9	9	4	2	11	7	10	2	9	10	6	3	13	18	
1541_A/whooper_swan/Henan 11	9	9	8	7	7	6	11	2	12	0	0	8	2	1	16	2	6	5	0	0	5	4	1	0	8	8	0	7	4	6	1	12	13	25	14	12	8	11	10	16	7	7	11	9	3	10	4	9	10	9	9	4	2	11	7	10	2	9	10	6	3	13	18	
1542_A/whooper_swan/Henan 11	9	9	8	7	7	6	11	2	12	0	0	8	2	1	16	2	6	5	0	0	5	4	1	0	8	8	0	7	4	6	1	12	13	25	14	12	8	11	10	16	7	7	11	9	3	10	4	9	10	9	9	4	2	11	7	10	2	9	10	6	3	13	18	
1543_A/whooper_swan/Henan 11	9	9	8	7	7	6	11	2	12	0	0	8	2	1	16	2	6	5	0	0	5	4	1	0	8	8	0	7	4	6	1	12	13	25	14	12	8	11	10	16	7	7	11	9	3	10	4	9	10	9	9	4	2	11	7	10	2	9	10	6	3	13	18	
1544_A/whooper_swan/Henan 11	9	9	8	7	7	6	11	2	12	0	0	8	2	1	16	2	6	5	0	0	5	4	1	0	8	8	0	7	4	6	1	12	13	25	14	12	8	11	10	15	8	7	11	9	3	10	4	9	10	9	9	4	2	11	7	10	2	9	10	6	3	13	18	
1545_A/whooper_swan/Henan 10	7	8	11	7	7	5	6	6	8	1	0	5	4	0	14	1	5	8	0	4	6	2	0	4	9	6	2	2	1	11	2	13	14	16	9	7	5	9	5	15	7	11	11	11	2	7	12	9	4	14	9	10	5	8	8	11	9	18	18	12	3	6	11	
1546_A/whooper_swan/Henan 10	7	8	11	7	7	5	6	7	8	1	0	5	4	0	14	1	5	8	0	4	6	2	0	3	9	6	2	2	1	11	2	13	14	16	9	7	5	9	5	15	7	11	11	11	2	7	12	9	4	14	9	10	5	9	7	11	9	18	18	12	3	5	12	
1547_A/whooper_swan/Henan 10	7	8	11	7	7	5	6	6	8	1	0	5	4	0	14	1	5	8	0	4	6	2	0	4	9	6	2	2	1	11	2	14	14	16	9	6	5	9	5	15	7	11	11	11	2	7	12	9	4	14	9	10	5	9	7	11	9	18	18	12	3	5	12	
1548_A/whooper_swan/Henan 10	7	8	11	7	7	5	6	7	8	1	0	5	4	0	14	1	5	8	0	4	6	2	0	3	9	6	2	2	1	11	2	14	14	16	9	6	5	9	5	15	7	11	11	12	1	7	12	9	4	14	9	10	5	9	7	11	9	18	18	12	3	6	11	
1549_A/whooper_swan/Henan 10	7	8	11	7	7	5	6	6	8	1	0	5	4	0	14	1	5	8	0	4	6	2	0	4	9	6	2	2	1	11	2	13	14	16	9	7	5	9	5	15	7	11	11	11	2	6	12	9	4	14	9	10	5	8	8	11	9	18	18	12	3	7	11	
1550_A/whooper_swan/Henan 10	7	8	11	7	7	5	6	6	8	1	0	5	4	0	14	1	5	8	0	4	5	2	0	4	10	6	2	2	1	11	2	13	14	16	9	7	5	9	5	15	7	11	11	11	2	7	12	9	4	14	9	10	5	9	7	11	9	18	19	12	3	6	10	
1551_A/whooper_swan/Henan 10	7	8	11	7	8	5	6	6	8	1	0	5	4	0	14	1	5	8	0	4	5	2	0	4	9	6	2	2	1	11	2	13	14	16	9	7	5	9	5	15	7	11	11	11	2	6	12	9	4	14	9	10	5	8	8	11	9	18	18	12	4	6	11	
1552_A/whooper_swan/Henan 10	7	8	11	7	7	5	6	6	8	1	0	5	4	0	14	1	5	8	0	4	6	2	0	4	9	6	2	2	1	11	2	13	14	16	9	7	5	9	5	15	7	11	11	11	2	7	12	9	4	14	9	10	5	9	7	11	9	18	18	12	3	6	11	
1553_A/whooper_swan/Henan 10	7	8	11	7	7	5	6	6	8	1	0	5	4	0	14	1	5	8	0	4	6	2	0	4	9	6	2	2	1	11	2	13	14	16	9	7	5	9	5	15	7	11	11	11	2	6	12	9	4	14	9	10	5	8	8	11	9	18	18	12	3	7	11	
1554_A/whooper_swan/Henan 10	7	8	11	7	7	5	6	6	8	1	0	6	4	0	14	1	5	8	0	4	6	2	0	4	9	6	2	2	1	11	2	13	14	16	9	7	5	9	5	15	7	11	11	11	2	7	12	9	4	14	9	10	5	9	7	11	9	18	18	11	3	6	11	
1555_A/whooper_swan/Henan 10	7	8	11	7	7	5	6	6	8	1	0	6	4	0	14	1	5	8	0	4	6	2	0	4	9	6	2	2	1	11	2	13	14	16	9	7	5	9	5	15	7	11	11	11	2	6	12	9	4	14	9	10	5	9	7	11	9	19	18	11	3	6	11	
1556_A/whooper_swan/Henan 9	10	10	7	9	6	1	11	5	11	0	0	7	3	1	15	1	4	6	0	1	4	5	0	1	12	6	0	4	2	6	2	14	14	20	15	8	6	9	8	17	6	12	6	9	2	7	9	5	10	10	7	5	1	10	8	11	5	9	11	6	1	12	18	
1557_A/whooper_swan/Henan 9	10	10	7	9	6	1	11	5	11	0	0	7	3	1	15	1	4	6	0	1	4	5	0	1	12	6	0	4	2	6	2	14	14	20	15	8	6	9	8	17	6	12	6	9	2	7	9	5	10	10	7	5	1	10	8	11	5	9	11	6	1	12	18	
1558_A/whooper_swan/Henan 9	10	10	7	9	6	1	11	5	11	0	0	7	3	1	15	1	4	6	0	1	4	5	0	1	12	6	0	4	2	6	2	14	14	20	15	8	6	9	8	17	6	12	6	9	2	7	9	5	10	10	7	5	1	10	8	11	5	9	11	6	1	12	18	
1559_A/whooper_swan/Henan 9	10	10	7	9	6	1	11	5	11	0	0	7	3	1	15	1	4	6	0	1	4	5	0	1	12	6	0	4	2	6	2	14	14	20	15	8	6	9	8	17	6	12	6	9	2	7	9	5	10	10	7	5	1	10	8	11	5	9	11	6	1	12	18	
1560_A/whooper_swan/Henan 4	10	11	10	10	4	3	12	1	16	1	0	5	1	0	13	6	6	7	0	1	5	2	2	5	10	8	1	2	0	7	1	15	10	21	8	8	7	10	11	18	14	10	15	8	2	6	7	10	4	19	8	8	3	9	7	9	9	10	11	7	1	9	12	
1561_A/whooper_swan/Henan 4	10	11	10	10	4	3	12	1	16	1	0	5	1	0	13	6	6	7	0	1	5	2	2	5	10	8	1	2	0	7	1	15	10	21	8	8	7	10	11	18	14	10	15	8	2	6	7	10	4	19	8	8	3	9	7	9	9	10	11	7	1	9	12	
1562_A/whooper_swan/Henan 4	10	11	10	10	4	3	12	1	16	1	0	5	1	0	13	6	6	7	0	1	5	2	2	5	10	8	1	2	0	7	1	15	10	21	8	8	7	10	11	18	14	10	15	8	2	6	7	10	4	19	8	8	3	9	7	9	9	10	11	7	1	9	12	
1563_A/whooper_swan/Henan 4	10	11	10	10	4	3	12	1	16	1	0	5	1	0	13	6	6	7	0	1	5	2	2	5	10	8	1	2	0	7	1	15	10	21	8	8	7	10	11	18	14	10	15	8	2	6	7	10	4	19	8	8	3	9	7	9	9	10	11	7	1	9	12	
1564_A/whooper_swan/Henan 4	10	11	10	10	4	3	12	1	16	1	0	5	1	0	13	6	6	7	0	1	5	2	2	5	10	8	1	2	0	7	1	15	10	21	8	8	7	10	11	18	14	10	15	8	2	6	7	10	4	19	8	8	3	9	7	9	9	10	11	7	1	9	12	
1565_A/whooper_swan/Henan 4	10	11	10	10	4	3	12	1	16	1	0	5	1	0	13	6	6	7	0	1	5	2	2	5	10	9	1	2	0	6	1	15	10	21	8	8	7	10	11	18	14	10	15	8	2	5	8	10	4	19	8	8	3	9	7	9	9	10	11	7	1	9	12	
1566_A/whooper_swan/Inner 10	7	8	11	7	7	5	6	6	8	1	0	5	4	0	14	1	5	8	0	4	6	2	0	4	9	6	2	2	1	11	2	14	14	16	9	6	5	9	5	15	7	11	11	11	2	7	12	9	4	14	9	10	5	9	7	11	9	18	18	12	3	6	11	
1567_A/Whooper_Swan/Sanme 10	8	9	12	7	6	5	5	7	9	1	0	4	2	0	14	1	6	7	0	4	5	2	0	3	9	7	3	3	1	9	1	13	15	17	9	5	4	7	5	15	8	11	10	9	2	8	13	11	5	18	8	10	5	7	8	13	8	18	17	13	2	5	12	
1568_A/Whooper_swan/Sanme 10	7	8	11	7	7	5	6	6	8	1	0	5	4	0	14	1	5	8	0	4	6	2	0	4	9	6	2	2	1	11	2	13	14	16	9	7	5	9	5	15	7	11	11	11	2	5	13	9	4	14	9	10	5	9	7	11	9	18	18	12	3	6	12	
1569_A/Whooper_swan/Sanme 10	7	9	11	7	7	5	6	6	8	1	0	5	4	0	14	1	6	7	0	4	5	2	0	4	9	8	2	2	1	9	2	13	15	16	9	7	4	9	5	15	7	11	11	11	2	6	12	10	4	14	9	10	5	9	7	11	9	18	19	11	3	6	11	
1570_A/Whooper_swan/Sanme 10	7	8	11	7	7	5	6	6	8	1	0	6	4	0	14	1	5	8	0	4	6	2	0	4	9	6	2	2	1	11	2	13	14	16	9	7	5	9	5	15	7	11	11	11	2	6	12	9	4	14	9	10	5	9	7	11	9	18	18	11	3	6	12	
1571_A/Whooper_swan/Sanme 10	7	9	11	7	7	5	6	6	8	1	0	5	4	0	14	1	6	7	0	4	5	2	0	4	9	8	2	2	1	9	2	13	15	16	9	7	4	9	5	15	7	11	11	11	2	6	12	10	4	14	9	10	5	9	7	11	9	18	19	11	3	6	11	
1572_A/Whooper_swan/Sanme 10	7	8	11	7	7	5	6	6	8	1	0	5	4	0	14	1	5	8	0	4	6	2	0	4	9	6	1	2	1	11	3	13	14	16	9	7	5	9	5	15	7	11	11	11	2	6	12	9	4	14	9	10	5	9	7	11	9	18	18	12	3	6	12	
1573_A/Whooper_swan/Sanme 10	7	8	11	7	7	5	6	6	8	1	0	5	4	0	14	1	5	8	0	4	6	2	0	4	9	6	2	2	1	11	2	13	14	16	9	7	5	9	5	15	7	11	11	11	2	5	13	9	4	14	9	10	5	9	7	11	9	18	18	12	3	6	12	
1574_A/Whooper_swan/Sanme 10	7	8	11	7	7	5	6	6	8	1	0	5	4	0	14	1	5	8	0	4	6	2	0	4	9	6	2	2	1	11	2	13	14	18	9	7	5	7	5	15	7	11	11	11	2	6	12	9	4	14	9	10	5	9	7	11	9	18	18	12	3	6	12	
1575_A/Whooper_swan/Sanme 10	7	8	11	7	7	5	6	6	8	1	0	5	4	0	14	1	5	8	0	4	6	2	0	4	9	6	2	2	1	11	2	13	14	16	9	7	5	9	5	15	7	11	11	11	2	6	12	9	4	14	9	10	5	9	7	11	9	18	18	12	3	6	12	
1576_A/Whooper_swan/Sanme 10	7	8	11	7	7	5	6	6	8	1	0	5	4	0	14	1	5	8	0	4	6	2	0	4	9	6	2	2	1	11	2	13	14	16	9	7	5	9	5	15	7	11	11	11	2	6	12	9	4	14	9	10	5	9	7	11	9	18	18	12	3	6	12	
1577_A/Whooper_swan/Sanme 10	7	7	11	7	7	6	6	6	8	1	0	5	4	0	14	1	5	8	0	4	6	2	0	4	9	7	2	2	1	10	2	13	14	17	9	7	5	8	5	15	7	11	11	11	2	6	12	9	4	14	9	10	5	9	7	11	9	18	18	12	3	6	12	
1578_A/Whooper_swan/Sanme 10	7	8	11	7	7	5	6	6	8	1	0	6	4	0	14	1	5	8	0	4	6	2	0	4	9	6	2	2	1	11	2	13	14	16	9	7	5	9	5	15	7	11	11	11	2	6	12	9	4	14	9	10	5	9	7	11	9	18	18	11	3	6	12	
1579_A/Whooper_swan/Sanme 10	7	8	11	7	7	5	6	6	8	1	0	5	4	0	14	1	5	8	0	4	6	2	0	4	9	6	2	2	1	11	2	13	14	16	9	7	5	9	5	15	7	11	11	11	2	5	13	9	4	14	9	10	5	9	7	11	9	18	18	12	3	6	12	
1580_A/Whooper_swan/Sanme 10	7	8	11	7	7	5	6	6	8	1	0	5	4	0	14	1	5	8	0	4	6	2	0	4	9	6	2	2	1	11	2	13	14	16	9	7	5	9	5	15	7	11	11	11	2	6	12	9	4	14	9	10	5	9	7	12	9	18	18	11	3	6	12	
1581_A/Whooper_swan/Sanme 10	7	7	11	7	7	5	6	6	8	1	0	5	4	0	14	1	5	9	0	4	6	2	0	4	9	6	2	2	1	11	2	13	14	16	9	7	5	9	5	15	7	11	11	11	2	6	12	9	4	14	9	10	5	9	7	11	9	18	18	12	3	6	12	
1582_A/Whooper_swan/Sanme 10	7	8	11	7	7	5	6	6	8	1	0	5	4	0	14	1	5	8	0	4	6	2	0	4	9	6	2	2	1	11	2	13	14	16	9	7	5	9	5	15	7	11	11	11	2	6	12	9	4	14	9	10	5	9	7	11	9	18	18	12	3	6	12	
1583_A/Whooper_swan/Sanme 10	7	8	11	7	7	5	6	6	8	1	0	5	4	0	14	1	5	8	0	4	6	2	0	4	9	6	2	2	1	11	2	13	14	16	9	7	5	9	5	15	7	11	11	11	2	6	12	9	4	14	9	10	5	9	7	11	9	18	18	12	3	5	13	
1584_A/Whooper_swan/Sanme 10	7	8	11	7	7	5	6	6	8	1	0	5	4	0	14	1	5	8	0	4	6	2	0	4	9	6	2	2	1	11	2	13	14	16	9	7	5	9	5	15	7	11	11	11	2	6	12	9	4	14	9	10	5	9	7	12	9	18	18	11	3	6	12	
1585_A/Whooper_swan/Sanme 10	7	8	11	7	7	5	6	6	8	1	0	5	4	0	14	1	5	8	0	4	6	2	0	4	9	6	2	2	1	11	2	13	14	16	9	7	5	9	5	15	7	11	11	11	2	6	12	9	4	14	9	10	5	9	7	11	9	18	18	12	3	5	13	
1586_A/Whooper_swan/Sanme 10	7	8	10	7	7	5	7	6	8	1	0	5	4	0	14	1	5	8	0	4	6	2	0	4	9	6	2	2	1	11	2	13	14	16	9	7	6	9	5	16	7	11	11	11	2	6	12	9	4	14	9	10	4	9	7	10	9	18	18	12	3	6	12	
1587_A/Whooper_swan/Sanme 10	7	8	11	7	7	5	6	6	8	1	0	5	4	0	14	1	5	8	0	4	6	2	0	4	9	6	2	2	1	11	2	13	14	16	9	7	5	9	5	15	7	11	11	11	2	6	12	9	4	14	9	10	5	9	7	11	9	18	18	12	3	5	13	
1588_A/Whooper_swan/Sanme 10	7	8	11	7	7	5	6	6	8	1	0	6	4	0	14	1	5	8	0	4	6	2	0	4	9	6	2	2	1	11	2	13	14	16	9	7	5	9	5	15	7	11	11	11	2	6	12	9	4	14	9	10	5	9	7	11	9	18	18	11	3	6	12	
1589_A/Whooper_swan/Sanme 10	7	8	11	7	7	5	6	6	8	1	0	5	4	0	14	1	5	8	0	4	6	2	0	4	9	6	2	2	1	11	2	12	14	16	9	7	4	9	5	16	7	11	10	11	2	6	13	10	4	13	9	10	6	10	7	10	9	18	18	12	3	6	12	
1590_A/Whooper_swan/Sanme 10	7	8	11	7	7	5	6	6	8	1	0	5	4	0	14	1	5	8	0	4	6	2	0	4	9	6	2	2	1	11	2	13	14	16	9	7	5	9	5	15	7	11	11	11	2	6	12	9	4	14	9	10	5	8	8	11	9	18	18	12	3	6	12	
1591_A/whooper_swan/Shaan 10	7	8	11	7	7	5	6	6	8	1	0	6	4	0	14	1	5	8	0	4	6	2	0	4	9	6	2	2	1	11	2	13	14	16	9	7	5	9	5	14	7	12	11	11	2	7	12	9	4	14	9	10	5	9	7	11	9	18	18	11	3	6	11	
1592_A/whooper_swan/Shaan 10	7	8	11	7	8	5	6	6	8	1	0	5	4	0	14	1	5	7	0	4	5	2	0	4	9	6	2	2	1	11	2	13	14	17	9	7	5	9	5	15	7	11	11	11	2	7	12	9	4	14	9	10	5	8	8	11	9	18	18	12	3	6	11	
1593_A/whooper_swan/Shaan 10	7	8	11	7	7	5	6	6	8	1	0	5	4	0	14	1	5	8	0	4	6	2	0	4	9	6	2	2	1	11	2	13	14	16	9	7	5	9	5	15	7	11	11	11	2	7	12	9	4	13	10	10	5	8	8	11	9	18	18	12	3	6	11	
1594_A/whooper_swan/Shand 10	7	8	11	7	6	5	6	6	9	1	0	5	4	0	14	1	5	8	0	4	6	2	0	4	9	6	2	2	1	11	2	13	14	16	9	7	5	9	5	15	7	11	11	11	2	6	12	9	4	14	9	10	5	9	7	11	9	18	18	12	3	6	12	
1595_A/whooper_swan/Shand 10	7	8	11	7	6	5	6	6	9	1	0	5	4	0	14	1	5	8	0	4	6	2	0	4	9	6	2	2	1	11	2	13	14	16	9	7	5	9	5	15	7	11	11	11	2	6	12	9	4	14	9	10	5	9	7	11	9	18	18	12	3	6	12	
1596_A/whooper_swan/Shand 10	7	8	11	7	6	5	6	6	9	1	0	5	4	0	14	1	5	8	0	4	6	2	0	4	9	6	2	2	1	11	2	13	14	16	9	7	5	9	5	15	7	11	11	11	2	6	12	9	4	14	9	10	5	9	7	11	9	18	18	12	3	6	12	
1597_A/whooper_swan/Shand 10	8	8	12	7	6	5	6	7	10	1	0	4	1	0	14	2	6	7	0	3	5	2	0	3	9	7	2	2	0	11	0	12	13	16	10	9	4	8	5	13	11	12	10	9	3	6	15	12	5	16	7	10	4	7	9	13	8	18	16	11	2	5	14	
1598_A/whooper_swan/Shand 10	7	8	11	7	7	5	6	6	8	1	0	5	4	0	14	1	5	8	0	4	6	2	0	4	9	6	2	2	1	11	2	13	14	16	9	7	5	9	5	15	7	12	11	11	2	5	12	9	4	14	9	10	5	9	7	11	9	18	18	12	3	6	12	
1599_A/whooper_swan/Shand 10	7	8	11	7	7	5	6	6	9	1	0	5	4	0	14	1	5	8	0	4	6	2	0	4	8	6	2	2	1	11	2	13	14	16	9	7	5	9	5	15	7	11	11	11	2	6	12	9	4	14	9	10	5	9	7	11	9	18	18	12	3	6	12	
1600_A/whooper_swan/Shand 10	7	8	10	7	6	5	7	6	9	1	0	5	4	0	14	1	5	8	0	4	6	2	0	4	9	6	2	2	1	11	2	13	14	16	9	7	6	9	4	15	7	11	11	11	2	6	12	9	4	14	9	10	5	9	7	11	9	18	18	12	3	6	12	
1601_A/whooper_swan/Shanx 10	7	8	11	7	7	5	6	6	8	1	0	5	4	0	14	1	5	8	0	4	6	2	0	4	9	6	2	2	1	11	2	13	14	16	9	7	5	9	5	15	7	11	11	11	2	6	12	9	4	14	9	10	5	9	7	12	9	18	18	11	3	6	12	
1602_A/whooper_swan/Shanx 10	7	8	11	7	7	5	6	6	8	1	0	5	4	0	14	1	5	8	0	4	6	2	0	4	9	6	2	2	1	11	2	13	14	16	9	7	5	9	5	15	7	11	11	11	2	6	12	9	4	14	9	10	5	9	7	12	9	18	18	11	3	7	11	
1603_A/whooper_swan/Shanx 11	9	9	8	7	7	6	11	2	12	0	0	8	2	1	16	2	6	5	0	0	5	4	1	0	8	8	0	7	4	6	1	12	13	25	14	12	8	11	10	16	7	7	11	9	3	10	4	9	10	9	9	4	2	11	7	10	2	9	10	6	3	13	18	
1604_A/whooper_swan/Shanx 11	9	9	8	7	7	6	11	2	12	0	0	8	2	1	16	2	6	5	0	0	5	4	1	0	8	8	0	7	4	6	1	12	13	25	14	12	8	11	10	16	7	7	11	9	3	10	4	9	10	9	10	4	2	11	6	10	2	9	10	6	3	13	18	
1605_A/whooper_swan/Shanx 10	8	9	12	7	6	5	5	7	9	1	0	4	2	0	14	1	6	7	0	4	5	2	0	3	9	7	3	3	1	9	1	13	15	17	9	5	4	7	5	14	8	11	10	10	2	7	14	11	5	18	8	10	5	7	8	12	8	18	17	14	2	5	12	
1606_A/whooper_swan/Shanx 10	7	8	11	7	7	5	6	6	8	1	0	5	4	0	14	1	5	8	0	4	6	2	0	4	9	6	2	2	1	11	2	13	14	16	9	7	5	9	5	15	7	11	11	11	2	7	12	9	4	14	9	10	5	9	7	11	9	18	18	12	3	6	11	
1607_A/whooper_swan/Shanx 10	7	8	11	7	7	5	6	7	8	1	0	5	4	0	14	1	5	8	0	4	6	2	0	3	9	6	2	2	1	11	2	15	14	16	9	6	5	9	5	15	7	11	11	11	2	7	12	8	4	14	9	10	5	9	7	11	9	18	18	12	3	6	11	
1608_A/whooper_swan/Shanx 10	7	8	11	7	7	5	6	6	8	1	0	5	4	0	14	1	5	8	0	4	6	2	0	4	9	6	2	2	1	11	2	13	14	16	9	7	5	9	5	15	7	11	11	11	2	7	12	9	5	14	9	10	4	9	7	11	9	18	18	12	3	6	11	
1609_A/whooper_swan/Shanx 10	7	8	11	8	6	5	6	6	8	1	0	5	4	0	14	1	5	8	0	4	6	2	0	4	9	6	2	2	1	11	2	13	14	16	9	7	5	9	5	15	7	11	11	11	2	7	12	9	4	14	9	10	5	9	7	11	9	18	18	12	3	6	11	
1610_A/whooper_swan/Shanx 5	11	11	11	9	4	3	11	1	15	1	0	4	2	0	13	6	6	7	0	1	4	2	2	4	11	7	2	4	0	8	0	16	10	23	8	7	6	11	9	19	14	10	12	7	2	6	9	10	3	18	8	7	4	9	7	11	9	9	14	6	1	10	10	
1611_A/whooper_swan/Shanx 10	7	8	11	7	7	5	6	6	8	1	0	5	4	0	14	1	5	8	0	4	6	2	0	4	9	6	2	2	1	11	2	13	14	16	9	7	5	9	5	15	7	11	11	12	1	7	12	9	4	14	9	10	5	9	7	11	9	18	18	12	3	6	11	
1612_A/whooper_swan/Shanx 10	7	8	11	7	7	5	6	7	8	1	0	5	4	0	14	1	5	8	0	4	6	2	0	3	9	6	2	2	1	11	2	14	14	16	9	6	5	9	5	15	7	11	11	12	1	7	12	9	4	14	9	10	5	9	7	11	9	18	18	12	3	6	11	
1613_A/whooper_swan/Shanx 10	7	8	11	7	7	5	6	6	8	1	0	5	4	0	14	1	5	8	0	4	6	2	0	4	9	6	2	2	1	11	2	13	14	16	9	7	5	9	5	15	7	11	11	12	1	7	12	9	4	14	9	10	5	9	7	11	9	18	18	12	3	6	11	
1614_A/whooper_swan/Shanx 10	7	8	11	7	7	5	6	6	8	1	0	5	4	0	14	1	5	8	0	4	6	2	0	4	9	6	2	2	1	11	2	13	14	16	9	7	5	9	5	15	7	11	11	12	1	7	12	9	4	14	9	10	5	9	7	11	9	18	18	12	3	6	11	
1615_A/whooper_swan/Shanx 10	7	8	10	7	7	5	7	6	8	1	0	5	4	0	14	1	5	8	0	4	6	2	0	4	9	6	2	2	1	11	2	13	14	16	9	7	6	9	5	16	7	11	11	11	2	7	12	9	4	14	9	10	4	9	7	10	9	18	18	12	3	6	11	
1616_A/whooper_swan/Shanx 10	7	8	10	7	7	5	7	6	8	1	0	5	4	0	14	1	5	8	0	4	6	2	0	4	9	6	2	2	1	11	2	13	14	16	9	7	6	9	5	16	7	11	11	11	2	7	12	9	4	14	9	10	4	9	7	10	9	18	18	12	3	6	11	
1617_A/whooper_swan/Shanx 10	7	8	11	7	7	5	6	6	8	1	0	5	4	0	14	1	5	8	0	4	6	2	0	4	9	6	2	2	1	11	2	13	14	16	9	7	4	9	6	15	7	11	11	12	1	7	12	9	4	14	9	10	5	9	7	11	9	18	18	12	3	6	11	
1618_A/whooper_swan/Shanx 10	7	8	11	7	7	5	6	7	8	1	0	5	4	0	14	1	5	8	0	4	6	2	0	3	9	6	2	2	1	11	2	13	14	16	9	7	5	9	5	15	7	11	11	11	2	7	12	9	4	14	9	10	5	9	7	11	9	18	18	12	3	6	11	
1619_A/Wigeon/Ningxia/476 6	0	2	9	4	5	11	10	2	20	0	0	5	2	1	12	3	3	6	1	3	4	4	0	8	16	8	3	6	2	3	0	8	8	20	6	13	8	17	7	19	17	10	10	11	1	10	9	2	5	9	4	5	1	9	4	9	17	17	14	6	2	8	15	
1620_A/wild_bird/Eastern_ 6	5	7	10	12	5	6	9	1	11	1	0	2	4	0	12	2	6	6	0	2	9	5	0	6	9	6	4	6	1	3	2	10	11	23	8	9	7	15	6	25	19	16	4	6	2	10	8	7	5	14	8	6	6	13	6	11	3	10	15	7	3	9	10	
1621_A/wild_bird/Eastern_ 6	5	7	10	12	5	6	9	1	11	1	0	2	4	0	12	2	6	6	0	2	9	5	0	6	9	6	4	6	1	3	2	10	11	22	8	9	7	16	6	24	19	17	4	6	2	10	8	7	5	13	8	6	6	14	6	11	3	10	15	7	3	9	10	
1622_A/wild_bird/Eastern_ 6	5	7	10	12	5	6	9	1	11	1	0	2	4	0	12	2	6	6	0	2	9	5	0	6	9	6	4	6	1	3	2	10	11	23	8	9	7	15	6	25	19	16	4	6	2	10	8	7	5	13	8	6	6	14	6	11	3	10	15	7	3	9	10	
1623_A/wild_bird/Hubei/12 10	8	10	12	7	6	4	5	7	10	1	0	4	1	0	14	1	6	7	0	4	5	2	0	3	9	7	3	3	1	9	1	13	14	19	9	5	4	7	5	13	9	11	10	9	3	7	13	12	5	17	8	9	5	7	8	14	8	18	17	13	2	5	12	
1624_A/wild_bird/Hunan/01 6	0	2	8	4	5	11	11	2	20	0	0	4	2	1	12	3	3	6	1	3	4	4	0	8	16	10	2	7	2	2	1	7	7	21	6	14	8	15	7	18	18	11	10	11	1	11	8	0	6	9	5	6	1	9	4	8	17	17	14	7	2	8	14	
1625_A/wild_bird/Hunan/01 6	0	2	8	4	5	11	11	2	19	0	0	4	3	1	12	3	3	5	1	3	4	5	0	8	16	9	2	7	2	3	1	7	8	20	6	15	6	16	7	18	18	12	8	11	1	10	9	0	6	9	5	6	1	9	5	8	17	17	13	7	2	8	15	
1626_A/wild_bird/Hunan/02 6	0	2	8	4	5	11	11	2	19	0	0	4	3	1	12	3	3	5	1	3	4	5	0	8	16	9	2	7	2	3	1	7	8	20	6	15	6	16	7	19	17	12	10	11	1	10	8	0	6	9	5	6	1	9	5	8	17	17	12	7	2	8	15	
1627_A/wild_bird/Hunan/02 6	0	2	8	4	5	11	11	2	19	0	0	4	3	1	12	3	3	5	1	3	4	5	0	8	16	9	2	7	2	3	1	7	8	21	6	15	6	16	7	19	17	12	10	11	1	10	8	0	6	8	5	6	1	9	5	8	17	17	12	7	2	8	15	
1628_A/wild_bird/Hunan/03 6	0	2	8	4	5	11	11	2	19	0	0	4	3	1	12	3	3	5	1	3	4	5	0	8	16	9	2	7	2	3	1	7	8	20	6	15	6	16	7	19	17	12	10	11	1	10	8	0	6	9	5	6	1	9	5	8	17	17	12	7	2	8	15	
1629_A/wild_bird/Taipei/0 4	0	5	8	7	5	7	11	0	16	0	0	5	6	1	12	1	4	7	0	5	6	4	1	8	13	9	3	7	2	2	0	9	6	25	5	12	7	16	10	18	18	11	10	11	2	12	5	1	6	12	3	7	3	6	5	11	13	13	15	9	3	13	15	
1630_A/wild_bird/Zhejiang 6	1	3	9	4	4	10	10	3	20	0	0	3	2	1	12	4	4	6	1	3	5	5	0	7	14	6	2	7	2	5	1	10	8	23	3	11	10	15	10	16	15	13	8	11	4	10	8	0	6	7	4	7	0	8	6	10	17	18	16	5	1	7	13	
1631_A/wild_duck/Fujian/1 10	8	8	8	8	8	2	10	5	11	0	0	7	3	1	15	2	5	6	0	0	3	6	0	1	13	6	0	4	1	6	2	16	13	22	15	7	5	9	8	17	7	11	6	7	2	7	10	4	12	11	7	5	0	9	8	13	4	10	12	6	1	10	17	
1632_A/wild_duck/Fujian/2 10	9	8	8	8	7	2	10	5	11	0	0	7	3	1	15	2	5	6	0	0	3	6	0	1	13	6	0	4	1	6	2	16	13	22	15	7	5	9	8	17	7	12	7	7	2	6	9	4	12	9	8	5	0	10	7	13	4	10	12	6	1	11	17	
1633_A/wild_duck/Hebei/SD 11	9	8	8	7	7	8	11	3	12	1	0	8	2	0	15	2	6	4	0	0	5	3	1	0	8	8	0	7	4	6	1	13	11	24	14	12	9	13	9	16	7	9	10	8	3	9	5	9	10	9	10	4	2	11	6	10	4	8	10	6	3	13	18	
1634_A/wild_duck/Hunan/12 5	3	9	9	8	7	7	10	6	10	1	0	6	1	0	9	0	5	2	0	4	5	8	0	8	9	9	1	6	1	4	0	15	14	22	13	8	11	17	8	10	17	9	14	8	2	10	7	7	5	8	6	3	5	10	4	7	12	16	18	11	0	9	13	
1635_A/wild_duck/Jiangsu/ 10	7	8	11	7	7	5	6	5	8	1	0	6	4	0	14	1	5	8	0	4	6	2	0	4	9	6	2	2	1	11	2	13	13	16	9	7	5	9	5	15	7	11	12	11	2	6	11	9	4	14	9	10	6	9	7	11	9	18	18	12	3	6	12	
1636_A/wild_duck/Jilin/HF 11	7	8	8	7	9	3	11	6	12	0	0	6	2	1	15	2	6	5	0	0	2	5	0	1	12	6	1	3	3	6	1	13	13	23	13	7	4	8	9	18	8	14	7	9	3	4	9	6	11	8	9	5	1	12	6	8	5	10	13	9	0	10	16	
1637_A/wild_duck/Jilin/ZF 11	9	8	8	8	6	3	10	6	12	0	0	5	3	1	15	2	6	6	0	0	2	4	0	1	13	6	1	3	2	6	1	16	12	24	11	6	5	8	9	17	9	12	6	9	1	6	10	6	10	8	11	5	2	12	5	9	5	10	13	8	1	10	16	
1638_A/wild_duck/Shandong 10	8	8	9	8	8	3	10	7	13	0	0	7	1	1	15	1	7	4	0	1	3	5	0	0	10	6	0	3	3	6	2	8	14	23	11	12	4	5	13	14	7	13	8	7	1	6	7	8	11	11	10	4	2	10	7	7	6	10	13	13	0	11	15	
1639_A/wild_duck/Shandong 11	9	9	8	7	7	2	10	5	11	1	0	7	3	0	15	2	6	5	0	1	2	5	0	2	13	6	1	2	2	6	1	13	12	23	14	7	5	7	9	18	9	12	5	9	1	6	11	7	11	8	9	4	1	12	6	9	5	11	13	8	1	9	16	
1640_A/wild_duck/Shandong 11	9	9	8	7	7	2	10	7	12	0	0	7	2	1	15	2	5	4	0	0	4	6	1	0	11	7	0	3	2	5	1	12	13	23	15	9	5	8	8	15	9	12	9	9	1	6	7	6	11	11	8	4	1	10	8	10	5	10	12	8	1	10	16	
1641_A/wild_duck/Shandong 10	7	8	11	7	6	5	6	6	9	1	0	5	4	0	14	1	5	8	0	4	6	2	0	4	9	6	2	2	1	11	2	13	14	16	9	7	5	9	5	15	7	11	11	11	2	6	12	9	4	14	9	10	5	9	7	11	9	18	18	12	3	6	12	
1642_A/wild_goose/Shandon 10	7	8	11	7	7	5	6	6	8	1	0	5	4	0	14	1	5	8	0	4	6	2	0	4	9	6	2	2	1	11	2	13	14	16	9	7	5	9	5	15	7	11	11	11	2	6	12	9	4	14	9	10	5	9	7	11	9	18	18	12	3	6	12	
1643_A/wild_pigeon/Jilin/ 5	0	3	9	5	5	10	10	2	19	0	0	5	3	1	12	2	3	5	1	4	4	5	0	8	17	8	3	6	2	3	0	9	9	21	5	13	8	16	7	21	15	10	9	11	1	8	10	0	5	9	4	6	1	10	4	7	17	17	15	8	2	7	15	
1644_A/wildfowl/China/472 6	6	12	10	5	9	1	12	4	15	1	0	6	3	0	12	5	7	8	0	4	2	2	1	4	8	6	0	0	2	7	1	13	13	20	8	14	9	11	8	15	8	11	14	8	4	7	11	11	4	17	8	4	3	8	8	6	13	9	14	9	2	10	11	
1645_A/Xinjiang/1/2006|EP 11	8	9	9	7	7	3	9	6	13	0	0	8	1	1	15	2	7	4	0	0	3	4	2	0	11	7	0	3	2	5	1	9	12	22	15	12	6	6	11	14	9	12	8	8	1	7	7	8	11	12	8	4	2	10	8	10	5	8	13	8	1	10	15	
1646_A/Xinjiang/1/2009|EP 10	8	9	7	8	7	2	11	6	13	0	0	6	1	1	15	2	6	6	0	0	4	4	1	3	13	7	0	2	0	6	1	11	12	21	15	8	6	10	8	17	8	13	9	8	1	6	6	7	13	8	8	4	1	11	7	12	5	9	17	6	1	11	12	
1647_A/Yunnan/14563/2015| 6	0	2	8	4	5	11	11	2	18	0	0	5	4	1	12	3	3	6	1	3	4	4	0	9	17	8	3	5	1	3	0	9	7	20	5	13	8	17	7	19	17	11	9	11	1	11	8	0	6	10	4	6	1	9	4	8	16	17	14	8	1	9	15	
1648_A/Yunnan/DQ002/2015( 6	0	3	8	4	5	10	11	2	18	0	0	5	4	1	12	3	3	6	1	3	4	4	0	8	17	8	3	6	1	3	0	9	7	21	5	13	8	15	8	18	17	11	9	12	1	10	9	0	6	10	4	6	1	9	4	8	16	18	14	8	1	8	15	
1649_A/Zhejiang/1/2006|EP 11	7	9	8	7	7	2	10	7	14	0	0	7	1	1	15	2	6	4	0	0	4	6	1	0	12	7	0	3	1	5	1	11	13	24	15	9	5	7	8	16	9	12	11	8	1	6	5	8	12	10	7	4	1	11	9	8	5	9	13	9	1	10	15	
1650_A/Anas_platyrhynchos 11	9	10	8	7	7	5	11	3	15	1	0	7	1	0	15	2	6	4	2	0	5	4	1	0	7	7	1	6	4	6	1	12	12	23	14	12	9	12	10	17	8	7	11	10	3	10	4	8	10	9	10	4	2	10	7	10	2	9	9	6	3	13	18	
1651_A/Anas_crecca/Hubei/ 3	1	6	9	7	4	6	10	1	18	0	0	4	5	1	12	4	4	7	1	4	6	6	0	8	12	5	2	5	3	5	0	11	9	22	5	12	7	18	10	21	16	11	6	11	1	10	11	1	6	8	4	5	1	10	5	10	14	16	16	6	3	12	14	
1652_A/Anhui/1/2006_H5N1| 10	8	8	8	8	7	3	9	7	12	1	0	8	1	0	15	2	7	4	0	1	4	6	1	0	11	7	0	3	1	4	2	13	12	21	14	5	4	6	11	10	9	14	9	8	1	5	5	7	9	11	7	5	3	10	8	10	5	10	12	9	1	9	15	
1653_A/Anhui/1/2007_H5N1| 11	8	10	8	7	7	2	10	7	12	0	0	7	2	1	15	2	6	2	0	0	4	7	1	0	12	7	0	3	1	5	1	13	13	21	14	8	6	8	9	15	9	12	10	8	1	6	6	8	13	11	7	3	1	10	9	9	5	10	12	9	1	10	15	
1654_A/Anhui/2/2005_H5N1| 9	8	9	8	9	7	2	10	7	13	0	0	7	1	1	15	2	6	4	0	0	4	6	1	0	12	7	0	3	1	5	1	11	12	24	15	9	5	8	8	15	9	12	10	8	1	6	6	8	13	10	8	4	1	10	8	9	5	9	12	9	1	11	15	
1655_A/Anser_cygnoides/Ch 10	9	8	8	8	7	3	10	6	11	0	0	6	3	1	15	2	5	6	0	0	3	5	0	1	12	5	1	4	2	6	2	16	13	19	14	8	5	11	9	19	7	12	7	6	2	6	9	4	12	10	7	4	0	10	8	11	5	11	11	8	1	9	17	
1656_A/Anser_cygnoides/Hu 10	8	10	12	7	6	4	5	7	10	1	0	4	1	0	14	1	6	7	0	4	5	2	0	3	9	8	3	3	1	8	1	13	14	19	9	5	4	7	5	13	8	12	10	9	3	7	13	12	5	17	8	9	5	7	8	14	8	18	17	13	2	5	12	
1657_A/Anser_fabalis/jiuj 11	10	10	8	7	7	5	11	3	13	0	0	7	1	1	16	2	5	4	1	0	5	4	1	1	7	7	0	7	4	7	1	12	13	23	14	11	7	13	10	16	9	7	11	9	3	10	4	9	10	9	9	4	2	11	7	10	2	9	10	6	3	13	18	
1658_A/Anser_fabalis/jiuj 11	9	10	8	7	7	5	11	3	15	1	0	7	1	0	15	2	6	4	2	0	5	4	1	0	7	7	1	6	4	6	1	12	12	23	14	12	9	12	10	17	8	7	11	10	3	10	4	8	10	9	10	4	2	10	7	10	2	9	9	6	3	13	18	
1659_A/Anser_fabalis/jiuj 11	9	10	8	7	7	5	11	3	15	1	0	7	1	0	15	2	6	4	2	0	5	4	1	0	7	7	1	6	4	6	1	12	12	23	14	12	9	12	10	17	8	7	11	10	3	10	4	8	10	9	10	4	2	10	7	10	2	9	9	6	3	13	18	
1660_A/Bulbul/Taiwan/0115 6	5	7	10	12	5	6	9	2	11	1	0	1	4	0	12	3	6	6	0	1	9	5	0	6	9	6	3	6	1	3	3	10	11	23	8	9	7	14	5	22	19	14	3	7	2	11	9	8	5	14	10	5	6	14	5	13	3	12	13	7	3	8	12	
1661_A/Changsha/1/2014_H5 6	0	2	8	4	5	11	11	2	19	0	0	5	3	1	12	3	3	6	1	3	4	4	0	8	17	8	3	6	1	3	0	8	8	19	6	13	8	17	8	18	17	11	9	11	1	10	9	0	5	10	4	6	1	9	4	9	18	17	14	7	1	8	15	
1662_A/China/Original/201 6	0	2	8	4	5	11	11	3	19	0	0	3	3	1	12	3	3	6	1	3	5	5	0	8	16	6	2	7	1	5	1	8	8	21	5	14	7	15	8	18	16	14	9	11	3	11	6	0	7	9	4	6	0	8	6	9	17	17	15	6	1	7	14	
1663_A/Chlidonias_hybrida 10	7	8	11	7	7	5	6	6	8	1	0	5	4	0	14	1	5	8	0	4	6	2	0	4	9	6	2	2	1	11	2	13	14	16	9	7	5	9	5	15	7	11	11	11	2	6	12	9	4	14	9	10	5	9	7	11	9	18	18	12	3	6	12	
1664_A/Commom_Teal/Ningxi 6	1	2	9	4	5	11	10	2	19	0	0	5	2	1	12	2	3	6	1	3	4	4	0	9	16	7	3	6	2	4	0	8	8	21	6	14	8	17	7	19	17	10	11	10	1	10	8	2	5	8	4	4	1	9	4	9	17	17	13	7	2	8	16	
1665_A/Copsychus_saularis 6	0	2	8	4	5	11	11	2	19	0	0	5	3	1	12	3	3	6	1	3	4	4	0	8	16	8	3	6	2	3	0	9	6	21	5	12	8	17	7	19	18	10	9	11	1	11	9	0	5	10	4	7	1	9	4	8	16	17	14	8	2	8	15	
1666_A/Cygnus_atratus/Hub 10	8	9	12	7	6	5	5	7	9	1	0	4	2	0	14	1	6	7	0	4	5	2	0	3	9	8	3	3	1	8	1	12	15	18	9	5	4	7	5	15	8	11	10	9	3	7	13	12	5	17	8	10	5	7	8	13	8	18	17	13	2	5	12	
1667_A/Cygnus_atratus/Hub 10	8	9	12	7	6	5	5	7	9	1	0	4	2	0	14	1	6	7	0	4	5	2	0	3	9	8	3	3	1	8	1	12	15	18	9	5	4	7	5	15	8	11	10	9	3	7	13	12	5	17	8	10	5	7	8	13	8	18	17	13	2	5	12	
1668_A/Cygnus_columbianus 10	7	8	11	7	7	5	6	6	8	1	0	5	4	0	14	1	5	8	0	4	6	2	0	4	9	6	1	2	1	11	2	13	14	16	9	7	5	9	5	15	7	11	12	11	2	6	12	9	4	14	9	10	5	9	7	11	9	18	18	12	3	6	12	
1669_A/Cygnus_columbianus 10	7	8	11	7	7	5	6	6	8	1	0	5	4	0	14	1	5	8	0	4	6	2	0	4	9	6	2	2	1	11	2	13	14	17	8	7	5	9	5	15	7	11	11	11	2	6	12	9	4	14	9	10	5	9	7	11	9	18	18	12	3	6	12	
1670_A/Cygnus_columbianus 10	7	8	11	7	6	5	6	6	8	1	0	5	4	0	14	1	5	8	0	4	7	2	0	4	9	6	2	2	1	11	2	13	14	16	9	7	5	9	5	15	7	11	11	11	2	6	12	10	4	14	9	9	5	9	7	11	9	18	18	12	3	6	12	
1671_A/Cygnus_columbianus 10	7	8	11	7	7	5	6	6	8	1	0	5	4	0	14	1	5	8	0	4	6	2	0	4	9	6	2	2	1	11	2	13	14	16	9	7	5	9	5	15	7	11	11	11	2	6	12	9	4	14	9	10	5	9	7	11	9	18	18	12	3	6	12	
1672_A/Cygnus_columbianus 10	7	8	11	7	7	5	6	6	8	1	0	5	4	0	14	1	5	8	0	4	6	2	0	4	9	6	2	2	1	11	2	13	14	16	9	7	5	9	5	16	7	11	11	11	2	6	12	9	4	14	9	10	5	9	8	10	9	18	17	13	3	6	11	
1673_A/Cygnus_columbianus 10	7	8	11	7	7	5	6	6	8	1	0	5	4	0	14	1	5	8	0	4	6	2	0	4	9	6	2	2	1	11	2	13	14	16	9	7	5	9	5	15	7	11	11	11	2	6	12	10	4	14	10	9	5	9	7	11	9	17	19	12	3	6	11	
1674_A/Cygnus_columbianus 10	7	8	11	7	7	5	6	6	8	1	0	5	4	0	14	1	5	8	0	4	6	2	0	4	9	6	2	2	1	11	2	13	14	17	8	7	5	9	5	15	7	11	11	11	2	6	12	9	4	13	9	10	5	10	7	11	9	18	18	12	3	6	12	
1675_A/Duck/Dongting/D76- 5	3	9	9	8	7	7	10	6	10	1	0	6	1	0	9	0	5	2	0	4	5	8	0	8	9	9	1	6	1	4	0	15	14	22	13	8	11	17	8	10	17	9	14	8	2	10	7	7	5	8	6	3	5	10	4	7	12	16	18	12	0	9	12	
1676_A/Duck/Jiangxi/631/2 11	10	10	8	7	6	5	11	3	13	0	0	7	1	1	16	2	6	4	1	0	5	4	1	0	7	8	0	7	4	6	1	12	14	24	15	11	7	12	10	17	8	7	11	9	3	10	4	9	10	8	8	4	2	11	8	9	2	9	10	7	3	13	18	
1677_A/Falcated_Duck/Ning 6	0	2	9	4	5	11	10	2	20	0	0	5	2	1	12	3	3	6	1	3	4	4	0	8	16	8	3	6	2	3	0	8	8	20	6	13	8	17	7	19	17	10	11	11	1	10	8	2	5	9	4	5	1	9	4	9	17	17	13	6	2	8	16	
1678_A/Ferruginous_Pochar 6	0	2	9	4	5	11	10	2	20	0	0	5	2	1	12	3	3	6	1	3	4	4	0	8	16	8	3	6	2	3	0	8	8	20	6	13	8	17	7	19	17	10	11	11	1	10	8	2	5	9	4	5	1	9	4	9	17	17	13	6	2	8	16	
1679_A/Gadwall/Ningxia/47 6	0	2	9	4	5	11	10	2	19	0	0	5	3	1	12	3	3	6	1	3	4	4	0	8	16	8	3	6	2	3	0	8	8	20	6	13	8	17	7	19	17	10	10	11	1	10	9	2	5	9	4	5	1	9	4	9	17	17	14	6	2	8	15	
1680_A/Gallinula_chloropu 6	0	2	8	4	5	11	11	2	19	0	0	5	3	1	12	3	3	6	1	3	4	4	0	8	16	8	3	6	2	3	0	9	7	21	5	13	8	17	7	19	17	11	9	11	1	10	9	0	5	10	4	6	1	9	4	8	16	17	14	8	2	8	15	
1681_A/Guangdong/1/2008_H 10	8	9	9	7	8	2	9	7	13	0	0	7	0	1	15	2	6	4	0	0	4	6	1	0	12	7	0	3	1	5	1	11	12	25	12	9	5	7	11	16	9	12	10	7	1	6	6	9	11	12	8	4	2	10	7	9	5	10	12	9	1	10	15	
1682_A/Guangdong/2/2006_H 11	8	9	9	7	7	2	9	6	12	0	0	5	2	1	15	2	6	5	0	0	2	5	0	1	14	6	0	5	1	6	2	13	11	23	15	9	6	8	8	15	9	12	9	9	1	6	7	6	12	10	7	4	1	11	8	11	5	10	13	7	1	9	16	
1683_A/Guangdong/lgf/2021 6	0	3	8	4	5	10	11	3	20	0	0	3	2	1	12	3	3	6	1	3	5	5	0	8	15	6	2	7	2	5	1	8	8	21	4	13	8	16	8	16	15	13	9	11	4	12	6	0	7	9	4	6	0	8	6	12	17	18	16	5	1	6	13	
1684_A/Guangxi/1/2005_H5N 11	8	9	8	7	7	2	10	6	13	0	0	8	1	1	15	2	6	5	0	0	4	5	1	1	12	6	0	2	1	7	1	11	14	24	15	9	5	9	7	16	8	12	10	8	1	6	5	6	12	10	7	4	1	10	9	11	5	9	15	8	1	10	13	
1685_A/Guangxi/1/2008_H5N 10	6	8	8	8	10	3	10	5	12	1	0	8	1	0	15	2	7	5	0	0	3	5	1	0	11	8	0	4	2	4	2	12	11	21	18	10	5	8	9	16	8	12	10	8	1	7	4	8	10	10	10	3	2	11	8	10	5	10	10	8	1	10	15	
1686_A/Guangzhou/39715/20 6	1	2	8	4	5	11	11	2	18	0	0	5	3	1	12	3	3	6	1	3	4	4	0	8	16	8	3	6	2	3	0	8	9	22	6	12	8	16	8	19	16	10	10	11	1	10	9	0	5	8	4	5	1	9	4	7	18	18	14	8	2	8	15	
1687_A/Guizhou/1/2009_H5N 11	8	8	7	7	7	3	11	4	12	0	0	6	2	1	15	2	6	4	0	0	4	6	1	3	12	7	0	4	1	5	1	11	13	22	15	8	7	9	8	16	8	13	10	8	1	5	7	6	11	10	9	4	1	11	7	11	5	9	14	8	2	10	13	
1688_A/Hunan/1/2008_H5N1| 10	9	8	9	8	7	3	9	7	13	1	0	8	1	0	15	2	6	5	0	0	3	5	1	0	12	7	0	3	2	5	2	12	10	24	13	9	6	5	12	12	9	12	10	9	1	6	5	9	10	11	7	4	2	10	10	10	6	11	10	9	0	9	16	
1689_A/Hunan/2/2009_H5N1| 11	8	8	7	7	7	3	11	5	12	0	0	6	2	1	15	2	6	5	0	0	4	5	1	2	12	7	0	4	1	5	1	11	13	22	15	9	6	9	8	16	8	12	10	8	1	6	7	5	11	10	9	5	0	11	7	10	6	9	15	9	2	10	12	
1690_A/Japanese_white-eye 10	9	10	6	8	7	1	12	5	12	0	0	7	2	1	15	2	5	5	0	0	3	6	0	1	13	6	0	4	1	6	2	15	13	21	15	7	5	9	8	19	7	12	6	7	2	7	9	5	11	10	9	5	1	10	7	12	5	10	12	5	1	10	16	
1691_A/Nanjing/1/2015_H5N 11	7	9	8	7	8	2	10	5	13	0	0	9	1	1	14	2	5	5	0	1	2	6	0	1	12	6	1	2	3	5	1	14	14	22	15	7	4	8	9	18	7	12	6	10	4	6	10	6	11	9	8	4	1	11	6	7	5	10	12	9	0	10	18	
1692_A/Northern_Shoveler/ 6	1	2	9	4	5	11	10	2	20	0	0	6	1	1	12	2	3	6	1	3	4	4	0	9	16	7	3	5	2	4	0	8	8	21	6	14	8	17	7	19	16	10	10	10	1	11	9	2	5	8	4	4	1	9	4	9	17	17	13	7	3	7	16	
1693_A/Pavo_cristatus/Chi 6	0	1	9	4	5	13	10	1	19	0	0	6	3	1	12	4	3	6	0	2	4	3	1	8	17	9	2	6	1	3	1	8	10	20	6	14	6	17	7	19	16	13	9	12	1	10	8	0	5	9	6	6	0	8	4	8	17	17	12	6	2	8	16	
1694_A/Pavo_cristatus/Chi 6	0	1	9	4	5	13	10	1	19	0	0	6	3	1	12	4	3	6	0	2	4	3	1	8	17	9	2	6	1	3	1	8	10	20	6	14	6	17	7	19	16	13	9	12	1	10	8	0	5	9	6	6	0	8	4	8	17	17	12	6	2	8	16	
1695_A/Pavo_cristatus/Jia 6	0	2	8	4	5	11	11	2	19	0	0	4	3	1	12	3	3	6	1	3	5	4	0	8	15	8	2	7	2	4	1	7	9	20	6	15	6	16	7	19	17	11	9	11	2	10	8	0	5	9	5	6	1	9	5	8	17	17	13	7	2	8	15	
1696_A/Rattus_norvegicus/ 5	0	1	9	5	4	11	10	2	19	0	0	4	4	1	12	3	4	6	0	3	4	5	1	8	15	9	2	7	2	3	1	5	10	19	10	16	7	17	4	20	17	11	9	11	0	11	8	0	5	10	4	6	0	8	4	10	16	14	16	5	3	10	14	
1697_A/Shandong/1/2009_H5 10	8	9	9	8	7	2	9	6	14	0	0	7	0	1	15	2	6	5	0	0	4	5	1	1	12	7	0	3	1	5	1	9	14	23	15	9	4	9	8	16	9	12	10	7	1	6	6	9	12	12	7	4	1	10	8	9	5	9	12	9	1	11	15	
1698_A/Spatula_querquedul 11	9	9	8	7	7	6	11	2	12	0	0	8	2	1	16	2	6	5	0	0	5	4	1	0	8	7	0	7	4	6	1	12	13	24	14	12	8	12	10	16	7	8	11	9	3	10	4	9	10	9	9	4	2	11	7	10	2	8	10	6	3	14	18	
1699_A/Syrrhaptes_paradox 5	0	2	9	5	5	11	10	2	18	0	0	5	4	1	12	3	3	6	1	3	4	4	0	8	16	8	3	6	2	3	0	9	9	22	6	13	7	16	7	20	16	10	10	11	1	10	9	0	5	9	4	6	1	9	4	5	18	17	14	8	2	8	15	
1700_A/Taiwan/DV413/2006_ 4	10	13	11	10	4	1	11	1	16	1	0	6	2	0	13	7	6	7	0	2	5	3	2	4	9	6	1	2	0	8	1	12	9	24	8	10	9	11	11	17	14	12	11	7	2	5	10	9	4	16	7	8	3	10	7	9	8	10	12	7	2	9	11	
1701_A/Taiwan/DV518/2006_ 4	10	13	11	10	4	1	11	1	16	1	0	6	2	0	13	7	6	7	0	2	5	3	2	4	9	6	1	2	0	8	1	12	9	24	8	9	10	11	11	17	14	12	11	7	2	5	10	10	4	16	7	7	3	10	7	9	8	10	12	7	2	9	11	
1702_A/Whooper_Swan/Sanme 10	8	9	12	7	6	5	5	7	9	1	0	4	2	0	14	1	6	7	0	4	5	2	0	3	9	7	3	3	1	9	1	13	15	17	9	5	4	7	5	15	8	11	10	9	2	8	13	11	5	18	8	10	5	7	8	13	8	18	17	13	2	5	12	
1703_A/Wild_bird/Huadong/ 10	7	8	11	7	7	5	6	6	8	1	0	5	4	0	14	1	5	8	0	4	6	2	0	4	9	6	2	2	1	11	2	13	14	16	9	7	5	9	5	15	7	11	11	11	2	6	12	9	4	14	9	10	5	9	7	11	9	18	18	12	3	6	12	
1704_A/Wild_bird/Huadong/ 11	7	9	8	7	8	2	10	5	13	0	0	9	1	1	14	2	5	5	0	1	2	6	0	1	12	6	1	1	3	5	1	14	14	20	15	7	4	9	10	18	8	12	6	11	2	6	10	6	11	9	8	4	1	11	6	7	5	9	12	8	1	12	18	
1705_A/Wild_bird/Huadong/ 6	0	1	9	4	5	12	10	2	19	0	0	4	3	1	12	3	4	6	1	3	4	4	0	8	15	9	2	7	2	3	1	10	9	20	7	12	6	16	7	19	17	12	9	11	1	9	10	1	5	10	5	6	1	9	4	8	16	15	12	5	3	9	16	
1706_A/Wild_bird/Huadong/ 10	9	10	6	8	7	1	12	6	14	0	0	7	0	1	15	1	4	6	0	0	4	5	0	1	12	6	0	4	2	6	2	16	13	18	15	6	6	9	9	17	7	13	6	7	2	7	8	6	8	10	8	6	2	11	7	12	5	9	12	6	1	12	17	
1707_A/Wild_bird/Huadong/ 6	0	1	9	4	5	12	10	2	19	0	0	4	3	1	12	3	4	6	1	3	4	4	0	8	15	9	2	7	2	3	1	10	9	20	7	12	6	16	7	19	17	12	9	11	1	9	10	1	5	10	5	6	1	9	4	8	16	15	12	5	3	9	16	
1708_A/Wild_bird/Huadong/ 6	0	1	9	4	5	12	10	2	19	0	0	4	3	1	12	3	3	6	1	3	4	4	0	8	16	9	2	7	2	3	1	7	9	19	6	15	7	16	8	18	17	13	8	13	1	8	10	0	6	9	5	6	0	9	4	8	16	18	13	6	2	7	16	
1709_A/Wild_bird/Huadong/ 5	0	2	8	5	5	11	11	3	19	0	0	4	3	1	12	3	3	6	1	3	5	4	0	7	15	8	2	7	2	4	1	5	8	18	7	16	8	16	7	19	17	12	9	11	2	10	8	1	5	9	4	6	1	9	6	8	17	16	13	6	2	8	15	
1710_A/Wild_bird/Huadong/ 9	9	9	7	9	7	2	11	5	12	0	0	7	2	1	15	2	5	6	0	0	3	5	0	1	13	5	0	4	1	7	2	15	13	21	16	8	5	9	8	18	7	12	6	7	2	7	9	5	10	9	6	5	1	10	8	12	5	9	12	6	1	12	17	
1711_A/Wild_bird/Huadong/ 6	0	2	8	4	5	11	11	2	20	0	0	3	2	1	12	3	3	6	1	3	4	4	0	9	16	9	2	7	2	3	1	7	8	20	7	14	8	16	7	17	16	10	9	11	1	13	8	2	5	9	5	5	1	9	5	9	17	17	15	6	2	9	12	
1712_A/Wild_bird/Huadong/ 6	0	1	9	4	5	12	10	2	19	0	0	4	3	1	12	3	4	6	1	3	4	4	0	8	15	9	2	7	2	3	1	11	9	20	7	12	6	16	7	19	17	12	9	10	1	9	10	1	5	10	5	6	1	9	4	8	16	15	12	5	3	9	16	
1713_A/Wild_bird/Huadong/ 5	0	2	8	5	5	11	11	3	19	0	0	4	3	1	12	3	4	6	1	3	5	4	0	7	14	8	2	7	2	5	0	4	7	19	6	18	8	17	7	19	17	11	10	11	2	10	7	0	5	9	6	6	1	9	4	8	17	16	14	7	2	8	14	
1714_A/Wild_bird/Huadong/ 6	0	2	8	4	5	11	10	2	20	0	0	3	2	1	12	3	3	6	1	3	4	4	0	9	16	9	2	7	2	3	1	8	8	20	7	15	8	16	7	17	15	10	9	11	1	13	8	2	6	9	5	5	1	9	6	9	16	16	15	6	2	9	12	
1715_A/Wild_bird/Huadong/ 5	0	2	8	5	5	11	11	3	19	0	0	4	3	1	12	3	4	6	1	3	5	4	0	7	14	8	2	7	2	5	0	5	7	19	6	17	8	17	7	19	17	11	10	11	2	10	7	0	5	9	6	6	1	9	4	8	17	16	14	7	2	8	14	
1716_A/Wild_bird/Huadong/ 6	0	1	9	4	5	12	10	2	19	0	0	4	3	1	12	3	4	6	1	3	4	4	0	8	15	9	2	7	2	3	1	10	9	20	7	12	6	16	7	19	17	12	9	11	1	9	10	1	5	10	5	6	1	9	4	8	16	15	12	5	3	9	16	
1717_A/Xinjiang/1/2009_H5 10	8	9	7	8	7	2	11	6	13	0	0	6	1	1	15	2	6	6	0	0	4	4	1	3	13	7	0	2	0	6	1	11	12	21	15	8	6	10	8	17	8	13	9	8	1	6	6	7	13	8	8	4	1	11	7	12	5	9	17	6	1	11	12	
1718_A/Yangzhou/125/2022_ 5	1	0	10	4	5	13	9	2	18	0	0	5	5	1	12	4	4	6	1	3	4	4	0	8	15	9	2	7	2	3	1	6	9	20	7	14	6	15	6	21	17	11	7	10	1	10	12	1	4	9	4	7	1	10	6	7	15	15	11	6	3	9	17	
1719_A/avian/Hong_Kong/07 10	5	8	8	8	10	3	10	6	13	1	0	7	1	0	15	2	7	4	0	0	3	5	1	0	12	8	0	4	1	5	2	12	11	23	16	9	5	7	10	15	9	12	10	8	1	7	4	8	10	10	8	4	2	11	9	9	5	9	10	9	1	11	16	
1720_A/avian/Hong_Kong/19 10	5	8	8	8	10	3	10	6	13	1	0	7	1	0	15	2	7	4	0	0	3	5	1	0	12	8	0	4	1	5	2	12	11	23	16	9	5	7	10	15	9	12	10	8	1	7	4	8	10	10	8	4	2	11	9	9	5	9	10	9	1	11	16	
1721_A/avian/Hong_Kong/23 10	5	8	8	8	10	3	10	6	13	1	0	7	1	0	15	2	7	4	0	0	3	5	1	0	12	8	0	4	1	5	2	12	11	23	16	9	5	7	10	15	9	12	10	8	1	7	4	8	10	11	8	4	2	10	9	9	5	9	10	9	1	11	16	
1722_A/baikal_teal/Xiangh 6	11	13	11	8	4	1	11	1	14	1	0	6	2	0	13	6	6	7	0	2	5	2	2	4	9	7	1	2	1	8	1	15	9	22	10	9	9	13	8	16	14	12	13	7	2	5	8	10	3	16	9	7	4	9	6	9	9	7	13	8	1	12	10	
1723_A/bar-headed_goose/Q 11	8	9	10	7	7	3	8	5	13	0	0	8	1	1	15	2	7	4	0	0	3	4	2	0	11	7	0	4	2	5	1	9	12	22	15	12	6	6	11	15	9	12	10	8	1	7	5	6	10	11	9	5	3	10	8	9	5	8	12	8	1	11	16	
1724_A/bar-headed_goose/T 11	8	9	10	7	7	3	8	4	13	0	0	9	1	1	15	2	7	5	0	0	3	3	2	1	11	7	0	3	2	5	1	9	12	22	15	12	6	6	11	14	9	12	10	8	1	7	5	7	12	11	7	5	1	10	9	10	5	8	13	8	1	11	15	
1725_A/black_chicken/Jian 3	1	7	9	7	4	5	10	2	18	0	0	4	5	1	12	4	4	7	1	4	6	6	0	7	12	5	2	4	3	5	0	10	9	23	5	13	7	16	10	22	16	12	6	13	1	11	10	1	6	8	5	5	1	10	4	8	14	16	14	6	3	12	16	
1726_A/brown-headed_gull/ 11	9	9	8	7	7	2	10	6	12	0	0	6	2	1	15	2	6	6	0	0	2	4	0	1	13	6	0	3	2	6	2	12	14	23	14	7	4	9	9	18	9	12	6	9	1	6	10	6	10	8	10	5	1	11	6	10	6	10	12	7	1	9	17	
1727_A/brown-headed_gull/ 10	9	9	9	7	7	2	10	6	12	0	0	6	2	1	15	2	6	6	0	0	2	4	0	1	13	6	0	3	2	6	2	13	13	24	14	7	4	7	9	18	9	12	6	9	2	6	10	6	11	8	9	5	1	12	6	10	6	10	12	7	0	9	17	
1728_A/canvasback/Xiangha 6	11	13	11	8	4	1	11	1	14	1	0	6	2	0	13	6	6	7	0	2	5	2	2	4	9	7	1	2	1	8	1	15	9	20	9	9	9	15	9	16	14	12	13	7	2	5	8	10	3	16	9	7	4	9	6	10	9	8	13	7	1	11	10	
1729_A/cat/Sichuan/SC18/2 3	1	6	9	7	5	6	10	2	15	0	0	4	7	1	12	4	4	7	1	4	6	6	0	7	11	5	2	4	4	5	0	11	9	22	6	12	7	16	9	21	15	15	6	12	1	10	11	1	6	7	5	5	1	11	4	8	14	16	16	7	3	12	14	
1730_A/cat/Zhejiang/C1/20 6	0	2	7	4	5	11	12	2	18	0	0	5	4	1	12	2	3	6	1	4	4	4	0	9	16	7	3	5	2	4	0	9	8	20	5	13	8	17	7	20	16	12	9	11	1	9	9	0	5	13	3	6	2	7	3	9	17	16	15	7	1	8	15	
1731_A/cat/Zhejiang/C2/20 6	0	2	8	4	5	11	11	2	19	0	0	5	3	1	12	3	3	6	1	3	4	4	0	8	16	7	3	6	2	4	0	9	9	19	7	13	8	17	5	20	16	11	9	10	0	10	9	0	5	12	4	6	1	7	4	9	17	16	16	8	1	8	15	
1732_A/chicken/Anhui/MZ33 6	1	2	7	4	6	11	12	3	19	0	0	5	2	1	12	2	3	6	1	4	4	4	0	8	14	7	3	6	3	4	0	9	7	18	8	13	8	17	5	21	16	11	10	10	1	10	8	0	5	11	4	6	1	8	5	8	17	15	15	8	1	8	16	
1733_A/chicken/Anhui/MZ34 6	1	2	7	4	6	11	12	2	19	0	0	5	2	1	12	2	3	6	1	4	4	4	0	9	14	7	3	6	3	4	0	9	7	17	9	13	8	17	5	21	16	11	10	10	1	10	8	0	5	10	4	6	1	8	5	8	17	16	15	8	1	8	16	
1734_A/chicken/Beijing/BJ 6	7	10	10	7	7	3	12	7	14	1	0	5	0	0	14	5	9	6	0	1	2	4	1	4	9	5	1	2	0	8	2	13	11	23	8	11	9	10	10	16	11	12	13	10	2	8	7	11	7	13	7	3	2	10	7	3	8	12	14	12	2	10	10	
1735_A/chicken/CH/a556/20 8	7	8	14	6	6	4	7	3	15	1	0	5	2	0	13	4	7	6	0	4	4	3	0	2	7	7	3	1	1	6	1	14	11	19	11	15	6	15	8	13	11	10	14	10	1	6	6	6	5	15	7	6	5	13	7	7	8	7	14	7	1	9	8	
1736_A/chicken/Changhua/1 5	10	13	11	9	4	1	11	2	15	1	0	5	2	0	13	5	6	7	0	3	5	2	2	5	9	7	2	1	1	8	0	16	9	21	11	10	8	13	9	15	13	12	14	7	2	5	7	10	4	14	9	6	3	11	4	10	10	8	13	8	1	12	10	
1737_A/chicken/Changhua/1 5	10	13	11	9	4	1	11	2	15	1	0	5	2	0	13	5	6	7	0	3	5	2	2	5	9	7	2	1	1	8	0	16	9	21	11	10	8	13	9	15	13	12	14	7	2	5	7	10	4	14	9	6	3	11	4	10	10	8	13	8	1	12	10	
1738_A/chicken/Changhua/1 5	10	13	11	9	4	1	11	2	15	1	0	5	2	0	13	5	6	7	0	3	5	2	2	5	9	7	2	1	1	8	0	16	9	22	10	10	8	13	9	15	13	12	14	7	2	5	7	10	4	14	9	6	3	11	4	10	10	8	13	8	1	12	10	
1739_A/chicken/Changhua/1 5	10	13	11	9	4	1	11	2	14	1	0	5	2	0	13	5	6	7	0	3	5	2	2	5	10	7	2	1	1	8	0	16	9	21	11	10	8	13	9	16	13	12	13	7	2	5	8	10	4	14	9	6	3	12	4	9	10	7	13	8	1	12	10	
1740_A/chicken/Changhua/1 5	10	13	11	9	4	1	11	2	15	1	0	5	2	0	13	5	6	7	0	3	5	2	2	5	9	7	2	1	1	8	0	16	9	21	11	10	8	13	9	15	14	12	13	7	2	5	8	10	4	14	9	6	3	12	4	10	9	7	13	8	1	12	10	
1741_A/chicken/Changhua/1 5	10	13	11	9	4	1	11	2	15	1	0	5	2	0	13	5	6	7	0	3	5	2	2	5	9	7	2	1	1	8	0	16	9	21	11	11	7	13	9	15	13	12	13	7	2	5	8	10	4	14	9	6	3	12	4	10	10	7	13	8	1	12	10	
1742_A/chicken/Changhua/1 10	8	9	12	7	6	5	5	6	9	1	0	4	3	0	14	1	6	6	0	4	5	3	0	3	9	7	3	2	1	9	1	14	18	17	8	5	4	8	6	12	8	11	16	8	2	8	7	13	2	15	9	7	6	8	7	13	10	16	15	15	1	7	16	
1743_A/chicken/Changhua/1 11	8	9	12	6	6	5	5	7	9	1	0	3	3	0	14	1	6	6	0	4	5	3	0	3	9	7	3	2	1	9	1	14	18	17	8	5	4	8	6	13	8	10	17	8	2	8	7	13	2	14	9	7	5	9	7	12	11	16	15	15	1	7	16	
1744_A/chicken/Changhua/1 10	8	9	12	7	6	5	5	8	9	1	0	3	3	0	14	1	6	6	0	4	5	3	0	4	9	7	3	1	1	9	1	14	18	17	8	5	4	8	6	13	8	10	16	8	2	8	8	13	2	14	9	7	6	9	7	12	10	16	15	14	1	7	16	
1745_A/chicken/Changhua/1 10	8	9	12	7	6	5	5	8	9	1	0	2	3	0	14	1	6	6	0	4	5	3	0	4	9	7	3	1	1	9	1	14	18	17	8	5	4	8	6	13	8	10	17	8	2	8	7	13	2	14	9	7	6	9	7	12	10	16	15	15	1	7	16	
1746_A/chicken/Changhua/1 5	10	13	11	9	4	1	11	1	15	1	0	6	2	0	13	5	6	7	0	3	5	2	2	5	9	7	2	1	1	8	0	16	9	21	12	10	8	13	9	15	13	12	15	7	2	5	6	10	4	14	8	6	3	11	4	11	10	8	13	7	1	12	10	
1747_A/chicken/Changhua/1 10	8	9	11	7	6	5	6	6	9	1	0	4	3	0	14	1	6	6	0	4	4	3	0	3	10	7	3	2	1	9	1	14	17	17	8	5	5	9	6	12	8	10	17	8	2	8	7	13	2	14	8	7	6	8	7	13	10	16	16	15	1	7	16	
1748_A/chicken/Changhua/1 5	10	13	11	9	4	1	11	1	15	1	0	6	2	0	13	5	6	7	0	3	5	2	2	5	9	7	2	1	1	8	0	16	9	20	13	10	8	12	10	15	13	12	14	7	2	5	7	10	4	14	8	6	3	11	4	10	10	9	13	8	1	11	10	
1749_A/chicken/Changhua/1 10	8	9	12	7	6	5	5	6	9	1	0	4	3	0	14	1	6	6	0	4	4	3	0	3	10	7	3	2	1	9	1	14	17	17	8	5	5	9	6	12	8	10	17	8	2	8	7	13	2	14	9	7	6	8	6	13	10	16	16	15	1	7	16	
1750_A/chicken/Changhua/1 5	10	13	11	9	4	1	11	1	15	1	0	6	2	0	13	5	6	7	0	3	5	2	2	5	9	7	2	1	1	8	0	16	9	22	12	10	8	12	9	15	13	12	14	7	2	5	7	10	4	14	8	6	3	11	4	11	10	8	13	7	1	12	10	
1751_A/chicken/Changhua/1 5	10	13	10	9	4	1	12	2	15	1	0	5	2	0	13	6	7	7	0	3	4	2	2	4	9	8	2	1	1	7	0	16	9	20	11	10	8	14	9	15	13	13	12	7	1	5	8	10	4	14	10	6	3	12	4	10	10	7	12	8	1	12	11	
1752_A/chicken/Changhua/1 5	10	13	11	9	4	1	11	1	15	1	0	6	2	0	13	5	6	7	0	3	5	2	2	5	9	7	2	1	1	8	0	16	9	23	11	10	8	13	9	15	13	11	15	7	2	5	7	10	4	14	8	6	3	10	4	11	10	8	14	7	1	12	9	
1753_A/chicken/Changhua/1 5	10	13	10	9	4	1	12	1	14	1	0	6	3	0	13	5	6	7	0	3	5	2	2	5	10	7	2	1	0	8	0	16	9	22	13	10	8	13	10	15	13	11	14	7	2	5	7	10	5	14	7	6	2	10	4	12	9	8	14	6	2	12	9	
1754_A/chicken/Changhua/1 6	10	13	11	7	4	1	11	1	14	1	0	5	3	0	13	5	6	7	0	4	5	2	2	5	10	8	2	2	0	7	0	16	9	24	11	10	8	12	10	15	13	11	14	6	2	5	8	10	5	14	8	6	2	9	4	10	10	7	14	9	1	13	9	
1755_A/chicken/Chiayi/150 5	11	13	11	9	3	1	11	2	15	1	0	5	2	0	13	5	6	7	0	3	5	2	2	5	9	7	2	1	1	8	0	16	9	21	11	10	8	13	9	15	13	12	14	7	2	5	7	10	4	14	9	6	3	11	4	10	10	8	13	8	1	12	10	
1756_A/chicken/Chiayi/150 6	10	13	11	9	4	1	11	2	15	1	0	5	2	0	13	4	6	7	0	3	5	2	2	5	9	7	2	1	1	8	0	17	8	21	11	10	8	13	9	15	13	12	13	7	2	5	8	10	4	14	9	6	3	12	4	10	10	7	13	8	1	12	10	
1757_A/chicken/Chiayi/150 10	8	9	12	7	6	5	5	6	9	1	0	4	3	0	14	1	6	6	0	4	5	3	0	3	9	7	3	2	1	9	1	14	18	16	8	5	4	10	6	12	8	10	17	8	2	8	7	13	2	14	8	7	6	8	7	13	10	16	16	15	1	7	16	
1758_A/chicken/Chiayi/170 5	10	13	11	9	4	1	11	1	14	1	0	6	3	0	13	5	6	7	0	3	5	2	2	5	10	7	2	1	0	8	0	14	9	22	11	10	8	14	9	15	13	11	15	7	2	5	7	12	5	15	7	6	2	10	4	11	10	8	14	7	1	12	9	
1759_A/chicken/Chiayi/181 5	10	13	11	9	4	1	11	1	14	1	0	5	3	0	13	5	6	7	0	3	5	2	2	5	10	9	1	2	0	7	0	16	9	23	11	10	9	12	10	15	14	11	14	6	0	5	8	10	5	15	8	6	2	9	4	10	10	7	14	9	1	13	9	
1760_A/chicken/China/007/ 6	0	3	8	4	5	10	11	3	19	0	0	3	3	1	12	3	3	6	1	3	5	5	0	8	15	6	3	7	2	5	1	7	7	22	6	15	6	13	8	18	17	13	8	11	2	10	8	0	6	9	4	6	1	9	6	10	17	17	14	6	2	8	13	
1761_A/chicken/China/1101 6	0	1	9	4	5	11	10	2	17	0	0	4	5	1	12	3	4	6	1	3	4	5	0	8	15	9	2	7	2	3	1	7	9	21	7	14	7	14	6	18	17	15	8	11	1	8	11	1	5	10	6	7	0	9	4	9	16	16	13	5	2	8	15	
1762_A/chicken/China/Cang 11	9	10	8	7	7	5	11	3	13	0	0	6	1	1	16	2	6	4	1	0	5	4	1	0	7	8	0	8	4	6	1	12	13	24	14	11	8	12	10	17	8	7	10	9	3	10	5	9	9	9	8	4	3	11	8	10	2	9	10	6	3	13	18	
1763_A/chicken/China/E93/ 10	8	8	9	8	8	3	10	7	13	0	0	6	1	1	15	1	6	4	0	1	4	5	0	0	10	6	0	4	3	6	2	8	15	23	11	12	4	6	12	14	7	13	9	8	1	7	5	8	10	12	10	4	2	9	7	7	6	10	13	12	0	11	15	
1764_A/chicken/China/E96/ 10	8	8	9	8	8	3	10	7	12	0	0	7	2	1	15	1	6	4	0	1	4	5	0	0	10	6	0	3	3	6	2	8	15	23	11	12	4	5	13	14	7	13	9	8	1	7	5	8	10	12	10	4	2	9	7	8	6	10	12	12	0	11	15	
1765_A/chicken/Chiping/03 6	7	11	11	7	6	2	11	7	15	1	0	5	0	0	14	5	9	6	0	1	2	4	1	4	9	4	1	2	0	9	2	14	11	23	9	10	9	10	10	16	10	12	13	10	2	9	6	11	7	14	6	3	2	10	6	3	9	11	16	12	2	9	10	
1766_A/chicken/Dongguan/2 6	0	2	8	4	5	11	11	2	19	0	0	5	3	1	12	3	3	6	1	3	4	4	0	8	16	8	3	6	2	3	0	9	8	20	5	13	8	17	7	19	17	11	9	11	1	10	9	0	5	10	4	6	1	9	4	8	16	17	14	8	2	8	15	
1767_A/chicken/Dongguan/3 6	0	2	8	4	5	11	11	2	19	0	0	5	3	1	12	3	3	6	1	3	4	4	0	8	16	8	3	6	2	3	0	9	8	20	7	13	8	16	6	19	17	11	9	11	1	10	9	0	5	9	4	6	1	10	4	8	17	17	14	7	2	8	15	
1768_A/chicken/Dongguan/4 6	0	2	8	5	5	10	11	2	19	0	0	6	3	1	12	3	3	6	1	3	4	4	0	8	16	8	3	6	2	3	0	8	8	19	6	13	8	18	7	19	17	11	8	10	1	10	10	0	5	10	4	5	2	9	4	7	17	17	14	8	2	8	15	
1769_A/chicken/Eastern_Ch 5	6	12	11	7	6	2	11	7	18	1	0	3	1	0	13	5	8	4	0	3	4	5	1	2	9	6	0	1	1	7	2	12	11	23	9	13	7	8	8	15	12	14	14	12	1	6	9	12	7	13	6	4	3	11	8	5	8	13	14	9	2	7	10	
1770_A/chicken/Eastern_Ch 5	6	12	11	7	6	2	11	7	18	1	0	3	1	0	13	5	8	4	0	3	4	5	1	2	9	6	0	1	1	7	2	12	11	23	9	13	7	8	8	15	12	14	14	12	1	6	9	12	7	13	6	4	3	11	8	5	8	13	14	9	2	7	10	
1771_A/chicken/Eastern_Ch 8	6	7	9	9	9	3	9	6	13	0	0	7	1	1	15	3	9	4	0	0	3	5	0	1	11	6	0	4	1	5	3	13	11	23	18	11	5	7	8	14	7	14	11	8	1	6	4	6	8	12	10	3	4	10	8	8	6	9	11	10	1	12	13	
1772_A/chicken/Eastern_Ch 8	6	7	9	9	9	3	9	6	13	0	0	8	1	1	15	3	9	4	0	0	3	5	0	1	11	6	0	4	1	5	3	13	11	23	18	12	5	7	7	14	7	14	11	7	2	6	3	6	8	12	10	3	5	10	7	8	6	9	11	10	1	12	13	
1773_A/chicken/Fujian/1/2 10	6	9	9	8	9	3	9	6	13	0	0	6	1	1	15	2	7	4	0	0	3	5	1	1	12	7	0	4	1	4	2	12	12	22	17	10	5	7	9	15	8	13	10	8	1	6	5	7	10	10	10	4	2	11	8	9	5	10	10	10	1	10	15	
1774_A/chicken/Fujian/11. 6	0	1	9	4	5	12	10	1	19	0	0	6	3	1	12	3	3	6	0	3	4	4	1	8	17	9	2	6	1	3	1	8	10	20	6	14	6	17	7	18	16	13	9	12	1	10	8	0	5	9	6	6	0	8	4	9	17	17	12	6	2	8	16	
1775_A/chicken/GY/a451/20 8	7	8	14	6	6	4	7	3	15	1	0	5	2	0	13	4	6	6	0	4	4	3	0	2	7	6	3	2	2	7	1	13	12	18	11	15	6	16	8	13	11	11	14	9	1	6	6	6	5	15	7	6	5	13	7	7	8	7	14	7	1	8	8	
1776_A/chicken/Gansu/5/20 11	8	8	9	7	8	4	10	8	13	0	0	6	1	1	15	1	5	4	0	1	4	4	0	0	11	6	0	3	3	6	2	8	15	23	11	12	4	5	13	14	7	13	7	7	1	7	7	8	10	11	10	4	2	10	7	6	6	10	13	14	0	11	15	
1777_A/chicken/Gansu/6/20 11	8	8	9	7	8	4	10	8	13	0	0	6	1	1	15	1	5	4	0	1	4	4	0	0	11	6	0	3	3	6	2	8	15	23	11	12	4	5	13	14	7	13	7	7	1	7	7	8	10	11	10	4	2	10	7	6	6	10	13	14	0	11	15	
1778_A/chicken/Ganzhou/GZ 6	0	2	8	4	5	11	11	2	19	0	0	4	3	1	12	3	3	6	1	3	5	4	0	8	15	8	2	7	2	4	1	7	8	20	6	15	6	16	7	19	17	11	9	12	1	10	8	0	6	9	5	6	1	9	5	8	17	16	13	7	2	9	15	
1779_A/chicken/Guangdong/ 11	8	9	9	7	6	2	9	5	13	0	0	8	2	1	15	2	6	4	0	0	4	6	1	1	10	7	0	3	2	5	1	9	15	24	16	11	4	5	10	14	9	11	8	8	1	8	6	8	9	11	9	4	4	10	8	10	5	8	11	9	1	11	16	
1780_A/chicken/Guangdong/ 6	1	2	7	4	6	11	12	2	19	0	0	5	2	1	12	2	3	6	1	4	4	4	0	9	14	7	3	6	3	4	0	9	7	18	8	13	8	17	5	21	16	11	10	10	1	10	8	0	5	11	4	6	1	8	5	8	17	15	15	8	1	8	16	
1781_A/chicken/Guangxi/16 6	0	1	10	4	5	12	9	3	17	0	0	4	3	1	12	3	3	6	1	3	4	4	0	8	16	10	2	6	3	1	2	8	9	18	5	15	8	16	7	18	15	13	9	13	2	10	8	0	5	9	6	6	0	10	4	8	17	17	14	6	2	8	15	
1782_A/chicken/Guangxi/S2 11	8	9	8	7	7	2	10	4	11	0	0	8	3	1	15	2	6	5	0	0	3	6	0	1	13	6	0	4	1	6	2	14	13	22	15	8	5	8	8	15	8	11	7	8	2	7	9	5	12	10	7	5	0	10	8	13	5	10	13	6	1	10	16	
1783_A/chicken/Guizhou/7/ 11	8	10	7	7	7	2	11	6	12	0	0	6	2	1	16	2	6	4	0	0	4	6	2	1	12	6	0	4	1	6	1	11	12	22	14	9	6	8	9	18	8	12	11	8	1	6	6	6	12	9	8	4	1	12	7	10	5	9	12	8	1	10	14	
1784_A/chicken/Hebei/1102 6	7	11	12	7	6	2	10	5	16	1	0	4	2	0	13	4	9	6	0	1	2	3	0	4	9	7	1	2	0	6	2	17	11	24	11	10	8	9	9	16	10	12	14	9	3	9	7	8	5	14	7	5	3	9	6	4	10	11	16	12	2	9	9	
1785_A/chicken/Hebei/1102 6	7	11	12	7	6	2	10	5	16	1	0	4	2	0	13	4	9	6	0	1	2	3	0	4	9	7	1	2	0	6	2	17	11	24	11	10	8	9	9	16	10	12	14	9	3	9	7	8	5	14	7	5	3	9	6	4	10	11	16	12	2	9	9	
1786_A/chicken/Hebei/3/20 7	8	11	10	6	6	2	12	6	16	1	0	6	0	0	14	5	8	6	0	1	2	4	1	4	9	5	1	1	0	8	2	14	11	23	9	10	9	9	10	15	10	12	12	11	2	8	8	11	6	13	7	3	3	10	7	4	10	12	14	11	1	10	10	
1787_A/chicken/Hebei/A-8/ 11	9	9	9	7	7	2	10	7	12	0	0	8	2	1	15	1	5	4	0	1	4	5	1	0	10	7	0	3	3	5	1	8	15	23	11	11	4	5	14	13	10	12	8	7	1	8	6	7	11	12	5	5	1	10	10	10	6	9	13	10	0	11	15	
1788_A/chicken/Heilongjia 6	7	11	12	7	6	2	10	6	16	1	0	5	0	0	14	5	9	6	0	1	2	4	1	4	9	6	1	2	0	7	2	14	9	23	8	11	10	10	10	16	11	12	12	10	1	8	8	11	6	14	7	3	3	9	7	4	8	12	14	12	2	10	10	
1789_A/chicken/Henan/A-7/ 10	8	9	9	8	7	3	9	6	14	0	0	9	1	1	15	2	6	4	0	0	4	4	2	1	8	7	0	2	4	5	1	9	14	21	11	11	4	7	14	13	10	13	11	8	1	7	3	7	11	12	8	5	2	9	9	10	5	8	11	8	1	11	17	
1790_A/chicken/Henan/Q7/2 6	7	11	13	7	6	2	9	6	15	1	0	4	2	0	14	5	9	6	0	1	2	3	1	4	9	6	1	2	0	8	1	14	11	24	8	11	9	10	10	15	10	12	13	10	2	8	7	11	6	13	7	3	3	11	6	4	8	11	15	12	2	10	10	
1791_A/chicken/Henan/YB05 6	0	2	7	4	6	11	12	2	19	0	0	5	2	1	12	2	4	6	1	4	4	4	0	9	15	7	3	6	2	4	0	9	7	19	7	13	8	17	5	21	16	11	10	10	1	10	8	0	5	11	4	6	1	8	5	8	17	16	14	8	1	8	16	
1792_A/chicken/Hsinchu/16 5	10	13	11	8	5	1	11	1	14	1	0	6	3	0	13	4	6	7	0	3	5	2	2	5	9	8	1	1	1	8	1	17	9	23	11	10	8	13	9	16	13	10	14	5	2	5	7	10	5	14	8	6	2	10	4	11	10	7	15	8	1	13	9	
1793_A/chicken/Huadong/4/ 11	8	9	9	7	7	2	10	7	12	0	0	8	2	1	15	1	6	4	0	1	4	5	1	1	10	7	0	2	3	5	1	8	14	23	11	12	4	6	13	14	9	11	8	7	1	9	6	8	11	11	7	4	2	10	9	10	5	9	14	10	0	11	14	
1794_A/chicken/Hubei/2856 10	7	9	8	8	8	2	10	7	13	0	0	7	1	1	15	2	7	5	1	0	3	5	0	0	11	7	0	3	2	5	1	11	12	25	15	9	4	8	9	16	8	12	11	8	1	6	5	8	13	9	7	4	1	10	9	8	5	10	13	10	1	10	14	
1795_A/chicken/Hubei/ZYSJ 6	0	2	7	4	5	11	12	2	19	0	0	4	3	1	12	3	3	6	1	3	4	4	0	8	16	8	2	7	2	4	1	9	8	20	5	13	8	16	7	19	17	12	10	11	1	10	8	0	5	12	4	6	1	7	5	8	17	16	13	7	2	8	15	
1796_A/chicken/Hubei/ZYSJ 6	0	2	8	4	5	11	11	2	19	0	0	4	3	1	12	3	3	6	1	3	4	4	0	8	16	9	2	7	2	3	1	7	8	20	6	15	6	16	7	19	17	12	9	11	1	10	8	0	6	9	5	6	1	9	5	8	17	17	13	7	2	8	15	
1797_A/chicken/Hubei/ZYSJ 6	0	2	8	4	5	11	11	2	19	0	0	4	3	1	12	3	3	5	1	3	4	5	0	9	16	9	2	6	2	3	1	7	8	19	6	15	6	17	7	19	17	12	9	11	1	10	8	0	6	9	5	6	1	9	5	8	17	17	13	7	2	8	15	
1798_A/chicken/Hunan/02.0 5	0	2	8	5	5	11	11	3	19	0	0	4	3	1	12	3	3	6	1	3	5	4	0	7	15	8	1	7	2	4	2	6	6	18	6	17	7	17	7	19	17	12	9	11	2	10	8	1	5	8	7	6	1	9	5	7	17	17	13	7	2	7	15	
1799_A/chicken/Hunan/03.0 6	0	2	8	4	5	11	11	3	19	0	0	3	3	1	12	3	3	6	1	3	5	5	0	8	15	7	2	7	2	4	1	8	7	23	4	14	8	15	8	19	17	13	8	11	2	10	8	0	5	8	4	6	1	8	6	9	17	18	14	6	2	7	14	
1800_A/chicken/Hunan/12.2 6	0	2	8	4	5	11	11	2	19	0	0	4	3	1	12	4	3	5	2	3	4	4	0	8	16	8	2	6	2	3	1	7	10	20	6	15	5	15	8	20	16	13	10	11	1	10	7	0	6	9	5	6	1	9	4	8	16	16	15	7	2	8	15	
1801_A/chicken/Hunan/12.2 6	0	2	8	4	5	11	11	2	19	0	0	4	3	1	12	3	3	6	1	2	4	4	0	9	15	9	2	7	3	3	1	6	7	20	4	15	8	16	9	17	17	12	9	13	1	10	8	0	6	9	4	6	1	9	6	8	16	17	12	7	3	8	16	
1802_A/chicken/Hunan/1793 11	8	8	10	7	7	3	8	8	13	1	0	8	1	0	15	2	7	4	0	0	3	6	1	0	12	7	0	3	2	5	2	12	11	24	14	9	5	5	11	13	9	12	11	8	1	6	4	8	11	11	7	4	2	10	9	9	5	11	10	10	0	9	17	
1803_A/chicken/Hunan/21/2 11	8	10	8	7	7	2	10	7	12	0	0	7	1	1	15	2	6	4	0	0	4	6	1	0	13	7	0	3	1	5	1	11	14	22	15	9	5	9	7	15	9	10	10	8	1	8	6	8	12	10	7	4	1	10	9	9	5	9	12	9	1	10	16	
1804_A/chicken/Hunan/3/20 11	8	9	8	8	6	2	10	6	12	0	0	6	2	1	15	2	6	5	0	0	2	5	0	1	13	6	0	3	2	6	2	13	13	23	15	7	4	8	8	17	9	12	7	10	1	6	9	6	12	8	9	5	1	12	6	10	5	10	12	7	1	10	17	
1805_A/chicken/Hunan/3157 11	8	9	8	8	7	2	10	6	13	0	0	7	1	1	15	2	6	4	0	0	4	6	1	0	12	7	0	3	1	5	1	11	13	25	15	9	5	7	8	15	8	13	10	8	1	5	6	8	12	10	8	4	1	10	8	8	7	8	13	9	1	11	15	
1806_A/chicken/Hunan/8/20 10	8	9	8	8	7	2	10	7	12	0	0	6	2	1	15	2	6	4	0	0	2	5	0	0	13	6	0	3	2	7	2	13	12	23	15	7	4	8	7	17	9	12	8	8	1	5	9	6	13	8	9	5	1	12	7	11	5	11	12	8	1	10	16	
1807_A/chicken/Jiangsu/10 6	8	11	12	7	6	2	10	6	16	1	0	3	1	0	13	5	9	6	0	1	3	3	1	4	9	7	1	2	0	7	1	13	12	19	10	12	7	12	9	16	10	11	14	8	2	8	8	10	8	15	7	3	2	9	9	6	8	11	14	11	2	10	10	
1808_A/chicken/Jiangsu/18 11	7	10	9	7	8	2	10	7	12	0	0	8	2	1	15	1	6	4	0	1	4	5	1	1	10	7	0	2	3	5	1	8	14	22	11	12	4	5	14	14	9	12	8	7	1	8	6	8	11	11	7	4	2	10	9	10	5	10	13	10	0	10	15	
1809_A/chicken/Jiangsu/24 9	9	10	7	9	7	1	11	5	13	0	0	7	1	1	15	2	4	6	0	0	4	5	0	1	12	6	0	4	2	6	2	15	13	21	15	7	6	9	8	18	7	12	6	7	2	7	9	5	10	9	7	5	1	10	8	12	5	9	12	6	1	12	17	
1810_A/chicken/Jiangsu/92 10	9	10	7	8	7	1	11	6	13	0	0	7	1	1	15	2	5	6	0	0	3	5	0	0	13	6	0	4	1	7	1	15	13	20	14	6	5	9	9	19	7	12	7	7	2	7	8	5	12	10	10	5	1	10	7	13	5	10	12	5	1	10	15	
1811_A/chicken/Jiangsu/XZ 6	7	11	11	7	6	2	11	7	15	1	0	5	0	0	14	5	9	6	0	1	2	4	1	4	9	5	1	2	0	9	1	14	11	23	8	10	9	10	10	17	10	14	11	10	2	9	6	11	7	13	7	3	2	10	6	3	9	11	15	12	2	10	10	
1812_A/chicken/Jiangsu/YB 11	7	9	8	7	8	2	10	5	13	0	0	9	1	1	14	3	5	5	0	0	2	6	0	1	12	6	1	2	3	5	1	14	14	21	16	7	5	9	8	18	7	12	6	10	3	6	10	6	11	9	8	4	1	11	6	7	5	10	12	9	0	10	18	
1813_A/chicken/Jiangsu/k0 9	9	9	8	8	7	2	10	5	12	0	0	6	2	1	15	3	6	5	0	0	1	6	0	2	13	6	0	3	2	6	2	13	13	24	15	7	4	7	8	17	9	12	6	9	1	6	10	6	11	8	9	5	1	12	7	10	5	11	11	8	1	9	17	
1814_A/chicken/Jiangxi/25 11	9	9	8	7	8	2	10	5	10	0	0	7	4	1	15	2	5	5	0	0	2	6	0	1	13	6	0	4	1	6	2	15	13	21	15	8	5	9	8	17	7	11	7	8	2	7	10	4	12	10	7	5	0	10	8	12	5	10	12	6	1	10	16	
1815_A/chicken/Jiangxi/NC 6	0	2	8	4	5	11	11	2	20	0	0	5	2	1	12	3	3	6	1	3	4	4	0	9	16	7	3	6	2	3	0	8	8	20	5	13	8	14	10	19	17	12	9	11	2	10	9	1	5	9	4	6	1	9	4	8	18	17	14	7	0	8	15	
1816_A/chicken/Jiangxi/NC 6	0	2	8	4	5	11	11	2	20	0	0	5	2	1	12	3	3	6	1	3	4	4	0	8	16	8	3	6	2	3	0	8	8	20	5	13	8	15	9	18	18	12	10	11	2	10	8	1	5	9	4	6	1	9	4	8	18	17	14	7	0	8	15	
1817_A/chicken/Jiangyin/J 5	0	2	8	5	5	11	11	3	19	0	0	3	2	1	12	3	3	6	1	3	5	5	0	8	16	7	2	7	2	5	1	8	8	22	4	14	7	15	8	16	16	10	9	11	4	12	6	0	7	9	4	6	0	8	5	11	17	18	16	6	1	7	14	
1818_A/chicken/Kaohsiung/ 11	8	9	12	6	6	5	5	5	9	1	0	5	3	0	13	1	6	6	0	4	5	3	0	4	9	7	3	2	1	9	1	14	17	17	8	5	4	9	6	12	9	9	17	8	2	9	7	13	3	14	7	7	6	8	9	12	9	15	16	16	1	8	15	
1819_A/chicken/Kaohsiung/ 11	8	8	11	6	6	6	6	6	9	1	0	5	3	0	13	1	6	6	0	4	5	3	0	3	9	7	3	2	1	9	1	14	18	16	9	6	4	9	6	12	8	10	17	8	2	8	7	13	2	14	7	6	6	8	8	13	10	16	16	15	1	7	16	
1820_A/chicken/Kaohsiung/ 11	8	8	10	6	6	6	7	6	9	1	0	5	3	0	13	1	6	6	0	4	5	3	0	3	9	7	3	2	1	9	1	14	18	16	9	5	4	9	6	12	8	10	17	8	2	8	6	14	2	14	7	6	6	8	8	13	10	16	16	15	1	7	17	
1821_A/chicken/Kaohsiung/ 11	8	8	10	6	6	6	7	6	9	1	0	5	3	0	13	1	6	6	0	4	5	3	0	3	9	7	3	2	1	9	1	14	18	16	9	5	4	9	6	11	9	9	17	8	2	9	7	14	2	14	7	6	6	8	8	14	10	15	16	15	1	7	16	
1822_A/chicken/Kaohsiung/ 11	8	8	11	6	6	6	6	6	10	1	0	5	2	0	13	1	6	6	0	4	5	3	0	3	9	7	3	2	1	9	1	14	19	17	9	5	4	8	6	12	7	10	17	8	2	8	7	13	2	14	8	7	6	8	8	13	10	16	16	15	1	7	15	
1823_A/chicken/Kaohsiung/ 11	8	8	10	6	6	6	7	6	9	1	0	5	3	0	13	1	6	6	0	4	5	3	0	3	9	7	3	2	1	9	1	14	18	16	9	5	4	9	6	12	8	10	17	8	2	8	6	14	2	14	7	6	6	8	8	13	10	16	16	15	1	7	17	
1824_A/chicken/Kaohsiung/ 10	8	7	11	7	6	7	6	6	10	1	0	5	2	0	13	1	6	6	0	4	5	3	0	3	9	7	3	2	1	9	1	16	18	16	9	5	4	9	6	12	8	11	17	8	2	8	7	11	2	14	7	7	6	8	8	13	10	15	17	15	1	7	15	
1825_A/chicken/Kaohsiung/ 5	10	13	11	9	4	1	11	1	14	1	0	6	3	0	13	5	6	7	0	3	5	2	2	5	10	7	2	1	0	8	0	15	9	22	11	10	8	13	10	15	13	11	15	6	2	5	7	11	5	13	8	6	2	11	4	11	10	7	14	8	1	13	9	
1826_A/chicken/Kaohsiung/ 5	10	13	10	9	4	1	12	1	14	1	0	4	3	0	13	5	6	7	0	3	5	2	2	5	10	7	2	3	0	8	0	16	9	23	11	10	9	13	10	13	13	10	15	6	2	6	7	10	5	14	8	6	2	10	4	11	10	7	14	9	1	12	9	
1827_A/chicken/Kaohsiung/ 5	10	13	11	9	4	1	11	2	14	1	0	6	3	0	13	4	6	8	0	4	5	1	2	5	9	7	2	0	1	8	0	15	10	23	11	10	7	13	10	13	12	11	15	7	2	5	7	11	5	14	8	6	2	9	4	10	12	8	14	9	1	13	8	
1828_A/chicken/Kaohsiung/ 5	10	13	11	9	4	1	11	3	14	1	0	5	3	0	13	4	6	8	0	4	5	1	2	5	9	7	2	0	1	8	0	15	10	23	11	10	7	13	10	13	12	11	15	7	2	5	7	11	5	14	8	6	2	9	4	9	13	8	14	9	1	13	8	
1829_A/chicken/Liaoning/2 11	8	9	9	7	7	3	9	6	13	0	0	7	1	1	15	2	7	4	0	0	3	4	2	0	11	7	0	3	2	5	1	9	12	22	15	12	6	6	11	14	9	12	8	9	1	7	7	8	11	11	8	4	2	10	8	10	5	8	13	8	1	11	15	
1830_A/chicken/Liaoning/A 11	9	9	9	7	6	3	9	6	14	0	0	9	1	1	15	2	6	5	0	0	4	4	2	1	9	6	0	2	3	6	0	10	14	19	12	10	4	8	13	14	9	14	9	9	1	8	6	7	12	12	8	5	1	9	9	8	5	7	12	9	1	11	15	
1831_A/chicken/Liaoning/S 10	8	8	9	8	8	3	10	8	13	0	0	6	1	1	15	1	6	4	0	1	4	5	0	0	10	6	0	3	3	6	2	8	15	23	11	12	4	5	13	13	7	13	8	8	1	7	6	8	10	11	10	4	2	10	7	7	6	10	12	13	0	11	16	
1832_A/chicken/Miaoli/150 10	8	9	12	7	6	5	5	6	9	1	0	4	3	0	14	1	6	6	0	4	5	3	0	3	9	7	3	2	1	9	1	14	18	17	8	5	4	9	6	12	8	10	17	8	2	8	7	13	2	14	9	7	6	8	7	13	10	16	15	15	1	7	16	
1833_A/chicken/Nantou/161 11	9	8	10	6	5	6	7	6	9	1	0	5	3	0	13	1	6	6	0	4	5	3	0	3	9	7	3	2	1	9	1	15	19	16	9	5	4	9	6	11	8	10	16	8	2	8	8	13	2	14	7	6	6	8	8	13	10	15	16	16	1	7	16	
1834_A/chicken/New_Taipei 10	8	8	11	7	6	6	6	5	9	1	0	6	3	0	13	1	6	6	0	4	5	3	0	3	9	7	3	2	1	9	1	14	18	16	9	5	4	9	6	12	8	12	17	8	2	7	7	13	2	14	7	7	6	8	8	13	10	15	16	15	1	7	16	
1835_A/chicken/New_Taipei 10	8	7	11	7	6	6	6	6	9	0	0	5	3	1	13	1	6	7	0	4	5	3	0	3	9	7	3	2	1	9	1	14	18	16	9	5	4	9	6	12	8	12	17	8	2	7	7	13	2	14	7	7	6	8	8	13	10	15	16	15	1	7	16	
1836_A/chicken/New_Taipei 5	10	13	11	9	4	1	11	2	14	1	0	5	3	0	13	5	6	7	0	3	5	2	2	6	9	7	2	1	0	8	0	16	9	22	11	10	8	13	10	14	13	11	15	6	2	6	7	10	4	15	8	6	2	10	4	11	10	7	14	8	1	13	9	
1837_A/chicken/New_Taipei 11	8	8	11	6	6	6	6	7	9	1	0	4	3	0	13	1	6	7	0	4	5	2	0	3	9	7	3	2	1	9	1	14	19	15	9	5	4	9	6	12	7	10	17	8	2	10	6	14	2	14	7	6	6	8	8	13	10	16	15	15	1	7	17	
1838_A/chicken/New_Taipei 11	8	8	11	6	6	6	6	6	10	1	0	5	3	0	13	1	6	7	0	4	5	2	0	3	7	7	3	2	2	9	0	14	18	15	9	6	4	9	6	12	8	10	17	8	2	10	7	14	2	14	7	5	6	8	8	13	10	16	15	15	1	7	17	
1839_A/chicken/New_Taipei 11	8	8	11	6	6	6	6	6	10	1	0	5	3	0	13	1	6	7	0	4	5	2	0	3	7	7	3	2	2	9	1	14	18	15	9	6	4	9	6	12	8	10	17	8	2	10	6	14	2	14	7	5	6	8	8	12	10	16	15	16	1	7	17	
1840_A/chicken/New_Taipei 11	8	8	11	6	6	6	6	6	10	1	0	5	3	0	13	1	6	7	0	4	5	2	0	3	7	7	3	2	2	9	0	14	18	15	9	6	4	9	6	12	8	10	17	8	2	10	7	14	2	14	7	5	6	8	8	13	10	16	15	15	1	7	17	
1841_A/chicken/New_Taipei 5	10	13	11	9	5	1	10	1	13	1	0	5	3	0	12	5	6	7	0	3	5	2	3	5	10	6	2	2	0	9	0	16	9	21	11	10	8	13	11	14	13	11	15	6	2	5	8	10	5	15	8	6	2	9	4	11	10	7	13	9	1	13	10	
1842_A/chicken/Ningxia/2/ 11	8	8	9	7	8	4	10	8	13	0	0	6	1	1	15	1	5	4	0	1	4	4	0	0	11	6	0	3	3	6	2	8	15	23	11	12	4	5	13	14	7	13	7	7	1	7	7	8	10	11	10	4	2	10	7	6	6	10	13	14	0	11	15	
1843_A/chicken/Ningxia/22 11	8	8	9	6	8	4	10	8	13	0	0	6	1	1	15	1	5	4	0	1	4	4	0	0	11	6	0	3	3	6	2	8	15	23	11	12	4	5	13	14	7	13	7	7	1	7	7	8	10	11	10	5	2	10	7	6	6	10	13	14	0	11	15	
1844_A/chicken/Ningxia/24 11	8	9	9	7	6	3	9	6	14	0	0	9	1	1	15	2	6	4	0	0	5	4	2	1	9	7	0	2	3	5	1	9	14	21	12	12	4	7	13	13	10	14	11	8	1	6	3	7	11	12	9	4	2	9	8	8	5	8	12	10	1	11	16	
1845_A/chicken/North_Chin 9	6	7	9	9	9	3	9	6	13	1	0	7	1	0	15	2	9	4	0	0	3	5	0	0	12	7	0	4	1	4	3	12	11	23	18	11	5	7	8	14	8	13	11	9	1	6	4	7	9	12	10	3	3	10	8	11	5	9	12	7	1	11	13	
1846_A/chicken/PH/A2821/2 8	7	8	14	6	6	4	7	2	15	1	0	6	2	0	13	4	6	6	0	4	4	3	0	2	7	7	3	1	2	6	1	12	11	19	11	14	8	15	8	13	11	10	15	9	1	6	5	9	5	15	6	6	3	13	7	7	8	7	15	8	1	9	8	
1847_A/chicken/PT/a158/20 7	7	8	14	7	6	4	7	3	15	1	0	5	2	0	13	4	6	6	0	4	4	3	0	2	7	7	3	2	2	6	1	14	11	18	11	15	6	16	8	13	11	10	14	9	1	6	6	6	5	15	7	6	5	13	7	7	8	8	14	7	1	8	8	
1848_A/chicken/Pingtung/1 5	10	13	11	9	4	1	11	2	16	1	0	5	1	0	13	5	6	7	0	3	5	2	2	5	9	7	2	1	1	8	0	16	9	20	12	10	8	13	9	15	13	12	13	7	2	5	7	10	4	14	9	6	3	11	4	10	10	8	14	8	1	12	10	
1849_A/chicken/Pingtung/1 5	10	13	12	9	5	2	9	1	15	1	0	5	2	0	13	6	6	7	0	3	4	2	2	5	9	7	2	1	1	8	0	17	9	20	10	11	8	15	10	15	13	12	13	7	2	5	8	9	4	16	11	6	3	9	4	9	10	7	12	8	1	11	10	
1850_A/chicken/Pingtung/1 5	10	13	11	9	4	1	11	2	14	1	0	5	3	0	13	5	6	7	0	3	5	2	2	5	9	7	2	1	1	8	0	15	10	23	11	10	7	13	10	14	12	11	15	6	2	5	7	11	5	14	8	6	2	9	4	10	12	8	13	9	1	13	9	
1851_A/chicken/Pingtung/1 5	10	13	11	9	5	1	10	1	13	1	0	5	3	0	12	5	6	7	0	3	5	2	3	5	10	6	2	2	0	9	0	16	9	20	11	10	8	14	10	14	13	11	14	6	2	5	9	10	5	15	8	6	2	9	5	11	10	7	13	9	1	13	10	
1852_A/chicken/Qingdao/1/ 6	7	11	11	7	6	2	11	7	15	1	0	5	0	0	14	5	9	6	0	1	2	4	1	4	9	4	1	2	0	9	2	14	10	22	8	10	9	10	10	16	11	12	13	10	3	8	6	11	7	14	7	3	2	9	8	3	9	11	14	12	2	11	10	
1853_A/chicken/SC/a688/20 8	8	8	14	6	5	4	7	3	15	1	0	5	2	0	13	4	6	6	0	4	4	3	0	2	7	7	3	2	2	6	1	14	11	18	11	15	6	16	8	13	11	10	14	9	1	6	6	6	6	15	7	6	4	13	7	7	9	8	14	7	0	8	8	
1854_A/chicken/Shandong/A 9	9	9	9	8	7	3	9	7	14	0	0	8	0	1	15	2	7	5	0	1	4	4	2	1	8	6	0	3	3	6	1	9	13	18	14	10	4	8	10	14	10	13	11	8	1	7	5	7	12	14	8	5	1	9	9	11	5	10	11	8	1	8	15	
1855_A/chicken/Shandong/S 6	7	11	11	7	6	2	11	7	15	1	0	5	0	0	14	5	9	6	0	1	2	4	1	4	9	4	1	2	0	9	2	13	10	23	8	10	9	10	10	16	11	12	13	10	2	9	6	12	7	13	7	3	2	9	8	3	9	11	14	12	2	11	10	
1856_A/chicken/Shantou/37 10	8	9	9	7	7	2	9	7	13	0	0	7	1	1	15	2	6	4	0	0	4	5	2	0	11	7	0	3	2	5	1	9	13	23	14	13	3	6	11	14	9	12	8	8	1	8	6	8	11	11	8	3	3	10	9	10	5	9	13	9	1	10	15	
1857_A/chicken/Shanxi/04. 6	0	1	9	4	5	12	10	2	19	0	0	5	3	1	12	3	3	6	1	3	4	4	0	8	16	9	2	6	2	3	1	8	9	19	6	13	8	16	8	19	16	12	8	14	1	10	8	0	5	8	5	6	0	10	4	8	17	17	14	5	3	8	15	
1858_A/chicken/Shanxi/10/ 8	11	10	9	6	6	3	9	6	14	1	0	9	1	0	15	2	6	4	1	0	4	4	2	1	9	7	0	2	3	6	1	9	14	21	13	12	4	7	13	13	10	12	10	9	1	8	5	7	11	12	7	4	2	9	8	10	5	8	12	8	1	11	14	
1859_A/chicken/Shanxi/12. 6	0	1	9	4	5	12	10	2	19	0	0	4	3	1	12	3	3	6	1	3	4	4	0	8	16	9	2	7	2	3	1	8	8	19	6	14	7	15	9	17	19	13	8	13	1	8	10	0	5	9	5	6	0	9	4	9	16	17	13	6	2	8	16	
1860_A/chicken/Sheny/0606 10	9	9	9	8	6	3	9	6	14	0	0	8	1	1	16	2	6	5	0	0	4	3	2	1	10	7	0	3	2	5	0	10	14	21	12	11	5	7	13	13	10	12	10	10	1	9	5	6	13	12	8	4	0	9	9	9	4	7	12	7	2	11	15	
1861_A/chicken/Shenzhen/1 6	0	2	8	4	5	11	11	2	19	0	0	5	3	1	12	3	3	6	1	3	4	4	0	8	16	9	2	6	2	3	0	8	8	20	6	13	8	17	7	19	17	11	9	11	1	10	9	0	5	10	4	6	1	9	5	8	17	18	13	7	2	7	15	
1862_A/chicken/Shenzhen/1 3	1	7	9	7	4	5	10	2	18	0	0	4	5	1	12	4	4	7	1	4	6	6	0	7	12	5	2	4	3	5	0	13	9	21	6	11	8	16	9	22	16	12	6	12	1	11	10	1	6	8	5	5	1	10	4	9	14	16	16	6	3	12	14	
1863_A/chicken/Shenzhen/2 6	0	2	8	4	5	11	11	2	19	0	0	5	3	1	12	3	3	6	1	3	4	4	0	8	16	8	3	6	2	3	0	9	8	21	5	13	8	16	7	19	17	11	9	11	1	10	9	0	5	10	4	6	1	9	4	8	16	17	14	8	2	8	15	
1864_A/chicken/Shenzhen/2 6	0	2	8	4	5	11	11	2	19	0	0	5	3	1	12	3	3	6	1	3	4	4	0	8	16	8	3	6	2	3	0	9	8	20	4	13	8	17	8	19	17	11	9	11	1	10	9	0	5	10	4	6	1	9	4	8	16	18	14	8	2	7	15	
1865_A/chicken/Shenzhen/2 6	0	2	8	4	5	11	11	2	19	0	0	5	3	1	12	3	3	6	1	3	4	4	0	8	16	8	3	6	2	3	0	9	8	20	5	13	8	17	7	19	17	11	9	11	1	10	9	0	5	10	4	6	1	10	4	8	16	16	14	8	2	8	15	
1866_A/chicken/Shenzhen/4 5	0	2	8	4	5	11	11	2	19	0	0	5	3	1	12	4	4	6	1	3	4	4	0	8	15	8	3	6	2	3	0	8	8	20	6	13	8	17	7	19	17	12	9	11	1	9	9	0	5	10	4	6	1	9	4	8	17	17	14	7	2	8	15	
1867_A/chicken/Shenzhen/5 6	0	2	8	4	5	11	11	2	19	0	0	5	3	1	12	3	3	6	1	3	4	4	0	8	16	8	3	6	2	3	0	9	8	20	5	13	8	17	7	19	17	11	9	11	1	10	9	0	5	10	4	6	1	9	4	8	16	17	14	8	2	8	15	
1868_A/chicken/Shenzhen/7 5	0	2	8	4	5	11	11	2	19	0	0	5	3	1	12	4	4	6	1	3	4	4	0	8	15	8	3	6	2	3	0	8	8	20	6	13	8	17	7	19	17	12	9	11	1	9	9	0	5	10	4	6	1	9	4	8	17	17	14	7	2	8	15	
1869_A/chicken/Shijiazhua 6	7	11	12	7	6	2	10	4	18	1	0	6	0	0	14	5	9	5	1	1	2	4	1	4	8	6	1	2	0	8	1	14	11	23	9	10	9	9	9	16	9	12	13	10	3	8	7	12	5	14	6	3	3	10	7	4	8	12	15	12	2	10	10	
1870_A/chicken/Sichuan/81 11	8	9	8	7	7	2	10	7	13	0	0	7	1	1	15	2	6	4	0	0	4	6	1	0	12	7	0	3	1	5	1	11	13	24	15	9	5	8	8	15	9	12	10	8	1	6	6	7	12	10	7	5	1	10	9	9	5	9	13	9	1	10	15	
1871_A/chicken/Sichuan/NC 3	1	6	8	7	5	6	11	2	16	0	0	4	6	1	12	4	4	7	1	4	6	6	0	7	11	5	2	4	4	5	0	11	9	22	6	12	8	15	9	22	16	13	6	12	1	11	10	1	6	8	5	5	1	10	4	8	14	16	16	7	3	12	14	
1872_A/chicken/Sichuan/k1 6	0	2	8	4	5	11	11	2	19	0	0	4	3	1	12	3	3	6	1	3	5	5	0	8	16	7	2	8	1	4	1	7	9	20	6	15	6	16	7	19	17	11	9	10	2	10	8	0	5	9	4	6	1	9	6	9	18	16	14	6	1	8	15	
1873_A/chicken/TC/a504/20 8	7	8	14	6	6	4	7	3	15	1	0	5	2	0	13	4	6	6	0	4	4	3	0	2	7	7	3	2	2	6	1	14	11	18	11	15	6	16	8	13	11	10	14	9	1	6	6	6	5	15	7	6	5	13	7	7	8	8	14	7	1	8	8	
1874_A/chicken/TY/a665/20 8	7	8	14	6	6	4	7	3	15	1	0	5	2	0	13	4	6	7	0	4	4	2	0	2	7	7	3	2	2	6	1	14	11	18	11	15	6	16	8	13	11	10	14	9	1	6	6	6	5	15	7	6	5	13	7	7	8	8	14	7	1	8	8	
1875_A/chicken/Taichung/1 5	10	13	11	9	4	1	11	2	15	1	0	5	2	0	13	5	6	7	0	3	5	2	2	5	9	7	2	1	1	8	0	16	9	21	11	10	8	13	9	15	13	12	13	7	2	6	8	10	4	14	9	6	3	12	4	10	10	7	13	8	1	11	10	
1876_A/chicken/Taichung/1 5	10	13	10	9	4	1	12	2	15	1	0	5	2	0	13	6	7	6	1	3	4	2	2	4	9	8	2	1	1	7	0	16	9	20	10	10	8	15	9	15	12	12	12	7	2	6	7	10	4	14	10	6	3	12	4	11	10	8	13	8	1	11	10	
1877_A/chicken/Taichung/1 5	10	13	10	9	4	1	12	3	14	1	0	5	2	0	13	6	7	7	0	3	4	2	2	4	9	8	2	1	1	7	0	16	9	21	10	10	8	14	9	15	12	13	12	7	2	6	8	10	4	14	10	6	3	12	4	10	10	8	13	8	1	10	10	
1878_A/chicken/Taichung/1 10	8	8	12	7	6	6	5	6	9	1	0	4	3	0	14	1	6	6	0	4	4	3	0	3	10	7	3	2	1	9	1	13	17	16	9	5	5	9	6	11	9	10	17	8	2	8	6	13	1	14	9	8	6	7	7	12	11	16	16	15	2	6	18	
1879_A/chicken/Tainan/150 10	8	9	12	7	6	5	5	6	9	1	0	4	3	0	14	1	6	6	0	4	5	3	0	3	9	7	3	2	1	9	1	14	18	17	8	5	4	9	6	12	8	10	17	8	2	8	7	13	2	14	8	7	6	8	7	13	10	16	16	15	1	7	16	
1880_A/chicken/Tainan/160 6	9	13	11	9	5	1	11	2	15	1	0	5	2	0	13	5	6	7	0	3	5	2	2	4	9	7	2	1	1	8	0	16	9	20	10	10	8	16	8	16	13	12	13	7	2	5	8	10	4	14	10	6	3	11	5	9	10	7	13	8	1	11	10	
1881_A/chicken/Tainan/170 10	8	8	11	7	6	6	6	7	9	1	0	5	3	0	13	1	6	6	0	4	5	3	0	2	9	8	3	2	1	8	1	14	18	15	10	5	4	10	5	11	9	12	17	8	2	6	7	14	3	14	7	6	6	8	8	13	9	16	16	15	1	7	16	
1882_A/chicken/Taipei_Cit 11	8	8	10	6	6	6	7	6	10	1	0	5	3	0	13	1	6	7	0	4	5	2	0	3	7	7	3	2	2	9	1	14	18	15	9	6	4	9	6	12	8	10	17	8	2	10	6	14	2	14	6	5	6	8	9	13	10	16	15	15	1	7	17	
1883_A/chicken/Taipei_Cit 5	10	13	11	9	4	1	11	1	15	1	0	5	3	0	13	5	5	7	0	3	6	2	2	5	10	7	2	2	0	8	0	15	10	22	11	10	9	14	10	14	13	11	15	6	2	5	7	10	5	14	8	6	1	8	4	12	9	6	14	8	1	14	10	
1884_A/chicken/Taipei_Cit 5	10	12	11	9	4	2	11	1	14	1	0	5	3	0	13	5	6	7	0	3	5	2	2	5	10	7	2	2	0	8	0	16	9	22	10	10	9	13	11	14	13	12	14	7	2	5	7	10	5	14	8	6	2	10	4	11	9	6	14	8	1	14	9	
1885_A/chicken/Taipei/160 11	8	8	10	6	6	6	7	6	9	1	0	5	3	0	13	1	6	6	0	4	5	3	0	3	9	7	3	2	1	9	1	14	18	16	9	5	4	9	6	12	8	10	17	8	2	8	7	14	2	14	7	6	6	8	8	14	10	15	16	15	1	7	16	
1886_A/chicken/Taipei/160 11	8	8	10	6	6	6	7	6	9	1	0	5	3	0	13	1	6	6	0	4	5	3	0	3	9	7	3	2	1	9	1	14	18	16	9	5	4	9	6	12	8	10	17	8	2	8	7	14	2	14	7	6	6	8	8	14	10	15	16	15	1	7	16	
1887_A/chicken/Taipei/161 11	8	8	11	6	6	6	6	6	10	1	0	5	2	0	13	1	6	6	0	4	5	3	0	3	9	7	3	2	1	9	1	14	19	17	9	5	4	8	6	12	7	10	16	8	2	8	8	13	2	14	9	7	6	8	7	13	10	16	15	15	1	7	16	
1888_A/chicken/Taipei/170 11	8	8	11	6	6	6	6	6	8	1	0	5	3	0	13	1	6	7	0	4	5	2	0	3	10	7	3	2	1	9	1	14	19	15	9	5	4	9	6	12	7	11	16	8	2	10	6	15	2	14	7	6	6	8	8	12	10	16	15	15	1	7	17	
1889_A/chicken/Taipei/170 11	8	8	11	6	6	6	6	6	9	1	0	5	3	0	13	1	6	7	0	4	5	2	0	3	9	7	3	2	1	9	1	14	19	15	9	5	4	9	6	12	7	10	17	8	2	10	6	14	2	14	7	6	6	8	9	13	10	16	15	15	1	7	16	
1890_A/chicken/Taipei/170 11	8	8	11	6	6	6	6	6	9	1	0	5	3	0	13	1	6	7	0	4	5	2	0	3	9	7	3	2	1	9	1	14	19	15	9	5	4	9	6	12	7	10	17	8	2	10	6	15	2	14	6	6	6	8	9	12	10	16	15	15	1	7	17	
1891_A/chicken/Taishun/TS 6	0	2	8	4	5	11	11	2	20	0	0	5	2	1	12	4	3	5	1	3	4	5	0	7	16	8	3	7	2	3	0	9	9	19	6	13	7	15	9	19	16	12	10	9	3	10	8	1	5	9	3	6	1	9	5	9	18	17	14	6	0	8	15	
1892_A/chicken/Taishun/TS 6	0	2	8	4	5	11	11	2	21	0	0	5	1	1	12	3	3	5	1	3	4	5	0	8	16	8	3	6	2	3	0	9	9	19	6	13	7	15	9	19	16	12	10	9	3	10	8	1	5	9	3	6	1	9	5	9	18	17	14	7	0	8	15	
1893_A/chicken/Taiwan/010 9	8	9	12	5	7	3	9	3	13	1	0	6	3	0	13	4	8	6	0	3	1	4	1	1	6	7	1	1	3	7	2	10	12	19	7	14	5	15	11	15	11	13	11	10	1	4	8	9	7	14	7	6	4	11	8	6	8	7	12	7	2	9	11	
1894_A/chicken/Taiwan/011 6	5	7	10	12	5	6	9	2	11	1	0	2	3	0	12	3	6	6	0	1	9	5	0	6	9	6	3	6	1	3	3	10	11	23	9	9	7	14	5	22	19	14	3	7	2	11	9	8	5	14	9	5	6	14	5	13	3	12	13	7	3	8	12	
1895_A/chicken/Taiwan/050 8	7	8	14	6	6	4	7	2	15	1	0	6	2	0	13	5	7	7	0	2	2	2	0	1	7	8	3	2	3	6	1	13	12	17	10	14	7	16	10	12	11	10	14	9	1	7	4	8	4	17	8	6	5	11	6	8	7	7	14	8	2	9	8	
1896_A/chicken/Taiwan/168 9	8	9	11	5	7	3	10	2	14	1	0	6	2	0	13	4	8	6	0	3	1	4	1	2	6	7	1	1	3	7	2	10	14	19	7	14	4	15	11	15	12	13	11	10	0	4	8	10	6	14	7	6	4	10	8	6	8	6	12	7	2	10	11	
1897_A/chicken/Taiwan/169 9	8	9	11	5	7	3	10	2	14	1	0	6	2	0	13	4	8	6	0	3	1	4	1	2	6	7	1	1	3	7	2	10	14	19	7	13	5	15	11	15	12	13	11	10	0	4	8	10	6	14	7	6	4	10	8	6	8	6	12	7	2	10	11	
1898_A/chicken/Taiwan/170 9	8	9	11	5	7	3	10	2	14	1	0	6	2	0	13	4	8	6	0	3	1	4	1	2	6	7	1	1	3	7	2	10	14	19	7	14	4	15	11	15	12	13	11	10	0	3	9	10	6	14	7	6	4	10	8	6	8	6	12	7	2	10	11	
1899_A/chicken/Taiwan/171 9	8	9	11	5	7	3	10	2	14	1	0	6	2	0	13	4	8	6	0	3	1	4	1	2	6	7	1	1	3	6	2	10	14	19	7	14	4	15	11	15	12	13	11	10	0	5	8	10	6	14	7	6	4	10	8	6	8	6	12	7	2	10	11	
1900_A/chicken/Taiwan/259 8	7	8	16	6	6	4	5	1	15	1	0	6	2	0	13	4	7	7	0	3	2	2	0	2	7	7	3	2	3	7	1	15	12	17	9	13	8	16	9	14	11	10	13	10	1	6	6	6	4	16	9	7	5	12	6	6	7	7	14	7	2	9	8	
1901_A/chicken/Taiwan/294 8	7	8	16	6	6	4	5	2	15	1	0	5	2	0	13	4	7	7	0	3	2	2	0	2	7	7	3	2	3	7	1	15	12	16	9	13	8	17	9	14	11	10	13	10	1	6	6	6	4	16	9	7	5	12	6	6	7	7	14	7	2	9	8	
1902_A/chicken/Taiwan/444 8	7	8	14	6	6	4	7	1	15	1	0	6	2	0	13	4	7	7	0	3	2	2	0	2	7	7	3	2	3	7	1	15	12	16	9	14	8	17	9	14	11	10	14	10	1	7	4	6	4	17	9	6	5	11	6	6	7	7	14	7	2	9	8	
1903_A/chicken/Taiwan/683 8	7	8	15	6	6	4	6	2	15	1	0	5	2	0	13	4	7	7	0	3	2	2	0	2	7	7	3	2	3	7	1	15	12	17	8	13	8	17	9	14	11	10	13	10	1	6	6	6	4	16	9	7	5	12	6	7	7	7	14	6	2	9	8	
1904_A/chicken/Taiwan/735 8	7	8	15	6	6	4	6	1	15	1	0	6	2	0	13	4	7	7	0	3	2	2	0	2	7	7	3	2	3	7	1	16	12	16	9	13	8	17	9	14	11	10	13	9	1	6	6	6	4	16	9	7	5	12	6	6	7	7	14	7	2	9	8	
1905_A/chicken/Taiwan/898 8	7	8	16	6	6	4	5	1	15	1	0	6	2	0	13	4	7	7	0	3	2	2	0	2	7	7	3	2	3	7	1	15	12	17	9	13	8	16	9	14	11	10	13	10	1	6	6	6	4	16	9	7	5	12	6	6	7	7	14	7	2	9	8	
1906_A/chicken/Taiwan/899 8	7	8	16	6	6	4	5	1	15	1	0	6	2	0	13	4	7	7	0	3	2	2	0	2	7	7	3	2	3	7	1	15	12	17	9	13	8	16	9	14	11	10	13	10	1	6	6	6	4	16	9	7	5	12	6	6	7	7	14	7	2	9	8	
1907_A/chicken/Taiwan/899 8	7	8	16	6	6	4	5	1	15	1	0	6	2	0	13	4	7	7	0	3	2	2	0	2	7	7	3	2	3	7	1	15	12	17	9	13	8	16	9	14	11	10	13	10	1	6	6	6	4	16	9	7	5	12	6	6	7	7	14	7	2	9	8	
1908_A/chicken/Taiwan/A1/ 7	7	8	14	7	6	4	7	4	17	1	0	4	1	0	13	5	6	6	0	4	4	3	0	2	7	7	2	0	2	7	3	14	11	17	11	16	6	17	8	11	10	11	13	9	1	6	5	5	4	16	6	6	4	12	8	9	10	9	13	8	0	7	9	
1909_A/chicken/Taiwan/A19 8	7	8	13	6	6	4	7	2	15	1	0	6	2	0	13	4	7	7	1	3	2	2	0	1	7	8	3	2	3	6	1	13	13	17	10	14	7	15	10	12	11	9	15	9	1	6	5	8	4	16	8	6	5	12	6	8	7	7	14	8	2	9	8	
1910_A/chicken/Taiwan/D2/ 5	10	11	11	9	4	3	11	2	14	1	0	5	3	0	13	5	6	7	0	3	5	2	2	5	9	7	2	1	1	8	0	16	10	23	11	9	7	12	10	14	12	12	15	6	2	5	7	11	5	14	8	6	2	9	4	10	12	7	14	9	1	14	8	
1911_A/chicken/Taiwan/D9/ 5	10	11	11	9	4	3	11	2	14	1	0	5	3	0	13	5	6	7	0	3	5	2	2	5	9	7	2	1	1	8	0	16	10	23	11	9	7	12	10	14	12	12	15	6	2	5	7	11	5	14	8	6	2	9	4	10	12	7	14	9	1	14	8	
1912_A/chicken/Tibet/LZ01 6	7	11	11	7	6	2	11	6	15	1	0	4	2	0	13	6	7	6	0	1	3	3	1	4	9	7	1	1	1	7	1	14	12	21	11	11	8	11	9	16	8	11	15	9	3	8	6	10	6	15	8	3	4	9	6	4	9	10	14	13	2	11	10	
1913_A/chicken/Wuhan/HAQL 11	7	9	8	7	8	2	10	5	13	0	0	9	1	1	14	2	5	5	0	1	2	6	0	1	12	6	1	2	3	5	1	14	14	21	16	7	4	9	8	18	7	12	6	10	4	6	10	6	11	9	8	4	1	11	6	7	5	10	12	9	0	10	18	
1914_A/chicken/Wuhan/HAQL 11	7	9	8	7	8	2	10	5	13	0	0	9	1	1	14	2	5	5	0	1	2	6	0	1	12	6	1	2	3	5	1	14	14	21	16	7	4	9	8	18	7	12	6	10	4	6	10	6	11	9	8	4	1	11	6	7	5	10	12	9	0	10	18	
1915_A/chicken/Wuhan/WHJF 5	9	13	11	10	5	1	11	2	14	1	0	4	3	0	13	5	6	6	0	2	5	3	2	4	9	7	0	2	1	8	2	12	11	21	8	11	7	13	10	15	14	12	10	9	2	6	10	10	4	16	7	8	3	10	7	14	9	10	11	4	1	9	12	
1916_A/chicken/Wuhan/WHYJ 6	1	3	8	4	4	10	11	2	19	0	0	6	3	1	12	3	3	6	1	2	4	4	0	9	16	8	3	5	2	3	0	9	8	21	6	11	8	16	7	19	17	11	9	11	1	9	10	0	5	10	4	7	1	9	4	7	18	17	14	7	2	7	16	
1917_A/chicken/Wuxi/WX-32 10	9	10	7	8	7	1	11	4	12	0	0	7	2	1	15	2	5	4	0	0	3	7	0	2	13	7	0	4	1	5	2	15	12	22	15	6	5	9	7	19	7	12	7	7	2	7	8	5	12	10	9	5	1	10	8	13	5	10	11	5	1	10	16	
1918_A/chicken/Wuxi/WX-33 10	9	10	7	8	7	1	11	5	12	0	0	7	2	1	15	2	5	4	0	0	3	7	0	1	13	6	0	4	1	6	2	15	12	21	15	6	5	9	8	19	7	12	7	7	2	7	8	5	12	11	9	5	1	9	8	13	5	10	12	5	1	10	15	
1919_A/chicken/Xinjiang/1 11	8	9	8	8	6	2	11	6	13	0	0	8	1	1	15	2	5	3	0	0	5	6	1	0	10	7	0	3	3	5	1	8	14	22	12	12	4	6	13	14	9	13	8	8	1	7	6	7	11	10	8	5	2	11	9	10	5	9	12	9	1	10	16	
1920_A/chicken/Xinjiang/2 10	8	10	8	7	7	2	10	7	13	1	0	6	1	0	15	3	6	3	0	0	4	6	2	0	10	7	0	3	3	4	1	9	14	19	12	12	4	8	13	14	10	12	8	8	0	9	6	7	11	11	9	5	2	10	9	9	5	8	13	10	1	11	14	
1921_A/chicken/Xinjiang/5 10	8	9	8	7	7	2	10	7	13	0	0	6	1	1	15	3	6	3	0	0	4	6	2	0	10	8	0	3	3	4	1	9	14	20	12	12	4	8	13	14	10	11	8	8	0	9	6	8	11	11	8	5	2	10	9	9	5	8	13	9	1	11	15	
1922_A/chicken/Xinjiang/5 12	7	9	8	8	6	2	10	6	13	0	0	8	1	1	15	2	6	3	1	0	5	6	2	0	10	7	0	3	3	5	1	8	12	22	12	12	5	6	13	14	9	12	8	8	1	8	6	7	11	11	8	5	2	10	8	10	5	9	13	9	1	10	15	
1923_A/chicken/Xinjiang/6 10	8	9	8	7	7	2	10	7	13	0	0	6	1	1	15	3	6	3	0	0	4	6	2	0	10	8	0	3	3	4	1	9	14	20	12	12	4	8	13	14	10	11	9	8	0	9	6	8	11	11	8	5	2	10	9	9	5	8	12	9	1	11	15	
1924_A/chicken/Xinjiang/6 11	8	9	8	8	6	2	10	7	13	0	0	7	1	1	15	2	5	4	0	0	5	5	2	0	10	7	0	3	3	5	1	8	14	22	12	12	5	6	12	14	9	10	10	8	1	8	6	7	11	11	8	5	2	10	9	10	5	9	13	9	1	10	15	
1925_A/chicken/Xuzhou/XZ6 6	0	2	8	4	5	11	11	2	22	0	0	5	1	1	12	3	3	6	1	3	3	4	0	8	16	8	2	6	2	3	1	8	8	21	5	12	7	15	9	19	18	13	8	11	2	9	9	1	5	9	5	7	3	8	4	8	16	17	14	7	1	8	14	
1926_A/chicken/YL/A3190/2 8	7	8	15	6	6	4	6	2	15	1	0	6	2	0	13	3	7	7	0	3	3	2	0	1	7	7	3	4	2	7	1	14	12	18	10	14	7	15	9	11	13	10	13	11	0	7	6	6	4	16	9	8	3	12	6	6	7	6	15	8	2	9	7	
1927_A/chicken/Yangzhou/Y 3	1	7	9	7	4	5	10	2	18	0	0	4	5	1	12	4	4	7	1	4	6	6	0	7	12	5	2	4	3	5	0	12	9	22	5	11	7	17	9	22	16	12	6	12	1	10	11	1	6	8	6	5	1	10	4	9	14	16	16	6	3	12	14	
1928_A/chicken/Yuhang/1/2 2	6	12	7	7	3	8	14	3	15	1	0	4	4	0	14	1	6	3	1	4	5	6	1	7	10	7	4	5	2	6	0	10	10	20	8	5	5	20	8	22	22	11	10	7	0	6	9	4	7	10	4	2	5	11	5	10	10	14	16	7	1	8	11	
1929_A/chicken/Yuhang/2/2 2	6	12	7	7	3	8	14	3	15	1	0	4	3	0	14	1	6	3	1	4	5	6	1	7	10	7	4	5	3	6	0	10	10	20	8	5	5	20	8	22	22	11	10	7	0	6	9	4	7	10	4	2	5	11	5	10	10	14	16	7	1	8	11	
1930_A/chicken/Yunlin/150 5	10	13	11	9	4	1	11	2	15	1	0	4	3	0	13	5	6	7	0	3	5	2	2	5	9	7	2	1	1	8	0	16	8	21	11	10	8	13	9	15	14	12	13	7	2	5	8	10	4	14	9	6	3	12	4	10	10	7	13	8	1	12	10	
1931_A/chicken/Yunlin/150 5	10	13	11	9	4	1	11	2	15	1	0	5	2	0	13	5	6	7	0	3	5	2	2	5	9	7	2	1	1	8	0	17	8	21	10	10	10	14	7	15	13	12	14	7	2	5	7	10	4	14	9	6	3	11	4	10	10	8	13	8	1	12	10	
1932_A/chicken/Yunlin/150 5	10	13	11	9	4	1	11	2	15	1	0	5	2	0	13	5	6	7	0	3	5	2	2	5	9	7	2	1	1	8	0	17	9	21	10	10	8	14	8	15	13	12	14	7	2	5	7	10	4	14	9	6	3	11	4	10	10	8	13	8	1	12	10	
1933_A/chicken/Yunlin/150 10	8	9	12	7	6	5	5	6	9	1	0	4	3	0	14	1	6	6	0	4	5	3	0	3	9	7	3	2	1	9	0	14	18	17	8	5	4	8	6	12	8	11	16	8	2	8	8	13	2	15	9	7	6	8	7	13	10	16	15	15	1	7	16	
1934_A/chicken/Yunlin/150 5	10	13	11	9	4	1	11	2	15	1	0	5	2	0	13	5	6	7	0	3	5	2	2	5	9	7	2	1	1	8	0	17	9	21	10	10	8	14	8	15	13	11	14	7	2	6	7	10	4	14	9	6	3	11	4	10	10	8	13	8	1	12	10	
1935_A/chicken/Yunlin/150 5	10	13	11	9	4	1	11	2	15	1	0	5	2	0	13	5	6	7	0	3	5	2	2	5	9	7	2	1	1	8	0	17	9	21	10	10	8	14	8	15	13	12	14	7	2	5	7	10	4	14	9	6	3	11	4	10	10	8	13	8	1	12	10	
1936_A/chicken/Yunlin/150 5	10	13	11	9	4	1	11	2	15	1	0	5	2	0	13	5	6	7	0	3	5	2	2	5	9	7	2	1	1	8	0	17	9	21	10	10	8	14	9	15	13	12	14	7	2	5	7	10	4	14	9	6	3	10	4	10	10	8	13	8	1	12	10	
1937_A/chicken/Yunlin/150 5	10	13	10	9	4	1	12	2	15	1	0	5	2	0	13	6	7	6	0	3	4	3	2	4	9	8	2	1	1	7	0	16	9	21	10	10	8	13	9	15	12	13	12	7	2	5	8	10	4	14	10	6	3	13	4	10	10	7	13	8	1	12	10	
1938_A/chicken/Yunlin/160 5	10	13	11	9	4	1	11	1	15	1	0	6	2	0	13	5	6	7	0	3	5	2	2	5	9	7	2	1	1	8	0	16	9	22	12	10	8	12	9	15	13	12	14	7	2	5	7	10	4	15	7	6	3	11	4	11	10	8	14	7	1	12	9	
1939_A/chicken/Yunlin/160 7	9	13	11	9	5	1	11	2	15	1	0	5	2	0	13	5	6	7	0	3	5	2	2	4	9	7	2	1	1	8	0	16	9	20	10	10	8	15	9	15	13	12	13	7	2	5	8	9	4	14	11	6	3	12	4	10	10	7	12	7	2	11	10	
1940_A/chicken/Yunlin/160 10	8	9	12	7	6	5	5	6	9	1	0	4	3	0	14	1	6	6	0	4	4	3	0	3	10	7	3	3	1	9	1	14	17	16	8	5	5	9	7	12	8	10	17	7	2	8	7	13	2	14	8	7	6	8	7	13	10	16	17	15	1	7	15	
1941_A/chicken/Yunlin/160 5	10	13	10	9	4	1	12	2	15	1	0	5	2	0	13	6	7	7	0	3	4	2	2	4	9	8	2	1	1	7	0	16	9	20	10	10	8	15	9	14	12	12	12	8	2	6	7	10	4	14	10	6	3	12	4	11	10	8	13	8	1	11	10	
1942_A/chicken/Yunlin/170 10	8	8	11	7	6	5	7	6	9	1	0	4	3	0	14	1	7	6	0	4	3	3	0	3	10	7	3	2	1	9	1	14	15	17	8	5	7	9	6	10	9	10	17	8	2	8	6	14	1	14	9	7	6	7	7	13	10	16	16	15	2	6	18	
1943_A/chicken/Yunlin/170 5	10	13	11	9	4	1	10	1	14	1	0	6	3	0	13	5	6	7	0	3	5	2	3	5	10	7	2	1	0	8	0	16	9	22	11	10	8	13	10	15	13	11	15	6	2	5	7	10	5	14	8	6	2	10	4	11	10	7	14	8	1	13	9	
1944_A/chicken/Yunlin/170 7	10	14	10	8	4	1	11	1	15	1	0	6	2	0	13	4	6	7	0	3	5	2	2	5	10	7	2	1	0	8	0	17	9	22	11	10	8	13	10	15	13	11	16	6	2	6	5	8	6	14	8	6	2	10	4	11	10	6	14	8	1	14	9	
1945_A/chicken/Yunlin/170 5	10	13	10	9	4	2	11	1	15	1	0	6	2	0	13	5	5	7	0	3	6	2	2	5	9	8	2	1	1	7	0	16	10	22	11	9	8	14	9	16	12	11	16	7	2	5	6	10	5	14	8	6	3	9	4	11	10	7	15	7	1	12	9	
1946_A/chicken/Yunlin/170 5	10	13	11	9	4	1	11	1	14	1	0	6	3	0	13	5	6	7	0	3	5	2	2	5	10	7	2	1	0	8	0	16	10	22	11	10	8	12	10	15	13	11	16	6	2	5	6	10	5	14	8	6	2	10	4	11	10	7	14	8	1	13	9	
1947_A/chicken/Yunlin/170 5	9	13	11	9	5	1	11	1	14	1	0	6	3	0	13	5	6	7	0	3	5	2	2	6	9	7	2	1	0	8	0	16	9	22	12	10	8	13	10	15	12	11	14	6	3	5	7	10	5	14	8	6	2	10	4	11	10	7	14	8	1	13	9	
1948_A/chicken/Yunlin/170 5	10	13	11	9	4	1	11	2	14	1	0	6	3	0	13	5	6	7	0	3	5	2	2	5	10	7	2	1	0	8	0	16	9	22	11	10	8	12	11	15	13	10	15	6	2	6	7	10	4	15	8	6	2	10	4	10	10	7	14	8	1	13	9	
1949_A/chicken/Yunlin/170 5	10	13	11	8	5	1	11	2	14	1	0	5	3	0	13	5	6	7	0	3	5	2	2	5	10	7	2	1	0	8	0	16	9	23	10	10	8	13	10	15	13	11	16	6	2	5	6	10	5	14	8	6	2	10	4	11	10	7	14	8	1	13	9	
1950_A/chicken/Yunlin/170 6	9	14	10	8	5	1	11	1	15	1	0	6	2	0	13	5	6	7	0	3	5	2	2	5	10	7	2	1	0	8	0	17	9	22	11	10	8	13	10	15	13	11	16	6	2	6	5	9	5	14	8	6	2	10	4	11	10	6	14	8	1	14	9	
1951_A/chicken/Yunlin/170 5	10	13	11	8	5	1	11	1	14	1	0	6	3	0	13	5	6	7	0	3	5	2	2	5	10	7	2	1	0	8	0	16	9	23	10	10	8	13	10	15	13	11	16	6	2	5	6	10	5	14	8	6	2	10	4	11	10	7	14	8	1	13	9	
1952_A/chicken/Yunlin/170 5	10	13	11	8	5	1	11	1	15	1	0	6	2	0	13	5	6	8	0	3	5	1	2	5	9	8	2	1	1	7	0	15	11	21	11	10	9	13	9	15	12	11	16	8	2	4	6	10	4	14	9	6	3	9	4	12	9	8	15	7	1	12	9	
1953_A/chicken/Yunlin/170 5	10	13	11	9	4	1	11	1	14	1	0	6	3	0	13	5	6	7	0	3	5	2	2	5	10	8	2	1	0	7	0	16	10	21	11	10	8	13	11	15	13	11	15	6	1	5	7	10	5	14	8	6	2	10	4	12	10	6	13	7	1	14	10	
1954_A/chicken/Yunlin/170 5	10	14	10	9	4	1	11	1	14	1	0	6	3	0	13	5	6	7	0	3	5	2	2	6	9	7	2	1	0	8	0	16	9	22	12	10	8	13	10	16	12	11	14	6	3	5	7	10	5	14	8	6	2	10	4	10	10	7	14	8	1	13	9	
1955_A/chicken/Yunlin/170 5	10	13	11	9	4	1	11	1	14	1	0	6	3	0	13	5	6	6	0	3	5	3	2	5	10	7	2	1	0	8	0	16	9	21	11	10	7	13	11	15	13	11	16	6	2	5	6	10	5	14	8	6	3	10	4	11	10	7	14	8	1	13	9	
1956_A/chicken/Yunlin/170 5	10	13	11	9	4	1	11	1	14	1	0	7	2	0	13	5	6	6	0	3	5	3	2	5	10	7	2	1	0	8	0	16	9	22	11	10	7	12	11	14	14	11	16	6	2	5	6	10	5	14	8	6	3	10	4	11	10	7	14	8	1	13	9	
1957_A/chicken/Yunlin/170 5	10	13	11	9	4	1	11	1	14	1	0	5	3	0	13	5	6	7	0	3	5	2	2	5	10	6	2	2	0	9	0	16	9	22	11	9	9	13	10	15	13	12	15	6	2	5	7	10	5	14	8	6	2	10	4	11	10	6	14	8	1	13	9	
1958_A/chicken/Yunlin/170 5	11	13	11	9	4	1	11	1	13	1	0	5	3	0	13	5	5	7	0	3	5	2	2	5	10	7	2	2	0	8	0	18	10	22	11	9	8	13	10	15	12	10	16	6	2	6	6	9	5	14	8	6	2	10	4	11	11	7	13	8	1	13	10	
1959_A/chicken/Yunlin/180 5	10	13	11	9	4	1	11	1	15	1	0	5	3	0	13	5	6	7	0	3	5	2	2	5	10	7	2	2	0	8	0	17	9	21	11	10	8	13	10	14	13	11	15	6	2	5	7	10	5	13	9	6	2	11	4	12	9	7	12	8	1	13	10	
1960_A/chicken/Yunlin/180 5	11	13	11	9	4	1	11	1	14	1	0	5	2	0	13	5	6	7	0	2	5	2	2	6	10	7	2	2	0	8	0	16	9	21	12	10	8	13	10	15	13	11	15	6	2	5	7	11	5	13	8	6	2	11	4	10	10	7	14	8	1	13	9	
1961_A/chicken/Yunlin/180 6	10	13	11	8	4	1	11	1	14	1	0	5	3	0	13	5	6	7	0	3	5	2	2	5	10	7	2	2	0	8	0	16	9	21	12	11	8	13	10	15	13	11	16	6	2	5	6	11	5	13	8	5	2	11	4	11	10	7	14	7	1	13	9	
1962_A/chicken/Yunlin/180 6	10	13	11	8	4	1	11	1	14	1	0	5	3	0	13	5	6	7	0	3	5	2	2	5	10	7	2	2	0	8	0	16	9	21	12	12	8	13	9	15	13	11	16	6	2	5	6	11	5	14	8	5	2	10	4	11	10	7	14	7	1	13	9	
1963_A/chicken/Yunlin/180 6	10	13	11	8	4	1	11	1	14	1	0	5	3	0	13	5	6	7	0	3	5	2	2	5	10	7	2	2	0	8	0	16	9	21	12	10	8	13	10	15	13	11	16	6	2	5	6	11	5	13	8	6	2	11	4	10	10	7	14	8	1	13	9	
1964_A/chicken/Yunlin/180 5	11	13	11	9	4	1	11	1	14	1	0	5	2	0	13	5	6	7	0	2	5	2	2	6	10	7	2	2	0	8	0	16	9	21	12	10	8	13	10	15	13	11	15	6	2	5	7	10	5	13	8	7	2	11	4	10	9	7	14	8	2	13	9	
1965_A/chicken/Yunlin/180 5	10	13	11	9	4	1	11	1	14	1	0	5	3	0	13	5	6	7	0	3	5	2	2	5	10	7	3	2	0	8	0	16	10	20	12	10	8	12	11	15	13	11	15	6	2	5	6	10	6	13	8	6	2	11	4	10	10	7	15	8	1	13	8	
1966_A/chicken/Yunlin/180 5	10	13	11	9	4	1	11	1	14	1	0	5	3	0	13	5	6	8	0	3	5	2	2	5	10	7	3	2	0	7	0	16	11	18	12	10	8	14	10	15	13	11	15	6	2	5	6	11	5	12	7	6	2	12	5	10	10	7	14	8	1	13	9	
1967_A/chicken/Yunlin/180 5	10	13	11	9	4	1	11	1	14	1	0	5	3	0	13	5	6	8	0	3	5	2	2	5	10	7	3	2	0	7	0	16	11	18	12	10	8	14	10	15	13	11	15	6	2	5	6	11	5	12	7	5	2	12	5	11	10	7	14	8	1	13	9	
1968_A/chicken/Yunlin/180 5	11	13	11	9	4	1	11	1	14	1	0	4	3	0	13	5	7	6	0	3	4	3	2	5	10	7	2	3	0	8	0	15	9	22	10	11	9	11	11	13	14	11	15	6	2	5	7	10	4	13	8	6	3	12	4	12	9	7	12	8	1	13	11	
1969_A/chicken/Yunnan/1/2 10	9	8	8	8	7	3	10	6	11	0	0	6	3	1	15	2	5	6	0	0	3	5	0	1	12	6	0	4	2	6	2	16	13	19	14	8	5	11	9	19	7	12	7	6	3	5	9	4	12	10	7	4	0	10	8	11	5	11	11	8	1	9	17	
1970_A/chicken/Yunnan/207 11	6	9	10	7	8	2	8	7	12	0	0	7	3	1	15	2	6	5	0	0	4	5	1	0	11	7	0	3	2	5	1	9	14	23	14	12	4	6	11	14	9	11	8	8	1	8	6	9	11	12	7	2	2	10	9	9	5	8	12	10	1	11	16	
1971_A/chicken/Yunnan/568 11	7	9	10	7	8	2	8	7	12	0	0	7	2	1	15	2	6	5	0	0	4	5	1	0	11	7	0	3	2	5	1	9	14	23	14	12	4	6	11	14	9	11	8	8	1	8	6	8	11	11	8	3	2	10	9	10	5	8	12	9	1	11	16	
1972_A/chicken/Yunnan/679 11	7	9	10	7	8	2	8	7	12	0	0	6	2	1	15	2	6	5	0	0	4	5	1	0	11	7	0	4	2	5	1	9	14	23	14	12	4	6	11	14	9	11	8	8	1	8	6	8	11	11	7	3	2	10	10	10	5	7	12	9	1	12	16	
1973_A/chicken/Yunnan/688 11	6	9	10	7	8	2	8	7	12	0	0	7	3	1	15	2	6	5	0	0	4	5	1	0	11	7	0	3	2	5	1	9	14	23	14	12	4	6	11	14	9	11	8	8	1	8	6	8	11	11	8	3	2	10	9	10	5	8	12	9	1	11	16	
1974_A/chicken/Zhejiang/1 6	0	1	9	4	5	12	10	2	19	0	1	4	3	0	12	3	3	6	1	3	4	4	0	8	16	9	2	7	2	3	1	8	8	20	6	14	7	16	8	17	18	15	8	13	1	9	9	0	5	9	5	6	0	8	4	9	17	15	13	6	2	8	16	
1975_A/chicken/Zhejiang/1 7	0	2	8	3	5	11	11	2	20	0	0	5	2	1	12	2	3	6	1	4	4	4	0	9	16	6	3	4	2	6	0	8	10	19	6	13	8	16	6	20	15	10	11	11	1	10	8	0	5	10	4	6	2	11	5	9	15	15	15	7	2	8	15	
1976_A/chicken/Zhejiang/1 5	11	10	14	10	6	3	8	4	13	1	0	4	1	0	13	5	3	10	0	2	6	0	2	1	9	9	1	4	3	6	1	11	15	24	11	12	6	9	9	13	10	13	18	10	2	6	5	7	6	11	7	5	2	13	8	11	9	11	11	10	2	7	11	
1977_A/chicken/Zhejiang/2 5	11	10	14	10	6	3	8	4	13	1	0	4	1	0	13	5	3	10	0	2	6	0	2	1	9	9	1	4	3	6	1	11	15	24	11	12	6	9	9	13	10	13	18	10	2	6	5	7	6	11	7	5	2	13	8	11	9	11	11	10	2	7	11	
1978_A/chicken/Zhejiang/2 6	11	12	13	8	5	3	9	4	14	1	0	4	0	0	13	5	3	9	0	2	5	0	2	2	11	10	1	4	3	5	1	11	14	23	12	13	8	9	8	14	9	11	18	10	2	7	5	6	7	12	6	5	2	13	8	10	9	11	12	10	1	8	10	
1979_A/chicken/Zhejiang/2 5	11	12	13	10	5	2	9	4	13	1	0	4	1	0	12	5	3	9	0	2	6	0	2	2	10	10	1	4	3	5	1	11	14	23	12	13	8	9	9	13	9	13	18	10	2	6	5	5	7	12	6	5	2	13	8	10	9	10	11	11	1	8	12	
1980_A/chicken/Zhejiang/5 4	9	13	9	10	7	1	13	3	13	1	0	4	2	0	13	5	7	6	1	3	3	3	0	3	7	9	3	2	4	6	0	14	13	23	8	11	7	13	10	16	10	12	15	8	1	7	5	11	8	17	8	6	0	8	7	11	7	8	13	6	3	11	9	
1981_A/chicken/Zhejiang/5 6	0	1	8	4	5	12	11	2	19	0	0	5	3	1	12	3	3	6	1	4	4	4	0	7	16	8	3	6	2	3	0	10	7	23	4	14	8	16	7	19	17	11	9	11	1	9	10	2	5	9	4	4	2	9	4	8	14	15	13	7	3	10	16	
1982_A/chicken/Zhejiang/6 6	1	2	8	4	5	11	11	2	18	0	0	5	4	1	12	2	3	6	1	3	4	4	0	10	15	7	3	6	2	4	0	9	9	19	7	13	7	17	5	21	16	10	10	10	0	11	8	0	5	11	4	6	1	8	5	8	17	16	14	8	1	8	16	
1983_A/chicken/Zhejiang/6 3	2	7	9	7	4	5	10	2	18	0	0	4	5	1	12	4	3	7	1	4	7	6	0	8	12	6	3	4	3	4	0	11	9	22	7	12	7	17	8	21	16	11	7	12	1	11	9	1	5	8	5	5	1	10	5	9	14	16	15	6	3	12	14	
1984_A/chicken/Zhejiang/7 6	0	2	8	4	5	11	11	2	19	0	0	5	3	1	12	2	3	6	1	4	4	4	0	9	16	8	3	5	2	3	0	9	8	20	5	13	8	17	7	20	16	12	9	10	1	9	9	0	5	9	4	6	1	10	4	8	16	16	15	9	2	8	15	
1985_A/chicken/Zhejiang/7 6	0	2	8	4	5	11	11	2	19	0	0	5	3	1	12	2	3	6	1	4	4	4	0	9	16	8	3	5	2	3	0	9	8	20	5	13	8	17	7	19	16	12	9	10	1	9	9	0	5	9	4	6	1	10	4	9	16	16	15	9	2	8	15	
1986_A/chicken/Zhejiang/7 7	12	12	11	6	4	2	11	1	13	1	0	6	2	0	13	7	8	7	1	2	4	2	1	4	8	4	2	2	1	11	0	15	10	24	6	11	8	12	11	17	13	12	11	7	2	5	10	8	4	17	7	8	3	8	5	11	9	9	15	5	1	10	11	
1987_A/chicken/Zhejiang/7 6	0	2	8	4	5	11	11	2	19	0	0	5	3	1	12	2	3	6	1	4	4	4	0	9	16	8	3	5	2	3	0	9	8	20	5	13	8	17	7	19	16	12	9	10	1	9	9	0	5	9	4	6	1	10	4	9	16	16	15	7	2	9	16	
1988_A/chicken/Zhejiang/7 7	12	12	11	6	4	2	11	1	13	1	0	6	2	0	13	7	8	7	1	2	4	2	1	4	8	4	2	2	1	11	0	15	10	24	6	11	8	12	11	17	13	12	11	7	2	5	10	8	4	17	7	8	3	8	5	11	9	9	15	5	1	10	11	
1989_A/chicken/Zhejiang/7 5	11	12	14	10	5	2	8	3	14	1	0	5	1	0	13	5	4	9	0	2	5	0	2	1	8	8	1	4	3	7	1	11	14	25	11	14	6	9	10	15	10	11	17	9	2	5	4	8	7	11	6	5	2	14	9	9	9	11	11	11	1	8	11	
1990_A/chicken/Zhejiang/8 5	11	11	14	10	5	2	8	3	13	1	0	5	1	0	13	5	3	10	0	2	6	0	2	1	10	8	1	4	3	7	1	10	14	25	11	13	7	9	9	14	10	11	17	9	2	5	6	7	7	11	6	5	2	14	8	11	9	11	11	11	1	8	11	
1991_A/common_mallard/Nin 5	0	7	11	6	4	5	8	4	18	0	0	4	5	1	12	1	4	4	0	5	5	7	1	8	13	5	2	4	3	6	0	11	12	19	5	9	4	18	12	21	16	10	12	11	0	10	9	2	6	14	4	7	3	5	5	10	13	14	13	7	4	12	15	
1992_A/condor/Guangdong/1 11	9	9	9	7	7	2	9	6	14	0	0	9	0	1	15	2	5	4	0	0	4	6	2	0	11	7	0	2	2	4	2	8	13	22	13	12	6	6	12	14	9	11	8	8	1	7	7	7	11	11	8	4	2	11	9	10	5	8	13	9	1	11	14	
1993_A/domestic_green-win 11	8	9	8	8	7	2	10	6	13	0	0	8	1	1	15	2	6	4	0	0	4	6	1	0	12	7	0	2	1	5	1	11	13	25	15	9	5	7	8	15	8	13	10	8	1	5	6	7	12	10	8	5	1	10	8	8	7	8	13	9	1	11	15	
1994_A/duck/Anhui/56/2005 10	7	8	9	8	8	3	9	7	13	1	0	8	1	0	15	2	7	4	0	0	4	6	2	0	12	7	0	3	1	5	2	12	12	23	13	9	5	6	11	12	9	13	9	9	1	6	5	8	10	11	7	4	2	10	9	10	5	11	11	9	1	9	16	
1995_A/duck/Anhui/S4/2016 6	0	3	8	4	5	9	11	2	19	0	0	4	3	1	12	3	3	6	1	3	4	4	0	8	15	9	2	7	3	3	1	7	8	20	6	15	6	17	7	18	17	12	9	12	1	10	8	0	6	9	5	6	1	9	5	8	17	17	13	7	2	8	15	
1996_A/duck/Changhua/15A0 5	10	13	11	9	4	1	11	2	15	1	0	5	2	0	13	5	6	6	0	3	5	3	2	5	9	7	2	1	1	8	0	16	9	21	11	10	8	13	9	15	13	12	13	7	2	5	8	10	4	14	9	6	3	12	4	10	10	7	13	8	1	12	10	
1997_A/duck/Changhua/15A0 5	10	13	11	9	4	1	11	2	15	1	0	5	2	0	13	5	6	7	0	3	5	2	2	5	9	7	2	1	1	8	0	16	9	21	11	8	10	13	9	15	13	12	13	7	2	5	8	10	4	14	9	5	3	12	4	11	10	7	13	8	1	12	10	
1998_A/duck/Chiayi/150800 10	8	9	11	7	6	5	6	6	9	1	0	4	3	0	14	1	6	6	0	4	4	3	0	3	10	7	3	2	1	9	1	14	17	16	8	5	5	10	6	12	8	10	17	8	2	8	7	13	2	14	8	7	6	8	7	13	10	16	16	15	1	7	16	
1999_A/duck/China/0935/20 10	9	10	7	8	7	1	11	5	13	0	0	8	1	1	15	2	4	7	0	0	5	5	0	1	11	6	0	3	2	6	2	15	14	20	14	6	6	9	9	16	7	12	6	10	2	8	8	5	8	9	7	6	2	10	8	13	5	9	12	4	1	12	17	
2000_A/duck/China/0936/20 5	0	2	8	5	5	11	11	3	18	0	0	4	4	1	12	3	3	6	1	3	5	4	0	7	15	8	2	7	2	4	1	5	8	19	5	17	7	17	7	19	17	12	9	11	2	10	8	1	5	9	5	6	1	9	5	8	17	16	13	6	2	8	15	
2001_A/duck/China/0938/20 5	0	2	8	5	5	11	11	3	18	0	0	4	4	1	12	3	3	6	1	3	5	4	0	7	15	8	2	7	2	4	1	5	8	19	5	17	7	17	7	19	17	12	9	11	2	10	8	1	5	9	5	6	1	9	5	8	17	16	13	6	2	8	15	
2002_A/duck/China/1033/20 10	9	10	7	8	7	1	10	5	13	0	0	8	1	1	15	2	4	7	0	0	5	5	0	1	11	6	0	3	2	6	2	15	14	20	14	6	6	9	10	16	7	12	6	10	2	8	8	5	8	9	7	6	2	10	8	13	5	9	12	4	1	12	17	
2003_A/duck/China/E26/201 11	10	8	8	7	7	3	10	5	10	0	0	7	3	1	15	3	6	5	0	1	2	5	0	2	13	6	1	1	2	6	1	11	13	22	14	8	4	8	9	18	9	11	5	9	1	7	11	7	11	9	9	4	1	11	6	7	5	12	12	11	1	8	17	
2004_A/duck/China/E53/201 11	8	8	8	7	8	3	10	5	11	0	0	6	3	1	15	2	6	4	0	0	3	6	0	1	13	6	1	4	1	6	1	13	13	23	15	10	4	8	8	16	7	12	7	8	2	6	9	4	11	11	7	6	0	9	8	11	5	11	14	8	1	10	15	
2005_A/duck/China/YD1516/ 5	11	11	14	10	5	2	8	4	13	1	0	4	1	0	13	5	3	10	0	2	6	0	2	1	10	8	1	4	3	7	1	12	13	25	11	12	7	8	9	15	10	11	18	9	2	6	5	6	8	11	6	5	2	14	8	12	8	11	11	10	1	8	11	
2006_A/duck/Chongqing/S43 6	6	7	9	12	4	6	10	2	11	1	0	2	4	0	12	2	6	6	0	2	9	5	0	6	9	6	4	5	1	3	2	9	11	24	8	10	7	14	6	25	19	14	4	6	2	11	8	6	5	13	9	6	6	13	5	12	3	12	15	7	3	9	10	
2007_A/duck/Dongguan/2685 6	0	2	8	4	5	11	11	2	19	0	0	5	3	1	12	3	3	6	1	3	4	4	0	8	16	8	3	6	2	3	0	8	8	20	6	13	8	17	7	19	17	11	9	11	1	10	9	0	5	10	4	6	1	9	4	8	18	17	14	7	1	8	15	
2008_A/duck/Eastern_China 11	5	8	8	8	8	5	10	3	15	0	0	5	0	1	12	4	3	5	0	1	5	3	0	5	11	9	1	6	2	1	1	14	9	14	12	6	6	11	8	15	15	17	12	10	1	8	6	13	5	12	9	8	7	9	3	11	7	15	17	9	2	13	13	
2009_A/duck/Eastern_China 11	5	8	8	8	8	5	10	3	15	0	0	5	0	1	12	4	3	5	0	1	5	3	0	5	11	9	1	6	2	1	1	14	9	13	12	5	7	12	8	16	15	17	12	10	1	8	6	14	5	12	9	8	6	9	3	10	7	15	16	9	2	13	14	
2010_A/duck/Eastern_China 10	6	8	9	8	9	3	9	6	13	1	0	6	1	0	15	2	8	4	0	0	3	5	1	1	12	7	0	4	1	4	2	11	11	22	18	10	5	7	9	15	9	13	10	8	0	6	5	8	10	10	10	4	2	11	8	9	5	10	11	10	1	10	14	
2011_A/duck/Eastern_China 11	8	9	7	7	7	2	11	5	12	0	0	6	2	1	15	2	5	5	0	0	2	5	0	2	14	6	0	3	2	6	2	13	11	23	16	8	4	8	7	18	9	12	8	9	1	6	8	6	13	9	9	3	3	11	6	9	5	10	13	8	1	10	16	
2012_A/duck/Eastern_China 8	7	12	11	8	5	2	11	4	15	1	0	7	2	0	13	4	5	8	0	3	6	1	2	4	8	9	1	1	2	6	1	14	14	28	9	11	3	8	11	16	10	10	15	8	3	6	7	9	7	13	7	5	2	11	9	7	8	8	15	10	1	9	9	
2013_A/duck/Eastern_China 12	7	8	8	6	8	4	10	8	13	0	0	6	1	1	15	2	6	4	0	0	4	6	1	1	13	7	0	2	1	4	1	11	12	24	15	10	4	6	7	16	9	11	11	7	1	6	6	7	13	11	9	5	2	10	8	9	4	9	13	9	1	10	15	
2014_A/duck/Eastern_China 10	8	8	12	6	6	8	5	6	8	1	0	5	3	0	14	1	7	6	0	4	5	2	0	3	8	8	1	2	1	9	1	12	16	19	9	6	4	6	4	13	8	10	13	9	4	8	12	15	4	16	8	8	6	6	9	14	8	17	17	12	1	7	12	
2015_A/duck/Eastern_China 6	9	12	11	9	6	2	11	3	16	1	0	6	1	0	13	4	5	9	1	3	5	0	1	4	8	9	1	1	2	6	1	13	15	23	8	10	3	11	13	16	12	11	13	9	2	5	9	8	7	13	7	8	2	10	9	7	8	8	15	10	1	9	9	
2016_A/duck/Eastern_China 6	9	12	11	9	5	2	11	3	16	1	0	6	1	0	12	4	5	8	0	3	5	1	2	4	9	9	1	1	2	6	1	13	15	27	8	12	3	7	12	16	11	11	15	9	3	5	8	8	7	13	7	6	2	11	9	8	7	9	14	10	1	8	10	
2017_A/duck/Eastern_China 10	9	10	12	7	6	5	5	6	9	1	0	5	2	0	14	1	7	5	0	4	5	3	0	2	8	8	2	3	1	9	1	12	16	21	9	6	4	5	5	13	9	10	12	8	3	7	12	14	3	16	8	7	6	6	8	14	8	17	19	14	1	7	11	
2018_A/duck/Eastern_China 9	9	10	12	7	6	5	5	6	9	1	0	5	2	0	14	1	8	6	0	4	5	2	0	2	8	8	2	3	1	9	1	12	16	21	9	5	4	5	5	14	9	11	12	8	3	7	12	14	3	16	8	7	6	5	8	14	8	17	19	14	1	7	11	
2019_A/duck/Eastern_China 10	9	10	12	7	6	5	5	5	9	1	0	6	2	0	14	1	7	6	0	4	5	2	0	2	8	8	2	3	1	9	1	13	16	21	9	5	4	5	5	14	9	10	12	8	3	7	12	14	3	16	8	7	6	6	8	13	8	17	19	14	1	7	11	
2020_A/duck/Eastern_China 10	9	10	12	7	6	5	5	6	9	1	0	5	2	0	14	1	7	6	0	4	5	2	0	2	8	8	2	3	1	9	1	12	16	21	9	6	4	5	5	13	9	10	12	8	3	7	12	14	3	16	8	7	6	6	8	14	8	17	19	14	1	7	11	
2021_A/duck/Eastern_China 10	9	10	12	7	6	5	5	6	9	1	0	5	2	0	14	1	7	6	0	4	5	2	0	2	8	8	2	3	1	9	1	14	17	20	9	4	3	6	5	13	9	10	12	8	3	7	12	14	3	16	8	7	6	6	9	14	8	17	17	14	1	7	12	
2022_A/duck/Eastern_China 11	8	10	12	7	7	5	5	7	8	1	0	4	2	0	15	1	7	5	0	4	5	4	0	2	8	8	2	3	1	9	1	13	16	20	9	6	4	5	5	11	9	10	12	8	3	7	12	14	3	15	8	7	6	7	8	15	8	18	18	14	1	6	11	
2023_A/duck/Eastern_China 5	11	11	14	10	5	2	8	5	16	1	0	3	1	0	13	5	3	10	0	2	6	0	2	1	9	9	1	4	2	6	1	12	15	24	11	11	6	9	9	13	10	12	16	10	1	6	5	7	7	12	6	5	2	13	8	13	8	11	12	10	1	8	11	
2024_A/duck/Eastern_China 10	8	9	12	7	6	5	5	7	9	1	0	4	2	0	14	1	7	7	0	4	5	2	0	3	8	9	2	2	1	8	1	13	16	18	9	5	4	7	5	13	8	11	11	8	3	8	13	12	4	16	8	9	6	6	9	14	8	17	17	14	1	7	12	
2025_A/duck/Eastern_China 6	1	3	8	4	4	10	11	2	19	0	0	5	3	1	12	3	4	6	1	3	3	4	0	8	16	9	3	6	2	2	0	9	7	21	6	12	9	15	7	20	17	11	9	11	1	10	9	0	5	11	4	6	1	9	5	6	17	17	14	8	3	8	14	
2026_A/duck/Eastern_China 3	1	7	9	7	4	5	10	2	18	0	0	4	5	1	12	4	4	7	1	4	6	6	0	7	12	5	2	4	3	5	0	11	9	21	6	12	7	17	9	22	16	12	6	12	1	11	10	1	5	8	5	5	2	10	5	9	14	16	15	6	3	12	15	
2027_A/duck/Eastern_China 6	10	12	11	9	5	2	11	5	16	1	0	7	1	0	13	3	4	9	0	4	5	1	2	3	8	9	1	0	2	6	1	12	13	24	7	11	5	10	11	16	12	11	15	8	2	6	7	8	7	13	7	8	2	12	9	6	9	9	15	10	1	8	9	
2028_A/duck/Eastern_China 6	0	2	8	4	5	11	11	2	19	0	0	5	3	1	12	3	3	6	1	3	4	4	0	8	16	8	3	6	2	3	0	9	8	20	5	13	8	17	6	20	16	11	9	11	1	9	10	1	5	11	4	5	1	9	4	8	17	16	14	8	2	9	15	
2029_A/duck/Eastern_China 10	8	9	12	7	6	5	5	7	9	1	0	4	2	0	14	1	6	7	0	4	5	2	0	3	8	8	2	2	2	9	1	13	16	18	9	5	4	7	5	14	8	11	10	8	4	7	14	11	4	16	8	10	6	6	9	13	8	18	17	14	1	6	12	
2030_A/duck/Eastern_China 10	8	10	12	7	6	5	5	6	9	1	0	5	2	0	14	1	7	6	0	4	5	3	0	3	8	7	2	2	1	9	1	13	16	20	9	5	4	5	5	14	8	10	12	9	4	8	12	14	4	16	8	6	6	6	9	14	8	17	16	13	1	7	13	
2031_A/duck/Fujian/1.17_F 6	0	1	8	4	5	12	11	2	19	0	0	4	3	1	12	3	3	6	1	3	4	4	0	8	16	9	3	7	2	3	0	6	8	20	6	14	7	16	7	20	17	11	11	11	1	10	7	0	5	9	5	7	1	10	5	9	17	14	13	6	2	10	15	
2032_A/duck/Fujian/10.26_ 6	0	1	9	4	5	12	10	1	19	0	0	6	3	1	12	3	4	6	0	3	4	4	1	8	16	8	2	6	1	4	1	8	10	20	6	14	6	17	7	18	16	13	9	12	1	10	8	0	5	9	6	6	0	8	4	8	18	17	12	6	2	8	16	
2033_A/duck/Fujian/10.26_ 6	0	1	9	4	5	12	10	1	19	0	0	6	3	1	12	3	3	6	0	3	4	4	1	8	17	9	2	6	1	3	1	8	10	20	6	14	6	17	7	18	16	13	9	12	1	10	8	0	5	9	6	6	0	8	4	9	17	17	12	6	2	8	16	
2034_A/duck/Fujian/11.23_ 6	0	1	9	4	5	12	10	1	19	0	0	6	3	1	12	3	4	6	0	3	4	4	1	8	16	8	2	6	1	4	1	8	10	20	6	14	6	17	7	18	16	13	9	12	1	10	8	0	5	9	6	6	0	8	4	8	18	17	12	6	2	8	16	
2035_A/duck/Fujian/11.23_ 6	0	1	9	4	5	12	10	1	19	0	0	6	3	1	12	3	4	6	0	3	4	4	1	8	16	8	2	6	1	4	1	8	10	20	6	14	6	17	7	18	16	13	9	12	1	10	8	0	5	9	6	6	0	8	4	8	18	17	12	6	2	8	16	
2036_A/duck/Fujian/11.23_ 6	0	1	9	4	5	12	10	1	19	0	0	6	3	1	12	3	3	6	0	3	4	4	1	8	17	9	2	6	1	3	1	8	10	20	6	14	6	17	7	18	16	13	9	12	1	10	8	0	5	9	6	6	0	8	4	9	17	17	12	6	2	8	16	
2037_A/duck/Fujian/11.3_F 6	0	2	8	4	5	11	11	1	19	0	0	5	3	1	12	3	3	6	1	3	4	4	0	8	16	9	3	7	2	3	0	6	10	20	6	13	7	16	7	20	16	12	10	11	1	9	8	1	5	9	5	6	1	10	4	9	17	13	13	6	2	11	16	
2038_A/duck/Fujian/11.3_F 6	0	1	8	4	5	12	11	2	19	0	0	4	3	1	12	3	3	6	1	3	4	4	0	8	16	9	3	7	2	3	0	6	8	20	6	14	7	16	7	20	17	11	11	11	1	10	7	0	5	9	5	7	1	10	5	9	17	14	13	6	2	10	15	
2039_A/duck/Fujian/12.7_F 6	0	1	8	4	5	12	11	2	19	0	0	4	3	1	12	3	3	6	1	3	4	4	0	8	16	9	3	7	2	3	0	6	8	20	6	14	7	16	7	20	17	11	11	11	1	10	7	0	5	9	5	7	1	10	5	9	17	14	13	6	2	10	15	
2040_A/duck/Fujian/12.7_F 6	0	1	8	4	5	12	11	2	19	0	0	4	3	1	12	3	3	6	1	3	4	4	0	8	16	9	3	7	2	3	0	6	8	20	6	14	7	16	7	20	17	11	11	11	1	10	7	0	5	9	5	7	1	10	5	9	17	14	13	6	2	10	15	
2041_A/duck/Fujian/12.7_F 6	0	1	8	4	5	12	11	2	19	0	0	4	3	1	12	3	3	6	1	3	4	4	0	8	16	9	3	7	2	3	0	6	8	20	6	14	7	16	7	20	17	11	11	11	1	10	7	0	5	9	6	7	1	10	5	9	17	14	13	6	2	10	14	
2042_A/duck/Fujian/12.7_F 6	0	1	8	4	5	12	11	2	19	0	0	4	3	1	12	3	3	6	1	3	4	4	0	8	16	9	3	7	2	3	0	6	8	20	6	14	7	16	7	20	17	11	11	11	1	10	7	0	5	9	6	7	1	10	5	9	17	14	13	6	2	10	14	
2043_A/duck/Guangdong/11. 6	0	2	9	4	5	11	10	2	19	0	0	4	3	1	12	3	3	6	1	3	4	4	0	8	15	9	2	7	3	3	1	7	9	20	6	15	7	16	7	19	16	13	8	12	1	10	9	0	5	8	5	6	0	10	5	8	16	16	13	6	3	9	15	
2044_A/duck/Guangdong/11. 6	0	2	9	4	5	11	10	2	19	0	0	4	3	1	12	3	3	6	1	3	4	4	0	8	15	9	2	7	3	3	1	7	9	20	6	15	7	16	7	19	16	13	8	12	1	10	9	0	5	8	5	6	0	10	5	8	16	16	13	6	3	9	15	
2045_A/duck/Guangdong/11. 6	0	2	9	4	5	11	10	2	19	0	0	4	3	1	12	3	3	6	1	3	4	4	0	8	15	9	2	7	3	3	1	7	9	20	6	15	7	16	7	19	16	13	8	12	1	10	9	0	5	8	5	6	0	10	5	8	16	16	13	6	3	9	15	
2046_A/duck/Guangdong/23/ 10	7	8	10	8	7	3	9	6	13	0	0	8	1	1	15	2	7	4	0	1	3	6	2	0	12	9	0	3	2	5	2	11	13	23	14	9	5	8	8	13	9	11	10	10	2	7	3	9	10	11	6	3	3	10	8	10	4	10	11	9	1	9	16	
2047_A/duck/Guangdong/GD0 6	0	2	8	4	5	11	11	2	19	0	0	5	3	1	12	3	3	6	1	3	4	4	0	8	16	8	3	6	2	3	0	8	8	20	6	13	8	17	7	19	17	12	9	11	1	9	9	1	5	10	4	6	1	8	4	8	17	17	14	7	2	8	15	
2048_A/duck/Guangdong/s14 10	9	10	12	7	8	5	5	7	8	1	0	4	2	0	15	1	6	5	0	4	6	4	0	2	8	8	2	3	1	9	2	13	16	20	9	8	4	5	5	12	8	11	12	8	3	7	10	15	3	16	8	5	5	6	8	14	9	18	19	14	0	6	10	
2049_A/duck/Guangdong/wy1 11	5	8	8	8	8	5	10	3	15	0	0	5	0	1	12	4	3	5	0	1	6	2	0	5	11	8	1	6	2	2	1	16	7	13	12	5	9	12	8	15	16	16	12	11	0	8	6	11	5	12	8	8	7	9	3	10	7	16	17	9	2	13	14	
2050_A/duck/Guangdong/wy1 11	5	8	8	8	8	5	10	3	15	0	0	5	0	1	12	4	3	5	0	1	6	2	0	5	11	8	1	6	2	2	1	15	7	13	12	5	9	12	8	15	16	16	12	11	0	8	6	12	5	12	7	8	7	9	4	10	7	16	17	9	2	13	14	
2051_A/duck/Guangdong/wy2 11	5	7	8	8	8	7	9	3	15	0	0	6	0	1	12	4	4	6	0	1	5	2	0	6	10	9	1	5	2	1	1	13	7	14	12	5	9	10	8	15	15	16	12	10	1	8	6	12	6	12	9	8	8	9	5	9	8	15	17	9	2	14	12	
2052_A/duck/Guangzhou/018 6	0	2	8	4	5	11	11	2	19	0	0	5	3	1	12	3	3	6	1	3	4	4	0	8	16	8	3	6	2	3	0	8	8	20	6	13	9	16	7	19	17	11	9	11	1	10	9	0	5	10	4	6	1	9	4	8	17	17	14	7	2	8	15	
2053_A/duck/Guangzhou/021 6	0	2	8	4	5	11	11	2	19	0	0	5	3	1	12	3	3	6	1	3	4	4	0	8	16	8	3	6	2	3	0	8	8	20	6	13	8	17	7	19	17	11	9	11	1	10	9	1	5	9	4	6	1	9	4	8	17	17	14	7	2	8	15	
2054_A/duck/Guangzhou/412 6	0	2	8	3	5	12	11	2	19	0	0	5	3	1	12	3	3	6	1	3	4	4	0	8	16	8	4	6	2	3	0	10	8	20	5	11	8	17	6	21	15	11	8	11	1	10	9	0	5	10	4	7	1	10	4	8	16	16	15	8	2	8	15	
2055_A/duck/Guizhou/7.27_ 6	0	1	9	4	5	12	10	2	18	0	0	4	4	1	12	3	3	6	1	3	5	4	0	8	15	9	2	7	2	3	1	7	8	20	6	15	8	16	6	18	18	12	9	12	1	10	9	1	6	9	6	6	0	9	4	7	15	15	14	6	3	10	14	
2056_A/duck/Guizhou/8.26_ 6	0	1	8	4	5	12	11	2	18	0	0	4	4	1	12	3	3	6	1	3	5	4	0	8	15	10	2	7	2	2	1	7	9	21	7	15	6	16	6	19	17	13	8	11	1	9	10	0	6	9	4	6	1	9	5	8	15	17	14	6	3	8	14	
2057_A/duck/Guizhou/8.26_ 6	0	1	8	4	5	12	11	2	18	0	0	4	4	1	12	3	3	6	1	3	5	4	0	8	15	10	2	7	2	2	1	7	9	21	7	15	6	16	6	19	17	13	8	11	1	9	10	0	6	9	4	6	1	9	5	8	15	17	14	6	3	8	14	
2058_A/duck/Hainan/12.29_ 6	0	1	9	4	5	12	10	2	18	0	0	4	4	1	12	3	4	6	1	3	4	4	0	8	15	9	2	7	2	3	1	7	9	20	7	15	7	17	6	20	17	12	9	11	1	10	9	0	6	9	5	6	0	9	4	7	15	16	14	6	3	9	14	
2059_A/duck/Hebei/0908/20 5	11	11	13	8	4	3	9	2	18	1	0	2	1	0	13	6	7	6	1	2	4	2	1	4	9	9	1	4	1	6	1	13	12	25	7	9	5	11	11	16	13	10	12	10	0	7	8	14	9	13	8	4	1	10	10	8	9	12	13	9	0	7	9	
2060_A/duck/Hong_Kong/342 5	10	9	11	9	6	4	11	2	13	1	0	6	3	0	13	3	12	6	1	5	2	4	0	2	6	8	1	1	2	7	2	15	9	20	8	11	9	12	9	17	12	10	17	8	3	5	6	9	5	16	11	6	2	12	6	7	9	7	12	8	1	13	10	
2061_A/duck/Hsinchu/15020 5	10	13	11	9	4	1	11	2	15	1	0	5	2	0	13	5	6	7	0	3	5	2	2	5	9	7	2	1	1	8	0	17	9	22	10	10	8	13	8	15	13	12	14	7	2	5	7	10	4	14	9	6	3	11	4	10	10	8	13	8	1	12	10	
2062_A/duck/HuBei/03/2010 11	6	7	11	9	5	7	6	4	17	0	0	4	0	1	12	4	5	7	0	1	3	1	0	3	10	8	2	8	2	2	2	12	7	20	11	6	8	9	7	16	15	12	9	10	2	10	7	11	6	6	10	9	6	12	5	11	8	17	16	9	1	14	13	
2063_A/duck/Hubei/2911/20 10	8	9	8	7	7	2	10	7	13	0	0	6	1	1	15	3	6	4	0	0	4	6	1	0	12	6	0	4	1	6	1	11	12	24	15	9	6	7	8	15	8	12	10	8	1	6	6	8	12	11	8	4	1	10	8	8	7	8	11	9	1	11	17	
2064_A/duck/Hubei/49/2005 11	8	8	8	7	7	3	10	7	13	0	0	7	1	1	15	2	6	4	0	0	4	6	1	0	12	7	0	3	1	5	1	12	12	24	15	8	5	8	8	15	9	13	10	8	1	5	6	8	13	10	7	4	1	10	9	10	5	10	12	8	1	10	15	
2065_A/duck/Hubei/SZY250/ 5	10	11	14	10	6	2	8	4	14	1	0	4	1	0	13	5	3	10	0	2	6	0	2	2	9	9	1	3	3	6	1	11	14	22	12	10	8	11	9	14	10	9	18	9	2	8	5	8	6	12	6	5	3	13	7	12	8	12	11	10	1	8	11	
2066_A/duck/Hubei/xn/2007 11	8	9	8	7	7	3	10	6	12	0	0	6	2	1	15	2	6	5	0	0	2	4	0	1	13	6	0	3	2	6	2	13	13	23	15	7	4	8	8	18	9	12	7	9	1	6	9	6	12	8	10	5	1	12	5	10	5	10	12	7	1	10	17	
2067_A/duck/Hunan/01.12_Y 6	0	2	8	4	5	11	11	3	19	0	0	4	3	1	12	3	3	5	1	3	5	6	0	9	15	7	2	5	2	4	1	8	8	23	4	14	7	14	8	19	17	13	8	11	2	10	8	0	5	8	4	6	1	9	6	9	17	17	14	6	2	8	14	
2068_A/duck/Hunan/03.07_Y 5	0	2	8	5	5	11	11	3	19	0	0	4	3	1	12	3	3	6	1	3	5	4	0	7	15	8	1	7	2	4	2	6	6	18	6	17	7	17	7	19	17	12	9	11	2	10	8	1	5	8	7	6	1	9	5	7	17	17	13	7	2	7	15	
2069_A/duck/Hunan/03.07_Y 6	0	1	9	4	5	12	10	2	18	0	0	4	4	1	12	3	4	6	1	2	3	4	0	8	16	9	2	8	2	4	0	8	10	21	7	17	3	16	7	19	15	12	8	12	1	8	11	0	5	8	4	5	1	9	5	8	19	16	13	6	2	9	15	
2070_A/duck/Hunan/03.24_Y 6	0	2	8	4	5	11	11	3	20	0	0	3	3	1	12	3	3	5	1	3	4	5	0	8	16	9	2	7	2	3	1	5	10	21	6	15	5	15	7	19	17	10	10	11	2	12	9	0	5	8	5	6	1	11	5	9	16	16	14	7	2	8	12	
2071_A/duck/Hunan/03.24_Y 6	0	2	8	4	5	11	11	3	20	0	0	3	3	1	12	3	3	5	1	3	4	5	0	8	16	9	2	7	2	3	1	5	10	21	6	15	5	15	7	19	17	10	10	11	2	12	9	0	5	8	5	6	1	11	5	9	16	16	14	7	2	8	12	
2072_A/duck/Hunan/03.24_Y 6	0	2	8	4	5	11	11	3	20	0	0	3	3	1	12	3	3	5	1	3	4	5	0	8	16	9	2	7	2	3	1	5	10	21	6	15	5	15	7	19	17	10	10	11	2	12	9	0	5	8	5	6	1	11	5	9	16	16	14	7	2	8	12	
2073_A/duck/Hunan/03.24_Y 6	0	2	8	4	5	11	11	3	20	0	0	3	3	1	12	3	3	5	1	3	4	5	0	8	16	9	2	7	2	3	1	5	10	21	6	15	5	15	7	19	17	10	10	11	2	12	9	0	5	8	5	6	1	11	5	9	16	16	14	7	2	8	12	
2074_A/duck/Hunan/1.12_YY 6	0	1	9	4	6	11	10	2	18	0	0	4	4	1	12	3	3	6	1	3	5	4	0	8	15	9	2	7	2	3	1	7	9	20	7	15	7	17	6	19	17	12	9	11	1	10	9	1	5	9	5	6	0	9	4	8	16	16	13	5	3	9	15	
2075_A/duck/Hunan/1.12_YY 6	0	1	9	4	6	11	10	2	18	0	0	4	4	1	12	3	3	6	1	3	5	4	0	8	15	9	2	7	2	3	1	7	9	20	7	15	7	17	6	19	17	12	9	11	1	10	9	1	5	9	5	6	0	9	4	8	16	16	13	5	3	9	15	
2076_A/duck/Hunan/1.12_YY 6	0	2	8	4	5	11	11	3	19	0	0	4	3	1	12	3	3	5	1	3	5	6	0	9	15	7	2	5	2	4	1	8	8	23	4	14	7	14	8	19	17	13	8	11	2	10	8	0	5	8	4	6	1	9	6	9	17	17	14	6	2	8	14	
2077_A/duck/Hunan/1.17_YY 6	0	2	8	4	5	11	11	2	19	0	0	4	3	1	12	3	3	6	1	2	4	4	0	9	15	9	2	7	3	3	1	6	7	20	4	15	8	16	9	17	17	12	9	13	1	10	8	0	6	9	4	6	1	9	6	8	16	17	12	7	3	8	16	
2078_A/duck/Hunan/11.30_Y 6	0	1	9	4	5	12	10	1	19	0	0	6	3	1	12	3	3	6	0	3	4	4	1	8	17	9	2	6	1	3	1	8	10	20	6	14	6	17	7	18	16	13	10	12	1	10	7	0	5	9	6	6	0	8	4	9	17	17	12	6	2	8	16	
2079_A/duck/Hunan/11.30_Y 6	0	2	8	4	5	11	11	3	19	0	0	3	3	1	12	3	3	6	1	3	5	5	0	8	15	7	2	7	2	4	1	8	7	21	6	15	6	14	7	18	17	13	8	11	2	10	9	0	6	9	4	6	1	9	6	9	17	18	14	7	2	7	13	
2080_A/duck/Hunan/11.30_Y 6	0	2	8	4	5	11	11	3	19	0	0	3	3	1	12	3	3	6	1	3	5	5	0	8	15	7	2	7	2	4	1	8	7	21	6	15	6	14	7	18	17	13	8	11	2	10	9	0	6	9	4	6	1	9	6	9	17	18	14	7	2	7	13	
2081_A/duck/Hunan/11.30_Y 10	8	9	12	7	6	5	5	7	9	1	0	4	2	0	14	1	6	7	0	4	5	2	0	3	9	7	3	3	1	9	1	13	15	17	9	5	4	7	5	15	8	11	10	9	3	7	13	11	5	18	8	10	5	7	8	13	9	18	17	13	1	5	12	
2082_A/duck/Hunan/11.30_Y 6	0	2	8	4	5	11	11	2	20	0	0	4	2	1	12	4	3	5	2	3	4	4	0	8	16	8	2	6	2	3	1	9	10	19	6	13	5	16	8	19	17	13	10	11	1	10	7	0	6	9	5	6	1	9	5	9	16	16	14	6	2	8	15	
2083_A/duck/Hunan/12.27_Y 6	0	2	8	4	5	11	11	2	19	0	0	4	3	1	12	3	3	6	1	2	4	4	0	9	15	9	2	7	3	3	1	6	7	20	4	16	7	16	9	17	17	12	9	13	1	10	8	0	6	9	5	6	1	9	5	8	16	17	12	7	3	8	16	
2084_A/duck/Hunan/12.27_Y 6	0	2	8	4	5	11	11	2	19	0	0	4	3	1	12	4	3	5	2	3	4	4	0	8	16	8	2	6	2	3	1	7	10	20	6	15	5	15	8	20	16	12	9	11	1	11	8	0	6	9	5	6	1	9	4	8	16	16	15	7	2	8	15	
2085_A/duck/Hunan/12.27_Y 6	0	2	8	4	5	11	11	2	19	0	0	4	3	1	12	3	3	6	1	2	4	4	0	9	15	9	2	7	3	3	1	6	7	20	4	16	7	16	9	17	17	12	9	13	1	10	8	0	6	9	5	6	1	9	5	8	16	17	12	7	3	8	16	
2086_A/duck/Hunan/12.27_Y 6	0	2	8	4	5	11	11	2	19	0	0	4	3	1	12	4	3	5	2	3	4	4	0	8	16	8	2	6	2	3	1	7	10	20	6	15	5	15	8	20	16	13	10	11	1	10	7	0	6	9	5	6	1	9	4	8	16	16	15	7	2	8	15	
2087_A/duck/Hunan/12.27_Y 6	0	2	8	4	5	11	11	2	19	0	0	4	3	1	12	3	3	6	1	2	4	4	0	9	15	9	2	7	3	3	1	6	7	20	4	16	7	16	9	17	17	12	9	13	1	10	8	0	6	9	5	6	1	9	5	8	16	17	12	7	3	8	16	
2088_A/duck/Hunan/12.27_Y 6	0	2	8	4	5	11	11	2	19	0	0	4	3	1	12	4	3	5	2	3	4	4	0	8	16	8	2	6	2	3	1	7	10	20	6	15	5	15	8	20	16	12	9	11	1	11	8	0	6	9	5	6	1	9	4	8	16	16	15	7	2	8	15	
2089_A/duck/Hunan/12.27_Y 6	0	2	8	4	5	11	11	2	19	0	0	4	3	1	12	3	3	6	1	2	4	4	0	9	15	9	2	7	3	3	1	6	7	20	4	16	7	16	9	17	17	12	9	13	1	10	8	0	6	9	5	6	1	9	5	8	16	17	12	7	3	8	16	
2090_A/duck/Hunan/12.27_Y 6	0	2	8	4	5	11	11	2	19	0	0	4	3	1	12	3	3	6	1	2	4	4	0	9	15	9	2	7	3	3	1	6	7	20	4	16	7	16	9	17	17	12	9	13	1	10	8	0	6	10	5	6	1	8	5	8	16	17	12	7	3	8	16	
2091_A/duck/Hunan/12.27_Y 6	0	2	8	4	5	11	11	2	19	0	0	4	3	1	12	3	3	6	1	2	4	4	0	9	15	9	2	7	3	3	1	6	7	20	4	16	7	16	9	17	17	12	9	13	1	10	8	0	6	9	5	6	1	9	5	8	16	17	12	7	3	8	16	
2092_A/duck/Hunan/12.27_Y 6	0	2	8	4	5	11	11	2	19	0	0	4	3	1	12	3	3	6	1	2	4	4	0	9	15	9	2	7	3	3	1	6	7	20	4	16	7	16	9	17	17	12	9	13	1	10	8	0	6	9	5	6	1	9	5	8	16	17	12	7	3	8	16	
2093_A/duck/Hunan/12.27_Y 6	0	2	8	4	5	11	11	2	19	0	0	4	3	1	12	3	3	6	1	2	4	4	0	9	15	9	2	7	3	3	1	6	7	20	4	16	7	16	9	17	17	12	9	13	1	10	8	0	6	10	5	6	1	8	5	8	16	17	12	7	3	8	16	
2094_A/duck/Hunan/12.27_Y 6	0	2	8	4	5	11	11	2	19	0	0	4	3	1	12	3	3	6	1	2	4	4	0	9	15	9	2	7	3	3	1	6	7	20	5	16	7	16	8	17	17	12	9	13	1	10	8	0	6	9	5	6	1	9	5	8	16	17	12	7	3	8	16	
2095_A/duck/Hunan/2.06_YY 5	0	2	8	5	5	11	11	3	19	0	0	4	3	1	12	3	3	6	1	3	5	4	0	7	15	8	1	7	2	4	2	6	6	18	6	17	7	17	7	19	17	12	9	11	2	10	8	1	5	8	7	6	1	10	5	7	17	17	13	7	2	7	15	
2096_A/duck/Hunan/2.06_YY 6	0	1	9	4	5	12	10	2	18	0	0	4	3	1	12	3	3	6	1	3	5	4	0	8	15	9	2	7	2	3	1	8	10	21	7	15	9	18	6	20	19	14	10	12	1	9	8	0	6	9	4	6	0	9	5	9	15	17	14	5	4	8	14	
2097_A/duck/Hunan/2.06_YY 5	0	2	8	5	5	11	11	3	19	0	0	4	3	1	12	3	3	6	1	3	5	4	0	7	15	8	1	7	2	4	2	6	6	18	6	17	7	17	7	19	17	12	9	11	2	10	8	1	5	8	7	6	1	9	5	7	17	17	13	7	2	7	15	
2098_A/duck/Hunan/2.06_YY 5	0	2	8	5	5	11	11	3	19	0	0	4	3	1	12	3	3	6	1	3	5	4	0	7	15	8	1	7	2	4	2	6	6	18	6	17	7	18	7	19	17	12	9	11	2	10	8	1	5	8	7	6	1	9	5	7	17	17	13	7	2	7	15	
2099_A/duck/Hunan/3/2007_ 11	8	9	8	7	7	2	10	6	12	0	0	6	2	1	15	2	6	5	0	0	2	5	0	1	13	6	0	3	2	6	2	13	13	23	15	7	4	8	8	17	9	12	7	10	1	6	9	6	12	8	9	5	1	12	6	10	5	10	12	7	1	10	17	
2100_A/duck/Hunan/316/200 12	8	9	8	6	7	2	10	7	13	1	0	7	1	0	15	2	6	4	0	0	4	6	1	0	12	7	0	3	1	5	1	11	12	24	15	9	5	8	8	15	11	12	10	8	0	6	6	8	12	10	8	4	1	10	8	9	5	9	12	9	1	10	16	
2101_A/duck/Hunan/3315/20 10	8	8	9	8	7	3	9	7	13	1	0	8	1	0	15	2	7	4	0	0	3	6	1	0	12	7	0	3	2	5	2	12	11	24	14	9	5	5	11	12	9	12	11	9	1	6	4	8	11	11	7	5	2	10	9	9	5	11	10	10	0	9	17	
2102_A/duck/Hunan/689/200 11	7	9	8	7	8	2	10	7	13	1	0	7	1	0	15	2	6	4	0	0	4	6	1	0	11	7	0	3	2	5	1	10	14	24	15	9	5	7	8	15	7	12	10	8	2	6	6	8	12	10	7	4	1	11	9	8	7	8	12	9	1	11	16	
2103_A/duck/Hunan/7.21_YY 6	0	2	8	4	5	11	11	3	19	0	0	4	3	1	12	3	3	5	1	3	4	5	0	7	16	9	2	7	2	3	1	7	9	20	6	15	6	16	7	17	17	10	10	11	1	12	8	0	5	9	5	6	1	8	6	10	17	17	13	7	2	8	14	
2104_A/duck/Hunan/733/200 11	8	8	8	7	7	3	10	6	13	0	0	8	1	1	15	2	7	4	0	0	3	6	1	0	10	8	0	3	3	4	1	11	14	24	12	10	4	5	13	14	9	12	8	8	1	6	7	7	11	11	8	4	2	10	9	9	6	8	13	9	1	11	15	
2105_A/duck/Hunan/8/2008_ 11	9	9	8	7	6	2	10	7	12	0	0	5	2	1	15	2	6	4	0	0	2	5	0	1	13	6	0	3	2	7	2	13	13	23	15	7	4	7	9	18	9	12	8	8	1	5	9	6	12	8	9	5	1	12	6	10	5	11	11	8	1	10	17	
2106_A/duck/Hunan/S4020/2 10	8	10	8	8	7	1	10	6	12	0	0	6	2	1	15	2	6	5	0	0	2	5	0	1	14	6	0	4	1	6	2	12	13	21	14	10	4	9	9	15	8	12	7	9	2	7	7	6	13	11	7	4	1	10	8	12	5	10	12	7	0	10	17	
2107_A/duck/Hunan/S4030/2 10	7	9	8	8	7	2	10	5	13	0	0	7	2	1	15	2	5	5	0	0	4	6	0	1	13	6	1	4	1	6	1	15	12	21	15	8	6	8	9	15	7	12	8	8	2	7	8	4	12	10	7	5	0	10	8	12	5	9	13	7	1	11	16	
2108_A/duck/Hunan/S4101/2 6	8	10	12	7	5	4	10	0	18	1	0	5	0	0	13	3	9	10	1	4	3	2	1	4	8	10	1	3	2	5	1	17	11	22	11	10	6	10	6	15	12	14	9	7	2	5	10	9	5	12	11	4	4	12	8	11	7	13	13	10	1	10	7	
2109_A/duck/Hunan/S4120/2 6	8	10	12	7	5	4	10	0	18	1	0	5	0	0	13	3	9	10	1	4	3	2	1	4	8	10	1	3	2	5	1	17	11	22	11	10	6	10	6	14	12	14	9	7	2	5	10	9	5	12	11	4	4	12	8	12	7	13	13	10	1	10	7	
2110_A/duck/Hunan/S4150/2 11	8	9	8	7	8	2	10	6	12	0	0	7	2	1	14	2	6	5	0	0	2	5	0	1	12	6	1	3	3	6	1	13	13	22	15	7	4	8	9	17	8	12	6	10	3	6	10	6	11	9	9	5	1	11	6	8	5	10	12	9	0	10	17	
2111_A/duck/Hunan/S4220/2 10	9	8	8	8	7	3	10	6	11	0	0	6	3	1	15	2	5	5	0	0	3	6	0	1	13	6	0	4	1	6	2	15	13	20	15	8	5	10	8	17	7	11	7	7	2	7	9	4	12	10	7	5	0	10	8	12	5	10	12	7	1	10	17	
2112_A/duck/Jiangsu/m234/ 6	11	11	12	8	4	3	10	1	17	1	0	3	1	0	13	6	6	7	0	2	4	2	2	4	8	9	1	4	2	6	1	13	12	23	7	11	4	11	11	17	15	9	12	9	0	9	8	11	9	14	7	5	1	11	10	9	8	10	13	8	0	8	10	
2113_A/duck/Jiangxi/01.11 7	0	2	8	3	5	11	11	3	19	0	0	2	3	1	12	3	3	6	1	3	5	5	0	8	15	7	3	8	2	4	0	8	8	20	6	15	6	15	7	19	17	12	9	11	2	10	8	0	5	9	4	6	1	9	6	10	16	17	13	6	2	8	15	
2114_A/duck/Jiangxi/10160 3	1	7	9	7	4	5	10	2	18	0	0	4	5	1	12	4	4	7	1	4	6	6	0	7	12	5	2	4	3	5	0	10	9	23	5	13	7	16	10	22	16	12	6	13	1	11	10	1	6	8	5	5	1	10	4	8	14	16	14	6	3	12	16	
2115_A/duck/Jiangxi/11.17 6	0	2	9	4	5	11	10	2	19	0	0	4	3	1	12	3	3	6	1	3	4	4	0	8	16	9	2	7	2	3	1	8	9	20	6	14	6	16	7	20	17	14	7	12	1	10	9	0	5	9	5	6	0	10	5	7	17	17	14	6	2	7	14	
2116_A/duck/Jiangxi/11.17 6	0	2	9	4	5	11	10	2	19	0	0	4	3	1	12	3	3	6	1	3	4	4	0	8	16	9	2	7	2	3	1	8	9	20	6	14	6	16	7	20	17	14	7	12	1	10	9	0	5	9	5	6	0	10	5	7	17	17	14	6	2	7	14	
2117_A/duck/Jiangxi/11.29 5	0	2	8	5	5	11	11	3	19	0	0	4	3	1	12	3	3	6	1	3	5	4	0	7	15	8	2	7	2	4	1	5	8	19	6	18	7	18	7	19	17	12	9	11	2	10	8	1	5	8	5	5	1	9	5	8	17	16	13	6	2	8	15	
2118_A/duck/Jiangxi/11.29 6	0	2	8	4	5	11	11	2	20	0	0	4	2	1	12	4	3	5	2	3	4	4	0	8	16	8	2	6	2	3	1	8	10	19	6	14	5	16	8	19	17	13	9	11	1	9	8	0	6	9	5	6	1	9	5	9	16	16	14	6	2	9	15	
2119_A/duck/Jiangxi/11.29 7	0	2	8	3	5	11	11	3	19	0	0	2	3	1	12	3	3	6	1	3	5	5	0	8	15	7	3	8	2	4	0	8	8	18	6	15	7	16	7	19	17	12	9	11	2	10	8	0	5	9	4	6	1	9	6	7	17	17	13	8	2	8	15	
2120_A/duck/Jiangxi/120/2 9	6	7	9	9	9	3	9	6	13	0	0	7	1	1	15	2	8	4	0	0	3	5	0	1	12	6	0	4	1	5	3	14	11	21	19	11	5	8	8	13	8	14	11	8	1	6	4	6	8	11	11	2	4	11	7	9	5	9	12	10	1	12	12	
2121_A/duck/Jiangxi/130/2 11	8	9	8	7	8	2	10	6	11	0	0	7	2	1	14	2	6	5	0	0	3	5	0	1	11	6	1	3	3	6	1	13	13	23	14	8	4	8	9	18	9	12	6	9	3	7	10	6	11	9	9	4	1	11	6	7	5	10	12	9	0	10	17	
2122_A/duck/Jiangxi/13469 3	1	7	9	7	4	5	10	2	18	0	0	4	5	1	12	4	4	7	1	4	6	6	0	7	12	5	2	4	3	5	0	11	9	22	6	12	7	17	9	22	16	12	6	12	1	11	10	1	5	7	5	5	2	10	5	9	14	16	15	6	3	12	15	
2123_A/duck/Jiangxi/13475 3	1	7	9	7	4	5	10	2	18	0	0	4	5	1	12	4	4	7	1	4	6	6	0	7	12	5	2	4	3	5	0	11	9	22	6	12	7	17	9	22	16	12	6	12	1	11	10	1	5	7	5	5	2	10	5	9	14	16	15	6	3	12	15	
2124_A/duck/Jiangxi/13484 3	1	7	9	7	4	5	10	2	18	0	0	4	5	1	12	4	4	7	1	4	6	6	0	7	12	5	2	4	3	5	0	11	9	22	6	12	7	17	9	22	16	12	6	12	1	11	10	1	5	7	5	5	2	10	5	9	14	16	15	6	3	12	15	
2125_A/duck/Jiangxi/2.28N 6	0	2	8	4	5	11	11	3	20	0	0	3	2	1	12	3	3	7	1	3	5	4	0	9	15	7	2	6	2	4	1	7	7	20	6	16	6	15	7	18	17	13	8	11	2	10	9	0	6	9	4	6	1	9	6	9	17	18	14	7	2	7	13	
2126_A/duck/Jiangxi/2.28_ 6	0	2	8	4	5	11	11	3	20	0	0	3	2	1	12	3	3	7	1	3	5	4	0	9	15	7	2	6	2	4	1	7	7	20	6	16	6	15	7	18	17	13	8	11	2	10	9	0	6	9	4	6	1	9	6	9	17	18	14	7	2	7	13	
2127_A/duck/Jiangxi/34/20 11	9	9	8	7	8	2	10	5	10	0	0	7	4	1	15	2	5	5	0	0	2	6	0	1	11	7	0	4	2	6	2	15	13	21	15	9	4	9	8	18	7	11	7	7	2	7	10	4	12	10	7	5	0	10	8	12	5	10	12	6	1	10	16	
2128_A/duck/Jiangxi/35/20 11	9	9	8	7	9	2	10	5	10	0	0	6	4	1	15	2	5	5	0	0	3	6	0	1	11	6	0	4	2	6	2	15	13	20	15	9	4	9	8	18	7	11	7	7	2	7	10	5	12	11	6	5	0	10	8	12	5	10	12	6	1	10	16	
2129_A/duck/Jiangxi/44/20 12	9	9	8	7	8	2	10	5	10	0	0	7	4	1	15	2	5	5	0	0	2	6	0	1	12	6	0	4	2	6	2	14	13	20	15	8	4	9	8	17	9	12	7	7	2	6	10	4	12	11	7	5	0	10	8	12	5	10	12	6	1	10	16	
2130_A/duck/Jiangxi/5.26_ 7	0	2	8	3	5	11	11	3	19	0	0	2	3	1	12	3	3	6	1	3	5	5	0	8	15	7	3	8	2	4	0	8	8	20	6	15	6	14	7	19	17	12	9	11	2	10	8	0	5	9	4	6	1	10	6	7	17	17	13	8	2	8	15	
2131_A/duck/Jiangxi/80/20 11	8	9	8	6	7	2	10	7	13	0	0	7	1	1	15	2	6	4	0	1	4	6	1	0	12	7	0	3	1	5	1	11	12	25	14	9	5	7	9	15	10	12	10	8	1	6	6	8	12	10	7	4	1	10	9	7	6	9	12	10	1	10	16	
2132_A/duck/Jilin/JL-SIV/ 11	8	9	9	7	7	2	9	7	14	0	0	7	0	1	15	2	6	4	0	0	4	6	1	1	12	7	0	2	1	5	1	10	12	24	14	10	5	7	9	17	9	11	10	7	1	6	7	9	11	12	7	2	2	11	8	9	5	10	12	9	1	10	15	
2133_A/duck/Kaohsiung/150 5	10	13	11	9	4	1	11	2	15	1	0	5	2	0	13	6	6	7	0	3	5	2	2	4	9	6	3	1	1	8	0	16	9	21	11	10	8	13	9	15	13	12	13	7	2	5	8	10	4	14	9	6	3	12	4	10	10	7	13	8	1	12	10	
2134_A/duck/Kaohsiung/15W 6	6	7	9	12	4	6	10	2	11	1	0	1	4	0	12	3	6	6	0	1	9	5	0	6	9	6	4	6	1	3	2	10	11	23	8	9	7	14	6	22	19	15	4	8	2	10	8	7	5	14	9	6	6	14	5	11	4	10	14	7	3	9	12	
2135_A/duck/Kaohsiung/20W 5	6	8	9	13	4	5	10	1	11	1	0	4	4	0	12	3	5	6	0	1	10	5	0	5	9	6	4	5	1	3	2	13	10	22	9	7	8	14	5	22	20	15	6	7	1	10	6	7	5	15	9	5	6	14	5	13	3	12	14	7	3	7	12	
2136_A/duck/Liaoning/LN/2 12	5	8	7	7	8	5	11	2	15	0	0	6	0	1	12	4	3	5	0	1	5	3	0	6	11	9	1	5	2	1	1	14	9	15	12	5	7	11	9	16	16	17	12	10	0	7	6	14	5	11	9	7	7	9	3	10	7	15	16	9	2	13	14	
2137_A/duck/Nanchang/9789 10	9	8	8	8	7	3	10	6	11	0	0	7	3	1	15	2	5	4	0	0	3	6	0	1	13	5	1	4	1	6	2	15	13	22	15	9	5	9	8	18	7	12	7	7	2	6	9	4	11	10	7	4	1	10	8	10	5	10	12	7	1	10	17	
2138_A/duck/Nantou/15A343 5	10	13	11	9	4	1	11	2	15	1	0	5	2	0	13	5	6	7	0	3	5	2	2	5	9	7	2	1	1	8	0	16	9	21	11	8	10	13	9	15	13	12	13	7	2	5	8	10	4	14	9	5	3	12	4	11	10	7	13	8	1	12	10	
2139_A/duck/Nantou/17A024 5	10	13	11	9	4	1	11	1	14	1	0	6	3	0	13	5	6	7	0	3	5	2	2	5	9	7	2	1	1	8	0	15	9	22	11	10	8	13	10	15	13	11	15	6	2	5	7	11	5	15	8	6	2	10	4	11	10	7	14	8	1	12	9	
2140_A/duck/Pingtung/1501 6	5	7	10	12	5	6	9	2	11	1	0	1	4	0	12	3	6	6	0	1	9	5	0	6	9	6	3	6	1	3	3	10	11	23	9	9	7	14	5	22	19	14	3	7	2	11	9	8	5	14	9	5	6	14	5	13	3	12	13	7	3	8	12	
2141_A/duck/Pingtung/1501 5	10	13	11	9	4	1	11	2	15	1	0	5	2	0	13	6	5	7	0	3	6	2	2	4	9	7	2	1	1	8	0	16	9	21	11	10	8	13	9	15	13	12	13	7	2	5	8	10	5	13	9	6	3	12	4	10	10	7	13	8	1	12	10	
2142_A/duck/Pingtung/17A0 5	10	13	11	9	4	1	11	1	14	1	0	6	3	0	13	5	6	7	0	3	5	2	2	5	10	7	2	1	0	8	0	15	9	22	11	10	8	13	10	15	13	11	15	6	2	5	7	11	5	14	8	6	2	10	4	11	10	8	14	8	1	12	9	
2143_A/duck/Pingtung/18A0 5	9	12	11	9	4	2	11	2	15	1	0	6	3	0	13	5	6	7	0	3	5	2	2	4	9	7	2	2	1	8	0	15	10	23	11	10	7	13	10	14	13	11	15	5	2	5	7	11	5	14	8	6	2	9	4	11	11	8	13	8	1	13	9	
2144_A/duck/Pingtung/18A0 6	10	12	11	8	4	2	11	2	14	1	0	5	3	0	13	5	5	6	0	3	6	3	2	5	10	8	2	1	0	7	0	18	8	21	11	9	9	14	10	13	13	12	15	7	2	4	7	11	5	14	8	5	2	10	4	12	10	8	12	7	1	13	10	
2145_A/duck/Pingtung/18X0 5	10	13	11	9	4	1	11	2	14	1	0	6	3	0	13	4	6	8	0	4	5	1	2	5	9	7	2	0	1	8	0	14	10	23	11	11	7	12	10	13	11	12	15	7	3	5	7	11	5	14	7	6	2	9	4	10	12	8	14	9	1	13	9	
2146_A/duck/Shandong/009/ 10	7	9	8	7	8	2	10	7	13	1	0	7	1	0	15	2	6	3	0	0	5	7	1	1	12	7	0	2	1	5	1	11	11	22	16	10	4	9	7	15	9	11	10	8	2	7	7	7	12	10	9	5	3	10	8	8	6	10	12	9	0	10	14	
2147_A/duck/Shandong/Q1/2 10	9	10	12	7	6	5	5	6	9	1	0	5	2	0	14	1	7	5	0	4	5	4	0	2	8	8	2	3	1	9	1	13	16	20	9	6	3	5	5	13	9	10	12	8	2	7	12	15	3	15	8	6	7	7	8	13	8	18	19	14	2	6	11	
2148_A/duck/Shandong/SD02 6	0	2	9	4	5	11	10	3	19	0	0	3	3	1	12	3	4	6	1	3	4	5	0	9	14	6	2	7	2	5	1	8	8	22	4	13	7	15	8	17	16	12	9	11	3	12	6	1	7	9	5	5	0	7	5	10	17	16	17	7	1	9	13	
2149_A/duck/Shandong/SD02 5	0	2	8	4	5	11	10	4	19	0	0	3	3	1	12	3	4	6	1	3	4	5	0	9	14	6	2	7	2	5	1	8	8	22	6	13	7	15	8	17	16	12	9	11	3	12	6	1	7	9	4	5	0	7	5	10	17	16	17	7	1	9	13	
2150_A/duck/Sichuan/NCXJ1 3	1	6	8	7	5	6	11	2	16	0	0	4	6	1	12	4	4	7	1	4	6	6	0	7	11	5	2	4	4	5	0	11	9	22	6	12	7	17	9	22	16	12	6	12	1	11	10	1	6	8	5	5	1	10	4	8	14	17	16	7	3	11	14	
2151_A/duck/Sichuan/NCXJ1 3	1	6	8	7	5	6	11	2	15	0	0	4	7	1	12	4	4	7	1	4	6	6	0	7	11	5	2	4	4	5	0	11	10	22	6	12	6	16	9	22	16	13	6	12	1	11	10	1	6	8	5	5	1	10	4	8	14	17	15	7	3	12	14	
2152_A/duck/Sichuan/NCXN1 10	9	8	8	8	8	3	10	7	10	0	0	5	3	1	15	2	5	6	0	0	3	5	0	1	13	6	0	4	1	6	2	15	13	19	14	9	5	11	9	19	7	12	7	5	2	6	9	4	12	10	7	4	0	10	8	11	5	11	11	9	1	9	17	
2153_A/duck/Sichuan/NCXN1 10	9	8	8	7	8	3	10	7	11	0	0	5	2	1	15	2	5	5	0	1	3	5	0	1	13	6	0	4	1	6	2	15	13	20	14	9	5	11	9	19	7	12	7	5	2	6	9	4	12	10	7	4	0	10	8	11	5	12	11	9	1	8	17	
2154_A/duck/Sichuan/SC482 5	0	2	9	3	5	11	10	3	17	0	0	4	5	1	12	4	4	6	1	3	5	4	0	6	15	10	3	9	1	2	0	6	10	17	8	14	7	19	6	19	16	15	8	11	1	9	10	0	6	8	4	7	0	10	5	10	15	18	13	4	3	7	14	
2155_A/duck/Sichuan/SC569 5	0	2	9	3	5	11	10	4	17	0	0	4	5	1	12	3	4	6	1	3	5	4	0	6	15	10	3	9	1	2	0	6	10	17	8	14	7	19	6	19	16	15	8	11	1	9	10	0	6	8	4	7	0	10	5	10	15	18	13	4	3	7	14	
2156_A/duck/Taichung/1501 6	10	13	11	9	4	1	11	2	15	1	0	5	2	0	13	4	6	7	0	3	5	2	2	5	9	7	2	1	1	8	0	17	8	21	11	10	8	13	9	15	13	12	13	7	2	5	8	10	4	14	9	6	3	12	4	10	10	7	13	8	1	12	10	
2157_A/duck/Tainan/150104 10	8	9	12	7	6	5	5	6	9	1	0	4	3	0	14	1	6	6	0	4	5	3	0	3	9	7	3	2	1	9	1	14	18	17	8	5	4	9	6	12	8	10	17	8	2	8	7	13	2	14	8	7	6	8	7	13	10	16	16	15	1	7	16	
2158_A/duck/Tainan/160100 5	10	13	10	9	4	1	12	2	15	1	0	5	2	0	13	6	7	7	0	3	4	2	2	4	9	8	2	1	1	7	0	16	9	19	11	10	8	15	9	15	13	13	12	7	1	5	8	10	4	14	10	6	3	12	4	10	10	7	13	8	1	12	10	
2159_A/duck/Tainan/16WB34 6	6	7	9	12	4	6	10	2	11	1	0	1	4	0	12	2	6	6	0	2	9	5	0	6	9	6	4	6	1	3	2	10	11	24	8	9	7	14	6	23	19	15	4	8	2	10	8	7	5	13	9	6	6	14	5	11	3	11	14	7	3	9	11	
2160_A/duck/Taipei/05WB83 5	10	13	11	9	4	2	10	2	15	1	0	5	2	0	13	6	6	7	0	2	5	2	2	4	8	7	1	2	2	8	1	14	10	23	9	11	8	12	8	17	14	13	12	7	2	5	9	10	4	17	8	6	3	9	6	9	9	8	13	7	1	10	11	
2161_A/duck/Taipei/18WB01 6	6	7	9	12	4	6	10	2	12	1	0	1	3	0	12	2	6	6	0	2	9	5	0	7	9	6	4	5	1	3	2	10	11	25	8	9	7	13	6	24	19	16	5	7	2	9	7	7	6	13	9	6	5	14	5	11	3	11	13	7	3	9	12	
2162_A/duck/Taipei/19WB02 5	6	7	10	13	4	6	9	1	12	1	0	3	3	0	12	3	5	6	0	1	10	5	0	6	9	6	4	5	1	3	2	13	10	22	10	7	8	14	5	22	19	15	6	7	2	10	6	8	4	14	9	4	7	13	7	13	3	12	13	7	3	8	11	
2163_A/duck/Taiwan/01006/ 5	10	13	11	9	4	1	11	2	15	1	0	5	2	0	13	6	6	7	0	3	5	2	2	4	9	7	2	1	1	8	0	16	9	21	11	10	8	13	9	15	13	12	13	7	2	5	8	10	4	14	9	6	3	12	4	10	10	7	13	8	1	12	10	
2164_A/duck/Taiwan/11213/ 4	11	11	11	11	2	3	12	3	16	1	0	6	1	0	13	5	8	7	0	2	3	3	2	2	9	6	1	2	1	9	1	13	9	22	10	11	9	11	7	17	11	16	11	10	1	5	8	9	4	15	10	7	3	11	6	9	10	10	14	5	1	9	10	
2165_A/duck/Taiwan/11254/ 4	11	11	11	11	2	3	12	3	16	1	0	6	1	0	13	5	8	7	0	2	3	3	2	2	9	6	1	2	1	9	1	13	9	22	10	11	9	11	7	17	11	17	11	10	1	4	8	9	4	15	10	7	3	11	6	9	10	10	14	5	1	9	10	
2166_A/duck/Taiwan/A3400/ 10	7	9	12	7	6	5	5	6	9	1	0	4	3	0	14	1	7	6	0	4	5	3	0	3	9	7	3	2	1	9	1	14	18	17	8	5	4	9	6	12	8	10	17	8	2	8	7	13	2	14	7	7	6	8	8	13	10	16	16	15	1	7	16	
2167_A/duck/Taiwan/DV1238 5	11	13	11	9	2	1	11	4	16	1	0	4	2	0	13	6	7	7	0	2	4	2	2	2	9	7	1	3	1	7	2	13	9	23	8	12	8	11	9	16	13	13	12	9	2	5	9	10	4	17	9	7	3	8	6	9	10	12	13	6	1	7	11	
2168_A/duck/Taiwan/DV1241 5	11	13	11	9	2	1	11	4	16	1	0	4	2	0	13	6	7	7	0	2	4	2	2	2	9	7	1	3	1	7	2	13	9	23	8	12	8	11	9	16	13	13	12	9	2	5	9	10	4	17	9	7	3	8	6	9	10	12	13	6	1	7	11	
2169_A/duck/Taiwan/DV1242 5	11	13	11	9	2	1	11	4	16	1	0	4	2	0	13	6	7	7	0	2	4	2	2	2	9	7	1	3	1	7	2	13	9	23	8	12	8	11	9	16	13	13	12	9	2	5	9	10	4	17	9	7	3	8	6	9	10	12	13	6	1	7	11	
2170_A/duck/Taoyuan/16010 6	10	13	10	8	4	1	12	2	14	1	0	5	3	0	13	5	7	7	0	3	4	2	2	4	9	8	2	1	1	7	0	17	9	21	10	10	8	14	9	15	13	13	12	7	1	5	8	10	4	14	10	6	3	12	4	10	10	7	13	8	1	12	10	
2171_A/duck/Wenzhou/YJYF3 11	7	9	8	7	8	2	10	5	13	0	0	9	1	1	14	2	5	5	0	1	2	6	0	2	12	6	1	2	3	5	1	14	14	21	15	7	4	8	9	18	7	12	6	10	4	6	11	6	12	10	8	4	1	11	6	6	4	10	11	9	0	10	18	
2172_A/duck/Wuhan/JXYFB22 6	0	2	8	4	5	11	11	2	20	0	0	5	3	1	12	3	3	6	1	3	4	4	0	8	16	8	3	6	2	3	0	8	9	20	6	13	7	18	5	19	17	11	9	11	1	11	9	2	5	10	4	5	1	8	4	8	15	15	13	8	2	10	16	
2173_A/duck/Wuhan/WHYF02/ 6	1	3	8	4	4	10	11	1	18	0	0	6	4	1	12	3	4	6	1	2	3	4	0	8	15	9	3	7	2	3	0	9	8	20	7	11	8	16	7	19	17	11	9	11	1	10	9	0	5	10	4	7	1	9	4	7	18	17	14	7	2	7	16	
2174_A/duck/Xinjiang/12.1 10	8	9	12	7	6	5	5	7	9	1	0	4	2	0	14	1	6	6	0	4	5	3	0	3	9	7	3	3	1	9	1	13	15	18	9	5	4	7	5	15	8	11	10	9	3	7	13	11	5	17	8	10	5	7	8	13	8	18	17	13	2	5	12	
2175_A/duck/Yilan/17A0092 5	10	13	11	8	4	1	11	1	13	1	0	6	3	0	13	5	6	7	0	4	5	2	2	5	11	7	2	1	0	8	0	16	9	22	11	11	8	12	11	15	13	11	16	6	2	6	5	10	5	14	8	5	2	10	4	11	10	7	14	8	1	13	9	
2176_A/duck/Yunlin/150102 5	10	13	11	9	4	1	11	2	15	1	0	5	2	0	13	5	6	7	0	3	5	2	2	5	9	7	2	1	1	8	0	16	9	21	11	10	8	13	9	15	13	12	13	7	2	5	8	10	4	14	9	6	3	12	4	10	10	7	13	8	1	12	10	
2177_A/duck/Yunlin/150102 10	8	9	12	7	6	5	5	6	9	1	0	4	3	0	14	1	6	6	0	4	5	3	0	3	9	7	3	2	1	9	1	14	18	17	8	5	4	9	6	12	8	10	17	8	2	8	7	13	2	14	9	7	6	8	7	13	10	16	15	15	1	7	16	
2178_A/duck/Yunlin/150103 5	10	13	11	9	4	1	11	2	15	1	0	5	2	0	13	5	6	7	0	3	5	2	2	5	9	7	2	1	1	8	0	16	9	21	11	10	8	13	9	15	13	12	13	7	2	5	8	10	4	14	9	6	3	12	4	10	10	7	13	8	1	12	10	
2179_A/duck/Yunlin/150103 5	10	13	11	9	4	1	11	2	15	1	0	5	2	0	13	5	6	7	0	3	5	2	2	5	9	7	2	1	1	8	0	16	9	21	11	10	8	13	9	15	13	12	14	7	2	5	7	10	4	14	9	6	3	11	4	10	10	8	13	8	1	12	10	
2180_A/duck/Yunlin/150103 5	10	13	11	9	4	1	11	2	15	1	0	5	2	0	13	5	6	7	0	3	5	2	2	5	9	7	2	1	1	8	0	16	9	21	11	10	8	13	9	15	13	12	13	7	2	5	8	10	4	14	9	6	3	12	4	10	10	7	13	8	1	12	10	
2181_A/duck/Yunlin/150104 10	8	9	12	7	6	5	5	6	9	1	0	4	3	0	14	1	6	6	0	4	5	3	0	3	9	7	3	2	1	9	1	14	18	17	8	5	4	9	6	12	8	10	17	8	2	8	7	13	2	14	9	7	6	8	7	13	10	16	15	15	1	7	16	
2182_A/duck/Yunlin/150700 5	10	13	10	9	4	1	12	2	15	1	0	5	2	0	13	6	7	7	0	3	4	2	2	4	9	7	2	1	1	8	0	16	9	21	10	10	8	14	9	15	13	12	12	7	2	5	8	10	4	14	10	6	3	12	4	10	10	7	13	8	1	12	10	
2183_A/duck/Yunlin/15A501 5	10	13	10	9	4	1	12	2	15	1	0	5	2	0	13	6	7	7	0	3	4	2	2	4	9	7	2	1	1	8	0	16	9	21	10	10	8	14	9	15	13	12	12	7	2	5	8	10	4	14	10	6	3	12	4	9	11	7	13	8	1	12	10	
2184_A/duck/Yunlin/171100 5	10	13	11	9	4	1	11	1	15	1	0	5	3	0	13	5	6	6	0	3	5	3	2	5	10	7	2	2	0	8	0	15	9	22	11	11	9	12	10	14	13	11	15	6	2	5	7	10	5	14	8	5	2	10	4	13	9	7	13	8	1	13	10	
2185_A/duck/Yunlin/17A008 6	10	14	10	8	4	1	11	1	15	1	0	6	2	0	13	4	7	7	0	3	5	2	2	5	10	7	2	1	0	8	0	17	9	22	11	10	8	13	10	15	13	11	16	6	2	7	5	9	5	14	8	6	2	10	4	11	10	6	14	8	1	13	9	
2186_A/duck/Yunlin/17A068 5	10	13	10	9	4	1	12	1	14	1	0	5	3	0	13	5	6	7	0	3	5	2	2	5	10	7	2	2	0	8	0	16	9	23	11	10	9	12	10	14	13	11	15	6	2	5	7	10	5	14	8	6	2	10	4	10	10	7	14	9	1	13	9	
2187_A/duck/Yunlin/180600 5	10	13	11	9	4	1	11	1	15	1	0	4	3	0	12	5	6	6	0	2	5	3	2	6	10	7	2	3	0	8	1	16	9	22	10	11	9	12	11	13	13	11	15	6	3	5	7	9	4	14	8	6	3	10	4	12	9	7	12	8	1	13	11	
2188_A/duck/Yunlin/18X000 5	8	14	11	9	4	1	11	1	14	1	0	6	4	0	13	6	6	7	0	3	5	2	2	5	10	9	1	1	0	6	1	16	9	23	12	10	8	12	10	15	13	10	15	6	1	6	6	9	5	15	8	7	2	9	4	12	10	7	14	7	1	13	9	
2189_A/duck/Yunnan/4072/2 11	7	9	10	7	8	2	8	7	12	0	0	7	2	1	15	2	6	5	0	0	4	5	1	0	11	7	0	3	2	5	1	9	14	23	14	12	4	6	11	14	9	11	8	8	1	8	6	8	11	11	8	3	2	10	9	10	5	8	12	9	1	11	16	
2190_A/duck/Yunnan/426/20 11	7	9	10	7	8	2	8	7	12	0	0	6	2	1	15	2	6	5	0	0	4	5	1	0	11	7	0	4	2	5	1	9	14	23	15	12	4	6	10	14	9	10	8	8	1	9	6	8	11	11	8	3	2	10	9	10	5	8	12	9	1	11	16	
2191_A/duck/Yunnan/4645/2 11	7	9	10	7	8	2	8	7	12	1	0	7	2	0	15	2	6	5	0	0	4	5	1	0	11	7	0	3	2	5	1	9	14	23	14	12	4	6	11	14	9	11	8	8	1	8	6	8	11	11	8	3	2	10	9	10	5	8	12	9	1	11	16	
2192_A/duck/Yunnan/47/200 10	6	8	9	9	9	3	9	6	13	0	0	7	1	1	15	2	9	4	0	0	3	5	1	0	11	7	0	4	1	5	2	13	11	24	16	8	5	7	10	16	8	13	9	8	1	6	5	7	10	9	8	4	2	11	9	9	5	10	9	9	1	10	17	
2193_A/duck/Yunnan/485/20 11	6	9	10	7	8	2	8	7	12	0	0	7	3	1	15	2	6	5	0	0	4	5	1	0	11	7	0	3	2	5	1	9	14	23	14	12	4	6	11	14	9	11	8	8	1	8	6	9	11	12	7	2	2	10	9	9	5	8	12	10	1	11	16	
2194_A/duck/Yunnan/4873/2 10	6	8	9	8	8	3	9	6	14	1	0	7	1	0	15	2	8	4	0	0	3	5	1	0	12	8	0	4	1	4	2	13	11	23	16	9	5	7	10	16	8	12	9	8	1	7	5	7	10	10	8	4	2	11	9	9	5	10	10	9	1	10	16	
2195_A/duck/Yunnan/5090/2 11	7	9	10	7	8	2	8	7	12	0	0	7	2	1	15	2	6	5	0	0	4	5	1	0	11	7	0	3	2	5	1	9	14	23	14	12	4	6	11	14	9	11	8	8	1	8	6	8	11	11	8	3	2	10	9	10	5	8	12	9	1	11	16	
2196_A/duck/Yunnan/5169/2 11	7	9	10	7	8	2	8	7	12	0	0	7	2	1	15	2	6	5	0	0	4	5	1	0	11	7	0	3	2	5	1	9	14	23	14	12	4	6	11	14	9	11	8	8	1	8	6	8	11	11	8	3	2	10	9	10	5	8	12	9	1	11	16	
2197_A/duck/Yunnan/522/20 11	7	9	10	7	8	2	8	7	12	0	0	6	2	1	15	2	6	5	0	0	4	5	1	0	11	7	0	4	2	5	1	9	14	23	15	12	4	6	10	14	9	11	8	8	1	8	6	8	11	11	8	3	2	10	9	10	5	8	12	9	1	11	16	
2198_A/duck/Yunnan/5310/2 11	8	9	8	7	7	2	10	7	13	0	0	8	0	1	15	2	6	4	0	0	4	6	1	0	12	7	0	3	1	5	1	11	13	25	14	10	5	7	9	14	9	12	10	8	1	6	6	7	12	10	7	4	1	10	9	10	5	9	13	9	1	10	15	
2199_A/duck/Yunnan/5948/2 11	7	9	10	7	8	2	8	7	12	0	0	7	2	1	15	2	6	5	0	0	4	5	1	0	11	7	0	3	2	5	1	9	14	23	14	12	4	6	11	14	9	11	8	8	1	8	6	8	11	11	8	3	2	10	9	10	5	8	12	9	1	11	16	
2200_A/duck/Yunnan/6080/2 11	6	9	10	7	8	2	8	7	12	0	0	7	3	1	15	2	6	5	0	0	4	5	1	0	11	7	0	3	2	5	1	9	14	23	14	12	4	6	11	14	9	11	8	8	1	8	6	8	11	11	8	3	2	10	9	10	5	8	12	9	1	11	16	
2201_A/duck/Yunnan/6603/2 11	6	9	10	7	8	2	8	7	12	0	0	7	3	1	15	2	6	5	0	0	4	5	1	0	11	7	0	3	2	5	1	9	14	23	14	12	4	6	11	14	9	11	8	8	1	8	6	8	11	12	7	3	2	10	9	10	5	8	12	9	1	11	16	
2202_A/duck/Zhejiang/1026 5	11	11	14	10	5	2	8	3	13	1	0	5	1	0	13	5	3	10	0	2	6	0	2	1	10	8	1	4	3	7	1	11	15	25	11	12	7	9	9	14	10	11	16	9	0	6	5	8	7	11	6	5	2	14	8	9	10	11	12	11	1	8	12	
2203_A/duck/Zhejiang/1220 11	7	9	8	7	8	2	10	5	12	0	0	9	2	1	14	2	6	5	0	0	2	6	0	1	12	6	0	2	3	5	2	14	14	22	16	6	4	8	8	18	8	12	6	10	3	6	10	6	11	9	9	5	1	11	6	7	5	11	13	9	0	9	16	
2204_A/duck/Zhejiang/213/ 10	9	9	8	8	7	2	10	5	11	0	0	7	3	1	15	2	5	5	0	0	3	6	0	1	13	6	0	4	1	6	2	14	13	21	15	9	5	9	8	17	7	11	7	7	1	8	9	4	12	10	8	5	0	10	7	13	5	10	12	6	1	10	17	
2205_A/duck/Zhejiang/224/ 10	9	9	8	8	8	2	10	5	10	0	0	7	4	1	15	2	5	5	0	0	2	6	0	1	13	6	0	4	1	6	2	15	13	19	16	8	5	10	8	17	7	11	7	7	2	7	10	4	12	10	7	5	0	10	8	13	5	10	11	6	1	10	17	
2206_A/duck/Zhejiang/2242 10	9	9	8	8	8	2	10	5	10	0	0	7	4	1	14	2	5	5	0	0	2	6	0	1	13	6	0	4	1	6	3	15	13	20	15	8	5	10	8	17	7	11	7	7	2	7	10	4	12	10	7	5	0	10	8	13	5	10	11	6	1	10	17	
2207_A/duck/Zhejiang/2243 10	9	9	8	8	8	2	10	5	10	0	0	7	4	1	15	2	5	5	0	0	2	6	0	1	13	6	0	5	1	5	2	15	13	19	15	8	5	11	8	17	7	11	7	7	2	7	10	4	12	10	7	5	0	10	8	13	5	10	11	6	1	10	17	
2208_A/duck/Zhejiang/2244 10	9	9	8	8	8	2	10	5	10	0	0	7	4	1	15	2	5	5	0	0	2	6	0	1	13	6	0	4	1	6	2	15	13	20	15	8	5	10	8	16	7	11	7	8	2	7	10	4	12	10	7	5	0	10	8	13	5	10	11	6	1	10	17	
2209_A/duck/Zhejiang/2245 10	9	7	9	8	7	9	10	5	12	0	0	6	2	1	16	2	7	5	0	0	3	2	1	2	10	8	0	4	3	7	2	15	12	25	16	9	8	11	8	16	6	9	9	8	3	9	4	8	9	9	9	5	3	11	9	10	5	10	9	7	2	10	19	
2210_A/duck/Zhejiang/2248 11	8	9	8	8	8	2	10	5	10	0	0	7	4	1	15	2	5	5	0	0	2	6	0	1	13	6	0	4	1	6	2	15	13	20	15	8	5	10	8	18	7	11	7	7	2	7	10	4	12	10	7	5	0	10	8	12	5	10	11	6	1	10	17	
2211_A/duck/Zhejiang/6D18 10	8	10	12	7	6	5	5	6	9	1	0	5	2	0	14	1	7	6	0	4	5	2	0	3	8	7	1	2	1	10	1	13	16	19	9	5	3	6	5	14	8	10	13	8	4	7	12	13	4	16	8	8	7	6	9	14	8	17	17	13	1	8	12	
2212_A/duck/Zhejiang/6D2/ 3	2	7	9	7	4	5	10	2	18	0	0	4	5	1	12	4	3	7	1	4	7	6	0	7	12	6	3	4	3	4	0	11	9	22	7	13	7	17	8	21	16	11	7	12	1	11	9	1	5	8	5	5	1	10	5	9	14	16	15	6	3	12	14	
2213_A/duck/Zhejiang/6DK1 6	8	13	10	8	6	1	12	4	12	1	0	5	3	0	13	6	6	5	0	2	4	4	0	3	10	6	3	2	1	9	0	15	11	23	7	10	8	12	12	17	11	13	13	8	2	5	8	9	7	18	8	6	2	8	6	7	10	11	15	9	1	8	7	
2214_A/duck/Zhejiang/7270 4	10	13	11	9	7	1	11	3	13	1	0	4	2	0	13	5	6	6	1	3	4	3	0	3	7	8	3	2	4	6	1	15	14	23	7	11	7	13	11	16	9	12	15	9	1	6	6	11	7	17	8	6	0	8	7	10	8	9	14	7	2	9	8	
2215_A/duck/Zhejiang/7271 6	0	2	8	4	5	11	11	2	19	0	0	5	3	1	12	2	3	6	1	4	4	4	0	9	16	8	3	5	2	3	0	9	8	20	5	13	8	17	7	19	16	12	9	10	1	9	9	0	5	9	4	6	1	10	4	9	16	16	15	8	2	8	16	
2216_A/duck/Zhejiang/7713 6	9	12	12	9	5	2	10	3	15	1	0	7	1	0	12	4	5	7	0	2	5	2	3	4	9	10	2	0	2	5	1	14	14	25	9	12	4	8	10	16	11	11	13	9	3	5	8	8	7	13	7	6	2	12	8	7	9	9	16	10	1	8	10	
2217_A/duck/Zhejiang/9250 10	8	11	12	7	6	4	5	7	9	1	0	3	2	0	14	1	7	6	0	4	5	2	0	3	8	8	2	3	1	9	1	13	16	19	8	5	4	6	6	13	9	10	12	9	3	8	12	13	4	16	8	8	6	6	9	14	8	17	15	13	1	7	14	
2218_A/duck/Zhejiang/9251 10	8	11	12	7	6	4	5	7	9	1	0	3	2	0	14	1	7	6	0	4	5	2	0	3	8	8	2	3	1	9	1	13	16	19	8	5	4	6	6	13	9	9	12	9	3	9	12	13	4	16	8	8	6	6	9	14	8	17	15	13	1	7	14	
2219_A/duck/Zhejiang/W24/ 10	7	10	12	7	7	5	5	6	9	1	0	5	2	0	14	1	7	6	0	4	5	2	0	3	8	7	2	2	1	10	1	13	15	19	10	6	3	6	4	14	8	10	12	8	4	8	12	14	4	16	8	7	7	6	9	14	8	17	17	13	1	7	12	
2220_A/egret/Zhejiang/W15 6	0	1	9	4	5	12	10	2	19	0	1	4	3	0	12	3	3	6	1	3	4	4	0	8	16	9	2	7	2	3	1	8	8	19	6	14	7	17	8	17	18	15	8	13	1	9	9	0	5	9	5	6	0	8	4	9	17	15	13	6	2	8	16	
2221_A/egret/Zhejiang/W18 6	0	2	7	4	5	11	12	2	19	0	0	4	3	1	12	3	3	6	1	2	4	4	0	9	15	9	2	7	3	3	1	6	6	19	5	16	7	16	9	17	17	11	9	13	1	10	8	0	7	9	5	6	1	9	5	8	16	18	12	7	3	8	16	
2222_A/equine/China/61/20 11	8	9	8	7	7	2	10	7	13	0	0	6	1	1	15	2	6	5	0	0	4	5	1	1	12	6	0	3	1	6	1	12	13	22	16	9	5	9	8	16	8	12	10	8	1	6	6	6	12	10	7	4	1	10	9	11	5	9	14	8	1	10	14	
2223_A/equine/China/67/20 11	8	9	8	7	7	2	10	7	13	0	0	6	1	1	15	2	6	5	0	0	4	5	1	1	12	6	0	3	1	6	1	12	13	22	16	9	5	9	8	16	8	12	10	8	1	6	6	6	12	10	7	4	1	10	9	11	5	9	14	8	1	10	14	
2224_A/equine/China/68/20 11	8	9	8	7	7	2	10	7	13	0	0	6	1	1	15	2	6	5	0	0	4	5	1	1	12	6	0	3	1	6	1	12	13	22	16	9	5	9	8	16	8	12	10	8	1	6	6	6	12	10	7	4	1	10	9	11	5	9	14	8	1	10	14	
2225_A/eurasian_coot/Shan 10	7	8	11	7	7	5	6	6	8	1	0	5	4	0	14	1	5	8	0	4	6	2	0	4	9	6	2	2	1	11	2	13	14	16	9	7	5	9	5	15	7	11	11	11	2	6	12	9	4	14	9	10	5	9	7	11	9	18	18	12	3	6	12	
2226_A/eurasian_coot/Shan 10	7	8	11	7	7	5	6	6	8	1	0	5	4	0	14	1	5	8	0	4	6	2	0	4	9	6	2	2	1	11	2	13	14	16	9	7	5	9	5	15	7	11	11	11	2	6	12	9	4	14	9	10	5	9	7	11	9	18	18	12	3	6	12	
2227_A/eurasian_coot/Shan 10	7	8	11	7	7	5	6	6	8	1	0	5	4	0	14	1	5	8	0	4	6	2	0	4	9	6	2	2	1	11	2	13	14	16	9	7	5	9	5	15	7	11	11	11	2	6	12	9	4	14	9	10	5	9	7	11	9	18	18	12	3	6	12	
2228_A/eurasian_coot/Shan 10	7	8	11	7	7	5	6	6	8	1	0	5	4	0	14	1	5	8	0	4	6	2	0	4	9	6	2	2	1	11	2	13	14	16	9	7	5	9	5	15	7	11	11	11	2	6	12	9	4	14	9	10	5	9	7	11	9	18	18	12	3	6	12	
2229_A/feline/Guangdong/2 6	0	3	7	4	5	10	12	4	19	0	0	4	3	1	12	3	2	6	1	3	5	4	0	7	16	8	3	6	2	3	0	8	7	20	6	13	7	17	8	19	18	12	10	10	2	9	8	0	5	10	4	6	1	9	4	4	19	17	13	9	2	8	16	
2230_A/gadwall/Ningxia/YG 5	0	7	11	6	4	5	8	4	18	0	0	4	5	1	12	1	4	4	0	5	5	7	1	8	13	5	1	4	3	6	1	11	12	19	4	9	4	18	13	21	15	10	11	11	1	10	10	2	6	14	4	7	3	5	5	10	13	14	13	7	4	12	15	
2231_A/goose/Changhua/150 5	10	13	11	9	4	1	11	2	15	1	0	5	2	0	13	5	6	7	0	2	5	2	2	6	9	7	2	1	1	8	0	16	10	21	11	10	7	13	9	16	12	12	13	7	2	5	8	10	4	14	9	6	4	12	4	8	10	7	13	9	1	12	10	
2232_A/goose/Chiayi/15010 5	10	13	11	9	4	1	11	2	15	1	0	5	2	0	13	5	6	7	0	3	5	2	2	5	9	7	2	1	1	8	0	16	9	21	11	10	8	13	9	15	13	12	13	7	2	5	8	10	4	14	9	6	3	12	4	10	10	7	13	8	1	12	10	
2233_A/goose/Chiayi/15010 5	10	13	11	9	4	1	11	2	15	1	0	5	2	0	13	6	6	7	0	3	5	2	2	4	9	7	2	1	1	8	0	16	9	21	11	10	8	13	9	15	13	12	13	7	2	5	8	10	4	14	9	6	3	12	4	10	10	7	13	8	1	12	10	
2234_A/goose/Chiayi/15020 10	8	9	12	7	6	5	5	6	9	1	0	4	3	0	14	1	6	6	0	4	5	3	0	3	9	7	3	2	1	9	1	14	18	17	8	5	4	9	6	12	8	10	17	8	2	8	7	13	2	14	9	7	6	8	7	13	10	16	15	15	1	7	16	
2235_A/goose/Chiayi/16010 5	10	13	10	9	4	1	12	2	15	1	0	5	2	0	13	6	7	7	0	3	4	2	2	4	9	8	2	1	1	7	0	16	9	20	11	10	8	14	9	15	13	13	12	7	1	5	8	10	4	14	10	6	3	12	4	10	10	7	13	8	1	12	10	
2236_A/goose/Chiayi/16040 5	10	13	10	9	3	1	12	2	16	1	0	5	2	0	13	6	7	6	0	3	4	4	1	4	9	8	2	1	1	7	0	16	9	21	11	9	8	14	9	15	13	12	12	7	2	6	7	10	4	14	10	6	3	12	4	11	10	7	13	7	1	12	10	
2237_A/goose/Chiayi/16040 5	10	13	10	9	3	1	12	2	16	1	0	5	2	0	13	6	7	6	0	3	4	4	1	4	9	8	2	1	1	7	0	16	9	21	11	9	8	14	9	15	13	12	12	7	2	6	7	10	4	14	10	6	3	12	4	11	10	7	13	7	1	12	10	
2238_A/goose/Chiayi/17020 5	10	13	11	9	4	1	11	1	14	1	0	6	3	0	13	5	6	7	0	3	5	2	2	5	10	7	2	2	0	7	1	14	9	22	11	10	8	13	10	16	13	11	15	6	2	5	5	12	5	14	8	6	2	11	4	11	10	6	14	8	1	13	9	
2239_A/goose/Chiayi/17040 6	9	13	11	9	5	2	10	2	15	1	0	5	0	0	13	5	6	7	0	3	4	2	2	4	9	7	3	1	2	8	0	16	9	20	10	10	9	15	9	15	13	11	13	7	2	6	7	9	4	14	10	7	3	12	4	9	10	5	12	10	1	13	11	
2240_A/goose/Chiayi/18010 5	10	13	11	9	4	1	11	1	15	1	0	5	3	0	13	5	6	6	0	3	5	3	2	5	10	7	2	2	0	8	0	15	9	22	11	11	9	12	10	14	13	11	15	6	2	5	7	10	5	14	8	6	2	10	4	12	9	7	13	8	1	13	10	
2241_A/goose/Chiayi/18020 5	10	13	11	9	4	1	11	1	15	1	0	7	2	0	13	5	6	6	0	3	5	3	2	5	10	8	2	1	0	7	0	17	9	22	11	10	9	12	10	13	13	11	15	6	2	5	7	9	5	14	8	6	3	10	4	12	9	7	13	8	1	13	10	
2242_A/goose/Chiayi/18020 5	10	13	11	9	4	1	11	1	15	1	0	7	2	0	13	5	6	6	0	3	5	3	2	5	10	8	2	1	0	7	0	17	9	22	11	10	9	12	10	13	13	11	15	6	2	5	7	9	5	14	8	6	3	10	4	12	9	7	13	8	1	13	10	
2243_A/goose/China/0701/2 6	0	2	8	4	5	11	11	3	19	0	0	3	3	1	12	3	3	6	1	3	5	5	0	8	15	7	2	7	2	4	1	8	7	21	6	14	7	14	7	18	16	13	8	11	2	10	9	0	6	9	4	6	1	9	6	9	18	18	14	7	2	7	13	
2244_A/goose/China/1/2021 10	7	9	11	7	7	5	6	6	8	1	0	5	4	0	14	1	5	7	0	4	6	2	0	4	9	6	2	2	1	11	2	12	14	16	9	7	5	9	5	15	8	11	10	11	2	6	13	10	4	14	9	11	5	9	7	10	8	18	19	12	3	6	11	
2245_A/goose/China/1106/2 6	11	11	15	9	5	2	7	4	13	1	0	4	2	0	13	5	3	10	0	2	6	0	2	1	9	8	1	4	3	7	1	12	14	24	11	11	7	9	9	14	10	11	18	10	2	6	5	8	7	11	6	4	2	14	8	12	8	10	12	10	1	8	11	
2246_A/goose/China/E43/20 10	9	9	8	8	8	2	10	5	10	0	0	6	4	1	15	2	5	5	0	0	2	5	0	1	13	6	0	4	1	6	2	15	13	20	15	9	4	11	8	16	8	9	8	8	2	8	9	4	12	10	7	5	0	10	8	12	6	9	10	6	1	12	18	
2247_A/goose/China/M14/20 6	0	2	8	4	6	11	11	2	19	0	0	5	2	1	12	2	4	6	1	4	4	4	0	9	15	7	3	6	2	4	0	9	7	19	7	13	8	17	5	21	16	11	10	10	1	10	8	0	5	11	4	6	1	8	5	8	17	16	14	8	1	8	16	
2248_A/goose/Eastern_Chin 6	9	12	11	9	5	2	11	3	16	1	0	6	1	0	13	4	5	9	1	3	5	0	1	4	9	9	1	1	2	6	1	13	15	24	8	10	3	10	13	16	12	11	13	9	2	6	8	8	7	13	7	8	2	10	9	7	8	9	15	10	1	8	9	
2249_A/goose/Eastern_Chin 10	6	7	10	8	9	4	8	6	13	1	0	6	1	0	15	2	8	4	0	0	3	5	1	1	12	7	0	4	1	4	2	12	10	22	18	10	6	7	9	15	9	13	10	8	0	6	5	7	10	10	10	4	2	11	8	8	5	10	11	10	2	10	14	
2250_A/goose/Eastern_Chin 10	8	10	12	7	6	5	5	6	9	1	0	5	2	0	14	1	7	6	0	4	5	2	0	3	8	8	1	2	1	9	1	13	16	19	9	5	4	6	5	13	8	10	13	9	4	8	12	13	4	16	8	8	6	6	9	13	8	17	17	14	1	7	12	
2251_A/goose/Eastern_Chin 10	9	10	12	7	7	5	5	7	8	1	0	4	2	0	15	1	7	4	0	4	5	4	0	2	8	8	2	3	1	9	1	13	16	21	9	6	4	5	5	11	9	10	12	8	3	7	12	15	3	15	8	6	6	7	8	15	8	18	19	14	1	6	10	
2252_A/goose/Eastern_Chin 10	9	10	12	7	6	5	5	6	9	0	0	5	2	1	14	1	7	5	0	4	5	3	0	2	8	8	2	3	1	9	1	12	16	21	9	6	4	5	5	12	9	10	14	8	3	7	10	15	3	18	8	7	5	4	8	15	9	17	21	13	1	7	9	
2253_A/goose/Eastern_Chin 9	8	11	12	7	7	5	6	6	9	1	0	5	2	0	13	1	7	6	0	4	5	2	0	3	8	8	1	2	1	9	1	15	16	20	8	5	4	6	6	13	8	11	13	9	4	7	12	11	4	15	8	8	5	6	9	14	8	16	17	13	1	8	12	
2254_A/goose/Eastern_Chin 6	0	2	8	4	5	11	11	2	19	0	0	5	3	1	12	3	3	6	1	3	4	4	0	9	15	8	3	6	3	3	0	8	8	19	6	13	8	17	7	20	17	12	9	11	1	9	9	1	5	10	4	6	1	9	4	7	17	17	14	7	2	8	15	
2255_A/goose/Fujian/10.11 6	0	1	8	4	5	12	11	2	19	0	0	4	3	1	12	3	3	6	1	3	4	4	0	8	16	9	3	7	2	3	0	6	8	20	6	14	7	16	7	20	17	11	11	11	1	10	7	0	5	9	5	7	1	10	5	9	17	14	13	6	2	10	15	
2256_A/goose/Fujian/10.26 6	0	1	9	4	5	12	10	1	19	0	0	6	3	1	12	3	3	6	0	3	4	4	1	8	17	9	2	6	1	3	1	8	10	20	6	14	6	17	7	18	16	13	9	12	1	10	8	0	5	9	6	6	0	8	4	9	17	17	12	6	2	8	16	
2257_A/goose/Fujian/10.26 6	0	1	9	4	5	12	10	1	19	0	0	6	3	1	12	3	3	6	0	3	4	4	1	8	17	9	2	6	1	3	1	8	10	20	6	14	6	17	7	18	16	13	9	12	1	10	8	0	5	9	6	6	0	8	4	9	17	17	12	6	2	8	16	
2258_A/goose/Fujian/10.26 6	0	1	9	4	5	12	10	1	19	0	0	6	3	1	12	3	3	6	0	3	4	4	1	8	17	9	2	6	1	3	1	8	10	20	6	14	6	17	7	18	16	13	9	12	1	10	8	0	5	9	6	6	0	8	4	9	17	17	12	6	2	8	16	
2259_A/goose/Fujian/10.26 6	0	1	9	4	5	12	10	1	19	0	0	6	3	1	12	3	3	6	0	3	4	4	1	8	17	9	2	6	1	3	1	8	10	20	6	14	6	17	7	18	16	13	9	12	1	10	8	0	5	9	6	6	0	8	4	9	17	17	12	6	2	8	16	
2260_A/goose/Fujian/10.26 6	0	1	9	4	5	12	10	1	19	0	0	6	3	1	12	3	3	6	0	3	4	4	1	8	17	9	2	6	1	3	1	8	10	20	6	14	6	17	7	18	16	13	9	12	1	10	8	0	5	9	6	6	0	8	4	9	17	17	12	6	2	8	16	
2261_A/goose/Fujian/10.26 6	0	1	9	4	5	12	10	1	19	0	0	6	3	1	12	3	3	6	0	3	4	4	1	8	17	9	2	6	1	3	1	8	10	20	6	14	6	17	7	18	16	13	9	12	1	10	8	0	5	9	6	6	0	8	4	9	17	17	12	6	2	8	16	
2262_A/goose/Fujian/10.26 6	0	1	9	4	5	12	10	1	19	0	0	6	3	1	12	3	3	6	0	3	4	4	1	8	17	9	2	6	1	3	1	8	10	20	6	14	6	17	7	18	16	13	9	12	1	10	8	0	5	9	6	6	0	8	4	9	17	17	12	6	2	8	16	
2263_A/goose/Fujian/10.26 6	0	1	9	4	5	12	10	1	19	0	0	6	3	1	12	3	3	6	0	3	4	4	1	8	17	9	2	6	1	3	1	8	10	20	6	14	6	17	7	18	16	13	9	12	1	10	8	0	5	9	6	6	0	8	4	9	17	17	12	6	2	8	16	
2264_A/goose/Fujian/10.26 6	0	1	9	4	5	12	10	1	19	0	0	6	3	1	12	3	3	6	0	3	4	4	1	8	17	9	2	6	1	3	1	8	10	20	6	14	6	17	7	18	16	13	9	12	1	10	8	0	5	9	6	6	0	8	4	9	17	17	12	6	2	8	16	
2265_A/goose/Fujian/11.3_ 6	0	1	8	4	5	12	11	2	19	0	0	4	3	1	12	3	3	6	1	3	4	4	0	8	16	9	3	7	2	3	0	6	8	20	6	14	7	16	7	20	17	11	11	11	1	10	7	0	5	9	5	7	1	10	5	9	17	14	13	6	2	10	15	
2266_A/goose/Fujian/3.15_ 6	0	4	8	4	5	9	11	3	19	0	0	3	3	1	12	3	3	6	1	3	5	5	0	8	15	6	3	7	2	4	1	7	8	21	4	15	6	14	9	19	17	14	8	11	2	9	8	0	5	9	4	6	1	9	6	9	17	18	15	7	2	7	13	
2267_A/goose/Fujian/3.15_ 6	0	4	8	4	5	9	11	3	19	0	0	3	3	1	12	3	3	6	1	3	5	5	0	8	15	6	3	7	2	4	1	7	8	21	4	15	6	14	9	19	17	14	8	11	2	9	8	0	5	9	4	6	1	9	6	9	17	18	15	7	2	7	13	
2268_A/goose/Fujian/3.15_ 6	0	1	9	5	5	12	9	2	18	0	0	4	4	1	12	3	3	6	1	3	5	4	0	8	15	9	2	7	2	3	1	7	9	20	7	15	7	17	6	19	17	12	8	11	1	11	9	1	5	9	5	6	0	9	4	8	16	16	14	5	3	9	14	
2269_A/goose/Fujian/3.15_ 6	0	2	8	4	5	11	11	3	19	0	0	3	3	1	12	3	3	6	1	3	5	5	0	8	15	7	2	7	2	4	1	8	7	21	6	15	6	14	7	18	17	13	7	11	2	10	9	0	6	9	5	6	1	9	5	9	17	18	15	7	2	7	13	
2270_A/goose/Fujian/3.15_ 6	0	1	9	4	5	12	10	2	18	0	0	4	4	1	12	3	3	6	1	3	5	4	0	8	15	9	2	7	2	3	0	6	10	20	7	15	5	17	6	20	18	12	9	11	1	10	10	0	6	9	5	6	0	9	4	8	14	17	14	6	4	8	14	
2271_A/goose/GuangDong/11 10	9	10	8	7	7	5	11	3	13	0	0	7	1	1	16	3	6	4	1	0	5	4	1	0	7	7	0	7	4	7	1	12	14	24	13	9	8	11	11	17	7	7	11	9	3	10	4	9	10	10	9	5	2	12	6	10	3	9	10	6	3	13	18	
2272_A/goose/Guangdong/7. 6	0	2	8	4	5	11	11	3	19	0	0	3	3	1	12	3	3	6	1	3	5	5	0	8	15	7	2	7	2	4	1	8	7	21	6	15	6	14	7	18	17	13	8	11	2	9	9	0	6	9	4	6	1	9	5	9	17	18	16	7	2	7	13	
2273_A/goose/Guangdong/72 11	6	9	9	7	8	2	9	5	12	0	0	8	2	1	15	2	7	5	0	0	4	6	1	1	11	7	0	3	2	5	1	9	14	22	15	12	4	6	10	15	9	12	9	8	1	7	5	8	10	11	10	3	3	10	8	9	5	9	11	9	1	10	16	
2274_A/goose/Guangdong/QY 6	0	2	8	4	5	10	11	2	19	0	0	4	3	1	12	3	2	6	1	3	5	5	0	8	16	8	2	7	2	4	1	7	9	19	7	15	6	16	7	19	17	11	9	11	2	10	8	0	5	9	5	6	1	9	5	8	17	17	13	7	2	8	15	
2275_A/goose/Guangdong/k0 10	3	8	9	5	10	4	10	4	15	0	0	5	0	1	12	6	3	6	0	3	6	2	1	3	10	9	1	3	2	1	2	15	8	17	12	5	8	10	6	16	16	19	9	11	1	9	5	11	4	11	11	8	7	10	2	12	8	15	17	10	1	12	13	
2276_A/goose/Guangdong/s1 10	9	10	12	7	8	5	5	7	8	1	0	4	2	0	15	1	6	6	0	4	6	3	0	2	8	8	2	3	1	9	2	13	16	20	9	8	4	5	5	12	8	11	12	8	3	7	10	15	3	16	8	5	5	6	8	14	9	18	19	14	0	6	10	
2277_A/goose/Hebei/HG12/2 10	7	8	11	7	7	5	6	6	8	1	0	6	3	0	14	1	5	8	0	4	6	2	0	4	9	6	2	2	1	11	2	13	14	16	9	7	5	9	5	15	7	11	11	11	2	6	12	9	4	14	9	10	5	9	7	11	9	18	18	12	3	6	12	
2278_A/goose/Henan/01.01_ 6	0	1	9	4	5	12	10	2	19	0	0	4	3	1	12	3	3	6	1	3	4	4	0	8	16	9	2	7	2	3	1	8	8	19	6	14	7	15	9	17	19	13	8	13	1	8	10	0	5	9	5	6	0	9	4	9	16	17	13	6	2	8	16	
2279_A/goose/Hong_Kong/23 8	4	6	11	10	6	7	8	3	12	1	0	2	2	0	12	4	9	8	0	1	7	2	0	6	10	5	1	4	0	4	0	11	11	21	10	7	7	18	4	25	22	13	10	6	0	10	10	7	4	12	6	8	6	15	4	6	5	10	15	11	1	9	13	
2280_A/goose/Hubei/65/200 11	8	9	8	7	7	2	10	7	13	0	0	7	1	1	15	2	6	4	0	0	4	6	1	0	12	7	0	3	1	5	1	10	13	24	15	9	5	8	8	15	9	12	10	8	1	6	6	9	12	10	7	4	1	10	9	9	5	9	13	9	1	10	15	
2281_A/goose/Inner_Mongol 9	9	7	10	9	7	9	9	2	13	0	0	8	1	1	16	2	7	7	0	0	4	1	1	3	7	9	0	4	5	5	1	16	11	26	15	11	6	10	9	15	8	10	11	9	3	8	3	8	9	8	9	3	3	12	8	10	4	9	9	7	3	12	19	
2282_A/goose/Jiangsu/QD5/ 10	8	10	12	7	6	5	5	6	9	1	0	5	2	0	14	1	7	6	0	3	5	2	0	4	8	8	1	2	1	9	1	13	16	19	9	5	4	6	5	13	8	10	13	9	4	8	12	13	4	16	8	8	6	6	9	14	8	17	17	13	1	7	12	
2283_A/goose/Jiangsu/k040 9	9	9	8	8	7	2	10	5	12	0	0	6	2	1	15	3	6	5	0	0	1	6	0	2	13	6	0	3	2	6	2	13	14	23	14	7	4	8	9	17	9	12	6	10	1	7	10	6	10	8	10	5	1	12	6	10	5	10	11	7	1	9	17	
2284_A/goose/Pingtung/150 5	10	13	11	9	4	1	11	2	15	1	0	5	2	0	13	6	6	7	0	3	5	2	2	4	9	7	2	1	1	8	0	16	9	21	11	10	8	13	9	15	13	12	13	7	2	5	8	10	4	14	9	6	3	12	4	10	10	7	13	8	1	12	10	
2285_A/goose/Pingtung/150 5	10	13	11	9	4	1	11	2	15	1	0	5	2	0	13	6	6	7	0	3	5	2	2	4	9	7	2	1	1	8	0	16	9	21	11	10	8	13	9	15	13	12	13	7	2	5	8	10	4	14	9	6	3	12	4	10	10	7	13	8	1	12	10	
2286_A/goose/Pingtung/150 10	8	9	12	7	6	5	5	6	9	1	0	5	3	0	13	1	6	6	0	4	5	3	0	3	9	7	3	2	1	9	1	14	18	17	8	5	4	9	6	12	8	10	17	8	2	8	7	13	2	14	7	7	6	8	8	13	10	16	16	15	1	7	16	
2287_A/goose/Pingtung/160 11	8	9	11	6	6	5	6	6	9	1	0	5	3	0	13	1	6	5	1	4	5	3	0	3	9	7	3	2	1	9	1	14	18	17	8	5	4	9	6	12	8	10	17	8	2	8	7	13	2	14	7	7	6	8	8	13	10	16	16	15	1	7	16	
2288_A/goose/Shantou/1763 6	0	2	8	4	5	11	11	2	19	0	0	5	3	1	12	3	3	6	1	3	4	4	0	8	16	8	3	6	2	3	0	10	8	20	5	12	8	17	7	19	17	11	10	11	1	12	6	0	5	10	4	6	1	9	4	8	16	17	14	8	2	8	15	
2289_A/goose/Tainan/16040 11	8	8	11	6	6	6	6	6	9	1	0	5	3	0	13	1	6	6	0	4	5	3	0	3	9	7	3	2	1	9	1	14	18	16	9	5	4	9	6	12	8	10	16	8	2	8	7	13	2	14	7	7	6	8	8	12	10	16	17	16	1	7	16	
2290_A/goose/Tainan/16070 11	8	8	11	6	6	6	6	7	9	1	0	4	3	0	13	1	6	6	0	4	5	3	0	3	9	7	3	2	1	9	1	14	18	16	10	5	4	9	5	12	8	10	16	8	2	8	7	13	2	14	7	7	6	8	8	12	10	16	17	16	1	7	16	
2291_A/goose/Tainan/17030 6	10	13	10	8	4	1	12	1	14	1	0	6	3	0	13	5	6	7	0	3	5	2	2	5	10	7	2	1	0	8	0	15	9	22	11	11	8	12	10	15	14	11	16	6	2	5	6	10	5	14	8	6	2	11	4	11	9	8	14	8	1	12	9	
2292_A/goose/Tainan/17030 6	10	13	10	9	4	1	11	1	14	1	0	6	3	0	13	5	6	7	0	4	4	2	2	5	10	7	2	1	0	8	0	17	9	23	11	10	7	12	10	15	13	11	15	7	2	5	7	9	5	14	9	7	2	10	4	11	10	7	13	7	1	13	9	
2293_A/goose/Tainan/18010 5	10	13	11	8	4	1	11	1	15	1	0	5	3	0	13	5	5	7	0	4	6	2	2	5	8	7	2	2	2	7	0	15	9	22	12	11	8	13	9	14	13	12	14	6	2	6	7	10	5	13	8	6	2	11	4	12	9	7	13	8	1	13	10	
2294_A/goose/Tainan/18050 5	10	13	11	8	4	1	11	1	14	1	0	5	3	0	13	5	6	7	0	4	5	2	2	5	10	9	2	2	0	6	0	16	8	24	10	10	8	12	10	15	13	11	14	6	3	5	8	10	5	16	8	6	2	8	4	11	9	7	14	9	1	13	9	
2295_A/goose/Taiwan/01019 10	8	8	12	7	6	6	5	6	9	1	0	4	3	0	14	1	6	6	0	4	5	3	0	3	9	7	3	2	1	9	1	14	18	17	8	5	4	9	6	12	8	10	17	8	2	8	7	14	1	14	8	7	6	8	7	13	10	16	16	15	1	7	16	
2296_A/goose/Taiwan/01022 5	10	13	11	9	4	1	11	2	15	1	0	5	2	0	13	5	6	7	0	3	5	2	2	5	9	7	2	1	1	8	0	16	9	21	11	10	8	13	9	15	13	12	13	7	2	5	8	10	4	14	9	6	3	12	4	10	10	7	13	8	1	12	10	
2297_A/goose/Taiwan/01023 5	10	13	11	9	4	1	11	2	15	1	0	5	2	0	13	6	6	7	0	3	5	2	2	4	9	7	2	1	1	8	0	16	9	21	11	10	8	13	9	16	13	12	13	6	2	5	8	10	4	14	9	6	3	12	4	10	10	7	13	8	1	12	10	
2298_A/goose/Taiwan/01031 5	10	13	11	9	4	1	11	2	15	1	0	5	2	0	13	6	6	7	0	3	5	2	2	4	9	7	2	1	1	8	0	16	9	20	11	10	8	15	9	15	13	11	13	7	2	5	8	11	4	13	9	6	3	12	4	10	10	7	13	8	1	12	10	
2299_A/goose/Taiwan/01038 6	5	7	10	12	5	5	9	2	11	1	0	1	4	0	12	3	6	6	0	1	9	6	0	6	9	6	3	6	1	3	3	10	11	23	9	9	7	14	5	21	20	14	3	7	2	11	9	8	5	14	9	5	6	14	5	13	3	12	13	7	3	8	12	
2300_A/goose/Taiwan/01039 10	8	9	12	6	6	5	5	6	9	1	0	4	3	0	14	1	6	6	0	4	5	3	0	3	8	7	3	2	2	9	1	14	18	17	8	5	4	9	6	12	8	10	17	8	2	8	7	12	2	14	8	8	7	8	7	13	10	16	17	15	1	7	15	
2301_A/goose/Taiwan/01040 5	9	13	11	9	4	1	11	2	15	1	0	5	2	0	13	5	7	7	0	3	5	2	2	5	9	7	2	1	1	8	0	16	9	21	10	10	8	13	10	15	13	12	14	7	2	5	7	10	4	14	9	6	3	11	4	10	10	8	13	8	1	12	10	
2302_A/goose/Taiwan/TNC1/ 10	8	9	12	7	6	5	5	6	9	1	0	4	3	0	14	1	6	6	0	4	5	3	0	3	9	7	3	2	1	9	1	15	18	17	8	5	4	9	6	12	8	10	17	8	1	8	8	12	2	14	8	7	6	8	7	13	10	16	16	15	1	7	16	
2303_A/goose/Taiwan/TNC10 10	8	9	12	7	6	5	5	6	9	1	0	4	3	0	14	1	6	6	0	4	5	3	0	3	9	7	3	2	1	9	1	15	18	17	8	5	4	9	6	12	8	10	17	8	1	8	8	12	2	14	8	7	6	8	7	13	10	16	16	15	1	7	16	
2304_A/goose/Taiwan/TNC11 10	8	9	12	7	6	5	5	6	9	1	0	4	3	0	14	1	6	6	0	4	5	3	0	3	9	7	3	2	1	9	1	14	18	17	8	5	4	9	6	12	8	10	17	8	2	8	7	13	2	14	8	7	6	8	7	13	10	16	16	15	1	7	16	
2305_A/goose/Taiwan/TNC12 10	8	9	12	7	6	5	5	6	9	1	0	4	3	0	14	1	6	6	0	4	5	3	0	3	9	7	3	2	1	9	1	15	18	17	8	5	4	9	6	12	8	10	17	8	1	8	8	12	2	14	8	7	6	8	7	13	10	16	16	15	1	7	16	
2306_A/goose/Taiwan/TNC14 10	8	9	12	7	6	5	5	6	9	1	0	4	3	0	14	1	5	6	0	4	6	3	0	3	9	7	3	2	1	9	1	15	18	17	8	5	4	9	6	12	8	10	17	8	1	8	8	12	2	14	8	7	6	8	7	13	10	16	16	15	1	7	16	
2307_A/goose/Taiwan/TNC3/ 10	8	9	12	7	6	5	5	6	9	1	0	4	3	0	14	1	6	6	0	4	5	3	0	3	9	7	3	2	1	9	1	14	18	17	8	5	4	9	6	12	8	10	17	8	1	8	8	13	2	14	8	7	6	8	7	13	10	16	16	15	1	7	16	
2308_A/goose/Taiwan/TNC7/ 10	8	9	12	7	6	5	5	6	9	1	0	4	3	0	14	1	6	6	0	4	5	3	0	3	9	7	3	2	1	9	1	15	18	17	8	5	4	9	6	12	8	10	17	8	1	8	8	12	2	14	8	7	6	8	7	13	10	16	16	15	1	7	16	
2309_A/goose/Taiwan/TNC9/ 10	8	9	12	7	6	5	5	6	9	1	0	4	3	0	14	1	6	6	0	4	5	3	0	3	9	7	3	2	1	9	1	14	18	17	8	5	4	9	6	12	8	10	17	8	1	8	8	13	2	14	8	7	6	8	7	13	10	16	16	15	1	7	16	
2310_A/goose/Taiwan/TNO15 10	8	9	12	7	6	5	5	6	9	1	0	4	3	0	14	1	6	6	0	4	5	3	0	3	9	7	3	2	1	9	1	14	18	17	8	5	4	9	6	12	8	10	17	8	2	8	7	13	2	14	8	7	6	8	7	13	10	16	16	15	1	7	16	
2311_A/goose/Taiwan/TNO3/ 10	8	9	12	7	6	5	5	7	9	1	0	3	3	0	14	1	6	6	0	4	5	3	0	3	9	7	3	2	1	9	1	14	18	17	8	5	4	9	6	12	8	10	17	8	2	8	7	13	2	14	8	7	6	8	7	13	10	16	16	15	1	7	16	
2312_A/goose/Taiwan/TNO9/ 10	8	9	12	7	6	5	5	6	9	1	0	4	3	0	14	1	6	6	0	4	5	3	0	3	9	7	3	2	1	9	1	14	18	17	8	5	4	9	6	12	8	10	17	8	2	8	7	13	2	14	8	7	6	8	7	13	10	16	16	15	1	7	16	
2313_A/goose/Taoyuan/1501 10	8	9	12	7	6	5	5	6	9	1	0	4	3	0	14	1	6	6	0	4	5	3	0	3	9	7	3	2	1	9	1	14	18	17	8	5	4	9	6	12	8	10	17	8	2	8	7	13	2	14	9	7	6	8	7	13	10	16	15	15	1	7	16	
2314_A/goose/Taoyuan/1812 5	10	13	11	9	4	1	11	1	15	1	0	5	3	0	13	5	6	7	0	3	5	3	1	5	10	7	2	2	0	8	0	16	10	22	11	10	8	13	9	15	14	11	14	6	0	5	8	10	5	15	8	5	2	10	4	11	9	7	14	9	1	13	9	
2315_A/goose/Xinjiang/12. 6	1	1	9	4	5	12	10	2	20	0	0	5	1	1	12	2	3	6	1	3	4	4	0	8	16	8	3	7	2	3	0	9	8	19	6	14	6	18	7	19	17	10	10	10	1	11	10	2	5	9	3	4	2	9	5	9	17	17	14	7	2	7	14	
2316_A/goose/Xinjiang/12. 6	1	1	9	4	5	12	10	2	20	0	0	5	1	1	12	2	3	6	1	3	4	4	0	8	16	8	3	7	2	3	0	9	8	19	6	14	6	18	7	19	17	10	10	10	1	11	11	2	5	9	3	4	2	9	5	9	17	17	14	7	2	7	13	
2317_A/goose/Xinjiang/12. 10	8	9	12	7	6	5	5	7	9	1	0	4	2	0	14	1	6	6	0	4	5	3	0	3	9	7	3	3	1	9	1	13	15	18	9	5	4	7	5	15	8	11	10	9	3	7	13	11	5	17	8	10	5	7	8	13	8	18	17	13	2	5	12	
2318_A/goose/Xinjiang/12. 10	8	9	12	7	6	5	5	7	9	1	0	4	2	0	14	1	6	6	0	4	5	3	0	3	9	7	3	3	1	9	1	13	15	18	9	5	4	7	5	15	8	11	10	9	3	7	13	11	5	17	8	10	5	7	8	13	8	18	17	13	2	5	12	
2319_A/goose/Xinjiang/12. 10	8	9	12	7	6	5	5	7	9	1	0	4	2	0	14	1	6	6	0	4	5	3	0	3	9	7	3	3	1	9	1	13	15	18	9	5	4	7	5	15	8	11	10	9	3	7	13	11	5	17	8	10	5	6	9	13	8	18	17	13	2	5	12	
2320_A/goose/Xinjiang/12. 10	8	9	12	7	6	5	5	7	9	1	0	4	2	0	14	1	6	6	0	4	5	3	0	3	9	7	3	3	1	9	1	13	15	18	9	5	4	7	5	15	8	11	10	9	3	7	13	11	5	17	8	10	5	7	8	13	8	18	17	13	2	5	12	
2321_A/goose/Yangzhou/042 9	8	11	12	7	5	5	5	6	10	1	0	5	2	0	14	1	7	6	0	4	5	2	0	3	8	7	1	2	1	10	1	13	16	19	9	5	4	6	5	14	8	10	14	10	4	8	11	13	4	16	8	8	6	6	9	13	8	17	17	12	1	7	12	
2322_A/goose/Yangzhou/YZ5 6	0	1	8	4	5	12	11	2	19	0	0	5	3	1	12	2	3	6	1	4	4	4	0	8	16	8	4	6	2	3	0	10	7	23	4	14	8	16	7	19	16	11	7	11	1	9	11	2	5	8	5	4	2	9	4	7	15	16	13	8	3	9	16	
2323_A/goose/Yunlin/15010 5	10	13	11	9	4	1	11	2	15	1	0	5	2	0	13	5	6	7	0	3	5	2	2	5	9	7	2	1	1	8	0	16	9	21	11	10	8	13	9	15	13	12	14	7	2	5	7	10	4	14	9	6	3	11	4	10	10	8	13	8	1	12	10	
2324_A/goose/Yunlin/15010 5	10	13	11	9	4	1	11	2	15	1	0	5	2	0	13	5	6	7	0	3	5	2	2	5	9	7	2	1	1	8	0	16	9	21	11	10	8	13	9	15	13	12	14	7	2	5	7	10	4	14	9	6	3	11	4	10	10	8	13	8	1	12	10	
2325_A/goose/Yunlin/15010 5	10	13	11	9	4	1	11	2	15	1	0	5	2	0	13	5	6	7	0	3	5	2	2	5	9	7	2	1	1	8	0	16	9	21	10	10	8	13	9	15	13	12	14	7	2	5	7	10	4	14	10	6	3	11	4	10	10	8	13	8	1	12	10	
2326_A/goose/Yunlin/15010 5	10	13	11	9	4	1	11	2	15	1	0	5	2	0	13	5	6	7	0	3	5	2	2	5	9	7	2	1	1	8	0	16	9	21	11	10	8	13	9	15	13	12	14	7	2	5	7	10	4	14	9	6	3	11	4	10	10	8	13	8	1	12	10	
2327_A/goose/Yunlin/15010 5	10	13	11	9	4	1	11	2	15	1	0	5	2	0	13	5	6	7	0	3	5	2	2	5	9	7	2	1	1	8	0	16	9	21	11	10	8	13	9	15	13	12	14	7	2	5	7	10	4	14	9	6	3	11	4	10	10	8	14	8	1	12	9	
2328_A/goose/Yunlin/15040 10	8	9	12	7	6	5	5	6	9	1	0	4	3	0	14	1	6	6	0	4	4	3	0	3	10	7	3	2	1	9	1	14	17	17	8	5	5	9	6	12	8	10	17	8	2	8	7	13	2	14	8	7	6	8	7	13	10	16	16	15	1	7	16	
2329_A/goose/Yunlin/16020 5	10	13	10	9	4	1	12	2	15	1	0	5	2	0	13	6	7	7	0	3	4	2	2	3	9	8	2	2	1	7	0	16	9	20	10	10	8	16	8	15	12	13	12	7	2	5	8	10	4	14	10	6	3	12	4	10	10	8	13	8	1	11	10	
2330_A/goose/Yunlin/16020 5	10	13	10	9	4	2	12	2	15	1	0	5	2	0	13	6	7	8	1	3	4	1	2	4	8	9	2	1	1	7	0	16	9	21	9	10	8	14	9	15	12	13	12	7	2	5	8	10	4	15	10	6	3	10	4	10	10	7	13	8	1	12	10	
2331_A/goose/Yunlin/16040 6	10	13	10	9	4	1	12	2	15	1	0	5	2	0	13	5	7	7	0	3	4	2	2	4	9	8	2	1	1	7	0	16	9	20	10	10	8	15	9	15	12	12	12	7	2	6	7	10	4	14	10	6	3	12	4	10	10	9	13	8	1	11	10	
2332_A/goose/Yunlin/17100 5	10	13	11	9	3	1	11	1	15	1	0	6	3	0	13	5	6	7	0	3	5	2	2	5	10	7	2	1	0	8	0	12	10	22	11	12	8	12	9	15	13	11	14	6	2	5	8	12	5	16	9	6	2	9	4	11	10	7	14	7	1	13	9	
2333_A/goose/Yunlin/18030 5	11	11	11	9	4	3	11	1	14	1	0	6	2	0	13	8	6	7	0	2	5	2	2	4	7	8	1	1	3	7	1	14	9	21	10	10	9	13	8	17	14	12	12	7	2	5	9	8	4	16	9	8	3	9	6	6	9	8	11	10	1	11	13	
2334_A/goose/Yunlin/18030 5	11	11	11	9	4	3	11	1	14	1	0	6	2	0	13	8	6	7	0	2	5	2	2	4	6	8	1	1	4	7	1	14	9	21	10	10	9	13	8	17	14	12	12	7	2	5	9	8	4	16	9	8	3	9	6	6	9	8	11	10	1	11	13	
2335_A/goose/Yunlin/18040 5	10	12	12	9	4	1	11	1	14	1	0	5	3	0	13	5	6	6	1	3	5	2	2	5	10	8	2	2	0	7	0	16	9	23	11	10	8	13	9	15	13	12	14	6	2	5	7	10	5	14	8	5	2	10	4	13	10	8	14	7	1	12	9	
2336_A/goose/Yunlin/18040 5	10	13	10	7	4	1	12	1	14	1	0	5	3	0	13	6	5	7	0	5	5	2	2	5	10	8	2	2	0	7	0	16	9	22	11	10	8	12	10	15	13	11	14	6	2	5	8	10	5	16	8	6	2	9	4	9	10	7	14	10	1	13	9	
2337_A/goose/Yunlin/18090 5	9	13	11	8	5	1	11	1	14	1	0	5	3	0	13	5	6	7	0	4	5	2	2	4	10	9	2	2	0	6	0	14	9	24	12	10	8	12	10	18	13	11	14	6	2	5	7	10	5	14	8	6	2	9	4	10	9	7	13	9	2	13	10	
2338_A/goose/Yunlin/18090 5	10	13	11	9	4	1	11	2	14	1	0	5	3	0	13	4	6	7	0	3	5	2	2	5	9	7	2	1	1	8	0	17	10	23	11	9	7	13	10	15	12	11	14	6	2	5	8	10	5	14	8	6	2	9	4	10	11	9	13	9	2	12	9	
2339_A/goose/Yunlin/18110 5	10	13	11	9	4	1	11	1	14	1	0	5	3	0	13	5	6	7	0	3	5	2	2	5	10	8	2	2	0	7	0	16	10	23	11	9	8	12	9	15	14	11	14	6	0	5	8	9	5	15	8	8	2	9	5	9	10	7	14	10	1	13	9	
2340_A/goose/Yunnan/3798/ 10	6	8	9	8	9	3	9	6	13	1	0	7	1	0	15	2	8	4	0	0	3	5	1	0	12	8	0	4	1	4	2	13	11	23	16	9	5	7	10	16	8	12	9	8	1	7	5	7	10	10	8	4	2	11	9	9	5	10	10	9	1	10	16	
2341_A/goose/Yunnan/4371/ 10	6	8	9	8	8	3	9	6	14	1	0	7	1	0	15	2	8	4	0	0	3	5	1	0	12	8	0	4	1	4	2	13	11	23	16	9	5	7	10	16	8	12	9	8	1	7	5	7	10	10	8	4	2	11	9	9	5	10	10	9	1	10	16	
2342_A/goose/Yunnan/4389/ 10	6	8	9	8	8	3	9	6	14	1	0	7	1	0	15	2	8	4	0	0	3	5	1	0	12	8	0	4	1	4	2	13	11	23	16	9	5	7	10	16	8	12	9	8	1	7	5	7	10	10	7	4	2	11	9	9	5	10	11	9	1	10	16	
2343_A/goose/Yunnan/4985/ 10	6	8	9	8	8	3	9	6	14	1	0	7	1	0	15	2	8	4	0	0	3	5	1	0	12	8	0	4	1	4	2	13	11	23	16	9	5	7	10	16	8	12	9	8	1	7	5	7	10	10	8	4	2	11	9	9	5	10	10	9	1	10	16	
2344_A/goose/Yunnan/5141/ 10	6	8	9	8	9	3	9	6	13	1	0	7	1	0	15	2	8	4	0	0	3	5	1	1	12	7	0	4	1	4	2	13	11	24	16	10	4	7	9	15	9	12	9	8	1	7	5	7	10	10	8	4	2	11	9	9	5	10	10	9	1	10	16	
2345_A/goose/Yunnan/5769/ 11	8	9	8	7	7	2	10	7	13	0	0	8	0	1	15	2	6	4	0	0	4	6	1	0	12	7	0	3	1	5	1	11	13	25	14	9	5	7	9	14	9	12	10	8	1	6	6	7	12	10	7	5	1	10	9	10	5	9	13	9	1	10	15	
2346_A/goose/Yunnan/5979/ 11	8	9	8	7	7	2	10	7	13	0	0	8	0	1	15	2	6	4	0	0	4	6	1	0	12	7	0	3	1	5	1	11	13	25	14	9	5	7	9	14	9	12	10	8	1	6	6	7	12	10	7	5	1	10	9	10	5	9	13	9	1	10	15	
2347_A/goose/Yunnan/6193/ 11	8	9	8	7	7	2	10	6	13	0	0	7	1	1	15	2	6	5	0	0	4	5	1	1	12	6	0	3	1	6	1	12	13	23	15	8	5	9	9	16	8	12	10	8	1	6	6	6	12	9	7	5	1	11	9	11	4	8	14	8	2	10	14	
2348_A/goose/Zhejiang/112 4	1	7	9	6	4	5	10	2	18	0	0	4	5	1	12	4	4	7	1	4	6	6	0	7	13	5	2	4	3	5	0	11	8	22	6	12	8	17	9	22	16	14	4	12	0	11	10	1	6	8	7	5	1	8	4	9	15	17	14	6	2	12	15	
2349_A/goose/Zhejiang/112 9	8	10	7	8	9	1	11	5	13	0	0	7	1	1	15	2	4	6	0	0	4	5	0	1	12	6	0	4	2	6	2	15	13	21	15	7	6	8	8	17	7	11	6	8	2	8	9	5	10	9	7	5	1	11	8	13	5	10	11	5	1	11	18	
2350_A/goose/Zhejiang/112 4	1	7	9	6	4	5	10	2	18	0	0	4	5	1	12	4	4	7	1	4	6	6	0	7	13	5	2	4	3	5	0	11	8	22	6	12	8	17	9	22	16	14	4	12	0	11	10	1	6	8	7	5	1	8	4	9	15	17	14	6	2	12	15	
2351_A/goose/Zhejiang/727 6	0	2	8	4	5	11	11	2	19	0	0	5	3	1	12	2	3	6	1	4	4	4	0	9	16	8	3	5	2	3	0	9	8	20	5	13	8	17	7	19	16	12	9	10	1	9	9	0	5	9	4	6	1	10	4	9	16	16	15	8	2	8	16	
2352_A/goose/Zhejiang/727 10	9	9	7	8	7	2	11	5	13	0	0	7	1	1	15	2	5	6	0	0	3	5	0	2	13	7	0	4	1	6	1	15	13	20	15	6	5	9	9	18	7	12	7	7	2	7	8	5	12	10	9	5	1	10	7	13	5	9	11	5	1	11	16	
2353_A/goose/Zhejiang/727 6	0	2	7	5	5	11	12	2	21	0	0	5	2	1	12	2	3	6	1	4	4	5	0	9	17	8	2	5	2	2	0	10	8	21	4	12	10	16	7	18	14	12	9	10	1	9	9	0	5	9	4	6	1	10	4	9	16	16	15	7	2	9	16	
2354_A/goose/Zhejiang/771 6	9	12	12	9	5	2	10	3	15	1	0	7	1	0	12	4	5	7	0	2	5	2	3	4	9	10	2	0	2	5	1	14	14	25	9	12	4	8	10	16	11	11	13	9	3	5	8	8	7	13	7	6	2	12	8	7	9	9	16	10	1	8	10	
2355_A/goose/Zhejiang/771 6	9	12	12	9	5	2	10	3	15	1	0	7	1	0	12	4	5	7	0	2	5	2	3	4	9	10	2	0	2	5	1	14	14	25	9	12	4	8	10	16	11	11	13	9	3	5	8	8	7	13	7	6	2	12	8	7	9	9	15	10	1	8	11	
2356_A/goose/Zhejiang/771 6	9	12	12	9	5	2	10	3	15	1	0	7	1	0	12	4	5	7	0	2	5	2	3	4	9	10	2	0	2	5	1	14	14	25	9	12	4	8	10	16	11	11	13	9	3	5	8	8	7	13	7	6	2	12	8	7	9	9	16	10	1	8	10	
2357_A/goose/Zhejiang/925 6	0	2	8	4	5	11	11	3	20	0	0	4	2	1	12	3	3	6	1	3	4	4	0	8	16	8	3	5	2	3	0	8	8	19	7	13	8	17	8	19	17	11	9	12	2	10	8	1	5	9	5	6	1	9	3	8	17	17	14	7	1	8	15	
2358_A/goose/Zhejiang/925 10	8	9	12	7	6	5	5	7	10	1	0	4	1	0	14	1	7	7	0	4	5	2	0	3	8	8	2	2	1	9	1	13	15	19	8	5	5	7	5	13	9	11	11	8	3	7	13	12	4	16	8	9	6	6	9	14	8	17	17	14	1	7	12	
2359_A/goose/Zhejiang/925 11	7	9	12	7	8	5	5	6	10	1	0	4	1	0	14	1	7	7	0	4	4	2	0	3	8	8	2	2	1	9	1	13	15	19	8	5	5	7	5	13	9	11	11	8	3	7	13	13	4	16	8	8	6	6	9	14	8	17	17	14	1	7	12	
2360_A/goose/Zhejiang/925 3	1	7	9	7	4	5	10	2	18	0	0	4	5	1	12	4	4	7	1	3	6	6	0	7	12	5	2	4	3	5	0	11	9	20	6	14	6	17	9	21	17	13	7	12	1	9	11	1	6	10	5	4	1	10	4	10	14	16	16	6	3	12	13	
2361_A/goose/Zhejiang/925 6	0	2	8	4	5	11	11	3	20	0	0	5	2	1	12	3	3	6	1	3	4	4	0	8	15	8	3	4	2	3	0	8	8	19	7	13	8	17	8	19	17	11	9	12	2	10	8	1	5	9	5	6	1	9	4	8	18	17	13	7	1	9	14	
2362_A/goose/Zhejiang/925 3	1	7	9	7	4	5	10	2	18	0	0	4	5	1	11	4	4	7	1	3	6	6	0	7	12	5	2	4	3	5	0	11	9	20	6	14	6	17	9	21	17	13	7	12	1	9	12	1	6	10	5	4	1	10	4	10	14	16	16	6	3	12	13	
2363_A/great_black-headed 10	9	9	8	7	7	2	10	5	12	0	0	6	2	1	15	2	6	6	0	0	2	4	0	2	13	6	0	3	2	6	2	14	13	23	14	7	4	8	9	18	9	12	6	9	1	6	10	6	10	9	9	5	1	12	6	10	5	11	12	7	1	9	17	
2364_A/great_crested-greb 10	9	10	8	7	7	2	10	7	12	0	0	5	2	1	15	2	6	5	0	0	2	5	0	1	13	6	0	3	2	6	2	12	13	23	14	7	4	8	9	19	9	13	6	9	1	5	10	6	11	8	8	5	1	12	7	10	5	11	12	7	1	9	17	
2365_A/great_egret/Hong_K 11	8	9	8	7	7	2	10	6	12	0	0	6	2	1	15	2	5	4	0	0	4	6	0	1	13	6	0	4	1	6	2	13	12	23	15	9	5	8	8	14	8	12	8	10	2	6	8	6	12	10	7	4	1	10	8	12	5	10	13	6	1	10	16	
2366_A/great_tit/Panjing/ 11	8	9	8	7	8	2	10	6	12	0	0	7	2	1	14	2	6	5	0	0	2	5	0	1	12	6	1	3	3	6	1	13	13	22	15	7	4	8	9	17	8	12	6	10	3	6	10	7	11	9	9	3	2	11	6	8	5	10	12	9	0	10	17	
2367_A/green-winged_teal/ 6	10	13	11	8	5	1	11	1	14	1	0	6	2	0	13	6	6	7	0	2	5	2	2	4	9	8	1	2	1	7	1	15	9	20	10	9	9	15	8	16	14	12	13	7	2	5	8	10	3	16	9	7	4	9	6	10	9	7	13	7	1	12	10	
2368_A/grey_heron/Hong_Ko 11	8	9	8	7	7	2	10	6	12	0	0	6	2	1	15	2	6	4	0	0	3	6	0	1	13	6	0	4	1	6	2	13	12	24	15	9	5	7	8	13	7	11	9	10	2	7	8	7	13	10	7	3	0	10	8	13	5	10	13	6	1	10	16	
2369_A/grey_heron/Hong_Ko 11	8	9	7	7	7	2	11	6	12	0	0	6	2	1	15	2	5	4	0	0	3	6	0	1	14	6	0	4	1	6	2	13	12	23	15	9	5	8	8	12	9	12	8	11	2	6	8	6	12	10	7	4	1	10	8	11	6	10	13	6	1	10	16	
2370_A/heron/Kaohsiung/15 6	6	7	9	12	4	6	10	2	11	1	0	1	4	0	12	3	6	6	0	1	9	5	0	7	9	6	4	5	1	3	2	10	10	23	8	9	8	14	6	23	19	14	4	7	2	11	8	7	5	14	9	6	6	14	5	12	3	11	13	7	3	9	12	
2371_A/heron/Yilan/17DB00 5	10	13	11	9	4	1	11	1	14	1	0	6	3	0	13	5	7	7	0	3	4	2	2	5	10	8	2	1	0	7	0	16	9	22	11	10	8	13	10	15	13	11	15	6	2	5	7	10	5	14	8	6	2	10	4	11	10	7	13	8	1	13	10	
2372_A/hill_myna/Heilongj 10	9	10	5	8	7	1	13	5	12	0	0	7	2	1	15	2	5	5	0	0	3	6	0	1	13	6	0	4	1	6	2	15	13	21	15	7	5	9	8	18	7	12	6	7	2	7	9	5	11	10	9	5	1	10	7	13	5	10	12	5	1	10	16	
2373_A/lesser_kestrel/Hei 12	8	8	8	7	7	2	10	6	13	0	0	7	1	1	15	2	6	5	0	0	4	6	1	0	11	7	0	3	2	5	1	11	13	25	15	9	5	7	8	15	8	12	9	8	1	6	6	8	12	10	7	4	1	10	9	8	7	8	13	9	1	11	16	
2374_A/lion/Hubei/1-2/201 11	9	9	8	7	8	2	10	5	12	0	0	8	1	1	14	2	5	3	0	1	2	7	0	1	12	6	1	3	3	6	1	12	14	21	16	8	4	9	8	18	7	11	6	10	4	7	10	7	10	10	8	4	1	10	6	7	5	10	12	9	0	10	18	
2375_A/little_egret/Hong_ 11	8	9	8	7	7	2	10	6	12	0	0	6	2	1	15	2	6	4	0	0	3	6	0	1	13	6	0	4	1	6	2	12	12	23	15	8	5	8	8	15	8	12	8	9	2	6	8	6	11	9	7	5	1	11	8	12	6	10	13	7	1	10	16	
2376_A/little_grebe/Xiang 6	11	13	11	8	4	1	11	1	14	1	0	6	2	0	13	6	6	7	0	2	5	2	2	4	9	7	1	2	1	8	1	15	9	20	10	9	9	15	8	16	14	12	13	7	2	5	8	10	3	16	9	7	4	9	6	10	9	7	13	7	1	12	10	
2377_A/magpie_robin/Hong_ 11	8	9	8	7	7	2	10	6	12	0	0	6	2	1	15	2	6	4	0	0	3	6	0	1	13	6	0	4	1	6	2	13	12	23	15	9	6	8	8	13	7	11	8	10	2	7	8	7	13	10	7	3	0	10	8	13	5	10	13	6	1	10	16	
2378_A/magpie_robin/Hong_ 11	8	9	8	7	7	2	10	6	12	0	0	6	2	1	15	2	6	4	0	0	4	6	1	1	12	6	0	4	1	6	1	13	12	23	15	9	6	8	8	13	7	11	8	10	2	7	8	7	13	10	7	3	0	10	8	13	5	10	13	6	1	10	16	
2379_A/mallard/Shanghai/S 10	9	10	12	7	6	5	5	7	8	1	0	4	2	0	14	1	7	6	0	4	5	2	0	3	8	7	2	2	1	10	1	13	16	19	9	6	3	6	5	14	8	11	12	8	4	8	11	13	4	16	8	7	7	6	9	15	8	16	17	13	1	7	12	
2380_A/meerkat/Shanghai/S 11	8	10	8	8	7	1	10	5	12	0	0	7	2	1	15	2	5	5	0	0	3	6	0	1	13	6	0	4	1	6	2	15	12	21	15	6	6	9	8	19	7	12	6	7	2	7	9	5	11	10	8	6	1	10	8	11	5	9	13	5	1	11	16	
2381_A/migratory_waterfow 3	1	6	9	7	4	6	10	2	18	0	0	4	5	1	12	4	4	7	1	4	6	6	0	7	12	5	2	4	3	5	0	11	9	22	6	12	7	18	9	21	16	11	6	12	1	11	10	1	6	8	4	5	1	10	5	10	14	16	16	6	3	12	14	
2382_A/migratory_waterfow 3	1	6	9	7	4	6	10	2	18	0	0	4	5	1	12	4	4	7	1	4	6	6	0	7	12	5	2	4	3	5	0	11	9	22	6	12	7	18	9	21	16	11	6	12	1	11	10	1	6	8	4	5	1	10	5	10	14	16	16	6	3	12	14	
2383_A/mink/China/181/201 6	0	3	8	4	5	10	11	3	19	0	0	3	3	1	12	3	3	6	1	3	5	5	0	8	15	6	3	7	2	5	1	8	7	22	6	15	6	13	7	18	17	13	8	11	2	10	8	0	6	9	4	6	1	9	6	10	17	17	14	6	2	8	13	
2384_A/mink/China/183/201 6	0	2	7	4	5	11	12	4	19	0	0	2	3	1	12	3	3	6	1	3	5	5	0	8	15	7	2	7	2	4	1	8	8	20	7	14	4	13	6	17	18	14	8	11	2	10	9	0	6	9	5	7	2	10	5	9	17	18	14	7	2	7	13	
2385_A/mink/China/191/201 6	0	2	7	4	5	11	12	4	19	0	0	2	3	1	12	3	3	6	1	3	5	5	0	8	15	7	2	7	2	4	1	8	8	20	7	14	4	13	6	17	18	14	8	10	2	10	9	0	6	9	5	7	2	10	5	9	17	18	14	8	2	7	13	
2386_A/mink/China/456/201 6	0	2	8	4	5	11	11	3	19	0	0	3	3	1	12	3	3	6	1	3	5	5	0	8	15	7	2	7	2	4	1	8	8	22	3	14	7	14	9	19	16	13	9	10	3	11	6	0	5	9	4	6	1	9	6	9	17	16	15	7	2	8	14	
2387_A/mink/China/G/2015_ 10	9	9	8	7	7	2	10	5	11	0	0	7	3	1	15	2	6	4	0	1	2	8	0	1	13	5	0	4	1	6	2	15	12	22	15	8	5	9	8	17	7	11	7	7	2	7	9	4	11	9	7	5	0	11	8	13	6	10	12	6	1	10	17	
2388_A/mink/China/XB/2015 11	7	9	8	7	8	2	10	5	13	0	0	9	1	1	14	2	5	5	0	1	2	6	0	1	12	6	1	2	3	5	1	14	14	21	16	7	4	9	8	18	7	12	6	10	4	6	10	6	11	9	8	4	1	11	6	7	5	10	12	9	0	10	18	
2389_A/mink/Eastern_China 7	0	2	8	3	5	11	11	3	19	0	0	5	3	1	12	3	3	6	1	3	4	4	0	8	15	9	2	6	3	3	1	6	8	20	4	16	6	16	9	17	17	12	9	12	1	10	8	0	6	9	5	6	1	9	5	9	16	17	11	6	3	8	17	
2390_A/mink/Eastern_China 9	10	7	11	9	6	7	8	4	13	1	0	5	3	0	16	0	6	4	0	1	3	2	1	5	11	9	3	2	2	6	0	14	9	22	13	10	9	14	11	21	10	11	10	8	0	10	4	8	11	10	10	4	1	11	7	7	4	13	17	8	1	8	10	
2391_A/mink/Eastern_China 7	0	2	8	3	5	11	11	3	19	0	0	2	3	1	12	3	3	6	1	3	5	5	0	8	15	7	3	8	2	4	0	8	8	21	6	15	5	16	7	19	17	12	9	11	2	11	8	0	5	8	4	6	1	9	6	8	17	16	13	7	2	8	15	
2392_A/mink/Eastern_China 7	0	2	8	3	5	11	11	3	20	0	0	5	3	1	12	3	3	6	0	3	4	4	1	8	14	9	2	6	3	3	1	6	8	21	4	16	6	15	9	17	17	12	9	12	1	10	8	0	6	9	5	6	1	9	5	9	16	16	11	6	3	9	17	
2393_A/mink/Eastern_China 6	0	2	8	4	5	11	11	3	19	0	0	3	3	1	12	3	3	6	1	3	5	5	0	8	15	7	2	7	2	4	1	8	7	21	6	15	6	14	7	18	16	13	8	11	2	10	9	0	6	9	4	6	1	9	6	9	18	18	14	7	2	7	13	
2394_A/mink/Northern_Chin 5	0	1	9	5	5	12	10	2	19	0	0	5	3	1	12	3	3	5	1	3	4	5	0	8	16	9	2	6	2	3	1	9	8	21	6	11	6	15	7	22	18	12	10	12	1	10	8	0	5	8	5	6	0	11	5	7	17	15	13	6	2	9	15	
2395_A/night_heron/Taiwan 5	10	13	11	9	4	1	11	2	15	1	0	5	2	0	13	5	6	7	1	3	5	2	1	5	9	7	2	1	1	8	0	16	9	20	12	10	8	13	9	15	13	12	14	7	2	5	7	10	4	14	9	6	3	11	4	10	10	8	13	8	1	12	10	
2396_A/oriental_magpie_ro 6	0	2	7	4	6	11	12	2	20	0	0	5	1	1	12	2	3	6	1	4	4	4	0	9	16	7	3	5	2	4	0	9	7	19	6	13	8	16	6	20	16	11	10	11	1	10	8	0	6	10	4	6	1	10	5	8	16	15	16	8	2	9	14	
2397_A/ostrich/Suzhou/097 10	7	9	9	8	8	2	9	3	12	0	0	10	2	1	15	2	5	4	0	0	4	6	1	1	10	7	0	3	3	4	3	11	12	21	12	11	6	8	12	15	9	12	9	8	1	6	5	7	9	10	7	4	4	11	10	10	4	8	14	8	2	12	14	
2398_A/parrot/Guangdong/2 9	9	11	13	6	5	3	8	2	14	1	0	5	1	0	13	5	6	7	0	2	4	2	1	2	8	8	3	3	2	7	0	14	10	21	9	13	9	15	8	16	11	13	9	8	2	6	11	9	6	16	9	9	3	11	6	8	8	5	12	7	3	13	10	
2399_A/parrot/Guangdong/C 11	7	9	9	7	7	2	9	6	13	0	0	8	1	1	15	2	7	4	0	0	4	6	1	0	11	7	0	3	2	5	2	9	14	23	14	12	4	6	11	14	9	12	8	8	1	7	5	8	11	11	8	3	2	10	9	10	5	8	13	9	1	11	15	
2400_A/partridge/Shantou/ 11	8	12	10	7	7	3	9	4	11	0	0	8	3	1	16	2	7	5	0	0	3	3	1	1	11	10	0	3	2	4	2	13	11	22	14	11	8	15	9	17	10	11	8	7	1	8	5	7	12	11	8	5	2	10	10	11	3	8	14	8	1	12	14	
2401_A/peacock/Yunnan/1/2 11	6	9	8	7	9	2	10	5	13	0	0	9	1	1	14	2	5	5	0	1	2	6	0	2	11	6	1	2	3	4	1	14	14	20	15	7	4	10	9	18	7	12	6	10	4	7	10	6	11	9	7	4	1	11	6	7	5	10	12	9	0	10	19	
2402_A/peacock/Yunnan/3/2 11	6	9	8	7	9	2	10	5	13	0	0	9	1	1	14	2	5	5	0	1	2	6	0	1	12	6	1	2	3	4	1	14	14	20	15	7	4	10	9	18	7	12	6	10	4	7	10	6	11	9	7	4	1	11	6	7	5	10	12	9	0	10	19	
2403_A/peregrine_falcon/H 10	6	7	9	8	9	4	9	6	13	1	0	7	1	0	15	1	10	5	0	0	2	4	1	1	12	7	0	4	1	4	2	12	11	23	17	10	5	7	9	13	8	10	10	7	1	8	5	8	10	10	9	4	2	11	10	11	5	11	12	9	1	10	12	
2404_A/pheasant/Shantou/3 11	8	12	10	7	7	3	9	4	11	0	0	8	3	1	16	2	7	5	0	0	3	3	1	1	11	10	0	3	2	4	2	14	12	22	14	9	8	15	9	17	9	11	8	7	1	8	5	7	12	11	8	6	2	10	10	11	3	8	14	8	1	12	14	
2405_A/pheasant/Shantou/4 11	8	9	9	7	7	2	9	6	13	0	0	8	1	1	15	2	5	4	0	0	5	6	1	0	11	7	0	3	2	5	2	9	14	23	14	12	4	6	11	14	9	12	8	8	1	7	5	7	11	11	8	4	2	10	9	10	5	7	13	9	1	12	15	
2406_A/pied_megpie/Liaoni 11	8	9	8	7	7	3	10	6	13	0	0	8	1	1	15	2	7	4	0	0	3	4	2	0	11	7	0	3	2	5	1	9	12	22	15	12	6	6	11	14	9	12	8	8	1	7	7	8	11	11	8	4	2	10	8	10	5	8	13	8	1	11	15	
2407_A/pigeon/Fujian/1.17 6	0	1	8	4	5	12	11	2	19	0	0	4	3	1	12	3	3	6	1	3	4	4	0	8	16	9	3	7	2	3	0	6	8	20	6	14	7	16	7	20	17	11	11	11	1	10	7	0	5	9	5	7	1	10	5	9	17	14	13	6	2	10	15	
2408_A/pigeon/Hainan/1.14 6	0	2	8	4	5	11	11	3	20	0	0	3	2	1	12	3	3	6	1	3	5	5	0	8	15	7	2	7	2	4	1	8	7	21	6	15	6	14	7	18	17	12	8	11	2	11	9	0	6	9	4	6	1	9	6	9	17	17	14	7	2	8	13	
2409_A/pigeon/Hubei/RP25/ 10	7	7	9	8	8	4	9	6	13	1	0	5	1	0	15	2	9	4	0	0	3	4	0	1	12	7	0	5	1	4	3	12	11	22	18	10	6	7	8	14	7	14	11	8	1	5	4	6	10	11	9	6	2	11	7	9	5	12	11	10	0	10	15	
2410_A/pigeon/Sichuan/NCX 10	9	8	8	8	8	3	10	7	11	0	0	5	2	1	15	2	5	5	0	0	3	5	0	1	13	6	0	4	1	6	2	15	13	20	14	9	5	11	9	19	7	12	7	6	2	5	9	4	12	10	7	4	0	10	8	11	5	12	11	9	1	8	17	
2411_A/pigeon/Zhejiang/11 9	8	10	7	8	9	1	11	5	13	0	0	7	1	1	15	2	4	6	0	0	4	5	0	1	12	6	0	4	2	6	2	15	13	21	15	7	6	8	8	17	7	11	6	8	2	8	9	5	10	9	7	5	1	11	8	13	5	10	11	5	1	11	18	
2412_A/pigeon/Zhejiang/11 9	9	10	7	9	7	1	11	4	13	0	0	7	1	1	15	2	4	6	0	0	4	5	0	2	12	6	0	4	2	6	2	15	13	21	15	7	6	8	8	17	7	12	6	7	2	8	8	5	10	9	7	5	1	11	8	14	5	9	12	5	1	12	17	
2413_A/pigeon/Zhejiang/72 10	9	9	7	8	7	2	11	5	13	0	0	7	1	1	15	2	6	6	0	0	3	5	0	2	12	7	0	4	1	6	1	15	13	20	15	6	5	9	9	18	7	12	7	7	2	7	8	5	12	10	9	5	1	10	7	13	5	9	11	5	1	11	16	
2414_A/plateau_pika/Qingh 10	8	9	9	8	7	2	9	3	12	0	0	10	2	1	15	2	6	4	0	0	4	6	1	1	11	7	0	3	2	5	2	10	10	22	13	12	6	7	11	14	10	12	7	7	1	7	5	7	12	10	8	4	3	11	10	11	4	8	15	8	1	11	14	
2415_A/quail/Guangxi/11/2 11	9	12	11	7	7	4	8	3	11	0	0	9	3	1	16	2	5	4	0	0	4	4	1	1	11	9	0	4	2	6	1	13	13	24	14	10	7	12	9	17	10	10	10	6	1	8	4	7	13	11	8	5	2	9	10	11	4	9	13	6	2	11	15	
2416_A/quail/Guangxi/12/2 11	9	12	11	7	7	4	8	3	11	0	0	9	3	1	16	2	5	4	1	0	4	4	1	1	11	9	0	4	2	6	1	14	13	23	14	10	7	12	9	17	10	10	10	6	1	9	3	7	13	11	7	5	2	9	10	11	4	10	12	6	2	11	15	
2417_A/quail/Guangxi/13/2 11	9	12	11	7	7	4	8	3	11	0	0	9	3	1	16	2	5	4	0	0	4	4	1	1	11	9	0	4	2	6	1	13	14	24	15	10	6	12	8	17	10	10	10	6	1	8	4	7	13	11	8	5	2	9	10	11	4	9	13	6	2	11	15	
2418_A/quail/Jiangsu/k010 12	5	8	7	7	8	5	11	3	15	0	0	5	0	1	12	4	4	5	0	1	5	3	0	5	11	9	1	5	2	1	1	14	8	15	11	5	7	12	9	17	16	17	12	10	0	7	6	14	5	10	9	6	8	9	3	10	7	15	16	9	2	14	14	
2419_A/quail/Nanchang/663 10	9	8	8	8	7	3	10	6	11	0	0	7	3	1	15	2	5	4	0	0	3	6	0	1	13	5	1	4	1	7	1	15	13	22	15	9	5	9	8	17	7	12	7	7	2	6	9	4	11	10	7	4	1	10	8	11	5	10	11	7	1	10	18	
2420_A/shrike/Tibet/13/20 11	8	9	8	7	6	2	10	6	13	0	0	7	1	1	15	2	6	4	0	0	4	6	1	0	12	7	0	4	1	5	1	10	13	23	15	10	5	8	8	15	9	11	10	8	1	7	6	7	12	11	8	5	2	10	8	9	5	9	13	9	1	10	15	
2421_A/silkie_chicken/Don 6	0	2	8	4	5	11	11	2	20	0	0	5	2	1	12	3	3	6	1	3	4	4	0	8	16	8	3	6	2	3	0	8	8	20	6	13	8	17	7	19	17	11	9	11	1	10	9	1	5	9	4	6	1	9	4	8	17	17	14	7	2	8	15	
2422_A/silky_chicken/Shan 10	8	8	9	8	7	3	9	6	13	1	0	8	1	0	15	2	7	4	0	0	4	6	1	0	12	7	0	3	1	5	2	12	11	23	16	9	5	6	10	14	9	13	7	9	1	7	5	8	10	10	7	4	2	11	9	10	5	10	11	9	1	10	16	
2423_A/spot-billed_duck/N 5	0	7	11	6	4	5	8	4	18	0	0	4	5	1	12	1	4	4	0	5	5	7	1	8	14	4	1	4	3	6	1	12	11	20	5	10	3	17	12	22	15	10	12	10	1	10	9	2	5	14	5	7	4	5	4	10	13	14	13	7	4	12	15	
2424_A/spot-billed_duck/N 5	0	7	11	6	4	5	8	4	18	0	0	4	5	1	12	1	4	4	0	5	5	7	1	8	14	4	1	4	3	6	1	11	12	20	5	10	3	17	12	22	15	10	12	10	1	10	9	2	6	14	5	7	3	5	4	10	12	15	13	7	5	10	16	
2425_A/spot-billed_duck/N 5	0	7	11	6	4	5	8	4	18	0	0	4	5	1	12	1	4	4	0	5	5	7	1	8	14	4	1	4	3	6	1	11	12	21	5	10	3	16	12	22	16	10	12	10	1	10	9	2	6	14	5	7	3	5	4	10	11	15	13	7	5	11	15	
2426_A/spot-billed_duck/X 6	11	13	11	8	4	1	11	1	14	1	0	6	2	0	13	6	6	7	0	2	5	2	2	4	9	7	1	2	1	8	1	15	9	22	10	9	9	13	8	16	14	12	13	7	2	5	8	10	3	16	9	7	4	9	6	10	9	7	13	7	1	12	10	
2427_A/swan_goose/Jilin/J 3	1	7	9	7	4	5	10	2	18	0	0	4	5	1	12	4	4	7	1	4	6	6	0	7	12	5	2	4	3	5	0	12	9	22	5	11	7	17	9	22	16	12	6	12	1	10	11	1	6	8	6	5	1	10	4	9	14	16	16	6	3	12	14	
2428_A/swan/China/ST/2016 10	8	9	12	7	6	5	5	7	9	1	0	4	2	0	14	1	6	7	0	4	5	2	0	3	9	8	3	3	1	8	1	13	15	18	9	5	4	7	5	15	8	11	10	9	2	8	13	11	5	17	8	10	5	7	8	13	8	18	17	13	2	5	12	
2429_A/swan/Shandong/W376 10	8	9	11	7	6	5	6	8	10	1	0	3	1	0	14	2	6	7	0	3	5	2	0	3	9	7	2	2	0	11	0	11	13	16	10	7	4	8	5	15	10	12	10	10	3	6	15	12	5	16	7	10	5	7	9	13	8	18	16	11	2	6	13	
2430_A/swan/Shanghai/10/2 11	8	9	7	7	7	2	11	5	12	0	0	6	2	1	15	2	5	5	0	0	2	5	0	2	14	6	0	3	2	6	2	13	11	23	16	8	4	8	7	18	9	12	8	9	1	6	8	6	13	9	9	3	3	11	6	9	5	10	13	8	1	10	16	
2431_A/swine/China/RZ/201 6	0	2	8	4	5	11	11	3	20	0	0	3	3	1	12	3	3	6	1	3	5	5	0	8	15	7	2	7	2	4	1	8	7	21	6	15	6	14	7	18	17	13	8	11	2	10	9	0	6	9	4	6	1	9	6	10	16	18	14	6	2	7	13	
2432_A/swine/Guangdong/1/ 6	0	2	8	4	5	11	11	2	19	0	0	4	3	1	12	3	3	6	1	3	4	4	0	8	16	8	3	6	2	3	0	7	9	20	6	12	7	17	7	19	16	11	9	11	1	10	9	2	5	9	4	7	1	9	4	8	18	17	14	8	2	8	15	
2433_A/swine/Guangdong/2/ 6	0	2	8	4	5	11	11	2	19	0	0	4	3	1	12	3	3	6	1	3	4	4	0	8	16	8	3	6	2	3	0	7	9	20	6	12	7	17	7	19	16	11	9	11	1	10	9	2	5	9	4	7	1	9	4	8	18	17	14	8	2	8	15	
2434_A/swine/Guangxi/592/ 10	8	9	8	8	9	2	10	5	10	0	0	7	4	1	15	2	5	5	0	0	2	6	0	1	13	6	0	4	1	6	2	15	13	21	15	8	5	9	8	17	7	11	7	7	2	7	9	4	12	10	7	5	0	10	8	12	5	10	12	7	1	10	17	
2435_A/swine/Jiangsu/1/20 11	8	9	9	7	7	2	10	6	12	0	0	9	2	1	15	1	6	3	0	1	4	6	1	1	10	9	0	2	3	3	1	8	13	24	11	11	4	6	13	15	9	11	8	7	1	9	6	8	11	11	7	4	2	10	9	10	5	10	11	10	0	11	16	
2436_A/swine/Jiangsu/2/20 11	8	8	9	7	7	3	9	7	14	0	0	7	0	1	15	2	6	4	0	0	4	6	1	1	11	7	0	2	1	5	1	11	12	24	15	9	5	8	8	16	10	12	9	7	1	6	7	8	11	12	7	4	2	10	8	9	5	10	12	9	1	10	15	
2437_A/swine/Shandong/SD1 11	8	11	10	7	7	3	9	3	12	0	0	10	2	1	16	2	7	5	0	0	3	4	1	1	11	7	0	3	2	7	2	14	15	25	14	11	6	11	10	16	11	12	10	6	1	6	4	6	12	10	8	4	2	10	10	11	3	9	13	8	1	11	15	
2438_A/swine/Zhejiang/SW5 10	9	9	7	8	7	2	11	5	13	0	0	7	1	1	15	2	5	6	0	0	3	5	0	2	13	7	0	4	1	6	1	15	13	20	15	6	5	9	9	18	7	12	7	7	2	7	8	5	12	10	9	5	1	10	7	13	5	9	11	5	1	11	16	
2439_A/thrush/Taipei_City 6	9	13	11	9	5	1	11	2	15	1	0	5	2	0	13	5	6	7	0	3	5	2	2	4	9	7	2	1	1	8	0	16	9	21	10	10	8	14	9	15	13	12	13	7	2	5	8	10	4	14	10	6	3	12	4	10	10	7	13	7	2	11	10	
2440_A/thrush/Taiwan/A234 5	10	13	11	9	4	1	11	2	15	1	0	5	2	0	13	5	6	7	0	3	5	2	2	5	9	7	2	1	1	8	0	15	9	21	11	10	8	13	9	15	13	12	14	7	2	5	7	11	4	14	9	6	3	11	4	10	10	8	13	8	1	12	10	
2441_A/tiger/Yunnan/tig14 10	10	8	8	8	6	3	10	6	11	0	0	6	3	1	15	2	4	6	0	0	4	5	0	1	14	6	0	4	1	6	2	15	13	19	14	9	5	11	9	19	6	12	7	6	2	6	9	4	12	10	7	4	0	10	8	11	5	11	11	8	1	9	17	
2442_A/tiger/Yunnan/tig14 10	10	8	8	8	7	3	10	5	11	0	0	7	3	1	15	2	5	6	0	0	3	5	0	1	13	6	0	4	1	6	2	15	13	21	15	9	5	9	8	19	7	12	8	7	2	6	8	4	11	10	8	4	0	10	7	9	6	10	12	7	1	10	17	
2443_A/tiger/Yunnan/tig15 11	6	9	8	7	8	2	10	5	12	0	0	9	3	1	14	2	5	5	0	1	2	5	0	1	12	6	1	2	3	4	1	15	14	21	15	6	5	10	9	20	7	11	8	9	4	7	9	6	11	9	8	4	0	11	6	7	5	9	12	8	0	11	18	
2444_A/turkey/Changhua/16 5	10	13	10	9	4	1	12	2	15	1	0	5	2	0	13	6	7	8	1	3	4	1	2	4	8	9	2	1	1	7	0	16	9	21	9	10	8	14	9	15	12	13	12	7	2	5	8	10	4	15	10	6	3	11	4	10	10	7	13	8	1	12	10	
2445_A/turkey/Chiayi/1702 11	8	9	10	6	6	5	7	6	9	1	0	5	3	0	13	1	6	6	0	4	5	3	0	3	8	7	3	2	2	9	1	14	19	16	9	5	4	9	6	12	9	10	17	8	2	8	7	14	2	14	8	6	6	8	7	13	8	15	16	15	2	7	16	
2446_A/turkey/Chiayi/1801 5	10	13	11	8	4	1	11	1	15	0	1	5	3	0	13	5	5	7	0	4	6	2	2	5	10	7	2	2	0	8	0	15	9	22	11	11	8	13	10	14	13	12	14	6	2	5	7	10	5	14	8	6	2	10	4	12	9	7	13	8	1	13	10	
2447_A/turkey/Yunlin/1506 5	11	13	11	9	4	1	11	2	14	1	0	5	2	0	13	5	6	7	0	3	5	2	2	5	9	7	2	1	1	8	0	17	9	21	10	10	8	14	8	15	12	12	14	7	3	5	7	10	4	14	9	6	3	11	4	10	10	8	13	8	1	12	10	
2448_A/turkey/Yunlin/1802 5	11	13	11	8	4	1	11	1	16	0	1	5	2	0	13	5	5	7	0	4	5	2	2	5	10	7	2	2	0	8	0	15	9	22	11	11	8	13	10	14	13	12	14	6	2	5	7	10	5	14	8	6	2	10	4	12	9	7	13	8	1	13	10	
2449_A/turkey/Yunlin/1811 5	10	13	11	7	4	1	11	2	14	0	1	5	3	0	13	5	6	7	0	5	5	2	2	3	10	8	2	2	0	7	0	16	9	24	12	9	8	12	10	17	13	12	15	7	2	4	6	10	5	15	8	6	2	8	4	10	11	5	12	8	1	14	11	
2450_A/turkey/Yunlin/1812 5	10	13	11	9	4	1	11	1	14	1	0	5	3	0	13	5	6	7	0	3	5	2	2	5	10	8	2	2	0	7	0	16	10	23	11	10	8	12	10	15	14	11	14	6	0	5	8	9	5	15	8	7	2	9	4	10	10	7	14	9	1	13	9	
2451_A/turtle_dove/Guangd 11	8	9	8	8	7	2	10	6	13	0	0	7	1	1	15	2	6	4	0	0	4	6	1	0	12	7	0	3	1	5	1	10	13	25	14	10	5	8	8	15	9	12	9	8	1	6	7	8	12	10	7	4	1	10	9	8	6	9	13	9	1	9	16	
2452_A/turtledove/Wuhan/H 6	1	3	7	4	4	10	12	2	19	0	0	5	3	1	12	3	4	6	1	2	3	4	0	9	15	9	3	6	2	3	0	9	8	20	6	11	8	17	7	19	17	11	9	11	1	10	9	0	5	11	4	7	1	8	4	6	18	17	14	8	2	8	15	
2453_A/turtledove/Wuhan/W 6	1	3	7	4	4	10	12	2	19	0	0	5	3	1	12	3	4	6	1	2	3	4	0	9	15	9	3	6	2	3	0	9	8	20	6	11	8	17	7	19	17	11	9	11	1	10	9	0	5	10	4	7	1	9	4	6	18	17	14	8	2	8	15	
2454_A/turtledove/Wuhan/W 6	1	3	7	4	4	10	12	2	19	0	0	5	3	1	12	3	4	6	1	2	3	4	0	9	15	9	3	6	2	3	0	9	8	20	6	11	8	17	7	19	17	11	9	11	1	10	9	0	5	11	4	7	1	8	4	6	18	17	14	8	2	8	15	
2455_A/waterfowl/Hong_Kon 11	9	11	10	7	7	4	9	3	11	0	0	10	3	1	16	2	6	5	0	0	3	3	1	1	11	8	0	3	2	6	2	12	14	26	14	11	6	10	10	18	10	11	9	6	1	7	5	8	13	10	8	4	2	10	10	11	3	9	13	7	1	11	15	
2456_A/white-naped_crane/ 6	0	1	9	4	5	13	10	1	19	0	0	6	3	1	12	4	3	6	0	2	4	3	1	8	17	9	2	6	1	3	1	8	10	20	6	14	6	17	7	19	16	13	9	12	1	10	8	0	5	9	6	6	0	8	4	8	17	17	12	6	2	8	16	
2457_A/whooper_swan/Shanx 10	8	9	12	7	6	5	5	7	9	1	0	4	2	0	14	1	6	7	0	4	5	2	0	3	9	7	3	3	1	9	1	13	15	17	9	5	4	7	5	14	8	11	10	10	2	7	14	11	5	18	8	10	5	7	8	12	8	18	17	14	2	5	12	
2458_A/wild_bird/Eastern_ 6	5	7	10	12	5	6	9	1	11	1	0	2	4	0	12	2	6	6	0	2	9	5	0	6	9	6	4	6	1	3	2	10	11	23	8	9	7	15	6	25	19	16	4	6	2	10	8	7	5	14	8	6	6	13	6	11	3	10	15	7	3	9	10	
2459_A/wild_bird/Eastern_ 6	5	7	10	12	5	6	9	1	11	1	0	2	4	0	12	2	6	6	0	2	9	5	0	6	9	6	4	6	1	3	2	10	11	22	8	9	7	16	6	24	19	17	4	6	2	10	8	7	5	13	8	6	6	14	6	11	3	10	15	7	3	9	10	
2460_A/wild_bird/Eastern_ 6	5	7	10	12	5	6	9	1	11	1	0	2	4	0	12	2	6	6	0	2	9	5	0	6	9	6	4	6	1	3	2	10	11	23	8	9	7	15	6	25	19	16	4	6	2	10	8	7	5	13	8	6	6	14	6	11	3	10	15	7	3	9	10	
2461_A/wild_bird/Taipei/0 4	0	5	8	7	5	7	11	0	16	0	0	5	6	1	12	1	4	7	0	5	6	4	1	8	13	9	3	7	2	2	0	9	6	25	5	12	7	16	10	18	18	11	10	11	2	12	5	1	6	12	3	7	3	6	5	11	13	13	15	9	3	13	15	
2462_A/wild_duck/Fujian/1 10	8	8	8	8	8	2	10	5	11	0	0	7	3	1	15	2	5	6	0	0	3	6	0	1	13	6	0	4	1	6	2	16	13	22	15	7	5	9	8	17	7	11	6	7	2	7	10	4	12	11	7	5	0	9	8	13	4	10	12	6	1	10	17	
2463_A/wild_duck/Fujian/2 10	9	8	8	8	7	2	10	5	11	0	0	7	3	1	15	2	5	6	0	0	3	6	0	1	13	6	0	4	1	6	2	16	13	22	15	7	5	9	8	17	7	12	7	7	2	6	9	4	12	9	8	5	0	10	7	13	4	10	12	6	1	11	17	
2464_A/wild_duck/Jilin/HF 11	7	8	8	7	9	3	11	6	12	0	0	6	2	1	15	2	6	5	0	0	2	5	0	1	12	6	1	3	3	6	1	13	13	23	13	7	4	8	9	18	8	14	7	9	3	4	9	6	11	8	9	5	1	12	6	8	5	10	13	9	0	10	16	
2465_A/wild_duck/Jilin/ZF 11	9	8	8	8	6	3	10	6	12	0	0	5	3	1	15	2	6	6	0	0	2	4	0	1	13	6	1	3	2	6	1	16	12	24	11	6	5	8	9	17	9	12	6	9	1	6	10	6	10	8	11	5	2	12	5	9	5	10	13	8	1	10	16	
2466_A/wild_duck/Liaoning 11	8	9	9	7	7	3	9	6	13	0	0	8	1	1	14	2	7	4	0	0	3	4	2	0	11	7	0	3	2	5	1	9	12	22	15	12	6	6	11	14	9	11	9	8	1	7	8	8	11	11	8	4	2	10	8	10	5	8	13	8	1	11	15	
2467_A/wild_duck/Shandong 10	8	8	9	8	8	3	10	7	13	0	0	7	1	1	15	1	7	4	0	1	3	5	0	0	10	6	0	3	3	6	2	8	14	23	11	12	4	5	13	14	7	13	8	7	1	6	7	8	11	11	10	4	2	10	7	7	6	10	13	13	0	11	15	
2468_A/wild_duck/Shandong 11	9	9	8	7	7	2	10	5	11	1	0	7	3	0	15	2	6	5	0	1	2	5	0	2	13	6	1	2	2	6	1	13	12	23	14	7	5	7	9	18	9	12	5	9	1	6	11	7	11	8	9	4	1	12	6	9	5	11	13	8	1	9	16	
2469_A/wild_duck/Shandong 11	9	9	8	7	7	2	10	7	12	0	0	7	2	1	15	2	5	4	0	0	4	6	1	0	11	7	0	3	2	5	1	12	13	23	15	9	5	8	8	15	9	12	9	9	1	6	7	6	11	11	8	4	1	10	8	10	5	10	12	8	1	10	16	
2470_A/wild_duck/Shandong 10	7	8	11	7	7	5	6	6	8	1	0	5	4	0	14	1	5	8	0	4	6	2	0	4	9	6	2	2	1	11	2	13	14	16	9	7	5	9	5	14	7	11	12	11	2	7	11	9	4	14	9	10	5	9	7	13	8	18	18	11	4	6	11	
2471_A/wild_pigeon/Jilin/ 5	0	3	9	5	5	10	10	2	19	0	0	5	3	1	12	2	3	5	1	4	4	5	0	8	17	8	3	6	2	3	0	9	9	21	5	13	8	16	7	21	15	10	9	11	1	8	10	0	5	9	4	6	1	10	4	7	17	17	15	8	2	7	15	
2472_A/Eurasian_Wigeon/Ni 6	0	2	9	4	5	11	10	2	20	0	0	5	2	1	12	3	3	6	1	3	4	4	0	8	16	8	3	6	2	3	0	8	8	20	6	13	8	17	7	19	17	10	10	11	1	10	9	2	5	9	4	5	1	9	4	9	17	17	14	6	2	8	15	
