title                    	T3s	C3s	A3s	G3s	CAI	CBI	Fop	Nc	GC3s	GC	L_sym	L_aa	Gravy	Aromo	
A/Indonesia/5/2005       	0.3877	0.2540	0.3774	0.2305	0.183	-0.084	0.386	49.91	0.376	0.435	425	449	-0.260579	0.095768	
A/Hong_Kong/483/1997     	0.3733	0.2720	0.3500	0.2607	0.177	-0.065	0.396	52.57	0.410	0.442	427	450	-0.225778	0.106667	
A/Hong_Kong/482/97       	0.3680	0.2747	0.3563	0.2553	0.179	-0.059	0.400	52.87	0.410	0.443	427	450	-0.241556	0.106667	
A/Chicken/HongKong/FY150/	0.4036	0.2462	0.3554	0.2500	0.180	-0.091	0.383	48.47	0.380	0.431	447	469	-0.240085	0.102345	
A/Chicken/HongKong/YU822.	0.3817	0.2697	0.3625	0.2389	0.189	-0.071	0.395	49.96	0.395	0.439	446	469	-0.251599	0.100213	
A/Chicken/HongKong/YU562/	0.3943	0.2655	0.3364	0.2621	0.192	-0.069	0.394	51.63	0.405	0.438	442	469	-0.242857	0.102345	
A/Pheasant/Hong_Kong/FY15	0.4061	0.2437	0.3584	0.2474	0.180	-0.096	0.380	49.02	0.376	0.429	447	469	-0.239446	0.102345	
A/Hong_Kong/486/97       	0.3653	0.2773	0.3563	0.2553	0.180	-0.054	0.403	52.93	0.412	0.444	427	450	-0.250667	0.106667	
A/Thailand/16/2004       	0.3920	0.2507	0.3722	0.2359	0.186	-0.084	0.387	48.63	0.378	0.436	426	449	-0.268374	0.095768	
A/Hong_Kong/538/97       	0.3636	0.2807	0.3605	0.2527	0.181	-0.050	0.405	52.77	0.412	0.442	427	450	-0.255333	0.106667	
A/chicken/Indonesia/7/200	0.3920	0.2480	0.3636	0.2421	0.183	-0.090	0.384	49.90	0.381	0.439	425	449	-0.271047	0.095768	
A/chicken/Korea/ES/03    	0.3867	0.2507	0.3614	0.2474	0.183	-0.083	0.387	50.11	0.387	0.440	426	449	-0.253452	0.097996	
A/Hong_Kong/156/97       	0.3733	0.2693	0.3563	0.2571	0.175	-0.065	0.396	52.47	0.405	0.441	427	450	-0.217556	0.106667	
A/whooper_swan/Mongolia/2	0.3883	0.2500	0.3602	0.2439	0.181	-0.089	0.383	50.65	0.385	0.439	426	449	-0.232962	0.100223	
A/Vietnam/UT3062/2004    	0.3867	0.2587	0.3679	0.2359	0.189	-0.068	0.397	50.06	0.385	0.438	426	449	-0.261024	0.097996	
A/Anas_crecca/Hubei/Chenh	0.2603	0.2861	0.4657	0.2715	0.151	-0.127	0.358	50.25	0.425	0.448	447	470	-0.340851	0.072340	
A/Anas_crecca/Hubei/Chenh	0.2603	0.2861	0.4657	0.2715	0.151	-0.127	0.358	50.25	0.425	0.448	447	470	-0.340851	0.072340	
A/Anas_platyrhynchos/Chon	0.3836	0.2685	0.3201	0.2907	0.192	-0.041	0.412	52.40	0.426	0.443	444	469	-0.271855	0.104478	
A/Anas_platyrhynchos/Jiuj	0.3827	0.2704	0.3212	0.2837	0.189	-0.049	0.408	53.18	0.423	0.443	444	469	-0.273774	0.102345	
A/Anhui/1/2005|EPI_ISL_24	0.3963	0.2394	0.3785	0.2376	0.175	-0.094	0.380	48.17	0.369	0.431	426	449	-0.261025	0.097996	
A/Anhui/1/2006|EPI_ISL_73	0.3877	0.2487	0.3774	0.2343	0.176	-0.110	0.369	50.77	0.376	0.436	425	449	-0.259688	0.097996	
A/Anhui/2/2005|EPI_ISL_24	0.3910	0.2447	0.3785	0.2376	0.177	-0.089	0.383	48.37	0.373	0.433	426	449	-0.261025	0.097996	
A/Anhui/2021-00011/2020|E	0.2420	0.2872	0.5106	0.2337	0.157	-0.112	0.365	46.99	0.404	0.442	436	459	-0.366885	0.071895	
A/Anhui/33163/2016|EPI_IS	0.2336	0.2940	0.5122	0.2334	0.151	-0.127	0.356	46.99	0.411	0.447	436	459	-0.327015	0.076253	
A/Anser_albifrons/Hubei/C	0.3333	0.2828	0.4228	0.2438	0.164	-0.103	0.373	55.41	0.402	0.435	450	469	-0.314286	0.091684	
A/Anser_cygnoides/China/P	0.3773	0.2401	0.3719	0.2708	0.172	-0.083	0.386	50.20	0.388	0.434	428	449	-0.217372	0.097996	
A/Anser_cygnoides/Hubei/F	0.3882	0.2134	0.4118	0.2362	0.160	-0.148	0.338	52.04	0.349	0.434	447	470	-0.216809	0.095745	
A/Anser_fabalis/Hunan/03.	0.2708	0.2842	0.4599	0.2686	0.157	-0.131	0.356	51.25	0.421	0.448	432	456	-0.353947	0.074561	
A/Anser_fabalis/Jiujiang/	0.3827	0.2704	0.3212	0.2837	0.189	-0.049	0.408	53.18	0.423	0.443	444	469	-0.273774	0.102345	
A/bar_headed_goose/Tibet/	0.3540	0.2455	0.3971	0.2566	0.159	-0.118	0.357	53.54	0.389	0.447	445	470	-0.203404	0.095745	
A/Bar-headed_Goose/Qingha	0.3805	0.2185	0.4052	0.2444	0.158	-0.151	0.337	52.14	0.359	0.438	448	470	-0.214043	0.095745	
A/Bar-headed_Goose/Qingha	0.3814	0.2191	0.4094	0.2419	0.160	-0.148	0.339	51.67	0.357	0.435	448	470	-0.212979	0.097872	
A/Bar-headed_Goose/Qingha	0.3805	0.2185	0.4052	0.2444	0.158	-0.151	0.337	52.11	0.359	0.438	448	470	-0.218724	0.093617	
A/Bar-headed_Goose/Qingha	0.3805	0.2185	0.4052	0.2444	0.158	-0.151	0.337	52.14	0.359	0.438	448	470	-0.214043	0.095745	
A/Bar-headed_Goose/Qingha	0.3805	0.2185	0.4052	0.2444	0.158	-0.151	0.337	52.14	0.359	0.438	448	470	-0.214043	0.095745	
A/Bar-headed_Goose/Qingha	0.3779	0.2185	0.4012	0.2500	0.158	-0.145	0.339	52.09	0.364	0.438	448	470	-0.211915	0.093617	
A/Bar-headed_Goose/Qingha	0.3805	0.2185	0.4012	0.2468	0.158	-0.145	0.339	52.31	0.362	0.438	448	470	-0.207234	0.095745	
A/Bar-headed_Goose/Qingha	0.3805	0.2185	0.4023	0.2476	0.159	-0.147	0.339	52.09	0.362	0.438	448	470	-0.214043	0.095745	
A/Bar-headed_Goose/Qingha	0.3805	0.2185	0.4052	0.2444	0.158	-0.151	0.337	52.14	0.359	0.438	448	470	-0.214043	0.095745	
A/Bar-headed_Goose/Qingha	0.3805	0.2185	0.4041	0.2444	0.159	-0.146	0.339	52.24	0.359	0.438	448	470	-0.209575	0.093617	
A/Bar-headed_Goose/Qingha	0.3805	0.2185	0.4041	0.2436	0.157	-0.149	0.337	52.38	0.359	0.438	448	470	-0.211915	0.093617	
A/Bar-headed_Goose/Qingha	0.3805	0.2185	0.4052	0.2444	0.158	-0.151	0.337	52.14	0.359	0.438	448	470	-0.214043	0.095745	
A/Bar-headed_Goose/Qingha	0.3805	0.2185	0.4052	0.2444	0.158	-0.151	0.337	52.14	0.359	0.438	448	470	-0.214043	0.095745	
A/Bar-headed_Goose/Qingha	0.3805	0.2185	0.4052	0.2444	0.158	-0.151	0.337	52.14	0.359	0.438	448	470	-0.214043	0.095745	
A/Bar-headed_Goose/Qingha	0.3785	0.2174	0.4052	0.2444	0.155	-0.152	0.335	51.94	0.359	0.438	448	470	-0.212553	0.093617	
A/Bar-headed_Goose/Qingha	0.3805	0.2185	0.4052	0.2444	0.158	-0.151	0.337	52.14	0.359	0.438	448	470	-0.214043	0.095745	
A/Bar-headed_Goose/Qingha	0.3805	0.2185	0.4023	0.2468	0.160	-0.140	0.344	52.31	0.362	0.439	448	470	-0.219787	0.095745	
A/Bar-headed_Goose/Qingha	0.3805	0.2185	0.4052	0.2444	0.158	-0.151	0.337	52.14	0.359	0.438	448	470	-0.214043	0.095745	
A/Bar-headed_Goose/Qingha	0.3805	0.2185	0.4052	0.2444	0.158	-0.151	0.337	52.14	0.359	0.438	448	470	-0.214043	0.095745	
A/Bar-headed_Goose/Qingha	0.3830	0.2159	0.4052	0.2444	0.159	-0.151	0.337	52.08	0.357	0.437	448	470	-0.214043	0.095745	
A/Bar-headed_Goose/Qingha	0.3805	0.2185	0.4082	0.2412	0.158	-0.151	0.337	52.03	0.357	0.437	448	470	-0.218724	0.093617	
A/Bar-headed_Goose/Qingha	0.3805	0.2185	0.4052	0.2444	0.158	-0.151	0.337	52.14	0.359	0.438	448	470	-0.214043	0.095745	
A/Bar-headed_Goose/Qingha	0.3805	0.2185	0.4052	0.2444	0.158	-0.151	0.337	52.14	0.359	0.438	448	470	-0.214043	0.095745	
A/Bar-headed_Goose/Qingha	0.3798	0.2222	0.4041	0.2436	0.163	-0.147	0.339	52.26	0.362	0.438	448	470	-0.194468	0.095745	
A/Bar-headed_Goose/Qingha	0.3798	0.2222	0.4041	0.2436	0.163	-0.147	0.339	52.26	0.362	0.438	448	470	-0.194468	0.095745	
A/Bar-headed_Goose/Qingha	0.3798	0.2222	0.4041	0.2436	0.163	-0.147	0.339	52.26	0.362	0.438	448	470	-0.194468	0.095745	
A/Bar-headed_Goose/Qingha	0.3798	0.2248	0.4023	0.2436	0.165	-0.141	0.344	52.27	0.364	0.440	448	470	-0.209362	0.097872	
A/Bar-headed_Goose/Qingha	0.3798	0.2222	0.4041	0.2436	0.163	-0.147	0.339	52.26	0.362	0.438	448	470	-0.194468	0.095745	
A/Bar-headed_Goose/Qingha	0.3805	0.2185	0.4052	0.2436	0.159	-0.147	0.339	52.16	0.359	0.438	448	470	-0.214681	0.095745	
A/Bar-headed_Goose/Qingha	0.3830	0.2185	0.4052	0.2404	0.160	-0.148	0.339	52.19	0.357	0.438	448	470	-0.225107	0.095745	
A/Bar-headed_Goose/Qingha	0.3830	0.2185	0.4041	0.2404	0.160	-0.147	0.339	52.13	0.357	0.438	448	470	-0.208298	0.095745	
A/Bar-headed_Goose/Qingha	0.3805	0.2185	0.4064	0.2452	0.158	-0.155	0.335	52.12	0.359	0.437	448	470	-0.206383	0.097872	
A/Bar-headed_Goose/Qingha	0.3830	0.2185	0.4052	0.2412	0.160	-0.147	0.339	52.14	0.357	0.437	448	470	-0.214043	0.095745	
A/Bar-headed_Goose/Qingha	0.3805	0.2185	0.4052	0.2444	0.158	-0.151	0.337	52.14	0.359	0.438	448	470	-0.214043	0.095745	
A/Bar-headed_Goose/Qingha	0.3798	0.2222	0.4041	0.2436	0.163	-0.147	0.339	52.26	0.362	0.438	448	470	-0.194468	0.095745	
A/Bar-headed_Goose/Qingha	0.3805	0.2185	0.4052	0.2444	0.158	-0.151	0.337	52.14	0.359	0.438	448	470	-0.214043	0.095745	
A/Bar-headed_Goose/Qingha	0.3753	0.2493	0.3533	0.2867	0.173	-0.096	0.381	48.96	0.407	0.440	425	449	-0.262584	0.100223	
A/Bar-headed_Goose/Qingha	0.3805	0.2185	0.4052	0.2444	0.158	-0.151	0.337	52.14	0.359	0.438	448	470	-0.214043	0.095745	
A/Bar-headed_Goose/Qingha	0.3805	0.2185	0.4052	0.2444	0.158	-0.151	0.337	52.14	0.359	0.438	448	470	-0.214043	0.095745	
A/Bar-headed_Goose/Qingha	0.3769	0.2205	0.4052	0.2444	0.156	-0.154	0.335	52.45	0.362	0.439	448	470	-0.215319	0.095745	
A/Bar-headed_Goose/Qingha	0.3779	0.2211	0.4052	0.2444	0.158	-0.151	0.337	52.44	0.362	0.438	448	470	-0.214043	0.095745	
A/Bar-headed_Goose/Qingha	0.3779	0.2211	0.4052	0.2444	0.158	-0.151	0.337	52.44	0.362	0.438	448	470	-0.214043	0.095745	
A/Bar-headed_Goose/Qingha	0.3779	0.2211	0.4052	0.2444	0.158	-0.151	0.337	52.44	0.362	0.438	448	470	-0.214043	0.095745	
A/Bar-headed_Goose/Qingha	0.3805	0.2185	0.4052	0.2444	0.158	-0.151	0.337	52.14	0.359	0.438	448	470	-0.214043	0.095745	
A/Bar-headed_Goose/Qingha	0.3805	0.2185	0.4052	0.2444	0.158	-0.151	0.337	52.14	0.359	0.438	448	470	-0.214043	0.095745	
A/Bar-headed_Goose/Qingha	0.3830	0.2185	0.3983	0.2460	0.157	-0.149	0.337	52.27	0.362	0.439	448	470	-0.198511	0.095745	
A/Bar-headed_Goose/Qingha	0.3814	0.2165	0.4070	0.2436	0.159	-0.143	0.342	52.12	0.357	0.437	448	470	-0.214043	0.095745	
A/Bar-headed_Goose/Qingha	0.3805	0.2211	0.4035	0.2452	0.160	-0.147	0.339	52.27	0.362	0.439	448	470	-0.217873	0.097872	
A/Bar-headed_Goose/Qingha	0.3814	0.2191	0.4052	0.2444	0.159	-0.150	0.337	52.08	0.359	0.438	448	470	-0.209362	0.095745	
A/Bar-headed_Goose/Qingha	0.3814	0.2216	0.4035	0.2452	0.160	-0.148	0.339	52.44	0.362	0.438	448	470	-0.221915	0.097872	
A/Bar-headed_Goose/Qingha	0.3805	0.2185	0.4052	0.2444	0.158	-0.151	0.337	52.14	0.359	0.438	448	470	-0.214043	0.095745	
A/Bar-headed_Goose/Qingha	0.3805	0.2185	0.4052	0.2444	0.158	-0.151	0.337	52.14	0.359	0.438	448	470	-0.214043	0.095745	
A/Bar-headed_Goose/Qingha	0.3805	0.2185	0.4052	0.2444	0.158	-0.151	0.337	52.14	0.359	0.438	448	470	-0.214043	0.095745	
A/Bar-headed_Goose/Qingha	0.3805	0.2185	0.4052	0.2444	0.158	-0.151	0.337	52.14	0.359	0.438	448	470	-0.214043	0.095745	
A/Bar-headed_Goose/Qingha	0.3789	0.2191	0.4070	0.2436	0.158	-0.147	0.339	52.15	0.359	0.438	448	470	-0.214043	0.095745	
A/Bar-headed_Goose/Qingha	0.3779	0.2211	0.4023	0.2476	0.157	-0.155	0.335	52.20	0.364	0.439	448	470	-0.214043	0.095745	
A/Bar-headed_Goose/Qingha	0.3779	0.2211	0.4052	0.2444	0.157	-0.155	0.335	52.14	0.362	0.438	448	470	-0.214043	0.095745	
A/Bar-headed_Goose/Qingha	0.3805	0.2185	0.4052	0.2444	0.158	-0.151	0.337	52.14	0.359	0.438	448	470	-0.214043	0.095745	
A/Bar-headed_Goose/Qingha	0.3805	0.2185	0.4052	0.2444	0.158	-0.151	0.337	52.14	0.359	0.438	448	470	-0.214043	0.095745	
A/Bar-headed_Goose/Qingha	0.3805	0.2185	0.4052	0.2444	0.158	-0.151	0.337	52.14	0.359	0.438	448	470	-0.214043	0.095745	
A/Bar-headed_Goose/Qingha	0.3805	0.2185	0.4052	0.2444	0.159	-0.152	0.337	52.25	0.359	0.438	448	470	-0.205319	0.095745	
A/Bar-headed_Goose/Qingha	0.3805	0.2185	0.4052	0.2444	0.158	-0.151	0.337	52.14	0.359	0.438	448	470	-0.214043	0.095745	
A/Bar-headed_Goose/Qingha	0.3805	0.2185	0.4052	0.2444	0.158	-0.151	0.337	52.14	0.359	0.438	448	470	-0.214043	0.095745	
A/Bar-headed_Goose/Qingha	0.3830	0.2185	0.4052	0.2412	0.159	-0.147	0.339	52.19	0.357	0.437	448	470	-0.214043	0.095745	
A/Bar-headed_Goose/Qingha	0.3830	0.2185	0.4023	0.2444	0.160	-0.143	0.342	52.14	0.359	0.438	448	470	-0.214043	0.095745	
A/Bar-headed_Goose/Qingha	0.3805	0.2185	0.4052	0.2444	0.158	-0.151	0.337	52.14	0.359	0.438	448	470	-0.214043	0.095745	
A/Bar-headed_Goose/Qingha	0.3805	0.2185	0.4052	0.2444	0.158	-0.151	0.337	52.14	0.359	0.438	448	470	-0.214043	0.095745	
A/Bar-headed_Goose/Qingha	0.3805	0.2185	0.4052	0.2444	0.158	-0.151	0.337	52.14	0.359	0.438	448	470	-0.214043	0.095745	
A/Bar-headed_Goose/Qingha	0.3789	0.2191	0.4070	0.2436	0.158	-0.147	0.339	52.15	0.359	0.438	448	470	-0.214043	0.095745	
A/Bar-headed_Goose/Qingha	0.3805	0.2185	0.4052	0.2444	0.158	-0.151	0.337	52.14	0.359	0.438	448	470	-0.214043	0.095745	
A/Bar-headed_Goose/Qingha	0.3805	0.2185	0.4052	0.2444	0.158	-0.151	0.337	52.14	0.359	0.438	448	470	-0.214043	0.095745	
A/Bar-headed_Goose/Qingha	0.3805	0.2185	0.4052	0.2444	0.158	-0.151	0.337	52.14	0.359	0.438	448	470	-0.214043	0.095745	
A/Bar-headed_Goose/Qingha	0.3805	0.2185	0.4052	0.2444	0.158	-0.151	0.337	52.14	0.359	0.438	448	470	-0.214043	0.095745	
A/Bar-headed_Goose/Qingha	0.3805	0.2185	0.4052	0.2444	0.158	-0.151	0.337	52.14	0.359	0.438	448	470	-0.214043	0.095745	
A/Bar-headed_Goose/Qingha	0.3805	0.2185	0.4041	0.2436	0.157	-0.149	0.337	52.45	0.359	0.438	448	470	-0.203830	0.093617	
A/Bar-headed_goose/Qingha	0.2526	0.2658	0.5106	0.2500	0.147	-0.158	0.339	47.50	0.396	0.440	437	459	-0.340305	0.076253	
A/Bar-headed_goose/Qingha	0.2500	0.2684	0.5106	0.2500	0.147	-0.154	0.341	47.59	0.398	0.441	437	459	-0.340305	0.076253	
A/Bar-headed_goose/Qingha	0.2533	0.2665	0.5106	0.2500	0.149	-0.159	0.339	47.59	0.396	0.439	437	459	-0.338998	0.076253	
A/Bar-headed_goose/Qingha	0.2526	0.2658	0.5106	0.2500	0.147	-0.158	0.339	47.50	0.396	0.440	437	459	-0.340305	0.076253	
A/Bar-headed_goose/Qingha	0.2526	0.2658	0.5106	0.2500	0.147	-0.158	0.339	47.50	0.396	0.440	437	459	-0.340305	0.076253	
A/Bar-headed_goose/Qingha	0.2526	0.2658	0.5106	0.2500	0.147	-0.158	0.339	47.50	0.396	0.440	437	459	-0.340305	0.076253	
A/Bar-headed_goose/Qingha	0.2526	0.2658	0.5106	0.2500	0.147	-0.158	0.339	47.50	0.396	0.440	437	459	-0.340305	0.076253	
A/Bar-headed_goose/Qingha	0.2526	0.2658	0.5106	0.2500	0.147	-0.158	0.339	47.50	0.396	0.440	437	459	-0.340305	0.076253	
A/Bar-headed_Goose/Qingha	0.3779	0.2185	0.4012	0.2500	0.158	-0.145	0.339	52.09	0.364	0.438	448	470	-0.211915	0.093617	
A/Bar-headed_Goose/Qingha	0.3805	0.2185	0.4064	0.2452	0.158	-0.155	0.335	52.12	0.359	0.438	448	470	-0.205532	0.097872	
A/Bar-headed_Goose/Qingha	0.3805	0.2185	0.4052	0.2444	0.158	-0.151	0.337	52.14	0.359	0.438	448	470	-0.214043	0.095745	
A/Bar-headed_Goose/Qingha	0.3830	0.2159	0.4052	0.2444	0.157	-0.155	0.335	52.01	0.357	0.437	448	470	-0.214043	0.095745	
A/Bar-headed_Goose/Qingha	0.3779	0.2185	0.4041	0.2468	0.158	-0.145	0.339	52.01	0.362	0.438	448	470	-0.211915	0.093617	
A/Bar-headed_Goose/Qingha	0.3805	0.2185	0.4023	0.2476	0.159	-0.147	0.339	52.09	0.362	0.438	448	470	-0.214043	0.095745	
A/Bar-headed_Goose/Qingha	0.3805	0.2185	0.4052	0.2444	0.158	-0.151	0.337	52.14	0.359	0.438	448	470	-0.214043	0.095745	
A/Bar-headed_Goose/Tibet/	0.3610	0.2416	0.4041	0.2467	0.161	-0.117	0.358	53.36	0.378	0.443	444	470	-0.193830	0.093617	
A/Bar-headed_Goose/Tibet/	0.3566	0.2429	0.3971	0.2566	0.159	-0.118	0.357	53.26	0.387	0.446	445	470	-0.203404	0.095745	
A/Bar-headed_Goose/Tibet/	0.3566	0.2429	0.3971	0.2566	0.159	-0.118	0.357	53.26	0.387	0.446	445	470	-0.203404	0.095745	
A/Bar-headed_Goose/Tibet/	0.3584	0.2442	0.4041	0.2467	0.161	-0.117	0.358	53.38	0.381	0.444	444	470	-0.193830	0.093617	
A/Bar-headed_Goose/Tibet/	0.3795	0.2667	0.3354	0.2847	0.185	-0.081	0.390	51.27	0.419	0.443	444	469	-0.236247	0.106610	
A/Bar-headed_Goose/Tibet/	0.3795	0.2667	0.3354	0.2847	0.185	-0.081	0.390	51.27	0.419	0.443	444	469	-0.236247	0.106610	
A/Bar-headed_Goose/Tibet/	0.3540	0.2455	0.3971	0.2566	0.159	-0.118	0.357	53.54	0.389	0.447	445	470	-0.203404	0.095745	
A/Bar-headed_Goose/Tibet/	0.3566	0.2429	0.3971	0.2566	0.159	-0.118	0.357	53.26	0.387	0.446	445	470	-0.203404	0.095745	
A/Bar-headed_Goose/Tibet/	0.3566	0.2429	0.3971	0.2566	0.159	-0.118	0.357	53.26	0.387	0.446	445	470	-0.203404	0.095745	
A/Bar-headed_Goose/Tibet/	0.3566	0.2429	0.3971	0.2566	0.159	-0.118	0.357	53.26	0.387	0.446	445	470	-0.203404	0.095745	
A/Bar-headed_Goose/Tibet/	0.3566	0.2429	0.3971	0.2566	0.159	-0.118	0.357	53.26	0.387	0.446	445	470	-0.203404	0.095745	
A/Bar-headed_Goose/Tibet/	0.3575	0.2435	0.4029	0.2492	0.159	-0.118	0.357	53.29	0.382	0.445	445	470	-0.207447	0.093617	
A/Bar-headed_Goose/Tibet/	0.3584	0.2442	0.4041	0.2467	0.161	-0.117	0.358	53.38	0.381	0.444	444	470	-0.193830	0.093617	
A/Bar-headed_Goose/Tibet/	0.3610	0.2416	0.4041	0.2467	0.161	-0.117	0.358	53.36	0.378	0.443	444	470	-0.193830	0.093617	
A/bean_goose/Hubei/BQ11/2	0.3575	0.2435	0.3971	0.2557	0.157	-0.121	0.355	53.41	0.387	0.445	445	470	-0.216170	0.093617	
A/Bean_Goose/Hubei/chenhu	0.3747	0.2274	0.3639	0.2903	0.175	-0.113	0.361	53.18	0.399	0.454	446	470	-0.209149	0.095745	
A/Bean_goose/Hubei/CH-i11	0.3789	0.2191	0.4041	0.2468	0.158	-0.145	0.339	52.08	0.362	0.438	448	470	-0.217660	0.093617	
A/Bean_goose/Hubei/CH-i12	0.3805	0.2185	0.4023	0.2476	0.158	-0.147	0.339	52.12	0.362	0.438	448	470	-0.214681	0.093617	
A/Bean_goose/Hubei/CH-I22	0.2334	0.2891	0.5182	0.2345	0.157	-0.119	0.360	46.12	0.406	0.444	436	459	-0.349020	0.076253	
A/Bean_goose/Hubei/CH-i32	0.3805	0.2185	0.4082	0.2412	0.158	-0.151	0.337	52.06	0.357	0.437	448	470	-0.214043	0.095745	
A/black_chicken/Jiangxi/1	0.2682	0.2812	0.4611	0.2768	0.150	-0.136	0.355	50.84	0.422	0.444	445	470	-0.348723	0.072340	
A/Black_faced_Spoonbill/A	0.3913	0.2685	0.3180	0.2867	0.190	-0.062	0.401	51.50	0.421	0.441	444	469	-0.263326	0.104478	
A/Black_Faced_Spoonbill/H	0.3882	0.2648	0.3140	0.3021	0.190	-0.070	0.396	51.67	0.428	0.443	444	469	-0.266311	0.106610	
A/Black_Faced_Spoonbill/H	0.3862	0.2711	0.3160	0.2937	0.191	-0.050	0.408	51.62	0.428	0.442	444	469	-0.262473	0.106610	
A/black_swan/Beijing/1/20	0.3488	0.2506	0.3971	0.2557	0.157	-0.125	0.355	53.27	0.393	0.451	445	470	-0.224042	0.093617	
A/black-backed_gull/Shand	0.3592	0.2403	0.4000	0.2525	0.157	-0.121	0.355	53.01	0.382	0.445	445	470	-0.208723	0.093617	
A/Black-necked_Grebe/Inne	0.3770	0.2460	0.3553	0.2832	0.171	-0.102	0.376	49.21	0.402	0.440	425	449	-0.240757	0.097996	
A/Black-necked_Grebe/Inne	0.3753	0.2520	0.3522	0.2832	0.174	-0.094	0.381	49.98	0.407	0.441	425	449	-0.247661	0.097996	
A/Black-necked_Grebe/Inne	0.3753	0.2520	0.3522	0.2832	0.174	-0.092	0.381	49.68	0.407	0.440	425	449	-0.237416	0.097996	
A/Black-necked_Grebe/Inne	0.3753	0.2520	0.3522	0.2832	0.174	-0.094	0.381	49.98	0.407	0.441	425	449	-0.247661	0.097996	
A/Black-necked_Grebe/Inne	0.3753	0.2520	0.3522	0.2832	0.174	-0.094	0.381	49.98	0.407	0.441	425	449	-0.247661	0.097996	
A/Black-necked_Grebe/Inne	0.3753	0.2520	0.3522	0.2832	0.174	-0.094	0.381	49.98	0.407	0.441	425	449	-0.247661	0.097996	
A/Black-necked_Grebe/Inne	0.3753	0.2520	0.3522	0.2832	0.174	-0.094	0.381	49.98	0.407	0.441	425	449	-0.247661	0.097996	
A/Black-necked_Grebe/Inne	0.3753	0.2520	0.3522	0.2832	0.174	-0.094	0.381	49.98	0.407	0.441	425	449	-0.247661	0.097996	
A/Brown-headed_Gull/Qingh	0.3830	0.2185	0.4082	0.2379	0.160	-0.148	0.339	52.04	0.355	0.436	448	470	-0.206170	0.095745	
A/Brown-headed_Gull/Qingh	0.3805	0.2185	0.4052	0.2444	0.158	-0.151	0.337	52.14	0.359	0.438	448	470	-0.214043	0.095745	
A/Brown-headed_Gull/Qingh	0.3805	0.2185	0.4052	0.2444	0.158	-0.151	0.337	52.14	0.359	0.438	448	470	-0.214043	0.095745	
A/Brown-headed_Gull/Qingh	0.3805	0.2185	0.4052	0.2444	0.158	-0.151	0.337	52.14	0.359	0.438	448	470	-0.214043	0.095745	
A/Brown-headed_Gull/Qingh	0.3795	0.2179	0.4052	0.2444	0.156	-0.154	0.335	52.15	0.359	0.438	448	470	-0.215319	0.095745	
A/Brown-headed_Gull/Qingh	0.3805	0.2185	0.4052	0.2444	0.158	-0.151	0.337	52.14	0.359	0.438	448	470	-0.214043	0.095745	
A/Brown-headed_Gull/Qingh	0.3805	0.2185	0.4052	0.2444	0.158	-0.151	0.337	52.14	0.359	0.438	448	470	-0.213192	0.095745	
A/Brown-headed_Gull/Qingh	0.3805	0.2185	0.4052	0.2444	0.158	-0.151	0.337	52.14	0.359	0.438	448	470	-0.214043	0.095745	
A/Brown-headed_Gull/Qingh	0.3830	0.2159	0.4052	0.2444	0.159	-0.147	0.339	52.12	0.357	0.437	448	470	-0.214043	0.095745	
A/brown-headed_gull/Tibet	0.3575	0.2435	0.3971	0.2557	0.158	-0.121	0.355	53.28	0.387	0.445	445	470	-0.216170	0.093617	
A/Brown-headed_Gull/Tibet	0.3584	0.2442	0.4041	0.2467	0.161	-0.117	0.358	53.38	0.381	0.444	444	470	-0.193830	0.093617	
A/Brown-headed_Gull/Tibet	0.3540	0.2455	0.3971	0.2566	0.157	-0.123	0.355	53.39	0.389	0.448	445	470	-0.213191	0.093617	
A/Brown-headed_Gull/Tibet	0.3566	0.2429	0.3971	0.2566	0.158	-0.122	0.355	53.41	0.387	0.448	445	470	-0.207234	0.093617	
A/canine/China/GX30/2023|	0.2817	0.2487	0.4615	0.2867	0.141	-0.188	0.321	48.13	0.405	0.442	449	470	-0.315319	0.076596	
A/cat/Sichuan/SC18/2014|E	0.2663	0.2846	0.4554	0.2808	0.152	-0.116	0.365	51.52	0.428	0.446	446	470	-0.370638	0.072340	
A/cat/Zhejiang/C1/2016|EP	0.2368	0.2816	0.5168	0.2456	0.147	-0.155	0.339	46.79	0.406	0.442	436	459	-0.317865	0.076253	
A/cat/Zhejiang/C2/2016|EP	0.2467	0.2703	0.5121	0.2465	0.148	-0.155	0.339	46.63	0.398	0.442	437	459	-0.304139	0.076253	
A/Changsha/1/2014|EPI_ISL	0.2348	0.2850	0.5167	0.2379	0.153	-0.145	0.346	46.35	0.406	0.445	436	459	-0.345534	0.076253	
A/chicken/Anhui/S1740/202	0.3866	0.2680	0.3455	0.2604	0.186	-0.067	0.397	51.91	0.404	0.440	443	469	-0.223667	0.104478	
A/chicken/Beijing/BJ7/201	0.3773	0.2558	0.3933	0.2361	0.171	-0.080	0.385	51.55	0.378	0.427	442	466	-0.290773	0.085837	
A/chicken/CH/a556/2015|EP	0.3727	0.2861	0.3929	0.2030	0.170	-0.134	0.357	54.17	0.383	0.428	426	449	-0.298441	0.086860	
A/chicken/Changhua/150101	0.3804	0.2544	0.4079	0.2138	0.166	-0.140	0.350	51.03	0.363	0.424	449	469	-0.278678	0.087420	
A/chicken/Changhua/150102	0.3804	0.2544	0.4079	0.2138	0.166	-0.140	0.350	51.03	0.363	0.424	449	469	-0.278678	0.087420	
A/chicken/Changhua/150103	0.3804	0.2544	0.4091	0.2145	0.166	-0.140	0.350	51.01	0.363	0.424	449	469	-0.284435	0.087420	
A/chicken/Changhua/150103	0.3794	0.2563	0.4030	0.2188	0.165	-0.139	0.350	51.26	0.367	0.426	449	469	-0.279744	0.087420	
A/chicken/Changhua/150103	0.3794	0.2563	0.4030	0.2180	0.165	-0.140	0.350	51.52	0.367	0.425	449	469	-0.284009	0.087420	
A/chicken/Changhua/150103	0.3794	0.2563	0.4030	0.2188	0.166	-0.139	0.350	51.32	0.367	0.425	449	469	-0.267591	0.087420	
A/chicken/Changhua/150400	0.3795	0.2205	0.4023	0.2436	0.166	-0.141	0.344	50.77	0.362	0.440	448	470	-0.233830	0.095745	
A/chicken/Changhua/150400	0.3785	0.2174	0.4082	0.2412	0.162	-0.145	0.342	50.01	0.357	0.439	448	470	-0.234468	0.095745	
A/chicken/Changhua/150400	0.3760	0.2225	0.4082	0.2379	0.159	-0.145	0.342	50.42	0.359	0.439	448	470	-0.235319	0.095745	
A/chicken/Changhua/150400	0.3760	0.2225	0.4111	0.2347	0.160	-0.145	0.342	49.88	0.357	0.439	448	470	-0.234468	0.095745	
A/chicken/Changhua/150500	0.3804	0.2544	0.4109	0.2103	0.166	-0.143	0.347	50.21	0.361	0.423	449	469	-0.279531	0.087420	
A/chicken/Changhua/150500	0.3683	0.2251	0.4082	0.2436	0.164	-0.141	0.344	50.82	0.366	0.442	448	470	-0.235106	0.095745	
A/chicken/Changhua/150600	0.3804	0.2544	0.4054	0.2123	0.166	-0.140	0.350	50.72	0.363	0.425	449	469	-0.268017	0.087420	
A/chicken/Changhua/150600	0.3734	0.2199	0.4082	0.2436	0.163	-0.145	0.342	50.64	0.362	0.440	448	470	-0.235106	0.095745	
A/chicken/Changhua/150600	0.3829	0.2519	0.4079	0.2138	0.165	-0.147	0.345	50.57	0.361	0.423	449	469	-0.279531	0.087420	
A/chicken/Changhua/151200	0.3829	0.2594	0.4000	0.2145	0.171	-0.129	0.356	51.17	0.367	0.426	449	469	-0.276759	0.087420	
A/chicken/Changhua/160100	0.3819	0.2513	0.4121	0.2111	0.162	-0.150	0.343	50.33	0.359	0.421	449	469	-0.286567	0.087420	
A/chicken/Changhua/170600	0.3819	0.2538	0.4079	0.2103	0.163	-0.143	0.347	50.47	0.361	0.422	449	469	-0.273774	0.087420	
A/chicken/Changhua/180400	0.3885	0.2431	0.4024	0.2192	0.159	-0.165	0.333	50.57	0.358	0.423	450	469	-0.273774	0.085288	
A/chicken/Chiayi/15010287	0.3829	0.2519	0.4079	0.2138	0.167	-0.140	0.350	50.94	0.361	0.424	449	469	-0.278678	0.087420	
A/chicken/Chiayi/15010409	0.3794	0.2563	0.4043	0.2195	0.166	-0.144	0.347	51.42	0.367	0.424	449	469	-0.269723	0.089552	
A/chicken/Chiayi/15010454	0.3708	0.2251	0.4052	0.2436	0.163	-0.141	0.344	50.71	0.366	0.442	448	470	-0.235106	0.095745	
A/chicken/Chiayi/17040009	0.3819	0.2513	0.4134	0.2103	0.164	-0.142	0.347	49.78	0.359	0.422	449	469	-0.294456	0.087420	
A/chicken/Chiayi/18120003	0.3869	0.2487	0.4066	0.2131	0.163	-0.156	0.340	49.46	0.358	0.422	450	469	-0.273774	0.087420	
A/chicken/China/007/2019|	0.2414	0.2838	0.5091	0.2414	0.157	-0.125	0.358	48.81	0.406	0.446	436	459	-0.327669	0.076253	
A/chicken/China/Cangzhou0	0.3811	0.2737	0.3171	0.2917	0.190	-0.049	0.408	53.03	0.430	0.446	444	469	-0.272068	0.104478	
A/chicken/China/E93/2012|	0.3834	0.2547	0.3605	0.2561	0.189	-0.057	0.401	49.79	0.394	0.442	426	449	-0.250111	0.097996	
A/chicken/China/E96/2012|	0.3834	0.2547	0.3563	0.2587	0.188	-0.060	0.399	49.53	0.397	0.442	426	449	-0.233853	0.097996	
A/chicken/Chiping/0321/20	0.3866	0.2423	0.3976	0.2369	0.168	-0.104	0.371	50.35	0.367	0.423	442	466	-0.278326	0.085837	
A/chicken/chongqing/H1/20	0.2533	0.2880	0.4910	0.2349	0.164	-0.094	0.375	48.09	0.407	0.447	437	459	-0.367320	0.071895	
A/chicken/Chongqing/SD001	0.2394	0.2899	0.5090	0.2363	0.158	-0.097	0.373	46.95	0.407	0.442	437	459	-0.375381	0.074074	
A/chicken/Dongguan/2690/2	0.2375	0.2823	0.5091	0.2509	0.151	-0.139	0.349	46.99	0.411	0.444	436	459	-0.333987	0.076253	
A/chicken/Dongguan/3363/2	0.2401	0.2797	0.5106	0.2465	0.151	-0.145	0.346	47.00	0.406	0.444	436	459	-0.333333	0.076253	
A/chicken/Dongguan/4259/2	0.2342	0.2842	0.5046	0.2561	0.151	-0.139	0.350	47.21	0.416	0.447	437	459	-0.342919	0.076253	
A/chicken/Fujian/05.07_FZ	0.2438	0.2909	0.4968	0.2537	0.154	-0.117	0.362	47.63	0.417	0.444	417	438	-0.373059	0.079909	
A/chicken/Fujian/09.16_GT	0.2438	0.2909	0.4952	0.2537	0.154	-0.115	0.363	47.36	0.418	0.447	416	438	-0.374429	0.079909	
A/chicken/Fujian/10.08_FZ	0.2328	0.2884	0.5122	0.2422	0.153	-0.135	0.352	46.11	0.411	0.444	435	459	-0.345969	0.076253	
A/chicken/Fujian/11.23_FZ	0.2453	0.2800	0.5076	0.2457	0.158	-0.128	0.356	45.96	0.405	0.442	435	459	-0.349455	0.076253	
A/chicken/Gansu/5/2012|EP	0.3797	0.2540	0.3551	0.2648	0.186	-0.062	0.398	49.55	0.400	0.443	427	449	-0.234744	0.100223	
A/chicken/Gansu/6/2012|EP	0.3797	0.2540	0.3551	0.2648	0.186	-0.062	0.398	49.55	0.400	0.443	427	449	-0.234744	0.100223	
A/chicken/Ganzhou/GZ27/20	0.2387	0.2865	0.4985	0.2535	0.155	-0.128	0.356	47.79	0.416	0.449	435	459	-0.313290	0.076253	
A/chicken/Guangdong/04.15	0.2338	0.2986	0.4967	0.2528	0.157	-0.110	0.367	47.14	0.425	0.452	409	431	-0.404176	0.083527	
A/chicken/Guangdong/10.16	0.2263	0.2921	0.5198	0.2361	0.149	-0.135	0.351	46.52	0.411	0.447	436	459	-0.320479	0.076253	
A/chicken/Guangdong/GD160	0.2356	0.2827	0.5045	0.2500	0.148	-0.143	0.346	47.20	0.412	0.446	437	459	-0.279303	0.076253	
A/chicken/Guangdong/MG170	0.2387	0.2812	0.5137	0.2439	0.149	-0.150	0.345	46.84	0.405	0.442	435	459	-0.338562	0.074074	
A/chicken/Guangdong/MG171	0.2387	0.2812	0.5137	0.2431	0.148	-0.149	0.345	46.90	0.405	0.442	435	459	-0.340087	0.074074	
A/chicken/Guangdong/MG171	0.2334	0.2865	0.5167	0.2388	0.148	-0.144	0.347	46.97	0.407	0.444	435	459	-0.344880	0.071895	
A/chicken/Guangdong/MG171	0.2473	0.2846	0.5167	0.2260	0.167	-0.115	0.365	47.34	0.397	0.443	436	459	-0.351198	0.076253	
A/chicken/Guangdong/MG173	0.2774	0.2545	0.4645	0.2833	0.142	-0.187	0.321	48.04	0.408	0.443	449	470	-0.310638	0.076596	
A/chicken/Guangdong/MG173	0.2824	0.2494	0.4645	0.2833	0.140	-0.196	0.316	47.39	0.403	0.440	449	470	-0.322766	0.076596	
A/chicken/Guangxi/04.10_N	0.2444	0.2889	0.5016	0.2473	0.160	-0.122	0.361	47.37	0.413	0.449	416	438	-0.398402	0.079909	
A/chicken/Guangxi/16/2019	0.2400	0.2853	0.5076	0.2431	0.158	-0.117	0.362	46.93	0.408	0.446	434	459	-0.339869	0.076253	
A/chicken/Guangxi/S2039/2	0.3910	0.2314	0.3679	0.2669	0.172	-0.114	0.369	48.34	0.380	0.436	426	449	-0.252339	0.097996	
A/chicken/Guizhou/8.26_ZY	0.2414	0.2865	0.5046	0.2465	0.152	-0.122	0.360	47.09	0.411	0.444	436	459	-0.357081	0.076253	
A/chicken/GY/a451/2015|EP	0.3665	0.2880	0.3916	0.2090	0.175	-0.110	0.370	54.68	0.389	0.431	427	449	-0.306682	0.086860	
A/Chicken/Hangzhou/E1149/	0.2388	0.2808	0.4759	0.2784	0.144	-0.138	0.348	47.00	0.430	0.454	437	459	-0.327451	0.074074	
A/chicken/Hebei/3/2013|EP	0.3860	0.2461	0.3963	0.2318	0.170	-0.109	0.370	51.03	0.367	0.425	441	466	-0.293347	0.085837	
A/chicken/Heilongjiang/S7	0.3824	0.2481	0.3994	0.2334	0.168	-0.111	0.367	51.67	0.369	0.424	442	466	-0.278970	0.085837	
A/chicken/Henan/Q7/2013|E	0.3902	0.2429	0.3945	0.2369	0.169	-0.114	0.367	51.19	0.367	0.423	442	466	-0.298498	0.085837	
A/chicken/Hsinchu/1608000	0.3825	0.2475	0.4024	0.2241	0.161	-0.157	0.339	50.63	0.364	0.424	451	469	-0.272708	0.085288	
A/chicken/Hubei/03.06__WH	0.2388	0.2978	0.4951	0.2509	0.158	-0.110	0.367	47.40	0.423	0.451	409	431	-0.387703	0.081207	
A/chicken/Hubei/03.06__WH	0.2682	0.2812	0.4687	0.2637	0.155	-0.143	0.351	50.84	0.416	0.446	445	470	-0.344894	0.072340	
A/chicken/Hubei/2856/2007	0.3963	0.2394	0.3817	0.2349	0.175	-0.089	0.383	48.12	0.366	0.429	426	449	-0.249666	0.097996	
A/chicken/Hubei/ZYSJF11/2	0.2407	0.2804	0.5076	0.2500	0.154	-0.137	0.351	46.95	0.408	0.444	436	459	-0.340087	0.076253	
A/chicken/Hubei/ZYSJF16/2	0.2387	0.2838	0.5091	0.2457	0.157	-0.125	0.358	47.12	0.408	0.446	436	459	-0.325926	0.076253	
A/chicken/Hubei/ZYSJF38/2	0.2334	0.2891	0.5121	0.2422	0.156	-0.121	0.360	47.13	0.411	0.447	436	459	-0.325926	0.076253	
A/Chicken/Huizhou/16274/2	0.2348	0.2902	0.4985	0.2535	0.156	-0.121	0.360	47.84	0.420	0.450	436	459	-0.323747	0.076253	
A/chicken/Hunan/02.06_YYG	0.2255	0.2997	0.4955	0.2526	0.160	-0.099	0.372	48.12	0.428	0.452	435	458	-0.299563	0.076419	
A/chicken/Hunan/03.07_YYG	0.2334	0.2918	0.5137	0.2396	0.157	-0.118	0.362	47.66	0.411	0.444	436	459	-0.329194	0.076253	
A/chicken/Hunan/03.07_YYG	0.2334	0.2918	0.5137	0.2396	0.157	-0.118	0.362	47.66	0.411	0.444	436	459	-0.329194	0.076253	
A/chicken/Hunan/3.07_YYGK	0.2334	0.2918	0.5137	0.2396	0.157	-0.118	0.362	47.66	0.411	0.444	436	459	-0.329194	0.076253	
A/chicken/Hunan/04.14_YYG	0.2460	0.2751	0.5015	0.2517	0.145	-0.142	0.349	47.54	0.407	0.444	435	459	-0.373420	0.076253	
A/chicken/Hunan/04.14_YYK	0.2701	0.2834	0.4615	0.2676	0.158	-0.127	0.358	51.69	0.420	0.449	433	456	-0.348245	0.074561	
A/chicken/Hunan/04.14_YYX	0.2553	0.2658	0.5076	0.2500	0.147	-0.154	0.341	47.76	0.396	0.440	437	459	-0.340305	0.076253	
A/chicken/Hunan/12.07__YY	0.2773	0.2773	0.4646	0.2615	0.150	-0.133	0.356	51.26	0.411	0.443	433	456	-0.351535	0.074561	
A/chicken/Hunan/12.07_YYG	0.2735	0.2842	0.4568	0.2686	0.156	-0.113	0.366	52.86	0.421	0.447	432	456	-0.348903	0.074561	
A/chicken/Hunan/12.27_YYG	0.2320	0.2907	0.5000	0.2561	0.161	-0.107	0.369	47.44	0.422	0.451	434	459	-0.337255	0.076253	
A/chicken/Hunan/12.27_YYG	0.2460	0.2778	0.5090	0.2379	0.153	-0.124	0.358	47.77	0.399	0.443	436	459	-0.311111	0.076253	
A/chicken/Hunan/12.27_YYG	0.2267	0.2960	0.5000	0.2552	0.161	-0.104	0.371	47.44	0.426	0.453	434	459	-0.348584	0.076253	
A/chicken/Hunan/12.28_YYG	0.2410	0.2909	0.4984	0.2546	0.156	-0.116	0.363	47.60	0.418	0.446	416	438	-0.373744	0.079909	
A/chicken/Hunan/1793/2007	0.3936	0.2394	0.3762	0.2386	0.178	-0.101	0.373	48.49	0.371	0.434	426	449	-0.242762	0.097996	
A/chicken/Hunan/3157/2006	0.3979	0.2387	0.3797	0.2349	0.176	-0.100	0.378	48.47	0.366	0.432	426	449	-0.261693	0.100223	
A/chicken/Hunan/HN40/2015	0.2381	0.2831	0.5061	0.2466	0.152	-0.141	0.349	47.09	0.411	0.448	436	459	-0.327233	0.076253	
A/chicken/Hunan/HN58/2015	0.2342	0.2816	0.5091	0.2500	0.152	-0.132	0.352	46.93	0.412	0.450	437	459	-0.323965	0.076253	
A/chicken/Hunan/HN75/2015	0.2401	0.2823	0.5030	0.2544	0.151	-0.143	0.346	47.45	0.413	0.443	436	459	-0.333987	0.076253	
A/chicken/Hunan/HN158/201	0.2275	0.2857	0.5122	0.2561	0.150	-0.142	0.349	46.67	0.417	0.446	436	459	-0.355120	0.076253	
A/chicken/Hunan/HN244/201	0.2169	0.2963	0.5122	0.2561	0.152	-0.130	0.356	46.69	0.427	0.450	436	459	-0.359259	0.074074	
A/chicken/Hunan/HN245/201	0.2196	0.2937	0.5091	0.2595	0.152	-0.130	0.356	46.92	0.427	0.449	436	459	-0.355120	0.076253	
A/chicken/Hunan/HN247/201	0.2196	0.2937	0.5122	0.2561	0.151	-0.134	0.353	46.68	0.424	0.449	436	459	-0.359259	0.074074	
A/chicken/Hunan/HN248/201	0.2222	0.2910	0.5091	0.2595	0.151	-0.133	0.353	47.07	0.424	0.447	436	459	-0.349891	0.076253	
A/chicken/Hunan/HN249/201	0.2196	0.2937	0.5122	0.2561	0.151	-0.134	0.353	46.68	0.424	0.449	436	459	-0.359259	0.074074	
A/chicken/Hunan/HN250/201	0.2196	0.2937	0.5091	0.2595	0.152	-0.130	0.356	46.92	0.427	0.449	436	459	-0.355120	0.076253	
A/chicken/Hunan/HN251/201	0.2222	0.2910	0.5091	0.2595	0.151	-0.133	0.353	47.07	0.424	0.447	436	459	-0.349891	0.076253	
A/chicken/Hunan/HN252/201	0.2196	0.2937	0.5091	0.2595	0.152	-0.129	0.356	47.12	0.427	0.447	436	459	-0.349891	0.076253	
A/chicken/Hunan/HN254/201	0.2196	0.2937	0.5091	0.2595	0.152	-0.129	0.356	47.08	0.427	0.448	436	459	-0.349891	0.076253	
A/chicken/Hunan/HN255/201	0.2169	0.2963	0.5122	0.2561	0.153	-0.130	0.356	46.73	0.427	0.449	436	459	-0.359259	0.074074	
A/chicken/Hunan/HN263/201	0.2454	0.2744	0.5015	0.2569	0.150	-0.143	0.346	47.36	0.408	0.444	436	459	-0.325926	0.076253	
A/chicken/Hunan/HN264/201	0.2454	0.2770	0.4970	0.2561	0.151	-0.139	0.349	47.59	0.411	0.445	436	459	-0.320044	0.076253	
A/chicken/Hunan/HN265/201	0.2427	0.2770	0.5015	0.2569	0.151	-0.139	0.349	47.36	0.411	0.445	436	459	-0.320479	0.076253	
A/chicken/Hunan/HN266/201	0.2454	0.2744	0.5015	0.2569	0.150	-0.143	0.346	47.36	0.408	0.444	436	459	-0.325926	0.076253	
A/chicken/Hunan/HN301/201	0.2540	0.2674	0.5061	0.2509	0.152	-0.173	0.330	47.54	0.397	0.439	433	459	-0.300654	0.082789	
A/chicken/Hunan/HN302/201	0.2387	0.2838	0.5030	0.2517	0.156	-0.136	0.351	47.42	0.413	0.447	436	459	-0.340087	0.076253	
A/chicken/Hunan/HN303/201	0.2387	0.2838	0.5030	0.2517	0.156	-0.136	0.351	47.42	0.413	0.447	436	459	-0.340087	0.076253	
A/chicken/Hunan/HN304/201	0.2387	0.2838	0.5030	0.2517	0.156	-0.136	0.351	47.42	0.413	0.447	436	459	-0.340087	0.076253	
A/chicken/Hunan/HN305/201	0.2387	0.2838	0.5030	0.2517	0.156	-0.136	0.351	47.42	0.413	0.447	436	459	-0.340087	0.076253	
A/chicken/Hunan/HN306/201	0.2387	0.2838	0.5030	0.2517	0.156	-0.136	0.351	47.42	0.413	0.447	436	459	-0.340087	0.076253	
A/chicken/Hunan/HN307/201	0.2361	0.2865	0.5030	0.2517	0.157	-0.132	0.353	47.44	0.415	0.448	436	459	-0.340087	0.076253	
A/chicken/Hunan/HN308/201	0.2400	0.2827	0.4955	0.2568	0.157	-0.137	0.349	47.80	0.416	0.449	435	459	-0.316340	0.076253	
A/chicken/Hunan/S10029/20	0.3910	0.2420	0.3734	0.2555	0.175	-0.093	0.380	49.30	0.378	0.429	426	449	-0.200445	0.100223	
A/chicken/Jiangsu/03.17_W	0.3910	0.2287	0.3553	0.2832	0.164	-0.107	0.372	47.76	0.388	0.434	425	449	-0.229621	0.095768	
A/chicken/Jiangsu/927/201	0.3947	0.2320	0.3844	0.2464	0.177	-0.097	0.379	47.24	0.365	0.428	427	449	-0.217149	0.097996	
A/chicken/Jiangsu/1001/20	0.3862	0.2455	0.3994	0.2226	0.171	-0.106	0.371	51.54	0.362	0.428	445	466	-0.294850	0.083691	
A/chicken/Jiangsu/2477/20	0.3787	0.2427	0.3688	0.2714	0.171	-0.108	0.372	48.98	0.391	0.435	427	449	-0.236748	0.097996	
A/chicken/Jiangsu/k0402/2	0.3947	0.2267	0.3754	0.2607	0.170	-0.097	0.379	48.73	0.372	0.433	425	449	-0.258797	0.095768	
A/chicken/Jiangsu/SE2228/	0.3727	0.2520	0.3636	0.2695	0.173	-0.104	0.374	49.53	0.400	0.440	425	449	-0.246771	0.095768	
A/chicken/Jiangsu/WXBING2	0.2388	0.2756	0.5137	0.2465	0.147	-0.152	0.342	47.45	0.404	0.444	436	459	-0.327887	0.076253	
A/chicken/Jiangsu/WXS7393	0.2388	0.2756	0.5137	0.2465	0.147	-0.152	0.342	47.45	0.404	0.444	436	459	-0.327887	0.076253	
A/chicken/Jiangsu/XZ216/2	0.3880	0.2448	0.3994	0.2369	0.174	-0.094	0.378	50.57	0.367	0.421	442	466	-0.262232	0.085837	
A/chicken/Jiangsu/YB7/201	0.3910	0.2287	0.3628	0.2770	0.165	-0.114	0.369	48.08	0.384	0.431	425	449	-0.237416	0.095768	
A/chicken/Jiangxi/01.14_N	0.2316	0.2895	0.5106	0.2431	0.150	-0.135	0.351	46.73	0.413	0.447	436	459	-0.320697	0.076253	
A/chicken/Jiangxi/02.05_Y	0.2334	0.2865	0.5166	0.2371	0.153	-0.140	0.349	46.45	0.406	0.443	436	459	-0.341176	0.076253	
A/chicken/Jiangxi/02.05_Y	0.2423	0.2930	0.4967	0.2500	0.158	-0.115	0.364	47.80	0.418	0.449	409	431	-0.383295	0.083527	
A/chicken/Jiangxi/04.01__	0.2416	0.2949	0.4951	0.2509	0.157	-0.115	0.364	47.14	0.421	0.450	409	431	-0.387703	0.081207	
A/chicken/Jiangxi/04.01__	0.2336	0.2913	0.5091	0.2413	0.151	-0.131	0.353	46.82	0.413	0.447	436	459	-0.309150	0.076253	
A/chicken/Jiangxi/04.01__	0.2342	0.2921	0.5076	0.2396	0.153	-0.127	0.356	46.87	0.413	0.447	436	459	-0.321351	0.076253	
A/chicken/Jiangxi/04.01__	0.2336	0.2913	0.5091	0.2413	0.151	-0.131	0.353	46.82	0.413	0.447	436	459	-0.309150	0.076253	
A/chicken/Jiangxi/04.01__	0.2617	0.2876	0.4641	0.2724	0.153	-0.128	0.359	51.10	0.426	0.446	446	470	-0.343617	0.072340	
A/chicken/Jiangxi/04.01__	0.2444	0.2889	0.5016	0.2500	0.150	-0.136	0.351	47.39	0.413	0.445	416	438	-0.380822	0.079909	
A/chicken/Jiangxi/04.01_N	0.2336	0.2913	0.5091	0.2413	0.151	-0.131	0.353	46.82	0.413	0.447	436	459	-0.309150	0.076253	
A/chicken/Jiangxi/04.01_N	0.2336	0.2913	0.5091	0.2413	0.151	-0.131	0.353	46.82	0.413	0.447	436	459	-0.309150	0.076253	
A/chicken/Jiangxi/04.01_N	0.2336	0.2913	0.5091	0.2413	0.151	-0.131	0.353	46.82	0.413	0.447	436	459	-0.309150	0.076253	
A/chicken/Jiangxi/04.01_N	0.2388	0.2978	0.4951	0.2509	0.158	-0.110	0.367	47.40	0.423	0.451	409	431	-0.387703	0.081207	
A/chicken/Jiangxi/04.01_N	0.2336	0.2913	0.5091	0.2413	0.151	-0.131	0.353	46.82	0.413	0.447	436	459	-0.309150	0.076253	
A/chicken/Jiangxi/04.01_N	0.2767	0.2877	0.4934	0.2206	0.156	-0.084	0.386	52.09	0.398	0.443	415	435	-0.558391	0.098851	
A/chicken/Jiangxi/04.01_N	0.2366	0.2958	0.5033	0.2425	0.155	-0.117	0.363	47.38	0.417	0.449	408	431	-0.367981	0.081207	
A/chicken/Jiangxi/05.06__	0.2416	0.2978	0.4918	0.2509	0.159	-0.106	0.369	47.80	0.423	0.451	409	431	-0.387703	0.081207	
A/chicken/Jiangxi/10.30_N	0.3721	0.2532	0.4255	0.2021	0.159	-0.112	0.366	49.49	0.355	0.421	440	466	-0.277468	0.083691	
A/chicken/Jiangxi/12.05_N	0.2366	0.2958	0.5000	0.2500	0.157	-0.115	0.364	47.76	0.421	0.449	409	431	-0.398144	0.081207	
A/chicken/Jiangxi/12.05_N	0.2366	0.2958	0.5000	0.2500	0.157	-0.115	0.364	47.30	0.421	0.450	409	431	-0.387703	0.081207	
A/chicken/Jiangxi/12.05_N	0.2316	0.2895	0.5137	0.2404	0.150	-0.135	0.351	46.69	0.411	0.446	436	459	-0.309150	0.076253	
A/chicken/Jiangxi/12.05_N	0.2366	0.2958	0.4967	0.2537	0.158	-0.110	0.367	47.38	0.423	0.451	409	431	-0.387703	0.081207	
A/chicken/Jiangxi/12.05_N	0.2316	0.2895	0.5137	0.2404	0.150	-0.135	0.351	46.73	0.411	0.447	436	459	-0.308497	0.076253	
A/chicken/Jiangxi/25/2011	0.3883	0.2340	0.3648	0.2734	0.170	-0.107	0.373	48.19	0.385	0.433	426	449	-0.244989	0.097996	
A/Chicken/Jiangxi/45093/2	0.2388	0.2835	0.5061	0.2474	0.149	-0.143	0.346	46.74	0.410	0.443	437	459	-0.292810	0.076253	
A/chicken/Jiangxi/S40653/	0.3866	0.2706	0.3455	0.2569	0.185	-0.067	0.397	52.18	0.404	0.440	443	469	-0.223667	0.104478	
A/chicken/Jilin/04.11_CCH	0.2356	0.2827	0.5091	0.2483	0.147	-0.138	0.349	47.23	0.411	0.447	436	459	-0.317429	0.076253	
A/chicken/Jilin/04.12_MHK	0.3797	0.2433	0.3574	0.2832	0.170	-0.112	0.371	48.85	0.399	0.437	426	449	-0.242762	0.097996	
A/chicken/Jilin/04.12_MHK	0.3797	0.2406	0.3605	0.2832	0.168	-0.116	0.369	48.73	0.397	0.437	426	449	-0.242762	0.097996	
A/chicken/Jilin/04.12_MHK	0.3797	0.2433	0.3574	0.2832	0.170	-0.112	0.371	48.85	0.399	0.437	426	449	-0.242762	0.097996	
A/chicken/Jilin/04.12_MHK	0.3797	0.2433	0.3574	0.2832	0.170	-0.112	0.371	48.85	0.399	0.437	426	449	-0.242762	0.097996	
A/chicken/Jilin/04.25_MHK	0.3824	0.2406	0.3636	0.2760	0.169	-0.116	0.369	48.88	0.392	0.435	426	449	-0.242762	0.097996	
A/chicken/Jilin/S1255/201	0.3710	0.2554	0.3742	0.2626	0.175	-0.107	0.374	49.85	0.395	0.435	425	449	-0.239421	0.097996	
A/chicken/Jilin/S1271/201	0.3710	0.2554	0.3742	0.2626	0.175	-0.107	0.374	49.85	0.395	0.435	425	449	-0.239421	0.097996	
A/chicken/Kaohsiung/16MB0	0.3673	0.2270	0.4029	0.2452	0.164	-0.134	0.347	50.54	0.370	0.443	449	470	-0.210638	0.093617	
A/chicken/Kaohsiung/16010	0.3724	0.2245	0.3953	0.2524	0.160	-0.152	0.336	51.45	0.372	0.443	449	470	-0.225106	0.093617	
A/chicken/Kaohsiung/16020	0.3673	0.2270	0.4029	0.2460	0.163	-0.137	0.345	50.81	0.370	0.442	449	470	-0.218724	0.093617	
A/chicken/Kaohsiung/16040	0.3673	0.2270	0.4029	0.2452	0.164	-0.134	0.347	50.54	0.370	0.443	449	470	-0.210638	0.093617	
A/chicken/Kaohsiung/16070	0.3664	0.2265	0.4000	0.2476	0.164	-0.140	0.343	50.97	0.372	0.444	449	470	-0.214043	0.093617	
A/chicken/Kaohsiung/16120	0.3750	0.2245	0.4029	0.2389	0.164	-0.137	0.345	50.37	0.363	0.440	449	470	-0.219362	0.093617	
A/chicken/Kaohsiung/17030	0.3622	0.2321	0.4087	0.2404	0.162	-0.142	0.343	50.70	0.370	0.440	449	470	-0.218936	0.093617	
A/chicken/Kaohsiung/17040	0.3784	0.2531	0.4066	0.2158	0.163	-0.143	0.347	49.83	0.364	0.425	450	469	-0.276546	0.087420	
A/chicken/Kaohsiung/17100	0.3800	0.2550	0.3988	0.2192	0.168	-0.140	0.349	50.45	0.369	0.428	450	469	-0.287633	0.087420	
A/chicken/Kaohsiung/18080	0.3879	0.2469	0.4048	0.2150	0.166	-0.150	0.343	49.37	0.359	0.424	449	469	-0.289126	0.087420	
A/chicken/Kaohsiung/18080	0.3879	0.2469	0.4079	0.2116	0.166	-0.152	0.343	49.40	0.356	0.424	449	469	-0.294243	0.087420	
A/chicken/Liaoning/S4092/	0.3807	0.2574	0.3531	0.2613	0.189	-0.057	0.401	49.61	0.401	0.445	426	449	-0.244766	0.097996	
A/chicken/Liaoning/SD035/	0.3727	0.2547	0.3750	0.2562	0.179	-0.092	0.383	49.59	0.392	0.436	426	449	-0.240089	0.097996	
A/chicken/Miaoli/15010421	0.3760	0.2225	0.4023	0.2436	0.164	-0.141	0.344	50.70	0.364	0.441	448	470	-0.235106	0.095745	
A/chicken/Nantou/16110023	0.3715	0.2239	0.3942	0.2516	0.164	-0.137	0.345	51.01	0.372	0.443	449	470	-0.213404	0.093617	
A/chicken/New_Taipei_City	0.3648	0.2296	0.4029	0.2452	0.163	-0.133	0.347	50.80	0.372	0.443	449	470	-0.220213	0.093617	
A/chicken/New_Taipei_City	0.3648	0.2296	0.4058	0.2420	0.163	-0.133	0.347	50.71	0.370	0.443	449	470	-0.224256	0.091489	
A/chicken/New_Taipei_City	0.3819	0.2513	0.4079	0.2165	0.162	-0.155	0.340	50.02	0.362	0.422	450	469	-0.293603	0.087420	
A/chicken/New_Taipei_City	0.3744	0.2231	0.3988	0.2476	0.166	-0.138	0.345	49.70	0.367	0.441	449	470	-0.218936	0.093617	
A/chicken/New_Taipei_City	0.3718	0.2231	0.3960	0.2548	0.166	-0.135	0.347	50.26	0.372	0.440	449	470	-0.216596	0.093617	
A/chicken/New_Taipei_City	0.3718	0.2231	0.3931	0.2580	0.166	-0.135	0.347	50.49	0.374	0.442	449	470	-0.216596	0.093617	
A/chicken/New_Taipei_City	0.3718	0.2231	0.3960	0.2548	0.166	-0.135	0.347	50.26	0.372	0.440	449	470	-0.216596	0.093617	
A/chicken/New_Taipei_City	0.3800	0.2525	0.3910	0.2271	0.165	-0.139	0.348	50.74	0.373	0.429	451	469	-0.293390	0.085288	
A/chicken/Ningxia/2/2012|	0.3797	0.2540	0.3551	0.2648	0.186	-0.062	0.398	49.55	0.400	0.443	427	449	-0.234744	0.100223	
A/chicken/Ningxia/222/201	0.3797	0.2540	0.3540	0.2639	0.185	-0.065	0.396	49.58	0.400	0.444	427	449	-0.231626	0.097996	
A/chicken/PH/A2821/2013|E	0.3691	0.2827	0.3948	0.2074	0.173	-0.117	0.365	53.39	0.384	0.430	427	449	-0.306459	0.086860	
A/chicken/Pingtung/150500	0.3804	0.2544	0.4096	0.2096	0.168	-0.140	0.350	51.03	0.361	0.425	449	469	-0.264179	0.087420	
A/chicken/Pingtung/160200	0.3885	0.2556	0.3939	0.2160	0.171	-0.134	0.354	51.40	0.365	0.423	449	469	-0.277185	0.089552	
A/chicken/Pingtung/180100	0.3869	0.2462	0.4036	0.2184	0.167	-0.144	0.347	50.29	0.360	0.424	450	469	-0.283582	0.087420	
A/chicken/Pingtung/180200	0.3775	0.2550	0.3881	0.2305	0.167	-0.135	0.350	51.18	0.377	0.431	451	469	-0.292537	0.085288	
A/chicken/PT/a158/2015|EP	0.3639	0.2906	0.3948	0.2060	0.174	-0.114	0.368	54.85	0.389	0.431	427	449	-0.294209	0.086860	
A/chicken/Qingdao/1/2014|	0.3824	0.2455	0.3921	0.2422	0.171	-0.100	0.373	50.72	0.373	0.428	442	466	-0.270601	0.085837	
A/chicken/SC/a688/2015|EP	0.3717	0.2827	0.3981	0.2022	0.174	-0.118	0.365	54.05	0.379	0.428	427	449	-0.294209	0.086860	
A/chicken/Shaanxi/SD001/2	0.2400	0.2907	0.5045	0.2397	0.159	-0.100	0.372	47.08	0.411	0.444	436	459	-0.381046	0.074074	
A/chicken/Shandong/12.03_	0.3856	0.2314	0.3596	0.2842	0.164	-0.111	0.369	48.27	0.391	0.434	425	449	-0.236526	0.095768	
A/Chicken/Shandong/J01/20	0.4016	0.2234	0.3703	0.2652	0.171	-0.104	0.373	48.32	0.371	0.430	426	449	-0.265256	0.100223	
A/Chicken/Shandong/J02/20	0.3760	0.2613	0.3520	0.2613	0.185	-0.057	0.400	49.64	0.405	0.445	427	449	-0.241203	0.097996	
A/Chicken/Shandong/J03/20	0.3850	0.2487	0.3583	0.2613	0.186	-0.063	0.398	49.51	0.393	0.442	427	449	-0.244321	0.097996	
A/Chicken/Shandong/J04/20	0.3717	0.2647	0.3489	0.2674	0.187	-0.063	0.398	49.89	0.412	0.448	427	449	-0.250557	0.097996	
A/Chicken/Shandong/J06/20	0.3873	0.2281	0.3887	0.2491	0.165	-0.097	0.378	49.56	0.366	0.431	426	449	-0.228285	0.097996	
A/chicken/Shandong/KD0269	0.3907	0.2185	0.4006	0.2340	0.167	-0.129	0.349	51.79	0.353	0.438	447	470	-0.204468	0.100000	
A/chicken/Shandong/S3/201	0.3834	0.2461	0.3921	0.2414	0.172	-0.096	0.376	50.58	0.373	0.427	442	466	-0.278112	0.085837	
A/chicken/Shanghai/S1123/	0.3700	0.2547	0.3730	0.2652	0.173	-0.104	0.376	50.52	0.397	0.437	426	449	-0.240534	0.097996	
A/chicken/Shanghai/S4030/	0.3710	0.2581	0.3648	0.2669	0.176	-0.102	0.376	50.62	0.402	0.439	425	449	-0.252561	0.097996	
A/chicken/Shanxi/04.28_TG	0.2380	0.2861	0.5091	0.2431	0.157	-0.120	0.363	46.97	0.409	0.445	433	459	-0.332898	0.076253	
A/chicken/Shanxi/12.01_TG	0.2367	0.2819	0.5091	0.2440	0.156	-0.122	0.359	46.16	0.408	0.447	434	459	-0.343137	0.076253	
A/chicken/Shenzhen/433/20	0.2401	0.2823	0.5106	0.2422	0.151	-0.136	0.351	47.35	0.406	0.444	436	459	-0.348584	0.074074	
A/chicken/Shenzhen/552/20	0.2375	0.2823	0.5091	0.2509	0.151	-0.139	0.349	46.99	0.411	0.444	436	459	-0.333987	0.076253	
A/chicken/Shenzhen/715/20	0.2401	0.2823	0.5106	0.2422	0.151	-0.136	0.351	47.35	0.406	0.444	436	459	-0.348584	0.074074	
A/chicken/Shenzhen/1061/2	0.2381	0.2857	0.5122	0.2431	0.155	-0.134	0.353	46.50	0.408	0.444	436	459	-0.348584	0.076253	
A/chicken/Shenzhen/1845/2	0.2727	0.2753	0.4659	0.2680	0.150	-0.143	0.350	50.94	0.413	0.442	446	470	-0.320851	0.072340	
A/chicken/Shenzhen/2269/2	0.2401	0.2797	0.5091	0.2509	0.150	-0.143	0.346	46.96	0.408	0.443	436	459	-0.333987	0.076253	
A/chicken/Shenzhen/2396/2	0.2348	0.2850	0.5122	0.2474	0.152	-0.131	0.353	46.80	0.411	0.444	436	459	-0.333987	0.076253	
A/chicken/Shenzhen/2464/2	0.2368	0.2842	0.5076	0.2517	0.151	-0.139	0.349	47.02	0.413	0.444	436	459	-0.333987	0.076253	
A/chicken/Shijiazhuang/12	0.3886	0.2409	0.3951	0.2388	0.169	-0.113	0.367	51.47	0.367	0.424	442	466	-0.293777	0.085837	
A/chicken/Sichuan/k141/20	0.2336	0.2887	0.5061	0.2457	0.155	-0.130	0.355	46.99	0.414	0.449	437	459	-0.312854	0.076253	
A/chicken/Sichuan/NCJPL1/	0.2656	0.2839	0.4570	0.2774	0.151	-0.124	0.361	51.66	0.426	0.446	446	470	-0.338723	0.072340	
A/Chicken/Suzhou/j5/2019|	0.2407	0.2831	0.5091	0.2422	0.156	-0.127	0.356	48.66	0.406	0.445	436	459	-0.318301	0.076253	
A/Chicken/Suzhou/j6/2019|	0.2407	0.2831	0.5091	0.2422	0.156	-0.127	0.356	48.66	0.406	0.445	436	459	-0.318301	0.076253	
A/chicken/Taichung/150103	0.3794	0.2563	0.4030	0.2180	0.166	-0.140	0.350	51.47	0.367	0.425	449	469	-0.279531	0.087420	
A/chicken/Taichung/160400	0.3804	0.2620	0.4030	0.2111	0.175	-0.120	0.361	52.23	0.367	0.426	449	469	-0.266738	0.087420	
A/chicken/Taichung/160500	0.3829	0.2594	0.4043	0.2118	0.171	-0.123	0.359	51.80	0.365	0.423	449	469	-0.273561	0.087420	
A/chicken/Taichung/161100	0.3648	0.2245	0.4058	0.2437	0.164	-0.143	0.344	50.34	0.368	0.448	448	470	-0.224255	0.095745	
A/chicken/Tainan/15020214	0.3734	0.2225	0.4052	0.2436	0.162	-0.145	0.342	50.63	0.364	0.441	448	470	-0.235106	0.095745	
A/chicken/Tainan/16040035	0.3759	0.2632	0.4024	0.2168	0.168	-0.130	0.356	51.75	0.372	0.426	449	469	-0.278465	0.089552	
A/chicken/Tainan/17030058	0.3699	0.2270	0.4087	0.2349	0.166	-0.126	0.352	50.88	0.363	0.440	449	470	-0.230426	0.093617	
A/chicken/Taipei_City/170	0.3667	0.2282	0.3960	0.2548	0.167	-0.131	0.350	50.61	0.376	0.443	449	470	-0.216596	0.093617	
A/chicken/Taipei_City/180	0.3784	0.2506	0.4024	0.2211	0.164	-0.147	0.344	49.73	0.367	0.426	450	469	-0.291898	0.087420	
A/chicken/Taipei_City/180	0.3778	0.2594	0.3988	0.2199	0.168	-0.135	0.352	50.82	0.372	0.426	449	469	-0.285501	0.087420	
A/chicken/Taipei/16060022	0.3664	0.2265	0.4029	0.2452	0.163	-0.136	0.345	50.85	0.370	0.443	449	470	-0.202979	0.093617	
A/chicken/Taipei/16060023	0.3664	0.2265	0.4029	0.2452	0.163	-0.136	0.345	50.85	0.370	0.443	449	470	-0.202979	0.093617	
A/chicken/Taipei/16120021	0.3776	0.2219	0.3971	0.2452	0.164	-0.137	0.345	50.74	0.365	0.441	449	470	-0.219362	0.093617	
A/chicken/Taipei/17050005	0.3779	0.2237	0.3931	0.2508	0.169	-0.130	0.350	49.94	0.370	0.442	449	470	-0.219362	0.093617	
A/chicken/Taipei/17050008	0.3744	0.2256	0.3960	0.2476	0.167	-0.134	0.347	49.92	0.370	0.442	449	470	-0.218936	0.093617	
A/chicken/Taipei/17050009	0.3744	0.2256	0.3931	0.2508	0.166	-0.134	0.347	49.80	0.372	0.443	449	470	-0.218936	0.093617	
A/chicken/Taishun/TS2/201	0.2368	0.2842	0.5120	0.2355	0.155	-0.133	0.352	46.67	0.404	0.444	438	459	-0.318736	0.076253	
A/chicken/Taishun/TS90/20	0.2342	0.2842	0.5180	0.2321	0.154	-0.138	0.349	46.27	0.402	0.443	438	459	-0.317865	0.076253	
A/chicken/Taiwan/0101/201	0.3720	0.2823	0.3677	0.2362	0.182	-0.067	0.397	54.27	0.401	0.437	426	449	-0.298664	0.086860	
A/chicken/Taiwan/0502/201	0.3816	0.2737	0.3839	0.2177	0.185	-0.112	0.370	53.23	0.382	0.430	427	449	-0.301336	0.086860	
A/chicken/Taiwan/683/2012	0.3763	0.2789	0.3864	0.2180	0.179	-0.112	0.371	54.73	0.385	0.430	426	449	-0.310690	0.086860	
A/chicken/Taiwan/01174/20	0.3333	0.2828	0.4198	0.2473	0.164	-0.102	0.373	55.06	0.404	0.435	450	469	-0.304478	0.091684	
A/chicken/Taiwan/1682/201	0.3747	0.2797	0.3698	0.2316	0.182	-0.066	0.397	53.43	0.397	0.436	426	449	-0.287082	0.086860	
A/chicken/Taiwan/1692/201	0.3747	0.2797	0.3698	0.2308	0.182	-0.067	0.397	53.63	0.397	0.437	426	449	-0.298664	0.086860	
A/chicken/Taiwan/1704/201	0.3737	0.2789	0.3698	0.2316	0.180	-0.065	0.397	53.19	0.397	0.437	426	449	-0.288419	0.086860	
A/chicken/Taiwan/1711/201	0.3747	0.2797	0.3698	0.2316	0.181	-0.070	0.394	53.59	0.397	0.435	426	449	-0.287973	0.086860	
A/chicken/Taiwan/2593/201	0.3816	0.2737	0.3786	0.2247	0.177	-0.120	0.366	54.12	0.385	0.431	426	449	-0.304677	0.086860	
A/chicken/Taiwan/2948/201	0.3789	0.2763	0.3819	0.2210	0.179	-0.116	0.369	54.57	0.385	0.431	426	449	-0.304677	0.086860	
A/chicken/Taiwan/4443/201	0.3773	0.2797	0.3819	0.2218	0.182	-0.109	0.373	53.66	0.387	0.430	426	449	-0.302673	0.086860	
A/chicken/Taiwan/7350/201	0.3780	0.2782	0.3774	0.2247	0.179	-0.113	0.370	54.28	0.389	0.431	427	449	-0.298886	0.086860	
A/chicken/Taiwan/8988/201	0.3816	0.2737	0.3786	0.2247	0.177	-0.120	0.366	54.12	0.385	0.431	426	449	-0.304677	0.086860	
A/chicken/Taiwan/8994/201	0.3816	0.2737	0.3786	0.2247	0.177	-0.120	0.366	54.12	0.385	0.431	426	449	-0.304677	0.086860	
A/chicken/Taiwan/8996/201	0.3816	0.2737	0.3786	0.2247	0.177	-0.120	0.366	54.12	0.385	0.431	426	449	-0.304677	0.086860	
A/chicken/Taiwan/A1/2019|	0.3605	0.2947	0.4045	0.1978	0.182	-0.119	0.365	53.17	0.386	0.430	427	449	-0.304677	0.086860	
A/chicken/Taiwan/a174/201	0.3333	0.2828	0.4198	0.2473	0.164	-0.103	0.373	54.86	0.404	0.436	450	469	-0.314286	0.091684	
A/chicken/Taiwan/A1997/20	0.3770	0.2749	0.3814	0.2161	0.181	-0.106	0.372	54.03	0.384	0.434	427	449	-0.313363	0.086860	
A/chicken/Taiwan/D2/2019|	0.3854	0.2469	0.4054	0.2177	0.166	-0.144	0.347	50.67	0.360	0.424	450	469	-0.284435	0.087420	
A/chicken/Taiwan/D9/2019|	0.3854	0.2469	0.4054	0.2177	0.166	-0.144	0.347	50.67	0.360	0.424	450	469	-0.284435	0.087420	
A/chicken/Taiwan/u7/2016|	0.3810	0.2506	0.4079	0.2172	0.164	-0.147	0.344	49.68	0.362	0.423	450	469	-0.281663	0.087420	
A/chicken/Taiwan/x37/2016	0.3651	0.2354	0.3855	0.2599	0.164	-0.137	0.346	52.43	0.387	0.450	434	454	-0.243612	0.096916	
A/chicken/TC/a504/2015|EP	0.3665	0.2880	0.3948	0.2060	0.173	-0.118	0.365	54.81	0.386	0.430	427	449	-0.294209	0.086860	
A/chicken/TY/a665/2015|EP	0.3691	0.2853	0.3948	0.2060	0.173	-0.122	0.363	54.36	0.384	0.429	427	449	-0.294209	0.086860	
A/chicken/Wuxi/7157/2015|	0.2480	0.2744	0.5061	0.2509	0.150	-0.147	0.344	47.60	0.404	0.441	436	459	-0.333987	0.076253	
A/chicken/Wuxi/7765/2016|	0.2427	0.2797	0.5030	0.2544	0.150	-0.139	0.349	47.80	0.411	0.443	436	459	-0.333987	0.076253	
A/chicken/Wuxi/SC7393/201	0.2388	0.2756	0.5137	0.2465	0.147	-0.152	0.342	47.45	0.404	0.444	436	459	-0.327887	0.076253	
A/chicken/Wuxi/WX-32/2013	0.3910	0.2340	0.3836	0.2518	0.171	-0.108	0.372	48.34	0.370	0.430	427	449	-0.231626	0.097996	
A/chicken/Wuxi/WX-33/2013	0.3910	0.2340	0.3824	0.2509	0.172	-0.104	0.375	48.21	0.370	0.430	427	449	-0.225613	0.097996	
A/chicken/Xinjiang/S1016/	0.3673	0.2574	0.3730	0.2652	0.173	-0.092	0.383	49.92	0.399	0.437	426	449	-0.241203	0.097996	
A/chicken/Xinjiang/S1081/	0.3656	0.2581	0.3750	0.2643	0.175	-0.089	0.385	50.08	0.399	0.437	426	449	-0.239644	0.097996	
A/chicken/Xinjiang/S1170/	0.3673	0.2574	0.3730	0.2652	0.173	-0.092	0.383	49.92	0.399	0.437	426	449	-0.241203	0.097996	
A/Chicken/Xuzhou/470/2017	0.2387	0.2865	0.5061	0.2457	0.157	-0.124	0.358	47.86	0.411	0.446	436	459	-0.316122	0.076253	
A/chicken/Xuzhou/XZ6/2016	0.2407	0.2804	0.5166	0.2329	0.153	-0.142	0.349	46.80	0.399	0.442	436	459	-0.319608	0.076253	
A/Chicken/Yangzhou/f6/201	0.2420	0.2846	0.5137	0.2361	0.158	-0.119	0.361	47.87	0.402	0.444	435	459	-0.321133	0.076253	
A/Chicken/Yangzhou/f9/201	0.2420	0.2846	0.5137	0.2361	0.158	-0.119	0.361	47.87	0.402	0.444	435	459	-0.321133	0.076253	
A/Chicken/Yangzhou/f14/20	0.2420	0.2846	0.5137	0.2361	0.158	-0.119	0.361	47.87	0.402	0.444	435	459	-0.321133	0.076253	
A/chicken/Yangzhou/YD1/20	0.2720	0.2746	0.4687	0.2690	0.149	-0.139	0.352	50.57	0.413	0.443	446	470	-0.344255	0.072340	
A/chicken/YL/A3190/2014|E	0.3799	0.2744	0.3766	0.2268	0.181	-0.117	0.367	53.55	0.388	0.431	425	449	-0.314031	0.086860	
A/chicken/Yuhang/1/2013|E	0.2832	0.2781	0.4969	0.2195	0.150	-0.112	0.369	51.36	0.387	0.437	444	465	-0.446882	0.092473	
A/chicken/Yuhang/2/2013|E	0.2832	0.2781	0.4969	0.2195	0.151	-0.107	0.372	51.40	0.387	0.437	444	465	-0.448602	0.092473	
A/chicken/Yunlin/15020048	0.3769	0.2563	0.4061	0.2180	0.165	-0.145	0.347	51.39	0.367	0.426	449	469	-0.288486	0.087420	
A/chicken/Yunlin/15040002	0.3778	0.2569	0.4091	0.2153	0.167	-0.139	0.350	50.98	0.365	0.424	449	469	-0.272921	0.087420	
A/chicken/Yunlin/15040027	0.3804	0.2544	0.4091	0.2153	0.167	-0.139	0.350	51.01	0.363	0.423	449	469	-0.273134	0.087420	
A/chicken/Yunlin/15050012	0.3795	0.2205	0.4023	0.2436	0.166	-0.141	0.344	50.45	0.362	0.440	448	470	-0.233830	0.095745	
A/chicken/Yunlin/15050037	0.3804	0.2544	0.4061	0.2188	0.167	-0.143	0.347	51.16	0.365	0.424	449	469	-0.273134	0.087420	
A/chicken/Yunlin/15050039	0.3804	0.2544	0.4091	0.2153	0.167	-0.139	0.350	51.01	0.363	0.423	449	469	-0.273134	0.087420	
A/chicken/Yunlin/15060014	0.3804	0.2544	0.4079	0.2145	0.167	-0.139	0.350	51.01	0.363	0.423	449	469	-0.267377	0.087420	
A/chicken/Yunlin/15080024	0.3804	0.2620	0.4012	0.2153	0.171	-0.125	0.359	51.75	0.370	0.426	449	469	-0.282516	0.087420	
A/chicken/Yunlin/16010001	0.3829	0.2519	0.4121	0.2111	0.164	-0.151	0.343	50.42	0.359	0.421	449	469	-0.286141	0.087420	
A/chicken/Yunlin/16010008	0.3784	0.2632	0.4006	0.2168	0.172	-0.128	0.359	52.14	0.372	0.426	449	469	-0.288060	0.091684	
A/chicken/Yunlin/16020038	0.3673	0.2245	0.4087	0.2420	0.164	-0.137	0.345	50.79	0.365	0.443	449	470	-0.225319	0.095745	
A/chicken/Yunlin/16050053	0.3813	0.2626	0.4024	0.2118	0.176	-0.123	0.359	51.56	0.368	0.426	448	469	-0.269510	0.087420	
A/chicken/Yunlin/17010001	0.3648	0.2270	0.4041	0.2444	0.168	-0.134	0.348	50.83	0.371	0.448	448	470	-0.216808	0.093617	
A/chicken/Yunlin/17010014	0.3810	0.2506	0.4054	0.2158	0.162	-0.150	0.342	50.17	0.362	0.424	450	469	-0.290832	0.087420	
A/chicken/Yunlin/17020094	0.3844	0.2487	0.4109	0.2145	0.164	-0.166	0.336	49.18	0.358	0.420	450	469	-0.289339	0.091684	
A/chicken/Yunlin/17020095	0.3784	0.2531	0.4169	0.2034	0.160	-0.150	0.343	50.33	0.356	0.421	449	469	-0.276759	0.089552	
A/chicken/Yunlin/17030001	0.3835	0.2481	0.4084	0.2123	0.162	-0.151	0.342	49.35	0.358	0.423	450	469	-0.269936	0.087420	
A/chicken/Yunlin/17030007	0.3810	0.2531	0.4006	0.2199	0.162	-0.151	0.342	50.34	0.367	0.424	450	469	-0.256503	0.087420	
A/chicken/Yunlin/17030010	0.3810	0.2506	0.4036	0.2199	0.160	-0.158	0.338	49.92	0.364	0.424	450	469	-0.282303	0.087420	
A/chicken/Yunlin/17030014	0.3810	0.2506	0.4127	0.2096	0.162	-0.151	0.342	49.77	0.358	0.422	450	469	-0.289339	0.085288	
A/chicken/Yunlin/17030020	0.3819	0.2513	0.4096	0.2138	0.163	-0.164	0.336	49.08	0.360	0.421	450	469	-0.282090	0.089552	
A/chicken/Yunlin/17030021	0.3810	0.2506	0.4096	0.2131	0.162	-0.151	0.342	49.49	0.360	0.423	450	469	-0.289339	0.085288	
A/chicken/Yunlin/17030032	0.3844	0.2487	0.4144	0.1980	0.163	-0.145	0.346	49.67	0.350	0.423	448	469	-0.268657	0.085288	
A/chicken/Yunlin/17030065	0.3810	0.2531	0.4054	0.2123	0.163	-0.151	0.342	49.51	0.362	0.424	450	469	-0.270149	0.087420	
A/chicken/Yunlin/17040003	0.3835	0.2506	0.4006	0.2207	0.160	-0.152	0.342	50.28	0.364	0.422	450	469	-0.263966	0.089552	
A/chicken/Yunlin/17040004	0.3759	0.2556	0.4084	0.2123	0.163	-0.147	0.344	50.02	0.364	0.426	450	469	-0.264819	0.087420	
A/chicken/Yunlin/17040011	0.3784	0.2531	0.4084	0.2116	0.163	-0.150	0.342	49.67	0.362	0.425	450	469	-0.266098	0.087420	
A/chicken/Yunlin/17060019	0.3810	0.2506	0.4036	0.2192	0.164	-0.144	0.347	49.89	0.364	0.425	450	469	-0.287847	0.087420	
A/chicken/Yunlin/17070010	0.3860	0.2481	0.4006	0.2207	0.165	-0.152	0.342	49.57	0.362	0.424	450	469	-0.268017	0.087420	
A/chicken/Yunlin/18010001	0.3810	0.2531	0.3994	0.2192	0.167	-0.138	0.349	50.42	0.367	0.426	450	469	-0.265032	0.087420	
A/chicken/Yunlin/18010003	0.3784	0.2556	0.4024	0.2158	0.168	-0.134	0.351	49.97	0.367	0.426	450	469	-0.265032	0.087420	
A/chicken/Yunlin/18010023	0.3835	0.2506	0.4054	0.2123	0.165	-0.135	0.351	49.82	0.360	0.424	450	469	-0.270149	0.087420	
A/chicken/Yunlin/18020003	0.3835	0.2506	0.4084	0.2096	0.165	-0.140	0.349	49.73	0.358	0.423	450	469	-0.269510	0.087420	
A/chicken/Yunlin/18020004	0.3860	0.2481	0.4084	0.2103	0.165	-0.143	0.347	49.71	0.356	0.421	450	469	-0.258209	0.087420	
A/chicken/Yunlin/18020005	0.3835	0.2506	0.4054	0.2123	0.164	-0.143	0.347	49.81	0.360	0.424	450	469	-0.270149	0.087420	
A/chicken/Yunlin/18020008	0.3810	0.2531	0.4024	0.2158	0.164	-0.135	0.351	50.50	0.364	0.426	450	469	-0.270149	0.087420	
A/chicken/Yunlin/18030002	0.3810	0.2531	0.4060	0.2075	0.165	-0.137	0.351	50.37	0.360	0.427	450	469	-0.263540	0.087420	
A/chicken/Yunlin/18050013	0.3750	0.2600	0.4042	0.2082	0.168	-0.128	0.356	50.39	0.367	0.429	450	469	-0.257569	0.087420	
A/chicken/Yunlin/18060001	0.3750	0.2575	0.4072	0.2082	0.168	-0.128	0.356	50.29	0.364	0.428	450	469	-0.257569	0.087420	
A/chicken/Yunlin/18080006	0.3734	0.2607	0.3964	0.2211	0.171	-0.128	0.356	50.98	0.376	0.431	450	469	-0.287207	0.087420	
A/chicken/Yunnan/1/2014|E	0.3773	0.2401	0.3719	0.2708	0.173	-0.083	0.386	49.59	0.388	0.434	428	449	-0.208018	0.097996	
A/chicken/Yunnan/02.09_DQ	0.2381	0.2831	0.5122	0.2474	0.148	-0.151	0.342	46.72	0.408	0.443	436	459	-0.340087	0.076253	
A/chicken/Yunnan/03.15_DQ	0.2500	0.2833	0.4904	0.2545	0.148	-0.122	0.361	48.17	0.414	0.447	415	438	-0.415753	0.079909	
A/chicken/Yunnan/03.16__D	0.2438	0.2881	0.5016	0.2500	0.149	-0.136	0.351	47.26	0.413	0.446	416	438	-0.382192	0.079909	
A/chicken/Yunnan/03.16_DQ	0.2553	0.2658	0.5076	0.2500	0.147	-0.154	0.341	47.76	0.396	0.440	437	459	-0.340305	0.076253	
A/chicken/Yunnan/03.16_DQ	0.2348	0.2850	0.5106	0.2465	0.147	-0.155	0.339	46.58	0.411	0.446	436	459	-0.329848	0.076253	
A/chicken/Yunnan/03.16_DQ	0.2553	0.2658	0.5076	0.2500	0.147	-0.154	0.341	47.76	0.396	0.440	437	459	-0.340305	0.076253	
A/chicken/Yunnan/07.11_DQ	0.2533	0.2639	0.5152	0.2465	0.150	-0.157	0.339	47.09	0.392	0.440	436	459	-0.353595	0.078431	
A/Chicken/Yunnan/YN-8/201	0.2566	0.2672	0.5076	0.2404	0.146	-0.150	0.343	47.03	0.392	0.439	434	459	-0.330065	0.076253	
A/Chicken/Yunnan/YN-11/20	0.2507	0.2691	0.5046	0.2526	0.149	-0.149	0.344	47.78	0.401	0.444	436	459	-0.351852	0.076253	
A/Chicken/Yunnan/YN-12/20	0.2533	0.2665	0.5061	0.2517	0.149	-0.159	0.339	47.98	0.398	0.442	437	461	-0.354447	0.075922	
A/chicken/Zhejiang/194/20	0.3807	0.2563	0.4043	0.2116	0.183	-0.084	0.383	49.81	0.365	0.428	446	469	-0.334115	0.087420	
A/chicken/Zhejiang/209/20	0.3807	0.2563	0.4043	0.2116	0.183	-0.084	0.383	49.81	0.365	0.428	446	469	-0.334115	0.087420	
A/chicken/Zhejiang/217/20	0.3807	0.2538	0.4134	0.2062	0.178	-0.106	0.370	49.23	0.359	0.425	446	469	-0.329424	0.089552	
A/chicken/Zhejiang/232/20	0.3747	0.2608	0.4030	0.2150	0.178	-0.101	0.374	49.03	0.371	0.429	447	469	-0.331770	0.087420	
A/chicken/Zhejiang/7450/2	0.3854	0.2594	0.3902	0.2188	0.183	-0.082	0.385	49.24	0.371	0.427	447	469	-0.270789	0.089552	
A/chicken/Zhejiang/81643/	0.3778	0.2569	0.3963	0.2234	0.180	-0.091	0.378	49.43	0.374	0.431	447	469	-0.317910	0.087420	
A/chicken/Zhejiang/514135	0.3949	0.2582	0.3963	0.2091	0.183	-0.070	0.391	51.56	0.362	0.421	448	469	-0.293177	0.087420	
A/chicken/Zhejiang/727022	0.2310	0.2861	0.5137	0.2474	0.148	-0.139	0.348	46.78	0.412	0.444	437	459	-0.310893	0.076253	
A/chicken/Zhejiang/727026	0.2310	0.2861	0.5137	0.2465	0.150	-0.139	0.348	46.81	0.412	0.445	437	459	-0.311547	0.076253	
A/chicken/Zhejiang/727079	0.3920	0.2462	0.3909	0.2300	0.163	-0.131	0.354	51.22	0.365	0.424	449	469	-0.284648	0.085288	
A/chicken/Zhejiang/727155	0.2316	0.2868	0.5137	0.2465	0.149	-0.141	0.348	46.86	0.412	0.446	437	459	-0.338344	0.076253	
A/chicken/Zhejiang/727159	0.3920	0.2462	0.3909	0.2300	0.163	-0.131	0.354	51.22	0.365	0.424	449	469	-0.284648	0.085288	
A/chickenl/Jiangxi/E84/20	0.2354	0.2831	0.5151	0.2363	0.152	-0.140	0.349	46.31	0.404	0.444	436	459	-0.328540	0.076253	
A/Chlidonias_hybrida/Hube	0.3566	0.2429	0.3971	0.2557	0.157	-0.121	0.355	53.36	0.387	0.447	445	470	-0.208723	0.093617	
A/Commom_Teal/Ningxia/474	0.2415	0.2756	0.5121	0.2457	0.153	-0.128	0.355	47.04	0.403	0.442	437	459	-0.329630	0.076253	
A/common_coot/Shandong/SC	0.3566	0.2429	0.3971	0.2557	0.157	-0.121	0.355	53.36	0.387	0.447	445	470	-0.208723	0.093617	
A/common_crane/Yunnan-Hui	0.3557	0.2423	0.4029	0.2484	0.156	-0.124	0.353	53.24	0.382	0.447	445	470	-0.210638	0.093617	
A/common_pochard/Ningxia/	0.3756	0.2280	0.4064	0.2395	0.161	-0.131	0.350	51.09	0.363	0.437	446	470	-0.211064	0.095745	
A/common_teal/Ningxia/105	0.3575	0.2435	0.3971	0.2557	0.157	-0.121	0.355	53.37	0.387	0.444	445	470	-0.212979	0.095745	
A/common_teal/Ningxia/181	0.3756	0.2280	0.4064	0.2395	0.161	-0.131	0.350	51.09	0.363	0.437	446	470	-0.211064	0.095745	
A/common_teal/Ningxia/189	0.3756	0.2280	0.4064	0.2395	0.161	-0.131	0.350	51.09	0.363	0.437	446	470	-0.211064	0.095745	
A/common_teal/Ningxia/237	0.3756	0.2280	0.4064	0.2395	0.161	-0.131	0.350	51.09	0.363	0.437	446	470	-0.211064	0.095745	
A/common_teal/Ningxia/245	0.3756	0.2280	0.4064	0.2395	0.161	-0.131	0.350	51.09	0.363	0.437	446	470	-0.211064	0.095745	
A/common_teal/Ningxia/253	0.3756	0.2280	0.4064	0.2395	0.161	-0.131	0.350	51.09	0.363	0.437	446	470	-0.211064	0.095745	
A/common_teal/Shaanxi/SXY	0.3575	0.2435	0.3971	0.2557	0.157	-0.121	0.355	53.32	0.387	0.445	445	470	-0.217021	0.093617	
A/condor/Guangdong/139/20	0.3757	0.2619	0.3636	0.2421	0.181	-0.082	0.387	49.98	0.394	0.443	426	449	-0.259688	0.097996	
A/Copsychus_saularis/Guan	0.2348	0.2823	0.5107	0.2544	0.148	-0.155	0.339	46.77	0.413	0.444	436	459	-0.340741	0.076253	
A/Curlew/Hong_Kong/AFCD-H	0.3882	0.2648	0.3232	0.2907	0.189	-0.070	0.396	52.38	0.421	0.442	444	469	-0.266951	0.106610	
A/Cygnus_atratus/Hubei/2Z	0.3821	0.2179	0.4076	0.2395	0.157	-0.144	0.340	52.33	0.356	0.437	447	470	-0.192979	0.095745	
A/Cygnus_atratus/Hubei/HF	0.3821	0.2179	0.4076	0.2395	0.157	-0.144	0.340	52.33	0.356	0.437	447	470	-0.192979	0.095745	
A/Cygnus_columbianus/Hube	0.3566	0.2429	0.3982	0.2566	0.156	-0.121	0.355	53.37	0.387	0.446	445	470	-0.214468	0.093617	
A/Cygnus_columbianus/Hube	0.3592	0.2403	0.3971	0.2557	0.156	-0.120	0.355	53.36	0.384	0.447	445	470	-0.210426	0.093617	
A/Cygnus_columbianus/Hube	0.3566	0.2429	0.3971	0.2557	0.157	-0.121	0.355	53.36	0.387	0.447	445	470	-0.208723	0.093617	
A/Cygnus_columbianus/Hube	0.3566	0.2455	0.3941	0.2566	0.157	-0.117	0.357	53.40	0.389	0.446	445	470	-0.198298	0.093617	
A/Cygnus_columbianus/Hube	0.3608	0.2397	0.3971	0.2525	0.157	-0.118	0.357	53.35	0.382	0.446	445	470	-0.202128	0.093617	
A/Cygnus_columbianus/Hube	0.3540	0.2455	0.3982	0.2566	0.157	-0.118	0.357	53.43	0.389	0.447	445	470	-0.214468	0.093617	
A/Cygnus_columbianus/Hube	0.3566	0.2429	0.3971	0.2557	0.157	-0.121	0.355	52.81	0.387	0.446	445	470	-0.208723	0.093617	
A/Cygnus_columbianus/Hube	0.3836	0.2737	0.3131	0.2941	0.192	-0.050	0.407	51.01	0.431	0.445	445	469	-0.267377	0.106610	
A/Cygnus_columbianus/Hube	0.3836	0.2737	0.3180	0.2902	0.191	-0.053	0.405	50.60	0.428	0.443	444	469	-0.270576	0.104478	
A/Cygnus_columbianus/Hube	0.3846	0.2744	0.3140	0.2917	0.192	-0.049	0.408	50.98	0.430	0.444	444	469	-0.272281	0.106610	
A/Cygnus_columbianus/Hube	0.3846	0.2744	0.3140	0.2917	0.192	-0.049	0.408	50.98	0.430	0.444	444	469	-0.272281	0.106610	
A/domestic_green-winged_t	0.3952	0.2414	0.3797	0.2349	0.173	-0.109	0.373	48.15	0.369	0.432	426	449	-0.261693	0.100223	
A/duck/Anhui/AH328/2015|E	0.2361	0.2865	0.5030	0.2526	0.159	-0.117	0.362	47.43	0.415	0.448	436	459	-0.325926	0.076253	
A/duck/Anhui/S4/2016|EPI_	0.2420	0.2819	0.5046	0.2491	0.158	-0.124	0.359	47.96	0.409	0.447	435	459	-0.336383	0.074074	
A/duck/Changhua/15A03431-	0.3769	0.2588	0.4030	0.2180	0.167	-0.136	0.352	51.71	0.370	0.426	449	469	-0.278678	0.087420	
A/duck/Changhua/15A03473-	0.3794	0.2538	0.4061	0.2165	0.167	-0.141	0.350	51.16	0.365	0.426	449	469	-0.300853	0.087420	
A/duck/Chiayi/15080023/20	0.3657	0.2276	0.4082	0.2436	0.165	-0.137	0.346	50.91	0.368	0.443	448	470	-0.235106	0.095745	
A/duck/China/0936/2017|EP	0.2255	0.2997	0.4985	0.2535	0.159	-0.103	0.370	48.33	0.428	0.451	435	458	-0.324236	0.076419	
A/duck/China/0938/2017|EP	0.2255	0.2997	0.4985	0.2535	0.159	-0.103	0.370	48.33	0.428	0.451	435	458	-0.324236	0.076419	
A/duck/China/DK87/2016|EP	0.2400	0.2853	0.5015	0.2535	0.160	-0.104	0.370	47.27	0.414	0.446	435	459	-0.347712	0.076253	
A/duck/China/E26/2012|EPI	0.3920	0.2293	0.3648	0.2705	0.166	-0.095	0.379	49.03	0.381	0.436	425	449	-0.241203	0.097996	
A/duck/China/E53/2012|EPI	0.3840	0.2400	0.3774	0.2581	0.171	-0.106	0.373	49.41	0.380	0.434	426	449	-0.251893	0.097996	
A/Duck/China/H5N6/2020|EP	0.2434	0.2804	0.5076	0.2465	0.154	-0.118	0.362	46.54	0.406	0.444	436	459	-0.369063	0.076253	
A/duck/China/YD1516/2016|	0.3813	0.2525	0.4043	0.2172	0.176	-0.102	0.371	49.13	0.365	0.427	447	469	-0.307036	0.087420	
A/duck/Chongqing/S4362/20	0.3207	0.2904	0.4356	0.2376	0.156	-0.109	0.370	56.03	0.404	0.432	451	469	-0.307463	0.091684	
A/duck/Dongguan/2685/2013	0.2375	0.2823	0.5152	0.2431	0.152	-0.145	0.346	46.59	0.406	0.444	436	459	-0.350762	0.076253	
A/Duck/Dongting/D76-1/201	0.3098	0.2897	0.4307	0.2288	0.169	-0.103	0.372	49.14	0.407	0.436	454	471	-0.330998	0.080679	
A/duck/Eastern_China/008/	0.3411	0.2532	0.4422	0.2154	0.170	-0.122	0.358	50.54	0.367	0.431	450	472	-0.147034	0.093220	
A/duck/Eastern_China/031/	0.3411	0.2532	0.4393	0.2186	0.170	-0.114	0.362	50.60	0.369	0.431	450	472	-0.152331	0.093220	
A/duck/Eastern_China/108/	0.3920	0.2240	0.3880	0.2554	0.166	-0.116	0.369	49.32	0.365	0.432	425	449	-0.244543	0.097996	
A/duck/Eastern_China/909/	0.3921	0.2395	0.3899	0.2242	0.166	-0.117	0.365	48.31	0.361	0.431	427	449	-0.228063	0.100223	
A/duck/Eastern_China/JY/2	0.3892	0.2191	0.3907	0.2468	0.161	-0.141	0.342	51.81	0.362	0.438	447	470	-0.212341	0.097872	
A/duck/Eastern_China/L023	0.3784	0.2581	0.3970	0.2131	0.161	-0.123	0.360	50.80	0.369	0.428	447	469	-0.260128	0.089552	
A/duck/Eastern_China/L032	0.3825	0.2500	0.4030	0.2145	0.158	-0.127	0.357	50.86	0.362	0.424	448	469	-0.268870	0.087420	
A/duck/Eastern_China/L040	0.3923	0.2103	0.3994	0.2436	0.159	-0.150	0.337	51.68	0.353	0.435	448	470	-0.214043	0.097872	
A/duck/Eastern_China/L042	0.3959	0.2031	0.4029	0.2420	0.156	-0.157	0.333	51.00	0.346	0.433	448	470	-0.224255	0.095745	
A/duck/Eastern_China/L061	0.3974	0.2051	0.3965	0.2476	0.156	-0.159	0.333	51.17	0.350	0.433	448	470	-0.213404	0.097872	
A/duck/Eastern_China/L072	0.3949	0.2077	0.3994	0.2436	0.159	-0.154	0.335	51.32	0.350	0.434	448	470	-0.214043	0.097872	
A/duck/Eastern_China/L102	0.4000	0.2051	0.3936	0.2468	0.160	-0.154	0.335	51.08	0.350	0.434	448	470	-0.214043	0.097872	
A/duck/Eastern_China/L112	0.3907	0.2185	0.3988	0.2379	0.166	-0.137	0.345	51.72	0.356	0.436	447	470	-0.207447	0.102128	
A/duck/Eastern_China/S013	0.3883	0.2487	0.4146	0.2021	0.181	-0.108	0.370	48.88	0.352	0.423	446	469	-0.305970	0.087420	
A/duck/Eastern_China/S021	0.3866	0.2191	0.3983	0.2428	0.159	-0.158	0.333	51.68	0.359	0.438	448	470	-0.220213	0.095745	
A/duck/Eastern_China/S032	0.2500	0.2711	0.5106	0.2465	0.149	-0.155	0.341	47.26	0.398	0.442	437	460	-0.345435	0.076087	
A/duck/Eastern_China/S071	0.2649	0.2831	0.4643	0.2715	0.150	-0.140	0.352	51.11	0.422	0.445	446	470	-0.337234	0.072340	
A/duck/Eastern_China/S080	0.3659	0.2682	0.4116	0.2076	0.161	-0.122	0.362	50.54	0.373	0.426	448	469	-0.282729	0.089552	
A/duck/Eastern_China/S090	0.2415	0.2756	0.5091	0.2552	0.150	-0.144	0.346	46.91	0.407	0.443	437	460	-0.325217	0.076087	
A/duck/Eastern_China/S110	0.3805	0.2211	0.3953	0.2500	0.158	-0.151	0.337	51.88	0.366	0.440	448	470	-0.212766	0.095745	
A/duck/Eastern_China/S121	0.3959	0.2082	0.3918	0.2516	0.158	-0.154	0.336	51.97	0.356	0.435	447	470	-0.212979	0.097872	
A/duck/Fujian/1.17_FZHX01	0.2296	0.2902	0.5137	0.2422	0.152	-0.136	0.351	46.12	0.413	0.448	436	459	-0.333333	0.076253	
A/duck/Fujian/03.18_GTFJ-	0.2322	0.2876	0.5152	0.2422	0.152	-0.141	0.349	45.94	0.411	0.444	436	459	-0.356863	0.076253	
A/duck/Fujian/05.07_FZHMD	0.2401	0.2823	0.5076	0.2509	0.151	-0.137	0.350	46.98	0.410	0.442	437	459	-0.332680	0.076253	
A/duck/Fujian/05.07_FZHMD	0.2438	0.2909	0.4968	0.2537	0.154	-0.117	0.362	47.63	0.417	0.444	417	438	-0.373059	0.079909	
A/duck/Fujian/05.07_FZHMD	0.2438	0.2909	0.4968	0.2537	0.154	-0.117	0.362	47.63	0.417	0.444	417	438	-0.373059	0.079909	
A/duck/Fujian/10.26_FZHX0	0.2480	0.2800	0.5015	0.2491	0.158	-0.125	0.359	46.48	0.407	0.443	435	459	-0.354684	0.076253	
A/duck/Fujian/10.26_FZHX0	0.2453	0.2800	0.5076	0.2457	0.158	-0.128	0.356	45.96	0.405	0.442	435	459	-0.349455	0.076253	
A/duck/Fujian/11.3_FZHX11	0.2401	0.2797	0.5046	0.2517	0.152	-0.137	0.351	46.85	0.411	0.448	436	459	-0.344662	0.076253	
A/duck/Fujian/11.3_FZHX11	0.2296	0.2902	0.5137	0.2422	0.152	-0.136	0.351	46.12	0.413	0.448	436	459	-0.333333	0.076253	
A/duck/Fujian/11.23_FZHX0	0.2480	0.2800	0.5015	0.2491	0.158	-0.125	0.359	46.48	0.407	0.443	435	459	-0.354684	0.076253	
A/duck/Fujian/11.23_FZHX0	0.2480	0.2800	0.5015	0.2491	0.158	-0.125	0.359	46.48	0.407	0.443	435	459	-0.354684	0.076253	
A/duck/Fujian/11.23_FZHX0	0.2453	0.2800	0.5076	0.2457	0.158	-0.128	0.356	45.96	0.405	0.442	435	459	-0.349455	0.076253	
A/duck/Fujian/12.7_FZHX12	0.2296	0.2902	0.5137	0.2422	0.152	-0.136	0.351	46.12	0.413	0.448	436	459	-0.333333	0.076253	
A/duck/Fujian/12.7_FZHX12	0.2296	0.2902	0.5137	0.2422	0.152	-0.136	0.351	46.12	0.413	0.448	436	459	-0.333333	0.076253	
A/duck/Fujian/12.7_FZHX12	0.2322	0.2902	0.5137	0.2388	0.154	-0.132	0.353	46.22	0.411	0.447	436	459	-0.333333	0.076253	
A/duck/Fujian/12.7_FZHX12	0.2322	0.2902	0.5137	0.2388	0.154	-0.132	0.353	46.22	0.411	0.447	436	459	-0.333333	0.076253	
A/duck/Fujian/S1233/2018(	0.3717	0.2513	0.3750	0.2643	0.171	-0.109	0.372	49.96	0.393	0.435	427	449	-0.235412	0.097996	
A/duck/Fujian/S1273/2018(	0.3717	0.2513	0.3719	0.2679	0.172	-0.105	0.375	50.02	0.396	0.436	427	449	-0.235412	0.097996	
A/Duck/Fujian/S4146/2010|	0.3846	0.2361	0.3668	0.2724	0.172	-0.109	0.372	48.33	0.386	0.434	427	449	-0.230735	0.097996	
A/duck/Guangdong/01.01_SZ	0.2420	0.2819	0.5076	0.2465	0.157	-0.125	0.359	46.82	0.407	0.444	435	459	-0.341830	0.076253	
A/duck/Guangdong/01.01_SZ	0.2420	0.2819	0.5076	0.2465	0.157	-0.125	0.359	46.82	0.407	0.444	435	459	-0.341830	0.076253	
A/duck/Guangdong/01.01_SZ	0.2394	0.2846	0.5076	0.2465	0.157	-0.117	0.363	46.96	0.409	0.444	435	459	-0.341830	0.076253	
A/duck/Guangdong/01.01_SZ	0.2447	0.2793	0.5076	0.2465	0.156	-0.129	0.356	46.79	0.405	0.443	435	459	-0.341830	0.076253	
A/duck/Guangdong/01.01_SZ	0.2420	0.2819	0.5076	0.2465	0.157	-0.125	0.359	46.82	0.407	0.444	435	459	-0.341830	0.076253	
A/duck/Guangdong/01.01_SZ	0.2420	0.2819	0.5076	0.2465	0.157	-0.125	0.359	46.82	0.407	0.444	435	459	-0.341830	0.076253	
A/duck/Guangdong/01.01_SZ	0.2440	0.2785	0.5076	0.2500	0.157	-0.129	0.356	46.74	0.406	0.443	436	459	-0.343573	0.076253	
A/duck/Guangdong/01.01_SZ	0.2420	0.2819	0.5076	0.2465	0.156	-0.124	0.359	46.78	0.407	0.444	435	459	-0.350109	0.076253	
A/duck/Guangdong/01.01_SZ	0.2420	0.2819	0.5091	0.2474	0.157	-0.125	0.359	46.70	0.407	0.444	435	459	-0.334641	0.076253	
A/duck/Guangdong/01.01_SZ	0.2420	0.2819	0.5076	0.2465	0.157	-0.125	0.359	46.82	0.407	0.444	435	459	-0.341830	0.076253	
A/duck/Guangdong/02.11_DG	0.2336	0.2808	0.5030	0.2630	0.151	-0.153	0.342	47.18	0.418	0.448	438	459	-0.355991	0.076253	
A/duck/Guangdong/02.11_DG	0.2342	0.2816	0.5030	0.2621	0.152	-0.151	0.345	46.72	0.418	0.448	438	459	-0.365142	0.076253	
A/duck/Guangdong/02.11_DG	0.2336	0.2808	0.5030	0.2621	0.150	-0.150	0.345	47.20	0.418	0.448	438	459	-0.372767	0.076253	
A/duck/Guangdong/02.11_DG	0.2336	0.2808	0.5030	0.2621	0.151	-0.150	0.345	47.17	0.418	0.449	438	459	-0.367320	0.076253	
A/duck/Guangdong/02.11_DG	0.2336	0.2808	0.5030	0.2621	0.151	-0.150	0.345	47.17	0.418	0.449	438	459	-0.367320	0.076253	
A/duck/Guangdong/02.11_DG	0.2336	0.2808	0.5046	0.2630	0.150	-0.154	0.342	47.11	0.418	0.448	438	459	-0.373420	0.076253	
A/duck/Guangdong/03.26_DG	0.2480	0.2718	0.5030	0.2561	0.155	-0.142	0.349	47.63	0.406	0.446	436	459	-0.355773	0.076253	
A/duck/Guangdong/03.26_DG	0.2480	0.2718	0.5030	0.2561	0.155	-0.142	0.349	47.63	0.406	0.446	436	459	-0.355773	0.076253	
A/duck/Guangdong/03.26_DG	0.2480	0.2718	0.5061	0.2526	0.155	-0.142	0.349	47.34	0.404	0.444	436	459	-0.356645	0.076253	
A/duck/Guangdong/03.26_DG	0.2520	0.2679	0.5122	0.2474	0.148	-0.161	0.338	47.41	0.395	0.439	435	459	-0.344444	0.076253	
A/duck/Guangdong/03.26_DG	0.2480	0.2718	0.5061	0.2526	0.155	-0.142	0.349	47.34	0.404	0.444	436	459	-0.356645	0.076253	
A/duck/Guangdong/03.26_DG	0.2480	0.2718	0.5061	0.2526	0.155	-0.142	0.349	47.34	0.404	0.444	436	459	-0.356645	0.076253	
A/duck/Guangdong/03.26_DG	0.2563	0.2758	0.5016	0.2500	0.152	-0.142	0.349	48.08	0.402	0.442	415	438	-0.385388	0.079909	
A/duck/Guangdong/03.26_DG	0.2521	0.2798	0.4952	0.2555	0.159	-0.122	0.361	47.82	0.411	0.447	416	438	-0.398174	0.079909	
A/duck/Guangdong/03.26_DG	0.2520	0.2679	0.5122	0.2474	0.148	-0.161	0.338	47.41	0.395	0.439	435	459	-0.344444	0.076253	
A/duck/Guangdong/03.26_DG	0.2520	0.2679	0.5122	0.2474	0.148	-0.161	0.338	47.41	0.395	0.439	435	459	-0.344444	0.076253	
A/duck/Guangdong/03.26_DG	0.2521	0.2798	0.4952	0.2555	0.159	-0.122	0.361	47.82	0.411	0.447	416	438	-0.398174	0.079909	
A/duck/Guangdong/03.26_DG	0.2480	0.2718	0.5061	0.2526	0.156	-0.142	0.349	47.31	0.404	0.445	436	459	-0.351198	0.076253	
A/duck/Guangdong/03.26_DG	0.2521	0.2798	0.4952	0.2564	0.160	-0.119	0.363	47.81	0.411	0.447	416	438	-0.397489	0.079909	
A/duck/Guangdong/03.26_DG	0.2480	0.2718	0.5061	0.2535	0.156	-0.138	0.351	47.31	0.404	0.444	436	459	-0.355991	0.076253	
A/duck/Guangdong/03.26_DG	0.2521	0.2798	0.4920	0.2591	0.158	-0.122	0.361	48.19	0.413	0.448	416	438	-0.398174	0.079909	
A/duck/Guangdong/03.26_DG	0.2521	0.2770	0.4920	0.2628	0.156	-0.127	0.358	48.10	0.413	0.448	416	438	-0.398174	0.079909	
A/duck/Guangdong/03.26_DG	0.2521	0.2798	0.4887	0.2628	0.159	-0.122	0.361	48.16	0.416	0.449	416	438	-0.398174	0.079909	
A/duck/Guangdong/03.26_DG	0.2480	0.2718	0.5000	0.2595	0.155	-0.142	0.349	47.64	0.408	0.446	436	459	-0.356645	0.076253	
A/duck/Guangdong/03.26_DG	0.2521	0.2770	0.4920	0.2628	0.156	-0.127	0.358	48.10	0.413	0.448	416	438	-0.398174	0.079909	
A/duck/Guangdong/03.26_DG	0.2480	0.2718	0.5030	0.2561	0.155	-0.142	0.349	47.66	0.406	0.445	436	459	-0.356645	0.076253	
A/duck/Guangdong/03.26_DG	0.2480	0.2718	0.5000	0.2595	0.155	-0.142	0.349	47.64	0.408	0.446	436	459	-0.356645	0.076253	
A/duck/Guangdong/03.27_DG	0.2243	0.2929	0.5076	0.2561	0.153	-0.137	0.352	46.66	0.423	0.449	437	459	-0.359477	0.076253	
A/duck/Guangdong/03.27_DG	0.2541	0.2762	0.5016	0.2482	0.150	-0.141	0.350	47.55	0.403	0.444	417	438	-0.389954	0.082192	
A/duck/Guangdong/03.27_DG	0.2243	0.2929	0.5076	0.2561	0.153	-0.137	0.352	46.66	0.423	0.449	437	459	-0.359477	0.076253	
A/duck/Guangdong/03.27_DG	0.2500	0.2684	0.5121	0.2457	0.147	-0.160	0.339	46.98	0.396	0.441	437	459	-0.348802	0.078431	
A/duck/Guangdong/03.27_DG	0.2243	0.2929	0.5076	0.2561	0.153	-0.137	0.352	46.66	0.423	0.449	437	459	-0.359477	0.076253	
A/duck/Guangdong/04.15_SZ	0.2493	0.2825	0.4952	0.2555	0.160	-0.118	0.363	47.83	0.413	0.448	416	438	-0.398174	0.079909	
A/duck/Guangdong/04.15_SZ	0.2430	0.2905	0.4936	0.2545	0.160	-0.100	0.373	47.61	0.418	0.448	416	438	-0.378311	0.079909	
A/duck/Guangdong/04.15_SZ	0.2381	0.2831	0.5136	0.2422	0.156	-0.122	0.359	46.60	0.405	0.443	437	459	-0.331155	0.076253	
A/duck/Guangdong/04.16_LG	0.2454	0.2744	0.5061	0.2526	0.156	-0.138	0.351	47.36	0.406	0.445	436	459	-0.356645	0.076253	
A/duck/Guangdong/04.16_SZ	0.2563	0.2730	0.5048	0.2500	0.151	-0.142	0.349	48.08	0.400	0.441	415	438	-0.385388	0.079909	
A/duck/Guangdong/04.16_SZ	0.2454	0.2744	0.5061	0.2526	0.156	-0.138	0.351	47.36	0.406	0.445	436	459	-0.356645	0.076253	
A/duck/Guangdong/04.16_SZ	0.2454	0.2744	0.5061	0.2526	0.156	-0.138	0.351	47.36	0.406	0.445	436	459	-0.356645	0.076253	
A/duck/Guangdong/04.16_SZ	0.2243	0.2929	0.5076	0.2561	0.153	-0.137	0.352	46.66	0.423	0.449	437	459	-0.359477	0.076253	
A/duck/Guangdong/04.22_DG	0.2316	0.2868	0.5000	0.2604	0.151	-0.139	0.351	47.48	0.422	0.450	436	459	-0.367102	0.076253	
A/duck/Guangdong/04.22_DG	0.2316	0.2868	0.5000	0.2604	0.151	-0.139	0.351	47.48	0.422	0.450	436	459	-0.367102	0.076253	
A/duck/Guangdong/04.22_DG	0.2243	0.2929	0.5076	0.2561	0.153	-0.137	0.352	46.71	0.423	0.450	437	459	-0.358606	0.076253	
A/duck/Guangdong/04.22_DG	0.2243	0.2929	0.5076	0.2561	0.153	-0.137	0.352	46.66	0.423	0.449	437	459	-0.359477	0.076253	
A/duck/Guangdong/04.22_DG	0.2243	0.2929	0.5076	0.2561	0.153	-0.137	0.352	46.66	0.423	0.449	437	459	-0.359477	0.076253	
A/duck/Guangdong/04.22_DG	0.2421	0.2789	0.5122	0.2422	0.149	-0.143	0.346	47.24	0.404	0.445	436	459	-0.347277	0.076253	
A/duck/Guangdong/04.22_DG	0.2289	0.2868	0.5030	0.2604	0.150	-0.143	0.349	47.25	0.422	0.450	436	459	-0.367102	0.076253	
A/duck/Guangdong/04.22_DG	0.2289	0.2868	0.5030	0.2604	0.150	-0.143	0.349	47.25	0.422	0.450	436	459	-0.367102	0.076253	
A/duck/Guangdong/04.22_DG	0.2447	0.2763	0.5122	0.2422	0.150	-0.143	0.346	47.24	0.401	0.444	436	459	-0.347277	0.076253	
A/duck/Guangdong/04.22_DG	0.2421	0.2789	0.5122	0.2422	0.149	-0.143	0.346	47.24	0.404	0.445	436	459	-0.347277	0.076253	
A/duck/Guangdong/04.23_DG	0.2541	0.2762	0.5016	0.2482	0.150	-0.141	0.350	47.55	0.403	0.444	417	438	-0.389954	0.082192	
A/duck/Guangdong/04.23_DG	0.2554	0.2717	0.5016	0.2456	0.150	-0.148	0.345	48.37	0.400	0.443	423	445	-0.357978	0.080899	
A/duck/Guangdong/04.23_DG	0.2310	0.2861	0.5015	0.2586	0.150	-0.145	0.347	47.32	0.420	0.448	438	459	-0.350109	0.076253	
A/duck/Guangdong/04.23_DG	0.2243	0.2929	0.5076	0.2561	0.153	-0.137	0.352	46.66	0.423	0.449	437	459	-0.359477	0.076253	
A/duck/Guangdong/04.23_DG	0.2474	0.2711	0.5030	0.2561	0.153	-0.141	0.349	47.54	0.406	0.446	436	459	-0.357952	0.076253	
A/duck/Guangdong/04.23_DG	0.2243	0.2929	0.5076	0.2561	0.153	-0.137	0.352	46.66	0.423	0.449	437	459	-0.359477	0.076253	
A/duck/Guangdong/04.23_DG	0.2243	0.2929	0.5076	0.2561	0.153	-0.137	0.352	46.66	0.423	0.449	437	459	-0.359477	0.076253	
A/duck/Guangdong/04.23_DG	0.2243	0.2929	0.5076	0.2561	0.153	-0.137	0.352	46.66	0.423	0.449	437	459	-0.359477	0.076253	
A/duck/Guangdong/04.23_DG	0.2299	0.2992	0.4968	0.2591	0.156	-0.117	0.365	47.09	0.429	0.451	417	438	-0.401142	0.079909	
A/duck/Guangdong/04.23_DG	0.2480	0.2718	0.5030	0.2552	0.155	-0.146	0.346	47.73	0.406	0.445	436	459	-0.357298	0.076253	
A/duck/Guangdong/04.23_DG	0.2387	0.2838	0.5106	0.2457	0.158	-0.124	0.358	46.80	0.408	0.444	436	459	-0.346841	0.076253	
A/duck/Guangdong/04.23_DG	0.2243	0.2929	0.5106	0.2526	0.154	-0.137	0.352	46.37	0.421	0.448	437	459	-0.359477	0.076253	
A/duck/Guangdong/04.23_DG	0.2387	0.2838	0.5091	0.2448	0.158	-0.124	0.358	46.93	0.408	0.445	436	459	-0.340959	0.076253	
A/duck/Guangdong/04.23_DG	0.2387	0.2838	0.5091	0.2448	0.158	-0.124	0.358	46.93	0.408	0.445	436	459	-0.340959	0.076253	
A/duck/Guangdong/04.23_DG	0.2480	0.2718	0.5030	0.2561	0.155	-0.142	0.349	47.66	0.406	0.445	436	459	-0.356645	0.076253	
A/duck/Guangdong/04.23_DG	0.2534	0.2725	0.4953	0.2562	0.157	-0.129	0.355	48.54	0.408	0.447	422	445	-0.366067	0.078652	
A/duck/Guangdong/04.23_DG	0.2480	0.2718	0.5030	0.2561	0.155	-0.142	0.349	47.66	0.406	0.445	436	459	-0.356645	0.076253	
A/duck/Guangdong/04.23_DG	0.2521	0.2798	0.4920	0.2591	0.158	-0.122	0.361	48.19	0.413	0.448	416	438	-0.398174	0.079909	
A/duck/Guangdong/04.23_DG	0.2521	0.2798	0.4920	0.2591	0.158	-0.122	0.361	48.19	0.413	0.448	416	438	-0.398174	0.079909	
A/duck/Guangdong/04.23_DG	0.2243	0.2929	0.5076	0.2561	0.153	-0.137	0.352	46.66	0.423	0.449	437	459	-0.359477	0.076253	
A/duck/Guangdong/04.23_DG	0.2541	0.2762	0.5016	0.2482	0.150	-0.141	0.350	47.55	0.403	0.444	417	438	-0.389954	0.082192	
A/duck/Guangdong/04.23_DG	0.2521	0.2798	0.4920	0.2591	0.158	-0.122	0.361	48.19	0.413	0.448	416	438	-0.398174	0.079909	
A/duck/Guangdong/04.23_DG	0.2225	0.2906	0.5091	0.2517	0.150	-0.135	0.352	46.77	0.421	0.450	437	459	-0.333115	0.076253	
A/duck/Guangdong/04.23_DG	0.2243	0.2929	0.5076	0.2561	0.153	-0.137	0.352	46.66	0.423	0.449	437	459	-0.359477	0.076253	
A/duck/Guangdong/04.23_DG	0.2521	0.2798	0.4920	0.2591	0.158	-0.122	0.361	48.19	0.413	0.448	416	438	-0.398174	0.079909	
A/duck/Guangdong/04.23_DG	0.2243	0.2929	0.5076	0.2561	0.153	-0.137	0.352	46.66	0.423	0.449	437	459	-0.359477	0.076253	
A/duck/Guangdong/04.23_DG	0.2500	0.2684	0.5121	0.2457	0.147	-0.160	0.339	46.98	0.396	0.441	437	459	-0.348802	0.078431	
A/duck/Guangdong/04.23_DG	0.2500	0.2684	0.5121	0.2457	0.147	-0.160	0.339	46.98	0.396	0.441	437	459	-0.348802	0.078431	
A/duck/Guangdong/04.23_DG	0.2521	0.2798	0.4920	0.2591	0.158	-0.122	0.361	48.19	0.413	0.448	416	438	-0.398174	0.079909	
A/duck/Guangdong/04.23_DG	0.2541	0.2762	0.5016	0.2482	0.150	-0.141	0.350	47.55	0.403	0.444	417	438	-0.389954	0.082192	
A/duck/Guangdong/04.23_DG	0.2541	0.2762	0.5016	0.2482	0.150	-0.141	0.350	47.55	0.403	0.444	417	438	-0.389954	0.082192	
A/duck/Guangdong/04.23_DG	0.2225	0.2906	0.5076	0.2509	0.150	-0.135	0.352	46.87	0.421	0.451	437	459	-0.327233	0.076253	
A/duck/Guangdong/04.23_DG	0.2225	0.2906	0.5091	0.2517	0.150	-0.135	0.352	46.77	0.421	0.450	437	459	-0.333115	0.076253	
A/duck/Guangdong/04.23_DG	0.2423	0.2925	0.4920	0.2545	0.161	-0.104	0.370	47.90	0.421	0.450	416	438	-0.381735	0.079909	
A/duck/Guangdong/04.23_DG	0.2361	0.2865	0.5091	0.2448	0.158	-0.120	0.360	46.91	0.411	0.446	436	459	-0.340959	0.076253	
A/duck/Guangdong/04.23_DG	0.2361	0.2865	0.5091	0.2448	0.158	-0.120	0.360	46.91	0.411	0.446	436	459	-0.340959	0.076253	
A/duck/Guangdong/04.23_DG	0.2387	0.2838	0.5091	0.2448	0.158	-0.124	0.358	46.93	0.408	0.445	436	459	-0.340959	0.076253	
A/duck/Guangdong/04.23_DG	0.2387	0.2838	0.5091	0.2448	0.158	-0.124	0.358	46.93	0.408	0.445	436	459	-0.340959	0.076253	
A/duck/Guangdong/04.23_DG	0.2387	0.2838	0.5091	0.2448	0.158	-0.124	0.358	46.93	0.408	0.445	436	459	-0.340959	0.076253	
A/duck/Guangdong/04.23_DG	0.2423	0.2925	0.4920	0.2545	0.161	-0.104	0.370	47.90	0.421	0.450	416	438	-0.381735	0.079909	
A/duck/Guangdong/04.23_DG	0.2396	0.2953	0.4920	0.2545	0.161	-0.099	0.373	47.87	0.423	0.451	416	438	-0.381735	0.079909	
A/duck/Guangdong/04.23_DG	0.2368	0.2816	0.5183	0.2396	0.149	-0.139	0.349	47.21	0.404	0.444	436	459	-0.346623	0.076253	
A/duck/Guangdong/11.18_SZ	0.2400	0.2853	0.4985	0.2569	0.158	-0.113	0.366	47.62	0.416	0.446	435	459	-0.348802	0.076253	
A/duck/Guangdong/11.18_SZ	0.2400	0.2853	0.4985	0.2569	0.158	-0.113	0.366	47.62	0.416	0.446	435	459	-0.348802	0.076253	
A/duck/Guangdong/11.18_SZ	0.2400	0.2853	0.4985	0.2569	0.158	-0.113	0.366	47.62	0.416	0.446	435	459	-0.348802	0.076253	
A/duck/Guangdong/KGZ15783	0.3566	0.2429	0.3959	0.2549	0.156	-0.116	0.357	53.54	0.387	0.448	445	470	-0.188511	0.093617	
A/duck/Guangdong/KGZ16007	0.2387	0.2812	0.5167	0.2396	0.148	-0.149	0.345	47.06	0.402	0.441	435	459	-0.335294	0.076253	
A/duck/Guangdong/KGZ16008	0.2387	0.2812	0.5167	0.2396	0.148	-0.149	0.345	47.06	0.402	0.441	435	459	-0.335294	0.076253	
A/duck/Guangdong/KGZ16009	0.2387	0.2812	0.5167	0.2396	0.148	-0.149	0.345	47.06	0.402	0.441	435	459	-0.335294	0.076253	
A/duck/Guangdong/KGZ16012	0.2387	0.2812	0.5167	0.2396	0.148	-0.149	0.345	47.06	0.402	0.441	435	459	-0.335294	0.076253	
A/duck/Guangdong/KGZ16015	0.3540	0.2429	0.3953	0.2632	0.157	-0.118	0.357	53.53	0.391	0.448	445	470	-0.220000	0.093617	
A/Duck/Guangdong/PO172812	0.2387	0.2865	0.5121	0.2396	0.156	-0.120	0.360	47.77	0.406	0.444	436	459	-0.315468	0.076253	
A/Duck/Guangdong/PO172813	0.2400	0.2880	0.5122	0.2404	0.160	-0.116	0.363	47.33	0.407	0.443	435	459	-0.324837	0.076253	
A/Duck/Guangdong/PO172842	0.2433	0.2834	0.5046	0.2448	0.158	-0.127	0.357	46.05	0.408	0.444	434	459	-0.349020	0.076253	
A/Duck/Guangdong/PO170726	0.2414	0.2838	0.5030	0.2491	0.158	-0.120	0.360	48.10	0.411	0.446	436	459	-0.316122	0.076253	
A/Duck/Guangdong/PY501/20	0.2727	0.2753	0.4657	0.2724	0.152	-0.135	0.354	50.30	0.415	0.441	446	470	-0.326170	0.072340	
A/Duck/Guangdong/PY503/20	0.2694	0.2746	0.4732	0.2646	0.148	-0.138	0.352	49.98	0.410	0.442	446	470	-0.327872	0.072340	
A/duck/Guangdong/S1269/20	0.3566	0.2429	0.4018	0.2476	0.155	-0.124	0.353	53.26	0.382	0.446	445	470	-0.194468	0.093617	
A/duck/Guangdong/S1330/20	0.2420	0.2819	0.5046	0.2500	0.158	-0.121	0.361	46.40	0.409	0.444	435	459	-0.341830	0.076253	
A/duck/Guangdong/S4518/20	0.3795	0.2718	0.3131	0.3000	0.191	-0.061	0.401	51.81	0.435	0.447	444	469	-0.244776	0.106610	
A/duck/Guangdong/S4525/20	0.3795	0.2718	0.3140	0.3010	0.190	-0.061	0.401	51.81	0.435	0.446	444	469	-0.250533	0.106610	
A/duck/Guangdong/S4879/20	0.2354	0.2804	0.5121	0.2483	0.148	-0.157	0.339	46.45	0.408	0.446	436	459	-0.335730	0.074074	
A/duck/Guangdong/s14044/2	0.3943	0.2191	0.4035	0.2298	0.169	-0.122	0.353	51.32	0.349	0.432	447	470	-0.207021	0.100000	
A/duck/Guangdong/SE195/20	0.2427	0.2880	0.5198	0.2300	0.158	-0.119	0.362	46.26	0.399	0.437	436	459	-0.365577	0.076253	
A/Duck/Guangdong/SS1A1/20	0.2720	0.2746	0.4687	0.2690	0.149	-0.139	0.352	50.57	0.413	0.443	446	470	-0.344255	0.072340	
A/duck/Guangdong/wy11/200	0.3316	0.2617	0.4393	0.2194	0.167	-0.129	0.354	50.66	0.376	0.434	449	472	-0.157415	0.093220	
A/duck/Guangdong/wy19/200	0.3290	0.2642	0.4393	0.2186	0.167	-0.125	0.356	50.71	0.379	0.436	449	472	-0.158051	0.093220	
A/duck/Guangdong/wy24/200	0.3359	0.2636	0.4352	0.2134	0.167	-0.129	0.356	50.85	0.376	0.438	450	472	-0.175424	0.095339	
A/Duck/Guangdong/Yangjian	0.2414	0.2838	0.5076	0.2414	0.158	-0.120	0.360	47.87	0.406	0.445	436	459	-0.310240	0.076253	
A/duck/Guangxi/12.25_GLGX	0.2421	0.2763	0.5076	0.2552	0.149	-0.147	0.344	46.71	0.408	0.443	436	459	-0.335730	0.076253	
A/duck/Guangxi/S10099/202	0.3549	0.2435	0.3941	0.2623	0.159	-0.122	0.355	53.48	0.391	0.448	445	470	-0.214681	0.093617	
A/duck/Guangxi/S10263/202	0.3540	0.2429	0.3941	0.2623	0.156	-0.121	0.355	53.57	0.391	0.449	445	470	-0.208723	0.093617	
A/duck/Guangxi/S11043/202	0.3540	0.2429	0.3971	0.2590	0.157	-0.121	0.355	53.42	0.389	0.448	445	470	-0.208723	0.093617	
A/duck/Guangxi/S21194/202	0.3514	0.2455	0.3941	0.2614	0.156	-0.121	0.355	53.59	0.393	0.450	445	470	-0.209362	0.093617	
A/duck/Guangxi/S31116/202	0.2487	0.2751	0.4863	0.2718	0.146	-0.147	0.344	46.62	0.417	0.447	436	459	-0.342048	0.076253	
A/duck/Guangzhou/018/2014	0.2375	0.2823	0.5106	0.2457	0.151	-0.141	0.349	46.99	0.408	0.445	436	459	-0.344662	0.076253	
A/duck/Guangzhou/021/2014	0.2375	0.2823	0.5106	0.2457	0.152	-0.136	0.351	47.16	0.408	0.444	436	459	-0.333987	0.076253	
A/duck/Guizhou/7.27_ZYLJJ	0.2447	0.2846	0.4924	0.2561	0.155	-0.121	0.361	47.82	0.416	0.447	435	459	-0.361220	0.076253	
A/duck/Guizhou/8.26_ZYLJJ	0.2414	0.2865	0.5046	0.2465	0.152	-0.122	0.360	47.09	0.411	0.444	436	459	-0.357081	0.076253	
A/duck/Guizhou/8.26_ZYLJJ	0.2414	0.2865	0.5046	0.2465	0.152	-0.122	0.360	47.09	0.411	0.444	436	459	-0.357081	0.076253	
A/duck/Guizhou/S1321/2022	0.3821	0.2667	0.3171	0.3021	0.188	-0.064	0.399	51.53	0.430	0.444	444	469	-0.239446	0.106610	
A/duck/Guizhou/S1711/2024	0.3964	0.2609	0.3262	0.2787	0.192	-0.053	0.405	51.86	0.410	0.437	444	469	-0.259915	0.104478	
A/duck/Guizhou/S4702/2021	0.2434	0.2804	0.4863	0.2699	0.148	-0.131	0.353	47.24	0.422	0.450	436	459	-0.354030	0.076253	
A/duck/Hainan/12.29_HKPL0	0.2467	0.2812	0.4985	0.2544	0.152	-0.122	0.360	47.55	0.411	0.443	436	459	-0.361874	0.076253	
A/duck/Hebei/3/2011|EPI_I	0.3810	0.2531	0.4000	0.2138	0.161	-0.123	0.360	50.67	0.365	0.427	447	469	-0.260981	0.089552	
A/duck/Hebei/S1070/2021|E	0.3549	0.2435	0.4000	0.2557	0.156	-0.121	0.355	53.46	0.387	0.445	445	470	-0.215532	0.093617	
A/duck/Henan/01.01_LYGL00	0.2367	0.2819	0.5091	0.2440	0.156	-0.122	0.359	46.16	0.408	0.447	434	459	-0.343137	0.076253	
A/duck/Henan/S1381/2021|E	0.3566	0.2429	0.3971	0.2557	0.157	-0.121	0.355	53.36	0.387	0.447	445	470	-0.208723	0.093617	
A/duck/Hsinchu/15020216/2	0.3829	0.2519	0.4091	0.2153	0.166	-0.143	0.347	50.97	0.361	0.422	449	469	-0.273134	0.087420	
A/duck/Hubei/03.06__WHWTZ	0.3949	0.2582	0.3994	0.2014	0.182	-0.074	0.387	51.18	0.358	0.421	447	469	-0.266098	0.087420	
A/duck/Hubei/03.06__WHWTZ	0.2682	0.2812	0.4701	0.2646	0.155	-0.143	0.351	50.62	0.416	0.445	445	470	-0.350638	0.072340	
A/duck/Hubei/03.06__WHWTZ	0.2708	0.2842	0.4599	0.2686	0.157	-0.131	0.356	51.25	0.421	0.448	432	456	-0.353947	0.074561	
A/duck/Hubei/03.06__WHWTZ	0.2708	0.2786	0.4701	0.2646	0.154	-0.147	0.348	50.62	0.413	0.445	445	470	-0.350638	0.072340	
A/duck/Hubei/03.06__WHWTZ	0.2681	0.2869	0.4599	0.2686	0.157	-0.127	0.359	51.24	0.424	0.449	432	456	-0.353947	0.074561	
A/duck/Hubei/03.06__WHWTZ	0.2879	0.2545	0.4745	0.2646	0.146	-0.164	0.336	50.37	0.395	0.438	446	470	-0.343617	0.076596	
A/duck/Hubei/03.06__WHWTZ	0.3904	0.2299	0.3734	0.2671	0.167	-0.115	0.370	48.97	0.377	0.431	424	449	-0.239198	0.095768	
A/duck/HuBei/03.06__WHWTZ	0.2708	0.2842	0.4599	0.2686	0.157	-0.131	0.356	51.25	0.421	0.448	432	456	-0.353947	0.074561	
A/duck/Hubei/03.06_WHWTZ0	0.2708	0.2786	0.4701	0.2646	0.154	-0.147	0.348	50.62	0.413	0.445	445	470	-0.350638	0.072340	
A/duck/Hubei/03.06_WHWTZ0	0.2682	0.2812	0.4701	0.2646	0.155	-0.143	0.351	50.62	0.416	0.445	445	470	-0.350638	0.072340	
A/duck/Hubei/46/2009|EPI_	0.3617	0.2793	0.3563	0.2491	0.181	-0.077	0.390	51.75	0.413	0.451	426	449	-0.248107	0.097996	
A/duck/Hubei/2911/2007|EP	0.3952	0.2387	0.3679	0.2473	0.176	-0.097	0.378	49.14	0.376	0.437	426	449	-0.257238	0.095768	
A/duck/Hubei/S4465/2021(H	0.3892	0.2680	0.3455	0.2569	0.185	-0.067	0.397	52.10	0.402	0.439	443	469	-0.223667	0.104478	
A/duck/Hubei/SE128/2022(H	0.3866	0.2706	0.3455	0.2569	0.185	-0.067	0.397	52.18	0.404	0.440	443	469	-0.223667	0.104478	
A/duck/Hubei/SE220/2022(H	0.3846	0.2667	0.3140	0.3010	0.189	-0.069	0.396	51.38	0.430	0.444	444	469	-0.255864	0.106610	
A/duck/Hubei/SZY250/2016|	0.3772	0.2582	0.4043	0.2143	0.177	-0.112	0.367	50.21	0.369	0.429	447	469	-0.340938	0.087420	
A/duck/Hubei/xn/2007|EPI_	0.3973	0.2213	0.3817	0.2581	0.167	-0.110	0.372	48.87	0.365	0.429	425	449	-0.246771	0.100223	
A/duck/Hunan/1.12_YYGK68H	0.2440	0.2838	0.4970	0.2526	0.154	-0.122	0.360	47.57	0.413	0.445	436	459	-0.361438	0.074074	
A/duck/Hunan/1.12_YYGK72H	0.2440	0.2838	0.4970	0.2526	0.154	-0.122	0.360	47.57	0.413	0.445	436	459	-0.361438	0.074074	
A/duck/Hunan/1.12_YYGK74H	0.2334	0.2918	0.5137	0.2396	0.154	-0.126	0.358	47.75	0.411	0.444	436	459	-0.329194	0.076253	
A/duck/Hunan/01.12_YYGK82	0.2334	0.2918	0.5137	0.2396	0.154	-0.126	0.358	47.75	0.411	0.444	436	459	-0.329194	0.076253	
A/duck/Hunan/01.16_YYFQH1	0.2720	0.2720	0.4746	0.2655	0.149	-0.148	0.348	50.42	0.408	0.440	446	470	-0.337234	0.072340	
A/duck/Hunan/01.16_YYFQH1	0.2720	0.2720	0.4746	0.2655	0.149	-0.148	0.348	50.42	0.408	0.440	446	470	-0.337234	0.072340	
A/duck/Hunan/01.16_YYFQH2	0.2617	0.2876	0.4671	0.2690	0.153	-0.132	0.357	50.84	0.424	0.445	446	470	-0.343617	0.072340	
A/duck/Hunan/01.16_YYFQH3	0.2617	0.2876	0.4671	0.2690	0.153	-0.132	0.357	50.84	0.424	0.445	446	470	-0.343617	0.072340	
A/duck/Hunan/01.16_YYFQH3	0.2617	0.2876	0.4671	0.2690	0.153	-0.132	0.357	50.84	0.424	0.445	446	470	-0.343617	0.072340	
A/duck/Hunan/01.16_YYFQH3	0.2617	0.2876	0.4671	0.2690	0.153	-0.132	0.357	50.84	0.424	0.445	446	470	-0.343617	0.072340	
A/duck/Hunan/01.16_YYFQH3	0.2617	0.2876	0.4671	0.2690	0.153	-0.132	0.357	50.84	0.424	0.445	446	470	-0.343617	0.072340	
A/duck/Hunan/01.16_YYFQH3	0.2617	0.2876	0.4671	0.2690	0.153	-0.132	0.357	50.84	0.424	0.445	446	470	-0.343617	0.072340	
A/duck/Hunan/01.16_YYFQH3	0.2617	0.2876	0.4671	0.2690	0.153	-0.132	0.357	50.84	0.424	0.445	446	470	-0.343617	0.072340	
A/duck/Hunan/01.16_YYFQH3	0.2617	0.2876	0.4671	0.2690	0.153	-0.132	0.357	50.84	0.424	0.445	446	470	-0.343617	0.072340	
A/duck/Hunan/01.16_YYGK21	0.2617	0.2876	0.4671	0.2690	0.152	-0.136	0.354	51.02	0.424	0.446	446	470	-0.338298	0.072340	
A/duck/Hunan/1.17_YYGKK80	0.2267	0.2960	0.5000	0.2552	0.161	-0.104	0.371	47.44	0.426	0.453	434	459	-0.348584	0.076253	
A/duck/Hunan/01.21_YYFQH0	0.2689	0.2768	0.4746	0.2637	0.154	-0.139	0.353	50.93	0.411	0.443	445	470	-0.351702	0.072340	
A/duck/Hunan/01.21_YYFQH0	0.2620	0.2941	0.4509	0.2718	0.156	-0.102	0.372	51.40	0.434	0.452	433	456	-0.349781	0.074561	
A/duck/Hunan/01.21_YYFQH0	0.2663	0.2794	0.4687	0.2705	0.154	-0.147	0.348	51.13	0.418	0.446	445	470	-0.338298	0.072340	
A/duck/Hunan/01.21_YYFQH0	0.2708	0.2842	0.4599	0.2686	0.155	-0.125	0.359	52.18	0.421	0.447	432	456	-0.348903	0.074561	
A/duck/Hunan/01.21_YYFQH0	0.2689	0.2768	0.4746	0.2637	0.154	-0.139	0.353	50.93	0.411	0.443	445	470	-0.351702	0.072340	
A/duck/Hunan/2.06_YYGK77J	0.2249	0.3016	0.4955	0.2526	0.160	-0.096	0.374	48.10	0.429	0.452	436	459	-0.306536	0.076253	
A/duck/Hunan/2.06_YYGK78J	0.2435	0.2876	0.5104	0.2347	0.157	-0.106	0.370	47.26	0.404	0.439	446	470	-0.355958	0.074468	
A/duck/Hunan/2.06_YYGK84J	0.2255	0.2997	0.4955	0.2526	0.160	-0.099	0.372	48.12	0.428	0.452	435	458	-0.299563	0.076419	
A/duck/Hunan/2.06_YYGK92J	0.2249	0.3016	0.4955	0.2526	0.160	-0.096	0.374	48.12	0.429	0.452	436	459	-0.306536	0.076253	
A/duck/Hunan/02.07__YYFQH	0.2708	0.2786	0.4701	0.2646	0.153	-0.141	0.351	51.53	0.413	0.444	445	470	-0.345745	0.072340	
A/duck/Hunan/02.07__YYFQH	0.2708	0.2786	0.4701	0.2646	0.153	-0.141	0.351	51.53	0.413	0.444	445	470	-0.345745	0.072340	
A/duck/Hunan/02.07_YYFQH0	0.2623	0.2883	0.4613	0.2678	0.154	-0.118	0.363	50.73	0.426	0.448	446	470	-0.346596	0.072340	
A/duck/Hunan/02.07_YYFQH0	0.2708	0.2786	0.4701	0.2646	0.153	-0.141	0.351	51.53	0.413	0.444	445	470	-0.345745	0.072340	
A/duck/Hunan/02.07_YYFQH0	0.2623	0.2883	0.4613	0.2678	0.154	-0.118	0.363	50.73	0.426	0.448	446	470	-0.346596	0.072340	
A/duck/Hunan/02.16_YYGK28	0.2617	0.2876	0.4671	0.2690	0.152	-0.136	0.354	51.02	0.424	0.446	446	470	-0.338298	0.072340	
A/duck/Hunan/02.26__YYFQH	0.2617	0.2876	0.4671	0.2690	0.153	-0.132	0.357	50.84	0.424	0.445	446	470	-0.343617	0.072340	
A/duck/Hunan/02.26__YYFQH	0.2640	0.2907	0.4568	0.2730	0.154	-0.124	0.360	51.71	0.430	0.449	433	456	-0.341228	0.074561	
A/duck/Hunan/02.26__YYGK2	0.2640	0.2907	0.4568	0.2730	0.155	-0.120	0.363	51.51	0.430	0.448	433	456	-0.346710	0.074561	
A/duck/Hunan/02.26__YYGK0	0.2642	0.2850	0.4671	0.2680	0.152	-0.140	0.352	50.95	0.422	0.446	446	470	-0.349362	0.072340	
A/duck/Hunan/02.26_YYFQH2	0.2720	0.2800	0.4615	0.2695	0.150	-0.132	0.356	51.30	0.418	0.444	433	456	-0.340132	0.074561	
A/duck/Hunan/02.26_YYFQH2	0.2617	0.2876	0.4671	0.2690	0.153	-0.132	0.357	50.84	0.424	0.445	446	470	-0.343617	0.072340	
A/duck/Hunan/02.26_YYFQH3	0.2617	0.2876	0.4671	0.2690	0.153	-0.132	0.357	50.84	0.424	0.445	446	470	-0.343617	0.072340	
A/duck/Hunan/02.26_YYFQHY	0.2708	0.2842	0.4599	0.2686	0.155	-0.125	0.359	52.18	0.421	0.447	432	456	-0.348903	0.074561	
A/duck/Hunan/02.26_YYGK25	0.2772	0.2720	0.4746	0.2577	0.148	-0.149	0.348	50.58	0.404	0.440	446	470	-0.348298	0.072340	
A/duck/Hunan/02.26_YYGK25	0.2617	0.2876	0.4671	0.2690	0.152	-0.136	0.354	51.02	0.424	0.446	446	470	-0.338298	0.072340	
A/duck/Hunan/02.26_YYGK26	0.2772	0.2720	0.4746	0.2586	0.147	-0.148	0.348	50.61	0.404	0.439	446	470	-0.337234	0.072340	
A/duck/Hunan/02.26_YYGK26	0.2772	0.2720	0.4746	0.2586	0.147	-0.148	0.348	50.61	0.404	0.439	446	470	-0.337234	0.072340	
A/duck/Hunan/02.26_YYGK27	0.2765	0.2713	0.4746	0.2586	0.146	-0.148	0.348	50.78	0.404	0.440	446	470	-0.330426	0.072340	
A/duck/Hunan/02.26_YYGK27	0.2772	0.2720	0.4746	0.2586	0.147	-0.148	0.348	50.61	0.404	0.439	446	470	-0.337234	0.072340	
A/duck/Hunan/02.26_YYGKY2	0.2617	0.2876	0.4671	0.2690	0.153	-0.132	0.357	50.84	0.424	0.445	446	470	-0.343617	0.072340	
A/duck/Hunan/02.26_YYGQH2	0.2617	0.2876	0.4671	0.2690	0.153	-0.132	0.357	50.84	0.424	0.445	446	470	-0.343617	0.072340	
A/duck/Hunan/03.07_YYGK1L	0.3936	0.2394	0.3734	0.2555	0.175	-0.098	0.378	49.24	0.376	0.429	426	449	-0.199555	0.100223	
A/duck/Hunan/03.07_YYGK4L	0.2467	0.2732	0.5015	0.2596	0.156	-0.123	0.359	45.79	0.407	0.443	435	459	-0.303486	0.076253	
A/duck/Hunan/03.07_YYGK25	0.2255	0.2997	0.4955	0.2526	0.160	-0.099	0.372	48.12	0.428	0.452	435	458	-0.299563	0.076419	
A/duck/Hunan/03.07_YYGK31	0.3821	0.2436	0.4199	0.2091	0.160	-0.125	0.359	50.15	0.350	0.421	443	466	-0.283047	0.083691	
A/duck/Hunan/03.09_YYFQH0	0.2644	0.2853	0.4673	0.2662	0.154	-0.130	0.357	51.53	0.420	0.447	445	470	-0.365106	0.072340	
A/duck/Hunan/03.09_YYFQH0	0.2348	0.2850	0.5015	0.2561	0.152	-0.144	0.349	47.34	0.417	0.447	436	459	-0.348366	0.076253	
A/duck/Hunan/03.09_YYFQH0	0.2438	0.2881	0.5032	0.2509	0.155	-0.115	0.363	47.63	0.413	0.444	416	438	-0.380594	0.079909	
A/duck/Hunan/03.24_YYGK18	0.2328	0.2857	0.5137	0.2448	0.153	-0.128	0.356	46.77	0.411	0.445	436	459	-0.366885	0.076253	
A/duck/Hunan/03.24_YYGK21	0.2328	0.2857	0.5137	0.2448	0.153	-0.128	0.356	46.77	0.411	0.445	436	459	-0.366885	0.076253	
A/duck/Hunan/03.24_YYGK17	0.2328	0.2857	0.5137	0.2448	0.153	-0.128	0.356	46.77	0.411	0.445	436	459	-0.366885	0.076253	
A/duck/Hunan/03.24_YYGK17	0.2328	0.2857	0.5137	0.2448	0.153	-0.128	0.356	46.77	0.411	0.445	436	459	-0.366885	0.076253	
A/duck/Hunan/04.14_YYGK06	0.2708	0.2842	0.4599	0.2686	0.159	-0.132	0.356	51.67	0.421	0.448	432	456	-0.364035	0.074561	
A/duck/Hunan/04.14_YYGK04	0.2735	0.2842	0.4568	0.2686	0.156	-0.113	0.366	52.86	0.421	0.447	432	456	-0.348903	0.074561	
A/duck/Hunan/04.14_YYGK45	0.2694	0.2772	0.4599	0.2755	0.152	-0.152	0.345	51.23	0.421	0.447	447	470	-0.351915	0.072340	
A/duck/Hunan/04.14_YYGK46	0.2674	0.2861	0.4540	0.2737	0.157	-0.129	0.358	51.86	0.427	0.450	433	456	-0.359430	0.074561	
A/duck/Hunan/04.14_YYGK46	0.2734	0.2760	0.4731	0.2612	0.156	-0.156	0.344	50.55	0.409	0.443	445	470	-0.360426	0.072340	
A/duck/Hunan/04.14_YYGK46	0.2708	0.2842	0.4599	0.2686	0.159	-0.132	0.356	51.67	0.421	0.448	432	456	-0.364035	0.074561	
A/duck/Hunan/04.14_YYGK47	0.2708	0.2842	0.4599	0.2686	0.159	-0.132	0.356	51.67	0.421	0.448	432	456	-0.364035	0.074561	
A/duck/Hunan/04.14_YYGK08	0.2701	0.2834	0.4540	0.2737	0.156	-0.133	0.356	51.85	0.425	0.450	433	456	-0.359430	0.074561	
A/duck/Hunan/04.14_YYXS87	0.2701	0.2834	0.4540	0.2737	0.156	-0.133	0.356	51.85	0.425	0.450	433	456	-0.359430	0.074561	
A/duck/Hunan/04.22_LDDX03	0.2257	0.2887	0.5076	0.2561	0.151	-0.144	0.348	46.85	0.421	0.450	437	459	-0.354684	0.076253	
A/duck/Hunan/7.21_YYGK41Y	0.2361	0.2865	0.5045	0.2466	0.160	-0.128	0.356	47.19	0.413	0.447	436	459	-0.334858	0.076253	
A/duck/Hunan/11.30_YYGK59	0.2453	0.2800	0.5106	0.2422	0.158	-0.128	0.356	45.82	0.402	0.441	435	459	-0.349455	0.076253	
A/duck/Hunan/11.30_YYGK62	0.2387	0.2865	0.5091	0.2422	0.158	-0.120	0.360	47.83	0.408	0.445	436	459	-0.316122	0.076253	
A/duck/Hunan/11.30_YYGK63	0.2387	0.2865	0.5091	0.2422	0.158	-0.120	0.360	47.83	0.408	0.445	436	459	-0.316122	0.076253	
A/duck/Hunan/11.30_YYGK74	0.3821	0.2179	0.4076	0.2403	0.158	-0.148	0.338	51.82	0.356	0.437	447	470	-0.192340	0.095745	
A/duck/Hunan/11.30_YYGK75	0.2487	0.2778	0.5120	0.2302	0.156	-0.124	0.358	47.58	0.394	0.442	436	459	-0.322440	0.076253	
A/duck/Hunan/12.07__YYGK4	0.3890	0.2384	0.3819	0.2463	0.176	-0.081	0.389	48.27	0.372	0.433	414	435	-0.248966	0.101149	
A/duck/Hunan/12.07__YYGK9	0.3966	0.2346	0.3709	0.2584	0.175	-0.100	0.378	48.69	0.376	0.436	407	427	-0.286885	0.103044	
A/duck/Hunan/12.07__YYGK1	0.2401	0.2797	0.5122	0.2483	0.150	-0.147	0.344	47.01	0.406	0.442	436	459	-0.322658	0.076253	
A/duck/Hunan/12.07__YYGK1	0.2375	0.2823	0.5091	0.2500	0.151	-0.141	0.349	46.92	0.411	0.445	436	459	-0.350545	0.076253	
A/duck/Hunan/12.07__YYGK1	0.2701	0.2834	0.4557	0.2711	0.152	-0.124	0.360	51.54	0.423	0.447	433	456	-0.335965	0.074561	
A/duck/Hunan/12.07_YGK098	0.2375	0.2823	0.5091	0.2517	0.150	-0.139	0.349	47.00	0.411	0.443	436	459	-0.322658	0.076253	
A/duck/Hunan/12.07_YYGK00	0.3936	0.2314	0.3762	0.2581	0.173	-0.111	0.370	48.16	0.372	0.431	427	449	-0.214699	0.097996	
A/duck/Hunan/12.07_YYGK03	0.2682	0.2812	0.4687	0.2680	0.153	-0.132	0.357	50.90	0.417	0.443	446	470	-0.351277	0.072340	
A/duck/Hunan/12.07_YYGK68	0.2694	0.2772	0.4657	0.2724	0.149	-0.140	0.352	50.83	0.417	0.444	446	470	-0.337234	0.072340	
A/duck/Hunan/12.07_YYGK10	0.3883	0.2367	0.3781	0.2527	0.175	-0.083	0.386	48.34	0.375	0.432	427	449	-0.245880	0.097996	
A/duck/Hunan/12.07_YYGK10	0.2375	0.2823	0.5091	0.2500	0.151	-0.142	0.349	46.85	0.411	0.446	436	459	-0.355991	0.076253	
A/duck/Hunan/12.07_YYGK11	0.2401	0.2797	0.5091	0.2500	0.151	-0.144	0.346	46.77	0.408	0.444	436	459	-0.345316	0.076253	
A/duck/Hunan/12.17__YYFQH	0.2342	0.2842	0.5015	0.2604	0.151	-0.139	0.350	46.86	0.419	0.447	437	459	-0.350327	0.076253	
A/duck/Hunan/12.17__YYFQH	0.2342	0.2842	0.5015	0.2604	0.151	-0.139	0.350	46.86	0.419	0.447	437	459	-0.350327	0.076253	
A/duck/Hunan/12.17__YYGK0	0.2689	0.2794	0.4673	0.2653	0.158	-0.130	0.357	51.47	0.416	0.447	445	470	-0.353617	0.072340	
A/duck/Hunan/12.17_YYGK01	0.2727	0.2779	0.4627	0.2705	0.155	-0.126	0.359	52.54	0.417	0.445	446	470	-0.341702	0.072340	
A/duck/Hunan/12.17_YYGK04	0.2760	0.2760	0.4671	0.2646	0.154	-0.133	0.355	52.51	0.411	0.443	445	470	-0.345745	0.072340	
A/duck/Hunan/12.17_YYGK05	0.2431	0.2873	0.4968	0.2574	0.153	-0.124	0.358	47.64	0.418	0.447	416	438	-0.393836	0.079909	
A/duck/Hunan/12.17_YYGK00	0.2708	0.2786	0.4701	0.2646	0.153	-0.141	0.351	51.53	0.413	0.444	445	470	-0.345745	0.072340	
A/duck/Hunan/12.17_YYGK00	0.2760	0.2760	0.4671	0.2646	0.154	-0.133	0.355	52.51	0.411	0.443	445	470	-0.345745	0.072340	
A/duck/Hunan/12.17_YYGK00	0.2342	0.2842	0.5015	0.2604	0.151	-0.139	0.350	46.86	0.419	0.447	437	459	-0.350327	0.076253	
A/duck/Hunan/12.17_YYGK07	0.2760	0.2760	0.4671	0.2646	0.154	-0.133	0.355	52.21	0.411	0.443	445	470	-0.345745	0.072340	
A/duck/Hunan/12.17_YYGK08	0.2438	0.2881	0.4968	0.2583	0.154	-0.119	0.361	47.64	0.418	0.445	416	438	-0.389041	0.079909	
A/duck/Hunan/12.27_YYGK60	0.2460	0.2778	0.5030	0.2448	0.152	-0.128	0.356	47.95	0.404	0.444	436	459	-0.311111	0.076253	
A/duck/Hunan/12.27_YYGK71	0.2293	0.2933	0.5000	0.2561	0.162	-0.103	0.371	47.37	0.424	0.452	434	459	-0.337255	0.076253	
A/duck/Hunan/12.27_YYGK73	0.2460	0.2778	0.5090	0.2379	0.153	-0.124	0.358	47.77	0.399	0.443	436	459	-0.311111	0.076253	
A/duck/Hunan/12.27_YYGK81	0.2293	0.2933	0.5000	0.2561	0.162	-0.103	0.371	47.37	0.424	0.452	434	459	-0.337255	0.076253	
A/duck/Hunan/12.27_YYGK86	0.2460	0.2778	0.5030	0.2448	0.152	-0.128	0.356	47.95	0.404	0.444	436	459	-0.311111	0.076253	
A/duck/Hunan/12.27_YYGK89	0.2293	0.2933	0.5000	0.2561	0.162	-0.103	0.371	47.37	0.424	0.452	434	459	-0.337255	0.076253	
A/duck/Hunan/12.27_YYGK91	0.2320	0.2907	0.5000	0.2561	0.161	-0.107	0.369	47.34	0.422	0.451	434	459	-0.337255	0.076253	
A/duck/Hunan/12.27_YYGK93	0.2293	0.2933	0.5000	0.2561	0.162	-0.103	0.371	47.37	0.424	0.452	434	459	-0.337255	0.076253	
A/duck/Hunan/12.27_YYGK95	0.2293	0.2933	0.5000	0.2561	0.162	-0.103	0.371	47.37	0.424	0.452	434	459	-0.337255	0.076253	
A/duck/Hunan/12.27_YYGK96	0.2320	0.2907	0.5000	0.2561	0.161	-0.107	0.369	47.34	0.422	0.451	434	459	-0.337255	0.076253	
A/duck/Hunan/12.27_YYGK97	0.2320	0.2907	0.5000	0.2561	0.161	-0.107	0.369	47.44	0.422	0.451	434	459	-0.337255	0.076253	
A/duck/Hunan/12.27_YYGK10	0.2293	0.2933	0.5000	0.2561	0.162	-0.103	0.371	47.37	0.424	0.452	434	459	-0.337255	0.076253	
A/duck/Hunan/193/2014|EPI	0.2381	0.2831	0.5076	0.2474	0.151	-0.141	0.349	46.99	0.411	0.447	436	459	-0.333115	0.076253	
A/duck/Hunan/233/2014|EPI	0.2421	0.2763	0.5091	0.2509	0.150	-0.143	0.346	46.74	0.406	0.444	436	459	-0.329848	0.076253	
A/duck/Hunan/316/2005|EPI	0.3952	0.2361	0.3849	0.2340	0.173	-0.106	0.373	48.05	0.364	0.430	426	449	-0.259688	0.097996	
A/duck/Hunan/689/2006|EPI	0.3899	0.2440	0.3691	0.2473	0.176	-0.095	0.380	48.91	0.380	0.438	426	449	-0.271047	0.097996	
A/duck/Hunan/3315/2006|EP	0.3893	0.2480	0.3711	0.2386	0.181	-0.092	0.379	48.77	0.379	0.437	425	449	-0.247661	0.097996	
A/duck/Hunan/HN05/2014|EP	0.2401	0.2797	0.5076	0.2474	0.153	-0.136	0.351	47.10	0.408	0.447	436	459	-0.328976	0.076253	
A/duck/Hunan/HN13/2015|EP	0.2354	0.2857	0.5030	0.2491	0.153	-0.137	0.351	47.26	0.415	0.450	436	459	-0.327887	0.076253	
A/duck/Hunan/HN16/2015|EP	0.2382	0.2775	0.5076	0.2552	0.146	-0.147	0.344	46.93	0.411	0.445	436	459	-0.322222	0.076253	
A/duck/Hunan/HN29/2015|EP	0.2354	0.2857	0.5030	0.2491	0.153	-0.137	0.351	47.26	0.415	0.450	436	459	-0.327887	0.076253	
A/duck/Hunan/HN42/2015|EP	0.2427	0.2797	0.5030	0.2544	0.150	-0.147	0.344	47.43	0.411	0.442	436	459	-0.333987	0.076253	
A/duck/Hunan/HN45/2015|EP	0.2381	0.2831	0.5061	0.2457	0.152	-0.137	0.351	47.16	0.411	0.449	436	459	-0.327887	0.076253	
A/duck/Hunan/HN53/2015|EP	0.2361	0.2865	0.5030	0.2491	0.154	-0.137	0.351	46.84	0.415	0.450	436	459	-0.325708	0.076253	
A/duck/Hunan/HN54/2015|EP	0.2381	0.2831	0.5061	0.2457	0.152	-0.137	0.351	47.16	0.411	0.449	436	459	-0.327887	0.076253	
A/duck/Hunan/HN59/2015|EP	0.2381	0.2831	0.5030	0.2491	0.152	-0.141	0.349	47.26	0.413	0.450	436	459	-0.327887	0.076253	
A/duck/Hunan/HN60/2015|EP	0.2387	0.2838	0.5030	0.2500	0.152	-0.146	0.346	46.77	0.413	0.448	436	459	-0.325055	0.076253	
A/duck/Hunan/HN61/2015|EP	0.2381	0.2831	0.5030	0.2491	0.152	-0.141	0.349	47.26	0.413	0.450	436	459	-0.327887	0.076253	
A/duck/Hunan/HN64/2015|EP	0.2381	0.2831	0.5061	0.2457	0.152	-0.137	0.351	47.16	0.411	0.449	436	459	-0.327887	0.076253	
A/duck/Hunan/HN66/2015|EP	0.2381	0.2831	0.5061	0.2457	0.152	-0.137	0.351	47.16	0.411	0.449	436	459	-0.327887	0.076253	
A/duck/Hunan/HN67/2015|EP	0.2427	0.2797	0.5030	0.2544	0.150	-0.147	0.344	47.43	0.411	0.442	436	459	-0.333987	0.076253	
A/duck/Hunan/HN71/2015|EP	0.2427	0.2797	0.5030	0.2544	0.150	-0.147	0.344	47.43	0.411	0.442	436	459	-0.333987	0.076253	
A/duck/Hunan/HN72/2015|EP	0.2382	0.2775	0.5076	0.2552	0.146	-0.147	0.344	46.98	0.411	0.444	436	459	-0.327669	0.076253	
A/duck/Hunan/HN74/2015|EP	0.2401	0.2823	0.5030	0.2544	0.151	-0.143	0.346	47.43	0.413	0.444	436	459	-0.333987	0.076253	
A/duck/Hunan/HN76/2015|EP	0.2382	0.2775	0.5076	0.2552	0.146	-0.147	0.344	46.98	0.411	0.444	436	459	-0.327669	0.076253	
A/duck/Hunan/HN78/2015|EP	0.2354	0.2857	0.5015	0.2483	0.152	-0.137	0.351	47.34	0.415	0.451	436	459	-0.322004	0.076253	
A/duck/Hunan/HN80/2015|EP	0.2427	0.2797	0.5030	0.2544	0.150	-0.147	0.344	47.43	0.411	0.442	436	459	-0.333987	0.076253	
A/duck/Hunan/HN162/2015|E	0.2196	0.2937	0.5122	0.2561	0.152	-0.130	0.356	47.08	0.424	0.447	436	459	-0.355120	0.076253	
A/duck/Hunan/HN163/2015|E	0.2196	0.2937	0.5091	0.2595	0.152	-0.130	0.356	46.92	0.427	0.449	436	459	-0.355120	0.076253	
A/duck/Hunan/HN167/2015|E	0.2447	0.2737	0.5091	0.2509	0.150	-0.147	0.344	46.75	0.404	0.443	436	459	-0.329848	0.076253	
A/duck/Hunan/HN171/2015|E	0.2222	0.2910	0.5152	0.2526	0.152	-0.138	0.351	46.77	0.420	0.447	436	459	-0.355120	0.076253	
A/duck/Hunan/HN172/2015|E	0.2222	0.2910	0.5122	0.2561	0.151	-0.138	0.351	46.66	0.422	0.447	436	459	-0.355120	0.076253	
A/duck/Hunan/HN174/2015|E	0.2249	0.2884	0.5122	0.2561	0.150	-0.142	0.349	46.65	0.420	0.447	436	459	-0.355120	0.076253	
A/duck/Hunan/HN176/2015|E	0.2275	0.2857	0.5122	0.2561	0.150	-0.146	0.346	46.68	0.417	0.446	436	459	-0.355120	0.076253	
A/duck/Hunan/HN177/2015|E	0.2202	0.2944	0.5138	0.2535	0.152	-0.134	0.354	46.68	0.423	0.447	435	459	-0.360131	0.076253	
A/duck/Hunan/HN178/2015|E	0.2222	0.2910	0.5122	0.2561	0.151	-0.138	0.351	46.60	0.422	0.447	436	459	-0.355120	0.076253	
A/duck/Hunan/HN182/2015|E	0.2222	0.2910	0.5122	0.2561	0.151	-0.138	0.351	46.60	0.422	0.447	436	459	-0.355120	0.076253	
A/duck/Hunan/HN183/2015|E	0.2222	0.2910	0.5091	0.2595	0.151	-0.134	0.353	46.92	0.424	0.448	436	459	-0.355120	0.076253	
A/duck/Hunan/HN186/2015|E	0.2222	0.2910	0.5091	0.2586	0.152	-0.134	0.353	47.01	0.424	0.449	436	459	-0.355773	0.076253	
A/duck/Hunan/HN190/2015|E	0.2196	0.2937	0.5122	0.2561	0.152	-0.134	0.353	46.61	0.424	0.448	436	459	-0.355120	0.076253	
A/duck/Hunan/HN191/2015|E	0.2196	0.2937	0.5122	0.2561	0.152	-0.134	0.353	46.61	0.424	0.448	436	459	-0.355120	0.076253	
A/duck/Hunan/HN192/2015|E	0.2222	0.2910	0.5122	0.2561	0.151	-0.138	0.351	46.60	0.422	0.447	436	459	-0.355120	0.076253	
A/duck/Hunan/HN194/2015|E	0.2196	0.2937	0.5122	0.2561	0.152	-0.134	0.353	46.61	0.424	0.448	436	459	-0.355120	0.076253	
A/duck/Hunan/HN195/2015|E	0.2222	0.2910	0.5122	0.2561	0.151	-0.138	0.351	46.60	0.422	0.447	436	459	-0.355120	0.076253	
A/duck/Hunan/HN197/2015|E	0.2196	0.2937	0.5091	0.2595	0.152	-0.130	0.356	46.92	0.427	0.449	436	459	-0.355120	0.076253	
A/duck/Hunan/HN201/2015|E	0.2196	0.2937	0.5122	0.2561	0.152	-0.134	0.353	46.61	0.424	0.448	436	459	-0.355120	0.076253	
A/duck/Hunan/HN204/2015|E	0.2222	0.2910	0.5122	0.2561	0.151	-0.138	0.351	46.66	0.422	0.447	436	459	-0.355120	0.076253	
A/duck/Hunan/HN205/2015|E	0.2222	0.2910	0.5122	0.2561	0.151	-0.138	0.351	46.66	0.422	0.447	436	459	-0.355120	0.076253	
A/duck/Hunan/HN206/2015|E	0.2222	0.2910	0.5122	0.2561	0.151	-0.138	0.351	46.66	0.422	0.447	436	459	-0.355120	0.076253	
A/duck/Hunan/HN207/2015|E	0.2222	0.2884	0.5122	0.2595	0.152	-0.133	0.353	47.04	0.422	0.448	436	459	-0.356863	0.076253	
A/duck/Hunan/HN208/2015|E	0.2222	0.2910	0.5091	0.2595	0.151	-0.134	0.353	46.92	0.424	0.448	436	459	-0.355120	0.076253	
A/duck/Hunan/HN209/2015|E	0.2222	0.2910	0.5122	0.2561	0.151	-0.138	0.351	46.66	0.422	0.447	436	459	-0.355120	0.076253	
A/duck/Hunan/HN210/2015|E	0.2222	0.2910	0.5122	0.2561	0.151	-0.138	0.351	46.66	0.422	0.447	436	459	-0.355120	0.076253	
A/duck/Hunan/HN212/2015|E	0.2222	0.2910	0.5122	0.2561	0.151	-0.138	0.351	46.60	0.422	0.447	436	459	-0.355120	0.076253	
A/duck/Hunan/HN214/2015|E	0.2368	0.2789	0.5137	0.2500	0.151	-0.149	0.346	45.84	0.407	0.442	437	459	-0.361002	0.076253	
A/duck/Hunan/HN215/2015|E	0.2196	0.2937	0.5122	0.2561	0.152	-0.134	0.353	46.61	0.424	0.448	436	459	-0.355120	0.076253	
A/duck/Hunan/HN216/2015|E	0.2222	0.2910	0.5122	0.2552	0.153	-0.131	0.356	46.82	0.422	0.448	436	459	-0.366449	0.076253	
A/duck/Hunan/HN217/2015|E	0.2196	0.2937	0.5122	0.2561	0.152	-0.134	0.353	46.61	0.424	0.448	436	459	-0.355120	0.076253	
A/duck/Hunan/HN220/2015|E	0.2222	0.2910	0.5122	0.2561	0.151	-0.138	0.351	46.60	0.422	0.447	436	459	-0.355120	0.076253	
A/duck/Hunan/HN221/2015|E	0.2222	0.2910	0.5091	0.2595	0.151	-0.142	0.349	46.66	0.424	0.448	436	459	-0.355120	0.076253	
A/duck/Hunan/HN224/2015|E	0.2249	0.2884	0.5122	0.2561	0.150	-0.142	0.349	46.65	0.420	0.447	436	459	-0.355120	0.076253	
A/duck/Hunan/HN227/2015|E	0.2222	0.2910	0.5122	0.2561	0.151	-0.138	0.351	46.60	0.422	0.447	436	459	-0.355120	0.076253	
A/duck/Hunan/HN230/2015|E	0.2243	0.2876	0.5122	0.2561	0.149	-0.146	0.346	46.68	0.420	0.447	436	459	-0.348366	0.076253	
A/duck/Hunan/HN232/2015|E	0.2342	0.2816	0.5137	0.2500	0.152	-0.145	0.348	45.85	0.410	0.443	437	459	-0.361002	0.076253	
A/duck/Hunan/HN234/2015|E	0.2368	0.2789	0.5137	0.2500	0.151	-0.149	0.346	45.84	0.407	0.442	437	459	-0.361002	0.076253	
A/duck/Hunan/HN236/2015|E	0.2368	0.2789	0.5137	0.2500	0.151	-0.149	0.346	45.84	0.407	0.442	437	459	-0.361002	0.076253	
A/duck/Hunan/HN238/2015|E	0.2342	0.2816	0.5137	0.2500	0.152	-0.145	0.348	45.85	0.410	0.443	437	459	-0.361002	0.076253	
A/duck/Hunan/HN239/2015|E	0.2316	0.2842	0.5091	0.2500	0.153	-0.128	0.355	46.97	0.414	0.450	437	459	-0.323965	0.076253	
A/duck/Hunan/HN240/2015|E	0.2342	0.2816	0.5137	0.2500	0.152	-0.145	0.348	45.85	0.410	0.443	437	459	-0.361002	0.076253	
A/duck/Hunan/HN241/2015|E	0.2316	0.2842	0.5091	0.2500	0.153	-0.128	0.355	46.97	0.414	0.450	437	459	-0.323965	0.076253	
A/duck/Hunan/HN242/2015|E	0.2368	0.2789	0.5137	0.2500	0.151	-0.149	0.346	45.84	0.407	0.442	437	459	-0.361002	0.076253	
A/duck/Hunan/HN278/2015|E	0.2387	0.2865	0.5061	0.2448	0.157	-0.140	0.351	47.49	0.411	0.444	436	459	-0.323529	0.076253	
A/duck/Hunan/HN285/2015|E	0.2414	0.2838	0.5076	0.2414	0.157	-0.143	0.349	47.48	0.406	0.443	436	459	-0.319826	0.074074	
A/duck/Hunan/HN288/2015|E	0.2414	0.2838	0.5076	0.2414	0.156	-0.143	0.349	47.52	0.406	0.442	436	459	-0.325272	0.074074	
A/duck/Hunan/HN333/2015|E	0.2460	0.2751	0.5030	0.2544	0.150	-0.142	0.347	47.48	0.407	0.443	435	459	-0.330937	0.076253	
A/duck/Hunan/HN334/2015|E	0.2454	0.2744	0.5015	0.2569	0.150	-0.143	0.346	47.32	0.408	0.444	436	459	-0.320479	0.076253	
A/duck/Hunan/HN335/2015|E	0.2427	0.2770	0.4985	0.2604	0.151	-0.139	0.349	47.15	0.413	0.446	436	459	-0.320479	0.076253	
A/duck/Hunan/HN336/2015|E	0.2427	0.2770	0.5015	0.2569	0.151	-0.139	0.349	47.36	0.411	0.445	436	459	-0.320479	0.076253	
A/duck/Hunan/HN339/2015|E	0.2454	0.2744	0.5015	0.2569	0.150	-0.143	0.346	47.46	0.408	0.444	436	459	-0.325926	0.076253	
A/duck/Hunan/HN341/2015|E	0.2454	0.2744	0.5015	0.2569	0.150	-0.143	0.346	47.36	0.408	0.444	436	459	-0.325926	0.076253	
A/duck/Hunan/HN342/2015|E	0.2454	0.2744	0.5015	0.2569	0.150	-0.143	0.346	47.32	0.408	0.444	436	459	-0.320479	0.076253	
A/duck/Hunan/HN343/2015|E	0.2454	0.2744	0.5015	0.2569	0.150	-0.139	0.349	47.22	0.408	0.444	436	459	-0.325926	0.076253	
A/duck/Hunan/S4020/2008|E	0.3904	0.2353	0.3785	0.2536	0.181	-0.097	0.379	48.17	0.374	0.434	425	449	-0.231849	0.097996	
A/duck/Hunan/S4030/2011|E	0.3787	0.2427	0.3762	0.2598	0.172	-0.114	0.369	48.93	0.385	0.437	426	449	-0.252784	0.097996	
A/duck/Hunan/S4101/2011|E	0.4005	0.2449	0.4066	0.2103	0.181	-0.115	0.365	52.73	0.350	0.424	449	469	-0.312367	0.085288	
A/duck/Hunan/S4120/2011|E	0.4005	0.2449	0.4066	0.2096	0.183	-0.114	0.365	52.68	0.350	0.424	449	469	-0.313006	0.085288	
A/duck/Hunan/S4150/2011|E	0.3920	0.2267	0.3648	0.2740	0.167	-0.109	0.372	48.88	0.381	0.434	425	449	-0.251670	0.095768	
A/duck/Hunan/S4220/2011|E	0.3793	0.2414	0.3699	0.2688	0.172	-0.099	0.377	49.22	0.389	0.436	427	449	-0.232517	0.097996	
A/duck/Hunan/S40199/2021(	0.2500	0.2846	0.5106	0.2295	0.165	-0.119	0.362	48.13	0.399	0.443	436	459	-0.351198	0.076253	
A/duck/Hunan/S40268/2021(	0.2401	0.2797	0.4910	0.2655	0.149	-0.130	0.352	47.32	0.419	0.450	437	459	-0.324401	0.074074	
A/duck/Jiangsu/m234/2012|	0.3914	0.2500	0.4043	0.2083	0.175	-0.097	0.376	51.01	0.356	0.425	447	469	-0.269936	0.087420	
A/duck/Jiangsu/S4439/2017	0.3881	0.2399	0.3691	0.2643	0.176	-0.121	0.366	49.67	0.384	0.434	424	449	-0.241871	0.097996	
A/duck/Jiangsu/SE1128/201	0.3763	0.2500	0.3711	0.2633	0.176	-0.111	0.372	49.76	0.393	0.437	425	449	-0.247661	0.097996	
A/duck/Jiangxi/01.11_NCNP	0.2381	0.2857	0.5091	0.2431	0.157	-0.123	0.358	47.24	0.408	0.445	436	459	-0.308061	0.076253	
A/duck/Jiangxi/01.14_NCJD	0.2328	0.2884	0.5136	0.2371	0.150	-0.144	0.346	46.68	0.408	0.443	436	459	-0.335076	0.076253	
A/duck/Jiangxi/01.14_NCJD	0.2334	0.2865	0.5166	0.2371	0.154	-0.137	0.351	46.42	0.406	0.443	436	459	-0.333115	0.076253	
A/duck/Jiangxi/01.14_NCJD	0.2328	0.2884	0.5166	0.2337	0.149	-0.144	0.346	46.51	0.406	0.442	436	459	-0.335076	0.076253	
A/duck/Jiangxi/02.05_YGYX	0.2328	0.2857	0.5166	0.2363	0.154	-0.140	0.349	46.33	0.406	0.444	436	459	-0.335076	0.076253	
A/duck/Jiangxi/02.06_NCJD	0.2328	0.2857	0.5166	0.2371	0.152	-0.140	0.349	46.36	0.406	0.444	436	459	-0.334423	0.076253	
A/duck/Jiangxi/02.06_NCJD	0.2480	0.2691	0.5138	0.2517	0.151	-0.149	0.344	46.27	0.399	0.440	436	459	-0.344445	0.076253	
A/duck/Jiangxi/2.28_NCNP2	0.2361	0.2891	0.5152	0.2353	0.158	-0.120	0.360	47.24	0.406	0.444	436	459	-0.316122	0.076253	
A/duck/Jiangxi/2.28NCNP23	0.2361	0.2891	0.5152	0.2353	0.158	-0.120	0.360	47.24	0.406	0.444	436	459	-0.316122	0.076253	
A/duck/Jiangxi/03.11_NCHJ	0.2407	0.2804	0.5136	0.2371	0.153	-0.139	0.349	46.52	0.401	0.441	436	459	-0.329848	0.076253	
A/duck/Jiangxi/04.01__NCD	0.2316	0.2895	0.5167	0.2369	0.150	-0.139	0.349	46.48	0.408	0.444	436	459	-0.309368	0.076253	
A/duck/Jiangxi/04.01__NCD	0.2316	0.2895	0.5167	0.2369	0.150	-0.139	0.349	46.48	0.408	0.444	436	459	-0.309368	0.076253	
A/duck/Jiangxi/04.01_NCDZ	0.2760	0.2760	0.4641	0.2680	0.153	-0.137	0.353	52.24	0.413	0.444	445	470	-0.345745	0.072340	
A/duck/Jiangxi/05.07__NCJ	0.2388	0.2978	0.4951	0.2509	0.158	-0.110	0.367	47.40	0.423	0.451	409	431	-0.387703	0.081207	
A/duck/Jiangxi/5.26_NCDZT	0.2381	0.2857	0.5030	0.2500	0.156	-0.124	0.358	47.25	0.413	0.448	436	459	-0.313290	0.076253	
A/duck/Jiangxi/11.17_NCNP	0.2453	0.2800	0.5152	0.2413	0.157	-0.122	0.361	46.76	0.400	0.439	435	459	-0.346841	0.076253	
A/duck/Jiangxi/11.17_NCNP	0.2453	0.2800	0.5152	0.2413	0.157	-0.122	0.361	46.76	0.400	0.439	435	459	-0.346841	0.076253	
A/duck/Jiangxi/11.29_NCDZ	0.2249	0.3016	0.5000	0.2500	0.161	-0.097	0.374	48.11	0.427	0.449	436	459	-0.324619	0.076253	
A/duck/Jiangxi/11.29_NCNP	0.2460	0.2804	0.5090	0.2337	0.156	-0.120	0.360	47.70	0.399	0.444	436	459	-0.321569	0.076253	
A/duck/Jiangxi/11.29_NCNP	0.2328	0.2910	0.5015	0.2491	0.159	-0.116	0.362	47.38	0.417	0.450	436	459	-0.307190	0.076253	
A/duck/Jiangxi/34/2011|EP	0.3883	0.2340	0.3636	0.2780	0.169	-0.104	0.375	48.68	0.386	0.431	427	449	-0.231849	0.097996	
A/duck/Jiangxi/35/2011|EP	0.3873	0.2387	0.3605	0.2744	0.171	-0.100	0.377	49.17	0.389	0.434	427	449	-0.227617	0.097996	
A/duck/Jiangxi/44/2011|EP	0.3873	0.2308	0.3711	0.2724	0.171	-0.106	0.375	48.43	0.382	0.433	427	449	-0.254566	0.100223	
A/duck/Jiangxi/95/2014|EP	0.2375	0.2823	0.5091	0.2509	0.151	-0.139	0.349	46.99	0.411	0.444	436	459	-0.333987	0.076253	
A/duck/Jiangxi/120/2011|E	0.3904	0.2513	0.3719	0.2376	0.183	-0.096	0.378	50.76	0.378	0.434	426	449	-0.264811	0.095768	
A/duck/Jiangxi/130/2011|E	0.3920	0.2293	0.3616	0.2796	0.165	-0.108	0.373	49.32	0.385	0.432	426	449	-0.269042	0.095768	
A/duck/Jiangxi/13469/2014	0.2649	0.2831	0.4643	0.2715	0.150	-0.140	0.352	51.06	0.422	0.445	446	470	-0.337234	0.072340	
A/duck/Jiangxi/13475/2014	0.2649	0.2831	0.4643	0.2715	0.150	-0.140	0.352	51.06	0.422	0.445	446	470	-0.337234	0.072340	
A/duck/Jiangxi/13484/2014	0.2649	0.2831	0.4643	0.2715	0.150	-0.140	0.352	51.06	0.422	0.445	446	470	-0.337234	0.072340	
A/Duck/Jiangxi/50446/2016	0.2453	0.2800	0.5091	0.2474	0.155	-0.133	0.354	46.29	0.405	0.442	435	459	-0.360131	0.076253	
A/Duck/Jiangxi/50455/2016	0.2387	0.2838	0.5121	0.2422	0.155	-0.129	0.356	46.49	0.406	0.444	436	459	-0.325926	0.076253	
A/duck/Jiangxi/E7/2014_(H	0.2354	0.2831	0.5151	0.2363	0.152	-0.140	0.349	46.31	0.404	0.444	436	459	-0.328540	0.076253	
A/duck/Jiangxi/F31/2014(H	0.2389	0.2917	0.5000	0.2464	0.155	-0.120	0.361	47.17	0.416	0.447	416	438	-0.374886	0.079909	
A/duck/Jiangxi/NCDZT1123/	0.2348	0.2823	0.5151	0.2363	0.151	-0.139	0.349	46.29	0.404	0.444	436	459	-0.312636	0.076253	
A/duck/Jiangxi/NCDZT1126/	0.2354	0.2831	0.5196	0.2329	0.153	-0.141	0.349	46.19	0.401	0.443	436	459	-0.345752	0.076253	
A/duck/Jiangxi/S10252/202	0.3575	0.2435	0.3941	0.2590	0.157	-0.121	0.355	53.47	0.389	0.446	445	470	-0.211277	0.095745	
A/duck/Jiangxi/S40833/202	0.3866	0.2680	0.3485	0.2578	0.180	-0.071	0.395	52.18	0.402	0.439	443	469	-0.223028	0.104478	
A/duck/Jilin/04.04_SY002-	0.3824	0.2406	0.3668	0.2705	0.175	-0.098	0.378	49.27	0.390	0.436	426	449	-0.243207	0.097996	
A/duck/Jilin/JL-SIV/2013|	0.3915	0.2381	0.3924	0.2330	0.170	-0.107	0.372	48.80	0.363	0.428	427	449	-0.274610	0.097996	
A/duck/Jilin/S1261/2019(H	0.3710	0.2554	0.3742	0.2626	0.175	-0.107	0.374	49.85	0.395	0.435	425	449	-0.239421	0.097996	
A/duck/Jilin/S4171/2019(H	0.3727	0.2520	0.3750	0.2598	0.179	-0.094	0.380	49.97	0.392	0.437	426	449	-0.228953	0.097996	
A/duck/Kaohsiung/15WB3298	0.3283	0.2879	0.4241	0.2411	0.162	-0.103	0.374	55.78	0.405	0.437	449	469	-0.317697	0.091684	
A/duck/Kaohsiung/20WB0242	0.3325	0.2821	0.4352	0.2305	0.161	-0.111	0.369	55.79	0.393	0.431	450	469	-0.307036	0.091684	
A/duck/Kaohsiung/15010213	0.3810	0.2556	0.4000	0.2180	0.166	-0.139	0.350	51.62	0.367	0.426	449	469	-0.280810	0.087420	
A/duck/Liaoning/LN/2011|E	0.3428	0.2526	0.4422	0.2122	0.166	-0.119	0.360	49.76	0.364	0.430	450	472	-0.150847	0.093220	
A/duck/Nanchang/9789/2013	0.3783	0.2407	0.3699	0.2708	0.167	-0.099	0.377	50.12	0.389	0.434	427	449	-0.234967	0.097996	
A/duck/Nantou/15A3437/201	0.3794	0.2538	0.4061	0.2165	0.167	-0.141	0.350	51.16	0.365	0.426	449	469	-0.300853	0.087420	
A/duck/Nantou/17A0243/201	0.3825	0.2500	0.4048	0.2165	0.164	-0.143	0.347	50.30	0.362	0.424	450	469	-0.276546	0.087420	
A/duck/Ningxia/YG61/2017|	0.2667	0.2692	0.4615	0.2761	0.144	-0.161	0.336	50.39	0.418	0.448	447	470	-0.312766	0.074468	
A/duck/Ningxia/YG71/2017|	0.2692	0.2667	0.4704	0.2660	0.143	-0.165	0.333	50.05	0.409	0.445	447	470	-0.312766	0.074468	
A/duck/Ningxia/YG83/2017|	0.2704	0.2628	0.4661	0.2746	0.140	-0.175	0.326	50.11	0.411	0.444	448	470	-0.281064	0.074468	
A/duck/Pingtung/17A0160/2	0.3810	0.2506	0.4096	0.2123	0.163	-0.143	0.347	49.88	0.360	0.424	450	469	-0.276546	0.087420	
A/duck/Pingtung/18A00003-	0.3810	0.2481	0.4054	0.2211	0.167	-0.140	0.348	50.84	0.364	0.424	451	469	-0.284862	0.087420	
A/duck/Pingtung/18A00076-	0.3804	0.2569	0.4109	0.2062	0.169	-0.138	0.350	50.76	0.361	0.423	449	469	-0.288060	0.087420	
A/duck/Pingtung/18X00077/	0.3838	0.2475	0.4036	0.2211	0.165	-0.150	0.343	49.54	0.363	0.425	449	469	-0.289979	0.087420	
A/duck/Pingtung/15010180/	0.3333	0.2828	0.4198	0.2473	0.164	-0.103	0.373	54.86	0.404	0.436	450	469	-0.314286	0.091684	
A/duck/Pingtung/15010444/	0.3794	0.2588	0.3988	0.2172	0.167	-0.136	0.352	51.43	0.370	0.427	449	469	-0.267377	0.087420	
A/duck/Shandong/009/2008|	0.3803	0.2553	0.3793	0.2332	0.170	-0.109	0.371	49.67	0.380	0.437	426	449	-0.266815	0.095768	
A/duck/Shandong/11.14_DL-	0.3907	0.2134	0.3983	0.2428	0.160	-0.146	0.339	52.15	0.355	0.435	448	470	-0.223192	0.097872	
A/duck/Shandong/11.14_RD/	0.3907	0.2134	0.3983	0.2428	0.160	-0.146	0.339	52.15	0.355	0.435	448	470	-0.223192	0.097872	
A/duck/Shandong/Q1/2013|E	0.3923	0.2128	0.3994	0.2412	0.161	-0.135	0.346	51.53	0.353	0.436	448	470	-0.202128	0.097872	
A/duck/Shandong/SD0261/20	0.2527	0.2713	0.5061	0.2466	0.160	-0.130	0.356	48.09	0.399	0.443	436	459	-0.321351	0.076253	
A/duck/Shandong/SD0263/20	0.2500	0.2713	0.5060	0.2449	0.158	-0.133	0.353	48.42	0.399	0.442	436	459	-0.327233	0.074074	
A/Duck/Shandong/Y01/2009|	0.3893	0.2293	0.3797	0.2626	0.166	-0.098	0.379	48.41	0.374	0.431	425	449	-0.259911	0.100223	
A/Duck/Shandong/Y02/2009|	0.3893	0.2293	0.3774	0.2607	0.164	-0.100	0.376	48.67	0.374	0.433	425	449	-0.240535	0.097996	
A/duck/Sichuan/04.27_NBXJ	0.2649	0.2857	0.4597	0.2759	0.152	-0.120	0.363	51.59	0.426	0.445	446	470	-0.343830	0.072340	
A/duck/Sichuan/04.27_NBXJ	0.2689	0.2820	0.4554	0.2818	0.152	-0.120	0.363	51.75	0.426	0.445	446	470	-0.351277	0.072340	
A/duck/Sichuan/04.27_NBXJ	0.2701	0.2831	0.4567	0.2759	0.150	-0.128	0.359	51.55	0.424	0.445	446	470	-0.343830	0.072340	
A/duck/Sichuan/04.27_NBXJ	0.2689	0.2820	0.4554	0.2818	0.152	-0.120	0.363	51.75	0.426	0.445	446	470	-0.351277	0.072340	
A/duck/Sichuan/04.27_NBXJ	0.2701	0.2831	0.4567	0.2759	0.150	-0.128	0.359	51.55	0.424	0.445	446	470	-0.343830	0.072340	
A/duck/Sichuan/04.27_NCXJ	0.2649	0.2857	0.4597	0.2759	0.152	-0.120	0.363	51.59	0.426	0.445	446	470	-0.343830	0.072340	
A/duck/Sichuan/NCXJ15/201	0.2649	0.2857	0.4597	0.2759	0.152	-0.120	0.363	51.59	0.426	0.445	446	470	-0.343830	0.072340	
A/duck/Sichuan/NCXJ24/201	0.2689	0.2820	0.4554	0.2818	0.152	-0.120	0.363	51.75	0.426	0.445	446	470	-0.351277	0.072340	
A/duck/Sichuan/NCXN10/201	0.3747	0.2454	0.3738	0.2662	0.175	-0.080	0.387	49.15	0.389	0.434	429	449	-0.210022	0.097996	
A/duck/Sichuan/NCXN11/201	0.3747	0.2454	0.3789	0.2581	0.174	-0.079	0.387	49.31	0.385	0.432	429	449	-0.208463	0.095768	
A/duck/Sichuan/S1805/2021	0.2394	0.2899	0.5060	0.2397	0.157	-0.101	0.371	47.06	0.410	0.443	437	459	-0.375381	0.074074	
A/duck/Sichuan/SC4822/202	0.2400	0.2907	0.5060	0.2355	0.159	-0.095	0.374	47.18	0.408	0.444	436	459	-0.378867	0.071895	
A/duck/Sichuan/SC5698/202	0.2373	0.2907	0.5090	0.2355	0.158	-0.095	0.374	47.18	0.408	0.443	436	459	-0.378867	0.071895	
A/duck/Sichuan/SD002/2021	0.2427	0.2907	0.4924	0.2500	0.160	-0.092	0.376	48.14	0.417	0.446	436	459	-0.381046	0.074074	
A/duck/Taichung/15010400-	0.3794	0.2563	0.4043	0.2195	0.166	-0.144	0.347	51.42	0.367	0.424	449	469	-0.269723	0.089552	
A/duck/Tainan/16WB3443-15	0.3266	0.2911	0.4272	0.2384	0.161	-0.099	0.376	55.76	0.405	0.434	449	469	-0.318550	0.091684	
A/duck/Tainan/15010403/20	0.3734	0.2225	0.4052	0.2436	0.162	-0.145	0.342	50.63	0.364	0.441	448	470	-0.235106	0.095745	
A/duck/Tainan/16010024-1/	0.3804	0.2620	0.4030	0.2111	0.172	-0.125	0.359	51.16	0.367	0.426	449	469	-0.276759	0.087420	
A/duck/Taipei/05WB830-1-5	0.3844	0.2487	0.4012	0.2265	0.164	-0.133	0.354	52.59	0.365	0.423	449	469	-0.306823	0.089552	
A/duck/Taipei/18WB0120-1-	0.3308	0.2854	0.4383	0.2278	0.159	-0.100	0.376	55.67	0.393	0.430	450	469	-0.313006	0.091684	
A/duck/Taipei/19WB0235-14	0.3333	0.2854	0.4325	0.2254	0.164	-0.107	0.371	55.59	0.393	0.432	450	469	-0.301279	0.091684	
A/duck/Taiwan/01006/2015|	0.3819	0.2563	0.4000	0.2180	0.167	-0.140	0.350	51.25	0.367	0.426	449	469	-0.278678	0.087420	
A/duck/Taiwan/11213/2013|	0.3811	0.2634	0.4154	0.2077	0.178	-0.091	0.381	51.51	0.363	0.422	446	469	-0.306183	0.089552	
A/duck/Taiwan/11254/2013|	0.3811	0.2634	0.4185	0.2042	0.179	-0.087	0.383	51.31	0.361	0.421	446	469	-0.306183	0.089552	
A/duck/Taiwan/a043/2015|E	0.3873	0.2493	0.4058	0.2174	0.165	-0.143	0.349	51.30	0.361	0.426	427	446	-0.344395	0.089686	
A/duck/Taiwan/a068/2015|E	0.3708	0.2251	0.4052	0.2436	0.162	-0.145	0.342	50.63	0.366	0.442	448	470	-0.235106	0.095745	
A/duck/Taiwan/A3400/2015|	0.3708	0.2251	0.4052	0.2436	0.161	-0.147	0.339	50.65	0.366	0.443	448	470	-0.236809	0.095745	
A/duck/Taiwan/DV1238/2009	0.3864	0.2449	0.4164	0.2083	0.167	-0.122	0.360	51.67	0.351	0.421	447	469	-0.288913	0.087420	
A/duck/Taiwan/DV1241/2009	0.3864	0.2449	0.4164	0.2083	0.167	-0.122	0.360	51.67	0.351	0.421	447	469	-0.288913	0.087420	
A/duck/Taiwan/DV1242/2009	0.3864	0.2449	0.4164	0.2083	0.167	-0.122	0.360	51.67	0.351	0.421	447	469	-0.288913	0.087420	
A/duck/Taoyuan/16010023-1	0.3854	0.2569	0.4012	0.2160	0.170	-0.133	0.354	51.54	0.365	0.424	449	469	-0.281024	0.087420	
A/duck/Wuxi/7249/2015|EPI	0.2454	0.2770	0.5107	0.2483	0.150	-0.143	0.346	47.51	0.404	0.440	436	459	-0.340087	0.076253	
A/duck/Xinjiang/12.18_WLM	0.3795	0.2205	0.4047	0.2435	0.158	-0.140	0.342	52.68	0.360	0.438	447	470	-0.192340	0.095745	
A/duck/Xinjiang/S1066/201	0.3646	0.2574	0.3730	0.2688	0.175	-0.088	0.385	49.96	0.401	0.437	426	449	-0.241203	0.097996	
A/duck/Xinjiang/S1126/201	0.3700	0.2547	0.3730	0.2652	0.173	-0.104	0.376	50.52	0.397	0.437	426	449	-0.240534	0.097996	
A/duck/Yilan/17A0092/2017	0.3819	0.2513	0.4072	0.2123	0.164	-0.150	0.342	49.15	0.360	0.424	450	469	-0.267804	0.085288	
A/duck/Yunlin/15A5019/201	0.3819	0.2588	0.3982	0.2188	0.171	-0.130	0.356	51.15	0.370	0.427	449	469	-0.280810	0.087420	
A/duck/Yunlin/17A0086/201	0.3844	0.2487	0.4096	0.2138	0.163	-0.164	0.336	49.21	0.358	0.420	450	469	-0.294456	0.089552	
A/duck/Yunlin/17A0686/201	0.3810	0.2531	0.4006	0.2192	0.165	-0.144	0.347	50.11	0.367	0.426	450	469	-0.286994	0.087420	
A/duck/Yunlin/18X00007-3/	0.3860	0.2481	0.4109	0.2103	0.157	-0.181	0.324	49.33	0.356	0.421	450	469	-0.259488	0.089552	
A/duck/Yunlin/15010244-1/	0.3794	0.2563	0.4030	0.2180	0.166	-0.140	0.350	51.34	0.367	0.426	449	469	-0.278678	0.087420	
A/duck/Yunlin/15010277/20	0.3760	0.2225	0.4023	0.2436	0.164	-0.141	0.344	50.70	0.364	0.441	448	470	-0.235106	0.095745	
A/duck/Yunlin/15010310-4/	0.3794	0.2563	0.4030	0.2180	0.166	-0.140	0.350	51.34	0.367	0.426	449	469	-0.278678	0.087420	
A/duck/Yunlin/15010318-2/	0.3804	0.2544	0.4079	0.2138	0.166	-0.140	0.350	51.03	0.363	0.424	449	469	-0.278678	0.087420	
A/duck/Yunlin/15010369-1/	0.3794	0.2563	0.4030	0.2180	0.166	-0.140	0.350	51.34	0.367	0.426	449	469	-0.278678	0.087420	
A/duck/Yunlin/15010458-1/	0.3760	0.2225	0.4023	0.2436	0.164	-0.141	0.344	50.70	0.364	0.441	448	470	-0.235106	0.095745	
A/duck/Yunlin/15070002-2/	0.3819	0.2588	0.3982	0.2188	0.171	-0.129	0.356	51.37	0.370	0.426	449	469	-0.275693	0.087420	
A/duck/Yunlin/17110001/20	0.3759	0.2531	0.4054	0.2184	0.167	-0.139	0.349	50.61	0.367	0.426	450	469	-0.276119	0.087420	
A/duck/Yunlin/18060007-3/	0.3700	0.2575	0.3982	0.2279	0.166	-0.141	0.348	51.51	0.377	0.431	451	469	-0.294243	0.085288	
A/duck/Yunnan/03.15_DQWGH	0.2597	0.2735	0.4968	0.2527	0.150	-0.135	0.353	48.34	0.403	0.443	417	438	-0.381050	0.079909	
A/duck/Yunnan/03.16_DQXYL	0.2597	0.2735	0.4968	0.2527	0.150	-0.135	0.353	48.34	0.403	0.443	417	438	-0.381050	0.079909	
A/duck/Yunnan/03.16_DQXYL	0.2401	0.2823	0.5137	0.2439	0.147	-0.148	0.343	46.80	0.405	0.441	437	459	-0.339869	0.076253	
A/duck/Yunnan/03.16_DQXYL	0.2597	0.2735	0.4968	0.2527	0.151	-0.135	0.353	48.26	0.403	0.443	417	438	-0.380822	0.079909	
A/duck/Yunnan/03.16_DQXYL	0.2553	0.2658	0.5076	0.2500	0.147	-0.154	0.341	47.76	0.396	0.440	437	459	-0.340305	0.076253	
A/duck/Yunnan/07.15_DQNPH	0.2559	0.2665	0.5061	0.2491	0.148	-0.162	0.337	48.27	0.397	0.442	436	459	-0.369063	0.076253	
A/duck/Yunnan/07.15_DQNPH	0.2540	0.2672	0.5138	0.2465	0.146	-0.175	0.330	47.27	0.394	0.440	436	459	-0.367974	0.078431	
A/duck/Yunnan/07.15_DQNPH	0.2559	0.2665	0.5076	0.2509	0.145	-0.167	0.335	48.15	0.397	0.441	436	459	-0.369499	0.078431	
A/duck/Yunnan/07.15_DQNPH	0.2559	0.2665	0.5061	0.2491	0.148	-0.162	0.337	48.27	0.397	0.442	436	459	-0.369063	0.076253	
A/duck/Yunnan/S4318/2021(	0.2361	0.2918	0.5045	0.2432	0.156	-0.099	0.372	47.11	0.413	0.443	438	459	-0.369717	0.074074	
A/Duck/Yunnan/YN-2/2016_(	0.2573	0.2679	0.5107	0.2421	0.149	-0.152	0.343	46.65	0.392	0.437	434	459	-0.338126	0.076253	
A/Duck/Yunnan/YN-4/2015__	0.2573	0.2679	0.5107	0.2421	0.149	-0.152	0.343	46.65	0.392	0.437	434	459	-0.338126	0.076253	
A/Duck/Yunnan/YN-9/2016__	0.2500	0.2711	0.5121	0.2432	0.149	-0.158	0.340	46.79	0.397	0.442	438	459	-0.374510	0.076253	
A/Duck/Zhanjiang/15577/20	0.2216	0.2929	0.5106	0.2561	0.152	-0.137	0.352	46.53	0.423	0.448	437	459	-0.359477	0.076253	
A/duck/Zhejiang/02.28_JHZ	0.2387	0.2812	0.5120	0.2405	0.151	-0.151	0.342	46.99	0.404	0.442	436	459	-0.323094	0.076253	
A/duck/Zhejiang/6D18/2013	0.3907	0.2134	0.3924	0.2500	0.157	-0.159	0.333	51.23	0.359	0.438	448	470	-0.202553	0.097872	
A/duck/Zhejiang/77138/201	0.3800	0.2500	0.4091	0.2118	0.158	-0.137	0.353	51.85	0.359	0.426	448	469	-0.266098	0.087420	
A/duck/Zhejiang/727041/20	0.3980	0.2544	0.3963	0.2028	0.179	-0.070	0.389	52.23	0.356	0.420	447	469	-0.286994	0.085288	
A/duck/Zhejiang/727158/20	0.2310	0.2861	0.5137	0.2465	0.149	-0.140	0.348	46.80	0.412	0.446	437	459	-0.321569	0.076253	
A/duck/Zhejiang/925019/20	0.3918	0.2139	0.3936	0.2468	0.160	-0.154	0.336	51.76	0.358	0.438	447	470	-0.214255	0.097872	
A/duck/Zhejiang/925169/20	0.3918	0.2139	0.3907	0.2500	0.160	-0.158	0.333	51.78	0.360	0.438	447	470	-0.214255	0.097872	
A/duck/Zhejiang/1026109/2	0.3864	0.2551	0.3933	0.2199	0.182	-0.089	0.380	48.79	0.369	0.431	447	469	-0.312367	0.087420	
A/duck/Zhejiang/1220092/2	0.3963	0.2234	0.3659	0.2724	0.163	-0.118	0.367	47.89	0.376	0.431	425	449	-0.250111	0.095768	
A/duck/Zhejiang/S4091/201	0.3763	0.2473	0.3722	0.2688	0.170	-0.123	0.365	48.92	0.393	0.435	425	449	-0.253898	0.097996	
A/duck/Zhejiang/S4854/202	0.2395	0.2816	0.4759	0.2784	0.145	-0.134	0.350	46.97	0.430	0.453	437	459	-0.325272	0.074074	
A/duck/Zhejiang/W24/2013|	0.3907	0.2134	0.3924	0.2508	0.158	-0.158	0.333	51.79	0.359	0.437	448	470	-0.192340	0.097872	
A/egret/Jiangsu/SD021/202	0.3540	0.2455	0.3971	0.2557	0.157	-0.121	0.355	53.64	0.389	0.448	445	470	-0.208723	0.093617	
A/Egret/Shangdong/JN529/2	0.2427	0.2853	0.5076	0.2347	0.157	-0.105	0.369	46.74	0.406	0.448	434	458	-0.426638	0.074236	
A/environment/Hunan/HN261	0.2427	0.2797	0.5030	0.2544	0.150	-0.149	0.344	47.35	0.411	0.443	436	459	-0.339216	0.076253	
A/Environment/Shandong/WS	0.3636	0.2597	0.4139	0.2249	0.172	-0.071	0.391	50.80	0.373	0.426	442	466	-0.303648	0.083691	
A/Environment/Shandong/WS	0.3636	0.2597	0.4139	0.2249	0.172	-0.071	0.391	50.80	0.373	0.426	442	466	-0.303648	0.083691	
A/Environment/Shandong/WS	0.3548	0.2725	0.4121	0.2188	0.169	-0.086	0.381	52.50	0.381	0.430	443	466	-0.286910	0.083691	
A/equine/China/61/2010|EP	0.3899	0.2414	0.3899	0.2278	0.173	-0.101	0.376	48.88	0.364	0.430	426	449	-0.241425	0.097996	
A/equine/China/67/2010|EP	0.3899	0.2414	0.3899	0.2278	0.173	-0.101	0.376	48.88	0.364	0.430	426	449	-0.241425	0.097996	
A/equine/China/68/2010|EP	0.3899	0.2414	0.3899	0.2278	0.173	-0.101	0.376	48.88	0.364	0.430	426	449	-0.241425	0.097996	
A/eurasian_eagle-owl/Hena	0.3575	0.2435	0.3971	0.2557	0.157	-0.121	0.355	53.32	0.387	0.445	445	470	-0.217021	0.093617	
A/Eurasian_Teal/Hong_Kong	0.3827	0.2730	0.3131	0.2931	0.191	-0.040	0.411	52.96	0.431	0.445	445	469	-0.255864	0.104478	
A/Eurasian_Teal/Hong_Kong	0.3801	0.2755	0.3100	0.2955	0.193	-0.044	0.409	52.88	0.436	0.447	445	469	-0.256503	0.104478	
A/Eurasian_Wigeon/Hong_Ko	0.3801	0.2755	0.3070	0.2990	0.194	-0.044	0.409	52.79	0.438	0.448	445	469	-0.256503	0.104478	
A/Eurasian_Wigeon/Hong_Ko	0.3776	0.2781	0.3070	0.2990	0.194	-0.040	0.411	52.75	0.440	0.448	445	469	-0.256503	0.104478	
A/Falcated_Duck/Ningxia/4	0.2421	0.2763	0.5167	0.2388	0.152	-0.139	0.349	46.73	0.399	0.442	436	459	-0.335294	0.076253	
A/Falco_peregrinus/Beijin	0.3862	0.2660	0.3232	0.2882	0.188	-0.053	0.405	51.88	0.421	0.442	444	469	-0.272068	0.104478	
A/feline/Guangdong/2/2014	0.2316	0.2842	0.5137	0.2491	0.150	-0.145	0.348	46.99	0.412	0.447	437	459	-0.367102	0.076253	
A/Fujian/1/2005|EPI_ISL_2	0.3813	0.2507	0.3774	0.2394	0.181	-0.093	0.379	50.21	0.381	0.437	425	449	-0.246993	0.097996	
A/Fujian/1/2007|EPI_ISL_7	0.3883	0.2527	0.3730	0.2340	0.178	-0.094	0.378	50.99	0.378	0.434	426	449	-0.235412	0.097996	
A/Fujian/1/2024(H5N6)|EPI	0.2487	0.2861	0.5091	0.2295	0.169	-0.101	0.373	48.65	0.401	0.444	434	459	-0.349891	0.076253	
A/Fujian/2/2024(H5N6)|EPI	0.2500	0.2819	0.5106	0.2287	0.168	-0.100	0.372	48.33	0.398	0.444	435	459	-0.347059	0.076253	
A/Fujian-Sanyuan/21099/20	0.2387	0.2838	0.4939	0.2630	0.156	-0.125	0.358	47.40	0.420	0.449	436	459	-0.325926	0.076253	
A/Fujian-Sanyuan/21099/20	0.2387	0.2838	0.4939	0.2630	0.156	-0.125	0.358	47.40	0.420	0.449	436	459	-0.325926	0.076253	
A/Gadwall/Ningxia/472-7/2	0.2421	0.2763	0.5137	0.2422	0.151	-0.139	0.349	47.17	0.401	0.443	436	459	-0.335294	0.076253	
A/Gallinago_Stenura/Hong_	0.3801	0.2755	0.3070	0.2990	0.194	-0.044	0.409	52.79	0.438	0.448	445	469	-0.256503	0.104478	
A/Gallinula_chloropus/Gua	0.2375	0.2823	0.5107	0.2517	0.150	-0.143	0.346	46.92	0.411	0.443	436	459	-0.340087	0.076253	
A/Goose/_Guangdong_/JG125	0.2401	0.2797	0.5091	0.2509	0.151	-0.143	0.346	46.94	0.408	0.443	436	459	-0.333987	0.076253	
A/Goose/_Guangdong_/SSLBY	0.2421	0.2816	0.5030	0.2509	0.151	-0.138	0.351	47.07	0.411	0.446	436	459	-0.356645	0.076253	
A/Goose/_Guangdong_/SSZYP	0.2381	0.2804	0.5198	0.2371	0.154	-0.145	0.346	46.25	0.401	0.443	436	459	-0.358606	0.076253	
A/goose/Anhui/AH350/2015|	0.2500	0.2658	0.5136	0.2448	0.149	-0.156	0.341	46.85	0.394	0.442	437	459	-0.342048	0.078431	
A/goose/Changhua/15040008	0.3819	0.2538	0.4000	0.2222	0.164	-0.140	0.350	51.37	0.367	0.426	449	469	-0.272708	0.087420	
A/goose/Chiayi/15010008-3	0.3794	0.2563	0.4030	0.2180	0.166	-0.140	0.350	51.34	0.367	0.426	449	469	-0.278678	0.087420	
A/goose/Chiayi/15010016-1	0.3819	0.2563	0.4000	0.2180	0.167	-0.140	0.350	51.25	0.367	0.426	449	469	-0.278678	0.087420	
A/goose/Chiayi/15020022/2	0.3760	0.2225	0.4023	0.2436	0.164	-0.141	0.344	50.70	0.364	0.441	448	470	-0.235106	0.095745	
A/goose/Chiayi/16010017-2	0.3829	0.2594	0.4030	0.2111	0.171	-0.129	0.356	51.13	0.365	0.425	449	469	-0.276759	0.087420	
A/goose/Chiayi/16040003-1	0.3829	0.2569	0.4085	0.2118	0.171	-0.139	0.352	51.13	0.363	0.424	449	469	-0.282942	0.087420	
A/goose/Chiayi/16040005/2	0.3829	0.2569	0.4085	0.2118	0.171	-0.139	0.352	51.13	0.363	0.424	449	469	-0.282942	0.087420	
A/goose/Chiayi/17020027-1	0.3791	0.2519	0.4079	0.2131	0.164	-0.141	0.347	49.96	0.362	0.425	450	469	-0.242431	0.087420	
A/goose/Chiayi/17040014/2	0.3734	0.2657	0.3902	0.2300	0.172	-0.136	0.352	52.22	0.383	0.430	449	469	-0.277185	0.091684	
A/goose/Chiayi/18010006/2	0.3759	0.2556	0.4024	0.2184	0.166	-0.139	0.349	50.74	0.369	0.427	450	469	-0.276119	0.087420	
A/goose/Chiayi/18020014-2	0.3784	0.2556	0.4024	0.2150	0.164	-0.154	0.340	50.42	0.367	0.426	450	469	-0.271429	0.087420	
A/goose/China/1/2021|EPI_	0.3566	0.2455	0.3941	0.2549	0.155	-0.117	0.357	53.49	0.389	0.447	445	470	-0.210638	0.095745	
A/goose/China/0701/2018|E	0.2387	0.2865	0.5091	0.2414	0.159	-0.121	0.360	47.88	0.408	0.447	436	459	-0.322004	0.076253	
A/goose/China/1106/2016|E	0.3889	0.2449	0.3994	0.2199	0.177	-0.106	0.370	49.49	0.361	0.426	446	469	-0.310234	0.087420	
A/goose/China/E43/2012|EP	0.3830	0.2394	0.3553	0.2842	0.174	-0.113	0.371	48.99	0.397	0.438	426	449	-0.249221	0.097996	
A/goose/Chongqing/SD003/2	0.2347	0.2933	0.5045	0.2423	0.160	-0.098	0.374	47.00	0.415	0.447	436	459	-0.397604	0.074074	
A/goose/Eastern_China/CZ/	0.3918	0.2139	0.3907	0.2500	0.158	-0.158	0.333	51.49	0.360	0.437	447	470	-0.214255	0.097872	
A/goose/Eastern_China/L12	0.3933	0.2159	0.4006	0.2340	0.166	-0.129	0.349	51.58	0.351	0.435	447	470	-0.215745	0.100000	
A/goose/Eastern_China/L12	0.4000	0.2026	0.4140	0.2268	0.161	-0.154	0.335	50.68	0.335	0.430	448	470	-0.214681	0.097872	
A/goose/Eastern_China/S04	0.3882	0.2185	0.3936	0.2484	0.158	-0.156	0.335	51.62	0.362	0.434	448	470	-0.220000	0.095745	
A/goose/Eastern_China/S05	0.2368	0.2816	0.5121	0.2457	0.151	-0.129	0.355	47.31	0.407	0.444	437	460	-0.324348	0.076087	
A/goose/Fujian/3.15_FZHX0	0.2354	0.2857	0.5182	0.2353	0.156	-0.116	0.362	48.64	0.404	0.444	436	459	-0.314815	0.076253	
A/goose/Fujian/3.15_FZHX0	0.2354	0.2857	0.5182	0.2353	0.156	-0.116	0.362	48.64	0.404	0.444	436	459	-0.314815	0.076253	
A/goose/Fujian/3.15_FZHX0	0.2447	0.2846	0.4985	0.2535	0.155	-0.122	0.360	47.60	0.413	0.443	436	459	-0.360566	0.078431	
A/goose/Fujian/3.15_FZHX0	0.2414	0.2838	0.5091	0.2422	0.158	-0.121	0.360	47.87	0.406	0.445	436	459	-0.307190	0.076253	
A/goose/Fujian/3.15_FZHX0	0.2440	0.2785	0.5046	0.2535	0.151	-0.118	0.362	46.82	0.408	0.442	436	459	-0.362527	0.076253	
A/goose/Fujian/10.11_FZHX	0.2296	0.2902	0.5137	0.2422	0.152	-0.136	0.351	46.12	0.413	0.448	436	459	-0.333333	0.076253	
A/goose/Fujian/10.26_FZHX	0.2453	0.2800	0.5076	0.2457	0.158	-0.128	0.356	45.96	0.405	0.442	435	459	-0.349455	0.076253	
A/goose/Fujian/10.26_FZHX	0.2453	0.2800	0.5076	0.2457	0.158	-0.128	0.356	45.96	0.405	0.442	435	459	-0.349455	0.076253	
A/goose/Fujian/10.26_FZHX	0.2453	0.2800	0.5076	0.2457	0.158	-0.128	0.356	45.96	0.405	0.442	435	459	-0.349455	0.076253	
A/goose/Fujian/10.26_FZHX	0.2453	0.2800	0.5076	0.2457	0.158	-0.128	0.356	45.96	0.405	0.442	435	459	-0.349455	0.076253	
A/goose/Fujian/10.26_FZHX	0.2453	0.2800	0.5076	0.2457	0.158	-0.128	0.356	45.96	0.405	0.442	435	459	-0.349455	0.076253	
A/goose/Fujian/10.26_FZHX	0.2453	0.2800	0.5076	0.2457	0.158	-0.128	0.356	45.96	0.405	0.442	435	459	-0.349455	0.076253	
A/goose/Fujian/10.26_FZHX	0.2453	0.2800	0.5076	0.2457	0.158	-0.128	0.356	45.96	0.405	0.442	435	459	-0.349455	0.076253	
A/goose/Fujian/10.26_FZHX	0.2453	0.2800	0.5076	0.2457	0.158	-0.128	0.356	45.96	0.405	0.442	435	459	-0.349455	0.076253	
A/goose/Fujian/10.26_FZHX	0.2453	0.2800	0.5076	0.2457	0.158	-0.128	0.356	45.96	0.405	0.442	435	459	-0.349455	0.076253	
A/goose/Fujian/11.3_FZHX1	0.2296	0.2902	0.5137	0.2422	0.152	-0.136	0.351	46.12	0.413	0.448	436	459	-0.333333	0.076253	
A/goose/Guangdong/03.27_D	0.2500	0.2745	0.4953	0.2562	0.154	-0.132	0.353	48.19	0.410	0.449	422	445	-0.367416	0.078652	
A/goose/Guangdong/04.22_D	0.2269	0.2876	0.5106	0.2561	0.151	-0.141	0.350	46.54	0.419	0.447	437	459	-0.359477	0.076253	
A/goose/Guangdong/04.22_D	0.2421	0.2789	0.5122	0.2422	0.149	-0.143	0.346	47.24	0.404	0.445	436	459	-0.347277	0.076253	
A/goose/Guangdong/04.22_D	0.2421	0.2789	0.5061	0.2491	0.149	-0.143	0.346	47.62	0.408	0.447	436	459	-0.347277	0.076253	
A/goose/Guangdong/04.22_D	0.2459	0.2873	0.5016	0.2445	0.152	-0.123	0.358	47.81	0.411	0.448	416	438	-0.388356	0.079909	
A/goose/Guangdong/04.23_D	0.2243	0.2929	0.5076	0.2561	0.153	-0.137	0.352	46.66	0.423	0.449	437	459	-0.359477	0.076253	
A/goose/Guangdong/04.23_D	0.2243	0.2929	0.5076	0.2561	0.153	-0.137	0.352	46.66	0.423	0.449	437	459	-0.359477	0.076253	
A/goose/Guangdong/04.23_D	0.2361	0.2865	0.5091	0.2448	0.158	-0.120	0.360	46.91	0.411	0.446	436	459	-0.340959	0.076253	
A/goose/Guangdong/04.23_D	0.2251	0.2880	0.5091	0.2517	0.147	-0.143	0.348	46.63	0.419	0.450	437	459	-0.358170	0.076253	
A/goose/Guangdong/7.20_DG	0.2381	0.2831	0.5152	0.2388	0.155	-0.124	0.358	47.65	0.404	0.445	436	459	-0.308497	0.076253	
A/goose/Guangdong/k0103/2	0.3490	0.2526	0.4438	0.2058	0.165	-0.160	0.336	51.53	0.359	0.428	449	472	-0.166526	0.082627	
A/Goose/Guangdong/PO17072	0.2354	0.2857	0.5000	0.2561	0.158	-0.112	0.365	47.51	0.417	0.449	436	459	-0.313943	0.076253	
A/goose/Guangdong/QY01/20	0.2354	0.2857	0.5015	0.2517	0.156	-0.125	0.358	47.63	0.415	0.450	436	459	-0.322658	0.074074	
A/goose/Guangdong/S230/20	0.2467	0.2812	0.5106	0.2329	0.156	-0.115	0.362	46.96	0.399	0.443	436	459	-0.359259	0.074074	
A/goose/Guangdong/S4751/2	0.2420	0.2872	0.5167	0.2295	0.168	-0.107	0.369	47.80	0.401	0.444	436	459	-0.351198	0.076253	
A/goose/Guangdong/s13124/	0.3969	0.2165	0.4035	0.2298	0.169	-0.126	0.351	51.13	0.347	0.431	447	470	-0.207021	0.100000	
A/goose/Guangdong/SH7/201	0.3757	0.2434	0.3762	0.2681	0.174	-0.083	0.386	49.20	0.388	0.432	428	449	-0.207127	0.100223	
A/goose/Guangdong/YJD/201	0.2460	0.2831	0.5030	0.2474	0.153	-0.139	0.349	47.51	0.408	0.443	436	459	-0.344880	0.074074	
A/goose/Guangxi/S20601/20	0.3514	0.2455	0.3941	0.2623	0.157	-0.118	0.357	53.68	0.393	0.449	445	470	-0.208723	0.093617	
A/goose/Guizhou/S1541/202	0.3821	0.2667	0.3171	0.3021	0.188	-0.064	0.399	51.53	0.430	0.444	444	469	-0.239446	0.106610	
A/goose/Henan/01.01_LYGL0	0.2367	0.2819	0.5091	0.2440	0.156	-0.122	0.359	46.16	0.408	0.447	434	459	-0.343137	0.076253	
A/goose/Henan/S1315/2021|	0.3566	0.2429	0.3971	0.2557	0.157	-0.121	0.355	53.36	0.387	0.447	445	470	-0.208723	0.093617	
A/goose/Hubei/113/2014|EP	0.2427	0.2770	0.5061	0.2544	0.149	-0.147	0.344	47.24	0.408	0.442	436	459	-0.333987	0.076253	
A/goose/HuBei/117/2014|EP	0.2427	0.2823	0.5000	0.2544	0.149	-0.147	0.344	47.62	0.413	0.443	436	459	-0.329194	0.078431	
A/goose/Hunan/81/2014|EPI	0.2381	0.2831	0.5061	0.2457	0.152	-0.137	0.351	47.16	0.411	0.449	436	459	-0.327887	0.076253	
A/goose/Hunan/82/2014|EPI	0.2381	0.2831	0.5061	0.2457	0.152	-0.137	0.351	47.16	0.411	0.449	436	459	-0.327887	0.076253	
A/goose/Hunan/107/2014|EP	0.2427	0.2770	0.5061	0.2544	0.149	-0.147	0.344	47.24	0.408	0.442	436	459	-0.333987	0.076253	
A/goose/Hunan/109/2014|EP	0.2401	0.2797	0.5046	0.2526	0.151	-0.143	0.346	47.18	0.411	0.443	436	459	-0.333987	0.076253	
A/goose/Hunan/110/2014|EP	0.2427	0.2770	0.5061	0.2544	0.149	-0.147	0.344	47.24	0.408	0.442	436	459	-0.333987	0.076253	
A/goose/Hunan/111/2014|EP	0.2401	0.2797	0.5061	0.2544	0.152	-0.139	0.349	47.26	0.411	0.444	436	459	-0.333987	0.076253	
A/goose/Hunan/115/2014|EP	0.2454	0.2770	0.5076	0.2517	0.152	-0.139	0.349	47.30	0.406	0.442	436	459	-0.339869	0.076253	
A/goose/Hunan/116/2014|EP	0.2454	0.2744	0.5061	0.2544	0.148	-0.151	0.342	47.20	0.406	0.442	436	459	-0.333987	0.076253	
A/goose/Hunan/155/2014|EP	0.2381	0.2831	0.5091	0.2423	0.152	-0.137	0.351	47.23	0.408	0.447	436	459	-0.333333	0.076253	
A/goose/Hunan/159/2014|EP	0.2354	0.2857	0.5091	0.2415	0.153	-0.129	0.356	47.15	0.411	0.449	436	459	-0.340087	0.076253	
A/goose/Hunan/160/2014|EP	0.2381	0.2831	0.5061	0.2457	0.152	-0.137	0.351	47.16	0.411	0.449	436	459	-0.327887	0.076253	
A/goose/Hunan/161/2014|EP	0.2375	0.2823	0.5061	0.2449	0.150	-0.144	0.346	46.98	0.411	0.450	436	459	-0.342266	0.076253	
A/goose/Hunan/HN11/2015|E	0.2401	0.2823	0.5030	0.2544	0.151	-0.143	0.346	47.45	0.413	0.443	436	459	-0.333987	0.076253	
A/goose/Hunan/HN22/2015|E	0.2342	0.2816	0.5091	0.2500	0.152	-0.132	0.352	46.93	0.412	0.450	437	459	-0.323965	0.076253	
A/goose/Hunan/HN57/2015|E	0.2342	0.2816	0.5091	0.2500	0.152	-0.132	0.352	46.93	0.412	0.450	437	459	-0.323965	0.076253	
A/goose/Hunan/HN88/2015|E	0.2427	0.2797	0.5030	0.2544	0.150	-0.147	0.344	47.43	0.411	0.442	436	459	-0.333987	0.076253	
A/goose/Hunan/HN90/2015|E	0.2427	0.2797	0.5030	0.2544	0.150	-0.147	0.344	47.43	0.411	0.442	436	459	-0.333987	0.076253	
A/goose/Hunan/HN310/2015|	0.2401	0.2770	0.5046	0.2569	0.150	-0.143	0.346	47.24	0.411	0.445	436	459	-0.320479	0.076253	
A/goose/Hunan/HN311/2015|	0.2427	0.2744	0.5046	0.2569	0.149	-0.147	0.344	47.20	0.408	0.444	436	459	-0.320479	0.076253	
A/goose/Hunan/HN314/2015|	0.2407	0.2804	0.4970	0.2586	0.154	-0.135	0.351	47.50	0.415	0.449	436	459	-0.341394	0.076253	
A/goose/Hunan/HN315/2015|	0.2407	0.2804	0.5000	0.2552	0.153	-0.135	0.351	47.44	0.413	0.447	436	459	-0.350327	0.076253	
A/goose/Hunan/HN316/2015|	0.2381	0.2831	0.5000	0.2552	0.155	-0.127	0.356	47.49	0.415	0.449	436	459	-0.341394	0.076253	
A/goose/Hunan/HN317/2015|	0.2414	0.2812	0.5000	0.2552	0.156	-0.136	0.351	47.55	0.413	0.447	436	459	-0.340087	0.076253	
A/goose/Hunan/HN318/2015|	0.2342	0.2816	0.5091	0.2500	0.152	-0.132	0.352	46.96	0.412	0.449	437	459	-0.323965	0.076253	
A/goose/Hunan/HN319/2015|	0.2381	0.2831	0.4970	0.2586	0.155	-0.131	0.353	47.51	0.417	0.450	436	459	-0.341394	0.076253	
A/goose/Hunan/S11288/2021	0.3557	0.2423	0.3959	0.2541	0.155	-0.121	0.355	53.74	0.387	0.448	445	470	-0.207659	0.093617	
A/goose/Hunan/SE284/2022(	0.3811	0.2762	0.3119	0.2962	0.192	-0.039	0.412	51.23	0.435	0.448	444	469	-0.272281	0.104478	
A/goose/Inner_Mongolia/IM	0.3913	0.2609	0.3364	0.2772	0.186	-0.077	0.392	51.31	0.408	0.437	444	469	-0.236887	0.106610	
A/goose/Jiangsu/k0403/201	0.3930	0.2299	0.3734	0.2616	0.172	-0.092	0.382	49.10	0.375	0.432	424	449	-0.270379	0.095768	
A/goose/Jiangsu/QD5/2014|	0.3943	0.2113	0.3936	0.2460	0.160	-0.156	0.336	51.77	0.356	0.438	447	470	-0.230426	0.097872	
A/goose/Jiangsu/S1385/202	0.3575	0.2461	0.3912	0.2590	0.158	-0.121	0.355	53.62	0.391	0.447	445	470	-0.211277	0.095745	
A/goose/Jiangxi/01.09_NFJ	0.2427	0.2770	0.5091	0.2509	0.150	-0.143	0.346	47.13	0.406	0.442	436	459	-0.333987	0.076253	
A/goose/Jilin/04.04_SY003	0.2320	0.2956	0.5016	0.2537	0.150	-0.131	0.353	47.62	0.423	0.449	416	438	-0.356164	0.079909	
A/goose/Jilin/S4034/2019(	0.3780	0.2493	0.3688	0.2624	0.176	-0.099	0.378	49.05	0.392	0.436	426	449	-0.249666	0.097996	
A/goose/Liaoning/S1266/20	0.3582	0.2423	0.4012	0.2484	0.157	-0.118	0.357	53.27	0.382	0.447	445	470	-0.219574	0.093617	
A/goose/Pingtung/15010007	0.3819	0.2563	0.4000	0.2180	0.167	-0.140	0.350	51.25	0.367	0.426	449	469	-0.278678	0.087420	
A/goose/Pingtung/15010037	0.3819	0.2563	0.4000	0.2180	0.167	-0.140	0.350	51.25	0.367	0.426	449	469	-0.278678	0.087420	
A/goose/Pingtung/15050014	0.3699	0.2245	0.4041	0.2460	0.162	-0.145	0.341	50.57	0.367	0.441	449	470	-0.225106	0.093617	
A/goose/Pingtung/16010061	0.3699	0.2245	0.4029	0.2452	0.162	-0.140	0.343	51.25	0.367	0.442	449	470	-0.227872	0.093617	
A/Goose/Qingyuan/16875/20	0.2394	0.2872	0.5046	0.2474	0.159	-0.120	0.361	46.55	0.411	0.444	435	459	-0.331373	0.076253	
A/goose/Shandong/01.01_JY	0.3797	0.2557	0.4055	0.2131	0.179	-0.098	0.374	49.39	0.365	0.426	446	469	-0.312793	0.089552	
A/goose/Shandong/01.07_JQ	0.3848	0.2532	0.4055	0.2096	0.180	-0.099	0.374	49.03	0.361	0.426	446	469	-0.308102	0.087420	
A/goose/Shandong/02.16_YG	0.2407	0.2804	0.5091	0.2483	0.154	-0.145	0.346	47.09	0.408	0.446	436	459	-0.320044	0.078431	
A/goose/Shandong/02.26_GD	0.2381	0.2831	0.5122	0.2483	0.150	-0.143	0.346	46.54	0.408	0.442	436	459	-0.320479	0.076253	
A/goose/Shandong/03.10_HZ	0.3770	0.2433	0.3688	0.2750	0.173	-0.116	0.368	49.55	0.393	0.436	427	449	-0.224499	0.097996	
A/goose/Shandong/03.16_JN	0.2647	0.2888	0.4540	0.2756	0.153	-0.121	0.363	51.74	0.430	0.447	433	456	-0.338377	0.074561	
A/goose/Shandong/04.22_GT	0.3772	0.2582	0.3994	0.2199	0.179	-0.102	0.372	49.62	0.372	0.430	446	469	-0.320895	0.085288	
A/goose/Shandong/05.23_AY	0.3856	0.2207	0.3927	0.2475	0.161	-0.151	0.337	52.45	0.365	0.443	433	454	-0.230397	0.099119	
A/goose/Shandong/05.23_DT	0.3830	0.2211	0.3953	0.2460	0.159	-0.154	0.335	52.12	0.364	0.440	448	470	-0.213404	0.095745	
A/goose/Shandong/06.14_HZ	0.3830	0.2185	0.3983	0.2460	0.160	-0.150	0.337	52.07	0.362	0.439	448	470	-0.213404	0.095745	
A/goose/Shandong/11.02_CQ	0.2656	0.2891	0.4627	0.2699	0.152	-0.125	0.361	52.44	0.424	0.444	446	470	-0.343617	0.072340	
A/goose/Shandong/12.05_YG	0.2407	0.2804	0.5091	0.2483	0.154	-0.145	0.346	47.09	0.408	0.446	436	459	-0.320044	0.078431	
A/goose/Shandong/12.08_YG	0.3918	0.2165	0.3924	0.2436	0.160	-0.157	0.333	51.85	0.358	0.436	447	470	-0.216383	0.097872	
A/Goose/Shandong/21153-3/	0.3601	0.2435	0.3994	0.2533	0.159	-0.118	0.357	53.51	0.384	0.445	445	470	-0.212128	0.097872	
A/goose/Shandong/GD-GS/20	0.3943	0.2088	0.3965	0.2444	0.159	-0.153	0.336	51.41	0.353	0.438	447	470	-0.227447	0.097872	
A/goose/Shandong/GS/2013(	0.3910	0.2340	0.3844	0.2464	0.171	-0.104	0.375	47.81	0.368	0.428	427	449	-0.220267	0.097996	
A/goose/Shandong/LQ01694/	0.3907	0.2185	0.4006	0.2340	0.167	-0.129	0.349	51.79	0.353	0.438	447	470	-0.204468	0.100000	
A/goose/Tainan/16040018-1	0.3673	0.2270	0.4000	0.2484	0.162	-0.142	0.343	50.91	0.372	0.444	449	470	-0.210638	0.093617	
A/goose/Tainan/16070002/2	0.3699	0.2245	0.4029	0.2452	0.161	-0.145	0.341	50.68	0.367	0.443	449	470	-0.210638	0.093617	
A/goose/Tainan/17030022-1	0.3784	0.2531	0.4127	0.2096	0.163	-0.143	0.347	49.75	0.360	0.423	450	469	-0.281237	0.087420	
A/goose/Tainan/17030024-1	0.3869	0.2487	0.4048	0.2145	0.161	-0.157	0.339	49.76	0.359	0.420	449	469	-0.257569	0.089552	
A/goose/Tainan/18010022-1	0.3769	0.2563	0.3964	0.2253	0.166	-0.138	0.349	51.69	0.373	0.427	450	469	-0.279531	0.085288	
A/goose/Tainan/18050014-1	0.3860	0.2431	0.4066	0.2199	0.158	-0.172	0.329	50.66	0.358	0.422	450	469	-0.274414	0.085288	
A/goose/Taiwan/01019/2015	0.3708	0.2251	0.4052	0.2436	0.163	-0.140	0.344	50.38	0.366	0.441	448	470	-0.230000	0.095745	
A/goose/Taiwan/01022/2015	0.3794	0.2563	0.4030	0.2180	0.166	-0.140	0.350	51.34	0.367	0.426	449	469	-0.278678	0.087420	
A/goose/Taiwan/01023/2015	0.3810	0.2556	0.4018	0.2180	0.165	-0.140	0.349	51.24	0.367	0.425	450	469	-0.273134	0.087420	
A/goose/Taiwan/01031/2015	0.3784	0.2607	0.3970	0.2180	0.168	-0.131	0.354	51.34	0.372	0.427	449	469	-0.261407	0.087420	
A/goose/Taiwan/01038/2015	0.3333	0.2828	0.4198	0.2465	0.165	-0.104	0.373	54.78	0.404	0.437	450	469	-0.329424	0.089552	
A/goose/Taiwan/01039/2015	0.3708	0.2251	0.4041	0.2428	0.161	-0.148	0.339	51.01	0.366	0.443	448	470	-0.237234	0.093617	
A/goose/Taiwan/01040/2015	0.3778	0.2569	0.4079	0.2138	0.166	-0.138	0.350	51.04	0.365	0.426	449	469	-0.280384	0.087420	
A/goose/Taiwan/a015/2015|	0.3734	0.2225	0.4052	0.2436	0.162	-0.145	0.342	50.63	0.364	0.441	448	470	-0.235106	0.095745	
A/goose/Taiwan/TNC1/2015|	0.3734	0.2225	0.4052	0.2444	0.160	-0.148	0.339	50.54	0.364	0.440	448	470	-0.242553	0.095745	
A/goose/Taiwan/TNC3/2015|	0.3734	0.2225	0.4052	0.2436	0.161	-0.144	0.342	50.59	0.364	0.441	448	470	-0.243191	0.095745	
A/goose/Taiwan/TNC4/2015|	0.3734	0.2225	0.4052	0.2436	0.162	-0.145	0.342	50.63	0.364	0.441	448	470	-0.235106	0.095745	
A/goose/Taiwan/TNC9/2015|	0.3734	0.2225	0.4052	0.2436	0.161	-0.144	0.342	50.59	0.364	0.441	448	470	-0.243191	0.095745	
A/goose/Taiwan/TNC10/2015	0.3734	0.2225	0.4052	0.2444	0.160	-0.148	0.339	50.54	0.364	0.440	448	470	-0.242553	0.095745	
A/goose/Taiwan/TNC12/2015	0.3734	0.2225	0.4052	0.2444	0.160	-0.148	0.339	50.54	0.364	0.440	448	470	-0.242553	0.095745	
A/goose/Taiwan/TNC14/2015	0.3708	0.2251	0.4052	0.2444	0.160	-0.148	0.339	50.54	0.366	0.441	448	470	-0.242553	0.095745	
A/goose/Taiwan/TNO3/2015|	0.3734	0.2225	0.4082	0.2404	0.162	-0.145	0.342	50.38	0.362	0.440	448	470	-0.235106	0.095745	
A/goose/Taiwan/TNO9/2015|	0.3734	0.2225	0.4052	0.2436	0.162	-0.145	0.342	50.63	0.364	0.441	448	470	-0.235106	0.095745	
A/goose/Taiwan/TNO15/2015	0.3734	0.2225	0.4052	0.2436	0.162	-0.145	0.342	50.63	0.364	0.441	448	470	-0.235106	0.095745	
A/goose/Taiwan/TNO17/2015	0.3734	0.2225	0.4052	0.2444	0.160	-0.148	0.339	50.54	0.364	0.440	448	470	-0.242553	0.095745	
A/goose/Taoyuan/15010041/	0.3760	0.2225	0.4023	0.2436	0.164	-0.141	0.344	50.70	0.364	0.441	448	470	-0.235106	0.095745	
A/goose/Taoyuan/18120002-	0.3860	0.2456	0.4091	0.2180	0.164	-0.148	0.344	49.88	0.358	0.421	450	469	-0.284435	0.087420	
A/goose/Xinjiang/12.18_WL	0.2362	0.2808	0.5152	0.2431	0.154	-0.127	0.355	46.26	0.405	0.442	437	459	-0.322658	0.076253	
A/goose/Xinjiang/12.18_WL	0.2362	0.2808	0.5152	0.2431	0.153	-0.126	0.355	46.21	0.405	0.442	437	459	-0.331590	0.076253	
A/goose/Xinjiang/12.18_WL	0.3795	0.2205	0.4047	0.2435	0.158	-0.140	0.342	52.68	0.360	0.438	447	470	-0.192340	0.095745	
A/goose/Xinjiang/12.18_WL	0.3795	0.2205	0.4047	0.2435	0.158	-0.140	0.342	52.68	0.360	0.438	447	470	-0.192340	0.095745	
A/goose/Xinjiang/12.18_WL	0.3795	0.2205	0.4035	0.2427	0.158	-0.140	0.342	52.63	0.360	0.438	447	470	-0.185745	0.095745	
A/goose/Xinjiang/12.18_WL	0.3795	0.2205	0.4047	0.2435	0.158	-0.140	0.342	52.68	0.360	0.438	447	470	-0.192340	0.095745	
A/goose/Yangzhou/0420/201	0.3928	0.2119	0.3977	0.2452	0.157	-0.158	0.334	51.24	0.354	0.434	446	470	-0.227234	0.097872	
A/goose/Yangzhou/YZ587/20	0.2395	0.2842	0.4909	0.2667	0.150	-0.126	0.356	47.44	0.422	0.447	436	459	-0.316993	0.076253	
A/goose/Yunlin/15010005/2	0.3804	0.2544	0.4079	0.2138	0.166	-0.140	0.350	51.03	0.363	0.424	449	469	-0.278678	0.087420	
A/goose/Yunlin/15010009-1	0.3804	0.2544	0.4079	0.2138	0.166	-0.140	0.350	51.03	0.363	0.424	449	469	-0.278678	0.087420	
A/goose/Yunlin/15010010-2	0.3804	0.2544	0.4079	0.2138	0.167	-0.136	0.352	51.04	0.363	0.425	449	469	-0.277825	0.087420	
A/goose/Yunlin/15010011-1	0.3804	0.2544	0.4079	0.2138	0.166	-0.140	0.350	51.03	0.363	0.424	449	469	-0.278678	0.087420	
A/goose/Yunlin/15040040/2	0.3708	0.2225	0.4082	0.2436	0.163	-0.145	0.342	50.65	0.364	0.441	448	470	-0.235106	0.095745	
A/goose/Yunlin/16020008-4	0.3804	0.2620	0.4024	0.2160	0.175	-0.117	0.363	51.67	0.370	0.425	449	469	-0.288273	0.087420	
A/goose/Yunlin/16020011-1	0.3889	0.2551	0.4012	0.2153	0.171	-0.133	0.354	51.76	0.363	0.423	449	469	-0.289765	0.089552	
A/goose/Yunlin/16040002-2	0.3813	0.2626	0.4055	0.2125	0.175	-0.123	0.361	51.84	0.367	0.424	449	469	-0.282516	0.089552	
A/goose/Yunlin/17100005/2	0.3860	0.2456	0.4066	0.2150	0.164	-0.144	0.347	49.90	0.358	0.425	450	469	-0.286780	0.087420	
A/goose/Yunlin/18030020-2	0.3769	0.2613	0.3746	0.2448	0.162	-0.132	0.354	52.62	0.390	0.434	449	469	-0.286994	0.087420	
A/goose/Yunlin/18030020-3	0.3769	0.2613	0.3716	0.2483	0.163	-0.129	0.356	52.82	0.392	0.435	449	469	-0.286994	0.087420	
A/goose/Yunlin/18040002-3	0.3844	0.2462	0.4187	0.2062	0.166	-0.143	0.347	50.81	0.351	0.421	450	469	-0.275053	0.085288	
A/goose/Yunlin/18040018-2	0.3835	0.2481	0.3982	0.2218	0.159	-0.159	0.336	50.30	0.364	0.426	450	469	-0.260128	0.083156	
A/goose/Yunlin/18090002-3	0.3810	0.2481	0.4054	0.2199	0.156	-0.163	0.336	51.02	0.362	0.424	450	469	-0.264392	0.085288	
A/goose/Yunlin/18090006-1	0.3869	0.2437	0.4036	0.2234	0.164	-0.145	0.347	51.33	0.360	0.423	450	469	-0.281450	0.087420	
A/goose/Yunlin/18110002-3	0.3860	0.2481	0.4036	0.2158	0.160	-0.162	0.336	50.04	0.360	0.425	450	469	-0.275693	0.087420	
A/goose/Yunnan/07.14_DQWC	0.2540	0.2672	0.5122	0.2457	0.147	-0.171	0.333	47.35	0.394	0.441	436	459	-0.366884	0.076253	
A/goose/Yunnan/07.14_DQWC	0.2559	0.2665	0.5061	0.2491	0.148	-0.162	0.337	48.27	0.397	0.442	436	459	-0.369063	0.076253	
A/goose/Zhejiang/77166/20	0.3800	0.2500	0.4091	0.2118	0.158	-0.137	0.353	51.85	0.359	0.426	448	469	-0.266098	0.087420	
A/goose/Zhejiang/77167/20	0.3800	0.2500	0.4061	0.2153	0.158	-0.137	0.353	51.93	0.362	0.426	448	469	-0.266098	0.087420	
A/goose/Zhejiang/77168/20	0.3800	0.2500	0.4091	0.2118	0.158	-0.137	0.353	51.85	0.359	0.426	448	469	-0.266098	0.087420	
A/goose/Zhejiang/112071/2	0.3770	0.2460	0.3656	0.2705	0.173	-0.107	0.373	48.83	0.394	0.438	426	449	-0.250557	0.095768	
A/goose/Zhejiang/112080/2	0.2775	0.2749	0.4688	0.2637	0.155	-0.136	0.354	50.22	0.408	0.440	446	470	-0.336596	0.072340	
A/goose/Zhejiang/727092/2	0.2310	0.2861	0.5137	0.2465	0.149	-0.140	0.348	46.80	0.412	0.446	437	459	-0.321569	0.076253	
A/goose/Zhejiang/727098/2	0.3920	0.2347	0.3812	0.2491	0.175	-0.104	0.375	48.31	0.370	0.430	427	449	-0.219599	0.097996	
A/goose/Zhejiang/727110/2	0.2310	0.2940	0.5138	0.2404	0.153	-0.134	0.352	45.80	0.414	0.447	437	459	-0.335076	0.078431	
A/goose/Zhejiang/925036/2	0.2407	0.2831	0.5167	0.2318	0.153	-0.141	0.349	47.09	0.400	0.442	435	459	-0.329630	0.076253	
A/goose/Zhejiang/925037/2	0.3830	0.2211	0.4023	0.2404	0.159	-0.154	0.335	51.80	0.359	0.438	448	470	-0.219149	0.095745	
A/goose/Zhejiang/925104/2	0.3856	0.2211	0.4006	0.2412	0.163	-0.149	0.339	51.84	0.359	0.437	448	470	-0.219575	0.097872	
A/goose/Zhejiang/925105/2	0.2694	0.2746	0.4776	0.2630	0.153	-0.131	0.357	50.35	0.408	0.440	446	470	-0.352340	0.072340	
A/goose/Zhejiang/925106/2	0.2414	0.2865	0.5137	0.2318	0.155	-0.142	0.349	47.31	0.402	0.441	435	459	-0.328976	0.076253	
A/goose/Zhejiang/925108/2	0.2687	0.2739	0.4762	0.2655	0.151	-0.132	0.356	50.13	0.409	0.440	447	470	-0.360000	0.070213	
A/goose/Zhejiang/1120132/	0.2775	0.2749	0.4688	0.2637	0.155	-0.136	0.354	50.22	0.408	0.440	446	470	-0.336596	0.072340	
A/goose/Zhejiang/S1266/20	0.3566	0.2429	0.4000	0.2516	0.158	-0.122	0.355	53.46	0.384	0.447	445	470	-0.219787	0.093617	
A/Great_black-headed_Gull	0.3753	0.2520	0.3544	0.2852	0.175	-0.091	0.384	49.02	0.407	0.439	425	449	-0.244321	0.100223	
A/Great_Black-headed_Gull	0.3779	0.2185	0.4082	0.2444	0.156	-0.158	0.333	51.98	0.359	0.438	448	470	-0.221915	0.095745	
A/Great_black-headed_Gull	0.3727	0.2493	0.3565	0.2878	0.171	-0.094	0.381	48.89	0.407	0.439	425	449	-0.259020	0.100223	
A/Great_Cormorant/Hubei/c	0.2368	0.2816	0.5046	0.2596	0.149	-0.138	0.349	47.22	0.415	0.444	436	459	-0.330065	0.076253	
A/Great_Cormorant/Hubei/c	0.3856	0.2314	0.3628	0.2796	0.166	-0.113	0.369	48.32	0.388	0.434	425	449	-0.238085	0.095768	
A/Great_Cormorant/Hubei/c	0.3856	0.2314	0.3628	0.2796	0.166	-0.113	0.369	48.32	0.388	0.434	425	449	-0.238085	0.095768	
A/Great_Cormorant/Hubei/c	0.2368	0.2816	0.5046	0.2587	0.150	-0.139	0.349	47.20	0.415	0.445	436	459	-0.341394	0.076253	
A/Great_Cormorant/Hubei/V	0.3830	0.2340	0.3628	0.2806	0.164	-0.114	0.369	48.28	0.391	0.434	425	449	-0.237416	0.095768	
A/Great_Cormorant/Hubei/V	0.3803	0.2367	0.3616	0.2796	0.162	-0.121	0.365	49.00	0.393	0.434	425	449	-0.220267	0.095768	
A/Great_Cormorant/Hubei/V	0.3840	0.2347	0.3628	0.2796	0.167	-0.109	0.372	48.58	0.391	0.433	425	449	-0.243430	0.095768	
A/Great_Cormorant/Qinghai	0.3821	0.2179	0.4029	0.2428	0.158	-0.146	0.339	52.32	0.359	0.438	449	470	-0.217447	0.093617	
A/Great_Cormorant/Qinghai	0.3779	0.2211	0.4023	0.2476	0.159	-0.147	0.339	52.46	0.364	0.438	448	470	-0.210000	0.097872	
A/Great_Cormorant/Qinghai	0.3840	0.2165	0.4064	0.2419	0.158	-0.150	0.338	52.12	0.356	0.435	447	470	-0.214255	0.097872	
A/Great_Crested_Grebe/Qin	0.3798	0.2222	0.4041	0.2436	0.163	-0.147	0.339	52.26	0.362	0.438	448	470	-0.194468	0.095745	
A/grebe/Ningxia/SD001/202	0.3540	0.2455	0.3971	0.2557	0.156	-0.118	0.357	53.47	0.389	0.448	445	470	-0.208723	0.093617	
A/grebe/Shaanxi/SD001/202	0.3540	0.2455	0.3971	0.2557	0.155	-0.117	0.357	53.49	0.389	0.447	445	470	-0.198085	0.093617	
A/grebe/Shandong/SC184/20	0.3575	0.2435	0.3971	0.2557	0.157	-0.121	0.355	53.41	0.387	0.445	445	470	-0.216170	0.093617	
A/green-winged_teal/Guang	0.3514	0.2481	0.4018	0.2508	0.160	-0.114	0.359	54.34	0.388	0.448	446	470	-0.223617	0.091489	
A/Guangdong/1/2006|EPI_IS	0.3850	0.2513	0.3762	0.2334	0.180	-0.093	0.379	49.93	0.379	0.437	425	449	-0.246548	0.097996	
A/Guangdong/1/2008|EPI_IS	0.3926	0.2440	0.3849	0.2313	0.176	-0.094	0.379	48.91	0.368	0.430	427	449	-0.270824	0.095768	
A/Guangdong/2/2006|EPI_IS	0.3910	0.2314	0.3892	0.2437	0.175	-0.105	0.374	48.96	0.365	0.431	425	449	-0.252561	0.097996	
A/Guangdong/18SF020/2018-	0.2527	0.2793	0.5031	0.2439	0.156	-0.132	0.355	46.86	0.403	0.442	434	459	-0.359477	0.076253	
A/Guangdong/12903/2021|EP	0.2447	0.2846	0.5121	0.2321	0.165	-0.115	0.365	47.88	0.401	0.444	436	459	-0.340305	0.078431	
A/Guangdong/lgf/2021|EPI_	0.2420	0.2872	0.5167	0.2295	0.167	-0.111	0.367	47.61	0.401	0.444	436	459	-0.352070	0.076253	
A/Guangxi/1/2005|EPI_ISL_	0.3926	0.2387	0.3912	0.2278	0.171	-0.106	0.373	48.32	0.362	0.428	426	449	-0.259020	0.097996	
A/Guangxi/1/2005|EPI_ISL_	0.3926	0.2387	0.3912	0.2278	0.171	-0.106	0.373	48.32	0.362	0.428	426	449	-0.259020	0.097996	
A/Guangxi/1/2008|EPI_ISL_	0.3893	0.2560	0.3668	0.2384	0.185	-0.077	0.390	50.26	0.383	0.435	426	449	-0.235412	0.097996	
A/Guangxi/32797/2018|EPI_	0.2447	0.2819	0.5000	0.2535	0.156	-0.117	0.363	47.60	0.411	0.445	435	459	-0.367320	0.076253	
A/Guangxi/55726/2016|EPI_	0.2421	0.2789	0.4939	0.2568	0.149	-0.140	0.351	47.91	0.415	0.451	436	459	-0.383007	0.076253	
A/Guangzhou/39715/2014|EP	0.2427	0.2770	0.5076	0.2483	0.150	-0.138	0.351	47.14	0.406	0.445	436	459	-0.368845	0.076253	
A/Guizhou/1/2009|EPI_ISL_	0.3793	0.2493	0.3912	0.2305	0.175	-0.077	0.390	50.63	0.373	0.436	426	449	-0.279733	0.097996	
A/GX-guilin/11151/2021|EP	0.2395	0.2816	0.4789	0.2749	0.149	-0.117	0.359	47.91	0.428	0.453	437	459	-0.345098	0.074074	
A/GX-hechi/01/2021|EPI_IS	0.2407	0.2804	0.4848	0.2734	0.147	-0.140	0.349	47.38	0.424	0.450	436	459	-0.347495	0.076253	
A/Hangzhou/01/2021|EPI_IS	0.2388	0.2808	0.4729	0.2818	0.143	-0.138	0.348	47.22	0.432	0.455	437	459	-0.327451	0.074074	
A/HeFei04171/2024|EPI_ISL	0.2573	0.2812	0.5030	0.2295	0.161	-0.119	0.362	48.45	0.397	0.442	436	459	-0.345970	0.076253	
A/heron/Kaohsiung/15WB328	0.3258	0.2904	0.4259	0.2411	0.160	-0.107	0.371	55.57	0.407	0.436	450	469	-0.313646	0.091684	
A/heron/Taiwan/17DB0001/2	0.3835	0.2481	0.4066	0.2165	0.162	-0.155	0.340	49.77	0.360	0.423	450	469	-0.275906	0.087420	
A/Herring_Gull/Hubei/CH-i	0.3779	0.2185	0.4041	0.2468	0.158	-0.145	0.339	52.01	0.362	0.438	448	470	-0.211915	0.093617	
A/hill_myna/Heilongjiang/	0.3856	0.2394	0.3762	0.2581	0.173	-0.096	0.379	47.97	0.379	0.432	427	449	-0.231180	0.097996	
A/Hong_Kong/5923/2012|EPI	0.3873	0.2361	0.3668	0.2708	0.170	-0.100	0.377	48.93	0.384	0.434	427	449	-0.220044	0.097996	
A/Hubei/29578/2016_x_PR8_	0.2382	0.2801	0.5091	0.2474	0.147	-0.149	0.341	46.95	0.407	0.444	437	459	-0.277778	0.076253	
A/Hubei/29578/2016|EPI_IS	0.2382	0.2801	0.5091	0.2474	0.147	-0.149	0.341	46.95	0.407	0.444	437	459	-0.277778	0.076253	
A/Hunan/1/2006|EPI_ISL_79	0.3936	0.2394	0.3849	0.2357	0.175	-0.097	0.378	48.98	0.366	0.429	426	449	-0.254343	0.097996	
A/Hunan/1/2008|EPI_ISL_73	0.3867	0.2507	0.3742	0.2351	0.185	-0.085	0.384	49.80	0.379	0.437	425	449	-0.245880	0.097996	
A/Hunan/2/2009|EPI_ISL_79	0.3793	0.2467	0.3912	0.2349	0.173	-0.089	0.383	50.44	0.373	0.434	426	449	-0.268152	0.097996	
A/Japanese_white-eye/Taoy	0.3883	0.2367	0.3762	0.2590	0.171	-0.100	0.377	48.21	0.377	0.431	427	449	-0.230512	0.097996	
A/Jiangsu/1/2007|EPI_ISL_	0.3979	0.2361	0.3880	0.2313	0.174	-0.107	0.372	48.66	0.361	0.428	427	449	-0.267929	0.097996	
A/Jiangsu/1/2018|EPI_ISL_	0.2420	0.2872	0.5121	0.2345	0.161	-0.115	0.365	47.55	0.404	0.443	436	459	-0.333551	0.076253	
A/Jiangsu/1/2018|EPI_ISL_	0.2420	0.2872	0.5121	0.2345	0.161	-0.115	0.365	47.55	0.404	0.443	436	459	-0.333551	0.076253	
A/Jiangsu/1/2020_(H5N6)|E	0.2373	0.2853	0.5091	0.2466	0.164	-0.127	0.358	47.30	0.411	0.447	436	459	-0.336166	0.076253	
A/Jiangsu/1/2020(H5N6)|EP	0.2373	0.2853	0.5091	0.2466	0.164	-0.127	0.358	47.30	0.411	0.447	436	459	-0.336166	0.076253	
A/Jiangsu/2/2007|EPI_ISL_	0.3979	0.2361	0.3880	0.2313	0.174	-0.107	0.372	48.66	0.361	0.428	427	449	-0.267929	0.097996	
A/Jiangsu/JSSZ01/2018|EPI	0.2420	0.2872	0.5121	0.2345	0.161	-0.115	0.365	47.55	0.404	0.443	436	459	-0.333551	0.076253	
A/Jiangxi/1/2005|EPI_ISL_	0.3887	0.2493	0.3614	0.2509	0.186	-0.069	0.394	50.39	0.387	0.438	426	449	-0.256347	0.097996	
A/Jiangxi/16791/2022|EPI_	0.2388	0.2808	0.4789	0.2749	0.145	-0.133	0.350	47.40	0.428	0.454	437	459	-0.339216	0.074074	
A/lesser_kestrel/Heilongj	0.3979	0.2387	0.3703	0.2456	0.176	-0.105	0.376	49.27	0.373	0.436	426	449	-0.256793	0.097996	
A/lion/Hubei/1-2/2016|EPI	0.3867	0.2320	0.3553	0.2857	0.168	-0.101	0.376	48.81	0.393	0.435	425	449	-0.244543	0.095768	
A/Luscinia_cyane/Jiangxi/	0.2395	0.2789	0.4940	0.2517	0.145	-0.163	0.333	47.89	0.414	0.450	435	459	-0.344009	0.076253	
A/mallard_duck/Shanghai/S	0.3933	0.2134	0.3953	0.2444	0.161	-0.151	0.337	51.64	0.355	0.435	448	470	-0.185106	0.097872	
A/mallard/Heilongjiang/HL	0.3947	0.2240	0.3648	0.2740	0.169	-0.106	0.374	49.18	0.379	0.434	425	449	-0.257016	0.095768	
A/Mallard/Jiangxi/JXH9/20	0.2401	0.2770	0.5165	0.2389	0.151	-0.146	0.345	47.14	0.400	0.440	438	461	-0.339913	0.073753	
A/Mallard/Jiangxi/JXH22/2	0.2434	0.2751	0.5166	0.2371	0.152	-0.147	0.344	46.54	0.397	0.439	436	459	-0.330937	0.076253	
A/mallard/Ningxia/175/202	0.3756	0.2280	0.4064	0.2395	0.161	-0.131	0.350	51.09	0.363	0.437	446	470	-0.211064	0.095745	
A/mallard/Ningxia/176/202	0.3747	0.2274	0.4064	0.2395	0.159	-0.130	0.350	50.86	0.363	0.438	446	470	-0.212340	0.095745	
A/mallard/Ningxia/239/202	0.3756	0.2280	0.4064	0.2395	0.161	-0.131	0.350	51.09	0.363	0.437	446	470	-0.211064	0.095745	
A/mallard/Ningxia/241/202	0.3782	0.2280	0.4035	0.2395	0.163	-0.127	0.352	51.05	0.363	0.438	446	470	-0.202340	0.095745	
A/mallard/Ningxia/247/202	0.3756	0.2280	0.4064	0.2395	0.161	-0.131	0.350	51.09	0.363	0.437	446	470	-0.211064	0.095745	
A/mallard/Ningxia/249/202	0.3756	0.2280	0.4094	0.2362	0.160	-0.135	0.348	51.16	0.361	0.436	446	470	-0.211064	0.095745	
A/mandarin_duck/Heilongji	0.3805	0.2725	0.3211	0.2897	0.192	-0.053	0.406	51.29	0.429	0.445	443	469	-0.270789	0.106610	
A/mandarin_duck/Henan/426	0.3862	0.2711	0.3119	0.2951	0.191	-0.049	0.408	51.09	0.430	0.446	444	469	-0.282303	0.104478	
A/meerkat/Shanghai/SH-1/2	0.3883	0.2367	0.3742	0.2626	0.167	-0.122	0.365	48.59	0.379	0.432	427	449	-0.233408	0.100223	
A/migratory_waterfowl/Hub	0.2642	0.2850	0.4671	0.2690	0.152	-0.136	0.354	50.86	0.422	0.445	446	470	-0.343617	0.072340	
A/migratory_waterfowl/Hub	0.2642	0.2850	0.4671	0.2690	0.152	-0.136	0.354	50.86	0.422	0.445	446	470	-0.343617	0.072340	
A/mink/China/181/2019|EPI	0.2440	0.2812	0.5091	0.2422	0.157	-0.128	0.356	48.80	0.404	0.444	436	459	-0.316122	0.076253	
A/mink/China/183/2019|EPI	0.2420	0.2819	0.5136	0.2363	0.158	-0.124	0.358	47.74	0.401	0.446	436	459	-0.323529	0.076253	
A/mink/China/191/2019|EPI	0.2414	0.2812	0.5120	0.2389	0.158	-0.125	0.357	47.74	0.403	0.447	437	459	-0.318518	0.076253	
A/mink/China/456/2018|EPI	0.2328	0.2910	0.5091	0.2457	0.158	-0.123	0.359	47.84	0.414	0.447	437	459	-0.316122	0.076253	
A/mink/China/G/2015|EPI_I	0.3783	0.2407	0.3711	0.2698	0.171	-0.106	0.372	48.79	0.389	0.436	427	449	-0.235857	0.095768	
A/mink/China/XB/2015|EPI_	0.3883	0.2287	0.3628	0.2806	0.164	-0.118	0.367	48.23	0.386	0.432	425	449	-0.237416	0.095768	
A/mink/Eastern_China/006/	0.2340	0.2899	0.4985	0.2552	0.160	-0.111	0.366	47.42	0.421	0.450	435	459	-0.333115	0.076253	
A/mink/Eastern_China/149/	0.2381	0.2857	0.5046	0.2509	0.155	-0.129	0.356	47.24	0.413	0.445	436	459	-0.320261	0.076253	
A/mink/Eastern_China/528/	0.2340	0.2899	0.4954	0.2586	0.158	-0.121	0.361	47.48	0.423	0.450	435	459	-0.331373	0.076253	
A/mink/Eastern_China/571/	0.2387	0.2865	0.5091	0.2422	0.159	-0.120	0.360	47.81	0.408	0.446	436	459	-0.310675	0.076253	
A/mink/Eastern_China/0712	0.3711	0.2680	0.4169	0.2063	0.174	-0.064	0.400	51.74	0.366	0.421	445	469	-0.284009	0.102345	
A/mink/Northern_China/110	0.2361	0.2785	0.5183	0.2483	0.146	-0.144	0.347	46.26	0.405	0.442	435	459	-0.349455	0.076253	
A/Muscovy_duck/China/FJFZ	0.2420	0.2872	0.5091	0.2379	0.154	-0.120	0.360	47.46	0.406	0.442	436	459	-0.368627	0.074074	
A/Muscovy_duck/China/H5N6	0.2420	0.2872	0.5091	0.2379	0.154	-0.120	0.360	47.46	0.406	0.442	436	459	-0.368627	0.074074	
A/muscovy/duck/Hunan/85/2	0.2381	0.2831	0.4970	0.2560	0.155	-0.124	0.358	47.82	0.417	0.451	436	459	-0.327887	0.076253	
A/muscovy/duck/Hunan/88/2	0.2375	0.2823	0.5000	0.2534	0.153	-0.137	0.351	47.63	0.415	0.450	436	459	-0.315686	0.076253	
A/muscovy/duck/Hunan/89/2	0.2381	0.2831	0.5000	0.2526	0.154	-0.129	0.356	47.77	0.415	0.450	436	459	-0.327887	0.076253	
A/muscovy/duck/Hunan/90/2	0.2381	0.2831	0.5000	0.2526	0.153	-0.128	0.356	47.70	0.415	0.450	436	459	-0.336819	0.076253	
A/muscovy/duck/Hunan/93/2	0.2381	0.2831	0.5000	0.2526	0.154	-0.129	0.356	47.77	0.415	0.450	436	459	-0.327887	0.076253	
A/muscovy/duck/Hunan/94/2	0.2381	0.2831	0.5000	0.2534	0.153	-0.133	0.353	47.70	0.415	0.450	436	459	-0.327233	0.076253	
A/muscovy/duck/Hunan/101/	0.2447	0.2737	0.5122	0.2474	0.148	-0.151	0.342	46.64	0.401	0.442	436	459	-0.329848	0.076253	
A/muscovy/duck/Hunan/102/	0.2447	0.2737	0.5091	0.2509	0.151	-0.147	0.344	46.71	0.404	0.444	436	459	-0.324401	0.076253	
A/muscovy/duck/Hunan/103/	0.2368	0.2763	0.5091	0.2561	0.150	-0.143	0.346	46.80	0.410	0.444	437	459	-0.331155	0.076253	
A/muscovy/duck/Hunan/104/	0.2447	0.2737	0.5091	0.2509	0.150	-0.147	0.344	46.75	0.404	0.443	436	459	-0.329848	0.076253	
A/muscovy/duck/Hunan/125/	0.2454	0.2744	0.5061	0.2544	0.149	-0.151	0.342	47.63	0.406	0.442	436	459	-0.333987	0.076253	
A/muscovy/duck/Hunan/147/	0.2427	0.2797	0.5030	0.2544	0.150	-0.147	0.344	47.43	0.411	0.442	436	459	-0.333987	0.076253	
A/muscovy/duck/Hunan/148/	0.2434	0.2751	0.5046	0.2578	0.151	-0.146	0.345	47.15	0.409	0.444	435	459	-0.339651	0.076253	
A/muscovy/duck/Hunan/167/	0.2447	0.2737	0.5091	0.2509	0.150	-0.147	0.344	46.75	0.404	0.443	436	459	-0.329848	0.076253	
A/muscovy/duck/Hunan/183/	0.2427	0.2770	0.5091	0.2491	0.150	-0.140	0.349	46.91	0.406	0.445	436	459	-0.334423	0.076253	
A/muscovy/duck/Hunan/216/	0.2447	0.2737	0.5122	0.2474	0.148	-0.151	0.342	46.64	0.401	0.442	436	459	-0.329848	0.076253	
A/muscovy/duck/Hunan/229/	0.2447	0.2737	0.5122	0.2474	0.148	-0.151	0.342	46.64	0.401	0.442	436	459	-0.329848	0.076253	
A/muscovy/duck/Hunan/232/	0.2381	0.2831	0.5061	0.2457	0.152	-0.137	0.351	47.16	0.411	0.449	436	459	-0.327887	0.076253	
A/muscovy/duck/Hunan/HN34	0.2454	0.2744	0.4954	0.2639	0.149	-0.147	0.344	47.35	0.413	0.445	436	459	-0.325926	0.076253	
A/muscovy/duck/Hunan/HN34	0.2454	0.2744	0.5015	0.2569	0.150	-0.143	0.346	47.36	0.408	0.444	436	459	-0.325926	0.076253	
A/muscovy/duck/Hunan/HN34	0.2454	0.2744	0.5015	0.2569	0.150	-0.143	0.346	47.36	0.408	0.444	436	459	-0.325926	0.076253	
A/muscovy/duck/Hunan/HN34	0.2480	0.2718	0.5015	0.2569	0.150	-0.147	0.344	47.37	0.406	0.444	436	459	-0.320479	0.076253	
A/muscovy/duck/Hunan/HN35	0.2454	0.2744	0.5015	0.2569	0.150	-0.143	0.346	47.32	0.408	0.444	436	459	-0.320479	0.076253	
A/muscovy/duck/Hunan/HN35	0.2480	0.2718	0.5015	0.2569	0.150	-0.147	0.344	47.42	0.406	0.443	436	459	-0.326797	0.076253	
A/muscovy/duck/Hunan/HN35	0.2513	0.2698	0.4924	0.2621	0.149	-0.151	0.342	48.07	0.408	0.445	436	459	-0.327015	0.076253	
A/muscovy/duck/Hunan/HN35	0.2454	0.2744	0.5015	0.2569	0.150	-0.143	0.346	47.46	0.408	0.444	436	459	-0.325926	0.076253	
A/muscovy/duck/Hunan/HN35	0.2454	0.2744	0.5015	0.2569	0.150	-0.139	0.349	47.31	0.408	0.444	436	459	-0.325926	0.076253	
A/muscovy/duck/Hunan/HN35	0.2454	0.2744	0.5015	0.2569	0.150	-0.143	0.346	47.36	0.408	0.444	436	459	-0.325926	0.076253	
A/muscovy/duck/Hunan/HN35	0.2454	0.2744	0.5015	0.2569	0.150	-0.143	0.346	47.32	0.408	0.444	436	459	-0.320479	0.076253	
A/muscovy/duck/Hunan/HN35	0.2454	0.2744	0.5015	0.2569	0.150	-0.139	0.349	47.22	0.408	0.444	436	459	-0.325926	0.076253	
A/muscovy/duck/Hunan/HN36	0.2427	0.2770	0.5015	0.2569	0.151	-0.139	0.349	47.36	0.411	0.445	436	459	-0.320479	0.076253	
A/muscovy/duck/Hunan/HN36	0.2454	0.2744	0.5015	0.2569	0.150	-0.143	0.346	47.36	0.408	0.444	436	459	-0.325926	0.076253	
A/muscovy/duck/Hunan/HN36	0.2454	0.2744	0.5015	0.2569	0.151	-0.139	0.349	47.17	0.408	0.444	436	459	-0.320479	0.076253	
A/muscovy/duck/Hunan/HN36	0.2487	0.2698	0.4939	0.2664	0.148	-0.151	0.342	47.54	0.411	0.444	436	459	-0.327451	0.076253	
A/muscovy/duck/Hunan/HN36	0.2507	0.2691	0.4954	0.2639	0.148	-0.155	0.339	47.69	0.408	0.444	436	459	-0.325926	0.076253	
A/mute_swan/Inner_Mongoli	0.3575	0.2435	0.3971	0.2557	0.157	-0.121	0.355	53.41	0.387	0.445	445	470	-0.216170	0.093617	
A/mute_swan/Shandong/1/20	0.3575	0.2435	0.3947	0.2532	0.160	-0.113	0.360	53.71	0.387	0.448	445	470	-0.203404	0.093617	
A/Nanjing/1/2015|EPI_ISL_	0.3883	0.2287	0.3628	0.2806	0.163	-0.118	0.367	48.19	0.386	0.432	425	449	-0.237416	0.095768	
A/Northern_Pintail/HK/MP6	0.2373	0.2880	0.5015	0.2491	0.160	-0.110	0.366	46.63	0.415	0.447	434	459	-0.336384	0.076253	
A/oriental_magpie_robin/H	0.2316	0.2895	0.5137	0.2404	0.150	-0.139	0.349	46.88	0.411	0.447	436	459	-0.303704	0.076253	
A/ostrich/Suzhou/097/2003	0.3581	0.2759	0.3574	0.2589	0.178	-0.078	0.390	51.90	0.415	0.449	426	449	-0.232517	0.097996	
A/parrot/Guangdong/258/20	0.3889	0.2652	0.3650	0.2473	0.176	-0.119	0.364	54.71	0.391	0.429	448	469	-0.283156	0.089552	
A/parrot/Guangdong/C99/20	0.3910	0.2473	0.3636	0.2465	0.182	-0.090	0.383	49.82	0.383	0.439	426	449	-0.238976	0.097996	
A/Pavo_cristatus/China/JS	0.2480	0.2773	0.5076	0.2465	0.156	-0.129	0.356	45.79	0.402	0.439	435	459	-0.344662	0.078431	
A/Pavo_cristatus/China/K1	0.2480	0.2773	0.5076	0.2465	0.156	-0.129	0.356	45.79	0.402	0.439	435	459	-0.344662	0.078431	
A/Pavo_cristatus/Jiangxi/	0.2381	0.2857	0.5000	0.2526	0.156	-0.125	0.358	47.72	0.415	0.448	436	459	-0.324401	0.076253	
A/peacock/Yunnan/1/2015|E	0.3777	0.2367	0.3628	0.2842	0.162	-0.117	0.367	48.72	0.395	0.434	425	449	-0.226281	0.095768	
A/peacock/Yunnan/3/2015|E	0.3777	0.2367	0.3628	0.2842	0.163	-0.118	0.367	48.30	0.395	0.434	425	449	-0.238307	0.095768	
A/Peregrine_Falcon/Hong_K	0.3540	0.2429	0.3941	0.2623	0.156	-0.121	0.355	53.59	0.391	0.448	445	470	-0.208723	0.093617	
A/Phalacrocorax/Hubei/01.	0.2368	0.2816	0.5046	0.2596	0.149	-0.138	0.349	47.22	0.415	0.444	436	459	-0.330065	0.076253	
A/Phalacrocorax/Hubei/01.	0.2403	0.2901	0.4935	0.2610	0.154	-0.120	0.361	47.92	0.423	0.448	416	438	-0.399772	0.079909	
A/pheasant/Hebei/B02/2021	0.3566	0.2429	0.3882	0.2656	0.156	-0.121	0.355	53.65	0.393	0.450	445	470	-0.208723	0.093617	
A/pigeon/Fujian/1.17_FZHX	0.2296	0.2902	0.5137	0.2422	0.152	-0.136	0.351	46.12	0.413	0.448	436	459	-0.333333	0.076253	
A/pigeon/Guangdong/04.15_	0.2381	0.2831	0.5136	0.2422	0.156	-0.122	0.359	46.60	0.405	0.443	437	459	-0.331155	0.076253	
A/pigeon/Guangdong/04.16_	0.2480	0.2691	0.5061	0.2578	0.153	-0.142	0.349	47.66	0.404	0.443	436	459	-0.344662	0.076253	
A/pigeon/Guangdong/04.23_	0.2387	0.2838	0.5061	0.2483	0.159	-0.122	0.360	46.94	0.411	0.446	436	459	-0.348148	0.076253	
A/pigeon/Hainan/1.14_HKPL	0.2387	0.2865	0.5061	0.2457	0.158	-0.128	0.356	47.66	0.411	0.446	436	459	-0.316122	0.076253	
A/pigeon/Hubei/RP25/2012|	0.3930	0.2487	0.3812	0.2254	0.180	-0.094	0.378	49.85	0.369	0.434	426	449	-0.256570	0.097996	
A/Pigeon/Hunan/04.14_YYXS	0.2701	0.2779	0.4716	0.2637	0.155	-0.143	0.350	51.09	0.413	0.445	446	470	-0.345106	0.072340	
A/pigeon/Jiangsu/12.22_TC	0.3797	0.2433	0.3605	0.2786	0.172	-0.111	0.371	48.93	0.397	0.437	426	449	-0.242539	0.097996	
A/Pigeon/Jiangxi/02.10__N	0.2316	0.2895	0.5167	0.2334	0.148	-0.137	0.349	46.71	0.407	0.445	435	459	-0.290632	0.076253	
A/Pigeon/Jiangxi/04.01__N	0.2388	0.2978	0.4951	0.2509	0.158	-0.110	0.367	47.40	0.423	0.451	409	431	-0.387703	0.081207	
A/pigeon/Jiangxi/S40784/2	0.3866	0.2706	0.3455	0.2569	0.185	-0.067	0.397	52.18	0.404	0.440	443	469	-0.223667	0.104478	
A/pigeon/Jilin/04.25_CCHL	0.2316	0.2842	0.5122	0.2509	0.147	-0.154	0.339	47.02	0.413	0.445	436	459	-0.316558	0.076253	
A/pigeon/Jilin/04.25_CCHL	0.3753	0.2493	0.3636	0.2740	0.176	-0.108	0.373	49.44	0.399	0.438	426	449	-0.241871	0.097996	
A/pigeon/Jilin/S4176/2019	0.3727	0.2520	0.3750	0.2598	0.179	-0.094	0.380	49.97	0.392	0.437	426	449	-0.228953	0.097996	
A/Pigeon/Shandong/WS17/20	0.3618	0.2661	0.4079	0.2215	0.167	-0.087	0.382	51.73	0.378	0.428	442	466	-0.296781	0.085837	
A/pigeon/Sichuan/04.27_NB	0.2647	0.2914	0.4492	0.2801	0.154	-0.104	0.372	52.27	0.434	0.449	433	456	-0.346930	0.074561	
A/pigeon/Sichuan/NCXN29/2	0.3747	0.2454	0.3812	0.2563	0.175	-0.074	0.390	48.89	0.383	0.431	428	449	-0.197773	0.097996	
A/pigeon/Zhejiang/112089/	0.3770	0.2460	0.3656	0.2705	0.173	-0.107	0.373	48.83	0.394	0.438	426	449	-0.250557	0.095768	
A/pigeon/Zhejiang/112090/	0.3797	0.2433	0.3719	0.2669	0.175	-0.109	0.372	49.16	0.389	0.436	427	449	-0.236080	0.097996	
A/pigeon/Zhejiang/727097/	0.3947	0.2347	0.3781	0.2491	0.175	-0.104	0.375	48.58	0.370	0.430	427	449	-0.219599	0.097996	
A/plateau_pika/Qinghai/04	0.3714	0.2679	0.3594	0.2500	0.183	-0.080	0.389	50.61	0.403	0.448	427	449	-0.215813	0.097996	
A/Quail/Guangxi/GX-2/2017	0.2373	0.2853	0.5000	0.2586	0.158	-0.123	0.360	47.20	0.417	0.444	436	461	-0.351410	0.075922	
A/quail/Jiangsu/k0104/201	0.3385	0.2558	0.4451	0.2129	0.166	-0.120	0.360	49.98	0.367	0.431	450	472	-0.162076	0.093220	
A/quail/Jiangxi/B9/2015_(	0.2373	0.2827	0.4969	0.2509	0.140	-0.174	0.327	47.37	0.416	0.453	428	450	-0.321333	0.073333	
A/quail/Nanchang/6631/201	0.3793	0.2414	0.3668	0.2734	0.171	-0.095	0.379	49.42	0.391	0.434	427	449	-0.233408	0.097996	
A/Quail/Zhanjiang/16887/2	0.2440	0.2785	0.5091	0.2431	0.156	-0.123	0.359	46.14	0.402	0.443	435	459	-0.325926	0.076253	
A/Quanzhou/2/2024|EPI_ISL	0.2500	0.2819	0.5106	0.2287	0.168	-0.100	0.372	48.33	0.398	0.444	435	459	-0.347059	0.076253	
A/Shandong/1/2009|EPI_ISL	0.3979	0.2361	0.3861	0.2340	0.176	-0.099	0.377	48.56	0.363	0.430	427	449	-0.286192	0.097996	
A/Shenzhen/1/2015|EPI_ISL	0.2342	0.2868	0.5076	0.2474	0.150	-0.135	0.351	46.55	0.413	0.447	436	459	-0.303704	0.076253	
A/Shenzhen/1/2016|EPI_ISL	0.2263	0.2921	0.5137	0.2431	0.151	-0.129	0.356	47.02	0.415	0.447	436	459	-0.318736	0.076253	
A/Shenzhen/TH001/2015_(H5	0.2342	0.2868	0.5076	0.2474	0.150	-0.135	0.351	46.55	0.413	0.447	436	459	-0.303704	0.076253	
A/Shenzhen/TH003/2016(H5N	0.2289	0.2921	0.5167	0.2369	0.154	-0.115	0.362	46.39	0.411	0.445	436	459	-0.328540	0.076253	
A/Shoveller/Ningxia/488-5	0.2415	0.2756	0.5091	0.2491	0.153	-0.128	0.355	47.04	0.405	0.442	437	459	-0.325054	0.076253	
A/Sichuan/1/2006|EPI_ISL_	0.3846	0.2493	0.3766	0.2420	0.172	-0.110	0.371	49.90	0.380	0.435	426	449	-0.266593	0.097996	
A/Sichuan/2/2006|EPI_ISL_	0.3873	0.2493	0.3734	0.2429	0.175	-0.106	0.373	49.48	0.380	0.434	426	449	-0.265256	0.097996	
A/Sichuan/26221/2014|EPI_	0.2656	0.2839	0.4554	0.2818	0.151	-0.124	0.361	51.75	0.428	0.446	446	470	-0.344681	0.072340	
A/silkie_chicken/Dongguan	0.2375	0.2823	0.5137	0.2422	0.152	-0.136	0.351	46.85	0.406	0.444	436	459	-0.333987	0.076253	
A/Spatula_querquedula/Cho	0.3836	0.2737	0.3089	0.2997	0.192	-0.045	0.410	51.09	0.435	0.446	444	469	-0.272068	0.104478	
A/Spoonbill/HK/17-18259/2	0.2685	0.2660	0.4704	0.2685	0.150	-0.152	0.342	50.10	0.411	0.448	448	470	-0.295106	0.072340	
A/spoonbill/Taiwan/DB645/	0.2605	0.2763	0.4648	0.2734	0.151	-0.142	0.347	50.94	0.423	0.451	435	456	-0.313377	0.074561	
A/spot_billed_duck/Ningxi	0.2723	0.2595	0.4661	0.2736	0.141	-0.160	0.335	50.14	0.408	0.445	448	470	-0.285532	0.074468	
A/spot-billed_duck/Ningxi	0.2755	0.2577	0.4661	0.2736	0.140	-0.164	0.333	50.26	0.406	0.443	448	470	-0.297447	0.074468	
A/Streptopelia_decaocto/J	0.2407	0.2778	0.5106	0.2440	0.152	-0.145	0.346	46.47	0.404	0.441	436	459	-0.325708	0.076253	
A/Streptopelia_decaocto/J	0.2434	0.2751	0.5166	0.2371	0.152	-0.147	0.344	46.70	0.397	0.441	436	459	-0.323747	0.076253	
A/Streptopelia_decaocto/J	0.2354	0.2831	0.4985	0.2534	0.149	-0.142	0.347	48.21	0.416	0.447	435	459	-0.348584	0.074074	
A/swan_goose/Jilin/JL01/2	0.2720	0.2746	0.4687	0.2690	0.149	-0.139	0.352	50.57	0.413	0.443	446	470	-0.344255	0.072340	
A/swan/China/ST/2016|EPI_	0.3830	0.2185	0.4076	0.2403	0.157	-0.148	0.338	52.12	0.356	0.435	447	470	-0.199149	0.095745	
A/swan/Hebei/B01/2021|EPI	0.3549	0.2435	0.3959	0.2573	0.157	-0.121	0.355	53.80	0.389	0.450	445	470	-0.204468	0.095745	
A/swan/Shandong/W3762/202	0.3705	0.2306	0.4123	0.2362	0.159	-0.131	0.350	51.07	0.363	0.437	446	470	-0.211064	0.095745	
A/swine/China/RZ/2018|EPI	0.2387	0.2865	0.5121	0.2388	0.158	-0.120	0.360	47.69	0.406	0.444	436	459	-0.321787	0.076253	
A/swine/Guangdong/1/2014|	0.2401	0.2797	0.5106	0.2440	0.153	-0.136	0.351	47.12	0.406	0.447	436	459	-0.328976	0.076253	
A/swine/Guangdong/2/2014|	0.2401	0.2797	0.5106	0.2440	0.153	-0.136	0.351	47.12	0.406	0.447	436	459	-0.328976	0.076253	
A/swine/Guangdong/G3/2015	0.2316	0.2842	0.5137	0.2491	0.151	-0.136	0.352	47.12	0.412	0.446	437	459	-0.361656	0.076253	
A/swine/Shandong/SD1/2014	0.4000	0.2481	0.3595	0.2483	0.181	-0.089	0.385	48.74	0.380	0.430	447	469	-0.263539	0.102345	
A/Syrrhaptes_paradoxus/Gu	0.2447	0.2763	0.5030	0.2552	0.146	-0.149	0.344	47.17	0.408	0.444	436	459	-0.345316	0.076253	
A/Taiwan/DV413/2006|EPI_I	0.3684	0.2682	0.3963	0.2249	0.162	-0.122	0.361	51.88	0.383	0.431	449	469	-0.309808	0.087420	
A/Taiwan/DV518/2006|EPI_I	0.3709	0.2657	0.3963	0.2241	0.163	-0.119	0.363	51.81	0.381	0.431	449	469	-0.320895	0.087420	
A/thrush/Taiwan/15120021/	0.3784	0.2607	0.4024	0.2160	0.169	-0.130	0.356	51.99	0.370	0.426	449	469	-0.285075	0.089552	
A/tiger/Yunnan/tig1404/20	0.3757	0.2434	0.3750	0.2671	0.173	-0.082	0.386	49.03	0.388	0.434	428	449	-0.217149	0.097996	
A/tiger/Yunnan/tig1412/20	0.3873	0.2334	0.3730	0.2681	0.169	-0.101	0.377	49.52	0.379	0.431	427	449	-0.241648	0.097996	
A/tiger/Yunnan/tig1508/20	0.3836	0.2275	0.3648	0.2852	0.156	-0.131	0.359	48.28	0.387	0.430	426	449	-0.239421	0.095768	
A/tundra_swan/Fujian/SD12	0.3776	0.2781	0.3100	0.2955	0.195	-0.036	0.413	52.99	0.438	0.448	445	469	-0.256503	0.104478	
A/tundra_swan/Hubei/BQ3/2	0.3601	0.2409	0.3971	0.2557	0.157	-0.120	0.355	53.41	0.384	0.445	445	470	-0.217872	0.093617	
A/tundra_swan/Hubei/BQ4/2	0.3601	0.2409	0.3971	0.2557	0.157	-0.120	0.355	53.41	0.384	0.445	445	470	-0.217872	0.093617	
A/tundra_swan/Hubei/BQ6/2	0.3575	0.2435	0.3982	0.2566	0.156	-0.121	0.355	53.27	0.387	0.444	445	470	-0.230638	0.093617	
A/tundra_swan/Hubei/BQ7/2	0.3575	0.2461	0.3941	0.2566	0.158	-0.117	0.357	53.45	0.389	0.445	445	470	-0.205745	0.093617	
A/tundra_swan/Hubei/BQ8/2	0.3618	0.2403	0.3971	0.2525	0.158	-0.118	0.357	53.39	0.382	0.445	445	470	-0.209574	0.093617	
A/tundra_swan/Hubei/BQ9/2	0.3575	0.2435	0.3971	0.2557	0.157	-0.121	0.355	52.86	0.387	0.445	445	470	-0.216170	0.093617	
A/turkey/Changhua/1601001	0.3889	0.2551	0.4012	0.2153	0.171	-0.133	0.354	51.46	0.363	0.424	449	469	-0.294456	0.087420	
A/turkey/Chiayi/17020092-	0.3740	0.2214	0.3942	0.2516	0.163	-0.129	0.350	51.77	0.370	0.442	449	470	-0.218724	0.093617	
A/turkey/Chiayi/18010013-	0.3769	0.2563	0.4024	0.2184	0.166	-0.142	0.347	50.64	0.369	0.426	450	469	-0.278678	0.085288	
A/turkey/Yunlin/15060049-	0.3829	0.2544	0.4030	0.2188	0.168	-0.135	0.352	51.32	0.365	0.424	449	469	-0.273134	0.087420	
A/turkey/Yunlin/18020020-	0.3794	0.2538	0.4054	0.2150	0.168	-0.139	0.349	50.39	0.364	0.424	450	469	-0.276972	0.085288	
A/turkey/Yunlin/18110001-	0.3910	0.2406	0.4024	0.2165	0.157	-0.176	0.327	49.41	0.354	0.421	449	469	-0.255864	0.083156	
A/turkey/Yunlin/18120005-	0.3860	0.2481	0.4066	0.2131	0.161	-0.159	0.338	49.98	0.358	0.423	450	469	-0.275906	0.087420	
A/turtle_dove/Guangdong/3	0.3889	0.2460	0.3778	0.2393	0.175	-0.092	0.383	48.95	0.376	0.434	426	449	-0.266370	0.100223	
A/turtle_dove/Hunan/S4004	0.4005	0.2175	0.3711	0.2688	0.164	-0.115	0.369	48.07	0.369	0.428	426	449	-0.237639	0.095768	
A/Waterfowl/Hubei/Chenhu1	0.2642	0.2850	0.4671	0.2690	0.152	-0.136	0.354	50.86	0.422	0.445	446	470	-0.343617	0.072340	
A/Waterfowl/Hubei/Chenhu1	0.2642	0.2850	0.4671	0.2690	0.152	-0.136	0.354	50.86	0.422	0.445	446	470	-0.343617	0.072340	
A/whiskered_tern/Hubei/BQ	0.3549	0.2461	0.3982	0.2566	0.158	-0.118	0.357	53.52	0.389	0.446	445	470	-0.221064	0.093617	
A/white_naped_crane/China	0.2480	0.2773	0.5076	0.2465	0.156	-0.129	0.356	45.79	0.402	0.439	435	459	-0.344662	0.078431	
A/White-eyed_Pochard/Ning	0.2421	0.2763	0.5167	0.2388	0.152	-0.139	0.349	46.73	0.399	0.442	436	459	-0.335294	0.076253	
A/whooper_swan/Henan/8/20	0.3862	0.2711	0.3119	0.2962	0.190	-0.049	0.408	51.01	0.430	0.445	444	469	-0.271215	0.104478	
A/whooper_swan/Henan/14/2	0.3862	0.2711	0.3119	0.2962	0.190	-0.049	0.408	51.01	0.430	0.445	444	469	-0.271215	0.104478	
A/whooper_swan/Henan/44/2	0.3862	0.2711	0.3119	0.2962	0.190	-0.049	0.408	51.01	0.430	0.445	444	469	-0.271215	0.104478	
A/whooper_swan/Henan/45/2	0.3862	0.2711	0.3119	0.2962	0.190	-0.049	0.408	51.01	0.430	0.445	444	469	-0.271215	0.104478	
A/whooper_swan/Henan/46/2	0.3862	0.2711	0.3119	0.2962	0.190	-0.049	0.408	51.01	0.430	0.445	444	469	-0.271215	0.104478	
A/whooper_swan/Henan/424/	0.3862	0.2711	0.3119	0.2951	0.191	-0.049	0.408	51.09	0.430	0.446	444	469	-0.282303	0.104478	
A/whooper_swan/Henan/SM1/	0.3575	0.2435	0.3959	0.2549	0.157	-0.121	0.355	53.42	0.387	0.446	445	470	-0.209574	0.093617	
A/whooper_swan/Henan/SM16	0.3566	0.2429	0.3971	0.2557	0.157	-0.121	0.355	53.04	0.387	0.445	445	470	-0.209574	0.093617	
A/whooper_swan/Henan/SM31	0.3592	0.2403	0.3971	0.2557	0.156	-0.125	0.353	53.20	0.384	0.445	445	470	-0.209574	0.093617	
A/whooper_swan/Henan/SM61	0.3610	0.2416	0.3982	0.2533	0.157	-0.124	0.354	52.77	0.383	0.443	444	470	-0.210638	0.093617	
A/whooper_swan/Henan/SM76	0.3575	0.2435	0.3959	0.2549	0.157	-0.121	0.355	53.46	0.387	0.447	445	470	-0.208723	0.093617	
A/whooper_swan/Henan/SM86	0.3575	0.2409	0.4029	0.2525	0.158	-0.121	0.355	53.06	0.382	0.444	445	470	-0.216170	0.093617	
A/whooper_swan/Henan/SM11	0.3566	0.2429	0.3959	0.2549	0.159	-0.115	0.360	53.43	0.387	0.447	445	470	-0.195745	0.093617	
A/whooper_swan/Henan/SMQ5	0.3575	0.2435	0.3971	0.2557	0.157	-0.121	0.355	53.41	0.387	0.445	445	470	-0.216170	0.093617	
A/whooper_swan/Henan/SMQ7	0.3575	0.2435	0.3959	0.2549	0.157	-0.121	0.355	53.46	0.387	0.447	445	470	-0.208723	0.093617	
A/whooper_swan/Henan/SMQ9	0.3575	0.2435	0.3971	0.2557	0.157	-0.121	0.355	53.32	0.387	0.445	445	470	-0.217021	0.093617	
A/whooper_swan/Henan/SMQ1	0.3575	0.2435	0.4000	0.2525	0.157	-0.117	0.357	53.22	0.384	0.445	445	470	-0.216170	0.093617	
A/whooper_swan/Henan/SMX1	0.3807	0.2466	0.3522	0.2832	0.173	-0.098	0.379	49.25	0.402	0.439	425	449	-0.247661	0.097996	
A/whooper_swan/Henan/SMX3	0.3807	0.2466	0.3522	0.2832	0.173	-0.098	0.379	49.25	0.402	0.439	425	449	-0.247661	0.097996	
A/whooper_swan/Henan/SMX4	0.3807	0.2466	0.3522	0.2832	0.173	-0.098	0.379	49.25	0.402	0.439	425	449	-0.247661	0.097996	
A/whooper_swan/Henan/SMX9	0.3807	0.2466	0.3522	0.2832	0.173	-0.098	0.379	49.25	0.402	0.439	425	449	-0.247661	0.097996	
A/whooper_swan/Henan/T578	0.3744	0.2563	0.4152	0.2076	0.161	-0.139	0.350	50.48	0.362	0.428	448	469	-0.281876	0.087420	
A/whooper_swan/Henan/T874	0.3744	0.2563	0.4152	0.2076	0.161	-0.139	0.350	50.48	0.362	0.428	448	469	-0.281876	0.087420	
A/whooper_swan/Henan/T880	0.3744	0.2563	0.4152	0.2076	0.161	-0.139	0.350	50.48	0.362	0.428	448	469	-0.281876	0.087420	
A/whooper_swan/Henan/T886	0.3744	0.2563	0.4152	0.2076	0.161	-0.139	0.350	50.48	0.362	0.428	448	469	-0.281876	0.087420	
A/whooper_swan/Henan/T888	0.3744	0.2563	0.4152	0.2076	0.161	-0.139	0.350	50.48	0.362	0.428	448	469	-0.281876	0.087420	
A/whooper_swan/Henan/Y120	0.3734	0.2556	0.4182	0.2042	0.159	-0.142	0.348	50.46	0.359	0.428	448	469	-0.283156	0.087420	
A/whooper_swan/Inner_Mong	0.3601	0.2409	0.3971	0.2557	0.157	-0.125	0.353	53.31	0.384	0.445	445	470	-0.216170	0.093617	
A/Whooper_Swan/Sanmenxia/	0.3830	0.2185	0.4047	0.2435	0.158	-0.144	0.340	52.09	0.358	0.437	447	470	-0.199149	0.095745	
A/Whooper_swan/Sanmenxia/	0.3557	0.2423	0.3971	0.2557	0.155	-0.121	0.355	53.13	0.387	0.448	445	470	-0.210000	0.093617	
A/Whooper_swan/Sanmenxia/	0.3643	0.2377	0.4059	0.2426	0.156	-0.125	0.353	53.17	0.373	0.442	445	470	-0.204681	0.095745	
A/Whooper_swan/Sanmenxia/	0.3566	0.2429	0.3971	0.2557	0.156	-0.121	0.355	53.27	0.387	0.446	445	470	-0.209575	0.093617	
A/Whooper_swan/Sanmenxia/	0.3643	0.2377	0.4059	0.2426	0.156	-0.125	0.353	53.17	0.373	0.442	445	470	-0.204681	0.095745	
A/Whooper_swan/Sanmenxia/	0.3566	0.2429	0.3941	0.2590	0.157	-0.121	0.355	53.30	0.389	0.448	445	470	-0.208723	0.093617	
A/Whooper_swan/Sanmenxia/	0.3557	0.2423	0.3971	0.2557	0.155	-0.121	0.355	53.13	0.387	0.448	445	470	-0.210000	0.093617	
A/Whooper_swan/Sanmenxia/	0.3618	0.2377	0.3971	0.2557	0.154	-0.129	0.351	53.15	0.382	0.445	445	470	-0.208723	0.093617	
A/Whooper_swan/Sanmenxia/	0.3566	0.2429	0.3971	0.2557	0.157	-0.121	0.355	53.36	0.387	0.447	445	470	-0.208723	0.093617	
A/Whooper_swan/Sanmenxia/	0.3566	0.2429	0.3971	0.2557	0.157	-0.121	0.355	53.36	0.387	0.447	445	470	-0.208723	0.093617	
A/Whooper_swan/Sanmenxia/	0.3566	0.2429	0.4000	0.2525	0.155	-0.125	0.353	53.46	0.384	0.446	445	470	-0.208723	0.093617	
A/Whooper_swan/Sanmenxia/	0.3566	0.2429	0.3971	0.2557	0.156	-0.121	0.355	53.27	0.387	0.446	445	470	-0.209575	0.093617	
A/Whooper_swan/Sanmenxia/	0.3557	0.2423	0.3971	0.2557	0.155	-0.121	0.355	53.13	0.387	0.448	445	470	-0.210000	0.093617	
A/Whooper_swan/Sanmenxia/	0.3566	0.2429	0.4000	0.2525	0.157	-0.121	0.355	53.36	0.384	0.446	445	470	-0.208723	0.093617	
A/Whooper_swan/Sanmenxia/	0.3566	0.2429	0.3971	0.2557	0.157	-0.121	0.355	53.32	0.387	0.448	445	470	-0.212766	0.091489	
A/Whooper_swan/Sanmenxia/	0.3566	0.2429	0.3971	0.2557	0.157	-0.121	0.355	53.36	0.387	0.447	445	470	-0.208723	0.093617	
A/Whooper_swan/Sanmenxia/	0.3557	0.2423	0.3971	0.2557	0.156	-0.121	0.355	53.23	0.387	0.448	445	470	-0.202128	0.093617	
A/Whooper_swan/Sanmenxia/	0.3566	0.2429	0.4000	0.2525	0.157	-0.121	0.355	53.36	0.384	0.446	445	470	-0.208723	0.093617	
A/Whooper_swan/Sanmenxia/	0.3557	0.2423	0.3971	0.2557	0.156	-0.121	0.355	53.23	0.387	0.448	445	470	-0.202128	0.093617	
A/Whooper_swan/Sanmenxia/	0.3540	0.2455	0.3971	0.2566	0.156	-0.114	0.360	53.47	0.389	0.446	445	470	-0.213404	0.093617	
A/Whooper_swan/Sanmenxia/	0.3557	0.2423	0.3971	0.2557	0.156	-0.121	0.355	53.23	0.387	0.448	445	470	-0.202128	0.093617	
A/Whooper_swan/Sanmenxia/	0.3566	0.2429	0.3971	0.2557	0.156	-0.121	0.355	53.27	0.387	0.446	445	470	-0.209575	0.093617	
A/Whooper_swan/Sanmenxia/	0.3540	0.2455	0.3941	0.2590	0.155	-0.118	0.357	53.12	0.391	0.449	445	470	-0.203404	0.093617	
A/Whooper_swan/Sanmenxia/	0.3566	0.2429	0.3959	0.2549	0.156	-0.121	0.355	53.37	0.387	0.448	445	470	-0.202128	0.093617	
A/whooper_swan/Shaanxi/SX	0.3584	0.2442	0.3971	0.2549	0.159	-0.118	0.357	53.31	0.387	0.445	445	470	-0.234894	0.093617	
A/whooper_swan/Shaanxi/SX	0.3575	0.2435	0.3959	0.2549	0.158	-0.119	0.357	53.43	0.387	0.445	445	470	-0.208511	0.093617	
A/whooper_swan/Shaanxi/SX	0.3575	0.2435	0.3947	0.2541	0.158	-0.118	0.357	53.50	0.387	0.447	445	470	-0.202979	0.093617	
A/whooper_swan/Shandong/S	0.3566	0.2403	0.4000	0.2557	0.156	-0.125	0.353	53.30	0.384	0.446	445	470	-0.208723	0.093617	
A/whooper_swan/Shandong/S	0.3566	0.2403	0.4000	0.2557	0.156	-0.125	0.353	53.30	0.384	0.446	445	470	-0.208723	0.093617	
A/whooper_swan/Shandong/S	0.3566	0.2403	0.4000	0.2557	0.156	-0.125	0.353	53.30	0.384	0.446	445	470	-0.208723	0.093617	
A/whooper_swan/Shandong/S	0.3711	0.2320	0.4052	0.2395	0.162	-0.124	0.353	51.32	0.367	0.438	447	470	-0.196170	0.093617	
A/whooper_swan/Shandong/S	0.3566	0.2429	0.4000	0.2525	0.157	-0.118	0.357	53.20	0.384	0.446	445	470	-0.208723	0.093617	
A/whooper_swan/Shandong/S	0.3566	0.2429	0.3971	0.2557	0.156	-0.123	0.355	53.47	0.387	0.446	445	470	-0.207021	0.093617	
A/whooper_swan/Shandong/S	0.3540	0.2429	0.4000	0.2557	0.156	-0.121	0.355	53.48	0.387	0.447	445	470	-0.208511	0.093617	
A/whooper_swan/Shanxi/4-1	0.3566	0.2429	0.4000	0.2525	0.157	-0.121	0.355	53.36	0.384	0.446	445	470	-0.208723	0.093617	
A/whooper_swan/Shanxi/4-2	0.3575	0.2435	0.4000	0.2525	0.158	-0.121	0.355	53.44	0.384	0.445	445	470	-0.215319	0.093617	
A/whooper_swan/Shanxi/14/	0.3862	0.2711	0.3119	0.2962	0.190	-0.049	0.408	51.01	0.430	0.445	444	469	-0.271215	0.104478	
A/whooper_swan/Shanxi/20/	0.3887	0.2685	0.3119	0.2962	0.190	-0.049	0.408	50.97	0.428	0.444	444	469	-0.271215	0.104478	
A/whooper_swan/Shanxi/RC0	0.3830	0.2185	0.4000	0.2468	0.158	-0.142	0.341	51.92	0.361	0.439	446	470	-0.205958	0.095745	
A/whooper_swan/Shanxi/SX1	0.3575	0.2435	0.3971	0.2557	0.157	-0.121	0.355	53.41	0.387	0.445	445	470	-0.216170	0.093617	
A/whooper_swan/Shanxi/SX3	0.3601	0.2409	0.3971	0.2566	0.157	-0.130	0.351	53.01	0.384	0.443	445	470	-0.215532	0.093617	
A/whooper_swan/Shanxi/SX5	0.3601	0.2409	0.3971	0.2557	0.158	-0.118	0.357	53.41	0.384	0.445	445	470	-0.216170	0.093617	
A/whooper_swan/Shanxi/SX1	0.3575	0.2435	0.3982	0.2566	0.158	-0.121	0.355	53.43	0.387	0.445	445	470	-0.208511	0.095745	
A/whooper_swan/Shanxi/SX1	0.3835	0.2406	0.4195	0.2160	0.161	-0.152	0.343	51.10	0.352	0.424	449	469	-0.279318	0.087420	
A/whooper_swan/Shanxi/SX1	0.3584	0.2442	0.3982	0.2533	0.158	-0.120	0.356	53.12	0.385	0.445	444	470	-0.210638	0.093617	
A/whooper_swan/Shanxi/SX2	0.3610	0.2416	0.3982	0.2533	0.157	-0.124	0.354	52.77	0.383	0.443	444	470	-0.210638	0.093617	
A/whooper_swan/Shanxi/SX2	0.3584	0.2442	0.3982	0.2533	0.158	-0.120	0.356	53.12	0.385	0.445	444	470	-0.210638	0.093617	
A/whooper_swan/Shanxi/SX2	0.3584	0.2442	0.3982	0.2533	0.158	-0.120	0.356	53.12	0.385	0.445	444	470	-0.210638	0.093617	
A/whooper_swan/Shanxi/SX2	0.3549	0.2461	0.3971	0.2566	0.157	-0.114	0.360	53.52	0.389	0.445	445	470	-0.220851	0.093617	
A/whooper_swan/Shanxi/SX2	0.3549	0.2461	0.3971	0.2566	0.157	-0.114	0.360	53.52	0.389	0.445	445	470	-0.220851	0.093617	
A/whooper_swan/Shanxi/SX2	0.3584	0.2442	0.3982	0.2533	0.157	-0.120	0.356	52.95	0.385	0.445	444	470	-0.210851	0.093617	
A/whooper_swan/Shanxi/SX3	0.3575	0.2435	0.3971	0.2557	0.158	-0.121	0.355	53.15	0.387	0.445	445	470	-0.216170	0.093617	
A/Wigeon/Ningxia/476-12/2	0.2421	0.2763	0.5167	0.2388	0.151	-0.139	0.349	46.86	0.399	0.442	436	459	-0.335294	0.076253	
A/wild_bird/Eastern_China	0.3224	0.2922	0.4308	0.2384	0.158	-0.105	0.373	55.72	0.406	0.433	451	469	-0.308316	0.091684	
A/wild_bird/Eastern_China	0.3182	0.2980	0.4308	0.2376	0.161	-0.094	0.379	55.77	0.410	0.434	451	469	-0.326226	0.091684	
A/wild_bird/Eastern_China	0.3199	0.2947	0.4308	0.2384	0.158	-0.101	0.375	55.72	0.408	0.434	451	469	-0.308316	0.091684	
A/wild_bird/Hubei/12.12_L	0.3872	0.2128	0.4088	0.2395	0.160	-0.148	0.338	52.09	0.351	0.435	447	470	-0.210000	0.095745	
A/wild_bird/Hunan/01.14_Y	0.2387	0.2812	0.5182	0.2371	0.154	-0.142	0.349	46.23	0.401	0.444	436	459	-0.357516	0.076253	
A/wild_bird/Hunan/01.14_Y	0.2361	0.2865	0.5061	0.2483	0.158	-0.122	0.360	47.16	0.413	0.448	436	459	-0.337255	0.076253	
A/wild_bird/Hunan/02.24_Y	0.2361	0.2865	0.5091	0.2457	0.157	-0.120	0.360	47.05	0.411	0.446	436	459	-0.334858	0.076253	
A/wild_bird/Hunan/02.24_Y	0.2361	0.2865	0.5091	0.2457	0.156	-0.120	0.360	47.04	0.411	0.445	436	459	-0.334858	0.076253	
A/wild_bird/Hunan/03.08_D	0.2361	0.2865	0.5091	0.2457	0.157	-0.120	0.360	47.05	0.411	0.446	436	459	-0.334858	0.076253	
A/wild_bird/Taipei/04WB12	0.2481	0.2894	0.4716	0.2736	0.148	-0.184	0.324	49.24	0.432	0.451	447	470	-0.316170	0.074468	
A/wild_bird/Zhejiang/NBXS	0.2520	0.2865	0.5000	0.2321	0.162	-0.116	0.365	48.42	0.404	0.444	436	459	-0.362745	0.076253	
A/wild_duck/Fujian/1/2011	0.3899	0.2334	0.3648	0.2734	0.169	-0.116	0.368	47.90	0.384	0.434	427	449	-0.248552	0.095768	
A/wild_duck/Fujian/2/2011	0.3910	0.2314	0.3699	0.2688	0.170	-0.107	0.372	48.06	0.379	0.432	427	449	-0.248552	0.095768	
A/wild_duck/Hebei/SD012/2	0.3766	0.2748	0.3191	0.2951	0.192	-0.042	0.410	52.80	0.433	0.443	446	469	-0.242217	0.104478	
A/wild_duck/Hunan/12.28_D	0.3098	0.2897	0.4307	0.2288	0.168	-0.104	0.372	49.24	0.407	0.437	454	471	-0.340764	0.080679	
A/wild_duck/Jiangsu/SD019	0.3540	0.2455	0.3971	0.2557	0.156	-0.125	0.353	53.54	0.389	0.448	445	470	-0.203404	0.093617	
A/wild_duck/Jilin/HF/2011	0.3813	0.2373	0.3829	0.2590	0.169	-0.089	0.384	49.29	0.379	0.433	425	449	-0.255011	0.097996	
A/wild_duck/Jilin/ZF/2011	0.3947	0.2267	0.3810	0.2609	0.168	-0.111	0.372	50.09	0.369	0.430	425	449	-0.252339	0.100223	
A/wild_duck/Shandong/1/20	0.3813	0.2533	0.3551	0.2613	0.186	-0.057	0.400	49.43	0.398	0.445	427	449	-0.234744	0.097996	
A/wild_duck/Shandong/2/20	0.3920	0.2267	0.3774	0.2607	0.164	-0.104	0.374	48.76	0.372	0.432	425	449	-0.240535	0.097996	
A/wild_duck/Shandong/628/	0.3920	0.2400	0.3766	0.2464	0.175	-0.098	0.379	49.20	0.374	0.431	425	449	-0.274165	0.097996	
A/wild_duck/Shandong/SC17	0.3566	0.2403	0.4000	0.2557	0.156	-0.125	0.353	53.30	0.384	0.446	445	470	-0.208723	0.093617	
A/wild_goose/Shandong/SC1	0.3566	0.2429	0.3971	0.2557	0.157	-0.121	0.355	53.36	0.387	0.447	445	470	-0.208723	0.093617	
A/wild_pigeon/Jilin/CC01/	0.2350	0.2820	0.5122	0.2456	0.146	-0.137	0.349	47.17	0.408	0.446	436	459	-0.299129	0.076253	
A/wildfowl/China/472/2014	0.3709	0.2531	0.3769	0.2475	0.165	-0.125	0.359	50.56	0.388	0.436	449	469	-0.269083	0.076759	
A/Xinjiang/1/2006|EPI_ISL	0.3899	0.2493	0.3625	0.2421	0.181	-0.089	0.383	50.67	0.383	0.438	426	449	-0.238975	0.100223	
A/Xinjiang/1/2009|EPI_ISL	0.3824	0.2460	0.4138	0.2085	0.171	-0.095	0.380	48.71	0.354	0.428	426	449	-0.252116	0.097996	
A/Yunnan/14563/2015|EPI_I	0.2387	0.2838	0.5122	0.2474	0.150	-0.152	0.342	46.81	0.408	0.442	436	459	-0.338780	0.076253	
A/Yunnan/DQ002/2015(H5N6)	0.2440	0.2785	0.5091	0.2465	0.150	-0.151	0.343	47.21	0.405	0.443	435	459	-0.339869	0.076253	
A/Zhejiang/1/2006|EPI_ISL	0.3899	0.2414	0.3880	0.2313	0.171	-0.102	0.376	47.79	0.366	0.431	426	449	-0.259020	0.097996	
A/Anas_platyrhynchos/jiuj	0.3827	0.2704	0.3212	0.2837	0.189	-0.049	0.408	53.18	0.423	0.443	444	469	-0.273774	0.102345	
A/Anas_crecca/Hubei/Chenh	0.2603	0.2861	0.4657	0.2715	0.151	-0.127	0.358	50.25	0.425	0.448	447	470	-0.340851	0.072340	
A/Anhui/1/2006_H5N1|GCA_0	0.3884	0.2507	0.3766	0.2286	0.180	-0.103	0.374	50.66	0.376	0.439	412	435	-0.278391	0.101149	
A/Anhui/1/2007_H5N1|GCA_0	0.3910	0.2447	0.3762	0.2367	0.180	-0.081	0.387	47.79	0.373	0.434	426	449	-0.243653	0.100223	
A/Anhui/2/2005_H5N1|GCA_0	0.3910	0.2447	0.3785	0.2376	0.177	-0.089	0.383	48.37	0.373	0.433	426	449	-0.261025	0.097996	
A/Anser_cygnoides/China/P	0.3773	0.2401	0.3719	0.2708	0.172	-0.083	0.386	50.20	0.388	0.434	428	449	-0.217372	0.097996	
A/Anser_cygnoides/Hubei/F	0.3882	0.2134	0.4118	0.2362	0.160	-0.148	0.338	52.04	0.349	0.434	447	470	-0.216809	0.095745	
A/Anser_fabalis/jiujiang/	0.3836	0.2685	0.3201	0.2907	0.192	-0.041	0.412	52.40	0.426	0.443	444	469	-0.271855	0.104478	
A/Anser_fabalis/jiujiang/	0.3827	0.2704	0.3212	0.2837	0.189	-0.049	0.408	53.18	0.423	0.443	444	469	-0.273774	0.102345	
A/Anser_fabalis/jiujiang/	0.3827	0.2704	0.3212	0.2837	0.189	-0.049	0.408	53.18	0.423	0.443	444	469	-0.273774	0.102345	
A/Bulbul/Taiwan/01156/201	0.3333	0.2828	0.4198	0.2473	0.165	-0.099	0.376	54.92	0.404	0.436	450	469	-0.313433	0.091684	
A/Changsha/1/2014_H5N6|GC	0.2348	0.2850	0.5167	0.2379	0.153	-0.145	0.346	46.35	0.406	0.445	436	459	-0.345534	0.076253	
A/China/Original/2018_H5N	0.2420	0.2872	0.5121	0.2345	0.161	-0.115	0.365	47.55	0.404	0.443	436	459	-0.333551	0.076253	
A/Chlidonias_hybrida/Hube	0.3566	0.2429	0.3971	0.2557	0.157	-0.121	0.355	53.36	0.387	0.447	445	470	-0.208723	0.093617	
A/Commom_Teal/Ningxia/474	0.2415	0.2756	0.5121	0.2457	0.153	-0.128	0.355	47.04	0.403	0.442	437	459	-0.329630	0.076253	
A/Copsychus_saularis/Guan	0.2348	0.2823	0.5107	0.2544	0.148	-0.155	0.339	46.77	0.413	0.444	436	459	-0.340741	0.076253	
A/Cygnus_atratus/Hubei/2Z	0.3821	0.2179	0.4076	0.2395	0.157	-0.144	0.340	52.33	0.356	0.437	447	470	-0.192979	0.095745	
A/Cygnus_atratus/Hubei/HF	0.3821	0.2179	0.4076	0.2395	0.157	-0.144	0.340	52.33	0.356	0.437	447	470	-0.192979	0.095745	
A/Cygnus_columbianus/Hube	0.3566	0.2429	0.3971	0.2557	0.157	-0.121	0.355	52.81	0.387	0.446	445	470	-0.208723	0.093617	
A/Cygnus_columbianus/Hube	0.3566	0.2429	0.3982	0.2566	0.156	-0.121	0.355	53.37	0.387	0.446	445	470	-0.214468	0.093617	
A/Cygnus_columbianus/Hube	0.3592	0.2403	0.3971	0.2557	0.156	-0.120	0.355	53.36	0.384	0.447	445	470	-0.210426	0.093617	
A/Cygnus_columbianus/Hube	0.3566	0.2429	0.3971	0.2557	0.157	-0.121	0.355	53.36	0.387	0.447	445	470	-0.208723	0.093617	
A/Cygnus_columbianus/Hube	0.3566	0.2455	0.3941	0.2566	0.157	-0.117	0.357	53.40	0.389	0.446	445	470	-0.198298	0.093617	
A/Cygnus_columbianus/Hube	0.3608	0.2397	0.3971	0.2525	0.157	-0.118	0.357	53.35	0.382	0.446	445	470	-0.202128	0.093617	
A/Cygnus_columbianus/Hube	0.3540	0.2455	0.3982	0.2566	0.157	-0.118	0.357	53.43	0.389	0.447	445	470	-0.214468	0.093617	
A/Duck/Dongting/D76-1/201	0.3098	0.2897	0.4307	0.2288	0.169	-0.103	0.372	49.14	0.407	0.436	454	471	-0.330998	0.080679	
A/Duck/Jiangxi/631/2024_H	0.3887	0.2660	0.3161	0.2907	0.188	-0.049	0.408	51.77	0.423	0.443	444	469	-0.266311	0.104478	
A/Falcated_Duck/Ningxia/4	0.2421	0.2763	0.5167	0.2388	0.152	-0.139	0.349	46.73	0.399	0.442	436	459	-0.335294	0.076253	
A/Ferruginous_Pochard/Nin	0.2421	0.2763	0.5167	0.2388	0.152	-0.139	0.349	46.73	0.399	0.442	436	459	-0.335294	0.076253	
A/Gadwall/Ningxia/472-7/2	0.2421	0.2763	0.5137	0.2422	0.151	-0.139	0.349	47.17	0.401	0.443	436	459	-0.335294	0.076253	
A/Gallinula_chloropus/Gua	0.2375	0.2823	0.5107	0.2517	0.150	-0.143	0.346	46.92	0.411	0.443	436	459	-0.340087	0.076253	
A/Guangdong/1/2008_H5N1|G	0.3926	0.2440	0.3849	0.2313	0.176	-0.094	0.379	48.91	0.368	0.430	427	449	-0.270824	0.095768	
A/Guangdong/2/2006_H5N1|G	0.3910	0.2314	0.3892	0.2437	0.175	-0.105	0.374	48.96	0.365	0.431	425	449	-0.252561	0.097996	
A/Guangdong/lgf/2021_H5N6	0.2420	0.2872	0.5167	0.2295	0.167	-0.111	0.367	47.61	0.401	0.444	436	459	-0.352070	0.076253	
A/Guangxi/1/2005_H5N1|GCA	0.3936	0.2394	0.3924	0.2286	0.174	-0.103	0.376	48.16	0.362	0.428	426	449	-0.262806	0.097996	
A/Guangxi/1/2008_H5N1|GCA	0.3893	0.2560	0.3668	0.2384	0.185	-0.077	0.390	50.26	0.383	0.435	426	449	-0.235412	0.097996	
A/Guangzhou/39715/2014_H5	0.2427	0.2770	0.5076	0.2483	0.150	-0.138	0.351	47.14	0.406	0.445	436	459	-0.368845	0.076253	
A/Guizhou/1/2009_H5N1|GCA	0.3793	0.2493	0.3912	0.2305	0.175	-0.077	0.390	50.63	0.373	0.436	426	449	-0.279733	0.097996	
A/Hunan/1/2008_H5N1|GCA_0	0.3867	0.2507	0.3742	0.2351	0.185	-0.085	0.384	49.80	0.379	0.437	425	449	-0.245880	0.097996	
A/Hunan/2/2009_H5N1|GCA_0	0.3793	0.2467	0.3912	0.2349	0.173	-0.089	0.383	50.44	0.373	0.434	426	449	-0.268152	0.097996	
A/Japanese_white-eye/Taoy	0.3883	0.2367	0.3762	0.2590	0.171	-0.100	0.377	48.21	0.377	0.431	427	449	-0.230512	0.097996	
A/Nanjing/1/2015_H5N1|GCA	0.3883	0.2287	0.3628	0.2806	0.163	-0.118	0.367	48.19	0.386	0.432	425	449	-0.237416	0.095768	
A/Northern_Shoveler/Ningx	0.2415	0.2756	0.5091	0.2491	0.153	-0.128	0.355	47.04	0.405	0.442	437	459	-0.325054	0.076253	
A/Pavo_cristatus/China/JS	0.2480	0.2773	0.5076	0.2465	0.156	-0.129	0.356	45.79	0.402	0.439	435	459	-0.344662	0.078431	
A/Pavo_cristatus/China/K1	0.2480	0.2773	0.5076	0.2465	0.156	-0.129	0.356	45.79	0.402	0.439	435	459	-0.344662	0.078431	
A/Pavo_cristatus/Jiangxi/	0.2381	0.2857	0.5000	0.2526	0.156	-0.125	0.358	47.72	0.415	0.448	436	459	-0.324401	0.076253	
A/Rattus_norvegicus/China	0.2407	0.2778	0.5091	0.2491	0.150	-0.145	0.346	46.61	0.406	0.444	436	459	-0.335076	0.074074	
A/Shandong/1/2009_H5N1|GC	0.3979	0.2361	0.3861	0.2340	0.176	-0.099	0.377	48.56	0.363	0.430	427	449	-0.286192	0.097996	
A/Spatula_querquedula/cho	0.3836	0.2737	0.3089	0.2997	0.192	-0.045	0.410	51.09	0.435	0.446	444	469	-0.272068	0.104478	
A/Syrrhaptes_paradoxus/Gu	0.2447	0.2763	0.5030	0.2552	0.146	-0.149	0.344	47.17	0.408	0.444	436	459	-0.345316	0.076253	
A/Taiwan/DV413/2006_H5N2|	0.3684	0.2682	0.3963	0.2249	0.162	-0.122	0.361	51.88	0.383	0.431	449	469	-0.309808	0.087420	
A/Taiwan/DV518/2006_H5N2|	0.3709	0.2657	0.3963	0.2241	0.163	-0.119	0.363	51.81	0.381	0.431	449	469	-0.320895	0.087420	
A/Whooper_Swan/Sanmenxia/	0.3830	0.2185	0.4047	0.2435	0.158	-0.144	0.340	52.09	0.358	0.437	447	470	-0.199149	0.095745	
A/Wild_bird/Huadong/CIXI2	0.3566	0.2429	0.3971	0.2557	0.157	-0.121	0.355	53.36	0.387	0.447	445	470	-0.208723	0.093617	
A/Wild_bird/Huadong/CM120	0.3850	0.2353	0.3628	0.2770	0.164	-0.114	0.370	48.32	0.389	0.434	424	449	-0.247216	0.095768	
A/Wild_bird/Huadong/DF10/	0.2559	0.2718	0.4954	0.2535	0.151	-0.141	0.349	47.45	0.404	0.444	436	459	-0.352506	0.076253	
A/Wild_bird/Huadong/DT10/	0.3743	0.2487	0.3738	0.2624	0.176	-0.103	0.375	49.58	0.391	0.436	427	449	-0.224722	0.097996	
A/Wild_bird/Huadong/GY116	0.2559	0.2718	0.4954	0.2535	0.151	-0.141	0.349	47.45	0.404	0.444	436	459	-0.352506	0.076253	
A/Wild_bird/Huadong/GY183	0.2394	0.2846	0.5076	0.2422	0.158	-0.107	0.369	46.30	0.408	0.446	434	459	-0.342919	0.076253	
A/Wild_bird/Huadong/GY999	0.2255	0.2997	0.4985	0.2474	0.159	-0.108	0.368	48.29	0.425	0.452	435	458	-0.323799	0.076419	
A/Wild_bird/Huadong/JYWB4	0.3787	0.2427	0.3656	0.2760	0.170	-0.107	0.372	48.96	0.393	0.434	427	449	-0.226058	0.097996	
A/Wild_bird/Huadong/QP10/	0.2453	0.2853	0.5091	0.2363	0.161	-0.126	0.358	47.14	0.404	0.445	436	459	-0.368628	0.076253	
A/Wild_bird/Huadong/SH17/	0.2579	0.2711	0.4939	0.2535	0.151	-0.142	0.348	47.49	0.403	0.443	437	459	-0.346841	0.076253	
A/Wild_bird/Huadong/SSW7/	0.2255	0.3024	0.5015	0.2465	0.161	-0.104	0.370	47.58	0.425	0.450	435	458	-0.315284	0.076419	
A/Wild_bird/Huadong/SZ111	0.2500	0.2872	0.4985	0.2371	0.162	-0.121	0.360	47.69	0.406	0.445	436	459	-0.346187	0.076253	
A/Wild_bird/Huadong/YC148	0.2281	0.2997	0.5015	0.2465	0.160	-0.108	0.368	47.68	0.423	0.449	435	458	-0.315284	0.076419	
A/Wild_bird/Huadong/YX68/	0.2559	0.2718	0.4954	0.2535	0.151	-0.141	0.349	47.45	0.404	0.444	436	459	-0.352506	0.076253	
A/Xinjiang/1/2009_H5N1|GC	0.3824	0.2460	0.4138	0.2085	0.171	-0.095	0.380	48.71	0.354	0.428	426	449	-0.252116	0.097996	
A/Yangzhou/125/2022_H5N6|	0.2395	0.2816	0.4759	0.2784	0.145	-0.134	0.350	46.97	0.430	0.452	437	459	-0.339869	0.074074	
A/avian/Hong_Kong/0719/20	0.3797	0.2594	0.3699	0.2438	0.180	-0.094	0.380	50.00	0.390	0.438	426	449	-0.254343	0.097996	
A/avian/Hong_Kong/1993/20	0.3797	0.2594	0.3699	0.2438	0.180	-0.094	0.380	50.00	0.390	0.438	426	449	-0.254343	0.097996	
A/avian/Hong_Kong/2372/20	0.3824	0.2567	0.3699	0.2438	0.180	-0.098	0.378	50.00	0.387	0.437	426	449	-0.254343	0.097996	
A/baikal_teal/Xianghai/42	0.3869	0.2513	0.3909	0.2276	0.164	-0.148	0.345	51.50	0.370	0.427	449	469	-0.293390	0.087420	
A/bar-headed_goose/Qingha	0.3856	0.2527	0.3614	0.2456	0.178	-0.099	0.378	50.86	0.387	0.440	426	449	-0.248552	0.100223	
A/bar-headed_goose/Tibet/	0.3910	0.2473	0.3645	0.2413	0.179	-0.098	0.378	49.48	0.380	0.438	426	449	-0.238975	0.100223	
A/black_chicken/Jiangxi/1	0.2682	0.2812	0.4611	0.2768	0.150	-0.136	0.355	50.84	0.422	0.444	445	470	-0.348723	0.072340	
A/brown-headed_gull/Qingh	0.3936	0.2234	0.3817	0.2571	0.168	-0.106	0.374	48.83	0.367	0.431	425	449	-0.261470	0.097996	
A/brown-headed_gull/Qingh	0.3963	0.2207	0.3817	0.2581	0.165	-0.118	0.367	48.32	0.365	0.430	425	449	-0.251225	0.095768	
A/canvasback/Xianghai/428	0.3794	0.2588	0.3970	0.2207	0.168	-0.132	0.354	51.62	0.372	0.428	449	469	-0.293390	0.087420	
A/cat/Sichuan/SC18/2014_H	0.2663	0.2846	0.4554	0.2808	0.152	-0.116	0.365	51.52	0.428	0.446	446	470	-0.370638	0.072340	
A/cat/Zhejiang/C1/2016_H5	0.2368	0.2816	0.5168	0.2456	0.147	-0.155	0.339	46.79	0.406	0.442	436	459	-0.317865	0.076253	
A/cat/Zhejiang/C2/2016_H5	0.2467	0.2703	0.5121	0.2465	0.148	-0.155	0.339	46.63	0.398	0.442	437	459	-0.304139	0.076253	
A/chicken/Anhui/MZ33/2016	0.2356	0.2827	0.5045	0.2500	0.148	-0.143	0.346	47.44	0.412	0.445	437	459	-0.279303	0.076253	
A/chicken/Anhui/MZ34/2016	0.2336	0.2835	0.5045	0.2483	0.148	-0.139	0.348	47.25	0.412	0.447	437	459	-0.273420	0.076253	
A/chicken/Beijing/BJ7/201	0.3773	0.2558	0.3933	0.2361	0.171	-0.080	0.385	51.55	0.378	0.427	442	466	-0.290773	0.085837	
A/chicken/CH/a556/2015_H5	0.3727	0.2861	0.3929	0.2030	0.170	-0.134	0.357	54.17	0.383	0.428	426	449	-0.298441	0.086860	
A/chicken/Changhua/150101	0.3804	0.2544	0.4079	0.2138	0.166	-0.140	0.350	51.03	0.363	0.424	449	469	-0.278678	0.087420	
A/chicken/Changhua/150102	0.3804	0.2544	0.4079	0.2138	0.166	-0.140	0.350	51.03	0.363	0.424	449	469	-0.278678	0.087420	
A/chicken/Changhua/150103	0.3804	0.2544	0.4091	0.2145	0.166	-0.140	0.350	51.01	0.363	0.424	449	469	-0.284435	0.087420	
A/chicken/Changhua/150103	0.3794	0.2563	0.4030	0.2188	0.165	-0.139	0.350	51.26	0.367	0.426	449	469	-0.279744	0.087420	
A/chicken/Changhua/150103	0.3794	0.2563	0.4030	0.2180	0.165	-0.140	0.350	51.52	0.367	0.425	449	469	-0.284009	0.087420	
A/chicken/Changhua/150103	0.3794	0.2563	0.4030	0.2188	0.166	-0.139	0.350	51.32	0.367	0.425	449	469	-0.267591	0.087420	
A/chicken/Changhua/150400	0.3795	0.2205	0.4023	0.2436	0.166	-0.141	0.344	50.77	0.362	0.440	448	470	-0.233830	0.095745	
A/chicken/Changhua/150400	0.3785	0.2174	0.4082	0.2412	0.162	-0.145	0.342	50.01	0.357	0.439	448	470	-0.234468	0.095745	
A/chicken/Changhua/150400	0.3760	0.2225	0.4082	0.2379	0.159	-0.145	0.342	50.42	0.359	0.439	448	470	-0.235319	0.095745	
A/chicken/Changhua/150400	0.3760	0.2225	0.4111	0.2347	0.160	-0.145	0.342	49.88	0.357	0.439	448	470	-0.234468	0.095745	
A/chicken/Changhua/150500	0.3804	0.2544	0.4109	0.2103	0.166	-0.143	0.347	50.21	0.361	0.423	449	469	-0.279531	0.087420	
A/chicken/Changhua/150500	0.3683	0.2251	0.4082	0.2436	0.164	-0.141	0.344	50.82	0.366	0.442	448	470	-0.235106	0.095745	
A/chicken/Changhua/150600	0.3804	0.2544	0.4054	0.2123	0.166	-0.140	0.350	50.72	0.363	0.425	449	469	-0.268017	0.087420	
A/chicken/Changhua/150600	0.3734	0.2199	0.4082	0.2436	0.163	-0.145	0.342	50.64	0.362	0.440	448	470	-0.235106	0.095745	
A/chicken/Changhua/150600	0.3829	0.2519	0.4079	0.2138	0.165	-0.147	0.345	50.57	0.361	0.423	449	469	-0.279531	0.087420	
A/chicken/Changhua/151200	0.3829	0.2594	0.4000	0.2145	0.171	-0.129	0.356	51.17	0.367	0.426	449	469	-0.276759	0.087420	
A/chicken/Changhua/160100	0.3819	0.2513	0.4121	0.2111	0.162	-0.150	0.343	50.33	0.359	0.421	449	469	-0.286567	0.087420	
A/chicken/Changhua/170600	0.3819	0.2538	0.4079	0.2103	0.163	-0.143	0.347	50.47	0.361	0.422	449	469	-0.273774	0.087420	
A/chicken/Changhua/180400	0.3885	0.2431	0.4024	0.2192	0.159	-0.165	0.333	50.57	0.358	0.423	450	469	-0.273774	0.085288	
A/chicken/Chiayi/15010287	0.3829	0.2519	0.4079	0.2138	0.167	-0.140	0.350	50.94	0.361	0.424	449	469	-0.278678	0.087420	
A/chicken/Chiayi/15010409	0.3794	0.2563	0.4043	0.2195	0.166	-0.144	0.347	51.42	0.367	0.424	449	469	-0.269723	0.089552	
A/chicken/Chiayi/15010454	0.3708	0.2251	0.4052	0.2436	0.163	-0.141	0.344	50.71	0.366	0.442	448	470	-0.235106	0.095745	
A/chicken/Chiayi/17040009	0.3819	0.2513	0.4134	0.2103	0.164	-0.142	0.347	49.78	0.359	0.422	449	469	-0.294456	0.087420	
A/chicken/Chiayi/18120003	0.3869	0.2487	0.4066	0.2131	0.163	-0.156	0.340	49.46	0.358	0.422	450	469	-0.273774	0.087420	
A/chicken/China/007/2019_	0.2414	0.2838	0.5091	0.2414	0.157	-0.125	0.358	48.81	0.406	0.446	436	459	-0.327669	0.076253	
A/chicken/China/1101/2019	0.2546	0.2732	0.5000	0.2474	0.153	-0.124	0.358	47.01	0.401	0.444	436	459	-0.375817	0.074074	
A/chicken/China/Cangzhou0	0.3811	0.2737	0.3171	0.2917	0.190	-0.049	0.408	53.03	0.430	0.446	444	469	-0.272068	0.104478	
A/chicken/China/E93/2012_	0.3834	0.2547	0.3605	0.2561	0.189	-0.057	0.401	49.79	0.394	0.442	426	449	-0.250111	0.097996	
A/chicken/China/E96/2012_	0.3834	0.2547	0.3563	0.2587	0.188	-0.060	0.399	49.53	0.397	0.442	426	449	-0.233853	0.097996	
A/chicken/Chiping/0321/20	0.3866	0.2423	0.3976	0.2369	0.168	-0.104	0.371	50.35	0.367	0.423	442	466	-0.278326	0.085837	
A/chicken/Dongguan/2690/2	0.2375	0.2823	0.5091	0.2509	0.151	-0.139	0.349	46.99	0.411	0.444	436	459	-0.333987	0.076253	
A/chicken/Dongguan/3363/2	0.2401	0.2797	0.5106	0.2465	0.151	-0.145	0.346	47.00	0.406	0.444	436	459	-0.333333	0.076253	
A/chicken/Dongguan/4259/2	0.2342	0.2842	0.5046	0.2561	0.151	-0.139	0.350	47.21	0.416	0.447	437	459	-0.342919	0.076253	
A/chicken/Eastern_China/H	0.3711	0.2603	0.4164	0.2042	0.166	-0.089	0.379	51.20	0.363	0.426	441	466	-0.298283	0.083691	
A/chicken/Eastern_China/Q	0.3711	0.2603	0.4164	0.2042	0.166	-0.089	0.379	51.20	0.363	0.426	441	466	-0.298283	0.083691	
A/chicken/Eastern_China/Z	0.3930	0.2513	0.3656	0.2411	0.178	-0.103	0.373	51.12	0.380	0.435	426	449	-0.263029	0.093541	
A/chicken/Eastern_China/Z	0.3920	0.2507	0.3645	0.2447	0.179	-0.107	0.370	50.92	0.382	0.434	427	449	-0.233630	0.093541	
A/chicken/Fujian/1/2007_H	0.3910	0.2500	0.3730	0.2340	0.181	-0.088	0.383	50.47	0.376	0.434	426	449	-0.233853	0.100223	
A/chicken/Fujian/11.23_FZ	0.2453	0.2800	0.5076	0.2457	0.158	-0.128	0.356	45.96	0.405	0.442	435	459	-0.349455	0.076253	
A/chicken/GY/a451/2015_H5	0.3665	0.2880	0.3916	0.2090	0.175	-0.110	0.370	54.68	0.389	0.431	427	449	-0.306682	0.086860	
A/chicken/Gansu/5/2012_H5	0.3797	0.2540	0.3551	0.2648	0.186	-0.062	0.398	49.55	0.400	0.443	427	449	-0.234744	0.100223	
A/chicken/Gansu/6/2012_H5	0.3797	0.2540	0.3551	0.2648	0.186	-0.062	0.398	49.55	0.400	0.443	427	449	-0.234744	0.100223	
A/chicken/Ganzhou/GZ27/20	0.2387	0.2865	0.4985	0.2535	0.155	-0.128	0.356	47.79	0.416	0.449	435	459	-0.313290	0.076253	
A/chicken/Guangdong/1/200	0.3989	0.2420	0.3511	0.2561	0.177	-0.112	0.371	50.67	0.385	0.439	426	449	-0.236748	0.097996	
A/chicken/Guangdong/GD160	0.2356	0.2827	0.5045	0.2500	0.148	-0.143	0.346	47.20	0.412	0.446	437	459	-0.279303	0.076253	
A/chicken/Guangxi/16/2019	0.2400	0.2853	0.5076	0.2431	0.158	-0.117	0.362	46.93	0.408	0.446	434	459	-0.339869	0.076253	
A/chicken/Guangxi/S2039/2	0.3910	0.2314	0.3679	0.2669	0.172	-0.114	0.369	48.34	0.380	0.436	426	449	-0.252339	0.097996	
A/chicken/Guizhou/7/2008_	0.3777	0.2527	0.3861	0.2374	0.173	-0.078	0.388	49.41	0.379	0.434	425	449	-0.261247	0.102450	
A/chicken/Hebei/1102-MA/2	0.3897	0.2308	0.4079	0.2326	0.158	-0.166	0.338	50.84	0.354	0.418	444	466	-0.286266	0.083691	
A/chicken/Hebei/1102/2010	0.3897	0.2308	0.4079	0.2326	0.158	-0.166	0.338	50.84	0.354	0.418	444	466	-0.286266	0.083691	
A/chicken/Hebei/3/2013_H5	0.3860	0.2461	0.3963	0.2318	0.170	-0.109	0.370	51.03	0.367	0.425	441	466	-0.293347	0.085837	
A/chicken/Hebei/A-8/2009_	0.3733	0.2587	0.3656	0.2535	0.184	-0.084	0.386	48.97	0.398	0.442	427	449	-0.251670	0.097996	
A/chicken/Heilongjiang/S7	0.3824	0.2481	0.3994	0.2334	0.168	-0.111	0.367	51.67	0.369	0.424	442	466	-0.278970	0.085837	
A/chicken/Henan/A-7/2006_	0.3760	0.2613	0.3645	0.2431	0.186	-0.071	0.394	49.91	0.394	0.442	426	449	-0.248107	0.100223	
A/chicken/Henan/Q7/2013_H	0.3902	0.2429	0.3945	0.2369	0.169	-0.114	0.367	51.19	0.367	0.423	442	466	-0.298498	0.085837	
A/chicken/Henan/YB0597/20	0.2362	0.2835	0.5091	0.2474	0.148	-0.146	0.343	46.75	0.410	0.444	437	459	-0.293682	0.076253	
A/chicken/Hsinchu/1608000	0.3825	0.2475	0.4024	0.2241	0.161	-0.157	0.339	50.63	0.364	0.424	451	469	-0.272708	0.085288	
A/chicken/Huadong/4/2008_	0.3760	0.2587	0.3656	0.2517	0.180	-0.086	0.384	49.71	0.396	0.440	427	449	-0.229399	0.097996	
A/chicken/Hubei/2856/2007	0.3963	0.2394	0.3817	0.2349	0.175	-0.089	0.383	48.12	0.366	0.429	426	449	-0.249666	0.097996	
A/chicken/Hubei/ZYSJF11/2	0.2407	0.2804	0.5076	0.2500	0.154	-0.137	0.351	46.95	0.408	0.444	436	459	-0.340087	0.076253	
A/chicken/Hubei/ZYSJF16/2	0.2387	0.2838	0.5091	0.2457	0.157	-0.125	0.358	47.12	0.408	0.446	436	459	-0.325926	0.076253	
A/chicken/Hubei/ZYSJF38/2	0.2334	0.2891	0.5121	0.2422	0.156	-0.121	0.360	47.13	0.411	0.447	436	459	-0.325926	0.076253	
A/chicken/Hunan/02.06_YYG	0.2255	0.2997	0.4955	0.2526	0.160	-0.099	0.372	48.12	0.428	0.452	435	458	-0.299563	0.076419	
A/chicken/Hunan/03.07_YYG	0.2334	0.2918	0.5137	0.2396	0.157	-0.118	0.362	47.66	0.411	0.444	436	459	-0.329194	0.076253	
A/chicken/Hunan/12.27_YYG	0.2460	0.2778	0.5090	0.2379	0.153	-0.124	0.358	47.77	0.399	0.443	436	459	-0.311111	0.076253	
A/chicken/Hunan/12.27_YYG	0.2267	0.2960	0.5000	0.2552	0.161	-0.104	0.371	47.44	0.426	0.453	434	459	-0.348584	0.076253	
A/chicken/Hunan/1793/2007	0.3936	0.2394	0.3762	0.2386	0.178	-0.101	0.373	48.49	0.371	0.434	426	449	-0.242762	0.097996	
A/chicken/Hunan/21/2005_H	0.3926	0.2414	0.3722	0.2447	0.176	-0.101	0.376	48.35	0.376	0.434	426	449	-0.256348	0.100223	
A/chicken/Hunan/3/2007_H5	0.3957	0.2246	0.3810	0.2590	0.169	-0.109	0.373	48.64	0.368	0.431	424	449	-0.248775	0.100223	
A/chicken/Hunan/3157/2006	0.3979	0.2387	0.3797	0.2349	0.176	-0.100	0.378	48.47	0.366	0.432	426	449	-0.261693	0.100223	
A/chicken/Hunan/8/2008_H5	0.3893	0.2267	0.3856	0.2553	0.171	-0.097	0.378	47.93	0.369	0.433	426	449	-0.248998	0.097996	
A/chicken/Jiangsu/1001/20	0.3862	0.2455	0.3994	0.2226	0.171	-0.106	0.371	51.54	0.362	0.428	445	466	-0.294850	0.083691	
A/chicken/Jiangsu/18/2008	0.3733	0.2613	0.3676	0.2474	0.182	-0.077	0.389	49.44	0.396	0.441	427	449	-0.218485	0.100223	
A/chicken/Jiangsu/2477/20	0.3787	0.2427	0.3688	0.2714	0.171	-0.108	0.372	48.98	0.391	0.435	427	449	-0.236748	0.097996	
A/chicken/Jiangsu/927/201	0.3947	0.2320	0.3844	0.2464	0.177	-0.097	0.379	47.24	0.365	0.428	427	449	-0.217149	0.097996	
A/chicken/Jiangsu/XZ216/2	0.3880	0.2448	0.3994	0.2369	0.174	-0.094	0.378	50.57	0.367	0.421	442	466	-0.262232	0.085837	
A/chicken/Jiangsu/YB7/201	0.3910	0.2287	0.3628	0.2770	0.165	-0.114	0.369	48.08	0.384	0.431	425	449	-0.237416	0.095768	
A/chicken/Jiangsu/k0402/2	0.3947	0.2267	0.3754	0.2607	0.170	-0.097	0.379	48.73	0.372	0.433	425	449	-0.258797	0.095768	
A/chicken/Jiangxi/25/2011	0.3883	0.2340	0.3648	0.2734	0.170	-0.107	0.373	48.19	0.385	0.433	426	449	-0.244989	0.097996	
A/chicken/Jiangxi/NCDZT11	0.2348	0.2823	0.5151	0.2363	0.151	-0.139	0.349	46.29	0.404	0.444	436	459	-0.312636	0.076253	
A/chicken/Jiangxi/NCDZT11	0.2354	0.2831	0.5196	0.2329	0.153	-0.141	0.349	46.19	0.401	0.443	436	459	-0.345752	0.076253	
A/chicken/Jiangyin/JY0907	0.2387	0.2865	0.5106	0.2405	0.163	-0.122	0.360	47.34	0.408	0.448	436	459	-0.333769	0.076253	
A/chicken/Kaohsiung/16010	0.3724	0.2245	0.3953	0.2524	0.160	-0.152	0.336	51.45	0.372	0.443	449	470	-0.225106	0.093617	
A/chicken/Kaohsiung/16020	0.3673	0.2270	0.4029	0.2460	0.163	-0.137	0.345	50.81	0.370	0.442	449	470	-0.218724	0.093617	
A/chicken/Kaohsiung/16040	0.3673	0.2270	0.4029	0.2452	0.164	-0.134	0.347	50.54	0.370	0.443	449	470	-0.210638	0.093617	
A/chicken/Kaohsiung/16070	0.3664	0.2265	0.4000	0.2476	0.164	-0.140	0.343	50.97	0.372	0.444	449	470	-0.214043	0.093617	
A/chicken/Kaohsiung/16120	0.3750	0.2245	0.4029	0.2389	0.164	-0.137	0.345	50.37	0.363	0.440	449	470	-0.219362	0.093617	
A/chicken/Kaohsiung/16MB0	0.3673	0.2270	0.4029	0.2452	0.164	-0.134	0.347	50.54	0.370	0.443	449	470	-0.210638	0.093617	
A/chicken/Kaohsiung/17030	0.3622	0.2321	0.4087	0.2404	0.162	-0.142	0.343	50.70	0.370	0.440	449	470	-0.218936	0.093617	
A/chicken/Kaohsiung/17040	0.3784	0.2531	0.4066	0.2158	0.163	-0.143	0.347	49.83	0.364	0.425	450	469	-0.276546	0.087420	
A/chicken/Kaohsiung/17100	0.3800	0.2550	0.3988	0.2192	0.168	-0.140	0.349	50.45	0.369	0.428	450	469	-0.287633	0.087420	
A/chicken/Kaohsiung/18080	0.3879	0.2469	0.4048	0.2150	0.166	-0.150	0.343	49.37	0.359	0.424	449	469	-0.289126	0.087420	
A/chicken/Kaohsiung/18080	0.3879	0.2469	0.4079	0.2116	0.166	-0.152	0.343	49.40	0.356	0.424	449	469	-0.294243	0.087420	
A/chicken/Liaoning/23/200	0.3893	0.2507	0.3625	0.2421	0.181	-0.089	0.384	50.85	0.384	0.439	425	449	-0.243207	0.100223	
A/chicken/Liaoning/A-1/20	0.3887	0.2520	0.3563	0.2517	0.185	-0.073	0.393	49.80	0.391	0.437	425	449	-0.249666	0.100223	
A/chicken/Liaoning/S4092/	0.3807	0.2574	0.3531	0.2613	0.189	-0.057	0.401	49.61	0.401	0.445	426	449	-0.244766	0.097996	
A/chicken/Miaoli/15010421	0.3760	0.2225	0.4023	0.2436	0.164	-0.141	0.344	50.70	0.364	0.441	448	470	-0.235106	0.095745	
A/chicken/Nantou/16110023	0.3715	0.2239	0.3942	0.2516	0.164	-0.137	0.345	51.01	0.372	0.443	449	470	-0.213404	0.093617	
A/chicken/New_Taipei_City	0.3648	0.2296	0.4029	0.2452	0.163	-0.133	0.347	50.80	0.372	0.443	449	470	-0.220213	0.093617	
A/chicken/New_Taipei_City	0.3648	0.2296	0.4058	0.2420	0.163	-0.133	0.347	50.71	0.370	0.443	449	470	-0.224256	0.091489	
A/chicken/New_Taipei_City	0.3819	0.2513	0.4079	0.2165	0.162	-0.155	0.340	50.02	0.362	0.422	450	469	-0.293603	0.087420	
A/chicken/New_Taipei_City	0.3744	0.2231	0.3988	0.2476	0.166	-0.138	0.345	49.70	0.367	0.441	449	470	-0.218936	0.093617	
A/chicken/New_Taipei_City	0.3718	0.2231	0.3960	0.2548	0.166	-0.135	0.347	50.26	0.372	0.440	449	470	-0.216596	0.093617	
A/chicken/New_Taipei_City	0.3718	0.2231	0.3931	0.2580	0.166	-0.135	0.347	50.49	0.374	0.442	449	470	-0.216596	0.093617	
A/chicken/New_Taipei_City	0.3718	0.2231	0.3960	0.2548	0.166	-0.135	0.347	50.26	0.372	0.440	449	470	-0.216596	0.093617	
A/chicken/New_Taipei_City	0.3800	0.2525	0.3910	0.2271	0.165	-0.139	0.348	50.74	0.373	0.429	451	469	-0.293390	0.085288	
A/chicken/Ningxia/2/2012_	0.3797	0.2540	0.3551	0.2648	0.186	-0.062	0.398	49.55	0.400	0.443	427	449	-0.234744	0.100223	
A/chicken/Ningxia/222/201	0.3797	0.2540	0.3540	0.2639	0.185	-0.065	0.396	49.58	0.400	0.444	427	449	-0.231626	0.097996	
A/chicken/Ningxia/24/2006	0.3840	0.2533	0.3676	0.2404	0.183	-0.078	0.390	49.47	0.385	0.439	426	449	-0.249221	0.100223	
A/chicken/North_China/k06	0.3947	0.2480	0.3805	0.2242	0.179	-0.103	0.374	50.05	0.367	0.432	425	449	-0.263697	0.095768	
A/chicken/PH/A2821/2013_H	0.3691	0.2827	0.3948	0.2074	0.173	-0.117	0.365	53.39	0.384	0.430	427	449	-0.306459	0.086860	
A/chicken/PT/a158/2015_H5	0.3639	0.2906	0.3948	0.2060	0.174	-0.114	0.368	54.85	0.389	0.431	427	449	-0.294209	0.086860	
A/chicken/Pingtung/150500	0.3804	0.2544	0.4096	0.2096	0.168	-0.140	0.350	51.03	0.361	0.425	449	469	-0.264179	0.087420	
A/chicken/Pingtung/160200	0.3885	0.2556	0.3939	0.2160	0.171	-0.134	0.354	51.40	0.365	0.423	449	469	-0.277185	0.089552	
A/chicken/Pingtung/180100	0.3869	0.2462	0.4036	0.2184	0.167	-0.144	0.347	50.29	0.360	0.424	450	469	-0.283582	0.087420	
A/chicken/Pingtung/180200	0.3775	0.2550	0.3881	0.2305	0.167	-0.135	0.350	51.18	0.377	0.431	451	469	-0.292537	0.085288	
A/chicken/Qingdao/1/2014_	0.3824	0.2455	0.3921	0.2422	0.171	-0.100	0.373	50.72	0.373	0.428	442	466	-0.270601	0.085837	
A/chicken/SC/a688/2015_H5	0.3717	0.2827	0.3981	0.2022	0.174	-0.118	0.365	54.05	0.379	0.428	427	449	-0.294209	0.086860	
A/chicken/Shandong/A-10/2	0.3856	0.2500	0.3769	0.2292	0.185	-0.065	0.394	50.52	0.376	0.437	426	449	-0.242316	0.097996	
A/chicken/Shandong/S3/201	0.3834	0.2461	0.3921	0.2414	0.172	-0.096	0.376	50.58	0.373	0.427	442	466	-0.278112	0.085837	
A/chicken/Shantou/3744/20	0.3867	0.2507	0.3676	0.2421	0.182	-0.085	0.385	50.34	0.383	0.439	426	449	-0.237862	0.095768	
A/chicken/Shanxi/04.28_TG	0.2380	0.2861	0.5091	0.2431	0.157	-0.120	0.363	46.97	0.409	0.445	433	459	-0.332898	0.076253	
A/chicken/Shanxi/10/2006_	0.3887	0.2493	0.3622	0.2422	0.184	-0.076	0.391	51.04	0.384	0.437	425	449	-0.300668	0.093541	
A/chicken/Shanxi/12.01_TG	0.2367	0.2819	0.5091	0.2440	0.156	-0.122	0.359	46.16	0.408	0.447	434	459	-0.343137	0.076253	
A/chicken/Sheny/0606/2008	0.3925	0.2500	0.3616	0.2430	0.185	-0.077	0.392	49.03	0.383	0.436	423	449	-0.270601	0.102450	
A/chicken/Shenzhen/1061/2	0.2381	0.2857	0.5122	0.2431	0.155	-0.134	0.353	46.50	0.408	0.444	436	459	-0.348584	0.076253	
A/chicken/Shenzhen/1845/2	0.2727	0.2753	0.4659	0.2680	0.150	-0.143	0.350	50.94	0.413	0.442	446	470	-0.320851	0.072340	
A/chicken/Shenzhen/2269/2	0.2401	0.2797	0.5091	0.2509	0.150	-0.143	0.346	46.96	0.408	0.443	436	459	-0.333987	0.076253	
A/chicken/Shenzhen/2396/2	0.2348	0.2850	0.5122	0.2474	0.152	-0.131	0.353	46.80	0.411	0.444	436	459	-0.333987	0.076253	
A/chicken/Shenzhen/2464/2	0.2368	0.2842	0.5076	0.2517	0.151	-0.139	0.349	47.02	0.413	0.444	436	459	-0.333987	0.076253	
A/chicken/Shenzhen/433/20	0.2401	0.2823	0.5106	0.2422	0.151	-0.136	0.351	47.35	0.406	0.444	436	459	-0.348584	0.074074	
A/chicken/Shenzhen/552/20	0.2375	0.2823	0.5091	0.2509	0.151	-0.139	0.349	46.99	0.411	0.444	436	459	-0.333987	0.076253	
A/chicken/Shenzhen/715/20	0.2401	0.2823	0.5106	0.2422	0.151	-0.136	0.351	47.35	0.406	0.444	436	459	-0.348584	0.074074	
A/chicken/Shijiazhuang/12	0.3886	0.2409	0.3951	0.2388	0.169	-0.113	0.367	51.47	0.367	0.424	442	466	-0.293777	0.085837	
A/chicken/Sichuan/81/2005	0.3899	0.2440	0.3817	0.2340	0.173	-0.102	0.376	48.43	0.371	0.432	426	449	-0.259688	0.097996	
A/chicken/Sichuan/NCJPL1/	0.2656	0.2839	0.4570	0.2774	0.151	-0.124	0.361	51.66	0.426	0.446	446	470	-0.338723	0.072340	
A/chicken/Sichuan/k141/20	0.2336	0.2887	0.5061	0.2457	0.155	-0.130	0.355	46.99	0.414	0.449	437	459	-0.312854	0.076253	
A/chicken/TC/a504/2015_H5	0.3665	0.2880	0.3948	0.2060	0.173	-0.118	0.365	54.81	0.386	0.430	427	449	-0.294209	0.086860	
A/chicken/TY/a665/2015_H5	0.3691	0.2853	0.3948	0.2060	0.173	-0.122	0.363	54.36	0.384	0.429	427	449	-0.294209	0.086860	
A/chicken/Taichung/150103	0.3794	0.2563	0.4030	0.2180	0.166	-0.140	0.350	51.47	0.367	0.425	449	469	-0.279531	0.087420	
A/chicken/Taichung/160400	0.3804	0.2620	0.4030	0.2111	0.175	-0.120	0.361	52.23	0.367	0.426	449	469	-0.266738	0.087420	
A/chicken/Taichung/160500	0.3829	0.2594	0.4043	0.2118	0.171	-0.123	0.359	51.80	0.365	0.423	449	469	-0.273561	0.087420	
A/chicken/Taichung/161100	0.3648	0.2245	0.4058	0.2437	0.164	-0.143	0.344	50.34	0.368	0.448	448	470	-0.224255	0.095745	
A/chicken/Tainan/15020214	0.3734	0.2225	0.4052	0.2436	0.162	-0.145	0.342	50.63	0.364	0.441	448	470	-0.235106	0.095745	
A/chicken/Tainan/16040035	0.3759	0.2632	0.4024	0.2168	0.168	-0.130	0.356	51.75	0.372	0.426	449	469	-0.278465	0.089552	
A/chicken/Tainan/17030058	0.3699	0.2270	0.4087	0.2349	0.166	-0.126	0.352	50.88	0.363	0.440	449	470	-0.230426	0.093617	
A/chicken/Taipei_City/170	0.3667	0.2282	0.3960	0.2548	0.167	-0.131	0.350	50.61	0.376	0.443	449	470	-0.216596	0.093617	
A/chicken/Taipei_City/180	0.3784	0.2506	0.4024	0.2211	0.164	-0.147	0.344	49.73	0.367	0.426	450	469	-0.291898	0.087420	
A/chicken/Taipei_City/180	0.3778	0.2594	0.3988	0.2199	0.168	-0.135	0.352	50.82	0.372	0.426	449	469	-0.285501	0.087420	
A/chicken/Taipei/16060022	0.3664	0.2265	0.4029	0.2452	0.163	-0.136	0.345	50.85	0.370	0.443	449	470	-0.202979	0.093617	
A/chicken/Taipei/16060023	0.3664	0.2265	0.4029	0.2452	0.163	-0.136	0.345	50.85	0.370	0.443	449	470	-0.202979	0.093617	
A/chicken/Taipei/16120021	0.3776	0.2219	0.3971	0.2452	0.164	-0.137	0.345	50.74	0.365	0.441	449	470	-0.219362	0.093617	
A/chicken/Taipei/17050005	0.3779	0.2237	0.3931	0.2508	0.169	-0.130	0.350	49.94	0.370	0.442	449	470	-0.219362	0.093617	
A/chicken/Taipei/17050008	0.3744	0.2256	0.3960	0.2476	0.167	-0.134	0.347	49.92	0.370	0.442	449	470	-0.218936	0.093617	
A/chicken/Taipei/17050009	0.3744	0.2256	0.3931	0.2508	0.166	-0.134	0.347	49.80	0.372	0.443	449	470	-0.218936	0.093617	
A/chicken/Taishun/TS2/201	0.2368	0.2842	0.5120	0.2355	0.155	-0.133	0.352	46.67	0.404	0.444	438	459	-0.318736	0.076253	
A/chicken/Taishun/TS90/20	0.2342	0.2842	0.5180	0.2321	0.154	-0.138	0.349	46.27	0.402	0.443	438	459	-0.317865	0.076253	
A/chicken/Taiwan/0101/201	0.3720	0.2823	0.3677	0.2362	0.182	-0.067	0.397	54.27	0.401	0.437	426	449	-0.298664	0.086860	
A/chicken/Taiwan/01174/20	0.3333	0.2828	0.4198	0.2473	0.164	-0.102	0.373	55.06	0.404	0.435	450	469	-0.304478	0.091684	
A/chicken/Taiwan/0502/201	0.3816	0.2737	0.3839	0.2177	0.185	-0.112	0.370	53.23	0.382	0.430	427	449	-0.301336	0.086860	
A/chicken/Taiwan/1682/201	0.3747	0.2797	0.3698	0.2316	0.182	-0.066	0.397	53.43	0.397	0.436	426	449	-0.287082	0.086860	
A/chicken/Taiwan/1692/201	0.3747	0.2797	0.3698	0.2308	0.182	-0.067	0.397	53.63	0.397	0.437	426	449	-0.298664	0.086860	
A/chicken/Taiwan/1704/201	0.3737	0.2789	0.3698	0.2316	0.180	-0.065	0.397	53.19	0.397	0.437	426	449	-0.288419	0.086860	
A/chicken/Taiwan/1711/201	0.3747	0.2797	0.3698	0.2316	0.181	-0.070	0.394	53.59	0.397	0.435	426	449	-0.287973	0.086860	
A/chicken/Taiwan/2593/201	0.3816	0.2737	0.3786	0.2247	0.177	-0.120	0.366	54.12	0.385	0.431	426	449	-0.304677	0.086860	
A/chicken/Taiwan/2948/201	0.3789	0.2763	0.3819	0.2210	0.179	-0.116	0.369	54.57	0.385	0.431	426	449	-0.304677	0.086860	
A/chicken/Taiwan/4443/201	0.3773	0.2797	0.3819	0.2218	0.182	-0.109	0.373	53.66	0.387	0.430	426	449	-0.302673	0.086860	
A/chicken/Taiwan/683/2012	0.3763	0.2789	0.3864	0.2180	0.179	-0.112	0.371	54.73	0.385	0.430	426	449	-0.310690	0.086860	
A/chicken/Taiwan/7350/201	0.3780	0.2782	0.3774	0.2247	0.179	-0.113	0.370	54.28	0.389	0.431	427	449	-0.298886	0.086860	
A/chicken/Taiwan/8988/201	0.3816	0.2737	0.3786	0.2247	0.177	-0.120	0.366	54.12	0.385	0.431	426	449	-0.304677	0.086860	
A/chicken/Taiwan/8994/201	0.3816	0.2737	0.3786	0.2247	0.177	-0.120	0.366	54.12	0.385	0.431	426	449	-0.304677	0.086860	
A/chicken/Taiwan/8996/201	0.3816	0.2737	0.3786	0.2247	0.177	-0.120	0.366	54.12	0.385	0.431	426	449	-0.304677	0.086860	
A/chicken/Taiwan/A1/2019_	0.3605	0.2947	0.4045	0.1978	0.182	-0.119	0.365	53.17	0.386	0.430	427	449	-0.304677	0.086860	
A/chicken/Taiwan/A1997/20	0.3770	0.2749	0.3814	0.2161	0.181	-0.106	0.372	54.03	0.384	0.434	427	449	-0.313363	0.086860	
A/chicken/Taiwan/D2/2019_	0.3854	0.2469	0.4054	0.2177	0.166	-0.144	0.347	50.67	0.360	0.424	450	469	-0.284435	0.087420	
A/chicken/Taiwan/D9/2019_	0.3854	0.2469	0.4054	0.2177	0.166	-0.144	0.347	50.67	0.360	0.424	450	469	-0.284435	0.087420	
A/chicken/Tibet/LZ01/2010	0.3872	0.2436	0.3897	0.2379	0.166	-0.128	0.358	51.38	0.369	0.427	444	466	-0.271459	0.083691	
A/chicken/Wuhan/HAQL07/20	0.3883	0.2287	0.3628	0.2806	0.164	-0.118	0.367	48.23	0.386	0.432	425	449	-0.237416	0.095768	
A/chicken/Wuhan/HAQL16/20	0.3883	0.2287	0.3628	0.2806	0.164	-0.118	0.367	48.23	0.386	0.432	425	449	-0.237416	0.095768	
A/chicken/Wuhan/WHJF/2014	0.3646	0.2734	0.4006	0.2215	0.175	-0.108	0.369	52.86	0.385	0.432	447	469	-0.294670	0.089552	
A/chicken/Wuhan/WHYJ01/20	0.2467	0.2677	0.5152	0.2457	0.144	-0.161	0.337	46.85	0.397	0.443	436	459	-0.351198	0.076253	
A/chicken/Wuxi/WX-32/2013	0.3910	0.2340	0.3836	0.2518	0.171	-0.108	0.372	48.34	0.370	0.430	427	449	-0.231626	0.097996	
A/chicken/Wuxi/WX-33/2013	0.3910	0.2340	0.3824	0.2509	0.172	-0.104	0.375	48.21	0.370	0.430	427	449	-0.225613	0.097996	
A/chicken/Xinjiang/17/200	0.3680	0.2693	0.3636	0.2491	0.186	-0.057	0.401	49.71	0.404	0.445	426	449	-0.218040	0.100223	
A/chicken/Xinjiang/27/200	0.3733	0.2693	0.3602	0.2404	0.189	-0.060	0.399	50.78	0.399	0.445	426	449	-0.233853	0.097996	
A/chicken/Xinjiang/53/200	0.3733	0.2693	0.3602	0.2404	0.186	-0.064	0.397	50.74	0.399	0.445	426	449	-0.237862	0.095768	
A/chicken/Xinjiang/54/200	0.3707	0.2667	0.3636	0.2491	0.183	-0.071	0.392	51.21	0.401	0.445	426	449	-0.236748	0.102450	
A/chicken/Xinjiang/67/200	0.3733	0.2693	0.3602	0.2404	0.185	-0.063	0.397	50.51	0.399	0.445	426	449	-0.246993	0.095768	
A/chicken/Xinjiang/68/200	0.3714	0.2626	0.3656	0.2448	0.180	-0.076	0.390	50.42	0.397	0.445	426	449	-0.236080	0.100223	
A/chicken/Xuzhou/XZ6/2016	0.2407	0.2804	0.5166	0.2329	0.153	-0.142	0.349	46.80	0.399	0.442	436	459	-0.319608	0.076253	
A/chicken/YL/A3190/2014_H	0.3799	0.2744	0.3766	0.2268	0.181	-0.117	0.367	53.55	0.388	0.431	425	449	-0.314031	0.086860	
A/chicken/Yangzhou/YD1/20	0.2720	0.2746	0.4687	0.2690	0.149	-0.139	0.352	50.57	0.413	0.443	446	470	-0.344255	0.072340	
A/chicken/Yuhang/1/2013_H	0.2832	0.2781	0.4969	0.2195	0.150	-0.112	0.369	51.36	0.387	0.437	444	465	-0.446882	0.092473	
A/chicken/Yuhang/2/2013_H	0.2832	0.2781	0.4969	0.2195	0.151	-0.107	0.372	51.40	0.387	0.437	444	465	-0.448602	0.092473	
A/chicken/Yunlin/15020048	0.3769	0.2563	0.4061	0.2180	0.165	-0.145	0.347	51.39	0.367	0.426	449	469	-0.288486	0.087420	
A/chicken/Yunlin/15040002	0.3778	0.2569	0.4091	0.2153	0.167	-0.139	0.350	50.98	0.365	0.424	449	469	-0.272921	0.087420	
A/chicken/Yunlin/15040027	0.3804	0.2544	0.4091	0.2153	0.167	-0.139	0.350	51.01	0.363	0.423	449	469	-0.273134	0.087420	
A/chicken/Yunlin/15050012	0.3795	0.2205	0.4023	0.2436	0.166	-0.141	0.344	50.45	0.362	0.440	448	470	-0.233830	0.095745	
A/chicken/Yunlin/15050037	0.3804	0.2544	0.4061	0.2188	0.167	-0.143	0.347	51.16	0.365	0.424	449	469	-0.273134	0.087420	
A/chicken/Yunlin/15050039	0.3804	0.2544	0.4091	0.2153	0.167	-0.139	0.350	51.01	0.363	0.423	449	469	-0.273134	0.087420	
A/chicken/Yunlin/15060014	0.3804	0.2544	0.4079	0.2145	0.167	-0.139	0.350	51.01	0.363	0.423	449	469	-0.267377	0.087420	
A/chicken/Yunlin/15080024	0.3804	0.2620	0.4012	0.2153	0.171	-0.125	0.359	51.75	0.370	0.426	449	469	-0.282516	0.087420	
A/chicken/Yunlin/16010001	0.3829	0.2519	0.4121	0.2111	0.164	-0.151	0.343	50.42	0.359	0.421	449	469	-0.286141	0.087420	
A/chicken/Yunlin/16010008	0.3784	0.2632	0.4006	0.2168	0.172	-0.128	0.359	52.14	0.372	0.426	449	469	-0.288060	0.091684	
A/chicken/Yunlin/16020038	0.3673	0.2245	0.4087	0.2420	0.164	-0.137	0.345	50.79	0.365	0.443	449	470	-0.225319	0.095745	
A/chicken/Yunlin/16050053	0.3813	0.2626	0.4024	0.2118	0.176	-0.123	0.359	51.56	0.368	0.426	448	469	-0.269510	0.087420	
A/chicken/Yunlin/17010001	0.3648	0.2270	0.4041	0.2444	0.168	-0.134	0.348	50.83	0.371	0.448	448	470	-0.216808	0.093617	
A/chicken/Yunlin/17010014	0.3810	0.2506	0.4054	0.2158	0.162	-0.150	0.342	50.17	0.362	0.424	450	469	-0.290832	0.087420	
A/chicken/Yunlin/17020094	0.3844	0.2487	0.4109	0.2145	0.164	-0.166	0.336	49.18	0.358	0.420	450	469	-0.289339	0.091684	
A/chicken/Yunlin/17020095	0.3784	0.2531	0.4169	0.2034	0.160	-0.150	0.343	50.33	0.356	0.421	449	469	-0.276759	0.089552	
A/chicken/Yunlin/17030001	0.3835	0.2481	0.4084	0.2123	0.162	-0.151	0.342	49.35	0.358	0.423	450	469	-0.269936	0.087420	
A/chicken/Yunlin/17030007	0.3810	0.2531	0.4006	0.2199	0.162	-0.151	0.342	50.34	0.367	0.424	450	469	-0.256503	0.087420	
A/chicken/Yunlin/17030010	0.3810	0.2506	0.4036	0.2199	0.160	-0.158	0.338	49.92	0.364	0.424	450	469	-0.282303	0.087420	
A/chicken/Yunlin/17030014	0.3810	0.2506	0.4127	0.2096	0.162	-0.151	0.342	49.77	0.358	0.422	450	469	-0.289339	0.085288	
A/chicken/Yunlin/17030020	0.3819	0.2513	0.4096	0.2138	0.163	-0.164	0.336	49.08	0.360	0.421	450	469	-0.282090	0.089552	
A/chicken/Yunlin/17030021	0.3810	0.2506	0.4096	0.2131	0.162	-0.151	0.342	49.49	0.360	0.423	450	469	-0.289339	0.085288	
A/chicken/Yunlin/17030032	0.3844	0.2487	0.4144	0.1980	0.163	-0.145	0.346	49.67	0.350	0.423	448	469	-0.268657	0.085288	
A/chicken/Yunlin/17030065	0.3810	0.2531	0.4054	0.2123	0.163	-0.151	0.342	49.51	0.362	0.424	450	469	-0.270149	0.087420	
A/chicken/Yunlin/17040003	0.3835	0.2506	0.4006	0.2207	0.160	-0.152	0.342	50.28	0.364	0.422	450	469	-0.263966	0.089552	
A/chicken/Yunlin/17040004	0.3759	0.2556	0.4084	0.2123	0.163	-0.147	0.344	50.02	0.364	0.426	450	469	-0.264819	0.087420	
A/chicken/Yunlin/17040011	0.3784	0.2531	0.4084	0.2116	0.163	-0.150	0.342	49.67	0.362	0.425	450	469	-0.266098	0.087420	
A/chicken/Yunlin/17060019	0.3810	0.2506	0.4036	0.2192	0.164	-0.144	0.347	49.89	0.364	0.425	450	469	-0.287847	0.087420	
A/chicken/Yunlin/17070010	0.3860	0.2481	0.4006	0.2207	0.165	-0.152	0.342	49.57	0.362	0.424	450	469	-0.268017	0.087420	
A/chicken/Yunlin/18010001	0.3810	0.2531	0.3994	0.2192	0.167	-0.138	0.349	50.42	0.367	0.426	450	469	-0.265032	0.087420	
A/chicken/Yunlin/18010023	0.3835	0.2506	0.4054	0.2123	0.165	-0.135	0.351	49.82	0.360	0.424	450	469	-0.270149	0.087420	
A/chicken/Yunlin/18020003	0.3835	0.2506	0.4084	0.2096	0.165	-0.140	0.349	49.73	0.358	0.423	450	469	-0.269510	0.087420	
A/chicken/Yunlin/18020004	0.3860	0.2481	0.4084	0.2103	0.165	-0.143	0.347	49.71	0.356	0.421	450	469	-0.258209	0.087420	
A/chicken/Yunlin/18020005	0.3835	0.2506	0.4054	0.2123	0.164	-0.143	0.347	49.81	0.360	0.424	450	469	-0.270149	0.087420	
A/chicken/Yunlin/18020008	0.3810	0.2531	0.4024	0.2158	0.164	-0.135	0.351	50.50	0.364	0.426	450	469	-0.270149	0.087420	
A/chicken/Yunlin/18030002	0.3810	0.2531	0.4060	0.2075	0.165	-0.137	0.351	50.37	0.360	0.427	450	469	-0.263540	0.087420	
A/chicken/Yunlin/18050013	0.3750	0.2600	0.4042	0.2082	0.168	-0.128	0.356	50.39	0.367	0.429	450	469	-0.257569	0.087420	
A/chicken/Yunlin/18060001	0.3750	0.2575	0.4072	0.2082	0.168	-0.128	0.356	50.29	0.364	0.428	450	469	-0.257569	0.087420	
A/chicken/Yunlin/18080006	0.3734	0.2607	0.3964	0.2211	0.171	-0.128	0.356	50.98	0.376	0.431	450	469	-0.287207	0.087420	
A/chicken/Yunnan/1/2014_H	0.3773	0.2401	0.3719	0.2708	0.173	-0.083	0.386	49.59	0.388	0.434	428	449	-0.208018	0.097996	
A/chicken/Yunnan/207/2004	0.3936	0.2420	0.3553	0.2615	0.180	-0.103	0.376	49.48	0.387	0.439	426	449	-0.244098	0.097996	
A/chicken/Yunnan/5686/200	0.3936	0.2447	0.3574	0.2535	0.181	-0.099	0.378	49.65	0.385	0.439	426	449	-0.237194	0.097996	
A/chicken/Yunnan/6797/200	0.3910	0.2473	0.3542	0.2570	0.182	-0.099	0.378	49.79	0.390	0.441	426	449	-0.237194	0.097996	
A/chicken/Yunnan/6885/200	0.3910	0.2447	0.3574	0.2570	0.179	-0.103	0.376	49.69	0.387	0.439	426	449	-0.237194	0.097996	
A/chicken/Zhejiang/102637	0.2400	0.2800	0.5106	0.2448	0.158	-0.127	0.357	46.28	0.406	0.443	434	459	-0.344009	0.076253	
A/chicken/Zhejiang/13160/	0.2388	0.2861	0.5061	0.2439	0.148	-0.140	0.349	47.01	0.411	0.447	436	459	-0.337691	0.076253	
A/chicken/Zhejiang/194/20	0.3807	0.2563	0.4043	0.2116	0.183	-0.084	0.383	49.81	0.365	0.428	446	469	-0.334115	0.087420	
A/chicken/Zhejiang/209/20	0.3807	0.2563	0.4043	0.2116	0.183	-0.084	0.383	49.81	0.365	0.428	446	469	-0.334115	0.087420	
A/chicken/Zhejiang/217/20	0.3807	0.2538	0.4134	0.2062	0.178	-0.106	0.370	49.23	0.359	0.425	446	469	-0.329424	0.089552	
A/chicken/Zhejiang/232/20	0.3747	0.2608	0.4030	0.2150	0.178	-0.101	0.374	49.03	0.371	0.429	447	469	-0.331770	0.087420	
A/chicken/Zhejiang/514135	0.3949	0.2582	0.3963	0.2091	0.183	-0.070	0.391	51.56	0.362	0.421	448	469	-0.293177	0.087420	
A/chicken/Zhejiang/528127	0.2421	0.2842	0.4924	0.2641	0.149	-0.134	0.351	47.57	0.420	0.444	436	459	-0.329194	0.076253	
A/chicken/Zhejiang/6107/2	0.2441	0.2730	0.5061	0.2544	0.146	-0.151	0.341	46.88	0.405	0.442	437	459	-0.291939	0.076253	
A/chicken/Zhejiang/6C2/20	0.2694	0.2798	0.4716	0.2612	0.148	-0.146	0.348	51.43	0.413	0.443	446	470	-0.352128	0.072340	
A/chicken/Zhejiang/727022	0.2310	0.2861	0.5137	0.2474	0.148	-0.139	0.348	46.78	0.412	0.444	437	459	-0.310893	0.076253	
A/chicken/Zhejiang/727026	0.2310	0.2861	0.5137	0.2465	0.150	-0.139	0.348	46.81	0.412	0.445	437	459	-0.311547	0.076253	
A/chicken/Zhejiang/727079	0.3920	0.2462	0.3909	0.2300	0.163	-0.131	0.354	51.22	0.365	0.424	449	469	-0.284648	0.085288	
A/chicken/Zhejiang/727155	0.2316	0.2868	0.5137	0.2465	0.149	-0.141	0.348	46.86	0.412	0.446	437	459	-0.338344	0.076253	
A/chicken/Zhejiang/727159	0.3920	0.2462	0.3909	0.2300	0.163	-0.131	0.354	51.22	0.365	0.424	449	469	-0.284648	0.085288	
A/chicken/Zhejiang/7450/2	0.3854	0.2594	0.3902	0.2188	0.183	-0.082	0.385	49.24	0.371	0.427	447	469	-0.270789	0.089552	
A/chicken/Zhejiang/81643/	0.3778	0.2569	0.3963	0.2234	0.180	-0.091	0.378	49.43	0.374	0.431	447	469	-0.317910	0.087420	
A/common_mallard/Ningxia/	0.2692	0.2667	0.4704	0.2660	0.143	-0.165	0.333	50.05	0.409	0.445	447	470	-0.312766	0.074468	
A/condor/Guangdong/139/20	0.3757	0.2619	0.3636	0.2421	0.181	-0.082	0.387	49.98	0.394	0.443	426	449	-0.259688	0.097996	
A/domestic_green-winged_t	0.3952	0.2414	0.3797	0.2349	0.173	-0.109	0.373	48.15	0.369	0.432	426	449	-0.261693	0.100223	
A/duck/Anhui/56/2005_H5N1	0.3824	0.2567	0.3742	0.2351	0.184	-0.081	0.386	50.62	0.384	0.439	425	449	-0.265479	0.097996	
A/duck/Anhui/S4/2016_H5N6	0.2420	0.2819	0.5046	0.2491	0.158	-0.124	0.359	47.96	0.409	0.447	435	459	-0.336383	0.074074	
A/duck/Changhua/15A03431-	0.3769	0.2588	0.4030	0.2180	0.167	-0.136	0.352	51.71	0.370	0.426	449	469	-0.278678	0.087420	
A/duck/Changhua/15A03473-	0.3794	0.2538	0.4061	0.2165	0.167	-0.141	0.350	51.16	0.365	0.426	449	469	-0.300853	0.087420	
A/duck/Chiayi/15080023/20	0.3657	0.2276	0.4082	0.2436	0.165	-0.137	0.346	50.91	0.368	0.443	448	470	-0.235106	0.095745	
A/duck/China/0935/2017_H5	0.3801	0.2507	0.3659	0.2643	0.172	-0.118	0.368	49.73	0.394	0.436	424	449	-0.257684	0.097996	
A/duck/China/0936/2017_H5	0.2255	0.2997	0.4985	0.2535	0.159	-0.103	0.370	48.33	0.428	0.451	435	458	-0.324236	0.076419	
A/duck/China/0938/2017_H5	0.2255	0.2997	0.4985	0.2535	0.159	-0.103	0.370	48.33	0.428	0.451	435	458	-0.324236	0.076419	
A/duck/China/1033/2017_H5	0.3801	0.2507	0.3648	0.2633	0.172	-0.118	0.368	49.78	0.394	0.436	424	449	-0.265033	0.097996	
A/duck/China/E26/2012_H5N	0.3920	0.2293	0.3648	0.2705	0.166	-0.095	0.379	49.03	0.381	0.436	425	449	-0.241203	0.097996	
A/duck/China/E53/2012_H5N	0.3840	0.2400	0.3774	0.2581	0.171	-0.106	0.373	49.41	0.380	0.434	426	449	-0.251893	0.097996	
A/duck/China/YD1516/2016_	0.3813	0.2525	0.4043	0.2172	0.176	-0.102	0.371	49.13	0.365	0.427	447	469	-0.307036	0.087420	
A/duck/Chongqing/S4362/20	0.3207	0.2904	0.4356	0.2376	0.156	-0.109	0.370	56.03	0.404	0.432	451	469	-0.307463	0.091684	
A/duck/Dongguan/2685/2013	0.2375	0.2823	0.5152	0.2431	0.152	-0.145	0.346	46.59	0.406	0.444	436	459	-0.350762	0.076253	
A/duck/Eastern_China/008/	0.3411	0.2532	0.4422	0.2154	0.170	-0.122	0.358	50.54	0.367	0.431	450	472	-0.147034	0.093220	
A/duck/Eastern_China/031/	0.3411	0.2532	0.4393	0.2186	0.170	-0.114	0.362	50.60	0.369	0.431	450	472	-0.152331	0.093220	
A/duck/Eastern_China/057/	0.3910	0.2500	0.3781	0.2254	0.180	-0.086	0.383	50.43	0.371	0.434	426	449	-0.235412	0.097996	
A/duck/Eastern_China/108/	0.3920	0.2240	0.3880	0.2554	0.166	-0.116	0.369	49.32	0.365	0.432	425	449	-0.244543	0.097996	
A/duck/Eastern_China/1111	0.3900	0.2450	0.3976	0.2238	0.154	-0.149	0.344	50.94	0.362	0.421	448	469	-0.256717	0.091684	
A/duck/Eastern_China/909/	0.3921	0.2395	0.3899	0.2242	0.166	-0.117	0.365	48.31	0.361	0.431	427	449	-0.228063	0.100223	
A/duck/Eastern_China/JY/2	0.3892	0.2191	0.3907	0.2468	0.161	-0.141	0.342	51.81	0.362	0.438	447	470	-0.212341	0.097872	
A/duck/Eastern_China/L023	0.3784	0.2581	0.3970	0.2131	0.161	-0.123	0.360	50.80	0.369	0.428	447	469	-0.260128	0.089552	
A/duck/Eastern_China/L032	0.3825	0.2500	0.4030	0.2145	0.158	-0.127	0.357	50.86	0.362	0.424	448	469	-0.268870	0.087420	
A/duck/Eastern_China/L040	0.3923	0.2103	0.3994	0.2436	0.159	-0.150	0.337	51.68	0.353	0.435	448	470	-0.214043	0.097872	
A/duck/Eastern_China/L042	0.3959	0.2031	0.4029	0.2420	0.156	-0.157	0.333	51.00	0.346	0.433	448	470	-0.224255	0.095745	
A/duck/Eastern_China/L061	0.3974	0.2051	0.3965	0.2476	0.156	-0.159	0.333	51.17	0.350	0.433	448	470	-0.213404	0.097872	
A/duck/Eastern_China/L072	0.3949	0.2077	0.3994	0.2436	0.159	-0.154	0.335	51.32	0.350	0.434	448	470	-0.214043	0.097872	
A/duck/Eastern_China/L102	0.4000	0.2051	0.3936	0.2468	0.160	-0.154	0.335	51.08	0.350	0.434	448	470	-0.214043	0.097872	
A/duck/Eastern_China/L112	0.3907	0.2185	0.3988	0.2379	0.166	-0.137	0.345	51.72	0.356	0.436	447	470	-0.207447	0.102128	
A/duck/Eastern_China/S013	0.3883	0.2487	0.4146	0.2021	0.181	-0.108	0.370	48.88	0.352	0.423	446	469	-0.305970	0.087420	
A/duck/Eastern_China/S021	0.3866	0.2191	0.3983	0.2428	0.159	-0.158	0.333	51.68	0.359	0.438	448	470	-0.220213	0.095745	
A/duck/Eastern_China/S032	0.2500	0.2711	0.5106	0.2465	0.149	-0.155	0.341	47.26	0.398	0.442	437	460	-0.345435	0.076087	
A/duck/Eastern_China/S071	0.2649	0.2831	0.4643	0.2715	0.150	-0.140	0.352	51.11	0.422	0.445	446	470	-0.337234	0.072340	
A/duck/Eastern_China/S080	0.3659	0.2682	0.4116	0.2076	0.161	-0.122	0.362	50.54	0.373	0.426	448	469	-0.282729	0.089552	
A/duck/Eastern_China/S090	0.2415	0.2756	0.5091	0.2552	0.150	-0.144	0.346	46.91	0.407	0.443	437	460	-0.325217	0.076087	
A/duck/Eastern_China/S110	0.3805	0.2211	0.3953	0.2500	0.158	-0.151	0.337	51.88	0.366	0.440	448	470	-0.212766	0.095745	
A/duck/Eastern_China/S121	0.3959	0.2082	0.3918	0.2516	0.158	-0.154	0.336	51.97	0.356	0.435	447	470	-0.212979	0.097872	
A/duck/Fujian/1.17_FZHX01	0.2296	0.2902	0.5137	0.2422	0.152	-0.136	0.351	46.12	0.413	0.448	436	459	-0.333333	0.076253	
A/duck/Fujian/10.26_FZHX0	0.2480	0.2800	0.5015	0.2491	0.158	-0.125	0.359	46.48	0.407	0.443	435	459	-0.354684	0.076253	
A/duck/Fujian/10.26_FZHX0	0.2453	0.2800	0.5076	0.2457	0.158	-0.128	0.356	45.96	0.405	0.442	435	459	-0.349455	0.076253	
A/duck/Fujian/11.23_FZHX0	0.2480	0.2800	0.5015	0.2491	0.158	-0.125	0.359	46.48	0.407	0.443	435	459	-0.354684	0.076253	
A/duck/Fujian/11.23_FZHX0	0.2480	0.2800	0.5015	0.2491	0.158	-0.125	0.359	46.48	0.407	0.443	435	459	-0.354684	0.076253	
A/duck/Fujian/11.23_FZHX0	0.2453	0.2800	0.5076	0.2457	0.158	-0.128	0.356	45.96	0.405	0.442	435	459	-0.349455	0.076253	
A/duck/Fujian/11.3_FZHX11	0.2401	0.2797	0.5046	0.2517	0.152	-0.137	0.351	46.85	0.411	0.448	436	459	-0.344662	0.076253	
A/duck/Fujian/11.3_FZHX11	0.2296	0.2902	0.5137	0.2422	0.152	-0.136	0.351	46.12	0.413	0.448	436	459	-0.333333	0.076253	
A/duck/Fujian/12.7_FZHX12	0.2296	0.2902	0.5137	0.2422	0.152	-0.136	0.351	46.12	0.413	0.448	436	459	-0.333333	0.076253	
A/duck/Fujian/12.7_FZHX12	0.2296	0.2902	0.5137	0.2422	0.152	-0.136	0.351	46.12	0.413	0.448	436	459	-0.333333	0.076253	
A/duck/Fujian/12.7_FZHX12	0.2322	0.2902	0.5137	0.2388	0.154	-0.132	0.353	46.22	0.411	0.447	436	459	-0.333333	0.076253	
A/duck/Fujian/12.7_FZHX12	0.2322	0.2902	0.5137	0.2388	0.154	-0.132	0.353	46.22	0.411	0.447	436	459	-0.333333	0.076253	
A/duck/Guangdong/11.18_SZ	0.2400	0.2853	0.4985	0.2569	0.158	-0.113	0.366	47.62	0.416	0.446	435	459	-0.348802	0.076253	
A/duck/Guangdong/11.18_SZ	0.2400	0.2853	0.4985	0.2569	0.158	-0.113	0.366	47.62	0.416	0.446	435	459	-0.348802	0.076253	
A/duck/Guangdong/11.18_SZ	0.2400	0.2853	0.4985	0.2569	0.158	-0.113	0.366	47.62	0.416	0.446	435	459	-0.348802	0.076253	
A/duck/Guangdong/23/2004_	0.3887	0.2493	0.3758	0.2420	0.183	-0.097	0.377	50.59	0.380	0.436	424	449	-0.256347	0.097996	
A/duck/Guangdong/GD01/201	0.2401	0.2797	0.5137	0.2422	0.152	-0.136	0.351	47.10	0.404	0.443	436	459	-0.333987	0.076253	
A/duck/Guangdong/s14044/2	0.3943	0.2191	0.4035	0.2298	0.169	-0.122	0.353	51.32	0.349	0.432	447	470	-0.207021	0.100000	
A/duck/Guangdong/wy11/200	0.3316	0.2617	0.4393	0.2194	0.167	-0.129	0.354	50.66	0.376	0.434	449	472	-0.157415	0.093220	
A/duck/Guangdong/wy19/200	0.3290	0.2642	0.4393	0.2186	0.167	-0.125	0.356	50.71	0.379	0.436	449	472	-0.158051	0.093220	
A/duck/Guangdong/wy24/200	0.3359	0.2636	0.4352	0.2134	0.167	-0.129	0.356	50.85	0.376	0.438	450	472	-0.175424	0.095339	
A/duck/Guangzhou/018/2014	0.2375	0.2823	0.5106	0.2457	0.151	-0.141	0.349	46.99	0.408	0.445	436	459	-0.344662	0.076253	
A/duck/Guangzhou/021/2014	0.2375	0.2823	0.5106	0.2457	0.152	-0.136	0.351	47.16	0.408	0.444	436	459	-0.333987	0.076253	
A/duck/Guangzhou/41227/20	0.2395	0.2789	0.5107	0.2526	0.146	-0.150	0.342	47.07	0.408	0.444	436	459	-0.320044	0.076253	
A/duck/Guizhou/7.27_ZYLJJ	0.2447	0.2846	0.4924	0.2561	0.155	-0.121	0.361	47.82	0.416	0.447	435	459	-0.361220	0.076253	
A/duck/Guizhou/8.26_ZYLJJ	0.2414	0.2865	0.5046	0.2465	0.152	-0.122	0.360	47.09	0.411	0.444	436	459	-0.357081	0.076253	
A/duck/Guizhou/8.26_ZYLJJ	0.2414	0.2865	0.5046	0.2465	0.152	-0.122	0.360	47.09	0.411	0.444	436	459	-0.357081	0.076253	
A/duck/Hainan/12.29_HKPL0	0.2467	0.2812	0.4985	0.2544	0.152	-0.122	0.360	47.55	0.411	0.443	436	459	-0.361874	0.076253	
A/duck/Hebei/0908/2009_H5	0.4076	0.2380	0.4121	0.1884	0.179	-0.083	0.383	50.49	0.334	0.421	446	469	-0.274840	0.085288	
A/duck/Hong_Kong/342/1978	0.3769	0.2714	0.3739	0.2343	0.170	-0.106	0.371	51.81	0.391	0.436	448	469	-0.329424	0.085288	
A/duck/Hsinchu/15020216/2	0.3829	0.2519	0.4091	0.2153	0.166	-0.143	0.347	50.97	0.361	0.422	449	469	-0.273134	0.087420	
A/duck/HuBei/03/2010_H5N5	0.3463	0.2429	0.4302	0.2387	0.168	-0.140	0.349	51.72	0.373	0.434	450	472	-0.168856	0.097458	
A/duck/Hubei/2911/2007_H5	0.3952	0.2387	0.3679	0.2473	0.176	-0.097	0.378	49.14	0.376	0.437	426	449	-0.257238	0.095768	
A/duck/Hubei/49/2005_H5N1	0.3936	0.2420	0.3880	0.2270	0.177	-0.089	0.383	48.45	0.364	0.430	426	449	-0.261025	0.097996	
A/duck/Hubei/SZY250/2016_	0.3772	0.2582	0.4043	0.2143	0.177	-0.112	0.367	50.21	0.369	0.429	447	469	-0.340938	0.087420	
A/duck/Hubei/xn/2007_H5N1	0.3973	0.2213	0.3817	0.2581	0.167	-0.110	0.372	48.87	0.365	0.429	425	449	-0.246771	0.100223	
A/duck/Hunan/01.12_YYGK82	0.2334	0.2918	0.5137	0.2396	0.154	-0.126	0.358	47.75	0.411	0.444	436	459	-0.329194	0.076253	
A/duck/Hunan/03.07_YYGK25	0.2255	0.2997	0.4955	0.2526	0.160	-0.099	0.372	48.12	0.428	0.452	435	458	-0.299563	0.076419	
A/duck/Hunan/03.07_YYGK4L	0.2467	0.2732	0.5015	0.2596	0.156	-0.123	0.359	45.79	0.407	0.443	435	459	-0.303486	0.076253	
A/duck/Hunan/03.24_YYGK17	0.2328	0.2857	0.5137	0.2448	0.153	-0.128	0.356	46.77	0.411	0.445	436	459	-0.366885	0.076253	
A/duck/Hunan/03.24_YYGK17	0.2328	0.2857	0.5137	0.2448	0.153	-0.128	0.356	46.77	0.411	0.445	436	459	-0.366885	0.076253	
A/duck/Hunan/03.24_YYGK18	0.2328	0.2857	0.5137	0.2448	0.153	-0.128	0.356	46.77	0.411	0.445	436	459	-0.366885	0.076253	
A/duck/Hunan/03.24_YYGK21	0.2328	0.2857	0.5137	0.2448	0.153	-0.128	0.356	46.77	0.411	0.445	436	459	-0.366885	0.076253	
A/duck/Hunan/1.12_YYGK68H	0.2440	0.2838	0.4970	0.2526	0.154	-0.122	0.360	47.57	0.413	0.445	436	459	-0.361438	0.074074	
A/duck/Hunan/1.12_YYGK72H	0.2440	0.2838	0.4970	0.2526	0.154	-0.122	0.360	47.57	0.413	0.445	436	459	-0.361438	0.074074	
A/duck/Hunan/1.12_YYGK74H	0.2334	0.2918	0.5137	0.2396	0.154	-0.126	0.358	47.75	0.411	0.444	436	459	-0.329194	0.076253	
A/duck/Hunan/1.17_YYGKK80	0.2267	0.2960	0.5000	0.2552	0.161	-0.104	0.371	47.44	0.426	0.453	434	459	-0.348584	0.076253	
A/duck/Hunan/11.30_YYGK59	0.2453	0.2800	0.5106	0.2422	0.158	-0.128	0.356	45.82	0.402	0.441	435	459	-0.349455	0.076253	
A/duck/Hunan/11.30_YYGK62	0.2387	0.2865	0.5091	0.2422	0.158	-0.120	0.360	47.83	0.408	0.445	436	459	-0.316122	0.076253	
A/duck/Hunan/11.30_YYGK63	0.2387	0.2865	0.5091	0.2422	0.158	-0.120	0.360	47.83	0.408	0.445	436	459	-0.316122	0.076253	
A/duck/Hunan/11.30_YYGK74	0.3821	0.2179	0.4076	0.2403	0.158	-0.148	0.338	51.82	0.356	0.437	447	470	-0.192340	0.095745	
A/duck/Hunan/11.30_YYGK75	0.2487	0.2778	0.5120	0.2302	0.156	-0.124	0.358	47.58	0.394	0.442	436	459	-0.322440	0.076253	
A/duck/Hunan/12.27_YYGK10	0.2293	0.2933	0.5000	0.2561	0.162	-0.103	0.371	47.37	0.424	0.452	434	459	-0.337255	0.076253	
A/duck/Hunan/12.27_YYGK60	0.2460	0.2778	0.5030	0.2448	0.152	-0.128	0.356	47.95	0.404	0.444	436	459	-0.311111	0.076253	
A/duck/Hunan/12.27_YYGK71	0.2293	0.2933	0.5000	0.2561	0.162	-0.103	0.371	47.37	0.424	0.452	434	459	-0.337255	0.076253	
A/duck/Hunan/12.27_YYGK73	0.2460	0.2778	0.5090	0.2379	0.153	-0.124	0.358	47.77	0.399	0.443	436	459	-0.311111	0.076253	
A/duck/Hunan/12.27_YYGK81	0.2293	0.2933	0.5000	0.2561	0.162	-0.103	0.371	47.37	0.424	0.452	434	459	-0.337255	0.076253	
A/duck/Hunan/12.27_YYGK86	0.2460	0.2778	0.5030	0.2448	0.152	-0.128	0.356	47.95	0.404	0.444	436	459	-0.311111	0.076253	
A/duck/Hunan/12.27_YYGK89	0.2293	0.2933	0.5000	0.2561	0.162	-0.103	0.371	47.37	0.424	0.452	434	459	-0.337255	0.076253	
A/duck/Hunan/12.27_YYGK91	0.2320	0.2907	0.5000	0.2561	0.161	-0.107	0.369	47.34	0.422	0.451	434	459	-0.337255	0.076253	
A/duck/Hunan/12.27_YYGK93	0.2293	0.2933	0.5000	0.2561	0.162	-0.103	0.371	47.37	0.424	0.452	434	459	-0.337255	0.076253	
A/duck/Hunan/12.27_YYGK95	0.2293	0.2933	0.5000	0.2561	0.162	-0.103	0.371	47.37	0.424	0.452	434	459	-0.337255	0.076253	
A/duck/Hunan/12.27_YYGK96	0.2320	0.2907	0.5000	0.2561	0.161	-0.107	0.369	47.34	0.422	0.451	434	459	-0.337255	0.076253	
A/duck/Hunan/12.27_YYGK97	0.2320	0.2907	0.5000	0.2561	0.161	-0.107	0.369	47.44	0.422	0.451	434	459	-0.337255	0.076253	
A/duck/Hunan/2.06_YYGK77J	0.2249	0.3016	0.4955	0.2526	0.160	-0.096	0.374	48.10	0.429	0.452	436	459	-0.306536	0.076253	
A/duck/Hunan/2.06_YYGK78J	0.2435	0.2876	0.5104	0.2347	0.157	-0.106	0.370	47.26	0.404	0.439	446	470	-0.355958	0.074468	
A/duck/Hunan/2.06_YYGK84J	0.2255	0.2997	0.4955	0.2526	0.160	-0.099	0.372	48.12	0.428	0.452	435	458	-0.299563	0.076419	
A/duck/Hunan/2.06_YYGK92J	0.2249	0.3016	0.4955	0.2526	0.160	-0.096	0.374	48.12	0.429	0.452	436	459	-0.306536	0.076253	
A/duck/Hunan/3/2007_H5N1|	0.3957	0.2246	0.3797	0.2581	0.168	-0.109	0.373	48.64	0.368	0.431	424	449	-0.256793	0.097996	
A/duck/Hunan/316/2005_H5N	0.3952	0.2361	0.3849	0.2340	0.173	-0.106	0.373	48.05	0.364	0.430	426	449	-0.259688	0.097996	
A/duck/Hunan/3315/2006_H5	0.3893	0.2480	0.3711	0.2386	0.181	-0.092	0.379	48.77	0.379	0.437	425	449	-0.247661	0.097996	
A/duck/Hunan/689/2006_H5N	0.3899	0.2440	0.3691	0.2473	0.176	-0.095	0.380	48.91	0.380	0.438	426	449	-0.271047	0.097996	
A/duck/Hunan/7.21_YYGK41Y	0.2361	0.2865	0.5045	0.2466	0.160	-0.128	0.356	47.19	0.413	0.447	436	459	-0.334858	0.076253	
A/duck/Hunan/733/2004_H5N	0.3873	0.2493	0.3636	0.2465	0.180	-0.087	0.385	49.84	0.385	0.440	426	449	-0.243875	0.097996	
A/duck/Hunan/8/2008_H5N1|	0.3947	0.2213	0.3844	0.2553	0.167	-0.101	0.376	48.23	0.364	0.431	426	449	-0.248775	0.097996	
A/duck/Hunan/S4020/2008_H	0.3904	0.2353	0.3785	0.2536	0.181	-0.097	0.379	48.17	0.374	0.434	425	449	-0.231849	0.097996	
A/duck/Hunan/S4030/2011_H	0.3787	0.2427	0.3762	0.2598	0.172	-0.114	0.369	48.93	0.385	0.437	426	449	-0.252784	0.097996	
A/duck/Hunan/S4101/2011_H	0.4005	0.2449	0.4066	0.2103	0.181	-0.115	0.365	52.73	0.350	0.424	449	469	-0.312367	0.085288	
A/duck/Hunan/S4120/2011_H	0.4005	0.2449	0.4066	0.2096	0.183	-0.114	0.365	52.68	0.350	0.424	449	469	-0.313006	0.085288	
A/duck/Hunan/S4150/2011_H	0.3920	0.2267	0.3648	0.2740	0.167	-0.109	0.372	48.88	0.381	0.434	425	449	-0.251670	0.095768	
A/duck/Hunan/S4220/2011_H	0.3793	0.2414	0.3699	0.2688	0.172	-0.099	0.377	49.22	0.389	0.436	427	449	-0.232517	0.097996	
A/duck/Jiangsu/m234/2012_	0.3914	0.2500	0.4043	0.2083	0.175	-0.097	0.376	51.01	0.356	0.425	447	469	-0.269936	0.087420	
A/duck/Jiangxi/01.11_NCNP	0.2381	0.2857	0.5091	0.2431	0.157	-0.123	0.358	47.24	0.408	0.445	436	459	-0.308061	0.076253	
A/duck/Jiangxi/10160/2014	0.2682	0.2812	0.4611	0.2768	0.150	-0.136	0.355	50.84	0.422	0.444	445	470	-0.348723	0.072340	
A/duck/Jiangxi/11.17_NCNP	0.2453	0.2800	0.5152	0.2413	0.157	-0.122	0.361	46.76	0.400	0.439	435	459	-0.346841	0.076253	
A/duck/Jiangxi/11.17_NCNP	0.2453	0.2800	0.5152	0.2413	0.157	-0.122	0.361	46.76	0.400	0.439	435	459	-0.346841	0.076253	
A/duck/Jiangxi/11.29_NCDZ	0.2249	0.3016	0.5000	0.2500	0.161	-0.097	0.374	48.11	0.427	0.449	436	459	-0.324619	0.076253	
A/duck/Jiangxi/11.29_NCNP	0.2460	0.2804	0.5090	0.2337	0.156	-0.120	0.360	47.70	0.399	0.444	436	459	-0.321569	0.076253	
A/duck/Jiangxi/11.29_NCNP	0.2328	0.2910	0.5015	0.2491	0.159	-0.116	0.362	47.38	0.417	0.450	436	459	-0.307190	0.076253	
A/duck/Jiangxi/120/2011_H	0.3904	0.2513	0.3719	0.2376	0.183	-0.096	0.378	50.76	0.378	0.434	426	449	-0.264811	0.095768	
A/duck/Jiangxi/130/2011_H	0.3920	0.2293	0.3616	0.2796	0.165	-0.108	0.373	49.32	0.385	0.432	426	449	-0.269042	0.095768	
A/duck/Jiangxi/13469/2014	0.2649	0.2831	0.4643	0.2715	0.150	-0.140	0.352	51.06	0.422	0.445	446	470	-0.337234	0.072340	
A/duck/Jiangxi/13475/2014	0.2649	0.2831	0.4643	0.2715	0.150	-0.140	0.352	51.06	0.422	0.445	446	470	-0.337234	0.072340	
A/duck/Jiangxi/13484/2014	0.2649	0.2831	0.4643	0.2715	0.150	-0.140	0.352	51.06	0.422	0.445	446	470	-0.337234	0.072340	
A/duck/Jiangxi/2.28NCNP23	0.2361	0.2891	0.5152	0.2353	0.158	-0.120	0.360	47.24	0.406	0.444	436	459	-0.316122	0.076253	
A/duck/Jiangxi/2.28_NCNP2	0.2361	0.2891	0.5152	0.2353	0.158	-0.120	0.360	47.24	0.406	0.444	436	459	-0.316122	0.076253	
A/duck/Jiangxi/34/2011_H5	0.3883	0.2340	0.3636	0.2780	0.169	-0.104	0.375	48.68	0.386	0.431	427	449	-0.231849	0.097996	
A/duck/Jiangxi/35/2011_H5	0.3873	0.2387	0.3605	0.2744	0.171	-0.100	0.377	49.17	0.389	0.434	427	449	-0.227617	0.097996	
A/duck/Jiangxi/44/2011_H5	0.3873	0.2308	0.3711	0.2724	0.171	-0.106	0.375	48.43	0.382	0.433	427	449	-0.254566	0.100223	
A/duck/Jiangxi/5.26_NCDZT	0.2381	0.2857	0.5030	0.2500	0.156	-0.124	0.358	47.25	0.413	0.448	436	459	-0.313290	0.076253	
A/duck/Jiangxi/80/2005_H5	0.3899	0.2414	0.3774	0.2403	0.171	-0.106	0.373	48.77	0.373	0.434	426	449	-0.262806	0.095768	
A/duck/Jilin/JL-SIV/2013_	0.3915	0.2381	0.3924	0.2330	0.170	-0.107	0.372	48.80	0.363	0.428	427	449	-0.274610	0.097996	
A/duck/Kaohsiung/15010213	0.3810	0.2556	0.4000	0.2180	0.166	-0.139	0.350	51.62	0.367	0.426	449	469	-0.280810	0.087420	
A/duck/Kaohsiung/15WB3298	0.3283	0.2879	0.4241	0.2411	0.162	-0.103	0.374	55.78	0.405	0.437	449	469	-0.317697	0.091684	
A/duck/Kaohsiung/20WB0242	0.3325	0.2821	0.4352	0.2305	0.161	-0.111	0.369	55.79	0.393	0.431	450	469	-0.307036	0.091684	
A/duck/Liaoning/LN/2011_H	0.3428	0.2526	0.4422	0.2122	0.166	-0.119	0.360	49.76	0.364	0.430	450	472	-0.150847	0.093220	
A/duck/Nanchang/9789/2013	0.3783	0.2407	0.3699	0.2708	0.167	-0.099	0.377	50.12	0.389	0.434	427	449	-0.234967	0.097996	
A/duck/Nantou/15A3437/201	0.3794	0.2538	0.4061	0.2165	0.167	-0.141	0.350	51.16	0.365	0.426	449	469	-0.300853	0.087420	
A/duck/Nantou/17A0243/201	0.3825	0.2500	0.4048	0.2165	0.164	-0.143	0.347	50.30	0.362	0.424	450	469	-0.276546	0.087420	
A/duck/Pingtung/15010180/	0.3333	0.2828	0.4198	0.2473	0.164	-0.103	0.373	54.86	0.404	0.436	450	469	-0.314286	0.091684	
A/duck/Pingtung/15010444/	0.3794	0.2588	0.3988	0.2172	0.167	-0.136	0.352	51.43	0.370	0.427	449	469	-0.267377	0.087420	
A/duck/Pingtung/17A0160/2	0.3810	0.2506	0.4096	0.2123	0.163	-0.143	0.347	49.88	0.360	0.424	450	469	-0.276546	0.087420	
A/duck/Pingtung/18A00003-	0.3810	0.2481	0.4054	0.2211	0.167	-0.140	0.348	50.84	0.364	0.424	451	469	-0.284862	0.087420	
A/duck/Pingtung/18A00076-	0.3804	0.2569	0.4109	0.2062	0.169	-0.138	0.350	50.76	0.361	0.423	449	469	-0.288060	0.087420	
A/duck/Pingtung/18X00077/	0.3838	0.2475	0.4036	0.2211	0.165	-0.150	0.343	49.54	0.363	0.425	449	469	-0.289979	0.087420	
A/duck/Shandong/009/2008_	0.3803	0.2553	0.3793	0.2332	0.170	-0.109	0.371	49.67	0.380	0.437	426	449	-0.266815	0.095768	
A/duck/Shandong/Q1/2013_H	0.3923	0.2128	0.3994	0.2412	0.161	-0.135	0.346	51.53	0.353	0.436	448	470	-0.202128	0.097872	
A/duck/Shandong/SD0261/20	0.2527	0.2713	0.5061	0.2466	0.160	-0.130	0.356	48.09	0.399	0.443	436	459	-0.321351	0.076253	
A/duck/Shandong/SD0263/20	0.2500	0.2713	0.5060	0.2449	0.158	-0.133	0.353	48.42	0.399	0.442	436	459	-0.327233	0.074074	
A/duck/Sichuan/NCXJ15/201	0.2649	0.2857	0.4597	0.2759	0.152	-0.120	0.363	51.59	0.426	0.445	446	470	-0.343830	0.072340	
A/duck/Sichuan/NCXJ16/201	0.2689	0.2820	0.4554	0.2818	0.152	-0.120	0.363	51.75	0.426	0.445	446	470	-0.351277	0.072340	
A/duck/Sichuan/NCXN10/201	0.3747	0.2454	0.3738	0.2662	0.175	-0.080	0.387	49.15	0.389	0.434	429	449	-0.210022	0.097996	
A/duck/Sichuan/NCXN11/201	0.3747	0.2454	0.3789	0.2581	0.174	-0.079	0.387	49.31	0.385	0.432	429	449	-0.208463	0.095768	
A/duck/Sichuan/SC4822/202	0.2400	0.2907	0.5060	0.2355	0.159	-0.095	0.374	47.18	0.408	0.444	436	459	-0.378867	0.071895	
A/duck/Sichuan/SC5698/202	0.2373	0.2907	0.5090	0.2355	0.158	-0.095	0.374	47.18	0.408	0.443	436	459	-0.378867	0.071895	
A/duck/Taichung/15010400-	0.3794	0.2563	0.4043	0.2195	0.166	-0.144	0.347	51.42	0.367	0.424	449	469	-0.269723	0.089552	
A/duck/Tainan/15010403/20	0.3734	0.2225	0.4052	0.2436	0.162	-0.145	0.342	50.63	0.364	0.441	448	470	-0.235106	0.095745	
A/duck/Tainan/16010020-1/	0.3804	0.2620	0.4030	0.2111	0.172	-0.125	0.359	51.16	0.367	0.426	449	469	-0.276759	0.087420	
A/duck/Tainan/16WB3443-15	0.3266	0.2911	0.4272	0.2384	0.161	-0.099	0.376	55.76	0.405	0.434	449	469	-0.318550	0.091684	
A/duck/Taipei/05WB830-1-5	0.3844	0.2487	0.4012	0.2265	0.164	-0.133	0.354	52.59	0.365	0.423	449	469	-0.306823	0.089552	
A/duck/Taipei/18WB0120-1-	0.3308	0.2854	0.4383	0.2278	0.159	-0.100	0.376	55.67	0.393	0.430	450	469	-0.313006	0.091684	
A/duck/Taipei/19WB0235-14	0.3333	0.2854	0.4325	0.2254	0.164	-0.107	0.371	55.59	0.393	0.432	450	469	-0.301279	0.091684	
A/duck/Taiwan/01006/2015_	0.3819	0.2563	0.4000	0.2180	0.167	-0.140	0.350	51.25	0.367	0.426	449	469	-0.278678	0.087420	
A/duck/Taiwan/11213/2013_	0.3811	0.2634	0.4154	0.2077	0.178	-0.091	0.381	51.51	0.363	0.422	446	469	-0.306183	0.089552	
A/duck/Taiwan/11254/2013_	0.3811	0.2634	0.4185	0.2042	0.179	-0.087	0.383	51.31	0.361	0.421	446	469	-0.306183	0.089552	
A/duck/Taiwan/A3400/2015_	0.3708	0.2251	0.4052	0.2436	0.161	-0.147	0.339	50.65	0.366	0.443	448	470	-0.236809	0.095745	
A/duck/Taiwan/DV1238/2009	0.3864	0.2449	0.4164	0.2083	0.167	-0.122	0.360	51.67	0.351	0.421	447	469	-0.288913	0.087420	
A/duck/Taiwan/DV1241/2009	0.3864	0.2449	0.4164	0.2083	0.167	-0.122	0.360	51.67	0.351	0.421	447	469	-0.288913	0.087420	
A/duck/Taiwan/DV1242/2009	0.3864	0.2449	0.4164	0.2083	0.167	-0.122	0.360	51.67	0.351	0.421	447	469	-0.288913	0.087420	
A/duck/Taoyuan/16010023-1	0.3854	0.2569	0.4012	0.2160	0.170	-0.133	0.354	51.54	0.365	0.424	449	469	-0.281024	0.087420	
A/duck/Wenzhou/YJYF33/201	0.3910	0.2287	0.3565	0.2842	0.162	-0.112	0.369	47.79	0.388	0.433	425	449	-0.247439	0.095768	
A/duck/Wuhan/JXYFB22/2015	0.2460	0.2725	0.5000	0.2639	0.151	-0.147	0.344	47.24	0.411	0.442	436	459	-0.347059	0.076253	
A/duck/Wuhan/WHYF02/2015_	0.2507	0.2665	0.5046	0.2552	0.149	-0.155	0.342	47.27	0.401	0.444	436	459	-0.348148	0.076253	
A/duck/Xinjiang/12.18_WLM	0.3795	0.2205	0.4047	0.2435	0.158	-0.140	0.342	52.68	0.360	0.438	447	470	-0.192340	0.095745	
A/duck/Yilan/17A0092/2017	0.3819	0.2513	0.4072	0.2123	0.164	-0.150	0.342	49.15	0.360	0.424	450	469	-0.267804	0.085288	
A/duck/Yunlin/15010244-1/	0.3794	0.2563	0.4030	0.2180	0.166	-0.140	0.350	51.34	0.367	0.426	449	469	-0.278678	0.087420	
A/duck/Yunlin/15010277/20	0.3760	0.2225	0.4023	0.2436	0.164	-0.141	0.344	50.70	0.364	0.441	448	470	-0.235106	0.095745	
A/duck/Yunlin/15010310-4/	0.3794	0.2563	0.4030	0.2180	0.166	-0.140	0.350	51.34	0.367	0.426	449	469	-0.278678	0.087420	
A/duck/Yunlin/15010318-2/	0.3804	0.2544	0.4079	0.2138	0.166	-0.140	0.350	51.03	0.363	0.424	449	469	-0.278678	0.087420	
A/duck/Yunlin/15010369-1/	0.3794	0.2563	0.4030	0.2180	0.166	-0.140	0.350	51.34	0.367	0.426	449	469	-0.278678	0.087420	
A/duck/Yunlin/15010458-1/	0.3760	0.2225	0.4023	0.2436	0.164	-0.141	0.344	50.70	0.364	0.441	448	470	-0.235106	0.095745	
A/duck/Yunlin/15070002-2/	0.3819	0.2588	0.3982	0.2188	0.171	-0.129	0.356	51.37	0.370	0.426	449	469	-0.275693	0.087420	
A/duck/Yunlin/15A5019/201	0.3819	0.2588	0.3982	0.2188	0.171	-0.130	0.356	51.15	0.370	0.427	449	469	-0.280810	0.087420	
A/duck/Yunlin/17110001/20	0.3759	0.2531	0.4054	0.2184	0.167	-0.139	0.349	50.61	0.367	0.426	450	469	-0.276119	0.087420	
A/duck/Yunlin/17A0086/201	0.3844	0.2487	0.4096	0.2138	0.163	-0.164	0.336	49.21	0.358	0.420	450	469	-0.294456	0.089552	
A/duck/Yunlin/17A0686/201	0.3810	0.2531	0.4006	0.2192	0.165	-0.144	0.347	50.11	0.367	0.426	450	469	-0.286994	0.087420	
A/duck/Yunlin/18060007-3/	0.3700	0.2575	0.3982	0.2279	0.166	-0.141	0.348	51.51	0.377	0.431	451	469	-0.294243	0.085288	
A/duck/Yunlin/18X00007-3/	0.3860	0.2481	0.4109	0.2103	0.157	-0.181	0.324	49.33	0.356	0.421	450	469	-0.259488	0.089552	
A/duck/Yunnan/4072/2003_H	0.3936	0.2447	0.3574	0.2535	0.181	-0.099	0.378	49.65	0.385	0.439	426	449	-0.237194	0.097996	
A/duck/Yunnan/426/2004_H5	0.3963	0.2420	0.3542	0.2570	0.181	-0.103	0.376	49.90	0.385	0.439	426	449	-0.237194	0.097996	
A/duck/Yunnan/4645/2003_H	0.3936	0.2447	0.3574	0.2535	0.181	-0.099	0.378	49.65	0.385	0.439	426	449	-0.237194	0.097996	
A/duck/Yunnan/47/2006_H5N	0.3893	0.2533	0.3648	0.2456	0.178	-0.093	0.380	50.47	0.385	0.435	426	449	-0.241648	0.100223	
A/duck/Yunnan/485/2004_H5	0.3936	0.2420	0.3553	0.2615	0.180	-0.103	0.376	49.48	0.387	0.439	426	449	-0.244098	0.097996	
A/duck/Yunnan/4873/2006_H	0.3867	0.2507	0.3730	0.2420	0.176	-0.104	0.373	50.44	0.380	0.434	426	449	-0.237862	0.097996	
A/duck/Yunnan/5090/2003_H	0.3936	0.2447	0.3574	0.2535	0.181	-0.099	0.378	49.65	0.385	0.439	426	449	-0.237194	0.097996	
A/duck/Yunnan/5169/2003_H	0.3936	0.2447	0.3574	0.2535	0.181	-0.099	0.378	49.65	0.385	0.439	426	449	-0.237194	0.097996	
A/duck/Yunnan/522/2004_H5	0.3963	0.2420	0.3574	0.2535	0.182	-0.099	0.378	49.85	0.383	0.439	426	449	-0.237194	0.097996	
A/duck/Yunnan/5310/2006_H	0.3899	0.2440	0.3817	0.2340	0.176	-0.096	0.378	48.11	0.371	0.431	426	449	-0.249443	0.097996	
A/duck/Yunnan/5948/2003_H	0.3936	0.2447	0.3574	0.2535	0.181	-0.099	0.378	49.65	0.385	0.439	426	449	-0.237194	0.097996	
A/duck/Yunnan/6080/2003_H	0.3910	0.2447	0.3574	0.2570	0.179	-0.103	0.376	49.69	0.387	0.439	426	449	-0.237194	0.097996	
A/duck/Yunnan/6603/2003_H	0.3910	0.2447	0.3585	0.2580	0.179	-0.108	0.373	49.63	0.387	0.439	426	449	-0.244098	0.097996	
A/duck/Zhejiang/1026109/2	0.3864	0.2551	0.3933	0.2199	0.182	-0.089	0.380	48.79	0.369	0.431	447	469	-0.312367	0.087420	
A/duck/Zhejiang/1220092/2	0.3963	0.2234	0.3659	0.2724	0.163	-0.118	0.367	47.89	0.376	0.431	425	449	-0.250111	0.095768	
A/duck/Zhejiang/213/2011_	0.3856	0.2367	0.3699	0.2688	0.172	-0.103	0.375	48.40	0.384	0.434	427	449	-0.239644	0.097996	
A/duck/Zhejiang/224/2011_	0.3820	0.2387	0.3625	0.2750	0.173	-0.100	0.377	48.21	0.391	0.436	427	449	-0.233853	0.097996	
A/duck/Zhejiang/2242/2011	0.3810	0.2381	0.3625	0.2786	0.171	-0.101	0.376	48.66	0.393	0.436	428	449	-0.247884	0.095768	
A/duck/Zhejiang/2243/2011	0.3783	0.2407	0.3636	0.2760	0.174	-0.094	0.379	48.33	0.393	0.436	427	449	-0.223608	0.097996	
A/duck/Zhejiang/2244/2011	0.3830	0.2394	0.3616	0.2760	0.174	-0.098	0.378	48.26	0.392	0.436	426	449	-0.245657	0.097996	
A/duck/Zhejiang/2245/2011	0.3878	0.2653	0.3374	0.2699	0.187	-0.074	0.393	53.89	0.409	0.440	445	469	-0.237740	0.106610	
A/duck/Zhejiang/2248/2011	0.3820	0.2387	0.3648	0.2780	0.170	-0.104	0.375	48.25	0.391	0.434	427	449	-0.231180	0.100223	
A/duck/Zhejiang/6D18/2013	0.3907	0.2134	0.3924	0.2500	0.157	-0.159	0.333	51.23	0.359	0.438	448	470	-0.202553	0.097872	
A/duck/Zhejiang/6D2/2013_	0.2694	0.2824	0.4687	0.2621	0.150	-0.143	0.350	51.63	0.415	0.443	446	470	-0.350638	0.072340	
A/duck/Zhejiang/6DK19/201	0.3838	0.2551	0.4116	0.2098	0.170	-0.101	0.373	51.21	0.359	0.420	448	469	-0.277186	0.087420	
A/duck/Zhejiang/727041/20	0.3980	0.2544	0.3963	0.2028	0.179	-0.070	0.389	52.23	0.356	0.420	447	469	-0.286994	0.085288	
A/duck/Zhejiang/727158/20	0.2310	0.2861	0.5137	0.2465	0.149	-0.140	0.348	46.80	0.412	0.446	437	459	-0.321569	0.076253	
A/duck/Zhejiang/77138/201	0.3800	0.2500	0.4091	0.2118	0.158	-0.137	0.353	51.85	0.359	0.426	448	469	-0.266098	0.087420	
A/duck/Zhejiang/925019/20	0.3918	0.2139	0.3936	0.2468	0.160	-0.154	0.336	51.76	0.358	0.438	447	470	-0.214255	0.097872	
A/duck/Zhejiang/925169/20	0.3918	0.2139	0.3907	0.2500	0.160	-0.158	0.333	51.78	0.360	0.438	447	470	-0.214255	0.097872	
A/duck/Zhejiang/W24/2013_	0.3907	0.2134	0.3924	0.2508	0.158	-0.158	0.333	51.79	0.359	0.437	448	470	-0.192340	0.097872	
A/egret/Zhejiang/W15/2017	0.2373	0.2827	0.5106	0.2448	0.159	-0.123	0.359	46.30	0.408	0.444	434	459	-0.344009	0.076253	
A/egret/Zhejiang/W18/2017	0.2267	0.2960	0.4985	0.2552	0.162	-0.099	0.373	47.43	0.426	0.455	434	459	-0.325054	0.076253	
A/equine/China/61/2010_H5	0.3899	0.2414	0.3899	0.2278	0.173	-0.101	0.376	48.88	0.364	0.430	426	449	-0.241425	0.097996	
A/equine/China/67/2010_H5	0.3899	0.2414	0.3899	0.2278	0.173	-0.101	0.376	48.88	0.364	0.430	426	449	-0.241425	0.097996	
A/equine/China/68/2010_H5	0.3899	0.2414	0.3899	0.2278	0.173	-0.101	0.376	48.88	0.364	0.430	426	449	-0.241425	0.097996	
A/eurasian_coot/Shandong/	0.3566	0.2429	0.3971	0.2557	0.157	-0.121	0.355	53.36	0.387	0.447	445	470	-0.208723	0.093617	
A/eurasian_coot/Shandong/	0.3566	0.2429	0.3971	0.2557	0.157	-0.121	0.355	53.36	0.387	0.447	445	470	-0.208723	0.093617	
A/eurasian_coot/Shandong/	0.3566	0.2429	0.3971	0.2557	0.157	-0.121	0.355	53.36	0.387	0.447	445	470	-0.208723	0.093617	
A/eurasian_coot/Shandong/	0.3566	0.2429	0.3971	0.2557	0.157	-0.121	0.355	53.36	0.387	0.447	445	470	-0.208723	0.093617	
A/feline/Guangdong/2/2015	0.2316	0.2842	0.5137	0.2491	0.150	-0.145	0.348	46.99	0.412	0.447	437	459	-0.367102	0.076253	
A/gadwall/Ningxia/YG61/20	0.2667	0.2692	0.4615	0.2761	0.144	-0.161	0.336	50.39	0.418	0.448	447	470	-0.312766	0.074468	
A/goose/Changhua/15040008	0.3819	0.2538	0.4000	0.2222	0.164	-0.140	0.350	51.37	0.367	0.426	449	469	-0.272708	0.087420	
A/goose/Chiayi/15010008-3	0.3794	0.2563	0.4030	0.2180	0.166	-0.140	0.350	51.34	0.367	0.426	449	469	-0.278678	0.087420	
A/goose/Chiayi/15010016-1	0.3819	0.2563	0.4000	0.2180	0.167	-0.140	0.350	51.25	0.367	0.426	449	469	-0.278678	0.087420	
A/goose/Chiayi/15020022/2	0.3760	0.2225	0.4023	0.2436	0.164	-0.141	0.344	50.70	0.364	0.441	448	470	-0.235106	0.095745	
A/goose/Chiayi/16010017-2	0.3829	0.2594	0.4030	0.2111	0.171	-0.129	0.356	51.13	0.365	0.425	449	469	-0.276759	0.087420	
A/goose/Chiayi/16040003-1	0.3829	0.2569	0.4085	0.2118	0.171	-0.139	0.352	51.13	0.363	0.424	449	469	-0.282942	0.087420	
A/goose/Chiayi/16040005/2	0.3829	0.2569	0.4085	0.2118	0.171	-0.139	0.352	51.13	0.363	0.424	449	469	-0.282942	0.087420	
A/goose/Chiayi/17020027-1	0.3791	0.2519	0.4079	0.2131	0.164	-0.141	0.347	49.96	0.362	0.425	450	469	-0.242431	0.087420	
A/goose/Chiayi/17040014/2	0.3734	0.2657	0.3902	0.2300	0.172	-0.136	0.352	52.22	0.383	0.430	449	469	-0.277185	0.091684	
A/goose/Chiayi/18010006/2	0.3759	0.2556	0.4024	0.2184	0.166	-0.139	0.349	50.74	0.369	0.427	450	469	-0.276119	0.087420	
A/goose/Chiayi/18020014-1	0.3784	0.2556	0.4024	0.2150	0.164	-0.154	0.340	50.42	0.367	0.426	450	469	-0.271429	0.087420	
A/goose/Chiayi/18020014-2	0.3784	0.2556	0.4024	0.2150	0.164	-0.154	0.340	50.42	0.367	0.426	450	469	-0.271429	0.087420	
A/goose/China/0701/2018_H	0.2387	0.2865	0.5091	0.2414	0.159	-0.121	0.360	47.88	0.408	0.447	436	459	-0.322004	0.076253	
A/goose/China/1/2021_H5N8	0.3566	0.2455	0.3941	0.2549	0.155	-0.117	0.357	53.49	0.389	0.447	445	470	-0.210638	0.095745	
A/goose/China/1106/2016_H	0.3889	0.2449	0.3994	0.2199	0.177	-0.106	0.370	49.49	0.361	0.426	446	469	-0.310234	0.087420	
A/goose/China/E43/2012_H5	0.3830	0.2394	0.3553	0.2842	0.174	-0.113	0.371	48.99	0.397	0.438	426	449	-0.249221	0.097996	
A/goose/China/M14/2016_H5	0.2388	0.2808	0.5091	0.2474	0.148	-0.150	0.341	46.84	0.407	0.444	437	459	-0.293682	0.076253	
A/goose/Eastern_China/111	0.3819	0.2538	0.4030	0.2096	0.161	-0.127	0.358	50.53	0.362	0.426	447	469	-0.260554	0.089552	
A/goose/Eastern_China/223	0.3883	0.2527	0.3750	0.2297	0.179	-0.088	0.383	51.25	0.376	0.436	426	449	-0.240089	0.097996	
A/goose/Eastern_China/CZ/	0.3918	0.2139	0.3907	0.2500	0.158	-0.158	0.333	51.49	0.360	0.437	447	470	-0.214255	0.097872	
A/goose/Eastern_China/L12	0.3933	0.2159	0.4006	0.2340	0.166	-0.129	0.349	51.58	0.351	0.435	447	470	-0.215745	0.100000	
A/goose/Eastern_China/L12	0.4000	0.2026	0.4140	0.2268	0.161	-0.154	0.335	50.68	0.335	0.430	448	470	-0.214681	0.097872	
A/goose/Eastern_China/S04	0.3882	0.2185	0.3936	0.2484	0.158	-0.156	0.335	51.62	0.362	0.434	448	470	-0.220000	0.095745	
A/goose/Eastern_China/S05	0.2368	0.2816	0.5121	0.2457	0.151	-0.129	0.355	47.31	0.407	0.444	437	460	-0.324348	0.076087	
A/goose/Fujian/10.11_FZHX	0.2296	0.2902	0.5137	0.2422	0.152	-0.136	0.351	46.12	0.413	0.448	436	459	-0.333333	0.076253	
A/goose/Fujian/10.26_FZHX	0.2453	0.2800	0.5076	0.2457	0.158	-0.128	0.356	45.96	0.405	0.442	435	459	-0.349455	0.076253	
A/goose/Fujian/10.26_FZHX	0.2453	0.2800	0.5076	0.2457	0.158	-0.128	0.356	45.96	0.405	0.442	435	459	-0.349455	0.076253	
A/goose/Fujian/10.26_FZHX	0.2453	0.2800	0.5076	0.2457	0.158	-0.128	0.356	45.96	0.405	0.442	435	459	-0.349455	0.076253	
A/goose/Fujian/10.26_FZHX	0.2453	0.2800	0.5076	0.2457	0.158	-0.128	0.356	45.96	0.405	0.442	435	459	-0.349455	0.076253	
A/goose/Fujian/10.26_FZHX	0.2453	0.2800	0.5076	0.2457	0.158	-0.128	0.356	45.96	0.405	0.442	435	459	-0.349455	0.076253	
A/goose/Fujian/10.26_FZHX	0.2453	0.2800	0.5076	0.2457	0.158	-0.128	0.356	45.96	0.405	0.442	435	459	-0.349455	0.076253	
A/goose/Fujian/10.26_FZHX	0.2453	0.2800	0.5076	0.2457	0.158	-0.128	0.356	45.96	0.405	0.442	435	459	-0.349455	0.076253	
A/goose/Fujian/10.26_FZHX	0.2453	0.2800	0.5076	0.2457	0.158	-0.128	0.356	45.96	0.405	0.442	435	459	-0.349455	0.076253	
A/goose/Fujian/10.26_FZHX	0.2453	0.2800	0.5076	0.2457	0.158	-0.128	0.356	45.96	0.405	0.442	435	459	-0.349455	0.076253	
A/goose/Fujian/11.3_FZHX1	0.2296	0.2902	0.5137	0.2422	0.152	-0.136	0.351	46.12	0.413	0.448	436	459	-0.333333	0.076253	
A/goose/Fujian/3.15_FZHX0	0.2354	0.2857	0.5182	0.2353	0.156	-0.116	0.362	48.64	0.404	0.444	436	459	-0.314815	0.076253	
A/goose/Fujian/3.15_FZHX0	0.2354	0.2857	0.5182	0.2353	0.156	-0.116	0.362	48.64	0.404	0.444	436	459	-0.314815	0.076253	
A/goose/Fujian/3.15_FZHX0	0.2447	0.2846	0.4985	0.2535	0.155	-0.122	0.360	47.60	0.413	0.443	436	459	-0.360566	0.078431	
A/goose/Fujian/3.15_FZHX0	0.2414	0.2838	0.5091	0.2422	0.158	-0.121	0.360	47.87	0.406	0.445	436	459	-0.307190	0.076253	
A/goose/Fujian/3.15_FZHX0	0.2440	0.2785	0.5046	0.2535	0.151	-0.118	0.362	46.82	0.408	0.442	436	459	-0.362527	0.076253	
A/goose/GuangDong/1189/20	0.3887	0.2660	0.3171	0.2897	0.189	-0.048	0.408	52.31	0.423	0.446	444	469	-0.282942	0.102345	
A/goose/Guangdong/7.20_DG	0.2381	0.2831	0.5152	0.2388	0.155	-0.124	0.358	47.65	0.404	0.445	436	459	-0.308497	0.076253	
A/goose/Guangdong/72/2004	0.3936	0.2473	0.3605	0.2473	0.181	-0.090	0.383	50.09	0.383	0.439	426	449	-0.237639	0.097996	
A/goose/Guangdong/QY01/20	0.2354	0.2857	0.5015	0.2517	0.156	-0.125	0.358	47.63	0.415	0.450	436	459	-0.322658	0.074074	
A/goose/Guangdong/k0103/2	0.3490	0.2526	0.4438	0.2058	0.165	-0.160	0.336	51.53	0.359	0.428	449	472	-0.166526	0.082627	
A/goose/Guangdong/s13124/	0.3969	0.2165	0.4035	0.2298	0.169	-0.126	0.351	51.13	0.347	0.431	447	470	-0.207021	0.100000	
A/goose/Hebei/HG12/2021_H	0.3566	0.2429	0.3971	0.2557	0.157	-0.120	0.355	53.17	0.387	0.446	445	470	-0.198936	0.093617	
A/goose/Henan/01.01_LYGL0	0.2367	0.2819	0.5091	0.2440	0.156	-0.122	0.359	46.16	0.408	0.447	434	459	-0.343137	0.076253	
A/goose/Hong_Kong/23/1978	0.3300	0.2750	0.4400	0.2340	0.143	-0.162	0.337	50.72	0.390	0.424	451	469	-0.311514	0.091684	
A/goose/Hubei/65/2005_H5N	0.3926	0.2414	0.3817	0.2332	0.175	-0.093	0.380	48.33	0.369	0.432	426	449	-0.260356	0.097996	
A/goose/Inner_Mongolia/IM	0.3913	0.2609	0.3364	0.2772	0.186	-0.077	0.392	51.31	0.408	0.437	444	469	-0.236887	0.106610	
A/goose/Jiangsu/QD5/2014_	0.3918	0.2113	0.3965	0.2468	0.158	-0.158	0.333	51.49	0.356	0.435	447	470	-0.214255	0.097872	
A/goose/Jiangsu/k0403/201	0.3930	0.2299	0.3734	0.2616	0.172	-0.092	0.382	49.10	0.375	0.432	424	449	-0.270379	0.095768	
A/goose/Pingtung/15010007	0.3819	0.2563	0.4000	0.2180	0.167	-0.140	0.350	51.25	0.367	0.426	449	469	-0.278678	0.087420	
A/goose/Pingtung/15010037	0.3819	0.2563	0.4000	0.2180	0.167	-0.140	0.350	51.25	0.367	0.426	449	469	-0.278678	0.087420	
A/goose/Pingtung/15050014	0.3699	0.2245	0.4041	0.2460	0.162	-0.145	0.341	50.57	0.367	0.441	449	470	-0.225106	0.093617	
A/goose/Pingtung/16010061	0.3699	0.2245	0.4029	0.2452	0.162	-0.140	0.343	51.25	0.367	0.442	449	470	-0.227872	0.093617	
A/goose/Shantou/1763/2014	0.2414	0.2812	0.5122	0.2474	0.154	-0.145	0.346	46.91	0.406	0.441	436	459	-0.331373	0.076253	
A/goose/Tainan/16040018-1	0.3673	0.2270	0.4000	0.2484	0.162	-0.142	0.343	50.91	0.372	0.444	449	470	-0.210638	0.093617	
A/goose/Tainan/16070002/2	0.3699	0.2245	0.4029	0.2452	0.161	-0.145	0.341	50.68	0.367	0.443	449	470	-0.210638	0.093617	
A/goose/Tainan/17030022-1	0.3784	0.2531	0.4127	0.2096	0.163	-0.143	0.347	49.75	0.360	0.423	450	469	-0.281237	0.087420	
A/goose/Tainan/17030024-1	0.3869	0.2487	0.4048	0.2145	0.161	-0.157	0.339	49.76	0.359	0.420	449	469	-0.257569	0.089552	
A/goose/Tainan/18010022-1	0.3769	0.2563	0.3964	0.2253	0.166	-0.138	0.349	51.69	0.373	0.427	450	469	-0.279531	0.085288	
A/goose/Tainan/18050014-1	0.3860	0.2431	0.4066	0.2199	0.158	-0.172	0.329	50.66	0.358	0.422	450	469	-0.274414	0.085288	
A/goose/Taiwan/01019/2015	0.3708	0.2251	0.4052	0.2436	0.163	-0.140	0.344	50.38	0.366	0.441	448	470	-0.230000	0.095745	
A/goose/Taiwan/01022/2015	0.3794	0.2563	0.4030	0.2180	0.166	-0.140	0.350	51.34	0.367	0.426	449	469	-0.278678	0.087420	
A/goose/Taiwan/01023/2015	0.3810	0.2556	0.4018	0.2180	0.165	-0.140	0.349	51.24	0.367	0.425	450	469	-0.273134	0.087420	
A/goose/Taiwan/01031/2015	0.3784	0.2607	0.3970	0.2180	0.168	-0.131	0.354	51.34	0.372	0.427	449	469	-0.261407	0.087420	
A/goose/Taiwan/01038/2015	0.3333	0.2828	0.4198	0.2465	0.165	-0.104	0.373	54.78	0.404	0.437	450	469	-0.329424	0.089552	
A/goose/Taiwan/01039/2015	0.3708	0.2251	0.4041	0.2428	0.161	-0.148	0.339	51.01	0.366	0.443	448	470	-0.237234	0.093617	
A/goose/Taiwan/01040/2015	0.3778	0.2569	0.4079	0.2138	0.166	-0.138	0.350	51.04	0.365	0.426	449	469	-0.280384	0.087420	
A/goose/Taiwan/TNC1/2015_	0.3734	0.2225	0.4052	0.2444	0.160	-0.148	0.339	50.54	0.364	0.440	448	470	-0.242553	0.095745	
A/goose/Taiwan/TNC10/2015	0.3734	0.2225	0.4052	0.2444	0.160	-0.148	0.339	50.54	0.364	0.440	448	470	-0.242553	0.095745	
A/goose/Taiwan/TNC11/2015	0.3734	0.2225	0.4052	0.2436	0.162	-0.145	0.342	50.63	0.364	0.441	448	470	-0.235106	0.095745	
A/goose/Taiwan/TNC12/2015	0.3734	0.2225	0.4052	0.2444	0.160	-0.148	0.339	50.54	0.364	0.440	448	470	-0.242553	0.095745	
A/goose/Taiwan/TNC14/2015	0.3708	0.2251	0.4052	0.2444	0.160	-0.148	0.339	50.54	0.366	0.441	448	470	-0.242553	0.095745	
A/goose/Taiwan/TNC3/2015_	0.3734	0.2225	0.4052	0.2436	0.161	-0.144	0.342	50.59	0.364	0.441	448	470	-0.243191	0.095745	
A/goose/Taiwan/TNC7/2015_	0.3734	0.2225	0.4052	0.2444	0.160	-0.148	0.339	50.54	0.364	0.440	448	470	-0.242553	0.095745	
A/goose/Taiwan/TNC9/2015_	0.3734	0.2225	0.4052	0.2436	0.161	-0.144	0.342	50.59	0.364	0.441	448	470	-0.243191	0.095745	
A/goose/Taiwan/TNO15/2015	0.3734	0.2225	0.4052	0.2436	0.162	-0.145	0.342	50.63	0.364	0.441	448	470	-0.235106	0.095745	
A/goose/Taiwan/TNO3/2015_	0.3734	0.2225	0.4082	0.2404	0.162	-0.145	0.342	50.38	0.362	0.440	448	470	-0.235106	0.095745	
A/goose/Taiwan/TNO9/2015_	0.3734	0.2225	0.4052	0.2436	0.162	-0.145	0.342	50.63	0.364	0.441	448	470	-0.235106	0.095745	
A/goose/Taoyuan/15010041/	0.3760	0.2225	0.4023	0.2436	0.164	-0.141	0.344	50.70	0.364	0.441	448	470	-0.235106	0.095745	
A/goose/Taoyuan/18120002-	0.3860	0.2456	0.4091	0.2180	0.164	-0.148	0.344	49.88	0.358	0.421	450	469	-0.284435	0.087420	
A/goose/Xinjiang/12.18_WL	0.2362	0.2808	0.5152	0.2431	0.154	-0.127	0.355	46.26	0.405	0.442	437	459	-0.322658	0.076253	
A/goose/Xinjiang/12.18_WL	0.2362	0.2808	0.5152	0.2431	0.153	-0.126	0.355	46.21	0.405	0.442	437	459	-0.331590	0.076253	
A/goose/Xinjiang/12.18_WL	0.3795	0.2205	0.4047	0.2435	0.158	-0.140	0.342	52.68	0.360	0.438	447	470	-0.192340	0.095745	
A/goose/Xinjiang/12.18_WL	0.3795	0.2205	0.4047	0.2435	0.158	-0.140	0.342	52.68	0.360	0.438	447	470	-0.192340	0.095745	
A/goose/Xinjiang/12.18_WL	0.3795	0.2205	0.4035	0.2427	0.158	-0.140	0.342	52.63	0.360	0.438	447	470	-0.185745	0.095745	
A/goose/Xinjiang/12.18_WL	0.3795	0.2205	0.4047	0.2435	0.158	-0.140	0.342	52.68	0.360	0.438	447	470	-0.192340	0.095745	
A/goose/Yangzhou/0420/201	0.3928	0.2119	0.3977	0.2452	0.157	-0.158	0.334	51.24	0.354	0.434	446	470	-0.227234	0.097872	
A/goose/Yangzhou/YZ587/20	0.2395	0.2842	0.4909	0.2667	0.150	-0.126	0.356	47.44	0.422	0.447	436	459	-0.316993	0.076253	
A/goose/Yunlin/15010005/2	0.3804	0.2544	0.4079	0.2138	0.166	-0.140	0.350	51.03	0.363	0.424	449	469	-0.278678	0.087420	
A/goose/Yunlin/15010009-1	0.3804	0.2544	0.4079	0.2138	0.166	-0.140	0.350	51.03	0.363	0.424	449	469	-0.278678	0.087420	
A/goose/Yunlin/15010010-2	0.3804	0.2544	0.4079	0.2138	0.167	-0.136	0.352	51.04	0.363	0.425	449	469	-0.277825	0.087420	
A/goose/Yunlin/15010011-1	0.3804	0.2544	0.4079	0.2138	0.166	-0.140	0.350	51.03	0.363	0.424	449	469	-0.278678	0.087420	
A/goose/Yunlin/15010029-1	0.3804	0.2544	0.4109	0.2103	0.166	-0.140	0.350	50.95	0.361	0.424	449	469	-0.278678	0.087420	
A/goose/Yunlin/15040040/2	0.3708	0.2225	0.4082	0.2436	0.163	-0.145	0.342	50.65	0.364	0.441	448	470	-0.235106	0.095745	
A/goose/Yunlin/16020008-4	0.3804	0.2620	0.4024	0.2160	0.175	-0.117	0.363	51.67	0.370	0.425	449	469	-0.288273	0.087420	
A/goose/Yunlin/16020011-1	0.3889	0.2551	0.4012	0.2153	0.171	-0.133	0.354	51.76	0.363	0.423	449	469	-0.289765	0.089552	
A/goose/Yunlin/16040002-2	0.3813	0.2626	0.4055	0.2125	0.175	-0.123	0.361	51.84	0.367	0.424	449	469	-0.282516	0.089552	
A/goose/Yunlin/17100005/2	0.3860	0.2456	0.4066	0.2150	0.164	-0.144	0.347	49.90	0.358	0.425	450	469	-0.286780	0.087420	
A/goose/Yunlin/18030020-2	0.3769	0.2613	0.3746	0.2448	0.162	-0.132	0.354	52.62	0.390	0.434	449	469	-0.286994	0.087420	
A/goose/Yunlin/18030020-3	0.3769	0.2613	0.3716	0.2483	0.163	-0.129	0.356	52.82	0.392	0.435	449	469	-0.286994	0.087420	
A/goose/Yunlin/18040002-3	0.3844	0.2462	0.4187	0.2062	0.166	-0.143	0.347	50.81	0.351	0.421	450	469	-0.275053	0.085288	
A/goose/Yunlin/18040018-2	0.3835	0.2481	0.3982	0.2218	0.159	-0.159	0.336	50.30	0.364	0.426	450	469	-0.260128	0.083156	
A/goose/Yunlin/18090002-3	0.3810	0.2481	0.4054	0.2199	0.156	-0.163	0.336	51.02	0.362	0.424	450	469	-0.264392	0.085288	
A/goose/Yunlin/18090006-1	0.3869	0.2437	0.4036	0.2234	0.164	-0.145	0.347	51.33	0.360	0.423	450	469	-0.281450	0.087420	
A/goose/Yunlin/18110002-3	0.3860	0.2481	0.4036	0.2158	0.160	-0.162	0.336	50.04	0.360	0.425	450	469	-0.275693	0.087420	
A/goose/Yunnan/3798/2006_	0.3867	0.2533	0.3699	0.2420	0.177	-0.100	0.376	50.48	0.383	0.435	426	449	-0.237862	0.097996	
A/goose/Yunnan/4371/2006_	0.3867	0.2507	0.3730	0.2420	0.176	-0.104	0.373	50.44	0.380	0.434	426	449	-0.237862	0.097996	
A/goose/Yunnan/4389/2006_	0.3840	0.2507	0.3762	0.2420	0.174	-0.109	0.371	50.40	0.380	0.434	426	449	-0.237862	0.097996	
A/goose/Yunnan/4985/2006_	0.3867	0.2507	0.3730	0.2420	0.176	-0.104	0.373	50.44	0.380	0.434	426	449	-0.237862	0.097996	
A/goose/Yunnan/5141/2006_	0.3883	0.2500	0.3711	0.2429	0.176	-0.103	0.373	50.83	0.380	0.434	426	449	-0.227617	0.097996	
A/goose/Yunnan/5769/2006_	0.3899	0.2440	0.3817	0.2332	0.175	-0.100	0.376	48.15	0.371	0.432	426	449	-0.250111	0.097996	
A/goose/Yunnan/5979/2006_	0.3899	0.2440	0.3817	0.2332	0.175	-0.100	0.376	48.15	0.371	0.432	426	449	-0.250111	0.097996	
A/goose/Yunnan/6193/2006_	0.3862	0.2460	0.3817	0.2349	0.172	-0.097	0.378	49.07	0.373	0.433	426	449	-0.242094	0.097996	
A/goose/Zhejiang/1120132/	0.2775	0.2749	0.4688	0.2637	0.155	-0.136	0.354	50.22	0.408	0.440	446	470	-0.336596	0.072340	
A/goose/Zhejiang/112071/2	0.3770	0.2460	0.3656	0.2705	0.173	-0.107	0.373	48.83	0.394	0.438	426	449	-0.250557	0.095768	
A/goose/Zhejiang/112080/2	0.2775	0.2749	0.4688	0.2637	0.155	-0.136	0.354	50.22	0.408	0.440	446	470	-0.336596	0.072340	
A/goose/Zhejiang/727092/2	0.2310	0.2861	0.5137	0.2465	0.149	-0.140	0.348	46.80	0.412	0.446	437	459	-0.321569	0.076253	
A/goose/Zhejiang/727098/2	0.3920	0.2347	0.3812	0.2491	0.175	-0.104	0.375	48.31	0.370	0.430	427	449	-0.219599	0.097996	
A/goose/Zhejiang/727110/2	0.2310	0.2940	0.5138	0.2404	0.153	-0.134	0.352	45.80	0.414	0.447	437	459	-0.335076	0.078431	
A/goose/Zhejiang/77166/20	0.3800	0.2500	0.4091	0.2118	0.158	-0.137	0.353	51.85	0.359	0.426	448	469	-0.266098	0.087420	
A/goose/Zhejiang/77167/20	0.3800	0.2500	0.4061	0.2153	0.158	-0.137	0.353	51.93	0.362	0.426	448	469	-0.266098	0.087420	
A/goose/Zhejiang/77168/20	0.3800	0.2500	0.4091	0.2118	0.158	-0.137	0.353	51.85	0.359	0.426	448	469	-0.266098	0.087420	
A/goose/Zhejiang/925036/2	0.2407	0.2831	0.5167	0.2318	0.153	-0.141	0.349	47.09	0.400	0.442	435	459	-0.329630	0.076253	
A/goose/Zhejiang/925037/2	0.3830	0.2211	0.4023	0.2404	0.159	-0.154	0.335	51.80	0.359	0.438	448	470	-0.219149	0.095745	
A/goose/Zhejiang/925104/2	0.3856	0.2211	0.4006	0.2412	0.163	-0.149	0.339	51.84	0.359	0.437	448	470	-0.219575	0.097872	
A/goose/Zhejiang/925105/2	0.2694	0.2746	0.4776	0.2630	0.153	-0.131	0.357	50.35	0.408	0.440	446	470	-0.352340	0.072340	
A/goose/Zhejiang/925106/2	0.2414	0.2865	0.5137	0.2318	0.155	-0.142	0.349	47.31	0.402	0.441	435	459	-0.328976	0.076253	
A/goose/Zhejiang/925108/2	0.2687	0.2739	0.4762	0.2655	0.151	-0.132	0.356	50.13	0.409	0.440	447	470	-0.360000	0.070213	
A/great_black-headed_gull	0.3947	0.2240	0.3817	0.2590	0.166	-0.109	0.372	49.12	0.367	0.430	425	449	-0.264811	0.095768	
A/great_crested-grebe/Qin	0.3867	0.2293	0.3912	0.2509	0.166	-0.097	0.379	48.20	0.367	0.430	425	449	-0.265924	0.097996	
A/great_egret/Hong_Kong/8	0.3877	0.2380	0.3797	0.2500	0.174	-0.104	0.375	49.27	0.375	0.434	424	449	-0.258352	0.097996	
A/great_tit/Panjing/PJ-66	0.3947	0.2240	0.3648	0.2740	0.169	-0.106	0.374	49.18	0.379	0.434	425	449	-0.257016	0.095768	
A/green-winged_teal/Xiang	0.3794	0.2588	0.3970	0.2207	0.166	-0.144	0.347	51.62	0.372	0.428	449	469	-0.293390	0.087420	
A/grey_heron/Hong_Kong/10	0.3984	0.2273	0.3766	0.2527	0.176	-0.103	0.375	48.32	0.368	0.433	424	449	-0.267483	0.097996	
A/grey_heron/Hong_Kong/30	0.3861	0.2386	0.3810	0.2491	0.178	-0.100	0.378	49.14	0.376	0.437	423	449	-0.281069	0.097996	
A/heron/Kaohsiung/15WB328	0.3258	0.2904	0.4259	0.2411	0.160	-0.107	0.371	55.57	0.407	0.436	450	469	-0.313646	0.091684	
A/heron/Yilan/17DB0001/20	0.3835	0.2481	0.4066	0.2165	0.162	-0.155	0.340	49.77	0.360	0.423	450	469	-0.275906	0.087420	
A/hill_myna/Heilongjiang/	0.3856	0.2394	0.3762	0.2581	0.173	-0.096	0.379	47.97	0.379	0.432	427	449	-0.231180	0.097996	
A/lesser_kestrel/Heilongj	0.3979	0.2387	0.3703	0.2456	0.176	-0.105	0.376	49.27	0.373	0.436	426	449	-0.256793	0.097996	
A/lion/Hubei/1-2/2016_H5N	0.3867	0.2320	0.3553	0.2857	0.168	-0.101	0.376	48.81	0.393	0.435	425	449	-0.244543	0.095768	
A/little_egret/Hong_Kong/	0.3813	0.2373	0.3849	0.2518	0.172	-0.108	0.372	49.54	0.376	0.436	425	449	-0.253898	0.097996	
A/little_grebe/Xianghai/4	0.3819	0.2563	0.3939	0.2241	0.167	-0.140	0.350	51.53	0.372	0.428	449	469	-0.293390	0.087420	
A/magpie_robin/Hong_Kong/	0.3957	0.2326	0.3734	0.2527	0.179	-0.095	0.380	48.63	0.373	0.434	424	449	-0.259020	0.097996	
A/magpie_robin/Hong_Kong/	0.3957	0.2380	0.3703	0.2491	0.180	-0.091	0.382	49.03	0.375	0.435	424	449	-0.259020	0.097996	
A/mallard/Shanghai/SH-9/2	0.3933	0.2134	0.3953	0.2444	0.161	-0.151	0.337	51.64	0.355	0.435	448	470	-0.185106	0.097872	
A/meerkat/Shanghai/SH-1/2	0.3883	0.2367	0.3742	0.2626	0.167	-0.122	0.365	48.59	0.379	0.432	427	449	-0.233408	0.100223	
A/migratory_waterfowl/Hub	0.2642	0.2850	0.4671	0.2690	0.152	-0.136	0.354	50.86	0.422	0.445	446	470	-0.343617	0.072340	
A/migratory_waterfowl/Hub	0.2642	0.2850	0.4671	0.2690	0.152	-0.136	0.354	50.86	0.422	0.445	446	470	-0.343617	0.072340	
A/mink/China/181/2019_H5N	0.2440	0.2812	0.5091	0.2422	0.157	-0.128	0.356	48.80	0.404	0.444	436	459	-0.316122	0.076253	
A/mink/China/183/2019_H5N	0.2420	0.2819	0.5136	0.2363	0.158	-0.124	0.358	47.74	0.401	0.446	436	459	-0.323529	0.076253	
A/mink/China/191/2019_H5N	0.2414	0.2812	0.5120	0.2389	0.158	-0.125	0.357	47.74	0.403	0.447	437	459	-0.318518	0.076253	
A/mink/China/456/2018_H5N	0.2328	0.2910	0.5091	0.2457	0.158	-0.123	0.359	47.84	0.414	0.447	437	459	-0.316122	0.076253	
A/mink/China/G/2015_H5N1|	0.3783	0.2407	0.3711	0.2698	0.171	-0.106	0.372	48.79	0.389	0.436	427	449	-0.235857	0.095768	
A/mink/China/XB/2015_H5N1	0.3883	0.2287	0.3628	0.2806	0.164	-0.118	0.367	48.23	0.386	0.432	425	449	-0.237416	0.095768	
A/mink/Eastern_China/006/	0.2340	0.2899	0.4985	0.2552	0.160	-0.111	0.366	47.42	0.421	0.450	435	459	-0.333115	0.076253	
A/mink/Eastern_China/0712	0.3711	0.2680	0.4169	0.2063	0.174	-0.064	0.400	51.74	0.366	0.421	445	469	-0.284009	0.102345	
A/mink/Eastern_China/149/	0.2381	0.2857	0.5046	0.2509	0.155	-0.129	0.356	47.24	0.413	0.445	436	459	-0.320261	0.076253	
A/mink/Eastern_China/528/	0.2340	0.2899	0.4954	0.2586	0.158	-0.121	0.361	47.48	0.423	0.450	435	459	-0.331373	0.076253	
A/mink/Eastern_China/571/	0.2387	0.2865	0.5091	0.2422	0.159	-0.120	0.360	47.81	0.408	0.446	436	459	-0.310675	0.076253	
A/mink/Northern_China/110	0.2361	0.2785	0.5183	0.2483	0.146	-0.144	0.347	46.26	0.405	0.442	435	459	-0.349455	0.076253	
A/night_heron/Taiwan/A289	0.3829	0.2519	0.4066	0.2131	0.167	-0.140	0.350	51.09	0.361	0.424	449	469	-0.272921	0.087420	
A/oriental_magpie_robin/H	0.2316	0.2895	0.5137	0.2404	0.150	-0.139	0.349	46.88	0.411	0.447	436	459	-0.303704	0.076253	
A/ostrich/Suzhou/097/2003	0.3581	0.2759	0.3574	0.2589	0.178	-0.078	0.390	51.90	0.415	0.449	426	449	-0.232517	0.097996	
A/parrot/Guangdong/258/20	0.3889	0.2652	0.3650	0.2473	0.176	-0.119	0.364	54.71	0.391	0.429	448	469	-0.283156	0.089552	
A/parrot/Guangdong/C99/20	0.3910	0.2473	0.3636	0.2465	0.182	-0.090	0.383	49.82	0.383	0.439	426	449	-0.238976	0.097996	
A/partridge/Shantou/2886/	0.3893	0.2621	0.3628	0.2474	0.181	-0.103	0.377	50.64	0.390	0.431	446	469	-0.253092	0.104478	
A/peacock/Yunnan/1/2015_H	0.3777	0.2367	0.3628	0.2842	0.162	-0.117	0.367	48.72	0.395	0.434	425	449	-0.226281	0.095768	
A/peacock/Yunnan/3/2015_H	0.3777	0.2367	0.3628	0.2842	0.163	-0.118	0.367	48.30	0.395	0.434	425	449	-0.238307	0.095768	
A/peregrine_falcon/Hong_K	0.3926	0.2520	0.3719	0.2281	0.184	-0.091	0.379	50.73	0.375	0.437	427	449	-0.248998	0.097996	
A/pheasant/Shantou/3535/2	0.3944	0.2595	0.3598	0.2465	0.180	-0.107	0.374	50.56	0.388	0.431	446	469	-0.253731	0.104478	
A/pheasant/Shantou/4567/2	0.3856	0.2527	0.3605	0.2500	0.181	-0.095	0.380	49.87	0.390	0.441	426	449	-0.237194	0.097996	
A/pied_megpie/Liaoning/7/	0.3856	0.2527	0.3614	0.2448	0.181	-0.085	0.385	50.63	0.387	0.439	426	449	-0.238975	0.100223	
A/pigeon/Fujian/1.17_FZHX	0.2296	0.2902	0.5137	0.2422	0.152	-0.136	0.351	46.12	0.413	0.448	436	459	-0.333333	0.076253	
A/pigeon/Hainan/1.14_HKPL	0.2387	0.2865	0.5061	0.2457	0.158	-0.128	0.356	47.66	0.411	0.446	436	459	-0.316122	0.076253	
A/pigeon/Hubei/RP25/2012_	0.3930	0.2487	0.3812	0.2254	0.180	-0.094	0.378	49.85	0.369	0.434	426	449	-0.256570	0.097996	
A/pigeon/Sichuan/NCXN29/2	0.3747	0.2454	0.3812	0.2563	0.175	-0.074	0.390	48.89	0.383	0.431	428	449	-0.197773	0.097996	
A/pigeon/Zhejiang/112089/	0.3770	0.2460	0.3656	0.2705	0.173	-0.107	0.373	48.83	0.394	0.438	426	449	-0.250557	0.095768	
A/pigeon/Zhejiang/112090/	0.3797	0.2433	0.3719	0.2669	0.175	-0.109	0.372	49.16	0.389	0.436	427	449	-0.236080	0.097996	
A/pigeon/Zhejiang/727097/	0.3947	0.2347	0.3781	0.2491	0.175	-0.104	0.375	48.58	0.370	0.430	427	449	-0.219599	0.097996	
A/plateau_pika/Qinghai/04	0.3714	0.2679	0.3594	0.2500	0.183	-0.080	0.389	50.61	0.403	0.448	427	449	-0.215813	0.097996	
A/quail/Guangxi/11/2002_H	0.3985	0.2513	0.3606	0.2483	0.182	-0.096	0.383	49.84	0.383	0.431	447	469	-0.251812	0.106610	
A/quail/Guangxi/12/2002_H	0.4005	0.2526	0.3595	0.2483	0.186	-0.091	0.385	50.16	0.383	0.430	447	469	-0.248827	0.106610	
A/quail/Guangxi/13/2002_H	0.4036	0.2462	0.3606	0.2483	0.181	-0.100	0.380	49.62	0.378	0.430	447	469	-0.251812	0.106610	
A/quail/Jiangsu/k0104/201	0.3385	0.2558	0.4451	0.2129	0.166	-0.120	0.360	49.98	0.367	0.431	450	472	-0.162076	0.093220	
A/quail/Nanchang/6631/201	0.3793	0.2414	0.3668	0.2734	0.171	-0.095	0.379	49.42	0.391	0.434	427	449	-0.233408	0.097996	
A/shrike/Tibet/13/2006_H5	0.3899	0.2440	0.3754	0.2411	0.175	-0.102	0.376	49.17	0.376	0.436	426	449	-0.253898	0.097996	
A/silkie_chicken/Dongguan	0.2375	0.2823	0.5137	0.2422	0.152	-0.136	0.351	46.85	0.406	0.444	436	459	-0.333987	0.076253	
A/silky_chicken/Shantou/4	0.3887	0.2520	0.3679	0.2438	0.182	-0.096	0.379	50.84	0.384	0.437	425	449	-0.234521	0.097996	
A/spot-billed_duck/Ningxi	0.2704	0.2628	0.4661	0.2746	0.140	-0.175	0.326	50.11	0.411	0.444	448	470	-0.281064	0.074468	
A/spot-billed_duck/Ningxi	0.2723	0.2595	0.4661	0.2736	0.141	-0.160	0.335	50.14	0.408	0.445	448	470	-0.285532	0.074468	
A/spot-billed_duck/Ningxi	0.2755	0.2577	0.4661	0.2736	0.140	-0.164	0.333	50.26	0.406	0.443	448	470	-0.297447	0.074468	
A/spot-billed_duck/Xiangh	0.3869	0.2513	0.3939	0.2241	0.164	-0.148	0.345	51.45	0.367	0.426	449	469	-0.293390	0.087420	
A/swan_goose/Jilin/JL01/2	0.2720	0.2746	0.4687	0.2690	0.149	-0.139	0.352	50.57	0.413	0.443	446	470	-0.344255	0.072340	
A/swan/China/ST/2016_H5N8	0.3830	0.2185	0.4076	0.2403	0.157	-0.148	0.338	52.12	0.356	0.435	447	470	-0.199149	0.095745	
A/swan/Shandong/W3762/202	0.3705	0.2306	0.4123	0.2362	0.159	-0.131	0.350	51.07	0.363	0.437	446	470	-0.211064	0.095745	
A/swan/Shanghai/10/2009_H	0.3920	0.2240	0.3880	0.2554	0.166	-0.116	0.369	49.32	0.365	0.432	425	449	-0.244543	0.097996	
A/swine/China/RZ/2018_H5N	0.2387	0.2865	0.5121	0.2388	0.158	-0.120	0.360	47.69	0.406	0.444	436	459	-0.321787	0.076253	
A/swine/Guangdong/1/2014_	0.2401	0.2797	0.5106	0.2440	0.153	-0.136	0.351	47.12	0.406	0.447	436	459	-0.328976	0.076253	
A/swine/Guangdong/2/2014_	0.2401	0.2797	0.5106	0.2440	0.153	-0.136	0.351	47.12	0.406	0.447	436	459	-0.328976	0.076253	
A/swine/Guangxi/592/2011_	0.3820	0.2387	0.3636	0.2760	0.172	-0.104	0.375	48.45	0.391	0.436	427	449	-0.230735	0.097996	
A/swine/Jiangsu/1/2008_H5	0.3743	0.2594	0.3668	0.2561	0.178	-0.094	0.379	48.91	0.398	0.439	427	449	-0.242539	0.097996	
A/swine/Jiangsu/2/2009_H5	0.3926	0.2414	0.3892	0.2321	0.171	-0.112	0.370	49.80	0.365	0.428	427	449	-0.271938	0.097996	
A/swine/Shandong/SD1/2014	0.4000	0.2481	0.3595	0.2483	0.181	-0.089	0.385	48.74	0.380	0.430	447	469	-0.263539	0.102345	
A/swine/Zhejiang/SW57/201	0.3920	0.2347	0.3812	0.2491	0.175	-0.104	0.375	48.31	0.370	0.430	427	449	-0.219599	0.097996	
A/thrush/Taipei_City/1512	0.3784	0.2607	0.4024	0.2160	0.169	-0.130	0.356	51.99	0.370	0.426	449	469	-0.285075	0.089552	
A/thrush/Taiwan/A234/2015	0.3804	0.2544	0.4079	0.2131	0.167	-0.135	0.352	51.01	0.363	0.425	449	469	-0.279318	0.087420	
A/tiger/Yunnan/tig1404/20	0.3757	0.2434	0.3750	0.2671	0.173	-0.082	0.386	49.03	0.388	0.434	428	449	-0.217149	0.097996	
A/tiger/Yunnan/tig1412/20	0.3873	0.2334	0.3730	0.2681	0.169	-0.101	0.377	49.52	0.379	0.431	427	449	-0.241648	0.097996	
A/tiger/Yunnan/tig1508/20	0.3836	0.2275	0.3648	0.2852	0.156	-0.131	0.359	48.28	0.387	0.430	426	449	-0.239421	0.095768	
A/turkey/Changhua/1601001	0.3889	0.2551	0.4012	0.2153	0.171	-0.133	0.354	51.46	0.363	0.424	449	469	-0.294456	0.087420	
A/turkey/Chiayi/17020092-	0.3740	0.2214	0.3942	0.2516	0.163	-0.129	0.350	51.77	0.370	0.442	449	470	-0.218724	0.093617	
A/turkey/Chiayi/18010013-	0.3769	0.2563	0.4024	0.2184	0.166	-0.142	0.347	50.64	0.369	0.426	450	469	-0.278678	0.085288	
A/turkey/Yunlin/15060049-	0.3829	0.2544	0.4030	0.2188	0.168	-0.135	0.352	51.32	0.365	0.424	449	469	-0.273134	0.087420	
A/turkey/Yunlin/18020020-	0.3794	0.2538	0.4054	0.2150	0.168	-0.139	0.349	50.39	0.364	0.424	450	469	-0.276972	0.085288	
A/turkey/Yunlin/18110001-	0.3910	0.2406	0.4024	0.2165	0.157	-0.176	0.327	49.41	0.354	0.421	449	469	-0.255864	0.083156	
A/turkey/Yunlin/18120005-	0.3860	0.2481	0.4066	0.2131	0.161	-0.159	0.338	49.98	0.358	0.423	450	469	-0.275906	0.087420	
A/turtle_dove/Guangdong/3	0.3889	0.2460	0.3778	0.2393	0.175	-0.092	0.383	48.95	0.376	0.434	426	449	-0.266370	0.100223	
A/turtledove/Wuhan/HKBJ43	0.2487	0.2698	0.5122	0.2491	0.149	-0.155	0.342	46.95	0.399	0.442	436	459	-0.360784	0.076253	
A/turtledove/Wuhan/WHBJ12	0.2460	0.2725	0.5122	0.2491	0.150	-0.151	0.344	47.00	0.401	0.443	436	459	-0.360784	0.076253	
A/turtledove/Wuhan/WHBJ28	0.2487	0.2698	0.5122	0.2491	0.149	-0.155	0.342	46.95	0.399	0.442	436	459	-0.360784	0.076253	
A/waterfowl/Hong_Kong/378	0.4025	0.2456	0.3565	0.2517	0.177	-0.089	0.385	49.19	0.380	0.429	447	469	-0.242004	0.104478	
A/white-naped_crane/China	0.2480	0.2773	0.5076	0.2465	0.156	-0.129	0.356	45.79	0.402	0.439	435	459	-0.344662	0.078431	
A/whooper_swan/Shanxi/RC0	0.3830	0.2185	0.4000	0.2468	0.158	-0.142	0.341	51.92	0.361	0.439	446	470	-0.205958	0.095745	
A/wild_bird/Eastern_China	0.3224	0.2922	0.4308	0.2384	0.158	-0.105	0.373	55.72	0.406	0.433	451	469	-0.308316	0.091684	
A/wild_bird/Eastern_China	0.3182	0.2980	0.4308	0.2376	0.161	-0.094	0.379	55.77	0.410	0.434	451	469	-0.326226	0.091684	
A/wild_bird/Eastern_China	0.3199	0.2947	0.4308	0.2384	0.158	-0.101	0.375	55.72	0.408	0.434	451	469	-0.308316	0.091684	
A/wild_bird/Taipei/04WB12	0.2481	0.2894	0.4716	0.2736	0.148	-0.184	0.324	49.24	0.432	0.451	447	470	-0.316170	0.074468	
A/wild_duck/Fujian/1/2011	0.3899	0.2334	0.3648	0.2734	0.169	-0.116	0.368	47.90	0.384	0.434	427	449	-0.248552	0.095768	
A/wild_duck/Fujian/2/2011	0.3910	0.2314	0.3699	0.2688	0.170	-0.107	0.372	48.06	0.379	0.432	427	449	-0.248552	0.095768	
A/wild_duck/Jilin/HF/2011	0.3813	0.2373	0.3829	0.2590	0.169	-0.089	0.384	49.29	0.379	0.433	425	449	-0.255011	0.097996	
A/wild_duck/Jilin/ZF/2011	0.3947	0.2267	0.3810	0.2609	0.168	-0.111	0.372	50.09	0.369	0.430	425	449	-0.252339	0.100223	
A/wild_duck/Liaoning/8/20	0.3862	0.2487	0.3602	0.2474	0.176	-0.094	0.379	50.49	0.386	0.439	427	449	-0.248330	0.097996	
A/wild_duck/Shandong/1/20	0.3813	0.2533	0.3551	0.2613	0.186	-0.057	0.400	49.43	0.398	0.445	427	449	-0.234744	0.097996	
A/wild_duck/Shandong/2/20	0.3920	0.2267	0.3774	0.2607	0.164	-0.104	0.374	48.76	0.372	0.432	425	449	-0.240535	0.097996	
A/wild_duck/Shandong/628/	0.3920	0.2400	0.3766	0.2464	0.175	-0.098	0.379	49.20	0.374	0.431	425	449	-0.274165	0.097996	
A/wild_duck/Shandong/W358	0.3575	0.2435	0.4000	0.2516	0.160	-0.117	0.357	53.73	0.384	0.445	445	470	-0.216808	0.093617	
A/wild_pigeon/Jilin/CC01/	0.2350	0.2820	0.5122	0.2456	0.146	-0.137	0.349	47.17	0.408	0.446	436	459	-0.299129	0.076253	
A/Eurasian_Wigeon/Ningxia	0.2421	0.2763	0.5167	0.2388	0.151	-0.139	0.349	46.86	0.399	0.442	436	459	-0.335294	0.076253	
