title                    	T3s	C3s	A3s	G3s	CAI	CBI	Fop	Nc	GC3s	GC	L_sym	L_aa	Gravy	Aromo	
A/Indonesia/5/2005       	0.2962	0.2582	0.3989	0.2882	0.157	-0.054	0.394	51.04	0.431	0.474	469	498	-0.565663	0.076305	
A/Hong_Kong/483/1997     	0.2926	0.2697	0.3852	0.2931	0.148	-0.064	0.390	51.65	0.443	0.478	469	498	-0.572691	0.074297	
A/Hong_Kong/482/97       	0.2908	0.2730	0.4026	0.2722	0.150	-0.066	0.388	51.00	0.431	0.475	469	498	-0.563654	0.074297	
A/Chicken/HongKong/FY150/	0.2658	0.2886	0.4350	0.2522	0.156	-0.047	0.400	50.30	0.428	0.471	470	498	-0.549598	0.076305	
A/Chicken/HongKong/YU822.	0.3198	0.2335	0.4005	0.2882	0.152	-0.078	0.382	51.03	0.409	0.469	469	498	-0.559237	0.076305	
A/Chicken/HongKong/YU562/	0.3139	0.2380	0.3979	0.2902	0.152	-0.073	0.384	50.27	0.416	0.472	469	498	-0.551406	0.076305	
A/Pheasant/Hong_Kong/FY15	0.2987	0.2506	0.3995	0.2894	0.151	-0.058	0.392	51.00	0.426	0.476	469	498	-0.572490	0.078313	
A/Hong_Kong/486/97       	0.2908	0.2730	0.4026	0.2722	0.150	-0.066	0.388	51.00	0.431	0.475	469	498	-0.563654	0.074297	
A/Thailand/16/2004       	0.2828	0.2677	0.3910	0.2997	0.153	-0.066	0.388	51.08	0.448	0.481	469	498	-0.571687	0.076305	
A/Hong_Kong/538/97       	0.2940	0.2739	0.3984	0.2743	0.151	-0.053	0.396	51.02	0.432	0.473	475	504	-0.551190	0.073413	
A/chicken/Indonesia/7/200	0.2937	0.2658	0.3910	0.2911	0.157	-0.055	0.394	49.91	0.439	0.477	469	498	-0.575502	0.076305	
A/chicken/Korea/ES/03    	0.2955	0.2626	0.3846	0.2960	0.152	-0.064	0.388	51.36	0.441	0.479	469	498	-0.569679	0.074297	
A/Hong_Kong/156/97       	0.2864	0.2814	0.3958	0.2764	0.154	-0.053	0.396	51.24	0.440	0.475	475	504	-0.545437	0.073413	
A/whooper_swan/Mongolia/2	0.2828	0.2727	0.3989	0.2870	0.153	-0.059	0.392	50.47	0.441	0.477	469	498	-0.571285	0.076305	
A/Vietnam/UT3062/2004    	0.2810	0.2684	0.3856	0.3084	0.153	-0.070	0.386	51.76	0.454	0.483	469	498	-0.570482	0.076305	
A/Anas_crecca/Hubei/Chenh	0.2843	0.2716	0.3989	0.2870	0.158	-0.032	0.408	50.53	0.440	0.476	468	498	-0.562851	0.074297	
A/Anas_crecca/Hubei/Chenh	0.2843	0.2716	0.3989	0.2870	0.158	-0.032	0.408	50.53	0.440	0.476	468	498	-0.562851	0.074297	
A/Anas_platyrhynchos/Chon	0.2861	0.2836	0.4031	0.2650	0.154	-0.024	0.412	51.21	0.435	0.475	476	504	-0.540476	0.073413	
A/Anas_platyrhynchos/Jiuj	0.2861	0.2836	0.4031	0.2650	0.154	-0.024	0.412	51.21	0.435	0.475	476	504	-0.540476	0.073413	
A/Anhui/1/2005|EPI_ISL_24	0.2861	0.2709	0.3963	0.2882	0.154	-0.044	0.401	49.68	0.441	0.477	469	498	-0.580120	0.074297	
A/Anhui/1/2006|EPI_ISL_73	0.2962	0.2582	0.3936	0.2939	0.152	-0.070	0.386	49.14	0.435	0.474	469	498	-0.575502	0.076305	
A/Anhui/2/2005|EPI_ISL_24	0.2904	0.2652	0.3989	0.2853	0.154	-0.047	0.399	49.16	0.435	0.475	469	498	-0.576707	0.076305	
A/Anhui/2021-00011/2020|E	0.3013	0.2633	0.3856	0.2919	0.151	-0.067	0.388	52.73	0.437	0.476	469	498	-0.569277	0.076305	
A/Anhui/33163/2016|EPI_IS	0.2987	0.2506	0.4240	0.2659	0.150	-0.065	0.389	50.05	0.408	0.468	468	498	-0.580723	0.074297	
A/Anser_albifrons/Hubei/C	0.2950	0.2775	0.3979	0.2657	0.159	-0.015	0.418	50.92	0.430	0.474	474	504	-0.545040	0.075397	
A/Anser_cygnoides/China/P	0.2901	0.2697	0.3883	0.2939	0.151	-0.066	0.389	50.40	0.444	0.479	468	498	-0.578916	0.074297	
A/Anser_cygnoides/Hubei/F	0.2919	0.2792	0.4191	0.2443	0.152	-0.043	0.402	50.51	0.417	0.472	468	498	-0.577912	0.076305	
A/Anser_fabalis/Hunan/03.	0.2908	0.2704	0.3930	0.2907	0.155	-0.055	0.396	51.26	0.441	0.475	467	498	-0.586747	0.074297	
A/Anser_fabalis/Jiujiang/	0.2861	0.2836	0.4031	0.2650	0.154	-0.024	0.412	51.21	0.435	0.475	476	504	-0.540476	0.073413	
A/bar_headed_goose/Tibet/	0.2878	0.2829	0.3979	0.2686	0.155	-0.042	0.401	52.60	0.437	0.476	476	504	-0.533928	0.075397	
A/Bar-headed_Goose/Qingha	0.2957	0.2857	0.3958	0.2607	0.159	-0.004	0.425	50.87	0.433	0.474	473	504	-0.564087	0.075397	
A/Bar-headed_Goose/Qingha	0.2975	0.2825	0.4000	0.2586	0.157	-0.007	0.422	50.52	0.428	0.472	474	504	-0.561508	0.075397	
A/Bar-headed_Goose/Qingha	0.2975	0.2825	0.4000	0.2586	0.157	-0.011	0.420	50.37	0.428	0.472	474	504	-0.561508	0.075397	
A/Bar-headed_Goose/Qingha	0.2975	0.2825	0.3990	0.2579	0.155	-0.013	0.418	50.34	0.428	0.472	474	504	-0.559524	0.073413	
A/Bar-headed_Goose/Qingha	0.2975	0.2825	0.4000	0.2586	0.157	-0.011	0.420	50.37	0.428	0.472	474	504	-0.561508	0.075397	
A/Bar-headed_Goose/Qingha	0.2975	0.2825	0.3974	0.2615	0.157	-0.007	0.422	50.65	0.430	0.472	474	504	-0.561508	0.075397	
A/Bar-headed_Goose/Qingha	0.2975	0.2825	0.4011	0.2594	0.156	-0.011	0.420	50.33	0.428	0.471	474	504	-0.566865	0.075397	
A/Bar-headed_Goose/Qingha	0.2965	0.2839	0.3937	0.2621	0.160	-0.002	0.425	50.75	0.433	0.475	473	504	-0.562698	0.075397	
A/Bar-headed_Goose/Qingha	0.2975	0.2825	0.4000	0.2586	0.157	-0.011	0.420	50.37	0.428	0.472	474	504	-0.561508	0.075397	
A/Bar-headed_Goose/Qingha	0.3000	0.2800	0.4000	0.2586	0.157	-0.011	0.420	50.52	0.426	0.471	474	504	-0.561508	0.075397	
A/Bar-headed_Goose/Qingha	0.2975	0.2825	0.4000	0.2586	0.157	-0.007	0.422	50.45	0.428	0.472	474	504	-0.561508	0.075397	
A/Bar-headed_Goose/Qingha	0.3000	0.2800	0.4000	0.2586	0.157	-0.011	0.420	50.52	0.426	0.471	474	504	-0.561508	0.075397	
A/Bar-headed_Goose/Qingha	0.3000	0.2800	0.4000	0.2586	0.157	-0.011	0.420	50.52	0.426	0.471	474	504	-0.561508	0.075397	
A/Bar-headed_Goose/Qingha	0.3000	0.2800	0.4000	0.2586	0.157	-0.011	0.420	50.57	0.426	0.471	474	504	-0.561706	0.075397	
A/Bar-headed_Goose/Qingha	0.2975	0.2825	0.4000	0.2586	0.157	-0.007	0.422	50.52	0.428	0.472	474	504	-0.561508	0.075397	
A/Bar-headed_Goose/Qingha	0.3000	0.2800	0.4000	0.2586	0.157	-0.011	0.420	50.52	0.426	0.471	474	504	-0.561508	0.075397	
A/Bar-headed_Goose/Qingha	0.2957	0.2857	0.3921	0.2629	0.160	-0.002	0.425	50.82	0.436	0.475	473	504	-0.562698	0.075397	
A/Bar-headed_Goose/Qingha	0.2950	0.2850	0.3937	0.2621	0.160	0.001	0.426	50.93	0.435	0.475	474	504	-0.558135	0.075397	
A/Bar-headed_Goose/Qingha	0.2957	0.2857	0.3947	0.2600	0.160	0.002	0.427	50.76	0.433	0.475	473	504	-0.561905	0.075397	
A/Bar-headed_Goose/Qingha	0.2975	0.2825	0.4000	0.2586	0.157	-0.011	0.420	50.37	0.428	0.472	474	504	-0.561508	0.075397	
A/Bar-headed_Goose/Qingha	0.2975	0.2825	0.4000	0.2586	0.157	-0.007	0.422	50.52	0.428	0.472	474	504	-0.561508	0.075397	
A/Bar-headed_Goose/Qingha	0.2975	0.2825	0.4000	0.2586	0.157	-0.011	0.420	50.37	0.428	0.472	474	504	-0.561508	0.075397	
A/Bar-headed_Goose/Qingha	0.2957	0.2857	0.3984	0.2579	0.160	-0.000	0.427	50.80	0.431	0.473	473	504	-0.564087	0.075397	
A/Bar-headed_Goose/Qingha	0.2982	0.2782	0.4132	0.2464	0.153	-0.039	0.404	51.36	0.416	0.468	473	504	-0.562103	0.075397	
A/Bar-headed_Goose/Qingha	0.2975	0.2775	0.4094	0.2514	0.153	-0.040	0.403	51.26	0.420	0.469	474	504	-0.557540	0.075397	
A/Bar-headed_Goose/Qingha	0.2982	0.2782	0.4132	0.2464	0.153	-0.039	0.404	51.36	0.416	0.468	473	504	-0.562103	0.075397	
A/Bar-headed_Goose/Qingha	0.2982	0.2782	0.4132	0.2464	0.153	-0.039	0.404	51.36	0.416	0.468	473	504	-0.562103	0.075397	
A/Bar-headed_Goose/Qingha	0.2982	0.2782	0.4132	0.2464	0.153	-0.039	0.404	51.36	0.416	0.468	473	504	-0.562103	0.075397	
A/Bar-headed_Goose/Qingha	0.2957	0.2857	0.3947	0.2600	0.160	0.002	0.427	50.76	0.433	0.475	473	504	-0.561905	0.075397	
A/Bar-headed_Goose/Qingha	0.2975	0.2825	0.4000	0.2586	0.157	-0.011	0.420	50.37	0.428	0.472	474	504	-0.561508	0.075397	
A/Bar-headed_Goose/Qingha	0.2975	0.2825	0.4000	0.2586	0.157	-0.011	0.420	50.37	0.428	0.472	474	504	-0.561508	0.075397	
A/Bar-headed_Goose/Qingha	0.2975	0.2825	0.3963	0.2607	0.156	-0.010	0.420	50.86	0.430	0.474	474	504	-0.559524	0.073413	
A/Bar-headed_Goose/Qingha	0.2975	0.2825	0.4000	0.2586	0.157	-0.011	0.420	50.37	0.428	0.472	474	504	-0.561508	0.075397	
A/Bar-headed_Goose/Qingha	0.2965	0.2839	0.3937	0.2621	0.160	-0.002	0.425	50.75	0.433	0.475	473	504	-0.562698	0.075397	
A/Bar-headed_Goose/Qingha	0.2975	0.2775	0.4094	0.2514	0.153	-0.040	0.403	51.26	0.420	0.469	474	504	-0.557540	0.075397	
A/Bar-headed_Goose/Qingha	0.2957	0.2857	0.3947	0.2600	0.160	0.002	0.427	50.76	0.433	0.475	473	504	-0.561905	0.075397	
A/Bar-headed_Goose/Qingha	0.2774	0.2824	0.3920	0.2911	0.160	-0.047	0.400	50.34	0.453	0.482	468	498	-0.573293	0.074297	
A/Bar-headed_Goose/Qingha	0.2950	0.2850	0.3990	0.2579	0.156	-0.010	0.420	50.27	0.430	0.473	474	504	-0.559524	0.073413	
A/Bar-headed_Goose/Qingha	0.2975	0.2825	0.4000	0.2586	0.157	-0.011	0.420	50.37	0.428	0.472	474	504	-0.561508	0.075397	
A/Bar-headed_Goose/Qingha	0.2957	0.2882	0.3921	0.2600	0.160	0.002	0.427	50.62	0.436	0.476	473	504	-0.561905	0.075397	
A/Bar-headed_Goose/Qingha	0.2957	0.2857	0.3947	0.2600	0.160	0.002	0.427	50.76	0.433	0.475	473	504	-0.561905	0.075397	
A/Bar-headed_Goose/Qingha	0.2957	0.2857	0.3947	0.2600	0.160	0.002	0.427	50.76	0.433	0.475	473	504	-0.561905	0.075397	
A/Bar-headed_Goose/Qingha	0.2982	0.2832	0.3947	0.2600	0.160	-0.002	0.425	50.92	0.431	0.474	473	504	-0.561905	0.075397	
A/Bar-headed_Goose/Qingha	0.2957	0.2857	0.3947	0.2600	0.160	0.002	0.427	50.76	0.433	0.475	473	504	-0.561905	0.075397	
A/Bar-headed_Goose/Qingha	0.2975	0.2825	0.4016	0.2550	0.156	-0.013	0.418	50.20	0.426	0.472	474	504	-0.559524	0.073413	
A/Bar-headed_Goose/Qingha	0.2950	0.2850	0.3990	0.2579	0.156	-0.010	0.420	50.27	0.430	0.473	474	504	-0.559524	0.073413	
A/Bar-headed_Goose/Qingha	0.2957	0.2857	0.3984	0.2579	0.160	-0.000	0.427	50.80	0.431	0.473	473	504	-0.564087	0.075397	
A/Bar-headed_Goose/Qingha	0.2957	0.2857	0.3984	0.2579	0.160	-0.000	0.427	50.80	0.431	0.473	473	504	-0.564087	0.075397	
A/Bar-headed_Goose/Qingha	0.2957	0.2857	0.3984	0.2579	0.160	-0.000	0.427	50.80	0.431	0.473	473	504	-0.564087	0.075397	
A/Bar-headed_Goose/Qingha	0.2922	0.2846	0.3916	0.2663	0.158	-0.005	0.423	50.91	0.438	0.478	473	504	-0.572818	0.073413	
A/Bar-headed_Goose/Qingha	0.2957	0.2857	0.3947	0.2600	0.161	0.001	0.427	50.76	0.433	0.476	473	504	-0.566667	0.075397	
A/Bar-headed_Goose/Qingha	0.2957	0.2857	0.3958	0.2607	0.160	-0.002	0.425	50.77	0.433	0.474	473	504	-0.562897	0.077381	
A/Bar-headed_Goose/Qingha	0.2957	0.2857	0.3947	0.2600	0.160	0.002	0.427	50.76	0.433	0.475	473	504	-0.561905	0.075397	
A/Bar-headed_Goose/Qingha	0.2950	0.2850	0.4000	0.2586	0.157	-0.007	0.422	50.30	0.430	0.472	474	504	-0.561508	0.075397	
A/Bar-headed_Goose/Qingha	0.2975	0.2825	0.4011	0.2594	0.156	-0.015	0.418	50.39	0.428	0.471	474	504	-0.562500	0.077381	
A/Bar-headed_Goose/Qingha	0.2975	0.2825	0.4011	0.2594	0.156	-0.011	0.420	50.33	0.428	0.471	474	504	-0.566865	0.075397	
A/Bar-headed_Goose/Qingha	0.2975	0.2825	0.4011	0.2594	0.156	-0.011	0.420	50.33	0.428	0.471	474	504	-0.566865	0.075397	
A/Bar-headed_Goose/Qingha	0.2957	0.2857	0.3947	0.2600	0.160	0.002	0.427	50.76	0.433	0.475	473	504	-0.561905	0.075397	
A/Bar-headed_Goose/Qingha	0.2957	0.2857	0.3947	0.2600	0.160	0.002	0.427	50.76	0.433	0.475	473	504	-0.561905	0.075397	
A/Bar-headed_Goose/Qingha	0.2975	0.2825	0.4000	0.2586	0.157	-0.011	0.420	50.37	0.428	0.472	474	504	-0.561508	0.075397	
A/Bar-headed_Goose/Qingha	0.2968	0.2843	0.3974	0.2586	0.156	-0.013	0.418	50.39	0.430	0.473	474	504	-0.559524	0.073413	
A/Bar-headed_Goose/Qingha	0.2950	0.2850	0.4000	0.2586	0.157	-0.007	0.422	50.30	0.430	0.472	474	504	-0.561508	0.075397	
A/Bar-headed_Goose/Qingha	0.2975	0.2825	0.4000	0.2586	0.157	-0.011	0.420	50.37	0.428	0.472	474	504	-0.561508	0.075397	
A/Bar-headed_Goose/Qingha	0.2950	0.2850	0.4000	0.2586	0.157	-0.007	0.422	50.30	0.430	0.472	474	504	-0.561508	0.075397	
A/Bar-headed_Goose/Qingha	0.2950	0.2850	0.4000	0.2586	0.157	-0.007	0.422	50.30	0.430	0.472	474	504	-0.561508	0.075397	
A/Bar-headed_Goose/Qingha	0.2957	0.2857	0.3984	0.2579	0.160	-0.000	0.427	50.80	0.431	0.473	473	504	-0.564087	0.075397	
A/Bar-headed_Goose/Qingha	0.2957	0.2857	0.3984	0.2579	0.160	-0.000	0.427	50.80	0.431	0.473	473	504	-0.564087	0.075397	
A/Bar-headed_Goose/Qingha	0.2977	0.2799	0.3989	0.2586	0.157	-0.008	0.422	50.96	0.428	0.475	467	498	-0.578715	0.076305	
A/Bar-headed_Goose/Qingha	0.2982	0.2832	0.3911	0.2621	0.160	-0.002	0.425	50.80	0.433	0.476	473	504	-0.569048	0.073413	
A/Bar-headed_Goose/Qingha	0.2950	0.2850	0.3990	0.2579	0.156	-0.010	0.420	50.27	0.430	0.473	474	504	-0.559524	0.073413	
A/Bar-headed_Goose/Qingha	0.2975	0.2825	0.4000	0.2586	0.157	-0.011	0.420	50.37	0.428	0.472	474	504	-0.561508	0.075397	
A/Bar-headed_Goose/Qingha	0.2975	0.2825	0.3974	0.2615	0.157	-0.007	0.422	50.65	0.430	0.472	474	504	-0.561508	0.075397	
A/Bar-headed_Goose/Qingha	0.3000	0.2800	0.4000	0.2586	0.157	-0.011	0.420	50.52	0.426	0.471	474	504	-0.561508	0.075397	
A/Bar-headed_Goose/Qingha	0.2957	0.2857	0.3947	0.2600	0.160	0.002	0.427	50.76	0.433	0.476	473	504	-0.567460	0.077381	
A/Bar-headed_Goose/Qingha	0.2957	0.2857	0.3947	0.2600	0.160	0.002	0.427	50.76	0.433	0.475	473	504	-0.561905	0.075397	
A/Bar-headed_goose/Qingha	0.2861	0.2734	0.3920	0.2936	0.153	-0.059	0.392	50.21	0.446	0.477	469	498	-0.578514	0.074297	
A/Bar-headed_goose/Qingha	0.2861	0.2734	0.3910	0.2936	0.153	-0.059	0.392	50.29	0.446	0.477	469	498	-0.575100	0.072289	
A/Bar-headed_goose/Qingha	0.2861	0.2734	0.3920	0.2936	0.153	-0.059	0.392	50.21	0.446	0.477	469	498	-0.578514	0.074297	
A/Bar-headed_goose/Qingha	0.2861	0.2734	0.3920	0.2936	0.153	-0.059	0.392	50.21	0.446	0.477	469	498	-0.578514	0.074297	
A/Bar-headed_goose/Qingha	0.2861	0.2734	0.3920	0.2936	0.153	-0.059	0.392	50.21	0.446	0.477	469	498	-0.578514	0.074297	
A/Bar-headed_goose/Qingha	0.2861	0.2734	0.3920	0.2936	0.153	-0.059	0.392	50.21	0.446	0.477	469	498	-0.578514	0.074297	
A/Bar-headed_goose/Qingha	0.2861	0.2734	0.3893	0.2965	0.153	-0.059	0.392	50.28	0.448	0.478	469	498	-0.578514	0.074297	
A/Bar-headed_goose/Qingha	0.2861	0.2734	0.3899	0.2919	0.151	-0.065	0.388	50.42	0.446	0.479	469	498	-0.573695	0.070281	
A/Bar-headed_Goose/Qingha	0.2975	0.2825	0.4000	0.2586	0.157	-0.011	0.420	50.37	0.428	0.472	474	504	-0.561508	0.075397	
A/Bar-headed_Goose/Qingha	0.2975	0.2825	0.4011	0.2594	0.157	-0.015	0.418	50.66	0.428	0.470	474	504	-0.554365	0.077381	
A/Bar-headed_Goose/Qingha	0.3000	0.2800	0.4000	0.2586	0.157	-0.011	0.420	50.52	0.426	0.471	474	504	-0.561508	0.075397	
A/Bar-headed_Goose/Qingha	0.2995	0.2766	0.4043	0.2572	0.154	-0.021	0.415	50.51	0.423	0.472	468	498	-0.578313	0.076305	
A/Bar-headed_Goose/Qingha	0.2975	0.2825	0.4000	0.2586	0.158	-0.007	0.422	50.61	0.428	0.471	474	504	-0.561508	0.075397	
A/Bar-headed_Goose/Qingha	0.2975	0.2825	0.4000	0.2586	0.157	-0.011	0.420	50.37	0.428	0.472	474	504	-0.561508	0.075397	
A/Bar-headed_Goose/Qingha	0.2975	0.2825	0.4000	0.2586	0.157	-0.011	0.420	50.37	0.428	0.472	474	504	-0.561508	0.075397	
A/Bar-headed_Goose/Tibet/	0.2879	0.2753	0.3984	0.2751	0.149	-0.053	0.396	53.25	0.436	0.477	470	498	-0.550402	0.076305	
A/Bar-headed_Goose/Tibet/	0.2897	0.2771	0.3995	0.2701	0.151	-0.053	0.396	52.97	0.434	0.477	470	498	-0.550402	0.076305	
A/Bar-headed_Goose/Tibet/	0.2897	0.2771	0.4021	0.2672	0.152	-0.053	0.396	52.80	0.432	0.476	470	498	-0.550402	0.076305	
A/Bar-headed_Goose/Tibet/	0.2879	0.2753	0.3984	0.2751	0.149	-0.053	0.396	53.25	0.436	0.477	470	498	-0.550402	0.076305	
A/Bar-headed_Goose/Tibet/	0.2970	0.2766	0.3963	0.2680	0.159	-0.032	0.408	51.86	0.432	0.476	468	498	-0.573896	0.076305	
A/Bar-headed_Goose/Tibet/	0.2970	0.2766	0.3963	0.2680	0.159	-0.032	0.408	51.86	0.432	0.476	468	498	-0.573896	0.076305	
A/Bar-headed_Goose/Tibet/	0.2897	0.2771	0.4021	0.2672	0.152	-0.053	0.396	52.80	0.432	0.476	470	498	-0.550402	0.076305	
A/Bar-headed_Goose/Tibet/	0.2897	0.2771	0.4021	0.2672	0.152	-0.053	0.396	52.80	0.432	0.476	470	498	-0.550402	0.076305	
A/Bar-headed_Goose/Tibet/	0.2897	0.2771	0.4021	0.2672	0.152	-0.053	0.396	52.80	0.432	0.476	470	498	-0.550402	0.076305	
A/Bar-headed_Goose/Tibet/	0.2897	0.2771	0.4021	0.2672	0.152	-0.053	0.396	52.80	0.432	0.476	470	498	-0.550402	0.076305	
A/Bar-headed_Goose/Tibet/	0.2897	0.2771	0.4021	0.2672	0.152	-0.053	0.396	52.80	0.432	0.476	470	498	-0.550402	0.076305	
A/Bar-headed_Goose/Tibet/	0.2879	0.2778	0.3958	0.2751	0.151	-0.049	0.398	53.20	0.438	0.478	470	498	-0.550402	0.076305	
A/Bar-headed_Goose/Tibet/	0.2879	0.2753	0.3984	0.2751	0.149	-0.053	0.396	53.25	0.436	0.477	470	498	-0.550402	0.076305	
A/Bar-headed_Goose/Tibet/	0.2879	0.2753	0.3984	0.2751	0.149	-0.053	0.396	53.25	0.436	0.477	470	498	-0.550402	0.076305	
A/bean_goose/Hubei/BQ11/2	0.2879	0.2778	0.3974	0.2714	0.152	-0.049	0.398	53.03	0.436	0.478	470	498	-0.544980	0.076305	
A/Bean_Goose/Hubei/chenhu	0.2807	0.2932	0.4026	0.2593	0.159	-0.010	0.421	50.55	0.440	0.479	473	504	-0.567262	0.075397	
A/Bean_goose/Hubei/CH-i11	0.2975	0.2825	0.4000	0.2586	0.157	-0.007	0.422	50.52	0.428	0.472	474	504	-0.561508	0.075397	
A/Bean_goose/Hubei/CH-i12	0.2943	0.2843	0.3974	0.2615	0.154	-0.017	0.416	51.26	0.432	0.472	474	504	-0.554365	0.075397	
A/Bean_goose/Hubei/CH-I22	0.2810	0.2785	0.3813	0.3043	0.150	-0.067	0.388	51.29	0.458	0.483	469	498	-0.579117	0.074297	
A/Bean_goose/Hubei/CH-i32	0.2995	0.2766	0.4043	0.2572	0.155	-0.017	0.417	50.66	0.423	0.472	468	498	-0.578313	0.076305	
A/black_chicken/Jiangxi/1	0.2843	0.2690	0.3973	0.2928	0.155	-0.047	0.400	50.46	0.442	0.477	468	498	-0.578313	0.074297	
A/Black_faced_Spoonbill/A	0.2918	0.2793	0.3708	0.2955	0.156	-0.037	0.404	54.04	0.455	0.482	475	504	-0.544841	0.073413	
A/Black_Faced_Spoonbill/H	0.2925	0.2800	0.3921	0.2751	0.160	-0.025	0.411	52.06	0.439	0.476	474	504	-0.557143	0.075397	
A/Black_Faced_Spoonbill/H	0.2868	0.2843	0.3822	0.2841	0.159	-0.026	0.411	53.66	0.451	0.481	475	504	-0.551587	0.073413	
A/black_swan/Beijing/1/20	0.2929	0.2702	0.4037	0.2693	0.149	-0.064	0.389	52.05	0.428	0.475	470	498	-0.550402	0.076305	
A/black-backed_gull/Shand	0.2929	0.2727	0.3984	0.2722	0.150	-0.060	0.391	52.27	0.432	0.475	470	498	-0.555422	0.076305	
A/Black-necked_Grebe/Inne	0.2850	0.2748	0.3963	0.2882	0.159	-0.052	0.397	50.68	0.443	0.478	469	498	-0.556024	0.074297	
A/Black-necked_Grebe/Inne	0.2843	0.2716	0.3883	0.2997	0.156	-0.056	0.394	50.81	0.450	0.481	469	498	-0.568072	0.074297	
A/Black-necked_Grebe/Inne	0.2843	0.2716	0.3883	0.2997	0.156	-0.056	0.394	50.81	0.450	0.481	469	498	-0.568072	0.074297	
A/Black-necked_Grebe/Inne	0.2843	0.2716	0.3883	0.2997	0.156	-0.056	0.394	50.81	0.450	0.481	469	498	-0.568072	0.074297	
A/Black-necked_Grebe/Inne	0.2843	0.2716	0.3883	0.2997	0.156	-0.056	0.394	50.81	0.450	0.481	469	498	-0.568072	0.074297	
A/Black-necked_Grebe/Inne	0.2843	0.2716	0.3883	0.2997	0.156	-0.056	0.394	50.81	0.450	0.481	469	498	-0.568072	0.074297	
A/Black-necked_Grebe/Inne	0.2843	0.2716	0.3883	0.2997	0.156	-0.056	0.394	50.81	0.450	0.481	469	498	-0.568072	0.074297	
A/Black-necked_Grebe/Inne	0.2843	0.2716	0.3883	0.2997	0.156	-0.056	0.394	50.81	0.450	0.481	469	498	-0.568072	0.074297	
A/Brown-headed_Gull/Qingh	0.3000	0.2800	0.3963	0.2615	0.155	-0.013	0.418	50.50	0.428	0.472	474	504	-0.549206	0.073413	
A/Brown-headed_Gull/Qingh	0.3000	0.2800	0.3974	0.2615	0.157	-0.011	0.420	50.47	0.428	0.472	474	504	-0.561508	0.075397	
A/Brown-headed_Gull/Qingh	0.2950	0.2850	0.4000	0.2586	0.157	-0.007	0.422	50.30	0.430	0.472	474	504	-0.561508	0.075397	
A/Brown-headed_Gull/Qingh	0.2975	0.2825	0.3990	0.2579	0.155	-0.013	0.418	50.34	0.428	0.472	474	504	-0.559524	0.073413	
A/Brown-headed_Gull/Qingh	0.2975	0.2825	0.3963	0.2607	0.156	-0.013	0.418	50.52	0.430	0.473	474	504	-0.559524	0.073413	
A/Brown-headed_Gull/Qingh	0.2957	0.2857	0.3937	0.2593	0.159	-0.001	0.425	50.73	0.433	0.476	473	504	-0.559921	0.073413	
A/Brown-headed_Gull/Qingh	0.2957	0.2857	0.3947	0.2600	0.160	0.002	0.427	50.76	0.433	0.475	473	504	-0.561905	0.075397	
A/Brown-headed_Gull/Qingh	0.2975	0.2825	0.4000	0.2586	0.157	-0.011	0.420	50.37	0.428	0.472	474	504	-0.561508	0.075397	
A/Brown-headed_Gull/Qingh	0.2957	0.2857	0.3984	0.2579	0.160	-0.000	0.427	50.80	0.431	0.473	473	504	-0.564087	0.075397	
A/brown-headed_gull/Tibet	0.2879	0.2778	0.4037	0.2665	0.152	-0.049	0.398	52.74	0.432	0.476	470	498	-0.550402	0.076305	
A/Brown-headed_Gull/Tibet	0.2879	0.2753	0.3984	0.2751	0.149	-0.053	0.396	53.25	0.436	0.477	470	498	-0.550402	0.076305	
A/Brown-headed_Gull/Tibet	0.2879	0.2753	0.4037	0.2701	0.150	-0.061	0.391	52.87	0.432	0.475	470	498	-0.549799	0.076305	
A/Brown-headed_Gull/Tibet	0.2879	0.2753	0.4037	0.2693	0.150	-0.057	0.394	52.89	0.432	0.476	470	498	-0.550402	0.076305	
A/canine/China/GX30/2023|	0.2750	0.2900	0.4147	0.2579	0.154	-0.033	0.407	48.65	0.435	0.475	474	504	-0.550397	0.075397	
A/cat/Sichuan/SC18/2014|E	0.2766	0.2741	0.3947	0.2986	0.156	-0.036	0.406	50.60	0.451	0.481	468	498	-0.577510	0.074297	
A/cat/Zhejiang/C1/2016|EP	0.3038	0.2481	0.4213	0.2659	0.153	-0.061	0.391	49.53	0.406	0.466	468	498	-0.580723	0.074297	
A/cat/Zhejiang/C2/2016|EP	0.3038	0.2481	0.4187	0.2688	0.153	-0.061	0.391	49.69	0.408	0.467	468	498	-0.580723	0.074297	
A/Changsha/1/2014|EPI_ISL	0.2861	0.2734	0.3840	0.3014	0.153	-0.059	0.392	50.55	0.452	0.480	469	498	-0.579117	0.074297	
A/chicken/Anhui/S1740/202	0.2937	0.2759	0.3915	0.2759	0.157	-0.033	0.407	51.68	0.437	0.479	469	498	-0.563253	0.076305	
A/chicken/Beijing/BJ7/201	0.2965	0.2563	0.3989	0.2890	0.143	-0.088	0.374	50.80	0.430	0.473	470	498	-0.580723	0.074297	
A/chicken/CH/a556/2015|EP	0.3316	0.2304	0.4184	0.2521	0.144	-0.092	0.373	49.76	0.382	0.461	469	498	-0.564659	0.072289	
A/chicken/Changhua/150101	0.2868	0.2843	0.3995	0.2642	0.153	-0.052	0.396	50.28	0.436	0.476	475	504	-0.542659	0.075397	
A/chicken/Changhua/150102	0.2868	0.2843	0.3943	0.2699	0.155	-0.045	0.400	50.10	0.440	0.478	475	504	-0.542659	0.075397	
A/chicken/Changhua/150103	0.2868	0.2843	0.3969	0.2670	0.155	-0.048	0.398	50.11	0.438	0.477	475	504	-0.542659	0.075397	
A/chicken/Changhua/150103	0.2868	0.2843	0.3969	0.2670	0.155	-0.048	0.398	50.11	0.438	0.477	475	504	-0.542659	0.075397	
A/chicken/Changhua/150103	0.2868	0.2843	0.3969	0.2670	0.155	-0.048	0.398	50.11	0.438	0.477	475	504	-0.542659	0.075397	
A/chicken/Changhua/150103	0.2868	0.2843	0.3995	0.2642	0.155	-0.048	0.398	50.39	0.436	0.476	475	504	-0.542659	0.075397	
A/chicken/Changhua/150400	0.2839	0.2889	0.4215	0.2422	0.164	-0.017	0.418	50.28	0.422	0.468	474	504	-0.542460	0.075397	
A/chicken/Changhua/150400	0.2832	0.2882	0.4226	0.2436	0.162	-0.019	0.416	50.61	0.422	0.467	474	504	-0.554960	0.075397	
A/chicken/Changhua/150400	0.2839	0.2889	0.4215	0.2429	0.165	-0.016	0.418	50.60	0.422	0.468	474	504	-0.543452	0.075397	
A/chicken/Changhua/150400	0.2839	0.2889	0.4215	0.2429	0.165	-0.016	0.418	50.60	0.422	0.468	474	504	-0.543452	0.075397	
A/chicken/Changhua/150500	0.2843	0.2868	0.3943	0.2691	0.155	-0.044	0.400	50.45	0.442	0.479	475	504	-0.543254	0.075397	
A/chicken/Changhua/150500	0.2943	0.2793	0.3874	0.2764	0.159	-0.018	0.415	50.93	0.440	0.477	475	504	-0.543056	0.075397	
A/chicken/Changhua/150600	0.2843	0.2868	0.3995	0.2642	0.155	-0.045	0.400	50.12	0.438	0.477	475	504	-0.542659	0.075397	
A/chicken/Changhua/150600	0.2950	0.2800	0.3911	0.2714	0.158	-0.020	0.414	50.95	0.437	0.477	474	504	-0.544246	0.075397	
A/chicken/Changhua/150600	0.2843	0.2868	0.3916	0.2727	0.154	-0.052	0.396	50.44	0.444	0.479	475	504	-0.542659	0.075397	
A/chicken/Changhua/151200	0.2943	0.2743	0.4005	0.2678	0.152	-0.059	0.392	49.77	0.429	0.474	475	504	-0.548016	0.075397	
A/chicken/Changhua/160100	0.2818	0.2868	0.3916	0.2756	0.153	-0.056	0.394	50.43	0.446	0.479	475	504	-0.542659	0.075397	
A/chicken/Changhua/170600	0.2918	0.2793	0.3916	0.2735	0.155	-0.048	0.398	50.63	0.438	0.476	475	504	-0.537302	0.075397	
A/chicken/Changhua/180400	0.2818	0.2868	0.3854	0.2812	0.154	-0.059	0.392	51.46	0.451	0.480	475	504	-0.526786	0.075397	
A/chicken/Chiayi/15010287	0.2868	0.2843	0.3943	0.2699	0.155	-0.045	0.400	50.10	0.440	0.478	475	504	-0.542659	0.075397	
A/chicken/Chiayi/15010409	0.2843	0.2868	0.3995	0.2642	0.154	-0.052	0.396	49.91	0.438	0.477	475	504	-0.542659	0.075397	
A/chicken/Chiayi/15010454	0.2925	0.2825	0.3885	0.2743	0.160	-0.014	0.418	50.69	0.441	0.478	474	504	-0.551786	0.075397	
A/chicken/Chiayi/17040009	0.2843	0.2843	0.3953	0.2751	0.155	-0.049	0.398	51.07	0.442	0.476	475	504	-0.533532	0.077381	
A/chicken/Chiayi/18120003	0.2907	0.2857	0.3874	0.2743	0.162	-0.015	0.418	50.29	0.443	0.478	474	504	-0.547024	0.075397	
A/chicken/China/007/2019|	0.2919	0.2690	0.3840	0.3014	0.153	-0.075	0.384	51.25	0.448	0.479	469	498	-0.577109	0.074297	
A/chicken/China/Cangzhou0	0.2843	0.2843	0.3979	0.2707	0.153	-0.023	0.413	50.30	0.440	0.477	475	504	-0.547222	0.075397	
A/chicken/China/E93/2012|	0.3023	0.2519	0.3942	0.2931	0.156	-0.064	0.389	51.53	0.429	0.476	471	498	-0.554618	0.074297	
A/chicken/China/E96/2012|	0.3023	0.2494	0.3995	0.2894	0.154	-0.070	0.384	51.48	0.425	0.475	471	498	-0.550402	0.074297	
A/chicken/Chiping/0321/20	0.2864	0.2638	0.4016	0.2899	0.143	-0.092	0.372	51.66	0.436	0.475	470	498	-0.580120	0.074297	
A/chicken/chongqing/H1/20	0.2987	0.2658	0.3883	0.2890	0.147	-0.092	0.373	53.17	0.437	0.477	469	498	-0.570883	0.076305	
A/chicken/Chongqing/SD001	0.2987	0.2658	0.3883	0.2890	0.147	-0.092	0.373	53.17	0.437	0.477	469	498	-0.570883	0.076305	
A/chicken/Dongguan/2690/2	0.2886	0.2709	0.3867	0.2986	0.151	-0.063	0.390	50.71	0.448	0.479	469	498	-0.579117	0.074297	
A/chicken/Dongguan/3363/2	0.2911	0.2684	0.3867	0.2986	0.150	-0.067	0.388	50.66	0.446	0.478	469	498	-0.579117	0.074297	
A/chicken/Dongguan/4259/2	0.2911	0.2684	0.3867	0.2986	0.150	-0.067	0.388	50.66	0.446	0.478	469	498	-0.579117	0.074297	
A/chicken/Fujian/05.07_FZ	0.2886	0.2759	0.3830	0.2939	0.154	-0.051	0.397	51.15	0.450	0.480	469	498	-0.574297	0.074297	
A/chicken/Fujian/09.16_GT	0.2861	0.2759	0.3803	0.3006	0.154	-0.055	0.394	51.29	0.454	0.481	469	498	-0.573695	0.074297	
A/chicken/Fujian/10.08_FZ	0.2879	0.2702	0.3963	0.2861	0.151	-0.055	0.394	50.37	0.439	0.477	469	498	-0.567470	0.074297	
A/chicken/Fujian/11.23_FZ	0.2810	0.2785	0.3813	0.3043	0.149	-0.063	0.390	51.31	0.458	0.483	469	498	-0.578313	0.074297	
A/chicken/Gansu/5/2012|EP	0.3131	0.2449	0.3899	0.2931	0.155	-0.068	0.387	51.47	0.423	0.474	470	498	-0.574699	0.074297	
A/chicken/Gansu/6/2012|EP	0.3023	0.2519	0.3942	0.2931	0.156	-0.064	0.389	51.53	0.429	0.476	471	498	-0.554618	0.074297	
A/chicken/Ganzhou/GZ27/20	0.2785	0.2810	0.3920	0.2928	0.156	-0.041	0.403	51.04	0.452	0.481	469	498	-0.565663	0.076305	
A/chicken/Guangdong/04.15	0.3089	0.2456	0.4091	0.2783	0.150	-0.079	0.380	50.69	0.412	0.467	468	498	-0.581526	0.074297	
A/chicken/Guangdong/10.16	0.3067	0.2519	0.4021	0.2824	0.151	-0.064	0.388	50.46	0.420	0.468	474	504	-0.564683	0.073413	
A/chicken/Guangdong/GD160	0.3096	0.2462	0.4240	0.2601	0.149	-0.084	0.378	51.15	0.400	0.463	468	498	-0.579518	0.074297	
A/chicken/Guangdong/MG170	0.2987	0.2608	0.4000	0.2841	0.149	-0.085	0.377	50.96	0.429	0.474	469	498	-0.578313	0.074297	
A/chicken/Guangdong/MG171	0.2987	0.2608	0.3973	0.2870	0.149	-0.081	0.380	50.88	0.431	0.475	469	498	-0.578313	0.074297	
A/chicken/Guangdong/MG171	0.2987	0.2608	0.3947	0.2899	0.149	-0.081	0.380	51.08	0.433	0.475	469	498	-0.578313	0.074297	
A/chicken/Guangdong/MG171	0.2824	0.2774	0.4122	0.2644	0.154	-0.049	0.398	49.55	0.430	0.476	467	498	-0.573695	0.076305	
A/chicken/Guangdong/MG173	0.3010	0.2602	0.4226	0.2500	0.147	-0.066	0.388	50.78	0.405	0.467	469	498	-0.536345	0.076305	
A/chicken/Guangdong/MG173	0.2817	0.2792	0.4191	0.2557	0.154	-0.036	0.406	49.01	0.425	0.475	468	498	-0.568474	0.076305	
A/chicken/Guangxi/04.10_N	0.2886	0.2709	0.3813	0.3043	0.151	-0.063	0.390	51.05	0.452	0.480	469	498	-0.579117	0.074297	
A/chicken/Guangxi/16/2019	0.2886	0.2709	0.3963	0.2853	0.152	-0.063	0.390	51.30	0.439	0.478	469	498	-0.574297	0.074297	
A/chicken/Guangxi/S2039/2	0.2861	0.2709	0.3856	0.2997	0.155	-0.051	0.397	51.05	0.450	0.481	469	498	-0.579317	0.074297	
A/chicken/Guizhou/8.26_ZY	0.2734	0.2709	0.4388	0.2543	0.149	-0.047	0.400	50.69	0.417	0.469	468	498	-0.578916	0.074297	
A/chicken/GY/a451/2015|EP	0.3316	0.2304	0.4184	0.2529	0.143	-0.091	0.373	49.78	0.382	0.460	469	498	-0.554217	0.072289	
A/Chicken/Hangzhou/E1149/	0.2861	0.2709	0.3830	0.3035	0.151	-0.078	0.382	51.51	0.452	0.481	469	498	-0.569277	0.076305	
A/chicken/Hebei/3/2013|EP	0.2946	0.2624	0.3974	0.2874	0.149	-0.071	0.384	50.49	0.433	0.472	476	504	-0.573611	0.073413	
A/chicken/Heilongjiang/S7	0.2911	0.2684	0.3893	0.2957	0.153	-0.055	0.394	50.42	0.443	0.477	469	498	-0.579117	0.074297	
A/chicken/Henan/Q7/2013|E	0.2965	0.2563	0.3989	0.2890	0.144	-0.088	0.374	50.44	0.430	0.473	470	498	-0.580723	0.074297	
A/chicken/Hsinchu/1608000	0.2793	0.2893	0.3943	0.2727	0.154	-0.052	0.396	50.69	0.446	0.480	475	504	-0.537699	0.075397	
A/chicken/Hubei/03.06__WH	0.3042	0.2494	0.4222	0.2644	0.152	-0.054	0.395	50.94	0.405	0.464	474	504	-0.563889	0.073413	
A/chicken/Hubei/03.06__WH	0.2926	0.2672	0.3947	0.2899	0.157	-0.052	0.397	50.85	0.438	0.475	468	498	-0.582129	0.074297	
A/chicken/Hubei/2856/2007	0.2937	0.2684	0.3750	0.3055	0.154	-0.047	0.399	50.03	0.452	0.480	469	498	-0.578916	0.076305	
A/chicken/Hubei/ZYSJF11/2	0.3042	0.2544	0.4222	0.2586	0.152	-0.065	0.388	51.19	0.405	0.464	474	504	-0.563889	0.073413	
A/chicken/Hubei/ZYSJF16/2	0.3042	0.2544	0.4222	0.2586	0.152	-0.065	0.388	51.19	0.405	0.464	474	504	-0.563889	0.073413	
A/chicken/Hubei/ZYSJF38/2	0.3042	0.2544	0.4222	0.2586	0.152	-0.065	0.388	51.19	0.405	0.464	474	504	-0.563889	0.073413	
A/Chicken/Huizhou/16274/2	0.2810	0.2785	0.3840	0.3014	0.155	-0.048	0.399	51.02	0.456	0.483	469	498	-0.565663	0.076305	
A/chicken/Hunan/02.06_YYG	0.2911	0.2709	0.3910	0.2890	0.154	-0.059	0.392	51.11	0.441	0.479	469	498	-0.572892	0.074297	
A/chicken/Hunan/03.07_YYG	0.2759	0.2709	0.4309	0.2594	0.149	-0.050	0.397	51.23	0.421	0.471	468	498	-0.579518	0.074297	
A/chicken/Hunan/03.07_YYG	0.2937	0.2684	0.3893	0.2936	0.151	-0.077	0.382	50.91	0.441	0.477	469	498	-0.567871	0.074297	
A/chicken/Hunan/3.07_YYGK	0.2759	0.2709	0.4309	0.2594	0.149	-0.050	0.397	51.23	0.421	0.471	468	498	-0.579518	0.074297	
A/chicken/Hunan/04.14_YYG	0.2962	0.2658	0.3920	0.2899	0.151	-0.070	0.386	50.58	0.437	0.475	469	498	-0.584337	0.074297	
A/chicken/Hunan/04.14_YYK	0.2861	0.2684	0.3989	0.2899	0.154	-0.046	0.401	50.82	0.439	0.476	469	498	-0.587952	0.074297	
A/chicken/Hunan/04.14_YYX	0.2861	0.2734	0.3920	0.2936	0.153	-0.059	0.392	50.21	0.446	0.477	469	498	-0.578514	0.074297	
A/chicken/Hunan/12.07__YY	0.2817	0.2716	0.4000	0.2899	0.153	-0.043	0.402	50.52	0.442	0.477	468	498	-0.578313	0.074297	
A/chicken/Hunan/12.07_YYG	0.2766	0.2792	0.3920	0.2957	0.155	-0.040	0.404	51.13	0.453	0.481	468	498	-0.583333	0.074297	
A/chicken/Hunan/12.27_YYG	0.2753	0.2652	0.4218	0.2759	0.145	-0.066	0.388	50.99	0.429	0.475	469	498	-0.570683	0.074297	
A/chicken/Hunan/12.27_YYG	0.2886	0.2734	0.3787	0.3043	0.154	-0.055	0.394	51.28	0.454	0.482	469	498	-0.578313	0.074297	
A/chicken/Hunan/12.27_YYG	0.2868	0.2741	0.3910	0.2919	0.152	-0.059	0.392	51.20	0.446	0.479	469	498	-0.579117	0.074297	
A/chicken/Hunan/12.28_YYG	0.2886	0.2709	0.3867	0.2986	0.151	-0.063	0.390	50.71	0.448	0.479	469	498	-0.579117	0.074297	
A/chicken/Hunan/1793/2007	0.2911	0.2633	0.3989	0.2882	0.153	-0.055	0.394	48.46	0.435	0.474	469	498	-0.574297	0.076305	
A/chicken/Hunan/3157/2006	0.2937	0.2633	0.3899	0.2914	0.153	-0.048	0.399	50.16	0.439	0.477	469	498	-0.581125	0.076305	
A/chicken/Hunan/HN40/2015	0.2861	0.2734	0.3867	0.2986	0.146	-0.078	0.382	51.33	0.450	0.478	469	498	-0.579117	0.074297	
A/chicken/Hunan/HN58/2015	0.2861	0.2734	0.3813	0.3043	0.147	-0.078	0.382	51.17	0.454	0.480	469	498	-0.579117	0.074297	
A/chicken/Hunan/HN75/2015	0.2919	0.2690	0.3840	0.2977	0.151	-0.068	0.387	50.53	0.447	0.479	468	498	-0.574096	0.074297	
A/chicken/Hunan/HN158/201	0.2817	0.2741	0.3947	0.2919	0.157	-0.032	0.408	50.60	0.447	0.479	468	498	-0.578916	0.074297	
A/chicken/Hunan/HN244/201	0.2843	0.2716	0.3947	0.2919	0.157	-0.032	0.408	50.69	0.444	0.479	468	498	-0.578916	0.074297	
A/chicken/Hunan/HN245/201	0.2843	0.2716	0.3947	0.2919	0.157	-0.032	0.408	50.69	0.444	0.479	468	498	-0.578916	0.074297	
A/chicken/Hunan/HN247/201	0.2843	0.2716	0.3947	0.2919	0.157	-0.032	0.408	50.69	0.444	0.479	468	498	-0.578916	0.074297	
A/chicken/Hunan/HN248/201	0.2843	0.2716	0.3947	0.2919	0.155	-0.039	0.404	50.82	0.444	0.479	468	498	-0.578916	0.074297	
A/chicken/Hunan/HN249/201	0.2868	0.2690	0.3973	0.2890	0.155	-0.039	0.404	50.76	0.440	0.477	468	498	-0.578916	0.074297	
A/chicken/Hunan/HN250/201	0.2843	0.2716	0.3947	0.2919	0.157	-0.032	0.408	50.69	0.444	0.479	468	498	-0.578916	0.074297	
A/chicken/Hunan/HN251/201	0.2843	0.2716	0.3947	0.2919	0.157	-0.032	0.408	50.69	0.444	0.479	468	498	-0.578916	0.074297	
A/chicken/Hunan/HN252/201	0.2843	0.2716	0.3957	0.2928	0.156	-0.036	0.406	50.71	0.444	0.478	468	498	-0.579920	0.076305	
A/chicken/Hunan/HN254/201	0.2843	0.2716	0.3947	0.2919	0.157	-0.032	0.408	50.69	0.444	0.479	468	498	-0.578916	0.074297	
A/chicken/Hunan/HN255/201	0.2843	0.2716	0.3947	0.2919	0.157	-0.032	0.408	50.69	0.444	0.479	468	498	-0.578916	0.074297	
A/chicken/Hunan/HN263/201	0.2861	0.2759	0.3840	0.2986	0.153	-0.052	0.397	51.12	0.452	0.480	469	498	-0.579117	0.074297	
A/chicken/Hunan/HN264/201	0.2861	0.2759	0.3840	0.2986	0.153	-0.052	0.397	51.12	0.452	0.480	469	498	-0.579117	0.074297	
A/chicken/Hunan/HN265/201	0.2861	0.2759	0.3813	0.3014	0.153	-0.052	0.397	51.29	0.454	0.481	469	498	-0.579117	0.074297	
A/chicken/Hunan/HN266/201	0.2861	0.2759	0.3840	0.2986	0.153	-0.052	0.397	51.12	0.452	0.480	469	498	-0.579117	0.074297	
A/chicken/Hunan/HN301/201	0.2886	0.2709	0.3893	0.2957	0.152	-0.055	0.394	51.13	0.446	0.479	469	498	-0.578313	0.074297	
A/chicken/Hunan/HN302/201	0.2886	0.2709	0.3893	0.2957	0.152	-0.055	0.394	51.13	0.446	0.479	469	498	-0.578313	0.074297	
A/chicken/Hunan/HN303/201	0.2886	0.2709	0.3893	0.2957	0.152	-0.055	0.394	51.13	0.446	0.479	469	498	-0.578313	0.074297	
A/chicken/Hunan/HN304/201	0.2886	0.2709	0.3893	0.2957	0.152	-0.055	0.394	51.13	0.446	0.479	469	498	-0.578313	0.074297	
A/chicken/Hunan/HN305/201	0.2886	0.2709	0.3893	0.2957	0.152	-0.055	0.394	51.13	0.446	0.479	469	498	-0.578313	0.074297	
A/chicken/Hunan/HN306/201	0.2886	0.2709	0.3893	0.2957	0.152	-0.055	0.394	51.13	0.446	0.479	469	498	-0.578313	0.074297	
A/chicken/Hunan/HN307/201	0.2886	0.2709	0.3867	0.2986	0.152	-0.055	0.394	51.23	0.448	0.479	469	498	-0.578313	0.074297	
A/chicken/Hunan/HN308/201	0.2886	0.2709	0.3893	0.2957	0.152	-0.055	0.394	51.30	0.446	0.479	469	498	-0.586546	0.074297	
A/chicken/Hunan/S10029/20	0.2886	0.2734	0.3803	0.2989	0.152	-0.077	0.382	50.66	0.452	0.482	469	498	-0.574900	0.074297	
A/chicken/Jiangsu/03.17_W	0.3005	0.2551	0.3670	0.3217	0.144	-0.081	0.380	50.40	0.452	0.479	469	498	-0.574297	0.074297	
A/chicken/Jiangsu/927/201	0.2835	0.2734	0.3830	0.3026	0.157	-0.051	0.397	51.29	0.454	0.483	469	498	-0.574297	0.074297	
A/chicken/Jiangsu/1001/20	0.2785	0.2759	0.4122	0.2709	0.146	-0.078	0.380	51.92	0.434	0.475	468	498	-0.578715	0.072289	
A/chicken/Jiangsu/2477/20	0.2778	0.2778	0.3920	0.2948	0.156	-0.055	0.394	50.54	0.452	0.482	469	498	-0.573695	0.074297	
A/chicken/Jiangsu/k0402/2	0.2879	0.2677	0.3856	0.2997	0.153	-0.058	0.392	50.11	0.448	0.481	469	498	-0.571687	0.076305	
A/chicken/Jiangsu/SE2228/	0.2886	0.2684	0.3883	0.2968	0.155	-0.063	0.390	50.51	0.446	0.480	469	498	-0.574297	0.074297	
A/chicken/Jiangsu/WXBING2	0.2886	0.2709	0.3893	0.2957	0.152	-0.063	0.390	50.62	0.446	0.478	469	498	-0.579117	0.074297	
A/chicken/Jiangsu/WXS7393	0.2886	0.2709	0.3893	0.2957	0.152	-0.063	0.390	50.62	0.446	0.478	469	498	-0.579117	0.074297	
A/chicken/Jiangsu/XZ216/2	0.2835	0.2759	0.3856	0.2968	0.157	-0.051	0.397	50.64	0.452	0.482	469	498	-0.574297	0.074297	
A/chicken/Jiangsu/YB7/201	0.2980	0.2576	0.3617	0.3275	0.143	-0.089	0.375	50.73	0.458	0.480	469	498	-0.570482	0.076305	
A/chicken/Jiangxi/01.14_N	0.3089	0.2405	0.4267	0.2630	0.150	-0.065	0.389	50.72	0.397	0.464	468	498	-0.580723	0.074297	
A/chicken/Jiangxi/02.05_Y	0.2893	0.2690	0.3910	0.2911	0.153	-0.043	0.402	50.26	0.442	0.477	468	498	-0.569679	0.076305	
A/chicken/Jiangxi/02.05_Y	0.2987	0.2506	0.4240	0.2659	0.151	-0.057	0.393	51.28	0.408	0.467	468	498	-0.580723	0.074297	
A/chicken/Jiangxi/04.01__	0.3063	0.2430	0.4267	0.2630	0.150	-0.069	0.387	50.89	0.400	0.465	468	498	-0.580723	0.074297	
A/chicken/Jiangxi/04.01__	0.3063	0.2430	0.4267	0.2630	0.150	-0.069	0.387	50.89	0.400	0.465	468	498	-0.580723	0.074297	
A/chicken/Jiangxi/04.01__	0.3063	0.2430	0.4293	0.2601	0.150	-0.072	0.385	50.60	0.397	0.464	468	498	-0.580723	0.074297	
A/chicken/Jiangxi/04.01__	0.3063	0.2430	0.4267	0.2630	0.150	-0.069	0.387	50.89	0.400	0.465	468	498	-0.580723	0.074297	
A/chicken/Jiangxi/04.01__	0.2817	0.2716	0.4000	0.2899	0.155	-0.036	0.406	50.60	0.442	0.477	468	498	-0.578313	0.074297	
A/chicken/Jiangxi/04.01__	0.3038	0.2456	0.4267	0.2630	0.148	-0.080	0.380	50.29	0.402	0.465	468	498	-0.580723	0.074297	
A/chicken/Jiangxi/04.01_N	0.3038	0.2456	0.4267	0.2630	0.150	-0.069	0.387	50.93	0.402	0.465	468	498	-0.580723	0.074297	
A/chicken/Jiangxi/04.01_N	0.3063	0.2430	0.4240	0.2659	0.151	-0.065	0.389	50.67	0.402	0.465	468	498	-0.580723	0.074297	
A/chicken/Jiangxi/04.01_N	0.3063	0.2430	0.4267	0.2630	0.150	-0.069	0.387	50.89	0.400	0.465	468	498	-0.580723	0.074297	
A/chicken/Jiangxi/04.01_N	0.3063	0.2430	0.4267	0.2630	0.150	-0.069	0.387	50.89	0.400	0.465	468	498	-0.580723	0.074297	
A/chicken/Jiangxi/04.01_N	0.3063	0.2430	0.4267	0.2630	0.150	-0.069	0.387	50.89	0.400	0.465	468	498	-0.580723	0.074297	
A/chicken/Jiangxi/04.01_N	0.3063	0.2430	0.4267	0.2630	0.150	-0.069	0.387	50.89	0.400	0.465	468	498	-0.580723	0.074297	
A/chicken/Jiangxi/04.01_N	0.2854	0.2727	0.3936	0.2928	0.150	-0.057	0.394	51.29	0.445	0.477	470	498	-0.579117	0.074297	
A/chicken/Jiangxi/05.06__	0.3089	0.2405	0.4267	0.2630	0.150	-0.069	0.387	50.95	0.397	0.464	468	498	-0.580723	0.074297	
A/chicken/Jiangxi/10.30_N	0.3013	0.2506	0.4027	0.2861	0.149	-0.076	0.382	50.89	0.423	0.472	468	498	-0.580723	0.074297	
A/chicken/Jiangxi/12.05_N	0.2861	0.2734	0.3867	0.2986	0.151	-0.055	0.394	51.05	0.450	0.479	469	498	-0.584337	0.074297	
A/chicken/Jiangxi/12.05_N	0.2854	0.2727	0.3867	0.2986	0.149	-0.058	0.392	51.25	0.450	0.479	469	498	-0.586345	0.074297	
A/chicken/Jiangxi/12.05_N	0.2861	0.2734	0.3867	0.2986	0.151	-0.055	0.394	51.05	0.450	0.479	469	498	-0.584337	0.074297	
A/chicken/Jiangxi/12.05_N	0.2861	0.2734	0.3840	0.3014	0.153	-0.052	0.397	50.67	0.452	0.480	469	498	-0.579117	0.074297	
A/chicken/Jiangxi/12.05_N	0.2854	0.2727	0.3867	0.2986	0.149	-0.058	0.392	51.25	0.450	0.479	469	498	-0.586345	0.074297	
A/chicken/Jiangxi/25/2011	0.2759	0.2835	0.3883	0.2939	0.158	-0.033	0.407	50.27	0.456	0.483	469	498	-0.579317	0.074297	
A/Chicken/Jiangxi/45093/2	0.3042	0.2544	0.4222	0.2586	0.151	-0.065	0.388	50.93	0.405	0.464	474	504	-0.563889	0.073413	
A/chicken/Jiangxi/S40653/	0.2962	0.2734	0.3915	0.2759	0.156	-0.037	0.405	51.65	0.435	0.478	469	498	-0.563253	0.076305	
A/chicken/Jilin/04.11_CCH	0.2937	0.2684	0.3840	0.2986	0.151	-0.063	0.390	50.26	0.446	0.478	469	498	-0.579117	0.074297	
A/chicken/Jilin/04.12_MHK	0.2759	0.2810	0.3873	0.2960	0.156	-0.048	0.399	50.57	0.456	0.484	469	498	-0.568876	0.074297	
A/chicken/Jilin/04.12_MHK	0.2759	0.2810	0.3873	0.2960	0.156	-0.048	0.399	50.57	0.456	0.484	469	498	-0.568876	0.074297	
A/chicken/Jilin/04.12_MHK	0.2759	0.2810	0.3873	0.2960	0.156	-0.048	0.399	50.57	0.456	0.484	469	498	-0.568876	0.074297	
A/chicken/Jilin/04.12_MHK	0.2759	0.2810	0.3873	0.2960	0.156	-0.048	0.399	50.57	0.456	0.484	469	498	-0.568876	0.074297	
A/chicken/Jilin/04.25_MHK	0.2785	0.2785	0.3873	0.2960	0.156	-0.051	0.397	50.75	0.454	0.483	469	498	-0.568876	0.074297	
A/chicken/Jilin/S1255/201	0.2861	0.2759	0.4043	0.2738	0.152	-0.066	0.388	51.32	0.435	0.477	469	498	-0.574297	0.074297	
A/chicken/Jilin/S1271/201	0.2861	0.2734	0.4069	0.2738	0.151	-0.070	0.386	51.36	0.433	0.476	469	498	-0.574297	0.074297	
A/chicken/Kaohsiung/16MB0	0.3075	0.2675	0.3979	0.2621	0.155	-0.044	0.401	51.26	0.420	0.472	474	504	-0.546429	0.075397	
A/chicken/Kaohsiung/16010	0.3042	0.2693	0.3943	0.2670	0.156	-0.037	0.404	51.00	0.425	0.474	475	504	-0.541865	0.075397	
A/chicken/Kaohsiung/16020	0.3083	0.2657	0.3995	0.2614	0.155	-0.044	0.401	51.02	0.418	0.472	474	504	-0.546429	0.075397	
A/chicken/Kaohsiung/16040	0.3075	0.2675	0.3979	0.2621	0.155	-0.044	0.401	51.26	0.420	0.472	474	504	-0.546429	0.075397	
A/chicken/Kaohsiung/16070	0.3050	0.2700	0.4005	0.2593	0.155	-0.044	0.401	51.21	0.420	0.473	474	504	-0.557143	0.075397	
A/chicken/Kaohsiung/16120	0.3010	0.2711	0.3958	0.2663	0.157	-0.038	0.403	51.13	0.426	0.476	476	504	-0.541071	0.073413	
A/chicken/Kaohsiung/17030	0.3000	0.2725	0.4016	0.2621	0.157	-0.037	0.405	50.88	0.424	0.474	474	504	-0.549802	0.077381	
A/chicken/Kaohsiung/17040	0.2818	0.2893	0.3943	0.2714	0.155	-0.048	0.398	50.71	0.444	0.478	475	504	-0.531548	0.075397	
A/chicken/Kaohsiung/17100	0.2811	0.2861	0.3901	0.2808	0.153	-0.058	0.392	51.03	0.448	0.478	475	504	-0.521825	0.075397	
A/chicken/Kaohsiung/18080	0.2800	0.2900	0.3953	0.2714	0.157	-0.043	0.401	50.37	0.445	0.478	474	504	-0.536905	0.075397	
A/chicken/Kaohsiung/18080	0.2800	0.2900	0.3953	0.2714	0.157	-0.043	0.401	50.37	0.445	0.478	474	504	-0.536905	0.075397	
A/chicken/Liaoning/S4092/	0.3098	0.2443	0.3942	0.2923	0.155	-0.072	0.384	50.72	0.423	0.474	471	498	-0.570080	0.074297	
A/chicken/Liaoning/SD035/	0.2911	0.2709	0.3963	0.2824	0.153	-0.055	0.394	51.37	0.437	0.477	469	498	-0.574297	0.074297	
A/chicken/Miaoli/15010421	0.2839	0.2889	0.4215	0.2429	0.165	-0.016	0.418	50.60	0.422	0.468	474	504	-0.543452	0.075397	
A/chicken/Nantou/16110023	0.3042	0.2693	0.3995	0.2614	0.156	-0.035	0.406	50.61	0.421	0.473	475	504	-0.551587	0.075397	
A/chicken/New_Taipei_City	0.3050	0.2700	0.3979	0.2621	0.155	-0.040	0.403	51.13	0.422	0.473	474	504	-0.546429	0.075397	
A/chicken/New_Taipei_City	0.3035	0.2687	0.3984	0.2642	0.154	-0.042	0.401	51.05	0.422	0.473	476	504	-0.536706	0.075397	
A/chicken/New_Taipei_City	0.2818	0.2893	0.3890	0.2764	0.155	-0.048	0.398	50.31	0.448	0.478	475	504	-0.537103	0.075397	
A/chicken/New_Taipei_City	0.2975	0.2700	0.4073	0.2585	0.156	-0.040	0.403	50.97	0.420	0.474	474	504	-0.539087	0.073413	
A/chicken/New_Taipei_City	0.2968	0.2693	0.4062	0.2606	0.155	-0.041	0.402	50.41	0.421	0.474	475	504	-0.531548	0.075397	
A/chicken/New_Taipei_City	0.3000	0.2675	0.4073	0.2585	0.155	-0.044	0.401	50.43	0.418	0.473	474	504	-0.536111	0.075397	
A/chicken/New_Taipei_City	0.2968	0.2693	0.4089	0.2578	0.155	-0.041	0.402	50.27	0.419	0.474	475	504	-0.531548	0.075397	
A/chicken/New_Taipei_City	0.2825	0.2825	0.3927	0.2800	0.149	-0.069	0.386	50.92	0.445	0.478	474	504	-0.536706	0.075397	
A/chicken/Ningxia/2/2012|	0.3123	0.2443	0.3836	0.3009	0.156	-0.065	0.389	51.38	0.429	0.476	471	498	-0.570080	0.074297	
A/chicken/Ningxia/222/201	0.3123	0.2443	0.3862	0.2980	0.156	-0.065	0.389	51.30	0.427	0.475	471	498	-0.570080	0.074297	
A/chicken/PH/A2821/2013|E	0.3266	0.2354	0.4312	0.2385	0.142	-0.101	0.368	49.27	0.376	0.459	468	498	-0.560040	0.072289	
A/chicken/Pingtung/150500	0.2868	0.2843	0.3943	0.2699	0.155	-0.048	0.398	50.26	0.440	0.478	475	504	-0.542659	0.075397	
A/chicken/Pingtung/160200	0.2900	0.2825	0.3943	0.2699	0.154	-0.053	0.396	50.66	0.438	0.476	475	504	-0.541468	0.075397	
A/chicken/Pingtung/180100	0.2825	0.2875	0.3927	0.2735	0.157	-0.047	0.399	50.59	0.445	0.479	474	504	-0.547222	0.075397	
A/chicken/Pingtung/180200	0.2843	0.2766	0.3995	0.2759	0.147	-0.080	0.380	51.27	0.438	0.477	468	498	-0.553213	0.076305	
A/chicken/PT/a158/2015|EP	0.3333	0.2316	0.4116	0.2586	0.145	-0.091	0.374	49.96	0.387	0.462	468	498	-0.553213	0.072289	
A/chicken/Qingdao/1/2014|	0.2879	0.2652	0.4005	0.2882	0.145	-0.085	0.377	51.77	0.436	0.475	470	498	-0.585341	0.074297	
A/chicken/SC/a688/2015|EP	0.3274	0.2360	0.4206	0.2500	0.143	-0.112	0.363	50.04	0.385	0.460	468	498	-0.570884	0.072289	
A/chicken/Shaanxi/SD001/2	0.3038	0.2608	0.3856	0.2919	0.151	-0.078	0.382	53.07	0.435	0.477	469	498	-0.569277	0.076305	
A/chicken/Shandong/12.03_	0.3013	0.2557	0.3644	0.3246	0.146	-0.074	0.384	50.54	0.454	0.478	469	498	-0.569277	0.076305	
A/Chicken/Shandong/J01/20	0.2785	0.2759	0.3856	0.3026	0.151	-0.055	0.394	51.66	0.456	0.483	469	498	-0.570482	0.076305	
A/Chicken/Shandong/J02/20	0.3098	0.2418	0.3862	0.3037	0.154	-0.080	0.380	52.09	0.429	0.475	471	498	-0.570080	0.074297	
A/Chicken/Shandong/J03/20	0.3073	0.2469	0.3926	0.2960	0.155	-0.069	0.386	50.93	0.427	0.475	471	498	-0.575502	0.074297	
A/Chicken/Shandong/J04/20	0.3098	0.2443	0.3968	0.2902	0.153	-0.084	0.378	49.82	0.420	0.473	471	498	-0.569478	0.074297	
A/Chicken/Shandong/J06/20	0.2803	0.2727	0.3846	0.3017	0.150	-0.069	0.386	49.99	0.454	0.483	469	498	-0.570080	0.074297	
A/chicken/Shandong/KD0269	0.2748	0.2926	0.4138	0.2565	0.162	-0.019	0.417	50.36	0.436	0.475	468	498	-0.571486	0.076305	
A/chicken/Shandong/S3/201	0.2922	0.2620	0.3989	0.2890	0.144	-0.092	0.372	51.92	0.434	0.474	470	498	-0.584538	0.074297	
A/chicken/Shanghai/S1123/	0.2886	0.2709	0.3750	0.3084	0.157	-0.055	0.394	50.53	0.456	0.483	469	498	-0.574297	0.074297	
A/chicken/Shanghai/S4030/	0.2911	0.2684	0.3936	0.2882	0.156	-0.051	0.397	50.53	0.439	0.478	469	498	-0.574297	0.074297	
A/chicken/Shanxi/04.28_TG	0.2835	0.2759	0.4000	0.2841	0.151	-0.067	0.388	51.12	0.441	0.476	469	498	-0.579117	0.074297	
A/chicken/Shanxi/12.01_TG	0.2854	0.2778	0.3770	0.3052	0.151	-0.060	0.392	51.82	0.458	0.484	469	498	-0.583133	0.074297	
A/chicken/Shenzhen/433/20	0.2911	0.2684	0.3840	0.3014	0.152	-0.067	0.388	50.54	0.448	0.479	469	498	-0.579117	0.074297	
A/chicken/Shenzhen/552/20	0.2886	0.2709	0.3867	0.2986	0.151	-0.063	0.390	50.71	0.448	0.479	469	498	-0.579117	0.074297	
A/chicken/Shenzhen/715/20	0.2911	0.2684	0.3840	0.3014	0.152	-0.067	0.388	50.54	0.448	0.479	469	498	-0.579117	0.074297	
A/chicken/Shenzhen/1061/2	0.2861	0.2734	0.3830	0.3006	0.151	-0.059	0.392	50.83	0.452	0.481	469	498	-0.573695	0.074297	
A/chicken/Shenzhen/1845/2	0.2868	0.2716	0.3963	0.2861	0.157	-0.032	0.408	50.83	0.440	0.478	468	498	-0.572892	0.074297	
A/chicken/Shenzhen/2269/2	0.2886	0.2709	0.3867	0.2986	0.151	-0.063	0.390	50.71	0.448	0.479	469	498	-0.579117	0.074297	
A/chicken/Shenzhen/2396/2	0.2911	0.2684	0.3840	0.3014	0.152	-0.067	0.388	50.65	0.448	0.479	469	498	-0.570884	0.074297	
A/chicken/Shenzhen/2464/2	0.2886	0.2709	0.3867	0.2986	0.151	-0.063	0.390	50.71	0.448	0.479	469	498	-0.579117	0.074297	
A/chicken/Shijiazhuang/12	0.3030	0.2525	0.4118	0.2733	0.138	-0.102	0.368	51.66	0.415	0.466	468	498	-0.594378	0.074297	
A/chicken/Sichuan/k141/20	0.2886	0.2709	0.3867	0.2986	0.152	-0.070	0.386	50.61	0.448	0.479	469	498	-0.578313	0.074297	
A/chicken/Sichuan/NCJPL1/	0.2766	0.2741	0.3973	0.2957	0.155	-0.036	0.406	50.30	0.449	0.480	468	498	-0.577510	0.074297	
A/Chicken/Suzhou/j5/2019|	0.2937	0.2684	0.3867	0.2957	0.153	-0.070	0.386	50.91	0.443	0.479	469	498	-0.578313	0.074297	
A/Chicken/Suzhou/j6/2019|	0.2937	0.2684	0.3867	0.2957	0.153	-0.070	0.386	50.91	0.443	0.479	469	498	-0.578313	0.074297	
A/chicken/Taichung/150103	0.2868	0.2843	0.3969	0.2670	0.155	-0.048	0.398	50.11	0.438	0.477	475	504	-0.542659	0.075397	
A/chicken/Taichung/160400	0.2918	0.2793	0.4047	0.2585	0.155	-0.053	0.396	50.15	0.427	0.474	475	504	-0.534524	0.075397	
A/chicken/Taichung/160500	0.2886	0.2811	0.4010	0.2642	0.153	-0.049	0.397	49.92	0.433	0.475	476	504	-0.537500	0.075397	
A/chicken/Taichung/161100	0.2950	0.2800	0.3868	0.2771	0.162	-0.013	0.418	50.89	0.441	0.478	474	504	-0.548611	0.075397	
A/chicken/Tainan/15020214	0.3083	0.2657	0.3916	0.2699	0.157	-0.036	0.405	51.38	0.424	0.474	474	504	-0.546429	0.075397	
A/chicken/Tainan/16040035	0.2907	0.2832	0.3870	0.2732	0.158	-0.046	0.400	50.66	0.442	0.479	475	504	-0.547222	0.075397	
A/chicken/Tainan/17030058	0.3008	0.2732	0.3979	0.2642	0.155	-0.043	0.401	51.14	0.426	0.475	474	504	-0.547421	0.075397	
A/chicken/Taipei_City/170	0.2982	0.2682	0.4094	0.2593	0.155	-0.039	0.404	50.55	0.419	0.473	473	504	-0.546627	0.075397	
A/chicken/Taipei_City/180	0.2757	0.2957	0.3937	0.2751	0.155	-0.058	0.392	51.12	0.451	0.479	474	504	-0.540873	0.075397	
A/chicken/Taipei_City/180	0.2811	0.2836	0.3890	0.2812	0.152	-0.062	0.389	51.67	0.448	0.481	475	504	-0.544445	0.075397	
A/chicken/Taipei/16060022	0.3058	0.2707	0.3963	0.2621	0.157	-0.039	0.404	51.05	0.423	0.474	473	504	-0.551587	0.075397	
A/chicken/Taipei/16060023	0.3058	0.2707	0.3963	0.2621	0.157	-0.039	0.404	51.05	0.423	0.474	473	504	-0.551587	0.075397	
A/chicken/Taipei/16120021	0.3075	0.2700	0.3963	0.2629	0.156	-0.045	0.401	51.62	0.422	0.472	474	504	-0.543651	0.075397	
A/chicken/Taipei/17050005	0.2968	0.2693	0.4073	0.2614	0.156	-0.041	0.402	50.71	0.421	0.474	475	504	-0.536905	0.075397	
A/chicken/Taipei/17050008	0.2975	0.2700	0.4084	0.2593	0.156	-0.040	0.403	50.95	0.420	0.473	474	504	-0.541468	0.075397	
A/chicken/Taipei/17050009	0.2968	0.2718	0.4068	0.2600	0.156	-0.040	0.403	50.85	0.422	0.474	474	504	-0.541468	0.075397	
A/chicken/Taishun/TS2/201	0.3125	0.2425	0.4079	0.2771	0.151	-0.072	0.384	49.35	0.409	0.466	474	504	-0.564484	0.073413	
A/chicken/Taishun/TS90/20	0.2993	0.2544	0.4142	0.2730	0.155	-0.054	0.395	50.28	0.416	0.468	474	504	-0.563889	0.073413	
A/chicken/Taiwan/0101/201	0.2846	0.2645	0.4488	0.2314	0.149	-0.048	0.398	48.59	0.396	0.465	470	498	-0.554016	0.072289	
A/chicken/Taiwan/0502/201	0.3241	0.2380	0.4339	0.2363	0.150	-0.061	0.391	47.86	0.376	0.458	468	498	-0.557028	0.072289	
A/chicken/Taiwan/683/2012	0.3114	0.2506	0.4430	0.2277	0.139	-0.105	0.365	48.93	0.380	0.461	468	498	-0.581325	0.072289	
A/chicken/Taiwan/01174/20	0.3050	0.2700	0.3953	0.2650	0.158	-0.029	0.409	51.12	0.424	0.474	474	504	-0.546429	0.075397	
A/chicken/Taiwan/1682/201	0.3030	0.2449	0.4406	0.2436	0.138	-0.104	0.367	50.85	0.388	0.463	469	498	-0.570080	0.072289	
A/chicken/Taiwan/1692/201	0.3030	0.2449	0.4433	0.2407	0.138	-0.107	0.365	50.60	0.386	0.463	469	498	-0.570080	0.072289	
A/chicken/Taiwan/1704/201	0.3030	0.2449	0.4433	0.2407	0.138	-0.107	0.365	50.60	0.386	0.463	469	498	-0.570080	0.072289	
A/chicken/Taiwan/1711/201	0.3030	0.2449	0.4433	0.2407	0.138	-0.107	0.365	50.60	0.386	0.463	469	498	-0.570080	0.072289	
A/chicken/Taiwan/2593/201	0.3266	0.2354	0.4233	0.2478	0.143	-0.094	0.372	49.64	0.382	0.460	468	498	-0.559438	0.072289	
A/chicken/Taiwan/2948/201	0.3266	0.2354	0.4233	0.2478	0.142	-0.094	0.372	50.04	0.382	0.461	468	498	-0.559438	0.072289	
A/chicken/Taiwan/4443/201	0.3299	0.2310	0.4271	0.2450	0.142	-0.093	0.373	49.78	0.377	0.459	467	498	-0.564659	0.072289	
A/chicken/Taiwan/7350/201	0.3291	0.2329	0.4286	0.2414	0.140	-0.097	0.370	49.80	0.376	0.459	468	498	-0.560040	0.072289	
A/chicken/Taiwan/8988/201	0.3266	0.2354	0.4244	0.2486	0.143	-0.094	0.372	49.69	0.382	0.460	468	498	-0.564859	0.072289	
A/chicken/Taiwan/8994/201	0.3266	0.2354	0.4244	0.2486	0.143	-0.094	0.372	49.69	0.382	0.460	468	498	-0.564859	0.072289	
A/chicken/Taiwan/8996/201	0.3266	0.2354	0.4244	0.2486	0.143	-0.094	0.372	49.69	0.382	0.460	468	498	-0.564859	0.072289	
A/chicken/Taiwan/A1/2019|	0.3402	0.2327	0.4011	0.2659	0.147	-0.092	0.374	50.16	0.391	0.459	468	498	-0.557028	0.072289	
A/chicken/Taiwan/a174/201	0.3050	0.2700	0.3927	0.2678	0.157	-0.029	0.409	51.24	0.426	0.474	474	504	-0.546429	0.075397	
A/chicken/Taiwan/A1997/20	0.2970	0.2563	0.4282	0.2565	0.150	-0.062	0.391	49.95	0.406	0.468	468	498	-0.575301	0.074297	
A/chicken/Taiwan/D2/2019|	0.2800	0.2875	0.3874	0.2829	0.153	-0.048	0.399	51.66	0.451	0.479	474	504	-0.540278	0.075397	
A/chicken/Taiwan/D9/2019|	0.2775	0.2900	0.3874	0.2829	0.153	-0.051	0.397	51.71	0.454	0.479	474	504	-0.540278	0.075397	
A/chicken/Taiwan/u7/2016|	0.2843	0.2868	0.3890	0.2764	0.155	-0.051	0.396	50.76	0.446	0.479	475	504	-0.532143	0.075397	
A/chicken/Taiwan/x37/2016	0.3050	0.2700	0.3953	0.2650	0.158	-0.033	0.407	51.21	0.424	0.474	474	504	-0.546429	0.075397	
A/chicken/TC/a504/2015|EP	0.3325	0.2310	0.4116	0.2579	0.144	-0.095	0.372	49.93	0.387	0.463	468	498	-0.564859	0.072289	
A/chicken/TY/a665/2015|EP	0.3308	0.2298	0.4105	0.2600	0.142	-0.096	0.371	50.07	0.388	0.465	469	498	-0.566466	0.068273	
A/chicken/Wuxi/7157/2015|	0.2835	0.2785	0.3824	0.3032	0.154	-0.056	0.394	50.68	0.456	0.481	469	498	-0.576908	0.074297	
A/chicken/Wuxi/7765/2016|	0.2850	0.2748	0.3830	0.3014	0.152	-0.070	0.387	51.09	0.453	0.481	468	498	-0.555823	0.074297	
A/chicken/Wuxi/SC7393/201	0.2886	0.2709	0.3893	0.2957	0.152	-0.063	0.390	50.62	0.446	0.478	469	498	-0.579117	0.074297	
A/chicken/Wuxi/WX-32/2013	0.2911	0.2759	0.3803	0.2931	0.158	-0.044	0.401	50.74	0.450	0.482	469	498	-0.567068	0.076305	
A/chicken/Wuxi/WX-33/2013	0.2897	0.2720	0.3904	0.2890	0.153	-0.065	0.388	50.06	0.443	0.480	469	498	-0.566867	0.080321	
A/chicken/Xinjiang/S1016/	0.2886	0.2709	0.3777	0.3055	0.157	-0.055	0.394	50.56	0.454	0.483	469	498	-0.574297	0.074297	
A/chicken/Xinjiang/S1081/	0.2911	0.2684	0.3777	0.3055	0.156	-0.059	0.392	50.73	0.452	0.482	469	498	-0.574297	0.074297	
A/chicken/Xinjiang/S1170/	0.2886	0.2709	0.3777	0.3064	0.156	-0.059	0.392	50.31	0.454	0.482	469	498	-0.573695	0.074297	
A/Chicken/Xuzhou/470/2017	0.2937	0.2684	0.3867	0.2957	0.153	-0.070	0.386	50.91	0.443	0.479	469	498	-0.578313	0.074297	
A/chicken/Xuzhou/XZ6/2016	0.2893	0.2640	0.3893	0.3006	0.151	-0.062	0.391	50.36	0.444	0.478	468	498	-0.578916	0.074297	
A/Chicken/Yangzhou/f6/201	0.2937	0.2684	0.3840	0.2986	0.153	-0.067	0.388	50.94	0.446	0.479	469	498	-0.578313	0.074297	
A/Chicken/Yangzhou/f9/201	0.2937	0.2684	0.3840	0.2986	0.153	-0.067	0.388	50.94	0.446	0.479	469	498	-0.578313	0.074297	
A/Chicken/Yangzhou/f14/20	0.2937	0.2684	0.3840	0.2986	0.153	-0.067	0.388	50.94	0.446	0.479	469	498	-0.578313	0.074297	
A/chicken/Yangzhou/YD1/20	0.2868	0.2690	0.3973	0.2899	0.155	-0.036	0.406	50.36	0.440	0.475	468	498	-0.578313	0.074297	
A/chicken/YL/A3190/2014|E	0.2965	0.2487	0.4316	0.2543	0.141	-0.081	0.379	50.27	0.400	0.468	470	498	-0.569277	0.074297	
A/chicken/Yuhang/1/2013|E	0.2734	0.2861	0.3883	0.2931	0.158	-0.032	0.407	50.66	0.458	0.484	469	498	-0.579920	0.074297	
A/chicken/Yuhang/2/2013|E	0.2734	0.2861	0.3883	0.2931	0.158	-0.032	0.407	50.66	0.458	0.484	469	498	-0.579920	0.074297	
A/chicken/Yunlin/15020048	0.2850	0.2850	0.3984	0.2663	0.156	-0.045	0.400	50.08	0.438	0.477	475	504	-0.543452	0.075397	
A/chicken/Yunlin/15040002	0.2918	0.2818	0.3995	0.2614	0.157	-0.045	0.400	50.07	0.432	0.475	475	504	-0.542659	0.075397	
A/chicken/Yunlin/15040027	0.2911	0.2759	0.4037	0.2629	0.152	-0.059	0.392	50.29	0.429	0.476	469	498	-0.559237	0.076305	
A/chicken/Yunlin/15050012	0.2839	0.2889	0.4215	0.2429	0.165	-0.016	0.418	50.60	0.422	0.468	474	504	-0.543452	0.075397	
A/chicken/Yunlin/15050037	0.2918	0.2793	0.3995	0.2642	0.154	-0.052	0.396	50.10	0.432	0.475	475	504	-0.542659	0.075397	
A/chicken/Yunlin/15050039	0.2893	0.2818	0.3995	0.2642	0.155	-0.048	0.398	50.05	0.434	0.476	475	504	-0.542659	0.075397	
A/chicken/Yunlin/15060014	0.2893	0.2818	0.3995	0.2642	0.155	-0.049	0.398	50.01	0.434	0.476	475	504	-0.547421	0.075397	
A/chicken/Yunlin/15080024	0.2893	0.2818	0.3969	0.2670	0.155	-0.045	0.400	49.84	0.436	0.476	475	504	-0.542659	0.075397	
A/chicken/Yunlin/16010001	0.2868	0.2768	0.3943	0.2784	0.153	-0.059	0.392	50.18	0.440	0.478	475	504	-0.542659	0.075397	
A/chicken/Yunlin/16010008	0.2900	0.2825	0.3969	0.2670	0.157	-0.049	0.398	50.08	0.436	0.476	475	504	-0.536508	0.075397	
A/chicken/Yunlin/16020038	0.2975	0.2775	0.3937	0.2686	0.158	-0.024	0.411	50.98	0.432	0.475	474	504	-0.542659	0.075397	
A/chicken/Yunlin/16050053	0.2918	0.2793	0.4073	0.2557	0.155	-0.053	0.396	49.95	0.425	0.474	475	504	-0.534524	0.075397	
A/chicken/Yunlin/17010001	0.2982	0.2782	0.3921	0.2686	0.160	-0.019	0.414	50.55	0.433	0.476	473	504	-0.547818	0.075397	
A/chicken/Yunlin/17010014	0.2818	0.2893	0.3864	0.2792	0.156	-0.044	0.400	50.67	0.451	0.480	475	504	-0.532143	0.075397	
A/chicken/Yunlin/17020094	0.2818	0.2893	0.3760	0.2906	0.155	-0.040	0.402	50.39	0.459	0.481	475	504	-0.531548	0.077381	
A/chicken/Yunlin/17020095	0.2810	0.2810	0.4048	0.2693	0.149	-0.071	0.386	50.65	0.437	0.478	469	498	-0.561245	0.078313	
A/chicken/Yunlin/17030001	0.2818	0.2893	0.3890	0.2756	0.154	-0.052	0.396	51.05	0.448	0.479	475	504	-0.542659	0.075397	
A/chicken/Yunlin/17030007	0.2843	0.2868	0.3890	0.2764	0.155	-0.048	0.398	50.48	0.446	0.479	475	504	-0.532143	0.075397	
A/chicken/Yunlin/17030010	0.2818	0.2893	0.3864	0.2792	0.155	-0.048	0.398	50.33	0.451	0.479	475	504	-0.537103	0.075397	
A/chicken/Yunlin/17030014	0.2818	0.2893	0.3916	0.2727	0.153	-0.056	0.394	50.85	0.446	0.479	475	504	-0.542659	0.075397	
A/chicken/Yunlin/17030020	0.2825	0.2900	0.3812	0.2849	0.156	-0.041	0.402	51.39	0.455	0.480	475	504	-0.530952	0.075397	
A/chicken/Yunlin/17030021	0.2818	0.2893	0.3890	0.2756	0.154	-0.052	0.396	51.13	0.448	0.479	475	504	-0.542659	0.075397	
A/chicken/Yunlin/17030032	0.2861	0.2810	0.3974	0.2686	0.148	-0.066	0.388	50.74	0.437	0.478	469	498	-0.548394	0.076305	
A/chicken/Yunlin/17030065	0.2793	0.2918	0.3864	0.2784	0.158	-0.044	0.400	50.76	0.453	0.481	475	504	-0.532738	0.075397	
A/chicken/Yunlin/17040003	0.2868	0.2843	0.3890	0.2764	0.155	-0.048	0.398	50.53	0.444	0.478	475	504	-0.532143	0.075397	
A/chicken/Yunlin/17040004	0.2843	0.2868	0.3916	0.2720	0.154	-0.053	0.396	51.49	0.444	0.479	475	504	-0.552183	0.075397	
A/chicken/Yunlin/17040011	0.2818	0.2893	0.3916	0.2727	0.155	-0.048	0.398	51.08	0.446	0.479	475	504	-0.541865	0.075397	
A/chicken/Yunlin/17060019	0.2768	0.2893	0.3890	0.2812	0.154	-0.048	0.398	50.70	0.453	0.481	475	504	-0.542659	0.075397	
A/chicken/Yunlin/17070010	0.2818	0.2868	0.3864	0.2821	0.153	-0.059	0.392	50.76	0.451	0.480	475	504	-0.532143	0.075397	
A/chicken/Yunlin/18010001	0.2800	0.2900	0.3874	0.2800	0.153	-0.054	0.395	50.98	0.451	0.479	474	504	-0.541667	0.075397	
A/chicken/Yunlin/18010003	0.2800	0.2875	0.3943	0.2735	0.150	-0.061	0.390	50.30	0.445	0.478	474	504	-0.542857	0.075397	
A/chicken/Yunlin/18010023	0.2818	0.2868	0.3890	0.2792	0.152	-0.059	0.392	51.03	0.448	0.480	475	504	-0.535913	0.073413	
A/chicken/Yunlin/18020003	0.2818	0.2868	0.3838	0.2849	0.153	-0.059	0.392	51.47	0.453	0.481	475	504	-0.532143	0.075397	
A/chicken/Yunlin/18020004	0.2818	0.2868	0.3838	0.2849	0.153	-0.055	0.394	51.47	0.453	0.481	475	504	-0.536508	0.075397	
A/chicken/Yunlin/18020005	0.2818	0.2868	0.3838	0.2849	0.153	-0.059	0.392	51.47	0.453	0.481	475	504	-0.532143	0.075397	
A/chicken/Yunlin/18020008	0.2818	0.2868	0.3890	0.2792	0.152	-0.059	0.392	51.18	0.448	0.479	475	504	-0.532143	0.075397	
A/chicken/Yunlin/18030002	0.2868	0.2843	0.3786	0.2877	0.154	-0.055	0.394	51.69	0.453	0.481	475	504	-0.532143	0.075397	
A/chicken/Yunlin/18050013	0.2868	0.2818	0.3864	0.2821	0.152	-0.066	0.387	51.98	0.446	0.479	475	504	-0.532143	0.075397	
A/chicken/Yunlin/18060001	0.2868	0.2818	0.3864	0.2821	0.152	-0.066	0.387	51.98	0.446	0.479	475	504	-0.532143	0.075397	
A/chicken/Yunlin/18080006	0.2993	0.2718	0.4147	0.2507	0.152	-0.047	0.398	50.46	0.415	0.470	475	504	-0.559722	0.075397	
A/chicken/Yunnan/1/2014|E	0.2901	0.2697	0.3856	0.2968	0.152	-0.062	0.391	50.34	0.447	0.479	468	498	-0.578916	0.074297	
A/chicken/Yunnan/02.09_DQ	0.3038	0.2456	0.4278	0.2638	0.148	-0.080	0.380	50.28	0.402	0.464	468	498	-0.586145	0.074297	
A/chicken/Yunnan/03.15_DQ	0.2962	0.2658	0.3947	0.2870	0.151	-0.067	0.388	50.37	0.435	0.474	469	498	-0.584337	0.074297	
A/chicken/Yunnan/03.16__D	0.3013	0.2481	0.4240	0.2659	0.148	-0.076	0.382	50.43	0.406	0.466	468	498	-0.580723	0.074297	
A/chicken/Yunnan/03.16_DQ	0.2861	0.2734	0.3920	0.2936	0.153	-0.059	0.392	50.21	0.446	0.477	469	498	-0.578514	0.074297	
A/chicken/Yunnan/03.16_DQ	0.3038	0.2456	0.4267	0.2630	0.148	-0.080	0.380	50.29	0.402	0.465	468	498	-0.580723	0.074297	
A/chicken/Yunnan/03.16_DQ	0.2861	0.2734	0.3920	0.2936	0.153	-0.059	0.392	50.21	0.446	0.477	469	498	-0.578514	0.074297	
A/chicken/Yunnan/07.11_DQ	0.2886	0.2709	0.3813	0.3052	0.152	-0.071	0.386	50.09	0.452	0.479	469	498	-0.578514	0.074297	
A/Chicken/Yunnan/YN-8/201	0.2886	0.2734	0.3840	0.2994	0.152	-0.059	0.392	51.34	0.450	0.478	469	498	-0.583735	0.074297	
A/Chicken/Yunnan/YN-11/20	0.2861	0.2759	0.3824	0.3032	0.153	-0.061	0.392	51.33	0.454	0.479	469	498	-0.579719	0.076305	
A/Chicken/Yunnan/YN-12/20	0.2904	0.2727	0.3840	0.2965	0.152	-0.059	0.392	51.86	0.448	0.478	469	498	-0.597791	0.074297	
A/chicken/Zhejiang/194/20	0.2861	0.2734	0.3867	0.2986	0.151	-0.063	0.390	51.33	0.450	0.480	469	498	-0.579117	0.074297	
A/chicken/Zhejiang/209/20	0.2748	0.2926	0.4101	0.2579	0.163	-0.029	0.410	50.58	0.438	0.478	468	498	-0.556827	0.076305	
A/chicken/Zhejiang/217/20	0.2861	0.2734	0.3867	0.2986	0.151	-0.063	0.390	51.33	0.450	0.480	469	498	-0.579117	0.074297	
A/chicken/Zhejiang/232/20	0.2774	0.2901	0.4180	0.2486	0.161	-0.032	0.408	50.61	0.429	0.475	468	498	-0.563253	0.076305	
A/chicken/Zhejiang/7450/2	0.2799	0.2875	0.4153	0.2521	0.163	-0.033	0.408	50.95	0.429	0.475	468	498	-0.561847	0.076305	
A/chicken/Zhejiang/81643/	0.2774	0.2901	0.4101	0.2579	0.163	-0.036	0.406	51.19	0.436	0.476	468	498	-0.561847	0.076305	
A/chicken/Zhejiang/514135	0.3053	0.2621	0.4085	0.2622	0.154	-0.062	0.391	50.09	0.415	0.471	468	498	-0.574297	0.076305	
A/chicken/Zhejiang/727022	0.2955	0.2652	0.3850	0.2994	0.153	-0.064	0.390	50.60	0.443	0.477	469	498	-0.570281	0.074297	
A/chicken/Zhejiang/727026	0.2937	0.2658	0.3840	0.3014	0.152	-0.059	0.392	50.56	0.446	0.478	469	498	-0.579117	0.074297	
A/chicken/Zhejiang/727079	0.3089	0.2608	0.3920	0.2812	0.151	-0.073	0.384	50.65	0.426	0.472	469	498	-0.574096	0.074297	
A/chicken/Zhejiang/727155	0.2947	0.2645	0.3813	0.3014	0.151	-0.070	0.386	50.85	0.446	0.479	469	498	-0.560643	0.074297	
A/chicken/Zhejiang/727159	0.3089	0.2608	0.3920	0.2812	0.151	-0.073	0.384	50.65	0.426	0.472	469	498	-0.574096	0.074297	
A/chickenl/Jiangxi/E84/20	0.2868	0.2716	0.3947	0.2890	0.153	-0.047	0.400	50.27	0.442	0.477	468	498	-0.578916	0.074297	
A/Chlidonias_hybrida/Hube	0.2861	0.2836	0.3969	0.2707	0.154	-0.039	0.403	52.66	0.439	0.476	476	504	-0.533928	0.075397	
A/Commom_Teal/Ningxia/474	0.2911	0.2684	0.3867	0.2986	0.151	-0.067	0.388	50.62	0.446	0.478	469	498	-0.579117	0.074297	
A/common_coot/Shandong/SC	0.2929	0.2702	0.4011	0.2722	0.150	-0.057	0.394	52.48	0.430	0.475	470	498	-0.550402	0.076305	
A/common_crane/Yunnan-Hui	0.2886	0.2811	0.3916	0.2764	0.153	-0.046	0.399	52.90	0.441	0.477	476	504	-0.533928	0.075397	
A/common_pochard/Ningxia/	0.2854	0.2803	0.3879	0.2829	0.154	-0.037	0.404	52.40	0.447	0.482	470	498	-0.560040	0.076305	
A/common_teal/Ningxia/105	0.2879	0.2778	0.3984	0.2722	0.152	-0.049	0.398	53.06	0.436	0.477	470	498	-0.550402	0.076305	
A/common_teal/Ningxia/181	0.2854	0.2803	0.3879	0.2829	0.154	-0.037	0.404	52.40	0.447	0.482	470	498	-0.560040	0.076305	
A/common_teal/Ningxia/189	0.2854	0.2803	0.3931	0.2771	0.153	-0.037	0.404	52.40	0.443	0.481	470	498	-0.560040	0.076305	
A/common_teal/Ningxia/237	0.2854	0.2803	0.3895	0.2792	0.154	-0.033	0.406	52.55	0.445	0.482	470	498	-0.553815	0.076305	
A/common_teal/Ningxia/245	0.2879	0.2778	0.3931	0.2771	0.153	-0.037	0.404	52.21	0.440	0.480	470	498	-0.560040	0.076305	
A/common_teal/Ningxia/253	0.2879	0.2778	0.3931	0.2771	0.153	-0.037	0.404	52.21	0.440	0.480	470	498	-0.560040	0.076305	
A/common_teal/Shaanxi/SXY	0.2879	0.2778	0.3984	0.2722	0.152	-0.049	0.398	53.06	0.436	0.477	470	498	-0.550402	0.076305	
A/condor/Guangdong/139/20	0.2864	0.2638	0.3836	0.3066	0.154	-0.064	0.389	50.96	0.450	0.483	471	498	-0.571486	0.076305	
A/Copsychus_saularis/Guan	0.2911	0.2684	0.3877	0.2948	0.152	-0.069	0.387	50.83	0.444	0.479	468	498	-0.570683	0.074297	
A/Curlew/Hong_Kong/AFCD-H	0.2925	0.2825	0.3895	0.2751	0.160	-0.024	0.411	51.72	0.441	0.476	474	504	-0.553175	0.075397	
A/Cygnus_atratus/Hubei/2Z	0.2977	0.2799	0.3989	0.2586	0.156	-0.016	0.418	50.94	0.428	0.476	467	498	-0.582530	0.074297	
A/Cygnus_atratus/Hubei/HF	0.3003	0.2774	0.3989	0.2586	0.156	-0.012	0.420	50.90	0.426	0.475	467	498	-0.582530	0.074297	
A/Cygnus_columbianus/Hube	0.2886	0.2836	0.3969	0.2678	0.153	-0.042	0.401	52.46	0.437	0.476	476	504	-0.533928	0.075397	
A/Cygnus_columbianus/Hube	0.2910	0.2786	0.3943	0.2735	0.154	-0.042	0.401	52.83	0.437	0.476	476	504	-0.533928	0.075397	
A/Cygnus_columbianus/Hube	0.2861	0.2836	0.3969	0.2707	0.154	-0.039	0.403	52.83	0.439	0.476	476	504	-0.533928	0.075397	
A/Cygnus_columbianus/Hube	0.2861	0.2836	0.3969	0.2707	0.154	-0.039	0.403	52.66	0.439	0.476	476	504	-0.533928	0.075397	
A/Cygnus_columbianus/Hube	0.2861	0.2836	0.3969	0.2707	0.154	-0.039	0.403	52.66	0.439	0.476	476	504	-0.533928	0.075397	
A/Cygnus_columbianus/Hube	0.2861	0.2836	0.3969	0.2707	0.154	-0.040	0.403	52.64	0.439	0.477	476	504	-0.538690	0.075397	
A/Cygnus_columbianus/Hube	0.2861	0.2836	0.3969	0.2707	0.154	-0.039	0.403	52.66	0.439	0.476	476	504	-0.533928	0.075397	
A/Cygnus_columbianus/Hube	0.2960	0.2736	0.3812	0.2869	0.158	-0.031	0.408	53.38	0.443	0.479	476	504	-0.546429	0.073413	
A/Cygnus_columbianus/Hube	0.2968	0.2743	0.3848	0.2812	0.160	-0.030	0.408	53.18	0.440	0.478	475	504	-0.551587	0.073413	
A/Cygnus_columbianus/Hube	0.2960	0.2736	0.3812	0.2869	0.158	-0.031	0.408	53.38	0.443	0.479	476	504	-0.546429	0.073413	
A/Cygnus_columbianus/Hube	0.2960	0.2736	0.3812	0.2869	0.158	-0.031	0.408	53.38	0.443	0.479	476	504	-0.546429	0.073413	
A/domestic_green-winged_t	0.2893	0.2768	0.4121	0.2600	0.155	-0.027	0.411	50.84	0.425	0.473	475	504	-0.556548	0.075397	
A/duck/Anhui/AH328/2015|E	0.2861	0.2734	0.3867	0.2986	0.151	-0.063	0.390	51.33	0.450	0.480	469	498	-0.579117	0.074297	
A/duck/Anhui/S4/2016|EPI_	0.2861	0.2734	0.3840	0.3014	0.151	-0.063	0.390	51.14	0.452	0.480	469	498	-0.575301	0.076305	
A/duck/Changhua/15A03431-	0.2861	0.2836	0.3943	0.2707	0.154	-0.049	0.398	50.05	0.440	0.478	475	504	-0.535913	0.075397	
A/duck/Changhua/15A03473-	0.2843	0.2868	0.3969	0.2670	0.153	-0.056	0.394	50.27	0.440	0.478	475	504	-0.542659	0.075397	
A/duck/Chiayi/15080023/20	0.2975	0.2800	0.3858	0.2743	0.161	-0.017	0.416	50.95	0.439	0.477	474	504	-0.542659	0.075397	
A/duck/China/0936/2017|EP	0.2937	0.2684	0.3883	0.2919	0.153	-0.064	0.390	50.47	0.441	0.480	469	498	-0.577711	0.074297	
A/duck/China/0938/2017|EP	0.2886	0.2684	0.3936	0.2911	0.155	-0.055	0.394	50.39	0.441	0.479	469	498	-0.574297	0.074297	
A/duck/China/DK87/2016|EP	0.2886	0.2734	0.3733	0.3101	0.149	-0.074	0.384	52.50	0.458	0.483	469	498	-0.578313	0.074297	
A/duck/China/E26/2012|EPI	0.2904	0.2677	0.3740	0.3075	0.154	-0.050	0.397	50.41	0.454	0.483	469	498	-0.561446	0.076305	
A/duck/China/E53/2012|EPI	0.2854	0.2677	0.3936	0.2939	0.149	-0.069	0.386	51.54	0.443	0.479	469	498	-0.576707	0.076305	
A/Duck/China/H5N6/2020|EP	0.2843	0.2665	0.3936	0.2960	0.152	-0.047	0.400	50.02	0.444	0.480	468	498	-0.573293	0.074297	
A/duck/China/YD1516/2016|	0.2748	0.2926	0.4206	0.2464	0.163	-0.025	0.412	50.33	0.429	0.474	468	498	-0.561847	0.076305	
A/duck/Chongqing/S4362/20	0.3036	0.2653	0.4021	0.2665	0.156	-0.033	0.408	50.49	0.421	0.473	468	498	-0.567269	0.076305	
A/duck/Dongguan/2685/2013	0.2911	0.2684	0.3867	0.2986	0.152	-0.063	0.390	50.53	0.446	0.478	469	498	-0.579117	0.074297	
A/Duck/Dongting/D76-1/201	0.2959	0.2730	0.4069	0.2622	0.156	-0.032	0.409	49.83	0.424	0.473	467	498	-0.571887	0.076305	
A/duck/Eastern_China/008/	0.2700	0.2850	0.4316	0.2529	0.160	-0.033	0.407	50.28	0.426	0.470	474	504	-0.556548	0.075397	
A/duck/Eastern_China/031/	0.2700	0.2850	0.4316	0.2529	0.160	-0.029	0.409	50.18	0.426	0.470	474	504	-0.556548	0.075397	
A/duck/Eastern_China/108/	0.2700	0.2850	0.4289	0.2557	0.160	-0.033	0.407	50.38	0.428	0.470	474	504	-0.556548	0.075397	
A/duck/Eastern_China/909/	0.2725	0.2900	0.3990	0.2764	0.166	-0.019	0.416	48.16	0.449	0.482	474	504	-0.561508	0.075397	
A/duck/Eastern_China/JY/2	0.2835	0.2810	0.4142	0.2543	0.157	-0.033	0.407	50.36	0.426	0.473	469	498	-0.555823	0.076305	
A/duck/Eastern_China/L023	0.2832	0.2704	0.4149	0.2701	0.157	-0.043	0.403	49.84	0.428	0.473	467	498	-0.572490	0.076305	
A/duck/Eastern_China/L032	0.2850	0.2697	0.4293	0.2536	0.154	-0.050	0.398	49.36	0.415	0.468	467	498	-0.572490	0.076305	
A/duck/Eastern_China/L040	0.2824	0.2824	0.4271	0.2443	0.162	-0.021	0.415	49.68	0.419	0.470	468	498	-0.567269	0.076305	
A/duck/Eastern_China/L042	0.2799	0.2850	0.4244	0.2471	0.162	-0.018	0.417	49.70	0.423	0.471	468	498	-0.567269	0.076305	
A/duck/Eastern_China/L061	0.2774	0.2875	0.4271	0.2443	0.160	-0.021	0.415	50.00	0.423	0.470	468	498	-0.567269	0.076305	
A/duck/Eastern_China/L072	0.2799	0.2850	0.4218	0.2500	0.163	-0.014	0.419	49.82	0.425	0.472	468	498	-0.567269	0.076305	
A/duck/Eastern_China/L102	0.2799	0.2850	0.4153	0.2550	0.160	-0.021	0.415	50.35	0.429	0.473	468	498	-0.561647	0.076305	
A/duck/Eastern_China/L112	0.2824	0.2875	0.4164	0.2500	0.162	-0.019	0.417	50.80	0.427	0.473	468	498	-0.572088	0.076305	
A/duck/Eastern_China/S013	0.2850	0.2824	0.4286	0.2378	0.162	-0.025	0.412	50.57	0.415	0.469	468	498	-0.561847	0.076305	
A/duck/Eastern_China/S021	0.2792	0.2868	0.4132	0.2536	0.160	-0.030	0.409	50.09	0.431	0.475	469	498	-0.545783	0.076305	
A/duck/Eastern_China/S032	0.2875	0.2697	0.4267	0.2572	0.160	-0.040	0.404	48.54	0.417	0.471	468	498	-0.581928	0.074297	
A/duck/Eastern_China/S071	0.2868	0.2690	0.3947	0.2928	0.154	-0.040	0.404	50.84	0.442	0.477	468	498	-0.578313	0.074297	
A/duck/Eastern_China/S080	0.2850	0.2748	0.4240	0.2551	0.155	-0.055	0.396	49.83	0.420	0.468	467	498	-0.569679	0.076305	
A/duck/Eastern_China/S090	0.2919	0.2690	0.3893	0.2919	0.152	-0.061	0.391	49.91	0.442	0.477	468	498	-0.574096	0.074297	
A/duck/Eastern_China/S110	0.2792	0.2843	0.4195	0.2514	0.154	-0.038	0.405	51.25	0.426	0.472	469	498	-0.566868	0.076305	
A/duck/Eastern_China/S121	0.2843	0.2792	0.4169	0.2543	0.158	-0.033	0.407	50.39	0.424	0.471	469	498	-0.562048	0.076305	
A/duck/Fujian/1.17_FZHX01	0.2868	0.2640	0.4000	0.2902	0.157	-0.043	0.402	51.31	0.438	0.478	468	498	-0.589960	0.074297	
A/duck/Fujian/03.18_GTFJ-	0.2911	0.2684	0.3936	0.2890	0.152	-0.055	0.394	50.80	0.439	0.476	469	498	-0.573695	0.074297	
A/duck/Fujian/05.07_FZHMD	0.2861	0.2759	0.3883	0.2911	0.153	-0.055	0.394	51.25	0.448	0.479	469	498	-0.574297	0.074297	
A/duck/Fujian/05.07_FZHMD	0.2861	0.2759	0.3856	0.2939	0.153	-0.055	0.394	51.32	0.450	0.480	469	498	-0.574297	0.074297	
A/duck/Fujian/05.07_FZHMD	0.2861	0.2759	0.3856	0.2939	0.153	-0.055	0.394	51.32	0.450	0.480	469	498	-0.574297	0.074297	
A/duck/Fujian/10.26_FZHX0	0.2817	0.2792	0.3813	0.3043	0.151	-0.060	0.392	51.78	0.458	0.483	469	498	-0.576305	0.074297	
A/duck/Fujian/10.26_FZHX0	0.2785	0.2810	0.3787	0.3064	0.148	-0.064	0.390	51.24	0.463	0.485	469	498	-0.577109	0.074297	
A/duck/Fujian/11.3_FZHX11	0.2868	0.2640	0.3973	0.2931	0.157	-0.040	0.404	51.27	0.440	0.478	468	498	-0.594980	0.074297	
A/duck/Fujian/11.3_FZHX11	0.2868	0.2640	0.3973	0.2931	0.158	-0.040	0.404	51.39	0.440	0.478	468	498	-0.595181	0.074297	
A/duck/Fujian/11.23_FZHX0	0.2886	0.2684	0.3893	0.2986	0.148	-0.063	0.390	52.48	0.446	0.479	469	498	-0.578313	0.074297	
A/duck/Fujian/11.23_FZHX0	0.2817	0.2792	0.3893	0.2957	0.150	-0.060	0.392	51.94	0.452	0.481	469	498	-0.576305	0.074297	
A/duck/Fujian/11.23_FZHX0	0.2759	0.2785	0.3803	0.3092	0.149	-0.062	0.390	50.90	0.463	0.485	469	498	-0.576305	0.072289	
A/duck/Fujian/12.7_FZHX12	0.2868	0.2640	0.4000	0.2902	0.157	-0.043	0.402	51.31	0.438	0.478	468	498	-0.589960	0.074297	
A/duck/Fujian/12.7_FZHX12	0.2919	0.2640	0.3947	0.2902	0.159	-0.032	0.408	51.65	0.438	0.478	468	498	-0.589960	0.074297	
A/duck/Fujian/12.7_FZHX12	0.2919	0.2640	0.3947	0.2902	0.159	-0.032	0.408	51.65	0.438	0.478	468	498	-0.589960	0.074297	
A/duck/Fujian/12.7_FZHX12	0.2919	0.2640	0.3947	0.2902	0.159	-0.032	0.408	51.65	0.438	0.478	468	498	-0.589960	0.074297	
A/duck/Fujian/S1233/2018(	0.2962	0.2658	0.3787	0.3035	0.152	-0.066	0.388	51.51	0.448	0.480	469	498	-0.578916	0.074297	
A/duck/Fujian/S1273/2018(	0.2886	0.2684	0.3777	0.3084	0.155	-0.063	0.390	50.70	0.454	0.483	469	498	-0.574297	0.074297	
A/Duck/Fujian/S4146/2010|	0.2734	0.2861	0.3830	0.2997	0.159	-0.029	0.409	50.35	0.463	0.485	469	498	-0.579317	0.074297	
A/duck/Guangdong/01.01_SZ	0.2861	0.2759	0.3760	0.3064	0.152	-0.059	0.392	52.14	0.458	0.483	469	498	-0.578916	0.074297	
A/duck/Guangdong/01.01_SZ	0.2886	0.2734	0.3733	0.3092	0.151	-0.059	0.392	52.10	0.458	0.484	469	498	-0.578916	0.074297	
A/duck/Guangdong/01.01_SZ	0.2861	0.2759	0.3733	0.3092	0.151	-0.059	0.392	52.01	0.461	0.484	469	498	-0.578916	0.074297	
A/duck/Guangdong/01.01_SZ	0.2861	0.2759	0.3760	0.3064	0.151	-0.059	0.392	52.14	0.458	0.484	469	498	-0.578916	0.074297	
A/duck/Guangdong/01.01_SZ	0.2861	0.2759	0.3760	0.3064	0.151	-0.059	0.392	52.14	0.458	0.484	469	498	-0.578916	0.074297	
A/duck/Guangdong/01.01_SZ	0.2861	0.2759	0.3760	0.3064	0.151	-0.059	0.392	52.14	0.458	0.484	469	498	-0.578916	0.074297	
A/duck/Guangdong/01.01_SZ	0.2861	0.2759	0.3760	0.3072	0.151	-0.063	0.390	51.97	0.458	0.483	469	498	-0.578313	0.074297	
A/duck/Guangdong/01.01_SZ	0.2861	0.2759	0.3760	0.3064	0.151	-0.059	0.392	52.14	0.458	0.484	469	498	-0.578916	0.074297	
A/duck/Guangdong/01.01_SZ	0.2861	0.2759	0.3760	0.3072	0.152	-0.055	0.394	51.99	0.458	0.483	469	498	-0.578313	0.074297	
A/duck/Guangdong/01.01_SZ	0.2861	0.2759	0.3760	0.3064	0.151	-0.059	0.392	52.14	0.458	0.484	469	498	-0.578916	0.074297	
A/duck/Guangdong/02.11_DG	0.2886	0.2734	0.3920	0.2899	0.153	-0.063	0.390	51.70	0.443	0.477	469	498	-0.579117	0.074297	
A/duck/Guangdong/02.11_DG	0.2886	0.2734	0.3920	0.2899	0.153	-0.063	0.390	51.70	0.443	0.477	469	498	-0.579117	0.074297	
A/duck/Guangdong/02.11_DG	0.2886	0.2734	0.3920	0.2899	0.153	-0.063	0.390	51.70	0.443	0.477	469	498	-0.579117	0.074297	
A/duck/Guangdong/02.11_DG	0.2886	0.2734	0.3920	0.2899	0.154	-0.059	0.392	51.39	0.443	0.478	469	498	-0.579117	0.074297	
A/duck/Guangdong/02.11_DG	0.2886	0.2734	0.3920	0.2899	0.153	-0.063	0.390	51.70	0.443	0.477	469	498	-0.579117	0.074297	
A/duck/Guangdong/02.11_DG	0.2886	0.2734	0.3920	0.2899	0.153	-0.063	0.390	51.70	0.443	0.477	469	498	-0.579117	0.074297	
A/duck/Guangdong/03.26_DG	0.2835	0.2759	0.3840	0.3014	0.150	-0.062	0.390	51.18	0.454	0.481	469	498	-0.587349	0.074297	
A/duck/Guangdong/03.26_DG	0.2835	0.2759	0.3840	0.3014	0.150	-0.063	0.390	51.11	0.454	0.481	469	498	-0.579117	0.074297	
A/duck/Guangdong/03.26_DG	0.2835	0.2759	0.3840	0.3014	0.149	-0.068	0.388	50.96	0.454	0.481	469	498	-0.577510	0.074297	
A/duck/Guangdong/03.26_DG	0.2937	0.2658	0.3893	0.2957	0.150	-0.067	0.388	50.86	0.441	0.477	469	498	-0.579117	0.074297	
A/duck/Guangdong/03.26_DG	0.2835	0.2759	0.3840	0.3014	0.149	-0.068	0.388	50.96	0.454	0.481	469	498	-0.577510	0.074297	
A/duck/Guangdong/03.26_DG	0.2835	0.2759	0.3840	0.3014	0.149	-0.068	0.388	50.96	0.454	0.481	469	498	-0.577510	0.074297	
A/duck/Guangdong/03.26_DG	0.2937	0.2658	0.3893	0.2957	0.150	-0.067	0.388	50.86	0.441	0.477	469	498	-0.579117	0.074297	
A/duck/Guangdong/03.26_DG	0.2835	0.2759	0.3840	0.3014	0.149	-0.068	0.388	50.96	0.454	0.481	469	498	-0.577510	0.074297	
A/duck/Guangdong/03.26_DG	0.2937	0.2658	0.3920	0.2928	0.150	-0.067	0.388	50.79	0.439	0.477	469	498	-0.579117	0.074297	
A/duck/Guangdong/03.26_DG	0.2937	0.2658	0.3920	0.2928	0.150	-0.067	0.388	50.79	0.439	0.477	469	498	-0.579117	0.074297	
A/duck/Guangdong/03.26_DG	0.2835	0.2759	0.3840	0.3014	0.149	-0.068	0.388	50.96	0.454	0.481	469	498	-0.577510	0.074297	
A/duck/Guangdong/03.26_DG	0.2835	0.2759	0.3840	0.3014	0.149	-0.068	0.388	50.96	0.454	0.481	469	498	-0.577510	0.074297	
A/duck/Guangdong/03.26_DG	0.2835	0.2759	0.3840	0.3014	0.149	-0.068	0.388	50.96	0.454	0.481	469	498	-0.577510	0.074297	
A/duck/Guangdong/03.26_DG	0.2835	0.2759	0.3840	0.3014	0.149	-0.068	0.388	50.96	0.454	0.481	469	498	-0.577510	0.074297	
A/duck/Guangdong/03.26_DG	0.2861	0.2734	0.3840	0.3014	0.151	-0.059	0.392	51.11	0.452	0.481	469	498	-0.579117	0.074297	
A/duck/Guangdong/03.26_DG	0.2835	0.2759	0.3840	0.3014	0.150	-0.063	0.390	51.11	0.454	0.481	469	498	-0.579117	0.074297	
A/duck/Guangdong/03.26_DG	0.2835	0.2759	0.3840	0.3014	0.150	-0.063	0.390	51.11	0.454	0.481	469	498	-0.579117	0.074297	
A/duck/Guangdong/03.26_DG	0.2835	0.2759	0.3840	0.3014	0.150	-0.063	0.390	51.11	0.454	0.481	469	498	-0.579117	0.074297	
A/duck/Guangdong/03.26_DG	0.2835	0.2759	0.3840	0.3014	0.150	-0.063	0.390	51.11	0.454	0.481	469	498	-0.579117	0.074297	
A/duck/Guangdong/03.26_DG	0.2861	0.2734	0.3840	0.3014	0.151	-0.059	0.392	51.11	0.452	0.481	469	498	-0.579117	0.074297	
A/duck/Guangdong/03.26_DG	0.2835	0.2759	0.3840	0.3014	0.150	-0.063	0.390	51.11	0.454	0.481	469	498	-0.579117	0.074297	
A/duck/Guangdong/03.27_DG	0.2835	0.2759	0.3840	0.3014	0.150	-0.063	0.390	51.11	0.454	0.481	469	498	-0.579117	0.074297	
A/duck/Guangdong/03.27_DG	0.2835	0.2759	0.3840	0.3006	0.153	-0.052	0.397	51.20	0.454	0.482	469	498	-0.589558	0.074297	
A/duck/Guangdong/03.27_DG	0.2835	0.2759	0.3840	0.3014	0.150	-0.063	0.390	51.11	0.454	0.481	469	498	-0.579117	0.074297	
A/duck/Guangdong/03.27_DG	0.2835	0.2759	0.3840	0.3006	0.153	-0.052	0.397	51.20	0.454	0.482	469	498	-0.589558	0.074297	
A/duck/Guangdong/03.27_DG	0.2835	0.2759	0.3840	0.3014	0.150	-0.063	0.390	51.11	0.454	0.481	469	498	-0.579117	0.074297	
A/duck/Guangdong/04.15_SZ	0.2835	0.2759	0.3867	0.2986	0.151	-0.059	0.392	50.97	0.452	0.481	469	498	-0.579117	0.074297	
A/duck/Guangdong/04.15_SZ	0.2861	0.2759	0.3867	0.2957	0.152	-0.055	0.394	51.33	0.450	0.481	469	498	-0.578313	0.074297	
A/duck/Guangdong/04.15_SZ	0.2861	0.2759	0.3840	0.2986	0.152	-0.055	0.394	51.39	0.452	0.481	469	498	-0.578313	0.074297	
A/duck/Guangdong/04.16_LG	0.2810	0.2785	0.3813	0.3043	0.150	-0.063	0.390	51.13	0.458	0.483	469	498	-0.579117	0.074297	
A/duck/Guangdong/04.16_SZ	0.2937	0.2658	0.3893	0.2957	0.150	-0.067	0.388	50.86	0.441	0.477	469	498	-0.579117	0.074297	
A/duck/Guangdong/04.16_SZ	0.2817	0.2792	0.3813	0.3043	0.152	-0.060	0.392	51.19	0.458	0.482	469	498	-0.577912	0.074297	
A/duck/Guangdong/04.16_SZ	0.2835	0.2759	0.3840	0.3014	0.150	-0.063	0.390	51.11	0.454	0.481	469	498	-0.579117	0.074297	
A/duck/Guangdong/04.16_SZ	0.2843	0.2716	0.3947	0.2919	0.157	-0.032	0.408	50.69	0.444	0.479	468	498	-0.578916	0.074297	
A/duck/Guangdong/04.22_DG	0.2886	0.2734	0.3893	0.2928	0.153	-0.059	0.392	51.29	0.446	0.478	469	498	-0.579117	0.074297	
A/duck/Guangdong/04.22_DG	0.2886	0.2734	0.3893	0.2928	0.153	-0.059	0.392	51.29	0.446	0.478	469	498	-0.579117	0.074297	
A/duck/Guangdong/04.22_DG	0.2835	0.2759	0.3840	0.3014	0.150	-0.063	0.390	51.11	0.454	0.481	469	498	-0.579117	0.074297	
A/duck/Guangdong/04.22_DG	0.2835	0.2759	0.3840	0.3014	0.150	-0.063	0.390	51.11	0.454	0.481	469	498	-0.579117	0.074297	
A/duck/Guangdong/04.22_DG	0.2835	0.2759	0.3840	0.3014	0.150	-0.063	0.390	51.11	0.454	0.481	469	498	-0.579117	0.074297	
A/duck/Guangdong/04.22_DG	0.2937	0.2658	0.3840	0.3014	0.152	-0.063	0.390	50.76	0.446	0.477	469	498	-0.584940	0.074297	
A/duck/Guangdong/04.22_DG	0.2886	0.2734	0.3893	0.2928	0.153	-0.059	0.392	51.29	0.446	0.478	469	498	-0.579117	0.074297	
A/duck/Guangdong/04.22_DG	0.2886	0.2734	0.3893	0.2928	0.153	-0.059	0.392	51.29	0.446	0.478	469	498	-0.579117	0.074297	
A/duck/Guangdong/04.22_DG	0.2962	0.2633	0.3840	0.3014	0.151	-0.066	0.388	50.71	0.443	0.476	469	498	-0.584940	0.074297	
A/duck/Guangdong/04.22_DG	0.2962	0.2633	0.3856	0.2977	0.150	-0.065	0.388	50.65	0.441	0.476	469	498	-0.582932	0.072289	
A/duck/Guangdong/04.23_DG	0.2835	0.2759	0.3840	0.3006	0.153	-0.052	0.397	51.20	0.454	0.482	469	498	-0.589558	0.074297	
A/duck/Guangdong/04.23_DG	0.2835	0.2759	0.3840	0.3006	0.153	-0.052	0.397	51.20	0.454	0.482	469	498	-0.589558	0.074297	
A/duck/Guangdong/04.23_DG	0.2835	0.2759	0.3840	0.3014	0.150	-0.063	0.390	51.11	0.454	0.481	469	498	-0.579117	0.074297	
A/duck/Guangdong/04.23_DG	0.2835	0.2759	0.3840	0.3014	0.150	-0.063	0.390	51.11	0.454	0.481	469	498	-0.579117	0.074297	
A/duck/Guangdong/04.23_DG	0.2861	0.2734	0.3840	0.3014	0.150	-0.067	0.388	51.11	0.452	0.481	469	498	-0.579117	0.074297	
A/duck/Guangdong/04.23_DG	0.2835	0.2759	0.3840	0.3014	0.150	-0.063	0.390	51.11	0.454	0.481	469	498	-0.579117	0.074297	
A/duck/Guangdong/04.23_DG	0.2835	0.2759	0.3840	0.3014	0.150	-0.063	0.390	51.11	0.454	0.481	469	498	-0.579117	0.074297	
A/duck/Guangdong/04.23_DG	0.2835	0.2759	0.3840	0.3014	0.150	-0.063	0.390	51.11	0.454	0.481	469	498	-0.579117	0.074297	
A/duck/Guangdong/04.23_DG	0.2835	0.2759	0.3840	0.3014	0.150	-0.063	0.390	51.11	0.454	0.481	469	498	-0.579117	0.074297	
A/duck/Guangdong/04.23_DG	0.2810	0.2785	0.3840	0.3014	0.151	-0.059	0.392	50.77	0.456	0.482	469	498	-0.579117	0.074297	
A/duck/Guangdong/04.23_DG	0.2911	0.2684	0.3840	0.3014	0.152	-0.063	0.390	51.17	0.448	0.479	469	498	-0.578313	0.074297	
A/duck/Guangdong/04.23_DG	0.2835	0.2759	0.3840	0.3014	0.150	-0.063	0.390	51.11	0.454	0.481	469	498	-0.579117	0.074297	
A/duck/Guangdong/04.23_DG	0.2911	0.2684	0.3840	0.3014	0.152	-0.063	0.390	51.17	0.448	0.479	469	498	-0.578313	0.074297	
A/duck/Guangdong/04.23_DG	0.2911	0.2684	0.3840	0.3014	0.152	-0.063	0.390	51.17	0.448	0.479	469	498	-0.578313	0.074297	
A/duck/Guangdong/04.23_DG	0.2835	0.2759	0.3840	0.3014	0.150	-0.063	0.390	51.11	0.454	0.481	469	498	-0.579117	0.074297	
A/duck/Guangdong/04.23_DG	0.2835	0.2759	0.3840	0.3014	0.150	-0.063	0.390	51.11	0.454	0.481	469	498	-0.579117	0.074297	
A/duck/Guangdong/04.23_DG	0.2835	0.2759	0.3840	0.3014	0.150	-0.063	0.390	51.11	0.454	0.481	469	498	-0.579117	0.074297	
A/duck/Guangdong/04.23_DG	0.2835	0.2759	0.3813	0.3043	0.150	-0.063	0.390	51.28	0.456	0.482	469	498	-0.579117	0.074297	
A/duck/Guangdong/04.23_DG	0.2835	0.2759	0.3840	0.3014	0.150	-0.063	0.390	51.11	0.454	0.481	469	498	-0.579117	0.074297	
A/duck/Guangdong/04.23_DG	0.2835	0.2759	0.3840	0.3014	0.150	-0.063	0.390	51.11	0.454	0.481	469	498	-0.579117	0.074297	
A/duck/Guangdong/04.23_DG	0.2835	0.2759	0.3840	0.3006	0.153	-0.052	0.397	51.20	0.454	0.482	469	498	-0.589558	0.074297	
A/duck/Guangdong/04.23_DG	0.2861	0.2734	0.3840	0.3014	0.150	-0.063	0.390	51.21	0.452	0.481	469	498	-0.579117	0.074297	
A/duck/Guangdong/04.23_DG	0.2843	0.2716	0.3973	0.2890	0.157	-0.032	0.408	50.60	0.442	0.478	468	498	-0.578916	0.074297	
A/duck/Guangdong/04.23_DG	0.2835	0.2759	0.3840	0.3014	0.150	-0.063	0.390	51.11	0.454	0.481	469	498	-0.579117	0.074297	
A/duck/Guangdong/04.23_DG	0.2835	0.2759	0.3840	0.3014	0.150	-0.063	0.390	51.11	0.454	0.481	469	498	-0.579117	0.074297	
A/duck/Guangdong/04.23_DG	0.2835	0.2759	0.3840	0.3014	0.150	-0.063	0.390	51.11	0.454	0.481	469	498	-0.579117	0.074297	
A/duck/Guangdong/04.23_DG	0.2835	0.2759	0.3840	0.3006	0.153	-0.052	0.397	51.20	0.454	0.482	469	498	-0.589558	0.074297	
A/duck/Guangdong/04.23_DG	0.2835	0.2759	0.3840	0.3006	0.153	-0.052	0.397	51.20	0.454	0.482	469	498	-0.589558	0.074297	
A/duck/Guangdong/04.23_DG	0.2835	0.2759	0.3840	0.3014	0.150	-0.063	0.390	51.11	0.454	0.481	469	498	-0.579117	0.074297	
A/duck/Guangdong/04.23_DG	0.2835	0.2759	0.3840	0.3006	0.153	-0.052	0.397	51.20	0.454	0.482	469	498	-0.589558	0.074297	
A/duck/Guangdong/04.23_DG	0.2835	0.2759	0.3840	0.3006	0.153	-0.052	0.397	51.20	0.454	0.482	469	498	-0.589558	0.074297	
A/duck/Guangdong/04.23_DG	0.2843	0.2716	0.3973	0.2890	0.157	-0.032	0.408	50.60	0.442	0.478	468	498	-0.578916	0.074297	
A/duck/Guangdong/04.23_DG	0.2843	0.2716	0.3973	0.2890	0.157	-0.032	0.408	50.60	0.442	0.478	468	498	-0.578916	0.074297	
A/duck/Guangdong/04.23_DG	0.2911	0.2684	0.3840	0.3014	0.152	-0.063	0.390	51.17	0.448	0.479	469	498	-0.578313	0.074297	
A/duck/Guangdong/04.23_DG	0.2911	0.2684	0.3840	0.3014	0.152	-0.063	0.390	51.17	0.448	0.479	469	498	-0.578313	0.074297	
A/duck/Guangdong/04.23_DG	0.2911	0.2684	0.3840	0.3014	0.152	-0.063	0.390	51.17	0.448	0.479	469	498	-0.578313	0.074297	
A/duck/Guangdong/04.23_DG	0.2911	0.2684	0.3867	0.2986	0.150	-0.067	0.388	51.43	0.446	0.479	469	498	-0.578313	0.074297	
A/duck/Guangdong/04.23_DG	0.2911	0.2684	0.3867	0.2986	0.150	-0.067	0.388	51.43	0.446	0.479	469	498	-0.578313	0.074297	
A/duck/Guangdong/04.23_DG	0.2911	0.2684	0.3840	0.3014	0.152	-0.063	0.390	51.17	0.448	0.479	469	498	-0.578313	0.074297	
A/duck/Guangdong/04.23_DG	0.2911	0.2684	0.3840	0.3014	0.152	-0.063	0.390	51.17	0.448	0.479	469	498	-0.578313	0.074297	
A/duck/Guangdong/04.23_DG	0.2911	0.2684	0.3840	0.3014	0.152	-0.063	0.390	51.17	0.448	0.479	469	498	-0.578313	0.074297	
A/duck/Guangdong/04.23_DG	0.2911	0.2709	0.3920	0.2899	0.152	-0.059	0.392	51.06	0.441	0.477	469	498	-0.579117	0.074297	
A/duck/Guangdong/11.18_SZ	0.2810	0.2810	0.3707	0.3130	0.150	-0.063	0.390	52.26	0.467	0.486	469	498	-0.570080	0.074297	
A/duck/Guangdong/11.18_SZ	0.2810	0.2810	0.3707	0.3130	0.150	-0.063	0.390	52.26	0.467	0.486	469	498	-0.570080	0.074297	
A/duck/Guangdong/11.18_SZ	0.2810	0.2810	0.3707	0.3130	0.150	-0.063	0.390	52.26	0.467	0.486	469	498	-0.570080	0.074297	
A/duck/Guangdong/KGZ15783	0.2828	0.2828	0.4011	0.2693	0.152	-0.045	0.400	53.52	0.438	0.478	470	498	-0.550402	0.076305	
A/duck/Guangdong/KGZ16007	0.2987	0.2633	0.3947	0.2870	0.150	-0.078	0.382	51.06	0.433	0.475	469	498	-0.578313	0.074297	
A/duck/Guangdong/KGZ16008	0.2987	0.2633	0.3947	0.2870	0.150	-0.078	0.382	51.06	0.433	0.475	469	498	-0.578313	0.074297	
A/duck/Guangdong/KGZ16009	0.2962	0.2582	0.4000	0.2890	0.150	-0.085	0.377	51.07	0.431	0.475	469	498	-0.578916	0.074297	
A/duck/Guangdong/KGZ16012	0.2987	0.2633	0.3947	0.2870	0.150	-0.078	0.382	51.06	0.433	0.475	469	498	-0.578313	0.074297	
A/duck/Guangdong/KGZ16015	0.2828	0.2803	0.4090	0.2636	0.152	-0.049	0.398	52.62	0.432	0.477	470	498	-0.545381	0.076305	
A/Duck/Guangdong/PO172812	0.2937	0.2684	0.3867	0.2957	0.152	-0.070	0.386	50.91	0.443	0.479	469	498	-0.578313	0.074297	
A/Duck/Guangdong/PO172813	0.2937	0.2658	0.3920	0.2928	0.151	-0.074	0.384	50.85	0.439	0.477	469	498	-0.578313	0.074297	
A/Duck/Guangdong/PO172842	0.2886	0.2709	0.3813	0.3043	0.149	-0.081	0.380	53.11	0.452	0.481	469	498	-0.578313	0.074297	
A/Duck/Guangdong/PO170726	0.2937	0.2684	0.3867	0.2957	0.153	-0.067	0.388	50.95	0.443	0.479	469	498	-0.578313	0.074297	
A/Duck/Guangdong/PY501/20	0.2886	0.2709	0.3947	0.2899	0.153	-0.048	0.399	50.31	0.441	0.476	469	498	-0.579117	0.074297	
A/Duck/Guangdong/PY503/20	0.2868	0.2690	0.4000	0.2870	0.153	-0.047	0.400	50.46	0.438	0.475	468	498	-0.578313	0.074297	
A/duck/Guangdong/S1269/20	0.2854	0.2803	0.3984	0.2722	0.150	-0.053	0.396	53.47	0.438	0.479	470	498	-0.549598	0.076305	
A/duck/Guangdong/S1330/20	0.2759	0.2861	0.3760	0.3072	0.151	-0.059	0.392	51.84	0.467	0.486	469	498	-0.578313	0.074297	
A/duck/Guangdong/S4518/20	0.2970	0.2741	0.3963	0.2709	0.158	-0.036	0.406	51.89	0.432	0.475	468	498	-0.573896	0.076305	
A/duck/Guangdong/S4525/20	0.2995	0.2716	0.3963	0.2709	0.158	-0.032	0.408	51.84	0.429	0.475	468	498	-0.573896	0.076305	
A/duck/Guangdong/S4879/20	0.2854	0.2778	0.4011	0.2722	0.150	-0.053	0.396	53.29	0.436	0.477	470	498	-0.550402	0.076305	
A/duck/Guangdong/s14044/2	0.2748	0.2926	0.4274	0.2400	0.159	-0.027	0.412	51.24	0.424	0.473	469	498	-0.563253	0.076305	
A/duck/Guangdong/SE195/20	0.2937	0.2658	0.4053	0.2783	0.146	-0.085	0.377	51.47	0.429	0.474	469	498	-0.578313	0.074297	
A/Duck/Guangdong/SS1A1/20	0.2843	0.2716	0.3973	0.2899	0.155	-0.040	0.404	50.41	0.442	0.477	468	498	-0.578313	0.074297	
A/duck/Guangdong/wy11/200	0.2750	0.2800	0.4342	0.2493	0.159	-0.040	0.403	50.07	0.420	0.468	474	504	-0.557143	0.075397	
A/duck/Guangdong/wy19/200	0.2725	0.2825	0.4368	0.2464	0.159	-0.036	0.405	49.83	0.420	0.468	474	504	-0.557143	0.075397	
A/duck/Guangdong/wy24/200	0.2732	0.2832	0.4485	0.2321	0.157	-0.046	0.400	49.11	0.410	0.466	473	504	-0.562302	0.075397	
A/Duck/Guangdong/Yangjian	0.2911	0.2709	0.3893	0.2928	0.152	-0.070	0.386	50.79	0.443	0.479	469	498	-0.578313	0.074297	
A/duck/Guangxi/12.25_GLGX	0.2843	0.2741	0.3867	0.2977	0.150	-0.068	0.387	50.72	0.451	0.479	468	498	-0.574096	0.074297	
A/duck/Guangxi/S10099/202	0.2854	0.2803	0.4037	0.2665	0.151	-0.049	0.398	52.78	0.434	0.477	470	498	-0.550402	0.076305	
A/duck/Guangxi/S10263/202	0.2854	0.2803	0.4011	0.2693	0.151	-0.049	0.398	52.92	0.436	0.478	470	498	-0.550402	0.076305	
A/duck/Guangxi/S11043/202	0.2854	0.2803	0.4011	0.2693	0.150	-0.053	0.396	52.81	0.436	0.478	470	498	-0.550402	0.076305	
A/duck/Guangxi/S21194/202	0.2846	0.2771	0.4079	0.2657	0.152	-0.046	0.399	52.48	0.431	0.477	471	498	-0.546586	0.076305	
A/duck/Guangxi/S31116/202	0.2861	0.2785	0.4153	0.2557	0.152	-0.048	0.399	52.27	0.424	0.474	469	498	-0.555020	0.076305	
A/duck/Guangzhou/018/2014	0.2886	0.2709	0.3840	0.3014	0.152	-0.059	0.392	50.65	0.450	0.479	469	498	-0.584137	0.074297	
A/duck/Guangzhou/021/2014	0.2955	0.2652	0.3850	0.2994	0.150	-0.070	0.386	51.06	0.443	0.477	469	498	-0.578514	0.074297	
A/duck/Guizhou/7.27_ZYLJJ	0.2937	0.2684	0.3947	0.2870	0.154	-0.059	0.392	50.11	0.437	0.476	469	498	-0.574498	0.076305	
A/duck/Guizhou/8.26_ZYLJJ	0.2937	0.2658	0.3787	0.3064	0.152	-0.066	0.388	51.39	0.450	0.480	469	498	-0.575100	0.076305	
A/duck/Guizhou/8.26_ZYLJJ	0.2911	0.2684	0.3920	0.2928	0.153	-0.063	0.390	50.41	0.441	0.477	469	498	-0.574498	0.076305	
A/duck/Guizhou/S1321/2022	0.3003	0.2723	0.3936	0.2738	0.158	-0.040	0.404	51.80	0.432	0.475	468	498	-0.571887	0.076305	
A/duck/Guizhou/S1711/2024	0.2980	0.2702	0.4005	0.2672	0.148	-0.040	0.403	50.88	0.426	0.475	469	498	-0.563855	0.076305	
A/duck/Guizhou/S4702/2021	0.2886	0.2658	0.3973	0.2928	0.156	-0.055	0.394	51.25	0.439	0.478	469	498	-0.573293	0.074297	
A/duck/Hainan/12.29_HKPL0	0.2911	0.2684	0.3813	0.3035	0.151	-0.070	0.386	51.96	0.450	0.481	469	498	-0.578916	0.074297	
A/duck/Hebei/3/2011|EPI_I	0.2757	0.2907	0.4199	0.2514	0.164	-0.009	0.422	49.63	0.430	0.472	474	504	-0.555357	0.075397	
A/duck/Hebei/S1070/2021|E	0.2929	0.2727	0.3984	0.2714	0.151	-0.053	0.396	52.25	0.432	0.477	470	498	-0.551004	0.076305	
A/duck/Henan/01.01_LYGL00	0.2680	0.2903	0.3931	0.2931	0.148	-0.057	0.393	51.95	0.460	0.481	476	504	-0.563690	0.073413	
A/duck/Henan/S1381/2021|E	0.2929	0.2727	0.4011	0.2693	0.150	-0.057	0.394	52.01	0.430	0.475	470	498	-0.550402	0.076305	
A/duck/Hsinchu/15020216/2	0.2868	0.2843	0.3943	0.2691	0.155	-0.049	0.398	50.25	0.440	0.478	475	504	-0.552976	0.075397	
A/duck/Hubei/03.06__WHWTZ	0.3071	0.2513	0.4415	0.2370	0.154	-0.066	0.389	48.73	0.387	0.463	468	498	-0.574096	0.076305	
A/duck/Hubei/03.06__WHWTZ	0.2908	0.2704	0.3930	0.2907	0.155	-0.055	0.396	51.26	0.441	0.475	467	498	-0.586747	0.074297	
A/duck/Hubei/03.06__WHWTZ	0.2908	0.2704	0.3930	0.2907	0.155	-0.055	0.396	51.26	0.441	0.475	467	498	-0.586747	0.074297	
A/duck/Hubei/03.06__WHWTZ	0.2908	0.2704	0.3930	0.2907	0.155	-0.055	0.396	51.26	0.441	0.475	467	498	-0.586747	0.074297	
A/duck/Hubei/03.06__WHWTZ	0.2908	0.2704	0.3930	0.2907	0.155	-0.055	0.396	51.26	0.441	0.475	467	498	-0.586747	0.074297	
A/duck/Hubei/03.06__WHWTZ	0.2883	0.2781	0.4191	0.2514	0.155	-0.049	0.400	50.26	0.421	0.474	468	498	-0.565261	0.076305	
A/duck/Hubei/03.06__WHWTZ	0.3005	0.2551	0.3617	0.3285	0.145	-0.084	0.377	50.95	0.456	0.479	469	498	-0.569277	0.076305	
A/duck/HuBei/03.06__WHWTZ	0.2908	0.2704	0.3930	0.2907	0.155	-0.055	0.396	51.26	0.441	0.475	467	498	-0.586747	0.074297	
A/duck/Hubei/03.06_WHWTZ0	0.2908	0.2704	0.3930	0.2907	0.155	-0.055	0.396	51.26	0.441	0.475	467	498	-0.586747	0.074297	
A/duck/Hubei/03.06_WHWTZ0	0.2908	0.2704	0.3930	0.2907	0.155	-0.055	0.396	51.26	0.441	0.475	467	498	-0.586747	0.074297	
A/duck/Hubei/46/2009|EPI_	0.2980	0.2551	0.3883	0.2997	0.152	-0.076	0.382	51.78	0.437	0.478	469	498	-0.573293	0.076305	
A/duck/Hubei/2911/2007|EP	0.2854	0.2702	0.3820	0.3009	0.151	-0.054	0.394	50.22	0.452	0.481	469	498	-0.572691	0.076305	
A/duck/Hubei/S4465/2021(H	0.2962	0.2734	0.3915	0.2759	0.156	-0.037	0.405	51.65	0.435	0.478	469	498	-0.563253	0.076305	
A/duck/Hubei/SE128/2022(H	0.2944	0.2741	0.3942	0.2759	0.157	-0.037	0.405	51.88	0.435	0.477	469	498	-0.562048	0.076305	
A/duck/Hubei/SE220/2022(H	0.2987	0.2709	0.3952	0.2722	0.156	-0.044	0.401	51.85	0.431	0.476	469	498	-0.569879	0.076305	
A/duck/Hubei/SZY250/2016|	0.2774	0.2901	0.4259	0.2407	0.162	-0.029	0.410	50.11	0.423	0.472	468	498	-0.561847	0.076305	
A/duck/Hubei/xn/2007|EPI_	0.2854	0.2677	0.3936	0.2939	0.151	-0.073	0.384	50.57	0.443	0.479	469	498	-0.571687	0.076305	
A/duck/Hunan/1.12_YYGK68H	0.2987	0.2633	0.3840	0.2977	0.151	-0.066	0.388	52.17	0.441	0.478	469	498	-0.578916	0.074297	
A/duck/Hunan/1.12_YYGK72H	0.2987	0.2633	0.3787	0.3035	0.152	-0.066	0.388	51.93	0.446	0.479	469	498	-0.578916	0.074297	
A/duck/Hunan/1.12_YYGK74H	0.2937	0.2684	0.3867	0.2957	0.152	-0.074	0.384	50.96	0.443	0.479	469	498	-0.578313	0.074297	
A/duck/Hunan/01.12_YYGK82	0.2937	0.2684	0.3867	0.2957	0.152	-0.074	0.384	50.96	0.443	0.479	469	498	-0.578313	0.074297	
A/duck/Hunan/01.16_YYFQH1	0.2817	0.2741	0.3973	0.2899	0.155	-0.040	0.404	50.66	0.444	0.477	468	498	-0.578313	0.074297	
A/duck/Hunan/01.16_YYFQH1	0.2843	0.2716	0.3973	0.2899	0.154	-0.043	0.402	50.66	0.442	0.476	468	498	-0.578313	0.074297	
A/duck/Hunan/01.16_YYFQH2	0.2817	0.2716	0.4000	0.2899	0.155	-0.036	0.406	50.60	0.442	0.477	468	498	-0.578313	0.074297	
A/duck/Hunan/01.16_YYFQH3	0.2817	0.2716	0.4000	0.2899	0.155	-0.036	0.406	50.60	0.442	0.477	468	498	-0.578313	0.074297	
A/duck/Hunan/01.16_YYFQH3	0.2817	0.2716	0.4000	0.2899	0.155	-0.036	0.406	50.60	0.442	0.477	468	498	-0.578313	0.074297	
A/duck/Hunan/01.16_YYFQH3	0.2817	0.2716	0.4027	0.2870	0.155	-0.040	0.404	50.37	0.440	0.477	468	498	-0.578313	0.074297	
A/duck/Hunan/01.16_YYFQH3	0.2817	0.2716	0.4000	0.2899	0.155	-0.036	0.406	50.60	0.442	0.477	468	498	-0.578313	0.074297	
A/duck/Hunan/01.16_YYFQH3	0.2817	0.2716	0.4000	0.2899	0.155	-0.036	0.406	50.60	0.442	0.477	468	498	-0.578313	0.074297	
A/duck/Hunan/01.16_YYFQH3	0.2817	0.2716	0.4027	0.2870	0.155	-0.040	0.404	50.37	0.440	0.477	468	498	-0.578313	0.074297	
A/duck/Hunan/01.16_YYFQH3	0.2817	0.2716	0.4000	0.2899	0.155	-0.036	0.406	50.60	0.442	0.477	468	498	-0.578313	0.074297	
A/duck/Hunan/01.16_YYGK21	0.2817	0.2716	0.4000	0.2899	0.155	-0.036	0.406	50.60	0.442	0.477	468	498	-0.578313	0.074297	
A/duck/Hunan/1.17_YYGKK80	0.2868	0.2741	0.3910	0.2919	0.152	-0.059	0.392	51.20	0.446	0.479	469	498	-0.579117	0.074297	
A/duck/Hunan/01.21_YYFQH0	0.2893	0.2665	0.4027	0.2841	0.154	-0.043	0.402	51.08	0.434	0.475	468	498	-0.583333	0.074297	
A/duck/Hunan/01.21_YYFQH0	0.2792	0.2716	0.3973	0.2957	0.155	-0.040	0.404	50.51	0.447	0.479	468	498	-0.577510	0.074297	
A/duck/Hunan/01.21_YYFQH0	0.2919	0.2640	0.4000	0.2870	0.153	-0.051	0.397	51.27	0.434	0.475	468	498	-0.583333	0.074297	
A/duck/Hunan/01.21_YYFQH0	0.2824	0.2748	0.3973	0.2899	0.157	-0.033	0.408	51.06	0.444	0.477	468	498	-0.582129	0.074297	
A/duck/Hunan/01.21_YYFQH0	0.2893	0.2665	0.4027	0.2841	0.154	-0.043	0.402	51.08	0.434	0.475	468	498	-0.583333	0.074297	
A/duck/Hunan/2.06_YYGK77J	0.2911	0.2709	0.3910	0.2890	0.154	-0.059	0.392	51.11	0.441	0.479	469	498	-0.572892	0.074297	
A/duck/Hunan/2.06_YYGK78J	0.2962	0.2658	0.3867	0.2957	0.151	-0.070	0.386	51.26	0.441	0.477	469	498	-0.578313	0.074297	
A/duck/Hunan/2.06_YYGK84J	0.2911	0.2709	0.3910	0.2890	0.154	-0.059	0.392	51.11	0.441	0.479	469	498	-0.572892	0.074297	
A/duck/Hunan/2.06_YYGK92J	0.2911	0.2709	0.3910	0.2890	0.154	-0.059	0.392	51.11	0.441	0.479	469	498	-0.572892	0.074297	
A/duck/Hunan/02.07__YYFQH	0.2817	0.2741	0.3973	0.2899	0.155	-0.036	0.406	51.01	0.444	0.478	468	498	-0.583333	0.074297	
A/duck/Hunan/02.07__YYFQH	0.2817	0.2741	0.3973	0.2899	0.155	-0.036	0.406	51.01	0.444	0.478	468	498	-0.583333	0.074297	
A/duck/Hunan/02.07_YYFQH0	0.2792	0.2716	0.3973	0.2957	0.155	-0.040	0.404	50.51	0.447	0.479	468	498	-0.577510	0.074297	
A/duck/Hunan/02.07_YYFQH0	0.2817	0.2741	0.3973	0.2899	0.155	-0.036	0.406	51.01	0.444	0.478	468	498	-0.583333	0.074297	
A/duck/Hunan/02.07_YYFQH0	0.2792	0.2716	0.3973	0.2957	0.155	-0.040	0.404	50.51	0.447	0.479	468	498	-0.577510	0.074297	
A/duck/Hunan/02.16_YYGK28	0.2817	0.2716	0.4000	0.2899	0.155	-0.036	0.406	50.60	0.442	0.477	468	498	-0.578313	0.074297	
A/duck/Hunan/02.26__YYFQH	0.2817	0.2716	0.4027	0.2870	0.155	-0.040	0.404	50.37	0.440	0.477	468	498	-0.578313	0.074297	
A/duck/Hunan/02.26__YYFQH	0.2817	0.2716	0.4000	0.2899	0.155	-0.036	0.406	50.60	0.442	0.477	468	498	-0.578313	0.074297	
A/duck/Hunan/02.26__YYGK2	0.2817	0.2716	0.4000	0.2899	0.155	-0.036	0.406	50.60	0.442	0.477	468	498	-0.578313	0.074297	
A/duck/Hunan/02.26__YYGK0	0.2817	0.2716	0.4000	0.2899	0.155	-0.036	0.406	50.60	0.442	0.477	468	498	-0.578313	0.074297	
A/duck/Hunan/02.26_YYFQH2	0.2817	0.2741	0.3973	0.2899	0.154	-0.040	0.404	50.66	0.444	0.477	468	498	-0.578313	0.074297	
A/duck/Hunan/02.26_YYFQH2	0.2817	0.2716	0.4000	0.2899	0.155	-0.036	0.406	50.60	0.442	0.477	468	498	-0.578313	0.074297	
A/duck/Hunan/02.26_YYFQH3	0.2817	0.2716	0.4000	0.2899	0.155	-0.036	0.406	50.60	0.442	0.477	468	498	-0.578313	0.074297	
A/duck/Hunan/02.26_YYFQHY	0.2824	0.2748	0.3973	0.2899	0.157	-0.033	0.408	51.06	0.444	0.477	468	498	-0.582129	0.074297	
A/duck/Hunan/02.26_YYGK25	0.2817	0.2716	0.4000	0.2899	0.153	-0.043	0.402	50.52	0.442	0.477	468	498	-0.578313	0.074297	
A/duck/Hunan/02.26_YYGK25	0.2817	0.2716	0.4000	0.2899	0.155	-0.036	0.406	50.60	0.442	0.477	468	498	-0.578313	0.074297	
A/duck/Hunan/02.26_YYGK26	0.2843	0.2716	0.3973	0.2899	0.154	-0.040	0.404	50.65	0.442	0.477	468	498	-0.578313	0.074297	
A/duck/Hunan/02.26_YYGK26	0.2843	0.2716	0.3973	0.2899	0.154	-0.040	0.404	50.65	0.442	0.477	468	498	-0.578313	0.074297	
A/duck/Hunan/02.26_YYGK27	0.2843	0.2716	0.3973	0.2899	0.154	-0.040	0.404	50.65	0.442	0.477	468	498	-0.578313	0.074297	
A/duck/Hunan/02.26_YYGK27	0.2843	0.2716	0.3973	0.2899	0.154	-0.040	0.404	50.65	0.442	0.477	468	498	-0.578313	0.074297	
A/duck/Hunan/02.26_YYGKY2	0.2817	0.2716	0.4000	0.2899	0.155	-0.036	0.406	50.60	0.442	0.477	468	498	-0.578313	0.074297	
A/duck/Hunan/02.26_YYGQH2	0.2817	0.2716	0.4000	0.2899	0.155	-0.036	0.406	50.60	0.442	0.477	468	498	-0.578313	0.074297	
A/duck/Hunan/03.07_YYGK1L	0.2901	0.2723	0.4267	0.2536	0.165	-0.043	0.403	49.10	0.416	0.468	469	498	-0.574498	0.078313	
A/duck/Hunan/03.07_YYGK4L	0.2835	0.2759	0.3813	0.3043	0.149	-0.070	0.386	53.70	0.456	0.482	469	498	-0.578313	0.074297	
A/duck/Hunan/03.07_YYGK25	0.2911	0.2709	0.3920	0.2899	0.153	-0.063	0.390	51.08	0.441	0.478	469	498	-0.578514	0.074297	
A/duck/Hunan/03.07_YYGK31	0.2937	0.2684	0.3893	0.2936	0.151	-0.077	0.382	50.91	0.441	0.477	469	498	-0.567871	0.074297	
A/duck/Hunan/03.09_YYFQH0	0.2850	0.2750	0.3931	0.2902	0.157	-0.037	0.405	51.45	0.445	0.477	474	504	-0.576786	0.073413	
A/duck/Hunan/03.09_YYFQH0	0.2911	0.2709	0.3893	0.2928	0.151	-0.068	0.388	50.63	0.443	0.477	469	498	-0.577510	0.074297	
A/duck/Hunan/03.09_YYFQH0	0.2893	0.2690	0.3947	0.2890	0.149	-0.072	0.385	50.13	0.440	0.476	468	498	-0.574096	0.074297	
A/duck/Hunan/03.24_YYGK18	0.2785	0.2810	0.3813	0.3043	0.153	-0.054	0.394	50.39	0.461	0.483	469	498	-0.574297	0.074297	
A/duck/Hunan/03.24_YYGK21	0.2785	0.2810	0.3840	0.3014	0.153	-0.054	0.394	50.42	0.458	0.482	469	498	-0.574297	0.074297	
A/duck/Hunan/03.24_YYGK17	0.2785	0.2810	0.3840	0.3014	0.153	-0.054	0.394	50.42	0.458	0.482	469	498	-0.574297	0.074297	
A/duck/Hunan/03.24_YYGK17	0.2785	0.2810	0.3840	0.3014	0.153	-0.054	0.394	50.42	0.458	0.482	469	498	-0.574297	0.074297	
A/duck/Hunan/04.14_YYGK06	0.2911	0.2633	0.3963	0.2919	0.153	-0.051	0.397	50.88	0.437	0.475	469	498	-0.584538	0.074297	
A/duck/Hunan/04.14_YYGK04	0.2766	0.2792	0.3920	0.2957	0.155	-0.040	0.404	51.13	0.453	0.481	468	498	-0.583333	0.074297	
A/duck/Hunan/04.14_YYGK45	0.2901	0.2697	0.3947	0.2899	0.157	-0.048	0.400	50.71	0.440	0.475	468	498	-0.582129	0.074297	
A/duck/Hunan/04.14_YYGK46	0.2926	0.2672	0.3973	0.2878	0.156	-0.051	0.397	50.97	0.436	0.473	468	498	-0.571687	0.074297	
A/duck/Hunan/04.14_YYGK46	0.2911	0.2633	0.3963	0.2919	0.153	-0.051	0.397	50.88	0.437	0.475	469	498	-0.584538	0.074297	
A/duck/Hunan/04.14_YYGK46	0.2911	0.2633	0.3963	0.2919	0.153	-0.051	0.397	50.88	0.437	0.475	469	498	-0.584538	0.074297	
A/duck/Hunan/04.14_YYGK47	0.2911	0.2633	0.3963	0.2919	0.153	-0.051	0.397	50.88	0.437	0.475	469	498	-0.584538	0.074297	
A/duck/Hunan/04.14_YYGK08	0.2926	0.2672	0.3920	0.2928	0.156	-0.055	0.395	50.89	0.440	0.475	468	498	-0.582129	0.074297	
A/duck/Hunan/04.14_YYXS87	0.2926	0.2672	0.3920	0.2928	0.156	-0.055	0.395	50.89	0.440	0.475	468	498	-0.582129	0.074297	
A/duck/Hunan/04.22_LDDX03	0.2843	0.2716	0.3973	0.2890	0.156	-0.036	0.406	50.77	0.442	0.478	468	498	-0.578916	0.074297	
A/duck/Hunan/7.21_YYGK41Y	0.2734	0.2886	0.3947	0.2870	0.153	-0.055	0.394	50.60	0.454	0.481	469	498	-0.579117	0.074297	
A/duck/Hunan/11.30_YYGK59	0.2835	0.2759	0.3813	0.3043	0.149	-0.067	0.388	51.28	0.456	0.483	469	498	-0.578313	0.074297	
A/duck/Hunan/11.30_YYGK62	0.2937	0.2709	0.3893	0.2899	0.152	-0.070	0.386	51.32	0.441	0.478	469	498	-0.578313	0.074297	
A/duck/Hunan/11.30_YYGK63	0.2937	0.2709	0.3867	0.2928	0.154	-0.067	0.388	51.05	0.443	0.479	469	498	-0.578313	0.074297	
A/duck/Hunan/11.30_YYGK74	0.2952	0.2799	0.4016	0.2586	0.156	-0.016	0.418	50.85	0.428	0.476	467	498	-0.582530	0.074297	
A/duck/Hunan/11.30_YYGK75	0.2835	0.2810	0.3760	0.3043	0.153	-0.055	0.394	51.71	0.461	0.484	469	498	-0.578313	0.074297	
A/duck/Hunan/12.07__YYGK4	0.2911	0.2658	0.3936	0.2902	0.153	-0.066	0.388	50.27	0.439	0.479	469	498	-0.574900	0.074297	
A/duck/Hunan/12.07__YYGK9	0.2854	0.2652	0.3910	0.2997	0.146	-0.080	0.380	51.90	0.446	0.481	469	498	-0.571687	0.076305	
A/duck/Hunan/12.07__YYGK1	0.2886	0.2709	0.3867	0.2977	0.152	-0.059	0.392	50.87	0.448	0.479	469	498	-0.579719	0.074297	
A/duck/Hunan/12.07__YYGK1	0.2886	0.2709	0.3867	0.2986	0.151	-0.063	0.390	50.71	0.448	0.479	469	498	-0.579117	0.074297	
A/duck/Hunan/12.07__YYGK1	0.2792	0.2766	0.4000	0.2870	0.155	-0.032	0.408	50.71	0.444	0.477	468	498	-0.578313	0.074297	
A/duck/Hunan/12.07_YGK098	0.2886	0.2709	0.3867	0.2986	0.151	-0.063	0.390	50.71	0.448	0.479	469	498	-0.579117	0.074297	
A/duck/Hunan/12.07_YYGK00	0.2854	0.2652	0.3910	0.2997	0.146	-0.080	0.380	51.90	0.446	0.481	469	498	-0.571687	0.076305	
A/duck/Hunan/12.07_YYGK03	0.2817	0.2741	0.3973	0.2899	0.156	-0.036	0.406	50.41	0.444	0.478	468	498	-0.578313	0.074297	
A/duck/Hunan/12.07_YYGK68	0.2817	0.2741	0.4000	0.2870	0.156	-0.032	0.408	50.35	0.442	0.477	468	498	-0.578313	0.074297	
A/duck/Hunan/12.07_YYGK10	0.2810	0.2810	0.3910	0.2890	0.153	-0.052	0.397	51.05	0.450	0.481	469	498	-0.573695	0.074297	
A/duck/Hunan/12.07_YYGK10	0.2886	0.2709	0.3867	0.2986	0.151	-0.063	0.390	50.71	0.448	0.479	469	498	-0.579117	0.074297	
A/duck/Hunan/12.07_YYGK11	0.2886	0.2709	0.3867	0.2986	0.151	-0.063	0.390	50.71	0.448	0.479	469	498	-0.579117	0.074297	
A/duck/Hunan/12.17__YYFQH	0.2911	0.2734	0.3867	0.2928	0.151	-0.064	0.390	50.98	0.446	0.477	469	498	-0.577510	0.074297	
A/duck/Hunan/12.17__YYFQH	0.2886	0.2759	0.3867	0.2928	0.151	-0.064	0.390	51.03	0.448	0.477	469	498	-0.577510	0.074297	
A/duck/Hunan/12.17__YYGK0	0.2843	0.2716	0.4000	0.2870	0.154	-0.043	0.402	50.60	0.440	0.477	468	498	-0.583333	0.074297	
A/duck/Hunan/12.17_YYGK01	0.2893	0.2665	0.4000	0.2870	0.154	-0.047	0.400	51.28	0.436	0.475	468	498	-0.583333	0.074297	
A/duck/Hunan/12.17_YYGK04	0.2893	0.2665	0.4000	0.2870	0.154	-0.047	0.400	51.28	0.436	0.475	468	498	-0.583333	0.074297	
A/duck/Hunan/12.17_YYGK05	0.2843	0.2741	0.3893	0.2948	0.149	-0.076	0.382	50.51	0.449	0.479	468	498	-0.574096	0.074297	
A/duck/Hunan/12.17_YYGK00	0.2824	0.2748	0.3973	0.2899	0.157	-0.033	0.408	51.06	0.444	0.477	468	498	-0.582129	0.074297	
A/duck/Hunan/12.17_YYGK00	0.2893	0.2665	0.4000	0.2870	0.154	-0.047	0.400	51.28	0.436	0.475	468	498	-0.583333	0.074297	
A/duck/Hunan/12.17_YYGK00	0.2911	0.2734	0.3867	0.2928	0.151	-0.064	0.390	50.98	0.446	0.477	469	498	-0.577510	0.074297	
A/duck/Hunan/12.17_YYGK07	0.2766	0.2792	0.3920	0.2957	0.155	-0.040	0.404	51.13	0.453	0.481	468	498	-0.583333	0.074297	
A/duck/Hunan/12.17_YYGK08	0.2868	0.2716	0.3867	0.2977	0.149	-0.076	0.382	50.49	0.449	0.479	468	498	-0.574096	0.074297	
A/duck/Hunan/12.27_YYGK60	0.2886	0.2734	0.3787	0.3043	0.154	-0.055	0.394	51.28	0.454	0.482	469	498	-0.578313	0.074297	
A/duck/Hunan/12.27_YYGK71	0.2868	0.2741	0.3910	0.2919	0.152	-0.059	0.392	51.20	0.446	0.479	469	498	-0.579117	0.074297	
A/duck/Hunan/12.27_YYGK73	0.2886	0.2734	0.3787	0.3043	0.154	-0.055	0.394	51.28	0.454	0.482	469	498	-0.578313	0.074297	
A/duck/Hunan/12.27_YYGK81	0.2868	0.2741	0.3910	0.2919	0.152	-0.059	0.392	51.20	0.446	0.479	469	498	-0.579117	0.074297	
A/duck/Hunan/12.27_YYGK86	0.2886	0.2734	0.3787	0.3043	0.154	-0.055	0.394	51.28	0.454	0.482	469	498	-0.578313	0.074297	
A/duck/Hunan/12.27_YYGK89	0.2868	0.2741	0.3910	0.2919	0.152	-0.059	0.392	51.20	0.446	0.479	469	498	-0.579117	0.074297	
A/duck/Hunan/12.27_YYGK91	0.2868	0.2741	0.3910	0.2919	0.152	-0.059	0.392	51.20	0.446	0.479	469	498	-0.579117	0.074297	
A/duck/Hunan/12.27_YYGK93	0.2868	0.2741	0.3910	0.2919	0.152	-0.059	0.392	51.20	0.446	0.479	469	498	-0.579117	0.074297	
A/duck/Hunan/12.27_YYGK95	0.2868	0.2741	0.3910	0.2919	0.152	-0.059	0.392	51.20	0.446	0.479	469	498	-0.579117	0.074297	
A/duck/Hunan/12.27_YYGK96	0.2868	0.2741	0.3910	0.2919	0.152	-0.059	0.392	51.20	0.446	0.479	469	498	-0.579117	0.074297	
A/duck/Hunan/12.27_YYGK97	0.2868	0.2741	0.3936	0.2890	0.152	-0.055	0.394	51.17	0.443	0.479	469	498	-0.579117	0.074297	
A/duck/Hunan/12.27_YYGK10	0.2868	0.2741	0.3936	0.2890	0.152	-0.055	0.394	51.17	0.443	0.479	469	498	-0.579117	0.074297	
A/duck/Hunan/193/2014|EPI	0.2886	0.2709	0.3840	0.3014	0.148	-0.074	0.384	50.99	0.450	0.479	469	498	-0.579117	0.074297	
A/duck/Hunan/233/2014|EPI	0.2937	0.2658	0.3856	0.2968	0.153	-0.058	0.392	49.85	0.443	0.477	469	498	-0.565663	0.076305	
A/duck/Hunan/316/2005|EPI	0.2937	0.2633	0.3926	0.2902	0.154	-0.051	0.397	50.02	0.437	0.476	469	498	-0.570080	0.076305	
A/duck/Hunan/689/2006|EPI	0.2937	0.2633	0.3899	0.2931	0.154	-0.051	0.397	50.02	0.439	0.476	469	498	-0.570080	0.076305	
A/duck/Hunan/3315/2006|EP	0.2810	0.2734	0.3936	0.2931	0.153	-0.047	0.399	49.85	0.448	0.479	469	498	-0.576104	0.076305	
A/duck/Hunan/HN05/2014|EP	0.2886	0.2709	0.3867	0.2986	0.149	-0.070	0.386	50.92	0.448	0.478	469	498	-0.579117	0.074297	
A/duck/Hunan/HN13/2015|EP	0.2868	0.2716	0.3920	0.2919	0.149	-0.076	0.382	50.53	0.444	0.477	468	498	-0.574096	0.074297	
A/duck/Hunan/HN16/2015|EP	0.2868	0.2716	0.3920	0.2919	0.149	-0.076	0.382	50.53	0.444	0.477	468	498	-0.574096	0.074297	
A/duck/Hunan/HN29/2015|EP	0.2886	0.2709	0.3904	0.2965	0.146	-0.081	0.380	51.20	0.446	0.476	469	498	-0.584538	0.074297	
A/duck/Hunan/HN42/2015|EP	0.2893	0.2690	0.3867	0.2977	0.151	-0.068	0.387	50.74	0.447	0.479	468	498	-0.574096	0.074297	
A/duck/Hunan/HN45/2015|EP	0.2886	0.2709	0.3893	0.2957	0.146	-0.081	0.380	51.21	0.446	0.477	469	498	-0.579117	0.074297	
A/duck/Hunan/HN53/2015|EP	0.2886	0.2709	0.3893	0.2957	0.146	-0.081	0.380	51.21	0.446	0.477	469	498	-0.579117	0.074297	
A/duck/Hunan/HN54/2015|EP	0.2886	0.2709	0.3893	0.2957	0.146	-0.081	0.380	51.21	0.446	0.477	469	498	-0.579117	0.074297	
A/duck/Hunan/HN59/2015|EP	0.2886	0.2709	0.3893	0.2957	0.146	-0.081	0.380	51.21	0.446	0.477	469	498	-0.579117	0.074297	
A/duck/Hunan/HN60/2015|EP	0.2886	0.2709	0.3893	0.2957	0.146	-0.081	0.380	51.21	0.446	0.477	469	498	-0.579117	0.074297	
A/duck/Hunan/HN61/2015|EP	0.2893	0.2716	0.3904	0.2936	0.146	-0.081	0.380	51.39	0.444	0.476	468	498	-0.583735	0.074297	
A/duck/Hunan/HN64/2015|EP	0.2886	0.2709	0.3893	0.2957	0.146	-0.081	0.380	51.21	0.446	0.477	469	498	-0.579117	0.074297	
A/duck/Hunan/HN66/2015|EP	0.2886	0.2709	0.3893	0.2957	0.146	-0.081	0.380	51.21	0.446	0.477	469	498	-0.579117	0.074297	
A/duck/Hunan/HN67/2015|EP	0.2886	0.2709	0.3893	0.2957	0.146	-0.081	0.380	51.21	0.446	0.477	469	498	-0.579117	0.074297	
A/duck/Hunan/HN71/2015|EP	0.2893	0.2690	0.3867	0.2977	0.151	-0.068	0.387	50.74	0.447	0.479	468	498	-0.574096	0.074297	
A/duck/Hunan/HN72/2015|EP	0.2868	0.2716	0.3920	0.2919	0.149	-0.076	0.382	50.53	0.444	0.477	468	498	-0.574096	0.074297	
A/duck/Hunan/HN74/2015|EP	0.2893	0.2690	0.3840	0.3006	0.151	-0.068	0.387	50.35	0.449	0.479	468	498	-0.574096	0.074297	
A/duck/Hunan/HN76/2015|EP	0.2868	0.2716	0.3920	0.2919	0.149	-0.076	0.382	50.53	0.444	0.477	468	498	-0.574096	0.074297	
A/duck/Hunan/HN78/2015|EP	0.2886	0.2709	0.3893	0.2957	0.146	-0.081	0.380	51.21	0.446	0.477	469	498	-0.579117	0.074297	
A/duck/Hunan/HN80/2015|EP	0.2893	0.2690	0.3867	0.2977	0.151	-0.068	0.387	50.74	0.447	0.479	468	498	-0.574096	0.074297	
A/duck/Hunan/HN162/2015|E	0.2817	0.2741	0.3947	0.2919	0.157	-0.032	0.408	50.60	0.447	0.479	468	498	-0.578916	0.074297	
A/duck/Hunan/HN163/2015|E	0.2843	0.2716	0.3947	0.2919	0.157	-0.032	0.408	50.69	0.444	0.479	468	498	-0.578916	0.074297	
A/duck/Hunan/HN167/2015|E	0.2817	0.2741	0.3947	0.2919	0.157	-0.032	0.408	50.60	0.447	0.479	468	498	-0.578916	0.074297	
A/duck/Hunan/HN171/2015|E	0.2817	0.2741	0.3947	0.2919	0.157	-0.032	0.408	50.60	0.447	0.479	468	498	-0.578916	0.074297	
A/duck/Hunan/HN172/2015|E	0.2817	0.2741	0.3947	0.2919	0.157	-0.032	0.408	50.60	0.447	0.479	468	498	-0.578916	0.074297	
A/duck/Hunan/HN174/2015|E	0.2817	0.2741	0.3947	0.2919	0.157	-0.032	0.408	50.60	0.447	0.479	468	498	-0.578916	0.074297	
A/duck/Hunan/HN176/2015|E	0.3028	0.2595	0.4430	0.2299	0.155	-0.063	0.391	49.00	0.389	0.463	468	498	-0.577912	0.076305	
A/duck/Hunan/HN177/2015|E	0.2817	0.2716	0.3973	0.2919	0.158	-0.028	0.410	50.72	0.444	0.479	468	498	-0.578916	0.074297	
A/duck/Hunan/HN178/2015|E	0.2843	0.2716	0.3947	0.2919	0.157	-0.032	0.408	50.69	0.444	0.479	468	498	-0.578916	0.074297	
A/duck/Hunan/HN182/2015|E	0.2817	0.2741	0.3947	0.2919	0.157	-0.032	0.408	50.60	0.447	0.479	468	498	-0.578916	0.074297	
A/duck/Hunan/HN183/2015|E	0.2843	0.2716	0.3947	0.2919	0.157	-0.032	0.408	50.69	0.444	0.479	468	498	-0.578916	0.074297	
A/duck/Hunan/HN186/2015|E	0.2843	0.2716	0.3947	0.2919	0.157	-0.032	0.408	50.69	0.444	0.479	468	498	-0.578916	0.074297	
A/duck/Hunan/HN190/2015|E	0.2817	0.2741	0.3936	0.2911	0.157	-0.032	0.408	50.57	0.447	0.480	468	498	-0.573494	0.074297	
A/duck/Hunan/HN191/2015|E	0.2817	0.2741	0.3947	0.2919	0.157	-0.032	0.408	50.60	0.447	0.479	468	498	-0.578916	0.074297	
A/duck/Hunan/HN192/2015|E	0.2817	0.2741	0.3936	0.2911	0.157	-0.032	0.408	50.57	0.447	0.480	468	498	-0.573494	0.074297	
A/duck/Hunan/HN194/2015|E	0.2817	0.2741	0.3984	0.2899	0.155	-0.039	0.404	50.69	0.444	0.478	468	498	-0.579920	0.076305	
A/duck/Hunan/HN195/2015|E	0.2817	0.2741	0.3947	0.2919	0.157	-0.032	0.408	50.60	0.447	0.479	468	498	-0.578916	0.074297	
A/duck/Hunan/HN197/2015|E	0.2843	0.2716	0.3947	0.2919	0.157	-0.032	0.408	50.69	0.444	0.479	468	498	-0.578916	0.074297	
A/duck/Hunan/HN201/2015|E	0.2817	0.2741	0.3936	0.2911	0.157	-0.032	0.408	50.57	0.447	0.480	468	498	-0.573494	0.074297	
A/duck/Hunan/HN204/2015|E	0.2817	0.2741	0.3973	0.2890	0.156	-0.036	0.406	50.68	0.444	0.479	468	498	-0.578916	0.074297	
A/duck/Hunan/HN205/2015|E	0.2817	0.2741	0.3947	0.2919	0.157	-0.032	0.408	50.60	0.447	0.479	468	498	-0.578916	0.074297	
A/duck/Hunan/HN206/2015|E	0.2817	0.2741	0.3947	0.2919	0.157	-0.032	0.408	50.60	0.447	0.479	468	498	-0.578916	0.074297	
A/duck/Hunan/HN207/2015|E	0.2843	0.2716	0.3947	0.2919	0.157	-0.032	0.408	50.69	0.444	0.479	468	498	-0.578916	0.074297	
A/duck/Hunan/HN208/2015|E	0.2843	0.2716	0.3947	0.2919	0.157	-0.032	0.408	50.69	0.444	0.479	468	498	-0.578916	0.074297	
A/duck/Hunan/HN209/2015|E	0.2817	0.2741	0.3947	0.2919	0.157	-0.032	0.408	50.60	0.447	0.479	468	498	-0.578916	0.074297	
A/duck/Hunan/HN210/2015|E	0.2817	0.2741	0.3947	0.2919	0.157	-0.032	0.408	50.60	0.447	0.479	468	498	-0.578916	0.074297	
A/duck/Hunan/HN212/2015|E	0.2817	0.2741	0.3947	0.2919	0.157	-0.032	0.408	50.60	0.447	0.479	468	498	-0.578916	0.074297	
A/duck/Hunan/HN214/2015|E	0.3122	0.2513	0.4255	0.2486	0.157	-0.051	0.397	49.11	0.395	0.464	468	498	-0.574096	0.076305	
A/duck/Hunan/HN215/2015|E	0.2835	0.2709	0.3936	0.2939	0.157	-0.033	0.407	50.52	0.446	0.479	469	498	-0.574297	0.074297	
A/duck/Hunan/HN216/2015|E	0.2843	0.2716	0.3936	0.2911	0.157	-0.028	0.410	50.72	0.444	0.479	468	498	-0.572691	0.074297	
A/duck/Hunan/HN217/2015|E	0.2817	0.2741	0.3973	0.2890	0.156	-0.036	0.406	50.68	0.444	0.479	468	498	-0.578916	0.074297	
A/duck/Hunan/HN220/2015|E	0.2843	0.2716	0.3947	0.2919	0.157	-0.032	0.408	50.69	0.444	0.479	468	498	-0.578916	0.074297	
A/duck/Hunan/HN221/2015|E	0.2817	0.2741	0.3947	0.2919	0.155	-0.039	0.404	50.72	0.447	0.479	468	498	-0.578916	0.074297	
A/duck/Hunan/HN224/2015|E	0.2817	0.2716	0.3973	0.2919	0.157	-0.032	0.408	50.42	0.444	0.479	468	498	-0.578916	0.074297	
A/duck/Hunan/HN227/2015|E	0.2792	0.2741	0.3973	0.2919	0.153	-0.039	0.404	50.66	0.447	0.479	468	498	-0.578916	0.074297	
A/duck/Hunan/HN230/2015|E	0.2817	0.2741	0.3947	0.2919	0.157	-0.032	0.408	50.60	0.447	0.479	468	498	-0.578916	0.074297	
A/duck/Hunan/HN232/2015|E	0.3030	0.2525	0.3564	0.3324	0.144	-0.081	0.380	51.07	0.458	0.480	469	498	-0.571084	0.076305	
A/duck/Hunan/HN234/2015|E	0.3122	0.2513	0.4255	0.2486	0.157	-0.051	0.397	49.11	0.395	0.464	468	498	-0.574096	0.076305	
A/duck/Hunan/HN236/2015|E	0.3071	0.2538	0.4282	0.2486	0.156	-0.047	0.400	48.77	0.397	0.465	468	498	-0.574096	0.076305	
A/duck/Hunan/HN238/2015|E	0.3122	0.2513	0.4255	0.2486	0.157	-0.051	0.397	49.11	0.395	0.464	468	498	-0.574096	0.076305	
A/duck/Hunan/HN239/2015|E	0.2886	0.2709	0.3867	0.2986	0.148	-0.074	0.384	51.35	0.448	0.477	469	498	-0.575301	0.076305	
A/duck/Hunan/HN240/2015|E	0.3122	0.2513	0.4255	0.2486	0.157	-0.051	0.397	49.24	0.395	0.465	468	498	-0.569076	0.076305	
A/duck/Hunan/HN241/2015|E	0.2886	0.2709	0.3867	0.2986	0.148	-0.074	0.384	51.57	0.448	0.478	469	498	-0.579117	0.074297	
A/duck/Hunan/HN242/2015|E	0.3122	0.2513	0.4255	0.2486	0.157	-0.051	0.397	49.11	0.395	0.464	468	498	-0.574096	0.076305	
A/duck/Hunan/HN278/2015|E	0.2893	0.2640	0.3920	0.2977	0.151	-0.066	0.389	50.38	0.442	0.477	468	498	-0.578916	0.074297	
A/duck/Hunan/HN285/2015|E	0.2893	0.2640	0.3920	0.2977	0.151	-0.066	0.389	50.38	0.442	0.477	468	498	-0.578916	0.074297	
A/duck/Hunan/HN288/2015|E	0.2893	0.2640	0.3920	0.2977	0.151	-0.066	0.389	50.38	0.442	0.477	468	498	-0.578916	0.074297	
A/duck/Hunan/HN333/2015|E	0.2886	0.2759	0.3813	0.2986	0.153	-0.052	0.397	51.02	0.452	0.480	469	498	-0.579117	0.074297	
A/duck/Hunan/HN334/2015|E	0.2886	0.2759	0.3787	0.3014	0.153	-0.052	0.397	51.06	0.454	0.481	469	498	-0.579117	0.074297	
A/duck/Hunan/HN335/2015|E	0.2861	0.2759	0.3840	0.2986	0.154	-0.055	0.394	50.97	0.452	0.480	469	498	-0.579117	0.074297	
A/duck/Hunan/HN336/2015|E	0.2835	0.2785	0.3867	0.2957	0.154	-0.052	0.397	50.93	0.452	0.480	469	498	-0.579117	0.074297	
A/duck/Hunan/HN339/2015|E	0.2911	0.2734	0.3813	0.2986	0.153	-0.052	0.397	50.93	0.450	0.479	469	498	-0.579117	0.074297	
A/duck/Hunan/HN341/2015|E	0.2886	0.2759	0.3813	0.2986	0.153	-0.052	0.397	51.02	0.452	0.480	469	498	-0.579117	0.074297	
A/duck/Hunan/HN342/2015|E	0.2886	0.2759	0.3813	0.2986	0.153	-0.052	0.397	51.02	0.452	0.480	469	498	-0.579117	0.074297	
A/duck/Hunan/HN343/2015|E	0.2861	0.2759	0.3867	0.2957	0.154	-0.055	0.394	50.88	0.450	0.479	469	498	-0.579117	0.074297	
A/duck/Hunan/S4020/2008|E	0.2778	0.2778	0.3856	0.2997	0.150	-0.058	0.392	51.61	0.456	0.483	469	498	-0.571687	0.076305	
A/duck/Hunan/S4030/2011|E	0.2854	0.2677	0.3963	0.2928	0.148	-0.066	0.388	50.32	0.441	0.479	469	498	-0.570482	0.076305	
A/duck/Hunan/S4101/2011|E	0.3059	0.2416	0.4652	0.2348	0.148	-0.090	0.376	50.01	0.374	0.450	468	498	-0.583936	0.072289	
A/duck/Hunan/S4120/2011|E	0.3059	0.2416	0.4652	0.2341	0.149	-0.085	0.378	50.05	0.374	0.451	468	498	-0.584538	0.072289	
A/duck/Hunan/S4150/2011|E	0.2955	0.2601	0.3777	0.3084	0.151	-0.062	0.390	50.60	0.448	0.480	469	498	-0.571687	0.076305	
A/duck/Hunan/S4220/2011|E	0.2835	0.2759	0.3936	0.2882	0.155	-0.049	0.399	51.46	0.446	0.479	469	498	-0.584137	0.074297	
A/duck/Hunan/S40199/2021(	0.2850	0.2774	0.4069	0.2672	0.154	-0.046	0.400	49.29	0.433	0.477	467	498	-0.578916	0.076305	
A/duck/Hunan/S40268/2021(	0.2835	0.2684	0.4000	0.2928	0.151	-0.081	0.380	51.10	0.441	0.479	469	498	-0.573293	0.074297	
A/duck/Jiangsu/m234/2012|	0.2850	0.2799	0.4244	0.2478	0.161	-0.028	0.410	50.66	0.419	0.469	468	498	-0.556626	0.076305	
A/duck/Jiangsu/S4439/2017	0.2886	0.2684	0.3936	0.2911	0.155	-0.055	0.394	50.39	0.441	0.479	469	498	-0.574297	0.074297	
A/duck/Jiangsu/SE1128/201	0.2835	0.2709	0.3989	0.2882	0.155	-0.059	0.392	50.20	0.441	0.479	469	498	-0.574297	0.074297	
A/duck/Jiangxi/01.11_NCNP	0.2962	0.2684	0.3867	0.2928	0.155	-0.067	0.388	51.04	0.441	0.478	469	498	-0.578313	0.074297	
A/duck/Jiangxi/01.14_NCJD	0.2893	0.2766	0.4111	0.2586	0.155	-0.028	0.410	51.04	0.425	0.475	468	498	-0.568474	0.076305	
A/duck/Jiangxi/01.14_NCJD	0.2893	0.2690	0.3936	0.2882	0.153	-0.043	0.402	50.31	0.440	0.477	468	498	-0.573494	0.074297	
A/duck/Jiangxi/01.14_NCJD	0.2893	0.2690	0.3910	0.2911	0.153	-0.043	0.402	49.85	0.442	0.478	468	498	-0.573494	0.074297	
A/duck/Jiangxi/02.05_YGYX	0.2893	0.2690	0.3910	0.2911	0.153	-0.043	0.402	50.26	0.442	0.477	468	498	-0.569679	0.076305	
A/duck/Jiangxi/02.06_NCJD	0.2893	0.2690	0.3910	0.2911	0.153	-0.043	0.402	50.26	0.442	0.477	468	498	-0.569679	0.076305	
A/duck/Jiangxi/02.06_NCJD	0.2893	0.2690	0.3893	0.2948	0.152	-0.061	0.391	50.81	0.444	0.478	468	498	-0.574096	0.074297	
A/duck/Jiangxi/2.28_NCNP2	0.2937	0.2658	0.3893	0.2957	0.151	-0.074	0.384	50.89	0.441	0.478	469	498	-0.578313	0.074297	
A/duck/Jiangxi/2.28NCNP23	0.2937	0.2658	0.3893	0.2957	0.151	-0.074	0.384	50.89	0.441	0.478	469	498	-0.578313	0.074297	
A/duck/Jiangxi/03.11_NCHJ	0.2817	0.2741	0.3920	0.2948	0.152	-0.057	0.393	50.64	0.449	0.479	468	498	-0.574096	0.074297	
A/duck/Jiangxi/04.01__NCD	0.2835	0.2785	0.3840	0.2986	0.154	-0.041	0.403	50.98	0.454	0.480	469	498	-0.584337	0.074297	
A/duck/Jiangxi/04.01__NCD	0.2835	0.2785	0.3840	0.2986	0.154	-0.041	0.403	50.98	0.454	0.480	469	498	-0.584337	0.074297	
A/duck/Jiangxi/04.01_NCDZ	0.2800	0.2825	0.3806	0.2971	0.157	-0.030	0.409	50.97	0.458	0.482	474	504	-0.566071	0.073413	
A/duck/Jiangxi/05.07__NCJ	0.3042	0.2494	0.4222	0.2644	0.153	-0.058	0.392	50.77	0.405	0.464	474	504	-0.563889	0.073413	
A/duck/Jiangxi/5.26_NCDZT	0.2861	0.2734	0.3813	0.3043	0.147	-0.074	0.384	52.13	0.454	0.482	469	498	-0.578313	0.074297	
A/duck/Jiangxi/11.17_NCNP	0.2861	0.2785	0.3840	0.2957	0.150	-0.074	0.384	51.56	0.452	0.481	469	498	-0.578313	0.074297	
A/duck/Jiangxi/11.17_NCNP	0.2861	0.2785	0.3840	0.2957	0.150	-0.074	0.384	51.56	0.452	0.481	469	498	-0.578313	0.074297	
A/duck/Jiangxi/11.29_NCDZ	0.2886	0.2734	0.3856	0.2948	0.154	-0.059	0.392	50.87	0.448	0.481	469	498	-0.572892	0.074297	
A/duck/Jiangxi/11.29_NCNP	0.2886	0.2734	0.3760	0.3072	0.154	-0.059	0.392	51.28	0.456	0.483	469	498	-0.578313	0.074297	
A/duck/Jiangxi/11.29_NCNP	0.2861	0.2734	0.3813	0.3043	0.147	-0.070	0.386	52.26	0.454	0.482	469	498	-0.579116	0.074297	
A/duck/Jiangxi/34/2011|EP	0.2759	0.2835	0.3873	0.2931	0.159	-0.029	0.409	50.26	0.456	0.483	469	498	-0.573695	0.074297	
A/duck/Jiangxi/35/2011|EP	0.2886	0.2759	0.3846	0.2902	0.156	-0.040	0.403	50.19	0.448	0.481	469	498	-0.573896	0.074297	
A/duck/Jiangxi/44/2011|EP	0.3071	0.2589	0.4048	0.2657	0.148	-0.065	0.388	50.06	0.416	0.471	469	498	-0.561446	0.076305	
A/duck/Jiangxi/95/2014|EP	0.2861	0.2734	0.3867	0.2986	0.151	-0.063	0.390	50.76	0.450	0.479	469	498	-0.579117	0.074297	
A/duck/Jiangxi/120/2011|E	0.2835	0.2709	0.4069	0.2795	0.151	-0.063	0.390	49.11	0.435	0.473	469	498	-0.580522	0.076305	
A/duck/Jiangxi/130/2011|E	0.2929	0.2626	0.3750	0.3112	0.151	-0.058	0.392	50.78	0.452	0.482	469	498	-0.575502	0.074297	
A/duck/Jiangxi/13469/2014	0.2843	0.2716	0.3947	0.2928	0.154	-0.040	0.404	50.88	0.444	0.477	468	498	-0.578313	0.074297	
A/duck/Jiangxi/13475/2014	0.2843	0.2716	0.3947	0.2928	0.154	-0.040	0.404	50.88	0.444	0.477	468	498	-0.578313	0.074297	
A/duck/Jiangxi/13484/2014	0.2843	0.2716	0.3947	0.2928	0.154	-0.040	0.404	50.88	0.444	0.477	468	498	-0.578313	0.074297	
A/Duck/Jiangxi/50446/2016	0.2886	0.2759	0.3813	0.2986	0.150	-0.070	0.386	52.30	0.452	0.481	469	498	-0.578313	0.074297	
A/Duck/Jiangxi/50455/2016	0.2835	0.2759	0.3787	0.3072	0.148	-0.064	0.390	51.36	0.458	0.482	469	498	-0.588956	0.074297	
A/duck/Jiangxi/E7/2014_(H	0.2868	0.2716	0.3973	0.2861	0.153	-0.051	0.397	50.32	0.440	0.477	468	498	-0.578916	0.074297	
A/duck/Jiangxi/F31/2014(H	0.2868	0.2716	0.4000	0.2832	0.152	-0.054	0.395	50.33	0.438	0.476	468	498	-0.578916	0.074297	
A/duck/Jiangxi/NCDZT1123/	0.2868	0.2716	0.3973	0.2861	0.153	-0.051	0.397	50.32	0.440	0.477	468	498	-0.578916	0.074297	
A/duck/Jiangxi/NCDZT1126/	0.2868	0.2716	0.4000	0.2832	0.152	-0.054	0.395	50.33	0.438	0.476	468	498	-0.578916	0.074297	
A/duck/Jiangxi/S10252/202	0.2929	0.2727	0.3984	0.2730	0.150	-0.061	0.391	52.20	0.432	0.475	470	498	-0.549799	0.076305	
A/duck/Jiangxi/S40833/202	0.2987	0.2709	0.3915	0.2759	0.156	-0.037	0.405	51.38	0.433	0.477	469	498	-0.563253	0.076305	
A/duck/Jilin/04.04_SY002-	0.2810	0.2759	0.3856	0.2997	0.157	-0.050	0.397	50.91	0.454	0.482	469	498	-0.565060	0.074297	
A/duck/Jilin/JL-SIV/2013|	0.2893	0.2690	0.3920	0.2957	0.150	-0.063	0.390	49.71	0.443	0.475	469	498	-0.573896	0.078313	
A/duck/Jilin/S1261/2019(H	0.2861	0.2734	0.4069	0.2738	0.151	-0.070	0.386	51.36	0.433	0.476	469	498	-0.574297	0.074297	
A/duck/Jilin/S4171/2019(H	0.2911	0.2709	0.3936	0.2853	0.150	-0.062	0.390	51.37	0.439	0.477	469	498	-0.569478	0.074297	
A/duck/Kaohsiung/15WB3298	0.2993	0.2693	0.3953	0.2727	0.155	-0.031	0.408	50.94	0.429	0.476	475	504	-0.545238	0.077381	
A/duck/Kaohsiung/20WB0242	0.2743	0.2968	0.4058	0.2593	0.160	0.014	0.434	49.48	0.442	0.478	475	504	-0.547222	0.075397	
A/duck/Kaohsiung/15010213	0.2868	0.2843	0.3969	0.2670	0.155	-0.048	0.398	50.11	0.438	0.477	475	504	-0.542659	0.075397	
A/duck/Liaoning/LN/2011|E	0.2709	0.2759	0.4406	0.2493	0.158	-0.037	0.404	50.55	0.417	0.468	470	498	-0.560442	0.076305	
A/duck/Nanchang/9789/2013	0.2843	0.2716	0.3893	0.2977	0.151	-0.054	0.395	50.95	0.449	0.481	468	498	-0.578916	0.074297	
A/duck/Nantou/15A3437/201	0.2843	0.2868	0.3969	0.2670	0.153	-0.056	0.394	50.27	0.440	0.478	475	504	-0.542659	0.075397	
A/duck/Nantou/17A0243/201	0.2800	0.2900	0.3927	0.2743	0.157	-0.043	0.401	50.92	0.447	0.479	474	504	-0.536706	0.075397	
A/duck/Ningxia/YG61/2017|	0.2937	0.2785	0.3889	0.2751	0.156	-0.045	0.401	51.72	0.439	0.478	469	498	-0.562249	0.076305	
A/duck/Ningxia/YG71/2017|	0.2937	0.2785	0.3889	0.2751	0.156	-0.045	0.401	51.72	0.439	0.478	469	498	-0.562249	0.076305	
A/duck/Ningxia/YG83/2017|	0.2911	0.2810	0.3836	0.2808	0.154	-0.045	0.401	51.62	0.446	0.480	469	498	-0.562249	0.076305	
A/duck/Pingtung/17A0160/2	0.2743	0.2943	0.3890	0.2800	0.156	-0.041	0.402	51.16	0.455	0.481	475	504	-0.531548	0.075397	
A/duck/Pingtung/18A00003-	0.2825	0.2875	0.3927	0.2735	0.157	-0.047	0.399	50.59	0.445	0.479	474	504	-0.547222	0.075397	
A/duck/Pingtung/18A00076-	0.2843	0.2868	0.3786	0.2869	0.154	-0.059	0.392	51.09	0.455	0.482	475	504	-0.542659	0.075397	
A/duck/Pingtung/18X00077/	0.2775	0.2925	0.3937	0.2751	0.157	-0.043	0.401	50.65	0.449	0.479	474	504	-0.542262	0.075397	
A/duck/Pingtung/15010180/	0.3050	0.2675	0.3990	0.2657	0.156	-0.033	0.407	51.20	0.422	0.472	474	504	-0.551786	0.075397	
A/duck/Pingtung/15010444/	0.2875	0.2850	0.3969	0.2670	0.155	-0.049	0.398	50.18	0.438	0.476	475	504	-0.546429	0.075397	
A/duck/Shandong/009/2008|	0.2875	0.2750	0.3921	0.2894	0.155	-0.053	0.396	48.98	0.444	0.475	475	504	-0.556746	0.075397	
A/duck/Shandong/11.14_DL-	0.2825	0.2850	0.4125	0.2557	0.162	-0.020	0.415	49.84	0.429	0.472	475	504	-0.540476	0.075397	
A/duck/Shandong/11.14_RD/	0.2825	0.2850	0.4125	0.2557	0.162	-0.020	0.415	49.84	0.429	0.472	475	504	-0.540476	0.075397	
A/duck/Shandong/Q1/2013|E	0.2723	0.2875	0.4252	0.2472	0.160	-0.032	0.407	51.56	0.426	0.475	469	498	-0.554418	0.070281	
A/duck/Shandong/SD0261/20	0.2854	0.2778	0.4037	0.2693	0.151	-0.053	0.396	53.08	0.434	0.477	470	498	-0.550402	0.076305	
A/duck/Shandong/SD0263/20	0.2854	0.2778	0.4037	0.2693	0.151	-0.053	0.396	53.08	0.434	0.477	470	498	-0.550402	0.076305	
A/Duck/Shandong/Y01/2009|	0.2904	0.2677	0.3830	0.2997	0.154	-0.051	0.397	49.87	0.448	0.481	469	498	-0.571687	0.076305	
A/Duck/Shandong/Y02/2009|	0.2911	0.2658	0.3820	0.3017	0.156	-0.048	0.399	50.04	0.448	0.481	469	498	-0.565060	0.076305	
A/duck/Sichuan/04.27_NBXJ	0.2792	0.2716	0.3973	0.2957	0.155	-0.036	0.406	50.21	0.447	0.479	468	498	-0.577510	0.074297	
A/duck/Sichuan/04.27_NBXJ	0.2741	0.2766	0.3973	0.2957	0.156	-0.032	0.408	50.41	0.451	0.481	468	498	-0.577510	0.074297	
A/duck/Sichuan/04.27_NBXJ	0.2792	0.2716	0.4000	0.2928	0.156	-0.032	0.408	50.01	0.444	0.479	468	498	-0.577510	0.074297	
A/duck/Sichuan/04.27_NBXJ	0.2741	0.2766	0.3973	0.2957	0.156	-0.032	0.408	50.41	0.451	0.481	468	498	-0.577510	0.074297	
A/duck/Sichuan/04.27_NBXJ	0.2792	0.2716	0.4000	0.2928	0.156	-0.032	0.408	50.01	0.444	0.479	468	498	-0.577510	0.074297	
A/duck/Sichuan/04.27_NCXJ	0.2792	0.2716	0.3973	0.2957	0.155	-0.036	0.406	50.21	0.447	0.479	468	498	-0.577510	0.074297	
A/duck/Sichuan/NCXJ15/201	0.2792	0.2716	0.3973	0.2957	0.155	-0.036	0.406	50.21	0.447	0.479	468	498	-0.577510	0.074297	
A/duck/Sichuan/NCXJ24/201	0.2741	0.2766	0.3973	0.2957	0.156	-0.032	0.408	50.41	0.451	0.481	468	498	-0.577510	0.074297	
A/duck/Sichuan/NCXN10/201	0.2843	0.2766	0.3914	0.2936	0.153	-0.054	0.395	51.43	0.449	0.480	468	498	-0.577711	0.074297	
A/duck/Sichuan/NCXN11/201	0.2843	0.2766	0.3904	0.2928	0.153	-0.051	0.397	50.86	0.449	0.480	468	498	-0.584337	0.074297	
A/duck/Sichuan/S1805/2021	0.3038	0.2608	0.3856	0.2919	0.151	-0.078	0.382	53.07	0.435	0.477	469	498	-0.569277	0.076305	
A/duck/Sichuan/SC4822/202	0.3046	0.2614	0.3883	0.2890	0.152	-0.078	0.382	53.21	0.433	0.475	469	498	-0.568072	0.076305	
A/duck/Sichuan/SC5698/202	0.3013	0.2633	0.3883	0.2890	0.151	-0.078	0.382	53.23	0.435	0.477	469	498	-0.569277	0.076305	
A/duck/Sichuan/SD002/2021	0.3013	0.2658	0.3856	0.2890	0.151	-0.070	0.386	53.15	0.437	0.477	469	498	-0.569277	0.076305	
A/duck/Taichung/15010400-	0.2843	0.2868	0.3969	0.2670	0.154	-0.052	0.396	50.08	0.440	0.478	475	504	-0.542659	0.075397	
A/duck/Tainan/16WB3443-15	0.3033	0.2682	0.3979	0.2678	0.156	-0.026	0.411	49.99	0.424	0.474	474	504	-0.560317	0.073413	
A/duck/Tainan/15010403/20	0.2925	0.2825	0.3885	0.2743	0.160	-0.014	0.418	50.69	0.441	0.478	474	504	-0.551786	0.075397	
A/duck/Tainan/16010024-1/	0.2943	0.2768	0.3916	0.2727	0.155	-0.048	0.398	50.14	0.436	0.476	475	504	-0.542659	0.075397	
A/duck/Taipei/05WB830-1-5	0.2943	0.2718	0.4031	0.2678	0.157	-0.037	0.404	49.84	0.427	0.476	475	504	-0.542064	0.075397	
A/duck/Taipei/18WB0120-1-	0.2918	0.2843	0.4005	0.2593	0.154	-0.045	0.400	50.69	0.432	0.475	475	504	-0.547222	0.075397	
A/duck/Taipei/19WB0235-14	0.2918	0.2793	0.3953	0.2707	0.158	-0.012	0.419	50.79	0.436	0.476	475	504	-0.547222	0.075397	
A/duck/Taiwan/01006/2015|	0.2861	0.2836	0.3969	0.2670	0.153	-0.051	0.396	50.25	0.438	0.478	475	504	-0.544643	0.075397	
A/duck/Taiwan/11213/2013|	0.3028	0.2697	0.4149	0.2478	0.156	-0.031	0.409	50.27	0.411	0.471	467	498	-0.568072	0.076305	
A/duck/Taiwan/11254/2013|	0.3003	0.2723	0.4122	0.2507	0.157	-0.031	0.409	50.28	0.415	0.472	467	498	-0.568072	0.076305	
A/duck/Taiwan/a043/2015|E	0.2868	0.2843	0.3969	0.2670	0.155	-0.048	0.398	50.08	0.438	0.476	475	504	-0.543452	0.075397	
A/duck/Taiwan/a068/2015|E	0.3075	0.2675	0.3927	0.2686	0.154	-0.037	0.405	51.47	0.424	0.472	474	504	-0.545833	0.075397	
A/duck/Taiwan/A3400/2015|	0.3075	0.2675	0.3927	0.2678	0.157	-0.033	0.407	51.31	0.424	0.474	474	504	-0.546429	0.075397	
A/duck/Taiwan/DV1238/2009	0.2741	0.2792	0.4005	0.2845	0.163	-0.013	0.419	49.23	0.447	0.483	468	498	-0.575100	0.076305	
A/duck/Taiwan/DV1241/2009	0.2741	0.2792	0.4005	0.2845	0.163	-0.013	0.419	49.23	0.447	0.483	468	498	-0.575100	0.076305	
A/duck/Taiwan/DV1242/2009	0.2741	0.2792	0.4005	0.2845	0.163	-0.013	0.419	49.23	0.447	0.483	468	498	-0.575100	0.076305	
A/duck/Taoyuan/16010023-1	0.2918	0.2768	0.3969	0.2691	0.152	-0.052	0.396	50.12	0.434	0.476	475	504	-0.543254	0.075397	
A/duck/Wuxi/7249/2015|EPI	0.2810	0.2810	0.3824	0.3032	0.155	-0.053	0.397	50.88	0.458	0.481	469	498	-0.576908	0.074297	
A/duck/Xinjiang/12.18_WLM	0.2925	0.2800	0.4121	0.2514	0.156	-0.025	0.411	50.71	0.422	0.472	474	504	-0.551786	0.075397	
A/duck/Xinjiang/S1066/201	0.2911	0.2684	0.3777	0.3055	0.156	-0.059	0.392	50.73	0.452	0.482	469	498	-0.574297	0.074297	
A/duck/Xinjiang/S1126/201	0.2886	0.2709	0.3750	0.3084	0.157	-0.055	0.394	50.53	0.456	0.483	469	498	-0.574297	0.074297	
A/duck/Yilan/17A0092/2017	0.2818	0.2893	0.3864	0.2792	0.154	-0.051	0.396	50.60	0.451	0.479	475	504	-0.532143	0.075397	
A/duck/Yunlin/15A5019/201	0.2843	0.2843	0.4073	0.2585	0.155	-0.052	0.396	49.28	0.432	0.475	475	504	-0.542659	0.075397	
A/duck/Yunlin/17A0086/201	0.2818	0.2893	0.3838	0.2821	0.153	-0.051	0.396	51.47	0.453	0.480	475	504	-0.532143	0.075397	
A/duck/Yunlin/17A0686/201	0.2818	0.2868	0.3901	0.2808	0.153	-0.059	0.392	51.20	0.448	0.478	475	504	-0.537103	0.075397	
A/duck/Yunlin/18X00007-3/	0.2857	0.2932	0.4090	0.2529	0.162	-0.016	0.418	50.77	0.432	0.472	474	504	-0.559127	0.075397	
A/duck/Yunlin/15010244-1/	0.2868	0.2843	0.3969	0.2670	0.155	-0.048	0.398	50.11	0.438	0.477	475	504	-0.542659	0.075397	
A/duck/Yunlin/15010277/20	0.2839	0.2889	0.4188	0.2457	0.165	-0.012	0.420	50.77	0.424	0.468	474	504	-0.543452	0.075397	
A/duck/Yunlin/15010310-4/	0.2868	0.2843	0.3969	0.2670	0.155	-0.048	0.398	50.11	0.438	0.477	475	504	-0.542659	0.075397	
A/duck/Yunlin/15010318-2/	0.2868	0.2818	0.3995	0.2670	0.155	-0.048	0.398	49.85	0.436	0.476	475	504	-0.542659	0.075397	
A/duck/Yunlin/15010369-1/	0.2843	0.2868	0.3969	0.2663	0.154	-0.048	0.398	50.18	0.440	0.478	475	504	-0.543254	0.075397	
A/duck/Yunlin/15010458-1/	0.2839	0.2889	0.4215	0.2429	0.165	-0.016	0.418	50.60	0.422	0.468	474	504	-0.543452	0.075397	
A/duck/Yunlin/15070002-2/	0.2868	0.2843	0.4047	0.2585	0.155	-0.048	0.398	49.46	0.432	0.475	475	504	-0.542659	0.075397	
A/duck/Yunlin/17110001/20	0.2982	0.2757	0.4132	0.2514	0.157	-0.032	0.407	50.49	0.418	0.470	474	504	-0.563095	0.075397	
A/duck/Yunlin/18060007-3/	0.3025	0.2700	0.4132	0.2514	0.153	-0.043	0.401	50.40	0.414	0.469	474	504	-0.564286	0.075397	
A/duck/Yunnan/03.15_DQWGH	0.2861	0.2734	0.3920	0.2936	0.153	-0.059	0.392	50.21	0.446	0.477	469	498	-0.578514	0.074297	
A/duck/Yunnan/03.16_DQXYL	0.2861	0.2734	0.3920	0.2936	0.153	-0.059	0.392	50.21	0.446	0.477	469	498	-0.578514	0.074297	
A/duck/Yunnan/03.16_DQXYL	0.2835	0.2734	0.3973	0.2899	0.154	-0.052	0.397	50.22	0.443	0.477	469	498	-0.579117	0.074297	
A/duck/Yunnan/03.16_DQXYL	0.2861	0.2734	0.3920	0.2936	0.153	-0.059	0.392	50.21	0.446	0.477	469	498	-0.578514	0.074297	
A/duck/Yunnan/03.16_DQXYL	0.2861	0.2734	0.3920	0.2936	0.153	-0.059	0.392	50.21	0.446	0.477	469	498	-0.578514	0.074297	
A/duck/Yunnan/07.15_DQNPH	0.2886	0.2709	0.3850	0.3023	0.152	-0.066	0.388	50.93	0.450	0.478	469	498	-0.572691	0.076305	
A/duck/Yunnan/07.15_DQNPH	0.2911	0.2684	0.3824	0.3061	0.151	-0.071	0.386	50.24	0.450	0.477	469	498	-0.571285	0.076305	
A/duck/Yunnan/07.15_DQNPH	0.2911	0.2684	0.3850	0.3032	0.149	-0.074	0.384	50.47	0.448	0.477	469	498	-0.571285	0.076305	
A/duck/Yunnan/07.15_DQNPH	0.2911	0.2709	0.3840	0.2994	0.151	-0.067	0.388	51.38	0.448	0.477	469	498	-0.565060	0.076305	
A/duck/Yunnan/S4318/2021(	0.3038	0.2608	0.3883	0.2890	0.149	-0.084	0.377	53.10	0.433	0.477	469	498	-0.570883	0.076305	
A/Duck/Yunnan/YN-2/2016_(	0.2919	0.2716	0.3840	0.2994	0.153	-0.056	0.394	51.35	0.448	0.477	469	498	-0.589157	0.074297	
A/Duck/Yunnan/YN-4/2015__	0.2886	0.2709	0.3840	0.3023	0.151	-0.067	0.388	50.89	0.450	0.478	469	498	-0.578514	0.074297	
A/Duck/Yunnan/YN-9/2016__	0.2955	0.2652	0.4011	0.2828	0.155	-0.056	0.394	50.49	0.431	0.473	469	498	-0.578514	0.074297	
A/Duck/Zhanjiang/15577/20	0.2817	0.2741	0.3947	0.2919	0.157	-0.028	0.410	50.52	0.447	0.479	468	498	-0.578916	0.074297	
A/duck/Zhejiang/02.28_JHZ	0.2893	0.2690	0.3936	0.2882	0.153	-0.043	0.402	50.31	0.440	0.477	468	498	-0.573494	0.074297	
A/duck/Zhejiang/6D18/2013	0.2835	0.2835	0.4127	0.2550	0.159	-0.026	0.412	50.96	0.429	0.473	469	498	-0.561446	0.076305	
A/duck/Zhejiang/77138/201	0.2817	0.2741	0.3973	0.2899	0.153	-0.047	0.400	50.74	0.444	0.478	468	498	-0.578313	0.074297	
A/duck/Zhejiang/727041/20	0.2919	0.2665	0.3936	0.2874	0.152	-0.058	0.393	50.37	0.438	0.477	468	498	-0.574096	0.074297	
A/duck/Zhejiang/727158/20	0.2937	0.2658	0.3840	0.3014	0.153	-0.060	0.392	50.50	0.446	0.478	469	498	-0.570884	0.074297	
A/duck/Zhejiang/925019/20	0.2792	0.2843	0.4105	0.2600	0.153	-0.023	0.414	50.47	0.433	0.475	469	498	-0.566867	0.076305	
A/duck/Zhejiang/925169/20	0.2843	0.2792	0.4079	0.2614	0.155	-0.022	0.414	50.40	0.431	0.476	469	498	-0.569679	0.076305	
A/duck/Zhejiang/1026109/2	0.2785	0.2886	0.4142	0.2521	0.163	-0.037	0.405	50.44	0.431	0.474	469	498	-0.541165	0.076305	
A/duck/Zhejiang/1220092/2	0.2810	0.2759	0.3910	0.2939	0.157	-0.048	0.399	50.84	0.450	0.481	469	498	-0.574297	0.074297	
A/duck/Zhejiang/S4091/201	0.2861	0.2709	0.3910	0.2939	0.155	-0.060	0.392	50.83	0.446	0.481	469	498	-0.582932	0.072289	
A/duck/Zhejiang/S4854/202	0.2886	0.2684	0.3856	0.3006	0.152	-0.074	0.384	51.80	0.448	0.481	469	498	-0.573092	0.074297	
A/duck/Zhejiang/W24/2013|	0.2850	0.2799	0.4222	0.2486	0.159	-0.034	0.407	50.92	0.420	0.471	469	498	-0.559639	0.074297	
A/egret/Jiangsu/SD021/202	0.2929	0.2727	0.3984	0.2722	0.151	-0.057	0.394	52.24	0.432	0.476	470	498	-0.550402	0.076305	
A/Egret/Shangdong/JN529/2	0.2839	0.2764	0.3968	0.2886	0.156	-0.053	0.396	50.10	0.445	0.483	470	498	-0.547390	0.074297	
A/environment/Hunan/HN261	0.2893	0.2690	0.3867	0.2977	0.150	-0.071	0.385	50.67	0.447	0.479	468	498	-0.575703	0.074297	
A/Environment/Shandong/WS	0.2879	0.2727	0.4027	0.2828	0.152	-0.074	0.383	51.62	0.436	0.475	470	498	-0.557630	0.074297	
A/Environment/Shandong/WS	0.2934	0.2551	0.4085	0.2928	0.151	-0.087	0.374	51.51	0.428	0.471	470	498	-0.558835	0.072289	
A/Environment/Shandong/WS	0.2835	0.2759	0.4011	0.2857	0.153	-0.066	0.388	51.21	0.441	0.478	469	498	-0.558835	0.076305	
A/equine/China/61/2010|EP	0.2897	0.2620	0.3830	0.3055	0.152	-0.066	0.388	50.83	0.448	0.481	469	498	-0.565462	0.076305	
A/equine/China/67/2010|EP	0.2897	0.2620	0.3830	0.3055	0.152	-0.066	0.388	50.83	0.448	0.481	469	498	-0.565462	0.076305	
A/equine/China/68/2010|EP	0.2897	0.2620	0.3830	0.3055	0.150	-0.069	0.386	51.13	0.448	0.481	469	498	-0.565462	0.076305	
A/eurasian_eagle-owl/Hena	0.2879	0.2778	0.3984	0.2722	0.152	-0.049	0.398	53.06	0.436	0.477	470	498	-0.550402	0.076305	
A/Eurasian_Teal/Hong_Kong	0.2932	0.2757	0.3916	0.2784	0.163	-0.015	0.417	52.65	0.438	0.476	475	504	-0.545833	0.073413	
A/Eurasian_Teal/Hong_Kong	0.2932	0.2757	0.3864	0.2841	0.162	-0.019	0.415	52.73	0.442	0.478	475	504	-0.545833	0.073413	
A/Eurasian_Wigeon/Hong_Ko	0.2932	0.2757	0.3864	0.2841	0.162	-0.019	0.415	52.73	0.442	0.478	475	504	-0.545833	0.073413	
A/Eurasian_Wigeon/Hong_Ko	0.2932	0.2757	0.3864	0.2841	0.162	-0.019	0.415	52.73	0.442	0.478	475	504	-0.545833	0.073413	
A/Falcated_Duck/Ningxia/4	0.2911	0.2658	0.3920	0.2957	0.149	-0.068	0.388	51.30	0.441	0.477	469	498	-0.583936	0.074297	
A/Falco_peregrinus/Beijin	0.2943	0.2768	0.3786	0.2869	0.157	-0.031	0.408	53.22	0.446	0.479	475	504	-0.544048	0.073413	
A/feline/Guangdong/2/2014	0.2817	0.2741	0.4000	0.2870	0.155	-0.040	0.404	50.64	0.442	0.477	468	498	-0.578313	0.074297	
A/Fujian/1/2005|EPI_ISL_2	0.2987	0.2582	0.3989	0.2861	0.153	-0.067	0.388	48.80	0.429	0.471	469	498	-0.574900	0.076305	
A/Fujian/1/2007|EPI_ISL_7	0.2929	0.2601	0.3803	0.3084	0.153	-0.069	0.386	50.75	0.448	0.481	469	498	-0.566667	0.076305	
A/Fujian/1/2024(H5N6)|EPI	0.2832	0.2857	0.4116	0.2594	0.156	-0.018	0.416	49.34	0.431	0.474	473	504	-0.561111	0.075397	
A/Fujian/2/2024(H5N6)|EPI	0.2832	0.2857	0.4142	0.2565	0.156	-0.018	0.416	49.21	0.429	0.473	473	504	-0.561111	0.075397	
A/Fujian-Sanyuan/21099/20	0.3071	0.2868	0.4048	0.2464	0.154	-0.057	0.395	51.62	0.421	0.464	473	504	-0.565278	0.077381	
A/Fujian-Sanyuan/21099/20	0.2817	0.2817	0.3930	0.2870	0.149	-0.066	0.389	51.69	0.449	0.479	468	498	-0.584337	0.074297	
A/Gadwall/Ningxia/472-7/2	0.2886	0.2684	0.3893	0.2986	0.149	-0.068	0.388	51.32	0.446	0.478	469	498	-0.583936	0.074297	
A/Gallinago_Stenura/Hong_	0.2932	0.2757	0.3864	0.2841	0.162	-0.019	0.415	52.73	0.442	0.478	475	504	-0.545833	0.073413	
A/Gallinula_chloropus/Gua	0.2911	0.2684	0.3877	0.2957	0.152	-0.062	0.391	50.71	0.444	0.479	468	498	-0.570080	0.074297	
A/Goose/_Guangdong_/JG125	0.2911	0.2684	0.3893	0.2957	0.151	-0.067	0.388	50.67	0.443	0.477	469	498	-0.579117	0.074297	
A/Goose/_Guangdong_/SSLBY	0.2868	0.2716	0.3883	0.2977	0.151	-0.063	0.390	50.54	0.448	0.479	469	498	-0.579116	0.074297	
A/Goose/_Guangdong_/SSZYP	0.2911	0.2684	0.3867	0.2986	0.152	-0.063	0.390	50.68	0.446	0.478	469	498	-0.579117	0.074297	
A/goose/Anhui/AH350/2015|	0.2861	0.2785	0.3813	0.2986	0.153	-0.048	0.399	51.35	0.454	0.481	469	498	-0.579117	0.074297	
A/goose/Changhua/15040008	0.2910	0.2811	0.3932	0.2699	0.152	-0.049	0.397	50.32	0.437	0.476	476	504	-0.537500	0.075397	
A/goose/Chiayi/15010008-3	0.2868	0.2843	0.3943	0.2699	0.152	-0.048	0.398	50.36	0.440	0.478	475	504	-0.542659	0.075397	
A/goose/Chiayi/15010016-1	0.2868	0.2843	0.3969	0.2670	0.155	-0.048	0.398	50.11	0.438	0.477	475	504	-0.542659	0.075397	
A/goose/Chiayi/15020022/2	0.2839	0.2889	0.4241	0.2400	0.165	-0.012	0.420	50.48	0.420	0.467	474	504	-0.543452	0.075397	
A/goose/Chiayi/16010017-2	0.2943	0.2768	0.3890	0.2756	0.155	-0.045	0.400	50.09	0.438	0.477	475	504	-0.542659	0.075397	
A/goose/Chiayi/16040003-1	0.2893	0.2818	0.3943	0.2699	0.154	-0.048	0.398	50.11	0.438	0.477	475	504	-0.542659	0.075397	
A/goose/Chiayi/16040005/2	0.2893	0.2818	0.3943	0.2699	0.154	-0.048	0.398	50.11	0.438	0.477	475	504	-0.542659	0.075397	
A/goose/Chiayi/17020027-1	0.2818	0.2868	0.3916	0.2764	0.153	-0.049	0.398	50.81	0.446	0.479	475	504	-0.541865	0.075397	
A/goose/Chiayi/17040014/2	0.2882	0.2807	0.4169	0.2521	0.156	-0.035	0.406	49.97	0.423	0.472	473	504	-0.567460	0.075397	
A/goose/Chiayi/18010006/2	0.2982	0.2757	0.4132	0.2514	0.157	-0.032	0.407	50.49	0.418	0.470	474	504	-0.563095	0.075397	
A/goose/Chiayi/18020014-2	0.2990	0.2739	0.4147	0.2507	0.157	-0.032	0.407	50.49	0.416	0.470	474	504	-0.563095	0.075397	
A/goose/China/1/2021|EPI_	0.2904	0.2753	0.3984	0.2722	0.151	-0.053	0.396	52.24	0.434	0.477	470	498	-0.550402	0.076305	
A/goose/China/0701/2018|E	0.2955	0.2652	0.3830	0.3006	0.151	-0.074	0.383	51.26	0.445	0.479	470	498	-0.574498	0.074297	
A/goose/China/1106/2016|E	0.2774	0.2901	0.4180	0.2493	0.163	-0.029	0.410	50.41	0.429	0.474	468	498	-0.561847	0.076305	
A/goose/China/E43/2012|EP	0.2785	0.2835	0.3830	0.2968	0.159	-0.029	0.409	50.24	0.458	0.483	469	498	-0.583735	0.074297	
A/goose/Chongqing/SD003/2	0.3030	0.2626	0.3867	0.2899	0.150	-0.081	0.380	53.23	0.435	0.477	469	498	-0.569277	0.076305	
A/goose/Eastern_China/CZ/	0.2792	0.2868	0.4142	0.2543	0.159	-0.026	0.412	50.58	0.431	0.473	469	498	-0.562048	0.076305	
A/goose/Eastern_China/L12	0.2774	0.2901	0.4191	0.2500	0.162	-0.019	0.417	50.83	0.429	0.474	468	498	-0.572088	0.076305	
A/goose/Eastern_China/L12	0.2799	0.2875	0.4191	0.2500	0.160	-0.021	0.415	50.90	0.427	0.473	468	498	-0.567269	0.076305	
A/goose/Eastern_China/S04	0.2810	0.2861	0.4127	0.2550	0.160	-0.022	0.414	51.01	0.431	0.473	469	498	-0.561446	0.076305	
A/goose/Eastern_China/S05	0.2919	0.2640	0.4085	0.2759	0.162	-0.030	0.409	48.04	0.426	0.475	469	498	-0.571888	0.074297	
A/goose/Fujian/3.15_FZHX0	0.2893	0.2741	0.3850	0.2974	0.152	-0.070	0.387	51.10	0.449	0.479	468	498	-0.581526	0.074297	
A/goose/Fujian/3.15_FZHX0	0.2919	0.2716	0.3850	0.2974	0.152	-0.070	0.387	51.00	0.447	0.479	468	498	-0.581526	0.074297	
A/goose/Fujian/3.15_FZHX0	0.3013	0.2608	0.3813	0.3006	0.153	-0.063	0.390	51.77	0.441	0.478	469	498	-0.578916	0.074297	
A/goose/Fujian/3.15_FZHX0	0.2987	0.2658	0.3840	0.2957	0.154	-0.063	0.390	51.09	0.441	0.478	469	498	-0.578313	0.074297	
A/goose/Fujian/3.15_FZHX0	0.2937	0.2684	0.3840	0.2986	0.151	-0.070	0.386	51.33	0.446	0.479	469	498	-0.578313	0.074297	
A/goose/Fujian/10.11_FZHX	0.2817	0.2665	0.3947	0.2989	0.154	-0.051	0.397	51.80	0.447	0.480	468	498	-0.594980	0.074297	
A/goose/Fujian/10.26_FZHX	0.2810	0.2785	0.3813	0.3043	0.149	-0.063	0.390	51.31	0.458	0.483	469	498	-0.578313	0.074297	
A/goose/Fujian/10.26_FZHX	0.2810	0.2785	0.3813	0.3043	0.149	-0.063	0.390	51.31	0.458	0.483	469	498	-0.578313	0.074297	
A/goose/Fujian/10.26_FZHX	0.2810	0.2785	0.3813	0.3043	0.149	-0.063	0.390	51.31	0.458	0.483	469	498	-0.578313	0.074297	
A/goose/Fujian/10.26_FZHX	0.2810	0.2785	0.3813	0.3043	0.149	-0.063	0.390	51.31	0.458	0.483	469	498	-0.578313	0.074297	
A/goose/Fujian/10.26_FZHX	0.2810	0.2785	0.3813	0.3043	0.149	-0.063	0.390	51.31	0.458	0.483	469	498	-0.578313	0.074297	
A/goose/Fujian/10.26_FZHX	0.2810	0.2785	0.3813	0.3043	0.149	-0.063	0.390	51.31	0.458	0.483	469	498	-0.578313	0.074297	
A/goose/Fujian/10.26_FZHX	0.2810	0.2785	0.3813	0.3043	0.149	-0.063	0.390	51.31	0.458	0.483	469	498	-0.578313	0.074297	
A/goose/Fujian/10.26_FZHX	0.2810	0.2785	0.3813	0.3043	0.149	-0.063	0.390	51.31	0.458	0.483	469	498	-0.578313	0.074297	
A/goose/Fujian/10.26_FZHX	0.2810	0.2785	0.3813	0.3043	0.149	-0.063	0.390	51.31	0.458	0.483	469	498	-0.578313	0.074297	
A/goose/Fujian/11.3_FZHX1	0.2817	0.2665	0.4000	0.2931	0.158	-0.040	0.404	51.54	0.442	0.479	468	498	-0.594177	0.074297	
A/goose/Guangdong/03.27_D	0.2861	0.2734	0.3830	0.3006	0.150	-0.067	0.388	51.19	0.452	0.481	469	498	-0.572892	0.074297	
A/goose/Guangdong/04.22_D	0.2843	0.2716	0.3947	0.2919	0.157	-0.032	0.408	50.69	0.444	0.479	468	498	-0.578916	0.074297	
A/goose/Guangdong/04.22_D	0.2937	0.2658	0.3840	0.3014	0.152	-0.063	0.390	50.76	0.446	0.477	469	498	-0.584940	0.074297	
A/goose/Guangdong/04.22_D	0.2962	0.2633	0.3840	0.3014	0.151	-0.066	0.388	50.71	0.443	0.476	469	498	-0.584940	0.074297	
A/goose/Guangdong/04.22_D	0.2962	0.2633	0.3840	0.3014	0.151	-0.066	0.388	50.71	0.443	0.476	469	498	-0.584940	0.074297	
A/goose/Guangdong/04.23_D	0.2835	0.2759	0.3840	0.3014	0.150	-0.063	0.390	51.11	0.454	0.481	469	498	-0.579117	0.074297	
A/goose/Guangdong/04.23_D	0.2835	0.2759	0.3840	0.3014	0.150	-0.063	0.390	51.11	0.454	0.481	469	498	-0.579117	0.074297	
A/goose/Guangdong/04.23_D	0.2911	0.2684	0.3840	0.3014	0.152	-0.063	0.390	51.17	0.448	0.479	469	498	-0.578313	0.074297	
A/goose/Guangdong/04.23_D	0.2893	0.2690	0.3973	0.2861	0.156	-0.036	0.406	50.77	0.438	0.477	468	498	-0.578916	0.074297	
A/goose/Guangdong/7.20_DG	0.2911	0.2709	0.3893	0.2928	0.153	-0.067	0.388	50.59	0.443	0.479	469	498	-0.578313	0.074297	
A/goose/Guangdong/k0103/2	0.2810	0.2734	0.4403	0.2421	0.157	-0.041	0.403	50.50	0.409	0.467	469	498	-0.568675	0.076305	
A/Goose/Guangdong/PO17072	0.2911	0.2709	0.3893	0.2928	0.151	-0.078	0.382	51.29	0.443	0.479	469	498	-0.578313	0.074297	
A/goose/Guangdong/QY01/20	0.2911	0.2684	0.3867	0.2986	0.152	-0.067	0.388	50.99	0.446	0.479	469	498	-0.583333	0.074297	
A/goose/Guangdong/S230/20	0.3038	0.2608	0.3803	0.2977	0.151	-0.074	0.384	52.81	0.439	0.477	469	498	-0.569277	0.076305	
A/goose/Guangdong/S4751/2	0.2850	0.2774	0.4096	0.2644	0.154	-0.049	0.398	49.03	0.430	0.477	467	498	-0.573695	0.076305	
A/goose/Guangdong/s13124/	0.2748	0.2926	0.4274	0.2400	0.159	-0.027	0.412	51.24	0.424	0.473	469	498	-0.563253	0.076305	
A/goose/Guangdong/SH7/201	0.2843	0.2741	0.3867	0.2977	0.152	-0.058	0.393	50.41	0.451	0.481	468	498	-0.578916	0.074297	
A/goose/Guangdong/YJD/201	0.3038	0.2557	0.3830	0.3006	0.149	-0.051	0.397	51.22	0.437	0.475	469	498	-0.574297	0.074297	
A/goose/Guangxi/S20601/20	0.2854	0.2778	0.4090	0.2636	0.151	-0.053	0.396	52.07	0.430	0.476	470	498	-0.550402	0.076305	
A/goose/Guizhou/S1541/202	0.2995	0.2716	0.3936	0.2738	0.157	-0.039	0.404	51.99	0.432	0.475	468	498	-0.573896	0.076305	
A/goose/Henan/01.01_LYGL0	0.2828	0.2803	0.3787	0.3006	0.152	-0.052	0.397	51.77	0.458	0.485	469	498	-0.578313	0.074297	
A/goose/Henan/S1315/2021|	0.2922	0.2746	0.3995	0.2701	0.150	-0.057	0.394	51.93	0.432	0.476	470	498	-0.550402	0.076305	
A/goose/Hubei/113/2014|EP	0.2919	0.2665	0.3893	0.2948	0.150	-0.072	0.385	50.18	0.442	0.477	468	498	-0.574096	0.074297	
A/goose/HuBei/117/2014|EP	0.2893	0.2690	0.3840	0.3006	0.151	-0.068	0.387	50.35	0.449	0.479	468	498	-0.574096	0.074297	
A/goose/Hunan/81/2014|EPI	0.2886	0.2709	0.3867	0.2986	0.146	-0.081	0.380	51.27	0.448	0.477	469	498	-0.578916	0.074297	
A/goose/Hunan/82/2014|EPI	0.2886	0.2709	0.3840	0.3014	0.147	-0.078	0.382	51.19	0.450	0.478	469	498	-0.579117	0.074297	
A/goose/Hunan/107/2014|EP	0.2868	0.2716	0.3867	0.2977	0.151	-0.068	0.387	50.39	0.449	0.479	468	498	-0.574096	0.074297	
A/goose/Hunan/109/2014|EP	0.2893	0.2690	0.3867	0.2977	0.151	-0.068	0.387	50.30	0.447	0.479	468	498	-0.574096	0.074297	
A/goose/Hunan/110/2014|EP	0.2893	0.2690	0.3867	0.2977	0.151	-0.068	0.387	50.30	0.447	0.479	468	498	-0.574096	0.074297	
A/goose/Hunan/111/2014|EP	0.2911	0.2684	0.3914	0.2936	0.150	-0.068	0.387	49.94	0.442	0.477	468	498	-0.578916	0.074297	
A/goose/Hunan/115/2014|EP	0.2893	0.2690	0.3893	0.2948	0.152	-0.065	0.389	50.16	0.444	0.478	468	498	-0.574096	0.074297	
A/goose/Hunan/116/2014|EP	0.2937	0.2658	0.3904	0.2928	0.149	-0.075	0.382	50.27	0.440	0.478	468	498	-0.575100	0.074297	
A/goose/Hunan/155/2014|EP	0.2893	0.2716	0.3893	0.2957	0.150	-0.075	0.384	51.26	0.446	0.475	469	498	-0.575301	0.074297	
A/goose/Hunan/159/2014|EP	0.2911	0.2709	0.3930	0.2907	0.147	-0.078	0.382	50.94	0.441	0.474	469	498	-0.572691	0.076305	
A/goose/Hunan/160/2014|EP	0.2886	0.2709	0.3867	0.2986	0.146	-0.081	0.380	51.21	0.448	0.477	469	498	-0.579117	0.074297	
A/goose/Hunan/161/2014|EP	0.2861	0.2734	0.3840	0.3014	0.147	-0.078	0.382	50.84	0.452	0.479	469	498	-0.579117	0.074297	
A/goose/Hunan/HN11/2015|E	0.2817	0.2741	0.3973	0.2890	0.157	-0.028	0.410	50.76	0.444	0.479	468	498	-0.578112	0.074297	
A/goose/Hunan/HN22/2015|E	0.2886	0.2709	0.3840	0.3014	0.148	-0.074	0.384	51.17	0.450	0.479	469	498	-0.579117	0.074297	
A/goose/Hunan/HN57/2015|E	0.2861	0.2734	0.3813	0.3043	0.147	-0.078	0.382	51.17	0.454	0.480	469	498	-0.579117	0.074297	
A/goose/Hunan/HN88/2015|E	0.2893	0.2690	0.3867	0.2977	0.151	-0.068	0.387	50.74	0.447	0.479	468	498	-0.574096	0.074297	
A/goose/Hunan/HN90/2015|E	0.2893	0.2690	0.3867	0.2977	0.151	-0.068	0.387	50.74	0.447	0.479	468	498	-0.574096	0.074297	
A/goose/Hunan/HN310/2015|	0.2861	0.2759	0.3840	0.2986	0.153	-0.052	0.397	51.12	0.452	0.480	469	498	-0.579117	0.074297	
A/goose/Hunan/HN311/2015|	0.2861	0.2759	0.3813	0.3014	0.154	-0.052	0.397	51.16	0.454	0.481	469	498	-0.579117	0.074297	
A/goose/Hunan/HN314/2015|	0.2886	0.2709	0.3893	0.2957	0.152	-0.055	0.394	51.19	0.446	0.479	469	498	-0.577510	0.074297	
A/goose/Hunan/HN315/2015|	0.2886	0.2709	0.3893	0.2957	0.152	-0.055	0.394	51.13	0.446	0.479	469	498	-0.578313	0.074297	
A/goose/Hunan/HN316/2015|	0.2886	0.2709	0.3893	0.2957	0.152	-0.055	0.394	51.13	0.446	0.479	469	498	-0.578313	0.074297	
A/goose/Hunan/HN317/2015|	0.2886	0.2709	0.3893	0.2957	0.152	-0.055	0.394	51.13	0.446	0.479	469	498	-0.578313	0.074297	
A/goose/Hunan/HN318/2015|	0.2835	0.2785	0.3840	0.2986	0.154	-0.052	0.397	51.07	0.454	0.481	469	498	-0.579117	0.074297	
A/goose/Hunan/HN319/2015|	0.2886	0.2709	0.3920	0.2928	0.152	-0.059	0.392	50.90	0.443	0.478	469	498	-0.578313	0.074297	
A/goose/Hunan/S11288/2021	0.2879	0.2778	0.3984	0.2722	0.152	-0.049	0.398	53.06	0.436	0.477	470	498	-0.550402	0.076305	
A/goose/Hunan/SE284/2022(	0.3013	0.2633	0.3862	0.2865	0.156	-0.044	0.401	53.87	0.435	0.478	469	498	-0.567671	0.074297	
A/goose/Inner_Mongolia/IM	0.2911	0.2759	0.3979	0.2709	0.155	-0.047	0.400	50.04	0.434	0.476	468	498	-0.568273	0.076305	
A/goose/Jiangsu/k0403/201	0.2904	0.2677	0.3873	0.2939	0.147	-0.088	0.375	50.90	0.443	0.479	469	498	-0.565462	0.076305	
A/goose/Jiangsu/QD5/2014|	0.2850	0.2824	0.4142	0.2543	0.159	-0.027	0.412	50.75	0.426	0.471	469	498	-0.560843	0.076305	
A/goose/Jiangsu/S1385/202	0.2904	0.2753	0.3984	0.2714	0.152	-0.049	0.398	53.05	0.434	0.477	470	498	-0.551004	0.076305	
A/goose/Jiangxi/01.09_NFJ	0.2901	0.2697	0.3867	0.2977	0.153	-0.065	0.389	50.36	0.447	0.478	468	498	-0.572892	0.074297	
A/goose/Jilin/04.04_SY003	0.2911	0.2684	0.3813	0.3043	0.151	-0.067	0.388	50.64	0.450	0.479	469	498	-0.579117	0.074297	
A/goose/Jilin/S4034/2019(	0.2861	0.2734	0.3963	0.2845	0.153	-0.055	0.394	51.94	0.441	0.479	469	498	-0.580120	0.074297	
A/goose/Liaoning/S1266/20	0.2929	0.2727	0.3958	0.2751	0.150	-0.057	0.394	52.24	0.434	0.477	470	498	-0.550402	0.076305	
A/goose/Pingtung/15010007	0.2868	0.2843	0.3969	0.2670	0.155	-0.048	0.398	50.11	0.438	0.477	475	504	-0.542659	0.075397	
A/goose/Pingtung/15010037	0.2868	0.2843	0.3969	0.2670	0.155	-0.048	0.398	50.11	0.438	0.477	475	504	-0.542659	0.075397	
A/goose/Pingtung/15050014	0.3050	0.2700	0.3927	0.2678	0.156	-0.036	0.405	51.27	0.426	0.474	474	504	-0.546429	0.075397	
A/goose/Pingtung/16010061	0.3075	0.2675	0.3953	0.2650	0.154	-0.044	0.401	51.47	0.422	0.473	474	504	-0.546429	0.075397	
A/Goose/Qingyuan/16875/20	0.2879	0.2727	0.3740	0.3084	0.149	-0.067	0.387	51.48	0.457	0.484	470	498	-0.568273	0.074297	
A/goose/Shandong/01.01_JY	0.2757	0.2957	0.4136	0.2507	0.166	-0.019	0.416	50.16	0.435	0.474	474	504	-0.545238	0.075397	
A/goose/Shandong/01.07_JQ	0.2782	0.2957	0.4136	0.2479	0.166	-0.019	0.416	50.05	0.432	0.473	474	504	-0.545238	0.075397	
A/goose/Shandong/02.16_YG	0.2886	0.2709	0.3840	0.3014	0.147	-0.077	0.382	50.37	0.450	0.478	469	498	-0.574297	0.074297	
A/goose/Shandong/02.26_GD	0.2886	0.2709	0.3893	0.2957	0.150	-0.067	0.388	51.14	0.446	0.478	469	498	-0.579117	0.074297	
A/goose/Shandong/03.10_HZ	0.2810	0.2759	0.3910	0.2939	0.155	-0.059	0.392	50.49	0.450	0.481	469	498	-0.574297	0.074297	
A/goose/Shandong/03.16_JN	0.2843	0.2716	0.3920	0.2957	0.154	-0.040	0.404	51.04	0.447	0.478	468	498	-0.578313	0.074297	
A/goose/Shandong/04.22_GT	0.2757	0.2957	0.4136	0.2507	0.166	-0.019	0.416	50.16	0.435	0.474	474	504	-0.545238	0.075397	
A/goose/Shandong/05.23_AY	0.2775	0.2925	0.4115	0.2514	0.162	-0.020	0.415	49.79	0.434	0.475	475	504	-0.539683	0.075397	
A/goose/Shandong/05.23_DT	0.2775	0.2925	0.4115	0.2514	0.162	-0.020	0.415	49.79	0.434	0.475	475	504	-0.539683	0.075397	
A/goose/Shandong/06.14_HZ	0.2800	0.2925	0.4089	0.2514	0.162	-0.020	0.415	49.88	0.434	0.475	475	504	-0.539683	0.075397	
A/goose/Shandong/11.02_CQ	0.2792	0.2716	0.4027	0.2899	0.154	-0.047	0.400	49.68	0.442	0.478	468	498	-0.569277	0.074297	
A/goose/Shandong/12.05_YG	0.2886	0.2684	0.3867	0.3014	0.148	-0.077	0.382	50.45	0.448	0.477	469	498	-0.574297	0.074297	
A/goose/Shandong/12.08_YG	0.2817	0.2817	0.4195	0.2514	0.154	-0.042	0.403	50.80	0.424	0.471	469	498	-0.566868	0.076305	
A/Goose/Shandong/21153-3/	0.2904	0.2753	0.4011	0.2701	0.149	-0.061	0.391	52.26	0.432	0.475	470	498	-0.549799	0.076305	
A/goose/Shandong/GD-GS/20	0.2825	0.2875	0.4125	0.2521	0.159	-0.030	0.408	49.68	0.429	0.472	475	504	-0.541071	0.075397	
A/goose/Shandong/GS/2013(	0.2792	0.2843	0.3777	0.3026	0.161	-0.037	0.405	51.10	0.463	0.485	469	498	-0.573092	0.074297	
A/goose/Shandong/LQ01694/	0.2748	0.2926	0.4149	0.2572	0.162	-0.023	0.415	50.44	0.436	0.475	468	498	-0.564257	0.078313	
A/goose/Tainan/16040018-1	0.3050	0.2700	0.3979	0.2621	0.155	-0.040	0.403	51.13	0.422	0.473	474	504	-0.546429	0.075397	
A/goose/Tainan/16070002/2	0.3075	0.2675	0.3979	0.2621	0.155	-0.044	0.401	51.18	0.420	0.472	474	504	-0.546429	0.075397	
A/goose/Tainan/17030022-1	0.2818	0.2893	0.3916	0.2735	0.154	-0.051	0.396	50.74	0.446	0.478	475	504	-0.532143	0.075397	
A/goose/Tainan/17030024-1	0.2836	0.2886	0.3838	0.2792	0.153	-0.054	0.394	51.06	0.451	0.481	475	504	-0.533333	0.075397	
A/goose/Tainan/18010022-1	0.2757	0.2932	0.3969	0.2707	0.154	-0.058	0.392	50.94	0.447	0.479	474	504	-0.537500	0.075397	
A/goose/Tainan/18050014-1	0.2818	0.2868	0.3880	0.2784	0.152	-0.062	0.389	51.64	0.448	0.479	475	504	-0.526786	0.075397	
A/goose/Taiwan/01019/2015	0.2918	0.2818	0.3858	0.2771	0.158	-0.017	0.416	50.76	0.443	0.479	474	504	-0.552976	0.075397	
A/goose/Taiwan/01022/2015	0.2818	0.2893	0.3969	0.2670	0.154	-0.047	0.398	49.76	0.442	0.479	475	504	-0.544246	0.075397	
A/goose/Taiwan/01023/2015	0.2868	0.2843	0.3969	0.2670	0.155	-0.048	0.398	50.11	0.438	0.477	475	504	-0.542659	0.075397	
A/goose/Taiwan/01031/2015	0.2868	0.2843	0.3969	0.2670	0.155	-0.048	0.398	50.11	0.438	0.477	475	504	-0.542659	0.075397	
A/goose/Taiwan/01038/2015	0.3050	0.2700	0.3953	0.2650	0.157	-0.032	0.407	51.06	0.424	0.474	474	504	-0.548016	0.075397	
A/goose/Taiwan/01039/2015	0.2839	0.2864	0.4241	0.2429	0.163	-0.018	0.416	50.42	0.420	0.466	474	504	-0.546032	0.075397	
A/goose/Taiwan/01040/2015	0.2868	0.2843	0.3969	0.2670	0.155	-0.048	0.398	50.11	0.438	0.477	475	504	-0.542659	0.075397	
A/goose/Taiwan/a015/2015|	0.2925	0.2825	0.3885	0.2743	0.160	-0.013	0.418	50.87	0.441	0.478	474	504	-0.542659	0.075397	
A/goose/Taiwan/TNC1/2015|	0.2857	0.2832	0.4259	0.2414	0.162	-0.026	0.412	50.83	0.417	0.468	468	498	-0.560040	0.076305	
A/goose/Taiwan/TNC3/2015|	0.2857	0.2832	0.4233	0.2443	0.162	-0.022	0.415	51.00	0.419	0.469	468	498	-0.560040	0.076305	
A/goose/Taiwan/TNC4/2015|	0.2944	0.2766	0.3926	0.2730	0.158	-0.025	0.412	50.95	0.436	0.479	468	498	-0.568474	0.076305	
A/goose/Taiwan/TNC9/2015|	0.2857	0.2832	0.4233	0.2443	0.162	-0.022	0.415	51.00	0.419	0.469	468	498	-0.560040	0.076305	
A/goose/Taiwan/TNC10/2015	0.2857	0.2832	0.4259	0.2414	0.162	-0.026	0.412	50.83	0.417	0.468	468	498	-0.560040	0.076305	
A/goose/Taiwan/TNC12/2015	0.2857	0.2832	0.4259	0.2414	0.162	-0.026	0.412	50.83	0.417	0.468	468	498	-0.560040	0.076305	
A/goose/Taiwan/TNC14/2015	0.2857	0.2832	0.4259	0.2414	0.162	-0.026	0.412	50.83	0.417	0.468	468	498	-0.560040	0.076305	
A/goose/Taiwan/TNO3/2015|	0.2832	0.2857	0.4271	0.2421	0.162	-0.025	0.412	50.54	0.419	0.467	468	498	-0.560643	0.076305	
A/goose/Taiwan/TNO9/2015|	0.2944	0.2766	0.3926	0.2730	0.158	-0.025	0.412	50.95	0.436	0.479	468	498	-0.568474	0.076305	
A/goose/Taiwan/TNO15/2015	0.2944	0.2766	0.3926	0.2730	0.158	-0.025	0.412	50.95	0.436	0.479	468	498	-0.568474	0.076305	
A/goose/Taiwan/TNO17/2015	0.2857	0.2832	0.4259	0.2414	0.162	-0.026	0.412	50.83	0.417	0.468	468	498	-0.560040	0.076305	
A/goose/Taoyuan/15010041/	0.2839	0.2889	0.4215	0.2429	0.165	-0.016	0.418	50.60	0.422	0.468	474	504	-0.543452	0.075397	
A/goose/Taoyuan/18120002-	0.2900	0.2875	0.3885	0.2730	0.159	-0.022	0.414	50.15	0.443	0.476	474	504	-0.551389	0.075397	
A/goose/Xinjiang/12.18_WL	0.2911	0.2658	0.3947	0.2928	0.150	-0.070	0.386	50.85	0.439	0.475	469	498	-0.579117	0.074297	
A/goose/Xinjiang/12.18_WL	0.2911	0.2658	0.3947	0.2928	0.150	-0.070	0.386	50.85	0.439	0.475	469	498	-0.579117	0.074297	
A/goose/Xinjiang/12.18_WL	0.2900	0.2825	0.4121	0.2514	0.156	-0.022	0.414	50.54	0.424	0.473	474	504	-0.551786	0.075397	
A/goose/Xinjiang/12.18_WL	0.2900	0.2825	0.4121	0.2514	0.156	-0.022	0.414	50.54	0.424	0.473	474	504	-0.551786	0.075397	
A/goose/Xinjiang/12.18_WL	0.2900	0.2825	0.4121	0.2514	0.156	-0.022	0.414	50.54	0.424	0.473	474	504	-0.551786	0.075397	
A/goose/Xinjiang/12.18_WL	0.2900	0.2825	0.4121	0.2514	0.156	-0.022	0.414	50.54	0.424	0.473	474	504	-0.551786	0.075397	
A/goose/Yangzhou/0420/201	0.2792	0.2843	0.4142	0.2571	0.155	-0.034	0.407	51.03	0.431	0.473	469	498	-0.566868	0.076305	
A/goose/Yangzhou/YZ587/20	0.2803	0.2803	0.3936	0.2899	0.151	-0.057	0.394	50.94	0.449	0.479	470	498	-0.573896	0.074297	
A/goose/Yunlin/15010005/2	0.2868	0.2843	0.3969	0.2670	0.155	-0.048	0.398	50.11	0.438	0.477	475	504	-0.542659	0.075397	
A/goose/Yunlin/15010009-1	0.2893	0.2818	0.3969	0.2670	0.154	-0.052	0.396	50.88	0.436	0.476	475	504	-0.542659	0.075397	
A/goose/Yunlin/15010010-2	0.2868	0.2843	0.3969	0.2670	0.155	-0.048	0.398	50.11	0.438	0.477	475	504	-0.542659	0.075397	
A/goose/Yunlin/15010011-1	0.2868	0.2843	0.3969	0.2670	0.155	-0.048	0.398	50.11	0.438	0.477	475	504	-0.542659	0.075397	
A/goose/Yunlin/15040040/2	0.2925	0.2825	0.3885	0.2743	0.160	-0.013	0.418	50.87	0.441	0.478	474	504	-0.542659	0.075397	
A/goose/Yunlin/16020008-4	0.2868	0.2843	0.3995	0.2642	0.154	-0.048	0.398	49.94	0.436	0.476	475	504	-0.542659	0.075397	
A/goose/Yunlin/16020011-1	0.2868	0.2843	0.3995	0.2642	0.155	-0.045	0.400	50.10	0.436	0.476	475	504	-0.542659	0.075397	
A/goose/Yunlin/16040002-2	0.2918	0.2768	0.4073	0.2585	0.156	-0.052	0.396	49.87	0.425	0.473	475	504	-0.542659	0.075397	
A/goose/Yunlin/17100005/2	0.2875	0.2825	0.4016	0.2665	0.153	-0.055	0.395	51.30	0.435	0.474	474	504	-0.541270	0.075397	
A/goose/Yunlin/18030020-2	0.2915	0.2764	0.4047	0.2635	0.157	-0.022	0.414	50.13	0.428	0.476	474	504	-0.561706	0.073413	
A/goose/Yunlin/18030020-3	0.2915	0.2764	0.4047	0.2635	0.157	-0.022	0.414	50.13	0.428	0.476	474	504	-0.561706	0.073413	
A/goose/Yunlin/18040002-3	0.2768	0.2943	0.3838	0.2821	0.156	-0.044	0.400	50.24	0.457	0.482	475	504	-0.532143	0.075397	
A/goose/Yunlin/18040018-2	0.2843	0.2843	0.3864	0.2821	0.152	-0.062	0.389	51.56	0.448	0.479	475	504	-0.532143	0.075397	
A/goose/Yunlin/18090002-3	0.2793	0.2868	0.3916	0.2792	0.149	-0.065	0.387	52.54	0.448	0.478	475	504	-0.523016	0.075397	
A/goose/Yunlin/18090006-1	0.2800	0.2950	0.3901	0.2714	0.159	-0.039	0.403	50.48	0.449	0.479	474	504	-0.536905	0.075397	
A/goose/Yunlin/18110002-3	0.2875	0.2900	0.3848	0.2743	0.164	-0.011	0.420	50.14	0.447	0.479	474	504	-0.546627	0.075397	
A/goose/Yunnan/07.14_DQWC	0.2886	0.2709	0.3824	0.3061	0.151	-0.067	0.388	50.99	0.452	0.478	469	498	-0.571285	0.076305	
A/goose/Yunnan/07.14_DQWC	0.2886	0.2709	0.3850	0.3032	0.151	-0.067	0.388	50.83	0.450	0.477	469	498	-0.571285	0.076305	
A/goose/Zhejiang/77166/20	0.2803	0.2727	0.3973	0.2899	0.151	-0.050	0.397	50.79	0.444	0.479	468	498	-0.557229	0.074297	
A/goose/Zhejiang/77167/20	0.2817	0.2741	0.3973	0.2899	0.153	-0.047	0.400	50.74	0.444	0.478	468	498	-0.578313	0.074297	
A/goose/Zhejiang/77168/20	0.2817	0.2741	0.3973	0.2899	0.153	-0.047	0.400	50.74	0.444	0.478	468	498	-0.578313	0.074297	
A/goose/Zhejiang/112071/2	0.2810	0.2734	0.3910	0.2968	0.156	-0.059	0.392	50.68	0.450	0.481	469	498	-0.574297	0.074297	
A/goose/Zhejiang/112080/2	0.2817	0.2716	0.3989	0.2890	0.152	-0.043	0.402	50.69	0.442	0.477	468	498	-0.572892	0.074297	
A/goose/Zhejiang/727092/2	0.2929	0.2677	0.3850	0.2994	0.153	-0.060	0.392	50.79	0.446	0.478	469	498	-0.570281	0.074297	
A/goose/Zhejiang/727098/2	0.2835	0.2709	0.3856	0.3026	0.154	-0.059	0.392	51.52	0.452	0.482	469	498	-0.574297	0.074297	
A/goose/Zhejiang/727110/2	0.2955	0.2652	0.3850	0.2994	0.153	-0.064	0.390	50.60	0.443	0.477	469	498	-0.570281	0.074297	
A/goose/Zhejiang/925036/2	0.2893	0.2665	0.3973	0.2890	0.152	-0.058	0.393	50.16	0.438	0.476	468	498	-0.578916	0.074297	
A/goose/Zhejiang/925037/2	0.2962	0.2633	0.4147	0.2600	0.152	-0.061	0.391	49.62	0.415	0.471	470	498	-0.556827	0.076305	
A/goose/Zhejiang/925104/2	0.2785	0.2835	0.4110	0.2585	0.154	-0.035	0.406	50.29	0.432	0.477	470	498	-0.551807	0.076305	
A/goose/Zhejiang/925105/2	0.2911	0.2658	0.3947	0.2899	0.152	-0.051	0.397	50.93	0.438	0.475	468	498	-0.572289	0.074297	
A/goose/Zhejiang/925106/2	0.2785	0.2835	0.4099	0.2578	0.154	-0.035	0.406	50.31	0.432	0.477	470	498	-0.546386	0.076305	
A/goose/Zhejiang/925108/2	0.2886	0.2684	0.3947	0.2899	0.153	-0.047	0.400	51.07	0.440	0.476	468	498	-0.572289	0.074297	
A/goose/Zhejiang/1120132/	0.2766	0.2766	0.4000	0.2899	0.153	-0.036	0.406	50.60	0.447	0.478	468	498	-0.578313	0.074297	
A/goose/Zhejiang/S1266/20	0.2929	0.2727	0.3984	0.2722	0.151	-0.060	0.391	52.22	0.432	0.476	470	498	-0.550402	0.076305	
A/Great_black-headed_Gull	0.2774	0.2824	0.3920	0.2911	0.160	-0.047	0.400	50.49	0.453	0.482	468	498	-0.565060	0.074297	
A/Great_Black-headed_Gull	0.2957	0.2857	0.3947	0.2600	0.161	0.001	0.427	50.76	0.433	0.476	473	504	-0.566667	0.075397	
A/Great_black-headed_Gull	0.2774	0.2824	0.3920	0.2911	0.160	-0.047	0.400	50.34	0.453	0.482	468	498	-0.573293	0.074297	
A/Great_Cormorant/Hubei/c	0.3056	0.2525	0.3590	0.3275	0.146	-0.078	0.382	50.67	0.454	0.479	469	498	-0.563052	0.076305	
A/Great_Cormorant/Hubei/c	0.3005	0.2551	0.3644	0.3246	0.144	-0.089	0.375	50.45	0.454	0.479	469	498	-0.570482	0.076305	
A/Great_Cormorant/Hubei/c	0.3005	0.2551	0.3644	0.3246	0.144	-0.089	0.375	50.45	0.454	0.479	469	498	-0.570482	0.076305	
A/Great_Cormorant/Hubei/c	0.3048	0.2519	0.3634	0.3246	0.145	-0.082	0.379	50.48	0.451	0.477	470	498	-0.565261	0.076305	
A/Great_Cormorant/Hubei/V	0.3040	0.2538	0.3617	0.3256	0.145	-0.078	0.381	50.57	0.453	0.478	470	498	-0.564659	0.076305	
A/Great_Cormorant/Hubei/V	0.3015	0.2538	0.3660	0.3217	0.144	-0.078	0.381	50.63	0.451	0.478	470	498	-0.566466	0.076305	
A/Great_Cormorant/Hubei/V	0.3040	0.2487	0.3607	0.3304	0.143	-0.081	0.379	50.37	0.453	0.479	470	498	-0.566466	0.076305	
A/Great_Cormorant/Qinghai	0.2975	0.2825	0.3990	0.2615	0.157	-0.009	0.421	50.51	0.429	0.470	475	504	-0.555159	0.075397	
A/Great_Cormorant/Qinghai	0.2975	0.2825	0.4000	0.2586	0.157	-0.011	0.420	50.37	0.428	0.472	474	504	-0.561508	0.075397	
A/Great_Cormorant/Qinghai	0.2957	0.2832	0.3963	0.2636	0.157	-0.011	0.420	50.62	0.432	0.473	474	504	-0.562302	0.075397	
A/Great_Crested_Grebe/Qin	0.2982	0.2782	0.4105	0.2493	0.154	-0.036	0.406	51.34	0.419	0.468	473	504	-0.562103	0.075397	
A/grebe/Ningxia/SD001/202	0.2886	0.2785	0.3947	0.2779	0.151	-0.052	0.397	53.09	0.439	0.477	471	498	-0.571285	0.076305	
A/grebe/Shaanxi/SD001/202	0.2879	0.2778	0.3937	0.2771	0.151	-0.055	0.395	52.96	0.439	0.478	471	498	-0.555221	0.076305	
A/grebe/Shandong/SC184/20	0.2904	0.2727	0.4011	0.2722	0.151	-0.053	0.396	52.05	0.432	0.476	470	498	-0.550402	0.076305	
A/green-winged_teal/Guang	0.2879	0.2778	0.3984	0.2722	0.151	-0.057	0.394	52.73	0.436	0.477	470	498	-0.550402	0.076305	
A/Guangdong/1/2006|EPI_IS	0.2987	0.2582	0.3952	0.2874	0.153	-0.066	0.388	50.17	0.431	0.473	469	498	-0.570080	0.076305	
A/Guangdong/1/2008|EPI_IS	0.2886	0.2658	0.3936	0.2939	0.151	-0.059	0.392	48.78	0.441	0.477	469	498	-0.575502	0.076305	
A/Guangdong/2/2006|EPI_IS	0.2929	0.2601	0.3856	0.3017	0.152	-0.066	0.388	50.74	0.443	0.480	469	498	-0.582329	0.076305	
A/Guangdong/18SF020/2018-	0.2987	0.2633	0.3787	0.3035	0.149	-0.074	0.384	52.04	0.446	0.479	469	498	-0.575100	0.076305	
A/Guangdong/12903/2021|EP	0.2807	0.2857	0.4079	0.2629	0.157	-0.035	0.406	49.29	0.436	0.476	473	504	-0.556944	0.075397	
A/Guangdong/lgf/2021|EPI_	0.2832	0.2806	0.4133	0.2594	0.155	-0.045	0.401	49.36	0.429	0.476	466	498	-0.566466	0.078313	
A/Guangxi/1/2005|EPI_ISL_	0.2904	0.2652	0.3979	0.2845	0.153	-0.047	0.399	49.24	0.435	0.476	469	498	-0.583936	0.074297	
A/Guangxi/1/2005|EPI_ISL_	0.2904	0.2626	0.3856	0.3026	0.153	-0.062	0.390	50.80	0.446	0.480	469	498	-0.571687	0.076305	
A/Guangxi/1/2008|EPI_ISL_	0.2980	0.2525	0.3803	0.3121	0.151	-0.070	0.386	50.46	0.443	0.478	469	498	-0.571084	0.076305	
A/Guangxi/32797/2018|EPI_	0.2937	0.2684	0.3947	0.2870	0.154	-0.059	0.392	50.30	0.437	0.476	469	498	-0.574498	0.076305	
A/Guangxi/55726/2016|EPI_	0.2911	0.2734	0.3867	0.2928	0.153	-0.064	0.390	51.28	0.446	0.479	469	498	-0.577510	0.074297	
A/Guangzhou/39715/2014|EP	0.2911	0.2709	0.3867	0.2957	0.151	-0.063	0.390	50.49	0.446	0.477	469	498	-0.584337	0.074297	
A/Guizhou/1/2009|EPI_ISL_	0.3013	0.2532	0.3877	0.3052	0.156	-0.042	0.403	49.10	0.437	0.474	469	498	-0.559839	0.078313	
A/GX-guilin/11151/2021|EP	0.2843	0.2793	0.3799	0.3026	0.158	-0.056	0.394	51.38	0.457	0.481	475	504	-0.556548	0.073413	
A/GX-hechi/01/2021|EPI_IS	0.2911	0.2658	0.3714	0.3132	0.153	-0.055	0.394	52.41	0.456	0.484	469	498	-0.568273	0.074297	
A/Hangzhou/01/2021|EPI_IS	0.2861	0.2709	0.3830	0.3035	0.151	-0.078	0.382	51.47	0.452	0.481	469	498	-0.570080	0.076305	
A/HeFei04171/2024|EPI_ISL	0.2950	0.2800	0.3990	0.2629	0.160	0.007	0.430	50.62	0.430	0.476	474	504	-0.561706	0.075397	
A/heron/Kaohsiung/15WB328	0.2893	0.2793	0.4068	0.2629	0.159	-0.020	0.415	50.24	0.429	0.474	475	504	-0.562302	0.075397	
A/heron/Taiwan/17DB0001/2	0.2793	0.2918	0.3864	0.2792	0.156	-0.044	0.400	50.70	0.453	0.481	475	504	-0.532143	0.075397	
A/Herring_Gull/Hubei/CH-i	0.2975	0.2825	0.4000	0.2586	0.157	-0.007	0.422	50.52	0.428	0.472	474	504	-0.561508	0.075397	
A/hill_myna/Heilongjiang/	0.2810	0.2785	0.3830	0.2997	0.157	-0.048	0.399	50.64	0.456	0.483	469	498	-0.574297	0.074297	
A/Hong_Kong/5923/2012|EPI	0.2810	0.2810	0.3930	0.2870	0.156	-0.043	0.402	49.74	0.449	0.480	468	498	-0.583936	0.074297	
A/Hubei/29578/2016_x_PR8_	0.3071	0.2868	0.4048	0.2464	0.154	-0.057	0.395	51.62	0.421	0.464	473	504	-0.565278	0.077381	
A/Hubei/29578/2016|EPI_IS	0.2709	0.2709	0.4335	0.2651	0.152	-0.064	0.390	51.30	0.424	0.471	469	498	-0.573293	0.074297	
A/Hunan/1/2006|EPI_ISL_79	0.2929	0.2626	0.3767	0.3075	0.155	-0.062	0.390	51.07	0.450	0.482	469	498	-0.565462	0.076305	
A/Hunan/1/2008|EPI_ISL_73	0.2843	0.2716	0.3936	0.2931	0.154	-0.055	0.394	49.76	0.446	0.477	469	498	-0.574899	0.076305	
A/Hunan/2/2009|EPI_ISL_79	0.3038	0.2506	0.3893	0.2997	0.155	-0.052	0.397	50.88	0.433	0.475	469	498	-0.573092	0.078313	
A/Japanese_white-eye/Taoy	0.2861	0.2734	0.3830	0.2997	0.156	-0.054	0.394	50.42	0.452	0.483	469	498	-0.575904	0.074297	
A/Jiangsu/1/2007|EPI_ISL_	0.2937	0.2633	0.3936	0.2911	0.150	-0.066	0.388	49.43	0.437	0.475	469	498	-0.575502	0.076305	
A/Jiangsu/1/2018|EPI_ISL_	0.2962	0.2658	0.3840	0.2986	0.152	-0.074	0.384	50.97	0.443	0.479	469	498	-0.578313	0.074297	
A/Jiangsu/1/2018|EPI_ISL_	0.2962	0.2658	0.3840	0.2986	0.152	-0.074	0.384	50.97	0.443	0.479	469	498	-0.578313	0.074297	
A/Jiangsu/1/2020_(H5N6)|E	0.2886	0.2709	0.3947	0.2890	0.152	-0.077	0.382	51.35	0.441	0.479	469	498	-0.573896	0.074297	
A/Jiangsu/1/2020(H5N6)|EP	0.2886	0.2709	0.3947	0.2890	0.152	-0.077	0.382	51.35	0.441	0.479	469	498	-0.573896	0.074297	
A/Jiangsu/2/2007|EPI_ISL_	0.2937	0.2633	0.3936	0.2911	0.150	-0.066	0.388	49.43	0.437	0.475	469	498	-0.575502	0.076305	
A/Jiangsu/JSSZ01/2018|EPI	0.2962	0.2658	0.3840	0.2986	0.152	-0.074	0.384	50.97	0.443	0.479	469	498	-0.578313	0.074297	
A/Jiangxi/1/2005|EPI_ISL_	0.2955	0.2576	0.3873	0.3035	0.154	-0.068	0.387	50.83	0.440	0.477	470	498	-0.552008	0.078313	
A/Jiangxi/16791/2022|EPI_	0.2793	0.2818	0.3773	0.3084	0.158	-0.056	0.394	51.78	0.463	0.483	475	504	-0.556548	0.073413	
A/lesser_kestrel/Heilongj	0.2962	0.2608	0.3862	0.2943	0.153	-0.057	0.392	50.55	0.439	0.476	469	498	-0.552209	0.078313	
A/lion/Hubei/1-2/2016|EPI	0.2980	0.2601	0.3670	0.3188	0.148	-0.070	0.386	50.47	0.454	0.479	469	498	-0.570482	0.076305	
A/Luscinia_cyane/Jiangxi/	0.2775	0.2925	0.4125	0.2528	0.162	-0.020	0.415	50.11	0.434	0.472	475	504	-0.545437	0.075397	
A/mallard_duck/Shanghai/S	0.2792	0.2868	0.4132	0.2536	0.159	-0.026	0.412	50.43	0.431	0.475	469	498	-0.551606	0.076305	
A/mallard/Heilongjiang/HL	0.2929	0.2626	0.3750	0.3112	0.149	-0.058	0.392	51.20	0.452	0.481	469	498	-0.571687	0.076305	
A/Mallard/Jiangxi/JXH9/20	0.2875	0.2697	0.3963	0.2882	0.152	-0.050	0.397	50.76	0.440	0.478	468	498	-0.591366	0.074297	
A/Mallard/Jiangxi/JXH22/2	0.2875	0.2697	0.3910	0.2948	0.154	-0.043	0.402	50.26	0.444	0.477	468	498	-0.578313	0.074297	
A/mallard/Ningxia/175/202	0.2879	0.2778	0.3879	0.2829	0.154	-0.037	0.404	52.22	0.445	0.481	470	498	-0.560040	0.076305	
A/mallard/Ningxia/176/202	0.2879	0.2778	0.3879	0.2829	0.154	-0.037	0.404	52.22	0.445	0.481	470	498	-0.560040	0.076305	
A/mallard/Ningxia/239/202	0.2879	0.2753	0.3931	0.2800	0.154	-0.033	0.406	52.61	0.440	0.479	470	498	-0.564458	0.076305	
A/mallard/Ningxia/241/202	0.2879	0.2778	0.3905	0.2800	0.154	-0.033	0.406	52.20	0.443	0.481	470	498	-0.560040	0.076305	
A/mallard/Ningxia/247/202	0.2879	0.2778	0.3905	0.2800	0.154	-0.033	0.406	52.20	0.443	0.481	470	498	-0.560040	0.076305	
A/mallard/Ningxia/249/202	0.2904	0.2753	0.3931	0.2764	0.155	-0.040	0.402	52.41	0.438	0.480	470	498	-0.560642	0.076305	
A/mandarin_duck/Heilongji	0.2970	0.2741	0.3926	0.2738	0.156	-0.051	0.397	51.72	0.434	0.477	468	498	-0.575301	0.076305	
A/mandarin_duck/Henan/426	0.3013	0.2633	0.3862	0.2865	0.154	-0.048	0.399	53.53	0.435	0.478	469	498	-0.567671	0.074297	
A/meerkat/Shanghai/SH-1/2	0.2828	0.2778	0.3873	0.2931	0.157	-0.049	0.398	50.86	0.451	0.482	470	498	-0.579518	0.074297	
A/migratory_waterfowl/Hub	0.2817	0.2716	0.4000	0.2899	0.155	-0.036	0.406	50.60	0.442	0.477	468	498	-0.578313	0.074297	
A/migratory_waterfowl/Hub	0.2817	0.2716	0.4000	0.2899	0.155	-0.036	0.406	50.60	0.442	0.477	468	498	-0.578313	0.074297	
A/mink/China/181/2019|EPI	0.2962	0.2658	0.3920	0.2890	0.153	-0.066	0.388	50.78	0.437	0.477	469	498	-0.578916	0.074297	
A/mink/China/183/2019|EPI	0.2937	0.2684	0.3920	0.2899	0.153	-0.063	0.390	50.82	0.439	0.477	469	498	-0.578313	0.074297	
A/mink/China/191/2019|EPI	0.2937	0.2684	0.3947	0.2870	0.153	-0.063	0.390	50.77	0.437	0.477	469	498	-0.578313	0.074297	
A/mink/China/456/2018|EPI	0.2937	0.2684	0.3813	0.3014	0.152	-0.070	0.386	51.50	0.448	0.480	469	498	-0.578313	0.074297	
A/mink/China/G/2015|EPI_I	0.2785	0.2810	0.3830	0.2997	0.159	-0.037	0.405	50.10	0.458	0.483	469	498	-0.579317	0.074297	
A/mink/China/XB/2015|EPI_	0.3005	0.2551	0.3697	0.3188	0.143	-0.081	0.380	50.88	0.450	0.477	469	498	-0.570482	0.076305	
A/mink/Eastern_China/006/	0.2792	0.2843	0.3957	0.2841	0.148	-0.069	0.387	51.93	0.449	0.479	468	498	-0.584337	0.074297	
A/mink/Eastern_China/149/	0.2843	0.2766	0.3813	0.3043	0.149	-0.067	0.388	52.48	0.456	0.481	469	498	-0.582129	0.074297	
A/mink/Eastern_China/528/	0.2817	0.2817	0.3957	0.2841	0.148	-0.069	0.387	51.87	0.447	0.478	468	498	-0.584337	0.074297	
A/mink/Eastern_China/571/	0.2937	0.2684	0.3867	0.2957	0.153	-0.070	0.386	50.91	0.443	0.479	469	498	-0.578313	0.074297	
A/mink/Eastern_China/0712	0.3061	0.2500	0.4748	0.2098	0.149	-0.100	0.370	50.62	0.364	0.451	470	498	-0.576104	0.072289	
A/mink/Northern_China/110	0.2861	0.2810	0.3750	0.3014	0.147	-0.082	0.380	51.58	0.458	0.482	469	498	-0.572289	0.074297	
A/Muscovy_duck/China/FJFZ	0.3030	0.2626	0.3840	0.2928	0.150	-0.074	0.384	52.68	0.437	0.477	469	498	-0.568675	0.076305	
A/Muscovy_duck/China/H5N6	0.3030	0.2626	0.3840	0.2928	0.150	-0.074	0.384	52.68	0.437	0.477	469	498	-0.568675	0.076305	
A/muscovy/duck/Hunan/85/2	0.2911	0.2684	0.3867	0.2986	0.146	-0.078	0.382	51.54	0.446	0.477	469	498	-0.579117	0.074297	
A/muscovy/duck/Hunan/88/2	0.2886	0.2709	0.3867	0.2986	0.147	-0.074	0.384	51.39	0.448	0.477	469	498	-0.579117	0.074297	
A/muscovy/duck/Hunan/89/2	0.2886	0.2709	0.3840	0.3014	0.147	-0.074	0.384	51.42	0.450	0.478	469	498	-0.579117	0.074297	
A/muscovy/duck/Hunan/90/2	0.2886	0.2709	0.3867	0.2994	0.148	-0.071	0.386	51.47	0.448	0.477	469	498	-0.577711	0.074297	
A/muscovy/duck/Hunan/93/2	0.2886	0.2709	0.3867	0.2986	0.147	-0.074	0.384	51.39	0.448	0.477	469	498	-0.579117	0.074297	
A/muscovy/duck/Hunan/94/2	0.2868	0.2716	0.3820	0.2997	0.146	-0.071	0.385	51.02	0.451	0.479	468	498	-0.556225	0.072289	
A/muscovy/duck/Hunan/101/	0.2937	0.2658	0.3856	0.2968	0.153	-0.058	0.392	49.85	0.443	0.477	469	498	-0.565663	0.076305	
A/muscovy/duck/Hunan/102/	0.2937	0.2658	0.3856	0.2968	0.153	-0.058	0.392	49.85	0.443	0.477	469	498	-0.565663	0.076305	
A/muscovy/duck/Hunan/103/	0.2911	0.2684	0.3856	0.2968	0.153	-0.054	0.394	49.16	0.446	0.478	469	498	-0.565663	0.076305	
A/muscovy/duck/Hunan/104/	0.2937	0.2658	0.3856	0.2968	0.153	-0.058	0.392	49.85	0.443	0.477	469	498	-0.565663	0.076305	
A/muscovy/duck/Hunan/125/	0.2919	0.2665	0.3893	0.2948	0.150	-0.072	0.385	50.18	0.442	0.477	468	498	-0.574096	0.074297	
A/muscovy/duck/Hunan/147/	0.2893	0.2690	0.3840	0.3006	0.151	-0.068	0.387	50.35	0.449	0.479	468	498	-0.574096	0.074297	
A/muscovy/duck/Hunan/148/	0.2868	0.2716	0.3840	0.3006	0.151	-0.065	0.389	50.01	0.451	0.480	468	498	-0.574096	0.074297	
A/muscovy/duck/Hunan/167/	0.2962	0.2633	0.3856	0.2968	0.153	-0.058	0.392	49.72	0.441	0.477	469	498	-0.565663	0.076305	
A/muscovy/duck/Hunan/183/	0.2962	0.2633	0.3867	0.2986	0.149	-0.074	0.384	50.82	0.441	0.476	469	498	-0.579117	0.074297	
A/muscovy/duck/Hunan/216/	0.2937	0.2658	0.3856	0.2968	0.153	-0.058	0.392	49.85	0.443	0.477	469	498	-0.565663	0.076305	
A/muscovy/duck/Hunan/229/	0.2937	0.2658	0.3856	0.2968	0.153	-0.058	0.392	49.85	0.443	0.477	469	498	-0.565663	0.076305	
A/muscovy/duck/Hunan/232/	0.2893	0.2716	0.3840	0.3014	0.150	-0.071	0.386	51.05	0.450	0.478	469	498	-0.577912	0.074297	
A/muscovy/duck/Hunan/HN34	0.2886	0.2759	0.3813	0.2986	0.153	-0.052	0.397	51.02	0.452	0.480	469	498	-0.579117	0.074297	
A/muscovy/duck/Hunan/HN34	0.2886	0.2759	0.3813	0.2986	0.153	-0.052	0.397	51.02	0.452	0.480	469	498	-0.579117	0.074297	
A/muscovy/duck/Hunan/HN34	0.2835	0.2785	0.3867	0.2957	0.154	-0.052	0.397	50.93	0.452	0.480	469	498	-0.579117	0.074297	
A/muscovy/duck/Hunan/HN34	0.2886	0.2759	0.3813	0.2986	0.153	-0.052	0.397	51.02	0.452	0.480	469	498	-0.579117	0.074297	
A/muscovy/duck/Hunan/HN35	0.2886	0.2759	0.3813	0.2986	0.153	-0.052	0.397	51.02	0.452	0.480	469	498	-0.579117	0.074297	
A/muscovy/duck/Hunan/HN35	0.2835	0.2785	0.3867	0.2957	0.154	-0.052	0.397	50.93	0.452	0.480	469	498	-0.579117	0.074297	
A/muscovy/duck/Hunan/HN35	0.2886	0.2759	0.3813	0.2986	0.153	-0.052	0.397	51.02	0.452	0.480	469	498	-0.579117	0.074297	
A/muscovy/duck/Hunan/HN35	0.2835	0.2785	0.3867	0.2957	0.154	-0.052	0.397	50.93	0.452	0.480	469	498	-0.579117	0.074297	
A/muscovy/duck/Hunan/HN35	0.2835	0.2785	0.3840	0.2986	0.154	-0.052	0.397	51.07	0.454	0.481	469	498	-0.579117	0.074297	
A/muscovy/duck/Hunan/HN35	0.2886	0.2759	0.3787	0.3014	0.153	-0.052	0.397	51.06	0.454	0.481	469	498	-0.579117	0.074297	
A/muscovy/duck/Hunan/HN35	0.2835	0.2785	0.3867	0.2957	0.154	-0.052	0.397	50.93	0.452	0.480	469	498	-0.579117	0.074297	
A/muscovy/duck/Hunan/HN35	0.2835	0.2785	0.3840	0.2986	0.154	-0.052	0.397	51.07	0.454	0.481	469	498	-0.579117	0.074297	
A/muscovy/duck/Hunan/HN36	0.2835	0.2785	0.3867	0.2957	0.154	-0.052	0.397	50.93	0.452	0.480	469	498	-0.579117	0.074297	
A/muscovy/duck/Hunan/HN36	0.2886	0.2759	0.3813	0.2986	0.153	-0.052	0.397	51.02	0.452	0.480	469	498	-0.579117	0.074297	
A/muscovy/duck/Hunan/HN36	0.2835	0.2785	0.3840	0.2986	0.154	-0.052	0.397	51.07	0.454	0.481	469	498	-0.579117	0.074297	
A/muscovy/duck/Hunan/HN36	0.2835	0.2785	0.3840	0.2986	0.154	-0.052	0.397	51.07	0.454	0.481	469	498	-0.579117	0.074297	
A/muscovy/duck/Hunan/HN36	0.2835	0.2785	0.3840	0.2986	0.154	-0.052	0.397	51.07	0.454	0.481	469	498	-0.579117	0.074297	
A/mute_swan/Inner_Mongoli	0.2879	0.2778	0.3984	0.2722	0.152	-0.049	0.398	53.06	0.436	0.477	470	498	-0.550402	0.076305	
A/mute_swan/Shandong/1/20	0.2861	0.2785	0.4021	0.2701	0.151	-0.052	0.397	53.24	0.435	0.477	469	498	-0.555020	0.076305	
A/Nanjing/1/2015|EPI_ISL_	0.3030	0.2525	0.3670	0.3217	0.145	-0.077	0.382	50.50	0.450	0.477	469	498	-0.570482	0.076305	
A/Northern_Pintail/HK/MP6	0.2835	0.2785	0.3750	0.3064	0.151	-0.058	0.392	52.34	0.461	0.485	469	498	-0.568072	0.074297	
A/oriental_magpie_robin/H	0.3067	0.2519	0.4048	0.2795	0.152	-0.068	0.386	50.86	0.418	0.467	474	504	-0.564683	0.073413	
A/ostrich/Suzhou/097/2003	0.2904	0.2601	0.3910	0.2997	0.152	-0.073	0.384	51.09	0.441	0.479	469	498	-0.571687	0.076305	
A/parrot/Guangdong/258/20	0.2793	0.2968	0.3780	0.2857	0.163	-0.007	0.421	49.79	0.461	0.483	475	504	-0.554365	0.075397	
A/parrot/Guangdong/C99/20	0.2854	0.2677	0.3910	0.2968	0.155	-0.054	0.394	51.03	0.446	0.480	469	498	-0.571687	0.076305	
A/Pavo_cristatus/China/JS	0.2861	0.2734	0.3830	0.3014	0.147	-0.066	0.388	51.40	0.452	0.481	469	498	-0.575703	0.072289	
A/Pavo_cristatus/China/K1	0.2861	0.2734	0.3830	0.3014	0.147	-0.066	0.388	51.40	0.452	0.481	469	498	-0.575703	0.072289	
A/Pavo_cristatus/Jiangxi/	0.2879	0.2702	0.3883	0.2977	0.151	-0.071	0.385	50.97	0.447	0.480	470	498	-0.573695	0.074297	
A/peacock/Yunnan/1/2015|E	0.3133	0.2431	0.3656	0.3178	0.146	-0.076	0.377	51.57	0.441	0.477	467	498	-0.564458	0.078313	
A/peacock/Yunnan/3/2015|E	0.3058	0.2506	0.3666	0.3206	0.146	-0.070	0.381	51.05	0.448	0.477	467	498	-0.561847	0.078313	
A/Peregrine_Falcon/Hong_K	0.2836	0.2861	0.3995	0.2678	0.154	-0.039	0.403	52.57	0.439	0.477	476	504	-0.533928	0.075397	
A/Phalacrocorax/Hubei/01.	0.3048	0.2519	0.3634	0.3246	0.145	-0.082	0.379	50.48	0.451	0.477	470	498	-0.565261	0.076305	
A/Phalacrocorax/Hubei/01.	0.3048	0.2519	0.3634	0.3246	0.145	-0.082	0.379	50.48	0.451	0.477	470	498	-0.565261	0.076305	
A/pheasant/Hebei/B02/2021	0.2929	0.2727	0.3984	0.2722	0.150	-0.060	0.391	52.27	0.432	0.476	470	498	-0.550402	0.076305	
A/pigeon/Fujian/1.17_FZHX	0.2868	0.2640	0.4000	0.2902	0.157	-0.043	0.402	51.31	0.438	0.478	468	498	-0.589960	0.074297	
A/pigeon/Guangdong/04.15_	0.2861	0.2759	0.3840	0.2986	0.152	-0.055	0.394	51.39	0.452	0.481	469	498	-0.578313	0.074297	
A/pigeon/Guangdong/04.16_	0.2886	0.2684	0.3867	0.3006	0.152	-0.063	0.390	50.90	0.448	0.480	469	498	-0.597189	0.074297	
A/pigeon/Guangdong/04.23_	0.2911	0.2684	0.3840	0.3014	0.152	-0.063	0.390	51.17	0.448	0.479	469	498	-0.578313	0.074297	
A/pigeon/Hainan/1.14_HKPL	0.2962	0.2658	0.3840	0.2986	0.152	-0.074	0.384	51.04	0.443	0.479	469	498	-0.578313	0.074297	
A/pigeon/Hubei/RP25/2012|	0.2835	0.2709	0.3989	0.2874	0.157	-0.044	0.401	49.78	0.441	0.475	469	498	-0.594177	0.076305	
A/Pigeon/Hunan/04.14_YYXS	0.2843	0.2743	0.3947	0.2902	0.157	-0.036	0.406	50.73	0.444	0.476	475	504	-0.581349	0.073413	
A/pigeon/Jiangsu/12.22_TC	0.2835	0.2734	0.3883	0.2968	0.156	-0.055	0.394	50.88	0.450	0.481	469	498	-0.574297	0.074297	
A/Pigeon/Jiangxi/02.10__N	0.2854	0.2727	0.3936	0.2928	0.150	-0.057	0.394	51.29	0.445	0.477	470	498	-0.579117	0.074297	
A/Pigeon/Jiangxi/04.01__N	0.3063	0.2430	0.4267	0.2630	0.150	-0.069	0.387	50.89	0.400	0.465	468	498	-0.580723	0.074297	
A/pigeon/Jiangxi/S40784/2	0.2962	0.2734	0.3915	0.2759	0.156	-0.037	0.405	51.65	0.435	0.478	469	498	-0.563253	0.076305	
A/pigeon/Jilin/04.25_CCHL	0.2911	0.2658	0.3840	0.3043	0.152	-0.067	0.388	50.39	0.448	0.479	469	498	-0.579117	0.074297	
A/pigeon/Jilin/04.25_CCHL	0.2810	0.2759	0.3856	0.2997	0.156	-0.051	0.397	50.84	0.454	0.483	469	498	-0.573494	0.074297	
A/pigeon/Jilin/S4176/2019	0.2911	0.2709	0.3910	0.2882	0.151	-0.058	0.392	51.49	0.441	0.478	469	498	-0.586948	0.074297	
A/Pigeon/Shandong/WS17/20	0.2861	0.2734	0.4011	0.2857	0.153	-0.070	0.386	51.27	0.439	0.477	469	498	-0.558835	0.076305	
A/pigeon/Sichuan/04.27_NB	0.2792	0.2716	0.3973	0.2957	0.155	-0.036	0.406	50.21	0.447	0.479	468	498	-0.577510	0.074297	
A/pigeon/Sichuan/NCXN29/2	0.2843	0.2766	0.3904	0.2928	0.153	-0.051	0.397	50.86	0.449	0.480	468	498	-0.584337	0.074297	
A/pigeon/Zhejiang/112089/	0.2810	0.2759	0.3910	0.2939	0.157	-0.048	0.399	50.84	0.450	0.481	469	498	-0.574297	0.074297	
A/pigeon/Zhejiang/112090/	0.2810	0.2759	0.3910	0.2939	0.155	-0.059	0.392	50.87	0.450	0.481	469	498	-0.574297	0.074297	
A/pigeon/Zhejiang/727097/	0.2835	0.2709	0.3856	0.3026	0.154	-0.059	0.392	51.52	0.452	0.482	469	498	-0.574297	0.074297	
A/plateau_pika/Qinghai/04	0.3033	0.2556	0.4184	0.2615	0.156	-0.040	0.404	49.88	0.408	0.466	473	504	-0.554960	0.075397	
A/Quail/Guangxi/GX-2/2017	0.2839	0.2634	0.3852	0.3017	0.142	-0.078	0.378	53.22	0.447	0.482	465	495	-0.545455	0.066667	
A/quail/Jiangsu/k0104/201	0.2782	0.2757	0.4392	0.2514	0.161	-0.045	0.401	50.10	0.416	0.463	474	504	-0.546032	0.079365	
A/quail/Jiangxi/B9/2015_(	0.2817	0.2843	0.4142	0.2543	0.160	-0.027	0.412	50.64	0.429	0.473	469	498	-0.554418	0.076305	
A/quail/Nanchang/6631/201	0.2843	0.2716	0.3920	0.2948	0.152	-0.051	0.397	50.60	0.447	0.480	468	498	-0.578916	0.074297	
A/Quail/Zhanjiang/16887/2	0.2937	0.2684	0.3813	0.3006	0.151	-0.066	0.388	50.61	0.448	0.478	469	498	-0.576707	0.076305	
A/Quanzhou/2/2024|EPI_ISL	0.2850	0.2799	0.4187	0.2551	0.153	-0.028	0.411	49.38	0.424	0.473	467	498	-0.577912	0.076305	
A/Shandong/1/2009|EPI_ISL	0.2861	0.2709	0.3910	0.2923	0.153	-0.058	0.392	49.85	0.446	0.479	469	498	-0.582530	0.076305	
A/Shenzhen/1/2015|EPI_ISL	0.3114	0.2430	0.4091	0.2783	0.148	-0.082	0.378	51.04	0.410	0.467	468	498	-0.581526	0.074297	
A/Shenzhen/1/2016|EPI_ISL	0.3063	0.2481	0.4064	0.2812	0.149	-0.071	0.385	50.61	0.417	0.469	468	498	-0.581526	0.074297	
A/Shenzhen/TH001/2015_(H5	0.3092	0.2494	0.4048	0.2795	0.151	-0.072	0.384	50.96	0.416	0.466	474	504	-0.564683	0.073413	
A/Shenzhen/TH003/2016(H5N	0.2771	0.2645	0.4127	0.2845	0.149	-0.061	0.391	51.28	0.434	0.477	470	498	-0.569478	0.074297	
A/Shoveller/Ningxia/488-5	0.2886	0.2684	0.3893	0.2986	0.149	-0.068	0.388	51.32	0.446	0.478	469	498	-0.583936	0.074297	
A/Sichuan/1/2006|EPI_ISL_	0.2962	0.2582	0.3989	0.2882	0.153	-0.051	0.397	49.74	0.431	0.473	469	498	-0.576305	0.076305	
A/Sichuan/2/2006|EPI_ISL_	0.2911	0.2633	0.3963	0.2911	0.154	-0.048	0.399	49.71	0.437	0.477	469	498	-0.570482	0.076305	
A/Sichuan/26221/2014|EPI_	0.2766	0.2741	0.3973	0.2957	0.155	-0.036	0.406	50.30	0.449	0.480	468	498	-0.577510	0.074297	
A/silkie_chicken/Dongguan	0.2868	0.2716	0.3920	0.2919	0.151	-0.062	0.391	50.51	0.444	0.478	468	498	-0.578916	0.074297	
A/Spatula_querquedula/Cho	0.2861	0.2836	0.4031	0.2650	0.154	-0.024	0.412	51.21	0.435	0.475	476	504	-0.540476	0.073413	
A/Spoonbill/HK/17-18259/2	0.2893	0.2817	0.3995	0.2665	0.157	-0.045	0.401	51.19	0.435	0.477	469	498	-0.567470	0.078313	
A/spoonbill/Taiwan/DB645/	0.2893	0.2868	0.3911	0.2707	0.159	-0.038	0.404	51.69	0.442	0.478	475	504	-0.550595	0.077381	
A/spot_billed_duck/Ningxi	0.2937	0.2810	0.3836	0.2779	0.157	-0.037	0.405	51.42	0.443	0.480	469	498	-0.563855	0.076305	
A/spot-billed_duck/Ningxi	0.2911	0.2810	0.3889	0.2751	0.156	-0.040	0.403	51.59	0.441	0.479	469	498	-0.563855	0.076305	
A/Streptopelia_decaocto/J	0.2875	0.2697	0.3883	0.2968	0.153	-0.039	0.404	50.91	0.447	0.479	468	498	-0.578916	0.074297	
A/Streptopelia_decaocto/J	0.2901	0.2672	0.3893	0.2986	0.153	-0.040	0.404	50.33	0.444	0.477	468	498	-0.584538	0.074297	
A/Streptopelia_decaocto/J	0.2875	0.2697	0.3856	0.2997	0.153	-0.039	0.404	51.17	0.449	0.479	468	498	-0.578916	0.074297	
A/swan_goose/Jilin/JL01/2	0.3130	0.2417	0.4032	0.2938	0.137	-0.093	0.370	49.70	0.415	0.458	467	498	-0.484337	0.078313	
A/swan/China/ST/2016|EPI_	0.2977	0.2799	0.4016	0.2550	0.157	-0.016	0.418	50.73	0.426	0.476	467	498	-0.583133	0.074297	
A/swan/Hebei/B01/2021|EPI	0.2879	0.2778	0.4032	0.2709	0.151	-0.049	0.398	52.90	0.434	0.475	470	498	-0.561245	0.076305	
A/swan/Shandong/W3762/202	0.3013	0.2684	0.3915	0.2751	0.154	-0.040	0.403	51.61	0.431	0.476	469	498	-0.563855	0.076305	
A/swine/China/RZ/2018|EPI	0.2955	0.2652	0.3830	0.3006	0.151	-0.074	0.383	51.26	0.445	0.479	470	498	-0.574498	0.074297	
A/swine/Guangdong/1/2014|	0.2911	0.2684	0.3867	0.2986	0.150	-0.067	0.388	50.66	0.446	0.478	469	498	-0.579117	0.074297	
A/swine/Guangdong/2/2014|	0.2911	0.2684	0.3947	0.2899	0.151	-0.067	0.388	50.33	0.439	0.476	469	498	-0.579117	0.074297	
A/swine/Guangdong/G3/2015	0.2850	0.2723	0.4011	0.2849	0.156	-0.038	0.405	50.38	0.439	0.476	467	498	-0.579317	0.076305	
A/swine/Shandong/SD1/2014	0.2915	0.2739	0.4042	0.2686	0.155	-0.047	0.400	50.65	0.429	0.472	473	504	-0.560714	0.075397	
A/Syrrhaptes_paradoxus/Gu	0.2861	0.2759	0.3867	0.2957	0.151	-0.059	0.392	51.08	0.450	0.480	469	498	-0.579117	0.074297	
A/Taiwan/DV413/2006|EPI_I	0.2893	0.2768	0.4099	0.2578	0.155	-0.027	0.411	51.41	0.425	0.474	475	504	-0.552183	0.075397	
A/Taiwan/DV518/2006|EPI_I	0.2918	0.2768	0.4073	0.2578	0.156	-0.023	0.413	51.54	0.425	0.474	475	504	-0.555952	0.073413	
A/thrush/Taiwan/15120021/	0.2900	0.2825	0.3969	0.2670	0.157	-0.049	0.398	50.08	0.436	0.476	475	504	-0.536508	0.075397	
A/tiger/Yunnan/tig1404/20	0.2843	0.2741	0.3893	0.2948	0.152	-0.058	0.393	50.81	0.449	0.480	468	498	-0.578916	0.074297	
A/tiger/Yunnan/tig1412/20	0.2843	0.2741	0.3867	0.2977	0.152	-0.058	0.393	51.00	0.451	0.481	468	498	-0.578916	0.074297	
A/tiger/Yunnan/tig1508/20	0.3131	0.2449	0.3590	0.3275	0.147	-0.081	0.380	49.97	0.448	0.476	469	498	-0.552209	0.076305	
A/tundra_swan/Fujian/SD12	0.2952	0.2697	0.3905	0.2829	0.159	-0.029	0.409	52.99	0.437	0.478	469	498	-0.562450	0.074297	
A/tundra_swan/Hubei/BQ3/2	0.2904	0.2753	0.3984	0.2722	0.151	-0.053	0.396	53.04	0.434	0.477	470	498	-0.550402	0.076305	
A/tundra_swan/Hubei/BQ4/2	0.2879	0.2778	0.4011	0.2693	0.152	-0.049	0.398	53.04	0.434	0.477	470	498	-0.550402	0.076305	
A/tundra_swan/Hubei/BQ6/2	0.2879	0.2778	0.4011	0.2693	0.151	-0.049	0.398	52.87	0.434	0.477	470	498	-0.550402	0.076305	
A/tundra_swan/Hubei/BQ7/2	0.2879	0.2778	0.4011	0.2693	0.151	-0.049	0.398	52.87	0.434	0.477	470	498	-0.550402	0.076305	
A/tundra_swan/Hubei/BQ8/2	0.2879	0.2778	0.4011	0.2693	0.151	-0.049	0.398	52.87	0.434	0.477	470	498	-0.550402	0.076305	
A/tundra_swan/Hubei/BQ9/2	0.2879	0.2778	0.4011	0.2693	0.151	-0.049	0.398	52.87	0.434	0.477	470	498	-0.550402	0.076305	
A/turkey/Changhua/1601001	0.2893	0.2818	0.3995	0.2642	0.154	-0.048	0.398	49.85	0.434	0.476	475	504	-0.542659	0.075397	
A/turkey/Chiayi/17020092-	0.3050	0.2700	0.3953	0.2642	0.155	-0.041	0.403	51.28	0.424	0.474	474	504	-0.561905	0.075397	
A/turkey/Chiayi/18010013-	0.2757	0.2932	0.3943	0.2735	0.153	-0.058	0.392	51.11	0.449	0.479	474	504	-0.537500	0.075397	
A/turkey/Yunlin/15060049-	0.2918	0.2793	0.3995	0.2642	0.156	-0.045	0.400	50.01	0.432	0.475	475	504	-0.542659	0.075397	
A/turkey/Yunlin/18020020-	0.2732	0.2957	0.3943	0.2735	0.153	-0.058	0.392	51.17	0.451	0.480	474	504	-0.537500	0.075397	
A/turkey/Yunlin/18110001-	0.2775	0.2875	0.3953	0.2800	0.155	-0.056	0.394	51.76	0.448	0.478	475	504	-0.536309	0.075397	
A/turkey/Yunlin/18120005-	0.2900	0.2875	0.3822	0.2771	0.163	-0.015	0.418	50.01	0.447	0.478	474	504	-0.546627	0.075397	
A/turtle_dove/Guangdong/3	0.2893	0.2718	0.3868	0.2951	0.157	-0.041	0.402	49.34	0.446	0.476	475	504	-0.558730	0.075397	
A/turtle_dove/Hunan/S4004	0.2947	0.2594	0.3687	0.3199	0.145	-0.074	0.383	50.58	0.455	0.480	470	498	-0.567269	0.076305	
A/Waterfowl/Hubei/Chenhu1	0.2817	0.2716	0.4000	0.2899	0.155	-0.036	0.406	50.60	0.442	0.477	468	498	-0.578313	0.074297	
A/Waterfowl/Hubei/Chenhu1	0.2817	0.2716	0.4000	0.2899	0.155	-0.036	0.406	50.60	0.442	0.477	468	498	-0.578313	0.074297	
A/whiskered_tern/Hubei/BQ	0.2879	0.2778	0.4011	0.2693	0.151	-0.049	0.398	52.87	0.434	0.477	470	498	-0.550402	0.076305	
A/white_naped_crane/China	0.2810	0.2785	0.3777	0.3064	0.150	-0.063	0.390	52.45	0.461	0.484	469	498	-0.577108	0.074297	
A/White-eyed_Pochard/Ning	0.2886	0.2684	0.3867	0.3014	0.149	-0.071	0.386	51.34	0.448	0.479	469	498	-0.583936	0.074297	
A/whooper_swan/Henan/8/20	0.3013	0.2633	0.3889	0.2837	0.154	-0.048	0.399	53.38	0.433	0.477	469	498	-0.567671	0.074297	
A/whooper_swan/Henan/14/2	0.3020	0.2640	0.3899	0.2816	0.154	-0.047	0.400	53.21	0.432	0.477	468	498	-0.571486	0.074297	
A/whooper_swan/Henan/44/2	0.3013	0.2633	0.3889	0.2837	0.154	-0.048	0.399	53.38	0.433	0.477	469	498	-0.567671	0.074297	
A/whooper_swan/Henan/45/2	0.3013	0.2633	0.3889	0.2837	0.154	-0.048	0.399	53.38	0.433	0.477	469	498	-0.567671	0.074297	
A/whooper_swan/Henan/46/2	0.3013	0.2633	0.3889	0.2837	0.154	-0.048	0.399	53.38	0.433	0.477	469	498	-0.567671	0.074297	
A/whooper_swan/Henan/424/	0.3013	0.2633	0.3862	0.2865	0.154	-0.048	0.399	53.53	0.435	0.478	469	498	-0.567671	0.074297	
A/whooper_swan/Henan/SM1/	0.2879	0.2778	0.4011	0.2693	0.151	-0.049	0.398	52.87	0.434	0.477	470	498	-0.550402	0.076305	
A/whooper_swan/Henan/SM16	0.2879	0.2778	0.4011	0.2693	0.150	-0.049	0.398	53.05	0.434	0.476	470	498	-0.551205	0.076305	
A/whooper_swan/Henan/SM31	0.2879	0.2778	0.4011	0.2693	0.150	-0.049	0.398	53.05	0.434	0.476	470	498	-0.551205	0.076305	
A/whooper_swan/Henan/SM61	0.2854	0.2803	0.4011	0.2693	0.151	-0.049	0.398	52.88	0.436	0.477	470	498	-0.550402	0.076305	
A/whooper_swan/Henan/SM76	0.2879	0.2778	0.4011	0.2693	0.151	-0.049	0.398	52.87	0.434	0.477	470	498	-0.550402	0.076305	
A/whooper_swan/Henan/SM86	0.2854	0.2803	0.3984	0.2722	0.151	-0.049	0.398	53.08	0.438	0.478	470	498	-0.550402	0.076305	
A/whooper_swan/Henan/SM11	0.2879	0.2778	0.4011	0.2693	0.151	-0.049	0.398	52.87	0.434	0.477	470	498	-0.550402	0.076305	
A/whooper_swan/Henan/SMQ5	0.2904	0.2753	0.4011	0.2693	0.151	-0.053	0.396	52.81	0.432	0.475	470	498	-0.555422	0.076305	
A/whooper_swan/Henan/SMQ7	0.2879	0.2778	0.4011	0.2693	0.151	-0.049	0.398	52.73	0.434	0.476	470	498	-0.555422	0.076305	
A/whooper_swan/Henan/SMQ9	0.2879	0.2778	0.3984	0.2722	0.152	-0.049	0.398	53.06	0.436	0.477	470	498	-0.550402	0.076305	
A/whooper_swan/Henan/SMQ1	0.2879	0.2778	0.3984	0.2722	0.152	-0.049	0.398	53.06	0.436	0.477	470	498	-0.550402	0.076305	
A/whooper_swan/Henan/SMX1	0.2843	0.2741	0.3910	0.2939	0.158	-0.056	0.394	50.44	0.448	0.481	469	498	-0.568072	0.074297	
A/whooper_swan/Henan/SMX3	0.2843	0.2741	0.3883	0.2968	0.156	-0.056	0.394	50.45	0.450	0.481	469	498	-0.568072	0.074297	
A/whooper_swan/Henan/SMX4	0.2843	0.2741	0.3910	0.2939	0.158	-0.056	0.394	50.44	0.448	0.481	469	498	-0.568072	0.074297	
A/whooper_swan/Henan/SMX9	0.2817	0.2741	0.3910	0.2968	0.156	-0.059	0.392	50.28	0.450	0.481	469	498	-0.568072	0.074297	
A/whooper_swan/Henan/T578	0.3028	0.2646	0.4164	0.2529	0.159	-0.029	0.410	50.01	0.410	0.470	468	498	-0.571084	0.074297	
A/whooper_swan/Henan/T874	0.3028	0.2646	0.4164	0.2529	0.159	-0.029	0.410	50.01	0.410	0.470	468	498	-0.571084	0.074297	
A/whooper_swan/Henan/T880	0.3033	0.2682	0.4121	0.2543	0.161	-0.022	0.414	49.77	0.414	0.469	474	504	-0.554365	0.073413	
A/whooper_swan/Henan/T886	0.3028	0.2646	0.4164	0.2529	0.159	-0.029	0.410	50.01	0.410	0.470	468	498	-0.571084	0.074297	
A/whooper_swan/Henan/T888	0.3033	0.2682	0.4121	0.2543	0.161	-0.022	0.414	49.77	0.414	0.469	474	504	-0.554365	0.073413	
A/whooper_swan/Henan/Y120	0.3028	0.2646	0.4164	0.2529	0.159	-0.029	0.410	50.01	0.410	0.470	468	498	-0.571084	0.074297	
A/whooper_swan/Inner_Mong	0.2879	0.2778	0.3984	0.2722	0.152	-0.049	0.398	53.06	0.436	0.477	470	498	-0.550402	0.076305	
A/Whooper_Swan/Sanmenxia/	0.2957	0.2857	0.3974	0.2571	0.158	-0.006	0.423	50.51	0.431	0.475	473	504	-0.565675	0.073413	
A/Whooper_swan/Sanmenxia/	0.2903	0.2779	0.3932	0.2756	0.153	-0.046	0.398	52.26	0.438	0.476	477	504	-0.530159	0.075397	
A/Whooper_swan/Sanmenxia/	0.2968	0.2743	0.3953	0.2707	0.150	-0.060	0.392	52.57	0.432	0.474	475	504	-0.539087	0.075397	
A/Whooper_swan/Sanmenxia/	0.2861	0.2836	0.3943	0.2735	0.154	-0.039	0.403	52.85	0.441	0.477	476	504	-0.533928	0.075397	
A/Whooper_swan/Sanmenxia/	0.2968	0.2743	0.3953	0.2707	0.150	-0.060	0.392	52.57	0.432	0.474	475	504	-0.539087	0.075397	
A/Whooper_swan/Sanmenxia/	0.2861	0.2836	0.3969	0.2707	0.154	-0.039	0.403	52.66	0.439	0.476	476	504	-0.533928	0.075397	
A/Whooper_swan/Sanmenxia/	0.2903	0.2779	0.3932	0.2756	0.153	-0.046	0.398	52.26	0.438	0.476	477	504	-0.530159	0.075397	
A/Whooper_swan/Sanmenxia/	0.2886	0.2811	0.3969	0.2707	0.154	-0.042	0.401	52.68	0.437	0.476	476	504	-0.533928	0.075397	
A/Whooper_swan/Sanmenxia/	0.2861	0.2836	0.3943	0.2735	0.154	-0.039	0.403	52.85	0.441	0.477	476	504	-0.533928	0.075397	
A/Whooper_swan/Sanmenxia/	0.2861	0.2836	0.3969	0.2707	0.154	-0.039	0.403	52.66	0.439	0.476	476	504	-0.533928	0.075397	
A/Whooper_swan/Sanmenxia/	0.2910	0.2786	0.3943	0.2735	0.153	-0.050	0.397	53.05	0.437	0.475	476	504	-0.538889	0.075397	
A/Whooper_swan/Sanmenxia/	0.2861	0.2836	0.3943	0.2735	0.154	-0.039	0.403	52.85	0.441	0.477	476	504	-0.533928	0.075397	
A/Whooper_swan/Sanmenxia/	0.2903	0.2779	0.3932	0.2756	0.153	-0.046	0.398	52.26	0.438	0.476	477	504	-0.530159	0.075397	
A/Whooper_swan/Sanmenxia/	0.2861	0.2836	0.3969	0.2707	0.154	-0.039	0.403	52.66	0.439	0.476	476	504	-0.533928	0.075397	
A/Whooper_swan/Sanmenxia/	0.2836	0.2861	0.3916	0.2764	0.155	-0.035	0.405	52.99	0.445	0.478	476	504	-0.533928	0.075397	
A/Whooper_swan/Sanmenxia/	0.2861	0.2836	0.3943	0.2735	0.154	-0.039	0.403	52.85	0.441	0.477	476	504	-0.533928	0.075397	
A/Whooper_swan/Sanmenxia/	0.2861	0.2836	0.3969	0.2707	0.153	-0.038	0.403	52.83	0.439	0.476	476	504	-0.534722	0.075397	
A/Whooper_swan/Sanmenxia/	0.2861	0.2836	0.3969	0.2707	0.154	-0.039	0.403	52.66	0.439	0.476	476	504	-0.533928	0.075397	
A/Whooper_swan/Sanmenxia/	0.2861	0.2836	0.3969	0.2707	0.154	-0.039	0.403	52.66	0.439	0.476	476	504	-0.533928	0.075397	
A/Whooper_swan/Sanmenxia/	0.2886	0.2811	0.3943	0.2735	0.154	-0.042	0.401	53.13	0.439	0.476	476	504	-0.533928	0.075397	
A/Whooper_swan/Sanmenxia/	0.2861	0.2836	0.3969	0.2707	0.153	-0.038	0.403	52.83	0.439	0.476	476	504	-0.534722	0.075397	
A/Whooper_swan/Sanmenxia/	0.2861	0.2836	0.3943	0.2735	0.154	-0.039	0.403	52.85	0.441	0.477	476	504	-0.533928	0.075397	
A/Whooper_swan/Sanmenxia/	0.2861	0.2836	0.3916	0.2764	0.152	-0.050	0.397	52.98	0.443	0.478	476	504	-0.533928	0.075397	
A/Whooper_swan/Sanmenxia/	0.2861	0.2836	0.3969	0.2707	0.154	-0.039	0.403	52.66	0.439	0.476	476	504	-0.533928	0.075397	
A/whooper_swan/Shaanxi/SX	0.2879	0.2778	0.3984	0.2722	0.152	-0.049	0.398	53.06	0.436	0.477	470	498	-0.550402	0.076305	
A/whooper_swan/Shaanxi/SX	0.2879	0.2778	0.4011	0.2693	0.151	-0.049	0.398	52.87	0.434	0.477	470	498	-0.550402	0.076305	
A/whooper_swan/Shaanxi/SX	0.2879	0.2778	0.4011	0.2693	0.151	-0.049	0.398	52.87	0.434	0.477	470	498	-0.550402	0.076305	
A/whooper_swan/Shandong/S	0.2955	0.2702	0.4037	0.2665	0.150	-0.057	0.394	52.17	0.426	0.474	470	498	-0.550402	0.076305	
A/whooper_swan/Shandong/S	0.2955	0.2702	0.4037	0.2665	0.150	-0.057	0.394	52.17	0.426	0.474	470	498	-0.550402	0.076305	
A/whooper_swan/Shandong/S	0.2955	0.2702	0.4037	0.2665	0.150	-0.057	0.394	52.17	0.426	0.474	470	498	-0.550402	0.076305	
A/whooper_swan/Shandong/S	0.3030	0.2652	0.3952	0.2722	0.153	-0.051	0.397	51.67	0.426	0.475	469	498	-0.564458	0.076305	
A/whooper_swan/Shandong/S	0.2929	0.2702	0.3984	0.2751	0.150	-0.057	0.394	52.65	0.432	0.476	470	498	-0.550402	0.076305	
A/whooper_swan/Shandong/S	0.2929	0.2702	0.4011	0.2722	0.150	-0.057	0.394	52.48	0.430	0.475	470	498	-0.550402	0.076305	
A/whooper_swan/Shandong/S	0.2929	0.2702	0.4011	0.2722	0.150	-0.057	0.394	52.48	0.430	0.475	470	498	-0.550402	0.076305	
A/whooper_swan/Shanxi/4-1	0.2879	0.2778	0.4011	0.2693	0.151	-0.049	0.398	52.87	0.434	0.477	470	498	-0.550402	0.076305	
A/whooper_swan/Shanxi/4-2	0.2879	0.2778	0.4011	0.2693	0.151	-0.049	0.398	52.87	0.434	0.477	470	498	-0.550402	0.076305	
A/whooper_swan/Shanxi/14/	0.3013	0.2633	0.3889	0.2837	0.154	-0.048	0.399	53.38	0.433	0.477	469	498	-0.567671	0.074297	
A/whooper_swan/Shanxi/20/	0.3013	0.2633	0.3889	0.2837	0.154	-0.048	0.399	53.38	0.433	0.477	469	498	-0.567671	0.074297	
A/whooper_swan/Shanxi/RC0	0.2932	0.2857	0.4000	0.2571	0.157	-0.010	0.421	50.23	0.431	0.475	473	504	-0.565675	0.073413	
A/whooper_swan/Shanxi/SX1	0.2879	0.2778	0.4011	0.2693	0.151	-0.049	0.398	52.87	0.434	0.477	470	498	-0.550402	0.076305	
A/whooper_swan/Shanxi/SX3	0.2861	0.2785	0.4026	0.2686	0.152	-0.045	0.400	52.83	0.434	0.477	470	498	-0.551205	0.076305	
A/whooper_swan/Shanxi/SX5	0.2904	0.2753	0.3984	0.2722	0.151	-0.053	0.396	52.96	0.434	0.477	470	498	-0.550402	0.076305	
A/whooper_swan/Shanxi/SX1	0.2879	0.2778	0.4011	0.2693	0.151	-0.049	0.398	52.87	0.434	0.477	470	498	-0.550402	0.076305	
A/whooper_swan/Shanxi/SX1	0.2886	0.2785	0.4127	0.2543	0.158	-0.014	0.418	50.33	0.424	0.475	469	498	-0.569478	0.076305	
A/whooper_swan/Shanxi/SX1	0.2854	0.2803	0.3984	0.2722	0.151	-0.049	0.398	53.08	0.438	0.478	470	498	-0.550402	0.076305	
A/whooper_swan/Shanxi/SX2	0.2854	0.2803	0.3984	0.2722	0.151	-0.049	0.398	53.08	0.438	0.478	470	498	-0.550402	0.076305	
A/whooper_swan/Shanxi/SX2	0.2828	0.2828	0.3984	0.2722	0.151	-0.045	0.400	52.96	0.440	0.479	470	498	-0.550402	0.076305	
A/whooper_swan/Shanxi/SX2	0.2828	0.2828	0.3984	0.2722	0.152	-0.045	0.400	53.05	0.440	0.479	470	498	-0.550402	0.076305	
A/whooper_swan/Shanxi/SX2	0.2879	0.2778	0.3984	0.2722	0.152	-0.049	0.398	53.06	0.436	0.477	470	498	-0.550402	0.076305	
A/whooper_swan/Shanxi/SX2	0.2879	0.2778	0.3958	0.2751	0.150	-0.053	0.396	53.19	0.438	0.478	470	498	-0.550402	0.076305	
A/whooper_swan/Shanxi/SX2	0.2854	0.2803	0.3958	0.2751	0.151	-0.049	0.398	53.24	0.440	0.479	470	498	-0.550402	0.076305	
A/whooper_swan/Shanxi/SX3	0.2879	0.2778	0.3958	0.2751	0.151	-0.053	0.396	53.09	0.438	0.478	470	498	-0.550402	0.076305	
A/Wigeon/Ningxia/476-12/2	0.2911	0.2658	0.3920	0.2957	0.149	-0.068	0.388	51.30	0.441	0.477	469	498	-0.583936	0.074297	
A/wild_bird/Eastern_China	0.2868	0.2843	0.4005	0.2636	0.154	-0.024	0.412	52.21	0.436	0.479	468	498	-0.569076	0.076305	
A/wild_bird/Eastern_China	0.2926	0.2824	0.4005	0.2607	0.154	-0.029	0.410	51.96	0.432	0.477	468	498	-0.567871	0.076305	
A/wild_bird/Eastern_China	0.2919	0.2792	0.4005	0.2636	0.154	-0.024	0.412	52.08	0.432	0.478	468	498	-0.569076	0.076305	
A/wild_bird/Hubei/12.12_L	0.2919	0.2792	0.4191	0.2443	0.153	-0.039	0.404	50.57	0.417	0.472	468	498	-0.573494	0.076305	
A/wild_bird/Hunan/01.14_Y	0.2886	0.2709	0.3840	0.3014	0.150	-0.067	0.388	50.93	0.450	0.480	469	498	-0.579117	0.074297	
A/wild_bird/Hunan/01.14_Y	0.2810	0.2759	0.3867	0.3023	0.150	-0.059	0.392	50.51	0.454	0.481	469	498	-0.578514	0.074297	
A/wild_bird/Hunan/02.24_Y	0.2803	0.2803	0.3830	0.3006	0.152	-0.060	0.391	51.32	0.457	0.483	470	498	-0.574498	0.074297	
A/wild_bird/Hunan/02.24_Y	0.2803	0.2803	0.3830	0.3006	0.152	-0.060	0.391	51.32	0.457	0.483	470	498	-0.574498	0.074297	
A/wild_bird/Hunan/03.08_D	0.2803	0.2803	0.3830	0.3006	0.152	-0.060	0.391	51.32	0.457	0.483	470	498	-0.574498	0.074297	
A/wild_bird/Taipei/04WB12	0.2943	0.2693	0.3953	0.2792	0.152	-0.059	0.392	50.32	0.434	0.476	475	504	-0.547222	0.075397	
A/wild_bird/Zhejiang/NBXS	0.2937	0.2734	0.3942	0.2743	0.156	-0.010	0.420	50.83	0.435	0.479	469	498	-0.564458	0.076305	
A/wild_duck/Fujian/1/2011	0.2796	0.2796	0.3856	0.2968	0.157	-0.044	0.400	50.72	0.455	0.483	470	498	-0.574096	0.074297	
A/wild_duck/Fujian/2/2011	0.2796	0.2796	0.3803	0.3026	0.157	-0.048	0.398	50.63	0.460	0.484	470	498	-0.574900	0.074297	
A/wild_duck/Hebei/SD012/2	0.2944	0.2690	0.3852	0.2886	0.158	-0.033	0.407	53.52	0.441	0.481	469	498	-0.568474	0.074297	
A/wild_duck/Hunan/12.28_D	0.2959	0.2730	0.4069	0.2622	0.156	-0.032	0.409	49.83	0.424	0.473	467	498	-0.571887	0.076305	
A/wild_duck/Jiangsu/SD019	0.2929	0.2727	0.3984	0.2722	0.151	-0.057	0.394	52.24	0.432	0.476	470	498	-0.550402	0.076305	
A/wild_duck/Jilin/HF/2011	0.2879	0.2702	0.3777	0.3055	0.152	-0.062	0.390	50.14	0.454	0.483	469	498	-0.571687	0.076305	
A/wild_duck/Jilin/ZF/2011	0.2843	0.2741	0.3936	0.2911	0.155	-0.040	0.403	50.37	0.446	0.477	469	498	-0.581727	0.076305	
A/wild_duck/Shandong/1/20	0.2824	0.2824	0.4218	0.2500	0.160	-0.029	0.410	50.66	0.423	0.471	468	498	-0.567269	0.076305	
A/wild_duck/Shandong/2/20	0.2911	0.2658	0.3830	0.3026	0.156	-0.048	0.399	50.14	0.448	0.479	469	498	-0.575502	0.076305	
A/wild_duck/Shandong/628/	0.2824	0.2824	0.4218	0.2500	0.160	-0.033	0.408	50.36	0.423	0.471	468	498	-0.571887	0.074297	
A/wild_duck/Shandong/SC17	0.2937	0.2734	0.4048	0.2672	0.151	-0.061	0.391	52.28	0.428	0.473	470	498	-0.541968	0.078313	
A/wild_goose/Shandong/SC1	0.2929	0.2702	0.4011	0.2722	0.150	-0.057	0.394	52.48	0.430	0.475	470	498	-0.550402	0.076305	
A/wild_pigeon/Jilin/CC01/	0.2937	0.2684	0.3840	0.2986	0.150	-0.066	0.388	50.15	0.446	0.479	469	498	-0.580924	0.074297	
A/wildfowl/China/472/2014	0.2658	0.2861	0.4377	0.2529	0.153	-0.040	0.404	50.86	0.426	0.469	470	498	-0.554217	0.076305	
A/Xinjiang/1/2006|EPI_ISL	0.2879	0.2702	0.3883	0.2948	0.154	-0.047	0.399	51.22	0.446	0.479	469	498	-0.571084	0.076305	
A/Xinjiang/1/2009|EPI_ISL	0.2778	0.2803	0.3830	0.2997	0.152	-0.054	0.394	50.72	0.458	0.484	469	498	-0.571687	0.076305	
A/Yunnan/14563/2015|EPI_I	0.3038	0.2456	0.4267	0.2630	0.147	-0.080	0.380	50.36	0.402	0.464	468	498	-0.585743	0.074297	
A/Yunnan/DQ002/2015(H5N6)	0.3038	0.2456	0.4267	0.2630	0.148	-0.080	0.380	50.29	0.402	0.465	468	498	-0.580723	0.074297	
A/Zhejiang/1/2006|EPI_ISL	0.2937	0.2608	0.3936	0.2939	0.153	-0.063	0.390	49.91	0.437	0.475	469	498	-0.575502	0.076305	
A/Anas_platyrhynchos/jiuj	0.2861	0.2836	0.4031	0.2650	0.154	-0.024	0.412	51.21	0.435	0.475	476	504	-0.540476	0.073413	
A/Anas_crecca/Hubei/Chenh	0.2843	0.2716	0.3989	0.2870	0.158	-0.032	0.408	50.53	0.440	0.476	468	498	-0.562851	0.074297	
A/Anhui/1/2006_H5N1|GCA_0	0.2962	0.2582	0.3936	0.2939	0.152	-0.070	0.386	49.14	0.435	0.474	469	498	-0.575502	0.076305	
A/Anhui/1/2007_H5N1|GCA_0	0.2937	0.2557	0.4027	0.2899	0.151	-0.072	0.385	51.14	0.429	0.474	468	498	-0.570281	0.074297	
A/Anhui/2/2005_H5N1|GCA_0	0.2911	0.2658	0.3989	0.2853	0.155	-0.044	0.401	49.19	0.435	0.475	469	498	-0.575502	0.076305	
A/Anser_cygnoides/China/P	0.2901	0.2697	0.3883	0.2939	0.151	-0.066	0.389	50.40	0.444	0.479	468	498	-0.578916	0.074297	
A/Anser_cygnoides/Hubei/F	0.2919	0.2792	0.4191	0.2443	0.152	-0.043	0.402	50.51	0.417	0.472	468	498	-0.577912	0.076305	
A/Anser_fabalis/jiujiang/	0.2861	0.2836	0.4031	0.2650	0.154	-0.024	0.412	51.21	0.435	0.475	476	504	-0.540476	0.073413	
A/Anser_fabalis/jiujiang/	0.2861	0.2836	0.4031	0.2650	0.154	-0.024	0.412	51.21	0.435	0.475	476	504	-0.540476	0.073413	
A/Anser_fabalis/jiujiang/	0.2861	0.2836	0.4031	0.2650	0.154	-0.024	0.412	51.21	0.435	0.475	476	504	-0.540476	0.073413	
A/Bulbul/Taiwan/01156/201	0.3050	0.2700	0.3953	0.2650	0.158	-0.029	0.409	51.12	0.424	0.474	474	504	-0.546429	0.075397	
A/Changsha/1/2014_H5N6|GC	0.2861	0.2734	0.3840	0.3014	0.153	-0.059	0.392	50.55	0.452	0.480	469	498	-0.579117	0.074297	
A/China/Original/2018_H5N	0.2962	0.2658	0.3840	0.2986	0.152	-0.074	0.384	50.97	0.443	0.479	469	498	-0.578313	0.074297	
A/Chlidonias_hybrida/Hube	0.2861	0.2836	0.3969	0.2707	0.154	-0.039	0.403	52.66	0.439	0.476	476	504	-0.533928	0.075397	
A/Commom_Teal/Ningxia/474	0.2911	0.2684	0.3867	0.2986	0.151	-0.067	0.388	50.62	0.446	0.478	469	498	-0.579117	0.074297	
A/Copsychus_saularis/Guan	0.2911	0.2684	0.3877	0.2948	0.152	-0.069	0.387	50.83	0.444	0.479	468	498	-0.570683	0.074297	
A/Cygnus_atratus/Hubei/2Z	0.2977	0.2799	0.3989	0.2586	0.156	-0.016	0.418	50.94	0.428	0.476	467	498	-0.582530	0.074297	
A/Cygnus_atratus/Hubei/HF	0.3003	0.2774	0.3989	0.2586	0.156	-0.012	0.420	50.90	0.426	0.475	467	498	-0.582530	0.074297	
A/Cygnus_columbianus/Hube	0.2861	0.2836	0.3969	0.2707	0.154	-0.039	0.403	52.66	0.439	0.476	476	504	-0.533928	0.075397	
A/Cygnus_columbianus/Hube	0.2886	0.2836	0.3969	0.2678	0.153	-0.042	0.401	52.46	0.437	0.476	476	504	-0.533928	0.075397	
A/Cygnus_columbianus/Hube	0.2910	0.2786	0.3943	0.2735	0.154	-0.042	0.401	52.83	0.437	0.476	476	504	-0.533928	0.075397	
A/Cygnus_columbianus/Hube	0.2861	0.2836	0.3969	0.2707	0.154	-0.039	0.403	52.83	0.439	0.476	476	504	-0.533928	0.075397	
A/Cygnus_columbianus/Hube	0.2861	0.2836	0.3969	0.2707	0.154	-0.039	0.403	52.66	0.439	0.476	476	504	-0.533928	0.075397	
A/Cygnus_columbianus/Hube	0.2861	0.2836	0.3969	0.2707	0.154	-0.039	0.403	52.66	0.439	0.476	476	504	-0.533928	0.075397	
A/Cygnus_columbianus/Hube	0.2861	0.2836	0.3969	0.2707	0.154	-0.040	0.403	52.64	0.439	0.477	476	504	-0.538690	0.075397	
A/Duck/Dongting/D76-1/201	0.2959	0.2730	0.4069	0.2622	0.156	-0.032	0.409	49.83	0.424	0.473	467	498	-0.571887	0.076305	
A/Duck/Jiangxi/631/2024_H	0.2962	0.2734	0.3942	0.2722	0.155	-0.014	0.418	51.07	0.433	0.477	469	498	-0.568876	0.076305	
A/Falcated_Duck/Ningxia/4	0.2911	0.2658	0.3920	0.2957	0.149	-0.068	0.388	51.30	0.441	0.477	469	498	-0.583936	0.074297	
A/Ferruginous_Pochard/Nin	0.2886	0.2684	0.3867	0.3014	0.149	-0.071	0.386	51.34	0.448	0.479	469	498	-0.583936	0.074297	
A/Gadwall/Ningxia/472-7/2	0.2886	0.2684	0.3893	0.2986	0.149	-0.068	0.388	51.32	0.446	0.478	469	498	-0.583936	0.074297	
A/Gallinula_chloropus/Gua	0.2911	0.2684	0.3877	0.2957	0.152	-0.062	0.391	50.71	0.444	0.479	468	498	-0.570080	0.074297	
A/Guangdong/1/2008_H5N1|G	0.2886	0.2658	0.3936	0.2939	0.151	-0.059	0.392	48.78	0.441	0.477	469	498	-0.575502	0.076305	
A/Guangdong/2/2006_H5N1|G	0.2929	0.2601	0.3856	0.3017	0.152	-0.066	0.388	50.74	0.443	0.480	469	498	-0.582329	0.076305	
A/Guangdong/lgf/2021_H5N6	0.2832	0.2806	0.4133	0.2594	0.155	-0.045	0.401	49.36	0.429	0.476	466	498	-0.566466	0.078313	
A/Guangxi/1/2005_H5N1|GCA	0.2897	0.2645	0.3867	0.3006	0.154	-0.058	0.392	50.65	0.446	0.480	469	498	-0.579317	0.076305	
A/Guangxi/1/2008_H5N1|GCA	0.2980	0.2525	0.3803	0.3121	0.151	-0.070	0.386	50.46	0.443	0.478	469	498	-0.571084	0.076305	
A/Guangzhou/39715/2014_H5	0.2911	0.2709	0.3867	0.2957	0.151	-0.063	0.390	50.49	0.446	0.477	469	498	-0.584337	0.074297	
A/Guizhou/1/2009_H5N1|GCA	0.3013	0.2532	0.3877	0.3052	0.156	-0.042	0.403	49.10	0.437	0.474	469	498	-0.559839	0.078313	
A/Hunan/1/2008_H5N1|GCA_0	0.2843	0.2716	0.3936	0.2931	0.154	-0.055	0.394	49.76	0.446	0.477	469	498	-0.574899	0.076305	
A/Hunan/2/2009_H5N1|GCA_0	0.3038	0.2506	0.3893	0.2997	0.155	-0.052	0.397	50.88	0.433	0.475	469	498	-0.573092	0.078313	
A/Japanese_white-eye/Taoy	0.2861	0.2734	0.3830	0.2997	0.156	-0.054	0.394	50.42	0.452	0.483	469	498	-0.575904	0.074297	
A/Nanjing/1/2015_H5N1|GCA	0.3030	0.2525	0.3670	0.3217	0.145	-0.077	0.382	50.50	0.450	0.477	469	498	-0.570482	0.076305	
A/Northern_Shoveler/Ningx	0.2886	0.2684	0.3893	0.2986	0.149	-0.068	0.388	51.32	0.446	0.478	469	498	-0.583936	0.074297	
A/Pavo_cristatus/China/JS	0.2861	0.2734	0.3830	0.3014	0.147	-0.066	0.388	51.40	0.452	0.481	469	498	-0.575703	0.072289	
A/Pavo_cristatus/China/K1	0.2861	0.2734	0.3830	0.3014	0.147	-0.066	0.388	51.40	0.452	0.481	469	498	-0.575703	0.072289	
A/Pavo_cristatus/Jiangxi/	0.2879	0.2702	0.3883	0.2977	0.151	-0.071	0.385	50.97	0.447	0.480	470	498	-0.573695	0.074297	
A/Rattus_norvegicus/China	0.2987	0.2608	0.4027	0.2812	0.147	-0.093	0.373	51.45	0.426	0.473	469	498	-0.578313	0.074297	
A/Shandong/1/2009_H5N1|GC	0.2861	0.2709	0.3910	0.2923	0.153	-0.058	0.392	49.85	0.446	0.479	469	498	-0.582530	0.076305	
A/Spatula_querquedula/cho	0.2861	0.2836	0.4031	0.2650	0.154	-0.024	0.412	51.21	0.435	0.475	476	504	-0.540476	0.073413	
A/Syrrhaptes_paradoxus/Gu	0.2861	0.2759	0.3867	0.2957	0.151	-0.059	0.392	51.08	0.450	0.480	469	498	-0.579117	0.074297	
A/Taiwan/DV413/2006_H5N2|	0.2893	0.2768	0.4099	0.2578	0.155	-0.027	0.411	51.41	0.425	0.474	475	504	-0.552183	0.075397	
A/Taiwan/DV518/2006_H5N2|	0.2918	0.2768	0.4073	0.2578	0.156	-0.023	0.413	51.54	0.425	0.474	475	504	-0.555952	0.073413	
A/Whooper_Swan/Sanmenxia/	0.2957	0.2857	0.3974	0.2571	0.158	-0.006	0.423	50.51	0.431	0.475	473	504	-0.565675	0.073413	
A/Wild_bird/Huadong/CIXI2	0.2929	0.2727	0.3984	0.2722	0.151	-0.057	0.394	52.24	0.432	0.476	470	498	-0.550402	0.076305	
A/Wild_bird/Huadong/CM120	0.3005	0.2500	0.3660	0.3266	0.141	-0.092	0.373	50.56	0.452	0.479	469	498	-0.560040	0.076305	
A/Wild_bird/Huadong/DF10/	0.2962	0.2658	0.3963	0.2832	0.151	-0.063	0.390	51.48	0.433	0.475	469	498	-0.569076	0.076305	
A/Wild_bird/Huadong/DT10/	0.2911	0.2684	0.3989	0.2824	0.152	-0.063	0.390	51.40	0.435	0.477	469	498	-0.574297	0.074297	
A/Wild_bird/Huadong/GY116	0.2962	0.2658	0.3963	0.2832	0.151	-0.063	0.390	51.48	0.433	0.475	469	498	-0.569076	0.076305	
A/Wild_bird/Huadong/GY183	0.2835	0.2785	0.3707	0.3130	0.151	-0.059	0.392	52.03	0.465	0.485	469	498	-0.578313	0.074297	
A/Wild_bird/Huadong/GY999	0.2810	0.2835	0.3910	0.2870	0.152	-0.062	0.390	50.74	0.450	0.479	469	498	-0.563052	0.074297	
A/Wild_bird/Huadong/JYWB4	0.2861	0.2709	0.3803	0.3055	0.157	-0.055	0.394	50.77	0.454	0.483	469	498	-0.574297	0.074297	
A/Wild_bird/Huadong/QP10/	0.2843	0.2766	0.3830	0.3006	0.152	-0.052	0.397	51.17	0.454	0.482	469	498	-0.579117	0.074297	
A/Wild_bird/Huadong/SH17/	0.2962	0.2658	0.3963	0.2832	0.151	-0.063	0.390	51.48	0.433	0.475	469	498	-0.569076	0.076305	
A/Wild_bird/Huadong/SSW7/	0.2937	0.2684	0.3973	0.2841	0.154	-0.059	0.392	51.55	0.435	0.476	469	498	-0.578313	0.074297	
A/Wild_bird/Huadong/SZ111	0.2843	0.2766	0.3830	0.3006	0.152	-0.052	0.397	51.17	0.454	0.482	469	498	-0.579117	0.074297	
A/Wild_bird/Huadong/YC148	0.2937	0.2684	0.3973	0.2841	0.154	-0.059	0.392	51.55	0.435	0.476	469	498	-0.578313	0.074297	
A/Wild_bird/Huadong/YX68/	0.2962	0.2658	0.3963	0.2832	0.151	-0.063	0.390	51.48	0.433	0.475	469	498	-0.569076	0.076305	
A/Xinjiang/1/2009_H5N1|GC	0.2778	0.2803	0.3830	0.2997	0.152	-0.054	0.394	50.72	0.458	0.484	469	498	-0.571687	0.076305	
A/Yangzhou/125/2022_H5N6|	0.2886	0.2709	0.3850	0.2994	0.154	-0.073	0.385	51.28	0.449	0.481	468	498	-0.565261	0.076305	
A/avian/Hong_Kong/0719/20	0.2929	0.2601	0.3803	0.3084	0.153	-0.066	0.388	50.72	0.448	0.481	469	498	-0.571687	0.076305	
A/avian/Hong_Kong/1993/20	0.2929	0.2601	0.3803	0.3084	0.153	-0.066	0.388	50.72	0.448	0.481	469	498	-0.571687	0.076305	
A/avian/Hong_Kong/2372/20	0.2929	0.2601	0.3856	0.3026	0.153	-0.066	0.388	50.51	0.443	0.479	469	498	-0.571687	0.076305	
A/baikal_teal/Xianghai/42	0.2824	0.2774	0.3846	0.2960	0.166	-0.021	0.415	48.12	0.453	0.483	468	498	-0.574699	0.076305	
A/bar-headed_goose/Qingha	0.2824	0.2748	0.3947	0.2928	0.157	-0.058	0.393	51.22	0.447	0.477	468	498	-0.586546	0.076305	
A/bar-headed_goose/Tibet/	0.2778	0.2727	0.3936	0.2986	0.151	-0.063	0.390	51.05	0.450	0.479	469	498	-0.575502	0.076305	
A/black_chicken/Jiangxi/1	0.2843	0.2690	0.3973	0.2928	0.155	-0.047	0.400	50.46	0.442	0.477	468	498	-0.578313	0.074297	
A/brown-headed_gull/Qingh	0.2785	0.2785	0.3846	0.2997	0.151	-0.078	0.382	51.06	0.456	0.483	469	498	-0.564257	0.076305	
A/brown-headed_gull/Qingh	0.2879	0.2727	0.3830	0.2977	0.149	-0.085	0.377	51.13	0.450	0.480	469	498	-0.564257	0.078313	
A/canvasback/Xianghai/428	0.2817	0.2792	0.3952	0.2816	0.164	-0.021	0.415	48.65	0.444	0.480	468	498	-0.568474	0.076305	
A/cat/Sichuan/SC18/2014_H	0.2766	0.2741	0.3947	0.2986	0.156	-0.036	0.406	50.60	0.451	0.481	468	498	-0.577510	0.074297	
A/cat/Zhejiang/C1/2016_H5	0.3038	0.2481	0.4213	0.2659	0.153	-0.061	0.391	49.53	0.406	0.466	468	498	-0.580723	0.074297	
A/cat/Zhejiang/C2/2016_H5	0.3038	0.2481	0.4187	0.2688	0.153	-0.061	0.391	49.69	0.408	0.467	468	498	-0.580723	0.074297	
A/chicken/Anhui/MZ33/2016	0.3071	0.2487	0.4240	0.2601	0.149	-0.080	0.380	51.21	0.402	0.464	468	498	-0.579518	0.074297	
A/chicken/Anhui/MZ34/2016	0.3071	0.2487	0.4240	0.2601	0.149	-0.080	0.380	51.21	0.402	0.464	468	498	-0.579518	0.074297	
A/chicken/Beijing/BJ7/201	0.2965	0.2563	0.3989	0.2890	0.143	-0.088	0.374	50.80	0.430	0.473	470	498	-0.580723	0.074297	
A/chicken/CH/a556/2015_H5	0.3316	0.2304	0.4184	0.2521	0.144	-0.092	0.373	49.76	0.382	0.461	469	498	-0.564659	0.072289	
A/chicken/Changhua/150101	0.2868	0.2843	0.3995	0.2642	0.153	-0.052	0.396	50.28	0.436	0.476	475	504	-0.542659	0.075397	
A/chicken/Changhua/150102	0.2868	0.2843	0.3943	0.2699	0.155	-0.045	0.400	50.10	0.440	0.478	475	504	-0.542659	0.075397	
A/chicken/Changhua/150103	0.2868	0.2843	0.3969	0.2670	0.155	-0.048	0.398	50.11	0.438	0.477	475	504	-0.542659	0.075397	
A/chicken/Changhua/150103	0.2868	0.2843	0.3969	0.2670	0.155	-0.048	0.398	50.11	0.438	0.477	475	504	-0.542659	0.075397	
A/chicken/Changhua/150103	0.2868	0.2843	0.3969	0.2670	0.155	-0.048	0.398	50.11	0.438	0.477	475	504	-0.542659	0.075397	
A/chicken/Changhua/150103	0.2868	0.2843	0.3995	0.2642	0.155	-0.048	0.398	50.39	0.436	0.476	475	504	-0.542659	0.075397	
A/chicken/Changhua/150400	0.2839	0.2889	0.4215	0.2422	0.164	-0.017	0.418	50.28	0.422	0.468	474	504	-0.542460	0.075397	
A/chicken/Changhua/150400	0.2832	0.2882	0.4226	0.2436	0.162	-0.019	0.416	50.61	0.422	0.467	474	504	-0.554960	0.075397	
A/chicken/Changhua/150400	0.2839	0.2889	0.4215	0.2429	0.165	-0.016	0.418	50.60	0.422	0.468	474	504	-0.543452	0.075397	
A/chicken/Changhua/150400	0.2839	0.2889	0.4215	0.2429	0.165	-0.016	0.418	50.60	0.422	0.468	474	504	-0.543452	0.075397	
A/chicken/Changhua/150500	0.2843	0.2868	0.3943	0.2691	0.155	-0.044	0.400	50.45	0.442	0.479	475	504	-0.543254	0.075397	
A/chicken/Changhua/150500	0.2943	0.2793	0.3874	0.2764	0.159	-0.018	0.415	50.93	0.440	0.477	475	504	-0.543056	0.075397	
A/chicken/Changhua/150600	0.2843	0.2868	0.3995	0.2642	0.155	-0.045	0.400	50.12	0.438	0.477	475	504	-0.542659	0.075397	
A/chicken/Changhua/150600	0.2950	0.2800	0.3911	0.2714	0.158	-0.020	0.414	50.95	0.437	0.477	474	504	-0.544246	0.075397	
A/chicken/Changhua/150600	0.2843	0.2868	0.3916	0.2727	0.154	-0.052	0.396	50.44	0.444	0.479	475	504	-0.542659	0.075397	
A/chicken/Changhua/151200	0.2943	0.2743	0.4005	0.2678	0.152	-0.059	0.392	49.77	0.429	0.474	475	504	-0.548016	0.075397	
A/chicken/Changhua/160100	0.2818	0.2868	0.3916	0.2756	0.153	-0.056	0.394	50.43	0.446	0.479	475	504	-0.542659	0.075397	
A/chicken/Changhua/170600	0.2918	0.2793	0.3916	0.2735	0.155	-0.048	0.398	50.63	0.438	0.476	475	504	-0.537302	0.075397	
A/chicken/Changhua/180400	0.2818	0.2868	0.3854	0.2812	0.154	-0.059	0.392	51.46	0.451	0.480	475	504	-0.526786	0.075397	
A/chicken/Chiayi/15010287	0.2868	0.2843	0.3943	0.2699	0.155	-0.045	0.400	50.10	0.440	0.478	475	504	-0.542659	0.075397	
A/chicken/Chiayi/15010409	0.2843	0.2868	0.3995	0.2642	0.154	-0.052	0.396	49.91	0.438	0.477	475	504	-0.542659	0.075397	
A/chicken/Chiayi/15010454	0.2925	0.2825	0.3885	0.2743	0.160	-0.014	0.418	50.69	0.441	0.478	474	504	-0.551786	0.075397	
A/chicken/Chiayi/17040009	0.2843	0.2843	0.3953	0.2751	0.155	-0.049	0.398	51.07	0.442	0.476	475	504	-0.533532	0.077381	
A/chicken/Chiayi/18120003	0.2907	0.2857	0.3874	0.2743	0.162	-0.015	0.418	50.29	0.443	0.478	474	504	-0.547024	0.075397	
A/chicken/China/007/2019_	0.2919	0.2690	0.3840	0.3014	0.153	-0.075	0.384	51.25	0.448	0.479	469	498	-0.577109	0.074297	
A/chicken/China/1101/2019	0.2962	0.2633	0.3813	0.3035	0.149	-0.081	0.380	51.35	0.446	0.479	469	498	-0.578916	0.074297	
A/chicken/China/Cangzhou0	0.2843	0.2843	0.3979	0.2707	0.153	-0.023	0.413	50.30	0.440	0.477	475	504	-0.547222	0.075397	
A/chicken/China/E93/2012_	0.3023	0.2519	0.3942	0.2931	0.156	-0.064	0.389	51.53	0.429	0.476	471	498	-0.554618	0.074297	
A/chicken/China/E96/2012_	0.3023	0.2494	0.3995	0.2894	0.154	-0.070	0.384	51.48	0.425	0.475	471	498	-0.550402	0.074297	
A/chicken/Chiping/0321/20	0.2864	0.2638	0.4016	0.2899	0.143	-0.092	0.372	51.66	0.436	0.475	470	498	-0.580120	0.074297	
A/chicken/Dongguan/2690/2	0.2886	0.2709	0.3867	0.2986	0.151	-0.063	0.390	50.71	0.448	0.479	469	498	-0.579117	0.074297	
A/chicken/Dongguan/3363/2	0.2911	0.2684	0.3867	0.2986	0.150	-0.067	0.388	50.66	0.446	0.478	469	498	-0.579117	0.074297	
A/chicken/Dongguan/4259/2	0.2911	0.2684	0.3867	0.2986	0.150	-0.067	0.388	50.66	0.446	0.478	469	498	-0.579117	0.074297	
A/chicken/Eastern_China/H	0.3003	0.2545	0.4278	0.2580	0.152	-0.076	0.383	50.22	0.405	0.465	467	498	-0.584137	0.074297	
A/chicken/Eastern_China/Q	0.3003	0.2545	0.4278	0.2580	0.152	-0.076	0.383	50.22	0.405	0.465	467	498	-0.584137	0.074297	
A/chicken/Eastern_China/Z	0.2810	0.2734	0.4053	0.2832	0.153	-0.051	0.397	49.15	0.439	0.474	469	498	-0.580924	0.076305	
A/chicken/Eastern_China/Z	0.2835	0.2709	0.4027	0.2861	0.153	-0.059	0.392	48.56	0.439	0.474	469	498	-0.580924	0.076305	
A/chicken/Fujian/1/2007_H	0.2872	0.2594	0.3856	0.3066	0.150	-0.068	0.386	51.22	0.448	0.485	469	498	-0.591365	0.078313	
A/chicken/Fujian/11.23_FZ	0.2810	0.2785	0.3813	0.3043	0.149	-0.063	0.390	51.31	0.458	0.483	469	498	-0.578313	0.074297	
A/chicken/GY/a451/2015_H5	0.3316	0.2304	0.4184	0.2529	0.143	-0.091	0.373	49.78	0.382	0.460	469	498	-0.554217	0.072289	
A/chicken/Gansu/5/2012_H5	0.3131	0.2449	0.3899	0.2931	0.155	-0.068	0.387	51.47	0.423	0.474	470	498	-0.574699	0.074297	
A/chicken/Gansu/6/2012_H5	0.3023	0.2519	0.3942	0.2931	0.156	-0.064	0.389	51.53	0.429	0.476	471	498	-0.554618	0.074297	
A/chicken/Ganzhou/GZ27/20	0.2785	0.2810	0.3920	0.2928	0.156	-0.041	0.403	51.04	0.452	0.481	469	498	-0.565663	0.076305	
A/chicken/Guangdong/1/200	0.2906	0.2615	0.3882	0.3017	0.153	-0.062	0.390	51.21	0.444	0.477	487	516	-0.579264	0.073643	
A/chicken/Guangdong/GD160	0.3096	0.2462	0.4240	0.2601	0.149	-0.084	0.378	51.15	0.400	0.463	468	498	-0.579518	0.074297	
A/chicken/Guangxi/16/2019	0.2886	0.2709	0.3963	0.2853	0.152	-0.063	0.390	51.30	0.439	0.478	469	498	-0.574297	0.074297	
A/chicken/Guangxi/S2039/2	0.2861	0.2709	0.3856	0.2997	0.155	-0.051	0.397	51.05	0.450	0.481	469	498	-0.579317	0.074297	
A/chicken/Guizhou/7/2008_	0.2861	0.2684	0.3895	0.2934	0.157	-0.041	0.402	49.39	0.445	0.480	470	498	-0.565261	0.078313	
A/chicken/Hebei/1102-MA/2	0.2968	0.2618	0.4237	0.2586	0.151	-0.071	0.385	51.05	0.411	0.464	475	504	-0.557540	0.073413	
A/chicken/Hebei/1102/2010	0.2980	0.2551	0.4282	0.2572	0.146	-0.084	0.377	51.16	0.405	0.465	469	498	-0.575502	0.074297	
A/chicken/Hebei/3/2013_H5	0.2946	0.2624	0.3974	0.2874	0.149	-0.071	0.384	50.49	0.433	0.472	476	504	-0.573611	0.073413	
A/chicken/Hebei/A-8/2009_	0.2904	0.2626	0.3820	0.3075	0.154	-0.056	0.394	49.60	0.449	0.481	470	498	-0.582530	0.076305	
A/chicken/Heilongjiang/S7	0.2911	0.2684	0.3893	0.2957	0.153	-0.055	0.394	50.42	0.443	0.477	469	498	-0.579117	0.074297	
A/chicken/Henan/A-7/2006_	0.2962	0.2582	0.3868	0.2963	0.150	-0.070	0.385	52.27	0.438	0.479	470	498	-0.567068	0.074297	
A/chicken/Henan/Q7/2013_H	0.2965	0.2563	0.3989	0.2890	0.144	-0.088	0.374	50.44	0.430	0.473	470	498	-0.580723	0.074297	
A/chicken/Henan/YB0597/20	0.3089	0.2456	0.4267	0.2572	0.148	-0.081	0.380	51.39	0.397	0.462	468	498	-0.584137	0.074297	
A/chicken/Hsinchu/1608000	0.2793	0.2893	0.3943	0.2727	0.154	-0.052	0.396	50.69	0.446	0.480	475	504	-0.537699	0.075397	
A/chicken/Huadong/4/2008_	0.2980	0.2576	0.3926	0.2931	0.155	-0.057	0.394	50.64	0.434	0.476	470	498	-0.575904	0.076305	
A/chicken/Hubei/2856/2007	0.2937	0.2684	0.3750	0.3055	0.154	-0.047	0.399	50.03	0.452	0.480	469	498	-0.578916	0.076305	
A/chicken/Hubei/ZYSJF11/2	0.3042	0.2544	0.4222	0.2586	0.152	-0.065	0.388	51.19	0.405	0.464	474	504	-0.563889	0.073413	
A/chicken/Hubei/ZYSJF16/2	0.3042	0.2544	0.4222	0.2586	0.152	-0.065	0.388	51.19	0.405	0.464	474	504	-0.563889	0.073413	
A/chicken/Hubei/ZYSJF38/2	0.3042	0.2544	0.4222	0.2586	0.152	-0.065	0.388	51.19	0.405	0.464	474	504	-0.563889	0.073413	
A/chicken/Hunan/02.06_YYG	0.2911	0.2709	0.3910	0.2890	0.154	-0.059	0.392	51.11	0.441	0.479	469	498	-0.572892	0.074297	
A/chicken/Hunan/03.07_YYG	0.2937	0.2684	0.3893	0.2936	0.151	-0.077	0.382	50.91	0.441	0.477	469	498	-0.567871	0.074297	
A/chicken/Hunan/12.27_YYG	0.2886	0.2734	0.3787	0.3043	0.154	-0.055	0.394	51.28	0.454	0.482	469	498	-0.578313	0.074297	
A/chicken/Hunan/12.27_YYG	0.2868	0.2741	0.3910	0.2919	0.152	-0.059	0.392	51.20	0.446	0.479	469	498	-0.579117	0.074297	
A/chicken/Hunan/1793/2007	0.2911	0.2633	0.3989	0.2882	0.153	-0.055	0.394	48.46	0.435	0.474	469	498	-0.574297	0.076305	
A/chicken/Hunan/21/2005_H	0.2861	0.2658	0.3936	0.2968	0.153	-0.051	0.397	49.73	0.443	0.477	469	498	-0.575502	0.076305	
A/chicken/Hunan/3/2007_H5	0.2879	0.2652	0.3873	0.2989	0.151	-0.073	0.384	50.84	0.446	0.481	469	498	-0.578916	0.074297	
A/chicken/Hunan/3157/2006	0.2937	0.2633	0.3899	0.2914	0.153	-0.048	0.399	50.16	0.439	0.477	469	498	-0.581125	0.076305	
A/chicken/Hunan/8/2008_H5	0.3030	0.2525	0.3767	0.3066	0.151	-0.076	0.382	51.30	0.441	0.480	469	498	-0.574900	0.076305	
A/chicken/Jiangsu/1001/20	0.2785	0.2759	0.4122	0.2709	0.146	-0.078	0.380	51.92	0.434	0.475	468	498	-0.578715	0.072289	
A/chicken/Jiangsu/18/2008	0.2962	0.2608	0.3942	0.2894	0.155	-0.058	0.394	51.16	0.434	0.477	470	498	-0.569076	0.076305	
A/chicken/Jiangsu/2477/20	0.2778	0.2778	0.3920	0.2948	0.156	-0.055	0.394	50.54	0.452	0.482	469	498	-0.573695	0.074297	
A/chicken/Jiangsu/927/201	0.2835	0.2734	0.3830	0.3026	0.157	-0.051	0.397	51.29	0.454	0.483	469	498	-0.574297	0.074297	
A/chicken/Jiangsu/XZ216/2	0.2835	0.2759	0.3856	0.2968	0.157	-0.051	0.397	50.64	0.452	0.482	469	498	-0.574297	0.074297	
A/chicken/Jiangsu/YB7/201	0.2980	0.2576	0.3617	0.3275	0.143	-0.089	0.375	50.73	0.458	0.480	469	498	-0.570482	0.076305	
A/chicken/Jiangsu/k0402/2	0.2879	0.2677	0.3856	0.2997	0.153	-0.058	0.392	50.11	0.448	0.481	469	498	-0.571687	0.076305	
A/chicken/Jiangxi/25/2011	0.2759	0.2835	0.3883	0.2939	0.158	-0.033	0.407	50.27	0.456	0.483	469	498	-0.579317	0.074297	
A/chicken/Jiangxi/NCDZT11	0.2868	0.2716	0.3973	0.2861	0.153	-0.051	0.397	50.32	0.440	0.477	468	498	-0.578916	0.074297	
A/chicken/Jiangxi/NCDZT11	0.2868	0.2716	0.4000	0.2832	0.152	-0.054	0.395	50.33	0.438	0.476	468	498	-0.578916	0.074297	
A/chicken/Jiangyin/JY0907	0.2919	0.2690	0.3963	0.2861	0.149	-0.081	0.380	50.63	0.437	0.477	469	498	-0.577711	0.074297	
A/chicken/Kaohsiung/16010	0.3042	0.2693	0.3943	0.2670	0.156	-0.037	0.404	51.00	0.425	0.474	475	504	-0.541865	0.075397	
A/chicken/Kaohsiung/16020	0.3083	0.2657	0.3995	0.2614	0.155	-0.044	0.401	51.02	0.418	0.472	474	504	-0.546429	0.075397	
A/chicken/Kaohsiung/16040	0.3075	0.2675	0.3979	0.2621	0.155	-0.044	0.401	51.26	0.420	0.472	474	504	-0.546429	0.075397	
A/chicken/Kaohsiung/16070	0.3050	0.2700	0.4005	0.2593	0.155	-0.044	0.401	51.21	0.420	0.473	474	504	-0.557143	0.075397	
A/chicken/Kaohsiung/16120	0.3010	0.2711	0.3958	0.2663	0.157	-0.038	0.403	51.13	0.426	0.476	476	504	-0.541071	0.073413	
A/chicken/Kaohsiung/16MB0	0.3075	0.2675	0.3979	0.2621	0.155	-0.044	0.401	51.26	0.420	0.472	474	504	-0.546429	0.075397	
A/chicken/Kaohsiung/17030	0.3000	0.2725	0.4016	0.2621	0.157	-0.037	0.405	50.88	0.424	0.474	474	504	-0.549802	0.077381	
A/chicken/Kaohsiung/17040	0.2818	0.2893	0.3943	0.2714	0.155	-0.048	0.398	50.71	0.444	0.478	475	504	-0.531548	0.075397	
A/chicken/Kaohsiung/17100	0.2811	0.2861	0.3901	0.2808	0.153	-0.058	0.392	51.03	0.448	0.478	475	504	-0.521825	0.075397	
A/chicken/Kaohsiung/18080	0.2800	0.2900	0.3953	0.2714	0.157	-0.043	0.401	50.37	0.445	0.478	474	504	-0.536905	0.075397	
A/chicken/Kaohsiung/18080	0.2800	0.2900	0.3953	0.2714	0.157	-0.043	0.401	50.37	0.445	0.478	474	504	-0.536905	0.075397	
A/chicken/Liaoning/23/200	0.2879	0.2702	0.3883	0.2948	0.154	-0.047	0.399	51.22	0.446	0.479	469	498	-0.571084	0.076305	
A/chicken/Liaoning/A-1/20	0.2970	0.2589	0.3789	0.3020	0.145	-0.080	0.380	52.90	0.443	0.479	469	498	-0.565863	0.076305	
A/chicken/Liaoning/S4092/	0.3098	0.2443	0.3942	0.2923	0.155	-0.072	0.384	50.72	0.423	0.474	471	498	-0.570080	0.074297	
A/chicken/Miaoli/15010421	0.2839	0.2889	0.4215	0.2429	0.165	-0.016	0.418	50.60	0.422	0.468	474	504	-0.543452	0.075397	
A/chicken/Nantou/16110023	0.3042	0.2693	0.3995	0.2614	0.156	-0.035	0.406	50.61	0.421	0.473	475	504	-0.551587	0.075397	
A/chicken/New_Taipei_City	0.3050	0.2700	0.3979	0.2621	0.155	-0.040	0.403	51.13	0.422	0.473	474	504	-0.546429	0.075397	
A/chicken/New_Taipei_City	0.3035	0.2687	0.3984	0.2642	0.154	-0.042	0.401	51.05	0.422	0.473	476	504	-0.536706	0.075397	
A/chicken/New_Taipei_City	0.2818	0.2893	0.3890	0.2764	0.155	-0.048	0.398	50.31	0.448	0.478	475	504	-0.537103	0.075397	
A/chicken/New_Taipei_City	0.2975	0.2700	0.4073	0.2585	0.156	-0.040	0.403	50.97	0.420	0.474	474	504	-0.539087	0.073413	
A/chicken/New_Taipei_City	0.2968	0.2693	0.4062	0.2606	0.155	-0.041	0.402	50.41	0.421	0.474	475	504	-0.531548	0.075397	
A/chicken/New_Taipei_City	0.3000	0.2675	0.4073	0.2585	0.155	-0.044	0.401	50.43	0.418	0.473	474	504	-0.536111	0.075397	
A/chicken/New_Taipei_City	0.2968	0.2693	0.4089	0.2578	0.155	-0.041	0.402	50.27	0.419	0.474	475	504	-0.531548	0.075397	
A/chicken/New_Taipei_City	0.2825	0.2825	0.3927	0.2800	0.149	-0.069	0.386	50.92	0.445	0.478	474	504	-0.536706	0.075397	
A/chicken/Ningxia/2/2012_	0.3123	0.2443	0.3836	0.3009	0.156	-0.065	0.389	51.38	0.429	0.476	471	498	-0.570080	0.074297	
A/chicken/Ningxia/222/201	0.3123	0.2443	0.3862	0.2980	0.156	-0.065	0.389	51.30	0.427	0.475	471	498	-0.570080	0.074297	
A/chicken/Ningxia/24/2006	0.3046	0.2513	0.3826	0.3000	0.150	-0.073	0.384	52.67	0.435	0.476	469	498	-0.566265	0.076305	
A/chicken/North_China/k06	0.2810	0.2734	0.4080	0.2803	0.152	-0.063	0.390	49.07	0.437	0.473	469	498	-0.585944	0.076305	
A/chicken/PH/A2821/2013_H	0.3266	0.2354	0.4312	0.2385	0.142	-0.101	0.368	49.27	0.376	0.459	468	498	-0.560040	0.072289	
A/chicken/PT/a158/2015_H5	0.3333	0.2316	0.4116	0.2586	0.145	-0.091	0.374	49.96	0.387	0.462	468	498	-0.553213	0.072289	
A/chicken/Pingtung/150500	0.2868	0.2843	0.3943	0.2699	0.155	-0.048	0.398	50.26	0.440	0.478	475	504	-0.542659	0.075397	
A/chicken/Pingtung/160200	0.2900	0.2825	0.3943	0.2699	0.154	-0.053	0.396	50.66	0.438	0.476	475	504	-0.541468	0.075397	
A/chicken/Pingtung/180100	0.2825	0.2875	0.3927	0.2735	0.157	-0.047	0.399	50.59	0.445	0.479	474	504	-0.547222	0.075397	
A/chicken/Pingtung/180200	0.2843	0.2766	0.3995	0.2759	0.147	-0.080	0.380	51.27	0.438	0.477	468	498	-0.553213	0.076305	
A/chicken/Qingdao/1/2014_	0.2879	0.2652	0.4005	0.2882	0.145	-0.085	0.377	51.77	0.436	0.475	470	498	-0.585341	0.074297	
A/chicken/SC/a688/2015_H5	0.3274	0.2360	0.4206	0.2500	0.143	-0.112	0.363	50.04	0.385	0.460	468	498	-0.570884	0.072289	
A/chicken/Shandong/A-10/2	0.2987	0.2532	0.3780	0.3068	0.150	-0.056	0.394	52.12	0.443	0.481	470	498	-0.598193	0.076305	
A/chicken/Shandong/S3/201	0.2922	0.2620	0.3989	0.2890	0.144	-0.092	0.372	51.92	0.434	0.474	470	498	-0.584538	0.074297	
A/chicken/Shantou/3744/20	0.2879	0.2702	0.3936	0.2882	0.154	-0.058	0.392	51.18	0.441	0.477	469	498	-0.576908	0.076305	
A/chicken/Shanxi/04.28_TG	0.2835	0.2759	0.4000	0.2841	0.151	-0.067	0.388	51.12	0.441	0.476	469	498	-0.579117	0.074297	
A/chicken/Shanxi/10/2006_	0.3020	0.2538	0.3905	0.2906	0.148	-0.072	0.384	52.56	0.431	0.477	469	498	-0.567671	0.076305	
A/chicken/Shanxi/12.01_TG	0.2854	0.2778	0.3770	0.3052	0.151	-0.060	0.392	51.82	0.458	0.484	469	498	-0.583133	0.074297	
A/chicken/Sheny/0606/2008	0.2970	0.2614	0.3852	0.2943	0.149	-0.058	0.392	53.49	0.439	0.479	469	498	-0.565462	0.076305	
A/chicken/Shenzhen/1061/2	0.2861	0.2734	0.3830	0.3006	0.151	-0.059	0.392	50.83	0.452	0.481	469	498	-0.573695	0.074297	
A/chicken/Shenzhen/1845/2	0.2868	0.2716	0.3963	0.2861	0.157	-0.032	0.408	50.83	0.440	0.478	468	498	-0.572892	0.074297	
A/chicken/Shenzhen/2269/2	0.2886	0.2709	0.3867	0.2986	0.151	-0.063	0.390	50.71	0.448	0.479	469	498	-0.579117	0.074297	
A/chicken/Shenzhen/2396/2	0.2911	0.2684	0.3840	0.3014	0.152	-0.067	0.388	50.65	0.448	0.479	469	498	-0.570884	0.074297	
A/chicken/Shenzhen/2464/2	0.2886	0.2709	0.3867	0.2986	0.151	-0.063	0.390	50.71	0.448	0.479	469	498	-0.579117	0.074297	
A/chicken/Shenzhen/433/20	0.2911	0.2684	0.3840	0.3014	0.152	-0.067	0.388	50.54	0.448	0.479	469	498	-0.579117	0.074297	
A/chicken/Shenzhen/552/20	0.2886	0.2709	0.3867	0.2986	0.151	-0.063	0.390	50.71	0.448	0.479	469	498	-0.579117	0.074297	
A/chicken/Shenzhen/715/20	0.2911	0.2684	0.3840	0.3014	0.152	-0.067	0.388	50.54	0.448	0.479	469	498	-0.579117	0.074297	
A/chicken/Shijiazhuang/12	0.3030	0.2525	0.4118	0.2733	0.138	-0.102	0.368	51.66	0.415	0.466	468	498	-0.594378	0.074297	
A/chicken/Sichuan/81/2005	0.2911	0.2658	0.3899	0.2931	0.155	-0.044	0.401	49.56	0.441	0.477	469	498	-0.570080	0.076305	
A/chicken/Sichuan/NCJPL1/	0.2766	0.2741	0.3973	0.2957	0.155	-0.036	0.406	50.30	0.449	0.480	468	498	-0.577510	0.074297	
A/chicken/Sichuan/k141/20	0.2886	0.2709	0.3867	0.2986	0.152	-0.070	0.386	50.61	0.448	0.479	469	498	-0.578313	0.074297	
A/chicken/TC/a504/2015_H5	0.3325	0.2310	0.4116	0.2579	0.144	-0.095	0.372	49.93	0.387	0.463	468	498	-0.564859	0.072289	
A/chicken/TY/a665/2015_H5	0.3308	0.2298	0.4105	0.2600	0.142	-0.096	0.371	50.07	0.388	0.465	469	498	-0.566466	0.068273	
A/chicken/Taichung/150103	0.2868	0.2843	0.3969	0.2670	0.155	-0.048	0.398	50.11	0.438	0.477	475	504	-0.542659	0.075397	
A/chicken/Taichung/160400	0.2918	0.2793	0.4047	0.2585	0.155	-0.053	0.396	50.15	0.427	0.474	475	504	-0.534524	0.075397	
A/chicken/Taichung/160500	0.2886	0.2811	0.4010	0.2642	0.153	-0.049	0.397	49.92	0.433	0.475	476	504	-0.537500	0.075397	
A/chicken/Taichung/161100	0.2950	0.2800	0.3868	0.2771	0.162	-0.013	0.418	50.89	0.441	0.478	474	504	-0.548611	0.075397	
A/chicken/Tainan/15020214	0.3083	0.2657	0.3916	0.2699	0.157	-0.036	0.405	51.38	0.424	0.474	474	504	-0.546429	0.075397	
A/chicken/Tainan/16040035	0.2907	0.2832	0.3870	0.2732	0.158	-0.046	0.400	50.66	0.442	0.479	475	504	-0.547222	0.075397	
A/chicken/Tainan/17030058	0.3008	0.2732	0.3979	0.2642	0.155	-0.043	0.401	51.14	0.426	0.475	474	504	-0.547421	0.075397	
A/chicken/Taipei_City/170	0.2982	0.2682	0.4094	0.2593	0.155	-0.039	0.404	50.55	0.419	0.473	473	504	-0.546627	0.075397	
A/chicken/Taipei_City/180	0.2757	0.2957	0.3937	0.2751	0.155	-0.058	0.392	51.12	0.451	0.479	474	504	-0.540873	0.075397	
A/chicken/Taipei_City/180	0.2811	0.2836	0.3890	0.2812	0.152	-0.062	0.389	51.67	0.448	0.481	475	504	-0.544445	0.075397	
A/chicken/Taipei/16060022	0.3058	0.2707	0.3963	0.2621	0.157	-0.039	0.404	51.05	0.423	0.474	473	504	-0.551587	0.075397	
A/chicken/Taipei/16060023	0.3058	0.2707	0.3963	0.2621	0.157	-0.039	0.404	51.05	0.423	0.474	473	504	-0.551587	0.075397	
A/chicken/Taipei/16120021	0.3075	0.2700	0.3963	0.2629	0.156	-0.045	0.401	51.62	0.422	0.472	474	504	-0.543651	0.075397	
A/chicken/Taipei/17050005	0.2968	0.2693	0.4073	0.2614	0.156	-0.041	0.402	50.71	0.421	0.474	475	504	-0.536905	0.075397	
A/chicken/Taipei/17050008	0.2975	0.2700	0.4084	0.2593	0.156	-0.040	0.403	50.95	0.420	0.473	474	504	-0.541468	0.075397	
A/chicken/Taipei/17050009	0.2968	0.2718	0.4068	0.2600	0.156	-0.040	0.403	50.85	0.422	0.474	474	504	-0.541468	0.075397	
A/chicken/Taishun/TS2/201	0.3125	0.2425	0.4079	0.2771	0.151	-0.072	0.384	49.35	0.409	0.466	474	504	-0.564484	0.073413	
A/chicken/Taishun/TS90/20	0.2993	0.2544	0.4142	0.2730	0.155	-0.054	0.395	50.28	0.416	0.468	474	504	-0.563889	0.073413	
A/chicken/Taiwan/0101/201	0.2846	0.2645	0.4488	0.2314	0.149	-0.048	0.398	48.59	0.396	0.465	470	498	-0.554016	0.072289	
A/chicken/Taiwan/01174/20	0.3050	0.2700	0.3953	0.2650	0.158	-0.029	0.409	51.12	0.424	0.474	474	504	-0.546429	0.075397	
A/chicken/Taiwan/0502/201	0.3241	0.2380	0.4339	0.2363	0.150	-0.061	0.391	47.86	0.376	0.458	468	498	-0.557028	0.072289	
A/chicken/Taiwan/1682/201	0.3030	0.2449	0.4406	0.2436	0.138	-0.104	0.367	50.85	0.388	0.463	469	498	-0.570080	0.072289	
A/chicken/Taiwan/1692/201	0.3030	0.2449	0.4433	0.2407	0.138	-0.107	0.365	50.60	0.386	0.463	469	498	-0.570080	0.072289	
A/chicken/Taiwan/1704/201	0.3030	0.2449	0.4433	0.2407	0.138	-0.107	0.365	50.60	0.386	0.463	469	498	-0.570080	0.072289	
A/chicken/Taiwan/1711/201	0.3030	0.2449	0.4433	0.2407	0.138	-0.107	0.365	50.60	0.386	0.463	469	498	-0.570080	0.072289	
A/chicken/Taiwan/2593/201	0.3266	0.2354	0.4233	0.2478	0.143	-0.094	0.372	49.64	0.382	0.460	468	498	-0.559438	0.072289	
A/chicken/Taiwan/2948/201	0.3266	0.2354	0.4233	0.2478	0.142	-0.094	0.372	50.04	0.382	0.461	468	498	-0.559438	0.072289	
A/chicken/Taiwan/4443/201	0.3299	0.2310	0.4271	0.2450	0.142	-0.093	0.373	49.78	0.377	0.459	467	498	-0.564659	0.072289	
A/chicken/Taiwan/683/2012	0.3114	0.2506	0.4430	0.2277	0.139	-0.105	0.365	48.93	0.380	0.461	468	498	-0.581325	0.072289	
A/chicken/Taiwan/7350/201	0.3291	0.2329	0.4286	0.2414	0.140	-0.097	0.370	49.80	0.376	0.459	468	498	-0.560040	0.072289	
A/chicken/Taiwan/8988/201	0.3266	0.2354	0.4244	0.2486	0.143	-0.094	0.372	49.69	0.382	0.460	468	498	-0.564859	0.072289	
A/chicken/Taiwan/8994/201	0.3266	0.2354	0.4244	0.2486	0.143	-0.094	0.372	49.69	0.382	0.460	468	498	-0.564859	0.072289	
A/chicken/Taiwan/8996/201	0.3266	0.2354	0.4244	0.2486	0.143	-0.094	0.372	49.69	0.382	0.460	468	498	-0.564859	0.072289	
A/chicken/Taiwan/A1/2019_	0.3402	0.2327	0.4011	0.2659	0.147	-0.092	0.374	50.16	0.391	0.459	468	498	-0.557028	0.072289	
A/chicken/Taiwan/A1997/20	0.2970	0.2563	0.4282	0.2565	0.150	-0.062	0.391	49.95	0.406	0.468	468	498	-0.575301	0.074297	
A/chicken/Taiwan/D2/2019_	0.2800	0.2875	0.3874	0.2829	0.153	-0.048	0.399	51.66	0.451	0.479	474	504	-0.540278	0.075397	
A/chicken/Taiwan/D9/2019_	0.2775	0.2900	0.3874	0.2829	0.153	-0.051	0.397	51.71	0.454	0.479	474	504	-0.540278	0.075397	
A/chicken/Tibet/LZ01/2010	0.2944	0.2538	0.4191	0.2730	0.147	-0.080	0.380	50.99	0.416	0.469	469	498	-0.583333	0.074297	
A/chicken/Wuhan/HAQL07/20	0.2980	0.2576	0.3644	0.3246	0.143	-0.089	0.375	50.63	0.456	0.479	469	498	-0.570482	0.076305	
A/chicken/Wuhan/HAQL16/20	0.2980	0.2576	0.3644	0.3246	0.143	-0.089	0.375	50.63	0.456	0.479	469	498	-0.570482	0.076305	
A/chicken/Wuhan/WHJF/2014	0.2915	0.2814	0.4026	0.2636	0.160	-0.007	0.423	50.39	0.431	0.474	473	504	-0.555159	0.075397	
A/chicken/Wuhan/WHYJ01/20	0.2911	0.2709	0.3813	0.3014	0.151	-0.055	0.394	51.34	0.450	0.480	469	498	-0.579117	0.074297	
A/chicken/Wuxi/WX-32/2013	0.2911	0.2759	0.3803	0.2931	0.158	-0.044	0.401	50.74	0.450	0.482	469	498	-0.567068	0.076305	
A/chicken/Wuxi/WX-33/2013	0.2897	0.2720	0.3904	0.2890	0.153	-0.065	0.388	50.06	0.443	0.480	469	498	-0.566867	0.080321	
A/chicken/Xinjiang/17/200	0.2955	0.2652	0.3936	0.2853	0.151	-0.054	0.394	52.43	0.435	0.475	469	498	-0.576707	0.076305	
A/chicken/Xinjiang/27/200	0.2987	0.2633	0.3830	0.2968	0.154	-0.063	0.390	52.81	0.441	0.477	469	498	-0.570482	0.076305	
A/chicken/Xinjiang/53/200	0.2987	0.2633	0.3856	0.2939	0.154	-0.059	0.392	52.80	0.439	0.477	469	498	-0.570482	0.076305	
A/chicken/Xinjiang/54/200	0.2955	0.2652	0.3883	0.2911	0.151	-0.058	0.392	52.90	0.439	0.476	469	498	-0.579920	0.076305	
A/chicken/Xinjiang/67/200	0.2987	0.2633	0.3883	0.2911	0.154	-0.059	0.392	52.70	0.437	0.476	469	498	-0.570482	0.076305	
A/chicken/Xinjiang/68/200	0.2970	0.2640	0.3893	0.2911	0.153	-0.065	0.389	52.85	0.438	0.476	468	498	-0.575703	0.076305	
A/chicken/Xuzhou/XZ6/2016	0.2893	0.2640	0.3893	0.3006	0.151	-0.062	0.391	50.36	0.444	0.478	468	498	-0.578916	0.074297	
A/chicken/YL/A3190/2014_H	0.2965	0.2487	0.4316	0.2543	0.141	-0.081	0.379	50.27	0.400	0.468	470	498	-0.569277	0.074297	
A/chicken/Yangzhou/YD1/20	0.2868	0.2690	0.3973	0.2899	0.155	-0.036	0.406	50.36	0.440	0.475	468	498	-0.578313	0.074297	
A/chicken/Yuhang/1/2013_H	0.2734	0.2861	0.3883	0.2931	0.158	-0.032	0.407	50.66	0.458	0.484	469	498	-0.579920	0.074297	
A/chicken/Yuhang/2/2013_H	0.2734	0.2861	0.3883	0.2931	0.158	-0.032	0.407	50.66	0.458	0.484	469	498	-0.579920	0.074297	
A/chicken/Yunlin/15020048	0.2850	0.2850	0.3984	0.2663	0.156	-0.045	0.400	50.08	0.438	0.477	475	504	-0.543452	0.075397	
A/chicken/Yunlin/15040002	0.2918	0.2818	0.3995	0.2614	0.157	-0.045	0.400	50.07	0.432	0.475	475	504	-0.542659	0.075397	
A/chicken/Yunlin/15040027	0.2911	0.2759	0.4037	0.2629	0.152	-0.059	0.392	50.29	0.429	0.476	469	498	-0.559237	0.076305	
A/chicken/Yunlin/15050012	0.2839	0.2889	0.4215	0.2429	0.165	-0.016	0.418	50.60	0.422	0.468	474	504	-0.543452	0.075397	
A/chicken/Yunlin/15050037	0.2918	0.2793	0.3995	0.2642	0.154	-0.052	0.396	50.10	0.432	0.475	475	504	-0.542659	0.075397	
A/chicken/Yunlin/15050039	0.2893	0.2818	0.3995	0.2642	0.155	-0.048	0.398	50.05	0.434	0.476	475	504	-0.542659	0.075397	
A/chicken/Yunlin/15060014	0.2893	0.2818	0.3995	0.2642	0.155	-0.049	0.398	50.01	0.434	0.476	475	504	-0.547421	0.075397	
A/chicken/Yunlin/15080024	0.2893	0.2818	0.3969	0.2670	0.155	-0.045	0.400	49.84	0.436	0.476	475	504	-0.542659	0.075397	
A/chicken/Yunlin/16010001	0.2868	0.2768	0.3943	0.2784	0.153	-0.059	0.392	50.18	0.440	0.478	475	504	-0.542659	0.075397	
A/chicken/Yunlin/16010008	0.2900	0.2825	0.3969	0.2670	0.157	-0.049	0.398	50.08	0.436	0.476	475	504	-0.536508	0.075397	
A/chicken/Yunlin/16020038	0.2975	0.2775	0.3937	0.2686	0.158	-0.024	0.411	50.98	0.432	0.475	474	504	-0.542659	0.075397	
A/chicken/Yunlin/16050053	0.2918	0.2793	0.4073	0.2557	0.155	-0.053	0.396	49.95	0.425	0.474	475	504	-0.534524	0.075397	
A/chicken/Yunlin/17010001	0.2982	0.2782	0.3921	0.2686	0.160	-0.019	0.414	50.55	0.433	0.476	473	504	-0.547818	0.075397	
A/chicken/Yunlin/17010014	0.2818	0.2893	0.3864	0.2792	0.156	-0.044	0.400	50.67	0.451	0.480	475	504	-0.532143	0.075397	
A/chicken/Yunlin/17020094	0.2818	0.2893	0.3760	0.2906	0.155	-0.040	0.402	50.39	0.459	0.481	475	504	-0.531548	0.077381	
A/chicken/Yunlin/17020095	0.2810	0.2810	0.4048	0.2693	0.149	-0.071	0.386	50.65	0.437	0.478	469	498	-0.561245	0.078313	
A/chicken/Yunlin/17030001	0.2818	0.2893	0.3890	0.2756	0.154	-0.052	0.396	51.05	0.448	0.479	475	504	-0.542659	0.075397	
A/chicken/Yunlin/17030007	0.2843	0.2868	0.3890	0.2764	0.155	-0.048	0.398	50.48	0.446	0.479	475	504	-0.532143	0.075397	
A/chicken/Yunlin/17030010	0.2818	0.2893	0.3864	0.2792	0.155	-0.048	0.398	50.33	0.451	0.479	475	504	-0.537103	0.075397	
A/chicken/Yunlin/17030014	0.2818	0.2893	0.3916	0.2727	0.153	-0.056	0.394	50.85	0.446	0.479	475	504	-0.542659	0.075397	
A/chicken/Yunlin/17030020	0.2825	0.2900	0.3812	0.2849	0.156	-0.041	0.402	51.39	0.455	0.480	475	504	-0.530952	0.075397	
A/chicken/Yunlin/17030021	0.2818	0.2893	0.3890	0.2756	0.154	-0.052	0.396	51.13	0.448	0.479	475	504	-0.542659	0.075397	
A/chicken/Yunlin/17030032	0.2861	0.2810	0.3974	0.2686	0.148	-0.066	0.388	50.74	0.437	0.478	469	498	-0.548394	0.076305	
A/chicken/Yunlin/17030065	0.2793	0.2918	0.3864	0.2784	0.158	-0.044	0.400	50.76	0.453	0.481	475	504	-0.532738	0.075397	
A/chicken/Yunlin/17040003	0.2868	0.2843	0.3890	0.2764	0.155	-0.048	0.398	50.53	0.444	0.478	475	504	-0.532143	0.075397	
A/chicken/Yunlin/17040004	0.2843	0.2868	0.3916	0.2720	0.154	-0.053	0.396	51.49	0.444	0.479	475	504	-0.552183	0.075397	
A/chicken/Yunlin/17040011	0.2818	0.2893	0.3916	0.2727	0.155	-0.048	0.398	51.08	0.446	0.479	475	504	-0.541865	0.075397	
A/chicken/Yunlin/17060019	0.2768	0.2893	0.3890	0.2812	0.154	-0.048	0.398	50.70	0.453	0.481	475	504	-0.542659	0.075397	
A/chicken/Yunlin/17070010	0.2818	0.2868	0.3864	0.2821	0.153	-0.059	0.392	50.76	0.451	0.480	475	504	-0.532143	0.075397	
A/chicken/Yunlin/18010001	0.2800	0.2900	0.3874	0.2800	0.153	-0.054	0.395	50.98	0.451	0.479	474	504	-0.541667	0.075397	
A/chicken/Yunlin/18010023	0.2818	0.2868	0.3890	0.2792	0.152	-0.059	0.392	51.03	0.448	0.480	475	504	-0.535913	0.073413	
A/chicken/Yunlin/18020003	0.2818	0.2868	0.3838	0.2849	0.153	-0.059	0.392	51.47	0.453	0.481	475	504	-0.532143	0.075397	
A/chicken/Yunlin/18020004	0.2818	0.2868	0.3838	0.2849	0.153	-0.055	0.394	51.47	0.453	0.481	475	504	-0.536508	0.075397	
A/chicken/Yunlin/18020005	0.2818	0.2868	0.3838	0.2849	0.153	-0.059	0.392	51.47	0.453	0.481	475	504	-0.532143	0.075397	
A/chicken/Yunlin/18020008	0.2818	0.2868	0.3890	0.2792	0.152	-0.059	0.392	51.18	0.448	0.479	475	504	-0.532143	0.075397	
A/chicken/Yunlin/18030002	0.2868	0.2843	0.3786	0.2877	0.154	-0.055	0.394	51.69	0.453	0.481	475	504	-0.532143	0.075397	
A/chicken/Yunlin/18050013	0.2868	0.2818	0.3864	0.2821	0.152	-0.066	0.387	51.98	0.446	0.479	475	504	-0.532143	0.075397	
A/chicken/Yunlin/18060001	0.2868	0.2818	0.3864	0.2821	0.152	-0.066	0.387	51.98	0.446	0.479	475	504	-0.532143	0.075397	
A/chicken/Yunlin/18080006	0.2993	0.2718	0.4147	0.2507	0.152	-0.047	0.398	50.46	0.415	0.470	475	504	-0.559722	0.075397	
A/chicken/Yunnan/1/2014_H	0.2901	0.2697	0.3856	0.2968	0.152	-0.062	0.391	50.34	0.447	0.479	468	498	-0.578916	0.074297	
A/chicken/Yunnan/207/2004	0.2929	0.2601	0.3883	0.2997	0.154	-0.058	0.392	50.33	0.441	0.479	469	498	-0.571687	0.076305	
A/chicken/Yunnan/5686/200	0.2904	0.2626	0.3883	0.2997	0.154	-0.058	0.392	50.25	0.443	0.479	469	498	-0.571687	0.076305	
A/chicken/Yunnan/6797/200	0.2879	0.2652	0.3883	0.2997	0.155	-0.054	0.394	50.30	0.446	0.480	469	498	-0.571687	0.076305	
A/chicken/Yunnan/6885/200	0.2879	0.2652	0.3883	0.2997	0.155	-0.054	0.394	50.12	0.446	0.480	469	498	-0.571687	0.076305	
A/chicken/Zhejiang/102637	0.3005	0.2677	0.3915	0.2767	0.155	-0.044	0.401	50.82	0.431	0.475	469	498	-0.567671	0.074297	
A/chicken/Zhejiang/13160/	0.3013	0.2481	0.4213	0.2688	0.150	-0.069	0.387	50.30	0.408	0.468	468	498	-0.580723	0.074297	
A/chicken/Zhejiang/194/20	0.2861	0.2734	0.3867	0.2986	0.151	-0.063	0.390	51.33	0.450	0.480	469	498	-0.579117	0.074297	
A/chicken/Zhejiang/209/20	0.2748	0.2926	0.4101	0.2579	0.163	-0.029	0.410	50.58	0.438	0.478	468	498	-0.556827	0.076305	
A/chicken/Zhejiang/217/20	0.2861	0.2734	0.3867	0.2986	0.151	-0.063	0.390	51.33	0.450	0.480	469	498	-0.579117	0.074297	
A/chicken/Zhejiang/232/20	0.2774	0.2901	0.4180	0.2486	0.161	-0.032	0.408	50.61	0.429	0.475	468	498	-0.563253	0.076305	
A/chicken/Zhejiang/514135	0.3053	0.2621	0.4085	0.2622	0.154	-0.062	0.391	50.09	0.415	0.471	468	498	-0.574297	0.076305	
A/chicken/Zhejiang/528127	0.2835	0.2810	0.3893	0.2899	0.153	-0.059	0.392	50.43	0.450	0.479	469	498	-0.579117	0.074297	
A/chicken/Zhejiang/6107/2	0.3071	0.2487	0.4240	0.2601	0.149	-0.080	0.380	51.21	0.402	0.464	468	498	-0.579518	0.074297	
A/chicken/Zhejiang/6C2/20	0.2817	0.2741	0.4000	0.2870	0.156	-0.036	0.406	50.15	0.442	0.477	468	498	-0.578313	0.074297	
A/chicken/Zhejiang/727022	0.2955	0.2652	0.3850	0.2994	0.153	-0.064	0.390	50.60	0.443	0.477	469	498	-0.570281	0.074297	
A/chicken/Zhejiang/727026	0.2937	0.2658	0.3840	0.3014	0.152	-0.059	0.392	50.56	0.446	0.478	469	498	-0.579117	0.074297	
A/chicken/Zhejiang/727079	0.3089	0.2608	0.3920	0.2812	0.151	-0.073	0.384	50.65	0.426	0.472	469	498	-0.574096	0.074297	
A/chicken/Zhejiang/727155	0.2947	0.2645	0.3813	0.3014	0.151	-0.070	0.386	50.85	0.446	0.479	469	498	-0.560643	0.074297	
A/chicken/Zhejiang/727159	0.3089	0.2608	0.3920	0.2812	0.151	-0.073	0.384	50.65	0.426	0.472	469	498	-0.574096	0.074297	
A/chicken/Zhejiang/7450/2	0.2799	0.2875	0.4153	0.2521	0.163	-0.033	0.408	50.95	0.429	0.475	468	498	-0.561847	0.076305	
A/chicken/Zhejiang/81643/	0.2774	0.2901	0.4101	0.2579	0.163	-0.036	0.406	51.19	0.436	0.476	468	498	-0.561847	0.076305	
A/common_mallard/Ningxia/	0.2937	0.2785	0.3889	0.2751	0.156	-0.045	0.401	51.72	0.439	0.478	469	498	-0.562249	0.076305	
A/condor/Guangdong/139/20	0.2864	0.2638	0.3836	0.3066	0.154	-0.064	0.389	50.96	0.450	0.483	471	498	-0.571486	0.076305	
A/domestic_green-winged_t	0.2893	0.2768	0.4121	0.2600	0.155	-0.027	0.411	50.84	0.425	0.473	475	504	-0.556548	0.075397	
A/duck/Anhui/56/2005_H5N1	0.2987	0.2582	0.3936	0.2902	0.153	-0.065	0.388	49.26	0.433	0.473	469	498	-0.584337	0.076305	
A/duck/Anhui/S4/2016_H5N6	0.2861	0.2734	0.3840	0.3014	0.151	-0.063	0.390	51.14	0.452	0.480	469	498	-0.575301	0.076305	
A/duck/Changhua/15A03431-	0.2861	0.2836	0.3943	0.2707	0.154	-0.049	0.398	50.05	0.440	0.478	475	504	-0.535913	0.075397	
A/duck/Changhua/15A03473-	0.2843	0.2868	0.3969	0.2670	0.153	-0.056	0.394	50.27	0.440	0.478	475	504	-0.542659	0.075397	
A/duck/Chiayi/15080023/20	0.2975	0.2800	0.3858	0.2743	0.161	-0.017	0.416	50.95	0.439	0.477	474	504	-0.542659	0.075397	
A/duck/China/0935/2017_H5	0.2886	0.2684	0.3936	0.2911	0.155	-0.055	0.394	50.39	0.441	0.479	469	498	-0.574297	0.074297	
A/duck/China/0936/2017_H5	0.2937	0.2684	0.3883	0.2919	0.153	-0.064	0.390	50.47	0.441	0.480	469	498	-0.577711	0.074297	
A/duck/China/0938/2017_H5	0.2886	0.2684	0.3936	0.2911	0.155	-0.055	0.394	50.39	0.441	0.479	469	498	-0.574297	0.074297	
A/duck/China/1033/2017_H5	0.2886	0.2684	0.3936	0.2911	0.156	-0.052	0.397	50.37	0.441	0.479	469	498	-0.566867	0.074297	
A/duck/China/E26/2012_H5N	0.2904	0.2677	0.3740	0.3075	0.154	-0.050	0.397	50.41	0.454	0.483	469	498	-0.561446	0.076305	
A/duck/China/E53/2012_H5N	0.2854	0.2677	0.3936	0.2939	0.149	-0.069	0.386	51.54	0.443	0.479	469	498	-0.576707	0.076305	
A/duck/China/YD1516/2016_	0.2748	0.2926	0.4206	0.2464	0.163	-0.025	0.412	50.33	0.429	0.474	468	498	-0.561847	0.076305	
A/duck/Chongqing/S4362/20	0.3036	0.2653	0.4021	0.2665	0.156	-0.033	0.408	50.49	0.421	0.473	468	498	-0.567269	0.076305	
A/duck/Dongguan/2685/2013	0.2911	0.2684	0.3867	0.2986	0.152	-0.063	0.390	50.53	0.446	0.478	469	498	-0.579117	0.074297	
A/duck/Eastern_China/008/	0.2700	0.2850	0.4316	0.2529	0.160	-0.033	0.407	50.28	0.426	0.470	474	504	-0.556548	0.075397	
A/duck/Eastern_China/031/	0.2700	0.2850	0.4316	0.2529	0.160	-0.029	0.409	50.18	0.426	0.470	474	504	-0.556548	0.075397	
A/duck/Eastern_China/057/	0.2734	0.2785	0.3984	0.2948	0.153	-0.047	0.399	49.43	0.452	0.477	469	498	-0.592771	0.076305	
A/duck/Eastern_China/108/	0.2700	0.2850	0.4289	0.2557	0.160	-0.033	0.407	50.38	0.428	0.470	474	504	-0.556548	0.075397	
A/duck/Eastern_China/1111	0.2774	0.2799	0.4267	0.2536	0.158	-0.039	0.405	50.04	0.424	0.471	467	498	-0.572490	0.076305	
A/duck/Eastern_China/909/	0.2725	0.2900	0.3990	0.2764	0.166	-0.019	0.416	48.16	0.449	0.482	474	504	-0.561508	0.075397	
A/duck/Eastern_China/JY/2	0.2835	0.2810	0.4142	0.2543	0.157	-0.033	0.407	50.36	0.426	0.473	469	498	-0.555823	0.076305	
A/duck/Eastern_China/L023	0.2832	0.2704	0.4149	0.2701	0.157	-0.043	0.403	49.84	0.428	0.473	467	498	-0.572490	0.076305	
A/duck/Eastern_China/L032	0.2850	0.2697	0.4293	0.2536	0.154	-0.050	0.398	49.36	0.415	0.468	467	498	-0.572490	0.076305	
A/duck/Eastern_China/L040	0.2824	0.2824	0.4271	0.2443	0.162	-0.021	0.415	49.68	0.419	0.470	468	498	-0.567269	0.076305	
A/duck/Eastern_China/L042	0.2799	0.2850	0.4244	0.2471	0.162	-0.018	0.417	49.70	0.423	0.471	468	498	-0.567269	0.076305	
A/duck/Eastern_China/L061	0.2774	0.2875	0.4271	0.2443	0.160	-0.021	0.415	50.00	0.423	0.470	468	498	-0.567269	0.076305	
A/duck/Eastern_China/L072	0.2799	0.2850	0.4218	0.2500	0.163	-0.014	0.419	49.82	0.425	0.472	468	498	-0.567269	0.076305	
A/duck/Eastern_China/L102	0.2799	0.2850	0.4153	0.2550	0.160	-0.021	0.415	50.35	0.429	0.473	468	498	-0.561647	0.076305	
A/duck/Eastern_China/L112	0.2824	0.2875	0.4164	0.2500	0.162	-0.019	0.417	50.80	0.427	0.473	468	498	-0.572088	0.076305	
A/duck/Eastern_China/S013	0.2850	0.2824	0.4286	0.2378	0.162	-0.025	0.412	50.57	0.415	0.469	468	498	-0.561847	0.076305	
A/duck/Eastern_China/S021	0.2792	0.2868	0.4132	0.2536	0.160	-0.030	0.409	50.09	0.431	0.475	469	498	-0.545783	0.076305	
A/duck/Eastern_China/S032	0.2875	0.2697	0.4267	0.2572	0.160	-0.040	0.404	48.54	0.417	0.471	468	498	-0.581928	0.074297	
A/duck/Eastern_China/S071	0.2868	0.2690	0.3947	0.2928	0.154	-0.040	0.404	50.84	0.442	0.477	468	498	-0.578313	0.074297	
A/duck/Eastern_China/S080	0.2850	0.2748	0.4240	0.2551	0.155	-0.055	0.396	49.83	0.420	0.468	467	498	-0.569679	0.076305	
A/duck/Eastern_China/S090	0.2919	0.2690	0.3893	0.2919	0.152	-0.061	0.391	49.91	0.442	0.477	468	498	-0.574096	0.074297	
A/duck/Eastern_China/S110	0.2792	0.2843	0.4195	0.2514	0.154	-0.038	0.405	51.25	0.426	0.472	469	498	-0.566868	0.076305	
A/duck/Eastern_China/S121	0.2843	0.2792	0.4169	0.2543	0.158	-0.033	0.407	50.39	0.424	0.471	469	498	-0.562048	0.076305	
A/duck/Fujian/1.17_FZHX01	0.2868	0.2640	0.4000	0.2902	0.157	-0.043	0.402	51.31	0.438	0.478	468	498	-0.589960	0.074297	
A/duck/Fujian/10.26_FZHX0	0.2817	0.2792	0.3813	0.3043	0.151	-0.060	0.392	51.78	0.458	0.483	469	498	-0.576305	0.074297	
A/duck/Fujian/10.26_FZHX0	0.2785	0.2810	0.3787	0.3064	0.148	-0.064	0.390	51.24	0.463	0.485	469	498	-0.577109	0.074297	
A/duck/Fujian/11.23_FZHX0	0.2886	0.2684	0.3893	0.2986	0.148	-0.063	0.390	52.48	0.446	0.479	469	498	-0.578313	0.074297	
A/duck/Fujian/11.23_FZHX0	0.2817	0.2792	0.3893	0.2957	0.150	-0.060	0.392	51.94	0.452	0.481	469	498	-0.576305	0.074297	
A/duck/Fujian/11.23_FZHX0	0.2759	0.2785	0.3803	0.3092	0.149	-0.062	0.390	50.90	0.463	0.485	469	498	-0.576305	0.072289	
A/duck/Fujian/11.3_FZHX11	0.2868	0.2640	0.3973	0.2931	0.157	-0.040	0.404	51.27	0.440	0.478	468	498	-0.594980	0.074297	
A/duck/Fujian/11.3_FZHX11	0.2868	0.2640	0.3973	0.2931	0.158	-0.040	0.404	51.39	0.440	0.478	468	498	-0.595181	0.074297	
A/duck/Fujian/12.7_FZHX12	0.2868	0.2640	0.4000	0.2902	0.157	-0.043	0.402	51.31	0.438	0.478	468	498	-0.589960	0.074297	
A/duck/Fujian/12.7_FZHX12	0.2919	0.2640	0.3947	0.2902	0.159	-0.032	0.408	51.65	0.438	0.478	468	498	-0.589960	0.074297	
A/duck/Fujian/12.7_FZHX12	0.2919	0.2640	0.3947	0.2902	0.159	-0.032	0.408	51.65	0.438	0.478	468	498	-0.589960	0.074297	
A/duck/Fujian/12.7_FZHX12	0.2919	0.2640	0.3947	0.2902	0.159	-0.032	0.408	51.65	0.438	0.478	468	498	-0.589960	0.074297	
A/duck/Guangdong/11.18_SZ	0.2810	0.2810	0.3707	0.3130	0.150	-0.063	0.390	52.26	0.467	0.486	469	498	-0.570080	0.074297	
A/duck/Guangdong/11.18_SZ	0.2810	0.2810	0.3707	0.3130	0.150	-0.063	0.390	52.26	0.467	0.486	469	498	-0.570080	0.074297	
A/duck/Guangdong/11.18_SZ	0.2810	0.2810	0.3707	0.3130	0.150	-0.063	0.390	52.26	0.467	0.486	469	498	-0.570080	0.074297	
A/duck/Guangdong/23/2004_	0.2879	0.2652	0.3899	0.2968	0.154	-0.058	0.392	50.75	0.443	0.481	469	498	-0.555622	0.076305	
A/duck/Guangdong/GD01/201	0.2987	0.2608	0.3867	0.2986	0.149	-0.074	0.384	51.26	0.439	0.475	469	498	-0.582932	0.072289	
A/duck/Guangdong/s14044/2	0.2748	0.2926	0.4274	0.2400	0.159	-0.027	0.412	51.24	0.424	0.473	469	498	-0.563253	0.076305	
A/duck/Guangdong/wy11/200	0.2750	0.2800	0.4342	0.2493	0.159	-0.040	0.403	50.07	0.420	0.468	474	504	-0.557143	0.075397	
A/duck/Guangdong/wy19/200	0.2725	0.2825	0.4368	0.2464	0.159	-0.036	0.405	49.83	0.420	0.468	474	504	-0.557143	0.075397	
A/duck/Guangdong/wy24/200	0.2732	0.2832	0.4485	0.2321	0.157	-0.046	0.400	49.11	0.410	0.466	473	504	-0.562302	0.075397	
A/duck/Guangzhou/018/2014	0.2886	0.2709	0.3840	0.3014	0.152	-0.059	0.392	50.65	0.450	0.479	469	498	-0.584137	0.074297	
A/duck/Guangzhou/021/2014	0.2955	0.2652	0.3850	0.2994	0.150	-0.070	0.386	51.06	0.443	0.477	469	498	-0.578514	0.074297	
A/duck/Guangzhou/41227/20	0.2886	0.2734	0.3893	0.2928	0.153	-0.059	0.392	50.84	0.446	0.478	469	498	-0.579117	0.074297	
A/duck/Guizhou/7.27_ZYLJJ	0.2937	0.2684	0.3947	0.2870	0.154	-0.059	0.392	50.11	0.437	0.476	469	498	-0.574498	0.076305	
A/duck/Guizhou/8.26_ZYLJJ	0.2937	0.2658	0.3787	0.3064	0.152	-0.066	0.388	51.39	0.450	0.480	469	498	-0.575100	0.076305	
A/duck/Guizhou/8.26_ZYLJJ	0.2911	0.2684	0.3920	0.2928	0.153	-0.063	0.390	50.41	0.441	0.477	469	498	-0.574498	0.076305	
A/duck/Hainan/12.29_HKPL0	0.2911	0.2684	0.3813	0.3035	0.151	-0.070	0.386	51.96	0.450	0.481	469	498	-0.578916	0.074297	
A/duck/Hebei/0908/2009_H5	0.2987	0.2608	0.4132	0.2593	0.150	-0.050	0.397	50.50	0.414	0.473	469	498	-0.545382	0.076305	
A/duck/Hong_Kong/342/1978	0.2864	0.2915	0.3937	0.2686	0.172	-0.000	0.426	49.43	0.443	0.479	474	504	-0.555357	0.075397	
A/duck/Hsinchu/15020216/2	0.2868	0.2843	0.3943	0.2691	0.155	-0.049	0.398	50.25	0.440	0.478	475	504	-0.552976	0.075397	
A/duck/HuBei/03/2010_H5N5	0.2962	0.2608	0.3936	0.2911	0.155	-0.051	0.397	50.12	0.435	0.474	469	498	-0.571084	0.078313	
A/duck/Hubei/2911/2007_H5	0.2854	0.2702	0.3820	0.3009	0.151	-0.054	0.394	50.22	0.452	0.481	469	498	-0.572691	0.076305	
A/duck/Hubei/49/2005_H5N1	0.2886	0.2684	0.3936	0.2911	0.154	-0.048	0.399	49.98	0.441	0.477	469	498	-0.575502	0.076305	
A/duck/Hubei/SZY250/2016_	0.2774	0.2901	0.4259	0.2407	0.162	-0.029	0.410	50.11	0.423	0.472	468	498	-0.561847	0.076305	
A/duck/Hubei/xn/2007_H5N1	0.2854	0.2677	0.3936	0.2939	0.151	-0.073	0.384	50.57	0.443	0.479	469	498	-0.571687	0.076305	
A/duck/Hunan/01.12_YYGK82	0.2937	0.2684	0.3867	0.2957	0.152	-0.074	0.384	50.96	0.443	0.479	469	498	-0.578313	0.074297	
A/duck/Hunan/03.07_YYGK25	0.2911	0.2709	0.3920	0.2899	0.153	-0.063	0.390	51.08	0.441	0.478	469	498	-0.578514	0.074297	
A/duck/Hunan/03.07_YYGK4L	0.2835	0.2759	0.3813	0.3043	0.149	-0.070	0.386	53.70	0.456	0.482	469	498	-0.578313	0.074297	
A/duck/Hunan/03.24_YYGK17	0.2785	0.2810	0.3840	0.3014	0.153	-0.054	0.394	50.42	0.458	0.482	469	498	-0.574297	0.074297	
A/duck/Hunan/03.24_YYGK17	0.2785	0.2810	0.3840	0.3014	0.153	-0.054	0.394	50.42	0.458	0.482	469	498	-0.574297	0.074297	
A/duck/Hunan/03.24_YYGK18	0.2785	0.2810	0.3813	0.3043	0.153	-0.054	0.394	50.39	0.461	0.483	469	498	-0.574297	0.074297	
A/duck/Hunan/03.24_YYGK21	0.2785	0.2810	0.3840	0.3014	0.153	-0.054	0.394	50.42	0.458	0.482	469	498	-0.574297	0.074297	
A/duck/Hunan/1.12_YYGK68H	0.2987	0.2633	0.3840	0.2977	0.151	-0.066	0.388	52.17	0.441	0.478	469	498	-0.578916	0.074297	
A/duck/Hunan/1.12_YYGK72H	0.2987	0.2633	0.3787	0.3035	0.152	-0.066	0.388	51.93	0.446	0.479	469	498	-0.578916	0.074297	
A/duck/Hunan/1.12_YYGK74H	0.2937	0.2684	0.3867	0.2957	0.152	-0.074	0.384	50.96	0.443	0.479	469	498	-0.578313	0.074297	
A/duck/Hunan/1.17_YYGKK80	0.2868	0.2741	0.3910	0.2919	0.152	-0.059	0.392	51.20	0.446	0.479	469	498	-0.579117	0.074297	
A/duck/Hunan/11.30_YYGK59	0.2835	0.2759	0.3813	0.3043	0.149	-0.067	0.388	51.28	0.456	0.483	469	498	-0.578313	0.074297	
A/duck/Hunan/11.30_YYGK62	0.2937	0.2709	0.3893	0.2899	0.152	-0.070	0.386	51.32	0.441	0.478	469	498	-0.578313	0.074297	
A/duck/Hunan/11.30_YYGK63	0.2937	0.2709	0.3867	0.2928	0.154	-0.067	0.388	51.05	0.443	0.479	469	498	-0.578313	0.074297	
A/duck/Hunan/11.30_YYGK74	0.2952	0.2799	0.4016	0.2586	0.156	-0.016	0.418	50.85	0.428	0.476	467	498	-0.582530	0.074297	
A/duck/Hunan/11.30_YYGK75	0.2835	0.2810	0.3760	0.3043	0.153	-0.055	0.394	51.71	0.461	0.484	469	498	-0.578313	0.074297	
A/duck/Hunan/12.27_YYGK10	0.2868	0.2741	0.3936	0.2890	0.152	-0.055	0.394	51.17	0.443	0.479	469	498	-0.579117	0.074297	
A/duck/Hunan/12.27_YYGK60	0.2886	0.2734	0.3787	0.3043	0.154	-0.055	0.394	51.28	0.454	0.482	469	498	-0.578313	0.074297	
A/duck/Hunan/12.27_YYGK71	0.2868	0.2741	0.3910	0.2919	0.152	-0.059	0.392	51.20	0.446	0.479	469	498	-0.579117	0.074297	
A/duck/Hunan/12.27_YYGK73	0.2886	0.2734	0.3787	0.3043	0.154	-0.055	0.394	51.28	0.454	0.482	469	498	-0.578313	0.074297	
A/duck/Hunan/12.27_YYGK81	0.2868	0.2741	0.3910	0.2919	0.152	-0.059	0.392	51.20	0.446	0.479	469	498	-0.579117	0.074297	
A/duck/Hunan/12.27_YYGK86	0.2886	0.2734	0.3787	0.3043	0.154	-0.055	0.394	51.28	0.454	0.482	469	498	-0.578313	0.074297	
A/duck/Hunan/12.27_YYGK89	0.2868	0.2741	0.3910	0.2919	0.152	-0.059	0.392	51.20	0.446	0.479	469	498	-0.579117	0.074297	
A/duck/Hunan/12.27_YYGK91	0.2868	0.2741	0.3910	0.2919	0.152	-0.059	0.392	51.20	0.446	0.479	469	498	-0.579117	0.074297	
A/duck/Hunan/12.27_YYGK93	0.2868	0.2741	0.3910	0.2919	0.152	-0.059	0.392	51.20	0.446	0.479	469	498	-0.579117	0.074297	
A/duck/Hunan/12.27_YYGK95	0.2868	0.2741	0.3910	0.2919	0.152	-0.059	0.392	51.20	0.446	0.479	469	498	-0.579117	0.074297	
A/duck/Hunan/12.27_YYGK96	0.2868	0.2741	0.3910	0.2919	0.152	-0.059	0.392	51.20	0.446	0.479	469	498	-0.579117	0.074297	
A/duck/Hunan/12.27_YYGK97	0.2868	0.2741	0.3936	0.2890	0.152	-0.055	0.394	51.17	0.443	0.479	469	498	-0.579117	0.074297	
A/duck/Hunan/2.06_YYGK77J	0.2911	0.2709	0.3910	0.2890	0.154	-0.059	0.392	51.11	0.441	0.479	469	498	-0.572892	0.074297	
A/duck/Hunan/2.06_YYGK78J	0.2962	0.2658	0.3867	0.2957	0.151	-0.070	0.386	51.26	0.441	0.477	469	498	-0.578313	0.074297	
A/duck/Hunan/2.06_YYGK84J	0.2911	0.2709	0.3910	0.2890	0.154	-0.059	0.392	51.11	0.441	0.479	469	498	-0.572892	0.074297	
A/duck/Hunan/2.06_YYGK92J	0.2911	0.2709	0.3910	0.2890	0.154	-0.059	0.392	51.11	0.441	0.479	469	498	-0.572892	0.074297	
A/duck/Hunan/3/2007_H5N1|	0.2879	0.2652	0.3883	0.2997	0.151	-0.073	0.384	50.78	0.446	0.480	469	498	-0.571687	0.076305	
A/duck/Hunan/316/2005_H5N	0.2937	0.2633	0.3926	0.2902	0.154	-0.051	0.397	50.02	0.437	0.476	469	498	-0.570080	0.076305	
A/duck/Hunan/3315/2006_H5	0.2810	0.2734	0.3936	0.2931	0.153	-0.047	0.399	49.85	0.448	0.479	469	498	-0.576104	0.076305	
A/duck/Hunan/689/2006_H5N	0.2937	0.2633	0.3899	0.2931	0.154	-0.051	0.397	50.02	0.439	0.476	469	498	-0.570080	0.076305	
A/duck/Hunan/7.21_YYGK41Y	0.2734	0.2886	0.3947	0.2870	0.153	-0.055	0.394	50.60	0.454	0.481	469	498	-0.579117	0.074297	
A/duck/Hunan/733/2004_H5N	0.2904	0.2601	0.3910	0.2997	0.149	-0.073	0.384	49.81	0.441	0.479	469	498	-0.571687	0.076305	
A/duck/Hunan/8/2008_H5N1|	0.2818	0.2818	0.3789	0.3009	0.159	-0.034	0.406	49.83	0.459	0.483	475	504	-0.552381	0.075397	
A/duck/Hunan/S4020/2008_H	0.2778	0.2778	0.3856	0.2997	0.150	-0.058	0.392	51.61	0.456	0.483	469	498	-0.571687	0.076305	
A/duck/Hunan/S4030/2011_H	0.2854	0.2677	0.3963	0.2928	0.148	-0.066	0.388	50.32	0.441	0.479	469	498	-0.570482	0.076305	
A/duck/Hunan/S4101/2011_H	0.3059	0.2416	0.4652	0.2348	0.148	-0.090	0.376	50.01	0.374	0.450	468	498	-0.583936	0.072289	
A/duck/Hunan/S4120/2011_H	0.3059	0.2416	0.4652	0.2341	0.149	-0.085	0.378	50.05	0.374	0.451	468	498	-0.584538	0.072289	
A/duck/Hunan/S4150/2011_H	0.2955	0.2601	0.3777	0.3084	0.151	-0.062	0.390	50.60	0.448	0.480	469	498	-0.571687	0.076305	
A/duck/Hunan/S4220/2011_H	0.2835	0.2759	0.3936	0.2882	0.155	-0.049	0.399	51.46	0.446	0.479	469	498	-0.584137	0.074297	
A/duck/Jiangsu/m234/2012_	0.2850	0.2799	0.4244	0.2478	0.161	-0.028	0.410	50.66	0.419	0.469	468	498	-0.556626	0.076305	
A/duck/Jiangxi/01.11_NCNP	0.2962	0.2684	0.3867	0.2928	0.155	-0.067	0.388	51.04	0.441	0.478	469	498	-0.578313	0.074297	
A/duck/Jiangxi/10160/2014	0.2843	0.2690	0.3963	0.2919	0.154	-0.051	0.397	50.65	0.442	0.478	468	498	-0.567671	0.074297	
A/duck/Jiangxi/11.17_NCNP	0.2861	0.2785	0.3840	0.2957	0.150	-0.074	0.384	51.56	0.452	0.481	469	498	-0.578313	0.074297	
A/duck/Jiangxi/11.17_NCNP	0.2861	0.2785	0.3840	0.2957	0.150	-0.074	0.384	51.56	0.452	0.481	469	498	-0.578313	0.074297	
A/duck/Jiangxi/11.29_NCDZ	0.2886	0.2734	0.3856	0.2948	0.154	-0.059	0.392	50.87	0.448	0.481	469	498	-0.572892	0.074297	
A/duck/Jiangxi/11.29_NCNP	0.2886	0.2734	0.3760	0.3072	0.154	-0.059	0.392	51.28	0.456	0.483	469	498	-0.578313	0.074297	
A/duck/Jiangxi/11.29_NCNP	0.2861	0.2734	0.3813	0.3043	0.147	-0.070	0.386	52.26	0.454	0.482	469	498	-0.579116	0.074297	
A/duck/Jiangxi/120/2011_H	0.2835	0.2709	0.4069	0.2795	0.151	-0.063	0.390	49.11	0.435	0.473	469	498	-0.580522	0.076305	
A/duck/Jiangxi/130/2011_H	0.2929	0.2626	0.3750	0.3112	0.151	-0.058	0.392	50.78	0.452	0.482	469	498	-0.575502	0.074297	
A/duck/Jiangxi/13469/2014	0.2843	0.2716	0.3947	0.2928	0.154	-0.040	0.404	50.88	0.444	0.477	468	498	-0.578313	0.074297	
A/duck/Jiangxi/13475/2014	0.2843	0.2716	0.3947	0.2928	0.154	-0.040	0.404	50.88	0.444	0.477	468	498	-0.578313	0.074297	
A/duck/Jiangxi/13484/2014	0.2843	0.2716	0.3947	0.2928	0.154	-0.040	0.404	50.88	0.444	0.477	468	498	-0.578313	0.074297	
A/duck/Jiangxi/2.28NCNP23	0.2937	0.2658	0.3893	0.2957	0.151	-0.074	0.384	50.89	0.441	0.478	469	498	-0.578313	0.074297	
A/duck/Jiangxi/2.28_NCNP2	0.2937	0.2658	0.3893	0.2957	0.151	-0.074	0.384	50.89	0.441	0.478	469	498	-0.578313	0.074297	
A/duck/Jiangxi/34/2011_H5	0.2759	0.2835	0.3873	0.2931	0.159	-0.029	0.409	50.26	0.456	0.483	469	498	-0.573695	0.074297	
A/duck/Jiangxi/35/2011_H5	0.2886	0.2759	0.3846	0.2902	0.156	-0.040	0.403	50.19	0.448	0.481	469	498	-0.573896	0.074297	
A/duck/Jiangxi/44/2011_H5	0.3071	0.2589	0.4048	0.2657	0.148	-0.065	0.388	50.06	0.416	0.471	469	498	-0.561446	0.076305	
A/duck/Jiangxi/5.26_NCDZT	0.2861	0.2734	0.3813	0.3043	0.147	-0.074	0.384	52.13	0.454	0.482	469	498	-0.578313	0.074297	
A/duck/Jiangxi/80/2005_H5	0.2944	0.2640	0.3883	0.2968	0.155	-0.048	0.399	49.62	0.441	0.476	469	498	-0.574297	0.076305	
A/duck/Jilin/JL-SIV/2013_	0.2893	0.2690	0.3920	0.2957	0.150	-0.063	0.390	49.71	0.443	0.475	469	498	-0.573896	0.078313	
A/duck/Kaohsiung/15010213	0.2868	0.2843	0.3969	0.2670	0.155	-0.048	0.398	50.11	0.438	0.477	475	504	-0.542659	0.075397	
A/duck/Kaohsiung/15WB3298	0.2993	0.2693	0.3953	0.2727	0.155	-0.031	0.408	50.94	0.429	0.476	475	504	-0.545238	0.077381	
A/duck/Kaohsiung/20WB0242	0.2743	0.2968	0.4058	0.2593	0.160	0.014	0.434	49.48	0.442	0.478	475	504	-0.547222	0.075397	
A/duck/Liaoning/LN/2011_H	0.2709	0.2759	0.4406	0.2493	0.158	-0.037	0.404	50.55	0.417	0.468	470	498	-0.560442	0.076305	
A/duck/Nanchang/9789/2013	0.2843	0.2716	0.3893	0.2977	0.151	-0.054	0.395	50.95	0.449	0.481	468	498	-0.578916	0.074297	
A/duck/Nantou/15A3437/201	0.2843	0.2868	0.3969	0.2670	0.153	-0.056	0.394	50.27	0.440	0.478	475	504	-0.542659	0.075397	
A/duck/Nantou/17A0243/201	0.2800	0.2900	0.3927	0.2743	0.157	-0.043	0.401	50.92	0.447	0.479	474	504	-0.536706	0.075397	
A/duck/Pingtung/15010180/	0.3050	0.2675	0.3990	0.2657	0.156	-0.033	0.407	51.20	0.422	0.472	474	504	-0.551786	0.075397	
A/duck/Pingtung/15010444/	0.2875	0.2850	0.3969	0.2670	0.155	-0.049	0.398	50.18	0.438	0.476	475	504	-0.546429	0.075397	
A/duck/Pingtung/17A0160/2	0.2743	0.2943	0.3890	0.2800	0.156	-0.041	0.402	51.16	0.455	0.481	475	504	-0.531548	0.075397	
A/duck/Pingtung/18A00003-	0.2825	0.2875	0.3927	0.2735	0.157	-0.047	0.399	50.59	0.445	0.479	474	504	-0.547222	0.075397	
A/duck/Pingtung/18A00076-	0.2843	0.2868	0.3786	0.2869	0.154	-0.059	0.392	51.09	0.455	0.482	475	504	-0.542659	0.075397	
A/duck/Pingtung/18X00077/	0.2775	0.2925	0.3937	0.2751	0.157	-0.043	0.401	50.65	0.449	0.479	474	504	-0.542262	0.075397	
A/duck/Shandong/009/2008_	0.2875	0.2750	0.3921	0.2894	0.155	-0.053	0.396	48.98	0.444	0.475	475	504	-0.556746	0.075397	
A/duck/Shandong/Q1/2013_H	0.2723	0.2875	0.4252	0.2472	0.160	-0.032	0.407	51.56	0.426	0.475	469	498	-0.554418	0.070281	
A/duck/Shandong/SD0261/20	0.2854	0.2778	0.4037	0.2693	0.151	-0.053	0.396	53.08	0.434	0.477	470	498	-0.550402	0.076305	
A/duck/Shandong/SD0263/20	0.2854	0.2778	0.4037	0.2693	0.151	-0.053	0.396	53.08	0.434	0.477	470	498	-0.550402	0.076305	
A/duck/Sichuan/NCXJ15/201	0.2792	0.2716	0.3973	0.2957	0.155	-0.036	0.406	50.21	0.447	0.479	468	498	-0.577510	0.074297	
A/duck/Sichuan/NCXJ16/201	0.2741	0.2766	0.3973	0.2957	0.156	-0.032	0.408	50.41	0.451	0.481	468	498	-0.577510	0.074297	
A/duck/Sichuan/NCXN10/201	0.2843	0.2766	0.3914	0.2936	0.153	-0.054	0.395	51.43	0.449	0.480	468	498	-0.577711	0.074297	
A/duck/Sichuan/NCXN11/201	0.2843	0.2766	0.3904	0.2928	0.153	-0.051	0.397	50.86	0.449	0.480	468	498	-0.584337	0.074297	
A/duck/Sichuan/SC4822/202	0.3046	0.2614	0.3883	0.2890	0.152	-0.078	0.382	53.21	0.433	0.475	469	498	-0.568072	0.076305	
A/duck/Sichuan/SC5698/202	0.3013	0.2633	0.3883	0.2890	0.151	-0.078	0.382	53.23	0.435	0.477	469	498	-0.569277	0.076305	
A/duck/Taichung/15010400-	0.2843	0.2868	0.3969	0.2670	0.154	-0.052	0.396	50.08	0.440	0.478	475	504	-0.542659	0.075397	
A/duck/Tainan/15010403/20	0.2925	0.2825	0.3885	0.2743	0.160	-0.014	0.418	50.69	0.441	0.478	474	504	-0.551786	0.075397	
A/duck/Tainan/16010020-1/	0.2943	0.2768	0.3916	0.2727	0.155	-0.048	0.398	50.14	0.436	0.476	475	504	-0.542659	0.075397	
A/duck/Tainan/16WB3443-15	0.3033	0.2682	0.3979	0.2678	0.156	-0.026	0.411	49.99	0.424	0.474	474	504	-0.560317	0.073413	
A/duck/Taipei/05WB830-1-5	0.2943	0.2718	0.4031	0.2678	0.157	-0.037	0.404	49.84	0.427	0.476	475	504	-0.542064	0.075397	
A/duck/Taipei/18WB0120-1-	0.2918	0.2843	0.4005	0.2593	0.154	-0.045	0.400	50.69	0.432	0.475	475	504	-0.547222	0.075397	
A/duck/Taipei/19WB0235-14	0.2918	0.2793	0.3953	0.2707	0.158	-0.012	0.419	50.79	0.436	0.476	475	504	-0.547222	0.075397	
A/duck/Taiwan/01006/2015_	0.2861	0.2836	0.3969	0.2670	0.153	-0.051	0.396	50.25	0.438	0.478	475	504	-0.544643	0.075397	
A/duck/Taiwan/11213/2013_	0.3028	0.2697	0.4149	0.2478	0.156	-0.031	0.409	50.27	0.411	0.471	467	498	-0.568072	0.076305	
A/duck/Taiwan/11254/2013_	0.3003	0.2723	0.4122	0.2507	0.157	-0.031	0.409	50.28	0.415	0.472	467	498	-0.568072	0.076305	
A/duck/Taiwan/A3400/2015_	0.3075	0.2675	0.3927	0.2678	0.157	-0.033	0.407	51.31	0.424	0.474	474	504	-0.546429	0.075397	
A/duck/Taiwan/DV1238/2009	0.2741	0.2792	0.4005	0.2845	0.163	-0.013	0.419	49.23	0.447	0.483	468	498	-0.575100	0.076305	
A/duck/Taiwan/DV1241/2009	0.2741	0.2792	0.4005	0.2845	0.163	-0.013	0.419	49.23	0.447	0.483	468	498	-0.575100	0.076305	
A/duck/Taiwan/DV1242/2009	0.2741	0.2792	0.4005	0.2845	0.163	-0.013	0.419	49.23	0.447	0.483	468	498	-0.575100	0.076305	
A/duck/Taoyuan/16010023-1	0.2918	0.2768	0.3969	0.2691	0.152	-0.052	0.396	50.12	0.434	0.476	475	504	-0.543254	0.075397	
A/duck/Wenzhou/YJYF33/201	0.3005	0.2551	0.3644	0.3246	0.144	-0.077	0.382	50.49	0.454	0.479	469	498	-0.570482	0.076305	
A/duck/Wuhan/JXYFB22/2015	0.2937	0.2658	0.3883	0.2948	0.153	-0.058	0.392	50.07	0.441	0.477	469	498	-0.568876	0.074297	
A/duck/Wuhan/WHYF02/2015_	0.2937	0.2684	0.3813	0.3023	0.151	-0.063	0.390	51.24	0.448	0.479	469	498	-0.578514	0.074297	
A/duck/Xinjiang/12.18_WLM	0.2925	0.2800	0.4121	0.2514	0.156	-0.025	0.411	50.71	0.422	0.472	474	504	-0.551786	0.075397	
A/duck/Yilan/17A0092/2017	0.2818	0.2893	0.3864	0.2792	0.154	-0.051	0.396	50.60	0.451	0.479	475	504	-0.532143	0.075397	
A/duck/Yunlin/15010244-1/	0.2868	0.2843	0.3969	0.2670	0.155	-0.048	0.398	50.11	0.438	0.477	475	504	-0.542659	0.075397	
A/duck/Yunlin/15010277/20	0.2839	0.2889	0.4188	0.2457	0.165	-0.012	0.420	50.77	0.424	0.468	474	504	-0.543452	0.075397	
A/duck/Yunlin/15010310-4/	0.2868	0.2843	0.3969	0.2670	0.155	-0.048	0.398	50.11	0.438	0.477	475	504	-0.542659	0.075397	
A/duck/Yunlin/15010318-2/	0.2868	0.2818	0.3995	0.2670	0.155	-0.048	0.398	49.85	0.436	0.476	475	504	-0.542659	0.075397	
A/duck/Yunlin/15010369-1/	0.2843	0.2868	0.3969	0.2663	0.154	-0.048	0.398	50.18	0.440	0.478	475	504	-0.543254	0.075397	
A/duck/Yunlin/15010458-1/	0.2839	0.2889	0.4215	0.2429	0.165	-0.016	0.418	50.60	0.422	0.468	474	504	-0.543452	0.075397	
A/duck/Yunlin/15070002-2/	0.2868	0.2843	0.4047	0.2585	0.155	-0.048	0.398	49.46	0.432	0.475	475	504	-0.542659	0.075397	
A/duck/Yunlin/15A5019/201	0.2843	0.2843	0.4073	0.2585	0.155	-0.052	0.396	49.28	0.432	0.475	475	504	-0.542659	0.075397	
A/duck/Yunlin/17110001/20	0.2982	0.2757	0.4132	0.2514	0.157	-0.032	0.407	50.49	0.418	0.470	474	504	-0.563095	0.075397	
A/duck/Yunlin/17A0086/201	0.2818	0.2893	0.3838	0.2821	0.153	-0.051	0.396	51.47	0.453	0.480	475	504	-0.532143	0.075397	
A/duck/Yunlin/17A0686/201	0.2818	0.2868	0.3901	0.2808	0.153	-0.059	0.392	51.20	0.448	0.478	475	504	-0.537103	0.075397	
A/duck/Yunlin/18060007-3/	0.3025	0.2700	0.4132	0.2514	0.153	-0.043	0.401	50.40	0.414	0.469	474	504	-0.564286	0.075397	
A/duck/Yunlin/18X00007-3/	0.2857	0.2932	0.4090	0.2529	0.162	-0.016	0.418	50.77	0.432	0.472	474	504	-0.559127	0.075397	
A/duck/Yunnan/4072/2003_H	0.2879	0.2652	0.3883	0.2997	0.154	-0.058	0.392	50.40	0.446	0.480	469	498	-0.571687	0.076305	
A/duck/Yunnan/426/2004_H5	0.2904	0.2626	0.3883	0.2997	0.154	-0.058	0.392	50.25	0.443	0.479	469	498	-0.571687	0.076305	
A/duck/Yunnan/4645/2003_H	0.2879	0.2652	0.3883	0.2997	0.154	-0.058	0.392	50.40	0.446	0.480	469	498	-0.571687	0.076305	
A/duck/Yunnan/47/2006_H5N	0.2861	0.2658	0.3803	0.3112	0.154	-0.051	0.397	51.32	0.454	0.482	469	498	-0.570482	0.076305	
A/duck/Yunnan/485/2004_H5	0.2929	0.2601	0.3883	0.2997	0.154	-0.058	0.392	50.33	0.441	0.479	469	498	-0.571687	0.076305	
A/duck/Yunnan/4873/2006_H	0.2835	0.2684	0.3856	0.3064	0.154	-0.048	0.399	50.73	0.452	0.481	469	498	-0.569880	0.076305	
A/duck/Yunnan/5090/2003_H	0.2879	0.2652	0.3883	0.2997	0.154	-0.058	0.392	50.40	0.446	0.480	469	498	-0.571687	0.076305	
A/duck/Yunnan/5169/2003_H	0.2879	0.2652	0.3883	0.2997	0.154	-0.058	0.392	50.40	0.446	0.480	469	498	-0.571687	0.076305	
A/duck/Yunnan/522/2004_H5	0.2904	0.2626	0.3883	0.2997	0.154	-0.058	0.392	50.25	0.443	0.479	469	498	-0.571687	0.076305	
A/duck/Yunnan/5310/2006_H	0.3013	0.2582	0.3873	0.2931	0.153	-0.051	0.397	49.82	0.435	0.475	469	498	-0.575301	0.076305	
A/duck/Yunnan/5948/2003_H	0.2904	0.2626	0.3883	0.2997	0.154	-0.058	0.392	50.25	0.443	0.479	469	498	-0.571687	0.076305	
A/duck/Yunnan/6080/2003_H	0.2904	0.2626	0.3883	0.2997	0.154	-0.062	0.390	50.19	0.443	0.479	469	498	-0.571687	0.076305	
A/duck/Yunnan/6603/2003_H	0.2904	0.2626	0.3893	0.3006	0.154	-0.058	0.392	50.24	0.443	0.479	469	498	-0.577109	0.076305	
A/duck/Zhejiang/1026109/2	0.2785	0.2886	0.4142	0.2521	0.163	-0.037	0.405	50.44	0.431	0.474	469	498	-0.541165	0.076305	
A/duck/Zhejiang/1220092/2	0.2810	0.2759	0.3910	0.2939	0.157	-0.048	0.399	50.84	0.450	0.481	469	498	-0.574297	0.074297	
A/duck/Zhejiang/213/2011_	0.2835	0.2759	0.3856	0.2968	0.156	-0.048	0.399	50.28	0.452	0.481	469	498	-0.579317	0.074297	
A/duck/Zhejiang/224/2011_	0.2785	0.2810	0.3856	0.2977	0.157	-0.041	0.403	49.56	0.456	0.482	469	498	-0.578715	0.074297	
A/duck/Zhejiang/2242/2011	0.2810	0.2785	0.3856	0.2977	0.156	-0.044	0.401	49.70	0.454	0.481	469	498	-0.578715	0.074297	
A/duck/Zhejiang/2243/2011	0.2785	0.2810	0.3856	0.2977	0.157	-0.041	0.403	49.56	0.456	0.482	469	498	-0.578715	0.074297	
A/duck/Zhejiang/2244/2011	0.2785	0.2810	0.3856	0.2977	0.157	-0.041	0.403	49.56	0.456	0.482	469	498	-0.578715	0.074297	
A/duck/Zhejiang/2245/2011	0.3063	0.2532	0.4259	0.2500	0.153	-0.066	0.388	49.74	0.399	0.465	469	498	-0.564056	0.076305	
A/duck/Zhejiang/2248/2011	0.2785	0.2810	0.3856	0.2977	0.157	-0.041	0.403	49.56	0.456	0.482	469	498	-0.578715	0.074297	
A/duck/Zhejiang/6D18/2013	0.2835	0.2835	0.4127	0.2550	0.159	-0.026	0.412	50.96	0.429	0.473	469	498	-0.561446	0.076305	
A/duck/Zhejiang/6D2/2013_	0.2817	0.2741	0.4000	0.2870	0.156	-0.036	0.406	50.15	0.442	0.477	468	498	-0.578313	0.074297	
A/duck/Zhejiang/6DK19/201	0.2792	0.2766	0.4000	0.2870	0.155	-0.036	0.406	50.30	0.444	0.478	468	498	-0.578313	0.074297	
A/duck/Zhejiang/727041/20	0.2919	0.2665	0.3936	0.2874	0.152	-0.058	0.393	50.37	0.438	0.477	468	498	-0.574096	0.074297	
A/duck/Zhejiang/727158/20	0.2937	0.2658	0.3840	0.3014	0.153	-0.060	0.392	50.50	0.446	0.478	469	498	-0.570884	0.074297	
A/duck/Zhejiang/77138/201	0.2817	0.2741	0.3973	0.2899	0.153	-0.047	0.400	50.74	0.444	0.478	468	498	-0.578313	0.074297	
A/duck/Zhejiang/925019/20	0.2792	0.2843	0.4105	0.2600	0.153	-0.023	0.414	50.47	0.433	0.475	469	498	-0.566867	0.076305	
A/duck/Zhejiang/925169/20	0.2843	0.2792	0.4079	0.2614	0.155	-0.022	0.414	50.40	0.431	0.476	469	498	-0.569679	0.076305	
A/duck/Zhejiang/W24/2013_	0.2850	0.2799	0.4222	0.2486	0.159	-0.034	0.407	50.92	0.420	0.471	469	498	-0.559639	0.074297	
A/egret/Zhejiang/W15/2017	0.2886	0.2759	0.3760	0.3043	0.152	-0.048	0.399	52.14	0.456	0.483	469	498	-0.578313	0.074297	
A/egret/Zhejiang/W18/2017	0.2886	0.2759	0.3787	0.3014	0.153	-0.041	0.403	51.65	0.454	0.482	469	498	-0.578313	0.074297	
A/equine/China/61/2010_H5	0.2897	0.2620	0.3830	0.3055	0.152	-0.066	0.388	50.83	0.448	0.481	469	498	-0.565462	0.076305	
A/equine/China/67/2010_H5	0.2897	0.2620	0.3830	0.3055	0.152	-0.066	0.388	50.83	0.448	0.481	469	498	-0.565462	0.076305	
A/equine/China/68/2010_H5	0.2897	0.2620	0.3830	0.3055	0.150	-0.069	0.386	51.13	0.448	0.481	469	498	-0.565462	0.076305	
A/eurasian_coot/Shandong/	0.2955	0.2702	0.3984	0.2722	0.151	-0.057	0.394	52.52	0.430	0.475	470	498	-0.550402	0.076305	
A/eurasian_coot/Shandong/	0.2955	0.2702	0.3984	0.2722	0.151	-0.057	0.394	52.52	0.430	0.475	470	498	-0.550402	0.076305	
A/eurasian_coot/Shandong/	0.2929	0.2727	0.3984	0.2722	0.151	-0.057	0.394	52.24	0.432	0.476	470	498	-0.550402	0.076305	
A/eurasian_coot/Shandong/	0.2955	0.2702	0.3984	0.2722	0.151	-0.057	0.394	52.52	0.430	0.475	470	498	-0.550402	0.076305	
A/feline/Guangdong/2/2015	0.2817	0.2741	0.4000	0.2870	0.155	-0.040	0.404	50.64	0.442	0.477	468	498	-0.578313	0.074297	
A/gadwall/Ningxia/YG61/20	0.2937	0.2785	0.3889	0.2751	0.156	-0.045	0.401	51.72	0.439	0.478	469	498	-0.562249	0.076305	
A/goose/Changhua/15040008	0.2910	0.2811	0.3932	0.2699	0.152	-0.049	0.397	50.32	0.437	0.476	476	504	-0.537500	0.075397	
A/goose/Chiayi/15010008-3	0.2868	0.2843	0.3943	0.2699	0.152	-0.048	0.398	50.36	0.440	0.478	475	504	-0.542659	0.075397	
A/goose/Chiayi/15010016-1	0.2868	0.2843	0.3969	0.2670	0.155	-0.048	0.398	50.11	0.438	0.477	475	504	-0.542659	0.075397	
A/goose/Chiayi/15020022/2	0.2839	0.2889	0.4241	0.2400	0.165	-0.012	0.420	50.48	0.420	0.467	474	504	-0.543452	0.075397	
A/goose/Chiayi/16010017-2	0.2943	0.2768	0.3890	0.2756	0.155	-0.045	0.400	50.09	0.438	0.477	475	504	-0.542659	0.075397	
A/goose/Chiayi/16040003-1	0.2893	0.2818	0.3943	0.2699	0.154	-0.048	0.398	50.11	0.438	0.477	475	504	-0.542659	0.075397	
A/goose/Chiayi/16040005/2	0.2893	0.2818	0.3943	0.2699	0.154	-0.048	0.398	50.11	0.438	0.477	475	504	-0.542659	0.075397	
A/goose/Chiayi/17020027-1	0.2818	0.2868	0.3916	0.2764	0.153	-0.049	0.398	50.81	0.446	0.479	475	504	-0.541865	0.075397	
A/goose/Chiayi/17040014/2	0.2882	0.2807	0.4169	0.2521	0.156	-0.035	0.406	49.97	0.423	0.472	473	504	-0.567460	0.075397	
A/goose/Chiayi/18010006/2	0.2982	0.2757	0.4132	0.2514	0.157	-0.032	0.407	50.49	0.418	0.470	474	504	-0.563095	0.075397	
A/goose/Chiayi/18020014-1	0.2990	0.2739	0.4147	0.2507	0.157	-0.032	0.407	50.49	0.416	0.470	474	504	-0.563095	0.075397	
A/goose/Chiayi/18020014-2	0.2990	0.2739	0.4147	0.2507	0.157	-0.032	0.407	50.49	0.416	0.470	474	504	-0.563095	0.075397	
A/goose/China/0701/2018_H	0.2955	0.2652	0.3830	0.3006	0.151	-0.074	0.383	51.26	0.445	0.479	470	498	-0.574498	0.074297	
A/goose/China/1/2021_H5N8	0.2904	0.2753	0.3984	0.2722	0.151	-0.053	0.396	52.24	0.434	0.477	470	498	-0.550402	0.076305	
A/goose/China/1106/2016_H	0.2774	0.2901	0.4180	0.2493	0.163	-0.029	0.410	50.41	0.429	0.474	468	498	-0.561847	0.076305	
A/goose/China/E43/2012_H5	0.2785	0.2835	0.3830	0.2968	0.159	-0.029	0.409	50.24	0.458	0.483	469	498	-0.583735	0.074297	
A/goose/China/M14/2016_H5	0.3063	0.2481	0.4240	0.2601	0.149	-0.080	0.380	51.37	0.402	0.465	468	498	-0.580723	0.074297	
A/goose/Eastern_China/111	0.2806	0.2730	0.4202	0.2644	0.158	-0.039	0.405	49.52	0.426	0.472	467	498	-0.572490	0.076305	
A/goose/Eastern_China/223	0.2792	0.2741	0.4053	0.2861	0.154	-0.052	0.397	49.07	0.441	0.475	469	498	-0.579719	0.076305	
A/goose/Eastern_China/CZ/	0.2792	0.2868	0.4142	0.2543	0.159	-0.026	0.412	50.58	0.431	0.473	469	498	-0.562048	0.076305	
A/goose/Eastern_China/L12	0.2774	0.2901	0.4191	0.2500	0.162	-0.019	0.417	50.83	0.429	0.474	468	498	-0.572088	0.076305	
A/goose/Eastern_China/L12	0.2799	0.2875	0.4191	0.2500	0.160	-0.021	0.415	50.90	0.427	0.473	468	498	-0.567269	0.076305	
A/goose/Eastern_China/S04	0.2810	0.2861	0.4127	0.2550	0.160	-0.022	0.414	51.01	0.431	0.473	469	498	-0.561446	0.076305	
A/goose/Eastern_China/S05	0.2919	0.2640	0.4085	0.2759	0.162	-0.030	0.409	48.04	0.426	0.475	469	498	-0.571888	0.074297	
A/goose/Fujian/10.11_FZHX	0.2817	0.2665	0.3947	0.2989	0.154	-0.051	0.397	51.80	0.447	0.480	468	498	-0.594980	0.074297	
A/goose/Fujian/10.26_FZHX	0.2810	0.2785	0.3813	0.3043	0.149	-0.063	0.390	51.31	0.458	0.483	469	498	-0.578313	0.074297	
A/goose/Fujian/10.26_FZHX	0.2810	0.2785	0.3813	0.3043	0.149	-0.063	0.390	51.31	0.458	0.483	469	498	-0.578313	0.074297	
A/goose/Fujian/10.26_FZHX	0.2810	0.2785	0.3813	0.3043	0.149	-0.063	0.390	51.31	0.458	0.483	469	498	-0.578313	0.074297	
A/goose/Fujian/10.26_FZHX	0.2810	0.2785	0.3813	0.3043	0.149	-0.063	0.390	51.31	0.458	0.483	469	498	-0.578313	0.074297	
A/goose/Fujian/10.26_FZHX	0.2810	0.2785	0.3813	0.3043	0.149	-0.063	0.390	51.31	0.458	0.483	469	498	-0.578313	0.074297	
A/goose/Fujian/10.26_FZHX	0.2810	0.2785	0.3813	0.3043	0.149	-0.063	0.390	51.31	0.458	0.483	469	498	-0.578313	0.074297	
A/goose/Fujian/10.26_FZHX	0.2810	0.2785	0.3813	0.3043	0.149	-0.063	0.390	51.31	0.458	0.483	469	498	-0.578313	0.074297	
A/goose/Fujian/10.26_FZHX	0.2810	0.2785	0.3813	0.3043	0.149	-0.063	0.390	51.31	0.458	0.483	469	498	-0.578313	0.074297	
A/goose/Fujian/10.26_FZHX	0.2810	0.2785	0.3813	0.3043	0.149	-0.063	0.390	51.31	0.458	0.483	469	498	-0.578313	0.074297	
A/goose/Fujian/11.3_FZHX1	0.2817	0.2665	0.4000	0.2931	0.158	-0.040	0.404	51.54	0.442	0.479	468	498	-0.594177	0.074297	
A/goose/Fujian/3.15_FZHX0	0.2893	0.2741	0.3850	0.2974	0.152	-0.070	0.387	51.10	0.449	0.479	468	498	-0.581526	0.074297	
A/goose/Fujian/3.15_FZHX0	0.2919	0.2716	0.3850	0.2974	0.152	-0.070	0.387	51.00	0.447	0.479	468	498	-0.581526	0.074297	
A/goose/Fujian/3.15_FZHX0	0.3013	0.2608	0.3813	0.3006	0.153	-0.063	0.390	51.77	0.441	0.478	469	498	-0.578916	0.074297	
A/goose/Fujian/3.15_FZHX0	0.2987	0.2658	0.3840	0.2957	0.154	-0.063	0.390	51.09	0.441	0.478	469	498	-0.578313	0.074297	
A/goose/Fujian/3.15_FZHX0	0.2937	0.2684	0.3840	0.2986	0.151	-0.070	0.386	51.33	0.446	0.479	469	498	-0.578313	0.074297	
A/goose/GuangDong/1189/20	0.2987	0.2734	0.3995	0.2636	0.156	-0.011	0.420	50.48	0.426	0.475	469	498	-0.563855	0.076305	
A/goose/Guangdong/7.20_DG	0.2911	0.2709	0.3893	0.2928	0.153	-0.067	0.388	50.59	0.443	0.479	469	498	-0.578313	0.074297	
A/goose/Guangdong/72/2004	0.2997	0.2519	0.3856	0.3026	0.151	-0.058	0.392	50.81	0.437	0.478	469	498	-0.565462	0.076305	
A/goose/Guangdong/QY01/20	0.2911	0.2684	0.3867	0.2986	0.152	-0.067	0.388	50.99	0.446	0.479	469	498	-0.583333	0.074297	
A/goose/Guangdong/k0103/2	0.2810	0.2734	0.4403	0.2421	0.157	-0.041	0.403	50.50	0.409	0.467	469	498	-0.568675	0.076305	
A/goose/Guangdong/s13124/	0.2748	0.2926	0.4274	0.2400	0.159	-0.027	0.412	51.24	0.424	0.473	469	498	-0.563253	0.076305	
A/goose/Hebei/HG12/2021_H	0.2886	0.2836	0.3953	0.2714	0.152	-0.046	0.399	52.14	0.439	0.476	476	504	-0.539286	0.075397	
A/goose/Henan/01.01_LYGL0	0.2828	0.2803	0.3787	0.3006	0.152	-0.052	0.397	51.77	0.458	0.485	469	498	-0.578313	0.074297	
A/goose/Hong_Kong/23/1978	0.2875	0.2725	0.4016	0.2771	0.166	-0.014	0.418	49.61	0.435	0.477	474	504	-0.551190	0.075397	
A/goose/Hubei/65/2005_H5N	0.2962	0.2608	0.3936	0.2911	0.153	-0.055	0.394	49.44	0.435	0.475	469	498	-0.575502	0.076305	
A/goose/Inner_Mongolia/IM	0.2911	0.2759	0.3979	0.2709	0.155	-0.047	0.400	50.04	0.434	0.476	468	498	-0.568273	0.076305	
A/goose/Jiangsu/QD5/2014_	0.2850	0.2824	0.4142	0.2543	0.159	-0.027	0.412	50.75	0.426	0.471	469	498	-0.560843	0.076305	
A/goose/Jiangsu/k0403/201	0.2904	0.2677	0.3873	0.2939	0.147	-0.088	0.375	50.90	0.443	0.479	469	498	-0.565462	0.076305	
A/goose/Pingtung/15010007	0.2868	0.2843	0.3969	0.2670	0.155	-0.048	0.398	50.11	0.438	0.477	475	504	-0.542659	0.075397	
A/goose/Pingtung/15010037	0.2868	0.2843	0.3969	0.2670	0.155	-0.048	0.398	50.11	0.438	0.477	475	504	-0.542659	0.075397	
A/goose/Pingtung/15050014	0.3050	0.2700	0.3927	0.2678	0.156	-0.036	0.405	51.27	0.426	0.474	474	504	-0.546429	0.075397	
A/goose/Pingtung/16010061	0.3075	0.2675	0.3953	0.2650	0.154	-0.044	0.401	51.47	0.422	0.473	474	504	-0.546429	0.075397	
A/goose/Shantou/1763/2014	0.2937	0.2658	0.3867	0.2986	0.150	-0.070	0.386	50.80	0.443	0.477	469	498	-0.579117	0.074297	
A/goose/Tainan/16040018-1	0.3050	0.2700	0.3979	0.2621	0.155	-0.040	0.403	51.13	0.422	0.473	474	504	-0.546429	0.075397	
A/goose/Tainan/16070002/2	0.3075	0.2675	0.3979	0.2621	0.155	-0.044	0.401	51.18	0.420	0.472	474	504	-0.546429	0.075397	
A/goose/Tainan/17030022-1	0.2818	0.2893	0.3916	0.2735	0.154	-0.051	0.396	50.74	0.446	0.478	475	504	-0.532143	0.075397	
A/goose/Tainan/17030024-1	0.2836	0.2886	0.3838	0.2792	0.153	-0.054	0.394	51.06	0.451	0.481	475	504	-0.533333	0.075397	
A/goose/Tainan/18010022-1	0.2757	0.2932	0.3969	0.2707	0.154	-0.058	0.392	50.94	0.447	0.479	474	504	-0.537500	0.075397	
A/goose/Tainan/18050014-1	0.2818	0.2868	0.3880	0.2784	0.152	-0.062	0.389	51.64	0.448	0.479	475	504	-0.526786	0.075397	
A/goose/Taiwan/01019/2015	0.2918	0.2818	0.3858	0.2771	0.158	-0.017	0.416	50.76	0.443	0.479	474	504	-0.552976	0.075397	
A/goose/Taiwan/01022/2015	0.2818	0.2893	0.3969	0.2670	0.154	-0.047	0.398	49.76	0.442	0.479	475	504	-0.544246	0.075397	
A/goose/Taiwan/01023/2015	0.2868	0.2843	0.3969	0.2670	0.155	-0.048	0.398	50.11	0.438	0.477	475	504	-0.542659	0.075397	
A/goose/Taiwan/01031/2015	0.2868	0.2843	0.3969	0.2670	0.155	-0.048	0.398	50.11	0.438	0.477	475	504	-0.542659	0.075397	
A/goose/Taiwan/01038/2015	0.3050	0.2700	0.3953	0.2650	0.157	-0.032	0.407	51.06	0.424	0.474	474	504	-0.548016	0.075397	
A/goose/Taiwan/01039/2015	0.2839	0.2864	0.4241	0.2429	0.163	-0.018	0.416	50.42	0.420	0.466	474	504	-0.546032	0.075397	
A/goose/Taiwan/01040/2015	0.2868	0.2843	0.3969	0.2670	0.155	-0.048	0.398	50.11	0.438	0.477	475	504	-0.542659	0.075397	
A/goose/Taiwan/TNC1/2015_	0.2857	0.2832	0.4259	0.2414	0.162	-0.026	0.412	50.83	0.417	0.468	468	498	-0.560040	0.076305	
A/goose/Taiwan/TNC10/2015	0.2857	0.2832	0.4259	0.2414	0.162	-0.026	0.412	50.83	0.417	0.468	468	498	-0.560040	0.076305	
A/goose/Taiwan/TNC11/2015	0.2944	0.2766	0.3926	0.2730	0.158	-0.025	0.412	50.95	0.436	0.479	468	498	-0.568474	0.076305	
A/goose/Taiwan/TNC12/2015	0.2857	0.2832	0.4259	0.2414	0.162	-0.026	0.412	50.83	0.417	0.468	468	498	-0.560040	0.076305	
A/goose/Taiwan/TNC14/2015	0.2857	0.2832	0.4259	0.2414	0.162	-0.026	0.412	50.83	0.417	0.468	468	498	-0.560040	0.076305	
A/goose/Taiwan/TNC3/2015_	0.2857	0.2832	0.4233	0.2443	0.162	-0.022	0.415	51.00	0.419	0.469	468	498	-0.560040	0.076305	
A/goose/Taiwan/TNC7/2015_	0.2857	0.2832	0.4259	0.2414	0.162	-0.026	0.412	50.83	0.417	0.468	468	498	-0.560040	0.076305	
A/goose/Taiwan/TNC9/2015_	0.2857	0.2832	0.4233	0.2443	0.162	-0.022	0.415	51.00	0.419	0.469	468	498	-0.560040	0.076305	
A/goose/Taiwan/TNO15/2015	0.2944	0.2766	0.3926	0.2730	0.158	-0.025	0.412	50.95	0.436	0.479	468	498	-0.568474	0.076305	
A/goose/Taiwan/TNO3/2015_	0.2832	0.2857	0.4271	0.2421	0.162	-0.025	0.412	50.54	0.419	0.467	468	498	-0.560643	0.076305	
A/goose/Taiwan/TNO9/2015_	0.2944	0.2766	0.3926	0.2730	0.158	-0.025	0.412	50.95	0.436	0.479	468	498	-0.568474	0.076305	
A/goose/Taoyuan/15010041/	0.2839	0.2889	0.4215	0.2429	0.165	-0.016	0.418	50.60	0.422	0.468	474	504	-0.543452	0.075397	
A/goose/Taoyuan/18120002-	0.2900	0.2875	0.3885	0.2730	0.159	-0.022	0.414	50.15	0.443	0.476	474	504	-0.551389	0.075397	
A/goose/Xinjiang/12.18_WL	0.2911	0.2658	0.3947	0.2928	0.150	-0.070	0.386	50.85	0.439	0.475	469	498	-0.579117	0.074297	
A/goose/Xinjiang/12.18_WL	0.2911	0.2658	0.3947	0.2928	0.150	-0.070	0.386	50.85	0.439	0.475	469	498	-0.579117	0.074297	
A/goose/Xinjiang/12.18_WL	0.2900	0.2825	0.4121	0.2514	0.156	-0.022	0.414	50.54	0.424	0.473	474	504	-0.551786	0.075397	
A/goose/Xinjiang/12.18_WL	0.2900	0.2825	0.4121	0.2514	0.156	-0.022	0.414	50.54	0.424	0.473	474	504	-0.551786	0.075397	
A/goose/Xinjiang/12.18_WL	0.2900	0.2825	0.4121	0.2514	0.156	-0.022	0.414	50.54	0.424	0.473	474	504	-0.551786	0.075397	
A/goose/Xinjiang/12.18_WL	0.2900	0.2825	0.4121	0.2514	0.156	-0.022	0.414	50.54	0.424	0.473	474	504	-0.551786	0.075397	
A/goose/Yangzhou/0420/201	0.2792	0.2843	0.4142	0.2571	0.155	-0.034	0.407	51.03	0.431	0.473	469	498	-0.566868	0.076305	
A/goose/Yangzhou/YZ587/20	0.2803	0.2803	0.3936	0.2899	0.151	-0.057	0.394	50.94	0.449	0.479	470	498	-0.573896	0.074297	
A/goose/Yunlin/15010005/2	0.2868	0.2843	0.3969	0.2670	0.155	-0.048	0.398	50.11	0.438	0.477	475	504	-0.542659	0.075397	
A/goose/Yunlin/15010009-1	0.2893	0.2818	0.3969	0.2670	0.154	-0.052	0.396	50.88	0.436	0.476	475	504	-0.542659	0.075397	
A/goose/Yunlin/15010010-2	0.2868	0.2843	0.3969	0.2670	0.155	-0.048	0.398	50.11	0.438	0.477	475	504	-0.542659	0.075397	
A/goose/Yunlin/15010011-1	0.2868	0.2843	0.3969	0.2670	0.155	-0.048	0.398	50.11	0.438	0.477	475	504	-0.542659	0.075397	
A/goose/Yunlin/15010029-1	0.2868	0.2843	0.3969	0.2670	0.155	-0.048	0.398	50.11	0.438	0.477	475	504	-0.542659	0.075397	
A/goose/Yunlin/15040040/2	0.2925	0.2825	0.3885	0.2743	0.160	-0.013	0.418	50.87	0.441	0.478	474	504	-0.542659	0.075397	
A/goose/Yunlin/16020008-4	0.2868	0.2843	0.3995	0.2642	0.154	-0.048	0.398	49.94	0.436	0.476	475	504	-0.542659	0.075397	
A/goose/Yunlin/16020011-1	0.2868	0.2843	0.3995	0.2642	0.155	-0.045	0.400	50.10	0.436	0.476	475	504	-0.542659	0.075397	
A/goose/Yunlin/16040002-2	0.2918	0.2768	0.4073	0.2585	0.156	-0.052	0.396	49.87	0.425	0.473	475	504	-0.542659	0.075397	
A/goose/Yunlin/17100005/2	0.2875	0.2825	0.4016	0.2665	0.153	-0.055	0.395	51.30	0.435	0.474	474	504	-0.541270	0.075397	
A/goose/Yunlin/18030020-2	0.2915	0.2764	0.4047	0.2635	0.157	-0.022	0.414	50.13	0.428	0.476	474	504	-0.561706	0.073413	
A/goose/Yunlin/18030020-3	0.2915	0.2764	0.4047	0.2635	0.157	-0.022	0.414	50.13	0.428	0.476	474	504	-0.561706	0.073413	
A/goose/Yunlin/18040002-3	0.2768	0.2943	0.3838	0.2821	0.156	-0.044	0.400	50.24	0.457	0.482	475	504	-0.532143	0.075397	
A/goose/Yunlin/18040018-2	0.2843	0.2843	0.3864	0.2821	0.152	-0.062	0.389	51.56	0.448	0.479	475	504	-0.532143	0.075397	
A/goose/Yunlin/18090002-3	0.2793	0.2868	0.3916	0.2792	0.149	-0.065	0.387	52.54	0.448	0.478	475	504	-0.523016	0.075397	
A/goose/Yunlin/18090006-1	0.2800	0.2950	0.3901	0.2714	0.159	-0.039	0.403	50.48	0.449	0.479	474	504	-0.536905	0.075397	
A/goose/Yunlin/18110002-3	0.2875	0.2900	0.3848	0.2743	0.164	-0.011	0.420	50.14	0.447	0.479	474	504	-0.546627	0.075397	
A/goose/Yunnan/3798/2006_	0.2886	0.2658	0.3830	0.3064	0.154	-0.055	0.394	50.68	0.450	0.480	469	498	-0.569880	0.076305	
A/goose/Yunnan/4371/2006_	0.2835	0.2684	0.3856	0.3055	0.156	-0.048	0.399	50.93	0.452	0.481	469	498	-0.570482	0.076305	
A/goose/Yunnan/4389/2006_	0.2835	0.2684	0.3856	0.3055	0.156	-0.048	0.399	50.93	0.452	0.481	469	498	-0.570482	0.076305	
A/goose/Yunnan/4985/2006_	0.2835	0.2684	0.3856	0.3064	0.154	-0.048	0.399	50.73	0.452	0.481	469	498	-0.569880	0.076305	
A/goose/Yunnan/5141/2006_	0.2955	0.2576	0.3803	0.3084	0.153	-0.066	0.388	50.58	0.446	0.480	469	498	-0.571687	0.076305	
A/goose/Yunnan/5769/2006_	0.3020	0.2614	0.3846	0.2931	0.156	-0.045	0.401	50.07	0.437	0.475	469	498	-0.574097	0.076305	
A/goose/Yunnan/5979/2006_	0.3020	0.2614	0.3846	0.2931	0.156	-0.045	0.401	50.07	0.437	0.475	469	498	-0.574097	0.076305	
A/goose/Yunnan/6193/2006_	0.2904	0.2626	0.3750	0.3141	0.154	-0.059	0.392	51.52	0.454	0.483	469	498	-0.576506	0.076305	
A/goose/Zhejiang/1120132/	0.2766	0.2766	0.4000	0.2899	0.153	-0.036	0.406	50.60	0.447	0.478	468	498	-0.578313	0.074297	
A/goose/Zhejiang/112071/2	0.2810	0.2734	0.3910	0.2968	0.156	-0.059	0.392	50.68	0.450	0.481	469	498	-0.574297	0.074297	
A/goose/Zhejiang/112080/2	0.2817	0.2716	0.3989	0.2890	0.152	-0.043	0.402	50.69	0.442	0.477	468	498	-0.572892	0.074297	
A/goose/Zhejiang/727092/2	0.2929	0.2677	0.3850	0.2994	0.153	-0.060	0.392	50.79	0.446	0.478	469	498	-0.570281	0.074297	
A/goose/Zhejiang/727098/2	0.2835	0.2709	0.3856	0.3026	0.154	-0.059	0.392	51.52	0.452	0.482	469	498	-0.574297	0.074297	
A/goose/Zhejiang/727110/2	0.2955	0.2652	0.3850	0.2994	0.153	-0.064	0.390	50.60	0.443	0.477	469	498	-0.570281	0.074297	
A/goose/Zhejiang/77166/20	0.2803	0.2727	0.3973	0.2899	0.151	-0.050	0.397	50.79	0.444	0.479	468	498	-0.557229	0.074297	
A/goose/Zhejiang/77167/20	0.2817	0.2741	0.3973	0.2899	0.153	-0.047	0.400	50.74	0.444	0.478	468	498	-0.578313	0.074297	
A/goose/Zhejiang/77168/20	0.2817	0.2741	0.3973	0.2899	0.153	-0.047	0.400	50.74	0.444	0.478	468	498	-0.578313	0.074297	
A/goose/Zhejiang/925036/2	0.2893	0.2665	0.3973	0.2890	0.152	-0.058	0.393	50.16	0.438	0.476	468	498	-0.578916	0.074297	
A/goose/Zhejiang/925037/2	0.2962	0.2633	0.4147	0.2600	0.152	-0.061	0.391	49.62	0.415	0.471	470	498	-0.556827	0.076305	
A/goose/Zhejiang/925104/2	0.2785	0.2835	0.4110	0.2585	0.154	-0.035	0.406	50.29	0.432	0.477	470	498	-0.551807	0.076305	
A/goose/Zhejiang/925105/2	0.2911	0.2658	0.3947	0.2899	0.152	-0.051	0.397	50.93	0.438	0.475	468	498	-0.572289	0.074297	
A/goose/Zhejiang/925106/2	0.2785	0.2835	0.4099	0.2578	0.154	-0.035	0.406	50.31	0.432	0.477	470	498	-0.546386	0.076305	
A/goose/Zhejiang/925108/2	0.2886	0.2684	0.3947	0.2899	0.153	-0.047	0.400	51.07	0.440	0.476	468	498	-0.572289	0.074297	
A/great_black-headed_gull	0.2821	0.2720	0.3846	0.2989	0.152	-0.073	0.384	50.89	0.452	0.483	469	498	-0.558835	0.076305	
A/great_crested-grebe/Qin	0.2843	0.2743	0.3889	0.2968	0.149	-0.083	0.378	50.46	0.449	0.478	474	504	-0.573214	0.075397	
A/great_egret/Hong_Kong/8	0.2854	0.2727	0.3830	0.2997	0.155	-0.047	0.399	51.09	0.452	0.482	469	498	-0.571687	0.076305	
A/great_tit/Panjing/PJ-66	0.2929	0.2626	0.3750	0.3112	0.149	-0.058	0.392	51.20	0.452	0.481	469	498	-0.571687	0.076305	
A/green-winged_teal/Xiang	0.2817	0.2766	0.3926	0.2874	0.164	-0.025	0.412	47.81	0.447	0.481	468	498	-0.568474	0.076305	
A/grey_heron/Hong_Kong/10	0.2854	0.2727	0.3963	0.2853	0.154	-0.047	0.399	51.30	0.441	0.479	469	498	-0.571687	0.076305	
A/grey_heron/Hong_Kong/30	0.2854	0.2727	0.3803	0.3026	0.153	-0.051	0.397	51.12	0.454	0.483	469	498	-0.571687	0.076305	
A/heron/Kaohsiung/15WB328	0.2893	0.2793	0.4068	0.2629	0.159	-0.020	0.415	50.24	0.429	0.474	475	504	-0.562302	0.075397	
A/heron/Yilan/17DB0001/20	0.2793	0.2918	0.3864	0.2792	0.156	-0.044	0.400	50.70	0.453	0.481	475	504	-0.532143	0.075397	
A/hill_myna/Heilongjiang/	0.2810	0.2785	0.3830	0.2997	0.157	-0.048	0.399	50.64	0.456	0.483	469	498	-0.574297	0.074297	
A/lesser_kestrel/Heilongj	0.2962	0.2608	0.3862	0.2943	0.153	-0.057	0.392	50.55	0.439	0.476	469	498	-0.552209	0.078313	
A/lion/Hubei/1-2/2016_H5N	0.2980	0.2601	0.3670	0.3188	0.148	-0.070	0.386	50.47	0.454	0.479	469	498	-0.570482	0.076305	
A/little_egret/Hong_Kong/	0.2879	0.2652	0.3926	0.2931	0.152	-0.054	0.394	51.27	0.441	0.479	469	498	-0.566265	0.076305	
A/little_grebe/Xianghai/4	0.2734	0.2911	0.4063	0.2629	0.154	-0.029	0.409	50.33	0.441	0.482	469	498	-0.553213	0.076305	
A/magpie_robin/Hong_Kong/	0.2861	0.2734	0.3910	0.2911	0.155	-0.044	0.401	50.78	0.446	0.479	469	498	-0.579317	0.074297	
A/magpie_robin/Hong_Kong/	0.2835	0.2759	0.3910	0.2911	0.155	-0.044	0.401	50.77	0.448	0.480	469	498	-0.579317	0.074297	
A/mallard/Shanghai/SH-9/2	0.2792	0.2868	0.4132	0.2536	0.159	-0.026	0.412	50.43	0.431	0.475	469	498	-0.551606	0.076305	
A/meerkat/Shanghai/SH-1/2	0.2828	0.2778	0.3873	0.2931	0.157	-0.049	0.398	50.86	0.451	0.482	470	498	-0.579518	0.074297	
A/migratory_waterfowl/Hub	0.2817	0.2716	0.4000	0.2899	0.155	-0.036	0.406	50.60	0.442	0.477	468	498	-0.578313	0.074297	
A/migratory_waterfowl/Hub	0.2817	0.2716	0.4000	0.2899	0.155	-0.036	0.406	50.60	0.442	0.477	468	498	-0.578313	0.074297	
A/mink/China/181/2019_H5N	0.2962	0.2658	0.3920	0.2890	0.153	-0.066	0.388	50.78	0.437	0.477	469	498	-0.578916	0.074297	
A/mink/China/183/2019_H5N	0.2937	0.2684	0.3920	0.2899	0.153	-0.063	0.390	50.82	0.439	0.477	469	498	-0.578313	0.074297	
A/mink/China/191/2019_H5N	0.2937	0.2684	0.3947	0.2870	0.153	-0.063	0.390	50.77	0.437	0.477	469	498	-0.578313	0.074297	
A/mink/China/456/2018_H5N	0.2937	0.2684	0.3813	0.3014	0.152	-0.070	0.386	51.50	0.448	0.480	469	498	-0.578313	0.074297	
A/mink/China/G/2015_H5N1|	0.2785	0.2810	0.3830	0.2997	0.159	-0.037	0.405	50.10	0.458	0.483	469	498	-0.579317	0.074297	
A/mink/China/XB/2015_H5N1	0.3005	0.2551	0.3697	0.3188	0.143	-0.081	0.380	50.88	0.450	0.477	469	498	-0.570482	0.076305	
A/mink/Eastern_China/006/	0.2792	0.2843	0.3957	0.2841	0.148	-0.069	0.387	51.93	0.449	0.479	468	498	-0.584337	0.074297	
A/mink/Eastern_China/0712	0.3061	0.2500	0.4748	0.2098	0.149	-0.100	0.370	50.62	0.364	0.451	470	498	-0.576104	0.072289	
A/mink/Eastern_China/149/	0.2843	0.2766	0.3813	0.3043	0.149	-0.067	0.388	52.48	0.456	0.481	469	498	-0.582129	0.074297	
A/mink/Eastern_China/528/	0.2817	0.2817	0.3957	0.2841	0.148	-0.069	0.387	51.87	0.447	0.478	468	498	-0.584337	0.074297	
A/mink/Eastern_China/571/	0.2937	0.2684	0.3867	0.2957	0.153	-0.070	0.386	50.91	0.443	0.479	469	498	-0.578313	0.074297	
A/mink/Northern_China/110	0.2861	0.2810	0.3750	0.3014	0.147	-0.082	0.380	51.58	0.458	0.482	469	498	-0.572289	0.074297	
A/night_heron/Taiwan/A289	0.2868	0.2843	0.3969	0.2670	0.155	-0.045	0.400	49.93	0.438	0.477	475	504	-0.542659	0.075397	
A/oriental_magpie_robin/H	0.3067	0.2519	0.4048	0.2795	0.152	-0.068	0.386	50.86	0.418	0.467	474	504	-0.564683	0.073413	
A/ostrich/Suzhou/097/2003	0.2904	0.2601	0.3910	0.2997	0.152	-0.073	0.384	51.09	0.441	0.479	469	498	-0.571687	0.076305	
A/parrot/Guangdong/258/20	0.2793	0.2968	0.3780	0.2857	0.163	-0.007	0.421	49.79	0.461	0.483	475	504	-0.554365	0.075397	
A/parrot/Guangdong/C99/20	0.2854	0.2677	0.3910	0.2968	0.155	-0.054	0.394	51.03	0.446	0.480	469	498	-0.571687	0.076305	
A/partridge/Shantou/2886/	0.3033	0.2531	0.4289	0.2536	0.154	-0.048	0.400	49.23	0.400	0.464	473	504	-0.553770	0.075397	
A/peacock/Yunnan/1/2015_H	0.3133	0.2431	0.3656	0.3178	0.146	-0.076	0.377	51.57	0.441	0.477	467	498	-0.564458	0.078313	
A/peacock/Yunnan/3/2015_H	0.3058	0.2506	0.3666	0.3206	0.146	-0.070	0.381	51.05	0.448	0.477	467	498	-0.561847	0.078313	
A/peregrine_falcon/Hong_K	0.2734	0.2785	0.3989	0.2911	0.152	-0.051	0.397	49.44	0.450	0.479	469	498	-0.575502	0.076305	
A/pheasant/Shantou/3535/2	0.2911	0.2633	0.3952	0.2902	0.156	-0.059	0.392	50.73	0.437	0.477	469	498	-0.565060	0.076305	
A/pheasant/Shantou/4567/2	0.2929	0.2601	0.3936	0.2939	0.155	-0.062	0.390	50.95	0.437	0.477	469	498	-0.571687	0.076305	
A/pied_megpie/Liaoning/7/	0.2937	0.2759	0.3893	0.2841	0.157	-0.039	0.403	51.65	0.441	0.478	469	498	-0.595582	0.076305	
A/pigeon/Fujian/1.17_FZHX	0.2868	0.2640	0.4000	0.2902	0.157	-0.043	0.402	51.31	0.438	0.478	468	498	-0.589960	0.074297	
A/pigeon/Hainan/1.14_HKPL	0.2962	0.2658	0.3840	0.2986	0.152	-0.074	0.384	51.04	0.443	0.479	469	498	-0.578313	0.074297	
A/pigeon/Hubei/RP25/2012_	0.2835	0.2709	0.3989	0.2874	0.157	-0.044	0.401	49.78	0.441	0.475	469	498	-0.594177	0.076305	
A/pigeon/Sichuan/NCXN29/2	0.2843	0.2766	0.3904	0.2928	0.153	-0.051	0.397	50.86	0.449	0.480	468	498	-0.584337	0.074297	
A/pigeon/Zhejiang/112089/	0.2810	0.2759	0.3910	0.2939	0.157	-0.048	0.399	50.84	0.450	0.481	469	498	-0.574297	0.074297	
A/pigeon/Zhejiang/112090/	0.2810	0.2759	0.3910	0.2939	0.155	-0.059	0.392	50.87	0.450	0.481	469	498	-0.574297	0.074297	
A/pigeon/Zhejiang/727097/	0.2835	0.2709	0.3856	0.3026	0.154	-0.059	0.392	51.52	0.452	0.482	469	498	-0.574297	0.074297	
A/plateau_pika/Qinghai/04	0.3033	0.2556	0.4184	0.2615	0.156	-0.040	0.404	49.88	0.408	0.466	473	504	-0.554960	0.075397	
A/quail/Guangxi/11/2002_H	0.3190	0.2278	0.4048	0.2865	0.153	-0.073	0.384	51.34	0.405	0.469	469	498	-0.556426	0.076305	
A/quail/Guangxi/12/2002_H	0.3190	0.2278	0.4048	0.2865	0.153	-0.073	0.384	51.34	0.405	0.469	469	498	-0.556426	0.076305	
A/quail/Guangxi/13/2002_H	0.3190	0.2278	0.4048	0.2865	0.153	-0.073	0.384	51.34	0.405	0.469	469	498	-0.556426	0.076305	
A/quail/Jiangsu/k0104/201	0.2782	0.2757	0.4392	0.2514	0.161	-0.045	0.401	50.10	0.416	0.463	474	504	-0.546032	0.079365	
A/quail/Nanchang/6631/201	0.2843	0.2716	0.3920	0.2948	0.152	-0.051	0.397	50.60	0.447	0.480	468	498	-0.578916	0.074297	
A/shrike/Tibet/13/2006_H5	0.2937	0.2633	0.3873	0.2960	0.154	-0.048	0.399	49.66	0.441	0.477	469	498	-0.570080	0.076305	
A/silkie_chicken/Dongguan	0.2868	0.2716	0.3920	0.2919	0.151	-0.062	0.391	50.51	0.444	0.478	468	498	-0.578916	0.074297	
A/silky_chicken/Shantou/4	0.2904	0.2626	0.3856	0.3026	0.154	-0.062	0.390	50.57	0.446	0.480	469	498	-0.571687	0.076305	
A/spot-billed_duck/Ningxi	0.2911	0.2810	0.3836	0.2808	0.154	-0.045	0.401	51.62	0.446	0.480	469	498	-0.562249	0.076305	
A/spot-billed_duck/Ningxi	0.2937	0.2810	0.3836	0.2779	0.157	-0.037	0.405	51.42	0.443	0.480	469	498	-0.563855	0.076305	
A/spot-billed_duck/Ningxi	0.2911	0.2810	0.3889	0.2751	0.156	-0.040	0.403	51.59	0.441	0.479	469	498	-0.563855	0.076305	
A/spot-billed_duck/Xiangh	0.2792	0.2792	0.3846	0.2960	0.166	-0.013	0.419	48.15	0.455	0.485	468	498	-0.568474	0.076305	
A/swan_goose/Jilin/JL01/2	0.3130	0.2417	0.4032	0.2938	0.137	-0.093	0.370	49.70	0.415	0.458	467	498	-0.484337	0.078313	
A/swan/China/ST/2016_H5N8	0.2977	0.2799	0.4016	0.2550	0.157	-0.016	0.418	50.73	0.426	0.476	467	498	-0.583133	0.074297	
A/swan/Shandong/W3762/202	0.3013	0.2684	0.3915	0.2751	0.154	-0.040	0.403	51.61	0.431	0.476	469	498	-0.563855	0.076305	
A/swan/Shanghai/10/2009_H	0.2854	0.2702	0.3777	0.3084	0.156	-0.049	0.399	50.51	0.456	0.483	469	498	-0.561847	0.076305	
A/swine/China/RZ/2018_H5N	0.2955	0.2652	0.3830	0.3006	0.151	-0.074	0.383	51.26	0.445	0.479	470	498	-0.574498	0.074297	
A/swine/Guangdong/1/2014_	0.2911	0.2684	0.3867	0.2986	0.150	-0.067	0.388	50.66	0.446	0.478	469	498	-0.579117	0.074297	
A/swine/Guangdong/2/2014_	0.2911	0.2684	0.3947	0.2899	0.151	-0.067	0.388	50.33	0.439	0.476	469	498	-0.579117	0.074297	
A/swine/Guangxi/592/2011_	0.2785	0.2810	0.3883	0.2948	0.158	-0.037	0.405	50.22	0.454	0.481	469	498	-0.577912	0.074297	
A/swine/Jiangsu/1/2008_H5	0.2972	0.2569	0.4005	0.2882	0.152	-0.073	0.384	50.66	0.429	0.474	471	498	-0.567872	0.076305	
A/swine/Jiangsu/2/2009_H5	0.2886	0.2684	0.3989	0.2853	0.148	-0.066	0.388	49.94	0.437	0.475	469	498	-0.575301	0.076305	
A/swine/Shandong/SD1/2014	0.2915	0.2739	0.4042	0.2686	0.155	-0.047	0.400	50.65	0.429	0.472	473	504	-0.560714	0.075397	
A/swine/Zhejiang/SW57/201	0.2835	0.2709	0.3856	0.3026	0.154	-0.059	0.392	51.52	0.452	0.482	469	498	-0.574297	0.074297	
A/thrush/Taipei_City/1512	0.2900	0.2825	0.3969	0.2670	0.157	-0.049	0.398	50.08	0.436	0.476	475	504	-0.536508	0.075397	
A/thrush/Taiwan/A234/2015	0.2868	0.2843	0.3958	0.2663	0.153	-0.051	0.396	50.08	0.438	0.478	475	504	-0.540675	0.073413	
A/tiger/Yunnan/tig1404/20	0.2843	0.2741	0.3893	0.2948	0.152	-0.058	0.393	50.81	0.449	0.480	468	498	-0.578916	0.074297	
A/tiger/Yunnan/tig1412/20	0.2843	0.2741	0.3867	0.2977	0.152	-0.058	0.393	51.00	0.451	0.481	468	498	-0.578916	0.074297	
A/tiger/Yunnan/tig1508/20	0.3131	0.2449	0.3590	0.3275	0.147	-0.081	0.380	49.97	0.448	0.476	469	498	-0.552209	0.076305	
A/turkey/Changhua/1601001	0.2893	0.2818	0.3995	0.2642	0.154	-0.048	0.398	49.85	0.434	0.476	475	504	-0.542659	0.075397	
A/turkey/Chiayi/17020092-	0.3050	0.2700	0.3953	0.2642	0.155	-0.041	0.403	51.28	0.424	0.474	474	504	-0.561905	0.075397	
A/turkey/Chiayi/18010013-	0.2757	0.2932	0.3943	0.2735	0.153	-0.058	0.392	51.11	0.449	0.479	474	504	-0.537500	0.075397	
A/turkey/Yunlin/15060049-	0.2918	0.2793	0.3995	0.2642	0.156	-0.045	0.400	50.01	0.432	0.475	475	504	-0.542659	0.075397	
A/turkey/Yunlin/18020020-	0.2732	0.2957	0.3943	0.2735	0.153	-0.058	0.392	51.17	0.451	0.480	474	504	-0.537500	0.075397	
A/turkey/Yunlin/18110001-	0.2775	0.2875	0.3953	0.2800	0.155	-0.056	0.394	51.76	0.448	0.478	475	504	-0.536309	0.075397	
A/turkey/Yunlin/18120005-	0.2900	0.2875	0.3822	0.2771	0.163	-0.015	0.418	50.01	0.447	0.478	474	504	-0.546627	0.075397	
A/turtle_dove/Guangdong/3	0.2893	0.2718	0.3868	0.2951	0.157	-0.041	0.402	49.34	0.446	0.476	475	504	-0.558730	0.075397	
A/turtledove/Wuhan/HKBJ43	0.2886	0.2734	0.3813	0.3014	0.152	-0.052	0.397	51.41	0.452	0.481	469	498	-0.579117	0.074297	
A/turtledove/Wuhan/WHBJ12	0.2886	0.2734	0.3813	0.3014	0.152	-0.052	0.397	51.41	0.452	0.481	469	498	-0.579117	0.074297	
A/turtledove/Wuhan/WHBJ28	0.2886	0.2734	0.3813	0.3014	0.152	-0.052	0.397	51.41	0.452	0.481	469	498	-0.579117	0.074297	
A/waterfowl/Hong_Kong/378	0.3117	0.2394	0.4016	0.2886	0.153	-0.074	0.383	51.15	0.415	0.470	475	504	-0.544445	0.075397	
A/white-naped_crane/China	0.2810	0.2785	0.3777	0.3064	0.150	-0.063	0.390	52.45	0.461	0.484	469	498	-0.577108	0.074297	
A/whooper_swan/Shanxi/RC0	0.2932	0.2857	0.4000	0.2571	0.157	-0.010	0.421	50.23	0.431	0.475	473	504	-0.565675	0.073413	
A/wild_bird/Eastern_China	0.2868	0.2843	0.4005	0.2636	0.154	-0.024	0.412	52.21	0.436	0.479	468	498	-0.569076	0.076305	
A/wild_bird/Eastern_China	0.2926	0.2824	0.4005	0.2607	0.154	-0.029	0.410	51.96	0.432	0.477	468	498	-0.567871	0.076305	
A/wild_bird/Eastern_China	0.2919	0.2792	0.4005	0.2636	0.154	-0.024	0.412	52.08	0.432	0.478	468	498	-0.569076	0.076305	
A/wild_bird/Taipei/04WB12	0.2943	0.2693	0.3953	0.2792	0.152	-0.059	0.392	50.32	0.434	0.476	475	504	-0.547222	0.075397	
A/wild_duck/Fujian/1/2011	0.2796	0.2796	0.3856	0.2968	0.157	-0.044	0.400	50.72	0.455	0.483	470	498	-0.574096	0.074297	
A/wild_duck/Fujian/2/2011	0.2796	0.2796	0.3803	0.3026	0.157	-0.048	0.398	50.63	0.460	0.484	470	498	-0.574900	0.074297	
A/wild_duck/Jilin/HF/2011	0.2879	0.2702	0.3777	0.3055	0.152	-0.062	0.390	50.14	0.454	0.483	469	498	-0.571687	0.076305	
A/wild_duck/Jilin/ZF/2011	0.2843	0.2741	0.3936	0.2911	0.155	-0.040	0.403	50.37	0.446	0.477	469	498	-0.581727	0.076305	
A/wild_duck/Liaoning/8/20	0.2879	0.2702	0.3846	0.2968	0.155	-0.036	0.405	51.19	0.448	0.479	469	498	-0.564860	0.076305	
A/wild_duck/Shandong/1/20	0.2824	0.2824	0.4218	0.2500	0.160	-0.029	0.410	50.66	0.423	0.471	468	498	-0.567269	0.076305	
A/wild_duck/Shandong/2/20	0.2911	0.2658	0.3830	0.3026	0.156	-0.048	0.399	50.14	0.448	0.479	469	498	-0.575502	0.076305	
A/wild_duck/Shandong/628/	0.2824	0.2824	0.4218	0.2500	0.160	-0.033	0.408	50.36	0.423	0.471	468	498	-0.571887	0.074297	
A/wild_duck/Shandong/W358	0.2904	0.2753	0.3958	0.2751	0.151	-0.057	0.394	53.07	0.436	0.477	470	498	-0.550402	0.076305	
A/wild_pigeon/Jilin/CC01/	0.2937	0.2684	0.3840	0.2986	0.150	-0.066	0.388	50.15	0.446	0.479	469	498	-0.580924	0.074297	
A/Eurasian_Wigeon/Ningxia	0.2911	0.2658	0.3920	0.2957	0.149	-0.068	0.388	51.30	0.441	0.477	469	498	-0.583936	0.074297	
