title                    	T3s	C3s	A3s	G3s	CAI	CBI	Fop	Nc	GC3s	GC	L_sym	L_aa	Gravy	Aromo	
A/Indonesia/5/2005      	0.3115	0.2711	0.4139	0.2742	0.173	-0.075	0.380	52.91	0.419	0.444	3990	4224	-0.409849	0.081439	
A/Hong_Kong/483/1997    	0.3053	0.2781	0.4123	0.2742	0.166	-0.077	0.378	52.84	0.425	0.446	3995	4231	-0.412692	0.082014	
A/Hong_Kong/482/97      	0.3044	0.2776	0.4165	0.2703	0.167	-0.078	0.378	52.40	0.422	0.445	3996	4231	-0.415410	0.081777	
A/Chicken/HongKong/FY150/	0.3091	0.2733	0.4072	0.2829	0.171	-0.073	0.381	52.99	0.427	0.446	4014	4244	-0.408412	0.082234	
A/Chicken/HongKong/YU822.	0.3143	0.2692	0.4070	0.2811	0.170	-0.078	0.379	53.55	0.422	0.445	4010	4244	-0.414515	0.081998	
A/Chicken/HongKong/YU562/	0.3143	0.2677	0.4058	0.2850	0.172	-0.075	0.380	53.31	0.424	0.446	4009	4244	-0.412394	0.082469	
A/Pheasant/Hong_Kong/FY15	0.3110	0.2700	0.4033	0.2883	0.171	-0.077	0.379	53.02	0.428	0.447	4013	4244	-0.412818	0.082469	
A/Hong_Kong/486/97      	0.3039	0.2783	0.4162	0.2702	0.167	-0.076	0.379	52.42	0.423	0.446	3995	4231	-0.416261	0.081777	
A/Thailand/16/2004      	0.3113	0.2697	0.4095	0.2820	0.172	-0.078	0.378	52.99	0.423	0.445	3993	4224	-0.412050	0.081676	
A/Hong_Kong/538/97      	0.3042	0.2789	0.4168	0.2700	0.167	-0.076	0.379	52.41	0.423	0.445	4001	4237	-0.414090	0.082134	
A/chicken/Indonesia/7/200	0.3143	0.2677	0.4102	0.2792	0.172	-0.076	0.380	53.15	0.420	0.444	3991	4224	-0.417921	0.081439	
A/chicken/Korea/ES/03   	0.3043	0.2753	0.4108	0.2788	0.171	-0.072	0.382	53.02	0.427	0.447	3994	4223	-0.412195	0.081222	
A/Hong_Kong/156/97      	0.3053	0.2772	0.4161	0.2707	0.166	-0.078	0.378	52.52	0.422	0.445	4001	4237	-0.412438	0.081662	
A/whooper_swan/Mongolia/2	0.3114	0.2692	0.4143	0.2757	0.172	-0.075	0.380	52.66	0.419	0.443	3993	4224	-0.414725	0.081913	
A/Vietnam/UT3062/2004   	0.3096	0.2719	0.4071	0.2838	0.173	-0.073	0.382	53.27	0.426	0.446	3994	4224	-0.411671	0.081913	
A/Anas_crecca/Hubei/Chenh	0.2973	0.2721	0.4239	0.2805	0.164	-0.084	0.374	52.69	0.423	0.445	4015	4244	-0.414562	0.078464	
A/Anas_crecca/Hubei/Chenh	0.2989	0.2710	0.4245	0.2795	0.163	-0.086	0.373	52.66	0.421	0.444	4015	4244	-0.414043	0.078464	
A/Anas_platyrhynchos/Chon	0.2994	0.2803	0.3994	0.2927	0.169	-0.075	0.380	52.94	0.440	0.449	4019	4254	-0.405078	0.081805	
A/Anas_platyrhynchos/Jiuj	0.3000	0.2803	0.3995	0.2913	0.168	-0.077	0.379	53.02	0.439	0.449	4018	4254	-0.403573	0.081570	
A/Anhui/1/2005|EPI_ISL_24	0.3083	0.2701	0.4143	0.2797	0.170	-0.074	0.381	52.82	0.422	0.444	3995	4223	-0.413403	0.081695	
A/Anhui/1/2006|EPI_ISL_73	0.3106	0.2684	0.4142	0.2789	0.170	-0.074	0.380	52.96	0.420	0.444	3989	4223	-0.409922	0.081695	
A/Anhui/2/2005|EPI_ISL_24	0.3066	0.2712	0.4158	0.2786	0.171	-0.071	0.383	52.69	0.422	0.444	3994	4223	-0.411532	0.082169	
A/Anhui/2021-00011/2020|E	0.2991	0.2656	0.4328	0.2738	0.162	-0.090	0.370	52.35	0.414	0.442	4002	4232	-0.415596	0.078922	
A/Anhui/33163/2016|EPI_IS	0.2860	0.2762	0.4319	0.2776	0.167	-0.071	0.381	51.62	0.426	0.446	3995	4225	-0.416402	0.079053	
A/Anser_albifrons/Hubei/C	0.2995	0.2786	0.4118	0.2833	0.167	-0.075	0.380	52.97	0.431	0.447	4019	4251	-0.414444	0.080922	
A/Anser_cygnoides/China/P	0.3137	0.2653	0.4115	0.2810	0.165	-0.085	0.374	52.96	0.419	0.444	3993	4223	-0.400710	0.081459	
A/Anser_cygnoides/Hubei/F	0.3042	0.2706	0.4140	0.2787	0.169	-0.070	0.382	52.66	0.423	0.446	4017	4249	-0.400376	0.081666	
A/Anser_fabalis/Hunan/03.	0.3020	0.2715	0.4220	0.2795	0.166	-0.081	0.376	52.84	0.421	0.444	3999	4230	-0.412719	0.078723	
A/Anser_fabalis/Jiujiang/	0.3000	0.2806	0.3992	0.2913	0.168	-0.077	0.379	53.03	0.439	0.449	4018	4254	-0.403573	0.081570	
A/bar_headed_goose/Tibet/	0.3025	0.2731	0.4061	0.2868	0.166	-0.077	0.377	52.89	0.431	0.449	4011	4242	-0.392244	0.082037	
A/Bar-headed_Goose/Qingha	0.3026	0.2720	0.4114	0.2833	0.170	-0.067	0.384	53.15	0.427	0.447	4022	4255	-0.405923	0.081316	
A/Bar-headed_Goose/Qingha	0.3018	0.2733	0.4096	0.2850	0.170	-0.066	0.384	53.16	0.430	0.447	4025	4255	-0.405241	0.081551	
A/Bar-headed_Goose/Qingha	0.3020	0.2723	0.4115	0.2830	0.170	-0.066	0.384	53.07	0.428	0.447	4024	4255	-0.405711	0.081081	
A/Bar-headed_Goose/Qingha	0.3035	0.2717	0.4101	0.2832	0.170	-0.065	0.384	53.08	0.427	0.447	4024	4255	-0.403901	0.081316	
A/Bar-headed_Goose/Qingha	0.3030	0.2721	0.4107	0.2835	0.170	-0.067	0.383	53.10	0.428	0.447	4024	4255	-0.405311	0.081551	
A/Bar-headed_Goose/Qingha	0.3016	0.2735	0.4081	0.2857	0.170	-0.065	0.384	53.24	0.431	0.448	4024	4255	-0.406134	0.081316	
A/Bar-headed_Goose/Qingha	0.3023	0.2729	0.4093	0.2847	0.170	-0.067	0.384	53.10	0.429	0.447	4023	4255	-0.405029	0.082256	
A/Bar-headed_Goose/Qingha	0.3029	0.2723	0.4089	0.2846	0.170	-0.066	0.384	53.24	0.429	0.448	4022	4255	-0.403596	0.081081	
A/Bar-headed_Goose/Qingha	0.3024	0.2724	0.4112	0.2829	0.170	-0.067	0.384	53.09	0.428	0.447	4024	4255	-0.407356	0.081316	
A/Bar-headed_Goose/Qingha	0.3029	0.2717	0.4108	0.2834	0.170	-0.067	0.383	53.04	0.427	0.447	4024	4255	-0.408625	0.081316	
A/Bar-headed_Goose/Qingha	0.3023	0.2720	0.4108	0.2836	0.169	-0.067	0.383	53.09	0.428	0.447	4024	4255	-0.405640	0.081316	
A/Bar-headed_Goose/Qingha	0.3031	0.2707	0.4115	0.2836	0.169	-0.068	0.383	53.06	0.427	0.447	4025	4255	-0.406768	0.081316	
A/Bar-headed_Goose/Qingha	0.3026	0.2723	0.4107	0.2835	0.170	-0.066	0.384	53.13	0.428	0.447	4024	4255	-0.404653	0.081786	
A/Bar-headed_Goose/Qingha	0.3026	0.2714	0.4116	0.2834	0.170	-0.067	0.383	53.06	0.427	0.447	4024	4255	-0.405335	0.081551	
A/Bar-headed_Goose/Qingha	0.3022	0.2723	0.4107	0.2837	0.170	-0.067	0.383	53.10	0.428	0.447	4024	4255	-0.405100	0.081316	
A/Bar-headed_Goose/Qingha	0.3019	0.2720	0.4107	0.2839	0.170	-0.066	0.384	53.09	0.428	0.448	4024	4255	-0.402609	0.081551	
A/Bar-headed_Goose/Qingha	0.3028	0.2725	0.4084	0.2846	0.170	-0.067	0.383	53.23	0.429	0.448	4023	4255	-0.405734	0.081316	
A/Bar-headed_Goose/Qingha	0.3025	0.2719	0.4102	0.2840	0.170	-0.068	0.383	53.16	0.428	0.447	4024	4255	-0.402726	0.081551	
A/Bar-headed_Goose/Qingha	0.3021	0.2719	0.4102	0.2839	0.170	-0.067	0.383	53.16	0.428	0.448	4023	4255	-0.402092	0.081316	
A/Bar-headed_Goose/Qingha	0.3021	0.2724	0.4106	0.2843	0.170	-0.065	0.385	53.11	0.429	0.447	4023	4255	-0.407262	0.081786	
A/Bar-headed_Goose/Qingha	0.3027	0.2724	0.4104	0.2832	0.170	-0.066	0.384	53.13	0.428	0.447	4024	4255	-0.405969	0.081081	
A/Bar-headed_Goose/Qingha	0.3030	0.2721	0.4107	0.2834	0.170	-0.066	0.384	53.08	0.428	0.447	4024	4255	-0.406157	0.081551	
A/Bar-headed_Goose/Qingha	0.3039	0.2709	0.4115	0.2828	0.170	-0.067	0.383	53.18	0.426	0.447	4019	4255	-0.406275	0.081786	
A/Bar-headed_Goose/Qingha	0.3022	0.2735	0.4126	0.2803	0.169	-0.069	0.382	52.72	0.426	0.446	4024	4255	-0.397368	0.081316	
A/Bar-headed_Goose/Qingha	0.3018	0.2734	0.4123	0.2815	0.169	-0.069	0.382	52.74	0.427	0.447	4025	4255	-0.396569	0.081316	
A/Bar-headed_Goose/Qingha	0.3032	0.2729	0.4121	0.2808	0.170	-0.068	0.383	52.78	0.426	0.446	4024	4255	-0.400611	0.081551	
A/Bar-headed_Goose/Qingha	0.3026	0.2739	0.4121	0.2803	0.170	-0.067	0.383	52.75	0.427	0.447	4024	4255	-0.400117	0.081551	
A/Bar-headed_Goose/Qingha	0.3030	0.2724	0.4130	0.2811	0.170	-0.069	0.382	52.76	0.426	0.446	4024	4255	-0.397391	0.082256	
A/Bar-headed_Goose/Qingha	0.3029	0.2723	0.4096	0.2834	0.170	-0.066	0.384	53.16	0.428	0.448	4023	4255	-0.404395	0.081316	
A/Bar-headed_Goose/Qingha	0.3023	0.2726	0.4105	0.2832	0.170	-0.065	0.385	53.13	0.428	0.447	4024	4255	-0.407285	0.081316	
A/Bar-headed_Goose/Qingha	0.3022	0.2729	0.4099	0.2836	0.170	-0.067	0.384	53.15	0.429	0.448	4024	4255	-0.405429	0.081551	
A/Bar-headed_Goose/Qingha	0.3024	0.2721	0.4110	0.2834	0.169	-0.067	0.383	53.20	0.428	0.447	4023	4255	-0.406134	0.081081	
A/Bar-headed_Goose/Qingha	0.3027	0.2727	0.4099	0.2836	0.171	-0.065	0.385	53.15	0.428	0.447	4024	4255	-0.406181	0.081316	
A/Bar-headed_Goose/Qingha	0.3026	0.2717	0.4094	0.2846	0.170	-0.068	0.383	53.19	0.429	0.448	4023	4255	-0.401598	0.081316	
A/Bar-headed_Goose/Qingha	0.3019	0.2735	0.4123	0.2815	0.169	-0.069	0.382	52.78	0.427	0.447	4025	4255	-0.399295	0.081316	
A/Bar-headed_Goose/Qingha	0.3026	0.2723	0.4096	0.2840	0.170	-0.067	0.384	53.22	0.429	0.448	4023	4255	-0.403925	0.081316	
A/Bar-headed_Goose/Qingha	0.3042	0.2715	0.4184	0.2782	0.166	-0.085	0.374	52.41	0.422	0.444	3993	4223	-0.416031	0.082169	
A/Bar-headed_Goose/Qingha	0.3022	0.2723	0.4107	0.2833	0.170	-0.066	0.384	53.14	0.428	0.447	4024	4255	-0.406110	0.081081	
A/Bar-headed_Goose/Qingha	0.3020	0.2726	0.4105	0.2837	0.170	-0.066	0.384	53.14	0.428	0.447	4024	4255	-0.406980	0.081316	
A/Bar-headed_Goose/Qingha	0.3020	0.2729	0.4091	0.2843	0.169	-0.067	0.383	53.24	0.429	0.448	4023	4255	-0.404677	0.081316	
A/Bar-headed_Goose/Qingha	0.3022	0.2726	0.4094	0.2839	0.170	-0.068	0.383	53.21	0.429	0.448	4023	4255	-0.401175	0.081316	
A/Bar-headed_Goose/Qingha	0.3022	0.2726	0.4091	0.2845	0.170	-0.067	0.383	53.25	0.429	0.448	4024	4255	-0.404724	0.081316	
A/Bar-headed_Goose/Qingha	0.3026	0.2723	0.4096	0.2839	0.170	-0.067	0.383	53.28	0.429	0.448	4023	4255	-0.404653	0.081316	
A/Bar-headed_Goose/Qingha	0.3026	0.2723	0.4093	0.2843	0.170	-0.066	0.384	53.26	0.429	0.448	4023	4255	-0.403925	0.081316	
A/Bar-headed_Goose/Qingha	0.3023	0.2726	0.4115	0.2827	0.170	-0.066	0.384	53.09	0.428	0.447	4023	4255	-0.407215	0.081081	
A/Bar-headed_Goose/Qingha	0.3024	0.2727	0.4104	0.2829	0.170	-0.065	0.384	53.14	0.428	0.447	4023	4255	-0.404982	0.081081	
A/Bar-headed_Goose/Qingha	0.3019	0.2725	0.4108	0.2835	0.170	-0.065	0.385	53.13	0.428	0.447	4023	4255	-0.405875	0.081316	
A/Bar-headed_Goose/Qingha	0.3018	0.2733	0.4102	0.2836	0.170	-0.065	0.385	53.17	0.429	0.448	4023	4255	-0.406980	0.081551	
A/Bar-headed_Goose/Qingha	0.3022	0.2731	0.4100	0.2836	0.170	-0.065	0.385	53.22	0.429	0.447	4023	4255	-0.403384	0.081316	
A/Bar-headed_Goose/Qingha	0.3020	0.2729	0.4090	0.2847	0.170	-0.068	0.383	53.23	0.430	0.448	4023	4255	-0.405758	0.081316	
A/Bar-headed_Goose/Qingha	0.3023	0.2726	0.4096	0.2839	0.170	-0.068	0.383	53.20	0.429	0.448	4023	4255	-0.404348	0.081316	
A/Bar-headed_Goose/Qingha	0.3016	0.2729	0.4095	0.2845	0.170	-0.066	0.384	53.22	0.429	0.448	4022	4255	-0.404559	0.081551	
A/Bar-headed_Goose/Qingha	0.3016	0.2729	0.4093	0.2843	0.170	-0.066	0.384	53.22	0.429	0.448	4022	4255	-0.403807	0.081316	
A/Bar-headed_Goose/Qingha	0.3019	0.2723	0.4112	0.2834	0.170	-0.067	0.383	53.08	0.428	0.447	4024	4255	-0.404277	0.081316	
A/Bar-headed_Goose/Qingha	0.3019	0.2725	0.4110	0.2836	0.170	-0.066	0.384	53.10	0.428	0.447	4024	4255	-0.408437	0.081551	
A/Bar-headed_Goose/Qingha	0.3019	0.2729	0.4099	0.2840	0.170	-0.067	0.383	53.15	0.429	0.448	4024	4255	-0.408461	0.081316	
A/Bar-headed_Goose/Qingha	0.3019	0.2729	0.4103	0.2837	0.170	-0.067	0.383	53.11	0.429	0.447	4024	4255	-0.407027	0.081316	
A/Bar-headed_Goose/Qingha	0.3024	0.2727	0.4096	0.2840	0.170	-0.066	0.384	53.24	0.429	0.448	4023	4255	-0.404371	0.081316	
A/Bar-headed_Goose/Qingha	0.3023	0.2726	0.4096	0.2839	0.170	-0.067	0.384	53.18	0.429	0.448	4023	4255	-0.403690	0.081316	
A/Bar-headed_Goose/Qingha	0.3023	0.2723	0.4115	0.2826	0.170	-0.066	0.384	53.04	0.427	0.447	4024	4255	-0.406275	0.081316	
A/Bar-headed_Goose/Qingha	0.3016	0.2729	0.4115	0.2826	0.170	-0.067	0.383	53.06	0.428	0.447	4024	4255	-0.405147	0.081081	
A/Bar-headed_Goose/Qingha	0.3020	0.2729	0.4102	0.2837	0.170	-0.066	0.384	53.12	0.429	0.447	4024	4255	-0.405617	0.081316	
A/Bar-headed_Goose/Qingha	0.3031	0.2720	0.4093	0.2844	0.170	-0.066	0.384	53.17	0.428	0.448	4024	4255	-0.405734	0.081551	
A/Bar-headed_Goose/Qingha	0.3023	0.2726	0.4113	0.2825	0.170	-0.065	0.384	53.12	0.428	0.447	4023	4255	-0.408743	0.081316	
A/Bar-headed_Goose/Qingha	0.3023	0.2726	0.4109	0.2821	0.170	-0.065	0.385	53.15	0.428	0.447	4023	4255	-0.405076	0.081316	
A/Bar-headed_Goose/Qingha	0.3022	0.2726	0.4107	0.2824	0.170	-0.065	0.384	53.22	0.428	0.448	4023	4255	-0.406228	0.081081	
A/Bar-headed_Goose/Qingha	0.3017	0.2729	0.4104	0.2830	0.170	-0.065	0.384	53.19	0.429	0.448	4023	4255	-0.404818	0.081081	
A/Bar-headed_Goose/Qingha	0.3029	0.2713	0.4100	0.2841	0.169	-0.069	0.382	53.21	0.428	0.448	4017	4249	-0.405578	0.081431	
A/Bar-headed_Goose/Qingha	0.3029	0.2717	0.4092	0.2839	0.169	-0.068	0.383	53.17	0.428	0.448	4023	4255	-0.404136	0.081081	
A/Bar-headed_Goose/Qingha	0.3018	0.2725	0.4115	0.2831	0.169	-0.068	0.383	53.02	0.428	0.447	4025	4255	-0.405805	0.081551	
A/Bar-headed_Goose/Qingha	0.3021	0.2722	0.4115	0.2831	0.169	-0.068	0.383	53.04	0.428	0.447	4025	4255	-0.404700	0.081786	
A/Bar-headed_Goose/Qingha	0.3023	0.2726	0.4100	0.2840	0.170	-0.065	0.384	53.16	0.429	0.447	4024	4255	-0.406957	0.081316	
A/Bar-headed_Goose/Qingha	0.3026	0.2717	0.4112	0.2839	0.170	-0.067	0.383	53.05	0.428	0.447	4024	4255	-0.406322	0.081786	
A/Bar-headed_Goose/Qingha	0.3025	0.2723	0.4100	0.2836	0.170	-0.068	0.383	53.18	0.428	0.448	4023	4255	-0.404818	0.081786	
A/Bar-headed_Goose/Qingha	0.3028	0.2723	0.4089	0.2842	0.169	-0.069	0.382	53.22	0.429	0.448	4023	4255	-0.403713	0.081316	
A/Bar-headed_goose/Qingha	0.2981	0.2673	0.4299	0.2765	0.164	-0.086	0.373	51.88	0.417	0.444	3994	4226	-0.419356	0.079035	
A/Bar-headed_goose/Qingha	0.2976	0.2674	0.4303	0.2767	0.164	-0.085	0.373	51.91	0.417	0.443	4000	4233	-0.423317	0.078668	
A/Bar-headed_goose/Qingha	0.2976	0.2677	0.4311	0.2758	0.165	-0.085	0.373	51.86	0.417	0.443	4000	4233	-0.421592	0.078904	
A/Bar-headed_goose/Qingha	0.2978	0.2671	0.4307	0.2763	0.164	-0.086	0.373	51.88	0.417	0.443	4000	4233	-0.419206	0.078904	
A/Bar-headed_goose/Qingha	0.2976	0.2672	0.4309	0.2761	0.164	-0.086	0.373	51.88	0.417	0.443	4000	4233	-0.418899	0.078904	
A/Bar-headed_goose/Qingha	0.2977	0.2673	0.4309	0.2761	0.164	-0.086	0.373	51.85	0.417	0.443	4000	4233	-0.422325	0.078904	
A/Bar-headed_goose/Qingha	0.2981	0.2671	0.4305	0.2764	0.164	-0.086	0.373	51.87	0.417	0.443	4000	4233	-0.422892	0.078904	
A/Bar-headed_goose/Qingha	0.2979	0.2666	0.4308	0.2758	0.164	-0.087	0.372	51.87	0.416	0.443	4000	4233	-0.418781	0.078431	
A/Bar-headed_Goose/Qingha	0.3018	0.2724	0.4110	0.2836	0.170	-0.066	0.384	53.08	0.428	0.447	4024	4255	-0.407709	0.081081	
A/Bar-headed_Goose/Qingha	0.3024	0.2724	0.4119	0.2828	0.170	-0.067	0.383	53.04	0.427	0.447	4024	4255	-0.408085	0.081786	
A/Bar-headed_Goose/Qingha	0.3026	0.2717	0.4110	0.2836	0.170	-0.067	0.383	53.08	0.428	0.447	4024	4255	-0.406651	0.081551	
A/Bar-headed_Goose/Qingha	0.3029	0.2716	0.4117	0.2825	0.170	-0.068	0.383	53.03	0.427	0.447	4018	4249	-0.408002	0.081431	
A/Bar-headed_Goose/Qingha	0.3024	0.2721	0.4104	0.2839	0.170	-0.066	0.384	53.11	0.428	0.447	4024	4255	-0.405875	0.081081	
A/Bar-headed_Goose/Qingha	0.3022	0.2726	0.4107	0.2833	0.170	-0.066	0.384	53.03	0.428	0.447	4025	4255	-0.405123	0.081551	
A/Bar-headed_Goose/Qingha	0.3016	0.2726	0.4110	0.2836	0.170	-0.067	0.384	53.07	0.428	0.447	4025	4255	-0.404630	0.081786	
A/Bar-headed_Goose/Tibet/	0.3039	0.2713	0.4077	0.2855	0.166	-0.076	0.378	52.94	0.429	0.448	4005	4236	-0.393107	0.081917	
A/Bar-headed_Goose/Tibet/	0.3033	0.2717	0.4068	0.2868	0.165	-0.079	0.376	52.88	0.430	0.448	4006	4236	-0.393296	0.082153	
A/Bar-headed_Goose/Tibet/	0.3021	0.2729	0.4077	0.2857	0.166	-0.077	0.377	52.81	0.430	0.448	4006	4236	-0.393508	0.082153	
A/Bar-headed_Goose/Tibet/	0.3033	0.2716	0.4077	0.2860	0.166	-0.076	0.378	52.93	0.429	0.448	4005	4236	-0.391950	0.081917	
A/Bar-headed_Goose/Tibet/	0.2965	0.2822	0.3995	0.2931	0.170	-0.072	0.382	52.87	0.442	0.451	4015	4248	-0.405532	0.081921	
A/Bar-headed_Goose/Tibet/	0.2968	0.2822	0.3999	0.2924	0.170	-0.072	0.382	52.86	0.442	0.450	4015	4248	-0.407109	0.082156	
A/Bar-headed_Goose/Tibet/	0.3028	0.2724	0.4069	0.2863	0.166	-0.078	0.377	52.85	0.430	0.449	4005	4236	-0.393791	0.082153	
A/Bar-headed_Goose/Tibet/	0.3030	0.2720	0.4068	0.2866	0.166	-0.078	0.376	52.84	0.430	0.449	4006	4236	-0.394405	0.082153	
A/Bar-headed_Goose/Tibet/	0.3030	0.2720	0.4068	0.2866	0.166	-0.079	0.376	52.86	0.430	0.449	4006	4236	-0.394594	0.082153	
A/Bar-headed_Goose/Tibet/	0.3030	0.2720	0.4068	0.2868	0.166	-0.079	0.376	52.84	0.430	0.448	4006	4236	-0.394358	0.082153	
A/Bar-headed_Goose/Tibet/	0.3030	0.2720	0.4068	0.2867	0.166	-0.079	0.376	52.85	0.430	0.449	4006	4236	-0.394523	0.082153	
A/Bar-headed_Goose/Tibet/	0.3026	0.2722	0.4070	0.2869	0.166	-0.074	0.379	52.92	0.430	0.449	4006	4236	-0.393555	0.081917	
A/Bar-headed_Goose/Tibet/	0.3033	0.2716	0.4077	0.2859	0.166	-0.076	0.378	52.94	0.429	0.448	4005	4236	-0.392115	0.081917	
A/Bar-headed_Goose/Tibet/	0.3035	0.2713	0.4077	0.2860	0.166	-0.075	0.378	52.95	0.429	0.448	4005	4236	-0.392375	0.081917	
A/bean_goose/Hubei/BQ11/2	0.3026	0.2723	0.4074	0.2861	0.167	-0.073	0.379	52.90	0.430	0.449	4005	4236	-0.398135	0.081681	
A/Bean_Goose/Hubei/chenhu	0.3199	0.2632	0.4004	0.2855	0.172	-0.075	0.379	52.95	0.422	0.448	4017	4252	-0.400400	0.082079	
A/Bean_goose/Hubei/CH-i11	0.3015	0.2733	0.4102	0.2840	0.170	-0.065	0.384	53.13	0.429	0.448	4024	4255	-0.406251	0.081081	
A/Bean_goose/Hubei/CH-i12	0.3014	0.2735	0.4090	0.2838	0.169	-0.069	0.382	53.22	0.430	0.448	4024	4255	-0.401669	0.081316	
A/Bean_goose/Hubei/CH-I22	0.2939	0.2686	0.4303	0.2789	0.165	-0.082	0.375	52.30	0.420	0.445	4002	4233	-0.414056	0.079140	
A/Bean_goose/Hubei/CH-i32	0.3025	0.2718	0.4114	0.2834	0.169	-0.068	0.383	53.14	0.428	0.447	4018	4249	-0.409461	0.081666	
A/black_chicken/Jiangxi/1	0.3018	0.2683	0.4242	0.2807	0.164	-0.086	0.374	52.66	0.420	0.443	4013	4244	-0.415245	0.078699	
A/Black_faced_Spoonbill/A	0.3034	0.2804	0.4050	0.2818	0.170	-0.068	0.384	52.90	0.432	0.449	4019	4254	-0.407734	0.082040	
A/Black_Faced_Spoonbill/H	0.2979	0.2816	0.3963	0.2960	0.169	-0.067	0.385	53.08	0.444	0.451	4020	4254	-0.410602	0.082040	
A/Black_Faced_Spoonbill/H	0.3014	0.2814	0.4079	0.2803	0.170	-0.066	0.385	52.71	0.432	0.448	4021	4254	-0.405548	0.082511	
A/black_swan/Beijing/1/20	0.3014	0.2719	0.4079	0.2870	0.165	-0.078	0.376	52.92	0.431	0.449	4006	4236	-0.400024	0.081681	
A/black-backed_gull/Shand	0.3037	0.2712	0.4066	0.2865	0.166	-0.077	0.378	53.04	0.429	0.449	4005	4236	-0.397049	0.081681	
A/Black-necked_Grebe/Inne	0.3065	0.2698	0.4174	0.2787	0.165	-0.089	0.372	52.42	0.421	0.443	3992	4223	-0.410419	0.081695	
A/Black-necked_Grebe/Inne	0.3042	0.2718	0.4168	0.2801	0.165	-0.085	0.374	52.49	0.423	0.444	3994	4223	-0.412361	0.081695	
A/Black-necked_Grebe/Inne	0.3043	0.2716	0.4167	0.2802	0.166	-0.083	0.375	52.49	0.423	0.443	3994	4223	-0.411816	0.081459	
A/Black-necked_Grebe/Inne	0.3045	0.2715	0.4165	0.2804	0.166	-0.084	0.375	52.50	0.423	0.444	3994	4223	-0.411153	0.081695	
A/Black-necked_Grebe/Inne	0.3039	0.2721	0.4165	0.2804	0.166	-0.084	0.375	52.50	0.424	0.444	3994	4223	-0.411343	0.081695	
A/Black-necked_Grebe/Inne	0.3045	0.2715	0.4165	0.2804	0.166	-0.084	0.375	52.50	0.423	0.444	3994	4223	-0.411153	0.081695	
A/Black-necked_Grebe/Inne	0.3043	0.2716	0.4167	0.2802	0.166	-0.083	0.375	52.50	0.423	0.444	3994	4223	-0.412906	0.081459	
A/Black-necked_Grebe/Inne	0.3039	0.2718	0.4166	0.2801	0.166	-0.084	0.375	52.47	0.423	0.444	3994	4223	-0.410798	0.081459	
A/Brown-headed_Gull/Qingh	0.3031	0.2714	0.4099	0.2839	0.170	-0.067	0.383	53.17	0.428	0.447	4024	4255	-0.401246	0.081316	
A/Brown-headed_Gull/Qingh	0.3028	0.2710	0.4106	0.2838	0.170	-0.068	0.383	53.11	0.427	0.447	4024	4255	-0.404959	0.081316	
A/Brown-headed_Gull/Qingh	0.3022	0.2726	0.4101	0.2836	0.170	-0.067	0.383	53.10	0.428	0.447	4024	4255	-0.405170	0.081081	
A/Brown-headed_Gull/Qingh	0.3025	0.2723	0.4102	0.2836	0.170	-0.067	0.383	53.09	0.428	0.447	4024	4255	-0.405499	0.081316	
A/Brown-headed_Gull/Qingh	0.3028	0.2722	0.4101	0.2832	0.170	-0.067	0.383	53.12	0.428	0.447	4024	4255	-0.407403	0.081081	
A/Brown-headed_Gull/Qingh	0.3025	0.2723	0.4091	0.2835	0.169	-0.068	0.383	53.25	0.429	0.448	4023	4255	-0.404794	0.080846	
A/Brown-headed_Gull/Qingh	0.3022	0.2723	0.4098	0.2838	0.170	-0.068	0.383	53.20	0.429	0.448	4023	4255	-0.402209	0.081316	
A/Brown-headed_Gull/Qingh	0.3024	0.2724	0.4112	0.2830	0.170	-0.068	0.383	53.07	0.428	0.447	4024	4255	-0.406416	0.081316	
A/Brown-headed_Gull/Qingh	0.3021	0.2727	0.4105	0.2837	0.171	-0.065	0.385	53.19	0.429	0.447	4023	4255	-0.406604	0.081551	
A/brown-headed_gull/Tibet	0.3035	0.2713	0.4076	0.2860	0.166	-0.076	0.377	52.78	0.429	0.448	4006	4236	-0.393886	0.081917	
A/Brown-headed_Gull/Tibet	0.3033	0.2716	0.4077	0.2860	0.166	-0.076	0.378	52.93	0.429	0.448	4005	4236	-0.392044	0.081917	
A/Brown-headed_Gull/Tibet	0.3020	0.2722	0.4080	0.2863	0.166	-0.076	0.378	52.77	0.430	0.449	4006	4236	-0.392422	0.081917	
A/Brown-headed_Gull/Tibet	0.3023	0.2719	0.4084	0.2858	0.166	-0.076	0.378	52.79	0.429	0.448	4006	4236	-0.391926	0.081917	
A/canine/China/GX30/2023|	0.2938	0.2732	0.4190	0.2846	0.166	-0.073	0.380	51.95	0.428	0.447	4027	4255	-0.408860	0.079671	
A/cat/Sichuan/SC18/2014|E	0.2990	0.2716	0.4233	0.2805	0.165	-0.080	0.377	52.79	0.422	0.444	4012	4244	-0.417413	0.078464	
A/cat/Zhejiang/C1/2016|EP	0.2835	0.2774	0.4315	0.2801	0.166	-0.080	0.376	51.57	0.429	0.446	3995	4224	-0.419153	0.079309	
A/cat/Zhejiang/C2/2016|EP	0.2866	0.2735	0.4307	0.2806	0.166	-0.083	0.374	51.35	0.426	0.446	3996	4224	-0.414702	0.079072	
A/Changsha/1/2014|EPI_ISL	0.2978	0.2692	0.4248	0.2802	0.163	-0.093	0.369	52.07	0.422	0.445	4002	4232	-0.410397	0.078922	
A/chicken/Anhui/S1740/202	0.3070	0.2763	0.4028	0.2850	0.169	-0.070	0.383	53.08	0.431	0.448	4001	4235	-0.398678	0.083117	
A/chicken/Beijing/BJ7/201	0.3036	0.2738	0.4128	0.2836	0.169	-0.072	0.381	52.45	0.427	0.443	4004	4232	-0.408129	0.080813	
A/chicken/CH/a556/2015|EP	0.3230	0.2583	0.4320	0.2563	0.169	-0.082	0.376	51.93	0.395	0.434	3989	4225	-0.409562	0.080237	
A/chicken/Changhua/150101	0.2988	0.2810	0.4145	0.2766	0.168	-0.081	0.376	51.91	0.429	0.446	4023	4254	-0.406488	0.080395	
A/chicken/Changhua/150102	0.2991	0.2807	0.4141	0.2769	0.168	-0.081	0.376	51.92	0.429	0.445	4023	4254	-0.406464	0.080395	
A/chicken/Changhua/150103	0.2995	0.2804	0.4138	0.2775	0.168	-0.081	0.376	51.96	0.429	0.445	4022	4254	-0.407663	0.080395	
A/chicken/Changhua/150103	0.2990	0.2809	0.4143	0.2767	0.168	-0.080	0.377	51.92	0.429	0.446	4023	4254	-0.406817	0.080630	
A/chicken/Changhua/150103	0.2987	0.2815	0.4143	0.2765	0.168	-0.081	0.376	51.98	0.429	0.445	4023	4254	-0.405947	0.080395	
A/chicken/Changhua/150103	0.2985	0.2813	0.4148	0.2761	0.168	-0.080	0.376	51.97	0.429	0.445	4024	4254	-0.403385	0.080160	
A/chicken/Changhua/150400	0.3067	0.2686	0.4267	0.2662	0.168	-0.086	0.373	52.13	0.412	0.441	4034	4263	-0.400352	0.081163	
A/chicken/Changhua/150400	0.3080	0.2667	0.4257	0.2678	0.168	-0.088	0.371	52.00	0.412	0.441	4033	4263	-0.402135	0.081163	
A/chicken/Changhua/150400	0.3079	0.2674	0.4249	0.2681	0.168	-0.088	0.372	52.18	0.412	0.441	4033	4263	-0.400070	0.081163	
A/chicken/Changhua/150400	0.3079	0.2674	0.4249	0.2680	0.168	-0.087	0.372	52.13	0.412	0.441	4033	4263	-0.401290	0.081163	
A/chicken/Changhua/150500	0.2987	0.2812	0.4145	0.2762	0.168	-0.079	0.377	52.01	0.429	0.446	4023	4254	-0.405078	0.080395	
A/chicken/Changhua/150500	0.3021	0.2725	0.4161	0.2775	0.168	-0.083	0.374	52.49	0.424	0.446	4030	4262	-0.401619	0.081183	
A/chicken/Changhua/150600	0.2983	0.2808	0.4143	0.2765	0.168	-0.079	0.377	51.96	0.429	0.446	4024	4254	-0.402727	0.080395	
A/chicken/Changhua/150600	0.3027	0.2716	0.4157	0.2777	0.168	-0.084	0.374	52.52	0.423	0.446	4029	4262	-0.399601	0.081183	
A/chicken/Changhua/150600	0.2979	0.2813	0.4132	0.2787	0.167	-0.081	0.376	52.06	0.431	0.446	4023	4254	-0.403714	0.080395	
A/chicken/Changhua/151200	0.3000	0.2807	0.4156	0.2742	0.168	-0.078	0.378	52.07	0.427	0.445	4022	4254	-0.403268	0.080395	
A/chicken/Changhua/160100	0.2971	0.2802	0.4167	0.2764	0.166	-0.083	0.375	51.84	0.428	0.445	4022	4254	-0.405078	0.080395	
A/chicken/Changhua/170600	0.3027	0.2756	0.4157	0.2764	0.167	-0.080	0.376	51.81	0.424	0.444	4029	4261	-0.405046	0.080498	
A/chicken/Changhua/180400	0.2973	0.2801	0.4123	0.2816	0.167	-0.080	0.376	52.26	0.432	0.446	4024	4254	-0.401316	0.080160	
A/chicken/Chiayi/15010287	0.2990	0.2809	0.4139	0.2770	0.168	-0.080	0.377	51.94	0.429	0.446	4023	4254	-0.406582	0.080395	
A/chicken/Chiayi/15010409	0.2984	0.2812	0.4159	0.2756	0.168	-0.081	0.376	51.88	0.428	0.445	4023	4254	-0.401740	0.080395	
A/chicken/Chiayi/15010454	0.3036	0.2713	0.4168	0.2766	0.168	-0.083	0.374	52.46	0.422	0.445	4030	4262	-0.402276	0.081183	
A/chicken/Chiayi/17040009	0.2975	0.2806	0.4148	0.2788	0.168	-0.076	0.379	52.02	0.430	0.445	4022	4254	-0.403503	0.080630	
A/chicken/Chiayi/18120003	0.3020	0.2763	0.4070	0.2866	0.170	-0.070	0.382	52.68	0.432	0.447	4024	4254	-0.399765	0.080160	
A/chicken/China/007/2019|	0.2955	0.2693	0.4285	0.2770	0.164	-0.090	0.370	52.20	0.420	0.445	4000	4232	-0.410822	0.078922	
A/chicken/China/Cangzhou0	0.2992	0.2811	0.3982	0.2937	0.168	-0.077	0.379	52.91	0.441	0.450	4018	4254	-0.407076	0.082040	
A/chicken/China/E93/2012|	0.3097	0.2715	0.4167	0.2743	0.170	-0.069	0.383	53.17	0.419	0.442	3992	4223	-0.403528	0.081932	
A/chicken/China/E96/2012|	0.3100	0.2709	0.4163	0.2744	0.170	-0.074	0.380	53.09	0.419	0.442	3992	4223	-0.398911	0.081695	
A/chicken/Chiping/0321/20	0.3029	0.2728	0.4145	0.2834	0.167	-0.078	0.377	52.61	0.426	0.443	4003	4232	-0.411578	0.080577	
A/chicken/chongqing/H1/20	0.2915	0.2754	0.4329	0.2684	0.165	-0.080	0.376	52.10	0.419	0.445	4009	4238	-0.407622	0.078103	
A/chicken/Chongqing/SD001	0.2902	0.2744	0.4346	0.2707	0.165	-0.081	0.376	51.95	0.419	0.444	4009	4238	-0.412199	0.078339	
A/chicken/Dongguan/2690/2	0.2985	0.2684	0.4243	0.2817	0.163	-0.092	0.369	52.36	0.422	0.445	4002	4233	-0.414765	0.078904	
A/chicken/Dongguan/3363/2	0.2991	0.2681	0.4270	0.2779	0.163	-0.091	0.370	52.18	0.419	0.444	4002	4233	-0.414836	0.078904	
A/chicken/Dongguan/4259/2	0.2983	0.2688	0.4238	0.2813	0.163	-0.091	0.370	52.40	0.422	0.445	4003	4233	-0.415450	0.078904	
A/chicken/Fujian/05.07_FZ	0.3010	0.2709	0.4192	0.2821	0.165	-0.085	0.374	52.67	0.424	0.445	3973	4201	-0.418543	0.079505	
A/chicken/Fujian/09.16_GT	0.3004	0.2695	0.4207	0.2822	0.164	-0.087	0.372	52.58	0.423	0.445	3982	4212	-0.415432	0.079535	
A/chicken/Fujian/10.08_FZ	0.2983	0.2690	0.4275	0.2770	0.162	-0.091	0.370	52.08	0.419	0.444	3993	4224	-0.416454	0.078598	
A/chicken/Fujian/11.23_FZ	0.2895	0.2751	0.4303	0.2776	0.167	-0.078	0.378	51.75	0.425	0.445	4000	4233	-0.421616	0.078904	
A/chicken/Gansu/5/2012|EP	0.3101	0.2716	0.4170	0.2720	0.171	-0.071	0.382	52.99	0.418	0.443	3991	4223	-0.406157	0.081932	
A/chicken/Gansu/6/2012|EP	0.3096	0.2714	0.4155	0.2753	0.169	-0.072	0.382	53.33	0.420	0.443	3992	4223	-0.403149	0.081932	
A/chicken/Ganzhou/GZ27/20	0.2928	0.2749	0.4235	0.2801	0.166	-0.077	0.378	52.35	0.426	0.447	3999	4232	-0.409995	0.079159	
A/chicken/Guangdong/04.15	0.2847	0.2789	0.4311	0.2780	0.168	-0.073	0.381	51.88	0.428	0.447	3952	4179	-0.426011	0.080402	
A/chicken/Guangdong/10.16	0.2856	0.2777	0.4310	0.2776	0.166	-0.078	0.377	51.87	0.427	0.446	4000	4230	-0.415366	0.079196	
A/chicken/Guangdong/GD160	0.2861	0.2763	0.4256	0.2838	0.166	-0.078	0.377	51.64	0.431	0.447	3995	4224	-0.409280	0.079545	
A/chicken/Guangdong/MG170	0.2957	0.2710	0.4293	0.2736	0.166	-0.078	0.377	52.20	0.419	0.445	4006	4233	-0.409780	0.078431	
A/chicken/Guangdong/MG171	0.2957	0.2710	0.4295	0.2736	0.166	-0.077	0.378	52.16	0.419	0.445	4006	4233	-0.410607	0.078431	
A/chicken/Guangdong/MG171	0.2957	0.2710	0.4277	0.2758	0.165	-0.079	0.377	52.33	0.420	0.445	4005	4233	-0.412710	0.077959	
A/chicken/Guangdong/MG171	0.2938	0.2734	0.4269	0.2755	0.166	-0.079	0.377	52.15	0.422	0.446	4005	4238	-0.414582	0.079283	
A/chicken/Guangdong/MG173	0.2991	0.2614	0.4379	0.2737	0.163	-0.092	0.370	51.60	0.410	0.441	4009	4236	-0.411804	0.079792	
A/chicken/Guangdong/MG173	0.2960	0.2712	0.4201	0.2840	0.166	-0.076	0.379	51.81	0.426	0.446	4021	4249	-0.408826	0.079313	
A/chicken/Guangxi/04.10_N	0.2960	0.2717	0.4212	0.2854	0.164	-0.089	0.371	52.26	0.427	0.446	3963	4190	-0.416277	0.079475	
A/chicken/Guangxi/16/2019	0.2991	0.2682	0.4358	0.2698	0.167	-0.078	0.378	52.25	0.413	0.441	3999	4233	-0.424380	0.079140	
A/chicken/Guangxi/S2039/2	0.3075	0.2676	0.4147	0.2828	0.168	-0.081	0.376	52.87	0.422	0.444	3994	4224	-0.412311	0.081913	
A/chicken/Guizhou/8.26_ZY	0.2826	0.2804	0.4291	0.2799	0.166	-0.072	0.381	52.42	0.431	0.446	3993	4224	-0.417164	0.079072	
A/chicken/GY/a451/2015|EP	0.3212	0.2592	0.4313	0.2582	0.170	-0.078	0.379	51.84	0.397	0.435	3991	4225	-0.410769	0.080710	
A/Chicken/Hangzhou/E1149/	0.2851	0.2745	0.4242	0.2875	0.162	-0.086	0.372	52.39	0.431	0.449	4012	4236	-0.409844	0.078612	
A/chicken/Hebei/3/2013|EP	0.3048	0.2744	0.4138	0.2819	0.170	-0.069	0.383	52.70	0.426	0.442	4011	4238	-0.413096	0.080698	
A/chicken/Heilongjiang/S7	0.3142	0.2684	0.4146	0.2762	0.165	-0.086	0.373	52.86	0.417	0.441	4011	4240	-0.404410	0.080425	
A/chicken/Henan/Q7/2013|E	0.3043	0.2733	0.4118	0.2854	0.168	-0.076	0.379	52.63	0.428	0.443	4004	4232	-0.410940	0.080813	
A/chicken/Hsinchu/1608000	0.2952	0.2813	0.4160	0.2784	0.166	-0.083	0.375	52.00	0.430	0.446	4025	4254	-0.403761	0.080160	
A/chicken/Hubei/03.06__WH	0.2857	0.2777	0.4267	0.2817	0.167	-0.074	0.380	51.30	0.430	0.447	3946	4173	-0.421543	0.079319	
A/chicken/Hubei/03.06__WH	0.3027	0.2698	0.4226	0.2798	0.166	-0.083	0.375	52.77	0.420	0.443	4014	4244	-0.412111	0.078464	
A/chicken/Hubei/2856/2007	0.3078	0.2705	0.4069	0.2879	0.170	-0.067	0.385	53.07	0.428	0.445	3994	4223	-0.410135	0.081932	
A/chicken/Hubei/ZYSJF11/2	0.2848	0.2778	0.4283	0.2816	0.167	-0.077	0.377	51.64	0.430	0.447	4001	4231	-0.417112	0.079177	
A/chicken/Hubei/ZYSJF16/2	0.2846	0.2782	0.4285	0.2811	0.167	-0.076	0.378	51.69	0.430	0.447	4001	4231	-0.415576	0.079177	
A/chicken/Hubei/ZYSJF38/2	0.2840	0.2788	0.4288	0.2808	0.167	-0.076	0.378	51.72	0.430	0.447	4001	4231	-0.415576	0.079177	
A/Chicken/Huizhou/16274/2	0.2945	0.2708	0.4268	0.2799	0.165	-0.082	0.375	52.08	0.423	0.446	4001	4233	-0.412592	0.079140	
A/chicken/Hunan/02.06_YYG	0.2933	0.2726	0.4270	0.2780	0.165	-0.085	0.373	51.82	0.423	0.445	4001	4231	-0.409785	0.078941	
A/chicken/Hunan/03.07_YYG	0.2883	0.2767	0.4291	0.2778	0.164	-0.082	0.375	52.19	0.426	0.445	3995	4224	-0.415767	0.079072	
A/chicken/Hunan/03.07_YYG	0.2920	0.2724	0.4303	0.2775	0.166	-0.077	0.378	51.89	0.422	0.445	3995	4223	-0.414752	0.078854	
A/chicken/Hunan/3.07_YYGK	0.2883	0.2767	0.4293	0.2779	0.164	-0.082	0.375	52.22	0.426	0.445	3995	4224	-0.415530	0.079072	
A/chicken/Hunan/04.14_YYG	0.2988	0.2684	0.4234	0.2816	0.162	-0.091	0.370	52.46	0.422	0.445	4002	4233	-0.417411	0.078904	
A/chicken/Hunan/04.14_YYK	0.3005	0.2689	0.4244	0.2809	0.164	-0.085	0.375	52.80	0.420	0.443	3944	4168	-0.423200	0.078455	
A/chicken/Hunan/04.14_YYX	0.2987	0.2667	0.4298	0.2767	0.164	-0.085	0.373	51.97	0.417	0.443	4000	4233	-0.421805	0.078904	
A/chicken/Hunan/12.07__YY	0.3032	0.2683	0.4229	0.2791	0.163	-0.088	0.373	52.74	0.419	0.443	3985	4211	-0.418618	0.079079	
A/chicken/Hunan/12.07_YYG	0.3022	0.2694	0.4246	0.2769	0.165	-0.080	0.377	52.82	0.419	0.443	3983	4210	-0.416009	0.078385	
A/chicken/Hunan/12.27_YYG	0.2855	0.2748	0.4317	0.2800	0.164	-0.084	0.374	51.89	0.426	0.446	3993	4224	-0.419152	0.079072	
A/chicken/Hunan/12.27_YYG	0.2982	0.2684	0.4370	0.2670	0.166	-0.080	0.376	51.80	0.412	0.442	3999	4233	-0.415167	0.079140	
A/chicken/Hunan/12.27_YYG	0.2956	0.2688	0.4392	0.2661	0.166	-0.081	0.376	51.71	0.412	0.443	3997	4232	-0.420321	0.078922	
A/chicken/Hunan/12.28_YYG	0.2989	0.2694	0.4229	0.2824	0.163	-0.089	0.371	52.35	0.423	0.445	3973	4203	-0.422531	0.079229	
A/chicken/Hunan/1793/2007	0.3130	0.2674	0.4085	0.2842	0.171	-0.074	0.381	53.00	0.423	0.444	3996	4231	-0.404231	0.082014	
A/chicken/Hunan/3157/2006	0.3089	0.2689	0.4069	0.2879	0.170	-0.069	0.384	53.03	0.427	0.446	3991	4223	-0.415984	0.082169	
A/chicken/Hunan/HN40/2015	0.2967	0.2712	0.4217	0.2827	0.162	-0.091	0.370	52.63	0.425	0.446	4003	4233	-0.415899	0.078904	
A/chicken/Hunan/HN58/2015	0.2959	0.2716	0.4223	0.2826	0.163	-0.088	0.371	52.54	0.425	0.446	4003	4233	-0.413584	0.078904	
A/chicken/Hunan/HN75/2015	0.3000	0.2696	0.4250	0.2781	0.164	-0.087	0.372	52.41	0.420	0.444	4002	4233	-0.409355	0.078904	
A/chicken/Hunan/HN158/201	0.2952	0.2687	0.4293	0.2795	0.164	-0.083	0.375	51.78	0.421	0.445	3999	4233	-0.420293	0.078904	
A/chicken/Hunan/HN244/201	0.2953	0.2691	0.4279	0.2801	0.164	-0.086	0.373	51.81	0.421	0.445	4000	4233	-0.418757	0.078668	
A/chicken/Hunan/HN245/201	0.2942	0.2704	0.4269	0.2811	0.165	-0.084	0.374	51.78	0.423	0.445	3999	4233	-0.422088	0.079140	
A/chicken/Hunan/HN247/201	0.2940	0.2699	0.4276	0.2805	0.165	-0.083	0.375	51.73	0.423	0.445	4001	4233	-0.420151	0.078668	
A/chicken/Hunan/HN248/201	0.2936	0.2711	0.4279	0.2798	0.165	-0.085	0.374	51.85	0.423	0.446	3999	4233	-0.418261	0.078904	
A/chicken/Hunan/HN249/201	0.2962	0.2682	0.4279	0.2801	0.164	-0.087	0.372	51.79	0.421	0.445	4000	4233	-0.418757	0.078668	
A/chicken/Hunan/HN250/201	0.2948	0.2698	0.4261	0.2817	0.165	-0.084	0.374	51.75	0.423	0.446	3999	4233	-0.421427	0.079140	
A/chicken/Hunan/HN251/201	0.2956	0.2688	0.4277	0.2806	0.164	-0.086	0.373	51.84	0.421	0.445	4000	4233	-0.417978	0.079140	
A/chicken/Hunan/HN252/201	0.2957	0.2689	0.4285	0.2801	0.165	-0.084	0.374	51.80	0.421	0.444	4000	4233	-0.417316	0.079376	
A/chicken/Hunan/HN254/201	0.2951	0.2695	0.4276	0.2806	0.165	-0.083	0.375	51.81	0.422	0.445	4000	4233	-0.418049	0.078904	
A/chicken/Hunan/HN255/201	0.2941	0.2703	0.4273	0.2809	0.165	-0.084	0.374	51.76	0.423	0.445	4000	4233	-0.418687	0.078668	
A/chicken/Hunan/HN263/201	0.2925	0.2736	0.4287	0.2780	0.165	-0.081	0.375	51.89	0.423	0.445	4000	4233	-0.417080	0.078904	
A/chicken/Hunan/HN264/201	0.2923	0.2738	0.4293	0.2772	0.165	-0.080	0.376	51.91	0.423	0.445	3999	4233	-0.416797	0.078668	
A/chicken/Hunan/HN265/201	0.2923	0.2734	0.4288	0.2784	0.165	-0.081	0.376	51.91	0.423	0.445	3999	4233	-0.416395	0.078904	
A/chicken/Hunan/HN266/201	0.2922	0.2734	0.4298	0.2773	0.165	-0.081	0.375	51.86	0.423	0.445	3999	4233	-0.417222	0.078904	
A/chicken/Hunan/HN301/201	0.2967	0.2677	0.4291	0.2775	0.164	-0.085	0.373	52.19	0.419	0.444	3998	4233	-0.413915	0.079613	
A/chicken/Hunan/HN302/201	0.2956	0.2688	0.4287	0.2778	0.165	-0.082	0.375	52.26	0.420	0.445	4001	4233	-0.418191	0.078904	
A/chicken/Hunan/HN303/201	0.2958	0.2687	0.4288	0.2775	0.164	-0.082	0.374	52.18	0.420	0.445	4001	4233	-0.418191	0.078904	
A/chicken/Hunan/HN304/201	0.2955	0.2690	0.4288	0.2775	0.165	-0.082	0.375	52.18	0.420	0.445	4001	4233	-0.418191	0.078904	
A/chicken/Hunan/HN305/201	0.2953	0.2691	0.4290	0.2774	0.165	-0.082	0.375	52.22	0.420	0.445	4001	4233	-0.418191	0.078904	
A/chicken/Hunan/HN306/201	0.2959	0.2688	0.4282	0.2787	0.165	-0.081	0.375	52.11	0.420	0.445	4001	4233	-0.417954	0.078904	
A/chicken/Hunan/HN307/201	0.2957	0.2686	0.4288	0.2784	0.164	-0.085	0.373	52.18	0.420	0.445	4000	4233	-0.420387	0.078904	
A/chicken/Hunan/HN308/201	0.2954	0.2692	0.4279	0.2785	0.165	-0.082	0.374	52.26	0.421	0.445	4000	4233	-0.417127	0.078904	
A/chicken/Hunan/S10029/20	0.3098	0.2702	0.4214	0.2711	0.167	-0.079	0.377	53.22	0.415	0.441	3995	4223	-0.411414	0.081695	
A/chicken/Jiangsu/03.17_W	0.3026	0.2702	0.4062	0.2942	0.165	-0.089	0.372	52.90	0.433	0.446	3988	4223	-0.410514	0.081932	
A/chicken/Jiangsu/927/201	0.3119	0.2659	0.4183	0.2761	0.168	-0.079	0.378	52.34	0.415	0.442	3998	4228	-0.408633	0.081599	
A/chicken/Jiangsu/1001/20	0.2998	0.2786	0.4185	0.2763	0.170	-0.066	0.384	52.53	0.426	0.443	4005	4232	-0.407325	0.080577	
A/chicken/Jiangsu/2477/20	0.3043	0.2708	0.4163	0.2815	0.165	-0.086	0.373	52.40	0.423	0.444	3992	4223	-0.412835	0.081695	
A/chicken/Jiangsu/k0402/2	0.2995	0.2766	0.4114	0.2856	0.171	-0.064	0.386	53.06	0.431	0.446	3993	4223	-0.410680	0.081695	
A/chicken/Jiangsu/SE2228/	0.3053	0.2705	0.4156	0.2815	0.167	-0.081	0.376	52.26	0.423	0.444	3994	4223	-0.409448	0.081459	
A/chicken/Jiangsu/WXBING2	0.2995	0.2688	0.4278	0.2762	0.161	-0.097	0.366	52.12	0.418	0.444	4000	4233	-0.415710	0.078668	
A/chicken/Jiangsu/WXS7393	0.2988	0.2693	0.4280	0.2761	0.161	-0.097	0.366	52.16	0.418	0.444	4001	4233	-0.414482	0.078668	
A/chicken/Jiangsu/XZ216/2	0.3024	0.2747	0.4115	0.2855	0.169	-0.072	0.381	52.67	0.429	0.444	4004	4233	-0.405055	0.080558	
A/chicken/Jiangsu/YB7/201	0.2995	0.2729	0.4060	0.2953	0.164	-0.088	0.373	52.99	0.435	0.447	3988	4223	-0.411698	0.081932	
A/chicken/Jiangxi/01.14_N	0.2827	0.2790	0.4291	0.2809	0.167	-0.074	0.380	51.51	0.431	0.448	3980	4206	-0.416215	0.079173	
A/chicken/Jiangxi/02.05_Y	0.3005	0.2663	0.4273	0.2778	0.162	-0.093	0.369	52.15	0.417	0.444	3991	4223	-0.413711	0.079091	
A/chicken/Jiangxi/02.05_Y	0.2837	0.2809	0.4287	0.2793	0.169	-0.070	0.382	51.57	0.431	0.448	3949	4178	-0.424581	0.079943	
A/chicken/Jiangxi/04.01__	0.2844	0.2789	0.4304	0.2787	0.168	-0.072	0.381	51.48	0.429	0.447	3967	4197	-0.423279	0.079581	
A/chicken/Jiangxi/04.01__	0.2837	0.2788	0.4303	0.2789	0.167	-0.075	0.379	51.46	0.429	0.447	3985	4215	-0.412883	0.079241	
A/chicken/Jiangxi/04.01__	0.2841	0.2780	0.4309	0.2779	0.167	-0.075	0.379	51.48	0.428	0.447	3986	4216	-0.412785	0.079222	
A/chicken/Jiangxi/04.01__	0.2839	0.2787	0.4299	0.2790	0.167	-0.075	0.379	51.50	0.429	0.447	3985	4215	-0.410890	0.079241	
A/chicken/Jiangxi/04.01__	0.2990	0.2710	0.4223	0.2813	0.164	-0.085	0.374	52.70	0.423	0.445	4005	4234	-0.414667	0.078649	
A/chicken/Jiangxi/04.01__	0.2874	0.2775	0.4246	0.2836	0.166	-0.077	0.378	52.17	0.431	0.447	3957	4185	-0.425687	0.080048	
A/chicken/Jiangxi/04.01_N	0.2836	0.2787	0.4303	0.2789	0.167	-0.075	0.379	51.47	0.429	0.447	3985	4215	-0.411601	0.079241	
A/chicken/Jiangxi/04.01_N	0.2831	0.2785	0.4311	0.2789	0.167	-0.074	0.379	51.44	0.429	0.447	3994	4225	-0.415148	0.079053	
A/chicken/Jiangxi/04.01_N	0.2837	0.2776	0.4298	0.2808	0.167	-0.077	0.378	51.49	0.429	0.447	3994	4224	-0.415128	0.079072	
A/chicken/Jiangxi/04.01_N	0.2839	0.2799	0.4285	0.2800	0.168	-0.073	0.380	51.52	0.431	0.448	3959	4187	-0.420898	0.079532	
A/chicken/Jiangxi/04.01_N	0.2826	0.2796	0.4301	0.2792	0.167	-0.074	0.380	51.48	0.430	0.448	3986	4215	-0.412123	0.079004	
A/chicken/Jiangxi/04.01_N	0.2890	0.2780	0.4284	0.2768	0.168	-0.070	0.382	51.89	0.427	0.447	3964	4191	-0.438082	0.081603	
A/chicken/Jiangxi/04.01_N	0.2814	0.2832	0.4253	0.2833	0.168	-0.069	0.383	51.77	0.435	0.449	3951	4178	-0.424581	0.079703	
A/chicken/Jiangxi/05.06__	0.2853	0.2785	0.4283	0.2801	0.167	-0.072	0.381	51.58	0.430	0.448	3957	4187	-0.420803	0.079771	
A/chicken/Jiangxi/10.30_N	0.3057	0.2699	0.4189	0.2773	0.164	-0.090	0.371	52.40	0.420	0.443	3996	4231	-0.412385	0.079650	
A/chicken/Jiangxi/12.05_N	0.2809	0.2840	0.4233	0.2852	0.168	-0.071	0.381	51.69	0.437	0.450	3960	4187	-0.425340	0.079771	
A/chicken/Jiangxi/12.05_N	0.2836	0.2811	0.4260	0.2829	0.166	-0.075	0.379	51.91	0.433	0.448	3958	4187	-0.424648	0.080010	
A/chicken/Jiangxi/12.05_N	0.2801	0.2826	0.4266	0.2834	0.167	-0.072	0.380	51.61	0.435	0.449	3995	4224	-0.416738	0.079072	
A/chicken/Jiangxi/12.05_N	0.2884	0.2783	0.4193	0.2876	0.167	-0.081	0.376	52.04	0.434	0.449	3965	4196	-0.419709	0.079838	
A/chicken/Jiangxi/12.05_N	0.2825	0.2801	0.4291	0.2811	0.165	-0.077	0.378	51.82	0.431	0.447	3993	4224	-0.417282	0.079309	
A/chicken/Jiangxi/25/2011	0.3096	0.2654	0.4185	0.2781	0.169	-0.073	0.381	52.70	0.417	0.443	3995	4224	-0.407718	0.081676	
A/Chicken/Jiangxi/45093/2	0.2853	0.2774	0.4295	0.2798	0.166	-0.077	0.378	51.47	0.428	0.446	4002	4231	-0.410754	0.079177	
A/chicken/Jiangxi/S40653/	0.3075	0.2762	0.4032	0.2840	0.169	-0.071	0.382	53.06	0.430	0.448	4002	4235	-0.396340	0.082881	
A/chicken/Jilin/04.11_CCH	0.3005	0.2678	0.4238	0.2802	0.163	-0.092	0.370	52.46	0.420	0.445	3985	4214	-0.414618	0.079022	
A/chicken/Jilin/04.12_MHK	0.3032	0.2721	0.4149	0.2826	0.165	-0.085	0.374	52.60	0.425	0.444	3995	4223	-0.411816	0.081695	
A/chicken/Jilin/04.12_MHK	0.3032	0.2718	0.4148	0.2828	0.164	-0.086	0.373	52.59	0.425	0.445	3995	4224	-0.411198	0.081913	
A/chicken/Jilin/04.12_MHK	0.3032	0.2721	0.4148	0.2825	0.165	-0.085	0.374	52.59	0.425	0.445	3995	4223	-0.411177	0.081695	
A/chicken/Jilin/04.12_MHK	0.3032	0.2721	0.4148	0.2826	0.165	-0.085	0.374	52.59	0.425	0.444	3995	4223	-0.409946	0.081695	
A/chicken/Jilin/04.25_MHK	0.3041	0.2714	0.4152	0.2819	0.164	-0.086	0.373	52.62	0.424	0.444	3995	4223	-0.410656	0.081695	
A/chicken/Jilin/S1255/201	0.3053	0.2720	0.4162	0.2790	0.166	-0.086	0.374	52.69	0.423	0.444	3992	4223	-0.407886	0.081459	
A/chicken/Jilin/S1271/201	0.3051	0.2718	0.4175	0.2782	0.166	-0.084	0.374	52.73	0.422	0.444	3992	4223	-0.409046	0.081222	
A/chicken/Kaohsiung/16MB0	0.3077	0.2654	0.4129	0.2829	0.164	-0.092	0.369	52.43	0.422	0.444	4023	4255	-0.404089	0.080846	
A/chicken/Kaohsiung/16010	0.3096	0.2639	0.4111	0.2850	0.164	-0.091	0.370	52.56	0.422	0.444	4024	4255	-0.405100	0.081081	
A/chicken/Kaohsiung/16020	0.3097	0.2635	0.4124	0.2834	0.164	-0.092	0.369	52.45	0.421	0.443	4023	4255	-0.403220	0.081081	
A/chicken/Kaohsiung/16040	0.3077	0.2654	0.4129	0.2829	0.164	-0.092	0.369	52.43	0.422	0.444	4023	4255	-0.404089	0.080846	
A/chicken/Kaohsiung/16070	0.3079	0.2650	0.4117	0.2844	0.165	-0.092	0.369	52.40	0.423	0.444	4024	4255	-0.406322	0.081081	
A/chicken/Kaohsiung/16120	0.3093	0.2640	0.4098	0.2857	0.164	-0.093	0.368	52.64	0.423	0.444	4027	4255	-0.400305	0.080846	
A/chicken/Kaohsiung/17030	0.3085	0.2653	0.4134	0.2811	0.164	-0.091	0.370	52.54	0.421	0.444	4022	4255	-0.405828	0.081316	
A/chicken/Kaohsiung/17040	0.2978	0.2800	0.4147	0.2780	0.167	-0.079	0.377	51.87	0.429	0.445	4024	4254	-0.402398	0.080395	
A/chicken/Kaohsiung/17100	0.2983	0.2799	0.4118	0.2812	0.167	-0.081	0.376	52.02	0.431	0.446	4025	4254	-0.400188	0.080395	
A/chicken/Kaohsiung/18080	0.3019	0.2735	0.4204	0.2747	0.165	-0.081	0.376	51.80	0.422	0.444	4023	4254	-0.409309	0.080160	
A/chicken/Kaohsiung/18080	0.3016	0.2738	0.4207	0.2743	0.165	-0.082	0.376	51.83	0.422	0.444	4023	4254	-0.409285	0.080160	
A/chicken/Liaoning/S4092/	0.3100	0.2723	0.4138	0.2758	0.172	-0.070	0.383	53.18	0.421	0.443	3990	4223	-0.404428	0.081695	
A/chicken/Liaoning/SD035/	0.3043	0.2723	0.4152	0.2807	0.166	-0.081	0.376	52.76	0.424	0.444	3994	4223	-0.411556	0.081695	
A/chicken/Miaoli/15010421	0.3063	0.2688	0.4251	0.2676	0.169	-0.086	0.372	52.09	0.413	0.441	4026	4256	-0.397744	0.081297	
A/chicken/Nantou/16110023	0.3083	0.2632	0.4113	0.2859	0.164	-0.094	0.367	52.32	0.423	0.444	4026	4255	-0.401927	0.081316	
A/chicken/New_Taipei_City	0.3102	0.2636	0.4128	0.2820	0.164	-0.094	0.368	52.45	0.420	0.443	4020	4255	-0.401622	0.081081	
A/chicken/New_Taipei_City	0.3099	0.2636	0.4142	0.2809	0.164	-0.094	0.368	52.42	0.419	0.443	4024	4255	-0.400541	0.080846	
A/chicken/New_Taipei_City	0.2963	0.2824	0.4137	0.2784	0.167	-0.082	0.375	52.07	0.431	0.446	4024	4254	-0.406253	0.080395	
A/chicken/New_Taipei_City	0.3096	0.2627	0.4154	0.2805	0.164	-0.094	0.368	52.45	0.418	0.443	4022	4255	-0.401645	0.080846	
A/chicken/New_Taipei_City	0.3105	0.2627	0.4153	0.2797	0.165	-0.092	0.369	52.34	0.417	0.442	4022	4255	-0.400987	0.081081	
A/chicken/New_Taipei_City	0.3121	0.2613	0.4148	0.2804	0.165	-0.094	0.368	52.37	0.417	0.442	4022	4255	-0.402679	0.081081	
A/chicken/New_Taipei_City	0.3110	0.2620	0.4149	0.2793	0.165	-0.093	0.369	52.37	0.417	0.442	4023	4255	-0.399295	0.080846	
A/chicken/New_Taipei_City	0.2993	0.2779	0.4124	0.2802	0.167	-0.082	0.375	52.21	0.429	0.446	4024	4254	-0.406112	0.080160	
A/chicken/Ningxia/2/2012|	0.3113	0.2707	0.4170	0.2722	0.170	-0.071	0.382	53.13	0.417	0.442	3992	4223	-0.406228	0.081932	
A/chicken/Ningxia/222/201	0.3109	0.2706	0.4173	0.2719	0.170	-0.071	0.382	53.11	0.417	0.442	3993	4223	-0.404712	0.081695	
A/chicken/PH/A2821/2013|E	0.3215	0.2554	0.4375	0.2539	0.166	-0.090	0.371	51.45	0.392	0.434	3991	4225	-0.411692	0.080000	
A/chicken/Pingtung/150500	0.2991	0.2810	0.4141	0.2763	0.168	-0.079	0.378	52.03	0.429	0.446	4023	4254	-0.408016	0.080395	
A/chicken/Pingtung/160200	0.3017	0.2785	0.4118	0.2787	0.167	-0.077	0.378	52.21	0.428	0.445	4025	4254	-0.401058	0.080630	
A/chicken/Pingtung/180100	0.2987	0.2788	0.4142	0.2789	0.168	-0.079	0.377	51.89	0.429	0.445	4024	4254	-0.405336	0.080395	
A/chicken/Pingtung/180200	0.2983	0.2786	0.4125	0.2802	0.166	-0.084	0.374	52.22	0.430	0.446	4019	4248	-0.409110	0.080273	
A/chicken/PT/a158/2015|EP	0.3240	0.2583	0.4306	0.2566	0.169	-0.084	0.375	51.89	0.395	0.434	3990	4225	-0.403172	0.080237	
A/chicken/Qingdao/1/2014|	0.3016	0.2734	0.4155	0.2834	0.168	-0.076	0.378	52.70	0.427	0.443	4005	4232	-0.408648	0.080340	
A/chicken/SC/a688/2015|EP	0.3211	0.2567	0.4341	0.2572	0.169	-0.084	0.375	51.75	0.395	0.435	3990	4225	-0.407811	0.080237	
A/chicken/Shaanxi/SD001/2	0.2908	0.2735	0.4346	0.2708	0.165	-0.080	0.376	51.94	0.419	0.444	4009	4238	-0.411066	0.078339	
A/chicken/Shandong/12.03_	0.3007	0.2711	0.4054	0.2963	0.165	-0.088	0.373	52.99	0.435	0.446	3991	4223	-0.410680	0.081932	
A/Chicken/Shandong/J01/20	0.3092	0.2680	0.4160	0.2805	0.169	-0.077	0.379	52.76	0.420	0.443	3992	4223	-0.412171	0.081932	
A/Chicken/Shandong/J02/20	0.3089	0.2728	0.4140	0.2764	0.170	-0.070	0.383	53.38	0.422	0.443	3990	4223	-0.408406	0.081695	
A/Chicken/Shandong/J03/20	0.3095	0.2710	0.4168	0.2739	0.170	-0.075	0.380	52.96	0.419	0.443	3992	4223	-0.402628	0.081459	
A/Chicken/Shandong/J04/20	0.3086	0.2725	0.4147	0.2759	0.170	-0.078	0.378	53.06	0.421	0.444	3991	4224	-0.406463	0.081439	
A/Chicken/Shandong/J06/20	0.3066	0.2697	0.4144	0.2819	0.170	-0.070	0.383	53.16	0.423	0.444	3993	4223	-0.405683	0.081695	
A/chicken/Shandong/KD0269	0.3082	0.2672	0.4229	0.2712	0.170	-0.080	0.376	52.48	0.414	0.443	4012	4244	-0.401437	0.082469	
A/chicken/Shandong/S3/201	0.3023	0.2732	0.4151	0.2837	0.168	-0.077	0.378	52.67	0.427	0.443	4005	4232	-0.413658	0.080577	
A/chicken/Shanghai/S1123/	0.3054	0.2709	0.4155	0.2810	0.166	-0.088	0.372	52.43	0.423	0.444	3996	4223	-0.410419	0.081459	
A/chicken/Shanghai/S4030/	0.3051	0.2712	0.4163	0.2813	0.167	-0.082	0.376	52.30	0.423	0.444	3993	4223	-0.411272	0.082169	
A/chicken/Shanxi/04.28_TG	0.2920	0.2690	0.4430	0.2667	0.164	-0.084	0.374	51.57	0.412	0.442	3964	4198	-0.424226	0.079323	
A/chicken/Shanxi/12.01_TG	0.3004	0.2635	0.4354	0.2723	0.165	-0.085	0.374	51.78	0.411	0.441	3998	4232	-0.419211	0.078686	
A/chicken/Shenzhen/433/20	0.2991	0.2686	0.4248	0.2797	0.163	-0.091	0.370	52.35	0.421	0.445	4002	4233	-0.413938	0.078668	
A/chicken/Shenzhen/552/20	0.2977	0.2688	0.4242	0.2822	0.163	-0.090	0.370	52.33	0.422	0.445	4005	4233	-0.413229	0.078904	
A/chicken/Shenzhen/715/20	0.2991	0.2686	0.4248	0.2797	0.163	-0.091	0.370	52.35	0.421	0.445	4002	4233	-0.413938	0.078668	
A/chicken/Shenzhen/1061/2	0.2985	0.2696	0.4263	0.2780	0.164	-0.090	0.370	52.33	0.420	0.444	4002	4233	-0.414080	0.078904	
A/chicken/Shenzhen/1845/2	0.3024	0.2677	0.4244	0.2786	0.164	-0.084	0.374	52.75	0.418	0.443	4014	4244	-0.411829	0.078464	
A/chicken/Shenzhen/2269/2	0.2998	0.2669	0.4235	0.2831	0.162	-0.093	0.369	52.33	0.421	0.445	4002	4233	-0.414411	0.078904	
A/chicken/Shenzhen/2396/2	0.2974	0.2686	0.4242	0.2825	0.163	-0.089	0.371	52.25	0.422	0.445	4004	4233	-0.412473	0.078668	
A/chicken/Shenzhen/2464/2	0.2977	0.2691	0.4242	0.2818	0.163	-0.090	0.370	52.30	0.422	0.445	4004	4233	-0.414600	0.078904	
A/chicken/Shijiazhuang/12	0.3065	0.2715	0.4151	0.2815	0.168	-0.081	0.376	52.39	0.423	0.441	4001	4232	-0.411555	0.081049	
A/chicken/Sichuan/k141/20	0.2895	0.2737	0.4321	0.2755	0.165	-0.087	0.372	51.58	0.422	0.446	3999	4232	-0.419683	0.078922	
A/chicken/Sichuan/NCJPL1/	0.2994	0.2705	0.4234	0.2809	0.164	-0.081	0.376	52.70	0.422	0.444	4013	4244	-0.412700	0.078464	
A/Chicken/Suzhou/j5/2019|	0.2962	0.2682	0.4279	0.2782	0.164	-0.088	0.372	52.11	0.420	0.445	4001	4232	-0.410421	0.078922	
A/Chicken/Suzhou/j6/2019|	0.2962	0.2682	0.4279	0.2782	0.164	-0.088	0.371	52.12	0.420	0.445	4001	4232	-0.409806	0.078922	
A/chicken/Taichung/150103	0.2988	0.2810	0.4153	0.2757	0.168	-0.080	0.377	51.96	0.428	0.445	4023	4254	-0.405054	0.080160	
A/chicken/Taichung/160400	0.3004	0.2802	0.4155	0.2745	0.168	-0.078	0.378	52.17	0.427	0.445	4024	4254	-0.397485	0.080395	
A/chicken/Taichung/160500	0.2993	0.2809	0.4156	0.2750	0.168	-0.076	0.379	52.26	0.427	0.444	4025	4254	-0.398966	0.080395	
A/chicken/Taichung/161100	0.2961	0.2762	0.4198	0.2760	0.170	-0.075	0.379	52.18	0.426	0.448	4025	4255	-0.397368	0.081081	
A/chicken/Tainan/15020214	0.3110	0.2641	0.4056	0.2880	0.165	-0.091	0.369	52.58	0.425	0.445	4021	4255	-0.404160	0.081316	
A/chicken/Tainan/16040035	0.2986	0.2821	0.4109	0.2787	0.168	-0.077	0.378	52.17	0.431	0.446	4025	4254	-0.402421	0.080630	
A/chicken/Tainan/17030058	0.3085	0.2653	0.4136	0.2807	0.164	-0.090	0.370	52.59	0.420	0.444	4022	4255	-0.403196	0.080846	
A/chicken/Taipei_City/170	0.3104	0.2626	0.4138	0.2814	0.164	-0.096	0.367	52.45	0.419	0.443	4022	4255	-0.402468	0.081081	
A/chicken/Taipei_City/180	0.2974	0.2805	0.4121	0.2808	0.167	-0.079	0.377	52.24	0.432	0.446	4022	4254	-0.403150	0.080395	
A/chicken/Taipei_City/180	0.2968	0.2805	0.4122	0.2813	0.167	-0.081	0.376	52.03	0.432	0.446	4022	4254	-0.405759	0.080395	
A/chicken/Taipei/16060022	0.3078	0.2649	0.4101	0.2858	0.164	-0.092	0.369	52.46	0.424	0.445	4023	4255	-0.402538	0.081081	
A/chicken/Taipei/16060023	0.3078	0.2649	0.4098	0.2861	0.165	-0.092	0.369	52.47	0.424	0.445	4023	4255	-0.403102	0.081081	
A/chicken/Taipei/16120021	0.3098	0.2644	0.4099	0.2849	0.165	-0.091	0.370	52.73	0.423	0.444	4025	4255	-0.401880	0.081081	
A/chicken/Taipei/17050005	0.3099	0.2631	0.4141	0.2816	0.164	-0.093	0.369	52.45	0.419	0.443	4023	4255	-0.403149	0.081081	
A/chicken/Taipei/17050008	0.3095	0.2635	0.4155	0.2800	0.164	-0.092	0.369	52.43	0.418	0.443	4021	4255	-0.405076	0.081081	
A/chicken/Taipei/17050009	0.3092	0.2638	0.4133	0.2826	0.164	-0.095	0.367	52.37	0.420	0.443	4022	4255	-0.403854	0.081081	
A/chicken/Taishun/TS2/201	0.2903	0.2705	0.4300	0.2808	0.165	-0.083	0.374	51.74	0.423	0.445	4005	4231	-0.413567	0.079414	
A/chicken/Taishun/TS90/20	0.2838	0.2777	0.4281	0.2814	0.168	-0.074	0.380	51.58	0.430	0.448	4002	4231	-0.416285	0.079177	
A/chicken/Taiwan/0101/201	0.3096	0.2647	0.4337	0.2620	0.170	-0.073	0.381	51.79	0.405	0.438	3980	4212	-0.407906	0.080959	
A/chicken/Taiwan/0502/201	0.3163	0.2581	0.4379	0.2557	0.168	-0.080	0.377	51.63	0.395	0.435	3993	4226	-0.410577	0.079981	
A/chicken/Taiwan/683/2012	0.3184	0.2575	0.4338	0.2588	0.168	-0.085	0.374	51.61	0.397	0.437	3989	4225	-0.415408	0.080237	
A/chicken/Taiwan/01174/20	0.3045	0.2725	0.4106	0.2853	0.166	-0.085	0.374	53.03	0.428	0.444	4030	4261	-0.409904	0.080732	
A/chicken/Taiwan/1682/201	0.3143	0.2582	0.4300	0.2664	0.165	-0.089	0.372	52.31	0.403	0.438	3981	4212	-0.415052	0.081434	
A/chicken/Taiwan/1692/201	0.3144	0.2582	0.4302	0.2659	0.165	-0.089	0.372	52.33	0.403	0.438	3981	4212	-0.416572	0.081434	
A/chicken/Taiwan/1704/201	0.3145	0.2578	0.4305	0.2656	0.165	-0.089	0.372	52.33	0.403	0.438	3981	4212	-0.415503	0.081434	
A/chicken/Taiwan/1711/201	0.3143	0.2576	0.4304	0.2662	0.164	-0.090	0.371	52.34	0.403	0.438	3981	4212	-0.415408	0.081197	
A/chicken/Taiwan/2593/201	0.3188	0.2575	0.4302	0.2628	0.169	-0.081	0.377	51.92	0.400	0.437	3991	4225	-0.409894	0.080473	
A/chicken/Taiwan/2948/201	0.3197	0.2566	0.4315	0.2613	0.168	-0.082	0.376	51.99	0.398	0.436	3991	4225	-0.412284	0.080473	
A/chicken/Taiwan/4443/201	0.3208	0.2550	0.4316	0.2622	0.168	-0.086	0.374	51.89	0.397	0.436	3992	4225	-0.411905	0.080473	
A/chicken/Taiwan/7350/201	0.3210	0.2555	0.4298	0.2630	0.167	-0.086	0.374	51.94	0.398	0.436	3994	4225	-0.409018	0.080237	
A/chicken/Taiwan/8988/201	0.3180	0.2588	0.4300	0.2623	0.169	-0.080	0.378	52.03	0.401	0.437	3990	4225	-0.415124	0.080473	
A/chicken/Taiwan/8994/201	0.3173	0.2582	0.4293	0.2644	0.168	-0.081	0.377	52.03	0.402	0.438	3956	4190	-0.422076	0.080668	
A/chicken/Taiwan/8996/201	0.3173	0.2582	0.4299	0.2636	0.168	-0.080	0.378	52.00	0.401	0.438	3956	4190	-0.422053	0.080668	
A/chicken/Taiwan/A1/2019|	0.3250	0.2509	0.4355	0.2573	0.166	-0.097	0.367	51.53	0.390	0.433	3991	4225	-0.407787	0.080237	
A/chicken/Taiwan/a174/201	0.3040	0.2728	0.4088	0.2877	0.166	-0.085	0.374	53.12	0.430	0.444	3983	4211	-0.414248	0.080028	
A/chicken/Taiwan/A1997/20	0.3179	0.2585	0.4361	0.2562	0.169	-0.075	0.380	51.76	0.396	0.435	3991	4226	-0.416588	0.081164	
A/chicken/Taiwan/D2/2019|	0.3024	0.2731	0.4200	0.2749	0.165	-0.083	0.375	51.80	0.421	0.443	4026	4254	-0.405360	0.080160	
A/chicken/Taiwan/D9/2019|	0.3024	0.2731	0.4200	0.2749	0.165	-0.084	0.374	51.80	0.421	0.443	4026	4254	-0.405360	0.080160	
A/chicken/Taiwan/u7/2016|	0.2993	0.2785	0.4142	0.2788	0.167	-0.082	0.375	51.92	0.428	0.445	4024	4254	-0.402139	0.080395	
A/chicken/Taiwan/x37/2016	0.3074	0.2653	0.4086	0.2874	0.164	-0.094	0.367	52.67	0.425	0.445	3962	4189	-0.406804	0.080449	
A/chicken/TC/a504/2015|EP	0.3236	0.2582	0.4306	0.2566	0.169	-0.083	0.375	51.78	0.395	0.435	3991	4225	-0.407006	0.080237	
A/chicken/TY/a665/2015|EP	0.3231	0.2581	0.4312	0.2568	0.169	-0.084	0.375	51.81	0.395	0.434	3991	4225	-0.406225	0.080000	
A/chicken/Wuxi/7157/2015|	0.2986	0.2654	0.4329	0.2745	0.163	-0.090	0.370	52.18	0.414	0.443	4001	4233	-0.412804	0.078904	
A/chicken/Wuxi/7765/2016|	0.2979	0.2705	0.4253	0.2784	0.163	-0.088	0.371	52.39	0.421	0.445	4001	4233	-0.412993	0.078904	
A/chicken/Wuxi/SC7393/201	0.2988	0.2690	0.4283	0.2761	0.161	-0.097	0.366	52.16	0.418	0.444	4001	4233	-0.414482	0.078668	
A/chicken/Wuxi/WX-32/2013	0.3115	0.2672	0.4170	0.2767	0.167	-0.081	0.377	52.45	0.417	0.442	3993	4223	-0.411864	0.081932	
A/chicken/Wuxi/WX-33/2013	0.3122	0.2659	0.4179	0.2765	0.167	-0.082	0.376	52.43	0.416	0.442	3993	4223	-0.412740	0.082643	
A/chicken/Xinjiang/S1016/	0.3051	0.2712	0.4160	0.2806	0.166	-0.087	0.373	52.40	0.423	0.444	3997	4223	-0.412740	0.080985	
A/chicken/Xinjiang/S1081/	0.3051	0.2715	0.4179	0.2779	0.165	-0.088	0.372	52.39	0.421	0.444	3998	4223	-0.412219	0.081459	
A/chicken/Xinjiang/S1170/	0.3052	0.2713	0.4161	0.2804	0.166	-0.088	0.372	52.37	0.423	0.444	3996	4223	-0.411153	0.081459	
A/Chicken/Xuzhou/470/2017	0.2978	0.2680	0.4253	0.2792	0.164	-0.086	0.372	52.18	0.420	0.446	4002	4232	-0.408270	0.078450	
A/chicken/Xuzhou/XZ6/2016	0.2966	0.2692	0.4232	0.2832	0.163	-0.088	0.372	52.41	0.424	0.446	4006	4233	-0.407087	0.078904	
A/Chicken/Yangzhou/f6/201	0.2963	0.2701	0.4217	0.2840	0.163	-0.087	0.372	51.99	0.425	0.446	4000	4234	-0.411502	0.079121	
A/Chicken/Yangzhou/f9/201	0.2966	0.2710	0.4246	0.2794	0.165	-0.080	0.376	51.88	0.422	0.445	4003	4234	-0.409447	0.079358	
A/Chicken/Yangzhou/f14/20	0.2960	0.2707	0.4226	0.2827	0.163	-0.087	0.372	52.00	0.424	0.446	4000	4232	-0.410633	0.079159	
A/chicken/Yangzhou/YD1/20	0.3014	0.2683	0.4237	0.2806	0.163	-0.086	0.374	52.62	0.420	0.443	4013	4244	-0.415104	0.078228	
A/chicken/YL/A3190/2014|E	0.3100	0.2640	0.4379	0.2566	0.167	-0.078	0.378	51.32	0.401	0.437	3995	4228	-0.416935	0.080653	
A/chicken/Yuhang/1/2013|E	0.2831	0.2852	0.4207	0.2864	0.167	-0.068	0.384	52.32	0.438	0.448	4007	4239	-0.430809	0.081151	
A/chicken/Yuhang/2/2013|E	0.2841	0.2841	0.4234	0.2842	0.169	-0.061	0.388	52.31	0.436	0.448	4006	4239	-0.432248	0.080915	
A/chicken/Yunlin/15020048	0.2979	0.2816	0.4159	0.2758	0.168	-0.079	0.377	51.91	0.429	0.445	4023	4254	-0.405501	0.080630	
A/chicken/Yunlin/15040002	0.3008	0.2791	0.4129	0.2781	0.168	-0.081	0.376	52.00	0.428	0.445	4023	4254	-0.406135	0.080395	
A/chicken/Yunlin/15040027	0.3014	0.2778	0.4152	0.2767	0.167	-0.084	0.374	51.92	0.426	0.445	4017	4248	-0.405720	0.080508	
A/chicken/Yunlin/15050012	0.3067	0.2686	0.4256	0.2674	0.168	-0.088	0.372	52.12	0.413	0.441	4033	4263	-0.399484	0.081163	
A/chicken/Yunlin/15050037	0.3021	0.2776	0.4140	0.2777	0.167	-0.085	0.374	51.90	0.427	0.444	4023	4254	-0.403808	0.080395	
A/chicken/Yunlin/15050039	0.3008	0.2785	0.4143	0.2775	0.167	-0.084	0.374	51.89	0.427	0.445	4023	4254	-0.405783	0.080160	
A/chicken/Yunlin/15060014	0.3009	0.2789	0.4141	0.2771	0.168	-0.082	0.375	51.99	0.427	0.445	4023	4254	-0.404278	0.080395	
A/chicken/Yunlin/15080024	0.2996	0.2809	0.4142	0.2760	0.168	-0.077	0.378	52.09	0.428	0.445	4023	4254	-0.402092	0.080395	
A/chicken/Yunlin/16010001	0.2980	0.2805	0.4140	0.2781	0.167	-0.081	0.376	52.03	0.430	0.446	4022	4254	-0.404372	0.080395	
A/chicken/Yunlin/16010008	0.2992	0.2817	0.4130	0.2771	0.168	-0.078	0.378	52.19	0.430	0.445	4024	4254	-0.404067	0.080865	
A/chicken/Yunlin/16020038	0.3026	0.2712	0.4171	0.2772	0.168	-0.083	0.374	52.63	0.423	0.446	4030	4262	-0.403261	0.081183	
A/chicken/Yunlin/16050053	0.3006	0.2798	0.4161	0.2743	0.168	-0.079	0.377	52.06	0.426	0.445	4025	4254	-0.396568	0.080395	
A/chicken/Yunlin/17010001	0.3013	0.2723	0.4131	0.2814	0.169	-0.082	0.375	52.23	0.427	0.447	4024	4255	-0.402350	0.081081	
A/chicken/Yunlin/17010014	0.2979	0.2801	0.4120	0.2806	0.168	-0.078	0.377	52.08	0.431	0.446	4024	4254	-0.404419	0.080395	
A/chicken/Yunlin/17020094	0.2994	0.2792	0.4122	0.2801	0.167	-0.081	0.376	51.95	0.430	0.445	4024	4254	-0.402468	0.081100	
A/chicken/Yunlin/17020095	0.2957	0.2809	0.4186	0.2745	0.165	-0.086	0.373	51.81	0.428	0.445	4017	4248	-0.402849	0.080979	
A/chicken/Yunlin/17030001	0.2977	0.2793	0.4130	0.2800	0.167	-0.081	0.376	52.04	0.430	0.446	4025	4254	-0.403221	0.080395	
A/chicken/Yunlin/17030007	0.3005	0.2778	0.4128	0.2793	0.166	-0.085	0.373	51.90	0.428	0.445	4026	4254	-0.400776	0.080160	
A/chicken/Yunlin/17030010	0.2965	0.2817	0.4131	0.2796	0.167	-0.081	0.376	51.95	0.432	0.446	4024	4254	-0.405665	0.080395	
A/chicken/Yunlin/17030014	0.2967	0.2801	0.4132	0.2804	0.167	-0.081	0.376	51.97	0.431	0.446	4024	4254	-0.405971	0.080160	
A/chicken/Yunlin/17030020	0.2986	0.2799	0.4131	0.2793	0.167	-0.082	0.375	51.92	0.430	0.445	4024	4254	-0.402515	0.080630	
A/chicken/Yunlin/17030021	0.2971	0.2799	0.4122	0.2812	0.167	-0.081	0.376	52.01	0.432	0.446	4025	4254	-0.404137	0.080160	
A/chicken/Yunlin/17030032	0.2990	0.2781	0.4174	0.2741	0.164	-0.085	0.373	51.65	0.425	0.445	4017	4248	-0.402754	0.080273	
A/chicken/Yunlin/17030065	0.2969	0.2809	0.4125	0.2802	0.168	-0.077	0.378	52.09	0.432	0.446	4024	4254	-0.404984	0.080395	
A/chicken/Yunlin/17040003	0.3020	0.2772	0.4142	0.2779	0.167	-0.082	0.375	51.91	0.426	0.444	4026	4254	-0.399577	0.081100	
A/chicken/Yunlin/17040004	0.2977	0.2796	0.4129	0.2795	0.167	-0.081	0.375	52.03	0.430	0.446	4025	4254	-0.403456	0.080395	
A/chicken/Yunlin/17040011	0.2981	0.2791	0.4137	0.2787	0.167	-0.082	0.375	51.95	0.429	0.446	4024	4254	-0.403268	0.080395	
A/chicken/Yunlin/17060019	0.2980	0.2784	0.4128	0.2813	0.167	-0.079	0.377	52.01	0.430	0.446	4024	4254	-0.403597	0.080395	
A/chicken/Yunlin/17070010	0.2978	0.2794	0.4118	0.2817	0.167	-0.083	0.374	51.95	0.431	0.446	4027	4255	-0.400117	0.080141	
A/chicken/Yunlin/18010001	0.2969	0.2823	0.4108	0.2810	0.168	-0.080	0.377	52.28	0.433	0.446	4021	4254	-0.402680	0.080395	
A/chicken/Yunlin/18010003	0.2973	0.2813	0.4118	0.2803	0.168	-0.080	0.376	52.12	0.432	0.446	4022	4254	-0.402915	0.080395	
A/chicken/Yunlin/18010023	0.2986	0.2820	0.4113	0.2789	0.168	-0.079	0.377	52.26	0.431	0.446	4023	4254	-0.397297	0.080160	
A/chicken/Yunlin/18020003	0.2991	0.2795	0.4119	0.2802	0.167	-0.081	0.376	52.16	0.430	0.446	4024	4254	-0.398002	0.080395	
A/chicken/Yunlin/18020004	0.2993	0.2788	0.4127	0.2795	0.166	-0.081	0.376	52.12	0.429	0.445	4024	4254	-0.397555	0.080395	
A/chicken/Yunlin/18020005	0.2985	0.2801	0.4119	0.2800	0.167	-0.079	0.377	52.16	0.431	0.446	4024	4254	-0.398707	0.080395	
A/chicken/Yunlin/18020008	0.2993	0.2821	0.4110	0.2786	0.168	-0.079	0.377	52.30	0.431	0.446	4023	4254	-0.399741	0.080395	
A/chicken/Yunlin/18030002	0.3008	0.2779	0.4110	0.2802	0.167	-0.078	0.377	52.25	0.429	0.446	4024	4254	-0.397297	0.080395	
A/chicken/Yunlin/18050013	0.3018	0.2782	0.4111	0.2791	0.167	-0.080	0.376	52.38	0.429	0.446	4023	4254	-0.398261	0.080395	
A/chicken/Yunlin/18060001	0.3006	0.2786	0.4113	0.2797	0.167	-0.078	0.377	52.38	0.429	0.446	4023	4254	-0.397015	0.080395	
A/chicken/Yunlin/18080006	0.2995	0.2787	0.4157	0.2771	0.168	-0.076	0.379	52.07	0.427	0.445	4020	4254	-0.402304	0.080865	
A/chicken/Yunnan/1/2014|E	0.3158	0.2638	0.4096	0.2829	0.166	-0.087	0.373	53.08	0.419	0.443	3995	4223	-0.397679	0.081222	
A/chicken/Yunnan/02.09_DQ	0.2863	0.2765	0.4278	0.2825	0.165	-0.079	0.377	52.06	0.429	0.446	3993	4224	-0.422230	0.079309	
A/chicken/Yunnan/03.15_DQ	0.2993	0.2684	0.4236	0.2808	0.163	-0.086	0.373	52.42	0.421	0.446	3978	4208	-0.426450	0.079135	
A/chicken/Yunnan/03.16__D	0.2874	0.2778	0.4238	0.2839	0.166	-0.077	0.378	52.25	0.431	0.447	3957	4185	-0.424349	0.080048	
A/chicken/Yunnan/03.16_DQ	0.2987	0.2664	0.4311	0.2757	0.164	-0.086	0.373	51.84	0.416	0.443	4000	4233	-0.421805	0.078904	
A/chicken/Yunnan/03.16_DQ	0.2855	0.2779	0.4261	0.2825	0.166	-0.079	0.377	52.04	0.431	0.447	3985	4216	-0.416532	0.079459	
A/chicken/Yunnan/03.16_DQ	0.2987	0.2664	0.4308	0.2760	0.164	-0.086	0.373	51.87	0.416	0.443	4000	4233	-0.421805	0.078904	
A/chicken/Yunnan/07.11_DQ	0.2974	0.2672	0.4285	0.2794	0.164	-0.086	0.373	51.96	0.419	0.444	3998	4233	-0.421758	0.079140	
A/Chicken/Yunnan/YN-8/201	0.2964	0.2678	0.4249	0.2836	0.163	-0.096	0.367	51.95	0.423	0.445	4002	4240	-0.413750	0.079009	
A/Chicken/Yunnan/YN-11/20	0.2939	0.2698	0.4327	0.2755	0.164	-0.094	0.369	51.57	0.419	0.444	3997	4232	-0.417817	0.079159	
A/Chicken/Yunnan/YN-12/20	0.2966	0.2700	0.4223	0.2829	0.163	-0.095	0.368	52.06	0.424	0.446	3994	4225	-0.413041	0.078817	
A/chicken/Zhejiang/194/20	0.3122	0.2662	0.4249	0.2678	0.169	-0.069	0.383	52.21	0.410	0.441	4013	4243	-0.415461	0.080132	
A/chicken/Zhejiang/209/20	0.3034	0.2743	0.4291	0.2628	0.174	-0.066	0.385	51.85	0.414	0.441	4017	4248	-0.413842	0.080508	
A/chicken/Zhejiang/217/20	0.3156	0.2622	0.4298	0.2637	0.167	-0.075	0.379	52.04	0.404	0.439	4013	4243	-0.419727	0.080368	
A/chicken/Zhejiang/232/20	0.3031	0.2747	0.4292	0.2633	0.173	-0.068	0.383	51.74	0.414	0.441	4019	4248	-0.414242	0.080508	
A/chicken/Zhejiang/7450/2	0.3054	0.2737	0.4272	0.2634	0.172	-0.066	0.385	51.97	0.413	0.441	4017	4248	-0.407180	0.080744	
A/chicken/Zhejiang/81643/	0.3048	0.2731	0.4259	0.2654	0.171	-0.068	0.383	52.01	0.415	0.442	4017	4248	-0.410640	0.080273	
A/chicken/Zhejiang/514135	0.3091	0.2721	0.4282	0.2624	0.171	-0.065	0.386	51.59	0.411	0.441	4010	4243	-0.419986	0.080839	
A/chicken/Zhejiang/727022	0.3002	0.2659	0.4258	0.2817	0.162	-0.095	0.368	52.31	0.419	0.444	4005	4233	-0.414127	0.079849	
A/chicken/Zhejiang/727026	0.3000	0.2666	0.4257	0.2813	0.162	-0.095	0.368	52.31	0.419	0.444	4005	4233	-0.413938	0.079613	
A/chicken/Zhejiang/727079	0.3110	0.2726	0.4102	0.2796	0.168	-0.067	0.383	53.01	0.423	0.445	4015	4243	-0.420386	0.080132	
A/chicken/Zhejiang/727155	0.3006	0.2663	0.4241	0.2812	0.161	-0.095	0.367	52.44	0.420	0.445	4004	4233	-0.409733	0.078904	
A/chicken/Zhejiang/727159	0.3165	0.2672	0.4140	0.2750	0.164	-0.083	0.374	52.64	0.415	0.442	4017	4243	-0.415555	0.080368	
A/chickenl/Jiangxi/E84/20	0.3000	0.2679	0.4258	0.2777	0.163	-0.092	0.370	52.11	0.419	0.444	3984	4214	-0.414499	0.079022	
A/Chlidonias_hybrida/Hube	0.3023	0.2720	0.4073	0.2870	0.168	-0.070	0.381	53.01	0.430	0.449	4011	4242	-0.396983	0.081330	
A/Commom_Teal/Ningxia/474	0.2958	0.2705	0.4217	0.2836	0.163	-0.093	0.369	52.65	0.425	0.446	4003	4233	-0.414269	0.078904	
A/common_coot/Shandong/SC	0.3021	0.2711	0.4065	0.2885	0.165	-0.076	0.378	53.06	0.431	0.449	4005	4236	-0.398961	0.081445	
A/common_crane/Yunnan-Hui	0.3035	0.2713	0.4081	0.2848	0.166	-0.076	0.378	52.80	0.428	0.448	4001	4231	-0.397022	0.081305	
A/common_pochard/Ningxia/	0.3037	0.2718	0.4043	0.2891	0.167	-0.078	0.377	53.11	0.432	0.449	4021	4249	-0.398706	0.081666	
A/common_teal/Ningxia/105	0.3033	0.2720	0.4063	0.2873	0.167	-0.073	0.379	52.99	0.430	0.449	4005	4236	-0.398536	0.081917	
A/common_teal/Ningxia/181	0.3035	0.2720	0.4040	0.2897	0.167	-0.078	0.377	53.10	0.432	0.449	4028	4256	-0.399882	0.081532	
A/common_teal/Ningxia/189	0.3040	0.2715	0.4055	0.2877	0.166	-0.080	0.376	53.11	0.430	0.448	4021	4249	-0.399977	0.081666	
A/common_teal/Ningxia/237	0.3038	0.2717	0.4040	0.2891	0.167	-0.077	0.377	53.14	0.432	0.449	4021	4249	-0.397435	0.081666	
A/common_teal/Ningxia/245	0.3038	0.2719	0.4049	0.2884	0.167	-0.078	0.377	53.10	0.431	0.449	4021	4249	-0.399835	0.081666	
A/common_teal/Ningxia/253	0.3046	0.2712	0.4047	0.2885	0.167	-0.078	0.377	53.05	0.431	0.448	4021	4249	-0.400212	0.081902	
A/common_teal/Shaanxi/SXY	0.3029	0.2723	0.4066	0.2870	0.167	-0.074	0.379	52.92	0.430	0.449	4005	4236	-0.398796	0.081681	
A/condor/Guangdong/139/20	0.3076	0.2728	0.4118	0.2798	0.169	-0.078	0.379	53.04	0.424	0.445	3994	4224	-0.412997	0.081913	
A/Copsychus_saularis/Guan	0.2980	0.2694	0.4264	0.2784	0.162	-0.094	0.368	52.33	0.420	0.445	4002	4233	-0.413560	0.078904	
A/Curlew/Hong_Kong/AFCD-H	0.2973	0.2816	0.3985	0.2943	0.169	-0.069	0.383	52.99	0.442	0.451	4019	4254	-0.409168	0.082040	
A/Cygnus_atratus/Hubei/2Z	0.3055	0.2691	0.4095	0.2843	0.170	-0.066	0.384	53.30	0.426	0.447	4017	4249	-0.403036	0.081666	
A/Cygnus_atratus/Hubei/HF	0.3045	0.2697	0.4102	0.2838	0.169	-0.067	0.383	53.14	0.427	0.447	4018	4249	-0.403083	0.081666	
A/Cygnus_columbianus/Hube	0.3029	0.2726	0.4087	0.2844	0.166	-0.075	0.378	52.87	0.429	0.448	4011	4242	-0.396063	0.081565	
A/Cygnus_columbianus/Hube	0.3037	0.2710	0.4077	0.2859	0.166	-0.075	0.378	52.88	0.429	0.449	4011	4242	-0.397949	0.081565	
A/Cygnus_columbianus/Hube	0.3023	0.2729	0.4077	0.2857	0.167	-0.073	0.379	52.93	0.430	0.449	4011	4242	-0.396393	0.081565	
A/Cygnus_columbianus/Hube	0.3029	0.2729	0.4077	0.2851	0.167	-0.072	0.380	52.88	0.430	0.449	4011	4242	-0.394838	0.081801	
A/Cygnus_columbianus/Hube	0.3028	0.2725	0.4067	0.2863	0.167	-0.074	0.379	52.96	0.430	0.449	4011	4242	-0.395733	0.081565	
A/Cygnus_columbianus/Hube	0.3022	0.2737	0.4071	0.2854	0.167	-0.071	0.380	52.94	0.431	0.449	4011	4242	-0.398821	0.081565	
A/Cygnus_columbianus/Hube	0.3016	0.2734	0.4083	0.2850	0.167	-0.072	0.380	52.82	0.430	0.449	4011	4242	-0.396629	0.081565	
A/Cygnus_columbianus/Hube	0.3021	0.2804	0.4037	0.2845	0.171	-0.067	0.384	52.87	0.434	0.449	4022	4253	-0.409875	0.082060	
A/Cygnus_columbianus/Hube	0.3002	0.2802	0.4019	0.2877	0.170	-0.067	0.385	52.86	0.437	0.451	4020	4253	-0.406936	0.081825	
A/Cygnus_columbianus/Hube	0.3019	0.2807	0.4034	0.2846	0.171	-0.066	0.385	52.87	0.435	0.449	4021	4253	-0.408112	0.082060	
A/Cygnus_columbianus/Hube	0.3019	0.2807	0.4034	0.2845	0.171	-0.067	0.384	52.88	0.435	0.449	4021	4253	-0.409335	0.082060	
A/domestic_green-winged_t	0.3060	0.2725	0.4134	0.2801	0.169	-0.073	0.382	52.89	0.424	0.445	3999	4234	-0.412659	0.081719	
A/duck/Anhui/AH328/2015|E	0.2978	0.2671	0.4299	0.2763	0.165	-0.084	0.374	52.18	0.417	0.445	4002	4233	-0.412025	0.078904	
A/duck/Anhui/S4/2016|EPI_	0.2979	0.2660	0.4312	0.2764	0.165	-0.085	0.373	52.12	0.416	0.444	4002	4233	-0.412284	0.078904	
A/duck/Changhua/15A03431-	0.2982	0.2810	0.4143	0.2772	0.167	-0.081	0.376	51.98	0.429	0.446	4023	4254	-0.403597	0.080630	
A/duck/Changhua/15A03473-	0.2986	0.2811	0.4140	0.2772	0.167	-0.084	0.374	51.92	0.429	0.445	4023	4254	-0.405783	0.080630	
A/duck/Chiayi/15080023/20	0.3024	0.2726	0.4147	0.2787	0.169	-0.082	0.375	52.58	0.425	0.446	4029	4262	-0.402886	0.081183	
A/duck/China/0936/2017|EP	0.2973	0.2660	0.4325	0.2749	0.165	-0.086	0.373	51.75	0.416	0.444	3997	4231	-0.417490	0.078941	
A/duck/China/0938/2017|EP	0.2904	0.2739	0.4342	0.2757	0.165	-0.087	0.373	51.55	0.421	0.443	4001	4232	-0.422755	0.079868	
A/duck/China/DK87/2016|EP	0.2984	0.2677	0.4283	0.2779	0.166	-0.081	0.376	52.11	0.418	0.443	4001	4232	-0.415028	0.078922	
A/duck/China/E26/2012|EPI	0.3138	0.2665	0.4137	0.2780	0.166	-0.078	0.378	52.86	0.418	0.441	3990	4223	-0.412006	0.082169	
A/duck/China/E53/2012|EPI	0.3058	0.2701	0.4180	0.2799	0.167	-0.082	0.376	52.86	0.421	0.443	3994	4223	-0.413427	0.081932	
A/Duck/China/H5N6/2020|EP	0.3009	0.2659	0.4201	0.2845	0.162	-0.091	0.370	52.23	0.422	0.445	4003	4232	-0.412382	0.078922	
A/duck/China/YD1516/2016|	0.3060	0.2727	0.4283	0.2633	0.172	-0.072	0.381	51.93	0.412	0.440	4018	4248	-0.409981	0.080979	
A/duck/Chongqing/S4362/20	0.3015	0.2797	0.4107	0.2835	0.166	-0.080	0.377	53.15	0.431	0.446	4013	4245	-0.411496	0.081272	
A/duck/Dongguan/2685/2013	0.2991	0.2687	0.4253	0.2793	0.163	-0.091	0.370	52.37	0.420	0.445	4002	4233	-0.418214	0.078668	
A/Duck/Dongting/D76-1/201	0.2961	0.2837	0.4065	0.2854	0.170	-0.077	0.379	52.42	0.438	0.450	4015	4247	-0.420980	0.080292	
A/duck/Eastern_China/008/	0.2971	0.2743	0.4251	0.2757	0.170	-0.077	0.378	52.29	0.422	0.443	4022	4253	-0.396967	0.081354	
A/duck/Eastern_China/031/	0.3002	0.2735	0.4276	0.2700	0.170	-0.075	0.379	52.18	0.418	0.442	4019	4253	-0.402069	0.081589	
A/duck/Eastern_China/108/	0.3054	0.2697	0.4208	0.2770	0.170	-0.074	0.381	52.72	0.419	0.443	3994	4230	-0.410709	0.082033	
A/duck/Eastern_China/909/	0.3065	0.2702	0.4163	0.2800	0.171	-0.079	0.377	52.07	0.422	0.444	3999	4230	-0.408251	0.082270	
A/duck/Eastern_China/JY/2	0.3108	0.2637	0.4158	0.2784	0.167	-0.082	0.374	52.86	0.417	0.444	4017	4249	-0.401177	0.082137	
A/duck/Eastern_China/L023	0.3032	0.2732	0.4227	0.2705	0.170	-0.075	0.379	52.54	0.419	0.443	4016	4249	-0.406096	0.080725	
A/duck/Eastern_China/L032	0.3060	0.2703	0.4240	0.2703	0.167	-0.083	0.375	52.32	0.416	0.440	4019	4249	-0.406237	0.080254	
A/duck/Eastern_China/L040	0.3108	0.2649	0.4250	0.2685	0.169	-0.084	0.373	52.10	0.411	0.441	4014	4245	-0.403581	0.081979	
A/duck/Eastern_China/L042	0.3105	0.2646	0.4247	0.2685	0.169	-0.085	0.373	52.23	0.411	0.442	4013	4245	-0.403204	0.081743	
A/duck/Eastern_China/L061	0.3091	0.2663	0.4232	0.2703	0.168	-0.085	0.373	52.35	0.413	0.442	4013	4245	-0.403746	0.081979	
A/duck/Eastern_China/L072	0.3109	0.2642	0.4230	0.2710	0.169	-0.085	0.373	52.25	0.412	0.442	4013	4245	-0.402521	0.081979	
A/duck/Eastern_China/L102	0.3061	0.2700	0.4178	0.2743	0.169	-0.083	0.374	52.70	0.419	0.445	4013	4245	-0.402050	0.081508	
A/duck/Eastern_China/L112	0.3077	0.2683	0.4212	0.2717	0.170	-0.079	0.376	52.49	0.416	0.443	4013	4245	-0.403204	0.082450	
A/duck/Eastern_China/S013	0.3086	0.2693	0.4239	0.2685	0.173	-0.069	0.383	52.42	0.414	0.441	4019	4249	-0.405978	0.080725	
A/duck/Eastern_China/S021	0.3107	0.2645	0.4143	0.2794	0.168	-0.080	0.376	52.81	0.419	0.444	4019	4250	-0.401318	0.081882	
A/duck/Eastern_China/S032	0.3012	0.2665	0.4345	0.2690	0.164	-0.091	0.370	52.01	0.411	0.442	4003	4235	-0.418205	0.079103	
A/duck/Eastern_China/S071	0.3015	0.2702	0.4197	0.2823	0.163	-0.088	0.372	52.73	0.423	0.445	4015	4245	-0.411378	0.078445	
A/duck/Eastern_China/S080	0.3095	0.2710	0.4259	0.2639	0.170	-0.078	0.378	52.39	0.412	0.440	4017	4249	-0.405342	0.081196	
A/duck/Eastern_China/S090	0.3000	0.2677	0.4276	0.2763	0.163	-0.089	0.371	52.21	0.417	0.444	4003	4235	-0.409492	0.078630	
A/duck/Eastern_China/S110	0.3051	0.2687	0.4100	0.2850	0.167	-0.080	0.376	52.99	0.426	0.447	4018	4250	-0.404165	0.082118	
A/duck/Eastern_China/S121	0.3072	0.2668	0.4187	0.2754	0.168	-0.078	0.377	52.83	0.418	0.444	4020	4250	-0.400823	0.082118	
A/duck/Fujian/1.17_FZHX01	0.2956	0.2712	0.4344	0.2698	0.167	-0.078	0.378	51.86	0.416	0.444	3995	4232	-0.425165	0.079159	
A/duck/Fujian/03.18_GTFJ-	0.2970	0.2702	0.4289	0.2760	0.163	-0.087	0.372	52.25	0.419	0.444	3994	4224	-0.419105	0.078835	
A/duck/Fujian/05.07_FZHMD	0.3002	0.2692	0.4216	0.2812	0.164	-0.088	0.371	52.58	0.422	0.445	3994	4223	-0.410656	0.079091	
A/duck/Fujian/05.07_FZHMD	0.3010	0.2701	0.4197	0.2820	0.165	-0.086	0.373	52.66	0.423	0.445	3974	4202	-0.415255	0.079486	
A/duck/Fujian/05.07_FZHMD	0.3010	0.2701	0.4197	0.2820	0.165	-0.086	0.373	52.66	0.423	0.445	3974	4202	-0.415255	0.079486	
A/duck/Fujian/10.26_FZHX0	0.2958	0.2693	0.4287	0.2778	0.166	-0.077	0.378	51.82	0.420	0.444	4001	4232	-0.419896	0.078922	
A/duck/Fujian/10.26_FZHX0	0.2951	0.2695	0.4302	0.2765	0.165	-0.080	0.376	51.80	0.419	0.444	4000	4232	-0.420747	0.078922	
A/duck/Fujian/11.3_FZHX11	0.2961	0.2662	0.4381	0.2701	0.165	-0.089	0.371	51.44	0.413	0.443	3997	4232	-0.422566	0.079159	
A/duck/Fujian/11.3_FZHX11	0.2946	0.2678	0.4377	0.2704	0.165	-0.085	0.373	51.59	0.414	0.443	3998	4232	-0.419353	0.078922	
A/duck/Fujian/11.23_FZHX0	0.3014	0.2652	0.4271	0.2775	0.168	-0.073	0.380	51.94	0.417	0.444	4001	4232	-0.424527	0.078922	
A/duck/Fujian/11.23_FZHX0	0.2975	0.2671	0.4328	0.2726	0.166	-0.081	0.376	51.65	0.415	0.443	4007	4238	-0.420835	0.078339	
A/duck/Fujian/11.23_FZHX0	0.2950	0.2685	0.4300	0.2776	0.165	-0.081	0.376	51.80	0.420	0.444	4002	4233	-0.421356	0.078668	
A/duck/Fujian/12.7_FZHX12	0.2953	0.2678	0.4392	0.2700	0.164	-0.089	0.372	51.62	0.413	0.442	3984	4219	-0.423655	0.080114	
A/duck/Fujian/12.7_FZHX12	0.2966	0.2668	0.4406	0.2673	0.165	-0.086	0.373	51.49	0.410	0.442	3998	4233	-0.423317	0.079140	
A/duck/Fujian/12.7_FZHX12	0.2971	0.2666	0.4402	0.2672	0.165	-0.086	0.373	51.40	0.410	0.441	3997	4232	-0.422613	0.078922	
A/duck/Fujian/12.7_FZHX12	0.2973	0.2668	0.4398	0.2673	0.165	-0.086	0.373	51.42	0.411	0.442	3997	4232	-0.421810	0.079159	
A/duck/Fujian/S1233/2018(	0.3091	0.2676	0.4226	0.2735	0.168	-0.078	0.378	52.54	0.415	0.442	3994	4223	-0.412195	0.081222	
A/duck/Fujian/S1273/2018(	0.3082	0.2675	0.4253	0.2724	0.167	-0.083	0.376	52.20	0.414	0.440	3987	4215	-0.416394	0.081851	
A/Duck/Fujian/S4146/2010|	0.3081	0.2679	0.4166	0.2794	0.168	-0.078	0.378	52.95	0.420	0.444	3996	4224	-0.406723	0.081676	
A/duck/Guangdong/01.01_SZ	0.2994	0.2655	0.4324	0.2746	0.165	-0.086	0.373	51.91	0.415	0.442	3999	4232	-0.419069	0.078922	
A/duck/Guangdong/01.01_SZ	0.3000	0.2652	0.4330	0.2736	0.165	-0.085	0.374	51.90	0.414	0.442	3999	4232	-0.419164	0.078922	
A/duck/Guangdong/01.01_SZ	0.2986	0.2672	0.4308	0.2756	0.165	-0.085	0.374	51.95	0.417	0.443	3999	4232	-0.419022	0.078922	
A/duck/Guangdong/01.01_SZ	0.2990	0.2661	0.4324	0.2746	0.165	-0.085	0.373	51.92	0.415	0.442	4000	4232	-0.419683	0.078922	
A/duck/Guangdong/01.01_SZ	0.2998	0.2653	0.4332	0.2742	0.165	-0.087	0.373	51.97	0.414	0.442	3999	4232	-0.417935	0.079159	
A/duck/Guangdong/01.01_SZ	0.2995	0.2656	0.4330	0.2739	0.165	-0.086	0.373	51.90	0.414	0.442	3999	4232	-0.419022	0.078922	
A/duck/Guangdong/01.01_SZ	0.2997	0.2652	0.4327	0.2747	0.165	-0.086	0.373	51.85	0.414	0.442	4000	4232	-0.419140	0.078922	
A/duck/Guangdong/01.01_SZ	0.2992	0.2659	0.4328	0.2743	0.165	-0.086	0.373	51.90	0.415	0.442	3999	4232	-0.419589	0.079159	
A/duck/Guangdong/01.01_SZ	0.2995	0.2650	0.4328	0.2752	0.165	-0.087	0.372	51.89	0.414	0.442	3999	4232	-0.419069	0.078922	
A/duck/Guangdong/01.01_SZ	0.2992	0.2659	0.4332	0.2742	0.165	-0.086	0.373	51.91	0.414	0.442	3999	4232	-0.418053	0.078922	
A/duck/Guangdong/02.11_DG	0.2950	0.2688	0.4290	0.2791	0.164	-0.088	0.372	51.81	0.421	0.445	3995	4224	-0.421094	0.078598	
A/duck/Guangdong/02.11_DG	0.2950	0.2692	0.4291	0.2791	0.164	-0.086	0.372	51.82	0.421	0.445	4003	4233	-0.419419	0.078668	
A/duck/Guangdong/02.11_DG	0.2955	0.2691	0.4283	0.2790	0.164	-0.087	0.372	51.87	0.421	0.445	4003	4233	-0.419088	0.078668	
A/duck/Guangdong/02.11_DG	0.2948	0.2692	0.4291	0.2792	0.164	-0.087	0.372	51.78	0.421	0.445	3995	4224	-0.422064	0.078835	
A/duck/Guangdong/02.11_DG	0.2950	0.2695	0.4288	0.2791	0.164	-0.088	0.372	51.89	0.421	0.445	4003	4233	-0.419466	0.078904	
A/duck/Guangdong/02.11_DG	0.2956	0.2689	0.4289	0.2793	0.164	-0.088	0.372	51.80	0.420	0.445	4003	4233	-0.420057	0.078904	
A/duck/Guangdong/03.26_DG	0.2991	0.2670	0.4286	0.2775	0.165	-0.085	0.373	52.04	0.418	0.445	3992	4224	-0.424905	0.079072	
A/duck/Guangdong/03.26_DG	0.2995	0.2670	0.4279	0.2777	0.165	-0.084	0.374	52.10	0.418	0.445	4000	4233	-0.421332	0.079140	
A/duck/Guangdong/03.26_DG	0.2993	0.2671	0.4298	0.2761	0.165	-0.084	0.374	52.03	0.417	0.444	3999	4233	-0.421167	0.079140	
A/duck/Guangdong/03.26_DG	0.2982	0.2667	0.4353	0.2727	0.165	-0.081	0.376	51.68	0.414	0.442	3990	4224	-0.424479	0.078835	
A/duck/Guangdong/03.26_DG	0.2977	0.2672	0.4313	0.2756	0.164	-0.086	0.373	51.98	0.417	0.444	3957	4189	-0.430580	0.079255	
A/duck/Guangdong/03.26_DG	0.2995	0.2668	0.4295	0.2759	0.165	-0.084	0.374	52.04	0.417	0.444	3989	4222	-0.420867	0.078873	
A/duck/Guangdong/03.26_DG	0.2894	0.2740	0.4378	0.2701	0.166	-0.069	0.382	51.63	0.418	0.443	3969	4203	-0.431002	0.079229	
A/duck/Guangdong/03.26_DG	0.3000	0.2678	0.4283	0.2765	0.165	-0.082	0.375	52.10	0.418	0.444	3979	4212	-0.425071	0.079535	
A/duck/Guangdong/03.26_DG	0.3008	0.2644	0.4318	0.2750	0.162	-0.092	0.369	51.84	0.414	0.442	3991	4224	-0.421544	0.078835	
A/duck/Guangdong/03.26_DG	0.3008	0.2649	0.4313	0.2744	0.162	-0.093	0.369	51.86	0.414	0.442	3968	4200	-0.421262	0.078810	
A/duck/Guangdong/03.26_DG	0.3002	0.2676	0.4280	0.2763	0.165	-0.081	0.376	52.11	0.417	0.444	3969	4201	-0.426113	0.079267	
A/duck/Guangdong/03.26_DG	0.2991	0.2668	0.4301	0.2763	0.165	-0.085	0.374	51.99	0.417	0.444	3991	4224	-0.423177	0.079072	
A/duck/Guangdong/03.26_DG	0.3003	0.2671	0.4288	0.2757	0.165	-0.082	0.375	52.07	0.417	0.444	3961	4192	-0.427242	0.079198	
A/duck/Guangdong/03.26_DG	0.2998	0.2665	0.4297	0.2756	0.165	-0.084	0.374	52.05	0.416	0.444	3989	4222	-0.419967	0.078873	
A/duck/Guangdong/03.26_DG	0.3000	0.2674	0.4279	0.2767	0.165	-0.081	0.375	52.03	0.418	0.444	3961	4192	-0.425811	0.079198	
A/duck/Guangdong/03.26_DG	0.3002	0.2670	0.4278	0.2775	0.165	-0.084	0.374	52.04	0.418	0.445	3971	4203	-0.428741	0.079467	
A/duck/Guangdong/03.26_DG	0.3004	0.2676	0.4272	0.2774	0.165	-0.083	0.375	52.09	0.418	0.445	3979	4212	-0.426116	0.079535	
A/duck/Guangdong/03.26_DG	0.2993	0.2667	0.4290	0.2770	0.165	-0.085	0.373	52.02	0.417	0.444	3999	4233	-0.421474	0.079140	
A/duck/Guangdong/03.26_DG	0.3003	0.2668	0.4282	0.2766	0.165	-0.083	0.374	52.07	0.417	0.444	3961	4192	-0.429031	0.079198	
A/duck/Guangdong/03.26_DG	0.2993	0.2671	0.4293	0.2764	0.165	-0.083	0.374	52.03	0.417	0.444	3999	4233	-0.420813	0.079140	
A/duck/Guangdong/03.26_DG	0.2995	0.2665	0.4290	0.2771	0.165	-0.086	0.373	51.98	0.417	0.444	3991	4224	-0.424077	0.079072	
A/duck/Guangdong/03.27_DG	0.2945	0.2700	0.4267	0.2809	0.164	-0.087	0.372	51.87	0.423	0.445	3984	4213	-0.420722	0.078566	
A/duck/Guangdong/03.27_DG	0.2984	0.2694	0.4277	0.2769	0.165	-0.083	0.375	51.95	0.419	0.444	3980	4212	-0.423077	0.079535	
A/duck/Guangdong/03.27_DG	0.2946	0.2705	0.4270	0.2806	0.164	-0.087	0.372	51.87	0.423	0.445	4002	4233	-0.418616	0.078904	
A/duck/Guangdong/03.27_DG	0.2982	0.2664	0.4319	0.2745	0.163	-0.087	0.372	51.68	0.415	0.443	3982	4213	-0.420555	0.078804	
A/duck/Guangdong/03.27_DG	0.2941	0.2706	0.4277	0.2804	0.164	-0.087	0.372	51.83	0.423	0.445	3994	4224	-0.421212	0.078835	
A/duck/Guangdong/04.15_SZ	0.2925	0.2724	0.4284	0.2794	0.165	-0.081	0.376	51.91	0.424	0.446	3937	4168	-0.434621	0.079655	
A/duck/Guangdong/04.15_SZ	0.2975	0.2683	0.4280	0.2784	0.165	-0.079	0.377	52.18	0.419	0.445	3973	4203	-0.421675	0.079229	
A/duck/Guangdong/04.15_SZ	0.2972	0.2670	0.4306	0.2758	0.165	-0.079	0.376	52.06	0.417	0.444	3985	4213	-0.417351	0.078566	
A/duck/Guangdong/04.16_LG	0.2983	0.2662	0.4314	0.2760	0.165	-0.088	0.372	51.83	0.416	0.444	3981	4213	-0.425730	0.078804	
A/duck/Guangdong/04.16_SZ	0.3006	0.2662	0.4293	0.2761	0.163	-0.088	0.371	51.98	0.416	0.443	3969	4201	-0.422614	0.079267	
A/duck/Guangdong/04.16_SZ	0.2986	0.2663	0.4314	0.2765	0.165	-0.087	0.372	51.87	0.416	0.444	3991	4224	-0.425947	0.079072	
A/duck/Guangdong/04.16_SZ	0.2971	0.2682	0.4289	0.2782	0.164	-0.087	0.372	52.08	0.419	0.445	3952	4185	-0.426356	0.079570	
A/duck/Guangdong/04.16_SZ	0.2942	0.2701	0.4283	0.2799	0.165	-0.083	0.375	51.75	0.422	0.445	3993	4224	-0.421188	0.078835	
A/duck/Guangdong/04.22_DG	0.2964	0.2687	0.4288	0.2772	0.165	-0.084	0.374	51.91	0.419	0.444	3990	4222	-0.418380	0.078636	
A/duck/Guangdong/04.22_DG	0.2958	0.2687	0.4294	0.2779	0.165	-0.085	0.373	51.88	0.420	0.445	3992	4224	-0.421283	0.078835	
A/duck/Guangdong/04.22_DG	0.2949	0.2699	0.4273	0.2809	0.163	-0.088	0.372	51.85	0.422	0.445	3994	4224	-0.421117	0.078835	
A/duck/Guangdong/04.22_DG	0.2952	0.2699	0.4265	0.2808	0.164	-0.087	0.372	51.91	0.423	0.445	4002	4233	-0.417316	0.078904	
A/duck/Guangdong/04.22_DG	0.2950	0.2697	0.4270	0.2811	0.163	-0.088	0.372	51.85	0.422	0.445	3994	4224	-0.420644	0.078835	
A/duck/Guangdong/04.22_DG	0.2921	0.2750	0.4217	0.2833	0.165	-0.081	0.376	52.47	0.429	0.447	3994	4223	-0.421904	0.079091	
A/duck/Guangdong/04.22_DG	0.2952	0.2687	0.4298	0.2784	0.164	-0.087	0.372	51.75	0.420	0.445	3992	4224	-0.420952	0.078835	
A/duck/Guangdong/04.22_DG	0.2943	0.2696	0.4298	0.2784	0.164	-0.086	0.373	51.79	0.421	0.445	3992	4224	-0.421330	0.078835	
A/duck/Guangdong/04.22_DG	0.2919	0.2749	0.4212	0.2848	0.165	-0.081	0.376	52.51	0.429	0.447	3957	4184	-0.422490	0.078633	
A/duck/Guangdong/04.22_DG	0.2930	0.2741	0.4222	0.2825	0.165	-0.082	0.375	52.47	0.427	0.447	3994	4223	-0.422946	0.078854	
A/duck/Guangdong/04.23_DG	0.2981	0.2697	0.4280	0.2764	0.165	-0.082	0.375	51.99	0.419	0.444	3980	4212	-0.424312	0.079535	
A/duck/Guangdong/04.23_DG	0.2988	0.2689	0.4278	0.2762	0.165	-0.084	0.374	51.97	0.418	0.444	3986	4219	-0.419649	0.079403	
A/duck/Guangdong/04.23_DG	0.2914	0.2711	0.4332	0.2772	0.164	-0.079	0.377	51.74	0.421	0.444	3961	4189	-0.432752	0.079255	
A/duck/Guangdong/04.23_DG	0.2929	0.2708	0.4291	0.2798	0.163	-0.088	0.372	51.85	0.422	0.445	3960	4189	-0.428957	0.079255	
A/duck/Guangdong/04.23_DG	0.2974	0.2677	0.4282	0.2780	0.164	-0.086	0.373	51.98	0.419	0.445	3983	4213	-0.421054	0.078566	
A/duck/Guangdong/04.23_DG	0.2947	0.2700	0.4293	0.2786	0.164	-0.086	0.373	51.78	0.421	0.445	3994	4224	-0.421212	0.078835	
A/duck/Guangdong/04.23_DG	0.2942	0.2700	0.4277	0.2803	0.164	-0.086	0.373	51.88	0.422	0.445	3984	4213	-0.420745	0.078566	
A/duck/Guangdong/04.23_DG	0.2944	0.2703	0.4277	0.2804	0.164	-0.087	0.372	51.83	0.422	0.445	3994	4224	-0.421212	0.078835	
A/duck/Guangdong/04.23_DG	0.2959	0.2705	0.4264	0.2803	0.164	-0.084	0.374	51.97	0.422	0.445	3982	4212	-0.423813	0.079297	
A/duck/Guangdong/04.23_DG	0.2988	0.2671	0.4309	0.2749	0.165	-0.084	0.374	52.05	0.416	0.444	3991	4224	-0.422775	0.079072	
A/duck/Guangdong/04.23_DG	0.2964	0.2675	0.4290	0.2785	0.164	-0.085	0.373	51.95	0.419	0.445	3994	4224	-0.418655	0.078835	
A/duck/Guangdong/04.23_DG	0.2945	0.2700	0.4275	0.2803	0.164	-0.087	0.372	51.81	0.422	0.445	3984	4213	-0.422122	0.078804	
A/duck/Guangdong/04.23_DG	0.2964	0.2675	0.4289	0.2784	0.164	-0.085	0.373	51.97	0.419	0.445	3994	4224	-0.418016	0.078835	
A/duck/Guangdong/04.23_DG	0.2969	0.2674	0.4279	0.2789	0.165	-0.084	0.373	52.02	0.420	0.445	4002	4233	-0.415426	0.078904	
A/duck/Guangdong/04.23_DG	0.2991	0.2668	0.4293	0.2769	0.165	-0.084	0.374	51.99	0.417	0.444	3991	4224	-0.423414	0.079072	
A/duck/Guangdong/04.23_DG	0.2998	0.2674	0.4279	0.2768	0.165	-0.081	0.375	52.12	0.418	0.444	3985	4219	-0.422019	0.079403	
A/duck/Guangdong/04.23_DG	0.2995	0.2668	0.4287	0.2765	0.165	-0.083	0.375	52.04	0.417	0.444	3989	4222	-0.420512	0.078873	
A/duck/Guangdong/04.23_DG	0.2994	0.2683	0.4269	0.2774	0.166	-0.080	0.376	52.13	0.419	0.445	3961	4192	-0.427791	0.079198	
A/duck/Guangdong/04.23_DG	0.3002	0.2673	0.4278	0.2773	0.165	-0.082	0.375	52.10	0.418	0.445	3971	4203	-0.428075	0.079467	
A/duck/Guangdong/04.23_DG	0.2937	0.2711	0.4279	0.2801	0.164	-0.087	0.372	51.86	0.423	0.445	3990	4220	-0.422299	0.078910	
A/duck/Guangdong/04.23_DG	0.2987	0.2693	0.4274	0.2769	0.165	-0.082	0.375	51.98	0.419	0.444	3980	4212	-0.422626	0.079535	
A/duck/Guangdong/04.23_DG	0.3006	0.2671	0.4276	0.2767	0.165	-0.082	0.375	52.06	0.417	0.444	3961	4192	-0.427791	0.079198	
A/duck/Guangdong/04.23_DG	0.2967	0.2675	0.4310	0.2748	0.163	-0.086	0.373	51.69	0.417	0.444	3989	4222	-0.416769	0.078873	
A/duck/Guangdong/04.23_DG	0.2944	0.2703	0.4280	0.2800	0.164	-0.087	0.373	51.88	0.422	0.445	3994	4224	-0.421780	0.078835	
A/duck/Guangdong/04.23_DG	0.2992	0.2682	0.4277	0.2773	0.165	-0.081	0.375	52.12	0.418	0.445	3931	4162	-0.426333	0.078808	
A/duck/Guangdong/04.23_DG	0.2944	0.2703	0.4278	0.2805	0.164	-0.087	0.372	51.81	0.422	0.445	3994	4224	-0.420526	0.078835	
A/duck/Guangdong/04.23_DG	0.2963	0.2690	0.4310	0.2754	0.164	-0.087	0.373	51.91	0.418	0.444	3966	4198	-0.427394	0.079562	
A/duck/Guangdong/04.23_DG	0.2978	0.2682	0.4289	0.2763	0.164	-0.085	0.373	51.89	0.418	0.444	3990	4222	-0.418143	0.078873	
A/duck/Guangdong/04.23_DG	0.2999	0.2676	0.4275	0.2776	0.165	-0.082	0.375	52.10	0.418	0.445	3971	4203	-0.428075	0.079467	
A/duck/Guangdong/04.23_DG	0.2984	0.2694	0.4280	0.2765	0.165	-0.084	0.374	51.91	0.419	0.444	3980	4212	-0.423077	0.079535	
A/duck/Guangdong/04.23_DG	0.2985	0.2687	0.4281	0.2763	0.164	-0.085	0.374	51.86	0.418	0.444	3970	4201	-0.422923	0.079267	
A/duck/Guangdong/04.23_DG	0.2933	0.2714	0.4289	0.2776	0.165	-0.081	0.375	51.68	0.422	0.445	3999	4233	-0.414836	0.079140	
A/duck/Guangdong/04.23_DG	0.2914	0.2717	0.4307	0.2771	0.164	-0.082	0.375	51.64	0.422	0.446	3947	4178	-0.426711	0.079225	
A/duck/Guangdong/04.23_DG	0.2976	0.2683	0.4261	0.2797	0.165	-0.082	0.374	52.10	0.421	0.446	3982	4212	-0.420038	0.079297	
A/duck/Guangdong/04.23_DG	0.2961	0.2678	0.4286	0.2787	0.164	-0.085	0.373	51.98	0.420	0.445	3994	4224	-0.418016	0.078835	
A/duck/Guangdong/04.23_DG	0.2949	0.2693	0.4279	0.2791	0.165	-0.083	0.374	52.02	0.421	0.446	3994	4224	-0.418016	0.078835	
A/duck/Guangdong/04.23_DG	0.2964	0.2675	0.4289	0.2784	0.164	-0.085	0.373	51.97	0.419	0.445	3994	4224	-0.418016	0.078835	
A/duck/Guangdong/04.23_DG	0.2964	0.2675	0.4289	0.2784	0.164	-0.085	0.373	51.97	0.419	0.445	3994	4224	-0.418016	0.078835	
A/duck/Guangdong/04.23_DG	0.2969	0.2669	0.4283	0.2785	0.164	-0.085	0.373	51.99	0.419	0.445	3984	4213	-0.417707	0.078566	
A/duck/Guangdong/04.23_DG	0.2976	0.2678	0.4261	0.2796	0.165	-0.083	0.374	52.07	0.420	0.446	3964	4192	-0.422352	0.078960	
A/duck/Guangdong/04.23_DG	0.2955	0.2688	0.4276	0.2791	0.164	-0.083	0.375	52.09	0.421	0.446	3930	4157	-0.430166	0.079384	
A/duck/Guangdong/04.23_DG	0.2957	0.2689	0.4311	0.2760	0.164	-0.084	0.374	51.81	0.418	0.444	4001	4233	-0.417954	0.078904	
A/duck/Guangdong/11.18_SZ	0.2963	0.2695	0.4291	0.2780	0.165	-0.084	0.375	52.25	0.420	0.444	3999	4233	-0.418497	0.078904	
A/duck/Guangdong/11.18_SZ	0.2963	0.2695	0.4291	0.2780	0.165	-0.084	0.375	52.25	0.420	0.444	3999	4233	-0.418497	0.078904	
A/duck/Guangdong/11.18_SZ	0.2965	0.2691	0.4291	0.2779	0.165	-0.084	0.374	52.22	0.420	0.444	3999	4233	-0.418993	0.078904	
A/duck/Guangdong/KGZ15783	0.3008	0.2717	0.4094	0.2863	0.165	-0.075	0.378	52.86	0.430	0.449	4015	4244	-0.396960	0.081527	
A/duck/Guangdong/KGZ16007	0.2950	0.2722	0.4296	0.2730	0.166	-0.075	0.379	52.16	0.419	0.445	4006	4233	-0.409993	0.078668	
A/duck/Guangdong/KGZ16008	0.2950	0.2722	0.4296	0.2729	0.166	-0.074	0.379	52.16	0.419	0.445	4006	4233	-0.410064	0.078668	
A/duck/Guangdong/KGZ16009	0.2945	0.2717	0.4307	0.2728	0.166	-0.075	0.379	52.13	0.419	0.445	4006	4233	-0.409922	0.078668	
A/duck/Guangdong/KGZ16012	0.2950	0.2722	0.4296	0.2730	0.166	-0.074	0.379	52.15	0.419	0.445	4006	4233	-0.409993	0.078668	
A/duck/Guangdong/KGZ16015	0.3018	0.2739	0.4076	0.2837	0.166	-0.074	0.379	53.04	0.430	0.449	4014	4244	-0.390010	0.080820	
A/Duck/Guangdong/PO172812	0.2963	0.2689	0.4285	0.2774	0.164	-0.086	0.373	52.15	0.419	0.445	4000	4232	-0.414036	0.078922	
A/Duck/Guangdong/PO172813	0.2971	0.2679	0.4280	0.2791	0.164	-0.087	0.373	52.18	0.419	0.445	3962	4193	-0.415311	0.078703	
A/Duck/Guangdong/PO172842	0.2941	0.2688	0.4326	0.2754	0.165	-0.082	0.375	51.89	0.418	0.444	3998	4232	-0.419943	0.078922	
A/Duck/Guangdong/PO170726	0.2987	0.2654	0.4292	0.2765	0.163	-0.091	0.370	51.96	0.416	0.444	3949	4177	-0.417716	0.078525	
A/Duck/Guangdong/PY501/20	0.3000	0.2677	0.4200	0.2869	0.163	-0.088	0.372	52.39	0.424	0.444	4014	4244	-0.410273	0.078464	
A/Duck/Guangdong/PY503/20	0.3005	0.2679	0.4258	0.2788	0.164	-0.082	0.375	52.50	0.419	0.443	4015	4244	-0.410368	0.078228	
A/duck/Guangdong/S1269/20	0.3018	0.2729	0.4079	0.2852	0.165	-0.078	0.376	52.87	0.430	0.449	4006	4236	-0.395090	0.081681	
A/duck/Guangdong/S1330/20	0.2977	0.2678	0.4314	0.2757	0.165	-0.086	0.373	51.90	0.417	0.443	3998	4232	-0.416942	0.079159	
A/duck/Guangdong/S4518/20	0.2968	0.2823	0.3972	0.2953	0.170	-0.068	0.384	52.98	0.444	0.451	4016	4248	-0.406568	0.082156	
A/duck/Guangdong/S4525/20	0.2974	0.2816	0.3975	0.2952	0.170	-0.068	0.384	52.95	0.443	0.451	4014	4248	-0.409463	0.082156	
A/duck/Guangdong/S4879/20	0.2879	0.2766	0.4208	0.2846	0.165	-0.079	0.377	52.25	0.432	0.449	3997	4225	-0.410107	0.079290	
A/duck/Guangdong/s14044/2	0.3077	0.2679	0.4259	0.2680	0.170	-0.079	0.376	52.45	0.412	0.441	4015	4244	-0.394062	0.082234	
A/duck/Guangdong/SE195/20	0.3004	0.2660	0.4317	0.2734	0.165	-0.084	0.374	52.32	0.414	0.442	3995	4225	-0.413539	0.079053	
A/Duck/Guangdong/SS1A1/20	0.3015	0.2680	0.4248	0.2795	0.164	-0.084	0.374	52.52	0.419	0.443	4011	4244	-0.414656	0.078464	
A/duck/Guangdong/wy11/200	0.2991	0.2733	0.4272	0.2724	0.171	-0.078	0.378	52.03	0.419	0.443	4021	4253	-0.401434	0.081825	
A/duck/Guangdong/wy19/200	0.2995	0.2734	0.4265	0.2713	0.171	-0.076	0.379	52.12	0.419	0.443	4021	4253	-0.397766	0.081119	
A/duck/Guangdong/wy24/200	0.3026	0.2723	0.4283	0.2665	0.170	-0.082	0.375	52.03	0.415	0.442	4020	4254	-0.398919	0.081570	
A/Duck/Guangdong/Yangjian	0.2959	0.2691	0.4286	0.2777	0.164	-0.087	0.372	51.93	0.420	0.445	4002	4232	-0.409688	0.078922	
A/duck/Guangxi/12.25_GLGX	0.3005	0.2682	0.4240	0.2796	0.163	-0.091	0.370	52.27	0.420	0.444	3992	4223	-0.410040	0.079327	
A/duck/Guangxi/S10099/202	0.3023	0.2732	0.4066	0.2864	0.166	-0.075	0.378	53.10	0.431	0.449	4004	4236	-0.394995	0.081209	
A/duck/Guangxi/S10263/202	0.3023	0.2732	0.4063	0.2865	0.166	-0.075	0.378	53.12	0.431	0.449	4004	4236	-0.396931	0.081445	
A/duck/Guangxi/S11043/202	0.3025	0.2724	0.4074	0.2858	0.166	-0.075	0.378	53.03	0.430	0.449	4005	4236	-0.396034	0.081445	
A/duck/Guangxi/S21194/202	0.3027	0.2723	0.4071	0.2860	0.166	-0.075	0.378	53.03	0.430	0.449	4006	4236	-0.396860	0.081445	
A/duck/Guangxi/S31116/202	0.2876	0.2755	0.4257	0.2809	0.163	-0.077	0.377	52.42	0.428	0.448	4004	4233	-0.411221	0.078668	
A/duck/Guangzhou/018/2014	0.2985	0.2684	0.4243	0.2809	0.163	-0.092	0.369	52.28	0.421	0.445	4002	4233	-0.416537	0.078904	
A/duck/Guangzhou/021/2014	0.2993	0.2676	0.4242	0.2810	0.162	-0.093	0.369	52.27	0.421	0.445	4002	4233	-0.414103	0.078904	
A/duck/Guizhou/7.27_ZYLJJ	0.2962	0.2694	0.4277	0.2771	0.165	-0.085	0.374	52.02	0.420	0.445	3992	4223	-0.416623	0.079327	
A/duck/Guizhou/8.26_ZYLJJ	0.2974	0.2682	0.4272	0.2780	0.165	-0.082	0.375	52.29	0.419	0.445	3993	4223	-0.418968	0.079091	
A/duck/Guizhou/8.26_ZYLJJ	0.2939	0.2714	0.4270	0.2785	0.164	-0.083	0.374	52.12	0.422	0.446	4001	4232	-0.413563	0.079159	
A/duck/Guizhou/S1321/2022	0.2957	0.2839	0.3980	0.2939	0.170	-0.064	0.386	53.08	0.444	0.451	4015	4248	-0.405202	0.082156	
A/duck/Guizhou/S1711/2024	0.3074	0.2734	0.4034	0.2868	0.169	-0.068	0.384	52.79	0.430	0.447	4015	4248	-0.407957	0.082392	
A/duck/Guizhou/S4702/2021	0.2851	0.2754	0.4307	0.2797	0.164	-0.081	0.375	51.90	0.427	0.448	4006	4233	-0.411103	0.078431	
A/duck/Hainan/12.29_HKPL0	0.2984	0.2674	0.4281	0.2769	0.164	-0.085	0.373	52.17	0.418	0.444	4002	4234	-0.415966	0.078885	
A/duck/Hebei/3/2011|EPI_I	0.3043	0.2750	0.4260	0.2634	0.172	-0.065	0.385	52.14	0.415	0.442	4022	4254	-0.402633	0.080630	
A/duck/Hebei/S1070/2021|E	0.3033	0.2711	0.4063	0.2883	0.167	-0.072	0.380	53.09	0.430	0.449	4005	4236	-0.398820	0.081917	
A/duck/Henan/01.01_LYGL00	0.2840	0.2785	0.4285	0.2819	0.166	-0.080	0.376	52.19	0.430	0.447	3998	4230	-0.417400	0.078960	
A/duck/Henan/S1381/2021|E	0.3034	0.2718	0.4064	0.2871	0.166	-0.076	0.378	52.99	0.430	0.449	4005	4236	-0.397757	0.081681	
A/duck/Hsinchu/15020216/2	0.3002	0.2794	0.4143	0.2771	0.168	-0.082	0.376	51.93	0.428	0.445	4023	4254	-0.405477	0.080395	
A/duck/Hubei/03.06__WHWTZ	0.3064	0.2751	0.4191	0.2721	0.172	-0.067	0.384	52.67	0.420	0.443	4012	4244	-0.411027	0.080820	
A/duck/Hubei/03.06__WHWTZ	0.3023	0.2706	0.4232	0.2791	0.165	-0.084	0.375	52.78	0.420	0.443	4012	4244	-0.410933	0.078464	
A/duck/Hubei/03.06__WHWTZ	0.3020	0.2715	0.4220	0.2795	0.166	-0.081	0.376	52.84	0.421	0.444	3999	4230	-0.412719	0.078723	
A/duck/Hubei/03.06__WHWTZ	0.3016	0.2709	0.4235	0.2790	0.165	-0.083	0.375	52.75	0.420	0.443	4012	4244	-0.411640	0.078464	
A/duck/Hubei/03.06__WHWTZ	0.3027	0.2709	0.4223	0.2791	0.166	-0.082	0.376	52.80	0.421	0.443	3999	4230	-0.413806	0.078723	
A/duck/Hubei/03.06__WHWTZ	0.3012	0.2674	0.4349	0.2695	0.164	-0.083	0.375	52.36	0.412	0.441	4009	4244	-0.413407	0.079171	
A/duck/Hubei/03.06__WHWTZ	0.2985	0.2728	0.4084	0.2947	0.165	-0.087	0.373	52.77	0.434	0.446	3989	4223	-0.406891	0.081695	
A/duck/HuBei/03.06__WHWTZ	0.3020	0.2715	0.4220	0.2795	0.166	-0.081	0.376	52.84	0.421	0.444	3999	4230	-0.412719	0.078723	
A/duck/Hubei/03.06_WHWTZ0	0.3016	0.2712	0.4232	0.2790	0.165	-0.083	0.375	52.76	0.421	0.443	4012	4244	-0.412158	0.078464	
A/duck/Hubei/03.06_WHWTZ0	0.3020	0.2706	0.4235	0.2790	0.165	-0.084	0.375	52.76	0.420	0.443	4012	4244	-0.411640	0.078464	
A/duck/Hubei/46/2009|EPI_	0.3022	0.2763	0.4064	0.2838	0.173	-0.062	0.387	53.01	0.431	0.449	3998	4229	-0.413597	0.081343	
A/duck/Hubei/2911/2007|EP	0.3078	0.2685	0.4048	0.2905	0.168	-0.076	0.380	52.78	0.429	0.447	3991	4223	-0.406749	0.081459	
A/duck/Hubei/S4465/2021(H	0.3075	0.2760	0.4041	0.2825	0.168	-0.072	0.382	53.06	0.429	0.448	4002	4235	-0.398512	0.082881	
A/duck/Hubei/SE128/2022(H	0.3070	0.2766	0.4031	0.2842	0.169	-0.069	0.383	53.11	0.431	0.448	4002	4235	-0.395561	0.082881	
A/duck/Hubei/SE220/2022(H	0.2986	0.2807	0.3961	0.2957	0.169	-0.069	0.384	53.15	0.443	0.451	4015	4248	-0.410546	0.082156	
A/duck/Hubei/SZY250/2016|	0.3029	0.2745	0.4296	0.2624	0.171	-0.072	0.382	52.23	0.414	0.440	4018	4248	-0.418668	0.080744	
A/duck/Hubei/xn/2007|EPI_	0.3044	0.2699	0.4172	0.2815	0.169	-0.077	0.379	52.72	0.423	0.444	3994	4223	-0.409898	0.082169	
A/duck/Hunan/1.12_YYGK68H	0.2994	0.2671	0.4269	0.2775	0.165	-0.084	0.374	52.18	0.418	0.444	4002	4232	-0.417958	0.078922	
A/duck/Hunan/1.12_YYGK72H	0.2994	0.2671	0.4261	0.2787	0.165	-0.084	0.374	52.12	0.419	0.445	4002	4232	-0.417415	0.078922	
A/duck/Hunan/1.12_YYGK74H	0.2940	0.2714	0.4292	0.2776	0.167	-0.077	0.378	52.23	0.421	0.445	4001	4232	-0.410633	0.078922	
A/duck/Hunan/01.12_YYGK82	0.2943	0.2711	0.4292	0.2776	0.167	-0.076	0.379	52.23	0.421	0.445	4001	4232	-0.410633	0.078922	
A/duck/Hunan/01.16_YYFQH1	0.3013	0.2688	0.4254	0.2782	0.163	-0.086	0.373	52.70	0.419	0.443	4014	4244	-0.413996	0.078699	
A/duck/Hunan/01.16_YYFQH1	0.3017	0.2687	0.4238	0.2794	0.163	-0.088	0.373	52.61	0.420	0.443	3997	4225	-0.415030	0.078580	
A/duck/Hunan/01.16_YYFQH2	0.2981	0.2716	0.4210	0.2831	0.164	-0.084	0.374	52.68	0.425	0.445	4005	4234	-0.412282	0.078649	
A/duck/Hunan/01.16_YYFQH3	0.2991	0.2708	0.4223	0.2815	0.164	-0.086	0.373	52.65	0.423	0.445	3997	4225	-0.417255	0.078580	
A/duck/Hunan/01.16_YYFQH3	0.2992	0.2700	0.4237	0.2806	0.163	-0.087	0.373	52.66	0.422	0.444	4006	4235	-0.417922	0.078394	
A/duck/Hunan/01.16_YYFQH3	0.2993	0.2710	0.4219	0.2811	0.164	-0.086	0.373	52.65	0.423	0.445	4005	4234	-0.414100	0.078649	
A/duck/Hunan/01.16_YYFQH3	0.2996	0.2707	0.4222	0.2808	0.164	-0.086	0.373	52.66	0.422	0.445	4005	4234	-0.414100	0.078649	
A/duck/Hunan/01.16_YYFQH3	0.2993	0.2710	0.4220	0.2813	0.164	-0.086	0.374	52.69	0.423	0.445	4005	4234	-0.414667	0.078649	
A/duck/Hunan/01.16_YYFQH3	0.2993	0.2710	0.4223	0.2810	0.164	-0.086	0.373	52.65	0.423	0.444	4005	4234	-0.414667	0.078649	
A/duck/Hunan/01.16_YYFQH3	0.2989	0.2703	0.4238	0.2808	0.163	-0.086	0.373	52.66	0.422	0.444	4006	4235	-0.418489	0.078394	
A/duck/Hunan/01.16_YYGK21	0.2993	0.2710	0.4219	0.2811	0.164	-0.086	0.373	52.69	0.423	0.445	4005	4234	-0.413510	0.078649	
A/duck/Hunan/1.17_YYGKK80	0.2974	0.2664	0.4389	0.2673	0.164	-0.085	0.373	51.74	0.411	0.442	3997	4232	-0.420109	0.078922	
A/duck/Hunan/01.21_YYFQH0	0.3019	0.2693	0.4216	0.2820	0.165	-0.084	0.375	52.76	0.422	0.444	4013	4244	-0.411381	0.078464	
A/duck/Hunan/01.21_YYFQH0	0.2980	0.2714	0.4219	0.2819	0.165	-0.083	0.375	52.29	0.424	0.445	3999	4230	-0.415887	0.078960	
A/duck/Hunan/01.21_YYFQH0	0.3018	0.2691	0.4215	0.2822	0.166	-0.085	0.374	52.57	0.422	0.444	4003	4234	-0.408290	0.078649	
A/duck/Hunan/01.21_YYFQH0	0.3030	0.2684	0.4221	0.2815	0.166	-0.083	0.375	52.88	0.420	0.443	3991	4220	-0.410877	0.078910	
A/duck/Hunan/01.21_YYFQH0	0.3019	0.2692	0.4227	0.2808	0.165	-0.086	0.374	52.72	0.421	0.444	3996	4225	-0.413302	0.078580	
A/duck/Hunan/2.06_YYGK77J	0.2939	0.2726	0.4272	0.2777	0.165	-0.085	0.373	51.77	0.423	0.445	4002	4232	-0.410326	0.078922	
A/duck/Hunan/2.06_YYGK78J	0.2988	0.2681	0.4314	0.2727	0.165	-0.085	0.374	52.06	0.415	0.443	4011	4243	-0.415107	0.078954	
A/duck/Hunan/2.06_YYGK84J	0.2932	0.2725	0.4270	0.2780	0.164	-0.086	0.373	51.80	0.423	0.446	4001	4231	-0.409927	0.078941	
A/duck/Hunan/2.06_YYGK92J	0.2932	0.2728	0.4270	0.2780	0.165	-0.085	0.373	51.82	0.423	0.445	4002	4232	-0.410515	0.078922	
A/duck/Hunan/02.07__YYFQH	0.3017	0.2673	0.4271	0.2785	0.165	-0.086	0.373	52.73	0.417	0.442	4012	4244	-0.414255	0.078464	
A/duck/Hunan/02.07__YYFQH	0.3014	0.2685	0.4249	0.2800	0.165	-0.085	0.374	52.79	0.419	0.443	4012	4244	-0.412323	0.078464	
A/duck/Hunan/02.07_YYFQH0	0.2979	0.2709	0.4224	0.2819	0.165	-0.085	0.374	52.22	0.424	0.445	3996	4226	-0.415665	0.078798	
A/duck/Hunan/02.07_YYFQH0	0.3018	0.2684	0.4234	0.2812	0.165	-0.086	0.373	52.76	0.420	0.443	3995	4225	-0.413657	0.078580	
A/duck/Hunan/02.07_YYFQH0	0.2977	0.2705	0.4234	0.2816	0.164	-0.085	0.374	52.17	0.423	0.445	4004	4235	-0.417899	0.078630	
A/duck/Hunan/02.16_YYGK28	0.2990	0.2700	0.4231	0.2807	0.163	-0.087	0.373	52.67	0.422	0.445	3996	4224	-0.417022	0.078125	
A/duck/Hunan/02.26__YYFQH	0.2990	0.2710	0.4225	0.2808	0.164	-0.086	0.373	52.64	0.423	0.445	4005	4234	-0.413581	0.078649	
A/duck/Hunan/02.26__YYFQH	0.2994	0.2713	0.4210	0.2816	0.164	-0.085	0.374	52.76	0.424	0.445	3992	4220	-0.413554	0.078910	
A/duck/Hunan/02.26__YYGK2	0.2994	0.2713	0.4211	0.2818	0.164	-0.084	0.374	52.73	0.424	0.445	3992	4220	-0.415806	0.078910	
A/duck/Hunan/02.26__YYGK0	0.2999	0.2704	0.4228	0.2802	0.163	-0.087	0.373	52.74	0.422	0.444	4014	4244	-0.414703	0.078464	
A/duck/Hunan/02.26_YYFQH2	0.3023	0.2696	0.4226	0.2790	0.164	-0.085	0.374	52.69	0.420	0.444	3992	4220	-0.412939	0.078910	
A/duck/Hunan/02.26_YYFQH2	0.2991	0.2708	0.4223	0.2815	0.164	-0.086	0.373	52.65	0.423	0.445	3997	4225	-0.417255	0.078580	
A/duck/Hunan/02.26_YYFQH3	0.2993	0.2710	0.4220	0.2812	0.164	-0.085	0.374	52.68	0.423	0.445	4005	4234	-0.415990	0.078649	
A/duck/Hunan/02.26_YYFQHY	0.3026	0.2685	0.4222	0.2816	0.166	-0.084	0.375	52.87	0.421	0.443	3982	4211	-0.415578	0.078841	
A/duck/Hunan/02.26_YYGK25	0.3034	0.2677	0.4244	0.2780	0.163	-0.089	0.372	52.63	0.418	0.443	3998	4225	-0.418035	0.078817	
A/duck/Hunan/02.26_YYGK25	0.3000	0.2708	0.4221	0.2808	0.163	-0.088	0.372	52.68	0.422	0.445	4010	4241	-0.418557	0.078519	
A/duck/Hunan/02.26_YYGK26	0.3032	0.2687	0.4239	0.2780	0.164	-0.087	0.373	52.68	0.418	0.443	4005	4234	-0.413085	0.078885	
A/duck/Hunan/02.26_YYGK26	0.3036	0.2679	0.4239	0.2785	0.163	-0.088	0.373	52.63	0.418	0.443	3997	4225	-0.415669	0.078817	
A/duck/Hunan/02.26_YYGK27	0.3028	0.2690	0.4239	0.2780	0.164	-0.087	0.373	52.70	0.419	0.443	4005	4234	-0.412329	0.078885	
A/duck/Hunan/02.26_YYGK27	0.3029	0.2682	0.4254	0.2773	0.163	-0.087	0.373	52.69	0.418	0.442	4014	4244	-0.414326	0.078699	
A/duck/Hunan/02.26_YYGKY2	0.2990	0.2710	0.4223	0.2813	0.164	-0.086	0.374	52.67	0.423	0.445	4005	4234	-0.414147	0.078649	
A/duck/Hunan/02.26_YYGQH2	0.2991	0.2708	0.4223	0.2815	0.163	-0.087	0.373	52.65	0.423	0.445	3997	4225	-0.417255	0.078580	
A/duck/Hunan/03.07_YYGK1L	0.3042	0.2734	0.4313	0.2649	0.171	-0.066	0.385	52.27	0.413	0.439	3990	4215	-0.408659	0.083511	
A/duck/Hunan/03.07_YYGK4L	0.2955	0.2693	0.4363	0.2708	0.165	-0.082	0.375	51.82	0.415	0.443	3999	4233	-0.421592	0.078668	
A/duck/Hunan/03.07_YYGK25	0.2930	0.2728	0.4275	0.2776	0.165	-0.086	0.373	51.71	0.423	0.445	3983	4211	-0.413346	0.078841	
A/duck/Hunan/03.07_YYGK31	0.3094	0.2668	0.4205	0.2744	0.166	-0.078	0.378	52.07	0.415	0.442	4002	4230	-0.409527	0.079669	
A/duck/Hunan/03.09_YYFQH0	0.2906	0.2777	0.4203	0.2863	0.167	-0.075	0.380	52.61	0.432	0.446	3986	4213	-0.417683	0.078329	
A/duck/Hunan/03.09_YYFQH0	0.2975	0.2683	0.4272	0.2783	0.165	-0.084	0.374	51.91	0.420	0.444	4000	4234	-0.421139	0.078885	
A/duck/Hunan/03.09_YYFQH0	0.3007	0.2706	0.4233	0.2783	0.165	-0.086	0.373	52.41	0.421	0.444	3973	4202	-0.413184	0.079724	
A/duck/Hunan/03.24_YYGK18	0.2990	0.2652	0.4328	0.2743	0.164	-0.090	0.370	51.99	0.414	0.443	3998	4232	-0.419116	0.078686	
A/duck/Hunan/03.24_YYGK21	0.2991	0.2653	0.4327	0.2742	0.164	-0.090	0.370	51.99	0.414	0.443	3998	4232	-0.418738	0.078922	
A/duck/Hunan/03.24_YYGK17	0.2990	0.2652	0.4333	0.2739	0.164	-0.090	0.370	51.97	0.414	0.443	3999	4232	-0.418785	0.078922	
A/duck/Hunan/03.24_YYGK17	0.2988	0.2659	0.4327	0.2738	0.164	-0.090	0.370	52.02	0.414	0.443	3998	4232	-0.418738	0.078922	
A/duck/Hunan/04.14_YYGK06	0.3023	0.2702	0.4220	0.2800	0.165	-0.086	0.373	52.70	0.421	0.443	3988	4217	-0.413042	0.078966	
A/duck/Hunan/04.14_YYGK04	0.3026	0.2682	0.4255	0.2782	0.165	-0.080	0.377	52.82	0.418	0.443	3902	4128	-0.423207	0.078246	
A/duck/Hunan/04.14_YYGK45	0.3027	0.2695	0.4221	0.2805	0.165	-0.085	0.374	52.72	0.421	0.443	4007	4235	-0.414427	0.078394	
A/duck/Hunan/04.14_YYGK46	0.3031	0.2707	0.4210	0.2799	0.166	-0.080	0.377	52.86	0.421	0.444	4001	4230	-0.411040	0.078723	
A/duck/Hunan/04.14_YYGK46	0.3025	0.2693	0.4239	0.2788	0.164	-0.088	0.372	52.61	0.419	0.443	4001	4231	-0.412550	0.078705	
A/duck/Hunan/04.14_YYGK46	0.3020	0.2705	0.4220	0.2800	0.165	-0.085	0.374	52.70	0.421	0.443	3988	4217	-0.413042	0.078966	
A/duck/Hunan/04.14_YYGK47	0.3023	0.2702	0.4227	0.2793	0.164	-0.086	0.373	52.69	0.421	0.443	3988	4217	-0.413042	0.078966	
A/duck/Hunan/04.14_YYGK08	0.3024	0.2709	0.4209	0.2806	0.166	-0.081	0.376	52.84	0.422	0.444	4002	4230	-0.412246	0.078723	
A/duck/Hunan/04.14_YYXS87	0.3024	0.2709	0.4209	0.2806	0.166	-0.081	0.376	52.84	0.422	0.444	4002	4230	-0.412246	0.078723	
A/duck/Hunan/04.22_LDDX03	0.2951	0.2704	0.4283	0.2784	0.165	-0.081	0.376	51.87	0.421	0.445	4000	4233	-0.418285	0.078904	
A/duck/Hunan/7.21_YYGK41Y	0.2919	0.2702	0.4328	0.2759	0.165	-0.081	0.376	52.07	0.420	0.445	3992	4224	-0.419934	0.078835	
A/duck/Hunan/11.30_YYGK59	0.2954	0.2689	0.4308	0.2762	0.166	-0.080	0.377	51.80	0.419	0.444	4000	4232	-0.420865	0.078922	
A/duck/Hunan/11.30_YYGK62	0.2967	0.2693	0.4273	0.2784	0.164	-0.088	0.372	52.03	0.420	0.445	4000	4232	-0.408578	0.078922	
A/duck/Hunan/11.30_YYGK63	0.2971	0.2690	0.4273	0.2780	0.165	-0.087	0.372	52.04	0.420	0.445	3999	4232	-0.408719	0.078922	
A/duck/Hunan/11.30_YYGK74	0.3023	0.2708	0.4124	0.2831	0.169	-0.066	0.384	53.14	0.427	0.447	4019	4249	-0.401059	0.081666	
A/duck/Hunan/11.30_YYGK75	0.2852	0.2782	0.4197	0.2881	0.168	-0.067	0.384	52.53	0.435	0.449	4000	4227	-0.414100	0.079252	
A/duck/Hunan/12.07__YYGK4	0.3086	0.2709	0.4179	0.2753	0.168	-0.077	0.379	53.06	0.419	0.443	3969	4196	-0.420782	0.082221	
A/duck/Hunan/12.07__YYGK9	0.3046	0.2724	0.4155	0.2813	0.167	-0.080	0.377	53.18	0.424	0.445	3976	4201	-0.424304	0.082361	
A/duck/Hunan/12.07__YYGK1	0.2989	0.2696	0.4225	0.2820	0.164	-0.087	0.372	52.39	0.423	0.445	3993	4223	-0.411224	0.079091	
A/duck/Hunan/12.07__YYGK1	0.2970	0.2695	0.4238	0.2826	0.162	-0.088	0.371	52.35	0.423	0.445	3993	4223	-0.412503	0.079091	
A/duck/Hunan/12.07__YYGK1	0.3016	0.2701	0.4221	0.2802	0.164	-0.087	0.373	52.72	0.421	0.443	3992	4220	-0.410403	0.079147	
A/duck/Hunan/12.07_YGK098	0.2980	0.2691	0.4237	0.2825	0.164	-0.088	0.371	52.41	0.423	0.445	4002	4233	-0.411883	0.078904	
A/duck/Hunan/12.07_YYGK00	0.3048	0.2716	0.4161	0.2812	0.167	-0.081	0.376	53.16	0.423	0.444	3996	4223	-0.415913	0.081932	
A/duck/Hunan/12.07_YYGK03	0.3011	0.2688	0.4242	0.2800	0.164	-0.084	0.375	52.66	0.420	0.443	4006	4235	-0.416859	0.078394	
A/duck/Hunan/12.07_YYGK68	0.3024	0.2674	0.4253	0.2787	0.164	-0.086	0.373	52.58	0.418	0.443	4006	4235	-0.416269	0.078630	
A/duck/Hunan/12.07_YYGK10	0.3093	0.2702	0.4167	0.2759	0.169	-0.073	0.381	53.22	0.419	0.444	3986	4213	-0.416592	0.081889	
A/duck/Hunan/12.07_YYGK10	0.2985	0.2684	0.4249	0.2808	0.163	-0.090	0.370	52.32	0.421	0.445	4002	4233	-0.417198	0.078904	
A/duck/Hunan/12.07_YYGK11	0.2995	0.2669	0.4249	0.2816	0.162	-0.091	0.370	52.34	0.420	0.444	4002	4233	-0.416064	0.078904	
A/duck/Hunan/12.17__YYFQH	0.2961	0.2699	0.4289	0.2774	0.165	-0.084	0.374	51.83	0.420	0.444	4001	4234	-0.420170	0.078885	
A/duck/Hunan/12.17__YYFQH	0.2967	0.2693	0.4288	0.2775	0.165	-0.084	0.374	51.79	0.419	0.444	4000	4233	-0.419442	0.078904	
A/duck/Hunan/12.17__YYGK0	0.3001	0.2706	0.4259	0.2777	0.165	-0.083	0.375	52.77	0.420	0.443	4013	4244	-0.414420	0.078464	
A/duck/Hunan/12.17_YYGK01	0.3035	0.2686	0.4210	0.2805	0.165	-0.087	0.373	52.78	0.421	0.444	3995	4225	-0.414722	0.078580	
A/duck/Hunan/12.17_YYGK04	0.3042	0.2676	0.4239	0.2779	0.164	-0.090	0.371	52.84	0.418	0.443	4003	4235	-0.416812	0.078394	
A/duck/Hunan/12.17_YYGK05	0.2993	0.2713	0.4229	0.2791	0.164	-0.090	0.370	52.37	0.422	0.445	3963	4193	-0.420081	0.079418	
A/duck/Hunan/12.17_YYGK00	0.3018	0.2683	0.4245	0.2804	0.165	-0.085	0.374	52.80	0.419	0.443	4012	4244	-0.412182	0.078464	
A/duck/Hunan/12.17_YYGK00	0.3047	0.2684	0.4221	0.2784	0.165	-0.089	0.372	52.87	0.419	0.443	4002	4234	-0.412022	0.078649	
A/duck/Hunan/12.17_YYGK00	0.2967	0.2693	0.4286	0.2778	0.165	-0.084	0.374	51.80	0.420	0.444	4001	4234	-0.420170	0.078885	
A/duck/Hunan/12.17_YYGK07	0.3028	0.2683	0.4251	0.2778	0.165	-0.083	0.375	52.78	0.418	0.443	4005	4235	-0.416009	0.078394	
A/duck/Hunan/12.17_YYGK08	0.2996	0.2710	0.4222	0.2802	0.164	-0.088	0.372	52.35	0.423	0.445	3964	4193	-0.417553	0.079657	
A/duck/Hunan/12.27_YYGK60	0.2982	0.2687	0.4366	0.2669	0.166	-0.080	0.376	51.87	0.412	0.442	3999	4233	-0.414718	0.079140	
A/duck/Hunan/12.27_YYGK71	0.2969	0.2674	0.4388	0.2669	0.165	-0.083	0.374	51.73	0.411	0.442	3997	4232	-0.418360	0.078922	
A/duck/Hunan/12.27_YYGK73	0.2982	0.2684	0.4369	0.2669	0.166	-0.080	0.376	51.80	0.412	0.442	3999	4233	-0.414529	0.079140	
A/duck/Hunan/12.27_YYGK81	0.2969	0.2674	0.4388	0.2671	0.165	-0.083	0.374	51.74	0.411	0.442	3997	4232	-0.416966	0.078922	
A/duck/Hunan/12.27_YYGK86	0.2979	0.2687	0.4371	0.2665	0.166	-0.080	0.376	51.87	0.412	0.442	3999	4233	-0.414482	0.078904	
A/duck/Hunan/12.27_YYGK89	0.2966	0.2677	0.4388	0.2670	0.165	-0.083	0.375	51.75	0.411	0.442	3997	4232	-0.418195	0.078922	
A/duck/Hunan/12.27_YYGK91	0.2969	0.2674	0.4388	0.2669	0.165	-0.083	0.374	51.74	0.411	0.442	3997	4232	-0.418360	0.078922	
A/duck/Hunan/12.27_YYGK93	0.2966	0.2677	0.4388	0.2670	0.165	-0.083	0.375	51.75	0.411	0.442	3997	4232	-0.418195	0.078922	
A/duck/Hunan/12.27_YYGK95	0.2966	0.2674	0.4391	0.2669	0.165	-0.083	0.374	51.72	0.411	0.442	3997	4232	-0.418360	0.078922	
A/duck/Hunan/12.27_YYGK96	0.2966	0.2677	0.4388	0.2669	0.165	-0.083	0.374	51.75	0.411	0.442	3997	4232	-0.417840	0.079159	
A/duck/Hunan/12.27_YYGK97	0.2969	0.2674	0.4391	0.2666	0.165	-0.083	0.374	51.74	0.411	0.442	3997	4232	-0.418360	0.078922	
A/duck/Hunan/12.27_YYGK10	0.2966	0.2677	0.4391	0.2666	0.165	-0.083	0.375	51.74	0.411	0.442	3997	4232	-0.418360	0.078922	
A/duck/Hunan/193/2014|EPI	0.2971	0.2703	0.4216	0.2830	0.162	-0.090	0.370	52.48	0.425	0.446	4004	4233	-0.416702	0.078668	
A/duck/Hunan/233/2014|EPI	0.3002	0.2677	0.4273	0.2766	0.164	-0.090	0.370	52.20	0.418	0.443	4002	4233	-0.409686	0.078904	
A/duck/Hunan/316/2005|EPI	0.3120	0.2655	0.4174	0.2779	0.170	-0.078	0.379	52.73	0.416	0.442	3991	4223	-0.410727	0.081459	
A/duck/Hunan/689/2006|EPI	0.3085	0.2693	0.4059	0.2895	0.169	-0.073	0.381	52.99	0.428	0.446	3990	4223	-0.416908	0.081932	
A/duck/Hunan/3315/2006|EP	0.3086	0.2694	0.4105	0.2836	0.170	-0.073	0.381	53.17	0.424	0.445	3988	4223	-0.408738	0.081695	
A/duck/Hunan/HN05/2014|EP	0.2976	0.2696	0.4230	0.2821	0.163	-0.089	0.371	52.40	0.423	0.446	4001	4233	-0.413348	0.078904	
A/duck/Hunan/HN13/2015|EP	0.2990	0.2711	0.4224	0.2800	0.164	-0.090	0.370	52.39	0.423	0.445	4021	4253	-0.409922	0.079003	
A/duck/Hunan/HN16/2015|EP	0.2983	0.2691	0.4245	0.2804	0.162	-0.092	0.369	52.44	0.421	0.445	4001	4233	-0.410773	0.078904	
A/duck/Hunan/HN29/2015|EP	0.2984	0.2689	0.4223	0.2829	0.161	-0.095	0.367	52.54	0.423	0.446	4003	4233	-0.416135	0.078904	
A/duck/Hunan/HN42/2015|EP	0.3015	0.2677	0.4280	0.2753	0.164	-0.090	0.370	52.27	0.416	0.442	4002	4233	-0.408623	0.078668	
A/duck/Hunan/HN45/2015|EP	0.2983	0.2691	0.4220	0.2829	0.161	-0.094	0.368	52.55	0.423	0.446	4003	4233	-0.416584	0.078904	
A/duck/Hunan/HN53/2015|EP	0.2978	0.2698	0.4214	0.2836	0.162	-0.094	0.368	52.52	0.424	0.446	4003	4233	-0.416537	0.078904	
A/duck/Hunan/HN54/2015|EP	0.2980	0.2694	0.4236	0.2811	0.161	-0.093	0.368	52.52	0.422	0.446	4003	4233	-0.416773	0.078904	
A/duck/Hunan/HN59/2015|EP	0.2985	0.2687	0.4220	0.2830	0.161	-0.094	0.368	52.55	0.423	0.446	4003	4233	-0.414623	0.078904	
A/duck/Hunan/HN60/2015|EP	0.2986	0.2688	0.4219	0.2833	0.161	-0.095	0.367	52.51	0.423	0.446	4004	4233	-0.415663	0.078904	
A/duck/Hunan/HN61/2015|EP	0.2989	0.2685	0.4218	0.2830	0.161	-0.095	0.368	52.53	0.423	0.446	4002	4233	-0.417269	0.078904	
A/duck/Hunan/HN64/2015|EP	0.2980	0.2694	0.4223	0.2825	0.161	-0.094	0.368	52.54	0.423	0.446	4003	4233	-0.416773	0.078904	
A/duck/Hunan/HN66/2015|EP	0.2988	0.2684	0.4227	0.2823	0.162	-0.093	0.368	52.50	0.422	0.446	4003	4233	-0.417316	0.078668	
A/duck/Hunan/HN67/2015|EP	0.2988	0.2687	0.4216	0.2838	0.161	-0.095	0.367	52.56	0.423	0.445	4003	4233	-0.417435	0.078904	
A/duck/Hunan/HN71/2015|EP	0.3016	0.2674	0.4269	0.2766	0.164	-0.090	0.370	52.35	0.417	0.443	4002	4233	-0.409426	0.078904	
A/duck/Hunan/HN72/2015|EP	0.2987	0.2689	0.4254	0.2792	0.163	-0.091	0.370	52.41	0.420	0.444	4001	4233	-0.411458	0.078904	
A/duck/Hunan/HN74/2015|EP	0.3009	0.2677	0.4285	0.2752	0.164	-0.089	0.371	52.26	0.416	0.442	4002	4233	-0.409521	0.078904	
A/duck/Hunan/HN76/2015|EP	0.2986	0.2691	0.4251	0.2792	0.162	-0.091	0.369	52.39	0.421	0.445	4001	4233	-0.411529	0.078904	
A/duck/Hunan/HN78/2015|EP	0.2985	0.2687	0.4215	0.2831	0.161	-0.094	0.368	52.53	0.423	0.446	4003	4233	-0.416182	0.078904	
A/duck/Hunan/HN80/2015|EP	0.3003	0.2684	0.4270	0.2770	0.163	-0.090	0.370	52.39	0.418	0.443	4002	4233	-0.410158	0.078904	
A/duck/Hunan/HN162/2015|E	0.2944	0.2700	0.4271	0.2812	0.165	-0.084	0.374	51.84	0.423	0.445	4000	4233	-0.419679	0.079140	
A/duck/Hunan/HN163/2015|E	0.2966	0.2682	0.4298	0.2782	0.165	-0.083	0.375	51.75	0.419	0.444	3998	4233	-0.419395	0.079140	
A/duck/Hunan/HN167/2015|E	0.2960	0.2689	0.4273	0.2799	0.165	-0.084	0.373	51.84	0.421	0.445	4000	4233	-0.416702	0.078904	
A/duck/Hunan/HN171/2015|E	0.2942	0.2699	0.4278	0.2806	0.164	-0.086	0.373	51.78	0.423	0.445	4002	4233	-0.422301	0.078904	
A/duck/Hunan/HN172/2015|E	0.2932	0.2712	0.4269	0.2811	0.165	-0.084	0.374	51.75	0.424	0.445	4000	4233	-0.419442	0.078904	
A/duck/Hunan/HN174/2015|E	0.2934	0.2708	0.4271	0.2810	0.165	-0.084	0.374	51.70	0.424	0.445	4001	4233	-0.417623	0.078904	
A/duck/Hunan/HN176/2015|E	0.2967	0.2684	0.4326	0.2738	0.164	-0.089	0.371	51.59	0.416	0.443	4000	4233	-0.418356	0.079140	
A/duck/Hunan/HN177/2015|E	0.2938	0.2707	0.4268	0.2812	0.165	-0.084	0.374	51.79	0.424	0.445	3999	4233	-0.419017	0.078904	
A/duck/Hunan/HN178/2015|E	0.2944	0.2700	0.4273	0.2807	0.164	-0.085	0.373	51.73	0.423	0.445	4000	4233	-0.419442	0.078904	
A/duck/Hunan/HN182/2015|E	0.2951	0.2695	0.4271	0.2808	0.164	-0.087	0.372	51.75	0.422	0.445	3999	4233	-0.419395	0.078904	
A/duck/Hunan/HN183/2015|E	0.2938	0.2697	0.4281	0.2810	0.165	-0.083	0.375	51.80	0.423	0.445	4001	4233	-0.419726	0.079140	
A/duck/Hunan/HN186/2015|E	0.2944	0.2700	0.4274	0.2807	0.165	-0.084	0.374	51.79	0.423	0.445	4000	4233	-0.419750	0.079140	
A/duck/Hunan/HN190/2015|E	0.2935	0.2712	0.4262	0.2813	0.165	-0.084	0.374	51.76	0.424	0.446	4000	4233	-0.418805	0.078904	
A/duck/Hunan/HN191/2015|E	0.2946	0.2697	0.4287	0.2795	0.165	-0.085	0.374	51.70	0.421	0.445	3998	4233	-0.418805	0.078904	
A/duck/Hunan/HN192/2015|E	0.2938	0.2706	0.4268	0.2810	0.164	-0.085	0.373	51.74	0.423	0.445	4000	4233	-0.418805	0.078904	
A/duck/Hunan/HN194/2015|E	0.2938	0.2703	0.4274	0.2813	0.164	-0.086	0.373	51.74	0.423	0.445	4000	4233	-0.419395	0.079140	
A/duck/Hunan/HN195/2015|E	0.2938	0.2703	0.4269	0.2814	0.164	-0.086	0.373	51.75	0.423	0.445	4000	4233	-0.419442	0.078904	
A/duck/Hunan/HN197/2015|E	0.2941	0.2706	0.4268	0.2812	0.165	-0.083	0.375	51.81	0.423	0.445	4000	4233	-0.419679	0.079140	
A/duck/Hunan/HN201/2015|E	0.2948	0.2698	0.4274	0.2805	0.165	-0.084	0.374	51.78	0.422	0.445	4000	4233	-0.416891	0.078904	
A/duck/Hunan/HN204/2015|E	0.2953	0.2697	0.4272	0.2803	0.164	-0.087	0.373	51.75	0.422	0.445	3999	4233	-0.418261	0.078904	
A/duck/Hunan/HN205/2015|E	0.2935	0.2709	0.4269	0.2811	0.165	-0.083	0.375	51.88	0.424	0.445	4000	4233	-0.421498	0.078904	
A/duck/Hunan/HN206/2015|E	0.2914	0.2725	0.4284	0.2798	0.165	-0.083	0.374	51.85	0.424	0.446	4001	4233	-0.418521	0.078904	
A/duck/Hunan/HN207/2015|E	0.2944	0.2694	0.4266	0.2821	0.165	-0.085	0.373	51.91	0.423	0.445	4000	4233	-0.419206	0.079140	
A/duck/Hunan/HN208/2015|E	0.2945	0.2698	0.4271	0.2816	0.165	-0.085	0.374	51.82	0.423	0.445	4000	4233	-0.418663	0.079376	
A/duck/Hunan/HN209/2015|E	0.2938	0.2706	0.4266	0.2813	0.165	-0.084	0.374	51.78	0.424	0.445	4000	4233	-0.420671	0.078904	
A/duck/Hunan/HN210/2015|E	0.2938	0.2706	0.4262	0.2817	0.165	-0.085	0.373	51.79	0.424	0.446	4000	4233	-0.418781	0.078904	
A/duck/Hunan/HN212/2015|E	0.2938	0.2703	0.4273	0.2811	0.164	-0.085	0.373	51.72	0.423	0.445	4000	4233	-0.419442	0.078904	
A/duck/Hunan/HN214/2015|E	0.2978	0.2671	0.4354	0.2703	0.165	-0.080	0.376	51.75	0.413	0.442	3999	4233	-0.417316	0.079140	
A/duck/Hunan/HN215/2015|E	0.2947	0.2697	0.4263	0.2818	0.165	-0.085	0.373	51.78	0.423	0.445	4001	4233	-0.418096	0.078668	
A/duck/Hunan/HN216/2015|E	0.2931	0.2709	0.4311	0.2767	0.165	-0.081	0.376	51.81	0.421	0.445	3999	4233	-0.419915	0.078904	
A/duck/Hunan/HN217/2015|E	0.2945	0.2693	0.4292	0.2794	0.165	-0.085	0.374	51.73	0.421	0.445	3999	4233	-0.418852	0.078904	
A/duck/Hunan/HN220/2015|E	0.2942	0.2696	0.4272	0.2809	0.165	-0.084	0.374	51.78	0.423	0.445	4001	4233	-0.418332	0.078904	
A/duck/Hunan/HN221/2015|E	0.2931	0.2712	0.4273	0.2807	0.164	-0.086	0.373	51.73	0.424	0.445	4000	4233	-0.419584	0.078904	
A/duck/Hunan/HN224/2015|E	0.2948	0.2695	0.4274	0.2809	0.164	-0.087	0.373	51.78	0.422	0.445	3999	4233	-0.418261	0.078904	
A/duck/Hunan/HN227/2015|E	0.2928	0.2712	0.4276	0.2807	0.164	-0.085	0.373	51.72	0.424	0.445	4000	4233	-0.419537	0.078904	
A/duck/Hunan/HN230/2015|E	0.2937	0.2702	0.4268	0.2813	0.164	-0.086	0.373	51.74	0.423	0.446	4000	4233	-0.418049	0.078904	
A/duck/Hunan/HN232/2015|E	0.2882	0.2736	0.4251	0.2863	0.164	-0.091	0.371	52.35	0.429	0.446	4005	4233	-0.418285	0.079376	
A/duck/Hunan/HN234/2015|E	0.2953	0.2706	0.4370	0.2699	0.166	-0.085	0.374	51.87	0.414	0.441	4000	4233	-0.421427	0.079849	
A/duck/Hunan/HN236/2015|E	0.2970	0.2675	0.4367	0.2695	0.165	-0.080	0.376	51.72	0.413	0.442	3999	4233	-0.418568	0.078904	
A/duck/Hunan/HN238/2015|E	0.2976	0.2678	0.4367	0.2692	0.164	-0.084	0.374	51.64	0.412	0.442	3999	4233	-0.419372	0.079140	
A/duck/Hunan/HN239/2015|E	0.2978	0.2695	0.4237	0.2820	0.163	-0.090	0.371	52.51	0.423	0.445	4003	4233	-0.411363	0.079140	
A/duck/Hunan/HN240/2015|E	0.2943	0.2681	0.4379	0.2710	0.166	-0.075	0.380	51.72	0.414	0.442	4002	4233	-0.414765	0.079140	
A/duck/Hunan/HN241/2015|E	0.2964	0.2699	0.4256	0.2810	0.162	-0.091	0.370	52.49	0.422	0.445	4003	4233	-0.414741	0.078904	
A/duck/Hunan/HN242/2015|E	0.2975	0.2677	0.4359	0.2698	0.165	-0.080	0.377	51.77	0.413	0.442	3999	4233	-0.417057	0.079140	
A/duck/Hunan/HN278/2015|E	0.2974	0.2691	0.4229	0.2835	0.163	-0.091	0.370	52.30	0.423	0.445	4004	4233	-0.407229	0.079140	
A/duck/Hunan/HN285/2015|E	0.2983	0.2684	0.4221	0.2843	0.162	-0.094	0.368	52.19	0.423	0.445	4003	4233	-0.403166	0.078904	
A/duck/Hunan/HN288/2015|E	0.2980	0.2682	0.4205	0.2863	0.163	-0.093	0.369	52.33	0.425	0.446	4004	4233	-0.406827	0.078904	
A/duck/Hunan/HN333/2015|E	0.2940	0.2727	0.4275	0.2787	0.165	-0.081	0.376	51.98	0.423	0.445	3998	4233	-0.416537	0.078904	
A/duck/Hunan/HN334/2015|E	0.2932	0.2731	0.4287	0.2776	0.165	-0.080	0.376	51.95	0.423	0.445	3999	4233	-0.415757	0.078904	
A/duck/Hunan/HN335/2015|E	0.2950	0.2692	0.4306	0.2780	0.165	-0.084	0.374	51.97	0.420	0.444	4001	4233	-0.414907	0.079140	
A/duck/Hunan/HN336/2015|E	0.2924	0.2738	0.4298	0.2770	0.165	-0.081	0.376	51.89	0.423	0.445	3999	4233	-0.417151	0.078904	
A/duck/Hunan/HN339/2015|E	0.2935	0.2721	0.4271	0.2796	0.164	-0.084	0.374	52.00	0.423	0.445	3999	4233	-0.414056	0.078668	
A/duck/Hunan/HN341/2015|E	0.2941	0.2721	0.4293	0.2769	0.165	-0.082	0.375	51.91	0.421	0.444	3999	4233	-0.416490	0.078904	
A/duck/Hunan/HN342/2015|E	0.2932	0.2728	0.4296	0.2769	0.165	-0.081	0.376	51.91	0.422	0.445	3999	4233	-0.415757	0.078904	
A/duck/Hunan/HN343/2015|E	0.2924	0.2732	0.4299	0.2772	0.165	-0.081	0.376	51.88	0.422	0.445	3999	4233	-0.416891	0.078904	
A/duck/Hunan/S4020/2008|E	0.3067	0.2712	0.4144	0.2817	0.171	-0.074	0.381	52.92	0.423	0.444	3993	4223	-0.408667	0.081695	
A/duck/Hunan/S4030/2011|E	0.3040	0.2723	0.4170	0.2800	0.167	-0.084	0.375	52.73	0.423	0.444	3992	4223	-0.411508	0.081695	
A/duck/Hunan/S4101/2011|E	0.3241	0.2582	0.4201	0.2695	0.168	-0.090	0.372	52.53	0.404	0.437	4005	4233	-0.412686	0.080321	
A/duck/Hunan/S4120/2011|E	0.3222	0.2600	0.4209	0.2686	0.168	-0.088	0.373	52.49	0.405	0.438	4005	4233	-0.411316	0.080558	
A/duck/Hunan/S4150/2011|E	0.3060	0.2709	0.4054	0.2911	0.169	-0.072	0.382	53.47	0.431	0.447	3992	4223	-0.409780	0.081695	
A/duck/Hunan/S4220/2011|E	0.3090	0.2690	0.4142	0.2805	0.168	-0.078	0.378	53.05	0.421	0.444	3994	4223	-0.406820	0.081695	
A/duck/Hunan/S40199/2021(	0.2953	0.2719	0.4262	0.2755	0.164	-0.080	0.376	52.18	0.421	0.446	4005	4238	-0.416399	0.079283	
A/duck/Hunan/S40268/2021(	0.2848	0.2757	0.4323	0.2780	0.164	-0.084	0.373	51.91	0.425	0.447	4006	4233	-0.405929	0.078195	
A/duck/Jiangsu/m234/2012|	0.3071	0.2714	0.4229	0.2689	0.171	-0.077	0.379	52.12	0.416	0.442	4018	4248	-0.403743	0.080744	
A/duck/Jiangsu/S4439/2017	0.3067	0.2691	0.4191	0.2788	0.166	-0.086	0.374	52.04	0.420	0.443	3991	4223	-0.410869	0.082169	
A/duck/Jiangsu/SE1128/201	0.3055	0.2701	0.4186	0.2795	0.167	-0.084	0.375	52.08	0.421	0.443	3993	4223	-0.410561	0.082169	
A/duck/Jiangxi/01.11_NCNP	0.2980	0.2675	0.4275	0.2783	0.165	-0.085	0.373	52.02	0.419	0.445	3998	4232	-0.414957	0.078922	
A/duck/Jiangxi/01.14_NCJD	0.2897	0.2799	0.4287	0.2708	0.168	-0.067	0.384	52.08	0.424	0.446	3993	4222	-0.411345	0.078873	
A/duck/Jiangxi/01.14_NCJD	0.3013	0.2656	0.4271	0.2777	0.162	-0.093	0.369	52.16	0.417	0.443	3992	4224	-0.413352	0.078835	
A/duck/Jiangxi/01.14_NCJD	0.3001	0.2668	0.4260	0.2787	0.162	-0.093	0.369	52.14	0.418	0.444	3991	4223	-0.413569	0.078854	
A/duck/Jiangxi/02.05_YGYX	0.3006	0.2658	0.4278	0.2771	0.162	-0.093	0.369	52.20	0.417	0.444	3992	4224	-0.414370	0.079072	
A/duck/Jiangxi/02.06_NCJD	0.3013	0.2653	0.4273	0.2778	0.162	-0.094	0.368	52.20	0.416	0.443	3991	4223	-0.412977	0.079091	
A/duck/Jiangxi/02.06_NCJD	0.3025	0.2664	0.4276	0.2766	0.164	-0.090	0.370	52.04	0.416	0.443	3984	4214	-0.415354	0.079260	
A/duck/Jiangxi/2.28_NCNP2	0.2962	0.2685	0.4293	0.2776	0.164	-0.088	0.371	51.86	0.419	0.444	4002	4232	-0.411248	0.078922	
A/duck/Jiangxi/2.28NCNP23	0.2962	0.2685	0.4293	0.2776	0.164	-0.088	0.371	51.86	0.419	0.444	4002	4232	-0.411248	0.078922	
A/duck/Jiangxi/03.11_NCHJ	0.3013	0.2666	0.4245	0.2796	0.162	-0.093	0.369	52.41	0.419	0.444	3999	4233	-0.412781	0.078904	
A/duck/Jiangxi/04.01__NCD	0.2792	0.2835	0.4268	0.2826	0.167	-0.072	0.381	51.66	0.435	0.449	3996	4225	-0.418391	0.078817	
A/duck/Jiangxi/04.01__NCD	0.2794	0.2834	0.4256	0.2837	0.167	-0.073	0.380	51.70	0.436	0.450	3980	4207	-0.418754	0.078916	
A/duck/Jiangxi/04.01_NCDZ	0.3001	0.2722	0.4245	0.2771	0.166	-0.073	0.381	52.93	0.421	0.444	4020	4250	-0.412518	0.078353	
A/duck/Jiangxi/05.07__NCJ	0.2813	0.2804	0.4299	0.2797	0.167	-0.075	0.380	51.47	0.431	0.448	3913	4138	-0.428975	0.079265	
A/duck/Jiangxi/5.26_NCDZT	0.2930	0.2729	0.4233	0.2830	0.165	-0.084	0.374	52.35	0.427	0.447	3998	4232	-0.416092	0.078922	
A/duck/Jiangxi/11.17_NCNP	0.2972	0.2673	0.4281	0.2802	0.165	-0.087	0.372	52.22	0.420	0.445	3999	4233	-0.419466	0.078904	
A/duck/Jiangxi/11.17_NCNP	0.2972	0.2673	0.4281	0.2802	0.165	-0.087	0.372	52.21	0.420	0.445	3999	4233	-0.419490	0.078904	
A/duck/Jiangxi/11.29_NCDZ	0.2977	0.2675	0.4345	0.2709	0.166	-0.080	0.377	51.83	0.414	0.443	3997	4232	-0.417580	0.078922	
A/duck/Jiangxi/11.29_NCNP	0.2966	0.2695	0.4365	0.2662	0.167	-0.077	0.378	51.84	0.413	0.443	3991	4223	-0.410017	0.079327	
A/duck/Jiangxi/11.29_NCNP	0.2941	0.2700	0.4312	0.2760	0.163	-0.084	0.374	52.13	0.419	0.445	3992	4223	-0.418707	0.078854	
A/duck/Jiangxi/34/2011|EP	0.3107	0.2655	0.4150	0.2806	0.168	-0.077	0.378	53.15	0.419	0.443	3996	4224	-0.401515	0.081676	
A/duck/Jiangxi/35/2011|EP	0.3090	0.2687	0.4108	0.2832	0.169	-0.073	0.381	52.87	0.423	0.445	3996	4224	-0.399834	0.081913	
A/duck/Jiangxi/44/2011|EP	0.3048	0.2651	0.4345	0.2663	0.167	-0.072	0.382	52.08	0.408	0.440	3986	4216	-0.407187	0.082543	
A/duck/Jiangxi/95/2014|EP	0.2981	0.2689	0.4249	0.2805	0.163	-0.091	0.370	52.42	0.421	0.445	4002	4233	-0.414481	0.078904	
A/duck/Jiangxi/120/2011|E	0.3050	0.2760	0.4147	0.2755	0.171	-0.073	0.381	52.86	0.424	0.444	3993	4224	-0.414631	0.081913	
A/duck/Jiangxi/130/2011|E	0.3064	0.2701	0.4068	0.2908	0.170	-0.068	0.385	53.30	0.429	0.446	3994	4224	-0.414347	0.081439	
A/duck/Jiangxi/13469/2014	0.3016	0.2699	0.4221	0.2801	0.164	-0.086	0.373	52.67	0.421	0.443	4014	4244	-0.412865	0.078464	
A/duck/Jiangxi/13475/2014	0.3013	0.2702	0.4224	0.2797	0.164	-0.086	0.373	52.66	0.421	0.443	4014	4244	-0.412865	0.078464	
A/duck/Jiangxi/13484/2014	0.3013	0.2702	0.4221	0.2801	0.164	-0.087	0.373	52.66	0.421	0.443	4014	4244	-0.412677	0.078464	
A/Duck/Jiangxi/50446/2016	0.3003	0.2643	0.4293	0.2785	0.164	-0.086	0.373	52.13	0.416	0.444	3998	4232	-0.420865	0.078922	
A/Duck/Jiangxi/50455/2016	0.2968	0.2673	0.4290	0.2781	0.164	-0.088	0.372	52.22	0.419	0.445	4002	4233	-0.413536	0.078668	
A/duck/Jiangxi/E7/2014_(H	0.3001	0.2671	0.4267	0.2777	0.162	-0.093	0.369	52.11	0.418	0.444	3993	4224	-0.415743	0.078835	
A/duck/Jiangxi/F31/2014(H	0.2992	0.2682	0.4258	0.2785	0.162	-0.091	0.370	52.24	0.419	0.445	3929	4157	-0.428506	0.079384	
A/duck/Jiangxi/NCDZT1123/	0.3004	0.2672	0.4257	0.2777	0.161	-0.093	0.369	52.19	0.418	0.444	4002	4233	-0.413536	0.078904	
A/duck/Jiangxi/NCDZT1126/	0.2991	0.2665	0.4268	0.2783	0.162	-0.092	0.369	52.03	0.418	0.444	4000	4233	-0.416348	0.078431	
A/duck/Jiangxi/S10252/202	0.3046	0.2712	0.4064	0.2864	0.166	-0.075	0.378	52.94	0.429	0.448	4005	4236	-0.397592	0.082153	
A/duck/Jiangxi/S40833/202	0.3078	0.2756	0.4029	0.2848	0.168	-0.072	0.382	53.05	0.430	0.447	4002	4235	-0.396765	0.082881	
A/duck/Jilin/04.04_SY002-	0.3057	0.2709	0.4174	0.2781	0.165	-0.083	0.375	52.63	0.421	0.443	3990	4223	-0.414042	0.081695	
A/duck/Jilin/JL-SIV/2013|	0.3143	0.2678	0.4176	0.2743	0.170	-0.074	0.381	52.80	0.415	0.441	3988	4223	-0.407270	0.082406	
A/duck/Jilin/S1261/2019(H	0.3049	0.2716	0.4167	0.2792	0.166	-0.085	0.374	52.67	0.422	0.444	3993	4223	-0.407151	0.081459	
A/duck/Jilin/S4171/2019(H	0.3033	0.2731	0.4145	0.2820	0.166	-0.082	0.376	52.76	0.426	0.445	3994	4223	-0.407080	0.081695	
A/duck/Kaohsiung/15WB3298	0.3055	0.2743	0.4090	0.2846	0.168	-0.074	0.381	53.24	0.429	0.447	4021	4251	-0.413338	0.081628	
A/duck/Kaohsiung/20WB0242	0.2978	0.2826	0.4187	0.2733	0.169	-0.067	0.385	52.61	0.428	0.447	4023	4251	-0.416914	0.081157	
A/duck/Kaohsiung/15010213	0.2991	0.2810	0.4129	0.2774	0.167	-0.082	0.375	51.99	0.430	0.446	4023	4254	-0.402844	0.080630	
A/duck/Liaoning/LN/2011|E	0.2983	0.2748	0.4274	0.2706	0.171	-0.076	0.379	52.29	0.419	0.443	4015	4246	-0.403038	0.081959	
A/duck/Nanchang/9789/2013	0.3102	0.2651	0.4182	0.2782	0.164	-0.085	0.374	52.91	0.416	0.443	3994	4224	-0.407055	0.081439	
A/duck/Nantou/15A3437/201	0.2986	0.2811	0.4140	0.2772	0.167	-0.084	0.374	51.92	0.429	0.445	4023	4254	-0.405783	0.080630	
A/duck/Nantou/17A0243/201	0.2981	0.2800	0.4141	0.2785	0.168	-0.078	0.378	52.02	0.430	0.445	4023	4254	-0.403291	0.080395	
A/duck/Ningxia/YG61/2017|	0.2917	0.2802	0.4135	0.2850	0.168	-0.075	0.379	52.66	0.435	0.450	4003	4233	-0.408670	0.079849	
A/duck/Ningxia/YG71/2017|	0.2891	0.2791	0.4165	0.2848	0.167	-0.072	0.380	52.59	0.434	0.449	4008	4236	-0.406704	0.079320	
A/duck/Ningxia/YG83/2017|	0.2891	0.2776	0.4148	0.2891	0.165	-0.080	0.376	52.40	0.436	0.449	4008	4236	-0.403801	0.079792	
A/duck/Pingtung/17A0160/2	0.2963	0.2812	0.4149	0.2783	0.167	-0.079	0.377	52.01	0.430	0.445	4025	4255	-0.403972	0.080376	
A/duck/Pingtung/18A00003-	0.2979	0.2792	0.4146	0.2788	0.168	-0.078	0.378	51.93	0.429	0.445	4023	4254	-0.406394	0.080395	
A/duck/Pingtung/18A00076-	0.3014	0.2766	0.4113	0.2811	0.167	-0.082	0.375	52.07	0.429	0.445	4023	4254	-0.402656	0.080630	
A/duck/Pingtung/18X00077/	0.3019	0.2735	0.4208	0.2750	0.165	-0.083	0.375	51.80	0.422	0.444	4023	4254	-0.408345	0.080630	
A/duck/Pingtung/15010180/	0.3045	0.2722	0.4098	0.2872	0.165	-0.086	0.373	53.06	0.429	0.444	4031	4261	-0.415701	0.080498	
A/duck/Pingtung/15010444/	0.2997	0.2813	0.4130	0.2766	0.168	-0.081	0.376	52.06	0.429	0.445	4023	4254	-0.402045	0.080395	
A/duck/Shandong/009/2008|	0.2947	0.2850	0.4073	0.2866	0.170	-0.063	0.387	52.86	0.439	0.449	3998	4229	-0.411728	0.081816	
A/duck/Shandong/11.14_DL-	0.3118	0.2628	0.4141	0.2798	0.168	-0.079	0.376	52.94	0.418	0.444	4025	4255	-0.402562	0.082021	
A/duck/Shandong/11.14_RD/	0.3118	0.2628	0.4141	0.2798	0.168	-0.079	0.376	52.94	0.418	0.444	4025	4255	-0.402562	0.082021	
A/duck/Shandong/Q1/2013|E	0.3074	0.2668	0.4239	0.2703	0.169	-0.078	0.376	52.58	0.414	0.443	4013	4244	-0.400589	0.081527	
A/duck/Shandong/SD0261/20	0.2919	0.2751	0.4183	0.2854	0.167	-0.076	0.378	52.42	0.431	0.448	3995	4225	-0.412095	0.080000	
A/duck/Shandong/SD0263/20	0.2914	0.2755	0.4182	0.2851	0.167	-0.075	0.379	52.41	0.431	0.448	3995	4225	-0.413420	0.079527	
A/Duck/Shandong/Y01/2009|	0.3067	0.2696	0.4113	0.2851	0.170	-0.067	0.384	53.13	0.425	0.445	3995	4226	-0.410435	0.082111	
A/Duck/Shandong/Y02/2009|	0.3077	0.2693	0.4119	0.2839	0.171	-0.068	0.384	53.12	0.424	0.444	3993	4223	-0.408880	0.081932	
A/duck/Sichuan/04.27_NBXJ	0.2989	0.2715	0.4236	0.2806	0.166	-0.080	0.377	52.63	0.422	0.444	4013	4244	-0.411946	0.078464	
A/duck/Sichuan/04.27_NBXJ	0.2991	0.2714	0.4220	0.2820	0.165	-0.081	0.377	52.65	0.423	0.444	4004	4234	-0.411738	0.078649	
A/duck/Sichuan/04.27_NBXJ	0.2999	0.2708	0.4229	0.2806	0.165	-0.079	0.378	52.59	0.422	0.444	3996	4225	-0.415432	0.078580	
A/duck/Sichuan/04.27_NBXJ	0.2992	0.2709	0.4232	0.2813	0.165	-0.081	0.377	52.67	0.422	0.444	4013	4244	-0.413502	0.078464	
A/duck/Sichuan/04.27_NBXJ	0.3006	0.2707	0.4214	0.2817	0.165	-0.081	0.376	52.55	0.423	0.444	4004	4234	-0.410959	0.078649	
A/duck/Sichuan/04.27_NCXJ	0.2995	0.2720	0.4219	0.2812	0.166	-0.080	0.377	52.64	0.423	0.444	4004	4234	-0.411880	0.078649	
A/duck/Sichuan/NCXJ15/201	0.2995	0.2712	0.4233	0.2806	0.165	-0.081	0.377	52.64	0.422	0.444	4013	4244	-0.413054	0.078464	
A/duck/Sichuan/NCXJ24/201	0.2992	0.2709	0.4232	0.2813	0.165	-0.081	0.377	52.67	0.422	0.444	4013	4244	-0.413502	0.078464	
A/duck/Sichuan/NCXN10/201	0.3131	0.2659	0.4141	0.2793	0.167	-0.081	0.376	52.77	0.418	0.443	3996	4223	-0.403718	0.081222	
A/duck/Sichuan/NCXN11/201	0.3129	0.2666	0.4119	0.2805	0.166	-0.082	0.375	52.89	0.419	0.443	3995	4223	-0.403292	0.080985	
A/duck/Sichuan/S1805/2021	0.2908	0.2728	0.4351	0.2709	0.165	-0.081	0.375	51.85	0.418	0.444	4011	4238	-0.410925	0.078103	
A/duck/Sichuan/SC4822/202	0.2903	0.2742	0.4352	0.2699	0.165	-0.078	0.377	51.99	0.418	0.444	4010	4238	-0.411491	0.078103	
A/duck/Sichuan/SC5698/202	0.2893	0.2753	0.4352	0.2701	0.165	-0.078	0.377	52.02	0.419	0.445	4010	4238	-0.411963	0.078103	
A/duck/Sichuan/SD002/2021	0.2892	0.2758	0.4324	0.2722	0.165	-0.080	0.376	52.00	0.422	0.446	4008	4238	-0.411562	0.078339	
A/duck/Taichung/15010400-	0.2984	0.2812	0.4153	0.2762	0.168	-0.081	0.376	51.97	0.429	0.445	4023	4254	-0.404513	0.080630	
A/duck/Tainan/16WB3443-15	0.3019	0.2810	0.4050	0.2863	0.170	-0.070	0.383	53.07	0.435	0.449	4021	4251	-0.413409	0.081157	
A/duck/Tainan/15010403/20	0.3045	0.2704	0.4165	0.2770	0.168	-0.084	0.374	52.45	0.422	0.445	4030	4262	-0.402112	0.081183	
A/duck/Tainan/16010024-1/	0.2998	0.2817	0.4139	0.2749	0.169	-0.076	0.379	52.13	0.428	0.446	4023	4254	-0.402116	0.080395	
A/duck/Taipei/05WB830-1-5	0.3051	0.2800	0.4055	0.2821	0.166	-0.085	0.374	52.93	0.431	0.447	4020	4251	-0.411903	0.081393	
A/duck/Taipei/18WB0120-1-	0.2966	0.2809	0.4120	0.2836	0.170	-0.072	0.382	52.94	0.433	0.448	4024	4251	-0.413785	0.080922	
A/duck/Taipei/19WB0235-14	0.3008	0.2824	0.4169	0.2724	0.165	-0.084	0.375	52.81	0.426	0.446	4021	4251	-0.413832	0.081157	
A/duck/Taiwan/01006/2015|	0.2994	0.2807	0.4132	0.2771	0.167	-0.081	0.376	52.10	0.429	0.446	4023	4254	-0.405501	0.080395	
A/duck/Taiwan/11213/2013|	0.3058	0.2736	0.4119	0.2809	0.167	-0.085	0.375	52.35	0.426	0.445	4008	4244	-0.415811	0.081291	
A/duck/Taiwan/11254/2013|	0.3065	0.2733	0.4116	0.2813	0.167	-0.084	0.375	52.31	0.425	0.445	4008	4244	-0.416682	0.081291	
A/duck/Taiwan/a043/2015|E	0.2986	0.2801	0.4136	0.2786	0.167	-0.082	0.375	51.93	0.430	0.446	3953	4181	-0.414757	0.079646	
A/duck/Taiwan/a068/2015|E	0.3093	0.2652	0.4056	0.2889	0.165	-0.090	0.370	52.63	0.426	0.445	3974	4205	-0.404185	0.080618	
A/duck/Taiwan/A3400/2015|	0.3099	0.2645	0.4073	0.2873	0.165	-0.091	0.369	52.54	0.424	0.445	4024	4256	-0.402749	0.081297	
A/duck/Taiwan/DV1238/2009	0.3072	0.2748	0.4085	0.2816	0.166	-0.089	0.372	52.76	0.427	0.446	4012	4245	-0.413805	0.081037	
A/duck/Taiwan/DV1241/2009	0.3071	0.2746	0.4083	0.2819	0.166	-0.089	0.372	52.82	0.427	0.446	4013	4245	-0.414134	0.081037	
A/duck/Taiwan/DV1242/2009	0.3071	0.2746	0.4087	0.2816	0.166	-0.089	0.372	52.76	0.427	0.446	4013	4245	-0.412556	0.081037	
A/duck/Taoyuan/16010023-1	0.3011	0.2791	0.4156	0.2747	0.167	-0.079	0.378	52.13	0.426	0.444	4022	4254	-0.400682	0.080395	
A/duck/Wuxi/7249/2015|EPI	0.2975	0.2671	0.4318	0.2753	0.163	-0.087	0.372	52.29	0.416	0.443	4001	4233	-0.411103	0.078195	
A/duck/Xinjiang/12.18_WLM	0.3032	0.2709	0.4138	0.2805	0.169	-0.067	0.383	53.00	0.425	0.446	4026	4255	-0.395723	0.081551	
A/duck/Xinjiang/S1066/201	0.3054	0.2709	0.4158	0.2814	0.166	-0.089	0.372	52.40	0.423	0.444	3996	4223	-0.412029	0.081459	
A/duck/Xinjiang/S1126/201	0.3053	0.2711	0.4160	0.2801	0.166	-0.088	0.372	52.36	0.423	0.444	3997	4223	-0.409946	0.081459	
A/duck/Yilan/17A0092/2017	0.2994	0.2786	0.4128	0.2796	0.167	-0.081	0.376	51.93	0.429	0.445	4024	4254	-0.403808	0.080160	
A/duck/Yunlin/15A5019/201	0.2995	0.2811	0.4144	0.2754	0.168	-0.079	0.378	51.91	0.428	0.445	4023	4254	-0.401340	0.080395	
A/duck/Yunlin/17A0086/201	0.2998	0.2790	0.4123	0.2797	0.167	-0.082	0.375	51.99	0.430	0.445	4023	4254	-0.405524	0.080630	
A/duck/Yunlin/17A0686/201	0.2976	0.2807	0.4121	0.2809	0.167	-0.082	0.375	52.00	0.432	0.446	4024	4254	-0.403573	0.080395	
A/duck/Yunlin/18X00007-3/	0.3056	0.2745	0.4174	0.2735	0.169	-0.079	0.376	52.28	0.421	0.443	4024	4254	-0.401669	0.080395	
A/duck/Yunlin/15010244-1/	0.2992	0.2808	0.4151	0.2759	0.167	-0.081	0.376	51.93	0.428	0.445	4023	4254	-0.405336	0.080395	
A/duck/Yunlin/15010277/20	0.3070	0.2680	0.4249	0.2679	0.168	-0.086	0.373	52.17	0.413	0.441	4032	4263	-0.399977	0.081163	
A/duck/Yunlin/15010310-4/	0.2985	0.2816	0.4146	0.2765	0.168	-0.079	0.377	52.00	0.429	0.445	4023	4254	-0.405313	0.080395	
A/duck/Yunlin/15010318-2/	0.2991	0.2804	0.4145	0.2771	0.168	-0.080	0.377	51.92	0.429	0.445	4023	4254	-0.407381	0.080395	
A/duck/Yunlin/15010369-1/	0.2981	0.2818	0.4146	0.2764	0.168	-0.079	0.377	51.98	0.429	0.446	4023	4254	-0.405430	0.080395	
A/duck/Yunlin/15010458-1/	0.3074	0.2678	0.4251	0.2675	0.169	-0.087	0.372	52.12	0.412	0.441	4032	4263	-0.398616	0.081163	
A/duck/Yunlin/15070002-2/	0.2991	0.2816	0.4136	0.2760	0.168	-0.078	0.378	51.95	0.429	0.446	4023	4254	-0.401222	0.080395	
A/duck/Yunlin/17110001/20	0.2994	0.2777	0.4148	0.2792	0.168	-0.077	0.378	52.03	0.428	0.445	4023	4254	-0.401857	0.080395	
A/duck/Yunlin/18060007-3/	0.2986	0.2784	0.4165	0.2772	0.167	-0.078	0.378	52.16	0.427	0.445	4023	4254	-0.404631	0.080160	
A/duck/Yunnan/03.15_DQWGH	0.2998	0.2676	0.4274	0.2777	0.165	-0.084	0.374	52.03	0.418	0.444	3971	4202	-0.425226	0.079486	
A/duck/Yunnan/03.16_DQXYL	0.2981	0.2680	0.4295	0.2768	0.165	-0.084	0.374	52.04	0.418	0.444	3937	4167	-0.432517	0.079914	
A/duck/Yunnan/03.16_DQXYL	0.2832	0.2810	0.4231	0.2853	0.166	-0.076	0.379	52.32	0.435	0.448	3978	4205	-0.417931	0.079191	
A/duck/Yunnan/03.16_DQXYL	0.2998	0.2676	0.4287	0.2763	0.165	-0.084	0.374	51.98	0.417	0.444	3971	4202	-0.425202	0.079486	
A/duck/Yunnan/03.16_DQXYL	0.2982	0.2665	0.4312	0.2762	0.164	-0.087	0.372	51.84	0.416	0.443	3992	4224	-0.424408	0.078835	
A/duck/Yunnan/07.15_DQNPH	0.2975	0.2686	0.4274	0.2788	0.164	-0.086	0.373	52.02	0.420	0.444	3999	4233	-0.423104	0.079376	
A/duck/Yunnan/07.15_DQNPH	0.2974	0.2684	0.4272	0.2796	0.164	-0.087	0.372	51.92	0.420	0.444	3998	4233	-0.424356	0.079376	
A/duck/Yunnan/07.15_DQNPH	0.2984	0.2674	0.4271	0.2797	0.164	-0.087	0.372	51.95	0.420	0.444	3999	4233	-0.422750	0.079376	
A/duck/Yunnan/07.15_DQNPH	0.2978	0.2680	0.4271	0.2791	0.164	-0.086	0.373	52.01	0.420	0.444	3999	4233	-0.421970	0.079140	
A/duck/Yunnan/S4318/2021(	0.2894	0.2752	0.4365	0.2683	0.164	-0.078	0.377	51.78	0.418	0.444	4011	4238	-0.411397	0.078339	
A/Duck/Yunnan/YN-2/2016_(	0.3002	0.2672	0.4293	0.2765	0.165	-0.082	0.375	52.19	0.417	0.443	3996	4233	-0.418521	0.079613	
A/Duck/Yunnan/YN-4/2015__	0.2947	0.2718	0.4303	0.2773	0.164	-0.087	0.373	52.35	0.420	0.443	4000	4233	-0.417505	0.079376	
A/Duck/Yunnan/YN-9/2016__	0.2999	0.2678	0.4269	0.2775	0.163	-0.092	0.369	52.03	0.418	0.444	4009	4240	-0.419764	0.078774	
A/Duck/Zhanjiang/15577/20	0.2928	0.2706	0.4322	0.2780	0.164	-0.082	0.375	51.77	0.421	0.444	4001	4233	-0.418828	0.079613	
A/duck/Zhejiang/02.28_JHZ	0.3022	0.2653	0.4252	0.2788	0.162	-0.093	0.369	52.29	0.417	0.444	3999	4232	-0.410326	0.078922	
A/duck/Zhejiang/6D18/2013	0.3110	0.2632	0.4157	0.2785	0.167	-0.081	0.375	52.95	0.417	0.444	4020	4249	-0.399247	0.082137	
A/duck/Zhejiang/77138/201	0.3156	0.2632	0.4192	0.2736	0.165	-0.085	0.374	52.72	0.411	0.441	4015	4243	-0.404077	0.080132	
A/duck/Zhejiang/727041/20	0.3191	0.2621	0.4140	0.2763	0.166	-0.086	0.373	52.84	0.413	0.442	4012	4243	-0.411101	0.080839	
A/duck/Zhejiang/727158/20	0.2994	0.2663	0.4251	0.2829	0.162	-0.094	0.368	52.31	0.420	0.444	4004	4233	-0.410300	0.079613	
A/duck/Zhejiang/925019/20	0.3103	0.2630	0.4136	0.2822	0.166	-0.082	0.375	52.95	0.419	0.445	4020	4249	-0.404542	0.082372	
A/duck/Zhejiang/925169/20	0.3115	0.2627	0.4133	0.2813	0.167	-0.083	0.374	52.85	0.419	0.444	4020	4249	-0.401365	0.082372	
A/duck/Zhejiang/1026109/2	0.3070	0.2717	0.4267	0.2646	0.173	-0.067	0.384	51.87	0.413	0.441	4019	4248	-0.409628	0.080979	
A/duck/Zhejiang/1220092/2	0.3062	0.2683	0.4163	0.2807	0.164	-0.089	0.372	52.60	0.421	0.444	3986	4223	-0.414871	0.081459	
A/duck/Zhejiang/S4091/201	0.3046	0.2710	0.4157	0.2826	0.166	-0.086	0.374	52.20	0.424	0.444	3991	4223	-0.413024	0.081459	
A/duck/Zhejiang/S4854/202	0.2863	0.2744	0.4247	0.2860	0.162	-0.087	0.372	52.46	0.430	0.448	4007	4233	-0.413182	0.077959	
A/duck/Zhejiang/W24/2013|	0.3119	0.2624	0.4159	0.2790	0.168	-0.082	0.374	52.84	0.417	0.443	4019	4249	-0.399388	0.081902	
A/egret/Jiangsu/SD021/202	0.3031	0.2715	0.4072	0.2867	0.165	-0.076	0.378	52.96	0.430	0.449	4005	4236	-0.398796	0.081681	
A/Egret/Shangdong/JN529/2	0.2855	0.2773	0.4342	0.2738	0.165	-0.075	0.379	51.88	0.424	0.447	4004	4232	-0.419258	0.078450	
A/environment/Hunan/HN261	0.3006	0.2684	0.4275	0.2759	0.163	-0.091	0.370	52.23	0.417	0.443	4002	4233	-0.408646	0.078904	
A/Environment/Shandong/WS	0.2994	0.2747	0.4261	0.2705	0.167	-0.074	0.380	52.25	0.419	0.443	4011	4240	-0.408443	0.079245	
A/Environment/Shandong/WS	0.2999	0.2728	0.4263	0.2726	0.167	-0.076	0.379	52.15	0.419	0.443	4011	4240	-0.405920	0.079481	
A/Environment/Shandong/WS	0.2980	0.2768	0.4244	0.2716	0.166	-0.076	0.379	52.30	0.421	0.444	4012	4240	-0.404811	0.079953	
A/equine/China/61/2010|EP	0.3069	0.2721	0.4149	0.2784	0.171	-0.072	0.382	52.90	0.422	0.444	3992	4223	-0.409780	0.081695	
A/equine/China/67/2010|EP	0.3062	0.2723	0.4143	0.2789	0.170	-0.070	0.383	52.90	0.423	0.445	3992	4223	-0.407435	0.081695	
A/equine/China/68/2010|EP	0.3083	0.2704	0.4147	0.2784	0.170	-0.074	0.381	52.83	0.421	0.444	3991	4223	-0.410324	0.081459	
A/eurasian_eagle-owl/Hena	0.3032	0.2719	0.4061	0.2876	0.166	-0.074	0.379	52.95	0.431	0.449	4006	4236	-0.398253	0.081681	
A/Eurasian_Teal/Hong_Kong	0.2995	0.2841	0.4049	0.2821	0.170	-0.065	0.385	52.73	0.436	0.450	4022	4254	-0.401457	0.082040	
A/Eurasian_Teal/Hong_Kong	0.2996	0.2842	0.4041	0.2822	0.171	-0.067	0.384	52.66	0.436	0.450	4023	4254	-0.399224	0.082040	
A/Eurasian_Wigeon/Hong_Ko	0.2993	0.2845	0.4036	0.2825	0.171	-0.066	0.385	52.67	0.437	0.450	4022	4254	-0.399976	0.082040	
A/Eurasian_Wigeon/Hong_Ko	0.2990	0.2848	0.4036	0.2825	0.171	-0.065	0.385	52.67	0.437	0.451	4022	4254	-0.399976	0.082040	
A/Falcated_Duck/Ningxia/4	0.2966	0.2677	0.4236	0.2833	0.163	-0.095	0.367	52.48	0.423	0.446	4002	4233	-0.415757	0.078904	
A/Falco_peregrinus/Beijin	0.3013	0.2792	0.4075	0.2819	0.168	-0.074	0.380	52.74	0.432	0.449	4020	4254	-0.407076	0.082040	
A/feline/Guangdong/2/2014	0.2937	0.2702	0.4303	0.2778	0.164	-0.085	0.373	51.61	0.421	0.445	4000	4233	-0.421380	0.078904	
A/Fujian/1/2005|EPI_ISL_2	0.3114	0.2683	0.4141	0.2787	0.172	-0.074	0.381	52.89	0.419	0.443	3991	4223	-0.407033	0.081932	
A/Fujian/1/2007|EPI_ISL_7	0.3094	0.2703	0.4138	0.2782	0.171	-0.074	0.380	52.67	0.421	0.444	3991	4223	-0.404854	0.081459	
A/Fujian/1/2024(H5N6)|EPI	0.2975	0.2698	0.4320	0.2690	0.162	-0.087	0.372	52.34	0.415	0.443	4008	4243	-0.413033	0.079425	
A/Fujian/2/2024(H5N6)|EPI	0.2985	0.2688	0.4328	0.2679	0.162	-0.089	0.371	52.23	0.414	0.442	4009	4243	-0.412397	0.079425	
A/Fujian-Sanyuan/21099/20	0.3138	0.2662	0.4216	0.2698	0.165	-0.091	0.370	52.39	0.411	0.439	4003	4241	-0.408489	0.079227	
A/Fujian-Sanyuan/21099/20	0.2845	0.2809	0.4162	0.2903	0.168	-0.071	0.382	52.58	0.439	0.450	4007	4238	-0.419490	0.079519	
A/Gadwall/Ningxia/472-7/2	0.2981	0.2683	0.4238	0.2811	0.162	-0.094	0.368	52.64	0.422	0.446	4002	4233	-0.415497	0.078904	
A/Gallinago_Stenura/Hong_	0.2993	0.2845	0.4039	0.2822	0.171	-0.065	0.385	52.67	0.436	0.450	4022	4254	-0.399976	0.082040	
A/Gallinula_chloropus/Gua	0.2975	0.2692	0.4270	0.2783	0.161	-0.094	0.367	52.28	0.420	0.445	4003	4233	-0.412899	0.078904	
A/Goose/_Guangdong_/JG125	0.2997	0.2677	0.4244	0.2810	0.162	-0.093	0.369	52.28	0.421	0.445	4002	4233	-0.415970	0.078904	
A/Goose/_Guangdong_/SSLBY	0.2972	0.2705	0.4261	0.2788	0.163	-0.088	0.372	52.26	0.421	0.445	4003	4233	-0.419773	0.078668	
A/Goose/_Guangdong_/SSZYP	0.2988	0.2681	0.4246	0.2810	0.163	-0.093	0.369	52.17	0.421	0.445	4002	4233	-0.413017	0.079140	
A/goose/Anhui/AH350/2015|	0.2975	0.2677	0.4307	0.2749	0.164	-0.085	0.373	51.84	0.417	0.444	4002	4233	-0.412639	0.079376	
A/goose/Changhua/15040008	0.2995	0.2808	0.4145	0.2759	0.167	-0.080	0.377	51.96	0.428	0.445	4024	4254	-0.406041	0.080395	
A/goose/Chiayi/15010008-3	0.2984	0.2812	0.4145	0.2767	0.167	-0.081	0.376	51.99	0.429	0.446	4023	4254	-0.404631	0.080395	
A/goose/Chiayi/15010016-1	0.2993	0.2812	0.4129	0.2773	0.168	-0.081	0.376	52.02	0.430	0.446	4023	4254	-0.404795	0.080395	
A/goose/Chiayi/15020022/2	0.3068	0.2684	0.4252	0.2676	0.169	-0.085	0.373	52.12	0.413	0.441	4032	4263	-0.399836	0.081163	
A/goose/Chiayi/16010017-2	0.2999	0.2818	0.4134	0.2750	0.169	-0.075	0.380	52.13	0.429	0.446	4023	4254	-0.401998	0.080395	
A/goose/Chiayi/16040003-1	0.3007	0.2811	0.4153	0.2740	0.168	-0.079	0.377	52.10	0.427	0.445	4023	4254	-0.401199	0.080395	
A/goose/Chiayi/16040005/2	0.3007	0.2811	0.4148	0.2748	0.168	-0.079	0.377	52.09	0.427	0.445	4023	4254	-0.401646	0.080395	
A/goose/Chiayi/17020027-1	0.2980	0.2787	0.4141	0.2796	0.167	-0.080	0.376	51.88	0.429	0.445	4024	4254	-0.396874	0.080395	
A/goose/Chiayi/17040014/2	0.3003	0.2798	0.4120	0.2801	0.166	-0.082	0.376	51.87	0.430	0.445	4020	4254	-0.404396	0.080865	
A/goose/Chiayi/18010006/2	0.2992	0.2787	0.4147	0.2792	0.167	-0.078	0.377	52.01	0.429	0.444	4022	4254	-0.403503	0.080865	
A/goose/Chiayi/18020014-2	0.2997	0.2783	0.4149	0.2781	0.167	-0.080	0.376	52.04	0.428	0.445	4023	4254	-0.400258	0.080395	
A/goose/China/1/2021|EPI_	0.3035	0.2714	0.4061	0.2870	0.166	-0.076	0.378	52.97	0.430	0.449	4007	4236	-0.396978	0.082153	
A/goose/China/0701/2018|E	0.2973	0.2678	0.4284	0.2769	0.164	-0.089	0.371	52.04	0.418	0.445	4003	4232	-0.408767	0.078922	
A/goose/China/1106/2016|E	0.3078	0.2694	0.4271	0.2653	0.171	-0.074	0.380	51.93	0.412	0.440	4016	4248	-0.409440	0.081215	
A/goose/China/E43/2012|EP	0.3121	0.2641	0.4146	0.2808	0.167	-0.083	0.375	52.76	0.418	0.443	3996	4224	-0.408144	0.081913	
A/goose/Chongqing/SD003/2	0.2899	0.2747	0.4343	0.2706	0.165	-0.081	0.376	52.02	0.420	0.445	4009	4238	-0.412176	0.078339	
A/goose/Eastern_China/CZ/	0.3125	0.2630	0.4138	0.2796	0.168	-0.081	0.375	52.82	0.418	0.443	4018	4249	-0.402095	0.082137	
A/goose/Eastern_China/L12	0.3076	0.2679	0.4226	0.2705	0.170	-0.078	0.377	52.45	0.415	0.443	4013	4245	-0.403015	0.082214	
A/goose/Eastern_China/L12	0.3138	0.2596	0.4259	0.2685	0.166	-0.086	0.373	52.31	0.407	0.441	4014	4250	-0.402424	0.081882	
A/goose/Eastern_China/S04	0.3123	0.2633	0.4160	0.2772	0.167	-0.082	0.375	53.01	0.416	0.443	4021	4250	-0.400800	0.081882	
A/goose/Eastern_China/S05	0.2991	0.2674	0.4292	0.2759	0.164	-0.087	0.372	52.08	0.417	0.444	4005	4235	-0.414451	0.079103	
A/goose/Fujian/3.15_FZHX0	0.2962	0.2678	0.4297	0.2767	0.164	-0.087	0.372	52.13	0.418	0.444	3990	4221	-0.412627	0.078654	
A/goose/Fujian/3.15_FZHX0	0.2965	0.2675	0.4290	0.2774	0.164	-0.087	0.372	52.18	0.419	0.445	3990	4221	-0.411561	0.078654	
A/goose/Fujian/3.15_FZHX0	0.3007	0.2659	0.4254	0.2787	0.164	-0.085	0.373	52.22	0.418	0.444	3991	4221	-0.417366	0.078891	
A/goose/Fujian/3.15_FZHX0	0.2990	0.2664	0.4293	0.2764	0.164	-0.086	0.373	52.13	0.417	0.444	4001	4232	-0.412240	0.078922	
A/goose/Fujian/3.15_FZHX0	0.2987	0.2676	0.4267	0.2777	0.163	-0.087	0.372	52.29	0.419	0.444	3993	4222	-0.414448	0.079109	
A/goose/Fujian/10.11_FZHX	0.2946	0.2675	0.4381	0.2704	0.165	-0.088	0.372	51.63	0.414	0.443	3998	4232	-0.421314	0.079159	
A/goose/Fujian/10.26_FZHX	0.2958	0.2687	0.4307	0.2762	0.165	-0.081	0.376	51.82	0.418	0.444	4000	4232	-0.420983	0.078922	
A/goose/Fujian/10.26_FZHX	0.2958	0.2687	0.4307	0.2762	0.165	-0.081	0.376	51.82	0.418	0.444	4000	4232	-0.421479	0.078922	
A/goose/Fujian/10.26_FZHX	0.2962	0.2684	0.4315	0.2753	0.165	-0.080	0.377	51.80	0.418	0.444	3999	4232	-0.421456	0.078922	
A/goose/Fujian/10.26_FZHX	0.2964	0.2680	0.4318	0.2749	0.165	-0.079	0.377	51.80	0.417	0.443	4000	4232	-0.420700	0.078686	
A/goose/Fujian/10.26_FZHX	0.2962	0.2684	0.4315	0.2753	0.165	-0.080	0.377	51.80	0.418	0.444	3999	4232	-0.421456	0.078922	
A/goose/Fujian/10.26_FZHX	0.2962	0.2684	0.4315	0.2753	0.165	-0.080	0.377	51.80	0.418	0.444	3999	4232	-0.421456	0.078922	
A/goose/Fujian/10.26_FZHX	0.2957	0.2686	0.4309	0.2761	0.165	-0.081	0.376	51.81	0.418	0.444	4001	4233	-0.421072	0.078904	
A/goose/Fujian/10.26_FZHX	0.2962	0.2684	0.4315	0.2753	0.165	-0.080	0.377	51.80	0.418	0.444	3999	4232	-0.421456	0.078922	
A/goose/Fujian/10.26_FZHX	0.2958	0.2687	0.4307	0.2762	0.165	-0.081	0.376	51.82	0.418	0.444	4000	4232	-0.420983	0.078922	
A/goose/Fujian/11.3_FZHX1	0.2939	0.2680	0.4375	0.2710	0.165	-0.086	0.373	51.57	0.415	0.443	3999	4233	-0.419324	0.078904	
A/goose/Guangdong/03.27_D	0.2975	0.2684	0.4266	0.2783	0.164	-0.085	0.373	52.10	0.420	0.445	3969	4199	-0.421624	0.078828	
A/goose/Guangdong/04.22_D	0.2948	0.2691	0.4285	0.2793	0.164	-0.084	0.374	51.79	0.421	0.445	3984	4213	-0.420342	0.078566	
A/goose/Guangdong/04.22_D	0.2914	0.2756	0.4213	0.2846	0.165	-0.081	0.376	52.51	0.430	0.447	3956	4184	-0.423638	0.078633	
A/goose/Guangdong/04.22_D	0.2920	0.2750	0.4207	0.2853	0.165	-0.082	0.375	52.55	0.430	0.447	3956	4184	-0.423040	0.078633	
A/goose/Guangdong/04.22_D	0.2931	0.2756	0.4202	0.2837	0.166	-0.079	0.377	52.56	0.429	0.447	3974	4202	-0.425964	0.079486	
A/goose/Guangdong/04.23_D	0.2941	0.2699	0.4271	0.2809	0.163	-0.088	0.372	51.83	0.423	0.445	3984	4213	-0.420176	0.078566	
A/goose/Guangdong/04.23_D	0.2941	0.2703	0.4273	0.2811	0.164	-0.088	0.372	51.82	0.423	0.445	3994	4224	-0.421212	0.078835	
A/goose/Guangdong/04.23_D	0.2961	0.2678	0.4286	0.2787	0.164	-0.085	0.373	51.98	0.420	0.445	3994	4224	-0.418016	0.078835	
A/goose/Guangdong/04.23_D	0.2911	0.2664	0.4421	0.2708	0.165	-0.077	0.378	51.36	0.413	0.442	3995	4224	-0.423982	0.079072	
A/goose/Guangdong/7.20_DG	0.2961	0.2693	0.4295	0.2762	0.164	-0.085	0.373	52.14	0.419	0.445	4001	4232	-0.411508	0.078922	
A/goose/Guangdong/k0103/2	0.3018	0.2722	0.4282	0.2691	0.169	-0.084	0.374	52.21	0.416	0.442	4014	4247	-0.402425	0.080527	
A/Goose/Guangdong/PO17072	0.2974	0.2669	0.4291	0.2774	0.164	-0.085	0.373	52.07	0.418	0.444	3954	4182	-0.414778	0.078431	
A/goose/Guangdong/QY01/20	0.2972	0.2662	0.4303	0.2764	0.165	-0.084	0.374	51.90	0.417	0.445	3998	4232	-0.416044	0.078686	
A/goose/Guangdong/S230/20	0.2976	0.2663	0.4286	0.2787	0.163	-0.092	0.369	52.16	0.418	0.444	4004	4232	-0.410940	0.078922	
A/goose/Guangdong/S4751/2	0.2938	0.2726	0.4272	0.2756	0.165	-0.078	0.378	52.10	0.422	0.446	4007	4238	-0.413733	0.079283	
A/goose/Guangdong/s13124/	0.3089	0.2664	0.4259	0.2684	0.170	-0.081	0.375	52.38	0.411	0.441	4015	4244	-0.394628	0.082234	
A/goose/Guangdong/SH7/201	0.3119	0.2671	0.4120	0.2807	0.166	-0.081	0.376	52.94	0.420	0.444	3993	4223	-0.401610	0.081459	
A/goose/Guangdong/YJD/201	0.3029	0.2658	0.4220	0.2826	0.163	-0.090	0.371	52.37	0.420	0.444	4001	4233	-0.417340	0.078431	
A/goose/Guangxi/S20601/20	0.3022	0.2725	0.4085	0.2846	0.166	-0.074	0.379	52.97	0.429	0.449	4005	4236	-0.398536	0.081445	
A/goose/Guizhou/S1541/202	0.2960	0.2839	0.3977	0.2939	0.170	-0.063	0.387	53.17	0.444	0.451	4015	4248	-0.405108	0.082156	
A/goose/Henan/01.01_LYGL0	0.2956	0.2678	0.4348	0.2724	0.165	-0.085	0.374	51.78	0.415	0.443	3996	4232	-0.415572	0.078922	
A/goose/Henan/S1315/2021|	0.3038	0.2713	0.4059	0.2873	0.165	-0.077	0.378	52.94	0.430	0.449	4005	4236	-0.399221	0.081681	
A/goose/Hubei/113/2014|EP	0.3013	0.2672	0.4287	0.2751	0.163	-0.090	0.370	52.26	0.416	0.442	4002	4233	-0.410158	0.078904	
A/goose/HuBei/117/2014|EP	0.3010	0.2678	0.4275	0.2759	0.163	-0.089	0.371	52.21	0.417	0.443	4001	4233	-0.408883	0.079140	
A/goose/Hunan/81/2014|EPI	0.2985	0.2690	0.4209	0.2841	0.162	-0.095	0.367	52.47	0.424	0.446	4003	4233	-0.416230	0.078668	
A/goose/Hunan/82/2014|EPI	0.2981	0.2689	0.4218	0.2831	0.161	-0.094	0.368	52.40	0.424	0.446	4002	4233	-0.410961	0.078904	
A/goose/Hunan/107/2014|EP	0.3011	0.2676	0.4294	0.2743	0.163	-0.089	0.371	52.23	0.416	0.442	4002	4233	-0.407654	0.078904	
A/goose/Hunan/109/2014|EP	0.3004	0.2675	0.4290	0.2753	0.164	-0.088	0.371	52.20	0.416	0.442	4002	4233	-0.411151	0.078904	
A/goose/Hunan/110/2014|EP	0.3013	0.2672	0.4285	0.2754	0.163	-0.090	0.370	52.26	0.416	0.442	4002	4233	-0.410607	0.078904	
A/goose/Hunan/111/2014|EP	0.3004	0.2689	0.4297	0.2752	0.164	-0.089	0.371	52.25	0.417	0.442	4001	4233	-0.411339	0.079376	
A/goose/Hunan/115/2014|EP	0.3016	0.2669	0.4275	0.2771	0.164	-0.088	0.371	52.17	0.417	0.443	4002	4233	-0.409898	0.078904	
A/goose/Hunan/116/2014|EP	0.3031	0.2659	0.4307	0.2729	0.163	-0.092	0.369	52.11	0.413	0.441	4002	4233	-0.409331	0.078904	
A/goose/Hunan/155/2014|EP	0.2982	0.2708	0.4218	0.2822	0.163	-0.091	0.370	52.60	0.424	0.446	4002	4233	-0.415048	0.078904	
A/goose/Hunan/159/2014|EP	0.2979	0.2699	0.4226	0.2820	0.162	-0.092	0.369	52.53	0.423	0.446	4003	4233	-0.416301	0.079140	
A/goose/Hunan/160/2014|EP	0.2986	0.2691	0.4221	0.2826	0.162	-0.093	0.368	52.48	0.423	0.446	4003	4233	-0.415663	0.078904	
A/goose/Hunan/161/2014|EP	0.2976	0.2702	0.4231	0.2816	0.162	-0.093	0.369	52.52	0.423	0.446	4002	4233	-0.418663	0.078904	
A/goose/Hunan/HN11/2015|E	0.2972	0.2677	0.4286	0.2788	0.165	-0.081	0.375	51.84	0.419	0.444	4000	4233	-0.416253	0.078904	
A/goose/Hunan/HN22/2015|E	0.2966	0.2702	0.4223	0.2831	0.163	-0.088	0.371	52.58	0.424	0.446	4003	4233	-0.413655	0.078668	
A/goose/Hunan/HN57/2015|E	0.2960	0.2714	0.4226	0.2826	0.163	-0.089	0.371	52.52	0.425	0.446	4003	4233	-0.414765	0.078668	
A/goose/Hunan/HN88/2015|E	0.3009	0.2680	0.4286	0.2749	0.163	-0.090	0.370	52.22	0.416	0.442	4002	4233	-0.408835	0.078904	
A/goose/Hunan/HN90/2015|E	0.3012	0.2677	0.4285	0.2748	0.163	-0.090	0.370	52.25	0.416	0.442	4002	4233	-0.409520	0.078904	
A/goose/Hunan/HN310/2015|	0.2914	0.2741	0.4298	0.2777	0.165	-0.080	0.376	51.88	0.423	0.445	3999	4233	-0.416395	0.078904	
A/goose/Hunan/HN311/2015|	0.2945	0.2722	0.4256	0.2810	0.163	-0.085	0.373	51.96	0.424	0.445	4001	4233	-0.410395	0.078668	
A/goose/Hunan/HN314/2015|	0.2970	0.2677	0.4287	0.2776	0.165	-0.082	0.375	52.35	0.419	0.445	3999	4233	-0.418001	0.078904	
A/goose/Hunan/HN315/2015|	0.2972	0.2677	0.4291	0.2770	0.165	-0.081	0.375	52.25	0.418	0.445	3999	4233	-0.419064	0.078904	
A/goose/Hunan/HN316/2015|	0.2966	0.2689	0.4283	0.2778	0.165	-0.080	0.375	52.30	0.420	0.445	4000	4233	-0.420765	0.078904	
A/goose/Hunan/HN317/2015|	0.2973	0.2677	0.4287	0.2776	0.165	-0.082	0.375	52.24	0.419	0.445	4000	4233	-0.419324	0.078904	
A/goose/Hunan/HN318/2015|	0.2937	0.2702	0.4319	0.2762	0.165	-0.082	0.375	51.94	0.420	0.444	4001	4233	-0.418710	0.078904	
A/goose/Hunan/HN319/2015|	0.2968	0.2685	0.4288	0.2770	0.165	-0.082	0.375	52.21	0.419	0.445	4000	4233	-0.419372	0.078904	
A/goose/Hunan/S11288/2021	0.3018	0.2718	0.4063	0.2877	0.165	-0.075	0.378	53.18	0.431	0.450	4006	4236	-0.397073	0.081681	
A/goose/Hunan/SE284/2022(	0.3013	0.2798	0.4060	0.2833	0.169	-0.071	0.382	52.78	0.433	0.449	4015	4248	-0.407086	0.081921	
A/goose/Inner_Mongolia/IM	0.3063	0.2763	0.4030	0.2872	0.172	-0.065	0.386	52.87	0.432	0.447	4015	4248	-0.411464	0.082627	
A/goose/Jiangsu/k0403/201	0.2989	0.2803	0.4121	0.2828	0.171	-0.064	0.386	53.05	0.432	0.445	3991	4223	-0.410159	0.081932	
A/goose/Jiangsu/QD5/2014|	0.3120	0.2613	0.4179	0.2775	0.167	-0.085	0.373	52.76	0.415	0.443	4018	4249	-0.405342	0.082137	
A/goose/Jiangsu/S1385/202	0.3036	0.2720	0.4054	0.2875	0.166	-0.074	0.379	53.14	0.431	0.449	4007	4236	-0.397686	0.081917	
A/goose/Jiangxi/01.09_NFJ	0.3013	0.2672	0.4285	0.2755	0.164	-0.088	0.372	52.21	0.416	0.442	4002	4233	-0.408788	0.078904	
A/goose/Jilin/04.04_SY003	0.3006	0.2691	0.4217	0.2813	0.164	-0.091	0.370	52.43	0.422	0.446	3975	4202	-0.415612	0.079486	
A/goose/Jilin/S4034/2019(	0.3054	0.2706	0.4167	0.2792	0.167	-0.081	0.376	52.80	0.422	0.444	3993	4223	-0.409519	0.081459	
A/goose/Liaoning/S1266/20	0.3050	0.2698	0.4061	0.2872	0.165	-0.080	0.376	53.06	0.429	0.449	4005	4236	-0.397238	0.081681	
A/goose/Pingtung/15010007	0.2996	0.2809	0.4132	0.2771	0.167	-0.082	0.376	51.99	0.429	0.445	4023	4254	-0.404725	0.080395	
A/goose/Pingtung/15010037	0.2996	0.2809	0.4129	0.2774	0.167	-0.081	0.376	52.02	0.429	0.446	4023	4254	-0.404725	0.080395	
A/goose/Pingtung/15050014	0.3080	0.2660	0.4085	0.2870	0.165	-0.089	0.371	52.59	0.425	0.445	4024	4255	-0.402562	0.081081	
A/goose/Pingtung/16010061	0.3093	0.2642	0.4116	0.2837	0.164	-0.092	0.368	52.53	0.422	0.444	4023	4255	-0.403807	0.081081	
A/Goose/Qingyuan/16875/20	0.2989	0.2657	0.4308	0.2766	0.165	-0.089	0.371	52.04	0.416	0.443	4001	4233	-0.417553	0.078904	
A/goose/Shandong/01.01_JY	0.3051	0.2735	0.4278	0.2632	0.172	-0.069	0.383	51.97	0.413	0.440	3997	4227	-0.401230	0.081382	
A/goose/Shandong/01.07_JQ	0.3045	0.2753	0.4272	0.2632	0.173	-0.068	0.383	51.98	0.415	0.441	3997	4227	-0.400450	0.081145	
A/goose/Shandong/02.16_YG	0.2979	0.2699	0.4224	0.2822	0.163	-0.090	0.370	52.45	0.423	0.446	4001	4233	-0.409142	0.079376	
A/goose/Shandong/02.26_GD	0.2983	0.2688	0.4242	0.2817	0.163	-0.090	0.370	52.42	0.422	0.445	4002	4233	-0.412166	0.078904	
A/goose/Shandong/03.10_HZ	0.3039	0.2712	0.4188	0.2794	0.166	-0.087	0.373	52.26	0.422	0.444	3993	4223	-0.411887	0.081695	
A/goose/Shandong/03.16_JN	0.3019	0.2705	0.4234	0.2775	0.165	-0.080	0.377	52.70	0.420	0.443	4001	4230	-0.413310	0.078723	
A/goose/Shandong/04.22_GT	0.3051	0.2738	0.4272	0.2635	0.172	-0.069	0.383	51.94	0.414	0.441	3997	4227	-0.401609	0.080908	
A/goose/Shandong/05.23_AY	0.3097	0.2665	0.4146	0.2778	0.168	-0.078	0.377	52.98	0.419	0.445	4003	4230	-0.402908	0.082270	
A/goose/Shandong/05.23_DT	0.3098	0.2661	0.4143	0.2782	0.168	-0.078	0.377	52.98	0.419	0.445	4018	4246	-0.400377	0.081959	
A/goose/Shandong/06.14_HZ	0.3102	0.2651	0.4155	0.2776	0.168	-0.078	0.377	52.90	0.418	0.444	4025	4255	-0.401810	0.081786	
A/goose/Shandong/11.02_CQ	0.2979	0.2722	0.4222	0.2822	0.164	-0.083	0.375	52.81	0.424	0.445	3996	4225	-0.412095	0.078580	
A/goose/Shandong/12.05_YG	0.2987	0.2682	0.4226	0.2830	0.163	-0.091	0.370	52.39	0.422	0.445	3993	4224	-0.411648	0.079309	
A/goose/Shandong/12.08_YG	0.3082	0.2658	0.4145	0.2782	0.166	-0.086	0.373	53.04	0.420	0.445	3992	4220	-0.404171	0.081517	
A/Goose/Shandong/21153-3/	0.3029	0.2719	0.4081	0.2859	0.166	-0.076	0.378	52.96	0.429	0.448	4001	4231	-0.397022	0.082250	
A/goose/Shandong/GD-GS/20	0.3115	0.2650	0.4133	0.2787	0.168	-0.080	0.376	52.89	0.419	0.444	4017	4246	-0.399388	0.082195	
A/goose/Shandong/GS/2013(	0.3109	0.2672	0.4169	0.2768	0.169	-0.075	0.380	52.54	0.417	0.443	3995	4223	-0.411390	0.081695	
A/goose/Shandong/LQ01694/	0.3085	0.2669	0.4224	0.2720	0.170	-0.080	0.376	52.51	0.415	0.443	4012	4244	-0.400613	0.082705	
A/goose/Tainan/16040018-1	0.3093	0.2640	0.4116	0.2838	0.164	-0.092	0.369	52.49	0.422	0.444	4023	4255	-0.402797	0.081316	
A/goose/Tainan/16070002/2	0.3112	0.2619	0.4124	0.2829	0.163	-0.096	0.367	52.47	0.419	0.443	4024	4255	-0.402585	0.081081	
A/goose/Tainan/17030022-1	0.2984	0.2794	0.4141	0.2786	0.167	-0.080	0.376	51.94	0.429	0.445	4024	4254	-0.402045	0.080395	
A/goose/Tainan/17030024-1	0.2997	0.2786	0.4134	0.2784	0.167	-0.083	0.374	51.93	0.428	0.445	4022	4254	-0.401293	0.080395	
A/goose/Tainan/18010022-1	0.2964	0.2816	0.4108	0.2818	0.168	-0.079	0.377	52.31	0.433	0.447	4022	4254	-0.400329	0.080160	
A/goose/Tainan/18050014-1	0.2981	0.2788	0.4134	0.2813	0.167	-0.083	0.375	52.28	0.430	0.445	4025	4254	-0.401058	0.080395	
A/goose/Taiwan/01019/2015	0.3036	0.2707	0.4157	0.2778	0.168	-0.085	0.373	52.47	0.423	0.446	4031	4262	-0.399859	0.081417	
A/goose/Taiwan/01022/2015	0.2980	0.2820	0.4139	0.2762	0.168	-0.079	0.377	52.01	0.430	0.446	4023	4254	-0.403220	0.080160	
A/goose/Taiwan/01023/2015	0.2991	0.2807	0.4132	0.2777	0.168	-0.081	0.376	51.97	0.429	0.446	4024	4254	-0.403926	0.080395	
A/goose/Taiwan/01031/2015	0.2986	0.2820	0.4131	0.2770	0.168	-0.079	0.377	51.99	0.430	0.446	4024	4254	-0.402468	0.080395	
A/goose/Taiwan/01038/2015	0.3037	0.2730	0.4099	0.2856	0.165	-0.085	0.374	53.11	0.429	0.445	4031	4261	-0.415701	0.080263	
A/goose/Taiwan/01039/2015	0.3059	0.2684	0.4247	0.2688	0.168	-0.085	0.373	52.14	0.414	0.442	4032	4263	-0.402580	0.080694	
A/goose/Taiwan/01040/2015	0.2980	0.2817	0.4146	0.2763	0.167	-0.082	0.376	51.91	0.429	0.446	4023	4254	-0.408110	0.080395	
A/goose/Taiwan/a015/2015|	0.3034	0.2713	0.4155	0.2782	0.168	-0.083	0.374	52.55	0.423	0.445	3982	4212	-0.402374	0.080484	
A/goose/Taiwan/TNC1/2015|	0.3073	0.2671	0.4251	0.2686	0.168	-0.088	0.372	52.08	0.413	0.441	4026	4257	-0.403665	0.081278	
A/goose/Taiwan/TNC3/2015|	0.3074	0.2672	0.4245	0.2692	0.168	-0.087	0.372	52.11	0.413	0.441	4026	4257	-0.402326	0.081278	
A/goose/Taiwan/TNC4/2015|	0.3044	0.2700	0.4177	0.2761	0.168	-0.084	0.374	52.44	0.421	0.445	4024	4256	-0.404018	0.081297	
A/goose/Taiwan/TNC9/2015|	0.3074	0.2672	0.4245	0.2692	0.168	-0.087	0.372	52.10	0.413	0.441	4026	4257	-0.402326	0.081278	
A/goose/Taiwan/TNC10/2015	0.3076	0.2668	0.4251	0.2686	0.168	-0.088	0.371	52.07	0.412	0.441	4026	4257	-0.402396	0.081278	
A/goose/Taiwan/TNC12/2015	0.3073	0.2671	0.4251	0.2686	0.168	-0.088	0.372	52.08	0.413	0.441	4026	4257	-0.402396	0.081278	
A/goose/Taiwan/TNC14/2015	0.3073	0.2671	0.4251	0.2686	0.168	-0.088	0.371	52.09	0.413	0.441	4026	4257	-0.402396	0.081278	
A/goose/Taiwan/TNO3/2015|	0.3060	0.2682	0.4253	0.2685	0.168	-0.087	0.372	52.08	0.414	0.442	4026	4257	-0.402044	0.081278	
A/goose/Taiwan/TNO9/2015|	0.3041	0.2703	0.4177	0.2761	0.168	-0.084	0.374	52.46	0.421	0.445	4024	4256	-0.404018	0.081297	
A/goose/Taiwan/TNO15/2015	0.3041	0.2703	0.4169	0.2766	0.168	-0.085	0.373	52.44	0.421	0.446	4024	4256	-0.403783	0.081062	
A/goose/Taiwan/TNO17/2015	0.3076	0.2668	0.4251	0.2686	0.168	-0.088	0.371	52.07	0.412	0.441	4026	4257	-0.402396	0.081278	
A/goose/Taoyuan/15010041/	0.3063	0.2688	0.4251	0.2676	0.169	-0.086	0.372	52.09	0.413	0.441	4026	4256	-0.397744	0.081297	
A/goose/Taoyuan/18120002-	0.3009	0.2770	0.4075	0.2867	0.170	-0.070	0.382	52.61	0.433	0.447	4023	4254	-0.405007	0.080395	
A/goose/Xinjiang/12.18_WL	0.2960	0.2689	0.4229	0.2845	0.162	-0.094	0.368	52.01	0.424	0.446	4001	4233	-0.409922	0.079140	
A/goose/Xinjiang/12.18_WL	0.2960	0.2689	0.4229	0.2844	0.161	-0.094	0.367	52.02	0.424	0.446	4001	4233	-0.410867	0.079140	
A/goose/Xinjiang/12.18_WL	0.3022	0.2717	0.4124	0.2823	0.169	-0.067	0.383	53.05	0.427	0.447	4026	4255	-0.396310	0.081551	
A/goose/Xinjiang/12.18_WL	0.3020	0.2718	0.4125	0.2822	0.169	-0.067	0.383	53.03	0.427	0.447	4026	4255	-0.396310	0.081551	
A/goose/Xinjiang/12.18_WL	0.3020	0.2718	0.4124	0.2820	0.170	-0.066	0.384	53.03	0.427	0.447	4026	4255	-0.396310	0.081551	
A/goose/Xinjiang/12.18_WL	0.3020	0.2718	0.4129	0.2819	0.169	-0.067	0.383	53.01	0.426	0.447	4026	4255	-0.396310	0.081551	
A/goose/Yangzhou/0420/201	0.3115	0.2627	0.4170	0.2776	0.166	-0.084	0.374	52.94	0.416	0.443	4017	4249	-0.406472	0.082137	
A/goose/Yangzhou/YZ587/20	0.2954	0.2689	0.4357	0.2716	0.164	-0.085	0.373	51.81	0.415	0.442	4000	4233	-0.415167	0.078904	
A/goose/Yunlin/15010005/2	0.2991	0.2810	0.4144	0.2764	0.168	-0.081	0.376	51.92	0.429	0.445	4022	4254	-0.407146	0.080395	
A/goose/Yunlin/15010009-1	0.2992	0.2807	0.4143	0.2767	0.168	-0.082	0.376	51.92	0.429	0.445	4022	4254	-0.406253	0.080395	
A/goose/Yunlin/15010010-2	0.2990	0.2809	0.4140	0.2771	0.168	-0.081	0.376	51.93	0.429	0.446	4023	4254	-0.406441	0.080395	
A/goose/Yunlin/15010011-1	0.2990	0.2809	0.4143	0.2767	0.168	-0.081	0.376	51.88	0.429	0.445	4023	4254	-0.406535	0.080395	
A/goose/Yunlin/15040040/2	0.3024	0.2722	0.4163	0.2773	0.168	-0.082	0.375	52.47	0.423	0.446	4029	4262	-0.402464	0.081183	
A/goose/Yunlin/16020008-4	0.2994	0.2816	0.4145	0.2757	0.169	-0.077	0.379	52.18	0.428	0.445	4024	4254	-0.401222	0.080395	
A/goose/Yunlin/16020011-1	0.3014	0.2799	0.4153	0.2746	0.169	-0.077	0.378	52.19	0.426	0.444	4023	4254	-0.401575	0.080630	
A/goose/Yunlin/16040002-2	0.3002	0.2803	0.4156	0.2751	0.169	-0.078	0.378	52.14	0.427	0.445	4024	4254	-0.401763	0.080630	
A/goose/Yunlin/17100005/2	0.3006	0.2771	0.4177	0.2755	0.167	-0.081	0.376	51.87	0.425	0.444	4023	4254	-0.403221	0.080630	
A/goose/Yunlin/18030020-2	0.3008	0.2754	0.4121	0.2819	0.165	-0.083	0.375	52.38	0.428	0.446	4026	4254	-0.406229	0.080160	
A/goose/Yunlin/18030020-3	0.3009	0.2755	0.4126	0.2815	0.165	-0.084	0.374	52.31	0.428	0.445	4025	4254	-0.406394	0.080160	
A/goose/Yunlin/18040002-3	0.2984	0.2779	0.4117	0.2823	0.168	-0.079	0.377	52.24	0.431	0.446	4023	4254	-0.399224	0.079925	
A/goose/Yunlin/18040018-2	0.2978	0.2794	0.4123	0.2817	0.167	-0.080	0.376	52.18	0.431	0.446	4023	4254	-0.400799	0.079925	
A/goose/Yunlin/18090002-3	0.2965	0.2796	0.4132	0.2825	0.165	-0.082	0.375	52.37	0.432	0.445	4023	4254	-0.400823	0.080160	
A/goose/Yunlin/18090006-1	0.3018	0.2731	0.4190	0.2770	0.166	-0.079	0.377	51.76	0.423	0.444	4029	4254	-0.404678	0.080395	
A/goose/Yunlin/18110002-3	0.3008	0.2781	0.4046	0.2880	0.170	-0.072	0.381	52.74	0.435	0.448	4024	4253	-0.405243	0.080179	
A/goose/Yunnan/07.14_DQWC	0.2970	0.2687	0.4276	0.2792	0.164	-0.086	0.373	51.95	0.420	0.444	3999	4233	-0.423057	0.079140	
A/goose/Yunnan/07.14_DQWC	0.2969	0.2689	0.4276	0.2788	0.164	-0.086	0.373	52.02	0.420	0.444	3999	4233	-0.422797	0.079140	
A/goose/Zhejiang/77166/20	0.3160	0.2636	0.4152	0.2759	0.165	-0.087	0.372	52.80	0.414	0.443	4014	4243	-0.402993	0.080132	
A/goose/Zhejiang/77167/20	0.3155	0.2631	0.4192	0.2736	0.165	-0.084	0.374	52.72	0.411	0.441	4015	4243	-0.405161	0.079896	
A/goose/Zhejiang/77168/20	0.3152	0.2634	0.4195	0.2732	0.165	-0.084	0.374	52.72	0.411	0.441	4015	4243	-0.405751	0.079896	
A/goose/Zhejiang/112071/2	0.3075	0.2702	0.4157	0.2788	0.165	-0.083	0.375	52.70	0.421	0.443	3994	4223	-0.412006	0.081459	
A/goose/Zhejiang/112080/2	0.2999	0.2673	0.4255	0.2815	0.165	-0.084	0.375	52.33	0.420	0.443	4012	4244	-0.409684	0.078464	
A/goose/Zhejiang/727092/2	0.2997	0.2669	0.4251	0.2810	0.162	-0.093	0.369	52.39	0.420	0.444	4004	4233	-0.413229	0.078904	
A/goose/Zhejiang/727098/2	0.3126	0.2656	0.4173	0.2778	0.168	-0.079	0.378	52.52	0.416	0.441	3993	4223	-0.414847	0.082879	
A/goose/Zhejiang/727110/2	0.2991	0.2687	0.4261	0.2798	0.162	-0.094	0.368	52.27	0.420	0.444	4004	4233	-0.412025	0.079849	
A/goose/Zhejiang/925036/2	0.2987	0.2695	0.4272	0.2758	0.163	-0.091	0.370	52.26	0.419	0.445	4002	4233	-0.409095	0.078668	
A/goose/Zhejiang/925037/2	0.3096	0.2647	0.4178	0.2771	0.169	-0.075	0.379	52.43	0.417	0.444	4021	4249	-0.402424	0.082137	
A/goose/Zhejiang/925104/2	0.3102	0.2650	0.4145	0.2784	0.167	-0.082	0.375	52.95	0.419	0.445	4020	4249	-0.403766	0.082137	
A/goose/Zhejiang/925105/2	0.3034	0.2672	0.4271	0.2760	0.164	-0.085	0.374	52.60	0.416	0.442	4013	4244	-0.412182	0.078464	
A/goose/Zhejiang/925106/2	0.2926	0.2732	0.4256	0.2792	0.166	-0.080	0.377	52.36	0.425	0.446	4008	4238	-0.419136	0.079991	
A/goose/Zhejiang/925108/2	0.3040	0.2666	0.4262	0.2769	0.164	-0.086	0.373	52.65	0.416	0.442	4016	4244	-0.411640	0.077992	
A/goose/Zhejiang/1120132/	0.2998	0.2697	0.4261	0.2782	0.166	-0.083	0.375	52.44	0.419	0.443	4013	4244	-0.413713	0.078228	
A/goose/Zhejiang/S1266/20	0.3035	0.2713	0.4067	0.2869	0.166	-0.076	0.378	53.04	0.430	0.449	4004	4236	-0.400260	0.081681	
A/Great_black-headed_Gull	0.3040	0.2720	0.4179	0.2784	0.166	-0.086	0.374	52.42	0.422	0.444	3993	4223	-0.409567	0.082169	
A/Great_Black-headed_Gull	0.3017	0.2726	0.4101	0.2839	0.169	-0.069	0.382	53.16	0.429	0.448	4023	4255	-0.402891	0.081316	
A/Great_black-headed_Gull	0.3042	0.2712	0.4184	0.2787	0.165	-0.086	0.374	52.41	0.422	0.444	3993	4223	-0.414966	0.082169	
A/Great_Cormorant/Hubei/c	0.2857	0.2757	0.4172	0.2941	0.164	-0.083	0.375	52.26	0.437	0.448	4000	4233	-0.418025	0.078904	
A/Great_Cormorant/Hubei/c	0.2986	0.2730	0.4059	0.2955	0.165	-0.086	0.374	53.05	0.436	0.447	3990	4223	-0.410064	0.081695	
A/Great_Cormorant/Hubei/c	0.2989	0.2727	0.4057	0.2959	0.166	-0.086	0.374	53.06	0.436	0.447	3990	4223	-0.410703	0.081695	
A/Great_Cormorant/Hubei/c	0.2848	0.2781	0.4198	0.2893	0.164	-0.083	0.375	52.20	0.436	0.448	4002	4233	-0.420694	0.078904	
A/Great_Cormorant/Hubei/V	0.3000	0.2728	0.4065	0.2942	0.166	-0.083	0.376	52.84	0.434	0.446	3991	4223	-0.410703	0.081695	
A/Great_Cormorant/Hubei/V	0.2991	0.2734	0.4069	0.2937	0.166	-0.083	0.375	52.83	0.435	0.446	3991	4223	-0.409496	0.081695	
A/Great_Cormorant/Hubei/V	0.3006	0.2716	0.4071	0.2941	0.165	-0.085	0.375	52.82	0.433	0.446	3991	4223	-0.411272	0.081695	
A/Great_Cormorant/Qinghai	0.3028	0.2723	0.4098	0.2838	0.170	-0.066	0.384	53.14	0.428	0.447	4025	4255	-0.406369	0.081081	
A/Great_Cormorant/Qinghai	0.3019	0.2729	0.4096	0.2843	0.170	-0.066	0.384	53.13	0.429	0.448	4024	4255	-0.403972	0.081551	
A/Great_Cormorant/Qinghai	0.3038	0.2717	0.4095	0.2843	0.170	-0.068	0.383	53.06	0.428	0.447	4021	4255	-0.407474	0.081786	
A/Great_Crested_Grebe/Qin	0.3026	0.2733	0.4123	0.2806	0.170	-0.068	0.383	52.76	0.426	0.446	4024	4255	-0.397274	0.081316	
A/grebe/Ningxia/SD001/202	0.3022	0.2721	0.4066	0.2874	0.166	-0.074	0.379	52.93	0.431	0.449	4006	4236	-0.398395	0.081917	
A/grebe/Shaanxi/SD001/202	0.3031	0.2718	0.4055	0.2885	0.166	-0.073	0.380	53.02	0.431	0.449	4006	4236	-0.397781	0.081681	
A/grebe/Shandong/SC184/20	0.3038	0.2713	0.4061	0.2877	0.166	-0.075	0.379	53.08	0.430	0.449	4005	4236	-0.397710	0.081681	
A/green-winged_teal/Guang	0.3032	0.2722	0.4087	0.2836	0.166	-0.074	0.379	52.90	0.428	0.449	4006	4236	-0.402786	0.080973	
A/Guangdong/1/2006|EPI_IS	0.3089	0.2697	0.4145	0.2785	0.170	-0.073	0.381	52.99	0.421	0.444	3989	4223	-0.407862	0.082169	
A/Guangdong/1/2008|EPI_IS	0.3082	0.2712	0.4190	0.2747	0.170	-0.073	0.381	52.87	0.419	0.443	3990	4223	-0.411556	0.082169	
A/Guangdong/2/2006|EPI_IS	0.3088	0.2691	0.4147	0.2801	0.171	-0.071	0.383	52.67	0.421	0.444	3992	4223	-0.410064	0.081932	
A/Guangdong/18SF020/2018-	0.2986	0.2673	0.4277	0.2778	0.164	-0.088	0.372	52.14	0.419	0.445	3963	4197	-0.424089	0.080057	
A/Guangdong/12903/2021|EP	0.2870	0.2773	0.4264	0.2787	0.165	-0.076	0.379	52.10	0.428	0.447	4013	4244	-0.411805	0.079171	
A/Guangdong/lgf/2021|EPI_	0.2878	0.2768	0.4259	0.2789	0.165	-0.078	0.377	52.16	0.428	0.447	4006	4238	-0.415385	0.079283	
A/Guangxi/1/2005|EPI_ISL_	0.3070	0.2713	0.4180	0.2756	0.170	-0.074	0.381	52.57	0.420	0.443	3993	4223	-0.412669	0.082169	
A/Guangxi/1/2005|EPI_ISL_	0.3075	0.2687	0.4180	0.2787	0.170	-0.071	0.383	52.68	0.420	0.443	3950	4181	-0.419923	0.082277	
A/Guangxi/1/2008|EPI_ISL_	0.3095	0.2695	0.4120	0.2813	0.170	-0.080	0.377	53.10	0.422	0.444	3993	4223	-0.408454	0.081932	
A/Guangxi/32797/2018|EPI_	0.2967	0.2690	0.4274	0.2775	0.164	-0.085	0.373	52.09	0.420	0.445	4000	4232	-0.413563	0.079395	
A/Guangxi/55726/2016|EPI_	0.2992	0.2685	0.4291	0.2736	0.164	-0.089	0.371	52.10	0.417	0.444	4000	4233	-0.420671	0.078668	
A/Guangzhou/39715/2014|EP	0.2978	0.2695	0.4238	0.2814	0.163	-0.091	0.370	52.38	0.422	0.445	4003	4233	-0.420364	0.078904	
A/Guizhou/1/2009|EPI_ISL_	0.3068	0.2710	0.4174	0.2766	0.170	-0.063	0.387	52.86	0.420	0.444	3991	4223	-0.409519	0.081695	
A/GX-guilin/11151/2021|EP	0.2858	0.2779	0.4253	0.2815	0.164	-0.079	0.376	52.20	0.430	0.448	4013	4239	-0.406275	0.078084	
A/GX-hechi/01/2021|EPI_IS	0.2913	0.2681	0.4331	0.2789	0.164	-0.089	0.371	51.78	0.420	0.444	4001	4232	-0.412311	0.078450	
A/Hangzhou/01/2021|EPI_IS	0.2852	0.2746	0.4239	0.2878	0.162	-0.086	0.372	52.42	0.432	0.449	4012	4236	-0.409797	0.078612	
A/HeFei04171/2024|EPI_ISL	0.2923	0.2753	0.4218	0.2828	0.166	-0.081	0.376	52.32	0.429	0.448	4001	4230	-0.416998	0.079905	
A/heron/Kaohsiung/15WB328	0.3006	0.2788	0.4131	0.2806	0.169	-0.070	0.383	52.95	0.430	0.447	4023	4251	-0.413362	0.081157	
A/heron/Taiwan/17DB0001/2	0.2973	0.2804	0.4114	0.2811	0.167	-0.081	0.376	52.16	0.432	0.446	4026	4254	-0.404984	0.080395	
A/Herring_Gull/Hubei/CH-i	0.3016	0.2729	0.4102	0.2840	0.170	-0.066	0.384	53.06	0.429	0.447	4024	4255	-0.404888	0.081081	
A/hill_myna/Heilongjiang/	0.3069	0.2703	0.4164	0.2792	0.167	-0.080	0.377	53.02	0.421	0.444	3995	4223	-0.415913	0.081695	
A/Hong_Kong/5923/2012|EPI	0.3099	0.2670	0.4182	0.2769	0.165	-0.085	0.374	52.79	0.417	0.443	3996	4224	-0.404830	0.081913	
A/Hubei/29578/2016_x_PR8_	0.3161	0.2631	0.4257	0.2654	0.163	-0.097	0.367	52.11	0.406	0.438	4002	4240	-0.405755	0.079245	
A/Hubei/29578/2016|EPI_IS	0.2865	0.2728	0.4293	0.2840	0.165	-0.082	0.375	51.92	0.427	0.446	3998	4224	-0.411151	0.079072	
A/Hunan/1/2006|EPI_ISL_79	0.3060	0.2718	0.4150	0.2791	0.172	-0.069	0.384	52.92	0.423	0.445	3992	4223	-0.408690	0.081932	
A/Hunan/1/2008|EPI_ISL_73	0.3150	0.2660	0.4083	0.2848	0.172	-0.076	0.380	53.03	0.422	0.443	3988	4223	-0.411343	0.082169	
A/Hunan/2/2009|EPI_ISL_79	0.3090	0.2696	0.4163	0.2772	0.171	-0.064	0.386	52.99	0.420	0.444	3992	4223	-0.408454	0.081932	
A/Japanese_white-eye/Taoy	0.3078	0.2691	0.4164	0.2799	0.167	-0.082	0.376	53.02	0.421	0.444	3996	4223	-0.415676	0.081695	
A/Jiangsu/1/2007|EPI_ISL_	0.3095	0.2703	0.4158	0.2780	0.170	-0.073	0.381	52.93	0.420	0.443	3990	4223	-0.413166	0.081932	
A/Jiangsu/1/2018|EPI_ISL_	0.2952	0.2702	0.4270	0.2795	0.167	-0.079	0.377	51.98	0.422	0.445	4004	4234	-0.409518	0.078649	
A/Jiangsu/1/2018|EPI_ISL_	0.2954	0.2704	0.4273	0.2790	0.167	-0.079	0.377	51.98	0.421	0.445	4002	4232	-0.410988	0.078686	
A/Jiangsu/1/2020_(H5N6)|E	0.2906	0.2753	0.4186	0.2897	0.165	-0.090	0.371	51.93	0.433	0.447	3998	4231	-0.414961	0.078941	
A/Jiangsu/1/2020(H5N6)|EP	0.2906	0.2753	0.4186	0.2897	0.165	-0.090	0.371	51.93	0.433	0.447	3998	4231	-0.414961	0.078941	
A/Jiangsu/2/2007|EPI_ISL_	0.3095	0.2703	0.4158	0.2780	0.170	-0.073	0.381	52.93	0.420	0.443	3990	4223	-0.413166	0.081932	
A/Jiangsu/JSSZ01/2018|EPI	0.2955	0.2701	0.4268	0.2797	0.167	-0.079	0.377	51.97	0.422	0.445	4001	4232	-0.410113	0.078686	
A/Jiangxi/1/2005|EPI_ISL_	0.3113	0.2703	0.4061	0.2854	0.172	-0.075	0.381	53.42	0.426	0.446	3992	4223	-0.411793	0.082169	
A/Jiangxi/16791/2022|EPI_	0.2844	0.2786	0.4271	0.2803	0.164	-0.079	0.376	52.27	0.430	0.448	4011	4239	-0.405733	0.078084	
A/lesser_kestrel/Heilongj	0.3100	0.2679	0.4051	0.2896	0.169	-0.077	0.380	52.95	0.427	0.446	3990	4223	-0.405731	0.082169	
A/lion/Hubei/1-2/2016|EPI	0.3015	0.2703	0.4072	0.2946	0.165	-0.087	0.373	52.78	0.433	0.445	3990	4223	-0.408099	0.081932	
A/Luscinia_cyane/Jiangxi/	0.2925	0.2725	0.4257	0.2787	0.166	-0.082	0.375	52.46	0.424	0.446	4013	4244	-0.412889	0.079642	
A/mallard_duck/Shanghai/S	0.3133	0.2621	0.4152	0.2784	0.168	-0.082	0.375	52.88	0.416	0.443	4019	4249	-0.401906	0.082372	
A/mallard/Heilongjiang/HL	0.2993	0.2746	0.4055	0.2947	0.169	-0.071	0.382	53.02	0.436	0.448	3993	4223	-0.414776	0.081695	
A/Mallard/Jiangxi/JXH9/20	0.2939	0.2730	0.4151	0.2886	0.164	-0.089	0.371	52.57	0.432	0.449	4017	4253	-0.410675	0.077827	
A/Mallard/Jiangxi/JXH22/2	0.2949	0.2714	0.4186	0.2876	0.164	-0.089	0.371	52.43	0.429	0.446	3999	4233	-0.413915	0.078904	
A/mallard/Ningxia/175/202	0.3040	0.2715	0.4040	0.2894	0.166	-0.078	0.377	53.14	0.432	0.449	4021	4249	-0.400188	0.081666	
A/mallard/Ningxia/176/202	0.3043	0.2712	0.4046	0.2886	0.167	-0.078	0.377	53.10	0.431	0.449	4021	4249	-0.402095	0.081666	
A/mallard/Ningxia/239/202	0.3040	0.2712	0.4049	0.2887	0.167	-0.077	0.378	53.10	0.431	0.448	4021	4249	-0.399317	0.081666	
A/mallard/Ningxia/241/202	0.3044	0.2716	0.4043	0.2887	0.167	-0.077	0.378	53.12	0.431	0.449	4021	4249	-0.398964	0.081666	
A/mallard/Ningxia/247/202	0.3038	0.2717	0.4046	0.2891	0.167	-0.077	0.377	53.12	0.432	0.448	4030	4258	-0.402396	0.081494	
A/mallard/Ningxia/249/202	0.3041	0.2716	0.4052	0.2879	0.167	-0.078	0.377	53.12	0.431	0.448	4021	4249	-0.398729	0.081666	
A/mandarin_duck/Heilongji	0.2950	0.2840	0.3984	0.2940	0.170	-0.066	0.385	53.17	0.444	0.451	3977	4209	-0.412212	0.081730	
A/mandarin_duck/Henan/426	0.3011	0.2800	0.4063	0.2836	0.170	-0.070	0.383	52.85	0.433	0.449	3976	4209	-0.410620	0.081730	
A/meerkat/Shanghai/SH-1/2	0.3100	0.2685	0.4131	0.2813	0.167	-0.079	0.378	52.70	0.421	0.444	3993	4223	-0.413119	0.081695	
A/migratory_waterfowl/Hub	0.2988	0.2708	0.4240	0.2799	0.163	-0.087	0.372	52.64	0.422	0.444	4014	4244	-0.414043	0.078464	
A/migratory_waterfowl/Hub	0.2991	0.2705	0.4240	0.2799	0.163	-0.088	0.372	52.66	0.422	0.444	4014	4244	-0.414138	0.078464	
A/mink/China/181/2019|EPI	0.2972	0.2683	0.4307	0.2745	0.164	-0.090	0.370	51.93	0.417	0.444	4001	4232	-0.407160	0.078922	
A/mink/China/183/2019|EPI	0.2982	0.2660	0.4279	0.2797	0.163	-0.090	0.370	51.86	0.419	0.444	4002	4232	-0.414414	0.079159	
A/mink/China/191/2019|EPI	0.2984	0.2655	0.4275	0.2795	0.164	-0.089	0.371	51.93	0.418	0.445	4003	4232	-0.411697	0.078922	
A/mink/China/456/2018|EPI	0.2926	0.2722	0.4268	0.2808	0.166	-0.074	0.380	52.22	0.424	0.446	4005	4232	-0.412713	0.078686	
A/mink/China/G/2015|EPI_I	0.3113	0.2629	0.4224	0.2744	0.167	-0.079	0.377	52.71	0.412	0.442	3996	4224	-0.404072	0.081439	
A/mink/China/XB/2015|EPI_	0.2999	0.2709	0.4066	0.2956	0.165	-0.085	0.374	52.88	0.434	0.446	3989	4223	-0.411059	0.081459	
A/mink/Eastern_China/006/	0.2857	0.2793	0.4270	0.2785	0.166	-0.077	0.379	52.51	0.429	0.447	4005	4237	-0.423885	0.079537	
A/mink/Eastern_China/149/	0.2945	0.2702	0.4293	0.2781	0.164	-0.084	0.374	52.14	0.421	0.445	4000	4232	-0.417202	0.078922	
A/mink/Eastern_China/528/	0.2866	0.2799	0.4283	0.2765	0.167	-0.075	0.380	52.62	0.428	0.446	4006	4237	-0.422044	0.079301	
A/mink/Eastern_China/571/	0.2970	0.2678	0.4312	0.2750	0.164	-0.088	0.371	52.08	0.417	0.444	4002	4232	-0.411224	0.078922	
A/mink/Eastern_China/0712	0.3165	0.2615	0.4412	0.2512	0.160	-0.101	0.365	51.77	0.394	0.432	4006	4236	-0.409183	0.082153	
A/mink/Northern_China/110	0.2857	0.2818	0.4227	0.2814	0.170	-0.061	0.387	52.30	0.433	0.448	4007	4238	-0.421779	0.079283	
A/Muscovy_duck/China/FJFZ	0.2959	0.2689	0.4307	0.2756	0.162	-0.087	0.372	52.32	0.418	0.443	4004	4232	-0.410681	0.079395	
A/Muscovy_duck/China/H5N6	0.2960	0.2689	0.4307	0.2756	0.162	-0.087	0.372	52.34	0.418	0.443	4004	4232	-0.410539	0.079395	
A/muscovy/duck/Hunan/85/2	0.2975	0.2701	0.4216	0.2836	0.162	-0.091	0.370	52.52	0.425	0.446	4002	4233	-0.416678	0.078904	
A/muscovy/duck/Hunan/88/2	0.2972	0.2702	0.4227	0.2824	0.162	-0.091	0.370	52.46	0.424	0.446	4002	4233	-0.414104	0.079140	
A/muscovy/duck/Hunan/89/2	0.2977	0.2697	0.4221	0.2831	0.162	-0.092	0.369	52.52	0.424	0.446	4003	4233	-0.419324	0.078904	
A/muscovy/duck/Hunan/90/2	0.2976	0.2699	0.4224	0.2826	0.162	-0.090	0.370	52.51	0.424	0.446	4003	4233	-0.417175	0.078904	
A/muscovy/duck/Hunan/93/2	0.2967	0.2708	0.4226	0.2820	0.162	-0.091	0.370	52.50	0.424	0.446	4003	4233	-0.418994	0.078668	
A/muscovy/duck/Hunan/94/2	0.2961	0.2708	0.4226	0.2830	0.162	-0.090	0.370	52.47	0.425	0.446	4003	4233	-0.412143	0.079140	
A/muscovy/duck/Hunan/101/	0.3002	0.2673	0.4287	0.2756	0.163	-0.090	0.370	52.16	0.416	0.443	4003	4233	-0.409071	0.078904	
A/muscovy/duck/Hunan/102/	0.3012	0.2650	0.4295	0.2758	0.162	-0.094	0.367	52.08	0.415	0.442	4003	4233	-0.409331	0.078904	
A/muscovy/duck/Hunan/103/	0.2996	0.2674	0.4279	0.2767	0.164	-0.089	0.371	52.19	0.417	0.443	4003	4233	-0.409898	0.078904	
A/muscovy/duck/Hunan/104/	0.3009	0.2677	0.4269	0.2762	0.164	-0.089	0.371	52.19	0.417	0.443	4002	4233	-0.411458	0.078904	
A/muscovy/duck/Hunan/125/	0.3016	0.2669	0.4288	0.2752	0.163	-0.091	0.370	52.31	0.416	0.442	4002	4233	-0.409379	0.078904	
A/muscovy/duck/Hunan/147/	0.3009	0.2680	0.4282	0.2752	0.164	-0.089	0.371	52.22	0.417	0.442	4002	4233	-0.408575	0.078904	
A/muscovy/duck/Hunan/148/	0.2997	0.2683	0.4324	0.2720	0.164	-0.085	0.373	52.17	0.414	0.442	4001	4233	-0.411599	0.078904	
A/muscovy/duck/Hunan/167/	0.3012	0.2667	0.4269	0.2769	0.163	-0.090	0.370	52.24	0.417	0.443	4002	4233	-0.409142	0.078904	
A/muscovy/duck/Hunan/183/	0.2972	0.2692	0.4221	0.2842	0.162	-0.090	0.370	52.33	0.424	0.446	4002	4233	-0.413371	0.078904	
A/muscovy/duck/Hunan/216/	0.3003	0.2671	0.4277	0.2770	0.163	-0.090	0.370	52.21	0.417	0.443	4002	4233	-0.411646	0.078904	
A/muscovy/duck/Hunan/229/	0.3005	0.2671	0.4279	0.2761	0.163	-0.090	0.370	52.19	0.417	0.443	4002	4233	-0.409827	0.078904	
A/muscovy/duck/Hunan/232/	0.2987	0.2692	0.4224	0.2820	0.162	-0.093	0.369	52.43	0.423	0.445	4002	4233	-0.414127	0.078904	
A/muscovy/duck/Hunan/HN34	0.2930	0.2735	0.4280	0.2783	0.165	-0.081	0.376	51.96	0.423	0.445	3999	4233	-0.416986	0.078904	
A/muscovy/duck/Hunan/HN34	0.2935	0.2728	0.4293	0.2769	0.165	-0.082	0.375	51.89	0.422	0.444	3999	4233	-0.416348	0.078904	
A/muscovy/duck/Hunan/HN34	0.2929	0.2728	0.4299	0.2774	0.165	-0.082	0.375	51.86	0.422	0.444	3999	4233	-0.417222	0.079140	
A/muscovy/duck/Hunan/HN34	0.2942	0.2719	0.4293	0.2772	0.165	-0.083	0.374	51.85	0.421	0.444	3999	4233	-0.415757	0.078904	
A/muscovy/duck/Hunan/HN35	0.2932	0.2731	0.4290	0.2772	0.165	-0.082	0.375	51.91	0.422	0.445	3999	4233	-0.415757	0.078904	
A/muscovy/duck/Hunan/HN35	0.2942	0.2723	0.4304	0.2758	0.165	-0.082	0.375	51.89	0.421	0.444	3999	4233	-0.418167	0.078904	
A/muscovy/duck/Hunan/HN35	0.2954	0.2716	0.4269	0.2785	0.164	-0.084	0.374	51.91	0.422	0.445	3999	4233	-0.416395	0.078904	
A/muscovy/duck/Hunan/HN35	0.2923	0.2738	0.4298	0.2770	0.165	-0.081	0.375	51.87	0.423	0.445	3999	4233	-0.416986	0.078904	
A/muscovy/duck/Hunan/HN35	0.2923	0.2738	0.4294	0.2772	0.165	-0.082	0.375	51.91	0.423	0.445	3999	4233	-0.417246	0.078904	
A/muscovy/duck/Hunan/HN35	0.2929	0.2734	0.4283	0.2779	0.165	-0.081	0.376	51.96	0.423	0.445	3999	4233	-0.416348	0.078904	
A/muscovy/duck/Hunan/HN35	0.2923	0.2741	0.4298	0.2766	0.166	-0.080	0.376	51.88	0.423	0.445	3999	4233	-0.416301	0.078904	
A/muscovy/duck/Hunan/HN35	0.2942	0.2726	0.4234	0.2834	0.165	-0.083	0.374	52.45	0.426	0.446	4000	4233	-0.416513	0.078904	
A/muscovy/duck/Hunan/HN36	0.2923	0.2738	0.4298	0.2770	0.165	-0.081	0.375	51.87	0.423	0.445	3999	4233	-0.416395	0.078904	
A/muscovy/duck/Hunan/HN36	0.2928	0.2737	0.4282	0.2780	0.165	-0.081	0.376	51.96	0.423	0.445	4000	4233	-0.414670	0.078668	
A/muscovy/duck/Hunan/HN36	0.2923	0.2734	0.4294	0.2776	0.165	-0.081	0.375	51.96	0.423	0.445	3999	4233	-0.416655	0.078904	
A/muscovy/duck/Hunan/HN36	0.2933	0.2726	0.4287	0.2783	0.165	-0.083	0.375	51.94	0.423	0.445	3999	4233	-0.416962	0.078904	
A/muscovy/duck/Hunan/HN36	0.2932	0.2728	0.4291	0.2777	0.165	-0.083	0.375	51.93	0.422	0.445	3999	4233	-0.416986	0.078904	
A/mute_swan/Inner_Mongoli	0.3021	0.2733	0.4068	0.2865	0.167	-0.074	0.379	52.94	0.431	0.449	4005	4236	-0.398182	0.081445	
A/mute_swan/Shandong/1/20	0.3022	0.2731	0.4050	0.2877	0.167	-0.073	0.379	53.05	0.432	0.450	4004	4236	-0.396789	0.081681	
A/Nanjing/1/2015|EPI_ISL_	0.2994	0.2716	0.4071	0.2955	0.165	-0.086	0.374	52.91	0.434	0.447	3991	4223	-0.415439	0.081459	
A/Northern_Pintail/HK/MP6	0.2941	0.2685	0.4391	0.2698	0.166	-0.078	0.377	52.10	0.413	0.442	4000	4234	-0.418541	0.078885	
A/oriental_magpie_robin/H	0.2840	0.2785	0.4332	0.2765	0.167	-0.074	0.380	51.82	0.427	0.446	4000	4230	-0.412624	0.079433	
A/ostrich/Suzhou/097/2003	0.3098	0.2722	0.4066	0.2848	0.172	-0.075	0.380	53.47	0.427	0.446	3993	4224	-0.414844	0.081676	
A/parrot/Guangdong/258/20	0.3024	0.2778	0.4143	0.2796	0.167	-0.076	0.380	52.43	0.427	0.445	4018	4251	-0.409457	0.081393	
A/parrot/Guangdong/C99/20	0.3112	0.2706	0.4074	0.2823	0.172	-0.076	0.380	53.21	0.424	0.446	3993	4224	-0.411198	0.081913	
A/Pavo_cristatus/China/JS	0.2963	0.2683	0.4307	0.2760	0.165	-0.080	0.377	51.79	0.418	0.444	4000	4232	-0.420723	0.078922	
A/Pavo_cristatus/China/K1	0.2963	0.2683	0.4307	0.2760	0.165	-0.080	0.377	51.79	0.418	0.444	4000	4232	-0.420723	0.078922	
A/Pavo_cristatus/Jiangxi/	0.2946	0.2702	0.4297	0.2767	0.164	-0.083	0.374	51.84	0.420	0.445	3999	4232	-0.413942	0.078922	
A/peacock/Yunnan/1/2015|E	0.3007	0.2711	0.4075	0.2941	0.166	-0.085	0.374	52.91	0.433	0.446	3988	4223	-0.413687	0.081932	
A/peacock/Yunnan/3/2015|E	0.3000	0.2719	0.4072	0.2945	0.166	-0.084	0.374	52.86	0.434	0.445	3988	4223	-0.408833	0.081932	
A/Peregrine_Falcon/Hong_K	0.3020	0.2735	0.4073	0.2857	0.167	-0.072	0.380	53.01	0.431	0.449	4011	4242	-0.395403	0.081330	
A/Phalacrocorax/Hubei/01.	0.2853	0.2759	0.4180	0.2934	0.164	-0.084	0.374	52.23	0.437	0.448	4001	4233	-0.418190	0.078904	
A/Phalacrocorax/Hubei/01.	0.2860	0.2768	0.4162	0.2940	0.165	-0.081	0.376	52.29	0.438	0.449	3981	4212	-0.425878	0.079297	
A/pheasant/Hebei/B02/2021	0.3035	0.2713	0.4063	0.2872	0.166	-0.076	0.378	53.11	0.430	0.449	4006	4236	-0.397545	0.081681	
A/pigeon/Fujian/1.17_FZHX	0.2929	0.2692	0.4403	0.2676	0.166	-0.084	0.374	51.46	0.413	0.443	4003	4237	-0.417914	0.078829	
A/pigeon/Guangdong/04.15_	0.2971	0.2676	0.4289	0.2773	0.166	-0.080	0.376	52.14	0.418	0.445	3975	4203	-0.417107	0.078753	
A/pigeon/Guangdong/04.16_	0.2971	0.2683	0.4293	0.2765	0.165	-0.082	0.376	52.01	0.418	0.445	3972	4203	-0.424054	0.078515	
A/pigeon/Guangdong/04.23_	0.2966	0.2677	0.4279	0.2790	0.164	-0.084	0.374	52.08	0.420	0.445	3954	4183	-0.418695	0.078174	
A/pigeon/Hainan/1.14_HKPL	0.2966	0.2685	0.4275	0.2781	0.165	-0.086	0.373	51.96	0.420	0.445	3990	4221	-0.413338	0.078654	
A/pigeon/Hubei/RP25/2012|	0.3027	0.2771	0.4149	0.2755	0.171	-0.069	0.384	52.86	0.425	0.445	3992	4223	-0.414634	0.081459	
A/Pigeon/Hunan/04.14_YYXS	0.3010	0.2699	0.4235	0.2804	0.165	-0.084	0.375	52.74	0.421	0.444	4014	4241	-0.415044	0.078048	
A/pigeon/Jiangsu/12.22_TC	0.3078	0.2690	0.4134	0.2824	0.165	-0.086	0.373	52.69	0.423	0.444	3994	4223	-0.411816	0.081932	
A/Pigeon/Jiangxi/02.10__N	0.2809	0.2828	0.4281	0.2806	0.167	-0.070	0.382	51.68	0.433	0.448	3994	4224	-0.414607	0.079072	
A/Pigeon/Jiangxi/04.01__N	0.2844	0.2794	0.4283	0.2802	0.168	-0.072	0.381	51.54	0.430	0.448	3959	4188	-0.422350	0.079752	
A/pigeon/Jiangxi/S40784/2	0.3078	0.2759	0.4032	0.2840	0.169	-0.071	0.382	53.08	0.430	0.447	4002	4235	-0.396930	0.082881	
A/pigeon/Jilin/04.25_CCHL	0.2993	0.2667	0.4226	0.2838	0.162	-0.096	0.367	52.30	0.422	0.445	3994	4224	-0.412287	0.078835	
A/pigeon/Jilin/04.25_CCHL	0.3029	0.2727	0.4145	0.2836	0.166	-0.084	0.374	52.33	0.426	0.445	3993	4223	-0.412408	0.081695	
A/pigeon/Jilin/S4176/2019	0.3032	0.2727	0.4149	0.2821	0.165	-0.081	0.376	52.81	0.425	0.445	3994	4223	-0.408359	0.081695	
A/Pigeon/Shandong/WS17/20	0.2995	0.2755	0.4231	0.2720	0.166	-0.076	0.379	52.31	0.421	0.444	4011	4240	-0.402358	0.079717	
A/pigeon/Sichuan/04.27_NB	0.2995	0.2726	0.4207	0.2817	0.166	-0.078	0.378	52.73	0.424	0.445	3991	4220	-0.412441	0.078910	
A/pigeon/Sichuan/NCXN29/2	0.3128	0.2668	0.4124	0.2804	0.167	-0.081	0.376	52.84	0.419	0.443	3993	4223	-0.405494	0.081222	
A/pigeon/Zhejiang/112089/	0.3055	0.2710	0.4134	0.2822	0.165	-0.085	0.374	52.83	0.424	0.445	3995	4223	-0.415155	0.081459	
A/pigeon/Zhejiang/112090/	0.3043	0.2713	0.4179	0.2796	0.166	-0.086	0.374	52.38	0.422	0.444	3992	4223	-0.412835	0.081695	
A/pigeon/Zhejiang/727097/	0.3134	0.2654	0.4168	0.2779	0.168	-0.079	0.378	52.56	0.416	0.441	3992	4223	-0.414966	0.082879	
A/plateau_pika/Qinghai/04	0.3047	0.2746	0.4134	0.2787	0.171	-0.069	0.384	53.03	0.425	0.446	3996	4227	-0.415685	0.082564	
A/Quail/Guangxi/GX-2/2017	0.2972	0.2648	0.4317	0.2764	0.163	-0.089	0.370	52.21	0.416	0.443	3985	4220	-0.404905	0.078436	
A/quail/Jiangsu/k0104/201	0.2985	0.2748	0.4271	0.2720	0.170	-0.079	0.377	52.23	0.420	0.443	4019	4253	-0.404726	0.082530	
A/quail/Jiangxi/B9/2015_(	0.2934	0.2705	0.4262	0.2791	0.165	-0.086	0.373	52.31	0.423	0.446	4000	4229	-0.411208	0.079215	
A/quail/Nanchang/6631/201	0.3094	0.2661	0.4177	0.2785	0.165	-0.082	0.376	52.87	0.418	0.443	3994	4224	-0.409257	0.081439	
A/Quail/Zhanjiang/16887/2	0.2981	0.2664	0.4392	0.2676	0.165	-0.085	0.373	51.55	0.410	0.441	3998	4233	-0.417482	0.079376	
A/Quanzhou/2/2024|EPI_ISL	0.2988	0.2680	0.4335	0.2675	0.161	-0.090	0.371	52.24	0.413	0.442	4002	4237	-0.414869	0.079773	
A/Shandong/1/2009|EPI_ISL	0.3122	0.2679	0.4168	0.2757	0.170	-0.073	0.382	52.71	0.417	0.442	3989	4223	-0.414895	0.082169	
A/Shenzhen/1/2015|EPI_ISL	0.2876	0.2745	0.4324	0.2779	0.166	-0.076	0.378	51.93	0.424	0.445	3993	4224	-0.416477	0.079309	
A/Shenzhen/1/2016|EPI_ISL	0.2862	0.2770	0.4329	0.2757	0.167	-0.077	0.378	51.87	0.425	0.446	3994	4224	-0.418277	0.079309	
A/Shenzhen/TH001/2015_(H5	0.2874	0.2752	0.4322	0.2777	0.166	-0.076	0.379	51.90	0.425	0.445	3999	4230	-0.414705	0.079196	
A/Shenzhen/TH003/2016(H5N	0.2809	0.2800	0.4323	0.2798	0.168	-0.073	0.380	51.95	0.430	0.447	3997	4224	-0.417045	0.079072	
A/Shoveller/Ningxia/488-5	0.2984	0.2673	0.4246	0.2812	0.161	-0.094	0.368	52.66	0.421	0.445	4003	4233	-0.414316	0.078904	
A/Sichuan/1/2006|EPI_ISL_	0.3088	0.2691	0.4144	0.2800	0.170	-0.075	0.380	52.76	0.421	0.444	3994	4223	-0.414066	0.081695	
A/Sichuan/2/2006|EPI_ISL_	0.3083	0.2701	0.4138	0.2807	0.171	-0.072	0.382	52.89	0.422	0.444	3994	4223	-0.412669	0.081695	
A/Sichuan/26221/2014|EPI_	0.2989	0.2715	0.4230	0.2811	0.165	-0.081	0.376	52.74	0.423	0.444	4012	4244	-0.413902	0.078464	
A/silkie_chicken/Dongguan	0.2959	0.2712	0.4270	0.2778	0.163	-0.089	0.371	52.18	0.421	0.445	4001	4233	-0.414883	0.078904	
A/Spatula_querquedula/Cho	0.3001	0.2807	0.3983	0.2929	0.169	-0.077	0.379	52.89	0.440	0.449	4018	4254	-0.403385	0.081805	
A/Spoonbill/HK/17-18259/2	0.2886	0.2786	0.4170	0.2853	0.166	-0.074	0.379	52.46	0.434	0.449	4008	4236	-0.402668	0.079556	
A/spoonbill/Taiwan/DB645/	0.2869	0.2810	0.4157	0.2864	0.167	-0.071	0.381	52.68	0.437	0.449	3953	4178	-0.407444	0.078985	
A/spot_billed_duck/Ningxi	0.2911	0.2774	0.4177	0.2831	0.166	-0.076	0.378	52.47	0.431	0.448	4007	4236	-0.402172	0.079084	
A/spot-billed_duck/Ningxi	0.2900	0.2787	0.4146	0.2871	0.168	-0.068	0.382	52.75	0.435	0.449	4008	4236	-0.404061	0.079320	
A/Streptopelia_decaocto/J	0.2855	0.2781	0.4149	0.2932	0.165	-0.084	0.374	52.42	0.439	0.451	4001	4233	-0.409733	0.079140	
A/Streptopelia_decaocto/J	0.2921	0.2738	0.4254	0.2826	0.164	-0.090	0.371	52.16	0.426	0.446	4000	4233	-0.424994	0.079140	
A/Streptopelia_decaocto/J	0.2850	0.2786	0.4126	0.2956	0.162	-0.089	0.371	52.42	0.441	0.451	3978	4213	-0.412058	0.078804	
A/swan_goose/Jilin/JL01/2	0.3057	0.2647	0.4248	0.2800	0.161	-0.094	0.368	52.56	0.416	0.440	4013	4244	-0.403181	0.079171	
A/swan/China/ST/2016|EPI_	0.3040	0.2701	0.4100	0.2844	0.169	-0.067	0.383	53.24	0.427	0.448	4018	4249	-0.404048	0.081902	
A/swan/Hebei/B01/2021|EPI	0.3024	0.2723	0.4091	0.2849	0.166	-0.077	0.377	52.93	0.429	0.449	4004	4236	-0.399292	0.082153	
A/swan/Shandong/W3762/202	0.3037	0.2709	0.4164	0.2782	0.169	-0.072	0.380	52.85	0.423	0.446	4019	4249	-0.402448	0.081666	
A/swine/China/RZ/2018|EPI	0.2970	0.2681	0.4288	0.2775	0.164	-0.088	0.371	52.07	0.419	0.444	4003	4232	-0.411437	0.078922	
A/swine/Guangdong/1/2014|	0.2969	0.2701	0.4243	0.2811	0.163	-0.089	0.371	52.36	0.423	0.446	4000	4233	-0.412922	0.079376	
A/swine/Guangdong/2/2014|	0.2982	0.2690	0.4251	0.2799	0.163	-0.090	0.370	52.33	0.421	0.445	4002	4233	-0.413820	0.078904	
A/swine/Guangdong/G3/2015	0.2969	0.2710	0.4248	0.2814	0.164	-0.086	0.373	52.54	0.423	0.445	4004	4233	-0.412473	0.078904	
A/swine/Shandong/SD1/2014	0.3111	0.2719	0.4077	0.2820	0.172	-0.075	0.381	53.23	0.425	0.446	4016	4250	-0.415271	0.082118	
A/Syrrhaptes_paradoxus/Gu	0.2957	0.2698	0.4295	0.2773	0.163	-0.087	0.372	52.15	0.420	0.445	4000	4233	-0.416962	0.078904	
A/Taiwan/DV413/2006|EPI_I	0.3111	0.2709	0.4123	0.2768	0.165	-0.087	0.372	52.84	0.421	0.444	4011	4238	-0.407881	0.081170	
A/Taiwan/DV518/2006|EPI_I	0.3120	0.2700	0.4117	0.2774	0.164	-0.089	0.371	52.87	0.420	0.444	4011	4238	-0.409556	0.080934	
A/thrush/Taiwan/15120021/	0.2995	0.2811	0.4135	0.2766	0.168	-0.079	0.378	52.13	0.429	0.445	4024	4254	-0.403714	0.080630	
A/tiger/Yunnan/tig1404/20	0.3140	0.2665	0.4122	0.2786	0.166	-0.081	0.376	52.75	0.418	0.443	3993	4223	-0.398627	0.081222	
A/tiger/Yunnan/tig1412/20	0.3130	0.2637	0.4178	0.2774	0.165	-0.084	0.375	52.92	0.415	0.442	3995	4224	-0.405871	0.081439	
A/tiger/Yunnan/tig1508/20	0.3027	0.2683	0.4060	0.2960	0.165	-0.088	0.373	52.93	0.432	0.445	3993	4225	-0.407550	0.081657	
A/tundra_swan/Fujian/SD12	0.2998	0.2834	0.4043	0.2823	0.170	-0.066	0.384	52.76	0.436	0.450	4017	4248	-0.403225	0.082156	
A/tundra_swan/Hubei/BQ3/2	0.3043	0.2703	0.4080	0.2858	0.167	-0.075	0.378	52.87	0.428	0.449	4005	4236	-0.399528	0.081681	
A/tundra_swan/Hubei/BQ4/2	0.3029	0.2720	0.4082	0.2855	0.166	-0.074	0.379	52.92	0.429	0.449	4005	4236	-0.398560	0.081681	
A/tundra_swan/Hubei/BQ6/2	0.3035	0.2722	0.4069	0.2862	0.167	-0.073	0.380	52.90	0.430	0.449	4006	4236	-0.399835	0.081681	
A/tundra_swan/Hubei/BQ7/2	0.3035	0.2719	0.4074	0.2858	0.167	-0.074	0.379	52.87	0.429	0.449	4006	4236	-0.397332	0.081681	
A/tundra_swan/Hubei/BQ8/2	0.3031	0.2718	0.4068	0.2867	0.166	-0.075	0.378	52.92	0.430	0.449	4006	4236	-0.397828	0.081445	
A/tundra_swan/Hubei/BQ9/2	0.3019	0.2728	0.4085	0.2853	0.167	-0.073	0.380	52.78	0.430	0.449	4005	4236	-0.399032	0.081681	
A/turkey/Changhua/1601001	0.3011	0.2802	0.4150	0.2750	0.169	-0.078	0.378	52.15	0.427	0.445	4023	4254	-0.402562	0.080395	
A/turkey/Chiayi/17020092-	0.3071	0.2651	0.4107	0.2852	0.164	-0.091	0.370	52.53	0.424	0.445	4023	4255	-0.407944	0.081081	
A/turkey/Chiayi/18010013-	0.2957	0.2818	0.4125	0.2801	0.168	-0.079	0.377	52.29	0.432	0.447	4022	4254	-0.401857	0.080160	
A/turkey/Yunlin/15060049-	0.3011	0.2785	0.4131	0.2786	0.167	-0.084	0.375	51.94	0.428	0.445	4023	4254	-0.405595	0.080160	
A/turkey/Yunlin/18020020-	0.2955	0.2822	0.4122	0.2803	0.168	-0.077	0.378	52.18	0.433	0.447	4022	4254	-0.398425	0.080160	
A/turkey/Yunlin/18110001-	0.2987	0.2776	0.4132	0.2818	0.166	-0.087	0.372	52.23	0.430	0.445	4022	4254	-0.400400	0.079925	
A/turkey/Yunlin/18120005-	0.3005	0.2782	0.4041	0.2889	0.170	-0.073	0.380	52.76	0.436	0.448	4025	4254	-0.403009	0.080395	
A/turtle_dove/Guangdong/3	0.3094	0.2710	0.4136	0.2789	0.172	-0.069	0.384	52.84	0.422	0.444	3999	4229	-0.410688	0.081580	
A/turtle_dove/Hunan/S4004	0.3011	0.2696	0.4110	0.2913	0.165	-0.088	0.373	52.81	0.430	0.445	3994	4223	-0.412906	0.081932	
A/Waterfowl/Hubei/Chenhu1	0.2988	0.2708	0.4240	0.2799	0.163	-0.087	0.372	52.64	0.422	0.444	4014	4244	-0.414043	0.078464	
A/Waterfowl/Hubei/Chenhu1	0.2991	0.2705	0.4240	0.2799	0.163	-0.088	0.372	52.66	0.422	0.444	4014	4244	-0.414138	0.078464	
A/whiskered_tern/Hubei/BQ	0.3032	0.2719	0.4076	0.2855	0.166	-0.073	0.379	52.90	0.429	0.449	4007	4236	-0.394523	0.081681	
A/white_naped_crane/China	0.2955	0.2693	0.4298	0.2769	0.166	-0.080	0.377	51.88	0.419	0.444	4000	4232	-0.419612	0.079159	
A/White-eyed_Pochard/Ning	0.2969	0.2680	0.4225	0.2841	0.162	-0.099	0.365	52.53	0.424	0.446	4002	4233	-0.414978	0.078904	
A/whooper_swan/Henan/8/20	0.3011	0.2800	0.4070	0.2831	0.170	-0.070	0.383	52.81	0.433	0.449	3976	4209	-0.409812	0.081730	
A/whooper_swan/Henan/14/2	0.3012	0.2804	0.4074	0.2822	0.170	-0.070	0.383	52.78	0.432	0.449	3975	4209	-0.409741	0.081730	
A/whooper_swan/Henan/44/2	0.3011	0.2803	0.4073	0.2823	0.170	-0.069	0.383	52.79	0.433	0.449	3976	4209	-0.411048	0.081730	
A/whooper_swan/Henan/45/2	0.3011	0.2803	0.4073	0.2824	0.170	-0.069	0.383	52.79	0.433	0.449	3976	4209	-0.409812	0.081730	
A/whooper_swan/Henan/46/2	0.3011	0.2800	0.4073	0.2828	0.170	-0.070	0.383	52.78	0.433	0.449	3976	4209	-0.409812	0.081730	
A/whooper_swan/Henan/424/	0.3011	0.2800	0.4063	0.2837	0.170	-0.070	0.383	52.85	0.433	0.449	3976	4209	-0.410454	0.081730	
A/whooper_swan/Henan/SM1/	0.3020	0.2729	0.4088	0.2848	0.166	-0.075	0.378	52.89	0.429	0.449	4005	4236	-0.397380	0.081917	
A/whooper_swan/Henan/SM16	0.3019	0.2731	0.4080	0.2852	0.166	-0.075	0.379	52.91	0.430	0.449	4005	4236	-0.397025	0.081681	
A/whooper_swan/Henan/SM31	0.3022	0.2728	0.4079	0.2854	0.166	-0.075	0.378	52.90	0.430	0.449	4006	4236	-0.398985	0.081681	
A/whooper_swan/Henan/SM61	0.3033	0.2720	0.4072	0.2862	0.167	-0.074	0.379	52.92	0.430	0.449	4005	4236	-0.398418	0.081681	
A/whooper_swan/Henan/SM76	0.3029	0.2725	0.4080	0.2851	0.167	-0.074	0.379	52.90	0.429	0.449	4006	4236	-0.396270	0.081681	
A/whooper_swan/Henan/SM86	0.3029	0.2716	0.4079	0.2863	0.167	-0.074	0.379	52.85	0.429	0.449	4005	4236	-0.398607	0.081681	
A/whooper_swan/Henan/SM11	0.3031	0.2718	0.4082	0.2850	0.167	-0.073	0.379	52.83	0.429	0.449	4006	4236	-0.395963	0.081681	
A/whooper_swan/Henan/SMQ5	0.3033	0.2720	0.4088	0.2844	0.167	-0.074	0.379	52.83	0.428	0.448	4005	4236	-0.399433	0.081681	
A/whooper_swan/Henan/SMQ7	0.3029	0.2723	0.4093	0.2836	0.167	-0.073	0.379	52.86	0.428	0.449	4005	4236	-0.397568	0.081681	
A/whooper_swan/Henan/SMQ9	0.3032	0.2719	0.4061	0.2876	0.166	-0.074	0.379	52.96	0.431	0.449	4006	4236	-0.398253	0.081681	
A/whooper_swan/Henan/SMQ1	0.3033	0.2720	0.4066	0.2870	0.166	-0.074	0.379	52.97	0.430	0.449	4005	4236	-0.398890	0.081681	
A/whooper_swan/Henan/SMX1	0.3044	0.2715	0.4166	0.2802	0.166	-0.086	0.373	52.49	0.423	0.444	3995	4223	-0.411130	0.081695	
A/whooper_swan/Henan/SMX3	0.3050	0.2715	0.4162	0.2800	0.166	-0.085	0.374	52.52	0.423	0.444	3994	4223	-0.411580	0.081695	
A/whooper_swan/Henan/SMX4	0.3057	0.2712	0.4163	0.2793	0.166	-0.085	0.374	52.49	0.422	0.444	3993	4223	-0.412195	0.081695	
A/whooper_swan/Henan/SMX9	0.3044	0.2715	0.4162	0.2801	0.165	-0.085	0.374	52.49	0.423	0.444	3994	4223	-0.412053	0.081459	
A/whooper_swan/Henan/T578	0.3072	0.2757	0.4102	0.2787	0.166	-0.086	0.373	52.93	0.426	0.446	4012	4245	-0.412156	0.080565	
A/whooper_swan/Henan/T874	0.3072	0.2757	0.4102	0.2787	0.166	-0.086	0.373	52.93	0.426	0.446	4012	4245	-0.412156	0.080565	
A/whooper_swan/Henan/T880	0.3072	0.2761	0.4097	0.2789	0.166	-0.085	0.374	52.93	0.426	0.446	4018	4251	-0.410398	0.080452	
A/whooper_swan/Henan/T886	0.3072	0.2757	0.4102	0.2787	0.166	-0.086	0.373	52.93	0.426	0.446	4012	4245	-0.412156	0.080565	
A/whooper_swan/Henan/T888	0.3072	0.2761	0.4097	0.2789	0.166	-0.085	0.374	52.93	0.426	0.446	4018	4251	-0.410398	0.080452	
A/whooper_swan/Henan/Y120	0.3069	0.2757	0.4106	0.2785	0.166	-0.086	0.373	52.95	0.426	0.446	4011	4245	-0.412839	0.080565	
A/whooper_swan/Inner_Mong	0.3022	0.2725	0.4068	0.2871	0.166	-0.075	0.378	52.88	0.431	0.449	4006	4236	-0.397852	0.081681	
A/Whooper_Swan/Sanmenxia/	0.3038	0.2714	0.4096	0.2839	0.169	-0.066	0.384	53.14	0.428	0.448	4024	4255	-0.402021	0.081551	
A/Whooper_swan/Sanmenxia/	0.3026	0.2717	0.4061	0.2881	0.166	-0.075	0.378	53.01	0.431	0.449	4012	4242	-0.395144	0.081565	
A/Whooper_swan/Sanmenxia/	0.3059	0.2696	0.4085	0.2839	0.165	-0.078	0.376	52.96	0.426	0.448	4011	4242	-0.398515	0.081801	
A/Whooper_swan/Sanmenxia/	0.3029	0.2726	0.4061	0.2871	0.166	-0.073	0.379	53.00	0.431	0.449	4011	4242	-0.396417	0.081565	
A/Whooper_swan/Sanmenxia/	0.3059	0.2696	0.4088	0.2835	0.166	-0.078	0.377	52.96	0.426	0.447	4011	4242	-0.398515	0.081801	
A/Whooper_swan/Sanmenxia/	0.3022	0.2728	0.4072	0.2859	0.166	-0.073	0.379	52.93	0.430	0.449	4011	4242	-0.396888	0.081330	
A/Whooper_swan/Sanmenxia/	0.3026	0.2720	0.4053	0.2884	0.166	-0.074	0.379	52.98	0.431	0.449	4012	4242	-0.393140	0.081565	
A/Whooper_swan/Sanmenxia/	0.3033	0.2724	0.4071	0.2857	0.167	-0.074	0.379	52.93	0.430	0.449	4010	4242	-0.397572	0.081565	
A/Whooper_swan/Sanmenxia/	0.3026	0.2729	0.4067	0.2864	0.167	-0.073	0.379	52.93	0.431	0.449	4011	4242	-0.396299	0.081565	
A/Whooper_swan/Sanmenxia/	0.3029	0.2723	0.4083	0.2849	0.167	-0.072	0.380	52.94	0.429	0.449	4011	4242	-0.395380	0.081565	
A/Whooper_swan/Sanmenxia/	0.3037	0.2719	0.4064	0.2864	0.166	-0.075	0.378	53.03	0.430	0.449	4011	4242	-0.396747	0.081565	
A/Whooper_swan/Sanmenxia/	0.3029	0.2726	0.4061	0.2871	0.166	-0.073	0.379	53.00	0.431	0.449	4011	4242	-0.396417	0.081565	
A/Whooper_swan/Sanmenxia/	0.3026	0.2717	0.4064	0.2877	0.166	-0.074	0.379	53.00	0.431	0.449	4012	4242	-0.395144	0.081565	
A/Whooper_swan/Sanmenxia/	0.3023	0.2732	0.4080	0.2850	0.167	-0.073	0.379	52.96	0.430	0.449	4011	4242	-0.396393	0.081565	
A/Whooper_swan/Sanmenxia/	0.3022	0.2731	0.4064	0.2867	0.167	-0.073	0.379	52.95	0.431	0.449	4011	4242	-0.397053	0.081330	
A/Whooper_swan/Sanmenxia/	0.3026	0.2729	0.4067	0.2864	0.167	-0.073	0.379	52.93	0.431	0.449	4011	4242	-0.396299	0.081565	
A/Whooper_swan/Sanmenxia/	0.3016	0.2737	0.4078	0.2850	0.166	-0.073	0.379	52.93	0.430	0.449	4011	4242	-0.395050	0.081565	
A/Whooper_swan/Sanmenxia/	0.3026	0.2729	0.4080	0.2850	0.167	-0.073	0.379	52.95	0.430	0.449	4011	4242	-0.396393	0.081565	
A/Whooper_swan/Sanmenxia/	0.3016	0.2737	0.4082	0.2846	0.166	-0.073	0.379	52.93	0.430	0.449	4011	4242	-0.394955	0.081565	
A/Whooper_swan/Sanmenxia/	0.3022	0.2734	0.4075	0.2854	0.167	-0.073	0.380	52.96	0.430	0.449	4011	4242	-0.396016	0.081565	
A/Whooper_swan/Sanmenxia/	0.3016	0.2737	0.4078	0.2850	0.166	-0.073	0.379	52.93	0.430	0.449	4011	4242	-0.395050	0.081565	
A/Whooper_swan/Sanmenxia/	0.3029	0.2726	0.4061	0.2871	0.166	-0.073	0.379	53.00	0.431	0.449	4011	4242	-0.396417	0.081565	
A/Whooper_swan/Sanmenxia/	0.3026	0.2729	0.4062	0.2870	0.166	-0.076	0.378	52.93	0.431	0.449	4011	4242	-0.397478	0.081565	
A/Whooper_swan/Sanmenxia/	0.3026	0.2729	0.4082	0.2845	0.167	-0.073	0.379	52.89	0.429	0.449	4011	4242	-0.395663	0.081565	
A/whooper_swan/Shaanxi/SX	0.3034	0.2721	0.4063	0.2872	0.167	-0.074	0.379	52.99	0.430	0.449	4005	4236	-0.400638	0.081681	
A/whooper_swan/Shaanxi/SX	0.3029	0.2720	0.4084	0.2851	0.167	-0.074	0.379	52.83	0.429	0.448	4005	4236	-0.397923	0.081681	
A/whooper_swan/Shaanxi/SX	0.3033	0.2720	0.4082	0.2846	0.167	-0.074	0.379	52.86	0.429	0.449	4005	4236	-0.397309	0.081681	
A/whooper_swan/Shandong/S	0.3026	0.2710	0.4072	0.2872	0.165	-0.076	0.378	53.04	0.430	0.449	4005	4236	-0.399174	0.081681	
A/whooper_swan/Shandong/S	0.3029	0.2704	0.4073	0.2877	0.165	-0.076	0.378	53.05	0.430	0.449	4005	4236	-0.399788	0.081681	
A/whooper_swan/Shandong/S	0.3029	0.2707	0.4072	0.2872	0.165	-0.076	0.378	53.01	0.430	0.449	4005	4236	-0.397781	0.081681	
A/whooper_swan/Shandong/S	0.3033	0.2709	0.4070	0.2880	0.166	-0.083	0.374	53.10	0.430	0.448	4020	4249	-0.398541	0.081431	
A/whooper_swan/Shandong/S	0.3023	0.2716	0.4066	0.2876	0.166	-0.074	0.379	53.06	0.431	0.449	4005	4236	-0.399339	0.081681	
A/whooper_swan/Shandong/S	0.3027	0.2711	0.4063	0.2883	0.165	-0.076	0.378	53.05	0.431	0.449	4005	4236	-0.397734	0.081681	
A/whooper_swan/Shandong/S	0.3024	0.2711	0.4069	0.2879	0.166	-0.075	0.378	53.05	0.430	0.449	4005	4236	-0.397805	0.081681	
A/whooper_swan/Shanxi/4-1	0.3022	0.2731	0.4082	0.2848	0.166	-0.074	0.379	52.97	0.430	0.449	4005	4236	-0.398135	0.081681	
A/whooper_swan/Shanxi/4-2	0.3023	0.2732	0.4082	0.2848	0.166	-0.074	0.379	52.97	0.430	0.449	4005	4236	-0.398867	0.081681	
A/whooper_swan/Shanxi/14/	0.3011	0.2800	0.4073	0.2828	0.170	-0.069	0.383	52.78	0.433	0.449	3976	4209	-0.409812	0.081730	
A/whooper_swan/Shanxi/20/	0.3014	0.2800	0.4073	0.2824	0.170	-0.069	0.383	52.79	0.432	0.449	3976	4209	-0.409812	0.081730	
A/whooper_swan/Shanxi/RC0	0.3041	0.2714	0.4091	0.2839	0.169	-0.065	0.384	53.13	0.428	0.448	4023	4255	-0.402679	0.081551	
A/whooper_swan/Shanxi/SX1	0.3020	0.2732	0.4066	0.2865	0.167	-0.074	0.379	52.94	0.431	0.449	4006	4236	-0.400945	0.081681	
A/whooper_swan/Shanxi/SX3	0.3026	0.2723	0.4080	0.2859	0.167	-0.074	0.379	52.86	0.430	0.449	4006	4236	-0.398489	0.081917	
A/whooper_swan/Shanxi/SX5	0.3026	0.2725	0.4066	0.2865	0.167	-0.074	0.379	52.95	0.431	0.449	4006	4236	-0.400968	0.081445	
A/whooper_swan/Shanxi/SX1	0.3028	0.2724	0.4086	0.2852	0.167	-0.073	0.380	52.87	0.429	0.448	4005	4236	-0.400661	0.081917	
A/whooper_swan/Shanxi/SX1	0.3063	0.2696	0.4116	0.2848	0.168	-0.080	0.376	52.61	0.425	0.445	4020	4248	-0.409016	0.080979	
A/whooper_swan/Shanxi/SX1	0.3029	0.2723	0.4072	0.2862	0.167	-0.073	0.379	52.90	0.430	0.449	4005	4236	-0.397663	0.081681	
A/whooper_swan/Shanxi/SX2	0.3033	0.2720	0.4072	0.2862	0.167	-0.074	0.379	52.94	0.430	0.448	4005	4236	-0.398324	0.081681	
A/whooper_swan/Shanxi/SX2	0.3027	0.2726	0.4073	0.2860	0.167	-0.073	0.379	52.96	0.430	0.449	4004	4236	-0.398961	0.081681	
A/whooper_swan/Shanxi/SX2	0.3023	0.2726	0.4075	0.2862	0.167	-0.072	0.380	52.95	0.430	0.449	4005	4236	-0.398206	0.081681	
A/whooper_swan/Shanxi/SX2	0.3021	0.2723	0.4083	0.2859	0.167	-0.074	0.379	52.87	0.430	0.449	4004	4236	-0.399551	0.081681	
A/whooper_swan/Shanxi/SX2	0.3021	0.2726	0.4082	0.2859	0.167	-0.073	0.380	52.90	0.430	0.449	4005	4236	-0.401086	0.081681	
A/whooper_swan/Shanxi/SX2	0.3033	0.2720	0.4067	0.2867	0.167	-0.073	0.380	53.02	0.430	0.449	4004	4236	-0.398796	0.081681	
A/whooper_swan/Shanxi/SX3	0.3036	0.2713	0.4066	0.2873	0.167	-0.074	0.379	52.95	0.430	0.449	4005	4236	-0.398135	0.081681	
A/Wigeon/Ningxia/476-12/2	0.2977	0.2673	0.4247	0.2820	0.162	-0.096	0.367	52.60	0.422	0.445	4002	4233	-0.416253	0.078904	
A/wild_bird/Eastern_China	0.2993	0.2793	0.4077	0.2874	0.167	-0.076	0.379	53.43	0.435	0.449	4018	4245	-0.414040	0.081037	
A/wild_bird/Eastern_China	0.2991	0.2800	0.4085	0.2860	0.168	-0.076	0.379	53.47	0.434	0.449	4017	4245	-0.416608	0.081272	
A/wild_bird/Eastern_China	0.2991	0.2797	0.4076	0.2872	0.167	-0.075	0.380	53.47	0.435	0.449	4016	4245	-0.415972	0.081272	
A/wild_bird/Hubei/12.12_L	0.3042	0.2706	0.4139	0.2785	0.169	-0.068	0.382	52.67	0.423	0.446	4017	4249	-0.400659	0.081431	
A/wild_bird/Hunan/01.14_Y	0.2972	0.2658	0.4318	0.2767	0.165	-0.085	0.373	52.09	0.416	0.444	4000	4233	-0.420033	0.078668	
A/wild_bird/Hunan/01.14_Y	0.2972	0.2651	0.4270	0.2837	0.164	-0.092	0.370	52.21	0.421	0.445	3986	4220	-0.418033	0.078910	
A/wild_bird/Hunan/02.24_Y	0.2964	0.2672	0.4303	0.2775	0.165	-0.084	0.373	52.24	0.418	0.444	4003	4233	-0.411836	0.078904	
A/wild_bird/Hunan/02.24_Y	0.2960	0.2675	0.4303	0.2775	0.165	-0.083	0.374	52.24	0.418	0.444	4003	4233	-0.411836	0.078904	
A/wild_bird/Hunan/03.08_D	0.2960	0.2675	0.4303	0.2775	0.165	-0.083	0.374	52.24	0.418	0.445	4003	4233	-0.411836	0.078904	
A/wild_bird/Taipei/04WB12	0.2919	0.2803	0.4087	0.2924	0.164	-0.095	0.368	52.88	0.439	0.450	4018	4252	-0.405997	0.079727	
A/wild_bird/Zhejiang/NBXS	0.2894	0.2760	0.4209	0.2840	0.165	-0.081	0.375	52.14	0.431	0.450	3998	4225	-0.415740	0.080000	
A/wild_duck/Fujian/1/2011	0.3102	0.2658	0.4161	0.2794	0.167	-0.078	0.377	52.93	0.418	0.444	3998	4224	-0.409280	0.081439	
A/wild_duck/Fujian/2/2011	0.3107	0.2654	0.4152	0.2802	0.168	-0.076	0.379	52.96	0.418	0.444	3999	4224	-0.408736	0.081439	
A/wild_duck/Hebei/SD012/2	0.2996	0.2814	0.4035	0.2857	0.169	-0.068	0.384	52.79	0.436	0.450	4018	4248	-0.403060	0.081921	
A/wild_duck/Hunan/12.28_D	0.2961	0.2837	0.4075	0.2843	0.170	-0.078	0.379	52.36	0.437	0.450	4015	4247	-0.422063	0.080292	
A/wild_duck/Jiangsu/SD019	0.3036	0.2711	0.4069	0.2868	0.165	-0.079	0.376	52.95	0.429	0.448	4005	4236	-0.394311	0.081917	
A/wild_duck/Jilin/HF/2011	0.3014	0.2749	0.4114	0.2858	0.171	-0.066	0.385	53.18	0.430	0.446	3995	4223	-0.406938	0.081932	
A/wild_duck/Jilin/ZF/2011	0.2983	0.2787	0.4120	0.2857	0.171	-0.066	0.385	52.88	0.432	0.446	3994	4223	-0.410609	0.081932	
A/wild_duck/Shandong/1/20	0.3055	0.2774	0.4176	0.2703	0.172	-0.063	0.387	53.22	0.421	0.443	3990	4224	-0.403646	0.082623	
A/wild_duck/Shandong/2/20	0.3082	0.2691	0.4146	0.2812	0.170	-0.069	0.384	53.13	0.422	0.443	3991	4223	-0.415818	0.081695	
A/wild_duck/Shandong/628/	0.3071	0.2699	0.4234	0.2691	0.171	-0.075	0.380	52.10	0.415	0.442	3997	4228	-0.405535	0.081362	
A/wild_duck/Shandong/SC17	0.3027	0.2711	0.4073	0.2873	0.166	-0.076	0.378	53.01	0.430	0.449	4005	4236	-0.396884	0.081917	
A/wild_goose/Shandong/SC1	0.3027	0.2711	0.4063	0.2883	0.166	-0.075	0.378	53.06	0.431	0.449	4005	4236	-0.398607	0.081681	
A/wild_pigeon/Jilin/CC01/	0.3016	0.2676	0.4248	0.2778	0.162	-0.093	0.369	52.45	0.418	0.444	4002	4233	-0.413844	0.078904	
A/wildfowl/China/472/2014	0.3067	0.2651	0.4150	0.2867	0.168	-0.085	0.374	52.97	0.422	0.441	4007	4232	-0.390761	0.080104	
A/Xinjiang/1/2006|EPI_ISL	0.3112	0.2700	0.4113	0.2783	0.170	-0.077	0.379	52.82	0.421	0.444	3993	4224	-0.415009	0.081676	
A/Xinjiang/1/2009|EPI_ISL	0.3077	0.2705	0.4209	0.2720	0.170	-0.070	0.383	52.60	0.417	0.443	3995	4223	-0.410656	0.081695	
A/Yunnan/14563/2015|EPI_I	0.2867	0.2763	0.4267	0.2834	0.165	-0.080	0.376	52.08	0.430	0.446	3993	4224	-0.421544	0.079309	
A/Yunnan/DQ002/2015(H5N6)	0.2883	0.2758	0.4259	0.2826	0.165	-0.080	0.376	52.11	0.429	0.446	3991	4224	-0.422846	0.079309	
A/Zhejiang/1/2006|EPI_ISL	0.3079	0.2704	0.4135	0.2806	0.171	-0.074	0.381	52.86	0.423	0.444	3994	4223	-0.412953	0.081695	
A/Anas_platyrhynchos/jiuj	0.3000	0.2803	0.3995	0.2913	0.168	-0.077	0.379	53.02	0.439	0.449	4018	4254	-0.403573	0.081570	
A/Anas_crecca/Hubei/Chenh	0.2989	0.2710	0.4245	0.2795	0.163	-0.086	0.373	52.66	0.421	0.444	4015	4244	-0.414043	0.078464	
A/Anhui/1/2006_H5N1|GCA_0	0.3107	0.2664	0.4168	0.2785	0.170	-0.075	0.380	52.80	0.418	0.443	3935	4167	-0.419294	0.082313	
A/Anhui/1/2007_H5N1|GCA_0	0.3093	0.2673	0.4168	0.2797	0.169	-0.081	0.377	52.99	0.419	0.444	3949	4181	-0.418369	0.082277	
A/Anhui/2/2005_H5N1|GCA_0	0.3071	0.2708	0.4161	0.2786	0.171	-0.071	0.382	52.68	0.421	0.443	3994	4223	-0.410419	0.082169	
A/Anser_cygnoides/China/P	0.3137	0.2653	0.4115	0.2810	0.165	-0.085	0.374	52.96	0.419	0.444	3993	4223	-0.400710	0.081459	
A/Anser_cygnoides/Hubei/F	0.3042	0.2706	0.4140	0.2787	0.169	-0.070	0.382	52.66	0.423	0.446	4017	4249	-0.400376	0.081666	
A/Anser_fabalis/jiujiang/	0.3001	0.2804	0.3991	0.2920	0.169	-0.076	0.380	52.94	0.440	0.449	4018	4254	-0.403362	0.081805	
A/Anser_fabalis/jiujiang/	0.2990	0.2811	0.3998	0.2913	0.168	-0.075	0.380	53.02	0.440	0.449	4019	4254	-0.405289	0.081570	
A/Anser_fabalis/jiujiang/	0.3000	0.2806	0.3992	0.2913	0.168	-0.077	0.379	53.03	0.439	0.449	4018	4254	-0.403573	0.081570	
A/Bulbul/Taiwan/01156/201	0.3043	0.2729	0.4089	0.2874	0.166	-0.084	0.374	53.13	0.429	0.444	4031	4261	-0.411570	0.080498	
A/Changsha/1/2014_H5N6|GC	0.2978	0.2692	0.4248	0.2802	0.163	-0.093	0.369	52.07	0.422	0.445	4002	4232	-0.410397	0.078922	
A/China/Original/2018_H5N	0.2955	0.2701	0.4268	0.2797	0.167	-0.079	0.377	51.97	0.422	0.445	4001	4232	-0.410113	0.078686	
A/Chlidonias_hybrida/Hube	0.3023	0.2720	0.4073	0.2870	0.168	-0.070	0.381	53.01	0.430	0.449	4011	4242	-0.396983	0.081330	
A/Commom_Teal/Ningxia/474	0.2958	0.2705	0.4217	0.2836	0.163	-0.093	0.369	52.65	0.425	0.446	4003	4233	-0.414269	0.078904	
A/Copsychus_saularis/Guan	0.2980	0.2694	0.4264	0.2784	0.162	-0.094	0.368	52.33	0.420	0.445	4002	4233	-0.413560	0.078904	
A/Cygnus_atratus/Hubei/2Z	0.3055	0.2691	0.4095	0.2843	0.170	-0.066	0.384	53.30	0.426	0.447	4017	4249	-0.403036	0.081666	
A/Cygnus_atratus/Hubei/HF	0.3045	0.2697	0.4102	0.2838	0.169	-0.067	0.383	53.14	0.427	0.447	4018	4249	-0.403083	0.081666	
A/Cygnus_columbianus/Hube	0.3016	0.2734	0.4083	0.2850	0.167	-0.072	0.380	52.82	0.430	0.449	4011	4242	-0.396629	0.081565	
A/Cygnus_columbianus/Hube	0.3029	0.2726	0.4087	0.2844	0.166	-0.075	0.378	52.87	0.429	0.448	4011	4242	-0.396063	0.081565	
A/Cygnus_columbianus/Hube	0.3037	0.2710	0.4077	0.2859	0.166	-0.075	0.378	52.88	0.429	0.449	4011	4242	-0.397949	0.081565	
A/Cygnus_columbianus/Hube	0.3023	0.2729	0.4077	0.2857	0.167	-0.073	0.379	52.93	0.430	0.449	4011	4242	-0.396393	0.081565	
A/Cygnus_columbianus/Hube	0.3029	0.2729	0.4077	0.2851	0.167	-0.072	0.380	52.88	0.430	0.449	4011	4242	-0.394838	0.081801	
A/Cygnus_columbianus/Hube	0.3028	0.2725	0.4067	0.2863	0.167	-0.074	0.379	52.96	0.430	0.449	4011	4242	-0.395733	0.081565	
A/Cygnus_columbianus/Hube	0.3022	0.2737	0.4071	0.2854	0.167	-0.071	0.380	52.94	0.431	0.449	4011	4242	-0.398821	0.081565	
A/Duck/Dongting/D76-1/201	0.2961	0.2837	0.4065	0.2854	0.170	-0.077	0.379	52.42	0.438	0.450	4015	4247	-0.420980	0.080292	
A/Duck/Jiangxi/631/2024_H	0.3069	0.2741	0.4010	0.2894	0.168	-0.075	0.380	52.78	0.433	0.448	4002	4235	-0.406871	0.082409	
A/Falcated_Duck/Ningxia/4	0.2966	0.2677	0.4236	0.2833	0.163	-0.095	0.367	52.48	0.423	0.446	4002	4233	-0.415757	0.078904	
A/Ferruginous_Pochard/Nin	0.2969	0.2680	0.4225	0.2841	0.162	-0.099	0.365	52.53	0.424	0.446	4002	4233	-0.414978	0.078904	
A/Gadwall/Ningxia/472-7/2	0.2981	0.2683	0.4238	0.2811	0.162	-0.094	0.368	52.64	0.422	0.446	4002	4233	-0.415497	0.078904	
A/Gallinula_chloropus/Gua	0.2975	0.2692	0.4270	0.2783	0.161	-0.094	0.367	52.28	0.420	0.445	4003	4233	-0.412899	0.078904	
A/Guangdong/1/2008_H5N1|G	0.3084	0.2689	0.4213	0.2751	0.169	-0.075	0.381	52.73	0.417	0.442	3949	4181	-0.418465	0.082516	
A/Guangdong/2/2006_H5N1|G	0.3091	0.2668	0.4172	0.2802	0.171	-0.072	0.382	52.53	0.419	0.443	3951	4181	-0.416957	0.082277	
A/Guangdong/lgf/2021_H5N6	0.2878	0.2768	0.4259	0.2789	0.165	-0.078	0.377	52.16	0.428	0.447	4006	4238	-0.415385	0.079283	
A/Guangxi/1/2005_H5N1|GCA	0.3072	0.2718	0.4137	0.2803	0.171	-0.071	0.383	52.79	0.423	0.445	3991	4223	-0.418541	0.081695	
A/Guangxi/1/2008_H5N1|GCA	0.3098	0.2673	0.4144	0.2818	0.169	-0.081	0.377	53.00	0.421	0.443	3952	4181	-0.415977	0.082277	
A/Guangzhou/39715/2014_H5	0.2978	0.2695	0.4238	0.2814	0.163	-0.091	0.370	52.38	0.422	0.445	4003	4233	-0.420364	0.078904	
A/Guizhou/1/2009_H5N1|GCA	0.3064	0.2697	0.4197	0.2766	0.170	-0.063	0.387	52.74	0.419	0.443	3950	4181	-0.416408	0.082038	
A/Hunan/1/2008_H5N1|GCA_0	0.3154	0.2636	0.4108	0.2850	0.171	-0.078	0.379	52.90	0.420	0.442	3947	4181	-0.418249	0.082516	
A/Hunan/2/2009_H5N1|GCA_0	0.3090	0.2679	0.4184	0.2771	0.170	-0.065	0.386	52.86	0.418	0.443	3951	4181	-0.415092	0.082038	
A/Japanese_white-eye/Taoy	0.3078	0.2691	0.4164	0.2799	0.167	-0.082	0.376	53.02	0.421	0.444	3996	4223	-0.415676	0.081695	
A/Nanjing/1/2015_H5N1|GCA	0.2994	0.2716	0.4071	0.2955	0.165	-0.086	0.374	52.91	0.434	0.447	3991	4223	-0.415439	0.081459	
A/Northern_Shoveler/Ningx	0.2984	0.2673	0.4246	0.2812	0.161	-0.094	0.368	52.66	0.421	0.445	4003	4233	-0.414316	0.078904	
A/Pavo_cristatus/China/JS	0.2963	0.2683	0.4307	0.2760	0.165	-0.080	0.377	51.79	0.418	0.444	4000	4232	-0.420723	0.078922	
A/Pavo_cristatus/China/K1	0.2963	0.2683	0.4307	0.2760	0.165	-0.080	0.377	51.79	0.418	0.444	4000	4232	-0.420723	0.078922	
A/Pavo_cristatus/Jiangxi/	0.2946	0.2702	0.4297	0.2767	0.164	-0.083	0.374	51.84	0.420	0.445	3999	4232	-0.413942	0.078922	
A/Rattus_norvegicus/China	0.3023	0.2625	0.4339	0.2723	0.164	-0.091	0.371	51.66	0.411	0.441	4004	4232	-0.414721	0.079159	
A/Shandong/1/2009_H5N1|GC	0.3125	0.2656	0.4191	0.2760	0.169	-0.075	0.381	52.56	0.415	0.442	3948	4181	-0.421837	0.082516	
A/Spatula_querquedula/cho	0.3001	0.2807	0.3983	0.2929	0.169	-0.077	0.379	52.89	0.440	0.449	4018	4254	-0.403385	0.081805	
A/Syrrhaptes_paradoxus/Gu	0.2957	0.2698	0.4295	0.2773	0.163	-0.087	0.372	52.15	0.420	0.445	4000	4233	-0.416962	0.078904	
A/Taiwan/DV413/2006_H5N2|	0.3111	0.2709	0.4123	0.2768	0.165	-0.087	0.372	52.84	0.421	0.444	4011	4238	-0.407881	0.081170	
A/Taiwan/DV518/2006_H5N2|	0.3120	0.2700	0.4117	0.2774	0.164	-0.089	0.371	52.87	0.420	0.444	4011	4238	-0.409556	0.080934	
A/Whooper_Swan/Sanmenxia/	0.3038	0.2714	0.4096	0.2839	0.169	-0.066	0.384	53.14	0.428	0.448	4024	4255	-0.402021	0.081551	
A/Wild_bird/Huadong/CIXI2	0.3032	0.2719	0.4063	0.2871	0.166	-0.075	0.378	52.96	0.430	0.449	4005	4236	-0.398442	0.081681	
A/Wild_bird/Huadong/CM120	0.3001	0.2723	0.4067	0.2948	0.165	-0.086	0.374	53.08	0.434	0.446	3988	4223	-0.411272	0.081932	
A/Wild_bird/Huadong/DF10/	0.2980	0.2682	0.4251	0.2786	0.163	-0.086	0.373	52.47	0.420	0.445	4003	4232	-0.410161	0.079395	
A/Wild_bird/Huadong/DT10/	0.3039	0.2713	0.4173	0.2799	0.166	-0.084	0.374	52.72	0.423	0.444	3995	4223	-0.407341	0.081695	
A/Wild_bird/Huadong/GY116	0.2976	0.2688	0.4246	0.2789	0.163	-0.086	0.373	52.46	0.421	0.446	4003	4232	-0.409830	0.079631	
A/Wild_bird/Huadong/GY183	0.3004	0.2644	0.4373	0.2698	0.166	-0.082	0.376	51.83	0.410	0.440	3999	4232	-0.417439	0.078922	
A/Wild_bird/Huadong/GY999	0.2968	0.2703	0.4302	0.2732	0.164	-0.086	0.373	51.73	0.418	0.444	3997	4231	-0.419097	0.079177	
A/Wild_bird/Huadong/JYWB4	0.3087	0.2682	0.4139	0.2827	0.168	-0.078	0.378	52.92	0.422	0.444	3997	4223	-0.413971	0.081695	
A/Wild_bird/Huadong/QP10/	0.2963	0.2704	0.4322	0.2734	0.165	-0.082	0.375	52.11	0.417	0.444	3999	4232	-0.421550	0.079395	
A/Wild_bird/Huadong/SH17/	0.2985	0.2681	0.4248	0.2787	0.163	-0.086	0.372	52.40	0.420	0.445	4004	4232	-0.409239	0.079395	
A/Wild_bird/Huadong/SSW7/	0.2996	0.2664	0.4334	0.2721	0.165	-0.087	0.372	51.86	0.413	0.442	3996	4231	-0.416852	0.079414	
A/Wild_bird/Huadong/SZ111	0.2945	0.2720	0.4315	0.2736	0.164	-0.082	0.375	52.12	0.419	0.444	4004	4233	-0.417316	0.079613	
A/Wild_bird/Huadong/YC148	0.2996	0.2664	0.4339	0.2718	0.165	-0.087	0.373	51.81	0.413	0.442	3997	4232	-0.416564	0.079159	
A/Wild_bird/Huadong/YX68/	0.2982	0.2684	0.4248	0.2786	0.163	-0.086	0.373	52.48	0.420	0.445	4004	4232	-0.410255	0.079395	
A/Xinjiang/1/2009_H5N1|GC	0.3080	0.2682	0.4235	0.2720	0.170	-0.071	0.383	52.46	0.415	0.442	3954	4181	-0.417556	0.082038	
A/Yangzhou/125/2022_H5N6|	0.2857	0.2741	0.4233	0.2890	0.162	-0.087	0.372	52.51	0.432	0.449	4007	4233	-0.412804	0.078668	
A/avian/Hong_Kong/0719/20	0.3062	0.2714	0.4151	0.2790	0.169	-0.077	0.379	52.76	0.422	0.445	3993	4223	-0.410467	0.081932	
A/avian/Hong_Kong/1993/20	0.3070	0.2709	0.4148	0.2794	0.169	-0.077	0.379	52.84	0.422	0.444	3993	4223	-0.410751	0.081932	
A/avian/Hong_Kong/2372/20	0.3078	0.2702	0.4154	0.2783	0.170	-0.077	0.379	52.79	0.421	0.444	3993	4223	-0.408951	0.081932	
A/baikal_teal/Xianghai/42	0.3011	0.2784	0.4033	0.2890	0.170	-0.075	0.380	52.39	0.436	0.450	4014	4245	-0.413899	0.080801	
A/bar-headed_goose/Qingha	0.3065	0.2733	0.4160	0.2741	0.171	-0.074	0.380	52.79	0.421	0.445	3993	4224	-0.424172	0.081913	
A/bar-headed_goose/Tibet/	0.3079	0.2733	0.4155	0.2747	0.172	-0.075	0.380	52.81	0.421	0.444	3994	4224	-0.419579	0.082386	
A/black_chicken/Jiangxi/1	0.3018	0.2683	0.4242	0.2807	0.164	-0.086	0.374	52.66	0.420	0.443	4013	4244	-0.415245	0.078699	
A/brown-headed_gull/Qingh	0.3059	0.2711	0.4142	0.2821	0.170	-0.071	0.383	53.06	0.424	0.445	3990	4223	-0.414563	0.082406	
A/brown-headed_gull/Qingh	0.3063	0.2716	0.4137	0.2816	0.170	-0.072	0.382	52.98	0.424	0.445	3992	4223	-0.406844	0.081932	
A/canvasback/Xianghai/428	0.3011	0.2817	0.3989	0.2897	0.170	-0.072	0.382	52.87	0.439	0.451	4015	4245	-0.414770	0.080801	
A/cat/Sichuan/SC18/2014_H	0.2990	0.2716	0.4233	0.2805	0.165	-0.080	0.377	52.79	0.422	0.444	4012	4244	-0.417413	0.078464	
A/cat/Zhejiang/C1/2016_H5	0.2835	0.2774	0.4315	0.2801	0.166	-0.080	0.376	51.57	0.429	0.446	3995	4224	-0.419153	0.079309	
A/cat/Zhejiang/C2/2016_H5	0.2866	0.2735	0.4307	0.2806	0.166	-0.083	0.374	51.35	0.426	0.446	3996	4224	-0.414702	0.079072	
A/chicken/Anhui/MZ33/2016	0.2861	0.2757	0.4294	0.2802	0.165	-0.080	0.376	51.59	0.428	0.446	3995	4224	-0.408878	0.079309	
A/chicken/Anhui/MZ34/2016	0.2856	0.2759	0.4296	0.2799	0.165	-0.080	0.376	51.57	0.428	0.446	3995	4224	-0.408428	0.079309	
A/chicken/Beijing/BJ7/201	0.3036	0.2738	0.4128	0.2836	0.169	-0.072	0.381	52.45	0.427	0.443	4004	4232	-0.408129	0.080813	
A/chicken/CH/a556/2015_H5	0.3230	0.2583	0.4320	0.2563	0.169	-0.082	0.376	51.93	0.395	0.434	3989	4225	-0.409562	0.080237	
A/chicken/Changhua/150101	0.2988	0.2810	0.4145	0.2766	0.168	-0.081	0.376	51.91	0.429	0.446	4023	4254	-0.406488	0.080395	
A/chicken/Changhua/150102	0.2991	0.2807	0.4141	0.2769	0.168	-0.081	0.376	51.92	0.429	0.445	4023	4254	-0.406464	0.080395	
A/chicken/Changhua/150103	0.2995	0.2804	0.4138	0.2775	0.168	-0.081	0.376	51.96	0.429	0.445	4022	4254	-0.407663	0.080395	
A/chicken/Changhua/150103	0.2990	0.2809	0.4143	0.2767	0.168	-0.080	0.377	51.92	0.429	0.446	4023	4254	-0.406817	0.080630	
A/chicken/Changhua/150103	0.2987	0.2815	0.4143	0.2765	0.168	-0.081	0.376	51.98	0.429	0.445	4023	4254	-0.405947	0.080395	
A/chicken/Changhua/150103	0.2985	0.2813	0.4148	0.2761	0.168	-0.080	0.376	51.97	0.429	0.445	4024	4254	-0.403385	0.080160	
A/chicken/Changhua/150400	0.3067	0.2686	0.4267	0.2662	0.168	-0.086	0.373	52.13	0.412	0.441	4034	4263	-0.400352	0.081163	
A/chicken/Changhua/150400	0.3080	0.2667	0.4257	0.2678	0.168	-0.088	0.371	52.00	0.412	0.441	4033	4263	-0.402135	0.081163	
A/chicken/Changhua/150400	0.3079	0.2674	0.4249	0.2681	0.168	-0.088	0.372	52.18	0.412	0.441	4033	4263	-0.400070	0.081163	
A/chicken/Changhua/150400	0.3079	0.2674	0.4249	0.2680	0.168	-0.087	0.372	52.13	0.412	0.441	4033	4263	-0.401290	0.081163	
A/chicken/Changhua/150500	0.2987	0.2812	0.4145	0.2762	0.168	-0.079	0.377	52.01	0.429	0.446	4023	4254	-0.405078	0.080395	
A/chicken/Changhua/150500	0.3021	0.2725	0.4161	0.2775	0.168	-0.083	0.374	52.49	0.424	0.446	4030	4262	-0.401619	0.081183	
A/chicken/Changhua/150600	0.2983	0.2808	0.4143	0.2765	0.168	-0.079	0.377	51.96	0.429	0.446	4024	4254	-0.402727	0.080395	
A/chicken/Changhua/150600	0.3027	0.2716	0.4157	0.2777	0.168	-0.084	0.374	52.52	0.423	0.446	4029	4262	-0.399601	0.081183	
A/chicken/Changhua/150600	0.2979	0.2813	0.4132	0.2787	0.167	-0.081	0.376	52.06	0.431	0.446	4023	4254	-0.403714	0.080395	
A/chicken/Changhua/151200	0.3000	0.2807	0.4156	0.2742	0.168	-0.078	0.378	52.07	0.427	0.445	4022	4254	-0.403268	0.080395	
A/chicken/Changhua/160100	0.2971	0.2802	0.4167	0.2764	0.166	-0.083	0.375	51.84	0.428	0.445	4022	4254	-0.405078	0.080395	
A/chicken/Changhua/170600	0.3027	0.2756	0.4157	0.2764	0.167	-0.080	0.376	51.81	0.424	0.444	4029	4261	-0.405046	0.080498	
A/chicken/Changhua/180400	0.2973	0.2801	0.4123	0.2816	0.167	-0.080	0.376	52.26	0.432	0.446	4024	4254	-0.401316	0.080160	
A/chicken/Chiayi/15010287	0.2990	0.2809	0.4139	0.2770	0.168	-0.080	0.377	51.94	0.429	0.446	4023	4254	-0.406582	0.080395	
A/chicken/Chiayi/15010409	0.2984	0.2812	0.4159	0.2756	0.168	-0.081	0.376	51.88	0.428	0.445	4023	4254	-0.401740	0.080395	
A/chicken/Chiayi/15010454	0.3036	0.2713	0.4168	0.2766	0.168	-0.083	0.374	52.46	0.422	0.445	4030	4262	-0.402276	0.081183	
A/chicken/Chiayi/17040009	0.2975	0.2806	0.4148	0.2788	0.168	-0.076	0.379	52.02	0.430	0.445	4022	4254	-0.403503	0.080630	
A/chicken/Chiayi/18120003	0.3020	0.2763	0.4070	0.2866	0.170	-0.070	0.382	52.68	0.432	0.447	4024	4254	-0.399765	0.080160	
A/chicken/China/007/2019_	0.2955	0.2693	0.4285	0.2770	0.164	-0.090	0.370	52.20	0.420	0.445	4000	4232	-0.410822	0.078922	
A/chicken/China/1101/2019	0.2975	0.2683	0.4230	0.2819	0.162	-0.091	0.369	52.58	0.423	0.446	4002	4232	-0.414981	0.078686	
A/chicken/China/Cangzhou0	0.2992	0.2811	0.3982	0.2937	0.168	-0.077	0.379	52.91	0.441	0.450	4018	4254	-0.407076	0.082040	
A/chicken/China/E93/2012_	0.3097	0.2715	0.4167	0.2743	0.170	-0.069	0.383	53.17	0.419	0.442	3992	4223	-0.403528	0.081932	
A/chicken/China/E96/2012_	0.3100	0.2709	0.4163	0.2744	0.170	-0.074	0.380	53.09	0.419	0.442	3992	4223	-0.398911	0.081695	
A/chicken/Chiping/0321/20	0.3029	0.2728	0.4145	0.2834	0.167	-0.078	0.377	52.61	0.426	0.443	4003	4232	-0.411578	0.080577	
A/chicken/Dongguan/2690/2	0.2985	0.2684	0.4243	0.2817	0.163	-0.092	0.369	52.36	0.422	0.445	4002	4233	-0.414765	0.078904	
A/chicken/Dongguan/3363/2	0.2991	0.2681	0.4270	0.2779	0.163	-0.091	0.370	52.18	0.419	0.444	4002	4233	-0.414836	0.078904	
A/chicken/Dongguan/4259/2	0.2983	0.2688	0.4238	0.2813	0.163	-0.091	0.370	52.40	0.422	0.445	4003	4233	-0.415450	0.078904	
A/chicken/Eastern_China/H	0.2994	0.2784	0.4221	0.2740	0.170	-0.068	0.384	52.45	0.424	0.442	4002	4232	-0.422732	0.080577	
A/chicken/Eastern_China/Q	0.2998	0.2779	0.4225	0.2740	0.170	-0.068	0.384	52.43	0.423	0.442	4002	4232	-0.421976	0.080577	
A/chicken/Eastern_China/Z	0.3049	0.2774	0.4124	0.2770	0.171	-0.071	0.382	52.88	0.426	0.445	3991	4223	-0.414871	0.081222	
A/chicken/Eastern_China/Z	0.3088	0.2733	0.4157	0.2734	0.171	-0.071	0.382	53.05	0.420	0.443	3990	4223	-0.412929	0.081222	
A/chicken/Fujian/1/2007_H	0.3082	0.2704	0.4149	0.2774	0.172	-0.072	0.381	52.73	0.421	0.445	3990	4223	-0.404476	0.082169	
A/chicken/Fujian/11.23_FZ	0.2895	0.2751	0.4303	0.2776	0.167	-0.078	0.378	51.75	0.425	0.445	4000	4233	-0.421616	0.078904	
A/chicken/GY/a451/2015_H5	0.3212	0.2592	0.4313	0.2582	0.170	-0.078	0.379	51.84	0.397	0.435	3991	4225	-0.410769	0.080710	
A/chicken/Gansu/5/2012_H5	0.3101	0.2716	0.4170	0.2720	0.171	-0.071	0.382	52.99	0.418	0.443	3991	4223	-0.406157	0.081932	
A/chicken/Gansu/6/2012_H5	0.3096	0.2714	0.4155	0.2753	0.169	-0.072	0.382	53.33	0.420	0.443	3992	4223	-0.403149	0.081932	
A/chicken/Ganzhou/GZ27/20	0.2928	0.2749	0.4235	0.2801	0.166	-0.077	0.378	52.35	0.426	0.447	3999	4232	-0.409995	0.079159	
A/chicken/Guangdong/1/200	0.3128	0.2697	0.4113	0.2781	0.172	-0.079	0.378	52.92	0.421	0.444	4023	4258	-0.419399	0.081259	
A/chicken/Guangdong/GD160	0.2861	0.2763	0.4256	0.2838	0.166	-0.078	0.377	51.64	0.431	0.447	3995	4224	-0.409280	0.079545	
A/chicken/Guangxi/16/2019	0.2991	0.2682	0.4358	0.2698	0.167	-0.078	0.378	52.25	0.413	0.441	3999	4233	-0.424380	0.079140	
A/chicken/Guangxi/S2039/2	0.3075	0.2676	0.4147	0.2828	0.168	-0.081	0.376	52.87	0.422	0.444	3994	4224	-0.412311	0.081913	
A/chicken/Guizhou/7/2008_	0.3061	0.2738	0.4111	0.2798	0.170	-0.065	0.386	52.89	0.425	0.446	3992	4223	-0.412621	0.082406	
A/chicken/Hebei/1102-MA/2	0.2983	0.2737	0.4175	0.2847	0.168	-0.078	0.378	52.38	0.428	0.443	4010	4239	-0.412338	0.080444	
A/chicken/Hebei/1102/2010	0.2985	0.2729	0.4179	0.2844	0.167	-0.080	0.376	52.37	0.427	0.444	4004	4233	-0.413584	0.080558	
A/chicken/Hebei/3/2013_H5	0.3048	0.2744	0.4138	0.2819	0.170	-0.069	0.383	52.70	0.426	0.442	4011	4238	-0.413096	0.080698	
A/chicken/Hebei/A-8/2009_	0.3025	0.2769	0.4102	0.2822	0.168	-0.073	0.381	53.21	0.429	0.445	3992	4223	-0.408193	0.081695	
A/chicken/Heilongjiang/S7	0.3142	0.2684	0.4146	0.2762	0.165	-0.086	0.373	52.86	0.417	0.441	4011	4240	-0.404410	0.080425	
A/chicken/Henan/A-7/2006_	0.3046	0.2755	0.4116	0.2790	0.171	-0.072	0.382	53.27	0.426	0.446	3992	4224	-0.407339	0.081439	
A/chicken/Henan/Q7/2013_H	0.3043	0.2733	0.4118	0.2854	0.168	-0.076	0.379	52.63	0.428	0.443	4004	4232	-0.410940	0.080813	
A/chicken/Henan/YB0597/20	0.2852	0.2764	0.4286	0.2816	0.165	-0.079	0.376	51.66	0.429	0.447	3996	4225	-0.411763	0.079290	
A/chicken/Hsinchu/1608000	0.2952	0.2813	0.4160	0.2784	0.166	-0.083	0.375	52.00	0.430	0.446	4025	4254	-0.403761	0.080160	
A/chicken/Huadong/4/2008_	0.3066	0.2754	0.4103	0.2800	0.170	-0.073	0.381	53.46	0.426	0.445	3995	4224	-0.400189	0.081439	
A/chicken/Hubei/2856/2007	0.3078	0.2705	0.4069	0.2879	0.170	-0.067	0.385	53.07	0.428	0.445	3994	4223	-0.410135	0.081932	
A/chicken/Hubei/ZYSJF11/2	0.2848	0.2778	0.4283	0.2816	0.167	-0.077	0.377	51.64	0.430	0.447	4001	4231	-0.417112	0.079177	
A/chicken/Hubei/ZYSJF16/2	0.2846	0.2782	0.4285	0.2811	0.167	-0.076	0.378	51.69	0.430	0.447	4001	4231	-0.415576	0.079177	
A/chicken/Hubei/ZYSJF38/2	0.2840	0.2788	0.4288	0.2808	0.167	-0.076	0.378	51.72	0.430	0.447	4001	4231	-0.415576	0.079177	
A/chicken/Hunan/02.06_YYG	0.2933	0.2726	0.4270	0.2780	0.165	-0.085	0.373	51.82	0.423	0.445	4001	4231	-0.409785	0.078941	
A/chicken/Hunan/03.07_YYG	0.2920	0.2724	0.4303	0.2775	0.166	-0.077	0.378	51.89	0.422	0.445	3995	4223	-0.414752	0.078854	
A/chicken/Hunan/12.27_YYG	0.2982	0.2684	0.4370	0.2670	0.166	-0.080	0.376	51.80	0.412	0.442	3999	4233	-0.415167	0.079140	
A/chicken/Hunan/12.27_YYG	0.2956	0.2688	0.4392	0.2661	0.166	-0.081	0.376	51.71	0.412	0.443	3997	4232	-0.420321	0.078922	
A/chicken/Hunan/1793/2007	0.3130	0.2674	0.4085	0.2842	0.171	-0.074	0.381	53.00	0.423	0.444	3996	4231	-0.404231	0.082014	
A/chicken/Hunan/21/2005_H	0.3081	0.2705	0.4158	0.2777	0.171	-0.071	0.382	52.72	0.421	0.443	3992	4223	-0.408525	0.081932	
A/chicken/Hunan/3/2007_H5	0.3056	0.2708	0.4189	0.2772	0.170	-0.071	0.383	52.90	0.420	0.443	3991	4223	-0.417168	0.082169	
A/chicken/Hunan/3157/2006	0.3089	0.2689	0.4069	0.2879	0.170	-0.069	0.384	53.03	0.427	0.446	3991	4223	-0.415984	0.082169	
A/chicken/Hunan/8/2008_H5	0.3068	0.2692	0.4171	0.2800	0.171	-0.066	0.385	53.04	0.421	0.444	3993	4223	-0.415416	0.081695	
A/chicken/Jiangsu/1001/20	0.2998	0.2786	0.4185	0.2763	0.170	-0.066	0.384	52.53	0.426	0.443	4005	4232	-0.407325	0.080577	
A/chicken/Jiangsu/18/2008	0.3040	0.2780	0.4126	0.2763	0.171	-0.067	0.384	53.73	0.426	0.445	3993	4224	-0.402723	0.081913	
A/chicken/Jiangsu/2477/20	0.3043	0.2708	0.4163	0.2815	0.165	-0.086	0.373	52.40	0.423	0.444	3992	4223	-0.412835	0.081695	
A/chicken/Jiangsu/927/201	0.3119	0.2659	0.4183	0.2761	0.168	-0.079	0.378	52.34	0.415	0.442	3998	4228	-0.408633	0.081599	
A/chicken/Jiangsu/XZ216/2	0.3024	0.2747	0.4115	0.2855	0.169	-0.072	0.381	52.67	0.429	0.444	4004	4233	-0.405055	0.080558	
A/chicken/Jiangsu/YB7/201	0.2995	0.2729	0.4060	0.2953	0.164	-0.088	0.373	52.99	0.435	0.447	3988	4223	-0.411698	0.081932	
A/chicken/Jiangsu/k0402/2	0.2995	0.2766	0.4114	0.2856	0.171	-0.064	0.386	53.06	0.431	0.446	3993	4223	-0.410680	0.081695	
A/chicken/Jiangxi/25/2011	0.3096	0.2654	0.4185	0.2781	0.169	-0.073	0.381	52.70	0.417	0.443	3995	4224	-0.407718	0.081676	
A/chicken/Jiangxi/NCDZT11	0.3004	0.2672	0.4257	0.2777	0.161	-0.093	0.369	52.19	0.418	0.444	4002	4233	-0.413536	0.078904	
A/chicken/Jiangxi/NCDZT11	0.2991	0.2665	0.4268	0.2783	0.162	-0.092	0.369	52.03	0.418	0.444	4000	4233	-0.416348	0.078431	
A/chicken/Jiangyin/JY0907	0.2921	0.2732	0.4291	0.2778	0.168	-0.078	0.378	52.14	0.423	0.446	4001	4232	-0.414721	0.078686	
A/chicken/Kaohsiung/16010	0.3096	0.2639	0.4111	0.2850	0.164	-0.091	0.370	52.56	0.422	0.444	4024	4255	-0.405100	0.081081	
A/chicken/Kaohsiung/16020	0.3097	0.2635	0.4124	0.2834	0.164	-0.092	0.369	52.45	0.421	0.443	4023	4255	-0.403220	0.081081	
A/chicken/Kaohsiung/16040	0.3077	0.2654	0.4129	0.2829	0.164	-0.092	0.369	52.43	0.422	0.444	4023	4255	-0.404089	0.080846	
A/chicken/Kaohsiung/16070	0.3079	0.2650	0.4117	0.2844	0.165	-0.092	0.369	52.40	0.423	0.444	4024	4255	-0.406322	0.081081	
A/chicken/Kaohsiung/16120	0.3093	0.2640	0.4098	0.2857	0.164	-0.093	0.368	52.64	0.423	0.444	4027	4255	-0.400305	0.080846	
A/chicken/Kaohsiung/16MB0	0.3077	0.2654	0.4129	0.2829	0.164	-0.092	0.369	52.43	0.422	0.444	4023	4255	-0.404089	0.080846	
A/chicken/Kaohsiung/17030	0.3085	0.2653	0.4134	0.2811	0.164	-0.091	0.370	52.54	0.421	0.444	4022	4255	-0.405828	0.081316	
A/chicken/Kaohsiung/17040	0.2978	0.2800	0.4147	0.2780	0.167	-0.079	0.377	51.87	0.429	0.445	4024	4254	-0.402398	0.080395	
A/chicken/Kaohsiung/17100	0.2983	0.2799	0.4118	0.2812	0.167	-0.081	0.376	52.02	0.431	0.446	4025	4254	-0.400188	0.080395	
A/chicken/Kaohsiung/18080	0.3019	0.2735	0.4204	0.2747	0.165	-0.081	0.376	51.80	0.422	0.444	4023	4254	-0.409309	0.080160	
A/chicken/Kaohsiung/18080	0.3016	0.2738	0.4207	0.2743	0.165	-0.082	0.376	51.83	0.422	0.444	4023	4254	-0.409285	0.080160	
A/chicken/Liaoning/23/200	0.3112	0.2706	0.4120	0.2767	0.171	-0.076	0.380	52.86	0.421	0.444	3994	4224	-0.416785	0.080966	
A/chicken/Liaoning/A-1/20	0.3081	0.2723	0.4072	0.2835	0.170	-0.070	0.383	53.55	0.427	0.446	3991	4225	-0.415384	0.081657	
A/chicken/Liaoning/S4092/	0.3100	0.2723	0.4138	0.2758	0.172	-0.070	0.383	53.18	0.421	0.443	3990	4223	-0.404428	0.081695	
A/chicken/Miaoli/15010421	0.3063	0.2688	0.4251	0.2676	0.169	-0.086	0.372	52.09	0.413	0.441	4026	4256	-0.397744	0.081297	
A/chicken/Nantou/16110023	0.3083	0.2632	0.4113	0.2859	0.164	-0.094	0.367	52.32	0.423	0.444	4026	4255	-0.401927	0.081316	
A/chicken/New_Taipei_City	0.3102	0.2636	0.4128	0.2820	0.164	-0.094	0.368	52.45	0.420	0.443	4020	4255	-0.401622	0.081081	
A/chicken/New_Taipei_City	0.3099	0.2636	0.4142	0.2809	0.164	-0.094	0.368	52.42	0.419	0.443	4024	4255	-0.400541	0.080846	
A/chicken/New_Taipei_City	0.2963	0.2824	0.4137	0.2784	0.167	-0.082	0.375	52.07	0.431	0.446	4024	4254	-0.406253	0.080395	
A/chicken/New_Taipei_City	0.3096	0.2627	0.4154	0.2805	0.164	-0.094	0.368	52.45	0.418	0.443	4022	4255	-0.401645	0.080846	
A/chicken/New_Taipei_City	0.3105	0.2627	0.4153	0.2797	0.165	-0.092	0.369	52.34	0.417	0.442	4022	4255	-0.400987	0.081081	
A/chicken/New_Taipei_City	0.3121	0.2613	0.4148	0.2804	0.165	-0.094	0.368	52.37	0.417	0.442	4022	4255	-0.402679	0.081081	
A/chicken/New_Taipei_City	0.3110	0.2620	0.4149	0.2793	0.165	-0.093	0.369	52.37	0.417	0.442	4023	4255	-0.399295	0.080846	
A/chicken/New_Taipei_City	0.2993	0.2779	0.4124	0.2802	0.167	-0.082	0.375	52.21	0.429	0.446	4024	4254	-0.406112	0.080160	
A/chicken/Ningxia/2/2012_	0.3113	0.2707	0.4170	0.2722	0.170	-0.071	0.382	53.13	0.417	0.442	3992	4223	-0.406228	0.081932	
A/chicken/Ningxia/222/201	0.3109	0.2706	0.4173	0.2719	0.170	-0.071	0.382	53.11	0.417	0.442	3993	4223	-0.404712	0.081695	
A/chicken/Ningxia/24/2006	0.3072	0.2739	0.4136	0.2758	0.169	-0.073	0.381	53.36	0.423	0.444	3991	4224	-0.410701	0.081676	
A/chicken/North_China/k06	0.3058	0.2765	0.4162	0.2735	0.171	-0.070	0.383	52.87	0.423	0.443	3989	4223	-0.416244	0.081222	
A/chicken/PH/A2821/2013_H	0.3215	0.2554	0.4375	0.2539	0.166	-0.090	0.371	51.45	0.392	0.434	3991	4225	-0.411692	0.080000	
A/chicken/PT/a158/2015_H5	0.3240	0.2583	0.4306	0.2566	0.169	-0.084	0.375	51.89	0.395	0.434	3990	4225	-0.403172	0.080237	
A/chicken/Pingtung/150500	0.2991	0.2810	0.4141	0.2763	0.168	-0.079	0.378	52.03	0.429	0.446	4023	4254	-0.408016	0.080395	
A/chicken/Pingtung/160200	0.3017	0.2785	0.4118	0.2787	0.167	-0.077	0.378	52.21	0.428	0.445	4025	4254	-0.401058	0.080630	
A/chicken/Pingtung/180100	0.2987	0.2788	0.4142	0.2789	0.168	-0.079	0.377	51.89	0.429	0.445	4024	4254	-0.405336	0.080395	
A/chicken/Pingtung/180200	0.2983	0.2786	0.4125	0.2802	0.166	-0.084	0.374	52.22	0.430	0.446	4019	4248	-0.409110	0.080273	
A/chicken/Qingdao/1/2014_	0.3016	0.2734	0.4155	0.2834	0.168	-0.076	0.378	52.70	0.427	0.443	4005	4232	-0.408648	0.080340	
A/chicken/SC/a688/2015_H5	0.3211	0.2567	0.4341	0.2572	0.169	-0.084	0.375	51.75	0.395	0.435	3990	4225	-0.407811	0.080237	
A/chicken/Shandong/A-10/2	0.3061	0.2734	0.4090	0.2803	0.171	-0.065	0.385	53.39	0.426	0.447	3993	4224	-0.403078	0.081203	
A/chicken/Shandong/S3/201	0.3023	0.2732	0.4151	0.2837	0.168	-0.077	0.378	52.67	0.427	0.443	4005	4232	-0.413658	0.080577	
A/chicken/Shantou/3744/20	0.3038	0.2766	0.4093	0.2814	0.171	-0.075	0.380	53.15	0.429	0.448	3994	4224	-0.412524	0.081439	
A/chicken/Shanxi/04.28_TG	0.2920	0.2690	0.4430	0.2667	0.164	-0.084	0.374	51.57	0.412	0.442	3964	4198	-0.424226	0.079323	
A/chicken/Shanxi/10/2006_	0.3086	0.2746	0.4104	0.2773	0.171	-0.068	0.384	53.36	0.424	0.444	3991	4224	-0.418253	0.081203	
A/chicken/Shanxi/12.01_TG	0.3004	0.2635	0.4354	0.2723	0.165	-0.085	0.374	51.78	0.411	0.441	3998	4232	-0.419211	0.078686	
A/chicken/Sheny/0606/2008	0.3077	0.2737	0.4088	0.2818	0.170	-0.073	0.382	53.56	0.426	0.446	3988	4224	-0.409612	0.082386	
A/chicken/Shenzhen/1061/2	0.2985	0.2696	0.4263	0.2780	0.164	-0.090	0.370	52.33	0.420	0.444	4002	4233	-0.414080	0.078904	
A/chicken/Shenzhen/1845/2	0.3024	0.2677	0.4244	0.2786	0.164	-0.084	0.374	52.75	0.418	0.443	4014	4244	-0.411829	0.078464	
A/chicken/Shenzhen/2269/2	0.2998	0.2669	0.4235	0.2831	0.162	-0.093	0.369	52.33	0.421	0.445	4002	4233	-0.414411	0.078904	
A/chicken/Shenzhen/2396/2	0.2974	0.2686	0.4242	0.2825	0.163	-0.089	0.371	52.25	0.422	0.445	4004	4233	-0.412473	0.078668	
A/chicken/Shenzhen/2464/2	0.2977	0.2691	0.4242	0.2818	0.163	-0.090	0.370	52.30	0.422	0.445	4004	4233	-0.414600	0.078904	
A/chicken/Shenzhen/433/20	0.2991	0.2686	0.4248	0.2797	0.163	-0.091	0.370	52.35	0.421	0.445	4002	4233	-0.413938	0.078668	
A/chicken/Shenzhen/552/20	0.2977	0.2688	0.4242	0.2822	0.163	-0.090	0.370	52.33	0.422	0.445	4005	4233	-0.413229	0.078904	
A/chicken/Shenzhen/715/20	0.2991	0.2686	0.4248	0.2797	0.163	-0.091	0.370	52.35	0.421	0.445	4002	4233	-0.413938	0.078668	
A/chicken/Shijiazhuang/12	0.3065	0.2715	0.4151	0.2815	0.168	-0.081	0.376	52.39	0.423	0.441	4001	4232	-0.411555	0.081049	
A/chicken/Sichuan/81/2005	0.3081	0.2697	0.4143	0.2794	0.170	-0.075	0.380	52.78	0.421	0.444	3993	4222	-0.410445	0.081478	
A/chicken/Sichuan/NCJPL1/	0.2994	0.2705	0.4234	0.2809	0.164	-0.081	0.376	52.70	0.422	0.444	4013	4244	-0.412700	0.078464	
A/chicken/Sichuan/k141/20	0.2895	0.2737	0.4321	0.2755	0.165	-0.087	0.372	51.58	0.422	0.446	3999	4232	-0.419683	0.078922	
A/chicken/TC/a504/2015_H5	0.3236	0.2582	0.4306	0.2566	0.169	-0.083	0.375	51.78	0.395	0.435	3991	4225	-0.407006	0.080237	
A/chicken/TY/a665/2015_H5	0.3231	0.2581	0.4312	0.2568	0.169	-0.084	0.375	51.81	0.395	0.434	3991	4225	-0.406225	0.080000	
A/chicken/Taichung/150103	0.2988	0.2810	0.4153	0.2757	0.168	-0.080	0.377	51.96	0.428	0.445	4023	4254	-0.405054	0.080160	
A/chicken/Taichung/160400	0.3004	0.2802	0.4155	0.2745	0.168	-0.078	0.378	52.17	0.427	0.445	4024	4254	-0.397485	0.080395	
A/chicken/Taichung/160500	0.2993	0.2809	0.4156	0.2750	0.168	-0.076	0.379	52.26	0.427	0.444	4025	4254	-0.398966	0.080395	
A/chicken/Taichung/161100	0.2961	0.2762	0.4198	0.2760	0.170	-0.075	0.379	52.18	0.426	0.448	4025	4255	-0.397368	0.081081	
A/chicken/Tainan/15020214	0.3110	0.2641	0.4056	0.2880	0.165	-0.091	0.369	52.58	0.425	0.445	4021	4255	-0.404160	0.081316	
A/chicken/Tainan/16040035	0.2986	0.2821	0.4109	0.2787	0.168	-0.077	0.378	52.17	0.431	0.446	4025	4254	-0.402421	0.080630	
A/chicken/Tainan/17030058	0.3085	0.2653	0.4136	0.2807	0.164	-0.090	0.370	52.59	0.420	0.444	4022	4255	-0.403196	0.080846	
A/chicken/Taipei_City/170	0.3104	0.2626	0.4138	0.2814	0.164	-0.096	0.367	52.45	0.419	0.443	4022	4255	-0.402468	0.081081	
A/chicken/Taipei_City/180	0.2974	0.2805	0.4121	0.2808	0.167	-0.079	0.377	52.24	0.432	0.446	4022	4254	-0.403150	0.080395	
A/chicken/Taipei_City/180	0.2968	0.2805	0.4122	0.2813	0.167	-0.081	0.376	52.03	0.432	0.446	4022	4254	-0.405759	0.080395	
A/chicken/Taipei/16060022	0.3078	0.2649	0.4101	0.2858	0.164	-0.092	0.369	52.46	0.424	0.445	4023	4255	-0.402538	0.081081	
A/chicken/Taipei/16060023	0.3078	0.2649	0.4098	0.2861	0.165	-0.092	0.369	52.47	0.424	0.445	4023	4255	-0.403102	0.081081	
A/chicken/Taipei/16120021	0.3098	0.2644	0.4099	0.2849	0.165	-0.091	0.370	52.73	0.423	0.444	4025	4255	-0.401880	0.081081	
A/chicken/Taipei/17050005	0.3099	0.2631	0.4141	0.2816	0.164	-0.093	0.369	52.45	0.419	0.443	4023	4255	-0.403149	0.081081	
A/chicken/Taipei/17050008	0.3095	0.2635	0.4155	0.2800	0.164	-0.092	0.369	52.43	0.418	0.443	4021	4255	-0.405076	0.081081	
A/chicken/Taipei/17050009	0.3092	0.2638	0.4133	0.2826	0.164	-0.095	0.367	52.37	0.420	0.443	4022	4255	-0.403854	0.081081	
A/chicken/Taishun/TS2/201	0.2903	0.2705	0.4300	0.2808	0.165	-0.083	0.374	51.74	0.423	0.445	4005	4231	-0.413567	0.079414	
A/chicken/Taishun/TS90/20	0.2838	0.2777	0.4281	0.2814	0.168	-0.074	0.380	51.58	0.430	0.448	4002	4231	-0.416285	0.079177	
A/chicken/Taiwan/0101/201	0.3096	0.2647	0.4337	0.2620	0.170	-0.073	0.381	51.79	0.405	0.438	3980	4212	-0.407906	0.080959	
A/chicken/Taiwan/01174/20	0.3045	0.2725	0.4106	0.2853	0.166	-0.085	0.374	53.03	0.428	0.444	4030	4261	-0.409904	0.080732	
A/chicken/Taiwan/0502/201	0.3163	0.2581	0.4379	0.2557	0.168	-0.080	0.377	51.63	0.395	0.435	3993	4226	-0.410577	0.079981	
A/chicken/Taiwan/1682/201	0.3143	0.2582	0.4300	0.2664	0.165	-0.089	0.372	52.31	0.403	0.438	3981	4212	-0.415052	0.081434	
A/chicken/Taiwan/1692/201	0.3144	0.2582	0.4302	0.2659	0.165	-0.089	0.372	52.33	0.403	0.438	3981	4212	-0.416572	0.081434	
A/chicken/Taiwan/1704/201	0.3145	0.2578	0.4305	0.2656	0.165	-0.089	0.372	52.33	0.403	0.438	3981	4212	-0.415503	0.081434	
A/chicken/Taiwan/1711/201	0.3143	0.2576	0.4304	0.2662	0.164	-0.090	0.371	52.34	0.403	0.438	3981	4212	-0.415408	0.081197	
A/chicken/Taiwan/2593/201	0.3188	0.2575	0.4302	0.2628	0.169	-0.081	0.377	51.92	0.400	0.437	3991	4225	-0.409894	0.080473	
A/chicken/Taiwan/2948/201	0.3197	0.2566	0.4315	0.2613	0.168	-0.082	0.376	51.99	0.398	0.436	3991	4225	-0.412284	0.080473	
A/chicken/Taiwan/4443/201	0.3208	0.2550	0.4316	0.2622	0.168	-0.086	0.374	51.89	0.397	0.436	3992	4225	-0.411905	0.080473	
A/chicken/Taiwan/683/2012	0.3184	0.2575	0.4338	0.2588	0.168	-0.085	0.374	51.61	0.397	0.437	3989	4225	-0.415408	0.080237	
A/chicken/Taiwan/7350/201	0.3210	0.2555	0.4298	0.2630	0.167	-0.086	0.374	51.94	0.398	0.436	3994	4225	-0.409018	0.080237	
A/chicken/Taiwan/8988/201	0.3180	0.2588	0.4300	0.2623	0.169	-0.080	0.378	52.03	0.401	0.437	3990	4225	-0.415124	0.080473	
A/chicken/Taiwan/8994/201	0.3173	0.2582	0.4293	0.2644	0.168	-0.081	0.377	52.03	0.402	0.438	3956	4190	-0.422076	0.080668	
A/chicken/Taiwan/8996/201	0.3173	0.2582	0.4299	0.2636	0.168	-0.080	0.378	52.00	0.401	0.438	3956	4190	-0.422053	0.080668	
A/chicken/Taiwan/A1/2019_	0.3250	0.2509	0.4355	0.2573	0.166	-0.097	0.367	51.53	0.390	0.433	3991	4225	-0.407787	0.080237	
A/chicken/Taiwan/A1997/20	0.3179	0.2585	0.4361	0.2562	0.169	-0.075	0.380	51.76	0.396	0.435	3991	4226	-0.416588	0.081164	
A/chicken/Taiwan/D2/2019_	0.3024	0.2731	0.4200	0.2749	0.165	-0.083	0.375	51.80	0.421	0.443	4026	4254	-0.405360	0.080160	
A/chicken/Taiwan/D9/2019_	0.3024	0.2731	0.4200	0.2749	0.165	-0.084	0.374	51.80	0.421	0.443	4026	4254	-0.405360	0.080160	
A/chicken/Tibet/LZ01/2010	0.3012	0.2781	0.4155	0.2779	0.171	-0.063	0.387	52.91	0.427	0.445	4009	4240	-0.420259	0.080189	
A/chicken/Wuhan/HAQL07/20	0.2989	0.2726	0.4066	0.2958	0.165	-0.087	0.374	52.96	0.435	0.446	3988	4223	-0.409069	0.082169	
A/chicken/Wuhan/HAQL16/20	0.2992	0.2726	0.4060	0.2960	0.165	-0.087	0.374	52.97	0.436	0.447	3988	4223	-0.410372	0.082169	
A/chicken/Wuhan/WHJF/2014	0.3095	0.2720	0.4071	0.2829	0.170	-0.075	0.380	52.70	0.426	0.447	4016	4251	-0.414608	0.081157	
A/chicken/Wuhan/WHYJ01/20	0.3020	0.2658	0.4234	0.2810	0.161	-0.096	0.367	52.50	0.419	0.444	4000	4233	-0.419135	0.078904	
A/chicken/Wuxi/WX-32/2013	0.3115	0.2672	0.4170	0.2767	0.167	-0.081	0.377	52.45	0.417	0.442	3993	4223	-0.411864	0.081932	
A/chicken/Wuxi/WX-33/2013	0.3122	0.2659	0.4179	0.2765	0.167	-0.082	0.376	52.43	0.416	0.442	3993	4223	-0.412740	0.082643	
A/chicken/Xinjiang/17/200	0.3036	0.2794	0.4107	0.2778	0.171	-0.066	0.385	53.29	0.428	0.447	3991	4224	-0.417187	0.081439	
A/chicken/Xinjiang/27/200	0.3050	0.2778	0.4098	0.2789	0.173	-0.068	0.384	53.25	0.428	0.447	3990	4224	-0.409044	0.081676	
A/chicken/Xinjiang/53/200	0.3052	0.2779	0.4111	0.2777	0.172	-0.069	0.384	53.10	0.427	0.446	3992	4224	-0.409754	0.081676	
A/chicken/Xinjiang/54/200	0.3039	0.2785	0.4090	0.2804	0.172	-0.068	0.384	53.26	0.430	0.447	3990	4224	-0.415483	0.081676	
A/chicken/Xinjiang/67/200	0.3049	0.2786	0.4088	0.2792	0.172	-0.067	0.385	53.15	0.429	0.447	3994	4224	-0.412027	0.081913	
A/chicken/Xinjiang/68/200	0.3033	0.2785	0.4104	0.2794	0.171	-0.073	0.381	53.23	0.429	0.447	3989	4224	-0.415625	0.081439	
A/chicken/Xuzhou/XZ6/2016	0.2966	0.2692	0.4232	0.2832	0.163	-0.088	0.372	52.41	0.424	0.446	4006	4233	-0.407087	0.078904	
A/chicken/YL/A3190/2014_H	0.3100	0.2640	0.4379	0.2566	0.167	-0.078	0.378	51.32	0.401	0.437	3995	4228	-0.416935	0.080653	
A/chicken/Yangzhou/YD1/20	0.3014	0.2683	0.4237	0.2806	0.163	-0.086	0.374	52.62	0.420	0.443	4013	4244	-0.415104	0.078228	
A/chicken/Yuhang/1/2013_H	0.2831	0.2852	0.4207	0.2864	0.167	-0.068	0.384	52.32	0.438	0.448	4007	4239	-0.430809	0.081151	
A/chicken/Yuhang/2/2013_H	0.2841	0.2841	0.4234	0.2842	0.169	-0.061	0.388	52.31	0.436	0.448	4006	4239	-0.432248	0.080915	
A/chicken/Yunlin/15020048	0.2979	0.2816	0.4159	0.2758	0.168	-0.079	0.377	51.91	0.429	0.445	4023	4254	-0.405501	0.080630	
A/chicken/Yunlin/15040002	0.3008	0.2791	0.4129	0.2781	0.168	-0.081	0.376	52.00	0.428	0.445	4023	4254	-0.406135	0.080395	
A/chicken/Yunlin/15040027	0.3014	0.2778	0.4152	0.2767	0.167	-0.084	0.374	51.92	0.426	0.445	4017	4248	-0.405720	0.080508	
A/chicken/Yunlin/15050012	0.3067	0.2686	0.4256	0.2674	0.168	-0.088	0.372	52.12	0.413	0.441	4033	4263	-0.399484	0.081163	
A/chicken/Yunlin/15050037	0.3021	0.2776	0.4140	0.2777	0.167	-0.085	0.374	51.90	0.427	0.444	4023	4254	-0.403808	0.080395	
A/chicken/Yunlin/15050039	0.3008	0.2785	0.4143	0.2775	0.167	-0.084	0.374	51.89	0.427	0.445	4023	4254	-0.405783	0.080160	
A/chicken/Yunlin/15060014	0.3009	0.2789	0.4141	0.2771	0.168	-0.082	0.375	51.99	0.427	0.445	4023	4254	-0.404278	0.080395	
A/chicken/Yunlin/15080024	0.2996	0.2809	0.4142	0.2760	0.168	-0.077	0.378	52.09	0.428	0.445	4023	4254	-0.402092	0.080395	
A/chicken/Yunlin/16010001	0.2980	0.2805	0.4140	0.2781	0.167	-0.081	0.376	52.03	0.430	0.446	4022	4254	-0.404372	0.080395	
A/chicken/Yunlin/16010008	0.2992	0.2817	0.4130	0.2771	0.168	-0.078	0.378	52.19	0.430	0.445	4024	4254	-0.404067	0.080865	
A/chicken/Yunlin/16020038	0.3026	0.2712	0.4171	0.2772	0.168	-0.083	0.374	52.63	0.423	0.446	4030	4262	-0.403261	0.081183	
A/chicken/Yunlin/16050053	0.3006	0.2798	0.4161	0.2743	0.168	-0.079	0.377	52.06	0.426	0.445	4025	4254	-0.396568	0.080395	
A/chicken/Yunlin/17010001	0.3013	0.2723	0.4131	0.2814	0.169	-0.082	0.375	52.23	0.427	0.447	4024	4255	-0.402350	0.081081	
A/chicken/Yunlin/17010014	0.2979	0.2801	0.4120	0.2806	0.168	-0.078	0.377	52.08	0.431	0.446	4024	4254	-0.404419	0.080395	
A/chicken/Yunlin/17020094	0.2994	0.2792	0.4122	0.2801	0.167	-0.081	0.376	51.95	0.430	0.445	4024	4254	-0.402468	0.081100	
A/chicken/Yunlin/17020095	0.2957	0.2809	0.4186	0.2745	0.165	-0.086	0.373	51.81	0.428	0.445	4017	4248	-0.402849	0.080979	
A/chicken/Yunlin/17030001	0.2977	0.2793	0.4130	0.2800	0.167	-0.081	0.376	52.04	0.430	0.446	4025	4254	-0.403221	0.080395	
A/chicken/Yunlin/17030007	0.3005	0.2778	0.4128	0.2793	0.166	-0.085	0.373	51.90	0.428	0.445	4026	4254	-0.400776	0.080160	
A/chicken/Yunlin/17030010	0.2965	0.2817	0.4131	0.2796	0.167	-0.081	0.376	51.95	0.432	0.446	4024	4254	-0.405665	0.080395	
A/chicken/Yunlin/17030014	0.2967	0.2801	0.4132	0.2804	0.167	-0.081	0.376	51.97	0.431	0.446	4024	4254	-0.405971	0.080160	
A/chicken/Yunlin/17030020	0.2986	0.2799	0.4131	0.2793	0.167	-0.082	0.375	51.92	0.430	0.445	4024	4254	-0.402515	0.080630	
A/chicken/Yunlin/17030021	0.2971	0.2799	0.4122	0.2812	0.167	-0.081	0.376	52.01	0.432	0.446	4025	4254	-0.404137	0.080160	
A/chicken/Yunlin/17030032	0.2990	0.2781	0.4174	0.2741	0.164	-0.085	0.373	51.65	0.425	0.445	4017	4248	-0.402754	0.080273	
A/chicken/Yunlin/17030065	0.2969	0.2809	0.4125	0.2802	0.168	-0.077	0.378	52.09	0.432	0.446	4024	4254	-0.404984	0.080395	
A/chicken/Yunlin/17040003	0.3020	0.2772	0.4142	0.2779	0.167	-0.082	0.375	51.91	0.426	0.444	4026	4254	-0.399577	0.081100	
A/chicken/Yunlin/17040004	0.2977	0.2796	0.4129	0.2795	0.167	-0.081	0.375	52.03	0.430	0.446	4025	4254	-0.403456	0.080395	
A/chicken/Yunlin/17040011	0.2981	0.2791	0.4137	0.2787	0.167	-0.082	0.375	51.95	0.429	0.446	4024	4254	-0.403268	0.080395	
A/chicken/Yunlin/17060019	0.2980	0.2784	0.4128	0.2813	0.167	-0.079	0.377	52.01	0.430	0.446	4024	4254	-0.403597	0.080395	
A/chicken/Yunlin/17070010	0.2978	0.2794	0.4118	0.2817	0.167	-0.083	0.374	51.95	0.431	0.446	4027	4255	-0.400117	0.080141	
A/chicken/Yunlin/18010001	0.2969	0.2823	0.4108	0.2810	0.168	-0.080	0.377	52.28	0.433	0.446	4021	4254	-0.402680	0.080395	
A/chicken/Yunlin/18010023	0.2986	0.2820	0.4113	0.2789	0.168	-0.079	0.377	52.26	0.431	0.446	4023	4254	-0.397297	0.080160	
A/chicken/Yunlin/18020003	0.2991	0.2795	0.4119	0.2802	0.167	-0.081	0.376	52.16	0.430	0.446	4024	4254	-0.398002	0.080395	
A/chicken/Yunlin/18020004	0.2993	0.2788	0.4127	0.2795	0.166	-0.081	0.376	52.12	0.429	0.445	4024	4254	-0.397555	0.080395	
A/chicken/Yunlin/18020005	0.2985	0.2801	0.4119	0.2800	0.167	-0.079	0.377	52.16	0.431	0.446	4024	4254	-0.398707	0.080395	
A/chicken/Yunlin/18020008	0.2993	0.2821	0.4110	0.2786	0.168	-0.079	0.377	52.30	0.431	0.446	4023	4254	-0.399741	0.080395	
A/chicken/Yunlin/18030002	0.3008	0.2779	0.4110	0.2802	0.167	-0.078	0.377	52.25	0.429	0.446	4024	4254	-0.397297	0.080395	
A/chicken/Yunlin/18050013	0.3018	0.2782	0.4111	0.2791	0.167	-0.080	0.376	52.38	0.429	0.446	4023	4254	-0.398261	0.080395	
A/chicken/Yunlin/18060001	0.3006	0.2786	0.4113	0.2797	0.167	-0.078	0.377	52.38	0.429	0.446	4023	4254	-0.397015	0.080395	
A/chicken/Yunlin/18080006	0.2995	0.2787	0.4157	0.2771	0.168	-0.076	0.379	52.07	0.427	0.445	4020	4254	-0.402304	0.080865	
A/chicken/Yunnan/1/2014_H	0.3158	0.2638	0.4096	0.2829	0.166	-0.087	0.373	53.08	0.419	0.443	3995	4223	-0.397679	0.081222	
A/chicken/Yunnan/207/2004	0.3126	0.2679	0.4096	0.2812	0.171	-0.077	0.379	53.01	0.422	0.445	3992	4223	-0.409306	0.081695	
A/chicken/Yunnan/5686/200	0.3118	0.2696	0.4100	0.2797	0.172	-0.075	0.380	53.03	0.422	0.445	3991	4223	-0.414066	0.081695	
A/chicken/Yunnan/6797/200	0.3103	0.2706	0.4092	0.2808	0.172	-0.074	0.381	53.04	0.424	0.445	3992	4223	-0.410585	0.081695	
A/chicken/Yunnan/6885/200	0.3109	0.2694	0.4107	0.2802	0.171	-0.076	0.379	53.02	0.422	0.445	3993	4223	-0.409756	0.081695	
A/chicken/Zhejiang/102637	0.2971	0.2679	0.4340	0.2714	0.166	-0.080	0.376	52.01	0.415	0.442	3997	4233	-0.414458	0.079140	
A/chicken/Zhejiang/13160/	0.2857	0.2759	0.4309	0.2790	0.167	-0.071	0.381	51.69	0.427	0.447	3994	4224	-0.415956	0.079072	
A/chicken/Zhejiang/194/20	0.3122	0.2662	0.4249	0.2678	0.169	-0.069	0.383	52.21	0.410	0.441	4013	4243	-0.415461	0.080132	
A/chicken/Zhejiang/209/20	0.3034	0.2743	0.4291	0.2628	0.174	-0.066	0.385	51.85	0.414	0.441	4017	4248	-0.413842	0.080508	
A/chicken/Zhejiang/217/20	0.3156	0.2622	0.4298	0.2637	0.167	-0.075	0.379	52.04	0.404	0.439	4013	4243	-0.419727	0.080368	
A/chicken/Zhejiang/232/20	0.3031	0.2747	0.4292	0.2633	0.173	-0.068	0.383	51.74	0.414	0.441	4019	4248	-0.414242	0.080508	
A/chicken/Zhejiang/514135	0.3091	0.2721	0.4282	0.2624	0.171	-0.065	0.386	51.59	0.411	0.441	4010	4243	-0.419986	0.080839	
A/chicken/Zhejiang/528127	0.2967	0.2699	0.4344	0.2710	0.165	-0.082	0.375	51.70	0.415	0.442	3999	4233	-0.415332	0.079140	
A/chicken/Zhejiang/6107/2	0.2847	0.2765	0.4316	0.2791	0.165	-0.081	0.375	51.42	0.427	0.446	3996	4224	-0.412311	0.079072	
A/chicken/Zhejiang/6C2/20	0.3011	0.2694	0.4255	0.2777	0.164	-0.087	0.373	52.70	0.419	0.443	4013	4244	-0.417484	0.078464	
A/chicken/Zhejiang/727022	0.3002	0.2659	0.4258	0.2817	0.162	-0.095	0.368	52.31	0.419	0.444	4005	4233	-0.414127	0.079849	
A/chicken/Zhejiang/727026	0.3000	0.2666	0.4257	0.2813	0.162	-0.095	0.368	52.31	0.419	0.444	4005	4233	-0.413938	0.079613	
A/chicken/Zhejiang/727079	0.3110	0.2726	0.4102	0.2796	0.168	-0.067	0.383	53.01	0.423	0.445	4015	4243	-0.420386	0.080132	
A/chicken/Zhejiang/727155	0.3006	0.2663	0.4241	0.2812	0.161	-0.095	0.367	52.44	0.420	0.445	4004	4233	-0.409733	0.078904	
A/chicken/Zhejiang/727159	0.3165	0.2672	0.4140	0.2750	0.164	-0.083	0.374	52.64	0.415	0.442	4017	4243	-0.415555	0.080368	
A/chicken/Zhejiang/7450/2	0.3054	0.2737	0.4272	0.2634	0.172	-0.066	0.385	51.97	0.413	0.441	4017	4248	-0.407180	0.080744	
A/chicken/Zhejiang/81643/	0.3048	0.2731	0.4259	0.2654	0.171	-0.068	0.383	52.01	0.415	0.442	4017	4248	-0.410640	0.080273	
A/common_mallard/Ningxia/	0.2891	0.2791	0.4165	0.2848	0.167	-0.072	0.380	52.59	0.434	0.449	4008	4236	-0.406704	0.079320	
A/condor/Guangdong/139/20	0.3076	0.2728	0.4118	0.2798	0.169	-0.078	0.379	53.04	0.424	0.445	3994	4224	-0.412997	0.081913	
A/domestic_green-winged_t	0.3060	0.2725	0.4134	0.2801	0.169	-0.073	0.382	52.89	0.424	0.445	3999	4234	-0.412659	0.081719	
A/duck/Anhui/56/2005_H5N1	0.3120	0.2685	0.4120	0.2808	0.173	-0.071	0.382	52.99	0.421	0.444	3991	4223	-0.411627	0.081932	
A/duck/Anhui/S4/2016_H5N6	0.2979	0.2660	0.4312	0.2764	0.165	-0.085	0.373	52.12	0.416	0.444	4002	4233	-0.412284	0.078904	
A/duck/Changhua/15A03431-	0.2982	0.2810	0.4143	0.2772	0.167	-0.081	0.376	51.98	0.429	0.446	4023	4254	-0.403597	0.080630	
A/duck/Changhua/15A03473-	0.2986	0.2811	0.4140	0.2772	0.167	-0.084	0.374	51.92	0.429	0.445	4023	4254	-0.405783	0.080630	
A/duck/Chiayi/15080023/20	0.3024	0.2726	0.4147	0.2787	0.169	-0.082	0.375	52.58	0.425	0.446	4029	4262	-0.402886	0.081183	
A/duck/China/0935/2017_H5	0.3080	0.2683	0.4199	0.2775	0.166	-0.089	0.372	52.05	0.418	0.442	3990	4223	-0.415889	0.082169	
A/duck/China/0936/2017_H5	0.2973	0.2660	0.4325	0.2749	0.165	-0.086	0.373	51.75	0.416	0.444	3997	4231	-0.417490	0.078941	
A/duck/China/0938/2017_H5	0.2904	0.2739	0.4342	0.2757	0.165	-0.087	0.373	51.55	0.421	0.443	4001	4232	-0.422755	0.079868	
A/duck/China/1033/2017_H5	0.3050	0.2716	0.4167	0.2803	0.167	-0.084	0.375	52.28	0.423	0.444	3991	4223	-0.412408	0.082169	
A/duck/China/E26/2012_H5N	0.3138	0.2665	0.4137	0.2780	0.166	-0.078	0.378	52.86	0.418	0.441	3990	4223	-0.412006	0.082169	
A/duck/China/E53/2012_H5N	0.3058	0.2701	0.4180	0.2799	0.167	-0.082	0.376	52.86	0.421	0.443	3994	4223	-0.413427	0.081932	
A/duck/China/YD1516/2016_	0.3060	0.2727	0.4283	0.2633	0.172	-0.072	0.381	51.93	0.412	0.440	4018	4248	-0.409981	0.080979	
A/duck/Chongqing/S4362/20	0.3015	0.2797	0.4107	0.2835	0.166	-0.080	0.377	53.15	0.431	0.446	4013	4245	-0.411496	0.081272	
A/duck/Dongguan/2685/2013	0.2991	0.2687	0.4253	0.2793	0.163	-0.091	0.370	52.37	0.420	0.445	4002	4233	-0.418214	0.078668	
A/duck/Eastern_China/008/	0.2971	0.2743	0.4251	0.2757	0.170	-0.077	0.378	52.29	0.422	0.443	4022	4253	-0.396967	0.081354	
A/duck/Eastern_China/031/	0.3002	0.2735	0.4276	0.2700	0.170	-0.075	0.379	52.18	0.418	0.442	4019	4253	-0.402069	0.081589	
A/duck/Eastern_China/057/	0.3067	0.2749	0.4156	0.2740	0.172	-0.064	0.386	53.07	0.422	0.444	3992	4223	-0.413663	0.081695	
A/duck/Eastern_China/108/	0.3054	0.2697	0.4208	0.2770	0.170	-0.074	0.381	52.72	0.419	0.443	3994	4230	-0.410709	0.082033	
A/duck/Eastern_China/1111	0.3079	0.2707	0.4231	0.2691	0.168	-0.081	0.376	52.50	0.415	0.440	4019	4249	-0.400612	0.080725	
A/duck/Eastern_China/909/	0.3065	0.2702	0.4163	0.2800	0.171	-0.079	0.377	52.07	0.422	0.444	3999	4230	-0.408251	0.082270	
A/duck/Eastern_China/JY/2	0.3108	0.2637	0.4158	0.2784	0.167	-0.082	0.374	52.86	0.417	0.444	4017	4249	-0.401177	0.082137	
A/duck/Eastern_China/L023	0.3032	0.2732	0.4227	0.2705	0.170	-0.075	0.379	52.54	0.419	0.443	4016	4249	-0.406096	0.080725	
A/duck/Eastern_China/L032	0.3060	0.2703	0.4240	0.2703	0.167	-0.083	0.375	52.32	0.416	0.440	4019	4249	-0.406237	0.080254	
A/duck/Eastern_China/L040	0.3108	0.2649	0.4250	0.2685	0.169	-0.084	0.373	52.10	0.411	0.441	4014	4245	-0.403581	0.081979	
A/duck/Eastern_China/L042	0.3105	0.2646	0.4247	0.2685	0.169	-0.085	0.373	52.23	0.411	0.442	4013	4245	-0.403204	0.081743	
A/duck/Eastern_China/L061	0.3091	0.2663	0.4232	0.2703	0.168	-0.085	0.373	52.35	0.413	0.442	4013	4245	-0.403746	0.081979	
A/duck/Eastern_China/L072	0.3109	0.2642	0.4230	0.2710	0.169	-0.085	0.373	52.25	0.412	0.442	4013	4245	-0.402521	0.081979	
A/duck/Eastern_China/L102	0.3061	0.2700	0.4178	0.2743	0.169	-0.083	0.374	52.70	0.419	0.445	4013	4245	-0.402050	0.081508	
A/duck/Eastern_China/L112	0.3077	0.2683	0.4212	0.2717	0.170	-0.079	0.376	52.49	0.416	0.443	4013	4245	-0.403204	0.082450	
A/duck/Eastern_China/S013	0.3086	0.2693	0.4239	0.2685	0.173	-0.069	0.383	52.42	0.414	0.441	4019	4249	-0.405978	0.080725	
A/duck/Eastern_China/S021	0.3107	0.2645	0.4143	0.2794	0.168	-0.080	0.376	52.81	0.419	0.444	4019	4250	-0.401318	0.081882	
A/duck/Eastern_China/S032	0.3012	0.2665	0.4345	0.2690	0.164	-0.091	0.370	52.01	0.411	0.442	4003	4235	-0.418205	0.079103	
A/duck/Eastern_China/S071	0.3015	0.2702	0.4197	0.2823	0.163	-0.088	0.372	52.73	0.423	0.445	4015	4245	-0.411378	0.078445	
A/duck/Eastern_China/S080	0.3095	0.2710	0.4259	0.2639	0.170	-0.078	0.378	52.39	0.412	0.440	4017	4249	-0.405342	0.081196	
A/duck/Eastern_China/S090	0.3000	0.2677	0.4276	0.2763	0.163	-0.089	0.371	52.21	0.417	0.444	4003	4235	-0.409492	0.078630	
A/duck/Eastern_China/S110	0.3051	0.2687	0.4100	0.2850	0.167	-0.080	0.376	52.99	0.426	0.447	4018	4250	-0.404165	0.082118	
A/duck/Eastern_China/S121	0.3072	0.2668	0.4187	0.2754	0.168	-0.078	0.377	52.83	0.418	0.444	4020	4250	-0.400823	0.082118	
A/duck/Fujian/1.17_FZHX01	0.2956	0.2712	0.4344	0.2698	0.167	-0.078	0.378	51.86	0.416	0.444	3995	4232	-0.425165	0.079159	
A/duck/Fujian/10.26_FZHX0	0.2958	0.2693	0.4287	0.2778	0.166	-0.077	0.378	51.82	0.420	0.444	4001	4232	-0.419896	0.078922	
A/duck/Fujian/10.26_FZHX0	0.2951	0.2695	0.4302	0.2765	0.165	-0.080	0.376	51.80	0.419	0.444	4000	4232	-0.420747	0.078922	
A/duck/Fujian/11.23_FZHX0	0.3014	0.2652	0.4271	0.2775	0.168	-0.073	0.380	51.94	0.417	0.444	4001	4232	-0.424527	0.078922	
A/duck/Fujian/11.23_FZHX0	0.2975	0.2671	0.4328	0.2726	0.166	-0.081	0.376	51.65	0.415	0.443	4007	4238	-0.420835	0.078339	
A/duck/Fujian/11.23_FZHX0	0.2950	0.2685	0.4300	0.2776	0.165	-0.081	0.376	51.80	0.420	0.444	4002	4233	-0.421356	0.078668	
A/duck/Fujian/11.3_FZHX11	0.2961	0.2662	0.4381	0.2701	0.165	-0.089	0.371	51.44	0.413	0.443	3997	4232	-0.422566	0.079159	
A/duck/Fujian/11.3_FZHX11	0.2946	0.2678	0.4377	0.2704	0.165	-0.085	0.373	51.59	0.414	0.443	3998	4232	-0.419353	0.078922	
A/duck/Fujian/12.7_FZHX12	0.2953	0.2678	0.4392	0.2700	0.164	-0.089	0.372	51.62	0.413	0.442	3984	4219	-0.423655	0.080114	
A/duck/Fujian/12.7_FZHX12	0.2966	0.2668	0.4406	0.2673	0.165	-0.086	0.373	51.49	0.410	0.442	3998	4233	-0.423317	0.079140	
A/duck/Fujian/12.7_FZHX12	0.2971	0.2666	0.4402	0.2672	0.165	-0.086	0.373	51.40	0.410	0.441	3997	4232	-0.422613	0.078922	
A/duck/Fujian/12.7_FZHX12	0.2973	0.2668	0.4398	0.2673	0.165	-0.086	0.373	51.42	0.411	0.442	3997	4232	-0.421810	0.079159	
A/duck/Guangdong/11.18_SZ	0.2963	0.2695	0.4291	0.2780	0.165	-0.084	0.375	52.25	0.420	0.444	3999	4233	-0.418497	0.078904	
A/duck/Guangdong/11.18_SZ	0.2963	0.2695	0.4291	0.2780	0.165	-0.084	0.375	52.25	0.420	0.444	3999	4233	-0.418497	0.078904	
A/duck/Guangdong/11.18_SZ	0.2965	0.2691	0.4291	0.2779	0.165	-0.084	0.374	52.22	0.420	0.444	3999	4233	-0.418993	0.078904	
A/duck/Guangdong/23/2004_	0.3084	0.2720	0.4112	0.2799	0.171	-0.075	0.380	53.28	0.424	0.446	3989	4224	-0.417945	0.080492	
A/duck/Guangdong/GD01/201	0.3001	0.2666	0.4258	0.2791	0.162	-0.092	0.369	52.25	0.419	0.444	4003	4233	-0.414576	0.078668	
A/duck/Guangdong/s14044/2	0.3077	0.2679	0.4259	0.2680	0.170	-0.079	0.376	52.45	0.412	0.441	4015	4244	-0.394062	0.082234	
A/duck/Guangdong/wy11/200	0.2991	0.2733	0.4272	0.2724	0.171	-0.078	0.378	52.03	0.419	0.443	4021	4253	-0.401434	0.081825	
A/duck/Guangdong/wy19/200	0.2995	0.2734	0.4265	0.2713	0.171	-0.076	0.379	52.12	0.419	0.443	4021	4253	-0.397766	0.081119	
A/duck/Guangdong/wy24/200	0.3026	0.2723	0.4283	0.2665	0.170	-0.082	0.375	52.03	0.415	0.442	4020	4254	-0.398919	0.081570	
A/duck/Guangzhou/018/2014	0.2985	0.2684	0.4243	0.2809	0.163	-0.092	0.369	52.28	0.421	0.445	4002	4233	-0.416537	0.078904	
A/duck/Guangzhou/021/2014	0.2993	0.2676	0.4242	0.2810	0.162	-0.093	0.369	52.27	0.421	0.445	4002	4233	-0.414103	0.078904	
A/duck/Guangzhou/41227/20	0.2970	0.2699	0.4252	0.2804	0.163	-0.085	0.373	51.91	0.422	0.445	4000	4233	-0.413914	0.078904	
A/duck/Guizhou/7.27_ZYLJJ	0.2962	0.2694	0.4277	0.2771	0.165	-0.085	0.374	52.02	0.420	0.445	3992	4223	-0.416623	0.079327	
A/duck/Guizhou/8.26_ZYLJJ	0.2974	0.2682	0.4272	0.2780	0.165	-0.082	0.375	52.29	0.419	0.445	3993	4223	-0.418968	0.079091	
A/duck/Guizhou/8.26_ZYLJJ	0.2939	0.2714	0.4270	0.2785	0.164	-0.083	0.374	52.12	0.422	0.446	4001	4232	-0.413563	0.079159	
A/duck/Hainan/12.29_HKPL0	0.2984	0.2674	0.4281	0.2769	0.164	-0.085	0.373	52.17	0.418	0.444	4002	4234	-0.415966	0.078885	
A/duck/Hebei/0908/2009_H5	0.3100	0.2691	0.4141	0.2768	0.168	-0.073	0.381	52.64	0.420	0.444	4018	4249	-0.400306	0.080254	
A/duck/Hong_Kong/342/1978	0.3078	0.2808	0.4010	0.2836	0.168	-0.078	0.378	52.98	0.433	0.447	4019	4252	-0.415452	0.080433	
A/duck/Hsinchu/15020216/2	0.3002	0.2794	0.4143	0.2771	0.168	-0.082	0.376	51.93	0.428	0.445	4023	4254	-0.405477	0.080395	
A/duck/HuBei/03/2010_H5N5	0.2997	0.2744	0.4163	0.2812	0.171	-0.073	0.381	52.79	0.427	0.446	4015	4246	-0.402850	0.081959	
A/duck/Hubei/2911/2007_H5	0.3078	0.2685	0.4048	0.2905	0.168	-0.076	0.380	52.78	0.429	0.447	3991	4223	-0.406749	0.081459	
A/duck/Hubei/49/2005_H5N1	0.3078	0.2705	0.4163	0.2775	0.171	-0.072	0.382	52.83	0.421	0.443	3994	4223	-0.412598	0.081932	
A/duck/Hubei/SZY250/2016_	0.3029	0.2745	0.4296	0.2624	0.171	-0.072	0.382	52.23	0.414	0.440	4018	4248	-0.418668	0.080744	
A/duck/Hubei/xn/2007_H5N1	0.3044	0.2699	0.4172	0.2815	0.169	-0.077	0.379	52.72	0.423	0.444	3994	4223	-0.409898	0.082169	
A/duck/Hunan/01.12_YYGK82	0.2943	0.2711	0.4292	0.2776	0.167	-0.076	0.379	52.23	0.421	0.445	4001	4232	-0.410633	0.078922	
A/duck/Hunan/03.07_YYGK25	0.2930	0.2728	0.4275	0.2776	0.165	-0.086	0.373	51.71	0.423	0.445	3983	4211	-0.413346	0.078841	
A/duck/Hunan/03.07_YYGK4L	0.2955	0.2693	0.4363	0.2708	0.165	-0.082	0.375	51.82	0.415	0.443	3999	4233	-0.421592	0.078668	
A/duck/Hunan/03.24_YYGK17	0.2990	0.2652	0.4333	0.2739	0.164	-0.090	0.370	51.97	0.414	0.443	3999	4232	-0.418785	0.078922	
A/duck/Hunan/03.24_YYGK17	0.2988	0.2659	0.4327	0.2738	0.164	-0.090	0.370	52.02	0.414	0.443	3998	4232	-0.418738	0.078922	
A/duck/Hunan/03.24_YYGK18	0.2990	0.2652	0.4328	0.2743	0.164	-0.090	0.370	51.99	0.414	0.443	3998	4232	-0.419116	0.078686	
A/duck/Hunan/03.24_YYGK21	0.2991	0.2653	0.4327	0.2742	0.164	-0.090	0.370	51.99	0.414	0.443	3998	4232	-0.418738	0.078922	
A/duck/Hunan/1.12_YYGK68H	0.2994	0.2671	0.4269	0.2775	0.165	-0.084	0.374	52.18	0.418	0.444	4002	4232	-0.417958	0.078922	
A/duck/Hunan/1.12_YYGK72H	0.2994	0.2671	0.4261	0.2787	0.165	-0.084	0.374	52.12	0.419	0.445	4002	4232	-0.417415	0.078922	
A/duck/Hunan/1.12_YYGK74H	0.2940	0.2714	0.4292	0.2776	0.167	-0.077	0.378	52.23	0.421	0.445	4001	4232	-0.410633	0.078922	
A/duck/Hunan/1.17_YYGKK80	0.2974	0.2664	0.4389	0.2673	0.164	-0.085	0.373	51.74	0.411	0.442	3997	4232	-0.420109	0.078922	
A/duck/Hunan/11.30_YYGK59	0.2954	0.2689	0.4308	0.2762	0.166	-0.080	0.377	51.80	0.419	0.444	4000	4232	-0.420865	0.078922	
A/duck/Hunan/11.30_YYGK62	0.2967	0.2693	0.4273	0.2784	0.164	-0.088	0.372	52.03	0.420	0.445	4000	4232	-0.408578	0.078922	
A/duck/Hunan/11.30_YYGK63	0.2971	0.2690	0.4273	0.2780	0.165	-0.087	0.372	52.04	0.420	0.445	3999	4232	-0.408719	0.078922	
A/duck/Hunan/11.30_YYGK74	0.3023	0.2708	0.4124	0.2831	0.169	-0.066	0.384	53.14	0.427	0.447	4019	4249	-0.401059	0.081666	
A/duck/Hunan/11.30_YYGK75	0.2852	0.2782	0.4197	0.2881	0.168	-0.067	0.384	52.53	0.435	0.449	4000	4227	-0.414100	0.079252	
A/duck/Hunan/12.27_YYGK10	0.2966	0.2677	0.4391	0.2666	0.165	-0.083	0.375	51.74	0.411	0.442	3997	4232	-0.418360	0.078922	
A/duck/Hunan/12.27_YYGK60	0.2982	0.2687	0.4366	0.2669	0.166	-0.080	0.376	51.87	0.412	0.442	3999	4233	-0.414718	0.079140	
A/duck/Hunan/12.27_YYGK71	0.2969	0.2674	0.4388	0.2669	0.165	-0.083	0.374	51.73	0.411	0.442	3997	4232	-0.418360	0.078922	
A/duck/Hunan/12.27_YYGK73	0.2982	0.2684	0.4369	0.2669	0.166	-0.080	0.376	51.80	0.412	0.442	3999	4233	-0.414529	0.079140	
A/duck/Hunan/12.27_YYGK81	0.2969	0.2674	0.4388	0.2671	0.165	-0.083	0.374	51.74	0.411	0.442	3997	4232	-0.416966	0.078922	
A/duck/Hunan/12.27_YYGK86	0.2979	0.2687	0.4371	0.2665	0.166	-0.080	0.376	51.87	0.412	0.442	3999	4233	-0.414482	0.078904	
A/duck/Hunan/12.27_YYGK89	0.2966	0.2677	0.4388	0.2670	0.165	-0.083	0.375	51.75	0.411	0.442	3997	4232	-0.418195	0.078922	
A/duck/Hunan/12.27_YYGK91	0.2969	0.2674	0.4388	0.2669	0.165	-0.083	0.374	51.74	0.411	0.442	3997	4232	-0.418360	0.078922	
A/duck/Hunan/12.27_YYGK93	0.2966	0.2677	0.4388	0.2670	0.165	-0.083	0.375	51.75	0.411	0.442	3997	4232	-0.418195	0.078922	
A/duck/Hunan/12.27_YYGK95	0.2966	0.2674	0.4391	0.2669	0.165	-0.083	0.374	51.72	0.411	0.442	3997	4232	-0.418360	0.078922	
A/duck/Hunan/12.27_YYGK96	0.2966	0.2677	0.4388	0.2669	0.165	-0.083	0.374	51.75	0.411	0.442	3997	4232	-0.417840	0.079159	
A/duck/Hunan/12.27_YYGK97	0.2969	0.2674	0.4391	0.2666	0.165	-0.083	0.374	51.74	0.411	0.442	3997	4232	-0.418360	0.078922	
A/duck/Hunan/2.06_YYGK77J	0.2939	0.2726	0.4272	0.2777	0.165	-0.085	0.373	51.77	0.423	0.445	4002	4232	-0.410326	0.078922	
A/duck/Hunan/2.06_YYGK78J	0.2988	0.2681	0.4314	0.2727	0.165	-0.085	0.374	52.06	0.415	0.443	4011	4243	-0.415107	0.078954	
A/duck/Hunan/2.06_YYGK84J	0.2932	0.2725	0.4270	0.2780	0.164	-0.086	0.373	51.80	0.423	0.446	4001	4231	-0.409927	0.078941	
A/duck/Hunan/2.06_YYGK92J	0.2932	0.2728	0.4270	0.2780	0.165	-0.085	0.373	51.82	0.423	0.445	4002	4232	-0.410515	0.078922	
A/duck/Hunan/3/2007_H5N1|	0.3057	0.2706	0.4191	0.2766	0.170	-0.070	0.383	52.88	0.420	0.443	3991	4223	-0.415345	0.081459	
A/duck/Hunan/316/2005_H5N	0.3120	0.2655	0.4174	0.2779	0.170	-0.078	0.379	52.73	0.416	0.442	3991	4223	-0.410727	0.081459	
A/duck/Hunan/3315/2006_H5	0.3086	0.2694	0.4105	0.2836	0.170	-0.073	0.381	53.17	0.424	0.445	3988	4223	-0.408738	0.081695	
A/duck/Hunan/689/2006_H5N	0.3085	0.2693	0.4059	0.2895	0.169	-0.073	0.381	52.99	0.428	0.446	3990	4223	-0.416908	0.081932	
A/duck/Hunan/7.21_YYGK41Y	0.2919	0.2702	0.4328	0.2759	0.165	-0.081	0.376	52.07	0.420	0.445	3992	4224	-0.419934	0.078835	
A/duck/Hunan/733/2004_H5N	0.3116	0.2692	0.4075	0.2837	0.172	-0.079	0.378	52.98	0.424	0.446	3994	4223	-0.413166	0.081459	
A/duck/Hunan/8/2008_H5N1|	0.2972	0.2804	0.4134	0.2804	0.172	-0.062	0.387	52.98	0.431	0.448	4000	4229	-0.414259	0.081580	
A/duck/Hunan/S4020/2008_H	0.3067	0.2712	0.4144	0.2817	0.171	-0.074	0.381	52.92	0.423	0.444	3993	4223	-0.408667	0.081695	
A/duck/Hunan/S4030/2011_H	0.3040	0.2723	0.4170	0.2800	0.167	-0.084	0.375	52.73	0.423	0.444	3992	4223	-0.411508	0.081695	
A/duck/Hunan/S4101/2011_H	0.3241	0.2582	0.4201	0.2695	0.168	-0.090	0.372	52.53	0.404	0.437	4005	4233	-0.412686	0.080321	
A/duck/Hunan/S4120/2011_H	0.3222	0.2600	0.4209	0.2686	0.168	-0.088	0.373	52.49	0.405	0.438	4005	4233	-0.411316	0.080558	
A/duck/Hunan/S4150/2011_H	0.3060	0.2709	0.4054	0.2911	0.169	-0.072	0.382	53.47	0.431	0.447	3992	4223	-0.409780	0.081695	
A/duck/Hunan/S4220/2011_H	0.3090	0.2690	0.4142	0.2805	0.168	-0.078	0.378	53.05	0.421	0.444	3994	4223	-0.406820	0.081695	
A/duck/Jiangsu/m234/2012_	0.3071	0.2714	0.4229	0.2689	0.171	-0.077	0.379	52.12	0.416	0.442	4018	4248	-0.403743	0.080744	
A/duck/Jiangxi/01.11_NCNP	0.2980	0.2675	0.4275	0.2783	0.165	-0.085	0.373	52.02	0.419	0.445	3998	4232	-0.414957	0.078922	
A/duck/Jiangxi/10160/2014	0.3015	0.2686	0.4238	0.2806	0.164	-0.086	0.374	52.67	0.420	0.443	4012	4243	-0.413057	0.078482	
A/duck/Jiangxi/11.17_NCNP	0.2972	0.2673	0.4281	0.2802	0.165	-0.087	0.372	52.22	0.420	0.445	3999	4233	-0.419466	0.078904	
A/duck/Jiangxi/11.17_NCNP	0.2972	0.2673	0.4281	0.2802	0.165	-0.087	0.372	52.21	0.420	0.445	3999	4233	-0.419490	0.078904	
A/duck/Jiangxi/11.29_NCDZ	0.2977	0.2675	0.4345	0.2709	0.166	-0.080	0.377	51.83	0.414	0.443	3997	4232	-0.417580	0.078922	
A/duck/Jiangxi/11.29_NCNP	0.2966	0.2695	0.4365	0.2662	0.167	-0.077	0.378	51.84	0.413	0.443	3991	4223	-0.410017	0.079327	
A/duck/Jiangxi/11.29_NCNP	0.2941	0.2700	0.4312	0.2760	0.163	-0.084	0.374	52.13	0.419	0.445	3992	4223	-0.418707	0.078854	
A/duck/Jiangxi/120/2011_H	0.3050	0.2760	0.4147	0.2755	0.171	-0.073	0.381	52.86	0.424	0.444	3993	4224	-0.414631	0.081913	
A/duck/Jiangxi/130/2011_H	0.3064	0.2701	0.4068	0.2908	0.170	-0.068	0.385	53.30	0.429	0.446	3994	4224	-0.414347	0.081439	
A/duck/Jiangxi/13469/2014	0.3016	0.2699	0.4221	0.2801	0.164	-0.086	0.373	52.67	0.421	0.443	4014	4244	-0.412865	0.078464	
A/duck/Jiangxi/13475/2014	0.3013	0.2702	0.4224	0.2797	0.164	-0.086	0.373	52.66	0.421	0.443	4014	4244	-0.412865	0.078464	
A/duck/Jiangxi/13484/2014	0.3013	0.2702	0.4221	0.2801	0.164	-0.087	0.373	52.66	0.421	0.443	4014	4244	-0.412677	0.078464	
A/duck/Jiangxi/2.28NCNP23	0.2962	0.2685	0.4293	0.2776	0.164	-0.088	0.371	51.86	0.419	0.444	4002	4232	-0.411248	0.078922	
A/duck/Jiangxi/2.28_NCNP2	0.2962	0.2685	0.4293	0.2776	0.164	-0.088	0.371	51.86	0.419	0.444	4002	4232	-0.411248	0.078922	
A/duck/Jiangxi/34/2011_H5	0.3107	0.2655	0.4150	0.2806	0.168	-0.077	0.378	53.15	0.419	0.443	3996	4224	-0.401515	0.081676	
A/duck/Jiangxi/35/2011_H5	0.3090	0.2687	0.4108	0.2832	0.169	-0.073	0.381	52.87	0.423	0.445	3996	4224	-0.399834	0.081913	
A/duck/Jiangxi/44/2011_H5	0.3048	0.2651	0.4345	0.2663	0.167	-0.072	0.382	52.08	0.408	0.440	3986	4216	-0.407187	0.082543	
A/duck/Jiangxi/5.26_NCDZT	0.2930	0.2729	0.4233	0.2830	0.165	-0.084	0.374	52.35	0.427	0.447	3998	4232	-0.416092	0.078922	
A/duck/Jiangxi/80/2005_H5	0.3078	0.2714	0.4144	0.2790	0.171	-0.072	0.382	52.97	0.422	0.444	3992	4224	-0.412855	0.081439	
A/duck/Jilin/JL-SIV/2013_	0.3143	0.2678	0.4176	0.2743	0.170	-0.074	0.381	52.80	0.415	0.441	3988	4223	-0.407270	0.082406	
A/duck/Kaohsiung/15010213	0.2991	0.2810	0.4129	0.2774	0.167	-0.082	0.375	51.99	0.430	0.446	4023	4254	-0.402844	0.080630	
A/duck/Kaohsiung/15WB3298	0.3055	0.2743	0.4090	0.2846	0.168	-0.074	0.381	53.24	0.429	0.447	4021	4251	-0.413338	0.081628	
A/duck/Kaohsiung/20WB0242	0.2978	0.2826	0.4187	0.2733	0.169	-0.067	0.385	52.61	0.428	0.447	4023	4251	-0.416914	0.081157	
A/duck/Liaoning/LN/2011_H	0.2983	0.2748	0.4274	0.2706	0.171	-0.076	0.379	52.29	0.419	0.443	4015	4246	-0.403038	0.081959	
A/duck/Nanchang/9789/2013	0.3102	0.2651	0.4182	0.2782	0.164	-0.085	0.374	52.91	0.416	0.443	3994	4224	-0.407055	0.081439	
A/duck/Nantou/15A3437/201	0.2986	0.2811	0.4140	0.2772	0.167	-0.084	0.374	51.92	0.429	0.445	4023	4254	-0.405783	0.080630	
A/duck/Nantou/17A0243/201	0.2981	0.2800	0.4141	0.2785	0.168	-0.078	0.378	52.02	0.430	0.445	4023	4254	-0.403291	0.080395	
A/duck/Pingtung/15010180/	0.3045	0.2722	0.4098	0.2872	0.165	-0.086	0.373	53.06	0.429	0.444	4031	4261	-0.415701	0.080498	
A/duck/Pingtung/15010444/	0.2997	0.2813	0.4130	0.2766	0.168	-0.081	0.376	52.06	0.429	0.445	4023	4254	-0.402045	0.080395	
A/duck/Pingtung/17A0160/2	0.2963	0.2812	0.4149	0.2783	0.167	-0.079	0.377	52.01	0.430	0.445	4025	4255	-0.403972	0.080376	
A/duck/Pingtung/18A00003-	0.2979	0.2792	0.4146	0.2788	0.168	-0.078	0.378	51.93	0.429	0.445	4023	4254	-0.406394	0.080395	
A/duck/Pingtung/18A00076-	0.3014	0.2766	0.4113	0.2811	0.167	-0.082	0.375	52.07	0.429	0.445	4023	4254	-0.402656	0.080630	
A/duck/Pingtung/18X00077/	0.3019	0.2735	0.4208	0.2750	0.165	-0.083	0.375	51.80	0.422	0.444	4023	4254	-0.408345	0.080630	
A/duck/Shandong/009/2008_	0.2947	0.2850	0.4073	0.2866	0.170	-0.063	0.387	52.86	0.439	0.449	3998	4229	-0.411728	0.081816	
A/duck/Shandong/Q1/2013_H	0.3074	0.2668	0.4239	0.2703	0.169	-0.078	0.376	52.58	0.414	0.443	4013	4244	-0.400589	0.081527	
A/duck/Shandong/SD0261/20	0.2919	0.2751	0.4183	0.2854	0.167	-0.076	0.378	52.42	0.431	0.448	3995	4225	-0.412095	0.080000	
A/duck/Shandong/SD0263/20	0.2914	0.2755	0.4182	0.2851	0.167	-0.075	0.379	52.41	0.431	0.448	3995	4225	-0.413420	0.079527	
A/duck/Sichuan/NCXJ15/201	0.2995	0.2712	0.4233	0.2806	0.165	-0.081	0.377	52.64	0.422	0.444	4013	4244	-0.413054	0.078464	
A/duck/Sichuan/NCXJ16/201	0.2992	0.2709	0.4232	0.2813	0.165	-0.081	0.377	52.67	0.422	0.444	4013	4244	-0.413502	0.078464	
A/duck/Sichuan/NCXN10/201	0.3131	0.2659	0.4141	0.2793	0.167	-0.081	0.376	52.77	0.418	0.443	3996	4223	-0.403718	0.081222	
A/duck/Sichuan/NCXN11/201	0.3129	0.2666	0.4119	0.2805	0.166	-0.082	0.375	52.89	0.419	0.443	3995	4223	-0.403292	0.080985	
A/duck/Sichuan/SC4822/202	0.2903	0.2742	0.4352	0.2699	0.165	-0.078	0.377	51.99	0.418	0.444	4010	4238	-0.411491	0.078103	
A/duck/Sichuan/SC5698/202	0.2893	0.2753	0.4352	0.2701	0.165	-0.078	0.377	52.02	0.419	0.445	4010	4238	-0.411963	0.078103	
A/duck/Taichung/15010400-	0.2984	0.2812	0.4153	0.2762	0.168	-0.081	0.376	51.97	0.429	0.445	4023	4254	-0.404513	0.080630	
A/duck/Tainan/15010403/20	0.3045	0.2704	0.4165	0.2770	0.168	-0.084	0.374	52.45	0.422	0.445	4030	4262	-0.402112	0.081183	
A/duck/Tainan/16010020-1/	0.2998	0.2817	0.4139	0.2749	0.169	-0.076	0.379	52.13	0.428	0.446	4023	4254	-0.402116	0.080395	
A/duck/Tainan/16WB3443-15	0.3019	0.2810	0.4050	0.2863	0.170	-0.070	0.383	53.07	0.435	0.449	4021	4251	-0.413409	0.081157	
A/duck/Taipei/05WB830-1-5	0.3051	0.2800	0.4055	0.2821	0.166	-0.085	0.374	52.93	0.431	0.447	4020	4251	-0.411903	0.081393	
A/duck/Taipei/18WB0120-1-	0.2966	0.2809	0.4120	0.2836	0.170	-0.072	0.382	52.94	0.433	0.448	4024	4251	-0.413785	0.080922	
A/duck/Taipei/19WB0235-14	0.3008	0.2824	0.4169	0.2724	0.165	-0.084	0.375	52.81	0.426	0.446	4021	4251	-0.413832	0.081157	
A/duck/Taiwan/01006/2015_	0.2994	0.2807	0.4132	0.2771	0.167	-0.081	0.376	52.10	0.429	0.446	4023	4254	-0.405501	0.080395	
A/duck/Taiwan/11213/2013_	0.3058	0.2736	0.4119	0.2809	0.167	-0.085	0.375	52.35	0.426	0.445	4008	4244	-0.415811	0.081291	
A/duck/Taiwan/11254/2013_	0.3065	0.2733	0.4116	0.2813	0.167	-0.084	0.375	52.31	0.425	0.445	4008	4244	-0.416682	0.081291	
A/duck/Taiwan/A3400/2015_	0.3099	0.2645	0.4073	0.2873	0.165	-0.091	0.369	52.54	0.424	0.445	4024	4256	-0.402749	0.081297	
A/duck/Taiwan/DV1238/2009	0.3072	0.2748	0.4085	0.2816	0.166	-0.089	0.372	52.76	0.427	0.446	4012	4245	-0.413805	0.081037	
A/duck/Taiwan/DV1241/2009	0.3071	0.2746	0.4083	0.2819	0.166	-0.089	0.372	52.82	0.427	0.446	4013	4245	-0.414134	0.081037	
A/duck/Taiwan/DV1242/2009	0.3071	0.2746	0.4087	0.2816	0.166	-0.089	0.372	52.76	0.427	0.446	4013	4245	-0.412556	0.081037	
A/duck/Taoyuan/16010023-1	0.3011	0.2791	0.4156	0.2747	0.167	-0.079	0.378	52.13	0.426	0.444	4022	4254	-0.400682	0.080395	
A/duck/Wenzhou/YJYF33/201	0.3002	0.2715	0.4041	0.2979	0.164	-0.089	0.372	52.93	0.436	0.447	3990	4223	-0.410798	0.082169	
A/duck/Wuhan/JXYFB22/2015	0.3016	0.2666	0.4215	0.2830	0.163	-0.091	0.370	52.31	0.421	0.444	4001	4233	-0.412119	0.079140	
A/duck/Wuhan/WHYF02/2015_	0.3019	0.2657	0.4229	0.2826	0.162	-0.094	0.368	52.37	0.420	0.444	4000	4233	-0.419962	0.078904	
A/duck/Xinjiang/12.18_WLM	0.3032	0.2709	0.4138	0.2805	0.169	-0.067	0.383	53.00	0.425	0.446	4026	4255	-0.395723	0.081551	
A/duck/Yilan/17A0092/2017	0.2994	0.2786	0.4128	0.2796	0.167	-0.081	0.376	51.93	0.429	0.445	4024	4254	-0.403808	0.080160	
A/duck/Yunlin/15010244-1/	0.2992	0.2808	0.4151	0.2759	0.167	-0.081	0.376	51.93	0.428	0.445	4023	4254	-0.405336	0.080395	
A/duck/Yunlin/15010277/20	0.3070	0.2680	0.4249	0.2679	0.168	-0.086	0.373	52.17	0.413	0.441	4032	4263	-0.399977	0.081163	
A/duck/Yunlin/15010310-4/	0.2985	0.2816	0.4146	0.2765	0.168	-0.079	0.377	52.00	0.429	0.445	4023	4254	-0.405313	0.080395	
A/duck/Yunlin/15010318-2/	0.2991	0.2804	0.4145	0.2771	0.168	-0.080	0.377	51.92	0.429	0.445	4023	4254	-0.407381	0.080395	
A/duck/Yunlin/15010369-1/	0.2981	0.2818	0.4146	0.2764	0.168	-0.079	0.377	51.98	0.429	0.446	4023	4254	-0.405430	0.080395	
A/duck/Yunlin/15010458-1/	0.3074	0.2678	0.4251	0.2675	0.169	-0.087	0.372	52.12	0.412	0.441	4032	4263	-0.398616	0.081163	
A/duck/Yunlin/15070002-2/	0.2991	0.2816	0.4136	0.2760	0.168	-0.078	0.378	51.95	0.429	0.446	4023	4254	-0.401222	0.080395	
A/duck/Yunlin/15A5019/201	0.2995	0.2811	0.4144	0.2754	0.168	-0.079	0.378	51.91	0.428	0.445	4023	4254	-0.401340	0.080395	
A/duck/Yunlin/17110001/20	0.2994	0.2777	0.4148	0.2792	0.168	-0.077	0.378	52.03	0.428	0.445	4023	4254	-0.401857	0.080395	
A/duck/Yunlin/17A0086/201	0.2998	0.2790	0.4123	0.2797	0.167	-0.082	0.375	51.99	0.430	0.445	4023	4254	-0.405524	0.080630	
A/duck/Yunlin/17A0686/201	0.2976	0.2807	0.4121	0.2809	0.167	-0.082	0.375	52.00	0.432	0.446	4024	4254	-0.403573	0.080395	
A/duck/Yunlin/18060007-3/	0.2986	0.2784	0.4165	0.2772	0.167	-0.078	0.378	52.16	0.427	0.445	4023	4254	-0.404631	0.080160	
A/duck/Yunlin/18X00007-3/	0.3056	0.2745	0.4174	0.2735	0.169	-0.079	0.376	52.28	0.421	0.443	4024	4254	-0.401669	0.080395	
A/duck/Yunnan/4072/2003_H	0.3109	0.2706	0.4085	0.2815	0.172	-0.076	0.380	53.03	0.424	0.445	3992	4223	-0.411011	0.081459	
A/duck/Yunnan/426/2004_H5	0.3122	0.2685	0.4094	0.2812	0.172	-0.075	0.380	52.97	0.422	0.445	3992	4223	-0.410751	0.081459	
A/duck/Yunnan/4645/2003_H	0.3103	0.2706	0.4084	0.2822	0.172	-0.076	0.380	53.02	0.424	0.446	3991	4223	-0.414019	0.081695	
A/duck/Yunnan/47/2006_H5N	0.3076	0.2724	0.4115	0.2808	0.172	-0.066	0.385	52.99	0.424	0.445	3992	4224	-0.409351	0.081913	
A/duck/Yunnan/485/2004_H5	0.3127	0.2680	0.4096	0.2812	0.171	-0.076	0.380	53.03	0.422	0.445	3992	4223	-0.409164	0.081695	
A/duck/Yunnan/4873/2006_H	0.3073	0.2716	0.4141	0.2795	0.171	-0.073	0.381	52.82	0.422	0.444	3991	4223	-0.405304	0.081459	
A/duck/Yunnan/5090/2003_H	0.3111	0.2707	0.4095	0.2803	0.172	-0.074	0.381	53.03	0.423	0.445	3990	4223	-0.411343	0.081695	
A/duck/Yunnan/5169/2003_H	0.3110	0.2706	0.4094	0.2805	0.172	-0.075	0.381	53.05	0.423	0.445	3991	4223	-0.411958	0.081695	
A/duck/Yunnan/522/2004_H5	0.3125	0.2685	0.4094	0.2809	0.172	-0.073	0.381	53.03	0.422	0.445	3992	4223	-0.410751	0.081459	
A/duck/Yunnan/5310/2006_H	0.3085	0.2707	0.4106	0.2822	0.171	-0.072	0.381	52.90	0.424	0.444	3994	4223	-0.410443	0.081695	
A/duck/Yunnan/5948/2003_H	0.3114	0.2699	0.4096	0.2804	0.172	-0.075	0.380	53.01	0.423	0.445	3992	4223	-0.411579	0.081695	
A/duck/Yunnan/6080/2003_H	0.3112	0.2691	0.4101	0.2808	0.171	-0.077	0.379	53.01	0.422	0.445	3993	4223	-0.409827	0.081695	
A/duck/Yunnan/6603/2003_H	0.3111	0.2689	0.4113	0.2801	0.172	-0.076	0.380	52.96	0.422	0.445	3992	4223	-0.411982	0.081695	
A/duck/Zhejiang/1026109/2	0.3070	0.2717	0.4267	0.2646	0.173	-0.067	0.384	51.87	0.413	0.441	4019	4248	-0.409628	0.080979	
A/duck/Zhejiang/1220092/2	0.3062	0.2683	0.4163	0.2807	0.164	-0.089	0.372	52.60	0.421	0.444	3986	4223	-0.414871	0.081459	
A/duck/Zhejiang/213/2011_	0.3072	0.2675	0.4200	0.2777	0.168	-0.078	0.378	52.64	0.418	0.443	3992	4224	-0.406321	0.081439	
A/duck/Zhejiang/224/2011_	0.3107	0.2650	0.4177	0.2787	0.168	-0.078	0.378	52.76	0.417	0.442	3994	4224	-0.404924	0.081676	
A/duck/Zhejiang/2242/2011	0.3106	0.2648	0.4174	0.2795	0.168	-0.080	0.377	52.78	0.417	0.442	3995	4224	-0.406392	0.081439	
A/duck/Zhejiang/2243/2011	0.3099	0.2654	0.4175	0.2793	0.168	-0.079	0.378	52.75	0.417	0.442	3994	4224	-0.403812	0.081676	
A/duck/Zhejiang/2244/2011	0.3104	0.2653	0.4173	0.2793	0.168	-0.079	0.378	52.79	0.417	0.443	3993	4224	-0.406723	0.081676	
A/duck/Zhejiang/2245/2011	0.3031	0.2740	0.4126	0.2820	0.172	-0.069	0.384	52.61	0.427	0.446	4017	4249	-0.405790	0.082843	
A/duck/Zhejiang/2248/2011	0.3101	0.2653	0.4178	0.2794	0.168	-0.079	0.377	52.75	0.417	0.442	3994	4224	-0.404711	0.081913	
A/duck/Zhejiang/6D18/2013	0.3110	0.2632	0.4157	0.2785	0.167	-0.081	0.375	52.95	0.417	0.444	4020	4249	-0.399247	0.082137	
A/duck/Zhejiang/6D2/2013_	0.3011	0.2697	0.4259	0.2771	0.164	-0.087	0.373	52.70	0.419	0.443	4013	4244	-0.417130	0.078464	
A/duck/Zhejiang/6DK19/201	0.3124	0.2684	0.4203	0.2719	0.168	-0.074	0.380	52.63	0.414	0.440	4016	4244	-0.409025	0.080113	
A/duck/Zhejiang/727041/20	0.3191	0.2621	0.4140	0.2763	0.166	-0.086	0.373	52.84	0.413	0.442	4012	4243	-0.411101	0.080839	
A/duck/Zhejiang/727158/20	0.2994	0.2663	0.4251	0.2829	0.162	-0.094	0.368	52.31	0.420	0.444	4004	4233	-0.410300	0.079613	
A/duck/Zhejiang/77138/201	0.3156	0.2632	0.4192	0.2736	0.165	-0.085	0.374	52.72	0.411	0.441	4015	4243	-0.404077	0.080132	
A/duck/Zhejiang/925019/20	0.3103	0.2630	0.4136	0.2822	0.166	-0.082	0.375	52.95	0.419	0.445	4020	4249	-0.404542	0.082372	
A/duck/Zhejiang/925169/20	0.3115	0.2627	0.4133	0.2813	0.167	-0.083	0.374	52.85	0.419	0.444	4020	4249	-0.401365	0.082372	
A/duck/Zhejiang/W24/2013_	0.3119	0.2624	0.4159	0.2790	0.168	-0.082	0.374	52.84	0.417	0.443	4019	4249	-0.399388	0.081902	
A/egret/Zhejiang/W15/2017	0.2995	0.2638	0.4362	0.2723	0.165	-0.086	0.373	51.75	0.411	0.441	3999	4233	-0.415615	0.079140	
A/egret/Zhejiang/W18/2017	0.2835	0.2813	0.4188	0.2894	0.168	-0.068	0.383	51.92	0.438	0.451	3999	4232	-0.416352	0.078922	
A/equine/China/61/2010_H5	0.3069	0.2721	0.4149	0.2784	0.171	-0.072	0.382	52.90	0.422	0.444	3992	4223	-0.409780	0.081695	
A/equine/China/67/2010_H5	0.3062	0.2723	0.4143	0.2789	0.170	-0.070	0.383	52.90	0.423	0.445	3992	4223	-0.407435	0.081695	
A/equine/China/68/2010_H5	0.3083	0.2704	0.4147	0.2784	0.170	-0.074	0.381	52.83	0.421	0.444	3991	4223	-0.410324	0.081459	
A/eurasian_coot/Shandong/	0.3049	0.2703	0.4063	0.2870	0.166	-0.075	0.379	53.07	0.429	0.448	4005	4236	-0.396766	0.081681	
A/eurasian_coot/Shandong/	0.3046	0.2706	0.4060	0.2874	0.166	-0.075	0.379	53.07	0.429	0.448	4005	4236	-0.395515	0.081681	
A/eurasian_coot/Shandong/	0.3043	0.2709	0.4065	0.2867	0.166	-0.074	0.379	53.07	0.429	0.448	4005	4236	-0.396341	0.081445	
A/eurasian_coot/Shandong/	0.3049	0.2703	0.4063	0.2870	0.166	-0.075	0.379	53.07	0.429	0.448	4005	4236	-0.396766	0.081681	
A/feline/Guangdong/2/2015	0.2937	0.2702	0.4303	0.2778	0.164	-0.085	0.373	51.61	0.421	0.445	4000	4233	-0.421380	0.078904	
A/gadwall/Ningxia/YG61/20	0.2917	0.2802	0.4135	0.2850	0.168	-0.075	0.379	52.66	0.435	0.450	4003	4233	-0.408670	0.079849	
A/goose/Changhua/15040008	0.2995	0.2808	0.4145	0.2759	0.167	-0.080	0.377	51.96	0.428	0.445	4024	4254	-0.406041	0.080395	
A/goose/Chiayi/15010008-3	0.2984	0.2812	0.4145	0.2767	0.167	-0.081	0.376	51.99	0.429	0.446	4023	4254	-0.404631	0.080395	
A/goose/Chiayi/15010016-1	0.2993	0.2812	0.4129	0.2773	0.168	-0.081	0.376	52.02	0.430	0.446	4023	4254	-0.404795	0.080395	
A/goose/Chiayi/15020022/2	0.3068	0.2684	0.4252	0.2676	0.169	-0.085	0.373	52.12	0.413	0.441	4032	4263	-0.399836	0.081163	
A/goose/Chiayi/16010017-2	0.2999	0.2818	0.4134	0.2750	0.169	-0.075	0.380	52.13	0.429	0.446	4023	4254	-0.401998	0.080395	
A/goose/Chiayi/16040003-1	0.3007	0.2811	0.4153	0.2740	0.168	-0.079	0.377	52.10	0.427	0.445	4023	4254	-0.401199	0.080395	
A/goose/Chiayi/16040005/2	0.3007	0.2811	0.4148	0.2748	0.168	-0.079	0.377	52.09	0.427	0.445	4023	4254	-0.401646	0.080395	
A/goose/Chiayi/17020027-1	0.2980	0.2787	0.4141	0.2796	0.167	-0.080	0.376	51.88	0.429	0.445	4024	4254	-0.396874	0.080395	
A/goose/Chiayi/17040014/2	0.3003	0.2798	0.4120	0.2801	0.166	-0.082	0.376	51.87	0.430	0.445	4020	4254	-0.404396	0.080865	
A/goose/Chiayi/18010006/2	0.2992	0.2787	0.4147	0.2792	0.167	-0.078	0.377	52.01	0.429	0.444	4022	4254	-0.403503	0.080865	
A/goose/Chiayi/18020014-1	0.2997	0.2783	0.4149	0.2781	0.167	-0.080	0.376	52.04	0.428	0.445	4023	4254	-0.400846	0.080395	
A/goose/Chiayi/18020014-2	0.2997	0.2783	0.4149	0.2781	0.167	-0.080	0.376	52.04	0.428	0.445	4023	4254	-0.400258	0.080395	
A/goose/China/0701/2018_H	0.2973	0.2678	0.4284	0.2769	0.164	-0.089	0.371	52.04	0.418	0.445	4003	4232	-0.408767	0.078922	
A/goose/China/1/2021_H5N8	0.3035	0.2714	0.4061	0.2870	0.166	-0.076	0.378	52.97	0.430	0.449	4007	4236	-0.396978	0.082153	
A/goose/China/1106/2016_H	0.3078	0.2694	0.4271	0.2653	0.171	-0.074	0.380	51.93	0.412	0.440	4016	4248	-0.409440	0.081215	
A/goose/China/E43/2012_H5	0.3121	0.2641	0.4146	0.2808	0.167	-0.083	0.375	52.76	0.418	0.443	3996	4224	-0.408144	0.081913	
A/goose/China/M14/2016_H5	0.2858	0.2751	0.4291	0.2814	0.165	-0.082	0.374	51.56	0.428	0.446	3996	4224	-0.410251	0.079072	
A/goose/Eastern_China/111	0.3031	0.2740	0.4227	0.2703	0.171	-0.073	0.381	52.47	0.419	0.443	4016	4249	-0.404895	0.080725	
A/goose/Eastern_China/223	0.2980	0.2837	0.4120	0.2776	0.173	-0.064	0.387	52.87	0.432	0.446	3989	4223	-0.408809	0.081222	
A/goose/Eastern_China/CZ/	0.3125	0.2630	0.4138	0.2796	0.168	-0.081	0.375	52.82	0.418	0.443	4018	4249	-0.402095	0.082137	
A/goose/Eastern_China/L12	0.3076	0.2679	0.4226	0.2705	0.170	-0.078	0.377	52.45	0.415	0.443	4013	4245	-0.403015	0.082214	
A/goose/Eastern_China/L12	0.3138	0.2596	0.4259	0.2685	0.166	-0.086	0.373	52.31	0.407	0.441	4014	4250	-0.402424	0.081882	
A/goose/Eastern_China/S04	0.3123	0.2633	0.4160	0.2772	0.167	-0.082	0.375	53.01	0.416	0.443	4021	4250	-0.400800	0.081882	
A/goose/Eastern_China/S05	0.2991	0.2674	0.4292	0.2759	0.164	-0.087	0.372	52.08	0.417	0.444	4005	4235	-0.414451	0.079103	
A/goose/Fujian/10.11_FZHX	0.2946	0.2675	0.4381	0.2704	0.165	-0.088	0.372	51.63	0.414	0.443	3998	4232	-0.421314	0.079159	
A/goose/Fujian/10.26_FZHX	0.2958	0.2687	0.4307	0.2762	0.165	-0.081	0.376	51.82	0.418	0.444	4000	4232	-0.420983	0.078922	
A/goose/Fujian/10.26_FZHX	0.2958	0.2687	0.4307	0.2762	0.165	-0.081	0.376	51.82	0.418	0.444	4000	4232	-0.421479	0.078922	
A/goose/Fujian/10.26_FZHX	0.2962	0.2684	0.4315	0.2753	0.165	-0.080	0.377	51.80	0.418	0.444	3999	4232	-0.421456	0.078922	
A/goose/Fujian/10.26_FZHX	0.2964	0.2680	0.4318	0.2749	0.165	-0.079	0.377	51.80	0.417	0.443	4000	4232	-0.420700	0.078686	
A/goose/Fujian/10.26_FZHX	0.2962	0.2684	0.4315	0.2753	0.165	-0.080	0.377	51.80	0.418	0.444	3999	4232	-0.421456	0.078922	
A/goose/Fujian/10.26_FZHX	0.2962	0.2684	0.4315	0.2753	0.165	-0.080	0.377	51.80	0.418	0.444	3999	4232	-0.421456	0.078922	
A/goose/Fujian/10.26_FZHX	0.2957	0.2686	0.4309	0.2761	0.165	-0.081	0.376	51.81	0.418	0.444	4001	4233	-0.421072	0.078904	
A/goose/Fujian/10.26_FZHX	0.2962	0.2684	0.4315	0.2753	0.165	-0.080	0.377	51.80	0.418	0.444	3999	4232	-0.421456	0.078922	
A/goose/Fujian/10.26_FZHX	0.2958	0.2687	0.4307	0.2762	0.165	-0.081	0.376	51.82	0.418	0.444	4000	4232	-0.420983	0.078922	
A/goose/Fujian/11.3_FZHX1	0.2939	0.2680	0.4375	0.2710	0.165	-0.086	0.373	51.57	0.415	0.443	3999	4233	-0.419324	0.078904	
A/goose/Fujian/3.15_FZHX0	0.2962	0.2678	0.4297	0.2767	0.164	-0.087	0.372	52.13	0.418	0.444	3990	4221	-0.412627	0.078654	
A/goose/Fujian/3.15_FZHX0	0.2965	0.2675	0.4290	0.2774	0.164	-0.087	0.372	52.18	0.419	0.445	3990	4221	-0.411561	0.078654	
A/goose/Fujian/3.15_FZHX0	0.3007	0.2659	0.4254	0.2787	0.164	-0.085	0.373	52.22	0.418	0.444	3991	4221	-0.417366	0.078891	
A/goose/Fujian/3.15_FZHX0	0.2990	0.2664	0.4293	0.2764	0.164	-0.086	0.373	52.13	0.417	0.444	4001	4232	-0.412240	0.078922	
A/goose/Fujian/3.15_FZHX0	0.2987	0.2676	0.4267	0.2777	0.163	-0.087	0.372	52.29	0.419	0.444	3993	4222	-0.414448	0.079109	
A/goose/GuangDong/1189/20	0.3112	0.2663	0.4141	0.2793	0.167	-0.075	0.380	52.41	0.419	0.445	4004	4235	-0.409563	0.082881	
A/goose/Guangdong/7.20_DG	0.2961	0.2693	0.4295	0.2762	0.164	-0.085	0.373	52.14	0.419	0.445	4001	4232	-0.411508	0.078922	
A/goose/Guangdong/72/2004	0.3119	0.2700	0.4084	0.2804	0.172	-0.077	0.379	53.27	0.423	0.446	3991	4224	-0.409683	0.081439	
A/goose/Guangdong/QY01/20	0.2972	0.2662	0.4303	0.2764	0.165	-0.084	0.374	51.90	0.417	0.445	3998	4232	-0.416044	0.078686	
A/goose/Guangdong/k0103/2	0.3018	0.2722	0.4282	0.2691	0.169	-0.084	0.374	52.21	0.416	0.442	4014	4247	-0.402425	0.080527	
A/goose/Guangdong/s13124/	0.3089	0.2664	0.4259	0.2684	0.170	-0.081	0.375	52.38	0.411	0.441	4015	4244	-0.394628	0.082234	
A/goose/Hebei/HG12/2021_H	0.3026	0.2726	0.4059	0.2870	0.166	-0.074	0.379	53.07	0.431	0.449	4011	4242	-0.394507	0.081565	
A/goose/Henan/01.01_LYGL0	0.2956	0.2678	0.4348	0.2724	0.165	-0.085	0.374	51.78	0.415	0.443	3996	4232	-0.415572	0.078922	
A/goose/Hong_Kong/23/1978	0.3018	0.2788	0.4104	0.2830	0.168	-0.078	0.378	52.37	0.431	0.447	4024	4252	-0.417615	0.081373	
A/goose/Hubei/65/2005_H5N	0.3087	0.2687	0.4140	0.2807	0.170	-0.074	0.380	52.90	0.421	0.443	3994	4223	-0.411153	0.081459	
A/goose/Inner_Mongolia/IM	0.3063	0.2763	0.4030	0.2872	0.172	-0.065	0.386	52.87	0.432	0.447	4015	4248	-0.411464	0.082627	
A/goose/Jiangsu/QD5/2014_	0.3114	0.2616	0.4182	0.2775	0.166	-0.086	0.372	52.77	0.415	0.443	4018	4249	-0.403554	0.082137	
A/goose/Jiangsu/k0403/201	0.2989	0.2803	0.4121	0.2828	0.171	-0.064	0.386	53.05	0.432	0.445	3991	4223	-0.410159	0.081932	
A/goose/Pingtung/15010007	0.2996	0.2809	0.4132	0.2771	0.167	-0.082	0.376	51.99	0.429	0.445	4023	4254	-0.404725	0.080395	
A/goose/Pingtung/15010037	0.2996	0.2809	0.4129	0.2774	0.167	-0.081	0.376	52.02	0.429	0.446	4023	4254	-0.404725	0.080395	
A/goose/Pingtung/15050014	0.3080	0.2660	0.4085	0.2870	0.165	-0.089	0.371	52.59	0.425	0.445	4024	4255	-0.402562	0.081081	
A/goose/Pingtung/16010061	0.3093	0.2642	0.4116	0.2837	0.164	-0.092	0.368	52.53	0.422	0.444	4023	4255	-0.403807	0.081081	
A/goose/Shantou/1763/2014	0.3006	0.2665	0.4232	0.2834	0.163	-0.092	0.369	52.26	0.421	0.444	4002	4233	-0.414741	0.078904	
A/goose/Tainan/16040018-1	0.3093	0.2640	0.4116	0.2838	0.164	-0.092	0.369	52.49	0.422	0.444	4023	4255	-0.402797	0.081316	
A/goose/Tainan/16070002/2	0.3112	0.2619	0.4124	0.2829	0.163	-0.096	0.367	52.47	0.419	0.443	4024	4255	-0.402585	0.081081	
A/goose/Tainan/17030022-1	0.2984	0.2794	0.4141	0.2786	0.167	-0.080	0.376	51.94	0.429	0.445	4024	4254	-0.402045	0.080395	
A/goose/Tainan/17030024-1	0.2997	0.2786	0.4134	0.2784	0.167	-0.083	0.374	51.93	0.428	0.445	4022	4254	-0.401293	0.080395	
A/goose/Tainan/18010022-1	0.2964	0.2816	0.4108	0.2818	0.168	-0.079	0.377	52.31	0.433	0.447	4022	4254	-0.400329	0.080160	
A/goose/Tainan/18050014-1	0.2981	0.2788	0.4134	0.2813	0.167	-0.083	0.375	52.28	0.430	0.445	4025	4254	-0.401058	0.080395	
A/goose/Taiwan/01019/2015	0.3036	0.2707	0.4157	0.2778	0.168	-0.085	0.373	52.47	0.423	0.446	4031	4262	-0.399859	0.081417	
A/goose/Taiwan/01022/2015	0.2980	0.2820	0.4139	0.2762	0.168	-0.079	0.377	52.01	0.430	0.446	4023	4254	-0.403220	0.080160	
A/goose/Taiwan/01023/2015	0.2991	0.2807	0.4132	0.2777	0.168	-0.081	0.376	51.97	0.429	0.446	4024	4254	-0.403926	0.080395	
A/goose/Taiwan/01031/2015	0.2986	0.2820	0.4131	0.2770	0.168	-0.079	0.377	51.99	0.430	0.446	4024	4254	-0.402468	0.080395	
A/goose/Taiwan/01038/2015	0.3037	0.2730	0.4099	0.2856	0.165	-0.085	0.374	53.11	0.429	0.445	4031	4261	-0.415701	0.080263	
A/goose/Taiwan/01039/2015	0.3059	0.2684	0.4247	0.2688	0.168	-0.085	0.373	52.14	0.414	0.442	4032	4263	-0.402580	0.080694	
A/goose/Taiwan/01040/2015	0.2980	0.2817	0.4146	0.2763	0.167	-0.082	0.376	51.91	0.429	0.446	4023	4254	-0.408110	0.080395	
A/goose/Taiwan/TNC1/2015_	0.3073	0.2671	0.4251	0.2686	0.168	-0.088	0.372	52.08	0.413	0.441	4026	4257	-0.403665	0.081278	
A/goose/Taiwan/TNC10/2015	0.3076	0.2668	0.4251	0.2686	0.168	-0.088	0.371	52.07	0.412	0.441	4026	4257	-0.402396	0.081278	
A/goose/Taiwan/TNC11/2015	0.3044	0.2700	0.4177	0.2761	0.168	-0.084	0.374	52.44	0.421	0.445	4024	4256	-0.404018	0.081297	
A/goose/Taiwan/TNC12/2015	0.3073	0.2671	0.4251	0.2686	0.168	-0.088	0.372	52.08	0.413	0.441	4026	4257	-0.402396	0.081278	
A/goose/Taiwan/TNC14/2015	0.3073	0.2671	0.4251	0.2686	0.168	-0.088	0.371	52.09	0.413	0.441	4026	4257	-0.402396	0.081278	
A/goose/Taiwan/TNC3/2015_	0.3074	0.2672	0.4245	0.2692	0.168	-0.087	0.372	52.11	0.413	0.441	4026	4257	-0.402326	0.081278	
A/goose/Taiwan/TNC7/2015_	0.3076	0.2668	0.4251	0.2686	0.168	-0.088	0.371	52.07	0.412	0.441	4026	4257	-0.402396	0.081278	
A/goose/Taiwan/TNC9/2015_	0.3074	0.2672	0.4245	0.2692	0.168	-0.087	0.372	52.10	0.413	0.441	4026	4257	-0.402326	0.081278	
A/goose/Taiwan/TNO15/2015	0.3041	0.2703	0.4169	0.2766	0.168	-0.085	0.373	52.44	0.421	0.446	4024	4256	-0.403783	0.081062	
A/goose/Taiwan/TNO3/2015_	0.3060	0.2682	0.4253	0.2685	0.168	-0.087	0.372	52.08	0.414	0.442	4026	4257	-0.402044	0.081278	
A/goose/Taiwan/TNO9/2015_	0.3041	0.2703	0.4177	0.2761	0.168	-0.084	0.374	52.46	0.421	0.445	4024	4256	-0.404018	0.081297	
A/goose/Taoyuan/15010041/	0.3063	0.2688	0.4251	0.2676	0.169	-0.086	0.372	52.09	0.413	0.441	4026	4256	-0.397744	0.081297	
A/goose/Taoyuan/18120002-	0.3009	0.2770	0.4075	0.2867	0.170	-0.070	0.382	52.61	0.433	0.447	4023	4254	-0.405007	0.080395	
A/goose/Xinjiang/12.18_WL	0.2960	0.2689	0.4229	0.2845	0.162	-0.094	0.368	52.01	0.424	0.446	4001	4233	-0.409922	0.079140	
A/goose/Xinjiang/12.18_WL	0.2960	0.2689	0.4229	0.2844	0.161	-0.094	0.367	52.02	0.424	0.446	4001	4233	-0.410867	0.079140	
A/goose/Xinjiang/12.18_WL	0.3022	0.2717	0.4124	0.2823	0.169	-0.067	0.383	53.05	0.427	0.447	4026	4255	-0.396310	0.081551	
A/goose/Xinjiang/12.18_WL	0.3020	0.2718	0.4125	0.2822	0.169	-0.067	0.383	53.03	0.427	0.447	4026	4255	-0.396310	0.081551	
A/goose/Xinjiang/12.18_WL	0.3020	0.2718	0.4124	0.2820	0.170	-0.066	0.384	53.03	0.427	0.447	4026	4255	-0.396310	0.081551	
A/goose/Xinjiang/12.18_WL	0.3020	0.2718	0.4129	0.2819	0.169	-0.067	0.383	53.01	0.426	0.447	4026	4255	-0.396310	0.081551	
A/goose/Yangzhou/0420/201	0.3115	0.2627	0.4170	0.2776	0.166	-0.084	0.374	52.94	0.416	0.443	4017	4249	-0.406472	0.082137	
A/goose/Yangzhou/YZ587/20	0.2954	0.2689	0.4357	0.2716	0.164	-0.085	0.373	51.81	0.415	0.442	4000	4233	-0.415167	0.078904	
A/goose/Yunlin/15010005/2	0.2991	0.2810	0.4144	0.2764	0.168	-0.081	0.376	51.92	0.429	0.445	4022	4254	-0.407146	0.080395	
A/goose/Yunlin/15010009-1	0.2992	0.2807	0.4143	0.2767	0.168	-0.082	0.376	51.92	0.429	0.445	4022	4254	-0.406253	0.080395	
A/goose/Yunlin/15010010-2	0.2990	0.2809	0.4140	0.2771	0.168	-0.081	0.376	51.93	0.429	0.446	4023	4254	-0.406441	0.080395	
A/goose/Yunlin/15010011-1	0.2990	0.2809	0.4143	0.2767	0.168	-0.081	0.376	51.88	0.429	0.445	4023	4254	-0.406535	0.080395	
A/goose/Yunlin/15010029-1	0.2989	0.2808	0.4143	0.2767	0.167	-0.081	0.376	51.88	0.429	0.446	4023	4254	-0.406676	0.080395	
A/goose/Yunlin/15040040/2	0.3024	0.2722	0.4163	0.2773	0.168	-0.082	0.375	52.47	0.423	0.446	4029	4262	-0.402464	0.081183	
A/goose/Yunlin/16020008-4	0.2994	0.2816	0.4145	0.2757	0.169	-0.077	0.379	52.18	0.428	0.445	4024	4254	-0.401222	0.080395	
A/goose/Yunlin/16020011-1	0.3014	0.2799	0.4153	0.2746	0.169	-0.077	0.378	52.19	0.426	0.444	4023	4254	-0.401575	0.080630	
A/goose/Yunlin/16040002-2	0.3002	0.2803	0.4156	0.2751	0.169	-0.078	0.378	52.14	0.427	0.445	4024	4254	-0.401763	0.080630	
A/goose/Yunlin/17100005/2	0.3006	0.2771	0.4177	0.2755	0.167	-0.081	0.376	51.87	0.425	0.444	4023	4254	-0.403221	0.080630	
A/goose/Yunlin/18030020-2	0.3008	0.2754	0.4121	0.2819	0.165	-0.083	0.375	52.38	0.428	0.446	4026	4254	-0.406229	0.080160	
A/goose/Yunlin/18030020-3	0.3009	0.2755	0.4126	0.2815	0.165	-0.084	0.374	52.31	0.428	0.445	4025	4254	-0.406394	0.080160	
A/goose/Yunlin/18040002-3	0.2984	0.2779	0.4117	0.2823	0.168	-0.079	0.377	52.24	0.431	0.446	4023	4254	-0.399224	0.079925	
A/goose/Yunlin/18040018-2	0.2978	0.2794	0.4123	0.2817	0.167	-0.080	0.376	52.18	0.431	0.446	4023	4254	-0.400799	0.079925	
A/goose/Yunlin/18090002-3	0.2965	0.2796	0.4132	0.2825	0.165	-0.082	0.375	52.37	0.432	0.445	4023	4254	-0.400823	0.080160	
A/goose/Yunlin/18090006-1	0.3018	0.2731	0.4190	0.2770	0.166	-0.079	0.377	51.76	0.423	0.444	4029	4254	-0.404678	0.080395	
A/goose/Yunlin/18110002-3	0.3008	0.2781	0.4046	0.2880	0.170	-0.072	0.381	52.74	0.435	0.448	4024	4253	-0.405243	0.080179	
A/goose/Yunnan/3798/2006_	0.3083	0.2706	0.4146	0.2791	0.170	-0.073	0.381	52.79	0.421	0.444	3991	4223	-0.404026	0.081695	
A/goose/Yunnan/4371/2006_	0.3071	0.2716	0.4135	0.2799	0.171	-0.072	0.382	52.88	0.423	0.444	3990	4223	-0.406867	0.081459	
A/goose/Yunnan/4389/2006_	0.3068	0.2716	0.4138	0.2799	0.171	-0.073	0.381	52.86	0.423	0.444	3990	4223	-0.406962	0.081459	
A/goose/Yunnan/4985/2006_	0.3074	0.2716	0.4136	0.2799	0.171	-0.072	0.382	52.87	0.423	0.444	3990	4223	-0.405352	0.081459	
A/goose/Yunnan/5141/2006_	0.3062	0.2711	0.4161	0.2789	0.170	-0.074	0.380	52.68	0.422	0.444	3958	4188	-0.415210	0.082139	
A/goose/Yunnan/5769/2006_	0.3091	0.2704	0.4109	0.2819	0.170	-0.074	0.381	53.05	0.424	0.444	3994	4223	-0.409946	0.082169	
A/goose/Yunnan/5979/2006_	0.3091	0.2707	0.4108	0.2815	0.171	-0.073	0.381	53.06	0.424	0.444	3994	4223	-0.409212	0.082169	
A/goose/Yunnan/6193/2006_	0.3070	0.2715	0.4160	0.2771	0.171	-0.068	0.384	52.89	0.421	0.444	3991	4223	-0.407791	0.081695	
A/goose/Zhejiang/1120132/	0.2998	0.2697	0.4261	0.2782	0.166	-0.083	0.375	52.44	0.419	0.443	4013	4244	-0.413713	0.078228	
A/goose/Zhejiang/112071/2	0.3075	0.2702	0.4157	0.2788	0.165	-0.083	0.375	52.70	0.421	0.443	3994	4223	-0.412006	0.081459	
A/goose/Zhejiang/112080/2	0.2999	0.2673	0.4255	0.2815	0.165	-0.084	0.375	52.33	0.420	0.443	4012	4244	-0.409684	0.078464	
A/goose/Zhejiang/727092/2	0.2997	0.2669	0.4251	0.2810	0.162	-0.093	0.369	52.39	0.420	0.444	4004	4233	-0.413229	0.078904	
A/goose/Zhejiang/727098/2	0.3126	0.2656	0.4173	0.2778	0.168	-0.079	0.378	52.52	0.416	0.441	3993	4223	-0.414847	0.082879	
A/goose/Zhejiang/727110/2	0.2991	0.2687	0.4261	0.2798	0.162	-0.094	0.368	52.27	0.420	0.444	4004	4233	-0.412025	0.079849	
A/goose/Zhejiang/77166/20	0.3160	0.2636	0.4152	0.2759	0.165	-0.087	0.372	52.80	0.414	0.443	4014	4243	-0.402993	0.080132	
A/goose/Zhejiang/77167/20	0.3155	0.2631	0.4192	0.2736	0.165	-0.084	0.374	52.72	0.411	0.441	4015	4243	-0.405161	0.079896	
A/goose/Zhejiang/77168/20	0.3152	0.2634	0.4195	0.2732	0.165	-0.084	0.374	52.72	0.411	0.441	4015	4243	-0.405751	0.079896	
A/goose/Zhejiang/925036/2	0.2987	0.2695	0.4272	0.2758	0.163	-0.091	0.370	52.26	0.419	0.445	4002	4233	-0.409095	0.078668	
A/goose/Zhejiang/925037/2	0.3096	0.2647	0.4178	0.2771	0.169	-0.075	0.379	52.43	0.417	0.444	4021	4249	-0.402424	0.082137	
A/goose/Zhejiang/925104/2	0.3102	0.2650	0.4145	0.2784	0.167	-0.082	0.375	52.95	0.419	0.445	4020	4249	-0.403766	0.082137	
A/goose/Zhejiang/925105/2	0.3034	0.2672	0.4271	0.2760	0.164	-0.085	0.374	52.60	0.416	0.442	4013	4244	-0.412182	0.078464	
A/goose/Zhejiang/925106/2	0.2926	0.2732	0.4256	0.2792	0.166	-0.080	0.377	52.36	0.425	0.446	4008	4238	-0.419136	0.079991	
A/goose/Zhejiang/925108/2	0.3040	0.2666	0.4262	0.2769	0.164	-0.086	0.373	52.65	0.416	0.442	4016	4244	-0.411640	0.077992	
A/great_black-headed_gull	0.3053	0.2723	0.4133	0.2827	0.171	-0.067	0.385	53.05	0.425	0.445	3992	4223	-0.410348	0.081695	
A/great_crested-grebe/Qin	0.3055	0.2720	0.4173	0.2790	0.171	-0.064	0.386	52.90	0.422	0.443	3996	4229	-0.413455	0.081816	
A/great_egret/Hong_Kong/8	0.3091	0.2685	0.4163	0.2786	0.170	-0.074	0.381	52.95	0.420	0.443	3992	4224	-0.415885	0.081913	
A/great_tit/Panjing/PJ-66	0.2993	0.2746	0.4055	0.2947	0.169	-0.071	0.382	53.02	0.436	0.448	3993	4223	-0.414776	0.081695	
A/green-winged_teal/Xiang	0.3020	0.2802	0.4029	0.2861	0.170	-0.075	0.380	52.63	0.435	0.450	4014	4245	-0.415383	0.081037	
A/grey_heron/Hong_Kong/10	0.3087	0.2685	0.4167	0.2784	0.170	-0.075	0.380	52.89	0.419	0.443	3993	4224	-0.416098	0.081913	
A/grey_heron/Hong_Kong/30	0.3072	0.2705	0.4162	0.2787	0.170	-0.074	0.381	52.93	0.421	0.444	3991	4224	-0.419200	0.081913	
A/heron/Kaohsiung/15WB328	0.3006	0.2788	0.4131	0.2806	0.169	-0.070	0.383	52.95	0.430	0.447	4023	4251	-0.413362	0.081157	
A/heron/Yilan/17DB0001/20	0.2973	0.2804	0.4114	0.2811	0.167	-0.081	0.376	52.16	0.432	0.446	4026	4254	-0.404984	0.080395	
A/hill_myna/Heilongjiang/	0.3069	0.2703	0.4164	0.2792	0.167	-0.080	0.377	53.02	0.421	0.444	3995	4223	-0.415913	0.081695	
A/lesser_kestrel/Heilongj	0.3100	0.2679	0.4051	0.2896	0.169	-0.077	0.380	52.95	0.427	0.446	3990	4223	-0.405731	0.082169	
A/lion/Hubei/1-2/2016_H5N	0.3015	0.2703	0.4072	0.2946	0.165	-0.087	0.373	52.78	0.433	0.445	3990	4223	-0.408099	0.081932	
A/little_egret/Hong_Kong/	0.3088	0.2673	0.4138	0.2825	0.169	-0.081	0.377	52.69	0.422	0.443	3992	4223	-0.413071	0.082169	
A/little_grebe/Xianghai/4	0.3054	0.2747	0.4178	0.2726	0.170	-0.071	0.382	52.17	0.421	0.446	4003	4232	-0.407396	0.081285	
A/magpie_robin/Hong_Kong/	0.3085	0.2695	0.4151	0.2799	0.171	-0.075	0.380	52.90	0.421	0.444	3993	4224	-0.416383	0.081676	
A/magpie_robin/Hong_Kong/	0.3082	0.2704	0.4148	0.2793	0.171	-0.073	0.381	52.91	0.422	0.444	3994	4224	-0.414939	0.081676	
A/mallard/Shanghai/SH-9/2	0.3133	0.2621	0.4152	0.2784	0.168	-0.082	0.375	52.88	0.416	0.443	4019	4249	-0.401906	0.082372	
A/meerkat/Shanghai/SH-1/2	0.3100	0.2685	0.4131	0.2813	0.167	-0.079	0.378	52.70	0.421	0.444	3993	4223	-0.413119	0.081695	
A/migratory_waterfowl/Hub	0.2988	0.2708	0.4240	0.2799	0.163	-0.087	0.372	52.64	0.422	0.444	4014	4244	-0.414043	0.078464	
A/migratory_waterfowl/Hub	0.2991	0.2705	0.4240	0.2799	0.163	-0.088	0.372	52.66	0.422	0.444	4014	4244	-0.414138	0.078464	
A/mink/China/181/2019_H5N	0.2972	0.2683	0.4307	0.2745	0.164	-0.090	0.370	51.93	0.417	0.444	4001	4232	-0.407160	0.078922	
A/mink/China/183/2019_H5N	0.2982	0.2660	0.4279	0.2797	0.163	-0.090	0.370	51.86	0.419	0.444	4002	4232	-0.414414	0.079159	
A/mink/China/191/2019_H5N	0.2984	0.2655	0.4275	0.2795	0.164	-0.089	0.371	51.93	0.418	0.445	4003	4232	-0.411697	0.078922	
A/mink/China/456/2018_H5N	0.2926	0.2722	0.4268	0.2808	0.166	-0.074	0.380	52.22	0.424	0.446	4005	4232	-0.412713	0.078686	
A/mink/China/G/2015_H5N1|	0.3113	0.2629	0.4224	0.2744	0.167	-0.079	0.377	52.71	0.412	0.442	3996	4224	-0.404072	0.081439	
A/mink/China/XB/2015_H5N1	0.2999	0.2709	0.4066	0.2956	0.165	-0.085	0.374	52.88	0.434	0.446	3989	4223	-0.411059	0.081459	
A/mink/Eastern_China/006/	0.2857	0.2793	0.4270	0.2785	0.166	-0.077	0.379	52.51	0.429	0.447	4005	4237	-0.423885	0.079537	
A/mink/Eastern_China/0712	0.3165	0.2615	0.4412	0.2512	0.160	-0.101	0.365	51.77	0.394	0.432	4006	4236	-0.409183	0.082153	
A/mink/Eastern_China/149/	0.2945	0.2702	0.4293	0.2781	0.164	-0.084	0.374	52.14	0.421	0.445	4000	4232	-0.417202	0.078922	
A/mink/Eastern_China/528/	0.2866	0.2799	0.4283	0.2765	0.167	-0.075	0.380	52.62	0.428	0.446	4006	4237	-0.422044	0.079301	
A/mink/Eastern_China/571/	0.2970	0.2678	0.4312	0.2750	0.164	-0.088	0.371	52.08	0.417	0.444	4002	4232	-0.411224	0.078922	
A/mink/Northern_China/110	0.2857	0.2818	0.4227	0.2814	0.170	-0.061	0.387	52.30	0.433	0.448	4007	4238	-0.421779	0.079283	
A/night_heron/Taiwan/A289	0.2996	0.2806	0.4136	0.2768	0.168	-0.080	0.376	51.93	0.429	0.445	4024	4254	-0.406135	0.080395	
A/oriental_magpie_robin/H	0.2840	0.2785	0.4332	0.2765	0.167	-0.074	0.380	51.82	0.427	0.446	4000	4230	-0.412624	0.079433	
A/ostrich/Suzhou/097/2003	0.3098	0.2722	0.4066	0.2848	0.172	-0.075	0.380	53.47	0.427	0.446	3993	4224	-0.414844	0.081676	
A/parrot/Guangdong/258/20	0.3024	0.2778	0.4143	0.2796	0.167	-0.076	0.380	52.43	0.427	0.445	4018	4251	-0.409457	0.081393	
A/parrot/Guangdong/C99/20	0.3112	0.2706	0.4074	0.2823	0.172	-0.076	0.380	53.21	0.424	0.446	3993	4224	-0.411198	0.081913	
A/partridge/Shantou/2886/	0.3126	0.2695	0.4166	0.2744	0.171	-0.076	0.380	52.84	0.417	0.442	3996	4229	-0.401963	0.081580	
A/peacock/Yunnan/1/2015_H	0.3007	0.2711	0.4075	0.2941	0.166	-0.085	0.374	52.91	0.433	0.446	3988	4223	-0.413687	0.081932	
A/peacock/Yunnan/3/2015_H	0.3000	0.2719	0.4072	0.2945	0.166	-0.084	0.374	52.86	0.434	0.445	3988	4223	-0.408833	0.081932	
A/peregrine_falcon/Hong_K	0.3025	0.2793	0.4131	0.2759	0.173	-0.064	0.386	52.91	0.427	0.446	3991	4223	-0.410230	0.081459	
A/pheasant/Shantou/3535/2	0.3154	0.2691	0.4081	0.2813	0.171	-0.085	0.375	53.28	0.421	0.444	4012	4244	-0.403275	0.082234	
A/pheasant/Shantou/4567/2	0.3101	0.2704	0.4101	0.2813	0.171	-0.077	0.379	53.11	0.423	0.445	3994	4224	-0.412027	0.081676	
A/pied_megpie/Liaoning/7/	0.3121	0.2705	0.4113	0.2773	0.171	-0.074	0.381	52.99	0.421	0.444	3993	4224	-0.421378	0.081913	
A/pigeon/Fujian/1.17_FZHX	0.2929	0.2692	0.4403	0.2676	0.166	-0.084	0.374	51.46	0.413	0.443	4003	4237	-0.417914	0.078829	
A/pigeon/Hainan/1.14_HKPL	0.2966	0.2685	0.4275	0.2781	0.165	-0.086	0.373	51.96	0.420	0.445	3990	4221	-0.413338	0.078654	
A/pigeon/Hubei/RP25/2012_	0.3027	0.2771	0.4149	0.2755	0.171	-0.069	0.384	52.86	0.425	0.445	3992	4223	-0.414634	0.081459	
A/pigeon/Sichuan/NCXN29/2	0.3128	0.2668	0.4124	0.2804	0.167	-0.081	0.376	52.84	0.419	0.443	3993	4223	-0.405494	0.081222	
A/pigeon/Zhejiang/112089/	0.3055	0.2710	0.4134	0.2822	0.165	-0.085	0.374	52.83	0.424	0.445	3995	4223	-0.415155	0.081459	
A/pigeon/Zhejiang/112090/	0.3043	0.2713	0.4179	0.2796	0.166	-0.086	0.374	52.38	0.422	0.444	3992	4223	-0.412835	0.081695	
A/pigeon/Zhejiang/727097/	0.3134	0.2654	0.4168	0.2779	0.168	-0.079	0.378	52.56	0.416	0.441	3992	4223	-0.414966	0.082879	
A/plateau_pika/Qinghai/04	0.3047	0.2746	0.4134	0.2787	0.171	-0.069	0.384	53.03	0.425	0.446	3996	4227	-0.415685	0.082564	
A/quail/Guangxi/11/2002_H	0.3155	0.2662	0.4093	0.2829	0.171	-0.079	0.379	53.38	0.420	0.444	4013	4244	-0.412158	0.082941	
A/quail/Guangxi/12/2002_H	0.3159	0.2662	0.4105	0.2814	0.171	-0.078	0.379	53.52	0.419	0.443	4012	4244	-0.411993	0.082705	
A/quail/Guangxi/13/2002_H	0.3154	0.2661	0.4084	0.2840	0.171	-0.078	0.379	53.36	0.421	0.444	4013	4244	-0.412465	0.082941	
A/quail/Jiangsu/k0104/201	0.2985	0.2748	0.4271	0.2720	0.170	-0.079	0.377	52.23	0.420	0.443	4019	4253	-0.404726	0.082530	
A/quail/Nanchang/6631/201	0.3094	0.2661	0.4177	0.2785	0.165	-0.082	0.376	52.87	0.418	0.443	3994	4224	-0.409257	0.081439	
A/shrike/Tibet/13/2006_H5	0.3085	0.2718	0.4137	0.2782	0.172	-0.068	0.384	53.01	0.422	0.443	3993	4223	-0.409898	0.081695	
A/silkie_chicken/Dongguan	0.2959	0.2712	0.4270	0.2778	0.163	-0.089	0.371	52.18	0.421	0.445	4001	4233	-0.414883	0.078904	
A/silky_chicken/Shantou/4	0.3107	0.2706	0.4090	0.2820	0.173	-0.073	0.381	53.16	0.424	0.445	3985	4213	-0.406860	0.081652	
A/spot-billed_duck/Ningxi	0.2891	0.2776	0.4148	0.2891	0.165	-0.080	0.376	52.40	0.436	0.449	4008	4236	-0.403801	0.079792	
A/spot-billed_duck/Ningxi	0.2911	0.2774	0.4177	0.2831	0.166	-0.076	0.378	52.47	0.431	0.448	4007	4236	-0.402172	0.079084	
A/spot-billed_duck/Ningxi	0.2900	0.2787	0.4146	0.2871	0.168	-0.068	0.382	52.75	0.435	0.449	4008	4236	-0.404061	0.079320	
A/spot-billed_duck/Xiangh	0.2999	0.2796	0.4043	0.2880	0.170	-0.072	0.381	52.35	0.436	0.450	4014	4245	-0.414653	0.080801	
A/swan_goose/Jilin/JL01/2	0.3057	0.2647	0.4248	0.2800	0.161	-0.094	0.368	52.56	0.416	0.440	4013	4244	-0.403181	0.079171	
A/swan/China/ST/2016_H5N8	0.3040	0.2701	0.4100	0.2844	0.169	-0.067	0.383	53.24	0.427	0.448	4018	4249	-0.404048	0.081902	
A/swan/Shandong/W3762/202	0.3037	0.2709	0.4164	0.2782	0.169	-0.072	0.380	52.85	0.423	0.446	4019	4249	-0.402448	0.081666	
A/swan/Shanghai/10/2009_H	0.3038	0.2736	0.4151	0.2803	0.170	-0.070	0.383	53.11	0.425	0.445	3991	4224	-0.406629	0.080966	
A/swine/China/RZ/2018_H5N	0.2970	0.2681	0.4288	0.2775	0.164	-0.088	0.371	52.07	0.419	0.444	4003	4232	-0.411437	0.078922	
A/swine/Guangdong/1/2014_	0.2969	0.2701	0.4243	0.2811	0.163	-0.089	0.371	52.36	0.423	0.446	4000	4233	-0.412922	0.079376	
A/swine/Guangdong/2/2014_	0.2982	0.2690	0.4251	0.2799	0.163	-0.090	0.370	52.33	0.421	0.445	4002	4233	-0.413820	0.078904	
A/swine/Guangxi/592/2011_	0.3087	0.2669	0.4175	0.2789	0.168	-0.079	0.377	52.77	0.419	0.443	3995	4224	-0.406061	0.081676	
A/swine/Jiangsu/1/2008_H5	0.3045	0.2779	0.4127	0.2780	0.170	-0.073	0.381	53.43	0.427	0.444	3995	4224	-0.396662	0.081913	
A/swine/Jiangsu/2/2009_H5	0.3131	0.2678	0.4182	0.2754	0.170	-0.075	0.380	52.99	0.416	0.441	3990	4223	-0.413474	0.081695	
A/swine/Shandong/SD1/2014	0.3111	0.2719	0.4077	0.2820	0.172	-0.075	0.381	53.23	0.425	0.446	4016	4250	-0.415271	0.082118	
A/swine/Zhejiang/SW57/201	0.3126	0.2656	0.4166	0.2773	0.168	-0.079	0.378	52.50	0.416	0.442	3993	4223	-0.415226	0.081932	
A/thrush/Taipei_City/1512	0.2995	0.2811	0.4135	0.2766	0.168	-0.079	0.378	52.13	0.429	0.445	4024	4254	-0.403714	0.080630	
A/thrush/Taiwan/A234/2015	0.2995	0.2799	0.4142	0.2763	0.167	-0.081	0.376	51.94	0.428	0.446	4023	4254	-0.404866	0.080160	
A/tiger/Yunnan/tig1404/20	0.3140	0.2665	0.4122	0.2786	0.166	-0.081	0.376	52.75	0.418	0.443	3993	4223	-0.398627	0.081222	
A/tiger/Yunnan/tig1412/20	0.3130	0.2637	0.4178	0.2774	0.165	-0.084	0.375	52.92	0.415	0.442	3995	4224	-0.405871	0.081439	
A/tiger/Yunnan/tig1508/20	0.3027	0.2683	0.4060	0.2960	0.165	-0.088	0.373	52.93	0.432	0.445	3993	4225	-0.407550	0.081657	
A/turkey/Changhua/1601001	0.3011	0.2802	0.4150	0.2750	0.169	-0.078	0.378	52.15	0.427	0.445	4023	4254	-0.402562	0.080395	
A/turkey/Chiayi/17020092-	0.3071	0.2651	0.4107	0.2852	0.164	-0.091	0.370	52.53	0.424	0.445	4023	4255	-0.407944	0.081081	
A/turkey/Chiayi/18010013-	0.2957	0.2818	0.4125	0.2801	0.168	-0.079	0.377	52.29	0.432	0.447	4022	4254	-0.401857	0.080160	
A/turkey/Yunlin/15060049-	0.3011	0.2785	0.4131	0.2786	0.167	-0.084	0.375	51.94	0.428	0.445	4023	4254	-0.405595	0.080160	
A/turkey/Yunlin/18020020-	0.2955	0.2822	0.4122	0.2803	0.168	-0.077	0.378	52.18	0.433	0.447	4022	4254	-0.398425	0.080160	
A/turkey/Yunlin/18110001-	0.2987	0.2776	0.4132	0.2818	0.166	-0.087	0.372	52.23	0.430	0.445	4022	4254	-0.400400	0.079925	
A/turkey/Yunlin/18120005-	0.3005	0.2782	0.4041	0.2889	0.170	-0.073	0.380	52.76	0.436	0.448	4025	4254	-0.403009	0.080395	
A/turtle_dove/Guangdong/3	0.3094	0.2710	0.4136	0.2789	0.172	-0.069	0.384	52.84	0.422	0.444	3999	4229	-0.410688	0.081580	
A/turtledove/Wuhan/HKBJ43	0.2999	0.2683	0.4227	0.2824	0.162	-0.093	0.369	52.48	0.422	0.445	4001	4233	-0.422207	0.078904	
A/turtledove/Wuhan/WHBJ12	0.2998	0.2684	0.4220	0.2832	0.161	-0.093	0.369	52.49	0.423	0.445	4001	4233	-0.422821	0.078904	
A/turtledove/Wuhan/WHBJ28	0.3001	0.2678	0.4224	0.2829	0.161	-0.093	0.369	52.46	0.422	0.445	4000	4233	-0.421450	0.078904	
A/waterfowl/Hong_Kong/378	0.3129	0.2683	0.4093	0.2831	0.170	-0.074	0.381	53.28	0.422	0.444	4019	4250	-0.414376	0.082353	
A/white-naped_crane/China	0.2955	0.2693	0.4298	0.2769	0.166	-0.080	0.377	51.88	0.419	0.444	4000	4232	-0.419612	0.079159	
A/whooper_swan/Shanxi/RC0	0.3041	0.2714	0.4091	0.2839	0.169	-0.065	0.384	53.13	0.428	0.448	4023	4255	-0.402679	0.081551	
A/wild_bird/Eastern_China	0.2993	0.2793	0.4077	0.2874	0.167	-0.076	0.379	53.43	0.435	0.449	4018	4245	-0.414040	0.081037	
A/wild_bird/Eastern_China	0.2991	0.2800	0.4085	0.2860	0.168	-0.076	0.379	53.47	0.434	0.449	4017	4245	-0.416608	0.081272	
A/wild_bird/Eastern_China	0.2991	0.2797	0.4076	0.2872	0.167	-0.075	0.380	53.47	0.435	0.449	4016	4245	-0.415972	0.081272	
A/wild_bird/Taipei/04WB12	0.2919	0.2803	0.4087	0.2924	0.164	-0.095	0.368	52.88	0.439	0.450	4018	4252	-0.405997	0.079727	
A/wild_duck/Fujian/1/2011	0.3102	0.2658	0.4161	0.2794	0.167	-0.078	0.377	52.93	0.418	0.444	3998	4224	-0.409280	0.081439	
A/wild_duck/Fujian/2/2011	0.3107	0.2654	0.4152	0.2802	0.168	-0.076	0.379	52.96	0.418	0.444	3999	4224	-0.408736	0.081439	
A/wild_duck/Jilin/HF/2011	0.3014	0.2749	0.4114	0.2858	0.171	-0.066	0.385	53.18	0.430	0.446	3995	4223	-0.406938	0.081932	
A/wild_duck/Jilin/ZF/2011	0.2983	0.2787	0.4120	0.2857	0.171	-0.066	0.385	52.88	0.432	0.446	3994	4223	-0.410609	0.081932	
A/wild_duck/Liaoning/8/20	0.3121	0.2724	0.4118	0.2738	0.172	-0.070	0.382	53.06	0.420	0.444	3995	4224	-0.422964	0.081913	
A/wild_duck/Shandong/1/20	0.3055	0.2774	0.4176	0.2703	0.172	-0.063	0.387	53.22	0.421	0.443	3990	4224	-0.403646	0.082623	
A/wild_duck/Shandong/2/20	0.3082	0.2691	0.4146	0.2812	0.170	-0.069	0.384	53.13	0.422	0.443	3991	4223	-0.415818	0.081695	
A/wild_duck/Shandong/628/	0.3071	0.2699	0.4234	0.2691	0.171	-0.075	0.380	52.10	0.415	0.442	3997	4228	-0.405535	0.081362	
A/wild_duck/Shandong/W358	0.3033	0.2714	0.4080	0.2849	0.166	-0.074	0.379	52.89	0.429	0.449	4005	4236	-0.399056	0.081681	
A/wild_pigeon/Jilin/CC01/	0.3016	0.2676	0.4248	0.2778	0.162	-0.093	0.369	52.45	0.418	0.444	4002	4233	-0.413844	0.078904	
A/Eurasian_Wigeon/Ningxia	0.2977	0.2673	0.4247	0.2820	0.162	-0.096	0.367	52.60	0.422	0.445	4002	4233	-0.416253	0.078904	
