IQ-TREE version 3.1.3 for Linux x86 64-bit built Jul 26 2026
Developed by Bui Quang Minh, Thomas Wong, Nhan Ly-Trong, Huaiyan Ren
Contributed by Lam-Tung Nguyen, Dominik Schrempf, Chris Bielow,
Olga Chernomor, Michael Woodhams, Diep Thi Hoang, Heiko Schmidt

Host:    MClabJerry (AVX2, FMA3, 62 GB RAM)
Command: iqtree -s gene_HA_aln.fasta -m MFP -B 1000 -T AUTO -redo
Seed:    130343 (Using SPRNG - Scalable Parallel Random Number Generator)
Time:    Tue Sep 22 13:48:51 2026
Kernel:  AVX+FMA - auto-detect threads (32 CPU cores detected)

Reading alignment file gene_HA_aln.fasta ... Fasta format detected
Reading fasta file: done in 0.063401 secs using 43.94% CPU
Alignment most likely contains DNA/RNA sequences
Constructing alignment: done in 0.022572 secs using 3229% CPU
Alignment has 2472 sequences with 1834 columns, 1313 distinct patterns
1155 parsimony-informative, 124 singleton sites, 555 constant sites
WARNING: Some sequence names are changed as follows:
A/Anser_fabalis/Hunan/03.09__YYDTH0007/2015(H5N6)|EPI_ISL_199110 -> A/Anser_fabalis/Hunan/03.09__YYDTH0007/2015_H5N6_|EPI_ISL_199110
A/chicken/Anhui/S1740/2022(H5N1)|EPI_ISL_12572652 -> A/chicken/Anhui/S1740/2022_H5N1_|EPI_ISL_12572652
A/chicken/Fujian/05.07_FZHC11K-O/2015(Mixed)|EPI_ISL_201364 -> A/chicken/Fujian/05.07_FZHC11K-O/2015_Mixed_|EPI_ISL_201364
A/chicken/Fujian/09.16_GT101/2014(Mixed)|EPI_ISL_201376 -> A/chicken/Fujian/09.16_GT101/2014_Mixed_|EPI_ISL_201376
A/chicken/Fujian/10.08_FZH102/2014(Mixed)|EPI_ISL_201377 -> A/chicken/Fujian/10.08_FZH102/2014_Mixed_|EPI_ISL_201377
A/chicken/Guangdong/04.15_SZBAXQ019/2015(H5N6)|EPI_ISL_199446 -> A/chicken/Guangdong/04.15_SZBAXQ019/2015_H5N6_|EPI_ISL_199446
A/chicken/Guangxi/04.10_NM140/2015(H5N6)|EPI_ISL_199444 -> A/chicken/Guangxi/04.10_NM140/2015_H5N6_|EPI_ISL_199444
A/chicken/Hubei/03.06__WHWTZ0115-O/2015(H5N6)|EPI_ISL_199011 -> A/chicken/Hubei/03.06__WHWTZ0115-O/2015_H5N6_|EPI_ISL_199011
A/chicken/Hubei/03.06__WHWTZ0148-O/2015(H5N6)|EPI_ISL_199017 -> A/chicken/Hubei/03.06__WHWTZ0148-O/2015_H5N6_|EPI_ISL_199017
A/Chicken/Huizhou/16274/2016(H5N6)|EPI_ISL_278026 -> A/Chicken/Huizhou/16274/2016_H5N6_|EPI_ISL_278026
A/chicken/Hunan/04.14_YYGK607-P/2015(H5N6)|EPI_ISL_199130 -> A/chicken/Hunan/04.14_YYGK607-P/2015_H5N6_|EPI_ISL_199130
A/chicken/Hunan/04.14_YYKG0533-Z-O/2015(H5N6)|EPI_ISL_198861 -> A/chicken/Hunan/04.14_YYKG0533-Z-O/2015_H5N6_|EPI_ISL_198861
A/chicken/Hunan/04.14_YYXS0812-O/2015(Mixed)|EPI_ISL_200267 -> A/chicken/Hunan/04.14_YYXS0812-O/2015_Mixed_|EPI_ISL_200267
A/chicken/Hunan/12.07__YYGK114-P/2013(H5N6)|EPI_ISL_198761 -> A/chicken/Hunan/12.07__YYGK114-P/2013_H5N6_|EPI_ISL_198761
A/chicken/Hunan/12.07_YYGKY67-P/2013(Mixed)|EPI_ISL_200261 -> A/chicken/Hunan/12.07_YYGKY67-P/2013_Mixed_|EPI_ISL_200261
A/chicken/Hunan/12.28_YYGK034-P/2013(H5N6)|EPI_ISL_198762 -> A/chicken/Hunan/12.28_YYGK034-P/2013_H5N6_|EPI_ISL_198762
A/chicken/Hunan/S10029/2018(H5N1)|EPI_ISL_18513214 -> A/chicken/Hunan/S10029/2018_H5N1_|EPI_ISL_18513214
A/chicken/Jiangsu/03.17_WX006-P/2015(H5N1)|EPI_ISL_199164 -> A/chicken/Jiangsu/03.17_WX006-P/2015_H5N1_|EPI_ISL_199164
A/chicken/Jiangsu/SE2228/2017(H5N1)|EPI_ISL_18513215 -> A/chicken/Jiangsu/SE2228/2017_H5N1_|EPI_ISL_18513215
A/chicken/Jiangxi/01.14_NCJD125-P/2015(H5N6)|EPI_ISL_199397 -> A/chicken/Jiangxi/01.14_NCJD125-P/2015_H5N6_|EPI_ISL_199397
A/chicken/Jiangxi/02.05_YGYXG023-P/2015(H5N6)|EPI_ISL_199401 -> A/chicken/Jiangxi/02.05_YGYXG023-P/2015_H5N6_|EPI_ISL_199401
A/chicken/Jiangxi/02.05_YGYXG035-P/2015(H5N6)|EPI_ISL_199400 -> A/chicken/Jiangxi/02.05_YGYXG035-P/2015_H5N6_|EPI_ISL_199400
A/chicken/Jiangxi/04.01__NCDZT0040-O/2015(H5N6)|EPI_ISL_198856 -> A/chicken/Jiangxi/04.01__NCDZT0040-O/2015_H5N6_|EPI_ISL_198856
A/chicken/Jiangxi/04.01__NCDZT0042-O/2015(H5N6)|EPI_ISL_198976 -> A/chicken/Jiangxi/04.01__NCDZT0042-O/2015_H5N6_|EPI_ISL_198976
A/chicken/Jiangxi/04.01__NCDZT0175-P/2015(H5N6)|EPI_ISL_198924 -> A/chicken/Jiangxi/04.01__NCDZT0175-P/2015_H5N6_|EPI_ISL_198924
A/chicken/Jiangxi/04.01__NCDZT0291-P/2015(H5N6)|EPI_ISL_198934 -> A/chicken/Jiangxi/04.01__NCDZT0291-P/2015_H5N6_|EPI_ISL_198934
A/chicken/Jiangxi/04.01__NCJD0119-O/2015(H5N6)|EPI_ISL_198917 -> A/chicken/Jiangxi/04.01__NCJD0119-O/2015_H5N6_|EPI_ISL_198917
A/chicken/Jiangxi/04.01__NCJD0137-O/2015(H5N6)|EPI_ISL_198920 -> A/chicken/Jiangxi/04.01__NCJD0137-O/2015_H5N6_|EPI_ISL_198920
A/chicken/Jiangxi/04.01_NCDZT0192-P/2015(H5N6)|EPI_ISL_198926 -> A/chicken/Jiangxi/04.01_NCDZT0192-P/2015_H5N6_|EPI_ISL_198926
A/chicken/Jiangxi/04.01_NCDZT0203-P/2015(H5N6)|EPI_ISL_198927 -> A/chicken/Jiangxi/04.01_NCDZT0203-P/2015_H5N6_|EPI_ISL_198927
A/chicken/Jiangxi/04.01_NCDZT0238-P/2015(H5N6)|EPI_ISL_198930 -> A/chicken/Jiangxi/04.01_NCDZT0238-P/2015_H5N6_|EPI_ISL_198930
A/chicken/Jiangxi/04.01_NCDZT0279-P/2015(H5N6)|EPI_ISL_198932 -> A/chicken/Jiangxi/04.01_NCDZT0279-P/2015_H5N6_|EPI_ISL_198932
A/chicken/Jiangxi/04.01_NCDZT0285-P/2015(H5N6)|EPI_ISL_198933 -> A/chicken/Jiangxi/04.01_NCDZT0285-P/2015_H5N6_|EPI_ISL_198933
A/chicken/Jiangxi/04.01_NCDZT0299-P/2015(Mixed)|EPI_ISL_200410 -> A/chicken/Jiangxi/04.01_NCDZT0299-P/2015_Mixed_|EPI_ISL_200410
A/chicken/Jiangxi/04.01_NCJD131-1-O/2015(H5N6)|EPI_ISL_198758 -> A/chicken/Jiangxi/04.01_NCJD131-1-O/2015_H5N6_|EPI_ISL_198758
A/chicken/Jiangxi/05.06__NCDZT0039B-P/2015(H5N6)|EPI_ISL_198971 -> A/chicken/Jiangxi/05.06__NCDZT0039B-P/2015_H5N6_|EPI_ISL_198971
A/chicken/Jiangxi/12.05_NCDZT007/2014(H5N6)|EPI_ISL_198890 -> A/chicken/Jiangxi/12.05_NCDZT007/2014_H5N6_|EPI_ISL_198890
A/chicken/Jiangxi/12.05_NCDZT0012/2014(H5N6)|EPI_ISL_198884 -> A/chicken/Jiangxi/12.05_NCDZT0012/2014_H5N6_|EPI_ISL_198884
A/chicken/Jiangxi/12.05_NCDZT0020/2014(H5N6)|EPI_ISL_198885 -> A/chicken/Jiangxi/12.05_NCDZT0020/2014_H5N6_|EPI_ISL_198885
A/chicken/Jiangxi/12.05_NCDZT0032/2014(H5N6)|EPI_ISL_198888 -> A/chicken/Jiangxi/12.05_NCDZT0032/2014_H5N6_|EPI_ISL_198888
A/chicken/Jiangxi/12.05_NCNP006/2014(H5N6)|EPI_ISL_199010 -> A/chicken/Jiangxi/12.05_NCNP006/2014_H5N6_|EPI_ISL_199010
A/chicken/Jiangxi/S40653/2021(H5N1)|EPI_ISL_12572653 -> A/chicken/Jiangxi/S40653/2021_H5N1_|EPI_ISL_12572653
A/chicken/Jilin/04.11_CCHSL007/2015(Mixed)|EPI_ISL_200263 -> A/chicken/Jilin/04.11_CCHSL007/2015_Mixed_|EPI_ISL_200263
A/chicken/Jilin/04.12_MHK001-O/2015(H5N1)|EPI_ISL_198845 -> A/chicken/Jilin/04.12_MHK001-O/2015_H5N1_|EPI_ISL_198845
A/chicken/Jilin/04.12_MHK002-O/2015(H5N1)|EPI_ISL_198846 -> A/chicken/Jilin/04.12_MHK002-O/2015_H5N1_|EPI_ISL_198846
A/chicken/Jilin/04.12_MHK003-O/2015(H5N1)|EPI_ISL_198837 -> A/chicken/Jilin/04.12_MHK003-O/2015_H5N1_|EPI_ISL_198837
A/chicken/Jilin/04.12_MHK004-O/2015(Mixed)|EPI_ISL_200387 -> A/chicken/Jilin/04.12_MHK004-O/2015_Mixed_|EPI_ISL_200387
A/chicken/Jilin/04.25_MHK009/2015(H5N1)|EPI_ISL_198840 -> A/chicken/Jilin/04.25_MHK009/2015_H5N1_|EPI_ISL_198840
A/chicken/Jilin/S1255/2019(H5N1)|EPI_ISL_18513216 -> A/chicken/Jilin/S1255/2019_H5N1_|EPI_ISL_18513216
A/chicken/Jilin/S1271/2019(H5N1)|EPI_ISL_18513217 -> A/chicken/Jilin/S1271/2019_H5N1_|EPI_ISL_18513217
A/chicken/Liaoning/SD035/2018(H5N1)|EPI_ISL_18513219 -> A/chicken/Liaoning/SD035/2018_H5N1_|EPI_ISL_18513219
A/chicken/Shandong/12.03_YA-CK/2014(H5N1)|EPI_ISL_199154 -> A/chicken/Shandong/12.03_YA-CK/2014_H5N1_|EPI_ISL_199154
A/chicken/Shanghai/S1123/2019(H5N1)|EPI_ISL_18513220 -> A/chicken/Shanghai/S1123/2019_H5N1_|EPI_ISL_18513220
A/chicken/Shanghai/S4030/2017(H5N1)|EPI_ISL_18513221 -> A/chicken/Shanghai/S4030/2017_H5N1_|EPI_ISL_18513221
A/chicken/Xinjiang/S1016/2019(H5N1)|EPI_ISL_18513222 -> A/chicken/Xinjiang/S1016/2019_H5N1_|EPI_ISL_18513222
A/chicken/Xinjiang/S1081/2019(H5N1)|EPI_ISL_18513223 -> A/chicken/Xinjiang/S1081/2019_H5N1_|EPI_ISL_18513223
A/chicken/Xinjiang/S1170/2019(H5N1)|EPI_ISL_18513224 -> A/chicken/Xinjiang/S1170/2019_H5N1_|EPI_ISL_18513224
A/chicken/Yunnan/02.09_DQXY008L/2015(H5N6)|EPI_ISL_200819 -> A/chicken/Yunnan/02.09_DQXY008L/2015_H5N6_|EPI_ISL_200819
A/chicken/Yunnan/03.15_DQJT0054-Z-P/2015(H5N6)|EPI_ISL_199085 -> A/chicken/Yunnan/03.15_DQJT0054-Z-P/2015_H5N6_|EPI_ISL_199085
A/chicken/Yunnan/03.16__DQJT0068-O/2015(H5N6)|EPI_ISL_199034 -> A/chicken/Yunnan/03.16__DQJT0068-O/2015_H5N6_|EPI_ISL_199034
A/chicken/Yunnan/03.16_DQJT069-O/2015(H5N6)|EPI_ISL_199109 -> A/chicken/Yunnan/03.16_DQJT069-O/2015_H5N6_|EPI_ISL_199109
A/chicken/Yunnan/03.16_DQXYL0034-O/2015(H5N6)|EPI_ISL_198880 -> A/chicken/Yunnan/03.16_DQXYL0034-O/2015_H5N6_|EPI_ISL_198880
A/chicken/Yunnan/03.16_DQXYL057-O/2015(H5N6)|EPI_ISL_199106 -> A/chicken/Yunnan/03.16_DQXYL057-O/2015_H5N6_|EPI_ISL_199106
A/chicken/Yunnan/07.11_DQENM005/2015(H5N6)|EPI_ISL_200829 -> A/chicken/Yunnan/07.11_DQENM005/2015_H5N6_|EPI_ISL_200829
A/Chicken/Yunnan/YN-8/2016__(H5N6)|EPI_ISL_283965 -> A/Chicken/Yunnan/YN-8/2016___H5N6_|EPI_ISL_283965
A/Chicken/Yunnan/YN-11/2016__(H5N6)|EPI_ISL_283968 -> A/Chicken/Yunnan/YN-11/2016___H5N6_|EPI_ISL_283968
A/Chicken/Yunnan/YN-12/2016__(H5N6)|EPI_ISL_283969 -> A/Chicken/Yunnan/YN-12/2016___H5N6_|EPI_ISL_283969
A/chickenl/Jiangxi/E84/2014_(H5N6)|EPI_ISL_386929 -> A/chickenl/Jiangxi/E84/2014__H5N6_|EPI_ISL_386929
A/common_crane/Yunnan-Huize/27/2021(H5N8)|EPI_ISL_15435511 -> A/common_crane/Yunnan-Huize/27/2021_H5N8_|EPI_ISL_15435511
A/duck/Fujian/03.18_GTFJ-15-10/2015(Mixed)|EPI_ISL_201372 -> A/duck/Fujian/03.18_GTFJ-15-10/2015_Mixed_|EPI_ISL_201372
A/duck/Fujian/05.07_FZHMD4K-O/2015(Mixed)|EPI_ISL_201356 -> A/duck/Fujian/05.07_FZHMD4K-O/2015_Mixed_|EPI_ISL_201356
A/duck/Fujian/05.07_FZHMD12AK-O/2015(Mixed)|EPI_ISL_201358 -> A/duck/Fujian/05.07_FZHMD12AK-O/2015_Mixed_|EPI_ISL_201358
A/duck/Fujian/05.07_FZHMDK14-O/2015(H5N6)|EPI_ISL_201355 -> A/duck/Fujian/05.07_FZHMDK14-O/2015_H5N6_|EPI_ISL_201355
A/duck/Fujian/S1233/2018(H5N1)|EPI_ISL_18513226 -> A/duck/Fujian/S1233/2018_H5N1_|EPI_ISL_18513226
A/duck/Fujian/S1273/2018(H5N1)|EPI_ISL_18513227 -> A/duck/Fujian/S1273/2018_H5N1_|EPI_ISL_18513227
A/duck/Guangdong/02.11_DGCP092-P/2015(Mixed)|EPI_ISL_199435 -> A/duck/Guangdong/02.11_DGCP092-P/2015_Mixed_|EPI_ISL_199435
A/duck/Guangdong/02.11_DGCP093-P/2015(Mixed)|EPI_ISL_199436 -> A/duck/Guangdong/02.11_DGCP093-P/2015_Mixed_|EPI_ISL_199436
A/duck/Guangdong/02.11_DGCP094-P/2015(Mixed)|EPI_ISL_199437 -> A/duck/Guangdong/02.11_DGCP094-P/2015_Mixed_|EPI_ISL_199437
A/duck/Guangdong/02.11_DGCP102-P/2015(Mixed)|EPI_ISL_199421 -> A/duck/Guangdong/02.11_DGCP102-P/2015_Mixed_|EPI_ISL_199421
A/duck/Guangdong/02.11_DGCP103-P/2015(Mixed)|EPI_ISL_199422 -> A/duck/Guangdong/02.11_DGCP103-P/2015_Mixed_|EPI_ISL_199422
A/duck/Guangdong/02.11_DGCP104-P/2015(Mixed)|EPI_ISL_199423 -> A/duck/Guangdong/02.11_DGCP104-P/2015_Mixed_|EPI_ISL_199423
A/duck/Guangdong/03.26_DGCP062-P/2015(H5N6)|EPI_ISL_199403 -> A/duck/Guangdong/03.26_DGCP062-P/2015_H5N6_|EPI_ISL_199403
A/duck/Guangdong/03.26_DGCP066-O/2015(H5N6)|EPI_ISL_199175 -> A/duck/Guangdong/03.26_DGCP066-O/2015_H5N6_|EPI_ISL_199175
A/duck/Guangdong/03.26_DGCP074-O/2015(H5N6)|EPI_ISL_199178 -> A/duck/Guangdong/03.26_DGCP074-O/2015_H5N6_|EPI_ISL_199178
A/duck/Guangdong/03.26_DGCP075-O/2015(Mixed)|EPI_ISL_199408 -> A/duck/Guangdong/03.26_DGCP075-O/2015_Mixed_|EPI_ISL_199408
A/duck/Guangdong/03.26_DGCP076-O/2015(H5N6)|EPI_ISL_199181 -> A/duck/Guangdong/03.26_DGCP076-O/2015_H5N6_|EPI_ISL_199181
A/duck/Guangdong/03.26_DGCP076-P/2015(H5N6)|EPI_ISL_199406 -> A/duck/Guangdong/03.26_DGCP076-P/2015_H5N6_|EPI_ISL_199406
A/duck/Guangdong/03.26_DGCP077-O/2015(H5N6)|EPI_ISL_199407 -> A/duck/Guangdong/03.26_DGCP077-O/2015_H5N6_|EPI_ISL_199407
A/duck/Guangdong/03.26_DGCP078-P/2015(H5N6)|EPI_ISL_199189 -> A/duck/Guangdong/03.26_DGCP078-P/2015_H5N6_|EPI_ISL_199189
A/duck/Guangdong/03.26_DGCP080-P/2015(H5N6)|EPI_ISL_199195 -> A/duck/Guangdong/03.26_DGCP080-P/2015_H5N6_|EPI_ISL_199195
A/duck/Guangdong/03.26_DGCP082-O/2015(H5N6)|EPI_ISL_199409 -> A/duck/Guangdong/03.26_DGCP082-O/2015_H5N6_|EPI_ISL_199409
A/duck/Guangdong/03.26_DGCP084-P/2015(H5N6)|EPI_ISL_199200 -> A/duck/Guangdong/03.26_DGCP084-P/2015_H5N6_|EPI_ISL_199200
A/duck/Guangdong/03.26_DGCP709-P/2015(H5N6)|EPI_ISL_199185 -> A/duck/Guangdong/03.26_DGCP709-P/2015_H5N6_|EPI_ISL_199185
A/duck/Guangdong/03.26_DGCPLB007-O/2015(H5N6)|EPI_ISL_199404 -> A/duck/Guangdong/03.26_DGCPLB007-O/2015_H5N6_|EPI_ISL_199404
A/duck/Guangdong/03.26_DGCPLB007-P/2015(H5N6)|EPI_ISL_199192 -> A/duck/Guangdong/03.26_DGCPLB007-P/2015_H5N6_|EPI_ISL_199192
A/duck/Guangdong/03.26_DGCPLB019-P/2015(H5N6)|EPI_ISL_199188 -> A/duck/Guangdong/03.26_DGCPLB019-P/2015_H5N6_|EPI_ISL_199188
A/duck/Guangdong/03.26_DGCPLB021-O/2015(H5N6)|EPI_ISL_199174 -> A/duck/Guangdong/03.26_DGCPLB021-O/2015_H5N6_|EPI_ISL_199174
A/duck/Guangdong/03.26_DGCPLB022-O/2015(H5N6)|EPI_ISL_199405 -> A/duck/Guangdong/03.26_DGCPLB022-O/2015_H5N6_|EPI_ISL_199405
A/duck/Guangdong/03.26_DGCPLB022-P/2015(H5N6)|EPI_ISL_199186 -> A/duck/Guangdong/03.26_DGCPLB022-P/2015_H5N6_|EPI_ISL_199186
A/duck/Guangdong/03.26_DGCPLB023-O/2015(H5N6)|EPI_ISL_199415 -> A/duck/Guangdong/03.26_DGCPLB023-O/2015_H5N6_|EPI_ISL_199415
A/duck/Guangdong/03.26_DGCPLB023-P/2015(H5N6)|EPI_ISL_199187 -> A/duck/Guangdong/03.26_DGCPLB023-P/2015_H5N6_|EPI_ISL_199187
A/duck/Guangdong/03.26_DGCPLB024-O/2015(H5N6)|EPI_ISL_199416 -> A/duck/Guangdong/03.26_DGCPLB024-O/2015_H5N6_|EPI_ISL_199416
A/duck/Guangdong/03.27_DGQTSJ129-O/2015(Mixed)|EPI_ISL_199391 -> A/duck/Guangdong/03.27_DGQTSJ129-O/2015_Mixed_|EPI_ISL_199391
A/duck/Guangdong/03.27_DGQTSJ131-O/2015(Mixed)|EPI_ISL_199367 -> A/duck/Guangdong/03.27_DGQTSJ131-O/2015_Mixed_|EPI_ISL_199367
A/duck/Guangdong/03.27_DGQTSJ133-O/2015(Mixed)|EPI_ISL_200251 -> A/duck/Guangdong/03.27_DGQTSJ133-O/2015_Mixed_|EPI_ISL_200251
A/duck/Guangdong/03.27_DGQTSJ134-O/2015(Mixed)|EPI_ISL_200249 -> A/duck/Guangdong/03.27_DGQTSJ134-O/2015_Mixed_|EPI_ISL_200249
A/duck/Guangdong/03.27_DGQTXC203-O/2015(Mixed)|EPI_ISL_199374 -> A/duck/Guangdong/03.27_DGQTXC203-O/2015_Mixed_|EPI_ISL_199374
A/duck/Guangdong/04.15_SZBAXQ019/2015(Mixed)|EPI_ISL_200259 -> A/duck/Guangdong/04.15_SZBAXQ019/2015_Mixed_|EPI_ISL_200259
A/duck/Guangdong/04.15_SZBAXQ020/2015(H5N6)|EPI_ISL_199451 -> A/duck/Guangdong/04.15_SZBAXQ020/2015_H5N6_|EPI_ISL_199451
A/duck/Guangdong/04.15_SZBAXQ021/2015(H5N6)|EPI_ISL_199452 -> A/duck/Guangdong/04.15_SZBAXQ021/2015_H5N6_|EPI_ISL_199452
A/duck/Guangdong/04.16_LGDBL001/2015(Mixed)|EPI_ISL_199381 -> A/duck/Guangdong/04.16_LGDBL001/2015_Mixed_|EPI_ISL_199381
A/duck/Guangdong/04.16_SZLGDBL005/2015(H5N6)|EPI_ISL_199461 -> A/duck/Guangdong/04.16_SZLGDBL005/2015_H5N6_|EPI_ISL_199461
A/duck/Guangdong/04.16_SZLGDBL009/2015(H5N6)|EPI_ISL_199462 -> A/duck/Guangdong/04.16_SZLGDBL009/2015_H5N6_|EPI_ISL_199462
A/duck/Guangdong/04.16_SZLGDBL013/2015(H5N6)|EPI_ISL_199458 -> A/duck/Guangdong/04.16_SZLGDBL013/2015_H5N6_|EPI_ISL_199458
A/duck/Guangdong/04.16_SZLGWL002/2015(H5N6)|EPI_ISL_199463 -> A/duck/Guangdong/04.16_SZLGWL002/2015_H5N6_|EPI_ISL_199463
A/duck/Guangdong/04.22_DGCP068-O/2015(H5N6)|EPI_ISL_199209 -> A/duck/Guangdong/04.22_DGCP068-O/2015_H5N6_|EPI_ISL_199209
A/duck/Guangdong/04.22_DGCP071-P/2015(Mixed)|EPI_ISL_200255 -> A/duck/Guangdong/04.22_DGCP071-P/2015_Mixed_|EPI_ISL_200255
A/duck/Guangdong/04.22_DGCP079-O/2015(H5N6)|EPI_ISL_199250 -> A/duck/Guangdong/04.22_DGCP079-O/2015_H5N6_|EPI_ISL_199250
A/duck/Guangdong/04.22_DGCP083-O/2015(Mixed)|EPI_ISL_200247 -> A/duck/Guangdong/04.22_DGCP083-O/2015_Mixed_|EPI_ISL_200247
A/duck/Guangdong/04.22_DGCP084-O/2015(H5N6)|EPI_ISL_199303 -> A/duck/Guangdong/04.22_DGCP084-O/2015_H5N6_|EPI_ISL_199303
A/duck/Guangdong/04.22_DGCPLB018-O/2015(H5N6)|EPI_ISL_199230 -> A/duck/Guangdong/04.22_DGCPLB018-O/2015_H5N6_|EPI_ISL_199230
A/duck/Guangdong/04.22_DGCPLB020-O/2015(H5N6)|EPI_ISL_199252 -> A/duck/Guangdong/04.22_DGCPLB020-O/2015_H5N6_|EPI_ISL_199252
A/duck/Guangdong/04.22_DGCPLB022-O/2015(Mixed)|EPI_ISL_199232 -> A/duck/Guangdong/04.22_DGCPLB022-O/2015_Mixed_|EPI_ISL_199232
A/duck/Guangdong/04.22_DGCPLB041-P/2015(H5N6)|EPI_ISL_199304 -> A/duck/Guangdong/04.22_DGCPLB041-P/2015_H5N6_|EPI_ISL_199304
A/duck/Guangdong/04.22_DGCPLB044-P/2015(H5N6)|EPI_ISL_199305 -> A/duck/Guangdong/04.22_DGCPLB044-P/2015_H5N6_|EPI_ISL_199305
A/duck/Guangdong/04.23_DGQTSJ121-O/2015(Mixed)|EPI_ISL_200245 -> A/duck/Guangdong/04.23_DGQTSJ121-O/2015_Mixed_|EPI_ISL_200245
A/duck/Guangdong/04.23_DGQTSJ123-O/2015(Mixed)|EPI_ISL_199365 -> A/duck/Guangdong/04.23_DGQTSJ123-O/2015_Mixed_|EPI_ISL_199365
A/duck/Guangdong/04.23_DGQTSJ127-O/2015(Mixed)|EPI_ISL_200240 -> A/duck/Guangdong/04.23_DGQTSJ127-O/2015_Mixed_|EPI_ISL_200240
A/duck/Guangdong/04.23_DGQTSJ128-O/2015(Mixed)|EPI_ISL_199368 -> A/duck/Guangdong/04.23_DGQTSJ128-O/2015_Mixed_|EPI_ISL_199368
A/duck/Guangdong/04.23_DGQTSJ134-O/2015(Mixed)|EPI_ISL_199366 -> A/duck/Guangdong/04.23_DGQTSJ134-O/2015_Mixed_|EPI_ISL_199366
A/duck/Guangdong/04.23_DGQTSJ135-O/2015(Mixed)|EPI_ISL_199372 -> A/duck/Guangdong/04.23_DGQTSJ135-O/2015_Mixed_|EPI_ISL_199372
A/duck/Guangdong/04.23_DGQTSJ135-P/2015(Mixed)|EPI_ISL_199371 -> A/duck/Guangdong/04.23_DGQTSJ135-P/2015_Mixed_|EPI_ISL_199371
A/duck/Guangdong/04.23_DGQTSJ138-O/2015(Mixed)|EPI_ISL_199375 -> A/duck/Guangdong/04.23_DGQTSJ138-O/2015_Mixed_|EPI_ISL_199375
A/duck/Guangdong/04.23_DGQTSJ138-P/2015(Mixed)|EPI_ISL_199373 -> A/duck/Guangdong/04.23_DGQTSJ138-P/2015_Mixed_|EPI_ISL_199373
A/duck/Guangdong/04.23_DGQTSJ144-O/2015(Mixed)|EPI_ISL_200253 -> A/duck/Guangdong/04.23_DGQTSJ144-O/2015_Mixed_|EPI_ISL_200253
A/duck/Guangdong/04.23_DGQTSJ145-O/2015(H5N6)|EPI_ISL_199235 -> A/duck/Guangdong/04.23_DGQTSJ145-O/2015_H5N6_|EPI_ISL_199235
A/duck/Guangdong/04.23_DGQTSJ146-O/2015(Mixed)|EPI_ISL_199362 -> A/duck/Guangdong/04.23_DGQTSJ146-O/2015_Mixed_|EPI_ISL_199362
A/duck/Guangdong/04.23_DGQTSJ147-O/2015(Mixed)|EPI_ISL_200256 -> A/duck/Guangdong/04.23_DGQTSJ147-O/2015_Mixed_|EPI_ISL_200256
A/duck/Guangdong/04.23_DGQTSJ148-O/2015(Mixed)|EPI_ISL_200252 -> A/duck/Guangdong/04.23_DGQTSJ148-O/2015_Mixed_|EPI_ISL_200252
A/duck/Guangdong/04.23_DGQTXC183-O/2015(Mixed)|EPI_ISL_199369 -> A/duck/Guangdong/04.23_DGQTXC183-O/2015_Mixed_|EPI_ISL_199369
A/duck/Guangdong/04.23_DGQTXC185-O/2015(Mixed)|EPI_ISL_200241 -> A/duck/Guangdong/04.23_DGQTXC185-O/2015_Mixed_|EPI_ISL_200241
A/duck/Guangdong/04.23_DGQTXC186-O/2015(Mixed)|EPI_ISL_199358 -> A/duck/Guangdong/04.23_DGQTXC186-O/2015_Mixed_|EPI_ISL_199358
A/duck/Guangdong/04.23_DGQTXC187-O/2015(Mixed)|EPI_ISL_199360 -> A/duck/Guangdong/04.23_DGQTXC187-O/2015_Mixed_|EPI_ISL_199360
A/duck/Guangdong/04.23_DGQTXC187-P/2015(Mixed)|EPI_ISL_199376 -> A/duck/Guangdong/04.23_DGQTXC187-P/2015_Mixed_|EPI_ISL_199376
A/duck/Guangdong/04.23_DGQTXC188-O/2015(Mixed)|EPI_ISL_200248 -> A/duck/Guangdong/04.23_DGQTXC188-O/2015_Mixed_|EPI_ISL_200248
A/duck/Guangdong/04.23_DGQTXC188-P/2015(Mixed)|EPI_ISL_199379 -> A/duck/Guangdong/04.23_DGQTXC188-P/2015_Mixed_|EPI_ISL_199379
A/duck/Guangdong/04.23_DGQTXC201-O/2015(Mixed)|EPI_ISL_199378 -> A/duck/Guangdong/04.23_DGQTXC201-O/2015_Mixed_|EPI_ISL_199378
A/duck/Guangdong/04.23_DGQTXC202-O/2015(H5N6)|EPI_ISL_199214 -> A/duck/Guangdong/04.23_DGQTXC202-O/2015_H5N6_|EPI_ISL_199214
A/duck/Guangdong/04.23_DGQTXC202-O/2015(Mixed)|EPI_ISL_199355 -> A/duck/Guangdong/04.23_DGQTXC202-O/2015_Mixed_|EPI_ISL_199355
A/duck/Guangdong/04.23_DGQTXC203-O/2015(H5N6)|EPI_ISL_199222 -> A/duck/Guangdong/04.23_DGQTXC203-O/2015_H5N6_|EPI_ISL_199222
A/duck/Guangdong/04.23_DGQTXC204-O/2015(Mixed)|EPI_ISL_199370 -> A/duck/Guangdong/04.23_DGQTXC204-O/2015_Mixed_|EPI_ISL_199370
A/duck/Guangdong/04.23_DGQTXC204-P/2015(Mixed)|EPI_ISL_199363 -> A/duck/Guangdong/04.23_DGQTXC204-P/2015_Mixed_|EPI_ISL_199363
A/duck/Guangdong/04.23_DGQTXC205-O/2015(Mixed)|EPI_ISL_199356 -> A/duck/Guangdong/04.23_DGQTXC205-O/2015_Mixed_|EPI_ISL_199356
A/duck/Guangdong/04.23_DGQTXC206-O/2015(Mixed)|EPI_ISL_199364 -> A/duck/Guangdong/04.23_DGQTXC206-O/2015_Mixed_|EPI_ISL_199364
A/duck/Guangdong/04.23_DGQTXC207-O/2015(Mixed)|EPI_ISL_199354 -> A/duck/Guangdong/04.23_DGQTXC207-O/2015_Mixed_|EPI_ISL_199354
A/duck/Guangdong/04.23_DGQTXC207-P/2015(Mixed)|EPI_ISL_199353 -> A/duck/Guangdong/04.23_DGQTXC207-P/2015_Mixed_|EPI_ISL_199353
A/duck/Guangdong/04.23_DGQTXC213-O/2015(H5N6)|EPI_ISL_199291 -> A/duck/Guangdong/04.23_DGQTXC213-O/2015_H5N6_|EPI_ISL_199291
A/duck/Guangdong/04.23_DGQTXC213-P/2015(H5N6)|EPI_ISL_199289 -> A/duck/Guangdong/04.23_DGQTXC213-P/2015_H5N6_|EPI_ISL_199289
A/duck/Guangdong/04.23_DGQTXC227-P/2015(Mixed)|EPI_ISL_200236 -> A/duck/Guangdong/04.23_DGQTXC227-P/2015_Mixed_|EPI_ISL_200236
A/duck/Guangdong/04.23_DGQTXC229-P/2015(H5N6)|EPI_ISL_199234 -> A/duck/Guangdong/04.23_DGQTXC229-P/2015_H5N6_|EPI_ISL_199234
A/duck/Guangdong/04.23_DGQTXC230-P/2015(Mixed)|EPI_ISL_200254 -> A/duck/Guangdong/04.23_DGQTXC230-P/2015_Mixed_|EPI_ISL_200254
A/duck/Guangdong/04.23_DGQTXC231-O/2015(H5N6)|EPI_ISL_199236 -> A/duck/Guangdong/04.23_DGQTXC231-O/2015_H5N6_|EPI_ISL_199236
A/duck/Guangdong/04.23_DGQTXC231-P/2015(Mixed)|EPI_ISL_200243 -> A/duck/Guangdong/04.23_DGQTXC231-P/2015_Mixed_|EPI_ISL_200243
A/duck/Guangdong/04.23_DGQTXC232-P/2015(H5N6)|EPI_ISL_199292 -> A/duck/Guangdong/04.23_DGQTXC232-P/2015_H5N6_|EPI_ISL_199292
A/duck/Guangdong/04.23_DGQTXC233-P/2015(Mixed)|EPI_ISL_200246 -> A/duck/Guangdong/04.23_DGQTXC233-P/2015_Mixed_|EPI_ISL_200246
A/duck/Guangdong/04.23_DGQTXC235-O/2015(H5N6)|EPI_ISL_199297 -> A/duck/Guangdong/04.23_DGQTXC235-O/2015_H5N6_|EPI_ISL_199297
A/duck/Guangdong/04.23_DGQTXC236-P/2015(H5N6)|EPI_ISL_199290 -> A/duck/Guangdong/04.23_DGQTXC236-P/2015_H5N6_|EPI_ISL_199290
A/Duck/Guangdong/PY501/2014(H5N6)|EPI_ISL_205962 -> A/Duck/Guangdong/PY501/2014_H5N6_|EPI_ISL_205962
A/Duck/Guangdong/PY503/2014(H5N6)|EPI_ISL_205963 -> A/Duck/Guangdong/PY503/2014_H5N6_|EPI_ISL_205963
A/duck/Guangdong/S4518/2021(H5N1)|EPI_ISL_12572654 -> A/duck/Guangdong/S4518/2021_H5N1_|EPI_ISL_12572654
A/duck/Guangdong/S4525/2021(H5N1)|EPI_ISL_12572655 -> A/duck/Guangdong/S4525/2021_H5N1_|EPI_ISL_12572655
A/Duck/Guangdong/SS1A1/2014(H5N6)|EPI_ISL_205959 -> A/Duck/Guangdong/SS1A1/2014_H5N6_|EPI_ISL_205959
A/duck/Guangxi/12.25_GLGX-14-08/2014(Mixed)|EPI_ISL_201370 -> A/duck/Guangxi/12.25_GLGX-14-08/2014_Mixed_|EPI_ISL_201370
A/duck/Guangxi/S31116/2021(H5N6)|EPI_ISL_11208194 -> A/duck/Guangxi/S31116/2021_H5N6_|EPI_ISL_11208194
A/duck/Guizhou/S1321/2022(H5N1)|EPI_ISL_12572656 -> A/duck/Guizhou/S1321/2022_H5N1_|EPI_ISL_12572656
A/duck/Guizhou/S1711/2024(H5N1)|EPI_ISL_19616579 -> A/duck/Guizhou/S1711/2024_H5N1_|EPI_ISL_19616579
A/duck/Guizhou/S4702/2021(H5N6)|EPI_ISL_11208195 -> A/duck/Guizhou/S4702/2021_H5N6_|EPI_ISL_11208195
A/duck/Hubei/03.06__WHWTZ0107-O/2015(Mixed)|EPI_ISL_200427 -> A/duck/Hubei/03.06__WHWTZ0107-O/2015_Mixed_|EPI_ISL_200427
A/duck/Hubei/03.06__WHWTZ0111-O/2015(Mixed)|EPI_ISL_200276 -> A/duck/Hubei/03.06__WHWTZ0111-O/2015_Mixed_|EPI_ISL_200276
A/duck/Hubei/03.06__WHWTZ0123-O/2015(H5N6)|EPI_ISL_199026 -> A/duck/Hubei/03.06__WHWTZ0123-O/2015_H5N6_|EPI_ISL_199026
A/duck/Hubei/03.06__WHWTZ0125-O/2015(H5N6)|EPI_ISL_199030 -> A/duck/Hubei/03.06__WHWTZ0125-O/2015_H5N6_|EPI_ISL_199030
A/duck/Hubei/03.06__WHWTZ0129-P/2015(H5N6)|EPI_ISL_199015 -> A/duck/Hubei/03.06__WHWTZ0129-P/2015_H5N6_|EPI_ISL_199015
A/duck/Hubei/03.06__WHWTZ0150-P/2015(Mixed)|EPI_ISL_200277 -> A/duck/Hubei/03.06__WHWTZ0150-P/2015_Mixed_|EPI_ISL_200277
A/duck/Hubei/03.06__WHWTZ0155-P/2015(H5N1)|EPI_ISL_199019 -> A/duck/Hubei/03.06__WHWTZ0155-P/2015_H5N1_|EPI_ISL_199019
A/duck/HuBei/03.06__WHWTZ0158-P/2015(H5N6)|EPI_ISL_199029 -> A/duck/HuBei/03.06__WHWTZ0158-P/2015_H5N6_|EPI_ISL_199029
A/duck/Hubei/03.06_WHWTZ0124-O/2015(H5N6)|EPI_ISL_199028 -> A/duck/Hubei/03.06_WHWTZ0124-O/2015_H5N6_|EPI_ISL_199028
A/duck/Hubei/03.06_WHWTZ0130-O/2015(H5N6)|EPI_ISL_199031 -> A/duck/Hubei/03.06_WHWTZ0130-O/2015_H5N6_|EPI_ISL_199031
A/duck/Hubei/S4465/2021(H5N1)|EPI_ISL_12572657 -> A/duck/Hubei/S4465/2021_H5N1_|EPI_ISL_12572657
A/duck/Hubei/SE128/2022(H5N1)|EPI_ISL_12572658 -> A/duck/Hubei/SE128/2022_H5N1_|EPI_ISL_12572658
A/duck/Hubei/SE220/2022(H5N1)|EPI_ISL_12572659 -> A/duck/Hubei/SE220/2022_H5N1_|EPI_ISL_12572659
A/duck/Hunan/01.16_YYFQH128-P/2014(Mixed)|EPI_ISL_200262 -> A/duck/Hunan/01.16_YYFQH128-P/2014_Mixed_|EPI_ISL_200262
A/duck/Hunan/01.16_YYFQH185-P/2014(H5N6)|EPI_ISL_198783 -> A/duck/Hunan/01.16_YYFQH185-P/2014_H5N6_|EPI_ISL_198783
A/duck/Hunan/01.16_YYFQH299-P/2014(H5N6)|EPI_ISL_198816 -> A/duck/Hunan/01.16_YYFQH299-P/2014_H5N6_|EPI_ISL_198816
A/duck/Hunan/01.16_YYFQH303-P/2014(H5N6)|EPI_ISL_198819 -> A/duck/Hunan/01.16_YYFQH303-P/2014_H5N6_|EPI_ISL_198819
A/duck/Hunan/01.16_YYFQH304-P/2014(H5N6)|EPI_ISL_198820 -> A/duck/Hunan/01.16_YYFQH304-P/2014_H5N6_|EPI_ISL_198820
A/duck/Hunan/01.16_YYFQH305-P/2014(H5N6)|EPI_ISL_198821 -> A/duck/Hunan/01.16_YYFQH305-P/2014_H5N6_|EPI_ISL_198821
A/duck/Hunan/01.16_YYFQH306-P/2014(H5N6)|EPI_ISL_198822 -> A/duck/Hunan/01.16_YYFQH306-P/2014_H5N6_|EPI_ISL_198822
A/duck/Hunan/01.16_YYFQH309-P/2014(H5N6)|EPI_ISL_198825 -> A/duck/Hunan/01.16_YYFQH309-P/2014_H5N6_|EPI_ISL_198825
A/duck/Hunan/01.16_YYFQH317-P/2014(H5N6)|EPI_ISL_198829 -> A/duck/Hunan/01.16_YYFQH317-P/2014_H5N6_|EPI_ISL_198829
A/duck/Hunan/01.16_YYFQH319-P/2014(H5N6)|EPI_ISL_198831 -> A/duck/Hunan/01.16_YYFQH319-P/2014_H5N6_|EPI_ISL_198831
A/duck/Hunan/01.16_YYGK218-P/2014(H5N6)|EPI_ISL_198785 -> A/duck/Hunan/01.16_YYGK218-P/2014_H5N6_|EPI_ISL_198785
A/duck/Hunan/01.21_YYFQH009-O/2015(H5N6)|EPI_ISL_199083 -> A/duck/Hunan/01.21_YYFQH009-O/2015_H5N6_|EPI_ISL_199083
A/duck/Hunan/01.21_YYFQH019-P/2015(H5N6)|EPI_ISL_199056 -> A/duck/Hunan/01.21_YYFQH019-P/2015_H5N6_|EPI_ISL_199056
A/duck/Hunan/01.21_YYFQH024-P/2015(H5N6)|EPI_ISL_199065 -> A/duck/Hunan/01.21_YYFQH024-P/2015_H5N6_|EPI_ISL_199065
A/duck/Hunan/01.21_YYFQH025-P/2015(H5N6)|EPI_ISL_199066 -> A/duck/Hunan/01.21_YYFQH025-P/2015_H5N6_|EPI_ISL_199066
A/duck/Hunan/01.21_YYFQH030-O/2015(H5N6)|EPI_ISL_199070 -> A/duck/Hunan/01.21_YYFQH030-O/2015_H5N6_|EPI_ISL_199070
A/duck/Hunan/02.07__YYFQHY12Y-O/2015(H5N6)|EPI_ISL_199049 -> A/duck/Hunan/02.07__YYFQHY12Y-O/2015_H5N6_|EPI_ISL_199049
A/duck/Hunan/02.07__YYFQHY20Y-O/2015(H5N6)|EPI_ISL_199058 -> A/duck/Hunan/02.07__YYFQHY20Y-O/2015_H5N6_|EPI_ISL_199058
A/duck/Hunan/02.07_YYFQH026-O/2015(H5N6)|EPI_ISL_199067 -> A/duck/Hunan/02.07_YYFQH026-O/2015_H5N6_|EPI_ISL_199067
A/duck/Hunan/02.07_YYFQH029-O/2015(H5N6)|EPI_ISL_199069 -> A/duck/Hunan/02.07_YYFQH029-O/2015_H5N6_|EPI_ISL_199069
A/duck/Hunan/02.07_YYFQH032-O/2015(H5N6)|EPI_ISL_199072 -> A/duck/Hunan/02.07_YYFQH032-O/2015_H5N6_|EPI_ISL_199072
A/duck/Hunan/02.16_YYGK281-P/2014(H5N6)|EPI_ISL_198805 -> A/duck/Hunan/02.16_YYGK281-P/2014_H5N6_|EPI_ISL_198805
A/duck/Hunan/02.26__YYFQH293-P/2014(H5N6)|EPI_ISL_198811 -> A/duck/Hunan/02.26__YYFQH293-P/2014_H5N6_|EPI_ISL_198811
A/duck/Hunan/02.26__YYFQH320-P/2014(H5N6)|EPI_ISL_198832 -> A/duck/Hunan/02.26__YYFQH320-P/2014_H5N6_|EPI_ISL_198832
A/duck/Hunan/02.26__YYGK251-P/2014(H5N6)|EPI_ISL_198792 -> A/duck/Hunan/02.26__YYGK251-P/2014_H5N6_|EPI_ISL_198792
A/duck/Hunan/02.26__YYGK0255-P/2014(H5N6)|EPI_ISL_198794 -> A/duck/Hunan/02.26__YYGK0255-P/2014_H5N6_|EPI_ISL_198794
A/duck/Hunan/02.26_YYFQH290-P/2014(H5N6)|EPI_ISL_198809 -> A/duck/Hunan/02.26_YYFQH290-P/2014_H5N6_|EPI_ISL_198809
A/duck/Hunan/02.26_YYFQH294-P/2014(H5N6)|EPI_ISL_198812 -> A/duck/Hunan/02.26_YYFQH294-P/2014_H5N6_|EPI_ISL_198812
A/duck/Hunan/02.26_YYFQH308-P/2014(H5N6)|EPI_ISL_198824 -> A/duck/Hunan/02.26_YYFQH308-P/2014_H5N6_|EPI_ISL_198824
A/duck/Hunan/02.26_YYFQHY291-P/2014(H5N6)|EPI_ISL_198810 -> A/duck/Hunan/02.26_YYFQHY291-P/2014_H5N6_|EPI_ISL_198810
A/duck/Hunan/02.26_YYGK250-P/2014(H5N6)|EPI_ISL_198791 -> A/duck/Hunan/02.26_YYGK250-P/2014_H5N6_|EPI_ISL_198791
A/duck/Hunan/02.26_YYGK254-P/2014(H5N6)|EPI_ISL_198793 -> A/duck/Hunan/02.26_YYGK254-P/2014_H5N6_|EPI_ISL_198793
A/duck/Hunan/02.26_YYGK263-P/2014(H5N6)|EPI_ISL_198795 -> A/duck/Hunan/02.26_YYGK263-P/2014_H5N6_|EPI_ISL_198795
A/duck/Hunan/02.26_YYGK267-P/2014(H5N6)|EPI_ISL_198801 -> A/duck/Hunan/02.26_YYGK267-P/2014_H5N6_|EPI_ISL_198801
A/duck/Hunan/02.26_YYGK271-P/2014(H5N6)|EPI_ISL_198802 -> A/duck/Hunan/02.26_YYGK271-P/2014_H5N6_|EPI_ISL_198802
A/duck/Hunan/02.26_YYGK276-P/2014(H5N6)|EPI_ISL_198804 -> A/duck/Hunan/02.26_YYGK276-P/2014_H5N6_|EPI_ISL_198804
A/duck/Hunan/02.26_YYGKY298-P/2014(H5N6)|EPI_ISL_198815 -> A/duck/Hunan/02.26_YYGKY298-P/2014_H5N6_|EPI_ISL_198815
A/duck/Hunan/02.26_YYGQH295-P/2014(H5N6)|EPI_ISL_198813 -> A/duck/Hunan/02.26_YYGQH295-P/2014_H5N6_|EPI_ISL_198813
A/duck/Hunan/03.09_YYFQH0036-P/2015(Mixed)|EPI_ISL_200279 -> A/duck/Hunan/03.09_YYFQH0036-P/2015_Mixed_|EPI_ISL_200279
A/duck/Hunan/03.09_YYFQH0046-O/2015(Mixed)|EPI_ISL_200280 -> A/duck/Hunan/03.09_YYFQH0046-O/2015_Mixed_|EPI_ISL_200280
A/duck/Hunan/03.09_YYFQH0047-O/2015(H5N6)|EPI_ISL_199051 -> A/duck/Hunan/03.09_YYFQH0047-O/2015_H5N6_|EPI_ISL_199051
A/duck/Hunan/04.14_YYGK067-O/2015(Mixed)|EPI_ISL_200287 -> A/duck/Hunan/04.14_YYGK067-O/2015_Mixed_|EPI_ISL_200287
A/duck/Hunan/04.14_YYGK0439-Z-P/2015(Mixed)|EPI_ISL_200264 -> A/duck/Hunan/04.14_YYGK0439-Z-P/2015_Mixed_|EPI_ISL_200264
A/duck/Hunan/04.14_YYGK451-1-O/2015(Mixed)|EPI_ISL_200285 -> A/duck/Hunan/04.14_YYGK451-1-O/2015_Mixed_|EPI_ISL_200285
A/duck/Hunan/04.14_YYGK460-O/2015(H5N6)|EPI_ISL_199119 -> A/duck/Hunan/04.14_YYGK460-O/2015_H5N6_|EPI_ISL_199119
A/duck/Hunan/04.14_YYGK464-O/2015(H5N6)|EPI_ISL_199120 -> A/duck/Hunan/04.14_YYGK464-O/2015_H5N6_|EPI_ISL_199120
A/duck/Hunan/04.14_YYGK468-O/2015(H5N6)|EPI_ISL_199122 -> A/duck/Hunan/04.14_YYGK468-O/2015_H5N6_|EPI_ISL_199122
A/duck/Hunan/04.14_YYGK472-O/2015(Mixed)|EPI_ISL_200288 -> A/duck/Hunan/04.14_YYGK472-O/2015_Mixed_|EPI_ISL_200288
A/duck/Hunan/04.14_YYGK0878-P/2015(H5N6)|EPI_ISL_199138 -> A/duck/Hunan/04.14_YYGK0878-P/2015_H5N6_|EPI_ISL_199138
A/duck/Hunan/04.14_YYXS877-P/2015(H5N6)|EPI_ISL_199137 -> A/duck/Hunan/04.14_YYXS877-P/2015_H5N6_|EPI_ISL_199137
A/duck/Hunan/04.22_LDDX037-P/2015(H5N6)|EPI_ISL_199038 -> A/duck/Hunan/04.22_LDDX037-P/2015_H5N6_|EPI_ISL_199038
A/duck/Hunan/12.07__YYGK44-P/2013(Mixed)|EPI_ISL_200375 -> A/duck/Hunan/12.07__YYGK44-P/2013_Mixed_|EPI_ISL_200375
A/duck/Hunan/12.07__YYGK97-P/2013(H5N1)|EPI_ISL_198776 -> A/duck/Hunan/12.07__YYGK97-P/2013_H5N1_|EPI_ISL_198776
A/duck/Hunan/12.07__YYGK110-P/2013(H5N6)|EPI_ISL_198766 -> A/duck/Hunan/12.07__YYGK110-P/2013_H5N6_|EPI_ISL_198766
A/duck/Hunan/12.07__YYGK111-P/2013(H5N6)|EPI_ISL_198767 -> A/duck/Hunan/12.07__YYGK111-P/2013_H5N6_|EPI_ISL_198767
A/duck/Hunan/12.07__YYGK118-P/2013(H5N6)|EPI_ISL_198770 -> A/duck/Hunan/12.07__YYGK118-P/2013_H5N6_|EPI_ISL_198770
A/duck/Hunan/12.07_YGK098-P/2013(H5N6)|EPI_ISL_198777 -> A/duck/Hunan/12.07_YGK098-P/2013_H5N6_|EPI_ISL_198777
A/duck/Hunan/12.07_YYGK007-P/2013(H5N1)|EPI_ISL_198774 -> A/duck/Hunan/12.07_YYGK007-P/2013_H5N1_|EPI_ISL_198774
A/duck/Hunan/12.07_YYGK032-P/2013(H5N6)|EPI_ISL_198771 -> A/duck/Hunan/12.07_YYGK032-P/2013_H5N6_|EPI_ISL_198771
A/duck/Hunan/12.07_YYGK68-P/2013(H5N6)|EPI_ISL_198773 -> A/duck/Hunan/12.07_YYGK68-P/2013_H5N6_|EPI_ISL_198773
A/duck/Hunan/12.07_YYGK100-P/2013(H5N1)|EPI_ISL_198764 -> A/duck/Hunan/12.07_YYGK100-P/2013_H5N1_|EPI_ISL_198764
A/duck/Hunan/12.07_YYGK108-P/2013(H5N6)|EPI_ISL_198765 -> A/duck/Hunan/12.07_YYGK108-P/2013_H5N6_|EPI_ISL_198765
A/duck/Hunan/12.07_YYGK113-P/2013(H5N6)|EPI_ISL_198769 -> A/duck/Hunan/12.07_YYGK113-P/2013_H5N6_|EPI_ISL_198769
A/duck/Hunan/12.17__YYFQH0046-1-O/2014(Mixed)|EPI_ISL_200265 -> A/duck/Hunan/12.17__YYFQH0046-1-O/2014_Mixed_|EPI_ISL_200265
A/duck/Hunan/12.17__YYFQH0072-O/2014(Mixed)|EPI_ISL_200268 -> A/duck/Hunan/12.17__YYFQH0072-O/2014_Mixed_|EPI_ISL_200268
A/duck/Hunan/12.17__YYGK0066-P/2014(H5N6)|EPI_ISL_198911 -> A/duck/Hunan/12.17__YYGK0066-P/2014_H5N6_|EPI_ISL_198911
A/duck/Hunan/12.17_YYGK014/2014(H5N6)|EPI_ISL_198833 -> A/duck/Hunan/12.17_YYGK014/2014_H5N6_|EPI_ISL_198833
A/duck/Hunan/12.17_YYGK040/2014(H5N6)|EPI_ISL_198857 -> A/duck/Hunan/12.17_YYGK040/2014_H5N6_|EPI_ISL_198857
A/duck/Hunan/12.17_YYGK056/2014(H5N6)|EPI_ISL_198862 -> A/duck/Hunan/12.17_YYGK056/2014_H5N6_|EPI_ISL_198862
A/duck/Hunan/12.17_YYGK0056/2014(H5N6)|EPI_ISL_198909 -> A/duck/Hunan/12.17_YYGK0056/2014_H5N6_|EPI_ISL_198909
A/duck/Hunan/12.17_YYGK0057/2014(H5N6)|EPI_ISL_198863 -> A/duck/Hunan/12.17_YYGK0057/2014_H5N6_|EPI_ISL_198863
A/duck/Hunan/12.17_YYGK0063-O/2014(H5N6)|EPI_ISL_198908 -> A/duck/Hunan/12.17_YYGK0063-O/2014_H5N6_|EPI_ISL_198908
A/duck/Hunan/12.17_YYGK079-1/2014(H5N6)|EPI_ISL_198873 -> A/duck/Hunan/12.17_YYGK079-1/2014_H5N6_|EPI_ISL_198873
A/duck/Hunan/12.17_YYGK082/2014(H5N6)|EPI_ISL_198876 -> A/duck/Hunan/12.17_YYGK082/2014_H5N6_|EPI_ISL_198876
A/duck/Hunan/S40199/2021(H5N6)|EPI_ISL_11208196 -> A/duck/Hunan/S40199/2021_H5N6_|EPI_ISL_11208196
A/duck/Hunan/S40268/2021(H5N6)|EPI_ISL_11208197 -> A/duck/Hunan/S40268/2021_H5N6_|EPI_ISL_11208197
A/duck/Jiangsu/S4439/2017(H5N1)|EPI_ISL_18513230 -> A/duck/Jiangsu/S4439/2017_H5N1_|EPI_ISL_18513230
A/duck/Jiangsu/SE1128/2018(H5N1)|EPI_ISL_18513231 -> A/duck/Jiangsu/SE1128/2018_H5N1_|EPI_ISL_18513231
A/duck/Jiangxi/01.14_NCJD034-P/2015(Mixed)|EPI_ISL_200238 -> A/duck/Jiangxi/01.14_NCJD034-P/2015_Mixed_|EPI_ISL_200238
A/duck/Jiangxi/01.14_NCJD054-P/2015(H5N6)|EPI_ISL_199337 -> A/duck/Jiangxi/01.14_NCJD054-P/2015_H5N6_|EPI_ISL_199337
A/duck/Jiangxi/01.14_NCJD064-P/2015(Mixed)|EPI_ISL_199340 -> A/duck/Jiangxi/01.14_NCJD064-P/2015_Mixed_|EPI_ISL_199340
A/duck/Jiangxi/02.05_YGYXG038-P/2015(H5N6)|EPI_ISL_199402 -> A/duck/Jiangxi/02.05_YGYXG038-P/2015_H5N6_|EPI_ISL_199402
A/duck/Jiangxi/02.06_NCJD036-P/2015(H5N6)|EPI_ISL_199399 -> A/duck/Jiangxi/02.06_NCJD036-P/2015_H5N6_|EPI_ISL_199399
A/duck/Jiangxi/02.06_NCJD039-P/2015(H5N6)|EPI_ISL_199398 -> A/duck/Jiangxi/02.06_NCJD039-P/2015_H5N6_|EPI_ISL_199398
A/duck/Jiangxi/03.11_NCHJX-15-06/2015(Mixed)|EPI_ISL_201371 -> A/duck/Jiangxi/03.11_NCHJX-15-06/2015_Mixed_|EPI_ISL_201371
A/duck/Jiangxi/04.01__NCDZT0312-O/2015(H5N6)|EPI_ISL_198937 -> A/duck/Jiangxi/04.01__NCDZT0312-O/2015_H5N6_|EPI_ISL_198937
A/duck/Jiangxi/04.01__NCDZT0334-P/2015(H5N6)|EPI_ISL_198939 -> A/duck/Jiangxi/04.01__NCDZT0334-P/2015_H5N6_|EPI_ISL_198939
A/duck/Jiangxi/04.01_NCDZT0304-O/2015(Mixed)|EPI_ISL_200272 -> A/duck/Jiangxi/04.01_NCDZT0304-O/2015_Mixed_|EPI_ISL_200272
A/duck/Jiangxi/05.07__NCJD0067A-P/2015(H5N6)|EPI_ISL_198991 -> A/duck/Jiangxi/05.07__NCJD0067A-P/2015_H5N6_|EPI_ISL_198991
A/duck/Jiangxi/E7/2014_(H5N6)|EPI_ISL_386928 -> A/duck/Jiangxi/E7/2014__H5N6_|EPI_ISL_386928
A/duck/Jiangxi/F31/2014(H5N6)|EPI_ISL_386930 -> A/duck/Jiangxi/F31/2014_H5N6_|EPI_ISL_386930
A/duck/Jiangxi/S40833/2021(H5N1)|EPI_ISL_12572660 -> A/duck/Jiangxi/S40833/2021_H5N1_|EPI_ISL_12572660
A/duck/Jilin/04.04_SY002-O/2015(Mixed)|EPI_ISL_200384 -> A/duck/Jilin/04.04_SY002-O/2015_Mixed_|EPI_ISL_200384
A/duck/Jilin/S1261/2019(H5N1)|EPI_ISL_18513232 -> A/duck/Jilin/S1261/2019_H5N1_|EPI_ISL_18513232
A/duck/Jilin/S4171/2019(H5N1)|EPI_ISL_18513234 -> A/duck/Jilin/S4171/2019_H5N1_|EPI_ISL_18513234
A/duck/Shandong/11.14_DL-DKd11/2013(H5N8)|EPI_ISL_199151 -> A/duck/Shandong/11.14_DL-DKd11/2013_H5N8_|EPI_ISL_199151
A/duck/Shandong/11.14_RD/2013(H5N8)|EPI_ISL_199412 -> A/duck/Shandong/11.14_RD/2013_H5N8_|EPI_ISL_199412
A/duck/Sichuan/04.27_NBXJ71/2014(H5N6)|EPI_ISL_198868 -> A/duck/Sichuan/04.27_NBXJ71/2014_H5N6_|EPI_ISL_198868
A/duck/Sichuan/04.27_NBXJ79/2014(H5N6)|EPI_ISL_198872 -> A/duck/Sichuan/04.27_NBXJ79/2014_H5N6_|EPI_ISL_198872
A/duck/Sichuan/04.27_NBXJ711/2014(Mixed)|EPI_ISL_200266 -> A/duck/Sichuan/04.27_NBXJ711/2014_Mixed_|EPI_ISL_200266
A/duck/Sichuan/04.27_NBXJ717/2014(H5N6)|EPI_ISL_198866 -> A/duck/Sichuan/04.27_NBXJ717/2014_H5N6_|EPI_ISL_198866
A/duck/Sichuan/04.27_NBXJ720/2014(H5N6)|EPI_ISL_198869 -> A/duck/Sichuan/04.27_NBXJ720/2014_H5N6_|EPI_ISL_198869
A/duck/Sichuan/04.27_NCXJ073/2014(H5N6)|EPI_ISL_198871 -> A/duck/Sichuan/04.27_NCXJ073/2014_H5N6_|EPI_ISL_198871
A/duck/Xinjiang/S1066/2019(H5N1)|EPI_ISL_18513235 -> A/duck/Xinjiang/S1066/2019_H5N1_|EPI_ISL_18513235
A/duck/Xinjiang/S1126/2019(H5N1)|EPI_ISL_18513236 -> A/duck/Xinjiang/S1126/2019_H5N1_|EPI_ISL_18513236
A/duck/Yunnan/03.15_DQWGH005-O/2015(H5N6)|EPI_ISL_198883 -> A/duck/Yunnan/03.15_DQWGH005-O/2015_H5N6_|EPI_ISL_198883
A/duck/Yunnan/03.16_DQXYL003-O/2015(H5N6)|EPI_ISL_199042 -> A/duck/Yunnan/03.16_DQXYL003-O/2015_H5N6_|EPI_ISL_199042
A/duck/Yunnan/03.16_DQXYL007-O/2015(Mixed)|EPI_ISL_200278 -> A/duck/Yunnan/03.16_DQXYL007-O/2015_Mixed_|EPI_ISL_200278
A/duck/Yunnan/03.16_DQXYL022-O/2015(H5N6)|EPI_ISL_199044 -> A/duck/Yunnan/03.16_DQXYL022-O/2015_H5N6_|EPI_ISL_199044
A/duck/Yunnan/03.16_DQXYL0039-O/2015(H5N6)|EPI_ISL_198882 -> A/duck/Yunnan/03.16_DQXYL0039-O/2015_H5N6_|EPI_ISL_198882
A/duck/Yunnan/07.15_DQNPH124/2015(H5N6)|EPI_ISL_200822 -> A/duck/Yunnan/07.15_DQNPH124/2015_H5N6_|EPI_ISL_200822
A/duck/Yunnan/07.15_DQNPH125/2015(H5N6)|EPI_ISL_200823 -> A/duck/Yunnan/07.15_DQNPH125/2015_H5N6_|EPI_ISL_200823
A/duck/Yunnan/07.15_DQNPH127/2015(H5N6)|EPI_ISL_200824 -> A/duck/Yunnan/07.15_DQNPH127/2015_H5N6_|EPI_ISL_200824
A/duck/Yunnan/07.15_DQNPH129/2015(H5N6)|EPI_ISL_200825 -> A/duck/Yunnan/07.15_DQNPH129/2015_H5N6_|EPI_ISL_200825
A/duck/Yunnan/S4318/2021(H5N6)|EPI_ISL_11208198 -> A/duck/Yunnan/S4318/2021_H5N6_|EPI_ISL_11208198
A/Duck/Yunnan/YN-2/2016_(H5N6)|EPI_ISL_283702 -> A/Duck/Yunnan/YN-2/2016__H5N6_|EPI_ISL_283702
A/Duck/Yunnan/YN-4/2015__(H5N6)|EPI_ISL_283704 -> A/Duck/Yunnan/YN-4/2015___H5N6_|EPI_ISL_283704
A/Duck/Yunnan/YN-9/2016__(H5N6)|EPI_ISL_283966 -> A/Duck/Yunnan/YN-9/2016___H5N6_|EPI_ISL_283966
A/duck/Zhejiang/02.28_JHZJ-15-04/2015(Mixed)|EPI_ISL_201373 -> A/duck/Zhejiang/02.28_JHZJ-15-04/2015_Mixed_|EPI_ISL_201373
A/duck/Zhejiang/S4091/2017(H5N1)|EPI_ISL_18513237 -> A/duck/Zhejiang/S4091/2017_H5N1_|EPI_ISL_18513237
A/duck/Zhejiang/S4854/2021(H5N6)|EPI_ISL_11208199 -> A/duck/Zhejiang/S4854/2021_H5N6_|EPI_ISL_11208199
A/feline/Guangdong/2/2014(H5N6)|EPI_ISL_176841 -> A/feline/Guangdong/2/2014_H5N6_|EPI_ISL_176841
A/Fujian/1/2024(H5N6)|EPI_ISL_19132453 -> A/Fujian/1/2024_H5N6_|EPI_ISL_19132453
A/Fujian/2/2024(H5N6)|EPI_ISL_19145644 -> A/Fujian/2/2024_H5N6_|EPI_ISL_19145644
A/Fujian-Sanyuan/21099/2017_x_PR8_(CNIC-21099)|EPI_ISL_341294 -> A/Fujian-Sanyuan/21099/2017_x_PR8__CNIC-21099_|EPI_ISL_341294
A/Goose/_Guangdong_/JG125/2013(H5N6)|EPI_ISL_205961 -> A/Goose/_Guangdong_/JG125/2013_H5N6_|EPI_ISL_205961
A/Goose/_Guangdong_/SSLBY/2015(H5N6)|EPI_ISL_205966 -> A/Goose/_Guangdong_/SSLBY/2015_H5N6_|EPI_ISL_205966
A/Goose/_Guangdong_/SSZYP/2015(H5N6)|EPI_ISL_205967 -> A/Goose/_Guangdong_/SSZYP/2015_H5N6_|EPI_ISL_205967
A/goose/Guangdong/03.27_DGQTSJ180-O/2015(Mixed)|EPI_ISL_200250 -> A/goose/Guangdong/03.27_DGQTSJ180-O/2015_Mixed_|EPI_ISL_200250
A/goose/Guangdong/04.22_DGCP117-O/2015(H5N6)|EPI_ISL_199207 -> A/goose/Guangdong/04.22_DGCP117-O/2015_H5N6_|EPI_ISL_199207
A/goose/Guangdong/04.22_DGCP118-P/2015(H5N6)|EPI_ISL_199268 -> A/goose/Guangdong/04.22_DGCP118-P/2015_H5N6_|EPI_ISL_199268
A/goose/Guangdong/04.22_DGCP120-P/2015(H5N6)|EPI_ISL_199244 -> A/goose/Guangdong/04.22_DGCP120-P/2015_H5N6_|EPI_ISL_199244
A/goose/Guangdong/04.22_DGCPLB045-O/2015(H5N6)|EPI_ISL_199260 -> A/goose/Guangdong/04.22_DGCPLB045-O/2015_H5N6_|EPI_ISL_199260
A/goose/Guangdong/04.23_DGQTXC216-O/2015(Mixed)|EPI_ISL_200235 -> A/goose/Guangdong/04.23_DGQTXC216-O/2015_Mixed_|EPI_ISL_200235
A/goose/Guangdong/04.23_DGQTXC216-P/2015(H5N6)|EPI_ISL_199269 -> A/goose/Guangdong/04.23_DGQTXC216-P/2015_H5N6_|EPI_ISL_199269
A/goose/Guangdong/04.23_DGQTXC237-O1/2015(H5N6)|EPI_ISL_199301 -> A/goose/Guangdong/04.23_DGQTXC237-O1/2015_H5N6_|EPI_ISL_199301
A/goose/Guangdong/04.23_DGQTXC237-O/2015(Mixed)|EPI_ISL_200242 -> A/goose/Guangdong/04.23_DGQTXC237-O/2015_Mixed_|EPI_ISL_200242
A/goose/Guangdong/S4751/2021(H5N6)|EPI_ISL_11208200 -> A/goose/Guangdong/S4751/2021_H5N6_|EPI_ISL_11208200
A/goose/Guangdong/SH7/2013(H5N1)|EPI_ISL_259927 -> A/goose/Guangdong/SH7/2013_H5N1_|EPI_ISL_259927
A/goose/Guizhou/S1541/2022(H5N1)|EPI_ISL_12572661 -> A/goose/Guizhou/S1541/2022_H5N1_|EPI_ISL_12572661
A/goose/Hunan/SE284/2022(H5N1)|EPI_ISL_12572662 -> A/goose/Hunan/SE284/2022_H5N1_|EPI_ISL_12572662
A/goose/Jiangxi/01.09_NFJX-15-01/2015(Mixed)|EPI_ISL_201374 -> A/goose/Jiangxi/01.09_NFJX-15-01/2015_Mixed_|EPI_ISL_201374
A/goose/Jilin/04.04_SY003-O/2015(H5N6)|EPI_ISL_198757 -> A/goose/Jilin/04.04_SY003-O/2015_H5N6_|EPI_ISL_198757
A/goose/Jilin/S4034/2019(H5N1)|EPI_ISL_18513241 -> A/goose/Jilin/S4034/2019_H5N1_|EPI_ISL_18513241
A/goose/Shandong/01.01_JY-GS/2015(H5N2)|EPI_ISL_199160 -> A/goose/Shandong/01.01_JY-GS/2015_H5N2_|EPI_ISL_199160
A/goose/Shandong/01.07_JQ-GS/2015(H5N2)|EPI_ISL_199161 -> A/goose/Shandong/01.07_JQ-GS/2015_H5N2_|EPI_ISL_199161
A/goose/Shandong/02.16_YG-GS/2015(H5N6)|EPI_ISL_199163 -> A/goose/Shandong/02.16_YG-GS/2015_H5N6_|EPI_ISL_199163
A/goose/Shandong/02.26_GD/2015(H5N6)|EPI_ISL_199414 -> A/goose/Shandong/02.26_GD/2015_H5N6_|EPI_ISL_199414
A/goose/Shandong/03.10_HZ/2015(H5N1)|EPI_ISL_199411 -> A/goose/Shandong/03.10_HZ/2015_H5N1_|EPI_ISL_199411
A/goose/Shandong/03.16_JNRe-5/2014(H5N6)|EPI_ISL_199410 -> A/goose/Shandong/03.16_JNRe-5/2014_H5N6_|EPI_ISL_199410
A/goose/Shandong/04.22_GT/2015(H5N2)|EPI_ISL_199196 -> A/goose/Shandong/04.22_GT/2015_H5N2_|EPI_ISL_199196
A/goose/Shandong/05.23_AY-GS/2015(Mixed)|EPI_ISL_200468 -> A/goose/Shandong/05.23_AY-GS/2015_Mixed_|EPI_ISL_200468
A/goose/Shandong/05.23_DT-GS/2014(H5N8)|EPI_ISL_199158 -> A/goose/Shandong/05.23_DT-GS/2014_H5N8_|EPI_ISL_199158
A/goose/Shandong/06.14_HZ-GS/2014(Mixed)|EPI_ISL_200458 -> A/goose/Shandong/06.14_HZ-GS/2014_Mixed_|EPI_ISL_200458
A/goose/Shandong/11.02_CQ-GS/2014(H5N6)|EPI_ISL_199153 -> A/goose/Shandong/11.02_CQ-GS/2014_H5N6_|EPI_ISL_199153
A/goose/Shandong/12.05_YG-GS/2014(H5N6)|EPI_ISL_199155 -> A/goose/Shandong/12.05_YG-GS/2014_H5N6_|EPI_ISL_199155
A/goose/Shandong/12.08_YG-GS/2014(H5N8)|EPI_ISL_199156 -> A/goose/Shandong/12.08_YG-GS/2014_H5N8_|EPI_ISL_199156
A/Goose/Shandong/21153-3/2021(H5N8)|EPI_ISL_7380500 -> A/Goose/Shandong/21153-3/2021_H5N8_|EPI_ISL_7380500
A/goose/Shandong/GD-GS/2014(H5N8)|EPI_ISL_199159 -> A/goose/Shandong/GD-GS/2014_H5N8_|EPI_ISL_199159
A/goose/Shandong/GS/2013(H5N1)|EPI_ISL_199413 -> A/goose/Shandong/GS/2013_H5N1_|EPI_ISL_199413
A/goose/Yunnan/07.14_DQWCK119/2015(H5N6)|EPI_ISL_200820 -> A/goose/Yunnan/07.14_DQWCK119/2015_H5N6_|EPI_ISL_200820
A/goose/Yunnan/07.14_DQWCK122/2015(H5N6)|EPI_ISL_200821 -> A/goose/Yunnan/07.14_DQWCK122/2015_H5N6_|EPI_ISL_200821
A/Hubei/29578/2016_x_PR8__(CNIC-HB29578)|EPI_ISL_341293 -> A/Hubei/29578/2016_x_PR8___CNIC-HB29578_|EPI_ISL_341293
A/Jiangsu/1/2020_(H5N6)|EPI_ISL_718225 -> A/Jiangsu/1/2020__H5N6_|EPI_ISL_718225
A/Jiangsu/1/2020(H5N6)|EPI_ISL_718266 -> A/Jiangsu/1/2020_H5N6_|EPI_ISL_718266
A/Luscinia_cyane/Jiangxi/U2/2016_(H5N6)|EPI_ISL_386922 -> A/Luscinia_cyane/Jiangxi/U2/2016__H5N6_|EPI_ISL_386922
A/Mallard/Jiangxi/JXH9/2014_(H5N6)|EPI_ISL_386927 -> A/Mallard/Jiangxi/JXH9/2014__H5N6_|EPI_ISL_386927
A/Mallard/Jiangxi/JXH22/2014_(H5N6)|EPI_ISL_386926 -> A/Mallard/Jiangxi/JXH22/2014__H5N6_|EPI_ISL_386926
A/Phalacrocorax/Hubei/01.09_V5/2015(H5N6)|EPI_ISL_199062 -> A/Phalacrocorax/Hubei/01.09_V5/2015_H5N6_|EPI_ISL_199062
A/Phalacrocorax/Hubei/01.09_V7/2015(H5N6)|EPI_ISL_199063 -> A/Phalacrocorax/Hubei/01.09_V7/2015_H5N6_|EPI_ISL_199063
A/pigeon/Guangdong/04.15_SZBAXQ004/2015(H5N6)|EPI_ISL_199456 -> A/pigeon/Guangdong/04.15_SZBAXQ004/2015_H5N6_|EPI_ISL_199456
A/pigeon/Guangdong/04.16_SZLGWL006/2015(H5N6)|EPI_ISL_199465 -> A/pigeon/Guangdong/04.16_SZLGWL006/2015_H5N6_|EPI_ISL_199465
A/pigeon/Guangdong/04.23_DGQTXC197-O/2015(H5N6)|EPI_ISL_199296 -> A/pigeon/Guangdong/04.23_DGQTXC197-O/2015_H5N6_|EPI_ISL_199296
A/Pigeon/Hunan/04.14_YYXS0912-O/2015(Mixed)|EPI_ISL_200289 -> A/Pigeon/Hunan/04.14_YYXS0912-O/2015_Mixed_|EPI_ISL_200289
A/pigeon/Jiangsu/12.22_TCCX053-P/2014(Mixed)|EPI_ISL_200523 -> A/pigeon/Jiangsu/12.22_TCCX053-P/2014_Mixed_|EPI_ISL_200523
A/Pigeon/Jiangxi/02.10__NCDZT0017-P/2015(H5N6)|EPI_ISL_198799 -> A/Pigeon/Jiangxi/02.10__NCDZT0017-P/2015_H5N6_|EPI_ISL_198799
A/Pigeon/Jiangxi/04.01__NCDZT0352-O/2015(H5N6)|EPI_ISL_198967 -> A/Pigeon/Jiangxi/04.01__NCDZT0352-O/2015_H5N6_|EPI_ISL_198967
A/pigeon/Jiangxi/S40784/2021(H5N1)|EPI_ISL_12572663 -> A/pigeon/Jiangxi/S40784/2021_H5N1_|EPI_ISL_12572663
A/pigeon/Jilin/04.25_CCHL018-O/2015(H5N6)|EPI_ISL_198849 -> A/pigeon/Jilin/04.25_CCHL018-O/2015_H5N6_|EPI_ISL_198849
A/pigeon/Jilin/04.25_CCHL019-O/2015(H5N1)|EPI_ISL_198892 -> A/pigeon/Jilin/04.25_CCHL019-O/2015_H5N1_|EPI_ISL_198892
A/pigeon/Jilin/S4176/2019(H5N1)|EPI_ISL_18513242 -> A/pigeon/Jilin/S4176/2019_H5N1_|EPI_ISL_18513242
A/pigeon/Sichuan/04.27_NBXJ743/2014(H5N6)|EPI_ISL_198893 -> A/pigeon/Sichuan/04.27_NBXJ743/2014_H5N6_|EPI_ISL_198893
A/Quail/Guangxi/GX-2/2017__(H5N6)|EPI_ISL_283971 -> A/Quail/Guangxi/GX-2/2017___H5N6_|EPI_ISL_283971
A/quail/Jiangxi/B9/2015_(H5N6)|EPI_ISL_386925 -> A/quail/Jiangxi/B9/2015__H5N6_|EPI_ISL_386925
A/Shenzhen/TH001/2015_(H5N6)|EPI_ISL_205503 -> A/Shenzhen/TH001/2015__H5N6_|EPI_ISL_205503
A/Shenzhen/TH003/2016(H5N6)|EPI_ISL_207048 -> A/Shenzhen/TH003/2016_H5N6_|EPI_ISL_207048
A/Streptopelia_decaocto/Jiangxi/E1/2015(H5N6)|EPI_ISL_386923 -> A/Streptopelia_decaocto/Jiangxi/E1/2015_H5N6_|EPI_ISL_386923
A/Streptopelia_decaocto/Jiangxi/G6/2016(H5N6)|EPI_ISL_364289 -> A/Streptopelia_decaocto/Jiangxi/G6/2016_H5N6_|EPI_ISL_364289
A/Streptopelia_decaocto/Jiangxi/J8/2015_(H5N6)|EPI_ISL_386924 -> A/Streptopelia_decaocto/Jiangxi/J8/2015__H5N6_|EPI_ISL_386924
A/tundra_swan/Fujian/SD121/2023(H5N1)|EPI_ISL_19616578 -> A/tundra_swan/Fujian/SD121/2023_H5N1_|EPI_ISL_19616578
A/turtle_dove/Hunan/S4004/2020(H5N1)|EPI_ISL_18513243 -> A/turtle_dove/Hunan/S4004/2020_H5N1_|EPI_ISL_18513243
A/whooper_swan/Henan/SMX1/2015(H5N1)|EPI_ISL_171121 -> A/whooper_swan/Henan/SMX1/2015_H5N1_|EPI_ISL_171121
A/whooper_swan/Henan/SMX3/2015(H5N1)|EPI_ISL_171141 -> A/whooper_swan/Henan/SMX3/2015_H5N1_|EPI_ISL_171141
A/whooper_swan/Henan/SMX4/2015(H5N1)|EPI_ISL_171165 -> A/whooper_swan/Henan/SMX4/2015_H5N1_|EPI_ISL_171165
A/whooper_swan/Henan/SMX9/2015(H5N1)|EPI_ISL_171186 -> A/whooper_swan/Henan/SMX9/2015_H5N1_|EPI_ISL_171186
A/wild_bird/Hubei/12.12_LGHF2W44/2016(H5N8)|EPI_ISL_363770 -> A/wild_bird/Hubei/12.12_LGHF2W44/2016_H5N8_|EPI_ISL_363770
A/wild_bird/Hunan/01.14_YYDTHF2-20-2/2016(H5N6)|EPI_ISL_363818 -> A/wild_bird/Hunan/01.14_YYDTHF2-20-2/2016_H5N6_|EPI_ISL_363818
A/wild_bird/Hunan/01.14_YYDTHF2-25-2/2016(H5N6)|EPI_ISL_363823 -> A/wild_bird/Hunan/01.14_YYDTHF2-25-2/2016_H5N6_|EPI_ISL_363823
A/wild_bird/Hunan/02.24_YYDTHF2-114-2/2016(H5N6)|EPI_ISL_363805 -> A/wild_bird/Hunan/02.24_YYDTHF2-114-2/2016_H5N6_|EPI_ISL_363805
A/wild_bird/Hunan/02.24_YYDTHF3-112/2016(H5N6)|EPI_ISL_2727646 -> A/wild_bird/Hunan/02.24_YYDTHF3-112/2016_H5N6_|EPI_ISL_2727646
A/wild_bird/Hunan/03.08_DTHF2E3-2/2018(H5N6)|EPI_ISL_363803 -> A/wild_bird/Hunan/03.08_DTHF2E3-2/2018_H5N6_|EPI_ISL_363803
A/wild_duck/Hebei/SD012/2021(H5N1)|EPI_ISL_12572664 -> A/wild_duck/Hebei/SD012/2021_H5N1_|EPI_ISL_12572664
A/wild_duck/Hunan/12.28_DTHD76-1/2016(H5N7)|EPI_ISL_2727644 -> A/wild_duck/Hunan/12.28_DTHD76-1/2016_H5N7_|EPI_ISL_2727644
A/Yunnan/DQ002/2015(H5N6)|EPI_ISL_200838 -> A/Yunnan/DQ002/2015_H5N6_|EPI_ISL_200838

                                                                                 Gap/Ambiguity  Composition  p-value
Analyzing sequences: done in 0.00120497 secs using 2956% CPU
   1  A/Indonesia/5/2005                                                                 3.00%    passed     92.71%
   2  A/Hong_Kong/483/1997                                                               5.07%    passed     97.51%
   3  A/Hong_Kong/482/97                                                                 5.07%    passed     99.36%
   4  A/Chicken/HongKong/FY150/01                                                        6.92%    passed     99.18%
   5  A/Chicken/HongKong/YU822.2/01                                                      6.92%    passed     99.96%
   6  A/Chicken/HongKong/YU562/01                                                        6.92%    passed     99.66%
   7  A/Pheasant/Hong_Kong/FY155/01                                                      6.92%    passed     99.28%
   8  A/Hong_Kong/486/97                                                                 6.92%    passed     97.87%
   9  A/Thailand/16/2004                                                                 6.92%    passed     97.97%
  10  A/Hong_Kong/538/97                                                                 6.92%    passed     97.68%
  11  A/chicken/Indonesia/7/2003                                                         4.69%    passed     94.41%
  12  A/chicken/Korea/ES/03                                                              7.09%    passed     97.45%
  13  A/Hong_Kong/156/97                                                                 5.07%    passed     98.73%
  14  A/whooper_swan/Mongolia/244/2005                                                   4.36%    passed     98.49%
  15  A/Vietnam/UT3062/2004                                                              6.92%    passed     97.97%
  16  A/Anas_crecca/Hubei/Chenhu1623-5/2014_H5N6|EPI_ISL_217941                          7.09%    passed     95.73%
  17  A/Anas_crecca/Hubei/Chenhu1623-5/2014|EPI_ISL_179644                               7.09%    passed     96.68%
  18  A/Anas_platyrhynchos/Chongming/H5N1_1/2024|EPI_ISL_19890771                        7.09%    passed     95.39%
  19  A/Anas_platyrhynchos/Jiujiang/H5N1/2024|EPI_ISL_19890474                           7.09%    passed     97.96%
  20  A/Anhui/1/2005|EPI_ISL_24603                                                       7.09%    passed     99.71%
  21  A/Anhui/1/2006|EPI_ISL_73320                                                       6.49%    passed     99.78%
  22  A/Anhui/2/2005|EPI_ISL_24606                                                       7.09%    passed     98.82%
  23  A/Anhui/2021-00011/2020|EPI_ISL_1081370                                            4.09%    passed     98.27%
  24  A/Anhui/33163/2016|EPI_ISL_284651                                                  5.73%    passed     86.74%
  25  A/Anser_albifrons/Hubei/Chenhu586/2013_H5N3|EPI_ISL_217933                         7.58%    passed     80.97%
  26  A/Anser_cygnoides/China/P126/2015|EPI_ISL_503036                                   7.09%    passed     99.46%
  27  A/Anser_cygnoides/Hubei/FW44/2016|EPI_ISL_295492                                   7.09%    passed     98.00%
  28  A/Anser_fabalis/Hunan/03.09__YYDTH0007/2015_H5N6_|EPI_ISL_199110                   5.02%    passed     97.29%
  29  A/Anser_fabalis/Jiujiang/H5N1/2024|EPI_ISL_19886139                                7.09%    passed     97.27%
  30  A/bar_headed_goose/Tibet/T1707/2021|EPI_ISL_14822756                               5.02%    passed     96.46%
  31  A/Bar-headed_Goose/Qinghai/A11/2016|EPI_ISL_292496                                 7.09%    passed     99.04%
  32  A/Bar-headed_Goose/Qinghai/A13/2016|EPI_ISL_292183                                 7.09%    passed     99.04%
  33  A/Bar-headed_Goose/Qinghai/a15/2016|EPI_ISL_292237                                 7.09%    passed     98.70%
  34  A/Bar-headed_Goose/Qinghai/A16/2016|EPI_ISL_292182                                 7.09%    passed     99.04%
  35  A/Bar-headed_Goose/Qinghai/A17/2016|EPI_ISL_292176                                 7.09%    passed     99.41%
  36  A/Bar-headed_Goose/Qinghai/A19/2016|EPI_ISL_292181                                 7.09%    passed     99.05%
  37  A/Bar-headed_Goose/Qinghai/A20/2016|EPI_ISL_292177                                 7.09%    passed     95.39%
  38  A/Bar-headed_Goose/Qinghai/A22/2016|EPI_ISL_292170                                 7.09%    passed     99.03%
  39  A/Bar-headed_Goose/Qinghai/A23/2016|EPI_ISL_292192                                 7.09%    passed     99.41%
  40  A/Bar-headed_Goose/Qinghai/a24/2016|EPI_ISL_292236                                 7.09%    passed     99.41%
  41  A/Bar-headed_Goose/Qinghai/a26/2016|EPI_ISL_292330                                 7.09%    passed     98.66%
  42  A/Bar-headed_Goose/Qinghai/a27/2016|EPI_ISL_292329                                 7.09%    passed     98.92%
  43  A/Bar-headed_Goose/Qinghai/a32/2016|EPI_ISL_292196                                 7.09%    passed     94.42%
  44  A/Bar-headed_Goose/Qinghai/a43/2016|EPI_ISL_292235                                 7.09%    passed     99.27%
  45  A/Bar-headed_Goose/Qinghai/a45/2016|EPI_ISL_292328                                 7.09%    passed     98.62%
  46  A/Bar-headed_Goose/Qinghai/a61/2016|EPI_ISL_292231                                 7.09%    passed     98.62%
  47  A/Bar-headed_Goose/Qinghai/a88/2016|EPI_ISL_292194                                 5.02%    passed     97.62%
  48  A/Bar-headed_Goose/Qinghai/a91/2016|EPI_ISL_292233                                 7.09%    passed     99.16%
  49  A/Bar-headed_Goose/Qinghai/a92/2016|EPI_ISL_292234                                 7.09%    passed     99.25%
  50  A/Bar-headed_Goose/Qinghai/a93/2016|EPI_ISL_292230                                 7.09%    passed     99.16%
  51  A/Bar-headed_Goose/Qinghai/a113/2016|EPI_ISL_292229                                7.09%    passed     98.16%
  52  A/Bar-headed_Goose/Qinghai/a114/2016|EPI_ISL_292331                                7.09%    passed     99.41%
  53  A/Bar-headed_Goose/Qinghai/a115/2016|EPI_ISL_292198                                7.09%    passed     97.63%
  54  A/Bar-headed_Goose/Qinghai/a210/2017|EPI_ISL_292498                                5.51%    passed     82.46%
  55  A/Bar-headed_Goose/Qinghai/a218/2017|EPI_ISL_292341                                5.51%    passed     82.46%
  56  A/Bar-headed_Goose/Qinghai/a237/2017|EPI_ISL_292476                                5.02%    passed     86.97%
  57  A/Bar-headed_Goose/Qinghai/a765/2017|EPI_ISL_292478                                5.51%    passed     87.97%
  58  A/Bar-headed_Goose/Qinghai/a893/2017|EPI_ISL_292479                                5.51%    passed     82.46%
  59  A/Bar-headed_Goose/Qinghai/B11/2016|EPI_ISL_292495                                 7.09%    passed     99.41%
  60  A/Bar-headed_Goose/Qinghai/B12/2016|EPI_ISL_292191                                 7.09%    passed     98.62%
  61  A/Bar-headed_Goose/Qinghai/B34/2016|EPI_ISL_292186                                 7.09%    passed     98.66%
  62  A/Bar-headed_Goose/Qinghai/B44/2016|EPI_ISL_291952                                 7.09%    passed     99.54%
  63  A/Bar-headed_Goose/Qinghai/B51/2016|EPI_ISL_292184                                 7.09%    passed     98.62%
  64  A/Bar-headed_Goose/Qinghai/B54/2016|EPI_ISL_292173                                 7.09%    passed     98.62%
  65  A/Bar-headed_Goose/Qinghai/B655/2017|EPI_ISL_292334                                5.51%    passed     79.91%
  66  A/Bar-headed_Goose/Qinghai/BTY1-B/2016|EPI_ISL_224704                              7.09%    passed     98.62%
  67  A/Bar-headed_Goose/Qinghai/BTY2/2015_H5N1|EPI_ISL_200998                           5.02%    passed     86.61%
  68  A/Bar-headed_Goose/Qinghai/BTY2-B/2016|EPI_ISL_224707                              7.09%    passed     98.62%
  69  A/Bar-headed_Goose/Qinghai/BTY2-LU/2016|EPI_ISL_224708                             7.09%    passed     98.62%
  70  A/Bar-headed_Goose/Qinghai/BTY3-B/2016|EPI_ISL_224709                              7.09%    passed     98.02%
  71  A/Bar-headed_Goose/Qinghai/BTY3-LU/2016|EPI_ISL_224710                             7.09%    passed     98.02%
  72  A/Bar-headed_Goose/Qinghai/BTY4-B/2016|EPI_ISL_224711                              7.09%    passed     98.02%
  73  A/Bar-headed_Goose/Qinghai/BTY4-LU/2016|EPI_ISL_224712                             7.09%    passed     98.02%
  74  A/Bar-headed_Goose/Qinghai/BTY5-B/2016|EPI_ISL_224713                              7.09%    passed     99.05%
  75  A/Bar-headed_Goose/Qinghai/BTY6-B/2016|EPI_ISL_224714                              7.09%    passed     99.04%
  76  A/Bar-headed_Goose/Qinghai/BTY6-LU/2016|EPI_ISL_224715                             7.09%    passed     99.04%
  77  A/Bar-headed_Goose/Qinghai/BTY7-B/2016|EPI_ISL_224716                              7.09%    passed     99.04%
  78  A/Bar-headed_Goose/Qinghai/BTY7-LU1/2016|EPI_ISL_224717                            7.09%    passed     99.04%
  79  A/Bar-headed_Goose/Qinghai/BTY7-LU2/2016|EPI_ISL_224718                            7.09%    passed     99.04%
  80  A/Bar-headed_Goose/Qinghai/BTY8-B/2016|EPI_ISL_224719                              7.09%    passed     98.62%
  81  A/Bar-headed_Goose/Qinghai/BTY8-LU/2016|EPI_ISL_224720                             7.09%    passed     98.62%
  82  A/Bar-headed_Goose/Qinghai/BTY9-B/2016|EPI_ISL_224721                              7.09%    passed     97.73%
  83  A/Bar-headed_Goose/Qinghai/BTY9-LU/2016|EPI_ISL_224722                             7.09%    passed     97.73%
  84  A/Bar-headed_Goose/Qinghai/BTY10-B/2016|EPI_ISL_224723                             7.09%    passed     99.04%
  85  A/Bar-headed_Goose/Qinghai/BTY10-LU/2016|EPI_ISL_224724                            7.09%    passed     99.04%
  86  A/Bar-headed_Goose/Qinghai/BTY11-B/2016|EPI_ISL_224725                             7.09%    passed     99.04%
  87  A/Bar-headed_Goose/Qinghai/BTY11-LU/2016|EPI_ISL_224726                            7.09%    passed     99.04%
  88  A/Bar-headed_Goose/Qinghai/BTY12-B/2016|EPI_ISL_224727                             7.09%    passed     99.05%
  89  A/Bar-headed_Goose/Qinghai/BTY12-LU/2016|EPI_ISL_224728                            7.09%    passed     98.62%
  90  A/Bar-headed_Goose/Qinghai/BTY13-B/2016|EPI_ISL_224729                             7.09%    passed     99.04%
  91  A/Bar-headed_Goose/Qinghai/BTY13-LU/2016|EPI_ISL_224730                            7.09%    passed     99.04%
  92  A/Bar-headed_Goose/Qinghai/BTY14-B/2016|EPI_ISL_224731                             7.09%    passed     99.41%
  93  A/Bar-headed_Goose/Qinghai/BTY14-LU/2016|EPI_ISL_224732                            7.09%    passed     97.73%
  94  A/Bar-headed_Goose/Qinghai/BTY15-B/2016|EPI_ISL_224733                             7.09%    passed     98.02%
  95  A/Bar-headed_Goose/Qinghai/BTY15-LU/2016|EPI_ISL_224734                            7.09%    passed     98.48%
  96  A/Bar-headed_Goose/Qinghai/BTY16-B/2016|EPI_ISL_224735                             7.09%    passed     98.48%
  97  A/Bar-headed_Goose/Qinghai/BTY16-LU/2016|EPI_ISL_224736                            7.09%    passed     99.04%
  98  A/Bar-headed_Goose/Qinghai/BTY17-B/2016|EPI_ISL_224737                             7.09%    passed     98.62%
  99  A/Bar-headed_Goose/Qinghai/BTY17-LU/2016|EPI_ISL_224738                            7.09%    passed     98.62%
 100  A/Bar-headed_Goose/Qinghai/BTY18-B/2016|EPI_ISL_224739                             7.09%    passed     99.04%
 101  A/Bar-headed_Goose/Qinghai/BTY18-LU/2016|EPI_ISL_224740                            7.09%    passed     98.70%
 102  A/Bar-headed_Goose/Qinghai/HDT001/2016|EPI_ISL_292232                              7.09%    passed     99.05%
 103  A/Bar-headed_Goose/Qinghai/p2/2016|EPI_ISL_292327                                  7.09%    passed     98.43%
 104  A/Bar-headed_Goose/Qinghai/p9/2016|EPI_ISL_292239                                  7.09%    passed     99.05%
 105  A/Bar-headed_Goose/Qinghai/p18/2016|EPI_ISL_292238                                 7.09%    passed     97.70%
 106  A/Bar-headed_goose/Qinghai/X402/2015_H5N6|EPI_ISL_218200                           7.09%    passed     99.77%
 107  A/Bar-headed_goose/Qinghai/X417/2015_H5N6|EPI_ISL_218201                           7.09%    passed     99.43%
 108  A/Bar-headed_goose/Qinghai/X418-1/2015_H5N6|EPI_ISL_218202                         7.09%    passed     99.29%
 109  A/Bar-headed_goose/Qinghai/X418-2/2015_H5N6|EPI_ISL_218203                         7.09%    passed     99.87%
 110  A/Bar-headed_goose/Qinghai/X424/2015_H5N6|EPI_ISL_218204                           7.09%    passed     99.77%
 111  A/Bar-headed_goose/Qinghai/X428/2015_H5N6|EPI_ISL_218205                           7.09%    passed     99.54%
 112  A/Bar-headed_goose/Qinghai/X430/2015_H5N6|EPI_ISL_218206                           7.09%    passed     99.87%
 113  A/Bar-headed_goose/Qinghai/X437/2015_H5N6|EPI_ISL_218207                           7.09%    passed     99.77%
 114  A/Bar-headed_Goose/Qinghai/XX13/2016|EPI_ISL_292179                                7.09%    passed     99.05%
 115  A/Bar-headed_Goose/Qinghai/XX22/2016|EPI_ISL_292180                                7.09%    passed     99.08%
 116  A/Bar-headed_Goose/Qinghai/XX76/2016|EPI_ISL_292193                                7.09%    passed     98.02%
 117  A/Bar-headed_Goose/Qinghai/XX111/2016|EPI_ISL_292190                               7.09%    passed     99.04%
 118  A/Bar-headed_Goose/Qinghai/XX446/2016|EPI_ISL_292175                               7.09%    passed     99.04%
 119  A/Bar-headed_Goose/Qinghai/XX782/2016|EPI_ISL_292187                               7.09%    passed     99.04%
 120  A/Bar-headed_Goose/Qinghai/XXI122/2016|EPI_ISL_292497                              7.09%    passed     94.91%
 121  A/Bar-headed_Goose/Tibet/XZ6/2021|EPI_ISL_8215658                                  7.09%    passed     93.88%
 122  A/Bar-headed_Goose/Tibet/XZ71/2021|EPI_ISL_8215659                                 7.09%    passed     96.83%
 123  A/Bar-headed_Goose/Tibet/XZ81/2021|EPI_ISL_8215660                                 7.09%    passed     93.73%
 124  A/Bar-headed_Goose/Tibet/XZ181/2021|EPI_ISL_8215661                                7.09%    passed     94.95%
 125  A/Bar-headed_Goose/Tibet/XZ901/2021|EPI_ISL_8215688                                7.09%    passed     93.05%
 126  A/Bar-headed_Goose/Tibet/XZ1131/2021|EPI_ISL_8215689                               7.09%    passed     98.00%
 127  A/Bar-headed_Goose/Tibet/XZQ5-1/2021|EPI_ISL_8215653                               7.09%    passed     93.67%
 128  A/Bar-headed_Goose/Tibet/XZQ7/2021|EPI_ISL_8215654                                 7.09%    passed     94.89%
 129  A/Bar-headed_Goose/Tibet/XZQ8-1/2021|EPI_ISL_8215655                               7.09%    passed     94.89%
 130  A/Bar-headed_Goose/Tibet/XZQ9-1/2021|EPI_ISL_8215656                               7.09%    passed     96.41%
 131  A/Bar-headed_Goose/Tibet/XZQ10-1/2021|EPI_ISL_8215657                              7.09%    passed     95.88%
 132  A/Bar-headed_Goose/Tibet/XZQ13-1/2021|EPI_ISL_8215662                              7.09%    passed     94.95%
 133  A/Bar-headed_Goose/Tibet/XZQ17-1/2021|EPI_ISL_8215685                              7.09%    passed     93.88%
 134  A/Bar-headed_Goose/Tibet/XZQ18-1/2021|EPI_ISL_8215686                              7.09%    passed     93.88%
 135  A/bean_goose/Hubei/BQ11/2020|EPI_ISL_2713372                                       7.09%    passed     89.59%
 136  A/Bean_Goose/Hubei/chenhu__XVI311-2_/2016_H5N8|EPI_ISL_217879                      7.58%    passed     92.35%
 137  A/Bean_goose/Hubei/CH-i119/2017|EPI_ISL_266821                                     5.02%    passed     97.92%
 138  A/Bean_goose/Hubei/CH-i122/2017_H5N8|EPI_ISL_266820                                5.02%    passed     92.32%
 139  A/Bean_goose/Hubei/CH-I225/2017|EPI_ISL_266825                                     3.16%    passed     99.70%
 140  A/Bean_goose/Hubei/CH-i320/2017_H5N8|EPI_ISL_266824                                5.02%    passed     99.36%
 141  A/black_chicken/Jiangxi/10129/2014|EPI_ISL_173482                                  7.09%    passed     98.09%
 142  A/Black_faced_Spoonbill/AFCD-HKU-22-21944-01009/2022|EPI_ISL_19135474              4.53%    passed     98.64%
 143  A/Black_Faced_Spoonbill/Hong_Kong/AFCD-HKU-21-17198.01012/2021|EPI_ISL_19287787    4.53%    passed     98.23%
 144  A/Black_Faced_Spoonbill/Hong_Kong/AFCD-HKU-22-21429-01012/2022|EPI_ISL_19258148    4.53%    passed     99.07%
 145  A/black_swan/Beijing/1/2021|EPI_ISL_5260418                                        7.09%    passed     88.10%
 146  A/black-backed_gull/Shandong/SC189/2021|EPI_ISL_5260416                            7.09%    passed     91.53%
 147  A/Black-necked_Grebe/Inner_Mongolia/Anal_swab4/2015_H5N1|EPI_ISL_201010            7.09%    passed     92.17%
 148  A/Black-necked_Grebe/Inner_Mongolia/Brain1/2015_H5N1|EPI_ISL_201001                5.07%    passed     94.58%
 149  A/Black-necked_Grebe/Inner_Mongolia/Brain3/2015_H5N1|EPI_ISL_201006                7.09%    passed     91.59%
 150  A/Black-necked_Grebe/Inner_Mongolia/Liver3/2015_H5N1|EPI_ISL_201005                5.07%    passed     93.29%
 151  A/Black-necked_Grebe/Inner_Mongolia/Lung2/2015_H5N1|EPI_ISL_201003                 5.07%    passed     93.29%
 152  A/Black-necked_Grebe/Inner_Mongolia/Lung3-2/2015_H5N1|EPI_ISL_201007               7.09%    passed     91.59%
 153  A/Black-necked_Grebe/Inner_Mongolia/Oropharynx_swab3/2015_H5N1|EPI_ISL_201008      7.09%    passed     91.59%
 154  A/Black-necked_Grebe/Inner_Mongolia/Trachea3/2015_H5N1|EPI_ISL_201009              7.09%    passed     91.59%
 155  A/Brown-headed_Gull/Qinghai/ZTO1-B/2016|EPI_ISL_224742                             7.09%    passed     97.20%
 156  A/Brown-headed_Gull/Qinghai/ZTO1-LU/2016|EPI_ISL_224743                            7.09%    passed     98.70%
 157  A/Brown-headed_Gull/Qinghai/ZTO3-B/2016|EPI_ISL_224744                             7.09%    passed     99.04%
 158  A/Brown-headed_Gull/Qinghai/ZTO3-LU/2016|EPI_ISL_224745                            7.09%    passed     99.04%
 159  A/Brown-headed_Gull/Qinghai/ZTO4-B/2016|EPI_ISL_224746                             7.09%    passed     99.04%
 160  A/Brown-headed_Gull/Qinghai/ZTO5-B/2016|EPI_ISL_224747                             7.09%    passed     96.33%
 161  A/Brown-headed_Gull/Qinghai/ZTO5-K/2016|EPI_ISL_224748                             7.09%    passed     99.05%
 162  A/Brown-headed_Gull/Qinghai/ZTO6-MU/2016|EPI_ISL_224751                            7.09%    passed     99.28%
 163  A/Brown-headed_Gull/Qinghai/ZTO6-SP/2016|EPI_ISL_224750                            7.09%    passed     99.41%
 164  A/brown-headed_gull/Tibet/1-1/2021|EPI_ISL_5260417                                 7.09%    passed     94.38%
 165  A/Brown-headed_Gull/Tibet/XZ19/2021|EPI_ISL_8215687                                7.09%    passed     94.95%
 166  A/Brown-headed_Gull/Tibet/XZQ15-2/2021|EPI_ISL_8215663                             7.09%    passed     96.41%
 167  A/Brown-headed_Gull/Tibet/XZQ16-2/2021|EPI_ISL_8215684                             7.09%    passed     97.10%
 168  A/canine/China/GX30/2023|EPI_ISL_18090351                                          3.16%    passed     97.80%
 169  A/cat/Sichuan/SC18/2014|EPI_ISL_177761                                             7.09%    passed     97.60%
 170  A/cat/Zhejiang/C1/2016|EPI_ISL_278204                                              7.25%    passed     99.83%
 171  A/cat/Zhejiang/C2/2016|EPI_ISL_278205                                              7.25%    passed     98.55%
 172  A/Changsha/1/2014|EPI_ISL_217025                                                   7.25%    passed     99.38%
 173  A/chicken/Anhui/S1740/2022_H5N1_|EPI_ISL_12572652                                  7.09%    passed     99.30%
 174  A/chicken/Beijing/BJ7/2014|EPI_ISL_295146                                          7.09%    passed     97.59%
 175  A/chicken/CH/a556/2015|EPI_ISL_179537                                              7.58%    passed     77.82%
 176  A/chicken/Changhua/15010120-1/2015|EPI_ISL_4032097                                 3.22%    passed     99.75%
 177  A/chicken/Changhua/15010288/2015|EPI_ISL_4032098                                   3.16%    passed     99.54%
 178  A/chicken/Changhua/15010324-2/2015|EPI_ISL_4032099                                 3.22%    passed     99.51%
 179  A/chicken/Changhua/15010361-1/2015|EPI_ISL_4032104                                 3.22%    passed     99.08%
 180  A/chicken/Changhua/15010362-2/2015|EPI_ISL_4032148                                 3.22%    passed     99.08%
 181  A/chicken/Changhua/15010363-2/2015|EPI_ISL_4032190                                 3.22%    passed     99.51%
 182  A/chicken/Changhua/15040036-1/2015|EPI_ISL_4032194                                 3.22%    passed     99.61%
 183  A/chicken/Changhua/15040037-2/2015|EPI_ISL_4032196                                 3.22%    passed     99.57%
 184  A/chicken/Changhua/15040042/2015|EPI_ISL_4032197                                   3.16%    passed     99.53%
 185  A/chicken/Changhua/15040043-1/2015|EPI_ISL_4032195                                 3.22%    passed     99.85%
 186  A/chicken/Changhua/15050013-1/2015|EPI_ISL_4032198                                 3.22%    passed     98.96%
 187  A/chicken/Changhua/15050038-1/2015|EPI_ISL_4032199                                 3.22%    passed     99.60%
 188  A/chicken/Changhua/15060027-2/2015|EPI_ISL_4032200                                 3.22%    passed     99.60%
 189  A/chicken/Changhua/15060029/2015|EPI_ISL_4032201                                   3.16%    passed     98.50%
 190  A/chicken/Changhua/15060037-1/2015|EPI_ISL_4032202                                 3.22%    passed     99.03%
 191  A/chicken/Changhua/15120008/2015|EPI_ISL_4032203                                   3.16%    passed     94.36%
 192  A/chicken/Changhua/16010060-2/2016|EPI_ISL_4032204                                 3.22%    passed     99.32%
 193  A/chicken/Changhua/17060006/2017|EPI_ISL_4032207                                   3.16%    passed     99.61%
 194  A/chicken/Changhua/18040008-1/2018|EPI_ISL_4032212                                 3.22%    passed     99.61%
 195  A/chicken/Chiayi/15010287-2/2015|EPI_ISL_4032213                                   3.22%    passed     99.46%
 196  A/chicken/Chiayi/15010409-2/2015|EPI_ISL_4032214                                   3.22%    passed     99.08%
 197  A/chicken/Chiayi/15010454-1/2015|EPI_ISL_4032215                                   3.16%    passed     98.71%
 198  A/chicken/Chiayi/17040009-2/2017|EPI_ISL_4032217                                   3.22%    passed     99.54%
 199  A/chicken/Chiayi/18120003-1/2018|EPI_ISL_4032218                                   3.22%    passed     99.59%
 200  A/chicken/China/007/2019|EPI_ISL_14174187                                          7.25%    passed     99.01%
 201  A/chicken/China/Cangzhou03/2023|EPI_ISL_19592785                                   4.74%    passed     97.56%
 202  A/chicken/China/E93/2012|EPI_ISL_278507                                            3.16%    passed     85.99%
 203  A/chicken/China/E96/2012|EPI_ISL_278508                                            3.16%    passed     83.47%
 204  A/chicken/Chiping/0321/2014|EPI_ISL_175616                                         7.09%    passed     90.73%
 205  A/chicken/chongqing/H1/2021|EPI_ISL_6914131                                        7.09%    passed     81.06%
 206  A/chicken/Chongqing/SD001/2021|EPI_ISL_9637828                                     7.09%    passed     81.06%
 207  A/chicken/Dongguan/2690/2013|EPI_ISL_181668                                        7.09%    passed     99.79%
 208  A/chicken/Dongguan/3363/2013|EPI_ISL_181669                                        7.09%    passed     99.92%
 209  A/chicken/Dongguan/4259/2013|EPI_ISL_182067                                        7.09%    passed     99.68%
 210  A/chicken/Fujian/05.07_FZHC11K-O/2015_Mixed_|EPI_ISL_201364                        7.25%    passed     98.50%
 211  A/chicken/Fujian/09.16_GT101/2014_Mixed_|EPI_ISL_201376                            7.09%    passed     99.76%
 212  A/chicken/Fujian/10.08_FZH102/2014_Mixed_|EPI_ISL_201377                           7.09%    passed     99.94%
 213  A/chicken/Fujian/11.23_FZHX0007-O/2017|EPI_ISL_699204                              7.09%    passed     99.55%
 214  A/chicken/Gansu/5/2012|EPI_ISL_234320                                              3.16%    passed     56.19%
 215  A/chicken/Gansu/6/2012|EPI_ISL_234321                                              3.16%    passed     89.85%
 216  A/chicken/Ganzhou/GZ27/2015|EPI_ISL_244535                                         4.85%    passed     92.34%
 217  A/chicken/Guangdong/04.15_SZBAXQ019/2015_H5N6_|EPI_ISL_199446                      7.09%    passed     99.87%
 218  A/chicken/Guangdong/10.16_SZLGKQHY-072/2015|EPI_ISL_221885                         7.25%    passed     98.66%
 219  A/chicken/Guangdong/GD1602/2016|EPI_ISL_282397                                     7.25%    passed     97.42%
 220  A/chicken/Guangdong/MG170989/2021|EPI_ISL_19209543                                 4.69%    passed     92.14%
 221  A/chicken/Guangdong/MG171127/2021|EPI_ISL_19209578                                 4.69%    passed     92.11%
 222  A/chicken/Guangdong/MG171361/2021|EPI_ISL_19210552                                 4.69%    passed     97.94%
 223  A/chicken/Guangdong/MG171771/2021|EPI_ISL_19210553                                 4.69%    passed     97.90%
 224  A/chicken/Guangdong/MG173168/2022|EPI_ISL_19210554                                 4.69%    passed     98.10%
 225  A/chicken/Guangdong/MG173169/2022|EPI_ISL_19210555                                 4.69%    passed     99.22%
 226  A/chicken/Guangxi/04.10_NM140/2015_H5N6_|EPI_ISL_199444                            7.09%    passed     92.40%
 227  A/chicken/Guangxi/16/2019|EPI_ISL_16833870                                         7.09%    passed     93.13%
 228  A/chicken/Guangxi/S2039/2009|EPI_ISL_206302                                        3.00%    passed     93.88%
 229  A/chicken/Guizhou/8.26_ZYLJJ014-O/2018|EPI_ISL_697833                              3.33%    passed     99.64%
 230  A/chicken/GY/a451/2015|EPI_ISL_179535                                              7.58%    passed     87.79%
 231  A/Chicken/Hangzhou/E1149/2021|EPI_ISL_8518268                                      3.16%    passed     96.78%
 232  A/chicken/Hebei/3/2013|EPI_ISL_234322                                              3.16%    passed     43.76%
 233  A/chicken/Heilongjiang/S7/2014|EPI_ISL_234323                                      3.16%    passed     74.14%
 234  A/chicken/Henan/Q7/2013|EPI_ISL_156386                                             7.09%    passed     98.82%
 235  A/chicken/Hsinchu/16080004-2/2016|EPI_ISL_4032219                                  3.22%    passed     98.17%
 236  A/chicken/Hubei/03.06__WHWTZ0115-O/2015_H5N6_|EPI_ISL_199011                       7.25%    passed     99.69%
 237  A/chicken/Hubei/03.06__WHWTZ0148-O/2015_H5N6_|EPI_ISL_199017                       5.07%    passed     98.13%
 238  A/chicken/Hubei/2856/2007|EPI_ISL_29184                                            7.09%    passed     99.54%
 239  A/chicken/Hubei/ZYSJF11/2016|EPI_ISL_244528                                        4.96%    passed     98.56%
 240  A/chicken/Hubei/ZYSJF16/2016|EPI_ISL_244529                                        4.96%    passed     98.56%
 241  A/chicken/Hubei/ZYSJF38/2016|EPI_ISL_244531                                        4.96%    passed     98.56%
 242  A/Chicken/Huizhou/16274/2016_H5N6_|EPI_ISL_278026                                  7.09%    passed     99.39%
 243  A/chicken/Hunan/02.06_YYGK37J3-OC/2018|EPI_ISL_699429                              4.85%    passed     95.57%
 244  A/chicken/Hunan/03.07_YYGK40L3-OC/2018|EPI_ISL_696766                              4.58%    passed     96.41%
 245  A/chicken/Hunan/03.07_YYGK74L3-OC/2018|EPI_ISL_696739                              3.33%    passed     98.14%
 246  A/chicken/Hunan/3.07_YYGK81L3-OC/2018|EPI_ISL_697885                               4.36%    passed     99.52%
 247  A/chicken/Hunan/04.14_YYGK607-P/2015_H5N6_|EPI_ISL_199130                          7.09%    passed     99.17%
 248  A/chicken/Hunan/04.14_YYKG0533-Z-O/2015_H5N6_|EPI_ISL_198861                       5.34%    passed     99.97%
 249  A/chicken/Hunan/04.14_YYXS0812-O/2015_Mixed_|EPI_ISL_200267                        4.58%    passed     96.69%
 250  A/chicken/Hunan/12.07__YYGK114-P/2013_H5N6_|EPI_ISL_198761                         7.09%    passed     97.69%
 251  A/chicken/Hunan/12.07_YYGKY67-P/2013_Mixed_|EPI_ISL_200261                         5.13%    passed     91.21%
 252  A/chicken/Hunan/12.27_YYGK19J2-C/2016|EPI_ISL_697851                               4.31%    passed     94.09%
 253  A/chicken/Hunan/12.27_YYGK55J2-O/2016|EPI_ISL_699451                               3.16%    passed     98.47%
 254  A/chicken/Hunan/12.27_YYGKK148-OC/2016|EPI_ISL_699454                              4.85%    passed     95.59%
 255  A/chicken/Hunan/12.28_YYGK034-P/2013_H5N6_|EPI_ISL_198762                          3.16%    passed     98.45%
 256  A/chicken/Hunan/1793/2007|EPI_ISL_29180                                            7.09%    passed     99.16%
 257  A/chicken/Hunan/3157/2006|EPI_ISL_29187                                            7.09%    passed     98.71%
 258  A/chicken/Hunan/HN40/2015|EPI_ISL_255469                                           7.09%    passed     96.97%
 259  A/chicken/Hunan/HN58/2015|EPI_ISL_255470                                           7.09%    passed     98.65%
 260  A/chicken/Hunan/HN75/2015|EPI_ISL_255489                                           7.09%    passed     99.72%
 261  A/chicken/Hunan/HN158/2015|EPI_ISL_255412                                          7.09%    passed     99.71%
 262  A/chicken/Hunan/HN244/2015|EPI_ISL_255413                                          7.09%    passed     99.18%
 263  A/chicken/Hunan/HN245/2015|EPI_ISL_255414                                          7.09%    passed     99.71%
 264  A/chicken/Hunan/HN247/2015|EPI_ISL_255415                                          7.09%    passed     99.71%
 265  A/chicken/Hunan/HN248/2015|EPI_ISL_255416                                          7.09%    passed     99.79%
 266  A/chicken/Hunan/HN249/2015|EPI_ISL_255417                                          7.09%    passed     98.74%
 267  A/chicken/Hunan/HN250/2015|EPI_ISL_255418                                          7.09%    passed     99.71%
 268  A/chicken/Hunan/HN251/2015|EPI_ISL_255419                                          7.09%    passed     99.89%
 269  A/chicken/Hunan/HN252/2015|EPI_ISL_255420                                          7.09%    passed     99.32%
 270  A/chicken/Hunan/HN254/2015|EPI_ISL_255421                                          7.09%    passed     99.71%
 271  A/chicken/Hunan/HN255/2015|EPI_ISL_255423                                          7.09%    passed     99.71%
 272  A/chicken/Hunan/HN263/2015|EPI_ISL_255422                                          7.09%    passed     93.47%
 273  A/chicken/Hunan/HN264/2015|EPI_ISL_255424                                          7.09%    passed     96.66%
 274  A/chicken/Hunan/HN265/2015|EPI_ISL_255425                                          7.09%    passed     95.04%
 275  A/chicken/Hunan/HN266/2015|EPI_ISL_255426                                          7.09%    passed     95.76%
 276  A/chicken/Hunan/HN301/2015|EPI_ISL_255427                                          7.09%    passed     99.27%
 277  A/chicken/Hunan/HN302/2015|EPI_ISL_255428                                          7.09%    passed     99.27%
 278  A/chicken/Hunan/HN303/2015|EPI_ISL_255429                                          7.09%    passed     99.27%
 279  A/chicken/Hunan/HN304/2015|EPI_ISL_255430                                          7.09%    passed     99.65%
 280  A/chicken/Hunan/HN305/2015|EPI_ISL_255433                                          7.09%    passed     99.71%
 281  A/chicken/Hunan/HN306/2015|EPI_ISL_255466                                          7.09%    passed     99.65%
 282  A/chicken/Hunan/HN307/2015|EPI_ISL_255467                                          7.09%    passed     99.27%
 283  A/chicken/Hunan/HN308/2015|EPI_ISL_255468                                          7.09%    passed     99.09%
 284  A/chicken/Hunan/S10029/2018_H5N1_|EPI_ISL_18513214                                 7.09%    passed     79.24%
 285  A/chicken/Jiangsu/03.17_WX006-P/2015_H5N1_|EPI_ISL_199164                          3.16%    passed     97.47%
 286  A/chicken/Jiangsu/927/2013|EPI_ISL_190702                                          5.02%    passed     95.95%
 287  A/chicken/Jiangsu/1001/2013|EPI_ISL_143131                                         7.09%    passed     77.88%
 288  A/chicken/Jiangsu/2477/2014|EPI_ISL_190703                                         5.02%    passed     98.20%
 289  A/chicken/Jiangsu/k0402/2010|EPI_ISL_123949                                        7.09%    passed     93.55%
 290  A/chicken/Jiangsu/SE2228/2017_H5N1_|EPI_ISL_18513215                               7.09%    passed     97.31%
 291  A/chicken/Jiangsu/WXBING2/2014|EPI_ISL_196591                                      5.02%    passed     99.29%
 292  A/chicken/Jiangsu/WXS7393/2014|EPI_ISL_196573                                      5.02%    passed     99.38%
 293  A/chicken/Jiangsu/XZ216/2014|EPI_ISL_295145                                        6.92%    passed     78.28%
 294  A/chicken/Jiangsu/YB7/2015|EPI_ISL_266437                                          7.09%    passed     94.61%
 295  A/chicken/Jiangxi/01.14_NCJD125-P/2015_H5N6_|EPI_ISL_199397                        7.25%    passed     99.77%
 296  A/chicken/Jiangxi/02.05_YGYXG023-P/2015_H5N6_|EPI_ISL_199401                       3.33%    passed     97.33%
 297  A/chicken/Jiangxi/02.05_YGYXG035-P/2015_H5N6_|EPI_ISL_199400                       7.25%    passed     99.69%
 298  A/chicken/Jiangxi/04.01__NCDZT0040-O/2015_H5N6_|EPI_ISL_198856                     7.09%    passed     99.36%
 299  A/chicken/Jiangxi/04.01__NCDZT0042-O/2015_H5N6_|EPI_ISL_198976                     7.25%    passed     99.15%
 300  A/chicken/Jiangxi/04.01__NCDZT0175-P/2015_H5N6_|EPI_ISL_198924                     7.09%    passed     98.80%
 301  A/chicken/Jiangxi/04.01__NCDZT0291-P/2015_H5N6_|EPI_ISL_198934                     7.25%    passed     99.20%
 302  A/chicken/Jiangxi/04.01__NCJD0119-O/2015_H5N6_|EPI_ISL_198917                      7.09%    passed     99.52%
 303  A/chicken/Jiangxi/04.01__NCJD0137-O/2015_H5N6_|EPI_ISL_198920                      5.13%    passed     96.30%
 304  A/chicken/Jiangxi/04.01_NCDZT0192-P/2015_H5N6_|EPI_ISL_198926                      7.25%    passed     98.55%
 305  A/chicken/Jiangxi/04.01_NCDZT0203-P/2015_H5N6_|EPI_ISL_198927                      7.09%    passed     99.23%
 306  A/chicken/Jiangxi/04.01_NCDZT0238-P/2015_H5N6_|EPI_ISL_198930                      7.25%    passed     99.31%
 307  A/chicken/Jiangxi/04.01_NCDZT0279-P/2015_H5N6_|EPI_ISL_198932                      7.25%    passed     99.34%
 308  A/chicken/Jiangxi/04.01_NCDZT0285-P/2015_H5N6_|EPI_ISL_198933                      7.25%    passed     99.16%
 309  A/chicken/Jiangxi/04.01_NCDZT0299-P/2015_Mixed_|EPI_ISL_200410                     7.25%    passed     99.16%
 310  A/chicken/Jiangxi/04.01_NCJD131-1-O/2015_H5N6_|EPI_ISL_198758                      7.25%    passed     99.76%
 311  A/chicken/Jiangxi/05.06__NCDZT0039B-P/2015_H5N6_|EPI_ISL_198971                    7.25%    passed     98.87%
 312  A/chicken/Jiangxi/10.30_NCDZT17B3-OC/2017|EPI_ISL_696762                           4.53%    passed     95.38%
 313  A/chicken/Jiangxi/12.05_NCDZT007/2014_H5N6_|EPI_ISL_198890                         7.25%    passed     99.86%
 314  A/chicken/Jiangxi/12.05_NCDZT0012/2014_H5N6_|EPI_ISL_198884                        7.25%    passed     99.88%
 315  A/chicken/Jiangxi/12.05_NCDZT0020/2014_H5N6_|EPI_ISL_198885                        7.25%    passed     99.77%
 316  A/chicken/Jiangxi/12.05_NCDZT0032/2014_H5N6_|EPI_ISL_198888                        7.09%    passed     99.95%
 317  A/chicken/Jiangxi/12.05_NCNP006/2014_H5N6_|EPI_ISL_199010                          7.25%    passed     99.88%
 318  A/chicken/Jiangxi/25/2011|EPI_ISL_369824                                           6.92%    passed     83.53%
 319  A/Chicken/Jiangxi/45093/2016|EPI_ISL_354562                                        3.33%    passed     96.28%
 320  A/chicken/Jiangxi/S40653/2021_H5N1_|EPI_ISL_12572653                               7.09%    passed     99.54%
 321  A/chicken/Jilin/04.11_CCHSL007/2015_Mixed_|EPI_ISL_200263                          7.09%    passed     97.34%
 322  A/chicken/Jilin/04.12_MHK001-O/2015_H5N1_|EPI_ISL_198845                           5.02%    passed     90.70%
 323  A/chicken/Jilin/04.12_MHK002-O/2015_H5N1_|EPI_ISL_198846                           5.02%    passed     90.70%
 324  A/chicken/Jilin/04.12_MHK003-O/2015_H5N1_|EPI_ISL_198837                           5.02%    passed     90.70%
 325  A/chicken/Jilin/04.12_MHK004-O/2015_Mixed_|EPI_ISL_200387                          5.02%    passed     90.70%
 326  A/chicken/Jilin/04.25_MHK009/2015_H5N1_|EPI_ISL_198840                             5.02%    passed     94.07%
 327  A/chicken/Jilin/S1255/2019_H5N1_|EPI_ISL_18513216                                  7.09%    passed     96.98%
 328  A/chicken/Jilin/S1271/2019_H5N1_|EPI_ISL_18513217                                  7.09%    passed     96.98%
 329  A/chicken/Kaohsiung/16MB0889/2016|EPI_ISL_4032226                                  3.16%    passed     97.63%
 330  A/chicken/Kaohsiung/16010047/2016|EPI_ISL_4032220                                  3.16%    passed     99.81%
 331  A/chicken/Kaohsiung/16020017-2/2016|EPI_ISL_4032221                                3.22%    passed     99.53%
 332  A/chicken/Kaohsiung/16040021-1/2016|EPI_ISL_4032222                                3.22%    passed     97.70%
 333  A/chicken/Kaohsiung/16070003/2016|EPI_ISL_4032223                                  3.16%    passed     99.51%
 334  A/chicken/Kaohsiung/16120012/2016|EPI_ISL_4032224                                  3.22%    passed     99.26%
 335  A/chicken/Kaohsiung/17030023/2017|EPI_ISL_4032227                                  3.22%    passed     97.48%
 336  A/chicken/Kaohsiung/17040007/2017|EPI_ISL_4032229                                  3.22%    passed     98.36%
 337  A/chicken/Kaohsiung/17100002/2017|EPI_ISL_4032230                                  3.16%    passed     99.98%
 338  A/chicken/Kaohsiung/18080004-1/2018|EPI_ISL_4032235                                3.22%    passed     92.20%
 339  A/chicken/Kaohsiung/18080004-2/2018|EPI_ISL_4032236                                3.22%    passed     94.83%
 340  A/chicken/Liaoning/S4092/2011|EPI_ISL_234324                                       7.09%    passed     83.19%
 341  A/chicken/Liaoning/SD035/2018_H5N1_|EPI_ISL_18513219                               7.09%    passed     98.04%
 342  A/chicken/Miaoli/15010421-1/2015|EPI_ISL_4032237                                   3.22%    passed     99.85%
 343  A/chicken/Nantou/16110023-1/2016|EPI_ISL_4032239                                   3.22%    passed     99.72%
 344  A/chicken/New_Taipei_City/16110019-1/2016|EPI_ISL_4032240                          3.22%    passed     98.58%
 345  A/chicken/New_Taipei_City/16110020-2/2016|EPI_ISL_4032241                          3.22%    passed     96.26%
 346  A/chicken/New_Taipei_City/17040002-2/2017|EPI_ISL_4032242                          3.22%    passed     97.50%
 347  A/chicken/New_Taipei_City/17050004-2/2017|EPI_ISL_4032243                          3.22%    passed     96.68%
 348  A/chicken/New_Taipei_City/17090001/2017|EPI_ISL_4032244                            3.16%    passed     93.01%
 349  A/chicken/New_Taipei_City/17090002/2017|EPI_ISL_4032245                            3.16%    passed     91.83%
 350  A/chicken/New_Taipei_City/17090003/2017|EPI_ISL_4032246                            3.16%    passed     91.83%
 351  A/chicken/New_Taipei_City/18010021-3/2018|EPI_ISL_4032247                          3.22%    passed     97.74%
 352  A/chicken/Ningxia/2/2012|EPI_ISL_234325                                            3.16%    passed     60.21%
 353  A/chicken/Ningxia/222/2012|EPI_ISL_148405                                          7.09%    passed     76.34%
 354  A/chicken/PH/A2821/2013|EPI_ISL_179540                                             7.58%    passed     93.43%
 355  A/chicken/Pingtung/15050006-1/2015|EPI_ISL_4032264                                 3.22%    passed     99.87%
 356  A/chicken/Pingtung/16020009-3/2016|EPI_ISL_4032266                                 3.22%    passed     99.53%
 357  A/chicken/Pingtung/18010017-1/2018|EPI_ISL_4032267                                 3.22%    passed     95.92%
 358  A/chicken/Pingtung/18020015-1/2018|EPI_ISL_4032269                                 3.22%    passed     96.68%
 359  A/chicken/PT/a158/2015|EPI_ISL_179534                                              7.58%    passed     93.16%
 360  A/chicken/Qingdao/1/2014|EPI_ISL_176997                                            7.09%    passed     71.76%
 361  A/chicken/SC/a688/2015|EPI_ISL_179539                                              7.58%    passed     93.16%
 362  A/chicken/Shaanxi/SD001/2021|EPI_ISL_9637827                                       7.09%    passed     87.81%
 363  A/chicken/Shandong/12.03_YA-CK/2014_H5N1_|EPI_ISL_199154                           3.16%    passed     97.47%
 364  A/Chicken/Shandong/J01/2009|EPI_ISL_169392                                         3.16%    passed     98.77%
 365  A/Chicken/Shandong/J02/2009|EPI_ISL_169393                                         3.22%    passed     57.53%
 366  A/Chicken/Shandong/J03/2009|EPI_ISL_169416                                         5.13%    passed     81.37%
 367  A/Chicken/Shandong/J04/2009|EPI_ISL_169417                                         3.22%    passed     70.23%
 368  A/Chicken/Shandong/J06/2009|EPI_ISL_169419                                         5.02%    passed     94.69%
 369  A/chicken/Shandong/KD02699/2013|EPI_ISL_237552                                     7.09%    passed     92.63%
 370  A/chicken/Shandong/S3/2014|EPI_ISL_234326                                          3.16%    passed     58.16%
 371  A/chicken/Shanghai/S1123/2019_H5N1_|EPI_ISL_18513220                               7.09%    passed     92.70%
 372  A/chicken/Shanghai/S4030/2017_H5N1_|EPI_ISL_18513221                               7.09%    passed     85.72%
 373  A/chicken/Shanxi/04.28_TGRL024-O/2018|EPI_ISL_696630                               8.23%    passed     93.15%
 374  A/chicken/Shanxi/12.01_TGYL014-C/2016|EPI_ISL_707363                               3.82%    passed     99.82%
 375  A/chicken/Shenzhen/433/2013|EPI_ISL_182059                                         7.09%    passed     99.85%
 376  A/chicken/Shenzhen/552/2013|EPI_ISL_182086                                         7.09%    passed     99.80%
 377  A/chicken/Shenzhen/715/2013|EPI_ISL_181665                                         7.09%    passed     99.85%
 378  A/chicken/Shenzhen/1061/2013|EPI_ISL_181666                                        7.09%    passed     99.80%
 379  A/chicken/Shenzhen/1845/2013|EPI_ISL_182061                                        7.09%    passed     99.14%
 380  A/chicken/Shenzhen/2269/2013|EPI_ISL_181667                                        7.09%    passed     99.95%
 381  A/chicken/Shenzhen/2396/2013|EPI_ISL_182062                                        7.09%    passed     99.63%
 382  A/chicken/Shenzhen/2464/2013|EPI_ISL_182063                                        7.09%    passed     99.63%
 383  A/chicken/Shijiazhuang/1209/2013|EPI_ISL_175618                                    7.09%    passed     92.85%
 384  A/chicken/Sichuan/k141/2017|EPI_ISL_505073                                         3.33%    passed     96.87%
 385  A/chicken/Sichuan/NCJPL1/2014|EPI_ISL_179645                                       7.09%    passed     98.78%
 386  A/Chicken/Suzhou/j5/2019|EPI_ISL_353285                                            3.33%    passed     94.36%
 387  A/Chicken/Suzhou/j6/2019|EPI_ISL_353618                                            3.33%    passed     95.60%
 388  A/chicken/Taichung/15010399/2015|EPI_ISL_4032272                                   3.16%    passed     99.14%
 389  A/chicken/Taichung/16040032-3/2016|EPI_ISL_4032273                                 3.22%    passed     98.84%
 390  A/chicken/Taichung/16050044-2/2016|EPI_ISL_4032274                                 3.16%    passed     99.35%
 391  A/chicken/Taichung/16110017-3/2016|EPI_ISL_4032275                                 3.22%    passed     98.91%
 392  A/chicken/Tainan/15020214/2015|EPI_ISL_4032276                                     3.16%    passed     99.57%
 393  A/chicken/Tainan/16040035-1/2016|EPI_ISL_4032277                                   3.22%    passed     99.75%
 394  A/chicken/Tainan/17030058-1/2017|EPI_ISL_4032278                                   3.22%    passed     98.94%
 395  A/chicken/Taipei_City/17090004/2017|EPI_ISL_4032280                                3.16%    passed     93.19%
 396  A/chicken/Taipei_City/18010007-3/2018|EPI_ISL_4032281                              3.22%    passed     99.65%
 397  A/chicken/Taipei_City/18010008-3/2018|EPI_ISL_4032282                              3.22%    passed     99.03%
 398  A/chicken/Taipei/16060022-4/2016|EPI_ISL_4032285                                   3.22%    passed     99.77%
 399  A/chicken/Taipei/16060023-1/2016|EPI_ISL_4032286                                   3.22%    passed     99.77%
 400  A/chicken/Taipei/16120021/2016|EPI_ISL_4032287                                     3.22%    passed     98.84%
 401  A/chicken/Taipei/17050005-1/2017|EPI_ISL_4032288                                   3.22%    passed     95.24%
 402  A/chicken/Taipei/17050008-3/2017|EPI_ISL_4032291                                   3.22%    passed     94.42%
 403  A/chicken/Taipei/17050009-3/2017|EPI_ISL_4032292                                   3.22%    passed     96.06%
 404  A/chicken/Taishun/TS2/2016|EPI_ISL_244534                                          4.69%    passed     93.22%
 405  A/chicken/Taishun/TS90/2016|EPI_ISL_244533                                         3.16%    passed     94.28%
 406  A/chicken/Taiwan/0101/2012|EPI_ISL_143459                                          3.65%    passed     99.54%
 407  A/chicken/Taiwan/0502/2012|EPI_ISL_162475                                          3.65%    passed     87.38%
 408  A/chicken/Taiwan/683/2012|EPI_ISL_158000                                           7.58%    passed     98.80%
 409  A/chicken/Taiwan/01174/2015|EPI_ISL_219873                                         3.16%    passed     99.94%
 410  A/chicken/Taiwan/1682/2013|EPI_ISL_158004                                          7.58%    passed     98.97%
 411  A/chicken/Taiwan/1692/2013|EPI_ISL_158005                                          7.58%    passed     98.94%
 412  A/chicken/Taiwan/1704/2013|EPI_ISL_158006                                          7.58%    passed     98.97%
 413  A/chicken/Taiwan/1711/2013|EPI_ISL_158007                                          7.58%    passed     98.38%
 414  A/chicken/Taiwan/2593/2012|EPI_ISL_158024                                          7.58%    passed     98.44%
 415  A/chicken/Taiwan/2948/2013|EPI_ISL_158008                                          7.58%    passed     98.88%
 416  A/chicken/Taiwan/4443/2013|EPI_ISL_158014                                          7.58%    passed     98.44%
 417  A/chicken/Taiwan/7350/2013|EPI_ISL_158009                                          7.58%    passed     97.21%
 418  A/chicken/Taiwan/8988/2013|EPI_ISL_158010                                          7.58%    passed     99.06%
 419  A/chicken/Taiwan/8994/2013|EPI_ISL_158011                                          8.40%    passed     99.01%
 420  A/chicken/Taiwan/8996/2013|EPI_ISL_158013                                          8.78%    passed     98.64%
 421  A/chicken/Taiwan/A1/2019|EPI_ISL_502392                                            7.58%    passed     97.14%
 422  A/chicken/Taiwan/a174/2015|EPI_ISL_179025                                          5.51%    passed     99.84%
 423  A/chicken/Taiwan/A1997/2012|EPI_ISL_143460                                         3.65%    passed     89.72%
 424  A/chicken/Taiwan/D2/2019|EPI_ISL_502396                                            3.16%    passed     98.91%
 425  A/chicken/Taiwan/D9/2019|EPI_ISL_502397                                            3.16%    passed     98.91%
 426  A/chicken/Taiwan/u7/2016|EPI_ISL_256396                                            5.02%    passed     99.82%
 427  A/chicken/Taiwan/x37/2016|EPI_ISL_256398                                           5.51%    passed     99.97%
 428  A/chicken/TC/a504/2015|EPI_ISL_179536                                              7.58%    passed     86.57%
 429  A/chicken/TY/a665/2015|EPI_ISL_179538                                              7.58%    passed     90.38%
 430  A/chicken/Wuxi/7157/2015|EPI_ISL_277040                                            7.09%    passed     98.65%
 431  A/chicken/Wuxi/7765/2016|EPI_ISL_277042                                            7.09%    passed     99.70%
 432  A/chicken/Wuxi/SC7393/2015|EPI_ISL_223364                                          5.02%    passed     99.38%
 433  A/chicken/Wuxi/WX-32/2013|EPI_ISL_376084                                           7.09%    passed     98.84%
 434  A/chicken/Wuxi/WX-33/2013|EPI_ISL_376085                                           7.09%    passed     98.76%
 435  A/chicken/Xinjiang/S1016/2019_H5N1_|EPI_ISL_18513222                               7.09%    passed     92.70%
 436  A/chicken/Xinjiang/S1081/2019_H5N1_|EPI_ISL_18513223                               7.09%    passed     91.96%
 437  A/chicken/Xinjiang/S1170/2019_H5N1_|EPI_ISL_18513224                               7.09%    passed     92.70%
 438  A/Chicken/Xuzhou/470/2017|EPI_ISL_315237                                           5.23%    passed     92.10%
 439  A/chicken/Xuzhou/XZ6/2016|EPI_ISL_282395                                           7.09%    passed     99.37%
 440  A/Chicken/Yangzhou/f6/2018|EPI_ISL_347752                                          4.20%    passed     85.01%
 441  A/Chicken/Yangzhou/f9/2018|EPI_ISL_347754                                          4.20%    passed     87.51%
 442  A/Chicken/Yangzhou/f14/2018|EPI_ISL_347757                                         4.14%    passed     88.19%
 443  A/chicken/Yangzhou/YD1/2014|EPI_ISL_295144                                         7.09%    passed     97.91%
 444  A/chicken/YL/A3190/2014|EPI_ISL_179541                                             7.09%    passed     92.97%
 445  A/chicken/Yuhang/1/2013|EPI_ISL_213833                                             7.09%    passed     88.57%
 446  A/chicken/Yuhang/2/2013|EPI_ISL_213834                                             7.09%    passed     88.57%
 447  A/chicken/Yunlin/15020048-1/2015|EPI_ISL_4032293                                   3.22%    passed     99.03%
 448  A/chicken/Yunlin/15040002-2/2015|EPI_ISL_4032294                                   3.22%    passed     99.67%
 449  A/chicken/Yunlin/15040027/2015|EPI_ISL_4032295                                     3.16%    passed     99.80%
 450  A/chicken/Yunlin/15050012/2015|EPI_ISL_4032296                                     3.16%    passed     99.74%
 451  A/chicken/Yunlin/15050037-2/2015|EPI_ISL_4032297                                   3.22%    passed     99.88%
 452  A/chicken/Yunlin/15050039-2/2015|EPI_ISL_4032298                                   3.22%    passed     99.75%
 453  A/chicken/Yunlin/15060014-1/2015|EPI_ISL_4032299                                   3.22%    passed     99.75%
 454  A/chicken/Yunlin/15080024/2015|EPI_ISL_4032300                                     3.16%    passed     97.58%
 455  A/chicken/Yunlin/16010001-1/2016|EPI_ISL_4032301                                   3.22%    passed     99.12%
 456  A/chicken/Yunlin/16010008-1/2016|EPI_ISL_4032302                                   3.22%    passed     99.51%
 457  A/chicken/Yunlin/16020038/2016|EPI_ISL_4032303                                     3.16%    passed     99.07%
 458  A/chicken/Yunlin/16050053/2016|EPI_ISL_4032304                                     3.16%    passed     98.25%
 459  A/chicken/Yunlin/17010001/2017|EPI_ISL_4032305                                     3.16%    passed     98.75%
 460  A/chicken/Yunlin/17010014/2017|EPI_ISL_4032306                                     3.16%    passed     99.02%
 461  A/chicken/Yunlin/17020094-1/2017|EPI_ISL_4032308                                   3.22%    passed     99.87%
 462  A/chicken/Yunlin/17020095-2/2017|EPI_ISL_4032309                                   3.22%    passed     98.72%
 463  A/chicken/Yunlin/17030001-1/2017|EPI_ISL_4032310                                   3.22%    passed     99.88%
 464  A/chicken/Yunlin/17030007-1/2017|EPI_ISL_4032311                                   3.22%    passed     99.54%
 465  A/chicken/Yunlin/17030010-1/2017|EPI_ISL_4032312                                   3.22%    passed     98.67%
 466  A/chicken/Yunlin/17030014-1/2017|EPI_ISL_4032313                                   3.22%    passed     99.99%
 467  A/chicken/Yunlin/17030020-2/2017|EPI_ISL_4032314                                   3.22%    passed     99.77%
 468  A/chicken/Yunlin/17030021-1/2017|EPI_ISL_4032315                                   3.22%    passed     99.93%
 469  A/chicken/Yunlin/17030032-2/2017|EPI_ISL_4032316                                   3.22%    passed     99.40%
 470  A/chicken/Yunlin/17030065-2/2017|EPI_ISL_4032317                                   3.22%    passed     99.27%
 471  A/chicken/Yunlin/17040003-1/2017|EPI_ISL_4032318                                   3.22%    passed     99.34%
 472  A/chicken/Yunlin/17040004-2/2017|EPI_ISL_4032319                                   3.22%    passed     99.93%
 473  A/chicken/Yunlin/17040011-1/2017|EPI_ISL_4032322                                   3.22%    passed     99.96%
 474  A/chicken/Yunlin/17060019/2017|EPI_ISL_4032324                                     3.16%    passed     99.98%
 475  A/chicken/Yunlin/17070010/2017|EPI_ISL_4032325                                     3.16%    passed    100.00%
 476  A/chicken/Yunlin/18010001-2/2018|EPI_ISL_4032326                                   3.22%    passed     99.91%
 477  A/chicken/Yunlin/18010003-3/2018|EPI_ISL_4032327                                   3.22%    passed     99.80%
 478  A/chicken/Yunlin/18010023-1/2018|EPI_ISL_4032328                                   3.22%    passed     99.70%
 479  A/chicken/Yunlin/18020003-2/2018|EPI_ISL_4032330                                   3.22%    passed     99.97%
 480  A/chicken/Yunlin/18020004-1/2018|EPI_ISL_4032331                                   3.22%    passed     99.88%
 481  A/chicken/Yunlin/18020005-2/2018|EPI_ISL_4032332                                   3.22%    passed     99.87%
 482  A/chicken/Yunlin/18020008-2/2018|EPI_ISL_4032333                                   3.22%    passed     99.99%
 483  A/chicken/Yunlin/18030002-1/2018|EPI_ISL_4032335                                   3.22%    passed     99.92%
 484  A/chicken/Yunlin/18050013-1/2018|EPI_ISL_4032337                                   3.22%    passed     99.98%
 485  A/chicken/Yunlin/18060001-2/2018|EPI_ISL_4032338                                   3.22%    passed    100.00%
 486  A/chicken/Yunlin/18080006-1/2018|EPI_ISL_4032419                                   3.22%    passed     98.22%
 487  A/chicken/Yunnan/1/2014|EPI_ISL_205856                                             7.09%    passed     97.09%
 488  A/chicken/Yunnan/02.09_DQXY008L/2015_H5N6_|EPI_ISL_200819                          7.25%    passed     99.26%
 489  A/chicken/Yunnan/03.15_DQJT0054-Z-P/2015_H5N6_|EPI_ISL_199085                      3.38%    passed     98.46%
 490  A/chicken/Yunnan/03.16__DQJT0068-O/2015_H5N6_|EPI_ISL_199034                       5.13%    passed     96.14%
 491  A/chicken/Yunnan/03.16_DQJT069-O/2015_H5N6_|EPI_ISL_199109                         4.36%    passed     97.24%
 492  A/chicken/Yunnan/03.16_DQXYL0034-O/2015_H5N6_|EPI_ISL_198880                       7.09%    passed     99.09%
 493  A/chicken/Yunnan/03.16_DQXYL057-O/2015_H5N6_|EPI_ISL_199106                        7.09%    passed     99.43%
 494  A/chicken/Yunnan/07.11_DQENM005/2015_H5N6_|EPI_ISL_200829                          7.09%    passed     99.53%
 495  A/Chicken/Yunnan/YN-8/2016___H5N6_|EPI_ISL_283965                                  7.09%    passed     95.12%
 496  A/Chicken/Yunnan/YN-11/2016___H5N6_|EPI_ISL_283968                                 7.25%    passed     99.90%
 497  A/Chicken/Yunnan/YN-12/2016___H5N6_|EPI_ISL_283969                                 7.09%    passed     99.67%
 498  A/chicken/Zhejiang/194/2016|EPI_ISL_253029                                         7.09%    passed     99.09%
 499  A/chicken/Zhejiang/209/2016|EPI_ISL_253030                                         7.09%    passed     97.79%
 500  A/chicken/Zhejiang/217/2016|EPI_ISL_253031                                         7.09%    passed     99.09%
 501  A/chicken/Zhejiang/232/2016|EPI_ISL_253032                                         7.09%    passed     98.92%
 502  A/chicken/Zhejiang/7450/2015|EPI_ISL_279180                                        7.09%    passed     95.93%
 503  A/chicken/Zhejiang/81643/2015|EPI_ISL_279179                                       7.09%    passed     93.06%
 504  A/chicken/Zhejiang/514135/2015|EPI_ISL_279181                                      7.09%    passed     99.87%
 505  A/chicken/Zhejiang/727022/2014|EPI_ISL_203747                                      7.09%    passed     98.47%
 506  A/chicken/Zhejiang/727026/2014|EPI_ISL_203748                                      7.09%    passed     99.09%
 507  A/chicken/Zhejiang/727079/2014|EPI_ISL_203737                                      7.09%    passed     99.47%
 508  A/chicken/Zhejiang/727155/2014|EPI_ISL_203749                                      7.09%    passed     99.18%
 509  A/chicken/Zhejiang/727159/2014|EPI_ISL_203736                                      7.09%    passed     98.74%
 510  A/chickenl/Jiangxi/E84/2014__H5N6_|EPI_ISL_386929                                  3.16%    passed     98.12%
 511  A/Chlidonias_hybrida/Hubei/55/2020|EPI_ISL_2555536                                 3.16%    passed     95.39%
 512  A/Commom_Teal/Ningxia/474-9/2015|EPI_ISL_295496                                    7.09%    passed     95.83%
 513  A/common_coot/Shandong/SC197/2021|EPI_ISL_5260464                                  7.09%    passed     89.37%
 514  A/common_crane/Yunnan-Huize/27/2021_H5N8_|EPI_ISL_15435511                         2.29%    passed     84.29%
 515  A/common_pochard/Ningxia/243/2020|EPI_ISL_2820479                                  7.09%    passed     98.28%
 516  A/common_teal/Ningxia/105/2020|EPI_ISL_2815336                                     7.09%    passed     90.80%
 517  A/common_teal/Ningxia/181/2020|EPI_ISL_2820259                                     7.09%    passed     98.00%
 518  A/common_teal/Ningxia/189/2020|EPI_ISL_2820261                                     7.09%    passed     98.00%
 519  A/common_teal/Ningxia/237/2020|EPI_ISL_2820262                                     7.09%    passed     98.00%
 520  A/common_teal/Ningxia/245/2020|EPI_ISL_2820480                                     7.09%    passed     98.00%
 521  A/common_teal/Ningxia/253/2020|EPI_ISL_2820504                                     7.09%    passed     98.00%
 522  A/common_teal/Shaanxi/SXY1-1/2020|EPI_ISL_1760448                                  7.09%    passed     90.80%
 523  A/condor/Guangdong/139/2003|EPI_ISL_123967                                         3.00%    passed     98.09%
 524  A/Copsychus_saularis/Guangdong/SW8/2014|EPI_ISL_234670                             7.09%    passed     99.87%
 525  A/Curlew/Hong_Kong/AFCD-HKU-22-01095.01009/2022|EPI_ISL_19258146                   4.53%    passed     96.67%
 526  A/Cygnus_atratus/Hubei/2Z2-O/2016|EPI_ISL_295493                                   7.09%    passed     98.16%
 527  A/Cygnus_atratus/Hubei/HF-1/2016|EPI_ISL_295494                                    7.09%    passed     98.00%
 528  A/Cygnus_columbianus/Hubei/49/2020|EPI_ISL_2556113                                 3.16%    passed     96.52%
 529  A/Cygnus_columbianus/Hubei/50/2020|EPI_ISL_2555543                                 3.16%    passed     96.31%
 530  A/Cygnus_columbianus/Hubei/51/2020|EPI_ISL_2555542                                 3.16%    passed     95.19%
 531  A/Cygnus_columbianus/Hubei/52/2020|EPI_ISL_2555541                                 3.16%    passed     96.31%
 532  A/Cygnus_columbianus/Hubei/53/2020|EPI_ISL_2555538                                 3.16%    passed     95.39%
 533  A/Cygnus_columbianus/Hubei/56/2020|EPI_ISL_2555534                                 3.16%    passed     95.10%
 534  A/Cygnus_columbianus/Hubei/116/2020|EPI_ISL_2555532                                3.16%    passed     97.10%
 535  A/Cygnus_columbianus/Hubei/117/2021|EPI_ISL_11633613                               3.33%    passed     95.82%
 536  A/Cygnus_columbianus/Hubei/121/2021|EPI_ISL_11633614                               3.33%    passed     90.67%
 537  A/Cygnus_columbianus/Hubei/123/2021|EPI_ISL_11633616                               3.33%    passed     95.82%
 538  A/Cygnus_columbianus/Hubei/128/2021|EPI_ISL_11633709                               3.33%    passed     95.82%
 539  A/domestic_green-winged_teal/Hunan/3450/2006|EPI_ISL_138602                        3.16%    passed     99.92%
 540  A/duck/Anhui/AH328/2015|EPI_ISL_255491                                             7.09%    passed     98.60%
 541  A/duck/Anhui/S4/2016|EPI_ISL_282396                                                7.09%    passed     98.90%
 542  A/duck/Changhua/15A03431-1-20T/2015|EPI_ISL_4032420                                3.22%    passed     99.03%
 543  A/duck/Changhua/15A03473-1-20T/2015|EPI_ISL_4032421                                3.22%    passed     99.46%
 544  A/duck/Chiayi/15080023/2015|EPI_ISL_4032422                                        3.16%    passed     99.60%
 545  A/duck/China/0936/2017|EPI_ISL_503024                                              7.25%    passed     98.44%
 546  A/duck/China/0938/2017|EPI_ISL_503027                                              7.09%    passed     90.45%
 547  A/duck/China/DK87/2016|EPI_ISL_19477875                                            7.25%    passed     99.75%
 548  A/duck/China/E26/2012|EPI_ISL_278504                                               3.16%    passed     96.02%
 549  A/duck/China/E53/2012|EPI_ISL_278506                                               3.16%    passed     97.76%
 550  A/Duck/China/H5N6/2020|EPI_ISL_17760585                                            7.25%    passed     96.01%
 551  A/duck/China/YD1516/2016|EPI_ISL_379683                                            7.09%    passed     96.70%
 552  A/duck/Chongqing/S4362/2017|EPI_ISL_372784                                         7.58%    passed     94.37%
 553  A/duck/Dongguan/2685/2013|EPI_ISL_182064                                           7.09%    passed     99.50%
 554  A/Duck/Dongting/D76-1/2016|EPI_ISL_295495                                          7.58%    passed     87.18%
 555  A/duck/Eastern_China/008/2008|EPI_ISL_94329                                        3.16%    passed     96.12%
 556  A/duck/Eastern_China/031/2009|EPI_ISL_94330                                        3.16%    passed     94.85%
 557  A/duck/Eastern_China/108/2008|EPI_ISL_94331                                        7.09%    passed     96.17%
 558  A/duck/Eastern_China/909/2009|EPI_ISL_94332                                        7.09%    passed     99.87%
 559  A/duck/Eastern_China/JY/2014|EPI_ISL_222132                                        7.09%    passed     92.52%
 560  A/duck/Eastern_China/L0230/2010|EPI_ISL_208823                                     7.09%    passed     95.82%
 561  A/duck/Eastern_China/L0321/2010|EPI_ISL_208822                                     7.09%    passed     95.82%
 562  A/duck/Eastern_China/L0405/2010|EPI_ISL_208824                                     7.09%    passed     97.57%
 563  A/duck/Eastern_China/L0423/2011|EPI_ISL_208825                                     7.09%    passed     99.11%
 564  A/duck/Eastern_China/L0611/2011|EPI_ISL_208826                                     7.09%    passed     98.36%
 565  A/duck/Eastern_China/L0722/2012|EPI_ISL_208827                                     7.09%    passed     99.53%
 566  A/duck/Eastern_China/L1021/2012|EPI_ISL_208828                                     7.09%    passed     99.16%
 567  A/duck/Eastern_China/L1120/2012|EPI_ISL_208829                                     7.09%    passed     98.78%
 568  A/duck/Eastern_China/S0131/2014|EPI_ISL_208834                                     7.09%    passed     94.22%
 569  A/duck/Eastern_China/S0215/2014|EPI_ISL_208835                                     7.09%    passed     94.91%
 570  A/duck/Eastern_China/S0322/2014|EPI_ISL_208839                                     7.09%    passed     99.80%
 571  A/duck/Eastern_China/S0711/2014|EPI_ISL_208836                                     7.09%    passed     99.11%
 572  A/duck/Eastern_China/S0808/2014|EPI_ISL_208837                                     7.09%    passed     99.38%
 573  A/duck/Eastern_China/S0908/2014|EPI_ISL_208838                                     7.09%    passed     99.87%
 574  A/duck/Eastern_China/S1109/2014|EPI_ISL_208841                                     7.09%    passed     91.05%
 575  A/duck/Eastern_China/S1210/2013|EPI_ISL_208832                                     7.09%    passed     98.10%
 576  A/duck/Fujian/1.17_FZHX0123-C/2017|EPI_ISL_707384                                  7.25%    passed     99.70%
 577  A/duck/Fujian/03.18_GTFJ-15-10/2015_Mixed_|EPI_ISL_201372                          3.16%    passed     96.03%
 578  A/duck/Fujian/05.07_FZHMD4K-O/2015_Mixed_|EPI_ISL_201356                           7.09%    passed     98.26%
 579  A/duck/Fujian/05.07_FZHMD12AK-O/2015_Mixed_|EPI_ISL_201358                         7.09%    passed     98.26%
 580  A/duck/Fujian/05.07_FZHMDK14-O/2015_H5N6_|EPI_ISL_201355                           7.09%    passed     98.26%
 581  A/duck/Fujian/10.26_FZHX0002-O/2017|EPI_ISL_707414                                 7.25%    passed     99.47%
 582  A/duck/Fujian/10.26_FZHX0010-O/2017|EPI_ISL_707415                                 7.25%    passed     99.26%
 583  A/duck/Fujian/11.3_FZHX1132-O/2016|EPI_ISL_707421                                  7.25%    passed     99.87%
 584  A/duck/Fujian/11.3_FZHX1141-C/2016|EPI_ISL_707422                                  7.25%    passed     99.70%
 585  A/duck/Fujian/11.23_FZHX0009-C/2017|EPI_ISL_707417                                 7.25%    passed     99.47%
 586  A/duck/Fujian/11.23_FZHX0014-C/2017|EPI_ISL_707418                                 7.09%    passed     99.10%
 587  A/duck/Fujian/11.23_FZHX0015-C/2017|EPI_ISL_707419                                 7.09%    passed     99.10%
 588  A/duck/Fujian/12.7_FZHX1202-O/2016|EPI_ISL_707425                                  7.25%    passed     99.70%
 589  A/duck/Fujian/12.7_FZHX1218-C/2016|EPI_ISL_707426                                  7.09%    passed     98.76%
 590  A/duck/Fujian/12.7_FZHX1219-O/2016|EPI_ISL_707427                                  7.25%    passed     98.66%
 591  A/duck/Fujian/12.7_FZHX1221-C/2016|EPI_ISL_707428                                  7.25%    passed     98.66%
 592  A/duck/Fujian/S1233/2018_H5N1_|EPI_ISL_18513226                                    7.09%    passed     92.67%
 593  A/duck/Fujian/S1273/2018_H5N1_|EPI_ISL_18513227                                    7.09%    passed     92.67%
 594  A/Duck/Fujian/S4146/2010|EPI_ISL_138181                                            6.92%    passed     85.90%
 595  A/duck/Guangdong/01.01_SZSGXJK001-G/2016|EPI_ISL_221706                            7.25%    passed     99.70%
 596  A/duck/Guangdong/01.01_SZSGXJK001-Y_/2016|EPI_ISL_221705                           7.25%    passed     99.82%
 597  A/duck/Guangdong/01.01_SZSGXJK002-G/2016|EPI_ISL_221708                            7.25%    passed     99.82%
 598  A/duck/Guangdong/01.01_SZSGXJK002-Y/2016|EPI_ISL_221707                            7.25%    passed     99.72%
 599  A/duck/Guangdong/01.01_SZSGXJK003-G/2016|EPI_ISL_221709                            7.25%    passed     99.83%
 600  A/duck/Guangdong/01.01_SZSGXJK004-Y/2016|EPI_ISL_221710                            7.25%    passed     99.82%
 601  A/duck/Guangdong/01.01_SZSGXJK005-G_/2016|EPI_ISL_221713                           7.25%    passed     99.82%
 602  A/duck/Guangdong/01.01_SZSGXJK005-Y/2016|EPI_ISL_221712                            7.25%    passed     99.82%
 603  A/duck/Guangdong/01.01_SZSGXJK006-G/2016|EPI_ISL_221715                            7.25%    passed     99.86%
 604  A/duck/Guangdong/01.01_SZSGXJK006-Y/2016|EPI_ISL_221714                            7.25%    passed     99.92%
 605  A/duck/Guangdong/02.11_DGCP092-P/2015_Mixed_|EPI_ISL_199435                        7.09%    passed     99.59%
 606  A/duck/Guangdong/02.11_DGCP093-P/2015_Mixed_|EPI_ISL_199436                        7.09%    passed     99.74%
 607  A/duck/Guangdong/02.11_DGCP094-P/2015_Mixed_|EPI_ISL_199437                        7.09%    passed     99.59%
 608  A/duck/Guangdong/02.11_DGCP102-P/2015_Mixed_|EPI_ISL_199421                        7.09%    passed     99.68%
 609  A/duck/Guangdong/02.11_DGCP103-P/2015_Mixed_|EPI_ISL_199422                        7.09%    passed     99.67%
 610  A/duck/Guangdong/02.11_DGCP104-P/2015_Mixed_|EPI_ISL_199423                        7.09%    passed     99.68%
 611  A/duck/Guangdong/03.26_DGCP062-P/2015_H5N6_|EPI_ISL_199403                         7.09%    passed     99.21%
 612  A/duck/Guangdong/03.26_DGCP066-O/2015_H5N6_|EPI_ISL_199175                         7.09%    passed     99.21%
 613  A/duck/Guangdong/03.26_DGCP074-O/2015_H5N6_|EPI_ISL_199178                         7.09%    passed     99.21%
 614  A/duck/Guangdong/03.26_DGCP075-O/2015_Mixed_|EPI_ISL_199408                        7.09%    passed     93.72%
 615  A/duck/Guangdong/03.26_DGCP076-O/2015_H5N6_|EPI_ISL_199181                         7.14%    passed     99.14%
 616  A/duck/Guangdong/03.26_DGCP076-P/2015_H5N6_|EPI_ISL_199406                         7.09%    passed     99.21%
 617  A/duck/Guangdong/03.26_DGCP077-O/2015_H5N6_|EPI_ISL_199407                         7.09%    passed     93.72%
 618  A/duck/Guangdong/03.26_DGCP078-P/2015_H5N6_|EPI_ISL_199189                         7.09%    passed     99.21%
 619  A/duck/Guangdong/03.26_DGCP080-P/2015_H5N6_|EPI_ISL_199195                         7.09%    passed     93.72%
 620  A/duck/Guangdong/03.26_DGCP082-O/2015_H5N6_|EPI_ISL_199409                         7.09%    passed     92.66%
 621  A/duck/Guangdong/03.26_DGCP084-P/2015_H5N6_|EPI_ISL_199200                         7.09%    passed     99.21%
 622  A/duck/Guangdong/03.26_DGCP709-P/2015_H5N6_|EPI_ISL_199185                         7.09%    passed     99.21%
 623  A/duck/Guangdong/03.26_DGCPLB007-O/2015_H5N6_|EPI_ISL_199404                       7.09%    passed     98.53%
 624  A/duck/Guangdong/03.26_DGCPLB007-P/2015_H5N6_|EPI_ISL_199192                       7.09%    passed     98.53%
 625  A/duck/Guangdong/03.26_DGCPLB019-P/2015_H5N6_|EPI_ISL_199188                       7.09%    passed     99.21%
 626  A/duck/Guangdong/03.26_DGCPLB021-O/2015_H5N6_|EPI_ISL_199174                       7.09%    passed     99.20%
 627  A/duck/Guangdong/03.26_DGCPLB022-O/2015_H5N6_|EPI_ISL_199405                       7.09%    passed     99.20%
 628  A/duck/Guangdong/03.26_DGCPLB022-P/2015_H5N6_|EPI_ISL_199186                       7.09%    passed     99.20%
 629  A/duck/Guangdong/03.26_DGCPLB023-O/2015_H5N6_|EPI_ISL_199415                       7.09%    passed     99.20%
 630  A/duck/Guangdong/03.26_DGCPLB023-P/2015_H5N6_|EPI_ISL_199187                       7.09%    passed     99.21%
 631  A/duck/Guangdong/03.26_DGCPLB024-O/2015_H5N6_|EPI_ISL_199416                       7.09%    passed     99.20%
 632  A/duck/Guangdong/03.27_DGQTSJ129-O/2015_Mixed_|EPI_ISL_199391                      7.09%    passed     99.27%
 633  A/duck/Guangdong/03.27_DGQTSJ131-O/2015_Mixed_|EPI_ISL_199367                      7.09%    passed     99.85%
 634  A/duck/Guangdong/03.27_DGQTSJ133-O/2015_Mixed_|EPI_ISL_200251                      7.09%    passed     99.71%
 635  A/duck/Guangdong/03.27_DGQTSJ134-O/2015_Mixed_|EPI_ISL_200249                      7.09%    passed     99.85%
 636  A/duck/Guangdong/03.27_DGQTXC203-O/2015_Mixed_|EPI_ISL_199374                      7.09%    passed     99.90%
 637  A/duck/Guangdong/04.15_SZBAXQ019/2015_Mixed_|EPI_ISL_200259                        7.14%    passed     99.00%
 638  A/duck/Guangdong/04.15_SZBAXQ020/2015_H5N6_|EPI_ISL_199451                         7.09%    passed     97.16%
 639  A/duck/Guangdong/04.15_SZBAXQ021/2015_H5N6_|EPI_ISL_199452                         7.09%    passed     97.12%
 640  A/duck/Guangdong/04.16_LGDBL001/2015_Mixed_|EPI_ISL_199381                         7.09%    passed     99.63%
 641  A/duck/Guangdong/04.16_SZLGDBL005/2015_H5N6_|EPI_ISL_199461                        7.09%    passed     96.05%
 642  A/duck/Guangdong/04.16_SZLGDBL009/2015_H5N6_|EPI_ISL_199462                        7.09%    passed     99.63%
 643  A/duck/Guangdong/04.16_SZLGDBL013/2015_H5N6_|EPI_ISL_199458                        7.14%    passed     99.14%
 644  A/duck/Guangdong/04.16_SZLGWL002/2015_H5N6_|EPI_ISL_199463                         7.09%    passed     99.51%
 645  A/duck/Guangdong/04.22_DGCP068-O/2015_H5N6_|EPI_ISL_199209                         7.09%    passed     99.98%
 646  A/duck/Guangdong/04.22_DGCP071-P/2015_Mixed_|EPI_ISL_200255                        7.09%    passed     99.98%
 647  A/duck/Guangdong/04.22_DGCP079-O/2015_H5N6_|EPI_ISL_199250                         7.09%    passed     99.71%
 648  A/duck/Guangdong/04.22_DGCP083-O/2015_Mixed_|EPI_ISL_200247                        7.09%    passed     99.27%
 649  A/duck/Guangdong/04.22_DGCP084-O/2015_H5N6_|EPI_ISL_199303                         7.09%    passed     99.27%
 650  A/duck/Guangdong/04.22_DGCPLB018-O/2015_H5N6_|EPI_ISL_199230                       7.09%    passed     99.84%
 651  A/duck/Guangdong/04.22_DGCPLB020-O/2015_H5N6_|EPI_ISL_199252                       7.09%    passed     99.99%
 652  A/duck/Guangdong/04.22_DGCPLB022-O/2015_Mixed_|EPI_ISL_199232                      7.09%    passed     99.82%
 653  A/duck/Guangdong/04.22_DGCPLB041-P/2015_H5N6_|EPI_ISL_199304                       7.09%    passed     99.84%
 654  A/duck/Guangdong/04.22_DGCPLB044-P/2015_H5N6_|EPI_ISL_199305                       7.09%    passed     99.69%
 655  A/duck/Guangdong/04.23_DGQTSJ121-O/2015_Mixed_|EPI_ISL_200245                      7.09%    passed     99.85%
 656  A/duck/Guangdong/04.23_DGQTSJ123-O/2015_Mixed_|EPI_ISL_199365                      7.09%    passed     99.85%
 657  A/duck/Guangdong/04.23_DGQTSJ127-O/2015_Mixed_|EPI_ISL_200240                      7.14%    passed     99.25%
 658  A/duck/Guangdong/04.23_DGQTSJ128-O/2015_Mixed_|EPI_ISL_199368                      7.14%    passed     99.72%
 659  A/duck/Guangdong/04.23_DGQTSJ134-O/2015_Mixed_|EPI_ISL_199366                      7.09%    passed     99.65%
 660  A/duck/Guangdong/04.23_DGQTSJ135-O/2015_Mixed_|EPI_ISL_199372                      7.09%    passed     99.71%
 661  A/duck/Guangdong/04.23_DGQTSJ135-P/2015_Mixed_|EPI_ISL_199371                      7.09%    passed     99.71%
 662  A/duck/Guangdong/04.23_DGQTSJ138-O/2015_Mixed_|EPI_ISL_199375                      7.09%    passed     99.71%
 663  A/duck/Guangdong/04.23_DGQTSJ138-P/2015_Mixed_|EPI_ISL_199373                      7.09%    passed     99.71%
 664  A/duck/Guangdong/04.23_DGQTSJ144-O/2015_Mixed_|EPI_ISL_200253                      7.09%    passed     98.80%
 665  A/duck/Guangdong/04.23_DGQTSJ145-O/2015_H5N6_|EPI_ISL_199235                       7.09%    passed     97.82%
 666  A/duck/Guangdong/04.23_DGQTSJ146-O/2015_Mixed_|EPI_ISL_199362                      7.09%    passed     99.71%
 667  A/duck/Guangdong/04.23_DGQTSJ147-O/2015_Mixed_|EPI_ISL_200256                      7.09%    passed     98.03%
 668  A/duck/Guangdong/04.23_DGQTSJ148-O/2015_Mixed_|EPI_ISL_200252                      7.09%    passed     97.46%
 669  A/duck/Guangdong/04.23_DGQTXC183-O/2015_Mixed_|EPI_ISL_199369                      7.09%    passed     99.11%
 670  A/duck/Guangdong/04.23_DGQTXC185-O/2015_Mixed_|EPI_ISL_200241                      7.09%    passed     99.56%
 671  A/duck/Guangdong/04.23_DGQTXC186-O/2015_Mixed_|EPI_ISL_199358                      7.09%    passed     99.11%
 672  A/duck/Guangdong/04.23_DGQTXC187-O/2015_Mixed_|EPI_ISL_199360                      7.09%    passed     99.81%
 673  A/duck/Guangdong/04.23_DGQTXC187-P/2015_Mixed_|EPI_ISL_199376                      7.09%    passed     99.11%
 674  A/duck/Guangdong/04.23_DGQTXC188-O/2015_Mixed_|EPI_ISL_200248                      7.09%    passed     99.90%
 675  A/duck/Guangdong/04.23_DGQTXC188-P/2015_Mixed_|EPI_ISL_199379                      7.09%    passed     99.85%
 676  A/duck/Guangdong/04.23_DGQTXC201-O/2015_Mixed_|EPI_ISL_199378                      7.09%    passed     99.21%
 677  A/duck/Guangdong/04.23_DGQTXC202-O/2015_H5N6_|EPI_ISL_199214                       7.09%    passed     95.25%
 678  A/duck/Guangdong/04.23_DGQTXC202-O/2015_Mixed_|EPI_ISL_199355                      7.09%    passed     99.71%
 679  A/duck/Guangdong/04.23_DGQTXC203-O/2015_H5N6_|EPI_ISL_199222                       7.09%    passed     99.21%
 680  A/duck/Guangdong/04.23_DGQTXC204-O/2015_Mixed_|EPI_ISL_199370                      7.09%    passed     99.71%
 681  A/duck/Guangdong/04.23_DGQTXC204-P/2015_Mixed_|EPI_ISL_199363                      7.14%    passed     99.88%
 682  A/duck/Guangdong/04.23_DGQTXC205-O/2015_Mixed_|EPI_ISL_199356                      7.09%    passed     99.85%
 683  A/duck/Guangdong/04.23_DGQTXC206-O/2015_Mixed_|EPI_ISL_199364                      3.16%    passed     96.15%
 684  A/duck/Guangdong/04.23_DGQTXC207-O/2015_Mixed_|EPI_ISL_199354                      7.09%    passed     99.85%
 685  A/duck/Guangdong/04.23_DGQTXC207-P/2015_Mixed_|EPI_ISL_199353                      7.09%    passed     99.85%
 686  A/duck/Guangdong/04.23_DGQTXC213-O/2015_H5N6_|EPI_ISL_199291                       7.09%    passed     99.97%
 687  A/duck/Guangdong/04.23_DGQTXC213-P/2015_H5N6_|EPI_ISL_199289                       7.14%    passed     99.98%
 688  A/duck/Guangdong/04.23_DGQTXC227-P/2015_Mixed_|EPI_ISL_200236                      7.09%    passed     97.82%
 689  A/duck/Guangdong/04.23_DGQTXC229-P/2015_H5N6_|EPI_ISL_199234                       7.09%    passed     97.82%
 690  A/duck/Guangdong/04.23_DGQTXC230-P/2015_Mixed_|EPI_ISL_200254                      7.09%    passed     97.82%
 691  A/duck/Guangdong/04.23_DGQTXC231-O/2015_H5N6_|EPI_ISL_199236                       7.09%    passed     98.68%
 692  A/duck/Guangdong/04.23_DGQTXC231-P/2015_Mixed_|EPI_ISL_200243                      7.09%    passed     98.68%
 693  A/duck/Guangdong/04.23_DGQTXC232-P/2015_H5N6_|EPI_ISL_199292                       7.09%    passed     97.82%
 694  A/duck/Guangdong/04.23_DGQTXC233-P/2015_Mixed_|EPI_ISL_200246                      7.09%    passed     97.82%
 695  A/duck/Guangdong/04.23_DGQTXC235-O/2015_H5N6_|EPI_ISL_199297                       7.14%    passed     97.68%
 696  A/duck/Guangdong/04.23_DGQTXC236-P/2015_H5N6_|EPI_ISL_199290                       4.42%    passed     99.61%
 697  A/duck/Guangdong/11.18_SZBJ003-C/2016|EPI_ISL_707453                               7.09%    passed     99.55%
 698  A/duck/Guangdong/11.18_SZBJ003-O/2016|EPI_ISL_707454                               7.09%    passed     99.55%
 699  A/duck/Guangdong/11.18_SZBJ007-O/2016|EPI_ISL_707455                               7.09%    passed     99.33%
 700  A/duck/Guangdong/KGZ15783/2021|EPI_ISL_19210571                                    4.69%    passed     97.72%
 701  A/duck/Guangdong/KGZ16007/2021|EPI_ISL_19210557                                    4.69%    passed     89.94%
 702  A/duck/Guangdong/KGZ16008/2021|EPI_ISL_19210558                                    4.69%    passed     89.94%
 703  A/duck/Guangdong/KGZ16009/2021|EPI_ISL_19210559                                    4.69%    passed     89.94%
 704  A/duck/Guangdong/KGZ16012/2021|EPI_ISL_19210561                                    4.69%    passed     89.94%
 705  A/duck/Guangdong/KGZ16015/2021|EPI_ISL_19210562                                    4.69%    passed     97.94%
 706  A/Duck/Guangdong/PO17281256/MZH/2017-8-21|EPI_ISL_340789                           4.85%    passed     98.33%
 707  A/Duck/Guangdong/PO17281388/MZH/2017-10-24|EPI_ISL_340792                          3.44%    passed     99.00%
 708  A/Duck/Guangdong/PO17284260/YJ/2017-7-12|EPI_ISL_340857                            7.25%    passed     99.71%
 709  A/Duck/Guangdong/PO1707260017/GZH/2017-08-02|EPI_ISL_340834                        3.44%    passed     95.08%
 710  A/Duck/Guangdong/PY501/2014_H5N6_|EPI_ISL_205962                                   7.09%    passed     98.66%
 711  A/Duck/Guangdong/PY503/2014_H5N6_|EPI_ISL_205963                                   7.09%    passed     99.14%
 712  A/duck/Guangdong/S1269/2021|EPI_ISL_5260419                                        7.09%    passed     92.44%
 713  A/duck/Guangdong/S1330/2016|EPI_ISL_5260813                                        7.25%    passed     99.70%
 714  A/duck/Guangdong/S4518/2021_H5N1_|EPI_ISL_12572654                                 7.09%    passed     94.78%
 715  A/duck/Guangdong/S4525/2021_H5N1_|EPI_ISL_12572655                                 7.09%    passed     93.19%
 716  A/duck/Guangdong/S4879/2020|EPI_ISL_9637645                                        7.09%    passed     94.38%
 717  A/duck/Guangdong/s14044/2014|EPI_ISL_201799                                        7.09%    passed     99.84%
 718  A/duck/Guangdong/SE195/2021|EPI_ISL_9637825                                        7.09%    passed     93.22%
 719  A/Duck/Guangdong/SS1A1/2014_H5N6_|EPI_ISL_205959                                   7.09%    passed     99.88%
 720  A/duck/Guangdong/wy11/2008|EPI_ISL_152085                                          3.16%    passed     96.12%
 721  A/duck/Guangdong/wy19/2008|EPI_ISL_152086                                          3.16%    passed     97.01%
 722  A/duck/Guangdong/wy24/2008|EPI_ISL_152087                                          3.00%    passed     93.67%
 723  A/Duck/Guangdong/Yangjiang/PO18284009/2018-01-09|EPI_ISL_340847                    3.33%    passed     96.21%
 724  A/duck/Guangxi/12.25_GLGX-14-08/2014_Mixed_|EPI_ISL_201370                         7.09%    passed     99.03%
 725  A/duck/Guangxi/S10099/2021|EPI_ISL_5260420                                         7.09%    passed     95.47%
 726  A/duck/Guangxi/S10263/2021|EPI_ISL_5260421                                         7.09%    passed     91.53%
 727  A/duck/Guangxi/S11043/2021|EPI_ISL_5260422                                         7.09%    passed     92.97%
 728  A/duck/Guangxi/S21194/2021|EPI_ISL_5260426                                         7.09%    passed     91.65%
 729  A/duck/Guangxi/S31116/2021_H5N6_|EPI_ISL_11208194                                  7.09%    passed     88.87%
 730  A/duck/Guangzhou/018/2014|EPI_ISL_224984                                           7.09%    passed     99.84%
 731  A/duck/Guangzhou/021/2014|EPI_ISL_224985                                           7.09%    passed     99.84%
 732  A/duck/Guizhou/7.27_ZYLJJ017-O/2018|EPI_ISL_696807                                 4.85%    passed     99.77%
 733  A/duck/Guizhou/8.26_ZYLJJ016-O/2018|EPI_ISL_696813                                 4.85%    passed     99.00%
 734  A/duck/Guizhou/8.26_ZYLJJ017-O/2018|EPI_ISL_707465                                 4.85%    passed     99.07%
 735  A/duck/Guizhou/S1321/2022_H5N1_|EPI_ISL_12572656                                   7.09%    passed     89.37%
 736  A/duck/Guizhou/S1711/2024_H5N1_|EPI_ISL_19616579                                   7.09%    passed     96.66%
 737  A/duck/Guizhou/S4702/2021_H5N6_|EPI_ISL_11208195                                   7.09%    passed     94.97%
 738  A/duck/Hainan/12.29_HKPL002-C/2017|EPI_ISL_707469                                  4.20%    passed     97.49%
 739  A/duck/Hebei/3/2011|EPI_ISL_137255                                                 5.07%    passed     98.14%
 740  A/duck/Hebei/S1070/2021|EPI_ISL_5260445                                            7.09%    passed     91.18%
 741  A/duck/Henan/01.01_LYGL003-O/2017|EPI_ISL_697837                                   5.18%    passed     99.45%
 742  A/duck/Henan/S1381/2021|EPI_ISL_5260435                                            7.09%    passed     92.68%
 743  A/duck/Hsinchu/15020216/2015|EPI_ISL_4032423                                       3.22%    passed     99.72%
 744  A/duck/Hubei/03.06__WHWTZ0107-O/2015_Mixed_|EPI_ISL_200427                         7.09%    passed     89.77%
 745  A/duck/Hubei/03.06__WHWTZ0111-O/2015_Mixed_|EPI_ISL_200276                         6.32%    passed     98.67%
 746  A/duck/Hubei/03.06__WHWTZ0123-O/2015_H5N6_|EPI_ISL_199026                          6.32%    passed     98.67%
 747  A/duck/Hubei/03.06__WHWTZ0125-O/2015_H5N6_|EPI_ISL_199030                          6.32%    passed     98.67%
 748  A/duck/Hubei/03.06__WHWTZ0129-P/2015_H5N6_|EPI_ISL_199015                          6.32%    passed     98.95%
 749  A/duck/Hubei/03.06__WHWTZ0150-P/2015_Mixed_|EPI_ISL_200277                         6.32%    passed     98.67%
 750  A/duck/Hubei/03.06__WHWTZ0155-P/2015_H5N1_|EPI_ISL_199019                          7.09%    passed     88.12%
 751  A/duck/HuBei/03.06__WHWTZ0158-P/2015_H5N6_|EPI_ISL_199029                          6.32%    passed     98.67%
 752  A/duck/Hubei/03.06_WHWTZ0124-O/2015_H5N6_|EPI_ISL_199028                           6.32%    passed     98.67%
 753  A/duck/Hubei/03.06_WHWTZ0130-O/2015_H5N6_|EPI_ISL_199031                           5.02%    passed     97.29%
 754  A/duck/Hubei/46/2009|EPI_ISL_71945                                                 3.00%    passed     99.97%
 755  A/duck/Hubei/2911/2007|EPI_ISL_29185                                               7.09%    passed     98.81%
 756  A/duck/Hubei/S4465/2021_H5N1_|EPI_ISL_12572657                                     7.09%    passed     99.73%
 757  A/duck/Hubei/SE128/2022_H5N1_|EPI_ISL_12572658                                     7.09%    passed     99.23%
 758  A/duck/Hubei/SE220/2022_H5N1_|EPI_ISL_12572659                                     7.09%    passed     95.19%
 759  A/duck/Hubei/SZY250/2016|EPI_ISL_231747                                            7.09%    passed     79.11%
 760  A/duck/Hubei/xn/2007|EPI_ISL_155694                                                5.02%    passed     91.79%
 761  A/duck/Hunan/1.12_YYGK68H3-OC/2018|EPI_ISL_707489                                  4.85%    passed     98.44%
 762  A/duck/Hunan/1.12_YYGK72H3-OC/2018|EPI_ISL_707490                                  4.85%    passed     98.31%
 763  A/duck/Hunan/1.12_YYGK74H3-OC/2018|EPI_ISL_707491                                  4.85%    passed     91.35%
 764  A/duck/Hunan/01.12_YYGK82H3-OC/2018|EPI_ISL_707475                                 4.85%    passed     91.35%
 765  A/duck/Hunan/01.16_YYFQH128-P/2014_Mixed_|EPI_ISL_200262                           7.09%    passed     99.11%
 766  A/duck/Hunan/01.16_YYFQH185-P/2014_H5N6_|EPI_ISL_198783                            7.09%    passed     99.52%
 767  A/duck/Hunan/01.16_YYFQH299-P/2014_H5N6_|EPI_ISL_198816                            7.09%    passed     99.52%
 768  A/duck/Hunan/01.16_YYFQH303-P/2014_H5N6_|EPI_ISL_198819                            7.09%    passed     99.52%
 769  A/duck/Hunan/01.16_YYFQH304-P/2014_H5N6_|EPI_ISL_198820                            7.09%    passed     99.52%
 770  A/duck/Hunan/01.16_YYFQH305-P/2014_H5N6_|EPI_ISL_198821                            7.09%    passed     99.52%
 771  A/duck/Hunan/01.16_YYFQH306-P/2014_H5N6_|EPI_ISL_198822                            7.09%    passed     99.37%
 772  A/duck/Hunan/01.16_YYFQH309-P/2014_H5N6_|EPI_ISL_198825                            7.09%    passed     99.52%
 773  A/duck/Hunan/01.16_YYFQH317-P/2014_H5N6_|EPI_ISL_198829                            7.09%    passed     99.52%
 774  A/duck/Hunan/01.16_YYFQH319-P/2014_H5N6_|EPI_ISL_198831                            7.09%    passed     99.52%
 775  A/duck/Hunan/01.16_YYGK218-P/2014_H5N6_|EPI_ISL_198785                             7.09%    passed     99.52%
 776  A/duck/Hunan/1.17_YYGKK80-OC/2017|EPI_ISL_707493                                   4.85%    passed     95.59%
 777  A/duck/Hunan/01.21_YYFQH009-O/2015_H5N6_|EPI_ISL_199083                            7.09%    passed     99.73%
 778  A/duck/Hunan/01.21_YYFQH019-P/2015_H5N6_|EPI_ISL_199056                            7.09%    passed     99.60%
 779  A/duck/Hunan/01.21_YYFQH024-P/2015_H5N6_|EPI_ISL_199065                            7.09%    passed     99.85%
 780  A/duck/Hunan/01.21_YYFQH025-P/2015_H5N6_|EPI_ISL_199066                            7.09%    passed     97.62%
 781  A/duck/Hunan/01.21_YYFQH030-O/2015_H5N6_|EPI_ISL_199070                            7.09%    passed     99.73%
 782  A/duck/Hunan/2.06_YYGK77J3-OC/2018|EPI_ISL_707523                                  4.85%    passed     95.57%
 783  A/duck/Hunan/2.06_YYGK78J3-OC/2018|EPI_ISL_707524                                  4.85%    passed     96.55%
 784  A/duck/Hunan/2.06_YYGK84J3-OC/2018|EPI_ISL_707525                                  4.85%    passed     95.57%
 785  A/duck/Hunan/2.06_YYGK92J3-OC/2018|EPI_ISL_707527                                  4.85%    passed     95.57%
 786  A/duck/Hunan/02.07__YYFQHY12Y-O/2015_H5N6_|EPI_ISL_199049                          5.02%    passed     95.25%
 787  A/duck/Hunan/02.07__YYFQHY20Y-O/2015_H5N6_|EPI_ISL_199058                          5.02%    passed     95.78%
 788  A/duck/Hunan/02.07_YYFQH026-O/2015_H5N6_|EPI_ISL_199067                            7.09%    passed     99.60%
 789  A/duck/Hunan/02.07_YYFQH029-O/2015_H5N6_|EPI_ISL_199069                            7.09%    passed     98.07%
 790  A/duck/Hunan/02.07_YYFQH032-O/2015_H5N6_|EPI_ISL_199072                            7.09%    passed     99.60%
 791  A/duck/Hunan/02.16_YYGK281-P/2014_H5N6_|EPI_ISL_198805                             7.09%    passed     99.52%
 792  A/duck/Hunan/02.26__YYFQH293-P/2014_H5N6_|EPI_ISL_198811                           7.09%    passed     99.52%
 793  A/duck/Hunan/02.26__YYFQH320-P/2014_H5N6_|EPI_ISL_198832                           7.09%    passed     99.52%
 794  A/duck/Hunan/02.26__YYGK251-P/2014_H5N6_|EPI_ISL_198792                            7.09%    passed     99.55%
 795  A/duck/Hunan/02.26__YYGK0255-P/2014_H5N6_|EPI_ISL_198794                           7.09%    passed     99.52%
 796  A/duck/Hunan/02.26_YYFQH290-P/2014_H5N6_|EPI_ISL_198809                            7.09%    passed     99.11%
 797  A/duck/Hunan/02.26_YYFQH294-P/2014_H5N6_|EPI_ISL_198812                            7.09%    passed     99.52%
 798  A/duck/Hunan/02.26_YYFQH308-P/2014_H5N6_|EPI_ISL_198824                            7.09%    passed     99.52%
 799  A/duck/Hunan/02.26_YYFQHY291-P/2014_H5N6_|EPI_ISL_198810                           5.23%    passed     93.33%
 800  A/duck/Hunan/02.26_YYGK250-P/2014_H5N6_|EPI_ISL_198791                             7.09%    passed     97.69%
 801  A/duck/Hunan/02.26_YYGK254-P/2014_H5N6_|EPI_ISL_198793                             7.09%    passed     99.52%
 802  A/duck/Hunan/02.26_YYGK263-P/2014_H5N6_|EPI_ISL_198795                             7.09%    passed     97.69%
 803  A/duck/Hunan/02.26_YYGK267-P/2014_H5N6_|EPI_ISL_198801                             7.09%    passed     97.69%
 804  A/duck/Hunan/02.26_YYGK271-P/2014_H5N6_|EPI_ISL_198802                             7.09%    passed     97.69%
 805  A/duck/Hunan/02.26_YYGK276-P/2014_H5N6_|EPI_ISL_198804                             7.09%    passed     97.69%
 806  A/duck/Hunan/02.26_YYGKY298-P/2014_H5N6_|EPI_ISL_198815                            7.09%    passed     99.52%
 807  A/duck/Hunan/02.26_YYGQH295-P/2014_H5N6_|EPI_ISL_198813                            7.09%    passed     99.52%
 808  A/duck/Hunan/03.07_YYGK1L3-OC/2018|EPI_ISL_697879                                  6.71%    passed     87.91%
 809  A/duck/Hunan/03.07_YYGK4L3-OC/2018|EPI_ISL_707477                                  4.96%    passed     99.61%
 810  A/duck/Hunan/03.07_YYGK25L3-OC/2018|EPI_ISL_696689                                 3.33%    passed     95.86%
 811  A/duck/Hunan/03.07_YYGK31L3-OC/2018|EPI_ISL_696764                                 4.74%    passed     96.89%
 812  A/duck/Hunan/03.09_YYFQH0036-P/2015_Mixed_|EPI_ISL_200279                          3.16%    passed     98.31%
 813  A/duck/Hunan/03.09_YYFQH0046-O/2015_Mixed_|EPI_ISL_200280                          4.47%    passed     95.55%
 814  A/duck/Hunan/03.09_YYFQH0047-O/2015_H5N6_|EPI_ISL_199051                           7.09%    passed     99.27%
 815  A/duck/Hunan/03.24_YYGK18M2-O/2017|EPI_ISL_707480                                  4.85%    passed     80.70%
 816  A/duck/Hunan/03.24_YYGK21M2-O/2017|EPI_ISL_707481                                  4.85%    passed     80.70%
 817  A/duck/Hunan/03.24_YYGK174M2-C/2017|EPI_ISL_707478                                 4.85%    passed     80.70%
 818  A/duck/Hunan/03.24_YYGK178M2-C/2017|EPI_ISL_707479                                 4.85%    passed     83.36%
 819  A/duck/Hunan/04.14_YYGK067-O/2015_Mixed_|EPI_ISL_200287                            6.32%    passed     97.21%
 820  A/duck/Hunan/04.14_YYGK0439-Z-P/2015_Mixed_|EPI_ISL_200264                         6.43%    passed     96.38%
 821  A/duck/Hunan/04.14_YYGK451-1-O/2015_Mixed_|EPI_ISL_200285                          6.32%    passed     97.47%
 822  A/duck/Hunan/04.14_YYGK460-O/2015_H5N6_|EPI_ISL_199119                             6.32%    passed     97.99%
 823  A/duck/Hunan/04.14_YYGK464-O/2015_H5N6_|EPI_ISL_199120                             6.32%    passed     97.21%
 824  A/duck/Hunan/04.14_YYGK468-O/2015_H5N6_|EPI_ISL_199122                             6.32%    passed     97.21%
 825  A/duck/Hunan/04.14_YYGK472-O/2015_Mixed_|EPI_ISL_200288                            6.32%    passed     97.21%
 826  A/duck/Hunan/04.14_YYGK0878-P/2015_H5N6_|EPI_ISL_199138                            5.02%    passed     97.65%
 827  A/duck/Hunan/04.14_YYXS877-P/2015_H5N6_|EPI_ISL_199137                             6.32%    passed     98.31%
 828  A/duck/Hunan/04.22_LDDX037-P/2015_H5N6_|EPI_ISL_199038                             7.09%    passed     99.93%
 829  A/duck/Hunan/7.21_YYGK41Y1-C/2016|EPI_ISL_696707                                   7.09%    passed     99.66%
 830  A/duck/Hunan/11.30_YYGK59E3-OC/2017|EPI_ISL_707500                                 7.25%    passed     98.97%
 831  A/duck/Hunan/11.30_YYGK62E3-OC/2017|EPI_ISL_707501                                 4.85%    passed     91.35%
 832  A/duck/Hunan/11.30_YYGK63E3-OC/2017|EPI_ISL_707502                                 4.85%    passed     91.35%
 833  A/duck/Hunan/11.30_YYGK74E3-OC/2017|EPI_ISL_707503                                 7.09%    passed     98.37%
 834  A/duck/Hunan/11.30_YYGK75E3-OC/2017|EPI_ISL_696740                                 7.09%    passed     98.37%
 835  A/duck/Hunan/12.07__YYGK44-P/2013_Mixed_|EPI_ISL_200375                            7.09%    passed     95.79%
 836  A/duck/Hunan/12.07__YYGK97-P/2013_H5N1_|EPI_ISL_198776                             3.16%    passed     99.97%
 837  A/duck/Hunan/12.07__YYGK110-P/2013_H5N6_|EPI_ISL_198766                            7.09%    passed     99.87%
 838  A/duck/Hunan/12.07__YYGK111-P/2013_H5N6_|EPI_ISL_198767                            7.09%    passed     99.51%
 839  A/duck/Hunan/12.07__YYGK118-P/2013_H5N6_|EPI_ISL_198770                            7.09%    passed     97.02%
 840  A/duck/Hunan/12.07_YGK098-P/2013_H5N6_|EPI_ISL_198777                              3.16%    passed     97.70%
 841  A/duck/Hunan/12.07_YYGK007-P/2013_H5N1_|EPI_ISL_198774                             7.09%    passed     97.26%
 842  A/duck/Hunan/12.07_YYGK032-P/2013_H5N6_|EPI_ISL_198771                             3.16%    passed     97.39%
 843  A/duck/Hunan/12.07_YYGK68-P/2013_H5N6_|EPI_ISL_198773                              7.09%    passed     99.07%
 844  A/duck/Hunan/12.07_YYGK100-P/2013_H5N1_|EPI_ISL_198764                             7.09%    passed     96.46%
 845  A/duck/Hunan/12.07_YYGK108-P/2013_H5N6_|EPI_ISL_198765                             3.16%    passed     98.62%
 846  A/duck/Hunan/12.07_YYGK113-P/2013_H5N6_|EPI_ISL_198769                             3.16%    passed     98.47%
 847  A/duck/Hunan/12.17__YYFQH0046-1-O/2014_Mixed_|EPI_ISL_200265                       4.42%    passed     99.42%
 848  A/duck/Hunan/12.17__YYFQH0072-O/2014_Mixed_|EPI_ISL_200268                         4.42%    passed     99.42%
 849  A/duck/Hunan/12.17__YYGK0066-P/2014_H5N6_|EPI_ISL_198911                           5.07%    passed     98.86%
 850  A/duck/Hunan/12.17_YYGK014/2014_H5N6_|EPI_ISL_198833                               3.16%    passed     98.51%
 851  A/duck/Hunan/12.17_YYGK040/2014_H5N6_|EPI_ISL_198857                               3.16%    passed     98.51%
 852  A/duck/Hunan/12.17_YYGK056/2014_H5N6_|EPI_ISL_198862                               3.16%    passed     99.27%
 853  A/duck/Hunan/12.17_YYGK0056/2014_H5N6_|EPI_ISL_198909                              5.02%    passed     94.31%
 854  A/duck/Hunan/12.17_YYGK0057/2014_H5N6_|EPI_ISL_198863                              3.16%    passed     98.51%
 855  A/duck/Hunan/12.17_YYGK0063-O/2014_H5N6_|EPI_ISL_198908                            4.36%    passed     99.42%
 856  A/duck/Hunan/12.17_YYGK079-1/2014_H5N6_|EPI_ISL_198873                             7.09%    passed     97.67%
 857  A/duck/Hunan/12.17_YYGK082/2014_H5N6_|EPI_ISL_198876                               3.16%    passed     98.95%
 858  A/duck/Hunan/12.27_YYGK60J2-C/2016|EPI_ISL_707506                                  3.16%    passed     97.43%
 859  A/duck/Hunan/12.27_YYGK71J2-O/2016|EPI_ISL_707507                                  4.85%    passed     95.30%
 860  A/duck/Hunan/12.27_YYGK73J2-O/2016|EPI_ISL_707508                                  3.16%    passed     98.47%
 861  A/duck/Hunan/12.27_YYGK81J2-O/2016|EPI_ISL_707510                                  4.85%    passed     93.97%
 862  A/duck/Hunan/12.27_YYGK86J2-C/2016|EPI_ISL_707512                                  3.16%    passed     97.43%
 863  A/duck/Hunan/12.27_YYGK89J2-O/2016|EPI_ISL_707515                                  4.85%    passed     95.30%
 864  A/duck/Hunan/12.27_YYGK91J2-O/2016|EPI_ISL_707516                                  4.85%    passed     95.30%
 865  A/duck/Hunan/12.27_YYGK93J2-O/2016|EPI_ISL_707517                                  4.85%    passed     95.30%
 866  A/duck/Hunan/12.27_YYGK95J2-O/2016|EPI_ISL_707519                                  4.85%    passed     95.30%
 867  A/duck/Hunan/12.27_YYGK96J2-O/2016|EPI_ISL_707520                                  4.85%    passed     95.30%
 868  A/duck/Hunan/12.27_YYGK97J2-O/2016|EPI_ISL_707521                                  4.85%    passed     95.30%
 869  A/duck/Hunan/12.27_YYGK100J2-C/2016|EPI_ISL_707504                                 4.85%    passed     95.30%
 870  A/duck/Hunan/193/2014|EPI_ISL_255492                                               7.09%    passed     98.43%
 871  A/duck/Hunan/233/2014|EPI_ISL_255493                                               7.09%    passed     99.83%
 872  A/duck/Hunan/316/2005|EPI_ISL_181276                                               3.16%    passed     98.97%
 873  A/duck/Hunan/689/2006|EPI_ISL_29174                                                7.09%    passed     98.38%
 874  A/duck/Hunan/3315/2006|EPI_ISL_29188                                               7.09%    passed     99.14%
 875  A/duck/Hunan/HN05/2014|EPI_ISL_255509                                              7.09%    passed     99.08%
 876  A/duck/Hunan/HN13/2015|EPI_ISL_255529                                              7.09%    passed     99.44%
 877  A/duck/Hunan/HN16/2015|EPI_ISL_255530                                              7.09%    passed     99.62%
 878  A/duck/Hunan/HN29/2015|EPI_ISL_255755                                              7.09%    passed     97.00%
 879  A/duck/Hunan/HN42/2015|EPI_ISL_255764                                              7.09%    passed     99.44%
 880  A/duck/Hunan/HN45/2015|EPI_ISL_255765                                              7.09%    passed     95.21%
 881  A/duck/Hunan/HN53/2015|EPI_ISL_255766                                              7.09%    passed     97.85%
 882  A/duck/Hunan/HN54/2015|EPI_ISL_255768                                              7.09%    passed     96.97%
 883  A/duck/Hunan/HN59/2015|EPI_ISL_255769                                              7.09%    passed     95.21%
 884  A/duck/Hunan/HN60/2015|EPI_ISL_255770                                              7.09%    passed     95.21%
 885  A/duck/Hunan/HN61/2015|EPI_ISL_255771                                              7.09%    passed     93.98%
 886  A/duck/Hunan/HN64/2015|EPI_ISL_255772                                              7.09%    passed     96.97%
 887  A/duck/Hunan/HN66/2015|EPI_ISL_255773                                              7.09%    passed     97.48%
 888  A/duck/Hunan/HN67/2015|EPI_ISL_255774                                              7.09%    passed     96.97%
 889  A/duck/Hunan/HN71/2015|EPI_ISL_255775                                              7.09%    passed     99.72%
 890  A/duck/Hunan/HN72/2015|EPI_ISL_255816                                              7.09%    passed     99.62%
 891  A/duck/Hunan/HN74/2015|EPI_ISL_255817                                              7.09%    passed     99.87%
 892  A/duck/Hunan/HN76/2015|EPI_ISL_255818                                              7.09%    passed     99.62%
 893  A/duck/Hunan/HN78/2015|EPI_ISL_255819                                              7.09%    passed     95.21%
 894  A/duck/Hunan/HN80/2015|EPI_ISL_255820                                              7.09%    passed     99.72%
 895  A/duck/Hunan/HN162/2015|EPI_ISL_255534                                             7.09%    passed     99.32%
 896  A/duck/Hunan/HN163/2015|EPI_ISL_255559                                             7.09%    passed     99.79%
 897  A/duck/Hunan/HN167/2015|EPI_ISL_255561                                             7.09%    passed     99.69%
 898  A/duck/Hunan/HN171/2015|EPI_ISL_255562                                             7.09%    passed     99.32%
 899  A/duck/Hunan/HN172/2015|EPI_ISL_255563                                             7.09%    passed     99.71%
 900  A/duck/Hunan/HN174/2015|EPI_ISL_255564                                             7.09%    passed     99.71%
 901  A/duck/Hunan/HN176/2015|EPI_ISL_255587                                             7.09%    passed     99.71%
 902  A/duck/Hunan/HN177/2015|EPI_ISL_255592                                             7.09%    passed     99.61%
 903  A/duck/Hunan/HN178/2015|EPI_ISL_255597                                             7.09%    passed     99.69%
 904  A/duck/Hunan/HN182/2015|EPI_ISL_255599                                             7.09%    passed     99.79%
 905  A/duck/Hunan/HN183/2015|EPI_ISL_255600                                             7.09%    passed     99.71%
 906  A/duck/Hunan/HN186/2015|EPI_ISL_255603                                             7.09%    passed     99.71%
 907  A/duck/Hunan/HN190/2015|EPI_ISL_255605                                             7.09%    passed     99.90%
 908  A/duck/Hunan/HN191/2015|EPI_ISL_255607                                             7.09%    passed     99.79%
 909  A/duck/Hunan/HN192/2015|EPI_ISL_255609                                             7.09%    passed     99.71%
 910  A/duck/Hunan/HN194/2015|EPI_ISL_255610                                             7.09%    passed     99.42%
 911  A/duck/Hunan/HN195/2015|EPI_ISL_255612                                             7.09%    passed     99.34%
 912  A/duck/Hunan/HN197/2015|EPI_ISL_255613                                             7.09%    passed     99.63%
 913  A/duck/Hunan/HN201/2015|EPI_ISL_255614                                             7.09%    passed     99.65%
 914  A/duck/Hunan/HN204/2015|EPI_ISL_255615                                             7.09%    passed     99.79%
 915  A/duck/Hunan/HN205/2015|EPI_ISL_255616                                             7.09%    passed     99.69%
 916  A/duck/Hunan/HN206/2015|EPI_ISL_255617                                             7.09%    passed     99.89%
 917  A/duck/Hunan/HN207/2015|EPI_ISL_255618                                             7.09%    passed     99.70%
 918  A/duck/Hunan/HN208/2015|EPI_ISL_255619                                             7.09%    passed     99.34%
 919  A/duck/Hunan/HN209/2015|EPI_ISL_255620                                             7.09%    passed     99.71%
 920  A/duck/Hunan/HN210/2015|EPI_ISL_255621                                             7.09%    passed     99.65%
 921  A/duck/Hunan/HN212/2015|EPI_ISL_255624                                             7.09%    passed     99.71%
 922  A/duck/Hunan/HN214/2015|EPI_ISL_255689                                             7.09%    passed     97.90%
 923  A/duck/Hunan/HN215/2015|EPI_ISL_255691                                             7.09%    passed     99.71%
 924  A/duck/Hunan/HN216/2015|EPI_ISL_255692                                             7.09%    passed     99.88%
 925  A/duck/Hunan/HN217/2015|EPI_ISL_255694                                             7.09%    passed     99.71%
 926  A/duck/Hunan/HN220/2015|EPI_ISL_255695                                             7.09%    passed     99.86%
 927  A/duck/Hunan/HN221/2015|EPI_ISL_255698                                             7.09%    passed     99.97%
 928  A/duck/Hunan/HN224/2015|EPI_ISL_255699                                             7.09%    passed     99.74%
 929  A/duck/Hunan/HN227/2015|EPI_ISL_255701                                             7.09%    passed     99.97%
 930  A/duck/Hunan/HN230/2015|EPI_ISL_255702                                             7.09%    passed     99.71%
 931  A/duck/Hunan/HN232/2015|EPI_ISL_255890                                             7.09%    passed     94.55%
 932  A/duck/Hunan/HN234/2015|EPI_ISL_255703                                             7.09%    passed     94.55%
 933  A/duck/Hunan/HN236/2015|EPI_ISL_255738                                             7.09%    passed     98.64%
 934  A/duck/Hunan/HN238/2015|EPI_ISL_255741                                             7.09%    passed     99.79%
 935  A/duck/Hunan/HN239/2015|EPI_ISL_255742                                             7.09%    passed     99.87%
 936  A/duck/Hunan/HN240/2015|EPI_ISL_255743                                             7.09%    passed     98.31%
 937  A/duck/Hunan/HN241/2015|EPI_ISL_255744                                             7.09%    passed     99.55%
 938  A/duck/Hunan/HN242/2015|EPI_ISL_255746                                             7.09%    passed     98.83%
 939  A/duck/Hunan/HN278/2015|EPI_ISL_255751                                             7.09%    passed     99.80%
 940  A/duck/Hunan/HN285/2015|EPI_ISL_255752                                             7.09%    passed     98.51%
 941  A/duck/Hunan/HN288/2015|EPI_ISL_255754                                             7.09%    passed     99.05%
 942  A/duck/Hunan/HN333/2015|EPI_ISL_255756                                             7.09%    passed     97.32%
 943  A/duck/Hunan/HN334/2015|EPI_ISL_255757                                             7.09%    passed     96.33%
 944  A/duck/Hunan/HN335/2015|EPI_ISL_255758                                             7.09%    passed     99.79%
 945  A/duck/Hunan/HN336/2015|EPI_ISL_255759                                             7.09%    passed     97.48%
 946  A/duck/Hunan/HN339/2015|EPI_ISL_255760                                             7.09%    passed     96.87%
 947  A/duck/Hunan/HN341/2015|EPI_ISL_255761                                             7.09%    passed     98.44%
 948  A/duck/Hunan/HN342/2015|EPI_ISL_255762                                             7.09%    passed     96.87%
 949  A/duck/Hunan/HN343/2015|EPI_ISL_255763                                             7.09%    passed     98.08%
 950  A/duck/Hunan/S4020/2008|EPI_ISL_206101                                             3.16%    passed     97.75%
 951  A/duck/Hunan/S4030/2011|EPI_ISL_143941                                             7.09%    passed     88.56%
 952  A/duck/Hunan/S4101/2011|EPI_ISL_143942                                             7.74%    passed     26.17%
 953  A/duck/Hunan/S4120/2011|EPI_ISL_143944                                             7.74%    passed     29.46%
 954  A/duck/Hunan/S4150/2011|EPI_ISL_143947                                             7.09%    passed     98.93%
 955  A/duck/Hunan/S4220/2011|EPI_ISL_143948                                             7.09%    passed     97.13%
 956  A/duck/Hunan/S40199/2021_H5N6_|EPI_ISL_11208196                                    7.09%    passed     94.40%
 957  A/duck/Hunan/S40268/2021_H5N6_|EPI_ISL_11208197                                    7.09%    passed     89.35%
 958  A/duck/Jiangsu/m234/2012|EPI_ISL_130380                                            3.16%    passed     99.02%
 959  A/duck/Jiangsu/S4439/2017_H5N1_|EPI_ISL_18513230                                   7.09%    passed     88.94%
 960  A/duck/Jiangsu/SE1128/2018_H5N1_|EPI_ISL_18513231                                  7.09%    passed     90.78%
 961  A/duck/Jiangxi/01.11_NCNP101G2-OC/2017|EPI_ISL_707533                              4.85%    passed     94.75%
 962  A/duck/Jiangxi/01.14_NCJD034-P/2015_Mixed_|EPI_ISL_200238                          7.09%    passed     99.15%
 963  A/duck/Jiangxi/01.14_NCJD054-P/2015_H5N6_|EPI_ISL_199337                           7.09%    passed     99.36%
 964  A/duck/Jiangxi/01.14_NCJD064-P/2015_Mixed_|EPI_ISL_199340                          7.25%    passed     99.17%
 965  A/duck/Jiangxi/02.05_YGYXG038-P/2015_H5N6_|EPI_ISL_199402                          3.16%    passed     96.96%
 966  A/duck/Jiangxi/02.06_NCJD036-P/2015_H5N6_|EPI_ISL_199399                           3.33%    passed     97.33%
 967  A/duck/Jiangxi/02.06_NCJD039-P/2015_H5N6_|EPI_ISL_199398                           7.09%    passed     99.44%
 968  A/duck/Jiangxi/2.28_NCNP25K3-OC/2018|EPI_ISL_707555                                3.33%    passed     97.54%
 969  A/duck/Jiangxi/2.28NCNP23K3-OC/2018|EPI_ISL_707554                                 4.85%    passed     96.21%
 970  A/duck/Jiangxi/03.11_NCHJX-15-06/2015_Mixed_|EPI_ISL_201371                        7.09%    passed     98.98%
 971  A/duck/Jiangxi/04.01__NCDZT0312-O/2015_H5N6_|EPI_ISL_198937                        7.09%    passed     99.93%
 972  A/duck/Jiangxi/04.01__NCDZT0334-P/2015_H5N6_|EPI_ISL_198939                        7.09%    passed     99.93%
 973  A/duck/Jiangxi/04.01_NCDZT0304-O/2015_Mixed_|EPI_ISL_200272                        7.09%    passed     95.71%
 974  A/duck/Jiangxi/05.07__NCJD0067A-P/2015_H5N6_|EPI_ISL_198991                        7.96%    passed     98.97%
 975  A/duck/Jiangxi/5.26_NCDZT80Q2-OC/2017|EPI_ISL_707570                               4.85%    passed     95.80%
 976  A/duck/Jiangxi/11.17_NCNP30Y2-O/2016|EPI_ISL_707543                                3.71%    passed     90.95%
 977  A/duck/Jiangxi/11.17_NCNP48Y2-C/2016|EPI_ISL_707544                                3.71%    passed     90.95%
 978  A/duck/Jiangxi/11.29_NCDZT71H2-O/2016|EPI_ISL_707546                               4.85%    passed     90.37%
 979  A/duck/Jiangxi/11.29_NCNP22D3-OC/2017|EPI_ISL_696686                               7.09%    passed     99.17%
 980  A/duck/Jiangxi/11.29_NCNP39D3-OC/2017|EPI_ISL_696703                               4.85%    passed     94.26%
 981  A/duck/Jiangxi/34/2011|EPI_ISL_369827                                              6.92%    passed     86.70%
 982  A/duck/Jiangxi/35/2011|EPI_ISL_369828                                              6.92%    passed     83.53%
 983  A/duck/Jiangxi/44/2011|EPI_ISL_369829                                              6.92%    passed     82.02%
 984  A/duck/Jiangxi/95/2014|EPI_ISL_161972                                              7.09%    passed     99.63%
 985  A/duck/Jiangxi/120/2011|EPI_ISL_369825                                             6.92%    passed     99.46%
 986  A/duck/Jiangxi/130/2011|EPI_ISL_369826                                             6.92%    passed     95.96%
 987  A/duck/Jiangxi/13469/2014|EPI_ISL_173478                                           7.09%    passed     99.39%
 988  A/duck/Jiangxi/13475/2014|EPI_ISL_173479                                           7.09%    passed     99.07%
 989  A/duck/Jiangxi/13484/2014|EPI_ISL_173480                                           7.09%    passed     99.39%
 990  A/Duck/Jiangxi/50446/2016|EPI_ISL_354556                                           7.25%    passed     99.11%
 991  A/Duck/Jiangxi/50455/2016|EPI_ISL_354553                                           3.16%    passed     88.71%
 992  A/duck/Jiangxi/E7/2014__H5N6_|EPI_ISL_386928                                       3.16%    passed     98.04%
 993  A/duck/Jiangxi/F31/2014_H5N6_|EPI_ISL_386930                                       7.14%    passed     99.29%
 994  A/duck/Jiangxi/NCDZT1123/2014|EPI_ISL_179634                                       3.16%    passed     96.07%
 995  A/duck/Jiangxi/NCDZT1126/2014|EPI_ISL_179635                                       3.16%    passed     97.03%
 996  A/duck/Jiangxi/S10252/2021|EPI_ISL_5260444                                         7.09%    passed     96.96%
 997  A/duck/Jiangxi/S40833/2021_H5N1_|EPI_ISL_12572660                                  7.09%    passed     99.54%
 998  A/duck/Jilin/04.04_SY002-O/2015_Mixed_|EPI_ISL_200384                              5.02%    passed     92.04%
 999  A/duck/Jilin/JL-SIV/2013|EPI_ISL_376086                                            7.09%    passed     78.04%
1000  A/duck/Jilin/S1261/2019_H5N1_|EPI_ISL_18513232                                     7.09%    passed     97.53%
1001  A/duck/Jilin/S4171/2019_H5N1_|EPI_ISL_18513234                                     7.09%    passed     99.20%
1002  A/duck/Kaohsiung/15WB3298-1-5/2015|EPI_ISL_19226372                                3.71%    passed     83.68%
1003  A/duck/Kaohsiung/20WB0242-154/2020|EPI_ISL_19226348                                3.71%    passed     90.68%
1004  A/duck/Kaohsiung/15010213/2015|EPI_ISL_4032424                                     3.22%    passed     99.67%
1005  A/duck/Liaoning/LN/2011|EPI_ISL_290070                                             7.09%    passed     97.16%
1006  A/duck/Nanchang/9789/2013|EPI_ISL_181417                                           3.00%    passed     96.48%
1007  A/duck/Nantou/15A3437/2015|EPI_ISL_4032425                                         3.16%    passed     99.55%
1008  A/duck/Nantou/17A0243/2017|EPI_ISL_4032426                                         3.16%    passed     99.41%
1009  A/duck/Ningxia/YG61/2017|EPI_ISL_505061                                            7.58%    passed     80.18%
1010  A/duck/Ningxia/YG71/2017|EPI_ISL_505062                                            7.09%    passed     93.22%
1011  A/duck/Ningxia/YG83/2017|EPI_ISL_505063                                            7.09%    passed     95.86%
1012  A/duck/Pingtung/17A0160/2017|EPI_ISL_4032435                                       3.00%    passed     99.94%
1013  A/duck/Pingtung/18A00003-11-20T/2018|EPI_ISL_4032436                               3.22%    passed     97.51%
1014  A/duck/Pingtung/18A00076-11-20T/2018|EPI_ISL_4032437                               3.22%    passed     99.89%
1015  A/duck/Pingtung/18X00077/2018|EPI_ISL_4032438                                      3.22%    passed     93.14%
1016  A/duck/Pingtung/15010180/2015|EPI_ISL_4032429                                      3.16%    passed     99.80%
1017  A/duck/Pingtung/15010444/2015|EPI_ISL_4032430                                      3.22%    passed     99.75%
1018  A/duck/Shandong/009/2008|EPI_ISL_95061                                             3.16%    passed     99.31%
1019  A/duck/Shandong/11.14_DL-DKd11/2013_H5N8_|EPI_ISL_199151                           3.16%    passed     96.57%
1020  A/duck/Shandong/11.14_RD/2013_H5N8_|EPI_ISL_199412                                 5.02%    passed     96.17%
1021  A/duck/Shandong/Q1/2013|EPI_ISL_167178                                             7.09%    passed     96.78%
1022  A/duck/Shandong/SD0261/2021|EPI_ISL_18058053                                       7.09%    passed     90.09%
1023  A/duck/Shandong/SD0263/2021|EPI_ISL_18058054                                       7.09%    passed     90.09%
1024  A/Duck/Shandong/Y01/2009|EPI_ISL_169420                                            5.02%    passed     98.07%
1025  A/Duck/Shandong/Y02/2009|EPI_ISL_169421                                            5.02%    passed     96.67%
1026  A/duck/Sichuan/04.27_NBXJ71/2014_H5N6_|EPI_ISL_198868                              7.09%    passed     99.24%
1027  A/duck/Sichuan/04.27_NBXJ79/2014_H5N6_|EPI_ISL_198872                              7.09%    passed     99.14%
1028  A/duck/Sichuan/04.27_NBXJ711/2014_Mixed_|EPI_ISL_200266                            7.09%    passed     98.93%
1029  A/duck/Sichuan/04.27_NBXJ717/2014_H5N6_|EPI_ISL_198866                             7.09%    passed     99.14%
1030  A/duck/Sichuan/04.27_NBXJ720/2014_H5N6_|EPI_ISL_198869                             7.09%    passed     99.27%
1031  A/duck/Sichuan/04.27_NCXJ073/2014_H5N6_|EPI_ISL_198871                             7.09%    passed     99.24%
1032  A/duck/Sichuan/NCXJ15/2014|EPI_ISL_179647                                          7.09%    passed     99.46%
1033  A/duck/Sichuan/NCXJ24/2014|EPI_ISL_179648                                          7.09%    passed     99.14%
1034  A/duck/Sichuan/NCXN10/2014|EPI_ISL_179651                                          7.09%    passed     99.85%
1035  A/duck/Sichuan/NCXN11/2014|EPI_ISL_179652                                          7.09%    passed     99.53%
1036  A/duck/Sichuan/S1805/2021|EPI_ISL_9637826                                          7.09%    passed     93.22%
1037  A/duck/Sichuan/SC4822/2021|EPI_ISL_18058055                                        7.09%    passed     86.05%
1038  A/duck/Sichuan/SC5698/2021|EPI_ISL_18058056                                        7.09%    passed     83.70%
1039  A/duck/Sichuan/SD002/2021|EPI_ISL_9638154                                          7.09%    passed     86.05%
1040  A/duck/Taichung/15010400-1/2015|EPI_ISL_4032439                                    3.22%    passed     99.08%
1041  A/duck/Tainan/16WB3443-156-160/2016|EPI_ISL_19226395                               3.71%    passed     83.68%
1042  A/duck/Tainan/15010403/2015|EPI_ISL_4032440                                        3.22%    passed     99.48%
1043  A/duck/Tainan/16010024-1/2016|EPI_ISL_4032442                                      3.22%    passed     92.71%
1044  A/duck/Taipei/05WB830-1-5-E2/2005|EPI_ISL_19226243                                 3.71%    passed     83.92%
1045  A/duck/Taipei/18WB0120-1-5-E1/2018|EPI_ISL_19226269                                3.71%    passed     90.70%
1046  A/duck/Taipei/19WB0235-14-16/2019|EPI_ISL_19226280                                 3.71%    passed     89.69%
1047  A/duck/Taiwan/01006/2015|EPI_ISL_219878                                            3.16%    passed     99.79%
1048  A/duck/Taiwan/11213/2013|EPI_ISL_158026                                            7.74%    passed     36.17%
1049  A/duck/Taiwan/11254/2013|EPI_ISL_158027                                            7.74%    passed     40.85%
1050  A/duck/Taiwan/a043/2015|EPI_ISL_179024                                             5.51%    passed     99.48%
1051  A/duck/Taiwan/a068/2015|EPI_ISL_179026                                             5.51%    passed     99.82%
1052  A/duck/Taiwan/A3400/2015|EPI_ISL_219874                                            3.00%    passed     99.93%
1053  A/duck/Taiwan/DV1238/2009|EPI_ISL_139237                                           7.58%    passed     86.93%
1054  A/duck/Taiwan/DV1241/2009|EPI_ISL_139236                                           7.58%    passed     90.51%
1055  A/duck/Taiwan/DV1242/2009|EPI_ISL_139231                                           7.58%    passed     88.71%
1056  A/duck/Taoyuan/16010023-1/2016|EPI_ISL_4032443                                     3.22%    passed     99.08%
1057  A/duck/Wuxi/7249/2015|EPI_ISL_277041                                               7.09%    passed     98.14%
1058  A/duck/Xinjiang/12.18_WLMQXL001-C/2016|EPI_ISL_707581                              7.09%    passed     99.82%
1059  A/duck/Xinjiang/S1066/2019_H5N1_|EPI_ISL_18513235                                  7.09%    passed     92.51%
1060  A/duck/Xinjiang/S1126/2019_H5N1_|EPI_ISL_18513236                                  7.09%    passed     93.24%
1061  A/duck/Yilan/17A0092/2017|EPI_ISL_4032444                                          3.16%    passed     99.87%
1062  A/duck/Yunlin/15A5019/2015|EPI_ISL_4032535                                         3.16%    passed     99.93%
1063  A/duck/Yunlin/17A0086/2017|EPI_ISL_4032537                                         3.16%    passed     99.91%
1064  A/duck/Yunlin/17A0686/2017|EPI_ISL_4032538                                         3.16%    passed     99.61%
1065  A/duck/Yunlin/18X00007-3/2018|EPI_ISL_4032542                                      3.22%    passed     98.46%
1066  A/duck/Yunlin/15010244-1/2015|EPI_ISL_4032446                                      3.22%    passed     99.75%
1067  A/duck/Yunlin/15010277/2015|EPI_ISL_4032447                                        3.16%    passed     99.75%
1068  A/duck/Yunlin/15010310-4/2015|EPI_ISL_4032448                                      3.22%    passed     98.87%
1069  A/duck/Yunlin/15010318-2/2015|EPI_ISL_4032449                                      3.22%    passed     99.51%
1070  A/duck/Yunlin/15010369-1/2015|EPI_ISL_4032468                                      3.22%    passed     99.02%
1071  A/duck/Yunlin/15010458-1/2015|EPI_ISL_4032522                                      3.22%    passed     99.87%
1072  A/duck/Yunlin/15070002-2/2015|EPI_ISL_4032532                                      3.22%    passed     99.37%
1073  A/duck/Yunlin/17110001/2017|EPI_ISL_4032536                                        3.16%    passed     99.59%
1074  A/duck/Yunlin/18060007-3/2018|EPI_ISL_4032541                                      3.22%    passed     97.68%
1075  A/duck/Yunnan/03.15_DQWGH005-O/2015_H5N6_|EPI_ISL_198883                           3.16%    passed     96.63%
1076  A/duck/Yunnan/03.16_DQXYL003-O/2015_H5N6_|EPI_ISL_199042                           7.14%    passed     98.90%
1077  A/duck/Yunnan/03.16_DQXYL007-O/2015_Mixed_|EPI_ISL_200278                          7.09%    passed     98.78%
1078  A/duck/Yunnan/03.16_DQXYL022-O/2015_H5N6_|EPI_ISL_199044                           7.09%    passed     99.43%
1079  A/duck/Yunnan/03.16_DQXYL0039-O/2015_H5N6_|EPI_ISL_198882                          7.09%    passed     99.43%
1080  A/duck/Yunnan/07.15_DQNPH124/2015_H5N6_|EPI_ISL_200822                             7.09%    passed     99.27%
1081  A/duck/Yunnan/07.15_DQNPH125/2015_H5N6_|EPI_ISL_200823                             7.09%    passed     98.50%
1082  A/duck/Yunnan/07.15_DQNPH127/2015_H5N6_|EPI_ISL_200824                             7.09%    passed     99.67%
1083  A/duck/Yunnan/07.15_DQNPH129/2015_H5N6_|EPI_ISL_200825                             7.09%    passed     99.67%
1084  A/duck/Yunnan/S4318/2021_H5N6_|EPI_ISL_11208198                                    7.09%    passed     91.18%
1085  A/Duck/Yunnan/YN-2/2016__H5N6_|EPI_ISL_283702                                      7.09%    passed     98.58%
1086  A/Duck/Yunnan/YN-4/2015___H5N6_|EPI_ISL_283704                                     7.09%    passed     88.56%
1087  A/Duck/Yunnan/YN-9/2016___H5N6_|EPI_ISL_283966                                     7.09%    passed     99.50%
1088  A/Duck/Zhanjiang/15577/2015|EPI_ISL_278025                                         7.09%    passed     96.06%
1089  A/duck/Zhejiang/02.28_JHZJ-15-04/2015_Mixed_|EPI_ISL_201373                        3.33%    passed     94.10%
1090  A/duck/Zhejiang/6D18/2013|EPI_ISL_162301                                           7.09%    passed     97.03%
1091  A/duck/Zhejiang/77138/2014|EPI_ISL_203731                                          7.09%    passed     98.86%
1092  A/duck/Zhejiang/727041/2014|EPI_ISL_203732                                         7.09%    passed     98.91%
1093  A/duck/Zhejiang/727158/2014|EPI_ISL_203738                                         7.09%    passed     98.31%
1094  A/duck/Zhejiang/925019/2014|EPI_ISL_203750                                         7.09%    passed     94.59%
1095  A/duck/Zhejiang/925169/2014|EPI_ISL_203751                                         7.09%    passed     95.46%
1096  A/duck/Zhejiang/1026109/2015|EPI_ISL_279178                                        7.09%    passed     94.96%
1097  A/duck/Zhejiang/1220092/2014|EPI_ISL_203728                                        7.09%    passed     94.55%
1098  A/duck/Zhejiang/S4091/2017_H5N1_|EPI_ISL_18513237                                  7.09%    passed     98.28%
1099  A/duck/Zhejiang/S4854/2021_H5N6_|EPI_ISL_11208199                                  7.09%    passed     94.78%
1100  A/duck/Zhejiang/W24/2013|EPI_ISL_162300                                            7.09%    passed     97.20%
1101  A/egret/Jiangsu/SD021/2021|EPI_ISL_5260465                                         7.09%    passed     92.58%
1102  A/Egret/Shangdong/JN529/2023|EPI_ISL_19433139                                      7.09%    passed     97.34%
1103  A/environment/Hunan/HN261/2015|EPI_ISL_255821                                      7.09%    passed     99.72%
1104  A/Environment/Shandong/WS15/2022|EPI_ISL_19433135                                  7.09%    passed     98.68%
1105  A/Environment/Shandong/WS16/2022|EPI_ISL_19433136                                  7.09%    passed     97.34%
1106  A/Environment/Shandong/WS19/2022|EPI_ISL_19433137                                  7.09%    passed     96.47%
1107  A/equine/China/61/2010|EPI_ISL_16837240                                            7.09%    passed     98.16%
1108  A/equine/China/67/2010|EPI_ISL_16837243                                            7.09%    passed     98.73%
1109  A/equine/China/68/2010|EPI_ISL_16837242                                            7.09%    passed     98.79%
1110  A/eurasian_eagle-owl/Henan/SMQ11/2020|EPI_ISL_1939617                              7.09%    passed     89.37%
1111  A/Eurasian_Teal/Hong_Kong/AFCD-HKU-23-14009-01020/2023|EPI_ISL_19258154            3.16%    passed     91.88%
1112  A/Eurasian_Teal/Hong_Kong/AFCD-HKU-23-14383-02001/2023|EPI_ISL_19258151            4.42%    passed     96.21%
1113  A/Eurasian_Wigeon/Hong_Kong/AFCD-HKU-23-14484-01001/2023|EPI_ISL_19258152          5.02%    passed     94.33%
1114  A/Eurasian_Wigeon/Hong_Kong/AFCD-HKU-23-14524-01009/2023|EPI_ISL_19258150          3.16%    passed     93.17%
1115  A/Falcated_Duck/Ningxia/484-29/2015|EPI_ISL_295504                                 7.09%    passed     97.00%
1116  A/Falco_peregrinus/Beijing/1/_2022|EPI_ISL_17414669                                7.09%    passed     94.91%
1117  A/feline/Guangdong/2/2014_H5N6_|EPI_ISL_176841                                     3.16%    passed     99.48%
1118  A/Fujian/1/2005|EPI_ISL_24607                                                      7.09%    passed     98.41%
1119  A/Fujian/1/2007|EPI_ISL_79682                                                      6.49%    passed     99.70%
1120  A/Fujian/1/2024_H5N6_|EPI_ISL_19132453                                             3.33%    passed     81.02%
1121  A/Fujian/2/2024_H5N6_|EPI_ISL_19145644                                             3.33%    passed     72.04%
1122  A/Fujian-Sanyuan/21099/2017_x_PR8__CNIC-21099_|EPI_ISL_341294                      6.98%    passed     94.51%
1123  A/Fujian-Sanyuan/21099/2017|EPI_ISL_304404                                         7.09%    passed     97.20%
1124  A/Gadwall/Ningxia/472-7/2015|EPI_ISL_295503                                        7.09%    passed     96.55%
1125  A/Gallinago_Stenura/Hong_Kong/AFCD-HKU-23-14383-01014/2023|EPI_ISL_19258153        5.02%    passed     95.47%
1126  A/Gallinula_chloropus/Guangdong/GZ174/2014|EPI_ISL_234671                          3.82%    passed     99.09%
1127  A/Goose/_Guangdong_/JG125/2013_H5N6_|EPI_ISL_205961                                7.09%    passed     99.61%
1128  A/Goose/_Guangdong_/SSLBY/2015_H5N6_|EPI_ISL_205966                                7.09%    passed     99.99%
1129  A/Goose/_Guangdong_/SSZYP/2015_H5N6_|EPI_ISL_205967                                7.09%    passed     98.71%
1130  A/goose/Anhui/AH350/2015|EPI_ISL_255822                                            7.09%    passed     99.99%
1131  A/goose/Changhua/15040008/2015|EPI_ISL_4032545                                     3.16%    passed     96.82%
1132  A/goose/Chiayi/15010008-3/2015|EPI_ISL_4032546                                     3.22%    passed     99.51%
1133  A/goose/Chiayi/15010016-1/2015|EPI_ISL_4032547                                     3.22%    passed     99.08%
1134  A/goose/Chiayi/15020022/2015|EPI_ISL_4032548                                       3.16%    passed     99.74%
1135  A/goose/Chiayi/16010017-2/2016|EPI_ISL_4032549                                     3.22%    passed     94.62%
1136  A/goose/Chiayi/16040003-1/2016|EPI_ISL_4032550                                     3.22%    passed     98.37%
1137  A/goose/Chiayi/16040005/2016|EPI_ISL_4032551                                       3.16%    passed     98.78%
1138  A/goose/Chiayi/17020027-1/2017|EPI_ISL_4032553                                     3.22%    passed     99.77%
1139  A/goose/Chiayi/17040014/2017|EPI_ISL_4032554                                       3.16%    passed     99.68%
1140  A/goose/Chiayi/18010006/2018|EPI_ISL_4032555                                       3.22%    passed     99.55%
1141  A/goose/Chiayi/18020014-2/2018|EPI_ISL_4032558                                     3.22%    passed     99.53%
1142  A/goose/China/1/2021|EPI_ISL_17088884                                              5.02%    passed     95.64%
1143  A/goose/China/0701/2018|EPI_ISL_14174306                                           7.25%    passed     94.39%
1144  A/goose/China/1106/2016|EPI_ISL_379682                                             7.09%    passed     96.78%
1145  A/goose/China/E43/2012|EPI_ISL_278505                                              3.00%    passed     84.35%
1146  A/goose/Chongqing/SD003/2021|EPI_ISL_9638156                                       7.09%    passed     91.53%
1147  A/goose/Eastern_China/CZ/2013|EPI_ISL_222134                                       7.09%    passed     96.40%
1148  A/goose/Eastern_China/L1204/2012|EPI_ISL_208831                                    7.09%    passed     96.54%
1149  A/goose/Eastern_China/L1214/2012|EPI_ISL_208830                                    7.09%    passed     99.82%
1150  A/goose/Eastern_China/S0408/2014|EPI_ISL_208840                                    7.09%    passed     97.43%
1151  A/goose/Eastern_China/S0513/2013|EPI_ISL_208833                                    7.09%    passed     99.98%
1152  A/goose/Fujian/3.15_FZHX0001-O/2018|EPI_ISL_696991                                 4.85%    passed     97.21%
1153  A/goose/Fujian/3.15_FZHX0005-C/2018|EPI_ISL_696994                                 4.09%    passed     97.10%
1154  A/goose/Fujian/3.15_FZHX0007-C/2018|EPI_ISL_696995                                 3.33%    passed     98.42%
1155  A/goose/Fujian/3.15_FZHX0008-C/2018|EPI_ISL_707653                                 4.85%    passed     98.93%
1156  A/goose/Fujian/3.15_FZHX0010-O/2018|EPI_ISL_696993                                 4.09%    passed     97.04%
1157  A/goose/Fujian/10.11_FZHX1001-C/2016|EPI_ISL_707641                                7.25%    passed     99.70%
1158  A/goose/Fujian/10.26_FZHX0002-C/2017|EPI_ISL_707643                                7.25%    passed     98.97%
1159  A/goose/Fujian/10.26_FZHX0002-O/2017|EPI_ISL_707644                                7.25%    passed     98.97%
1160  A/goose/Fujian/10.26_FZHX0004-C/2017|EPI_ISL_707645                                7.25%    passed     98.21%
1161  A/goose/Fujian/10.26_FZHX0004-O/2017|EPI_ISL_707646                                7.25%    passed     98.21%
1162  A/goose/Fujian/10.26_FZHX0006-C/2017|EPI_ISL_707647                                7.25%    passed     98.21%
1163  A/goose/Fujian/10.26_FZHX0006-O/2017|EPI_ISL_707648                                7.25%    passed     98.21%
1164  A/goose/Fujian/10.26_FZHX0007-O/2017|EPI_ISL_707649                                7.09%    passed     99.10%
1165  A/goose/Fujian/10.26_FZHX0008-C/2017|EPI_ISL_707650                                7.25%    passed     98.21%
1166  A/goose/Fujian/10.26_FZHX0014-O/2017|EPI_ISL_707651                                7.25%    passed     98.97%
1167  A/goose/Fujian/11.3_FZHX1102-C/2016|EPI_ISL_707652                                 7.09%    passed     99.78%
1168  A/goose/Guangdong/03.27_DGQTSJ180-O/2015_Mixed_|EPI_ISL_200250                     7.09%    passed     99.74%
1169  A/goose/Guangdong/04.22_DGCP117-O/2015_H5N6_|EPI_ISL_199207                        7.09%    passed     99.16%
1170  A/goose/Guangdong/04.22_DGCP118-P/2015_H5N6_|EPI_ISL_199268                        7.09%    passed     99.84%
1171  A/goose/Guangdong/04.22_DGCP120-P/2015_H5N6_|EPI_ISL_199244                        7.09%    passed     99.94%
1172  A/goose/Guangdong/04.22_DGCPLB045-O/2015_H5N6_|EPI_ISL_199260                      7.09%    passed     99.94%
1173  A/goose/Guangdong/04.23_DGQTXC216-O/2015_Mixed_|EPI_ISL_200235                     7.09%    passed     99.65%
1174  A/goose/Guangdong/04.23_DGQTXC216-P/2015_H5N6_|EPI_ISL_199269                      7.09%    passed     99.71%
1175  A/goose/Guangdong/04.23_DGQTXC237-O1/2015_H5N6_|EPI_ISL_199301                     7.09%    passed     97.82%
1176  A/goose/Guangdong/04.23_DGQTXC237-O/2015_Mixed_|EPI_ISL_200242                     7.09%    passed     99.96%
1177  A/goose/Guangdong/7.20_DGCP010-C/2017|EPI_ISL_707658                               3.33%    passed     98.60%
1178  A/goose/Guangdong/k0103/2010|EPI_ISL_139384                                        3.00%    passed     99.47%
1179  A/Goose/Guangdong/PO1707260055/GZH/2017-08-02|EPI_ISL_340852                       3.44%    passed     97.40%
1180  A/goose/Guangdong/QY01/2016|EPI_ISL_272740                                         6.38%    passed     95.31%
1181  A/goose/Guangdong/S230/2021|EPI_ISL_19293707                                       7.25%    passed     95.61%
1182  A/goose/Guangdong/S4751/2021_H5N6_|EPI_ISL_11208200                                7.09%    passed     89.59%
1183  A/goose/Guangdong/s13124/2013|EPI_ISL_201798                                       7.09%    passed     99.84%
1184  A/goose/Guangdong/SH7/2013_H5N1_|EPI_ISL_259927                                    7.09%    passed     99.32%
1185  A/goose/Guangdong/YJD/2014|EPI_ISL_295143                                          7.09%    passed     98.71%
1186  A/goose/Guangxi/S20601/2021|EPI_ISL_5260446                                        7.09%    passed     91.84%
1187  A/goose/Guizhou/S1541/2022_H5N1_|EPI_ISL_12572661                                  7.09%    passed     91.53%
1188  A/goose/Henan/01.01_LYGL001-O/2017|EPI_ISL_707659                                  4.03%    passed     99.66%
1189  A/goose/Henan/S1315/2021|EPI_ISL_5260447                                           7.09%    passed     92.01%
1190  A/goose/Hubei/113/2014|EPI_ISL_255823                                              7.09%    passed     99.87%
1191  A/goose/HuBei/117/2014|EPI_ISL_255824                                              7.09%    passed     99.72%
1192  A/goose/Hunan/81/2014|EPI_ISL_255834                                               7.09%    passed     95.05%
1193  A/goose/Hunan/82/2014|EPI_ISL_255835                                               7.09%    passed     97.88%
1194  A/goose/Hunan/107/2014|EPI_ISL_255825                                              7.09%    passed     99.72%
1195  A/goose/Hunan/109/2014|EPI_ISL_255826                                              7.09%    passed     99.46%
1196  A/goose/Hunan/110/2014|EPI_ISL_255827                                              7.09%    passed     99.79%
1197  A/goose/Hunan/111/2014|EPI_ISL_255828                                              7.09%    passed     99.87%
1198  A/goose/Hunan/115/2014|EPI_ISL_255829                                              7.09%    passed     99.72%
1199  A/goose/Hunan/116/2014|EPI_ISL_255830                                              7.09%    passed     99.87%
1200  A/goose/Hunan/155/2014|EPI_ISL_255831                                              7.09%    passed     99.80%
1201  A/goose/Hunan/159/2014|EPI_ISL_255832                                              7.09%    passed     97.16%
1202  A/goose/Hunan/160/2014|EPI_ISL_255833                                              7.09%    passed     98.80%
1203  A/goose/Hunan/161/2014|EPI_ISL_255388                                              7.09%    passed     98.67%
1204  A/goose/Hunan/HN11/2015|EPI_ISL_255836                                             7.09%    passed     99.69%
1205  A/goose/Hunan/HN22/2015|EPI_ISL_255837                                             7.09%    passed     97.16%
1206  A/goose/Hunan/HN57/2015|EPI_ISL_255847                                             7.09%    passed     98.65%
1207  A/goose/Hunan/HN88/2015|EPI_ISL_255848                                             7.09%    passed     99.72%
1208  A/goose/Hunan/HN90/2015|EPI_ISL_255849                                             7.09%    passed     99.72%
1209  A/goose/Hunan/HN310/2015|EPI_ISL_255838                                            7.09%    passed     94.78%
1210  A/goose/Hunan/HN311/2015|EPI_ISL_255839                                            7.09%    passed     96.66%
1211  A/goose/Hunan/HN314/2015|EPI_ISL_255840                                            7.09%    passed     96.55%
1212  A/goose/Hunan/HN315/2015|EPI_ISL_255841                                            7.09%    passed     96.55%
1213  A/goose/Hunan/HN316/2015|EPI_ISL_255842                                            7.09%    passed     97.76%
1214  A/goose/Hunan/HN317/2015|EPI_ISL_255843                                            7.09%    passed     96.55%
1215  A/goose/Hunan/HN318/2015|EPI_ISL_255844                                            7.09%    passed     96.55%
1216  A/goose/Hunan/HN319/2015|EPI_ISL_255845                                            7.09%    passed     98.47%
1217  A/goose/Hunan/S11288/2021|EPI_ISL_5260448                                          7.09%    passed     93.22%
1218  A/goose/Hunan/SE284/2022_H5N1_|EPI_ISL_12572662                                    7.09%    passed     96.58%
1219  A/goose/Inner_Mongolia/IM-192/2014|EPI_ISL_329599                                  7.09%    passed     99.44%
1220  A/goose/Jiangsu/k0403/2010|EPI_ISL_123950                                          7.09%    passed     97.54%
1221  A/goose/Jiangsu/QD5/2014|EPI_ISL_206490                                            7.09%    passed     96.43%
1222  A/goose/Jiangsu/S1385/2021|EPI_ISL_5260449                                         7.09%    passed     91.32%
1223  A/goose/Jiangxi/01.09_NFJX-15-01/2015_Mixed_|EPI_ISL_201374                        7.09%    passed     99.72%
1224  A/goose/Jilin/04.04_SY003-O/2015_H5N6_|EPI_ISL_198757                              7.09%    passed     98.90%
1225  A/goose/Jilin/S4034/2019_H5N1_|EPI_ISL_18513241                                    7.09%    passed     97.21%
1226  A/goose/Liaoning/S1266/2021|EPI_ISL_5260451                                        7.09%    passed     91.18%
1227  A/goose/Pingtung/15010007-4/2015|EPI_ISL_4032560                                   3.22%    passed     99.75%
1228  A/goose/Pingtung/15010037-1/2015|EPI_ISL_4032561                                   3.22%    passed     99.51%
1229  A/goose/Pingtung/15050014/2015|EPI_ISL_4032562                                     3.16%    passed     99.81%
1230  A/goose/Pingtung/16010061/2016|EPI_ISL_4032563                                     3.16%    passed     99.52%
1231  A/Goose/Qingyuan/16875/2016|EPI_ISL_278027                                         6.87%    passed     97.20%
1232  A/goose/Shandong/01.01_JY-GS/2015_H5N2_|EPI_ISL_199160                             4.96%    passed     98.33%
1233  A/goose/Shandong/01.07_JQ-GS/2015_H5N2_|EPI_ISL_199161                             4.96%    passed     99.03%
1234  A/goose/Shandong/02.16_YG-GS/2015_H5N6_|EPI_ISL_199163                             7.09%    passed     98.17%
1235  A/goose/Shandong/02.26_GD/2015_H5N6_|EPI_ISL_199414                                7.09%    passed     99.52%
1236  A/goose/Shandong/03.10_HZ/2015_H5N1_|EPI_ISL_199411                                5.02%    passed     93.03%
1237  A/goose/Shandong/03.16_JNRe-5/2014_H5N6_|EPI_ISL_199410                            7.09%    passed     99.37%
1238  A/goose/Shandong/04.22_GT/2015_H5N2_|EPI_ISL_199196                                4.96%    passed     98.30%
1239  A/goose/Shandong/05.23_AY-GS/2015_Mixed_|EPI_ISL_200468                            7.09%    passed     96.59%
1240  A/goose/Shandong/05.23_DT-GS/2014_H5N8_|EPI_ISL_199158                             7.09%    passed     97.27%
1241  A/goose/Shandong/06.14_HZ-GS/2014_Mixed_|EPI_ISL_200458                            7.09%    passed     97.48%
1242  A/goose/Shandong/11.02_CQ-GS/2014_H5N6_|EPI_ISL_199153                             7.09%    passed     99.53%
1243  A/goose/Shandong/12.05_YG-GS/2014_H5N6_|EPI_ISL_199155                             3.16%    passed     94.26%
1244  A/goose/Shandong/12.08_YG-GS/2014_H5N8_|EPI_ISL_199156                             5.02%    passed     78.16%
1245  A/Goose/Shandong/21153-3/2021_H5N8_|EPI_ISL_7380500                                7.09%    passed     91.32%
1246  A/goose/Shandong/GD-GS/2014_H5N8_|EPI_ISL_199159                                   3.16%    passed     99.05%
1247  A/goose/Shandong/GS/2013_H5N1_|EPI_ISL_199413                                      5.02%    passed     97.56%
1248  A/goose/Shandong/LQ01694/2013|EPI_ISL_237551                                       7.09%    passed     93.81%
1249  A/goose/Tainan/16040018-1/2016|EPI_ISL_4032566                                     3.22%    passed     99.67%
1250  A/goose/Tainan/16070002/2016|EPI_ISL_4032567                                       3.16%    passed     99.86%
1251  A/goose/Tainan/17030022-1/2017|EPI_ISL_4032568                                     3.22%    passed     99.96%
1252  A/goose/Tainan/17030024-1/2017|EPI_ISL_4032569                                     3.22%    passed     99.99%
1253  A/goose/Tainan/18010022-1/2018|EPI_ISL_4032570                                     3.22%    passed     99.95%
1254  A/goose/Tainan/18050014-1/2018|EPI_ISL_4032571                                     3.22%    passed     99.82%
1255  A/goose/Taiwan/01019/2015|EPI_ISL_219875                                           3.16%    passed     99.83%
1256  A/goose/Taiwan/01022/2015|EPI_ISL_219879                                           3.16%    passed     99.51%
1257  A/goose/Taiwan/01023/2015|EPI_ISL_219880                                           3.16%    passed     99.51%
1258  A/goose/Taiwan/01031/2015|EPI_ISL_219881                                           3.16%    passed     99.80%
1259  A/goose/Taiwan/01038/2015|EPI_ISL_219872                                           3.16%    passed     99.94%
1260  A/goose/Taiwan/01039/2015|EPI_ISL_219877                                           3.16%    passed     99.86%
1261  A/goose/Taiwan/01040/2015|EPI_ISL_219882                                           3.16%    passed     99.79%
1262  A/goose/Taiwan/a015/2015|EPI_ISL_179023                                            5.51%    passed     99.92%
1263  A/goose/Taiwan/TNC1/2015|EPI_ISL_206456                                            7.09%    passed     97.79%
1264  A/goose/Taiwan/TNC3/2015|EPI_ISL_206458                                            7.09%    passed     99.54%
1265  A/goose/Taiwan/TNC4/2015|EPI_ISL_206459                                            7.09%    passed     99.58%
1266  A/goose/Taiwan/TNC9/2015|EPI_ISL_206464                                            7.09%    passed     99.54%
1267  A/goose/Taiwan/TNC10/2015|EPI_ISL_206465                                           7.09%    passed     98.66%
1268  A/goose/Taiwan/TNC12/2015|EPI_ISL_206467                                           7.09%    passed     98.66%
1269  A/goose/Taiwan/TNC14/2015|EPI_ISL_206469                                           7.09%    passed     98.66%
1270  A/goose/Taiwan/TNO3/2015|EPI_ISL_206472                                            7.09%    passed     98.26%
1271  A/goose/Taiwan/TNO9/2015|EPI_ISL_206478                                            7.09%    passed     99.58%
1272  A/goose/Taiwan/TNO15/2015|EPI_ISL_206484                                           7.09%    passed     99.58%
1273  A/goose/Taiwan/TNO17/2015|EPI_ISL_206486                                           7.09%    passed     98.66%
1274  A/goose/Taoyuan/15010041/2015|EPI_ISL_4032572                                      3.16%    passed     99.86%
1275  A/goose/Taoyuan/18120002-2/2018|EPI_ISL_4032573                                    3.22%    passed     99.66%
1276  A/goose/Xinjiang/12.18_WLMQXL001-C/2016|EPI_ISL_707661                             7.09%    passed     93.07%
1277  A/goose/Xinjiang/12.18_WLMQXL002-O/2016|EPI_ISL_707662                             7.09%    passed     93.07%
1278  A/goose/Xinjiang/12.18_WLMQXL003-C/2016|EPI_ISL_707663                             7.09%    passed     99.71%
1279  A/goose/Xinjiang/12.18_WLMQXL003-O/2016|EPI_ISL_707664                             7.09%    passed     99.71%
1280  A/goose/Xinjiang/12.18_WLMQXL004-C/2016|EPI_ISL_707665                             7.09%    passed     99.71%
1281  A/goose/Xinjiang/12.18_WLMQXL004-O/2016|EPI_ISL_707666                             7.09%    passed     99.71%
1282  A/goose/Yangzhou/0420/2014|EPI_ISL_206492                                          7.09%    passed     97.03%
1283  A/goose/Yangzhou/YZ587/2016|EPI_ISL_282394                                         7.09%    passed     99.62%
1284  A/goose/Yunlin/15010005/2015|EPI_ISL_4032574                                       3.16%    passed     99.51%
1285  A/goose/Yunlin/15010009-1/2015|EPI_ISL_4032575                                     3.22%    passed     99.51%
1286  A/goose/Yunlin/15010010-2/2015|EPI_ISL_4032576                                     3.22%    passed     99.46%
1287  A/goose/Yunlin/15010011-1/2015|EPI_ISL_4032577                                     3.22%    passed     99.46%
1288  A/goose/Yunlin/15040040/2015|EPI_ISL_4055115                                       3.16%    passed     99.35%
1289  A/goose/Yunlin/16020008-4/2016|EPI_ISL_4055116                                     3.22%    passed     98.37%
1290  A/goose/Yunlin/16020011-1/2016|EPI_ISL_4055117                                     3.22%    passed     99.25%
1291  A/goose/Yunlin/16040002-2/2016|EPI_ISL_4055119                                     3.22%    passed     98.96%
1292  A/goose/Yunlin/17100005/2017|EPI_ISL_4055120                                       3.16%    passed     98.33%
1293  A/goose/Yunlin/18030020-2/2018|EPI_ISL_4055122                                     3.22%    passed     98.00%
1294  A/goose/Yunlin/18030020-3/2018|EPI_ISL_4055123                                     3.22%    passed     97.33%
1295  A/goose/Yunlin/18040002-3/2018|EPI_ISL_4055124                                     3.22%    passed     99.38%
1296  A/goose/Yunlin/18040018-2/2018|EPI_ISL_4055125                                     3.22%    passed     99.61%
1297  A/goose/Yunlin/18090002-3/2018|EPI_ISL_4055127                                     3.22%    passed     99.79%
1298  A/goose/Yunlin/18090006-1/2018|EPI_ISL_4055128                                     3.22%    passed     90.09%
1299  A/goose/Yunlin/18110002-3/2018|EPI_ISL_4055129                                     3.22%    passed     99.92%
1300  A/goose/Yunnan/07.14_DQWCK119/2015_H5N6_|EPI_ISL_200820                            7.09%    passed     99.62%
1301  A/goose/Yunnan/07.14_DQWCK122/2015_H5N6_|EPI_ISL_200821                            7.09%    passed     99.46%
1302  A/goose/Zhejiang/77166/2014|EPI_ISL_203733                                         7.09%    passed     78.35%
1303  A/goose/Zhejiang/77167/2014|EPI_ISL_203734                                         7.09%    passed     98.26%
1304  A/goose/Zhejiang/77168/2014|EPI_ISL_203735                                         7.09%    passed     97.69%
1305  A/goose/Zhejiang/112071/2014|EPI_ISL_203729                                        7.09%    passed     94.80%
1306  A/goose/Zhejiang/112080/2014|EPI_ISL_203745                                        7.09%    passed     98.17%
1307  A/goose/Zhejiang/727092/2014|EPI_ISL_203739                                        7.09%    passed     99.63%
1308  A/goose/Zhejiang/727098/2014|EPI_ISL_203730                                        7.09%    passed     95.44%
1309  A/goose/Zhejiang/727110/2014|EPI_ISL_203740                                        7.09%    passed     99.64%
1310  A/goose/Zhejiang/925036/2014|EPI_ISL_203741                                        7.09%    passed     99.61%
1311  A/goose/Zhejiang/925037/2014|EPI_ISL_203752                                        7.09%    passed     97.27%
1312  A/goose/Zhejiang/925104/2014|EPI_ISL_203753                                        7.09%    passed     97.27%
1313  A/goose/Zhejiang/925105/2014|EPI_ISL_203742                                        7.09%    passed     97.62%
1314  A/goose/Zhejiang/925106/2014|EPI_ISL_203743                                        7.09%    passed     92.98%
1315  A/goose/Zhejiang/925108/2014|EPI_ISL_203744                                        7.09%    passed     97.62%
1316  A/goose/Zhejiang/1120132/2014|EPI_ISL_203746                                       7.09%    passed     97.73%
1317  A/goose/Zhejiang/S1266/2021|EPI_ISL_5260450                                        7.09%    passed     88.10%
1318  A/Great_black-headed_Gull/Qinghai/YO1/2015_H5N1|EPI_ISL_200999                     5.02%    passed     88.20%
1319  A/Great_Black-headed_Gull/Qinghai/YO1-B/2016|EPI_ISL_224752                        7.09%    passed     97.22%
1320  A/Great_black-headed_Gull/Qinghai/YO6/2015_H5N1|EPI_ISL_201000                     5.02%    passed     84.76%
1321  A/Great_Cormorant/Hubei/chenhu_V2/2015_mixed|EPI_ISL_302495                        3.22%    passed     98.58%
1322  A/Great_Cormorant/Hubei/chenhu_V9/2015|EPI_ISL_302706                              3.16%    passed     97.52%
1323  A/Great_Cormorant/Hubei/chenhu_V10/2015|EPI_ISL_302707                             3.16%    passed     98.57%
1324  A/Great_Cormorant/Hubei/chenhu_V11/2015|EPI_ISL_302708                             3.16%    passed     98.64%
1325  A/Great_Cormorant/Hubei/VI128/2015_H5N1|EPI_ISL_212420                             3.16%    passed     94.06%
1326  A/Great_Cormorant/Hubei/VI132/2015_H5N1|EPI_ISL_212421                             7.09%    passed     92.06%
1327  A/Great_Cormorant/Hubei/VI133/2015_H5N1|EPI_ISL_212422                             7.09%    passed     91.20%
1328  A/Great_Cormorant/Qinghai/a51/2016|EPI_ISL_292326                                  5.02%    passed     96.95%
1329  A/Great_Cormorant/Qinghai/B82/2016|EPI_ISL_292188                                  7.09%    passed     98.70%
1330  A/Great_Cormorant/Qinghai/Y01/2016|EPI_ISL_292185                                  5.02%    passed     96.95%
1331  A/Great_Crested_Grebe/Qinghai/a737/2017|EPI_ISL_292477                             5.51%    passed     85.37%
1332  A/grebe/Ningxia/SD001/2021|EPI_ISL_5260468                                         7.09%    passed     89.37%
1333  A/grebe/Shaanxi/SD001/2021|EPI_ISL_5260467                                         7.09%    passed     92.97%
1334  A/grebe/Shandong/SC184/2021|EPI_ISL_5260466                                        7.09%    passed     87.93%
1335  A/green-winged_teal/Guangdong/SD004/2021|EPI_ISL_5260452                           7.09%    passed     92.97%
1336  A/Guangdong/1/2006|EPI_ISL_79678                                                   6.49%    passed     99.69%
1337  A/Guangdong/1/2008|EPI_ISL_73306                                                   6.49%    passed     97.32%
1338  A/Guangdong/2/2006|EPI_ISL_73299                                                   6.49%    passed     99.69%
1339  A/Guangdong/18SF020/2018-09-30|EPI_ISL_340796                                      6.82%    passed     98.69%
1340  A/Guangdong/12903/2021|EPI_ISL_10792672                                            3.16%    passed     97.26%
1341  A/Guangdong/lgf/2021|EPI_ISL_16208999                                              7.09%    passed     94.89%
1342  A/Guangxi/1/2005|EPI_ISL_24608                                                     7.09%    passed     98.70%
1343  A/Guangxi/1/2005|EPI_ISL_73304                                                     7.09%    passed     98.70%
1344  A/Guangxi/1/2008|EPI_ISL_73305                                                     6.49%    passed     99.80%
1345  A/Guangxi/32797/2018|EPI_ISL_337276                                                3.33%    passed     99.84%
1346  A/Guangxi/55726/2016|EPI_ISL_240704                                                5.78%    passed     87.37%
1347  A/Guangzhou/39715/2014|EPI_ISL_175335                                              7.09%    passed     99.86%
1348  A/Guizhou/1/2009|EPI_ISL_73309                                                     6.49%    passed     97.07%
1349  A/GX-guilin/11151/2021|EPI_ISL_3770740                                             3.22%    passed     94.48%
1350  A/GX-hechi/01/2021|EPI_ISL_3770721                                                 3.38%    passed     97.72%
1351  A/Hangzhou/01/2021|EPI_ISL_7983813                                                 3.16%    passed     96.78%
1352  A/HeFei04171/2024|EPI_ISL_19356984                                                 4.20%    passed     97.46%
1353  A/heron/Kaohsiung/15WB3284-1-5/2015|EPI_ISL_19226439                               3.71%    passed     84.56%
1354  A/heron/Taiwan/17DB0001/2017|EPI_ISL_4055130                                       3.16%    passed     99.41%
1355  A/Herring_Gull/Hubei/CH-i149/2017_H5N8|EPI_ISL_266822                              5.02%    passed     97.92%
1356  A/hill_myna/Heilongjiang/0704/2012|EPI_ISL_162442                                  3.16%    passed     99.06%
1357  A/Hong_Kong/5923/2012|EPI_ISL_121190                                               6.92%    passed     94.72%
1358  A/Hubei/29578/2016_x_PR8___CNIC-HB29578_|EPI_ISL_341293                            6.32%    passed     91.86%
1359  A/Hubei/29578/2016|EPI_ISL_256213                                                  5.89%    passed     92.89%
1360  A/Hunan/1/2006|EPI_ISL_79677                                                       6.49%    passed     99.68%
1361  A/Hunan/1/2008|EPI_ISL_73303                                                       6.49%    passed     91.26%
1362  A/Hunan/2/2009|EPI_ISL_79687                                                       6.49%    passed     98.94%
1363  A/Japanese_white-eye/Taoyuan/Q454/2012|EPI_ISL_154971                              3.16%    passed     98.54%
1364  A/Jiangsu/1/2007|EPI_ISL_79683                                                     6.49%    passed     99.39%
1365  A/Jiangsu/1/2018|EPI_ISL_332400                                                    4.20%    passed     90.43%
1366  A/Jiangsu/1/2018|EPI_ISL_332402                                                    7.25%    passed     98.54%
1367  A/Jiangsu/1/2020__H5N6_|EPI_ISL_718225                                             7.25%    passed     99.24%
1368  A/Jiangsu/1/2020_H5N6_|EPI_ISL_718266                                              3.38%    passed     97.43%
1369  A/Jiangsu/2/2007|EPI_ISL_79684                                                     6.49%    passed     99.39%
1370  A/Jiangsu/JSSZ01/2018|EPI_ISL_368368                                               7.25%    passed     98.54%
1371  A/Jiangxi/1/2005|EPI_ISL_24609                                                     7.09%    passed     98.80%
1372  A/Jiangxi/16791/2022|EPI_ISL_18000337                                              3.16%    passed     99.55%
1373  A/lesser_kestrel/Heilongjiang/194/2007|EPI_ISL_63521                               7.09%    passed     99.06%
1374  A/lion/Hubei/1-2/2016|EPI_ISL_244744                                               5.83%    passed     90.70%
1375  A/Luscinia_cyane/Jiangxi/U2/2016__H5N6_|EPI_ISL_386922                             5.02%    passed     98.53%
1376  A/mallard_duck/Shanghai/SH-9/2013|EPI_ISL_156815                                   7.09%    passed     98.75%
1377  A/mallard/Heilongjiang/HLJ-69/2013|EPI_ISL_378284                                  7.09%    passed     98.57%
1378  A/Mallard/Jiangxi/JXH9/2014__H5N6_|EPI_ISL_386927                                  3.16%    passed     98.64%
1379  A/Mallard/Jiangxi/JXH22/2014__H5N6_|EPI_ISL_386926                                 7.09%    passed     99.00%
1380  A/mallard/Ningxia/175/2020|EPI_ISL_2815374                                         7.09%    passed     98.00%
1381  A/mallard/Ningxia/176/2020|EPI_ISL_2820250                                         7.09%    passed     97.78%
1382  A/mallard/Ningxia/239/2020|EPI_ISL_2820288                                         7.09%    passed     98.28%
1383  A/mallard/Ningxia/241/2020|EPI_ISL_2820465                                         7.09%    passed     98.00%
1384  A/mallard/Ningxia/247/2020|EPI_ISL_2820501                                         7.09%    passed     98.00%
1385  A/mallard/Ningxia/249/2020|EPI_ISL_2820503                                         7.09%    passed     98.28%
1386  A/mandarin_duck/Heilongjiang/HL-1/2021|EPI_ISL_13352712                            7.09%    passed     95.47%
1387  A/mandarin_duck/Henan/426/2021|EPI_ISL_13352728                                    7.09%    passed     93.22%
1388  A/meerkat/Shanghai/SH-1/2012|EPI_ISL_378627                                        7.09%    passed     99.01%
1389  A/migratory_waterfowl/Hubei/Chenhu1306/2014|EPI_ISL_234376                         7.09%    passed     96.53%
1390  A/migratory_waterfowl/Hubei/Chenhu1347/2014|EPI_ISL_234377                         7.09%    passed     96.68%
1391  A/mink/China/181/2019|EPI_ISL_14174436                                             7.25%    passed     96.80%
1392  A/mink/China/183/2019|EPI_ISL_14174437                                             7.25%    passed     91.88%
1393  A/mink/China/191/2019|EPI_ISL_14174476                                             7.25%    passed     89.76%
1394  A/mink/China/456/2018|EPI_ISL_14174522                                             7.25%    passed     99.76%
1395  A/mink/China/G/2015|EPI_ISL_243347                                                 6.92%    passed     87.94%
1396  A/mink/China/XB/2015|EPI_ISL_243348                                                7.09%    passed     94.91%
1397  A/mink/Eastern_China/006/2018|EPI_ISL_502201                                       7.25%    passed     99.43%
1398  A/mink/Eastern_China/149/2018|EPI_ISL_502204                                       7.25%    passed     99.26%
1399  A/mink/Eastern_China/528/2018|EPI_ISL_502205                                       7.25%    passed     99.57%
1400  A/mink/Eastern_China/571/2018|EPI_ISL_502208                                       7.25%    passed     98.48%
1401  A/mink/Eastern_China/0712/2018|EPI_ISL_502207                                      7.25%    passed     94.34%
1402  A/mink/Northern_China/110/2018|EPI_ISL_502203                                      7.09%    passed     99.82%
1403  A/Muscovy_duck/China/FJFZ21/H5N6/2020|EPI_ISL_833248                               7.25%    passed     97.77%
1404  A/Muscovy_duck/China/H5N6/2020|EPI_ISL_4071932                                     7.25%    passed     97.77%
1405  A/muscovy/duck/Hunan/85/2014|EPI_ISL_255866                                        7.09%    passed     97.99%
1406  A/muscovy/duck/Hunan/88/2014|EPI_ISL_255867                                        7.09%    passed     98.80%
1407  A/muscovy/duck/Hunan/89/2014|EPI_ISL_255868                                        7.09%    passed     98.09%
1408  A/muscovy/duck/Hunan/90/2014|EPI_ISL_255869                                        7.09%    passed     98.78%
1409  A/muscovy/duck/Hunan/93/2014|EPI_ISL_255870                                        7.09%    passed     98.80%
1410  A/muscovy/duck/Hunan/94/2014|EPI_ISL_255871                                        7.09%    passed     98.31%
1411  A/muscovy/duck/Hunan/101/2014|EPI_ISL_255851                                       7.09%    passed     99.83%
1412  A/muscovy/duck/Hunan/102/2014|EPI_ISL_255852                                       7.09%    passed     99.83%
1413  A/muscovy/duck/Hunan/103/2014|EPI_ISL_255853                                       7.09%    passed     99.83%
1414  A/muscovy/duck/Hunan/104/2014|EPI_ISL_255854                                       7.09%    passed     99.83%
1415  A/muscovy/duck/Hunan/125/2014|EPI_ISL_255857                                       7.09%    passed     99.79%
1416  A/muscovy/duck/Hunan/147/2014|EPI_ISL_255858                                       7.09%    passed     99.72%
1417  A/muscovy/duck/Hunan/148/2014|EPI_ISL_255859                                       7.09%    passed     99.81%
1418  A/muscovy/duck/Hunan/167/2014|EPI_ISL_255860                                       7.09%    passed     99.70%
1419  A/muscovy/duck/Hunan/183/2014|EPI_ISL_255861                                       7.09%    passed     97.12%
1420  A/muscovy/duck/Hunan/216/2014|EPI_ISL_255863                                       7.09%    passed     99.93%
1421  A/muscovy/duck/Hunan/229/2014|EPI_ISL_255864                                       7.09%    passed     99.62%
1422  A/muscovy/duck/Hunan/232/2014|EPI_ISL_255865                                       7.09%    passed     97.91%
1423  A/muscovy/duck/Hunan/HN346/2015|EPI_ISL_255872                                     7.09%    passed     95.83%
1424  A/muscovy/duck/Hunan/HN347/2015|EPI_ISL_255873                                     7.09%    passed     96.99%
1425  A/muscovy/duck/Hunan/HN348/2015|EPI_ISL_255874                                     7.09%    passed     96.87%
1426  A/muscovy/duck/Hunan/HN349/2015|EPI_ISL_255875                                     7.09%    passed     97.90%
1427  A/muscovy/duck/Hunan/HN351/2015|EPI_ISL_255877                                     7.09%    passed     95.76%
1428  A/muscovy/duck/Hunan/HN352/2015|EPI_ISL_255878                                     7.09%    passed     97.48%
1429  A/muscovy/duck/Hunan/HN353/2015|EPI_ISL_255879                                     7.09%    passed     95.47%
1430  A/muscovy/duck/Hunan/HN354/2015|EPI_ISL_255880                                     7.09%    passed     96.29%
1431  A/muscovy/duck/Hunan/HN355/2015|EPI_ISL_255881                                     7.09%    passed     96.29%
1432  A/muscovy/duck/Hunan/HN356/2015|EPI_ISL_255882                                     7.09%    passed     95.04%
1433  A/muscovy/duck/Hunan/HN358/2015|EPI_ISL_255883                                     7.09%    passed     96.29%
1434  A/muscovy/duck/Hunan/HN359/2015|EPI_ISL_255884                                     7.09%    passed     97.48%
1435  A/muscovy/duck/Hunan/HN360/2015|EPI_ISL_255885                                     7.09%    passed     96.29%
1436  A/muscovy/duck/Hunan/HN364/2015|EPI_ISL_255886                                     7.09%    passed     92.50%
1437  A/muscovy/duck/Hunan/HN365/2015|EPI_ISL_255887                                     7.09%    passed     95.76%
1438  A/muscovy/duck/Hunan/HN366/2015|EPI_ISL_255888                                     7.09%    passed     95.61%
1439  A/muscovy/duck/Hunan/HN368/2015|EPI_ISL_255889                                     7.09%    passed     96.29%
1440  A/mute_swan/Inner_Mongolia/w2-1/2020|EPI_ISL_625672                                7.09%    passed     87.23%
1441  A/mute_swan/Shandong/1/2021|EPI_ISL_5260453                                        7.09%    passed     89.08%
1442  A/Nanjing/1/2015|EPI_ISL_379574                                                    7.09%    passed     86.79%
1443  A/Northern_Pintail/HK/MP692/2016|EPI_ISL_885147                                    6.92%    passed     99.18%
1444  A/oriental_magpie_robin/HK/6154/2015|EPI_ISL_278041                                5.94%    passed     99.47%
1445  A/ostrich/Suzhou/097/2003|EPI_ISL_89462                                            6.92%    passed     97.02%
1446  A/parrot/Guangdong/258/2004|EPI_ISL_124534                                         3.65%    passed     99.09%
1447  A/parrot/Guangdong/C99/2005|EPI_ISL_124331                                         3.00%    passed     99.81%
1448  A/Pavo_cristatus/China/JS02/2018|EPI_ISL_370414                                    3.33%    passed     98.33%
1449  A/Pavo_cristatus/China/K10/2018|EPI_ISL_370416                                     3.33%    passed     98.33%
1450  A/Pavo_cristatus/Jiangxi/JA1/2016|EPI_ISL_257657                                   3.33%    passed     97.23%
1451  A/peacock/Yunnan/1/2015|EPI_ISL_221724                                             6.60%    passed     93.35%
1452  A/peacock/Yunnan/3/2015|EPI_ISL_221725                                             6.60%    passed     92.92%
1453  A/Peregrine_Falcon/Hong_Kong/AFCD-HKU-21-013-27/2021|EPI_ISL_19258149              3.38%    passed     94.15%
1454  A/Phalacrocorax/Hubei/01.09_V5/2015_H5N6_|EPI_ISL_199062                           3.16%    passed     98.64%
1455  A/Phalacrocorax/Hubei/01.09_V7/2015_H5N6_|EPI_ISL_199063                           3.16%    passed     98.64%
1456  A/pheasant/Hebei/B02/2021|EPI_ISL_18012466                                         7.09%    passed     88.41%
1457  A/pigeon/Fujian/1.17_FZHX0104-O/2017|EPI_ISL_707676                                7.25%    passed     99.70%
1458  A/pigeon/Guangdong/04.15_SZBAXQ004/2015_H5N6_|EPI_ISL_199456                       7.09%    passed     96.21%
1459  A/pigeon/Guangdong/04.16_SZLGWL006/2015_H5N6_|EPI_ISL_199465                       3.16%    passed     98.19%
1460  A/pigeon/Guangdong/04.23_DGQTXC197-O/2015_H5N6_|EPI_ISL_199296                     7.09%    passed     98.61%
1461  A/pigeon/Hainan/1.14_HKPL006-C/2018|EPI_ISL_696843                                 4.85%    passed     94.37%
1462  A/pigeon/Hubei/RP25/2012|EPI_ISL_198176                                            7.09%    passed     94.04%
1463  A/Pigeon/Hunan/04.14_YYXS0912-O/2015_Mixed_|EPI_ISL_200289                         6.32%    passed    100.00%
1464  A/pigeon/Jiangsu/12.22_TCCX053-P/2014_Mixed_|EPI_ISL_200523                        5.02%    passed     95.23%
1465  A/Pigeon/Jiangxi/02.10__NCDZT0017-P/2015_H5N6_|EPI_ISL_198799                      7.25%    passed     99.76%
1466  A/Pigeon/Jiangxi/04.01__NCDZT0352-O/2015_H5N6_|EPI_ISL_198967                      7.09%    passed     99.42%
1467  A/pigeon/Jiangxi/S40784/2021_H5N1_|EPI_ISL_12572663                                7.09%    passed     99.54%
1468  A/pigeon/Jilin/04.25_CCHL018-O/2015_H5N6_|EPI_ISL_198849                           7.09%    passed     94.66%
1469  A/pigeon/Jilin/04.25_CCHL019-O/2015_H5N1_|EPI_ISL_198892                           5.02%    passed     95.84%
1470  A/pigeon/Jilin/S4176/2019_H5N1_|EPI_ISL_18513242                                   7.09%    passed     99.59%
1471  A/Pigeon/Shandong/WS17/2022|EPI_ISL_19432673                                       7.09%    passed     97.20%
1472  A/pigeon/Sichuan/04.27_NBXJ743/2014_H5N6_|EPI_ISL_198893                           7.09%    passed     99.24%
1473  A/pigeon/Sichuan/NCXN29/2014|EPI_ISL_179653                                        7.09%    passed     99.68%
1474  A/pigeon/Zhejiang/112089/2014|EPI_ISL_203755                                       7.09%    passed     95.58%
1475  A/pigeon/Zhejiang/112090/2014|EPI_ISL_203756                                       7.09%    passed     92.10%
1476  A/pigeon/Zhejiang/727097/2014|EPI_ISL_203754                                       7.09%    passed     95.44%
1477  A/plateau_pika/Qinghai/04/2007|EPI_ISL_63586                                       3.00%    passed     92.32%
1478  A/Quail/Guangxi/GX-2/2017___H5N6_|EPI_ISL_283971                                   7.25%    passed     99.69%
1479  A/quail/Jiangsu/k0104/2010|EPI_ISL_139386                                          2.51%    passed     99.65%
1480  A/quail/Jiangxi/B9/2015__H5N6_|EPI_ISL_386925                                      7.09%    passed     89.40%
1481  A/quail/Nanchang/6631/2013|EPI_ISL_181416                                          3.00%    passed     95.83%
1482  A/Quail/Zhanjiang/16887/2016|EPI_ISL_278031                                        7.09%    passed     99.84%
1483  A/Quanzhou/2/2024|EPI_ISL_19661712                                                 7.25%    passed     81.08%
1484  A/Shandong/1/2009|EPI_ISL_73312                                                    6.49%    passed     99.47%
1485  A/Shenzhen/1/2015|EPI_ISL_205313                                                   7.25%    passed     99.41%
1486  A/Shenzhen/1/2016|EPI_ISL_206036                                                   3.33%    passed     94.77%
1487  A/Shenzhen/TH001/2015__H5N6_|EPI_ISL_205503                                        3.33%    passed     96.39%
1488  A/Shenzhen/TH003/2016_H5N6_|EPI_ISL_207048                                         7.25%    passed     99.27%
1489  A/Shoveller/Ningxia/488-53/2015|EPI_ISL_295521                                     7.09%    passed     97.60%
1490  A/Sichuan/1/2006|EPI_ISL_24604                                                     7.09%    passed     99.71%
1491  A/Sichuan/2/2006|EPI_ISL_24605                                                     7.09%    passed     98.66%
1492  A/Sichuan/26221/2014|EPI_ISL_163493                                                7.09%    passed     97.60%
1493  A/silkie_chicken/Dongguan/2809/2013|EPI_ISL_182065                                 7.09%    passed     99.87%
1494  A/Spatula_querquedula/Chongming/H5N1_1/2024|EPI_ISL_19890773                       7.09%    passed     97.96%
1495  A/Spoonbill/HK/17-18259/2017|EPI_ISL_885145                                        7.09%    passed     94.75%
1496  A/spoonbill/Taiwan/DB645/2017|EPI_ISL_287800                                       5.51%    passed     97.39%
1497  A/spot_billed_duck/Ningxia/YG87/2017|EPI_ISL_505064                                7.09%    passed     97.20%
1498  A/spot-billed_duck/Ningxia/YG93/2017|EPI_ISL_505065                                7.09%    passed     92.84%
1499  A/Streptopelia_decaocto/Jiangxi/E1/2015_H5N6_|EPI_ISL_386923                       5.02%    passed     93.86%
1500  A/Streptopelia_decaocto/Jiangxi/G6/2016_H5N6_|EPI_ISL_364289                       3.16%    passed     96.84%
1501  A/Streptopelia_decaocto/Jiangxi/J8/2015__H5N6_|EPI_ISL_386924                      3.38%    passed     98.61%
1502  A/swan_goose/Jilin/JL01/2014|EPI_ISL_177762                                        7.09%    passed     98.43%
1503  A/swan/China/ST/2016|EPI_ISL_503037                                                7.09%    passed     97.38%
1504  A/swan/Hebei/B01/2021|EPI_ISL_18012465                                             7.09%    passed     96.66%
1505  A/swan/Shandong/W3762/2020|EPI_ISL_14770166                                        7.09%    passed     99.57%
1506  A/swine/China/RZ/2018|EPI_ISL_14174523                                             7.25%    passed     93.13%
1507  A/swine/Guangdong/1/2014|EPI_ISL_196100                                            7.09%    passed     99.08%
1508  A/swine/Guangdong/2/2014|EPI_ISL_196101                                            7.09%    passed     99.43%
1509  A/swine/Guangdong/G3/2015|EPI_ISL_266596                                           7.09%    passed     98.49%
1510  A/swine/Shandong/SD1/2014|EPI_ISL_226073                                           6.92%    passed     95.66%
1511  A/Syrrhaptes_paradoxus/Guangdong/ZH283/2015|EPI_ISL_234679                         7.09%    passed     97.88%
1512  A/Taiwan/DV413/2006|EPI_ISL_175337                                                 4.74%    passed     14.45%
1513  A/Taiwan/DV518/2006|EPI_ISL_175338                                                 5.02%    passed     14.09%
1514  A/thrush/Taiwan/15120021/2015|EPI_ISL_4055131                                      3.16%    passed     99.80%
1515  A/tiger/Yunnan/tig1404/2014|EPI_ISL_221723                                         4.47%    passed     93.35%
1516  A/tiger/Yunnan/tig1412/2014|EPI_ISL_221726                                         6.92%    passed     94.61%
1517  A/tiger/Yunnan/tig1508/2015|EPI_ISL_221722                                         5.73%    passed     99.05%
1518  A/tundra_swan/Fujian/SD121/2023_H5N1_|EPI_ISL_19616578                             7.09%    passed     90.07%
1519  A/tundra_swan/Hubei/BQ3/2020|EPI_ISL_2685846                                       7.09%    passed     94.32%
1520  A/tundra_swan/Hubei/BQ4/2020|EPI_ISL_2685847                                       7.09%    passed     91.16%
1521  A/tundra_swan/Hubei/BQ6/2020|EPI_ISL_2685848                                       7.09%    passed     91.31%
1522  A/tundra_swan/Hubei/BQ7/2020|EPI_ISL_2685900                                       7.09%    passed     89.59%
1523  A/tundra_swan/Hubei/BQ8/2020|EPI_ISL_2685947                                       7.09%    passed     91.20%
1524  A/tundra_swan/Hubei/BQ9/2020|EPI_ISL_2713170                                       7.09%    passed     92.58%
1525  A/turkey/Changhua/16010011-1/2016|EPI_ISL_4055132                                  3.22%    passed     99.25%
1526  A/turkey/Chiayi/17020092-2/2017|EPI_ISL_4055135                                    3.22%    passed     99.46%
1527  A/turkey/Chiayi/18010013-3/2018|EPI_ISL_4055136                                    3.22%    passed     99.98%
1528  A/turkey/Yunlin/15060049-1/2015|EPI_ISL_4055138                                    3.22%    passed     99.51%
1529  A/turkey/Yunlin/18020020-2/2018|EPI_ISL_4055139                                    3.22%    passed     99.96%
1530  A/turkey/Yunlin/18110001-3/2018|EPI_ISL_4055142                                    3.22%    passed     99.18%
1531  A/turkey/Yunlin/18120005-2/2018|EPI_ISL_4055143                                    3.22%    passed     99.18%
1532  A/turtle_dove/Guangdong/300/2005|EPI_ISL_222486                                    3.16%    passed     99.03%
1533  A/turtle_dove/Hunan/S4004/2020_H5N1_|EPI_ISL_18513243                              7.09%    passed     94.91%
1534  A/Waterfowl/Hubei/Chenhu1306/2014_H5N6|EPI_ISL_217939                              7.09%    passed     96.53%
1535  A/Waterfowl/Hubei/Chenhu1347/2014_H5N6|EPI_ISL_217940                              7.09%    passed     96.68%
1536  A/whiskered_tern/Hubei/BQ10/2020|EPI_ISL_2713314                                   7.09%    passed     91.31%
1537  A/white_naped_crane/China/YA3/2018|EPI_ISL_505356                                  3.38%    passed     98.12%
1538  A/White-eyed_Pochard/Ningxia/480-17/2015|EPI_ISL_297327                            7.09%    passed     97.00%
1539  A/whooper_swan/Henan/8/2021|EPI_ISL_13352718                                       7.09%    passed     91.64%
1540  A/whooper_swan/Henan/14/2021|EPI_ISL_13352726                                      7.09%    passed     93.23%
1541  A/whooper_swan/Henan/44/2021|EPI_ISL_13352720                                      7.09%    passed     93.23%
1542  A/whooper_swan/Henan/45/2021|EPI_ISL_13352721                                      7.09%    passed     93.23%
1543  A/whooper_swan/Henan/46/2021|EPI_ISL_13352722                                      7.09%    passed     93.22%
1544  A/whooper_swan/Henan/424/2021|EPI_ISL_13352723                                     7.09%    passed     93.22%
1545  A/whooper_swan/Henan/SM1/2020|EPI_ISL_1937884                                      7.09%    passed     91.20%
1546  A/whooper_swan/Henan/SM16/2020|EPI_ISL_1937889                                     7.09%    passed     92.01%
1547  A/whooper_swan/Henan/SM31/2020|EPI_ISL_1937890                                     7.09%    passed     91.24%
1548  A/whooper_swan/Henan/SM61/2020|EPI_ISL_1937891                                     7.09%    passed     89.59%
1549  A/whooper_swan/Henan/SM76/2020|EPI_ISL_1937892                                     7.09%    passed     89.59%
1550  A/whooper_swan/Henan/SM86/2020|EPI_ISL_1938307                                     7.09%    passed     93.60%
1551  A/whooper_swan/Henan/SM111/2020|EPI_ISL_1938309                                    7.09%    passed     89.59%
1552  A/whooper_swan/Henan/SMQ5/2020|EPI_ISL_1829205                                     7.09%    passed     92.72%
1553  A/whooper_swan/Henan/SMQ7/2020|EPI_ISL_1937883                                     7.09%    passed     92.58%
1554  A/whooper_swan/Henan/SMQ9/2020|EPI_ISL_1938478                                     7.09%    passed     89.37%
1555  A/whooper_swan/Henan/SMQ10/2020|EPI_ISL_1939080                                    7.09%    passed     90.80%
1556  A/whooper_swan/Henan/SMX1/2015_H5N1_|EPI_ISL_171121                                7.09%    passed     91.59%
1557  A/whooper_swan/Henan/SMX3/2015_H5N1_|EPI_ISL_171141                                7.09%    passed     94.50%
1558  A/whooper_swan/Henan/SMX4/2015_H5N1_|EPI_ISL_171165                                7.09%    passed     90.78%
1559  A/whooper_swan/Henan/SMX9/2015_H5N1_|EPI_ISL_171186                                7.09%    passed     94.50%
1560  A/whooper_swan/Henan/T578/2019|EPI_ISL_3161955                                     7.58%    passed     94.24%
1561  A/whooper_swan/Henan/T874/2018|EPI_ISL_3204257                                     7.58%    passed     94.24%
1562  A/whooper_swan/Henan/T880/2018|EPI_ISL_3205004                                     7.58%    passed     94.24%
1563  A/whooper_swan/Henan/T886/2018|EPI_ISL_3221222                                     7.58%    passed     94.24%
1564  A/whooper_swan/Henan/T888/2018|EPI_ISL_3226331                                     7.58%    passed     94.24%
1565  A/whooper_swan/Henan/Y120/2018|EPI_ISL_3228312                                     7.58%    passed     94.24%
1566  A/whooper_swan/Inner_Mongolia/w1-1/2020|EPI_ISL_625671                             7.09%    passed     89.59%
1567  A/Whooper_Swan/Sanmenxia/01/2016|EPI_ISL_378634                                    3.16%    passed     99.55%
1568  A/Whooper_swan/Sanmenxia/G2/2020|EPI_ISL_14823425                                  5.02%    passed     96.14%
1569  A/Whooper_swan/Sanmenxia/G13/2020|EPI_ISL_14823812                                 5.02%    passed     96.14%
1570  A/Whooper_swan/Sanmenxia/G15/2020|EPI_ISL_14824026                                 5.02%    passed     96.35%
1571  A/Whooper_swan/Sanmenxia/G28/2020|EPI_ISL_14836079                                 5.02%    passed     96.14%
1572  A/Whooper_swan/Sanmenxia/H1/2020|EPI_ISL_14835960                                  5.02%    passed     96.14%
1573  A/Whooper_swan/Sanmenxia/H735/2020|EPI_ISL_14835964                                4.69%    passed     95.17%
1574  A/Whooper_swan/Sanmenxia/H810/2020|EPI_ISL_14835965                                5.02%    passed     94.91%
1575  A/Whooper_swan/Sanmenxia/Y10/2020|EPI_ISL_14823646                                 5.02%    passed     96.14%
1576  A/Whooper_swan/Sanmenxia/Y11/2020|EPI_ISL_14823672                                 5.02%    passed     96.75%
1577  A/Whooper_swan/Sanmenxia/Y12/2020|EPI_ISL_14823811                                 4.69%    passed     96.17%
1578  A/Whooper_swan/Sanmenxia/Y15/2020|EPI_ISL_14824091                                 5.02%    passed     96.35%
1579  A/Whooper_swan/Sanmenxia/Y18/2020|EPI_ISL_14835974                                 5.02%    passed     96.14%
1580  A/Whooper_swan/Sanmenxia/Y19/2020|EPI_ISL_14836024                                 5.02%    passed     96.11%
1581  A/Whooper_swan/Sanmenxia/Y20/2020|EPI_ISL_14836025                                 5.02%    passed     97.52%
1582  A/Whooper_swan/Sanmenxia/Y21/2020|EPI_ISL_14836026                                 5.02%    passed     96.14%
1583  A/Whooper_swan/Sanmenxia/Y23-2/2020|EPI_ISL_14836077                               5.02%    passed     97.19%
1584  A/Whooper_swan/Sanmenxia/Y27/2020|EPI_ISL_14836082                                 5.02%    passed     96.11%
1585  A/Whooper_swan/Sanmenxia/Y36/2020|EPI_ISL_14836086                                 4.96%    passed     97.53%
1586  A/Whooper_swan/Sanmenxia/Y48A/2020|EPI_ISL_14836088                                5.02%    passed     96.83%
1587  A/Whooper_swan/Sanmenxia/Y48B/2020|EPI_ISL_14836369                                5.02%    passed     97.19%
1588  A/Whooper_swan/Sanmenxia/Y52/2020|EPI_ISL_14824122                                 5.02%    passed     96.35%
1589  A/Whooper_swan/Sanmenxia/Y56/2020|EPI_ISL_14835976                                 5.02%    passed     92.84%
1590  A/Whooper_swan/Sanmenxia/Y57/2020|EPI_ISL_14836101                                 5.02%    passed     96.14%
1591  A/whooper_swan/Shaanxi/SXY2-1/2020|EPI_ISL_1760450                                 7.09%    passed     90.80%
1592  A/whooper_swan/Shaanxi/SXY26/2020|EPI_ISL_1760446                                  7.09%    passed     91.20%
1593  A/whooper_swan/Shaanxi/SXY66/2020|EPI_ISL_1760447                                  7.09%    passed     91.20%
1594  A/whooper_swan/Shandong/SC176/2021|EPI_ISL_5260455                                 7.09%    passed     90.68%
1595  A/whooper_swan/Shandong/SC185/2021|EPI_ISL_5260456                                 7.09%    passed     90.80%
1596  A/whooper_swan/Shandong/SC188/2021|EPI_ISL_5260461                                 7.09%    passed     89.37%
1597  A/whooper_swan/Shandong/SC195/2021|EPI_ISL_5260457                                 7.09%    passed     99.30%
1598  A/whooper_swan/Shandong/SC198/2021|EPI_ISL_5260458                                 7.09%    passed     87.72%
1599  A/whooper_swan/Shandong/SC199/2021|EPI_ISL_5260459                                 7.09%    passed     87.23%
1600  A/whooper_swan/Shandong/SC200/2021|EPI_ISL_5260460                                 7.09%    passed     87.72%
1601  A/whooper_swan/Shanxi/4-1/2020|EPI_ISL_5260462                                     7.09%    passed     91.32%
1602  A/whooper_swan/Shanxi/4-2/2020|EPI_ISL_5260463                                     7.09%    passed     91.32%
1603  A/whooper_swan/Shanxi/14/2021|EPI_ISL_13352717                                     7.09%    passed     93.23%
1604  A/whooper_swan/Shanxi/20/2021|EPI_ISL_13352704                                     7.09%    passed     93.23%
1605  A/whooper_swan/Shanxi/RC01/2016|EPI_ISL_378362                                     3.16%    passed     98.43%
1606  A/whooper_swan/Shanxi/SX16/2020|EPI_ISL_1760451                                    7.09%    passed     85.32%
1607  A/whooper_swan/Shanxi/SX31/2020|EPI_ISL_1760452                                    7.09%    passed     88.10%
1608  A/whooper_swan/Shanxi/SX56/2020|EPI_ISL_1760453                                    7.09%    passed     85.32%
1609  A/whooper_swan/Shanxi/SX106/2020|EPI_ISL_1760454                                   7.09%    passed     89.83%
1610  A/whooper_swan/Shanxi/SX116/2020|EPI_ISL_1760455                                   7.09%    passed     98.00%
1611  A/whooper_swan/Shanxi/SX166/2020|EPI_ISL_1822592                                   7.09%    passed     92.72%
1612  A/whooper_swan/Shanxi/SX206/2020|EPI_ISL_1822593                                   7.09%    passed     91.20%
1613  A/whooper_swan/Shanxi/SX216/2020|EPI_ISL_1822594                                   7.09%    passed     92.58%
1614  A/whooper_swan/Shanxi/SX231/2020|EPI_ISL_1822595                                   7.09%    passed     92.00%
1615  A/whooper_swan/Shanxi/SX251/2020|EPI_ISL_1822596                                   7.09%    passed     91.20%
1616  A/whooper_swan/Shanxi/SX276/2020|EPI_ISL_1822597                                   7.09%    passed     92.58%
1617  A/whooper_swan/Shanxi/SX291/2020|EPI_ISL_1822598                                   7.09%    passed     92.58%
1618  A/whooper_swan/Shanxi/SX346/2020|EPI_ISL_1822599                                   7.09%    passed     92.58%
1619  A/Wigeon/Ningxia/476-12/2015|EPI_ISL_295498                                        7.09%    passed     96.55%
1620  A/wild_bird/Eastern_China/1754/2017|EPI_ISL_378249                                 7.58%    passed     92.74%
1621  A/wild_bird/Eastern_China/1758/2017|EPI_ISL_378250                                 7.58%    passed     91.36%
1622  A/wild_bird/Eastern_China/1759/2017|EPI_ISL_378251                                 7.58%    passed     91.57%
1623  A/wild_bird/Hubei/12.12_LGHF2W44/2016_H5N8_|EPI_ISL_363770                         7.09%    passed     96.61%
1624  A/wild_bird/Hunan/01.14_YYDTHF2-20-2/2016_H5N6_|EPI_ISL_363818                     6.49%    passed     95.70%
1625  A/wild_bird/Hunan/01.14_YYDTHF2-25-2/2016_H5N6_|EPI_ISL_363823                     6.49%    passed     95.64%
1626  A/wild_bird/Hunan/02.24_YYDTHF2-114-2/2016_H5N6_|EPI_ISL_363805                    7.09%    passed     97.22%
1627  A/wild_bird/Hunan/02.24_YYDTHF3-112/2016_H5N6_|EPI_ISL_2727646                     7.09%    passed     97.22%
1628  A/wild_bird/Hunan/03.08_DTHF2E3-2/2018_H5N6_|EPI_ISL_363803                        7.09%    passed     97.22%
1629  A/wild_bird/Taipei/04WB12-522-11-15/2004|EPI_ISL_19226227                          3.71%    passed     73.23%
1630  A/wild_bird/Zhejiang/NBXS-1/2024|EPI_ISL_19371693                                  7.09%    passed     94.75%
1631  A/wild_duck/Fujian/1/2011|EPI_ISL_148129                                           3.00%    passed     86.54%
1632  A/wild_duck/Fujian/2/2011|EPI_ISL_148130                                           3.00%    passed     86.54%
1633  A/wild_duck/Hebei/SD012/2021_H5N1_|EPI_ISL_12572664                                7.09%    passed     89.35%
1634  A/wild_duck/Hunan/12.28_DTHD76-1/2016_H5N7_|EPI_ISL_2727644                        7.58%    passed     88.19%
1635  A/wild_duck/Jiangsu/SD019/2021|EPI_ISL_5260469                                     7.09%    passed     92.98%
1636  A/wild_duck/Jilin/HF/2011|EPI_ISL_148127                                           3.16%    passed     95.96%
1637  A/wild_duck/Jilin/ZF/2011|EPI_ISL_148128                                           3.16%    passed     97.16%
1638  A/wild_duck/Shandong/1/2011|EPI_ISL_148124                                         3.00%    passed     72.29%
1639  A/wild_duck/Shandong/2/2011|EPI_ISL_148125                                         3.16%    passed     96.46%
1640  A/wild_duck/Shandong/628/2011|EPI_ISL_148126                                       3.16%    passed     98.56%
1641  A/wild_duck/Shandong/SC177/2021|EPI_ISL_5260454                                    7.09%    passed     89.37%
1642  A/wild_goose/Shandong/SC196/2021|EPI_ISL_5260470                                   7.09%    passed     87.23%
1643  A/wild_pigeon/Jilin/CC01/2014|EPI_ISL_243344                                       7.09%    passed     99.19%
1644  A/wildfowl/China/472/2014|EPI_ISL_201792                                           7.58%    passed     79.48%
1645  A/Xinjiang/1/2006|EPI_ISL_79681                                                    6.32%    passed     98.51%
1646  A/Xinjiang/1/2009|EPI_ISL_73313                                                    6.49%    passed     92.02%
1647  A/Yunnan/14563/2015|EPI_ISL_178261                                                 7.25%    passed     96.84%
1648  A/Yunnan/DQ002/2015_H5N6_|EPI_ISL_200838                                           7.25%    passed     98.10%
1649  A/Zhejiang/1/2006|EPI_ISL_73294                                                    6.49%    passed     99.45%
1650  A/Anas_platyrhynchos/jiujiang/H5N1/2024_H5N1|GCA_050792265.1                       7.09%    passed     97.96%
1651  A/Anas_crecca/Hubei/Chenhu1623-5/2014_H5N6|GCA_038725345.1                         7.09%    passed     96.68%
1652  A/Anhui/1/2006_H5N1|GCA_038285345.1                                                6.49%    passed     99.78%
1653  A/Anhui/1/2007_H5N1|GCA_038462475.1                                                6.49%    passed     98.07%
1654  A/Anhui/2/2005_H5N1|GCA_038248155.1                                                3.16%    passed     99.87%
1655  A/Anser_cygnoides/China/P126/2015_H5N1|GCA_038767415.1                             7.09%    passed     99.46%
1656  A/Anser_cygnoides/Hubei/FW44/2016_H5N8|GCA_038932195.1                             7.09%    passed     98.00%
1657  A/Anser_fabalis/jiujiang/H5N1/2024_H5N1|GCA_050791665.1                            7.09%    passed     97.27%
1658  A/Anser_fabalis/jiujiang/H5N1/2024_H5N1|GCA_050791675.1                            7.09%    passed     95.50%
1659  A/Anser_fabalis/jiujiang/H5N1/2024_H5N1|GCA_050791655.1                            7.09%    passed     97.27%
1660  A/Bulbul/Taiwan/01156/2015_H5N3|GCA_038768815.1                                    3.16%    passed     99.98%
1661  A/Changsha/1/2014_H5N6|GCA_038721495.1                                             7.25%    passed     99.38%
1662  A/China/Original/2018_H5N6|GCA_039095745.1                                         7.25%    passed     98.54%
1663  A/Chlidonias_hybrida/Hubei/55/2020_H5N8|GCA_039227835.1                            3.16%    passed     95.39%
1664  A/Commom_Teal/Ningxia/474-9/2015_H5N6|GCA_038800685.1                              7.09%    passed     95.83%
1665  A/Copsychus_saularis/Guangdong/SW8/2014_H5N6|GCA_038741795.1                       7.09%    passed     99.87%
1666  A/Cygnus_atratus/Hubei/2Z2-O/2016_H5N8|GCA_038936895.1                             7.09%    passed     98.16%
1667  A/Cygnus_atratus/Hubei/HF-1/2016_H5N8|GCA_038933985.1                              7.09%    passed     98.00%
1668  A/Cygnus_columbianus/Hubei/116/2020_H5N8|GCA_039227075.1                           3.16%    passed     97.10%
1669  A/Cygnus_columbianus/Hubei/49/2020_H5N8|GCA_039226965.1                            3.16%    passed     96.52%
1670  A/Cygnus_columbianus/Hubei/50/2020_H5N8|GCA_039227715.1                            3.16%    passed     96.31%
1671  A/Cygnus_columbianus/Hubei/51/2020_H5N8|GCA_039226985.1                            3.16%    passed     95.19%
1672  A/Cygnus_columbianus/Hubei/52/2020_H5N8|GCA_039227815.1                            3.16%    passed     96.31%
1673  A/Cygnus_columbianus/Hubei/53/2020_H5N8|GCA_039227085.1                            3.16%    passed     95.39%
1674  A/Cygnus_columbianus/Hubei/56/2020_H5N8|GCA_039226645.1                            3.16%    passed     95.10%
1675  A/Duck/Dongting/D76-1/2016_H5N7|GCA_038937065.1                                    7.58%    passed     87.18%
1676  A/Duck/Jiangxi/631/2024_H5N1|GCA_042167585.1                                       7.09%    passed     96.54%
1677  A/Falcated_Duck/Ningxia/484-29/2015_H5N6|GCA_038799475.1                           7.09%    passed     97.00%
1678  A/Ferruginous_Pochard/Ningxia/480-17/2015_H5N6|GCA_038799515.1                     7.09%    passed     97.00%
1679  A/Gadwall/Ningxia/472-7/2015_H5N6|GCA_038800765.1                                  7.09%    passed     96.55%
1680  A/Gallinula_chloropus/Guangdong/GZ174/2014_H5N6|GCA_038745415.1                    3.82%    passed     99.09%
1681  A/Guangdong/1/2008_H5N1|GCA_038477485.1                                            6.49%    passed     97.32%
1682  A/Guangdong/2/2006_H5N1|GCA_038273265.1                                            6.49%    passed     99.69%
1683  A/Guangdong/lgf/2021_H5N6|GCA_039237745.1                                          7.09%    passed     94.89%
1684  A/Guangxi/1/2005_H5N1|GCA_038247645.1                                              7.09%    passed     99.44%
1685  A/Guangxi/1/2008_H5N1|GCA_038477145.1                                              6.49%    passed     99.80%
1686  A/Guangzhou/39715/2014_H5N6|GCA_038761735.1                                        7.09%    passed     99.86%
1687  A/Guizhou/1/2009_H5N1|GCA_038505375.1                                              6.49%    passed     97.07%
1688  A/Hunan/1/2008_H5N1|GCA_038476645.1                                                6.49%    passed     91.26%
1689  A/Hunan/2/2009_H5N1|GCA_038506045.1                                                6.49%    passed     98.94%
1690  A/Japanese_white-eye/Taoyuan/Q454/2012_H5N1|GCA_038651525.1                        3.16%    passed     98.54%
1691  A/Nanjing/1/2015_H5N1|GCA_038770935.1                                              7.09%    passed     86.79%
1692  A/Northern_Shoveler/Ningxia/488-53/2015_H5N6|GCA_038800455.1                       7.09%    passed     97.60%
1693  A/Pavo_cristatus/China/JS02/2018_H5N6|GCA_039039145.1                              3.33%    passed     98.33%
1694  A/Pavo_cristatus/China/K10/2018_H5N6|GCA_039038635.1                               3.33%    passed     98.33%
1695  A/Pavo_cristatus/Jiangxi/JA1/2016_H5N6|GCA_038827365.1                             3.33%    passed     97.23%
1696  A/Rattus_norvegicus/China/FS21/2021_H5N6|GCA_039238605.1                           3.33%    passed     81.51%
1697  A/Shandong/1/2009_H5N1|GCA_038504355.1                                             6.49%    passed     99.47%
1698  A/Spatula_querquedula/chongming/H5N1/2024_H5N1|GCA_050792285.1                     7.09%    passed     97.96%
1699  A/Syrrhaptes_paradoxus/Guangdong/ZH283/2015_H5N6|GCA_038774035.1                   7.09%    passed     97.88%
1700  A/Taiwan/DV413/2006_H5N2|GCA_038275325.1                                           4.74%    passed     14.45%
1701  A/Taiwan/DV518/2006_H5N2|GCA_038278775.1                                           5.02%    passed     14.09%
1702  A/Whooper_Swan/Sanmenxia/01/2016_H5N8|GCA_038925235.1                              3.16%    passed     99.55%
1703  A/Wild_bird/Huadong/CIXI20/2020_H5N8|GCA_057733595.1                               7.09%    passed     87.74%
1704  A/Wild_bird/Huadong/CM120/2017_H5N1|GCA_057733485.1                                7.09%    passed     89.97%
1705  A/Wild_bird/Huadong/DF10/2019_H5N6|GCA_057733565.1                                 7.25%    passed     97.90%
1706  A/Wild_bird/Huadong/DT10/2019_H5N1|GCA_057733585.1                                 7.09%    passed     93.24%
1707  A/Wild_bird/Huadong/GY116/2019_H5N6|GCA_057733535.1                                7.25%    passed     98.18%
1708  A/Wild_bird/Huadong/GY183/2017_H5N6|GCA_057733495.1                                7.25%    passed     94.62%
1709  A/Wild_bird/Huadong/GY999/2017_H5N6|GCA_057733505.1                                7.25%    passed     93.79%
1710  A/Wild_bird/Huadong/JYWB4/2013_H5N1|GCA_057733455.1                                7.09%    passed     97.47%
1711  A/Wild_bird/Huadong/QP10/2016_H5N6|GCA_057733475.1                                 7.25%    passed     99.52%
1712  A/Wild_bird/Huadong/SH17/2019_H5N6|GCA_057733575.1                                 7.25%    passed     98.84%
1713  A/Wild_bird/Huadong/SSW7/2017_H5N6|GCA_057733525.1                                 7.25%    passed     93.81%
1714  A/Wild_bird/Huadong/SZ1111/2016_H5N6|GCA_057733465.1                               7.09%    passed     98.51%
1715  A/Wild_bird/Huadong/YC148/2019_H5N6|GCA_057733545.1                                7.25%    passed     94.93%
1716  A/Wild_bird/Huadong/YX68/2019_H5N6|GCA_057733555.1                                 7.25%    passed     98.61%
1717  A/Xinjiang/1/2009_H5N1|GCA_038505015.1                                             6.49%    passed     92.02%
1718  A/Yangzhou/125/2022_H5N6|GCA_039266715.1                                           7.09%    passed     95.96%
1719  A/avian/Hong_Kong/0719/2007_H5N1|GCA_038453415.1                                   4.53%    passed     99.68%
1720  A/avian/Hong_Kong/1993/2007_H5N1|GCA_038453435.1                                   4.53%    passed     99.58%
1721  A/avian/Hong_Kong/2372/2007_H5N1|GCA_038452855.1                                   4.53%    passed     99.73%
1722  A/baikal_teal/Xianghai/426/2011_H5N2|GCA_038623835.1                               7.58%    passed     83.50%
1723  A/bar-headed_goose/Qinghai/1-HVRI/2006_H5N1|GCA_038266165.1                        6.92%    passed     95.69%
1724  A/bar-headed_goose/Tibet/8/2006_H5N1|GCA_038266245.1                               6.92%    passed     98.10%
1725  A/black_chicken/Jiangxi/10129/2014_H5N6|GCA_038718415.1                            7.09%    passed     98.09%
1726  A/brown-headed_gull/Qinghai/19/2009_H5N1|GCA_038534815.1                           7.09%    passed     98.23%
1727  A/brown-headed_gull/Qinghai/9/2009_H5N1|GCA_038535675.1                            7.09%    passed     97.98%
1728  A/canvasback/Xianghai/428/2011_H5N2|GCA_038624105.1                                7.58%    passed     89.56%
1729  A/cat/Sichuan/SC18/2014_H5N6|GCA_038734245.1                                       7.09%    passed     97.60%
1730  A/cat/Zhejiang/C1/2016_H5N6|GCA_038809425.1                                        7.25%    passed     99.83%
1731  A/cat/Zhejiang/C2/2016_H5N6|GCA_038810535.1                                        7.25%    passed     98.55%
1732  A/chicken/Anhui/MZ33/2016_H5N6|GCA_038814295.1                                     7.25%    passed     96.57%
1733  A/chicken/Anhui/MZ34/2016_H5N6|GCA_038815495.1                                     7.25%    passed     98.24%
1734  A/chicken/Beijing/BJ7/2014_H5N2|GCA_038749135.1                                    7.09%    passed     97.59%
1735  A/chicken/CH/a556/2015_H5N2|GCA_038770985.1                                        7.58%    passed     77.82%
1736  A/chicken/Changhua/15010120-1/2015_H5N2|GCA_038768655.1                            3.22%    passed     99.75%
1737  A/chicken/Changhua/15010288/2015_H5N2|GCA_038770355.1                              3.16%    passed     99.54%
1738  A/chicken/Changhua/15010324-2/2015_H5N2|GCA_038769645.1                            3.22%    passed     99.51%
1739  A/chicken/Changhua/15010361-1/2015_H5N2|GCA_038769725.1                            3.22%    passed     99.08%
1740  A/chicken/Changhua/15010362-2/2015_H5N2|GCA_038770655.1                            3.22%    passed     99.08%
1741  A/chicken/Changhua/15010363-2/2015_H5N2|GCA_038769745.1                            3.22%    passed     99.51%
1742  A/chicken/Changhua/15040036-1/2015_H5N8|GCA_038778885.1                            3.22%    passed     99.61%
1743  A/chicken/Changhua/15040037-2/2015_H5N8|GCA_038779715.1                            3.22%    passed     99.57%
1744  A/chicken/Changhua/15040042/2015_H5N8|GCA_038779815.1                              3.16%    passed     99.53%
1745  A/chicken/Changhua/15040043-1/2015_H5N8|GCA_038778905.1                            3.22%    passed     99.85%
1746  A/chicken/Changhua/15050013-1/2015_H5N2|GCA_038780715.1                            3.22%    passed     98.96%
1747  A/chicken/Changhua/15050038-1/2015_H5N8|GCA_038781625.1                            3.22%    passed     99.60%
1748  A/chicken/Changhua/15060027-2/2015_H5N2|GCA_038784005.1                            3.22%    passed     99.60%
1749  A/chicken/Changhua/15060029/2015_H5N8|GCA_038784035.1                              3.16%    passed     98.50%
1750  A/chicken/Changhua/15060037-1/2015_H5N2|GCA_038784185.1                            3.22%    passed     99.03%
1751  A/chicken/Changhua/15120008/2015_H5N2|GCA_038802965.1                              3.16%    passed     94.36%
1752  A/chicken/Changhua/16010060-2/2016_H5N2|GCA_038813715.1                            3.22%    passed     99.32%
1753  A/chicken/Changhua/17060006/2017_H5N2|GCA_039012655.1                              3.16%    passed     99.61%
1754  A/chicken/Changhua/18040008-1/2018_H5N2|GCA_039069925.1                            3.22%    passed     99.61%
1755  A/chicken/Chiayi/15010287-2/2015_H5N2|GCA_038770275.1                              3.22%    passed     99.46%
1756  A/chicken/Chiayi/15010409-2/2015_H5N2|GCA_038770685.1                              3.22%    passed     99.08%
1757  A/chicken/Chiayi/15010454-1/2015_H5N8|GCA_038770995.1                              3.16%    passed     98.71%
1758  A/chicken/Chiayi/17040009-2/2017_H5N2|GCA_038965355.1                              3.22%    passed     99.54%
1759  A/chicken/Chiayi/18120003-1/2018_H5N2|GCA_039108445.1                              3.22%    passed     99.59%
1760  A/chicken/China/007/2019_H5N6|GCA_039172645.1                                      7.25%    passed     99.01%
1761  A/chicken/China/1101/2019_H5N6|GCA_039182745.1                                     7.25%    passed     97.22%
1762  A/chicken/China/Cangzhou03/2023_H5N1|GCA_046428445.1                               4.74%    passed     97.56%
1763  A/chicken/China/E93/2012_H5N1|GCA_038651365.1                                      3.16%    passed     85.99%
1764  A/chicken/China/E96/2012_H5N1|GCA_038650715.1                                      3.16%    passed     83.47%
1765  A/chicken/Chiping/0321/2014_H5N2|GCA_038725355.1                                   7.09%    passed     90.73%
1766  A/chicken/Dongguan/2690/2013_H5N6|GCA_038707865.1                                  7.09%    passed     99.79%
1767  A/chicken/Dongguan/3363/2013_H5N6|GCA_038707155.1                                  7.09%    passed     99.92%
1768  A/chicken/Dongguan/4259/2013_H5N6|GCA_038707895.1                                  7.09%    passed     99.68%
1769  A/chicken/Eastern_China/HF9/2018_H5N2|GCA_039006675.1                              7.09%    passed     91.77%
1770  A/chicken/Eastern_China/QY5/2018_H5N2|GCA_039002175.1                              7.09%    passed     91.86%
1771  A/chicken/Eastern_China/ZG16/2010_H5N1|GCA_038602145.1                             7.09%    passed     96.75%
1772  A/chicken/Eastern_China/ZG56/2011_H5N1|GCA_038635575.1                             7.09%    passed     96.34%
1773  A/chicken/Fujian/1/2007_H5N1|GCA_038453255.1                                       7.09%    passed     99.44%
1774  A/chicken/Fujian/11.23_FZHX0007-O/2017_H5N6|GCA_038993015.1                        7.09%    passed     99.55%
1775  A/chicken/GY/a451/2015_H5N2|GCA_038770305.1                                        7.58%    passed     87.79%
1776  A/chicken/Gansu/5/2012_H5N1|GCA_038647695.1                                        3.16%    passed     56.19%
1777  A/chicken/Gansu/6/2012_H5N1|GCA_038647835.1                                        3.16%    passed     89.85%
1778  A/chicken/Ganzhou/GZ27/2015_H5N6|GCA_038805055.1                                   4.85%    passed     92.34%
1779  A/chicken/Guangdong/1/2005_H5N1|GCA_038246505.1                                    5.83%    passed     98.03%
1780  A/chicken/Guangdong/GD1602/2016_H5N6|GCA_038837635.1                               7.25%    passed     97.42%
1781  A/chicken/Guangxi/16/2019_H5N6|GCA_039178775.1                                     7.09%    passed     93.13%
1782  A/chicken/Guangxi/S2039/2009_H5N1|GCA_038520835.1                                  3.00%    passed     93.88%
1783  A/chicken/Guizhou/7/2008_H5N1|GCA_038474115.1                                      7.09%    passed     99.99%
1784  A/chicken/Hebei/1102-MA/2010_H5N2|GCA_038582765.1                                  3.05%    passed     90.57%
1785  A/chicken/Hebei/1102/2010_H5N2|GCA_038602515.1                                     6.92%    passed     97.43%
1786  A/chicken/Hebei/3/2013_H5N2|GCA_038709345.1                                        3.16%    passed     43.76%
1787  A/chicken/Hebei/A-8/2009_H5N1|GCA_038503615.1                                      7.09%    passed     86.77%
1788  A/chicken/Heilongjiang/S7/2014_H5N2|GCA_038742155.1                                3.16%    passed     74.14%
1789  A/chicken/Henan/A-7/2006_H5N1|GCA_038266105.1                                      6.92%    passed     99.91%
1790  A/chicken/Henan/Q7/2013_H5N2|GCA_038691675.1                                       7.09%    passed     98.82%
1791  A/chicken/Henan/YB0597/2016_H5N6|GCA_038826625.1                                   7.25%    passed     99.29%
1792  A/chicken/Hsinchu/16080004-2/2016_H5N2|GCA_038864525.1                             3.22%    passed     98.17%
1793  A/chicken/Huadong/4/2008_H5N1|GCA_038500405.1                                      3.00%    passed     82.38%
1794  A/chicken/Hubei/2856/2007_H5N1|GCA_038457595.1                                     7.09%    passed     99.54%
1795  A/chicken/Hubei/ZYSJF11/2016_H5N6|GCA_038822095.1                                  4.96%    passed     98.56%
1796  A/chicken/Hubei/ZYSJF16/2016_H5N6|GCA_038824025.1                                  4.96%    passed     98.56%
1797  A/chicken/Hubei/ZYSJF38/2016_H5N6|GCA_038824065.1                                  4.96%    passed     98.56%
1798  A/chicken/Hunan/02.06_YYGK37J3-OC/2018_H5N6|GCA_039046875.1                        4.85%    passed     95.57%
1799  A/chicken/Hunan/03.07_YYGK74L3-OC/2018_H5N6|GCA_039061455.1                        3.33%    passed     98.14%
1800  A/chicken/Hunan/12.27_YYGK55J2-O/2016_H5N6|GCA_038936135.1                         3.16%    passed     98.47%
1801  A/chicken/Hunan/12.27_YYGKK148-OC/2016_H5N6|GCA_038936455.1                        4.85%    passed     95.59%
1802  A/chicken/Hunan/1793/2007_H5N1|GCA_038456395.1                                     7.09%    passed     99.16%
1803  A/chicken/Hunan/21/2005_H5N1|GCA_038388155.1                                       7.09%    passed     98.28%
1804  A/chicken/Hunan/3/2007_H5N1|GCA_038470475.1                                        3.16%    passed     98.99%
1805  A/chicken/Hunan/3157/2006_H5N1|GCA_038284845.1                                     7.09%    passed     98.71%
1806  A/chicken/Hunan/8/2008_H5N1|GCA_038496995.1                                        3.16%    passed     90.62%
1807  A/chicken/Jiangsu/1001/2013_H5N2|GCA_038686695.1                                   7.09%    passed     77.88%
1808  A/chicken/Jiangsu/18/2008_H5N1|GCA_038474135.1                                     6.92%    passed     87.33%
1809  A/chicken/Jiangsu/2477/2014_H5N1|GCA_038737445.1                                   5.02%    passed     98.20%
1810  A/chicken/Jiangsu/927/2013_H5N1|GCA_038703735.1                                    5.02%    passed     95.95%
1811  A/chicken/Jiangsu/XZ216/2014_H5N2|GCA_038725595.1                                  6.92%    passed     78.28%
1812  A/chicken/Jiangsu/YB7/2015_H5N1|GCA_038774685.1                                    7.09%    passed     94.61%
1813  A/chicken/Jiangsu/k0402/2010_H5N1|GCA_038580305.1                                  7.09%    passed     93.55%
1814  A/chicken/Jiangxi/25/2011_H5N1|GCA_038635255.1                                     6.92%    passed     83.53%
1815  A/chicken/Jiangxi/NCDZT1123/2014_H5N6|GCA_038738505.1                              3.16%    passed     96.07%
1816  A/chicken/Jiangxi/NCDZT1126/2014_H5N6|GCA_038737435.1                              3.16%    passed     97.03%
1817  A/chicken/Jiangyin/JY090718/2019_H5N6|GCA_056605465.1                              7.25%    passed     99.99%
1818  A/chicken/Kaohsiung/16010047/2016_H5N8|GCA_038811875.1                             3.16%    passed     99.81%
1819  A/chicken/Kaohsiung/16020017-2/2016_H5N8|GCA_038822355.1                           3.22%    passed     99.53%
1820  A/chicken/Kaohsiung/16040021-1/2016_H5N8|GCA_038845835.1                           3.22%    passed     97.70%
1821  A/chicken/Kaohsiung/16070003/2016_H5N8|GCA_038859925.1                             3.16%    passed     99.51%
1822  A/chicken/Kaohsiung/16120012/2016_H5N8|GCA_038930925.1                             3.22%    passed     99.26%
1823  A/chicken/Kaohsiung/16MB0889/2016_H5N8|GCA_038847945.1                             3.16%    passed     97.63%
1824  A/chicken/Kaohsiung/17030023/2017_H5N8|GCA_038959395.1                             3.22%    passed     97.48%
1825  A/chicken/Kaohsiung/17040007/2017_H5N2|GCA_038964805.1                             3.22%    passed     98.36%
1826  A/chicken/Kaohsiung/17100002/2017_H5N2|GCA_038983395.1                             3.16%    passed     99.98%
1827  A/chicken/Kaohsiung/18080004-1/2018_H5N2|GCA_039082715.1                           3.22%    passed     92.20%
1828  A/chicken/Kaohsiung/18080004-2/2018_H5N2|GCA_039081885.1                           3.22%    passed     94.83%
1829  A/chicken/Liaoning/23/2005_H5N1|GCA_038248125.1                                    6.92%    passed     97.31%
1830  A/chicken/Liaoning/A-1/2007_H5N1|GCA_038452735.1                                   6.92%    passed     98.90%
1831  A/chicken/Liaoning/S4092/2011_H5N1|GCA_038633635.1                                 7.09%    passed     83.19%
1832  A/chicken/Miaoli/15010421-1/2015_H5N8|GCA_038770005.1                              3.22%    passed     99.85%
1833  A/chicken/Nantou/16110023-1/2016_H5N8|GCA_038926695.1                              3.22%    passed     99.72%
1834  A/chicken/New_Taipei_City/16110019-1/2016_H5N8|GCA_038926045.1                     3.22%    passed     98.58%
1835  A/chicken/New_Taipei_City/16110020-2/2016_H5N8|GCA_038925805.1                     3.22%    passed     96.26%
1836  A/chicken/New_Taipei_City/17040002-2/2017_H5N2|GCA_038965105.1                     3.22%    passed     97.50%
1837  A/chicken/New_Taipei_City/17050004-2/2017_H5N8|GCA_038968485.1                     3.22%    passed     96.68%
1838  A/chicken/New_Taipei_City/17090001/2017_H5N8|GCA_038973775.1                       3.16%    passed     93.01%
1839  A/chicken/New_Taipei_City/17090002/2017_H5N8|GCA_038978085.1                       3.16%    passed     91.83%
1840  A/chicken/New_Taipei_City/17090003/2017_H5N8|GCA_038973795.1                       3.16%    passed     91.83%
1841  A/chicken/New_Taipei_City/18010021-3/2018_H5N2|GCA_039041045.1                     3.22%    passed     97.74%
1842  A/chicken/Ningxia/2/2012_H5N1|GCA_038644085.1                                      3.16%    passed     60.21%
1843  A/chicken/Ningxia/222/2012_H5N1|GCA_038646215.1                                    7.09%    passed     76.34%
1844  A/chicken/Ningxia/24/2006_H5N1|GCA_038265655.1                                     6.92%    passed     99.75%
1845  A/chicken/North_China/k0604/2010_H5N1|GCA_038587065.1                              7.09%    passed     95.81%
1846  A/chicken/PH/A2821/2013_H5N2|GCA_038688545.1                                       7.58%    passed     93.43%
1847  A/chicken/PT/a158/2015_H5N2|GCA_038769555.1                                        7.58%    passed     93.16%
1848  A/chicken/Pingtung/15050006-1/2015_H5N2|GCA_038779665.1                            3.22%    passed     99.87%
1849  A/chicken/Pingtung/16020009-3/2016_H5N2|GCA_038820085.1                            3.22%    passed     99.53%
1850  A/chicken/Pingtung/18010017-1/2018_H5N2|GCA_039035945.1                            3.22%    passed     95.92%
1851  A/chicken/Pingtung/18020015-1/2018_H5N2|GCA_039051165.1                            3.22%    passed     96.68%
1852  A/chicken/Qingdao/1/2014_H5N2|GCA_038713205.1                                      7.09%    passed     71.76%
1853  A/chicken/SC/a688/2015_H5N2|GCA_038771565.1                                        7.58%    passed     93.16%
1854  A/chicken/Shandong/A-10/2006_H5N1|GCA_038266185.1                                  6.92%    passed     99.13%
1855  A/chicken/Shandong/S3/2014_H5N2|GCA_038714765.1                                    3.16%    passed     58.16%
1856  A/chicken/Shantou/3744/2003_H5N1|GCA_038206795.1                                   6.43%    passed     93.16%
1857  A/chicken/Shanxi/04.28_TGRL001-O/2018_H5N6|GCA_039072505.1                         8.23%    passed     93.15%
1858  A/chicken/Shanxi/10/2006_H5N1|GCA_038265735.1                                      6.92%    passed     98.87%
1859  A/chicken/Shanxi/12.01_TGYL014-C/2016_H5N6|GCA_038928185.1                         3.82%    passed     99.82%
1860  A/chicken/Sheny/0606/2008_H5N1|GCA_038481525.1                                     3.00%    passed     91.16%
1861  A/chicken/Shenzhen/1061/2013_H5N6|GCA_038705475.1                                  7.09%    passed     99.80%
1862  A/chicken/Shenzhen/1845/2013_H5N6|GCA_038705895.1                                  7.09%    passed     99.14%
1863  A/chicken/Shenzhen/2269/2013_H5N6|GCA_038706865.1                                  7.09%    passed     99.95%
1864  A/chicken/Shenzhen/2396/2013_H5N6|GCA_038706905.1                                  7.09%    passed     99.63%
1865  A/chicken/Shenzhen/2464/2013_H5N6|GCA_038706965.1                                  7.09%    passed     99.63%
1866  A/chicken/Shenzhen/433/2013_H5N6|GCA_038705195.1                                   7.09%    passed     99.85%
1867  A/chicken/Shenzhen/552/2013_H5N6|GCA_038705235.1                                   7.09%    passed     99.80%
1868  A/chicken/Shenzhen/715/2013_H5N6|GCA_038705275.1                                   7.09%    passed     99.85%
1869  A/chicken/Shijiazhuang/1209/2013_H5N2|GCA_038704925.1                              7.09%    passed     92.85%
1870  A/chicken/Sichuan/81/2005_H5N1|GCA_038388175.1                                     3.16%    passed     99.88%
1871  A/chicken/Sichuan/NCJPL1/2014_H5N6|GCA_038732945.1                                 7.09%    passed     98.78%
1872  A/chicken/Sichuan/k141/2017_H5N6|GCA_038944375.1                                   3.33%    passed     96.87%
1873  A/chicken/TC/a504/2015_H5N2|GCA_038770605.1                                        7.58%    passed     86.57%
1874  A/chicken/TY/a665/2015_H5N2|GCA_038772285.1                                        7.58%    passed     90.38%
1875  A/chicken/Taichung/15010399/2015_H5N2|GCA_038770735.1                              3.16%    passed     99.14%
1876  A/chicken/Taichung/16040032-3/2016_H5N2|GCA_038848055.1                            3.22%    passed     98.84%
1877  A/chicken/Taichung/16050044-2/2016_H5N2|GCA_038853545.1                            3.16%    passed     99.35%
1878  A/chicken/Taichung/16110017-3/2016_H5N8|GCA_038923075.1                            3.22%    passed     98.91%
1879  A/chicken/Tainan/15020214/2015_H5N8|GCA_038774675.1                                3.16%    passed     99.57%
1880  A/chicken/Tainan/16040035-1/2016_H5N2|GCA_038848235.1                              3.22%    passed     99.75%
1881  A/chicken/Tainan/17030058-1/2017_H5N8|GCA_038963365.1                              3.22%    passed     98.94%
1882  A/chicken/Taipei_City/17090004/2017_H5N8|GCA_038978105.1                           3.16%    passed     93.19%
1883  A/chicken/Taipei_City/18010007-3/2018_H5N2|GCA_039006115.1                         3.22%    passed     99.65%
1884  A/chicken/Taipei_City/18010008-3/2018_H5N2|GCA_039008875.1                         3.22%    passed     99.03%
1885  A/chicken/Taipei/16060022-4/2016_H5N8|GCA_038856665.1                              3.22%    passed     99.77%
1886  A/chicken/Taipei/16060023-1/2016_H5N8|GCA_038858515.1                              3.22%    passed     99.77%
1887  A/chicken/Taipei/16120021/2016_H5N8|GCA_038931165.1                                3.22%    passed     98.84%
1888  A/chicken/Taipei/17050005-1/2017_H5N8|GCA_038968955.1                              3.22%    passed     95.24%
1889  A/chicken/Taipei/17050008-3/2017_H5N8|GCA_038969015.1                              3.22%    passed     94.42%
1890  A/chicken/Taipei/17050009-3/2017_H5N8|GCA_038968565.1                              3.22%    passed     96.06%
1891  A/chicken/Taishun/TS2/2016_H5N6|GCA_038823315.1                                    4.69%    passed     93.22%
1892  A/chicken/Taishun/TS90/2016_H5N6|GCA_038821405.1                                   3.16%    passed     94.28%
1893  A/chicken/Taiwan/0101/2012_H5N2|GCA_038638535.1                                    3.65%    passed     99.54%
1894  A/chicken/Taiwan/01174/2015_H5N3|GCA_038769715.1                                   3.16%    passed     99.94%
1895  A/chicken/Taiwan/0502/2012_H5N2|GCA_038647165.1                                    3.65%    passed     87.38%
1896  A/chicken/Taiwan/1682/2013_H5N2|GCA_038676205.1                                    7.58%    passed     98.97%
1897  A/chicken/Taiwan/1692/2013_H5N2|GCA_038676895.1                                    7.58%    passed     98.94%
1898  A/chicken/Taiwan/1704/2013_H5N2|GCA_038676225.1                                    7.58%    passed     98.97%
1899  A/chicken/Taiwan/1711/2013_H5N2|GCA_038676915.1                                    7.58%    passed     98.38%
1900  A/chicken/Taiwan/2593/2012_H5N2|GCA_038664595.1                                    7.58%    passed     98.44%
1901  A/chicken/Taiwan/2948/2013_H5N2|GCA_038682205.1                                    7.58%    passed     98.88%
1902  A/chicken/Taiwan/4443/2013_H5N2|GCA_038687875.1                                    7.58%    passed     98.44%
1903  A/chicken/Taiwan/683/2012_H5N2|GCA_038661325.1                                     7.58%    passed     98.80%
1904  A/chicken/Taiwan/7350/2013_H5N2|GCA_038683895.1                                    7.58%    passed     97.21%
1905  A/chicken/Taiwan/8988/2013_H5N2|GCA_038684125.1                                    7.58%    passed     99.06%
1906  A/chicken/Taiwan/8994/2013_H5N2|GCA_038683325.1                                    8.40%    passed     99.01%
1907  A/chicken/Taiwan/8996/2013_H5N2|GCA_038683345.1                                    8.78%    passed     98.64%
1908  A/chicken/Taiwan/A1/2019_H5N2|GCA_039152805.1                                      7.58%    passed     97.14%
1909  A/chicken/Taiwan/A1997/2012_H5N2|GCA_038642135.1                                   3.65%    passed     89.72%
1910  A/chicken/Taiwan/D2/2019_H5N2|GCA_039141495.1                                      3.16%    passed     98.91%
1911  A/chicken/Taiwan/D9/2019_H5N2|GCA_039141095.1                                      3.16%    passed     98.91%
1912  A/chicken/Tibet/LZ01/2010_H5N2|GCA_038602165.1                                     3.16%    passed     94.66%
1913  A/chicken/Wuhan/HAQL07/2014_H5N1|GCA_038759035.1                                   3.16%    passed     95.91%
1914  A/chicken/Wuhan/HAQL16/2014_H5N1|GCA_038758015.1                                   5.83%    passed     96.46%
1915  A/chicken/Wuhan/WHJF/2014_H5N2|GCA_038759055.1                                     4.47%    passed     83.73%
1916  A/chicken/Wuhan/WHYJ01/2015_H5N6|GCA_038766615.1                                   3.44%    passed     98.37%
1917  A/chicken/Wuxi/WX-32/2013_H5N1|GCA_038684205.1                                     7.09%    passed     98.84%
1918  A/chicken/Wuxi/WX-33/2013_H5N1|GCA_038687525.1                                     7.09%    passed     98.76%
1919  A/chicken/Xinjiang/17/2005_H5N1|GCA_038388205.1                                    6.92%    passed     96.07%
1920  A/chicken/Xinjiang/27/2006_H5N1|GCA_038265775.1                                    6.92%    passed     99.94%
1921  A/chicken/Xinjiang/53/2005_H5N1|GCA_038250695.1                                    6.92%    passed     99.96%
1922  A/chicken/Xinjiang/54/2005_H5N1|GCA_038388255.1                                    6.92%    passed     98.22%
1923  A/chicken/Xinjiang/67/2005_H5N1|GCA_038250755.1                                    6.92%    passed     98.12%
1924  A/chicken/Xinjiang/68/2005_H5N1|GCA_038388265.1                                    6.92%    passed     98.58%
1925  A/chicken/Xuzhou/XZ6/2016_H5N6|GCA_038820665.1                                     7.09%    passed     99.37%
1926  A/chicken/YL/A3190/2014_H5N2|GCA_038732485.1                                       7.09%    passed     92.97%
1927  A/chicken/Yangzhou/YD1/2014_H5N6|GCA_038744805.1                                   7.09%    passed     97.91%
1928  A/chicken/Yuhang/1/2013_H5N9|GCA_038685605.1                                       7.09%    passed     88.57%
1929  A/chicken/Yuhang/2/2013_H5N9|GCA_038686415.1                                       7.09%    passed     88.57%
1930  A/chicken/Yunlin/15020048-1/2015_H5N2|GCA_038772355.1                              3.22%    passed     99.03%
1931  A/chicken/Yunlin/15040002-2/2015_H5N2|GCA_038777935.1                              3.22%    passed     99.67%
1932  A/chicken/Yunlin/15040027/2015_H5N2|GCA_038779375.1                                3.16%    passed     99.80%
1933  A/chicken/Yunlin/15050012/2015_H5N8|GCA_038779825.1                                3.16%    passed     99.74%
1934  A/chicken/Yunlin/15050037-2/2015_H5N2|GCA_038780755.1                              3.22%    passed     99.88%
1935  A/chicken/Yunlin/15050039-2/2015_H5N2|GCA_038780835.1                              3.22%    passed     99.75%
1936  A/chicken/Yunlin/15060014-1/2015_H5N2|GCA_038783305.1                              3.22%    passed     99.75%
1937  A/chicken/Yunlin/15080024/2015_H5N2|GCA_038789515.1                                3.16%    passed     97.58%
1938  A/chicken/Yunlin/16010001-1/2016_H5N2|GCA_038808645.1                              3.22%    passed     99.12%
1939  A/chicken/Yunlin/16010008-1/2016_H5N2|GCA_038807915.1                              3.22%    passed     99.51%
1940  A/chicken/Yunlin/16020038/2016_H5N8|GCA_038824985.1                                3.16%    passed     99.07%
1941  A/chicken/Yunlin/16050053/2016_H5N2|GCA_038853745.1                                3.16%    passed     98.25%
1942  A/chicken/Yunlin/17010001/2017_H5N8|GCA_038941205.1                                3.16%    passed     98.75%
1943  A/chicken/Yunlin/17010014/2017_H5N2|GCA_038945005.1                                3.16%    passed     99.02%
1944  A/chicken/Yunlin/17020094-1/2017_H5N2|GCA_038957835.1                              3.22%    passed     99.87%
1945  A/chicken/Yunlin/17020095-2/2017_H5N2|GCA_038958125.1                              3.22%    passed     98.72%
1946  A/chicken/Yunlin/17030001-1/2017_H5N2|GCA_038958215.1                              3.22%    passed     99.88%
1947  A/chicken/Yunlin/17030007-1/2017_H5N2|GCA_038959055.1                              3.22%    passed     99.54%
1948  A/chicken/Yunlin/17030010-1/2017_H5N2|GCA_038958835.1                              3.22%    passed     98.67%
1949  A/chicken/Yunlin/17030014-1/2017_H5N2|GCA_038959325.1                              3.22%    passed     99.99%
1950  A/chicken/Yunlin/17030020-2/2017_H5N2|GCA_038959465.1                              3.22%    passed     99.77%
1951  A/chicken/Yunlin/17030021-1/2017_H5N2|GCA_038959175.1                              3.22%    passed     99.93%
1952  A/chicken/Yunlin/17030032-2/2017_H5N2|GCA_038960485.1                              3.22%    passed     99.40%
1953  A/chicken/Yunlin/17030065-2/2017_H5N2|GCA_038964015.1                              3.22%    passed     99.27%
1954  A/chicken/Yunlin/17040003-1/2017_H5N2|GCA_038964455.1                              3.22%    passed     99.34%
1955  A/chicken/Yunlin/17040004-2/2017_H5N2|GCA_038964735.1                              3.22%    passed     99.93%
1956  A/chicken/Yunlin/17040011-1/2017_H5N2|GCA_038965595.1                              3.22%    passed     99.96%
1957  A/chicken/Yunlin/17060019/2017_H5N2|GCA_039014265.1                                3.16%    passed     99.98%
1958  A/chicken/Yunlin/17070010/2017_H5N2|GCA_039017175.1                                3.16%    passed    100.00%
1959  A/chicken/Yunlin/18010001-2/2018_H5N2|GCA_039002565.1                              3.22%    passed     99.91%
1960  A/chicken/Yunlin/18010023-1/2018_H5N2|GCA_039041605.1                              3.22%    passed     99.70%
1961  A/chicken/Yunlin/18020003-2/2018_H5N2|GCA_039043485.1                              3.22%    passed     99.97%
1962  A/chicken/Yunlin/18020004-1/2018_H5N2|GCA_039042795.1                              3.22%    passed     99.88%
1963  A/chicken/Yunlin/18020005-2/2018_H5N2|GCA_039043505.1                              3.22%    passed     99.87%
1964  A/chicken/Yunlin/18020008-2/2018_H5N2|GCA_039046765.1                              3.22%    passed     99.99%
1965  A/chicken/Yunlin/18030002-1/2018_H5N2|GCA_039058255.1                              3.22%    passed     99.92%
1966  A/chicken/Yunlin/18050013-1/2018_H5N2|GCA_039073545.1                              3.22%    passed     99.98%
1967  A/chicken/Yunlin/18060001-2/2018_H5N2|GCA_039075865.1                              3.22%    passed    100.00%
1968  A/chicken/Yunlin/18080006-1/2018_H5N2|GCA_039082625.1                              3.22%    passed     98.22%
1969  A/chicken/Yunnan/1/2014_H5N1|GCA_038718885.1                                       7.09%    passed     97.09%
1970  A/chicken/Yunnan/207/2004_H5N1|GCA_038225325.1                                     6.60%    passed     99.92%
1971  A/chicken/Yunnan/5686/2003_H5N1|GCA_038206895.1                                    6.60%    passed     99.33%
1972  A/chicken/Yunnan/6797/2003_H5N1|GCA_038206265.1                                    6.60%    passed     99.92%
1973  A/chicken/Yunnan/6885/2003_H5N1|GCA_038206975.1                                    6.60%    passed     99.65%
1974  A/chicken/Zhejiang/102637/2016_H5N6|GCA_038912095.1                                7.09%    passed     99.42%
1975  A/chicken/Zhejiang/13160/2016_H5N6|GCA_038912115.1                                 7.25%    passed     98.34%
1976  A/chicken/Zhejiang/194/2016_H5N2|GCA_038815195.1                                   7.09%    passed     99.09%
1977  A/chicken/Zhejiang/209/2016_H5N2|GCA_038814075.1                                   7.09%    passed     97.79%
1978  A/chicken/Zhejiang/217/2016_H5N2|GCA_038815225.1                                   7.09%    passed     99.09%
1979  A/chicken/Zhejiang/232/2016_H5N2|GCA_038815275.1                                   7.09%    passed     98.92%
1980  A/chicken/Zhejiang/514135/2015_H5N2|GCA_038781465.1                                7.09%    passed     99.87%
1981  A/chicken/Zhejiang/528127/2016_H5N6|GCA_038850565.1                                7.09%    passed     99.79%
1982  A/chicken/Zhejiang/6107/2016_H5N6|GCA_038815545.1                                  7.25%    passed     99.07%
1983  A/chicken/Zhejiang/6C2/2013_H5N6|GCA_038706295.1                                   7.09%    passed     98.55%
1984  A/chicken/Zhejiang/727022/2014_H5N6|GCA_038739995.1                                7.09%    passed     98.47%
1985  A/chicken/Zhejiang/727026/2014_H5N6|GCA_038740015.1                                7.09%    passed     99.09%
1986  A/chicken/Zhejiang/727079/2014_H5N2|GCA_038740105.1                                7.09%    passed     99.47%
1987  A/chicken/Zhejiang/727155/2014_H5N6|GCA_038741255.1                                7.09%    passed     99.18%
1988  A/chicken/Zhejiang/727159/2014_H5N2|GCA_038740125.1                                7.09%    passed     98.74%
1989  A/chicken/Zhejiang/7450/2015_H5N2|GCA_038784975.1                                  7.09%    passed     95.93%
1990  A/chicken/Zhejiang/81643/2015_H5N2|GCA_038789035.1                                 7.09%    passed     93.06%
1991  A/common_mallard/Ningxia/YG71/2017_H5N6|GCA_038986325.1                            7.09%    passed     93.22%
1992  A/condor/Guangdong/139/2003_H5N1|GCA_038210975.1                                   3.00%    passed     98.09%
1993  A/domestic_green-winged_teal/Hunan/3450/2006_H5N1|GCA_038270485.1                  3.16%    passed     99.92%
1994  A/duck/Anhui/56/2005_H5N1|GCA_038247105.1                                          7.09%    passed     97.69%
1995  A/duck/Anhui/S4/2016_H5N6|GCA_038810135.1                                          7.09%    passed     98.90%
1996  A/duck/Changhua/15A03431-1-20T/2015_H5N2|GCA_038772945.1                           3.22%    passed     99.03%
1997  A/duck/Changhua/15A03473-1-20T/2015_H5N2|GCA_038773095.1                           3.22%    passed     99.46%
1998  A/duck/Chiayi/15080023/2015_H5N8|GCA_038789395.1                                   3.16%    passed     99.60%
1999  A/duck/China/0935/2017_H5N1|GCA_038981425.1                                        7.09%    passed     90.45%
2000  A/duck/China/0936/2017_H5N6|GCA_038977135.1                                        7.25%    passed     98.44%
2001  A/duck/China/0938/2017_H5N6|GCA_038981445.1                                        7.09%    passed     90.45%
2002  A/duck/China/1033/2017_H5N1|GCA_038981775.1                                        7.09%    passed     90.18%
2003  A/duck/China/E26/2012_H5N1|GCA_038647205.1                                         3.16%    passed     96.02%
2004  A/duck/China/E53/2012_H5N1|GCA_038646875.1                                         3.16%    passed     97.76%
2005  A/duck/China/YD1516/2016_H5N2|GCA_038808625.1                                      7.09%    passed     96.70%
2006  A/duck/Chongqing/S4362/2017_H5N3|GCA_038992995.1                                   7.58%    passed     94.37%
2007  A/duck/Dongguan/2685/2013_H5N6|GCA_038708145.1                                     7.09%    passed     99.50%
2008  A/duck/Eastern_China/008/2008_H5N5|GCA_038500815.1                                 3.16%    passed     96.12%
2009  A/duck/Eastern_China/031/2009_H5N5|GCA_038504765.1                                 3.16%    passed     94.85%
2010  A/duck/Eastern_China/057/2007_H5N1|GCA_038465965.1                                 7.09%    passed     98.90%
2011  A/duck/Eastern_China/108/2008_H5N1|GCA_038501435.1                                 7.09%    passed     96.17%
2012  A/duck/Eastern_China/1111/2011_H5N2|GCA_038605805.1                                7.09%    passed     95.73%
2013  A/duck/Eastern_China/909/2009_H5N1|GCA_038505355.1                                 7.09%    passed     99.87%
2014  A/duck/Eastern_China/JY/2014_H5N8|GCA_038713025.1                                  7.09%    passed     92.52%
2015  A/duck/Eastern_China/L0230/2010_H5N2|GCA_038581335.1                               7.09%    passed     95.82%
2016  A/duck/Eastern_China/L0321/2010_H5N2|GCA_038582295.1                               7.09%    passed     95.82%
2017  A/duck/Eastern_China/L0405/2010_H5N8|GCA_038582755.1                               7.09%    passed     97.57%
2018  A/duck/Eastern_China/L0423/2011_H5N8|GCA_038613485.1                               7.09%    passed     99.11%
2019  A/duck/Eastern_China/L0611/2011_H5N8|GCA_038614645.1                               7.09%    passed     98.36%
2020  A/duck/Eastern_China/L0722/2012_H5N8|GCA_038651775.1                               7.09%    passed     99.53%
2021  A/duck/Eastern_China/L1021/2012_H5N8|GCA_038657365.1                               7.09%    passed     99.16%
2022  A/duck/Eastern_China/L1120/2012_H5N8|GCA_038659075.1                               7.09%    passed     98.78%
2023  A/duck/Eastern_China/S0131/2014_H5N2|GCA_038716925.1                               7.09%    passed     94.22%
2024  A/duck/Eastern_China/S0215/2014_H5N8|GCA_038718135.1                               7.09%    passed     94.91%
2025  A/duck/Eastern_China/S0322/2014__H5N6|GCA_038725405.1                              7.09%    passed     99.80%
2026  A/duck/Eastern_China/S0711/2014_H5N6|GCA_038739925.1                               7.09%    passed     99.11%
2027  A/duck/Eastern_China/S0808/2014_H5N2|GCA_038742195.1                               7.09%    passed     99.38%
2028  A/duck/Eastern_China/S0908/2014_H5N6|GCA_038744365.1                               7.09%    passed     99.87%
2029  A/duck/Eastern_China/S1109/2014_H5N8|GCA_038755785.1                               7.09%    passed     91.05%
2030  A/duck/Eastern_China/S1210/2013_H5N8|GCA_038706185.1                               7.09%    passed     98.10%
2031  A/duck/Fujian/1.17_FZHX0123-C/2017_H5N6|GCA_038946025.1                            7.25%    passed     99.70%
2032  A/duck/Fujian/10.26_FZHX0002-O/2017_H5N6|GCA_054192225.1                           7.25%    passed     99.47%
2033  A/duck/Fujian/10.26_FZHX0010-O/2017_H5N6|GCA_038987405.1                           7.25%    passed     99.26%
2034  A/duck/Fujian/11.23_FZHX0009-C/2017_H5N6|GCA_038993035.1                           7.25%    passed     99.47%
2035  A/duck/Fujian/11.23_FZHX0014-C/2017_H5N6|GCA_038993055.1                           7.09%    passed     99.10%
2036  A/duck/Fujian/11.23_FZHX0015-C/2017_H5N6|GCA_038993075.1                           7.09%    passed     99.10%
2037  A/duck/Fujian/11.3_FZHX1132-O/2016_H5N6|GCA_038920095.1                            7.25%    passed     99.87%
2038  A/duck/Fujian/11.3_FZHX1141-C/2016_H5N6|GCA_038919555.1                            7.25%    passed     99.70%
2039  A/duck/Fujian/12.7_FZHX1202-O/2016_H5N6|GCA_038930535.1                            7.25%    passed     99.70%
2040  A/duck/Fujian/12.7_FZHX1218-C/2016_H5N6|GCA_038930555.1                            7.09%    passed     98.76%
2041  A/duck/Fujian/12.7_FZHX1219-O/2016_H5N6|GCA_038930625.1                            7.25%    passed     98.66%
2042  A/duck/Fujian/12.7_FZHX1221-C/2016_H5N6|GCA_038930585.1                            7.25%    passed     98.66%
2043  A/duck/Guangdong/11.18_SZBJ003-C/2016_H5N6|GCA_038923895.1                         7.09%    passed     99.55%
2044  A/duck/Guangdong/11.18_SZBJ003-O/2016_H5N6|GCA_038923635.1                         7.09%    passed     99.55%
2045  A/duck/Guangdong/11.18_SZBJ007-O/2016_H5N6|GCA_038923905.1                         7.09%    passed     99.33%
2046  A/duck/Guangdong/23/2004_H5N1|GCA_038226145.1                                      6.92%    passed     89.97%
2047  A/duck/Guangdong/GD01/2014_H5N6|GCA_038723425.1                                    3.16%    passed     98.94%
2048  A/duck/Guangdong/s14044/2014_H5N8|GCA_038713185.1                                  7.09%    passed     99.84%
2049  A/duck/Guangdong/wy11/2008_H5N5|GCA_038482195.1                                    3.16%    passed     96.12%
2050  A/duck/Guangdong/wy19/2008_H5N5|GCA_038481545.1                                    3.16%    passed     97.01%
2051  A/duck/Guangdong/wy24/2008_H5N5|GCA_038482215.1                                    3.00%    passed     93.67%
2052  A/duck/Guangzhou/018/2014_H5N6|GCA_038713075.1                                     7.09%    passed     99.84%
2053  A/duck/Guangzhou/021/2014_H5N6|GCA_038714225.1                                     7.09%    passed     99.84%
2054  A/duck/Guangzhou/41227/2014_H5N6|GCA_038764855.1                                   7.09%    passed     99.74%
2055  A/duck/Guizhou/7.27_ZYLJJ017-O/2018_H5N6|GCA_039081265.1                           4.85%    passed     99.77%
2056  A/duck/Guizhou/8.26_ZYLJJ016-O/2018_H5N6|GCA_039082565.1                           4.85%    passed     99.00%
2057  A/duck/Guizhou/8.26_ZYLJJ017-O/2018_H5N6|GCA_039082585.1                           4.85%    passed     99.07%
2058  A/duck/Hainan/12.29_HKPL002-C/2017_H5N6|GCA_038998405.1                            4.20%    passed     97.49%
2059  A/duck/Hebei/0908/2009_H5N2|GCA_038548285.1                                        6.92%    passed     94.71%
2060  A/duck/Hong_Kong/342/1978_H5N2|GCA_037928915.1                                     3.65%    passed     85.38%
2061  A/duck/Hsinchu/15020216/2015_H5N2|GCA_038773755.1                                  3.22%    passed     99.72%
2062  A/duck/HuBei/03/2010_H5N5|GCA_038582495.1                                          3.16%    passed     99.85%
2063  A/duck/Hubei/2911/2007_H5N1|GCA_038457615.1                                        7.09%    passed     98.81%
2064  A/duck/Hubei/49/2005_H5N1|GCA_038388125.1                                          3.16%    passed     99.89%
2065  A/duck/Hubei/SZY250/2016_H5N2|GCA_038848485.1                                      7.09%    passed     79.11%
2066  A/duck/Hubei/xn/2007_H5N1|GCA_038473135.1                                          5.02%    passed     91.79%
2067  A/duck/Hunan/01.12_YYGK82H3-OC/2018_H5N6|GCA_039008605.1                           4.85%    passed     91.35%
2068  A/duck/Hunan/03.07_YYGK25L3-OC/2018_H5N6|GCA_039061415.1                           3.33%    passed     95.86%
2069  A/duck/Hunan/03.07_YYGK4L3-OC/2018_H5N6|GCA_039060495.1                            4.96%    passed     99.61%
2070  A/duck/Hunan/03.24_YYGK174M2-C/2017_H5N6|GCA_038963135.1                           4.85%    passed     80.70%
2071  A/duck/Hunan/03.24_YYGK178M2-C/2017_H5N6|GCA_038963525.1                           4.85%    passed     83.36%
2072  A/duck/Hunan/03.24_YYGK18M2-O/2017_H5N6|GCA_038963545.1                            4.85%    passed     80.70%
2073  A/duck/Hunan/03.24_YYGK21M2-O/2017_H5N6|GCA_038963175.1                            4.85%    passed     80.70%
2074  A/duck/Hunan/1.12_YYGK68H3-OC/2018_H5N6|GCA_039005615.1                            4.85%    passed     98.44%
2075  A/duck/Hunan/1.12_YYGK72H3-OC/2018_H5N6|GCA_039008625.1                            4.85%    passed     98.31%
2076  A/duck/Hunan/1.12_YYGK74H3-OC/2018_H5N6|GCA_039005635.1                            4.85%    passed     91.35%
2077  A/duck/Hunan/1.17_YYGKK80-OC/2017_H5N6|GCA_038945855.1                             4.85%    passed     95.59%
2078  A/duck/Hunan/11.30_YYGK59E3-OC/2017_H5N6|GCA_038988965.1                           7.25%    passed     98.97%
2079  A/duck/Hunan/11.30_YYGK62E3-OC/2017_H5N6|GCA_038984705.1                           4.85%    passed     91.35%
2080  A/duck/Hunan/11.30_YYGK63E3-OC/2017_H5N6|GCA_038988985.1                           4.85%    passed     91.35%
2081  A/duck/Hunan/11.30_YYGK74E3-OC/2017_H5N8|GCA_038984725.1                           7.09%    passed     98.37%
2082  A/duck/Hunan/11.30_YYGK75E3-OC/2017_H5N6|GCA_038989005.1                           7.09%    passed     98.37%
2083  A/duck/Hunan/12.27_YYGK100J2-C/2016_H5N6|GCA_038936035.1                           4.85%    passed     95.30%
2084  A/duck/Hunan/12.27_YYGK60J2-C/2016_H5N6|GCA_038936165.1                            3.16%    passed     97.43%
2085  A/duck/Hunan/12.27_YYGK71J2-O/2016_H5N6|GCA_038936085.1                            4.85%    passed     95.30%
2086  A/duck/Hunan/12.27_YYGK73J2-O/2016_H5N6|GCA_038936195.1                            3.16%    passed     98.47%
2087  A/duck/Hunan/12.27_YYGK81J2-O/2016_H5N6|GCA_038936145.1                            4.85%    passed     93.97%
2088  A/duck/Hunan/12.27_YYGK86J2-C/2016_H5N6|GCA_038936355.1                            3.16%    passed     97.43%
2089  A/duck/Hunan/12.27_YYGK89J2-O/2016_H5N6|GCA_038936185.1                            4.85%    passed     95.30%
2090  A/duck/Hunan/12.27_YYGK91J2-O/2016_H5N6|GCA_038936395.1                            4.85%    passed     95.30%
2091  A/duck/Hunan/12.27_YYGK93J2-O/2016_H5N6|GCA_038936205.1                            4.85%    passed     95.30%
2092  A/duck/Hunan/12.27_YYGK95J2-O/2016_H5N6|GCA_038936415.1                            4.85%    passed     95.30%
2093  A/duck/Hunan/12.27_YYGK96J2-O/2016_H5N6|GCA_038936265.1                            4.85%    passed     95.30%
2094  A/duck/Hunan/12.27_YYGK97J2-O/2016_H5N6|GCA_038936435.1                            4.85%    passed     95.30%
2095  A/duck/Hunan/2.06_YYGK77J3-OC/2018_H5N6|GCA_039046885.1                            4.85%    passed     95.57%
2096  A/duck/Hunan/2.06_YYGK78J3-OC/2018_H5N6|GCA_039047925.1                            4.85%    passed     96.55%
2097  A/duck/Hunan/2.06_YYGK84J3-OC/2018_H5N6|GCA_039046955.1                            4.85%    passed     95.57%
2098  A/duck/Hunan/2.06_YYGK92J3-OC/2018_H5N6|GCA_039047025.1                            4.85%    passed     95.57%
2099  A/duck/Hunan/3/2007_H5N1|GCA_038471155.1                                           3.60%    passed     93.97%
2100  A/duck/Hunan/316/2005_H5N1|GCA_038257385.1                                         3.16%    passed     98.97%
2101  A/duck/Hunan/3315/2006_H5N1|GCA_038284025.1                                        7.09%    passed     99.14%
2102  A/duck/Hunan/689/2006_H5N1|GCA_038284915.1                                         7.09%    passed     98.38%
2103  A/duck/Hunan/7.21_YYGK41Y1-C/2016_H5N6|GCA_038861085.1                             7.09%    passed     99.66%
2104  A/duck/Hunan/733/2004_H5N1|GCA_038225465.1                                         7.09%    passed     99.42%
2105  A/duck/Hunan/8/2008_H5N1|GCA_038497435.1                                           3.16%    passed     99.23%
2106  A/duck/Hunan/S4020/2008_H5N1|GCA_038499705.1                                       3.16%    passed     97.75%
2107  A/duck/Hunan/S4030/2011_H5N1|GCA_038633355.1                                       7.09%    passed     88.56%
2108  A/duck/Hunan/S4101/2011_H5N2|GCA_038634205.1                                       7.74%    passed     26.17%
2109  A/duck/Hunan/S4120/2011_H5N2|GCA_038634225.1                                       7.74%    passed     29.46%
2110  A/duck/Hunan/S4150/2011_H5N1|GCA_038633695.1                                       7.09%    passed     98.93%
2111  A/duck/Hunan/S4220/2011_H5N1|GCA_038633855.1                                       7.09%    passed     97.13%
2112  A/duck/Jiangsu/m234/2012_H5N2|GCA_038639545.1                                      3.16%    passed     99.02%
2113  A/duck/Jiangxi/01.11_NCNP101G2-OC/2017_H5N6|GCA_038944105.1                        4.85%    passed     94.75%
2114  A/duck/Jiangxi/10160/2014_H5N6|GCA_038719765.1                                     7.09%    passed     98.55%
2115  A/duck/Jiangxi/11.17_NCNP30Y2-O/2016_H5N6|GCA_038923195.1                          3.71%    passed     90.95%
2116  A/duck/Jiangxi/11.17_NCNP48Y2-C/2016_H5N6|GCA_038923485.1                          3.71%    passed     90.95%
2117  A/duck/Jiangxi/11.29_NCDZT71H2-O/2016_H5N6|GCA_038927175.1                         4.85%    passed     90.37%
2118  A/duck/Jiangxi/11.29_NCNP22D3-OC/2017_H5N6|GCA_038994985.1                         7.09%    passed     99.17%
2119  A/duck/Jiangxi/11.29_NCNP39D3-OC/2017_H5N6|GCA_038990055.1                         4.85%    passed     94.26%
2120  A/duck/Jiangxi/120/2011_H5N1|GCA_038635235.1                                       6.92%    passed     99.46%
2121  A/duck/Jiangxi/130/2011_H5N1|GCA_038635815.1                                       6.92%    passed     95.96%
2122  A/duck/Jiangxi/13469/2014_H5N6|GCA_038730455.1                                     7.09%    passed     99.39%
2123  A/duck/Jiangxi/13475/2014_H5N6|GCA_038729825.1                                     7.09%    passed     99.07%
2124  A/duck/Jiangxi/13484/2014_H5N6|GCA_038730495.1                                     7.09%    passed     99.39%
2125  A/duck/Jiangxi/2.28NCNP23K3-OC/2018_H5N6|GCA_039058365.1                           4.85%    passed     96.21%
2126  A/duck/Jiangxi/2.28_NCNP25K3-OC/2018_H5N6|GCA_039058525.1                          3.33%    passed     97.54%
2127  A/duck/Jiangxi/34/2011_H5N1|GCA_038635835.1                                        6.92%    passed     86.70%
2128  A/duck/Jiangxi/35/2011_H5N1|GCA_038635275.1                                        6.92%    passed     83.53%
2129  A/duck/Jiangxi/44/2011_H5N1|GCA_038635855.1                                        6.92%    passed     82.02%
2130  A/duck/Jiangxi/5.26_NCDZT80Q2-OC/2017_H5N6|GCA_039010495.1                         4.85%    passed     95.80%
2131  A/duck/Jiangxi/80/2005_H5N1|GCA_038250035.1                                        6.92%    passed     99.12%
2132  A/duck/Jilin/JL-SIV/2013_H5N1|GCA_038685295.1                                      7.09%    passed     78.04%
2133  A/duck/Kaohsiung/15010213/2015_H5N2|GCA_038768995.1                                3.22%    passed     99.67%
2134  A/duck/Kaohsiung/15WB3298-1-5/2015_H5N3|GCA_040483655.1                            3.71%    passed     83.68%
2135  A/duck/Kaohsiung/20WB0242-154/2020_H5N3|GCA_040487115.1                            3.71%    passed     90.68%
2136  A/duck/Liaoning/LN/2011_H5N5|GCA_038611925.1                                       7.09%    passed     97.16%
2137  A/duck/Nanchang/9789/2013_H5N1|GCA_038700315.1                                     3.00%    passed     96.48%
2138  A/duck/Nantou/15A3437/2015_H5N2|GCA_038773175.1                                    3.16%    passed     99.55%
2139  A/duck/Nantou/17A0243/2017_H5N2|GCA_038963595.1                                    3.16%    passed     99.41%
2140  A/duck/Pingtung/15010180/2015_H5N3|GCA_038768675.1                                 3.16%    passed     99.80%
2141  A/duck/Pingtung/15010444/2015_H5N2|GCA_038769465.1                                 3.22%    passed     99.75%
2142  A/duck/Pingtung/17A0160/2017_H5N2|GCA_038959745.1                                  3.00%    passed     99.94%
2143  A/duck/Pingtung/18A00003-11-20T/2018_H5N2|GCA_039004315.1                          3.22%    passed     97.51%
2144  A/duck/Pingtung/18A00076-11-20T/2018_H5N2|GCA_039043675.1                          3.22%    passed     99.89%
2145  A/duck/Pingtung/18X00077/2018_H5N2|GCA_039102465.1                                 3.22%    passed     93.14%
2146  A/duck/Shandong/009/2008_H5N1|GCA_038500835.1                                      3.16%    passed     99.31%
2147  A/duck/Shandong/Q1/2013_H5N8|GCA_038686665.1                                       7.09%    passed     96.78%
2148  A/duck/Shandong/SD0261/2021_H5N6|GCA_039231315.1                                   7.09%    passed     90.09%
2149  A/duck/Shandong/SD0263/2021_H5N6|GCA_039231285.1                                   7.09%    passed     90.09%
2150  A/duck/Sichuan/NCXJ15/2014_H5N6|GCA_038732985.1                                    7.09%    passed     99.46%
2151  A/duck/Sichuan/NCXJ16/2014_H5N6|GCA_038733795.1                                    7.09%    passed     99.14%
2152  A/duck/Sichuan/NCXN10/2014_H5N1|GCA_038733835.1                                    7.09%    passed     99.85%
2153  A/duck/Sichuan/NCXN11/2014_H5N1|GCA_038733045.1                                    7.09%    passed     99.53%
2154  A/duck/Sichuan/SC4822/2021_H5N6|GCA_039232765.1                                    7.09%    passed     86.05%
2155  A/duck/Sichuan/SC5698/2021_H5N6|GCA_039232175.1                                    7.09%    passed     83.70%
2156  A/duck/Taichung/15010400-1/2015_H5N2|GCA_038770025.1                               3.22%    passed     99.08%
2157  A/duck/Tainan/15010403/2015_H5N8|GCA_038769785.1                                   3.22%    passed     99.48%
2158  A/duck/Tainan/16010020-1/2016_H5N2|GCA_038810375.1                                 3.22%    passed     92.71%
2159  A/duck/Tainan/16WB3443-156-160/2016_H5N3|GCA_040484015.1                           3.71%    passed     83.68%
2160  A/duck/Taipei/05WB830-1-5-E2/2005_H5N2|GCA_040484025.1                             3.71%    passed     83.92%
2161  A/duck/Taipei/18WB0120-1-5-E1/2018_H5N3|GCA_040484915.1                            3.71%    passed     90.70%
2162  A/duck/Taipei/19WB0235-14-16/2019_H5N3|GCA_040485735.1                             3.71%    passed     89.69%
2163  A/duck/Taiwan/01006/2015_H5N2|GCA_038768845.1                                      3.16%    passed     99.79%
2164  A/duck/Taiwan/11213/2013_H5N2|GCA_038692945.1                                      7.74%    passed     36.17%
2165  A/duck/Taiwan/11254/2013_H5N2|GCA_038693795.1                                      7.74%    passed     40.85%
2166  A/duck/Taiwan/A3400/2015_H5N8|GCA_038773885.1                                      3.00%    passed     99.93%
2167  A/duck/Taiwan/DV1238/2009_H5N2|GCA_038504495.1                                     7.58%    passed     86.93%
2168  A/duck/Taiwan/DV1241/2009_H5N2|GCA_038504955.1                                     7.58%    passed     90.51%
2169  A/duck/Taiwan/DV1242/2009_H5N2|GCA_038504515.1                                     7.58%    passed     88.71%
2170  A/duck/Taoyuan/16010023-1/2016_H5N2|GCA_038810555.1                                3.22%    passed     99.08%
2171  A/duck/Wenzhou/YJYF33/2015_H5N1|GCA_038765865.1                                    5.83%    passed     95.89%
2172  A/duck/Wuhan/JXYFB22/2015_H5N6|GCA_038765885.1                                     3.16%    passed     98.58%
2173  A/duck/Wuhan/WHYF02/2015_H5N6|GCA_038766715.1                                      3.27%    passed     98.46%
2174  A/duck/Xinjiang/12.18_WLMQXL001-C/2016_H5N8|GCA_054191505.1                        7.09%    passed     99.82%
2175  A/duck/Yilan/17A0092/2017_H5N2|GCA_038956825.1                                     3.16%    passed     99.87%
2176  A/duck/Yunlin/15010244-1/2015_H5N2|GCA_038769735.1                                 3.22%    passed     99.75%
2177  A/duck/Yunlin/15010277/2015_H5N8|GCA_038770295.1                                   3.16%    passed     99.75%
2178  A/duck/Yunlin/15010310-4/2015_H5N2|GCA_038769545.1                                 3.22%    passed     98.87%
2179  A/duck/Yunlin/15010318-2/2015_H5N2|GCA_038770375.1                                 3.22%    passed     99.51%
2180  A/duck/Yunlin/15010369-1/2015_H5N2|GCA_038770795.1                                 3.22%    passed     99.02%
2181  A/duck/Yunlin/15010458-1/2015_H5N8|GCA_038771035.1                                 3.22%    passed     99.87%
2182  A/duck/Yunlin/15070002-2/2015_H5N2|GCA_038784565.1                                 3.22%    passed     99.37%
2183  A/duck/Yunlin/15A5019/2015_H5N2|GCA_038798835.1                                    3.16%    passed     99.93%
2184  A/duck/Yunlin/17110001/2017_H5N2|GCA_038988565.1                                   3.16%    passed     99.59%
2185  A/duck/Yunlin/17A0086/2017_H5N2|GCA_038956915.1                                    3.16%    passed     99.91%
2186  A/duck/Yunlin/17A0686/2017_H5N2|GCA_038976265.1                                    3.16%    passed     99.61%
2187  A/duck/Yunlin/18060007-3/2018_H5N2|GCA_039077835.1                                 3.22%    passed     97.68%
2188  A/duck/Yunlin/18X00007-3/2018_H5N2|GCA_039075115.1                                 3.22%    passed     98.46%
2189  A/duck/Yunnan/4072/2003_H5N1|GCA_038206845.1                                       6.60%    passed     99.09%
2190  A/duck/Yunnan/426/2004_H5N1|GCA_038224975.1                                        6.60%    passed     99.80%
2191  A/duck/Yunnan/4645/2003_H5N1|GCA_038207615.1                                       6.60%    passed     98.13%
2192  A/duck/Yunnan/47/2006_H5N1|GCA_038265795.1                                         6.92%    passed     98.88%
2193  A/duck/Yunnan/485/2004_H5N1|GCA_038225705.1                                        6.60%    passed     99.89%
2194  A/duck/Yunnan/4873/2006_H5N1|GCA_038265225.1                                       5.34%    passed     93.87%
2195  A/duck/Yunnan/5090/2003_H5N1|GCA_038206865.1                                       6.60%    passed     99.52%
2196  A/duck/Yunnan/5169/2003_H5N1|GCA_038207655.1                                       6.60%    passed     99.39%
2197  A/duck/Yunnan/522/2004_H5N1|GCA_038225055.1                                        6.60%    passed     99.93%
2198  A/duck/Yunnan/5310/2006_H5N1|GCA_038265665.1                                       5.62%    passed     99.43%
2199  A/duck/Yunnan/5948/2003_H5N1|GCA_038206905.1                                       7.09%    passed     99.19%
2200  A/duck/Yunnan/6080/2003_H5N1|GCA_038207675.1                                       6.60%    passed     99.84%
2201  A/duck/Yunnan/6603/2003_H5N1|GCA_038207005.1                                       6.60%    passed     99.92%
2202  A/duck/Zhejiang/1026109/2015_H5N2|GCA_038797245.1                                  7.09%    passed     94.96%
2203  A/duck/Zhejiang/1220092/2014_H5N1|GCA_038762415.1                                  7.09%    passed     94.55%
2204  A/duck/Zhejiang/213/2011_H5N1|GCA_038608435.1                                      6.92%    passed     88.43%
2205  A/duck/Zhejiang/224/2011_H5N1|GCA_038608795.1                                      6.92%    passed     87.11%
2206  A/duck/Zhejiang/2242/2011_H5N1|GCA_038608455.1                                     6.92%    passed     85.93%
2207  A/duck/Zhejiang/2243/2011_H5N1|GCA_038608815.1                                     6.92%    passed     85.93%
2208  A/duck/Zhejiang/2244/2011_H5N1|GCA_038608475.1                                     6.92%    passed     87.15%
2209  A/duck/Zhejiang/2245/2011_H5N1|GCA_038608835.1                                     6.92%    passed     85.93%
2210  A/duck/Zhejiang/2248/2011_H5N1|GCA_038608495.1                                     6.92%    passed     84.67%
2211  A/duck/Zhejiang/6D18/2013_H5N8|GCA_038706315.1                                     7.09%    passed     97.03%
2212  A/duck/Zhejiang/6D2/2013_H5N6|GCA_038707195.1                                      7.09%    passed     98.55%
2213  A/duck/Zhejiang/6DK19/2013_H5N2|GCA_038705225.1                                    7.09%    passed     98.06%
2214  A/duck/Zhejiang/727041/2014_H5N2|GCA_038740185.1                                   7.09%    passed     98.91%
2215  A/duck/Zhejiang/727158/2014_H5N6|GCA_038740225.1                                   7.09%    passed     98.31%
2216  A/duck/Zhejiang/77138/2014_H5N2|GCA_038739435.1                                    7.09%    passed     98.86%
2217  A/duck/Zhejiang/925019/2014_H5N8|GCA_038748265.1                                   7.09%    passed     94.59%
2218  A/duck/Zhejiang/925169/2014_H5N8|GCA_038747215.1                                   7.09%    passed     95.46%
2219  A/duck/Zhejiang/W24/2013_H5N8|GCA_038703555.1                                      7.09%    passed     97.20%
2220  A/egret/Zhejiang/W15/2017_H5N6|GCA_038995395.1                                     7.09%    passed     99.73%
2221  A/egret/Zhejiang/W18/2017_H5N6|GCA_038990475.1                                     7.25%    passed     99.88%
2222  A/equine/China/61/2010_H5N1|GCA_038578875.1                                        7.09%    passed     98.16%
2223  A/equine/China/67/2010_H5N1|GCA_038579415.1                                        7.09%    passed     98.73%
2224  A/equine/China/68/2010_H5N1|GCA_038578895.1                                        7.09%    passed     98.79%
2225  A/eurasian_coot/Shandong/W5611/2020_H5N8|GCA_039228605.1                           7.09%    passed     94.32%
2226  A/eurasian_coot/Shandong/W6137/2020_H5N8|GCA_039229355.1                           7.09%    passed     91.32%
2227  A/eurasian_coot/Shandong/W6143/2020_H5N8|GCA_039228625.1                           7.09%    passed     91.18%
2228  A/eurasian_coot/Shandong/W6150/2020_H5N8|GCA_039229375.1                           7.09%    passed     94.32%
2229  A/feline/Guangdong/2/2015_H5N6|GCA_038769285.1                                     3.16%    passed     99.48%
2230  A/gadwall/Ningxia/YG61/2017_H5N6|GCA_038981945.1                                   7.58%    passed     80.18%
2231  A/goose/Changhua/15040008/2015_H5N2|GCA_038777225.1                                3.16%    passed     96.82%
2232  A/goose/Chiayi/15010008-3/2015_H5N2|GCA_038768115.1                                3.22%    passed     99.51%
2233  A/goose/Chiayi/15010016-1/2015_H5N2|GCA_038768865.1                                3.22%    passed     99.08%
2234  A/goose/Chiayi/15020022/2015_H5N8|GCA_038771855.1                                  3.16%    passed     99.74%
2235  A/goose/Chiayi/16010017-2/2016_H5N2|GCA_038809735.1                                3.22%    passed     94.62%
2236  A/goose/Chiayi/16040003-1/2016_H5N2|GCA_038842625.1                                3.22%    passed     98.37%
2237  A/goose/Chiayi/16040005/2016_H5N2|GCA_038844265.1                                  3.16%    passed     98.78%
2238  A/goose/Chiayi/17020027-1/2017_H5N2|GCA_038954895.1                                3.22%    passed     99.77%
2239  A/goose/Chiayi/17040014/2017_H5N2|GCA_038966165.1                                  3.16%    passed     99.68%
2240  A/goose/Chiayi/18010006/2018_H5N2|GCA_039004975.1                                  3.22%    passed     99.55%
2241  A/goose/Chiayi/18020014-1/2018_H5N2|GCA_039050395.1                                3.22%    passed     99.53%
2242  A/goose/Chiayi/18020014-2/2018_H5N2|GCA_039051145.1                                3.22%    passed     99.53%
2243  A/goose/China/0701/2018_H5N6|GCA_039079155.1                                       7.25%    passed     94.39%
2244  A/goose/China/1/2021_H5N8|GCA_039229645.1                                          5.02%    passed     95.64%
2245  A/goose/China/1106/2016_H5N2|GCA_038814825.1                                       7.09%    passed     96.78%
2246  A/goose/China/E43/2012_H5N1|GCA_038647645.1                                        3.00%    passed     84.35%
2247  A/goose/China/M14/2016_H5N6|GCA_048666285.1                                        7.25%    passed     96.30%
2248  A/goose/Eastern_China/1112/2011_H5N2|GCA_038605825.1                               7.09%    passed     95.93%
2249  A/goose/Eastern_China/223/2008_H5N1|GCA_038476145.1                                7.09%    passed     98.45%
2250  A/goose/Eastern_China/CZ/2013_H5N8|GCA_038704145.1                                 7.09%    passed     96.40%
2251  A/goose/Eastern_China/L1204/2012_H5N8|GCA_038661065.1                              7.09%    passed     96.54%
2252  A/goose/Eastern_China/L1214/2012_H5N8|GCA_038661495.1                              7.09%    passed     99.82%
2253  A/goose/Eastern_China/S0408/2014_H5N8|GCA_038731965.1                              7.09%    passed     97.43%
2254  A/goose/Eastern_China/S0513/2013_H5N6|GCA_038688245.1                              7.09%    passed     99.98%
2255  A/goose/Fujian/10.11_FZHX1001-C/2016_H5N6|GCA_038913145.1                          7.25%    passed     99.70%
2256  A/goose/Fujian/10.26_FZHX0002-C/2017_H5N6|GCA_038982945.1                          7.25%    passed     98.97%
2257  A/goose/Fujian/10.26_FZHX0002-O/2017_H5N6|GCA_054192245.1                          7.25%    passed     98.97%
2258  A/goose/Fujian/10.26_FZHX0004-C/2017_H5N6|GCA_054192255.1                          7.25%    passed     98.21%
2259  A/goose/Fujian/10.26_FZHX0004-O/2017_H5N6|GCA_038982965.1                          7.25%    passed     98.21%
2260  A/goose/Fujian/10.26_FZHX0006-C/2017_H5N6|GCA_038987365.1                          7.25%    passed     98.21%
2261  A/goose/Fujian/10.26_FZHX0006-O/2017_H5N6|GCA_038982985.1                          7.25%    passed     98.21%
2262  A/goose/Fujian/10.26_FZHX0007-O/2017_H5N6|GCA_038987385.1                          7.09%    passed     99.10%
2263  A/goose/Fujian/10.26_FZHX0008-C/2017_H5N6|GCA_038983005.1                          7.25%    passed     98.21%
2264  A/goose/Fujian/10.26_FZHX0014-O/2017_H5N6|GCA_038983025.1                          7.25%    passed     98.97%
2265  A/goose/Fujian/11.3_FZHX1102-C/2016_H5N6|GCA_038920035.1                           7.09%    passed     99.78%
2266  A/goose/Fujian/3.15_FZHX0001-O/2018_H5N6|GCA_039063525.1                           4.85%    passed     97.21%
2267  A/goose/Fujian/3.15_FZHX0005-C/2018_H5N6|GCA_039064515.1                           4.09%    passed     97.10%
2268  A/goose/Fujian/3.15_FZHX0007-C/2018_H5N6|GCA_039064535.1                           3.33%    passed     98.42%
2269  A/goose/Fujian/3.15_FZHX0008-C/2018_H5N6|GCA_039063625.1                           4.85%    passed     98.93%
2270  A/goose/Fujian/3.15_FZHX0010-O/2018_H5N6|GCA_039064635.1                           4.09%    passed     97.04%
2271  A/goose/GuangDong/1189/2023_H5N1|GCA_041199045.1                                   7.09%    passed     91.68%
2272  A/goose/Guangdong/7.20_DGCP010-C/2017_H5N6|GCA_039015605.1                         3.33%    passed     98.60%
2273  A/goose/Guangdong/72/2004_H5N1|GCA_038225495.1                                     6.92%    passed     99.31%
2274  A/goose/Guangdong/QY01/2016_H5N6|GCA_038915705.1                                   6.38%    passed     95.31%
2275  A/goose/Guangdong/k0103/2010_H5N5|GCA_038579115.1                                  3.00%    passed     99.47%
2276  A/goose/Guangdong/s13124/2013_H5N8|GCA_038705655.1                                 7.09%    passed     99.84%
2277  A/goose/Hebei/HG12/2021_H5N8|GCA_039229515.1                                       7.09%    passed     91.32%
2278  A/goose/Henan/01.01_LYGL001-O/2017_H5N6|GCA_038941375.1                            4.03%    passed     99.66%
2279  A/goose/Hong_Kong/23/1978_H5N3|GCA_037928935.1                                     3.65%    passed     88.73%
2280  A/goose/Hubei/65/2005_H5N1|GCA_038247805.1                                         3.16%    passed     99.72%
2281  A/goose/Inner_Mongolia/IM-192/2014_H5N1|GCA_038752275.1                            7.09%    passed     99.44%
2282  A/goose/Jiangsu/QD5/2014_H5N8|GCA_038723245.1                                      7.09%    passed     96.25%
2283  A/goose/Jiangsu/k0403/2010_H5N1|GCA_038580855.1                                    7.09%    passed     97.54%
2284  A/goose/Pingtung/15010007-4/2015_H5N2|GCA_038767775.1                              3.22%    passed     99.75%
2285  A/goose/Pingtung/15010037-1/2015_H5N2|GCA_038769025.1                              3.22%    passed     99.51%
2286  A/goose/Pingtung/15050014/2015_H5N8|GCA_038779905.1                                3.16%    passed     99.81%
2287  A/goose/Pingtung/16010061/2016_H5N8|GCA_038813835.1                                3.16%    passed     99.52%
2288  A/goose/Shantou/1763/2014_H5N6|GCA_038724575.1                                     7.09%    passed     99.86%
2289  A/goose/Tainan/16040018-1/2016_H5N8|GCA_038847575.1                                3.22%    passed     99.67%
2290  A/goose/Tainan/16070002/2016_H5N8|GCA_038857185.1                                  3.16%    passed     99.86%
2291  A/goose/Tainan/17030022-1/2017_H5N2|GCA_038959535.1                                3.22%    passed     99.96%
2292  A/goose/Tainan/17030024-1/2017_H5N2|GCA_038959415.1                                3.22%    passed     99.99%
2293  A/goose/Tainan/18010022-1/2018_H5N2|GCA_039040535.1                                3.22%    passed     99.95%
2294  A/goose/Tainan/18050014-1/2018_H5N2|GCA_039074285.1                                3.22%    passed     99.82%
2295  A/goose/Taiwan/01019/2015_H5N8|GCA_038768275.1                                     3.16%    passed     99.83%
2296  A/goose/Taiwan/01022/2015_H5N2|GCA_038768375.1                                     3.16%    passed     99.51%
2297  A/goose/Taiwan/01023/2015_H5N2|GCA_038769125.1                                     3.16%    passed     99.51%
2298  A/goose/Taiwan/01031/2015_H5N2|GCA_038769145.1                                     3.16%    passed     99.80%
2299  A/goose/Taiwan/01038/2015_H5N3|GCA_038768415.1                                     3.16%    passed     99.94%
2300  A/goose/Taiwan/01039/2015_H5N8|GCA_038769165.1                                     3.16%    passed     99.86%
2301  A/goose/Taiwan/01040/2015_H5N2|GCA_038768435.1                                     3.16%    passed     99.79%
2302  A/goose/Taiwan/TNC1/2015_H5N8|GCA_038769095.1                                      7.09%    passed     97.79%
2303  A/goose/Taiwan/TNC10/2015_H5N8|GCA_038769835.1                                     7.09%    passed     98.66%
2304  A/goose/Taiwan/TNC11/2015_H5N8|GCA_038769115.1                                     7.09%    passed     99.58%
2305  A/goose/Taiwan/TNC12/2015_H5N8|GCA_038769855.1                                     7.09%    passed     98.66%
2306  A/goose/Taiwan/TNC14/2015_H5N8|GCA_038769875.1                                     7.09%    passed     98.66%
2307  A/goose/Taiwan/TNC3/2015_H5N8|GCA_038769895.1                                      7.09%    passed     99.54%
2308  A/goose/Taiwan/TNC7/2015_H5N8|GCA_038769935.1                                      7.09%    passed     98.66%
2309  A/goose/Taiwan/TNC9/2015_H5N8|GCA_038769955.1                                      7.09%    passed     99.54%
2310  A/goose/Taiwan/TNO15/2015_H5N8|GCA_038769295.1                                     7.09%    passed     99.58%
2311  A/goose/Taiwan/TNO3/2015_H5N8|GCA_038770095.1                                      7.09%    passed     98.26%
2312  A/goose/Taiwan/TNO9/2015_H5N8|GCA_038770215.1                                      7.09%    passed     99.58%
2313  A/goose/Taoyuan/15010041/2015_H5N8|GCA_038769185.1                                 3.16%    passed     99.86%
2314  A/goose/Taoyuan/18120002-2/2018_H5N2|GCA_039107915.1                               3.22%    passed     99.66%
2315  A/goose/Xinjiang/12.18_WLMQXL001-C/2016_H5N6|GCA_054191515.1                       7.09%    passed     93.07%
2316  A/goose/Xinjiang/12.18_WLMQXL002-O/2016_H5N6|GCA_038933505.1                       7.09%    passed     93.07%
2317  A/goose/Xinjiang/12.18_WLMQXL003-C/2016_H5N8|GCA_038933575.1                       7.09%    passed     99.71%
2318  A/goose/Xinjiang/12.18_WLMQXL003-O/2016_H5N8|GCA_038933525.1                       7.09%    passed     99.71%
2319  A/goose/Xinjiang/12.18_WLMQXL004-C/2016_H5N8|GCA_038933595.1                       7.09%    passed     99.71%
2320  A/goose/Xinjiang/12.18_WLMQXL004-O/2016_H5N8|GCA_038933545.1                       7.09%    passed     99.71%
2321  A/goose/Yangzhou/0420/2014_H5N8|GCA_038733295.1                                    7.09%    passed     97.03%
2322  A/goose/Yangzhou/YZ587/2016_H5N6|GCA_038851595.1                                   7.09%    passed     99.62%
2323  A/goose/Yunlin/15010005/2015_H5N2|GCA_038768625.1                                  3.16%    passed     99.51%
2324  A/goose/Yunlin/15010009-1/2015_H5N2|GCA_038768135.1                                3.22%    passed     99.51%
2325  A/goose/Yunlin/15010010-2/2015_H5N2|GCA_038768885.1                                3.22%    passed     99.46%
2326  A/goose/Yunlin/15010011-1/2015_H5N2|GCA_038768155.1                                3.22%    passed     99.46%
2327  A/goose/Yunlin/15010029-1/2015_H5N2|GCA_038768295.1                                3.22%    passed     99.37%
2328  A/goose/Yunlin/15040040/2015_H5N8|GCA_038779735.1                                  3.16%    passed     99.35%
2329  A/goose/Yunlin/16020008-4/2016_H5N2|GCA_038817505.1                                3.22%    passed     98.37%
2330  A/goose/Yunlin/16020011-1/2016_H5N2|GCA_038818795.1                                3.22%    passed     99.25%
2331  A/goose/Yunlin/16040002-2/2016_H5N2|GCA_038838985.1                                3.22%    passed     98.96%
2332  A/goose/Yunlin/17100005/2017_H5N2|GCA_038983105.1                                  3.16%    passed     98.33%
2333  A/goose/Yunlin/18030020-2/2018_H5N2|GCA_039068475.1                                3.22%    passed     98.00%
2334  A/goose/Yunlin/18030020-3/2018_H5N2|GCA_039067995.1                                3.22%    passed     97.33%
2335  A/goose/Yunlin/18040002-3/2018_H5N2|GCA_039068415.1                                3.22%    passed     99.38%
2336  A/goose/Yunlin/18040018-2/2018_H5N2|GCA_039071675.1                                3.22%    passed     99.61%
2337  A/goose/Yunlin/18090002-3/2018_H5N2|GCA_039083785.1                                3.22%    passed     99.79%
2338  A/goose/Yunlin/18090006-1/2018_H5N2|GCA_039086885.1                                3.22%    passed     90.09%
2339  A/goose/Yunlin/18110002-3/2018_H5N2|GCA_039099465.1                                3.22%    passed     99.92%
2340  A/goose/Yunnan/3798/2006_H5N1|GCA_038265685.1                                      6.87%    passed     98.16%
2341  A/goose/Yunnan/4371/2006_H5N1|GCA_038265265.1                                      7.03%    passed     97.59%
2342  A/goose/Yunnan/4389/2006_H5N1|GCA_038265705.1                                      6.05%    passed     96.48%
2343  A/goose/Yunnan/4985/2006_H5N1|GCA_038265285.1                                      5.07%    passed     91.54%
2344  A/goose/Yunnan/5141/2006_H5N1|GCA_038265725.1                                     10.69%    passed     94.90%
2345  A/goose/Yunnan/5769/2006_H5N1|GCA_038265325.1                                      5.40%    passed     98.60%
2346  A/goose/Yunnan/5979/2006_H5N1|GCA_038265765.1                                      5.56%    passed     99.20%
2347  A/goose/Yunnan/6193/2006_H5N1|GCA_038265345.1                                      5.56%    passed     98.12%
2348  A/goose/Zhejiang/1120132/2014_H5N6|GCA_038756335.1                                 7.09%    passed     97.73%
2349  A/goose/Zhejiang/112071/2014_H5N1|GCA_038757565.1                                  7.09%    passed     94.80%
2350  A/goose/Zhejiang/112080/2014_H5N6|GCA_038756355.1                                  7.09%    passed     98.17%
2351  A/goose/Zhejiang/727092/2014_H5N6|GCA_038741415.1                                  7.09%    passed     99.63%
2352  A/goose/Zhejiang/727098/2014_H5N1|GCA_038740265.1                                  7.09%    passed     95.44%
2353  A/goose/Zhejiang/727110/2014_H5N6|GCA_038741455.1                                  7.09%    passed     99.64%
2354  A/goose/Zhejiang/77166/2014_H5N2|GCA_038738375.1                                   7.09%    passed     78.35%
2355  A/goose/Zhejiang/77167/2014_H5N2|GCA_038739515.1                                   7.09%    passed     98.26%
2356  A/goose/Zhejiang/77168/2014_H5N2|GCA_038738415.1                                   7.09%    passed     97.69%
2357  A/goose/Zhejiang/925036/2014_H5N6|GCA_038747225.1                                  7.09%    passed     99.61%
2358  A/goose/Zhejiang/925037/2014_H5N8|GCA_038748485.1                                  7.09%    passed     97.27%
2359  A/goose/Zhejiang/925104/2014_H5N8|GCA_038747265.1                                  7.09%    passed     97.27%
2360  A/goose/Zhejiang/925105/2014_H5N6|GCA_038748505.1                                  7.09%    passed     97.62%
2361  A/goose/Zhejiang/925106/2014_H5N6|GCA_038747325.1                                  7.09%    passed     92.98%
2362  A/goose/Zhejiang/925108/2014_H5N6|GCA_038748545.1                                  7.09%    passed     97.62%
2363  A/great_black-headed_gull/Qinghai/8/2009_H5N1|GCA_038534835.1                      7.09%    passed     98.59%
2364  A/great_crested-grebe/Qinghai/1/2009_H5N1|GCA_038525135.1                          3.16%    passed     97.04%
2365  A/great_egret/Hong_Kong/807/2008_H5N1|GCA_038475285.1                              6.92%    passed     94.47%
2366  A/great_tit/Panjing/PJ-66/2013_H5N1|GCA_038701375.1                                7.09%    passed     98.57%
2367  A/green-winged_teal/Xianghai/430/2011_H5N2|GCA_038623855.1                         7.58%    passed     83.40%
2368  A/grey_heron/Hong_Kong/1046/2008_H5N1|GCA_038474245.1                              6.92%    passed     92.61%
2369  A/grey_heron/Hong_Kong/3088/2007_H5N1|GCA_038453515.1                              6.92%    passed     95.22%
2370  A/heron/Kaohsiung/15WB3284-1-5/2015_H5N3|GCA_040483535.1                           3.71%    passed     84.56%
2371  A/heron/Yilan/17DB0001/2017_H5N2|GCA_038944005.1                                   3.16%    passed     99.41%
2372  A/hill_myna/Heilongjiang/0704/2012_H5N1|GCA_038650565.1                            3.16%    passed     99.06%
2373  A/lesser_kestrel/Heilongjiang/194/2007_H5N1|GCA_038455555.1                        7.09%    passed     99.06%
2374  A/lion/Hubei/1-2/2016_H5N1|GCA_038843765.1                                         5.83%    passed     90.70%
2375  A/little_egret/Hong_Kong/8550/2007_H5N1|GCA_038453555.1                            7.09%    passed     96.47%
2376  A/little_grebe/Xianghai/429/2011_H5N2|GCA_038624125.1                              7.58%    passed     87.14%
2377  A/magpie_robin/Hong_Kong/1097/2008_H5N1|GCA_038475305.1                            6.92%    passed     95.41%
2378  A/magpie_robin/Hong_Kong/1897/2008_H5N1|GCA_038474285.1                            6.92%    passed     95.40%
2379  A/mallard/Shanghai/SH-9/2013_H5N8|GCA_038703435.1                                  7.09%    passed     98.75%
2380  A/meerkat/Shanghai/SH-1/2012_H5N1|GCA_038646905.1                                  7.09%    passed     99.01%
2381  A/migratory_waterfowl/Hubei/Chenhu1306/2014_H5N6|GCA_038721775.1                   7.09%    passed     96.53%
2382  A/migratory_waterfowl/Hubei/Chenhu1347/2014_H5N6|GCA_038723085.1                   7.09%    passed     96.68%
2383  A/mink/China/181/2019_H5N6|GCA_039171935.1                                         7.25%    passed     96.80%
2384  A/mink/China/183/2019_H5N6|GCA_039172665.1                                         7.25%    passed     91.88%
2385  A/mink/China/191/2019_H5N6|GCA_039172745.1                                         7.25%    passed     89.76%
2386  A/mink/China/456/2018_H5N6|GCA_039069545.1                                         7.25%    passed     99.76%
2387  A/mink/China/G/2015_H5N1|GCA_038785215.1                                           6.92%    passed     87.94%
2388  A/mink/China/XB/2015_H5N1|GCA_038783695.1                                          7.09%    passed     94.91%
2389  A/mink/Eastern_China/006/2018_H5N6|GCA_039007265.1                                 7.25%    passed     99.43%
2390  A/mink/Eastern_China/0712/2018_H5N1|GCA_039080085.1                                7.25%    passed     94.34%
2391  A/mink/Eastern_China/149/2018_H5N6|GCA_039055455.1                                 7.25%    passed     99.26%
2392  A/mink/Eastern_China/528/2018_H5N6|GCA_039076985.1                                 7.25%    passed     99.57%
2393  A/mink/Eastern_China/571/2018_H5N6|GCA_039077255.1                                 7.25%    passed     98.48%
2394  A/mink/Northern_China/110/2018_H5N6|GCA_039040235.1                                7.09%    passed     99.82%
2395  A/night_heron/Taiwan/A289/2015_H5N2|GCA_038770475.1                                3.16%    passed     99.71%
2396  A/oriental_magpie_robin/HK/6154/2015_H5N6|GCA_038779405.1                          5.94%    passed     99.47%
2397  A/ostrich/Suzhou/097/2003_H5N1|GCA_038212365.1                                     6.92%    passed     97.02%
2398  A/parrot/Guangdong/258/2004_H5N2|GCA_038245025.1                                   3.65%    passed     99.09%
2399  A/parrot/Guangdong/C99/2005_H5N1|GCA_038255625.1                                   3.00%    passed     99.81%
2400  A/partridge/Shantou/2886/2003_H5N1|GCA_038207105.1                                 6.43%    passed     99.57%
2401  A/peacock/Yunnan/1/2015_H5N1|GCA_038782235.1                                       6.60%    passed     93.35%
2402  A/peacock/Yunnan/3/2015_H5N1|GCA_038783145.1                                       6.60%    passed     92.92%
2403  A/peregrine_falcon/Hong_Kong/2142/2008_H5N1|GCA_038475325.1                        7.09%    passed     97.87%
2404  A/pheasant/Shantou/3535/2003_H5N1|GCA_038207875.1                                  6.43%    passed     99.62%
2405  A/pheasant/Shantou/4567/2002_H5N1|GCA_038194275.1                                  6.43%    passed     99.55%
2406  A/pied_megpie/Liaoning/7/2006_H5N1|GCA_038265635.1                                 6.92%    passed     98.56%
2407  A/pigeon/Fujian/1.17_FZHX0104-O/2017_H5N6|GCA_038945635.1                          7.25%    passed     99.70%
2408  A/pigeon/Hainan/1.14_HKPL006-C/2018_H5N6|GCA_039008845.1                           4.85%    passed     94.37%
2409  A/pigeon/Hubei/RP25/2012_H5N1|GCA_038662765.1                                      7.09%    passed     94.04%
2410  A/pigeon/Sichuan/NCXN29/2014_H5N1|GCA_038733875.1                                  7.09%    passed     99.68%
2411  A/pigeon/Zhejiang/112089/2014_H5N1|GCA_038756375.1                                 7.09%    passed     95.58%
2412  A/pigeon/Zhejiang/112090/2014_H5N1|GCA_038757665.1                                 7.09%    passed     92.10%
2413  A/pigeon/Zhejiang/727097/2014_H5N1|GCA_038741515.1                                 7.09%    passed     95.44%
2414  A/plateau_pika/Qinghai/04/2007_H5N1|GCA_038462505.1                                3.00%    passed     92.32%
2415  A/quail/Guangxi/11/2002_H5N1|GCA_038201935.1                                       6.92%    passed     99.07%
2416  A/quail/Guangxi/12/2002_H5N1|GCA_038202605.1                                       6.92%    passed     99.09%
2417  A/quail/Guangxi/13/2002_H5N1|GCA_038201975.1                                       6.92%    passed     99.03%
2418  A/quail/Jiangsu/k0104/2010_H5N5|GCA_038578365.1                                    2.51%    passed     99.65%
2419  A/quail/Nanchang/6631/2013_H5N1|GCA_038701355.1                                    3.00%    passed     95.83%
2420  A/shrike/Tibet/13/2006_H5N1|GCA_038266265.1                                        7.09%    passed     95.24%
2421  A/silkie_chicken/Dongguan/2809/2013_H5N6|GCA_038708175.1                           7.09%    passed     99.87%
2422  A/silky_chicken/Shantou/475/2004_H5N1|GCA_038225235.1                              6.60%    passed     98.76%
2423  A/spot-billed_duck/Ningxia/YG83/2017_H5N6|GCA_038986345.1                          7.09%    passed     95.86%
2424  A/spot-billed_duck/Ningxia/YG87/2017_H5N6|GCA_038981965.1                          7.09%    passed     97.20%
2425  A/spot-billed_duck/Ningxia/YG93/2017_H5N6|GCA_038986365.1                          7.09%    passed     92.84%
2426  A/spot-billed_duck/Xianghai/427/2011_H5N2|GCA_038623875.1                          7.58%    passed     87.46%
2427  A/swan_goose/Jilin/JL01/2014_H5N6|GCA_038736745.1                                  7.09%    passed     98.43%
2428  A/swan/China/ST/2016_H5N8|GCA_038933555.1                                          7.09%    passed     97.38%
2429  A/swan/Shandong/W3762/2020_H5N8|GCA_039227365.1                                    7.09%    passed     99.57%
2430  A/swan/Shanghai/10/2009_H5N1|GCA_038504095.1                                       7.09%    passed     94.65%
2431  A/swine/China/RZ/2018_H5N6|GCA_039078945.1                                         7.25%    passed     93.13%
2432  A/swine/Guangdong/1/2014_H5N6|GCA_038736535.1                                      7.09%    passed     99.08%
2433  A/swine/Guangdong/2/2014_H5N6|GCA_038737565.1                                      7.09%    passed     99.43%
2434  A/swine/Guangxi/592/2011_H5N1|GCA_038611535.1                                      6.92%    passed     88.18%
2435  A/swine/Jiangsu/1/2008_H5N1|GCA_038500055.1                                        6.92%    passed     89.09%
2436  A/swine/Jiangsu/2/2009_H5N1|GCA_038504465.1                                        7.09%    passed     98.26%
2437  A/swine/Shandong/SD1/2014_H5N1|GCA_038751305.1                                     6.92%    passed     95.66%
2438  A/swine/Zhejiang/SW57/2015_H5N1|GCA_038766735.1                                    7.09%    passed     95.44%
2439  A/thrush/Taipei_City/15120021/2015_H5N2|GCA_038805275.1                            3.16%    passed     99.80%
2440  A/thrush/Taiwan/A234/2015_H5N2|GCA_038769445.1                                     3.16%    passed     99.79%
2441  A/tiger/Yunnan/tig1404/2014_H5N1|GCA_038731105.1                                   4.47%    passed     93.35%
2442  A/tiger/Yunnan/tig1412/2014_H5N1|GCA_038760765.1                                   6.92%    passed     94.61%
2443  A/tiger/Yunnan/tig1508/2015_H5N1|GCA_038787575.1                                   5.73%    passed     99.05%
2444  A/turkey/Changhua/16010011-1/2016_H5N2|GCA_038809005.1                             3.22%    passed     99.25%
2445  A/turkey/Chiayi/17020092-2/2017_H5N8|GCA_038957545.1                               3.22%    passed     99.46%
2446  A/turkey/Chiayi/18010013-3/2018_H5N2|GCA_039006745.1                               3.22%    passed     99.98%
2447  A/turkey/Yunlin/15060049-1/2015_H5N2|GCA_038783635.1                               3.22%    passed     99.51%
2448  A/turkey/Yunlin/18020020-2/2018_H5N2|GCA_039056465.1                               3.22%    passed     99.96%
2449  A/turkey/Yunlin/18110001-3/2018_H5N2|GCA_039095645.1                               3.22%    passed     99.18%
2450  A/turkey/Yunlin/18120005-2/2018_H5N2|GCA_039112165.1                               3.22%    passed     99.18%
2451  A/turtle_dove/Guangdong/300/2005_H5N1|GCA_038264315.1                              3.16%    passed     99.03%
2452  A/turtledove/Wuhan/HKBJ43/2015_H5N6|GCA_038765945.1                                3.22%    passed     97.42%
2453  A/turtledove/Wuhan/WHBJ12/2014_H5N6|GCA_038759095.1                                3.27%    passed     97.33%
2454  A/turtledove/Wuhan/WHBJ28/2014_H5N6|GCA_038759115.1                                3.27%    passed     97.99%
2455  A/waterfowl/Hong_Kong/378.5/2001_H5N1|GCA_038185205.1                              4.36%    passed     99.84%
2456  A/white-naped_crane/China/ya3/2018_H5N6|GCA_039081355.1                            3.38%    passed     98.12%
2457  A/whooper_swan/Shanxi/RC01/2016_H5N8|GCA_038934035.1                               3.16%    passed     98.43%
2458  A/wild_bird/Eastern_China/1754/2017_H5N3|GCA_038989725.1                           7.58%    passed     92.74%
2459  A/wild_bird/Eastern_China/1758/2017_H5N3|GCA_038985435.1                           7.58%    passed     91.36%
2460  A/wild_bird/Eastern_China/1759/2017_H5N3|GCA_038989745.1                           7.58%    passed     91.57%
2461  A/wild_bird/Taipei/04WB12-522-11-15/2004_H5N6|GCA_040482775.1                      3.71%    passed     73.23%
2462  A/wild_duck/Fujian/1/2011_H5N1|GCA_038612095.1                                     3.00%    passed     86.54%
2463  A/wild_duck/Fujian/2/2011_H5N1|GCA_038612115.1                                     3.00%    passed     86.54%
2464  A/wild_duck/Jilin/HF/2011_H5N1|GCA_038613775.1                                     3.16%    passed     95.96%
2465  A/wild_duck/Jilin/ZF/2011_H5N1|GCA_038613795.1                                     3.16%    passed     97.16%
2466  A/wild_duck/Liaoning/8/2006_H5N1|GCA_038266145.1                                   6.92%    passed     93.05%
2467  A/wild_duck/Shandong/1/2011_H5N1|GCA_038613515.1                                   3.00%    passed     72.29%
2468  A/wild_duck/Shandong/2/2011_H5N1|GCA_038613555.1                                   3.16%    passed     96.46%
2469  A/wild_duck/Shandong/628/2011_H5N1|GCA_038613315.1                                 3.16%    passed     98.56%
2470  A/wild_duck/Shandong/W3580/2020_H5N8|GCA_039227025.1                               7.09%    passed     89.35%
2471  A/wild_pigeon/Jilin/CC01/2014_H5N6|GCA_038737665.1                                 7.09%    passed     99.19%
2472  A/Eurasian_Wigeon/Ningxia/476-12/2015_H5N6|GCA_038800705.1                         7.09%    passed     96.55%
****  TOTAL                                                                              5.82%  0 sequences failed composition chi2 test (p-value<5%; df=3)
NOTE: A/duck/Eastern_China/1111/2011_H5N2|GCA_038605805.1 is identical to A/Anas_crecca/Hubei/Chenhu1623-5/2014_H5N6|EPI_ISL_217941 but kept for subsequent analysis
NOTE: A/migratory_waterfowl/Hubei/Chenhu1347/2014|EPI_ISL_234377 is identical to A/Anas_crecca/Hubei/Chenhu1623-5/2014|EPI_ISL_179644 but kept for subsequent analysis
NOTE: A/Spatula_querquedula/Chongming/H5N1_1/2024|EPI_ISL_19890773 is identical to A/Anas_platyrhynchos/Jiujiang/H5N1/2024|EPI_ISL_19890474 but kept for subsequent analysis
NOTE: A/Anhui/1/2006_H5N1|GCA_038285345.1 is identical to A/Anhui/1/2006|EPI_ISL_73320 but kept for subsequent analysis
NOTE: A/Anser_cygnoides/China/P126/2015_H5N1|GCA_038767415.1 is identical to A/Anser_cygnoides/China/P126/2015|EPI_ISL_503036 but kept for subsequent analysis
NOTE: A/Anser_cygnoides/Hubei/FW44/2016_H5N8|GCA_038932195.1 is identical to A/Anser_cygnoides/Hubei/FW44/2016|EPI_ISL_295492 but kept for subsequent analysis
NOTE: A/duck/Hubei/03.06_WHWTZ0130-O/2015_H5N6_|EPI_ISL_199031 is identical to A/Anser_fabalis/Hunan/03.09__YYDTH0007/2015_H5N6_|EPI_ISL_199110 but kept for subsequent analysis
NOTE: A/Anser_fabalis/jiujiang/H5N1/2024_H5N1|GCA_050791665.1 is identical to A/Anser_fabalis/Jiujiang/H5N1/2024|EPI_ISL_19886139 but kept for subsequent analysis
NOTE: A/Bar-headed_Goose/Qinghai/A16/2016|EPI_ISL_292182 is identical to A/Bar-headed_Goose/Qinghai/A11/2016|EPI_ISL_292496 but kept for subsequent analysis
NOTE: A/Bar-headed_Goose/Qinghai/A23/2016|EPI_ISL_292192 is identical to A/Bar-headed_Goose/Qinghai/A17/2016|EPI_ISL_292176 but kept for subsequent analysis
NOTE: A/Bar-headed_Goose/Qinghai/HDT001/2016|EPI_ISL_292232 is identical to A/Bar-headed_Goose/Qinghai/A19/2016|EPI_ISL_292181 but kept for subsequent analysis
NOTE: A/Bar-headed_Goose/Qinghai/B12/2016|EPI_ISL_292191 is identical to A/Bar-headed_Goose/Qinghai/a61/2016|EPI_ISL_292231 but kept for subsequent analysis
NOTE: A/Bar-headed_Goose/Qinghai/a893/2017|EPI_ISL_292479 is identical to A/Bar-headed_Goose/Qinghai/a210/2017|EPI_ISL_292498 but kept for subsequent analysis
NOTE: A/Bar-headed_Goose/Qinghai/BTY1-B/2016|EPI_ISL_224704 is identical to A/Bar-headed_Goose/Qinghai/B54/2016|EPI_ISL_292173 but kept for subsequent analysis
NOTE: A/Bar-headed_Goose/Qinghai/BTY3-LU/2016|EPI_ISL_224710 is identical to A/Bar-headed_Goose/Qinghai/BTY3-B/2016|EPI_ISL_224709 but kept for subsequent analysis
NOTE: A/Bar-headed_Goose/Qinghai/BTY9-LU/2016|EPI_ISL_224722 is identical to A/Bar-headed_Goose/Qinghai/BTY9-B/2016|EPI_ISL_224721 but kept for subsequent analysis
NOTE: A/Bar-headed_Goose/Qinghai/BTY11-LU/2016|EPI_ISL_224726 is identical to A/Bar-headed_Goose/Qinghai/BTY11-B/2016|EPI_ISL_224725 but kept for subsequent analysis
NOTE: A/Bar-headed_goose/Qinghai/X424/2015_H5N6|EPI_ISL_218204 is identical to A/Bar-headed_goose/Qinghai/X402/2015_H5N6|EPI_ISL_218200 but kept for subsequent analysis
NOTE: A/chicken/Yunnan/03.16_DQXYL057-O/2015_H5N6_|EPI_ISL_199106 is identical to A/Bar-headed_goose/Qinghai/X417/2015_H5N6|EPI_ISL_218201 but kept for subsequent analysis
NOTE: A/Bar-headed_Goose/Tibet/XZQ17-1/2021|EPI_ISL_8215685 is identical to A/Bar-headed_Goose/Tibet/XZ6/2021|EPI_ISL_8215658 but kept for subsequent analysis
NOTE: A/Bar-headed_Goose/Tibet/XZQ13-1/2021|EPI_ISL_8215662 is identical to A/Bar-headed_Goose/Tibet/XZ181/2021|EPI_ISL_8215661 but kept for subsequent analysis
NOTE: A/Bar-headed_Goose/Tibet/XZQ8-1/2021|EPI_ISL_8215655 is identical to A/Bar-headed_Goose/Tibet/XZQ7/2021|EPI_ISL_8215654 but kept for subsequent analysis
NOTE: A/Herring_Gull/Hubei/CH-i149/2017_H5N8|EPI_ISL_266822 is identical to A/Bean_goose/Hubei/CH-i119/2017|EPI_ISL_266821 but kept for subsequent analysis
NOTE: A/black_chicken/Jiangxi/10129/2014_H5N6|GCA_038718415.1 is identical to A/black_chicken/Jiangxi/10129/2014|EPI_ISL_173482 but kept for subsequent analysis
NOTE: A/Black-necked_Grebe/Inner_Mongolia/Lung3-2/2015_H5N1|EPI_ISL_201007 is identical to A/Black-necked_Grebe/Inner_Mongolia/Brain3/2015_H5N1|EPI_ISL_201006 but kept for subsequent analysis
NOTE: A/Black-necked_Grebe/Inner_Mongolia/Lung2/2015_H5N1|EPI_ISL_201003 is identical to A/Black-necked_Grebe/Inner_Mongolia/Liver3/2015_H5N1|EPI_ISL_201005 but kept for subsequent analysis
NOTE: A/Sichuan/26221/2014|EPI_ISL_163493 is identical to A/cat/Sichuan/SC18/2014|EPI_ISL_177761 but kept for subsequent analysis
NOTE: A/cat/Zhejiang/C1/2016_H5N6|GCA_038809425.1 is identical to A/cat/Zhejiang/C1/2016|EPI_ISL_278204 but kept for subsequent analysis
NOTE: A/cat/Zhejiang/C2/2016_H5N6|GCA_038810535.1 is identical to A/cat/Zhejiang/C2/2016|EPI_ISL_278205 but kept for subsequent analysis
NOTE: A/Changsha/1/2014_H5N6|GCA_038721495.1 is identical to A/Changsha/1/2014|EPI_ISL_217025 but kept for subsequent analysis
NOTE: A/chicken/Beijing/BJ7/2014_H5N2|GCA_038749135.1 is identical to A/chicken/Beijing/BJ7/2014|EPI_ISL_295146 but kept for subsequent analysis
NOTE: A/chicken/CH/a556/2015_H5N2|GCA_038770985.1 is identical to A/chicken/CH/a556/2015|EPI_ISL_179537 but kept for subsequent analysis
NOTE: A/chicken/Changhua/15010120-1/2015_H5N2|GCA_038768655.1 is identical to A/chicken/Changhua/15010120-1/2015|EPI_ISL_4032097 but kept for subsequent analysis
NOTE: A/chicken/Changhua/15010288/2015_H5N2|GCA_038770355.1 is identical to A/chicken/Changhua/15010288/2015|EPI_ISL_4032098 but kept for subsequent analysis
NOTE: A/duck/Yunlin/15010318-2/2015|EPI_ISL_4032449 is identical to A/chicken/Changhua/15010324-2/2015|EPI_ISL_4032099 but kept for subsequent analysis
NOTE: A/chicken/Changhua/15010362-2/2015|EPI_ISL_4032148 is identical to A/chicken/Changhua/15010361-1/2015|EPI_ISL_4032104 but kept for subsequent analysis
NOTE: A/chicken/Changhua/15010363-2/2015_H5N2|GCA_038769745.1 is identical to A/chicken/Changhua/15010363-2/2015|EPI_ISL_4032190 but kept for subsequent analysis
NOTE: A/chicken/Changhua/15040036-1/2015_H5N8|GCA_038778885.1 is identical to A/chicken/Changhua/15040036-1/2015|EPI_ISL_4032194 but kept for subsequent analysis
NOTE: A/chicken/Changhua/15040037-2/2015_H5N8|GCA_038779715.1 is identical to A/chicken/Changhua/15040037-2/2015|EPI_ISL_4032196 but kept for subsequent analysis
NOTE: A/chicken/Changhua/15040042/2015_H5N8|GCA_038779815.1 is identical to A/chicken/Changhua/15040042/2015|EPI_ISL_4032197 but kept for subsequent analysis
NOTE: A/chicken/Changhua/15040043-1/2015_H5N8|GCA_038778905.1 is identical to A/chicken/Changhua/15040043-1/2015|EPI_ISL_4032195 but kept for subsequent analysis
NOTE: A/chicken/Changhua/15050013-1/2015_H5N2|GCA_038780715.1 is identical to A/chicken/Changhua/15050013-1/2015|EPI_ISL_4032198 but kept for subsequent analysis
NOTE: A/chicken/Changhua/15050038-1/2015_H5N8|GCA_038781625.1 is identical to A/chicken/Changhua/15050038-1/2015|EPI_ISL_4032199 but kept for subsequent analysis
NOTE: A/chicken/Changhua/15060027-2/2015_H5N2|GCA_038784005.1 is identical to A/chicken/Changhua/15060027-2/2015|EPI_ISL_4032200 but kept for subsequent analysis
NOTE: A/chicken/Changhua/15060029/2015_H5N8|GCA_038784035.1 is identical to A/chicken/Changhua/15060029/2015|EPI_ISL_4032201 but kept for subsequent analysis
NOTE: A/chicken/Changhua/15060037-1/2015_H5N2|GCA_038784185.1 is identical to A/chicken/Changhua/15060037-1/2015|EPI_ISL_4032202 but kept for subsequent analysis
NOTE: A/chicken/Changhua/15120008/2015_H5N2|GCA_038802965.1 is identical to A/chicken/Changhua/15120008/2015|EPI_ISL_4032203 but kept for subsequent analysis
NOTE: A/chicken/Changhua/16010060-2/2016_H5N2|GCA_038813715.1 is identical to A/chicken/Changhua/16010060-2/2016|EPI_ISL_4032204 but kept for subsequent analysis
NOTE: A/chicken/Changhua/17060006/2017_H5N2|GCA_039012655.1 is identical to A/chicken/Changhua/17060006/2017|EPI_ISL_4032207 but kept for subsequent analysis
NOTE: A/chicken/Changhua/18040008-1/2018_H5N2|GCA_039069925.1 is identical to A/chicken/Changhua/18040008-1/2018|EPI_ISL_4032212 but kept for subsequent analysis
NOTE: A/goose/Yunlin/15010010-2/2015|EPI_ISL_4032576 is identical to A/chicken/Chiayi/15010287-2/2015|EPI_ISL_4032213 but kept for subsequent analysis
NOTE: A/chicken/Chiayi/15010454-1/2015_H5N8|GCA_038770995.1 is identical to A/chicken/Chiayi/15010454-1/2015|EPI_ISL_4032215 but kept for subsequent analysis
NOTE: A/chicken/Chiayi/17040009-2/2017_H5N2|GCA_038965355.1 is identical to A/chicken/Chiayi/17040009-2/2017|EPI_ISL_4032217 but kept for subsequent analysis
NOTE: A/chicken/Chiayi/18120003-1/2018_H5N2|GCA_039108445.1 is identical to A/chicken/Chiayi/18120003-1/2018|EPI_ISL_4032218 but kept for subsequent analysis
NOTE: A/chicken/China/007/2019_H5N6|GCA_039172645.1 is identical to A/chicken/China/007/2019|EPI_ISL_14174187 but kept for subsequent analysis
NOTE: A/chicken/China/Cangzhou03/2023_H5N1|GCA_046428445.1 is identical to A/chicken/China/Cangzhou03/2023|EPI_ISL_19592785 but kept for subsequent analysis
NOTE: A/chicken/China/E93/2012_H5N1|GCA_038651365.1 is identical to A/chicken/China/E93/2012|EPI_ISL_278507 but kept for subsequent analysis
NOTE: A/chicken/China/E96/2012_H5N1|GCA_038650715.1 is identical to A/chicken/China/E96/2012|EPI_ISL_278508 but kept for subsequent analysis
NOTE: A/chicken/Chiping/0321/2014_H5N2|GCA_038725355.1 is identical to A/chicken/Chiping/0321/2014|EPI_ISL_175616 but kept for subsequent analysis
NOTE: A/chicken/Chongqing/SD001/2021|EPI_ISL_9637828 is identical to A/chicken/chongqing/H1/2021|EPI_ISL_6914131 but kept for subsequent analysis
NOTE: A/chicken/Dongguan/2690/2013_H5N6|GCA_038707865.1 is identical to A/chicken/Dongguan/2690/2013|EPI_ISL_181668 but kept for subsequent analysis
NOTE: A/chicken/Dongguan/3363/2013_H5N6|GCA_038707155.1 is identical to A/chicken/Dongguan/3363/2013|EPI_ISL_181669 but kept for subsequent analysis
NOTE: A/chicken/Dongguan/4259/2013_H5N6|GCA_038707895.1 is identical to A/chicken/Dongguan/4259/2013|EPI_ISL_182067 but kept for subsequent analysis
NOTE: A/chicken/Fujian/11.23_FZHX0007-O/2017_H5N6|GCA_038993015.1 is identical to A/chicken/Fujian/11.23_FZHX0007-O/2017|EPI_ISL_699204 but kept for subsequent analysis
NOTE: A/chicken/Gansu/5/2012_H5N1|GCA_038647695.1 is identical to A/chicken/Gansu/5/2012|EPI_ISL_234320 but kept for subsequent analysis
NOTE: A/chicken/Gansu/6/2012_H5N1|GCA_038647835.1 is identical to A/chicken/Gansu/6/2012|EPI_ISL_234321 but kept for subsequent analysis
NOTE: A/chicken/Ganzhou/GZ27/2015_H5N6|GCA_038805055.1 is identical to A/chicken/Ganzhou/GZ27/2015|EPI_ISL_244535 but kept for subsequent analysis
NOTE: A/chicken/Guangdong/GD1602/2016_H5N6|GCA_038837635.1 is identical to A/chicken/Guangdong/GD1602/2016|EPI_ISL_282397 but kept for subsequent analysis
NOTE: A/chicken/Guangxi/16/2019_H5N6|GCA_039178775.1 is identical to A/chicken/Guangxi/16/2019|EPI_ISL_16833870 but kept for subsequent analysis
NOTE: A/chicken/Guangxi/S2039/2009_H5N1|GCA_038520835.1 is identical to A/chicken/Guangxi/S2039/2009|EPI_ISL_206302 but kept for subsequent analysis
NOTE: A/chicken/GY/a451/2015_H5N2|GCA_038770305.1 is identical to A/chicken/GY/a451/2015|EPI_ISL_179535 but kept for subsequent analysis
NOTE: A/Hangzhou/01/2021|EPI_ISL_7983813 is identical to A/Chicken/Hangzhou/E1149/2021|EPI_ISL_8518268 but kept for subsequent analysis
NOTE: A/chicken/Hebei/3/2013_H5N2|GCA_038709345.1 is identical to A/chicken/Hebei/3/2013|EPI_ISL_234322 but kept for subsequent analysis
NOTE: A/chicken/Heilongjiang/S7/2014_H5N2|GCA_038742155.1 is identical to A/chicken/Heilongjiang/S7/2014|EPI_ISL_234323 but kept for subsequent analysis
NOTE: A/chicken/Henan/Q7/2013_H5N2|GCA_038691675.1 is identical to A/chicken/Henan/Q7/2013|EPI_ISL_156386 but kept for subsequent analysis
NOTE: A/chicken/Hsinchu/16080004-2/2016_H5N2|GCA_038864525.1 is identical to A/chicken/Hsinchu/16080004-2/2016|EPI_ISL_4032219 but kept for subsequent analysis
NOTE: A/chicken/Hubei/2856/2007_H5N1|GCA_038457595.1 is identical to A/chicken/Hubei/2856/2007|EPI_ISL_29184 but kept for subsequent analysis
NOTE: A/chicken/Hubei/ZYSJF16/2016|EPI_ISL_244529 is identical to A/chicken/Hubei/ZYSJF11/2016|EPI_ISL_244528 but kept for subsequent analysis
NOTE: A/duck/Hunan/2.06_YYGK77J3-OC/2018|EPI_ISL_707523 is identical to A/chicken/Hunan/02.06_YYGK37J3-OC/2018|EPI_ISL_699429 but kept for subsequent analysis
NOTE: A/chicken/Hunan/03.07_YYGK74L3-OC/2018_H5N6|GCA_039061455.1 is identical to A/chicken/Hunan/03.07_YYGK74L3-OC/2018|EPI_ISL_696739 but kept for subsequent analysis
NOTE: A/duck/Hunan/02.26_YYGK250-P/2014_H5N6_|EPI_ISL_198791 is identical to A/chicken/Hunan/12.07__YYGK114-P/2013_H5N6_|EPI_ISL_198761 but kept for subsequent analysis
NOTE: A/duck/Hunan/12.27_YYGK73J2-O/2016|EPI_ISL_707508 is identical to A/chicken/Hunan/12.27_YYGK55J2-O/2016|EPI_ISL_699451 but kept for subsequent analysis
NOTE: A/duck/Hunan/1.17_YYGKK80-OC/2017|EPI_ISL_707493 is identical to A/chicken/Hunan/12.27_YYGKK148-OC/2016|EPI_ISL_699454 but kept for subsequent analysis
NOTE: A/chicken/Hunan/1793/2007_H5N1|GCA_038456395.1 is identical to A/chicken/Hunan/1793/2007|EPI_ISL_29180 but kept for subsequent analysis
NOTE: A/chicken/Hunan/3157/2006_H5N1|GCA_038284845.1 is identical to A/chicken/Hunan/3157/2006|EPI_ISL_29187 but kept for subsequent analysis
NOTE: A/goose/Hunan/HN57/2015|EPI_ISL_255847 is identical to A/chicken/Hunan/HN58/2015|EPI_ISL_255470 but kept for subsequent analysis
NOTE: A/duck/Hunan/HN71/2015|EPI_ISL_255775 is identical to A/chicken/Hunan/HN75/2015|EPI_ISL_255489 but kept for subsequent analysis
NOTE: A/chicken/Hunan/HN245/2015|EPI_ISL_255414 is identical to A/chicken/Hunan/HN158/2015|EPI_ISL_255412 but kept for subsequent analysis
NOTE: A/duck/Hunan/HN183/2015|EPI_ISL_255600 is identical to A/chicken/Hunan/HN247/2015|EPI_ISL_255415 but kept for subsequent analysis
NOTE: A/duck/Hunan/HN163/2015|EPI_ISL_255559 is identical to A/chicken/Hunan/HN248/2015|EPI_ISL_255416 but kept for subsequent analysis
NOTE: A/chicken/Hunan/HN302/2015|EPI_ISL_255428 is identical to A/chicken/Hunan/HN301/2015|EPI_ISL_255427 but kept for subsequent analysis
NOTE: A/chicken/Hunan/HN307/2015|EPI_ISL_255467 is identical to A/chicken/Hunan/HN303/2015|EPI_ISL_255429 but kept for subsequent analysis
NOTE: A/chicken/Jiangsu/927/2013_H5N1|GCA_038703735.1 is identical to A/chicken/Jiangsu/927/2013|EPI_ISL_190702 but kept for subsequent analysis
NOTE: A/chicken/Jiangsu/1001/2013_H5N2|GCA_038686695.1 is identical to A/chicken/Jiangsu/1001/2013|EPI_ISL_143131 but kept for subsequent analysis
NOTE: A/chicken/Jiangsu/2477/2014_H5N1|GCA_038737445.1 is identical to A/chicken/Jiangsu/2477/2014|EPI_ISL_190703 but kept for subsequent analysis
NOTE: A/chicken/Jiangsu/k0402/2010_H5N1|GCA_038580305.1 is identical to A/chicken/Jiangsu/k0402/2010|EPI_ISL_123949 but kept for subsequent analysis
NOTE: A/chicken/Wuxi/SC7393/2015|EPI_ISL_223364 is identical to A/chicken/Jiangsu/WXS7393/2014|EPI_ISL_196573 but kept for subsequent analysis
NOTE: A/chicken/Jiangsu/XZ216/2014_H5N2|GCA_038725595.1 is identical to A/chicken/Jiangsu/XZ216/2014|EPI_ISL_295145 but kept for subsequent analysis
NOTE: A/chicken/Jiangsu/YB7/2015_H5N1|GCA_038774685.1 is identical to A/chicken/Jiangsu/YB7/2015|EPI_ISL_266437 but kept for subsequent analysis
NOTE: A/chicken/Jiangxi/12.05_NCDZT0020/2014_H5N6_|EPI_ISL_198885 is identical to A/chicken/Jiangxi/01.14_NCJD125-P/2015_H5N6_|EPI_ISL_199397 but kept for subsequent analysis
NOTE: A/duck/Jiangxi/02.06_NCJD036-P/2015_H5N6_|EPI_ISL_199399 is identical to A/chicken/Jiangxi/02.05_YGYXG023-P/2015_H5N6_|EPI_ISL_199401 but kept for subsequent analysis
NOTE: A/duck/Hunan/01.16_YYFQH299-P/2014_H5N6_|EPI_ISL_198816 is identical to A/chicken/Jiangxi/04.01__NCJD0119-O/2015_H5N6_|EPI_ISL_198917 but kept for subsequent analysis
NOTE: A/chicken/Jiangxi/04.01_NCDZT0299-P/2015_Mixed_|EPI_ISL_200410 is identical to A/chicken/Jiangxi/04.01_NCDZT0285-P/2015_H5N6_|EPI_ISL_198933 but kept for subsequent analysis
NOTE: A/Pigeon/Jiangxi/02.10__NCDZT0017-P/2015_H5N6_|EPI_ISL_198799 is identical to A/chicken/Jiangxi/04.01_NCJD131-1-O/2015_H5N6_|EPI_ISL_198758 but kept for subsequent analysis
NOTE: A/chicken/Jiangxi/12.05_NCNP006/2014_H5N6_|EPI_ISL_199010 is identical to A/chicken/Jiangxi/12.05_NCDZT0012/2014_H5N6_|EPI_ISL_198884 but kept for subsequent analysis
NOTE: A/duck/Jiangxi/35/2011|EPI_ISL_369828 is identical to A/chicken/Jiangxi/25/2011|EPI_ISL_369824 but kept for subsequent analysis
NOTE: A/duck/Jiangxi/S40833/2021_H5N1_|EPI_ISL_12572660 is identical to A/chicken/Jiangxi/S40653/2021_H5N1_|EPI_ISL_12572653 but kept for subsequent analysis
NOTE: A/chicken/Jilin/04.12_MHK002-O/2015_H5N1_|EPI_ISL_198846 is identical to A/chicken/Jilin/04.12_MHK001-O/2015_H5N1_|EPI_ISL_198845 but kept for subsequent analysis
NOTE: A/chicken/Kaohsiung/16MB0889/2016_H5N8|GCA_038847945.1 is identical to A/chicken/Kaohsiung/16MB0889/2016|EPI_ISL_4032226 but kept for subsequent analysis
NOTE: A/chicken/Kaohsiung/16010047/2016_H5N8|GCA_038811875.1 is identical to A/chicken/Kaohsiung/16010047/2016|EPI_ISL_4032220 but kept for subsequent analysis
NOTE: A/chicken/Kaohsiung/16020017-2/2016_H5N8|GCA_038822355.1 is identical to A/chicken/Kaohsiung/16020017-2/2016|EPI_ISL_4032221 but kept for subsequent analysis
NOTE: A/chicken/Kaohsiung/16040021-1/2016_H5N8|GCA_038845835.1 is identical to A/chicken/Kaohsiung/16040021-1/2016|EPI_ISL_4032222 but kept for subsequent analysis
NOTE: A/chicken/Kaohsiung/16070003/2016_H5N8|GCA_038859925.1 is identical to A/chicken/Kaohsiung/16070003/2016|EPI_ISL_4032223 but kept for subsequent analysis
NOTE: A/chicken/Kaohsiung/16120012/2016_H5N8|GCA_038930925.1 is identical to A/chicken/Kaohsiung/16120012/2016|EPI_ISL_4032224 but kept for subsequent analysis
NOTE: A/chicken/Kaohsiung/17030023/2017_H5N8|GCA_038959395.1 is identical to A/chicken/Kaohsiung/17030023/2017|EPI_ISL_4032227 but kept for subsequent analysis
NOTE: A/chicken/Kaohsiung/17040007/2017_H5N2|GCA_038964805.1 is identical to A/chicken/Kaohsiung/17040007/2017|EPI_ISL_4032229 but kept for subsequent analysis
NOTE: A/chicken/Kaohsiung/17100002/2017_H5N2|GCA_038983395.1 is identical to A/chicken/Kaohsiung/17100002/2017|EPI_ISL_4032230 but kept for subsequent analysis
NOTE: A/chicken/Kaohsiung/18080004-1/2018_H5N2|GCA_039082715.1 is identical to A/chicken/Kaohsiung/18080004-1/2018|EPI_ISL_4032235 but kept for subsequent analysis
NOTE: A/chicken/Kaohsiung/18080004-2/2018_H5N2|GCA_039081885.1 is identical to A/chicken/Kaohsiung/18080004-2/2018|EPI_ISL_4032236 but kept for subsequent analysis
NOTE: A/chicken/Liaoning/S4092/2011_H5N1|GCA_038633635.1 is identical to A/chicken/Liaoning/S4092/2011|EPI_ISL_234324 but kept for subsequent analysis
NOTE: A/chicken/Miaoli/15010421-1/2015_H5N8|GCA_038770005.1 is identical to A/chicken/Miaoli/15010421-1/2015|EPI_ISL_4032237 but kept for subsequent analysis
NOTE: A/chicken/Nantou/16110023-1/2016_H5N8|GCA_038926695.1 is identical to A/chicken/Nantou/16110023-1/2016|EPI_ISL_4032239 but kept for subsequent analysis
NOTE: A/chicken/New_Taipei_City/16110019-1/2016_H5N8|GCA_038926045.1 is identical to A/chicken/New_Taipei_City/16110019-1/2016|EPI_ISL_4032240 but kept for subsequent analysis
NOTE: A/chicken/New_Taipei_City/16110020-2/2016_H5N8|GCA_038925805.1 is identical to A/chicken/New_Taipei_City/16110020-2/2016|EPI_ISL_4032241 but kept for subsequent analysis
NOTE: A/chicken/New_Taipei_City/17040002-2/2017_H5N2|GCA_038965105.1 is identical to A/chicken/New_Taipei_City/17040002-2/2017|EPI_ISL_4032242 but kept for subsequent analysis
NOTE: A/chicken/New_Taipei_City/17050004-2/2017_H5N8|GCA_038968485.1 is identical to A/chicken/New_Taipei_City/17050004-2/2017|EPI_ISL_4032243 but kept for subsequent analysis
NOTE: A/chicken/New_Taipei_City/17090001/2017_H5N8|GCA_038973775.1 is identical to A/chicken/New_Taipei_City/17090001/2017|EPI_ISL_4032244 but kept for subsequent analysis
NOTE: A/chicken/New_Taipei_City/17090003/2017|EPI_ISL_4032246 is identical to A/chicken/New_Taipei_City/17090002/2017|EPI_ISL_4032245 but kept for subsequent analysis
NOTE: A/chicken/New_Taipei_City/18010021-3/2018_H5N2|GCA_039041045.1 is identical to A/chicken/New_Taipei_City/18010021-3/2018|EPI_ISL_4032247 but kept for subsequent analysis
NOTE: A/chicken/Ningxia/2/2012_H5N1|GCA_038644085.1 is identical to A/chicken/Ningxia/2/2012|EPI_ISL_234325 but kept for subsequent analysis
NOTE: A/chicken/Ningxia/222/2012_H5N1|GCA_038646215.1 is identical to A/chicken/Ningxia/222/2012|EPI_ISL_148405 but kept for subsequent analysis
NOTE: A/chicken/PH/A2821/2013_H5N2|GCA_038688545.1 is identical to A/chicken/PH/A2821/2013|EPI_ISL_179540 but kept for subsequent analysis
NOTE: A/chicken/Pingtung/15050006-1/2015_H5N2|GCA_038779665.1 is identical to A/chicken/Pingtung/15050006-1/2015|EPI_ISL_4032264 but kept for subsequent analysis
NOTE: A/chicken/Pingtung/16020009-3/2016_H5N2|GCA_038820085.1 is identical to A/chicken/Pingtung/16020009-3/2016|EPI_ISL_4032266 but kept for subsequent analysis
NOTE: A/chicken/Pingtung/18010017-1/2018_H5N2|GCA_039035945.1 is identical to A/chicken/Pingtung/18010017-1/2018|EPI_ISL_4032267 but kept for subsequent analysis
NOTE: A/chicken/Pingtung/18020015-1/2018_H5N2|GCA_039051165.1 is identical to A/chicken/Pingtung/18020015-1/2018|EPI_ISL_4032269 but kept for subsequent analysis
NOTE: A/chicken/PT/a158/2015_H5N2|GCA_038769555.1 is identical to A/chicken/PT/a158/2015|EPI_ISL_179534 but kept for subsequent analysis
NOTE: A/chicken/Qingdao/1/2014_H5N2|GCA_038713205.1 is identical to A/chicken/Qingdao/1/2014|EPI_ISL_176997 but kept for subsequent analysis
NOTE: A/chicken/SC/a688/2015_H5N2|GCA_038771565.1 is identical to A/chicken/SC/a688/2015|EPI_ISL_179539 but kept for subsequent analysis
NOTE: A/chicken/Shandong/S3/2014_H5N2|GCA_038714765.1 is identical to A/chicken/Shandong/S3/2014|EPI_ISL_234326 but kept for subsequent analysis
NOTE: A/chicken/Xinjiang/S1016/2019_H5N1_|EPI_ISL_18513222 is identical to A/chicken/Shanghai/S1123/2019_H5N1_|EPI_ISL_18513220 but kept for subsequent analysis
NOTE: A/chicken/Shanxi/04.28_TGRL001-O/2018_H5N6|GCA_039072505.1 is identical to A/chicken/Shanxi/04.28_TGRL024-O/2018|EPI_ISL_696630 but kept for subsequent analysis
NOTE: A/chicken/Shanxi/12.01_TGYL014-C/2016_H5N6|GCA_038928185.1 is identical to A/chicken/Shanxi/12.01_TGYL014-C/2016|EPI_ISL_707363 but kept for subsequent analysis
NOTE: A/chicken/Shenzhen/715/2013|EPI_ISL_181665 is identical to A/chicken/Shenzhen/433/2013|EPI_ISL_182059 but kept for subsequent analysis
NOTE: A/chicken/Shenzhen/552/2013_H5N6|GCA_038705235.1 is identical to A/chicken/Shenzhen/552/2013|EPI_ISL_182086 but kept for subsequent analysis
NOTE: A/chicken/Shenzhen/1061/2013_H5N6|GCA_038705475.1 is identical to A/chicken/Shenzhen/1061/2013|EPI_ISL_181666 but kept for subsequent analysis
NOTE: A/chicken/Shenzhen/1845/2013_H5N6|GCA_038705895.1 is identical to A/chicken/Shenzhen/1845/2013|EPI_ISL_182061 but kept for subsequent analysis
NOTE: A/chicken/Shenzhen/2269/2013_H5N6|GCA_038706865.1 is identical to A/chicken/Shenzhen/2269/2013|EPI_ISL_181667 but kept for subsequent analysis
NOTE: A/chicken/Shenzhen/2464/2013|EPI_ISL_182063 is identical to A/chicken/Shenzhen/2396/2013|EPI_ISL_182062 but kept for subsequent analysis
NOTE: A/chicken/Shijiazhuang/1209/2013_H5N2|GCA_038704925.1 is identical to A/chicken/Shijiazhuang/1209/2013|EPI_ISL_175618 but kept for subsequent analysis
NOTE: A/chicken/Sichuan/k141/2017_H5N6|GCA_038944375.1 is identical to A/chicken/Sichuan/k141/2017|EPI_ISL_505073 but kept for subsequent analysis
NOTE: A/chicken/Sichuan/NCJPL1/2014_H5N6|GCA_038732945.1 is identical to A/chicken/Sichuan/NCJPL1/2014|EPI_ISL_179645 but kept for subsequent analysis
NOTE: A/chicken/Taichung/15010399/2015_H5N2|GCA_038770735.1 is identical to A/chicken/Taichung/15010399/2015|EPI_ISL_4032272 but kept for subsequent analysis
NOTE: A/chicken/Taichung/16040032-3/2016_H5N2|GCA_038848055.1 is identical to A/chicken/Taichung/16040032-3/2016|EPI_ISL_4032273 but kept for subsequent analysis
NOTE: A/chicken/Taichung/16050044-2/2016_H5N2|GCA_038853545.1 is identical to A/chicken/Taichung/16050044-2/2016|EPI_ISL_4032274 but kept for subsequent analysis
NOTE: A/chicken/Taichung/16110017-3/2016_H5N8|GCA_038923075.1 is identical to A/chicken/Taichung/16110017-3/2016|EPI_ISL_4032275 but kept for subsequent analysis
NOTE: A/chicken/Tainan/15020214/2015_H5N8|GCA_038774675.1 is identical to A/chicken/Tainan/15020214/2015|EPI_ISL_4032276 but kept for subsequent analysis
NOTE: A/chicken/Tainan/16040035-1/2016_H5N2|GCA_038848235.1 is identical to A/chicken/Tainan/16040035-1/2016|EPI_ISL_4032277 but kept for subsequent analysis
NOTE: A/chicken/Tainan/17030058-1/2017_H5N8|GCA_038963365.1 is identical to A/chicken/Tainan/17030058-1/2017|EPI_ISL_4032278 but kept for subsequent analysis
NOTE: A/chicken/Taipei_City/17090004/2017_H5N8|GCA_038978105.1 is identical to A/chicken/Taipei_City/17090004/2017|EPI_ISL_4032280 but kept for subsequent analysis
NOTE: A/chicken/Taipei_City/18010007-3/2018_H5N2|GCA_039006115.1 is identical to A/chicken/Taipei_City/18010007-3/2018|EPI_ISL_4032281 but kept for subsequent analysis
NOTE: A/chicken/Taipei_City/18010008-3/2018_H5N2|GCA_039008875.1 is identical to A/chicken/Taipei_City/18010008-3/2018|EPI_ISL_4032282 but kept for subsequent analysis
NOTE: A/chicken/Taipei/16060023-1/2016|EPI_ISL_4032286 is identical to A/chicken/Taipei/16060022-4/2016|EPI_ISL_4032285 but kept for subsequent analysis
NOTE: A/chicken/Taipei/16120021/2016_H5N8|GCA_038931165.1 is identical to A/chicken/Taipei/16120021/2016|EPI_ISL_4032287 but kept for subsequent analysis
NOTE: A/chicken/Taipei/17050005-1/2017_H5N8|GCA_038968955.1 is identical to A/chicken/Taipei/17050005-1/2017|EPI_ISL_4032288 but kept for subsequent analysis
NOTE: A/chicken/Taipei/17050008-3/2017_H5N8|GCA_038969015.1 is identical to A/chicken/Taipei/17050008-3/2017|EPI_ISL_4032291 but kept for subsequent analysis
NOTE: A/chicken/Taipei/17050009-3/2017_H5N8|GCA_038968565.1 is identical to A/chicken/Taipei/17050009-3/2017|EPI_ISL_4032292 but kept for subsequent analysis
NOTE: A/chicken/Taishun/TS2/2016_H5N6|GCA_038823315.1 is identical to A/chicken/Taishun/TS2/2016|EPI_ISL_244534 but kept for subsequent analysis
NOTE: A/chicken/Taishun/TS90/2016_H5N6|GCA_038821405.1 is identical to A/chicken/Taishun/TS90/2016|EPI_ISL_244533 but kept for subsequent analysis
NOTE: A/chicken/Taiwan/0101/2012_H5N2|GCA_038638535.1 is identical to A/chicken/Taiwan/0101/2012|EPI_ISL_143459 but kept for subsequent analysis
NOTE: A/chicken/Taiwan/0502/2012_H5N2|GCA_038647165.1 is identical to A/chicken/Taiwan/0502/2012|EPI_ISL_162475 but kept for subsequent analysis
NOTE: A/chicken/Taiwan/683/2012_H5N2|GCA_038661325.1 is identical to A/chicken/Taiwan/683/2012|EPI_ISL_158000 but kept for subsequent analysis
NOTE: A/goose/Taiwan/01038/2015|EPI_ISL_219872 is identical to A/chicken/Taiwan/01174/2015|EPI_ISL_219873 but kept for subsequent analysis
NOTE: A/chicken/Taiwan/1704/2013|EPI_ISL_158006 is identical to A/chicken/Taiwan/1682/2013|EPI_ISL_158004 but kept for subsequent analysis
NOTE: A/chicken/Taiwan/1692/2013_H5N2|GCA_038676895.1 is identical to A/chicken/Taiwan/1692/2013|EPI_ISL_158005 but kept for subsequent analysis
NOTE: A/chicken/Taiwan/1711/2013_H5N2|GCA_038676915.1 is identical to A/chicken/Taiwan/1711/2013|EPI_ISL_158007 but kept for subsequent analysis
NOTE: A/chicken/Taiwan/2593/2012_H5N2|GCA_038664595.1 is identical to A/chicken/Taiwan/2593/2012|EPI_ISL_158024 but kept for subsequent analysis
NOTE: A/chicken/Taiwan/2948/2013_H5N2|GCA_038682205.1 is identical to A/chicken/Taiwan/2948/2013|EPI_ISL_158008 but kept for subsequent analysis
NOTE: A/chicken/Taiwan/4443/2013_H5N2|GCA_038687875.1 is identical to A/chicken/Taiwan/4443/2013|EPI_ISL_158014 but kept for subsequent analysis
NOTE: A/chicken/Taiwan/7350/2013_H5N2|GCA_038683895.1 is identical to A/chicken/Taiwan/7350/2013|EPI_ISL_158009 but kept for subsequent analysis
NOTE: A/chicken/Taiwan/8988/2013_H5N2|GCA_038684125.1 is identical to A/chicken/Taiwan/8988/2013|EPI_ISL_158010 but kept for subsequent analysis
NOTE: A/chicken/Taiwan/8994/2013_H5N2|GCA_038683325.1 is identical to A/chicken/Taiwan/8994/2013|EPI_ISL_158011 but kept for subsequent analysis
NOTE: A/chicken/Taiwan/8996/2013_H5N2|GCA_038683345.1 is identical to A/chicken/Taiwan/8996/2013|EPI_ISL_158013 but kept for subsequent analysis
NOTE: A/chicken/Taiwan/A1/2019_H5N2|GCA_039152805.1 is identical to A/chicken/Taiwan/A1/2019|EPI_ISL_502392 but kept for subsequent analysis
NOTE: A/chicken/Taiwan/A1997/2012_H5N2|GCA_038642135.1 is identical to A/chicken/Taiwan/A1997/2012|EPI_ISL_143460 but kept for subsequent analysis
NOTE: A/chicken/Taiwan/D9/2019|EPI_ISL_502397 is identical to A/chicken/Taiwan/D2/2019|EPI_ISL_502396 but kept for subsequent analysis
NOTE: A/chicken/TC/a504/2015_H5N2|GCA_038770605.1 is identical to A/chicken/TC/a504/2015|EPI_ISL_179536 but kept for subsequent analysis
NOTE: A/chicken/TY/a665/2015_H5N2|GCA_038772285.1 is identical to A/chicken/TY/a665/2015|EPI_ISL_179538 but kept for subsequent analysis
NOTE: A/chicken/Wuxi/WX-32/2013_H5N1|GCA_038684205.1 is identical to A/chicken/Wuxi/WX-32/2013|EPI_ISL_376084 but kept for subsequent analysis
NOTE: A/chicken/Wuxi/WX-33/2013_H5N1|GCA_038687525.1 is identical to A/chicken/Wuxi/WX-33/2013|EPI_ISL_376085 but kept for subsequent analysis
NOTE: A/chicken/Xuzhou/XZ6/2016_H5N6|GCA_038820665.1 is identical to A/chicken/Xuzhou/XZ6/2016|EPI_ISL_282395 but kept for subsequent analysis
NOTE: A/chicken/Yangzhou/YD1/2014_H5N6|GCA_038744805.1 is identical to A/chicken/Yangzhou/YD1/2014|EPI_ISL_295144 but kept for subsequent analysis
NOTE: A/chicken/YL/A3190/2014_H5N2|GCA_038732485.1 is identical to A/chicken/YL/A3190/2014|EPI_ISL_179541 but kept for subsequent analysis
NOTE: A/chicken/Yuhang/2/2013|EPI_ISL_213834 is identical to A/chicken/Yuhang/1/2013|EPI_ISL_213833 but kept for subsequent analysis
NOTE: A/chicken/Yunlin/15020048-1/2015_H5N2|GCA_038772355.1 is identical to A/chicken/Yunlin/15020048-1/2015|EPI_ISL_4032293 but kept for subsequent analysis
NOTE: A/chicken/Yunlin/15040002-2/2015_H5N2|GCA_038777935.1 is identical to A/chicken/Yunlin/15040002-2/2015|EPI_ISL_4032294 but kept for subsequent analysis
NOTE: A/chicken/Yunlin/15040027/2015_H5N2|GCA_038779375.1 is identical to A/chicken/Yunlin/15040027/2015|EPI_ISL_4032295 but kept for subsequent analysis
NOTE: A/chicken/Yunlin/15050012/2015_H5N8|GCA_038779825.1 is identical to A/chicken/Yunlin/15050012/2015|EPI_ISL_4032296 but kept for subsequent analysis
NOTE: A/chicken/Yunlin/15050037-2/2015_H5N2|GCA_038780755.1 is identical to A/chicken/Yunlin/15050037-2/2015|EPI_ISL_4032297 but kept for subsequent analysis
NOTE: A/chicken/Yunlin/15050039-2/2015_H5N2|GCA_038780835.1 is identical to A/chicken/Yunlin/15050039-2/2015|EPI_ISL_4032298 but kept for subsequent analysis
NOTE: A/chicken/Yunlin/15060014-1/2015_H5N2|GCA_038783305.1 is identical to A/chicken/Yunlin/15060014-1/2015|EPI_ISL_4032299 but kept for subsequent analysis
NOTE: A/chicken/Yunlin/15080024/2015_H5N2|GCA_038789515.1 is identical to A/chicken/Yunlin/15080024/2015|EPI_ISL_4032300 but kept for subsequent analysis
NOTE: A/chicken/Yunlin/16010001-1/2016_H5N2|GCA_038808645.1 is identical to A/chicken/Yunlin/16010001-1/2016|EPI_ISL_4032301 but kept for subsequent analysis
NOTE: A/chicken/Yunlin/16010008-1/2016_H5N2|GCA_038807915.1 is identical to A/chicken/Yunlin/16010008-1/2016|EPI_ISL_4032302 but kept for subsequent analysis
NOTE: A/chicken/Yunlin/16020038/2016_H5N8|GCA_038824985.1 is identical to A/chicken/Yunlin/16020038/2016|EPI_ISL_4032303 but kept for subsequent analysis
NOTE: A/chicken/Yunlin/16050053/2016_H5N2|GCA_038853745.1 is identical to A/chicken/Yunlin/16050053/2016|EPI_ISL_4032304 but kept for subsequent analysis
NOTE: A/chicken/Yunlin/17010001/2017_H5N8|GCA_038941205.1 is identical to A/chicken/Yunlin/17010001/2017|EPI_ISL_4032305 but kept for subsequent analysis
NOTE: A/chicken/Yunlin/17010014/2017_H5N2|GCA_038945005.1 is identical to A/chicken/Yunlin/17010014/2017|EPI_ISL_4032306 but kept for subsequent analysis
NOTE: A/chicken/Yunlin/17020094-1/2017_H5N2|GCA_038957835.1 is identical to A/chicken/Yunlin/17020094-1/2017|EPI_ISL_4032308 but kept for subsequent analysis
NOTE: A/chicken/Yunlin/17020095-2/2017_H5N2|GCA_038958125.1 is identical to A/chicken/Yunlin/17020095-2/2017|EPI_ISL_4032309 but kept for subsequent analysis
NOTE: A/chicken/Yunlin/17030001-1/2017_H5N2|GCA_038958215.1 is identical to A/chicken/Yunlin/17030001-1/2017|EPI_ISL_4032310 but kept for subsequent analysis
NOTE: A/chicken/Yunlin/17030007-1/2017_H5N2|GCA_038959055.1 is identical to A/chicken/Yunlin/17030007-1/2017|EPI_ISL_4032311 but kept for subsequent analysis
NOTE: A/chicken/Yunlin/17030010-1/2017_H5N2|GCA_038958835.1 is identical to A/chicken/Yunlin/17030010-1/2017|EPI_ISL_4032312 but kept for subsequent analysis
NOTE: A/chicken/Yunlin/17030014-1/2017_H5N2|GCA_038959325.1 is identical to A/chicken/Yunlin/17030014-1/2017|EPI_ISL_4032313 but kept for subsequent analysis
NOTE: A/chicken/Yunlin/17030020-2/2017_H5N2|GCA_038959465.1 is identical to A/chicken/Yunlin/17030020-2/2017|EPI_ISL_4032314 but kept for subsequent analysis
NOTE: A/chicken/Yunlin/17030021-1/2017_H5N2|GCA_038959175.1 is identical to A/chicken/Yunlin/17030021-1/2017|EPI_ISL_4032315 but kept for subsequent analysis
NOTE: A/chicken/Yunlin/17030032-2/2017_H5N2|GCA_038960485.1 is identical to A/chicken/Yunlin/17030032-2/2017|EPI_ISL_4032316 but kept for subsequent analysis
NOTE: A/chicken/Yunlin/17030065-2/2017_H5N2|GCA_038964015.1 is identical to A/chicken/Yunlin/17030065-2/2017|EPI_ISL_4032317 but kept for subsequent analysis
NOTE: A/chicken/Yunlin/17040003-1/2017_H5N2|GCA_038964455.1 is identical to A/chicken/Yunlin/17040003-1/2017|EPI_ISL_4032318 but kept for subsequent analysis
NOTE: A/chicken/Yunlin/17040004-2/2017_H5N2|GCA_038964735.1 is identical to A/chicken/Yunlin/17040004-2/2017|EPI_ISL_4032319 but kept for subsequent analysis
NOTE: A/chicken/Yunlin/17040011-1/2017_H5N2|GCA_038965595.1 is identical to A/chicken/Yunlin/17040011-1/2017|EPI_ISL_4032322 but kept for subsequent analysis
NOTE: A/chicken/Yunlin/17060019/2017_H5N2|GCA_039014265.1 is identical to A/chicken/Yunlin/17060019/2017|EPI_ISL_4032324 but kept for subsequent analysis
NOTE: A/chicken/Yunlin/17070010/2017_H5N2|GCA_039017175.1 is identical to A/chicken/Yunlin/17070010/2017|EPI_ISL_4032325 but kept for subsequent analysis
NOTE: A/chicken/Yunlin/18010001-2/2018_H5N2|GCA_039002565.1 is identical to A/chicken/Yunlin/18010001-2/2018|EPI_ISL_4032326 but kept for subsequent analysis
NOTE: A/chicken/Yunlin/18010023-1/2018_H5N2|GCA_039041605.1 is identical to A/chicken/Yunlin/18010023-1/2018|EPI_ISL_4032328 but kept for subsequent analysis
NOTE: A/chicken/Yunlin/18020003-2/2018_H5N2|GCA_039043485.1 is identical to A/chicken/Yunlin/18020003-2/2018|EPI_ISL_4032330 but kept for subsequent analysis
NOTE: A/chicken/Yunlin/18020004-1/2018_H5N2|GCA_039042795.1 is identical to A/chicken/Yunlin/18020004-1/2018|EPI_ISL_4032331 but kept for subsequent analysis
NOTE: A/chicken/Yunlin/18020005-2/2018_H5N2|GCA_039043505.1 is identical to A/chicken/Yunlin/18020005-2/2018|EPI_ISL_4032332 but kept for subsequent analysis
NOTE: A/chicken/Yunlin/18020008-2/2018_H5N2|GCA_039046765.1 is identical to A/chicken/Yunlin/18020008-2/2018|EPI_ISL_4032333 but kept for subsequent analysis
NOTE: A/chicken/Yunlin/18030002-1/2018_H5N2|GCA_039058255.1 is identical to A/chicken/Yunlin/18030002-1/2018|EPI_ISL_4032335 but kept for subsequent analysis
NOTE: A/chicken/Yunlin/18050013-1/2018_H5N2|GCA_039073545.1 is identical to A/chicken/Yunlin/18050013-1/2018|EPI_ISL_4032337 but kept for subsequent analysis
NOTE: A/chicken/Yunlin/18060001-2/2018_H5N2|GCA_039075865.1 is identical to A/chicken/Yunlin/18060001-2/2018|EPI_ISL_4032338 but kept for subsequent analysis
NOTE: A/chicken/Yunlin/18080006-1/2018_H5N2|GCA_039082625.1 is identical to A/chicken/Yunlin/18080006-1/2018|EPI_ISL_4032419 but kept for subsequent analysis
NOTE: A/chicken/Yunnan/1/2014_H5N1|GCA_038718885.1 is identical to A/chicken/Yunnan/1/2014|EPI_ISL_205856 but kept for subsequent analysis
NOTE: A/chicken/Zhejiang/217/2016|EPI_ISL_253031 is identical to A/chicken/Zhejiang/194/2016|EPI_ISL_253029 but kept for subsequent analysis
NOTE: A/chicken/Zhejiang/209/2016_H5N2|GCA_038814075.1 is identical to A/chicken/Zhejiang/209/2016|EPI_ISL_253030 but kept for subsequent analysis
NOTE: A/chicken/Zhejiang/232/2016_H5N2|GCA_038815275.1 is identical to A/chicken/Zhejiang/232/2016|EPI_ISL_253032 but kept for subsequent analysis
NOTE: A/chicken/Zhejiang/7450/2015_H5N2|GCA_038784975.1 is identical to A/chicken/Zhejiang/7450/2015|EPI_ISL_279180 but kept for subsequent analysis
NOTE: A/chicken/Zhejiang/81643/2015_H5N2|GCA_038789035.1 is identical to A/chicken/Zhejiang/81643/2015|EPI_ISL_279179 but kept for subsequent analysis
NOTE: A/chicken/Zhejiang/514135/2015_H5N2|GCA_038781465.1 is identical to A/chicken/Zhejiang/514135/2015|EPI_ISL_279181 but kept for subsequent analysis
NOTE: A/chicken/Zhejiang/727022/2014_H5N6|GCA_038739995.1 is identical to A/chicken/Zhejiang/727022/2014|EPI_ISL_203747 but kept for subsequent analysis
NOTE: A/chicken/Zhejiang/727026/2014_H5N6|GCA_038740015.1 is identical to A/chicken/Zhejiang/727026/2014|EPI_ISL_203748 but kept for subsequent analysis
NOTE: A/chicken/Zhejiang/727079/2014_H5N2|GCA_038740105.1 is identical to A/chicken/Zhejiang/727079/2014|EPI_ISL_203737 but kept for subsequent analysis
NOTE: A/chicken/Zhejiang/727155/2014_H5N6|GCA_038741255.1 is identical to A/chicken/Zhejiang/727155/2014|EPI_ISL_203749 but kept for subsequent analysis
NOTE: A/chicken/Zhejiang/727159/2014_H5N2|GCA_038740125.1 is identical to A/chicken/Zhejiang/727159/2014|EPI_ISL_203736 but kept for subsequent analysis
NOTE: A/Cygnus_columbianus/Hubei/53/2020|EPI_ISL_2555538 is identical to A/Chlidonias_hybrida/Hubei/55/2020|EPI_ISL_2555536 but kept for subsequent analysis
NOTE: A/Commom_Teal/Ningxia/474-9/2015_H5N6|GCA_038800685.1 is identical to A/Commom_Teal/Ningxia/474-9/2015|EPI_ISL_295496 but kept for subsequent analysis
NOTE: A/mallard/Ningxia/239/2020|EPI_ISL_2820288 is identical to A/common_pochard/Ningxia/243/2020|EPI_ISL_2820479 but kept for subsequent analysis
NOTE: A/common_teal/Shaanxi/SXY1-1/2020|EPI_ISL_1760448 is identical to A/common_teal/Ningxia/105/2020|EPI_ISL_2815336 but kept for subsequent analysis
NOTE: A/common_teal/Ningxia/189/2020|EPI_ISL_2820261 is identical to A/common_teal/Ningxia/181/2020|EPI_ISL_2820259 but kept for subsequent analysis
NOTE: A/condor/Guangdong/139/2003_H5N1|GCA_038210975.1 is identical to A/condor/Guangdong/139/2003|EPI_ISL_123967 but kept for subsequent analysis
NOTE: A/Copsychus_saularis/Guangdong/SW8/2014_H5N6|GCA_038741795.1 is identical to A/Copsychus_saularis/Guangdong/SW8/2014|EPI_ISL_234670 but kept for subsequent analysis
NOTE: A/Cygnus_atratus/Hubei/2Z2-O/2016_H5N8|GCA_038936895.1 is identical to A/Cygnus_atratus/Hubei/2Z2-O/2016|EPI_ISL_295493 but kept for subsequent analysis
NOTE: A/Cygnus_atratus/Hubei/HF-1/2016_H5N8|GCA_038933985.1 is identical to A/Cygnus_atratus/Hubei/HF-1/2016|EPI_ISL_295494 but kept for subsequent analysis
NOTE: A/Cygnus_columbianus/Hubei/49/2020_H5N8|GCA_039226965.1 is identical to A/Cygnus_columbianus/Hubei/49/2020|EPI_ISL_2556113 but kept for subsequent analysis
NOTE: A/Cygnus_columbianus/Hubei/50/2020_H5N8|GCA_039227715.1 is identical to A/Cygnus_columbianus/Hubei/50/2020|EPI_ISL_2555543 but kept for subsequent analysis
NOTE: A/Cygnus_columbianus/Hubei/51/2020_H5N8|GCA_039226985.1 is identical to A/Cygnus_columbianus/Hubei/51/2020|EPI_ISL_2555542 but kept for subsequent analysis
NOTE: A/Cygnus_columbianus/Hubei/52/2020_H5N8|GCA_039227815.1 is identical to A/Cygnus_columbianus/Hubei/52/2020|EPI_ISL_2555541 but kept for subsequent analysis
NOTE: A/Cygnus_columbianus/Hubei/56/2020_H5N8|GCA_039226645.1 is identical to A/Cygnus_columbianus/Hubei/56/2020|EPI_ISL_2555534 but kept for subsequent analysis
NOTE: A/Cygnus_columbianus/Hubei/116/2020_H5N8|GCA_039227075.1 is identical to A/Cygnus_columbianus/Hubei/116/2020|EPI_ISL_2555532 but kept for subsequent analysis
NOTE: A/Cygnus_columbianus/Hubei/123/2021|EPI_ISL_11633616 is identical to A/Cygnus_columbianus/Hubei/117/2021|EPI_ISL_11633613 but kept for subsequent analysis
NOTE: A/domestic_green-winged_teal/Hunan/3450/2006_H5N1|GCA_038270485.1 is identical to A/domestic_green-winged_teal/Hunan/3450/2006|EPI_ISL_138602 but kept for subsequent analysis
NOTE: A/duck/Anhui/S4/2016_H5N6|GCA_038810135.1 is identical to A/duck/Anhui/S4/2016|EPI_ISL_282396 but kept for subsequent analysis
NOTE: A/duck/Changhua/15A03431-1-20T/2015_H5N2|GCA_038772945.1 is identical to A/duck/Changhua/15A03431-1-20T/2015|EPI_ISL_4032420 but kept for subsequent analysis
NOTE: A/duck/Changhua/15A03473-1-20T/2015_H5N2|GCA_038773095.1 is identical to A/duck/Changhua/15A03473-1-20T/2015|EPI_ISL_4032421 but kept for subsequent analysis
NOTE: A/duck/Chiayi/15080023/2015_H5N8|GCA_038789395.1 is identical to A/duck/Chiayi/15080023/2015|EPI_ISL_4032422 but kept for subsequent analysis
NOTE: A/duck/China/0936/2017_H5N6|GCA_038977135.1 is identical to A/duck/China/0936/2017|EPI_ISL_503024 but kept for subsequent analysis
NOTE: A/duck/China/0935/2017_H5N1|GCA_038981425.1 is identical to A/duck/China/0938/2017|EPI_ISL_503027 but kept for subsequent analysis
NOTE: A/duck/China/E26/2012_H5N1|GCA_038647205.1 is identical to A/duck/China/E26/2012|EPI_ISL_278504 but kept for subsequent analysis
NOTE: A/duck/China/E53/2012_H5N1|GCA_038646875.1 is identical to A/duck/China/E53/2012|EPI_ISL_278506 but kept for subsequent analysis
NOTE: A/duck/China/YD1516/2016_H5N2|GCA_038808625.1 is identical to A/duck/China/YD1516/2016|EPI_ISL_379683 but kept for subsequent analysis
NOTE: A/duck/Chongqing/S4362/2017_H5N3|GCA_038992995.1 is identical to A/duck/Chongqing/S4362/2017|EPI_ISL_372784 but kept for subsequent analysis
NOTE: A/duck/Dongguan/2685/2013_H5N6|GCA_038708145.1 is identical to A/duck/Dongguan/2685/2013|EPI_ISL_182064 but kept for subsequent analysis
NOTE: A/Duck/Dongting/D76-1/2016_H5N7|GCA_038937065.1 is identical to A/Duck/Dongting/D76-1/2016|EPI_ISL_295495 but kept for subsequent analysis
NOTE: A/duck/Eastern_China/008/2008_H5N5|GCA_038500815.1 is identical to A/duck/Eastern_China/008/2008|EPI_ISL_94329 but kept for subsequent analysis
NOTE: A/duck/Eastern_China/031/2009_H5N5|GCA_038504765.1 is identical to A/duck/Eastern_China/031/2009|EPI_ISL_94330 but kept for subsequent analysis
NOTE: A/duck/Eastern_China/108/2008_H5N1|GCA_038501435.1 is identical to A/duck/Eastern_China/108/2008|EPI_ISL_94331 but kept for subsequent analysis
NOTE: A/duck/Eastern_China/909/2009_H5N1|GCA_038505355.1 is identical to A/duck/Eastern_China/909/2009|EPI_ISL_94332 but kept for subsequent analysis
NOTE: A/duck/Eastern_China/JY/2014_H5N8|GCA_038713025.1 is identical to A/duck/Eastern_China/JY/2014|EPI_ISL_222132 but kept for subsequent analysis
NOTE: A/duck/Eastern_China/L0321/2010|EPI_ISL_208822 is identical to A/duck/Eastern_China/L0230/2010|EPI_ISL_208823 but kept for subsequent analysis
NOTE: A/duck/Eastern_China/L0405/2010_H5N8|GCA_038582755.1 is identical to A/duck/Eastern_China/L0405/2010|EPI_ISL_208824 but kept for subsequent analysis
NOTE: A/duck/Eastern_China/L0423/2011_H5N8|GCA_038613485.1 is identical to A/duck/Eastern_China/L0423/2011|EPI_ISL_208825 but kept for subsequent analysis
NOTE: A/duck/Eastern_China/L0611/2011_H5N8|GCA_038614645.1 is identical to A/duck/Eastern_China/L0611/2011|EPI_ISL_208826 but kept for subsequent analysis
NOTE: A/duck/Eastern_China/L0722/2012_H5N8|GCA_038651775.1 is identical to A/duck/Eastern_China/L0722/2012|EPI_ISL_208827 but kept for subsequent analysis
NOTE: A/duck/Eastern_China/L1021/2012_H5N8|GCA_038657365.1 is identical to A/duck/Eastern_China/L1021/2012|EPI_ISL_208828 but kept for subsequent analysis
NOTE: A/duck/Eastern_China/L1120/2012_H5N8|GCA_038659075.1 is identical to A/duck/Eastern_China/L1120/2012|EPI_ISL_208829 but kept for subsequent analysis
NOTE: A/duck/Eastern_China/S0131/2014_H5N2|GCA_038716925.1 is identical to A/duck/Eastern_China/S0131/2014|EPI_ISL_208834 but kept for subsequent analysis
NOTE: A/duck/Eastern_China/S0215/2014_H5N8|GCA_038718135.1 is identical to A/duck/Eastern_China/S0215/2014|EPI_ISL_208835 but kept for subsequent analysis
NOTE: A/duck/Eastern_China/S0322/2014__H5N6|GCA_038725405.1 is identical to A/duck/Eastern_China/S0322/2014|EPI_ISL_208839 but kept for subsequent analysis
NOTE: A/duck/Eastern_China/S0711/2014_H5N6|GCA_038739925.1 is identical to A/duck/Eastern_China/S0711/2014|EPI_ISL_208836 but kept for subsequent analysis
NOTE: A/duck/Eastern_China/S0808/2014_H5N2|GCA_038742195.1 is identical to A/duck/Eastern_China/S0808/2014|EPI_ISL_208837 but kept for subsequent analysis
NOTE: A/duck/Eastern_China/S0908/2014_H5N6|GCA_038744365.1 is identical to A/duck/Eastern_China/S0908/2014|EPI_ISL_208838 but kept for subsequent analysis
NOTE: A/duck/Eastern_China/S1109/2014_H5N8|GCA_038755785.1 is identical to A/duck/Eastern_China/S1109/2014|EPI_ISL_208841 but kept for subsequent analysis
NOTE: A/duck/Eastern_China/S1210/2013_H5N8|GCA_038706185.1 is identical to A/duck/Eastern_China/S1210/2013|EPI_ISL_208832 but kept for subsequent analysis
NOTE: A/duck/Fujian/11.3_FZHX1141-C/2016|EPI_ISL_707422 is identical to A/duck/Fujian/1.17_FZHX0123-C/2017|EPI_ISL_707384 but kept for subsequent analysis
NOTE: A/duck/Fujian/05.07_FZHMD12AK-O/2015_Mixed_|EPI_ISL_201358 is identical to A/duck/Fujian/05.07_FZHMD4K-O/2015_Mixed_|EPI_ISL_201356 but kept for subsequent analysis
NOTE: A/duck/Fujian/11.23_FZHX0009-C/2017|EPI_ISL_707417 is identical to A/duck/Fujian/10.26_FZHX0002-O/2017|EPI_ISL_707414 but kept for subsequent analysis
NOTE: A/duck/Fujian/10.26_FZHX0010-O/2017_H5N6|GCA_038987405.1 is identical to A/duck/Fujian/10.26_FZHX0010-O/2017|EPI_ISL_707415 but kept for subsequent analysis
NOTE: A/duck/Fujian/11.3_FZHX1132-O/2016_H5N6|GCA_038920095.1 is identical to A/duck/Fujian/11.3_FZHX1132-O/2016|EPI_ISL_707421 but kept for subsequent analysis
NOTE: A/duck/Fujian/11.23_FZHX0015-C/2017|EPI_ISL_707419 is identical to A/duck/Fujian/11.23_FZHX0014-C/2017|EPI_ISL_707418 but kept for subsequent analysis
NOTE: A/duck/Fujian/12.7_FZHX1218-C/2016_H5N6|GCA_038930555.1 is identical to A/duck/Fujian/12.7_FZHX1218-C/2016|EPI_ISL_707426 but kept for subsequent analysis
NOTE: A/duck/Fujian/12.7_FZHX1221-C/2016|EPI_ISL_707428 is identical to A/duck/Fujian/12.7_FZHX1219-O/2016|EPI_ISL_707427 but kept for subsequent analysis
NOTE: A/duck/Guangdong/01.01_SZSGXJK004-Y/2016|EPI_ISL_221710 is identical to A/duck/Guangdong/01.01_SZSGXJK002-G/2016|EPI_ISL_221708 but kept for subsequent analysis
NOTE: A/duck/Guangdong/02.11_DGCP094-P/2015_Mixed_|EPI_ISL_199437 is identical to A/duck/Guangdong/02.11_DGCP092-P/2015_Mixed_|EPI_ISL_199435 but kept for subsequent analysis
NOTE: A/duck/Guangdong/02.11_DGCP104-P/2015_Mixed_|EPI_ISL_199423 is identical to A/duck/Guangdong/02.11_DGCP102-P/2015_Mixed_|EPI_ISL_199421 but kept for subsequent analysis
NOTE: A/duck/Guangdong/03.26_DGCP066-O/2015_H5N6_|EPI_ISL_199175 is identical to A/duck/Guangdong/03.26_DGCP062-P/2015_H5N6_|EPI_ISL_199403 but kept for subsequent analysis
NOTE: A/duck/Guangdong/03.26_DGCP076-P/2015_H5N6_|EPI_ISL_199406 is identical to A/duck/Guangdong/03.26_DGCP074-O/2015_H5N6_|EPI_ISL_199178 but kept for subsequent analysis
NOTE: A/duck/Guangdong/03.26_DGCP077-O/2015_H5N6_|EPI_ISL_199407 is identical to A/duck/Guangdong/03.26_DGCP075-O/2015_Mixed_|EPI_ISL_199408 but kept for subsequent analysis
NOTE: A/duck/Guangdong/03.26_DGCPLB007-P/2015_H5N6_|EPI_ISL_199192 is identical to A/duck/Guangdong/03.26_DGCPLB007-O/2015_H5N6_|EPI_ISL_199404 but kept for subsequent analysis
NOTE: A/duck/Guangdong/03.26_DGCPLB022-O/2015_H5N6_|EPI_ISL_199405 is identical to A/duck/Guangdong/03.26_DGCPLB021-O/2015_H5N6_|EPI_ISL_199174 but kept for subsequent analysis
NOTE: A/duck/Guangdong/03.27_DGQTSJ134-O/2015_Mixed_|EPI_ISL_200249 is identical to A/duck/Guangdong/03.27_DGQTSJ131-O/2015_Mixed_|EPI_ISL_199367 but kept for subsequent analysis
NOTE: A/duck/Guangdong/04.23_DGQTSJ135-O/2015_Mixed_|EPI_ISL_199372 is identical to A/duck/Guangdong/03.27_DGQTSJ133-O/2015_Mixed_|EPI_ISL_200251 but kept for subsequent analysis
NOTE: A/duck/Guangdong/04.23_DGQTXC188-O/2015_Mixed_|EPI_ISL_200248 is identical to A/duck/Guangdong/03.27_DGQTXC203-O/2015_Mixed_|EPI_ISL_199374 but kept for subsequent analysis
NOTE: A/duck/Guangdong/04.16_SZLGDBL009/2015_H5N6_|EPI_ISL_199462 is identical to A/duck/Guangdong/04.16_LGDBL001/2015_Mixed_|EPI_ISL_199381 but kept for subsequent analysis
NOTE: A/duck/Guangdong/04.22_DGCP071-P/2015_Mixed_|EPI_ISL_200255 is identical to A/duck/Guangdong/04.22_DGCP068-O/2015_H5N6_|EPI_ISL_199209 but kept for subsequent analysis
NOTE: A/duck/Guangdong/04.22_DGCP084-O/2015_H5N6_|EPI_ISL_199303 is identical to A/duck/Guangdong/04.22_DGCP083-O/2015_Mixed_|EPI_ISL_200247 but kept for subsequent analysis
NOTE: A/goose/Guangdong/04.22_DGCP118-P/2015_H5N6_|EPI_ISL_199268 is identical to A/duck/Guangdong/04.22_DGCPLB018-O/2015_H5N6_|EPI_ISL_199230 but kept for subsequent analysis
NOTE: A/duck/Guangdong/04.23_DGQTXC227-P/2015_Mixed_|EPI_ISL_200236 is identical to A/duck/Guangdong/04.23_DGQTSJ145-O/2015_H5N6_|EPI_ISL_199235 but kept for subsequent analysis
NOTE: A/duck/Guangdong/04.23_DGQTXC186-O/2015_Mixed_|EPI_ISL_199358 is identical to A/duck/Guangdong/04.23_DGQTXC183-O/2015_Mixed_|EPI_ISL_199369 but kept for subsequent analysis
NOTE: A/duck/Guangdong/04.23_DGQTXC231-P/2015_Mixed_|EPI_ISL_200243 is identical to A/duck/Guangdong/04.23_DGQTXC231-O/2015_H5N6_|EPI_ISL_199236 but kept for subsequent analysis
NOTE: A/duck/Guangdong/11.18_SZBJ003-O/2016|EPI_ISL_707454 is identical to A/duck/Guangdong/11.18_SZBJ003-C/2016|EPI_ISL_707453 but kept for subsequent analysis
NOTE: A/duck/Guangdong/11.18_SZBJ007-O/2016_H5N6|GCA_038923905.1 is identical to A/duck/Guangdong/11.18_SZBJ007-O/2016|EPI_ISL_707455 but kept for subsequent analysis
NOTE: A/duck/Guangdong/KGZ16008/2021|EPI_ISL_19210558 is identical to A/duck/Guangdong/KGZ16007/2021|EPI_ISL_19210557 but kept for subsequent analysis
NOTE: A/duck/Zhejiang/S4854/2021_H5N6_|EPI_ISL_11208199 is identical to A/duck/Guangdong/S4518/2021_H5N1_|EPI_ISL_12572654 but kept for subsequent analysis
NOTE: A/goose/Guangdong/s13124/2013|EPI_ISL_201798 is identical to A/duck/Guangdong/s14044/2014|EPI_ISL_201799 but kept for subsequent analysis
NOTE: A/duck/Sichuan/S1805/2021|EPI_ISL_9637826 is identical to A/duck/Guangdong/SE195/2021|EPI_ISL_9637825 but kept for subsequent analysis
NOTE: A/duck/Guangdong/wy11/2008_H5N5|GCA_038482195.1 is identical to A/duck/Guangdong/wy11/2008|EPI_ISL_152085 but kept for subsequent analysis
NOTE: A/duck/Guangdong/wy19/2008_H5N5|GCA_038481545.1 is identical to A/duck/Guangdong/wy19/2008|EPI_ISL_152086 but kept for subsequent analysis
NOTE: A/duck/Guangdong/wy24/2008_H5N5|GCA_038482215.1 is identical to A/duck/Guangdong/wy24/2008|EPI_ISL_152087 but kept for subsequent analysis
NOTE: A/duck/Guangzhou/021/2014|EPI_ISL_224985 is identical to A/duck/Guangzhou/018/2014|EPI_ISL_224984 but kept for subsequent analysis
NOTE: A/duck/Guizhou/7.27_ZYLJJ017-O/2018_H5N6|GCA_039081265.1 is identical to A/duck/Guizhou/7.27_ZYLJJ017-O/2018|EPI_ISL_696807 but kept for subsequent analysis
NOTE: A/duck/Guizhou/8.26_ZYLJJ016-O/2018_H5N6|GCA_039082565.1 is identical to A/duck/Guizhou/8.26_ZYLJJ016-O/2018|EPI_ISL_696813 but kept for subsequent analysis
NOTE: A/duck/Guizhou/8.26_ZYLJJ017-O/2018_H5N6|GCA_039082585.1 is identical to A/duck/Guizhou/8.26_ZYLJJ017-O/2018|EPI_ISL_707465 but kept for subsequent analysis
NOTE: A/duck/Hainan/12.29_HKPL002-C/2017_H5N6|GCA_038998405.1 is identical to A/duck/Hainan/12.29_HKPL002-C/2017|EPI_ISL_707469 but kept for subsequent analysis
NOTE: A/duck/Hsinchu/15020216/2015_H5N2|GCA_038773755.1 is identical to A/duck/Hsinchu/15020216/2015|EPI_ISL_4032423 but kept for subsequent analysis
NOTE: A/duck/Hubei/03.06__WHWTZ0123-O/2015_H5N6_|EPI_ISL_199026 is identical to A/duck/Hubei/03.06__WHWTZ0111-O/2015_Mixed_|EPI_ISL_200276 but kept for subsequent analysis
NOTE: A/duck/Hubei/2911/2007_H5N1|GCA_038457615.1 is identical to A/duck/Hubei/2911/2007|EPI_ISL_29185 but kept for subsequent analysis
NOTE: A/duck/Hubei/SZY250/2016_H5N2|GCA_038848485.1 is identical to A/duck/Hubei/SZY250/2016|EPI_ISL_231747 but kept for subsequent analysis
NOTE: A/duck/Hubei/xn/2007_H5N1|GCA_038473135.1 is identical to A/duck/Hubei/xn/2007|EPI_ISL_155694 but kept for subsequent analysis
NOTE: A/duck/Hunan/1.12_YYGK68H3-OC/2018_H5N6|GCA_039005615.1 is identical to A/duck/Hunan/1.12_YYGK68H3-OC/2018|EPI_ISL_707489 but kept for subsequent analysis
NOTE: A/duck/Hunan/1.12_YYGK72H3-OC/2018_H5N6|GCA_039008625.1 is identical to A/duck/Hunan/1.12_YYGK72H3-OC/2018|EPI_ISL_707490 but kept for subsequent analysis
NOTE: A/duck/Hunan/01.12_YYGK82H3-OC/2018|EPI_ISL_707475 is identical to A/duck/Hunan/1.12_YYGK74H3-OC/2018|EPI_ISL_707491 but kept for subsequent analysis
NOTE: A/duck/Hunan/02.26_YYFQH290-P/2014_H5N6_|EPI_ISL_198809 is identical to A/duck/Hunan/01.16_YYFQH128-P/2014_Mixed_|EPI_ISL_200262 but kept for subsequent analysis
NOTE: A/duck/Hunan/01.21_YYFQH030-O/2015_H5N6_|EPI_ISL_199070 is identical to A/duck/Hunan/01.21_YYFQH009-O/2015_H5N6_|EPI_ISL_199083 but kept for subsequent analysis
NOTE: A/duck/Hunan/02.07_YYFQH026-O/2015_H5N6_|EPI_ISL_199067 is identical to A/duck/Hunan/01.21_YYFQH019-P/2015_H5N6_|EPI_ISL_199056 but kept for subsequent analysis
NOTE: A/duck/Hunan/2.06_YYGK78J3-OC/2018_H5N6|GCA_039047925.1 is identical to A/duck/Hunan/2.06_YYGK78J3-OC/2018|EPI_ISL_707524 but kept for subsequent analysis
NOTE: A/duck/Hunan/03.07_YYGK4L3-OC/2018_H5N6|GCA_039060495.1 is identical to A/duck/Hunan/03.07_YYGK4L3-OC/2018|EPI_ISL_707477 but kept for subsequent analysis
NOTE: A/duck/Hunan/03.07_YYGK25L3-OC/2018_H5N6|GCA_039061415.1 is identical to A/duck/Hunan/03.07_YYGK25L3-OC/2018|EPI_ISL_696689 but kept for subsequent analysis
NOTE: A/duck/Hunan/03.24_YYGK21M2-O/2017|EPI_ISL_707481 is identical to A/duck/Hunan/03.24_YYGK18M2-O/2017|EPI_ISL_707480 but kept for subsequent analysis
NOTE: A/duck/Hunan/03.24_YYGK178M2-C/2017_H5N6|GCA_038963525.1 is identical to A/duck/Hunan/03.24_YYGK178M2-C/2017|EPI_ISL_707479 but kept for subsequent analysis
NOTE: A/duck/Hunan/04.14_YYGK464-O/2015_H5N6_|EPI_ISL_199120 is identical to A/duck/Hunan/04.14_YYGK067-O/2015_Mixed_|EPI_ISL_200287 but kept for subsequent analysis
NOTE: A/duck/Hunan/7.21_YYGK41Y1-C/2016_H5N6|GCA_038861085.1 is identical to A/duck/Hunan/7.21_YYGK41Y1-C/2016|EPI_ISL_696707 but kept for subsequent analysis
NOTE: A/duck/Hunan/11.30_YYGK59E3-OC/2017_H5N6|GCA_038988965.1 is identical to A/duck/Hunan/11.30_YYGK59E3-OC/2017|EPI_ISL_707500 but kept for subsequent analysis
NOTE: A/duck/Hunan/11.30_YYGK63E3-OC/2017|EPI_ISL_707502 is identical to A/duck/Hunan/11.30_YYGK62E3-OC/2017|EPI_ISL_707501 but kept for subsequent analysis
NOTE: A/duck/Hunan/11.30_YYGK75E3-OC/2017|EPI_ISL_696740 is identical to A/duck/Hunan/11.30_YYGK74E3-OC/2017|EPI_ISL_707503 but kept for subsequent analysis
NOTE: A/duck/Hunan/12.17__YYFQH0072-O/2014_Mixed_|EPI_ISL_200268 is identical to A/duck/Hunan/12.17__YYFQH0046-1-O/2014_Mixed_|EPI_ISL_200265 but kept for subsequent analysis
NOTE: A/duck/Hunan/12.17_YYGK040/2014_H5N6_|EPI_ISL_198857 is identical to A/duck/Hunan/12.17_YYGK014/2014_H5N6_|EPI_ISL_198833 but kept for subsequent analysis
NOTE: A/duck/Hunan/12.27_YYGK86J2-C/2016|EPI_ISL_707512 is identical to A/duck/Hunan/12.27_YYGK60J2-C/2016|EPI_ISL_707506 but kept for subsequent analysis
NOTE: A/duck/Hunan/12.27_YYGK89J2-O/2016|EPI_ISL_707515 is identical to A/duck/Hunan/12.27_YYGK71J2-O/2016|EPI_ISL_707507 but kept for subsequent analysis
NOTE: A/duck/Hunan/12.27_YYGK81J2-O/2016_H5N6|GCA_038936145.1 is identical to A/duck/Hunan/12.27_YYGK81J2-O/2016|EPI_ISL_707510 but kept for subsequent analysis
NOTE: A/muscovy/duck/Hunan/101/2014|EPI_ISL_255851 is identical to A/duck/Hunan/233/2014|EPI_ISL_255493 but kept for subsequent analysis
NOTE: A/duck/Hunan/316/2005_H5N1|GCA_038257385.1 is identical to A/duck/Hunan/316/2005|EPI_ISL_181276 but kept for subsequent analysis
NOTE: A/duck/Hunan/689/2006_H5N1|GCA_038284915.1 is identical to A/duck/Hunan/689/2006|EPI_ISL_29174 but kept for subsequent analysis
NOTE: A/duck/Hunan/3315/2006_H5N1|GCA_038284025.1 is identical to A/duck/Hunan/3315/2006|EPI_ISL_29188 but kept for subsequent analysis
NOTE: A/swine/Guangdong/1/2014|EPI_ISL_196100 is identical to A/duck/Hunan/HN05/2014|EPI_ISL_255509 but kept for subsequent analysis
NOTE: A/duck/Hunan/HN72/2015|EPI_ISL_255816 is identical to A/duck/Hunan/HN16/2015|EPI_ISL_255530 but kept for subsequent analysis
NOTE: A/duck/Hunan/HN59/2015|EPI_ISL_255769 is identical to A/duck/Hunan/HN45/2015|EPI_ISL_255765 but kept for subsequent analysis
NOTE: A/duck/Hunan/HN64/2015|EPI_ISL_255772 is identical to A/duck/Hunan/HN54/2015|EPI_ISL_255768 but kept for subsequent analysis
NOTE: A/duck/Hunan/HN227/2015|EPI_ISL_255701 is identical to A/duck/Hunan/HN221/2015|EPI_ISL_255698 but kept for subsequent analysis
NOTE: A/duck/Hunan/HN234/2015|EPI_ISL_255703 is identical to A/duck/Hunan/HN232/2015|EPI_ISL_255890 but kept for subsequent analysis
NOTE: A/duck/Hunan/HN342/2015|EPI_ISL_255762 is identical to A/duck/Hunan/HN339/2015|EPI_ISL_255760 but kept for subsequent analysis
NOTE: A/duck/Hunan/S4020/2008_H5N1|GCA_038499705.1 is identical to A/duck/Hunan/S4020/2008|EPI_ISL_206101 but kept for subsequent analysis
NOTE: A/duck/Hunan/S4030/2011_H5N1|GCA_038633355.1 is identical to A/duck/Hunan/S4030/2011|EPI_ISL_143941 but kept for subsequent analysis
NOTE: A/duck/Hunan/S4101/2011_H5N2|GCA_038634205.1 is identical to A/duck/Hunan/S4101/2011|EPI_ISL_143942 but kept for subsequent analysis
NOTE: A/duck/Hunan/S4120/2011_H5N2|GCA_038634225.1 is identical to A/duck/Hunan/S4120/2011|EPI_ISL_143944 but kept for subsequent analysis
NOTE: A/duck/Hunan/S4150/2011_H5N1|GCA_038633695.1 is identical to A/duck/Hunan/S4150/2011|EPI_ISL_143947 but kept for subsequent analysis
NOTE: A/duck/Hunan/S4220/2011_H5N1|GCA_038633855.1 is identical to A/duck/Hunan/S4220/2011|EPI_ISL_143948 but kept for subsequent analysis
NOTE: A/duck/Jiangsu/m234/2012_H5N2|GCA_038639545.1 is identical to A/duck/Jiangsu/m234/2012|EPI_ISL_130380 but kept for subsequent analysis
NOTE: A/duck/Jiangxi/01.11_NCNP101G2-OC/2017_H5N6|GCA_038944105.1 is identical to A/duck/Jiangxi/01.11_NCNP101G2-OC/2017|EPI_ISL_707533 but kept for subsequent analysis
NOTE: A/duck/Jiangxi/2.28_NCNP25K3-OC/2018_H5N6|GCA_039058525.1 is identical to A/duck/Jiangxi/2.28_NCNP25K3-OC/2018|EPI_ISL_707555 but kept for subsequent analysis
NOTE: A/duck/Jiangxi/2.28NCNP23K3-OC/2018_H5N6|GCA_039058365.1 is identical to A/duck/Jiangxi/2.28NCNP23K3-OC/2018|EPI_ISL_707554 but kept for subsequent analysis
NOTE: A/duck/Jiangxi/04.01__NCDZT0334-P/2015_H5N6_|EPI_ISL_198939 is identical to A/duck/Jiangxi/04.01__NCDZT0312-O/2015_H5N6_|EPI_ISL_198937 but kept for subsequent analysis
NOTE: A/duck/Jiangxi/5.26_NCDZT80Q2-OC/2017_H5N6|GCA_039010495.1 is identical to A/duck/Jiangxi/5.26_NCDZT80Q2-OC/2017|EPI_ISL_707570 but kept for subsequent analysis
NOTE: A/duck/Jiangxi/11.17_NCNP48Y2-C/2016|EPI_ISL_707544 is identical to A/duck/Jiangxi/11.17_NCNP30Y2-O/2016|EPI_ISL_707543 but kept for subsequent analysis
NOTE: A/duck/Jiangxi/11.29_NCDZT71H2-O/2016_H5N6|GCA_038927175.1 is identical to A/duck/Jiangxi/11.29_NCDZT71H2-O/2016|EPI_ISL_707546 but kept for subsequent analysis
NOTE: A/duck/Jiangxi/11.29_NCNP22D3-OC/2017_H5N6|GCA_038994985.1 is identical to A/duck/Jiangxi/11.29_NCNP22D3-OC/2017|EPI_ISL_696686 but kept for subsequent analysis
NOTE: A/duck/Jiangxi/11.29_NCNP39D3-OC/2017_H5N6|GCA_038990055.1 is identical to A/duck/Jiangxi/11.29_NCNP39D3-OC/2017|EPI_ISL_696703 but kept for subsequent analysis
NOTE: A/duck/Jiangxi/34/2011_H5N1|GCA_038635835.1 is identical to A/duck/Jiangxi/34/2011|EPI_ISL_369827 but kept for subsequent analysis
NOTE: A/duck/Jiangxi/44/2011_H5N1|GCA_038635855.1 is identical to A/duck/Jiangxi/44/2011|EPI_ISL_369829 but kept for subsequent analysis
NOTE: A/duck/Jiangxi/120/2011_H5N1|GCA_038635235.1 is identical to A/duck/Jiangxi/120/2011|EPI_ISL_369825 but kept for subsequent analysis
NOTE: A/duck/Jiangxi/130/2011_H5N1|GCA_038635815.1 is identical to A/duck/Jiangxi/130/2011|EPI_ISL_369826 but kept for subsequent analysis
NOTE: A/duck/Jiangxi/13484/2014|EPI_ISL_173480 is identical to A/duck/Jiangxi/13469/2014|EPI_ISL_173478 but kept for subsequent analysis
NOTE: A/duck/Jiangxi/13475/2014_H5N6|GCA_038729825.1 is identical to A/duck/Jiangxi/13475/2014|EPI_ISL_173479 but kept for subsequent analysis
NOTE: A/chicken/Jiangxi/NCDZT1123/2014_H5N6|GCA_038738505.1 is identical to A/duck/Jiangxi/NCDZT1123/2014|EPI_ISL_179634 but kept for subsequent analysis
NOTE: A/chicken/Jiangxi/NCDZT1126/2014_H5N6|GCA_038737435.1 is identical to A/duck/Jiangxi/NCDZT1126/2014|EPI_ISL_179635 but kept for subsequent analysis
NOTE: A/duck/Jilin/JL-SIV/2013_H5N1|GCA_038685295.1 is identical to A/duck/Jilin/JL-SIV/2013|EPI_ISL_376086 but kept for subsequent analysis
NOTE: A/duck/Kaohsiung/15WB3298-1-5/2015_H5N3|GCA_040483655.1 is identical to A/duck/Kaohsiung/15WB3298-1-5/2015|EPI_ISL_19226372 but kept for subsequent analysis
NOTE: A/duck/Kaohsiung/20WB0242-154/2020_H5N3|GCA_040487115.1 is identical to A/duck/Kaohsiung/20WB0242-154/2020|EPI_ISL_19226348 but kept for subsequent analysis
NOTE: A/duck/Kaohsiung/15010213/2015_H5N2|GCA_038768995.1 is identical to A/duck/Kaohsiung/15010213/2015|EPI_ISL_4032424 but kept for subsequent analysis
NOTE: A/duck/Liaoning/LN/2011_H5N5|GCA_038611925.1 is identical to A/duck/Liaoning/LN/2011|EPI_ISL_290070 but kept for subsequent analysis
NOTE: A/duck/Nanchang/9789/2013_H5N1|GCA_038700315.1 is identical to A/duck/Nanchang/9789/2013|EPI_ISL_181417 but kept for subsequent analysis
NOTE: A/duck/Nantou/15A3437/2015_H5N2|GCA_038773175.1 is identical to A/duck/Nantou/15A3437/2015|EPI_ISL_4032425 but kept for subsequent analysis
NOTE: A/duck/Nantou/17A0243/2017_H5N2|GCA_038963595.1 is identical to A/duck/Nantou/17A0243/2017|EPI_ISL_4032426 but kept for subsequent analysis
NOTE: A/gadwall/Ningxia/YG61/2017_H5N6|GCA_038981945.1 is identical to A/duck/Ningxia/YG61/2017|EPI_ISL_505061 but kept for subsequent analysis
NOTE: A/common_mallard/Ningxia/YG71/2017_H5N6|GCA_038986325.1 is identical to A/duck/Ningxia/YG71/2017|EPI_ISL_505062 but kept for subsequent analysis
NOTE: A/spot-billed_duck/Ningxia/YG83/2017_H5N6|GCA_038986345.1 is identical to A/duck/Ningxia/YG83/2017|EPI_ISL_505063 but kept for subsequent analysis
NOTE: A/duck/Pingtung/17A0160/2017_H5N2|GCA_038959745.1 is identical to A/duck/Pingtung/17A0160/2017|EPI_ISL_4032435 but kept for subsequent analysis
NOTE: A/duck/Pingtung/18A00003-11-20T/2018_H5N2|GCA_039004315.1 is identical to A/duck/Pingtung/18A00003-11-20T/2018|EPI_ISL_4032436 but kept for subsequent analysis
NOTE: A/duck/Pingtung/18A00076-11-20T/2018_H5N2|GCA_039043675.1 is identical to A/duck/Pingtung/18A00076-11-20T/2018|EPI_ISL_4032437 but kept for subsequent analysis
NOTE: A/duck/Pingtung/18X00077/2018_H5N2|GCA_039102465.1 is identical to A/duck/Pingtung/18X00077/2018|EPI_ISL_4032438 but kept for subsequent analysis
NOTE: A/duck/Pingtung/15010180/2015_H5N3|GCA_038768675.1 is identical to A/duck/Pingtung/15010180/2015|EPI_ISL_4032429 but kept for subsequent analysis
NOTE: A/duck/Pingtung/15010444/2015_H5N2|GCA_038769465.1 is identical to A/duck/Pingtung/15010444/2015|EPI_ISL_4032430 but kept for subsequent analysis
NOTE: A/duck/Shandong/009/2008_H5N1|GCA_038500835.1 is identical to A/duck/Shandong/009/2008|EPI_ISL_95061 but kept for subsequent analysis
NOTE: A/duck/Shandong/Q1/2013_H5N8|GCA_038686665.1 is identical to A/duck/Shandong/Q1/2013|EPI_ISL_167178 but kept for subsequent analysis
NOTE: A/duck/Shandong/SD0263/2021|EPI_ISL_18058054 is identical to A/duck/Shandong/SD0261/2021|EPI_ISL_18058053 but kept for subsequent analysis
NOTE: A/duck/Sichuan/04.27_NCXJ073/2014_H5N6_|EPI_ISL_198871 is identical to A/duck/Sichuan/04.27_NBXJ71/2014_H5N6_|EPI_ISL_198868 but kept for subsequent analysis
NOTE: A/duck/Sichuan/04.27_NBXJ717/2014_H5N6_|EPI_ISL_198866 is identical to A/duck/Sichuan/04.27_NBXJ79/2014_H5N6_|EPI_ISL_198872 but kept for subsequent analysis
NOTE: A/duck/Sichuan/NCXJ15/2014_H5N6|GCA_038732985.1 is identical to A/duck/Sichuan/NCXJ15/2014|EPI_ISL_179647 but kept for subsequent analysis
NOTE: A/duck/Sichuan/NCXN10/2014_H5N1|GCA_038733835.1 is identical to A/duck/Sichuan/NCXN10/2014|EPI_ISL_179651 but kept for subsequent analysis
NOTE: A/duck/Sichuan/NCXN11/2014_H5N1|GCA_038733045.1 is identical to A/duck/Sichuan/NCXN11/2014|EPI_ISL_179652 but kept for subsequent analysis
NOTE: A/duck/Sichuan/SC4822/2021_H5N6|GCA_039232765.1 is identical to A/duck/Sichuan/SC4822/2021|EPI_ISL_18058055 but kept for subsequent analysis
NOTE: A/duck/Sichuan/SC5698/2021_H5N6|GCA_039232175.1 is identical to A/duck/Sichuan/SC5698/2021|EPI_ISL_18058056 but kept for subsequent analysis
NOTE: A/duck/Tainan/16WB3443-156-160/2016_H5N3|GCA_040484015.1 is identical to A/duck/Tainan/16WB3443-156-160/2016|EPI_ISL_19226395 but kept for subsequent analysis
NOTE: A/duck/Tainan/15010403/2015_H5N8|GCA_038769785.1 is identical to A/duck/Tainan/15010403/2015|EPI_ISL_4032440 but kept for subsequent analysis
NOTE: A/duck/Tainan/16010020-1/2016_H5N2|GCA_038810375.1 is identical to A/duck/Tainan/16010024-1/2016|EPI_ISL_4032442 but kept for subsequent analysis
NOTE: A/duck/Taipei/05WB830-1-5-E2/2005_H5N2|GCA_040484025.1 is identical to A/duck/Taipei/05WB830-1-5-E2/2005|EPI_ISL_19226243 but kept for subsequent analysis
NOTE: A/duck/Taipei/18WB0120-1-5-E1/2018_H5N3|GCA_040484915.1 is identical to A/duck/Taipei/18WB0120-1-5-E1/2018|EPI_ISL_19226269 but kept for subsequent analysis
NOTE: A/duck/Taipei/19WB0235-14-16/2019_H5N3|GCA_040485735.1 is identical to A/duck/Taipei/19WB0235-14-16/2019|EPI_ISL_19226280 but kept for subsequent analysis
NOTE: A/duck/Taiwan/01006/2015_H5N2|GCA_038768845.1 is identical to A/duck/Taiwan/01006/2015|EPI_ISL_219878 but kept for subsequent analysis
NOTE: A/duck/Taiwan/11213/2013_H5N2|GCA_038692945.1 is identical to A/duck/Taiwan/11213/2013|EPI_ISL_158026 but kept for subsequent analysis
NOTE: A/duck/Taiwan/11254/2013_H5N2|GCA_038693795.1 is identical to A/duck/Taiwan/11254/2013|EPI_ISL_158027 but kept for subsequent analysis
NOTE: A/duck/Taiwan/A3400/2015_H5N8|GCA_038773885.1 is identical to A/duck/Taiwan/A3400/2015|EPI_ISL_219874 but kept for subsequent analysis
NOTE: A/duck/Taiwan/DV1238/2009_H5N2|GCA_038504495.1 is identical to A/duck/Taiwan/DV1238/2009|EPI_ISL_139237 but kept for subsequent analysis
NOTE: A/duck/Taiwan/DV1241/2009_H5N2|GCA_038504955.1 is identical to A/duck/Taiwan/DV1241/2009|EPI_ISL_139236 but kept for subsequent analysis
NOTE: A/duck/Taiwan/DV1242/2009_H5N2|GCA_038504515.1 is identical to A/duck/Taiwan/DV1242/2009|EPI_ISL_139231 but kept for subsequent analysis
NOTE: A/duck/Taoyuan/16010023-1/2016_H5N2|GCA_038810555.1 is identical to A/duck/Taoyuan/16010023-1/2016|EPI_ISL_4032443 but kept for subsequent analysis
NOTE: A/duck/Xinjiang/12.18_WLMQXL001-C/2016_H5N8|GCA_054191505.1 is identical to A/duck/Xinjiang/12.18_WLMQXL001-C/2016|EPI_ISL_707581 but kept for subsequent analysis
NOTE: A/duck/Yilan/17A0092/2017_H5N2|GCA_038956825.1 is identical to A/duck/Yilan/17A0092/2017|EPI_ISL_4032444 but kept for subsequent analysis
NOTE: A/duck/Yunlin/15A5019/2015_H5N2|GCA_038798835.1 is identical to A/duck/Yunlin/15A5019/2015|EPI_ISL_4032535 but kept for subsequent analysis
NOTE: A/duck/Yunlin/17A0086/2017_H5N2|GCA_038956915.1 is identical to A/duck/Yunlin/17A0086/2017|EPI_ISL_4032537 but kept for subsequent analysis
NOTE: A/duck/Yunlin/17A0686/2017_H5N2|GCA_038976265.1 is identical to A/duck/Yunlin/17A0686/2017|EPI_ISL_4032538 but kept for subsequent analysis
NOTE: A/duck/Yunlin/18X00007-3/2018_H5N2|GCA_039075115.1 is identical to A/duck/Yunlin/18X00007-3/2018|EPI_ISL_4032542 but kept for subsequent analysis
NOTE: A/duck/Yunlin/15010244-1/2015_H5N2|GCA_038769735.1 is identical to A/duck/Yunlin/15010244-1/2015|EPI_ISL_4032446 but kept for subsequent analysis
NOTE: A/duck/Yunlin/15010277/2015_H5N8|GCA_038770295.1 is identical to A/duck/Yunlin/15010277/2015|EPI_ISL_4032447 but kept for subsequent analysis
NOTE: A/duck/Yunlin/15010310-4/2015_H5N2|GCA_038769545.1 is identical to A/duck/Yunlin/15010310-4/2015|EPI_ISL_4032448 but kept for subsequent analysis
NOTE: A/duck/Yunlin/15010369-1/2015_H5N2|GCA_038770795.1 is identical to A/duck/Yunlin/15010369-1/2015|EPI_ISL_4032468 but kept for subsequent analysis
NOTE: A/duck/Yunlin/15010458-1/2015_H5N8|GCA_038771035.1 is identical to A/duck/Yunlin/15010458-1/2015|EPI_ISL_4032522 but kept for subsequent analysis
NOTE: A/duck/Yunlin/15070002-2/2015_H5N2|GCA_038784565.1 is identical to A/duck/Yunlin/15070002-2/2015|EPI_ISL_4032532 but kept for subsequent analysis
NOTE: A/duck/Yunlin/17110001/2017_H5N2|GCA_038988565.1 is identical to A/duck/Yunlin/17110001/2017|EPI_ISL_4032536 but kept for subsequent analysis
NOTE: A/duck/Yunlin/18060007-3/2018_H5N2|GCA_039077835.1 is identical to A/duck/Yunlin/18060007-3/2018|EPI_ISL_4032541 but kept for subsequent analysis
NOTE: A/duck/Yunnan/07.15_DQNPH129/2015_H5N6_|EPI_ISL_200825 is identical to A/duck/Yunnan/07.15_DQNPH127/2015_H5N6_|EPI_ISL_200824 but kept for subsequent analysis
NOTE: A/duck/Zhejiang/6D18/2013_H5N8|GCA_038706315.1 is identical to A/duck/Zhejiang/6D18/2013|EPI_ISL_162301 but kept for subsequent analysis
NOTE: A/duck/Zhejiang/77138/2014_H5N2|GCA_038739435.1 is identical to A/duck/Zhejiang/77138/2014|EPI_ISL_203731 but kept for subsequent analysis
NOTE: A/duck/Zhejiang/727041/2014_H5N2|GCA_038740185.1 is identical to A/duck/Zhejiang/727041/2014|EPI_ISL_203732 but kept for subsequent analysis
NOTE: A/duck/Zhejiang/727158/2014_H5N6|GCA_038740225.1 is identical to A/duck/Zhejiang/727158/2014|EPI_ISL_203738 but kept for subsequent analysis
NOTE: A/duck/Zhejiang/925019/2014_H5N8|GCA_038748265.1 is identical to A/duck/Zhejiang/925019/2014|EPI_ISL_203750 but kept for subsequent analysis
NOTE: A/duck/Zhejiang/925169/2014_H5N8|GCA_038747215.1 is identical to A/duck/Zhejiang/925169/2014|EPI_ISL_203751 but kept for subsequent analysis
NOTE: A/duck/Zhejiang/1026109/2015_H5N2|GCA_038797245.1 is identical to A/duck/Zhejiang/1026109/2015|EPI_ISL_279178 but kept for subsequent analysis
NOTE: A/duck/Zhejiang/1220092/2014_H5N1|GCA_038762415.1 is identical to A/duck/Zhejiang/1220092/2014|EPI_ISL_203728 but kept for subsequent analysis
NOTE: A/duck/Zhejiang/W24/2013_H5N8|GCA_038703555.1 is identical to A/duck/Zhejiang/W24/2013|EPI_ISL_162300 but kept for subsequent analysis
NOTE: A/equine/China/61/2010_H5N1|GCA_038578875.1 is identical to A/equine/China/61/2010|EPI_ISL_16837240 but kept for subsequent analysis
NOTE: A/equine/China/67/2010_H5N1|GCA_038579415.1 is identical to A/equine/China/67/2010|EPI_ISL_16837243 but kept for subsequent analysis
NOTE: A/equine/China/68/2010_H5N1|GCA_038578895.1 is identical to A/equine/China/68/2010|EPI_ISL_16837242 but kept for subsequent analysis
NOTE: A/whooper_swan/Henan/SMQ9/2020|EPI_ISL_1938478 is identical to A/eurasian_eagle-owl/Henan/SMQ11/2020|EPI_ISL_1939617 but kept for subsequent analysis
NOTE: A/White-eyed_Pochard/Ningxia/480-17/2015|EPI_ISL_297327 is identical to A/Falcated_Duck/Ningxia/484-29/2015|EPI_ISL_295504 but kept for subsequent analysis
NOTE: A/feline/Guangdong/2/2015_H5N6|GCA_038769285.1 is identical to A/feline/Guangdong/2/2014_H5N6_|EPI_ISL_176841 but kept for subsequent analysis
NOTE: A/Gadwall/Ningxia/472-7/2015_H5N6|GCA_038800765.1 is identical to A/Gadwall/Ningxia/472-7/2015|EPI_ISL_295503 but kept for subsequent analysis
NOTE: A/Gallinula_chloropus/Guangdong/GZ174/2014_H5N6|GCA_038745415.1 is identical to A/Gallinula_chloropus/Guangdong/GZ174/2014|EPI_ISL_234671 but kept for subsequent analysis
NOTE: A/goose/Changhua/15040008/2015_H5N2|GCA_038777225.1 is identical to A/goose/Changhua/15040008/2015|EPI_ISL_4032545 but kept for subsequent analysis
NOTE: A/goose/Chiayi/15010016-1/2015_H5N2|GCA_038768865.1 is identical to A/goose/Chiayi/15010016-1/2015|EPI_ISL_4032547 but kept for subsequent analysis
NOTE: A/goose/Chiayi/15020022/2015_H5N8|GCA_038771855.1 is identical to A/goose/Chiayi/15020022/2015|EPI_ISL_4032548 but kept for subsequent analysis
NOTE: A/goose/Chiayi/16010017-2/2016_H5N2|GCA_038809735.1 is identical to A/goose/Chiayi/16010017-2/2016|EPI_ISL_4032549 but kept for subsequent analysis
NOTE: A/goose/Chiayi/16040003-1/2016_H5N2|GCA_038842625.1 is identical to A/goose/Chiayi/16040003-1/2016|EPI_ISL_4032550 but kept for subsequent analysis
NOTE: A/goose/Chiayi/16040005/2016_H5N2|GCA_038844265.1 is identical to A/goose/Chiayi/16040005/2016|EPI_ISL_4032551 but kept for subsequent analysis
NOTE: A/goose/Chiayi/17020027-1/2017_H5N2|GCA_038954895.1 is identical to A/goose/Chiayi/17020027-1/2017|EPI_ISL_4032553 but kept for subsequent analysis
NOTE: A/goose/Chiayi/17040014/2017_H5N2|GCA_038966165.1 is identical to A/goose/Chiayi/17040014/2017|EPI_ISL_4032554 but kept for subsequent analysis
NOTE: A/goose/Chiayi/18010006/2018_H5N2|GCA_039004975.1 is identical to A/goose/Chiayi/18010006/2018|EPI_ISL_4032555 but kept for subsequent analysis
NOTE: A/goose/Chiayi/18020014-1/2018_H5N2|GCA_039050395.1 is identical to A/goose/Chiayi/18020014-2/2018|EPI_ISL_4032558 but kept for subsequent analysis
NOTE: A/goose/China/1/2021_H5N8|GCA_039229645.1 is identical to A/goose/China/1/2021|EPI_ISL_17088884 but kept for subsequent analysis
NOTE: A/goose/China/0701/2018_H5N6|GCA_039079155.1 is identical to A/goose/China/0701/2018|EPI_ISL_14174306 but kept for subsequent analysis
NOTE: A/goose/China/1106/2016_H5N2|GCA_038814825.1 is identical to A/goose/China/1106/2016|EPI_ISL_379682 but kept for subsequent analysis
NOTE: A/goose/China/E43/2012_H5N1|GCA_038647645.1 is identical to A/goose/China/E43/2012|EPI_ISL_278505 but kept for subsequent analysis
NOTE: A/goose/Eastern_China/CZ/2013_H5N8|GCA_038704145.1 is identical to A/goose/Eastern_China/CZ/2013|EPI_ISL_222134 but kept for subsequent analysis
NOTE: A/goose/Eastern_China/L1204/2012_H5N8|GCA_038661065.1 is identical to A/goose/Eastern_China/L1204/2012|EPI_ISL_208831 but kept for subsequent analysis
NOTE: A/goose/Eastern_China/L1214/2012_H5N8|GCA_038661495.1 is identical to A/goose/Eastern_China/L1214/2012|EPI_ISL_208830 but kept for subsequent analysis
NOTE: A/goose/Eastern_China/S0408/2014_H5N8|GCA_038731965.1 is identical to A/goose/Eastern_China/S0408/2014|EPI_ISL_208840 but kept for subsequent analysis
NOTE: A/goose/Eastern_China/S0513/2013_H5N6|GCA_038688245.1 is identical to A/goose/Eastern_China/S0513/2013|EPI_ISL_208833 but kept for subsequent analysis
NOTE: A/goose/Fujian/3.15_FZHX0001-O/2018_H5N6|GCA_039063525.1 is identical to A/goose/Fujian/3.15_FZHX0001-O/2018|EPI_ISL_696991 but kept for subsequent analysis
NOTE: A/goose/Fujian/3.15_FZHX0005-C/2018_H5N6|GCA_039064515.1 is identical to A/goose/Fujian/3.15_FZHX0005-C/2018|EPI_ISL_696994 but kept for subsequent analysis
NOTE: A/goose/Fujian/3.15_FZHX0007-C/2018_H5N6|GCA_039064535.1 is identical to A/goose/Fujian/3.15_FZHX0007-C/2018|EPI_ISL_696995 but kept for subsequent analysis
NOTE: A/goose/Fujian/3.15_FZHX0008-C/2018_H5N6|GCA_039063625.1 is identical to A/goose/Fujian/3.15_FZHX0008-C/2018|EPI_ISL_707653 but kept for subsequent analysis
NOTE: A/goose/Fujian/3.15_FZHX0010-O/2018_H5N6|GCA_039064635.1 is identical to A/goose/Fujian/3.15_FZHX0010-O/2018|EPI_ISL_696993 but kept for subsequent analysis
NOTE: A/goose/Fujian/10.26_FZHX0002-O/2017|EPI_ISL_707644 is identical to A/goose/Fujian/10.26_FZHX0002-C/2017|EPI_ISL_707643 but kept for subsequent analysis
NOTE: A/goose/Fujian/10.26_FZHX0004-O/2017|EPI_ISL_707646 is identical to A/goose/Fujian/10.26_FZHX0004-C/2017|EPI_ISL_707645 but kept for subsequent analysis
NOTE: A/goose/Fujian/11.3_FZHX1102-C/2016_H5N6|GCA_038920035.1 is identical to A/goose/Fujian/11.3_FZHX1102-C/2016|EPI_ISL_707652 but kept for subsequent analysis
NOTE: A/goose/Guangdong/04.22_DGCPLB045-O/2015_H5N6_|EPI_ISL_199260 is identical to A/goose/Guangdong/04.22_DGCP120-P/2015_H5N6_|EPI_ISL_199244 but kept for subsequent analysis
NOTE: A/goose/Guangdong/7.20_DGCP010-C/2017_H5N6|GCA_039015605.1 is identical to A/goose/Guangdong/7.20_DGCP010-C/2017|EPI_ISL_707658 but kept for subsequent analysis
NOTE: A/goose/Guangdong/k0103/2010_H5N5|GCA_038579115.1 is identical to A/goose/Guangdong/k0103/2010|EPI_ISL_139384 but kept for subsequent analysis
NOTE: A/goose/Guangdong/QY01/2016_H5N6|GCA_038915705.1 is identical to A/goose/Guangdong/QY01/2016|EPI_ISL_272740 but kept for subsequent analysis
NOTE: A/goose/Henan/01.01_LYGL001-O/2017_H5N6|GCA_038941375.1 is identical to A/goose/Henan/01.01_LYGL001-O/2017|EPI_ISL_707659 but kept for subsequent analysis
NOTE: A/goose/Hunan/111/2014|EPI_ISL_255828 is identical to A/goose/Hubei/113/2014|EPI_ISL_255823 but kept for subsequent analysis
NOTE: A/goose/Hunan/HN315/2015|EPI_ISL_255841 is identical to A/goose/Hunan/HN314/2015|EPI_ISL_255840 but kept for subsequent analysis
NOTE: A/goose/Hunan/HN318/2015|EPI_ISL_255844 is identical to A/goose/Hunan/HN317/2015|EPI_ISL_255843 but kept for subsequent analysis
NOTE: A/goose/Inner_Mongolia/IM-192/2014_H5N1|GCA_038752275.1 is identical to A/goose/Inner_Mongolia/IM-192/2014|EPI_ISL_329599 but kept for subsequent analysis
NOTE: A/goose/Jiangsu/k0403/2010_H5N1|GCA_038580855.1 is identical to A/goose/Jiangsu/k0403/2010|EPI_ISL_123950 but kept for subsequent analysis
NOTE: A/goose/Pingtung/15010007-4/2015_H5N2|GCA_038767775.1 is identical to A/goose/Pingtung/15010007-4/2015|EPI_ISL_4032560 but kept for subsequent analysis
NOTE: A/goose/Pingtung/15050014/2015_H5N8|GCA_038779905.1 is identical to A/goose/Pingtung/15050014/2015|EPI_ISL_4032562 but kept for subsequent analysis
NOTE: A/goose/Pingtung/16010061/2016_H5N8|GCA_038813835.1 is identical to A/goose/Pingtung/16010061/2016|EPI_ISL_4032563 but kept for subsequent analysis
NOTE: A/goose/Hebei/HG12/2021_H5N8|GCA_039229515.1 is identical to A/Goose/Shandong/21153-3/2021_H5N8_|EPI_ISL_7380500 but kept for subsequent analysis
NOTE: A/goose/Tainan/16040018-1/2016_H5N8|GCA_038847575.1 is identical to A/goose/Tainan/16040018-1/2016|EPI_ISL_4032566 but kept for subsequent analysis
NOTE: A/goose/Tainan/16070002/2016_H5N8|GCA_038857185.1 is identical to A/goose/Tainan/16070002/2016|EPI_ISL_4032567 but kept for subsequent analysis
NOTE: A/goose/Tainan/17030022-1/2017_H5N2|GCA_038959535.1 is identical to A/goose/Tainan/17030022-1/2017|EPI_ISL_4032568 but kept for subsequent analysis
NOTE: A/goose/Tainan/17030024-1/2017_H5N2|GCA_038959415.1 is identical to A/goose/Tainan/17030024-1/2017|EPI_ISL_4032569 but kept for subsequent analysis
NOTE: A/goose/Tainan/18010022-1/2018_H5N2|GCA_039040535.1 is identical to A/goose/Tainan/18010022-1/2018|EPI_ISL_4032570 but kept for subsequent analysis
NOTE: A/goose/Tainan/18050014-1/2018_H5N2|GCA_039074285.1 is identical to A/goose/Tainan/18050014-1/2018|EPI_ISL_4032571 but kept for subsequent analysis
NOTE: A/goose/Taiwan/01019/2015_H5N8|GCA_038768275.1 is identical to A/goose/Taiwan/01019/2015|EPI_ISL_219875 but kept for subsequent analysis
NOTE: A/goose/Taiwan/01022/2015_H5N2|GCA_038768375.1 is identical to A/goose/Taiwan/01022/2015|EPI_ISL_219879 but kept for subsequent analysis
NOTE: A/goose/Taiwan/01023/2015_H5N2|GCA_038769125.1 is identical to A/goose/Taiwan/01023/2015|EPI_ISL_219880 but kept for subsequent analysis
NOTE: A/goose/Taiwan/01031/2015_H5N2|GCA_038769145.1 is identical to A/goose/Taiwan/01031/2015|EPI_ISL_219881 but kept for subsequent analysis
NOTE: A/goose/Taiwan/01039/2015_H5N8|GCA_038769165.1 is identical to A/goose/Taiwan/01039/2015|EPI_ISL_219877 but kept for subsequent analysis
NOTE: A/goose/Taiwan/01040/2015_H5N2|GCA_038768435.1 is identical to A/goose/Taiwan/01040/2015|EPI_ISL_219882 but kept for subsequent analysis
NOTE: A/goose/Taiwan/TNC1/2015_H5N8|GCA_038769095.1 is identical to A/goose/Taiwan/TNC1/2015|EPI_ISL_206456 but kept for subsequent analysis
NOTE: A/goose/Taiwan/TNC9/2015|EPI_ISL_206464 is identical to A/goose/Taiwan/TNC3/2015|EPI_ISL_206458 but kept for subsequent analysis
NOTE: A/goose/Taiwan/TNO9/2015|EPI_ISL_206478 is identical to A/goose/Taiwan/TNC4/2015|EPI_ISL_206459 but kept for subsequent analysis
NOTE: A/goose/Taiwan/TNC12/2015|EPI_ISL_206467 is identical to A/goose/Taiwan/TNC10/2015|EPI_ISL_206465 but kept for subsequent analysis
NOTE: A/goose/Taiwan/TNO3/2015_H5N8|GCA_038770095.1 is identical to A/goose/Taiwan/TNO3/2015|EPI_ISL_206472 but kept for subsequent analysis
NOTE: A/goose/Taoyuan/15010041/2015_H5N8|GCA_038769185.1 is identical to A/goose/Taoyuan/15010041/2015|EPI_ISL_4032572 but kept for subsequent analysis
NOTE: A/goose/Taoyuan/18120002-2/2018_H5N2|GCA_039107915.1 is identical to A/goose/Taoyuan/18120002-2/2018|EPI_ISL_4032573 but kept for subsequent analysis
NOTE: A/goose/Xinjiang/12.18_WLMQXL002-O/2016|EPI_ISL_707662 is identical to A/goose/Xinjiang/12.18_WLMQXL001-C/2016|EPI_ISL_707661 but kept for subsequent analysis
NOTE: A/goose/Xinjiang/12.18_WLMQXL003-O/2016|EPI_ISL_707664 is identical to A/goose/Xinjiang/12.18_WLMQXL003-C/2016|EPI_ISL_707663 but kept for subsequent analysis
NOTE: A/goose/Yangzhou/0420/2014_H5N8|GCA_038733295.1 is identical to A/goose/Yangzhou/0420/2014|EPI_ISL_206492 but kept for subsequent analysis
NOTE: A/goose/Yangzhou/YZ587/2016_H5N6|GCA_038851595.1 is identical to A/goose/Yangzhou/YZ587/2016|EPI_ISL_282394 but kept for subsequent analysis
NOTE: A/goose/Yunlin/15010005/2015_H5N2|GCA_038768625.1 is identical to A/goose/Yunlin/15010005/2015|EPI_ISL_4032574 but kept for subsequent analysis
NOTE: A/goose/Yunlin/15040040/2015_H5N8|GCA_038779735.1 is identical to A/goose/Yunlin/15040040/2015|EPI_ISL_4055115 but kept for subsequent analysis
NOTE: A/goose/Yunlin/16020008-4/2016_H5N2|GCA_038817505.1 is identical to A/goose/Yunlin/16020008-4/2016|EPI_ISL_4055116 but kept for subsequent analysis
NOTE: A/turkey/Changhua/16010011-1/2016|EPI_ISL_4055132 is identical to A/goose/Yunlin/16020011-1/2016|EPI_ISL_4055117 but kept for subsequent analysis
NOTE: A/goose/Yunlin/16040002-2/2016_H5N2|GCA_038838985.1 is identical to A/goose/Yunlin/16040002-2/2016|EPI_ISL_4055119 but kept for subsequent analysis
NOTE: A/goose/Yunlin/17100005/2017_H5N2|GCA_038983105.1 is identical to A/goose/Yunlin/17100005/2017|EPI_ISL_4055120 but kept for subsequent analysis
NOTE: A/goose/Yunlin/18030020-2/2018_H5N2|GCA_039068475.1 is identical to A/goose/Yunlin/18030020-2/2018|EPI_ISL_4055122 but kept for subsequent analysis
NOTE: A/goose/Yunlin/18030020-3/2018_H5N2|GCA_039067995.1 is identical to A/goose/Yunlin/18030020-3/2018|EPI_ISL_4055123 but kept for subsequent analysis
NOTE: A/goose/Yunlin/18040002-3/2018_H5N2|GCA_039068415.1 is identical to A/goose/Yunlin/18040002-3/2018|EPI_ISL_4055124 but kept for subsequent analysis
NOTE: A/goose/Yunlin/18040018-2/2018_H5N2|GCA_039071675.1 is identical to A/goose/Yunlin/18040018-2/2018|EPI_ISL_4055125 but kept for subsequent analysis
NOTE: A/goose/Yunlin/18090002-3/2018_H5N2|GCA_039083785.1 is identical to A/goose/Yunlin/18090002-3/2018|EPI_ISL_4055127 but kept for subsequent analysis
NOTE: A/goose/Yunlin/18090006-1/2018_H5N2|GCA_039086885.1 is identical to A/goose/Yunlin/18090006-1/2018|EPI_ISL_4055128 but kept for subsequent analysis
NOTE: A/goose/Yunlin/18110002-3/2018_H5N2|GCA_039099465.1 is identical to A/goose/Yunlin/18110002-3/2018|EPI_ISL_4055129 but kept for subsequent analysis
NOTE: A/goose/Zhejiang/77166/2014_H5N2|GCA_038738375.1 is identical to A/goose/Zhejiang/77166/2014|EPI_ISL_203733 but kept for subsequent analysis
NOTE: A/goose/Zhejiang/77167/2014_H5N2|GCA_038739515.1 is identical to A/goose/Zhejiang/77167/2014|EPI_ISL_203734 but kept for subsequent analysis
NOTE: A/goose/Zhejiang/77168/2014_H5N2|GCA_038738415.1 is identical to A/goose/Zhejiang/77168/2014|EPI_ISL_203735 but kept for subsequent analysis
NOTE: A/goose/Zhejiang/112071/2014_H5N1|GCA_038757565.1 is identical to A/goose/Zhejiang/112071/2014|EPI_ISL_203729 but kept for subsequent analysis
NOTE: A/goose/Zhejiang/112080/2014_H5N6|GCA_038756355.1 is identical to A/goose/Zhejiang/112080/2014|EPI_ISL_203745 but kept for subsequent analysis
NOTE: A/goose/Zhejiang/727092/2014_H5N6|GCA_038741415.1 is identical to A/goose/Zhejiang/727092/2014|EPI_ISL_203739 but kept for subsequent analysis
NOTE: A/pigeon/Zhejiang/727097/2014|EPI_ISL_203754 is identical to A/goose/Zhejiang/727098/2014|EPI_ISL_203730 but kept for subsequent analysis
NOTE: A/goose/Zhejiang/727110/2014_H5N6|GCA_038741455.1 is identical to A/goose/Zhejiang/727110/2014|EPI_ISL_203740 but kept for subsequent analysis
NOTE: A/goose/Zhejiang/925036/2014_H5N6|GCA_038747225.1 is identical to A/goose/Zhejiang/925036/2014|EPI_ISL_203741 but kept for subsequent analysis
NOTE: A/goose/Zhejiang/925104/2014|EPI_ISL_203753 is identical to A/goose/Zhejiang/925037/2014|EPI_ISL_203752 but kept for subsequent analysis
NOTE: A/goose/Zhejiang/925105/2014_H5N6|GCA_038748505.1 is identical to A/goose/Zhejiang/925105/2014|EPI_ISL_203742 but kept for subsequent analysis
NOTE: A/goose/Zhejiang/925106/2014_H5N6|GCA_038747325.1 is identical to A/goose/Zhejiang/925106/2014|EPI_ISL_203743 but kept for subsequent analysis
NOTE: A/goose/Zhejiang/925108/2014_H5N6|GCA_038748545.1 is identical to A/goose/Zhejiang/925108/2014|EPI_ISL_203744 but kept for subsequent analysis
NOTE: A/goose/Zhejiang/1120132/2014_H5N6|GCA_038756335.1 is identical to A/goose/Zhejiang/1120132/2014|EPI_ISL_203746 but kept for subsequent analysis
NOTE: A/Phalacrocorax/Hubei/01.09_V5/2015_H5N6_|EPI_ISL_199062 is identical to A/Great_Cormorant/Hubei/chenhu_V11/2015|EPI_ISL_302708 but kept for subsequent analysis
NOTE: A/Great_Cormorant/Qinghai/Y01/2016|EPI_ISL_292185 is identical to A/Great_Cormorant/Qinghai/a51/2016|EPI_ISL_292326 but kept for subsequent analysis
NOTE: A/Guangdong/1/2008_H5N1|GCA_038477485.1 is identical to A/Guangdong/1/2008|EPI_ISL_73306 but kept for subsequent analysis
NOTE: A/Guangdong/2/2006_H5N1|GCA_038273265.1 is identical to A/Guangdong/2/2006|EPI_ISL_73299 but kept for subsequent analysis
NOTE: A/Guangdong/lgf/2021_H5N6|GCA_039237745.1 is identical to A/Guangdong/lgf/2021|EPI_ISL_16208999 but kept for subsequent analysis
NOTE: A/Guangxi/1/2005|EPI_ISL_73304 is identical to A/Guangxi/1/2005|EPI_ISL_24608 but kept for subsequent analysis
NOTE: A/Guangxi/1/2008_H5N1|GCA_038477145.1 is identical to A/Guangxi/1/2008|EPI_ISL_73305 but kept for subsequent analysis
NOTE: A/Guangzhou/39715/2014_H5N6|GCA_038761735.1 is identical to A/Guangzhou/39715/2014|EPI_ISL_175335 but kept for subsequent analysis
NOTE: A/Guizhou/1/2009_H5N1|GCA_038505375.1 is identical to A/Guizhou/1/2009|EPI_ISL_73309 but kept for subsequent analysis
NOTE: A/heron/Kaohsiung/15WB3284-1-5/2015_H5N3|GCA_040483535.1 is identical to A/heron/Kaohsiung/15WB3284-1-5/2015|EPI_ISL_19226439 but kept for subsequent analysis
NOTE: A/heron/Yilan/17DB0001/2017_H5N2|GCA_038944005.1 is identical to A/heron/Taiwan/17DB0001/2017|EPI_ISL_4055130 but kept for subsequent analysis
NOTE: A/hill_myna/Heilongjiang/0704/2012_H5N1|GCA_038650565.1 is identical to A/hill_myna/Heilongjiang/0704/2012|EPI_ISL_162442 but kept for subsequent analysis
NOTE: A/Hunan/1/2008_H5N1|GCA_038476645.1 is identical to A/Hunan/1/2008|EPI_ISL_73303 but kept for subsequent analysis
NOTE: A/Hunan/2/2009_H5N1|GCA_038506045.1 is identical to A/Hunan/2/2009|EPI_ISL_79687 but kept for subsequent analysis
NOTE: A/Japanese_white-eye/Taoyuan/Q454/2012_H5N1|GCA_038651525.1 is identical to A/Japanese_white-eye/Taoyuan/Q454/2012|EPI_ISL_154971 but kept for subsequent analysis
NOTE: A/Jiangsu/2/2007|EPI_ISL_79684 is identical to A/Jiangsu/1/2007|EPI_ISL_79683 but kept for subsequent analysis
NOTE: A/Jiangsu/JSSZ01/2018|EPI_ISL_368368 is identical to A/Jiangsu/1/2018|EPI_ISL_332402 but kept for subsequent analysis
NOTE: A/lesser_kestrel/Heilongjiang/194/2007_H5N1|GCA_038455555.1 is identical to A/lesser_kestrel/Heilongjiang/194/2007|EPI_ISL_63521 but kept for subsequent analysis
NOTE: A/lion/Hubei/1-2/2016_H5N1|GCA_038843765.1 is identical to A/lion/Hubei/1-2/2016|EPI_ISL_244744 but kept for subsequent analysis
NOTE: A/mallard/Shanghai/SH-9/2013_H5N8|GCA_038703435.1 is identical to A/mallard_duck/Shanghai/SH-9/2013|EPI_ISL_156815 but kept for subsequent analysis
NOTE: A/great_tit/Panjing/PJ-66/2013_H5N1|GCA_038701375.1 is identical to A/mallard/Heilongjiang/HLJ-69/2013|EPI_ISL_378284 but kept for subsequent analysis
NOTE: A/whooper_swan/Henan/46/2021|EPI_ISL_13352722 is identical to A/mandarin_duck/Henan/426/2021|EPI_ISL_13352728 but kept for subsequent analysis
NOTE: A/meerkat/Shanghai/SH-1/2012_H5N1|GCA_038646905.1 is identical to A/meerkat/Shanghai/SH-1/2012|EPI_ISL_378627 but kept for subsequent analysis
NOTE: A/Waterfowl/Hubei/Chenhu1306/2014_H5N6|EPI_ISL_217939 is identical to A/migratory_waterfowl/Hubei/Chenhu1306/2014|EPI_ISL_234376 but kept for subsequent analysis
NOTE: A/mink/China/181/2019_H5N6|GCA_039171935.1 is identical to A/mink/China/181/2019|EPI_ISL_14174436 but kept for subsequent analysis
NOTE: A/mink/China/183/2019_H5N6|GCA_039172665.1 is identical to A/mink/China/183/2019|EPI_ISL_14174437 but kept for subsequent analysis
NOTE: A/mink/China/191/2019_H5N6|GCA_039172745.1 is identical to A/mink/China/191/2019|EPI_ISL_14174476 but kept for subsequent analysis
NOTE: A/mink/China/456/2018_H5N6|GCA_039069545.1 is identical to A/mink/China/456/2018|EPI_ISL_14174522 but kept for subsequent analysis
NOTE: A/mink/China/G/2015_H5N1|GCA_038785215.1 is identical to A/mink/China/G/2015|EPI_ISL_243347 but kept for subsequent analysis
NOTE: A/mink/China/XB/2015_H5N1|GCA_038783695.1 is identical to A/mink/China/XB/2015|EPI_ISL_243348 but kept for subsequent analysis
NOTE: A/mink/Eastern_China/006/2018_H5N6|GCA_039007265.1 is identical to A/mink/Eastern_China/006/2018|EPI_ISL_502201 but kept for subsequent analysis
NOTE: A/mink/Eastern_China/149/2018_H5N6|GCA_039055455.1 is identical to A/mink/Eastern_China/149/2018|EPI_ISL_502204 but kept for subsequent analysis
NOTE: A/mink/Eastern_China/528/2018_H5N6|GCA_039076985.1 is identical to A/mink/Eastern_China/528/2018|EPI_ISL_502205 but kept for subsequent analysis
NOTE: A/mink/Eastern_China/571/2018_H5N6|GCA_039077255.1 is identical to A/mink/Eastern_China/571/2018|EPI_ISL_502208 but kept for subsequent analysis
NOTE: A/mink/Eastern_China/0712/2018_H5N1|GCA_039080085.1 is identical to A/mink/Eastern_China/0712/2018|EPI_ISL_502207 but kept for subsequent analysis
NOTE: A/mink/Northern_China/110/2018_H5N6|GCA_039040235.1 is identical to A/mink/Northern_China/110/2018|EPI_ISL_502203 but kept for subsequent analysis
NOTE: A/Muscovy_duck/China/H5N6/2020|EPI_ISL_4071932 is identical to A/Muscovy_duck/China/FJFZ21/H5N6/2020|EPI_ISL_833248 but kept for subsequent analysis
NOTE: A/muscovy/duck/Hunan/HN355/2015|EPI_ISL_255881 is identical to A/muscovy/duck/Hunan/HN354/2015|EPI_ISL_255880 but kept for subsequent analysis
NOTE: A/Nanjing/1/2015_H5N1|GCA_038770935.1 is identical to A/Nanjing/1/2015|EPI_ISL_379574 but kept for subsequent analysis
NOTE: A/oriental_magpie_robin/HK/6154/2015_H5N6|GCA_038779405.1 is identical to A/oriental_magpie_robin/HK/6154/2015|EPI_ISL_278041 but kept for subsequent analysis
NOTE: A/ostrich/Suzhou/097/2003_H5N1|GCA_038212365.1 is identical to A/ostrich/Suzhou/097/2003|EPI_ISL_89462 but kept for subsequent analysis
NOTE: A/parrot/Guangdong/258/2004_H5N2|GCA_038245025.1 is identical to A/parrot/Guangdong/258/2004|EPI_ISL_124534 but kept for subsequent analysis
NOTE: A/parrot/Guangdong/C99/2005_H5N1|GCA_038255625.1 is identical to A/parrot/Guangdong/C99/2005|EPI_ISL_124331 but kept for subsequent analysis
NOTE: A/Pavo_cristatus/China/K10/2018|EPI_ISL_370416 is identical to A/Pavo_cristatus/China/JS02/2018|EPI_ISL_370414 but kept for subsequent analysis
NOTE: A/Pavo_cristatus/Jiangxi/JA1/2016_H5N6|GCA_038827365.1 is identical to A/Pavo_cristatus/Jiangxi/JA1/2016|EPI_ISL_257657 but kept for subsequent analysis
NOTE: A/peacock/Yunnan/1/2015_H5N1|GCA_038782235.1 is identical to A/peacock/Yunnan/1/2015|EPI_ISL_221724 but kept for subsequent analysis
NOTE: A/peacock/Yunnan/3/2015_H5N1|GCA_038783145.1 is identical to A/peacock/Yunnan/3/2015|EPI_ISL_221725 but kept for subsequent analysis
NOTE: A/pigeon/Hainan/1.14_HKPL006-C/2018_H5N6|GCA_039008845.1 is identical to A/pigeon/Hainan/1.14_HKPL006-C/2018|EPI_ISL_696843 but kept for subsequent analysis
NOTE: A/pigeon/Hubei/RP25/2012_H5N1|GCA_038662765.1 is identical to A/pigeon/Hubei/RP25/2012|EPI_ISL_198176 but kept for subsequent analysis
NOTE: A/pigeon/Sichuan/NCXN29/2014_H5N1|GCA_038733875.1 is identical to A/pigeon/Sichuan/NCXN29/2014|EPI_ISL_179653 but kept for subsequent analysis
NOTE: A/pigeon/Zhejiang/112089/2014_H5N1|GCA_038756375.1 is identical to A/pigeon/Zhejiang/112089/2014|EPI_ISL_203755 but kept for subsequent analysis
NOTE: A/pigeon/Zhejiang/112090/2014_H5N1|GCA_038757665.1 is identical to A/pigeon/Zhejiang/112090/2014|EPI_ISL_203756 but kept for subsequent analysis
NOTE: A/plateau_pika/Qinghai/04/2007_H5N1|GCA_038462505.1 is identical to A/plateau_pika/Qinghai/04/2007|EPI_ISL_63586 but kept for subsequent analysis
NOTE: A/quail/Jiangsu/k0104/2010_H5N5|GCA_038578365.1 is identical to A/quail/Jiangsu/k0104/2010|EPI_ISL_139386 but kept for subsequent analysis
NOTE: A/quail/Nanchang/6631/2013_H5N1|GCA_038701355.1 is identical to A/quail/Nanchang/6631/2013|EPI_ISL_181416 but kept for subsequent analysis
NOTE: A/Shandong/1/2009_H5N1|GCA_038504355.1 is identical to A/Shandong/1/2009|EPI_ISL_73312 but kept for subsequent analysis
NOTE: A/Northern_Shoveler/Ningxia/488-53/2015_H5N6|GCA_038800455.1 is identical to A/Shoveller/Ningxia/488-53/2015|EPI_ISL_295521 but kept for subsequent analysis
NOTE: A/silkie_chicken/Dongguan/2809/2013_H5N6|GCA_038708175.1 is identical to A/silkie_chicken/Dongguan/2809/2013|EPI_ISL_182065 but kept for subsequent analysis
NOTE: A/spot-billed_duck/Ningxia/YG87/2017_H5N6|GCA_038981965.1 is identical to A/spot_billed_duck/Ningxia/YG87/2017|EPI_ISL_505064 but kept for subsequent analysis
NOTE: A/spot-billed_duck/Ningxia/YG93/2017_H5N6|GCA_038986365.1 is identical to A/spot-billed_duck/Ningxia/YG93/2017|EPI_ISL_505065 but kept for subsequent analysis
NOTE: A/swan_goose/Jilin/JL01/2014_H5N6|GCA_038736745.1 is identical to A/swan_goose/Jilin/JL01/2014|EPI_ISL_177762 but kept for subsequent analysis
NOTE: A/swan/China/ST/2016_H5N8|GCA_038933555.1 is identical to A/swan/China/ST/2016|EPI_ISL_503037 but kept for subsequent analysis
NOTE: A/swan/Shandong/W3762/2020_H5N8|GCA_039227365.1 is identical to A/swan/Shandong/W3762/2020|EPI_ISL_14770166 but kept for subsequent analysis
NOTE: A/swine/China/RZ/2018_H5N6|GCA_039078945.1 is identical to A/swine/China/RZ/2018|EPI_ISL_14174523 but kept for subsequent analysis
NOTE: A/swine/Guangdong/2/2014_H5N6|GCA_038737565.1 is identical to A/swine/Guangdong/2/2014|EPI_ISL_196101 but kept for subsequent analysis
NOTE: A/swine/Shandong/SD1/2014_H5N1|GCA_038751305.1 is identical to A/swine/Shandong/SD1/2014|EPI_ISL_226073 but kept for subsequent analysis
NOTE: A/Syrrhaptes_paradoxus/Guangdong/ZH283/2015_H5N6|GCA_038774035.1 is identical to A/Syrrhaptes_paradoxus/Guangdong/ZH283/2015|EPI_ISL_234679 but kept for subsequent analysis
NOTE: A/Taiwan/DV413/2006_H5N2|GCA_038275325.1 is identical to A/Taiwan/DV413/2006|EPI_ISL_175337 but kept for subsequent analysis
NOTE: A/Taiwan/DV518/2006_H5N2|GCA_038278775.1 is identical to A/Taiwan/DV518/2006|EPI_ISL_175338 but kept for subsequent analysis
NOTE: A/thrush/Taipei_City/15120021/2015_H5N2|GCA_038805275.1 is identical to A/thrush/Taiwan/15120021/2015|EPI_ISL_4055131 but kept for subsequent analysis
NOTE: A/tiger/Yunnan/tig1404/2014_H5N1|GCA_038731105.1 is identical to A/tiger/Yunnan/tig1404/2014|EPI_ISL_221723 but kept for subsequent analysis
NOTE: A/tiger/Yunnan/tig1412/2014_H5N1|GCA_038760765.1 is identical to A/tiger/Yunnan/tig1412/2014|EPI_ISL_221726 but kept for subsequent analysis
NOTE: A/tiger/Yunnan/tig1508/2015_H5N1|GCA_038787575.1 is identical to A/tiger/Yunnan/tig1508/2015|EPI_ISL_221722 but kept for subsequent analysis
NOTE: A/whooper_swan/Henan/SM76/2020|EPI_ISL_1937892 is identical to A/tundra_swan/Hubei/BQ7/2020|EPI_ISL_2685900 but kept for subsequent analysis
NOTE: A/turkey/Chiayi/17020092-2/2017_H5N8|GCA_038957545.1 is identical to A/turkey/Chiayi/17020092-2/2017|EPI_ISL_4055135 but kept for subsequent analysis
NOTE: A/turkey/Chiayi/18010013-3/2018_H5N2|GCA_039006745.1 is identical to A/turkey/Chiayi/18010013-3/2018|EPI_ISL_4055136 but kept for subsequent analysis
NOTE: A/turkey/Yunlin/15060049-1/2015_H5N2|GCA_038783635.1 is identical to A/turkey/Yunlin/15060049-1/2015|EPI_ISL_4055138 but kept for subsequent analysis
NOTE: A/turkey/Yunlin/18020020-2/2018_H5N2|GCA_039056465.1 is identical to A/turkey/Yunlin/18020020-2/2018|EPI_ISL_4055139 but kept for subsequent analysis
NOTE: A/turkey/Yunlin/18110001-3/2018_H5N2|GCA_039095645.1 is identical to A/turkey/Yunlin/18110001-3/2018|EPI_ISL_4055142 but kept for subsequent analysis
NOTE: A/turkey/Yunlin/18120005-2/2018_H5N2|GCA_039112165.1 is identical to A/turkey/Yunlin/18120005-2/2018|EPI_ISL_4055143 but kept for subsequent analysis
NOTE: A/turtle_dove/Guangdong/300/2005_H5N1|GCA_038264315.1 is identical to A/turtle_dove/Guangdong/300/2005|EPI_ISL_222486 but kept for subsequent analysis
NOTE: A/white-naped_crane/China/ya3/2018_H5N6|GCA_039081355.1 is identical to A/white_naped_crane/China/YA3/2018|EPI_ISL_505356 but kept for subsequent analysis
NOTE: A/whooper_swan/Henan/44/2021|EPI_ISL_13352720 is identical to A/whooper_swan/Henan/14/2021|EPI_ISL_13352726 but kept for subsequent analysis
NOTE: A/whooper_swan/Shaanxi/SXY26/2020|EPI_ISL_1760446 is identical to A/whooper_swan/Henan/SM1/2020|EPI_ISL_1937884 but kept for subsequent analysis
NOTE: A/whooper_swan/Henan/SMX9/2015_H5N1_|EPI_ISL_171186 is identical to A/whooper_swan/Henan/SMX3/2015_H5N1_|EPI_ISL_171141 but kept for subsequent analysis
NOTE: A/whooper_swan/Henan/T874/2018|EPI_ISL_3204257 is identical to A/whooper_swan/Henan/T578/2019|EPI_ISL_3161955 but kept for subsequent analysis
NOTE: A/Whooper_Swan/Sanmenxia/01/2016_H5N8|GCA_038925235.1 is identical to A/Whooper_Swan/Sanmenxia/01/2016|EPI_ISL_378634 but kept for subsequent analysis
NOTE: A/Whooper_swan/Sanmenxia/Y18/2020|EPI_ISL_14835974 is identical to A/Whooper_swan/Sanmenxia/G2/2020|EPI_ISL_14823425 but kept for subsequent analysis
NOTE: A/Whooper_swan/Sanmenxia/G28/2020|EPI_ISL_14836079 is identical to A/Whooper_swan/Sanmenxia/G13/2020|EPI_ISL_14823812 but kept for subsequent analysis
NOTE: A/Whooper_swan/Sanmenxia/Y15/2020|EPI_ISL_14824091 is identical to A/Whooper_swan/Sanmenxia/G15/2020|EPI_ISL_14824026 but kept for subsequent analysis
NOTE: A/Whooper_swan/Sanmenxia/Y10/2020|EPI_ISL_14823646 is identical to A/Whooper_swan/Sanmenxia/H1/2020|EPI_ISL_14835960 but kept for subsequent analysis
NOTE: A/Whooper_swan/Sanmenxia/Y27/2020|EPI_ISL_14836082 is identical to A/Whooper_swan/Sanmenxia/Y19/2020|EPI_ISL_14836024 but kept for subsequent analysis
NOTE: A/Whooper_swan/Sanmenxia/Y48B/2020|EPI_ISL_14836369 is identical to A/Whooper_swan/Sanmenxia/Y23-2/2020|EPI_ISL_14836077 but kept for subsequent analysis
NOTE: A/wild_duck/Shandong/SC177/2021|EPI_ISL_5260454 is identical to A/whooper_swan/Shandong/SC188/2021|EPI_ISL_5260461 but kept for subsequent analysis
NOTE: A/wild_goose/Shandong/SC196/2021|EPI_ISL_5260470 is identical to A/whooper_swan/Shandong/SC199/2021|EPI_ISL_5260459 but kept for subsequent analysis
NOTE: A/whooper_swan/Shanxi/4-2/2020|EPI_ISL_5260463 is identical to A/whooper_swan/Shanxi/4-1/2020|EPI_ISL_5260462 but kept for subsequent analysis
NOTE: A/whooper_swan/Shanxi/RC01/2016_H5N8|GCA_038934035.1 is identical to A/whooper_swan/Shanxi/RC01/2016|EPI_ISL_378362 but kept for subsequent analysis
NOTE: A/whooper_swan/Shanxi/SX56/2020|EPI_ISL_1760453 is identical to A/whooper_swan/Shanxi/SX16/2020|EPI_ISL_1760451 but kept for subsequent analysis
NOTE: A/whooper_swan/Shanxi/SX291/2020|EPI_ISL_1822598 is identical to A/whooper_swan/Shanxi/SX216/2020|EPI_ISL_1822594 but kept for subsequent analysis
NOTE: A/Eurasian_Wigeon/Ningxia/476-12/2015_H5N6|GCA_038800705.1 is identical to A/Wigeon/Ningxia/476-12/2015|EPI_ISL_295498 but kept for subsequent analysis
NOTE: A/wild_bird/Eastern_China/1754/2017_H5N3|GCA_038989725.1 is identical to A/wild_bird/Eastern_China/1754/2017|EPI_ISL_378249 but kept for subsequent analysis
NOTE: A/wild_bird/Eastern_China/1758/2017_H5N3|GCA_038985435.1 is identical to A/wild_bird/Eastern_China/1758/2017|EPI_ISL_378250 but kept for subsequent analysis
NOTE: A/wild_bird/Eastern_China/1759/2017_H5N3|GCA_038989745.1 is identical to A/wild_bird/Eastern_China/1759/2017|EPI_ISL_378251 but kept for subsequent analysis
NOTE: A/wild_bird/Hunan/03.08_DTHF2E3-2/2018_H5N6_|EPI_ISL_363803 is identical to A/wild_bird/Hunan/02.24_YYDTHF3-112/2016_H5N6_|EPI_ISL_2727646 but kept for subsequent analysis
NOTE: A/wild_bird/Taipei/04WB12-522-11-15/2004_H5N6|GCA_040482775.1 is identical to A/wild_bird/Taipei/04WB12-522-11-15/2004|EPI_ISL_19226227 but kept for subsequent analysis
NOTE: A/wild_duck/Fujian/2/2011|EPI_ISL_148130 is identical to A/wild_duck/Fujian/1/2011|EPI_ISL_148129 but kept for subsequent analysis
NOTE: A/wild_duck/Jilin/HF/2011_H5N1|GCA_038613775.1 is identical to A/wild_duck/Jilin/HF/2011|EPI_ISL_148127 but kept for subsequent analysis
NOTE: A/wild_duck/Jilin/ZF/2011_H5N1|GCA_038613795.1 is identical to A/wild_duck/Jilin/ZF/2011|EPI_ISL_148128 but kept for subsequent analysis
NOTE: A/wild_duck/Shandong/1/2011_H5N1|GCA_038613515.1 is identical to A/wild_duck/Shandong/1/2011|EPI_ISL_148124 but kept for subsequent analysis
NOTE: A/wild_duck/Shandong/2/2011_H5N1|GCA_038613555.1 is identical to A/wild_duck/Shandong/2/2011|EPI_ISL_148125 but kept for subsequent analysis
NOTE: A/wild_duck/Shandong/628/2011_H5N1|GCA_038613315.1 is identical to A/wild_duck/Shandong/628/2011|EPI_ISL_148126 but kept for subsequent analysis
NOTE: A/wild_pigeon/Jilin/CC01/2014_H5N6|GCA_038737665.1 is identical to A/wild_pigeon/Jilin/CC01/2014|EPI_ISL_243344 but kept for subsequent analysis
NOTE: A/Xinjiang/1/2009_H5N1|GCA_038505015.1 is identical to A/Xinjiang/1/2009|EPI_ISL_73313 but kept for subsequent analysis
NOTE: A/duck/Zhejiang/6D2/2013_H5N6|GCA_038707195.1 is identical to A/chicken/Zhejiang/6C2/2013_H5N6|GCA_038706295.1 but kept for subsequent analysis
NOTE: A/duck/Zhejiang/2243/2011_H5N1|GCA_038608815.1 is identical to A/duck/Zhejiang/2242/2011_H5N1|GCA_038608455.1 but kept for subsequent analysis
NOTE: A/eurasian_coot/Shandong/W6150/2020_H5N8|GCA_039229375.1 is identical to A/eurasian_coot/Shandong/W5611/2020_H5N8|GCA_039228605.1 but kept for subsequent analysis
Checking for duplicate sequences: done in 0.162918 secs using 3134% CPU
Identifying sites to remove: done in 0.0304582 secs using 3331% CPU
NOTE: 324 identical sequences (see below) will be ignored for subsequent analysis
NOTE: A/Waterfowl/Hubei/Chenhu1347/2014_H5N6|EPI_ISL_217940 (identical to A/Anas_crecca/Hubei/Chenhu1623-5/2014|EPI_ISL_179644) is ignored but added at the end
NOTE: A/Anas_crecca/Hubei/Chenhu1623-5/2014_H5N6|GCA_038725345.1 (identical to A/Anas_crecca/Hubei/Chenhu1623-5/2014|EPI_ISL_179644) is ignored but added at the end
NOTE: A/migratory_waterfowl/Hubei/Chenhu1347/2014_H5N6|GCA_038723085.1 (identical to A/Anas_crecca/Hubei/Chenhu1623-5/2014|EPI_ISL_179644) is ignored but added at the end
NOTE: A/Anas_platyrhynchos/jiujiang/H5N1/2024_H5N1|GCA_050792265.1 (identical to A/Anas_platyrhynchos/Jiujiang/H5N1/2024|EPI_ISL_19890474) is ignored but added at the end
NOTE: A/Spatula_querquedula/chongming/H5N1/2024_H5N1|GCA_050792285.1 (identical to A/Anas_platyrhynchos/Jiujiang/H5N1/2024|EPI_ISL_19890474) is ignored but added at the end
NOTE: A/Anser_fabalis/jiujiang/H5N1/2024_H5N1|GCA_050791655.1 (identical to A/Anser_fabalis/Jiujiang/H5N1/2024|EPI_ISL_19886139) is ignored but added at the end
NOTE: A/Bar-headed_Goose/Qinghai/BTY6-B/2016|EPI_ISL_224714 (identical to A/Bar-headed_Goose/Qinghai/A11/2016|EPI_ISL_292496) is ignored but added at the end
NOTE: A/Bar-headed_Goose/Qinghai/BTY6-LU/2016|EPI_ISL_224715 (identical to A/Bar-headed_Goose/Qinghai/A11/2016|EPI_ISL_292496) is ignored but added at the end
NOTE: A/Bar-headed_Goose/Qinghai/BTY7-B/2016|EPI_ISL_224716 (identical to A/Bar-headed_Goose/Qinghai/A11/2016|EPI_ISL_292496) is ignored but added at the end
NOTE: A/Bar-headed_Goose/Qinghai/BTY7-LU1/2016|EPI_ISL_224717 (identical to A/Bar-headed_Goose/Qinghai/A11/2016|EPI_ISL_292496) is ignored but added at the end
NOTE: A/Bar-headed_Goose/Qinghai/BTY7-LU2/2016|EPI_ISL_224718 (identical to A/Bar-headed_Goose/Qinghai/A11/2016|EPI_ISL_292496) is ignored but added at the end
NOTE: A/Bar-headed_Goose/Qinghai/BTY10-B/2016|EPI_ISL_224723 (identical to A/Bar-headed_Goose/Qinghai/A11/2016|EPI_ISL_292496) is ignored but added at the end
NOTE: A/Bar-headed_Goose/Qinghai/BTY10-LU/2016|EPI_ISL_224724 (identical to A/Bar-headed_Goose/Qinghai/A11/2016|EPI_ISL_292496) is ignored but added at the end
NOTE: A/Bar-headed_Goose/Qinghai/BTY13-B/2016|EPI_ISL_224729 (identical to A/Bar-headed_Goose/Qinghai/A11/2016|EPI_ISL_292496) is ignored but added at the end
NOTE: A/Bar-headed_Goose/Qinghai/BTY13-LU/2016|EPI_ISL_224730 (identical to A/Bar-headed_Goose/Qinghai/A11/2016|EPI_ISL_292496) is ignored but added at the end
NOTE: A/Bar-headed_Goose/Qinghai/BTY16-LU/2016|EPI_ISL_224736 (identical to A/Bar-headed_Goose/Qinghai/A11/2016|EPI_ISL_292496) is ignored but added at the end
NOTE: A/Bar-headed_Goose/Qinghai/BTY18-B/2016|EPI_ISL_224739 (identical to A/Bar-headed_Goose/Qinghai/A11/2016|EPI_ISL_292496) is ignored but added at the end
NOTE: A/Bar-headed_Goose/Qinghai/XX111/2016|EPI_ISL_292190 (identical to A/Bar-headed_Goose/Qinghai/A11/2016|EPI_ISL_292496) is ignored but added at the end
NOTE: A/Bar-headed_Goose/Qinghai/XX782/2016|EPI_ISL_292187 (identical to A/Bar-headed_Goose/Qinghai/A11/2016|EPI_ISL_292496) is ignored but added at the end
NOTE: A/Brown-headed_Gull/Qinghai/ZTO3-LU/2016|EPI_ISL_224745 (identical to A/Bar-headed_Goose/Qinghai/A11/2016|EPI_ISL_292496) is ignored but added at the end
NOTE: A/Brown-headed_Gull/Qinghai/ZTO4-B/2016|EPI_ISL_224746 (identical to A/Bar-headed_Goose/Qinghai/A11/2016|EPI_ISL_292496) is ignored but added at the end
NOTE: A/Bar-headed_Goose/Qinghai/a114/2016|EPI_ISL_292331 (identical to A/Bar-headed_Goose/Qinghai/A17/2016|EPI_ISL_292176) is ignored but added at the end
NOTE: A/Bar-headed_Goose/Qinghai/B51/2016|EPI_ISL_292184 (identical to A/Bar-headed_Goose/Qinghai/a61/2016|EPI_ISL_292231) is ignored but added at the end
NOTE: A/Bar-headed_Goose/Qinghai/BTY2-B/2016|EPI_ISL_224707 (identical to A/Bar-headed_Goose/Qinghai/a61/2016|EPI_ISL_292231) is ignored but added at the end
NOTE: A/Bar-headed_Goose/Qinghai/BTY2-LU/2016|EPI_ISL_224708 (identical to A/Bar-headed_Goose/Qinghai/a61/2016|EPI_ISL_292231) is ignored but added at the end
NOTE: A/Bar-headed_Goose/Qinghai/BTY8-B/2016|EPI_ISL_224719 (identical to A/Bar-headed_Goose/Qinghai/B54/2016|EPI_ISL_292173) is ignored but added at the end
NOTE: A/Bar-headed_Goose/Qinghai/BTY8-LU/2016|EPI_ISL_224720 (identical to A/Bar-headed_Goose/Qinghai/B54/2016|EPI_ISL_292173) is ignored but added at the end
NOTE: A/Bar-headed_Goose/Qinghai/BTY12-LU/2016|EPI_ISL_224728 (identical to A/Bar-headed_Goose/Qinghai/B54/2016|EPI_ISL_292173) is ignored but added at the end
NOTE: A/Bar-headed_Goose/Qinghai/BTY17-B/2016|EPI_ISL_224737 (identical to A/Bar-headed_Goose/Qinghai/B54/2016|EPI_ISL_292173) is ignored but added at the end
NOTE: A/Bar-headed_Goose/Qinghai/BTY17-LU/2016|EPI_ISL_224738 (identical to A/Bar-headed_Goose/Qinghai/B54/2016|EPI_ISL_292173) is ignored but added at the end
NOTE: A/Bar-headed_Goose/Qinghai/BTY4-B/2016|EPI_ISL_224711 (identical to A/Bar-headed_Goose/Qinghai/BTY3-B/2016|EPI_ISL_224709) is ignored but added at the end
NOTE: A/Bar-headed_Goose/Qinghai/BTY4-LU/2016|EPI_ISL_224712 (identical to A/Bar-headed_Goose/Qinghai/BTY3-B/2016|EPI_ISL_224709) is ignored but added at the end
NOTE: A/Bar-headed_goose/Qinghai/X437/2015_H5N6|EPI_ISL_218207 (identical to A/Bar-headed_goose/Qinghai/X402/2015_H5N6|EPI_ISL_218200) is ignored but added at the end
NOTE: A/duck/Yunnan/03.16_DQXYL022-O/2015_H5N6_|EPI_ISL_199044 (identical to A/Bar-headed_goose/Qinghai/X417/2015_H5N6|EPI_ISL_218201) is ignored but added at the end
NOTE: A/duck/Yunnan/03.16_DQXYL0039-O/2015_H5N6_|EPI_ISL_198882 (identical to A/Bar-headed_goose/Qinghai/X417/2015_H5N6|EPI_ISL_218201) is ignored but added at the end
NOTE: A/Brown-headed_Gull/Tibet/XZ19/2021|EPI_ISL_8215687 (identical to A/Bar-headed_Goose/Tibet/XZ181/2021|EPI_ISL_8215661) is ignored but added at the end
NOTE: A/Black-necked_Grebe/Inner_Mongolia/Oropharynx_swab3/2015_H5N1|EPI_ISL_201008 (identical to A/Black-necked_Grebe/Inner_Mongolia/Brain3/2015_H5N1|EPI_ISL_201006) is ignored but added at the end
NOTE: A/Black-necked_Grebe/Inner_Mongolia/Trachea3/2015_H5N1|EPI_ISL_201009 (identical to A/Black-necked_Grebe/Inner_Mongolia/Brain3/2015_H5N1|EPI_ISL_201006) is ignored but added at the end
NOTE: A/cat/Sichuan/SC18/2014_H5N6|GCA_038734245.1 (identical to A/cat/Sichuan/SC18/2014|EPI_ISL_177761) is ignored but added at the end
NOTE: A/goose/Chiayi/15010008-3/2015|EPI_ISL_4032546 (identical to A/chicken/Changhua/15010324-2/2015|EPI_ISL_4032099) is ignored but added at the end
NOTE: A/goose/Pingtung/15010037-1/2015|EPI_ISL_4032561 (identical to A/chicken/Changhua/15010324-2/2015|EPI_ISL_4032099) is ignored but added at the end
NOTE: A/goose/Yunlin/15010009-1/2015|EPI_ISL_4032575 (identical to A/chicken/Changhua/15010324-2/2015|EPI_ISL_4032099) is ignored but added at the end
NOTE: A/chicken/Changhua/15010324-2/2015_H5N2|GCA_038769645.1 (identical to A/chicken/Changhua/15010324-2/2015|EPI_ISL_4032099) is ignored but added at the end
NOTE: A/duck/Yunlin/15010318-2/2015_H5N2|GCA_038770375.1 (identical to A/chicken/Changhua/15010324-2/2015|EPI_ISL_4032099) is ignored but added at the end
NOTE: A/goose/Chiayi/15010008-3/2015_H5N2|GCA_038768115.1 (identical to A/chicken/Changhua/15010324-2/2015|EPI_ISL_4032099) is ignored but added at the end
NOTE: A/goose/Pingtung/15010037-1/2015_H5N2|GCA_038769025.1 (identical to A/chicken/Changhua/15010324-2/2015|EPI_ISL_4032099) is ignored but added at the end
NOTE: A/goose/Yunlin/15010009-1/2015_H5N2|GCA_038768135.1 (identical to A/chicken/Changhua/15010324-2/2015|EPI_ISL_4032099) is ignored but added at the end
NOTE: A/chicken/Chiayi/15010409-2/2015|EPI_ISL_4032214 (identical to A/chicken/Changhua/15010361-1/2015|EPI_ISL_4032104) is ignored but added at the end
NOTE: A/duck/Taichung/15010400-1/2015|EPI_ISL_4032439 (identical to A/chicken/Changhua/15010361-1/2015|EPI_ISL_4032104) is ignored but added at the end
NOTE: A/chicken/Changhua/15010361-1/2015_H5N2|GCA_038769725.1 (identical to A/chicken/Changhua/15010361-1/2015|EPI_ISL_4032104) is ignored but added at the end
NOTE: A/chicken/Changhua/15010362-2/2015_H5N2|GCA_038770655.1 (identical to A/chicken/Changhua/15010361-1/2015|EPI_ISL_4032104) is ignored but added at the end
NOTE: A/chicken/Chiayi/15010409-2/2015_H5N2|GCA_038770685.1 (identical to A/chicken/Changhua/15010361-1/2015|EPI_ISL_4032104) is ignored but added at the end
NOTE: A/duck/Taichung/15010400-1/2015_H5N2|GCA_038770025.1 (identical to A/chicken/Changhua/15010361-1/2015|EPI_ISL_4032104) is ignored but added at the end
NOTE: A/goose/Yunlin/15010011-1/2015|EPI_ISL_4032577 (identical to A/chicken/Chiayi/15010287-2/2015|EPI_ISL_4032213) is ignored but added at the end
NOTE: A/chicken/Chiayi/15010287-2/2015_H5N2|GCA_038770275.1 (identical to A/chicken/Chiayi/15010287-2/2015|EPI_ISL_4032213) is ignored but added at the end
NOTE: A/goose/Yunlin/15010010-2/2015_H5N2|GCA_038768885.1 (identical to A/chicken/Chiayi/15010287-2/2015|EPI_ISL_4032213) is ignored but added at the end
NOTE: A/goose/Yunlin/15010011-1/2015_H5N2|GCA_038768155.1 (identical to A/chicken/Chiayi/15010287-2/2015|EPI_ISL_4032213) is ignored but added at the end
NOTE: A/chicken/Hubei/ZYSJF38/2016|EPI_ISL_244531 (identical to A/chicken/Hubei/ZYSJF11/2016|EPI_ISL_244528) is ignored but added at the end
NOTE: A/chicken/Hubei/ZYSJF11/2016_H5N6|GCA_038822095.1 (identical to A/chicken/Hubei/ZYSJF11/2016|EPI_ISL_244528) is ignored but added at the end
NOTE: A/chicken/Hubei/ZYSJF16/2016_H5N6|GCA_038824025.1 (identical to A/chicken/Hubei/ZYSJF11/2016|EPI_ISL_244528) is ignored but added at the end
NOTE: A/chicken/Hubei/ZYSJF38/2016_H5N6|GCA_038824065.1 (identical to A/chicken/Hubei/ZYSJF11/2016|EPI_ISL_244528) is ignored but added at the end
NOTE: A/duck/Hunan/2.06_YYGK84J3-OC/2018|EPI_ISL_707525 (identical to A/chicken/Hunan/02.06_YYGK37J3-OC/2018|EPI_ISL_699429) is ignored but added at the end
NOTE: A/duck/Hunan/2.06_YYGK92J3-OC/2018|EPI_ISL_707527 (identical to A/chicken/Hunan/02.06_YYGK37J3-OC/2018|EPI_ISL_699429) is ignored but added at the end
NOTE: A/chicken/Hunan/02.06_YYGK37J3-OC/2018_H5N6|GCA_039046875.1 (identical to A/chicken/Hunan/02.06_YYGK37J3-OC/2018|EPI_ISL_699429) is ignored but added at the end
NOTE: A/duck/Hunan/2.06_YYGK77J3-OC/2018_H5N6|GCA_039046885.1 (identical to A/chicken/Hunan/02.06_YYGK37J3-OC/2018|EPI_ISL_699429) is ignored but added at the end
NOTE: A/duck/Hunan/2.06_YYGK84J3-OC/2018_H5N6|GCA_039046955.1 (identical to A/chicken/Hunan/02.06_YYGK37J3-OC/2018|EPI_ISL_699429) is ignored but added at the end
NOTE: A/duck/Hunan/2.06_YYGK92J3-OC/2018_H5N6|GCA_039047025.1 (identical to A/chicken/Hunan/02.06_YYGK37J3-OC/2018|EPI_ISL_699429) is ignored but added at the end
NOTE: A/duck/Hunan/02.26_YYGK263-P/2014_H5N6_|EPI_ISL_198795 (identical to A/chicken/Hunan/12.07__YYGK114-P/2013_H5N6_|EPI_ISL_198761) is ignored but added at the end
NOTE: A/duck/Hunan/02.26_YYGK267-P/2014_H5N6_|EPI_ISL_198801 (identical to A/chicken/Hunan/12.07__YYGK114-P/2013_H5N6_|EPI_ISL_198761) is ignored but added at the end
NOTE: A/duck/Hunan/02.26_YYGK271-P/2014_H5N6_|EPI_ISL_198802 (identical to A/chicken/Hunan/12.07__YYGK114-P/2013_H5N6_|EPI_ISL_198761) is ignored but added at the end
NOTE: A/duck/Hunan/02.26_YYGK276-P/2014_H5N6_|EPI_ISL_198804 (identical to A/chicken/Hunan/12.07__YYGK114-P/2013_H5N6_|EPI_ISL_198761) is ignored but added at the end
NOTE: A/chicken/Hunan/12.27_YYGK55J2-O/2016_H5N6|GCA_038936135.1 (identical to A/chicken/Hunan/12.27_YYGK55J2-O/2016|EPI_ISL_699451) is ignored but added at the end
NOTE: A/duck/Hunan/12.27_YYGK73J2-O/2016_H5N6|GCA_038936195.1 (identical to A/chicken/Hunan/12.27_YYGK55J2-O/2016|EPI_ISL_699451) is ignored but added at the end
NOTE: A/chicken/Hunan/12.27_YYGKK148-OC/2016_H5N6|GCA_038936455.1 (identical to A/chicken/Hunan/12.27_YYGKK148-OC/2016|EPI_ISL_699454) is ignored but added at the end
NOTE: A/duck/Hunan/1.17_YYGKK80-OC/2017_H5N6|GCA_038945855.1 (identical to A/chicken/Hunan/12.27_YYGKK148-OC/2016|EPI_ISL_699454) is ignored but added at the end
NOTE: A/duck/Hunan/HN80/2015|EPI_ISL_255820 (identical to A/chicken/Hunan/HN75/2015|EPI_ISL_255489) is ignored but added at the end
NOTE: A/goose/HuBei/117/2014|EPI_ISL_255824 (identical to A/chicken/Hunan/HN75/2015|EPI_ISL_255489) is ignored but added at the end
NOTE: A/goose/Hunan/107/2014|EPI_ISL_255825 (identical to A/chicken/Hunan/HN75/2015|EPI_ISL_255489) is ignored but added at the end
NOTE: A/goose/Hunan/115/2014|EPI_ISL_255829 (identical to A/chicken/Hunan/HN75/2015|EPI_ISL_255489) is ignored but added at the end
NOTE: A/goose/Hunan/HN88/2015|EPI_ISL_255848 (identical to A/chicken/Hunan/HN75/2015|EPI_ISL_255489) is ignored but added at the end
NOTE: A/goose/Hunan/HN90/2015|EPI_ISL_255849 (identical to A/chicken/Hunan/HN75/2015|EPI_ISL_255489) is ignored but added at the end
NOTE: A/goose/Jiangxi/01.09_NFJX-15-01/2015_Mixed_|EPI_ISL_201374 (identical to A/chicken/Hunan/HN75/2015|EPI_ISL_255489) is ignored but added at the end
NOTE: A/muscovy/duck/Hunan/147/2014|EPI_ISL_255858 (identical to A/chicken/Hunan/HN75/2015|EPI_ISL_255489) is ignored but added at the end
NOTE: A/chicken/Hunan/HN254/2015|EPI_ISL_255421 (identical to A/chicken/Hunan/HN158/2015|EPI_ISL_255412) is ignored but added at the end
NOTE: A/chicken/Hunan/HN255/2015|EPI_ISL_255423 (identical to A/chicken/Hunan/HN158/2015|EPI_ISL_255412) is ignored but added at the end
NOTE: A/duck/Hunan/HN172/2015|EPI_ISL_255563 (identical to A/chicken/Hunan/HN158/2015|EPI_ISL_255412) is ignored but added at the end
NOTE: A/duck/Hunan/HN176/2015|EPI_ISL_255587 (identical to A/chicken/Hunan/HN158/2015|EPI_ISL_255412) is ignored but added at the end
NOTE: A/duck/Hunan/HN186/2015|EPI_ISL_255603 (identical to A/chicken/Hunan/HN158/2015|EPI_ISL_255412) is ignored but added at the end
NOTE: A/duck/Hunan/HN192/2015|EPI_ISL_255609 (identical to A/chicken/Hunan/HN158/2015|EPI_ISL_255412) is ignored but added at the end
NOTE: A/duck/Hunan/HN209/2015|EPI_ISL_255620 (identical to A/chicken/Hunan/HN158/2015|EPI_ISL_255412) is ignored but added at the end
NOTE: A/duck/Hunan/HN212/2015|EPI_ISL_255624 (identical to A/chicken/Hunan/HN158/2015|EPI_ISL_255412) is ignored but added at the end
NOTE: A/duck/Hunan/HN215/2015|EPI_ISL_255691 (identical to A/chicken/Hunan/HN158/2015|EPI_ISL_255412) is ignored but added at the end
NOTE: A/duck/Hunan/HN230/2015|EPI_ISL_255702 (identical to A/chicken/Hunan/HN158/2015|EPI_ISL_255412) is ignored but added at the end
NOTE: A/duck/Hunan/HN182/2015|EPI_ISL_255599 (identical to A/chicken/Hunan/HN248/2015|EPI_ISL_255416) is ignored but added at the end
NOTE: A/duck/Hunan/HN191/2015|EPI_ISL_255607 (identical to A/chicken/Hunan/HN248/2015|EPI_ISL_255416) is ignored but added at the end
NOTE: A/duck/Hunan/HN204/2015|EPI_ISL_255615 (identical to A/chicken/Hunan/HN248/2015|EPI_ISL_255416) is ignored but added at the end
NOTE: A/duck/Hunan/HN238/2015|EPI_ISL_255741 (identical to A/chicken/Hunan/HN248/2015|EPI_ISL_255416) is ignored but added at the end
NOTE: A/duck/Hunan/01.16_YYFQH303-P/2014_H5N6_|EPI_ISL_198819 (identical to A/chicken/Jiangxi/04.01__NCJD0119-O/2015_H5N6_|EPI_ISL_198917) is ignored but added at the end
NOTE: A/duck/Hunan/01.16_YYFQH304-P/2014_H5N6_|EPI_ISL_198820 (identical to A/chicken/Jiangxi/04.01__NCJD0119-O/2015_H5N6_|EPI_ISL_198917) is ignored but added at the end
NOTE: A/duck/Hunan/01.16_YYFQH305-P/2014_H5N6_|EPI_ISL_198821 (identical to A/chicken/Jiangxi/04.01__NCJD0119-O/2015_H5N6_|EPI_ISL_198917) is ignored but added at the end
NOTE: A/duck/Hunan/01.16_YYFQH309-P/2014_H5N6_|EPI_ISL_198825 (identical to A/chicken/Jiangxi/04.01__NCJD0119-O/2015_H5N6_|EPI_ISL_198917) is ignored but added at the end
NOTE: A/duck/Hunan/01.16_YYFQH317-P/2014_H5N6_|EPI_ISL_198829 (identical to A/chicken/Jiangxi/04.01__NCJD0119-O/2015_H5N6_|EPI_ISL_198917) is ignored but added at the end
NOTE: A/duck/Hunan/01.16_YYFQH319-P/2014_H5N6_|EPI_ISL_198831 (identical to A/chicken/Jiangxi/04.01__NCJD0119-O/2015_H5N6_|EPI_ISL_198917) is ignored but added at the end
NOTE: A/duck/Hunan/01.16_YYGK218-P/2014_H5N6_|EPI_ISL_198785 (identical to A/chicken/Jiangxi/04.01__NCJD0119-O/2015_H5N6_|EPI_ISL_198917) is ignored but added at the end
NOTE: A/duck/Hunan/02.16_YYGK281-P/2014_H5N6_|EPI_ISL_198805 (identical to A/chicken/Jiangxi/04.01__NCJD0119-O/2015_H5N6_|EPI_ISL_198917) is ignored but added at the end
NOTE: A/duck/Hunan/02.26__YYFQH293-P/2014_H5N6_|EPI_ISL_198811 (identical to A/chicken/Jiangxi/04.01__NCJD0119-O/2015_H5N6_|EPI_ISL_198917) is ignored but added at the end
NOTE: A/duck/Hunan/02.26__YYFQH320-P/2014_H5N6_|EPI_ISL_198832 (identical to A/chicken/Jiangxi/04.01__NCJD0119-O/2015_H5N6_|EPI_ISL_198917) is ignored but added at the end
NOTE: A/duck/Hunan/02.26__YYGK0255-P/2014_H5N6_|EPI_ISL_198794 (identical to A/chicken/Jiangxi/04.01__NCJD0119-O/2015_H5N6_|EPI_ISL_198917) is ignored but added at the end
NOTE: A/duck/Hunan/02.26_YYFQH294-P/2014_H5N6_|EPI_ISL_198812 (identical to A/chicken/Jiangxi/04.01__NCJD0119-O/2015_H5N6_|EPI_ISL_198917) is ignored but added at the end
NOTE: A/duck/Hunan/02.26_YYFQH308-P/2014_H5N6_|EPI_ISL_198824 (identical to A/chicken/Jiangxi/04.01__NCJD0119-O/2015_H5N6_|EPI_ISL_198917) is ignored but added at the end
NOTE: A/duck/Hunan/02.26_YYGK254-P/2014_H5N6_|EPI_ISL_198793 (identical to A/chicken/Jiangxi/04.01__NCJD0119-O/2015_H5N6_|EPI_ISL_198917) is ignored but added at the end
NOTE: A/duck/Hunan/02.26_YYGKY298-P/2014_H5N6_|EPI_ISL_198815 (identical to A/chicken/Jiangxi/04.01__NCJD0119-O/2015_H5N6_|EPI_ISL_198917) is ignored but added at the end
NOTE: A/duck/Hunan/02.26_YYGQH295-P/2014_H5N6_|EPI_ISL_198813 (identical to A/chicken/Jiangxi/04.01__NCJD0119-O/2015_H5N6_|EPI_ISL_198917) is ignored but added at the end
NOTE: A/chicken/Jiangxi/25/2011_H5N1|GCA_038635255.1 (identical to A/chicken/Jiangxi/25/2011|EPI_ISL_369824) is ignored but added at the end
NOTE: A/duck/Jiangxi/35/2011_H5N1|GCA_038635275.1 (identical to A/chicken/Jiangxi/25/2011|EPI_ISL_369824) is ignored but added at the end
NOTE: A/pigeon/Jiangxi/S40784/2021_H5N1_|EPI_ISL_12572663 (identical to A/chicken/Jiangxi/S40653/2021_H5N1_|EPI_ISL_12572653) is ignored but added at the end
NOTE: A/chicken/Jilin/04.12_MHK003-O/2015_H5N1_|EPI_ISL_198837 (identical to A/chicken/Jilin/04.12_MHK001-O/2015_H5N1_|EPI_ISL_198845) is ignored but added at the end
NOTE: A/chicken/Jilin/04.12_MHK004-O/2015_Mixed_|EPI_ISL_200387 (identical to A/chicken/Jilin/04.12_MHK001-O/2015_H5N1_|EPI_ISL_198845) is ignored but added at the end
NOTE: A/chicken/New_Taipei_City/17090002/2017_H5N8|GCA_038978085.1 (identical to A/chicken/New_Taipei_City/17090002/2017|EPI_ISL_4032245) is ignored but added at the end
NOTE: A/chicken/New_Taipei_City/17090003/2017_H5N8|GCA_038973795.1 (identical to A/chicken/New_Taipei_City/17090002/2017|EPI_ISL_4032245) is ignored but added at the end
NOTE: A/chicken/Xinjiang/S1170/2019_H5N1_|EPI_ISL_18513224 (identical to A/chicken/Shanghai/S1123/2019_H5N1_|EPI_ISL_18513220) is ignored but added at the end
NOTE: A/chicken/Shenzhen/433/2013_H5N6|GCA_038705195.1 (identical to A/chicken/Shenzhen/433/2013|EPI_ISL_182059) is ignored but added at the end
NOTE: A/chicken/Shenzhen/715/2013_H5N6|GCA_038705275.1 (identical to A/chicken/Shenzhen/433/2013|EPI_ISL_182059) is ignored but added at the end
NOTE: A/chicken/Shenzhen/2396/2013_H5N6|GCA_038706905.1 (identical to A/chicken/Shenzhen/2396/2013|EPI_ISL_182062) is ignored but added at the end
NOTE: A/chicken/Shenzhen/2464/2013_H5N6|GCA_038706965.1 (identical to A/chicken/Shenzhen/2396/2013|EPI_ISL_182062) is ignored but added at the end
NOTE: A/chicken/Taipei/16060022-4/2016_H5N8|GCA_038856665.1 (identical to A/chicken/Taipei/16060022-4/2016|EPI_ISL_4032285) is ignored but added at the end
NOTE: A/chicken/Taipei/16060023-1/2016_H5N8|GCA_038858515.1 (identical to A/chicken/Taipei/16060022-4/2016|EPI_ISL_4032285) is ignored but added at the end
NOTE: A/chicken/Taiwan/01174/2015_H5N3|GCA_038769715.1 (identical to A/chicken/Taiwan/01174/2015|EPI_ISL_219873) is ignored but added at the end
NOTE: A/goose/Taiwan/01038/2015_H5N3|GCA_038768415.1 (identical to A/chicken/Taiwan/01174/2015|EPI_ISL_219873) is ignored but added at the end
NOTE: A/chicken/Taiwan/1682/2013_H5N2|GCA_038676205.1 (identical to A/chicken/Taiwan/1682/2013|EPI_ISL_158004) is ignored but added at the end
NOTE: A/chicken/Taiwan/1704/2013_H5N2|GCA_038676225.1 (identical to A/chicken/Taiwan/1682/2013|EPI_ISL_158004) is ignored but added at the end
NOTE: A/chicken/Taiwan/D2/2019_H5N2|GCA_039141495.1 (identical to A/chicken/Taiwan/D2/2019|EPI_ISL_502396) is ignored but added at the end
NOTE: A/chicken/Taiwan/D9/2019_H5N2|GCA_039141095.1 (identical to A/chicken/Taiwan/D2/2019|EPI_ISL_502396) is ignored but added at the end
NOTE: A/chicken/Yuhang/1/2013_H5N9|GCA_038685605.1 (identical to A/chicken/Yuhang/1/2013|EPI_ISL_213833) is ignored but added at the end
NOTE: A/chicken/Yuhang/2/2013_H5N9|GCA_038686415.1 (identical to A/chicken/Yuhang/1/2013|EPI_ISL_213833) is ignored but added at the end
NOTE: A/chicken/Zhejiang/194/2016_H5N2|GCA_038815195.1 (identical to A/chicken/Zhejiang/194/2016|EPI_ISL_253029) is ignored but added at the end
NOTE: A/chicken/Zhejiang/217/2016_H5N2|GCA_038815225.1 (identical to A/chicken/Zhejiang/194/2016|EPI_ISL_253029) is ignored but added at the end
NOTE: A/Chlidonias_hybrida/Hubei/55/2020_H5N8|GCA_039227835.1 (identical to A/Chlidonias_hybrida/Hubei/55/2020|EPI_ISL_2555536) is ignored but added at the end
NOTE: A/Cygnus_columbianus/Hubei/53/2020_H5N8|GCA_039227085.1 (identical to A/Chlidonias_hybrida/Hubei/55/2020|EPI_ISL_2555536) is ignored but added at the end
NOTE: A/mallard/Ningxia/249/2020|EPI_ISL_2820503 (identical to A/common_pochard/Ningxia/243/2020|EPI_ISL_2820479) is ignored but added at the end
NOTE: A/whooper_swan/Henan/SMQ10/2020|EPI_ISL_1939080 (identical to A/common_teal/Ningxia/105/2020|EPI_ISL_2815336) is ignored but added at the end
NOTE: A/whooper_swan/Shaanxi/SXY2-1/2020|EPI_ISL_1760450 (identical to A/common_teal/Ningxia/105/2020|EPI_ISL_2815336) is ignored but added at the end
NOTE: A/common_teal/Ningxia/237/2020|EPI_ISL_2820262 (identical to A/common_teal/Ningxia/181/2020|EPI_ISL_2820259) is ignored but added at the end
NOTE: A/common_teal/Ningxia/245/2020|EPI_ISL_2820480 (identical to A/common_teal/Ningxia/181/2020|EPI_ISL_2820259) is ignored but added at the end
NOTE: A/common_teal/Ningxia/253/2020|EPI_ISL_2820504 (identical to A/common_teal/Ningxia/181/2020|EPI_ISL_2820259) is ignored but added at the end
NOTE: A/mallard/Ningxia/175/2020|EPI_ISL_2815374 (identical to A/common_teal/Ningxia/181/2020|EPI_ISL_2820259) is ignored but added at the end
NOTE: A/mallard/Ningxia/241/2020|EPI_ISL_2820465 (identical to A/common_teal/Ningxia/181/2020|EPI_ISL_2820259) is ignored but added at the end
NOTE: A/mallard/Ningxia/247/2020|EPI_ISL_2820501 (identical to A/common_teal/Ningxia/181/2020|EPI_ISL_2820259) is ignored but added at the end
NOTE: A/whooper_swan/Shanxi/SX116/2020|EPI_ISL_1760455 (identical to A/common_teal/Ningxia/181/2020|EPI_ISL_2820259) is ignored but added at the end
NOTE: A/duck/China/0938/2017_H5N6|GCA_038981445.1 (identical to A/duck/China/0938/2017|EPI_ISL_503027) is ignored but added at the end
NOTE: A/duck/Eastern_China/L0230/2010_H5N2|GCA_038581335.1 (identical to A/duck/Eastern_China/L0230/2010|EPI_ISL_208823) is ignored but added at the end
NOTE: A/duck/Eastern_China/L0321/2010_H5N2|GCA_038582295.1 (identical to A/duck/Eastern_China/L0230/2010|EPI_ISL_208823) is ignored but added at the end
NOTE: A/duck/Fujian/12.7_FZHX1202-O/2016|EPI_ISL_707425 (identical to A/duck/Fujian/1.17_FZHX0123-C/2017|EPI_ISL_707384) is ignored but added at the end
NOTE: A/goose/Fujian/10.11_FZHX1001-C/2016|EPI_ISL_707641 (identical to A/duck/Fujian/1.17_FZHX0123-C/2017|EPI_ISL_707384) is ignored but added at the end
NOTE: A/pigeon/Fujian/1.17_FZHX0104-O/2017|EPI_ISL_707676 (identical to A/duck/Fujian/1.17_FZHX0123-C/2017|EPI_ISL_707384) is ignored but added at the end
NOTE: A/duck/Fujian/1.17_FZHX0123-C/2017_H5N6|GCA_038946025.1 (identical to A/duck/Fujian/1.17_FZHX0123-C/2017|EPI_ISL_707384) is ignored but added at the end
NOTE: A/duck/Fujian/11.3_FZHX1141-C/2016_H5N6|GCA_038919555.1 (identical to A/duck/Fujian/1.17_FZHX0123-C/2017|EPI_ISL_707384) is ignored but added at the end
NOTE: A/duck/Fujian/12.7_FZHX1202-O/2016_H5N6|GCA_038930535.1 (identical to A/duck/Fujian/1.17_FZHX0123-C/2017|EPI_ISL_707384) is ignored but added at the end
NOTE: A/goose/Fujian/10.11_FZHX1001-C/2016_H5N6|GCA_038913145.1 (identical to A/duck/Fujian/1.17_FZHX0123-C/2017|EPI_ISL_707384) is ignored but added at the end
NOTE: A/pigeon/Fujian/1.17_FZHX0104-O/2017_H5N6|GCA_038945635.1 (identical to A/duck/Fujian/1.17_FZHX0123-C/2017|EPI_ISL_707384) is ignored but added at the end
NOTE: A/duck/Fujian/05.07_FZHMDK14-O/2015_H5N6_|EPI_ISL_201355 (identical to A/duck/Fujian/05.07_FZHMD4K-O/2015_Mixed_|EPI_ISL_201356) is ignored but added at the end
NOTE: A/duck/Fujian/10.26_FZHX0002-O/2017_H5N6|GCA_054192225.1 (identical to A/duck/Fujian/10.26_FZHX0002-O/2017|EPI_ISL_707414) is ignored but added at the end
NOTE: A/duck/Fujian/11.23_FZHX0009-C/2017_H5N6|GCA_038993035.1 (identical to A/duck/Fujian/10.26_FZHX0002-O/2017|EPI_ISL_707414) is ignored but added at the end
NOTE: A/goose/Fujian/10.26_FZHX0007-O/2017|EPI_ISL_707649 (identical to A/duck/Fujian/11.23_FZHX0014-C/2017|EPI_ISL_707418) is ignored but added at the end
NOTE: A/duck/Fujian/11.23_FZHX0014-C/2017_H5N6|GCA_038993055.1 (identical to A/duck/Fujian/11.23_FZHX0014-C/2017|EPI_ISL_707418) is ignored but added at the end
NOTE: A/duck/Fujian/11.23_FZHX0015-C/2017_H5N6|GCA_038993075.1 (identical to A/duck/Fujian/11.23_FZHX0014-C/2017|EPI_ISL_707418) is ignored but added at the end
NOTE: A/goose/Fujian/10.26_FZHX0007-O/2017_H5N6|GCA_038987385.1 (identical to A/duck/Fujian/11.23_FZHX0014-C/2017|EPI_ISL_707418) is ignored but added at the end
NOTE: A/duck/Fujian/12.7_FZHX1219-O/2016_H5N6|GCA_038930625.1 (identical to A/duck/Fujian/12.7_FZHX1219-O/2016|EPI_ISL_707427) is ignored but added at the end
NOTE: A/duck/Fujian/12.7_FZHX1221-C/2016_H5N6|GCA_038930585.1 (identical to A/duck/Fujian/12.7_FZHX1219-O/2016|EPI_ISL_707427) is ignored but added at the end
NOTE: A/duck/Guangdong/01.01_SZSGXJK005-G_/2016|EPI_ISL_221713 (identical to A/duck/Guangdong/01.01_SZSGXJK002-G/2016|EPI_ISL_221708) is ignored but added at the end
NOTE: A/duck/Guangdong/03.26_DGCPLB019-P/2015_H5N6_|EPI_ISL_199188 (identical to A/duck/Guangdong/03.26_DGCP062-P/2015_H5N6_|EPI_ISL_199403) is ignored but added at the end
NOTE: A/duck/Guangdong/03.26_DGCPLB023-P/2015_H5N6_|EPI_ISL_199187 (identical to A/duck/Guangdong/03.26_DGCP062-P/2015_H5N6_|EPI_ISL_199403) is ignored but added at the end
NOTE: A/duck/Guangdong/04.23_DGQTXC201-O/2015_Mixed_|EPI_ISL_199378 (identical to A/duck/Guangdong/03.26_DGCP062-P/2015_H5N6_|EPI_ISL_199403) is ignored but added at the end
NOTE: A/duck/Guangdong/04.23_DGQTXC203-O/2015_H5N6_|EPI_ISL_199222 (identical to A/duck/Guangdong/03.26_DGCP062-P/2015_H5N6_|EPI_ISL_199403) is ignored but added at the end
NOTE: A/duck/Guangdong/03.26_DGCP078-P/2015_H5N6_|EPI_ISL_199189 (identical to A/duck/Guangdong/03.26_DGCP074-O/2015_H5N6_|EPI_ISL_199178) is ignored but added at the end
NOTE: A/duck/Guangdong/03.26_DGCP084-P/2015_H5N6_|EPI_ISL_199200 (identical to A/duck/Guangdong/03.26_DGCP074-O/2015_H5N6_|EPI_ISL_199178) is ignored but added at the end
NOTE: A/duck/Guangdong/03.26_DGCP709-P/2015_H5N6_|EPI_ISL_199185 (identical to A/duck/Guangdong/03.26_DGCP074-O/2015_H5N6_|EPI_ISL_199178) is ignored but added at the end
NOTE: A/duck/Guangdong/03.26_DGCPLB022-P/2015_H5N6_|EPI_ISL_199186 (identical to A/duck/Guangdong/03.26_DGCPLB021-O/2015_H5N6_|EPI_ISL_199174) is ignored but added at the end
NOTE: A/duck/Guangdong/03.26_DGCPLB023-O/2015_H5N6_|EPI_ISL_199415 (identical to A/duck/Guangdong/03.26_DGCPLB021-O/2015_H5N6_|EPI_ISL_199174) is ignored but added at the end
NOTE: A/duck/Guangdong/03.26_DGCPLB024-O/2015_H5N6_|EPI_ISL_199416 (identical to A/duck/Guangdong/03.26_DGCPLB021-O/2015_H5N6_|EPI_ISL_199174) is ignored but added at the end
NOTE: A/duck/Guangdong/04.23_DGQTSJ123-O/2015_Mixed_|EPI_ISL_199365 (identical to A/duck/Guangdong/03.27_DGQTSJ131-O/2015_Mixed_|EPI_ISL_199367) is ignored but added at the end
NOTE: A/duck/Guangdong/04.23_DGQTXC188-P/2015_Mixed_|EPI_ISL_199379 (identical to A/duck/Guangdong/03.27_DGQTSJ131-O/2015_Mixed_|EPI_ISL_199367) is ignored but added at the end
NOTE: A/duck/Guangdong/04.23_DGQTXC205-O/2015_Mixed_|EPI_ISL_199356 (identical to A/duck/Guangdong/03.27_DGQTSJ131-O/2015_Mixed_|EPI_ISL_199367) is ignored but added at the end
NOTE: A/duck/Guangdong/04.23_DGQTXC207-O/2015_Mixed_|EPI_ISL_199354 (identical to A/duck/Guangdong/03.27_DGQTSJ131-O/2015_Mixed_|EPI_ISL_199367) is ignored but added at the end
NOTE: A/duck/Guangdong/04.23_DGQTXC207-P/2015_Mixed_|EPI_ISL_199353 (identical to A/duck/Guangdong/03.27_DGQTSJ131-O/2015_Mixed_|EPI_ISL_199367) is ignored but added at the end
NOTE: A/duck/Guangdong/04.23_DGQTSJ135-P/2015_Mixed_|EPI_ISL_199371 (identical to A/duck/Guangdong/03.27_DGQTSJ133-O/2015_Mixed_|EPI_ISL_200251) is ignored but added at the end
NOTE: A/duck/Guangdong/04.23_DGQTSJ138-O/2015_Mixed_|EPI_ISL_199375 (identical to A/duck/Guangdong/03.27_DGQTSJ133-O/2015_Mixed_|EPI_ISL_200251) is ignored but added at the end
NOTE: A/duck/Guangdong/04.23_DGQTSJ138-P/2015_Mixed_|EPI_ISL_199373 (identical to A/duck/Guangdong/03.27_DGQTSJ133-O/2015_Mixed_|EPI_ISL_200251) is ignored but added at the end
NOTE: A/duck/Guangdong/04.23_DGQTSJ146-O/2015_Mixed_|EPI_ISL_199362 (identical to A/duck/Guangdong/03.27_DGQTSJ133-O/2015_Mixed_|EPI_ISL_200251) is ignored but added at the end
NOTE: A/duck/Guangdong/04.23_DGQTXC202-O/2015_Mixed_|EPI_ISL_199355 (identical to A/duck/Guangdong/03.27_DGQTSJ133-O/2015_Mixed_|EPI_ISL_200251) is ignored but added at the end
NOTE: A/duck/Guangdong/04.23_DGQTXC204-O/2015_Mixed_|EPI_ISL_199370 (identical to A/duck/Guangdong/03.27_DGQTSJ133-O/2015_Mixed_|EPI_ISL_200251) is ignored but added at the end
NOTE: A/goose/Guangdong/04.23_DGQTXC216-P/2015_H5N6_|EPI_ISL_199269 (identical to A/duck/Guangdong/03.27_DGQTSJ133-O/2015_Mixed_|EPI_ISL_200251) is ignored but added at the end
NOTE: A/duck/Guangdong/04.23_DGQTXC229-P/2015_H5N6_|EPI_ISL_199234 (identical to A/duck/Guangdong/04.23_DGQTSJ145-O/2015_H5N6_|EPI_ISL_199235) is ignored but added at the end
NOTE: A/duck/Guangdong/04.23_DGQTXC230-P/2015_Mixed_|EPI_ISL_200254 (identical to A/duck/Guangdong/04.23_DGQTSJ145-O/2015_H5N6_|EPI_ISL_199235) is ignored but added at the end
NOTE: A/duck/Guangdong/04.23_DGQTXC232-P/2015_H5N6_|EPI_ISL_199292 (identical to A/duck/Guangdong/04.23_DGQTSJ145-O/2015_H5N6_|EPI_ISL_199235) is ignored but added at the end
NOTE: A/duck/Guangdong/04.23_DGQTXC233-P/2015_Mixed_|EPI_ISL_200246 (identical to A/duck/Guangdong/04.23_DGQTSJ145-O/2015_H5N6_|EPI_ISL_199235) is ignored but added at the end
NOTE: A/goose/Guangdong/04.23_DGQTXC237-O1/2015_H5N6_|EPI_ISL_199301 (identical to A/duck/Guangdong/04.23_DGQTSJ145-O/2015_H5N6_|EPI_ISL_199235) is ignored but added at the end
NOTE: A/duck/Guangdong/04.23_DGQTXC187-P/2015_Mixed_|EPI_ISL_199376 (identical to A/duck/Guangdong/04.23_DGQTXC183-O/2015_Mixed_|EPI_ISL_199369) is ignored but added at the end
NOTE: A/duck/Guangdong/11.18_SZBJ003-C/2016_H5N6|GCA_038923895.1 (identical to A/duck/Guangdong/11.18_SZBJ003-C/2016|EPI_ISL_707453) is ignored but added at the end
NOTE: A/duck/Guangdong/11.18_SZBJ003-O/2016_H5N6|GCA_038923635.1 (identical to A/duck/Guangdong/11.18_SZBJ003-C/2016|EPI_ISL_707453) is ignored but added at the end
NOTE: A/duck/Guangdong/KGZ16009/2021|EPI_ISL_19210559 (identical to A/duck/Guangdong/KGZ16007/2021|EPI_ISL_19210557) is ignored but added at the end
NOTE: A/duck/Guangdong/KGZ16012/2021|EPI_ISL_19210561 (identical to A/duck/Guangdong/KGZ16007/2021|EPI_ISL_19210557) is ignored but added at the end
NOTE: A/duck/Guangdong/s14044/2014_H5N8|GCA_038713185.1 (identical to A/duck/Guangdong/s14044/2014|EPI_ISL_201799) is ignored but added at the end
NOTE: A/goose/Guangdong/s13124/2013_H5N8|GCA_038705655.1 (identical to A/duck/Guangdong/s14044/2014|EPI_ISL_201799) is ignored but added at the end
NOTE: A/duck/Guangzhou/018/2014_H5N6|GCA_038713075.1 (identical to A/duck/Guangzhou/018/2014|EPI_ISL_224984) is ignored but added at the end
NOTE: A/duck/Guangzhou/021/2014_H5N6|GCA_038714225.1 (identical to A/duck/Guangzhou/018/2014|EPI_ISL_224984) is ignored but added at the end
NOTE: A/duck/Hubei/03.06__WHWTZ0125-O/2015_H5N6_|EPI_ISL_199030 (identical to A/duck/Hubei/03.06__WHWTZ0111-O/2015_Mixed_|EPI_ISL_200276) is ignored but added at the end
NOTE: A/duck/Hubei/03.06__WHWTZ0150-P/2015_Mixed_|EPI_ISL_200277 (identical to A/duck/Hubei/03.06__WHWTZ0111-O/2015_Mixed_|EPI_ISL_200276) is ignored but added at the end
NOTE: A/duck/HuBei/03.06__WHWTZ0158-P/2015_H5N6_|EPI_ISL_199029 (identical to A/duck/Hubei/03.06__WHWTZ0111-O/2015_Mixed_|EPI_ISL_200276) is ignored but added at the end
NOTE: A/duck/Hubei/03.06_WHWTZ0124-O/2015_H5N6_|EPI_ISL_199028 (identical to A/duck/Hubei/03.06__WHWTZ0111-O/2015_Mixed_|EPI_ISL_200276) is ignored but added at the end
NOTE: A/duck/Hunan/01.12_YYGK82H3-OC/2018_H5N6|GCA_039008605.1 (identical to A/duck/Hunan/1.12_YYGK74H3-OC/2018|EPI_ISL_707491) is ignored but added at the end
NOTE: A/duck/Hunan/1.12_YYGK74H3-OC/2018_H5N6|GCA_039005635.1 (identical to A/duck/Hunan/1.12_YYGK74H3-OC/2018|EPI_ISL_707491) is ignored but added at the end
NOTE: A/duck/Hunan/02.07_YYFQH032-O/2015_H5N6_|EPI_ISL_199072 (identical to A/duck/Hunan/01.21_YYFQH019-P/2015_H5N6_|EPI_ISL_199056) is ignored but added at the end
NOTE: A/duck/Hunan/03.24_YYGK174M2-C/2017|EPI_ISL_707478 (identical to A/duck/Hunan/03.24_YYGK18M2-O/2017|EPI_ISL_707480) is ignored but added at the end
NOTE: A/duck/Hunan/03.24_YYGK174M2-C/2017_H5N6|GCA_038963135.1 (identical to A/duck/Hunan/03.24_YYGK18M2-O/2017|EPI_ISL_707480) is ignored but added at the end
NOTE: A/duck/Hunan/03.24_YYGK18M2-O/2017_H5N6|GCA_038963545.1 (identical to A/duck/Hunan/03.24_YYGK18M2-O/2017|EPI_ISL_707480) is ignored but added at the end
NOTE: A/duck/Hunan/03.24_YYGK21M2-O/2017_H5N6|GCA_038963175.1 (identical to A/duck/Hunan/03.24_YYGK18M2-O/2017|EPI_ISL_707480) is ignored but added at the end
NOTE: A/duck/Hunan/04.14_YYGK468-O/2015_H5N6_|EPI_ISL_199122 (identical to A/duck/Hunan/04.14_YYGK067-O/2015_Mixed_|EPI_ISL_200287) is ignored but added at the end
NOTE: A/duck/Hunan/04.14_YYGK472-O/2015_Mixed_|EPI_ISL_200288 (identical to A/duck/Hunan/04.14_YYGK067-O/2015_Mixed_|EPI_ISL_200287) is ignored but added at the end
NOTE: A/duck/Hunan/11.30_YYGK62E3-OC/2017_H5N6|GCA_038984705.1 (identical to A/duck/Hunan/11.30_YYGK62E3-OC/2017|EPI_ISL_707501) is ignored but added at the end
NOTE: A/duck/Hunan/11.30_YYGK63E3-OC/2017_H5N6|GCA_038988985.1 (identical to A/duck/Hunan/11.30_YYGK62E3-OC/2017|EPI_ISL_707501) is ignored but added at the end
NOTE: A/duck/Hunan/11.30_YYGK74E3-OC/2017_H5N8|GCA_038984725.1 (identical to A/duck/Hunan/11.30_YYGK74E3-OC/2017|EPI_ISL_707503) is ignored but added at the end
NOTE: A/duck/Hunan/11.30_YYGK75E3-OC/2017_H5N6|GCA_038989005.1 (identical to A/duck/Hunan/11.30_YYGK74E3-OC/2017|EPI_ISL_707503) is ignored but added at the end
NOTE: A/duck/Hunan/12.17_YYGK0057/2014_H5N6_|EPI_ISL_198863 (identical to A/duck/Hunan/12.17_YYGK014/2014_H5N6_|EPI_ISL_198833) is ignored but added at the end
NOTE: A/duck/Hunan/12.27_YYGK60J2-C/2016_H5N6|GCA_038936165.1 (identical to A/duck/Hunan/12.27_YYGK60J2-C/2016|EPI_ISL_707506) is ignored but added at the end
NOTE: A/duck/Hunan/12.27_YYGK86J2-C/2016_H5N6|GCA_038936355.1 (identical to A/duck/Hunan/12.27_YYGK60J2-C/2016|EPI_ISL_707506) is ignored but added at the end
NOTE: A/duck/Hunan/12.27_YYGK91J2-O/2016|EPI_ISL_707516 (identical to A/duck/Hunan/12.27_YYGK71J2-O/2016|EPI_ISL_707507) is ignored but added at the end
NOTE: A/duck/Hunan/12.27_YYGK93J2-O/2016|EPI_ISL_707517 (identical to A/duck/Hunan/12.27_YYGK71J2-O/2016|EPI_ISL_707507) is ignored but added at the end
NOTE: A/duck/Hunan/12.27_YYGK95J2-O/2016|EPI_ISL_707519 (identical to A/duck/Hunan/12.27_YYGK71J2-O/2016|EPI_ISL_707507) is ignored but added at the end
NOTE: A/duck/Hunan/12.27_YYGK96J2-O/2016|EPI_ISL_707520 (identical to A/duck/Hunan/12.27_YYGK71J2-O/2016|EPI_ISL_707507) is ignored but added at the end
NOTE: A/duck/Hunan/12.27_YYGK97J2-O/2016|EPI_ISL_707521 (identical to A/duck/Hunan/12.27_YYGK71J2-O/2016|EPI_ISL_707507) is ignored but added at the end
NOTE: A/duck/Hunan/12.27_YYGK100J2-C/2016|EPI_ISL_707504 (identical to A/duck/Hunan/12.27_YYGK71J2-O/2016|EPI_ISL_707507) is ignored but added at the end
NOTE: A/duck/Hunan/12.27_YYGK100J2-C/2016_H5N6|GCA_038936035.1 (identical to A/duck/Hunan/12.27_YYGK71J2-O/2016|EPI_ISL_707507) is ignored but added at the end
NOTE: A/duck/Hunan/12.27_YYGK71J2-O/2016_H5N6|GCA_038936085.1 (identical to A/duck/Hunan/12.27_YYGK71J2-O/2016|EPI_ISL_707507) is ignored but added at the end
NOTE: A/duck/Hunan/12.27_YYGK89J2-O/2016_H5N6|GCA_038936185.1 (identical to A/duck/Hunan/12.27_YYGK71J2-O/2016|EPI_ISL_707507) is ignored but added at the end
NOTE: A/duck/Hunan/12.27_YYGK91J2-O/2016_H5N6|GCA_038936395.1 (identical to A/duck/Hunan/12.27_YYGK71J2-O/2016|EPI_ISL_707507) is ignored but added at the end
NOTE: A/duck/Hunan/12.27_YYGK93J2-O/2016_H5N6|GCA_038936205.1 (identical to A/duck/Hunan/12.27_YYGK71J2-O/2016|EPI_ISL_707507) is ignored but added at the end
NOTE: A/duck/Hunan/12.27_YYGK95J2-O/2016_H5N6|GCA_038936415.1 (identical to A/duck/Hunan/12.27_YYGK71J2-O/2016|EPI_ISL_707507) is ignored but added at the end
NOTE: A/duck/Hunan/12.27_YYGK96J2-O/2016_H5N6|GCA_038936265.1 (identical to A/duck/Hunan/12.27_YYGK71J2-O/2016|EPI_ISL_707507) is ignored but added at the end
NOTE: A/duck/Hunan/12.27_YYGK97J2-O/2016_H5N6|GCA_038936435.1 (identical to A/duck/Hunan/12.27_YYGK71J2-O/2016|EPI_ISL_707507) is ignored but added at the end
NOTE: A/muscovy/duck/Hunan/102/2014|EPI_ISL_255852 (identical to A/duck/Hunan/233/2014|EPI_ISL_255493) is ignored but added at the end
NOTE: A/muscovy/duck/Hunan/103/2014|EPI_ISL_255853 (identical to A/duck/Hunan/233/2014|EPI_ISL_255493) is ignored but added at the end
NOTE: A/muscovy/duck/Hunan/104/2014|EPI_ISL_255854 (identical to A/duck/Hunan/233/2014|EPI_ISL_255493) is ignored but added at the end
NOTE: A/swine/Guangdong/1/2014_H5N6|GCA_038736535.1 (identical to A/duck/Hunan/HN05/2014|EPI_ISL_255509) is ignored but added at the end
NOTE: A/duck/Hunan/HN76/2015|EPI_ISL_255818 (identical to A/duck/Hunan/HN16/2015|EPI_ISL_255530) is ignored but added at the end
NOTE: A/duck/Hunan/HN60/2015|EPI_ISL_255770 (identical to A/duck/Hunan/HN45/2015|EPI_ISL_255765) is ignored but added at the end
NOTE: A/duck/Hunan/HN67/2015|EPI_ISL_255774 (identical to A/duck/Hunan/HN54/2015|EPI_ISL_255768) is ignored but added at the end
NOTE: A/duck/Jiangxi/11.17_NCNP30Y2-O/2016_H5N6|GCA_038923195.1 (identical to A/duck/Jiangxi/11.17_NCNP30Y2-O/2016|EPI_ISL_707543) is ignored but added at the end
NOTE: A/duck/Jiangxi/11.17_NCNP48Y2-C/2016_H5N6|GCA_038923485.1 (identical to A/duck/Jiangxi/11.17_NCNP30Y2-O/2016|EPI_ISL_707543) is ignored but added at the end
NOTE: A/duck/Jiangxi/13469/2014_H5N6|GCA_038730455.1 (identical to A/duck/Jiangxi/13469/2014|EPI_ISL_173478) is ignored but added at the end
NOTE: A/duck/Jiangxi/13484/2014_H5N6|GCA_038730495.1 (identical to A/duck/Jiangxi/13469/2014|EPI_ISL_173478) is ignored but added at the end
NOTE: A/duck/Shandong/SD0261/2021_H5N6|GCA_039231315.1 (identical to A/duck/Shandong/SD0261/2021|EPI_ISL_18058053) is ignored but added at the end
NOTE: A/duck/Shandong/SD0263/2021_H5N6|GCA_039231285.1 (identical to A/duck/Shandong/SD0261/2021|EPI_ISL_18058053) is ignored but added at the end
NOTE: A/pigeon/Sichuan/04.27_NBXJ743/2014_H5N6_|EPI_ISL_198893 (identical to A/duck/Sichuan/04.27_NBXJ71/2014_H5N6_|EPI_ISL_198868) is ignored but added at the end
NOTE: A/duck/Sichuan/NCXJ24/2014|EPI_ISL_179648 (identical to A/duck/Sichuan/04.27_NBXJ79/2014_H5N6_|EPI_ISL_198872) is ignored but added at the end
NOTE: A/duck/Sichuan/NCXJ16/2014_H5N6|GCA_038733795.1 (identical to A/duck/Sichuan/04.27_NBXJ79/2014_H5N6_|EPI_ISL_198872) is ignored but added at the end
NOTE: A/Falcated_Duck/Ningxia/484-29/2015_H5N6|GCA_038799475.1 (identical to A/Falcated_Duck/Ningxia/484-29/2015|EPI_ISL_295504) is ignored but added at the end
NOTE: A/Ferruginous_Pochard/Ningxia/480-17/2015_H5N6|GCA_038799515.1 (identical to A/Falcated_Duck/Ningxia/484-29/2015|EPI_ISL_295504) is ignored but added at the end
NOTE: A/goose/Chiayi/18020014-2/2018_H5N2|GCA_039051145.1 (identical to A/goose/Chiayi/18020014-2/2018|EPI_ISL_4032558) is ignored but added at the end
NOTE: A/goose/Fujian/10.26_FZHX0014-O/2017|EPI_ISL_707651 (identical to A/goose/Fujian/10.26_FZHX0002-C/2017|EPI_ISL_707643) is ignored but added at the end
NOTE: A/goose/Fujian/10.26_FZHX0002-C/2017_H5N6|GCA_038982945.1 (identical to A/goose/Fujian/10.26_FZHX0002-C/2017|EPI_ISL_707643) is ignored but added at the end
NOTE: A/goose/Fujian/10.26_FZHX0002-O/2017_H5N6|GCA_054192245.1 (identical to A/goose/Fujian/10.26_FZHX0002-C/2017|EPI_ISL_707643) is ignored but added at the end
NOTE: A/goose/Fujian/10.26_FZHX0014-O/2017_H5N6|GCA_038983025.1 (identical to A/goose/Fujian/10.26_FZHX0002-C/2017|EPI_ISL_707643) is ignored but added at the end
NOTE: A/goose/Fujian/10.26_FZHX0006-C/2017|EPI_ISL_707647 (identical to A/goose/Fujian/10.26_FZHX0004-C/2017|EPI_ISL_707645) is ignored but added at the end
NOTE: A/goose/Fujian/10.26_FZHX0006-O/2017|EPI_ISL_707648 (identical to A/goose/Fujian/10.26_FZHX0004-C/2017|EPI_ISL_707645) is ignored but added at the end
NOTE: A/goose/Fujian/10.26_FZHX0008-C/2017|EPI_ISL_707650 (identical to A/goose/Fujian/10.26_FZHX0004-C/2017|EPI_ISL_707645) is ignored but added at the end
NOTE: A/goose/Fujian/10.26_FZHX0004-C/2017_H5N6|GCA_054192255.1 (identical to A/goose/Fujian/10.26_FZHX0004-C/2017|EPI_ISL_707645) is ignored but added at the end
NOTE: A/goose/Fujian/10.26_FZHX0004-O/2017_H5N6|GCA_038982965.1 (identical to A/goose/Fujian/10.26_FZHX0004-C/2017|EPI_ISL_707645) is ignored but added at the end
NOTE: A/goose/Fujian/10.26_FZHX0006-C/2017_H5N6|GCA_038987365.1 (identical to A/goose/Fujian/10.26_FZHX0004-C/2017|EPI_ISL_707645) is ignored but added at the end
NOTE: A/goose/Fujian/10.26_FZHX0006-O/2017_H5N6|GCA_038982985.1 (identical to A/goose/Fujian/10.26_FZHX0004-C/2017|EPI_ISL_707645) is ignored but added at the end
NOTE: A/goose/Fujian/10.26_FZHX0008-C/2017_H5N6|GCA_038983005.1 (identical to A/goose/Fujian/10.26_FZHX0004-C/2017|EPI_ISL_707645) is ignored but added at the end
NOTE: A/goose/Hunan/116/2014|EPI_ISL_255830 (identical to A/goose/Hubei/113/2014|EPI_ISL_255823) is ignored but added at the end
NOTE: A/thrush/Taiwan/A234/2015_H5N2|GCA_038769445.1 (identical to A/goose/Taiwan/01040/2015|EPI_ISL_219882) is ignored but added at the end
NOTE: A/goose/Taiwan/TNC3/2015_H5N8|GCA_038769895.1 (identical to A/goose/Taiwan/TNC3/2015|EPI_ISL_206458) is ignored but added at the end
NOTE: A/goose/Taiwan/TNC9/2015_H5N8|GCA_038769955.1 (identical to A/goose/Taiwan/TNC3/2015|EPI_ISL_206458) is ignored but added at the end
NOTE: A/goose/Taiwan/TNO15/2015|EPI_ISL_206484 (identical to A/goose/Taiwan/TNC4/2015|EPI_ISL_206459) is ignored but added at the end
NOTE: A/goose/Taiwan/TNC11/2015_H5N8|GCA_038769115.1 (identical to A/goose/Taiwan/TNC4/2015|EPI_ISL_206459) is ignored but added at the end
NOTE: A/goose/Taiwan/TNO15/2015_H5N8|GCA_038769295.1 (identical to A/goose/Taiwan/TNC4/2015|EPI_ISL_206459) is ignored but added at the end
NOTE: A/goose/Taiwan/TNO9/2015_H5N8|GCA_038770215.1 (identical to A/goose/Taiwan/TNC4/2015|EPI_ISL_206459) is ignored but added at the end
NOTE: A/goose/Taiwan/TNC14/2015|EPI_ISL_206469 (identical to A/goose/Taiwan/TNC10/2015|EPI_ISL_206465) is ignored but added at the end
NOTE: A/goose/Taiwan/TNO17/2015|EPI_ISL_206486 (identical to A/goose/Taiwan/TNC10/2015|EPI_ISL_206465) is ignored but added at the end
NOTE: A/goose/Taiwan/TNC10/2015_H5N8|GCA_038769835.1 (identical to A/goose/Taiwan/TNC10/2015|EPI_ISL_206465) is ignored but added at the end
NOTE: A/goose/Taiwan/TNC12/2015_H5N8|GCA_038769855.1 (identical to A/goose/Taiwan/TNC10/2015|EPI_ISL_206465) is ignored but added at the end
NOTE: A/goose/Taiwan/TNC14/2015_H5N8|GCA_038769875.1 (identical to A/goose/Taiwan/TNC10/2015|EPI_ISL_206465) is ignored but added at the end
NOTE: A/goose/Taiwan/TNC7/2015_H5N8|GCA_038769935.1 (identical to A/goose/Taiwan/TNC10/2015|EPI_ISL_206465) is ignored but added at the end
NOTE: A/goose/Xinjiang/12.18_WLMQXL001-C/2016_H5N6|GCA_054191515.1 (identical to A/goose/Xinjiang/12.18_WLMQXL001-C/2016|EPI_ISL_707661) is ignored but added at the end
NOTE: A/goose/Xinjiang/12.18_WLMQXL002-O/2016_H5N6|GCA_038933505.1 (identical to A/goose/Xinjiang/12.18_WLMQXL001-C/2016|EPI_ISL_707661) is ignored but added at the end
NOTE: A/goose/Xinjiang/12.18_WLMQXL004-C/2016|EPI_ISL_707665 (identical to A/goose/Xinjiang/12.18_WLMQXL003-C/2016|EPI_ISL_707663) is ignored but added at the end
NOTE: A/goose/Xinjiang/12.18_WLMQXL004-O/2016|EPI_ISL_707666 (identical to A/goose/Xinjiang/12.18_WLMQXL003-C/2016|EPI_ISL_707663) is ignored but added at the end
NOTE: A/goose/Xinjiang/12.18_WLMQXL003-C/2016_H5N8|GCA_038933575.1 (identical to A/goose/Xinjiang/12.18_WLMQXL003-C/2016|EPI_ISL_707663) is ignored but added at the end
NOTE: A/goose/Xinjiang/12.18_WLMQXL003-O/2016_H5N8|GCA_038933525.1 (identical to A/goose/Xinjiang/12.18_WLMQXL003-C/2016|EPI_ISL_707663) is ignored but added at the end
NOTE: A/goose/Xinjiang/12.18_WLMQXL004-C/2016_H5N8|GCA_038933595.1 (identical to A/goose/Xinjiang/12.18_WLMQXL003-C/2016|EPI_ISL_707663) is ignored but added at the end
NOTE: A/goose/Xinjiang/12.18_WLMQXL004-O/2016_H5N8|GCA_038933545.1 (identical to A/goose/Xinjiang/12.18_WLMQXL003-C/2016|EPI_ISL_707663) is ignored but added at the end
NOTE: A/goose/Yunlin/16020011-1/2016_H5N2|GCA_038818795.1 (identical to A/goose/Yunlin/16020011-1/2016|EPI_ISL_4055117) is ignored but added at the end
NOTE: A/turkey/Changhua/16010011-1/2016_H5N2|GCA_038809005.1 (identical to A/goose/Yunlin/16020011-1/2016|EPI_ISL_4055117) is ignored but added at the end
NOTE: A/goose/Zhejiang/727098/2014_H5N1|GCA_038740265.1 (identical to A/goose/Zhejiang/727098/2014|EPI_ISL_203730) is ignored but added at the end
NOTE: A/pigeon/Zhejiang/727097/2014_H5N1|GCA_038741515.1 (identical to A/goose/Zhejiang/727098/2014|EPI_ISL_203730) is ignored but added at the end
NOTE: A/swine/Zhejiang/SW57/2015_H5N1|GCA_038766735.1 (identical to A/goose/Zhejiang/727098/2014|EPI_ISL_203730) is ignored but added at the end
NOTE: A/goose/Zhejiang/925037/2014_H5N8|GCA_038748485.1 (identical to A/goose/Zhejiang/925037/2014|EPI_ISL_203752) is ignored but added at the end
NOTE: A/goose/Zhejiang/925104/2014_H5N8|GCA_038747265.1 (identical to A/goose/Zhejiang/925037/2014|EPI_ISL_203752) is ignored but added at the end
NOTE: A/Phalacrocorax/Hubei/01.09_V7/2015_H5N6_|EPI_ISL_199063 (identical to A/Great_Cormorant/Hubei/chenhu_V11/2015|EPI_ISL_302708) is ignored but added at the end
NOTE: A/China/Original/2018_H5N6|GCA_039095745.1 (identical to A/Jiangsu/1/2018|EPI_ISL_332402) is ignored but added at the end
NOTE: A/whooper_swan/Henan/424/2021|EPI_ISL_13352723 (identical to A/mandarin_duck/Henan/426/2021|EPI_ISL_13352728) is ignored but added at the end
NOTE: A/migratory_waterfowl/Hubei/Chenhu1306/2014_H5N6|GCA_038721775.1 (identical to A/migratory_waterfowl/Hubei/Chenhu1306/2014|EPI_ISL_234376) is ignored but added at the end
NOTE: A/muscovy/duck/Hunan/HN360/2015|EPI_ISL_255885 (identical to A/muscovy/duck/Hunan/HN354/2015|EPI_ISL_255880) is ignored but added at the end
NOTE: A/muscovy/duck/Hunan/HN368/2015|EPI_ISL_255889 (identical to A/muscovy/duck/Hunan/HN354/2015|EPI_ISL_255880) is ignored but added at the end
NOTE: A/Pavo_cristatus/China/JS02/2018_H5N6|GCA_039039145.1 (identical to A/Pavo_cristatus/China/JS02/2018|EPI_ISL_370414) is ignored but added at the end
NOTE: A/Pavo_cristatus/China/K10/2018_H5N6|GCA_039038635.1 (identical to A/Pavo_cristatus/China/JS02/2018|EPI_ISL_370414) is ignored but added at the end
NOTE: A/whooper_swan/Henan/SM111/2020|EPI_ISL_1938309 (identical to A/tundra_swan/Hubei/BQ7/2020|EPI_ISL_2685900) is ignored but added at the end
NOTE: A/whooper_swan/Henan/45/2021|EPI_ISL_13352721 (identical to A/whooper_swan/Henan/14/2021|EPI_ISL_13352726) is ignored but added at the end
NOTE: A/whooper_swan/Shanxi/14/2021|EPI_ISL_13352717 (identical to A/whooper_swan/Henan/14/2021|EPI_ISL_13352726) is ignored but added at the end
NOTE: A/whooper_swan/Shanxi/20/2021|EPI_ISL_13352704 (identical to A/whooper_swan/Henan/14/2021|EPI_ISL_13352726) is ignored but added at the end
NOTE: A/whooper_swan/Shaanxi/SXY66/2020|EPI_ISL_1760447 (identical to A/whooper_swan/Henan/SM1/2020|EPI_ISL_1937884) is ignored but added at the end
NOTE: A/whooper_swan/Shanxi/SX251/2020|EPI_ISL_1822596 (identical to A/whooper_swan/Henan/SM1/2020|EPI_ISL_1937884) is ignored but added at the end
NOTE: A/whooper_swan/Henan/T880/2018|EPI_ISL_3205004 (identical to A/whooper_swan/Henan/T578/2019|EPI_ISL_3161955) is ignored but added at the end
NOTE: A/whooper_swan/Henan/T886/2018|EPI_ISL_3221222 (identical to A/whooper_swan/Henan/T578/2019|EPI_ISL_3161955) is ignored but added at the end
NOTE: A/whooper_swan/Henan/T888/2018|EPI_ISL_3226331 (identical to A/whooper_swan/Henan/T578/2019|EPI_ISL_3161955) is ignored but added at the end
NOTE: A/whooper_swan/Henan/Y120/2018|EPI_ISL_3228312 (identical to A/whooper_swan/Henan/T578/2019|EPI_ISL_3161955) is ignored but added at the end
NOTE: A/Whooper_swan/Sanmenxia/Y52/2020|EPI_ISL_14824122 (identical to A/Whooper_swan/Sanmenxia/G15/2020|EPI_ISL_14824026) is ignored but added at the end
NOTE: A/Whooper_swan/Sanmenxia/Y21/2020|EPI_ISL_14836026 (identical to A/Whooper_swan/Sanmenxia/H1/2020|EPI_ISL_14835960) is ignored but added at the end
NOTE: A/Whooper_swan/Sanmenxia/Y57/2020|EPI_ISL_14836101 (identical to A/Whooper_swan/Sanmenxia/H1/2020|EPI_ISL_14835960) is ignored but added at the end
NOTE: A/wild_duck/Fujian/1/2011_H5N1|GCA_038612095.1 (identical to A/wild_duck/Fujian/1/2011|EPI_ISL_148129) is ignored but added at the end
NOTE: A/wild_duck/Fujian/2/2011_H5N1|GCA_038612115.1 (identical to A/wild_duck/Fujian/1/2011|EPI_ISL_148129) is ignored but added at the end
NOTE: A/duck/Zhejiang/2245/2011_H5N1|GCA_038608835.1 (identical to A/duck/Zhejiang/2242/2011_H5N1|GCA_038608455.1) is ignored but added at the end
Alignment was printed to gene_HA_aln.fasta.uniqueseq.phy

For your convenience alignment with unique sequences printed to gene_HA_aln.fasta.uniqueseq.phy

Creating fast initial parsimony tree by random order stepwise addition...
88.941 seconds, parsimony score: 10153 (based on 1279 sites)
Measuring multi-threading efficiency up to 32 CPU cores
Increase to 10 rounds for branch lengths
3 trees examined
Threads: 1 / Time: 39.199 sec / Speedup: 1.000 / Efficiency: 100% / LogL: -625658
Threads: 2 / Time: 24.232 sec / Speedup: 1.618 / Efficiency: 81% / LogL: -625658
Threads: 3 / Time: 25.267 sec / Speedup: 1.551 / Efficiency: 52% / LogL: -625658
Threads: 4 / Time: 21.417 sec / Speedup: 1.830 / Efficiency: 46% / LogL: -625658
Determining AUTO threadcount: done in 110.135 secs using 202.9% CPU
BEST NUMBER OF THREADS: 2

Perform fast likelihood tree search using GTR+I+G model...
Estimate model parameters (epsilon = 5.000)
Perform nearest neighbor interchange...
Estimate model parameters (epsilon = 1.000)
1. Initial log-likelihood: -66034.795
2. Current log-likelihood: -66033.597
Optimal log-likelihood: -66032.901
Rate parameters:  A-C: 1.29427  A-G: 6.83038  A-T: 0.70938  C-G: 0.27460  C-T: 8.91921  G-T: 1.00000
Base frequencies:  A: 0.348  C: 0.185  G: 0.227  T: 0.240
Proportion of invariable sites: 0.207
Gamma shape alpha: 0.996
Parameters optimization took 2 rounds (5.622 sec)
Time for fast ML tree search: 44.320 seconds

NOTE: ModelFinder requires 924 MB RAM!
ModelFinder will test up to 968 DNA models (sample size: 1834 epsilon: 0.100) ...
 No. Model         -LnL         df  AIC          AICc         BIC
Akaike Information Criterion:           GTR+F+I+R5
Corrected Akaike Information Criterion: JC
Bayesian Information Criterion:         GTR+F+I+R5
Best-fit model: GTR+F+I+R5 chosen according to BIC

All model information printed to gene_HA_aln.fasta.model.gz
CPU time for ModelFinder: 4854.008 seconds (1h:20m:54s)
Wall-clock time for ModelFinder: 1690.165 seconds (0h:28m:10s)
Generating 1000 samples for ultrafast bootstrap (seed: 130343)...

NOTE: 464 MB RAM (0 GB) is required!
Estimate model parameters (epsilon = 0.100)
1. Initial log-likelihood: -65911.227
Optimal log-likelihood: -65911.180
Rate parameters:  A-C: 1.30944  A-G: 7.03495  A-T: 0.71949  C-G: 0.27854  C-T: 8.90126  G-T: 1.00000
Base frequencies:  A: 0.348  C: 0.185  G: 0.227  T: 0.240
Proportion of invariable sites: 0.203
Site proportion and rates:  (0.320,0.214) (0.218,1.130) (0.225,2.347) (0.032,4.226) (0.001,16.336)
Parameters optimization took 1 rounds (2.285 sec)
Wrote distance file to... 
Computing ML distances based on estimated model parameters...
Calculating distance matrix: done in 6.35568 secs using 206.1% CPU
Computing ML distances took 6.367066 sec (of wall-clock time) 13.105816 sec (of CPU time)
Setting up auxiliary I and S matrices: done in 0.038357 secs using 214.3% CPU
Constructing RapidNJ tree: done in 0.135993 secs using 228.3% CPU
Computing RapidNJ tree took 0.175947 sec (of wall-clock time) 0.396196 sec (of CPU time)
Log-likelihood of RapidNJ tree: -67487.129
--------------------------------------------------------------------
|             INITIALIZING CANDIDATE TREE SET                      |
--------------------------------------------------------------------
Generating 98 parsimony trees... 139.906 second
Computing log-likelihood of 98 initial trees ... 52.910 seconds
Current best score: -65911.179

Do NNI search on 20 best initial trees
Estimate model parameters (epsilon = 0.100)
BETTER TREE FOUND at iteration 1: -65877.509
Estimate model parameters (epsilon = 0.100)
BETTER TREE FOUND at iteration 2: -65727.282
Iteration 10 / LogL: -65854.877 / Time: 0h:37m:29s
Iteration 20 / LogL: -65834.683 / Time: 0h:43m:14s
Finish initializing candidate tree set (20)
Current best tree score: -65727.282 / CPU time: 888.406
Number of iterations: 20
--------------------------------------------------------------------
|               OPTIMIZING CANDIDATE TREE SET                      |
--------------------------------------------------------------------
Estimate model parameters (epsilon = 0.100)
BETTER TREE FOUND at iteration 22: -65720.859
Estimate model parameters (epsilon = 0.100)
BETTER TREE FOUND at iteration 26: -65719.096
Iteration 30 / LogL: -65747.099 / Time: 0h:47m:34s (1h:4m:13s left)
Iteration 40 / LogL: -65840.526 / Time: 0h:52m:17s (0h:53m:11s left)
Iteration 50 / LogL: -65869.166 / Time: 0h:55m:58s (0h:43m:6s left)
Log-likelihood cutoff on original alignment: -65899.980
Iteration 60 / LogL: -65906.337 / Time: 1h:0m:19s (0h:35m:58s left)
Estimate model parameters (epsilon = 0.100)
BETTER TREE FOUND at iteration 62: -65706.220
Iteration 70 / LogL: -65735.280 / Time: 1h:4m:57s (0h:49m:3s left)
Estimate model parameters (epsilon = 0.100)
BETTER TREE FOUND at iteration 74: -65687.729
Iteration 80 / LogL: -65801.799 / Time: 1h:9m:20s (0h:48m:59s left)
Iteration 90 / LogL: -65781.217 / Time: 1h:13m:48s (0h:43m:4s left)
Iteration 100 / LogL: -65716.521 / Time: 1h:18m:49s (0h:37m:51s left)
Log-likelihood cutoff on original alignment: -65884.598
NOTE: Bootstrap correlation coefficient of split occurrence frequencies: 0.980
NOTE: UFBoot does not converge, continue at least 100 more iterations
Iteration 110 / LogL: -65760.990 / Time: 1h:23m:6s (0h:45m:21s left)
Iteration 120 / LogL: -65899.487 / Time: 1h:27m:29s (0h:39m:52s left)
Iteration 130 / LogL: -65755.090 / Time: 1h:31m:34s (0h:34m:24s left)
Iteration 140 / LogL: -65736.276 / Time: 1h:35m:43s (0h:29m:9s left)
Iteration 150 / LogL: -65776.304 / Time: 1h:39m:15s (0h:23m:51s left)
Log-likelihood cutoff on original alignment: -65859.163
Iteration 160 / LogL: -65798.586 / Time: 1h:42m:33s (0h:18m:42s left)
Iteration 170 / LogL: -65739.497 / Time: 1h:46m:14s (0h:13m:51s left)
Iteration 180 / LogL: -65731.360 / Time: 1h:50m:0s (0h:9m:8s left)
Iteration 190 / LogL: -65766.271 / Time: 1h:53m:16s (0h:4m:30s left)
Iteration 200 / LogL: -65762.774 / Time: 1h:56m:18s (0h:0m:0s left)
Log-likelihood cutoff on original alignment: -65859.163
NOTE: Bootstrap correlation coefficient of split occurrence frequencies: 0.992
TREE SEARCH COMPLETED AFTER 200 ITERATIONS / Time: 1h:56m:26s

--------------------------------------------------------------------
|                    FINALIZING TREE SEARCH                        |
--------------------------------------------------------------------
Performs final model parameters optimization
Estimate model parameters (epsilon = 0.010)
1. Initial log-likelihood: -65687.729
2. Current log-likelihood: -65687.693
3. Current log-likelihood: -65687.673
4. Current log-likelihood: -65687.645
5. Current log-likelihood: -65687.629
6. Current log-likelihood: -65687.613
7. Current log-likelihood: -65687.598
8. Current log-likelihood: -65687.583
9. Current log-likelihood: -65687.568
10. Current log-likelihood: -65687.554
11. Current log-likelihood: -65687.540
12. Current log-likelihood: -65687.528
13. Current log-likelihood: -65687.515
14. Current log-likelihood: -65687.502
15. Current log-likelihood: -65687.490
16. Current log-likelihood: -65687.478
17. Current log-likelihood: -65687.468
18. Current log-likelihood: -65687.457
19. Current log-likelihood: -65687.446
20. Current log-likelihood: -65687.435
Optimal log-likelihood: -65687.420
Rate parameters:  A-C: 1.30244  A-G: 7.02762  A-T: 0.72319  C-G: 0.27627  C-T: 8.92254  G-T: 1.00000
Base frequencies:  A: 0.348  C: 0.185  G: 0.227  T: 0.240
Proportion of invariable sites: 0.196
Site proportion and rates:  (0.322,0.203) (0.220,1.112) (0.229,2.332) (0.032,4.232) (0.001,15.940)
Parameters optimization took 20 rounds (49.999 sec)
BEST SCORE FOUND : -65687.420
Creating bootstrap support values...
Split supports printed to NEXUS file gene_HA_aln.fasta.splits.nex
Total tree length: 6.317

Total number of iterations: 200
CPU time used for tree search: 10425.457 sec (2h:53m:45s)
Wall-clock time used for tree search: 5279.906 sec (1h:27m:59s)
Total CPU time used: 15413.098 sec (4h:16m:53s)
Total wall-clock time used: 7043.820 sec (1h:57m:23s)

Computing bootstrap consensus tree...
Reading input file gene_HA_aln.fasta.splits.nex...
2148 taxa and 13343 splits.
Consensus tree written to gene_HA_aln.fasta.contree
Reading input trees file gene_HA_aln.fasta.contree
Log-likelihood of consensus tree: -65683.845

Analysis results written to: 
  IQ-TREE report:                gene_HA_aln.fasta.iqtree
  Maximum-likelihood tree:       gene_HA_aln.fasta.treefile
  Likelihood distances:          gene_HA_aln.fasta.mldist

Ultrafast bootstrap approximation results written to:
  Split support values:          gene_HA_aln.fasta.splits.nex
  Consensus tree:                gene_HA_aln.fasta.contree
  Screen log file:               gene_HA_aln.fasta.log

Date and Time: Tue Sep 22 15:46:23 2026
