1_A/Indonesia/5/2005 9	4	12	8	9	7	12	7	8	13	1	0	5	1	0	0	9	5	7	0	8	3	7	0	11	10	10	1	8	2	9	0	15	8	22	15	9	7	25	6	17	12	22	17	15	1	16	5	7	6	13	7	7	5	12	0	8	15	24	17	7	3	16	14	
2_A/Hong_Kong/483/1997 7	4	11	8	11	7	13	7	5	11	1	0	7	3	0	0	12	4	7	0	8	4	7	0	9	9	10	1	9	3	10	0	13	9	25	14	8	6	24	5	16	13	17	16	14	1	19	7	8	6	11	7	8	8	13	0	9	12	25	20	7	4	15	11	
3_A/Hong_Kong/482/97 7	4	11	8	11	7	13	7	6	11	1	0	6	3	0	0	11	4	7	0	10	4	7	0	8	9	9	1	8	3	10	0	14	9	27	14	8	7	23	4	15	12	20	16	15	1	16	8	9	6	12	7	7	7	12	1	8	13	26	19	8	4	14	11	
4_A/Chicken/HongKong/F 7	4	13	8	11	8	11	7	6	11	1	0	5	3	0	0	9	4	8	0	9	2	6	0	11	11	8	1	9	2	11	1	14	9	24	13	8	7	25	4	16	10	19	18	15	1	20	3	7	8	12	7	8	5	13	0	9	14	24	21	8	4	16	10	
5_A/Chicken/HongKong/Y 7	4	14	8	11	8	10	7	6	11	1	0	7	3	0	0	11	4	6	0	8	3	8	0	11	9	9	1	6	3	10	0	14	9	23	14	8	7	24	4	16	11	19	18	15	1	20	4	8	8	13	6	7	5	13	1	9	13	25	20	7	4	15	12	
6_A/Chicken/HongKong/Y 7	4	13	8	11	8	11	7	6	11	1	0	7	3	0	0	11	4	6	0	8	2	8	0	11	10	9	1	6	3	10	0	14	9	22	14	8	7	25	4	16	10	19	18	15	1	20	4	8	8	13	7	7	5	13	0	8	14	24	21	7	4	17	11	
7_A/Pheasant/Hong_Kong 7	4	13	8	11	8	11	7	6	11	1	0	5	3	0	0	9	4	8	0	9	2	6	0	11	11	8	1	9	2	11	1	14	9	23	13	8	7	25	4	16	10	19	18	15	1	20	3	7	8	13	7	8	5	13	0	9	14	24	21	8	4	16	10	
8_A/Hong_Kong/486/97 7	4	11	8	11	7	13	7	6	11	1	0	6	3	0	0	11	4	7	0	10	4	7	0	8	9	9	1	8	3	10	0	14	9	27	14	8	7	23	4	15	12	20	16	15	1	16	8	9	6	12	7	7	7	12	1	8	13	26	19	8	4	14	11	
9_A/Thailand/16/2004 8	4	12	8	11	9	12	7	8	9	1	0	7	3	0	0	9	4	7	0	8	2	7	0	10	10	9	1	6	3	11	0	15	8	22	14	8	6	24	5	17	12	19	19	14	1	20	4	7	7	13	7	10	3	13	0	9	13	24	16	8	4	16	15	
10_A/Hong_Kong/538/97 7	4	11	8	11	7	13	7	6	11	1	0	6	3	0	0	11	4	7	0	10	4	7	0	8	9	10	1	8	3	10	0	14	9	27	14	8	7	23	4	15	12	18	17	15	1	16	8	9	6	12	7	7	7	12	0	8	13	26	20	8	4	14	11	
11_A/chicken/Indonesia/ 8	5	12	8	9	8	12	7	8	11	1	0	5	2	0	0	9	4	7	0	9	2	7	0	12	10	9	1	6	3	11	0	15	8	24	13	8	6	24	5	18	10	20	20	15	1	18	4	8	7	13	7	7	5	12	0	8	15	25	16	7	4	15	15	
12_A/chicken/Korea/ES/0 7	4	12	8	11	8	12	7	8	11	1	0	5	3	0	0	10	3	7	0	8	3	7	0	10	11	9	1	7	3	11	0	14	9	22	13	8	6	23	7	18	10	20	19	13	1	17	5	6	7	13	7	9	4	12	1	8	16	26	17	9	3	14	14	
13_A/Hong_Kong/156/97 7	4	11	8	11	7	13	7	5	11	1	0	7	3	0	0	11	4	7	0	10	4	7	0	8	9	9	1	8	3	10	0	13	9	27	14	9	7	23	4	14	13	18	16	15	1	18	8	8	7	12	7	8	6	12	0	8	13	25	20	8	4	15	11	
14_A/whooper_swan/Mongo 10	4	11	8	8	7	12	7	8	12	1	0	4	3	0	0	11	3	7	0	9	2	7	0	10	11	9	1	7	3	11	0	14	9	23	12	8	6	25	5	18	11	18	20	13	1	17	6	6	8	13	7	9	2	14	0	8	15	25	18	9	4	15	14	
15_A/Vietnam/UT3062/200 8	4	12	8	11	9	12	7	8	9	1	0	7	3	0	0	9	4	8	0	8	2	6	0	10	10	10	1	6	3	10	0	15	8	22	14	8	6	24	5	17	12	19	18	14	1	19	6	7	7	13	7	9	4	13	0	9	13	24	17	8	4	16	14	
16_A/Anas_platyrhynchos 8	2	10	7	9	8	15	8	8	11	0	0	5	2	1	0	9	4	10	1	10	3	6	0	9	12	6	0	10	1	11	2	15	7	31	9	7	9	15	8	18	11	20	16	14	2	17	5	8	8	13	4	7	1	14	3	6	16	26	16	10	5	13	16	
17_A/Anas_platyrhynchos 8	2	10	7	9	8	15	8	8	11	0	0	5	2	1	0	9	4	9	1	10	3	6	0	9	12	6	0	10	1	11	2	16	6	33	8	7	9	13	9	17	12	20	16	15	2	17	5	8	8	14	5	8	2	13	2	5	16	26	17	10	5	13	14	
18_A/Anhui/1/2005|EPI_I 6	6	12	8	12	6	12	7	7	11	1	0	5	3	0	0	10	3	8	0	8	3	6	0	10	10	7	1	8	3	12	0	14	9	22	12	8	5	26	5	19	12	22	18	12	2	16	4	9	7	15	6	8	5	12	0	7	14	25	17	9	4	14	15	
19_A/Anhui/1/2006|EPI_I 6	6	12	8	12	6	12	7	8	11	1	0	4	3	0	0	10	3	8	0	8	3	6	0	10	10	7	1	9	3	11	0	14	9	21	13	8	6	26	5	19	11	22	18	13	2	16	4	8	7	14	7	8	5	13	0	8	13	25	18	9	4	14	13	
20_A/Anhui/2/2005|EPI_I 6	6	12	8	12	6	12	7	7	11	1	0	5	3	0	0	10	3	8	0	8	3	6	0	10	11	6	2	8	3	12	0	14	9	22	12	8	5	26	5	19	11	22	18	13	2	16	4	8	6	14	6	8	6	13	1	7	13	25	17	9	4	14	15	
21_A/Anser_cygnoides/Ch 7	4	11	7	10	8	13	8	10	9	1	0	4	3	0	0	12	4	9	1	7	5	7	0	9	9	10	1	9	2	7	1	13	8	28	10	8	7	18	6	18	13	22	17	15	2	14	6	9	9	14	5	8	2	13	1	4	15	24	15	12	2	15	17	
22_A/Anser_fabalis/Jiuj 7	2	10	7	10	8	15	8	8	11	0	0	5	2	1	0	9	4	9	1	10	3	6	0	9	12	6	0	10	1	11	2	16	7	33	8	7	9	13	9	17	11	20	16	15	2	17	5	8	8	14	5	8	2	13	2	5	16	26	17	10	5	13	14	
23_A/Bar-headed_Goose/Q 6	5	14	10	13	7	10	5	9	10	1	0	5	3	0	0	7	4	8	0	9	2	8	0	9	10	6	2	9	2	11	0	13	11	27	9	11	5	22	6	21	11	26	16	12	1	15	4	5	5	14	7	7	6	11	3	8	15	23	19	8	3	18	11	
24_A/Bar-headed_Goose/T 6	2	10	7	11	7	14	8	8	12	1	0	5	2	0	0	9	4	10	1	10	3	6	0	9	11	7	0	10	2	10	1	15	7	26	10	6	9	21	7	21	9	20	15	14	2	17	7	9	9	14	4	6	1	12	3	6	15	25	16	10	6	14	16	
25_A/Bar-headed_Goose/T 6	2	10	7	11	8	14	8	8	12	1	0	6	2	0	0	9	4	10	1	10	3	6	0	9	10	7	0	9	2	10	1	15	8	27	11	6	9	20	6	20	10	20	15	14	2	17	7	9	8	14	4	6	1	12	3	6	15	26	17	10	6	13	15	
26_A/Black_faced_Spoonb 6	2	10	7	11	8	15	8	8	11	0	0	5	2	1	10	9	4	10	1	10	3	6	0	9	12	6	0	10	1	11	2	15	7	31	10	7	9	15	7	19	10	20	17	14	2	17	4	8	8	15	4	8	1	12	3	5	16	26	17	10	5	13	15	
27_A/Black_Faced_Spoonb 6	3	9	7	11	6	15	8	8	11	1	0	7	2	0	0	9	4	11	1	11	4	5	0	10	10	7	0	6	3	10	1	15	8	27	10	5	9	20	6	21	10	20	14	14	2	17	9	9	8	15	4	6	1	12	3	6	16	24	16	10	5	14	16	
28_A/Black_Faced_Spoonb 6	2	11	7	11	8	15	8	8	11	0	0	5	2	1	0	9	4	10	1	10	3	6	0	9	12	6	0	10	1	11	2	15	7	31	10	7	9	15	7	20	11	20	16	13	1	17	5	8	8	13	4	8	1	13	3	5	16	26	17	10	5	13	15	
29_A/Black-necked_Grebe 6	5	14	10	13	7	10	5	9	10	1	0	5	3	0	0	8	4	8	0	9	2	8	0	8	10	7	2	9	2	11	0	12	12	27	9	12	5	22	7	20	10	24	16	12	1	16	4	5	5	13	7	7	5	13	2	9	16	23	18	7	3	17	13	
30_A/Black-necked_Grebe 6	5	14	10	13	7	10	5	9	10	1	0	5	3	0	0	8	4	8	0	9	2	8	0	8	10	7	2	9	2	11	0	12	12	27	9	12	5	22	7	20	10	24	16	12	1	16	4	5	5	13	7	7	5	13	2	9	16	23	18	7	3	17	13	
31_A/Black-necked_Grebe 6	5	14	10	13	7	10	5	9	10	1	0	5	3	0	0	8	4	8	0	9	2	8	0	8	10	7	2	9	2	11	0	12	12	27	9	12	5	22	7	20	10	24	16	12	1	16	4	5	5	13	7	7	5	13	2	9	16	23	18	8	3	17	12	
32_A/Black-necked_Grebe 6	5	14	10	13	7	10	5	9	10	1	0	5	3	0	0	8	4	8	0	9	2	8	0	8	10	7	2	9	2	11	0	12	12	27	9	12	5	22	7	20	10	24	16	12	1	16	4	5	5	13	7	7	5	13	2	9	16	23	18	8	3	17	12	
33_A/Black-necked_Grebe 6	5	14	10	13	7	10	5	9	10	1	0	5	3	0	0	8	4	8	0	9	2	8	0	8	10	7	2	9	2	11	0	12	12	27	9	12	5	22	7	20	10	24	16	12	1	16	4	5	5	13	7	7	5	13	2	9	16	23	18	8	3	17	12	
34_A/Black-necked_Grebe 6	5	14	10	13	7	10	5	9	10	1	0	5	3	0	0	8	4	8	0	9	2	8	0	8	10	7	2	9	2	11	0	12	12	27	9	12	5	22	7	20	10	24	16	12	1	16	4	5	5	13	7	7	5	13	2	9	16	23	18	8	3	17	12	
35_A/Black-necked_Grebe 6	5	14	10	13	7	10	5	9	10	1	0	5	3	0	0	8	4	8	0	9	2	8	0	8	10	7	2	9	2	11	0	12	12	27	9	12	5	22	7	20	10	24	16	12	1	16	4	5	5	13	7	7	5	13	2	9	16	23	18	8	3	17	12	
36_A/Black-necked_Grebe 6	5	14	10	13	7	10	5	9	10	1	0	5	3	0	0	8	4	8	0	9	2	8	0	8	10	7	2	9	2	11	0	12	12	27	9	12	5	22	7	20	10	24	16	12	1	16	4	5	5	13	7	7	5	13	2	9	16	23	18	8	3	17	12	
37_A/chicken/Anhui/S174 7	3	9	7	10	7	15	8	8	11	1	0	7	2	0	0	9	4	8	1	10	3	8	0	9	10	7	0	8	2	10	1	16	8	28	10	6	9	19	7	21	9	22	15	14	1	16	7	8	8	15	4	7	2	11	3	5	15	25	18	10	6	14	14	
38_A/chicken/China/Cang 7	3	10	7	10	6	15	8	8	12	0	0	5	2	1	0	8	4	10	1	11	3	6	0	9	12	6	0	10	1	11	2	15	7	33	9	7	9	13	8	18	11	19	16	14	2	18	5	8	8	14	4	8	1	13	3	5	16	26	16	10	5	13	16	
39_A/chicken/China/E93/ 7	4	13	6	12	9	11	9	8	11	1	0	6	3	0	0	9	3	8	0	8	4	8	0	10	8	10	1	9	2	8	0	11	12	28	13	11	6	25	2	18	9	26	13	13	1	14	6	9	7	12	5	3	6	11	3	11	11	21	21	11	3	18	10	
40_A/chicken/China/E96/ 8	4	13	6	10	8	11	9	9	11	1	0	6	3	0	0	9	3	8	0	8	4	8	0	9	8	10	1	9	2	8	0	12	12	29	13	11	6	24	2	18	9	26	14	12	1	14	5	9	7	12	5	4	7	11	3	11	11	21	21	11	3	17	11	
41_A/chicken/Gansu/5/20 7	7	13	5	11	5	11	10	8	12	0	1	7	2	0	0	9	3	8	0	8	4	8	0	10	8	10	1	8	2	8	0	11	12	31	13	11	6	23	2	18	9	27	16	13	1	13	3	10	7	11	4	4	7	11	4	12	11	22	21	9	3	18	9	
42_A/chicken/Gansu/6/20 7	4	13	6	11	8	11	9	8	11	0	1	6	3	0	0	9	3	8	0	8	4	8	0	10	8	10	1	9	2	8	0	11	12	27	13	11	6	25	2	18	9	27	13	13	1	14	7	9	7	12	5	4	8	11	3	12	10	22	21	9	3	17	10	
43_A/chicken/Guangxi/S2 7	4	13	10	12	7	11	5	8	9	1	0	6	3	0	0	7	4	7	0	10	2	8	0	8	11	7	0	8	3	10	1	13	9	25	10	9	6	22	7	21	10	24	18	13	1	14	6	5	7	17	7	8	3	12	0	11	16	23	17	9	3	17	14	
44_A/chicken/Hubei/2856 6	6	12	7	12	6	12	8	7	11	1	0	5	3	0	0	10	3	8	0	8	4	6	0	10	7	7	1	8	5	11	0	15	8	22	12	7	7	26	5	21	10	23	17	12	2	16	5	8	8	13	7	7	5	13	0	8	14	26	17	9	3	13	15	
45_A/chicken/Hunan/1793 6	6	12	8	12	6	12	7	8	11	1	0	5	3	0	0	9	3	9	0	8	3	5	0	9	10	7	1	9	3	12	0	14	10	23	12	8	5	24	4	19	11	23	18	15	2	16	3	9	7	15	5	8	5	13	1	6	13	26	17	8	4	13	16	
46_A/chicken/Hunan/3157 7	6	12	8	11	6	12	7	7	11	1	0	5	3	0	0	9	3	8	0	8	4	6	0	10	9	6	1	9	3	13	0	13	9	22	12	8	6	24	6	19	11	24	17	13	2	16	4	10	7	13	6	7	5	14	1	7	14	25	16	8	5	14	15	
47_A/chicken/Hunan/S100 6	5	12	10	13	7	12	5	8	12	1	0	8	2	0	0	6	4	6	0	11	2	9	0	8	11	4	2	8	1	14	0	11	10	32	9	12	6	21	5	20	11	25	16	13	1	15	4	5	6	11	6	9	5	13	2	6	14	25	20	9	4	15	10	
48_A/chicken/Jiangsu/03 5	5	15	10	14	7	10	5	10	9	1	0	6	4	0	0	9	3	8	0	8	3	8	0	9	9	7	1	5	3	11	0	13	8	24	11	10	6	24	4	18	11	21	18	14	3	18	5	5	5	15	5	9	5	11	3	12	14	22	19	7	3	17	12	
49_A/chicken/Jiangsu/92 7	6	13	10	12	7	11	5	8	10	1	0	6	2	0	0	7	4	8	0	10	2	8	0	8	10	7	2	9	2	11	0	14	10	28	8	10	6	21	7	21	11	24	16	12	1	14	6	4	6	13	7	8	5	14	2	7	15	22	18	9	3	18	12	
50_A/chicken/Jiangsu/24 6	5	13	10	13	7	11	5	8	10	1	0	5	3	0	0	7	4	8	0	10	2	8	0	9	10	6	2	9	2	12	0	12	10	27	10	11	7	21	6	21	11	22	16	12	1	17	5	5	6	13	7	8	4	14	2	7	15	23	19	9	3	17	11	
51_A/chicken/Jiangsu/k0 6	4	13	9	13	7	11	6	9	10	1	0	7	3	0	0	8	3	7	0	9	2	9	0	7	11	7	0	8	3	12	0	14	7	26	10	10	7	22	5	20	12	25	16	12	1	14	7	5	5	14	7	7	6	14	2	10	15	22	18	8	3	17	12	
52_A/chicken/Jiangsu/SE 6	5	13	10	13	7	11	5	8	10	0	1	5	3	0	0	7	4	8	0	10	2	8	0	8	9	6	2	10	3	11	0	12	10	28	9	11	6	21	7	21	11	25	15	12	1	15	6	5	6	13	7	8	5	14	1	6	15	22	19	10	3	18	11	
53_A/chicken/Jiangsu/YB 5	5	14	10	14	7	10	5	9	9	1	0	5	4	0	0	9	3	8	0	8	3	8	0	9	9	7	2	6	3	11	0	12	8	24	11	11	6	24	4	20	11	23	16	13	3	17	5	5	5	15	5	9	5	12	3	12	14	23	19	7	3	16	12	
54_A/chicken/Jiangxi/25 7	4	12	10	12	6	12	5	9	10	1	0	5	4	0	0	6	4	7	0	11	2	8	0	9	10	7	0	8	3	10	1	12	9	25	10	8	6	20	7	22	9	24	17	13	1	14	8	6	7	16	7	8	3	12	1	10	15	24	18	10	4	17	13	
55_A/chicken/Jiangxi/S4 7	3	9	7	10	7	15	8	8	11	1	0	7	2	0	0	9	4	8	1	10	3	8	0	9	10	8	0	8	2	10	1	16	8	28	10	6	9	19	7	21	9	21	15	14	1	16	7	8	8	15	4	7	2	11	3	5	15	26	18	10	6	13	14	
56_A/chicken/Jilin/04.1 6	5	13	10	13	7	11	5	8	11	1	0	5	3	0	0	7	4	9	0	9	3	8	0	11	8	6	2	8	3	11	0	12	11	28	9	11	5	22	6	21	11	24	15	12	1	16	5	5	6	13	7	8	5	13	3	7	14	23	19	9	3	17	10	
57_A/chicken/Jilin/04.1 6	5	13	10	13	7	11	5	8	11	1	0	5	3	0	0	7	4	9	0	9	3	8	0	11	8	6	2	8	3	11	0	12	11	28	9	11	5	22	6	21	11	24	15	12	1	16	5	5	6	13	7	8	5	13	3	7	14	23	19	9	3	17	10	
58_A/chicken/Jilin/04.1 6	5	13	10	13	7	11	5	8	11	1	0	5	3	0	0	7	4	9	0	9	3	8	0	11	8	6	2	8	3	11	0	12	11	28	9	11	5	22	6	21	11	24	15	12	1	16	5	5	6	13	7	8	5	13	3	7	14	23	19	9	3	17	10	
59_A/chicken/Jilin/04.1 6	5	13	10	13	7	11	5	8	11	1	0	5	3	0	0	7	4	9	0	9	3	8	0	11	8	6	2	8	3	11	0	12	11	28	9	11	5	22	6	21	11	24	15	12	1	16	5	5	6	13	7	8	5	13	3	7	14	23	19	9	3	17	10	
60_A/chicken/Jilin/04.2 6	5	13	10	13	7	11	5	8	10	1	0	5	3	0	0	7	4	9	0	9	3	8	0	11	8	6	2	8	3	11	0	12	11	28	9	11	5	22	6	21	11	24	15	12	1	16	5	5	6	13	7	8	5	13	3	7	15	22	19	9	3	18	10	
61_A/chicken/Jilin/S125 6	4	13	9	13	8	11	6	9	9	1	0	5	4	0	0	7	3	7	0	10	4	9	0	7	9	6	2	10	2	11	0	11	11	30	9	11	5	21	6	20	11	24	15	13	1	16	6	6	6	12	7	7	5	13	1	6	15	22	20	11	3	19	10	
62_A/chicken/Jilin/S127 6	4	13	9	13	8	11	6	9	9	1	0	5	4	0	0	7	3	7	0	10	4	9	0	7	9	6	2	10	2	11	0	10	11	30	9	11	5	21	6	20	11	24	15	13	1	16	6	7	6	12	7	7	5	13	1	7	15	22	20	10	3	19	10	
63_A/chicken/Liaoning/S 7	4	13	6	11	7	11	9	8	12	0	1	7	2	0	0	9	3	8	0	8	5	8	0	10	8	10	1	8	2	8	0	13	11	27	13	12	7	24	2	18	9	26	16	14	1	14	3	10	7	13	5	2	7	11	3	11	11	21	20	9	3	18	11	
64_A/chicken/Liaoning/S 6	4	13	9	14	9	11	6	9	9	1	0	5	4	0	0	7	3	7	0	9	4	9	0	7	9	6	2	10	2	11	0	11	11	28	10	11	5	23	5	20	11	24	15	13	1	16	6	5	6	13	7	9	4	13	1	5	15	21	20	11	3	18	11	
65_A/chicken/Ningxia/2/ 7	7	13	5	11	5	11	10	8	12	0	1	7	2	0	0	9	3	8	0	8	4	8	0	10	8	10	1	8	2	8	0	11	12	30	13	11	6	23	2	18	9	27	16	13	1	13	3	10	7	12	4	4	7	11	4	12	11	21	22	9	3	18	9	
66_A/chicken/Ningxia/22 7	7	13	5	11	5	11	10	8	12	0	1	7	2	0	0	9	3	8	0	8	4	8	0	10	8	10	1	8	2	8	0	11	12	30	13	11	6	23	2	18	9	27	16	12	1	13	3	10	7	12	4	4	7	11	4	12	11	21	22	10	3	18	9	
67_A/chicken/Shandong/1 5	5	15	10	14	7	10	5	9	9	1	0	6	4	0	0	9	3	8	0	8	3	8	0	9	9	7	1	5	3	11	0	13	8	25	11	9	6	24	4	20	11	21	18	13	3	17	5	5	5	15	5	10	5	11	3	12	14	21	19	7	3	18	12	
68_A/Chicken/Shandong/J 6	5	13	10	13	6	11	5	8	11	1	0	8	2	0	0	8	3	7	0	9	3	9	0	8	9	8	0	7	4	11	0	14	8	25	11	10	6	24	5	20	12	23	16	13	1	16	7	5	5	13	7	7	6	14	1	10	15	21	17	7	3	18	13	
69_A/Chicken/Shandong/J 7	4	13	6	11	7	10	9	8	12	0	1	7	3	0	0	9	3	9	0	8	5	7	0	9	7	10	1	8	2	8	0	11	14	28	14	11	6	26	2	20	9	26	16	14	1	15	3	10	5	12	4	4	7	11	3	10	11	22	20	8	3	17	11	
70_A/Chicken/Shandong/J 9	4	12	7	9	7	11	9	8	11	0	1	7	3	0	0	9	3	8	0	8	5	7	0	10	8	10	1	8	2	8	0	11	12	26	13	11	7	25	2	18	9	26	16	14	1	14	3	10	7	14	5	4	7	10	4	11	12	21	21	9	2	18	10	
71_A/Chicken/Shandong/J 8	5	13	6	9	6	11	9	8	12	0	1	7	2	0	0	8	3	8	0	9	5	8	0	11	8	10	1	8	2	8	0	12	12	29	13	11	6	24	2	18	9	25	16	14	1	15	3	10	7	12	5	3	7	11	3	11	11	22	20	9	3	17	11	
72_A/Chicken/Shandong/J 7	5	14	9	12	7	10	6	8	10	1	0	8	3	0	0	6	4	8	0	11	2	9	0	8	10	7	1	7	2	10	0	14	8	26	10	10	5	24	5	20	12	25	15	12	2	14	7	4	6	13	9	8	5	14	2	10	15	23	17	8	2	17	11	
73_A/chicken/Shanghai/S 6	5	13	9	13	7	11	6	8	10	1	0	5	3	0	0	7	4	7	0	10	2	9	0	9	11	7	2	9	1	10	0	10	10	29	8	11	6	19	7	21	11	23	16	12	1	18	5	7	6	13	8	8	5	14	1	8	15	22	20	8	3	18	10	
74_A/chicken/Shanghai/S 6	5	14	10	14	7	10	5	8	10	1	0	5	3	0	0	7	4	8	0	8	2	8	0	10	11	6	2	9	1	11	0	13	11	28	9	9	5	22	7	22	11	25	14	12	1	16	6	6	6	12	7	9	5	14	1	6	15	22	20	8	3	18	10	
75_A/chicken/Wuxi/WX-32 6	5	13	10	13	7	11	5	8	10	1	0	6	3	0	0	7	4	8	0	10	2	8	0	8	10	7	2	9	2	11	0	13	10	29	8	11	5	20	7	21	11	23	16	12	1	15	6	5	6	13	7	8	5	14	2	7	15	22	18	9	3	18	12	
76_A/chicken/Wuxi/WX-33 6	5	14	10	13	7	10	5	8	10	1	0	6	3	0	0	7	4	8	0	10	2	8	0	8	10	6	2	9	2	12	0	13	11	28	8	10	5	21	7	21	11	24	16	12	1	14	6	5	6	13	8	8	5	14	2	7	15	22	18	9	3	18	11	
77_A/chicken/Xinjiang/S 6	5	13	9	13	7	11	6	8	10	1	0	5	3	0	0	7	4	7	0	10	2	9	0	9	11	7	2	9	1	10	0	10	10	29	8	11	6	19	7	21	11	23	16	12	1	18	5	7	6	13	8	8	5	14	1	8	15	22	20	8	3	18	10	
78_A/chicken/Xinjiang/S 6	5	13	8	13	7	11	7	9	10	1	0	6	3	0	0	7	4	7	0	10	3	9	0	9	11	8	2	7	0	9	1	11	11	30	7	10	6	17	8	21	11	24	15	10	1	16	6	7	6	14	8	8	5	14	1	7	15	25	20	10	3	15	10	
79_A/chicken/Xinjiang/S 6	5	13	9	13	7	11	6	8	10	1	0	5	3	0	0	7	4	7	0	10	2	9	0	9	11	7	2	9	1	10	0	10	10	29	8	11	6	19	7	21	11	23	16	12	1	18	5	7	6	13	8	8	5	14	1	8	15	22	20	8	3	18	10	
80_A/chicken/Yunnan/1/2 8	4	11	7	10	9	13	8	12	9	1	0	4	3	0	0	11	4	9	1	7	5	7	0	7	9	10	1	9	2	7	1	12	9	29	10	8	6	19	6	18	12	21	17	15	2	15	6	10	9	14	5	7	2	12	1	4	15	24	15	12	2	15	18	
81_A/condor/Guangdong/1 8	5	12	8	11	8	12	7	9	9	1	0	6	3	0	0	9	4	7	0	8	2	7	0	10	10	9	1	6	3	11	0	14	9	23	12	8	6	24	6	17	10	20	18	14	1	17	6	7	8	13	7	8	4	13	0	9	15	26	17	8	4	14	15	
82_A/Curlew/Hong_Kong/A 6	2	9	6	11	7	15	9	7	11	1	0	6	2	0	0	10	4	11	1	10	4	5	0	10	10	6	0	8	3	11	1	15	8	27	10	6	9	20	6	20	10	21	15	14	2	16	8	9	8	15	5	6	1	12	2	6	15	25	15	10	6	13	17	
83_A/Cygnus_columbianus 6	2	9	7	11	8	15	8	9	11	0	0	4	2	1	0	9	4	11	1	10	3	5	0	8	12	6	0	10	1	11	2	15	7	30	10	7	9	16	7	19	10	21	16	14	2	16	5	9	9	14	4	7	1	13	3	5	16	25	16	10	5	14	16	
84_A/Cygnus_columbianus 6	2	10	7	11	8	14	8	8	11	0	0	5	2	1	0	9	4	10	1	10	3	6	0	8	11	6	0	10	2	11	2	14	7	32	10	8	9	15	7	18	10	20	16	14	2	16	5	8	9	13	4	8	1	14	3	6	16	26	16	10	5	13	16	
85_A/Cygnus_columbianus 6	2	9	7	11	8	15	8	9	11	0	0	4	2	1	0	9	4	11	1	10	3	5	0	8	12	6	0	10	1	11	2	15	7	30	10	7	9	16	7	19	10	21	16	14	2	16	5	9	9	14	4	7	1	13	3	5	16	25	16	10	5	14	16	
86_A/Cygnus_columbianus 6	2	9	7	11	8	15	8	9	11	0	0	5	2	1	0	9	4	11	1	10	3	5	0	8	12	6	0	9	1	11	2	15	7	30	10	6	10	16	7	19	10	21	16	14	2	16	5	9	9	14	4	7	1	13	3	5	16	25	16	10	5	14	16	
87_A/domestic_green-win 7	6	12	8	11	6	12	7	7	11	1	0	5	3	0	0	9	3	8	0	8	4	6	0	10	9	6	1	9	3	13	0	14	9	23	12	8	6	25	5	19	11	23	16	14	2	16	4	9	7	13	6	7	5	14	1	7	14	25	18	8	4	14	14	
88_A/duck/China/E26/201 6	5	14	9	13	7	11	6	8	10	1	0	9	4	0	0	7	4	8	0	10	3	9	0	8	9	7	1	6	1	10	1	15	8	25	10	8	5	25	5	21	11	25	16	12	2	13	6	4	5	13	8	8	6	13	2	9	15	23	17	10	2	17	12	
89_A/duck/China/E53/201 6	5	13	10	12	6	12	5	6	11	1	0	8	2	0	0	8	4	6	0	9	2	10	0	9	9	7	0	7	4	12	0	14	9	26	11	10	5	24	4	20	12	23	17	13	1	15	6	5	6	12	7	7	6	14	2	10	15	22	18	8	2	18	12	
90_A/duck/Eastern_China 6	6	11	7	12	5	13	8	10	11	1	0	4	4	0	0	9	3	8	1	9	4	7	0	9	10	9	1	7	2	11	0	14	8	26	10	9	8	21	6	19	11	22	19	13	3	15	5	8	7	14	7	6	4	12	0	7	13	26	17	10	4	12	14	
91_A/duck/Eastern_China 5	6	11	8	13	6	13	7	9	11	1	0	4	3	0	0	10	3	10	0	8	3	4	0	8	10	7	1	9	3	12	0	14	9	25	11	9	6	25	5	20	9	20	17	13	2	17	5	8	7	13	6	7	6	13	0	8	14	23	17	9	4	16	15	
92_A/duck/Fujian/S1233/ 6	5	13	9	12	7	11	6	8	11	1	0	5	3	0	0	7	4	8	0	10	2	8	0	9	12	6	2	9	1	11	0	12	11	27	8	11	5	20	7	21	10	23	16	12	1	18	5	6	6	13	8	8	5	14	1	8	15	22	21	8	3	18	9	
93_A/duck/Fujian/S1273/ 6	5	13	9	13	7	11	6	8	10	1	0	5	3	0	0	7	4	8	0	10	2	8	0	9	12	6	2	9	1	11	0	11	11	28	8	11	5	20	7	21	10	23	16	12	1	18	5	6	6	13	8	8	5	14	1	8	15	22	21	8	3	18	9	
94_A/Duck/Fujian/S4146/ 7	4	13	10	12	6	11	5	9	10	1	0	5	4	0	0	6	4	7	0	11	2	8	0	9	10	8	0	8	3	9	1	11	9	25	10	9	6	20	7	22	9	25	18	13	1	14	7	6	7	16	7	8	3	13	0	11	16	23	18	9	3	17	13	
95_A/duck/Guangdong/S45 6	2	9	6	11	8	15	9	8	11	1	0	6	2	0	0	10	4	11	1	10	3	5	0	9	10	7	0	8	3	10	1	15	8	27	10	6	9	20	6	20	10	19	15	14	2	18	7	9	8	16	4	5	1	11	3	6	15	26	16	11	6	13	16	
96_A/duck/Guangdong/S45 6	2	9	6	11	8	15	9	8	11	1	0	6	2	0	0	10	4	11	1	10	3	5	0	9	10	7	0	8	3	10	1	15	8	27	10	6	9	20	6	20	10	19	15	14	2	18	7	9	8	16	4	5	1	11	3	6	15	25	16	11	6	14	16	
97_A/duck/Guizhou/S1321 7	2	10	6	10	8	14	9	9	11	1	0	4	2	0	0	9	4	10	1	10	3	6	0	10	12	7	0	9	1	10	1	13	7	25	10	7	9	21	7	21	9	21	15	14	2	16	7	10	9	14	3	7	1	13	4	6	14	25	15	10	6	14	17	
98_A/duck/Guizhou/S1711 7	2	10	7	10	8	15	8	8	11	0	0	6	2	1	0	8	4	10	1	11	3	6	0	9	12	6	0	9	1	11	2	15	8	31	8	7	8	14	9	18	11	21	16	14	2	17	5	8	8	12	4	6	1	15	3	7	16	28	16	10	5	11	16	
99_A/duck/Hubei/03.06__ 7	5	13	10	12	7	11	5	9	10	1	0	6	3	0	0	9	3	9	0	8	3	7	0	9	9	7	1	6	3	10	0	13	8	25	11	10	6	24	4	20	10	23	17	13	3	18	6	5	6	14	6	8	5	12	3	12	14	24	18	7	3	15	12	
100_A/duck/Hubei/46/2009 7	4	12	8	11	8	12	7	6	11	1	0	6	3	0	0	10	4	7	0	8	2	6	1	11	10	9	1	8	3	10	0	14	10	22	14	8	6	24	5	17	11	21	18	14	1	17	6	6	7	13	7	9	4	13	0	9	14	24	20	8	4	16	11	
101_A/duck/Hubei/2911/20 6	6	13	8	13	6	10	7	6	11	1	0	5	3	0	0	9	3	7	0	8	4	6	0	11	9	6	1	9	3	13	0	14	9	24	12	8	6	25	5	19	10	22	18	13	2	16	4	8	7	13	6	8	5	15	1	7	15	24	17	9	4	13	15	
102_A/duck/Hubei/S4465/2 7	3	9	7	10	7	15	8	8	11	1	0	7	2	0	0	9	4	8	1	10	3	8	0	9	10	8	0	8	2	10	1	16	8	28	10	6	9	19	7	21	9	21	14	14	1	16	8	8	8	15	4	7	2	11	3	6	15	26	19	9	6	13	13	
103_A/duck/Hubei/SE128/2 7	3	9	7	10	7	15	8	8	11	1	0	7	2	0	0	9	4	8	1	10	3	8	0	9	10	8	0	8	2	10	1	16	8	28	10	6	9	19	7	21	9	21	15	14	1	16	7	8	8	14	5	7	2	11	3	5	15	26	18	10	6	13	14	
104_A/duck/Hubei/SE220/2 7	2	9	7	10	8	15	8	8	11	1	0	6	2	0	0	10	4	11	1	10	3	5	0	9	9	7	0	8	4	10	1	15	8	30	9	6	9	18	7	20	10	19	15	14	2	18	7	9	8	15	4	5	1	11	3	6	15	26	16	11	6	13	16	
105_A/duck/Hubei/xn/2007 7	5	12	10	12	6	12	5	8	11	1	0	6	3	0	0	8	4	7	0	9	2	8	0	8	10	8	0	8	3	11	0	13	9	24	10	9	6	25	6	19	11	24	17	14	1	12	8	5	5	14	7	8	6	14	0	11	14	23	20	8	3	17	11	
106_A/duck/Hunan/03.07_Y 6	5	12	10	13	7	12	5	8	11	1	0	8	2	0	0	6	4	6	0	11	2	9	0	8	11	5	2	8	1	14	0	11	10	30	9	12	6	21	5	21	12	24	16	12	1	14	5	5	6	13	6	9	5	13	2	6	14	25	20	9	4	15	10	
107_A/duck/Hunan/12.07__ 6	5	12	10	13	6	12	5	8	10	1	0	6	3	0	0	7	4	7	0	10	2	9	0	8	11	6	2	9	2	12	0	12	10	28	10	11	6	21	6	21	11	23	16	12	1	16	6	6	7	13	7	8	5	14	1	6	15	24	17	9	2	15	13	
108_A/duck/Hunan/12.07__ 5	6	12	10	14	7	12	5	8	10	1	0	5	2	0	0	6	4	7	0	10	2	9	0	8	10	7	2	9	2	11	0	14	10	28	9	10	6	20	6	21	10	22	16	12	2	16	7	4	6	13	7	8	5	14	2	7	15	22	18	11	3	18	12	
109_A/duck/Hunan/12.07_Y 5	6	12	10	14	7	12	5	8	10	1	0	5	2	0	0	6	4	7	0	9	2	9	0	9	10	7	2	9	2	11	0	14	10	28	9	10	6	20	6	21	10	22	16	12	2	16	7	4	6	13	7	8	5	14	2	7	15	22	18	11	3	18	12	
110_A/duck/Hunan/12.07_Y 6	5	12	10	13	7	12	5	8	10	1	0	6	3	0	0	7	4	7	0	10	2	9	0	8	10	6	2	9	2	12	0	12	12	27	10	11	4	23	5	21	12	22	16	12	1	16	6	6	6	13	7	8	5	13	2	7	14	24	18	8	3	16	12	
111_A/duck/Hunan/316/200 6	6	12	8	12	6	12	7	8	11	1	0	4	3	0	0	9	3	8	0	9	3	6	0	10	10	7	1	8	3	12	0	14	9	24	12	8	6	25	5	19	9	23	17	13	3	16	4	8	7	13	7	7	5	13	0	7	15	25	18	10	4	14	13	
112_A/duck/Hunan/689/200 6	7	12	8	12	5	12	7	7	11	1	0	5	3	0	0	9	3	8	0	8	4	6	0	10	9	6	1	9	3	13	0	14	9	22	12	8	6	26	5	19	11	23	17	13	2	16	4	8	7	13	6	8	5	14	1	7	15	25	17	9	3	14	14	
113_A/duck/Hunan/3315/20 6	7	11	8	12	5	13	7	8	10	1	0	5	4	0	0	9	3	9	0	8	3	5	0	9	9	7	1	9	4	12	0	14	10	22	12	8	5	24	6	19	11	23	18	14	2	16	4	9	8	15	5	9	5	11	0	6	13	24	17	8	4	15	16	
114_A/duck/Hunan/S4020/2 6	4	13	9	13	7	11	6	8	10	1	0	6	3	0	0	7	4	9	0	9	2	7	0	8	10	7	0	9	3	12	0	15	8	25	10	8	6	24	6	20	11	25	15	13	1	14	7	5	5	13	7	8	6	14	0	11	15	23	19	8	3	17	12	
115_A/duck/Hunan/S4030/2 6	4	13	9	13	7	11	6	6	10	1	0	8	3	0	0	8	4	7	0	9	2	9	0	9	11	7	0	7	2	12	0	16	7	26	11	9	5	23	4	21	11	25	14	13	2	15	7	5	5	12	7	7	6	15	2	11	16	23	19	7	2	17	11	
116_A/duck/Hunan/S4150/2 6	5	13	10	13	7	11	5	8	10	1	0	7	3	0	0	8	2	9	0	9	4	7	0	9	9	6	2	7	3	12	0	13	7	27	11	10	6	22	4	20	12	23	17	12	2	14	6	6	5	13	7	7	6	14	2	8	15	23	18	10	3	17	12	
117_A/duck/Hunan/S4220/2 7	5	12	9	12	6	12	6	8	10	1	0	6	3	0	0	7	3	8	1	11	3	7	0	8	10	5	1	8	3	11	0	15	8	23	10	7	7	24	6	22	8	24	19	13	3	13	6	5	7	14	7	8	3	15	0	11	15	23	18	8	3	17	13	
118_A/duck/Jiangsu/S4439 6	5	14	10	14	7	10	5	8	10	1	0	5	3	0	0	7	4	8	0	8	2	8	0	9	11	6	2	9	1	11	0	12	11	28	9	11	5	22	7	22	11	25	15	12	1	16	5	6	6	12	7	8	5	14	2	5	15	21	20	9	3	19	10	
119_A/duck/Jiangsu/SE112 6	5	14	10	14	7	10	5	8	10	1	0	5	3	0	0	7	4	8	0	9	2	8	0	9	11	6	2	9	1	11	0	12	11	28	9	11	5	21	7	21	11	25	15	12	1	16	5	6	6	13	7	9	5	14	1	5	15	22	20	9	3	18	10	
120_A/duck/Jiangxi/34/20 7	4	12	10	12	6	12	4	9	10	1	0	5	4	0	0	6	4	7	0	12	2	8	0	9	10	7	0	9	3	10	1	11	9	25	10	8	6	20	7	22	9	24	17	13	1	14	8	6	7	16	7	8	3	12	1	10	15	24	18	10	4	17	13	
121_A/duck/Jiangxi/35/20 7	4	12	10	12	6	12	5	9	10	1	0	5	4	0	0	6	4	7	0	11	2	8	0	9	10	7	0	8	3	10	1	12	9	25	10	8	6	20	7	22	9	24	17	13	1	14	8	6	7	16	7	8	3	12	1	10	15	24	18	10	4	17	13	
122_A/duck/Jiangxi/44/20 7	4	12	10	12	6	12	5	9	10	1	0	5	4	0	0	7	4	7	0	10	2	8	0	9	10	7	0	8	3	10	1	12	9	25	10	8	6	20	7	22	9	24	17	13	1	14	8	6	7	16	7	8	3	12	1	10	15	24	18	10	4	17	13	
123_A/duck/Jiangxi/120/2 7	4	13	7	12	8	12	8	8	10	1	0	5	3	0	0	8	3	6	0	9	5	8	0	12	7	7	1	7	5	10	1	16	10	23	11	5	5	26	5	19	11	24	17	14	1	13	6	6	7	16	8	9	3	14	0	9	15	23	16	7	3	16	14	
124_A/duck/Jiangxi/130/2 6	5	13	10	13	7	11	5	8	10	1	0	7	3	0	0	8	3	9	0	9	3	7	0	9	9	6	1	7	3	12	0	13	8	26	11	10	6	23	4	21	12	23	18	12	1	15	6	5	5	14	7	8	6	13	2	8	15	24	18	9	3	16	12	
125_A/duck/Jiangxi/S4083 7	3	9	7	10	7	15	8	8	11	1	0	7	2	0	0	9	4	8	1	10	3	8	0	9	10	8	0	8	2	10	1	16	8	28	10	6	9	19	7	21	9	21	15	14	1	16	7	8	8	15	4	7	2	11	3	5	15	26	18	10	6	13	14	
126_A/duck/Jilin/04.04_S 7	5	13	10	12	7	11	5	8	10	1	0	5	3	0	0	7	4	8	0	9	3	8	0	11	8	6	2	8	3	12	0	12	11	28	9	11	5	22	7	21	11	23	15	12	1	16	6	5	7	14	7	8	4	12	1	7	15	23	20	9	3	17	10	
127_A/duck/Jilin/JL-SIV/ 7	7	12	8	12	6	12	7	6	12	1	0	5	2	0	0	11	3	12	0	8	3	6	0	11	10	8	2	8	3	8	0	14	13	23	10	9	6	24	5	20	9	22	14	14	3	15	4	8	7	13	7	8	5	13	0	6	15	25	17	9	2	15	13	
128_A/duck/Jilin/S1261/2 6	4	13	9	13	8	11	6	9	9	1	0	5	4	0	0	7	3	7	0	10	4	9	0	7	9	6	2	10	2	11	0	11	11	30	9	11	5	21	6	20	11	23	15	13	1	16	6	6	6	12	7	7	5	13	1	6	15	23	20	11	3	19	10	
129_A/duck/Jilin/S4171/2 7	4	13	9	13	9	11	6	9	9	1	0	5	4	0	0	7	3	7	0	9	4	9	0	7	9	6	2	10	2	11	0	11	11	28	10	11	5	23	5	20	11	23	15	13	1	17	6	5	6	13	7	9	4	13	1	5	15	20	20	11	3	19	11	
130_A/duck/Nanchang/9789 6	4	11	9	12	6	13	6	9	10	1	0	5	4	0	0	8	4	8	1	10	2	7	0	11	10	7	1	6	3	10	0	12	9	25	10	8	6	22	7	23	9	23	18	13	3	13	7	6	8	17	6	8	2	11	2	10	15	23	18	9	3	17	12	
131_A/duck/Shandong/009/ 6	6	12	8	14	6	12	7	8	12	1	0	5	1	0	0	8	3	9	0	8	3	6	0	8	10	7	1	9	3	12	0	15	9	25	12	8	6	23	5	20	10	20	18	13	2	17	4	7	7	13	6	8	6	13	0	7	15	26	17	9	3	14	15	
132_A/Duck/Shandong/Y01/ 6	5	13	10	13	7	11	5	8	10	1	0	7	3	0	0	8	4	7	0	9	2	9	0	8	9	7	1	8	3	11	0	14	8	26	10	10	5	24	5	19	12	24	16	12	2	14	7	5	5	14	8	7	6	13	2	9	15	23	18	10	2	17	11	
133_A/Duck/Shandong/Y02/ 6	5	13	9	13	7	11	6	8	10	1	0	8	3	0	0	7	4	8	0	10	2	9	0	8	10	7	1	7	2	10	0	14	8	25	10	10	5	25	5	20	12	25	16	12	2	13	7	5	5	14	8	7	6	13	2	9	15	23	17	9	2	17	12	
134_A/duck/Sichuan/NCXN1 7	4	11	7	10	8	13	8	11	9	1	0	3	3	0	0	11	4	9	1	8	5	8	0	8	9	9	1	9	2	8	1	13	11	30	9	9	6	19	6	19	12	22	17	15	2	14	6	7	8	14	5	7	2	11	0	5	15	24	15	11	3	15	18	
135_A/duck/Sichuan/NCXN1 7	4	11	7	10	8	13	8	11	9	1	0	3	3	0	0	11	4	8	1	8	5	8	0	9	9	9	1	9	2	8	1	13	11	29	9	9	6	19	6	19	12	22	17	15	2	14	6	7	8	14	5	7	2	12	1	5	15	24	16	11	3	15	16	
136_A/duck/Xinjiang/S106 6	5	13	9	13	7	11	6	8	10	1	0	5	3	0	0	7	4	7	0	10	2	9	0	9	11	7	2	9	1	10	0	10	10	29	8	11	6	19	7	21	11	23	16	12	1	18	5	7	6	13	7	8	5	14	1	8	15	22	20	8	3	18	11	
137_A/duck/Xinjiang/S112 6	5	13	8	13	7	11	7	8	10	1	0	6	3	0	0	7	4	7	0	10	2	9	0	9	11	8	2	8	1	9	0	11	11	29	7	10	6	19	8	21	11	23	15	10	1	18	6	7	6	13	8	8	5	14	1	7	15	23	20	10	3	17	10	
138_A/duck/Zhejiang/1220 5	5	14	10	14	7	10	5	8	9	1	0	6	4	0	0	9	3	8	0	8	3	8	0	9	9	7	1	6	3	11	0	13	8	24	11	10	6	24	4	20	11	23	17	13	3	17	5	5	5	15	5	9	5	12	3	12	14	22	20	7	3	17	11	
139_A/duck/Zhejiang/S409 6	5	13	10	13	7	11	5	8	10	1	0	5	3	0	0	7	4	7	0	10	2	9	0	8	9	7	2	10	3	11	0	13	10	28	9	11	6	21	7	20	10	23	16	13	1	16	5	5	6	13	7	8	5	14	1	7	15	21	19	9	3	19	11	
140_A/equine/China/61/20 6	6	12	7	12	6	12	8	8	11	1	0	4	3	0	0	10	3	8	0	8	3	6	0	10	9	8	1	8	3	12	0	14	8	22	12	8	7	26	5	20	11	22	18	13	2	16	4	8	7	15	7	8	5	12	0	6	14	25	17	9	4	14	14	
141_A/equine/China/67/20 6	6	12	7	12	6	12	8	8	11	1	0	4	3	0	0	10	3	8	0	8	3	6	0	10	10	7	1	8	3	12	0	14	8	22	12	8	7	26	5	20	11	22	18	13	2	16	4	8	7	15	7	8	5	11	1	6	14	25	17	9	4	14	14	
142_A/equine/China/68/20 6	6	12	7	12	6	12	8	8	11	1	0	4	3	0	0	10	3	8	0	8	3	6	0	10	10	7	1	8	3	12	0	14	9	22	12	8	6	26	5	20	11	22	18	13	2	16	4	8	7	15	7	8	5	12	0	6	14	25	17	9	4	14	14	
143_A/Eurasian_Teal/Hong 6	2	9	7	11	8	15	8	8	11	0	0	5	2	1	0	9	4	10	1	10	3	6	0	9	12	6	0	10	1	11	2	16	6	29	10	7	10	18	7	19	10	21	15	14	2	16	6	8	9	14	4	7	2	12	3	5	15	26	15	10	5	13	17	
144_A/Eurasian_Teal/Hong 6	2	10	7	11	8	14	8	7	11	0	0	6	2	1	0	9	4	10	1	10	3	6	0	9	12	6	0	10	1	11	2	16	6	29	10	7	10	18	7	19	10	21	15	14	2	17	5	8	9	14	4	7	2	12	3	5	16	26	16	10	4	13	16	
145_A/Eurasian_Wigeon/Ho 6	2	9	7	11	8	15	8	7	11	0	0	6	2	1	0	9	4	10	1	10	3	6	0	9	12	6	0	10	1	11	2	16	6	29	10	7	10	18	7	19	10	21	15	14	2	16	6	8	9	14	4	7	2	12	3	5	16	26	16	10	4	13	16	
146_A/Eurasian_Wigeon/Ho 6	2	9	7	11	8	15	8	7	11	0	0	6	2	1	0	9	4	10	1	10	3	6	0	9	12	6	0	10	1	11	2	16	6	29	10	7	10	18	7	19	10	21	15	14	2	16	6	8	9	14	4	7	2	12	3	5	16	26	16	10	4	13	16	
147_A/Falco_peregrinus/B 7	2	10	7	10	8	15	8	8	11	0	0	5	2	1	0	9	4	10	1	10	3	6	0	9	12	6	0	10	1	11	2	15	7	32	9	7	9	14	8	18	11	20	16	14	2	17	5	8	8	14	4	8	1	13	2	5	16	26	16	10	5	13	17	
148_A/Fujian/1/2005|EPI_ 8	6	12	8	11	6	12	7	8	11	1	0	4	3	0	0	8	3	8	0	9	2	6	0	10	12	7	1	8	2	12	0	14	9	22	12	8	6	26	5	20	11	22	18	12	2	16	4	8	7	14	7	7	5	13	0	7	14	25	17	10	4	14	14	
149_A/Fujian/1/2007|EPI_ 6	5	12	7	12	7	12	8	8	10	1	0	5	3	0	0	10	3	8	0	8	3	6	0	10	11	7	1	8	2	12	0	14	10	22	12	8	5	25	5	19	10	22	18	14	2	16	4	8	7	16	7	8	5	12	0	7	15	23	18	9	3	15	14	
150_A/Gallinago_Stenura/ 6	2	9	7	11	8	15	8	7	11	0	0	6	2	1	0	9	4	10	1	10	3	6	0	9	12	6	0	10	1	11	2	16	6	29	10	7	10	18	7	19	10	22	15	14	2	15	6	8	9	14	4	7	2	12	3	5	16	26	16	10	4	13	16	
151_A/goose/China/E43/20 7	5	14	10	12	6	10	5	9	10	1	0	4	4	0	0	6	3	7	0	10	2	8	0	10	9	8	0	9	4	9	1	12	9	26	11	8	7	21	7	21	8	20	21	13	2	14	7	6	7	15	6	8	2	14	2	11	16	21	17	9	3	19	13	
152_A/goose/Guangdong/SH 7	4	11	7	10	8	13	8	10	9	1	0	4	3	0	0	11	4	8	1	8	5	8	0	9	9	9	1	9	2	8	1	12	9	28	10	9	7	19	6	18	12	22	17	15	2	14	6	9	8	14	5	7	2	12	1	5	15	23	16	12	3	16	16	
153_A/goose/Guizhou/S154 7	2	10	6	10	8	14	9	9	12	1	0	4	2	0	0	9	4	10	1	10	3	6	0	10	11	7	0	9	1	10	1	14	7	25	10	7	9	21	7	20	9	21	15	14	2	16	7	10	9	14	3	7	1	13	4	6	14	25	15	10	6	14	17	
154_A/goose/Hunan/SE284/ 7	2	11	7	10	7	14	8	8	12	0	0	5	2	1	0	9	4	10	1	10	3	6	0	9	12	6	0	10	1	11	2	15	7	31	10	7	9	15	7	19	10	20	16	14	2	17	5	8	9	13	4	8	1	13	3	5	16	26	16	10	5	13	16	
155_A/goose/Inner_Mongol 6	5	13	10	13	7	11	5	8	10	1	0	6	3	0	0	7	4	9	0	10	2	8	0	8	10	6	2	9	2	11	0	12	11	28	8	11	5	20	8	21	11	23	16	12	1	15	6	5	6	13	7	8	5	14	2	7	14	22	18	9	4	18	12	
156_A/goose/Jiangsu/k040 6	5	13	10	14	5	11	5	9	9	1	0	7	3	0	0	8	3	7	0	9	3	9	0	7	11	7	0	8	3	12	0	14	9	24	10	10	6	23	5	21	11	24	16	12	1	14	7	5	5	14	7	7	6	14	2	10	15	23	18	8	3	17	12	
157_A/goose/Jilin/S4034/ 6	4	13	9	13	8	11	6	9	9	1	0	5	4	0	0	7	3	6	1	10	4	9	0	7	9	6	2	10	2	11	0	11	11	29	9	12	5	22	6	20	11	24	14	13	1	16	7	6	6	13	7	7	5	13	1	5	15	22	20	11	3	18	10	
158_A/goose/Shandong/03. 6	5	13	10	13	7	11	5	8	10	1	0	5	3	0	0	7	4	9	0	10	2	7	0	9	10	7	2	9	2	11	0	12	11	26	9	11	5	23	6	21	11	23	16	12	1	16	5	5	6	13	7	8	5	14	2	7	15	23	21	9	3	17	9	
159_A/goose/Shandong/GS/ 6	5	12	10	13	7	12	5	8	10	1	0	6	3	0	0	7	4	8	0	10	2	8	0	8	10	6	2	9	2	12	0	12	10	26	9	11	6	21	7	21	11	24	16	12	1	15	6	5	6	13	7	8	5	14	2	7	15	23	20	9	3	17	10	
160_A/goose/Zhejiang/112 6	6	13	10	13	6	11	5	8	10	1	0	5	3	0	0	8	4	8	0	8	3	8	0	11	8	6	2	8	3	12	0	12	11	28	9	11	5	22	6	21	11	23	16	12	1	16	5	5	6	13	7	8	6	13	3	7	14	23	19	9	3	17	10	
161_A/goose/Zhejiang/727 5	5	13	10	14	7	11	5	8	10	1	0	6	3	0	0	7	4	9	0	10	2	7	0	8	10	7	2	9	2	11	0	12	10	27	8	11	6	21	8	21	11	24	17	12	1	14	6	6	6	14	7	7	5	14	1	7	15	22	18	9	3	18	11	
162_A/Great_black-headed 6	5	14	10	13	6	10	5	9	10	1	0	5	3	0	0	7	4	8	0	10	2	8	0	9	10	6	2	9	2	11	0	13	11	27	9	11	5	23	6	21	11	25	16	12	1	15	4	5	5	14	7	7	6	11	3	8	15	23	19	8	3	18	11	
163_A/Great_black-headed 6	5	14	10	13	7	10	5	9	10	1	0	5	2	0	0	7	4	8	0	9	2	8	0	9	10	6	2	9	2	11	0	14	11	28	9	11	5	21	6	21	11	26	16	12	1	15	4	4	5	14	7	7	6	11	3	8	15	23	19	8	4	18	11	
164_A/Great_Cormorant/Hu 5	5	14	10	14	7	10	5	9	9	1	0	5	4	0	0	9	3	8	0	8	3	8	0	9	9	7	2	6	3	11	0	13	8	24	11	10	6	24	4	20	11	22	16	13	3	18	5	5	5	14	6	9	5	12	3	12	14	23	19	7	3	16	12	
165_A/Great_Cormorant/Hu 5	5	14	10	14	7	10	5	9	9	1	0	5	4	0	0	9	3	8	0	8	3	8	0	9	9	7	2	6	3	11	0	13	8	24	11	10	6	24	4	20	11	22	16	13	3	18	5	5	5	15	5	9	5	12	3	12	14	23	19	7	3	16	12	
166_A/Great_Cormorant/Hu 5	5	14	10	14	7	10	5	9	9	1	0	5	3	0	0	9	3	8	0	8	3	8	0	9	9	7	1	6	4	11	0	13	8	24	11	10	6	24	4	20	11	23	17	13	3	17	5	5	5	15	5	9	5	12	3	12	14	23	20	7	3	16	11	
167_A/Great_Cormorant/Hu 5	5	14	10	14	7	10	5	9	9	1	0	5	4	0	0	9	3	8	0	8	3	8	0	9	9	7	1	6	3	11	0	13	8	24	11	10	6	24	4	20	11	23	17	13	3	17	5	5	5	15	5	9	5	12	3	12	14	23	20	7	3	16	11	
168_A/Great_Cormorant/Hu 6	5	14	10	13	7	10	5	9	9	1	0	6	4	0	0	9	3	8	0	8	3	8	0	9	9	7	1	5	3	11	0	13	8	25	11	10	6	24	4	20	11	23	17	13	3	16	5	5	5	15	5	9	5	12	3	12	14	23	20	7	3	16	11	
169_A/Guangdong/1/2006|E 6	6	12	8	12	5	12	7	8	11	1	0	4	3	0	0	10	3	8	0	8	4	6	0	10	10	7	1	9	3	11	0	14	8	23	12	8	6	26	5	19	11	22	18	13	2	16	4	8	8	13	7	8	5	13	0	7	14	25	17	9	4	14	14	
170_A/Guangdong/1/2008|E 6	6	12	8	12	5	12	7	4	11	1	0	6	3	0	0	10	3	9	0	8	4	5	0	11	9	7	2	9	3	12	0	13	9	22	12	9	6	27	5	20	11	22	16	13	2	15	5	8	6	13	6	8	7	13	0	7	15	25	18	9	2	15	14	
171_A/Guangdong/2/2006|E 7	6	12	7	12	6	12	8	8	11	1	0	4	3	0	0	10	3	8	0	8	3	6	0	9	10	7	1	9	3	12	0	14	8	22	12	8	7	26	5	20	11	22	18	12	2	16	4	8	7	15	7	8	5	12	0	6	14	25	17	9	4	14	14	
172_A/Guangxi/1/2005|EPI 6	6	12	7	12	6	12	8	8	11	1	0	4	3	0	0	10	3	8	0	8	3	6	0	10	10	7	1	8	3	12	0	14	9	21	12	8	6	27	5	19	11	22	18	13	2	16	4	8	7	15	7	8	5	12	0	7	14	25	16	8	4	14	16	
173_A/Guangxi/1/2005|EPI 6	6	12	7	12	6	12	8	8	11	1	0	4	3	0	0	10	3	8	0	8	3	6	0	10	10	7	1	8	3	12	0	14	9	21	12	8	6	27	5	19	11	22	18	13	2	16	4	8	7	15	7	8	5	12	0	7	14	25	16	8	4	14	16	
174_A/Guangxi/1/2008|EPI 8	5	12	8	12	6	11	7	10	12	1	0	2	3	0	0	8	4	8	0	8	3	6	0	9	10	7	1	9	3	12	0	13	8	22	11	10	6	26	5	19	11	23	16	13	3	16	5	8	8	17	7	7	4	11	1	7	15	19	16	9	3	20	14	
175_A/Guizhou/1/2009|EPI 7	8	13	7	11	5	11	8	7	11	1	0	6	3	0	0	9	3	7	0	8	3	7	0	10	10	7	1	8	2	12	0	14	8	23	13	8	7	24	5	18	10	21	17	13	2	16	6	9	7	14	6	8	5	13	0	9	13	26	17	9	4	13	15	
176_A/hill_myna/Heilongj 7	5	13	10	12	6	11	5	7	10	1	0	7	3	0	0	7	4	7	0	10	3	9	0	8	10	6	2	9	2	12	0	11	10	29	10	11	6	20	5	22	11	23	16	12	1	15	6	5	6	13	7	8	5	14	2	7	15	24	18	9	3	16	12	
177_A/Hong_Kong/5923/201 7	4	11	9	12	6	13	6	9	10	1	0	5	4	0	0	8	4	8	1	10	2	7	0	10	10	6	1	6	3	10	0	12	9	24	10	8	7	21	7	23	8	24	18	12	3	13	7	5	7	17	7	9	2	13	1	11	16	24	18	9	3	16	12	
178_A/Hunan/1/2006|EPI_I 6	6	12	7	12	6	12	8	8	11	1	0	4	3	0	0	11	2	8	0	7	4	6	0	10	9	7	1	8	4	12	0	14	9	22	12	8	6	26	5	19	11	22	17	13	2	16	4	8	7	15	7	7	5	12	0	8	14	25	18	9	4	14	14	
179_A/Hunan/1/2008|EPI_I 7	7	11	8	12	4	13	7	8	12	1	0	5	3	0	0	8	3	10	0	8	3	4	0	8	9	7	1	9	4	12	0	14	10	23	12	8	5	25	5	19	12	23	16	14	2	16	5	9	7	17	5	8	5	10	0	7	14	25	17	7	3	15	16	
180_A/Hunan/2/2009|EPI_I 7	8	13	6	11	5	11	9	7	11	1	0	6	3	0	0	9	3	7	0	8	3	7	0	10	9	7	1	8	3	12	0	14	8	23	13	8	7	25	5	18	11	21	17	13	2	16	6	9	7	14	6	8	5	12	0	9	12	27	16	8	5	12	16	
181_A/Japanese_white-eye 7	5	13	10	12	6	11	5	7	10	1	0	6	3	0	0	7	4	7	0	10	3	9	0	9	10	6	2	9	2	12	0	11	10	29	10	10	6	20	5	22	11	23	16	12	1	15	6	5	6	13	7	9	5	14	2	7	15	24	18	9	3	16	12	
182_A/Jiangsu/1/2007|EPI 6	6	12	8	12	6	12	7	5	11	1	0	6	3	0	0	10	3	9	0	8	3	5	0	11	10	7	2	8	3	12	0	13	9	22	12	9	6	27	5	19	10	22	17	14	2	14	5	8	7	13	6	8	6	13	0	7	15	25	18	9	2	15	14	
183_A/Jiangsu/2/2007|EPI 6	6	12	8	12	6	12	7	5	11	1	0	6	3	0	0	10	3	9	0	8	3	5	0	11	10	7	2	8	3	12	0	13	9	22	12	9	6	27	5	19	10	22	17	14	2	14	5	8	7	13	6	8	6	13	0	7	15	25	18	9	2	15	14	
184_A/Jiangxi/1/2005|EPI 7	6	13	8	12	6	11	7	8	11	1	0	4	3	0	0	8	3	9	0	8	2	6	0	10	11	7	1	8	3	12	0	14	9	21	12	8	6	27	5	19	11	23	17	13	2	16	4	7	7	13	8	8	5	13	0	8	13	25	17	10	4	14	14	
185_A/lesser_kestrel/Hei 6	6	13	8	12	6	11	7	6	11	1	0	5	3	0	0	9	3	8	0	8	4	6	0	11	9	6	1	9	3	13	0	15	8	23	12	8	6	25	5	19	11	23	17	13	2	16	4	8	7	13	6	8	5	15	1	7	14	24	17	9	4	14	14	
186_A/lion/Hubei/1-2/201 5	5	14	10	14	7	10	5	9	9	1	0	7	3	0	0	9	3	9	0	8	3	7	0	9	9	8	1	6	3	10	0	13	7	25	11	11	5	24	4	20	11	23	17	13	2	17	5	5	6	15	5	9	5	11	4	11	14	23	17	7	3	17	13	
187_A/mallard/Heilongjia 6	5	13	10	13	7	11	5	8	10	1	0	7	3	0	0	8	3	9	0	10	3	6	1	9	9	6	1	7	3	12	0	13	7	29	11	9	6	20	4	20	12	23	17	12	2	14	7	5	5	14	7	8	6	13	2	9	15	23	18	9	3	17	12	
188_A/mandarin_duck/Heil 6	2	10	7	11	8	14	8	9	11	1	0	5	2	0	0	9	4	9	1	10	3	7	0	7	11	8	1	11	2	9	0	15	7	27	10	7	9	21	7	20	9	21	14	14	2	16	8	9	9	14	4	7	1	11	3	5	15	26	16	10	6	13	16	
189_A/mandarin_duck/Hena 6	2	10	7	11	8	15	8	8	11	0	0	5	2	1	0	9	4	10	1	10	3	6	0	9	12	6	0	10	1	11	2	15	7	30	10	7	9	16	7	19	10	20	16	14	2	17	5	8	9	13	4	8	1	13	3	5	16	26	16	10	5	13	16	
190_A/meerkat/Shanghai/S 6	5	13	10	13	7	11	5	8	10	1	0	6	3	0	0	7	4	8	0	10	2	8	0	8	10	6	2	9	2	12	0	12	11	28	8	11	5	21	7	21	12	23	16	12	1	15	6	5	6	13	7	8	5	14	2	7	13	22	18	9	4	17	13	
191_A/mink/China/G/2015| 7	4	12	10	12	6	12	5	9	10	1	0	5	4	0	0	7	4	7	0	10	2	8	0	10	9	6	0	8	3	10	1	12	8	26	9	8	6	21	8	20	9	25	18	14	3	12	7	6	7	16	7	8	3	13	1	10	16	23	20	10	3	17	11	
192_A/mink/China/XB/2015 5	5	14	10	14	7	10	5	8	9	1	0	6	4	0	0	8	3	8	0	8	3	8	0	9	9	6	1	7	3	12	0	13	8	25	11	10	6	24	4	19	11	24	17	14	3	16	5	5	5	15	5	9	5	11	3	12	14	22	19	7	3	17	12	
193_A/mink/Eastern_China 9	4	12	7	8	8	12	8	10	11	1	0	4	3	0	0	12	3	9	1	7	3	6	0	7	9	10	1	9	3	8	1	13	10	30	12	8	7	17	6	20	13	18	18	13	2	16	5	9	8	12	5	7	3	13	1	8	14	23	19	9	3	16	13	
194_A/Nanjing/1/2015|EPI 5	5	14	10	14	7	10	5	9	9	1	0	4	4	0	0	9	3	8	0	8	3	8	0	9	9	7	1	7	3	11	0	13	8	24	11	10	6	24	4	19	11	24	17	12	3	18	5	5	4	15	5	9	5	12	3	12	15	23	19	6	3	16	13	
195_A/ostrich/Suzhou/097 6	4	13	8	12	8	11	7	6	9	1	0	6	3	0	0	10	5	7	0	8	2	7	0	10	9	10	1	9	3	8	1	14	8	25	11	8	8	24	6	17	12	19	17	15	1	20	4	7	7	13	7	9	6	13	0	9	13	23	19	6	4	17	13	
196_A/parrot/Guangdong/C 8	4	12	8	10	8	12	7	6	10	1	0	6	4	0	0	10	4	7	0	8	2	7	0	11	10	9	1	7	3	11	0	14	9	23	13	8	7	23	6	17	10	20	18	14	1	18	6	7	7	13	7	8	4	13	0	11	15	24	18	6	4	16	13	
197_A/peacock/Yunnan/1/2 5	4	14	10	14	8	10	5	8	9	1	0	5	5	0	0	10	3	7	0	7	3	9	0	9	9	7	1	6	3	11	0	13	8	24	11	10	6	24	4	20	11	24	17	12	3	17	5	5	5	16	5	9	5	11	3	12	14	23	20	7	3	16	11	
198_A/peacock/Yunnan/3/2 5	5	14	10	14	7	10	5	8	9	1	0	6	4	0	0	10	4	7	0	7	2	8	0	9	8	7	1	6	3	11	0	13	8	24	11	11	7	24	4	20	11	23	17	12	4	18	4	5	5	16	5	9	5	11	3	12	14	23	20	7	3	16	11	
199_A/pigeon/Hubei/RP25/ 7	5	11	7	12	8	13	8	8	10	1	0	4	3	0	0	8	3	7	0	9	3	7	0	13	7	7	1	7	4	11	0	14	11	24	12	5	4	25	5	20	13	24	15	13	1	16	5	7	7	16	8	9	3	12	0	9	16	22	20	8	2	16	12	
200_A/pigeon/Jiangsu/12. 6	5	13	10	13	7	11	5	8	10	1	0	5	3	0	0	8	4	8	0	8	3	8	0	11	8	6	2	8	3	12	0	12	11	28	9	11	5	22	6	21	11	23	16	12	1	16	5	5	6	13	7	8	5	13	3	7	15	23	19	9	3	17	10	
201_A/pigeon/Jiangxi/S40 7	3	9	7	10	7	15	8	8	11	1	0	7	2	0	0	9	4	8	1	10	3	8	0	9	10	8	0	8	2	10	1	16	8	28	10	6	9	19	7	21	9	21	15	14	1	16	7	8	8	15	4	7	2	11	3	5	15	26	18	10	6	13	14	
202_A/pigeon/Jilin/04.25 6	5	13	9	13	7	11	6	7	10	1	0	6	3	0	0	7	4	8	0	10	2	8	0	9	10	7	2	9	2	11	0	11	11	28	9	12	5	21	6	21	11	24	16	12	1	16	5	5	6	13	7	8	5	14	2	7	15	22	19	9	3	17	11	
203_A/pigeon/Jilin/S4176 7	4	13	9	13	9	11	6	9	9	1	0	5	4	0	0	7	3	7	0	9	4	9	0	7	9	6	2	10	2	11	0	11	11	28	10	12	4	23	5	20	11	23	15	13	1	17	6	5	6	13	7	9	4	13	1	5	15	20	20	11	3	19	11	
204_A/pigeon/Sichuan/NCX 7	4	11	7	10	8	13	8	11	9	1	0	3	3	0	0	11	4	8	1	8	5	8	0	9	9	9	1	9	2	8	1	12	11	29	9	9	6	19	6	19	12	22	17	16	2	14	6	7	8	14	5	7	2	12	1	5	15	24	16	11	3	15	16	
205_A/pigeon/Zhejiang/11 6	5	13	10	13	7	11	5	8	10	1	0	5	3	0	0	8	4	8	0	8	3	8	0	11	8	6	2	8	3	12	0	12	11	27	10	11	5	22	6	21	11	23	16	12	1	16	5	5	6	13	7	8	6	13	3	7	14	23	19	9	3	17	10	
206_A/pigeon/Zhejiang/11 6	5	13	10	13	7	11	5	8	10	1	0	5	3	0	0	7	4	8	0	10	2	8	0	9	10	7	2	9	2	11	0	12	11	26	9	11	5	23	6	21	11	23	16	12	1	16	5	5	6	13	7	8	5	14	2	7	15	23	19	9	3	17	11	
207_A/pigeon/Zhejiang/72 5	5	13	10	14	7	11	5	8	10	1	0	6	3	0	0	7	4	9	0	10	2	7	0	8	10	7	2	9	2	11	0	12	10	27	8	11	6	21	8	21	11	24	17	12	1	14	6	6	6	14	7	7	5	14	1	7	15	22	18	9	3	18	11	
208_A/plateau_pika/Qingh 7	4	11	8	11	7	13	7	5	11	1	0	7	3	0	0	10	4	8	0	9	4	7	0	9	9	9	2	8	3	10	0	14	9	23	14	7	8	24	5	17	10	18	16	14	1	19	6	7	7	13	7	9	6	13	0	9	14	25	20	7	4	15	11	
209_A/quail/Nanchang/663 6	4	11	9	12	6	13	6	9	10	1	0	5	4	0	0	8	4	8	1	10	2	7	0	11	10	6	1	6	3	10	0	12	9	24	10	8	6	24	6	23	9	24	18	13	3	13	7	6	8	17	6	8	2	11	2	10	15	23	17	9	3	17	13	
210_A/Shandong/1/2009|EP 7	6	12	8	11	6	12	7	5	12	1	0	6	2	0	0	10	3	9	0	8	3	5	0	10	10	8	2	9	3	11	0	13	9	22	12	10	6	27	5	20	10	21	18	14	2	15	4	8	7	13	6	7	6	13	0	6	14	25	18	9	3	15	14	
211_A/Sichuan/1/2006|EPI 6	6	13	8	12	6	11	7	7	11	1	0	5	3	0	0	11	3	8	0	7	3	6	0	10	10	7	1	8	3	12	0	14	9	22	12	8	6	26	5	19	11	21	19	13	2	16	4	8	7	14	6	8	5	13	0	7	14	25	18	9	4	14	14	
212_A/Sichuan/2/2006|EPI 6	6	13	8	12	6	11	7	7	11	1	0	5	3	0	0	11	3	8	0	7	3	6	0	10	10	7	1	8	3	12	0	14	9	22	12	8	6	26	5	19	11	23	18	13	2	15	4	8	7	12	6	8	5	15	0	7	14	25	18	9	4	14	14	
213_A/Spatula_querquedul 8	2	10	7	9	8	15	8	8	11	0	0	5	2	1	0	9	4	9	1	10	3	6	0	9	12	6	0	10	1	11	2	16	6	33	8	7	9	13	9	17	12	20	16	15	2	17	5	8	8	14	5	8	2	13	2	5	16	26	17	10	5	13	14	
214_A/swine/Shandong/SD1 6	4	12	8	12	8	12	7	6	11	1	0	6	3	0	0	10	4	7	0	8	2	7	0	11	10	11	1	7	3	10	0	14	8	21	13	8	6	26	5	18	11	18	17	14	1	18	6	7	8	13	7	8	5	13	1	10	14	23	19	7	4	17	12	
215_A/tiger/Yunnan/tig14 8	4	11	7	9	8	13	8	9	9	1	0	5	3	0	0	11	4	9	1	8	5	7	0	9	9	9	1	9	2	8	1	12	9	28	10	9	7	19	6	18	13	21	17	15	1	15	6	9	9	14	6	8	2	12	1	4	15	24	16	12	2	15	15	
216_A/tiger/Yunnan/tig14 6	4	11	9	12	7	13	6	11	10	1	0	5	4	0	0	8	4	8	1	11	2	8	0	8	10	6	1	6	3	10	0	12	9	24	10	8	7	20	7	22	7	23	18	13	4	13	8	7	7	17	7	7	1	13	1	11	16	23	18	9	3	17	12	
217_A/tiger/Yunnan/tig15 5	5	14	10	14	7	10	5	9	10	1	0	6	4	0	0	9	3	8	0	8	3	8	0	9	8	7	1	6	4	11	0	13	8	26	11	10	6	23	4	20	11	23	17	13	3	17	5	5	5	13	6	9	5	13	3	12	14	23	18	7	3	16	12	
218_A/tundra_swan/Fujian 6	2	9	7	11	8	15	8	7	11	0	0	6	2	1	0	9	4	10	1	10	3	6	0	9	12	6	0	10	1	11	2	16	6	29	10	7	10	18	7	19	10	21	15	14	2	16	6	8	9	14	4	7	2	12	3	5	15	26	16	10	5	13	16	
219_A/turtle_dove/Guangd 7	7	12	8	11	6	11	7	7	11	1	0	5	2	0	0	10	3	9	0	8	3	7	0	10	10	7	1	8	3	11	0	14	10	21	13	8	6	26	5	19	10	22	18	14	1	17	3	8	7	14	6	8	5	13	0	8	14	25	17	8	4	14	15	
220_A/turtle_dove/Hunan/ 6	5	14	9	14	7	10	6	8	9	1	0	6	4	0	0	9	4	8	0	7	3	8	0	9	10	7	1	6	1	10	1	13	8	24	12	10	6	25	3	20	11	23	16	12	2	17	6	4	5	14	5	10	5	12	3	12	14	21	20	7	3	20	11	
221_A/whooper_swan/Henan 6	2	10	7	11	8	15	8	8	11	0	0	5	2	1	0	9	4	10	1	10	3	6	0	9	12	6	0	10	1	11	2	15	7	30	10	7	9	16	7	19	10	20	15	14	2	17	6	8	9	13	4	8	1	13	3	5	16	26	16	10	5	13	16	
222_A/whooper_swan/Henan 6	2	10	7	11	8	15	8	8	11	0	0	5	2	1	0	9	4	10	1	10	3	6	0	9	12	6	0	10	1	11	2	15	7	30	10	7	9	16	7	19	10	20	16	14	2	17	5	8	9	13	4	8	1	13	4	5	16	26	16	10	5	13	15	
223_A/whooper_swan/Henan 6	2	10	7	11	8	15	8	8	11	0	0	5	2	1	0	9	4	10	1	10	3	6	0	9	12	6	0	10	1	11	2	15	7	30	10	7	9	16	7	19	10	20	16	14	2	17	5	8	9	13	4	8	1	13	4	5	16	26	16	10	5	13	15	
224_A/whooper_swan/Henan 6	2	10	7	11	8	15	8	8	11	0	0	5	2	1	0	9	4	10	1	10	3	6	0	9	12	6	0	10	1	11	2	15	7	30	10	7	9	16	7	19	10	20	16	14	2	17	5	8	9	13	4	8	1	13	4	5	16	26	16	10	5	13	15	
225_A/whooper_swan/Henan 6	2	10	7	11	8	15	8	8	11	0	0	5	2	1	0	9	4	10	1	10	3	6	0	9	12	6	0	10	1	11	2	15	7	30	10	7	9	16	7	19	10	20	16	14	2	17	5	8	9	13	4	8	1	13	3	5	16	26	16	10	5	13	16	
226_A/whooper_swan/Henan 6	2	10	7	11	8	15	8	8	11	0	0	5	2	1	0	9	4	10	1	10	3	6	0	9	12	6	0	10	1	11	2	15	7	30	10	7	9	16	7	19	10	20	16	14	2	17	5	8	9	13	4	8	1	13	3	5	16	26	16	10	5	13	16	
227_A/whooper_swan/Henan 6	5	14	10	13	7	10	5	9	10	1	0	5	3	0	0	8	4	8	0	9	2	8	0	8	10	7	2	9	2	11	0	12	12	27	9	12	5	22	7	20	10	24	16	12	1	16	4	5	5	13	7	7	5	13	2	9	16	23	18	8	3	17	12	
228_A/whooper_swan/Henan 6	5	14	10	13	7	10	5	9	10	1	0	5	3	0	0	8	4	8	0	9	2	8	0	8	10	7	2	9	2	11	0	12	12	26	9	12	5	22	7	20	10	24	16	12	1	16	4	5	6	14	7	7	5	13	2	9	15	23	18	8	3	17	12	
229_A/whooper_swan/Henan 6	5	14	10	13	7	10	5	9	10	1	0	5	3	0	0	8	4	8	0	9	2	8	0	8	10	7	2	9	2	11	0	12	12	27	9	12	5	22	7	20	10	24	17	12	1	16	3	5	6	13	7	7	5	13	2	9	15	23	18	8	3	17	12	
230_A/whooper_swan/Henan 6	5	14	10	13	7	10	5	9	10	1	0	5	3	0	0	8	4	8	0	9	2	8	0	8	10	7	2	9	2	11	0	12	12	26	9	12	5	22	7	20	10	24	16	12	1	16	4	5	6	14	7	7	5	13	2	9	15	23	18	8	3	17	12	
231_A/whooper_swan/Shanx 6	2	10	7	11	8	15	8	8	11	0	0	5	2	1	0	9	4	10	1	10	3	6	0	9	12	6	0	10	1	11	2	15	7	30	10	7	9	16	7	19	10	20	16	14	2	17	5	8	9	13	4	8	1	13	4	5	16	26	16	10	5	13	15	
232_A/whooper_swan/Shanx 6	2	10	7	11	8	15	8	8	11	0	0	5	2	1	0	9	4	10	1	10	3	6	0	9	12	6	0	10	1	11	2	15	7	30	10	7	9	16	7	19	10	20	16	14	2	17	5	8	9	13	4	8	1	13	4	5	16	26	16	10	5	13	15	
233_A/wild_duck/Fujian/1 7	4	12	10	12	6	12	5	10	10	1	0	5	4	0	0	6	4	7	0	11	1	8	1	8	10	6	0	8	3	10	1	12	9	25	10	8	6	21	7	22	8	25	18	13	2	12	8	6	7	14	8	8	3	14	1	10	16	24	19	9	4	17	11	
234_A/wild_duck/Fujian/2 7	4	12	10	12	6	12	5	10	10	1	0	5	4	0	0	6	4	7	0	11	1	8	1	8	10	6	0	8	3	10	1	12	9	25	10	8	6	21	7	22	8	25	18	13	2	12	8	6	7	14	8	8	3	14	1	10	16	24	19	9	4	17	11	
235_A/wild_duck/Hebei/SD 6	2	9	7	11	7	15	8	8	12	0	0	5	2	1	0	9	4	10	1	10	2	6	0	9	13	5	0	10	1	13	1	15	6	28	10	7	10	19	7	20	10	21	15	13	2	16	6	9	9	14	3	7	2	12	4	5	14	26	16	10	6	13	16	
236_A/wild_duck/Jilin/HF 6	5	13	10	13	7	11	5	8	11	1	0	7	2	0	0	8	3	8	0	9	3	8	0	9	9	6	1	8	3	11	0	13	8	27	11	10	6	22	4	21	12	23	17	12	1	16	5	5	5	14	7	8	6	13	2	8	15	23	18	9	3	17	12	
237_A/wild_duck/Jilin/ZF 6	5	13	10	13	7	11	5	7	10	1	0	7	3	0	0	7	4	7	0	10	2	9	0	9	9	6	1	8	3	12	0	15	8	26	10	9	7	24	5	20	11	25	16	12	1	15	6	5	4	14	7	7	7	13	1	9	15	22	18	9	3	17	12	
238_A/wild_duck/Shandong 7	4	13	6	11	7	11	9	8	11	0	1	8	3	0	0	9	3	8	0	8	5	7	0	10	8	10	1	8	2	8	0	11	12	28	13	11	6	25	2	18	9	27	16	14	1	14	4	10	7	12	5	4	7	11	3	11	11	21	21	9	3	17	10	
239_A/wild_duck/Shandong 6	5	13	9	13	7	11	6	8	10	1	0	8	3	0	0	7	4	8	0	10	2	9	0	8	10	7	1	7	2	10	0	14	8	25	10	10	5	25	5	20	12	25	16	12	2	13	7	5	5	14	8	7	6	13	2	9	15	22	17	9	2	18	12	
240_A/wild_duck/Shandong 6	4	11	6	11	7	13	9	11	9	1	0	3	3	0	0	9	5	8	1	9	4	8	0	9	10	8	1	10	2	9	1	13	8	26	10	8	7	21	6	20	11	24	16	12	2	15	5	9	8	14	5	7	3	12	1	5	16	24	16	12	4	14	16	
241_A/Xinjiang/1/2006|EP 10	4	10	8	8	7	13	7	8	12	1	0	5	3	0	0	11	3	6	0	9	2	8	0	11	11	9	1	6	3	10	1	14	9	23	12	8	6	26	5	17	12	18	18	13	1	18	7	6	8	13	7	10	2	13	0	8	13	25	18	9	4	15	14	
242_A/Xinjiang/1/2009|EP 6	7	13	7	12	5	11	8	7	11	1	0	4	3	0	0	10	3	8	0	8	3	6	0	11	11	7	1	8	2	12	0	13	8	26	12	8	7	23	5	19	11	25	16	13	2	14	5	7	9	15	7	8	4	11	0	8	14	25	21	8	4	13	12	
243_A/Zhejiang/1/2006|EP 6	6	12	8	12	6	12	7	7	11	1	0	5	3	0	0	10	3	8	0	8	3	6	0	9	10	7	1	9	3	12	0	14	9	22	12	8	6	26	5	19	11	22	18	13	2	16	4	7	7	14	6	9	5	13	0	7	14	25	17	9	4	14	15	
244_A/Anas_platyrhynchos 8	2	10	7	9	8	15	8	8	11	0	0	5	2	1	0	9	4	9	1	10	3	6	0	9	12	6	0	10	1	11	2	16	6	33	8	7	9	13	9	17	12	20	16	15	2	17	5	8	8	14	5	8	2	13	2	5	16	26	17	10	5	13	14	
245_A/Anhui/1/2006_H5N1| 6	6	12	8	12	6	12	7	8	11	1	0	4	3	0	0	10	3	8	0	8	3	6	0	10	10	7	1	9	3	11	0	14	9	21	13	8	6	26	5	19	11	22	18	13	2	16	4	8	7	14	7	8	5	13	0	8	13	25	18	9	4	14	13	
246_A/Anhui/1/2007_H5N1| 6	6	12	8	12	6	12	7	7	11	1	0	5	3	0	0	10	3	8	0	8	3	6	0	10	9	7	1	8	4	11	0	14	8	25	12	8	6	23	5	19	13	20	19	13	2	19	3	9	8	14	6	7	3	14	0	8	14	23	17	8	4	15	15	
247_A/Anhui/2/2005_H5N1| 7	6	12	8	11	6	12	7	7	11	1	0	5	3	0	0	10	3	8	0	8	3	6	0	10	10	7	1	8	3	12	0	14	9	22	12	8	5	26	5	19	12	22	18	13	2	16	4	8	6	14	6	8	6	13	0	7	14	25	17	9	4	14	15	
248_A/Anser_cygnoides/Ch 7	4	11	7	10	8	13	8	10	9	1	0	4	3	0	0	12	4	9	1	7	5	7	0	9	9	10	1	9	2	7	1	13	8	28	10	8	7	18	6	18	13	22	17	15	2	14	6	9	9	14	5	8	2	13	1	4	15	24	15	12	2	15	17	
249_A/Anser_fabalis/jiuj 7	2	10	7	10	8	15	8	8	11	0	0	5	2	1	0	9	4	9	1	10	3	6	0	9	12	6	0	10	1	11	2	16	7	33	8	7	9	13	9	17	11	20	16	15	2	17	5	8	8	14	5	8	2	13	2	5	16	26	17	10	5	13	14	
250_A/Anser_fabalis/jiuj 7	2	9	7	10	8	16	8	8	11	0	0	5	2	1	0	9	4	10	1	10	3	6	0	9	12	6	0	10	1	11	2	15	7	32	9	7	9	14	8	18	11	20	16	14	2	17	5	8	8	13	4	8	1	14	3	5	16	28	16	10	5	11	16	
251_A/Anser_fabalis/jiuj 7	2	10	7	10	8	15	8	8	11	0	0	5	2	1	0	9	4	9	1	10	3	6	0	9	12	6	0	10	1	11	2	16	7	33	8	7	9	13	9	17	11	20	16	15	2	17	5	8	8	14	5	8	2	13	2	5	16	26	17	10	5	13	14	
252_A/Duck/Jiangxi/631/2 7	3	10	6	10	8	15	9	7	10	0	0	6	2	1	0	9	4	10	1	10	3	6	0	9	12	7	0	10	1	10	2	15	7	31	9	7	9	15	8	19	10	20	16	14	2	18	5	8	8	14	4	8	1	12	3	6	17	26	15	9	4	13	17	
253_A/Guangdong/1/2008_H 6	6	12	8	12	5	12	7	4	11	1	0	6	3	0	0	10	3	9	0	8	4	5	0	11	9	7	2	9	3	12	0	13	9	22	12	9	6	27	5	20	11	22	16	13	2	15	5	8	6	13	6	8	7	13	0	7	15	25	18	9	2	15	14	
254_A/Guangdong/2/2006_H 7	6	12	7	12	6	12	8	8	11	1	0	4	3	0	0	10	3	8	0	8	3	6	0	9	10	7	1	9	3	12	0	14	8	22	12	8	7	26	5	20	11	22	18	12	2	16	4	8	7	15	7	8	5	12	0	6	14	25	17	9	4	14	14	
255_A/Guangxi/1/2005_H5N 6	6	12	8	12	6	12	8	8	11	1	0	4	3	0	0	11	2	8	0	8	3	6	0	10	10	7	1	8	3	12	0	14	9	21	12	8	6	27	5	19	11	22	18	13	2	16	4	8	7	15	6	8	5	12	0	7	14	25	16	8	4	14	16	
256_A/Guangxi/1/2008_H5N 8	5	12	8	12	6	11	7	10	12	1	0	2	3	0	0	8	4	8	0	8	3	6	0	9	10	7	1	9	3	12	0	13	8	22	11	10	6	26	5	19	11	23	16	13	3	16	5	8	8	17	7	7	4	11	1	7	15	19	16	9	3	20	14	
257_A/Guizhou/1/2009_H5N 7	8	13	7	11	5	11	8	7	11	1	0	6	3	0	0	9	3	7	0	8	3	7	0	10	10	7	1	8	2	12	0	14	8	23	13	8	7	24	5	18	10	21	17	13	2	16	6	9	7	14	6	8	5	13	0	9	13	26	17	9	4	13	15	
258_A/Hunan/1/2008_H5N1| 7	7	11	8	12	4	13	7	8	12	1	0	5	3	0	0	8	3	10	0	8	3	4	0	8	9	7	1	9	4	12	0	14	10	23	12	8	5	25	5	19	12	23	16	14	2	16	5	9	7	17	5	8	5	10	0	7	14	25	17	7	3	15	16	
259_A/Hunan/2/2009_H5N1| 7	8	13	6	11	5	11	9	7	11	1	0	6	3	0	0	9	3	7	0	8	3	7	0	10	9	7	1	8	3	12	0	14	8	23	13	8	7	25	5	18	11	21	17	13	2	16	6	9	7	14	6	8	5	12	0	9	12	27	16	8	5	12	16	
260_A/Japanese_white-eye 7	5	13	10	12	6	11	5	7	10	1	0	6	3	0	0	7	4	7	0	10	3	9	0	9	10	6	2	9	2	12	0	11	10	29	10	10	6	20	5	22	11	23	16	12	1	15	6	5	6	13	7	9	5	14	2	7	15	24	18	9	3	16	12	
261_A/Nanjing/1/2015_H5N 5	5	14	10	14	7	10	5	9	9	1	0	4	4	0	0	9	3	8	0	8	3	8	0	9	9	7	1	7	3	11	0	13	8	24	11	10	6	24	4	19	11	24	17	12	3	18	5	5	4	15	5	9	5	12	3	12	15	23	19	6	3	16	13	
262_A/Shandong/1/2009_H5 7	6	12	8	11	6	12	7	5	12	1	0	6	2	0	0	10	3	9	0	8	3	5	0	10	10	8	2	9	3	11	0	13	9	22	12	10	6	27	5	20	10	21	18	14	2	15	4	8	7	13	6	7	6	13	0	6	14	25	18	9	3	15	14	
263_A/Spatula_querquedul 8	2	10	7	9	8	15	8	8	11	0	0	5	2	1	0	9	4	9	1	10	3	6	0	9	12	6	0	10	1	11	2	16	6	33	8	7	9	13	9	17	12	20	16	15	2	17	5	8	8	14	5	8	2	13	2	5	16	26	17	10	5	13	14	
264_A/Wild_bird/Huadong/ 5	5	14	10	14	7	10	5	9	9	1	0	5	4	0	0	9	3	8	0	8	4	8	0	9	8	8	2	6	3	10	0	13	8	25	11	10	6	23	4	20	12	24	15	13	3	17	5	6	5	15	5	8	5	12	3	12	13	24	19	7	3	15	12	
265_A/Wild_bird/Huadong/ 6	4	13	9	13	8	11	6	9	9	1	0	5	4	0	0	7	3	7	0	10	4	9	0	8	9	6	2	9	2	11	0	11	11	29	9	12	5	22	6	20	12	24	15	13	0	16	6	6	6	13	7	6	5	13	1	5	15	23	20	12	3	17	10	
266_A/Wild_bird/Huadong/ 6	5	13	10	13	7	11	5	8	10	1	0	5	3	0	0	7	4	8	0	10	2	8	0	9	10	6	2	9	2	12	0	12	11	28	9	11	5	21	6	21	11	23	15	12	1	16	6	5	6	13	7	8	5	14	2	7	15	23	18	9	3	17	12	
267_A/Xinjiang/1/2009_H5 6	7	13	7	12	5	11	8	7	11	1	0	4	3	0	0	10	3	8	0	8	3	6	0	11	11	7	1	8	2	12	0	13	8	26	12	8	7	23	5	19	11	25	16	13	2	14	5	7	9	15	7	8	4	11	0	8	14	25	21	8	4	13	12	
268_A/avian/Hong_Kong/07 7	6	12	7	12	6	11	8	8	11	1	0	4	3	0	0	10	3	8	0	8	3	6	0	9	10	7	1	9	3	12	0	14	9	22	12	9	6	26	5	19	11	22	17	13	2	16	5	8	8	16	7	7	4	11	1	7	15	23	16	9	3	16	14	
269_A/avian/Hong_Kong/19 7	6	12	7	12	6	11	8	8	10	1	0	4	4	0	0	10	3	8	0	8	3	6	0	9	10	7	1	9	3	12	0	14	9	22	12	9	5	27	5	19	11	22	17	13	2	16	5	8	8	16	7	7	4	11	1	7	15	23	16	9	3	16	14	
270_A/avian/Hong_Kong/23 7	6	12	7	12	6	11	8	8	10	1	0	4	4	0	0	10	3	8	0	8	3	6	0	9	10	7	1	9	3	12	0	14	9	22	12	9	6	26	5	19	11	22	17	13	2	16	5	8	8	16	7	7	4	11	1	7	15	23	16	9	3	16	14	
271_A/bar-headed_goose/Q 11	4	10	8	8	7	13	7	7	12	1	0	5	3	0	0	10	3	6	0	8	2	8	0	12	11	9	1	6	3	11	0	14	8	23	12	9	7	25	5	19	12	18	19	13	1	19	5	6	7	14	7	8	4	13	0	7	13	26	18	9	4	14	14	
272_A/bar-headed_goose/T 11	4	11	8	8	6	12	7	9	12	1	0	5	3	0	0	10	3	6	0	8	2	8	0	10	11	9	1	6	3	11	0	14	8	23	11	8	9	25	5	19	10	18	19	13	1	19	5	6	7	14	8	9	4	14	0	7	14	26	18	9	4	13	14	
273_A/brown-headed_gull/ 6	5	14	9	13	7	10	6	8	9	1	0	8	3	0	0	8	4	7	0	9	2	10	0	8	10	7	0	7	3	11	0	14	8	27	10	10	6	23	5	20	12	24	16	12	1	14	6	4	5	14	7	8	6	13	2	9	14	22	18	9	4	18	12	
274_A/brown-headed_gull/ 6	5	14	10	13	7	10	5	8	9	1	0	8	3	0	0	7	4	7	0	9	2	9	0	8	10	7	0	7	3	12	0	14	8	26	10	9	6	23	5	20	11	24	16	12	1	15	6	6	5	14	7	8	6	13	2	10	14	23	18	9	4	17	12	
275_A/chicken/China/Cang 7	3	10	7	10	6	15	8	8	12	0	0	5	2	1	0	8	4	10	1	11	3	6	0	9	12	6	0	10	1	11	2	15	7	33	9	7	9	13	8	18	11	19	16	14	2	18	5	8	8	14	4	8	1	13	3	5	16	26	16	10	5	13	16	
276_A/chicken/China/E93/ 7	4	13	6	12	9	11	9	8	11	1	0	6	3	0	0	9	3	8	0	8	4	8	0	10	8	10	1	9	2	8	0	11	12	28	13	11	6	25	2	18	9	26	13	13	1	14	6	9	7	12	5	3	6	11	3	11	11	21	21	11	3	18	10	
277_A/chicken/China/E96/ 8	4	13	6	10	8	11	9	9	11	1	0	6	3	0	0	9	3	8	0	8	4	8	0	9	8	10	1	9	2	8	0	12	12	29	13	11	6	24	2	18	9	26	14	12	1	14	5	9	7	12	5	4	7	11	3	11	11	21	21	11	3	17	11	
278_A/chicken/Eastern_Ch 6	5	14	8	12	7	10	7	8	10	1	0	5	3	0	0	8	3	7	0	9	5	7	0	12	7	6	1	7	4	12	0	17	9	22	12	6	5	28	4	19	12	24	17	14	2	14	5	6	6	15	8	8	4	14	1	9	14	23	16	7	3	17	13	
279_A/chicken/Eastern_Ch 8	4	14	7	11	9	10	8	8	10	1	0	5	3	0	0	7	3	7	0	10	4	7	0	12	7	7	1	7	4	10	1	16	9	23	11	6	6	26	6	18	12	24	17	14	1	15	5	6	7	15	8	8	4	13	0	9	15	24	16	7	2	17	13	
280_A/chicken/Fujian/1/2 7	4	12	7	12	7	12	8	8	9	1	0	5	3	0	0	10	2	9	0	8	4	7	0	10	11	7	1	8	2	12	0	14	10	21	12	8	5	24	5	19	11	21	18	14	2	16	4	8	7	16	7	8	5	12	0	7	18	21	18	9	3	15	14	
281_A/chicken/Gansu/5/20 7	7	13	5	11	5	11	10	8	12	0	1	7	2	0	0	9	3	8	0	8	4	8	0	10	8	10	1	8	2	8	0	11	12	31	13	11	6	23	2	18	9	27	16	13	1	13	3	10	7	11	4	4	7	11	4	12	11	22	21	9	3	18	9	
282_A/chicken/Gansu/6/20 7	4	13	6	11	8	11	9	8	11	0	1	6	3	0	0	9	3	8	0	8	4	8	0	10	8	10	1	9	2	8	0	11	12	27	13	11	6	25	2	18	9	27	13	13	1	14	7	9	7	12	5	4	8	11	3	12	10	22	21	9	3	17	10	
283_A/chicken/Guangdong/ 7	4	13	9	11	9	11	6	8	9	1	0	6	3	0	0	9	4	7	0	9	2	7	0	10	10	8	1	6	3	12	0	13	9	24	12	8	6	24	6	18	10	22	17	15	1	15	6	8	7	14	7	7	5	13	0	9	15	24	20	8	3	16	11	
284_A/chicken/Guangxi/S2 7	4	13	10	12	7	11	5	8	9	1	0	6	3	0	0	7	4	7	0	10	2	8	0	8	11	7	0	8	3	10	1	13	9	25	10	9	6	22	7	21	10	24	18	13	1	14	6	5	7	17	7	8	3	12	0	11	16	23	17	9	3	17	14	
285_A/chicken/Guizhou/7/ 6	5	12	6	12	5	13	9	6	12	1	0	6	3	0	0	11	4	7	0	7	4	7	0	8	9	8	1	9	3	12	0	14	10	24	12	9	5	24	5	20	11	22	17	12	1	14	6	9	7	14	7	8	4	12	0	7	15	25	16	9	4	14	15	
286_A/chicken/Hebei/A-8/ 6	4	13	7	11	7	12	8	7	11	0	1	9	3	0	0	8	3	8	0	8	4	7	0	13	8	9	1	6	2	9	0	13	10	28	12	11	7	26	2	19	10	23	17	14	0	15	4	8	7	13	6	5	6	10	2	9	14	23	19	10	2	15	13	
287_A/chicken/Henan/A-7/ 8	4	12	7	10	8	12	8	7	9	0	1	8	4	0	0	9	4	8	0	9	4	7	0	10	10	9	1	8	1	8	0	14	9	22	12	11	7	26	3	18	10	22	16	14	1	18	3	6	8	14	7	6	6	11	1	8	12	24	22	10	4	17	11	
288_A/chicken/Huadong/4/ 10	4	12	7	9	7	12	8	7	11	0	1	7	3	0	0	8	3	6	0	9	4	8	0	12	9	10	1	8	2	8	0	15	10	29	13	11	5	24	2	18	10	24	16	14	0	13	4	7	7	12	6	6	7	11	2	9	13	23	19	9	4	18	12	
289_A/chicken/Hubei/2856 6	6	12	7	12	6	12	8	7	11	1	0	5	3	0	0	10	3	8	0	8	4	6	0	10	7	7	1	8	5	11	0	15	8	22	12	7	7	26	5	21	10	23	17	12	2	16	5	8	8	13	7	7	5	13	0	8	14	26	17	9	3	13	15	
290_A/chicken/Hunan/1793 6	6	12	8	12	6	12	7	8	11	1	0	5	3	0	0	9	3	9	0	8	3	5	0	9	10	7	1	9	3	12	0	14	10	23	12	8	5	24	4	19	11	23	18	15	2	16	3	9	7	15	5	8	5	13	1	6	13	26	17	8	4	13	16	
291_A/chicken/Hunan/21/2 6	6	12	8	12	6	12	7	8	11	1	0	4	3	0	0	10	3	8	0	8	3	6	0	10	10	7	1	8	3	12	0	14	9	23	12	8	6	26	5	19	12	21	19	13	1	16	4	7	7	13	7	9	5	13	0	7	14	25	17	9	4	14	14	
292_A/chicken/Hunan/3/20 8	4	12	10	12	7	12	5	8	11	1	0	6	3	0	0	7	4	7	0	9	2	8	0	8	10	8	0	8	3	11	0	12	9	22	10	10	6	26	7	19	11	24	16	14	1	13	8	5	5	15	7	8	6	13	0	11	14	22	20	8	3	18	11	
293_A/chicken/Hunan/3157 7	6	12	8	11	6	12	7	7	11	1	0	5	3	0	0	9	3	8	0	8	4	6	0	10	9	6	1	9	3	13	0	13	9	22	12	8	6	24	6	19	11	24	17	13	2	16	4	10	7	13	6	7	5	14	1	7	14	25	16	8	5	14	15	
294_A/chicken/Hunan/8/20 7	5	12	10	11	6	12	5	8	11	1	0	6	3	0	0	8	4	7	0	9	2	8	0	8	10	9	0	7	3	11	0	12	9	24	10	10	6	25	6	20	11	24	18	14	1	13	6	5	5	14	7	9	6	14	0	10	14	24	21	8	3	16	10	
295_A/chicken/Jiangsu/18 9	4	12	7	9	8	12	8	7	11	0	1	7	3	0	0	8	3	8	0	9	4	7	0	13	8	10	1	7	2	8	0	15	10	29	12	10	6	24	3	18	10	24	16	14	0	14	3	7	7	12	6	6	7	11	2	9	13	24	20	10	3	16	12	
296_A/chicken/Jiangsu/24 6	5	13	10	13	7	11	5	8	10	1	0	5	3	0	0	7	4	8	0	10	2	8	0	9	10	6	2	9	2	12	0	12	10	27	10	11	7	21	6	21	11	22	16	12	1	17	5	5	6	13	7	8	4	14	2	7	15	23	19	9	3	17	11	
297_A/chicken/Jiangsu/92 7	6	13	10	12	7	11	5	8	10	1	0	6	2	0	0	7	4	8	0	10	2	8	0	8	10	7	2	9	2	11	0	14	10	28	8	10	6	21	7	21	11	24	16	12	1	14	6	4	6	13	7	8	5	14	2	7	15	22	18	9	3	18	12	
298_A/chicken/Jiangsu/YB 5	5	14	10	14	7	10	5	9	9	1	0	5	4	0	0	9	3	8	0	8	3	8	0	9	9	7	2	6	3	11	0	12	8	24	11	11	6	24	4	20	11	23	16	13	3	17	5	5	5	15	5	9	5	12	3	12	14	23	19	7	3	16	12	
299_A/chicken/Jiangsu/k0 6	4	13	9	13	7	11	6	9	10	1	0	7	3	0	0	8	3	7	0	9	2	9	0	7	11	7	0	8	3	12	0	14	7	26	10	10	7	22	5	20	12	25	16	12	1	14	7	5	5	14	7	7	6	14	2	10	15	22	18	8	3	17	12	
300_A/chicken/Jiangxi/25 7	4	12	10	12	6	12	5	9	10	1	0	5	4	0	0	6	4	7	0	11	2	8	0	9	10	7	0	8	3	10	1	12	9	25	10	8	6	20	7	22	9	24	17	13	1	14	8	6	7	16	7	8	3	12	1	10	15	24	18	10	4	17	13	
301_A/chicken/Liaoning/2 10	5	10	8	7	8	13	7	8	11	1	0	5	3	0	0	11	3	6	0	9	3	8	0	11	10	9	1	6	3	11	0	14	9	23	12	8	6	26	5	17	11	18	18	13	1	18	7	6	8	13	7	9	3	14	0	8	14	25	18	9	4	14	15	
302_A/chicken/Liaoning/A 8	4	12	8	10	8	12	7	7	10	0	1	7	3	0	0	10	3	7	0	7	4	7	0	11	10	10	1	8	2	8	0	12	9	26	12	10	7	24	3	17	9	23	15	14	2	20	3	9	8	12	7	6	6	11	1	9	12	24	22	10	3	16	11	
303_A/chicken/Liaoning/S 7	4	13	6	11	7	11	9	8	12	0	1	7	2	0	0	9	3	8	0	8	5	8	0	10	8	10	1	8	2	8	0	13	11	27	13	12	7	24	2	18	9	26	16	14	1	14	3	10	7	13	5	2	7	11	3	11	11	21	20	9	3	18	11	
304_A/chicken/Ningxia/2/ 7	7	13	5	11	5	11	10	8	12	0	1	7	2	0	0	9	3	8	0	8	4	8	0	10	8	10	1	8	2	8	0	11	12	30	13	11	6	23	2	18	9	27	16	13	1	13	3	10	7	12	4	4	7	11	4	12	11	21	22	9	3	18	9	
305_A/chicken/Ningxia/22 7	7	13	5	11	5	11	10	8	12	0	1	7	2	0	0	9	3	8	0	8	4	8	0	10	8	10	1	8	2	8	0	11	12	30	13	11	6	23	2	18	9	27	16	12	1	13	3	10	7	12	4	4	7	11	4	12	11	21	22	10	3	18	9	
306_A/chicken/Ningxia/24 8	4	12	9	10	8	12	6	8	10	0	1	7	4	0	0	9	3	7	0	9	4	7	0	10	10	11	1	7	2	7	0	13	9	23	12	10	8	26	3	17	10	22	16	16	1	18	4	8	8	13	7	6	5	11	1	8	11	25	20	9	4	16	13	
307_A/chicken/North_Chin 6	4	13	7	12	9	11	8	8	10	1	0	7	3	0	0	9	3	6	0	9	4	8	0	12	7	7	1	6	4	11	0	15	10	26	11	5	5	26	5	19	11	24	18	13	1	14	4	7	7	14	8	9	3	13	0	9	14	24	17	7	4	16	13	
308_A/chicken/Shandong/A 8	4	11	8	9	8	13	7	8	9	0	1	6	5	0	0	10	3	7	0	10	4	7	0	10	10	8	1	8	2	10	0	13	11	23	12	10	6	26	3	17	9	23	17	14	1	19	2	8	7	13	6	6	7	11	2	8	13	22	19	11	3	17	13	
309_A/chicken/Shantou/37 8	4	12	8	10	8	12	7	8	11	1	0	5	3	0	0	11	3	7	0	9	2	7	0	10	11	8	1	6	3	12	0	14	9	21	12	7	6	25	7	19	11	19	18	12	1	17	7	6	7	13	7	9	5	13	0	7	14	23	18	10	4	16	15	
310_A/chicken/Shanxi/10/ 7	4	13	8	10	6	12	6	6	12	0	1	7	3	0	0	10	3	7	0	9	5	7	0	11	10	9	1	7	2	9	0	16	10	25	11	9	7	23	4	18	9	21	18	14	1	20	4	5	7	12	7	6	6	12	2	9	13	24	18	11	3	17	12	
311_A/chicken/Sheny/0606 8	5	13	8	11	6	12	7	5	10	0	1	7	3	0	0	9	3	7	0	8	4	7	0	10	9	10	1	8	3	9	0	15	10	24	13	8	2	23	4	19	10	21	15	16	1	17	7	7	8	12	5	7	7	13	1	9	15	25	19	8	3	17	14	
312_A/chicken/Sichuan/81 6	6	12	8	12	6	12	7	7	11	1	0	5	3	0	0	9	3	7	0	8	3	7	0	10	11	7	1	9	2	12	0	14	9	23	12	8	6	25	5	18	11	22	18	13	2	16	4	8	7	14	6	8	5	13	0	8	14	26	17	9	4	13	15	
313_A/chicken/Wuhan/HAQL 5	5	14	10	14	7	10	5	9	9	1	0	5	4	0	0	9	3	8	0	8	3	8	0	9	9	7	2	6	3	11	0	13	8	24	11	10	6	24	4	20	11	23	16	13	3	17	5	5	5	15	5	9	5	12	3	12	14	23	19	7	3	16	12	
314_A/chicken/Wuhan/HAQL 5	5	14	10	14	7	10	5	9	9	1	0	5	4	0	0	9	3	8	0	8	3	8	0	9	9	8	2	6	3	10	0	13	8	24	11	10	6	24	4	20	11	23	16	13	3	17	5	5	5	15	5	9	5	12	3	12	14	23	19	7	3	16	12	
315_A/chicken/Wuxi/WX-32 6	5	13	10	13	7	11	5	8	10	1	0	6	3	0	0	7	4	8	0	10	2	8	0	8	10	7	2	9	2	11	0	13	10	29	8	11	5	20	7	21	11	23	16	12	1	15	6	5	6	13	7	8	5	14	2	7	15	22	18	9	3	18	12	
316_A/chicken/Wuxi/WX-33 6	5	14	10	13	7	10	5	8	10	1	0	6	3	0	0	7	4	8	0	10	2	8	0	8	10	6	2	9	2	12	0	13	11	28	8	10	5	21	7	21	11	24	16	12	1	14	6	5	6	13	8	8	5	14	2	7	15	22	18	9	3	18	11	
317_A/chicken/Xinjiang/1 7	5	12	8	11	6	12	7	5	10	0	1	8	3	0	0	10	5	7	0	9	4	7	0	9	8	8	1	7	3	12	0	13	9	26	13	10	6	23	4	17	10	18	17	15	1	18	5	7	9	12	6	7	6	14	0	9	13	25	21	8	4	16	12	
318_A/chicken/Xinjiang/2 7	6	13	8	11	6	12	7	7	10	0	1	8	3	0	0	10	4	7	0	8	3	7	0	8	10	10	1	8	3	8	1	13	8	25	13	11	7	23	4	17	10	19	16	15	1	20	5	7	9	9	6	7	5	15	0	9	13	25	21	8	4	16	11	
319_A/chicken/Xinjiang/5 7	5	12	8	11	6	12	7	7	10	0	1	8	3	0	0	10	5	7	0	8	3	7	0	8	9	11	1	8	3	9	1	13	8	25	13	11	7	23	4	17	10	18	17	15	1	20	6	7	9	10	6	7	5	15	0	9	13	27	20	9	3	14	10	
320_A/chicken/Xinjiang/5 7	5	12	8	11	6	12	7	5	10	0	1	7	3	0	0	10	4	7	0	8	4	7	0	11	9	9	1	8	3	10	0	13	9	25	13	10	6	23	4	17	10	19	18	15	1	19	4	7	9	12	6	7	6	13	0	9	13	24	21	8	4	17	12	
321_A/chicken/Xinjiang/6 7	5	12	8	11	6	12	7	7	10	0	1	8	3	0	0	10	5	7	0	8	3	7	0	8	9	10	1	8	3	9	0	13	8	25	13	11	7	23	4	17	10	17	18	15	1	20	5	7	9	10	6	7	5	15	0	9	13	25	21	8	4	16	12	
322_A/chicken/Xinjiang/6 7	5	11	8	11	6	13	7	6	10	0	1	7	3	0	0	10	4	7	0	8	4	7	0	10	9	9	1	8	3	10	0	13	9	26	13	10	6	22	4	17	10	18	18	15	1	20	4	7	9	12	6	7	6	13	0	9	13	25	21	8	4	16	12	
323_A/chicken/Yunnan/1/2 8	4	11	7	10	9	13	8	12	9	1	0	4	3	0	0	11	4	9	1	7	5	7	0	7	9	10	1	9	2	7	1	12	9	29	10	8	6	19	6	18	12	21	17	15	2	15	6	10	9	14	5	7	2	12	1	4	15	24	15	12	2	15	18	
324_A/chicken/Yunnan/207 7	3	12	8	11	8	12	7	8	14	1	0	5	2	0	0	11	4	8	0	7	2	6	0	10	10	9	1	8	3	10	0	14	9	22	13	8	6	24	5	17	10	22	18	13	1	15	6	7	7	15	7	8	5	13	0	7	14	25	18	11	4	14	13	
325_A/chicken/Yunnan/568 7	3	12	8	11	8	12	7	8	14	1	0	5	2	0	0	9	5	8	0	8	2	6	0	10	10	9	1	7	3	11	0	14	9	22	13	8	6	25	5	17	10	22	18	13	1	16	5	7	7	14	7	8	5	13	0	7	14	25	18	11	4	14	13	
326_A/chicken/Yunnan/679 7	3	12	8	11	8	12	7	8	14	1	0	5	2	0	0	11	4	8	0	7	2	6	0	10	10	9	1	8	3	10	0	14	9	22	13	8	6	25	5	17	10	22	18	13	1	15	6	7	7	14	7	8	5	13	0	7	14	25	18	11	4	14	13	
327_A/chicken/Yunnan/688 7	3	12	8	11	8	12	7	8	14	1	0	5	2	0	0	11	4	8	0	7	2	6	0	10	10	9	1	8	3	10	0	15	9	22	13	8	6	25	5	17	10	22	18	13	1	16	5	6	7	14	7	8	5	13	0	7	14	25	18	11	4	14	13	
328_A/condor/Guangdong/1 8	5	12	8	11	8	12	7	9	9	1	0	6	3	0	0	9	4	7	0	8	2	7	0	10	10	9	1	6	3	11	0	14	9	23	12	8	6	24	6	17	10	20	18	14	1	17	6	7	8	13	7	8	4	13	0	9	15	26	17	8	4	14	15	
329_A/domestic_green-win 7	6	12	8	11	6	12	7	7	11	1	0	5	3	0	0	9	3	8	0	8	4	6	0	10	9	6	1	9	3	13	0	14	9	23	12	8	6	25	5	19	11	23	16	14	2	16	4	9	7	13	6	7	5	14	1	7	14	25	18	8	4	14	14	
330_A/duck/Anhui/56/2005 7	6	12	8	12	6	12	7	8	11	1	0	4	3	0	0	7	3	8	0	9	2	6	0	10	11	7	1	8	3	12	0	15	9	22	12	8	6	26	5	19	12	23	18	13	2	15	4	9	7	14	7	7	5	13	0	7	13	25	17	9	4	14	14	
331_A/duck/China/0935/20 6	5	14	10	14	7	10	5	8	10	1	0	5	3	0	0	7	4	8	0	8	2	8	0	10	11	6	2	9	1	11	0	12	11	29	9	11	5	21	7	21	11	25	15	12	1	16	5	6	6	12	7	8	5	14	2	5	15	21	20	9	3	19	10	
332_A/duck/China/1033/20 6	5	14	10	14	7	10	5	8	10	1	0	5	3	0	0	7	4	8	0	8	2	8	0	10	11	6	2	9	1	11	0	12	11	28	9	11	5	22	7	21	11	25	15	12	1	16	5	6	6	12	7	8	5	14	2	5	15	21	20	9	3	19	10	
333_A/duck/China/E26/201 6	5	14	9	13	7	11	6	8	10	1	0	9	4	0	0	7	4	8	0	10	3	9	0	8	9	7	1	6	1	10	1	15	8	25	10	8	5	25	5	21	11	25	16	12	2	13	6	4	5	13	8	8	6	13	2	9	15	23	17	10	2	17	12	
334_A/duck/China/E53/201 6	5	13	10	12	6	12	5	6	11	1	0	8	2	0	0	8	4	6	0	9	2	10	0	9	9	7	0	7	4	12	0	14	9	26	11	10	5	24	4	20	12	23	17	13	1	15	6	5	6	12	7	7	6	14	2	10	15	22	18	8	2	18	12	
335_A/duck/Eastern_China 6	5	12	7	11	7	13	8	7	10	1	0	6	3	0	0	10	3	8	0	9	3	6	0	11	9	8	1	7	3	11	0	15	9	21	12	6	5	27	6	19	11	23	17	14	1	16	4	7	7	16	7	8	5	13	0	8	15	23	16	8	3	16	15	
336_A/duck/Eastern_China 6	6	11	7	12	5	13	8	10	11	1	0	4	4	0	0	9	3	8	1	9	4	7	0	9	10	9	1	7	2	11	0	14	8	26	10	9	8	21	6	19	11	22	19	13	3	15	5	8	7	14	7	6	4	12	0	7	13	26	17	10	4	12	14	
337_A/duck/Eastern_China 5	6	11	8	13	6	13	7	9	11	1	0	4	3	0	0	10	3	10	0	8	3	4	0	8	10	7	1	9	3	12	0	14	9	25	11	9	6	25	5	20	9	20	17	13	2	17	5	8	7	13	6	7	6	13	0	8	14	23	17	9	4	16	15	
338_A/duck/Guangdong/23/ 6	4	12	9	11	7	13	6	9	9	1	0	4	4	0	0	9	4	7	0	10	3	7	0	9	10	9	1	8	3	11	0	12	9	25	12	8	5	26	6	20	11	21	18	13	1	18	4	7	6	12	7	8	5	12	0	8	15	25	18	10	3	15	13	
339_A/duck/Hubei/2911/20 6	6	13	8	13	6	10	7	6	11	1	0	5	3	0	0	9	3	7	0	8	4	6	0	11	9	6	1	9	3	13	0	14	9	24	12	8	6	25	5	19	10	22	18	13	2	16	4	8	7	13	6	8	5	15	1	7	15	24	17	9	4	13	15	
340_A/duck/Hubei/49/2005 6	6	12	8	12	6	12	7	7	11	1	0	5	3	0	0	10	3	8	0	8	3	6	0	10	10	7	1	8	3	12	0	14	9	22	12	8	5	26	5	18	12	22	18	13	2	16	4	8	7	14	6	9	4	13	0	8	14	25	17	9	4	14	15	
341_A/duck/Hubei/xn/2007 7	5	12	10	12	6	12	5	8	11	1	0	6	3	0	0	8	4	7	0	9	2	8	0	8	10	8	0	8	3	11	0	13	9	24	10	9	6	25	6	19	11	24	17	14	1	12	8	5	5	14	7	8	6	14	0	11	14	23	20	8	3	17	11	
342_A/duck/Hunan/3/2007_ 7	4	12	10	12	7	12	5	8	11	1	0	6	3	0	0	8	4	7	0	9	2	8	0	8	10	8	0	8	3	11	0	12	9	23	9	10	6	26	7	19	11	24	16	14	1	13	8	5	5	14	7	8	6	14	0	11	14	24	20	8	3	16	11	
343_A/duck/Hunan/316/200 6	6	12	8	12	6	12	7	8	11	1	0	4	3	0	0	9	3	8	0	9	3	6	0	10	10	7	1	8	3	12	0	14	9	24	12	8	6	25	5	19	9	23	17	13	3	16	4	8	7	13	7	7	5	13	0	7	15	25	18	10	4	14	13	
344_A/duck/Hunan/3315/20 6	7	11	8	12	5	13	7	8	10	1	0	5	4	0	0	9	3	9	0	8	3	5	0	9	9	7	1	9	4	12	0	14	10	22	12	8	5	24	6	19	11	23	18	14	2	16	4	9	8	15	5	9	5	11	0	6	13	24	17	8	4	15	16	
345_A/duck/Hunan/689/200 6	7	12	8	12	5	12	7	7	11	1	0	5	3	0	0	9	3	8	0	8	4	6	0	10	9	6	1	9	3	13	0	14	9	22	12	8	6	26	5	19	11	23	17	13	2	16	4	8	7	13	6	8	5	14	1	7	15	25	17	9	3	14	14	
346_A/duck/Hunan/733/200 6	5	14	9	12	8	10	6	8	11	1	0	4	3	0	0	10	3	7	0	8	2	7	0	9	10	9	1	8	3	11	0	15	9	24	11	8	5	24	6	16	11	22	18	14	1	16	5	7	7	13	7	8	5	14	0	7	15	25	17	11	4	14	14	
347_A/duck/Hunan/8/2008_ 7	4	13	11	12	7	11	4	8	10	1	0	6	3	0	0	8	4	7	0	9	2	8	0	8	10	5	2	8	3	12	0	14	9	24	9	8	6	26	7	19	11	25	16	13	1	13	7	5	5	14	6	8	6	13	1	11	15	21	20	9	3	18	12	
348_A/duck/Hunan/S4020/2 6	4	13	9	13	7	11	6	8	10	1	0	6	3	0	0	7	4	9	0	9	2	7	0	8	10	7	0	9	3	12	0	15	8	25	10	8	6	24	6	20	11	25	15	13	1	14	7	5	5	13	7	8	6	14	0	11	15	23	19	8	3	17	12	
349_A/duck/Hunan/S4030/2 6	4	13	9	13	7	11	6	6	10	1	0	8	3	0	0	8	4	7	0	9	2	9	0	9	11	7	0	7	2	12	0	16	7	26	11	9	5	23	4	21	11	25	14	13	2	15	7	5	5	12	7	7	6	15	2	11	16	23	19	7	2	17	11	
350_A/duck/Hunan/S4150/2 6	5	13	10	13	7	11	5	8	10	1	0	7	3	0	0	8	2	9	0	9	4	7	0	9	9	6	2	7	3	12	0	13	7	27	11	10	6	22	4	20	12	23	17	12	2	14	6	6	5	13	7	7	6	14	2	8	15	23	18	10	3	17	12	
351_A/duck/Hunan/S4220/2 7	5	12	9	12	6	12	6	8	10	1	0	6	3	0	0	7	3	8	1	11	3	7	0	8	10	5	1	8	3	11	0	15	8	23	10	7	7	24	6	22	8	24	19	13	3	13	6	5	7	14	7	8	3	15	0	11	15	23	18	8	3	17	13	
352_A/duck/Jiangxi/120/2 7	4	13	7	12	8	12	8	8	10	1	0	5	3	0	0	8	3	6	0	9	5	8	0	12	7	7	1	7	5	10	1	16	10	23	11	5	5	26	5	19	11	24	17	14	1	13	6	6	7	16	8	9	3	14	0	9	15	23	16	7	3	16	14	
353_A/duck/Jiangxi/130/2 6	5	13	10	13	7	11	5	8	10	1	0	7	3	0	0	8	3	9	0	9	3	7	0	9	9	6	1	7	3	12	0	13	8	26	11	10	6	23	4	21	12	23	18	12	1	15	6	5	5	14	7	8	6	13	2	8	15	24	18	9	3	16	12	
354_A/duck/Jiangxi/34/20 7	4	12	10	12	6	12	4	9	10	1	0	5	4	0	0	6	4	7	0	12	2	8	0	9	10	7	0	9	3	10	1	11	9	25	10	8	6	20	7	22	9	24	17	13	1	14	8	6	7	16	7	8	3	12	1	10	15	24	18	10	4	17	13	
355_A/duck/Jiangxi/35/20 7	4	12	10	12	6	12	5	9	10	1	0	5	4	0	0	6	4	7	0	11	2	8	0	9	10	7	0	8	3	10	1	12	9	25	10	8	6	20	7	22	9	24	17	13	1	14	8	6	7	16	7	8	3	12	1	10	15	24	18	10	4	17	13	
356_A/duck/Jiangxi/44/20 7	4	12	10	12	6	12	5	9	10	1	0	5	4	0	0	7	4	7	0	10	2	8	0	9	10	7	0	8	3	10	1	12	9	25	10	8	6	20	7	22	9	24	17	13	1	14	8	6	7	16	7	8	3	12	1	10	15	24	18	10	4	17	13	
357_A/duck/Jiangxi/80/20 6	6	12	8	11	6	12	8	7	11	1	0	5	3	0	0	11	2	8	0	8	4	6	0	10	10	7	1	7	3	12	0	14	9	23	12	8	6	25	5	19	10	22	19	13	3	17	4	9	7	14	7	5	5	13	0	9	14	25	15	9	4	14	15	
358_A/duck/Jilin/JL-SIV/ 7	7	12	8	12	6	12	7	6	12	1	0	5	2	0	0	11	3	12	0	8	3	6	0	11	10	8	2	8	3	8	0	14	13	23	10	9	6	24	5	20	9	22	14	14	3	15	4	8	7	13	7	8	5	13	0	6	15	25	17	9	2	15	13	
359_A/duck/Nanchang/9789 6	4	11	9	12	6	13	6	9	10	1	0	5	4	0	0	8	4	8	1	10	2	7	0	11	10	7	1	6	3	10	0	12	9	25	10	8	6	22	7	23	9	23	18	13	3	13	7	6	8	17	6	8	2	11	2	10	15	23	18	9	3	17	12	
360_A/duck/Shandong/009/ 6	6	12	8	14	6	12	7	8	12	1	0	5	1	0	0	8	3	9	0	8	3	6	0	8	10	7	1	9	3	12	0	15	9	25	12	8	6	23	5	20	10	20	18	13	2	17	4	7	7	13	6	8	6	13	0	7	15	26	17	9	3	14	15	
361_A/duck/Sichuan/NCXN1 7	4	11	7	10	8	13	8	11	9	1	0	3	3	0	0	11	4	9	1	8	5	8	0	8	9	9	1	9	2	8	1	13	11	30	9	9	6	19	6	19	12	22	17	15	2	14	6	7	8	14	5	7	2	11	0	5	15	24	15	11	3	15	18	
362_A/duck/Sichuan/NCXN1 7	4	11	7	10	8	13	8	11	9	1	0	3	3	0	0	11	4	8	1	8	5	8	0	9	9	9	1	9	2	8	1	13	11	29	9	9	6	19	6	19	12	22	17	15	2	14	6	7	8	14	5	7	2	12	1	5	15	24	16	11	3	15	16	
363_A/duck/Wenzhou/YJYF3 5	3	15	10	14	9	10	5	9	9	1	0	6	4	0	0	9	3	8	0	8	3	8	0	9	9	7	1	5	3	11	0	13	8	24	11	10	6	24	4	20	11	21	18	13	3	18	5	5	5	16	5	9	5	10	3	12	14	22	19	7	3	17	12	
364_A/duck/Yunnan/4072/2 7	3	12	8	10	8	12	7	8	13	1	0	5	2	0	0	10	4	8	0	8	2	6	0	10	10	9	1	7	3	11	0	14	9	22	13	8	6	25	5	17	10	21	18	14	1	18	4	7	7	14	7	9	5	13	0	7	15	25	17	10	4	14	14	
365_A/duck/Yunnan/426/20 7	3	12	8	11	8	12	7	8	14	1	0	5	2	0	0	12	4	8	0	6	2	6	0	10	10	9	1	8	3	10	0	14	9	22	13	8	6	26	5	17	10	22	18	13	2	15	5	7	7	13	7	8	5	13	0	7	14	25	18	11	4	14	13	
366_A/duck/Yunnan/4645/2 7	3	12	8	11	8	12	7	8	13	1	0	5	2	0	0	10	4	8	0	8	2	6	0	10	10	9	1	7	3	11	0	14	9	22	12	8	6	25	5	16	11	21	18	14	1	17	6	7	7	14	6	8	5	13	0	7	15	25	17	10	4	14	15	
367_A/duck/Yunnan/47/200 7	6	12	7	12	5	12	8	9	10	1	0	4	3	0	0	10	3	8	0	8	3	6	0	8	10	7	1	9	3	12	0	14	9	22	11	8	6	26	6	19	11	21	18	14	1	20	4	8	8	15	7	8	4	12	0	8	13	24	17	9	4	14	14	
368_A/duck/Yunnan/485/20 7	3	12	8	11	8	12	7	8	14	1	0	5	2	0	0	11	4	8	0	7	2	6	0	10	10	9	1	8	3	10	0	14	9	22	13	8	6	24	5	17	10	23	17	13	1	15	6	7	7	15	7	8	5	13	0	7	14	25	18	11	4	14	13	
369_A/duck/Yunnan/4873/2 6	6	12	7	12	6	12	8	9	10	1	0	4	3	0	0	11	3	8	0	7	3	6	0	10	10	7	1	8	3	11	0	15	8	22	12	8	6	26	5	19	12	22	18	13	1	17	4	8	7	16	7	8	5	11	0	7	15	25	17	9	3	14	14	
370_A/duck/Yunnan/5090/2 7	3	12	8	11	8	12	7	8	13	1	0	5	2	0	0	10	4	8	0	8	2	6	0	10	10	9	1	7	3	11	0	14	9	21	13	8	6	25	5	17	10	22	17	14	1	17	5	7	7	15	7	8	5	13	0	7	15	25	17	10	4	14	14	
371_A/duck/Yunnan/5169/2 7	3	12	8	11	8	12	7	8	13	1	0	5	2	0	0	10	4	8	0	8	2	6	0	10	10	9	1	7	3	11	0	14	9	22	13	8	6	25	5	17	10	22	17	14	1	17	5	7	7	14	7	8	5	13	0	7	15	25	17	10	4	14	14	
372_A/duck/Yunnan/522/20 7	3	12	8	11	8	12	7	8	14	1	0	5	2	0	0	12	4	8	0	6	2	6	0	10	10	9	1	8	3	10	0	14	9	22	13	8	6	25	5	17	10	22	18	13	2	15	5	7	7	13	7	8	5	14	0	7	14	25	18	11	4	14	13	
373_A/duck/Yunnan/5310/2 6	6	12	7	12	5	12	8	7	12	1	0	5	2	0	0	9	3	7	0	8	5	7	0	10	9	7	1	9	3	12	0	14	9	22	12	8	6	26	5	18	11	23	18	13	2	15	4	8	7	14	6	8	5	13	0	8	14	24	17	9	4	15	15	
374_A/duck/Yunnan/5948/2 7	3	12	8	11	8	12	7	8	13	1	0	5	2	0	0	10	4	8	0	8	2	6	0	10	10	9	1	7	3	11	0	14	9	22	13	8	6	25	5	17	10	21	18	13	1	17	5	7	7	14	7	8	5	13	0	7	15	25	18	11	4	14	13	
375_A/duck/Yunnan/6080/2 7	3	12	8	11	8	12	7	8	14	1	0	5	2	0	0	11	4	8	0	7	2	6	0	10	10	9	1	8	3	10	0	14	9	22	13	8	6	25	5	17	10	22	18	13	1	16	5	7	7	14	7	8	5	13	0	7	14	25	18	11	4	14	13	
376_A/duck/Yunnan/6603/2 7	3	12	8	11	8	12	7	8	14	1	0	5	2	0	0	11	4	8	0	7	2	6	0	10	10	9	1	8	3	10	0	14	9	22	13	8	6	25	5	16	10	22	18	13	1	16	5	7	7	14	7	8	5	13	0	8	14	25	18	11	4	14	13	
377_A/duck/Zhejiang/1220 5	5	14	10	14	7	10	5	8	9	1	0	6	4	0	0	9	3	8	0	8	3	8	0	9	9	7	1	6	3	11	0	13	8	24	11	10	6	24	4	20	11	23	17	13	3	17	5	5	5	15	5	9	5	12	3	12	14	22	20	7	3	17	11	
378_A/duck/Zhejiang/213/ 7	4	12	10	12	6	12	5	9	10	1	0	5	4	0	0	7	4	7	0	10	2	8	0	9	10	7	0	8	3	10	1	11	9	26	10	7	6	22	6	23	8	24	18	14	2	13	7	6	7	15	7	8	3	14	1	11	16	22	19	9	3	18	11	
379_A/duck/Zhejiang/224/ 7	4	14	9	12	6	10	6	8	10	1	0	6	4	0	0	6	4	7	0	11	2	8	0	11	10	7	0	7	3	10	1	11	10	25	10	9	5	20	7	21	9	26	17	13	1	13	7	6	7	16	7	8	3	13	0	11	16	24	18	9	3	17	13	
380_A/duck/Zhejiang/2242 7	4	14	9	12	6	10	6	8	10	1	0	6	4	0	0	6	4	7	0	11	2	8	0	10	10	7	0	7	3	10	1	11	9	25	10	9	6	20	7	22	9	24	18	13	1	14	7	6	7	16	7	8	3	13	0	11	16	24	18	9	3	17	13	
381_A/duck/Zhejiang/2243 7	4	14	9	12	6	10	6	8	10	1	0	6	4	0	0	6	4	7	0	11	2	8	0	10	10	7	0	7	3	10	1	11	9	25	10	9	6	20	7	22	9	24	18	13	1	14	7	6	7	16	7	8	3	13	0	11	16	24	18	9	3	17	13	
382_A/duck/Zhejiang/2244 7	4	14	9	12	6	10	6	8	10	1	0	6	4	0	0	6	4	7	0	11	2	8	0	10	10	7	0	7	3	10	1	11	9	25	10	9	6	20	7	22	9	24	18	13	1	14	7	6	7	16	7	8	3	13	0	11	16	24	18	8	4	17	13	
383_A/duck/Zhejiang/2245 7	4	14	9	12	6	10	6	8	10	1	0	6	4	0	0	6	4	7	0	11	2	8	0	10	10	7	0	7	3	10	1	11	9	25	10	9	6	20	7	22	9	24	18	13	1	14	7	6	7	16	7	8	3	13	0	11	16	24	18	9	3	17	13	
384_A/duck/Zhejiang/2248 7	4	14	9	12	6	10	6	8	10	1	0	6	4	0	0	6	4	7	0	11	2	8	0	10	10	7	0	7	3	10	1	11	9	24	10	9	6	20	7	22	9	25	18	13	1	14	7	6	7	16	7	8	3	13	0	11	16	24	18	9	3	17	13	
385_A/equine/China/61/20 6	6	12	7	12	6	12	8	8	11	1	0	4	3	0	0	10	3	8	0	8	3	6	0	10	9	8	1	8	3	12	0	14	8	22	12	8	7	26	5	20	11	22	18	13	2	16	4	8	7	15	7	8	5	12	0	6	14	25	17	9	4	14	14	
386_A/equine/China/67/20 6	6	12	7	12	6	12	8	8	11	1	0	4	3	0	0	10	3	8	0	8	3	6	0	10	10	7	1	8	3	12	0	14	8	22	12	8	7	26	5	20	11	22	18	13	2	16	4	8	7	15	7	8	5	11	1	6	14	25	17	9	4	14	14	
387_A/equine/China/68/20 6	6	12	7	12	6	12	8	8	11	1	0	4	3	0	0	10	3	8	0	8	3	6	0	10	10	7	1	8	3	12	0	14	9	22	12	8	6	26	5	20	11	22	18	13	2	16	4	8	7	15	7	8	5	12	0	6	14	25	17	9	4	14	14	
388_A/goose/China/E43/20 7	5	14	10	12	6	10	5	9	10	1	0	4	4	0	0	6	3	7	0	10	2	8	0	10	9	8	0	9	4	9	1	12	9	26	11	8	7	21	7	21	8	20	21	13	2	14	7	6	7	15	6	8	2	14	2	11	16	21	17	9	3	19	13	
389_A/goose/Eastern_Chin 6	5	13	7	12	7	11	8	7	10	1	0	6	3	0	0	10	3	7	0	9	3	7	0	11	9	9	1	7	3	10	0	15	9	21	12	6	5	29	6	19	12	23	16	14	1	15	6	7	7	15	7	8	5	12	0	8	14	23	16	8	3	16	15	
390_A/goose/GuangDong/11 7	2	10	8	10	8	15	7	8	11	0	0	4	2	1	0	9	4	10	1	10	3	6	0	9	12	6	0	11	1	11	2	15	8	31	9	7	8	15	8	18	11	20	16	13	2	17	5	8	8	12	4	8	1	15	3	5	16	26	16	11	5	13	16	
391_A/goose/Guangdong/72 7	4	12	7	10	7	12	9	7	11	1	0	6	3	0	0	10	4	7	0	8	3	7	0	10	10	9	1	8	3	10	0	14	9	22	14	8	6	24	5	17	10	20	17	14	1	19	6	8	7	13	9	7	5	14	0	10	15	24	18	7	4	15	11	
392_A/goose/Hubei/65/200 6	6	12	8	12	6	12	7	7	11	1	0	5	3	0	0	10	3	9	0	8	3	5	0	10	10	7	1	8	3	12	0	14	9	22	12	8	6	26	5	20	11	22	18	13	2	16	4	8	7	14	6	8	5	13	0	6	14	25	17	9	4	14	15	
393_A/goose/Inner_Mongol 6	5	13	10	13	7	11	5	8	10	1	0	6	3	0	0	7	4	9	0	10	2	8	0	8	10	6	2	9	2	11	0	12	11	28	8	11	5	20	8	21	11	23	16	12	1	15	6	5	6	13	7	8	5	14	2	7	14	22	18	9	4	18	12	
394_A/goose/Jiangsu/k040 6	5	13	10	14	5	11	5	9	9	1	0	7	3	0	0	8	3	7	0	9	3	9	0	7	11	7	0	8	3	12	0	14	9	24	10	10	6	23	5	21	11	24	16	12	1	14	7	5	5	14	7	7	6	14	2	10	15	23	18	8	3	17	12	
395_A/goose/Yunnan/3798/ 6	6	12	7	13	5	12	8	9	10	1	0	4	3	0	0	10	3	8	0	8	3	6	0	10	10	8	1	8	3	11	0	14	9	22	12	8	6	26	5	20	10	21	18	14	1	17	4	8	8	14	6	8	4	13	0	8	13	25	19	9	4	14	13	
396_A/goose/Yunnan/4371/ 6	6	12	7	12	6	12	8	9	10	1	0	4	3	0	0	11	3	8	0	7	3	6	0	10	10	7	1	8	3	11	0	15	8	22	12	8	6	26	5	19	12	22	18	13	1	17	4	8	7	16	7	8	5	11	0	7	15	25	17	9	3	14	14	
397_A/goose/Yunnan/4389/ 6	6	12	7	12	6	12	8	9	10	1	0	4	3	0	0	11	3	8	0	7	3	6	0	10	10	7	1	8	3	11	0	15	8	22	12	8	6	26	5	19	12	22	18	13	1	17	4	8	7	16	7	8	5	11	0	7	15	25	17	9	3	14	14	
398_A/goose/Yunnan/4985/ 6	6	12	7	12	6	12	8	9	10	1	0	4	3	0	0	11	3	8	0	7	3	6	0	10	10	7	1	8	3	11	0	15	8	22	12	8	6	26	5	19	12	23	17	13	1	17	4	8	7	16	7	8	5	11	0	7	15	25	17	9	3	14	14	
399_A/goose/Yunnan/5141/ 6	5	12	6	12	7	11	8	9	10	1	0	4	2	0	0	6	3	7	0	8	3	6	0	10	10	7	1	8	3	10	0	12	9	23	11	8	6	23	4	16	9	20	18	12	2	16	4	6	7	14	6	7	5	11	0	7	12	25	17	8	4	12	14	
400_A/goose/Yunnan/5769/ 6	6	12	7	12	5	12	8	7	12	1	0	5	2	0	0	9	3	7	0	8	5	7	0	11	9	8	1	8	3	11	0	14	9	22	12	8	6	26	5	18	11	23	18	13	2	15	4	8	7	14	6	8	5	13	0	8	14	24	17	9	4	15	15	
401_A/goose/Yunnan/5979/ 6	6	12	7	12	5	12	8	7	12	1	0	5	2	0	0	9	3	7	0	8	5	7	0	11	9	8	1	8	3	11	0	14	10	22	12	8	6	26	5	18	10	23	18	13	2	15	4	8	7	14	6	8	5	13	0	8	14	24	17	9	4	15	15	
402_A/goose/Yunnan/6193/ 6	6	12	7	11	6	13	8	8	11	1	0	4	3	0	0	10	3	8	0	9	3	6	0	10	10	7	1	8	3	12	0	14	10	20	12	8	5	27	5	19	11	21	18	14	1	17	4	8	7	16	7	8	5	11	0	7	14	26	18	9	3	14	13	
403_A/goose/Zhejiang/112 6	6	13	10	13	6	11	5	8	10	1	0	5	3	0	0	8	4	8	0	8	3	8	0	11	8	6	2	8	3	12	0	12	11	28	9	11	5	22	6	21	11	23	16	12	1	16	5	5	6	13	7	8	6	13	3	7	14	23	19	9	3	17	10	
404_A/goose/Zhejiang/727 5	5	13	10	14	7	11	5	8	10	1	0	6	3	0	0	7	4	9	0	10	2	7	0	8	10	7	2	9	2	11	0	12	10	27	8	11	6	21	8	21	11	24	17	12	1	14	6	6	6	14	7	7	5	14	1	7	15	22	18	9	3	18	11	
405_A/great_black-headed 6	5	13	9	13	7	12	6	8	9	1	0	8	3	0	0	8	4	7	0	9	2	9	0	8	10	7	0	7	3	12	0	14	8	26	10	10	6	23	5	20	12	24	16	12	1	15	6	5	5	14	7	8	7	12	2	8	13	23	18	9	4	17	12	
406_A/great_crested-greb 6	5	13	10	13	7	11	5	8	9	1	0	8	3	0	0	8	4	7	0	9	2	9	0	8	10	7	0	7	3	12	0	14	8	26	10	10	6	23	5	20	12	24	16	12	1	15	6	5	5	14	7	7	6	13	2	9	14	24	18	9	4	16	12	
407_A/great_egret/Hong_K 7	5	13	10	12	7	11	5	8	10	1	0	6	3	0	0	7	4	7	0	10	2	8	0	8	10	9	0	8	3	10	0	13	10	24	10	9	5	25	6	19	11	24	19	13	1	13	6	5	6	15	7	8	5	13	0	11	14	23	18	9	3	17	13	
408_A/great_tit/Panjing/ 6	5	13	10	13	7	11	5	8	10	1	0	7	3	0	0	8	3	9	0	10	3	6	1	9	9	6	1	7	3	12	0	13	7	29	11	9	6	20	4	20	12	23	17	12	2	14	7	5	5	14	7	8	6	13	2	9	15	23	18	9	3	17	12	
409_A/grey_heron/Hong_Ko 7	4	13	10	12	7	11	5	8	11	1	0	6	3	0	0	7	4	7	0	10	2	8	0	8	10	7	0	8	3	11	0	13	9	23	10	9	6	25	6	19	11	24	19	13	1	14	6	5	6	16	7	8	4	13	0	11	15	23	18	9	3	17	13	
410_A/grey_heron/Hong_Ko 7	4	13	10	12	7	11	5	8	11	1	0	6	3	0	0	8	4	7	0	10	2	8	0	8	10	9	0	7	3	10	0	13	9	24	10	9	6	25	6	19	11	23	19	13	1	14	6	5	6	14	7	8	5	14	0	11	13	23	18	9	4	17	13	
411_A/hill_myna/Heilongj 7	5	13	10	12	6	11	5	7	10	1	0	7	3	0	0	7	4	7	0	10	3	9	0	8	10	6	2	9	2	12	0	11	10	29	10	11	6	20	5	22	11	23	16	12	1	15	6	5	6	13	7	8	5	14	2	7	15	24	18	9	3	16	12	
412_A/lesser_kestrel/Hei 6	6	13	8	12	6	11	7	6	11	1	0	5	3	0	0	9	3	8	0	8	4	6	0	11	9	6	1	9	3	13	0	15	8	23	12	8	6	25	5	19	11	23	17	13	2	16	4	8	7	13	6	8	5	15	1	7	14	24	17	9	4	14	14	
413_A/lion/Hubei/1-2/201 5	5	14	10	14	7	10	5	9	9	1	0	7	3	0	0	9	3	9	0	8	3	7	0	9	9	8	1	6	3	10	0	13	7	25	11	11	5	24	4	20	11	23	17	13	2	17	5	5	6	15	5	9	5	11	4	11	14	23	17	7	3	17	13	
414_A/little_egret/Hong_ 8	3	14	10	11	8	10	5	8	11	1	0	7	3	0	0	8	4	6	0	9	2	9	0	8	9	8	0	7	4	11	0	15	9	26	10	8	6	24	6	18	10	24	17	13	1	14	6	5	6	13	7	8	5	14	0	10	15	23	19	10	3	17	12	
415_A/magpie_robin/Hong_ 7	4	13	10	12	7	11	5	8	11	1	0	6	3	0	0	7	4	7	0	10	2	8	0	8	10	8	0	8	3	11	0	13	9	24	10	9	6	25	6	19	11	23	19	13	1	14	6	5	6	15	7	8	5	13	0	11	14	22	18	9	3	18	13	
416_A/magpie_robin/Hong_ 7	4	13	10	12	7	11	5	8	11	1	0	6	3	0	0	7	4	7	0	10	2	8	0	8	10	8	0	8	3	11	0	13	9	24	10	9	6	25	6	19	11	23	19	13	1	14	6	6	6	15	6	8	5	13	0	11	14	23	18	9	3	17	13	
417_A/meerkat/Shanghai/S 6	5	13	10	13	7	11	5	8	10	1	0	6	3	0	0	7	4	8	0	10	2	8	0	8	10	6	2	9	2	12	0	12	11	28	8	11	5	21	7	21	12	23	16	12	1	15	6	5	6	13	7	8	5	14	2	7	13	22	18	9	4	17	13	
418_A/mink/China/G/2015_ 7	4	12	10	12	6	12	5	9	10	1	0	5	4	0	0	7	4	7	0	10	2	8	0	10	9	6	0	8	3	10	1	12	8	26	9	8	6	21	8	20	9	25	18	14	3	12	7	6	7	16	7	8	3	13	1	10	16	23	20	10	3	17	11	
419_A/mink/China/XB/2015 5	5	14	10	14	7	10	5	8	9	1	0	6	4	0	0	8	3	8	0	8	3	8	0	9	9	6	1	7	3	12	0	13	8	25	11	10	6	24	4	19	11	24	17	14	3	16	5	5	5	15	5	9	5	11	3	12	14	22	19	7	3	17	12	
420_A/mink/Eastern_China 9	4	12	7	8	8	12	8	10	11	1	0	4	3	0	0	12	3	9	1	7	3	6	0	7	9	10	1	9	3	8	1	13	10	30	12	8	7	17	6	20	13	18	18	13	2	16	5	9	8	12	5	7	3	13	1	8	14	23	19	9	3	16	13	
421_A/ostrich/Suzhou/097 6	4	13	8	12	8	11	7	6	9	1	0	6	3	0	0	10	5	7	0	8	2	7	0	10	9	10	1	9	3	8	1	14	8	25	11	8	8	24	6	17	12	19	17	15	1	20	4	7	7	13	7	9	6	13	0	9	13	23	19	6	4	17	13	
422_A/parrot/Guangdong/C 8	4	12	8	10	8	12	7	6	10	1	0	6	4	0	0	10	4	7	0	8	2	7	0	11	10	9	1	7	3	11	0	14	9	23	13	8	7	23	6	17	10	20	18	14	1	18	6	7	7	13	7	8	4	13	0	11	15	24	18	6	4	16	13	
423_A/partridge/Shantou/ 7	4	12	8	11	8	12	7	6	11	1	0	6	3	0	0	9	4	7	0	7	2	7	0	13	11	10	1	8	2	9	0	15	9	23	14	8	6	25	4	17	7	20	16	16	1	21	4	8	8	12	7	7	6	13	0	9	15	25	20	8	4	14	11	
424_A/peacock/Yunnan/1/2 5	4	14	10	14	8	10	5	8	9	1	0	5	5	0	0	10	3	7	0	7	3	9	0	9	9	7	1	6	3	11	0	13	8	24	11	10	6	24	4	20	11	24	17	12	3	17	5	5	5	16	5	9	5	11	3	12	14	23	20	7	3	16	11	
425_A/peacock/Yunnan/3/2 5	5	14	10	14	7	10	5	8	9	1	0	6	4	0	0	10	4	7	0	7	2	8	0	9	8	7	1	6	3	11	0	13	8	24	11	11	7	24	4	20	11	23	17	12	4	18	4	5	5	16	5	9	5	11	3	12	14	23	20	7	3	16	11	
426_A/peregrine_falcon/H 7	5	12	7	11	7	12	8	7	10	1	0	6	3	0	0	10	3	8	0	9	3	6	0	11	9	8	1	7	3	11	0	15	9	20	12	5	5	28	6	19	11	24	16	14	1	16	4	7	7	16	7	8	6	13	0	8	15	25	17	8	3	14	14	
427_A/pheasant/Shantou/3 7	4	12	8	11	8	12	7	6	11	1	0	6	3	0	0	9	4	7	0	7	2	7	0	13	11	10	1	8	2	9	0	15	9	24	13	8	6	25	4	17	7	20	16	16	1	21	4	8	7	12	7	7	7	12	1	9	15	25	20	8	4	14	11	
428_A/pheasant/Shantou/4 7	4	12	9	11	8	12	6	6	10	1	0	6	4	0	0	10	4	7	0	8	2	7	0	11	11	9	1	8	2	10	0	14	9	21	14	8	6	25	5	18	11	20	17	14	1	19	6	7	7	14	7	8	5	12	0	8	14	24	20	8	4	16	11	
429_A/pied_megpie/Liaoni 10	4	10	8	8	7	14	7	8	12	1	0	5	3	0	0	11	3	6	0	9	2	8	0	10	11	9	1	6	3	11	0	14	9	23	12	8	6	25	5	18	11	18	18	13	1	18	7	6	8	13	7	9	3	13	0	8	14	25	18	9	4	15	14	
430_A/pigeon/Hubei/RP25/ 7	5	11	7	12	8	13	8	8	10	1	0	4	3	0	0	8	3	7	0	9	3	7	0	13	7	7	1	7	4	11	0	14	11	24	12	5	4	25	5	20	13	24	15	13	1	16	5	7	7	16	8	9	3	12	0	9	16	22	20	8	2	16	12	
431_A/pigeon/Sichuan/NCX 7	4	11	7	10	8	13	8	11	9	1	0	3	3	0	0	11	4	8	1	8	5	8	0	9	9	9	1	9	2	8	1	12	11	29	9	9	6	19	6	19	12	22	17	16	2	14	6	7	8	14	5	7	2	12	1	5	15	24	16	11	3	15	16	
432_A/pigeon/Zhejiang/11 6	5	13	10	13	7	11	5	8	10	1	0	5	3	0	0	8	4	8	0	8	3	8	0	11	8	6	2	8	3	12	0	12	11	27	10	11	5	22	6	21	11	23	16	12	1	16	5	5	6	13	7	8	6	13	3	7	14	23	19	9	3	17	10	
433_A/pigeon/Zhejiang/11 6	5	13	10	13	7	11	5	8	10	1	0	5	3	0	0	7	4	8	0	10	2	8	0	9	10	7	2	9	2	11	0	12	11	26	9	11	5	23	6	21	11	23	16	12	1	16	5	5	6	13	7	8	5	14	2	7	15	23	19	9	3	17	11	
434_A/pigeon/Zhejiang/72 5	5	13	10	14	7	11	5	8	10	1	0	6	3	0	0	7	4	9	0	10	2	7	0	8	10	7	2	9	2	11	0	12	10	27	8	11	6	21	8	21	11	24	17	12	1	14	6	6	6	14	7	7	5	14	1	7	15	22	18	9	3	18	11	
435_A/plateau_pika/Qingh 7	4	11	8	11	7	13	7	5	11	1	0	7	3	0	0	10	4	8	0	9	4	7	0	9	9	9	2	8	3	10	0	14	9	23	14	7	8	24	5	17	10	18	16	14	1	19	6	7	7	13	7	9	6	13	0	9	14	25	20	7	4	15	11	
436_A/quail/Guangxi/11/2 8	5	11	8	11	7	13	7	7	10	1	0	6	2	0	0	9	4	6	0	8	3	8	0	10	10	9	1	8	3	11	0	14	9	21	14	8	7	26	4	18	9	19	17	15	1	20	4	6	7	14	7	9	6	13	0	9	14	25	19	9	3	14	12	
437_A/quail/Guangxi/12/2 8	5	11	8	11	7	13	7	7	10	1	0	6	2	0	0	9	4	6	0	8	3	8	0	11	10	10	1	7	3	10	0	14	9	22	14	8	7	26	4	18	9	20	15	15	1	20	5	6	8	13	7	9	5	13	0	9	13	26	19	9	4	13	12	
438_A/quail/Guangxi/13/2 8	5	11	8	11	7	13	7	7	10	1	0	6	2	0	0	9	4	6	0	8	3	8	0	10	10	9	1	8	3	11	0	14	9	21	14	8	7	26	4	18	9	19	17	15	1	20	5	6	7	14	7	9	6	13	0	9	13	25	18	9	4	14	12	
439_A/quail/Nanchang/663 6	4	11	9	12	6	13	6	9	10	1	0	5	4	0	0	8	4	8	1	10	2	7	0	11	10	6	1	6	3	10	0	12	9	24	10	8	6	24	6	23	9	24	18	13	3	13	7	6	8	17	6	8	2	11	2	10	15	23	17	9	3	17	13	
440_A/shrike/Tibet/13/20 6	6	12	8	11	6	12	7	6	11	1	0	4	3	0	0	9	3	7	0	8	3	7	0	11	10	7	1	9	3	12	0	14	9	24	10	7	6	25	6	19	11	22	18	13	2	16	4	8	7	14	6	9	5	13	0	8	14	26	17	9	4	13	15	
441_A/silky_chicken/Shan 6	4	12	9	12	8	12	6	9	10	1	0	4	3	0	0	9	5	7	0	9	2	7	0	9	9	9	1	8	3	11	0	13	9	23	12	8	6	25	6	18	10	21	18	15	1	16	5	7	7	13	7	8	5	14	0	8	15	24	18	9	3	16	13	
442_A/swan/Shanghai/10/2 6	4	13	11	12	7	11	4	8	9	1	0	6	4	0	0	10	3	7	0	9	2	8	0	8	10	7	1	8	3	11	0	14	10	24	8	8	6	26	7	19	11	26	14	13	1	13	7	5	5	14	6	8	6	13	1	12	15	22	20	8	3	18	12	
443_A/swine/Guangxi/592/ 7	4	13	9	12	6	11	6	9	10	1	0	5	4	0	0	6	4	7	0	11	2	8	0	10	10	8	0	7	3	9	1	11	8	24	10	9	7	21	7	22	9	24	19	13	1	14	6	6	7	17	7	8	3	12	0	11	16	23	18	9	3	17	14	
444_A/swine/Jiangsu/1/20 9	4	12	7	10	7	12	8	7	11	1	0	7	3	0	0	8	3	7	0	9	4	7	0	12	9	10	1	8	2	8	0	14	9	28	13	11	6	25	2	18	9	25	16	14	1	13	3	7	8	12	5	6	7	11	3	9	13	24	20	10	3	17	11	
445_A/swine/Jiangsu/2/20 6	6	12	8	12	6	12	7	5	11	1	0	6	3	0	0	10	3	9	0	8	3	5	0	10	10	8	2	9	3	11	0	14	9	23	11	9	6	26	6	18	10	21	16	13	2	16	5	8	6	13	6	8	6	13	0	8	15	25	18	9	3	15	14	
446_A/swine/Shandong/SD1 6	4	12	8	12	8	12	7	6	11	1	0	6	3	0	0	10	4	7	0	8	2	7	0	11	10	11	1	7	3	10	0	14	8	21	13	8	6	26	5	18	11	18	17	14	1	18	6	7	8	13	7	8	5	13	1	10	14	23	19	7	4	17	12	
447_A/swine/Zhejiang/SW5 5	5	13	10	14	7	11	5	8	10	1	0	6	3	0	0	7	4	9	0	10	2	7	0	8	10	7	2	9	2	11	0	12	10	27	8	11	6	21	8	21	11	24	17	12	1	14	6	6	6	14	7	7	5	14	1	7	15	22	18	9	3	18	11	
448_A/tiger/Yunnan/tig14 8	4	11	7	9	8	13	8	9	9	1	0	5	3	0	0	11	4	9	1	8	5	7	0	9	9	9	1	9	2	8	1	12	9	28	10	9	7	19	6	18	13	21	17	15	1	15	6	9	9	14	6	8	2	12	1	4	15	24	16	12	2	15	15	
449_A/tiger/Yunnan/tig14 6	4	11	9	12	7	13	6	11	10	1	0	5	4	0	0	8	4	8	1	11	2	8	0	8	10	6	1	6	3	10	0	12	9	24	10	8	7	20	7	22	7	23	18	13	4	13	8	7	7	17	7	7	1	13	1	11	16	23	18	9	3	17	12	
450_A/tiger/Yunnan/tig15 5	5	14	10	14	7	10	5	9	10	1	0	6	4	0	0	9	3	8	0	8	3	8	0	9	8	7	1	6	4	11	0	13	8	26	11	10	6	23	4	20	11	23	17	13	3	17	5	5	5	13	6	9	5	13	3	12	14	23	18	7	3	16	12	
451_A/turtle_dove/Guangd 7	7	12	8	11	6	11	7	7	11	1	0	5	2	0	0	10	3	9	0	8	3	7	0	10	10	7	1	8	3	11	0	14	10	21	13	8	6	26	5	19	10	22	18	14	1	17	3	8	7	14	6	8	5	13	0	8	14	25	17	8	4	14	15	
452_A/waterfowl/Hong_Kon 7	4	12	8	11	8	12	7	7	11	1	0	6	3	0	0	10	4	7	0	8	2	7	0	10	10	9	1	7	3	11	0	14	9	23	14	9	7	23	5	17	9	19	18	15	1	20	4	6	8	13	7	8	5	13	0	9	14	25	20	8	4	15	11	
453_A/wild_duck/Fujian/1 7	4	12	10	12	6	12	5	10	10	1	0	5	4	0	0	6	4	7	0	11	1	8	1	8	10	6	0	8	3	10	1	12	9	25	10	8	6	21	7	22	8	25	18	13	2	12	8	6	7	14	8	8	3	14	1	10	16	24	19	9	4	17	11	
454_A/wild_duck/Fujian/2 7	4	12	10	12	6	12	5	10	10	1	0	5	4	0	0	6	4	7	0	11	1	8	1	8	10	6	0	8	3	10	1	12	9	25	10	8	6	21	7	22	8	25	18	13	2	12	8	6	7	14	8	8	3	14	1	10	16	24	19	9	4	17	11	
455_A/wild_duck/Jilin/HF 6	5	13	10	13	7	11	5	8	11	1	0	7	2	0	0	8	3	8	0	9	3	8	0	9	9	6	1	8	3	11	0	13	8	27	11	10	6	22	4	21	12	23	17	12	1	16	5	5	5	14	7	8	6	13	2	8	15	23	18	9	3	17	12	
456_A/wild_duck/Jilin/ZF 6	5	13	10	13	7	11	5	7	10	1	0	7	3	0	0	7	4	7	0	10	2	9	0	9	9	6	1	8	3	12	0	15	8	26	10	9	7	24	5	20	11	25	16	12	1	15	6	5	4	14	7	7	7	13	1	9	15	22	18	9	3	17	12	
457_A/wild_duck/Liaoning 12	4	10	8	7	6	13	7	8	12	1	0	5	3	0	0	11	3	6	0	9	5	8	0	10	9	10	1	6	3	11	0	13	9	24	11	8	7	25	5	18	11	21	17	13	1	18	6	6	8	13	7	9	4	13	1	9	13	26	19	8	4	12	12	
458_A/wild_duck/Shandong 7	4	13	6	11	7	11	9	8	11	0	1	8	3	0	0	9	3	8	0	8	5	7	0	10	8	10	1	8	2	8	0	11	12	28	13	11	6	25	2	18	9	27	16	14	1	14	4	10	7	12	5	4	7	11	3	11	11	21	21	9	3	17	10	
459_A/wild_duck/Shandong 6	5	13	9	13	7	11	6	8	10	1	0	8	3	0	0	7	4	8	0	10	2	9	0	8	10	7	1	7	2	10	0	14	8	25	10	10	5	25	5	20	12	25	16	12	2	13	7	5	5	14	8	7	6	13	2	9	15	22	17	9	2	18	12	
460_A/wild_duck/Shandong 6	4	11	6	11	7	13	9	11	9	1	0	3	3	0	0	9	5	8	1	9	4	8	0	9	10	8	1	10	2	9	1	13	8	26	10	8	7	21	6	20	11	24	16	12	2	15	5	9	8	14	5	7	3	12	1	5	16	24	16	12	4	14	16	
461_A/Hong_Kong/486/97 3	1	0	2	3	2	5	1	1	4	0	1	1	0	0	0	6	2	3	1	6	2	2	0	8	4	4	3	4	0	11	3	4	6	5	7	4	5	5	2	1	6	4	4	15	3	9	6	4	7	5	3	4	8	2	2	2	9	8	6	6	3	9	5	
462_A/Hong_Kong/538/97 3	1	0	2	3	2	5	1	1	4	0	1	1	0	0	0	6	2	3	1	6	2	2	0	8	4	4	3	4	0	12	3	4	6	5	7	4	5	5	2	1	6	4	4	15	3	9	6	4	7	5	3	4	8	2	2	2	9	8	6	6	3	8	5	
463_A/Indonesia/5/2005 4	3	1	2	3	0	4	1	0	6	0	1	2	0	0	0	5	2	4	1	7	2	1	1	5	3	0	3	7	1	15	1	3	6	8	5	6	5	5	2	2	4	6	5	14	4	7	6	3	8	6	3	4	7	0	2	1	7	7	9	7	3	10	2	
464_A/Pheasant/Hong_Kong 4	3	1	2	3	0	4	1	1	4	0	1	1	1	0	0	5	2	4	1	7	2	1	1	6	3	2	3	6	1	13	1	3	5	7	6	5	7	5	2	2	5	5	6	14	3	8	5	3	6	6	4	4	8	0	2	0	8	7	8	8	3	10	3	
465_A/Thailand/16/2004 4	3	1	2	3	0	4	1	0	5	0	1	2	0	0	0	5	2	4	1	7	2	1	1	6	3	0	3	6	1	15	1	3	6	8	5	7	5	5	2	2	4	5	8	14	4	8	3	2	8	6	3	4	7	0	2	1	9	6	8	7	2	11	3	
466_A/chicken/Indonesia/ 4	3	1	2	3	0	4	1	0	5	0	1	2	0	0	0	5	2	4	1	7	2	1	1	6	3	0	3	6	1	15	1	3	6	8	5	6	5	5	2	2	4	5	5	14	4	8	6	2	8	6	2	5	7	0	3	1	8	7	7	7	3	10	4	
467_A/Chicken/HongKong/F 4	3	1	2	3	0	4	1	0	5	0	1	2	0	0	0	5	2	4	1	7	2	1	1	6	3	0	2	6	1	15	2	3	5	8	5	5	7	5	2	2	5	4	7	14	3	8	5	2	8	6	3	5	7	0	2	0	8	7	8	7	3	10	4	
468_A/Chicken/HongKong/Y 3	2	0	3	3	1	5	0	2	3	0	1	3	1	0	0	5	2	4	1	8	2	1	0	5	3	1	3	5	1	14	1	3	6	7	6	4	6	5	3	2	5	4	7	14	3	7	5	3	7	6	3	5	9	0	2	0	9	7	7	8	2	10	4	
469_A/Chicken/HongKong/Y 4	3	1	2	3	0	4	1	0	5	0	1	3	0	0	0	5	2	4	1	7	2	1	1	7	3	0	2	5	1	15	2	2	6	8	5	6	6	5	2	2	5	4	7	13	3	8	5	2	8	6	3	5	7	0	2	0	8	7	8	8	3	10	3	
470_A/chicken/Korea/ES/0 3	3	1	2	4	0	4	1	2	5	0	1	2	0	0	0	5	2	4	1	7	2	1	1	4	3	0	3	6	1	15	1	4	6	8	5	5	5	5	2	2	4	5	7	14	4	8	4	2	8	6	3	5	7	0	2	1	9	6	8	7	2	11	3	
471_A/Vietnam/UT3062/200 4	3	1	2	3	0	4	1	0	5	0	1	2	0	0	0	5	2	4	1	7	2	1	1	6	3	0	3	6	1	15	1	3	6	8	5	7	5	5	2	2	4	5	7	14	4	8	4	2	8	6	3	4	7	0	2	1	8	6	7	7	3	11	4	
472_A/Hong_Kong/156/97 3	1	0	2	3	2	5	1	1	4	0	1	1	0	0	0	6	2	3	1	6	2	2	0	8	4	4	3	4	0	11	3	4	6	4	7	5	5	6	2	1	6	4	5	15	3	9	5	4	7	5	3	3	8	2	2	2	9	7	6	6	3	10	5	
473_A/whooper_swan/Mongo 4	3	1	2	3	0	4	1	0	5	0	1	2	0	0	0	4	2	4	1	8	2	1	1	6	3	0	3	6	1	15	1	2	6	8	5	6	5	5	2	2	5	5	8	15	3	8	3	2	8	6	3	5	7	0	3	1	8	6	7	7	3	11	3	
474_A/Hong_Kong/483/1997 3	1	0	2	3	2	5	1	1	4	0	1	1	0	0	0	6	2	3	1	6	2	2	0	7	4	3	3	5	0	13	3	4	6	4	7	5	5	6	2	1	6	4	4	15	3	9	6	4	7	5	3	3	8	2	2	2	9	8	6	6	3	8	5	
475_A/Hong_Kong/482/97 3	1	0	2	3	2	5	1	1	4	0	1	1	0	0	0	6	2	3	1	6	2	2	0	8	4	4	3	4	0	11	3	4	6	5	7	4	5	5	2	1	6	4	4	15	3	9	6	4	7	5	3	4	8	2	2	2	9	8	6	6	3	9	5	
476_A/Anas_platyrhynchos 3	2	0	3	3	1	5	0	0	3	0	1	5	2	0	0	5	2	4	1	7	2	1	1	5	3	5	2	6	1	10	2	3	3	4	8	4	10	6	1	3	3	5	7	12	3	6	6	3	9	5	3	5	8	2	2	0	8	8	6	8	2	9	5	
477_A/Anas_platyrhynchos 3	2	0	3	3	1	5	0	0	3	0	1	5	2	0	0	5	2	4	1	7	2	1	1	5	3	5	2	6	1	10	2	3	3	4	8	4	10	6	1	3	3	5	7	12	3	6	6	3	9	5	3	5	8	2	2	0	8	8	6	8	2	9	5	
478_A/Anhui/1/2005|EPI_I 4	3	1	2	3	0	4	1	0	5	0	1	2	0	0	0	5	2	4	1	7	2	1	1	6	3	0	3	6	1	15	1	3	5	8	4	6	6	5	3	2	4	5	6	14	4	8	5	2	8	6	3	5	7	0	2	1	8	7	7	7	3	10	4	
479_A/Anhui/1/2006|EPI_I 4	3	1	2	3	0	4	1	0	5	0	1	2	0	0	0	5	2	4	1	7	2	1	1	6	3	0	3	6	1	15	1	3	5	8	4	6	6	5	3	2	4	5	6	14	4	8	5	2	8	6	3	5	7	0	2	2	8	7	7	6	3	10	4	
480_A/Anhui/2/2005|EPI_I 4	3	1	2	3	0	4	1	0	5	0	1	2	0	0	0	5	2	4	1	7	2	1	1	6	3	0	3	6	1	15	1	3	5	8	4	6	6	5	3	2	4	5	6	14	4	8	5	2	8	6	3	5	7	0	2	1	8	7	7	7	3	10	4	
481_A/Anser_cygnoides/Ch 5	3	1	2	3	0	4	1	0	5	0	1	2	0	0	0	4	2	4	2	7	2	1	0	6	4	0	3	6	0	15	1	2	5	10	6	7	5	3	1	2	5	5	8	14	3	8	3	2	8	5	3	4	8	1	2	1	9	6	8	8	2	11	3	
482_A/Anser_fabalis/Jiuj 3	2	0	3	3	1	5	0	0	3	0	1	5	2	0	0	5	2	4	1	7	2	1	1	5	3	5	2	6	1	10	2	3	3	4	8	4	10	6	1	3	3	5	7	12	3	6	6	3	9	5	3	5	8	2	2	0	8	8	6	8	2	9	5	
483_A/Bar-headed_Goose/Q 4	2	1	2	3	1	4	1	0	5	0	1	2	0	0	0	5	2	4	2	7	2	1	0	6	4	1	3	6	0	14	1	2	6	8	5	6	5	5	2	3	5	5	6	14	3	8	5	3	6	6	3	3	9	0	2	2	9	5	10	7	2	12	1	
484_A/Bar-headed_Goose/T 3	2	0	3	3	1	5	0	0	4	0	1	5	1	0	0	5	2	4	1	7	2	1	1	5	3	5	2	6	1	10	2	3	3	4	8	4	10	6	1	3	3	5	8	12	3	6	5	3	9	5	3	5	7	2	2	0	8	8	7	8	3	9	4	
485_A/Bar-headed_Goose/T 3	2	0	3	3	1	5	0	0	4	0	1	5	1	0	0	5	2	4	1	7	2	1	1	5	3	5	2	6	1	10	2	3	3	4	8	4	10	6	1	3	3	5	8	12	3	6	5	3	9	5	3	5	7	2	2	0	8	8	7	8	3	9	4	
486_A/Black_faced_Spoonb 3	2	0	3	3	1	5	0	0	4	0	1	5	2	0	1	5	2	4	1	7	2	1	1	5	3	5	2	6	1	10	2	3	4	4	8	4	9	6	1	3	3	5	7	12	3	6	6	3	9	5	4	5	8	2	2	0	6	8	6	8	3	9	4	
487_A/Black_Faced_Spoonb 3	2	0	3	3	1	5	0	0	4	0	1	5	1	0	0	5	2	4	1	7	2	1	1	5	3	4	2	6	1	11	2	3	3	5	8	3	10	5	1	4	3	5	8	12	3	6	5	3	9	5	3	5	7	2	2	0	8	8	7	8	3	9	4	
488_A/Black_Faced_Spoonb 3	2	0	3	3	1	5	0	0	4	0	1	5	2	0	0	5	2	4	1	7	2	1	1	5	3	5	2	6	1	10	2	3	3	4	8	4	10	6	1	3	3	5	8	12	3	6	5	3	9	5	3	5	8	2	2	0	6	8	6	8	3	9	5	
489_A/Black-necked_Grebe 4	3	1	3	3	0	4	0	0	5	0	1	2	0	0	0	5	2	4	2	7	2	1	0	6	4	1	3	6	0	14	1	2	6	8	5	6	5	5	2	3	5	5	6	14	3	8	5	3	6	6	3	3	9	0	2	2	9	5	10	7	2	12	1	
490_A/Black-necked_Grebe 4	3	1	2	3	0	4	1	0	5	0	1	2	0	0	0	5	2	4	2	7	2	1	0	6	4	1	3	6	0	14	1	2	6	8	5	6	5	5	2	3	5	5	7	14	3	8	4	3	6	6	3	3	9	0	2	2	9	5	10	7	2	12	1	
491_A/Black-necked_Grebe 4	3	1	2	3	0	4	1	0	5	0	1	2	0	0	0	5	2	4	2	7	2	1	0	6	4	1	3	6	0	14	1	2	6	8	5	6	5	5	2	3	5	5	7	14	3	8	4	3	6	6	3	3	9	0	2	2	9	5	10	7	2	12	1	
492_A/Black-necked_Grebe 4	3	1	2	3	0	4	1	0	5	0	1	2	0	0	0	5	2	4	2	7	2	1	0	6	4	1	3	6	0	14	1	2	6	8	5	6	5	5	2	3	5	5	7	14	3	8	4	3	6	6	3	3	9	0	2	2	9	5	10	7	2	12	1	
493_A/Black-necked_Grebe 4	3	1	2	3	0	4	1	0	5	0	1	2	0	0	0	5	2	4	2	7	2	1	0	6	4	1	3	6	0	14	1	2	6	8	5	6	5	5	2	3	5	5	7	14	3	8	4	3	6	6	3	3	9	0	2	2	9	5	10	7	2	12	1	
494_A/Black-necked_Grebe 4	3	1	2	3	0	4	1	0	5	0	1	2	0	0	0	5	2	4	2	7	2	1	0	6	4	1	3	6	0	14	1	2	6	8	5	6	5	5	2	3	5	5	7	14	3	8	4	3	6	6	3	3	9	0	2	2	9	5	10	7	2	12	1	
495_A/Black-necked_Grebe 4	3	1	2	3	0	4	1	0	5	0	1	2	0	0	0	5	2	4	2	7	2	1	0	6	4	1	3	6	0	14	1	2	6	8	5	6	5	5	2	3	5	5	7	14	3	8	4	3	6	6	3	3	9	0	2	2	9	5	10	7	2	12	1	
496_A/Black-necked_Grebe 4	3	1	2	3	0	4	1	0	5	0	1	2	0	0	0	5	2	4	2	7	2	1	0	6	4	1	3	6	0	14	1	2	6	8	5	6	5	5	2	3	5	5	7	14	3	8	4	3	6	6	3	3	9	0	2	2	9	5	10	7	2	12	1	
497_A/chicken/Anhui/S174 3	2	0	3	3	1	5	0	0	4	0	1	4	1	0	0	5	2	4	1	7	2	1	1	4	3	4	2	8	1	11	2	4	3	4	8	4	9	6	1	2	3	5	8	12	3	5	6	3	9	5	3	5	8	2	2	0	8	8	6	8	3	9	5	
498_A/chicken/China/Cang 3	2	0	3	3	1	5	0	0	3	0	1	5	2	0	0	5	2	4	1	7	2	1	1	5	3	5	2	6	1	10	2	3	3	4	8	4	10	6	1	3	3	5	7	12	3	6	6	3	9	5	3	5	8	2	2	0	7	8	6	8	3	9	5	
499_A/chicken/China/E93/ 4	3	1	2	3	0	4	1	2	5	0	1	1	0	0	0	6	2	3	1	6	2	2	1	5	3	2	2	6	1	13	2	3	7	7	6	6	4	5	2	4	5	5	6	13	3	8	5	2	8	5	4	4	7	1	1	3	9	6	7	5	2	11	4	
500_A/chicken/China/E96/ 4	3	1	2	3	0	4	1	2	5	0	1	1	0	0	0	6	2	3	1	6	2	2	1	5	3	2	2	6	1	13	2	3	7	7	6	6	4	5	2	3	5	5	6	14	3	8	5	2	8	5	4	4	7	1	1	3	9	6	7	5	2	11	4	
501_A/chicken/Gansu/5/20 5	2	2	3	2	1	3	0	3	5	0	1	1	0	0	0	5	2	4	1	7	2	1	1	2	3	3	3	8	1	12	1	3	4	6	5	4	7	4	4	2	7	6	7	14	2	6	5	3	9	4	3	3	7	3	2	2	8	5	7	9	1	12	4	
502_A/chicken/Gansu/6/20 4	3	1	2	3	0	4	1	2	5	0	1	1	0	0	0	6	2	3	1	6	2	2	1	5	3	2	2	6	1	13	2	3	7	7	6	6	4	5	2	3	5	5	6	14	3	8	5	2	8	5	4	4	7	1	1	3	9	6	7	5	2	11	4	
503_A/chicken/Guangxi/S2 4	3	1	2	3	0	4	1	0	5	0	1	2	0	0	0	5	2	4	2	7	2	1	0	6	4	0	3	6	0	15	1	2	5	8	6	7	6	5	1	2	5	5	6	14	3	8	5	2	7	6	3	4	8	0	2	2	9	5	9	7	2	12	2	
504_A/chicken/Hubei/2856 4	3	1	2	3	0	4	1	0	5	0	1	2	0	0	0	5	2	4	1	7	2	1	1	6	3	0	3	6	1	15	1	3	5	7	4	6	6	6	3	2	4	5	6	14	4	8	5	3	8	6	3	4	7	0	2	1	8	7	7	7	3	10	4	
505_A/chicken/Hunan/1793 4	3	1	2	3	0	4	1	0	5	0	1	2	0	0	0	5	2	4	1	7	2	1	1	6	3	0	2	6	1	15	2	3	5	8	4	6	6	5	3	2	4	5	7	14	4	8	4	3	7	6	3	5	7	0	2	1	8	7	7	7	3	10	4	
506_A/chicken/Hunan/3157 4	3	1	2	3	0	4	1	0	5	0	1	2	0	0	0	5	2	4	1	7	2	1	1	5	3	0	3	7	1	15	1	3	5	8	4	6	6	5	3	2	4	5	6	14	4	8	5	3	8	6	3	4	7	0	2	1	8	7	7	7	3	10	4	
507_A/chicken/Hunan/S100 4	3	1	2	3	0	4	1	0	6	0	1	3	0	0	0	5	2	4	2	7	2	1	0	6	4	0	2	5	0	15	1	3	3	8	6	7	7	5	1	2	6	5	7	14	3	8	5	2	6	6	3	3	8	0	2	2	10	7	8	7	1	10	3	
508_A/chicken/Jiangsu/03 4	1	0	2	2	2	5	1	2	4	0	1	1	0	0	0	7	2	3	2	6	2	2	0	6	4	6	1	5	0	9	3	4	8	4	6	3	4	8	2	2	4	3	5	14	3	10	5	4	7	4	2	4	7	3	2	3	9	7	6	4	5	10	7	
509_A/chicken/Jiangsu/92 4	3	1	2	3	0	4	1	0	5	0	1	2	0	0	0	5	2	4	2	7	2	1	0	6	4	0	3	6	0	15	1	2	6	8	5	7	5	5	2	2	5	6	7	14	3	7	4	2	6	6	3	3	9	0	2	3	9	6	9	7	2	11	2	
510_A/chicken/Jiangsu/24 4	3	1	2	3	0	4	1	0	5	0	1	2	0	0	0	5	2	4	2	7	2	1	0	6	4	0	3	6	0	15	1	2	6	8	5	6	5	5	2	3	5	5	7	14	3	8	4	3	6	6	3	3	9	0	2	2	9	5	10	7	2	12	1	
511_A/chicken/Jiangsu/k0 4	3	1	2	3	0	4	1	0	5	0	1	2	0	0	0	5	2	4	2	7	2	1	0	6	3	2	3	6	1	13	1	3	5	9	4	6	6	4	3	2	4	5	7	14	3	8	4	2	8	5	3	5	7	1	3	0	7	5	6	8	5	12	4	
512_A/chicken/Jiangsu/SE 4	3	1	2	3	0	4	1	0	5	0	1	2	0	0	0	5	2	4	2	7	2	1	0	6	4	0	2	6	0	15	2	2	6	8	5	7	5	5	2	2	4	5	7	14	4	8	4	3	6	6	3	3	9	0	2	2	9	5	10	7	2	12	1	
513_A/chicken/Jiangsu/YB 4	1	0	2	2	2	5	1	2	4	0	1	1	0	0	0	7	2	3	2	6	2	2	0	6	4	6	1	5	0	9	3	4	7	4	6	3	4	8	2	2	5	3	5	14	3	10	5	4	7	4	3	4	7	3	1	3	9	7	6	4	5	10	7	
514_A/chicken/Jiangxi/25 4	3	1	2	3	0	4	1	0	5	0	1	2	0	0	0	5	2	4	2	7	2	1	0	6	3	0	3	6	1	15	1	2	6	8	6	7	5	5	1	2	5	4	7	14	3	8	5	2	6	6	3	4	9	0	2	2	9	5	9	7	2	12	2	
515_A/chicken/Jiangxi/S4 3	2	0	3	3	1	5	0	0	4	0	1	4	1	0	0	5	2	4	1	7	2	1	1	4	3	4	2	8	1	11	2	4	3	4	8	4	9	6	1	2	3	5	9	12	3	5	5	3	9	5	3	5	8	2	2	0	8	8	6	8	3	9	5	
516_A/chicken/Jilin/04.1 4	3	2	2	3	0	3	1	1	5	0	1	2	0	0	0	5	2	4	2	7	2	1	0	5	4	0	3	6	0	15	1	2	6	8	5	7	5	5	2	2	5	4	7	14	3	9	4	3	6	6	3	3	9	0	2	2	9	5	10	7	2	12	1	
517_A/chicken/Jilin/04.1 4	3	2	2	3	0	3	1	1	5	0	1	2	0	0	0	5	2	4	2	7	2	1	0	5	4	0	3	6	0	15	1	2	6	8	5	7	5	5	2	2	5	4	7	14	3	9	4	3	6	6	3	3	9	0	2	2	9	5	10	7	2	12	1	
518_A/chicken/Jilin/04.1 4	3	2	2	3	0	3	1	1	5	0	1	2	0	0	0	5	2	4	2	7	2	1	0	5	4	0	3	6	0	15	1	2	6	8	5	7	5	5	2	2	5	4	7	14	3	9	4	3	6	6	3	3	9	0	2	2	9	5	10	7	2	12	1	
519_A/chicken/Jilin/04.1 4	3	2	2	3	0	3	1	1	5	0	1	2	0	0	0	5	2	4	2	7	2	1	0	5	4	0	3	6	0	15	1	2	6	8	5	7	5	5	2	2	5	4	7	14	3	9	4	3	6	6	3	3	9	0	2	2	9	5	10	7	2	12	1	
520_A/chicken/Jilin/04.2 4	3	1	2	3	0	4	1	0	5	0	1	2	0	0	0	5	2	4	2	7	2	1	0	6	4	0	3	6	0	15	1	2	6	8	5	7	5	5	2	2	5	4	7	14	3	9	4	3	6	6	3	3	9	0	2	2	9	5	10	7	2	12	1	
521_A/chicken/Jilin/S125 4	3	1	2	3	0	4	1	0	6	0	1	2	0	0	0	5	1	4	2	7	4	1	0	7	3	0	2	5	0	15	2	1	6	6	5	7	6	6	2	3	5	6	7	14	3	7	4	3	6	6	3	3	9	0	2	3	7	7	10	6	3	10	1	
522_A/chicken/Jilin/S127 4	3	1	2	3	0	4	1	0	6	0	1	2	0	0	0	5	1	4	2	7	4	1	0	7	3	0	2	5	0	15	2	1	6	6	5	7	6	6	2	3	5	6	7	14	3	7	4	3	6	6	3	3	9	0	2	3	7	7	10	6	3	10	1	
523_A/chicken/Liaoning/S 4	3	1	2	3	0	4	1	1	5	0	1	2	0	0	0	6	2	3	1	6	2	2	1	4	3	3	2	7	1	12	2	3	7	7	6	6	4	5	2	3	5	5	6	14	3	8	5	3	8	5	4	3	7	1	1	3	9	6	7	5	2	11	4	
524_A/chicken/Liaoning/S 4	3	1	2	3	0	4	1	0	6	0	1	2	0	0	0	5	1	4	2	7	4	1	0	7	3	0	2	5	0	15	2	1	5	7	5	7	6	6	2	3	5	5	7	14	3	8	4	3	6	6	2	3	9	0	3	3	8	6	9	6	2	11	2	
525_A/chicken/Ningxia/2/ 4	3	1	2	3	0	4	1	1	4	0	1	2	1	0	0	6	2	3	1	6	2	2	1	6	3	3	2	5	1	12	2	3	7	7	6	6	4	5	2	3	5	5	6	14	3	8	5	3	8	5	4	3	7	1	1	3	9	7	7	5	2	10	4	
526_A/chicken/Ningxia/22 4	3	1	2	3	0	4	1	1	4	0	1	2	1	0	0	6	2	3	1	6	2	2	1	6	3	3	2	5	1	12	2	3	7	7	6	6	4	5	2	3	5	5	6	14	3	8	5	3	8	5	4	3	7	1	1	3	9	7	7	5	2	10	4	
527_A/chicken/Shandong/1 4	1	0	2	2	2	5	1	2	4	0	1	1	0	0	0	7	2	3	2	6	2	2	0	6	4	6	1	5	0	9	3	4	7	4	6	3	4	8	2	2	5	3	5	14	3	10	5	4	7	4	2	4	7	3	2	3	9	7	6	4	5	10	7	
528_A/Chicken/Shandong/J 4	3	1	2	3	0	4	1	0	5	0	1	2	0	0	0	5	2	3	2	7	2	2	0	6	4	0	2	6	0	15	1	2	5	8	6	7	6	5	1	2	4	5	6	14	4	8	6	2	8	6	3	4	8	0	2	2	8	5	9	7	2	12	2	
529_A/Chicken/Shandong/J 4	3	1	2	3	0	4	1	1	5	0	1	2	0	0	0	6	2	3	1	6	2	2	1	5	3	2	2	6	1	13	2	3	7	7	6	6	4	5	2	3	5	6	6	14	3	7	5	2	8	5	4	4	7	1	1	3	9	6	7	5	2	11	4	
530_A/Chicken/Shandong/J 4	3	1	2	3	0	4	1	1	5	0	1	2	0	0	0	6	2	3	1	6	2	2	1	5	3	2	2	6	1	13	2	4	6	8	6	6	4	4	2	3	5	5	6	14	3	8	5	2	8	5	4	4	7	1	1	3	9	6	7	5	2	11	4	
531_A/Chicken/Shandong/J 4	3	1	2	3	0	4	1	1	5	0	1	2	0	0	0	6	2	3	1	6	2	2	1	5	3	3	2	6	1	12	2	3	7	7	6	6	4	5	2	3	5	5	6	14	3	8	5	3	7	5	4	3	8	1	1	3	9	6	7	5	2	11	4	
532_A/Chicken/Shandong/J 4	3	1	2	3	0	4	1	0	5	0	1	2	0	0	0	5	2	3	2	7	2	2	0	6	4	2	3	6	0	13	1	3	5	9	4	5	6	4	3	3	4	5	6	14	4	8	5	2	8	5	3	5	7	1	3	0	7	5	6	8	4	12	4	
533_A/chicken/Shanghai/S 4	3	1	2	3	0	4	1	0	5	0	1	3	0	0	0	5	2	4	2	7	2	1	0	6	4	0	2	5	0	15	2	2	6	8	5	7	5	5	2	2	5	5	8	14	3	8	3	3	6	6	3	3	9	0	2	2	9	6	10	7	2	11	1	
534_A/chicken/Shanghai/S 4	3	1	2	3	0	4	1	0	5	0	1	2	0	0	0	5	2	4	2	7	2	1	0	6	4	0	2	6	0	15	2	2	6	8	5	7	5	5	2	2	4	5	7	14	4	8	4	3	6	6	3	3	9	0	2	2	9	5	10	7	2	12	1	
535_A/chicken/Wuxi/WX-32 4	3	1	2	3	0	4	1	0	5	0	1	2	0	0	0	5	2	4	2	7	2	1	0	6	4	0	3	6	0	15	1	2	6	8	5	7	5	5	2	2	5	5	7	14	3	8	4	2	6	6	3	4	9	0	2	2	9	5	9	7	2	12	2	
536_A/chicken/Wuxi/WX-33 4	3	1	2	3	0	4	1	0	5	0	1	2	0	0	0	5	2	4	2	7	2	1	0	6	4	0	3	6	0	15	1	2	6	8	5	7	5	5	2	2	5	5	7	14	3	8	4	2	6	6	3	4	9	0	2	2	9	5	9	7	2	12	2	
537_A/chicken/Xinjiang/S 4	3	1	2	3	0	4	1	0	5	0	1	3	0	0	0	5	2	4	2	7	2	1	0	6	4	0	2	5	0	15	2	2	6	8	5	7	5	5	2	2	5	5	8	14	3	8	3	3	6	6	3	3	9	0	2	2	9	6	10	7	2	11	1	
538_A/chicken/Xinjiang/S 4	3	1	2	3	0	4	1	0	5	0	1	3	0	0	0	5	2	4	2	7	2	1	0	6	4	0	2	5	0	15	2	2	6	8	5	7	5	5	2	2	5	5	8	14	3	8	3	3	6	6	3	3	9	0	2	2	9	6	10	7	2	11	1	
539_A/chicken/Xinjiang/S 4	3	1	2	3	0	4	1	0	5	0	1	3	0	0	0	5	2	4	2	7	2	1	0	6	4	0	2	5	0	15	2	3	6	8	5	6	5	5	2	2	5	5	8	14	3	8	3	3	6	6	3	3	9	0	2	2	9	6	10	7	2	11	1	
540_A/chicken/Yunnan/1/2 4	3	1	2	3	0	4	1	0	5	0	1	2	0	0	0	5	2	4	2	7	2	1	0	6	4	0	3	6	0	15	1	2	5	10	6	7	5	3	1	2	5	5	8	14	3	8	3	2	8	5	3	4	8	1	2	1	9	6	8	8	2	11	3	
541_A/condor/Guangdong/1 5	3	1	2	3	0	4	1	0	5	0	1	2	0	0	0	4	2	4	1	7	2	1	1	6	3	0	3	6	1	15	1	3	7	8	5	6	5	5	2	2	3	5	6	15	4	8	5	2	8	6	3	5	7	0	2	1	9	6	8	6	2	11	3	
542_A/Curlew/Hong_Kong/A 3	2	0	3	3	1	5	0	0	4	0	1	5	1	0	0	5	2	4	1	7	2	1	1	5	3	4	2	6	1	11	2	3	3	5	8	3	10	5	1	4	3	5	8	12	3	6	5	3	9	5	3	5	7	2	2	0	8	8	7	8	3	9	4	
543_A/Cygnus_columbianus 3	2	0	3	3	1	5	0	0	3	0	1	5	2	0	0	5	2	4	1	7	2	1	1	5	3	5	2	6	1	10	1	3	3	4	8	4	10	6	1	3	3	5	7	12	3	6	7	3	9	5	3	5	8	2	2	1	7	8	6	7	3	9	5	
544_A/Cygnus_columbianus 3	2	0	3	3	1	5	0	0	3	0	1	5	2	0	0	5	2	5	1	7	2	1	1	5	3	5	2	6	1	9	2	3	3	4	8	4	10	6	1	3	3	5	7	12	3	5	7	3	9	5	3	5	8	2	2	0	7	8	6	8	3	9	5	
545_A/Cygnus_columbianus 3	2	0	3	3	1	5	0	0	3	0	1	5	2	0	0	5	2	4	1	7	2	1	1	5	3	5	2	6	1	10	1	3	3	4	8	4	10	6	1	3	3	5	7	12	3	6	7	3	9	5	3	5	8	2	2	1	7	8	6	7	3	9	5	
546_A/Cygnus_columbianus 3	2	0	3	3	1	5	0	0	3	0	1	5	2	0	0	5	2	4	1	7	2	1	1	5	3	5	2	6	1	10	1	3	3	4	8	4	10	6	1	3	3	5	7	12	3	6	7	3	9	5	3	5	8	2	2	1	7	8	6	7	3	9	5	
547_A/domestic_green-win 5	1	0	3	2	2	5	0	1	5	0	1	1	0	0	0	5	2	3	1	7	2	2	1	5	3	3	2	7	1	12	2	3	4	5	6	4	8	5	3	2	5	6	6	14	3	6	6	5	9	5	3	3	8	2	2	1	5	8	4	8	3	9	7	
548_A/duck/China/E26/201 4	3	1	2	3	0	4	1	0	5	0	1	2	0	0	0	5	2	4	2	7	2	1	0	6	4	2	3	6	0	13	1	3	6	9	5	6	5	4	2	2	4	5	8	14	4	8	3	2	8	5	3	5	7	1	3	0	8	5	6	8	3	12	4	
549_A/duck/China/E53/201 4	3	1	2	3	0	4	1	0	5	0	1	2	0	0	0	5	2	4	2	7	2	1	0	6	4	0	3	6	0	15	1	2	6	8	6	7	5	5	1	2	5	6	6	14	3	7	5	2	5	6	3	3	10	0	2	3	9	5	9	7	2	12	2	
550_A/duck/Eastern_China 4	3	1	2	3	0	4	1	1	5	0	1	2	0	0	0	6	2	4	1	6	2	1	1	5	3	1	3	6	1	14	1	3	5	8	4	6	6	6	3	2	4	4	6	14	4	8	5	3	7	6	2	4	8	0	3	2	8	6	7	6	3	11	4	
551_A/duck/Eastern_China 4	3	1	2	3	0	4	1	1	5	0	1	2	0	0	0	6	2	4	1	6	2	1	1	5	3	1	3	6	1	14	1	3	5	8	4	6	6	6	3	2	4	4	6	14	4	8	5	3	7	6	3	4	8	0	2	2	8	6	7	6	3	11	4	
552_A/duck/Fujian/S1233/ 5	3	1	2	2	0	4	1	0	5	0	1	2	0	0	0	5	2	4	1	7	2	1	0	6	4	0	2	6	0	15	3	3	7	9	6	6	4	4	1	2	6	5	8	14	2	8	3	2	7	5	3	4	8	1	2	1	8	6	10	8	3	11	1	
553_A/duck/Fujian/S1273/ 5	3	1	2	2	0	4	1	0	5	0	1	2	0	0	0	5	2	4	1	7	2	1	0	6	4	0	2	6	0	15	3	3	7	9	6	6	4	4	1	2	6	5	8	14	2	8	3	2	7	5	3	4	8	1	2	1	8	6	10	8	3	11	1	
554_A/Duck/Fujian/S4146/ 4	3	1	2	3	0	4	1	0	5	0	1	2	0	0	0	5	2	4	2	7	2	1	0	6	4	0	3	6	0	15	1	2	6	8	6	7	5	5	1	2	5	5	6	14	3	8	5	2	7	6	3	4	8	0	2	2	9	5	9	7	2	12	2	
555_A/duck/Guangdong/S45 3	2	0	3	3	1	5	0	0	4	0	1	5	1	0	0	5	2	4	1	7	3	1	1	5	3	4	2	6	1	11	2	3	3	5	8	3	9	5	1	4	2	5	8	12	4	6	5	3	9	5	3	5	8	2	2	0	7	8	6	8	3	9	5	
556_A/duck/Guangdong/S45 3	2	0	3	3	1	5	0	0	4	0	1	5	1	0	0	5	2	4	1	7	3	1	1	5	3	4	2	6	1	11	2	3	3	5	8	3	9	5	1	4	2	5	8	12	4	6	5	3	9	5	3	5	8	2	2	0	7	8	6	8	3	9	5	
557_A/duck/Guizhou/S1321 3	2	0	3	3	1	5	0	0	4	0	1	5	1	0	0	5	2	4	1	7	2	1	1	5	3	4	2	6	1	11	2	3	3	5	8	3	10	5	1	4	2	5	8	12	4	6	5	3	9	5	3	5	8	2	2	0	7	8	6	8	3	9	5	
558_A/duck/Guizhou/S1711 3	2	0	3	3	1	5	0	0	3	0	1	5	2	0	0	5	2	4	1	7	2	1	1	5	3	5	2	6	1	10	2	3	3	4	8	4	10	6	1	3	3	5	7	12	3	6	6	3	9	5	3	5	8	2	2	0	8	8	6	8	2	9	5	
559_A/duck/Hubei/03.06__ 4	1	0	2	2	2	5	1	2	4	0	1	1	0	0	0	6	2	3	2	7	2	2	0	6	4	6	1	5	0	9	3	4	6	4	6	3	5	8	2	2	5	3	5	14	3	10	5	4	7	4	3	4	7	3	1	3	9	7	6	4	5	10	7	
560_A/duck/Hubei/46/2009 4	3	0	3	3	0	5	0	0	4	0	1	2	1	0	0	5	2	4	1	6	2	1	1	6	3	2	2	7	1	13	2	3	5	7	6	5	7	6	2	2	5	3	7	14	4	8	5	1	8	6	3	7	7	0	2	0	7	7	8	8	2	10	3	
561_A/duck/Hubei/2911/20 4	3	1	2	3	0	4	1	0	5	0	1	2	0	0	0	5	2	4	1	7	2	1	1	5	3	0	3	7	1	15	1	3	5	8	4	6	5	5	3	2	4	5	6	14	4	8	5	2	8	6	3	5	8	0	2	1	8	8	7	7	3	9	4	
562_A/duck/Hubei/S4465/2 3	2	0	3	3	1	5	0	0	4	0	1	4	1	0	0	5	2	4	1	7	2	1	1	4	3	5	2	8	1	10	2	4	3	4	8	4	9	6	1	2	3	5	8	12	3	5	6	3	8	5	3	5	9	2	2	0	8	8	7	8	3	9	4	
563_A/duck/Hubei/SE128/2 3	2	0	3	3	1	5	0	0	4	0	1	4	1	0	0	5	2	4	1	7	2	1	1	4	3	4	2	8	1	11	2	4	3	4	8	4	9	6	1	2	3	5	8	12	3	5	6	3	9	5	3	5	8	2	2	0	8	8	6	8	3	9	5	
564_A/duck/Hubei/SE220/2 3	2	0	3	3	1	5	0	0	4	0	1	5	1	0	0	5	2	4	1	7	2	1	1	5	3	4	2	6	1	11	2	2	3	5	8	3	10	5	1	5	2	5	8	12	4	6	5	3	9	5	3	5	8	2	2	0	7	9	6	8	3	8	5	
565_A/duck/Hubei/xn/2007 4	3	1	2	3	0	4	1	0	5	0	1	2	0	0	0	5	2	4	2	7	2	1	0	6	3	0	3	6	1	15	1	2	5	8	4	7	6	5	3	2	4	5	7	14	3	8	4	3	8	6	3	4	7	0	2	1	8	5	8	7	4	12	3	
566_A/duck/Hunan/03.07_Y 4	3	1	2	3	0	4	1	0	6	0	1	3	0	0	0	5	2	4	2	7	2	1	0	6	4	0	2	5	0	15	1	3	3	8	6	7	7	5	1	2	6	5	7	14	3	8	5	2	6	6	3	3	8	0	2	2	10	7	8	7	1	10	3	
567_A/duck/Hunan/12.07__ 5	3	1	2	2	0	4	1	0	5	0	1	2	0	0	0	5	2	3	2	7	2	2	0	6	4	0	3	6	0	15	1	2	6	8	5	7	5	5	2	2	5	5	7	14	3	8	4	2	6	6	3	4	9	0	2	2	9	6	9	7	2	11	2	
568_A/duck/Hunan/12.07__ 4	3	1	2	3	0	4	1	0	6	0	1	3	0	0	0	5	2	4	2	7	2	1	0	6	4	0	2	5	0	15	1	2	3	8	6	8	7	5	1	2	5	5	7	14	4	8	5	2	7	6	3	3	8	0	2	2	9	5	10	7	1	12	1	
569_A/duck/Hunan/12.07_Y 4	3	1	2	3	0	4	1	0	6	0	1	3	0	0	0	5	2	4	2	7	2	1	0	6	4	0	2	5	0	15	1	2	3	8	6	8	7	5	1	2	5	5	7	14	4	8	5	2	7	6	3	3	8	0	2	2	9	5	10	7	1	12	1	
570_A/duck/Hunan/12.07_Y 4	3	1	2	3	0	4	1	0	5	0	1	2	0	0	0	5	2	4	2	7	2	1	0	6	4	0	3	6	0	15	1	2	6	8	5	7	5	5	2	2	5	5	7	14	3	8	4	2	7	6	3	4	8	0	2	2	10	5	9	7	1	12	2	
571_A/duck/Hunan/316/200 4	3	1	2	3	0	4	1	0	5	0	1	3	0	0	0	5	2	4	1	7	2	1	1	6	3	0	3	5	1	15	1	3	5	8	4	6	6	5	3	2	4	5	6	14	4	8	5	3	8	6	3	4	7	0	2	1	8	7	7	7	3	10	4	
572_A/duck/Hunan/689/200 4	3	1	2	3	0	4	1	0	5	0	1	2	0	0	0	5	2	3	1	7	2	2	1	5	3	0	3	7	1	15	1	3	5	8	4	6	6	5	3	2	4	5	6	14	4	8	5	2	8	6	3	5	7	0	2	1	8	7	7	7	3	10	4	
573_A/duck/Hunan/3315/20 4	3	1	2	3	0	4	1	0	5	0	1	2	0	0	0	5	2	4	1	7	2	1	1	6	3	0	2	6	1	15	2	3	5	8	4	6	6	5	3	2	4	5	6	14	4	8	5	2	8	6	3	5	7	0	2	1	8	7	7	7	3	10	4	
574_A/duck/Hunan/S4020/2 4	3	1	2	3	0	4	1	0	5	0	1	2	0	0	0	6	2	4	2	6	2	1	0	6	3	0	3	6	1	15	1	3	5	8	4	6	6	5	3	2	4	5	6	14	4	8	5	2	8	4	4	5	7	2	2	0	9	5	7	8	2	12	3	
575_A/duck/Hunan/S4030/2 4	3	1	2	3	0	4	1	0	5	0	1	2	0	0	0	5	2	4	2	7	2	1	0	6	4	0	2	6	0	15	1	2	4	8	6	8	7	5	1	2	4	5	7	14	4	8	5	2	7	6	3	3	8	0	2	2	9	5	9	7	2	12	2	
576_A/duck/Hunan/S4150/2 4	2	1	2	3	1	4	1	0	5	0	1	2	0	0	0	5	2	4	2	7	2	1	0	6	3	2	3	6	1	13	1	3	5	9	4	6	6	4	3	2	4	5	7	14	4	8	4	2	8	5	3	5	7	1	3	0	7	5	6	8	4	12	4	
577_A/duck/Hunan/S4220/2 4	3	1	2	3	0	4	1	0	5	0	1	2	0	0	0	6	2	4	2	7	2	1	0	6	4	0	3	5	0	15	1	2	6	8	6	7	5	5	1	2	5	5	7	14	3	8	4	2	7	6	3	4	8	0	2	1	9	5	9	8	2	12	2	
578_A/duck/Jiangsu/S4439 4	3	1	2	3	0	4	1	0	5	0	1	2	0	0	0	5	2	4	2	7	2	1	0	6	4	0	2	6	0	15	2	2	6	8	5	7	5	5	2	2	4	5	7	14	4	8	4	3	6	6	3	3	9	0	2	2	10	5	10	7	1	12	1	
579_A/duck/Jiangsu/SE112 4	3	1	2	3	0	4	1	0	5	0	1	2	0	0	0	5	2	4	2	7	2	1	0	6	4	0	2	6	0	15	2	2	6	8	5	7	5	5	2	2	4	5	7	14	4	8	4	3	6	6	3	3	9	0	2	2	9	5	10	7	2	12	1	
580_A/duck/Jiangxi/34/20 4	3	1	2	3	0	4	1	0	5	0	1	2	0	0	0	5	2	4	2	7	2	1	0	6	4	0	3	6	0	15	1	2	6	8	6	7	5	5	1	2	5	5	6	14	3	8	5	2	6	6	3	4	9	0	2	2	9	5	9	7	2	12	2	
581_A/duck/Jiangxi/35/20 4	3	1	2	3	0	4	1	0	5	0	1	2	0	0	0	5	2	4	2	7	2	1	0	6	4	0	3	6	0	15	1	2	6	8	6	7	5	5	1	2	5	5	6	14	3	8	5	2	6	6	3	4	9	0	2	2	9	5	9	7	2	12	2	
582_A/duck/Jiangxi/44/20 4	3	0	1	3	0	5	2	1	3	0	1	1	1	0	0	5	2	4	1	6	2	1	0	3	2	2	2	9	2	13	3	2	4	5	6	4	7	6	2	3	5	5	7	16	3	7	5	3	7	5	3	3	9	2	2	2	10	8	6	8	1	9	5	
583_A/duck/Jiangxi/120/2 3	1	0	2	3	2	5	1	2	4	0	1	1	0	0	0	6	2	3	1	6	2	2	0	7	4	5	2	4	0	10	3	5	6	5	5	3	4	5	4	2	6	4	5	14	3	9	6	4	12	4	3	4	5	3	2	2	8	10	5	5	3	7	7	
584_A/duck/Jiangxi/130/2 4	2	1	2	3	1	4	1	0	5	0	1	2	0	0	0	5	2	4	2	7	2	1	0	6	3	2	3	6	1	13	1	3	5	8	4	6	6	5	3	2	4	5	7	14	4	8	4	3	8	5	2	4	7	1	4	0	7	5	6	8	4	12	4	
585_A/duck/Jiangxi/S4083 3	2	0	3	3	1	5	0	0	4	0	1	4	1	0	0	5	2	4	1	7	2	1	1	4	3	4	2	8	1	11	2	4	3	4	8	4	9	6	1	2	3	5	8	12	3	5	6	3	9	5	3	5	8	2	2	0	8	8	6	8	3	9	5	
586_A/duck/Jilin/04.04_S 4	3	1	2	3	0	4	1	0	5	0	1	2	0	0	0	5	2	4	2	7	2	1	0	6	4	0	3	6	0	15	1	2	6	8	5	7	5	5	2	2	5	5	7	14	3	8	4	3	6	6	3	3	9	0	2	2	9	5	10	7	2	12	1	
587_A/duck/Jilin/JL-SIV/ 4	3	1	2	3	0	4	1	0	5	0	1	2	0	0	0	5	2	4	1	7	2	1	1	6	3	0	3	6	1	15	1	3	5	8	4	7	6	5	3	2	4	5	6	14	4	8	5	2	8	6	3	4	7	0	2	1	8	7	7	7	3	10	4	
588_A/duck/Jilin/S1261/2 4	3	1	2	3	0	4	1	0	6	0	1	2	0	0	0	5	1	4	2	7	4	1	0	6	3	0	2	6	0	15	2	1	6	6	5	7	6	6	2	3	5	6	7	14	3	7	4	3	6	6	3	3	9	0	2	3	7	7	10	6	3	10	1	
589_A/duck/Jilin/S4171/2 4	3	1	2	3	0	4	1	0	6	0	1	2	0	0	0	6	1	4	2	7	4	1	0	6	3	0	2	5	0	15	2	1	5	7	5	7	6	6	2	3	5	5	7	14	3	8	4	3	6	6	2	3	9	0	3	3	8	6	9	6	2	11	2	
590_A/duck/Nanchang/9789 4	3	1	2	3	0	4	1	0	6	0	1	2	0	0	0	5	2	4	2	7	2	1	0	6	4	0	2	6	0	15	2	2	6	8	6	7	5	5	1	2	5	5	7	14	3	8	4	2	7	6	3	4	8	0	2	1	8	5	8	8	2	12	3	
591_A/duck/Shandong/009/ 4	1	1	2	2	2	4	1	2	4	0	1	1	0	0	0	6	2	3	1	6	2	2	0	6	4	4	2	5	0	11	3	5	7	4	6	3	4	6	3	2	6	5	5	14	3	8	6	4	10	3	3	4	6	4	2	2	9	9	6	5	2	8	6	
592_A/Duck/Shandong/Y01/ 4	3	1	2	3	0	4	1	0	5	0	1	2	0	0	0	5	2	4	2	7	2	1	0	7	3	2	3	5	1	13	1	3	5	9	4	6	6	4	3	2	4	5	7	14	4	8	4	2	8	5	3	5	7	1	3	0	7	5	6	8	4	12	4	
593_A/Duck/Shandong/Y02/ 4	3	1	2	3	0	4	1	0	5	0	1	2	0	0	0	5	2	4	2	7	2	1	0	6	3	2	3	6	1	13	1	3	5	9	4	6	6	4	3	2	4	5	8	14	4	8	3	2	8	5	3	5	7	1	3	0	7	5	6	8	4	12	4	
594_A/duck/Sichuan/NCXN1 4	3	2	2	3	0	3	1	0	5	0	1	2	0	0	0	5	2	4	2	7	2	1	0	6	4	0	3	6	0	15	1	2	5	10	6	7	5	3	1	2	5	5	8	14	3	8	3	2	8	5	3	4	8	1	2	1	9	5	8	8	2	12	3	
595_A/duck/Sichuan/NCXN1 4	3	2	2	3	0	3	1	0	5	0	1	2	0	0	0	5	2	4	2	7	2	1	0	5	4	0	3	6	0	15	1	2	5	10	6	7	5	3	1	3	5	5	8	14	3	8	3	2	8	5	3	4	8	1	2	1	9	5	8	8	2	12	3	
596_A/duck/Xinjiang/S106 4	3	1	2	3	0	4	1	0	5	0	1	3	0	0	0	5	2	4	2	7	2	1	0	6	4	0	2	5	0	15	2	2	6	8	5	7	5	5	2	2	5	5	8	14	3	8	3	3	6	6	3	3	9	0	2	2	9	6	10	7	2	11	1	
597_A/duck/Xinjiang/S112 4	3	1	2	3	0	4	1	0	5	0	1	3	0	0	0	5	2	4	2	7	2	1	0	6	4	0	2	5	0	15	2	2	6	8	5	7	5	5	2	2	5	5	8	14	3	8	3	3	6	6	3	3	9	0	2	2	9	6	10	7	2	11	1	
598_A/duck/Zhejiang/1220 4	1	0	2	2	2	5	1	2	4	0	1	1	0	0	0	7	2	3	2	6	2	2	0	6	4	6	1	5	0	9	3	4	7	4	6	3	4	8	2	2	5	3	5	14	3	10	5	4	7	4	3	4	7	3	1	3	9	7	6	4	5	10	7	
599_A/duck/Zhejiang/S409 3	3	1	2	4	0	4	1	0	5	0	1	2	0	0	0	5	2	4	2	7	2	1	0	6	4	0	2	6	0	15	2	2	6	8	5	7	5	5	2	2	4	5	6	14	4	8	5	3	6	6	3	3	9	0	2	2	9	5	10	7	2	12	1	
600_A/equine/China/61/20 4	3	1	2	3	0	4	1	0	5	0	1	2	0	0	0	5	2	5	1	7	2	1	1	6	3	0	3	6	1	14	1	3	5	8	4	6	7	5	3	2	3	5	6	14	4	8	5	2	8	6	3	5	7	0	2	1	8	5	8	7	3	12	3	
601_A/equine/China/67/20 4	3	1	2	3	0	4	1	0	5	0	1	2	0	0	0	5	2	4	1	7	2	1	1	6	3	0	3	6	1	15	1	3	5	8	4	6	7	4	3	2	4	5	6	14	4	8	5	2	8	6	3	5	7	1	2	1	8	5	8	7	3	11	3	
602_A/equine/China/68/20 4	3	1	2	3	0	4	1	0	5	0	1	2	0	0	0	5	2	4	1	7	2	1	1	6	3	0	3	6	1	15	1	3	5	8	4	6	6	5	3	2	4	5	6	14	4	8	5	2	8	6	3	5	7	0	2	1	8	5	8	7	3	12	3	
603_A/Eurasian_Teal/Hong 4	2	0	3	2	1	5	0	1	3	0	1	4	2	0	0	5	2	4	1	7	2	1	1	5	3	5	2	6	1	10	2	3	3	4	8	4	10	6	1	3	3	5	7	12	3	6	6	4	9	5	3	4	8	2	2	0	7	9	8	8	3	8	3	
604_A/Eurasian_Teal/Hong 4	2	0	3	2	1	5	0	1	3	0	1	4	2	0	0	5	2	4	1	7	2	1	1	5	3	5	2	6	1	10	2	3	3	4	8	4	10	6	1	3	3	5	7	12	3	6	6	3	9	5	3	5	8	2	2	0	7	10	8	8	3	7	3	
605_A/Eurasian_Wigeon/Ho 4	2	0	3	2	1	5	0	1	3	0	1	4	2	0	0	5	2	4	1	7	2	1	1	5	3	5	2	6	1	10	2	3	3	4	8	4	10	6	1	3	3	5	7	12	3	6	6	3	9	5	3	5	8	2	2	0	7	10	8	8	3	7	3	
606_A/Eurasian_Wigeon/Ho 4	2	0	3	2	1	5	0	1	3	0	1	4	2	0	0	5	2	4	1	7	2	1	1	5	3	5	2	6	1	10	2	3	3	4	8	4	10	6	1	3	3	5	7	12	3	6	6	3	9	5	3	5	8	2	2	0	7	10	8	8	3	7	3	
607_A/Falco_peregrinus/B 3	2	0	3	3	1	5	0	0	3	0	1	5	2	0	0	5	2	4	1	7	2	1	1	5	3	5	2	6	1	10	2	3	3	4	8	4	10	6	1	3	3	5	7	12	3	6	6	3	9	5	3	5	8	2	2	0	7	8	6	8	3	9	5	
608_A/Fujian/1/2005|EPI_ 5	3	1	2	2	0	4	1	0	5	0	1	2	0	0	0	6	2	4	1	6	2	1	1	6	3	0	3	6	1	15	1	3	5	8	5	6	6	5	2	2	4	5	7	14	4	8	4	2	8	6	3	5	7	0	2	1	8	6	9	7	3	11	2	
609_A/Fujian/1/2007|EPI_ 4	3	1	2	3	0	4	1	1	5	0	1	1	0	0	0	5	2	4	1	7	2	1	1	6	3	0	3	6	1	15	1	3	5	6	4	6	6	7	3	2	4	5	6	14	4	8	5	2	8	6	3	5	7	0	2	1	8	5	8	7	3	12	3	
610_A/Gallinago_Stenura/ 4	2	0	3	2	1	5	0	1	3	0	1	4	2	0	0	5	2	4	1	7	2	1	1	5	3	5	2	6	1	10	2	3	3	4	8	4	10	6	1	3	3	5	7	12	3	6	6	3	9	5	3	5	8	2	2	0	7	10	8	8	3	7	3	
611_A/goose/China/E43/20 4	3	1	2	3	0	4	1	0	5	0	1	2	0	0	0	5	2	4	2	7	2	1	0	6	4	0	3	6	0	15	1	2	5	8	6	7	6	4	2	2	5	5	7	14	3	8	4	2	7	6	3	4	8	0	2	2	9	5	9	7	2	12	2	
612_A/goose/Guangdong/SH 4	3	1	2	3	0	4	1	0	5	0	1	2	0	0	0	5	2	4	2	7	2	1	0	6	4	0	3	6	0	15	1	2	5	10	6	7	5	3	1	2	5	5	8	14	3	8	3	2	8	5	3	4	8	1	2	1	9	5	8	8	2	12	3	
613_A/goose/Guizhou/S154 3	2	0	3	3	1	5	0	0	4	0	1	5	1	0	0	5	2	4	1	7	2	1	1	5	3	4	2	6	1	11	2	3	3	5	8	3	10	5	1	4	2	5	8	12	4	6	5	3	9	5	3	5	8	2	2	0	7	8	6	8	3	9	5	
614_A/goose/Hunan/SE284/ 3	2	0	3	3	1	5	0	0	3	0	1	5	2	0	0	5	2	5	1	7	2	0	1	5	3	5	2	6	1	10	2	3	3	4	8	4	10	6	1	3	3	5	7	12	3	6	6	3	9	4	3	5	8	3	2	0	7	8	6	8	3	9	5	
615_A/goose/Inner_Mongol 4	2	0	3	3	1	5	0	1	4	0	1	2	1	0	0	5	2	3	1	7	2	2	1	4	3	3	2	7	1	12	2	3	5	4	7	4	8	6	2	2	3	6	6	14	4	6	6	3	8	5	3	5	8	2	2	1	6	8	5	8	3	9	6	
616_A/goose/Jiangsu/k040 4	3	1	2	3	0	4	1	0	5	0	1	2	0	0	0	5	2	4	2	7	2	1	0	6	3	2	3	6	1	13	1	3	4	9	3	6	7	4	4	2	4	5	7	14	4	8	4	2	8	5	3	5	7	1	3	0	8	5	7	8	3	12	3	
617_A/goose/Jilin/S4034/ 4	3	1	2	3	0	4	1	0	6	0	1	2	0	0	0	5	1	4	2	7	4	1	0	7	3	0	2	5	0	15	2	1	5	7	5	6	6	6	2	3	5	7	7	14	3	6	4	3	6	6	3	4	9	0	2	3	8	6	10	6	2	11	1	
618_A/goose/Shandong/03. 4	3	1	2	3	0	4	1	0	5	0	1	2	0	0	0	5	2	4	2	7	2	1	0	6	4	0	3	6	0	15	1	2	6	7	5	7	5	6	2	2	5	6	7	14	3	7	4	3	6	6	3	3	9	0	2	2	9	5	10	7	2	12	1	
619_A/goose/Shandong/GS/ 4	3	1	2	3	0	4	1	0	5	0	1	2	0	0	0	5	2	4	2	7	2	1	0	7	4	0	3	5	0	15	1	2	6	8	5	7	5	5	2	2	5	5	7	14	3	8	4	2	6	6	3	4	9	0	2	2	9	5	9	7	2	12	2	
620_A/goose/Zhejiang/112 4	3	1	2	3	0	4	1	0	5	0	1	2	0	0	0	5	2	4	2	7	2	1	0	6	4	0	3	6	0	15	1	2	6	8	5	7	5	5	2	2	5	4	7	14	3	9	4	3	6	6	3	3	9	0	2	3	8	5	10	7	2	12	1	
621_A/goose/Zhejiang/727 4	3	2	2	3	0	3	1	0	5	0	1	2	0	0	0	5	2	4	2	7	2	1	0	6	4	0	3	6	0	15	1	2	6	8	5	7	5	5	2	2	5	6	7	14	3	7	4	2	6	6	4	4	9	0	2	2	9	5	8	7	2	12	2	
622_A/Great_black-headed 4	2	1	2	3	1	4	1	0	5	0	1	2	0	0	0	5	2	4	2	7	2	1	0	6	4	1	3	6	0	14	1	2	6	8	5	6	5	5	2	3	5	5	6	14	3	8	5	3	6	6	3	3	9	0	2	2	9	5	10	7	2	12	1	
623_A/Great_black-headed 4	2	1	2	3	1	4	1	0	5	0	1	2	0	0	0	5	2	4	2	7	2	1	0	6	4	1	3	6	0	14	1	2	6	8	5	6	5	5	2	3	5	5	6	14	3	8	5	3	6	6	3	3	9	0	2	2	9	5	10	7	2	12	1	
624_A/Great_Cormorant/Hu 4	1	0	2	2	2	5	1	2	4	0	1	1	0	0	0	7	2	3	2	6	2	2	0	6	4	6	1	5	0	9	3	4	7	4	6	3	4	8	2	2	5	3	5	14	3	10	5	4	7	4	3	4	7	3	1	3	9	7	6	4	5	10	7	
625_A/Great_Cormorant/Hu 4	1	0	2	2	2	5	1	2	4	0	1	1	0	0	0	7	2	3	2	6	2	2	0	6	4	6	1	5	0	9	3	4	7	4	6	3	4	8	2	2	5	3	5	14	3	10	5	4	7	4	3	4	7	3	1	3	9	7	6	4	5	10	7	
626_A/Great_Cormorant/Hu 4	1	0	2	2	2	5	1	2	4	0	1	1	0	0	0	7	2	3	2	6	2	2	0	6	4	6	1	5	0	9	3	4	7	4	6	3	4	8	2	2	5	3	5	14	3	10	5	4	7	4	3	4	7	3	1	3	9	7	6	4	5	10	7	
627_A/Great_Cormorant/Hu 4	1	0	2	2	2	5	1	2	4	0	1	1	0	0	0	7	2	3	2	6	2	2	0	6	4	6	1	5	0	9	3	4	7	4	6	3	4	8	2	2	5	3	5	14	3	10	5	4	7	4	3	4	7	3	1	3	9	7	6	4	5	10	7	
628_A/Great_Cormorant/Hu 4	1	0	2	2	2	5	1	2	4	0	1	1	0	0	0	7	2	3	2	6	2	2	0	6	4	6	1	5	0	9	3	4	7	4	6	3	4	8	2	2	5	3	5	14	3	10	5	4	7	4	3	4	7	3	1	3	9	7	6	4	5	10	7	
629_A/Guangdong/1/2006|E 4	3	1	2	3	0	4	1	0	5	0	1	2	0	0	0	5	2	4	1	7	2	1	1	6	3	0	3	6	1	15	1	3	5	8	4	6	6	5	3	2	4	5	6	14	4	8	5	2	8	6	3	5	7	0	2	2	8	7	7	6	3	10	4	
630_A/Guangdong/1/2008|E 4	3	1	2	3	0	4	1	0	5	0	1	2	0	0	0	5	2	4	1	7	2	1	1	6	3	0	3	6	1	15	1	3	5	8	4	7	6	5	3	2	4	6	6	14	4	7	5	2	8	6	3	4	7	0	2	1	8	7	7	7	3	10	4	
631_A/Guangdong/2/2006|E 4	3	1	2	3	0	4	1	0	5	0	1	2	0	0	0	5	2	4	2	7	2	1	0	6	3	0	3	6	1	15	1	2	5	8	4	7	6	5	3	2	4	5	6	14	4	8	5	3	8	6	3	4	7	0	2	1	8	5	8	7	3	12	3	
632_A/Guangxi/1/2005|EPI 4	3	1	2	3	0	4	1	0	5	0	1	2	0	0	0	5	2	4	1	7	2	1	1	6	3	0	3	6	1	15	1	3	5	8	4	6	6	5	3	2	4	5	6	14	4	8	5	2	8	6	3	5	7	0	2	1	8	6	8	7	3	11	3	
633_A/Guangxi/1/2005|EPI 3	2	1	2	3	0	3	1	0	4	0	1	2	0	0	0	3	2	4	1	3	1	1	1	5	3	0	3	6	0	14	1	3	5	8	3	3	4	4	3	2	4	3	6	13	3	7	5	1	7	4	3	3	6	0	1	1	7	5	7	7	2	7	3	
634_A/Guangxi/1/2008|EPI 4	3	1	2	3	0	4	1	0	5	0	1	2	0	0	0	5	2	4	1	7	2	1	1	8	4	2	3	4	0	13	1	3	5	8	4	6	6	4	4	2	4	6	6	14	4	7	5	2	8	6	3	5	7	0	2	1	8	5	8	7	3	12	3	
635_A/Guizhou/1/2009|EPI 3	3	1	2	4	0	4	1	0	5	0	1	2	0	0	0	6	1	4	1	6	3	1	1	6	3	1	3	6	1	14	1	2	6	8	4	5	5	5	3	4	4	6	6	14	4	7	5	1	8	6	3	6	7	0	2	1	8	6	8	7	3	11	3	
636_A/hill_myna/Heilongj 4	3	1	2	3	0	4	1	0	5	0	1	2	0	0	0	5	2	4	2	7	2	1	0	6	4	1	3	6	0	14	1	2	6	8	5	7	5	5	2	2	6	5	7	14	2	8	4	2	6	6	3	4	9	0	2	2	9	5	9	7	2	12	2	
637_A/Hong_Kong/5923/201 4	3	1	2	3	0	4	1	0	5	0	1	2	0	0	0	5	2	4	2	7	2	1	0	6	4	1	3	6	0	14	1	2	6	7	6	7	5	6	1	2	5	5	7	14	3	8	4	2	7	6	3	4	8	0	2	1	9	5	8	8	2	12	3	
638_A/Hunan/1/2006|EPI_I 4	3	1	2	3	0	4	1	0	5	0	1	2	0	0	0	5	2	4	1	7	2	1	1	6	3	0	3	6	1	15	1	3	5	8	4	6	6	5	3	2	4	5	6	14	4	8	5	2	8	6	3	5	7	0	2	1	8	6	8	7	3	11	3	
639_A/Hunan/1/2008|EPI_I 4	3	1	2	3	0	4	1	0	6	0	1	2	0	0	0	5	2	4	1	7	2	1	1	6	3	0	2	6	1	15	2	3	5	8	4	6	6	5	3	2	4	5	6	14	4	8	5	2	8	6	3	5	7	0	2	1	7	7	7	7	3	10	4	
640_A/Hunan/2/2009|EPI_I 4	3	1	2	4	0	4	1	0	5	0	1	2	0	0	0	4	1	4	1	7	3	1	1	6	3	1	3	6	1	14	1	2	6	8	4	5	5	5	3	4	4	6	6	14	4	7	5	2	8	6	3	5	7	0	2	1	8	6	8	7	3	11	3	
641_A/Japanese_white-eye 4	3	1	2	3	0	4	1	0	5	0	1	2	0	0	0	5	2	4	2	7	2	1	0	6	4	0	3	6	0	15	1	2	6	8	5	7	5	5	2	2	6	5	7	14	2	8	4	2	6	6	3	4	9	0	2	2	9	5	9	7	2	12	2	
642_A/Jiangsu/1/2007|EPI 4	3	1	2	3	0	4	1	0	5	0	1	2	0	0	0	5	2	4	1	7	2	1	1	6	3	0	3	6	1	15	1	3	5	8	4	7	6	5	3	2	4	4	6	14	4	9	5	2	8	6	3	4	7	0	2	1	8	7	7	7	3	10	4	
643_A/Jiangsu/2/2007|EPI 4	3	1	2	3	0	4	1	0	5	0	1	2	0	0	0	5	2	4	1	7	2	1	1	6	3	0	3	6	1	15	1	3	5	8	4	7	6	5	3	2	4	4	6	14	4	9	5	2	8	6	3	4	7	0	2	1	8	7	7	7	3	10	4	
644_A/Jiangxi/1/2005|EPI 4	3	1	2	3	0	4	1	0	5	0	1	2	0	0	0	5	2	4	1	7	2	1	1	6	3	0	3	6	1	15	1	3	5	8	4	6	6	5	3	2	4	5	6	14	4	8	5	2	8	6	3	5	7	0	2	1	8	7	7	7	3	10	4	
645_A/lesser_kestrel/Hei 4	3	1	2	3	0	4	1	0	5	0	1	2	0	0	0	5	2	4	1	7	2	1	1	5	3	1	2	7	1	15	1	3	5	8	4	6	6	5	3	2	4	5	6	14	4	8	5	2	8	6	3	5	8	0	2	1	7	7	7	7	3	10	4	
646_A/lion/Hubei/1-2/201 4	1	0	2	2	2	5	1	2	4	0	1	1	0	0	0	7	1	3	2	6	2	2	0	6	4	6	1	5	1	9	3	4	7	4	6	3	4	8	2	2	5	3	5	14	3	10	5	4	7	5	3	4	7	2	1	3	9	7	6	4	5	10	7	
647_A/mallard/Heilongjia 4	2	1	2	3	1	4	1	0	5	0	1	2	0	0	0	5	2	4	2	7	2	1	0	6	3	2	3	6	1	13	1	3	5	9	4	6	6	4	3	2	4	5	7	14	4	8	4	2	8	5	3	5	7	1	3	0	7	5	6	8	4	12	4	
648_A/mandarin_duck/Heil 3	2	0	3	3	1	5	0	0	4	0	1	4	1	0	0	5	2	4	1	7	2	1	1	5	3	5	2	7	1	10	2	3	3	4	8	4	10	6	1	3	4	5	8	12	2	6	5	3	8	5	3	5	8	2	2	0	8	8	7	8	3	9	4	
649_A/mandarin_duck/Hena 3	2	0	3	3	1	5	0	0	3	0	1	5	2	0	0	5	2	4	1	7	2	1	1	5	3	5	2	6	1	10	2	3	3	4	8	4	10	6	1	3	3	5	7	12	3	6	6	3	9	5	3	5	8	2	2	0	7	8	5	8	3	9	6	
650_A/meerkat/Shanghai/S 4	3	1	2	3	0	4	1	0	5	0	1	2	0	0	0	5	2	4	2	7	2	1	0	6	4	0	3	6	0	15	1	2	6	7	5	7	5	6	2	2	5	5	7	14	3	8	4	2	6	6	3	4	9	0	2	2	8	5	9	7	3	12	2	
651_A/mink/China/G/2015| 4	3	1	2	3	0	4	1	0	5	0	1	2	0	0	0	5	2	4	2	7	2	1	0	6	4	1	3	6	0	14	1	2	6	8	7	7	5	5	0	3	5	6	7	13	3	7	4	2	7	6	3	3	8	0	2	3	9	4	9	7	2	13	2	
652_A/mink/China/XB/2015 4	1	0	2	2	2	5	1	2	3	0	1	1	1	0	0	7	2	3	2	6	2	2	0	6	4	6	1	5	0	9	3	4	7	4	6	3	4	8	2	2	5	3	5	14	3	10	5	4	7	5	3	3	7	2	1	4	9	7	6	4	5	10	7	
653_A/mink/Eastern_China 3	2	1	2	4	1	4	1	1	5	0	1	2	1	0	0	6	2	5	1	5	2	1	1	8	2	2	2	4	2	11	2	2	8	6	6	5	4	5	3	2	5	3	9	13	4	10	3	5	10	4	3	3	6	2	2	1	8	10	8	7	1	7	3	
654_A/Nanjing/1/2015|EPI 4	1	0	2	2	2	5	1	3	4	0	1	1	0	0	0	7	2	3	2	6	2	2	0	5	4	6	1	5	0	9	3	4	7	4	6	3	4	8	2	2	5	4	5	14	3	9	5	4	7	4	3	4	7	3	1	3	9	8	6	4	5	9	7	
655_A/ostrich/Suzhou/097 4	3	1	2	3	0	4	1	0	5	0	1	3	0	0	0	4	2	4	1	7	2	1	1	6	3	1	4	5	1	14	0	4	7	7	6	6	4	5	1	2	4	5	6	14	4	8	5	4	8	7	3	3	7	0	2	1	8	5	8	7	3	12	3	
656_A/parrot/Guangdong/C 4	3	1	2	3	0	4	1	0	5	0	1	2	0	0	0	5	2	4	1	7	2	1	1	6	3	0	3	6	1	15	1	3	6	8	5	6	5	5	2	2	4	5	6	14	4	8	5	2	8	6	3	5	7	0	2	1	8	6	8	7	3	11	3	
657_A/peacock/Yunnan/1/2 4	1	0	2	2	2	5	1	2	4	0	1	2	0	0	0	6	2	3	2	6	2	2	0	7	4	5	1	4	0	10	3	4	7	4	6	3	4	8	2	2	5	3	5	14	3	10	5	4	7	4	3	4	7	3	1	3	9	7	6	4	5	10	7	
658_A/peacock/Yunnan/3/2 4	1	0	2	2	2	5	1	2	4	0	1	2	0	0	0	6	2	3	2	6	2	2	0	7	4	6	1	4	0	9	3	4	7	4	6	3	4	8	2	2	5	3	5	14	3	10	5	4	7	4	3	4	7	3	1	3	9	7	6	4	5	10	7	
659_A/pigeon/Hubei/RP25/ 5	1	0	2	1	2	5	1	2	4	0	1	1	0	0	0	5	2	3	1	7	2	2	0	6	4	4	2	5	0	10	4	5	9	4	6	3	3	6	3	2	7	4	5	13	2	9	6	4	10	3	3	4	6	4	3	2	8	9	5	5	3	8	6	
660_A/pigeon/Jiangsu/12. 4	3	1	2	3	0	4	1	0	5	0	1	2	0	0	0	5	2	4	2	7	2	1	0	6	4	0	2	6	0	15	2	2	6	8	5	7	5	5	2	2	5	4	7	14	3	9	4	3	6	6	3	3	9	0	2	2	9	5	10	7	2	12	1	
661_A/pigeon/Jiangxi/S40 3	2	0	3	3	1	5	0	0	4	0	1	4	1	0	0	5	2	4	1	7	2	1	1	4	3	4	2	8	1	11	2	4	3	4	8	4	9	6	1	2	3	5	8	12	3	5	6	3	9	5	3	5	8	2	2	0	8	8	6	8	3	9	5	
662_A/pigeon/Jilin/04.25 4	3	1	2	3	0	4	1	0	5	0	1	2	0	0	0	5	2	4	2	7	2	1	0	6	4	0	2	6	0	15	2	2	6	8	5	7	5	5	2	2	5	5	7	14	3	8	4	3	6	6	3	3	9	0	2	2	9	5	10	7	2	12	1	
663_A/pigeon/Jilin/S4176 4	3	1	2	3	0	4	1	0	6	0	1	2	0	0	0	6	1	4	2	7	4	1	0	6	3	0	2	5	0	15	2	1	5	7	5	7	6	6	2	3	5	5	7	14	3	8	4	3	6	6	2	3	9	0	3	3	8	6	9	6	2	11	2	
664_A/pigeon/Sichuan/NCX 4	3	1	2	3	0	4	1	0	5	0	1	2	0	0	0	5	2	4	2	7	2	1	0	5	4	0	3	6	0	15	1	2	5	10	6	7	5	3	1	3	5	5	8	14	3	8	3	2	8	5	3	4	8	1	2	1	9	5	8	8	2	12	3	
665_A/pigeon/Zhejiang/11 4	3	1	2	3	0	4	1	0	5	0	1	2	0	0	0	5	2	4	2	7	2	1	0	6	4	0	3	6	0	15	1	2	6	8	5	7	5	5	2	2	5	4	7	14	3	9	4	3	6	6	3	3	9	0	2	2	9	5	10	7	2	12	1	
666_A/pigeon/Zhejiang/11 4	3	1	2	3	0	4	1	0	5	0	1	2	0	0	0	5	2	4	2	7	2	1	0	6	4	0	3	6	0	15	1	2	6	8	5	7	5	5	2	2	5	5	7	14	3	8	4	3	6	6	3	3	9	0	2	2	9	5	10	7	2	12	1	
667_A/pigeon/Zhejiang/72 4	3	2	2	3	0	3	1	0	5	0	1	2	0	0	0	5	2	4	2	7	2	1	0	6	4	0	3	6	0	15	1	2	6	8	5	7	5	5	2	2	5	6	7	14	3	7	4	2	6	6	4	4	9	0	2	2	9	5	8	7	2	12	2	
668_A/plateau_pika/Qingh 3	2	1	3	4	1	5	0	0	3	0	1	2	1	0	0	5	1	4	2	6	4	2	0	6	3	6	5	5	0	9	2	4	6	5	5	3	4	6	3	1	6	5	5	15	2	8	7	2	7	5	5	4	7	2	1	4	7	7	6	5	5	8	5	
669_A/quail/Nanchang/663 4	3	1	2	3	0	4	1	0	6	0	1	2	0	0	0	5	2	4	2	7	2	1	0	6	4	0	2	6	0	15	2	2	6	8	6	7	5	5	1	2	5	5	7	14	3	8	4	2	7	6	3	4	8	0	2	1	8	5	8	8	2	12	3	
670_A/Shandong/1/2009|EP 4	3	1	2	3	0	4	1	0	5	0	1	2	0	0	0	5	2	4	1	7	2	1	1	6	3	1	3	6	1	14	1	3	5	8	4	7	6	5	3	2	4	6	6	14	4	7	5	3	8	6	3	3	7	0	2	1	8	8	7	7	3	9	4	
671_A/Sichuan/1/2006|EPI 4	3	1	2	3	0	4	1	0	5	0	1	2	0	0	0	5	2	4	1	7	2	1	1	6	3	0	3	6	1	15	1	3	5	8	4	6	6	5	3	2	4	5	6	14	4	8	5	2	7	6	3	5	8	0	2	1	8	7	7	7	3	10	4	
672_A/Sichuan/2/2006|EPI 4	3	1	2	3	0	4	1	0	5	0	1	2	0	0	0	5	2	4	1	7	2	1	1	6	3	0	3	6	1	15	1	3	5	8	4	6	6	5	3	2	4	5	6	14	4	8	5	2	7	6	3	5	8	0	2	1	8	7	7	7	3	10	4	
673_A/Spatula_querquedul 3	2	0	3	3	1	5	0	0	3	0	1	5	2	0	0	5	2	4	1	7	2	1	1	5	3	5	2	6	1	10	2	3	3	4	8	4	10	6	1	3	3	5	7	12	3	6	6	3	9	5	3	5	8	2	2	0	8	8	6	8	2	9	5	
674_A/swine/Shandong/SD1 4	3	1	2	3	0	4	1	0	5	0	1	2	0	0	0	5	2	4	1	7	2	1	1	6	3	0	3	6	1	15	1	3	5	8	5	6	6	5	2	2	5	4	7	14	3	8	5	2	8	6	3	5	7	0	2	2	8	7	8	6	3	10	3	
675_A/tiger/Yunnan/tig14 4	3	1	2	3	0	4	1	0	5	0	1	2	0	0	0	5	2	4	2	7	2	1	0	6	4	0	3	6	0	15	1	2	5	10	6	7	5	3	1	3	6	5	8	14	2	8	3	2	8	5	3	4	8	1	2	2	8	5	8	7	2	12	3	
676_A/tiger/Yunnan/tig14 4	3	1	2	3	0	4	1	0	5	0	1	3	0	0	0	5	2	4	2	7	2	1	0	6	4	0	3	5	0	15	1	2	6	9	6	7	4	4	1	2	6	5	8	14	3	8	3	2	8	6	3	4	8	0	2	1	8	5	9	8	2	12	2	
677_A/tiger/Yunnan/tig15 4	1	0	2	2	2	5	1	2	4	0	1	1	0	0	0	8	2	4	2	6	2	1	0	5	4	6	1	5	0	9	3	4	7	4	6	3	4	8	2	2	5	3	5	14	3	10	5	4	7	5	3	4	7	2	1	3	9	7	6	4	5	10	7	
678_A/tundra_swan/Fujian 4	2	0	3	2	1	5	0	1	3	0	1	4	2	0	0	5	2	4	1	7	2	1	1	5	3	4	2	6	1	11	2	3	3	4	8	4	10	6	1	3	3	5	7	12	3	6	6	3	9	5	3	5	8	2	2	0	7	10	8	8	3	7	3	
679_A/turtle_dove/Guangd 4	3	1	2	3	0	4	1	0	5	0	1	2	0	0	0	5	2	4	1	7	2	1	1	6	3	0	3	6	1	15	1	3	5	8	4	6	6	5	3	2	4	5	6	14	4	8	5	2	8	6	3	5	7	0	2	1	8	7	7	7	3	10	4	
680_A/turtle_dove/Hunan/ 4	1	0	2	2	2	5	1	2	4	0	1	1	0	0	0	7	2	3	2	6	2	2	0	6	4	6	1	5	0	9	3	4	7	5	6	3	4	7	2	2	5	3	5	14	3	10	5	4	7	4	3	4	7	3	1	3	9	7	6	4	5	10	7	
681_A/whooper_swan/Henan 3	2	0	3	3	1	5	0	0	3	0	1	5	2	0	0	5	2	4	1	7	2	1	1	5	3	5	2	6	1	10	2	3	3	4	8	4	10	6	1	3	3	5	7	12	3	6	6	3	9	5	3	5	8	2	2	0	7	8	5	8	3	9	6	
682_A/whooper_swan/Henan 3	2	0	3	3	1	5	0	0	3	0	1	5	2	0	0	5	2	4	1	7	2	1	1	5	3	5	2	6	1	10	2	3	3	4	8	4	10	6	1	3	3	5	7	12	3	6	6	3	9	5	3	5	8	2	2	0	7	8	5	8	3	9	6	
683_A/whooper_swan/Henan 3	2	0	3	3	1	5	0	0	3	0	1	5	2	0	0	5	2	4	1	7	2	1	1	5	3	5	2	6	1	10	2	3	3	4	8	4	10	6	1	3	3	5	7	12	3	6	6	3	9	5	3	5	8	2	2	0	7	8	5	8	3	9	6	
684_A/whooper_swan/Henan 3	2	0	3	3	1	5	0	0	3	0	1	5	2	0	0	5	2	4	1	7	2	1	1	5	3	5	2	6	1	10	2	3	3	4	8	4	10	6	1	3	3	5	7	12	3	6	6	3	9	5	3	5	8	2	2	0	7	8	5	8	3	9	6	
685_A/whooper_swan/Henan 3	2	0	3	3	1	5	0	0	3	0	1	5	2	0	0	5	2	4	1	7	2	1	1	5	3	5	2	6	1	10	2	3	3	4	8	4	10	6	1	3	3	5	7	12	3	6	6	3	9	5	3	5	8	2	2	0	7	8	5	8	3	9	6	
686_A/whooper_swan/Henan 3	2	0	3	3	1	5	0	0	3	0	1	5	2	0	0	5	2	4	1	7	2	1	1	5	3	5	2	6	1	10	2	3	3	4	8	4	10	6	1	3	3	5	7	12	3	6	6	3	9	5	3	5	8	2	2	0	7	8	5	8	3	9	6	
687_A/whooper_swan/Henan 4	3	1	2	3	0	4	1	0	5	0	1	2	0	0	0	5	2	4	2	7	2	1	0	6	4	1	3	6	0	14	1	2	6	8	5	6	5	5	2	3	5	5	7	14	3	8	4	3	6	6	3	3	9	0	2	2	9	5	10	7	2	12	1	
688_A/whooper_swan/Henan 4	3	1	2	3	0	4	1	0	5	0	1	2	0	0	0	5	2	4	2	7	2	1	0	6	4	1	3	6	0	14	1	2	6	8	5	6	5	5	2	3	5	5	7	14	3	8	4	3	6	6	3	3	9	0	2	2	9	5	10	7	2	12	1	
689_A/whooper_swan/Henan 4	3	1	2	3	0	4	1	0	5	0	1	2	0	0	0	5	2	4	2	7	2	1	0	6	4	1	3	6	0	14	1	2	6	8	5	6	5	5	2	3	5	5	7	14	3	8	4	3	6	6	3	3	9	0	2	2	9	5	10	7	2	12	1	
690_A/whooper_swan/Henan 4	3	1	2	3	0	4	1	0	5	0	1	2	0	0	0	5	2	4	2	7	2	1	0	6	4	1	3	6	0	14	1	2	6	8	5	6	5	5	2	3	5	5	7	14	3	8	4	3	6	6	3	3	9	0	2	2	9	5	10	7	2	12	1	
691_A/whooper_swan/Shanx 3	2	0	3	3	1	5	0	0	3	0	1	5	2	0	0	5	2	4	1	7	2	1	1	5	3	5	2	6	1	10	2	3	3	4	8	4	10	6	1	3	3	5	7	12	3	6	6	3	9	5	3	5	8	2	2	0	7	8	5	8	3	9	6	
692_A/whooper_swan/Shanx 3	2	0	3	3	1	5	0	0	3	0	1	5	2	0	0	5	2	4	1	7	2	1	1	5	3	5	2	6	1	10	2	3	3	4	8	4	10	6	1	3	3	5	7	12	3	6	6	3	9	5	3	5	8	2	2	0	7	8	5	8	3	9	6	
693_A/wild_duck/Fujian/1 4	3	1	2	3	0	4	1	0	5	0	1	2	0	0	0	5	2	4	3	7	2	1	0	5	4	0	3	7	0	15	0	2	6	8	6	7	5	5	1	2	5	5	7	14	3	8	4	2	7	6	3	4	8	0	2	2	9	5	9	7	2	12	2	
694_A/wild_duck/Fujian/2 4	3	1	2	3	0	4	1	0	5	0	1	2	0	0	0	5	2	4	3	7	2	1	0	5	4	0	3	7	0	15	0	2	6	8	6	7	5	5	1	2	5	5	7	14	3	8	4	2	7	6	3	4	8	0	2	2	9	5	9	7	2	12	2	
695_A/wild_duck/Hebei/SD 3	2	0	3	3	1	5	0	0	3	0	1	5	2	0	0	5	2	4	1	7	2	1	1	5	3	5	2	6	1	10	2	3	3	4	8	4	10	6	1	3	3	5	7	12	3	6	6	3	9	5	3	5	8	2	2	1	7	9	7	7	3	8	4	
696_A/wild_duck/Jilin/HF 4	2	1	2	3	1	4	1	0	5	0	1	2	0	0	0	5	2	4	2	7	2	1	0	6	3	2	3	6	1	13	1	3	5	9	4	6	6	4	3	2	4	5	7	14	4	8	4	2	8	5	3	5	7	1	3	0	7	5	6	8	4	12	4	
697_A/wild_duck/Jilin/ZF 4	3	1	2	3	0	4	1	0	5	0	1	2	0	0	0	5	2	4	2	7	2	1	0	4	3	2	3	8	1	13	0	3	5	9	4	5	6	4	3	2	4	5	7	13	4	8	5	2	9	5	3	6	6	1	3	1	8	5	7	8	3	12	3	
698_A/wild_duck/Shandong 4	3	1	2	3	0	4	1	1	5	0	1	1	0	0	0	6	2	3	1	6	2	2	1	5	3	2	2	6	1	13	2	3	7	7	6	6	4	5	2	3	5	5	6	14	3	8	5	2	8	5	4	4	7	1	1	3	9	5	7	5	2	12	4	
699_A/wild_duck/Shandong 4	3	1	2	3	0	4	1	1	5	0	1	2	0	0	0	5	2	4	2	7	2	1	0	5	3	2	3	6	1	13	1	3	5	9	4	6	6	4	3	2	4	6	7	14	4	8	3	2	8	5	3	5	7	1	3	0	7	5	7	8	4	12	3	
700_A/wild_duck/Shandong 4	2	1	2	3	1	4	1	1	5	0	1	2	0	0	0	6	2	4	1	6	2	1	1	5	2	2	3	6	2	13	1	3	5	8	4	6	7	6	3	2	4	4	7	14	4	7	5	3	7	6	2	4	7	0	3	2	8	5	7	6	3	12	4	
701_A/Xinjiang/1/2006|EP 4	2	1	2	3	1	4	1	0	5	0	1	2	0	0	0	4	2	4	1	8	2	1	1	6	3	0	3	6	1	15	1	2	6	8	5	6	5	5	2	2	5	5	8	15	3	8	3	2	8	6	3	5	7	0	3	1	8	6	7	7	3	11	3	
702_A/Xinjiang/1/2009|EP 4	3	1	2	3	0	4	1	0	5	0	1	2	0	0	0	5	2	4	2	7	2	1	0	6	3	0	3	6	1	15	1	2	5	8	4	7	6	5	3	2	4	5	6	14	4	8	5	3	8	6	3	4	7	0	2	1	8	5	8	7	3	12	3	
703_A/Zhejiang/1/2006|EP 4	3	1	2	3	0	4	1	0	5	0	1	2	0	0	0	5	2	4	1	7	2	1	1	6	3	0	3	6	1	15	1	3	5	8	4	6	6	5	3	2	4	5	6	14	4	8	5	2	8	6	3	5	7	0	2	1	8	7	7	7	3	10	4	
704_A/Anas_platyrhynchos 3	2	0	3	3	1	5	0	0	3	0	1	5	2	0	0	5	2	4	1	7	2	1	1	5	3	5	2	6	1	10	2	3	3	4	8	4	10	6	1	3	3	5	7	12	3	6	6	3	9	5	3	5	8	2	2	0	8	8	6	8	2	9	5	
705_A/Anhui/1/2006_H5N1| 3	2	1	2	3	0	3	1	0	4	0	1	2	0	0	0	3	2	4	1	3	1	1	1	5	3	0	3	6	0	14	1	3	5	8	3	3	4	4	3	2	4	3	6	13	3	7	5	1	7	4	3	3	6	0	1	2	7	5	7	6	2	7	3	
706_A/Anhui/1/2007_H5N1| 3	2	1	2	3	0	3	1	0	4	0	1	2	0	0	0	3	2	4	1	3	1	1	1	5	3	0	3	6	0	14	1	3	5	8	3	3	4	4	3	2	5	3	6	13	2	7	5	1	7	4	3	3	6	0	1	1	7	5	7	7	2	7	3	
707_A/Anhui/2/2005_H5N1| 4	3	1	2	3	0	4	1	0	5	0	1	2	0	0	0	5	2	4	1	7	2	1	1	6	3	0	3	6	1	15	1	3	5	8	4	6	6	5	3	2	4	5	6	14	4	8	5	2	8	6	3	5	7	0	2	1	8	7	7	7	3	10	4	
708_A/Anser_cygnoides/Ch 5	3	1	2	3	0	4	1	0	5	0	1	2	0	0	0	4	2	4	2	7	2	1	0	6	4	0	3	6	0	15	1	2	5	10	6	7	5	3	1	2	5	5	8	14	3	8	3	2	8	5	3	4	8	1	2	1	9	6	8	8	2	11	3	
709_A/Anser_fabalis/jiuj 3	2	0	3	3	1	5	0	0	3	0	1	5	2	0	0	5	2	4	1	7	2	1	1	5	3	5	2	6	1	10	2	3	3	4	8	4	10	6	1	3	3	5	7	12	3	6	6	3	9	5	3	5	8	2	2	0	8	8	6	8	2	9	5	
710_A/Anser_fabalis/jiuj 3	2	0	3	3	1	5	0	0	3	0	1	5	2	0	0	5	2	4	1	7	2	1	1	5	3	5	2	6	1	10	2	3	3	4	8	4	10	6	1	3	3	5	7	12	3	6	6	3	9	5	3	5	8	2	2	0	8	8	6	8	2	9	5	
711_A/Anser_fabalis/jiuj 3	2	0	3	3	1	5	0	0	3	0	1	5	2	0	0	5	2	4	1	7	2	1	1	5	3	5	2	6	1	10	2	3	3	4	8	4	10	6	1	3	3	5	7	12	3	6	6	3	9	5	3	5	8	2	2	0	8	8	6	8	2	9	5	
712_A/Duck/Jiangxi/631/2 3	2	0	3	3	1	5	0	0	3	0	1	5	2	0	0	5	2	4	1	7	2	1	1	5	3	5	2	6	1	10	2	3	3	4	7	4	10	6	2	3	3	5	7	12	3	6	6	3	9	5	3	5	8	2	2	0	8	7	6	8	2	10	5	
713_A/Guangdong/1/2008_H 3	2	1	2	3	0	3	1	0	4	0	1	2	0	0	0	3	2	4	1	3	1	1	1	5	3	0	3	6	0	14	1	3	5	8	3	4	4	4	3	2	4	3	6	13	3	7	5	1	7	4	3	2	6	0	1	1	7	5	7	7	2	7	3	
714_A/Guangdong/2/2006_H 3	2	1	2	3	0	3	1	0	4	0	1	2	0	0	0	3	2	4	2	3	1	1	0	5	3	0	3	6	0	14	1	2	5	8	3	4	4	4	3	2	4	3	6	13	3	7	5	2	7	4	3	2	6	0	1	1	7	4	7	7	2	8	3	
715_A/Guangxi/1/2005_H5N 4	3	1	2	3	0	4	1	0	5	0	1	2	0	0	0	5	2	4	1	7	2	1	1	6	3	0	3	6	1	15	1	2	5	8	4	7	6	5	3	2	4	5	6	14	4	8	5	2	8	6	3	5	7	0	2	1	8	5	8	7	3	12	3	
716_A/Guangxi/1/2008_H5N 3	2	1	2	3	0	3	1	0	4	0	1	2	0	0	0	3	2	4	1	3	1	1	1	7	3	2	3	4	0	12	1	3	5	8	3	3	4	4	3	2	4	4	6	13	3	6	5	1	7	4	3	3	6	0	1	1	7	4	7	7	2	8	3	
717_A/Guizhou/1/2009_H5N 2	2	1	2	4	0	3	1	0	4	0	1	2	0	0	0	3	1	4	1	3	2	1	1	5	3	1	3	6	0	13	1	2	5	8	3	3	4	4	3	3	4	4	6	13	3	6	5	0	7	4	3	4	6	0	1	1	7	5	7	7	2	7	3	
718_A/Hunan/1/2008_H5N1| 3	2	1	2	3	0	3	1	0	5	0	1	2	0	0	0	3	2	4	1	3	1	1	1	5	3	0	2	6	0	14	2	3	5	8	3	3	4	4	3	2	4	3	6	13	3	7	5	1	7	4	3	3	6	0	1	1	6	5	7	7	2	7	3	
719_A/Hunan/2/2009_H5N1| 2	2	1	2	4	0	3	1	0	4	0	1	2	0	0	0	3	1	4	1	3	2	1	1	5	3	1	3	6	0	13	1	2	5	8	3	3	4	4	3	3	4	4	6	13	3	6	5	1	7	4	3	3	6	0	1	1	7	5	7	7	2	7	3	
720_A/Japanese_white-eye 4	3	1	2	3	0	4	1	0	5	0	1	2	0	0	0	5	2	4	2	7	2	1	0	6	4	0	3	6	0	15	1	2	6	8	5	7	5	5	2	2	6	5	7	14	2	8	4	2	6	6	3	4	9	0	2	2	9	5	9	7	2	12	2	
721_A/Nanjing/1/2015_H5N 4	1	0	2	2	2	5	1	3	4	0	1	1	0	0	0	7	2	3	2	6	2	2	0	5	4	6	1	5	0	9	3	4	7	4	6	3	4	8	2	2	5	4	5	14	3	9	5	4	7	4	3	4	7	3	1	3	9	8	6	4	5	9	7	
722_A/Shandong/1/2009_H5 3	2	1	2	3	0	3	1	0	4	0	1	2	0	0	0	3	2	4	1	3	1	1	1	5	3	1	3	6	0	13	1	3	5	8	3	4	4	4	3	2	4	3	6	13	3	7	5	2	7	4	3	1	6	0	1	1	7	6	7	7	2	6	3	
723_A/Spatula_querquedul 3	2	0	3	3	1	5	0	0	3	0	1	5	2	0	0	5	2	4	1	7	2	1	1	5	3	5	2	6	1	10	2	3	3	4	8	4	10	6	1	3	3	5	7	12	3	6	6	3	9	5	3	5	8	2	2	0	8	8	6	8	2	9	5	
724_A/Wild_bird/Huadong/ 4	1	0	2	2	2	5	1	2	4	0	1	1	0	0	0	7	2	3	2	6	2	2	0	6	4	6	1	5	0	9	3	4	7	4	5	3	4	8	3	2	5	3	5	14	3	10	5	4	7	4	3	4	7	3	1	3	9	7	6	4	5	10	7	
725_A/Wild_bird/Huadong/ 4	3	1	2	3	0	4	1	0	6	0	1	2	0	0	0	5	1	4	2	7	4	1	0	7	3	0	2	5	0	15	2	1	5	7	5	7	6	6	2	3	5	6	7	14	3	7	4	3	6	6	3	3	9	0	2	3	8	6	10	6	2	11	1	
726_A/Wild_bird/Huadong/ 4	3	1	2	3	0	4	1	0	5	0	1	2	0	0	0	5	2	4	2	7	2	1	0	6	4	0	2	6	0	15	1	2	6	8	5	7	5	5	2	2	5	5	8	14	3	8	4	3	6	6	3	3	9	0	2	2	9	5	9	7	2	12	2	
727_A/Xinjiang/1/2009_H5 3	2	1	2	3	0	3	1	0	4	0	1	2	0	0	0	3	2	4	2	3	1	1	0	5	3	0	3	6	0	14	1	2	5	8	3	4	4	4	3	2	4	3	6	13	3	7	5	2	7	4	3	2	6	0	1	1	7	4	7	7	2	8	3	
728_A/avian/Hong_Kong/07 4	3	1	2	3	0	4	1	0	5	0	1	2	0	0	0	5	2	4	1	7	2	1	1	7	4	0	3	5	0	15	1	3	5	8	4	6	6	5	3	2	4	5	6	14	4	8	5	1	8	6	3	6	7	0	2	1	8	5	8	7	3	12	3	
729_A/avian/Hong_Kong/19 4	3	1	2	3	0	4	1	0	5	0	1	2	0	0	0	5	2	4	1	7	2	1	1	7	4	0	3	5	0	15	1	3	5	8	4	6	6	5	3	2	4	5	6	14	4	8	5	1	8	6	3	6	7	0	2	1	8	5	8	7	3	12	3	
730_A/avian/Hong_Kong/23 4	3	1	2	3	0	4	1	0	5	0	1	2	0	0	0	5	2	4	1	7	2	1	1	7	4	0	3	5	0	15	1	3	5	8	4	6	6	5	3	2	4	5	6	14	4	8	5	1	8	6	3	6	7	0	2	1	8	5	8	7	3	12	3	
731_A/bar-headed_goose/Q 4	3	1	2	3	0	4	1	0	5	0	1	3	0	0	0	4	1	5	1	8	2	2	1	6	3	2	3	5	1	12	1	1	6	8	5	5	5	5	2	3	5	5	8	16	3	8	3	2	7	6	2	5	8	0	3	1	8	6	8	7	3	11	3	
732_A/bar-headed_goose/T 4	3	1	2	3	0	4	1	0	5	0	1	2	0	0	0	4	2	4	1	8	2	1	1	6	3	1	3	6	1	14	1	2	6	8	5	5	5	4	2	3	6	5	8	15	3	8	3	2	7	6	3	5	8	0	3	1	8	6	7	7	3	11	3	
733_A/brown-headed_gull/ 4	3	1	2	3	0	4	1	0	5	0	1	2	0	0	0	5	2	4	2	7	2	1	0	5	3	0	3	7	1	15	1	3	5	8	5	6	6	5	2	2	4	5	7	14	4	8	4	2	8	6	4	5	7	0	2	0	8	6	7	8	3	11	3	
734_A/brown-headed_gull/ 4	3	1	2	3	0	4	1	0	5	0	1	2	0	0	0	5	2	4	2	7	2	1	0	6	3	2	3	6	1	13	1	3	5	9	4	6	6	4	3	2	4	5	7	14	4	8	4	2	8	5	3	5	7	1	3	0	8	5	7	8	3	12	3	
735_A/chicken/China/Cang 3	2	0	3	3	1	5	0	0	3	0	1	5	2	0	0	5	2	4	1	7	2	1	1	5	3	5	2	6	1	10	2	3	3	4	8	4	10	6	1	3	3	5	7	12	3	6	6	3	9	5	3	5	8	2	2	0	7	8	6	8	3	9	5	
736_A/chicken/China/E93/ 4	3	1	2	3	0	4	1	2	5	0	1	1	0	0	0	6	2	3	1	6	2	2	1	5	3	2	2	6	1	13	2	3	7	7	6	6	4	5	2	4	5	5	6	13	3	8	5	2	8	5	4	4	7	1	1	3	9	6	7	5	2	11	4	
737_A/chicken/China/E96/ 4	3	1	2	3	0	4	1	2	5	0	1	1	0	0	0	6	2	3	1	6	2	2	1	5	3	2	2	6	1	13	2	3	7	7	6	6	4	5	2	3	5	5	6	14	3	8	5	2	8	5	4	4	7	1	1	3	9	6	7	5	2	11	4	
738_A/chicken/Eastern_Ch 3	1	0	2	3	2	5	1	2	4	0	1	1	0	0	0	6	2	3	1	6	2	2	0	7	4	5	2	4	0	10	3	5	7	5	5	3	4	5	4	2	6	4	5	14	3	9	6	4	11	4	3	4	5	3	2	2	8	10	5	5	3	7	7	
739_A/chicken/Eastern_Ch 3	1	0	2	3	2	5	1	3	4	0	1	1	0	0	0	6	2	3	1	5	2	2	0	6	4	5	1	4	0	10	4	5	7	5	5	4	4	5	4	2	6	4	5	14	3	9	6	3	11	4	3	5	5	3	3	2	8	9	4	5	3	8	7	
740_A/chicken/Fujian/1/2 4	3	1	2	3	0	4	1	1	5	0	1	1	0	0	0	5	2	4	1	7	2	1	1	6	3	0	3	6	1	15	1	3	5	6	4	6	6	7	3	2	5	5	6	14	3	8	5	2	8	6	3	5	7	0	2	1	8	6	8	7	3	11	3	
741_A/chicken/Gansu/5/20 5	2	2	3	2	1	3	0	3	5	0	1	1	0	0	0	5	2	4	1	7	2	1	1	2	3	3	3	8	1	12	1	3	4	6	5	4	7	4	4	2	7	6	7	14	2	6	5	3	9	4	3	3	7	3	2	2	8	5	7	9	1	12	4	
742_A/chicken/Gansu/6/20 4	3	1	2	3	0	4	1	2	5	0	1	1	0	0	0	6	2	3	1	6	2	2	1	5	3	2	2	6	1	13	2	3	7	7	6	6	4	5	2	3	5	5	6	14	3	8	5	2	8	5	4	4	7	1	1	3	9	6	7	5	2	11	4	
743_A/chicken/Guangdong/ 4	3	1	2	3	0	4	1	0	5	0	1	2	0	0	0	4	2	4	1	8	2	1	1	6	3	0	3	6	1	15	1	2	6	8	5	6	5	5	2	2	5	5	8	15	3	8	3	2	8	6	3	5	7	0	3	1	8	6	7	7	3	11	3	
744_A/chicken/Guangxi/S2 4	3	1	2	3	0	4	1	0	5	0	1	2	0	0	0	5	2	4	2	7	2	1	0	6	4	0	3	6	0	15	1	2	5	8	6	7	6	5	1	2	5	5	6	14	3	8	5	2	7	6	3	4	8	0	2	2	9	5	9	7	2	12	2	
745_A/chicken/Guizhou/7/ 4	3	1	2	3	0	4	1	0	5	0	1	2	0	0	0	5	2	4	1	7	2	1	1	6	3	1	3	6	1	14	1	2	6	8	4	5	5	5	3	3	4	5	6	14	4	8	5	2	8	6	4	6	7	0	1	1	8	5	8	7	3	12	3	
746_A/chicken/Hebei/A-8/ 3	3	1	2	4	0	4	1	1	4	0	1	2	1	0	0	6	2	4	1	7	2	1	1	5	3	1	2	5	1	14	2	4	6	7	6	5	5	5	2	3	4	5	6	14	4	8	5	2	8	5	4	4	7	1	1	2	8	6	7	6	3	11	4	
747_A/chicken/Henan/A-7/ 3	3	1	2	4	0	4	1	1	4	0	1	2	1	0	0	5	2	4	1	7	2	1	1	5	3	1	3	6	1	14	1	2	7	7	6	5	4	5	2	3	4	5	7	15	4	8	4	3	8	5	4	4	7	1	1	3	8	6	8	5	3	11	3	
748_A/chicken/Huadong/4/ 2	2	1	2	4	1	4	1	1	5	0	1	2	0	0	0	6	2	4	1	7	2	1	1	5	3	1	2	6	1	14	2	3	7	7	6	6	4	5	2	3	4	5	6	14	4	8	5	2	8	5	4	4	7	1	1	3	8	6	7	5	3	11	4	
749_A/chicken/Hubei/2856 4	3	1	2	3	0	4	1	0	5	0	1	2	0	0	0	5	2	4	1	7	2	1	1	6	3	0	3	6	1	15	1	3	5	7	4	6	6	6	3	2	4	5	6	14	4	8	5	3	8	6	3	4	7	0	2	1	8	7	7	7	3	10	4	
750_A/chicken/Hunan/1793 4	3	1	2	3	0	4	1	0	5	0	1	2	0	0	0	5	2	4	1	7	2	1	1	6	3	0	2	6	1	15	2	3	5	8	4	6	6	5	3	2	4	5	7	14	4	8	4	3	7	6	3	5	7	0	2	1	8	7	7	7	3	10	4	
751_A/chicken/Hunan/21/2 4	3	1	2	3	0	4	1	0	5	0	1	2	1	0	0	5	2	4	1	7	2	1	1	6	3	0	3	6	1	14	1	3	5	7	4	6	6	5	3	2	4	6	6	14	4	8	5	2	8	6	3	5	7	0	2	1	8	7	7	7	3	10	4	
752_A/chicken/Hunan/3/20 4	3	1	2	3	0	4	1	0	5	0	1	2	0	0	0	5	2	4	2	7	2	1	0	6	4	0	3	6	0	15	1	2	5	8	4	7	6	5	3	2	4	5	6	14	4	8	5	3	8	6	3	4	7	0	2	1	8	5	8	7	3	12	3	
753_A/chicken/Hunan/3157 4	3	1	2	3	0	4	1	0	5	0	1	2	0	0	0	5	2	4	1	7	2	1	1	5	3	0	3	7	1	15	1	3	5	8	4	6	6	5	3	2	4	5	6	14	4	8	5	3	8	6	3	4	7	0	2	1	8	7	7	7	3	10	4	
754_A/chicken/Hunan/8/20 4	3	1	2	3	0	4	1	0	5	0	1	2	0	0	0	6	2	4	2	6	2	1	0	6	3	0	3	6	1	15	1	2	5	8	4	7	6	5	3	2	4	6	5	14	4	7	6	3	8	6	3	4	6	0	2	2	9	5	8	6	3	12	3	
755_A/chicken/Jiangsu/18 3	2	1	2	4	1	4	1	1	5	0	1	2	0	0	0	5	2	4	1	7	2	1	1	5	3	1	2	6	1	14	2	3	7	7	6	6	4	5	2	3	4	5	6	14	4	8	5	2	8	5	4	4	7	1	1	3	8	6	6	5	3	11	5	
756_A/chicken/Jiangsu/24 4	3	1	2	3	0	4	1	0	5	0	1	2	0	0	0	5	2	4	2	7	2	1	0	6	4	0	3	6	0	15	1	2	6	8	5	6	5	5	2	3	5	5	7	14	3	8	4	3	6	6	3	3	9	0	2	2	9	5	10	7	2	12	1	
757_A/chicken/Jiangsu/92 4	3	1	2	3	0	4	1	0	5	0	1	2	0	0	0	5	2	4	2	7	2	1	0	6	4	0	3	6	0	15	1	2	6	8	5	7	5	5	2	2	5	6	7	14	3	7	4	2	6	6	3	3	9	0	2	3	9	6	9	7	2	11	2	
758_A/chicken/Jiangsu/YB 4	1	0	2	2	2	5	1	2	4	0	1	1	0	0	0	7	2	3	2	6	2	2	0	6	4	6	1	5	0	9	3	4	7	4	6	3	4	8	2	2	5	3	5	14	3	10	5	4	7	4	3	4	7	3	1	3	9	7	6	4	5	10	7	
759_A/chicken/Jiangsu/k0 4	3	1	2	3	0	4	1	0	5	0	1	2	0	0	0	5	2	4	2	7	2	1	0	6	3	2	3	6	1	13	1	3	5	9	4	6	6	4	3	2	4	5	7	14	3	8	4	2	8	5	3	5	7	1	3	0	7	5	6	8	5	12	4	
760_A/chicken/Jiangxi/25 4	3	1	2	3	0	4	1	0	5	0	1	2	0	0	0	5	2	4	2	7	2	1	0	6	3	0	3	6	1	15	1	2	6	8	6	7	5	5	1	2	5	4	7	14	3	8	5	2	6	6	3	4	9	0	2	2	9	5	9	7	2	12	2	
761_A/chicken/Liaoning/2 4	2	1	2	3	1	4	1	0	5	0	1	2	0	0	0	4	2	4	1	8	2	1	1	6	3	2	3	6	1	13	1	2	6	8	5	6	5	5	2	2	5	5	8	15	3	8	3	2	8	6	3	5	7	0	3	1	8	6	7	7	3	11	3	
762_A/chicken/Liaoning/A 3	3	1	2	4	0	4	1	1	5	0	1	2	0	0	0	5	2	4	1	7	2	1	1	5	3	1	3	7	1	14	1	3	7	7	6	6	4	5	2	3	5	5	7	13	3	8	4	3	8	5	4	3	7	1	1	3	8	6	8	5	3	11	3	
763_A/chicken/Liaoning/S 4	3	1	2	3	0	4	1	1	5	0	1	2	0	0	0	6	2	3	1	6	2	2	1	4	3	3	2	7	1	12	2	3	7	7	6	6	4	5	2	3	5	5	6	14	3	8	5	3	8	5	4	3	7	1	1	3	9	6	7	5	2	11	4	
764_A/chicken/Ningxia/2/ 4	3	1	2	3	0	4	1	1	4	0	1	2	1	0	0	6	2	3	1	6	2	2	1	6	3	3	2	5	1	12	2	3	7	7	6	6	4	5	2	3	5	5	6	14	3	8	5	3	8	5	4	3	7	1	1	3	9	7	7	5	2	10	4	
765_A/chicken/Ningxia/22 4	3	1	2	3	0	4	1	1	4	0	1	2	1	0	0	6	2	3	1	6	2	2	1	6	3	3	2	5	1	12	2	3	7	7	6	6	4	5	2	3	5	5	6	14	3	8	5	3	8	5	4	3	7	1	1	3	9	7	7	5	2	10	4	
766_A/chicken/Ningxia/24 3	3	1	2	4	0	4	1	1	5	0	1	3	0	0	0	5	1	5	1	7	2	3	1	5	3	2	3	5	1	11	1	3	7	7	6	5	4	5	2	3	4	5	7	14	4	9	3	3	8	5	4	4	7	1	1	3	8	7	8	5	3	10	3	
767_A/chicken/North_Chin 3	1	0	2	3	2	5	1	2	4	0	1	1	0	0	0	6	2	3	1	6	2	2	0	7	4	5	2	4	0	10	3	5	7	5	5	3	4	5	4	2	6	4	5	14	3	9	6	4	11	4	3	4	5	3	2	2	8	10	5	5	3	7	7	
768_A/chicken/Shandong/A 3	3	1	2	4	0	4	1	1	5	0	1	2	0	0	0	5	2	4	1	7	2	1	1	5	3	1	3	6	1	14	1	3	7	7	6	6	4	5	2	3	4	5	7	14	5	7	4	3	8	5	4	3	7	1	1	2	8	7	8	6	3	10	3	
769_A/chicken/Shantou/37 3	3	1	2	4	0	4	1	1	5	0	1	2	0	0	0	5	2	4	1	7	2	1	1	5	3	0	3	6	1	15	1	3	6	9	5	6	4	4	2	2	4	5	6	14	4	8	5	2	8	6	3	5	8	0	2	1	8	6	8	7	3	11	3	
770_A/chicken/Shanxi/10/ 3	3	1	2	4	0	4	1	1	5	0	1	2	0	0	0	5	2	4	1	7	2	1	1	5	3	1	3	6	1	14	1	4	7	7	6	6	4	5	2	3	4	5	6	13	4	8	5	4	8	5	4	2	7	1	1	3	8	6	8	5	3	11	3	
771_A/chicken/Sheny/0606 3	3	1	2	4	0	4	1	1	5	0	1	2	0	0	0	5	2	4	1	7	2	1	1	4	3	1	3	7	1	14	1	3	6	7	6	6	5	5	2	3	4	6	6	14	4	7	5	3	8	5	4	3	7	1	1	2	8	6	7	6	3	11	4	
772_A/chicken/Sichuan/81 4	3	1	2	3	0	4	1	0	5	0	1	2	0	0	0	5	2	4	1	7	2	1	1	6	3	0	3	6	1	15	1	3	6	8	4	6	6	5	3	2	4	5	6	14	3	8	5	2	8	6	3	5	7	0	2	1	8	7	7	7	3	10	4	
773_A/chicken/Wuhan/HAQL 4	1	0	2	2	2	5	1	2	4	0	1	1	0	0	0	7	2	3	2	6	2	2	0	6	4	6	1	5	0	9	3	4	7	4	6	3	4	8	2	2	5	3	5	14	3	10	5	4	7	4	3	4	7	3	1	3	9	7	6	4	5	10	7	
774_A/chicken/Wuhan/HAQL 4	1	0	2	2	2	5	1	2	4	0	1	1	0	0	0	7	2	3	2	6	2	2	0	6	4	5	1	5	0	10	3	4	7	4	6	3	4	8	2	2	5	3	5	14	3	10	5	4	7	4	3	4	7	3	1	3	9	7	6	4	5	10	7	
775_A/chicken/Wuxi/WX-32 4	3	1	2	3	0	4	1	0	5	0	1	2	0	0	0	5	2	4	2	7	2	1	0	6	4	0	3	6	0	15	1	2	6	8	5	7	5	5	2	2	5	5	7	14	3	8	4	2	6	6	3	4	9	0	2	2	9	5	9	7	2	12	2	
776_A/chicken/Wuxi/WX-33 4	3	1	2	3	0	4	1	0	5	0	1	2	0	0	0	5	2	4	2	7	2	1	0	6	4	0	3	6	0	15	1	2	6	8	5	7	5	5	2	2	5	5	7	14	3	8	4	2	6	6	3	4	9	0	2	2	9	5	9	7	2	12	2	
777_A/chicken/Xinjiang/1 3	3	1	2	4	0	4	1	2	5	0	1	2	0	0	0	5	2	4	1	7	2	1	1	3	3	2	3	7	1	13	1	3	6	8	5	6	5	5	2	2	4	4	7	14	4	8	5	2	8	6	3	5	7	0	2	1	8	6	8	7	3	11	3	
778_A/chicken/Xinjiang/2 3	3	1	2	4	0	4	1	1	5	0	1	2	0	0	0	5	2	4	1	7	2	2	1	4	2	0	3	7	1	14	1	4	6	8	5	5	5	5	2	2	4	5	6	14	4	8	5	1	8	6	3	5	7	0	2	1	9	6	7	8	3	11	4	
779_A/chicken/Xinjiang/5 3	3	1	2	4	0	4	1	1	5	0	1	2	0	0	0	5	2	4	1	7	2	1	1	4	3	0	3	8	0	15	1	4	6	8	5	5	5	5	2	2	4	5	6	14	4	8	5	1	8	6	3	5	7	0	2	1	8	6	7	8	3	11	4	
780_A/chicken/Xinjiang/5 3	3	1	2	4	0	4	1	1	5	0	1	2	0	0	0	5	2	4	1	7	2	1	1	4	3	0	3	7	1	15	1	3	6	8	5	6	5	5	2	2	4	5	6	14	4	8	5	2	8	6	3	5	7	0	2	0	8	6	8	8	3	11	3	
781_A/chicken/Xinjiang/6 3	3	1	2	4	0	4	1	1	5	0	1	2	0	0	0	5	2	4	1	7	2	1	1	4	3	0	3	7	1	15	1	4	6	8	5	5	5	5	2	2	4	5	6	14	4	8	5	1	8	6	3	5	7	0	2	1	8	6	7	8	3	11	4	
782_A/chicken/Xinjiang/6 4	3	1	2	3	0	4	1	1	5	0	1	2	0	0	0	5	2	4	1	7	2	2	1	4	3	1	3	7	1	13	1	3	6	8	5	6	5	5	2	2	4	5	6	14	4	11	2	2	8	6	3	5	7	0	2	1	8	6	8	7	3	11	3	
783_A/chicken/Yunnan/1/2 4	3	1	2	3	0	4	1	0	5	0	1	2	0	0	0	5	2	4	2	7	2	1	0	6	4	0	3	6	0	15	1	2	5	10	6	7	5	3	1	2	5	5	8	14	3	8	3	2	8	5	3	4	8	1	2	1	9	6	8	8	2	11	3	
784_A/chicken/Yunnan/207 4	3	1	2	3	0	4	1	1	5	0	1	2	0	0	0	5	2	4	1	7	2	1	1	5	3	0	3	6	1	15	1	3	7	8	5	6	4	5	2	2	4	4	6	14	4	9	5	2	8	6	3	5	7	0	2	1	8	6	8	7	3	11	3	
785_A/chicken/Yunnan/568 4	3	1	2	3	0	4	1	1	5	0	1	2	0	0	0	5	2	4	1	7	2	1	1	5	3	0	3	6	1	15	1	3	7	8	5	6	4	5	2	2	4	4	6	14	4	9	5	2	8	6	3	5	7	0	2	1	8	6	8	7	3	11	3	
786_A/chicken/Yunnan/679 4	2	1	2	3	1	4	1	1	5	0	1	2	0	0	0	5	2	4	1	7	2	1	1	5	3	0	3	6	1	15	1	3	7	8	5	6	4	5	2	2	4	4	6	14	4	9	5	2	8	6	3	5	7	0	2	1	8	6	8	7	3	11	3	
787_A/chicken/Yunnan/688 4	3	1	2	3	0	4	1	1	5	0	1	2	0	0	0	5	2	4	1	7	2	1	1	5	3	0	3	6	1	15	1	3	7	8	5	6	4	5	2	2	4	4	6	14	4	9	5	2	8	6	3	5	7	0	2	1	8	6	8	7	3	11	3	
788_A/condor/Guangdong/1 5	3	1	2	3	0	4	1	0	5	0	1	2	0	0	0	4	2	4	1	7	2	1	1	6	3	0	3	6	1	15	1	3	7	8	5	6	5	5	2	2	3	5	6	15	4	8	5	2	8	6	3	5	7	0	2	1	9	6	8	6	2	11	3	
789_A/domestic_green-win 5	1	0	3	2	2	5	0	1	5	0	1	1	0	0	0	5	2	3	1	7	2	2	1	5	3	3	2	7	1	12	2	3	4	5	6	4	8	5	3	2	5	6	6	14	3	6	6	5	9	5	3	3	8	2	2	1	5	8	4	8	3	9	7	
790_A/duck/Anhui/56/2005 4	3	1	2	3	0	4	1	0	5	0	1	2	0	0	0	6	2	4	1	6	2	1	1	6	3	0	3	6	1	15	1	3	5	9	5	6	5	4	2	2	4	5	6	14	5	8	5	2	8	6	3	5	7	0	2	1	8	6	8	7	3	11	3	
791_A/duck/China/0935/20 4	3	1	2	3	0	4	1	0	5	0	1	2	0	0	0	5	1	4	2	7	3	1	0	6	4	0	2	6	0	15	2	2	6	8	5	7	5	5	2	2	4	5	7	14	4	8	4	3	6	6	3	3	9	0	2	2	9	5	10	7	2	12	1	
792_A/duck/China/1033/20 4	3	1	2	3	0	4	1	0	5	0	1	2	0	0	0	5	2	4	2	7	2	1	0	6	4	0	2	6	0	15	2	2	6	8	5	7	5	5	2	2	4	5	7	14	4	8	4	3	6	6	3	3	9	0	2	2	10	5	10	7	1	12	1	
793_A/duck/China/E26/201 4	3	1	2	3	0	4	1	0	5	0	1	2	0	0	0	5	2	4	2	7	2	1	0	6	4	2	3	6	0	13	1	3	6	9	5	6	5	4	2	2	4	5	8	14	4	8	3	2	8	5	3	5	7	1	3	0	8	5	6	8	3	12	4	
794_A/duck/China/E53/201 4	3	1	2	3	0	4	1	0	5	0	1	2	0	0	0	5	2	4	2	7	2	1	0	6	4	0	3	6	0	15	1	2	6	8	6	7	5	5	1	2	5	6	6	14	3	7	5	2	5	6	3	3	10	0	2	3	9	5	9	7	2	12	2	
795_A/duck/Eastern_China 3	1	0	2	3	2	5	1	3	4	0	1	1	0	0	0	6	2	3	1	6	2	2	0	5	4	4	2	5	0	11	3	5	8	5	5	3	4	5	4	2	6	4	4	14	3	9	7	4	9	4	3	4	6	3	2	2	8	9	5	5	3	8	7	
796_A/duck/Eastern_China 4	3	1	2	3	0	4	1	1	5	0	1	2	0	0	0	6	2	4	1	6	2	1	1	5	3	1	3	6	1	14	1	3	5	8	4	6	6	6	3	2	4	4	6	14	4	8	5	3	7	6	2	4	8	0	3	2	8	6	7	6	3	11	4	
797_A/duck/Eastern_China 4	3	1	2	3	0	4	1	1	5	0	1	2	0	0	0	6	2	4	1	6	2	1	1	5	3	1	3	6	1	14	1	3	5	8	4	6	6	6	3	2	4	4	6	14	4	8	5	3	7	6	3	4	8	0	2	2	8	6	7	6	3	11	4	
798_A/duck/Guangdong/23/ 3	3	1	3	3	0	4	1	0	6	0	1	2	0	0	0	4	2	5	1	8	2	1	0	5	2	1	3	6	1	14	1	2	6	8	5	6	6	5	2	2	4	4	7	15	4	8	5	2	8	6	3	5	7	0	2	1	8	6	8	7	3	11	3	
799_A/duck/Hubei/2911/20 4	3	1	2	3	0	4	1	0	5	0	1	2	0	0	0	5	2	4	1	7	2	1	1	5	3	0	3	7	1	15	1	3	5	8	4	6	5	5	3	2	4	5	6	14	4	8	5	2	8	6	3	5	8	0	2	1	8	8	7	7	3	9	4	
800_A/duck/Hubei/49/2005 4	3	1	2	3	0	4	1	0	5	0	1	2	0	0	0	5	2	4	1	7	2	1	1	6	3	0	3	6	1	15	1	3	5	8	4	6	6	5	3	2	4	5	6	14	4	8	5	2	8	6	3	5	7	0	2	1	8	7	7	7	3	10	4	
801_A/duck/Hubei/xn/2007 4	3	1	2	3	0	4	1	0	5	0	1	2	0	0	0	5	2	4	2	7	2	1	0	6	3	0	3	6	1	15	1	2	5	8	4	7	6	5	3	2	4	5	7	14	3	8	4	3	8	6	3	4	7	0	2	1	8	5	8	7	4	12	3	
802_A/duck/Hunan/3/2007_ 4	3	1	2	3	0	4	1	0	5	0	1	2	0	0	0	5	2	4	2	7	2	1	0	6	3	0	3	6	1	15	1	2	5	8	4	7	6	5	3	2	4	5	6	14	4	8	5	3	8	6	3	4	7	0	2	1	8	5	8	7	3	12	3	
803_A/duck/Hunan/316/200 4	3	1	2	3	0	4	1	0	5	0	1	3	0	0	0	5	2	4	1	7	2	1	1	6	3	0	3	5	1	15	1	3	5	8	4	6	6	5	3	2	4	5	6	14	4	8	5	3	8	6	3	4	7	0	2	1	8	7	7	7	3	10	4	
804_A/duck/Hunan/3315/20 4	3	1	2	3	0	4	1	0	5	0	1	2	0	0	0	5	2	4	1	7	2	1	1	6	3	0	2	6	1	15	2	3	5	8	4	6	6	5	3	2	4	5	6	14	4	8	5	2	8	6	3	5	7	0	2	1	8	7	7	7	3	10	4	
805_A/duck/Hunan/689/200 4	3	1	2	3	0	4	1	0	5	0	1	2	0	0	0	5	2	3	1	7	2	2	1	5	3	0	3	7	1	15	1	3	5	8	4	6	6	5	3	2	4	5	6	14	4	8	5	2	8	6	3	5	7	0	2	1	8	7	7	7	3	10	4	
806_A/duck/Hunan/733/200 4	3	1	2	3	0	4	1	0	5	0	1	2	0	0	0	5	2	4	1	7	2	1	1	6	4	0	3	6	0	15	1	3	5	8	4	6	6	5	3	2	4	5	6	14	4	8	5	2	8	6	3	5	7	0	2	1	8	6	8	7	3	11	3	
807_A/duck/Hunan/8/2008_ 4	1	1	2	3	2	4	1	0	5	0	1	2	0	0	0	5	2	3	2	7	2	2	0	6	2	1	2	6	2	14	2	2	4	6	6	6	8	4	3	2	5	6	4	14	3	8	6	4	9	7	3	3	8	0	2	3	6	6	7	6	2	11	4	
808_A/duck/Hunan/S4020/2 4	3	1	2	3	0	4	1	0	5	0	1	2	0	0	0	6	2	4	2	6	2	1	0	6	3	0	3	6	1	15	1	3	5	8	4	6	6	5	3	2	4	5	6	14	4	8	5	2	8	4	4	5	7	2	2	0	9	5	7	8	2	12	3	
809_A/duck/Hunan/S4030/2 4	3	1	2	3	0	4	1	0	5	0	1	2	0	0	0	5	2	4	2	7	2	1	0	6	4	0	2	6	0	15	1	2	4	8	6	8	7	5	1	2	4	5	7	14	4	8	5	2	7	6	3	3	8	0	2	2	9	5	9	7	2	12	2	
810_A/duck/Hunan/S4150/2 4	2	1	2	3	1	4	1	0	5	0	1	2	0	0	0	5	2	4	2	7	2	1	0	6	3	2	3	6	1	13	1	3	5	9	4	6	6	4	3	2	4	5	7	14	4	8	4	2	8	5	3	5	7	1	3	0	7	5	6	8	4	12	4	
811_A/duck/Hunan/S4220/2 4	3	1	2	3	0	4	1	0	5	0	1	2	0	0	0	6	2	4	2	7	2	1	0	6	4	0	3	5	0	15	1	2	6	8	6	7	5	5	1	2	5	5	7	14	3	8	4	2	7	6	3	4	8	0	2	1	9	5	9	8	2	12	2	
812_A/duck/Jiangxi/120/2 3	1	0	2	3	2	5	1	2	4	0	1	1	0	0	0	6	2	3	1	6	2	2	0	7	4	5	2	4	0	10	3	5	6	5	5	3	4	5	4	2	6	4	5	14	3	9	6	4	12	4	3	4	5	3	2	2	8	10	5	5	3	7	7	
813_A/duck/Jiangxi/130/2 4	2	1	2	3	1	4	1	0	5	0	1	2	0	0	0	5	2	4	2	7	2	1	0	6	3	2	3	6	1	13	1	3	5	8	4	6	6	5	3	2	4	5	7	14	4	8	4	3	8	5	2	4	7	1	4	0	7	5	6	8	4	12	4	
814_A/duck/Jiangxi/34/20 4	3	1	2	3	0	4	1	0	5	0	1	2	0	0	0	5	2	4	2	7	2	1	0	6	4	0	3	6	0	15	1	2	6	8	6	7	5	5	1	2	5	5	6	14	3	8	5	2	6	6	3	4	9	0	2	2	9	5	9	7	2	12	2	
815_A/duck/Jiangxi/35/20 4	3	1	2	3	0	4	1	0	5	0	1	2	0	0	0	5	2	4	2	7	2	1	0	6	4	0	3	6	0	15	1	2	6	8	6	7	5	5	1	2	5	5	6	14	3	8	5	2	6	6	3	4	9	0	2	2	9	5	9	7	2	12	2	
816_A/duck/Jiangxi/44/20 4	3	0	1	3	0	5	2	1	3	0	1	1	1	0	0	5	2	4	1	6	2	1	0	3	2	2	2	9	2	13	3	2	4	5	6	4	7	6	2	3	5	5	7	16	3	7	5	3	7	5	3	3	9	2	2	2	10	8	6	8	1	9	5	
817_A/duck/Jiangxi/80/20 4	3	1	2	3	0	4	1	0	5	0	1	2	0	0	0	5	2	4	1	7	2	1	1	6	3	0	3	6	1	15	1	3	5	8	4	6	6	5	3	2	4	5	6	14	4	8	5	2	8	5	3	5	7	0	3	1	8	8	6	7	3	10	4	
818_A/duck/Jilin/JL-SIV/ 4	3	1	2	3	0	4	1	0	5	0	1	2	0	0	0	5	2	4	1	7	2	1	1	6	3	0	3	6	1	15	1	3	5	8	4	7	6	5	3	2	4	5	6	14	4	8	5	2	8	6	3	4	7	0	2	1	8	7	7	7	3	10	4	
819_A/duck/Nanchang/9789 4	3	1	2	3	0	4	1	0	6	0	1	2	0	0	0	5	2	4	2	7	2	1	0	6	4	0	2	6	0	15	2	2	6	8	6	7	5	5	1	2	5	5	7	14	3	8	4	2	7	6	3	4	8	0	2	1	8	5	8	8	2	12	3	
820_A/duck/Shandong/009/ 4	1	1	2	2	2	4	1	2	4	0	1	1	0	0	0	6	2	3	1	6	2	2	0	6	4	4	2	5	0	11	3	5	7	4	6	3	4	6	3	2	6	5	5	14	3	8	6	4	10	3	3	4	6	4	2	2	9	9	6	5	2	8	6	
821_A/duck/Sichuan/NCXN1 4	3	2	2	3	0	3	1	0	5	0	1	2	0	0	0	5	2	4	2	7	2	1	0	6	4	0	3	6	0	15	1	2	5	10	6	7	5	3	1	2	5	5	8	14	3	8	3	2	8	5	3	4	8	1	2	1	9	5	8	8	2	12	3	
822_A/duck/Sichuan/NCXN1 4	3	2	2	3	0	3	1	0	5	0	1	2	0	0	0	5	2	4	2	7	2	1	0	5	4	0	3	6	0	15	1	2	5	10	6	7	5	3	1	3	5	5	8	14	3	8	3	2	8	5	3	4	8	1	2	1	9	5	8	8	2	12	3	
823_A/duck/Wenzhou/YJYF3 4	1	0	2	2	2	5	1	2	4	0	1	1	0	0	0	7	2	3	2	6	2	2	0	6	4	6	1	5	0	9	3	4	8	4	6	3	4	8	2	2	4	3	5	14	3	10	5	4	7	4	2	4	7	3	2	3	9	7	6	4	5	10	7	
824_A/duck/Yunnan/4072/2 4	3	1	2	3	0	4	1	1	5	0	1	2	0	0	0	5	2	4	1	7	2	1	1	5	3	0	3	6	1	15	1	3	7	8	5	6	4	5	2	2	4	5	6	14	4	8	5	2	8	6	3	5	7	0	2	1	8	6	8	7	3	11	3	
825_A/duck/Yunnan/426/20 4	3	1	2	3	0	4	1	1	5	0	1	2	0	0	0	5	2	4	1	7	2	1	1	5	3	0	3	6	1	15	1	3	7	8	5	6	4	5	2	2	4	4	6	14	4	9	5	2	8	6	3	5	7	0	2	1	9	6	8	7	2	11	3	
826_A/duck/Yunnan/4645/2 4	3	1	2	3	0	4	1	1	5	0	1	2	0	0	0	5	2	4	1	7	2	1	1	5	3	0	3	6	1	15	1	3	7	8	5	6	4	5	2	2	4	4	6	14	4	9	5	2	8	6	3	5	7	0	2	1	8	6	8	7	3	11	3	
827_A/duck/Yunnan/47/200 3	3	1	2	4	0	4	1	1	5	0	1	2	0	0	0	5	2	7	1	7	2	2	1	5	3	0	3	6	1	15	1	3	5	5	4	6	7	5	3	2	3	5	7	14	4	9	3	2	8	6	3	5	8	0	2	1	7	7	8	7	3	9	3	
828_A/duck/Yunnan/485/20 4	3	1	2	3	0	4	1	1	5	0	1	2	0	0	0	5	2	4	1	7	2	1	1	5	3	0	3	6	1	15	1	3	7	8	5	6	4	5	2	2	4	4	6	14	4	9	5	2	8	6	3	5	7	0	2	1	8	6	8	7	3	11	3	
829_A/duck/Yunnan/4873/2 3	3	1	2	4	0	4	1	0	5	0	1	2	0	0	0	5	2	4	1	7	2	1	1	6	3	0	3	6	1	15	1	3	5	8	4	6	6	5	3	2	4	5	7	14	4	8	4	2	8	6	3	5	7	0	2	1	8	5	8	7	3	12	3	
830_A/duck/Yunnan/5090/2 4	3	1	2	3	0	4	1	1	5	0	1	2	0	0	0	5	2	4	1	7	2	1	1	5	3	0	3	6	1	15	1	3	7	8	5	6	4	5	2	2	4	4	6	14	4	9	5	2	8	6	3	5	7	0	2	1	8	6	8	7	3	11	3	
831_A/duck/Yunnan/5169/2 4	3	1	2	3	0	4	1	1	5	0	1	2	0	0	0	5	2	4	1	7	2	1	1	5	3	0	3	6	1	15	1	3	7	8	5	6	4	5	2	2	4	4	6	14	4	9	5	2	8	6	3	5	7	0	2	1	8	6	8	7	3	11	3	
832_A/duck/Yunnan/522/20 4	3	1	2	3	0	4	1	1	5	0	1	2	0	0	0	5	2	4	1	7	2	1	1	5	3	0	3	6	1	15	1	3	7	8	5	6	4	5	2	2	4	4	6	14	4	9	5	2	8	6	3	5	7	0	2	1	8	6	8	7	3	11	3	
833_A/duck/Yunnan/5310/2 4	3	1	2	3	0	4	1	0	5	0	1	2	0	0	0	5	2	4	1	7	2	1	1	5	3	0	3	7	1	15	1	3	5	8	4	6	6	5	3	2	4	5	6	14	4	8	5	2	9	6	3	5	6	0	2	1	9	7	7	7	2	10	4	
834_A/duck/Yunnan/5948/2 4	4	1	2	3	0	4	1	1	5	0	1	2	0	0	0	5	2	4	1	7	2	1	1	5	3	0	3	6	1	15	1	3	6	8	5	6	4	5	2	2	4	4	6	14	4	9	5	2	8	6	3	5	7	0	2	1	8	6	8	7	3	11	3	
835_A/duck/Yunnan/6080/2 4	3	1	2	3	0	4	1	2	5	0	1	2	0	0	0	5	2	4	1	7	2	1	1	4	3	0	3	6	1	15	1	3	7	8	5	6	4	5	2	2	4	4	6	14	4	9	5	2	8	6	3	5	7	0	2	1	8	6	8	7	3	11	3	
836_A/duck/Yunnan/6603/2 4	3	1	2	3	0	4	1	1	5	0	1	2	0	0	0	5	2	4	1	7	2	1	1	5	3	0	3	6	1	15	1	3	7	8	5	6	4	5	2	2	4	4	6	14	4	9	5	2	8	6	3	5	7	0	2	1	8	6	8	7	3	11	3	
837_A/duck/Zhejiang/1220 4	1	0	2	2	2	5	1	2	4	0	1	1	0	0	0	7	2	3	2	6	2	2	0	6	4	6	1	5	0	9	3	4	7	4	6	3	4	8	2	2	5	3	5	14	3	10	5	4	7	4	3	4	7	3	1	3	9	7	6	4	5	10	7	
838_A/duck/Zhejiang/213/ 4	3	1	2	3	0	4	1	0	5	0	1	2	0	0	0	5	2	4	2	7	2	1	0	6	4	0	3	6	0	15	1	2	6	8	6	7	5	5	1	2	5	5	7	14	3	8	4	2	6	6	3	4	9	0	2	2	9	5	9	7	2	12	2	
839_A/duck/Zhejiang/224/ 4	3	1	2	3	0	4	1	0	5	0	1	2	0	0	0	5	2	4	2	7	2	1	0	6	4	0	3	6	0	15	1	2	6	8	6	7	5	5	1	2	5	5	6	14	3	8	5	2	7	6	3	4	8	0	2	2	9	5	9	7	2	12	2	
840_A/duck/Zhejiang/2242 4	3	1	2	3	0	4	1	0	5	0	1	2	0	0	0	5	2	4	2	7	2	1	0	6	4	0	3	6	0	15	1	2	6	8	6	7	5	5	1	2	5	5	6	14	3	8	5	2	7	6	3	4	8	0	2	2	9	5	9	7	2	12	2	
841_A/duck/Zhejiang/2243 4	3	1	2	3	0	4	1	0	5	0	1	2	0	0	0	5	2	4	2	7	2	1	0	6	4	0	3	6	0	15	1	2	6	8	6	7	5	5	1	2	5	5	6	14	3	8	5	2	7	6	3	4	8	0	2	2	9	5	9	7	2	12	2	
842_A/duck/Zhejiang/2244 4	3	1	2	3	0	4	1	0	5	0	1	2	0	0	0	5	2	4	2	7	2	1	0	6	4	0	3	6	0	15	1	2	6	8	6	7	5	5	1	2	5	5	6	14	3	8	5	2	7	6	3	4	8	0	2	2	9	5	9	7	2	12	2	
843_A/duck/Zhejiang/2245 3	1	0	3	4	2	5	0	1	4	0	1	2	1	0	0	6	2	3	1	6	2	2	1	6	3	2	2	5	1	13	2	3	5	4	6	4	7	6	3	2	4	6	6	14	4	6	6	3	9	5	3	4	8	2	2	2	5	8	5	8	3	9	6	
844_A/duck/Zhejiang/2248 4	3	1	2	3	0	4	1	0	5	0	1	2	0	0	0	5	2	4	2	7	2	1	0	6	4	0	3	6	0	15	1	2	6	8	6	7	5	5	1	2	5	5	6	14	3	8	5	2	7	6	3	4	8	0	2	2	9	5	9	7	2	12	2	
845_A/equine/China/61/20 4	3	1	2	3	0	4	1	0	5	0	1	2	0	0	0	5	2	5	1	7	2	1	1	6	3	0	3	6	1	14	1	3	5	8	4	6	7	5	3	2	3	5	6	14	4	8	5	2	8	6	3	5	7	0	2	1	8	5	8	7	3	12	3	
846_A/equine/China/67/20 4	3	1	2	3	0	4	1	0	5	0	1	2	0	0	0	5	2	4	1	7	2	1	1	6	3	0	3	6	1	15	1	3	5	8	4	6	7	4	3	2	4	5	6	14	4	8	5	2	8	6	3	5	7	1	2	1	8	5	8	7	3	11	3	
847_A/equine/China/68/20 4	3	1	2	3	0	4	1	0	5	0	1	2	0	0	0	5	2	4	1	7	2	1	1	6	3	0	3	6	1	15	1	3	5	8	4	6	6	5	3	2	4	5	6	14	4	8	5	2	8	6	3	5	7	0	2	1	8	5	8	7	3	12	3	
848_A/goose/China/E43/20 4	3	1	2	3	0	4	1	0	5	0	1	2	0	0	0	5	2	4	2	7	2	1	0	6	4	0	3	6	0	15	1	2	5	8	6	7	6	4	2	2	5	5	7	14	3	8	4	2	7	6	3	4	8	0	2	2	9	5	9	7	2	12	2	
849_A/goose/Eastern_Chin 3	1	0	2	3	2	5	1	3	4	0	1	1	0	0	0	6	2	3	1	6	2	2	0	5	4	4	2	5	0	11	3	5	9	4	5	3	4	5	4	2	6	4	4	14	3	9	7	4	9	4	3	4	6	3	2	2	8	9	5	5	3	8	7	
850_A/goose/GuangDong/11 3	2	0	3	3	1	5	0	0	3	0	1	5	2	0	0	5	2	4	1	7	2	1	1	5	3	5	2	6	1	10	2	3	3	4	8	4	10	6	1	3	3	5	7	12	3	6	6	3	9	5	3	5	8	2	2	0	7	8	7	8	3	9	4	
851_A/goose/Guangdong/72 4	3	1	2	3	0	4	1	1	5	0	1	1	0	0	0	4	2	4	1	8	2	1	1	6	3	0	3	6	1	15	1	2	6	8	5	6	5	5	2	2	5	5	8	15	3	8	3	2	8	6	3	5	7	0	3	2	8	6	7	6	3	11	3	
852_A/goose/Hubei/65/200 3	3	1	2	3	0	4	1	0	5	0	1	2	0	0	0	6	2	4	1	7	2	1	1	6	3	0	3	6	1	15	1	3	5	8	4	5	6	5	3	3	4	5	6	14	4	8	5	2	6	5	3	5	8	0	2	1	9	7	7	7	3	11	4	
853_A/goose/Inner_Mongol 4	2	0	3	3	1	5	0	1	4	0	1	2	1	0	0	5	2	3	1	7	2	2	1	4	3	3	2	7	1	12	2	3	5	4	7	4	8	6	2	2	3	6	6	14	4	6	6	3	8	5	3	5	8	2	2	1	6	8	5	8	3	9	6	
854_A/goose/Jiangsu/k040 4	3	1	2	3	0	4	1	0	5	0	1	2	0	0	0	5	2	4	2	7	2	1	0	6	3	2	3	6	1	13	1	3	4	9	3	6	7	4	4	2	4	5	7	14	4	8	4	2	8	5	3	5	7	1	3	0	8	5	7	8	3	12	3	
855_A/goose/Yunnan/3798/ 3	3	1	2	4	0	4	1	0	5	0	1	2	0	0	0	5	2	4	1	7	2	1	1	6	3	0	3	6	1	15	1	3	5	8	4	6	6	5	3	2	4	5	7	14	4	8	4	2	8	6	3	5	7	0	2	1	8	5	8	7	3	12	3	
856_A/goose/Yunnan/4371/ 3	3	1	2	4	0	4	1	0	5	0	1	2	0	0	0	5	2	4	1	7	2	1	1	6	3	0	3	6	1	15	1	3	5	8	4	6	6	5	3	2	4	5	7	14	4	8	4	2	8	6	3	5	7	0	2	1	8	5	8	7	3	12	3	
857_A/goose/Yunnan/4389/ 3	3	1	2	4	0	4	1	0	5	0	1	2	0	0	0	5	2	4	1	7	2	1	1	6	3	0	3	6	1	15	1	3	5	8	4	6	6	5	3	2	4	5	7	14	4	8	4	2	8	6	3	5	7	0	2	1	8	5	8	7	3	12	3	
858_A/goose/Yunnan/4985/ 3	3	1	2	4	0	4	1	0	5	0	1	2	0	0	0	5	2	4	1	7	2	1	1	6	3	0	3	6	1	15	1	3	5	8	4	6	6	5	3	2	4	5	7	14	4	8	4	2	8	6	3	5	7	0	2	1	8	5	8	7	3	12	3	
859_A/goose/Yunnan/5141/ 4	3	1	2	3	0	4	1	0	5	0	1	2	0	0	0	4	2	4	1	8	2	1	1	6	3	0	3	6	1	15	1	3	5	8	4	6	6	4	4	2	4	5	6	14	4	8	5	2	8	6	3	5	7	0	2	1	8	5	8	7	3	12	3	
860_A/goose/Yunnan/5769/ 4	3	1	2	3	0	4	1	0	5	0	1	2	0	0	0	5	2	4	1	7	2	1	1	5	3	0	3	7	1	15	1	3	5	8	5	6	6	5	2	2	4	5	6	14	4	8	5	2	8	6	3	5	7	0	2	1	9	7	7	7	2	10	4	
861_A/goose/Yunnan/5979/ 4	3	1	2	3	0	4	1	0	5	0	1	2	0	0	0	5	2	4	1	7	2	1	1	5	3	0	3	7	1	15	1	3	5	8	5	6	6	5	2	2	4	5	6	14	4	8	5	2	8	6	3	5	7	0	2	1	9	7	7	7	2	10	4	
862_A/goose/Yunnan/6193/ 4	3	1	2	3	0	4	1	0	5	0	1	2	0	0	0	5	2	4	1	7	2	1	1	6	3	0	3	6	1	15	1	3	5	8	4	6	6	5	3	2	5	5	6	14	3	8	5	2	9	6	3	5	7	0	2	1	7	5	8	7	3	12	3	
863_A/goose/Zhejiang/112 4	3	1	2	3	0	4	1	0	5	0	1	2	0	0	0	5	2	4	2	7	2	1	0	6	4	0	3	6	0	15	1	2	6	8	5	7	5	5	2	2	5	4	7	14	3	9	4	3	6	6	3	3	9	0	2	3	8	5	10	7	2	12	1	
864_A/goose/Zhejiang/727 4	3	2	2	3	0	3	1	0	5	0	1	2	0	0	0	5	2	4	2	7	2	1	0	6	4	0	3	6	0	15	1	2	6	8	5	7	5	5	2	2	5	6	7	14	3	7	4	2	6	6	4	4	9	0	2	2	9	5	8	7	2	12	2	
865_A/great_black-headed 4	3	1	2	3	0	4	1	0	5	0	1	2	0	0	0	5	2	4	2	7	2	2	0	5	3	0	3	7	1	15	1	3	5	8	5	6	6	4	2	3	4	5	6	14	4	8	4	2	8	5	3	5	7	1	3	0	8	6	7	7	3	11	4	
866_A/great_crested-greb 4	3	1	2	3	0	4	1	1	5	0	1	2	0	0	0	5	2	4	2	7	2	1	0	5	3	4	3	6	1	11	1	3	5	9	4	6	6	4	3	2	4	5	7	14	4	8	4	2	8	5	3	5	7	1	3	0	8	6	7	8	3	11	3	
867_A/great_egret/Hong_K 4	3	1	2	3	0	4	1	0	5	0	1	2	0	0	0	5	2	4	2	7	2	1	0	6	4	0	3	6	0	15	1	2	5	8	6	7	6	5	1	2	4	5	6	14	4	8	5	3	7	6	3	4	8	0	2	1	9	5	9	7	2	12	2	
868_A/great_tit/Panjing/ 4	2	1	2	3	1	4	1	0	5	0	1	2	0	0	0	5	2	4	2	7	2	1	0	6	3	2	3	6	1	13	1	3	5	9	4	6	6	4	3	2	4	5	7	14	4	8	4	2	8	5	3	5	7	1	3	0	7	5	6	8	4	12	4	
869_A/grey_heron/Hong_Ko 4	3	1	2	3	0	4	1	0	5	0	1	2	0	0	0	5	2	4	2	7	2	1	0	6	4	0	3	6	0	15	1	2	5	8	6	7	6	5	1	2	4	5	6	14	4	8	5	2	7	6	3	5	8	0	2	1	9	5	9	7	2	12	2	
870_A/grey_heron/Hong_Ko 4	3	1	2	3	0	4	1	0	5	0	1	2	0	0	0	5	2	4	2	7	2	1	0	6	4	0	3	6	0	15	1	2	5	8	6	7	6	5	1	2	4	5	6	14	4	8	5	2	7	6	3	5	8	0	2	1	9	5	9	7	2	12	2	
871_A/hill_myna/Heilongj 4	3	1	2	3	0	4	1	0	5	0	1	2	0	0	0	5	2	4	2	7	2	1	0	6	4	1	3	6	0	14	1	2	6	8	5	7	5	5	2	2	6	5	7	14	2	8	4	2	6	6	3	4	9	0	2	2	9	5	9	7	2	12	2	
872_A/lesser_kestrel/Hei 4	3	1	2	3	0	4	1	0	5	0	1	2	0	0	0	5	2	4	1	7	2	1	1	5	3	1	2	7	1	15	1	3	5	8	4	6	6	5	3	2	4	5	6	14	4	8	5	2	8	6	3	5	8	0	2	1	7	7	7	7	3	10	4	
873_A/lion/Hubei/1-2/201 4	1	0	2	2	2	5	1	2	4	0	1	1	0	0	0	7	1	3	2	6	2	2	0	6	4	6	1	5	1	9	3	4	7	4	6	3	4	8	2	2	5	3	5	14	3	10	5	4	7	5	3	4	7	2	1	3	9	7	6	4	5	10	7	
874_A/little_egret/Hong_ 4	3	1	2	3	0	4	1	0	5	0	1	2	0	0	0	5	2	4	2	7	2	1	0	6	3	0	3	6	1	15	1	2	5	8	6	7	6	5	1	2	4	5	6	14	4	8	5	2	8	6	3	5	7	0	2	1	8	5	8	7	3	12	3	
875_A/magpie_robin/Hong_ 4	3	1	2	3	0	4	1	0	5	0	1	2	0	0	0	5	2	4	2	7	2	1	0	6	4	1	3	6	0	14	1	2	5	8	6	7	6	5	1	2	4	5	6	14	4	8	5	2	7	6	3	5	8	0	2	1	9	5	9	7	2	12	2	
876_A/magpie_robin/Hong_ 4	3	1	2	3	0	4	1	0	5	0	1	2	0	0	0	5	2	4	2	7	2	1	0	6	4	0	3	6	0	15	1	2	5	8	6	7	6	5	1	2	4	5	6	14	4	8	5	2	7	6	3	5	8	0	2	1	9	5	9	7	2	12	2	
877_A/meerkat/Shanghai/S 4	3	1	2	3	0	4	1	0	5	0	1	2	0	0	0	5	2	4	2	7	2	1	0	6	4	0	3	6	0	15	1	2	6	7	5	7	5	6	2	2	5	5	7	14	3	8	4	2	6	6	3	4	9	0	2	2	8	5	9	7	3	12	2	
878_A/mink/China/G/2015_ 4	3	1	2	3	0	4	1	0	5	0	1	2	0	0	0	5	2	4	2	7	2	1	0	6	4	1	3	6	0	14	1	2	6	8	7	7	5	5	0	3	5	6	7	13	3	7	4	2	7	6	3	3	8	0	2	3	9	4	9	7	2	13	2	
879_A/mink/China/XB/2015 4	1	0	2	2	2	5	1	2	3	0	1	1	1	0	0	7	2	3	2	6	2	2	0	6	4	6	1	5	0	9	3	4	7	4	6	3	4	8	2	2	5	3	5	14	3	10	5	4	7	5	3	3	7	2	1	4	9	7	6	4	5	10	7	
880_A/mink/Eastern_China 3	2	1	2	4	1	4	1	1	5	0	1	2	1	0	0	6	2	5	1	5	2	1	1	8	2	2	2	4	2	11	2	2	8	6	6	5	4	5	3	2	5	3	9	13	4	10	3	5	10	4	3	3	6	2	2	1	8	10	8	7	1	7	3	
881_A/ostrich/Suzhou/097 4	3	1	2	3	0	4	1	0	5	0	1	3	0	0	0	4	2	4	1	7	2	1	1	6	3	1	4	5	1	14	0	4	7	7	6	6	4	5	1	2	4	5	6	14	4	8	5	4	8	7	3	3	7	0	2	1	8	5	8	7	3	12	3	
882_A/parrot/Guangdong/C 4	3	1	2	3	0	4	1	0	5	0	1	2	0	0	0	5	2	4	1	7	2	1	1	6	3	0	3	6	1	15	1	3	6	8	5	6	5	5	2	2	4	5	6	14	4	8	5	2	8	6	3	5	7	0	2	1	8	6	8	7	3	11	3	
883_A/partridge/Shantou/ 3	3	1	2	3	0	4	1	0	5	0	1	2	0	0	0	6	2	4	1	7	2	1	1	6	3	0	3	6	1	15	1	3	6	8	5	6	5	5	2	2	4	5	6	14	4	8	5	2	8	6	3	5	7	0	2	1	8	7	7	7	3	10	4	
884_A/peacock/Yunnan/1/2 4	1	0	2	2	2	5	1	2	4	0	1	2	0	0	0	6	2	3	2	6	2	2	0	7	4	5	1	4	0	10	3	4	7	4	6	3	4	8	2	2	5	3	5	14	3	10	5	4	7	4	3	4	7	3	1	3	9	7	6	4	5	10	7	
885_A/peacock/Yunnan/3/2 4	1	0	2	2	2	5	1	2	4	0	1	2	0	0	0	6	2	3	2	6	2	2	0	7	4	6	1	4	0	9	3	4	7	4	6	3	4	8	2	2	5	3	5	14	3	10	5	4	7	4	3	4	7	3	1	3	9	7	6	4	5	10	7	
886_A/peregrine_falcon/H 3	1	0	2	3	2	5	1	3	4	0	1	1	0	0	0	6	2	3	1	6	2	2	0	5	4	4	2	5	0	11	3	5	7	6	4	3	4	5	4	2	6	5	5	14	3	8	6	4	10	4	3	4	6	3	2	2	8	9	5	5	3	8	7	
887_A/pheasant/Shantou/3 3	3	1	2	3	0	4	1	0	5	0	1	2	0	0	0	6	2	4	1	7	2	1	1	6	3	1	3	6	1	14	1	3	6	8	5	6	5	5	2	2	3	6	6	14	5	7	5	2	7	6	3	5	8	0	2	1	8	5	8	7	3	12	3	
888_A/pheasant/Shantou/4 4	3	1	2	3	0	4	1	0	5	0	1	2	0	0	0	5	2	4	1	7	2	1	1	6	3	1	3	6	1	14	1	3	6	8	5	6	5	5	2	2	4	5	6	14	4	8	5	2	8	6	3	5	7	0	2	1	8	7	8	7	3	10	3	
889_A/pied_megpie/Liaoni 4	2	1	2	3	1	4	1	0	5	0	1	2	0	0	0	4	2	5	1	8	2	1	1	6	3	0	3	6	1	15	1	2	6	8	5	6	5	5	2	2	5	5	8	15	3	8	3	2	8	5	3	5	7	0	3	1	8	6	7	7	3	11	3	
890_A/pigeon/Hubei/RP25/ 5	1	0	2	1	2	5	1	2	4	0	1	1	0	0	0	5	2	3	1	7	2	2	0	6	4	4	2	5	0	10	4	5	9	4	6	3	3	6	3	2	7	4	5	13	2	9	6	4	10	3	3	4	6	4	3	2	8	9	5	5	3	8	6	
891_A/pigeon/Sichuan/NCX 4	3	1	2	3	0	4	1	0	5	0	1	2	0	0	0	5	2	4	2	7	2	1	0	5	4	0	3	6	0	15	1	2	5	10	6	7	5	3	1	3	5	5	8	14	3	8	3	2	8	5	3	4	8	1	2	1	9	5	8	8	2	12	3	
892_A/pigeon/Zhejiang/11 4	3	1	2	3	0	4	1	0	5	0	1	2	0	0	0	5	2	4	2	7	2	1	0	6	4	0	3	6	0	15	1	2	6	8	5	7	5	5	2	2	5	4	7	14	3	9	4	3	6	6	3	3	9	0	2	2	9	5	10	7	2	12	1	
893_A/pigeon/Zhejiang/11 4	3	1	2	3	0	4	1	0	5	0	1	2	0	0	0	5	2	4	2	7	2	1	0	6	4	0	3	6	0	15	1	2	6	8	5	7	5	5	2	2	5	5	7	14	3	8	4	3	6	6	3	3	9	0	2	2	9	5	10	7	2	12	1	
894_A/pigeon/Zhejiang/72 4	3	2	2	3	0	3	1	0	5	0	1	2	0	0	0	5	2	4	2	7	2	1	0	6	4	0	3	6	0	15	1	2	6	8	5	7	5	5	2	2	5	6	7	14	3	7	4	2	6	6	4	4	9	0	2	2	9	5	8	7	2	12	2	
895_A/plateau_pika/Qingh 3	2	1	3	4	1	5	0	0	3	0	1	2	1	0	0	5	1	4	2	6	4	2	0	6	3	6	5	5	0	9	2	4	6	5	5	3	4	6	3	1	6	5	5	15	2	8	7	2	7	5	5	4	7	2	1	4	7	7	6	5	5	8	5	
896_A/quail/Guangxi/11/2 4	3	1	2	3	0	4	1	1	5	0	1	1	0	0	0	6	2	4	1	6	3	1	1	6	3	0	2	6	0	15	2	2	5	5	6	5	7	7	2	3	6	4	7	14	3	8	5	2	8	6	3	5	7	0	2	0	7	7	8	7	4	10	3	
897_A/quail/Guangxi/12/2 4	3	1	2	3	0	4	1	1	5	0	1	1	0	0	0	6	2	4	1	6	3	1	1	6	3	0	2	6	0	15	2	2	5	5	6	5	7	7	2	3	6	4	7	14	3	8	5	2	8	6	3	5	7	0	2	0	7	7	8	7	4	10	3	
898_A/quail/Guangxi/13/2 4	3	1	2	3	0	4	1	1	5	0	1	1	0	0	0	6	2	4	1	6	3	1	1	6	3	0	2	6	0	15	2	2	5	5	6	5	7	7	2	3	6	4	7	14	3	8	5	2	8	6	3	5	7	0	2	0	7	7	8	7	4	10	3	
899_A/quail/Nanchang/663 4	3	1	2	3	0	4	1	0	6	0	1	2	0	0	0	5	2	4	2	7	2	1	0	6	4	0	2	6	0	15	2	2	6	8	6	7	5	5	1	2	5	5	7	14	3	8	4	2	7	6	3	4	8	0	2	1	8	5	8	8	2	12	3	
900_A/shrike/Tibet/13/20 4	3	1	2	3	0	4	1	0	5	0	1	2	0	0	0	5	2	4	1	7	2	1	1	6	3	0	2	6	1	15	2	3	5	8	4	6	6	5	3	2	4	5	6	14	4	8	5	2	8	6	3	5	7	0	2	1	8	7	7	7	3	10	4	
901_A/silky_chicken/Shan 4	3	1	2	3	0	4	1	0	5	0	1	3	0	0	0	5	2	4	1	7	2	1	1	5	3	0	3	6	1	15	1	3	6	8	5	6	5	5	2	2	4	5	6	14	4	8	5	2	8	6	3	5	7	0	2	1	8	8	8	7	3	9	3	
902_A/swan/Shanghai/10/2 4	3	1	2	3	0	4	1	0	5	0	1	2	0	0	0	5	2	4	2	7	2	1	0	6	3	0	3	6	1	15	1	2	5	8	4	7	6	5	3	2	4	5	6	14	4	8	5	3	8	6	3	4	7	0	2	2	8	5	8	6	3	12	3	
903_A/swine/Guangxi/592/ 4	3	1	2	3	0	4	1	0	5	0	1	2	0	0	0	5	2	4	2	7	2	1	0	6	4	0	3	6	0	15	1	2	6	8	6	7	5	5	1	2	5	4	6	14	3	9	5	2	8	6	3	4	7	0	2	2	9	5	9	7	2	12	2	
904_A/swine/Jiangsu/1/20 2	2	1	2	4	1	4	1	1	5	0	1	2	0	0	0	6	2	3	1	7	2	2	1	5	3	1	2	6	1	14	2	3	7	7	6	6	4	5	2	3	4	5	6	14	4	8	5	2	8	5	4	4	7	1	1	3	8	6	7	5	3	11	4	
905_A/swine/Jiangsu/2/20 4	3	1	2	3	0	4	1	0	5	0	1	2	0	0	0	5	2	4	1	7	2	1	1	6	3	0	3	6	1	15	1	3	6	8	4	7	5	5	3	2	4	5	6	14	3	8	5	2	9	6	3	4	6	0	2	1	8	7	7	7	4	10	4	
906_A/swine/Shandong/SD1 4	3	1	2	3	0	4	1	0	5	0	1	2	0	0	0	5	2	4	1	7	2	1	1	6	3	0	3	6	1	15	1	3	5	8	5	6	6	5	2	2	5	4	7	14	3	8	5	2	8	6	3	5	7	0	2	2	8	7	8	6	3	10	3	
907_A/swine/Zhejiang/SW5 4	3	2	2	3	0	3	1	0	5	0	1	2	0	0	0	5	2	4	2	7	2	1	0	6	4	0	3	6	0	15	1	2	6	8	5	7	5	5	2	2	5	6	7	14	3	7	4	2	6	6	4	4	9	0	2	2	9	5	8	7	2	12	2	
908_A/tiger/Yunnan/tig14 4	3	1	2	3	0	4	1	0	5	0	1	2	0	0	0	5	2	4	2	7	2	1	0	6	4	0	3	6	0	15	1	2	5	10	6	7	5	3	1	3	6	5	8	14	2	8	3	2	8	5	3	4	8	1	2	2	8	5	8	7	2	12	3	
909_A/tiger/Yunnan/tig14 4	3	1	2	3	0	4	1	0	5	0	1	3	0	0	0	5	2	4	2	7	2	1	0	6	4	0	3	5	0	15	1	2	6	9	6	7	4	4	1	2	6	5	8	14	3	8	3	2	8	6	3	4	8	0	2	1	8	5	9	8	2	12	2	
910_A/tiger/Yunnan/tig15 4	1	0	2	2	2	5	1	2	4	0	1	1	0	0	0	8	2	4	2	6	2	1	0	5	4	6	1	5	0	9	3	4	7	4	6	3	4	8	2	2	5	3	5	14	3	10	5	4	7	5	3	4	7	2	1	3	9	7	6	4	5	10	7	
911_A/turtle_dove/Guangd 4	3	1	2	3	0	4	1	0	5	0	1	2	0	0	0	5	2	4	1	7	2	1	1	6	3	0	3	6	1	15	1	3	5	8	4	6	6	5	3	2	4	5	6	14	4	8	5	2	8	6	3	5	7	0	2	1	8	7	7	7	3	10	4	
912_A/waterfowl/Hong_Kon 4	3	1	2	3	0	4	1	0	6	0	1	2	0	0	0	5	2	4	1	7	2	1	1	6	3	0	2	6	1	15	2	3	5	10	4	5	7	5	2	2	5	4	7	14	3	8	5	1	9	5	3	6	6	0	2	0	7	7	9	8	3	10	2	
913_A/wild_duck/Fujian/1 4	3	1	2	3	0	4	1	0	5	0	1	2	0	0	0	5	2	4	3	7	2	1	0	5	4	0	3	7	0	15	0	2	6	8	6	7	5	5	1	2	5	5	7	14	3	8	4	2	7	6	3	4	8	0	2	2	9	5	9	7	2	12	2	
914_A/wild_duck/Fujian/2 4	3	1	2	3	0	4	1	0	5	0	1	2	0	0	0	5	2	4	3	7	2	1	0	5	4	0	3	7	0	15	0	2	6	8	6	7	5	5	1	2	5	5	7	14	3	8	4	2	7	6	3	4	8	0	2	2	9	5	9	7	2	12	2	
915_A/wild_duck/Jilin/HF 4	2	1	2	3	1	4	1	0	5	0	1	2	0	0	0	5	2	4	2	7	2	1	0	6	3	2	3	6	1	13	1	3	5	9	4	6	6	4	3	2	4	5	7	14	4	8	4	2	8	5	3	5	7	1	3	0	7	5	6	8	4	12	4	
916_A/wild_duck/Jilin/ZF 4	3	1	2	3	0	4	1	0	5	0	1	2	0	0	0	5	2	4	2	7	2	1	0	4	3	2	3	8	1	13	0	3	5	9	4	5	6	4	3	2	4	5	7	13	4	8	5	2	9	5	3	6	6	1	3	1	8	5	7	8	3	12	3	
917_A/wild_duck/Liaoning 4	2	1	2	3	1	4	1	0	5	0	1	2	0	0	0	4	2	5	1	8	2	1	1	6	3	1	3	6	1	14	1	2	6	7	5	6	5	5	2	2	5	5	8	15	3	9	2	2	8	6	3	5	8	0	3	1	7	6	7	7	3	11	3	
918_A/wild_duck/Shandong 4	3	1	2	3	0	4	1	1	5	0	1	1	0	0	0	6	2	3	1	6	2	2	1	5	3	2	2	6	1	13	2	3	7	7	6	6	4	5	2	3	5	5	6	14	3	8	5	2	8	5	4	4	7	1	1	3	9	5	7	5	2	12	4	
919_A/wild_duck/Shandong 4	3	1	2	3	0	4	1	1	5	0	1	2	0	0	0	5	2	4	2	7	2	1	0	5	3	2	3	6	1	13	1	3	5	9	4	6	6	4	3	2	4	6	7	14	4	8	3	2	8	5	3	5	7	1	3	0	7	5	7	8	4	12	3	
920_A/wild_duck/Shandong 4	2	1	2	3	1	4	1	1	5	0	1	2	0	0	0	6	2	4	1	6	2	1	1	5	2	2	3	6	2	13	1	3	5	8	4	6	7	6	3	2	4	4	7	14	4	7	5	3	7	6	2	4	7	0	3	2	8	5	7	6	3	12	4	
921_A/Hong_Kong/486/97 9	9	6	8	8	7	9	11	4	10	0	0	8	2	1	0	1	7	6	0	1	3	2	1	3	12	7	1	3	2	5	0	12	8	20	15	10	8	9	11	16	11	10	7	7	1	9	8	8	9	9	10	3	4	10	7	6	3	12	12	9	3	9	13	
922_A/Hong_Kong/538/97 9	9	6	8	9	8	8	11	4	10	0	0	8	1	1	0	2	7	6	0	0	3	2	1	3	12	7	1	3	2	5	0	12	8	21	14	10	8	8	11	16	11	11	7	7	1	9	8	8	8	9	9	3	5	11	7	5	3	13	12	10	3	8	13	
923_A/Indonesia/5/2005 9	9	9	9	8	6	2	9	6	15	0	0	7	0	1	0	2	7	4	0	0	4	6	1	0	10	7	0	4	2	5	1	12	14	22	13	10	4	7	10	14	9	12	9	9	1	7	6	7	11	11	6	5	2	11	10	10	5	9	14	7	1	11	13	
924_A/Pheasant/Hong_Kong 10	8	11	10	7	7	4	9	3	11	0	0	9	3	1	0	3	7	5	0	0	3	3	1	1	11	8	0	3	2	6	2	13	14	26	14	11	6	10	10	17	10	11	10	6	1	8	3	7	13	10	9	4	2	10	9	12	3	9	13	8	1	11	15	
925_A/Thailand/16/2004 11	9	8	9	7	7	2	9	4	14	0	0	10	0	1	0	2	5	5	0	0	4	7	1	1	12	6	0	3	1	3	2	8	14	25	14	12	3	5	10	13	9	14	8	8	1	8	5	6	12	10	9	5	2	11	9	10	5	10	12	9	1	10	14	
926_A/chicken/Indonesia/ 10	8	9	9	7	7	2	9	5	14	0	0	8	1	1	0	2	7	4	0	0	4	6	1	0	10	7	0	4	2	5	1	11	14	20	15	10	4	8	10	13	10	12	9	9	1	7	6	8	11	12	7	4	2	10	9	10	5	8	13	7	1	11	15	
927_A/Chicken/HongKong/F 10	8	11	10	7	7	4	9	2	11	0	0	10	3	1	0	3	7	5	0	0	3	3	1	1	11	8	0	3	2	6	2	12	14	26	14	10	6	10	10	18	10	11	10	6	1	8	3	8	13	10	8	4	2	10	11	12	3	9	12	8	1	11	15	
928_A/Chicken/HongKong/Y 10	8	12	9	8	7	1	10	3	12	0	0	9	2	1	0	2	6	4	0	0	4	6	1	1	11	9	0	4	2	5	2	12	13	24	13	11	7	10	12	15	10	12	9	7	1	7	4	7	11	10	9	5	3	11	10	12	4	10	12	8	1	10	15	
929_A/Chicken/HongKong/Y 9	9	11	10	8	5	4	9	3	10	0	0	10	5	1	0	3	7	4	0	2	3	3	1	1	11	8	0	4	2	6	2	11	15	22	14	13	7	11	10	13	7	13	9	11	1	7	4	7	10	14	7	3	4	10	10	11	3	9	12	9	1	11	14	
930_A/chicken/Korea/ES/0 11	7	10	8	7	8	1	10	6	13	0	0	8	1	1	0	2	6	5	0	0	4	4	2	0	11	6	0	3	2	5	1	8	15	22	14	12	4	6	11	14	9	12	8	8	1	9	6	8	10	11	8	4	2	10	9	10	5	9	13	8	2	10	15	
931_A/Vietnam/UT3062/200 11	9	8	9	7	7	3	9	4	14	0	0	9	0	1	0	2	5	5	0	0	4	6	1	1	11	7	0	3	2	4	2	8	16	22	15	12	4	7	10	14	8	13	8	8	1	7	5	6	11	10	8	5	2	11	9	10	5	10	12	9	1	10	14	
932_A/Hong_Kong/156/97 9	9	6	9	9	7	8	10	4	9	0	0	8	3	1	0	1	7	6	0	1	3	2	1	3	12	8	1	3	2	5	0	12	8	21	15	10	8	8	11	18	9	9	7	7	1	9	8	8	10	9	10	3	3	10	7	6	4	12	12	9	2	9	13	
933_A/whooper_swan/Mongo 11	8	9	9	7	7	3	9	6	13	0	0	8	1	1	0	2	7	4	0	0	3	4	2	0	11	7	0	3	2	5	1	9	12	21	16	12	6	6	11	14	9	12	8	8	1	7	7	8	11	11	8	4	2	10	8	10	5	8	13	8	1	11	15	
934_A/Hong_Kong/483/1997 9	9	7	9	9	7	7	10	4	10	0	0	8	2	1	0	1	7	6	0	1	4	2	1	3	11	8	1	3	2	5	0	11	8	21	15	12	8	8	11	17	9	8	7	7	1	9	9	8	10	9	10	2	3	10	7	7	4	12	11	9	2	10	13	
935_A/Hong_Kong/482/97 9	9	6	8	9	7	8	11	4	10	0	0	8	2	1	0	1	7	6	0	1	3	2	1	3	12	7	1	3	2	5	0	12	8	21	15	10	8	8	11	16	11	10	7	7	1	9	8	8	9	9	10	3	4	10	7	6	3	12	12	9	3	9	13	
936_A/Anas_platyrhynchos 11	10	10	8	7	7	5	11	3	13	0	0	7	1	1	0	2	5	4	1	0	5	4	1	1	7	7	0	7	4	7	1	12	13	23	14	11	7	13	10	16	9	7	11	9	3	10	4	9	10	9	9	4	2	11	7	10	2	9	10	6	3	13	18	
937_A/Anas_platyrhynchos 11	9	10	8	7	7	5	11	3	15	1	0	7	1	0	0	2	6	4	2	0	5	4	1	0	7	7	1	6	4	6	1	12	12	23	14	12	9	12	10	17	8	7	11	10	3	10	4	8	10	9	10	4	2	10	7	10	2	9	9	6	3	13	18	
938_A/Anhui/1/2005|EPI_I 11	8	9	8	7	7	2	10	7	12	0	0	7	2	1	0	2	6	4	0	0	4	6	1	0	12	7	0	3	1	5	1	11	13	24	15	9	4	8	8	15	9	12	10	8	1	6	6	8	13	10	7	4	1	10	9	9	5	10	12	9	1	10	15	
939_A/Anhui/1/2006|EPI_I 10	8	8	9	8	7	3	9	7	13	1	0	8	1	0	0	2	7	4	0	1	4	6	1	0	12	7	0	3	1	5	2	14	12	23	14	6	5	6	11	12	9	14	9	9	1	6	5	7	9	11	7	5	3	10	8	10	5	10	12	9	1	9	16	
940_A/Anhui/2/2005|EPI_I 9	8	9	8	9	7	2	10	7	13	1	0	7	1	0	0	2	6	4	0	0	4	6	1	0	12	7	0	3	1	5	1	11	12	24	15	9	5	8	8	15	9	12	10	8	1	6	6	8	13	10	8	4	1	10	8	9	5	9	12	9	1	11	15	
941_A/Anser_cygnoides/Ch 10	9	8	8	8	7	3	10	6	11	0	0	6	3	1	0	2	5	6	0	0	3	5	0	1	12	5	1	4	2	6	2	16	13	19	14	8	5	11	9	19	7	12	7	6	2	6	9	4	12	10	7	4	0	10	8	11	5	11	11	8	1	9	17	
942_A/Anser_fabalis/Jiuj 11	9	10	8	7	7	5	11	3	15	1	0	7	1	0	0	2	6	4	2	0	5	4	1	0	7	7	1	6	4	6	1	12	12	23	14	12	9	12	10	17	8	7	11	10	3	10	4	8	10	9	10	4	2	10	7	10	2	9	9	6	3	13	18	
943_A/Bar-headed_Goose/Q 8	10	10	7	11	6	1	11	4	11	0	0	8	3	1	0	1	4	6	0	1	4	5	0	1	12	6	0	4	2	6	2	13	13	21	16	8	6	9	8	17	7	12	6	9	2	7	9	5	10	9	7	4	1	10	8	11	5	9	11	6	1	12	18	
944_A/Bar-headed_Goose/T 11	9	8	7	7	7	8	12	3	12	0	0	6	2	1	0	2	7	4	0	0	4	3	1	1	10	8	1	7	2	7	0	13	12	26	16	10	7	9	9	17	7	9	10	9	3	9	3	9	8	8	8	4	3	13	7	11	5	7	9	6	2	14	21	
945_A/Bar-headed_Goose/T 11	9	8	7	7	7	8	12	3	12	0	0	6	2	1	0	2	7	4	0	0	4	3	1	1	10	8	1	7	2	7	0	13	12	26	16	10	7	9	9	17	7	9	10	9	3	9	3	9	8	8	8	4	3	13	7	11	5	7	9	6	2	14	21	
946_A/Black_faced_Spoonb 12	9	9	9	6	7	6	10	3	12	0	0	7	2	1	16	2	7	5	0	0	5	4	1	0	7	8	0	7	3	6	1	13	13	24	14	12	8	12	10	16	7	7	11	9	3	10	4	8	10	9	9	4	2	11	7	11	3	9	10	5	3	13	18	
947_A/Black_Faced_Spoonb 11	9	9	8	7	7	7	11	2	12	0	0	8	2	1	0	2	5	5	1	0	6	2	0	1	9	7	0	6	3	8	1	13	12	27	16	13	7	10	9	14	8	8	10	9	3	9	4	8	9	7	9	4	2	12	6	10	5	9	8	6	3	14	20	
948_A/Black_Faced_Spoonb 11	9	9	9	8	6	6	10	3	12	0	0	7	2	1	0	2	6	5	0	0	5	4	1	0	7	8	0	7	4	6	1	12	13	24	14	12	8	12	10	16	8	8	11	9	3	10	4	9	10	9	9	4	2	11	7	10	2	8	10	6	3	13	18	
949_A/Black-necked_Grebe 9	10	10	7	9	6	1	11	4	11	0	0	8	3	1	0	1	4	6	0	1	4	5	0	1	12	6	0	4	2	6	2	14	13	20	15	8	6	9	8	17	7	12	6	9	2	7	9	5	10	10	7	5	1	10	8	11	5	9	12	6	1	11	18	
950_A/Black-necked_Grebe 9	10	9	7	9	6	2	11	5	11	0	0	7	3	1	0	1	4	6	0	1	4	5	0	1	12	6	0	4	2	6	2	14	13	20	15	8	7	9	8	17	6	12	6	9	2	7	9	5	10	10	7	5	1	10	8	11	5	9	11	6	1	12	18	
951_A/Black-necked_Grebe 9	10	9	7	9	6	2	11	5	11	0	0	8	2	1	0	1	4	6	0	1	4	5	0	1	12	6	0	4	2	6	2	14	13	20	15	8	7	9	8	17	6	12	6	9	2	7	9	5	10	10	7	5	1	10	8	11	5	9	11	6	1	12	18	
952_A/Black-necked_Grebe 9	10	9	7	9	6	2	11	5	11	0	0	7	3	1	0	1	4	6	0	1	4	5	0	1	12	6	0	4	2	6	2	14	13	20	15	8	7	9	8	17	6	12	6	9	2	7	9	5	10	10	7	5	1	10	8	11	5	9	11	6	1	12	18	
953_A/Black-necked_Grebe 9	10	9	7	9	6	2	11	5	11	0	0	7	3	1	0	1	4	6	0	1	4	5	0	1	12	6	0	4	2	6	2	14	13	20	15	8	7	9	8	17	6	12	6	9	2	7	9	5	10	10	7	5	1	10	8	11	5	9	11	6	1	12	18	
954_A/Black-necked_Grebe 9	10	9	7	9	6	2	11	5	11	0	0	7	3	1	0	1	4	6	0	1	4	5	0	1	12	6	0	4	2	6	2	14	13	20	15	8	7	9	8	17	6	12	6	9	2	7	9	5	10	10	7	5	1	10	8	11	5	9	11	6	1	12	18	
955_A/Black-necked_Grebe 9	10	9	7	9	6	2	11	5	11	0	0	7	3	1	0	1	4	6	0	1	4	5	0	1	12	6	0	4	2	6	2	14	13	20	15	8	7	9	8	17	6	12	6	9	2	7	9	5	10	10	7	5	1	10	8	11	5	9	11	6	1	12	18	
956_A/Black-necked_Grebe 9	10	9	7	9	6	2	11	5	11	0	0	7	3	1	0	1	4	6	0	1	4	5	0	1	12	6	0	4	2	6	2	14	13	20	15	8	7	9	8	17	6	12	6	9	2	7	9	5	10	10	7	5	1	10	8	11	5	9	11	6	1	12	18	
957_A/chicken/Anhui/S174 9	10	6	11	8	7	10	8	3	11	0	0	6	2	1	0	3	4	6	0	0	6	1	1	5	10	7	1	3	3	8	0	15	10	26	15	12	9	8	8	15	5	10	11	10	3	9	3	8	9	8	10	3	3	12	8	9	6	10	11	7	3	11	17	
958_A/chicken/China/Cang 11	9	10	8	7	7	5	11	3	13	0	0	6	1	1	0	2	6	4	1	0	5	4	1	0	7	8	0	8	4	6	1	12	13	24	14	11	8	12	10	17	8	7	10	9	3	10	5	9	9	9	8	4	3	11	8	10	2	9	10	6	3	13	18	
959_A/chicken/China/E93/ 10	8	8	9	8	8	3	10	7	13	0	0	6	1	1	0	1	6	4	0	1	4	5	0	0	10	6	0	4	3	6	2	8	15	23	11	12	4	6	12	14	7	13	9	8	1	7	5	8	10	12	10	4	2	9	7	7	6	10	13	12	0	11	15	
960_A/chicken/China/E96/ 10	8	8	9	8	8	3	10	7	12	0	0	7	2	1	0	1	6	4	0	1	4	5	0	0	10	6	0	3	3	6	2	8	15	23	11	12	4	5	13	14	7	13	9	8	1	7	5	8	10	12	10	4	2	9	7	8	6	10	12	12	0	11	15	
961_A/chicken/Gansu/5/20 11	8	8	9	7	8	4	10	8	13	0	0	6	1	1	0	1	5	4	0	1	4	4	0	0	11	6	0	3	3	6	2	8	15	23	11	12	4	5	13	14	7	13	7	7	1	7	7	8	10	11	10	4	2	10	7	6	6	10	13	14	0	11	15	
962_A/chicken/Gansu/6/20 11	8	8	9	7	8	4	10	8	13	0	0	6	1	1	0	1	5	4	0	1	4	4	0	0	11	6	0	3	3	6	2	8	15	23	11	12	4	5	13	14	7	13	7	7	1	7	7	8	10	11	10	4	2	10	7	6	6	10	13	14	0	11	15	
963_A/chicken/Guangxi/S2 11	8	9	8	7	7	2	10	4	11	0	0	8	3	1	0	2	6	5	0	0	3	6	0	1	13	6	0	4	1	6	2	14	13	22	15	8	5	8	8	15	8	11	7	8	2	7	9	5	12	10	7	5	0	10	8	13	5	10	13	6	1	10	16	
964_A/chicken/Hubei/2856 10	7	9	8	8	8	2	10	7	13	0	0	7	1	1	0	2	7	5	1	0	3	5	0	0	11	7	0	3	2	5	1	11	12	25	15	9	4	8	9	16	8	12	11	8	1	6	5	8	13	9	7	4	1	10	9	8	5	10	13	10	1	10	14	
965_A/chicken/Hunan/1793 11	8	8	10	7	7	3	8	8	13	1	0	8	1	0	0	2	7	4	0	0	3	6	1	0	12	7	0	3	2	5	2	12	11	24	14	9	5	5	11	13	9	12	11	8	1	6	4	8	11	11	7	4	2	10	9	9	5	11	10	10	0	9	17	
966_A/chicken/Hunan/3157 11	8	9	8	8	7	2	10	6	13	0	0	7	1	1	0	2	6	4	0	0	4	6	1	0	12	7	0	3	1	5	1	11	13	25	15	9	5	7	8	15	8	13	10	8	1	5	6	8	12	10	8	4	1	10	8	8	7	8	13	9	1	11	15	
967_A/chicken/Hunan/S100 11	9	10	9	8	6	1	9	7	12	0	0	6	2	1	0	2	5	5	0	0	3	6	0	1	13	6	0	4	1	6	2	13	10	20	15	9	7	10	8	20	4	12	7	8	3	7	8	6	11	10	11	5	1	11	7	11	6	9	10	4	1	10	16	
968_A/chicken/Jiangsu/03 11	7	9	8	7	8	2	10	5	13	0	0	9	1	1	0	2	5	5	0	1	2	6	0	2	12	6	1	2	3	5	1	14	14	21	14	8	3	7	10	17	7	12	6	10	4	6	11	6	12	10	9	4	1	11	6	7	4	10	11	9	0	10	18	
969_A/chicken/Jiangsu/92 10	9	10	7	8	7	1	11	6	13	0	0	7	1	1	0	2	5	6	0	0	3	5	0	0	13	6	0	4	1	7	1	15	13	20	14	6	5	9	9	19	7	12	7	7	2	7	8	5	12	10	10	5	1	10	7	13	5	10	12	5	1	10	15	
970_A/chicken/Jiangsu/24 9	9	10	7	9	7	1	11	5	13	0	0	7	1	1	0	2	4	6	0	0	4	5	0	1	12	6	0	4	2	6	2	15	13	21	15	7	6	9	8	18	7	12	6	7	2	7	9	5	10	9	7	5	1	10	8	12	5	9	12	6	1	12	17	
971_A/chicken/Jiangsu/k0 9	9	9	8	8	7	2	10	5	12	0	0	6	2	1	0	3	6	5	0	0	1	6	0	2	13	6	0	3	2	6	2	13	13	24	15	7	4	7	8	17	9	12	6	9	1	6	10	6	11	8	9	5	1	12	7	10	5	11	11	8	1	9	17	
972_A/chicken/Jiangsu/SE 8	9	10	6	9	7	1	12	5	13	0	0	7	1	1	0	3	4	6	0	0	4	5	0	1	12	6	0	4	2	6	2	14	13	21	15	7	6	9	8	16	7	12	6	9	2	7	9	5	9	9	7	6	2	10	8	13	5	9	11	5	1	12	18	
973_A/chicken/Jiangsu/YB 11	7	9	8	7	8	2	10	5	13	0	0	9	1	1	0	3	5	5	0	0	2	6	0	1	12	6	1	2	3	5	1	14	14	21	16	7	5	9	8	18	7	12	6	10	3	6	10	6	11	9	8	4	1	11	6	7	5	10	12	9	0	10	18	
974_A/chicken/Jiangxi/25 11	9	9	8	7	8	2	10	5	10	0	0	7	4	1	0	2	5	5	0	0	2	6	0	1	13	6	0	4	1	6	2	15	13	21	15	8	5	9	8	17	7	11	7	8	2	7	10	4	12	10	7	5	0	10	8	12	5	10	12	6	1	10	16	
975_A/chicken/Jiangxi/S4 9	10	6	11	8	7	10	8	4	11	0	0	5	2	1	0	3	4	6	0	0	6	1	1	5	10	7	1	3	3	8	0	15	10	26	15	12	9	8	8	15	5	10	11	10	3	9	3	8	9	8	10	3	4	12	8	9	5	10	11	7	3	11	17	
976_A/chicken/Jilin/04.1 9	9	10	7	9	7	1	11	5	13	0	0	7	1	1	0	2	4	6	0	0	4	5	0	1	12	6	0	4	2	6	2	15	13	20	15	7	6	9	8	18	6	12	5	8	3	8	10	5	10	10	7	5	1	10	8	11	5	8	12	6	1	12	17	
977_A/chicken/Jilin/04.1 9	9	10	7	9	7	1	11	5	13	0	0	7	1	1	0	2	4	6	0	0	4	5	0	1	12	6	0	4	2	6	2	15	13	20	15	6	6	9	8	19	6	12	5	8	3	8	10	5	10	10	7	5	1	10	8	11	5	8	12	6	1	12	17	
978_A/chicken/Jilin/04.1 9	9	10	7	9	7	1	11	5	13	0	0	7	1	1	0	2	4	6	0	0	4	5	0	1	12	6	0	4	2	6	2	15	13	20	15	7	6	9	8	18	6	12	5	8	3	8	10	5	10	10	7	5	1	10	8	11	5	8	12	6	1	12	17	
979_A/chicken/Jilin/04.1 9	9	10	7	9	7	1	11	5	13	0	0	7	1	1	0	2	4	6	0	0	4	5	0	1	12	6	0	4	2	6	2	15	13	20	15	7	6	9	8	18	6	12	5	8	3	8	10	5	10	10	7	5	1	10	8	11	5	8	12	6	1	12	17	
980_A/chicken/Jilin/04.2 9	9	10	7	9	7	1	11	5	13	0	0	7	1	1	0	2	4	6	0	0	4	5	0	1	12	6	1	4	2	6	1	15	13	21	15	7	6	8	8	18	6	12	5	8	3	8	10	5	10	10	7	5	1	10	8	11	5	8	13	6	1	12	16	
981_A/chicken/Jilin/S125 9	9	10	6	9	7	1	12	5	13	0	0	7	1	1	0	1	4	6	0	0	4	5	0	1	12	6	0	4	2	6	2	17	13	19	15	6	6	10	8	17	7	13	6	9	2	7	8	5	7	9	8	6	3	11	7	13	5	9	12	4	1	12	17	
982_A/chicken/Jilin/S127 9	9	10	6	9	7	1	12	5	13	0	0	7	1	1	0	1	4	6	0	0	4	5	0	1	12	6	0	4	2	6	2	17	13	19	15	6	6	10	8	17	7	13	6	9	2	7	8	5	7	9	8	6	3	11	7	13	5	9	12	4	1	12	17	
983_A/chicken/Liaoning/S 10	8	8	9	8	8	3	10	8	13	0	0	6	1	1	0	1	6	4	0	1	4	5	0	0	10	6	0	3	3	6	2	8	15	23	11	12	4	5	13	13	7	13	8	8	1	7	6	8	10	11	10	4	2	10	7	7	6	10	12	13	0	11	16	
984_A/chicken/Liaoning/S 9	9	10	6	9	7	1	12	5	14	0	0	7	1	1	0	1	4	6	0	0	4	5	0	1	12	6	0	4	2	6	2	16	14	17	15	6	6	11	9	17	7	13	7	8	1	7	7	6	8	10	8	6	2	10	7	12	5	9	12	5	1	12	17	
985_A/chicken/Ningxia/2/ 11	8	8	9	7	8	4	10	8	13	0	0	6	1	1	0	1	5	4	0	1	4	4	0	0	11	6	0	3	3	6	2	8	15	23	11	12	4	5	13	14	7	13	7	7	1	7	7	8	10	11	10	4	2	10	7	6	6	10	13	14	0	11	15	
986_A/chicken/Ningxia/22 11	8	8	9	6	8	4	10	8	13	0	0	6	1	1	0	1	5	4	0	1	4	4	0	0	11	6	0	3	3	6	2	8	15	23	11	12	4	5	13	14	7	13	7	7	1	7	7	8	10	11	10	5	2	10	7	6	6	10	13	14	0	11	15	
987_A/chicken/Shandong/1 11	7	9	8	7	8	2	10	5	13	0	0	9	1	1	0	2	5	5	0	1	2	6	0	2	12	6	1	2	3	5	1	14	14	21	14	8	3	8	10	17	7	12	6	10	4	6	11	6	11	10	8	4	1	11	6	7	5	10	11	9	0	10	18	
988_A/Chicken/Shandong/J 11	10	9	8	8	5	2	10	6	10	0	0	7	3	1	0	2	6	5	0	0	3	6	0	1	13	6	0	4	1	6	2	14	13	22	15	8	5	9	7	15	9	11	8	8	1	7	9	6	12	10	8	4	0	10	7	11	4	10	13	7	1	10	16	
989_A/Chicken/Shandong/J 10	7	8	9	8	9	3	10	7	13	0	0	7	1	1	0	1	5	4	0	1	5	5	0	0	10	6	0	3	3	6	2	8	15	23	12	12	4	5	13	14	7	13	7	7	1	6	8	8	10	11	10	4	2	10	7	7	6	10	13	13	0	11	14	
990_A/Chicken/Shandong/J 10	9	8	9	8	7	3	10	7	13	1	0	7	1	0	0	1	6	4	0	1	4	5	0	0	10	6	0	3	3	6	2	9	15	23	11	11	3	5	13	14	8	14	8	7	1	6	6	8	10	11	10	3	3	10	7	6	6	10	13	14	0	11	15	
991_A/Chicken/Shandong/J 10	8	8	8	8	8	3	11	8	13	0	0	6	1	1	0	1	6	4	0	1	4	5	0	0	10	6	0	3	3	6	2	7	15	23	11	13	4	5	13	13	7	12	8	7	2	8	6	7	10	11	10	5	2	10	7	7	6	9	13	13	0	12	15	
992_A/Chicken/Shandong/J 11	9	9	8	7	7	2	10	6	12	1	0	6	2	0	0	2	6	4	0	1	2	6	0	2	13	6	1	2	2	6	1	12	13	22	14	7	4	8	9	19	9	11	7	8	2	6	9	8	11	8	9	4	1	12	6	9	5	11	13	8	1	9	16	
993_A/chicken/Shanghai/S 10	9	10	6	8	7	1	12	6	12	0	0	5	2	1	0	2	4	6	0	0	4	5	0	1	12	6	0	5	2	6	2	14	13	21	15	8	6	9	8	18	7	12	6	8	2	8	8	5	8	9	6	5	3	10	9	12	5	10	12	5	1	11	17	
994_A/chicken/Shanghai/S 9	9	10	7	9	7	1	11	5	13	0	0	7	1	1	0	2	4	6	0	0	5	6	0	1	11	6	0	4	2	6	2	15	14	20	13	6	6	9	10	16	7	12	7	9	2	8	7	5	8	9	7	6	2	10	8	12	5	9	12	6	1	12	17	
995_A/chicken/Wuxi/WX-32 10	9	10	7	8	7	1	11	4	12	0	0	7	2	1	0	2	5	4	0	0	3	7	0	2	13	7	0	4	1	5	2	15	12	22	15	6	5	9	7	19	7	12	7	7	2	7	8	5	12	10	9	5	1	10	8	13	5	10	11	5	1	10	16	
996_A/chicken/Wuxi/WX-33 10	9	10	7	8	7	1	11	5	12	0	0	7	2	1	0	2	5	4	0	0	3	7	0	1	13	6	0	4	1	6	2	15	12	21	15	6	5	9	8	19	7	12	7	7	2	7	8	5	12	11	9	5	1	9	8	13	5	10	12	5	1	10	15	
997_A/chicken/Xinjiang/S 10	9	10	6	8	7	1	12	6	12	0	0	5	2	1	0	2	4	5	0	0	4	5	0	1	12	6	0	5	2	6	2	14	13	22	15	8	6	9	8	18	7	12	6	8	2	8	8	5	9	7	6	5	2	12	9	12	5	10	12	5	1	11	17	
998_A/chicken/Xinjiang/S 10	9	10	6	8	7	1	12	6	13	0	0	5	2	1	0	2	4	6	0	0	4	5	0	1	11	6	0	5	2	6	2	14	13	20	15	8	6	9	8	18	7	13	6	8	2	8	8	5	9	7	6	5	2	12	9	12	5	10	12	5	1	11	17	
999_A/chicken/Xinjiang/S 10	9	10	6	8	7	1	12	6	12	0	0	5	2	1	0	2	4	5	0	0	4	5	0	1	12	6	0	5	2	6	2	14	13	22	15	8	6	9	8	18	7	12	6	8	2	8	8	5	9	7	6	5	2	12	9	12	5	10	12	5	1	11	17	
1000_A/chicken/Yunnan/1/2 10	9	8	8	8	7	3	10	6	11	0	0	6	3	1	0	2	5	6	0	0	3	5	0	1	12	6	0	4	2	6	2	16	13	19	14	8	5	11	9	19	7	12	7	6	3	5	9	4	12	10	7	4	0	10	8	11	5	11	11	8	1	9	17	
1001_A/condor/Guangdong/1 11	9	9	9	7	7	2	9	6	14	0	0	9	0	1	0	2	5	4	0	0	4	6	2	0	11	7	0	2	2	4	2	8	13	22	13	12	6	6	12	14	9	11	8	8	1	7	7	7	11	11	8	4	2	11	9	10	5	8	13	9	1	11	14	
1002_A/Curlew/Hong_Kong/A 11	10	8	8	7	6	8	11	3	12	0	0	7	2	1	0	2	5	5	0	0	6	2	1	1	9	8	0	6	3	7	1	13	12	27	16	12	7	10	9	14	8	9	10	9	3	8	4	9	9	8	8	4	2	11	7	9	5	9	9	7	3	14	19	
1003_A/Cygnus_columbianus 11	9	9	8	7	7	7	10	2	12	0	0	8	2	1	0	2	6	5	0	0	5	4	1	0	8	8	0	7	4	6	1	13	13	23	15	11	8	12	10	16	7	8	11	8	3	10	3	8	10	9	9	5	2	11	7	10	2	9	10	7	3	13	18	
1004_A/Cygnus_columbianus 12	9	9	8	6	7	6	11	2	12	0	0	8	2	1	0	2	5	5	0	0	6	4	1	0	9	8	0	7	3	6	1	12	13	24	14	13	8	12	10	16	7	7	11	9	3	10	4	9	10	9	9	3	2	11	7	10	3	9	10	6	2	13	18	
1005_A/Cygnus_columbianus 11	9	9	8	7	7	7	10	2	12	0	0	8	2	1	0	2	6	5	0	0	5	4	1	0	8	8	0	7	4	6	1	13	13	23	15	11	8	12	10	16	7	8	11	9	3	10	3	8	10	9	9	5	2	11	7	10	2	9	10	6	3	13	18	
1006_A/Cygnus_columbianus 11	9	9	8	7	7	7	10	2	12	0	0	8	2	1	0	2	6	5	0	0	5	4	1	0	8	8	0	7	4	6	1	13	13	23	15	11	8	12	10	16	7	8	11	9	3	10	3	8	10	9	9	5	2	11	7	10	2	9	10	6	3	13	18	
1007_A/domestic_green-win 11	8	9	8	8	7	2	10	6	13	0	0	8	1	1	0	2	6	4	0	0	4	6	1	0	12	7	0	2	1	5	1	11	13	25	15	9	5	7	8	15	8	13	10	8	1	5	6	7	12	10	8	5	1	10	8	8	7	8	13	9	1	11	15	
1008_A/duck/China/E26/201 11	10	8	8	7	7	3	10	5	10	0	0	7	3	1	0	3	6	5	0	1	2	5	0	2	13	6	1	1	2	6	1	11	13	22	14	8	4	8	9	18	9	11	5	9	1	7	11	7	11	9	9	4	1	11	6	7	5	12	12	11	1	8	17	
1009_A/duck/China/E53/201 11	8	8	8	7	8	3	10	5	11	0	0	6	3	1	0	2	6	4	0	0	3	6	0	1	13	6	1	4	1	6	1	13	13	23	15	10	4	8	8	16	7	12	7	8	2	6	9	4	11	11	7	6	0	9	8	11	5	11	14	8	1	10	15	
1010_A/duck/Eastern_China 11	8	9	7	7	7	2	11	5	12	0	0	6	2	1	0	2	5	5	0	0	2	5	0	2	14	6	0	3	2	6	2	13	11	23	16	8	4	8	7	18	9	12	8	9	1	6	8	6	13	9	9	3	3	11	6	9	5	10	13	8	1	10	16	
1011_A/duck/Eastern_China 12	7	8	8	6	8	4	10	8	13	0	0	6	1	1	0	2	6	4	0	0	4	6	1	1	13	7	0	2	1	4	1	11	12	24	15	10	4	6	7	16	9	11	11	7	1	6	6	7	13	11	9	5	2	10	8	9	4	9	13	9	1	10	15	
1012_A/duck/Fujian/S1233/ 10	9	10	6	8	7	1	12	6	12	0	0	6	2	1	0	2	4	6	0	0	4	5	0	1	12	7	0	4	2	5	2	14	13	21	15	8	6	9	8	18	7	12	6	7	2	8	8	5	9	9	6	5	2	10	9	12	5	10	12	6	1	11	17	
1013_A/duck/Fujian/S1273/ 10	9	10	6	8	7	1	12	6	12	0	0	6	2	1	0	2	4	6	0	0	4	5	0	1	12	6	0	4	2	6	2	14	13	21	15	8	6	9	8	18	7	12	6	7	2	8	8	5	9	9	6	5	2	10	9	12	5	10	12	6	1	11	17	
1014_A/Duck/Fujian/S4146/ 10	9	9	8	8	8	2	10	5	11	0	0	7	3	1	0	2	5	5	0	0	2	6	0	1	13	6	0	4	1	6	2	15	13	21	15	8	5	9	8	17	7	10	7	7	2	8	9	4	12	10	7	5	0	10	8	13	5	10	12	6	1	10	17	
1015_A/duck/Guangdong/S45 11	9	8	8	7	7	8	11	2	12	0	0	8	2	1	0	2	5	5	0	0	6	2	1	1	9	7	0	6	3	8	1	13	12	26	16	12	7	10	10	14	8	8	10	9	3	9	4	9	9	7	8	4	2	12	7	10	5	9	8	7	3	13	20	
1016_A/duck/Guangdong/S45 11	9	8	8	7	7	8	11	2	12	0	0	8	2	1	0	2	5	5	0	0	6	2	1	1	9	7	0	6	3	8	1	13	12	27	15	12	7	10	10	14	8	8	10	9	3	9	4	9	9	7	8	4	2	12	7	10	5	9	8	7	3	13	20	
1017_A/duck/Guizhou/S1321 10	9	8	8	8	7	8	11	2	12	0	0	8	2	1	0	2	5	5	0	0	6	2	1	1	9	7	0	6	3	8	1	13	13	27	16	13	5	10	9	14	8	8	10	9	3	9	4	9	9	7	8	4	2	12	6	10	5	9	9	7	3	13	20	
1018_A/duck/Guizhou/S1711 11	10	10	9	7	6	5	10	3	13	0	0	7	1	1	0	3	5	4	2	0	5	4	0	0	7	9	0	7	4	5	1	11	15	24	15	13	8	12	9	17	7	7	11	9	2	10	4	9	9	9	9	3	2	11	7	10	4	9	10	6	2	13	18	
1019_A/duck/Hubei/03.06__ 11	8	9	8	7	6	2	10	5	13	0	0	8	2	1	0	2	5	5	0	1	2	6	0	1	12	6	1	2	3	6	0	14	14	21	15	8	3	9	9	17	7	12	7	11	4	6	9	6	11	9	8	3	3	11	6	7	5	10	15	9	0	10	15	
1020_A/duck/Hubei/46/2009 9	7	9	8	9	8	2	9	3	12	0	0	10	2	1	0	3	5	4	1	0	4	6	1	1	11	8	0	3	2	3	3	10	12	21	13	11	6	7	11	14	9	11	8	8	1	7	5	7	10	10	7	4	4	12	11	11	4	9	13	8	1	12	14	
1021_A/duck/Hubei/2911/20 10	8	9	8	7	7	2	10	7	13	0	0	6	1	1	0	3	6	4	0	0	4	6	1	0	12	6	0	4	1	6	1	11	12	24	15	9	6	7	8	15	8	12	10	8	1	6	6	8	12	11	8	4	1	10	8	8	7	8	11	9	1	11	17	
1022_A/duck/Hubei/S4465/2 9	10	6	11	8	7	10	8	4	11	0	0	5	2	1	0	3	4	6	0	0	6	1	1	5	10	7	1	3	3	8	0	15	11	26	15	12	8	8	8	15	5	10	11	10	3	9	3	8	9	8	10	3	4	12	8	9	5	10	11	7	3	11	17	
1023_A/duck/Hubei/SE128/2 9	10	6	11	8	7	10	8	4	11	0	0	5	2	1	0	3	4	6	0	0	6	1	1	5	10	7	1	3	3	8	0	15	10	26	15	12	9	8	8	15	5	10	11	10	3	9	3	8	9	8	10	3	4	12	8	9	5	10	11	7	3	11	17	
1024_A/duck/Hubei/SE220/2 12	9	8	8	6	7	8	11	2	12	0	0	8	2	1	0	2	5	5	0	0	6	2	1	1	9	7	0	6	3	8	1	13	13	27	15	12	6	10	10	14	8	8	10	9	4	9	4	9	9	7	8	4	2	12	7	10	5	9	8	7	2	13	20	
1025_A/duck/Hubei/xn/2007 11	8	9	8	7	7	3	10	6	12	0	0	6	2	1	0	2	6	5	0	0	2	4	0	1	13	6	0	3	2	6	2	13	13	23	15	7	4	8	8	18	9	12	7	9	1	6	9	6	12	8	10	5	1	12	5	10	5	10	12	7	1	10	17	
1026_A/duck/Hunan/03.07_Y 11	9	10	9	8	6	1	9	6	12	0	0	6	2	1	0	2	5	5	0	0	3	6	0	1	13	6	0	4	1	6	2	13	10	21	15	9	7	9	8	20	4	12	7	8	3	7	8	6	11	10	11	5	1	11	7	12	6	9	10	4	1	10	16	
1027_A/duck/Hunan/12.07__ 10	9	10	6	8	7	1	11	5	11	0	0	7	2	1	0	2	5	6	0	0	3	5	0	1	12	6	0	4	1	5	2	14	11	19	14	5	5	9	9	18	7	13	7	6	2	6	8	5	13	9	9	4	1	11	8	12	5	11	10	5	1	8	16	
1028_A/duck/Hunan/12.07__ 10	9	10	6	8	7	1	11	5	11	0	0	6	2	1	0	2	5	5	0	0	3	6	0	1	12	5	0	4	1	6	2	13	10	19	16	5	5	9	6	17	7	12	6	5	2	6	9	5	12	11	9	5	1	9	8	11	5	10	10	5	1	10	15	
1029_A/duck/Hunan/12.07_Y 10	9	10	7	8	7	1	11	5	12	0	0	7	2	1	0	2	5	5	0	0	3	6	0	1	13	5	0	4	1	7	2	16	10	21	16	6	6	9	7	18	7	12	6	7	2	7	9	5	12	11	9	5	1	9	8	14	5	10	12	5	1	10	15	
1030_A/duck/Hunan/12.07_Y 8	9	10	7	10	7	1	11	4	12	0	0	8	2	1	0	2	5	5	0	0	3	6	0	1	13	5	1	4	1	6	2	15	13	21	15	6	5	8	8	18	8	13	6	7	2	7	9	6	11	10	9	5	1	10	8	13	5	12	10	4	1	8	17	
1031_A/duck/Hunan/316/200 12	8	9	8	6	7	2	10	7	13	1	0	7	1	0	0	2	6	4	0	0	4	6	1	0	12	7	0	3	1	5	1	11	12	24	15	9	5	8	8	15	11	12	10	8	0	6	6	8	12	10	8	4	1	10	8	9	5	9	12	9	1	10	16	
1032_A/duck/Hunan/689/200 11	7	9	8	7	8	2	10	7	13	1	0	7	1	0	0	2	6	4	0	0	4	6	1	0	11	7	0	3	2	5	1	10	14	24	15	9	5	7	8	15	7	12	10	8	2	6	6	8	12	10	7	4	1	11	9	8	7	8	12	9	1	11	16	
1033_A/duck/Hunan/3315/20 10	8	8	9	8	7	3	9	7	13	1	0	8	1	0	0	2	7	4	0	0	3	6	1	0	12	7	0	3	2	5	2	12	11	24	14	9	5	5	11	12	9	12	11	9	1	6	4	8	11	11	7	5	2	10	9	9	5	11	10	10	0	9	17	
1034_A/duck/Hunan/S4020/2 10	8	10	8	8	7	1	10	6	12	0	0	6	2	1	0	2	6	5	0	0	2	5	0	1	14	6	0	4	1	6	2	12	13	21	14	10	4	9	9	15	8	12	7	9	2	7	7	6	13	11	7	4	1	10	8	12	5	10	12	7	0	10	17	
1035_A/duck/Hunan/S4030/2 10	7	9	8	8	7	2	10	5	13	0	0	7	2	1	0	2	5	5	0	0	4	6	0	1	13	6	1	4	1	6	1	15	12	21	15	8	6	8	9	15	7	12	8	8	2	7	8	4	12	10	7	5	0	10	8	12	5	9	13	7	1	11	16	
1036_A/duck/Hunan/S4150/2 11	8	9	8	7	8	2	10	6	12	0	0	7	2	1	0	2	6	5	0	0	2	5	0	1	12	6	1	3	3	6	1	13	13	22	15	7	4	8	9	17	8	12	6	10	3	6	10	6	11	9	9	5	1	11	6	8	5	10	12	9	0	10	17	
1037_A/duck/Hunan/S4220/2 10	9	8	8	8	7	3	10	6	11	0	0	6	3	1	0	2	5	5	0	0	3	6	0	1	13	6	0	4	1	6	2	15	13	20	15	8	5	10	8	17	7	11	7	7	2	7	9	4	12	10	7	5	0	10	8	12	5	10	12	7	1	10	17	
1038_A/duck/Jiangsu/S4439 9	9	10	6	9	7	1	12	5	13	0	0	7	1	1	0	2	5	7	0	0	3	4	0	1	12	6	0	4	2	6	2	16	12	21	15	6	6	9	8	15	7	12	7	10	2	8	7	5	9	10	8	6	2	9	7	13	5	9	12	5	1	12	17	
1039_A/duck/Jiangsu/SE112 9	9	10	6	9	7	1	12	5	13	0	0	7	1	1	0	2	4	6	0	0	4	5	0	1	12	6	0	4	2	6	2	15	13	20	15	6	6	9	8	16	7	12	7	9	2	8	7	5	9	10	7	6	2	10	8	13	5	9	12	5	1	12	17	
1040_A/duck/Jiangxi/34/20 11	9	9	8	7	8	2	10	5	10	0	0	7	4	1	0	2	5	5	0	0	2	6	0	1	11	7	0	4	2	6	2	15	13	21	15	9	4	9	8	18	7	11	7	7	2	7	10	4	12	10	7	5	0	10	8	12	5	10	12	6	1	10	16	
1041_A/duck/Jiangxi/35/20 11	9	9	8	7	9	2	10	5	10	0	0	6	4	1	0	2	5	5	0	0	3	6	0	1	11	6	0	4	2	6	2	15	13	20	15	9	4	9	8	18	7	11	7	7	2	7	10	5	12	11	6	5	0	10	8	12	5	10	12	6	1	10	16	
1042_A/duck/Jiangxi/44/20 12	9	9	8	7	8	2	10	5	10	0	0	7	4	1	0	2	5	5	0	0	2	6	0	1	12	6	0	4	2	6	2	14	13	20	15	8	4	9	8	17	9	12	7	7	2	6	10	4	12	11	7	5	0	10	8	12	5	10	12	6	1	10	16	
1043_A/duck/Jiangxi/120/2 9	6	7	9	9	9	3	9	6	13	0	0	7	1	1	0	2	8	4	0	0	3	5	0	1	12	6	0	4	1	5	3	14	11	21	19	11	5	8	8	13	8	14	11	8	1	6	4	6	8	11	11	2	4	11	7	9	5	9	12	10	1	12	12	
1044_A/duck/Jiangxi/130/2 11	8	9	8	7	8	2	10	6	11	0	0	7	2	1	0	2	6	5	0	0	3	5	0	1	11	6	1	3	3	6	1	13	13	23	14	8	4	8	9	18	9	12	6	9	3	7	10	6	11	9	9	4	1	11	6	7	5	10	12	9	0	10	17	
1045_A/duck/Jiangxi/S4083 9	10	6	11	8	7	10	8	4	11	0	0	5	2	1	0	3	4	6	0	0	6	1	1	5	10	7	1	3	3	8	0	15	10	26	15	11	9	8	8	17	5	10	11	10	3	9	3	8	9	8	10	3	4	12	8	8	5	10	11	7	3	11	17	
1046_A/duck/Jilin/04.04_S 9	9	10	7	9	7	1	11	6	13	0	0	6	1	1	0	2	4	6	0	0	3	5	0	1	12	6	0	4	3	6	2	14	13	21	15	7	6	9	8	17	7	11	6	8	2	8	9	7	10	9	7	5	1	10	8	12	5	9	12	5	1	12	17	
1047_A/duck/Jilin/JL-SIV/ 11	8	9	9	7	7	2	9	7	14	0	0	7	0	1	0	2	6	4	0	0	4	6	1	1	12	7	0	2	1	5	1	10	12	24	14	10	5	7	9	17	9	11	10	7	1	6	7	9	11	12	7	2	2	11	8	9	5	10	12	9	1	10	15	
1048_A/duck/Jilin/S1261/2 9	9	10	6	9	7	1	12	5	13	0	0	7	1	1	0	1	4	6	0	0	4	5	0	1	12	6	0	4	2	6	2	17	13	19	15	6	6	10	8	17	7	13	6	9	2	7	8	5	7	9	8	6	3	11	7	13	5	9	12	4	1	12	17	
1049_A/duck/Jilin/S4171/2 9	9	10	6	9	7	1	12	6	13	0	0	7	1	1	0	1	4	6	0	0	4	5	0	1	12	6	0	4	2	6	2	16	13	16	14	6	6	11	9	17	7	13	7	8	2	7	7	6	8	12	9	6	2	9	7	12	5	9	12	5	1	12	17	
1050_A/duck/Nanchang/9789 10	9	8	8	8	7	3	10	6	11	0	0	7	3	1	0	2	5	4	0	0	3	6	0	1	13	5	1	4	1	6	2	15	13	22	15	9	5	9	8	18	7	12	7	7	2	6	9	4	11	10	7	4	1	10	8	10	5	10	12	7	1	10	17	
1051_A/duck/Shandong/009/ 10	7	9	8	7	8	2	10	7	13	1	0	7	1	0	0	2	6	3	0	0	5	7	1	1	12	7	0	2	1	5	1	11	11	22	16	10	4	9	7	15	9	11	10	8	2	7	7	7	12	10	9	5	3	10	8	8	6	10	12	9	0	10	14	
1052_A/Duck/Shandong/Y01/ 11	9	9	8	8	7	2	10	5	11	1	0	7	3	0	0	2	6	5	0	0	2	5	0	2	13	6	1	2	2	6	1	12	13	23	14	8	4	8	9	18	9	12	5	9	1	6	11	6	11	8	9	4	1	12	6	9	5	11	13	8	1	9	16	
1053_A/Duck/Shandong/Y02/ 11	9	9	8	7	7	2	10	5	11	1	0	7	3	0	0	2	6	5	0	1	2	5	0	2	13	6	1	2	2	6	1	13	12	23	14	7	5	7	9	18	9	12	5	9	1	6	11	7	11	7	9	4	1	13	6	9	5	11	13	8	1	9	16	
1054_A/duck/Sichuan/NCXN1 10	9	8	8	8	8	3	10	7	10	0	0	5	3	1	0	2	5	6	0	0	3	5	0	1	13	6	0	4	1	6	2	15	13	19	14	9	5	11	9	19	7	12	7	5	2	6	9	4	12	10	7	4	0	10	8	11	5	11	11	9	1	9	17	
1055_A/duck/Sichuan/NCXN1 10	9	8	8	7	8	3	10	7	11	0	0	5	2	1	0	2	5	5	0	1	3	5	0	1	13	6	0	4	1	6	2	15	13	20	14	9	5	11	9	19	7	12	7	5	2	6	9	4	12	10	7	4	0	10	8	11	5	12	11	9	1	8	17	
1056_A/duck/Xinjiang/S106 10	9	10	6	8	7	1	12	6	12	0	0	5	2	1	0	2	3	5	0	0	4	5	0	1	12	6	0	5	3	6	2	14	13	22	15	8	6	9	8	18	7	12	6	8	2	8	8	5	9	7	6	5	2	12	9	12	5	10	12	5	1	11	17	
1057_A/duck/Xinjiang/S112 10	9	10	6	8	7	1	12	6	12	0	0	5	2	1	0	2	4	6	0	0	4	5	0	1	12	6	0	5	2	6	2	14	13	21	15	8	6	9	8	18	7	12	6	8	2	8	8	5	8	9	6	5	3	10	9	12	5	10	12	5	1	11	17	
1058_A/duck/Zhejiang/1220 11	7	9	8	7	8	2	10	5	12	0	0	9	2	1	0	2	6	5	0	0	2	6	0	1	12	6	0	2	3	5	2	14	14	22	16	6	4	8	8	18	8	12	6	10	3	6	10	6	11	9	9	5	1	11	6	7	5	11	13	9	0	9	16	
1059_A/duck/Zhejiang/S409 9	9	11	6	9	7	0	12	5	13	0	0	7	1	1	0	2	4	6	0	0	4	5	0	1	12	6	0	4	2	6	2	15	13	21	15	6	6	9	8	17	7	12	6	9	2	8	8	5	9	10	5	6	2	10	8	12	5	9	13	5	1	12	17	
1060_A/equine/China/61/20 11	8	9	8	7	7	2	10	7	13	0	0	6	1	1	0	2	6	5	0	0	4	5	1	1	12	6	0	3	1	6	1	12	13	22	16	9	5	9	8	16	8	12	10	8	1	6	6	6	12	10	7	4	1	10	9	11	5	9	14	8	1	10	14	
1061_A/equine/China/67/20 11	8	9	8	7	7	2	10	7	13	0	0	6	1	1	0	2	6	5	0	0	4	5	1	1	12	6	0	3	1	6	1	12	13	22	16	9	5	9	8	16	8	12	10	8	1	6	6	6	12	10	7	4	1	10	9	11	5	9	14	8	1	10	14	
1062_A/equine/China/68/20 11	8	9	8	7	7	2	10	7	13	0	0	6	1	1	0	2	6	5	0	0	4	5	1	1	12	6	0	3	1	6	1	12	13	22	16	9	5	9	8	16	8	12	10	8	1	6	6	6	12	10	7	4	1	10	9	11	5	9	14	8	1	10	14	
1063_A/Eurasian_Teal/Hong 11	9	8	8	7	7	8	11	2	12	0	0	9	2	1	0	2	6	4	0	0	5	3	1	0	8	8	1	7	4	6	1	12	14	25	14	12	7	11	10	15	7	8	10	9	3	9	5	10	9	9	9	4	3	11	7	10	3	9	10	6	3	13	17	
1064_A/Eurasian_Teal/Hong 11	9	8	8	7	7	8	11	2	12	0	0	9	2	1	0	2	6	4	0	0	5	3	1	0	8	8	1	7	4	6	1	12	14	24	14	12	7	12	10	14	7	8	10	9	3	9	5	10	9	9	9	4	3	11	7	11	3	7	11	6	3	15	16	
1065_A/Eurasian_Wigeon/Ho 11	9	8	8	7	7	8	11	2	12	0	0	9	2	1	0	2	6	4	0	0	5	3	1	0	8	8	1	7	4	6	1	12	14	24	14	12	7	12	10	14	7	8	10	9	3	9	5	10	9	9	9	4	3	11	7	11	3	7	10	6	3	15	17	
1066_A/Eurasian_Wigeon/Ho 11	9	7	8	7	7	9	11	2	12	0	0	9	2	1	0	2	6	4	0	0	5	3	1	0	8	8	1	7	4	6	1	12	14	24	14	12	7	12	10	14	7	8	10	9	3	9	5	10	9	9	9	4	3	11	7	11	3	7	10	6	3	15	17	
1067_A/Falco_peregrinus/B 11	9	10	8	7	7	5	11	3	13	0	0	7	1	1	0	2	6	4	1	0	5	4	1	0	7	8	0	7	4	6	1	12	13	24	14	11	7	12	10	17	9	7	11	9	3	10	4	9	10	9	9	4	2	11	7	10	2	9	10	6	3	13	18	
1068_A/Fujian/1/2005|EPI_ 10	7	8	9	8	8	3	9	7	13	1	0	8	1	0	0	2	7	4	0	0	3	6	1	0	13	7	0	3	1	5	2	13	11	23	14	9	5	6	11	12	9	12	10	9	1	6	5	8	9	11	7	4	2	10	9	10	5	11	11	9	2	9	16	
1069_A/Fujian/1/2007|EPI_ 10	6	8	9	8	9	3	9	6	13	1	0	6	1	0	0	2	8	4	0	0	3	5	1	1	12	7	0	4	1	4	2	12	11	23	17	10	5	7	9	15	8	13	10	8	1	6	5	7	9	10	10	5	2	11	8	9	5	10	10	10	1	10	15	
1070_A/Gallinago_Stenura/ 11	9	8	8	7	7	8	11	2	12	0	0	9	2	1	0	2	6	4	0	0	5	3	1	0	8	8	1	7	4	6	1	12	14	24	14	12	7	12	10	14	7	8	10	9	3	9	5	10	9	9	9	4	3	11	7	11	3	7	10	6	3	15	17	
1071_A/goose/China/E43/20 10	9	9	8	8	8	2	10	5	10	0	0	6	4	1	0	2	5	5	0	0	2	5	0	1	13	6	0	4	1	6	2	15	13	20	15	9	4	11	8	16	8	9	8	8	2	8	9	4	12	10	7	5	0	10	8	12	6	9	10	6	1	12	18	
1072_A/goose/Guangdong/SH 10	9	8	8	9	6	3	10	6	11	0	0	6	3	1	0	2	5	6	0	0	3	5	0	1	13	6	0	4	1	6	2	15	13	19	14	9	5	11	9	19	7	12	7	6	2	6	9	4	12	10	7	4	0	10	8	11	5	11	11	8	1	9	17	
1073_A/goose/Guizhou/S154 10	9	8	8	8	7	8	11	2	12	0	0	8	2	1	0	2	5	5	0	0	6	2	1	1	9	7	0	6	3	8	1	13	13	27	16	13	5	10	9	14	8	8	10	9	3	9	4	9	9	7	8	4	2	12	6	10	5	9	9	7	3	13	20	
1074_A/goose/Hunan/SE284/ 11	9	9	8	7	7	6	11	2	12	0	0	8	2	1	0	2	7	5	0	0	5	4	1	0	8	8	0	7	4	6	1	11	12	24	13	13	8	12	10	16	7	7	11	9	3	10	4	9	10	9	10	4	2	11	7	10	2	9	10	6	3	13	18	
1075_A/goose/Inner_Mongol 9	9	7	10	9	7	9	9	2	13	0	0	8	1	1	0	2	7	7	0	0	4	1	1	3	7	9	0	4	5	5	1	16	11	26	15	11	6	10	9	15	8	10	11	9	3	8	3	8	9	8	9	3	3	12	8	10	4	9	9	7	3	12	19	
1076_A/goose/Jiangsu/k040 9	9	9	8	8	7	2	10	5	12	0	0	6	2	1	0	3	6	5	0	0	1	6	0	2	13	6	0	3	2	6	2	13	14	23	14	7	4	8	9	17	9	12	6	10	1	7	10	6	10	8	10	5	1	12	6	10	5	10	11	7	1	9	17	
1077_A/goose/Jilin/S4034/ 9	10	10	6	9	6	1	12	5	13	0	0	7	1	1	0	1	3	6	0	0	5	5	0	1	12	6	0	4	2	6	2	16	13	19	15	6	6	9	9	16	8	13	6	8	2	7	9	6	9	10	8	6	2	10	7	13	4	9	12	5	1	12	16	
1078_A/goose/Shandong/03. 9	10	10	7	9	6	1	11	4	13	0	0	7	1	1	0	2	4	5	0	0	4	6	0	2	12	6	0	4	2	6	2	16	11	21	15	7	6	9	8	17	8	12	6	7	2	8	8	5	10	9	7	5	1	10	8	13	5	8	12	6	1	13	17	
1079_A/goose/Shandong/GS/ 9	9	10	7	9	7	1	11	5	13	0	0	8	1	1	0	2	5	6	0	0	3	5	0	1	13	6	0	3	1	6	2	15	13	21	15	6	5	9	9	19	7	12	7	7	2	7	8	5	12	9	9	5	1	10	7	13	5	10	12	5	1	10	15	
1080_A/goose/Zhejiang/112 9	8	10	7	8	9	1	11	5	13	0	0	7	1	1	0	2	4	6	0	0	4	5	0	1	12	6	0	4	2	6	2	15	13	21	15	7	6	8	8	17	7	11	6	8	2	8	9	5	10	9	7	5	1	11	8	13	5	10	11	5	1	11	18	
1081_A/goose/Zhejiang/727 10	9	9	7	8	7	2	11	5	13	0	0	7	1	1	0	2	5	6	0	0	3	5	0	2	13	7	0	4	1	6	1	15	13	20	15	6	5	9	9	18	7	12	7	7	2	7	8	5	12	10	9	5	1	10	7	13	5	9	11	5	1	11	16	
1082_A/Great_black-headed 8	10	10	7	11	6	1	12	4	11	0	0	8	3	1	0	1	4	6	0	1	4	5	0	1	12	6	0	4	2	6	2	14	13	21	15	8	6	9	8	17	7	12	6	9	2	7	9	5	10	9	7	4	1	10	8	11	5	9	11	6	1	12	17	
1083_A/Great_black-headed 8	10	10	7	11	6	1	11	4	11	0	0	8	3	1	0	1	4	6	0	1	4	5	0	1	12	6	0	4	2	6	2	14	13	21	14	8	6	9	8	17	7	12	6	9	2	7	10	5	10	9	7	4	1	10	8	11	5	9	12	6	1	12	17	
1084_A/Great_Cormorant/Hu 11	7	9	8	7	8	2	10	5	13	0	0	9	1	1	0	2	5	5	0	1	2	6	0	1	12	6	1	2	3	5	1	14	14	21	15	7	4	9	9	17	7	12	6	10	4	6	10	6	11	9	8	4	1	11	6	8	5	10	12	9	0	10	18	
1085_A/Great_Cormorant/Hu 11	7	9	8	7	8	2	10	5	13	0	0	9	1	1	0	2	5	5	0	1	2	6	0	1	12	6	1	2	3	5	1	14	14	21	15	7	4	9	9	17	7	12	6	10	4	6	10	6	11	9	8	4	1	11	6	8	5	10	12	9	0	10	18	
1086_A/Great_Cormorant/Hu 11	6	9	8	7	9	2	10	5	13	0	0	9	1	1	0	2	5	5	0	1	2	6	0	1	12	6	1	2	3	5	1	14	14	21	15	7	4	9	9	18	7	12	6	10	4	6	10	6	11	9	8	4	1	11	6	7	5	10	12	9	0	10	18	
1087_A/Great_Cormorant/Hu 11	6	9	8	7	9	2	10	5	13	0	0	9	1	1	0	2	5	5	0	1	2	6	0	1	12	6	1	2	3	5	1	14	14	21	15	7	4	9	9	18	7	12	6	10	4	6	10	6	10	9	8	5	2	10	6	7	5	10	12	9	0	10	18	
1088_A/Great_Cormorant/Hu 11	7	9	8	7	9	2	10	5	13	0	0	9	1	1	0	2	5	5	0	1	2	6	0	2	12	6	1	2	3	5	1	14	14	21	15	7	4	9	9	17	7	13	5	10	4	6	10	6	10	9	8	4	1	11	6	7	5	10	12	9	0	10	18	
1089_A/Guangdong/1/2006|E 10	7	8	9	8	8	3	9	7	13	1	0	8	1	0	0	2	7	4	0	0	4	6	1	0	12	7	0	3	1	5	2	12	12	22	15	8	5	6	11	12	9	13	9	9	1	6	5	8	10	11	7	5	2	10	8	11	4	11	12	9	1	9	16	
1090_A/Guangdong/1/2008|E 10	8	9	9	7	8	2	9	7	13	0	0	7	0	1	0	2	6	4	0	0	4	6	1	0	12	7	0	3	1	5	1	11	12	25	12	9	5	7	11	16	9	12	10	7	1	6	6	9	11	12	8	4	2	10	7	9	5	10	12	9	1	10	15	
1091_A/Guangdong/2/2006|E 11	8	9	9	7	7	2	9	6	12	0	0	5	2	1	0	2	6	5	0	0	2	5	0	1	14	6	0	5	1	6	2	13	11	23	15	9	6	8	8	15	9	12	9	9	1	6	7	6	12	10	7	4	1	11	8	11	5	10	13	7	1	9	16	
1092_A/Guangxi/1/2005|EPI 11	8	9	8	7	7	2	10	6	13	0	0	8	1	1	0	2	6	5	0	0	4	5	1	1	12	6	0	2	1	6	1	11	14	23	16	9	5	9	7	16	8	12	10	8	1	6	6	6	12	10	7	4	1	10	9	11	5	9	15	8	1	10	13	
1093_A/Guangxi/1/2005|EPI 11	8	9	8	7	7	2	10	6	13	0	0	8	1	1	0	2	6	5	0	0	4	5	1	1	12	6	0	2	1	6	1	11	14	23	16	9	5	9	7	16	8	12	10	8	1	6	6	6	12	10	7	4	1	10	9	11	5	9	15	8	1	10	13	
1094_A/Guangxi/1/2008|EPI 10	6	8	8	8	10	3	10	5	12	1	0	8	1	0	0	2	7	5	0	0	3	5	1	0	11	8	0	4	2	4	2	12	11	21	18	10	5	8	9	16	8	12	10	8	1	7	4	8	10	10	10	3	2	11	8	10	5	10	10	8	1	10	15	
1095_A/Guizhou/1/2009|EPI 11	8	8	7	7	7	3	11	4	12	0	0	6	2	1	0	2	6	4	0	0	4	6	1	3	12	7	0	4	1	5	1	11	13	22	15	8	7	9	8	16	8	13	10	8	1	5	7	6	11	10	9	4	1	11	7	11	5	9	14	8	2	10	13	
1096_A/hill_myna/Heilongj 10	9	10	5	8	7	1	13	5	12	0	0	7	2	1	0	2	5	5	0	0	3	6	0	1	13	6	0	4	1	6	2	15	13	21	15	7	5	9	8	18	7	12	6	7	2	7	9	5	11	10	9	5	1	10	7	13	5	10	12	5	1	10	16	
1097_A/Hong_Kong/5923/201 10	9	8	8	8	7	3	10	5	11	0	0	7	3	1	0	2	5	5	0	0	3	6	0	1	13	6	0	4	1	6	2	15	13	22	15	9	4	8	8	18	6	12	7	7	2	6	9	4	13	10	7	4	1	10	8	11	5	10	12	7	1	10	17	
1098_A/Hunan/1/2006|EPI_I 11	8	9	8	7	7	2	10	6	13	0	0	7	1	1	0	2	6	5	0	0	4	5	1	1	12	6	0	3	1	6	1	12	13	23	15	9	5	9	8	16	8	12	10	8	1	6	6	6	12	10	8	4	1	10	8	10	5	10	13	9	1	10	14	
1099_A/Hunan/1/2008|EPI_I 10	9	8	9	8	7	3	9	7	13	1	0	8	1	0	0	2	6	5	0	0	3	5	1	0	12	7	0	3	2	5	2	12	10	24	13	9	6	5	12	12	9	12	10	9	1	6	5	9	10	11	7	4	2	10	10	10	6	11	10	9	0	9	16	
1100_A/Hunan/2/2009|EPI_I 11	8	8	7	7	7	3	11	5	12	0	0	6	2	1	0	2	6	5	0	0	4	5	1	2	12	7	0	4	1	5	1	11	13	22	15	9	6	9	8	16	8	12	10	8	1	6	7	5	11	10	9	5	0	11	7	10	6	9	15	9	2	10	12	
1101_A/Japanese_white-eye 10	9	10	6	8	7	1	12	5	12	0	0	7	2	1	0	2	5	5	0	0	3	6	0	1	13	6	0	4	1	6	2	15	13	21	15	7	5	9	8	19	7	12	6	7	2	7	9	5	11	10	9	5	1	10	7	12	5	10	12	5	1	10	16	
1102_A/Jiangsu/1/2007|EPI 11	8	9	9	7	7	2	9	7	14	0	0	7	0	1	0	2	6	4	0	0	4	6	1	0	12	7	0	3	1	5	1	11	12	24	15	9	5	7	9	16	9	12	10	7	1	6	6	9	11	12	7	3	2	10	8	9	5	10	12	9	1	10	15	
1103_A/Jiangsu/2/2007|EPI 11	8	9	9	7	7	2	9	7	14	0	0	7	0	1	0	2	6	4	0	0	4	6	1	0	12	7	0	3	1	5	1	11	12	24	15	9	5	7	9	16	9	12	10	7	1	6	6	9	11	12	7	3	2	10	8	9	5	10	12	9	1	10	15	
1104_A/Jiangxi/1/2005|EPI 11	8	9	9	7	6	2	9	7	14	0	0	7	1	1	0	2	6	4	0	0	4	5	2	0	10	6	0	3	3	6	1	8	14	24	11	12	4	5	14	14	9	12	8	8	1	9	6	8	11	11	9	4	2	9	8	9	5	10	12	10	1	10	14	
1105_A/lesser_kestrel/Hei 12	8	8	8	7	7	2	10	6	13	0	0	7	1	1	0	2	6	5	0	0	4	6	1	0	11	7	0	3	2	5	1	11	13	25	15	9	5	7	8	15	8	12	9	8	1	6	6	8	12	10	7	4	1	10	9	8	7	8	13	9	1	11	16	
1106_A/lion/Hubei/1-2/201 11	9	9	8	7	8	2	10	5	12	0	0	8	1	1	0	2	5	3	0	1	2	7	0	1	12	6	1	3	3	6	1	12	14	21	16	8	4	9	8	18	7	11	6	10	4	7	10	7	10	10	8	4	1	10	6	7	5	10	12	9	0	10	18	
1107_A/mallard/Heilongjia 11	8	9	8	7	8	2	10	6	12	0	0	7	2	1	0	2	6	5	0	0	2	5	0	1	12	6	1	3	3	6	1	13	13	22	15	7	4	8	9	17	8	12	6	10	3	6	10	7	11	9	9	3	2	11	6	8	5	10	12	9	0	10	17	
1108_A/mandarin_duck/Heil 11	9	8	8	7	7	8	11	3	10	0	0	7	4	1	0	2	6	5	0	0	5	2	1	1	8	8	0	6	3	7	1	11	14	25	15	12	7	11	10	14	8	9	11	10	3	9	3	9	9	8	8	4	2	12	7	12	4	8	9	5	3	13	20	
1109_A/mandarin_duck/Hena 11	9	9	8	7	7	6	11	2	12	0	0	8	2	1	0	2	6	5	0	0	5	4	1	0	8	8	0	7	4	6	1	12	13	25	14	12	8	11	10	15	8	7	11	9	3	10	4	9	10	9	9	4	2	11	7	10	2	9	10	6	3	13	18	
1110_A/meerkat/Shanghai/S 11	8	10	8	8	7	1	10	5	12	0	0	7	2	1	0	2	5	5	0	0	3	6	0	1	13	6	0	4	1	6	2	15	12	21	15	6	6	9	8	19	7	12	6	7	2	7	9	5	11	10	8	6	1	10	8	11	5	9	13	5	1	11	16	
1111_A/mink/China/G/2015| 10	9	9	8	7	7	2	10	5	11	0	0	7	3	1	0	2	6	4	0	1	2	8	0	1	13	5	0	4	1	6	2	15	12	22	15	8	5	9	8	17	7	11	7	7	2	7	9	4	11	9	7	5	0	11	8	13	6	10	12	6	1	10	17	
1112_A/mink/China/XB/2015 11	7	9	8	7	8	2	10	5	13	0	0	9	1	1	0	2	5	5	0	1	2	6	0	1	12	6	1	2	3	5	1	14	14	21	16	7	4	9	8	18	7	12	6	10	4	6	10	6	11	9	8	4	1	11	6	7	5	10	12	9	0	10	18	
1113_A/mink/Eastern_China 9	10	7	11	9	6	7	8	4	13	1	0	5	3	0	0	0	6	4	0	1	3	2	1	5	11	9	3	2	2	6	0	14	9	22	13	10	9	14	11	21	10	11	10	8	0	10	4	8	11	10	10	4	1	11	7	7	4	13	17	8	1	8	10	
1114_A/Nanjing/1/2015|EPI 11	7	9	8	7	8	2	10	5	13	0	0	9	1	1	0	2	5	5	0	1	2	6	0	1	12	6	1	2	3	5	1	14	14	22	15	7	4	8	9	18	7	12	6	10	4	6	10	6	11	9	8	4	1	11	6	7	5	10	12	9	0	10	18	
1115_A/ostrich/Suzhou/097 10	7	9	9	8	8	2	9	3	12	0	0	10	2	1	0	2	5	4	0	0	4	6	1	1	10	7	0	3	3	4	3	11	12	21	12	11	6	8	12	15	9	12	9	8	1	6	5	7	9	10	7	4	4	11	10	10	4	8	14	8	2	12	14	
1116_A/parrot/Guangdong/C 11	7	9	9	7	7	2	9	6	13	0	0	8	1	1	0	2	7	4	0	0	4	6	1	0	11	7	0	3	2	5	2	9	14	23	14	12	4	6	11	14	9	12	8	8	1	7	5	8	11	11	8	3	2	10	9	10	5	8	13	9	1	11	15	
1117_A/peacock/Yunnan/1/2 11	6	9	8	7	9	2	10	5	13	0	0	9	1	1	0	2	5	5	0	1	2	6	0	2	11	6	1	2	3	4	1	14	14	20	15	7	4	10	9	18	7	12	6	10	4	7	10	6	11	9	7	4	1	11	6	7	5	10	12	9	0	10	19	
1118_A/peacock/Yunnan/3/2 11	6	9	8	7	9	2	10	5	13	0	0	9	1	1	0	2	5	5	0	1	2	6	0	1	12	6	1	2	3	4	1	14	14	20	15	7	4	10	9	18	7	12	6	10	4	7	10	6	11	9	7	4	1	11	6	7	5	10	12	9	0	10	19	
1119_A/pigeon/Hubei/RP25/ 10	7	7	9	8	8	4	9	6	13	1	0	5	1	0	0	2	9	4	0	0	3	4	0	1	12	7	0	5	1	4	3	12	11	22	18	10	6	7	8	14	7	14	11	8	1	5	4	6	10	11	9	6	2	11	7	9	5	12	11	10	0	10	15	
1120_A/pigeon/Jiangsu/12. 8	9	10	7	10	7	1	11	5	13	1	0	7	1	0	0	2	4	6	0	0	4	5	0	1	12	6	0	4	2	6	2	15	13	21	16	7	6	9	7	17	7	11	6	8	2	8	9	5	10	9	7	5	1	10	8	12	5	9	11	6	1	12	18	
1121_A/pigeon/Jiangxi/S40 9	10	6	11	8	7	10	8	4	11	0	0	5	2	1	0	3	4	6	0	0	6	1	1	5	10	7	1	3	3	8	0	15	10	26	15	12	9	8	8	15	5	10	11	10	3	9	3	8	9	8	10	3	4	12	8	9	5	10	11	7	3	11	17	
1122_A/pigeon/Jilin/04.25 9	9	10	6	9	7	1	12	4	13	0	0	8	1	1	0	2	4	6	0	0	4	5	0	1	12	6	0	4	2	6	2	15	13	21	15	7	6	9	8	16	7	12	6	8	2	8	8	5	9	9	7	5	2	10	8	13	5	9	12	6	1	12	17	
1123_A/pigeon/Jilin/S4176 9	9	10	6	9	7	1	12	6	13	0	0	7	1	1	0	1	4	6	0	0	4	5	0	1	12	6	0	4	2	6	2	16	13	16	14	6	6	11	9	17	7	13	7	8	2	7	7	6	8	12	9	6	2	9	7	12	5	9	12	5	1	12	17	
1124_A/pigeon/Sichuan/NCX 10	9	8	8	8	8	3	10	7	11	0	0	5	2	1	0	2	5	5	0	0	3	5	0	1	13	6	0	4	1	6	2	15	13	20	14	9	5	11	9	19	7	12	7	6	2	5	9	4	12	10	7	4	0	10	8	11	5	12	11	9	1	8	17	
1125_A/pigeon/Zhejiang/11 9	8	10	7	8	9	1	11	5	13	0	0	7	1	1	0	2	4	6	0	0	4	5	0	1	12	6	0	4	2	6	2	15	13	21	15	7	6	8	8	17	7	11	6	8	2	8	9	5	10	9	7	5	1	11	8	13	5	10	11	5	1	11	18	
1126_A/pigeon/Zhejiang/11 9	9	10	7	9	7	1	11	4	13	0	0	7	1	1	0	2	4	6	0	0	4	5	0	2	12	6	0	4	2	6	2	15	13	21	15	7	6	8	8	17	7	12	6	7	2	8	8	5	10	9	7	5	1	11	8	14	5	9	12	5	1	12	17	
1127_A/pigeon/Zhejiang/72 10	9	9	7	8	7	2	11	5	13	0	0	7	1	1	0	2	6	6	0	0	3	5	0	2	12	7	0	4	1	6	1	15	13	20	15	6	5	9	9	18	7	12	7	7	2	7	8	5	12	10	9	5	1	10	7	13	5	9	11	5	1	11	16	
1128_A/plateau_pika/Qingh 10	8	9	9	8	7	2	9	3	12	0	0	10	2	1	0	2	6	4	0	0	4	6	1	1	11	7	0	3	2	5	2	10	10	22	13	12	6	7	11	14	10	12	7	7	1	7	5	7	12	10	8	4	3	11	10	11	4	8	15	8	1	11	14	
1129_A/quail/Nanchang/663 10	9	8	8	8	7	3	10	6	11	0	0	7	3	1	0	2	5	4	0	0	3	6	0	1	13	5	1	4	1	7	1	15	13	22	15	9	5	9	8	17	7	12	7	7	2	6	9	4	11	10	7	4	1	10	8	11	5	10	11	7	1	10	18	
1130_A/Shandong/1/2009|EP 10	8	9	9	8	7	2	9	6	14	0	0	7	0	1	0	2	6	5	0	0	4	5	1	1	12	7	0	3	1	5	1	9	14	23	15	9	4	9	8	16	9	12	10	7	1	6	6	9	12	12	7	4	1	10	8	9	5	9	12	9	1	11	15	
1131_A/Sichuan/1/2006|EPI 11	8	9	8	7	7	2	10	6	13	0	0	7	1	1	0	2	6	4	0	0	4	6	1	1	12	7	0	3	1	5	1	11	13	23	15	9	5	9	8	15	9	11	9	8	1	7	7	7	11	11	6	5	2	10	9	9	5	9	13	9	1	10	15	
1132_A/Sichuan/2/2006|EPI 11	8	9	8	7	7	2	10	7	13	0	0	7	1	1	0	2	6	5	0	0	4	6	1	0	12	7	0	3	1	5	1	12	13	22	15	9	5	9	8	15	9	11	9	8	1	7	7	7	11	11	6	4	2	10	10	9	5	9	12	9	1	10	15	
1133_A/Spatula_querquedul 11	9	9	8	7	7	6	11	2	12	0	0	8	2	1	0	2	6	5	0	0	5	4	1	0	8	7	0	7	4	6	1	12	13	24	14	12	8	12	10	16	7	8	11	9	3	10	4	9	10	9	9	4	2	11	7	10	2	8	10	6	3	14	18	
1134_A/swine/Shandong/SD1 11	8	11	10	7	7	3	9	3	12	0	0	10	2	1	0	2	7	5	0	0	3	4	1	1	11	7	0	3	2	7	2	14	15	25	14	11	6	11	10	16	11	12	10	6	1	6	4	6	12	10	8	4	2	10	10	11	3	9	13	8	1	11	15	
1135_A/tiger/Yunnan/tig14 10	10	8	8	8	6	3	10	6	11	0	0	6	3	1	0	2	4	6	0	0	4	5	0	1	14	6	0	4	1	6	2	15	13	19	14	9	5	11	9	19	6	12	7	6	2	6	9	4	12	10	7	4	0	10	8	11	5	11	11	8	1	9	17	
1136_A/tiger/Yunnan/tig14 10	10	8	8	8	7	3	10	5	11	0	0	7	3	1	0	2	5	6	0	0	3	5	0	1	13	6	0	4	1	6	2	15	13	21	15	9	5	9	8	19	7	12	8	7	2	6	8	4	11	10	8	4	0	10	7	9	6	10	12	7	1	10	17	
1137_A/tiger/Yunnan/tig15 11	6	9	8	7	8	2	10	5	12	0	0	9	3	1	0	2	5	5	0	1	2	5	0	1	12	6	1	2	3	4	1	15	14	21	15	6	5	10	9	20	7	11	8	9	4	7	9	6	11	9	8	4	0	11	6	7	5	9	12	8	0	11	18	
1138_A/tundra_swan/Fujian 11	9	8	8	7	7	8	11	2	12	0	0	9	2	1	0	2	6	4	0	0	5	3	1	0	8	8	1	7	4	6	1	12	14	23	14	12	7	13	10	14	7	8	10	9	3	9	5	10	9	9	9	4	3	11	7	11	3	8	10	6	3	14	17	
1139_A/turtle_dove/Guangd 11	8	9	8	8	7	2	10	6	13	0	0	7	1	1	0	2	6	4	0	0	4	6	1	0	12	7	0	3	1	5	1	10	13	25	14	10	5	8	8	15	9	12	9	8	1	6	7	8	12	10	7	4	1	10	9	8	6	9	13	9	1	9	16	
1140_A/turtle_dove/Hunan/ 12	7	9	8	6	8	2	10	5	13	0	0	9	1	1	0	2	5	5	0	1	2	6	0	1	12	6	1	2	3	5	1	14	14	20	15	6	3	9	9	19	9	12	6	9	3	6	10	7	12	11	10	4	1	10	5	8	4	10	12	7	1	10	17	
1141_A/whooper_swan/Henan 11	9	9	8	7	7	6	11	2	12	0	0	8	2	1	0	2	6	5	0	0	5	4	1	0	8	8	0	7	4	6	1	12	13	25	14	12	8	11	10	16	7	7	11	9	3	10	4	9	10	9	9	4	2	11	7	10	2	9	10	6	3	13	18	
1142_A/whooper_swan/Henan 11	9	9	8	7	7	6	11	2	12	0	0	8	2	1	0	2	6	5	0	0	5	4	1	0	8	8	0	7	4	6	1	12	13	25	14	12	8	11	10	16	7	7	11	9	3	10	4	9	10	9	9	4	2	11	7	10	2	9	10	6	3	13	18	
1143_A/whooper_swan/Henan 11	9	9	8	7	7	6	11	2	12	0	0	8	2	1	0	2	6	5	0	0	5	4	1	0	8	8	0	7	4	6	1	12	13	25	14	12	8	11	10	16	7	7	11	9	3	10	4	9	10	9	9	4	2	11	7	10	2	9	10	6	3	13	18	
1144_A/whooper_swan/Henan 11	9	9	8	7	7	6	11	2	12	0	0	8	2	1	0	2	6	5	0	0	5	4	1	0	8	8	0	7	4	6	1	12	13	25	14	12	8	11	10	16	7	7	11	9	3	10	4	9	10	9	9	4	2	11	7	10	2	9	10	6	3	13	18	
1145_A/whooper_swan/Henan 11	9	9	8	7	7	6	11	2	12	0	0	8	2	1	0	2	6	5	0	0	5	4	1	0	8	8	0	7	4	6	1	12	13	25	14	12	8	11	10	16	7	7	11	9	3	10	4	9	10	9	9	4	2	11	7	10	2	9	10	6	3	13	18	
1146_A/whooper_swan/Henan 11	9	9	8	7	7	6	11	2	12	0	0	8	2	1	0	2	6	5	0	0	5	4	1	0	8	8	0	7	4	6	1	12	13	25	14	12	8	11	10	15	8	7	11	9	3	10	4	9	10	9	9	4	2	11	7	10	2	9	10	6	3	13	18	
1147_A/whooper_swan/Henan 9	10	10	7	9	6	1	11	5	11	0	0	7	3	1	0	1	4	6	0	1	4	5	0	1	12	6	0	4	2	6	2	14	14	20	15	8	6	9	8	17	6	12	6	9	2	7	9	5	10	10	7	5	1	10	8	11	5	9	11	6	1	12	18	
1148_A/whooper_swan/Henan 9	10	10	7	9	6	1	11	5	11	0	0	7	3	1	0	1	4	6	0	1	4	5	0	1	12	6	0	4	2	6	2	14	14	20	15	8	6	9	8	17	6	12	6	9	2	7	9	5	10	10	7	5	1	10	8	11	5	9	11	6	1	12	18	
1149_A/whooper_swan/Henan 9	10	10	7	9	6	1	11	5	11	0	0	7	3	1	0	1	4	6	0	1	4	5	0	1	12	6	0	4	2	6	2	14	14	20	15	8	6	9	8	17	6	12	6	9	2	7	9	5	10	10	7	5	1	10	8	11	5	9	11	6	1	12	18	
1150_A/whooper_swan/Henan 9	10	10	7	9	6	1	11	5	11	0	0	7	3	1	0	1	4	6	0	1	4	5	0	1	12	6	0	4	2	6	2	14	14	20	15	8	6	9	8	17	6	12	6	9	2	7	9	5	10	10	7	5	1	10	8	11	5	9	11	6	1	12	18	
1151_A/whooper_swan/Shanx 11	9	9	8	7	7	6	11	2	12	0	0	8	2	1	0	2	6	5	0	0	5	4	1	0	8	8	0	7	4	6	1	12	13	25	14	12	8	11	10	16	7	7	11	9	3	10	4	9	10	9	9	4	2	11	7	10	2	9	10	6	3	13	18	
1152_A/whooper_swan/Shanx 11	9	9	8	7	7	6	11	2	12	0	0	8	2	1	0	2	6	5	0	0	5	4	1	0	8	8	0	7	4	6	1	12	13	25	14	12	8	11	10	16	7	7	11	9	3	10	4	9	10	9	10	4	2	11	6	10	2	9	10	6	3	13	18	
1153_A/wild_duck/Fujian/1 10	8	8	8	8	8	2	10	5	11	0	0	7	3	1	0	2	5	6	0	0	3	6	0	1	13	6	0	4	1	6	2	16	13	22	15	7	5	9	8	17	7	11	6	7	2	7	10	4	12	11	7	5	0	9	8	13	4	10	12	6	1	10	17	
1154_A/wild_duck/Fujian/2 10	9	8	8	8	7	2	10	5	11	0	0	7	3	1	0	2	5	6	0	0	3	6	0	1	13	6	0	4	1	6	2	16	13	22	15	7	5	9	8	17	7	12	7	7	2	6	9	4	12	9	8	5	0	10	7	13	4	10	12	6	1	11	17	
1155_A/wild_duck/Hebei/SD 11	9	8	8	7	7	8	11	3	12	1	0	8	2	0	0	2	6	4	0	0	5	3	1	0	8	8	0	7	4	6	1	13	11	24	14	12	9	13	9	16	7	9	10	8	3	9	5	9	10	9	10	4	2	11	6	10	4	8	10	6	3	13	18	
1156_A/wild_duck/Jilin/HF 11	7	8	8	7	9	3	11	6	12	0	0	6	2	1	0	2	6	5	0	0	2	5	0	1	12	6	1	3	3	6	1	13	13	23	13	7	4	8	9	18	8	14	7	9	3	4	9	6	11	8	9	5	1	12	6	8	5	10	13	9	0	10	16	
1157_A/wild_duck/Jilin/ZF 11	9	8	8	8	6	3	10	6	12	0	0	5	3	1	0	2	6	6	0	0	2	4	0	1	13	6	1	3	2	6	1	16	12	24	11	6	5	8	9	17	9	12	6	9	1	6	10	6	10	8	11	5	2	12	5	9	5	10	13	8	1	10	16	
1158_A/wild_duck/Shandong 10	8	8	9	8	8	3	10	7	13	0	0	7	1	1	0	1	7	4	0	1	3	5	0	0	10	6	0	3	3	6	2	8	14	23	11	12	4	5	13	14	7	13	8	7	1	6	7	8	11	11	10	4	2	10	7	7	6	10	13	13	0	11	15	
1159_A/wild_duck/Shandong 11	9	9	8	7	7	2	10	5	11	1	0	7	3	0	0	2	6	5	0	1	2	5	0	2	13	6	1	2	2	6	1	13	12	23	14	7	5	7	9	18	9	12	5	9	1	6	11	7	11	8	9	4	1	12	6	9	5	11	13	8	1	9	16	
1160_A/wild_duck/Shandong 11	9	9	8	7	7	2	10	7	12	0	0	7	2	1	0	2	5	4	0	0	4	6	1	0	11	7	0	3	2	5	1	12	13	23	15	9	5	8	8	15	9	12	9	9	1	6	7	6	11	11	8	4	1	10	8	10	5	10	12	8	1	10	16	
1161_A/Xinjiang/1/2006|EP 11	8	9	9	7	7	3	9	6	13	0	0	8	1	1	0	2	7	4	0	0	3	4	2	0	11	7	0	3	2	5	1	9	12	22	15	12	6	6	11	14	9	12	8	8	1	7	7	8	11	12	8	4	2	10	8	10	5	8	13	8	1	10	15	
1162_A/Xinjiang/1/2009|EP 10	8	9	7	8	7	2	11	6	13	0	0	6	1	1	0	2	6	6	0	0	4	4	1	3	13	7	0	2	0	6	1	11	12	21	15	8	6	10	8	17	8	13	9	8	1	6	6	7	13	8	8	4	1	11	7	12	5	9	17	6	1	11	12	
1163_A/Zhejiang/1/2006|EP 11	7	9	8	7	7	2	10	7	14	0	0	7	1	1	0	2	6	4	0	0	4	6	1	0	12	7	0	3	1	5	1	11	13	24	15	9	5	7	8	16	9	12	11	8	1	6	5	8	12	10	7	4	1	11	9	8	5	9	13	9	1	10	15	
1164_A/Anas_platyrhynchos 11	9	10	8	7	7	5	11	3	15	1	0	7	1	0	0	2	6	4	2	0	5	4	1	0	7	7	1	6	4	6	1	12	12	23	14	12	9	12	10	17	8	7	11	10	3	10	4	8	10	9	10	4	2	10	7	10	2	9	9	6	3	13	18	
1165_A/Anhui/1/2006_H5N1| 10	8	8	8	8	7	3	9	7	12	1	0	8	1	0	0	2	7	4	0	1	4	6	1	0	11	7	0	3	1	4	2	13	12	21	14	5	4	6	11	10	9	14	9	8	1	5	5	7	9	11	7	5	3	10	8	10	5	10	12	9	1	9	15	
1166_A/Anhui/1/2007_H5N1| 11	8	10	8	7	7	2	10	7	12	0	0	7	2	1	0	2	6	2	0	0	4	7	1	0	12	7	0	3	1	5	1	13	13	21	14	8	6	8	9	15	9	12	10	8	1	6	6	8	13	11	7	3	1	10	9	9	5	10	12	9	1	10	15	
1167_A/Anhui/2/2005_H5N1| 9	8	9	8	9	7	2	10	7	13	0	0	7	1	1	0	2	6	4	0	0	4	6	1	0	12	7	0	3	1	5	1	11	12	24	15	9	5	8	8	15	9	12	10	8	1	6	6	8	13	10	8	4	1	10	8	9	5	9	12	9	1	11	15	
1168_A/Anser_cygnoides/Ch 10	9	8	8	8	7	3	10	6	11	0	0	6	3	1	0	2	5	6	0	0	3	5	0	1	12	5	1	4	2	6	2	16	13	19	14	8	5	11	9	19	7	12	7	6	2	6	9	4	12	10	7	4	0	10	8	11	5	11	11	8	1	9	17	
1169_A/Anser_fabalis/jiuj 11	10	10	8	7	7	5	11	3	13	0	0	7	1	1	0	2	5	4	1	0	5	4	1	1	7	7	0	7	4	7	1	12	13	23	14	11	7	13	10	16	9	7	11	9	3	10	4	9	10	9	9	4	2	11	7	10	2	9	10	6	3	13	18	
1170_A/Anser_fabalis/jiuj 11	9	10	8	7	7	5	11	3	15	1	0	7	1	0	0	2	6	4	2	0	5	4	1	0	7	7	1	6	4	6	1	12	12	23	14	12	9	12	10	17	8	7	11	10	3	10	4	8	10	9	10	4	2	10	7	10	2	9	9	6	3	13	18	
1171_A/Anser_fabalis/jiuj 11	9	10	8	7	7	5	11	3	15	1	0	7	1	0	0	2	6	4	2	0	5	4	1	0	7	7	1	6	4	6	1	12	12	23	14	12	9	12	10	17	8	7	11	10	3	10	4	8	10	9	10	4	2	10	7	10	2	9	9	6	3	13	18	
1172_A/Duck/Jiangxi/631/2 11	10	10	8	7	6	5	11	3	13	0	0	7	1	1	0	2	6	4	1	0	5	4	1	0	7	8	0	7	4	6	1	12	14	24	15	11	7	12	10	17	8	7	11	9	3	10	4	9	10	8	8	4	2	11	8	9	2	9	10	7	3	13	18	
1173_A/Guangdong/1/2008_H 10	8	9	9	7	8	2	9	7	13	0	0	7	0	1	0	2	6	4	0	0	4	6	1	0	12	7	0	3	1	5	1	11	12	25	12	9	5	7	11	16	9	12	10	7	1	6	6	9	11	12	8	4	2	10	7	9	5	10	12	9	1	10	15	
1174_A/Guangdong/2/2006_H 11	8	9	9	7	7	2	9	6	12	0	0	5	2	1	0	2	6	5	0	0	2	5	0	1	14	6	0	5	1	6	2	13	11	23	15	9	6	8	8	15	9	12	9	9	1	6	7	6	12	10	7	4	1	11	8	11	5	10	13	7	1	9	16	
1175_A/Guangxi/1/2005_H5N 11	8	9	8	7	7	2	10	6	13	0	0	8	1	1	0	2	6	5	0	0	4	5	1	1	12	6	0	2	1	7	1	11	14	24	15	9	5	9	7	16	8	12	10	8	1	6	5	6	12	10	7	4	1	10	9	11	5	9	15	8	1	10	13	
1176_A/Guangxi/1/2008_H5N 10	6	8	8	8	10	3	10	5	12	1	0	8	1	0	0	2	7	5	0	0	3	5	1	0	11	8	0	4	2	4	2	12	11	21	18	10	5	8	9	16	8	12	10	8	1	7	4	8	10	10	10	3	2	11	8	10	5	10	10	8	1	10	15	
1177_A/Guizhou/1/2009_H5N 11	8	8	7	7	7	3	11	4	12	0	0	6	2	1	0	2	6	4	0	0	4	6	1	3	12	7	0	4	1	5	1	11	13	22	15	8	7	9	8	16	8	13	10	8	1	5	7	6	11	10	9	4	1	11	7	11	5	9	14	8	2	10	13	
1178_A/Hunan/1/2008_H5N1| 10	9	8	9	8	7	3	9	7	13	1	0	8	1	0	0	2	6	5	0	0	3	5	1	0	12	7	0	3	2	5	2	12	10	24	13	9	6	5	12	12	9	12	10	9	1	6	5	9	10	11	7	4	2	10	10	10	6	11	10	9	0	9	16	
1179_A/Hunan/2/2009_H5N1| 11	8	8	7	7	7	3	11	5	12	0	0	6	2	1	0	2	6	5	0	0	4	5	1	2	12	7	0	4	1	5	1	11	13	22	15	9	6	9	8	16	8	12	10	8	1	6	7	5	11	10	9	5	0	11	7	10	6	9	15	9	2	10	12	
1180_A/Japanese_white-eye 10	9	10	6	8	7	1	12	5	12	0	0	7	2	1	0	2	5	5	0	0	3	6	0	1	13	6	0	4	1	6	2	15	13	21	15	7	5	9	8	19	7	12	6	7	2	7	9	5	11	10	9	5	1	10	7	12	5	10	12	5	1	10	16	
1181_A/Nanjing/1/2015_H5N 11	7	9	8	7	8	2	10	5	13	0	0	9	1	1	0	2	5	5	0	1	2	6	0	1	12	6	1	2	3	5	1	14	14	22	15	7	4	8	9	18	7	12	6	10	4	6	10	6	11	9	8	4	1	11	6	7	5	10	12	9	0	10	18	
1182_A/Shandong/1/2009_H5 10	8	9	9	8	7	2	9	6	14	0	0	7	0	1	0	2	6	5	0	0	4	5	1	1	12	7	0	3	1	5	1	9	14	23	15	9	4	9	8	16	9	12	10	7	1	6	6	9	12	12	7	4	1	10	8	9	5	9	12	9	1	11	15	
1183_A/Spatula_querquedul 11	9	9	8	7	7	6	11	2	12	0	0	8	2	1	0	2	6	5	0	0	5	4	1	0	8	7	0	7	4	6	1	12	13	24	14	12	8	12	10	16	7	8	11	9	3	10	4	9	10	9	9	4	2	11	7	10	2	8	10	6	3	14	18	
1184_A/Wild_bird/Huadong/ 11	7	9	8	7	8	2	10	5	13	0	0	9	1	1	0	2	5	5	0	1	2	6	0	1	12	6	1	1	3	5	1	14	14	20	15	7	4	9	10	18	8	12	6	11	2	6	10	6	11	9	8	4	1	11	6	7	5	9	12	8	1	12	18	
1185_A/Wild_bird/Huadong/ 10	9	10	6	8	7	1	12	6	14	0	0	7	0	1	0	1	4	6	0	0	4	5	0	1	12	6	0	4	2	6	2	16	13	18	15	6	6	9	9	17	7	13	6	7	2	7	8	6	8	10	8	6	2	11	7	12	5	9	12	6	1	12	17	
1186_A/Wild_bird/Huadong/ 9	9	9	7	9	7	2	11	5	12	0	0	7	2	1	0	2	5	6	0	0	3	5	0	1	13	5	0	4	1	7	2	15	13	21	16	8	5	9	8	18	7	12	6	7	2	7	9	5	10	9	6	5	1	10	8	12	5	9	12	6	1	12	17	
1187_A/Xinjiang/1/2009_H5 10	8	9	7	8	7	2	11	6	13	0	0	6	1	1	0	2	6	6	0	0	4	4	1	3	13	7	0	2	0	6	1	11	12	21	15	8	6	10	8	17	8	13	9	8	1	6	6	7	13	8	8	4	1	11	7	12	5	9	17	6	1	11	12	
1188_A/avian/Hong_Kong/07 10	5	8	8	8	10	3	10	6	13	1	0	7	1	0	0	2	7	4	0	0	3	5	1	0	12	8	0	4	1	5	2	12	11	23	16	9	5	7	10	15	9	12	10	8	1	7	4	8	10	10	8	4	2	11	9	9	5	9	10	9	1	11	16	
1189_A/avian/Hong_Kong/19 10	5	8	8	8	10	3	10	6	13	1	0	7	1	0	0	2	7	4	0	0	3	5	1	0	12	8	0	4	1	5	2	12	11	23	16	9	5	7	10	15	9	12	10	8	1	7	4	8	10	10	8	4	2	11	9	9	5	9	10	9	1	11	16	
1190_A/avian/Hong_Kong/23 10	5	8	8	8	10	3	10	6	13	1	0	7	1	0	0	2	7	4	0	0	3	5	1	0	12	8	0	4	1	5	2	12	11	23	16	9	5	7	10	15	9	12	10	8	1	7	4	8	10	11	8	4	2	10	9	9	5	9	10	9	1	11	16	
1191_A/bar-headed_goose/Q 11	8	9	10	7	7	3	8	5	13	0	0	8	1	1	0	2	7	4	0	0	3	4	2	0	11	7	0	4	2	5	1	9	12	22	15	12	6	6	11	15	9	12	10	8	1	7	5	6	10	11	9	5	3	10	8	9	5	8	12	8	1	11	16	
1192_A/bar-headed_goose/T 11	8	9	10	7	7	3	8	4	13	0	0	9	1	1	0	2	7	5	0	0	3	3	2	1	11	7	0	3	2	5	1	9	12	22	15	12	6	6	11	14	9	12	10	8	1	7	5	7	12	11	7	5	1	10	9	10	5	8	13	8	1	11	15	
1193_A/brown-headed_gull/ 11	9	9	8	7	7	2	10	6	12	0	0	6	2	1	0	2	6	6	0	0	2	4	0	1	13	6	0	3	2	6	2	12	14	23	14	7	4	9	9	18	9	12	6	9	1	6	10	6	10	8	10	5	1	11	6	10	6	10	12	7	1	9	17	
1194_A/brown-headed_gull/ 10	9	9	9	7	7	2	10	6	12	0	0	6	2	1	0	2	6	6	0	0	2	4	0	1	13	6	0	3	2	6	2	13	13	24	14	7	4	7	9	18	9	12	6	9	2	6	10	6	11	8	9	5	1	12	6	10	6	10	12	7	0	9	17	
1195_A/chicken/China/Cang 11	9	10	8	7	7	5	11	3	13	0	0	6	1	1	0	2	6	4	1	0	5	4	1	0	7	8	0	8	4	6	1	12	13	24	14	11	8	12	10	17	8	7	10	9	3	10	5	9	9	9	8	4	3	11	8	10	2	9	10	6	3	13	18	
1196_A/chicken/China/E93/ 10	8	8	9	8	8	3	10	7	13	0	0	6	1	1	0	1	6	4	0	1	4	5	0	0	10	6	0	4	3	6	2	8	15	23	11	12	4	6	12	14	7	13	9	8	1	7	5	8	10	12	10	4	2	9	7	7	6	10	13	12	0	11	15	
1197_A/chicken/China/E96/ 10	8	8	9	8	8	3	10	7	12	0	0	7	2	1	0	1	6	4	0	1	4	5	0	0	10	6	0	3	3	6	2	8	15	23	11	12	4	5	13	14	7	13	9	8	1	7	5	8	10	12	10	4	2	9	7	8	6	10	12	12	0	11	15	
1198_A/chicken/Eastern_Ch 8	6	7	9	9	9	3	9	6	13	0	0	7	1	1	0	3	9	4	0	0	3	5	0	1	11	6	0	4	1	5	3	13	11	23	18	11	5	7	8	14	7	14	11	8	1	6	4	6	8	12	10	3	4	10	8	8	6	9	11	10	1	12	13	
1199_A/chicken/Eastern_Ch 8	6	7	9	9	9	3	9	6	13	0	0	8	1	1	0	3	9	4	0	0	3	5	0	1	11	6	0	4	1	5	3	13	11	23	18	12	5	7	7	14	7	14	11	7	2	6	3	6	8	12	10	3	5	10	7	8	6	9	11	10	1	12	13	
1200_A/chicken/Fujian/1/2 10	6	9	9	8	9	3	9	6	13	0	0	6	1	1	0	2	7	4	0	0	3	5	1	1	12	7	0	4	1	4	2	12	12	22	17	10	5	7	9	15	8	13	10	8	1	6	5	7	10	10	10	4	2	11	8	9	5	10	10	10	1	10	15	
1201_A/chicken/Gansu/5/20 11	8	8	9	7	8	4	10	8	13	0	0	6	1	1	0	1	5	4	0	1	4	4	0	0	11	6	0	3	3	6	2	8	15	23	11	12	4	5	13	14	7	13	7	7	1	7	7	8	10	11	10	4	2	10	7	6	6	10	13	14	0	11	15	
1202_A/chicken/Gansu/6/20 11	8	8	9	7	8	4	10	8	13	0	0	6	1	1	0	1	5	4	0	1	4	4	0	0	11	6	0	3	3	6	2	8	15	23	11	12	4	5	13	14	7	13	7	7	1	7	7	8	10	11	10	4	2	10	7	6	6	10	13	14	0	11	15	
1203_A/chicken/Guangdong/ 11	8	9	9	7	6	2	9	5	13	0	0	8	2	1	0	2	6	4	0	0	4	6	1	1	10	7	0	3	2	5	1	9	15	24	16	11	4	5	10	14	9	11	8	8	1	8	6	8	9	11	9	4	4	10	8	10	5	8	11	9	1	11	16	
1204_A/chicken/Guangxi/S2 11	8	9	8	7	7	2	10	4	11	0	0	8	3	1	0	2	6	5	0	0	3	6	0	1	13	6	0	4	1	6	2	14	13	22	15	8	5	8	8	15	8	11	7	8	2	7	9	5	12	10	7	5	0	10	8	13	5	10	13	6	1	10	16	
1205_A/chicken/Guizhou/7/ 11	8	10	7	7	7	2	11	6	12	0	0	6	2	1	0	2	6	4	0	0	4	6	2	1	12	6	0	4	1	6	1	11	12	22	14	9	6	8	9	18	8	12	11	8	1	6	6	6	12	9	8	4	1	12	7	10	5	9	12	8	1	10	14	
1206_A/chicken/Hebei/A-8/ 11	9	9	9	7	7	2	10	7	12	0	0	8	2	1	0	1	5	4	0	1	4	5	1	0	10	7	0	3	3	5	1	8	15	23	11	11	4	5	14	13	10	12	8	7	1	8	6	7	11	12	5	5	1	10	10	10	6	9	13	10	0	11	15	
1207_A/chicken/Henan/A-7/ 10	8	9	9	8	7	3	9	6	14	0	0	9	1	1	0	2	6	4	0	0	4	4	2	1	8	7	0	2	4	5	1	9	14	21	11	11	4	7	14	13	10	13	11	8	1	7	3	7	11	12	8	5	2	9	9	10	5	8	11	8	1	11	17	
1208_A/chicken/Huadong/4/ 11	8	9	9	7	7	2	10	7	12	0	0	8	2	1	0	1	6	4	0	1	4	5	1	1	10	7	0	2	3	5	1	8	14	23	11	12	4	6	13	14	9	11	8	7	1	9	6	8	11	11	7	4	2	10	9	10	5	9	14	10	0	11	14	
1209_A/chicken/Hubei/2856 10	7	9	8	8	8	2	10	7	13	0	0	7	1	1	0	2	7	5	1	0	3	5	0	0	11	7	0	3	2	5	1	11	12	25	15	9	4	8	9	16	8	12	11	8	1	6	5	8	13	9	7	4	1	10	9	8	5	10	13	10	1	10	14	
1210_A/chicken/Hunan/1793 11	8	8	10	7	7	3	8	8	13	1	0	8	1	0	0	2	7	4	0	0	3	6	1	0	12	7	0	3	2	5	2	12	11	24	14	9	5	5	11	13	9	12	11	8	1	6	4	8	11	11	7	4	2	10	9	9	5	11	10	10	0	9	17	
1211_A/chicken/Hunan/21/2 11	8	10	8	7	7	2	10	7	12	0	0	7	1	1	0	2	6	4	0	0	4	6	1	0	13	7	0	3	1	5	1	11	14	22	15	9	5	9	7	15	9	10	10	8	1	8	6	8	12	10	7	4	1	10	9	9	5	9	12	9	1	10	16	
1212_A/chicken/Hunan/3/20 11	8	9	8	8	6	2	10	6	12	0	0	6	2	1	0	2	6	5	0	0	2	5	0	1	13	6	0	3	2	6	2	13	13	23	15	7	4	8	8	17	9	12	7	10	1	6	9	6	12	8	9	5	1	12	6	10	5	10	12	7	1	10	17	
1213_A/chicken/Hunan/3157 11	8	9	8	8	7	2	10	6	13	0	0	7	1	1	0	2	6	4	0	0	4	6	1	0	12	7	0	3	1	5	1	11	13	25	15	9	5	7	8	15	8	13	10	8	1	5	6	8	12	10	8	4	1	10	8	8	7	8	13	9	1	11	15	
1214_A/chicken/Hunan/8/20 10	8	9	8	8	7	2	10	7	12	0	0	6	2	1	0	2	6	4	0	0	2	5	0	0	13	6	0	3	2	7	2	13	12	23	15	7	4	8	7	17	9	12	8	8	1	5	9	6	13	8	9	5	1	12	7	11	5	11	12	8	1	10	16	
1215_A/chicken/Jiangsu/18 11	7	10	9	7	8	2	10	7	12	0	0	8	2	1	0	1	6	4	0	1	4	5	1	1	10	7	0	2	3	5	1	8	14	22	11	12	4	5	14	14	9	12	8	7	1	8	6	8	11	11	7	4	2	10	9	10	5	10	13	10	0	10	15	
1216_A/chicken/Jiangsu/24 9	9	10	7	9	7	1	11	5	13	0	0	7	1	1	0	2	4	6	0	0	4	5	0	1	12	6	0	4	2	6	2	15	13	21	15	7	6	9	8	18	7	12	6	7	2	7	9	5	10	9	7	5	1	10	8	12	5	9	12	6	1	12	17	
1217_A/chicken/Jiangsu/92 10	9	10	7	8	7	1	11	6	13	0	0	7	1	1	0	2	5	6	0	0	3	5	0	0	13	6	0	4	1	7	1	15	13	20	14	6	5	9	9	19	7	12	7	7	2	7	8	5	12	10	10	5	1	10	7	13	5	10	12	5	1	10	15	
1218_A/chicken/Jiangsu/YB 11	7	9	8	7	8	2	10	5	13	0	0	9	1	1	0	3	5	5	0	0	2	6	0	1	12	6	1	2	3	5	1	14	14	21	16	7	5	9	8	18	7	12	6	10	3	6	10	6	11	9	8	4	1	11	6	7	5	10	12	9	0	10	18	
1219_A/chicken/Jiangsu/k0 9	9	9	8	8	7	2	10	5	12	0	0	6	2	1	0	3	6	5	0	0	1	6	0	2	13	6	0	3	2	6	2	13	13	24	15	7	4	7	8	17	9	12	6	9	1	6	10	6	11	8	9	5	1	12	7	10	5	11	11	8	1	9	17	
1220_A/chicken/Jiangxi/25 11	9	9	8	7	8	2	10	5	10	0	0	7	4	1	0	2	5	5	0	0	2	6	0	1	13	6	0	4	1	6	2	15	13	21	15	8	5	9	8	17	7	11	7	8	2	7	10	4	12	10	7	5	0	10	8	12	5	10	12	6	1	10	16	
1221_A/chicken/Liaoning/2 11	8	9	9	7	7	3	9	6	13	0	0	7	1	1	0	2	7	4	0	0	3	4	2	0	11	7	0	3	2	5	1	9	12	22	15	12	6	6	11	14	9	12	8	9	1	7	7	8	11	11	8	4	2	10	8	10	5	8	13	8	1	11	15	
1222_A/chicken/Liaoning/A 11	9	9	9	7	6	3	9	6	14	0	0	9	1	1	0	2	6	5	0	0	4	4	2	1	9	6	0	2	3	6	0	10	14	19	12	10	4	8	13	14	9	14	9	9	1	8	6	7	12	12	8	5	1	9	9	8	5	7	12	9	1	11	15	
1223_A/chicken/Liaoning/S 10	8	8	9	8	8	3	10	8	13	0	0	6	1	1	0	1	6	4	0	1	4	5	0	0	10	6	0	3	3	6	2	8	15	23	11	12	4	5	13	13	7	13	8	8	1	7	6	8	10	11	10	4	2	10	7	7	6	10	12	13	0	11	16	
1224_A/chicken/Ningxia/2/ 11	8	8	9	7	8	4	10	8	13	0	0	6	1	1	0	1	5	4	0	1	4	4	0	0	11	6	0	3	3	6	2	8	15	23	11	12	4	5	13	14	7	13	7	7	1	7	7	8	10	11	10	4	2	10	7	6	6	10	13	14	0	11	15	
1225_A/chicken/Ningxia/22 11	8	8	9	6	8	4	10	8	13	0	0	6	1	1	0	1	5	4	0	1	4	4	0	0	11	6	0	3	3	6	2	8	15	23	11	12	4	5	13	14	7	13	7	7	1	7	7	8	10	11	10	5	2	10	7	6	6	10	13	14	0	11	15	
1226_A/chicken/Ningxia/24 11	8	9	9	7	6	3	9	6	14	0	0	9	1	1	0	2	6	4	0	0	5	4	2	1	9	7	0	2	3	5	1	9	14	21	12	12	4	7	13	13	10	14	11	8	1	6	3	7	11	12	9	4	2	9	8	8	5	8	12	10	1	11	16	
1227_A/chicken/North_Chin 9	6	7	9	9	9	3	9	6	13	1	0	7	1	0	0	2	9	4	0	0	3	5	0	0	12	7	0	4	1	4	3	12	11	23	18	11	5	7	8	14	8	13	11	9	1	6	4	7	9	12	10	3	3	10	8	11	5	9	12	7	1	11	13	
1228_A/chicken/Shandong/A 9	9	9	9	8	7	3	9	7	14	0	0	8	0	1	0	2	7	5	0	1	4	4	2	1	8	6	0	3	3	6	1	9	13	18	14	10	4	8	10	14	10	13	11	8	1	7	5	7	12	14	8	5	1	9	9	11	5	10	11	8	1	8	15	
1229_A/chicken/Shantou/37 10	8	9	9	7	7	2	9	7	13	0	0	7	1	1	0	2	6	4	0	0	4	5	2	0	11	7	0	3	2	5	1	9	13	23	14	13	3	6	11	14	9	12	8	8	1	8	6	8	11	11	8	3	3	10	9	10	5	9	13	9	1	10	15	
1230_A/chicken/Shanxi/10/ 8	11	10	9	6	6	3	9	6	14	1	0	9	1	0	0	2	6	4	1	0	4	4	2	1	9	7	0	2	3	6	1	9	14	21	13	12	4	7	13	13	10	12	10	9	1	8	5	7	11	12	7	4	2	9	8	10	5	8	12	8	1	11	14	
1231_A/chicken/Sheny/0606 10	9	9	9	8	6	3	9	6	14	0	0	8	1	1	0	2	6	5	0	0	4	3	2	1	10	7	0	3	2	5	0	10	14	21	12	11	5	7	13	13	10	12	10	10	1	9	5	6	13	12	8	4	0	9	9	9	4	7	12	7	2	11	15	
1232_A/chicken/Sichuan/81 11	8	9	8	7	7	2	10	7	13	0	0	7	1	1	0	2	6	4	0	0	4	6	1	0	12	7	0	3	1	5	1	11	13	24	15	9	5	8	8	15	9	12	10	8	1	6	6	7	12	10	7	5	1	10	9	9	5	9	13	9	1	10	15	
1233_A/chicken/Wuhan/HAQL 11	7	9	8	7	8	2	10	5	13	0	0	9	1	1	0	2	5	5	0	1	2	6	0	1	12	6	1	2	3	5	1	14	14	21	16	7	4	9	8	18	7	12	6	10	4	6	10	6	11	9	8	4	1	11	6	7	5	10	12	9	0	10	18	
1234_A/chicken/Wuhan/HAQL 11	7	9	8	7	8	2	10	5	13	0	0	9	1	1	0	2	5	5	0	1	2	6	0	1	12	6	1	2	3	5	1	14	14	21	16	7	4	9	8	18	7	12	6	10	4	6	10	6	11	9	8	4	1	11	6	7	5	10	12	9	0	10	18	
1235_A/chicken/Wuxi/WX-32 10	9	10	7	8	7	1	11	4	12	0	0	7	2	1	0	2	5	4	0	0	3	7	0	2	13	7	0	4	1	5	2	15	12	22	15	6	5	9	7	19	7	12	7	7	2	7	8	5	12	10	9	5	1	10	8	13	5	10	11	5	1	10	16	
1236_A/chicken/Wuxi/WX-33 10	9	10	7	8	7	1	11	5	12	0	0	7	2	1	0	2	5	4	0	0	3	7	0	1	13	6	0	4	1	6	2	15	12	21	15	6	5	9	8	19	7	12	7	7	2	7	8	5	12	11	9	5	1	9	8	13	5	10	12	5	1	10	15	
1237_A/chicken/Xinjiang/1 11	8	9	8	8	6	2	11	6	13	0	0	8	1	1	0	2	5	3	0	0	5	6	1	0	10	7	0	3	3	5	1	8	14	22	12	12	4	6	13	14	9	13	8	8	1	7	6	7	11	10	8	5	2	11	9	10	5	9	12	9	1	10	16	
1238_A/chicken/Xinjiang/2 10	8	10	8	7	7	2	10	7	13	1	0	6	1	0	0	3	6	3	0	0	4	6	2	0	10	7	0	3	3	4	1	9	14	19	12	12	4	8	13	14	10	12	8	8	0	9	6	7	11	11	9	5	2	10	9	9	5	8	13	10	1	11	14	
1239_A/chicken/Xinjiang/5 10	8	9	8	7	7	2	10	7	13	0	0	6	1	1	0	3	6	3	0	0	4	6	2	0	10	8	0	3	3	4	1	9	14	20	12	12	4	8	13	14	10	11	8	8	0	9	6	8	11	11	8	5	2	10	9	9	5	8	13	9	1	11	15	
1240_A/chicken/Xinjiang/5 12	7	9	8	8	6	2	10	6	13	0	0	8	1	1	0	2	6	3	1	0	5	6	2	0	10	7	0	3	3	5	1	8	12	22	12	12	5	6	13	14	9	12	8	8	1	8	6	7	11	11	8	5	2	10	8	10	5	9	13	9	1	10	15	
1241_A/chicken/Xinjiang/6 10	8	9	8	7	7	2	10	7	13	0	0	6	1	1	0	3	6	3	0	0	4	6	2	0	10	8	0	3	3	4	1	9	14	20	12	12	4	8	13	14	10	11	9	8	0	9	6	8	11	11	8	5	2	10	9	9	5	8	12	9	1	11	15	
1242_A/chicken/Xinjiang/6 11	8	9	8	8	6	2	10	7	13	0	0	7	1	1	0	2	5	4	0	0	5	5	2	0	10	7	0	3	3	5	1	8	14	22	12	12	5	6	12	14	9	10	10	8	1	8	6	7	11	11	8	5	2	10	9	10	5	9	13	9	1	10	15	
1243_A/chicken/Yunnan/1/2 10	9	8	8	8	7	3	10	6	11	0	0	6	3	1	0	2	5	6	0	0	3	5	0	1	12	6	0	4	2	6	2	16	13	19	14	8	5	11	9	19	7	12	7	6	3	5	9	4	12	10	7	4	0	10	8	11	5	11	11	8	1	9	17	
1244_A/chicken/Yunnan/207 11	6	9	10	7	8	2	8	7	12	0	0	7	3	1	0	2	6	5	0	0	4	5	1	0	11	7	0	3	2	5	1	9	14	23	14	12	4	6	11	14	9	11	8	8	1	8	6	9	11	12	7	2	2	10	9	9	5	8	12	10	1	11	16	
1245_A/chicken/Yunnan/568 11	7	9	10	7	8	2	8	7	12	0	0	7	2	1	0	2	6	5	0	0	4	5	1	0	11	7	0	3	2	5	1	9	14	23	14	12	4	6	11	14	9	11	8	8	1	8	6	8	11	11	8	3	2	10	9	10	5	8	12	9	1	11	16	
1246_A/chicken/Yunnan/679 11	7	9	10	7	8	2	8	7	12	0	0	6	2	1	0	2	6	5	0	0	4	5	1	0	11	7	0	4	2	5	1	9	14	23	14	12	4	6	11	14	9	11	8	8	1	8	6	8	11	11	7	3	2	10	10	10	5	7	12	9	1	12	16	
1247_A/chicken/Yunnan/688 11	6	9	10	7	8	2	8	7	12	0	0	7	3	1	0	2	6	5	0	0	4	5	1	0	11	7	0	3	2	5	1	9	14	23	14	12	4	6	11	14	9	11	8	8	1	8	6	8	11	11	8	3	2	10	9	10	5	8	12	9	1	11	16	
1248_A/condor/Guangdong/1 11	9	9	9	7	7	2	9	6	14	0	0	9	0	1	0	2	5	4	0	0	4	6	2	0	11	7	0	2	2	4	2	8	13	22	13	12	6	6	12	14	9	11	8	8	1	7	7	7	11	11	8	4	2	11	9	10	5	8	13	9	1	11	14	
1249_A/domestic_green-win 11	8	9	8	8	7	2	10	6	13	0	0	8	1	1	0	2	6	4	0	0	4	6	1	0	12	7	0	2	1	5	1	11	13	25	15	9	5	7	8	15	8	13	10	8	1	5	6	7	12	10	8	5	1	10	8	8	7	8	13	9	1	11	15	
1250_A/duck/Anhui/56/2005 10	7	8	9	8	8	3	9	7	13	1	0	8	1	0	0	2	7	4	0	0	4	6	2	0	12	7	0	3	1	5	2	12	12	23	13	9	5	6	11	12	9	13	9	9	1	6	5	8	10	11	7	4	2	10	9	10	5	11	11	9	1	9	16	
1251_A/duck/China/0935/20 10	9	10	7	8	7	1	11	5	13	0	0	8	1	1	0	2	4	7	0	0	5	5	0	1	11	6	0	3	2	6	2	15	14	20	14	6	6	9	9	16	7	12	6	10	2	8	8	5	8	9	7	6	2	10	8	13	5	9	12	4	1	12	17	
1252_A/duck/China/1033/20 10	9	10	7	8	7	1	10	5	13	0	0	8	1	1	0	2	4	7	0	0	5	5	0	1	11	6	0	3	2	6	2	15	14	20	14	6	6	9	10	16	7	12	6	10	2	8	8	5	8	9	7	6	2	10	8	13	5	9	12	4	1	12	17	
1253_A/duck/China/E26/201 11	10	8	8	7	7	3	10	5	10	0	0	7	3	1	0	3	6	5	0	1	2	5	0	2	13	6	1	1	2	6	1	11	13	22	14	8	4	8	9	18	9	11	5	9	1	7	11	7	11	9	9	4	1	11	6	7	5	12	12	11	1	8	17	
1254_A/duck/China/E53/201 11	8	8	8	7	8	3	10	5	11	0	0	6	3	1	0	2	6	4	0	0	3	6	0	1	13	6	1	4	1	6	1	13	13	23	15	10	4	8	8	16	7	12	7	8	2	6	9	4	11	11	7	6	0	9	8	11	5	11	14	8	1	10	15	
1255_A/duck/Eastern_China 10	6	8	9	8	9	3	9	6	13	1	0	6	1	0	0	2	8	4	0	0	3	5	1	1	12	7	0	4	1	4	2	11	11	22	18	10	5	7	9	15	9	13	10	8	0	6	5	8	10	10	10	4	2	11	8	9	5	10	11	10	1	10	14	
1256_A/duck/Eastern_China 11	8	9	7	7	7	2	11	5	12	0	0	6	2	1	0	2	5	5	0	0	2	5	0	2	14	6	0	3	2	6	2	13	11	23	16	8	4	8	7	18	9	12	8	9	1	6	8	6	13	9	9	3	3	11	6	9	5	10	13	8	1	10	16	
1257_A/duck/Eastern_China 12	7	8	8	6	8	4	10	8	13	0	0	6	1	1	0	2	6	4	0	0	4	6	1	1	13	7	0	2	1	4	1	11	12	24	15	10	4	6	7	16	9	11	11	7	1	6	6	7	13	11	9	5	2	10	8	9	4	9	13	9	1	10	15	
1258_A/duck/Guangdong/23/ 10	7	8	10	8	7	3	9	6	13	0	0	8	1	1	0	2	7	4	0	1	3	6	2	0	12	9	0	3	2	5	2	11	13	23	14	9	5	8	8	13	9	11	10	10	2	7	3	9	10	11	6	3	3	10	8	10	4	10	11	9	1	9	16	
1259_A/duck/Hubei/2911/20 10	8	9	8	7	7	2	10	7	13	0	0	6	1	1	0	3	6	4	0	0	4	6	1	0	12	6	0	4	1	6	1	11	12	24	15	9	6	7	8	15	8	12	10	8	1	6	6	8	12	11	8	4	1	10	8	8	7	8	11	9	1	11	17	
1260_A/duck/Hubei/49/2005 11	8	8	8	7	7	3	10	7	13	0	0	7	1	1	0	2	6	4	0	0	4	6	1	0	12	7	0	3	1	5	1	12	12	24	15	8	5	8	8	15	9	13	10	8	1	5	6	8	13	10	7	4	1	10	9	10	5	10	12	8	1	10	15	
1261_A/duck/Hubei/xn/2007 11	8	9	8	7	7	3	10	6	12	0	0	6	2	1	0	2	6	5	0	0	2	4	0	1	13	6	0	3	2	6	2	13	13	23	15	7	4	8	8	18	9	12	7	9	1	6	9	6	12	8	10	5	1	12	5	10	5	10	12	7	1	10	17	
1262_A/duck/Hunan/3/2007_ 11	8	9	8	7	7	2	10	6	12	0	0	6	2	1	0	2	6	5	0	0	2	5	0	1	13	6	0	3	2	6	2	13	13	23	15	7	4	8	8	17	9	12	7	10	1	6	9	6	12	8	9	5	1	12	6	10	5	10	12	7	1	10	17	
1263_A/duck/Hunan/316/200 12	8	9	8	6	7	2	10	7	13	1	0	7	1	0	0	2	6	4	0	0	4	6	1	0	12	7	0	3	1	5	1	11	12	24	15	9	5	8	8	15	11	12	10	8	0	6	6	8	12	10	8	4	1	10	8	9	5	9	12	9	1	10	16	
1264_A/duck/Hunan/3315/20 10	8	8	9	8	7	3	9	7	13	1	0	8	1	0	0	2	7	4	0	0	3	6	1	0	12	7	0	3	2	5	2	12	11	24	14	9	5	5	11	12	9	12	11	9	1	6	4	8	11	11	7	5	2	10	9	9	5	11	10	10	0	9	17	
1265_A/duck/Hunan/689/200 11	7	9	8	7	8	2	10	7	13	1	0	7	1	0	0	2	6	4	0	0	4	6	1	0	11	7	0	3	2	5	1	10	14	24	15	9	5	7	8	15	7	12	10	8	2	6	6	8	12	10	7	4	1	11	9	8	7	8	12	9	1	11	16	
1266_A/duck/Hunan/733/200 11	8	8	8	7	7	3	10	6	13	0	0	8	1	1	0	2	7	4	0	0	3	6	1	0	10	8	0	3	3	4	1	11	14	24	12	10	4	5	13	14	9	12	8	8	1	6	7	7	11	11	8	4	2	10	9	9	6	8	13	9	1	11	15	
1267_A/duck/Hunan/8/2008_ 11	9	9	8	7	6	2	10	7	12	0	0	5	2	1	0	2	6	4	0	0	2	5	0	1	13	6	0	3	2	7	2	13	13	23	15	7	4	7	9	18	9	12	8	8	1	5	9	6	12	8	9	5	1	12	6	10	5	11	11	8	1	10	17	
1268_A/duck/Hunan/S4020/2 10	8	10	8	8	7	1	10	6	12	0	0	6	2	1	0	2	6	5	0	0	2	5	0	1	14	6	0	4	1	6	2	12	13	21	14	10	4	9	9	15	8	12	7	9	2	7	7	6	13	11	7	4	1	10	8	12	5	10	12	7	0	10	17	
1269_A/duck/Hunan/S4030/2 10	7	9	8	8	7	2	10	5	13	0	0	7	2	1	0	2	5	5	0	0	4	6	0	1	13	6	1	4	1	6	1	15	12	21	15	8	6	8	9	15	7	12	8	8	2	7	8	4	12	10	7	5	0	10	8	12	5	9	13	7	1	11	16	
1270_A/duck/Hunan/S4150/2 11	8	9	8	7	8	2	10	6	12	0	0	7	2	1	0	2	6	5	0	0	2	5	0	1	12	6	1	3	3	6	1	13	13	22	15	7	4	8	9	17	8	12	6	10	3	6	10	6	11	9	9	5	1	11	6	8	5	10	12	9	0	10	17	
1271_A/duck/Hunan/S4220/2 10	9	8	8	8	7	3	10	6	11	0	0	6	3	1	0	2	5	5	0	0	3	6	0	1	13	6	0	4	1	6	2	15	13	20	15	8	5	10	8	17	7	11	7	7	2	7	9	4	12	10	7	5	0	10	8	12	5	10	12	7	1	10	17	
1272_A/duck/Jiangxi/120/2 9	6	7	9	9	9	3	9	6	13	0	0	7	1	1	0	2	8	4	0	0	3	5	0	1	12	6	0	4	1	5	3	14	11	21	19	11	5	8	8	13	8	14	11	8	1	6	4	6	8	11	11	2	4	11	7	9	5	9	12	10	1	12	12	
1273_A/duck/Jiangxi/130/2 11	8	9	8	7	8	2	10	6	11	0	0	7	2	1	0	2	6	5	0	0	3	5	0	1	11	6	1	3	3	6	1	13	13	23	14	8	4	8	9	18	9	12	6	9	3	7	10	6	11	9	9	4	1	11	6	7	5	10	12	9	0	10	17	
1274_A/duck/Jiangxi/34/20 11	9	9	8	7	8	2	10	5	10	0	0	7	4	1	0	2	5	5	0	0	2	6	0	1	11	7	0	4	2	6	2	15	13	21	15	9	4	9	8	18	7	11	7	7	2	7	10	4	12	10	7	5	0	10	8	12	5	10	12	6	1	10	16	
1275_A/duck/Jiangxi/35/20 11	9	9	8	7	9	2	10	5	10	0	0	6	4	1	0	2	5	5	0	0	3	6	0	1	11	6	0	4	2	6	2	15	13	20	15	9	4	9	8	18	7	11	7	7	2	7	10	5	12	11	6	5	0	10	8	12	5	10	12	6	1	10	16	
1276_A/duck/Jiangxi/44/20 12	9	9	8	7	8	2	10	5	10	0	0	7	4	1	0	2	5	5	0	0	2	6	0	1	12	6	0	4	2	6	2	14	13	20	15	8	4	9	8	17	9	12	7	7	2	6	10	4	12	11	7	5	0	10	8	12	5	10	12	6	1	10	16	
1277_A/duck/Jiangxi/80/20 11	8	9	8	6	7	2	10	7	13	0	0	7	1	1	0	2	6	4	0	1	4	6	1	0	12	7	0	3	1	5	1	11	12	25	14	9	5	7	9	15	10	12	10	8	1	6	6	8	12	10	7	4	1	10	9	7	6	9	12	10	1	10	16	
1278_A/duck/Jilin/JL-SIV/ 11	8	9	9	7	7	2	9	7	14	0	0	7	0	1	0	2	6	4	0	0	4	6	1	1	12	7	0	2	1	5	1	10	12	24	14	10	5	7	9	17	9	11	10	7	1	6	7	9	11	12	7	2	2	11	8	9	5	10	12	9	1	10	15	
1279_A/duck/Nanchang/9789 10	9	8	8	8	7	3	10	6	11	0	0	7	3	1	0	2	5	4	0	0	3	6	0	1	13	5	1	4	1	6	2	15	13	22	15	9	5	9	8	18	7	12	7	7	2	6	9	4	11	10	7	4	1	10	8	10	5	10	12	7	1	10	17	
1280_A/duck/Shandong/009/ 10	7	9	8	7	8	2	10	7	13	1	0	7	1	0	0	2	6	3	0	0	5	7	1	1	12	7	0	2	1	5	1	11	11	22	16	10	4	9	7	15	9	11	10	8	2	7	7	7	12	10	9	5	3	10	8	8	6	10	12	9	0	10	14	
1281_A/duck/Sichuan/NCXN1 10	9	8	8	8	8	3	10	7	10	0	0	5	3	1	0	2	5	6	0	0	3	5	0	1	13	6	0	4	1	6	2	15	13	19	14	9	5	11	9	19	7	12	7	5	2	6	9	4	12	10	7	4	0	10	8	11	5	11	11	9	1	9	17	
1282_A/duck/Sichuan/NCXN1 10	9	8	8	7	8	3	10	7	11	0	0	5	2	1	0	2	5	5	0	1	3	5	0	1	13	6	0	4	1	6	2	15	13	20	14	9	5	11	9	19	7	12	7	5	2	6	9	4	12	10	7	4	0	10	8	11	5	12	11	9	1	8	17	
1283_A/duck/Wenzhou/YJYF3 11	7	9	8	7	8	2	10	5	13	0	0	9	1	1	0	2	5	5	0	1	2	6	0	2	12	6	1	2	3	5	1	14	14	21	15	7	4	8	9	18	7	12	6	10	4	6	11	6	12	10	8	4	1	11	6	6	4	10	11	9	0	10	18	
1284_A/duck/Yunnan/4072/2 11	7	9	10	7	8	2	8	7	12	0	0	7	2	1	0	2	6	5	0	0	4	5	1	0	11	7	0	3	2	5	1	9	14	23	14	12	4	6	11	14	9	11	8	8	1	8	6	8	11	11	8	3	2	10	9	10	5	8	12	9	1	11	16	
1285_A/duck/Yunnan/426/20 11	7	9	10	7	8	2	8	7	12	0	0	6	2	1	0	2	6	5	0	0	4	5	1	0	11	7	0	4	2	5	1	9	14	23	15	12	4	6	10	14	9	10	8	8	1	9	6	8	11	11	8	3	2	10	9	10	5	8	12	9	1	11	16	
1286_A/duck/Yunnan/4645/2 11	7	9	10	7	8	2	8	7	12	1	0	7	2	0	0	2	6	5	0	0	4	5	1	0	11	7	0	3	2	5	1	9	14	23	14	12	4	6	11	14	9	11	8	8	1	8	6	8	11	11	8	3	2	10	9	10	5	8	12	9	1	11	16	
1287_A/duck/Yunnan/47/200 10	6	8	9	9	9	3	9	6	13	0	0	7	1	1	0	2	9	4	0	0	3	5	1	0	11	7	0	4	1	5	2	13	11	24	16	8	5	7	10	16	8	13	9	8	1	6	5	7	10	9	8	4	2	11	9	9	5	10	9	9	1	10	17	
1288_A/duck/Yunnan/485/20 11	6	9	10	7	8	2	8	7	12	0	0	7	3	1	0	2	6	5	0	0	4	5	1	0	11	7	0	3	2	5	1	9	14	23	14	12	4	6	11	14	9	11	8	8	1	8	6	9	11	12	7	2	2	10	9	9	5	8	12	10	1	11	16	
1289_A/duck/Yunnan/4873/2 10	6	8	9	8	8	3	9	6	14	1	0	7	1	0	0	2	8	4	0	0	3	5	1	0	12	8	0	4	1	4	2	13	11	23	16	9	5	7	10	16	8	12	9	8	1	7	5	7	10	10	8	4	2	11	9	9	5	10	10	9	1	10	16	
1290_A/duck/Yunnan/5090/2 11	7	9	10	7	8	2	8	7	12	0	0	7	2	1	0	2	6	5	0	0	4	5	1	0	11	7	0	3	2	5	1	9	14	23	14	12	4	6	11	14	9	11	8	8	1	8	6	8	11	11	8	3	2	10	9	10	5	8	12	9	1	11	16	
1291_A/duck/Yunnan/5169/2 11	7	9	10	7	8	2	8	7	12	0	0	7	2	1	0	2	6	5	0	0	4	5	1	0	11	7	0	3	2	5	1	9	14	23	14	12	4	6	11	14	9	11	8	8	1	8	6	8	11	11	8	3	2	10	9	10	5	8	12	9	1	11	16	
1292_A/duck/Yunnan/522/20 11	7	9	10	7	8	2	8	7	12	0	0	6	2	1	0	2	6	5	0	0	4	5	1	0	11	7	0	4	2	5	1	9	14	23	15	12	4	6	10	14	9	11	8	8	1	8	6	8	11	11	8	3	2	10	9	10	5	8	12	9	1	11	16	
1293_A/duck/Yunnan/5310/2 11	8	9	8	7	7	2	10	7	13	0	0	8	0	1	0	2	6	4	0	0	4	6	1	0	12	7	0	3	1	5	1	11	13	25	14	10	5	7	9	14	9	12	10	8	1	6	6	7	12	10	7	4	1	10	9	10	5	9	13	9	1	10	15	
1294_A/duck/Yunnan/5948/2 11	7	9	10	7	8	2	8	7	12	0	0	7	2	1	0	2	6	5	0	0	4	5	1	0	11	7	0	3	2	5	1	9	14	23	14	12	4	6	11	14	9	11	8	8	1	8	6	8	11	11	8	3	2	10	9	10	5	8	12	9	1	11	16	
1295_A/duck/Yunnan/6080/2 11	6	9	10	7	8	2	8	7	12	0	0	7	3	1	0	2	6	5	0	0	4	5	1	0	11	7	0	3	2	5	1	9	14	23	14	12	4	6	11	14	9	11	8	8	1	8	6	8	11	11	8	3	2	10	9	10	5	8	12	9	1	11	16	
1296_A/duck/Yunnan/6603/2 11	6	9	10	7	8	2	8	7	12	0	0	7	3	1	0	2	6	5	0	0	4	5	1	0	11	7	0	3	2	5	1	9	14	23	14	12	4	6	11	14	9	11	8	8	1	8	6	8	11	12	7	3	2	10	9	10	5	8	12	9	1	11	16	
1297_A/duck/Zhejiang/1220 11	7	9	8	7	8	2	10	5	12	0	0	9	2	1	0	2	6	5	0	0	2	6	0	1	12	6	0	2	3	5	2	14	14	22	16	6	4	8	8	18	8	12	6	10	3	6	10	6	11	9	9	5	1	11	6	7	5	11	13	9	0	9	16	
1298_A/duck/Zhejiang/213/ 10	9	9	8	8	7	2	10	5	11	0	0	7	3	1	0	2	5	5	0	0	3	6	0	1	13	6	0	4	1	6	2	14	13	21	15	9	5	9	8	17	7	11	7	7	1	8	9	4	12	10	8	5	0	10	7	13	5	10	12	6	1	10	17	
1299_A/duck/Zhejiang/224/ 10	9	9	8	8	8	2	10	5	10	0	0	7	4	1	0	2	5	5	0	0	2	6	0	1	13	6	0	4	1	6	2	15	13	19	16	8	5	10	8	17	7	11	7	7	2	7	10	4	12	10	7	5	0	10	8	13	5	10	11	6	1	10	17	
1300_A/duck/Zhejiang/2242 10	9	9	8	8	8	2	10	5	10	0	0	7	4	1	0	2	5	5	0	0	2	6	0	1	13	6	0	4	1	6	3	15	13	20	15	8	5	10	8	17	7	11	7	7	2	7	10	4	12	10	7	5	0	10	8	13	5	10	11	6	1	10	17	
1301_A/duck/Zhejiang/2243 10	9	9	8	8	8	2	10	5	10	0	0	7	4	1	0	2	5	5	0	0	2	6	0	1	13	6	0	5	1	5	2	15	13	19	15	8	5	11	8	17	7	11	7	7	2	7	10	4	12	10	7	5	0	10	8	13	5	10	11	6	1	10	17	
1302_A/duck/Zhejiang/2244 10	9	9	8	8	8	2	10	5	10	0	0	7	4	1	0	2	5	5	0	0	2	6	0	1	13	6	0	4	1	6	2	15	13	20	15	8	5	10	8	16	7	11	7	8	2	7	10	4	12	10	7	5	0	10	8	13	5	10	11	6	1	10	17	
1303_A/duck/Zhejiang/2245 10	9	7	9	8	7	9	10	5	12	0	0	6	2	1	0	2	7	5	0	0	3	2	1	2	10	8	0	4	3	7	2	15	12	25	16	9	8	11	8	16	6	9	9	8	3	9	4	8	9	9	9	5	3	11	9	10	5	10	9	7	2	10	19	
1304_A/duck/Zhejiang/2248 11	8	9	8	8	8	2	10	5	10	0	0	7	4	1	0	2	5	5	0	0	2	6	0	1	13	6	0	4	1	6	2	15	13	20	15	8	5	10	8	18	7	11	7	7	2	7	10	4	12	10	7	5	0	10	8	12	5	10	11	6	1	10	17	
1305_A/equine/China/61/20 11	8	9	8	7	7	2	10	7	13	0	0	6	1	1	0	2	6	5	0	0	4	5	1	1	12	6	0	3	1	6	1	12	13	22	16	9	5	9	8	16	8	12	10	8	1	6	6	6	12	10	7	4	1	10	9	11	5	9	14	8	1	10	14	
1306_A/equine/China/67/20 11	8	9	8	7	7	2	10	7	13	0	0	6	1	1	0	2	6	5	0	0	4	5	1	1	12	6	0	3	1	6	1	12	13	22	16	9	5	9	8	16	8	12	10	8	1	6	6	6	12	10	7	4	1	10	9	11	5	9	14	8	1	10	14	
1307_A/equine/China/68/20 11	8	9	8	7	7	2	10	7	13	0	0	6	1	1	0	2	6	5	0	0	4	5	1	1	12	6	0	3	1	6	1	12	13	22	16	9	5	9	8	16	8	12	10	8	1	6	6	6	12	10	7	4	1	10	9	11	5	9	14	8	1	10	14	
1308_A/goose/China/E43/20 10	9	9	8	8	8	2	10	5	10	0	0	6	4	1	0	2	5	5	0	0	2	5	0	1	13	6	0	4	1	6	2	15	13	20	15	9	4	11	8	16	8	9	8	8	2	8	9	4	12	10	7	5	0	10	8	12	6	9	10	6	1	12	18	
1309_A/goose/Eastern_Chin 10	6	7	10	8	9	4	8	6	13	1	0	6	1	0	0	2	8	4	0	0	3	5	1	1	12	7	0	4	1	4	2	12	10	22	18	10	6	7	9	15	9	13	10	8	0	6	5	7	10	10	10	4	2	11	8	8	5	10	11	10	2	10	14	
1310_A/goose/GuangDong/11 10	9	10	8	7	7	5	11	3	13	0	0	7	1	1	0	3	6	4	1	0	5	4	1	0	7	7	0	7	4	7	1	12	14	24	13	9	8	11	11	17	7	7	11	9	3	10	4	9	10	10	9	5	2	12	6	10	3	9	10	6	3	13	18	
1311_A/goose/Guangdong/72 11	6	9	9	7	8	2	9	5	12	0	0	8	2	1	0	2	7	5	0	0	4	6	1	1	11	7	0	3	2	5	1	9	14	22	15	12	4	6	10	15	9	12	9	8	1	7	5	8	10	11	10	3	3	10	8	9	5	9	11	9	1	10	16	
1312_A/goose/Hubei/65/200 11	8	9	8	7	7	2	10	7	13	0	0	7	1	1	0	2	6	4	0	0	4	6	1	0	12	7	0	3	1	5	1	10	13	24	15	9	5	8	8	15	9	12	10	8	1	6	6	9	12	10	7	4	1	10	9	9	5	9	13	9	1	10	15	
1313_A/goose/Inner_Mongol 9	9	7	10	9	7	9	9	2	13	0	0	8	1	1	0	2	7	7	0	0	4	1	1	3	7	9	0	4	5	5	1	16	11	26	15	11	6	10	9	15	8	10	11	9	3	8	3	8	9	8	9	3	3	12	8	10	4	9	9	7	3	12	19	
1314_A/goose/Jiangsu/k040 9	9	9	8	8	7	2	10	5	12	0	0	6	2	1	0	3	6	5	0	0	1	6	0	2	13	6	0	3	2	6	2	13	14	23	14	7	4	8	9	17	9	12	6	10	1	7	10	6	10	8	10	5	1	12	6	10	5	10	11	7	1	9	17	
1315_A/goose/Yunnan/3798/ 10	6	8	9	8	9	3	9	6	13	1	0	7	1	0	0	2	8	4	0	0	3	5	1	0	12	8	0	4	1	4	2	13	11	23	16	9	5	7	10	16	8	12	9	8	1	7	5	7	10	10	8	4	2	11	9	9	5	10	10	9	1	10	16	
1316_A/goose/Yunnan/4371/ 10	6	8	9	8	8	3	9	6	14	1	0	7	1	0	0	2	8	4	0	0	3	5	1	0	12	8	0	4	1	4	2	13	11	23	16	9	5	7	10	16	8	12	9	8	1	7	5	7	10	10	8	4	2	11	9	9	5	10	10	9	1	10	16	
1317_A/goose/Yunnan/4389/ 10	6	8	9	8	8	3	9	6	14	1	0	7	1	0	0	2	8	4	0	0	3	5	1	0	12	8	0	4	1	4	2	13	11	23	16	9	5	7	10	16	8	12	9	8	1	7	5	7	10	10	7	4	2	11	9	9	5	10	11	9	1	10	16	
1318_A/goose/Yunnan/4985/ 10	6	8	9	8	8	3	9	6	14	1	0	7	1	0	0	2	8	4	0	0	3	5	1	0	12	8	0	4	1	4	2	13	11	23	16	9	5	7	10	16	8	12	9	8	1	7	5	7	10	10	8	4	2	11	9	9	5	10	10	9	1	10	16	
1319_A/goose/Yunnan/5141/ 10	6	8	9	8	9	3	9	6	13	1	0	7	1	0	0	2	8	4	0	0	3	5	1	1	12	7	0	4	1	4	2	13	11	24	16	10	4	7	9	15	9	12	9	8	1	7	5	7	10	10	8	4	2	11	9	9	5	10	10	9	1	10	16	
1320_A/goose/Yunnan/5769/ 11	8	9	8	7	7	2	10	7	13	0	0	8	0	1	0	2	6	4	0	0	4	6	1	0	12	7	0	3	1	5	1	11	13	25	14	9	5	7	9	14	9	12	10	8	1	6	6	7	12	10	7	5	1	10	9	10	5	9	13	9	1	10	15	
1321_A/goose/Yunnan/5979/ 11	8	9	8	7	7	2	10	7	13	0	0	8	0	1	0	2	6	4	0	0	4	6	1	0	12	7	0	3	1	5	1	11	13	25	14	9	5	7	9	14	9	12	10	8	1	6	6	7	12	10	7	5	1	10	9	10	5	9	13	9	1	10	15	
1322_A/goose/Yunnan/6193/ 11	8	9	8	7	7	2	10	6	13	0	0	7	1	1	0	2	6	5	0	0	4	5	1	1	12	6	0	3	1	6	1	12	13	23	15	8	5	9	9	16	8	12	10	8	1	6	6	6	12	9	7	5	1	11	9	11	4	8	14	8	2	10	14	
1323_A/goose/Zhejiang/112 9	8	10	7	8	9	1	11	5	13	0	0	7	1	1	0	2	4	6	0	0	4	5	0	1	12	6	0	4	2	6	2	15	13	21	15	7	6	8	8	17	7	11	6	8	2	8	9	5	10	9	7	5	1	11	8	13	5	10	11	5	1	11	18	
1324_A/goose/Zhejiang/727 10	9	9	7	8	7	2	11	5	13	0	0	7	1	1	0	2	5	6	0	0	3	5	0	2	13	7	0	4	1	6	1	15	13	20	15	6	5	9	9	18	7	12	7	7	2	7	8	5	12	10	9	5	1	10	7	13	5	9	11	5	1	11	16	
1325_A/great_black-headed 10	9	9	8	7	7	2	10	5	12	0	0	6	2	1	0	2	6	6	0	0	2	4	0	2	13	6	0	3	2	6	2	14	13	23	14	7	4	8	9	18	9	12	6	9	1	6	10	6	10	9	9	5	1	12	6	10	5	11	12	7	1	9	17	
1326_A/great_crested-greb 10	9	10	8	7	7	2	10	7	12	0	0	5	2	1	0	2	6	5	0	0	2	5	0	1	13	6	0	3	2	6	2	12	13	23	14	7	4	8	9	19	9	13	6	9	1	5	10	6	11	8	8	5	1	12	7	10	5	11	12	7	1	9	17	
1327_A/great_egret/Hong_K 11	8	9	8	7	7	2	10	6	12	0	0	6	2	1	0	2	5	4	0	0	4	6	0	1	13	6	0	4	1	6	2	13	12	23	15	9	5	8	8	14	8	12	8	10	2	6	8	6	12	10	7	4	1	10	8	12	5	10	13	6	1	10	16	
1328_A/great_tit/Panjing/ 11	8	9	8	7	8	2	10	6	12	0	0	7	2	1	0	2	6	5	0	0	2	5	0	1	12	6	1	3	3	6	1	13	13	22	15	7	4	8	9	17	8	12	6	10	3	6	10	7	11	9	9	3	2	11	6	8	5	10	12	9	0	10	17	
1329_A/grey_heron/Hong_Ko 11	8	9	8	7	7	2	10	6	12	0	0	6	2	1	0	2	6	4	0	0	3	6	0	1	13	6	0	4	1	6	2	13	12	24	15	9	5	7	8	13	7	11	9	10	2	7	8	7	13	10	7	3	0	10	8	13	5	10	13	6	1	10	16	
1330_A/grey_heron/Hong_Ko 11	8	9	7	7	7	2	11	6	12	0	0	6	2	1	0	2	5	4	0	0	3	6	0	1	14	6	0	4	1	6	2	13	12	23	15	9	5	8	8	12	9	12	8	11	2	6	8	6	12	10	7	4	1	10	8	11	6	10	13	6	1	10	16	
1331_A/hill_myna/Heilongj 10	9	10	5	8	7	1	13	5	12	0	0	7	2	1	0	2	5	5	0	0	3	6	0	1	13	6	0	4	1	6	2	15	13	21	15	7	5	9	8	18	7	12	6	7	2	7	9	5	11	10	9	5	1	10	7	13	5	10	12	5	1	10	16	
1332_A/lesser_kestrel/Hei 12	8	8	8	7	7	2	10	6	13	0	0	7	1	1	0	2	6	5	0	0	4	6	1	0	11	7	0	3	2	5	1	11	13	25	15	9	5	7	8	15	8	12	9	8	1	6	6	8	12	10	7	4	1	10	9	8	7	8	13	9	1	11	16	
1333_A/lion/Hubei/1-2/201 11	9	9	8	7	8	2	10	5	12	0	0	8	1	1	0	2	5	3	0	1	2	7	0	1	12	6	1	3	3	6	1	12	14	21	16	8	4	9	8	18	7	11	6	10	4	7	10	7	10	10	8	4	1	10	6	7	5	10	12	9	0	10	18	
1334_A/little_egret/Hong_ 11	8	9	8	7	7	2	10	6	12	0	0	6	2	1	0	2	6	4	0	0	3	6	0	1	13	6	0	4	1	6	2	12	12	23	15	8	5	8	8	15	8	12	8	9	2	6	8	6	11	9	7	5	1	11	8	12	6	10	13	7	1	10	16	
1335_A/magpie_robin/Hong_ 11	8	9	8	7	7	2	10	6	12	0	0	6	2	1	0	2	6	4	0	0	3	6	0	1	13	6	0	4	1	6	2	13	12	23	15	9	6	8	8	13	7	11	8	10	2	7	8	7	13	10	7	3	0	10	8	13	5	10	13	6	1	10	16	
1336_A/magpie_robin/Hong_ 11	8	9	8	7	7	2	10	6	12	0	0	6	2	1	0	2	6	4	0	0	4	6	1	1	12	6	0	4	1	6	1	13	12	23	15	9	6	8	8	13	7	11	8	10	2	7	8	7	13	10	7	3	0	10	8	13	5	10	13	6	1	10	16	
1337_A/meerkat/Shanghai/S 11	8	10	8	8	7	1	10	5	12	0	0	7	2	1	0	2	5	5	0	0	3	6	0	1	13	6	0	4	1	6	2	15	12	21	15	6	6	9	8	19	7	12	6	7	2	7	9	5	11	10	8	6	1	10	8	11	5	9	13	5	1	11	16	
1338_A/mink/China/G/2015_ 10	9	9	8	7	7	2	10	5	11	0	0	7	3	1	0	2	6	4	0	1	2	8	0	1	13	5	0	4	1	6	2	15	12	22	15	8	5	9	8	17	7	11	7	7	2	7	9	4	11	9	7	5	0	11	8	13	6	10	12	6	1	10	17	
1339_A/mink/China/XB/2015 11	7	9	8	7	8	2	10	5	13	0	0	9	1	1	0	2	5	5	0	1	2	6	0	1	12	6	1	2	3	5	1	14	14	21	16	7	4	9	8	18	7	12	6	10	4	6	10	6	11	9	8	4	1	11	6	7	5	10	12	9	0	10	18	
1340_A/mink/Eastern_China 9	10	7	11	9	6	7	8	4	13	1	0	5	3	0	0	0	6	4	0	1	3	2	1	5	11	9	3	2	2	6	0	14	9	22	13	10	9	14	11	21	10	11	10	8	0	10	4	8	11	10	10	4	1	11	7	7	4	13	17	8	1	8	10	
1341_A/ostrich/Suzhou/097 10	7	9	9	8	8	2	9	3	12	0	0	10	2	1	0	2	5	4	0	0	4	6	1	1	10	7	0	3	3	4	3	11	12	21	12	11	6	8	12	15	9	12	9	8	1	6	5	7	9	10	7	4	4	11	10	10	4	8	14	8	2	12	14	
1342_A/parrot/Guangdong/C 11	7	9	9	7	7	2	9	6	13	0	0	8	1	1	0	2	7	4	0	0	4	6	1	0	11	7	0	3	2	5	2	9	14	23	14	12	4	6	11	14	9	12	8	8	1	7	5	8	11	11	8	3	2	10	9	10	5	8	13	9	1	11	15	
1343_A/partridge/Shantou/ 11	8	12	10	7	7	3	9	4	11	0	0	8	3	1	0	2	7	5	0	0	3	3	1	1	11	10	0	3	2	4	2	13	11	22	14	11	8	15	9	17	10	11	8	7	1	8	5	7	12	11	8	5	2	10	10	11	3	8	14	8	1	12	14	
1344_A/peacock/Yunnan/1/2 11	6	9	8	7	9	2	10	5	13	0	0	9	1	1	0	2	5	5	0	1	2	6	0	2	11	6	1	2	3	4	1	14	14	20	15	7	4	10	9	18	7	12	6	10	4	7	10	6	11	9	7	4	1	11	6	7	5	10	12	9	0	10	19	
1345_A/peacock/Yunnan/3/2 11	6	9	8	7	9	2	10	5	13	0	0	9	1	1	0	2	5	5	0	1	2	6	0	1	12	6	1	2	3	4	1	14	14	20	15	7	4	10	9	18	7	12	6	10	4	7	10	6	11	9	7	4	1	11	6	7	5	10	12	9	0	10	19	
1346_A/peregrine_falcon/H 10	6	7	9	8	9	4	9	6	13	1	0	7	1	0	0	1	10	5	0	0	2	4	1	1	12	7	0	4	1	4	2	12	11	23	17	10	5	7	9	13	8	10	10	7	1	8	5	8	10	10	9	4	2	11	10	11	5	11	12	9	1	10	12	
1347_A/pheasant/Shantou/3 11	8	12	10	7	7	3	9	4	11	0	0	8	3	1	0	2	7	5	0	0	3	3	1	1	11	10	0	3	2	4	2	14	12	22	14	9	8	15	9	17	9	11	8	7	1	8	5	7	12	11	8	6	2	10	10	11	3	8	14	8	1	12	14	
1348_A/pheasant/Shantou/4 11	8	9	9	7	7	2	9	6	13	0	0	8	1	1	0	2	5	4	0	0	5	6	1	0	11	7	0	3	2	5	2	9	14	23	14	12	4	6	11	14	9	12	8	8	1	7	5	7	11	11	8	4	2	10	9	10	5	7	13	9	1	12	15	
1349_A/pied_megpie/Liaoni 11	8	9	8	7	7	3	10	6	13	0	0	8	1	1	0	2	7	4	0	0	3	4	2	0	11	7	0	3	2	5	1	9	12	22	15	12	6	6	11	14	9	12	8	8	1	7	7	8	11	11	8	4	2	10	8	10	5	8	13	8	1	11	15	
1350_A/pigeon/Hubei/RP25/ 10	7	7	9	8	8	4	9	6	13	1	0	5	1	0	0	2	9	4	0	0	3	4	0	1	12	7	0	5	1	4	3	12	11	22	18	10	6	7	8	14	7	14	11	8	1	5	4	6	10	11	9	6	2	11	7	9	5	12	11	10	0	10	15	
1351_A/pigeon/Sichuan/NCX 10	9	8	8	8	8	3	10	7	11	0	0	5	2	1	0	2	5	5	0	0	3	5	0	1	13	6	0	4	1	6	2	15	13	20	14	9	5	11	9	19	7	12	7	6	2	5	9	4	12	10	7	4	0	10	8	11	5	12	11	9	1	8	17	
1352_A/pigeon/Zhejiang/11 9	8	10	7	8	9	1	11	5	13	0	0	7	1	1	0	2	4	6	0	0	4	5	0	1	12	6	0	4	2	6	2	15	13	21	15	7	6	8	8	17	7	11	6	8	2	8	9	5	10	9	7	5	1	11	8	13	5	10	11	5	1	11	18	
1353_A/pigeon/Zhejiang/11 9	9	10	7	9	7	1	11	4	13	0	0	7	1	1	0	2	4	6	0	0	4	5	0	2	12	6	0	4	2	6	2	15	13	21	15	7	6	8	8	17	7	12	6	7	2	8	8	5	10	9	7	5	1	11	8	14	5	9	12	5	1	12	17	
1354_A/pigeon/Zhejiang/72 10	9	9	7	8	7	2	11	5	13	0	0	7	1	1	0	2	6	6	0	0	3	5	0	2	12	7	0	4	1	6	1	15	13	20	15	6	5	9	9	18	7	12	7	7	2	7	8	5	12	10	9	5	1	10	7	13	5	9	11	5	1	11	16	
1355_A/plateau_pika/Qingh 10	8	9	9	8	7	2	9	3	12	0	0	10	2	1	0	2	6	4	0	0	4	6	1	1	11	7	0	3	2	5	2	10	10	22	13	12	6	7	11	14	10	12	7	7	1	7	5	7	12	10	8	4	3	11	10	11	4	8	15	8	1	11	14	
1356_A/quail/Guangxi/11/2 11	9	12	11	7	7	4	8	3	11	0	0	9	3	1	0	2	5	4	0	0	4	4	1	1	11	9	0	4	2	6	1	13	13	24	14	10	7	12	9	17	10	10	10	6	1	8	4	7	13	11	8	5	2	9	10	11	4	9	13	6	2	11	15	
1357_A/quail/Guangxi/12/2 11	9	12	11	7	7	4	8	3	11	0	0	9	3	1	0	2	5	4	1	0	4	4	1	1	11	9	0	4	2	6	1	14	13	23	14	10	7	12	9	17	10	10	10	6	1	9	3	7	13	11	7	5	2	9	10	11	4	10	12	6	2	11	15	
1358_A/quail/Guangxi/13/2 11	9	12	11	7	7	4	8	3	11	0	0	9	3	1	0	2	5	4	0	0	4	4	1	1	11	9	0	4	2	6	1	13	14	24	15	10	6	12	8	17	10	10	10	6	1	8	4	7	13	11	8	5	2	9	10	11	4	9	13	6	2	11	15	
1359_A/quail/Nanchang/663 10	9	8	8	8	7	3	10	6	11	0	0	7	3	1	0	2	5	4	0	0	3	6	0	1	13	5	1	4	1	7	1	15	13	22	15	9	5	9	8	17	7	12	7	7	2	6	9	4	11	10	7	4	1	10	8	11	5	10	11	7	1	10	18	
1360_A/shrike/Tibet/13/20 11	8	9	8	7	6	2	10	6	13	0	0	7	1	1	0	2	6	4	0	0	4	6	1	0	12	7	0	4	1	5	1	10	13	23	15	10	5	8	8	15	9	11	10	8	1	7	6	7	12	11	8	5	2	10	8	9	5	9	13	9	1	10	15	
1361_A/silky_chicken/Shan 10	8	8	9	8	7	3	9	6	13	1	0	8	1	0	0	2	7	4	0	0	4	6	1	0	12	7	0	3	1	5	2	12	11	23	16	9	5	6	10	14	9	13	7	9	1	7	5	8	10	10	7	4	2	11	9	10	5	10	11	9	1	10	16	
1362_A/swan/Shanghai/10/2 11	8	9	7	7	7	2	11	5	12	0	0	6	2	1	0	2	5	5	0	0	2	5	0	2	14	6	0	3	2	6	2	13	11	23	16	8	4	8	7	18	9	12	8	9	1	6	8	6	13	9	9	3	3	11	6	9	5	10	13	8	1	10	16	
1363_A/swine/Guangxi/592/ 10	8	9	8	8	9	2	10	5	10	0	0	7	4	1	0	2	5	5	0	0	2	6	0	1	13	6	0	4	1	6	2	15	13	21	15	8	5	9	8	17	7	11	7	7	2	7	9	4	12	10	7	5	0	10	8	12	5	10	12	7	1	10	17	
1364_A/swine/Jiangsu/1/20 11	8	9	9	7	7	2	10	6	12	0	0	9	2	1	0	1	6	3	0	1	4	6	1	1	10	9	0	2	3	3	1	8	13	24	11	11	4	6	13	15	9	11	8	7	1	9	6	8	11	11	7	4	2	10	9	10	5	10	11	10	0	11	16	
1365_A/swine/Jiangsu/2/20 11	8	8	9	7	7	3	9	7	14	0	0	7	0	1	0	2	6	4	0	0	4	6	1	1	11	7	0	2	1	5	1	11	12	24	15	9	5	8	8	16	10	12	9	7	1	6	7	8	11	12	7	4	2	10	8	9	5	10	12	9	1	10	15	
1366_A/swine/Shandong/SD1 11	8	11	10	7	7	3	9	3	12	0	0	10	2	1	0	2	7	5	0	0	3	4	1	1	11	7	0	3	2	7	2	14	15	25	14	11	6	11	10	16	11	12	10	6	1	6	4	6	12	10	8	4	2	10	10	11	3	9	13	8	1	11	15	
1367_A/swine/Zhejiang/SW5 10	9	9	7	8	7	2	11	5	13	0	0	7	1	1	0	2	5	6	0	0	3	5	0	2	13	7	0	4	1	6	1	15	13	20	15	6	5	9	9	18	7	12	7	7	2	7	8	5	12	10	9	5	1	10	7	13	5	9	11	5	1	11	16	
1368_A/tiger/Yunnan/tig14 10	10	8	8	8	6	3	10	6	11	0	0	6	3	1	0	2	4	6	0	0	4	5	0	1	14	6	0	4	1	6	2	15	13	19	14	9	5	11	9	19	6	12	7	6	2	6	9	4	12	10	7	4	0	10	8	11	5	11	11	8	1	9	17	
1369_A/tiger/Yunnan/tig14 10	10	8	8	8	7	3	10	5	11	0	0	7	3	1	0	2	5	6	0	0	3	5	0	1	13	6	0	4	1	6	2	15	13	21	15	9	5	9	8	19	7	12	8	7	2	6	8	4	11	10	8	4	0	10	7	9	6	10	12	7	1	10	17	
1370_A/tiger/Yunnan/tig15 11	6	9	8	7	8	2	10	5	12	0	0	9	3	1	0	2	5	5	0	1	2	5	0	1	12	6	1	2	3	4	1	15	14	21	15	6	5	10	9	20	7	11	8	9	4	7	9	6	11	9	8	4	0	11	6	7	5	9	12	8	0	11	18	
1371_A/turtle_dove/Guangd 11	8	9	8	8	7	2	10	6	13	0	0	7	1	1	0	2	6	4	0	0	4	6	1	0	12	7	0	3	1	5	1	10	13	25	14	10	5	8	8	15	9	12	9	8	1	6	7	8	12	10	7	4	1	10	9	8	6	9	13	9	1	9	16	
1372_A/waterfowl/Hong_Kon 11	9	11	10	7	7	4	9	3	11	0	0	10	3	1	0	2	6	5	0	0	3	3	1	1	11	8	0	3	2	6	2	12	14	26	14	11	6	10	10	18	10	11	9	6	1	7	5	8	13	10	8	4	2	10	10	11	3	9	13	7	1	11	15	
1373_A/wild_duck/Fujian/1 10	8	8	8	8	8	2	10	5	11	0	0	7	3	1	0	2	5	6	0	0	3	6	0	1	13	6	0	4	1	6	2	16	13	22	15	7	5	9	8	17	7	11	6	7	2	7	10	4	12	11	7	5	0	9	8	13	4	10	12	6	1	10	17	
1374_A/wild_duck/Fujian/2 10	9	8	8	8	7	2	10	5	11	0	0	7	3	1	0	2	5	6	0	0	3	6	0	1	13	6	0	4	1	6	2	16	13	22	15	7	5	9	8	17	7	12	7	7	2	6	9	4	12	9	8	5	0	10	7	13	4	10	12	6	1	11	17	
1375_A/wild_duck/Jilin/HF 11	7	8	8	7	9	3	11	6	12	0	0	6	2	1	0	2	6	5	0	0	2	5	0	1	12	6	1	3	3	6	1	13	13	23	13	7	4	8	9	18	8	14	7	9	3	4	9	6	11	8	9	5	1	12	6	8	5	10	13	9	0	10	16	
1376_A/wild_duck/Jilin/ZF 11	9	8	8	8	6	3	10	6	12	0	0	5	3	1	0	2	6	6	0	0	2	4	0	1	13	6	1	3	2	6	1	16	12	24	11	6	5	8	9	17	9	12	6	9	1	6	10	6	10	8	11	5	2	12	5	9	5	10	13	8	1	10	16	
1377_A/wild_duck/Liaoning 11	8	9	9	7	7	3	9	6	13	0	0	8	1	1	0	2	7	4	0	0	3	4	2	0	11	7	0	3	2	5	1	9	12	22	15	12	6	6	11	14	9	11	9	8	1	7	8	8	11	11	8	4	2	10	8	10	5	8	13	8	1	11	15	
1378_A/wild_duck/Shandong 10	8	8	9	8	8	3	10	7	13	0	0	7	1	1	0	1	7	4	0	1	3	5	0	0	10	6	0	3	3	6	2	8	14	23	11	12	4	5	13	14	7	13	8	7	1	6	7	8	11	11	10	4	2	10	7	7	6	10	13	13	0	11	15	
1379_A/wild_duck/Shandong 11	9	9	8	7	7	2	10	5	11	1	0	7	3	0	0	2	6	5	0	1	2	5	0	2	13	6	1	2	2	6	1	13	12	23	14	7	5	7	9	18	9	12	5	9	1	6	11	7	11	8	9	4	1	12	6	9	5	11	13	8	1	9	16	
1380_A/wild_duck/Shandong 11	9	9	8	7	7	2	10	7	12	0	0	7	2	1	0	2	5	4	0	0	4	6	1	0	11	7	0	3	2	5	1	12	13	23	15	9	5	8	8	15	9	12	9	9	1	6	7	6	11	11	8	4	1	10	8	10	5	10	12	8	1	10	16	
1381_A/Indonesia/5/2005 8	12	9	1	10	5	5	5	1	5	1	0	1	2	0	0	6	4	3	3	9	4	3	1	3	5	9	3	12	3	13	5	10	10	16	9	11	6	12	5	8	9	9	32	23	2	6	11	6	9	7	4	3	5	14	4	5	22	20	19	11	3	17	14	
1382_A/Hong_Kong/483/1997 8	13	7	1	10	6	6	5	0	4	0	1	3	1	0	0	3	4	5	1	12	4	1	2	4	5	9	4	9	3	14	5	12	11	16	11	10	7	10	4	9	7	8	28	23	2	8	15	5	6	7	5	4	7	14	4	6	19	22	21	8	7	15	12	
1383_A/Hong_Kong/482/97 8	12	7	1	10	7	6	5	0	5	0	1	3	0	0	0	3	4	5	1	12	4	1	2	4	5	9	5	9	3	14	5	13	10	14	11	9	7	11	4	9	7	9	29	23	2	8	13	5	8	7	5	4	7	14	4	6	20	22	23	9	4	15	10	
1384_A/Chicken/HongKong/F 6	9	8	4	12	6	6	2	0	8	1	0	2	1	0	0	3	6	5	3	11	2	1	1	4	4	16	3	13	3	5	6	7	9	16	8	15	7	12	6	10	11	10	28	22	1	7	12	3	8	4	6	4	7	17	5	6	19	24	21	9	5	13	10	
1385_A/Chicken/HongKong/Y 9	14	8	2	10	4	5	4	0	4	1	0	1	2	0	0	2	4	5	2	10	4	1	2	6	6	11	4	13	2	11	5	12	12	18	9	11	4	9	5	7	9	10	26	23	3	6	15	4	9	10	6	6	4	11	2	5	21	23	19	8	5	14	15	
1386_A/Chicken/HongKong/Y 9	14	8	1	10	4	5	5	1	4	1	0	1	2	0	0	2	4	5	2	10	4	1	2	6	6	11	4	13	2	11	5	12	13	18	7	11	4	10	5	6	10	9	27	23	1	6	15	4	9	10	6	6	5	10	2	5	21	22	18	8	6	15	16	
1387_A/Pheasant/Hong_Kong 7	12	10	1	11	5	5	5	1	2	0	0	2	4	1	0	3	6	3	3	10	3	3	1	4	6	12	3	12	2	10	6	11	12	15	7	11	4	11	7	7	9	8	30	23	3	6	13	5	8	9	6	4	6	11	2	3	20	24	22	11	6	14	12	
1388_A/Hong_Kong/486/97 8	12	7	1	10	7	6	5	0	5	0	1	3	0	0	0	3	4	5	1	12	4	1	2	4	5	9	5	9	3	14	5	13	10	14	11	9	7	11	4	9	7	9	29	23	2	8	13	5	8	7	5	4	7	14	4	6	20	22	23	9	4	15	10	
1389_A/Thailand/16/2004 7	12	9	1	11	5	5	5	1	5	1	0	1	2	0	0	6	4	3	2	10	3	3	2	3	6	9	3	11	3	13	5	11	10	16	8	10	6	12	6	8	8	7	32	23	3	7	12	5	8	6	4	4	5	15	4	4	23	19	19	11	4	18	14	
1390_A/Hong_Kong/538/97 8	12	7	1	10	7	6	5	0	4	0	1	3	1	0	0	3	4	5	1	12	4	1	2	4	5	9	5	10	3	14	5	13	11	15	12	11	6	11	4	10	7	10	29	23	2	7	13	5	8	7	5	4	7	15	4	5	20	22	23	8	5	15	10	
1391_A/chicken/Indonesia/ 7	13	9	1	11	5	5	5	1	4	1	0	1	2	0	0	6	4	3	3	10	4	3	1	2	5	9	3	12	3	13	5	11	11	16	9	10	6	12	5	8	8	8	32	23	3	7	11	5	8	6	4	4	5	15	4	3	23	20	21	12	3	17	12	
1392_A/chicken/Korea/ES/0 7	12	9	1	10	5	5	5	1	5	1	0	1	2	0	0	7	4	3	3	11	4	3	1	2	5	9	3	11	3	13	4	11	11	16	9	10	5	12	5	8	8	7	32	23	3	7	13	5	9	6	4	4	5	15	4	5	22	20	18	10	4	17	15	
1393_A/Hong_Kong/156/97 8	12	7	1	10	7	6	5	0	6	0	1	3	0	0	0	3	4	5	1	12	4	1	2	4	4	9	5	10	3	14	5	12	10	14	12	12	7	12	4	9	6	9	29	23	3	8	13	5	8	7	5	4	7	15	4	6	20	22	23	9	4	15	10	
1394_A/whooper_swan/Mongo 6	12	9	1	12	5	5	5	1	5	1	0	1	2	0	0	6	4	3	3	11	4	3	1	2	5	8	4	11	3	14	4	11	10	16	9	11	6	12	5	9	8	9	33	23	3	6	11	3	9	6	4	4	5	15	4	5	23	19	19	10	3	17	14	
1395_A/Vietnam/UT3062/200 7	11	9	1	11	5	5	5	1	5	1	0	1	3	0	0	6	4	3	2	10	3	3	2	3	6	9	4	11	3	13	5	11	10	16	8	10	6	12	6	8	7	7	30	23	4	8	12	5	8	6	4	4	5	15	4	4	23	19	19	11	4	18	14	
1396_A/Anas_platyrhynchos 4	11	9	2	14	7	5	5	0	4	1	0	3	2	0	0	5	4	4	2	10	4	2	2	5	6	10	4	10	2	12	5	10	12	16	11	13	6	11	5	8	8	9	30	23	2	6	12	5	10	6	4	5	5	16	4	4	19	24	23	10	5	13	11	
1397_A/Anas_platyrhynchos 4	11	9	2	14	7	5	5	0	4	1	0	3	2	0	0	5	4	4	2	10	4	2	2	5	6	10	4	10	2	12	5	10	12	16	11	13	6	11	5	8	8	9	30	23	2	6	12	5	10	6	4	5	5	16	4	4	19	24	23	10	5	13	11	
1398_A/Anhui/1/2005|EPI_I 7	13	6	0	11	4	7	6	1	5	0	1	3	2	0	0	6	5	4	3	10	3	3	1	2	6	10	3	11	2	12	5	11	10	16	8	10	6	12	6	8	9	10	31	23	3	5	12	6	8	6	4	3	6	15	4	3	20	19	22	11	5	18	11	
1399_A/Anhui/1/2006|EPI_I 8	12	10	0	10	4	4	6	1	6	1	0	2	2	0	0	5	5	3	3	11	3	3	1	2	6	10	3	11	2	12	4	11	10	16	9	10	6	12	5	8	9	9	31	23	3	6	13	6	9	6	4	3	5	15	4	3	21	19	20	12	4	18	13	
1400_A/Anhui/2/2005|EPI_I 7	12	8	0	11	5	6	6	1	6	1	0	2	1	0	0	6	5	3	3	10	3	3	1	2	6	9	3	11	2	13	5	11	10	16	9	10	6	12	5	8	9	9	32	23	3	5	12	6	9	6	4	3	5	15	4	3	20	19	23	12	5	18	10	
1401_A/Anser_cygnoides/Ch 6	10	10	1	12	7	3	5	2	5	1	0	1	2	0	0	7	6	2	2	9	3	5	2	3	5	9	4	10	2	13	4	12	8	16	9	9	7	12	5	8	10	9	30	24	2	6	13	5	10	6	4	4	5	14	4	2	21	20	18	12	4	18	15	
1402_A/Anser_fabalis/Jiuj 4	11	9	2	14	7	5	5	0	4	1	0	3	2	0	0	5	4	4	2	10	4	2	2	5	6	10	4	10	2	12	5	10	12	16	11	13	6	11	5	8	8	9	30	23	2	6	12	5	10	6	4	5	5	16	4	4	19	24	23	10	5	13	11	
1403_A/Bar-headed_Goose/Q 6	11	8	1	12	6	5	5	2	5	1	0	1	2	0	0	7	5	3	2	9	4	4	2	0	5	10	4	13	2	12	4	12	7	16	9	9	9	12	5	7	8	10	29	24	2	6	13	3	9	6	4	5	5	15	4	4	23	22	18	12	4	15	15	
1404_A/Bar-headed_Goose/T 5	12	9	2	13	6	5	4	0	4	1	0	2	2	0	0	4	4	4	4	12	4	2	1	4	6	12	3	10	2	10	5	10	12	12	10	12	5	15	4	7	9	10	28	24	2	5	14	6	9	8	6	4	5	13	4	4	19	20	23	9	6	17	9	
1405_A/Bar-headed_Goose/T 5	12	9	2	13	6	5	4	0	4	1	0	2	2	0	0	4	4	4	4	12	4	2	1	4	6	12	3	10	2	10	5	10	12	12	10	12	5	15	4	7	9	10	28	24	2	5	14	6	9	8	6	4	5	13	4	4	19	20	23	9	6	17	9	
1406_A/Black_faced_Spoonb 6	10	8	2	12	8	5	4	1	4	1	0	4	2	0	6	4	4	4	4	12	4	3	1	3	6	10	5	9	2	12	4	9	12	15	10	15	4	12	6	7	10	8	25	23	2	7	16	6	10	8	5	4	4	13	5	5	18	19	21	9	7	18	12	
1407_A/Black_Faced_Spoonb 5	12	9	2	13	6	5	4	0	4	1	0	2	2	0	0	5	3	4	4	11	4	2	1	4	6	13	3	11	3	9	5	10	12	13	10	14	5	15	5	7	9	10	27	24	2	5	15	6	9	8	5	4	5	14	4	4	19	20	23	9	6	17	10	
1408_A/Black_Faced_Spoonb 6	11	8	2	12	7	5	4	2	4	1	0	2	2	0	0	4	4	4	4	12	4	3	1	3	6	10	5	10	2	12	4	8	11	15	9	15	5	12	7	7	10	8	26	23	2	7	15	7	9	8	5	4	5	14	4	5	18	20	22	9	7	17	11	
1409_A/Black-necked_Grebe 6	11	8	1	12	6	5	5	1	5	1	0	1	2	0	0	7	5	3	2	9	4	4	2	2	4	11	4	13	2	11	4	13	8	16	9	8	8	12	5	8	8	10	29	23	2	7	12	4	9	6	4	4	5	15	4	4	23	22	18	12	4	15	15	
1410_A/Black-necked_Grebe 7	10	8	1	11	6	5	5	1	5	1	0	1	3	0	0	7	5	3	2	9	4	4	2	1	6	10	4	13	1	12	4	12	9	16	9	9	7	12	5	8	8	10	28	23	2	6	14	4	9	6	4	4	5	15	4	4	22	21	18	12	5	16	15	
1411_A/Black-necked_Grebe 7	10	8	1	11	6	5	5	1	5	1	0	1	3	0	0	7	5	3	2	9	4	4	2	1	6	10	4	13	1	12	4	12	9	16	9	9	7	12	5	8	8	10	28	23	2	6	14	4	9	6	4	4	5	15	4	4	22	21	18	12	5	16	15	
1412_A/Black-necked_Grebe 7	10	8	1	11	6	5	5	1	5	1	0	1	3	0	0	7	5	3	2	9	4	4	2	1	6	10	4	13	1	12	4	12	9	16	9	9	7	12	5	8	8	10	28	23	2	6	14	4	9	6	4	4	5	15	4	4	22	21	18	12	5	16	15	
1413_A/Black-necked_Grebe 7	10	8	1	11	6	5	5	1	5	1	0	1	3	0	0	7	5	3	2	9	4	4	2	1	6	10	4	13	1	12	4	12	9	16	9	9	7	12	5	8	8	10	28	23	2	6	14	4	9	6	4	4	5	15	4	4	22	21	18	12	5	16	15	
1414_A/Black-necked_Grebe 7	10	8	1	11	6	5	5	1	5	1	0	1	3	0	0	7	5	3	2	9	4	4	2	1	6	10	4	13	1	12	4	12	9	16	9	9	7	12	5	8	8	10	28	23	2	6	14	4	9	6	4	4	5	15	4	4	22	21	18	12	5	16	15	
1415_A/Black-necked_Grebe 7	10	8	1	11	6	5	5	1	5	1	0	1	3	0	0	7	5	3	2	9	4	4	2	1	6	10	4	13	1	12	4	12	9	16	9	9	7	12	5	8	8	10	28	23	2	6	14	4	9	6	4	4	5	15	4	4	22	21	18	12	5	16	15	
1416_A/Black-necked_Grebe 7	10	8	1	11	6	5	5	1	5	1	0	1	3	0	0	7	5	3	2	9	4	4	2	1	6	10	4	13	1	12	4	12	9	16	9	9	7	12	5	8	8	10	28	23	2	6	14	4	9	6	4	4	5	15	4	4	22	21	18	12	5	16	15	
1417_A/chicken/Anhui/S174 4	12	10	2	14	6	4	4	0	4	1	0	2	2	0	0	4	5	4	4	12	3	2	1	5	6	10	6	9	2	12	3	11	12	14	7	12	5	12	8	7	9	8	23	23	2	7	18	6	8	7	6	3	6	14	3	4	20	22	24	10	5	15	9	
1418_A/chicken/China/Cang 4	11	9	1	14	7	5	5	0	4	1	0	3	2	0	0	5	3	4	2	10	5	2	2	5	6	10	4	10	2	12	5	10	12	16	11	13	6	11	5	8	8	8	30	23	2	7	12	5	11	6	4	5	4	16	4	3	19	24	23	11	5	13	11	
1419_A/chicken/China/E93/ 7	12	7	2	11	5	6	4	1	4	0	1	1	3	0	0	6	4	4	3	10	3	3	1	3	6	10	3	11	3	12	5	12	10	16	10	10	5	12	5	8	7	9	30	21	2	6	13	6	8	8	5	3	5	13	4	3	24	20	21	13	5	17	11	
1420_A/chicken/China/E96/ 7	12	7	2	11	4	6	4	1	5	0	1	1	3	0	0	6	4	4	3	10	3	3	1	3	6	10	3	11	3	12	5	12	10	16	10	9	5	12	5	8	7	9	31	21	2	6	12	7	7	8	5	4	5	13	4	3	24	20	21	13	5	17	11	
1421_A/chicken/Gansu/5/20 7	12	7	2	11	5	6	4	1	5	0	1	1	2	0	0	6	4	4	3	10	3	3	1	3	6	11	3	11	3	11	5	12	11	16	11	9	5	12	4	8	7	9	29	22	3	6	14	6	10	8	5	3	4	13	4	2	23	20	20	13	4	17	12	
1422_A/chicken/Gansu/6/20 7	12	7	2	11	5	6	4	1	4	0	1	1	3	0	0	6	4	4	3	10	3	3	1	3	6	10	3	11	3	12	5	12	10	16	10	10	5	12	5	8	7	9	30	21	2	6	13	6	8	8	5	3	5	13	4	3	24	20	21	13	5	17	11	
1423_A/chicken/Guangxi/S2 6	11	8	1	12	6	5	5	1	5	1	0	1	2	0	0	6	4	4	2	10	4	3	2	2	6	10	4	12	2	12	4	12	8	15	10	9	8	13	4	8	8	9	29	23	4	6	14	5	10	6	5	4	4	15	3	3	21	21	18	12	4	16	15	
1424_A/chicken/Hubei/2856 7	12	8	0	11	5	6	6	1	6	1	0	2	2	0	0	6	5	3	3	10	3	3	1	2	6	8	3	11	2	14	5	11	11	16	9	10	6	12	5	8	6	10	30	23	3	5	14	4	10	7	4	5	5	14	4	3	20	18	20	12	5	19	12	
1425_A/chicken/Hunan/1793 6	13	8	0	12	4	6	6	1	5	1	0	2	2	0	0	6	6	4	2	10	2	3	1	2	7	9	3	11	2	13	4	11	10	17	9	10	6	10	6	8	9	10	31	23	3	5	13	5	8	6	4	3	6	15	4	4	19	19	23	12	5	18	10	
1426_A/chicken/Hunan/3157 7	12	9	0	11	5	5	6	2	5	1	0	2	2	0	0	6	5	3	3	10	3	3	1	1	6	9	4	11	2	13	4	10	11	16	9	9	6	11	6	8	10	10	29	23	2	5	14	6	9	6	4	4	5	15	4	4	19	18	22	11	6	19	11	
1427_A/chicken/Hunan/S100 7	10	8	1	11	7	5	5	1	4	1	0	2	3	0	0	6	4	5	2	10	5	2	2	1	5	10	4	12	2	12	4	12	9	15	10	8	8	13	4	8	8	9	29	23	2	6	14	5	9	7	4	5	5	14	4	3	23	19	19	12	3	18	14	
1428_A/chicken/Jiangsu/03 4	11	8	1	14	5	5	5	2	4	1	0	4	4	0	0	8	6	5	2	8	4	2	2	0	4	10	3	10	2	12	5	12	8	21	10	11	7	7	4	8	9	8	27	23	3	6	17	4	10	5	4	3	4	16	4	3	21	20	19	12	5	17	14	
1429_A/chicken/Jiangsu/92 7	11	8	1	11	6	5	5	1	5	1	0	1	2	0	0	6	5	4	2	9	4	3	2	2	5	10	4	13	2	12	4	12	8	14	9	9	8	14	5	8	9	9	28	23	2	6	15	5	9	7	4	4	5	14	4	3	22	21	17	12	4	16	16	
1430_A/chicken/Jiangsu/24 6	10	8	1	12	6	5	5	1	6	1	0	1	2	0	0	7	5	5	2	9	4	3	2	1	5	10	4	13	2	11	4	12	8	15	9	9	8	13	5	8	9	9	29	23	2	6	14	4	9	5	4	4	5	16	4	4	22	21	18	12	4	16	15	
1431_A/chicken/Jiangsu/k0 5	12	9	1	13	5	5	5	1	5	1	0	1	2	0	0	7	5	3	2	9	4	3	2	0	5	11	3	14	2	11	5	11	8	18	9	10	7	10	5	8	9	8	29	23	3	6	15	5	9	6	4	4	5	15	4	3	22	21	20	12	4	16	13	
1432_A/chicken/Jiangsu/SE 6	11	8	1	12	6	5	5	1	5	1	0	1	2	0	0	7	5	4	2	9	4	3	2	1	5	10	4	13	2	12	4	13	8	16	10	8	8	12	4	8	9	9	29	23	2	6	14	4	9	6	4	4	5	15	4	4	22	21	18	12	4	16	15	
1433_A/chicken/Jiangsu/YB 4	11	9	1	14	5	5	5	1	5	1	0	5	3	0	0	8	6	4	2	8	4	2	2	0	4	9	3	10	2	13	5	12	8	21	10	11	7	7	4	8	9	8	26	23	3	6	18	4	8	6	4	3	6	15	4	3	21	20	19	12	5	17	14	
1434_A/chicken/Jiangxi/25 6	11	7	1	12	6	6	5	1	5	0	1	1	2	0	0	6	5	2	2	10	4	5	2	1	5	10	4	13	2	12	4	12	8	15	9	9	8	13	5	8	10	9	29	23	2	6	14	5	10	6	4	4	4	15	4	3	21	21	19	12	4	16	14	
1435_A/chicken/Jiangxi/S4 4	12	10	2	14	6	4	4	0	4	1	0	2	2	0	0	4	5	4	4	12	3	2	1	5	6	10	6	9	2	12	3	11	12	15	7	12	5	11	8	7	9	8	23	23	2	7	18	6	8	7	6	3	6	14	3	4	20	22	24	10	5	15	9	
1436_A/chicken/Jilin/04.1 6	11	8	1	12	6	5	5	1	5	1	0	1	2	0	0	7	5	4	1	9	4	3	3	1	5	10	4	13	2	12	4	12	8	15	9	9	8	12	6	8	9	9	29	23	2	6	14	4	9	5	4	4	5	16	4	4	22	21	18	12	4	16	15	
1437_A/chicken/Jilin/04.1 6	11	8	1	12	6	5	5	1	5	1	0	1	2	0	0	7	5	4	1	9	4	3	3	1	5	10	4	13	2	12	4	12	8	15	9	9	8	12	6	8	9	9	29	23	2	6	14	4	9	5	4	4	5	16	4	4	22	21	18	12	4	16	15	
1438_A/chicken/Jilin/04.1 6	11	8	1	12	6	5	5	1	5	1	0	1	2	0	0	7	5	4	1	9	4	3	3	1	5	10	4	13	2	12	4	12	8	15	9	9	8	12	6	8	9	9	29	23	2	6	14	4	9	5	4	4	5	16	4	4	22	21	18	12	4	16	15	
1439_A/chicken/Jilin/04.1 6	11	8	1	12	6	5	5	1	5	1	0	1	2	0	0	7	5	4	1	9	4	3	3	1	5	10	4	13	2	12	4	12	8	15	9	9	8	12	6	8	9	9	29	23	2	6	14	4	9	5	4	4	5	16	4	4	22	21	18	12	4	16	15	
1440_A/chicken/Jilin/04.2 6	11	8	1	12	6	5	5	1	5	1	0	1	2	0	0	7	5	4	1	9	4	3	3	1	5	10	4	13	2	12	4	12	8	15	9	9	8	12	6	8	9	9	29	23	2	6	14	4	9	6	4	4	5	15	4	4	22	21	18	12	4	16	15	
1441_A/chicken/Jilin/S125 7	11	8	1	11	6	5	5	1	5	1	0	1	2	0	0	6	4	4	2	10	5	3	2	2	5	12	4	12	2	10	4	12	8	17	9	10	8	11	5	7	9	9	29	23	2	6	14	3	10	7	4	5	5	14	4	5	21	23	20	11	4	14	13	
1442_A/chicken/Jilin/S127 7	11	8	1	11	6	5	5	1	5	1	0	1	2	0	0	6	4	4	2	10	5	3	2	2	5	12	4	12	2	10	4	12	8	17	9	9	8	11	5	8	9	9	29	23	2	6	14	3	10	7	4	5	5	14	4	5	21	23	20	11	4	14	13	
1443_A/chicken/Liaoning/S 6	12	7	3	12	5	6	3	1	5	0	1	1	2	0	0	6	4	5	3	10	3	2	1	3	6	10	3	11	3	12	5	11	11	17	11	10	5	11	4	8	7	9	30	21	3	6	13	6	8	8	5	3	5	13	4	2	24	21	20	14	4	16	12	
1444_A/chicken/Liaoning/S 7	12	8	1	11	6	5	5	1	4	1	0	1	2	0	0	6	4	4	2	10	5	3	2	2	5	11	4	12	2	11	4	13	8	17	9	8	8	11	5	8	9	9	29	23	2	6	14	4	10	6	4	4	5	15	4	5	20	23	19	11	5	14	14	
1445_A/chicken/Ningxia/2/ 7	12	7	2	11	5	6	4	1	5	0	1	1	2	0	0	6	4	4	3	10	3	3	1	3	6	10	3	11	3	12	5	12	11	16	11	9	5	12	4	8	7	9	29	21	3	6	14	6	10	8	5	3	4	13	4	2	23	20	19	14	4	17	13	
1446_A/chicken/Ningxia/22 7	12	7	2	11	5	6	4	1	5	0	1	1	2	0	0	6	4	4	3	10	3	3	1	3	6	10	3	11	3	12	5	12	11	16	11	9	5	12	4	8	7	9	29	21	3	6	14	6	10	8	5	3	4	13	4	2	23	20	20	14	4	17	12	
1447_A/chicken/Shandong/1 4	11	9	1	14	5	5	5	2	4	1	0	4	4	0	0	8	6	4	2	8	4	2	2	0	4	9	3	10	2	13	5	12	8	21	10	11	7	7	4	8	9	9	26	23	3	6	17	4	10	5	4	3	4	16	4	3	21	20	19	12	5	17	14	
1448_A/Chicken/Shandong/J 5	12	9	1	13	4	5	5	1	5	1	0	1	3	0	0	6	2	3	2	10	5	3	2	3	5	11	4	11	4	11	4	12	9	16	8	9	7	12	6	8	8	9	27	23	3	6	16	5	10	7	3	4	5	14	5	3	21	20	20	12	4	17	13	
1449_A/Chicken/Shandong/J 7	12	7	2	11	5	6	4	1	5	0	1	2	2	0	0	6	4	4	3	10	3	3	1	3	6	10	3	10	3	12	5	11	11	16	12	10	5	12	3	8	8	9	29	21	2	6	14	6	7	10	5	3	5	11	4	3	23	20	18	13	6	17	14	
1450_A/Chicken/Shandong/J 7	13	7	2	11	4	6	4	1	5	0	1	1	2	0	0	6	4	4	3	10	3	3	1	3	6	10	3	11	3	12	5	11	11	17	10	10	5	12	4	8	8	8	31	21	2	7	12	6	8	8	5	3	5	13	4	2	23	20	20	14	5	17	12	
1451_A/Chicken/Shandong/J 7	12	7	2	11	5	6	4	1	5	0	1	1	2	0	0	6	4	5	3	10	3	2	1	3	7	10	3	11	2	12	5	12	11	17	11	10	5	11	4	8	8	10	30	21	2	5	13	5	8	8	5	3	5	13	4	2	24	19	20	14	4	18	12	
1452_A/Chicken/Shandong/J 5	11	8	1	13	6	5	5	1	5	0	1	1	2	0	0	6	5	4	2	10	4	3	2	0	5	13	3	14	2	9	4	11	8	17	10	10	7	10	5	8	9	8	27	23	3	6	18	5	9	6	3	4	5	15	4	3	22	21	20	12	4	16	14	
1453_A/chicken/Shanghai/S 6	11	8	1	12	6	5	5	1	5	1	0	1	2	0	0	7	5	4	3	9	4	3	2	1	5	10	3	13	2	12	4	13	8	17	9	8	8	11	5	8	9	9	28	23	2	6	15	4	9	5	4	4	5	16	4	4	22	21	15	12	4	16	18	
1454_A/chicken/Shanghai/S 6	11	8	1	12	6	5	5	1	5	1	0	1	2	0	0	7	5	4	2	9	4	3	2	1	5	10	4	13	2	12	4	13	8	17	9	8	8	11	5	8	9	10	29	23	2	5	14	4	9	6	5	4	5	15	4	4	22	22	18	12	4	15	14	
1455_A/chicken/Wuxi/WX-32 9	11	8	1	10	6	5	5	1	5	1	0	1	2	0	0	6	6	4	2	10	5	2	2	1	4	10	4	13	2	12	4	11	8	14	9	9	8	14	5	8	9	10	29	23	2	6	13	5	11	6	4	4	4	15	5	3	21	20	18	12	4	16	15	
1456_A/chicken/Wuxi/WX-33 10	10	8	1	11	6	5	5	1	5	1	0	1	2	0	0	5	7	4	2	9	6	2	2	1	4	12	4	14	2	9	4	11	8	13	10	9	8	14	4	8	9	10	30	23	2	6	13	5	10	7	4	4	4	15	4	3	21	19	19	12	4	16	15	
1457_A/chicken/Xinjiang/S 6	11	8	1	12	6	5	5	1	5	1	0	1	2	0	0	7	5	4	3	9	4	3	2	1	5	10	3	13	2	12	4	13	8	17	9	8	8	11	5	8	9	9	28	23	2	6	15	4	9	5	4	4	5	16	4	4	22	21	16	12	4	16	17	
1458_A/chicken/Xinjiang/S 6	11	8	1	12	6	5	5	1	5	1	0	1	2	0	0	7	5	4	3	9	4	3	2	1	5	10	3	13	2	12	4	13	8	17	9	8	8	11	5	8	9	9	28	23	2	6	15	4	9	6	4	4	5	15	4	4	22	21	16	12	4	16	17	
1459_A/chicken/Xinjiang/S 6	11	8	1	12	6	5	5	1	5	1	0	1	2	0	0	7	5	4	3	9	4	3	2	1	5	10	3	13	2	12	4	14	8	17	9	8	8	11	5	8	9	9	28	23	2	6	15	3	9	5	4	4	5	16	4	4	22	21	16	12	4	16	17	
1460_A/chicken/Yunnan/1/2 6	10	9	1	12	7	4	5	2	5	1	0	1	2	0	0	7	7	2	2	9	2	5	2	3	5	9	4	10	2	13	4	12	8	16	9	9	7	12	5	8	10	9	30	24	2	6	13	5	10	6	4	4	5	14	4	2	21	20	17	12	4	18	16	
1461_A/condor/Guangdong/1 7	12	9	1	11	5	5	5	1	5	1	0	1	2	0	0	6	4	3	3	10	4	3	1	2	5	9	3	12	3	13	5	11	10	16	9	10	6	12	5	8	8	7	32	21	4	6	12	5	8	6	4	4	5	15	4	4	23	20	18	12	4	18	15	
1462_A/Curlew/Hong_Kong/A 5	12	9	2	13	6	5	4	0	4	1	0	2	2	0	0	5	4	4	4	11	4	2	1	4	6	12	3	11	2	10	5	10	12	12	11	14	5	16	5	7	9	10	27	24	2	5	15	6	9	8	4	5	4	14	4	4	19	20	23	9	6	17	10	
1463_A/Cygnus_columbianus 6	11	8	2	12	7	5	4	1	4	1	0	2	2	0	0	5	4	4	4	11	4	3	1	4	6	10	5	10	2	12	4	9	12	15	10	15	4	12	6	7	10	8	26	22	2	7	15	6	10	8	5	4	4	14	4	5	18	20	22	10	7	17	11	
1464_A/Cygnus_columbianus 6	11	8	2	12	7	5	4	1	4	1	0	3	2	0	0	5	4	4	4	11	4	3	1	3	6	10	5	10	2	12	4	9	12	15	10	15	4	12	6	6	10	8	27	23	2	7	14	6	10	8	5	4	4	14	4	6	18	20	23	9	7	17	10	
1465_A/Cygnus_columbianus 6	11	8	2	12	7	5	4	1	4	1	0	2	2	0	0	5	4	4	4	11	4	3	1	4	6	10	5	10	2	12	4	9	12	15	10	15	4	12	6	7	10	8	26	22	2	7	15	6	10	8	5	4	4	14	4	5	18	20	22	10	7	17	11	
1466_A/Cygnus_columbianus 6	11	8	2	12	7	5	4	1	4	1	0	2	2	0	0	5	4	4	4	11	4	3	1	4	6	10	5	10	2	12	4	9	12	15	10	15	4	12	6	7	10	8	26	22	2	7	15	6	10	8	5	4	4	14	4	5	18	20	22	10	7	17	11	
1467_A/domestic_green-win 4	12	8	2	14	6	6	4	0	5	1	0	2	1	0	0	3	5	4	3	12	3	2	1	5	5	11	5	11	3	11	4	10	12	21	9	14	5	8	5	7	8	9	31	23	3	6	11	5	8	5	5	6	5	16	4	4	20	24	23	8	7	13	11	
1468_A/duck/China/E26/201 5	12	9	1	13	5	5	5	1	5	0	1	1	2	0	0	7	5	3	2	9	4	3	2	0	5	10	3	14	2	12	5	10	8	17	10	11	7	10	5	8	9	8	28	23	3	6	16	6	9	6	5	4	5	15	3	3	21	20	20	12	4	17	13	
1469_A/duck/China/E53/201 5	12	9	2	13	4	5	4	1	5	0	1	0	3	0	0	6	3	3	2	10	4	3	2	3	6	11	3	12	3	11	4	11	9	17	8	10	7	11	6	8	10	8	28	23	2	6	17	5	10	8	3	4	5	13	5	3	21	20	21	12	3	17	12	
1470_A/duck/Eastern_China 8	9	8	1	10	8	6	5	2	6	1	0	2	1	0	0	4	4	5	3	11	4	1	1	1	6	14	4	13	2	8	4	9	9	14	9	16	6	14	6	7	11	9	27	24	2	6	16	4	8	8	5	4	5	14	3	7	21	28	20	7	5	9	14	
1471_A/duck/Eastern_China 4	10	10	1	14	8	4	5	0	4	1	0	1	2	0	0	4	7	5	3	11	1	2	1	4	5	11	4	13	3	11	5	9	10	13	9	15	8	13	7	6	10	7	32	24	1	8	10	4	10	5	5	4	3	17	3	6	21	19	23	9	5	18	11	
1472_A/duck/Fujian/S1233/ 6	10	10	1	12	7	3	5	1	5	1	0	3	2	0	0	7	5	3	2	9	4	4	2	2	5	9	4	10	2	13	5	13	8	16	7	8	6	13	5	8	11	9	28	23	2	6	14	7	10	7	5	4	5	14	4	2	22	20	16	11	3	17	17	
1473_A/duck/Fujian/S1273/ 6	11	8	1	12	6	5	5	1	5	1	0	1	2	0	0	7	5	4	2	9	4	3	2	1	5	10	4	13	2	12	4	13	8	17	9	8	8	11	5	8	9	9	28	23	2	6	15	4	9	6	4	4	5	15	4	4	22	21	15	12	4	16	18	
1474_A/Duck/Fujian/S4146/ 6	11	7	1	12	6	6	5	1	5	1	0	1	2	0	0	6	5	2	2	10	4	5	2	1	5	9	4	13	2	13	4	12	8	15	8	9	8	13	6	8	10	8	29	23	2	7	14	5	10	6	4	4	4	15	4	3	21	21	19	12	4	16	14	
1475_A/duck/Guangdong/S45 5	12	10	2	13	6	4	4	0	4	1	0	2	2	0	0	5	4	4	4	11	4	2	1	4	6	11	3	10	2	11	4	10	12	13	9	12	5	14	5	7	9	10	29	24	2	5	14	6	8	8	5	4	6	13	4	4	19	21	22	9	6	16	11	
1476_A/duck/Guangdong/S45 5	12	10	2	13	6	4	4	0	4	1	0	2	2	0	0	5	4	4	4	11	4	2	1	4	6	11	3	10	2	11	4	10	12	13	9	12	5	14	5	7	9	10	29	24	2	5	14	6	9	8	5	4	5	13	4	4	19	21	22	9	6	16	11	
1477_A/duck/Guizhou/S1321 5	12	10	2	13	6	4	4	0	4	1	0	2	2	0	0	5	4	4	4	11	4	2	1	4	6	13	2	10	2	10	4	10	12	13	9	12	5	14	5	7	9	10	28	24	2	5	15	6	9	8	5	4	5	13	4	4	19	20	22	9	6	17	11	
1478_A/duck/Guizhou/S1711 4	12	10	1	14	6	4	5	0	4	1	0	3	2	0	0	5	4	3	2	9	4	3	2	6	6	11	5	9	2	11	4	12	11	17	10	9	7	9	5	8	8	9	26	23	2	6	16	6	12	6	3	5	4	16	5	2	19	23	24	11	4	13	10	
1479_A/duck/Hubei/03.06__ 5	11	9	1	13	5	5	5	1	5	1	0	4	3	0	0	8	6	4	2	8	4	2	2	0	4	10	3	11	2	12	5	14	8	19	9	10	7	9	4	8	10	8	26	23	3	6	18	4	9	6	4	3	4	15	5	3	20	19	19	12	5	18	14	
1480_A/duck/Hubei/46/2009 7	11	9	2	11	5	5	4	1	6	1	0	1	1	0	0	6	5	3	3	10	4	3	1	2	5	10	3	12	3	12	5	12	10	16	9	9	6	12	5	8	8	7	32	23	3	7	12	5	8	7	5	4	5	14	3	3	22	20	19	12	5	17	14	
1481_A/duck/Hubei/2911/20 7	13	8	0	11	5	6	6	1	4	1	0	3	2	0	0	6	5	3	3	10	3	3	1	1	6	9	4	11	2	12	5	11	9	16	8	9	6	11	7	8	9	10	29	23	4	5	14	6	8	6	4	4	6	15	4	3	20	18	22	12	5	19	11	
1482_A/duck/Hubei/S4465/2 4	12	10	2	14	6	4	4	0	4	1	0	2	2	0	0	4	5	4	4	12	3	2	1	5	6	10	6	9	2	12	3	11	12	15	7	12	5	11	8	7	9	8	23	23	2	7	18	6	8	7	6	3	6	14	3	4	20	22	24	10	5	15	9	
1483_A/duck/Hubei/SE128/2 4	12	10	2	14	6	4	4	0	5	1	0	2	1	0	0	4	5	4	4	12	3	2	1	5	6	10	6	9	2	12	3	11	11	15	7	12	5	11	8	7	9	9	22	23	3	7	18	6	8	7	6	3	6	14	3	4	20	22	24	10	5	15	9	
1484_A/duck/Hubei/SE220/2 5	12	10	2	13	6	4	4	0	4	1	0	2	2	0	0	5	4	4	4	11	4	2	1	4	6	12	3	10	2	10	4	10	12	13	9	11	5	14	5	7	9	10	29	23	2	5	14	6	9	8	5	5	5	13	4	4	19	20	22	10	6	17	11	
1485_A/duck/Hubei/xn/2007 7	10	9	1	11	7	5	5	1	5	1	0	1	2	0	0	7	4	3	3	9	4	3	1	2	5	9	2	12	3	13	6	11	9	17	9	10	7	11	5	8	8	8	32	23	3	6	12	5	7	7	4	4	6	14	4	3	23	19	23	12	4	18	10	
1486_A/duck/Hunan/03.07_Y 6	12	7	2	13	6	7	4	2	6	1	0	1	2	0	0	3	5	3	3	11	2	3	1	2	7	10	4	12	1	12	5	8	13	17	8	13	3	10	6	7	9	12	33	23	1	6	7	6	9	8	4	3	6	14	5	7	21	17	23	9	3	19	10	
1487_A/duck/Hunan/12.07__ 7	12	8	1	11	5	5	5	1	5	1	0	1	2	0	0	6	6	4	2	10	3	3	2	2	5	10	4	12	2	12	4	12	8	15	9	8	8	13	5	8	9	9	29	23	2	6	14	5	10	6	4	5	4	15	3	3	23	20	20	12	3	17	14	
1488_A/duck/Hunan/12.07__ 6	12	9	2	12	4	5	4	1	5	1	0	1	3	0	0	6	4	4	2	10	3	2	2	4	6	11	5	10	3	11	5	11	9	17	8	10	6	11	6	8	9	8	26	23	3	6	16	5	10	5	3	4	5	16	5	2	22	19	21	13	3	18	12	
1489_A/duck/Hunan/12.07_Y 6	12	9	2	12	4	5	4	1	5	1	0	1	3	0	0	6	4	4	2	10	3	2	2	4	6	11	5	10	3	11	5	11	9	17	8	10	6	11	6	8	9	8	26	23	3	6	16	5	10	5	3	4	5	16	5	2	22	19	21	13	3	18	12	
1490_A/duck/Hunan/12.07_Y 7	11	8	1	11	6	5	5	1	5	1	0	1	2	0	0	7	5	4	1	10	4	3	3	2	5	10	5	11	2	12	4	12	7	15	8	9	9	13	6	9	9	9	29	23	2	6	13	5	10	6	4	4	4	15	4	2	22	21	18	12	4	16	15	
1491_A/duck/Hunan/316/200 7	12	9	0	11	5	5	6	1	5	1	0	2	2	0	0	6	5	4	3	10	3	2	1	2	6	9	3	11	2	13	5	11	10	16	9	10	6	11	6	8	8	10	30	23	4	5	13	6	9	6	3	3	5	15	5	5	20	19	22	10	5	18	11	
1492_A/duck/Hunan/689/200 7	12	9	0	11	5	5	6	2	5	1	0	2	2	0	0	6	5	3	3	10	3	3	1	1	6	9	4	11	2	13	4	11	10	16	9	10	6	11	6	8	9	10	29	23	3	5	14	6	9	6	4	3	5	15	4	4	20	18	22	11	5	19	11	
1493_A/duck/Hunan/3315/20 6	12	8	0	12	5	6	6	1	5	1	0	2	2	0	0	6	4	3	3	10	4	3	1	2	6	9	3	11	2	13	4	11	10	16	9	9	6	12	5	8	9	10	31	23	3	5	13	5	8	6	4	4	6	15	4	4	19	19	22	12	6	18	11	
1494_A/duck/Hunan/S4020/2 6	12	9	1	12	4	5	5	1	5	1	0	1	3	0	0	6	3	3	2	10	5	3	2	3	5	11	3	11	3	11	5	11	9	16	8	10	7	12	6	8	8	8	27	23	3	6	17	5	10	6	3	4	5	15	5	3	22	21	20	12	3	16	13	
1495_A/duck/Hunan/S4030/2 5	12	10	1	13	4	4	5	1	5	1	0	0	3	0	0	6	4	4	2	10	3	2	2	4	6	11	4	11	3	11	5	11	8	17	8	11	8	11	6	9	8	8	28	23	3	6	15	5	10	6	4	3	5	15	4	2	22	20	21	12	3	17	12	
1496_A/duck/Hunan/S4150/2 5	12	9	1	13	5	5	5	1	5	1	0	2	2	0	0	8	5	3	2	8	4	3	2	0	5	10	3	13	2	12	5	11	8	19	10	10	7	9	4	8	9	8	29	23	3	6	15	5	9	6	4	4	5	15	4	3	21	21	19	12	5	16	14	
1497_A/duck/Hunan/S4220/2 7	11	8	1	11	6	5	5	1	5	1	0	2	2	0	0	6	5	3	2	10	4	4	2	2	5	9	4	11	2	13	4	12	8	15	9	9	8	13	5	8	10	9	29	23	2	6	14	5	10	6	4	3	5	15	4	4	21	21	20	11	4	16	13	
1498_A/duck/Jiangsu/S4439 6	11	8	1	12	6	5	5	1	5	1	0	1	2	0	0	7	5	4	2	9	4	3	2	1	5	10	4	13	2	12	4	13	8	17	9	8	8	11	5	8	9	10	29	23	2	5	14	4	9	6	4	4	5	15	4	4	22	22	18	12	4	15	15	
1499_A/duck/Jiangsu/SE112 6	11	8	1	12	6	5	5	1	5	1	0	1	2	0	0	7	5	4	2	9	4	3	2	1	5	10	4	13	2	12	4	13	7	16	9	8	8	12	5	8	10	9	31	23	2	6	12	4	9	6	4	4	5	15	4	4	22	22	18	12	4	15	15	
1500_A/duck/Jiangxi/34/20 6	11	7	1	12	6	6	5	1	5	0	1	1	2	0	0	6	5	2	2	10	4	5	2	1	5	10	4	13	2	12	4	12	9	14	9	9	8	13	5	8	10	9	29	23	2	6	14	5	10	6	4	4	4	15	4	3	21	21	19	12	4	16	14	
1501_A/duck/Jiangxi/35/20 6	12	8	1	12	6	5	5	1	4	0	1	1	2	0	0	6	5	2	2	10	4	5	2	2	5	10	4	12	2	12	4	12	9	16	10	9	8	11	5	8	9	9	30	23	2	6	13	5	10	6	4	4	4	15	4	3	21	21	18	12	4	16	15	
1502_A/duck/Jiangxi/44/20 6	12	11	1	12	5	3	5	0	5	0	1	4	1	0	0	5	5	5	3	10	3	1	1	7	5	11	5	7	3	11	5	11	13	17	8	11	6	9	6	6	7	9	28	23	2	7	13	6	8	4	6	6	5	17	2	4	21	21	24	9	5	16	10	
1503_A/duck/Jiangxi/120/2 6	12	9	0	12	5	5	6	1	6	0	1	2	1	0	0	7	5	3	3	9	3	3	1	2	6	11	3	11	2	11	3	11	9	16	9	10	6	12	5	8	11	10	29	23	3	5	16	4	8	5	5	4	6	16	4	4	20	19	23	12	4	18	9	
1504_A/duck/Jiangxi/130/2 5	12	8	1	13	5	5	5	1	5	0	1	2	2	0	0	8	5	4	2	8	4	3	2	0	5	10	3	13	2	12	5	11	8	19	9	10	7	9	5	8	9	8	28	23	3	6	16	5	9	6	4	4	5	15	4	3	21	21	19	12	5	16	14	
1505_A/duck/Jiangxi/S4083 4	12	10	2	14	6	4	4	0	4	1	0	2	2	0	0	4	6	4	4	12	2	2	1	5	6	10	6	9	2	12	3	11	12	15	7	12	5	11	8	7	9	8	23	23	2	7	18	6	8	7	6	3	6	14	3	4	20	22	24	10	5	15	9	
1506_A/duck/Jilin/04.04_S 6	11	8	1	12	6	5	5	2	4	1	0	1	2	0	0	7	5	4	2	9	4	3	2	1	5	10	4	13	2	12	4	12	8	15	9	9	8	13	5	8	9	9	29	23	2	6	14	4	9	6	4	4	5	15	4	4	22	21	17	12	4	16	16	
1507_A/duck/Jilin/JL-SIV/ 7	11	8	0	12	5	6	6	1	3	1	0	2	4	0	0	6	5	4	3	10	3	2	1	3	6	9	3	10	2	13	5	11	10	16	9	10	6	12	5	9	9	10	30	23	3	5	13	5	9	6	4	4	5	15	4	3	21	18	22	11	4	20	10	
1508_A/duck/Jilin/S1261/2 7	11	8	1	11	6	5	5	1	5	1	0	1	2	0	0	6	4	4	2	10	5	3	2	2	5	12	4	12	2	10	4	12	8	17	9	9	8	11	5	8	9	9	29	23	2	6	14	3	10	7	4	5	5	14	4	5	21	23	20	11	4	14	13	
1509_A/duck/Jilin/S4171/2 7	12	8	1	11	6	5	5	1	4	1	0	1	2	0	0	6	4	4	2	10	5	3	2	3	5	11	4	11	2	11	4	13	8	17	9	8	8	11	5	8	9	9	29	23	2	6	14	4	10	6	4	5	4	15	4	4	20	22	19	12	5	15	14	
1510_A/duck/Nanchang/9789 6	11	8	1	12	6	5	5	0	4	1	0	2	3	0	0	7	5	3	2	9	4	4	2	3	5	10	4	11	2	12	4	12	8	15	9	8	7	13	5	9	10	9	29	24	2	6	14	5	10	6	4	4	4	15	4	2	22	21	18	12	4	16	15	
1511_A/duck/Shandong/009/ 7	12	8	0	11	5	6	6	1	4	0	1	2	3	0	0	5	5	3	3	11	3	3	1	3	6	11	2	11	2	12	5	11	11	16	10	12	5	13	5	8	9	10	30	23	3	5	13	5	9	6	4	4	5	16	4	3	21	18	23	12	4	19	10	
1512_A/Duck/Shandong/Y01/ 5	12	9	1	13	5	5	5	1	5	0	1	1	2	0	0	7	5	3	2	9	4	3	2	0	5	10	3	14	2	12	5	11	9	19	8	10	7	9	6	8	9	8	29	23	2	6	15	5	9	6	4	4	5	15	4	3	22	21	20	12	4	16	13	
1513_A/Duck/Shandong/Y02/ 5	12	9	1	13	5	5	5	1	5	0	1	1	2	0	0	7	5	3	2	9	4	3	2	0	5	10	3	14	2	12	5	11	8	17	10	10	7	10	5	8	9	9	28	23	3	6	15	6	9	6	4	3	5	15	4	3	22	21	20	12	4	16	13	
1514_A/duck/Sichuan/NCXN1 6	8	9	2	12	8	4	5	1	5	1	0	2	2	0	0	7	5	2	2	9	4	5	2	2	5	9	5	11	2	13	4	12	8	17	8	9	6	12	5	8	11	9	29	24	2	6	13	5	10	6	5	4	5	15	4	2	21	21	18	12	4	16	14	
1515_A/duck/Sichuan/NCXN1 6	9	9	1	12	8	4	5	1	5	1	0	2	2	0	0	7	5	2	2	9	4	5	2	2	5	9	5	11	2	13	4	12	8	17	8	9	6	12	5	8	11	9	29	24	2	6	13	5	10	6	5	4	5	15	4	2	21	21	18	12	4	16	14	
1516_A/duck/Xinjiang/S106 6	11	8	1	12	6	5	5	1	5	1	0	1	2	0	0	7	5	4	3	9	4	3	2	1	5	10	3	13	2	12	4	13	8	17	9	8	8	11	5	8	9	9	28	23	2	6	15	4	9	6	4	4	5	15	4	4	22	21	16	12	4	16	17	
1517_A/duck/Xinjiang/S112 6	11	8	1	12	6	5	5	1	5	1	0	1	2	0	0	7	5	4	3	9	4	3	2	1	5	10	3	13	2	12	4	13	8	17	9	8	8	11	5	8	9	9	28	23	2	6	15	4	9	5	4	4	5	16	4	4	22	21	15	12	4	16	18	
1518_A/duck/Zhejiang/1220 6	11	8	1	12	6	5	5	1	5	1	0	1	2	0	0	7	5	3	2	9	4	4	2	1	5	10	4	13	2	12	4	12	8	15	9	9	8	13	5	8	9	9	29	23	2	6	14	4	9	7	4	4	5	14	4	4	22	22	18	12	4	15	15	
1519_A/duck/Zhejiang/S409 6	10	7	1	12	7	5	5	1	5	1	0	1	2	0	0	7	5	5	2	9	4	3	2	1	5	10	4	13	2	12	4	14	8	16	9	7	8	13	5	8	9	9	29	23	2	6	14	4	9	6	4	4	5	14	4	4	22	21	19	11	5	16	14	
1520_A/equine/China/61/20 7	12	9	1	11	5	5	5	1	5	1	0	1	2	0	0	7	4	3	3	9	4	3	1	2	5	9	3	12	3	13	5	11	10	16	9	10	6	12	5	8	8	8	30	23	3	6	14	5	8	6	4	4	5	15	4	3	23	18	21	12	4	18	13	
1521_A/equine/China/67/20 7	12	9	1	11	5	5	5	1	5	1	0	1	2	0	0	7	4	3	3	9	4	3	1	2	5	9	3	12	3	13	5	11	10	16	9	10	6	12	5	8	8	8	30	23	3	6	14	5	8	6	4	4	5	15	4	3	23	18	21	12	4	18	13	
1522_A/equine/China/68/20 7	12	9	1	11	5	5	5	1	5	1	0	2	2	0	0	7	4	3	3	9	4	3	1	2	5	9	3	11	3	13	5	11	10	16	9	10	6	12	5	8	8	8	30	23	3	6	14	5	8	6	4	4	5	15	4	3	23	18	21	12	4	18	13	
1523_A/Eurasian_Teal/Hong 6	11	8	2	12	7	5	4	1	5	1	0	2	1	0	0	5	3	4	4	11	4	3	1	3	7	10	5	11	2	12	4	9	12	15	9	15	4	11	7	7	10	11	26	23	2	6	14	6	10	8	5	5	3	14	4	5	18	20	22	9	7	17	11	
1524_A/Eurasian_Teal/Hong 6	11	8	2	12	7	5	4	1	4	1	0	2	2	0	0	5	3	4	4	11	4	3	1	3	7	10	5	11	2	12	4	9	12	15	9	15	4	11	7	7	10	11	26	23	2	6	14	6	10	8	5	5	3	14	4	5	18	19	22	9	7	18	11	
1525_A/Eurasian_Wigeon/Ho 6	11	8	2	12	7	5	4	1	4	1	0	2	2	0	0	5	3	4	4	11	4	3	1	3	7	10	5	11	2	12	4	9	12	15	9	15	4	11	7	7	10	11	26	23	2	6	14	6	10	8	5	5	3	14	4	5	18	19	22	9	7	18	11	
1526_A/Eurasian_Wigeon/Ho 6	11	8	2	12	7	5	4	1	4	1	0	2	2	0	0	5	3	4	4	11	4	3	1	3	7	10	5	11	2	12	4	9	12	15	9	15	4	11	7	7	10	11	26	23	2	6	14	6	10	8	5	5	3	14	4	5	18	19	22	9	7	18	11	
1527_A/Falco_peregrinus/B 6	11	8	2	12	7	5	4	1	4	1	0	4	3	0	0	4	4	4	4	12	4	3	1	3	6	9	5	9	1	13	4	9	12	14	11	15	4	12	6	7	10	8	26	23	2	7	15	6	10	8	5	4	4	14	4	5	18	21	22	9	7	16	11	
1528_A/Fujian/1/2005|EPI_ 8	12	10	0	10	5	4	6	1	5	1	0	2	2	0	0	5	5	3	3	11	3	3	1	2	6	11	3	11	2	11	4	12	10	16	9	10	6	12	5	8	9	9	31	23	3	6	13	6	9	6	4	2	5	15	4	3	21	20	21	12	4	17	12	
1529_A/Fujian/1/2007|EPI_ 8	12	9	1	10	5	5	5	1	5	1	0	1	2	0	0	7	4	3	3	9	4	3	1	2	6	9	3	12	2	13	5	11	10	16	9	10	6	12	5	8	7	8	30	23	3	6	14	5	8	6	4	4	5	15	4	3	24	19	18	12	4	18	15	
1530_A/Gallinago_Stenura/ 6	11	8	2	12	7	5	4	1	4	1	0	2	2	0	0	5	3	4	4	11	4	3	1	3	7	10	5	11	2	12	4	9	12	15	9	15	4	11	7	7	10	11	26	23	2	6	14	6	10	8	5	5	3	14	4	5	18	19	22	9	7	18	11	
1531_A/goose/China/E43/20 6	12	8	1	12	6	5	5	1	5	0	1	1	2	0	0	6	5	2	2	10	4	5	2	1	5	10	3	13	2	12	5	12	8	15	8	9	8	13	5	8	10	9	30	23	2	6	13	5	10	6	4	4	4	15	5	3	20	21	18	12	4	16	15	
1532_A/goose/Guangdong/SH 6	10	9	1	12	7	4	5	1	5	1	0	2	2	0	0	7	5	2	2	9	4	5	2	2	5	9	4	11	2	13	4	12	8	16	9	9	6	12	5	8	11	9	30	24	2	6	13	5	10	6	4	4	5	15	4	2	21	20	18	12	4	17	15	
1533_A/goose/Guizhou/S154 5	12	10	2	13	6	4	4	0	4	1	0	2	2	0	0	5	4	4	4	11	4	2	1	4	6	12	3	10	2	10	4	10	12	13	9	12	5	14	5	7	9	10	28	24	2	5	15	6	9	8	5	4	5	13	4	4	19	20	22	9	6	17	11	
1534_A/goose/Hunan/SE284/ 7	11	8	2	11	7	5	4	1	4	1	0	3	2	0	0	5	4	4	4	11	4	3	1	3	6	10	5	9	2	12	4	9	12	15	9	13	4	11	6	7	10	8	26	23	2	7	15	6	10	8	5	3	4	13	4	6	18	20	22	9	7	17	11	
1535_A/goose/Inner_Mongol 6	11	9	1	12	7	5	5	0	3	1	0	3	3	0	0	4	4	4	3	10	4	2	1	2	6	11	5	12	2	11	3	9	11	18	9	15	7	8	6	6	9	6	29	24	1	8	15	5	8	8	5	5	6	13	3	4	22	26	21	9	3	11	13	
1536_A/goose/Jiangsu/k040 7	11	9	1	11	6	5	5	1	5	1	0	2	2	0	0	8	4	3	3	9	4	3	1	2	5	9	2	10	3	13	6	12	9	17	9	10	8	10	5	8	8	7	31	23	3	7	13	4	7	7	4	4	7	14	4	3	22	19	24	12	4	18	9	
1537_A/goose/Jilin/S4034/ 7	11	8	1	11	6	5	5	1	6	1	0	1	2	0	0	6	4	4	2	10	5	3	2	2	5	10	4	12	2	12	4	12	7	16	9	8	9	12	5	8	8	9	29	23	3	6	14	5	10	7	4	4	5	14	4	5	20	23	19	11	4	14	14	
1538_A/goose/Shandong/03. 7	11	8	1	11	6	5	5	1	5	1	0	1	2	0	0	7	4	4	2	9	5	3	2	1	6	10	4	13	1	12	4	12	8	15	9	9	8	13	5	8	9	9	29	23	2	6	14	4	9	6	4	4	5	15	4	4	22	21	18	12	4	16	15	
1539_A/goose/Shandong/GS/ 7	11	8	1	11	6	5	5	1	5	1	0	1	2	0	0	6	5	4	2	10	4	3	2	1	5	10	5	13	2	12	4	12	8	14	8	9	9	14	6	8	8	10	27	23	2	6	14	5	9	6	4	4	5	15	4	3	22	21	16	12	4	16	17	
1540_A/goose/Zhejiang/112 6	11	8	1	12	6	5	5	1	5	1	0	1	2	0	0	7	5	4	2	9	4	3	2	1	5	10	4	13	2	12	4	12	8	15	9	9	8	13	5	8	9	9	29	23	2	6	14	4	8	7	4	4	5	14	4	4	23	21	18	12	4	16	15	
1541_A/goose/Zhejiang/727 7	11	8	1	11	6	5	5	1	5	1	0	1	2	0	0	6	5	4	2	9	4	3	2	3	5	10	3	12	2	12	5	12	8	14	9	9	7	14	5	8	10	9	28	23	2	6	15	5	9	7	4	4	5	14	4	3	22	21	17	12	4	16	16	
1542_A/Great_black-headed 7	11	7	1	12	6	5	5	2	5	1	0	1	2	0	0	7	5	3	2	9	4	4	2	0	5	10	4	13	2	12	4	12	7	16	9	9	9	12	5	7	8	10	29	24	2	6	13	3	9	6	4	5	5	15	4	4	23	22	18	12	4	15	15	
1543_A/Great_black-headed 6	11	8	1	12	6	5	5	2	5	1	0	1	2	0	0	7	5	3	2	9	4	4	2	0	5	10	4	13	2	12	4	12	7	16	9	9	9	12	5	7	8	10	29	24	2	6	13	3	9	6	4	5	5	15	4	4	23	22	18	12	4	15	15	
1544_A/Great_Cormorant/Hu 4	11	9	1	14	5	5	5	1	5	1	0	5	3	0	0	8	6	4	2	8	4	2	2	0	4	9	3	10	2	13	5	12	8	21	10	11	7	7	4	8	9	8	26	23	3	6	18	4	9	6	4	3	5	15	4	3	22	20	19	12	4	17	14	
1545_A/Great_Cormorant/Hu 4	11	9	1	14	5	5	5	1	5	1	0	5	3	0	0	8	6	4	2	8	4	2	2	0	4	9	3	10	2	13	5	12	8	21	10	11	7	7	4	8	9	8	26	23	3	6	18	4	9	6	4	3	5	15	4	3	22	20	19	12	4	17	14	
1546_A/Great_Cormorant/Hu 4	11	9	1	14	5	5	5	1	5	1	0	5	3	0	0	8	6	4	2	8	4	3	2	0	4	8	3	10	2	13	5	13	8	21	10	11	7	7	4	8	9	8	27	22	3	6	17	4	10	6	4	3	4	15	4	3	21	20	19	12	5	17	14	
1547_A/Great_Cormorant/Hu 4	11	9	1	14	5	5	5	1	5	1	0	5	3	0	0	8	6	3	2	8	4	3	2	0	4	9	3	10	2	13	5	13	8	21	10	11	7	7	4	8	9	7	28	22	3	6	17	4	10	6	4	3	4	15	4	3	21	21	19	12	5	16	14	
1548_A/Great_Cormorant/Hu 4	11	9	1	14	5	5	5	1	5	1	0	5	3	0	0	8	6	3	2	8	4	3	2	0	4	8	3	10	2	14	5	13	9	21	10	11	6	7	4	8	9	7	28	22	3	6	17	4	10	6	4	3	4	15	3	3	21	20	19	12	5	17	15	
1549_A/Guangdong/1/2006|E 8	12	10	1	10	5	4	5	1	5	1	0	2	2	0	0	5	5	3	3	11	3	3	1	2	6	10	3	11	2	12	4	11	10	16	9	10	6	11	6	8	9	9	32	23	3	6	12	6	9	6	4	3	5	15	4	3	21	20	20	12	4	17	13	
1550_A/Guangdong/1/2008|E 7	12	8	0	11	5	6	6	1	4	1	0	2	3	0	0	6	5	3	3	10	3	3	1	3	6	9	3	10	2	13	5	12	10	16	9	9	6	12	5	8	9	10	30	23	3	5	13	5	9	5	4	4	4	16	4	2	22	18	23	13	4	19	10	
1551_A/Guangdong/2/2006|E 7	12	9	1	11	5	5	5	1	5	1	0	1	2	0	0	7	4	3	3	9	4	3	1	2	5	9	3	12	3	13	5	10	10	17	10	10	6	11	5	8	8	8	30	23	3	6	14	5	8	6	4	4	5	15	4	3	23	19	21	12	4	18	12	
1552_A/Guangxi/1/2005|EPI 7	12	8	0	10	6	6	6	1	6	1	0	2	1	0	0	6	5	3	3	10	3	3	1	2	6	9	3	11	2	13	5	11	10	16	9	10	6	12	5	8	9	9	32	23	3	5	12	6	9	6	4	3	5	15	4	3	20	19	23	12	5	18	10	
1553_A/Guangxi/1/2005|EPI 7	12	9	1	11	5	5	5	1	5	0	1	1	2	0	0	7	4	3	3	9	4	3	1	2	5	9	3	12	3	13	5	11	10	16	9	10	6	12	5	8	8	8	30	23	3	6	14	5	8	6	4	4	5	15	4	3	23	19	21	12	4	18	12	
1554_A/Guangxi/1/2008|EPI 7	12	9	1	11	5	5	5	1	5	1	0	2	2	0	0	7	4	3	3	9	4	3	1	2	4	10	3	11	4	12	5	12	12	17	9	10	4	11	5	8	8	8	30	23	3	6	14	5	8	5	4	3	5	16	3	3	23	19	19	12	4	18	15	
1555_A/Guizhou/1/2009|EPI 7	13	10	0	12	5	4	6	1	4	1	0	2	2	0	0	6	5	3	3	9	3	3	1	2	6	8	3	11	2	14	5	11	10	18	8	10	6	11	5	9	8	10	29	23	3	5	13	6	9	6	4	3	4	15	3	3	21	20	21	12	6	17	13	
1556_A/hill_myna/Heilongj 6	10	8	1	12	7	5	5	1	5	1	0	1	2	0	0	6	5	4	2	10	4	3	2	1	5	10	4	13	2	12	4	12	8	15	9	9	8	13	5	8	9	9	29	23	2	6	14	5	10	6	4	4	4	15	4	3	22	20	18	12	4	17	15	
1557_A/Hong_Kong/5923/201 6	11	8	1	12	6	5	5	1	5	1	0	1	2	0	0	6	5	2	1	10	4	5	2	1	5	10	3	13	2	12	6	13	8	15	9	8	8	13	5	8	10	9	32	24	2	6	11	5	11	7	3	4	4	15	5	3	21	21	18	11	3	15	15	
1558_A/Hunan/1/2006|EPI_I 7	12	9	1	11	5	5	5	1	5	1	0	1	2	0	0	7	4	3	3	9	4	3	1	2	5	9	3	12	3	13	5	12	10	16	9	10	6	12	5	7	8	8	30	23	3	6	14	5	8	6	4	4	5	14	5	3	23	19	19	12	4	18	14	
1559_A/Hunan/1/2008|EPI_I 5	12	8	0	13	5	6	6	1	5	1	0	2	2	0	0	6	4	4	3	10	4	2	1	2	6	9	3	11	2	13	4	11	10	16	10	9	6	12	4	8	9	10	30	23	3	6	13	5	8	6	4	4	6	15	4	5	20	19	21	11	5	18	12	
1560_A/Hunan/2/2009|EPI_I 7	13	10	1	12	5	4	5	1	4	1	0	2	2	0	0	6	5	3	3	9	3	3	1	2	6	8	3	11	2	14	6	11	10	17	9	9	6	11	5	8	8	10	30	23	3	5	12	6	9	6	4	4	4	15	3	5	21	19	21	10	6	18	13	
1561_A/Japanese_white-eye 6	10	8	1	12	6	5	5	1	5	1	0	1	2	0	0	6	6	4	2	10	4	3	2	1	5	10	4	13	2	12	4	13	8	15	9	8	8	13	5	8	9	9	29	23	2	6	14	5	10	6	4	4	4	15	4	3	22	20	18	12	4	17	15	
1562_A/Jiangsu/1/2007|EPI 7	12	9	0	11	5	5	6	1	4	1	0	2	3	0	0	6	5	3	3	10	3	3	1	3	6	9	3	10	2	13	5	12	10	16	9	9	6	12	5	8	9	10	30	23	3	5	13	5	9	6	4	4	5	15	4	3	21	18	23	12	4	19	10	
1563_A/Jiangsu/2/2007|EPI 7	12	9	0	11	5	5	6	1	4	1	0	2	3	0	0	6	5	3	3	10	3	3	1	3	6	9	3	10	2	13	5	12	10	16	9	9	6	12	5	8	9	10	30	23	3	5	13	5	9	6	4	4	5	15	4	3	21	18	23	12	4	19	10	
1564_A/Jiangxi/1/2005|EPI 8	11	8	1	11	5	6	5	1	5	1	0	1	2	0	0	6	4	3	3	10	4	3	1	2	5	9	3	12	3	13	5	11	11	15	11	11	5	12	4	9	8	8	30	22	3	7	13	5	8	8	4	3	5	13	4	3	23	20	20	12	4	17	13	
1565_A/lesser_kestrel/Hei 7	12	9	0	11	5	6	6	2	5	1	0	2	2	0	0	7	5	2	3	10	3	3	1	1	6	9	4	11	2	13	4	11	10	15	10	9	6	12	5	8	9	10	29	23	3	5	14	6	9	7	4	4	5	13	4	4	20	18	21	11	5	19	12	
1566_A/lion/Hubei/1-2/201 4	11	9	1	14	5	5	5	1	5	1	0	5	3	0	0	8	6	4	2	8	4	2	2	0	4	9	3	10	2	13	5	12	8	20	9	12	7	8	5	7	9	8	28	23	3	6	16	4	10	6	4	3	4	15	4	3	21	20	20	12	5	17	13	
1567_A/mallard/Heilongjia 5	12	10	1	13	5	4	5	1	5	1	0	2	2	0	0	8	5	3	2	8	4	3	2	1	5	10	3	12	2	12	5	10	8	19	9	11	7	9	5	8	9	8	28	23	3	6	16	5	9	6	4	4	5	15	4	3	20	21	19	12	6	16	14	
1568_A/mandarin_duck/Heil 5	12	9	2	12	6	6	4	0	4	1	0	2	2	0	0	4	4	5	4	11	4	1	1	4	6	12	4	10	2	10	4	11	12	13	9	12	5	13	6	7	9	8	28	24	2	7	14	6	8	8	5	4	6	13	4	4	19	20	23	9	6	17	10	
1569_A/mandarin_duck/Hena 6	11	8	2	12	7	5	4	1	4	1	0	3	2	0	0	5	4	4	4	11	4	3	1	3	6	10	5	9	2	12	4	9	12	16	9	13	3	10	6	7	11	8	26	23	2	7	15	6	10	8	5	4	4	13	4	5	18	20	22	9	7	17	11	
1570_A/meerkat/Shanghai/S 6	11	8	1	12	6	5	5	1	5	1	0	1	2	0	0	5	5	4	2	11	4	3	2	2	5	10	4	12	2	12	4	12	8	15	9	9	8	13	5	8	9	9	28	22	3	6	15	5	10	6	5	4	4	15	4	3	23	21	18	12	3	16	14	
1571_A/mink/China/G/2015| 6	11	8	1	12	6	5	5	1	5	1	0	1	2	0	0	6	5	3	2	10	4	4	2	0	5	10	4	14	2	12	4	12	8	15	9	9	8	13	5	8	10	9	30	23	2	6	13	5	10	6	3	4	4	15	5	3	21	21	17	12	4	16	16	
1572_A/mink/China/XB/2015 4	11	9	1	14	5	5	5	1	5	1	0	5	3	0	0	8	6	4	2	8	4	2	2	1	4	9	3	9	2	13	5	12	8	21	9	11	7	7	5	8	9	8	27	23	3	6	17	4	10	6	4	3	4	15	4	3	21	20	20	12	5	17	13	
1573_A/mink/Eastern_China 6	7	9	2	11	8	4	4	3	8	1	0	2	1	0	0	7	5	5	1	8	3	2	3	5	7	12	7	7	1	9	3	6	4	20	11	13	7	7	4	10	14	13	27	22	2	8	9	9	11	10	7	3	4	13	4	5	23	24	21	8	1	12	10	
1574_A/Nanjing/1/2015|EPI 4	11	9	1	14	5	5	5	1	5	1	0	5	3	0	0	8	6	4	2	8	4	2	2	0	4	9	3	10	2	13	5	12	8	21	10	11	7	7	4	8	9	8	27	23	3	6	17	4	10	6	4	3	4	15	4	3	21	21	19	12	5	16	14	
1575_A/ostrich/Suzhou/097 7	11	10	1	11	5	4	5	1	6	0	1	1	2	0	0	7	4	4	3	9	4	2	1	2	5	10	3	12	3	12	5	11	10	16	9	10	6	12	5	8	8	8	30	23	3	6	14	5	7	6	4	4	6	15	4	4	23	21	18	11	4	16	15	
1576_A/parrot/Guangdong/C 7	12	8	1	11	5	6	5	1	5	1	0	1	2	0	0	6	4	3	3	10	4	3	1	2	5	9	3	12	3	13	5	11	10	16	9	10	6	12	5	8	8	8	32	23	3	6	12	5	8	6	4	4	5	15	4	4	23	20	19	11	4	17	14	
1577_A/peacock/Yunnan/1/2 6	11	9	1	12	5	5	5	1	6	1	0	5	3	0	0	8	8	3	2	9	4	3	2	0	5	7	3	11	6	11	6	11	8	24	8	11	7	8	3	7	8	7	28	24	3	6	15	5	10	7	4	3	4	12	4	4	21	21	18	11	3	16	13	
1578_A/peacock/Yunnan/3/2 4	11	9	1	14	5	5	5	1	6	1	0	5	3	0	0	8	8	3	2	9	4	3	2	0	5	7	3	11	5	11	6	12	8	24	7	11	7	8	3	8	8	7	28	24	3	6	15	4	10	7	4	3	4	13	4	3	21	21	18	11	4	16	13	
1579_A/pigeon/Hubei/RP25/ 7	12	8	0	11	5	6	6	2	6	1	0	2	1	0	0	6	4	3	4	10	3	3	1	1	7	10	2	11	2	12	4	11	11	15	7	9	5	13	7	8	10	9	33	23	3	6	12	5	9	6	4	3	6	15	4	5	18	18	21	11	6	19	11	
1580_A/pigeon/Jiangsu/12. 6	11	8	1	12	6	5	5	1	5	1	0	1	2	0	0	7	5	4	2	9	4	3	2	1	5	10	4	13	2	12	4	12	8	15	9	9	8	13	5	8	9	9	29	23	2	6	14	4	9	7	4	4	5	14	4	4	22	21	18	12	4	16	15	
1581_A/pigeon/Jiangxi/S40 4	12	10	2	14	6	4	4	0	4	1	0	2	2	0	0	4	5	4	4	12	3	2	1	5	6	10	6	9	2	12	3	11	12	15	7	12	5	11	8	7	9	8	23	23	2	7	18	6	8	7	6	3	6	14	3	4	20	22	24	10	5	15	9	
1582_A/pigeon/Jilin/04.25 7	11	8	1	11	6	5	5	1	5	1	0	1	2	0	0	7	4	5	2	9	5	2	2	1	5	10	4	13	2	12	4	11	8	15	8	10	8	13	5	8	9	9	28	23	2	6	15	4	9	6	5	4	5	15	4	4	22	21	18	12	4	16	15	
1583_A/pigeon/Jilin/S4176 7	12	8	1	11	6	5	5	1	4	1	0	1	2	0	0	6	4	4	2	10	5	3	2	2	5	11	4	12	2	11	4	13	8	17	9	8	8	11	5	8	9	9	30	23	2	6	14	4	10	6	4	4	5	15	4	5	19	22	18	11	5	15	15	
1584_A/pigeon/Sichuan/NCX 6	9	9	1	12	8	4	5	1	5	1	0	2	2	0	0	7	5	2	2	9	4	5	2	2	5	9	5	11	2	13	4	12	8	17	8	9	6	12	5	8	11	9	29	24	2	6	13	5	10	6	5	4	5	15	4	2	21	21	18	12	4	16	14	
1585_A/pigeon/Zhejiang/11 6	11	8	1	12	6	5	5	1	5	1	0	1	2	0	0	7	5	3	2	9	4	4	2	1	5	10	4	13	2	12	4	12	8	15	9	9	8	13	5	8	9	9	29	23	2	6	14	4	9	7	4	4	5	14	4	4	22	22	18	12	4	15	15	
1586_A/pigeon/Zhejiang/11 7	11	8	1	11	6	5	5	1	5	1	0	1	2	0	0	7	4	4	2	9	5	3	2	1	5	11	4	13	2	11	4	12	8	15	9	9	8	13	5	8	9	9	29	23	2	6	14	4	9	6	4	4	5	15	4	4	22	21	18	12	4	16	15	
1587_A/pigeon/Zhejiang/72 7	11	8	1	11	6	5	5	1	5	1	0	1	2	0	0	6	5	4	2	9	4	3	2	3	5	10	3	12	2	12	5	12	8	14	9	9	7	14	5	8	10	9	28	23	2	6	15	5	9	7	4	4	5	14	4	3	22	21	17	12	4	16	16	
1588_A/plateau_pika/Qingh 6	13	9	1	12	5	5	5	1	5	1	0	1	1	0	0	4	5	5	3	9	3	1	1	5	6	8	5	12	2	14	4	11	10	16	11	13	6	11	5	8	9	9	32	25	3	6	10	4	9	8	6	5	5	14	2	5	19	23	24	8	6	14	10	
1589_A/quail/Nanchang/663 5	12	8	1	13	5	5	5	0	5	1	0	2	2	0	0	7	5	3	2	9	4	4	2	3	5	10	4	11	2	12	4	12	8	15	9	8	7	13	5	9	10	9	29	24	2	6	14	5	10	6	4	4	4	15	4	2	22	21	18	12	4	16	15	
1590_A/Shandong/1/2009|EP 7	12	8	0	11	5	6	6	1	4	1	0	2	3	0	0	6	5	3	3	10	3	3	1	4	6	9	3	10	2	13	5	11	10	16	9	10	7	12	5	6	9	10	30	23	3	5	13	5	8	6	4	4	5	15	4	4	21	18	22	12	4	19	11	
1591_A/Sichuan/1/2006|EPI 7	12	9	0	11	5	5	6	2	5	1	0	2	2	0	0	6	5	3	3	10	3	3	1	2	6	9	3	11	2	13	6	11	10	16	9	10	6	12	5	8	9	10	31	23	3	5	11	6	9	7	4	3	5	14	3	3	20	20	22	11	5	17	12	
1592_A/Sichuan/2/2006|EPI 7	12	9	0	11	5	5	6	1	5	1	0	2	2	0	0	6	5	3	2	10	3	3	2	2	6	9	3	11	2	13	6	11	10	16	9	10	6	12	5	8	8	10	30	23	3	5	12	6	9	6	4	3	5	15	3	4	21	20	22	11	5	17	12	
1593_A/Spatula_querquedul 4	11	9	2	14	7	5	5	0	4	1	0	3	2	0	0	5	4	4	2	10	4	2	2	5	6	10	4	10	2	12	5	10	12	16	11	13	6	11	5	8	8	9	30	23	2	6	12	5	10	6	4	5	5	16	4	4	19	24	23	10	5	13	11	
1594_A/swine/Shandong/SD1 5	11	9	1	13	8	5	5	0	4	1	0	2	2	0	0	4	5	4	3	10	3	2	1	6	5	12	5	10	3	10	2	10	11	16	10	14	6	11	6	7	9	7	30	25	2	8	14	5	10	7	5	5	3	14	3	4	22	23	20	9	3	15	14	
1595_A/tiger/Yunnan/tig14 6	10	9	1	12	7	4	5	1	5	1	0	2	2	0	0	7	5	2	2	9	4	5	2	2	5	9	4	11	2	13	4	12	8	16	9	9	6	12	5	8	11	9	30	24	2	6	13	5	10	6	4	4	5	15	4	3	21	20	18	11	4	17	15	
1596_A/tiger/Yunnan/tig14 6	11	9	1	12	6	4	5	1	5	1	0	2	2	0	0	7	5	3	2	9	4	4	2	2	5	9	4	11	2	13	4	12	8	15	9	9	6	13	5	8	11	9	28	24	2	6	15	5	9	6	4	4	6	15	4	2	21	21	19	12	4	16	14	
1597_A/tiger/Yunnan/tig15 4	11	9	1	14	5	5	5	1	5	1	0	5	3	0	0	8	6	5	2	9	3	1	2	0	4	9	3	10	2	13	5	12	9	21	10	11	6	7	5	8	9	8	26	23	3	6	17	5	10	7	4	2	4	14	4	3	21	20	18	12	5	17	15	
1598_A/tundra_swan/Fujian 6	11	8	2	12	7	5	4	1	4	1	0	2	2	0	0	5	3	4	4	11	4	3	1	3	7	10	5	10	2	12	4	9	12	15	8	13	4	10	7	7	10	11	26	23	2	6	14	6	10	8	5	5	3	13	4	5	18	19	22	9	7	18	11	
1599_A/turtle_dove/Guangd 7	12	9	0	11	5	5	6	1	5	1	0	2	2	0	0	6	5	3	3	10	3	3	1	2	6	9	3	12	2	13	5	11	10	16	10	12	6	13	5	8	9	10	30	23	3	5	13	6	8	6	4	3	6	16	4	3	20	19	22	12	5	18	11	
1600_A/turtle_dove/Hunan/ 4	11	9	1	14	5	5	5	1	5	1	0	5	3	0	0	7	5	4	2	9	4	2	2	0	4	9	3	11	3	13	5	12	8	21	9	10	7	7	5	8	9	8	29	22	3	6	15	4	10	6	4	5	4	15	4	2	21	20	20	12	5	17	13	
1601_A/whooper_swan/Henan 6	11	8	2	12	7	5	4	1	4	1	0	3	2	0	0	5	4	4	4	11	4	3	1	3	6	10	5	9	2	12	4	9	12	16	9	13	3	10	6	7	11	8	27	23	2	7	14	6	10	8	5	4	4	13	4	5	18	20	22	9	7	17	11	
1602_A/whooper_swan/Henan 6	11	8	2	12	7	5	4	1	4	1	0	2	2	0	0	5	4	4	4	11	4	3	1	3	6	10	5	9	2	12	4	9	12	16	9	13	3	10	6	7	11	8	27	24	2	7	14	6	10	8	5	4	4	13	4	5	18	20	22	9	7	17	11	
1603_A/whooper_swan/Henan 6	11	8	2	12	7	5	4	1	4	1	0	3	2	0	0	5	4	4	4	11	4	3	1	3	6	10	5	9	2	12	4	9	12	16	9	13	3	10	6	7	11	8	27	23	2	7	14	6	10	8	5	4	4	13	4	5	18	20	22	9	7	17	11	
1604_A/whooper_swan/Henan 6	11	8	2	12	7	5	4	1	4	1	0	3	2	0	0	5	4	4	4	11	4	3	1	3	6	10	5	9	2	12	4	9	12	16	9	13	3	10	6	7	11	8	27	23	2	7	14	6	10	8	5	4	4	13	4	5	18	20	22	9	7	17	11	
1605_A/whooper_swan/Henan 6	11	8	2	12	7	5	4	1	4	1	0	3	2	0	0	5	4	4	4	11	4	3	1	3	6	10	5	9	2	12	4	9	12	16	9	13	3	10	6	7	11	8	27	23	2	7	14	6	10	8	5	4	4	13	4	5	18	20	22	9	7	17	11	
1606_A/whooper_swan/Henan 6	11	8	2	12	7	5	4	1	4	1	0	3	2	0	0	5	4	4	4	11	4	3	1	3	6	10	5	9	2	12	4	9	12	16	9	13	3	10	6	7	11	8	26	23	2	7	15	6	10	8	5	4	4	13	4	5	18	20	22	9	7	17	11	
1607_A/whooper_swan/Henan 7	11	8	1	11	6	5	5	1	5	1	0	1	2	0	0	7	5	3	2	9	4	4	2	1	6	10	4	13	1	12	4	12	8	16	9	9	8	12	5	8	8	10	28	23	2	6	14	4	9	6	4	4	5	15	4	4	23	21	18	12	4	16	15	
1608_A/whooper_swan/Henan 7	11	8	1	11	6	5	5	1	5	1	0	1	2	0	0	7	5	3	2	9	4	4	2	1	6	10	4	13	1	12	4	12	8	16	9	9	8	12	5	8	8	10	28	23	2	6	14	4	10	6	3	4	5	15	4	4	22	21	18	12	4	16	16	
1609_A/whooper_swan/Henan 7	11	8	1	11	6	5	5	1	5	1	0	1	2	0	0	7	5	3	2	9	4	4	2	1	6	10	4	13	1	12	4	12	8	16	9	9	8	12	5	8	8	10	28	23	2	6	14	4	9	6	4	4	5	15	4	4	23	21	18	12	4	16	15	
1610_A/whooper_swan/Henan 7	11	8	1	11	6	5	5	1	5	1	0	1	2	0	0	7	5	3	2	9	4	4	2	1	6	10	4	13	1	12	4	12	8	16	9	9	8	12	5	8	8	10	28	23	2	6	14	4	9	6	3	4	5	15	4	4	23	21	18	12	4	16	16	
1611_A/whooper_swan/Shanx 6	11	8	2	12	7	5	4	1	4	1	0	3	2	0	0	5	4	4	4	11	4	3	1	3	6	10	5	9	2	12	4	9	12	16	9	13	3	10	6	7	11	8	27	23	2	7	14	6	10	8	5	4	4	13	4	5	18	20	22	9	7	17	11	
1612_A/whooper_swan/Shanx 6	11	8	2	12	7	5	4	1	4	1	0	3	2	0	0	5	4	4	4	11	4	3	1	3	6	10	5	9	2	12	4	9	12	16	9	13	3	10	6	7	11	8	27	23	2	7	14	6	10	8	5	4	4	13	4	5	18	20	22	9	7	17	11	
1613_A/wild_duck/Fujian/1 6	11	7	1	12	6	6	5	1	6	1	0	1	1	0	0	6	5	4	2	10	4	4	2	1	5	11	4	14	2	10	4	13	8	15	8	8	8	13	5	8	10	9	28	22	2	6	15	5	10	6	4	4	4	15	5	3	21	20	18	12	4	17	15	
1614_A/wild_duck/Fujian/2 6	11	7	1	12	6	6	5	1	6	1	0	1	1	0	0	6	5	4	2	10	4	4	2	1	5	10	4	14	2	11	4	13	8	15	9	8	8	13	5	8	10	8	28	22	2	7	15	5	10	6	3	4	4	15	5	3	21	20	18	12	4	17	15	
1615_A/wild_duck/Hebei/SD 6	11	8	2	12	7	5	4	1	4	1	0	2	2	0	0	5	3	4	4	11	4	3	1	3	7	10	5	10	2	12	4	9	12	14	8	13	4	11	7	7	10	9	26	23	2	7	15	6	10	9	5	4	4	12	4	5	18	20	21	9	7	17	12	
1616_A/wild_duck/Jilin/HF 6	12	9	1	12	5	5	5	1	5	1	0	1	2	0	0	7	5	3	2	9	4	3	2	0	5	10	4	14	2	12	4	11	7	18	9	10	8	10	5	8	9	7	29	23	3	7	15	5	9	6	4	4	6	15	4	2	21	21	20	13	4	16	13	
1617_A/wild_duck/Jilin/ZF 7	12	7	0	11	5	7	6	1	3	1	0	2	4	0	0	6	5	3	3	10	3	3	1	3	6	9	3	10	2	13	5	11	10	16	8	10	6	12	6	8	9	10	30	23	3	5	13	5	9	6	4	4	5	15	4	4	21	21	20	11	4	17	12	
1618_A/wild_duck/Shandong 8	11	7	2	10	6	7	4	1	6	1	0	3	1	0	0	4	4	5	2	11	4	1	2	0	7	12	4	13	1	10	4	9	10	14	7	13	7	12	8	7	10	8	27	24	1	8	15	5	9	9	5	5	6	12	3	6	19	28	24	7	5	9	10	
1619_A/wild_duck/Shandong 5	12	9	1	13	5	5	5	1	5	1	0	1	2	0	0	7	5	3	2	9	4	3	2	0	5	10	3	14	2	12	5	11	8	18	9	10	7	10	5	8	9	9	29	23	4	6	14	6	9	6	4	3	5	15	4	3	21	21	20	12	4	16	13	
1620_A/wild_duck/Shandong 8	11	7	2	9	7	7	4	1	6	1	0	3	1	0	0	4	4	6	1	11	4	1	2	0	7	12	4	13	1	10	4	9	10	14	7	13	7	12	8	7	10	8	27	24	1	8	15	5	9	9	5	5	6	12	3	6	19	28	24	7	5	9	10	
1621_A/Xinjiang/1/2006|EP 6	12	9	1	12	5	5	5	1	5	1	0	1	2	0	0	6	4	3	3	11	4	3	1	2	5	7	4	11	3	15	4	11	10	16	9	10	6	12	5	9	8	8	32	23	3	6	12	4	10	6	4	4	5	15	4	5	21	20	19	10	4	17	14	
1622_A/Xinjiang/1/2009|EP 5	11	8	1	13	6	6	5	1	6	1	0	1	1	0	0	5	5	3	2	11	4	3	2	2	5	9	3	12	2	13	5	12	8	17	9	9	8	11	5	8	8	8	29	23	3	6	15	5	9	6	4	4	5	15	4	3	22	20	20	12	4	17	13	
1623_A/Zhejiang/1/2006|EP 8	12	9	0	10	4	5	6	1	6	1	0	2	2	0	0	6	5	3	3	10	3	3	1	2	6	9	3	11	2	13	5	11	9	16	9	10	7	12	5	8	9	9	31	23	3	6	12	6	9	6	4	3	5	15	4	4	20	18	22	11	5	19	11	
1624_A/Anas_platyrhynchos 4	11	9	2	14	7	5	5	0	4	1	0	3	2	0	0	5	4	4	2	10	4	2	2	5	6	10	4	10	2	12	5	10	12	16	11	13	6	11	5	8	8	9	30	23	2	6	12	5	10	6	4	5	5	16	4	4	19	24	23	10	5	13	11	
1625_A/Anhui/1/2006_H5N1| 8	12	10	0	10	4	4	6	1	6	1	0	2	2	0	0	5	5	3	3	11	3	3	1	2	6	10	3	11	2	12	4	11	10	16	9	10	6	12	5	8	9	9	31	23	3	6	13	6	9	6	4	3	5	15	4	3	21	19	20	12	4	18	13	
1626_A/Anhui/1/2007_H5N1| 8	10	7	2	10	7	6	4	1	5	0	1	1	2	0	0	6	4	4	3	10	4	2	1	1	5	11	3	13	3	11	5	9	11	17	10	11	6	12	4	10	6	8	32	24	3	6	12	5	8	7	5	4	4	14	2	4	24	20	21	10	4	17	13	
1627_A/Anhui/2/2005_H5N1| 7	12	8	0	11	5	6	6	1	6	1	0	2	1	0	0	6	5	3	3	10	3	3	1	2	6	9	3	11	2	13	5	11	10	16	9	10	6	12	5	8	9	10	31	23	3	5	12	6	9	6	4	3	5	15	4	3	20	19	23	12	5	18	10	
1628_A/Anser_cygnoides/Ch 6	10	10	1	12	7	3	5	2	5	1	0	1	2	0	0	7	6	2	2	9	3	5	2	3	5	9	4	10	2	13	4	12	8	16	9	9	7	12	5	8	10	9	30	24	2	6	13	5	10	6	4	4	5	14	4	2	21	20	18	12	4	18	15	
1629_A/Anser_fabalis/jiuj 4	11	9	2	14	7	5	5	0	4	1	0	3	2	0	0	5	4	4	2	10	4	2	2	5	6	10	4	10	2	12	5	10	12	16	11	13	6	11	5	8	8	9	30	23	2	6	12	5	10	6	4	5	5	16	4	4	19	24	23	10	5	13	11	
1630_A/Anser_fabalis/jiuj 4	11	9	2	14	7	5	5	0	4	1	0	3	2	0	0	5	4	4	2	10	4	2	2	5	6	10	4	10	2	12	5	10	12	16	11	13	6	11	5	8	8	9	30	23	2	6	12	5	10	6	4	5	5	16	4	4	19	24	23	10	5	13	11	
1631_A/Anser_fabalis/jiuj 4	11	9	2	14	7	5	5	0	4	1	0	3	2	0	0	5	4	4	2	10	4	2	2	5	6	10	4	10	2	12	5	10	12	16	11	13	6	11	5	8	8	9	30	23	2	6	12	5	10	6	4	5	5	16	4	4	19	24	23	10	5	13	11	
1632_A/Duck/Jiangxi/631/2 4	13	9	1	14	5	5	5	0	4	1	0	2	2	0	0	5	4	3	2	10	4	3	2	5	5	11	4	10	3	11	5	10	13	17	9	12	5	9	6	7	9	9	31	23	2	6	11	4	11	7	5	6	4	14	4	3	16	24	21	11	7	13	12	
1633_A/Guangdong/1/2008_H 7	12	8	0	11	5	6	6	1	4	1	0	2	3	0	0	6	5	3	3	10	3	3	1	3	6	9	3	10	2	13	5	12	10	16	9	9	6	12	5	8	9	10	30	23	3	5	13	5	9	5	4	4	4	16	4	2	22	18	23	13	4	19	10	
1634_A/Guangdong/2/2006_H 7	12	9	1	11	5	5	5	1	5	1	0	1	2	0	0	7	4	3	3	9	4	3	1	2	5	9	3	12	3	13	5	10	10	17	10	10	6	11	5	8	8	8	30	23	3	6	14	5	8	6	4	4	5	15	4	3	23	19	21	12	4	18	12	
1635_A/Guangxi/1/2005_H5N 7	12	9	1	11	5	5	5	1	5	1	0	1	2	0	0	7	4	4	3	9	4	3	1	2	5	9	3	12	3	13	5	11	10	15	9	10	6	12	5	8	8	8	31	23	3	6	14	5	8	6	4	4	5	16	4	3	23	19	20	12	4	17	12	
1636_A/Guangxi/1/2008_H5N 7	12	9	1	11	5	5	5	1	5	1	0	2	2	0	0	7	4	3	3	9	4	3	1	2	4	10	3	11	4	12	5	12	12	17	9	10	4	11	5	8	8	8	30	23	3	6	14	5	8	5	4	3	5	16	3	3	23	19	19	12	4	18	15	
1637_A/Guizhou/1/2009_H5N 7	13	10	0	12	5	4	6	1	4	1	0	2	2	0	0	6	5	3	3	9	3	3	1	2	6	8	3	11	2	14	5	11	10	18	8	10	6	11	5	9	8	10	29	23	3	5	13	6	9	6	4	3	4	15	3	3	21	20	21	12	6	17	13	
1638_A/Hunan/1/2008_H5N1| 5	12	8	0	13	5	6	6	1	5	1	0	2	2	0	0	6	4	4	3	10	4	2	1	2	6	9	3	11	2	13	4	11	10	16	10	9	6	12	4	8	9	10	30	23	3	6	13	5	8	6	4	4	6	15	4	5	20	19	21	11	5	18	12	
1639_A/Hunan/2/2009_H5N1| 7	13	10	1	12	5	4	5	1	4	1	0	2	2	0	0	6	5	3	3	9	3	3	1	2	6	8	3	11	2	14	6	11	10	17	9	9	6	11	5	8	8	10	30	23	3	5	12	6	9	6	4	4	4	15	3	5	21	19	21	10	6	18	13	
1640_A/Japanese_white-eye 6	10	8	1	12	6	5	5	1	5	1	0	1	2	0	0	6	6	4	2	10	4	3	2	1	5	10	4	13	2	12	4	13	8	15	9	8	8	13	5	8	9	9	29	23	2	6	14	5	10	6	4	4	4	15	4	3	22	20	18	12	4	17	15	
1641_A/Nanjing/1/2015_H5N 4	11	9	1	14	5	5	5	1	5	1	0	5	3	0	0	8	6	4	2	8	4	2	2	0	4	9	3	10	2	13	5	12	8	21	10	11	7	7	4	8	9	8	27	23	3	6	17	4	10	6	4	3	4	15	4	3	21	21	19	12	5	16	14	
1642_A/Shandong/1/2009_H5 7	12	8	0	11	5	6	6	1	4	1	0	2	3	0	0	6	5	3	3	10	3	3	1	4	6	9	3	10	2	13	5	11	10	16	9	10	7	12	5	6	9	10	30	23	3	5	13	5	8	6	4	4	5	15	4	4	21	18	22	12	4	19	11	
1643_A/Spatula_querquedul 4	11	9	2	14	7	5	5	0	4	1	0	3	2	0	0	5	4	4	2	10	4	2	2	5	6	10	4	10	2	12	5	10	12	16	11	13	6	11	5	8	8	9	30	23	2	6	12	5	10	6	4	5	5	16	4	4	19	24	23	10	5	13	11	
1644_A/Wild_bird/Huadong/ 4	11	9	1	14	5	5	5	1	4	1	0	5	4	0	0	8	6	4	2	7	4	2	2	1	4	9	3	10	2	13	5	13	8	20	11	10	7	7	4	8	9	8	27	23	2	6	17	4	8	6	4	3	6	15	3	3	21	20	20	12	6	17	14	
1645_A/Wild_bird/Huadong/ 7	11	8	1	11	6	5	5	1	5	1	0	1	2	0	0	6	4	4	2	10	5	3	2	2	5	10	4	12	2	12	4	13	8	17	9	8	8	11	5	8	9	9	29	23	2	6	14	4	10	7	4	4	5	14	4	5	21	23	19	11	4	14	14	
1646_A/Wild_bird/Huadong/ 7	11	8	1	11	6	5	5	1	5	1	0	1	2	0	0	7	5	4	2	9	4	3	2	1	5	10	4	13	2	12	4	12	8	15	9	9	8	13	5	8	9	8	29	23	2	7	14	4	10	6	4	3	5	15	4	4	21	21	17	13	4	16	16	
1647_A/Xinjiang/1/2009_H5 5	11	8	1	13	6	6	5	1	6	1	0	1	1	0	0	5	5	3	2	11	4	3	2	2	5	9	3	12	2	13	5	12	8	17	9	9	8	11	5	8	8	8	29	23	3	6	15	5	9	6	4	4	5	15	4	3	22	20	20	12	4	17	13	
1648_A/avian/Hong_Kong/07 7	12	9	1	11	5	5	5	1	5	1	0	1	2	0	0	7	4	3	2	9	4	3	2	2	5	10	3	12	3	12	5	11	12	16	9	10	4	12	5	8	8	8	30	23	3	6	14	5	8	6	4	4	5	15	4	3	23	19	18	12	4	18	15	
1649_A/avian/Hong_Kong/19 7	12	9	1	11	5	5	5	1	5	1	0	1	2	0	0	7	4	3	2	9	4	3	2	2	5	10	3	12	3	12	5	11	12	16	9	10	4	12	5	8	8	8	30	23	3	6	14	5	8	6	4	4	5	15	4	3	23	19	18	12	4	18	15	
1650_A/avian/Hong_Kong/23 7	12	9	1	11	5	5	5	1	5	1	0	1	2	0	0	7	4	3	2	9	4	3	2	2	5	10	3	12	3	12	5	11	12	16	9	10	4	12	5	8	8	8	31	23	3	6	13	5	8	6	4	4	5	15	4	3	23	19	19	12	4	18	14	
1651_A/bar-headed_goose/Q 6	12	8	1	12	5	6	5	1	5	1	0	1	2	0	0	7	4	3	3	10	4	3	1	2	5	9	4	11	3	13	4	12	10	15	9	10	6	13	5	8	8	9	31	24	4	7	12	2	9	6	4	4	5	15	4	6	22	20	18	10	3	17	14	
1652_A/bar-headed_goose/T 6	12	9	1	12	5	5	5	1	5	1	0	1	2	0	0	6	4	3	3	11	4	3	1	2	5	8	4	11	3	14	4	11	10	15	9	10	6	13	5	10	8	8	31	23	4	6	13	2	9	6	4	4	5	15	4	6	22	20	18	10	3	17	15	
1653_A/brown-headed_gull/ 7	9	9	1	11	8	5	5	1	5	1	0	1	2	0	0	7	4	3	3	10	4	3	1	2	5	9	2	11	3	13	6	12	9	16	9	10	8	11	5	8	8	8	30	23	3	7	13	4	6	7	4	4	7	14	4	3	22	19	23	12	5	18	10	
1654_A/brown-headed_gull/ 7	9	10	1	11	7	5	5	1	6	1	0	1	2	0	0	8	4	3	3	9	4	3	1	2	5	9	2	11	3	13	6	12	9	16	10	10	8	11	5	8	8	7	30	23	3	7	13	4	7	7	4	4	7	14	4	3	21	19	23	12	4	18	10	
1655_A/chicken/China/Cang 4	11	9	1	14	7	5	5	0	4	1	0	3	2	0	0	5	3	4	2	10	5	2	2	5	6	10	4	10	2	12	5	10	12	16	11	13	6	11	5	8	8	8	30	23	2	7	12	5	11	6	4	5	4	16	4	3	19	24	23	11	5	13	11	
1656_A/chicken/China/E93/ 7	12	7	2	11	5	6	4	1	4	0	1	1	3	0	0	6	4	4	3	10	3	3	1	3	6	10	3	11	3	12	5	12	10	16	10	10	5	12	5	8	7	9	30	21	2	6	13	6	8	8	5	3	5	13	4	3	24	20	21	13	5	17	11	
1657_A/chicken/China/E96/ 7	12	7	2	11	4	6	4	1	5	0	1	1	3	0	0	6	4	4	3	10	3	3	1	3	6	10	3	11	3	12	5	12	10	16	10	9	5	12	5	8	7	9	31	21	2	6	12	7	7	8	5	4	5	13	4	3	24	20	21	13	5	17	11	
1658_A/chicken/Eastern_Ch 6	12	8	0	12	5	6	6	1	6	1	0	2	1	0	0	7	5	3	3	9	3	3	1	2	6	10	3	11	2	12	3	11	9	16	9	10	6	13	4	8	10	10	29	23	3	5	16	4	8	5	5	4	6	16	4	4	20	19	24	12	5	18	8	
1659_A/chicken/Eastern_Ch 6	12	9	0	12	5	5	6	1	6	1	0	2	1	0	0	7	5	4	3	9	3	2	1	1	6	10	3	12	2	12	3	11	9	16	9	10	6	13	4	8	10	10	29	23	3	5	16	4	7	5	5	4	7	16	4	4	20	19	24	12	5	18	8	
1660_A/chicken/Fujian/1/2 9	11	9	1	10	5	5	4	1	5	1	0	1	3	0	0	7	4	3	3	9	4	4	1	3	8	8	3	11	2	13	5	9	10	16	9	10	6	11	5	8	6	8	31	23	3	6	14	5	8	6	4	4	5	15	5	3	23	20	18	12	5	17	15	
1661_A/chicken/Gansu/5/20 7	12	7	2	11	5	6	4	1	5	0	1	1	2	0	0	6	4	4	3	10	3	3	1	3	6	11	3	11	3	11	5	12	11	16	11	9	5	12	4	8	7	9	29	22	3	6	14	6	10	8	5	3	4	13	4	2	23	20	20	13	4	17	12	
1662_A/chicken/Gansu/6/20 7	12	7	2	11	5	6	4	1	4	0	1	1	3	0	0	6	4	4	3	10	3	3	1	3	6	10	3	11	3	12	5	12	10	16	10	10	5	12	5	8	7	9	30	21	2	6	13	6	8	8	5	3	5	13	4	3	24	20	21	13	5	17	11	
1663_A/chicken/Guangdong/ 7	12	8	1	11	5	6	5	1	6	1	0	2	2	0	0	8	4	4	3	8	4	3	1	2	5	10	2	12	4	12	5	11	11	18	10	12	4	12	7	8	9	9	31	23	3	6	15	5	7	7	4	4	6	16	4	5	23	21	19	11	4	16	16	
1664_A/chicken/Guangxi/S2 6	11	8	1	12	6	5	5	1	5	1	0	1	2	0	0	6	4	4	2	10	4	3	2	2	6	10	4	12	2	12	4	12	8	15	10	9	8	13	4	8	8	9	29	23	4	6	14	5	10	6	5	4	4	15	3	3	21	21	18	12	4	16	15	
1665_A/chicken/Guizhou/7/ 7	15	10	1	12	4	4	5	0	4	1	0	2	2	0	0	5	5	4	3	10	3	2	1	3	7	9	3	12	2	13	5	11	10	13	10	10	6	11	7	8	9	11	29	22	2	5	14	4	7	4	4	5	5	17	4	4	21	20	20	11	5	17	13	
1666_A/chicken/Hebei/A-8/ 6	11	8	1	12	5	6	5	0	5	0	1	2	2	0	0	6	5	4	3	10	4	2	1	2	5	10	3	12	3	12	5	9	11	16	11	11	6	12	4	9	8	10	30	22	3	5	13	6	8	6	4	3	4	15	4	2	23	18	19	13	4	19	14	
1667_A/chicken/Henan/A-7/ 9	12	8	1	9	5	6	5	1	5	1	0	1	2	0	0	6	4	3	3	9	5	3	1	4	5	10	3	11	3	12	4	12	10	15	10	10	5	12	5	7	8	8	31	23	3	6	14	4	10	6	4	5	5	13	4	5	21	22	17	10	4	17	17	
1668_A/chicken/Huadong/4/ 6	11	8	1	12	6	6	5	1	5	0	1	1	2	0	0	6	4	3	3	10	4	3	1	3	4	11	3	11	4	11	5	11	11	16	11	10	5	12	4	8	8	9	30	22	3	6	13	6	9	8	4	3	4	13	4	2	23	21	20	13	4	16	13	
1669_A/chicken/Hubei/2856 7	12	8	0	11	5	6	6	1	6	1	0	2	2	0	0	6	5	3	3	10	3	3	1	2	6	8	3	11	2	14	5	11	11	16	9	10	6	12	5	8	6	10	30	23	3	5	14	4	10	7	4	5	5	14	4	3	20	18	20	12	5	19	12	
1670_A/chicken/Hunan/1793 6	13	8	0	12	4	6	6	1	5	1	0	2	2	0	0	6	6	4	2	10	2	3	1	2	7	9	3	11	2	13	4	11	10	17	9	10	6	10	6	8	9	10	31	23	3	5	13	5	8	6	4	3	6	15	4	4	19	19	23	12	5	18	10	
1671_A/chicken/Hunan/21/2 7	12	9	0	11	5	5	6	1	5	1	0	2	2	0	0	6	5	3	3	9	3	3	1	3	6	9	3	11	2	13	5	10	10	16	9	11	6	12	5	8	9	10	29	23	3	5	14	6	7	6	4	3	6	15	4	3	21	19	22	12	5	18	11	
1672_A/chicken/Hunan/3/20 7	11	9	1	10	7	5	5	1	5	1	0	1	2	0	0	7	4	3	3	9	4	3	1	2	5	9	2	12	3	13	6	11	9	17	9	10	7	11	5	8	8	8	32	23	3	6	12	5	7	7	4	4	6	14	4	3	23	19	21	12	4	18	12	
1673_A/chicken/Hunan/3157 7	12	9	0	11	5	5	6	2	5	1	0	2	2	0	0	6	5	3	3	10	3	3	1	1	6	9	4	11	2	13	4	10	11	16	9	9	6	11	6	8	10	10	29	23	2	5	14	6	9	6	4	4	5	15	4	4	19	18	22	11	6	19	11	
1674_A/chicken/Hunan/8/20 7	10	9	1	11	7	5	5	1	5	1	0	1	2	0	0	7	5	3	4	9	3	2	1	2	5	9	2	12	3	13	6	12	11	17	9	8	6	11	5	8	7	8	31	23	3	6	13	5	8	8	4	5	5	13	4	3	22	18	21	12	5	19	12	
1675_A/chicken/Jiangsu/18 6	11	8	1	12	6	6	5	1	5	0	1	1	2	0	0	6	4	3	3	10	4	3	1	3	5	11	3	11	3	11	5	10	12	15	11	10	5	11	4	9	8	10	29	22	3	6	13	6	9	8	4	3	5	14	4	3	22	20	20	12	4	17	13	
1676_A/chicken/Jiangsu/24 6	10	8	1	12	6	5	5	1	6	1	0	1	2	0	0	7	5	5	2	9	4	3	2	1	5	10	4	13	2	11	4	12	8	15	9	9	8	13	5	8	9	9	29	23	2	6	14	4	9	5	4	4	5	16	4	4	22	21	18	12	4	16	15	
1677_A/chicken/Jiangsu/92 7	11	8	1	11	6	5	5	1	5	1	0	1	2	0	0	6	5	4	2	9	4	3	2	2	5	10	4	13	2	12	4	12	8	14	9	9	8	14	5	8	9	9	28	23	2	6	15	5	9	7	4	4	5	14	4	3	22	21	17	12	4	16	16	
1678_A/chicken/Jiangsu/YB 4	11	9	1	14	5	5	5	1	5	1	0	5	3	0	0	8	6	4	2	8	4	2	2	0	4	9	3	10	2	13	5	12	8	21	10	11	7	7	4	8	9	8	26	23	3	6	18	4	8	6	4	3	6	15	4	3	21	20	19	12	5	17	14	
1679_A/chicken/Jiangsu/k0 5	12	9	1	13	5	5	5	1	5	1	0	1	2	0	0	7	5	3	2	9	4	3	2	0	5	11	3	14	2	11	5	11	8	18	9	10	7	10	5	8	9	8	29	23	3	6	15	5	9	6	4	4	5	15	4	3	22	21	20	12	4	16	13	
1680_A/chicken/Jiangxi/25 6	11	7	1	12	6	6	5	1	5	0	1	1	2	0	0	6	5	2	2	10	4	5	2	1	5	10	4	13	2	12	4	12	8	15	9	9	8	13	5	8	10	9	29	23	2	6	14	5	10	6	4	4	4	15	4	3	21	21	19	12	4	16	14	
1681_A/chicken/Liaoning/2 6	12	9	1	12	5	5	5	1	5	1	0	1	2	0	0	6	4	3	3	11	4	3	1	2	5	7	4	11	3	15	4	11	10	16	9	10	6	12	5	9	8	8	32	23	3	6	12	4	10	6	4	4	5	15	4	5	21	20	19	10	4	17	14	
1682_A/chicken/Liaoning/A 8	12	9	1	10	5	5	5	1	5	1	0	1	2	0	0	7	3	3	3	9	5	3	1	4	6	10	3	10	2	12	4	12	10	15	11	9	6	11	5	8	9	8	29	23	3	6	16	4	9	6	4	5	6	13	4	5	18	21	17	10	6	18	16	
1683_A/chicken/Liaoning/S 6	12	7	3	12	5	6	3	1	5	0	1	1	2	0	0	6	4	5	3	10	3	2	1	3	6	10	3	11	3	12	5	11	11	17	11	10	5	11	4	8	7	9	30	21	3	6	13	6	8	8	5	3	5	13	4	2	24	21	20	14	4	16	12	
1684_A/chicken/Ningxia/2/ 7	12	7	2	11	5	6	4	1	5	0	1	1	2	0	0	6	4	4	3	10	3	3	1	3	6	10	3	11	3	12	5	12	11	16	11	9	5	12	4	8	7	9	29	21	3	6	14	6	10	8	5	3	4	13	4	2	23	20	19	14	4	17	13	
1685_A/chicken/Ningxia/22 7	12	7	2	11	5	6	4	1	5	0	1	1	2	0	0	6	4	4	3	10	3	3	1	3	6	10	3	11	3	12	5	12	11	16	11	9	5	12	4	8	7	9	29	21	3	6	14	6	10	8	5	3	4	13	4	2	23	20	20	14	4	17	12	
1686_A/chicken/Ningxia/24 9	12	10	1	9	5	4	5	1	5	1	0	2	2	0	0	7	4	3	3	9	4	3	1	3	5	10	3	10	3	12	4	11	10	15	10	10	6	12	5	8	8	7	31	23	3	7	14	5	10	6	4	4	5	13	4	5	20	22	17	10	5	17	16	
1687_A/chicken/North_Chin 6	11	8	0	12	6	6	6	1	6	1	0	2	1	0	0	7	5	4	3	9	3	2	1	2	6	11	3	11	2	11	3	11	9	16	9	10	6	13	4	8	10	10	29	23	4	5	16	4	8	5	5	4	6	16	4	4	20	19	24	12	4	18	8	
1688_A/chicken/Shandong/A 10	12	9	1	8	5	5	5	1	5	1	0	1	2	0	0	7	4	3	3	9	4	2	1	3	5	9	3	11	4	13	4	9	11	15	10	12	5	12	5	8	8	8	31	22	3	6	16	4	10	6	4	3	7	13	4	4	19	23	17	11	5	16	16	
1689_A/chicken/Shantou/37 8	12	9	1	10	5	5	5	1	6	1	0	1	2	0	0	5	4	3	3	12	4	3	1	2	5	9	3	11	3	13	4	11	10	16	8	10	6	12	6	8	8	8	34	23	3	6	11	5	9	6	4	4	5	15	4	5	21	20	18	10	4	17	15	
1690_A/chicken/Shanxi/10/ 9	12	9	1	9	5	5	5	1	5	1	0	1	2	0	0	8	4	4	3	9	4	2	1	3	5	10	5	11	3	12	3	11	10	15	10	9	6	12	5	8	8	8	30	23	3	6	14	4	10	6	3	5	6	13	4	5	19	23	18	10	5	16	16	
1691_A/chicken/Sheny/0606 10	11	8	1	8	5	6	5	1	6	1	0	1	2	0	0	6	4	2	3	10	4	4	1	3	5	10	3	11	3	12	4	11	10	15	9	9	6	12	5	9	8	8	29	23	3	6	16	5	11	6	5	5	6	13	4	5	18	22	19	9	5	17	14	
1692_A/chicken/Sichuan/81 7	12	9	0	11	5	5	6	1	5	1	0	2	2	0	0	6	5	3	3	10	3	3	1	2	6	9	3	11	2	13	5	11	10	16	8	10	6	11	7	8	9	10	30	23	3	5	13	6	9	6	4	3	5	15	4	3	20	19	22	12	5	18	11	
1693_A/chicken/Wuhan/HAQL 4	11	9	1	14	5	5	5	1	5	1	0	5	3	0	0	8	6	4	2	8	4	2	2	0	4	9	3	10	2	13	5	12	8	21	10	11	7	7	4	8	9	8	27	23	3	6	17	4	8	6	4	3	6	15	4	3	21	20	19	12	5	17	14	
1694_A/chicken/Wuhan/HAQL 4	11	9	1	14	5	5	5	1	5	1	0	5	3	0	0	8	6	4	2	8	4	2	2	0	4	9	3	10	2	13	5	12	8	21	10	11	7	7	4	8	9	8	27	23	3	6	17	4	8	6	4	3	6	15	4	3	21	20	19	12	5	17	14	
1695_A/chicken/Wuxi/WX-32 9	11	8	1	10	6	5	5	1	5	1	0	1	2	0	0	6	6	4	2	10	5	2	2	1	4	10	4	13	2	12	4	11	8	14	9	9	8	14	5	8	9	10	29	23	2	6	13	5	11	6	4	4	4	15	5	3	21	20	18	12	4	16	15	
1696_A/chicken/Wuxi/WX-33 10	10	8	1	11	6	5	5	1	5	1	0	1	2	0	0	5	7	4	2	9	6	2	2	1	4	12	4	14	2	9	4	11	8	13	10	9	8	14	4	8	9	10	30	23	2	6	13	5	10	7	4	4	4	15	4	3	21	19	19	12	4	16	15	
1697_A/chicken/Xinjiang/1 7	12	9	2	11	6	5	4	1	4	1	0	2	2	0	0	6	4	3	3	11	4	3	1	2	5	9	3	10	3	13	4	11	10	17	9	10	6	11	5	8	9	9	33	23	3	5	12	3	10	7	4	5	5	14	4	5	18	22	20	11	6	15	13	
1698_A/chicken/Xinjiang/2 7	12	9	2	11	6	5	4	1	4	1	0	1	2	0	0	7	4	3	3	10	4	3	1	3	5	9	3	10	3	13	4	11	10	16	9	10	6	12	5	8	7	8	32	23	4	7	12	5	9	6	5	4	5	15	3	5	21	19	19	10	5	18	14	
1699_A/chicken/Xinjiang/5 7	12	9	2	11	6	5	4	1	4	1	0	1	2	0	0	7	4	3	3	10	4	3	1	3	5	9	3	10	3	13	4	11	10	16	9	10	6	12	5	8	7	8	32	23	4	7	12	5	9	6	5	4	5	15	3	5	21	20	19	10	5	17	14	
1700_A/chicken/Xinjiang/5 7	11	8	2	11	6	6	4	1	5	1	0	2	2	0	0	6	4	3	3	11	4	3	1	2	5	8	3	10	3	14	4	11	10	17	9	10	6	11	5	8	8	8	33	23	3	6	13	5	10	7	4	4	5	14	4	5	20	20	20	10	5	17	12	
1701_A/chicken/Xinjiang/6 7	12	9	2	11	6	5	4	1	4	1	0	1	2	0	0	7	4	3	3	10	4	3	1	3	5	9	3	10	3	13	4	11	10	16	9	10	6	12	5	8	7	8	32	23	4	7	12	5	9	6	5	4	5	15	3	5	21	20	20	10	5	17	13	
1702_A/chicken/Xinjiang/6 7	11	9	2	11	6	5	4	1	5	1	0	2	2	0	0	6	4	3	3	11	4	3	1	2	5	9	3	10	3	13	4	10	10	17	9	10	6	11	5	8	8	8	33	24	3	7	11	5	10	7	4	4	5	14	4	5	20	20	19	10	5	17	14	
1703_A/chicken/Yunnan/1/2 6	10	9	1	12	7	4	5	2	5	1	0	1	2	0	0	7	7	2	2	9	2	5	2	3	5	9	4	10	2	13	4	12	8	16	9	9	7	12	5	8	10	9	30	24	2	6	13	5	10	6	4	4	5	14	4	2	21	20	17	12	4	18	16	
1704_A/chicken/Yunnan/207 7	13	9	1	11	4	5	5	1	5	1	0	1	2	0	0	7	4	3	3	9	4	3	1	2	5	9	3	12	3	13	5	11	11	16	9	10	5	12	5	8	8	8	32	23	3	6	12	5	8	6	3	4	5	15	5	3	23	20	19	12	4	17	14	
1705_A/chicken/Yunnan/568 7	13	9	1	11	4	5	5	1	5	1	0	1	2	0	0	6	4	3	3	10	4	3	1	2	5	9	3	12	3	13	5	11	11	16	9	10	5	12	5	8	8	8	32	23	3	6	12	5	8	6	3	4	5	15	5	3	23	20	19	12	4	17	14	
1706_A/chicken/Yunnan/679 7	13	9	1	11	4	5	5	1	5	1	0	1	2	0	0	6	4	3	3	10	4	3	1	2	5	9	3	12	3	13	5	11	11	16	8	10	5	12	6	8	8	8	32	23	3	6	12	5	8	6	3	4	5	15	5	3	23	20	19	12	4	17	14	
1707_A/chicken/Yunnan/688 6	13	9	1	12	4	5	5	1	5	1	0	1	2	0	0	6	4	3	3	10	4	3	1	2	5	9	3	12	3	13	5	11	11	16	9	10	5	12	5	8	8	8	32	23	3	6	12	5	8	6	3	4	5	15	5	3	23	20	19	12	4	17	14	
1708_A/condor/Guangdong/1 7	12	9	1	11	5	5	5	1	5	1	0	1	2	0	0	6	4	3	3	10	4	3	1	2	5	9	3	12	3	13	5	11	10	16	9	10	6	12	5	8	8	7	32	21	4	6	12	5	8	6	4	4	5	15	4	4	23	20	18	12	4	18	15	
1709_A/domestic_green-win 4	12	8	2	14	6	6	4	0	5	1	0	2	1	0	0	3	5	4	3	12	3	2	1	5	5	11	5	11	3	11	4	10	12	21	9	14	5	8	5	7	8	9	31	23	3	6	11	5	8	5	5	6	5	16	4	4	20	24	23	8	7	13	11	
1710_A/duck/Anhui/56/2005 8	12	10	0	10	5	4	6	1	5	1	0	2	2	0	0	5	5	3	3	11	3	3	1	2	6	10	3	11	2	12	4	10	10	16	9	10	6	12	5	8	9	9	32	23	3	6	13	7	9	7	4	3	5	14	4	3	21	19	20	12	4	18	12	
1711_A/duck/China/0935/20 6	11	8	1	12	6	5	5	1	5	1	0	1	2	0	0	7	5	4	2	9	4	3	2	1	5	10	4	13	2	12	4	13	8	17	9	8	8	11	5	8	9	10	29	23	2	5	14	4	9	6	4	4	5	15	4	4	22	22	18	12	4	15	15	
1712_A/duck/China/1033/20 6	11	8	1	12	6	5	5	1	5	1	0	1	2	0	0	7	5	4	2	9	4	3	2	1	5	10	4	13	2	12	4	13	8	17	9	8	8	11	5	8	9	11	28	23	2	5	14	4	9	6	4	4	5	15	4	4	22	22	18	12	4	14	16	
1713_A/duck/China/E26/201 5	12	9	1	13	5	5	5	1	5	0	1	1	2	0	0	7	5	3	2	9	4	3	2	0	5	10	3	14	2	12	5	10	8	17	10	11	7	10	5	8	9	8	28	23	3	6	16	6	9	6	5	4	5	15	3	3	21	20	20	12	4	17	13	
1714_A/duck/China/E53/201 5	12	9	2	13	4	5	4	1	5	0	1	0	3	0	0	6	3	3	2	10	4	3	2	3	6	11	3	12	3	11	4	11	9	17	8	10	7	11	6	8	10	8	28	23	2	6	17	5	10	8	3	4	5	13	5	3	21	20	21	12	3	17	12	
1715_A/duck/Eastern_China 6	12	8	0	12	5	6	6	1	5	0	1	2	2	0	0	6	5	3	3	10	3	3	1	2	6	10	3	11	2	12	4	10	9	17	6	10	6	13	7	8	10	10	30	23	4	5	14	6	8	5	4	3	6	16	3	4	20	18	22	12	4	19	11	
1716_A/duck/Eastern_China 8	9	8	1	10	8	6	5	2	6	1	0	2	1	0	0	4	4	5	3	11	4	1	1	1	6	14	4	13	2	8	4	9	9	14	9	16	6	14	6	7	11	9	27	24	2	6	16	4	8	8	5	4	5	14	3	7	21	28	20	7	5	9	14	
1717_A/duck/Eastern_China 4	10	10	1	14	8	4	5	0	4	1	0	1	2	0	0	4	7	5	3	11	1	2	1	4	5	11	4	13	3	11	5	9	10	13	9	15	8	13	7	6	10	7	32	24	1	8	10	4	10	5	5	4	3	17	3	6	21	19	23	9	5	18	11	
1718_A/duck/Guangdong/23/ 7	12	9	1	11	5	5	5	1	6	1	0	1	1	0	0	6	4	3	3	10	4	3	2	2	5	9	3	12	3	13	5	11	10	16	9	10	6	10	5	9	8	8	30	23	3	6	13	5	8	6	4	4	5	16	4	3	23	20	20	12	4	17	13	
1719_A/duck/Hubei/2911/20 7	13	8	0	11	5	6	6	1	4	1	0	3	2	0	0	6	5	3	3	10	3	3	1	1	6	9	4	11	2	12	5	11	9	16	8	9	6	11	7	8	9	10	29	23	4	5	14	6	8	6	4	4	6	15	4	3	20	18	22	12	5	19	11	
1720_A/duck/Hubei/49/2005 7	12	8	0	11	5	6	6	1	5	1	0	2	2	0	0	6	5	3	3	10	3	3	1	2	6	9	3	11	2	13	5	11	10	16	9	10	6	12	5	8	9	10	30	23	3	5	13	6	8	6	4	3	6	15	4	4	20	19	22	11	5	18	11	
1721_A/duck/Hubei/xn/2007 7	10	9	1	11	7	5	5	1	5	1	0	1	2	0	0	7	4	3	3	9	4	3	1	2	5	9	2	12	3	13	6	11	9	17	9	10	7	11	5	8	8	8	32	23	3	6	12	5	7	7	4	4	6	14	4	3	23	19	23	12	4	18	10	
1722_A/duck/Hunan/3/2007_ 7	11	9	1	11	6	5	5	1	5	1	0	1	2	0	0	7	4	3	3	9	4	3	1	2	5	9	2	12	3	13	6	11	9	17	9	10	7	11	5	8	8	8	32	23	3	6	12	5	7	7	4	4	6	14	4	3	23	19	21	12	4	18	12	
1723_A/duck/Hunan/316/200 7	12	9	0	11	5	5	6	1	5	1	0	2	2	0	0	6	5	4	3	10	3	2	1	2	6	9	3	11	2	13	5	11	10	16	9	10	6	11	6	8	8	10	30	23	4	5	13	6	9	6	3	3	5	15	5	5	20	19	22	10	5	18	11	
1724_A/duck/Hunan/3315/20 6	12	8	0	12	5	6	6	1	5	1	0	2	2	0	0	6	4	3	3	10	4	3	1	2	6	9	3	11	2	13	4	11	10	16	9	9	6	12	5	8	9	10	31	23	3	5	13	5	8	6	4	4	6	15	4	4	19	19	22	12	6	18	11	
1725_A/duck/Hunan/689/200 7	12	9	0	11	5	5	6	2	5	1	0	2	2	0	0	6	5	3	3	10	3	3	1	1	6	9	4	11	2	13	4	11	10	16	9	10	6	11	6	8	9	10	29	23	3	5	14	6	9	6	4	3	5	15	4	4	20	18	22	11	5	19	11	
1726_A/duck/Hunan/733/200 7	12	10	0	11	5	4	6	1	5	1	0	1	2	0	0	6	5	3	3	10	3	3	1	4	5	9	3	10	3	13	5	11	10	16	9	10	6	12	5	8	8	8	30	23	3	6	14	5	8	7	3	4	5	14	4	3	23	20	20	12	4	17	14	
1727_A/duck/Hunan/8/2008_ 5	12	10	1	13	5	4	5	1	5	1	0	1	2	0	0	6	5	3	2	10	4	4	2	1	4	10	3	14	3	12	5	11	9	16	8	12	7	12	6	8	8	9	30	23	3	6	13	5	9	6	5	5	5	16	3	2	22	20	21	12	4	17	13	
1728_A/duck/Hunan/S4020/2 6	12	9	1	12	4	5	5	1	5	1	0	1	3	0	0	6	3	3	2	10	5	3	2	3	5	11	3	11	3	11	5	11	9	16	8	10	7	12	6	8	8	8	27	23	3	6	17	5	10	6	3	4	5	15	5	3	22	21	20	12	3	16	13	
1729_A/duck/Hunan/S4030/2 5	12	10	1	13	4	4	5	1	5	1	0	0	3	0	0	6	4	4	2	10	3	2	2	4	6	11	4	11	3	11	5	11	8	17	8	11	8	11	6	9	8	8	28	23	3	6	15	5	10	6	4	3	5	15	4	2	22	20	21	12	3	17	12	
1730_A/duck/Hunan/S4150/2 5	12	9	1	13	5	5	5	1	5	1	0	2	2	0	0	8	5	3	2	8	4	3	2	0	5	10	3	13	2	12	5	11	8	19	10	10	7	9	4	8	9	8	29	23	3	6	15	5	9	6	4	4	5	15	4	3	21	21	19	12	5	16	14	
1731_A/duck/Hunan/S4220/2 7	11	8	1	11	6	5	5	1	5	1	0	2	2	0	0	6	5	3	2	10	4	4	2	2	5	9	4	11	2	13	4	12	8	15	9	9	8	13	5	8	10	9	29	23	2	6	14	5	10	6	4	3	5	15	4	4	21	21	20	11	4	16	13	
1732_A/duck/Jiangxi/120/2 6	12	9	0	12	5	5	6	1	6	0	1	2	1	0	0	7	5	3	3	9	3	3	1	2	6	11	3	11	2	11	3	11	9	16	9	10	6	12	5	8	11	10	29	23	3	5	16	4	8	5	5	4	6	16	4	4	20	19	23	12	4	18	9	
1733_A/duck/Jiangxi/130/2 5	12	8	1	13	5	5	5	1	5	0	1	2	2	0	0	8	5	4	2	8	4	3	2	0	5	10	3	13	2	12	5	11	8	19	9	10	7	9	5	8	9	8	28	23	3	6	16	5	9	6	4	4	5	15	4	3	21	21	19	12	5	16	14	
1734_A/duck/Jiangxi/34/20 6	11	7	1	12	6	6	5	1	5	0	1	1	2	0	0	6	5	2	2	10	4	5	2	1	5	10	4	13	2	12	4	12	9	14	9	9	8	13	5	8	10	9	29	23	2	6	14	5	10	6	4	4	4	15	4	3	21	21	19	12	4	16	14	
1735_A/duck/Jiangxi/35/20 6	12	8	1	12	6	5	5	1	4	0	1	1	2	0	0	6	5	2	2	10	4	5	2	2	5	10	4	12	2	12	4	12	9	16	10	9	8	11	5	8	9	9	30	23	2	6	13	5	10	6	4	4	4	15	4	3	21	21	18	12	4	16	15	
1736_A/duck/Jiangxi/44/20 6	12	11	1	12	5	3	5	0	5	0	1	4	1	0	0	5	5	5	3	10	3	1	1	7	5	11	5	7	3	11	5	11	13	17	8	11	6	9	6	6	7	9	28	23	2	7	13	6	8	4	6	6	5	17	2	4	21	21	24	9	5	16	10	
1737_A/duck/Jiangxi/80/20 7	11	9	0	11	6	5	6	1	5	1	0	2	2	0	0	6	5	4	3	10	3	2	1	2	6	9	3	11	2	13	5	11	10	16	9	10	6	12	5	8	9	10	30	23	3	6	12	6	9	6	4	3	5	15	4	3	19	19	22	12	6	18	11	
1738_A/duck/Jilin/JL-SIV/ 7	11	8	0	12	5	6	6	1	3	1	0	2	4	0	0	6	5	4	3	10	3	2	1	3	6	9	3	10	2	13	5	11	10	16	9	10	6	12	5	9	9	10	30	23	3	5	13	5	9	6	4	4	5	15	4	3	21	18	22	11	4	20	10	
1739_A/duck/Nanchang/9789 6	11	8	1	12	6	5	5	0	4	1	0	2	3	0	0	7	5	3	2	9	4	4	2	3	5	10	4	11	2	12	4	12	8	15	9	8	7	13	5	9	10	9	29	24	2	6	14	5	10	6	4	4	4	15	4	2	22	21	18	12	4	16	15	
1740_A/duck/Shandong/009/ 7	12	8	0	11	5	6	6	1	4	0	1	2	3	0	0	5	5	3	3	11	3	3	1	3	6	11	2	11	2	12	5	11	11	16	10	12	5	13	5	8	9	10	30	23	3	5	13	5	9	6	4	4	5	16	4	3	21	18	23	12	4	19	10	
1741_A/duck/Sichuan/NCXN1 6	8	9	2	12	8	4	5	1	5	1	0	2	2	0	0	7	5	2	2	9	4	5	2	2	5	9	5	11	2	13	4	12	8	17	8	9	6	12	5	8	11	9	29	24	2	6	13	5	10	6	5	4	5	15	4	2	21	21	18	12	4	16	14	
1742_A/duck/Sichuan/NCXN1 6	9	9	1	12	8	4	5	1	5	1	0	2	2	0	0	7	5	2	2	9	4	5	2	2	5	9	5	11	2	13	4	12	8	17	8	9	6	12	5	8	11	9	29	24	2	6	13	5	10	6	5	4	5	15	4	2	21	21	18	12	4	16	14	
1743_A/duck/Wenzhou/YJYF3 4	11	9	1	14	5	5	5	2	4	1	0	4	4	0	0	8	6	4	2	8	4	2	2	0	4	9	3	10	2	13	5	12	8	21	10	11	7	7	4	8	9	8	27	23	3	6	17	4	10	5	4	3	4	16	4	3	21	20	19	12	5	17	14	
1744_A/duck/Yunnan/4072/2 7	13	9	1	11	4	5	5	1	5	1	0	1	2	0	0	6	4	3	3	10	4	3	1	2	5	9	3	12	3	13	5	11	10	16	9	10	6	12	5	8	8	8	32	23	3	6	12	5	8	6	3	4	5	15	5	3	23	20	19	12	4	17	14	
1745_A/duck/Yunnan/426/20 7	13	9	1	11	4	5	5	1	5	1	0	1	2	0	0	6	4	3	3	10	4	3	1	2	5	9	3	12	3	13	5	11	11	16	9	10	5	12	5	8	8	8	32	23	3	6	12	5	8	6	3	4	5	15	5	3	23	20	19	12	4	17	14	
1746_A/duck/Yunnan/4645/2 7	13	9	1	11	4	5	5	1	5	1	0	1	2	0	0	6	4	3	3	10	4	3	1	2	5	9	3	12	3	13	5	11	10	16	9	10	6	12	5	8	8	8	32	23	3	6	12	5	8	6	3	4	5	15	5	3	23	20	19	12	4	17	14	
1747_A/duck/Yunnan/47/200 7	12	9	1	11	5	5	5	1	5	1	0	1	2	0	0	7	4	3	3	9	4	3	1	2	5	9	3	12	3	13	5	9	10	16	9	11	6	12	5	9	8	9	29	23	3	6	14	5	8	6	4	4	5	15	4	3	22	19	19	12	5	18	14	
1748_A/duck/Yunnan/485/20 7	13	9	1	11	4	5	5	1	5	1	0	1	2	0	0	7	4	3	3	9	4	3	1	2	5	9	3	12	3	13	5	11	11	16	9	10	5	12	5	8	8	8	32	23	3	6	12	5	8	6	3	4	5	15	5	3	23	20	19	12	4	17	14	
1749_A/duck/Yunnan/4873/2 7	12	9	1	11	5	5	5	1	5	1	0	1	2	0	0	7	4	3	2	9	4	3	2	2	5	9	3	12	3	13	5	10	10	16	9	11	6	12	5	9	8	10	29	23	3	5	14	5	7	6	4	4	5	15	4	2	23	20	19	12	5	17	14	
1750_A/duck/Yunnan/5090/2 7	13	9	1	11	4	5	5	1	5	1	0	1	2	0	0	6	4	3	3	10	4	3	1	2	5	9	3	12	3	13	5	11	10	16	9	10	6	12	5	8	8	8	32	23	3	6	12	5	8	6	3	4	5	15	5	3	23	20	19	12	4	17	14	
1751_A/duck/Yunnan/5169/2 7	13	9	1	11	4	5	5	1	5	1	0	1	2	0	0	6	4	3	3	10	4	3	1	2	5	9	3	12	3	13	5	11	10	16	9	10	6	12	5	8	8	8	32	23	3	6	12	5	8	6	3	4	5	15	5	3	23	20	19	12	4	17	14	
1752_A/duck/Yunnan/522/20 7	13	9	1	11	4	5	5	1	5	1	0	1	2	0	0	6	4	3	3	10	4	3	1	2	5	9	3	12	3	13	5	11	11	16	9	10	5	12	5	8	8	8	32	23	3	6	12	5	8	6	3	4	5	15	5	3	23	20	19	12	4	17	14	
1753_A/duck/Yunnan/5310/2 8	13	9	0	10	5	5	6	1	5	1	0	2	2	0	0	8	5	3	3	9	3	3	1	2	6	9	3	10	2	13	5	11	10	16	9	10	6	11	6	8	9	10	30	23	3	5	13	6	8	6	4	3	5	15	4	3	19	19	22	12	6	18	11	
1754_A/duck/Yunnan/5948/2 7	13	9	1	11	4	5	5	1	5	1	0	1	2	0	0	6	4	3	3	10	4	3	1	2	5	9	3	12	3	13	5	11	11	16	9	10	5	12	5	8	8	8	32	23	3	6	12	5	8	6	3	4	5	15	5	3	23	20	19	12	4	17	14	
1755_A/duck/Yunnan/6080/2 7	12	10	1	11	5	4	5	1	5	1	0	1	2	0	0	6	4	3	3	10	4	3	1	2	5	9	3	12	3	13	5	11	11	16	9	10	5	12	5	8	8	8	32	23	3	6	12	5	8	6	3	4	5	15	5	3	23	20	19	12	4	17	14	
1756_A/duck/Yunnan/6603/2 7	13	9	1	11	4	5	5	1	5	1	0	1	2	0	0	6	4	3	3	10	4	3	1	2	5	9	3	12	3	13	5	11	11	17	8	10	5	12	5	8	8	8	32	23	3	6	12	5	8	6	3	4	5	15	5	3	23	20	19	12	4	17	14	
1757_A/duck/Zhejiang/1220 6	11	8	1	12	6	5	5	1	5	1	0	1	2	0	0	7	5	3	2	9	4	4	2	1	5	10	4	13	2	12	4	12	8	15	9	9	8	13	5	8	9	9	29	23	2	6	14	4	9	7	4	4	5	14	4	4	22	22	18	12	4	15	15	
1758_A/duck/Zhejiang/213/ 6	11	9	1	12	6	4	5	1	5	1	0	1	2	0	0	6	5	3	2	10	4	4	2	1	5	10	4	13	2	12	4	12	8	15	10	9	8	13	4	8	10	9	29	23	2	6	14	5	10	6	3	4	4	15	5	3	21	21	18	12	4	16	15	
1759_A/duck/Zhejiang/224/ 6	11	8	1	12	6	5	5	1	5	1	0	1	2	0	0	6	5	2	2	10	4	5	2	1	5	10	4	13	2	12	4	13	8	15	9	9	8	13	5	8	10	9	29	23	2	6	14	4	10	6	4	4	4	15	4	2	21	21	19	13	4	16	14	
1760_A/duck/Zhejiang/2242 6	11	8	1	12	6	5	5	1	5	1	0	1	2	0	0	6	5	2	2	10	4	5	2	1	5	10	4	13	2	12	4	13	8	15	9	9	8	13	5	8	10	9	29	23	2	6	14	4	10	7	4	4	4	14	4	2	21	21	19	13	4	16	14	
1761_A/duck/Zhejiang/2243 6	11	8	1	12	6	5	5	1	5	1	0	1	2	0	0	6	5	2	2	10	4	5	2	1	5	10	4	13	2	12	4	13	8	15	9	9	8	13	5	8	10	9	29	23	2	6	14	4	10	6	4	4	4	15	4	2	21	21	19	13	4	16	14	
1762_A/duck/Zhejiang/2244 6	11	8	1	12	6	5	5	1	5	1	0	1	2	0	0	6	5	2	2	10	4	5	2	1	5	10	4	13	2	12	4	13	8	15	9	9	8	13	5	8	10	9	29	23	2	6	14	4	10	6	4	4	4	15	4	2	21	21	19	13	4	16	14	
1763_A/duck/Zhejiang/2245 5	12	9	2	13	6	5	4	0	5	1	0	3	1	0	0	6	4	4	3	10	4	2	1	4	6	11	5	10	2	11	4	9	11	17	9	14	6	9	6	7	10	10	33	23	1	5	9	5	10	10	5	3	3	11	3	4	22	19	25	10	4	18	9	
1764_A/duck/Zhejiang/2248 6	11	8	1	12	6	5	5	1	5	1	0	1	2	0	0	6	5	2	2	10	4	5	2	1	5	10	4	13	2	12	4	13	8	15	9	9	8	13	5	8	10	9	29	23	2	6	14	4	10	6	4	4	4	15	4	2	21	21	19	13	4	16	14	
1765_A/equine/China/61/20 7	12	9	1	11	5	5	5	1	5	1	0	1	2	0	0	7	4	3	3	9	4	3	1	2	5	9	3	12	3	13	5	11	10	16	9	10	6	12	5	8	8	8	30	23	3	6	14	5	8	6	4	4	5	15	4	3	23	18	21	12	4	18	13	
1766_A/equine/China/67/20 7	12	9	1	11	5	5	5	1	5	1	0	1	2	0	0	7	4	3	3	9	4	3	1	2	5	9	3	12	3	13	5	11	10	16	9	10	6	12	5	8	8	8	30	23	3	6	14	5	8	6	4	4	5	15	4	3	23	18	21	12	4	18	13	
1767_A/equine/China/68/20 7	12	9	1	11	5	5	5	1	5	1	0	2	2	0	0	7	4	3	3	9	4	3	1	2	5	9	3	11	3	13	5	11	10	16	9	10	6	12	5	8	8	8	30	23	3	6	14	5	8	6	4	4	5	15	4	3	23	18	21	12	4	18	13	
1768_A/goose/China/E43/20 6	12	8	1	12	6	5	5	1	5	0	1	1	2	0	0	6	5	2	2	10	4	5	2	1	5	10	3	13	2	12	5	12	8	15	8	9	8	13	5	8	10	9	30	23	2	6	13	5	10	6	4	4	4	15	5	3	20	21	18	12	4	16	15	
1769_A/goose/Eastern_Chin 6	12	8	0	12	5	6	6	1	5	1	0	2	2	0	0	6	5	3	3	10	3	3	1	2	6	11	3	11	2	11	4	11	9	17	8	10	6	11	5	8	10	12	30	23	3	4	13	5	8	5	4	3	6	17	4	4	20	18	22	12	5	19	11	
1770_A/goose/GuangDong/11 4	13	9	1	14	5	5	5	0	4	1	0	2	2	0	0	5	5	3	2	10	3	3	2	5	5	11	4	10	3	11	5	10	13	17	9	12	6	9	6	7	7	9	31	23	2	6	11	5	11	6	5	6	4	15	3	3	18	24	23	10	6	13	11	
1771_A/goose/Guangdong/72 7	12	8	1	11	5	6	5	0	5	1	0	1	2	0	0	10	4	3	3	7	4	3	1	3	5	11	2	11	3	12	5	11	11	16	9	10	4	12	5	8	9	8	31	23	3	6	14	6	8	6	4	3	5	15	4	3	22	20	18	12	5	15	16	
1772_A/goose/Hubei/65/200 7	12	9	0	11	5	5	6	1	5	1	0	2	2	0	0	6	5	3	3	10	3	3	1	2	6	10	3	11	2	12	5	11	10	16	10	10	6	12	4	8	9	10	30	23	3	5	13	6	9	6	4	3	5	15	4	3	20	19	22	12	5	18	11	
1773_A/goose/Inner_Mongol 6	11	9	1	12	7	5	5	0	3	1	0	3	3	0	0	4	4	4	3	10	4	2	1	2	6	11	5	12	2	11	3	9	11	18	9	15	7	8	6	6	9	6	29	24	1	8	15	5	8	8	5	5	6	13	3	4	22	26	21	9	3	11	13	
1774_A/goose/Jiangsu/k040 7	11	9	1	11	6	5	5	1	5	1	0	2	2	0	0	8	4	3	3	9	4	3	1	2	5	9	2	10	3	13	6	12	9	17	9	10	8	10	5	8	8	7	31	23	3	7	13	4	7	7	4	4	7	14	4	3	22	19	24	12	4	18	9	
1775_A/goose/Yunnan/3798/ 7	12	9	1	11	5	5	5	1	5	1	0	1	2	0	0	7	4	3	3	9	4	3	1	2	5	9	3	12	3	13	5	10	10	16	9	11	6	12	5	9	8	9	30	23	3	6	13	5	8	6	4	4	5	15	4	2	23	19	19	12	4	18	14	
1776_A/goose/Yunnan/4371/ 7	12	9	1	11	5	5	5	1	5	1	0	1	2	0	0	7	4	3	2	9	4	3	2	2	5	9	3	12	3	13	5	10	10	16	9	11	6	12	5	8	8	10	29	23	3	5	14	5	7	6	4	4	5	15	4	3	23	20	19	12	5	17	14	
1777_A/goose/Yunnan/4389/ 7	12	9	1	11	5	5	5	1	5	1	0	1	2	0	0	7	4	3	2	9	4	3	2	2	5	9	3	12	3	13	5	10	10	16	9	11	6	12	5	8	8	10	29	23	3	5	14	5	7	6	4	4	5	15	4	3	23	20	19	12	5	17	14	
1778_A/goose/Yunnan/4985/ 7	12	9	1	11	5	5	5	1	5	1	0	1	2	0	0	7	4	3	2	9	4	3	2	2	5	9	3	12	3	13	5	10	10	16	9	11	6	12	5	9	8	10	29	23	3	5	14	5	7	6	4	4	5	15	4	2	23	20	19	12	5	17	14	
1779_A/goose/Yunnan/5141/ 7	12	9	1	11	5	5	5	1	5	1	0	1	2	0	0	7	4	3	3	9	4	3	1	2	6	9	3	12	2	13	5	11	10	16	10	10	6	12	4	8	8	8	30	23	3	6	14	6	8	6	4	3	5	15	4	3	23	19	18	12	4	18	15	
1780_A/goose/Yunnan/5769/ 8	13	9	0	10	5	5	6	1	5	1	0	2	2	0	0	8	5	3	3	9	3	3	1	2	6	9	4	10	2	13	5	11	10	16	9	11	6	11	6	7	9	11	28	23	3	5	13	6	8	6	4	3	5	15	4	3	19	19	22	12	6	18	11	
1781_A/goose/Yunnan/5979/ 8	13	9	0	10	5	5	6	1	5	1	0	2	2	0	0	8	5	3	3	9	3	3	1	2	6	9	4	10	2	13	5	11	10	16	9	11	6	11	6	7	9	11	28	23	3	5	13	6	8	6	4	3	5	15	4	3	19	19	22	12	6	18	11	
1782_A/goose/Yunnan/6193/ 7	12	9	1	11	5	5	5	1	5	1	0	1	2	0	0	7	4	3	3	9	4	3	1	2	5	9	3	12	3	13	5	11	10	16	9	10	6	12	5	8	8	8	29	23	3	6	15	5	8	6	4	4	5	15	4	3	23	19	18	11	5	18	15	
1783_A/goose/Zhejiang/112 6	11	8	1	12	6	5	5	1	5	1	0	1	2	0	0	7	5	4	2	9	4	3	2	1	5	10	4	13	2	12	4	12	8	15	9	9	8	13	5	8	9	9	29	23	2	6	14	4	8	7	4	4	5	14	4	4	23	21	18	12	4	16	15	
1784_A/goose/Zhejiang/727 7	11	8	1	11	6	5	5	1	5	1	0	1	2	0	0	6	5	4	2	9	4	3	2	3	5	10	3	12	2	12	5	12	8	14	9	9	7	14	5	8	10	9	28	23	2	6	15	5	9	7	4	4	5	14	4	3	22	21	17	12	4	16	16	
1785_A/great_black-headed 7	11	9	1	11	6	5	5	1	5	1	0	1	2	0	0	6	4	3	3	10	4	3	1	1	6	9	2	12	2	13	6	11	10	16	9	10	7	11	5	8	9	8	31	23	3	5	13	5	7	6	4	4	7	15	4	5	22	18	20	11	4	19	13	
1786_A/great_crested-greb 7	10	9	1	11	7	5	5	1	5	1	0	1	2	0	0	8	4	3	3	9	4	3	1	2	5	10	3	12	3	12	6	12	9	16	11	11	6	14	4	8	8	7	31	24	3	7	13	3	7	7	4	4	7	15	4	3	22	19	23	13	4	18	9	
1787_A/great_egret/Hong_K 5	12	9	1	13	5	5	5	1	5	1	0	1	2	0	0	7	6	3	2	9	3	3	2	2	5	9	3	12	2	13	5	11	8	16	9	10	8	12	5	8	8	8	29	23	3	6	15	5	9	6	4	4	5	15	4	4	22	21	19	11	4	16	14	
1788_A/great_tit/Panjing/ 5	12	10	1	13	5	4	5	1	5	1	0	2	2	0	0	8	5	3	2	8	4	3	2	1	5	10	3	12	2	12	5	10	8	19	9	11	7	9	5	8	9	8	28	23	3	6	16	5	9	6	4	4	5	15	4	3	20	21	19	12	6	16	14	
1789_A/grey_heron/Hong_Ko 5	12	9	1	13	5	5	5	1	5	1	0	1	2	0	0	7	5	3	2	9	4	3	2	2	5	10	4	12	2	12	4	11	8	16	9	10	8	12	5	8	8	8	30	23	3	6	14	5	10	6	4	4	4	15	4	5	22	21	20	10	4	16	13	
1790_A/grey_heron/Hong_Ko 6	12	9	1	12	5	5	5	1	5	1	0	1	2	0	0	7	5	3	2	9	4	3	2	2	5	9	3	12	2	13	5	11	8	16	9	10	8	12	5	8	8	8	29	23	3	6	15	5	9	6	4	4	5	15	4	3	22	21	19	12	4	16	14	
1791_A/hill_myna/Heilongj 6	10	8	1	12	7	5	5	1	5	1	0	1	2	0	0	6	5	4	2	10	4	3	2	1	5	10	4	13	2	12	4	12	8	15	9	9	8	13	5	8	9	9	29	23	2	6	14	5	10	6	4	4	4	15	4	3	22	20	18	12	4	17	15	
1792_A/lesser_kestrel/Hei 7	12	9	0	11	5	6	6	2	5	1	0	2	2	0	0	7	5	2	3	10	3	3	1	1	6	9	4	11	2	13	4	11	10	15	10	9	6	12	5	8	9	10	29	23	3	5	14	6	9	7	4	4	5	13	4	4	20	18	21	11	5	19	12	
1793_A/lion/Hubei/1-2/201 4	11	9	1	14	5	5	5	1	5	1	0	5	3	0	0	8	6	4	2	8	4	2	2	0	4	9	3	10	2	13	5	12	8	20	9	12	7	8	5	7	9	8	28	23	3	6	16	4	10	6	4	3	4	15	4	3	21	20	20	12	5	17	13	
1794_A/little_egret/Hong_ 6	12	9	1	12	5	5	5	1	5	1	0	1	2	0	0	7	4	3	2	8	4	3	2	3	5	10	4	12	3	12	4	11	9	16	10	10	7	11	5	8	8	8	29	23	3	6	15	5	9	6	4	4	5	15	4	3	22	21	21	12	4	16	12	
1795_A/magpie_robin/Hong_ 5	12	8	1	13	5	5	5	1	5	1	0	1	2	0	0	7	5	4	2	9	4	3	2	2	5	10	4	12	2	12	4	11	8	16	9	10	8	12	5	8	9	9	29	23	3	6	14	5	10	6	4	4	4	15	4	3	21	21	20	12	4	16	13	
1796_A/magpie_robin/Hong_ 5	12	8	1	13	5	5	5	1	5	1	0	1	2	0	0	7	5	4	2	9	4	3	2	2	5	10	4	12	2	12	4	11	8	16	9	10	8	12	5	8	9	9	29	23	3	6	14	5	10	6	3	4	4	15	5	3	21	21	20	12	4	16	13	
1797_A/meerkat/Shanghai/S 6	11	8	1	12	6	5	5	1	5	1	0	1	2	0	0	5	5	4	2	11	4	3	2	2	5	10	4	12	2	12	4	12	8	15	9	9	8	13	5	8	9	9	28	22	3	6	15	5	10	6	5	4	4	15	4	3	23	21	18	12	3	16	14	
1798_A/mink/China/G/2015_ 6	11	8	1	12	6	5	5	1	5	1	0	1	2	0	0	6	5	3	2	10	4	4	2	0	5	10	4	14	2	12	4	12	8	15	9	9	8	13	5	8	10	9	30	23	2	6	13	5	10	6	3	4	4	15	5	3	21	21	17	12	4	16	16	
1799_A/mink/China/XB/2015 4	11	9	1	14	5	5	5	1	5	1	0	5	3	0	0	8	6	4	2	8	4	2	2	1	4	9	3	9	2	13	5	12	8	21	9	11	7	7	5	8	9	8	27	23	3	6	17	4	10	6	4	3	4	15	4	3	21	20	20	12	5	17	13	
1800_A/mink/Eastern_China 6	7	9	2	11	8	4	4	3	8	1	0	2	1	0	0	7	5	5	1	8	3	2	3	5	7	12	7	7	1	9	3	6	4	20	11	13	7	7	4	10	14	13	27	22	2	8	9	9	11	10	7	3	4	13	4	5	23	24	21	8	1	12	10	
1801_A/ostrich/Suzhou/097 7	11	10	1	11	5	4	5	1	6	0	1	1	2	0	0	7	4	4	3	9	4	2	1	2	5	10	3	12	3	12	5	11	10	16	9	10	6	12	5	8	8	8	30	23	3	6	14	5	7	6	4	4	6	15	4	4	23	21	18	11	4	16	15	
1802_A/parrot/Guangdong/C 7	12	8	1	11	5	6	5	1	5	1	0	1	2	0	0	6	4	3	3	10	4	3	1	2	5	9	3	12	3	13	5	11	10	16	9	10	6	12	5	8	8	8	32	23	3	6	12	5	8	6	4	4	5	15	4	4	23	20	19	11	4	17	14	
1803_A/partridge/Shantou/ 5	13	9	1	13	5	5	5	1	5	1	0	1	1	0	0	5	5	6	3	8	3	1	1	5	6	9	5	12	2	13	4	11	10	15	11	13	6	11	5	9	9	9	34	25	3	6	8	4	8	9	6	5	5	13	2	4	20	23	24	8	6	14	10	
1804_A/peacock/Yunnan/1/2 6	11	9	1	12	5	5	5	1	6	1	0	5	3	0	0	8	8	3	2	9	4	3	2	0	5	7	3	11	6	11	6	11	8	24	8	11	7	8	3	7	8	7	28	24	3	6	15	5	10	7	4	3	4	12	4	4	21	21	18	11	3	16	13	
1805_A/peacock/Yunnan/3/2 4	11	9	1	14	5	5	5	1	6	1	0	5	3	0	0	8	8	3	2	9	4	3	2	0	5	7	3	11	5	11	6	12	8	24	7	11	7	8	3	8	8	7	28	24	3	6	15	4	10	7	4	3	4	13	4	3	21	21	18	11	4	16	13	
1806_A/peregrine_falcon/H 6	12	7	0	12	5	7	6	1	6	1	0	2	1	0	0	6	5	3	3	10	3	3	1	2	6	10	3	11	2	12	4	11	8	17	8	10	7	11	6	8	10	10	29	23	3	5	15	5	8	5	4	3	6	16	4	4	20	18	23	12	5	19	10	
1807_A/pheasant/Shantou/3 7	12	9	1	11	5	5	5	1	5	1	0	1	2	0	0	6	4	4	3	10	4	2	1	2	5	9	3	12	3	13	5	11	10	15	10	10	6	12	5	8	9	9	31	23	2	6	12	5	8	6	4	4	5	15	4	5	23	20	19	10	4	17	14	
1808_A/pheasant/Shantou/4 7	12	9	1	11	5	5	5	1	5	1	0	1	2	0	0	7	4	3	3	9	4	3	1	2	5	9	3	12	3	13	5	11	10	16	9	10	6	12	5	8	8	8	33	23	3	6	11	5	8	7	4	4	5	14	4	4	23	20	19	11	4	17	14	
1809_A/pied_megpie/Liaoni 6	12	9	1	12	5	5	5	1	5	1	0	1	2	0	0	6	4	4	5	11	5	3	1	2	5	7	5	11	2	15	4	11	10	15	8	11	6	13	5	8	8	8	30	23	3	7	12	4	10	7	4	5	5	14	3	5	20	21	21	9	4	16	12	
1810_A/pigeon/Hubei/RP25/ 7	12	8	0	11	5	6	6	2	6	1	0	2	1	0	0	6	4	3	4	10	3	3	1	1	7	10	2	11	2	12	4	11	11	15	7	9	5	13	7	8	10	9	33	23	3	6	12	5	9	6	4	3	6	15	4	5	18	18	21	11	6	19	11	
1811_A/pigeon/Sichuan/NCX 6	9	9	1	12	8	4	5	1	5	1	0	2	2	0	0	7	5	2	2	9	4	5	2	2	5	9	5	11	2	13	4	12	8	17	8	9	6	12	5	8	11	9	29	24	2	6	13	5	10	6	5	4	5	15	4	2	21	21	18	12	4	16	14	
1812_A/pigeon/Zhejiang/11 6	11	8	1	12	6	5	5	1	5	1	0	1	2	0	0	7	5	3	2	9	4	4	2	1	5	10	4	13	2	12	4	12	8	15	9	9	8	13	5	8	9	9	29	23	2	6	14	4	9	7	4	4	5	14	4	4	22	22	18	12	4	15	15	
1813_A/pigeon/Zhejiang/11 7	11	8	1	11	6	5	5	1	5	1	0	1	2	0	0	7	4	4	2	9	5	3	2	1	5	11	4	13	2	11	4	12	8	15	9	9	8	13	5	8	9	9	29	23	2	6	14	4	9	6	4	4	5	15	4	4	22	21	18	12	4	16	15	
1814_A/pigeon/Zhejiang/72 7	11	8	1	11	6	5	5	1	5	1	0	1	2	0	0	6	5	4	2	9	4	3	2	3	5	10	3	12	2	12	5	12	8	14	9	9	7	14	5	8	10	9	28	23	2	6	15	5	9	7	4	4	5	14	4	3	22	21	17	12	4	16	16	
1815_A/plateau_pika/Qingh 6	13	9	1	12	5	5	5	1	5	1	0	1	1	0	0	4	5	5	3	9	3	1	1	5	6	8	5	12	2	14	4	11	10	16	11	13	6	11	5	8	9	9	32	25	3	6	10	4	9	8	6	5	5	14	2	5	19	23	24	8	6	14	10	
1816_A/quail/Guangxi/11/2 9	14	8	2	10	4	5	4	0	4	1	0	2	2	0	0	2	5	5	2	10	3	1	2	5	6	11	4	14	2	11	5	12	12	15	9	9	4	11	6	8	9	9	27	23	3	6	15	5	9	11	6	5	4	10	2	7	21	23	19	6	5	14	15	
1817_A/quail/Guangxi/12/2 9	14	8	2	10	4	5	4	0	4	1	0	2	2	0	0	2	5	5	2	10	3	1	2	5	6	11	4	14	2	11	5	12	12	15	9	9	4	11	6	8	9	9	27	23	3	6	15	5	9	11	6	5	4	10	2	7	21	23	19	6	5	14	15	
1818_A/quail/Guangxi/13/2 9	14	8	2	10	4	5	4	0	4	1	0	2	2	0	0	2	5	5	2	10	3	1	2	5	6	11	4	14	2	11	5	12	12	15	9	9	4	11	6	8	9	9	27	23	3	6	15	5	9	11	6	5	4	10	2	7	21	23	19	6	5	14	15	
1819_A/quail/Nanchang/663 5	12	8	1	13	5	5	5	0	5	1	0	2	2	0	0	7	5	3	2	9	4	4	2	3	5	10	4	11	2	12	4	12	8	15	9	8	7	13	5	9	10	9	29	24	2	6	14	5	10	6	4	4	4	15	4	2	22	21	18	12	4	16	15	
1820_A/shrike/Tibet/13/20 7	12	9	0	11	5	5	6	1	5	1	0	2	2	0	0	6	5	3	3	10	3	3	1	2	6	9	3	11	2	13	5	11	10	16	9	10	6	11	6	8	9	10	30	23	3	5	13	6	9	6	4	3	5	15	4	3	20	19	21	12	5	18	12	
1821_A/silky_chicken/Shan 7	12	9	1	11	5	5	5	1	5	1	0	1	2	0	0	6	5	3	3	10	3	3	1	2	5	9	3	12	3	13	5	11	10	16	9	10	6	12	5	8	8	8	31	23	3	6	13	5	8	6	4	4	5	15	4	3	23	19	20	12	4	18	13	
1822_A/swan/Shanghai/10/2 5	12	9	1	13	5	5	5	1	6	1	0	1	2	0	0	7	5	3	2	9	4	3	2	0	4	9	3	14	2	13	5	11	8	16	9	10	7	12	5	8	9	8	28	23	3	6	15	5	9	7	4	4	5	14	4	3	22	21	20	12	4	16	14	
1823_A/swine/Guangxi/592/ 7	11	7	1	11	6	6	5	1	5	1	0	1	2	0	0	5	5	2	2	10	4	5	2	1	5	10	4	13	2	12	4	13	8	15	9	9	8	13	5	8	10	9	29	23	2	6	14	5	10	6	4	4	4	15	4	3	21	21	19	12	4	16	14	
1824_A/swine/Jiangsu/1/20 6	11	8	1	12	6	6	5	1	5	0	1	1	2	0	0	6	4	3	3	10	4	3	1	3	5	12	3	11	3	10	5	11	11	17	10	10	5	12	4	9	8	9	30	21	3	6	12	6	8	9	4	3	5	12	4	2	23	21	20	13	4	16	14	
1825_A/swine/Jiangsu/2/20 7	11	8	0	11	5	6	6	1	4	1	0	2	3	0	0	6	5	3	3	10	3	3	1	5	6	9	3	8	2	13	5	11	11	16	9	10	6	12	5	8	9	10	30	23	3	5	13	5	9	6	4	4	5	15	4	3	21	18	23	12	4	19	10	
1826_A/swine/Shandong/SD1 5	11	9	1	13	8	5	5	0	4	1	0	2	2	0	0	4	5	4	3	10	3	2	1	6	5	12	5	10	3	10	2	10	11	16	10	14	6	11	6	7	9	7	30	25	2	8	14	5	10	7	5	5	3	14	3	4	22	23	20	9	3	15	14	
1827_A/swine/Zhejiang/SW5 7	11	8	1	11	6	5	5	1	5	1	0	1	2	0	0	6	5	4	2	9	4	3	2	3	5	10	3	12	2	12	5	12	8	14	9	9	7	14	5	8	10	9	28	23	2	6	15	5	9	7	4	4	5	14	4	3	22	21	17	12	4	16	16	
1828_A/tiger/Yunnan/tig14 6	10	9	1	12	7	4	5	1	5	1	0	2	2	0	0	7	5	2	2	9	4	5	2	2	5	9	4	11	2	13	4	12	8	16	9	9	6	12	5	8	11	9	30	24	2	6	13	5	10	6	4	4	5	15	4	3	21	20	18	11	4	17	15	
1829_A/tiger/Yunnan/tig14 6	11	9	1	12	6	4	5	1	5	1	0	2	2	0	0	7	5	3	2	9	4	4	2	2	5	9	4	11	2	13	4	12	8	15	9	9	6	13	5	8	11	9	28	24	2	6	15	5	9	6	4	4	6	15	4	2	21	21	19	12	4	16	14	
1830_A/tiger/Yunnan/tig15 4	11	9	1	14	5	5	5	1	5	1	0	5	3	0	0	8	6	5	2	9	3	1	2	0	4	9	3	10	2	13	5	12	9	21	10	11	6	7	5	8	9	8	26	23	3	6	17	5	10	7	4	2	4	14	4	3	21	20	18	12	5	17	15	
1831_A/turtle_dove/Guangd 7	12	9	0	11	5	5	6	1	5	1	0	2	2	0	0	6	5	3	3	10	3	3	1	2	6	9	3	12	2	13	5	11	10	16	10	12	6	13	5	8	9	10	30	23	3	5	13	6	8	6	4	3	6	16	4	3	20	19	22	12	5	18	11	
1832_A/waterfowl/Hong_Kon 9	13	8	2	10	4	5	4	0	5	1	0	1	2	0	0	2	4	5	2	10	4	1	2	6	6	10	4	14	2	12	5	12	12	17	10	12	4	11	5	7	9	9	27	23	3	6	15	4	9	10	6	6	4	12	2	7	21	22	20	7	5	15	14	
1833_A/wild_duck/Fujian/1 6	11	7	1	12	6	6	5	1	6	1	0	1	1	0	0	6	5	4	2	10	4	4	2	1	5	11	4	14	2	10	4	13	8	15	8	8	8	13	5	8	10	9	28	22	2	6	15	5	10	6	4	4	4	15	5	3	21	20	18	12	4	17	15	
1834_A/wild_duck/Fujian/2 6	11	7	1	12	6	6	5	1	6	1	0	1	1	0	0	6	5	4	2	10	4	4	2	1	5	10	4	14	2	11	4	13	8	15	9	8	8	13	5	8	10	8	28	22	2	7	15	5	10	6	3	4	4	15	5	3	21	20	18	12	4	17	15	
1835_A/wild_duck/Jilin/HF 6	12	9	1	12	5	5	5	1	5	1	0	1	2	0	0	7	5	3	2	9	4	3	2	0	5	10	4	14	2	12	4	11	7	18	9	10	8	10	5	8	9	7	29	23	3	7	15	5	9	6	4	4	6	15	4	2	21	21	20	13	4	16	13	
1836_A/wild_duck/Jilin/ZF 7	12	7	0	11	5	7	6	1	3	1	0	2	4	0	0	6	5	3	3	10	3	3	1	3	6	9	3	10	2	13	5	11	10	16	8	10	6	12	6	8	9	10	30	23	3	5	13	5	9	6	4	4	5	15	4	4	21	21	20	11	4	17	12	
1837_A/wild_duck/Liaoning 6	12	9	1	12	5	5	5	1	5	1	0	1	2	0	0	6	4	3	3	11	4	3	1	2	5	7	4	11	4	15	3	11	10	16	9	10	6	12	6	9	9	8	32	23	3	6	12	4	10	6	4	4	5	14	4	4	19	21	19	11	5	16	14	
1838_A/wild_duck/Shandong 8	11	7	2	10	6	7	4	1	6	1	0	3	1	0	0	4	4	5	2	11	4	1	2	0	7	12	4	13	1	10	4	9	10	14	7	13	7	12	8	7	10	8	27	24	1	8	15	5	9	9	5	5	6	12	3	6	19	28	24	7	5	9	10	
1839_A/wild_duck/Shandong 5	12	9	1	13	5	5	5	1	5	1	0	1	2	0	0	7	5	3	2	9	4	3	2	0	5	10	3	14	2	12	5	11	8	18	9	10	7	10	5	8	9	9	29	23	4	6	14	6	9	6	4	3	5	15	4	3	21	21	20	12	4	16	13	
1840_A/wild_duck/Shandong 8	11	7	2	9	7	7	4	1	6	1	0	3	1	0	0	4	4	6	1	11	4	1	2	0	7	12	4	13	1	10	4	9	10	14	7	13	7	12	8	7	10	8	27	24	1	8	15	5	9	9	5	5	6	12	3	6	19	28	24	7	5	9	10	
1841_A/Hong_Kong/486/97 6	3	0	0	2	4	1	2	1	4	0	1	2	0	0	0	11	3	3	1	3	1	0	3	4	7	1	4	4	0	6	3	6	10	4	2	5	0	3	3	5	4	9	9	8	0	3	1	2	4	8	2	4	2	7	3	1	6	13	6	6	0	8	3	
1842_A/Hong_Kong/538/97 7	3	0	0	2	4	1	3	2	4	0	1	1	0	0	0	10	3	3	1	3	1	0	2	3	7	1	4	4	0	6	3	6	10	4	2	6	0	3	3	4	4	9	9	8	0	3	1	3	4	8	2	4	2	8	2	1	6	13	6	6	0	8	3	
1843_A/Indonesia/5/2005 4	3	0	0	6	3	1	2	2	4	0	1	2	0	0	0	10	1	2	1	3	2	0	3	4	5	4	3	3	1	4	4	4	7	3	2	6	2	3	1	5	4	10	7	9	0	3	1	2	4	9	4	4	1	8	3	2	7	10	7	4	2	9	1	
1844_A/Pheasant/Hong_Kong 4	3	0	1	5	3	1	2	0	4	0	1	3	0	0	0	9	3	2	0	4	1	0	3	5	5	1	3	3	2	7	4	4	7	3	2	6	1	5	2	4	4	9	7	9	0	3	1	2	4	10	3	4	1	8	1	1	7	11	7	5	2	8	2	
1845_A/Thailand/16/2004 4	2	0	0	5	3	1	2	1	5	0	1	2	0	0	0	10	2	2	0	4	1	0	4	4	4	1	3	3	2	7	4	4	8	3	2	5	1	4	2	5	4	9	7	9	0	4	1	2	4	9	4	6	1	8	2	1	8	11	7	5	1	7	1	
1846_A/chicken/Indonesia/ 4	3	0	0	6	3	1	2	3	4	0	1	1	0	0	0	10	2	2	1	3	1	0	3	4	5	2	3	3	1	6	4	4	7	4	2	5	3	4	1	5	4	9	7	9	0	3	1	2	4	8	4	4	1	8	3	2	7	10	7	4	2	9	1	
1847_A/Chicken/HongKong/F 4	3	0	1	5	3	1	2	1	4	0	1	2	0	0	0	9	3	2	0	4	1	0	3	5	5	1	3	3	2	7	4	4	7	3	2	6	1	5	2	4	4	9	7	9	0	3	1	2	4	10	3	4	1	8	1	1	7	11	7	5	2	8	2	
1848_A/Chicken/HongKong/Y 4	3	0	0	5	3	1	2	1	5	0	1	2	0	0	0	9	3	2	1	4	1	0	3	5	4	1	3	3	2	7	4	4	7	3	2	6	1	5	2	5	4	10	7	9	0	2	1	2	4	10	3	4	1	7	2	1	7	11	6	4	2	8	3	
1849_A/Chicken/HongKong/Y 4	3	0	0	5	3	1	2	1	5	0	1	2	0	0	0	9	3	2	1	4	1	0	3	5	4	1	3	3	2	7	4	4	7	3	2	6	1	5	2	4	4	9	7	9	0	3	1	2	4	10	3	3	2	7	2	2	7	11	6	4	2	8	3	
1850_A/chicken/Korea/ES/0 2	3	0	0	5	2	1	2	1	5	0	1	2	0	0	0	11	2	2	1	4	2	0	3	5	5	1	4	3	1	7	3	4	7	3	2	6	2	4	2	5	4	10	6	9	0	3	1	2	4	10	4	4	1	7	2	1	7	11	7	5	2	8	1	
1851_A/Vietnam/UT3062/200 4	2	0	0	5	3	1	2	1	5	0	1	2	0	0	0	10	2	2	0	4	1	0	4	4	5	1	3	3	1	7	4	4	8	3	2	6	2	4	2	5	4	9	7	9	0	4	2	2	4	9	4	4	1	8	2	1	8	11	7	5	1	7	0	
1852_A/Hong_Kong/156/97 6	3	0	0	2	4	1	2	2	4	0	1	1	0	0	0	11	3	3	1	3	1	0	3	4	7	1	4	4	0	6	3	6	10	4	2	5	0	3	3	5	4	9	9	8	0	3	1	2	4	8	2	4	2	8	2	1	6	13	6	6	0	8	3	
1853_A/whooper_swan/Mongo 4	3	1	0	4	3	1	2	2	5	0	1	1	0	0	0	10	2	2	1	4	1	0	3	4	6	1	4	3	0	7	3	6	6	3	1	6	2	4	2	5	4	11	6	9	1	3	1	2	4	11	3	4	1	7	2	1	6	8	7	5	2	10	1	
1854_A/Hong_Kong/483/1997 6	2	0	0	2	5	1	2	2	4	0	1	1	0	0	0	11	3	3	1	3	1	0	3	5	6	1	4	4	0	6	3	6	8	7	2	5	0	3	3	5	4	9	9	8	0	3	1	2	5	6	3	4	2	8	1	2	6	13	5	5	0	8	4	
1855_A/Hong_Kong/482/97 6	3	0	0	2	4	1	2	1	4	0	1	2	0	0	0	11	3	3	1	3	1	0	3	4	7	1	4	4	0	6	3	6	10	4	2	5	0	3	3	5	4	9	9	8	0	3	1	2	4	8	2	4	2	8	2	1	6	13	6	6	0	8	3	
1856_A/Anas_platyrhynchos 3	4	2	2	3	3	2	0	2	3	0	1	1	1	0	0	4	5	1	1	6	3	1	1	6	3	3	4	2	0	3	1	6	2	4	3	7	1	3	3	8	6	7	7	12	1	6	5	3	5	14	2	3	4	5	2	1	4	8	8	3	2	9	2	
1857_A/Anas_platyrhynchos 3	4	2	2	3	3	2	0	2	3	0	1	1	1	0	0	4	5	1	1	6	3	1	1	6	3	3	4	2	0	3	1	6	2	4	3	7	1	3	3	8	6	7	7	12	1	6	5	3	5	14	2	3	4	5	2	1	4	8	8	3	2	9	2	
1858_A/Anhui/1/2005|EPI_I 5	3	0	0	4	3	2	2	2	5	0	1	1	0	0	0	10	1	2	1	4	1	0	3	3	5	1	2	4	1	7	5	4	8	3	2	7	2	4	2	4	4	9	7	9	0	3	1	2	3	9	4	4	1	8	2	1	7	11	7	5	2	8	1	
1859_A/Anhui/1/2006|EPI_I 5	3	0	0	3	3	2	2	2	5	0	1	1	0	0	0	11	1	2	1	4	1	0	3	3	5	1	2	4	1	7	5	5	8	3	2	5	2	4	2	5	4	9	7	9	0	3	1	2	3	9	4	4	1	8	2	1	6	12	7	5	2	8	1	
1860_A/Anhui/2/2005|EPI_I 5	3	0	0	4	3	2	2	2	5	0	1	1	0	0	0	10	1	2	1	4	1	0	3	3	5	1	2	4	1	7	5	4	8	3	2	7	2	4	2	4	4	9	7	9	0	3	1	2	3	8	4	4	1	9	2	1	7	11	7	5	2	8	1	
1861_A/Anser_cygnoides/Ch 3	2	0	0	6	3	1	2	2	4	0	1	1	1	0	0	10	3	2	2	5	1	0	2	3	5	3	2	4	1	5	5	5	7	5	3	6	2	3	1	5	3	10	7	8	0	2	1	2	3	8	4	4	1	7	3	1	7	12	7	6	2	6	2	
1862_A/Anser_fabalis/Jiuj 3	4	2	2	3	3	2	0	2	3	0	1	1	1	0	0	4	5	1	1	6	3	1	1	6	3	3	4	2	0	3	1	6	2	4	3	7	1	3	3	8	6	7	7	12	1	6	5	3	5	14	2	3	4	5	2	1	4	8	8	3	2	9	2	
1863_A/Bar-headed_Goose/Q 5	2	0	0	5	2	1	2	2	5	0	1	0	0	0	0	8	3	2	1	6	2	0	3	4	5	1	3	4	1	7	4	4	8	3	3	6	2	5	0	4	4	10	7	8	0	2	1	2	3	9	5	4	1	7	2	1	7	11	7	6	2	8	1	
1864_A/Bar-headed_Goose/T 2	4	0	0	6	3	1	2	1	6	0	1	1	0	0	0	8	4	2	1	4	1	0	3	4	4	1	3	6	1	7	4	5	8	3	2	5	1	4	3	3	7	9	6	10	0	3	3	2	3	10	3	4	2	7	1	1	7	11	6	5	2	8	3	
1865_A/Bar-headed_Goose/T 3	3	0	0	6	3	1	2	1	6	0	1	1	0	0	0	8	4	2	1	4	1	0	3	4	4	1	3	6	1	7	4	5	8	3	2	5	1	4	3	3	7	9	6	10	0	3	3	2	3	10	3	4	2	7	1	1	7	11	6	5	2	8	3	
1866_A/Black_faced_Spoonb 4	4	0	1	5	2	1	1	1	5	0	1	1	0	0	4	9	3	2	1	3	2	0	3	4	6	1	3	5	0	7	4	7	6	4	2	6	3	4	2	4	3	9	7	9	0	3	2	2	2	8	3	4	4	8	1	1	8	12	7	6	2	7	2	
1867_A/Black_Faced_Spoonb 3	4	0	0	6	2	1	2	1	6	0	1	1	0	0	0	8	3	2	1	3	1	1	3	4	4	2	3	6	2	6	4	5	8	4	2	5	1	3	3	4	6	9	7	10	0	3	2	2	4	10	3	4	1	7	1	1	7	11	6	5	2	8	3	
1868_A/Black_Faced_Spoonb 4	3	0	1	5	3	1	1	1	5	0	1	1	0	0	0	9	3	2	1	3	2	0	3	4	6	1	3	5	0	8	3	7	6	5	2	6	3	3	2	4	4	9	7	9	0	3	2	2	2	8	3	4	4	8	1	1	7	12	7	6	2	7	2	
1869_A/Black-necked_Grebe 4	2	0	0	5	2	1	2	2	5	0	1	0	0	0	0	10	3	2	1	6	2	0	3	4	5	1	3	3	1	7	4	4	8	3	3	6	2	5	0	5	3	10	7	8	0	2	1	2	3	9	5	4	1	7	2	1	7	11	7	6	2	8	1	
1870_A/Black-necked_Grebe 4	2	1	0	5	2	1	2	2	5	0	1	1	0	0	0	9	3	1	1	6	2	0	3	4	5	1	3	4	1	7	4	4	8	4	3	6	2	5	0	5	3	10	7	7	0	2	1	2	3	8	5	4	1	7	2	1	6	11	7	6	3	8	1	
1871_A/Black-necked_Grebe 4	2	1	0	5	2	1	2	2	6	0	1	1	0	0	0	9	3	1	1	6	2	0	3	4	4	1	3	4	1	7	4	4	8	4	3	6	2	5	0	5	3	10	7	7	0	2	1	2	3	8	5	4	1	7	2	1	6	11	7	6	3	8	1	
1872_A/Black-necked_Grebe 4	2	1	0	5	2	1	2	2	6	0	1	1	0	0	0	9	3	1	1	6	2	0	3	4	4	1	3	4	1	7	4	4	8	4	3	6	2	5	0	5	3	10	7	7	0	2	1	2	3	8	5	4	1	7	2	1	6	11	7	6	3	8	1	
1873_A/Black-necked_Grebe 4	2	1	0	5	2	1	2	2	5	0	1	1	0	0	0	9	3	1	1	6	2	0	3	4	5	1	3	4	1	7	4	4	8	4	3	6	2	5	0	5	3	10	7	7	0	2	1	2	3	8	5	4	1	7	2	1	6	11	7	6	3	8	1	
1874_A/Black-necked_Grebe 4	2	1	0	5	2	1	2	2	6	0	1	1	0	0	0	9	3	1	1	6	2	0	3	4	4	1	3	4	1	7	4	4	8	4	3	6	2	5	0	5	3	10	7	7	0	2	1	2	3	8	5	4	1	7	2	1	6	11	7	6	3	8	1	
1875_A/Black-necked_Grebe 4	2	1	0	5	2	1	2	2	6	0	1	1	0	0	0	9	3	1	1	6	2	0	3	4	4	1	3	4	1	7	4	4	8	4	3	6	2	5	0	5	3	10	7	7	0	2	1	2	3	8	5	4	1	7	2	1	6	11	7	6	3	8	1	
1876_A/Black-necked_Grebe 4	2	1	0	5	2	1	2	2	6	0	1	1	0	0	0	9	3	1	1	6	2	0	3	4	4	1	3	4	1	7	4	4	8	4	3	6	2	5	0	5	3	10	7	7	0	2	1	2	3	8	5	4	1	7	2	1	6	11	7	6	3	8	1	
1877_A/chicken/Anhui/S174 3	5	1	1	7	0	1	1	3	6	0	0	1	0	1	0	8	4	1	1	3	2	0	3	4	2	1	4	5	2	5	4	4	8	5	2	5	1	5	2	4	2	8	4	9	0	5	1	2	5	9	4	4	1	5	1	2	8	10	7	3	0	6	3	
1878_A/chicken/China/Cang 3	4	2	2	3	3	2	0	2	4	0	1	1	1	0	0	4	5	1	1	6	3	1	1	5	2	3	4	2	0	4	1	6	2	4	3	7	1	3	3	9	6	7	7	12	1	6	5	3	5	14	2	3	4	5	2	1	4	8	8	3	2	8	2	
1879_A/chicken/China/E93/ 4	3	1	1	5	2	1	2	1	5	0	1	2	0	0	0	9	2	2	0	5	2	0	3	4	4	1	4	3	2	7	3	4	8	3	2	6	2	4	2	4	4	10	6	10	0	2	3	2	3	8	3	4	1	9	2	1	8	11	7	5	2	6	1	
1880_A/chicken/China/E96/ 4	3	1	1	5	2	1	2	0	5	0	1	2	0	0	0	9	2	2	0	5	2	0	3	4	4	1	4	3	2	7	3	4	8	2	2	6	2	5	2	4	4	10	6	10	0	2	3	2	3	8	3	4	1	9	2	2	8	11	7	5	2	6	1	
1881_A/chicken/Gansu/5/20 4	3	1	1	5	2	1	2	1	5	0	1	2	0	0	0	9	1	2	0	5	3	0	3	4	4	1	4	3	2	7	3	4	8	3	2	6	2	4	2	4	4	10	6	10	0	2	3	2	3	8	4	4	1	9	1	1	8	11	7	5	2	7	0	
1882_A/chicken/Gansu/6/20 4	3	1	2	5	2	1	1	1	5	0	1	2	0	0	0	9	2	2	0	5	2	0	3	4	4	1	4	3	2	7	3	4	8	3	2	6	2	4	2	4	4	10	6	10	0	2	3	2	3	8	3	4	1	9	2	1	8	11	7	5	2	6	1	
1883_A/chicken/Guangxi/S2 4	2	1	0	5	2	0	2	2	6	0	1	1	0	0	0	9	3	2	1	5	1	0	3	3	5	1	2	4	1	7	5	4	8	3	3	6	2	4	2	5	4	9	8	9	0	2	1	2	3	9	4	4	1	8	2	1	6	11	7	6	2	7	1	
1884_A/chicken/Hubei/2856 5	3	0	0	4	3	2	2	3	5	0	1	1	0	0	0	10	1	2	1	4	1	0	3	2	5	1	2	4	1	7	5	4	7	3	2	7	2	4	2	4	4	10	7	9	0	3	1	2	4	9	4	4	1	8	2	1	7	10	7	5	2	8	1	
1885_A/chicken/Hunan/1793 3	3	0	0	5	3	2	2	2	5	0	1	1	0	0	0	11	1	3	1	4	1	0	3	4	5	1	2	3	1	6	5	5	7	4	2	6	2	4	2	6	4	10	4	9	0	3	3	2	3	8	4	4	1	7	3	1	6	12	7	5	2	7	1	
1886_A/chicken/Hunan/3157 5	3	0	0	4	3	2	2	3	5	0	1	1	0	0	0	10	1	2	1	4	1	0	3	2	5	1	2	4	1	7	5	3	8	2	2	7	2	5	2	4	4	9	7	9	0	3	1	2	4	9	4	4	1	8	2	1	7	11	7	5	2	8	1	
1887_A/chicken/Hunan/S100 3	2	0	0	5	3	1	2	3	5	0	1	0	0	0	0	10	3	3	1	5	1	0	3	4	5	2	2	4	1	5	5	3	8	5	4	5	2	5	0	6	3	9	8	9	0	2	1	3	3	8	3	4	1	7	2	2	7	12	7	5	2	6	1	
1888_A/chicken/Jiangsu/03 4	3	0	0	5	3	1	2	1	4	0	1	2	0	0	0	9	2	2	2	4	1	0	2	3	6	1	2	4	1	7	2	5	8	3	3	5	2	4	2	4	4	8	7	10	0	4	3	2	3	9	4	5	1	8	2	2	6	12	6	6	1	6	2	
1889_A/chicken/Jiangsu/92 4	2	0	0	5	3	1	2	2	5	0	1	0	0	0	0	10	3	2	1	5	1	0	3	4	7	1	2	4	0	7	5	5	7	4	4	5	2	5	0	5	3	11	5	8	0	2	2	2	5	8	5	5	1	7	2	1	7	11	7	7	2	8	1	
1890_A/chicken/Jiangsu/24 4	1	0	0	5	3	1	2	2	5	0	1	0	0	0	0	9	3	2	1	6	2	0	3	4	5	1	2	4	1	7	5	4	8	3	3	6	2	5	0	5	3	10	7	8	0	2	1	2	3	9	5	4	1	7	2	1	7	11	7	6	2	8	1	
1891_A/chicken/Jiangsu/k0 4	3	0	0	5	3	1	2	3	4	0	1	1	0	0	0	10	2	2	1	4	1	0	3	3	5	1	3	4	1	7	3	5	8	3	3	5	2	4	2	4	4	10	7	10	0	2	2	1	3	9	4	5	1	8	2	1	6	12	6	6	2	6	2	
1892_A/chicken/Jiangsu/SE 4	2	0	0	5	2	1	2	1	5	0	1	1	0	0	0	9	3	2	1	6	2	0	3	4	5	1	2	4	1	7	5	4	8	3	3	6	2	5	0	5	3	11	7	8	0	1	1	2	3	9	5	4	1	7	2	1	7	12	7	6	2	7	1	
1893_A/chicken/Jiangsu/YB 4	3	0	0	5	3	1	2	1	4	0	1	2	0	0	0	9	2	2	2	4	1	0	2	3	6	1	2	4	1	7	2	5	8	3	3	5	2	4	2	4	4	8	7	10	0	4	3	2	3	9	4	5	1	8	2	1	6	12	6	6	2	6	2	
1894_A/chicken/Jiangxi/25 4	2	0	0	5	3	1	2	2	4	0	1	1	0	0	0	10	3	2	1	5	1	0	3	4	5	1	2	3	1	7	5	4	8	3	2	6	2	4	2	4	4	10	7	8	0	2	1	3	3	10	5	4	1	6	2	2	7	12	7	5	2	7	1	
1895_A/chicken/Jiangxi/S4 3	5	1	1	7	0	1	1	3	6	0	0	1	0	1	0	9	4	1	1	3	2	0	3	4	2	1	4	4	2	5	4	4	7	5	2	5	2	5	2	4	2	8	4	9	0	5	1	2	5	9	4	4	1	5	1	2	8	10	7	3	0	6	3	
1896_A/chicken/Jilin/04.1 4	2	0	0	5	2	1	1	2	5	0	1	0	0	0	0	9	3	2	1	6	2	0	3	5	5	1	3	3	1	7	4	3	8	4	3	7	2	5	1	5	3	9	7	8	0	2	1	2	3	7	5	4	1	8	2	1	7	11	8	6	2	8	1	
1897_A/chicken/Jilin/04.1 4	2	0	0	5	2	1	1	2	5	0	1	0	0	0	0	9	3	2	1	6	2	0	3	5	5	1	3	3	1	7	4	3	8	4	3	7	2	5	1	5	3	9	7	8	0	2	1	2	3	7	5	4	1	8	2	1	7	11	8	6	2	8	1	
1898_A/chicken/Jilin/04.1 4	2	0	0	5	2	1	1	2	5	0	1	0	0	0	0	9	3	2	1	6	2	0	3	5	5	1	3	3	1	7	4	3	8	4	3	7	2	5	1	5	3	9	7	8	0	2	1	2	3	7	5	4	1	8	2	1	7	11	8	6	2	8	1	
1899_A/chicken/Jilin/04.1 4	2	0	0	5	2	1	1	2	5	0	1	0	0	0	0	9	3	2	1	6	2	0	3	5	5	1	3	3	1	7	4	3	8	4	3	7	2	5	1	5	3	9	7	8	0	2	1	2	3	7	5	4	1	8	2	1	7	11	8	6	2	8	1	
1900_A/chicken/Jilin/04.2 4	2	0	0	5	2	1	1	2	5	0	1	0	0	0	0	9	3	2	1	6	2	0	3	5	5	1	3	3	1	7	4	3	8	4	3	7	2	5	1	5	3	10	7	8	0	2	1	2	3	7	5	4	1	8	2	1	7	10	8	6	2	8	1	
1901_A/chicken/Jilin/S125 4	2	0	0	4	2	1	2	2	6	0	1	0	0	0	0	9	4	2	1	6	1	0	3	4	4	1	2	4	1	7	5	4	8	3	3	5	1	4	1	6	3	9	7	8	0	2	2	2	3	9	4	5	2	7	2	1	7	12	7	6	2	7	2	
1902_A/chicken/Jilin/S127 4	2	0	0	4	2	1	2	2	5	0	1	0	0	0	0	9	4	2	1	6	1	0	3	4	5	1	2	4	1	7	5	4	8	3	3	5	2	4	1	6	3	9	7	8	0	2	2	2	3	9	4	5	1	7	2	1	7	12	6	6	2	7	3	
1903_A/chicken/Liaoning/S 4	3	1	1	5	2	1	2	1	5	0	1	2	0	0	0	9	1	2	0	5	3	0	3	4	4	1	4	3	2	7	3	4	8	3	2	6	2	4	2	4	4	10	6	10	0	2	3	2	3	8	3	4	1	9	2	1	8	12	7	5	2	6	0	
1904_A/chicken/Liaoning/S 4	2	0	0	4	2	1	2	2	5	0	1	0	0	0	0	9	4	2	1	6	1	0	3	4	5	1	2	4	1	7	5	4	8	3	3	5	2	4	1	6	3	10	7	8	0	2	1	2	3	9	4	5	1	7	2	1	7	12	7	6	2	7	2	
1905_A/chicken/Ningxia/2/ 4	3	1	1	5	2	1	2	1	5	0	1	2	0	0	0	9	1	2	0	5	3	0	3	4	4	1	4	3	2	7	3	4	8	3	2	6	2	4	2	4	4	10	6	10	0	2	3	2	3	8	4	4	1	9	1	1	8	11	7	5	2	7	0	
1906_A/chicken/Ningxia/22 4	3	1	1	5	2	1	2	1	5	0	1	2	0	0	0	9	1	2	0	5	3	0	3	4	4	1	4	3	2	7	3	4	8	3	2	6	2	4	2	4	4	10	6	10	0	2	3	2	3	8	4	4	1	9	1	1	8	11	7	5	2	7	0	
1907_A/chicken/Shandong/1 4	3	0	0	5	3	1	2	1	4	0	1	2	0	0	0	9	2	2	2	4	1	0	2	3	6	1	2	4	1	7	3	5	8	3	3	5	2	4	2	4	4	8	7	10	0	4	3	2	3	9	4	5	1	8	2	2	6	12	6	6	1	6	2	
1908_A/Chicken/Shandong/J 5	3	0	0	4	3	1	2	2	5	0	1	1	0	0	0	10	2	2	1	4	1	0	3	3	5	1	3	4	1	7	3	4	8	4	3	6	2	4	2	5	4	10	7	9	0	2	2	2	3	7	4	4	1	8	2	1	7	12	6	5	2	7	2	
1909_A/Chicken/Shandong/J 4	3	1	1	5	2	1	2	1	5	0	1	2	0	0	0	9	2	2	0	5	2	0	3	4	4	1	4	3	2	7	3	4	8	3	2	6	2	4	2	4	4	11	5	10	0	2	3	2	3	8	3	4	1	9	2	1	7	11	7	5	3	6	1	
1910_A/Chicken/Shandong/J 4	3	1	1	5	2	1	2	1	5	0	1	2	0	0	0	9	2	2	0	5	2	0	3	4	4	1	4	3	2	7	3	4	8	3	2	6	2	4	2	4	4	10	6	10	0	2	3	2	3	8	3	4	1	9	2	1	8	11	7	5	2	6	1	
1911_A/Chicken/Shandong/J 4	3	1	1	5	2	1	2	1	5	0	1	2	0	0	0	9	1	2	0	5	3	0	3	4	4	1	3	3	2	7	4	4	8	3	2	6	2	4	2	4	4	10	6	11	0	2	3	2	2	8	3	4	2	9	2	1	8	11	7	5	2	7	0	
1912_A/Chicken/Shandong/J 5	4	0	0	4	3	1	2	2	5	0	1	1	0	0	0	11	1	2	1	4	1	0	3	3	5	1	3	3	1	7	3	4	8	3	3	5	1	5	2	4	4	10	7	10	0	2	2	2	3	9	4	5	1	7	3	1	5	12	6	6	3	6	2	
1913_A/chicken/Shanghai/S 4	2	0	0	5	2	1	2	2	5	0	1	0	0	0	0	9	4	2	1	6	1	0	3	4	5	1	2	4	1	7	5	4	8	3	3	5	2	5	0	5	3	10	7	8	0	3	1	2	3	10	5	5	1	6	2	1	8	11	7	6	1	7	1	
1914_A/chicken/Shanghai/S 4	2	0	0	6	2	1	2	2	5	0	1	0	0	0	0	9	4	2	1	5	1	0	3	4	5	1	2	4	1	7	5	4	8	3	3	6	2	5	0	5	2	10	7	8	0	3	1	2	3	9	5	4	1	7	2	2	8	12	7	5	2	6	1	
1915_A/chicken/Wuxi/WX-32 4	2	0	0	5	3	1	2	2	5	0	1	0	0	0	0	10	3	2	1	5	1	0	3	4	5	1	2	4	1	7	5	4	8	3	3	6	2	5	0	5	3	10	6	8	0	2	2	2	3	9	5	4	1	7	2	1	7	11	7	6	2	8	1	
1916_A/chicken/Wuxi/WX-33 4	2	0	0	5	3	1	2	2	5	0	1	0	0	0	0	10	3	2	1	5	1	0	3	4	5	1	2	4	1	7	5	4	8	3	3	6	2	5	0	5	3	10	6	8	0	2	2	2	3	9	5	4	1	7	2	1	7	12	7	6	2	6	2	
1917_A/chicken/Xinjiang/S 4	2	0	0	5	2	1	2	2	5	0	1	0	0	0	0	9	4	2	1	6	1	0	3	4	5	1	2	4	1	7	5	4	8	3	3	5	2	5	0	5	3	10	7	8	0	3	1	2	3	10	5	5	1	6	2	1	8	11	7	6	1	7	1	
1918_A/chicken/Xinjiang/S 4	2	0	0	5	2	1	2	2	5	0	1	0	0	0	0	9	4	2	1	6	1	0	3	4	5	1	2	4	1	7	5	4	8	3	3	5	2	5	0	5	3	10	7	8	0	3	1	2	3	9	5	5	1	7	2	1	8	11	7	6	1	7	1	
1919_A/chicken/Xinjiang/S 4	2	0	0	5	2	1	2	2	5	0	1	0	0	0	0	9	4	2	1	6	1	0	3	4	5	1	2	4	1	7	5	4	8	3	3	5	2	5	0	5	3	10	7	8	0	3	1	2	3	10	5	5	1	6	2	1	8	11	7	6	1	7	1	
1920_A/chicken/Yunnan/1/2 3	2	0	0	6	3	1	2	2	4	0	1	1	1	0	0	10	3	2	2	5	1	0	2	3	5	3	2	4	1	5	5	5	7	5	3	6	2	3	1	5	3	10	7	8	0	2	1	2	3	8	4	4	1	7	3	1	7	12	7	6	2	6	2	
1921_A/condor/Guangdong/1 4	3	0	0	5	3	1	2	1	6	0	1	2	0	0	0	10	2	2	0	4	1	0	4	4	4	3	3	3	1	5	4	4	7	3	3	6	2	4	2	5	4	10	6	9	0	3	1	2	4	9	3	4	1	9	1	1	7	10	7	5	2	9	1	
1922_A/Curlew/Hong_Kong/A 3	4	0	0	6	2	1	2	1	6	0	1	1	0	0	0	8	3	2	1	3	1	1	3	4	4	1	5	6	2	7	3	5	8	3	2	5	1	4	3	4	6	8	7	11	0	2	2	2	4	11	3	4	1	6	1	1	7	11	6	5	2	8	3	
1923_A/Cygnus_columbianus 4	3	0	0	5	3	1	2	1	5	0	1	1	0	0	0	8	3	1	1	3	2	1	3	4	5	1	3	6	1	7	4	7	6	4	2	6	4	4	2	4	4	9	7	9	0	3	2	2	2	8	3	4	3	8	1	1	7	12	6	6	2	7	3	
1924_A/Cygnus_columbianus 3	4	0	0	6	1	1	2	1	7	0	1	1	0	0	0	8	3	2	1	3	1	0	3	6	4	2	3	5	2	6	4	6	8	3	2	5	1	3	3	4	5	9	7	9	0	4	2	2	5	9	4	4	1	7	1	2	7	10	7	5	2	8	2	
1925_A/Cygnus_columbianus 4	3	0	0	5	3	1	2	1	5	0	1	1	0	0	0	8	3	1	1	3	2	1	3	4	5	1	3	6	1	7	4	7	6	4	2	6	4	4	2	4	4	9	7	9	0	3	2	2	2	8	3	4	3	8	1	1	7	12	6	6	2	7	3	
1926_A/Cygnus_columbianus 4	3	0	0	5	3	1	2	1	5	0	1	1	0	0	0	8	3	1	1	3	2	1	3	4	5	1	3	6	1	7	4	7	7	4	2	6	3	4	2	4	4	9	7	9	0	3	2	2	2	8	3	4	3	8	1	1	7	12	6	6	2	7	3	
1927_A/domestic_green-win 3	4	2	2	3	3	2	0	3	3	0	1	0	1	0	0	4	5	1	1	6	3	1	1	4	3	3	3	3	0	4	2	6	1	5	3	6	2	3	3	9	6	8	9	12	1	6	2	4	7	13	2	3	2	5	2	1	4	7	7	3	2	9	3	
1928_A/duck/China/E26/201 4	3	0	0	5	2	1	2	2	5	0	1	1	0	0	0	11	2	2	1	4	2	0	3	3	5	1	3	3	1	7	3	4	8	3	3	5	1	5	2	4	4	10	7	10	0	2	2	2	3	9	4	5	1	7	3	1	6	12	6	6	2	6	2	
1929_A/duck/China/E53/201 4	2	0	0	5	3	1	2	2	5	0	1	0	0	0	0	10	3	2	1	5	1	0	3	4	5	2	1	4	1	6	6	4	8	3	3	5	2	4	1	6	3	11	7	8	0	2	1	2	3	9	5	4	1	7	2	1	7	11	7	6	2	7	1	
1930_A/duck/Eastern_China 4	2	0	0	4	2	2	2	2	4	0	1	1	0	0	0	10	3	2	1	4	1	0	3	3	6	2	2	5	1	7	4	5	6	3	2	6	2	5	1	4	4	8	7	9	0	4	1	2	4	10	4	4	1	7	3	1	7	9	7	5	2	9	1	
1931_A/duck/Eastern_China 4	2	0	0	4	2	2	2	2	4	0	1	1	0	0	0	11	3	2	1	4	1	0	3	3	6	2	2	4	1	7	4	5	6	3	2	6	2	5	2	4	4	8	7	9	0	4	1	2	4	10	4	4	1	7	2	1	7	9	7	5	2	9	1	
1932_A/duck/Fujian/S1233/ 4	2	0	0	5	3	1	2	2	4	0	1	0	1	0	0	10	3	2	2	5	1	0	2	3	5	2	2	5	1	6	5	4	7	3	3	6	1	4	2	5	3	10	7	8	0	2	1	3	3	9	4	4	1	6	4	1	7	13	6	6	2	6	2	
1933_A/duck/Fujian/S1273/ 5	5	1	0	5	2	0	2	3	5	0	0	2	0	1	0	6	1	3	1	4	1	0	3	5	6	3	2	2	0	4	3	6	8	4	2	5	1	2	4	5	6	7	10	7	0	3	0	1	4	9	2	3	3	8	1	2	5	12	6	5	0	6	2	
1934_A/Duck/Fujian/S4146/ 4	2	0	0	5	3	1	2	2	5	0	1	1	0	0	0	10	3	2	1	5	1	0	3	4	5	1	2	3	1	7	5	4	8	3	2	6	2	4	2	4	3	10	7	8	0	2	1	3	3	9	5	4	1	7	2	2	7	12	7	5	2	7	1	
1935_A/duck/Guangdong/S45 3	4	0	0	6	2	1	2	1	6	0	1	1	0	0	0	8	3	2	1	3	1	1	3	4	4	1	3	6	2	7	4	5	8	3	2	5	1	5	3	4	6	9	6	10	0	3	2	2	4	10	3	4	1	6	1	1	7	11	7	5	2	8	3	
1936_A/duck/Guangdong/S45 3	4	0	0	6	2	1	2	1	6	0	1	1	0	0	0	8	3	2	1	3	1	1	3	4	4	1	3	6	2	7	4	5	8	3	2	5	1	5	3	4	6	9	7	10	0	3	2	2	4	10	3	4	1	5	1	1	7	12	6	5	2	8	3	
1937_A/duck/Guizhou/S1321 3	4	0	0	6	2	1	2	1	6	0	1	1	0	0	0	8	3	2	1	3	1	1	3	4	4	1	3	6	2	7	4	4	8	3	2	6	1	5	3	4	6	10	7	10	0	3	2	2	4	10	3	4	1	6	1	1	7	10	6	5	2	8	3	
1938_A/duck/Guizhou/S1711 3	3	0	0	6	3	1	2	0	7	0	1	1	0	0	0	8	3	2	0	4	1	0	4	4	4	1	3	6	2	7	4	7	7	3	2	4	2	4	2	3	5	8	7	9	0	4	2	3	4	9	3	4	1	8	1	1	8	12	7	6	2	7	2	
1939_A/duck/Hubei/03.06__ 4	3	0	0	5	3	1	2	2	4	0	1	1	0	0	0	10	2	2	1	3	1	0	3	3	6	1	2	4	1	7	3	5	8	3	3	5	2	4	2	5	3	7	8	10	0	4	3	2	3	9	3	5	1	8	3	1	6	11	6	6	2	7	2	
1940_A/duck/Hubei/46/2009 3	4	0	0	6	3	1	2	2	5	0	1	1	0	0	0	11	3	2	1	2	1	0	3	5	3	1	3	5	2	7	4	5	8	3	2	5	3	3	3	4	4	8	8	9	0	5	1	2	3	8	4	4	2	8	1	1	8	10	7	5	2	8	2	
1941_A/duck/Hubei/2911/20 4	3	0	0	4	3	2	2	2	5	0	1	2	0	0	0	11	2	2	1	4	0	0	3	3	5	1	3	3	1	7	4	3	9	3	2	7	2	4	2	4	4	9	7	9	0	3	1	2	2	10	4	4	2	7	2	1	7	11	7	5	2	7	2	
1942_A/duck/Hubei/S4465/2 3	5	1	1	7	0	1	1	3	6	0	0	1	0	1	0	9	4	1	1	3	2	0	3	4	2	1	4	4	2	5	4	4	8	5	2	5	1	5	2	4	2	8	4	9	0	5	1	2	5	9	4	4	1	5	1	2	8	10	7	3	0	6	3	
1943_A/duck/Hubei/SE128/2 3	5	1	1	7	0	1	1	3	6	0	0	1	0	1	0	9	4	1	1	3	2	0	3	4	2	1	4	4	2	5	4	4	8	5	2	5	1	5	2	4	2	8	4	9	0	5	1	2	5	9	4	4	1	5	1	2	8	10	7	3	0	6	3	
1944_A/duck/Hubei/SE220/2 3	4	0	0	6	2	1	2	1	6	0	1	1	0	0	0	8	3	2	1	3	1	1	3	4	4	1	3	6	2	7	4	5	8	3	2	5	1	5	3	4	7	9	7	10	0	3	2	2	4	10	3	4	1	6	1	1	6	11	6	5	2	8	3	
1945_A/duck/Hubei/xn/2007 4	3	0	0	4	3	2	2	2	5	0	1	1	0	0	0	11	1	2	1	4	1	0	3	3	5	1	2	4	1	7	5	4	8	3	2	7	2	4	2	4	4	10	7	9	0	3	1	2	3	9	4	4	1	8	2	1	7	10	7	5	2	8	1	
1946_A/duck/Hunan/03.07_Y 5	2	2	0	7	1	0	2	1	6	0	0	1	1	1	0	9	4	2	0	2	1	0	3	5	5	1	3	4	0	5	3	6	9	7	1	4	0	3	3	4	4	7	7	8	0	3	0	1	5	9	4	4	1	6	1	3	8	13	6	4	0	4	3	
1947_A/duck/Hunan/12.07__ 3	3	0	0	6	3	1	2	2	4	0	0	0	0	1	0	9	3	2	1	5	1	0	3	4	5	1	2	3	1	6	4	3	8	2	3	6	2	5	0	5	3	8	6	9	0	3	1	1	3	9	5	4	1	7	2	1	6	9	7	5	1	8	1	
1948_A/duck/Hunan/12.07__ 4	2	0	0	5	3	1	2	2	5	0	1	0	0	0	0	10	3	2	1	5	1	0	3	3	5	1	2	4	1	7	5	3	8	5	3	5	2	5	0	7	3	10	7	9	0	2	1	3	3	8	4	4	1	7	2	2	7	12	7	4	2	7	1	
1949_A/duck/Hunan/12.07_Y 4	2	0	0	5	3	1	2	2	5	0	1	0	0	0	0	10	3	2	1	5	1	0	3	3	5	1	2	4	1	7	5	3	8	5	3	5	2	5	0	7	3	10	7	9	0	2	1	3	3	8	4	4	1	7	2	2	7	12	7	4	2	7	1	
1950_A/duck/Hunan/12.07_Y 4	2	0	0	5	3	1	2	2	5	0	1	0	0	0	0	10	3	2	1	5	1	0	3	4	5	1	2	4	1	7	5	4	8	3	3	6	2	5	0	5	3	10	7	9	0	2	1	2	3	9	5	4	1	7	2	1	7	11	7	5	2	8	1	
1951_A/duck/Hunan/316/200 4	3	0	0	4	3	2	2	2	5	0	1	1	0	0	0	11	1	2	1	4	1	0	3	3	5	1	2	4	1	7	5	4	7	3	2	7	3	4	2	4	4	8	7	9	0	4	0	2	3	9	4	4	1	8	2	1	7	11	7	5	2	8	2	
1952_A/duck/Hunan/689/200 5	3	0	0	4	3	2	2	2	5	0	1	2	0	0	0	10	2	2	1	4	0	0	3	3	5	1	2	3	1	7	5	3	9	3	2	7	2	4	2	4	4	8	7	9	0	4	1	2	3	10	4	4	1	7	2	1	7	11	6	5	2	8	2	
1953_A/duck/Hunan/3315/20 4	3	0	0	4	3	2	2	2	5	0	1	1	0	0	0	11	1	2	1	4	1	0	3	4	5	1	2	3	1	7	5	4	8	3	2	6	2	4	2	6	4	9	6	9	0	3	2	2	3	9	4	4	1	7	3	1	6	12	7	5	2	7	1	
1954_A/duck/Hunan/S4020/2 4	3	0	0	5	3	1	2	2	4	0	1	1	1	0	0	10	2	2	1	4	1	0	3	3	5	1	3	4	1	7	3	4	8	3	3	5	2	4	2	4	4	10	7	10	0	2	2	2	3	9	4	5	1	8	2	1	6	12	6	6	2	6	2	
1955_A/duck/Hunan/S4030/2 3	3	0	0	6	3	1	2	1	5	0	1	2	0	0	0	9	2	2	1	5	1	0	3	3	5	1	3	4	1	7	3	4	8	3	2	6	1	4	2	4	5	10	6	10	0	2	4	2	3	10	4	4	1	7	2	1	6	11	6	6	2	7	2	
1956_A/duck/Hunan/S4150/2 4	3	0	0	5	3	1	2	2	5	0	1	1	0	0	0	10	2	2	1	4	1	0	3	3	5	1	3	4	1	7	3	5	7	3	3	5	2	4	2	4	4	9	6	10	0	3	3	2	3	9	4	5	1	8	2	1	6	12	6	6	2	6	2	
1957_A/duck/Hunan/S4220/2 4	2	0	0	5	3	1	2	2	4	0	1	0	1	0	0	10	3	2	1	5	1	0	3	4	5	1	2	4	1	7	5	5	7	4	3	5	2	3	1	6	3	10	7	8	0	2	1	2	3	9	4	4	1	7	3	1	7	12	7	6	2	7	1	
1958_A/duck/Jiangsu/S4439 4	2	0	0	6	2	1	2	2	5	0	1	0	0	0	0	9	4	2	1	5	1	0	3	4	5	1	2	4	1	7	4	4	8	3	3	6	2	5	0	5	2	9	7	8	0	3	2	2	3	9	5	4	1	7	2	2	8	12	7	5	2	7	1	
1959_A/duck/Jiangsu/SE112 4	2	0	0	6	2	1	2	2	5	0	1	0	0	0	0	9	4	2	1	5	1	0	3	4	5	1	2	4	1	7	5	4	8	3	3	6	2	5	0	5	3	10	7	8	0	2	1	2	3	9	5	4	1	7	2	1	7	12	7	6	2	7	1	
1960_A/duck/Jiangxi/34/20 4	2	0	0	5	3	1	2	2	4	0	1	1	0	0	0	10	3	2	1	5	1	0	3	4	5	1	2	3	1	7	5	4	8	3	2	6	2	4	2	4	4	10	7	8	0	2	1	3	3	10	5	4	1	6	2	2	7	12	7	5	2	7	1	
1961_A/duck/Jiangxi/35/20 4	2	0	0	6	3	1	2	1	3	0	1	3	0	0	0	10	3	2	1	5	1	0	3	4	4	1	2	2	2	7	5	4	8	4	2	6	2	4	2	4	4	10	5	8	0	2	2	2	3	8	5	4	1	6	1	2	8	13	8	5	2	7	2	
1962_A/duck/Jiangxi/44/20 3	2	2	1	7	1	0	2	1	5	0	0	1	1	1	0	8	2	2	1	4	2	0	3	5	6	2	3	4	0	5	2	5	8	5	2	4	2	3	3	3	3	7	6	8	1	3	1	2	5	9	4	4	1	7	1	2	8	10	7	6	0	5	3	
1963_A/duck/Jiangxi/120/2 4	3	0	0	5	3	1	2	2	5	0	1	1	0	0	0	8	2	2	1	4	1	0	3	6	5	4	1	3	1	5	4	4	7	5	2	6	3	4	2	4	5	10	7	9	0	2	1	2	3	7	4	4	1	8	1	1	6	12	8	5	3	6	2	
1964_A/duck/Jiangxi/130/2 4	3	0	1	5	3	1	2	2	5	0	1	1	0	0	0	10	2	2	0	4	1	0	3	3	5	1	3	4	1	7	3	4	8	3	3	5	2	4	2	4	4	9	6	10	0	3	3	2	3	9	4	5	1	8	2	1	6	12	6	6	2	6	2	
1965_A/duck/Jiangxi/S4083 3	5	1	1	7	0	1	1	3	6	0	0	1	0	1	0	9	4	1	1	3	2	0	3	4	2	1	4	4	2	5	4	4	7	5	2	5	2	5	2	4	2	8	4	9	0	4	1	2	5	9	4	4	1	5	1	2	8	10	7	3	0	7	3	
1966_A/duck/Jilin/04.04_S 4	2	0	0	5	2	1	1	2	5	0	1	0	0	0	0	9	3	2	1	6	2	0	3	5	5	1	2	3	1	7	5	3	8	3	3	7	2	5	1	5	3	10	7	8	0	2	1	2	3	9	5	4	1	7	2	1	7	11	7	6	2	8	1	
1967_A/duck/Jilin/JL-SIV/ 4	3	0	2	4	2	2	1	2	5	0	1	1	0	0	0	10	2	2	1	4	1	0	3	2	5	1	2	5	1	7	5	4	7	5	2	7	3	3	2	4	3	10	7	9	0	4	1	2	4	8	4	4	1	8	2	2	7	10	6	4	2	7	2	
1968_A/duck/Jilin/S1261/2 4	2	0	0	4	2	1	2	2	6	0	1	0	0	0	0	9	4	2	1	6	1	0	3	4	4	1	2	4	1	7	5	4	8	3	3	5	1	4	1	6	3	9	7	8	0	2	2	2	3	9	4	5	2	7	2	1	7	12	7	6	2	7	2	
1969_A/duck/Jilin/S4171/2 4	2	0	0	4	2	1	2	2	5	0	1	0	0	0	0	9	4	2	1	6	1	0	3	4	5	1	2	4	1	7	5	3	8	2	3	6	2	5	1	6	3	10	6	9	0	2	1	3	3	9	4	5	1	7	2	1	7	12	7	5	2	7	2	
1970_A/duck/Nanchang/9789 4	2	0	0	5	3	1	2	2	4	0	1	0	1	0	0	10	3	2	1	5	1	0	3	4	5	2	2	4	1	6	5	5	7	4	3	6	2	3	1	5	3	10	7	8	0	2	1	2	3	9	4	4	1	7	3	2	7	12	7	5	2	7	1	
1971_A/duck/Shandong/009/ 5	3	0	0	4	3	2	2	2	5	0	1	1	0	0	0	10	1	2	1	4	1	0	3	3	4	1	3	4	2	8	3	4	7	3	2	8	1	4	2	4	3	9	7	9	1	3	1	2	4	9	4	4	1	8	2	1	7	10	6	5	2	9	2	
1972_A/Duck/Shandong/Y01/ 4	3	0	0	5	2	1	2	2	4	0	1	1	0	0	0	10	2	2	1	4	2	0	3	3	7	1	3	4	1	7	3	4	8	3	4	5	2	4	2	4	4	10	7	11	0	2	2	2	3	9	3	5	1	8	2	1	6	11	7	7	2	6	2	
1973_A/Duck/Shandong/Y02/ 4	3	0	0	5	3	1	2	2	4	0	1	1	0	0	0	11	2	2	1	4	1	0	3	3	6	1	4	3	1	7	2	4	8	3	3	5	1	5	2	4	4	10	7	10	0	2	2	2	3	9	4	5	1	7	3	1	6	12	6	6	2	6	2	
1974_A/duck/Sichuan/NCXN1 4	3	0	0	5	3	1	2	3	4	0	1	0	1	0	0	10	2	2	2	5	1	0	2	3	5	2	2	5	1	6	5	5	7	3	3	6	2	3	1	4	3	10	7	7	0	2	1	2	3	10	4	4	1	7	3	1	7	12	6	7	2	7	2	
1975_A/duck/Sichuan/NCXN1 4	2	0	0	5	3	1	2	3	4	0	1	0	1	0	0	10	3	2	2	5	1	0	2	3	5	2	2	5	1	6	5	5	7	4	3	6	2	3	1	4	3	10	7	7	0	2	1	3	3	9	4	4	1	7	3	1	7	12	6	6	2	7	2	
1976_A/duck/Xinjiang/S106 5	2	0	0	4	2	1	2	2	5	0	1	0	0	0	0	9	4	2	1	6	1	0	3	4	5	1	2	4	1	7	5	4	8	3	3	5	2	5	0	5	3	10	7	8	0	3	1	2	3	10	5	5	1	6	2	1	8	11	7	6	1	7	1	
1977_A/duck/Xinjiang/S112 4	2	0	0	5	2	1	2	2	5	0	1	0	0	0	0	9	4	2	1	6	1	0	3	4	5	1	2	4	1	7	5	4	8	3	3	5	2	5	0	5	3	10	7	8	0	3	1	2	3	10	5	5	1	6	2	1	8	11	7	6	1	7	1	
1978_A/duck/Zhejiang/1220 4	3	0	0	5	3	1	1	1	4	0	1	2	0	0	0	9	2	2	2	4	1	0	2	3	6	1	2	4	1	7	3	4	9	3	3	5	2	4	3	4	4	8	7	10	0	4	3	2	3	9	4	5	1	8	2	1	6	12	6	6	2	6	2	
1979_A/duck/Zhejiang/S409 4	2	0	0	5	2	1	2	2	5	0	1	0	0	0	0	9	4	2	1	6	1	0	4	4	5	1	3	4	1	7	3	4	8	3	3	6	2	5	0	5	3	10	6	8	0	3	2	2	3	9	5	4	1	7	2	1	7	12	7	6	2	6	1	
1980_A/equine/China/61/20 4	3	0	0	5	3	1	2	2	5	0	1	1	0	0	0	10	2	2	1	4	1	0	3	3	5	1	2	4	1	7	5	4	8	3	2	6	2	4	2	5	4	10	7	9	0	2	1	2	3	8	4	4	1	9	2	1	6	12	7	5	3	7	1	
1981_A/equine/China/67/20 4	3	0	0	5	3	1	2	2	5	0	1	1	0	0	0	10	2	2	1	4	1	0	3	3	5	1	2	4	1	7	5	4	8	3	2	6	2	4	2	5	4	10	7	9	0	2	1	2	3	8	4	4	1	9	2	1	6	12	7	5	3	7	1	
1982_A/equine/China/68/20 4	3	0	0	5	3	1	2	2	5	0	1	1	0	0	0	10	2	2	1	4	1	0	3	3	5	1	2	4	1	7	5	4	8	3	2	6	2	4	2	5	4	10	7	9	0	2	1	2	3	8	4	4	1	9	2	1	6	12	7	5	3	7	1	
1983_A/Eurasian_Teal/Hong 4	2	1	0	5	3	1	2	1	5	0	1	1	0	0	0	9	3	3	1	3	2	0	3	4	6	1	3	5	0	7	4	7	7	3	2	5	2	4	3	4	4	11	6	9	0	2	2	2	3	7	3	4	3	9	1	1	7	12	7	6	2	7	2	
1984_A/Eurasian_Teal/Hong 4	2	1	0	5	3	1	2	1	5	0	1	1	0	0	0	9	3	3	1	3	2	0	3	4	6	1	3	5	0	7	4	7	7	3	2	5	2	4	3	4	4	11	6	9	0	2	2	2	3	8	3	4	3	8	1	1	7	12	7	6	3	6	2	
1985_A/Eurasian_Wigeon/Ho 4	2	1	0	5	3	1	2	1	5	0	1	1	0	0	0	9	3	3	1	3	2	0	3	4	6	1	3	5	0	7	4	7	7	3	2	5	2	4	3	4	4	11	6	9	0	2	2	2	3	8	3	4	3	8	1	1	7	12	7	6	3	6	2	
1986_A/Eurasian_Wigeon/Ho 4	2	1	0	5	3	1	2	1	5	0	1	1	0	0	0	9	3	3	1	3	2	0	3	4	6	1	3	5	0	7	4	7	7	3	2	5	2	4	3	4	4	11	6	9	0	2	2	2	3	8	3	4	3	8	1	1	7	12	7	6	3	6	2	
1987_A/Falco_peregrinus/B 4	3	0	1	5	3	1	1	1	5	0	1	1	0	0	0	9	3	2	1	3	2	0	3	4	6	1	3	5	0	7	4	7	6	4	2	6	3	4	2	3	5	8	7	9	0	4	2	2	2	8	3	4	4	8	1	1	8	12	7	6	1	7	2	
1988_A/Fujian/1/2005|EPI_ 4	3	0	0	4	3	2	2	2	5	0	1	1	0	0	0	11	1	2	1	4	1	0	3	3	5	1	2	4	1	7	5	4	8	3	2	6	2	4	2	5	5	10	6	9	0	2	2	2	3	9	4	4	1	7	3	1	6	12	7	5	2	7	1	
1989_A/Fujian/1/2007|EPI_ 4	3	0	0	5	3	1	2	2	5	0	1	1	0	0	0	10	2	2	1	4	1	0	3	3	5	1	1	4	1	7	6	4	8	3	2	6	2	4	2	5	4	10	7	9	0	2	1	2	3	9	4	4	1	8	2	1	6	12	7	5	3	6	2	
1990_A/Gallinago_Stenura/ 4	2	1	0	5	3	1	2	1	5	0	1	1	0	0	0	9	3	3	1	3	2	0	3	4	6	1	3	5	0	7	4	7	7	3	2	5	2	4	3	4	4	11	6	9	0	2	2	2	3	8	3	4	3	8	1	1	7	12	7	6	3	6	2	
1991_A/goose/China/E43/20 4	2	0	0	5	3	1	2	2	5	0	1	1	0	0	0	10	3	2	1	5	1	0	3	4	5	1	2	3	1	7	5	4	8	3	3	6	2	4	2	5	3	10	7	8	0	2	1	3	3	9	4	4	1	7	2	1	7	12	6	5	2	6	3	
1992_A/goose/Guangdong/SH 4	2	0	0	5	3	1	2	2	4	0	1	0	1	0	0	10	3	2	2	5	1	0	2	3	5	2	2	5	1	6	5	4	7	4	3	7	2	3	1	5	3	10	7	8	0	2	1	2	3	9	4	4	1	7	3	1	7	12	7	6	2	7	1	
1993_A/goose/Guizhou/S154 3	4	0	0	6	2	1	2	1	6	0	1	1	0	0	0	8	3	2	1	3	1	1	3	4	4	1	3	6	2	7	4	4	8	3	2	6	1	5	3	4	5	10	7	10	1	3	2	2	4	10	3	4	1	6	1	1	7	10	6	5	2	8	3	
1994_A/goose/Hunan/SE284/ 4	3	0	1	5	3	1	1	1	5	0	1	1	0	0	0	9	3	2	1	3	2	0	3	4	6	1	3	5	0	7	4	7	6	4	2	6	3	4	2	4	4	9	7	9	0	3	2	2	2	8	3	4	4	8	1	1	7	12	7	6	2	7	2	
1995_A/goose/Inner_Mongol 4	3	0	1	5	3	1	1	0	7	0	1	1	0	0	0	9	3	2	0	4	1	0	3	4	5	1	4	5	1	7	4	5	8	3	2	5	1	4	3	4	4	9	8	9	0	3	1	3	5	9	3	4	1	8	1	1	7	13	7	6	2	6	2	
1996_A/goose/Jiangsu/k040 4	3	0	0	5	3	1	2	3	4	0	1	1	0	0	0	10	2	2	1	4	1	0	3	3	5	1	3	4	1	7	3	4	8	3	3	5	2	4	2	4	4	10	7	10	0	2	2	2	3	9	4	5	1	8	2	1	6	12	6	6	2	6	2	
1997_A/goose/Jilin/S4034/ 4	2	0	0	4	2	1	2	2	5	0	1	0	0	0	0	9	4	2	1	6	1	0	3	4	4	1	2	4	2	7	5	5	8	3	3	4	2	4	1	6	3	10	6	8	0	3	1	2	3	9	4	5	1	7	2	1	7	12	7	6	2	7	2	
1998_A/goose/Shandong/03. 4	2	0	0	5	2	1	2	2	5	0	1	0	0	0	0	9	4	2	1	6	1	0	3	4	5	1	2	4	1	7	5	4	8	3	3	6	2	5	0	5	3	11	7	8	0	3	1	2	3	10	4	4	1	7	2	1	7	10	7	6	2	7	1	
1999_A/goose/Shandong/GS/ 4	2	0	0	5	3	1	2	2	5	0	1	0	0	0	0	10	3	2	1	5	1	0	3	4	5	1	2	4	1	7	5	4	8	3	3	6	2	5	0	5	3	11	5	7	1	2	2	2	3	9	5	4	1	7	2	1	7	11	7	6	2	8	1	
2000_A/goose/Zhejiang/112 4	2	0	0	5	3	1	1	2	5	0	1	0	0	0	0	9	3	2	1	6	1	0	3	5	5	1	2	3	1	7	5	4	8	3	3	6	2	5	1	5	3	10	7	8	0	2	1	2	3	9	5	4	1	7	2	1	7	11	6	6	2	8	2	
2001_A/goose/Zhejiang/727 4	2	0	0	5	3	1	1	2	5	0	1	0	0	0	0	10	3	2	1	5	1	0	3	4	5	1	2	4	1	7	5	4	8	4	3	6	2	5	1	4	4	11	5	9	1	2	2	2	3	8	5	4	1	7	2	1	6	11	7	5	2	8	1	
2002_A/Great_black-headed 5	2	0	0	5	2	1	2	2	5	0	1	0	0	0	0	8	3	2	1	6	2	0	3	4	5	1	3	4	1	7	4	4	8	3	3	6	2	5	0	4	4	10	7	8	0	2	1	2	3	9	5	4	1	7	2	1	7	11	7	6	2	8	1	
2003_A/Great_black-headed 5	2	0	0	5	2	1	2	2	5	0	1	0	0	0	0	8	3	2	1	6	2	0	3	4	5	1	3	4	1	7	4	4	8	3	3	6	2	5	0	4	4	10	7	8	0	2	1	2	3	9	5	4	1	7	2	1	7	11	7	6	2	8	1	
2004_A/Great_Cormorant/Hu 4	3	0	0	5	3	1	2	1	4	0	1	2	0	0	0	9	2	2	2	4	1	0	2	3	6	1	2	4	1	7	3	5	8	3	3	5	2	4	2	3	4	8	7	10	0	4	3	2	3	9	4	5	1	8	2	2	6	12	6	6	2	6	2	
2005_A/Great_Cormorant/Hu 4	3	0	0	5	3	1	2	1	4	0	1	2	0	0	0	9	2	2	2	4	1	0	2	3	6	1	2	4	1	7	3	5	8	3	3	5	2	4	2	3	4	8	7	10	0	4	3	2	3	9	4	5	1	8	2	2	6	12	6	6	2	6	2	
2006_A/Great_Cormorant/Hu 4	3	0	0	5	3	1	2	1	4	0	1	2	0	0	0	8	2	2	2	5	1	0	2	3	6	1	2	4	1	7	3	5	8	3	3	5	2	4	2	4	4	9	7	10	0	3	3	2	3	9	4	5	1	8	2	1	6	12	6	6	2	6	2	
2007_A/Great_Cormorant/Hu 4	3	0	0	5	3	1	2	1	4	0	1	2	0	0	0	8	2	2	2	5	1	0	2	3	6	1	2	4	1	7	3	5	8	3	3	5	2	4	2	4	4	9	7	10	0	3	3	2	3	9	4	5	1	8	2	1	6	12	6	6	2	6	2	
2008_A/Great_Cormorant/Hu 4	3	0	0	5	3	1	2	1	4	0	1	2	0	0	0	8	2	2	2	5	1	0	2	3	6	1	2	4	1	7	3	5	8	3	3	5	2	4	2	4	4	9	7	10	0	3	3	2	3	9	4	5	1	8	2	1	6	12	6	6	2	6	2	
2009_A/Guangdong/1/2006|E 4	3	0	0	4	3	2	2	2	5	0	1	1	0	0	0	11	1	2	1	4	1	0	3	3	5	1	2	4	1	7	5	4	8	3	2	6	2	4	2	5	4	9	7	9	0	3	1	2	3	9	4	4	1	8	2	1	7	11	7	5	2	8	1	
2010_A/Guangdong/1/2008|E 5	3	0	0	4	2	2	2	2	5	0	1	1	0	0	0	10	1	2	1	4	2	0	3	2	5	1	2	5	1	7	5	4	7	4	2	7	2	4	2	4	4	10	7	9	0	5	1	2	4	8	4	4	1	8	2	1	7	10	6	5	2	6	2	
2011_A/Guangdong/2/2006|E 5	3	0	0	4	3	1	2	2	5	0	1	1	0	0	0	11	2	2	1	3	1	0	3	3	5	1	2	4	1	7	5	5	7	3	2	6	2	4	2	5	4	10	7	9	0	2	1	3	3	8	4	3	1	8	3	1	6	12	7	4	4	7	1	
2012_A/Guangxi/1/2005|EPI 5	3	0	0	4	3	2	2	2	5	0	1	1	0	0	0	10	1	2	1	4	1	0	3	3	5	1	2	4	1	7	5	4	8	3	2	7	2	4	2	4	4	9	7	9	0	3	1	2	3	8	4	4	1	9	2	1	7	11	7	5	2	8	1	
2013_A/Guangxi/1/2005|EPI 4	3	0	0	5	3	1	2	2	5	0	1	1	0	0	0	10	2	2	1	4	1	0	3	3	5	1	2	4	1	7	5	4	8	3	2	6	2	4	2	5	4	9	7	9	0	3	1	2	3	9	4	4	1	8	2	1	6	12	7	5	3	7	1	
2014_A/Guangxi/1/2008|EPI 5	3	0	0	5	3	1	2	2	5	0	1	1	0	0	0	9	2	2	1	4	1	0	3	3	5	1	4	4	1	7	3	4	8	3	2	5	2	4	2	5	4	9	8	9	0	2	2	2	3	8	4	5	1	9	2	1	6	12	6	5	3	6	2	
2015_A/Guizhou/1/2009|EPI 2	3	0	1	6	3	1	2	2	5	0	1	1	1	0	0	10	2	1	1	4	1	1	3	3	5	1	2	3	0	7	5	4	7	3	2	6	2	4	2	5	4	10	7	10	0	2	1	3	3	8	5	4	2	8	2	1	5	11	7	5	3	8	1	
2016_A/hill_myna/Heilongj 4	2	0	0	5	3	1	2	2	5	0	1	0	0	0	0	10	3	2	1	5	1	0	3	4	5	1	2	4	1	7	5	4	8	3	3	6	2	4	0	5	3	10	7	8	0	3	1	2	3	9	5	4	1	8	2	1	7	11	7	6	2	7	1	
2017_A/Hong_Kong/5923/201 4	2	0	0	5	3	1	2	2	4	0	1	0	1	0	0	10	3	3	0	5	1	0	3	4	5	2	2	4	1	6	5	5	7	4	3	6	2	3	1	5	3	9	8	8	0	2	1	2	3	9	4	4	1	7	3	1	7	12	7	6	2	7	1	
2018_A/Hunan/1/2006|EPI_I 5	3	0	0	5	3	1	2	3	4	0	1	1	0	0	0	9	2	2	1	4	1	0	3	3	5	1	2	4	1	7	5	4	8	3	2	6	2	4	2	5	5	10	7	9	0	2	1	2	3	9	4	4	1	8	2	1	5	12	7	5	3	7	1	
2019_A/Hunan/1/2008|EPI_I 4	3	0	0	4	3	2	2	2	5	0	1	1	0	0	0	11	1	2	1	4	1	0	3	4	5	1	2	2	1	7	5	5	7	4	2	6	2	4	2	6	4	9	7	10	0	3	1	2	3	8	4	4	1	7	3	1	6	12	7	5	2	7	1	
2020_A/Hunan/2/2009|EPI_I 3	3	0	1	5	2	1	2	2	5	0	1	1	1	0	0	10	2	2	1	4	2	0	3	4	5	1	2	3	0	7	5	4	7	3	2	6	2	4	2	4	4	10	7	10	0	2	1	2	4	8	5	4	2	8	2	1	5	11	7	5	3	8	1	
2021_A/Japanese_white-eye 4	2	0	0	5	3	1	2	2	5	0	1	0	0	0	0	10	3	2	1	5	1	0	3	4	5	1	2	4	1	7	5	4	8	3	3	6	2	4	0	5	3	10	7	8	0	3	1	2	3	9	5	4	1	8	2	1	7	11	7	6	2	7	1	
2022_A/Jiangsu/1/2007|EPI 5	3	0	0	4	2	2	2	2	5	0	1	1	0	0	0	10	1	2	1	4	2	0	4	2	5	1	2	5	1	7	5	4	7	4	2	7	2	4	1	4	4	10	7	9	0	4	1	2	4	7	4	4	1	9	2	1	7	10	6	5	2	7	2	
2023_A/Jiangsu/2/2007|EPI 5	3	0	0	4	2	2	2	2	5	0	1	1	0	0	0	10	1	2	1	4	2	0	4	2	5	1	2	5	1	7	5	4	7	4	2	7	2	4	1	4	4	10	7	9	0	4	1	2	4	7	4	4	1	9	2	1	7	10	6	5	2	7	2	
2024_A/Jiangxi/1/2005|EPI 4	3	0	0	5	2	1	2	1	5	0	1	2	0	0	0	9	3	2	1	4	2	0	3	4	5	1	4	3	1	7	3	4	8	3	2	6	2	4	2	5	3	9	7	9	1	3	2	2	3	9	5	4	1	8	2	1	7	10	7	5	2	7	1	
2025_A/lesser_kestrel/Hei 4	3	0	0	4	3	2	2	2	5	0	1	2	0	0	0	11	2	2	1	4	0	0	3	3	5	1	3	3	1	7	4	3	9	3	2	7	2	4	2	4	4	9	7	9	0	3	1	2	3	9	4	4	1	8	2	1	7	11	7	5	2	7	2	
2026_A/lion/Hubei/1-2/201 4	3	0	0	5	3	1	2	1	4	0	1	2	0	0	0	9	2	2	2	4	1	0	2	3	6	1	2	4	1	7	3	5	7	3	3	6	2	5	2	4	4	8	7	10	0	4	3	2	3	8	4	5	1	8	2	1	6	12	6	6	2	6	2	
2027_A/mallard/Heilongjia 4	3	0	0	5	3	1	2	2	4	0	1	2	0	0	0	9	2	2	1	5	1	0	3	3	6	1	3	3	1	7	3	5	8	3	3	4	2	4	2	4	5	9	6	9	0	3	3	2	2	9	4	5	2	8	2	1	6	12	6	6	2	6	2	
2028_A/mandarin_duck/Heil 2	5	2	0	6	2	0	2	1	6	0	1	1	0	0	0	8	3	2	1	4	1	0	3	4	4	1	3	6	2	7	4	5	7	3	2	5	1	4	3	4	6	9	7	8	1	3	2	2	4	10	3	4	1	7	1	1	8	11	7	6	1	8	2	
2029_A/mandarin_duck/Hena 4	3	0	1	5	3	1	1	1	5	0	1	1	0	0	0	9	3	2	1	3	2	0	3	4	6	1	3	5	0	7	4	7	6	4	2	6	3	4	2	4	4	9	7	9	0	3	2	2	2	8	3	4	4	8	1	1	7	12	7	6	2	7	2	
2030_A/meerkat/Shanghai/S 4	2	0	0	5	3	1	2	2	5	0	1	0	0	0	0	10	3	2	1	5	1	0	3	4	5	1	2	4	1	7	5	4	8	3	3	6	2	5	0	5	3	10	6	8	0	2	2	2	3	8	5	4	1	8	2	1	7	11	7	6	2	8	1	
2031_A/mink/China/G/2015| 4	2	0	0	5	3	1	2	2	5	0	1	1	0	0	0	10	3	2	1	5	1	0	3	4	5	2	2	3	1	7	4	4	8	3	2	6	2	4	2	4	3	11	7	8	0	1	1	3	3	9	5	4	1	7	2	2	7	12	7	5	2	7	1	
2032_A/mink/China/XB/2015 4	3	0	0	5	3	1	2	1	4	0	1	2	0	0	0	9	2	2	2	4	1	0	2	3	6	1	2	4	1	7	3	5	8	3	3	5	2	5	2	4	4	8	7	10	0	4	3	2	3	8	4	5	1	8	2	1	6	12	6	6	2	6	2	
2033_A/mink/Eastern_China 3	4	1	1	6	3	1	1	3	4	0	1	4	1	0	0	9	6	2	2	3	0	0	2	4	4	3	6	1	0	4	1	6	4	5	1	3	4	6	3	6	3	6	5	8	1	4	2	4	2	6	2	4	2	6	3	4	5	7	7	2	1	10	3	
2034_A/Nanjing/1/2015|EPI 4	3	0	0	5	3	1	2	1	4	0	1	2	0	0	0	9	2	2	2	4	1	0	2	3	6	1	2	4	1	7	3	5	8	3	3	5	2	4	2	4	4	8	7	10	0	4	3	2	3	9	4	5	1	8	2	1	6	12	6	6	2	6	2	
2035_A/ostrich/Suzhou/097 3	4	0	0	5	2	1	2	1	5	0	1	2	0	0	0	8	4	2	1	4	2	0	3	4	4	1	3	3	1	7	4	5	7	3	2	7	2	4	1	5	4	10	7	9	0	3	1	2	4	9	4	4	1	8	2	1	7	10	7	5	2	8	1	
2036_A/parrot/Guangdong/C 4	3	0	0	5	3	1	2	1	5	0	1	2	0	0	0	10	2	2	1	4	1	0	3	4	5	1	3	3	1	7	4	4	7	3	2	6	2	4	2	5	4	9	7	9	0	3	1	2	4	9	4	4	1	8	2	1	7	11	7	5	2	8	1	
2037_A/peacock/Yunnan/1/2 3	3	0	0	6	3	1	2	1	4	0	1	2	0	0	0	9	2	2	2	4	1	0	2	3	6	1	2	4	1	7	3	5	8	4	3	5	2	4	1	4	4	8	7	10	0	4	3	2	3	9	4	5	1	8	2	1	6	12	6	6	2	6	2	
2038_A/peacock/Yunnan/3/2 3	3	0	0	6	3	1	2	1	4	0	1	2	0	0	0	9	2	2	2	4	1	0	2	3	6	1	2	4	1	7	3	5	8	4	3	5	2	4	1	4	4	8	7	10	0	4	3	2	3	9	4	5	1	8	2	1	6	12	6	6	2	6	2	
2039_A/pigeon/Hubei/RP25/ 4	3	0	0	5	2	1	2	3	5	0	1	1	0	0	0	8	3	2	1	4	1	0	3	3	5	1	2	4	1	7	5	4	8	5	1	6	3	3	3	5	4	10	7	9	0	1	2	2	3	7	4	4	1	9	1	1	6	12	7	5	3	6	3	
2040_A/pigeon/Jiangsu/12. 4	2	0	0	5	2	1	1	2	5	0	1	0	0	0	0	9	3	2	1	6	2	0	3	5	5	1	2	3	1	7	5	4	8	3	3	6	2	5	1	5	3	10	7	8	0	2	1	2	3	9	5	4	1	7	2	1	7	11	7	6	2	8	1	
2041_A/pigeon/Jiangxi/S40 3	5	1	1	7	0	1	1	3	6	0	0	1	0	1	0	9	4	1	1	3	2	0	3	4	2	1	4	4	2	5	4	4	7	5	2	5	2	5	2	4	2	8	4	9	0	5	1	2	5	9	4	4	1	5	1	2	8	10	7	3	0	6	3	
2042_A/pigeon/Jilin/04.25 4	2	0	0	5	2	1	2	2	5	0	1	0	0	0	0	9	4	2	1	6	1	0	3	4	5	1	2	4	1	7	5	4	8	4	3	6	2	5	0	5	3	10	7	8	0	2	1	2	3	9	4	4	1	7	2	1	7	12	7	6	2	7	1	
2043_A/pigeon/Jilin/S4176 4	2	0	0	4	2	1	2	2	5	0	1	0	0	0	0	9	4	2	1	6	1	0	3	4	5	1	2	4	1	7	5	3	8	2	3	6	2	5	1	6	3	10	6	9	0	2	1	3	3	9	4	5	1	7	2	1	7	12	7	5	2	7	2	
2044_A/pigeon/Sichuan/NCX 4	2	0	0	5	3	1	2	3	4	0	1	0	1	0	0	10	3	2	2	5	1	0	2	3	5	2	2	5	1	6	5	5	7	4	3	6	2	3	1	4	3	10	7	7	0	2	1	3	3	9	4	4	1	7	3	1	7	12	6	6	2	7	2	
2045_A/pigeon/Zhejiang/11 4	2	0	0	5	3	1	1	2	5	0	1	0	0	0	0	9	3	2	1	6	1	0	3	5	5	1	2	3	1	7	5	4	8	3	3	6	2	5	1	5	3	10	7	8	0	2	1	2	3	9	5	4	1	7	2	1	7	11	6	6	2	8	2	
2046_A/pigeon/Zhejiang/11 4	2	0	0	5	3	1	2	2	5	0	1	0	0	0	0	9	4	2	1	6	0	0	3	4	5	1	2	4	1	7	5	4	8	3	3	6	2	5	0	5	4	10	7	8	0	2	1	2	3	10	4	4	1	7	2	1	6	11	7	6	2	8	1	
2047_A/pigeon/Zhejiang/72 4	2	0	0	5	3	1	1	2	4	0	1	0	1	0	0	10	3	2	1	5	1	0	3	4	5	1	2	4	1	7	5	4	8	4	3	6	2	5	1	4	4	11	5	10	0	2	2	2	3	8	5	4	1	7	2	1	6	11	7	5	2	8	1	
2048_A/plateau_pika/Qingh 5	4	1	0	4	2	1	2	2	5	0	0	0	0	1	0	7	2	3	0	3	1	0	3	6	7	2	4	5	0	4	2	6	8	3	1	5	1	4	4	5	3	8	7	6	1	3	2	1	5	11	2	3	2	7	2	1	5	9	6	7	0	7	3	
2049_A/quail/Nanchang/663 4	2	0	0	5	3	1	2	2	4	0	1	0	1	0	0	10	3	2	1	5	1	0	3	4	5	2	2	4	1	6	5	5	7	4	3	6	2	3	1	5	3	10	7	8	0	2	1	2	3	9	4	4	1	7	3	2	7	12	7	5	2	7	1	
2050_A/Shandong/1/2009|EP 5	3	0	0	4	2	2	2	2	5	0	1	1	1	0	0	10	1	2	1	4	2	0	3	2	4	2	2	5	0	7	4	3	7	4	3	7	2	4	2	3	5	10	7	8	1	4	1	3	4	7	3	4	1	9	2	1	7	10	6	5	2	7	2	
2051_A/Sichuan/1/2006|EPI 4	3	0	0	4	3	2	2	2	5	0	1	1	0	0	0	11	1	2	1	4	1	0	3	3	5	1	2	4	1	7	5	4	8	4	2	7	2	4	2	4	4	9	7	9	0	3	1	2	3	8	4	4	1	8	2	1	7	11	7	5	2	8	1	
2052_A/Sichuan/2/2006|EPI 4	3	0	0	4	3	2	2	2	5	0	1	1	0	0	0	11	1	2	1	4	1	0	3	3	5	1	2	4	1	7	5	4	8	3	2	7	2	4	2	4	4	9	7	9	0	3	1	2	3	9	4	4	1	8	2	1	7	11	7	5	2	8	1	
2053_A/Spatula_querquedul 3	4	2	2	3	3	2	0	2	3	0	1	1	1	0	0	4	5	1	1	6	3	1	1	6	3	3	4	2	0	3	1	6	2	4	3	7	1	3	3	8	6	7	7	12	1	6	5	3	5	14	2	3	4	5	2	1	4	8	8	3	2	9	2	
2054_A/swine/Shandong/SD1 5	3	0	0	4	3	1	2	1	5	0	1	2	0	0	0	9	3	2	1	4	1	0	3	5	4	1	3	3	2	7	4	4	6	4	2	7	1	5	2	4	3	9	7	9	1	3	1	2	5	9	3	3	1	8	1	1	7	11	7	5	2	8	2	
2055_A/tiger/Yunnan/tig14 3	2	0	0	6	3	1	2	2	4	0	1	0	1	0	0	10	3	2	2	5	1	0	2	3	5	2	2	5	1	6	5	5	6	4	4	6	2	3	1	5	3	10	7	8	0	2	1	2	3	9	4	4	1	7	3	1	7	11	8	6	2	7	1	
2056_A/tiger/Yunnan/tig14 4	2	0	0	5	3	1	2	2	4	0	1	0	1	0	0	10	3	2	1	5	1	0	3	4	5	2	2	4	1	6	5	6	6	4	3	6	2	3	1	5	3	10	7	8	0	2	1	2	3	9	4	4	1	7	3	1	7	12	7	6	2	7	1	
2057_A/tiger/Yunnan/tig15 4	3	0	0	5	3	1	2	1	4	0	1	2	0	0	0	9	2	2	2	4	1	0	2	3	6	1	2	4	1	7	3	5	8	3	3	5	2	4	2	4	4	10	6	10	0	3	3	2	3	8	4	5	1	9	2	1	6	12	6	6	2	6	2	
2058_A/tundra_swan/Fujian 4	2	1	0	5	3	1	2	1	5	0	1	1	0	0	0	9	3	3	1	3	2	0	3	4	6	1	3	5	0	7	4	7	7	3	2	5	2	4	3	4	4	11	6	9	0	2	2	2	3	8	3	4	3	8	1	1	7	12	7	6	3	6	2	
2059_A/turtle_dove/Guangd 4	3	0	0	4	3	2	2	2	5	0	1	1	0	0	0	11	1	2	1	4	1	0	3	3	5	1	2	4	1	7	5	4	8	3	2	7	2	4	2	4	4	10	6	9	0	3	1	3	3	9	4	4	1	8	2	1	7	11	7	4	2	8	1	
2060_A/turtle_dove/Hunan/ 4	3	0	0	5	3	1	2	1	4	0	1	2	0	0	0	8	3	2	2	4	1	0	2	4	6	1	2	3	1	7	3	5	8	3	3	5	2	6	2	4	4	8	7	9	0	4	3	2	3	8	4	5	0	7	2	2	7	11	6	6	2	7	2	
2061_A/whooper_swan/Henan 4	3	0	1	5	3	1	1	1	5	0	1	1	0	0	0	9	3	2	1	3	2	0	3	4	6	1	3	5	0	7	4	7	6	4	2	6	3	4	2	4	4	9	7	9	0	3	2	2	2	8	3	4	4	8	1	1	7	12	7	6	2	7	2	
2062_A/whooper_swan/Henan 4	3	0	1	5	3	1	1	1	5	0	1	1	0	0	0	9	3	2	1	3	2	0	3	4	6	1	3	5	0	7	4	7	6	4	2	6	3	4	2	4	4	9	7	9	0	3	2	2	2	8	3	4	4	8	1	1	7	12	7	6	2	7	2	
2063_A/whooper_swan/Henan 4	3	0	1	5	3	1	1	1	5	0	1	1	0	0	0	9	3	2	1	3	2	0	3	4	6	1	3	5	0	7	4	7	6	4	2	6	3	4	2	4	4	9	7	9	0	3	2	2	2	8	3	4	4	8	1	1	7	12	7	6	2	7	2	
2064_A/whooper_swan/Henan 4	3	0	1	5	3	1	1	1	5	0	1	1	0	0	0	9	3	2	1	3	2	0	3	4	6	1	3	5	0	7	4	7	6	4	2	6	3	4	2	4	4	9	7	9	0	3	2	2	2	8	3	4	4	8	1	1	7	12	7	6	2	7	2	
2065_A/whooper_swan/Henan 4	3	0	1	5	3	1	1	1	5	0	1	1	0	0	0	9	3	2	1	3	2	0	3	4	6	1	3	5	0	7	4	7	6	4	2	6	3	4	2	4	4	9	7	9	0	3	2	2	2	8	3	4	4	8	1	1	7	12	7	6	2	7	2	
2066_A/whooper_swan/Henan 4	3	0	1	5	3	1	1	1	5	0	1	1	0	0	0	9	3	2	1	3	2	0	3	4	6	1	3	5	0	7	4	7	6	4	2	6	3	4	2	4	4	9	7	9	0	3	2	2	2	8	3	4	4	8	1	1	7	12	7	6	2	7	2	
2067_A/whooper_swan/Henan 4	2	1	0	5	2	1	2	2	5	0	1	1	0	0	0	9	3	1	1	6	2	0	3	4	5	1	3	4	1	7	4	4	8	3	3	6	2	5	0	5	3	10	7	7	0	2	1	2	3	9	5	4	1	7	2	1	6	11	7	6	3	8	1	
2068_A/whooper_swan/Henan 4	2	1	0	5	2	1	2	2	5	0	1	1	0	0	0	9	3	1	1	6	2	0	3	4	5	1	3	4	1	7	4	4	8	4	3	6	2	5	0	5	3	10	7	7	0	2	1	2	3	8	5	4	1	7	2	1	6	11	7	6	3	8	1	
2069_A/whooper_swan/Henan 4	2	1	0	5	2	1	2	2	5	0	1	1	0	0	0	9	3	1	1	6	2	0	3	4	5	1	3	4	1	7	4	4	8	4	3	6	2	5	0	5	3	10	7	7	0	2	1	2	3	8	5	4	1	7	2	1	6	11	7	6	3	8	1	
2070_A/whooper_swan/Henan 4	2	1	0	5	2	1	2	2	5	0	1	1	0	0	0	9	3	1	1	6	2	0	3	4	5	1	3	4	1	7	4	4	8	4	3	6	2	5	0	5	3	10	7	7	0	2	1	2	3	8	5	4	1	7	2	1	6	11	7	6	3	8	1	
2071_A/whooper_swan/Shanx 4	3	0	1	5	3	1	1	1	5	0	1	1	0	0	0	9	3	2	1	3	2	0	3	4	6	1	3	5	0	7	4	7	6	4	2	6	3	4	2	4	4	9	7	9	0	3	2	2	2	8	3	4	4	8	1	1	7	12	7	6	2	7	2	
2072_A/whooper_swan/Shanx 4	3	0	1	5	3	1	1	1	5	0	1	1	0	0	0	9	3	2	1	3	2	0	3	4	6	1	3	5	0	7	4	7	6	4	2	6	3	4	2	4	4	9	7	9	0	3	2	2	2	8	3	4	4	8	1	1	7	12	7	6	2	7	2	
2073_A/wild_duck/Fujian/1 4	2	0	0	5	3	1	2	2	5	0	1	0	1	0	0	10	3	2	1	5	1	0	3	4	5	2	2	4	1	6	5	4	8	3	3	7	2	4	0	5	3	10	7	8	0	2	1	2	3	9	5	4	1	7	2	2	7	11	7	5	1	8	1	
2074_A/wild_duck/Fujian/2 4	2	0	0	5	3	1	2	2	5	0	1	0	1	0	0	10	3	2	1	5	1	0	3	4	5	2	2	4	1	6	5	4	8	3	3	7	2	4	0	5	3	10	7	8	0	2	1	2	3	9	5	4	1	7	2	2	7	11	7	5	1	8	1	
2075_A/wild_duck/Hebei/SD 4	3	0	0	5	3	1	2	1	5	0	1	1	0	0	0	9	3	2	1	3	2	0	3	4	6	1	4	5	0	7	3	8	7	4	2	4	2	4	3	4	4	10	7	9	0	2	2	2	3	8	3	4	3	8	1	1	7	12	7	6	2	7	2	
2076_A/wild_duck/Jilin/HF 4	3	0	0	5	4	1	2	2	4	0	1	1	0	0	0	10	2	2	1	4	1	0	3	2	5	2	3	5	1	6	3	4	8	4	4	5	2	2	3	5	4	11	6	9	1	2	2	2	3	8	3	5	1	9	2	1	6	12	6	6	1	6	2	
2077_A/wild_duck/Jilin/ZF 4	3	0	0	5	3	1	2	2	6	0	1	1	0	0	0	10	2	2	1	4	1	0	3	3	5	1	4	4	1	7	2	4	8	3	3	5	2	4	2	4	4	10	7	10	0	2	2	2	3	9	4	5	1	8	2	1	5	12	5	6	2	6	3	
2078_A/wild_duck/Shandong 4	3	1	1	5	2	1	2	1	5	0	1	2	0	0	0	9	2	2	0	5	2	0	3	4	4	1	4	3	2	7	2	4	8	3	2	6	2	4	2	4	4	10	6	10	0	2	3	2	3	8	3	4	1	9	2	1	8	11	7	5	2	6	1	
2079_A/wild_duck/Shandong 4	3	0	0	5	3	1	2	2	5	0	1	1	0	0	0	11	2	2	1	4	1	0	3	3	5	1	4	3	1	7	2	3	8	3	3	5	1	5	2	4	4	10	7	10	0	2	2	3	3	9	4	5	1	7	3	1	6	12	6	6	2	6	2	
2080_A/wild_duck/Shandong 4	4	0	1	5	2	1	2	2	8	0	1	0	1	0	0	8	3	2	0	4	1	0	3	4	3	2	1	6	0	7	5	6	11	2	2	5	1	4	3	4	4	9	8	9	0	4	0	2	2	6	3	4	2	11	1	4	7	13	7	3	2	5	3	
2081_A/Xinjiang/1/2006|EP 3	3	1	0	5	3	1	2	2	5	0	1	1	0	0	0	10	2	2	1	4	1	0	3	4	6	1	4	3	0	7	3	6	6	3	1	6	2	4	2	5	4	10	7	9	1	3	1	2	4	11	3	4	1	7	2	1	6	8	7	5	2	10	1	
2082_A/Xinjiang/1/2009|EP 4	3	0	0	5	3	1	2	2	5	0	1	1	0	0	0	10	2	2	1	4	1	0	3	3	6	1	3	4	0	7	4	3	8	4	2	5	2	4	2	6	4	10	7	9	0	3	1	3	3	9	3	4	1	8	2	1	7	12	7	5	2	6	1	
2083_A/Zhejiang/1/2006|EP 4	3	1	1	4	3	1	1	2	5	0	1	1	0	0	0	11	1	2	1	4	1	0	3	3	5	1	2	4	1	7	5	4	8	4	2	7	2	4	2	4	4	9	7	9	0	3	1	2	3	8	4	4	1	8	2	1	7	11	7	4	3	8	1	
2084_A/Anas_platyrhynchos 3	4	2	2	3	3	2	0	2	3	0	1	1	1	0	0	4	5	1	1	6	3	1	1	6	3	3	4	2	0	3	1	6	2	4	3	7	1	3	3	8	6	7	7	12	1	6	5	3	5	14	2	3	4	5	2	1	4	8	8	3	2	9	2	
2085_A/Anhui/1/2006_H5N1| 5	3	0	0	3	3	2	2	2	5	0	1	1	0	0	0	11	1	2	1	4	1	0	3	3	5	1	2	4	1	7	5	5	8	3	2	5	2	4	2	5	4	9	7	9	0	3	1	2	3	9	4	4	1	8	2	1	6	12	7	5	2	8	1	
2086_A/Anhui/1/2007_H5N1| 5	2	0	0	5	2	1	2	1	5	0	1	2	0	0	0	7	4	2	1	4	2	0	3	4	5	2	4	3	1	7	3	3	6	5	2	6	2	3	2	5	4	7	7	9	1	3	2	3	3	10	4	5	2	7	2	1	7	10	7	5	2	9	0	
2087_A/Anhui/2/2005_H5N1| 5	3	0	0	4	3	2	2	2	5	0	1	1	0	0	0	10	1	2	1	4	1	0	3	3	5	1	2	4	1	7	5	4	8	3	2	7	2	4	2	4	4	9	7	9	0	3	1	2	3	8	4	4	1	9	2	1	7	11	7	5	2	8	1	
2088_A/Anser_cygnoides/Ch 3	2	0	0	6	3	1	2	2	4	0	1	1	1	0	0	10	3	2	2	5	1	0	2	3	5	3	2	4	1	5	5	5	7	5	3	6	2	3	1	5	3	10	7	8	0	2	1	2	3	8	4	4	1	7	3	1	7	12	7	6	2	6	2	
2089_A/Anser_fabalis/jiuj 3	4	2	2	3	3	2	0	2	3	0	1	1	1	0	0	4	5	1	1	6	3	1	1	6	3	3	4	2	0	3	1	6	2	4	3	7	1	3	3	8	6	7	7	12	1	6	5	3	5	14	2	3	4	5	2	1	4	8	8	3	2	9	2	
2090_A/Anser_fabalis/jiuj 3	4	2	2	3	3	2	0	2	3	0	1	1	1	0	0	4	5	1	1	6	3	1	1	6	3	3	4	2	0	3	1	6	2	4	3	7	1	3	3	8	6	7	7	12	1	6	5	3	5	14	2	3	4	5	2	1	4	8	8	3	2	9	2	
2091_A/Anser_fabalis/jiuj 3	4	2	2	3	3	2	0	2	3	0	1	1	1	0	0	4	5	1	1	6	3	1	1	6	3	3	4	2	0	3	1	6	2	4	3	7	1	3	3	8	6	7	7	12	1	6	5	3	5	14	2	3	4	5	2	1	4	8	8	3	2	9	2	
2092_A/Duck/Jiangxi/631/2 2	2	2	1	8	1	0	2	2	5	0	0	1	1	1	0	10	3	2	1	2	2	0	3	4	6	3	2	4	0	4	3	3	7	7	2	5	2	3	3	2	4	9	4	9	1	3	2	2	4	8	3	5	1	8	1	1	8	10	7	6	0	4	3	
2093_A/Guangdong/1/2008_H 5	3	0	0	4	2	2	2	2	5	0	1	1	0	0	0	10	1	2	1	4	2	0	3	2	5	1	2	5	1	7	5	4	7	4	2	7	2	4	2	4	4	10	7	9	0	5	1	2	4	8	4	4	1	8	2	1	7	10	6	5	2	6	2	
2094_A/Guangdong/2/2006_H 5	3	0	0	4	3	1	2	2	5	0	1	1	0	0	0	11	2	2	1	3	1	0	3	3	5	1	2	4	1	7	5	5	7	3	2	6	2	4	2	5	4	10	7	9	0	2	1	3	3	8	4	3	1	8	3	1	6	12	7	4	4	7	1	
2095_A/Guangxi/1/2005_H5N 4	3	0	0	5	3	1	2	2	5	0	1	1	0	0	0	10	2	2	1	4	1	0	3	3	5	1	2	4	1	7	5	4	8	3	2	6	2	4	2	5	4	9	7	9	0	3	1	2	3	9	4	4	1	8	2	1	6	12	7	5	3	7	1	
2096_A/Guangxi/1/2008_H5N 5	3	0	0	5	3	1	2	2	5	0	1	1	0	0	0	9	2	2	1	4	1	0	3	3	5	1	4	4	1	7	3	4	8	3	2	5	2	4	2	5	4	9	8	9	0	2	2	2	3	8	4	5	1	9	2	1	6	12	6	5	3	6	2	
2097_A/Guizhou/1/2009_H5N 2	3	0	1	6	3	1	2	2	5	0	1	1	1	0	0	10	2	1	1	4	1	1	3	3	5	1	2	3	0	7	5	4	7	3	2	6	2	4	2	5	4	10	7	10	0	2	1	3	3	8	5	4	2	8	2	1	5	11	7	5	3	8	1	
2098_A/Hunan/1/2008_H5N1| 4	3	0	0	4	3	2	2	2	5	0	1	1	0	0	0	11	1	2	1	4	1	0	3	4	5	1	2	2	1	7	5	5	7	4	2	6	2	4	2	6	4	9	7	10	0	3	1	2	3	8	4	4	1	7	3	1	6	12	7	5	2	7	1	
2099_A/Hunan/2/2009_H5N1| 3	3	0	1	5	2	1	2	2	5	0	1	1	1	0	0	10	2	2	1	4	2	0	3	4	5	1	2	3	0	7	5	4	7	3	2	6	2	4	2	4	4	10	7	10	0	2	1	2	4	8	5	4	2	8	2	1	5	11	7	5	3	8	1	
2100_A/Japanese_white-eye 4	2	0	0	5	3	1	2	2	5	0	1	0	0	0	0	10	3	2	1	5	1	0	3	4	5	1	2	4	1	7	5	4	8	3	3	6	2	4	0	5	3	10	7	8	0	3	1	2	3	9	5	4	1	8	2	1	7	11	7	6	2	7	1	
2101_A/Nanjing/1/2015_H5N 4	3	0	0	5	3	1	2	1	4	0	1	2	0	0	0	9	2	2	2	4	1	0	2	3	6	1	2	4	1	7	3	5	8	3	3	5	2	4	2	4	4	8	7	10	0	4	3	2	3	9	4	5	1	8	2	1	6	12	6	6	2	6	2	
2102_A/Shandong/1/2009_H5 5	3	0	0	4	2	2	2	2	5	0	1	1	1	0	0	10	1	2	1	4	2	0	3	2	4	2	2	5	0	7	4	3	7	4	3	7	2	4	2	3	5	10	7	8	1	4	1	3	4	7	3	4	1	9	2	1	7	10	6	5	2	7	2	
2103_A/Spatula_querquedul 3	4	2	2	3	3	2	0	2	3	0	1	1	1	0	0	4	5	1	1	6	3	1	1	6	3	3	4	2	0	3	1	6	2	4	3	7	1	3	3	8	6	7	7	12	1	6	5	3	5	14	2	3	4	5	2	1	4	8	8	3	2	9	2	
2104_A/Wild_bird/Huadong/ 4	3	0	0	5	3	1	2	1	4	0	1	1	0	0	0	9	2	2	2	4	1	0	2	3	6	1	2	4	1	8	2	5	8	3	4	5	2	4	2	4	4	8	7	11	0	4	3	2	3	9	3	5	1	8	2	1	6	12	6	6	2	6	2	
2105_A/Wild_bird/Huadong/ 4	2	0	0	4	2	1	2	2	5	0	1	0	0	0	0	9	4	2	1	6	1	0	3	4	4	1	2	4	2	7	5	4	8	3	3	5	2	5	1	6	3	9	6	8	0	2	2	2	3	10	4	5	1	6	2	1	7	12	6	6	2	7	3	
2106_A/Wild_bird/Huadong/ 4	2	0	0	5	3	1	2	2	5	0	1	0	0	0	0	10	3	2	1	5	1	0	3	4	5	1	2	4	1	7	5	4	8	3	3	6	2	6	0	5	3	10	7	8	0	2	1	2	3	9	5	4	1	6	2	1	7	11	6	6	2	8	2	
2107_A/Xinjiang/1/2009_H5 4	3	0	0	5	3	1	2	2	5	0	1	1	0	0	0	10	2	2	1	4	1	0	3	3	6	1	3	4	0	7	4	3	8	4	2	5	2	4	2	6	4	10	7	9	0	3	1	3	3	9	3	4	1	8	2	1	7	12	7	5	2	6	1	
2108_A/avian/Hong_Kong/07 5	3	0	0	5	3	1	2	2	5	0	1	1	0	0	0	8	2	2	1	4	1	0	3	4	5	1	3	4	1	7	4	4	8	2	3	6	2	4	2	4	5	10	7	9	0	2	2	2	3	8	4	4	1	9	2	1	6	12	7	5	3	6	1	
2109_A/avian/Hong_Kong/19 5	3	0	0	5	3	1	2	2	5	0	1	1	0	0	0	8	2	2	1	4	1	0	3	4	5	1	3	4	1	7	4	5	8	2	3	5	2	4	2	4	5	10	7	9	0	2	2	2	3	8	4	4	1	9	2	1	6	12	7	5	3	6	1	
2110_A/avian/Hong_Kong/23 5	3	0	0	5	3	1	2	2	5	0	1	1	0	0	0	8	2	2	1	4	1	0	3	4	5	1	3	4	1	7	4	5	8	2	2	5	2	4	2	4	5	10	7	9	0	2	2	2	3	8	5	4	1	9	2	1	6	12	7	5	3	6	1	
2111_A/bar-headed_goose/Q 3	3	1	0	5	3	1	2	2	4	0	1	2	0	0	0	10	2	2	1	4	2	0	3	4	6	1	4	2	0	7	3	6	7	3	0	6	2	6	2	5	5	10	6	9	0	3	2	2	3	11	3	4	2	6	2	1	4	8	8	5	2	10	1	
2112_A/bar-headed_goose/T 3	3	1	0	5	3	1	2	2	5	0	1	2	0	0	0	10	2	2	1	4	1	0	3	4	6	1	4	2	0	7	3	6	6	3	1	6	2	4	2	5	5	10	8	9	0	3	1	2	4	11	3	4	1	7	2	1	6	8	6	5	2	10	1	
2113_A/brown-headed_gull/ 4	3	0	0	5	3	1	2	2	5	0	1	1	0	0	0	10	2	2	1	4	1	0	3	3	5	1	3	4	1	7	3	4	8	3	3	5	2	4	2	4	3	10	8	10	0	2	2	2	3	9	4	5	1	8	2	1	6	12	6	6	2	6	2	
2114_A/brown-headed_gull/ 4	3	0	0	5	3	1	2	2	5	0	1	1	0	0	0	10	2	2	1	4	1	0	3	3	5	1	3	4	1	7	3	4	8	3	3	5	2	4	2	4	3	10	8	10	0	2	2	2	3	9	4	5	1	8	2	1	6	12	6	6	2	6	2	
2115_A/chicken/China/Cang 3	4	2	2	3	3	2	0	2	4	0	1	1	1	0	0	4	5	1	1	6	3	1	1	5	2	3	4	2	0	4	1	6	2	4	3	7	1	3	3	9	6	7	7	12	1	6	5	3	5	14	2	3	4	5	2	1	4	8	8	3	2	8	2	
2116_A/chicken/China/E93/ 4	3	1	1	5	2	1	2	1	5	0	1	2	0	0	0	9	2	2	0	5	2	0	3	4	4	1	4	3	2	7	3	4	8	3	2	6	2	4	2	4	4	10	6	10	0	2	3	2	3	8	3	4	1	9	2	1	8	11	7	5	2	6	1	
2117_A/chicken/China/E96/ 4	3	1	1	5	2	1	2	0	5	0	1	2	0	0	0	9	2	2	0	5	2	0	3	4	4	1	4	3	2	7	3	4	8	2	2	6	2	5	2	4	4	10	6	10	0	2	3	2	3	8	3	4	1	9	2	2	8	11	7	5	2	6	1	
2118_A/chicken/Eastern_Ch 4	3	0	0	5	3	1	2	2	5	0	1	1	0	0	0	8	2	2	1	4	1	0	3	6	5	3	2	3	1	5	4	4	7	4	2	6	3	4	2	4	5	10	7	9	0	2	1	2	3	7	4	4	1	9	1	1	6	11	9	5	3	6	2	
2119_A/chicken/Eastern_Ch 3	3	0	0	6	3	1	2	2	5	0	1	1	0	0	0	8	2	2	1	4	1	0	3	6	5	3	2	3	1	5	4	4	7	4	2	6	3	4	2	4	5	10	7	9	0	2	1	2	3	7	4	4	1	9	1	1	6	11	9	5	3	6	2	
2120_A/chicken/Fujian/1/2 4	3	0	0	5	3	1	2	2	5	0	1	1	0	0	0	10	2	2	1	4	1	0	3	3	5	1	1	4	1	7	6	4	8	3	2	6	2	4	2	5	4	10	7	9	0	2	1	2	3	9	4	4	1	8	2	1	6	12	7	5	3	6	2	
2121_A/chicken/Gansu/5/20 4	3	1	1	5	2	1	2	1	5	0	1	2	0	0	0	9	1	2	0	5	3	0	3	4	4	1	4	3	2	7	3	4	8	3	2	6	2	4	2	4	4	10	6	10	0	2	3	2	3	8	4	4	1	9	1	1	8	11	7	5	2	7	0	
2122_A/chicken/Gansu/6/20 4	3	1	2	5	2	1	1	1	5	0	1	2	0	0	0	9	2	2	0	5	2	0	3	4	4	1	4	3	2	7	3	4	8	3	2	6	2	4	2	4	4	10	6	10	0	2	3	2	3	8	3	4	1	9	2	1	8	11	7	5	2	6	1	
2123_A/chicken/Guangdong/ 3	3	1	0	5	3	1	2	2	5	0	1	1	0	0	0	10	2	1	2	5	1	0	3	4	6	2	5	4	0	8	3	6	6	3	2	6	2	5	2	6	4	11	7	9	0	4	1	2	4	11	4	5	1	9	2	1	6	9	7	5	2	11	2	
2124_A/chicken/Guangxi/S2 4	2	1	0	5	2	0	2	2	6	0	1	1	0	0	0	9	3	2	1	5	1	0	3	3	5	1	2	4	1	7	5	4	8	3	3	6	2	4	2	5	4	9	8	9	0	2	1	2	3	9	4	4	1	8	2	1	6	11	7	6	2	7	1	
2125_A/chicken/Guizhou/7/ 4	3	0	0	5	3	1	2	2	5	0	1	1	0	0	0	11	1	3	0	4	1	0	3	4	5	1	2	3	1	7	5	5	7	3	1	6	2	4	3	4	4	11	7	9	0	2	1	2	4	9	4	4	1	8	2	2	6	11	7	5	2	7	1	
2126_A/chicken/Hebei/A-8/ 3	3	0	1	6	2	1	2	1	5	0	1	2	0	0	0	10	2	2	0	4	2	0	3	4	6	1	4	3	0	7	3	4	8	3	2	6	2	4	2	5	4	10	7	9	0	2	3	2	3	8	5	4	1	9	1	1	7	11	6	5	2	8	0	
2127_A/chicken/Henan/A-7/ 4	3	1	0	5	2	1	2	1	5	0	1	2	0	0	0	10	2	2	1	4	2	0	3	4	5	1	4	3	1	7	3	4	8	3	2	6	3	4	2	5	3	8	6	9	0	4	3	2	3	10	3	4	1	7	2	1	7	11	7	5	2	8	0	
2128_A/chicken/Huadong/4/ 4	3	0	1	5	2	1	2	1	6	0	1	2	0	0	0	10	2	2	0	4	2	0	2	4	4	1	4	3	1	7	3	4	8	3	2	6	2	4	3	5	4	10	6	9	0	2	3	2	3	8	5	4	1	9	1	1	7	11	7	5	2	8	0	
2129_A/chicken/Hubei/2856 5	3	0	0	4	3	2	2	3	5	0	1	1	0	0	0	10	1	2	1	4	1	0	3	2	5	1	2	4	1	7	5	4	7	3	2	7	2	4	2	4	4	10	7	9	0	3	1	2	4	9	4	4	1	8	2	1	7	10	7	5	2	8	1	
2130_A/chicken/Hunan/1793 3	3	0	0	5	3	2	2	2	5	0	1	1	0	0	0	11	1	3	1	4	1	0	3	4	5	1	2	3	1	6	5	5	7	4	2	6	2	4	2	6	4	10	4	9	0	3	3	2	3	8	4	4	1	7	3	1	6	12	7	5	2	7	1	
2131_A/chicken/Hunan/21/2 4	3	0	0	4	3	2	2	2	5	0	1	1	0	0	0	11	1	3	1	4	1	0	3	3	5	1	2	4	1	6	5	4	8	3	2	7	2	4	2	4	4	9	7	9	0	3	1	2	3	9	4	4	1	8	2	1	7	11	7	5	2	8	1	
2132_A/chicken/Hunan/3/20 4	3	0	0	5	3	1	2	2	5	0	1	1	0	0	0	10	2	2	1	4	1	0	3	3	5	1	2	4	1	7	5	4	8	3	2	6	2	4	2	5	4	10	7	9	0	2	1	2	3	8	5	4	1	8	2	1	6	12	7	5	3	7	1	
2133_A/chicken/Hunan/3157 5	3	0	0	4	3	2	2	3	5	0	1	1	0	0	0	10	1	2	1	4	1	0	3	2	5	1	2	4	1	7	5	3	8	2	2	7	2	5	2	4	4	9	7	9	0	3	1	2	4	9	4	4	1	8	2	1	7	11	7	5	2	8	1	
2134_A/chicken/Hunan/8/20 4	3	0	0	5	3	1	2	2	5	0	1	1	0	0	0	10	2	2	1	4	1	0	3	3	5	1	2	4	1	7	5	4	8	3	2	6	2	4	2	5	4	10	7	9	0	2	1	2	3	8	5	4	1	8	2	1	6	12	7	5	3	6	2	
2135_A/chicken/Jiangsu/18 4	3	0	1	5	2	1	2	1	6	0	1	2	0	0	0	10	2	2	0	4	2	0	3	4	4	1	4	3	1	7	3	4	8	3	2	6	2	4	2	5	4	9	6	9	0	2	3	2	3	8	5	4	1	9	1	1	7	12	7	5	2	8	0	
2136_A/chicken/Jiangsu/24 4	1	0	0	5	3	1	2	2	5	0	1	0	0	0	0	9	3	2	1	6	2	0	3	4	5	1	2	4	1	7	5	4	8	3	3	6	2	5	0	5	3	10	7	8	0	2	1	2	3	9	5	4	1	7	2	1	7	11	7	6	2	8	1	
2137_A/chicken/Jiangsu/92 4	2	0	0	5	3	1	2	2	5	0	1	0	0	0	0	10	3	2	1	5	1	0	3	4	7	1	2	4	0	7	5	5	7	4	4	5	2	5	0	5	3	11	5	8	0	2	2	2	5	8	5	5	1	7	2	1	7	11	7	7	2	8	1	
2138_A/chicken/Jiangsu/YB 4	3	0	0	5	3	1	2	1	4	0	1	2	0	0	0	9	2	2	2	4	1	0	2	3	6	1	2	4	1	7	2	5	8	3	3	5	2	4	2	4	4	8	7	10	0	4	3	2	3	9	4	5	1	8	2	1	6	12	6	6	2	6	2	
2139_A/chicken/Jiangsu/k0 4	3	0	0	5	3	1	2	3	4	0	1	1	0	0	0	10	2	2	1	4	1	0	3	3	5	1	3	4	1	7	3	5	8	3	3	5	2	4	2	4	4	10	7	10	0	2	2	1	3	9	4	5	1	8	2	1	6	12	6	6	2	6	2	
2140_A/chicken/Jiangxi/25 4	2	0	0	5	3	1	2	2	4	0	1	1	0	0	0	10	3	2	1	5	1	0	3	4	5	1	2	3	1	7	5	4	8	3	2	6	2	4	2	4	4	10	7	8	0	2	1	3	3	10	5	4	1	6	2	2	7	12	7	5	2	7	1	
2141_A/chicken/Liaoning/2 3	3	1	0	5	3	1	2	2	5	0	1	1	0	0	0	10	2	2	1	4	1	0	3	4	6	1	4	3	0	7	3	6	6	3	1	6	2	4	2	5	4	10	7	9	1	3	1	2	4	11	3	4	1	7	2	1	6	8	7	5	2	10	1	
2142_A/chicken/Liaoning/A 4	3	0	0	5	4	1	3	1	7	0	1	2	0	0	0	10	2	2	1	3	2	0	3	4	4	1	4	3	2	7	3	3	8	3	2	5	2	4	2	5	4	10	6	9	0	3	3	2	3	10	4	3	1	7	1	1	6	11	7	5	2	7	1	
2143_A/chicken/Liaoning/S 4	3	1	1	5	2	1	2	1	5	0	1	2	0	0	0	9	1	2	0	5	3	0	3	4	4	1	4	3	2	7	3	4	8	3	2	6	2	4	2	4	4	10	6	10	0	2	3	2	3	8	3	4	1	9	2	1	8	12	7	5	2	6	0	
2144_A/chicken/Ningxia/2/ 4	3	1	1	5	2	1	2	1	5	0	1	2	0	0	0	9	1	2	0	5	3	0	3	4	4	1	4	3	2	7	3	4	8	3	2	6	2	4	2	4	4	10	6	10	0	2	3	2	3	8	4	4	1	9	1	1	8	11	7	5	2	7	0	
2145_A/chicken/Ningxia/22 4	3	1	1	5	2	1	2	1	5	0	1	2	0	0	0	9	1	2	0	5	3	0	3	4	4	1	4	3	2	7	3	4	8	3	2	6	2	4	2	4	4	10	6	10	0	2	3	2	3	8	4	4	1	9	1	1	8	11	7	5	2	7	0	
2146_A/chicken/Ningxia/24 3	3	1	0	5	2	1	1	1	5	0	1	2	0	0	0	10	2	2	1	4	2	1	2	4	5	2	3	4	1	6	3	4	8	4	2	6	2	4	1	5	4	8	6	9	0	4	3	2	3	8	4	4	1	7	5	1	7	11	7	5	2	8	0	
2147_A/chicken/North_Chin 4	3	0	0	5	3	1	2	2	5	0	1	1	0	0	0	10	2	2	1	3	1	0	3	5	5	3	2	3	1	5	5	4	8	4	2	6	1	5	2	4	5	10	7	11	0	2	1	2	3	7	4	4	1	9	1	1	6	12	8	3	3	6	2	
2148_A/chicken/Shandong/A 4	2	0	0	5	3	1	2	1	5	0	1	2	0	0	0	10	3	2	1	3	2	0	3	3	5	0	4	4	1	8	3	5	8	3	1	6	2	3	2	5	4	10	5	9	0	3	3	2	3	10	4	4	1	8	2	1	7	10	7	5	2	8	1	
2149_A/chicken/Shantou/37 4	3	0	0	5	2	1	2	1	5	0	1	2	0	0	0	10	2	2	1	4	2	0	3	4	5	1	4	3	1	7	3	4	7	3	2	6	2	6	1	5	4	8	7	9	0	3	1	2	4	10	4	4	1	7	2	1	7	11	7	5	2	8	1	
2150_A/chicken/Shanxi/10/ 4	3	0	1	5	2	1	2	1	5	0	1	2	0	0	0	10	2	2	0	4	2	0	3	4	5	1	4	3	1	7	3	4	8	3	2	6	2	4	2	5	4	9	6	9	0	3	3	2	3	9	5	4	1	7	2	1	7	11	7	5	2	8	0	
2151_A/chicken/Sheny/0606 4	3	0	0	5	2	1	2	1	5	0	1	2	0	0	0	10	2	2	1	3	3	0	3	4	5	2	3	3	1	7	3	4	7	6	2	6	2	4	2	5	4	10	6	8	1	2	3	2	3	8	4	4	1	7	2	1	7	11	6	5	2	8	1	
2152_A/chicken/Sichuan/81 4	4	0	0	4	1	2	2	2	5	0	1	1	0	0	0	11	1	2	1	4	2	0	3	3	5	1	2	4	1	7	5	4	8	4	3	7	2	4	2	4	4	8	7	9	0	3	1	2	3	8	3	4	1	9	2	1	7	10	7	5	2	8	1	
2153_A/chicken/Wuhan/HAQL 4	3	0	0	5	3	1	2	1	4	0	1	2	0	0	0	9	2	2	2	4	1	0	2	3	6	1	2	4	1	7	2	5	8	3	4	5	2	4	1	5	4	8	7	9	0	4	3	2	3	9	4	5	1	8	2	1	6	12	6	6	2	6	2	
2154_A/chicken/Wuhan/HAQL 4	3	0	0	5	3	1	2	1	4	0	1	2	0	0	0	9	2	2	2	4	1	0	2	3	6	1	2	4	1	7	2	5	8	3	3	5	2	4	2	4	4	8	7	10	0	4	3	2	3	9	4	5	1	8	2	1	6	12	6	6	2	6	2	
2155_A/chicken/Wuxi/WX-32 4	2	0	0	5	3	1	2	2	5	0	1	0	0	0	0	10	3	2	1	5	1	0	3	4	5	1	2	4	1	7	5	4	8	3	3	6	2	5	0	5	3	10	6	8	0	2	2	2	3	9	5	4	1	7	2	1	7	11	7	6	2	8	1	
2156_A/chicken/Wuxi/WX-33 4	2	0	0	5	3	1	2	2	5	0	1	0	0	0	0	10	3	2	1	5	1	0	3	4	5	1	2	4	1	7	5	4	8	3	3	6	2	5	0	5	3	10	6	8	0	2	2	2	3	9	5	4	1	7	2	1	7	12	7	6	2	6	2	
2157_A/chicken/Xinjiang/1 3	3	0	0	5	2	1	2	1	3	0	1	2	0	0	0	10	4	2	1	3	2	0	3	4	6	2	3	3	1	7	3	5	7	3	2	5	2	4	2	4	6	9	7	9	0	3	2	2	4	10	4	4	1	8	2	1	7	10	7	5	2	8	0	
2158_A/chicken/Xinjiang/2 5	4	0	0	4	2	1	2	1	5	0	1	2	0	0	0	10	2	2	1	4	2	0	3	4	5	2	3	3	1	7	3	3	7	3	2	6	2	4	2	4	4	9	7	9	0	4	2	2	4	10	4	4	1	7	2	1	7	11	7	6	2	7	0	
2159_A/chicken/Xinjiang/5 4	4	0	0	5	2	1	2	1	5	0	1	2	0	0	0	10	2	2	1	4	2	0	3	4	5	2	3	3	1	7	3	3	7	3	2	6	2	4	2	4	4	9	7	9	0	3	2	2	4	10	4	4	1	7	2	1	7	11	7	6	2	8	0	
2160_A/chicken/Xinjiang/5 3	3	0	0	5	2	1	2	1	4	0	1	2	0	0	0	11	2	2	1	3	2	0	3	4	5	1	4	3	1	7	3	4	8	3	2	6	2	4	2	3	6	9	7	10	0	3	2	2	4	10	4	4	1	7	2	1	7	11	7	5	2	8	0	
2161_A/chicken/Xinjiang/6 4	4	0	0	5	2	1	2	1	5	0	1	2	0	0	0	10	2	2	1	4	2	0	3	4	5	2	3	3	1	7	3	3	7	3	2	6	2	4	2	4	4	9	7	9	0	3	2	2	4	10	4	4	1	7	2	1	7	11	7	6	2	8	0	
2162_A/chicken/Xinjiang/6 3	3	0	0	5	2	1	2	1	4	0	1	2	0	0	0	11	3	2	1	3	2	0	3	4	5	2	3	3	1	7	3	4	7	3	2	6	2	4	2	4	6	9	7	9	0	3	2	2	4	10	4	4	1	7	2	1	7	11	7	5	2	8	0	
2163_A/chicken/Yunnan/1/2 3	2	0	0	6	3	1	2	2	4	0	1	1	1	0	0	10	3	2	2	5	1	0	2	3	5	3	2	4	1	5	5	5	7	5	3	6	2	3	1	5	3	10	7	8	0	2	1	2	3	8	4	4	1	7	3	1	7	12	7	6	2	6	2	
2164_A/chicken/Yunnan/207 4	3	0	0	5	3	1	2	1	5	0	1	2	0	0	0	10	2	2	1	4	1	0	3	4	5	1	3	3	1	7	4	4	7	3	2	6	2	4	2	4	4	10	6	10	0	2	2	2	4	8	5	4	1	8	1	1	7	11	8	5	2	8	1	
2165_A/chicken/Yunnan/568 4	3	0	0	5	3	1	2	1	5	0	1	2	0	0	0	10	2	2	1	4	1	0	3	4	5	1	3	3	1	7	4	4	7	3	2	6	2	4	2	4	4	9	7	10	0	2	2	2	4	8	5	4	1	8	1	1	7	11	8	5	2	8	1	
2166_A/chicken/Yunnan/679 4	3	0	0	5	3	1	2	1	5	0	1	2	0	0	0	10	2	2	1	4	1	0	3	4	5	1	3	3	1	7	4	4	7	3	2	6	2	5	2	4	4	9	6	10	0	2	3	2	4	8	5	4	1	7	1	1	7	11	8	5	2	8	1	
2167_A/chicken/Yunnan/688 4	3	0	0	5	3	1	2	1	5	0	1	2	0	0	0	10	2	2	1	4	1	0	3	4	5	1	3	3	1	7	4	4	7	3	2	6	2	4	2	4	4	9	7	10	0	2	2	2	4	8	5	4	1	8	1	1	7	11	8	5	2	8	1	
2168_A/condor/Guangdong/1 4	3	0	0	5	3	1	2	1	6	0	1	2	0	0	0	10	2	2	0	4	1	0	4	4	4	3	3	3	1	5	4	4	7	3	3	6	2	4	2	5	4	10	6	9	0	3	1	2	4	9	3	4	1	9	1	1	7	10	7	5	2	9	1	
2169_A/domestic_green-win 3	4	2	2	3	3	2	0	3	3	0	1	0	1	0	0	4	5	1	1	6	3	1	1	4	3	3	3	3	0	4	2	6	1	5	3	6	2	3	3	9	6	8	9	12	1	6	2	4	7	13	2	3	2	5	2	1	4	7	7	3	2	9	3	
2170_A/duck/Anhui/56/2005 4	3	0	0	4	3	2	2	2	5	0	1	1	0	0	0	11	1	2	1	4	1	0	3	3	5	1	2	4	1	7	5	4	8	4	1	6	2	4	2	5	4	10	6	9	0	2	2	3	3	9	4	3	2	7	3	2	5	11	8	5	2	7	1	
2171_A/duck/China/0935/20 4	2	0	0	6	2	1	2	2	5	0	1	0	0	0	0	9	4	2	1	5	1	0	3	4	5	1	2	4	1	7	5	4	8	3	3	6	2	5	0	5	2	9	7	8	0	3	1	2	3	9	5	4	1	7	2	2	8	12	7	5	2	7	1	
2172_A/duck/China/1033/20 4	2	0	0	6	2	1	2	2	5	0	1	0	0	0	0	9	4	2	1	5	1	0	3	4	5	1	2	4	1	7	5	4	8	3	3	6	2	5	0	5	2	9	7	8	0	3	1	2	3	9	5	4	1	7	2	2	8	12	7	5	2	7	1	
2173_A/duck/China/E26/201 4	3	0	0	5	2	1	2	2	5	0	1	1	0	0	0	11	2	2	1	4	2	0	3	3	5	1	3	3	1	7	3	4	8	3	3	5	1	5	2	4	4	10	7	10	0	2	2	2	3	9	4	5	1	7	3	1	6	12	6	6	2	6	2	
2174_A/duck/China/E53/201 4	2	0	0	5	3	1	2	2	5	0	1	0	0	0	0	10	3	2	1	5	1	0	3	4	5	2	1	4	1	6	6	4	8	3	3	5	2	4	1	6	3	11	7	8	0	2	1	2	3	9	5	4	1	7	2	1	7	11	7	6	2	7	1	
2175_A/duck/Eastern_China 4	3	0	0	5	3	1	2	2	6	0	1	1	0	0	0	10	2	2	1	4	1	0	3	3	4	1	1	4	1	7	6	4	8	3	2	6	2	4	2	5	4	10	7	9	0	3	0	2	3	8	4	4	1	8	3	1	6	12	6	5	3	6	3	
2176_A/duck/Eastern_China 4	2	0	0	4	2	2	2	2	4	0	1	1	0	0	0	10	3	2	1	4	1	0	3	3	6	2	2	5	1	7	4	5	6	3	2	6	2	5	1	4	4	8	7	9	0	4	1	2	4	10	4	4	1	7	3	1	7	9	7	5	2	9	1	
2177_A/duck/Eastern_China 4	2	0	0	4	2	2	2	2	4	0	1	1	0	0	0	11	3	2	1	4	1	0	3	3	6	2	2	4	1	7	4	5	6	3	2	6	2	5	2	4	4	8	7	9	0	4	1	2	4	10	4	4	1	7	2	1	7	9	7	5	2	9	1	
2178_A/duck/Guangdong/23/ 4	3	0	0	5	3	1	2	1	5	0	1	2	0	0	0	10	2	2	1	4	1	0	3	4	5	1	2	3	1	7	4	4	7	3	2	6	2	4	2	5	4	9	8	8	0	3	1	2	4	9	4	4	1	8	2	1	7	11	7	6	2	8	1	
2179_A/duck/Hubei/2911/20 4	3	0	0	4	3	2	2	2	5	0	1	2	0	0	0	11	2	2	1	4	0	0	3	3	5	1	3	3	1	7	4	3	9	3	2	7	2	4	2	4	4	9	7	9	0	3	1	2	2	10	4	4	2	7	2	1	7	11	7	5	2	7	2	
2180_A/duck/Hubei/49/2005 5	3	0	0	4	3	2	2	2	5	0	1	1	0	0	0	10	1	2	1	4	1	0	3	3	5	1	2	4	1	7	5	4	8	4	2	7	2	4	2	4	4	9	7	9	0	3	1	2	3	8	4	4	1	8	2	1	7	11	7	5	2	8	1	
2181_A/duck/Hubei/xn/2007 4	3	0	0	4	3	2	2	2	5	0	1	1	0	0	0	11	1	2	1	4	1	0	3	3	5	1	2	4	1	7	5	4	8	3	2	7	2	4	2	4	4	10	7	9	0	3	1	2	3	9	4	4	1	8	2	1	7	10	7	5	2	8	1	
2182_A/duck/Hunan/3/2007_ 4	3	0	0	5	3	1	2	2	5	0	1	1	0	0	0	10	2	2	1	4	1	0	3	3	5	1	2	4	1	7	5	4	8	3	2	6	2	4	2	5	4	10	7	9	0	2	1	2	3	8	5	4	1	8	2	1	6	12	7	5	3	7	1	
2183_A/duck/Hunan/316/200 4	3	0	0	4	3	2	2	2	5	0	1	1	0	0	0	11	1	2	1	4	1	0	3	3	5	1	2	4	1	7	5	4	7	3	2	7	3	4	2	4	4	8	7	9	0	4	0	2	3	9	4	4	1	8	2	1	7	11	7	5	2	8	2	
2184_A/duck/Hunan/3315/20 4	3	0	0	4	3	2	2	2	5	0	1	1	0	0	0	11	1	2	1	4	1	0	3	4	5	1	2	3	1	7	5	4	8	3	2	6	2	4	2	6	4	9	6	9	0	3	2	2	3	9	4	4	1	7	3	1	6	12	7	5	2	7	1	
2185_A/duck/Hunan/689/200 5	3	0	0	4	3	2	2	2	5	0	1	2	0	0	0	10	2	2	1	4	0	0	3	3	5	1	2	3	1	7	5	3	9	3	2	7	2	4	2	4	4	8	7	9	0	4	1	2	3	10	4	4	1	7	2	1	7	11	6	5	2	8	2	
2186_A/duck/Hunan/733/200 4	3	0	0	5	3	1	2	1	5	0	1	2	0	0	0	10	2	2	1	4	1	0	3	4	5	1	3	3	1	7	4	4	8	4	2	6	2	4	2	5	4	10	7	9	0	2	1	2	3	8	4	4	1	8	2	1	7	11	7	5	2	8	1	
2187_A/duck/Hunan/8/2008_ 3	2	0	0	5	4	1	2	2	5	0	1	1	0	0	0	9	3	2	1	4	1	0	3	5	5	1	3	4	1	7	4	5	8	3	2	5	2	4	2	4	4	11	7	8	0	2	1	2	3	9	3	4	1	8	1	1	6	12	7	6	3	7	2	
2188_A/duck/Hunan/S4020/2 4	3	0	0	5	3	1	2	2	4	0	1	1	1	0	0	10	2	2	1	4	1	0	3	3	5	1	3	4	1	7	3	4	8	3	3	5	2	4	2	4	4	10	7	10	0	2	2	2	3	9	4	5	1	8	2	1	6	12	6	6	2	6	2	
2189_A/duck/Hunan/S4030/2 3	3	0	0	6	3	1	2	1	5	0	1	2	0	0	0	9	2	2	1	5	1	0	3	3	5	1	3	4	1	7	3	4	8	3	2	6	1	4	2	4	5	10	6	10	0	2	4	2	3	10	4	4	1	7	2	1	6	11	6	6	2	7	2	
2190_A/duck/Hunan/S4150/2 4	3	0	0	5	3	1	2	2	5	0	1	1	0	0	0	10	2	2	1	4	1	0	3	3	5	1	3	4	1	7	3	5	7	3	3	5	2	4	2	4	4	9	6	10	0	3	3	2	3	9	4	5	1	8	2	1	6	12	6	6	2	6	2	
2191_A/duck/Hunan/S4220/2 4	2	0	0	5	3	1	2	2	4	0	1	0	1	0	0	10	3	2	1	5	1	0	3	4	5	1	2	4	1	7	5	5	7	4	3	5	2	3	1	6	3	10	7	8	0	2	1	2	3	9	4	4	1	7	3	1	7	12	7	6	2	7	1	
2192_A/duck/Jiangxi/120/2 4	3	0	0	5	3	1	2	2	5	0	1	1	0	0	0	8	2	2	1	4	1	0	3	6	5	4	1	3	1	5	4	4	7	5	2	6	3	4	2	4	5	10	7	9	0	2	1	2	3	7	4	4	1	8	1	1	6	12	8	5	3	6	2	
2193_A/duck/Jiangxi/130/2 4	3	0	1	5	3	1	2	2	5	0	1	1	0	0	0	10	2	2	0	4	1	0	3	3	5	1	3	4	1	7	3	4	8	3	3	5	2	4	2	4	4	9	6	10	0	3	3	2	3	9	4	5	1	8	2	1	6	12	6	6	2	6	2	
2194_A/duck/Jiangxi/34/20 4	2	0	0	5	3	1	2	2	4	0	1	1	0	0	0	10	3	2	1	5	1	0	3	4	5	1	2	3	1	7	5	4	8	3	2	6	2	4	2	4	4	10	7	8	0	2	1	3	3	10	5	4	1	6	2	2	7	12	7	5	2	7	1	
2195_A/duck/Jiangxi/35/20 4	2	0	0	6	3	1	2	1	3	0	1	3	0	0	0	10	3	2	1	5	1	0	3	4	4	1	2	2	2	7	5	4	8	4	2	6	2	4	2	4	4	10	5	8	0	2	2	2	3	8	5	4	1	6	1	2	8	13	8	5	2	7	2	
2196_A/duck/Jiangxi/44/20 3	2	2	1	7	1	0	2	1	5	0	0	1	1	1	0	8	2	2	1	4	2	0	3	5	6	2	3	4	0	5	2	5	8	5	2	4	2	3	3	3	3	7	6	8	1	3	1	2	5	9	4	4	1	7	1	2	8	10	7	6	0	5	3	
2197_A/duck/Jiangxi/80/20 4	3	0	0	4	3	2	2	2	5	0	1	1	0	0	0	12	0	2	1	4	1	0	3	3	5	1	2	4	1	7	5	4	8	3	2	7	2	4	2	4	4	9	7	9	0	3	1	2	3	9	4	4	1	8	2	1	7	11	7	5	2	8	1	
2198_A/duck/Jilin/JL-SIV/ 4	3	0	2	4	2	2	1	2	5	0	1	1	0	0	0	10	2	2	1	4	1	0	3	2	5	1	2	5	1	7	5	4	7	5	2	7	3	3	2	4	3	10	7	9	0	4	1	2	4	8	4	4	1	8	2	2	7	10	6	4	2	7	2	
2199_A/duck/Nanchang/9789 4	2	0	0	5	3	1	2	2	4	0	1	0	1	0	0	10	3	2	1	5	1	0	3	4	5	2	2	4	1	6	5	5	7	4	3	6	2	3	1	5	3	10	7	8	0	2	1	2	3	9	4	4	1	7	3	2	7	12	7	5	2	7	1	
2200_A/duck/Shandong/009/ 5	3	0	0	4	3	2	2	2	5	0	1	1	0	0	0	10	1	2	1	4	1	0	3	3	4	1	3	4	2	8	3	4	7	3	2	8	1	4	2	4	3	9	7	9	1	3	1	2	4	9	4	4	1	8	2	1	7	10	6	5	2	9	2	
2201_A/duck/Sichuan/NCXN1 4	3	0	0	5	3	1	2	3	4	0	1	0	1	0	0	10	2	2	2	5	1	0	2	3	5	2	2	5	1	6	5	5	7	3	3	6	2	3	1	4	3	10	7	7	0	2	1	2	3	10	4	4	1	7	3	1	7	12	6	7	2	7	2	
2202_A/duck/Sichuan/NCXN1 4	2	0	0	5	3	1	2	3	4	0	1	0	1	0	0	10	3	2	2	5	1	0	2	3	5	2	2	5	1	6	5	5	7	4	3	6	2	3	1	4	3	10	7	7	0	2	1	3	3	9	4	4	1	7	3	1	7	12	6	6	2	7	2	
2203_A/duck/Wenzhou/YJYF3 4	3	0	0	5	3	1	2	1	4	0	1	2	0	0	0	9	2	2	2	4	1	0	2	3	6	1	2	4	1	7	3	5	8	3	4	5	2	4	1	4	3	8	7	10	1	4	3	2	3	9	4	5	1	8	2	2	6	12	6	6	1	6	2	
2204_A/duck/Yunnan/4072/2 4	3	0	0	5	3	1	2	1	5	0	1	2	0	0	0	10	2	2	1	4	1	0	3	4	5	1	3	3	1	7	4	4	7	3	2	6	2	4	2	5	4	9	7	9	0	2	2	2	4	8	5	4	1	8	1	1	7	11	8	5	2	8	1	
2205_A/duck/Yunnan/426/20 4	3	0	0	5	3	1	2	1	5	0	1	2	0	0	0	10	2	2	1	4	1	0	3	4	5	1	3	3	1	7	4	4	7	3	2	6	2	5	2	4	4	9	7	10	0	2	2	2	4	8	5	4	1	7	1	1	7	11	8	5	2	8	1	
2206_A/duck/Yunnan/4645/2 4	3	0	0	5	3	1	2	1	5	0	1	2	0	0	0	10	2	2	1	4	1	0	3	4	5	1	3	3	1	7	4	4	7	3	2	6	2	4	2	4	4	9	7	10	0	2	2	2	4	8	5	4	1	8	1	1	7	11	8	5	2	8	1	
2207_A/duck/Yunnan/47/200 4	3	0	0	5	3	1	2	2	5	0	1	1	0	0	0	10	2	2	1	4	1	0	3	3	5	1	2	4	1	7	5	5	8	3	2	6	2	4	2	5	3	10	7	9	0	2	1	2	3	9	4	4	1	8	2	1	6	12	7	5	3	7	1	
2208_A/duck/Yunnan/485/20 4	3	0	0	5	3	1	2	1	5	0	1	2	0	0	0	10	2	2	1	4	1	0	3	4	5	1	3	3	1	7	4	4	7	3	2	6	2	4	2	4	4	10	6	10	0	2	2	2	4	8	5	4	1	8	1	1	7	11	8	5	2	8	1	
2209_A/duck/Yunnan/4873/2 4	4	0	0	5	2	1	2	2	5	0	1	1	0	0	0	10	2	2	1	4	1	0	3	3	5	1	2	4	1	7	5	5	7	2	2	6	2	5	2	4	4	10	7	11	0	2	1	2	3	8	5	4	1	8	2	1	6	12	6	5	2	7	2	
2210_A/duck/Yunnan/5090/2 4	3	0	0	5	3	1	2	1	5	0	1	2	0	0	0	10	2	2	1	4	1	0	3	4	5	1	3	3	1	7	4	4	7	3	2	6	2	4	2	4	4	9	7	10	0	2	2	2	4	8	5	4	1	8	1	1	7	11	8	5	2	8	1	
2211_A/duck/Yunnan/5169/2 4	3	0	0	5	3	1	2	1	5	0	1	2	0	0	0	10	2	2	1	4	1	0	3	4	5	1	3	3	1	7	4	4	7	3	2	6	2	4	2	4	4	9	7	10	0	2	2	2	4	8	5	4	1	8	1	1	7	11	8	5	2	8	1	
2212_A/duck/Yunnan/522/20 4	3	0	0	5	3	1	2	1	5	0	1	2	0	0	0	10	2	2	1	4	1	0	3	4	5	1	3	3	1	7	4	4	7	3	2	6	2	5	2	4	4	9	7	10	0	2	2	2	4	8	5	4	1	7	1	1	7	11	8	5	2	8	1	
2213_A/duck/Yunnan/5310/2 4	4	0	0	4	2	2	2	1	5	0	1	1	0	0	0	11	1	2	1	4	1	0	3	4	5	1	3	4	1	7	4	4	8	3	3	7	2	4	2	4	3	8	7	9	1	4	1	2	3	9	3	4	1	8	2	1	7	11	6	5	2	7	3	
2214_A/duck/Yunnan/5948/2 4	3	0	0	5	3	1	2	1	5	0	1	2	0	0	0	10	2	2	1	4	1	0	3	4	5	1	3	3	1	7	4	4	7	3	2	6	2	4	2	4	4	9	7	10	0	2	2	2	4	8	5	4	1	8	1	1	7	11	8	5	2	8	1	
2215_A/duck/Yunnan/6080/2 4	3	0	0	5	3	1	2	1	5	0	1	2	0	0	0	10	2	2	1	4	1	0	3	4	5	1	3	3	1	7	4	4	7	3	2	6	2	4	2	4	4	9	7	10	0	2	2	2	4	8	5	4	1	8	1	1	7	11	8	5	2	8	1	
2216_A/duck/Yunnan/6603/2 4	3	0	0	5	3	1	2	1	5	0	1	2	0	0	0	10	2	2	1	4	1	0	3	4	5	1	3	3	1	7	4	4	7	3	2	6	2	4	2	4	4	9	7	10	0	2	2	2	4	8	5	4	1	8	1	1	7	11	8	5	2	8	1	
2217_A/duck/Zhejiang/1220 4	3	0	0	5	3	1	1	1	4	0	1	2	0	0	0	9	2	2	2	4	1	0	2	3	6	1	2	4	1	7	3	4	9	3	3	5	2	4	3	4	4	8	7	10	0	4	3	2	3	9	4	5	1	8	2	1	6	12	6	6	2	6	2	
2218_A/duck/Zhejiang/213/ 4	2	0	0	5	3	1	2	2	5	0	1	0	0	0	0	10	3	2	1	5	1	0	3	4	5	1	1	3	1	8	4	4	8	3	3	6	2	4	1	5	3	10	8	9	0	2	1	2	3	9	5	4	1	7	2	1	7	12	7	6	2	7	1	
2219_A/duck/Zhejiang/224/ 4	2	0	0	5	3	1	2	2	5	0	1	0	0	0	0	10	3	2	1	5	1	0	3	4	5	1	2	3	1	7	5	4	8	3	2	6	2	4	2	4	3	10	7	9	0	2	1	2	3	9	5	4	1	7	2	2	7	12	7	6	2	7	1	
2220_A/duck/Zhejiang/2242 4	2	0	0	5	3	1	2	2	5	0	1	0	0	0	0	10	3	2	1	5	1	0	3	4	5	1	2	3	1	7	5	4	8	3	2	6	2	4	2	4	3	10	7	9	0	2	1	2	3	9	5	4	1	7	2	2	7	12	7	6	2	7	1	
2221_A/duck/Zhejiang/2243 4	2	0	0	5	3	1	2	2	5	0	1	0	0	0	0	10	3	2	1	5	1	0	3	4	5	1	2	3	1	7	5	4	8	3	2	6	2	4	2	4	3	10	7	9	0	2	1	2	3	9	5	4	1	7	2	2	7	12	7	6	2	7	1	
2222_A/duck/Zhejiang/2244 4	2	0	0	5	3	1	2	2	5	0	1	0	0	0	0	10	3	2	1	5	1	0	3	4	5	1	2	3	1	7	5	4	8	3	2	6	2	4	2	4	3	10	7	9	0	2	1	2	3	9	5	4	1	7	2	2	7	12	7	6	2	7	1	
2223_A/duck/Zhejiang/2245 4	4	0	0	5	2	1	2	1	6	0	1	1	0	0	0	10	3	2	1	3	1	0	3	5	4	1	2	4	1	7	4	6	9	3	2	5	0	4	3	4	5	9	9	9	0	3	1	2	5	10	3	4	1	7	1	3	7	13	7	4	2	6	2	
2224_A/duck/Zhejiang/2248 4	2	0	0	5	3	1	2	2	5	0	1	0	0	0	0	10	3	2	1	5	1	0	3	4	5	1	2	3	1	7	5	4	8	3	2	6	2	4	2	4	3	10	7	9	0	2	1	2	3	9	5	4	1	7	2	2	7	12	7	6	2	7	1	
2225_A/equine/China/61/20 4	3	0	0	5	3	1	2	2	5	0	1	1	0	0	0	10	2	2	1	4	1	0	3	3	5	1	2	4	1	7	5	4	8	3	2	6	2	4	2	5	4	10	7	9	0	2	1	2	3	8	4	4	1	9	2	1	6	12	7	5	3	7	1	
2226_A/equine/China/67/20 4	3	0	0	5	3	1	2	2	5	0	1	1	0	0	0	10	2	2	1	4	1	0	3	3	5	1	2	4	1	7	5	4	8	3	2	6	2	4	2	5	4	10	7	9	0	2	1	2	3	8	4	4	1	9	2	1	6	12	7	5	3	7	1	
2227_A/equine/China/68/20 4	3	0	0	5	3	1	2	2	5	0	1	1	0	0	0	10	2	2	1	4	1	0	3	3	5	1	2	4	1	7	5	4	8	3	2	6	2	4	2	5	4	10	7	9	0	2	1	2	3	8	4	4	1	9	2	1	6	12	7	5	3	7	1	
2228_A/goose/China/E43/20 4	2	0	0	5	3	1	2	2	5	0	1	1	0	0	0	10	3	2	1	5	1	0	3	4	5	1	2	3	1	7	5	4	8	3	3	6	2	4	2	5	3	10	7	8	0	2	1	3	3	9	4	4	1	7	2	1	7	12	6	5	2	6	3	
2229_A/goose/Eastern_Chin 4	3	0	0	4	3	1	2	2	5	0	1	1	0	0	0	10	2	2	1	4	1	0	3	3	5	1	1	4	1	7	6	4	8	3	2	6	2	4	2	5	4	10	7	9	1	3	0	2	3	9	4	5	1	8	2	1	6	12	7	5	2	6	2	
2230_A/goose/GuangDong/11 3	2	2	1	7	1	0	2	2	5	0	0	1	1	1	0	10	3	2	1	2	2	0	3	4	6	3	2	4	0	4	3	5	7	7	2	4	2	3	3	2	4	8	4	8	1	3	2	2	4	8	3	5	1	8	1	1	8	11	7	6	0	4	3	
2231_A/goose/Guangdong/72 3	3	1	0	5	3	1	2	2	5	0	1	1	0	0	0	10	2	2	1	4	1	0	3	4	6	1	4	3	0	7	3	6	5	2	2	6	2	4	2	5	5	10	7	9	0	3	1	2	4	12	3	4	1	7	2	1	6	8	7	5	2	10	1	
2232_A/goose/Hubei/65/200 4	3	0	0	4	3	2	2	3	4	0	1	1	0	0	0	11	1	2	1	4	1	0	3	3	5	1	2	4	1	7	5	4	8	3	2	7	2	4	2	4	4	9	7	9	0	3	1	2	3	9	4	4	1	8	2	1	7	11	7	5	2	8	1	
2233_A/goose/Inner_Mongol 4	3	0	1	5	3	1	1	0	7	0	1	1	0	0	0	9	3	2	0	4	1	0	3	4	5	1	4	5	1	7	4	5	8	3	2	5	1	4	3	4	4	9	8	9	0	3	1	3	5	9	3	4	1	8	1	1	7	13	7	6	2	6	2	
2234_A/goose/Jiangsu/k040 4	3	0	0	5	3	1	2	3	4	0	1	1	0	0	0	10	2	2	1	4	1	0	3	3	5	1	3	4	1	7	3	4	8	3	3	5	2	4	2	4	4	10	7	10	0	2	2	2	3	9	4	5	1	8	2	1	6	12	6	6	2	6	2	
2235_A/goose/Yunnan/3798/ 4	3	0	0	5	3	1	2	2	5	0	1	1	0	0	0	10	2	2	1	4	1	0	3	3	5	1	2	4	1	7	5	5	7	3	2	6	2	4	2	5	4	10	7	9	0	2	1	2	3	9	4	4	1	8	2	1	6	12	7	5	3	7	1	
2236_A/goose/Yunnan/4371/ 4	4	0	0	5	2	1	2	2	5	0	1	1	0	0	0	10	2	2	1	4	1	0	3	3	5	1	2	4	1	7	5	5	7	2	2	6	2	5	2	4	4	10	7	11	0	2	1	2	3	8	5	4	1	8	2	1	6	12	6	4	3	7	2	
2237_A/goose/Yunnan/4389/ 4	4	0	0	5	2	1	2	2	5	0	1	1	0	0	0	10	2	2	1	4	1	0	3	3	5	1	2	4	1	7	5	5	7	2	2	6	2	5	2	4	4	10	7	11	0	2	1	2	3	8	5	4	1	8	2	1	6	12	6	4	3	7	2	
2238_A/goose/Yunnan/4985/ 4	4	0	0	5	2	1	2	2	5	0	1	1	0	0	0	10	2	2	1	4	1	0	3	3	5	1	2	4	1	7	5	5	7	2	2	6	2	5	2	4	4	10	7	11	0	2	1	2	3	8	5	4	1	8	2	1	6	12	6	5	2	7	2	
2239_A/goose/Yunnan/5141/ 4	3	0	0	5	3	1	2	2	5	0	1	1	0	0	0	10	2	2	1	3	1	0	3	4	5	1	2	3	1	7	5	4	8	3	2	8	2	4	2	5	4	10	7	9	0	3	1	2	3	9	4	3	1	8	2	1	6	12	7	5	3	6	1	
2240_A/goose/Yunnan/5769/ 5	3	0	0	4	2	2	2	1	5	0	1	1	0	0	0	11	1	2	1	4	1	0	3	4	5	1	3	4	1	7	4	5	8	3	3	6	2	4	2	4	3	8	7	9	1	4	1	2	3	10	2	4	1	8	2	1	7	11	6	5	2	7	3	
2241_A/goose/Yunnan/5979/ 5	3	0	0	4	2	2	2	1	5	0	1	1	0	0	0	11	1	2	1	4	1	0	3	4	5	1	3	4	1	7	4	4	8	3	3	7	2	4	2	4	3	8	7	9	1	4	1	2	3	9	3	4	1	8	2	1	7	11	6	5	2	7	3	
2242_A/goose/Yunnan/6193/ 4	3	0	0	5	3	1	2	2	4	0	1	1	0	0	0	10	2	2	1	4	1	0	3	4	5	1	2	4	1	7	5	4	8	3	2	6	2	4	2	5	4	10	7	9	0	2	1	2	3	9	4	4	1	8	2	1	6	12	7	5	3	7	1	
2243_A/goose/Zhejiang/112 4	2	0	0	5	3	1	1	2	5	0	1	0	0	0	0	9	3	2	1	6	1	0	3	5	5	1	2	3	1	7	5	4	8	3	3	6	2	5	1	5	3	10	7	8	0	2	1	2	3	9	5	4	1	7	2	1	7	11	6	6	2	8	2	
2244_A/goose/Zhejiang/727 4	2	0	0	5	3	1	1	2	5	0	1	0	0	0	0	10	3	2	1	5	1	0	3	4	5	1	2	4	1	7	5	4	8	4	3	6	2	5	1	4	4	11	5	9	1	2	2	2	3	8	5	4	1	7	2	1	6	11	7	5	2	8	1	
2245_A/great_black-headed 4	3	0	0	5	3	1	2	2	5	0	1	1	0	0	0	10	2	2	1	4	1	0	3	3	5	1	3	4	1	7	3	3	8	3	4	5	2	4	2	4	4	10	6	10	0	2	3	2	3	9	4	5	1	8	2	1	7	11	6	6	2	6	2	
2246_A/great_crested-greb 4	3	0	0	5	3	1	2	2	5	0	1	1	0	0	0	10	2	2	1	4	1	0	3	3	5	1	3	4	1	7	3	4	8	3	3	5	2	4	2	4	4	10	7	10	0	2	2	3	3	9	4	4	1	8	2	1	6	12	6	6	2	6	2	
2247_A/great_egret/Hong_K 4	2	0	0	5	3	1	2	2	5	0	1	1	0	0	0	10	3	2	1	4	1	0	3	3	5	1	2	4	1	7	5	4	8	3	2	6	2	4	2	5	4	10	7	9	0	2	1	2	3	10	5	4	1	7	2	1	6	12	7	6	2	6	1	
2248_A/great_tit/Panjing/ 4	3	0	0	5	3	1	2	2	4	0	1	2	0	0	0	9	2	2	1	5	1	0	3	3	6	1	3	3	1	7	3	5	8	3	3	4	2	4	2	4	5	9	6	9	0	3	3	2	2	9	4	5	2	8	2	1	6	12	6	6	2	6	2	
2249_A/grey_heron/Hong_Ko 4	2	0	0	5	3	1	2	2	5	0	1	1	0	0	0	10	3	2	1	4	1	0	3	3	5	1	2	4	1	7	5	4	8	3	2	6	2	4	2	5	4	10	7	9	0	2	1	2	3	9	5	4	1	8	2	1	6	11	7	6	2	7	1	
2250_A/grey_heron/Hong_Ko 4	2	0	0	5	3	1	2	2	5	0	1	1	0	0	0	10	3	2	1	4	1	0	3	3	5	1	2	4	1	7	5	4	8	3	2	6	2	4	2	5	4	10	7	9	0	2	1	2	3	9	5	4	1	8	2	1	6	12	7	6	2	6	1	
2251_A/hill_myna/Heilongj 4	2	0	0	5	3	1	2	2	5	0	1	0	0	0	0	10	3	2	1	5	1	0	3	4	5	1	2	4	1	7	5	4	8	3	3	6	2	4	0	5	3	10	7	8	0	3	1	2	3	9	5	4	1	8	2	1	7	11	7	6	2	7	1	
2252_A/lesser_kestrel/Hei 4	3	0	0	4	3	2	2	2	5	0	1	2	0	0	0	11	2	2	1	4	0	0	3	3	5	1	3	3	1	7	4	3	9	3	2	7	2	4	2	4	4	9	7	9	0	3	1	2	3	9	4	4	1	8	2	1	7	11	7	5	2	7	2	
2253_A/lion/Hubei/1-2/201 4	3	0	0	5	3	1	2	1	4	0	1	2	0	0	0	9	2	2	2	4	1	0	2	3	6	1	2	4	1	7	3	5	7	3	3	6	2	5	2	4	4	8	7	10	0	4	3	2	3	8	4	5	1	8	2	1	6	12	6	6	2	6	2	
2254_A/little_egret/Hong_ 4	3	0	0	5	3	1	2	2	5	0	1	1	0	0	0	10	2	2	1	4	1	0	3	3	5	1	2	4	1	7	5	4	8	3	2	6	2	4	2	5	4	11	7	9	0	2	1	2	3	9	5	4	1	8	2	1	6	11	7	5	3	6	1	
2255_A/magpie_robin/Hong_ 4	2	0	0	5	3	1	2	2	5	0	1	1	0	0	0	10	3	2	1	4	1	0	3	3	5	1	2	4	1	7	5	4	8	3	2	6	2	4	2	5	4	10	7	9	0	2	1	2	3	9	5	4	1	8	2	1	6	12	7	6	2	6	1	
2256_A/magpie_robin/Hong_ 4	2	0	0	5	3	1	2	2	5	0	1	1	0	0	0	10	3	2	1	4	1	0	3	3	5	1	2	5	1	7	5	4	8	3	2	6	2	4	2	5	4	10	7	8	0	2	1	2	3	9	5	4	1	8	2	1	6	12	7	6	2	6	1	
2257_A/meerkat/Shanghai/S 4	2	0	0	5	3	1	2	2	5	0	1	0	0	0	0	10	3	2	1	5	1	0	3	4	5	1	2	4	1	7	5	4	8	3	3	6	2	5	0	5	3	10	6	8	0	2	2	2	3	8	5	4	1	8	2	1	7	11	7	6	2	8	1	
2258_A/mink/China/G/2015_ 4	2	0	0	5	3	1	2	2	5	0	1	1	0	0	0	10	3	2	1	5	1	0	3	4	5	2	2	3	1	7	4	4	8	3	2	6	2	4	2	4	3	11	7	8	0	1	1	3	3	9	5	4	1	7	2	2	7	12	7	5	2	7	1	
2259_A/mink/China/XB/2015 4	3	0	0	5	3	1	2	1	4	0	1	2	0	0	0	9	2	2	2	4	1	0	2	3	6	1	2	4	1	7	3	5	8	3	3	5	2	5	2	4	4	8	7	10	0	4	3	2	3	8	4	5	1	8	2	1	6	12	6	6	2	6	2	
2260_A/mink/Eastern_China 3	4	1	1	6	3	1	1	3	4	0	1	4	1	0	0	9	6	2	2	3	0	0	2	4	4	3	6	1	0	4	1	6	4	5	1	3	4	6	3	6	3	6	5	8	1	4	2	4	2	6	2	4	2	6	3	4	5	7	7	2	1	10	3	
2261_A/ostrich/Suzhou/097 3	4	0	0	5	2	1	2	1	5	0	1	2	0	0	0	8	4	2	1	4	2	0	3	4	4	1	3	3	1	7	4	5	7	3	2	7	2	4	1	5	4	10	7	9	0	3	1	2	4	9	4	4	1	8	2	1	7	10	7	5	2	8	1	
2262_A/parrot/Guangdong/C 4	3	0	0	5	3	1	2	1	5	0	1	2	0	0	0	10	2	2	1	4	1	0	3	4	5	1	3	3	1	7	4	4	7	3	2	6	2	4	2	5	4	9	7	9	0	3	1	2	4	9	4	4	1	8	2	1	7	11	7	5	2	8	1	
2263_A/partridge/Shantou/ 1	3	0	0	5	2	1	1	1	5	0	1	2	0	0	0	8	3	2	1	4	1	0	2	5	5	1	3	3	1	4	3	5	7	3	2	7	2	3	1	4	4	8	7	8	0	3	1	2	5	9	3	2	1	6	1	0	5	10	7	5	3	8	2	
2264_A/peacock/Yunnan/1/2 3	3	0	0	6	3	1	2	1	4	0	1	2	0	0	0	9	2	2	2	4	1	0	2	3	6	1	2	4	1	7	3	5	8	4	3	5	2	4	1	4	4	8	7	10	0	4	3	2	3	9	4	5	1	8	2	1	6	12	6	6	2	6	2	
2265_A/peacock/Yunnan/3/2 3	3	0	0	6	3	1	2	1	4	0	1	2	0	0	0	9	2	2	2	4	1	0	2	3	6	1	2	4	1	7	3	5	8	4	3	5	2	4	1	4	4	8	7	10	0	4	3	2	3	9	4	5	1	8	2	1	6	12	6	6	2	6	2	
2266_A/peregrine_falcon/H 4	3	0	0	5	3	1	2	2	4	0	1	1	1	0	0	10	2	2	1	4	1	0	3	3	5	1	1	4	1	7	6	4	8	3	2	6	2	4	2	5	4	10	7	9	0	2	1	2	3	9	5	4	1	8	1	1	6	12	7	5	3	6	2	
2267_A/pheasant/Shantou/3 4	3	0	0	5	3	1	2	1	5	0	1	2	0	0	0	9	3	2	1	4	1	0	3	5	4	1	4	3	2	7	3	5	7	3	2	6	2	4	2	4	4	9	7	9	0	3	1	1	4	11	3	4	1	7	1	1	6	10	7	5	3	9	2	
2268_A/pheasant/Shantou/4 4	3	0	0	5	3	1	2	1	5	0	1	2	0	0	0	10	2	2	1	4	1	0	3	4	5	1	3	3	1	7	4	4	7	3	2	7	1	4	2	5	4	9	7	9	0	3	1	2	4	9	3	4	1	9	2	1	7	11	7	5	2	8	1	
2269_A/pied_megpie/Liaoni 3	3	1	0	5	3	1	2	2	5	0	1	1	0	0	0	10	2	2	1	4	1	0	3	4	6	1	4	3	0	7	3	6	6	3	1	6	2	4	2	5	4	10	7	9	1	3	1	2	4	11	3	4	1	7	2	1	6	8	7	5	2	10	1	
2270_A/pigeon/Hubei/RP25/ 4	3	0	0	5	2	1	2	3	5	0	1	1	0	0	0	8	3	2	1	4	1	0	3	3	5	1	2	4	1	7	5	4	8	5	1	6	3	3	3	5	4	10	7	9	0	1	2	2	3	7	4	4	1	9	1	1	6	12	7	5	3	6	3	
2271_A/pigeon/Sichuan/NCX 4	2	0	0	5	3	1	2	3	4	0	1	0	1	0	0	10	3	2	2	5	1	0	2	3	5	2	2	5	1	6	5	5	7	4	3	6	2	3	1	4	3	10	7	7	0	2	1	3	3	9	4	4	1	7	3	1	7	12	6	6	2	7	2	
2272_A/pigeon/Zhejiang/11 4	2	0	0	5	3	1	1	2	5	0	1	0	0	0	0	9	3	2	1	6	1	0	3	5	5	1	2	3	1	7	5	4	8	3	3	6	2	5	1	5	3	10	7	8	0	2	1	2	3	9	5	4	1	7	2	1	7	11	6	6	2	8	2	
2273_A/pigeon/Zhejiang/11 4	2	0	0	5	3	1	2	2	5	0	1	0	0	0	0	9	4	2	1	6	0	0	3	4	5	1	2	4	1	7	5	4	8	3	3	6	2	5	0	5	4	10	7	8	0	2	1	2	3	10	4	4	1	7	2	1	6	11	7	6	2	8	1	
2274_A/pigeon/Zhejiang/72 4	2	0	0	5	3	1	1	2	4	0	1	0	1	0	0	10	3	2	1	5	1	0	3	4	5	1	2	4	1	7	5	4	8	4	3	6	2	5	1	4	4	11	5	10	0	2	2	2	3	8	5	4	1	7	2	1	6	11	7	5	2	8	1	
2275_A/plateau_pika/Qingh 5	4	1	0	4	2	1	2	2	5	0	0	0	0	1	0	7	2	3	0	3	1	0	3	6	7	2	4	5	0	4	2	6	8	3	1	5	1	4	4	5	3	8	7	6	1	3	2	1	5	11	2	3	2	7	2	1	5	9	6	7	0	7	3	
2276_A/quail/Guangxi/11/2 4	3	0	0	5	3	1	2	1	5	0	1	2	0	0	0	9	3	2	1	4	1	0	3	5	4	1	3	3	2	7	4	4	7	4	2	6	1	5	2	4	4	7	7	9	0	5	1	2	4	9	2	4	1	8	2	1	7	12	7	5	2	7	2	
2277_A/quail/Guangxi/12/2 4	3	0	0	4	3	1	2	1	5	0	1	2	0	0	0	9	3	2	1	5	1	0	3	5	4	1	3	3	2	7	4	4	7	4	2	6	1	5	2	4	4	8	6	9	0	5	1	2	3	9	2	4	2	8	2	1	7	12	7	5	2	7	2	
2278_A/quail/Guangxi/13/2 4	3	0	0	5	3	1	2	1	5	0	1	2	0	0	0	9	2	2	1	4	1	0	3	5	4	1	3	3	2	7	4	4	7	4	2	6	1	5	2	4	4	8	7	9	0	3	2	2	5	9	2	4	1	8	2	1	7	12	7	5	2	7	2	
2279_A/quail/Nanchang/663 4	2	0	0	5	3	1	2	2	4	0	1	0	1	0	0	10	3	2	1	5	1	0	3	4	5	2	2	4	1	6	5	5	7	4	3	6	2	3	1	5	3	10	7	8	0	2	1	2	3	9	4	4	1	7	3	2	7	12	7	5	2	7	1	
2280_A/shrike/Tibet/13/20 4	4	0	0	4	2	2	2	2	5	0	1	1	0	0	0	11	1	2	2	4	1	0	2	3	5	1	2	4	1	7	5	4	8	3	3	7	2	4	2	4	4	9	6	9	0	3	1	2	3	9	4	4	1	8	2	1	7	11	7	5	2	8	1	
2281_A/silky_chicken/Shan 4	3	0	0	5	3	1	2	1	5	0	1	2	0	0	0	11	2	2	1	3	1	0	3	4	5	1	2	3	1	7	4	4	7	3	2	6	2	4	2	5	4	9	8	8	0	3	1	2	4	9	4	4	1	8	2	1	7	11	7	6	2	8	1	
2282_A/swan/Shanghai/10/2 4	3	0	0	4	3	1	2	2	5	0	1	1	0	0	0	10	2	2	1	5	1	0	3	3	5	1	2	4	1	7	5	4	8	4	3	5	2	4	2	6	4	8	8	9	0	2	1	2	3	8	4	4	1	8	2	1	6	12	7	6	2	7	1	
2283_A/swine/Guangxi/592/ 4	2	0	0	5	3	2	1	2	5	0	1	1	0	0	0	10	3	3	0	5	1	0	3	4	5	1	2	3	1	7	5	4	8	3	2	6	2	4	2	4	3	10	7	8	0	2	1	3	3	9	5	4	1	7	2	2	7	12	7	5	2	7	1	
2284_A/swine/Jiangsu/1/20 5	3	0	1	5	2	1	3	1	6	0	1	2	0	0	0	9	2	2	0	4	2	0	2	4	4	1	4	3	1	8	2	4	8	4	2	6	2	3	3	5	4	10	6	9	0	2	3	2	3	7	5	4	1	9	1	1	7	11	7	5	2	8	0	
2285_A/swine/Jiangsu/2/20 4	3	0	2	4	2	2	1	3	5	0	1	1	0	0	0	10	1	2	1	5	2	0	2	1	5	1	2	5	1	7	5	4	6	6	1	7	3	4	1	4	4	10	7	9	0	4	1	2	4	8	4	4	1	8	2	1	7	11	6	5	2	6	2	
2286_A/swine/Shandong/SD1 5	3	0	0	4	3	1	2	1	5	0	1	2	0	0	0	9	3	2	1	4	1	0	3	5	4	1	3	3	2	7	4	4	6	4	2	7	1	5	2	4	3	9	7	9	1	3	1	2	5	9	3	3	1	8	1	1	7	11	7	5	2	8	2	
2287_A/swine/Zhejiang/SW5 4	2	0	0	5	3	1	1	2	5	0	1	0	0	0	0	10	3	2	1	5	1	0	3	4	5	1	2	4	1	7	5	4	8	4	3	6	2	5	1	4	4	11	5	9	1	2	2	2	3	8	5	4	1	7	2	1	6	11	7	5	2	8	1	
2288_A/tiger/Yunnan/tig14 3	2	0	0	6	3	1	2	2	4	0	1	0	1	0	0	10	3	2	2	5	1	0	2	3	5	2	2	5	1	6	5	5	6	4	4	6	2	3	1	5	3	10	7	8	0	2	1	2	3	9	4	4	1	7	3	1	7	11	8	6	2	7	1	
2289_A/tiger/Yunnan/tig14 4	2	0	0	5	3	1	2	2	4	0	1	0	1	0	0	10	3	2	1	5	1	0	3	4	5	2	2	4	1	6	5	6	6	4	3	6	2	3	1	5	3	10	7	8	0	2	1	2	3	9	4	4	1	7	3	1	7	12	7	6	2	7	1	
2290_A/tiger/Yunnan/tig15 4	3	0	0	5	3	1	2	1	4	0	1	2	0	0	0	9	2	2	2	4	1	0	2	3	6	1	2	4	1	7	3	5	8	3	3	5	2	4	2	4	4	10	6	10	0	3	3	2	3	8	4	5	1	9	2	1	6	12	6	6	2	6	2	
2291_A/turtle_dove/Guangd 4	3	0	0	4	3	2	2	2	5	0	1	1	0	0	0	11	1	2	1	4	1	0	3	3	5	1	2	4	1	7	5	4	8	3	2	7	2	4	2	4	4	10	6	9	0	3	1	3	3	9	4	4	1	8	2	1	7	11	7	4	2	8	1	
2292_A/waterfowl/Hong_Kon 4	3	0	0	5	3	1	2	0	5	0	1	2	0	0	0	9	3	2	1	4	2	0	3	6	3	1	3	3	2	7	4	4	6	3	2	6	1	5	2	4	4	9	7	9	1	3	1	2	4	10	3	4	1	8	1	1	7	11	7	5	2	8	2	
2293_A/wild_duck/Fujian/1 4	2	0	0	5	3	1	2	2	5	0	1	0	1	0	0	10	3	2	1	5	1	0	3	4	5	2	2	4	1	6	5	4	8	3	3	7	2	4	0	5	3	10	7	8	0	2	1	2	3	9	5	4	1	7	2	2	7	11	7	5	1	8	1	
2294_A/wild_duck/Fujian/2 4	2	0	0	5	3	1	2	2	5	0	1	0	1	0	0	10	3	2	1	5	1	0	3	4	5	2	2	4	1	6	5	4	8	3	3	7	2	4	0	5	3	10	7	8	0	2	1	2	3	9	5	4	1	7	2	2	7	11	7	5	1	8	1	
2295_A/wild_duck/Jilin/HF 4	3	0	0	5	4	1	2	2	4	0	1	1	0	0	0	10	2	2	1	4	1	0	3	2	5	2	3	5	1	6	3	4	8	4	4	5	2	2	3	5	4	11	6	9	1	2	2	2	3	8	3	5	1	9	2	1	6	12	6	6	1	6	2	
2296_A/wild_duck/Jilin/ZF 4	3	0	0	5	3	1	2	2	6	0	1	1	0	0	0	10	2	2	1	4	1	0	3	3	5	1	4	4	1	7	2	4	8	3	3	5	2	4	2	4	4	10	7	10	0	2	2	2	3	9	4	5	1	8	2	1	5	12	5	6	2	6	3	
2297_A/wild_duck/Liaoning 3	3	1	0	5	3	1	2	2	5	0	1	1	0	0	0	10	2	2	1	4	1	0	3	4	6	1	4	3	0	7	3	6	6	3	1	6	2	4	2	5	4	10	7	9	1	4	1	2	4	11	3	4	1	7	2	1	6	8	7	5	2	9	1	
2298_A/wild_duck/Shandong 4	3	1	1	5	2	1	2	1	5	0	1	2	0	0	0	9	2	2	0	5	2	0	3	4	4	1	4	3	2	7	2	4	8	3	2	6	2	4	2	4	4	10	6	10	0	2	3	2	3	8	3	4	1	9	2	1	8	11	7	5	2	6	1	
2299_A/wild_duck/Shandong 4	3	0	0	5	3	1	2	2	5	0	1	1	0	0	0	11	2	2	1	4	1	0	3	3	5	1	4	3	1	7	2	3	8	3	3	5	1	5	2	4	4	10	7	10	0	2	2	3	3	9	4	5	1	7	3	1	6	12	6	6	2	6	2	
2300_A/wild_duck/Shandong 4	4	0	1	5	2	1	2	2	8	0	1	0	1	0	0	8	3	2	0	4	1	0	3	4	3	2	1	6	0	7	5	6	11	2	2	5	1	4	3	4	4	9	8	9	0	4	0	2	2	6	3	4	2	11	1	4	7	13	7	3	2	5	3	
2301_A/Hong_Kong/486/97 12	9	11	3	24	10	8	13	5	8	0	0	9	6	1	0	15	6	7	3	11	5	7	1	10	14	10	4	13	7	8	4	22	8	12	4	13	10	20	12	15	20	35	19	26	0	15	14	6	9	21	4	3	7	17	7	1	19	42	14	18	3	34	11	
2302_A/Hong_Kong/538/97 13	9	11	3	23	10	8	13	5	8	0	0	9	6	1	0	15	6	7	3	11	5	7	1	11	14	10	4	12	7	8	4	22	8	12	4	13	10	20	12	15	20	35	20	26	0	16	12	6	9	21	4	3	7	17	7	1	19	42	14	18	3	34	11	
2303_A/Indonesia/5/2005 15	9	13	4	20	13	7	12	3	8	0	0	13	4	1	0	15	6	5	1	12	5	8	2	6	14	12	5	13	6	6	5	24	5	12	11	9	14	20	8	14	16	33	17	25	3	21	10	5	8	23	5	5	8	13	5	6	20	46	17	14	5	32	8	
2304_A/Pheasant/Hong_Kong 17	10	10	2	19	12	9	14	3	8	0	0	13	3	1	0	14	8	4	1	12	5	9	2	5	12	12	5	15	7	6	4	24	7	12	10	9	12	19	7	16	16	32	16	25	3	21	14	7	5	23	4	4	11	14	8	5	17	47	17	14	5	31	8	
2305_A/Thailand/16/2004 17	10	11	4	19	12	8	12	3	8	0	0	12	3	1	0	15	6	6	1	12	5	7	2	6	14	12	5	14	7	6	5	23	6	12	11	11	13	19	8	13	15	35	16	25	3	19	13	5	6	23	3	4	10	14	6	7	20	47	16	14	5	31	9	
2306_A/chicken/Indonesia/ 16	10	12	4	19	12	8	12	3	9	0	0	13	3	1	0	16	6	5	1	12	5	8	2	5	13	12	5	12	7	6	5	25	7	11	11	8	12	20	8	14	15	34	18	26	3	20	10	6	8	22	6	4	9	15	4	5	19	46	17	15	5	32	8	
2307_A/Chicken/HongKong/F 18	11	10	3	18	12	9	13	3	7	0	0	14	2	1	0	14	7	4	1	12	5	9	2	6	13	12	5	14	7	6	5	24	6	11	12	9	13	19	7	15	15	33	16	25	3	20	13	5	6	23	3	6	11	14	8	6	18	47	17	13	5	31	8	
2308_A/Chicken/HongKong/Y 17	9	12	3	19	10	8	13	5	11	0	0	12	1	1	0	19	7	5	1	8	7	8	2	7	14	12	5	11	5	8	6	23	8	10	11	10	10	20	8	14	18	33	16	26	3	19	14	8	5	21	2	3	12	16	9	6	17	48	10	12	5	28	14	
2309_A/Chicken/HongKong/Y 18	10	10	3	18	12	9	13	3	8	0	0	14	2	1	0	15	7	4	1	11	5	9	2	6	13	12	5	14	8	6	5	24	6	12	11	9	12	19	7	15	13	34	16	25	3	19	13	5	6	23	3	5	11	14	7	6	20	47	18	14	5	31	8	
2310_A/chicken/Korea/ES/0 13	11	15	3	23	9	5	13	5	10	0	0	10	3	1	0	15	5	4	1	11	6	8	2	10	13	13	6	11	8	6	3	21	8	10	5	9	11	20	14	15	19	33	21	26	1	20	10	6	4	19	3	5	12	19	10	5	19	45	10	13	5	31	13	
2311_A/Vietnam/UT3062/200 17	10	11	4	19	12	8	12	3	8	0	0	11	4	1	0	15	6	6	1	12	5	7	2	6	14	12	5	15	7	6	5	23	6	12	11	10	13	19	8	14	15	34	16	25	3	20	12	5	6	23	4	4	10	14	6	7	20	47	16	14	4	31	9	
2312_A/Hong_Kong/156/97 13	9	11	3	23	10	8	13	5	8	0	0	9	6	1	0	15	6	7	3	11	5	7	1	11	14	10	4	12	7	8	4	22	8	12	4	13	10	20	12	15	20	33	19	26	0	16	14	6	9	21	4	3	7	17	7	1	19	43	14	18	3	34	11	
2313_A/whooper_swan/Mongo 17	10	11	4	19	12	8	12	4	9	0	0	12	3	1	0	15	6	6	1	11	5	7	2	6	13	12	5	14	7	6	5	24	7	10	12	9	13	21	7	14	15	34	19	25	3	19	10	6	5	24	4	5	10	14	5	5	20	49	16	14	5	28	10	
2314_A/Hong_Kong/483/1997 12	8	10	3	24	11	10	12	5	8	0	0	9	6	1	0	15	5	7	3	11	6	7	1	12	13	10	5	10	7	8	3	22	8	12	5	14	11	19	12	16	19	34	20	27	0	17	12	5	10	22	4	3	8	18	7	0	19	39	14	18	2	35	11	
2315_A/Hong_Kong/482/97 13	9	11	3	23	10	8	13	5	8	0	0	9	6	1	0	15	6	7	3	11	5	7	1	11	14	10	4	12	7	8	4	22	8	12	4	13	10	20	12	15	20	35	19	26	0	15	14	6	9	21	4	3	7	17	7	1	19	42	14	18	3	34	11	
2316_A/Anas_platyrhynchos 14	9	11	5	22	11	8	11	6	10	0	0	10	3	1	0	14	6	7	1	12	6	6	2	6	13	11	5	14	7	7	4	23	6	10	6	9	10	21	12	17	20	25	18	25	1	28	12	5	5	22	2	4	11	15	12	7	19	47	8	14	4	30	15	
2317_A/Anas_platyrhynchos 14	9	11	5	22	11	8	11	6	10	0	0	10	3	1	0	14	6	7	1	12	6	6	2	6	13	11	5	14	7	7	4	23	6	10	6	9	10	21	12	17	20	25	18	25	1	28	12	5	5	22	2	4	11	15	12	7	19	47	8	14	4	30	15	
2318_A/Anhui/1/2005|EPI_I 12	10	13	3	24	9	6	13	8	11	0	0	7	3	1	0	17	7	5	1	9	5	8	2	8	15	13	8	12	6	5	2	22	6	15	6	11	10	16	13	16	18	33	17	26	3	21	11	6	5	23	3	4	10	15	9	6	18	48	12	14	5	29	11	
2319_A/Anhui/1/2006|EPI_I 12	11	13	3	24	9	6	13	9	11	0	0	6	2	1	0	17	7	5	1	9	5	8	2	7	15	13	8	13	6	5	2	23	6	17	6	10	10	15	13	16	19	33	19	26	2	20	10	6	5	20	3	4	10	16	9	6	18	48	9	14	5	30	14	
2320_A/Anhui/2/2005|EPI_I 12	10	13	3	24	10	6	13	8	11	0	0	7	3	1	0	17	7	5	1	9	4	8	2	8	15	13	8	12	6	5	2	22	6	15	6	11	10	16	13	16	18	33	17	25	3	21	11	7	5	23	3	4	9	15	9	6	18	48	12	15	5	29	11	
2321_A/Anser_cygnoides/Ch 13	8	13	2	23	11	6	14	6	11	0	0	10	3	1	0	18	7	5	1	8	5	8	2	11	14	12	7	9	7	6	3	24	6	16	8	7	9	14	12	17	19	27	15	26	4	26	14	7	7	20	3	5	10	19	9	5	21	46	11	13	1	27	13	
2322_A/Anser_fabalis/Jiuj 14	9	11	5	22	11	8	11	6	10	0	0	10	3	1	0	14	6	7	1	12	6	6	2	6	13	11	5	14	7	7	4	23	6	10	6	9	10	21	12	17	20	25	18	25	1	28	12	5	5	22	2	4	11	15	12	7	19	47	8	14	4	30	15	
2323_A/Bar-headed_Goose/Q 14	10	12	3	22	8	7	13	8	12	0	0	8	3	1	0	18	8	5	1	7	5	8	2	12	18	13	7	8	3	6	4	24	6	16	5	7	10	16	14	16	18	33	17	26	4	18	13	5	6	20	3	6	10	15	9	6	19	50	13	13	3	27	11	
2324_A/Bar-headed_Goose/T 14	10	11	4	22	10	8	12	3	12	0	0	12	3	1	0	16	7	6	1	8	6	7	2	11	10	10	7	12	7	8	3	26	6	10	8	8	10	21	10	16	17	32	19	25	4	22	10	4	4	19	2	4	12	18	11	8	18	41	13	13	5	35	11	
2325_A/Bar-headed_Goose/T 14	10	11	4	22	10	8	12	3	12	0	0	12	3	1	0	16	7	6	1	8	6	7	2	11	10	10	7	12	7	8	3	26	6	10	8	8	10	21	10	16	17	32	19	25	4	22	10	4	4	19	2	4	12	18	11	8	18	41	13	13	5	35	11	
2326_A/Black_faced_Spoonb 16	10	12	4	21	9	7	12	5	10	0	0	10	3	1	12	18	8	6	1	9	6	7	2	9	13	10	7	13	6	8	3	20	7	10	6	8	11	21	12	17	18	33	20	26	1	20	9	6	4	21	2	4	13	15	11	6	18	45	15	13	5	34	8	
2327_A/Black_Faced_Spoonb 14	11	11	4	22	9	8	12	3	10	0	0	11	4	1	0	16	7	6	1	8	6	7	2	12	11	10	7	12	7	8	3	23	7	10	8	8	10	21	10	17	19	31	19	25	2	21	11	6	5	20	2	4	11	17	11	7	18	44	12	13	5	33	12	
2328_A/Black_Faced_Spoonb 15	10	12	4	22	9	7	12	5	10	0	0	10	3	1	0	17	9	6	1	9	5	7	2	10	13	10	7	12	6	8	3	21	7	11	6	8	10	21	12	17	19	34	20	26	1	19	9	6	3	20	2	4	14	15	11	5	18	47	15	14	5	32	8	
2329_A/Black-necked_Grebe 14	10	12	3	23	8	7	13	8	12	0	0	6	3	1	0	18	7	5	1	6	6	8	2	12	18	12	7	9	3	6	4	24	6	17	4	8	10	16	14	17	19	31	18	26	4	20	13	5	6	21	3	6	10	15	9	6	18	50	12	13	3	26	11	
2330_A/Black-necked_Grebe 14	10	12	2	22	8	7	14	9	12	0	0	7	3	1	0	18	7	5	2	7	6	8	1	12	18	13	6	9	3	6	4	24	6	16	5	7	10	16	14	16	20	32	16	26	4	20	13	5	6	21	3	6	10	15	9	6	18	50	13	13	2	26	11	
2331_A/Black-necked_Grebe 13	10	12	2	22	8	7	14	10	12	0	0	7	3	1	0	18	7	5	2	7	6	8	1	12	18	13	6	9	3	6	4	24	6	16	5	7	10	16	14	15	20	33	16	26	4	20	13	5	6	21	3	6	10	15	9	6	18	50	13	13	2	26	11	
2332_A/Black-necked_Grebe 14	10	12	2	22	8	7	14	9	12	0	0	7	3	1	0	18	7	5	2	7	6	8	1	12	18	13	6	9	3	6	4	24	6	16	5	7	10	16	14	16	20	32	16	26	4	20	13	5	6	21	3	6	10	15	9	6	18	50	13	13	2	26	11	
2333_A/Black-necked_Grebe 14	10	12	2	22	8	7	14	9	12	0	0	7	3	1	0	18	7	5	2	7	6	8	1	12	18	13	6	9	3	6	4	24	6	16	5	7	10	16	14	16	20	32	16	26	4	20	13	5	6	21	3	6	10	15	9	6	18	50	13	13	2	26	11	
2334_A/Black-necked_Grebe 14	10	12	2	22	8	7	14	9	12	0	0	7	3	1	0	18	7	5	2	7	6	8	1	12	18	13	6	9	3	6	4	24	6	16	5	7	10	16	14	16	20	32	16	26	4	20	13	5	6	21	3	6	10	15	9	6	18	50	13	13	2	26	11	
2335_A/Black-necked_Grebe 13	10	12	2	22	8	7	14	10	12	0	0	7	3	1	0	18	7	5	2	7	6	8	1	12	18	13	6	9	3	6	4	24	6	16	5	7	10	16	14	15	20	33	16	26	4	20	13	5	6	21	3	6	10	15	9	6	18	50	13	13	2	26	11	
2336_A/Black-necked_Grebe 13	10	12	2	22	8	7	14	10	12	0	0	7	3	1	0	18	7	5	2	8	6	7	1	12	18	13	6	9	3	6	4	24	6	16	5	7	10	16	14	15	20	33	16	26	4	20	13	5	6	21	3	6	10	15	9	6	18	50	13	13	2	26	11	
2337_A/chicken/Anhui/S174 15	10	10	5	21	9	9	11	4	12	0	0	9	2	1	0	18	7	6	1	9	6	7	2	10	12	11	7	12	7	7	3	23	7	11	7	6	10	21	10	17	20	24	20	25	2	27	10	5	6	19	4	4	13	18	10	6	16	50	10	16	4	28	12	
2338_A/chicken/China/Cang 14	9	11	5	22	11	8	11	6	10	0	0	10	3	1	0	14	6	7	1	12	6	6	2	7	13	11	5	14	7	7	4	23	6	10	6	9	10	21	12	17	20	25	18	25	1	28	12	5	5	22	2	4	11	15	12	7	19	48	7	13	4	30	15	
2339_A/chicken/China/E93/ 12	11	13	3	23	9	7	13	7	11	0	0	9	1	1	0	16	6	5	1	11	6	8	1	10	13	13	7	10	7	6	2	24	10	13	6	6	10	18	13	16	21	32	21	26	0	19	12	5	4	20	4	5	10	18	10	4	17	50	9	15	6	26	13	
2340_A/chicken/China/E96/ 12	11	12	3	23	9	8	13	7	10	0	0	9	1	1	0	16	5	5	1	11	6	8	1	10	14	13	7	10	7	6	2	25	10	13	6	5	10	18	13	16	21	30	22	26	0	21	11	5	4	20	4	5	10	18	10	4	18	49	9	15	6	27	13	
2341_A/chicken/Gansu/5/20 11	11	12	3	24	9	8	13	6	10	0	0	10	1	1	0	16	5	5	1	11	6	8	1	11	14	13	6	9	7	6	3	25	10	12	6	5	10	19	13	15	21	32	20	26	0	19	13	5	4	20	4	5	10	18	10	5	19	50	9	15	5	26	13	
2342_A/chicken/Gansu/6/20 12	11	13	3	23	9	7	13	7	11	0	0	10	1	1	0	16	6	5	1	11	6	8	1	10	13	13	7	9	7	6	2	25	10	13	6	5	10	18	13	16	21	32	21	26	0	19	12	5	4	20	4	5	10	18	10	4	17	50	9	15	6	26	13	
2343_A/chicken/Guangxi/S2 12	9	13	2	24	10	7	14	8	11	0	0	8	3	1	0	18	7	6	1	7	5	7	2	9	17	13	7	11	4	5	3	24	7	12	6	8	9	17	14	17	20	31	17	26	3	22	12	6	6	22	3	4	10	15	9	5	20	49	13	14	2	28	10	
2344_A/chicken/Hubei/2856 12	10	13	3	24	9	6	13	8	11	0	0	7	3	1	0	16	6	5	1	10	6	8	2	8	15	13	8	12	6	5	2	20	6	14	6	12	10	17	13	16	19	36	16	24	4	18	12	7	5	22	4	3	10	15	9	8	17	48	12	13	6	29	11	
2345_A/chicken/Hunan/1793 17	10	11	4	19	12	8	12	3	10	1	0	12	3	0	0	14	6	5	1	12	5	8	2	8	12	12	5	12	7	6	5	25	6	12	11	9	13	18	8	14	16	34	18	26	2	21	9	5	6	24	3	4	11	13	8	5	17	47	16	15	7	31	9	
2346_A/chicken/Hunan/3157 12	10	13	3	24	9	6	13	8	10	0	0	8	3	1	0	17	8	5	1	9	4	8	2	8	16	13	8	11	6	5	2	22	6	15	6	11	10	16	13	18	19	33	17	25	2	22	11	6	5	22	3	4	9	16	10	5	18	47	11	14	5	29	12	
2347_A/chicken/Hunan/S100 14	9	13	2	22	10	6	14	7	11	0	0	8	3	1	0	19	6	6	1	6	6	7	2	12	17	10	8	9	5	8	4	25	7	16	5	8	8	14	15	16	21	32	19	26	3	22	8	4	6	22	4	5	10	15	9	5	19	48	12	15	2	28	10	
2348_A/chicken/Jiangsu/03 13	9	12	5	23	12	7	10	6	11	0	0	9	3	1	0	15	5	5	1	12	5	8	2	9	12	11	6	12	8	7	3	23	6	12	6	7	8	18	12	18	24	31	19	24	1	24	10	7	7	20	4	4	7	18	9	7	18	48	11	13	5	29	13	
2349_A/chicken/Jiangsu/92 13	11	12	2	23	9	7	14	7	12	0	0	9	3	1	0	18	7	5	1	7	5	8	2	11	18	12	8	9	3	6	3	25	6	15	5	7	9	17	14	17	20	32	15	26	3	20	14	5	6	21	3	5	10	15	9	4	18	50	12	15	3	27	11	
2350_A/chicken/Jiangsu/24 13	10	12	3	23	8	7	13	8	12	0	0	7	3	1	0	18	7	5	1	7	6	8	2	12	18	12	7	9	3	6	4	25	8	15	5	7	8	17	14	17	20	32	16	26	3	20	13	5	6	21	4	5	10	15	8	5	19	49	13	14	2	27	11	
2351_A/chicken/Jiangsu/k0 13	10	12	4	23	10	7	12	5	10	0	0	10	3	1	0	14	5	5	1	12	6	8	2	9	14	11	8	12	7	7	2	23	6	11	7	9	8	19	12	17	23	29	20	25	0	23	10	7	7	19	4	3	8	18	9	6	19	49	11	14	5	28	13	
2352_A/chicken/Jiangsu/SE 14	10	12	2	22	8	7	14	8	12	0	0	7	2	1	0	19	7	6	1	6	5	7	2	12	19	12	7	9	3	6	4	23	6	16	6	9	10	17	13	17	19	33	16	26	3	20	13	5	9	20	3	5	8	15	9	5	20	49	12	14	2	27	11	
2353_A/chicken/Jiangsu/YB 13	9	11	5	23	12	8	10	5	11	0	0	10	3	1	0	15	4	5	1	12	6	8	2	10	12	11	6	11	8	7	3	23	6	14	5	7	9	17	13	19	23	30	19	24	1	24	10	6	7	18	5	5	7	19	9	6	18	48	11	13	5	29	13	
2354_A/chicken/Jiangxi/25 12	9	13	3	24	10	6	13	6	11	0	0	8	3	1	0	18	9	5	1	8	4	8	2	11	15	13	7	10	5	6	3	24	6	16	7	8	10	14	13	16	20	33	17	26	3	20	12	6	7	21	4	4	9	15	9	7	20	50	11	14	2	26	11	
2355_A/chicken/Jiangxi/S4 15	10	10	5	21	9	9	11	4	12	0	0	9	2	1	0	18	7	6	1	9	6	7	2	10	12	11	7	12	7	7	3	23	7	11	7	7	9	21	10	17	20	24	20	25	2	27	11	5	6	20	4	4	13	17	10	6	16	50	10	16	4	28	12	
2356_A/chicken/Jilin/04.1 13	8	13	3	23	9	6	13	9	12	0	0	7	4	1	0	18	7	5	1	7	6	8	2	11	18	12	7	9	3	6	3	25	7	16	4	7	9	17	14	17	20	32	15	25	3	20	15	5	6	21	3	5	11	15	8	5	18	49	13	15	2	27	12	
2357_A/chicken/Jilin/04.1 13	8	13	3	23	9	6	13	9	12	0	0	7	4	1	0	18	7	5	1	7	6	8	2	11	18	12	7	9	3	6	3	25	7	15	5	7	9	17	14	17	20	32	15	25	3	20	15	5	6	21	3	5	11	15	8	5	18	49	13	15	2	27	12	
2358_A/chicken/Jilin/04.1 13	8	13	3	23	9	6	13	9	12	0	0	7	4	1	0	18	7	5	1	7	6	8	2	11	18	12	7	9	3	6	3	25	7	15	5	7	9	17	14	17	20	32	15	25	3	20	15	5	6	21	3	5	11	15	8	5	18	49	13	15	2	27	12	
2359_A/chicken/Jilin/04.1 13	8	13	3	23	9	6	13	9	12	0	0	7	4	1	0	18	7	5	1	7	6	8	2	11	18	12	7	9	3	6	3	25	7	15	5	7	9	17	14	17	20	32	15	25	3	20	15	5	6	21	3	5	11	15	8	5	18	49	13	15	2	27	12	
2360_A/chicken/Jilin/04.2 13	8	13	3	23	9	6	13	8	12	0	0	7	4	1	0	18	7	5	1	7	6	8	2	12	18	12	7	9	3	6	3	25	7	15	5	7	9	17	14	17	20	32	15	26	3	20	15	5	7	21	3	5	10	15	8	5	17	49	13	14	3	27	12	
2361_A/chicken/Jilin/S125 14	10	12	3	22	9	7	13	7	10	0	0	8	3	1	0	17	7	6	1	8	6	7	2	13	18	12	7	8	3	6	4	24	7	16	6	8	10	16	15	16	17	33	16	26	4	20	13	5	7	20	3	5	9	15	8	6	21	50	12	14	2	26	11	
2362_A/chicken/Jilin/S127 14	10	12	3	22	9	7	13	7	10	0	0	8	3	1	0	17	7	6	1	8	6	7	2	13	18	12	7	8	3	6	4	24	7	16	6	8	10	16	15	16	17	34	15	26	4	20	13	5	7	20	3	5	9	15	8	6	21	50	12	14	2	26	11	
2363_A/chicken/Liaoning/S 11	11	14	3	24	9	6	13	6	10	0	0	9	1	1	0	16	5	5	1	11	6	8	1	11	14	14	6	10	7	5	3	24	9	12	6	6	11	19	13	16	20	35	18	26	0	19	12	5	5	21	4	5	9	17	10	4	19	48	9	15	6	28	13	
2364_A/chicken/Liaoning/S 14	10	12	3	22	8	7	13	7	11	0	0	8	4	1	0	17	7	5	2	8	6	8	2	13	18	12	6	8	3	6	4	24	6	16	6	8	10	17	13	16	18	33	16	26	4	20	13	5	8	21	3	5	9	14	9	6	20	50	12	14	1	26	11	
2365_A/chicken/Ningxia/2/ 11	11	12	3	24	9	8	13	6	10	0	0	10	1	1	0	16	5	5	1	11	6	8	1	12	14	13	6	8	7	6	3	25	10	12	6	5	10	19	13	15	21	32	20	26	0	19	13	5	4	20	4	5	10	18	10	5	19	50	9	15	5	26	13	
2366_A/chicken/Ningxia/22 11	11	12	3	24	9	8	13	6	10	0	0	10	1	1	0	16	5	5	1	11	6	8	1	12	14	13	6	8	7	6	3	25	10	12	6	5	10	19	13	15	21	32	20	26	0	19	13	5	4	20	4	5	10	18	10	5	19	50	9	15	5	26	13	
2367_A/chicken/Shandong/1 13	9	12	5	23	12	7	10	5	11	0	0	10	3	1	0	15	5	5	1	12	5	8	2	9	12	11	6	12	8	7	3	23	6	13	6	7	8	18	12	18	24	30	19	24	1	24	10	7	7	19	5	4	7	18	9	6	18	48	11	14	5	29	13	
2368_A/Chicken/Shandong/J 13	8	12	3	22	10	8	13	9	12	0	0	7	2	1	0	19	7	6	1	7	5	7	2	9	17	13	6	11	4	5	3	27	6	14	4	6	10	16	15	16	20	33	17	27	2	19	14	6	5	22	3	4	11	17	9	5	20	46	15	14	2	29	9	
2369_A/Chicken/Shandong/J 12	10	12	3	24	9	8	13	6	10	0	0	9	1	1	0	15	5	5	1	12	6	8	1	11	13	14	7	10	8	5	2	24	11	12	6	6	9	18	13	16	21	34	21	26	0	18	11	5	4	20	4	5	11	18	10	3	18	48	9	16	6	28	13	
2370_A/Chicken/Shandong/J 11	10	13	3	24	10	7	13	5	10	0	0	10	1	1	0	16	5	5	1	11	6	8	1	10	14	13	7	11	7	6	2	25	10	13	6	5	9	18	13	16	22	33	20	26	0	19	12	5	4	20	4	5	10	18	10	4	19	49	9	15	5	27	13	
2371_A/Chicken/Shandong/J 11	11	14	3	24	9	6	13	6	10	0	0	10	1	1	0	16	5	5	1	10	6	8	1	12	14	13	6	10	7	6	3	24	10	12	6	5	9	19	13	16	21	31	20	26	0	21	12	6	3	20	4	5	11	18	10	4	19	49	9	14	6	27	13	
2372_A/Chicken/Shandong/J 13	10	12	4	23	10	7	12	5	10	0	0	10	2	1	0	14	5	5	1	12	6	8	2	9	14	11	9	12	7	7	1	23	6	13	7	9	8	17	12	16	23	30	20	26	0	22	10	6	8	19	4	4	8	18	8	6	19	47	12	14	5	30	13	
2373_A/chicken/Shanghai/S 13	10	11	2	23	8	7	14	9	11	0	0	7	3	1	0	19	7	6	1	7	5	8	2	10	18	12	7	8	4	6	4	25	5	15	5	7	11	17	14	17	21	34	16	26	2	20	12	5	8	20	3	5	10	16	9	6	19	48	11	14	1	28	12	
2374_A/chicken/Shanghai/S 14	10	12	2	22	8	7	14	8	12	0	0	7	2	1	0	18	7	5	1	7	5	8	2	12	19	12	7	9	3	6	4	24	6	16	5	8	10	17	14	17	19	31	15	25	4	22	14	5	8	20	2	5	8	14	9	5	21	50	13	14	2	27	11	
2375_A/chicken/Wuxi/WX-32 13	11	12	2	23	9	7	14	8	12	0	0	8	3	1	0	18	7	5	1	7	5	7	2	11	18	12	7	9	3	6	4	25	6	13	6	7	9	19	14	17	20	31	17	26	3	20	13	5	6	21	3	5	10	15	9	5	20	48	12	14	1	29	11	
2376_A/chicken/Wuxi/WX-33 13	11	12	2	23	9	7	14	8	12	0	0	8	3	1	0	18	7	5	1	7	5	8	2	11	18	12	7	9	3	6	4	25	6	13	6	7	8	19	14	17	20	32	16	26	3	20	13	5	6	21	3	5	10	15	9	5	20	48	12	14	1	29	11	
2377_A/chicken/Xinjiang/S 13	10	11	2	23	8	7	14	9	11	0	0	7	3	1	0	19	7	6	1	7	5	8	2	10	19	12	7	8	3	6	4	25	5	15	5	7	11	17	14	17	21	34	16	26	2	20	12	5	8	20	3	5	10	16	9	6	19	48	11	14	1	28	12	
2378_A/chicken/Xinjiang/S 12	10	11	2	24	8	7	14	9	11	0	0	7	3	1	0	19	7	6	1	7	5	8	2	10	19	13	7	8	3	5	4	25	5	15	5	7	11	17	14	17	21	34	16	26	2	20	12	5	8	20	3	5	10	16	9	7	19	48	11	13	1	28	12	
2379_A/chicken/Xinjiang/S 13	10	11	2	23	8	7	14	9	11	0	0	7	3	1	0	19	7	6	1	7	5	8	2	10	19	12	7	8	3	6	4	25	5	15	5	7	11	17	14	17	21	34	16	26	2	20	12	5	8	20	3	5	10	16	9	6	19	48	11	14	1	28	12	
2380_A/chicken/Yunnan/1/2 13	8	13	2	23	11	6	14	6	11	0	0	9	3	1	0	18	7	5	1	8	5	8	2	11	14	12	7	9	7	6	3	25	6	16	8	7	9	14	12	17	20	26	15	25	4	26	14	7	7	20	3	5	10	19	9	5	21	47	10	14	1	27	13	
2381_A/condor/Guangdong/1 16	9	11	3	20	11	8	13	3	8	0	0	12	4	1	0	16	7	6	1	11	5	7	2	9	14	12	4	11	7	6	5	23	7	11	11	11	12	20	8	17	16	36	18	25	3	19	11	6	10	22	4	4	6	14	6	5	20	45	14	11	4	32	12	
2382_A/Curlew/Hong_Kong/A 15	11	12	4	21	9	7	12	3	10	0	0	12	4	1	0	18	7	6	1	6	5	7	2	13	12	10	7	10	7	8	3	22	7	10	8	9	10	21	10	17	19	30	19	25	2	23	10	6	3	20	2	4	12	17	11	7	19	45	11	13	5	32	13	
2383_A/Cygnus_columbianus 15	10	12	4	22	9	7	12	5	9	0	0	10	4	1	0	17	8	6	1	9	6	7	2	10	13	11	7	12	6	7	3	22	8	10	8	7	8	22	10	16	19	30	20	26	1	22	9	7	3	21	2	4	14	15	11	6	18	46	14	13	5	34	9	
2384_A/Cygnus_columbianus 15	10	12	4	22	9	7	12	4	9	0	0	11	4	1	0	17	9	6	1	9	5	7	2	10	13	11	6	12	6	7	4	21	7	10	7	8	10	21	11	17	19	30	20	26	1	23	9	6	3	21	2	4	14	15	11	6	18	45	14	13	5	34	9	
2385_A/Cygnus_columbianus 15	10	12	4	22	9	7	12	5	9	0	0	10	4	1	0	17	8	6	1	9	6	7	2	10	13	11	7	12	6	7	3	22	8	10	8	7	9	21	10	16	19	31	20	26	1	22	9	7	3	21	2	4	14	15	11	6	18	45	14	13	5	34	9	
2386_A/Cygnus_columbianus 15	10	12	4	22	9	7	12	5	9	0	0	10	4	1	0	17	8	6	1	9	6	7	2	10	13	11	7	12	6	7	3	22	7	10	8	7	10	21	10	16	19	31	20	26	1	22	9	7	3	21	2	4	14	15	11	6	18	45	14	13	5	34	9	
2387_A/domestic_green-win 13	11	13	4	23	9	6	12	7	10	0	0	6	3	1	0	16	6	5	1	10	6	8	2	9	13	11	7	14	7	7	3	23	7	11	8	9	10	20	10	16	19	33	17	25	3	19	13	6	4	23	3	4	12	15	10	6	19	45	12	13	4	32	11	
2388_A/duck/China/E26/201 14	11	12	4	22	10	7	12	5	9	0	0	10	3	1	0	14	5	5	1	12	6	7	2	9	15	11	8	12	6	7	2	22	6	13	7	10	8	18	12	17	23	29	21	24	1	23	9	6	7	19	4	4	8	18	9	6	19	48	11	14	5	29	13	
2389_A/duck/China/E53/201 13	9	13	2	23	10	6	14	8	11	0	0	9	3	1	0	18	7	5	1	7	5	8	2	9	16	13	7	10	5	5	3	24	7	12	7	8	9	19	13	18	20	32	18	26	3	21	11	6	6	21	3	4	10	15	9	4	21	48	13	14	1	29	10	
2390_A/duck/Eastern_China 15	10	13	3	22	9	6	13	9	11	0	0	6	3	1	0	16	8	5	1	8	5	8	2	10	15	13	7	11	5	5	2	22	7	17	5	12	10	16	13	12	20	30	19	27	2	22	12	6	6	23	5	3	10	14	7	6	19	47	12	15	4	29	11	
2391_A/duck/Eastern_China 16	11	14	3	21	9	5	13	6	10	0	0	9	2	1	0	17	6	6	2	9	3	7	2	8	18	10	7	12	5	8	2	24	6	10	8	8	10	22	10	16	22	28	19	24	3	24	11	7	5	23	3	3	9	15	8	6	19	47	13	14	5	30	11	
2392_A/duck/Fujian/S1233/ 13	10	11	2	23	8	7	14	9	11	0	0	7	3	1	0	19	7	6	1	7	5	8	2	10	19	12	7	8	3	6	4	24	6	14	5	7	11	17	14	18	20	33	16	26	3	20	13	5	7	23	3	5	10	14	9	5	19	48	12	14	2	28	11	
2393_A/duck/Fujian/S1273/ 13	10	11	2	23	8	7	14	9	11	0	0	7	3	1	0	19	7	6	1	7	5	8	2	10	19	12	7	8	3	6	4	24	6	14	5	7	11	17	14	18	20	33	16	26	3	20	13	5	7	23	3	5	10	14	9	5	19	48	12	14	2	28	11	
2394_A/Duck/Fujian/S4146/ 12	9	13	2	24	9	6	14	6	11	0	0	8	3	1	0	18	9	5	1	8	5	8	2	11	15	13	7	10	5	5	3	24	5	15	7	8	10	15	13	17	20	32	17	26	4	21	12	6	7	21	4	4	9	16	9	6	20	49	12	14	2	26	11	
2395_A/duck/Guangdong/S45 14	10	11	4	22	9	8	12	4	11	0	0	11	4	1	0	16	6	7	1	8	6	7	2	12	11	10	7	11	7	8	3	22	7	10	9	9	10	21	9	18	19	29	19	22	2	24	10	6	4	20	2	4	12	17	11	8	19	44	12	14	4	33	12	
2396_A/duck/Guangdong/S45 14	10	11	4	22	9	8	12	4	11	0	0	11	4	1	0	16	6	7	1	8	6	7	2	12	11	10	7	11	7	8	3	22	7	10	9	8	10	21	9	16	19	30	19	24	2	23	10	6	4	20	2	5	12	17	11	8	19	44	12	14	4	33	12	
2397_A/duck/Guizhou/S1321 14	10	11	4	22	9	8	12	3	11	0	0	12	4	1	0	16	7	6	1	8	6	7	2	13	11	10	7	10	7	8	3	22	7	10	10	9	11	21	8	16	18	31	19	25	2	22	10	6	4	20	2	4	12	17	11	8	19	44	12	13	4	33	12	
2398_A/duck/Guizhou/S1711 15	8	12	6	21	11	7	10	3	11	0	0	11	3	1	0	15	7	4	1	11	7	9	1	11	11	12	7	11	7	6	4	27	6	12	8	7	9	20	9	17	20	29	16	25	1	25	13	4	7	21	4	5	10	16	9	5	18	46	11	15	4	31	12	
2399_A/duck/Hubei/03.06__ 14	7	11	4	23	12	8	11	5	12	0	0	10	3	1	0	15	5	5	1	11	5	8	2	10	12	11	6	11	8	7	3	24	6	13	5	7	8	19	13	18	23	31	19	24	1	23	10	6	7	18	4	5	7	18	10	6	19	48	11	14	5	29	13	
2400_A/duck/Hubei/46/2009 12	11	11	3	24	9	8	13	5	8	0	0	6	4	1	0	14	4	4	2	10	8	10	2	11	13	10	6	16	8	8	3	20	8	10	7	14	10	20	11	16	18	33	18	24	2	19	10	5	6	26	4	5	9	10	9	5	17	50	13	14	7	28	13	
2401_A/duck/Hubei/2911/20 12	11	13	3	24	8	6	13	7	11	0	0	9	3	1	0	17	8	6	1	9	4	7	2	8	15	13	8	11	6	5	2	20	6	16	6	11	10	15	13	18	19	31	17	26	2	23	11	7	5	22	3	4	10	16	9	5	18	48	12	14	5	28	12	
2402_A/duck/Hubei/S4465/2 15	10	10	5	21	9	9	11	4	13	0	0	9	2	1	0	18	7	6	1	9	6	7	2	10	13	11	7	12	6	7	3	23	7	11	7	7	9	21	10	17	20	24	20	25	2	27	11	5	6	19	4	4	13	18	10	6	15	50	10	16	4	28	12	
2403_A/duck/Hubei/SE128/2 15	10	10	5	21	9	9	11	5	12	0	0	8	2	1	0	18	7	6	1	9	6	7	2	10	12	11	7	12	7	7	3	23	7	11	7	7	9	21	10	17	20	24	20	25	2	27	11	5	6	19	4	4	13	18	10	6	16	51	9	16	4	27	13	
2404_A/duck/Hubei/SE220/2 14	10	11	4	22	9	8	12	4	11	0	0	11	4	1	0	16	7	6	1	8	6	7	2	13	11	10	7	10	7	8	3	22	7	9	9	9	10	22	9	16	19	30	18	25	2	24	10	6	4	20	2	4	12	17	11	8	19	43	13	13	4	33	12	
2405_A/duck/Hubei/xn/2007 13	9	12	3	23	11	7	13	6	10	1	0	11	3	0	0	15	5	5	2	11	6	8	1	8	14	12	8	11	6	7	2	24	6	10	7	8	10	21	11	18	22	29	20	25	0	23	9	6	7	21	3	4	7	17	10	6	19	49	10	14	5	27	14	
2406_A/duck/Hunan/03.07_Y 10	10	11	5	26	10	8	11	6	9	0	0	9	5	1	0	17	6	7	3	7	6	8	3	9	13	9	5	13	7	8	0	19	5	17	4	13	11	15	11	18	22	32	20	25	0	20	12	7	8	24	5	5	7	14	7	5	21	47	18	13	1	30	7	
2407_A/duck/Hunan/12.07__ 14	11	11	3	22	8	8	13	9	12	0	0	7	3	1	0	18	7	5	1	6	5	8	2	12	18	11	6	9	3	7	4	23	8	14	6	8	10	17	14	17	19	32	17	26	3	22	12	5	6	19	3	5	10	17	9	5	19	48	12	14	2	28	11	
2408_A/duck/Hunan/12.07__ 12	9	12	2	24	10	7	14	7	11	0	0	9	3	1	0	18	7	5	1	7	5	8	2	8	18	14	7	12	4	4	4	24	7	13	5	8	8	17	15	17	21	33	19	25	3	21	9	4	6	22	3	6	10	15	10	5	19	48	14	15	2	28	8	
2409_A/duck/Hunan/12.07_Y 12	9	12	2	24	10	7	14	7	11	0	0	9	3	1	0	18	7	5	1	7	5	8	2	8	18	14	7	12	4	4	4	24	7	13	5	8	8	17	15	17	21	33	19	25	3	21	9	4	6	22	3	6	10	15	10	5	19	48	14	15	2	28	8	
2410_A/duck/Hunan/12.07_Y 12	10	12	2	24	9	7	14	8	12	0	0	8	3	1	0	18	7	5	1	7	5	8	2	11	17	11	7	9	4	7	4	23	9	14	7	8	8	18	13	16	19	33	18	25	4	20	11	6	6	20	2	5	9	15	11	7	19	48	13	13	2	28	10	
2411_A/duck/Hunan/316/200 13	10	12	4	23	8	6	13	7	12	0	0	8	3	1	0	17	6	5	1	9	6	8	2	9	15	13	7	11	6	5	3	22	6	16	6	11	10	16	13	15	18	32	18	27	3	21	11	6	5	22	5	4	10	15	7	5	18	47	11	15	5	30	12	
2412_A/duck/Hunan/689/200 12	10	13	3	24	7	6	13	8	11	0	0	8	3	1	0	17	8	5	1	9	6	8	2	8	15	13	8	11	6	5	2	21	6	16	6	11	10	15	13	18	19	31	17	26	2	23	11	6	5	22	3	4	10	16	9	5	18	48	11	14	5	29	12	
2413_A/duck/Hunan/3315/20 12	10	13	3	24	9	6	13	8	11	0	0	8	3	1	0	16	8	4	1	10	4	8	2	8	15	13	8	11	6	6	2	21	6	15	6	11	10	16	13	17	20	30	17	26	2	24	11	6	5	22	3	4	10	17	8	5	18	48	11	14	5	29	12	
2414_A/duck/Hunan/S4020/2 12	7	12	3	23	12	7	13	6	12	0	0	9	4	1	0	18	6	5	2	8	6	8	1	9	16	13	7	11	5	5	2	24	7	15	7	9	10	16	12	17	17	34	18	25	3	20	11	8	4	23	3	4	10	14	9	4	22	49	13	14	2	28	10	
2415_A/duck/Hunan/S4030/2 12	9	12	2	22	10	8	14	8	12	0	0	8	3	1	0	19	7	5	1	8	5	8	2	9	17	12	6	10	4	6	5	25	7	13	6	7	9	17	14	17	20	34	18	26	3	18	11	5	6	20	4	5	9	16	9	5	20	47	15	14	2	29	9	
2416_A/duck/Hunan/S4150/2 13	10	11	4	23	12	8	12	5	10	0	0	10	3	1	0	14	5	5	1	12	5	8	2	9	13	11	7	12	8	7	3	23	6	12	7	7	8	19	10	18	22	30	19	25	0	23	10	6	7	19	5	5	8	18	9	6	19	48	11	14	5	29	13	
2417_A/duck/Hunan/S4220/2 12	9	13	2	24	10	6	14	6	12	0	0	8	2	1	0	18	9	5	1	8	4	8	2	11	15	13	7	10	5	5	3	23	6	15	7	8	10	15	13	17	20	31	17	26	3	22	12	7	7	21	3	5	9	17	9	5	20	49	11	14	2	26	12	
2418_A/duck/Jiangsu/S4439 14	10	12	4	22	8	7	12	8	12	0	0	7	2	1	0	17	7	6	1	8	5	7	2	12	19	12	7	9	3	6	4	24	6	16	5	8	10	17	14	17	19	34	16	26	3	19	13	5	8	18	2	5	8	16	9	5	21	50	14	14	2	27	10	
2419_A/duck/Jiangsu/SE112 14	10	12	2	22	8	7	14	8	12	0	0	7	2	1	0	18	7	5	1	7	5	8	2	12	19	12	7	9	3	6	4	24	6	16	5	8	10	17	14	17	18	33	16	26	4	20	13	5	8	20	2	5	8	15	9	5	21	47	13	14	2	29	11	
2420_A/duck/Jiangxi/34/20 12	9	13	3	24	10	6	13	6	11	0	0	8	3	1	0	18	9	5	1	8	4	8	2	11	15	13	7	10	5	5	3	24	6	16	7	8	10	14	13	16	20	33	17	26	3	20	12	6	7	21	4	4	9	15	10	7	20	49	11	14	2	27	11	
2421_A/duck/Jiangxi/35/20 12	9	13	3	24	11	6	13	6	10	0	0	8	3	1	0	18	9	5	1	8	4	8	2	11	15	12	7	10	5	6	3	26	6	15	7	7	10	15	13	15	20	33	18	26	3	20	11	6	7	21	4	5	9	15	10	6	20	49	12	14	2	26	11	
2422_A/duck/Jiangxi/44/20 8	11	11	5	27	9	8	11	7	9	0	0	8	5	1	0	14	5	7	4	9	7	7	4	11	13	9	5	11	8	8	0	20	5	14	8	12	11	17	8	19	21	31	19	25	1	21	13	7	6	22	4	5	8	16	8	4	22	47	19	14	2	29	5	
2423_A/duck/Jiangxi/120/2 13	10	12	4	23	9	7	12	7	10	0	0	6	4	1	0	17	8	6	1	9	3	7	2	9	16	12	7	13	5	6	2	22	7	14	4	11	13	17	15	16	18	35	18	26	2	19	11	4	5	23	4	6	10	14	8	7	17	42	11	13	5	35	12	
2424_A/duck/Jiangxi/130/2 13	10	12	4	23	11	7	12	5	10	0	0	9	3	1	0	14	5	5	1	12	5	8	2	9	13	11	7	14	7	7	3	23	6	11	6	8	8	20	11	18	23	29	19	25	0	24	10	6	8	19	5	4	7	17	9	6	19	49	11	14	5	29	13	
2425_A/duck/Jiangxi/S4083 15	10	10	5	21	9	9	11	4	12	0	0	9	2	1	0	18	7	6	1	9	6	7	2	10	12	11	7	12	7	7	3	23	7	11	7	7	9	21	10	17	20	24	20	25	2	27	11	5	6	19	4	4	13	18	10	6	16	49	10	16	4	29	12	
2426_A/duck/Jilin/04.04_S 13	9	14	3	23	8	5	13	8	12	0	0	7	4	1	0	18	7	5	1	6	6	8	2	12	18	12	7	9	3	6	4	25	7	14	6	8	9	18	13	16	20	32	14	27	3	20	15	5	6	20	4	5	11	16	8	5	19	49	13	14	1	27	11	
2427_A/duck/Jilin/JL-SIV/ 12	9	14	3	24	10	6	13	8	11	0	0	7	2	1	0	17	8	5	0	9	4	7	3	8	15	12	7	12	6	6	2	22	7	15	7	12	12	17	12	15	18	32	19	27	2	21	11	6	4	21	3	3	9	15	9	7	19	49	12	14	4	29	11	
2428_A/duck/Jilin/S1261/2 14	10	12	3	22	9	7	13	7	10	0	0	8	3	1	0	17	7	6	1	8	6	7	2	13	18	12	7	8	3	6	4	24	7	16	6	8	10	16	15	16	17	33	16	26	4	20	13	5	7	20	3	5	9	15	8	6	21	50	12	14	2	26	11	
2429_A/duck/Jilin/S4171/2 14	8	12	3	22	9	7	13	7	11	0	0	8	4	1	0	17	8	5	1	8	4	8	2	13	19	11	6	8	3	7	4	24	6	18	5	8	11	16	14	17	18	33	17	26	3	20	13	5	7	19	3	5	9	15	9	5	20	51	12	14	3	25	11	
2430_A/duck/Nanchang/9789 13	10	13	2	23	9	6	14	6	12	0	0	8	2	1	0	18	8	5	1	8	5	8	2	11	14	13	7	10	6	5	3	21	6	15	8	9	10	15	12	17	20	31	17	27	2	22	12	8	7	21	3	4	9	17	9	6	20	47	11	14	2	28	12	
2431_A/duck/Shandong/009/ 13	10	10	4	23	11	9	13	4	9	0	0	9	3	1	0	15	4	5	1	11	9	8	3	11	13	9	6	13	7	9	2	20	8	15	4	14	12	20	11	15	16	32	19	22	3	19	13	4	6	20	3	6	8	16	9	5	17	51	16	16	6	27	7	
2432_A/Duck/Shandong/Y01/ 13	10	11	5	23	10	8	11	5	10	0	0	10	3	1	0	14	5	5	1	12	6	8	2	9	14	11	8	12	7	7	2	23	6	11	7	9	8	19	12	17	23	30	20	25	0	22	10	7	7	19	5	3	8	18	8	6	20	49	11	14	4	28	13	
2433_A/Duck/Shandong/Y02/ 13	11	12	4	23	9	7	12	5	11	0	0	10	2	1	0	14	5	5	1	12	6	8	2	10	14	12	8	11	7	7	2	22	6	13	7	10	8	17	12	17	23	29	20	25	0	22	10	7	7	20	4	3	8	17	9	6	19	48	11	14	5	29	13	
2434_A/duck/Sichuan/NCXN1 12	9	13	2	24	10	6	14	6	12	0	0	8	2	1	0	18	9	5	1	8	4	8	2	11	15	13	7	10	5	5	3	23	6	15	7	8	10	15	13	17	20	31	17	26	3	22	12	7	7	21	3	5	9	17	9	5	20	49	11	14	2	26	12	
2435_A/duck/Sichuan/NCXN1 13	9	14	2	23	10	5	14	6	10	0	0	9	4	1	0	18	7	5	1	8	5	8	2	10	15	13	7	10	6	5	3	24	6	16	7	7	10	14	13	17	20	30	16	26	3	23	13	7	7	21	3	5	9	17	10	5	21	46	9	14	1	29	13	
2436_A/duck/Xinjiang/S106 13	10	11	2	23	8	7	14	9	11	0	0	7	3	1	0	19	7	6	1	7	5	8	2	10	19	12	7	8	3	6	4	25	5	15	5	7	11	17	14	17	21	34	16	26	2	20	12	5	8	20	3	5	10	16	9	6	19	48	11	14	1	28	12	
2437_A/duck/Xinjiang/S112 13	10	11	2	23	8	7	14	9	11	0	0	7	3	1	0	19	7	6	1	7	5	8	2	10	19	12	7	8	3	6	4	24	5	15	5	7	11	17	14	17	21	34	16	26	2	20	12	6	8	20	3	5	10	16	9	6	19	48	11	14	1	28	12	
2438_A/duck/Zhejiang/1220 13	10	12	2	23	8	7	14	8	12	0	0	7	3	1	0	18	7	5	1	7	5	8	2	12	19	12	7	9	3	6	4	25	6	15	5	7	10	17	14	17	20	32	16	26	3	20	13	5	6	21	3	5	10	15	9	5	19	49	13	14	2	27	11	
2439_A/duck/Zhejiang/S409 14	10	12	2	22	8	7	14	8	13	0	0	7	1	1	0	18	7	5	1	7	5	8	2	12	19	12	7	9	3	6	4	24	6	16	5	8	9	17	14	17	21	33	16	26	3	20	13	5	8	20	3	5	8	16	8	5	20	48	12	14	2	28	11	
2440_A/equine/China/61/20 12	10	13	2	24	9	6	14	7	11	0	0	7	3	1	0	16	7	5	1	10	5	8	2	9	15	13	7	12	6	5	3	23	6	16	6	10	11	15	13	16	19	34	18	26	2	20	10	6	5	22	3	4	10	15	9	6	19	48	12	14	4	29	11	
2441_A/equine/China/67/20 12	9	13	2	24	10	6	14	7	11	0	0	7	3	1	0	17	7	5	1	9	5	8	2	9	15	13	7	12	6	5	3	23	6	16	6	10	11	15	13	16	19	34	18	26	2	20	10	6	5	21	3	5	9	16	9	6	19	48	12	14	4	29	11	
2442_A/equine/China/68/20 12	10	13	2	23	9	6	14	7	11	0	0	7	3	1	0	16	7	5	1	11	5	8	2	9	15	13	7	12	6	5	3	23	6	16	6	10	11	15	13	16	19	33	18	26	2	21	10	6	5	22	3	4	10	15	9	6	19	48	12	14	4	29	11	
2443_A/Eurasian_Teal/Hong 15	9	11	4	22	9	8	12	3	10	0	0	12	3	1	0	17	10	6	1	9	4	7	2	11	14	11	7	11	5	7	3	21	7	10	7	8	11	20	11	16	18	32	19	26	1	22	9	5	4	20	2	5	13	17	11	7	19	47	12	13	5	32	11	
2444_A/Eurasian_Teal/Hong 14	9	11	4	23	9	8	12	3	10	0	0	12	3	1	0	18	10	6	1	9	4	7	2	11	13	11	7	10	6	7	3	21	7	10	7	8	11	20	11	16	18	31	20	26	1	22	9	5	4	20	2	5	13	17	11	7	19	49	13	13	5	30	10	
2445_A/Eurasian_Wigeon/Ho 14	9	11	4	23	9	8	12	3	10	0	0	12	3	1	0	18	10	6	1	9	4	7	2	11	13	11	7	10	6	7	3	21	7	10	7	8	11	20	11	16	18	31	20	26	1	22	9	5	4	20	2	5	13	17	11	7	19	49	13	13	5	30	10	
2446_A/Eurasian_Wigeon/Ho 14	9	11	4	23	9	8	12	3	10	0	0	12	3	1	0	18	10	6	1	9	4	7	2	11	13	11	7	10	6	7	3	21	7	10	7	8	11	20	11	16	18	31	20	26	1	22	9	5	4	20	2	5	13	17	11	7	19	49	13	13	5	30	10	
2447_A/Falco_peregrinus/B 16	10	11	4	22	9	7	12	5	10	0	0	10	3	1	0	19	9	5	1	8	5	7	2	11	13	11	7	11	6	7	3	23	7	10	6	7	10	21	11	17	20	31	20	26	1	22	9	6	4	20	2	4	13	16	11	6	18	46	15	13	4	33	8	
2448_A/Fujian/1/2005|EPI_ 17	10	11	4	19	12	8	12	4	9	0	0	10	3	1	0	15	6	5	1	12	5	8	2	7	13	13	5	14	7	5	5	25	6	10	11	9	13	21	8	15	15	34	17	25	3	21	9	5	6	24	4	4	11	13	6	5	18	45	16	15	6	33	9	
2449_A/Fujian/1/2007|EPI_ 12	10	12	2	23	9	7	14	7	11	0	0	7	3	1	0	17	7	6	1	10	5	7	2	9	17	13	7	12	4	5	3	24	8	17	6	9	11	14	14	16	17	35	17	26	2	20	10	6	5	22	3	4	10	15	8	8	18	47	12	13	4	30	11	
2450_A/Gallinago_Stenura/ 14	9	11	4	23	9	8	12	3	10	0	0	12	3	1	0	18	10	6	1	9	4	7	2	11	13	11	7	10	6	7	3	21	7	10	7	8	11	20	11	16	18	31	20	26	1	22	9	5	4	20	2	5	13	17	11	7	19	49	13	13	5	30	10	
2451_A/goose/China/E43/20 13	9	13	2	23	10	6	14	6	11	0	0	8	3	1	0	18	9	6	1	8	4	8	2	10	16	13	7	11	4	5	3	24	7	15	7	8	10	14	13	17	19	32	17	26	2	21	12	6	7	21	4	4	9	16	9	6	21	49	12	14	2	26	11	
2452_A/goose/Guangdong/SH 13	10	12	2	23	9	7	14	5	11	0	0	10	3	1	0	17	9	5	1	9	4	8	2	12	13	13	7	9	7	5	3	21	6	15	9	10	10	15	11	17	20	28	17	26	3	25	12	7	7	20	3	5	9	17	9	5	20	49	11	13	2	27	12	
2453_A/goose/Guizhou/S154 14	10	11	4	22	9	8	12	3	11	0	0	12	4	1	0	16	7	6	1	8	6	7	2	13	11	10	7	10	7	8	3	22	7	10	10	9	11	21	8	16	18	32	19	25	2	21	10	6	4	20	2	4	12	17	11	8	19	44	12	13	4	33	12	
2454_A/goose/Hunan/SE284/ 13	10	12	5	23	9	7	12	4	9	0	0	11	4	1	0	15	9	6	1	10	5	7	2	10	13	10	7	12	6	8	3	22	7	10	7	8	10	21	11	18	19	31	20	25	1	22	9	6	3	21	2	4	14	15	11	5	18	44	15	14	5	35	8	
2455_A/goose/Inner_Mongol 13	11	13	3	23	9	5	13	5	7	0	0	10	5	1	0	16	6	6	1	11	5	8	2	9	15	12	6	12	6	6	4	24	10	11	6	9	7	20	12	16	20	32	17	25	0	21	12	6	4	21	2	4	12	17	10	6	18	49	12	14	5	28	12	
2456_A/goose/Jiangsu/k040 13	10	12	3	23	10	7	13	7	10	1	0	10	3	0	0	15	5	6	1	11	6	7	2	8	13	12	8	11	7	7	2	24	6	10	7	8	11	21	11	18	21	30	20	25	0	23	9	5	7	21	3	4	9	17	10	6	18	48	10	14	5	29	12	
2457_A/goose/Jilin/S4034/ 14	9	12	3	22	9	7	13	6	11	0	0	8	3	1	0	17	7	6	1	8	6	7	2	13	18	12	6	9	3	6	5	23	6	16	6	8	10	16	14	15	18	33	16	26	4	20	13	6	7	21	3	5	9	14	9	7	21	50	12	14	2	26	11	
2458_A/goose/Shandong/03. 13	10	12	2	23	8	7	14	8	12	0	0	7	3	1	0	18	7	5	1	7	5	8	2	12	19	12	7	9	3	6	4	25	6	16	5	7	10	16	14	17	20	31	16	26	3	21	13	5	6	21	3	5	10	15	9	5	19	48	13	14	2	28	11	
2459_A/goose/Shandong/GS/ 13	11	12	2	23	9	7	14	7	12	0	0	9	3	1	0	18	7	5	2	7	5	8	2	11	18	12	7	9	3	6	3	24	7	15	5	7	8	17	14	17	20	32	17	25	3	19	13	6	6	21	3	5	10	15	9	5	18	50	12	15	3	27	11	
2460_A/goose/Zhejiang/112 13	9	13	3	23	9	6	13	8	12	0	0	6	4	1	0	20	6	5	1	6	5	8	2	13	19	12	7	9	3	6	4	25	7	14	5	6	10	18	14	18	18	32	15	26	3	20	14	5	7	21	3	5	10	14	10	5	18	48	13	14	2	28	11	
2461_A/goose/Zhejiang/727 15	11	12	2	22	9	7	14	7	12	0	0	9	3	1	0	18	7	5	1	7	5	8	2	10	18	12	8	9	3	6	3	25	6	15	5	7	9	17	14	17	20	33	16	26	3	18	14	5	5	21	3	5	11	15	9	4	19	47	12	15	2	30	11	
2462_A/Great_black-headed 14	10	12	3	22	8	7	13	8	12	0	0	8	3	1	0	18	8	5	1	7	5	8	2	12	18	13	7	8	3	6	4	24	6	16	5	7	10	16	14	16	18	32	17	26	4	19	13	5	6	20	3	6	10	15	9	6	19	50	13	13	3	27	11	
2463_A/Great_black-headed 14	10	12	3	22	8	7	13	8	12	0	0	8	3	1	0	18	8	5	1	7	5	8	2	12	18	13	7	8	3	6	4	24	6	16	5	7	10	16	14	16	18	32	17	26	4	19	13	5	6	20	3	6	10	15	9	6	19	50	13	13	3	27	11	
2464_A/Great_Cormorant/Hu 13	9	11	5	23	12	8	10	5	11	0	0	10	3	1	0	15	5	5	1	12	5	8	2	9	12	11	6	12	8	7	3	23	6	13	5	7	8	18	13	19	24	31	19	23	1	23	10	6	7	18	5	5	7	19	9	6	18	49	11	14	5	28	13	
2465_A/Great_Cormorant/Hu 13	9	11	5	23	12	8	10	5	11	0	0	10	3	1	0	15	5	5	1	12	5	8	2	9	12	11	6	12	8	7	3	23	6	13	5	7	8	18	13	19	24	30	19	23	1	24	10	6	7	19	5	5	7	18	9	6	18	49	11	14	5	28	13	
2466_A/Great_Cormorant/Hu 12	9	11	5	24	13	8	10	5	10	0	0	10	3	1	0	15	5	5	1	12	5	8	2	8	12	11	6	13	8	7	3	23	6	13	6	8	8	18	12	18	24	30	19	23	1	24	10	6	7	19	5	5	7	18	9	6	18	48	11	14	5	29	13	
2467_A/Great_Cormorant/Hu 12	9	11	5	24	13	8	10	5	10	0	0	10	3	1	0	15	5	5	1	12	5	8	2	8	12	11	6	13	8	7	3	23	6	13	6	8	8	18	12	18	24	30	19	23	1	24	10	6	7	19	5	5	7	18	9	6	18	48	11	14	5	29	13	
2468_A/Great_Cormorant/Hu 12	9	11	5	24	12	8	10	5	11	0	0	10	3	1	0	15	5	5	1	12	5	8	2	9	12	11	6	12	8	7	3	23	6	13	7	8	8	18	11	18	24	30	19	23	1	24	10	6	7	19	5	5	7	18	9	6	18	48	11	14	5	29	13	
2469_A/Guangdong/1/2006|E 12	10	13	3	24	9	7	12	9	11	0	0	6	3	1	0	17	7	5	1	9	5	8	2	7	15	13	8	14	5	5	2	23	6	17	6	10	10	15	13	16	19	33	19	26	2	20	11	6	5	20	3	4	10	16	9	6	18	48	11	14	5	30	11	
2470_A/Guangdong/1/2008|E 13	8	14	3	24	9	5	13	8	12	0	0	7	3	1	0	16	8	5	1	9	4	8	2	8	15	13	8	12	6	5	2	22	6	16	6	12	11	16	13	16	18	34	17	27	2	19	12	6	5	21	3	3	10	15	9	6	18	49	12	14	5	28	12	
2471_A/Guangdong/2/2006|E 12	10	13	2	24	9	6	14	7	11	0	0	7	3	1	0	17	7	5	1	9	5	8	2	9	16	13	7	12	5	5	3	24	7	16	6	9	10	15	13	16	19	34	18	26	2	20	10	6	5	22	3	4	10	15	9	6	20	48	12	14	3	29	11	
2472_A/Guangxi/1/2005|EPI 13	10	13	2	24	9	6	14	7	11	0	0	7	3	1	0	16	6	5	1	9	6	8	2	9	15	13	7	12	6	5	3	23	6	16	6	11	10	15	13	15	20	34	18	26	2	20	10	6	5	22	4	4	10	15	8	6	19	48	12	14	4	29	11	
2473_A/Guangxi/1/2005|EPI 13	10	13	2	24	9	6	14	7	11	0	0	7	3	1	0	16	6	5	1	9	6	8	2	9	15	13	7	12	6	5	3	23	6	16	6	11	10	15	13	15	20	34	18	26	2	20	10	6	5	22	4	4	10	15	8	6	19	48	12	14	4	29	11	
2474_A/Guangxi/1/2008|EPI 11	10	13	3	24	10	6	13	7	12	0	0	7	3	1	0	15	7	5	1	11	4	8	2	9	16	13	6	12	6	5	4	24	6	16	6	9	11	15	13	16	21	34	18	26	1	20	10	6	5	22	5	4	10	15	8	8	18	47	12	13	3	29	10	
2475_A/Guizhou/1/2009|EPI 12	10	12	2	25	9	7	13	8	11	0	0	7	3	1	0	17	7	5	0	9	5	8	3	8	15	13	7	12	6	5	3	22	8	15	6	9	9	16	13	16	17	33	18	26	3	21	10	6	5	23	3	6	8	15	9	6	20	49	13	14	5	28	10	
2476_A/hill_myna/Heilongj 13	10	12	2	23	9	7	14	8	11	0	0	8	3	1	0	18	7	5	1	7	5	8	2	11	18	12	7	9	3	6	4	25	7	15	5	7	9	17	14	17	21	31	16	26	3	21	13	5	6	19	4	5	10	16	9	6	19	49	12	13	2	28	11	
2477_A/Hong_Kong/5923/201 12	10	13	3	24	9	6	13	6	11	0	0	7	3	1	0	17	9	6	1	9	4	7	2	12	14	13	7	10	6	5	3	23	6	15	8	8	10	15	12	17	20	30	17	26	3	23	12	7	7	21	3	5	9	17	9	5	20	48	11	14	2	27	12	
2478_A/Hunan/1/2006|EPI_I 12	9	12	2	24	10	7	14	7	11	0	0	7	3	1	0	17	7	5	1	9	5	8	2	9	15	13	7	12	6	5	3	23	6	14	7	10	11	16	13	16	19	34	18	26	2	20	10	6	5	22	3	4	10	15	8	6	19	48	13	14	4	29	11	
2479_A/Hunan/1/2008|EPI_I 18	11	11	4	18	11	8	12	3	9	0	0	12	3	1	0	15	6	5	1	11	5	8	2	9	13	11	5	12	7	7	5	25	6	12	11	9	13	19	8	14	15	32	17	25	3	23	10	5	8	25	4	4	9	11	7	5	16	47	16	15	7	32	9	
2480_A/Hunan/2/2009|EPI_I 13	10	12	2	24	9	7	13	8	11	0	0	7	3	1	0	18	7	5	0	9	5	8	2	8	15	13	7	12	6	5	3	22	7	15	6	10	10	16	13	15	17	34	17	26	3	21	10	6	5	23	3	5	8	15	9	7	20	49	12	14	5	28	11	
2481_A/Japanese_white-eye 13	10	12	2	23	9	7	14	8	12	0	0	8	3	1	0	18	7	5	1	7	5	8	2	11	18	12	7	9	3	6	4	25	7	15	5	7	9	17	14	17	20	31	16	26	3	21	13	5	6	20	3	5	10	16	9	5	19	48	12	14	2	29	11	
2482_A/Jiangsu/1/2007|EPI 12	8	14	3	24	9	5	13	8	12	0	0	7	3	1	0	17	8	5	1	9	4	8	2	7	15	12	8	13	6	6	2	23	6	16	6	12	11	16	13	16	18	34	17	26	2	21	11	5	5	22	3	3	10	14	9	6	18	49	12	15	5	28	11	
2483_A/Jiangsu/2/2007|EPI 12	8	14	3	24	9	5	13	8	12	0	0	7	3	1	0	17	8	5	1	9	4	8	2	7	15	12	8	13	6	6	2	23	6	16	6	12	11	16	13	16	18	34	17	26	2	21	11	5	5	22	3	3	10	14	9	6	18	49	12	15	5	28	11	
2484_A/Jiangxi/1/2005|EPI 17	10	11	4	19	12	8	12	3	9	0	0	11	3	1	0	14	7	5	1	13	4	8	2	7	13	12	5	14	7	6	5	25	6	10	11	9	13	21	8	14	15	32	17	25	3	23	10	5	6	24	4	4	11	13	6	5	18	47	16	15	6	31	9	
2485_A/lesser_kestrel/Hei 12	10	13	3	24	9	6	13	7	11	1	0	9	3	0	0	17	8	5	1	9	4	8	2	8	15	13	8	11	6	5	2	21	6	16	6	11	10	15	13	18	19	30	17	25	3	23	11	6	5	22	3	4	10	16	9	5	18	48	12	14	5	29	12	
2486_A/lion/Hubei/1-2/201 12	9	12	6	24	12	7	9	5	11	0	0	10	3	1	0	14	5	5	1	12	5	8	2	10	12	11	6	12	8	7	3	23	6	14	6	7	8	18	12	19	24	29	19	23	1	24	10	6	7	19	5	5	7	18	9	6	18	50	11	14	5	26	14	
2487_A/mallard/Heilongjia 14	10	10	4	22	10	9	13	6	11	0	0	8	2	1	0	15	4	5	1	10	8	8	3	10	12	9	6	13	9	9	2	20	7	13	4	13	14	21	11	16	17	36	15	24	1	17	15	4	5	21	5	5	10	15	8	7	18	55	13	13	4	24	10	
2488_A/mandarin_duck/Heil 14	10	11	4	22	10	8	12	6	9	0	0	10	4	1	0	17	7	6	1	8	6	7	2	10	12	12	6	12	7	6	5	23	4	12	4	8	12	20	12	17	20	31	19	25	1	22	10	6	3	19	3	6	13	18	10	6	18	43	11	12	6	34	12	
2489_A/mandarin_duck/Hena 15	10	12	4	22	9	7	12	4	9	0	0	12	4	1	0	17	9	6	1	9	5	7	2	10	13	11	7	11	6	7	3	21	7	9	7	8	10	23	10	17	19	33	19	26	1	21	9	6	3	21	2	4	14	15	10	6	18	45	15	13	5	34	9	
2490_A/meerkat/Shanghai/S 12	10	12	2	23	9	7	14	7	12	0	0	9	3	1	0	19	7	5	1	7	5	8	2	10	17	12	7	10	4	6	4	25	7	15	6	7	9	17	13	17	20	32	15	26	3	20	13	5	6	21	3	5	10	15	9	5	18	49	12	14	3	28	12	
2491_A/mink/China/G/2015| 12	9	13	2	24	10	6	14	7	11	0	0	7	3	1	0	17	9	5	1	8	4	8	2	10	15	13	7	12	5	5	3	22	6	15	7	8	9	15	13	17	21	32	17	26	3	21	12	8	7	22	3	4	9	15	9	6	20	50	12	14	2	26	11	
2492_A/mink/China/XB/2015 11	9	11	5	24	11	8	10	5	11	0	0	10	3	1	0	14	5	5	1	13	5	8	2	10	12	11	6	12	8	7	3	23	6	13	6	7	8	18	12	19	24	30	19	23	1	24	10	6	8	19	5	5	8	18	9	6	17	47	10	14	5	30	14	
2493_A/mink/Eastern_China 15	12	13	7	21	7	6	9	3	8	0	0	12	4	1	0	18	6	8	1	9	7	6	3	12	16	10	3	7	3	8	5	21	10	15	9	10	8	16	8	18	17	35	16	27	2	20	13	6	6	21	3	6	10	16	7	6	18	50	19	14	3	28	7	
2494_A/Nanjing/1/2015|EPI 12	9	10	5	24	12	8	10	5	10	0	0	10	3	1	0	14	5	6	1	12	5	8	2	10	12	11	6	12	8	7	3	23	6	14	6	7	8	17	12	19	25	32	19	23	1	22	10	6	7	20	5	5	7	17	9	6	18	47	11	14	5	30	13	
2495_A/ostrich/Suzhou/097 18	10	11	4	19	11	8	12	5	8	0	0	11	4	1	0	15	6	5	1	10	5	8	2	5	12	14	5	15	8	5	5	26	7	11	11	8	12	20	7	14	14	36	17	25	4	18	12	4	7	20	3	5	10	17	8	4	19	48	16	16	5	30	8	
2496_A/parrot/Guangdong/C 18	10	11	4	19	12	8	12	4	8	0	0	11	3	1	0	15	6	6	1	12	5	7	2	5	14	12	5	14	7	6	5	23	6	11	11	10	13	19	9	14	15	36	16	25	3	18	12	5	7	23	3	5	10	14	6	5	19	45	19	15	5	32	8	
2497_A/peacock/Yunnan/1/2 12	10	11	5	24	11	8	10	5	11	0	0	10	3	1	0	15	6	5	1	12	5	8	2	9	11	11	6	12	8	7	3	22	6	13	6	10	8	18	12	17	25	29	19	24	1	25	10	6	7	19	5	4	7	18	9	7	18	48	10	13	4	29	14	
2498_A/peacock/Yunnan/3/2 12	10	11	5	24	11	8	10	5	11	0	0	10	3	1	0	15	5	5	1	12	5	8	2	9	12	11	6	12	8	7	3	22	6	13	6	10	8	18	12	17	25	29	19	24	1	25	10	6	7	19	5	4	7	18	9	7	18	48	10	13	4	29	14	
2499_A/pigeon/Hubei/RP25/ 12	10	10	2	24	8	8	14	7	11	0	0	7	3	1	0	16	7	8	1	11	5	6	2	8	14	14	7	12	6	4	4	25	7	15	6	10	13	16	13	15	19	35	16	26	2	19	11	4	5	23	3	5	9	14	9	9	19	43	12	13	3	33	11	
2500_A/pigeon/Jiangsu/12. 13	9	13	3	23	8	7	12	7	12	0	0	8	4	1	0	19	7	5	1	6	6	7	3	12	18	13	6	9	3	6	4	25	7	15	5	7	9	17	14	18	20	32	15	25	3	20	14	6	6	21	3	4	11	15	9	5	18	48	13	14	2	28	11	
2501_A/pigeon/Jiangxi/S40 15	10	10	5	21	9	9	11	4	12	0	0	9	2	1	0	18	7	6	1	9	6	7	2	10	12	11	7	12	7	7	3	23	7	11	7	7	9	21	10	17	20	25	20	25	2	26	11	5	6	20	4	4	13	17	10	6	16	50	10	16	4	28	12	
2502_A/pigeon/Jilin/04.25 13	9	12	2	23	9	7	14	8	11	0	0	7	3	1	0	18	7	5	1	7	5	8	2	12	19	12	7	9	3	6	4	24	6	15	5	9	9	18	14	16	22	33	16	26	2	20	13	5	7	22	2	5	9	14	10	5	20	47	13	14	2	27	11	
2503_A/pigeon/Jilin/S4176 14	8	12	3	22	9	7	13	7	11	0	0	8	4	1	0	17	8	5	1	8	4	8	2	13	19	11	6	8	3	7	4	24	6	18	5	8	10	16	14	17	19	33	16	26	3	20	14	5	7	19	3	5	9	15	9	5	20	51	12	14	3	25	11	
2504_A/pigeon/Sichuan/NCX 13	9	14	2	23	10	5	14	6	10	0	0	9	4	1	0	18	7	5	1	8	5	8	2	10	15	13	7	10	6	5	3	24	6	16	7	7	10	14	13	17	20	30	16	26	3	23	13	7	7	21	3	5	9	18	9	5	21	46	9	14	1	29	13	
2505_A/pigeon/Zhejiang/11 13	9	13	3	23	8	6	13	7	12	0	0	6	4	1	0	19	6	5	1	6	7	8	2	13	19	12	7	10	3	6	4	25	7	15	5	7	9	17	14	17	19	32	15	26	3	20	14	5	6	21	3	5	11	15	9	5	18	49	12	14	2	27	12	
2506_A/pigeon/Zhejiang/11 13	10	12	2	23	8	7	14	8	12	0	0	7	3	1	0	18	7	5	1	7	5	8	2	12	19	12	7	9	3	6	4	25	6	15	5	7	10	17	14	17	20	32	16	26	3	20	13	5	6	21	3	5	10	15	9	5	19	49	13	14	2	27	11	
2507_A/pigeon/Zhejiang/72 15	11	12	2	22	9	7	14	7	12	0	0	9	3	1	0	18	7	5	1	7	5	8	2	10	18	12	8	9	3	6	3	25	6	16	5	7	9	16	14	17	20	33	16	26	3	18	14	5	5	21	3	5	11	15	9	4	19	47	12	15	2	30	11	
2508_A/plateau_pika/Qingh 15	10	12	1	21	12	7	15	3	9	0	0	12	3	1	0	17	5	5	1	9	6	8	1	8	12	10	5	12	9	8	5	21	7	15	9	11	12	18	9	17	17	33	18	25	2	18	13	8	5	24	4	3	9	13	9	7	20	44	14	13	3	33	9	
2509_A/quail/Nanchang/663 13	10	13	2	23	9	6	14	6	11	0	0	8	3	1	0	18	9	5	1	8	4	8	2	11	14	13	6	10	6	5	3	21	6	15	8	9	10	15	12	17	20	31	18	27	2	22	12	8	7	21	3	4	9	17	9	6	20	48	11	14	2	27	12	
2510_A/Shandong/1/2009|EP 12	9	14	3	23	8	6	13	8	12	0	0	7	3	1	0	17	8	5	1	9	4	8	2	7	15	11	8	13	6	7	2	22	7	17	6	11	12	14	14	16	18	33	17	27	1	20	12	6	5	22	3	3	9	14	9	6	19	49	12	14	5	29	11	
2511_A/Sichuan/1/2006|EPI 12	9	13	3	24	9	6	13	8	11	0	0	7	3	1	0	17	8	5	1	9	5	8	2	8	16	13	8	12	5	5	2	23	7	15	6	10	10	16	13	16	18	33	17	26	3	21	11	6	5	23	3	4	9	15	9	6	18	48	12	14	5	29	11	
2512_A/Sichuan/2/2006|EPI 12	10	13	3	24	9	6	13	8	11	0	0	7	3	1	0	17	7	5	1	9	5	8	2	8	15	13	8	12	6	5	2	23	7	15	6	10	10	16	13	16	18	33	17	26	3	21	11	7	5	23	3	3	9	15	9	6	18	48	12	14	5	29	11	
2513_A/Spatula_querquedul 14	9	11	5	22	11	8	11	6	10	0	0	10	3	1	0	14	6	7	1	12	6	6	2	6	13	11	5	14	7	7	4	23	6	10	6	9	10	21	12	17	20	25	18	25	1	28	12	5	5	22	2	4	11	15	12	7	19	47	8	14	4	30	15	
2514_A/swine/Shandong/SD1 18	10	9	3	18	12	10	13	4	8	0	0	12	3	1	0	15	6	5	1	11	5	8	2	6	12	12	5	14	9	6	5	23	6	13	11	10	13	19	7	13	16	34	14	25	3	19	14	5	6	24	2	5	11	14	9	8	18	45	17	13	5	32	8	
2515_A/tiger/Yunnan/tig14 13	9	13	2	23	10	6	14	6	11	0	0	9	3	1	0	18	7	5	1	8	5	8	2	11	14	13	7	9	7	5	3	24	6	16	8	7	10	14	12	17	20	29	16	26	3	24	13	7	7	21	3	5	9	18	9	5	21	47	10	14	1	27	13	
2516_A/tiger/Yunnan/tig14 14	9	12	2	22	10	7	14	6	11	0	0	9	3	1	0	18	9	5	1	8	3	8	2	11	15	13	7	9	6	5	3	23	6	14	8	8	11	16	12	18	19	30	17	26	3	23	12	8	7	21	3	4	8	17	9	5	20	49	11	14	2	26	12	
2517_A/tiger/Yunnan/tig15 12	8	11	5	24	11	8	10	5	13	0	0	10	3	1	0	14	5	5	1	12	5	8	2	9	12	11	6	13	8	7	3	23	6	13	7	7	8	18	11	18	24	29	19	24	1	25	10	6	7	19	5	5	7	18	9	6	17	47	11	14	6	30	13	
2518_A/tundra_swan/Fujian 14	9	11	4	23	9	8	12	3	10	0	0	12	3	1	0	19	10	6	2	8	4	7	2	11	13	11	7	10	6	7	3	21	7	10	6	8	11	20	11	16	18	31	20	26	1	22	9	5	4	20	2	5	13	17	11	7	19	48	13	13	5	31	10	
2519_A/turtle_dove/Guangd 12	10	12	3	25	9	6	13	8	11	0	0	7	3	1	0	17	7	6	1	8	5	8	2	8	15	13	8	12	6	5	2	22	6	15	6	11	10	16	13	16	18	32	17	26	3	22	11	6	5	23	3	4	10	15	9	6	18	48	12	14	5	29	11	
2520_A/turtle_dove/Hunan/ 13	9	10	5	23	12	9	10	5	11	0	0	10	3	1	0	14	5	5	1	12	5	8	2	10	12	11	6	12	8	7	3	23	6	14	6	7	9	17	12	19	23	29	18	23	1	25	11	6	8	19	4	5	6	17	10	6	19	50	10	14	5	27	14	
2521_A/whooper_swan/Henan 15	10	12	4	22	9	7	12	4	9	0	0	11	4	1	0	17	9	6	1	9	5	7	2	10	13	11	7	12	6	7	3	21	7	9	7	8	10	23	10	17	19	32	19	26	1	22	9	6	3	21	2	4	14	15	10	6	18	46	15	13	5	33	9	
2522_A/whooper_swan/Henan 15	10	12	4	22	9	7	12	4	9	0	0	11	4	1	0	17	9	6	1	9	5	7	2	10	13	11	7	12	6	7	3	21	7	9	7	8	10	23	10	17	19	32	19	26	1	22	9	6	3	21	2	4	14	15	10	6	18	46	15	13	5	33	9	
2523_A/whooper_swan/Henan 15	10	12	4	22	9	7	12	4	9	0	0	11	4	1	0	17	9	6	1	9	5	7	2	10	13	11	7	12	6	7	3	21	7	9	7	8	10	23	10	17	19	32	19	26	1	22	9	6	3	21	2	4	14	15	10	6	18	46	15	13	5	33	9	
2524_A/whooper_swan/Henan 15	10	12	4	22	9	7	12	4	9	0	0	11	4	1	0	17	9	6	1	9	5	7	2	10	13	11	7	12	6	7	3	21	7	9	7	8	10	23	10	17	19	32	19	26	1	22	9	6	3	21	2	4	14	15	10	6	18	46	15	13	5	33	9	
2525_A/whooper_swan/Henan 15	10	12	4	22	9	7	12	4	9	0	0	11	4	1	0	17	9	6	1	9	5	7	2	10	13	11	7	12	6	7	3	21	7	9	7	8	10	23	10	17	19	32	19	26	1	22	9	6	3	21	2	4	14	15	10	6	18	46	15	13	5	33	9	
2526_A/whooper_swan/Henan 15	10	12	4	22	9	7	12	4	9	0	0	12	4	1	0	17	9	6	1	9	5	7	2	10	13	11	7	11	6	7	3	21	7	9	7	8	10	23	10	17	19	33	19	26	1	21	9	6	3	21	2	4	14	15	10	6	18	45	15	13	5	34	9	
2527_A/whooper_swan/Henan 14	10	12	2	22	8	7	14	9	12	0	0	7	3	1	0	18	7	5	1	7	6	8	2	12	18	12	7	9	3	6	4	24	6	15	5	7	10	16	14	16	20	32	16	26	4	21	13	5	6	21	3	6	10	15	9	6	18	50	13	13	2	26	11	
2528_A/whooper_swan/Henan 14	10	12	2	22	8	7	14	9	12	0	0	7	3	1	0	18	7	5	1	7	6	8	2	12	18	12	7	9	3	6	4	24	6	16	5	7	10	16	14	16	20	32	16	26	4	20	13	5	6	21	3	6	10	15	9	6	18	50	13	13	2	26	11	
2529_A/whooper_swan/Henan 14	10	12	2	22	8	7	14	9	12	0	0	7	3	1	0	18	7	5	2	7	6	8	2	12	18	12	7	9	3	6	3	24	6	16	5	7	10	16	14	16	20	31	16	26	4	21	13	5	6	21	3	6	10	15	9	6	18	50	13	13	2	26	11	
2530_A/whooper_swan/Henan 14	10	12	2	22	8	7	14	9	12	0	0	7	3	1	0	18	7	5	1	7	6	8	2	12	18	12	7	9	3	6	4	24	6	16	5	7	10	16	14	16	20	32	16	26	4	20	13	5	6	21	3	6	10	15	9	6	18	50	13	13	2	26	11	
2531_A/whooper_swan/Shanx 15	10	12	4	22	9	7	12	5	9	0	0	11	4	1	0	17	9	6	1	9	5	7	2	9	13	11	7	12	6	7	3	21	7	9	7	8	10	23	10	17	19	32	19	26	1	22	9	6	3	21	2	3	14	15	10	6	18	46	15	14	5	33	9	
2532_A/whooper_swan/Shanx 15	10	12	4	22	9	7	12	4	9	0	0	11	4	1	0	17	9	6	1	9	5	7	2	10	13	11	7	12	6	7	3	21	7	9	7	8	10	23	10	17	19	32	19	26	1	22	9	6	3	21	2	4	14	15	10	6	18	46	15	13	5	33	9	
2533_A/wild_duck/Fujian/1 12	9	13	2	24	10	6	14	6	10	0	0	8	4	1	0	19	10	5	2	8	3	8	1	11	15	12	7	9	5	6	3	22	5	15	7	8	10	15	13	17	19	32	18	26	3	21	12	8	7	21	3	4	10	16	9	6	20	50	12	14	2	26	11	
2534_A/wild_duck/Fujian/2 12	9	13	2	24	10	6	14	6	10	0	0	8	4	1	0	19	10	5	1	8	3	8	3	11	15	12	7	9	5	6	3	22	5	15	7	8	10	14	13	17	19	33	17	25	3	21	12	8	8	21	3	4	9	16	9	7	19	50	12	15	2	26	11	
2535_A/wild_duck/Hebei/SD 15	10	11	5	22	9	8	11	3	9	0	0	11	4	1	0	18	8	6	1	8	5	7	2	11	13	10	7	11	7	8	3	21	7	10	7	8	10	21	11	16	19	33	20	27	1	21	9	6	3	20	3	4	13	16	10	7	19	46	13	13	5	32	10	
2536_A/wild_duck/Jilin/HF 13	10	11	4	23	10	8	12	4	10	0	0	11	3	1	0	14	5	5	1	12	7	6	2	9	14	12	7	12	7	7	3	23	6	11	7	8	8	19	12	17	23	29	20	25	0	23	9	7	8	19	4	3	7	18	9	7	19	49	11	14	5	29	13	
2537_A/wild_duck/Jilin/ZF 13	10	12	2	22	10	7	14	4	10	0	0	10	3	1	0	15	5	6	1	12	5	7	1	10	14	11	9	12	7	7	2	23	6	10	6	9	8	21	12	18	23	29	21	24	0	23	9	7	6	19	3	3	10	19	10	6	19	51	10	14	5	26	13	
2538_A/wild_duck/Shandong 11	10	13	3	25	10	7	12	6	10	0	0	9	1	1	0	14	6	4	1	11	6	8	2	11	14	13	7	11	7	6	2	25	9	14	6	5	11	18	13	16	21	33	20	25	0	19	12	5	4	20	4	5	10	18	10	4	18	50	9	15	6	26	13	
2539_A/wild_duck/Shandong 13	11	12	4	23	9	7	12	5	11	0	0	10	2	1	0	14	5	5	1	12	6	8	2	9	14	11	8	12	7	7	2	23	6	13	7	9	8	17	12	17	23	31	19	25	0	22	10	7	7	19	4	3	8	18	9	6	19	47	11	14	5	30	13	
2540_A/wild_duck/Shandong 16	10	14	4	21	9	6	12	8	12	0	0	8	2	1	0	17	8	5	1	10	5	6	2	9	15	12	8	8	5	6	2	22	8	18	5	12	10	13	13	13	19	32	17	27	1	22	13	5	8	25	5	5	6	14	7	6	20	43	12	14	6	31	11	
2541_A/Xinjiang/1/2006|EP 17	10	11	4	19	12	8	12	4	9	0	0	12	3	1	0	16	7	6	1	11	5	7	2	5	13	12	4	14	6	6	6	24	6	10	12	9	13	21	7	14	15	35	19	25	4	18	10	5	5	24	4	5	10	13	5	5	20	48	17	15	5	30	9	
2542_A/Xinjiang/1/2009|EP 12	10	13	3	24	9	6	13	8	13	0	0	6	1	1	0	17	6	4	1	9	5	9	2	8	16	13	6	13	6	5	4	25	5	16	8	9	11	13	13	14	20	35	19	25	2	18	10	7	5	20	4	4	10	17	8	7	20	47	11	14	3	30	12	
2543_A/Zhejiang/1/2006|EP 12	9	13	3	24	9	6	13	8	12	0	0	7	3	1	0	17	8	5	1	9	5	8	2	8	14	13	8	12	6	5	2	22	6	15	6	12	9	16	13	16	18	33	17	26	3	21	11	6	5	23	3	4	10	15	9	6	18	48	12	14	5	29	11	
2544_A/Anas_platyrhynchos 14	9	11	5	22	11	8	11	6	10	0	0	10	3	1	0	14	6	7	1	12	6	6	2	6	13	11	5	14	7	7	4	23	6	10	6	9	10	21	12	17	20	25	18	25	1	28	12	5	5	22	2	4	11	15	12	7	19	47	8	14	4	30	15	
2545_A/Anhui/1/2006_H5N1| 12	11	13	3	24	9	6	13	9	11	0	0	6	2	1	0	17	7	5	1	9	5	8	2	7	15	13	8	13	6	5	2	23	6	17	6	10	10	15	13	16	19	33	19	26	2	20	10	6	5	20	3	4	10	16	9	6	18	48	9	14	5	30	14	
2546_A/Anhui/1/2007_H5N1| 13	10	13	3	23	9	6	13	7	11	0	0	7	3	1	0	17	8	5	1	9	6	8	2	9	14	13	8	12	5	5	2	21	6	14	7	12	10	17	12	16	18	34	16	26	3	21	12	6	5	23	3	4	10	15	9	6	18	47	12	14	5	29	11	
2547_A/Anhui/2/2005_H5N1| 12	10	13	3	24	10	6	13	8	11	0	0	7	3	1	0	17	7	5	1	9	4	8	2	8	15	13	8	12	6	5	2	22	6	15	6	11	10	16	13	16	18	33	17	25	3	21	11	7	5	23	3	4	9	15	9	6	18	48	12	15	5	29	11	
2548_A/Anser_cygnoides/Ch 13	8	13	2	23	11	6	14	6	11	0	0	10	3	1	0	18	7	5	1	8	5	8	2	11	14	12	7	9	7	6	3	24	6	16	8	7	9	14	12	17	19	27	15	26	4	26	14	7	7	20	3	5	10	19	9	5	21	46	11	13	1	27	13	
2549_A/Anser_fabalis/jiuj 14	9	11	5	22	11	8	11	6	10	0	0	10	3	1	0	14	6	7	1	12	6	6	2	6	13	11	5	14	7	7	4	23	6	10	6	9	10	21	12	17	20	25	18	25	1	28	12	5	5	22	2	4	11	15	12	7	19	47	8	14	4	30	15	
2550_A/Anser_fabalis/jiuj 14	9	11	5	22	11	8	11	6	10	0	0	10	3	1	0	14	6	7	1	12	6	6	2	6	13	11	5	14	7	7	4	23	6	10	6	9	10	21	12	17	20	25	18	25	1	28	12	5	5	22	2	4	11	15	12	7	19	47	8	14	4	30	15	
2551_A/Anser_fabalis/jiuj 14	9	11	5	22	11	8	11	6	10	0	0	10	3	1	0	14	6	7	1	12	6	6	2	6	13	11	5	14	7	7	4	23	6	10	6	9	10	21	12	17	20	25	18	25	1	28	12	5	5	22	2	4	11	15	12	7	19	47	8	14	4	30	15	
2552_A/Duck/Jiangxi/631/2 15	8	10	5	21	10	8	11	2	10	0	0	10	3	1	0	12	8	8	1	14	6	6	2	8	12	11	5	15	8	7	4	25	7	11	6	7	9	20	12	18	18	25	18	25	3	28	12	6	4	21	2	4	12	16	11	5	19	51	10	15	4	27	13	
2553_A/Guangdong/1/2008_H 13	8	14	3	24	9	5	13	8	12	0	0	7	3	1	0	16	8	5	1	9	4	8	2	8	15	13	8	12	6	5	2	22	6	16	6	12	11	16	13	16	18	34	17	27	2	19	12	6	5	21	3	3	10	15	9	6	18	49	12	14	5	28	12	
2554_A/Guangdong/2/2006_H 12	10	13	2	24	9	6	14	7	11	0	0	7	3	1	0	17	7	5	1	9	5	8	2	9	16	13	7	12	5	5	3	24	7	16	6	9	10	15	13	16	19	34	18	26	2	20	10	6	5	22	3	4	10	15	9	6	20	48	12	14	3	29	11	
2555_A/Guangxi/1/2005_H5N 13	10	13	2	24	9	6	14	7	11	0	0	8	3	1	0	16	6	5	1	9	6	8	2	9	15	14	7	11	7	5	3	22	7	15	6	11	10	16	13	15	19	34	18	26	2	21	9	6	5	22	4	4	10	15	8	6	18	44	13	14	4	32	11	
2556_A/Guangxi/1/2008_H5N 11	10	13	3	24	10	6	13	7	12	0	0	7	3	1	0	15	7	5	1	11	4	8	2	9	16	13	6	12	6	5	4	24	6	16	6	9	11	15	13	16	21	34	18	26	1	20	10	6	5	22	5	4	10	15	8	8	18	47	12	13	3	29	10	
2557_A/Guizhou/1/2009_H5N 12	10	12	2	25	9	7	13	8	11	0	0	7	3	1	0	17	7	5	0	9	5	8	3	8	15	13	7	12	6	5	3	22	8	15	6	9	9	16	13	16	17	33	18	26	3	21	10	6	5	23	3	6	8	15	9	6	20	49	13	14	5	28	10	
2558_A/Hunan/1/2008_H5N1| 18	11	11	4	18	11	8	12	3	9	0	0	12	3	1	0	15	6	5	1	11	5	8	2	9	13	11	5	12	7	7	5	25	6	12	11	9	13	19	8	14	15	32	17	25	3	23	10	5	8	25	4	4	9	11	7	5	16	47	16	15	7	32	9	
2559_A/Hunan/2/2009_H5N1| 13	10	12	2	24	9	7	13	8	11	0	0	7	3	1	0	18	7	5	0	9	5	8	2	8	15	13	7	12	6	5	3	22	7	15	6	10	10	16	13	15	17	34	17	26	3	21	10	6	5	23	3	5	8	15	9	7	20	49	12	14	5	28	11	
2560_A/Japanese_white-eye 13	10	12	2	23	9	7	14	8	12	0	0	8	3	1	0	18	7	5	1	7	5	8	2	11	18	12	7	9	3	6	4	25	7	15	5	7	9	17	14	17	20	31	16	26	3	21	13	5	6	20	3	5	10	16	9	5	19	48	12	14	2	29	11	
2561_A/Nanjing/1/2015_H5N 12	9	10	5	24	12	8	10	5	10	0	0	10	3	1	0	14	5	6	1	12	5	8	2	10	12	11	6	12	8	7	3	23	6	14	6	7	8	17	12	19	25	32	19	23	1	22	10	6	7	20	5	5	7	17	9	6	18	47	11	14	5	30	13	
2562_A/Shandong/1/2009_H5 12	9	14	3	23	8	6	13	8	12	0	0	7	3	1	0	17	8	5	1	9	4	8	2	7	15	11	8	13	6	7	2	22	7	17	6	11	12	14	14	16	18	33	17	27	1	20	12	6	5	22	3	3	9	14	9	6	19	49	12	14	5	29	11	
2563_A/Spatula_querquedul 14	9	11	5	22	11	8	11	6	10	0	0	10	3	1	0	14	6	7	1	12	6	6	2	6	13	11	5	14	7	7	4	23	6	10	6	9	10	21	12	17	20	25	18	25	1	28	12	5	5	22	2	4	11	15	12	7	19	47	8	14	4	30	15	
2564_A/Wild_bird/Huadong/ 13	9	11	5	23	12	8	10	6	11	0	0	10	3	1	0	15	5	5	1	12	5	8	2	9	12	11	6	12	8	7	3	23	6	13	5	7	8	18	13	20	24	30	19	23	1	24	10	6	7	19	5	5	7	18	9	5	18	48	12	13	5	29	12	
2565_A/Wild_bird/Huadong/ 14	10	12	3	22	8	7	13	7	12	0	0	8	3	1	0	17	6	6	1	8	7	7	2	13	17	12	7	8	3	6	4	24	6	16	6	8	10	16	14	16	19	33	16	26	4	20	13	5	7	20	3	5	9	15	9	7	20	49	13	13	2	26	11	
2566_A/Wild_bird/Huadong/ 14	10	12	2	22	8	7	14	8	12	0	0	7	3	1	0	18	7	5	1	7	6	8	2	12	18	12	7	9	3	6	4	24	7	15	5	7	9	17	14	17	20	31	16	26	3	21	13	6	5	21	3	5	11	15	9	5	19	50	11	14	2	27	12	
2567_A/Xinjiang/1/2009_H5 12	10	13	3	24	9	6	13	8	13	0	0	6	1	1	0	17	6	4	1	9	5	9	2	8	16	13	6	13	6	5	4	25	5	16	8	9	11	13	13	14	20	35	19	25	2	18	10	7	5	20	4	4	10	17	8	7	20	47	11	14	3	30	12	
2568_A/avian/Hong_Kong/07 13	10	13	2	23	9	6	14	8	12	0	0	7	3	1	0	15	7	5	1	10	5	8	2	9	16	13	8	12	5	5	2	23	6	15	6	10	11	16	13	17	21	33	18	26	1	21	10	6	6	21	4	4	9	16	8	6	18	47	13	13	4	29	10	
2569_A/avian/Hong_Kong/19 13	10	13	2	23	10	6	14	8	11	0	0	8	3	1	0	15	7	4	1	10	5	8	2	9	15	14	8	11	6	5	2	23	6	15	6	10	11	16	13	17	21	32	18	26	1	21	10	6	6	22	4	4	9	15	8	6	18	48	13	13	4	29	10	
2570_A/avian/Hong_Kong/23 15	10	12	2	22	10	6	14	8	11	0	0	7	3	1	0	16	7	5	1	9	5	8	2	9	15	13	8	12	6	5	2	23	6	15	6	10	11	16	13	17	21	32	18	26	1	21	10	6	6	22	4	4	9	15	8	6	18	48	13	13	4	29	10	
2571_A/bar-headed_goose/Q 18	11	11	4	18	12	8	12	3	7	0	0	12	3	1	0	15	7	6	1	11	5	7	2	7	14	12	6	15	7	6	5	22	7	10	12	10	16	21	6	14	16	36	20	23	3	16	9	4	7	24	3	5	10	13	5	6	19	48	17	15	3	28	11	
2572_A/bar-headed_goose/T 17	11	11	4	20	12	8	12	4	8	0	0	13	3	1	0	14	7	6	1	11	5	7	2	6	13	12	6	12	7	7	4	24	7	10	12	10	12	21	7	14	15	33	20	25	3	20	9	6	5	23	5	3	10	13	5	6	20	48	17	15	5	29	9	
2573_A/brown-headed_gull/ 13	10	12	3	23	10	7	11	5	10	1	0	11	3	0	0	15	6	5	1	11	5	8	2	9	13	12	8	11	7	7	2	23	5	9	7	9	9	21	12	16	21	29	20	26	1	23	10	6	7	21	4	4	8	18	10	6	19	51	10	14	5	26	13	
2574_A/brown-headed_gull/ 13	10	12	3	24	10	7	12	5	10	1	0	11	3	0	0	16	6	5	1	11	5	8	2	9	13	12	8	11	7	7	2	22	5	10	7	9	8	21	12	15	21	29	21	27	1	23	9	6	8	20	3	4	8	18	10	6	19	51	10	14	5	26	13	
2575_A/chicken/China/Cang 14	9	11	5	22	11	8	11	6	10	0	0	10	3	1	0	14	6	7	1	12	6	6	2	7	13	11	5	14	7	7	4	23	6	10	6	9	10	21	12	17	20	25	18	25	1	28	12	5	5	22	2	4	11	15	12	7	19	48	7	13	4	30	15	
2576_A/chicken/China/E93/ 12	11	13	3	23	9	7	13	7	11	0	0	9	1	1	0	16	6	5	1	11	6	8	1	10	13	13	7	10	7	6	2	24	10	13	6	6	10	18	13	16	21	32	21	26	0	19	12	5	4	20	4	5	10	18	10	4	17	50	9	15	6	26	13	
2577_A/chicken/China/E96/ 12	11	12	3	23	9	8	13	7	10	0	0	9	1	1	0	16	5	5	1	11	6	8	1	10	14	13	7	10	7	6	2	25	10	13	6	5	10	18	13	16	21	30	22	26	0	21	11	5	4	20	4	5	10	18	10	4	18	49	9	15	6	27	13	
2578_A/chicken/Eastern_Ch 13	10	12	3	23	9	7	13	7	10	0	0	6	4	1	0	16	8	6	1	10	3	7	2	9	16	12	7	13	5	6	2	24	6	15	5	10	13	16	14	16	18	35	18	26	2	19	11	5	5	23	3	6	10	14	9	7	17	41	11	12	5	36	12	
2579_A/chicken/Eastern_Ch 12	10	12	2	24	9	7	14	7	10	0	0	6	4	1	0	17	7	7	1	10	4	6	2	8	16	12	7	13	5	6	3	25	6	16	7	9	13	15	12	15	18	35	17	26	2	19	11	4	5	23	3	6	10	14	9	8	17	46	11	13	5	31	12	
2580_A/chicken/Fujian/1/2 12	10	12	2	23	9	7	14	7	11	0	0	7	3	1	0	17	7	6	1	10	5	7	2	9	17	13	7	12	4	5	3	24	8	17	6	9	11	14	14	16	17	35	17	26	2	20	10	6	5	22	3	4	10	15	8	8	18	47	12	13	4	30	11	
2581_A/chicken/Gansu/5/20 11	11	12	3	24	9	8	13	6	10	0	0	10	1	1	0	16	5	5	1	11	6	8	1	11	14	13	6	9	7	6	3	25	10	12	6	5	10	19	13	15	21	32	20	26	0	19	13	5	4	20	4	5	10	18	10	5	19	50	9	15	5	26	13	
2582_A/chicken/Gansu/6/20 12	11	13	3	23	9	7	13	7	11	0	0	10	1	1	0	16	6	5	1	11	6	8	1	10	13	13	7	9	7	6	2	25	10	13	6	5	10	18	13	16	21	32	21	26	0	19	12	5	4	20	4	5	10	18	10	4	17	50	9	15	6	26	13	
2583_A/chicken/Guangdong/ 17	10	11	4	19	12	8	12	4	9	0	0	10	3	1	0	15	6	6	1	12	5	7	2	5	13	12	5	16	7	6	5	24	7	11	12	9	13	20	7	13	15	34	18	25	3	20	10	5	5	24	3	5	10	13	7	6	21	48	17	14	5	30	8	
2584_A/chicken/Guangxi/S2 12	9	13	2	24	10	7	14	8	11	0	0	8	3	1	0	18	7	6	1	7	5	7	2	9	17	13	7	11	4	5	3	24	7	12	6	8	9	17	14	17	20	31	17	26	3	22	12	6	6	22	3	4	10	15	9	5	20	49	13	14	2	28	10	
2585_A/chicken/Guizhou/7/ 12	10	13	4	22	8	8	12	6	11	0	0	9	3	1	0	15	7	6	1	9	6	7	2	9	16	11	7	12	6	7	6	21	6	19	6	11	12	16	14	16	18	34	18	27	1	18	10	6	4	21	5	5	9	15	8	4	19	47	10	15	4	28	12	
2586_A/chicken/Hebei/A-8/ 13	11	13	4	23	9	6	12	6	9	0	0	8	3	1	0	16	5	6	1	9	7	7	2	12	13	13	6	10	8	6	4	24	8	10	5	7	12	21	13	17	20	30	22	26	0	21	11	4	4	18	5	6	10	22	8	4	20	45	11	14	4	28	12	
2587_A/chicken/Henan/A-7/ 13	11	13	2	23	8	6	14	5	8	0	0	9	5	1	0	15	6	6	1	10	7	8	2	10	14	14	6	11	6	6	4	24	7	9	5	6	12	22	12	16	19	35	21	26	1	19	10	5	6	19	4	6	10	18	9	5	19	43	10	14	5	31	13	
2588_A/chicken/Huadong/4/ 13	12	13	3	23	8	6	13	6	9	0	0	8	3	1	0	15	5	5	1	10	7	8	2	11	13	13	6	11	8	6	4	24	9	11	5	6	11	21	13	18	19	33	21	26	0	20	10	6	3	20	4	6	11	18	9	4	18	46	10	13	6	29	13	
2589_A/chicken/Hubei/2856 12	10	13	3	24	9	6	13	8	11	0	0	7	3	1	0	16	6	5	1	10	6	8	2	8	15	13	8	12	6	5	2	20	6	14	6	12	10	17	13	16	19	36	16	24	4	18	12	7	5	22	4	3	10	15	9	8	17	48	12	13	6	29	11	
2590_A/chicken/Hunan/1793 17	10	11	4	19	12	8	12	3	10	1	0	12	3	0	0	14	6	5	1	12	5	8	2	8	12	12	5	12	7	6	5	25	6	12	11	9	13	18	8	14	16	34	18	26	2	21	9	5	6	24	3	4	11	13	8	5	17	47	16	15	7	31	9	
2591_A/chicken/Hunan/21/2 13	10	13	3	23	10	6	13	8	11	0	0	7	3	1	0	17	7	5	1	9	4	8	2	8	15	13	7	12	6	5	3	23	7	16	5	12	9	16	13	16	18	34	18	26	2	20	10	6	5	22	3	4	10	15	9	6	18	49	11	14	5	28	12	
2592_A/chicken/Hunan/3/20 12	9	13	2	24	10	6	14	7	11	0	0	7	3	1	0	17	6	5	1	9	6	8	2	10	16	12	8	11	5	5	3	24	7	17	7	9	10	15	12	16	19	35	18	26	3	19	11	6	5	21	3	4	9	15	9	5	22	49	14	14	2	28	8	
2593_A/chicken/Hunan/3157 12	10	13	3	24	9	6	13	8	10	0	0	8	3	1	0	17	8	5	1	9	4	8	2	8	16	13	8	11	6	5	2	22	6	15	6	11	10	16	13	18	19	33	17	25	2	22	11	6	5	22	3	4	9	16	10	5	18	47	11	14	5	29	12	
2594_A/chicken/Hunan/8/20 13	10	12	3	23	10	7	13	5	10	0	0	10	3	1	0	15	5	5	1	11	6	8	2	9	14	11	8	12	7	7	2	23	6	10	7	9	9	21	11	17	22	29	21	25	0	23	9	6	8	19	3	4	7	19	10	6	19	50	10	14	5	27	13	
2595_A/chicken/Jiangsu/18 13	12	13	3	23	8	6	13	6	9	0	0	8	3	1	0	16	5	5	1	9	7	8	2	11	13	13	6	11	8	6	4	23	8	9	5	7	11	23	13	17	20	33	21	26	0	19	11	7	4	20	4	6	11	18	9	4	18	46	10	12	6	28	13	
2596_A/chicken/Jiangsu/24 13	10	12	3	23	8	7	13	8	12	0	0	7	3	1	0	18	7	5	1	7	6	8	2	12	18	12	7	9	3	6	4	25	8	15	5	7	8	17	14	17	20	32	16	26	3	20	13	5	6	21	4	5	10	15	8	5	19	49	13	14	2	27	11	
2597_A/chicken/Jiangsu/92 13	11	12	2	23	9	7	14	7	12	0	0	9	3	1	0	18	7	5	1	7	5	8	2	11	18	12	8	9	3	6	3	25	6	15	5	7	9	17	14	17	20	32	15	26	3	20	14	5	6	21	3	5	10	15	9	4	18	50	12	15	3	27	11	
2598_A/chicken/Jiangsu/YB 13	9	11	5	23	12	8	10	5	11	0	0	10	3	1	0	15	4	5	1	12	6	8	2	10	12	11	6	11	8	7	3	23	6	14	5	7	9	17	13	19	23	30	19	24	1	24	10	6	7	18	5	5	7	19	9	6	18	48	11	13	5	29	13	
2599_A/chicken/Jiangsu/k0 13	10	12	4	23	10	7	12	5	10	0	0	10	3	1	0	14	5	5	1	12	6	8	2	9	14	11	8	12	7	7	2	23	6	11	7	9	8	19	12	17	23	29	20	25	0	23	10	7	7	19	4	3	8	18	9	6	19	49	11	14	5	28	13	
2600_A/chicken/Jiangxi/25 12	9	13	3	24	10	6	13	6	11	0	0	8	3	1	0	18	9	5	1	8	4	8	2	11	15	13	7	10	5	6	3	24	6	16	7	8	10	14	13	16	20	33	17	26	3	20	12	6	7	21	4	4	9	15	9	7	20	50	11	14	2	26	11	
2601_A/chicken/Liaoning/2 17	10	11	4	19	12	8	12	4	9	0	0	12	3	1	0	16	7	6	1	11	5	7	2	5	13	12	4	14	6	6	6	24	6	10	12	9	13	21	7	14	15	35	19	25	4	18	10	5	5	24	4	5	10	13	5	5	20	49	17	15	5	29	9	
2602_A/chicken/Liaoning/A 13	11	13	2	23	9	6	14	5	9	0	0	10	3	1	0	15	6	5	2	11	7	8	1	10	13	13	6	11	8	6	3	23	7	10	6	8	11	21	12	15	19	32	21	26	1	21	11	5	5	19	4	6	10	19	9	4	18	43	11	14	6	32	12	
2603_A/chicken/Liaoning/S 11	11	14	3	24	9	6	13	6	10	0	0	9	1	1	0	16	5	5	1	11	6	8	1	11	14	14	6	10	7	5	3	24	9	12	6	6	11	19	13	16	20	35	18	26	0	19	12	5	5	21	4	5	9	17	10	4	19	48	9	15	6	28	13	
2604_A/chicken/Ningxia/2/ 11	11	12	3	24	9	8	13	6	10	0	0	10	1	1	0	16	5	5	1	11	6	8	1	12	14	13	6	8	7	6	3	25	10	12	6	5	10	19	13	15	21	32	20	26	0	19	13	5	4	20	4	5	10	18	10	5	19	50	9	15	5	26	13	
2605_A/chicken/Ningxia/22 11	11	12	3	24	9	8	13	6	10	0	0	10	1	1	0	16	5	5	1	11	6	8	1	12	14	13	6	8	7	6	3	25	10	12	6	5	10	19	13	15	21	32	20	26	0	19	13	5	4	20	4	5	10	18	10	5	19	50	9	15	5	26	13	
2606_A/chicken/Ningxia/24 13	11	13	2	23	8	6	14	5	11	0	0	9	3	1	0	14	6	5	1	10	7	8	2	9	13	14	6	12	7	6	4	24	7	11	5	6	13	20	14	17	18	35	21	26	1	18	10	5	4	20	4	6	12	18	8	5	17	45	10	14	5	30	13	
2607_A/chicken/North_Chin 13	10	12	3	23	9	7	13	8	10	0	0	6	4	1	0	16	8	6	1	9	4	7	2	10	17	12	7	13	4	6	2	25	6	14	6	9	12	17	13	15	19	36	16	26	3	19	11	4	5	23	3	6	10	14	9	7	17	41	11	13	5	35	12	
2608_A/chicken/Shandong/A 13	11	13	3	23	9	6	14	5	9	0	0	9	3	1	0	16	5	5	1	9	8	8	2	10	14	12	5	11	7	7	4	23	8	10	5	8	12	20	12	17	18	33	25	26	1	20	6	5	5	20	4	4	11	17	8	6	19	47	10	14	5	29	14	
2609_A/chicken/Shantou/37 13	11	14	3	23	9	5	13	5	10	0	0	9	3	1	0	15	5	5	1	11	6	8	2	10	14	13	6	11	7	6	3	22	7	10	5	9	11	22	13	15	18	35	20	26	2	20	9	6	4	19	3	5	12	18	10	5	19	44	10	14	5	32	13	
2610_A/chicken/Shanxi/10/ 13	11	13	3	23	9	6	13	5	9	0	0	9	3	1	0	16	6	5	1	10	7	8	2	11	13	14	6	11	7	6	4	23	7	8	5	7	12	23	13	16	19	33	23	27	1	20	8	5	5	19	4	6	10	19	9	4	18	42	10	14	6	31	13	
2611_A/chicken/Sheny/0606 13	11	13	3	23	9	6	13	6	9	0	0	9	3	1	0	13	5	5	1	12	7	8	2	9	13	14	6	12	8	5	3	23	8	10	5	7	11	19	14	16	18	35	23	26	1	19	8	6	5	20	4	5	10	17	10	6	20	43	9	13	5	33	14	
2612_A/chicken/Sichuan/81 13	10	13	3	22	9	6	13	9	11	0	0	7	3	1	0	17	7	5	1	9	5	8	2	8	15	13	8	12	6	5	2	22	6	15	6	11	10	16	13	17	19	32	17	26	2	22	11	6	5	23	3	4	10	15	8	5	18	48	12	14	5	29	12	
2613_A/chicken/Wuhan/HAQL 13	9	11	5	23	12	8	10	5	10	1	0	10	4	0	0	15	5	5	1	12	5	8	2	9	12	11	6	12	8	7	3	23	6	13	5	7	8	18	13	19	24	30	19	24	1	24	10	6	7	18	5	5	7	19	9	6	18	48	11	13	5	29	13	
2614_A/chicken/Wuhan/HAQL 13	9	11	5	23	12	8	10	5	10	0	0	10	4	1	0	15	5	5	1	12	5	8	2	9	12	11	6	12	8	7	3	23	6	13	5	7	8	18	13	19	24	30	19	24	1	24	10	6	7	18	5	5	7	19	9	6	18	48	11	13	5	29	13	
2615_A/chicken/Wuxi/WX-32 13	11	12	2	23	9	7	14	8	12	0	0	8	3	1	0	18	7	5	1	7	5	7	2	11	18	12	7	9	3	6	4	25	6	13	6	7	9	19	14	17	20	31	17	26	3	20	13	5	6	21	3	5	10	15	9	5	20	48	12	14	1	29	11	
2616_A/chicken/Wuxi/WX-33 13	11	12	2	23	9	7	14	8	12	0	0	8	3	1	0	18	7	5	1	7	5	8	2	11	18	12	7	9	3	6	4	25	6	13	6	7	8	19	14	17	20	32	16	26	3	20	13	5	6	21	3	5	10	15	9	5	20	48	12	14	1	29	11	
2617_A/chicken/Xinjiang/1 13	11	14	3	23	9	5	13	7	10	0	0	8	3	1	0	15	5	5	1	11	7	8	2	9	12	13	6	11	8	6	4	22	6	9	5	9	10	23	13	16	19	36	19	26	3	17	12	6	4	19	3	5	13	19	10	4	19	47	10	14	3	28	13	
2618_A/chicken/Xinjiang/2 13	11	14	3	23	9	6	13	5	10	0	0	6	3	1	0	15	5	5	1	11	7	7	2	10	12	13	6	13	8	6	4	21	7	9	5	9	10	23	13	16	22	34	22	28	0	19	8	6	4	20	3	5	12	18	10	4	19	43	11	14	5	31	12	
2619_A/chicken/Xinjiang/5 13	11	14	3	23	8	6	13	5	11	0	0	8	3	1	0	14	5	5	1	12	7	7	2	10	12	13	6	12	8	6	3	22	7	9	5	9	10	22	13	16	21	34	22	26	0	19	9	6	4	19	3	5	12	19	10	4	19	45	11	14	5	31	12	
2620_A/chicken/Xinjiang/5 13	11	14	3	23	9	5	13	6	10	0	0	8	3	1	0	14	5	5	1	12	7	8	2	10	12	13	5	11	8	6	3	22	6	11	5	9	10	22	13	16	19	35	20	26	3	19	11	6	4	18	2	5	12	19	11	4	19	47	10	14	4	29	13	
2621_A/chicken/Xinjiang/6 13	11	14	3	23	9	6	13	5	10	0	0	8	3	1	0	14	5	5	1	12	7	7	2	9	12	13	6	14	8	6	3	22	7	9	5	9	10	22	13	16	21	34	22	25	0	19	9	6	4	19	3	5	12	19	10	4	19	45	11	14	5	31	12	
2622_A/chicken/Xinjiang/6 13	11	14	3	23	9	5	13	6	10	0	0	8	3	1	0	14	5	5	1	12	7	8	2	10	12	13	7	11	8	6	2	22	6	10	5	9	10	23	13	16	19	34	20	26	2	19	11	6	4	18	3	5	12	19	10	4	20	45	10	14	4	31	13	
2623_A/chicken/Yunnan/1/2 13	8	13	2	23	11	6	14	6	11	0	0	9	3	1	0	18	7	5	1	8	5	8	2	11	14	12	7	9	7	6	3	25	6	16	8	7	9	14	12	17	20	26	15	25	4	26	14	7	7	20	3	5	10	19	9	5	21	47	10	14	1	27	13	
2624_A/chicken/Yunnan/207 17	9	11	4	19	13	8	12	7	9	0	0	9	3	1	0	17	6	5	2	10	5	8	1	5	14	12	5	14	7	6	5	25	7	12	11	8	13	20	8	15	15	37	18	25	3	17	10	5	5	23	4	5	11	13	6	5	17	46	18	15	5	32	7	
2625_A/chicken/Yunnan/568 17	9	11	4	19	13	8	12	7	9	0	0	9	3	1	0	17	6	5	2	10	5	8	1	5	14	12	5	14	7	6	5	25	7	12	11	8	13	20	8	14	16	37	18	25	2	17	10	6	5	23	4	5	11	13	6	5	18	45	17	14	5	33	8	
2626_A/chicken/Yunnan/679 17	9	11	4	19	13	8	12	7	9	0	0	9	3	1	0	17	6	5	2	10	5	8	1	5	14	12	5	14	7	6	5	25	8	12	11	8	13	20	8	14	16	37	18	25	1	17	10	5	5	23	4	5	11	13	6	5	18	45	16	15	5	33	9	
2627_A/chicken/Yunnan/688 17	9	11	4	19	13	8	12	7	9	0	0	9	3	1	0	17	6	5	2	10	5	8	1	5	14	12	5	14	7	6	5	25	7	12	11	8	13	20	8	14	16	37	18	25	2	17	10	5	5	23	4	5	11	13	6	5	18	45	18	15	5	33	7	
2628_A/condor/Guangdong/1 16	9	11	3	20	11	8	13	3	8	0	0	12	4	1	0	16	7	6	1	11	5	7	2	9	14	12	4	11	7	6	5	23	7	11	11	11	12	20	8	17	16	36	18	25	3	19	11	6	10	22	4	4	6	14	6	5	20	45	14	11	4	32	12	
2629_A/domestic_green-win 13	11	13	4	23	9	6	12	7	10	0	0	6	3	1	0	16	6	5	1	10	6	8	2	9	13	11	7	14	7	7	3	23	7	11	8	9	10	20	10	16	19	33	17	25	3	19	13	6	4	23	3	4	12	15	10	6	19	45	12	13	4	32	11	
2630_A/duck/Anhui/56/2005 17	10	11	4	19	12	8	12	4	9	0	0	11	3	1	0	14	6	5	1	13	5	8	2	6	13	13	5	14	7	5	5	26	5	10	11	9	13	21	8	14	15	34	18	25	3	21	9	5	6	24	4	4	11	13	6	5	18	46	16	15	6	32	9	
2631_A/duck/China/0935/20 14	10	12	2	22	8	7	14	8	12	0	0	7	2	1	0	18	7	5	1	7	5	8	2	12	19	12	7	9	3	6	4	24	6	16	5	8	10	17	14	17	19	32	16	26	3	21	13	5	8	20	2	5	8	14	9	5	21	49	13	14	2	28	11	
2632_A/duck/China/1033/20 14	10	12	2	22	8	7	14	8	12	0	0	7	2	1	0	18	7	5	1	7	5	8	2	12	19	12	7	9	3	6	4	24	6	16	5	8	10	17	14	17	19	32	16	26	3	21	13	5	8	20	2	5	8	14	9	5	21	49	13	14	2	28	11	
2633_A/duck/China/E26/201 14	11	12	4	22	10	7	12	5	9	0	0	10	3	1	0	14	5	5	1	12	6	7	2	9	15	11	8	12	6	7	2	22	6	13	7	10	8	18	12	17	23	29	21	24	1	23	9	6	7	19	4	4	8	18	9	6	19	48	11	14	5	29	13	
2634_A/duck/China/E53/201 13	9	13	2	23	10	6	14	8	11	0	0	9	3	1	0	18	7	5	1	7	5	8	2	9	16	13	7	10	5	5	3	24	7	12	7	8	9	19	13	18	20	32	18	26	3	21	11	6	6	21	3	4	10	15	9	4	21	48	13	14	1	29	10	
2635_A/duck/Eastern_China 12	11	12	2	24	8	8	13	7	11	0	0	7	3	1	0	16	7	5	2	10	4	7	2	8	16	13	7	12	5	5	3	25	6	16	5	10	13	15	14	15	18	34	17	26	2	20	11	5	5	24	4	5	10	14	8	8	18	46	12	13	4	30	11	
2636_A/duck/Eastern_China 15	10	13	3	22	9	6	13	9	11	0	0	6	3	1	0	16	8	5	1	8	5	8	2	10	15	13	7	11	5	5	2	22	7	17	5	12	10	16	13	12	20	30	19	27	2	22	12	6	6	23	5	3	10	14	7	6	19	47	12	15	4	29	11	
2637_A/duck/Eastern_China 16	11	14	3	21	9	5	13	6	10	0	0	9	2	1	0	17	6	6	2	9	3	7	2	8	18	10	7	12	5	8	2	24	6	10	8	8	10	22	10	16	22	28	19	24	3	24	11	7	5	23	3	3	9	15	8	6	19	47	13	14	5	30	11	
2638_A/duck/Guangdong/23/ 17	10	11	4	15	14	9	14	4	8	0	0	12	3	1	0	14	9	6	1	11	5	8	2	6	16	11	6	14	6	5	6	21	7	11	11	8	16	17	8	16	16	38	15	28	3	16	11	7	5	22	5	4	10	17	6	5	18	42	15	14	3	32	10	
2639_A/duck/Hubei/2911/20 12	11	13	3	24	8	6	13	7	11	0	0	9	3	1	0	17	8	6	1	9	4	7	2	8	15	13	8	11	6	5	2	20	6	16	6	11	10	15	13	18	19	31	17	26	2	23	11	7	5	22	3	4	10	16	9	5	18	48	12	14	5	28	12	
2640_A/duck/Hubei/49/2005 12	10	13	3	24	8	6	13	8	12	0	0	7	2	1	0	17	7	5	1	9	6	8	2	8	15	13	8	12	6	5	2	22	6	15	6	11	10	16	13	16	18	34	17	26	3	20	11	6	5	23	3	4	10	15	9	6	18	48	12	14	5	29	11	
2641_A/duck/Hubei/xn/2007 13	9	12	3	23	11	7	13	6	10	1	0	11	3	0	0	15	5	5	2	11	6	8	1	8	14	12	8	11	6	7	2	24	6	10	7	8	10	21	11	18	22	29	20	25	0	23	9	6	7	21	3	4	7	17	10	6	19	49	10	14	5	27	14	
2642_A/duck/Hunan/3/2007_ 12	9	13	2	23	10	6	14	7	11	0	0	7	3	1	0	17	6	5	1	10	6	8	2	9	16	13	7	12	5	5	3	24	7	17	7	9	10	14	13	16	19	34	19	26	3	19	10	6	5	20	4	4	9	15	9	5	22	49	14	14	2	28	9	
2643_A/duck/Hunan/316/200 13	10	12	4	23	8	6	13	7	12	0	0	8	3	1	0	17	6	5	1	9	6	8	2	9	15	13	7	11	6	5	3	22	6	16	6	11	10	16	13	15	18	32	18	27	3	21	11	6	5	22	5	4	10	15	7	5	18	47	11	15	5	30	12	
2644_A/duck/Hunan/3315/20 12	10	13	3	24	9	6	13	8	11	0	0	8	3	1	0	16	8	4	1	10	4	8	2	8	15	13	8	11	6	6	2	21	6	15	6	11	10	16	13	17	20	30	17	26	2	24	11	6	5	22	3	4	10	17	8	5	18	48	11	14	5	29	12	
2645_A/duck/Hunan/689/200 12	10	13	3	24	7	6	13	8	11	0	0	8	3	1	0	17	8	5	1	9	6	8	2	8	15	13	8	11	6	5	2	21	6	16	6	11	10	15	13	18	19	31	17	26	2	23	11	6	5	22	3	4	10	16	9	5	18	48	11	14	5	29	12	
2646_A/duck/Hunan/733/200 16	9	11	4	20	13	7	12	4	9	0	0	11	3	1	0	14	6	6	1	13	5	8	2	5	13	12	5	15	7	6	5	25	6	11	11	8	13	21	7	14	15	35	18	24	3	20	9	4	7	24	4	6	11	13	6	5	18	45	16	16	5	33	9	
2647_A/duck/Hunan/8/2008_ 13	9	13	3	23	10	6	13	4	8	0	0	10	5	1	0	17	5	5	1	9	7	8	2	9	14	12	7	13	7	6	2	25	5	10	6	6	12	20	12	16	20	34	19	25	2	19	11	7	4	22	3	4	12	16	10	5	19	48	13	15	4	29	10	
2648_A/duck/Hunan/S4020/2 12	7	12	3	23	12	7	13	6	12	0	0	9	4	1	0	18	6	5	2	8	6	8	1	9	16	13	7	11	5	5	2	24	7	15	7	9	10	16	12	17	17	34	18	25	3	20	11	8	4	23	3	4	10	14	9	4	22	49	13	14	2	28	10	
2649_A/duck/Hunan/S4030/2 12	9	12	2	22	10	8	14	8	12	0	0	8	3	1	0	19	7	5	1	8	5	8	2	9	17	12	6	10	4	6	5	25	7	13	6	7	9	17	14	17	20	34	18	26	3	18	11	5	6	20	4	5	9	16	9	5	20	47	15	14	2	29	9	
2650_A/duck/Hunan/S4150/2 13	10	11	4	23	12	8	12	5	10	0	0	10	3	1	0	14	5	5	1	12	5	8	2	9	13	11	7	12	8	7	3	23	6	12	7	7	8	19	10	18	22	30	19	25	0	23	10	6	7	19	5	5	8	18	9	6	19	48	11	14	5	29	13	
2651_A/duck/Hunan/S4220/2 12	9	13	2	24	10	6	14	6	12	0	0	8	2	1	0	18	9	5	1	8	4	8	2	11	15	13	7	10	5	5	3	23	6	15	7	8	10	15	13	17	20	31	17	26	3	22	12	7	7	21	3	5	9	17	9	5	20	49	11	14	2	26	12	
2652_A/duck/Jiangxi/120/2 13	10	12	4	23	9	7	12	7	10	0	0	6	4	1	0	17	8	6	1	9	3	7	2	9	16	12	7	13	5	6	2	22	7	14	4	11	13	17	15	16	18	35	18	26	2	19	11	4	5	23	4	6	10	14	8	7	17	42	11	13	5	35	12	
2653_A/duck/Jiangxi/130/2 13	10	12	4	23	11	7	12	5	10	0	0	9	3	1	0	14	5	5	1	12	5	8	2	9	13	11	7	14	7	7	3	23	6	11	6	8	8	20	11	18	23	29	19	25	0	24	10	6	8	19	5	4	7	17	9	6	19	49	11	14	5	29	13	
2654_A/duck/Jiangxi/34/20 12	9	13	3	24	10	6	13	6	11	0	0	8	3	1	0	18	9	5	1	8	4	8	2	11	15	13	7	10	5	5	3	24	6	16	7	8	10	14	13	16	20	33	17	26	3	20	12	6	7	21	4	4	9	15	10	7	20	49	11	14	2	27	11	
2655_A/duck/Jiangxi/35/20 12	9	13	3	24	11	6	13	6	10	0	0	8	3	1	0	18	9	5	1	8	4	8	2	11	15	12	7	10	5	6	3	26	6	15	7	7	10	15	13	15	20	33	18	26	3	20	11	6	7	21	4	5	9	15	10	6	20	49	12	14	2	26	11	
2656_A/duck/Jiangxi/44/20 8	11	11	5	27	9	8	11	7	9	0	0	8	5	1	0	14	5	7	4	9	7	7	4	11	13	9	5	11	8	8	0	20	5	14	8	12	11	17	8	19	21	31	19	25	1	21	13	7	6	22	4	5	8	16	8	4	22	47	19	14	2	29	5	
2657_A/duck/Jiangxi/80/20 13	8	14	3	23	10	6	13	7	12	0	0	8	3	1	0	18	6	5	1	8	5	8	2	9	15	13	7	11	6	5	4	22	5	15	7	11	9	17	13	16	19	34	17	27	3	20	11	6	5	22	5	4	10	15	7	6	18	47	11	13	5	29	12	
2658_A/duck/Jilin/JL-SIV/ 12	9	14	3	24	10	6	13	8	11	0	0	7	2	1	0	17	8	5	0	9	4	7	3	8	15	12	7	12	6	6	2	22	7	15	7	12	12	17	12	15	18	32	19	27	2	21	11	6	4	21	3	3	9	15	9	7	19	49	12	14	4	29	11	
2659_A/duck/Nanchang/9789 13	10	13	2	23	9	6	14	6	12	0	0	8	2	1	0	18	8	5	1	8	5	8	2	11	14	13	7	10	6	5	3	21	6	15	8	9	10	15	12	17	20	31	17	27	2	22	12	8	7	21	3	4	9	17	9	6	20	47	11	14	2	28	12	
2660_A/duck/Shandong/009/ 13	10	10	4	23	11	9	13	4	9	0	0	9	3	1	0	15	4	5	1	11	9	8	3	11	13	9	6	13	7	9	2	20	8	15	4	14	12	20	11	15	16	32	19	22	3	19	13	4	6	20	3	6	8	16	9	5	17	51	16	16	6	27	7	
2661_A/duck/Sichuan/NCXN1 12	9	13	2	24	10	6	14	6	12	0	0	8	2	1	0	18	9	5	1	8	4	8	2	11	15	13	7	10	5	5	3	23	6	15	7	8	10	15	13	17	20	31	17	26	3	22	12	7	7	21	3	5	9	17	9	5	20	49	11	14	2	26	12	
2662_A/duck/Sichuan/NCXN1 13	9	14	2	23	10	5	14	6	10	0	0	9	4	1	0	18	7	5	1	8	5	8	2	10	15	13	7	10	6	5	3	24	6	16	7	7	10	14	13	17	20	30	16	26	3	23	13	7	7	21	3	5	9	17	10	5	21	46	9	14	1	29	13	
2663_A/duck/Wenzhou/YJYF3 13	8	12	5	23	13	7	10	6	11	0	0	9	3	1	0	15	5	5	1	12	5	8	2	9	12	11	6	12	8	7	3	23	6	13	5	7	8	18	13	19	24	30	19	23	1	24	10	7	7	18	5	4	7	19	9	6	18	46	11	14	5	31	13	
2664_A/duck/Yunnan/4072/2 17	9	11	4	19	13	8	12	4	9	0	0	12	3	1	0	16	6	5	1	11	5	8	2	5	14	12	5	14	7	6	5	25	7	12	11	8	13	20	8	14	16	37	18	25	2	17	10	5	5	23	4	5	11	13	6	5	18	46	17	15	5	32	8	
2665_A/duck/Yunnan/426/20 17	9	11	4	19	13	8	12	7	9	0	0	9	3	1	0	17	6	5	2	10	5	8	1	5	14	12	5	14	7	6	5	25	7	12	11	8	13	20	8	14	16	37	18	25	2	17	10	5	5	23	4	5	11	13	6	5	18	44	17	15	5	34	8	
2666_A/duck/Yunnan/4645/2 17	9	11	4	19	13	8	12	5	9	0	0	11	3	1	0	16	6	5	1	11	5	8	2	5	14	12	5	14	7	6	5	25	7	12	11	8	13	20	8	14	16	37	18	25	2	17	10	5	5	23	4	5	11	13	6	5	18	46	17	15	5	32	8	
2667_A/duck/Yunnan/47/200 12	12	13	2	23	9	6	14	7	11	0	0	7	3	1	0	18	7	5	1	7	6	8	2	10	15	14	7	11	5	4	4	22	6	15	6	11	10	15	15	17	21	33	18	26	2	21	10	7	5	23	3	4	11	15	7	5	20	45	14	14	2	28	10	
2668_A/duck/Yunnan/485/20 17	9	11	4	19	13	8	12	7	9	0	0	9	3	1	0	17	6	5	2	10	5	8	1	5	14	12	5	14	7	6	5	25	7	12	11	8	13	20	8	15	15	37	18	25	3	17	10	5	5	23	4	5	11	13	6	5	17	46	18	15	5	32	7	
2669_A/duck/Yunnan/4873/2 12	10	13	2	24	9	6	14	7	11	0	0	7	3	1	0	17	7	5	1	9	5	8	2	9	15	14	7	12	6	4	3	24	5	17	5	9	11	14	15	17	19	34	17	25	3	19	11	6	6	22	4	4	9	15	8	6	19	48	13	14	4	29	10	
2670_A/duck/Yunnan/5090/2 17	9	11	4	19	13	8	12	6	9	0	0	10	3	1	0	16	6	5	1	11	5	8	2	5	14	12	5	14	7	6	5	25	7	12	11	8	13	20	8	14	16	38	18	25	2	16	10	5	5	23	4	5	11	13	6	5	18	46	17	15	5	32	8	
2671_A/duck/Yunnan/5169/2 17	9	11	4	19	13	8	12	6	9	0	0	10	3	1	0	16	6	5	1	11	5	8	2	5	14	12	5	14	7	6	5	25	7	12	11	8	13	20	8	14	16	38	18	25	2	16	10	5	5	23	4	5	11	13	6	5	18	46	17	15	5	32	8	
2672_A/duck/Yunnan/522/20 17	9	11	4	19	13	8	12	7	9	0	0	9	3	1	0	17	6	5	2	10	5	8	1	5	14	12	5	14	7	6	5	25	7	12	11	8	13	20	8	14	16	37	18	25	2	17	10	5	5	23	4	5	11	13	6	5	18	44	17	15	5	34	8	
2673_A/duck/Yunnan/5310/2 12	10	11	3	24	9	8	13	8	11	0	0	7	3	1	0	17	7	5	1	9	5	8	2	8	15	13	8	12	6	5	2	22	7	15	6	12	9	16	13	17	20	32	17	26	1	22	12	6	6	23	3	3	10	15	8	5	18	48	13	14	4	28	11	
2674_A/duck/Yunnan/5948/2 17	9	11	4	19	13	8	12	7	9	0	0	9	3	1	0	17	6	5	1	10	5	8	2	5	14	12	5	14	7	6	5	25	7	12	11	8	13	20	8	14	16	37	18	25	2	17	10	5	5	23	4	5	11	13	6	5	18	46	17	15	5	32	8	
2675_A/duck/Yunnan/6080/2 17	9	11	4	19	13	8	12	7	9	0	0	9	3	1	0	17	6	5	2	10	5	8	1	5	14	12	5	14	7	6	5	25	7	12	11	8	13	20	8	14	16	37	18	25	2	17	10	5	5	23	4	5	11	13	6	5	18	45	17	15	5	33	8	
2676_A/duck/Yunnan/6603/2 17	9	11	4	19	13	8	12	7	9	0	0	9	3	1	0	17	6	5	2	10	5	8	1	5	14	12	5	14	7	6	5	25	7	12	11	8	13	20	8	14	16	38	18	25	2	17	10	5	5	23	4	5	11	13	6	5	18	44	18	15	5	33	7	
2677_A/duck/Zhejiang/1220 13	10	12	2	23	8	7	14	8	12	0	0	7	3	1	0	18	7	5	1	7	5	8	2	12	19	12	7	9	3	6	4	25	6	15	5	7	10	17	14	17	20	32	16	26	3	20	13	5	6	21	3	5	10	15	9	5	19	49	13	14	2	27	11	
2678_A/duck/Zhejiang/213/ 12	9	13	2	24	10	6	14	6	12	0	0	8	3	1	0	18	8	5	1	8	4	8	2	11	15	13	7	10	5	5	3	22	7	14	8	8	9	16	13	17	20	32	16	26	3	22	12	8	7	21	3	4	9	16	9	6	20	50	12	14	2	25	11	
2679_A/duck/Zhejiang/224/ 12	9	14	2	24	10	5	14	6	11	0	0	8	3	1	0	18	9	5	1	8	4	8	2	11	15	13	7	10	5	5	3	24	6	15	7	8	10	15	13	17	20	33	17	27	2	20	12	7	7	21	4	3	9	16	9	6	20	50	11	14	2	26	11	
2680_A/duck/Zhejiang/2242 12	9	14	2	24	10	5	14	6	11	0	0	8	3	1	0	18	9	5	1	8	4	8	2	11	15	13	7	10	5	5	3	24	6	15	7	8	10	15	13	17	20	33	17	27	2	20	12	7	7	21	4	3	9	16	9	6	20	50	11	14	2	26	11	
2681_A/duck/Zhejiang/2243 12	9	14	2	24	10	5	14	6	11	0	0	8	3	1	0	18	9	5	1	8	4	8	2	11	15	13	7	10	5	5	3	24	6	15	7	8	10	15	13	17	20	33	17	27	2	20	12	7	7	21	4	3	9	16	9	6	20	50	11	14	2	26	11	
2682_A/duck/Zhejiang/2244 12	9	14	2	24	10	5	14	6	11	0	0	8	3	1	0	18	9	5	1	8	4	8	2	11	15	13	7	10	5	5	3	24	6	15	7	8	10	15	13	17	20	33	17	27	2	20	12	7	7	21	4	3	9	16	9	6	20	50	11	14	2	26	11	
2683_A/duck/Zhejiang/2245 13	10	12	3	23	10	7	13	6	8	0	0	9	5	1	0	16	6	5	1	9	6	8	2	9	13	11	8	13	7	7	2	24	6	11	5	9	9	20	13	17	22	31	19	25	0	23	9	5	6	22	4	4	9	16	8	6	20	46	12	14	4	31	12	
2684_A/duck/Zhejiang/2248 12	9	14	2	24	10	5	14	6	11	0	0	8	3	1	0	18	9	5	1	8	4	8	2	11	15	13	7	10	5	5	3	24	6	15	7	8	10	15	13	17	20	33	17	27	2	20	12	7	7	21	4	3	9	16	9	6	20	50	11	14	2	26	11	
2685_A/equine/China/61/20 12	10	13	2	24	9	6	14	7	11	0	0	7	3	1	0	16	7	5	1	10	5	8	2	9	15	13	7	12	6	5	3	23	6	16	6	10	11	15	13	16	19	34	18	26	2	20	10	6	5	22	3	4	10	15	9	6	19	48	12	14	4	29	11	
2686_A/equine/China/67/20 12	9	13	2	24	10	6	14	7	11	0	0	7	3	1	0	17	7	5	1	9	5	8	2	9	15	13	7	12	6	5	3	23	6	16	6	10	11	15	13	16	19	34	18	26	2	20	10	6	5	21	3	5	9	16	9	6	19	48	12	14	4	29	11	
2687_A/equine/China/68/20 12	10	13	2	23	9	6	14	7	11	0	0	7	3	1	0	16	7	5	1	11	5	8	2	9	15	13	7	12	6	5	3	23	6	16	6	10	11	15	13	16	19	33	18	26	2	21	10	6	5	22	3	4	10	15	9	6	19	48	12	14	4	29	11	
2688_A/goose/China/E43/20 13	9	13	2	23	10	6	14	6	11	0	0	8	3	1	0	18	9	6	1	8	4	8	2	10	16	13	7	11	4	5	3	24	7	15	7	8	10	14	13	17	19	32	17	26	2	21	12	6	7	21	4	4	9	16	9	6	21	49	12	14	2	26	11	
2689_A/goose/Eastern_Chin 12	10	12	2	24	9	7	14	7	11	0	0	7	3	1	0	16	7	6	1	11	3	7	2	8	16	13	7	13	4	5	4	25	6	16	5	10	13	15	14	15	18	34	17	27	1	20	10	5	5	22	4	5	10	15	8	8	18	46	12	13	4	31	11	
2690_A/goose/GuangDong/11 15	12	10	4	22	9	9	12	3	10	0	0	12	3	1	0	12	5	7	3	10	7	7	4	16	15	9	4	8	5	8	3	19	7	16	7	7	10	16	9	20	20	30	23	26	1	22	7	5	7	24	7	6	6	13	4	8	20	48	18	13	4	29	8	
2691_A/goose/Guangdong/72 17	10	11	4	19	11	8	12	4	9	0	0	12	4	1	0	15	6	6	1	12	5	7	2	5	13	11	5	14	7	6	7	24	6	9	10	8	13	19	9	13	16	33	17	26	2	21	10	5	5	24	6	5	11	14	7	5	20	43	19	15	5	32	9	
2692_A/goose/Hubei/65/200 12	10	13	3	24	9	6	13	8	11	0	0	7	3	1	0	17	7	5	1	9	5	8	2	8	15	13	8	12	6	5	2	22	6	15	6	11	10	17	13	16	18	33	16	26	3	22	11	6	5	22	3	4	10	15	9	6	18	48	12	14	5	29	11	
2693_A/goose/Inner_Mongol 13	11	13	3	23	9	5	13	5	7	0	0	10	5	1	0	16	6	6	1	11	5	8	2	9	15	12	6	12	6	6	4	24	10	11	6	9	7	20	12	16	20	32	17	25	0	21	12	6	4	21	2	4	12	17	10	6	18	49	12	14	5	28	12	
2694_A/goose/Jiangsu/k040 13	10	12	3	23	10	7	13	7	10	1	0	10	3	0	0	15	5	6	1	11	6	7	2	8	13	12	8	11	7	7	2	24	6	10	7	8	11	21	11	18	21	30	20	25	0	23	9	5	7	21	3	4	9	17	10	6	18	48	10	14	5	29	12	
2695_A/goose/Yunnan/3798/ 14	10	13	2	22	9	6	14	7	11	0	0	7	3	1	0	18	7	5	1	8	5	8	2	11	15	13	7	11	6	5	3	22	6	17	6	10	10	13	15	16	20	34	18	26	1	21	10	7	5	22	3	4	10	15	8	6	19	48	13	14	4	28	10	
2696_A/goose/Yunnan/4371/ 12	10	13	2	24	9	6	14	7	11	0	0	7	3	1	0	17	7	5	1	9	5	8	2	9	15	14	7	12	6	4	3	24	5	16	5	9	11	14	15	16	19	34	17	26	3	20	11	6	6	22	4	4	9	15	8	6	19	48	12	14	4	29	11	
2697_A/goose/Yunnan/4389/ 12	10	13	2	24	9	6	14	7	11	0	0	7	3	1	0	17	7	5	1	9	5	8	2	9	15	14	7	12	6	4	3	24	5	16	5	9	11	14	15	16	19	34	17	26	3	20	11	6	6	22	4	4	9	15	8	6	19	48	12	14	4	29	11	
2698_A/goose/Yunnan/4985/ 12	10	13	2	24	9	6	14	7	11	0	0	7	3	1	0	17	7	5	1	9	5	8	2	9	15	14	7	12	6	4	3	24	5	17	5	9	11	14	15	16	19	34	17	26	3	19	11	6	6	22	4	5	8	15	8	6	18	48	13	14	5	29	10	
2699_A/goose/Yunnan/5141/ 12	10	12	2	24	9	7	14	7	12	0	0	6	2	1	0	17	7	5	1	8	5	8	2	11	17	12	7	12	4	6	3	25	6	16	6	8	11	15	14	16	19	36	18	26	2	19	10	5	5	22	3	5	10	15	8	7	18	46	12	14	4	30	11	
2700_A/goose/Yunnan/5769/ 12	9	11	3	24	10	8	13	8	11	0	0	7	3	1	0	17	7	5	1	9	5	8	2	8	15	13	8	12	6	5	2	22	7	15	6	12	9	16	12	17	20	32	17	26	1	22	12	6	6	23	4	3	10	15	8	5	17	48	13	14	5	28	11	
2701_A/goose/Yunnan/5979/ 12	9	11	3	24	10	8	13	8	11	0	0	7	3	1	0	17	7	5	1	9	5	8	2	8	15	13	8	12	6	5	2	22	7	15	6	12	9	16	12	17	20	32	17	26	1	22	12	6	6	23	4	3	10	15	8	5	18	48	13	14	4	28	11	
2702_A/goose/Yunnan/6193/ 13	10	13	2	23	9	6	14	6	11	0	0	7	3	1	0	17	7	5	1	9	5	8	2	10	15	13	7	12	6	5	3	23	6	16	6	10	11	15	13	17	19	34	18	26	2	20	10	6	5	22	3	4	10	15	9	5	19	48	12	14	4	29	11	
2703_A/goose/Zhejiang/112 13	9	13	3	23	9	6	13	8	12	0	0	6	4	1	0	20	6	5	1	6	5	8	2	13	19	12	7	9	3	6	4	25	7	14	5	6	10	18	14	18	18	32	15	26	3	20	14	5	7	21	3	5	10	14	10	5	18	48	13	14	2	28	11	
2704_A/goose/Zhejiang/727 15	11	12	2	22	9	7	14	7	12	0	0	9	3	1	0	18	7	5	1	7	5	8	2	10	18	12	8	9	3	6	3	25	6	15	5	7	9	17	14	17	20	33	16	26	3	18	14	5	5	21	3	5	11	15	9	4	19	47	12	15	2	30	11	
2705_A/great_black-headed 13	10	12	3	23	10	7	13	5	10	1	0	11	3	0	0	15	6	5	1	11	5	8	2	9	13	12	8	12	7	7	2	23	5	10	7	9	9	21	11	17	20	32	20	26	1	22	9	6	7	20	4	4	8	18	10	5	19	50	10	14	5	27	13	
2706_A/great_crested-greb 13	10	12	3	23	10	7	13	5	10	1	0	10	3	0	0	15	6	5	1	11	5	8	2	9	13	12	8	11	7	8	1	23	5	10	7	9	10	21	11	17	21	32	21	26	0	20	9	7	7	20	3	4	8	18	10	5	19	51	10	15	5	26	13	
2707_A/great_egret/Hong_K 12	9	13	2	24	9	6	14	8	11	0	0	9	3	1	0	17	7	5	1	9	6	8	2	7	16	13	7	11	5	5	3	23	7	16	6	9	10	15	13	17	20	32	17	26	2	21	12	6	6	22	3	4	9	15	9	6	20	50	13	13	3	27	10	
2708_A/great_tit/Panjing/ 14	10	10	4	22	10	9	13	6	11	0	0	8	2	1	0	15	4	5	1	10	8	8	3	10	12	9	6	13	9	9	2	20	7	13	4	13	14	21	11	16	17	36	15	24	1	17	15	4	5	21	5	5	10	15	8	7	18	55	13	13	4	24	10	
2709_A/grey_heron/Hong_Ko 12	9	13	2	24	10	6	14	8	11	0	0	8	3	1	0	17	7	5	1	9	5	8	2	8	16	13	7	11	5	5	3	24	7	15	7	8	10	15	13	17	20	32	17	26	2	21	12	6	6	22	3	4	9	15	9	5	20	50	13	14	3	27	10	
2710_A/grey_heron/Hong_Ko 12	9	13	2	24	10	6	14	8	11	0	0	8	3	1	0	17	7	5	1	9	5	8	2	8	16	13	7	11	5	5	3	23	7	16	6	9	10	15	13	17	20	32	17	26	2	22	11	6	6	21	3	4	9	16	9	5	20	50	13	14	3	27	10	
2711_A/hill_myna/Heilongj 13	10	12	2	23	9	7	14	8	11	0	0	8	3	1	0	18	7	5	1	7	5	8	2	11	18	12	7	9	3	6	4	25	7	15	5	7	9	17	14	17	21	31	16	26	3	21	13	5	6	19	4	5	10	16	9	6	19	49	12	13	2	28	11	
2712_A/lesser_kestrel/Hei 12	10	13	3	24	9	6	13	7	11	1	0	9	3	0	0	17	8	5	1	9	4	8	2	8	15	13	8	11	6	5	2	21	6	16	6	11	10	15	13	18	19	30	17	25	3	23	11	6	5	22	3	4	10	16	9	5	18	48	12	14	5	29	12	
2713_A/lion/Hubei/1-2/201 12	9	12	6	24	12	7	9	5	11	0	0	10	3	1	0	14	5	5	1	12	5	8	2	10	12	11	6	12	8	7	3	23	6	14	6	7	8	18	12	19	24	29	19	23	1	24	10	6	7	19	5	5	7	18	9	6	18	50	11	14	5	26	14	
2714_A/little_egret/Hong_ 11	11	13	2	25	9	6	14	7	10	0	0	7	4	1	0	17	7	5	1	9	4	8	2	9	17	13	7	12	4	5	3	24	7	15	6	9	10	16	13	15	20	34	18	26	2	20	10	5	5	22	4	5	10	15	8	5	21	48	13	14	3	29	10	
2715_A/magpie_robin/Hong_ 12	9	13	2	24	10	6	14	8	11	0	0	8	3	1	0	17	7	5	1	9	5	8	2	8	16	13	7	11	5	5	3	24	7	16	5	8	10	15	13	17	20	31	17	26	2	23	11	6	6	22	4	4	9	15	9	5	21	49	13	14	2	28	10	
2716_A/magpie_robin/Hong_ 12	9	13	2	24	10	6	14	8	11	0	0	8	3	1	0	17	7	5	1	9	5	8	2	8	16	13	7	11	5	5	3	24	7	16	5	8	10	15	13	17	20	31	17	26	2	23	11	6	6	22	4	4	9	15	9	5	21	49	13	14	2	28	10	
2717_A/meerkat/Shanghai/S 12	10	12	2	23	9	7	14	7	12	0	0	9	3	1	0	19	7	5	1	7	5	8	2	10	17	12	7	10	4	6	4	25	7	15	6	7	9	17	13	17	20	32	15	26	3	20	13	5	6	21	3	5	10	15	9	5	18	49	12	14	3	28	12	
2718_A/mink/China/G/2015_ 12	9	13	2	24	10	6	14	7	11	0	0	7	3	1	0	17	9	5	1	8	4	8	2	10	15	13	7	12	5	5	3	22	6	15	7	8	9	15	13	17	21	32	17	26	3	21	12	8	7	22	3	4	9	15	9	6	20	50	12	14	2	26	11	
2719_A/mink/China/XB/2015 11	9	11	5	24	11	8	10	5	11	0	0	10	3	1	0	14	5	5	1	13	5	8	2	10	12	11	6	12	8	7	3	23	6	13	6	7	8	18	12	19	24	30	19	23	1	24	10	6	8	19	5	5	8	18	9	6	17	47	10	14	5	30	14	
2720_A/mink/Eastern_China 15	12	13	7	21	7	6	9	3	8	0	0	12	4	1	0	18	6	8	1	9	7	6	3	12	16	10	3	7	3	8	5	21	10	15	9	10	8	16	8	18	17	35	16	27	2	20	13	6	6	21	3	6	10	16	7	6	18	50	19	14	3	28	7	
2721_A/ostrich/Suzhou/097 18	10	11	4	19	11	8	12	5	8	0	0	11	4	1	0	15	6	5	1	10	5	8	2	5	12	14	5	15	8	5	5	26	7	11	11	8	12	20	7	14	14	36	17	25	4	18	12	4	7	20	3	5	10	17	8	4	19	48	16	16	5	30	8	
2722_A/parrot/Guangdong/C 18	10	11	4	19	12	8	12	4	8	0	0	11	3	1	0	15	6	6	1	12	5	7	2	5	14	12	5	14	7	6	5	23	6	11	11	10	13	19	9	14	15	36	16	25	3	18	12	5	7	23	3	5	10	14	6	5	19	45	19	15	5	32	8	
2723_A/partridge/Shantou/ 15	10	11	3	21	12	8	13	6	8	0	0	11	3	1	0	15	6	5	1	11	5	8	2	4	13	11	6	15	8	7	3	23	4	11	10	10	13	20	9	15	19	37	15	25	2	17	14	6	4	22	2	4	13	15	9	4	18	49	16	15	5	29	8	
2724_A/peacock/Yunnan/1/2 12	10	11	5	24	11	8	10	5	11	0	0	10	3	1	0	15	6	5	1	12	5	8	2	9	11	11	6	12	8	7	3	22	6	13	6	10	8	18	12	17	25	29	19	24	1	25	10	6	7	19	5	4	7	18	9	7	18	48	10	13	4	29	14	
2725_A/peacock/Yunnan/3/2 12	10	11	5	24	11	8	10	5	11	0	0	10	3	1	0	15	5	5	1	12	5	8	2	9	12	11	6	12	8	7	3	22	6	13	6	10	8	18	12	17	25	29	19	24	1	25	10	6	7	19	5	4	7	18	9	7	18	48	10	13	4	29	14	
2726_A/peregrine_falcon/H 12	10	12	2	24	9	7	14	7	11	0	0	7	3	1	0	16	7	7	1	11	4	6	2	8	16	13	6	12	5	5	5	25	6	16	5	9	13	15	14	15	18	34	16	26	2	20	11	5	5	23	4	5	10	14	8	8	19	46	13	13	3	30	11	
2727_A/pheasant/Shantou/3 17	10	12	5	19	13	7	11	5	8	0	0	13	3	1	0	16	6	5	1	10	5	8	2	5	14	12	5	13	7	6	5	25	7	12	11	9	12	19	8	14	16	37	16	25	2	17	12	3	6	23	3	6	10	14	7	5	19	46	17	15	5	32	8	
2728_A/pheasant/Shantou/4 17	10	11	4	19	12	8	12	4	8	0	0	12	3	1	0	15	6	5	1	10	5	8	2	6	15	12	5	14	6	6	5	24	6	12	11	10	13	19	7	14	15	35	17	25	3	18	12	5	6	23	3	5	11	14	8	5	19	48	17	15	5	30	8	
2729_A/pied_megpie/Liaoni 17	10	11	4	19	12	8	12	4	9	0	0	12	3	1	0	16	8	6	1	10	5	7	2	5	13	12	4	14	6	6	7	24	6	10	12	9	13	21	7	14	15	35	19	25	4	18	10	6	5	24	4	4	10	13	5	5	20	49	17	15	5	28	9	
2730_A/pigeon/Hubei/RP25/ 12	10	10	2	24	8	8	14	7	11	0	0	7	3	1	0	16	7	8	1	11	5	6	2	8	14	14	7	12	6	4	4	25	7	15	6	10	13	16	13	15	19	35	16	26	2	19	11	4	5	23	3	5	9	14	9	9	19	43	12	13	3	33	11	
2731_A/pigeon/Sichuan/NCX 13	9	14	2	23	10	5	14	6	10	0	0	9	4	1	0	18	7	5	1	8	5	8	2	10	15	13	7	10	6	5	3	24	6	16	7	7	10	14	13	17	20	30	16	26	3	23	13	7	7	21	3	5	9	18	9	5	21	46	9	14	1	29	13	
2732_A/pigeon/Zhejiang/11 13	9	13	3	23	8	6	13	7	12	0	0	6	4	1	0	19	6	5	1	6	7	8	2	13	19	12	7	10	3	6	4	25	7	15	5	7	9	17	14	17	19	32	15	26	3	20	14	5	6	21	3	5	11	15	9	5	18	49	12	14	2	27	12	
2733_A/pigeon/Zhejiang/11 13	10	12	2	23	8	7	14	8	12	0	0	7	3	1	0	18	7	5	1	7	5	8	2	12	19	12	7	9	3	6	4	25	6	15	5	7	10	17	14	17	20	32	16	26	3	20	13	5	6	21	3	5	10	15	9	5	19	49	13	14	2	27	11	
2734_A/pigeon/Zhejiang/72 15	11	12	2	22	9	7	14	7	12	0	0	9	3	1	0	18	7	5	1	7	5	8	2	10	18	12	8	9	3	6	3	25	6	16	5	7	9	16	14	17	20	33	16	26	3	18	14	5	5	21	3	5	11	15	9	4	19	47	12	15	2	30	11	
2735_A/plateau_pika/Qingh 15	10	12	1	21	12	7	15	3	9	0	0	12	3	1	0	17	5	5	1	9	6	8	1	8	12	10	5	12	9	8	5	21	7	15	9	11	12	18	9	17	17	33	18	25	2	18	13	8	5	24	4	3	9	13	9	7	20	44	14	13	3	33	9	
2736_A/quail/Guangxi/11/2 17	10	12	4	19	12	7	12	4	8	0	0	13	3	1	0	16	8	4	1	9	3	9	1	5	12	13	6	14	9	5	5	24	6	14	11	9	12	20	6	16	15	35	15	24	3	19	13	5	6	23	2	6	11	13	9	7	18	46	18	13	5	32	7	
2737_A/quail/Guangxi/12/2 17	10	12	4	19	12	7	12	4	8	0	0	13	3	1	0	16	8	5	1	9	3	9	1	5	12	13	6	14	9	5	5	24	6	13	11	9	12	20	6	16	15	35	15	24	3	19	13	5	6	23	2	6	11	13	9	7	18	46	18	13	5	32	7	
2738_A/quail/Guangxi/13/2 17	10	12	4	19	12	7	12	4	8	0	0	13	3	1	0	16	8	4	1	9	3	9	1	5	12	13	6	14	9	5	5	24	6	14	11	9	12	20	6	16	15	35	15	24	3	19	13	5	6	23	2	6	11	13	9	7	18	46	18	13	5	32	7	
2739_A/quail/Nanchang/663 13	10	13	2	23	9	6	14	6	11	0	0	8	3	1	0	18	9	5	1	8	4	8	2	11	14	13	6	10	6	5	3	21	6	15	8	9	10	15	12	17	20	31	18	27	2	22	12	8	7	21	3	4	9	17	9	6	20	48	11	14	2	27	12	
2740_A/shrike/Tibet/13/20 13	10	13	3	23	9	6	13	8	11	0	0	7	3	1	0	18	5	5	1	8	6	8	2	8	16	13	8	12	6	5	3	22	6	15	6	12	9	16	14	17	19	33	16	26	2	22	11	6	5	23	3	4	10	15	8	5	18	47	13	14	5	28	11	
2741_A/silky_chicken/Shan 16	11	11	4	20	11	8	12	3	9	0	0	12	3	1	0	15	6	5	1	11	5	8	2	6	12	13	4	15	8	5	6	25	6	12	11	9	13	20	8	15	17	34	18	24	1	21	9	5	6	23	4	4	11	13	6	5	18	46	17	15	6	32	8	
2742_A/swan/Shanghai/10/2 12	8	12	2	23	12	7	14	7	11	0	0	8	3	1	0	17	6	5	2	10	5	8	1	9	16	13	7	10	5	5	3	24	7	14	7	9	10	17	12	16	18	34	18	27	3	20	10	7	4	22	3	4	10	15	9	7	22	48	13	12	2	29	10	
2743_A/swine/Guangxi/592/ 11	9	13	3	24	10	6	14	6	11	0	0	8	3	1	0	18	9	5	1	8	4	8	2	11	15	13	7	10	5	5	3	24	5	15	7	8	10	15	13	16	20	32	17	27	4	21	12	6	7	21	3	4	9	16	10	5	20	49	12	15	2	26	11	
2744_A/swine/Jiangsu/1/20 13	12	13	3	23	8	6	13	6	9	0	0	8	3	1	0	15	5	5	1	10	7	8	2	11	13	13	5	11	8	6	4	24	10	10	5	6	10	22	13	17	20	33	20	26	0	19	12	6	3	20	4	6	11	18	9	4	18	46	10	13	6	29	13	
2745_A/swine/Jiangsu/2/20 12	8	14	3	24	9	5	13	8	13	0	0	7	3	1	0	18	7	5	1	9	5	8	2	7	14	12	8	12	6	6	2	22	6	16	6	12	12	16	13	16	18	34	17	27	2	21	10	6	5	21	4	3	8	14	9	7	19	49	12	13	5	29	11	
2746_A/swine/Shandong/SD1 18	10	9	3	18	12	10	13	4	8	0	0	12	3	1	0	15	6	5	1	11	5	8	2	6	12	12	5	14	9	6	5	23	6	13	11	10	13	19	7	13	16	34	14	25	3	19	14	5	6	24	2	5	11	14	9	8	18	45	17	13	5	32	8	
2747_A/swine/Zhejiang/SW5 15	11	12	2	22	9	7	14	7	12	0	0	9	3	1	0	18	7	5	1	7	5	8	2	10	18	12	8	9	3	6	3	25	6	15	5	7	9	17	14	17	20	33	16	26	3	18	14	5	5	21	3	5	11	15	9	4	19	47	12	15	2	30	11	
2748_A/tiger/Yunnan/tig14 13	9	13	2	23	10	6	14	6	11	0	0	9	3	1	0	18	7	5	1	8	5	8	2	11	14	13	7	9	7	5	3	24	6	16	8	7	10	14	12	17	20	29	16	26	3	24	13	7	7	21	3	5	9	18	9	5	21	47	10	14	1	27	13	
2749_A/tiger/Yunnan/tig14 14	9	12	2	22	10	7	14	6	11	0	0	9	3	1	0	18	9	5	1	8	3	8	2	11	15	13	7	9	6	5	3	23	6	14	8	8	11	16	12	18	19	30	17	26	3	23	12	8	7	21	3	4	8	17	9	5	20	49	11	14	2	26	12	
2750_A/tiger/Yunnan/tig15 12	8	11	5	24	11	8	10	5	13	0	0	10	3	1	0	14	5	5	1	12	5	8	2	9	12	11	6	13	8	7	3	23	6	13	7	7	8	18	11	18	24	29	19	24	1	25	10	6	7	19	5	5	7	18	9	6	17	47	11	14	6	30	13	
2751_A/turtle_dove/Guangd 12	10	12	3	25	9	6	13	8	11	0	0	7	3	1	0	17	7	6	1	8	5	8	2	8	15	13	8	12	6	5	2	22	6	15	6	11	10	16	13	16	18	32	17	26	3	22	11	6	5	23	3	4	10	15	9	6	18	48	12	14	5	29	11	
2752_A/waterfowl/Hong_Kon 17	10	12	3	19	12	7	13	4	8	0	0	13	3	1	0	14	6	4	1	12	5	9	2	6	12	11	5	13	9	7	5	24	6	12	11	9	13	19	7	15	15	35	16	25	3	18	13	5	6	22	3	5	11	15	8	6	18	50	17	14	5	28	8	
2753_A/wild_duck/Fujian/1 12	9	13	2	24	10	6	14	6	10	0	0	8	4	1	0	19	10	5	2	8	3	8	1	11	15	12	7	9	5	6	3	22	5	15	7	8	10	15	13	17	19	32	18	26	3	21	12	8	7	21	3	4	10	16	9	6	20	50	12	14	2	26	11	
2754_A/wild_duck/Fujian/2 12	9	13	2	24	10	6	14	6	10	0	0	8	4	1	0	19	10	5	1	8	3	8	3	11	15	12	7	9	5	6	3	22	5	15	7	8	10	14	13	17	19	33	17	25	3	21	12	8	8	21	3	4	9	16	9	7	19	50	12	15	2	26	11	
2755_A/wild_duck/Jilin/HF 13	10	11	4	23	10	8	12	4	10	0	0	11	3	1	0	14	5	5	1	12	7	6	2	9	14	12	7	12	7	7	3	23	6	11	7	8	8	19	12	17	23	29	20	25	0	23	9	7	8	19	4	3	7	18	9	7	19	49	11	14	5	29	13	
2756_A/wild_duck/Jilin/ZF 13	10	12	2	22	10	7	14	4	10	0	0	10	3	1	0	15	5	6	1	12	5	7	1	10	14	11	9	12	7	7	2	23	6	10	6	9	8	21	12	18	23	29	21	24	0	23	9	7	6	19	3	3	10	19	10	6	19	51	10	14	5	26	13	
2757_A/wild_duck/Liaoning 18	10	11	4	19	11	8	11	4	9	0	0	12	3	1	0	16	8	6	1	11	5	7	2	5	16	10	5	14	6	7	6	25	7	10	12	9	13	21	7	13	15	36	19	23	3	15	10	6	5	24	4	4	10	13	6	5	20	49	16	15	5	28	10	
2758_A/wild_duck/Shandong 11	10	13	3	25	10	7	12	6	10	0	0	9	1	1	0	14	6	4	1	11	6	8	2	11	14	13	7	11	7	6	2	25	9	14	6	5	11	18	13	16	21	33	20	25	0	19	12	5	4	20	4	5	10	18	10	4	18	50	9	15	6	26	13	
2759_A/wild_duck/Shandong 13	11	12	4	23	9	7	12	5	11	0	0	10	2	1	0	14	5	5	1	12	6	8	2	9	14	11	8	12	7	7	2	23	6	13	7	9	8	17	12	17	23	31	19	25	0	22	10	7	7	19	4	3	8	18	9	6	19	47	11	14	5	30	13	
2760_A/wild_duck/Shandong 16	10	14	4	21	9	6	12	8	12	0	0	8	2	1	0	17	8	5	1	10	5	6	2	9	15	12	8	8	5	6	2	22	8	18	5	12	10	13	13	13	19	32	17	27	1	22	13	5	8	25	5	5	6	14	7	6	20	43	12	14	6	31	11	
2761_A/Hong_Kong/486/97 13	5	9	5	20	8	15	5	7	14	0	1	13	2	0	0	10	9	7	0	9	6	4	4	11	12	19	4	10	5	12	6	18	9	21	6	8	14	26	15	15	34	19	22	36	4	31	15	11	11	21	4	11	11	10	2	6	19	30	30	11	2	21	12	
2762_A/Hong_Kong/538/97 14	5	9	5	19	8	15	5	7	13	0	1	13	3	0	0	9	9	7	0	10	6	4	4	11	12	19	4	10	5	12	6	19	9	21	6	8	14	26	15	14	33	18	22	37	4	30	15	10	12	21	4	12	11	10	2	6	19	32	29	10	2	21	13	
2763_A/Indonesia/5/2005 10	8	9	7	23	6	16	3	6	11	0	0	10	3	1	0	11	10	7	2	9	6	3	2	9	11	20	7	14	5	11	4	19	10	27	8	13	10	21	14	15	34	26	17	37	5	26	18	7	11	21	5	10	10	11	5	6	19	29	26	12	2	21	10	
2764_A/Pheasant/Hong_Kong 10	7	8	5	23	6	17	5	5	12	0	0	9	4	1	0	9	11	7	2	9	3	3	2	12	11	18	3	14	7	13	7	17	9	26	10	12	11	21	12	16	36	22	18	37	4	31	19	9	12	19	3	11	9	13	6	3	18	25	26	13	3	23	12	
2765_A/Thailand/16/2004 11	7	9	6	22	6	16	4	7	12	0	0	9	3	1	0	10	10	7	2	9	5	3	2	9	12	21	6	15	5	10	5	20	10	28	10	13	10	21	11	15	35	27	16	37	5	26	18	7	11	23	4	10	9	10	4	5	18	30	29	12	3	19	9	
2766_A/chicken/Indonesia/ 11	7	11	7	22	6	14	3	6	11	0	0	9	4	1	0	10	10	7	2	9	5	3	2	10	11	21	7	15	6	10	4	19	10	29	10	13	10	20	11	15	33	24	18	36	6	28	17	7	11	22	4	11	10	10	4	6	19	29	27	12	2	21	11	
2767_A/Chicken/HongKong/F 10	7	8	5	24	6	16	5	5	12	0	0	9	4	1	0	9	11	7	2	9	3	3	2	12	11	17	3	14	7	14	7	17	9	26	10	12	11	21	12	16	36	21	18	37	4	32	19	10	13	19	3	10	8	13	6	3	18	26	26	13	3	22	12	
2768_A/Chicken/HongKong/Y 11	7	9	5	22	6	16	5	5	11	0	0	9	5	1	0	9	10	6	2	8	6	4	2	11	11	20	6	16	5	11	5	19	10	29	9	13	10	20	12	15	34	24	19	37	6	28	16	6	12	23	4	11	10	9	4	6	15	29	29	11	5	21	9	
2769_A/Chicken/HongKong/Y 11	7	10	5	22	7	16	5	6	12	0	0	8	5	1	0	9	10	6	2	8	5	4	2	11	10	20	6	16	6	11	5	19	10	27	9	13	10	21	12	15	35	24	19	36	5	28	16	6	12	23	4	11	9	9	4	6	15	29	29	12	5	21	9	
2770_A/chicken/Korea/ES/0 11	7	9	6	22	6	16	4	7	11	0	0	10	4	1	0	9	10	7	2	10	5	3	2	10	11	21	6	13	6	10	5	19	10	29	9	13	10	20	12	15	33	27	18	35	7	26	16	7	11	22	4	11	10	10	4	6	18	29	29	13	2	21	9	
2771_A/Vietnam/UT3062/200 11	7	9	5	22	6	16	5	7	11	0	0	9	4	1	0	10	10	7	2	9	5	3	2	10	12	20	6	14	5	11	5	19	10	28	10	13	11	20	11	15	34	26	16	36	6	27	18	8	12	21	4	10	9	11	4	6	17	31	29	12	3	19	9	
2772_A/Hong_Kong/156/97 13	6	8	5	20	6	16	5	7	14	0	1	13	2	0	0	10	9	7	0	9	7	4	4	11	12	20	4	10	5	11	6	18	9	21	6	8	14	26	15	16	34	20	20	36	4	31	15	11	11	21	4	11	11	10	2	6	18	30	32	10	3	21	11	
2773_A/whooper_swan/Mongo 11	7	9	6	22	6	16	4	7	12	0	0	12	3	1	0	10	10	7	3	9	5	3	1	7	12	20	7	14	6	10	4	18	10	28	10	14	10	21	11	14	32	24	21	37	8	28	14	9	12	22	4	9	9	10	5	7	19	30	28	11	1	20	9	
2774_A/Hong_Kong/483/1997 13	5	7	5	20	8	17	5	10	15	0	1	12	1	0	0	12	9	7	0	7	6	4	4	9	12	19	4	10	5	12	7	18	9	21	7	8	14	27	14	17	34	18	20	36	4	31	16	12	11	21	4	10	11	10	2	6	17	29	31	9	4	22	11	
2775_A/Hong_Kong/482/97 13	5	9	5	20	8	15	5	7	14	0	1	13	2	0	0	10	9	7	0	9	6	4	4	11	12	19	4	10	5	12	6	18	9	21	6	8	14	26	15	16	34	19	22	35	4	31	15	11	11	21	4	11	11	10	2	6	19	30	30	11	2	21	12	
2776_A/Anas_platyrhynchos 14	7	8	4	19	8	17	6	6	11	0	0	11	3	1	0	10	9	5	2	8	5	6	3	7	14	20	4	16	4	11	3	19	10	20	10	12	11	27	12	15	31	24	22	37	7	28	17	5	12	20	4	9	9	12	3	6	18	23	30	15	4	26	9	
2777_A/Anas_platyrhynchos 14	7	8	4	19	8	17	6	6	11	0	0	11	3	1	0	10	9	5	2	8	5	6	3	7	14	20	4	16	4	11	3	19	10	20	10	12	11	27	12	15	31	24	22	37	7	28	17	5	12	20	4	9	9	12	3	6	18	23	30	15	4	26	9	
2778_A/Anhui/1/2005|EPI_I 11	7	9	5	22	6	16	5	6	11	0	0	10	4	1	0	10	10	8	2	9	5	2	2	10	12	21	7	14	5	10	4	19	11	29	10	13	8	20	11	16	34	23	18	37	7	29	17	7	11	21	5	10	9	11	3	7	19	29	25	10	2	21	13	
2779_A/Anhui/1/2006|EPI_I 11	7	9	5	22	6	16	5	6	12	0	0	10	3	1	0	10	10	7	2	9	5	3	2	10	12	19	7	14	5	12	4	19	11	29	10	12	8	20	11	17	34	23	17	37	7	29	18	7	11	21	5	10	9	11	3	7	19	29	26	10	2	21	12	
2780_A/Anhui/2/2005|EPI_I 10	7	9	5	23	6	16	5	6	11	0	0	10	4	1	0	10	10	7	2	9	5	3	2	10	12	21	7	14	5	10	4	20	11	29	11	12	8	20	10	17	35	23	18	38	6	28	17	6	11	21	5	10	9	11	3	7	19	29	25	10	2	21	13	
2781_A/Anser_cygnoides/Ch 11	7	9	4	22	6	16	6	6	14	0	0	8	3	1	0	10	10	7	3	9	5	3	3	11	12	22	5	14	5	9	4	19	8	28	12	14	12	21	9	15	33	25	19	37	6	26	16	9	12	19	5	8	9	13	3	6	16	29	24	11	4	22	14	
2782_A/Anser_fabalis/Jiuj 14	7	8	4	19	8	17	6	6	11	0	0	11	3	1	0	10	9	5	2	8	5	6	3	7	14	20	4	16	4	11	3	19	10	20	10	12	11	27	12	15	31	24	22	37	7	28	17	5	12	20	4	9	9	12	3	6	18	23	30	15	4	26	9	
2783_A/Bar-headed_Goose/Q 11	8	10	5	22	7	15	5	7	9	0	0	10	4	1	0	13	8	7	2	7	5	4	2	9	15	20	4	14	4	9	6	21	9	25	13	12	12	22	10	16	32	26	23	35	7	23	16	7	10	19	7	9	11	13	2	6	18	31	24	12	2	20	13	
2784_A/Bar-headed_Goose/T 14	6	5	5	18	8	21	5	7	12	0	0	13	3	1	0	8	9	6	2	10	6	4	3	7	12	20	2	12	4	11	5	17	9	25	6	13	13	23	15	15	32	23	21	37	6	28	18	5	11	22	3	12	11	11	6	7	18	23	27	13	3	26	11	
2785_A/Bar-headed_Goose/T 14	6	5	5	18	8	21	5	7	12	0	0	13	3	1	0	8	9	6	2	10	6	4	3	7	13	20	2	12	4	11	5	17	9	25	6	13	13	23	15	15	32	23	21	37	6	28	18	5	11	22	3	12	11	11	6	7	17	23	27	13	3	26	11	
2786_A/Black_faced_Spoonb 12	7	7	4	21	7	18	6	6	13	0	0	8	2	1	9	9	11	6	2	8	4	4	2	12	14	23	4	15	3	8	6	18	10	22	10	12	10	25	12	15	36	27	22	37	4	24	15	8	7	23	6	12	13	11	4	4	16	28	26	13	5	21	10	
2787_A/Black_Faced_Spoonb 13	6	5	5	20	8	20	5	7	12	0	0	12	3	1	0	7	7	6	2	10	7	4	3	8	15	20	2	13	3	11	5	19	8	25	6	13	13	23	16	15	33	22	21	37	6	29	18	5	11	21	2	11	11	12	6	7	14	22	26	12	6	27	12	
2788_A/Black_Faced_Spoonb 12	8	7	4	21	7	18	6	6	13	0	0	8	2	1	0	9	11	6	2	9	4	4	2	11	14	22	4	15	3	9	6	17	9	24	10	12	10	23	12	16	37	26	22	36	3	25	15	9	7	22	5	12	13	12	4	4	17	28	26	13	4	21	11	
2789_A/Black-necked_Grebe 11	8	9	5	22	7	16	5	8	9	0	0	9	4	1	0	13	8	7	2	7	5	4	2	8	15	20	4	14	4	10	5	22	8	25	13	12	12	21	10	16	33	25	22	36	7	24	17	7	10	19	6	9	11	13	2	6	18	30	25	12	2	21	13	
2790_A/Black-necked_Grebe 11	8	9	5	22	7	16	5	7	9	0	0	10	4	1	0	13	7	7	2	7	6	4	2	9	15	20	5	14	4	10	5	23	8	26	12	10	12	22	10	16	32	27	21	35	8	22	17	7	10	17	6	9	11	15	2	5	18	30	24	13	2	21	14	
2791_A/Black-necked_Grebe 11	8	10	5	22	7	15	5	7	9	0	0	10	4	1	0	13	7	7	2	7	6	4	2	9	15	20	5	14	4	10	5	22	8	26	12	11	12	22	10	16	32	27	21	35	8	22	17	7	10	17	6	9	11	15	2	5	18	30	24	13	2	21	14	
2792_A/Black-necked_Grebe 11	8	10	5	22	7	15	5	7	9	0	0	10	4	1	0	13	7	7	2	7	6	4	2	9	15	20	5	14	4	10	5	22	8	26	12	11	12	22	10	16	32	27	21	35	8	22	17	7	10	17	6	9	11	15	2	5	18	30	24	13	2	21	14	
2793_A/Black-necked_Grebe 11	8	9	5	22	7	16	5	7	9	0	0	10	4	1	0	13	7	7	2	7	6	4	2	9	15	20	5	14	4	10	5	22	8	26	12	11	12	22	10	16	32	27	21	35	8	22	17	7	10	17	6	9	11	15	2	5	18	30	24	13	2	21	14	
2794_A/Black-necked_Grebe 11	8	10	5	22	7	15	5	7	9	0	0	10	4	1	0	13	7	7	2	7	6	4	2	9	15	20	5	14	4	10	5	22	8	26	12	11	12	22	10	16	32	27	21	35	8	22	17	7	10	17	6	9	11	15	2	5	18	30	24	13	2	21	14	
2795_A/Black-necked_Grebe 11	8	10	5	22	7	15	5	7	9	0	0	10	4	1	0	13	7	7	2	7	6	4	2	9	15	20	5	14	4	10	5	22	8	26	12	11	12	22	10	16	32	27	21	35	8	22	17	7	10	17	6	9	11	15	2	5	18	30	24	13	2	21	14	
2796_A/Black-necked_Grebe 11	8	10	5	22	7	15	5	7	9	0	0	10	4	1	0	13	7	7	2	7	6	4	2	9	15	20	5	14	4	10	5	22	8	26	12	11	12	22	10	16	32	27	21	35	8	22	17	7	10	17	6	9	11	15	2	5	18	30	24	13	2	21	14	
2797_A/chicken/Anhui/S174 13	7	7	5	20	7	18	5	6	12	0	0	9	3	1	0	10	10	8	2	8	3	2	3	6	16	23	2	18	3	8	6	16	9	23	8	12	13	24	14	18	35	25	21	37	3	27	16	5	10	22	3	12	11	13	5	4	17	25	29	15	4	23	9	
2798_A/chicken/China/Cang 14	7	7	4	19	8	18	6	6	11	0	0	11	3	1	0	10	9	5	2	8	5	5	3	7	15	20	4	16	3	11	3	19	10	20	9	12	11	28	12	15	31	24	20	37	7	28	18	5	12	20	4	9	9	12	4	7	18	23	29	14	4	27	10	
2799_A/chicken/China/E93/ 12	8	10	7	21	5	15	3	5	11	0	0	14	3	1	0	9	10	7	2	11	4	3	2	13	12	21	6	9	5	10	5	20	9	28	12	11	12	19	10	16	32	26	18	39	8	25	18	5	10	22	3	12	11	10	5	6	18	27	24	10	2	23	14	
2800_A/chicken/China/E96/ 12	8	10	7	21	5	15	3	5	11	0	0	14	3	1	0	9	10	7	2	11	4	3	2	13	13	21	6	9	4	10	5	20	9	28	12	11	12	19	10	16	32	26	18	39	8	25	18	5	10	22	3	12	12	10	5	6	17	27	24	10	2	23	14	
2801_A/chicken/Gansu/5/20 11	8	10	7	22	5	15	3	8	11	0	0	10	4	1	0	9	10	7	2	11	4	3	2	12	11	21	6	10	6	10	5	20	9	29	11	11	12	19	10	15	32	26	18	38	8	25	18	6	10	22	3	12	12	10	5	6	17	27	25	11	2	23	13	
2802_A/chicken/Gansu/6/20 12	8	10	7	21	5	15	3	5	11	0	0	14	3	1	0	9	10	7	2	11	4	3	2	13	12	21	6	9	5	10	5	21	8	29	12	11	12	18	10	17	31	26	18	39	8	25	18	4	11	22	3	12	11	10	5	6	18	26	24	10	2	24	14	
2803_A/chicken/Guangxi/S2 10	7	9	5	23	6	16	5	6	11	0	0	9	4	1	0	10	10	7	2	9	5	3	2	9	12	22	7	16	5	9	5	21	8	27	12	12	12	22	9	15	32	23	19	37	8	27	16	8	12	18	4	9	8	14	4	6	18	31	25	11	3	20	13	
2804_A/chicken/Hubei/2856 11	8	9	5	22	6	16	5	6	11	0	0	10	4	1	0	9	10	7	2	10	5	3	2	9	12	21	6	15	5	10	4	19	10	29	12	13	8	20	9	16	33	25	19	37	7	28	17	6	11	21	5	11	9	11	3	7	20	28	25	10	2	21	13	
2805_A/chicken/Hunan/1793 12	7	9	5	21	6	16	5	6	12	0	0	10	4	1	0	11	10	7	2	9	5	3	2	9	12	21	7	14	5	11	4	18	11	29	8	14	8	20	13	15	33	23	18	36	9	28	17	7	11	21	5	10	9	11	3	6	19	29	25	11	2	21	13	
2806_A/chicken/Hunan/3157 11	7	9	5	22	6	16	5	6	12	0	0	9	4	1	0	10	10	7	2	8	6	3	2	11	11	21	7	15	5	10	4	19	11	28	10	13	8	20	12	15	32	23	19	38	8	29	16	7	11	22	5	9	9	10	4	8	19	29	25	10	2	20	13	
2807_A/chicken/Hunan/S100 13	9	8	5	20	5	17	5	7	9	0	0	8	5	1	0	13	9	7	2	8	6	3	2	11	12	22	7	12	5	9	5	21	8	25	9	11	12	24	12	14	33	27	19	37	7	20	19	11	12	21	6	8	9	12	2	10	18	31	21	7	2	19	17	
2808_A/chicken/Jiangsu/03 12	8	8	5	21	7	17	5	7	13	0	0	12	1	1	0	9	7	6	2	8	5	4	3	12	16	23	1	10	4	8	6	18	12	22	8	12	10	26	14	16	31	24	20	35	7	27	19	9	10	24	4	8	11	8	5	6	17	25	24	14	4	24	14	
2809_A/chicken/Jiangsu/92 11	8	9	5	22	6	16	5	7	11	0	0	6	3	1	0	11	9	6	2	8	5	4	2	11	13	21	7	17	5	9	4	21	10	28	13	11	12	20	9	14	29	25	20	38	9	24	17	8	10	19	6	9	11	13	2	7	18	32	24	11	2	19	14	
2810_A/chicken/Jiangsu/24 11	8	9	5	22	7	16	5	7	9	0	0	9	4	1	0	13	8	7	2	7	5	4	2	10	14	20	7	14	5	10	4	21	8	27	13	11	12	21	9	15	33	24	21	36	7	24	17	8	10	19	6	9	11	13	2	6	18	31	23	12	2	20	15	
2811_A/chicken/Jiangsu/k0 11	6	8	5	22	7	17	5	8	11	0	0	13	5	1	0	6	9	7	2	11	6	3	2	9	12	20	3	11	5	11	6	19	8	25	9	12	13	24	12	15	31	27	22	37	8	25	15	7	12	19	2	10	10	14	8	8	15	26	25	11	4	22	12	
2812_A/chicken/Jiangsu/SE 10	8	9	5	23	8	16	5	7	10	0	0	9	3	1	0	13	8	7	2	7	5	4	2	10	13	19	7	14	5	11	4	21	7	26	14	12	13	21	8	15	30	26	20	34	8	24	17	9	11	19	5	8	10	14	2	8	18	29	25	12	3	21	14	
2813_A/chicken/Jiangsu/YB 12	8	7	5	21	7	18	5	7	12	0	0	13	2	1	0	9	7	6	2	8	5	4	3	12	15	22	1	9	5	9	6	18	11	23	9	12	11	25	13	15	30	25	20	36	8	26	19	9	10	22	4	8	11	10	5	6	17	25	24	14	4	24	14	
2814_A/chicken/Jiangxi/25 13	6	11	4	20	8	14	6	10	12	0	0	5	2	1	0	9	11	3	4	8	3	7	1	7	15	23	6	19	3	8	4	19	8	26	10	13	13	23	11	15	33	26	20	37	6	25	15	9	13	18	3	6	7	13	4	7	18	27	27	13	4	25	12	
2815_A/chicken/Jiangxi/S4 13	7	7	5	20	7	18	5	6	12	0	0	9	3	1	0	10	10	8	2	8	3	2	3	6	16	23	2	18	3	8	6	16	9	23	8	13	12	24	14	18	35	25	21	37	3	27	16	5	10	22	3	12	11	13	5	4	17	25	30	15	4	23	8	
2816_A/chicken/Jilin/04.1 10	8	9	5	23	7	16	5	7	9	0	0	8	4	1	0	13	8	7	2	7	5	4	2	10	14	20	7	15	5	10	4	21	8	27	14	11	12	21	8	15	33	25	20	36	7	24	17	8	10	19	6	9	11	13	2	6	18	33	24	12	2	18	14	
2817_A/chicken/Jilin/04.1 10	8	9	5	23	7	16	5	7	9	0	1	8	4	0	0	13	8	7	2	7	5	4	2	10	14	20	7	15	5	10	4	21	8	27	14	11	12	21	8	15	33	24	20	36	7	24	17	8	10	19	6	9	11	13	2	6	18	33	24	12	2	19	14	
2818_A/chicken/Jilin/04.1 10	8	9	5	23	7	16	5	7	9	0	0	8	4	1	0	13	8	7	2	7	5	4	2	10	14	20	7	15	5	10	4	21	8	27	14	11	12	21	8	15	33	25	20	36	7	24	17	8	10	19	6	9	11	13	2	6	18	33	24	12	2	18	14	
2819_A/chicken/Jilin/04.1 10	8	9	5	23	7	16	5	7	9	0	0	8	4	1	0	13	8	7	2	7	5	4	2	10	14	20	7	15	5	10	4	21	8	27	14	11	12	21	8	15	33	25	20	36	7	24	17	8	10	19	6	9	11	13	2	6	18	33	24	12	2	18	14	
2820_A/chicken/Jilin/04.2 10	8	9	5	23	7	16	5	7	9	0	0	8	4	1	0	13	7	7	2	7	6	4	2	10	14	20	7	15	5	10	4	22	8	27	14	10	12	21	8	15	33	26	20	36	7	23	17	8	10	19	6	9	11	13	2	6	18	33	23	12	2	18	15	
2821_A/chicken/Jilin/S125 10	8	9	4	23	7	16	6	8	11	0	0	7	3	1	0	12	8	7	2	7	5	4	2	11	14	19	7	14	4	11	4	20	9	24	14	12	12	23	8	15	30	25	20	35	9	24	17	8	10	20	6	9	10	13	3	8	19	30	23	12	2	21	14	
2822_A/chicken/Jilin/S127 10	8	9	4	23	7	16	6	8	11	0	0	7	3	1	0	12	8	7	2	7	5	4	2	11	14	19	7	14	4	11	4	20	9	24	14	12	12	23	8	15	30	25	20	35	9	24	17	8	10	20	6	9	10	13	3	8	19	30	23	12	2	21	14	
2823_A/chicken/Liaoning/S 12	8	10	7	21	5	15	3	6	11	0	0	12	4	1	0	9	10	7	2	11	4	3	2	12	11	22	6	10	6	9	5	19	9	29	11	12	12	19	11	15	32	26	18	38	8	25	18	6	10	21	3	12	12	10	5	6	17	26	24	11	2	24	14	
2824_A/chicken/Liaoning/S 10	8	9	4	23	7	16	6	8	9	0	0	8	4	1	0	12	8	6	4	7	5	5	1	11	14	19	7	13	5	11	3	20	9	24	14	12	12	22	8	16	30	26	21	35	9	23	18	8	10	20	5	9	11	13	2	7	18	30	23	12	2	21	15	
2825_A/chicken/Ningxia/2/ 11	8	10	7	22	5	15	3	8	11	0	0	10	4	1	0	9	10	7	2	11	4	3	2	12	11	21	6	10	6	10	5	20	9	29	11	11	12	19	10	15	32	26	18	38	8	25	18	6	10	22	3	12	12	10	5	6	17	27	25	11	2	23	13	
2826_A/chicken/Ningxia/22 11	8	10	7	22	5	15	3	8	11	0	0	10	4	1	0	9	10	7	2	11	4	3	2	12	11	21	6	10	6	10	5	20	9	29	11	11	12	19	10	15	32	26	18	38	8	25	18	6	10	22	3	12	12	10	5	6	17	26	26	11	2	23	13	
2827_A/chicken/Shandong/1 12	8	7	5	21	7	18	5	7	13	0	0	12	1	1	0	9	7	6	2	8	5	4	3	12	15	22	1	10	5	9	6	18	12	22	8	12	10	26	14	16	31	24	20	34	8	27	19	9	10	22	4	8	11	10	5	6	17	25	24	14	4	24	14	
2828_A/Chicken/Shandong/J 11	6	10	5	22	6	15	5	5	11	0	0	9	4	1	0	9	10	7	2	10	5	3	2	9	12	22	7	16	5	9	5	21	8	29	11	12	12	20	10	16	33	24	19	37	7	25	16	8	13	19	4	9	8	14	4	6	18	30	24	11	3	21	14	
2829_A/Chicken/Shandong/J 12	9	10	7	21	4	15	3	6	11	0	0	14	3	1	0	9	10	7	2	11	4	3	2	12	12	21	6	9	5	10	5	19	9	27	12	13	12	20	10	15	32	26	18	39	8	25	18	7	10	21	3	9	12	11	5	7	15	26	24	10	4	24	14	
2830_A/Chicken/Shandong/J 12	8	10	7	21	5	15	3	6	11	0	0	13	3	1	0	9	10	7	2	11	4	3	2	12	12	21	7	10	5	10	4	20	9	28	10	12	12	19	12	15	32	25	18	37	8	26	18	5	10	23	3	12	13	9	5	6	16	24	24	12	2	26	14	
2831_A/Chicken/Shandong/J 12	8	11	7	21	5	14	3	6	11	0	0	12	4	1	0	8	9	7	2	12	5	3	2	12	11	21	6	10	6	10	5	19	9	28	11	12	12	19	11	15	32	27	18	38	8	25	17	6	10	22	3	12	12	10	5	6	17	26	24	11	2	24	14	
2832_A/Chicken/Shandong/J 14	8	10	5	19	6	15	5	7	9	0	0	11	4	1	0	9	8	8	2	8	6	2	2	9	12	22	6	15	5	9	5	18	11	26	9	13	10	23	11	16	35	25	20	37	6	27	14	8	12	22	6	10	9	12	3	7	15	27	24	10	6	21	14	
2833_A/chicken/Shanghai/S 11	8	10	5	22	7	15	5	8	8	0	0	9	4	1	0	13	9	7	2	7	4	4	2	10	14	19	7	14	5	11	5	20	9	26	14	11	13	20	8	16	28	25	21	34	9	25	15	10	9	20	6	8	12	13	1	8	18	30	25	12	2	21	14	
2834_A/chicken/Shanghai/S 10	10	10	5	23	7	15	5	6	10	0	0	9	3	1	0	13	7	7	3	7	5	4	1	11	13	19	7	14	5	11	4	19	7	26	14	11	14	21	8	16	30	25	20	35	7	24	17	11	10	19	5	8	11	14	2	6	18	31	23	13	3	20	16	
2835_A/chicken/Wuxi/WX-32 12	8	9	5	21	6	16	5	7	10	0	0	8	4	1	0	10	9	7	2	9	5	3	2	10	13	22	7	15	5	9	4	21	10	26	12	11	12	22	10	15	29	25	19	38	9	24	18	8	11	19	6	9	10	13	2	6	18	32	24	11	2	19	14	
2836_A/chicken/Wuxi/WX-33 11	8	9	5	22	6	16	5	7	11	0	0	8	3	1	0	11	9	7	2	8	6	3	2	10	13	20	7	15	4	11	4	21	10	27	13	11	12	21	9	15	29	25	18	38	9	24	19	8	11	19	6	9	10	13	2	6	18	32	25	11	2	19	13	
2837_A/chicken/Xinjiang/S 11	9	9	5	22	6	14	5	8	8	0	0	9	4	1	0	13	9	8	2	7	4	5	2	10	14	19	7	14	5	11	5	20	9	26	13	11	13	20	9	16	28	25	21	33	10	25	15	10	9	20	6	8	12	13	1	8	18	30	25	12	2	21	14	
2838_A/chicken/Xinjiang/S 11	8	10	5	22	7	15	5	7	9	0	0	9	4	1	0	13	9	7	2	7	4	4	2	10	14	19	7	14	5	11	5	20	9	26	14	11	13	20	8	16	28	25	20	34	9	26	15	10	9	20	6	8	12	13	1	8	18	30	25	12	2	21	14	
2839_A/chicken/Xinjiang/S 11	8	10	5	22	7	15	5	8	8	0	0	9	4	1	0	13	9	7	2	7	4	4	2	10	14	19	7	14	5	11	5	20	9	26	14	11	13	20	8	16	28	25	21	34	9	25	15	10	9	20	6	8	12	13	1	8	18	30	25	12	2	21	14	
2840_A/chicken/Yunnan/1/2 11	7	10	4	22	6	13	6	9	15	0	0	8	3	1	0	10	9	7	4	9	5	4	3	8	12	22	5	14	5	9	4	19	8	28	12	14	12	21	9	15	32	24	19	37	6	27	16	9	12	20	5	8	9	12	4	6	16	29	23	12	4	22	14	
2841_A/condor/Guangdong/1 11	7	9	6	22	6	15	5	6	11	0	0	10	4	1	0	9	10	7	2	9	5	3	2	11	12	21	6	13	5	10	4	20	10	28	10	13	10	21	11	15	34	25	17	37	6	28	18	8	12	22	4	10	9	10	4	5	18	29	28	12	2	21	10	
2842_A/Curlew/Hong_Kong/A 13	6	5	5	20	8	20	5	7	12	0	0	12	3	1	0	7	7	7	1	10	7	4	3	9	15	20	2	12	3	11	5	19	8	22	6	13	13	25	16	15	33	22	21	37	6	29	18	5	11	22	3	11	11	12	5	7	15	22	26	12	5	27	12	
2843_A/Cygnus_columbianus 12	7	7	4	21	7	18	6	6	13	0	0	8	2	1	0	9	12	6	2	9	3	4	3	11	14	23	3	15	3	8	6	16	12	23	10	11	11	24	12	18	36	27	21	36	3	25	15	6	8	22	4	12	12	11	6	5	16	29	27	13	4	20	11	
2844_A/Cygnus_columbianus 12	6	9	4	21	8	16	6	7	11	0	0	6	4	1	0	8	12	6	2	10	3	4	3	10	15	23	4	17	2	8	5	14	10	28	9	14	11	20	13	17	34	23	23	36	5	28	14	6	10	17	3	11	10	17	5	6	19	24	29	14	3	24	9	
2845_A/Cygnus_columbianus 12	7	6	4	21	7	19	6	6	13	0	0	8	2	1	0	9	12	6	2	9	3	4	3	11	14	22	3	15	3	9	6	17	11	23	10	11	11	24	12	18	36	27	21	36	3	25	15	6	8	22	4	12	12	11	6	5	17	29	26	13	4	20	11	
2846_A/Cygnus_columbianus 12	7	6	4	21	7	19	6	6	13	0	0	8	2	1	0	9	12	6	2	9	3	4	3	11	14	22	3	15	3	9	6	17	11	23	10	11	11	24	12	18	36	27	21	36	3	25	15	6	8	22	4	12	12	11	6	5	17	29	26	13	4	20	11	
2847_A/domestic_green-win 11	7	8	6	22	6	17	4	5	11	0	0	11	4	1	0	9	10	6	2	8	5	4	2	8	14	20	4	16	3	12	4	17	9	25	10	12	11	24	11	16	36	24	21	37	4	27	18	8	11	23	4	11	9	9	4	8	16	23	27	9	7	27	11	
2848_A/duck/China/E26/201 12	8	11	5	21	6	14	5	8	10	0	0	9	4	1	0	10	9	7	2	9	6	3	2	9	12	22	7	14	5	9	5	20	10	31	9	11	10	19	11	17	34	24	19	37	6	26	16	10	10	22	6	7	10	10	3	7	16	29	25	10	5	22	12	
2849_A/duck/China/E53/201 11	6	9	5	22	6	16	5	5	13	0	0	8	3	1	0	9	10	7	2	10	5	3	2	12	11	22	7	14	6	9	5	20	9	28	12	12	11	22	8	17	32	23	20	37	7	27	15	9	12	18	4	9	8	14	4	6	18	31	26	11	3	20	12	
2850_A/duck/Eastern_China 13	6	8	6	20	7	17	4	8	12	0	1	10	3	0	0	10	8	5	2	7	7	5	2	8	12	19	6	15	5	12	5	16	12	26	10	14	10	23	11	18	32	23	19	37	5	29	17	8	11	21	8	9	9	12	2	7	18	27	23	12	3	22	13	
2851_A/duck/Eastern_China 12	6	10	5	21	7	15	5	9	13	0	1	10	3	0	0	9	11	6	4	8	5	4	0	8	13	21	2	13	4	11	7	17	9	25	10	11	12	26	10	18	36	23	23	37	3	29	14	8	12	20	6	10	9	11	3	7	18	25	27	10	3	25	10	
2852_A/duck/Fujian/S1233/ 11	7	9	4	22	7	16	6	3	12	0	0	10	3	1	0	12	10	6	3	7	5	4	3	13	11	21	5	13	6	10	4	20	9	26	11	12	12	23	9	17	32	23	22	36	7	27	14	9	11	20	5	8	10	12	4	9	14	29	21	9	6	21	17	
2853_A/duck/Fujian/S1273/ 11	7	9	4	22	7	16	6	3	12	0	0	10	3	1	0	12	10	6	3	7	5	4	3	13	11	21	5	13	6	10	4	20	9	26	11	12	12	23	9	17	32	23	22	36	7	27	14	9	11	20	5	8	10	12	4	9	14	29	21	9	6	21	17	
2854_A/Duck/Fujian/S4146/ 11	7	8	5	22	6	17	5	6	11	0	0	9	4	1	0	9	9	7	2	10	6	3	2	10	11	22	6	15	6	9	6	21	8	27	12	12	12	22	9	15	32	24	19	37	8	26	16	8	12	18	5	9	9	14	3	6	17	32	24	11	3	19	14	
2855_A/duck/Guangdong/S45 13	7	5	5	20	7	20	5	7	12	0	0	13	3	1	0	7	9	6	2	10	5	4	3	10	15	20	2	10	3	11	5	19	8	24	6	13	14	24	16	15	32	23	22	37	6	28	17	5	11	21	4	11	11	12	5	7	15	22	25	12	5	27	12	
2856_A/duck/Guangdong/S45 13	7	5	5	20	7	20	5	7	12	0	0	13	3	1	0	7	8	6	2	10	6	4	3	10	15	20	2	10	3	11	5	19	8	24	6	13	13	24	16	15	33	23	22	37	6	28	17	5	11	21	4	11	11	12	5	7	15	22	25	12	5	27	12	
2857_A/duck/Guizhou/S1321 13	7	5	5	20	7	20	5	7	12	0	0	13	3	1	0	7	8	6	2	10	6	5	3	10	15	19	2	11	3	11	5	19	8	23	6	13	13	25	16	15	33	23	21	36	6	28	18	5	11	21	4	11	11	12	5	7	15	22	25	12	5	27	12	
2858_A/duck/Guizhou/S1711 14	7	9	4	20	6	16	6	6	9	0	0	9	7	1	0	10	11	6	1	8	4	4	4	9	14	18	3	16	3	13	5	16	8	27	9	10	12	21	12	17	36	22	22	37	4	30	15	11	10	20	3	9	12	13	6	6	14	23	31	11	6	25	8	
2859_A/duck/Hubei/03.06__ 13	8	8	5	20	7	17	5	7	12	0	0	12	2	1	0	9	7	6	2	8	5	4	3	11	16	22	1	11	4	9	6	18	11	23	8	12	10	25	14	15	32	24	20	36	7	27	19	10	11	22	4	8	10	10	5	6	17	24	25	13	4	25	13	
2860_A/duck/Hubei/46/2009 13	5	9	5	20	8	16	5	9	14	0	0	8	2	1	0	7	11	6	2	11	4	5	2	5	13	17	3	18	5	14	7	15	10	25	10	14	13	23	12	16	34	23	22	37	3	29	14	9	12	22	2	10	9	11	5	5	18	27	26	11	3	22	12	
2861_A/duck/Hubei/2911/20 11	7	9	5	22	6	16	5	6	11	0	0	10	4	1	0	9	10	8	2	8	6	3	2	11	12	21	7	14	4	10	4	19	11	28	10	13	8	20	12	15	33	23	19	37	8	29	16	7	11	22	5	9	9	11	3	8	19	28	25	11	2	20	14	
2862_A/duck/Hubei/S4465/2 13	7	8	5	20	7	17	5	6	12	0	0	9	3	1	0	10	11	8	2	8	3	2	3	6	15	23	2	18	3	8	6	16	9	23	8	13	12	24	13	17	36	25	22	37	3	25	17	5	10	22	4	12	11	13	5	4	17	25	30	15	4	23	8	
2863_A/duck/Hubei/SE128/2 13	7	7	5	20	7	18	5	6	12	0	0	9	3	1	0	10	10	8	2	8	3	2	3	6	16	23	2	18	3	8	6	16	9	23	8	13	12	24	14	18	35	26	21	37	3	27	16	5	10	22	3	12	11	13	5	3	17	24	30	16	4	23	8	
2864_A/duck/Hubei/SE220/2 13	7	5	5	20	7	20	5	7	12	0	0	13	3	1	0	7	9	6	2	10	6	4	3	10	14	20	2	10	3	11	5	18	9	23	6	14	12	25	16	15	33	23	21	37	6	28	18	5	11	21	4	11	11	12	5	7	15	21	25	12	5	28	12	
2865_A/duck/Hubei/xn/2007 11	6	9	5	22	6	16	5	7	10	0	0	10	4	1	0	10	11	7	2	9	5	3	2	10	12	22	6	14	5	9	4	19	11	29	10	13	8	20	11	16	34	24	19	36	8	28	17	7	11	21	5	10	9	11	3	7	19	29	27	10	2	21	11	
2866_A/duck/Hunan/03.07_Y 13	5	8	5	20	6	17	5	6	14	0	0	14	4	1	0	7	11	5	2	7	3	6	2	14	13	17	6	10	5	13	2	15	9	27	6	14	13	23	15	14	30	23	28	37	8	25	14	8	13	14	5	11	8	16	5	11	17	32	28	9	3	19	8	
2867_A/duck/Hunan/12.07__ 11	7	10	5	22	7	15	5	8	11	0	0	7	4	1	0	11	9	7	2	8	6	3	2	9	12	21	7	16	5	10	5	21	8	28	11	11	12	22	9	16	32	24	20	37	8	25	17	9	11	20	7	9	11	12	2	8	16	31	25	8	2	19	12	
2868_A/duck/Hunan/12.07__ 11	8	9	5	22	6	16	5	7	10	0	0	9	4	1	0	11	9	7	2	8	6	3	2	10	12	19	7	14	5	12	5	22	6	25	12	10	13	24	9	15	33	25	19	38	8	23	18	9	9	20	5	9	12	13	2	7	17	31	25	9	3	20	13	
2869_A/duck/Hunan/12.07_Y 11	8	9	5	22	6	16	5	7	10	0	0	9	4	1	0	11	9	7	2	8	6	3	2	10	12	19	7	14	5	12	5	22	6	25	12	10	13	24	9	15	33	25	19	38	8	23	18	9	9	20	5	9	12	13	2	7	17	31	25	9	3	20	13	
2870_A/duck/Hunan/12.07_Y 11	8	9	6	22	6	16	4	8	10	0	0	7	4	1	0	12	9	7	2	7	6	3	2	10	12	20	7	15	5	10	6	22	8	27	12	11	12	22	9	15	32	25	19	38	8	23	17	7	11	19	6	9	10	13	2	7	18	33	24	10	2	19	14	
2871_A/duck/Hunan/316/200 11	7	9	6	22	5	16	4	6	12	0	0	10	4	1	0	10	10	7	2	9	5	3	2	10	12	21	8	13	5	11	3	19	11	29	10	13	8	20	11	17	34	25	17	37	6	28	17	7	11	22	5	10	9	10	3	7	19	28	27	10	2	22	11	
2872_A/duck/Hunan/689/200 12	7	9	5	21	6	16	5	6	11	0	0	10	4	1	0	10	10	6	2	8	6	4	2	11	11	20	7	14	5	11	4	18	13	28	10	13	8	20	12	15	32	23	19	38	7	29	16	8	10	22	5	9	9	10	3	8	20	29	27	10	2	21	11	
2873_A/duck/Hunan/3315/20 11	7	9	5	22	6	16	5	6	11	0	0	10	4	1	0	11	10	7	2	8	5	3	2	11	12	21	7	13	5	10	4	18	11	30	9	14	8	19	12	16	33	23	17	37	8	29	17	7	11	21	5	10	9	11	4	8	19	29	24	9	2	21	14	
2874_A/duck/Hunan/S4020/2 11	7	9	5	22	6	16	5	7	10	0	0	11	5	1	0	10	9	7	1	9	6	3	3	7	13	22	7	15	4	9	5	19	11	28	12	13	9	22	9	17	33	25	17	36	7	27	17	8	11	19	5	9	9	14	2	6	19	25	25	11	2	24	13	
2875_A/duck/Hunan/S4030/2 10	7	9	5	23	5	16	5	5	12	0	0	9	4	1	0	10	10	7	2	10	5	3	2	8	12	23	7	16	5	8	5	20	10	27	13	13	10	22	8	15	30	23	19	37	9	27	16	9	12	17	4	9	8	15	4	5	21	31	24	12	1	20	14	
2876_A/duck/Hunan/S4150/2 12	6	9	6	21	7	16	4	8	10	0	0	9	4	1	0	10	9	9	2	9	6	1	2	9	13	21	7	14	4	10	5	18	11	24	10	14	10	25	11	15	32	25	19	38	7	26	16	8	11	20	6	9	10	13	3	7	17	25	21	10	4	24	16	
2877_A/duck/Hunan/S4220/2 12	6	9	6	21	7	16	4	8	10	0	0	9	4	1	0	10	9	9	2	9	6	1	2	9	13	20	7	14	4	11	5	18	11	24	10	14	9	25	11	15	34	26	18	38	7	26	16	8	11	20	6	9	10	13	3	6	17	26	22	10	4	23	15	
2878_A/duck/Jiangsu/S4439 10	9	11	5	23	7	14	5	6	10	0	0	9	3	1	0	13	8	7	2	7	5	4	2	11	13	19	7	14	5	11	4	19	7	26	14	11	14	21	8	16	30	26	20	35	7	22	18	11	10	19	4	8	11	14	2	6	18	30	24	13	3	21	16	
2879_A/duck/Jiangsu/SE112 10	9	10	5	23	7	15	5	6	10	0	0	8	3	1	0	13	8	7	2	7	5	4	2	11	13	19	7	15	5	11	4	20	7	28	14	12	13	19	8	16	30	26	21	35	8	23	16	9	10	19	5	8	11	14	1	6	18	30	24	13	3	21	16	
2880_A/duck/Jiangxi/34/20 10	7	9	5	23	6	16	5	7	10	0	0	7	4	1	0	9	11	7	2	10	4	3	2	10	11	22	7	16	6	9	5	21	7	28	11	12	12	21	9	14	32	24	19	37	9	26	16	8	12	18	5	9	9	14	3	8	18	31	24	11	3	20	14	
2881_A/duck/Jiangxi/35/20 9	6	9	6	24	7	16	4	4	10	0	0	6	4	1	0	8	11	5	3	11	4	5	1	7	12	22	3	22	5	9	6	19	8	26	9	13	13	24	12	16	36	22	18	37	3	27	20	6	14	18	5	10	8	13	3	6	18	28	27	13	3	23	11	
2882_A/duck/Jiangxi/44/20 10	5	11	3	23	9	14	7	9	13	0	0	10	2	1	0	8	10	5	4	8	4	5	1	10	14	22	3	13	4	9	6	17	7	28	8	12	12	23	12	16	34	24	23	36	8	25	16	10	13	17	2	7	8	13	6	8	17	25	30	12	3	26	8	
2883_A/duck/Jiangxi/120/2 12	6	9	6	21	8	16	4	8	11	0	0	15	3	1	0	7	9	7	2	11	7	3	2	6	12	19	3	12	4	12	6	18	8	27	12	14	13	21	10	15	34	25	20	34	5	27	17	7	12	22	2	10	9	10	7	7	17	25	24	14	3	25	13	
2884_A/duck/Jiangxi/130/2 12	6	9	6	21	7	16	4	8	10	0	0	9	4	1	0	10	9	9	2	9	6	1	2	8	14	22	7	14	4	9	5	18	11	26	10	14	9	23	11	15	32	26	18	38	8	26	16	9	12	18	7	7	9	14	3	8	17	27	22	10	4	22	15	
2885_A/duck/Jiangxi/S4083 13	7	7	5	20	7	18	5	6	12	0	0	9	3	1	0	10	10	8	2	8	3	2	3	6	16	23	2	18	3	8	6	16	9	23	8	13	12	24	14	18	35	25	21	37	3	27	16	5	10	22	3	12	11	13	5	4	17	25	30	15	4	23	8	
2886_A/duck/Jilin/04.04_S 11	8	9	5	22	7	16	5	7	8	0	0	9	5	1	0	12	8	7	2	9	4	4	2	9	14	21	7	15	5	9	4	21	9	28	14	11	12	20	8	15	31	27	21	36	8	22	16	8	10	17	6	9	11	15	2	6	18	33	25	12	2	18	13	
2887_A/duck/Jilin/JL-SIV/ 11	7	10	5	22	6	15	5	5	11	0	0	12	4	1	0	10	10	7	2	10	5	3	2	9	14	21	7	13	3	10	4	21	11	29	11	12	8	20	10	15	35	24	19	38	5	27	17	6	11	21	4	11	9	11	4	7	18	28	24	10	3	22	14	
2888_A/duck/Jilin/S1261/2 10	8	9	4	23	7	16	6	8	12	0	0	7	2	1	0	12	8	7	2	7	5	4	2	11	14	19	7	14	4	11	4	20	9	24	13	12	12	23	8	15	30	25	20	35	9	24	17	8	10	20	7	9	10	13	3	8	19	30	22	12	2	21	15	
2889_A/duck/Jilin/S4171/2 11	8	9	4	22	7	16	6	8	10	0	0	8	3	1	0	12	8	6	2	7	5	5	2	12	14	19	7	13	5	11	3	20	9	24	14	11	13	23	8	16	30	25	21	34	9	23	18	8	9	20	6	9	12	13	2	7	18	29	23	12	2	22	15	
2890_A/duck/Nanchang/9789 11	7	9	4	22	6	16	6	5	12	0	0	7	4	1	0	10	10	7	2	9	5	3	3	13	12	22	7	14	5	9	4	23	8	29	12	11	12	20	8	15	33	24	21	37	7	26	15	7	12	19	5	9	9	13	3	7	17	31	23	10	3	20	15	
2891_A/duck/Shandong/009/ 9	7	8	7	24	7	17	3	6	11	0	0	16	4	1	0	7	10	7	1	12	4	4	2	6	11	19	4	11	7	11	6	19	8	24	9	10	13	25	12	15	33	26	19	37	6	25	19	8	11	16	3	10	10	17	6	7	16	25	26	13	4	24	11	
2892_A/Duck/Shandong/Y01/ 12	8	10	5	21	6	15	5	6	9	0	0	11	4	1	0	9	9	8	2	9	5	2	2	9	12	22	7	15	5	9	5	18	11	26	10	14	10	22	11	16	34	25	20	37	7	26	15	8	13	21	6	9	9	12	3	7	15	26	23	10	5	23	14	
2893_A/Duck/Shandong/Y02/ 12	8	10	5	21	6	15	5	7	9	0	0	10	4	1	0	9	10	9	2	9	4	1	2	9	12	22	7	15	5	9	5	18	12	25	10	14	9	23	11	16	34	25	20	37	7	27	14	7	12	21	6	10	9	12	3	7	16	26	21	10	5	23	16	
2894_A/duck/Sichuan/NCXN1 11	7	9	4	22	6	16	6	5	12	0	0	8	4	1	0	10	10	7	2	9	5	3	4	12	12	22	5	14	5	9	4	19	8	27	12	13	12	22	9	15	34	23	20	37	6	28	15	9	11	19	5	9	10	13	3	6	16	30	24	11	4	21	14	
2895_A/duck/Sichuan/NCXN1 11	7	9	4	22	6	16	6	4	12	0	0	8	4	1	0	10	10	7	2	9	5	3	4	13	12	22	5	14	5	9	4	19	8	27	12	13	12	22	9	15	34	23	20	37	6	28	15	9	11	19	5	9	10	13	3	6	16	30	25	11	4	21	13	
2896_A/duck/Xinjiang/S106 11	8	10	5	22	7	15	5	7	9	0	0	9	4	1	0	13	9	7	2	7	4	4	2	10	14	19	7	14	5	11	5	20	9	26	14	11	13	20	8	16	28	25	20	34	9	26	15	10	9	20	6	8	12	13	1	8	18	30	25	12	2	21	14	
2897_A/duck/Xinjiang/S112 11	8	10	5	22	7	15	5	8	8	0	0	9	4	1	0	13	9	7	2	7	4	4	2	10	14	19	7	14	5	11	5	20	9	26	14	11	13	20	8	16	28	25	21	35	8	25	15	10	9	20	6	8	12	13	1	9	18	30	25	11	2	21	14	
2898_A/duck/Zhejiang/1220 12	8	9	5	21	7	16	5	7	9	0	0	9	4	1	0	13	9	7	2	7	5	4	2	10	13	20	7	14	5	10	5	21	7	28	14	11	13	20	8	15	32	25	20	36	8	24	16	8	10	19	6	9	11	13	2	6	18	33	25	12	2	18	13	
2899_A/duck/Zhejiang/S409 10	9	9	5	23	7	16	5	6	10	0	0	9	3	1	0	13	8	7	2	7	5	4	2	10	14	19	6	14	5	11	5	20	6	26	15	12	14	21	7	16	29	25	20	35	8	24	17	9	10	19	4	8	11	14	3	7	20	29	25	12	2	21	15	
2900_A/equine/China/61/20 11	7	9	6	22	6	16	4	6	11	0	0	10	4	1	0	10	10	7	2	9	5	3	2	10	12	22	7	14	5	9	4	19	11	28	10	13	8	21	11	16	34	23	18	37	7	29	17	6	11	21	5	11	9	11	3	6	19	29	25	11	2	21	13	
2901_A/equine/China/67/20 11	7	9	6	22	6	16	4	6	11	0	0	10	4	1	0	10	10	7	2	9	5	3	2	10	12	22	7	14	5	9	4	19	11	28	10	13	8	21	11	16	34	23	18	37	7	29	17	6	11	21	5	11	9	11	3	6	19	29	25	11	2	21	13	
2902_A/equine/China/68/20 11	7	9	6	22	6	16	4	6	11	0	0	10	4	1	0	10	10	7	2	9	5	3	2	10	12	22	7	14	5	9	4	19	11	28	10	13	8	21	11	16	33	23	18	37	8	29	17	6	11	21	5	11	9	11	3	6	19	29	25	11	2	21	13	
2903_A/Eurasian_Teal/Hong 12	7	5	4	21	7	20	6	7	13	0	0	8	2	1	0	9	12	6	2	9	3	4	3	10	14	23	1	15	3	8	5	17	11	24	10	12	11	23	12	16	35	27	23	37	3	25	16	6	8	24	4	12	13	10	5	4	17	27	28	14	4	22	9	
2904_A/Eurasian_Teal/Hong 12	7	6	3	21	7	19	7	6	13	0	0	8	2	1	0	9	12	6	2	9	3	4	3	11	14	23	2	15	3	8	5	17	12	24	10	12	10	23	12	16	35	26	22	36	3	26	16	6	8	24	4	12	13	10	5	4	17	27	28	15	4	22	9	
2905_A/Eurasian_Wigeon/Ho 12	7	6	3	21	7	19	7	6	13	0	0	8	2	1	0	9	12	6	2	9	3	4	3	11	14	23	2	15	3	8	5	17	12	24	10	12	10	23	12	16	35	26	22	36	3	26	16	6	8	24	4	12	13	10	5	4	17	27	28	15	4	22	9	
2906_A/Eurasian_Wigeon/Ho 12	7	6	3	21	7	19	7	6	13	0	0	8	2	1	0	9	12	6	2	9	3	4	3	11	14	23	2	15	3	8	5	17	12	24	10	12	10	23	12	16	35	26	22	36	3	26	16	6	8	24	4	12	13	10	5	4	17	27	28	15	4	22	9	
2907_A/Falco_peregrinus/B 12	7	7	4	21	7	18	6	6	13	0	0	8	2	1	0	8	11	6	2	9	4	4	2	12	14	23	4	15	3	8	6	16	10	23	8	12	10	24	14	17	36	26	22	37	4	25	15	7	7	25	4	12	13	10	5	4	17	28	27	14	4	20	10	
2908_A/Fujian/1/2005|EPI_ 11	7	9	5	22	6	16	5	6	11	0	0	10	4	1	0	10	10	7	2	9	5	3	2	10	12	21	8	14	5	9	4	17	10	28	9	15	10	21	12	16	32	26	18	37	7	27	16	7	11	22	5	10	9	10	3	7	20	28	29	10	2	21	10	
2909_A/Fujian/1/2007|EPI_ 12	7	9	5	21	6	16	5	5	12	0	0	10	3	1	0	10	10	7	2	8	5	3	2	11	12	22	7	16	4	9	4	19	13	28	10	13	7	21	11	16	34	22	18	36	7	30	17	7	11	22	5	10	8	10	3	6	21	28	25	10	2	22	13	
2910_A/Gallinago_Stenura/ 12	7	6	3	21	7	19	7	6	13	0	0	8	2	1	0	9	12	6	2	9	3	4	3	11	14	23	2	15	3	8	5	17	12	24	10	12	10	23	12	16	35	26	22	36	3	26	16	6	8	24	4	12	13	10	5	4	17	27	28	15	4	22	9	
2911_A/goose/China/E43/20 11	7	10	5	22	5	15	5	8	12	0	0	7	4	1	0	10	10	8	2	9	5	2	2	10	12	23	7	15	5	8	5	20	8	26	12	12	12	23	9	16	32	25	19	37	8	25	16	9	11	21	6	8	10	11	2	7	16	32	26	10	4	19	12	
2912_A/goose/Guangdong/SH 11	7	9	4	22	6	16	6	5	12	0	0	8	4	1	0	10	10	7	3	9	5	3	3	13	12	22	5	13	5	9	4	19	9	27	12	13	11	22	8	15	34	23	19	37	6	27	17	9	12	19	5	9	9	13	4	6	16	30	25	11	4	21	13	
2913_A/goose/Guizhou/S154 13	7	5	5	20	7	20	5	7	12	0	0	13	3	1	0	7	8	6	2	10	6	5	3	10	15	19	2	11	3	11	5	19	9	23	6	13	12	25	16	15	33	24	20	36	6	28	18	5	11	20	4	11	11	13	5	7	15	22	25	12	5	27	12	
2914_A/goose/Hunan/SE284/ 12	7	7	4	21	7	18	6	6	13	0	0	8	2	1	0	9	11	6	2	9	4	4	3	11	14	23	3	15	3	8	6	17	11	23	10	12	10	24	12	16	36	26	22	37	3	25	15	6	8	22	5	12	13	11	5	4	17	28	27	14	4	21	10	
2915_A/goose/Inner_Mongol 13	7	7	5	20	7	18	5	7	12	0	0	11	3	1	0	9	10	6	2	9	4	4	3	7	14	24	5	15	4	7	2	19	9	23	8	11	13	25	14	15	33	23	20	37	5	29	18	8	13	22	4	9	8	10	4	4	17	24	27	15	4	26	11	
2916_A/goose/Jiangsu/k040 10	6	8	5	23	7	17	5	8	11	0	0	13	5	1	0	6	9	7	2	11	6	3	2	9	12	20	3	11	5	11	6	19	8	24	8	12	13	26	13	15	32	27	21	37	7	25	15	7	12	19	2	10	10	15	7	7	16	26	25	12	3	22	12	
2917_A/goose/Jilin/S4034/ 10	9	9	4	23	6	16	6	8	12	0	0	7	2	1	0	12	9	7	2	7	4	4	2	11	14	19	7	14	4	10	5	20	9	24	14	12	12	23	8	16	30	25	20	35	9	24	17	8	10	20	6	8	10	13	3	8	19	31	22	12	2	20	15	
2918_A/goose/Shandong/03. 11	8	9	5	22	7	16	5	7	9	0	0	9	4	1	0	13	8	7	2	7	5	4	2	10	14	20	7	14	5	10	4	20	8	27	13	12	12	21	9	15	33	25	20	35	7	24	17	8	10	19	6	9	11	13	2	6	18	31	26	13	2	20	12	
2919_A/goose/Shandong/GS/ 11	8	9	5	22	6	16	5	7	10	0	0	7	4	1	0	11	9	7	2	8	5	4	2	9	13	21	7	17	5	9	4	21	10	29	13	11	12	19	9	14	29	25	19	38	9	23	19	8	11	19	6	9	10	13	2	7	18	32	24	11	2	19	14	
2920_A/goose/Zhejiang/112 13	9	7	4	20	7	18	6	6	8	0	0	12	4	1	0	13	10	8	2	7	6	3	2	12	11	19	7	10	5	12	4	18	10	30	11	11	10	19	10	16	32	25	20	36	8	25	16	9	11	20	6	11	11	12	2	3	17	35	32	13	3	15	6	
2921_A/goose/Zhejiang/727 13	6	9	5	24	6	16	5	9	10	0	0	7	4	1	0	11	9	7	3	6	6	3	2	9	12	21	6	16	6	9	4	21	10	28	13	10	11	20	9	15	29	26	19	38	9	23	18	9	11	19	6	8	10	13	2	7	18	32	24	11	2	19	14	
2922_A/Great_black-headed 11	8	10	5	22	7	15	5	7	9	0	0	10	4	1	0	13	8	7	2	7	5	4	2	10	15	19	4	14	4	9	6	21	9	25	13	12	12	22	10	16	32	26	23	35	7	23	16	7	10	19	7	9	11	13	2	6	18	31	24	12	2	20	13	
2923_A/Great_black-headed 11	8	10	5	22	7	15	5	7	9	0	0	10	4	1	0	13	8	7	2	7	5	4	2	9	15	20	4	14	4	9	6	21	9	25	13	12	12	22	10	16	32	26	23	35	7	23	16	7	10	19	7	9	11	13	2	6	18	31	24	12	2	20	13	
2924_A/Great_Cormorant/Hu 12	8	7	5	21	7	18	5	7	12	0	0	13	2	1	0	9	7	5	2	8	5	5	3	13	15	22	1	8	5	9	6	18	11	22	8	12	11	25	15	15	28	24	20	36	10	27	19	9	10	23	4	8	11	10	5	6	17	25	24	14	4	23	14	
2925_A/Great_Cormorant/Hu 12	8	7	5	21	7	18	5	7	12	0	0	13	2	1	0	9	7	5	2	8	5	5	3	13	15	22	1	8	5	9	6	18	11	22	8	12	11	25	15	15	28	24	20	36	10	27	19	9	10	23	4	8	11	10	5	6	17	25	24	14	4	23	14	
2926_A/Great_Cormorant/Hu 12	8	7	5	21	7	18	5	7	12	0	0	12	2	1	0	9	7	6	2	8	5	4	3	12	15	21	1	10	5	10	6	18	11	23	8	12	11	25	14	15	31	24	21	36	7	27	18	9	10	23	4	8	11	10	5	6	17	26	24	14	4	22	14	
2927_A/Great_Cormorant/Hu 12	8	7	5	21	7	18	5	7	12	0	0	12	2	1	0	9	7	6	2	8	5	4	3	12	15	21	1	10	5	10	6	18	11	23	8	12	11	25	14	15	31	24	21	36	7	27	18	9	10	23	4	8	11	10	5	6	17	26	24	14	4	22	14	
2928_A/Great_Cormorant/Hu 12	8	7	5	21	7	18	5	7	12	0	0	12	2	1	0	9	7	6	2	8	5	4	3	12	15	21	1	10	5	10	6	18	11	23	8	12	11	25	14	15	31	24	21	36	7	27	18	9	10	23	4	8	11	10	5	6	17	26	24	14	4	22	14	
2929_A/Guangdong/1/2006|E 11	7	9	5	23	6	16	5	6	12	0	0	10	3	1	0	10	10	7	2	9	5	3	2	10	12	20	7	15	5	10	4	19	11	28	10	12	8	21	11	17	34	23	15	37	7	29	20	6	11	21	5	10	9	11	3	7	19	29	26	10	2	21	12	
2930_A/Guangdong/1/2008|E 11	7	9	5	22	6	16	5	6	11	0	0	11	4	1	0	10	10	7	2	10	5	3	2	11	13	22	7	11	4	9	4	19	10	28	11	13	8	21	10	16	35	25	17	37	7	27	18	6	11	21	5	11	9	11	3	7	19	29	25	10	2	21	13	
2931_A/Guangdong/2/2006|E 11	8	9	5	22	5	16	5	6	12	0	0	11	3	1	0	10	9	7	2	9	6	3	2	9	12	22	7	14	5	9	5	19	10	27	9	13	10	22	12	16	33	23	19	37	7	29	15	7	12	21	5	10	8	11	3	5	19	28	24	12	2	22	14	
2932_A/Guangxi/1/2005|EPI 10	7	9	5	23	6	16	5	6	11	0	0	10	4	1	0	10	10	7	2	9	5	3	2	11	12	21	7	13	5	10	4	20	10	29	12	12	8	20	10	17	35	23	18	38	6	28	17	6	11	21	5	10	10	11	3	7	19	29	24	10	2	21	13	
2933_A/Guangxi/1/2005|EPI 10	7	9	5	23	6	16	5	7	11	0	0	10	4	1	0	10	10	7	2	9	5	3	2	9	12	22	7	14	5	10	4	19	11	28	10	13	8	21	11	16	34	24	18	37	7	27	17	7	11	21	5	10	9	11	3	6	18	29	25	11	3	21	13	
2934_A/Guangxi/1/2008|EPI 12	7	9	5	21	6	16	5	6	11	0	0	10	4	1	0	10	10	7	2	9	7	3	2	10	10	22	7	14	5	9	4	20	11	28	10	13	9	21	11	16	33	22	17	36	6	29	19	6	11	21	5	11	9	11	3	7	19	28	26	11	2	22	12	
2935_A/Guizhou/1/2009|EPI 11	7	9	5	22	7	16	5	6	11	0	0	10	4	1	0	10	10	7	2	9	6	3	2	10	11	21	7	15	5	10	4	20	10	26	10	13	8	22	11	16	32	23	19	35	9	29	17	8	11	19	5	8	10	12	3	8	18	30	26	10	2	21	12	
2936_A/hill_myna/Heilongj 11	8	9	5	22	6	16	5	7	10	0	0	8	4	1	0	10	9	7	2	9	6	3	2	10	12	22	7	15	5	9	5	20	8	27	12	11	12	22	9	15	32	24	20	38	8	24	17	9	11	19	6	9	10	13	2	7	18	31	24	10	2	20	14	
2937_A/Hong_Kong/5923/201 11	7	9	4	22	6	16	6	5	12	0	0	8	4	1	0	10	10	7	2	9	5	3	2	13	12	23	7	13	5	8	5	21	8	27	12	12	12	22	9	15	33	24	20	37	7	26	15	8	12	19	5	9	9	13	3	7	17	30	24	10	3	21	14	
2938_A/Hunan/1/2006|EPI_I 11	7	9	6	22	6	16	4	6	11	0	0	10	4	1	0	10	10	7	2	9	5	3	2	10	12	22	7	14	5	9	4	19	10	27	10	13	9	22	11	16	34	24	18	37	7	28	17	7	11	20	5	10	9	12	3	6	19	29	25	11	2	21	13	
2939_A/Hunan/1/2008|EPI_I 11	8	9	5	22	6	16	5	6	11	0	0	10	3	1	0	10	9	6	2	7	6	4	2	11	13	19	7	14	4	12	4	17	11	29	10	16	8	20	12	17	32	24	19	37	8	30	14	7	11	22	4	10	9	10	4	7	19	28	23	10	2	22	14	
2940_A/Hunan/2/2009|EPI_I 11	7	9	5	22	7	16	5	7	11	0	0	9	4	1	0	10	10	7	3	9	6	3	1	10	11	21	7	15	5	10	4	19	11	27	11	14	8	21	11	17	31	24	18	34	9	28	17	8	11	19	5	8	10	12	3	7	18	30	25	11	2	21	13	
2941_A/Japanese_white-eye 11	8	9	5	22	6	16	5	7	10	0	0	8	4	1	0	10	9	7	2	9	6	3	2	10	12	22	7	16	5	9	5	20	7	27	12	11	12	22	9	15	32	25	19	37	8	24	17	9	12	19	6	9	10	13	2	7	18	31	24	10	2	20	14	
2942_A/Jiangsu/1/2007|EPI 11	7	9	5	22	6	16	5	6	12	0	0	11	3	1	0	10	10	7	2	10	5	3	2	10	13	21	8	12	4	10	3	20	11	28	11	13	8	22	9	15	34	25	17	37	7	27	18	6	11	21	5	11	9	11	3	7	19	29	23	10	2	21	15	
2943_A/Jiangsu/2/2007|EPI 11	7	9	5	22	6	16	5	6	12	0	0	11	3	1	0	10	10	7	2	10	5	3	2	10	13	21	8	12	4	10	3	20	11	28	11	13	8	22	9	15	34	25	17	37	7	27	18	6	11	21	5	11	9	11	3	7	19	29	23	10	2	21	15	
2944_A/Jiangxi/1/2005|EPI 10	7	9	6	22	5	16	4	6	11	0	0	10	4	1	0	11	10	7	2	9	6	3	2	10	11	21	5	14	6	10	6	19	9	29	10	14	12	19	12	15	31	24	19	37	8	28	16	7	10	22	4	10	12	10	4	6	18	28	29	10	2	22	9	
2945_A/lesser_kestrel/Hei 12	8	9	5	21	6	16	5	6	11	0	0	9	5	1	0	10	9	7	2	8	6	3	2	11	11	22	7	14	5	9	4	19	11	28	10	13	8	20	12	15	33	23	18	38	8	29	16	7	11	22	5	9	9	10	3	9	19	29	26	9	2	21	13	
2946_A/lion/Hubei/1-2/201 13	8	9	5	20	7	17	5	7	12	0	0	12	2	1	0	9	7	7	2	8	5	3	3	11	16	22	1	10	4	9	6	19	11	21	8	12	11	27	14	15	33	27	19	36	6	24	20	9	9	21	4	7	12	10	5	6	17	26	24	14	4	23	14	
2947_A/mallard/Heilongjia 10	6	8	6	23	6	17	4	5	14	0	0	15	3	1	0	6	8	7	0	11	5	3	4	8	14	16	3	12	5	14	6	19	8	22	10	11	11	27	11	14	31	28	19	38	8	25	18	9	10	19	2	7	9	15	9	8	21	23	25	14	3	25	10	
2948_A/mandarin_duck/Heil 13	6	6	6	18	8	16	4	4	11	0	0	13	4	1	0	6	7	5	2	11	5	4	3	10	12	18	2	11	3	12	4	17	7	22	7	13	10	24	13	14	31	23	22	36	5	28	18	6	10	20	3	9	10	10	5	9	16	22	23	10	4	27	11	
2949_A/mandarin_duck/Hena 12	7	7	4	19	6	15	6	4	14	0	0	8	2	1	0	8	8	5	2	9	5	4	3	11	12	22	3	15	2	8	6	17	8	22	9	12	8	24	11	15	33	25	22	36	3	25	15	6	9	19	5	11	12	11	5	4	17	29	24	13	3	20	9	
2950_A/meerkat/Shanghai/S 12	8	9	5	21	6	16	5	7	10	0	0	8	4	1	0	11	9	7	2	8	5	3	2	10	13	22	7	15	5	9	4	21	10	25	13	11	12	23	9	15	29	25	19	38	9	24	18	8	11	19	6	9	10	13	2	6	18	31	24	11	2	20	14	
2951_A/mink/China/G/2015| 12	7	9	5	21	6	16	5	8	11	0	0	8	4	1	0	10	10	7	2	9	5	3	2	11	12	22	7	13	5	9	5	21	9	29	11	10	12	20	10	17	31	24	20	37	8	26	15	9	12	18	6	8	9	14	1	6	17	31	26	11	3	20	13	
2952_A/mink/China/XB/2015 13	8	8	5	20	7	17	5	7	12	0	0	12	2	1	0	9	7	6	2	8	5	4	3	12	15	22	1	10	5	9	6	18	11	20	9	12	11	27	14	15	32	25	19	36	7	25	21	9	11	22	4	8	10	10	5	6	16	25	25	14	4	24	13	
2953_A/mink/Eastern_China 15	9	13	5	18	5	12	5	11	14	1	0	5	2	0	0	11	10	7	1	6	7	3	2	15	11	22	2	8	4	9	5	20	11	30	7	9	11	18	14	18	33	23	26	37	5	30	14	8	11	22	3	6	9	13	6	12	19	26	26	11	1	21	11	
2954_A/Nanjing/1/2015|EPI 12	7	7	5	21	8	18	5	7	12	0	0	12	2	1	0	9	7	6	2	8	5	4	3	12	15	22	1	10	5	9	6	19	11	21	9	11	11	26	14	15	31	24	19	36	7	27	20	9	10	21	4	8	11	11	5	6	17	25	23	14	4	24	15	
2955_A/ostrich/Suzhou/097 11	7	10	6	22	6	15	4	8	11	0	0	8	4	1	0	11	10	7	2	8	5	3	2	10	11	20	6	14	6	11	5	19	13	29	11	13	9	20	10	16	32	25	19	36	7	28	15	6	9	22	4	12	11	10	5	6	18	28	27	10	3	22	10	
2956_A/parrot/Guangdong/C 11	7	9	6	22	6	16	4	6	11	0	0	10	4	1	0	10	10	7	2	9	5	3	2	10	11	22	6	14	6	9	5	19	10	28	10	13	10	21	11	15	34	25	18	37	6	28	16	7	11	22	4	11	10	10	4	6	18	29	28	11	2	21	10	
2957_A/peacock/Yunnan/1/2 12	8	7	5	21	7	18	5	6	12	0	0	13	2	1	0	9	7	6	2	8	5	4	3	11	16	21	1	10	5	10	6	19	11	23	8	11	11	25	14	15	31	25	21	36	7	26	18	9	10	22	4	7	11	10	5	8	17	25	24	14	3	24	14	
2958_A/peacock/Yunnan/3/2 12	8	7	5	21	7	18	5	6	12	0	0	13	2	1	0	9	7	6	2	8	5	4	3	11	16	21	1	10	5	10	6	19	11	23	8	11	11	25	14	15	31	25	21	36	7	26	18	9	10	22	4	7	11	10	5	8	17	25	24	14	3	24	14	
2959_A/pigeon/Hubei/RP25/ 12	6	8	7	21	9	17	3	3	11	0	0	17	4	1	0	7	10	7	1	11	5	3	3	7	13	19	4	13	3	12	5	18	7	27	8	13	13	23	12	14	32	22	22	38	9	29	16	5	13	17	2	12	8	16	7	6	16	25	27	13	3	24	10	
2960_A/pigeon/Jiangsu/12. 12	8	9	5	21	7	16	5	8	9	0	0	7	4	1	0	13	9	7	2	7	5	4	2	10	13	19	7	15	5	10	5	21	8	28	14	11	13	20	8	15	30	26	20	36	8	24	16	8	10	19	6	9	11	13	2	6	19	33	24	12	2	18	14	
2961_A/pigeon/Jiangxi/S40 13	7	7	5	20	7	18	5	6	12	0	0	9	3	1	0	10	10	8	2	8	3	2	3	6	16	23	2	18	3	8	6	16	9	23	8	13	12	24	14	18	35	25	21	37	3	27	16	5	10	22	3	12	11	13	5	4	17	25	30	15	4	23	8	
2962_A/pigeon/Jilin/04.25 11	8	9	5	22	7	16	5	7	9	0	0	9	4	1	0	13	8	7	2	7	5	4	2	10	14	19	7	14	5	11	4	21	8	26	14	11	12	21	8	15	32	25	20	35	8	24	17	9	10	19	6	8	11	14	2	6	18	29	23	13	2	22	15	
2963_A/pigeon/Jilin/S4176 11	8	9	4	22	7	16	6	8	10	0	0	8	3	1	0	12	8	6	2	7	5	5	2	12	14	18	8	13	5	11	3	20	9	24	14	11	13	23	8	16	30	25	21	34	9	23	18	8	9	20	6	9	12	13	2	7	18	30	24	12	2	21	14	
2964_A/pigeon/Sichuan/NCX 11	7	9	4	22	6	16	6	4	12	0	0	8	4	1	0	10	10	7	2	9	5	3	4	13	12	22	5	14	5	9	4	19	8	27	12	13	12	22	9	14	34	23	20	37	6	29	15	9	11	19	5	9	10	13	3	6	16	30	25	11	4	21	13	
2965_A/pigeon/Zhejiang/11 12	8	9	5	21	7	16	5	7	9	0	0	9	4	1	0	13	9	7	2	7	5	4	2	10	13	19	7	14	5	11	5	21	7	28	14	11	13	20	8	15	32	25	20	36	8	24	16	8	10	19	6	9	11	13	2	6	18	33	25	12	2	18	13	
2966_A/pigeon/Zhejiang/11 11	8	9	5	22	7	16	5	7	9	0	0	9	4	1	0	13	8	7	2	7	5	4	2	10	14	20	7	14	5	10	4	21	8	27	13	11	12	21	9	15	32	25	20	36	8	24	17	8	10	19	6	9	11	13	2	6	18	31	25	12	2	20	13	
2967_A/pigeon/Zhejiang/72 13	6	9	5	24	6	16	5	9	10	0	0	7	4	1	0	11	9	7	3	6	6	3	2	9	12	21	6	16	6	9	4	21	10	28	13	10	11	20	9	15	29	26	19	38	9	23	18	9	11	19	6	8	10	13	2	7	18	32	24	11	2	19	14	
2968_A/plateau_pika/Qingh 10	5	9	6	23	8	16	4	7	13	0	0	9	3	1	0	9	11	5	3	9	4	4	2	8	12	18	3	16	4	13	6	15	9	24	8	14	13	24	13	16	36	23	21	38	2	30	16	10	12	21	4	8	9	12	4	8	18	24	25	10	3	25	13	
2969_A/quail/Nanchang/663 11	7	9	4	22	6	16	6	5	12	0	0	8	4	1	0	10	10	7	2	9	5	3	3	13	12	22	7	13	5	9	4	22	8	28	12	11	12	21	8	15	33	24	20	37	7	26	16	8	11	19	5	9	10	13	3	7	17	31	23	10	3	20	15	
2970_A/Shandong/1/2009|EP 11	7	9	5	22	6	16	5	6	10	0	0	11	4	1	0	10	10	7	2	11	4	3	2	10	13	22	7	13	3	9	4	21	11	28	11	12	8	21	10	15	35	25	17	37	6	27	18	6	11	21	5	11	9	11	3	7	20	29	24	10	2	21	14	
2971_A/Sichuan/1/2006|EPI 11	7	9	5	22	6	16	5	6	11	0	0	10	4	1	0	10	10	7	2	9	5	3	2	10	12	21	7	14	5	10	4	20	11	28	11	12	8	21	10	17	34	23	18	37	7	29	17	7	11	21	5	10	9	11	3	6	19	29	25	10	2	21	13	
2972_A/Sichuan/2/2006|EPI 12	7	9	5	21	6	16	5	6	11	0	0	10	4	1	0	10	10	7	2	9	5	3	2	9	12	21	7	14	5	10	4	19	11	29	10	13	8	20	11	19	34	23	18	37	7	29	17	7	11	21	5	10	9	11	3	5	19	29	25	10	2	21	13	
2973_A/Spatula_querquedul 14	7	8	4	19	8	17	6	6	11	0	0	11	3	1	0	10	9	5	2	8	5	6	3	7	14	20	4	16	4	11	3	19	10	20	10	12	11	27	12	15	31	24	22	37	7	28	17	5	12	20	4	9	9	12	3	6	18	23	30	15	4	26	9	
2974_A/swine/Shandong/SD1 11	7	9	6	22	6	16	4	5	12	0	0	9	4	1	0	10	10	6	2	10	5	4	2	9	11	22	7	15	6	9	4	19	10	28	9	13	9	21	12	15	34	23	19	38	6	27	17	7	11	23	4	12	9	9	4	6	18	29	28	9	4	22	10	
2975_A/tiger/Yunnan/tig14 12	7	9	4	21	6	16	6	5	12	0	0	8	4	1	0	10	10	7	3	9	5	3	3	13	13	22	5	13	4	9	4	19	8	28	12	14	12	21	9	15	34	24	19	37	5	27	16	9	12	18	6	8	9	14	3	6	16	31	23	11	5	20	14	
2976_A/tiger/Yunnan/tig14 12	7	9	4	21	6	16	6	5	12	0	0	8	4	1	0	10	10	7	2	9	5	3	3	13	12	23	6	13	5	8	4	20	8	28	12	13	13	21	9	15	33	23	19	37	6	27	17	8	12	19	5	9	9	13	3	6	15	30	25	11	5	21	13	
2977_A/tiger/Yunnan/tig15 13	8	8	5	20	7	17	5	7	12	0	0	12	2	1	0	9	8	6	2	8	4	4	3	13	15	23	2	9	5	8	5	18	11	21	9	12	11	26	14	15	32	25	19	36	8	24	20	9	11	23	4	8	10	10	5	6	16	26	25	14	4	23	13	
2978_A/tundra_swan/Fujian 12	7	5	4	21	7	20	6	6	13	0	0	8	2	1	0	9	12	6	2	9	3	4	3	11	14	23	2	15	3	8	5	18	12	24	10	11	10	23	12	16	35	26	22	36	3	26	16	6	8	24	4	12	13	10	5	4	17	27	28	15	4	22	9	
2979_A/turtle_dove/Guangd 11	7	9	5	22	6	16	5	5	12	0	0	9	4	1	0	10	10	6	2	9	5	3	2	10	12	21	7	15	5	10	4	19	11	30	10	13	8	20	11	16	34	23	18	37	7	29	17	7	12	21	5	10	8	11	3	7	19	31	25	10	2	19	13	
2980_A/turtle_dove/Hunan/ 13	7	9	5	20	7	16	5	7	14	0	0	12	1	1	0	9	7	6	2	8	5	4	3	12	15	22	1	11	5	9	6	18	11	20	10	12	11	27	13	16	32	25	20	36	6	26	20	10	10	21	4	7	11	11	5	7	17	25	25	12	3	24	12	
2981_A/whooper_swan/Henan 12	7	7	4	19	6	15	6	4	14	0	0	8	2	1	0	8	8	5	2	9	5	4	3	11	12	22	3	15	2	8	6	17	9	22	9	12	8	24	11	15	33	25	22	36	3	25	15	6	8	19	5	11	12	11	5	4	17	29	24	13	3	20	9	
2982_A/whooper_swan/Henan 12	7	7	4	19	6	15	6	4	14	0	0	8	2	1	0	8	8	5	2	9	5	4	3	11	12	22	3	15	2	8	6	17	9	22	9	12	8	24	11	15	33	25	22	36	3	25	15	6	8	19	5	11	12	11	5	4	17	29	24	13	3	20	9	
2983_A/whooper_swan/Henan 12	7	7	4	19	6	15	6	4	14	0	0	8	2	1	0	8	8	5	2	9	5	4	3	11	12	22	3	15	2	8	6	16	10	22	9	12	8	24	11	15	33	25	22	36	3	25	15	6	8	19	5	11	12	11	5	4	17	29	24	13	3	20	9	
2984_A/whooper_swan/Henan 12	7	7	4	19	6	15	6	4	14	0	0	8	2	1	0	8	8	5	2	9	5	4	3	11	12	22	3	15	2	8	6	17	9	22	9	12	8	24	11	15	33	25	22	36	3	25	15	6	8	19	5	11	12	11	5	4	17	29	24	13	3	20	9	
2985_A/whooper_swan/Henan 12	7	7	4	19	6	15	6	4	14	0	0	8	2	1	0	8	8	5	2	9	5	4	3	11	12	22	3	15	2	8	6	17	9	22	9	12	8	24	11	15	33	25	22	36	3	25	15	6	8	19	5	11	12	11	5	4	17	29	24	13	3	20	9	
2986_A/whooper_swan/Henan 12	7	7	4	19	6	15	6	4	14	0	0	8	2	1	0	8	8	5	2	9	5	4	3	11	12	22	3	15	2	8	6	17	8	22	9	12	8	24	11	15	33	25	22	36	3	25	15	6	9	19	5	11	12	11	5	4	17	29	24	13	3	20	9	
2987_A/whooper_swan/Henan 11	8	9	5	22	7	16	5	7	9	0	0	10	4	1	0	13	8	7	2	7	5	4	2	9	15	21	5	14	4	9	5	22	8	27	12	11	12	21	10	16	32	26	21	35	8	23	17	7	10	17	6	9	11	15	2	6	18	30	25	12	2	21	13	
2988_A/whooper_swan/Henan 11	8	9	5	22	7	16	5	7	9	0	0	10	4	1	0	13	8	7	2	7	5	4	2	9	15	20	5	14	4	10	5	22	8	27	12	11	12	21	10	16	32	26	21	35	8	23	17	7	10	17	6	9	11	15	2	6	18	30	25	12	2	21	13	
2989_A/whooper_swan/Henan 11	8	9	5	22	7	16	5	7	9	0	0	10	4	1	0	13	8	7	2	7	5	4	2	9	15	20	5	14	4	10	5	22	8	27	12	11	12	21	10	16	32	26	21	35	8	23	17	7	10	17	6	9	11	15	2	6	18	30	25	12	2	21	13	
2990_A/whooper_swan/Henan 11	8	9	5	22	7	16	5	7	9	0	0	10	4	1	0	13	8	7	2	7	5	4	2	9	15	20	5	14	4	10	5	21	8	27	13	11	12	21	10	16	32	26	21	35	8	23	17	7	10	17	6	9	11	15	2	6	18	30	25	12	2	21	13	
2991_A/whooper_swan/Shanx 12	7	7	4	19	6	15	6	4	14	0	0	8	2	1	0	8	8	5	2	9	5	4	3	11	12	22	3	15	2	8	6	17	9	22	9	12	8	24	11	15	33	25	22	36	3	25	15	6	8	19	5	11	12	11	5	4	17	29	24	13	3	20	9	
2992_A/whooper_swan/Shanx 12	7	7	4	19	6	15	6	4	14	0	0	8	2	1	0	8	8	5	2	9	5	4	3	11	12	22	3	15	2	8	6	17	9	22	9	12	8	24	11	15	33	25	22	36	3	25	15	6	8	19	5	11	12	11	5	4	17	29	24	13	3	20	9	
2993_A/wild_duck/Fujian/1 10	7	9	6	22	6	16	5	7	11	0	0	8	4	1	0	11	10	7	1	9	5	3	3	9	12	22	7	16	5	9	5	21	8	27	11	11	12	22	9	16	32	22	20	37	8	25	17	9	12	18	6	8	9	14	2	6	17	31	26	11	3	21	12	
2994_A/wild_duck/Fujian/2 10	7	9	5	22	6	16	5	7	11	0	0	8	4	1	0	11	10	7	1	9	5	3	3	9	12	22	7	16	5	9	5	21	8	27	12	11	12	22	9	16	32	22	20	37	8	25	17	9	12	18	6	8	9	14	2	6	17	31	26	11	3	21	12	
2995_A/wild_duck/Hebei/SD 11	7	6	4	22	7	19	6	6	13	0	0	8	2	1	0	10	12	6	2	9	3	4	3	10	14	23	2	15	3	8	6	17	11	23	11	12	10	23	12	16	36	27	22	37	3	25	15	6	8	24	4	12	13	11	5	4	17	26	26	14	4	22	11	
2996_A/wild_duck/Jilin/HF 12	6	8	6	21	6	17	4	7	11	0	0	9	4	1	0	10	10	8	2	9	5	2	2	9	13	22	7	15	4	9	5	20	8	25	10	14	12	24	11	15	32	25	18	36	9	27	16	7	12	19	5	9	9	13	3	6	18	27	23	11	3	22	16	
2997_A/wild_duck/Jilin/ZF 10	6	8	7	23	7	17	3	7	10	0	0	13	5	1	0	6	8	7	2	12	7	3	2	9	12	18	3	11	5	13	5	19	8	27	8	13	14	22	12	15	32	27	23	37	7	25	15	6	11	19	2	10	10	15	7	7	18	23	23	13	2	25	14	
2998_A/wild_duck/Shandong 13	6	10	5	20	6	15	5	5	10	0	0	13	4	1	0	8	11	8	2	11	3	2	2	14	12	22	6	10	5	9	6	19	9	25	10	16	13	21	12	15	33	25	18	37	7	27	16	7	13	22	4	9	10	10	4	5	17	24	23	11	2	26	15	
2999_A/wild_duck/Shandong 11	10	10	7	22	5	15	3	8	11	0	0	10	3	1	0	10	9	7	2	10	4	3	2	7	12	21	7	15	5	10	4	18	13	27	11	10	9	22	10	16	32	26	20	39	8	25	16	5	9	21	5	12	11	11	4	8	16	29	24	8	5	22	13	
3000_A/wild_duck/Shandong 12	8	8	6	20	5	17	4	8	15	0	0	11	1	1	0	8	12	6	3	11	4	4	1	7	14	19	3	14	2	12	6	16	11	26	9	14	11	22	12	16	35	23	25	36	3	28	13	8	11	22	5	10	9	12	2	9	20	28	26	9	2	21	13	
3001_A/Xinjiang/1/2006|EP 11	7	9	6	22	6	16	4	7	11	0	0	12	4	1	0	11	11	7	3	8	5	3	1	7	11	20	6	14	6	10	5	19	10	29	8	13	10	21	12	15	33	23	21	37	7	28	15	9	11	22	5	9	10	10	4	6	19	30	28	11	1	20	9	
3002_A/Xinjiang/1/2009|EP 11	7	10	6	22	6	15	5	7	11	0	0	11	4	1	0	10	9	7	3	9	6	3	1	8	13	22	7	14	4	9	5	19	11	27	10	14	9	21	10	17	33	25	18	36	7	28	16	8	10	21	4	9	10	12	4	4	19	27	24	12	2	22	14	
3003_A/Zhejiang/1/2006|EP 11	7	9	5	22	6	16	5	6	11	0	0	10	4	1	0	10	10	7	2	9	5	3	2	10	12	21	7	14	5	10	4	19	11	28	9	13	9	21	12	16	33	23	18	37	7	29	17	7	11	22	5	10	9	11	3	7	19	29	25	10	2	20	13	
3004_A/Anas_platyrhynchos 14	7	8	4	19	8	17	6	6	11	0	0	11	3	1	0	10	9	5	2	8	5	6	3	7	14	20	4	16	4	11	3	19	10	20	10	12	11	27	12	15	31	24	22	37	7	28	17	5	12	20	4	9	9	12	3	6	18	23	30	15	4	26	9	
3005_A/Anhui/1/2006_H5N1| 11	7	9	5	22	6	16	5	6	12	0	0	10	3	1	0	10	10	7	2	9	5	3	2	10	12	19	7	14	5	12	4	19	11	29	10	12	8	20	11	17	34	23	17	37	7	29	18	7	11	21	5	10	9	11	3	7	19	29	26	10	2	21	12	
3006_A/Anhui/1/2007_H5N1| 11	7	9	5	22	6	16	5	5	11	0	0	12	4	1	0	11	10	7	2	9	5	3	2	10	12	21	8	12	5	10	3	19	10	29	10	13	11	20	11	16	32	24	18	37	7	28	17	7	10	21	5	9	10	12	3	8	19	27	25	10	2	22	13	
3007_A/Anhui/2/2005_H5N1| 10	7	9	5	23	6	16	5	6	11	0	0	10	4	1	0	10	10	7	2	9	5	3	2	10	12	21	7	14	5	10	4	20	11	29	11	12	8	20	10	17	35	23	18	38	6	28	17	6	11	21	5	10	9	11	3	7	19	29	25	10	2	21	13	
3008_A/Anser_cygnoides/Ch 11	7	9	4	22	6	16	6	6	14	0	0	8	3	1	0	10	10	7	3	9	5	3	3	11	12	22	5	14	5	9	4	19	8	28	12	14	12	21	9	15	33	25	19	37	6	26	16	9	12	19	5	8	9	13	3	6	16	29	24	11	4	22	14	
3009_A/Anser_fabalis/jiuj 14	7	8	4	19	8	17	6	6	11	0	0	11	3	1	0	10	9	5	2	8	5	6	3	7	14	20	4	16	4	11	3	19	10	20	10	12	11	27	12	15	31	24	22	37	7	28	17	5	12	20	4	9	9	12	3	6	18	23	30	15	4	26	9	
3010_A/Anser_fabalis/jiuj 14	7	8	4	19	8	17	6	6	11	0	0	11	3	1	0	10	9	5	2	8	5	6	3	7	14	20	4	16	4	11	3	19	10	20	10	12	11	27	12	15	31	24	22	37	7	28	17	5	12	20	4	9	9	12	3	6	18	23	30	15	4	26	9	
3011_A/Anser_fabalis/jiuj 14	7	8	4	19	8	17	6	6	11	0	0	11	3	1	0	10	9	5	2	8	5	6	3	7	14	20	4	16	4	11	3	19	10	20	10	12	11	27	12	15	31	24	22	37	7	28	17	5	12	20	4	9	9	12	3	6	18	23	30	15	4	26	9	
3012_A/Duck/Jiangxi/631/2 11	8	8	6	21	8	17	4	4	10	0	0	10	4	1	0	12	10	6	2	6	4	4	3	9	15	19	3	17	3	12	5	18	10	28	8	11	10	21	14	16	36	24	19	37	4	28	18	8	11	19	3	8	11	12	6	7	15	24	31	13	5	25	7	
3013_A/Guangdong/1/2008_H 11	7	9	5	22	6	16	5	6	11	0	0	11	4	1	0	10	10	7	2	10	5	3	2	11	13	22	7	11	4	9	4	19	10	28	11	13	8	21	10	16	35	25	17	37	7	27	18	6	11	21	5	11	9	11	3	7	19	29	25	10	2	21	13	
3014_A/Guangdong/2/2006_H 11	8	9	5	22	5	16	5	6	12	0	0	11	3	1	0	10	9	7	2	9	6	3	2	9	12	22	7	14	5	9	5	19	10	27	9	13	10	22	12	16	33	23	19	37	7	29	15	7	12	21	5	10	8	11	3	5	19	28	24	12	2	22	14	
3015_A/Guangxi/1/2005_H5N 10	8	9	5	22	6	16	4	7	11	0	0	10	4	1	0	10	10	7	2	10	5	4	2	9	12	22	7	14	5	10	4	19	11	28	10	13	8	20	11	16	34	24	18	37	7	28	16	7	11	21	5	9	9	11	4	6	18	29	25	11	3	21	13	
3016_A/Guangxi/1/2008_H5N 12	7	9	5	21	6	16	5	6	11	0	0	10	4	1	0	10	10	7	2	9	7	3	2	10	10	22	7	14	5	9	4	20	11	28	10	13	9	21	11	16	33	22	17	36	6	29	19	6	11	21	5	11	9	11	3	7	19	28	26	11	2	22	12	
3017_A/Guizhou/1/2009_H5N 11	7	9	5	22	7	16	5	6	11	0	0	10	4	1	0	10	10	7	2	9	6	3	2	10	11	21	7	15	5	10	4	20	10	26	10	13	8	22	11	16	32	23	19	35	9	29	17	8	11	19	5	8	10	12	3	8	18	30	26	10	2	21	12	
3018_A/Hunan/1/2008_H5N1| 11	8	9	5	22	6	16	5	6	11	0	0	10	3	1	0	10	9	6	2	7	6	4	2	11	13	19	7	14	4	12	4	17	11	29	10	16	8	20	12	17	32	24	19	37	8	30	14	7	11	22	4	10	9	10	4	7	19	28	23	10	2	22	14	
3019_A/Hunan/2/2009_H5N1| 11	7	9	5	22	7	16	5	7	11	0	0	9	4	1	0	10	10	7	3	9	6	3	1	10	11	21	7	15	5	10	4	19	11	27	11	14	8	21	11	17	31	24	18	34	9	28	17	8	11	19	5	8	10	12	3	7	18	30	25	11	2	21	13	
3020_A/Japanese_white-eye 11	8	9	5	22	6	16	5	7	10	0	0	8	4	1	0	10	9	7	2	9	6	3	2	10	12	22	7	16	5	9	5	20	7	27	12	11	12	22	9	15	32	25	19	37	8	24	17	9	12	19	6	9	10	13	2	7	18	31	24	10	2	20	14	
3021_A/Nanjing/1/2015_H5N 12	7	7	5	21	8	18	5	7	12	0	0	12	2	1	0	9	7	6	2	8	5	4	3	12	15	22	1	10	5	9	6	19	11	21	9	11	11	26	14	15	31	24	19	36	7	27	20	9	10	21	4	8	11	11	5	6	17	25	23	14	4	24	15	
3022_A/Shandong/1/2009_H5 11	7	9	5	22	6	16	5	6	10	0	0	11	4	1	0	10	10	7	2	11	4	3	2	10	13	22	7	13	3	9	4	21	11	28	11	12	8	21	10	15	35	25	17	37	6	27	18	6	11	21	5	11	9	11	3	7	20	29	24	10	2	21	14	
3023_A/Spatula_querquedul 14	7	8	4	19	8	17	6	6	11	0	0	11	3	1	0	10	9	5	2	8	5	6	3	7	14	20	4	16	4	11	3	19	10	20	10	12	11	27	12	15	31	24	22	37	7	28	17	5	12	20	4	9	9	12	3	6	18	23	30	15	4	26	9	
3024_A/Wild_bird/Huadong/ 12	8	8	5	21	7	18	5	7	12	0	0	13	2	1	0	9	7	5	2	8	5	5	3	12	15	22	1	9	5	9	6	18	10	22	8	12	12	26	14	15	28	24	20	36	10	27	19	9	10	21	4	8	11	10	5	6	17	25	24	14	4	24	14	
3025_A/Wild_bird/Huadong/ 11	8	9	4	23	8	16	6	8	9	0	0	8	3	1	0	11	8	6	2	7	5	5	2	12	14	20	6	12	5	11	4	20	9	24	14	11	12	22	8	16	30	25	20	35	9	24	19	9	10	19	6	8	11	14	2	8	18	30	23	11	2	21	15	
3026_A/Wild_bird/Huadong/ 11	8	9	5	22	7	16	5	7	9	0	0	9	4	1	0	13	8	7	2	7	5	4	2	10	13	20	7	14	6	10	4	21	8	26	13	11	12	22	9	15	32	25	20	36	8	24	17	9	10	19	6	8	11	13	2	6	18	31	25	12	2	20	13	
3027_A/Xinjiang/1/2009_H5 11	7	10	6	22	6	15	5	7	11	0	0	11	4	1	0	10	9	7	3	9	6	3	1	8	13	22	7	14	4	9	5	19	11	27	10	14	9	21	10	17	33	25	18	36	7	28	16	8	10	21	4	9	10	12	4	4	19	27	24	12	2	22	14	
3028_A/avian/Hong_Kong/07 10	7	9	5	23	6	16	5	6	11	0	0	10	4	1	0	12	10	7	2	8	5	3	2	10	12	22	7	13	5	9	4	19	10	28	10	12	9	21	11	17	35	23	18	36	6	27	18	6	11	21	5	12	9	11	3	6	19	28	26	11	2	22	13	
3029_A/avian/Hong_Kong/19 10	7	10	5	23	6	15	5	6	11	0	0	10	4	1	0	12	10	7	2	8	5	3	2	10	12	22	7	13	5	9	4	19	10	28	10	12	9	21	11	17	35	23	18	36	6	27	18	6	11	21	5	12	9	11	3	6	19	28	26	11	2	22	13	
3030_A/avian/Hong_Kong/23 10	7	9	5	23	6	16	5	6	11	0	0	10	4	1	0	12	10	7	2	8	5	3	2	10	12	22	7	13	5	9	4	19	10	28	10	12	9	21	11	17	35	23	18	36	6	27	18	6	11	21	5	12	9	11	3	6	19	28	26	11	2	22	13	
3031_A/bar-headed_goose/Q 12	7	9	6	21	6	16	3	7	11	0	0	13	4	1	0	8	9	6	2	9	7	4	2	6	16	17	7	15	7	9	4	17	10	27	9	15	10	22	11	15	33	25	20	37	7	26	15	9	12	21	8	8	10	11	4	6	19	32	27	11	1	18	9	
3032_A/bar-headed_goose/T 11	7	9	5	22	6	16	3	7	11	0	0	13	4	1	0	10	9	7	4	7	9	4	2	7	13	22	5	15	5	10	4	17	10	26	9	15	10	22	11	15	34	24	20	36	5	28	14	9	12	21	7	8	10	11	5	6	18	30	28	11	1	20	8	
3033_A/brown-headed_gull/ 12	7	10	5	21	7	15	5	6	10	0	0	9	4	1	0	10	9	8	2	9	6	2	2	10	13	22	7	15	4	9	5	18	11	26	10	14	9	22	11	16	33	26	19	37	7	26	15	8	10	20	5	9	10	14	2	7	18	27	25	10	3	22	14	
3034_A/brown-headed_gull/ 12	7	10	5	21	7	15	5	6	10	0	0	10	4	1	0	10	9	8	2	9	6	2	2	10	13	23	7	14	5	9	5	18	11	26	10	15	9	23	10	17	34	23	19	36	6	26	16	8	10	20	7	9	10	13	2	7	18	27	24	10	3	22	13	
3035_A/chicken/China/Cang 14	7	7	4	19	8	18	6	6	11	0	0	11	3	1	0	10	9	5	2	8	5	5	3	7	15	20	4	16	3	11	3	19	10	20	9	12	11	28	12	15	31	24	20	37	7	28	18	5	12	20	4	9	9	12	4	7	18	23	29	14	4	27	10	
3036_A/chicken/China/E93/ 12	8	10	7	21	5	15	3	5	11	0	0	14	3	1	0	9	10	7	2	11	4	3	2	13	12	21	6	9	5	10	5	20	9	28	12	11	12	19	10	16	32	26	18	39	8	25	18	5	10	22	3	12	11	10	5	6	18	27	24	10	2	23	14	
3037_A/chicken/China/E96/ 12	8	10	7	21	5	15	3	5	11	0	0	14	3	1	0	9	10	7	2	11	4	3	2	13	13	21	6	9	4	10	5	20	9	28	12	11	12	19	10	16	32	26	18	39	8	25	18	5	10	22	3	12	12	10	5	6	17	27	24	10	2	23	14	
3038_A/chicken/Eastern_Ch 11	6	10	6	22	8	15	4	8	11	0	0	16	3	1	0	7	9	7	2	11	7	3	2	6	12	18	3	11	4	13	6	18	9	26	12	14	12	22	10	15	34	25	21	35	5	27	16	7	12	21	2	10	9	11	7	7	17	25	25	13	3	25	12	
3039_A/chicken/Eastern_Ch 11	8	10	6	21	6	15	4	8	9	0	0	11	4	1	0	9	9	8	2	9	5	2	2	10	12	22	7	14	5	9	5	18	11	26	11	14	10	22	11	16	34	24	20	37	7	27	15	8	13	21	6	9	9	12	3	7	15	25	23	9	5	23	14	
3040_A/chicken/Fujian/1/2 12	7	9	5	21	6	16	4	5	12	0	0	11	3	1	0	9	10	7	2	8	5	3	2	11	12	21	7	16	4	10	4	19	14	28	10	13	7	21	10	16	34	22	18	36	7	30	17	7	12	21	5	9	8	11	4	6	21	28	25	10	2	22	13	
3041_A/chicken/Gansu/5/20 11	8	10	7	22	5	15	3	8	11	0	0	10	4	1	0	9	10	7	2	11	4	3	2	12	11	21	6	10	6	10	5	20	9	29	11	11	12	19	10	15	32	26	18	38	8	25	18	6	10	22	3	12	12	10	5	6	17	27	25	11	2	23	13	
3042_A/chicken/Gansu/6/20 12	8	10	7	21	5	15	3	5	11	0	0	14	3	1	0	9	10	7	2	11	4	3	2	13	12	21	6	9	5	10	5	21	8	29	12	11	12	18	10	17	31	26	18	39	8	25	18	4	11	22	3	12	11	10	5	6	18	26	24	10	2	24	14	
3043_A/chicken/Guangdong/ 11	8	10	6	22	5	15	4	7	11	0	0	12	4	1	0	10	10	7	3	9	5	3	1	9	11	21	6	12	6	10	5	18	9	27	10	14	12	22	11	15	32	22	22	37	7	29	14	9	11	22	5	9	10	10	4	6	19	30	28	11	1	20	9	
3044_A/chicken/Guangxi/S2 10	7	9	5	23	6	16	5	6	11	0	0	9	4	1	0	10	10	7	2	9	5	3	2	9	12	22	7	16	5	9	5	21	8	27	12	12	12	22	9	15	32	23	19	37	8	27	16	8	12	18	4	9	8	14	4	6	18	31	25	11	3	20	13	
3045_A/chicken/Guizhou/7/ 9	9	9	4	24	5	15	5	6	11	0	0	13	4	1	0	8	10	8	2	10	5	3	2	11	10	24	5	10	7	8	5	20	12	30	9	13	9	18	12	15	33	23	19	37	8	28	17	7	14	17	4	9	9	16	5	7	18	26	27	11	1	22	10	
3046_A/chicken/Hebei/A-8/ 10	8	10	7	23	6	15	2	6	11	0	0	13	4	1	0	9	9	7	2	10	4	3	2	11	11	20	6	11	7	10	6	21	8	28	11	14	12	20	10	14	34	26	18	38	7	25	18	6	9	22	3	10	12	10	6	5	19	27	27	11	1	21	12	
3047_A/chicken/Henan/A-7/ 11	7	9	6	21	6	16	4	4	11	0	0	12	5	1	0	8	10	7	2	10	4	4	2	11	12	21	6	14	5	9	5	20	11	27	10	11	9	21	11	16	32	28	18	37	8	25	16	9	12	22	3	10	10	11	4	7	17	26	28	10	3	22	12	
3048_A/chicken/Huadong/4/ 10	6	10	7	23	7	15	3	6	12	0	0	11	3	1	0	10	10	7	2	10	4	3	2	12	11	20	5	11	6	11	6	20	9	29	11	13	12	19	10	15	33	27	18	37	7	24	18	8	9	22	3	10	13	10	5	6	18	28	26	10	1	22	12	
3049_A/chicken/Hubei/2856 11	8	9	5	22	6	16	5	6	11	0	0	10	4	1	0	9	10	7	2	10	5	3	2	9	12	21	6	15	5	10	4	19	10	29	12	13	8	20	9	16	33	25	19	37	7	28	17	6	11	21	5	11	9	11	3	7	20	28	25	10	2	21	13	
3050_A/chicken/Hunan/1793 12	7	9	5	21	6	16	5	6	12	0	0	10	4	1	0	11	10	7	2	9	5	3	2	9	12	21	7	14	5	11	4	18	11	29	8	14	8	20	13	15	33	23	18	36	9	28	17	7	11	21	5	10	9	11	3	6	19	29	25	11	2	21	13	
3051_A/chicken/Hunan/21/2 11	7	9	5	22	6	16	5	6	11	0	0	10	4	1	0	10	9	7	2	9	6	3	2	10	12	21	6	14	5	10	4	19	11	29	10	13	8	20	11	16	34	23	19	38	7	30	16	7	11	21	6	10	9	11	3	8	18	30	26	10	2	20	10	
3052_A/chicken/Hunan/3/20 10	8	10	5	23	6	15	5	6	12	0	0	11	2	1	0	10	9	7	2	9	6	3	2	9	13	21	7	14	4	10	4	19	11	29	10	13	9	20	11	16	33	24	18	37	7	28	16	8	11	20	5	10	8	13	3	6	18	28	25	11	3	21	14	
3053_A/chicken/Hunan/3157 11	7	9	5	22	6	16	5	6	12	0	0	9	4	1	0	10	10	7	2	8	6	3	2	11	11	21	7	15	5	10	4	19	11	28	10	13	8	20	12	15	32	23	19	38	8	29	16	7	11	22	5	9	9	10	4	8	19	29	25	10	2	20	13	
3054_A/chicken/Hunan/8/20 11	8	10	5	22	6	15	5	6	10	0	0	10	4	1	0	10	9	8	2	9	6	2	2	9	13	22	7	15	4	9	5	18	11	28	11	14	8	21	10	16	33	26	18	37	7	27	15	8	11	21	5	9	10	12	3	7	18	27	24	10	3	22	14	
3055_A/chicken/Jiangsu/18 10	6	10	7	23	7	15	2	8	12	0	0	11	3	1	0	9	10	7	2	10	4	3	2	11	11	20	6	11	6	11	6	19	8	28	11	14	13	19	10	14	33	29	18	38	7	24	18	8	10	21	3	9	13	11	6	6	17	27	26	10	2	22	11	
3056_A/chicken/Jiangsu/24 11	8	9	5	22	7	16	5	7	9	0	0	9	4	1	0	13	8	7	2	7	5	4	2	10	14	20	7	14	5	10	4	21	8	27	13	11	12	21	9	15	33	24	21	36	7	24	17	8	10	19	6	9	11	13	2	6	18	31	23	12	2	20	15	
3057_A/chicken/Jiangsu/92 11	8	9	5	22	6	16	5	7	11	0	0	6	3	1	0	11	9	6	2	8	5	4	2	11	13	21	7	17	5	9	4	21	10	28	13	11	12	20	9	14	29	25	20	38	9	24	17	8	10	19	6	9	11	13	2	7	18	32	24	11	2	19	14	
3058_A/chicken/Jiangsu/YB 12	8	7	5	21	7	18	5	7	12	0	0	13	2	1	0	9	7	6	2	8	5	4	3	12	15	22	1	9	5	9	6	18	11	23	9	12	11	25	13	15	30	25	20	36	8	26	19	9	10	22	4	8	11	10	5	6	17	25	24	14	4	24	14	
3059_A/chicken/Jiangsu/k0 11	6	8	5	22	7	17	5	8	11	0	0	13	5	1	0	6	9	7	2	11	6	3	2	9	12	20	3	11	5	11	6	19	8	25	9	12	13	24	12	15	31	27	22	37	8	25	15	7	12	19	2	10	10	14	8	8	15	26	25	11	4	22	12	
3060_A/chicken/Jiangxi/25 13	6	11	4	20	8	14	6	10	12	0	0	5	2	1	0	9	11	3	4	8	3	7	1	7	15	23	6	19	3	8	4	19	8	26	10	13	13	23	11	15	33	26	20	37	6	25	15	9	13	18	3	6	7	13	4	7	18	27	27	13	4	25	12	
3061_A/chicken/Liaoning/2 11	7	9	6	22	6	16	4	7	11	0	0	12	4	1	0	11	11	7	3	8	5	3	1	7	11	20	6	14	6	10	5	19	10	29	8	13	10	21	12	15	33	23	21	37	7	28	15	9	11	22	5	9	10	10	4	6	19	30	28	11	1	20	9	
3062_A/chicken/Liaoning/A 12	7	10	6	20	8	15	3	4	11	0	0	12	4	1	0	9	9	8	2	10	4	3	1	11	12	21	6	14	7	11	4	20	10	28	10	13	10	20	11	14	32	28	15	37	8	25	20	12	12	22	4	6	9	11	5	7	18	28	28	9	2	20	10	
3063_A/chicken/Liaoning/S 12	8	10	7	21	5	15	3	6	11	0	0	12	4	1	0	9	10	7	2	11	4	3	2	12	11	22	6	10	6	9	5	19	9	29	11	12	12	19	11	15	32	26	18	38	8	25	18	6	10	21	3	12	12	10	5	6	17	26	24	11	2	24	14	
3064_A/chicken/Ningxia/2/ 11	8	10	7	22	5	15	3	8	11	0	0	10	4	1	0	9	10	7	2	11	4	3	2	12	11	21	6	10	6	10	5	20	9	29	11	11	12	19	10	15	32	26	18	38	8	25	18	6	10	22	3	12	12	10	5	6	17	27	25	11	2	23	13	
3065_A/chicken/Ningxia/22 11	8	10	7	22	5	15	3	8	11	0	0	10	4	1	0	9	10	7	2	11	4	3	2	12	11	21	6	10	6	10	5	20	9	29	11	11	12	19	10	15	32	26	18	38	8	25	18	6	10	22	3	12	12	10	5	6	17	26	26	11	2	23	13	
3066_A/chicken/Ningxia/24 12	7	10	6	21	6	15	3	6	11	0	0	11	5	1	0	8	10	7	2	10	4	4	2	11	11	22	6	14	5	9	5	19	11	28	10	12	9	21	11	17	32	29	18	36	7	24	17	9	13	21	4	10	9	12	4	6	18	26	28	10	2	21	11	
3067_A/chicken/North_Chin 11	6	8	6	22	8	17	4	7	11	0	0	16	3	1	0	7	9	7	2	11	7	3	2	6	12	18	3	12	4	13	6	17	9	27	10	15	13	21	12	14	33	24	22	36	5	28	15	7	12	21	2	10	10	11	7	7	16	25	25	13	3	25	12	
3068_A/chicken/Shandong/A 13	7	9	6	20	6	16	3	4	12	0	0	12	4	1	0	10	10	7	2	10	4	3	2	12	10	21	7	13	6	9	5	18	10	28	10	13	9	21	11	15	35	27	17	37	9	23	17	10	12	22	3	9	9	12	6	7	18	27	29	9	2	21	9	
3069_A/chicken/Shantou/37 12	7	9	6	21	6	16	4	6	11	0	0	9	5	1	0	10	10	7	3	9	5	3	2	9	11	22	6	16	6	9	4	19	10	27	9	13	10	22	11	15	33	26	17	37	6	27	17	7	11	23	5	11	10	9	4	7	18	29	30	10	2	21	8	
3070_A/chicken/Shanxi/10/ 12	8	9	6	21	6	16	3	5	11	0	0	12	5	1	0	9	10	8	2	10	4	3	2	10	12	21	6	14	5	10	4	20	11	28	10	12	9	20	11	15	34	31	19	37	7	23	16	9	11	21	3	9	10	12	5	6	17	31	24	10	2	19	12	
3071_A/chicken/Sheny/0606 12	5	9	6	21	7	16	4	7	12	0	0	10	4	1	0	9	11	6	2	10	5	4	2	9	11	20	7	14	4	10	5	20	11	26	9	13	9	23	12	16	33	27	16	36	7	26	18	10	11	23	2	9	10	10	5	6	18	27	28	10	2	22	11	
3072_A/chicken/Sichuan/81 12	7	9	5	21	6	16	5	7	11	0	0	11	4	1	0	10	9	7	2	9	6	3	2	9	12	21	7	13	5	10	4	19	11	29	10	13	8	20	12	16	34	23	18	37	7	29	17	6	11	22	5	11	9	10	2	7	20	29	25	10	2	20	13	
3073_A/chicken/Wuhan/HAQL 12	8	8	5	21	7	18	5	8	12	0	0	12	2	1	0	9	7	6	2	8	5	4	3	12	15	22	1	9	5	9	6	18	11	22	8	12	11	26	14	16	29	24	20	37	8	27	19	9	10	21	4	8	11	10	5	6	17	25	24	13	4	24	14	
3074_A/chicken/Wuhan/HAQL 12	8	8	5	21	7	18	5	8	12	0	0	12	2	1	0	9	7	6	2	8	5	4	3	12	15	22	1	9	5	9	6	18	11	23	8	12	11	25	14	15	30	24	20	36	8	27	19	9	10	21	4	8	11	10	5	6	17	25	24	14	4	24	14	
3075_A/chicken/Wuxi/WX-32 12	8	9	5	21	6	16	5	7	10	0	0	8	4	1	0	10	9	7	2	9	5	3	2	10	13	22	7	15	5	9	4	21	10	26	12	11	12	22	10	15	29	25	19	38	9	24	18	8	11	19	6	9	10	13	2	6	18	32	24	11	2	19	14	
3076_A/chicken/Wuxi/WX-33 11	8	9	5	22	6	16	5	7	11	0	0	8	3	1	0	11	9	7	2	8	6	3	2	10	13	20	7	15	4	11	4	21	10	27	13	11	12	21	9	15	29	25	18	38	9	24	19	8	11	19	6	9	10	13	2	6	18	32	25	11	2	19	13	
3077_A/chicken/Xinjiang/1 10	7	9	6	22	6	16	3	5	11	0	0	11	4	1	0	10	9	7	2	9	6	3	2	10	11	21	6	15	6	10	5	19	10	27	10	13	9	22	11	15	33	26	18	37	8	27	16	8	12	21	4	10	10	11	6	6	18	31	27	10	2	19	10	
3078_A/chicken/Xinjiang/2 11	7	10	7	20	6	15	4	6	10	0	0	10	5	1	0	9	10	7	2	9	5	3	2	10	12	22	6	15	5	10	4	19	11	27	10	14	8	22	11	15	32	26	18	37	9	26	16	8	12	21	3	9	10	11	6	7	18	29	28	9	2	21	11	
3079_A/chicken/Xinjiang/5 12	7	11	6	21	6	14	4	6	10	0	0	9	5	1	0	10	10	7	2	9	5	3	2	10	12	21	6	15	5	10	4	19	11	27	10	14	8	22	11	15	34	27	18	37	7	26	17	8	11	22	3	10	10	11	5	7	18	29	28	9	2	20	10	
3080_A/chicken/Xinjiang/5 10	7	10	6	22	6	15	4	5	11	0	0	10	4	1	0	11	9	7	2	10	6	3	2	9	11	21	6	15	6	10	5	18	10	27	10	14	9	22	11	15	33	25	18	37	8	28	16	8	11	22	4	11	10	10	4	6	18	29	27	10	2	21	11	
3081_A/chicken/Xinjiang/6 12	7	10	6	21	6	15	4	6	10	0	0	9	5	1	0	10	10	7	2	9	5	3	2	10	12	21	6	15	5	10	4	20	11	27	10	14	8	22	11	15	33	27	18	36	8	26	17	8	11	22	3	10	10	10	5	7	18	29	28	9	2	21	10	
3082_A/chicken/Xinjiang/6 10	7	9	6	22	6	16	4	5	11	0	0	10	4	1	0	12	9	7	2	9	6	3	2	10	11	21	7	14	6	8	5	17	10	27	10	14	9	22	11	15	34	25	19	38	8	28	16	8	11	22	4	11	10	10	4	6	18	29	26	10	2	21	11	
3083_A/chicken/Yunnan/1/2 11	7	10	4	22	6	13	6	9	15	0	0	8	3	1	0	10	9	7	4	9	5	4	3	8	12	22	5	14	5	9	4	19	8	28	12	14	12	21	9	15	32	24	19	37	6	27	16	9	12	20	5	8	9	12	4	6	16	29	23	12	4	22	14	
3084_A/chicken/Yunnan/207 11	7	9	6	22	6	16	4	6	11	0	0	10	4	1	0	10	10	7	2	9	5	3	2	10	11	22	6	14	5	10	5	19	9	27	10	13	11	21	12	15	33	25	19	37	7	28	15	7	11	22	4	11	10	10	4	6	18	29	27	11	2	21	11	
3085_A/chicken/Yunnan/568 11	7	9	6	22	6	16	4	6	11	0	0	10	4	1	0	10	10	7	2	9	5	3	2	10	11	22	6	14	5	10	5	19	9	27	10	13	11	22	11	15	33	26	19	37	7	27	15	7	11	21	4	11	10	11	4	6	18	30	27	11	2	20	11	
3086_A/chicken/Yunnan/679 11	7	9	6	22	6	16	4	6	11	0	0	10	4	1	0	10	10	7	2	9	5	3	2	10	11	23	6	14	5	9	5	18	9	27	10	14	11	22	11	15	33	25	19	37	7	28	15	7	11	21	4	11	10	11	4	6	18	30	27	11	2	20	11	
3087_A/chicken/Yunnan/688 11	7	9	6	22	6	16	4	6	11	0	0	10	4	1	0	10	10	7	2	9	5	3	2	10	11	22	6	14	5	10	5	19	9	27	10	13	11	22	11	15	33	25	19	37	7	28	15	7	11	21	4	11	10	11	4	6	18	30	27	11	2	20	11	
3088_A/condor/Guangdong/1 11	7	9	6	22	6	15	5	6	11	0	0	10	4	1	0	9	10	7	2	9	5	3	2	11	12	21	6	13	5	10	4	20	10	28	10	13	10	21	11	15	34	25	17	37	6	28	18	8	12	22	4	10	9	10	4	5	18	29	28	12	2	21	10	
3089_A/domestic_green-win 11	7	8	6	22	6	17	4	5	11	0	0	11	4	1	0	9	10	6	2	8	5	4	2	8	14	20	4	16	3	12	4	17	9	25	10	12	11	24	11	16	36	24	21	37	4	27	18	8	11	23	4	11	9	9	4	8	16	23	27	9	7	27	11	
3090_A/duck/Anhui/56/2005 11	7	9	5	22	6	16	5	6	11	0	0	10	4	1	0	10	10	7	2	9	5	3	2	9	13	21	6	14	5	9	4	18	10	28	10	14	10	21	11	17	31	26	20	36	8	29	14	7	11	22	5	10	9	10	3	7	19	29	27	11	3	21	10	
3091_A/duck/China/0935/20 15	8	10	6	18	6	15	4	5	15	0	0	12	0	1	0	11	11	6	2	7	3	3	2	11	13	20	4	12	5	11	6	18	10	23	10	13	10	25	12	17	33	25	25	36	7	24	13	8	14	24	6	10	8	10	3	6	18	26	28	10	2	23	10	
3092_A/duck/China/1033/20 10	9	10	5	23	7	15	5	6	10	0	0	9	3	1	0	13	8	8	2	7	5	4	2	11	13	19	7	14	5	11	4	19	7	25	14	11	14	21	8	16	30	26	20	35	7	23	17	11	10	19	5	8	11	14	2	6	18	30	23	13	3	21	16	
3093_A/duck/China/E26/201 12	8	11	5	21	6	14	5	8	10	0	0	9	4	1	0	10	9	7	2	9	6	3	2	9	12	22	7	14	5	9	5	20	10	31	9	11	10	19	11	17	34	24	19	37	6	26	16	10	10	22	6	7	10	10	3	7	16	29	25	10	5	22	12	
3094_A/duck/China/E53/201 11	6	9	5	22	6	16	5	5	13	0	0	8	3	1	0	9	10	7	2	10	5	3	2	12	11	22	7	14	6	9	5	20	9	28	12	12	11	22	8	17	32	23	20	37	7	27	15	9	12	18	4	9	8	14	4	6	18	31	26	11	3	20	12	
3095_A/duck/Eastern_China 11	8	10	5	22	6	15	5	6	11	0	0	11	3	1	0	11	9	7	2	9	6	3	2	9	13	22	7	13	4	9	5	19	11	28	10	13	9	21	11	17	33	25	18	37	7	26	17	8	11	20	5	9	9	13	3	5	18	27	24	10	4	22	14	
3096_A/duck/Eastern_China 13	6	8	6	20	7	17	4	8	12	0	1	10	3	0	0	10	8	5	2	7	7	5	2	8	12	19	6	15	5	12	5	16	12	26	10	14	10	23	11	18	32	23	19	37	5	29	17	8	11	21	8	9	9	12	2	7	18	27	23	12	3	22	13	
3097_A/duck/Eastern_China 12	6	10	5	21	7	15	5	9	13	0	1	10	3	0	0	9	11	6	4	8	5	4	0	8	13	21	2	13	4	11	7	17	9	25	10	11	12	26	10	18	36	23	23	37	3	29	14	8	12	20	6	10	9	11	3	7	18	25	27	10	3	25	10	
3098_A/duck/Guangdong/23/ 11	7	9	6	22	6	16	3	6	12	0	0	11	4	1	0	9	10	7	2	9	5	3	2	9	10	20	7	14	7	11	4	20	11	28	11	13	10	21	10	15	33	24	18	37	6	28	17	6	13	21	5	9	10	11	4	9	17	29	26	9	2	21	12	
3099_A/duck/Hubei/2911/20 11	7	9	5	22	6	16	5	6	11	0	0	10	4	1	0	9	10	8	2	8	6	3	2	11	12	21	7	14	4	10	4	19	11	28	10	13	8	20	12	15	33	23	19	37	8	29	16	7	11	22	5	9	9	11	3	8	19	28	25	11	2	20	14	
3100_A/duck/Hubei/49/2005 11	7	9	5	22	6	16	5	6	11	0	0	10	4	1	0	10	10	7	2	9	5	3	2	10	12	21	7	14	5	10	4	19	11	30	10	13	8	19	11	16	34	23	18	37	7	29	17	8	11	21	5	9	9	11	3	7	19	29	25	10	2	21	13	
3101_A/duck/Hubei/xn/2007 11	6	9	5	22	6	16	5	7	10	0	0	10	4	1	0	10	11	7	2	9	5	3	2	10	12	22	6	14	5	9	4	19	11	29	10	13	8	20	11	16	34	24	19	36	8	28	17	7	11	21	5	10	9	11	3	7	19	29	27	10	2	21	11	
3102_A/duck/Hunan/3/2007_ 10	8	10	5	23	5	15	5	6	11	0	0	11	3	1	0	10	9	7	2	9	6	3	2	9	13	22	7	14	4	9	6	19	11	28	10	13	10	21	11	16	34	25	18	37	6	27	16	8	11	21	5	9	9	12	3	6	18	27	24	11	3	22	14	
3103_A/duck/Hunan/316/200 11	7	9	6	22	5	16	4	6	12	0	0	10	4	1	0	10	10	7	2	9	5	3	2	10	12	21	8	13	5	11	3	19	11	29	10	13	8	20	11	17	34	25	17	37	6	28	17	7	11	22	5	10	9	10	3	7	19	28	27	10	2	22	11	
3104_A/duck/Hunan/3315/20 11	7	9	5	22	6	16	5	6	11	0	0	10	4	1	0	11	10	7	2	8	5	3	2	11	12	21	7	13	5	10	4	18	11	30	9	14	8	19	12	16	33	23	17	37	8	29	17	7	11	21	5	10	9	11	4	8	19	29	24	9	2	21	14	
3105_A/duck/Hunan/689/200 12	7	9	5	21	6	16	5	6	11	0	0	10	4	1	0	10	10	6	2	8	6	4	2	11	11	20	7	14	5	11	4	18	13	28	10	13	8	20	12	15	32	23	19	38	7	29	16	8	10	22	5	9	9	10	3	8	20	29	27	10	2	21	11	
3106_A/duck/Hunan/733/200 11	7	9	6	22	6	16	4	6	11	0	0	10	4	1	0	10	10	7	2	9	5	3	2	10	12	21	6	14	5	10	4	19	11	29	10	13	9	20	11	15	33	24	19	37	7	28	17	7	10	22	5	10	11	10	3	8	18	29	27	10	2	21	11	
3107_A/duck/Hunan/8/2008_ 8	6	8	4	25	8	17	6	10	12	0	0	8	3	1	0	7	8	6	2	10	6	4	3	12	16	20	2	10	3	11	5	17	10	24	10	12	10	24	12	16	36	24	22	37	4	28	16	6	12	19	4	11	10	13	5	7	16	24	26	12	4	26	11	
3108_A/duck/Hunan/S4020/2 11	7	9	5	22	6	16	5	7	10	0	0	11	5	1	0	10	9	7	1	9	6	3	3	7	13	22	7	15	4	9	5	19	11	28	12	13	9	22	9	17	33	25	17	36	7	27	17	8	11	19	5	9	9	14	2	6	19	25	25	11	2	24	13	
3109_A/duck/Hunan/S4030/2 10	7	9	5	23	5	16	5	5	12	0	0	9	4	1	0	10	10	7	2	10	5	3	2	8	12	23	7	16	5	8	5	20	10	27	13	13	10	22	8	15	30	23	19	37	9	27	16	9	12	17	4	9	8	15	4	5	21	31	24	12	1	20	14	
3110_A/duck/Hunan/S4150/2 12	6	9	6	21	7	16	4	8	10	0	0	9	4	1	0	10	9	9	2	9	6	1	2	9	13	21	7	14	4	10	5	18	11	24	10	14	10	25	11	15	32	25	19	38	7	26	16	8	11	20	6	9	10	13	3	7	17	25	21	10	4	24	16	
3111_A/duck/Hunan/S4220/2 12	6	9	6	21	7	16	4	8	10	0	0	9	4	1	0	10	9	9	2	9	6	1	2	9	13	20	7	14	4	11	5	18	11	24	10	14	9	25	11	15	34	26	18	38	7	26	16	8	11	20	6	9	10	13	3	6	17	26	22	10	4	23	15	
3112_A/duck/Jiangxi/120/2 12	6	9	6	21	8	16	4	8	11	0	0	15	3	1	0	7	9	7	2	11	7	3	2	6	12	19	3	12	4	12	6	18	8	27	12	14	13	21	10	15	34	25	20	34	5	27	17	7	12	22	2	10	9	10	7	7	17	25	24	14	3	25	13	
3113_A/duck/Jiangxi/130/2 12	6	9	6	21	7	16	4	8	10	0	0	9	4	1	0	10	9	9	2	9	6	1	2	8	14	22	7	14	4	9	5	18	11	26	10	14	9	23	11	15	32	26	18	38	8	26	16	9	12	18	7	7	9	14	3	8	17	27	22	10	4	22	15	
3114_A/duck/Jiangxi/34/20 10	7	9	5	23	6	16	5	7	10	0	0	7	4	1	0	9	11	7	2	10	4	3	2	10	11	22	7	16	6	9	5	21	7	28	11	12	12	21	9	14	32	24	19	37	9	26	16	8	12	18	5	9	9	14	3	8	18	31	24	11	3	20	14	
3115_A/duck/Jiangxi/35/20 9	6	9	6	24	7	16	4	4	10	0	0	6	4	1	0	8	11	5	3	11	4	5	1	7	12	22	3	22	5	9	6	19	8	26	9	13	13	24	12	16	36	22	18	37	3	27	20	6	14	18	5	10	8	13	3	6	18	28	27	13	3	23	11	
3116_A/duck/Jiangxi/44/20 10	5	11	3	23	9	14	7	9	13	0	0	10	2	1	0	8	10	5	4	8	4	5	1	10	14	22	3	13	4	9	6	17	7	28	8	12	12	23	12	16	34	24	23	36	8	25	16	10	13	17	2	7	8	13	6	8	17	25	30	12	3	26	8	
3117_A/duck/Jiangxi/80/20 10	7	9	6	23	6	16	4	6	11	0	0	11	4	1	0	10	9	7	2	9	6	3	2	10	11	20	5	13	6	11	6	18	9	27	10	15	11	22	11	15	32	24	19	37	8	28	16	8	9	23	5	10	12	9	3	6	18	28	29	10	2	22	9	
3118_A/duck/Jilin/JL-SIV/ 11	7	10	5	22	6	15	5	5	11	0	0	12	4	1	0	10	10	7	2	10	5	3	2	9	14	21	7	13	3	10	4	21	11	29	11	12	8	20	10	15	35	24	19	38	5	27	17	6	11	21	4	11	9	11	4	7	18	28	24	10	3	22	14	
3119_A/duck/Nanchang/9789 11	7	9	4	22	6	16	6	5	12	0	0	7	4	1	0	10	10	7	2	9	5	3	3	13	12	22	7	14	5	9	4	23	8	29	12	11	12	20	8	15	33	24	21	37	7	26	15	7	12	19	5	9	9	13	3	7	17	31	23	10	3	20	15	
3120_A/duck/Shandong/009/ 9	7	8	7	24	7	17	3	6	11	0	0	16	4	1	0	7	10	7	1	12	4	4	2	6	11	19	4	11	7	11	6	19	8	24	9	10	13	25	12	15	33	26	19	37	6	25	19	8	11	16	3	10	10	17	6	7	16	25	26	13	4	24	11	
3121_A/duck/Sichuan/NCXN1 11	7	9	4	22	6	16	6	5	12	0	0	8	4	1	0	10	10	7	2	9	5	3	4	12	12	22	5	14	5	9	4	19	8	27	12	13	12	22	9	15	34	23	20	37	6	28	15	9	11	19	5	9	10	13	3	6	16	30	24	11	4	21	14	
3122_A/duck/Sichuan/NCXN1 11	7	9	4	22	6	16	6	4	12	0	0	8	4	1	0	10	10	7	2	9	5	3	4	13	12	22	5	14	5	9	4	19	8	27	12	13	12	22	9	15	34	23	20	37	6	28	15	9	11	19	5	9	10	13	3	6	16	30	25	11	4	21	13	
3123_A/duck/Wenzhou/YJYF3 12	8	9	5	21	7	17	5	7	12	0	0	12	2	1	0	9	7	6	2	8	5	4	3	12	15	22	1	10	5	9	6	18	11	22	8	12	11	26	14	15	31	24	20	36	7	27	19	9	10	21	4	8	11	10	5	6	17	25	24	14	4	24	14	
3124_A/duck/Yunnan/4072/2 11	7	9	6	22	6	16	4	6	11	0	0	10	4	1	0	10	10	7	2	9	5	3	2	10	11	21	6	14	5	11	5	19	9	27	10	13	11	22	11	15	33	25	19	37	7	28	15	7	11	21	4	11	10	11	4	6	18	30	27	11	2	20	11	
3125_A/duck/Yunnan/426/20 11	7	9	6	22	6	16	4	6	11	0	0	10	4	1	0	10	10	7	2	9	5	3	2	10	11	22	5	14	5	10	6	19	9	27	10	13	11	22	11	15	33	25	19	37	7	28	15	7	11	21	4	11	10	11	4	6	18	30	27	11	2	20	11	
3126_A/duck/Yunnan/4645/2 11	7	9	6	22	6	16	4	6	11	0	0	10	4	1	0	10	10	7	2	9	5	3	2	10	11	21	6	14	5	11	5	19	9	27	10	13	11	22	11	15	33	25	19	37	7	28	15	7	11	21	4	11	10	11	4	6	18	30	27	11	2	20	11	
3127_A/duck/Yunnan/47/200 11	7	8	4	22	6	17	4	6	11	0	0	11	4	1	0	9	10	6	2	9	5	4	2	10	12	20	8	15	6	10	4	19	11	31	10	13	8	18	11	16	34	23	17	36	7	30	17	8	12	21	5	8	9	12	4	7	19	29	25	10	2	20	13	
3128_A/duck/Yunnan/485/20 11	7	9	6	22	6	16	4	6	11	0	0	10	4	1	0	10	10	7	2	9	5	3	2	10	11	22	6	14	5	10	5	19	9	27	10	13	11	21	12	15	33	25	19	37	7	28	15	7	11	22	4	11	10	10	4	6	18	29	27	11	2	21	11	
3129_A/duck/Yunnan/4873/2 11	7	9	5	21	7	16	5	6	12	0	0	10	3	1	0	10	10	7	2	9	5	3	2	10	12	22	7	14	5	9	4	20	11	28	11	13	8	21	10	16	34	22	18	37	7	31	16	6	11	21	5	10	9	11	3	6	19	29	25	11	2	21	13	
3130_A/duck/Yunnan/5090/2 11	7	9	6	22	6	16	4	6	11	0	0	10	4	1	0	10	10	7	2	9	5	3	2	10	11	21	7	14	5	11	4	19	9	27	10	13	11	22	11	15	33	25	19	38	6	28	15	7	11	21	4	11	10	11	4	6	18	30	27	11	2	20	11	
3131_A/duck/Yunnan/5169/2 11	7	9	6	22	6	16	4	6	11	0	0	10	4	1	0	10	10	7	2	9	5	3	2	10	11	21	7	14	5	11	4	19	9	27	10	13	11	22	11	15	33	25	19	37	7	28	15	7	11	21	4	11	10	11	4	6	18	30	27	11	2	20	11	
3132_A/duck/Yunnan/522/20 11	7	9	6	22	6	16	4	6	11	0	0	10	4	1	0	10	10	7	2	9	5	3	2	10	11	22	6	14	5	10	5	19	9	27	10	13	11	22	11	15	33	25	19	37	7	28	15	7	11	21	4	11	10	11	4	6	18	30	27	11	2	20	11	
3133_A/duck/Yunnan/5310/2 12	7	9	5	21	6	16	5	7	11	0	0	10	4	1	0	10	10	7	2	9	5	3	2	8	12	21	7	15	5	10	4	20	11	29	10	12	8	20	12	16	34	22	18	37	7	31	16	6	11	21	5	11	10	11	2	8	18	29	24	9	2	21	14	
3134_A/duck/Yunnan/5948/2 11	7	9	6	22	6	16	4	6	11	0	0	10	4	1	0	10	10	7	2	9	5	3	2	10	11	22	6	14	5	10	5	19	9	27	10	13	11	22	11	15	33	25	19	37	7	28	15	7	11	21	4	11	10	11	4	6	18	30	27	11	2	20	11	
3135_A/duck/Yunnan/6080/2 11	7	9	6	22	6	16	4	6	11	0	0	10	4	1	0	10	10	7	2	9	5	3	2	10	11	22	6	14	5	10	5	19	9	27	10	13	11	22	11	15	33	25	19	37	7	28	15	7	11	21	4	11	10	11	4	6	18	30	27	11	2	20	11	
3136_A/duck/Yunnan/6603/2 11	7	9	6	22	6	16	4	6	11	0	0	10	4	1	0	10	10	7	2	9	5	3	2	10	11	22	6	14	5	10	5	18	9	27	10	14	11	22	11	15	33	25	19	37	7	28	15	7	11	21	4	10	10	11	4	7	18	30	27	11	2	20	11	
3137_A/duck/Zhejiang/1220 12	8	9	5	21	7	16	5	7	9	0	0	9	4	1	0	13	9	7	2	7	5	4	2	10	13	20	7	14	5	10	5	21	7	28	14	11	13	20	8	15	32	25	20	36	8	24	16	8	10	19	6	9	11	13	2	6	18	33	25	12	2	18	13	
3138_A/duck/Zhejiang/213/ 12	8	9	5	20	6	16	5	8	11	0	0	8	4	1	0	10	10	7	2	9	5	3	2	11	12	22	7	14	5	9	5	20	8	27	12	13	11	22	9	15	31	24	20	37	9	26	15	8	12	19	6	9	8	13	2	6	18	29	26	11	3	22	12	
3139_A/duck/Zhejiang/224/ 11	7	9	5	22	6	16	5	7	11	0	0	8	4	1	0	9	10	7	2	10	5	3	2	10	11	21	7	15	6	10	5	21	8	26	13	12	12	22	9	15	32	24	20	37	8	27	14	8	12	18	5	9	9	14	3	6	17	31	25	11	3	20	13	
3140_A/duck/Zhejiang/2242 11	7	9	5	22	6	16	5	7	11	0	0	8	4	1	0	9	10	7	2	10	5	3	2	10	11	21	7	15	6	10	5	21	8	26	13	12	12	22	9	15	32	24	20	37	8	27	14	8	12	18	5	9	9	14	3	6	17	31	25	11	3	20	13	
3141_A/duck/Zhejiang/2243 11	7	9	5	22	6	16	5	7	11	0	0	8	4	1	0	9	10	7	2	10	5	3	2	10	11	21	7	15	6	10	5	21	8	26	13	12	12	22	9	15	32	24	20	37	8	27	14	8	12	18	5	9	9	14	3	6	17	31	25	11	3	20	13	
3142_A/duck/Zhejiang/2244 11	7	9	5	22	6	16	5	7	11	0	0	8	4	1	0	9	10	7	2	10	5	3	2	10	11	21	7	15	6	10	5	21	8	26	13	12	12	22	9	15	32	24	20	37	8	27	14	8	12	18	5	9	9	14	3	6	17	31	25	11	3	20	13	
3143_A/duck/Zhejiang/2245 13	7	8	4	20	7	17	6	5	13	0	0	12	2	1	0	9	8	7	2	9	7	3	3	6	15	19	2	17	2	12	6	16	7	25	9	13	12	23	13	16	35	21	20	37	6	30	18	7	11	21	3	10	10	11	5	6	16	26	26	13	5	24	12	
3144_A/duck/Zhejiang/2248 11	7	9	5	22	6	16	5	7	11	0	0	8	4	1	0	9	10	7	2	10	5	3	2	10	11	21	7	15	6	10	5	21	8	26	13	12	12	22	9	15	32	24	20	37	8	27	14	8	12	18	5	9	9	14	3	6	17	31	25	11	3	20	13	
3145_A/equine/China/61/20 11	7	9	6	22	6	16	4	6	11	0	0	10	4	1	0	10	10	7	2	9	5	3	2	10	12	22	7	14	5	9	4	19	11	28	10	13	8	21	11	16	34	23	18	37	7	29	17	6	11	21	5	11	9	11	3	6	19	29	25	11	2	21	13	
3146_A/equine/China/67/20 11	7	9	6	22	6	16	4	6	11	0	0	10	4	1	0	10	10	7	2	9	5	3	2	10	12	22	7	14	5	9	4	19	11	28	10	13	8	21	11	16	34	23	18	37	7	29	17	6	11	21	5	11	9	11	3	6	19	29	25	11	2	21	13	
3147_A/equine/China/68/20 11	7	9	6	22	6	16	4	6	11	0	0	10	4	1	0	10	10	7	2	9	5	3	2	10	12	22	7	14	5	9	4	19	11	28	10	13	8	21	11	16	33	23	18	37	8	29	17	6	11	21	5	11	9	11	3	6	19	29	25	11	2	21	13	
3148_A/goose/China/E43/20 11	7	10	5	22	5	15	5	8	12	0	0	7	4	1	0	10	10	8	2	9	5	2	2	10	12	23	7	15	5	8	5	20	8	26	12	12	12	23	9	16	32	25	19	37	8	25	16	9	11	21	6	8	10	11	2	7	16	32	26	10	4	19	12	
3149_A/goose/Eastern_Chin 9	6	8	7	24	8	17	3	7	10	0	0	16	4	1	0	6	10	7	1	12	6	3	3	6	12	19	3	12	4	13	6	18	8	24	9	12	12	24	13	15	32	25	22	37	8	27	14	8	12	18	2	10	9	15	7	6	18	24	26	13	2	25	11	
3150_A/goose/GuangDong/11 11	7	8	5	22	7	17	5	4	10	0	0	10	5	1	0	11	10	6	2	7	4	4	3	9	15	18	3	17	3	13	5	18	10	26	8	11	9	22	14	16	36	24	19	37	5	28	18	8	12	20	3	8	10	13	5	8	15	25	31	12	5	24	7	
3151_A/goose/Guangdong/72 11	7	9	6	22	6	16	4	7	11	0	0	13	4	1	0	10	10	7	3	9	5	3	1	8	11	21	7	12	6	10	5	18	9	27	10	14	11	22	11	15	31	26	19	37	9	25	16	8	10	23	6	10	11	9	4	6	17	30	28	11	2	20	9	
3152_A/goose/Hubei/65/200 11	7	10	5	22	6	15	5	6	11	0	0	11	4	1	0	10	10	7	2	9	5	3	2	10	12	21	7	13	5	10	4	19	11	30	10	13	8	19	11	16	33	24	18	37	8	28	18	7	11	22	5	9	9	10	3	8	19	28	25	10	2	21	13	
3153_A/goose/Inner_Mongol 13	7	7	5	20	7	18	5	7	12	0	0	11	3	1	0	9	10	6	2	9	4	4	3	7	14	24	5	15	4	7	2	19	9	23	8	11	13	25	14	15	33	23	20	37	5	29	18	8	13	22	4	9	8	10	4	4	17	24	27	15	4	26	11	
3154_A/goose/Jiangsu/k040 10	6	8	5	23	7	17	5	8	11	0	0	13	5	1	0	6	9	7	2	11	6	3	2	9	12	20	3	11	5	11	6	19	8	24	8	12	13	26	13	15	32	27	21	37	7	25	15	7	12	19	2	10	10	15	7	7	16	26	25	12	3	22	12	
3155_A/goose/Yunnan/3798/ 11	7	9	5	21	7	16	5	6	12	0	0	10	3	1	0	10	10	7	2	9	5	3	2	10	12	22	8	14	5	9	3	20	11	28	11	12	8	21	10	16	34	23	18	37	7	29	17	7	11	21	5	10	9	11	3	6	19	29	25	11	2	21	13	
3156_A/goose/Yunnan/4371/ 11	7	9	5	21	7	16	5	6	12	0	0	10	3	1	0	10	10	7	2	9	5	3	2	10	12	22	7	14	5	9	4	19	11	28	11	13	8	21	10	16	34	22	18	37	7	30	17	7	11	21	5	10	9	11	3	6	19	29	25	11	2	21	13	
3157_A/goose/Yunnan/4389/ 11	7	9	5	21	7	16	5	6	12	0	0	10	3	1	0	10	10	7	2	9	5	3	2	10	12	22	7	14	5	8	4	19	11	28	11	13	8	21	10	16	34	22	18	37	7	31	17	7	11	21	5	10	9	11	3	6	19	29	25	11	2	21	13	
3158_A/goose/Yunnan/4985/ 11	7	9	5	21	7	16	5	6	12	0	0	10	3	1	0	10	10	7	2	9	5	3	2	10	12	22	7	14	5	9	4	20	11	28	11	13	8	21	10	16	34	22	18	37	7	30	17	6	11	21	5	10	9	11	3	6	19	29	25	11	2	21	13	
3159_A/goose/Yunnan/5141/ 11	7	9	5	22	6	16	5	6	12	0	0	10	3	1	0	10	10	8	2	9	5	3	2	11	12	21	7	13	5	9	4	20	11	28	9	12	8	22	11	16	34	24	20	37	7	28	15	7	11	21	6	10	8	10	3	6	20	27	25	11	2	23	13	
3160_A/goose/Yunnan/5769/ 12	7	9	5	21	6	16	5	7	11	0	0	10	4	1	0	10	10	7	2	9	5	3	2	8	12	20	8	15	5	10	4	20	11	29	10	12	8	20	12	16	34	22	18	37	7	31	16	6	11	21	5	11	10	11	2	8	18	29	25	9	2	21	13	
3161_A/goose/Yunnan/5979/ 12	7	9	5	21	6	16	5	7	11	0	0	10	4	1	0	10	10	7	2	9	5	3	2	8	12	20	8	15	5	10	4	20	11	29	10	12	8	20	12	16	34	22	18	37	7	31	16	6	11	21	5	11	10	11	2	8	18	29	25	9	2	21	13	
3162_A/goose/Yunnan/6193/ 11	7	9	5	22	6	16	5	6	11	0	0	10	4	1	0	10	10	7	2	9	5	3	2	11	11	22	7	14	5	9	4	18	11	28	9	14	8	21	12	16	33	24	19	37	8	28	16	7	11	19	5	10	9	13	3	6	19	30	25	11	2	20	13	
3163_A/goose/Zhejiang/112 13	9	7	4	20	7	18	6	6	8	0	0	12	4	1	0	13	10	8	2	7	6	3	2	12	11	19	7	10	5	12	4	18	10	30	11	11	10	19	10	16	32	25	20	36	8	25	16	9	11	20	6	11	11	12	2	3	17	35	32	13	3	15	6	
3164_A/goose/Zhejiang/727 13	6	9	5	24	6	16	5	9	10	0	0	7	4	1	0	11	9	7	3	6	6	3	2	9	12	21	6	16	6	9	4	21	10	28	13	10	11	20	9	15	29	26	19	38	9	23	18	9	11	19	6	8	10	13	2	7	18	32	24	11	2	19	14	
3165_A/great_black-headed 12	7	10	5	21	7	15	5	6	10	0	0	10	4	1	0	10	9	9	2	9	6	2	2	10	13	21	7	14	4	9	5	17	11	26	10	14	10	23	11	16	33	26	19	38	7	26	15	8	10	20	6	9	10	12	2	7	18	27	25	10	3	22	13	
3166_A/great_crested-greb 12	7	10	5	21	7	15	4	6	10	0	0	10	4	1	0	10	9	8	2	9	6	2	2	9	14	21	7	15	4	9	5	18	11	26	10	14	9	23	11	16	34	26	19	37	6	26	15	8	11	21	5	8	10	12	4	7	17	26	24	10	4	23	14	
3167_A/great_egret/Hong_K 10	7	9	5	23	6	16	5	8	11	0	0	10	4	1	0	10	11	7	2	9	5	3	2	8	11	22	7	14	5	9	5	21	10	29	11	12	10	20	10	15	30	23	19	37	9	27	16	8	11	20	4	8	8	12	4	7	20	29	23	11	3	22	15	
3168_A/great_tit/Panjing/ 10	6	8	6	23	6	17	4	5	14	0	0	15	3	1	0	6	8	7	0	11	5	3	4	8	14	16	3	12	5	14	6	19	8	22	10	11	11	27	11	14	31	28	19	38	8	25	18	9	10	19	2	7	9	15	9	8	21	23	25	14	3	25	10	
3169_A/grey_heron/Hong_Ko 10	7	9	5	23	6	16	5	6	11	0	0	10	4	1	0	10	11	7	2	9	5	3	2	9	11	22	7	15	5	9	5	21	10	28	11	12	10	21	10	16	32	23	19	36	8	27	16	8	11	20	4	9	9	12	4	6	18	29	24	11	3	22	14	
3170_A/grey_heron/Hong_Ko 10	7	10	5	23	6	15	5	7	11	0	0	10	4	1	0	10	10	7	2	9	5	3	2	9	12	22	7	14	5	9	5	21	10	28	11	12	10	21	10	15	30	22	19	37	9	28	16	8	12	20	4	8	8	12	4	8	19	29	24	10	3	22	14	
3171_A/hill_myna/Heilongj 11	8	9	5	22	6	16	5	7	10	0	0	8	4	1	0	10	9	7	2	9	6	3	2	10	12	22	7	15	5	9	5	20	8	27	12	11	12	22	9	15	32	24	20	38	8	24	17	9	11	19	6	9	10	13	2	7	18	31	24	10	2	20	14	
3172_A/lesser_kestrel/Hei 12	8	9	5	21	6	16	5	6	11	0	0	9	5	1	0	10	9	7	2	8	6	3	2	11	11	22	7	14	5	9	4	19	11	28	10	13	8	20	12	15	33	23	18	38	8	29	16	7	11	22	5	9	9	10	3	9	19	29	26	9	2	21	13	
3173_A/lion/Hubei/1-2/201 13	8	9	5	20	7	17	5	7	12	0	0	12	2	1	0	9	7	7	2	8	5	3	3	11	16	22	1	10	4	9	6	19	11	21	8	12	11	27	14	15	33	27	19	36	6	24	20	9	9	21	4	7	12	10	5	6	17	26	24	14	4	23	14	
3174_A/little_egret/Hong_ 15	5	11	4	18	6	15	6	5	14	1	0	13	4	0	0	11	9	4	2	7	4	5	1	9	13	19	4	11	6	12	5	23	13	30	14	9	11	19	8	17	32	20	25	37	6	30	15	5	10	18	5	11	8	13	5	6	21	24	21	14	1	25	14	
3175_A/magpie_robin/Hong_ 10	7	9	5	23	6	16	5	6	11	0	0	10	4	1	0	10	11	7	2	8	5	3	2	9	11	22	7	15	5	9	5	21	10	28	11	12	10	21	10	15	32	23	19	37	8	27	16	8	11	20	4	9	9	13	4	7	18	28	24	11	3	22	14	
3176_A/magpie_robin/Hong_ 10	7	9	5	23	6	16	5	6	11	0	0	11	4	1	0	10	11	7	2	9	5	3	2	9	11	22	7	14	5	9	5	21	10	28	11	12	10	21	10	15	32	23	19	37	8	27	16	8	11	20	4	9	9	12	4	6	18	29	24	11	3	22	14	
3177_A/meerkat/Shanghai/S 12	8	9	5	21	6	16	5	7	10	0	0	8	4	1	0	11	9	7	2	8	5	3	2	10	13	22	7	15	5	9	4	21	10	25	13	11	12	23	9	15	29	25	19	38	9	24	18	8	11	19	6	9	10	13	2	6	18	31	24	11	2	20	14	
3178_A/mink/China/G/2015_ 12	7	9	5	21	6	16	5	8	11	0	0	8	4	1	0	10	10	7	2	9	5	3	2	11	12	22	7	13	5	9	5	21	9	29	11	10	12	20	10	17	31	24	20	37	8	26	15	9	12	18	6	8	9	14	1	6	17	31	26	11	3	20	13	
3179_A/mink/China/XB/2015 13	8	8	5	20	7	17	5	7	12	0	0	12	2	1	0	9	7	6	2	8	5	4	3	12	15	22	1	10	5	9	6	18	11	20	9	12	11	27	14	15	32	25	19	36	7	25	21	9	11	22	4	8	10	10	5	6	16	25	25	14	4	24	13	
3180_A/mink/Eastern_China 15	9	13	5	18	5	12	5	11	14	1	0	5	2	0	0	11	10	7	1	6	7	3	2	15	11	22	2	8	4	9	5	20	11	30	7	9	11	18	14	18	33	23	26	37	5	30	14	8	11	22	3	6	9	13	6	12	19	26	26	11	1	21	11	
3181_A/ostrich/Suzhou/097 11	7	10	6	22	6	15	4	8	11	0	0	8	4	1	0	11	10	7	2	8	5	3	2	10	11	20	6	14	6	11	5	19	13	29	11	13	9	20	10	16	32	25	19	36	7	28	15	6	9	22	4	12	11	10	5	6	18	28	27	10	3	22	10	
3182_A/parrot/Guangdong/C 11	7	9	6	22	6	16	4	6	11	0	0	10	4	1	0	10	10	7	2	9	5	3	2	10	11	22	6	14	6	9	5	19	10	28	10	13	10	21	11	15	34	25	18	37	6	28	16	7	11	22	4	11	10	10	4	6	18	29	28	11	2	21	10	
3183_A/partridge/Shantou/ 12	8	9	6	21	6	16	4	7	11	0	0	10	3	1	0	10	11	7	2	9	4	3	2	10	11	22	6	13	6	9	5	19	10	30	11	13	10	20	10	15	33	26	18	37	7	25	17	7	11	22	4	11	10	10	4	6	19	29	27	11	1	21	11	
3184_A/peacock/Yunnan/1/2 12	8	7	5	21	7	18	5	6	12	0	0	13	2	1	0	9	7	6	2	8	5	4	3	11	16	21	1	10	5	10	6	19	11	23	8	11	11	25	14	15	31	25	21	36	7	26	18	9	10	22	4	7	11	10	5	8	17	25	24	14	3	24	14	
3185_A/peacock/Yunnan/3/2 12	8	7	5	21	7	18	5	6	12	0	0	13	2	1	0	9	7	6	2	8	5	4	3	11	16	21	1	10	5	10	6	19	11	23	8	11	11	25	14	15	31	25	21	36	7	26	18	9	10	22	4	7	11	10	5	8	17	25	24	14	3	24	14	
3186_A/peregrine_falcon/H 9	7	8	7	24	7	17	3	6	11	0	0	16	3	1	0	7	8	6	1	12	4	4	2	7	14	19	5	10	6	12	5	17	11	24	9	12	11	24	13	16	33	23	19	37	5	29	18	8	12	19	3	10	10	14	7	7	17	25	24	12	3	24	12	
3187_A/pheasant/Shantou/3 11	8	9	6	22	6	16	4	6	10	0	0	10	4	1	0	10	12	7	1	10	3	3	3	11	11	21	5	12	6	10	6	19	10	30	11	13	9	20	10	15	32	25	17	37	8	26	18	8	11	22	4	10	11	10	4	6	19	28	27	11	1	22	11	
3188_A/pheasant/Shantou/4 12	7	9	6	21	6	16	4	6	11	0	0	9	4	1	0	10	10	7	2	9	5	3	2	10	11	23	6	15	6	7	6	18	9	30	10	14	11	21	11	15	32	24	18	36	9	28	16	7	11	21	4	11	10	10	4	6	18	30	30	11	2	20	8	
3189_A/pied_megpie/Liaoni 11	7	9	6	22	6	16	3	7	11	0	0	13	4	1	0	10	11	7	3	8	5	5	1	7	10	20	6	14	6	10	5	19	10	29	8	13	10	20	12	15	34	23	21	37	7	29	14	9	12	21	5	8	10	11	5	6	18	30	28	11	1	20	9	
3190_A/pigeon/Hubei/RP25/ 12	6	8	7	21	9	17	3	3	11	0	0	17	4	1	0	7	10	7	1	11	5	3	3	7	13	19	4	13	3	12	5	18	7	27	8	13	13	23	12	14	32	22	22	38	9	29	16	5	13	17	2	12	8	16	7	6	16	25	27	13	3	24	10	
3191_A/pigeon/Sichuan/NCX 11	7	9	4	22	6	16	6	4	12	0	0	8	4	1	0	10	10	7	2	9	5	3	4	13	12	22	5	14	5	9	4	19	8	27	12	13	12	22	9	14	34	23	20	37	6	29	15	9	11	19	5	9	10	13	3	6	16	30	25	11	4	21	13	
3192_A/pigeon/Zhejiang/11 12	8	9	5	21	7	16	5	7	9	0	0	9	4	1	0	13	9	7	2	7	5	4	2	10	13	19	7	14	5	11	5	21	7	28	14	11	13	20	8	15	32	25	20	36	8	24	16	8	10	19	6	9	11	13	2	6	18	33	25	12	2	18	13	
3193_A/pigeon/Zhejiang/11 11	8	9	5	22	7	16	5	7	9	0	0	9	4	1	0	13	8	7	2	7	5	4	2	10	14	20	7	14	5	10	4	21	8	27	13	11	12	21	9	15	32	25	20	36	8	24	17	8	10	19	6	9	11	13	2	6	18	31	25	12	2	20	13	
3194_A/pigeon/Zhejiang/72 13	6	9	5	24	6	16	5	9	10	0	0	7	4	1	0	11	9	7	3	6	6	3	2	9	12	21	6	16	6	9	4	21	10	28	13	10	11	20	9	15	29	26	19	38	9	23	18	9	11	19	6	8	10	13	2	7	18	32	24	11	2	19	14	
3195_A/plateau_pika/Qingh 10	5	9	6	23	8	16	4	7	13	0	0	9	3	1	0	9	11	5	3	9	4	4	2	8	12	18	3	16	4	13	6	15	9	24	8	14	13	24	13	16	36	23	21	38	2	30	16	10	12	21	4	8	9	12	4	8	18	24	25	10	3	25	13	
3196_A/quail/Guangxi/11/2 11	8	9	6	22	5	16	4	5	12	0	0	9	4	1	0	9	9	6	2	9	6	4	2	10	11	19	7	16	6	12	5	19	10	26	11	13	10	23	10	15	34	24	20	38	6	28	14	7	11	24	4	12	10	9	4	5	17	30	29	9	4	19	9	
3197_A/quail/Guangxi/12/2 11	8	9	6	22	5	16	4	6	12	0	0	8	4	1	0	9	9	6	2	9	6	4	2	10	11	20	7	16	6	11	5	19	10	26	11	13	10	23	10	15	34	24	20	38	6	28	14	7	11	25	4	12	10	8	4	5	17	30	29	9	4	19	9	
3198_A/quail/Guangxi/13/2 11	7	9	6	22	6	16	4	5	12	0	0	9	4	1	0	9	9	6	2	9	6	4	2	10	11	19	6	16	6	12	5	19	10	26	11	13	10	23	10	15	34	24	21	38	6	28	14	7	11	24	4	12	10	9	4	4	17	30	29	10	4	19	9	
3199_A/quail/Nanchang/663 11	7	9	4	22	6	16	6	5	12	0	0	8	4	1	0	10	10	7	2	9	5	3	3	13	12	22	7	13	5	9	4	22	8	28	12	11	12	21	8	15	33	24	20	37	7	26	16	8	11	19	5	9	10	13	3	7	17	31	23	10	3	20	15	
3200_A/shrike/Tibet/13/20 11	7	9	5	21	6	17	4	8	11	0	0	11	4	1	0	9	9	6	2	9	6	4	2	8	12	22	6	14	5	9	5	18	12	30	11	14	8	18	13	16	34	25	17	37	6	30	16	7	12	20	5	9	9	12	2	8	18	28	26	10	2	21	12	
3201_A/silky_chicken/Shan 11	7	9	6	22	5	15	5	6	12	0	0	11	5	1	0	9	10	7	1	8	5	3	3	10	11	20	8	14	6	10	4	19	11	29	10	14	9	21	11	15	32	25	19	36	6	27	16	7	12	21	5	10	10	9	3	9	18	29	27	9	3	22	11	
3202_A/swan/Shanghai/10/2 10	7	9	5	22	6	16	5	7	11	0	1	11	4	0	0	11	9	7	2	8	6	3	2	10	12	21	8	12	5	10	5	19	11	28	9	13	10	21	12	18	31	25	18	37	7	27	16	7	11	18	5	10	9	15	3	6	19	26	25	11	2	23	13	
3203_A/swine/Guangxi/592/ 11	7	9	5	22	6	16	5	7	11	0	0	8	4	1	0	9	10	8	2	10	5	2	2	10	11	23	7	15	6	8	4	20	8	28	12	13	12	21	9	15	32	24	19	37	8	26	17	8	12	18	5	9	9	14	3	6	17	32	24	11	3	19	14	
3204_A/swine/Jiangsu/1/20 10	6	9	7	23	7	16	3	7	12	0	0	11	3	1	0	10	10	7	2	10	4	3	2	12	12	20	5	10	5	11	6	22	9	28	12	12	12	19	10	14	34	27	18	37	6	24	18	7	9	22	3	11	13	10	5	6	18	28	26	10	1	22	12	
3205_A/swine/Jiangsu/2/20 11	7	12	5	22	6	13	5	6	11	0	0	11	4	1	0	10	10	6	2	10	5	4	2	10	13	21	7	12	4	10	4	20	12	30	11	13	8	19	10	15	34	26	17	37	7	26	18	6	10	23	5	10	9	10	3	7	19	29	25	10	2	21	13	
3206_A/swine/Shandong/SD1 11	7	9	6	22	6	16	4	5	12	0	0	9	4	1	0	10	10	6	2	10	5	4	2	9	11	22	7	15	6	9	4	19	10	28	9	13	9	21	12	15	34	23	19	38	6	27	17	7	11	23	4	12	9	9	4	6	18	29	28	9	4	22	10	
3207_A/swine/Zhejiang/SW5 11	8	9	5	22	6	16	5	7	10	0	0	6	4	1	0	11	9	7	3	8	5	3	2	11	12	21	6	17	6	9	4	21	10	28	13	10	12	20	9	15	29	26	19	38	9	23	18	8	11	19	6	9	10	13	2	7	18	32	24	11	2	19	14	
3208_A/tiger/Yunnan/tig14 12	7	9	4	21	6	16	6	5	12	0	0	8	4	1	0	10	10	7	3	9	5	3	3	13	13	22	5	13	4	9	4	19	8	28	12	14	12	21	9	15	34	24	19	37	5	27	16	9	12	18	6	8	9	14	3	6	16	31	23	11	5	20	14	
3209_A/tiger/Yunnan/tig14 12	7	9	4	21	6	16	6	5	12	0	0	8	4	1	0	10	10	7	2	9	5	3	3	13	12	23	6	13	5	8	4	20	8	28	12	13	13	21	9	15	33	23	19	37	6	27	17	8	12	19	5	9	9	13	3	6	15	30	25	11	5	21	13	
3210_A/tiger/Yunnan/tig15 13	8	8	5	20	7	17	5	7	12	0	0	12	2	1	0	9	8	6	2	8	4	4	3	13	15	23	2	9	5	8	5	18	11	21	9	12	11	26	14	15	32	25	19	36	8	24	20	9	11	23	4	8	10	10	5	6	16	26	25	14	4	23	13	
3211_A/turtle_dove/Guangd 11	7	9	5	22	6	16	5	5	12	0	0	9	4	1	0	10	10	6	2	9	5	3	2	10	12	21	7	15	5	10	4	19	11	30	10	13	8	20	11	16	34	23	18	37	7	29	17	7	12	21	5	10	8	11	3	7	19	31	25	10	2	19	13	
3212_A/waterfowl/Hong_Kon 11	7	9	5	22	6	16	5	5	13	0	0	9	4	1	0	9	9	6	2	9	6	4	2	10	11	22	6	16	6	9	5	19	10	28	10	13	10	21	11	15	34	24	19	37	5	28	16	6	11	23	4	12	10	9	4	6	17	30	27	10	4	20	11	
3213_A/wild_duck/Fujian/1 10	7	9	6	22	6	16	5	7	11	0	0	8	4	1	0	11	10	7	1	9	5	3	3	9	12	22	7	16	5	9	5	21	8	27	11	11	12	22	9	16	32	22	20	37	8	25	17	9	12	18	6	8	9	14	2	6	17	31	26	11	3	21	12	
3214_A/wild_duck/Fujian/2 10	7	9	5	22	6	16	5	7	11	0	0	8	4	1	0	11	10	7	1	9	5	3	3	9	12	22	7	16	5	9	5	21	8	27	12	11	12	22	9	16	32	22	20	37	8	25	17	9	12	18	6	8	9	14	2	6	17	31	26	11	3	21	12	
3215_A/wild_duck/Jilin/HF 12	6	8	6	21	6	17	4	7	11	0	0	9	4	1	0	10	10	8	2	9	5	2	2	9	13	22	7	15	4	9	5	20	8	25	10	14	12	24	11	15	32	25	18	36	9	27	16	7	12	19	5	9	9	13	3	6	18	27	23	11	3	22	16	
3216_A/wild_duck/Jilin/ZF 10	6	8	7	23	7	17	3	7	10	0	0	13	5	1	0	6	8	7	2	12	7	3	2	9	12	18	3	11	5	13	5	19	8	27	8	13	14	22	12	15	32	27	23	37	7	25	15	6	11	19	2	10	10	15	7	7	18	23	23	13	2	25	14	
3217_A/wild_duck/Liaoning 11	7	9	6	22	6	16	3	6	11	0	0	12	4	1	0	10	9	7	3	7	9	3	2	7	11	20	5	14	7	10	5	20	10	28	8	12	10	21	12	15	32	24	20	37	8	30	12	9	12	22	5	8	10	10	5	6	19	31	30	10	2	21	7	
3218_A/wild_duck/Shandong 13	6	10	5	20	6	15	5	5	10	0	0	13	4	1	0	8	11	8	2	11	3	2	2	14	12	22	6	10	5	9	6	19	9	25	10	16	13	21	12	15	33	25	18	37	7	27	16	7	13	22	4	9	10	10	4	5	17	24	23	11	2	26	15	
3219_A/wild_duck/Shandong 11	10	10	7	22	5	15	3	8	11	0	0	10	3	1	0	10	9	7	2	10	4	3	2	7	12	21	7	15	5	10	4	18	13	27	11	10	9	22	10	16	32	26	20	39	8	25	16	5	9	21	5	12	11	11	4	8	16	29	24	8	5	22	13	
3220_A/wild_duck/Shandong 12	8	8	6	20	5	17	4	8	15	0	0	11	1	1	0	8	12	6	3	11	4	4	1	7	14	19	3	14	2	12	6	16	11	26	9	14	11	22	12	16	35	23	25	36	3	28	13	8	11	22	5	10	9	12	2	9	20	28	26	9	2	21	13	
3221_A/Indonesia/5/2005 10	8	7	2	13	6	9	3	9	14	0	0	12	2	1	0	8	6	8	2	8	9	2	5	9	12	24	5	16	2	12	4	13	14	17	10	16	8	14	12	20	25	26	28	35	6	17	17	16	11	19	5	8	6	15	10	16	25	26	21	23	4	27	12	
3222_A/Hong_Kong/483/1997 13	9	10	1	12	4	6	4	7	14	0	0	15	2	1	0	10	9	8	2	7	4	2	5	11	15	25	5	10	1	10	4	16	12	20	6	12	9	13	16	19	27	26	29	38	6	22	14	14	14	14	6	12	6	18	6	20	21	31	24	17	3	22	11	
3223_A/Hong_Kong/482/97 13	10	9	1	12	4	7	4	6	14	0	0	17	2	1	0	9	9	7	2	7	4	3	5	11	15	28	4	9	1	9	4	17	10	19	6	13	10	14	16	19	28	23	30	38	5	22	14	14	13	14	6	11	6	18	6	19	22	32	23	18	3	22	12	
3224_A/Chicken/HongKong/F 11	7	7	2	13	6	9	3	9	14	0	0	14	3	1	0	8	7	9	2	7	7	1	5	9	10	22	4	14	5	14	5	14	14	19	10	14	8	12	12	21	25	27	29	34	4	18	15	15	13	19	6	10	6	15	9	17	25	25	23	22	3	28	10	
3225_A/Chicken/HongKong/Y 10	8	7	2	14	5	9	3	8	14	0	0	14	3	1	0	8	7	8	2	7	7	2	5	10	10	21	4	14	5	15	5	13	14	19	10	17	8	12	11	20	26	27	28	35	5	18	16	14	12	19	5	10	6	15	10	17	24	24	22	22	3	29	11	
3226_A/Chicken/HongKong/Y 11	7	7	3	13	6	9	2	8	13	0	0	13	4	1	0	8	7	8	2	7	8	2	5	11	9	21	4	14	5	15	5	13	14	18	10	16	8	13	11	20	28	28	29	35	3	17	15	15	12	20	5	9	6	14	9	17	24	25	23	23	3	28	11	
3227_A/Pheasant/Hong_Kong 11	8	7	2	13	5	9	3	8	14	0	0	13	3	1	0	7	7	9	2	8	8	1	5	10	9	23	4	15	5	13	5	13	14	17	10	16	7	14	12	20	26	25	28	34	5	20	16	14	12	19	5	10	6	15	9	18	26	24	24	22	2	29	10	
3228_A/Hong_Kong/486/97 13	10	9	1	12	4	7	4	6	14	0	0	17	2	1	0	9	9	7	2	7	4	3	5	11	15	28	4	9	1	9	4	17	10	19	6	13	10	14	16	19	28	23	30	38	5	22	14	14	13	14	6	11	6	18	6	20	22	32	23	17	3	22	12	
3229_A/Thailand/16/2004 11	8	8	2	13	6	8	3	10	14	0	0	12	2	1	0	7	6	9	2	8	9	1	5	9	10	22	6	15	4	14	4	13	15	19	10	16	7	12	12	21	25	24	27	34	4	21	17	16	11	18	6	8	7	16	9	17	24	25	21	22	5	27	12	
3230_A/Hong_Kong/538/97 14	9	9	1	12	4	7	4	6	14	0	0	17	2	1	0	9	9	7	2	7	4	4	5	11	15	27	5	9	1	8	4	17	10	19	6	13	11	14	15	19	28	23	30	37	5	22	15	14	12	14	5	11	6	18	6	20	23	33	22	18	3	21	13	
3231_A/chicken/Indonesia/ 10	8	7	2	14	6	9	3	9	15	0	0	12	1	1	0	7	7	8	2	8	8	2	5	9	10	22	5	16	4	13	5	13	14	18	10	15	9	14	12	20	27	30	25	34	6	16	17	15	11	18	4	9	6	15	10	18	23	28	21	21	5	25	13	
3232_A/chicken/Korea/ES/0 10	8	7	2	14	6	9	3	9	14	0	0	12	2	1	0	7	7	9	2	8	8	1	5	8	10	23	4	17	4	13	5	12	13	19	10	16	10	13	12	21	24	27	28	34	6	17	16	16	12	17	6	9	6	16	8	16	23	24	22	23	5	29	12	
3233_A/Hong_Kong/156/97 14	10	10	1	11	4	6	4	6	14	0	0	16	2	1	0	10	9	7	2	7	4	3	5	11	15	28	4	10	1	8	4	16	11	20	6	13	9	13	16	19	28	24	30	38	6	22	14	14	13	14	6	11	6	18	6	20	21	33	24	17	3	21	11	
3234_A/whooper_swan/Mongo 10	7	6	2	15	6	10	3	9	16	0	0	13	1	1	0	7	7	9	1	7	8	1	5	9	10	22	5	15	4	15	4	14	15	19	9	14	10	13	13	21	25	27	29	34	6	18	15	17	13	16	6	8	6	17	9	18	23	25	22	19	3	27	11	
3235_A/Vietnam/UT3062/200 10	8	7	2	14	6	9	3	10	14	0	0	12	2	1	0	6	6	9	2	9	9	1	5	8	10	21	6	16	4	15	4	13	14	19	10	16	8	12	12	21	24	26	27	34	4	20	16	16	12	18	6	8	7	16	9	17	24	26	21	22	5	26	12	
3236_A/Anas_platyrhynchos 13	7	9	1	11	7	7	4	6	13	0	0	20	3	1	0	7	11	6	1	10	3	4	6	7	11	17	4	12	4	18	5	14	10	18	11	14	10	12	11	20	29	26	30	36	4	19	15	13	11	16	7	6	10	19	7	16	22	31	24	27	2	22	10	
3237_A/Anas_platyrhynchos 13	7	9	1	11	7	7	4	6	13	0	0	20	3	1	0	7	11	6	1	10	3	4	6	7	11	17	4	12	4	18	5	14	10	18	11	14	10	12	11	20	29	26	30	36	4	19	15	13	11	16	7	6	10	19	7	16	22	31	24	27	2	22	10	
3238_A/Anhui/1/2005|EPI_I 11	7	7	2	13	6	9	3	8	16	0	0	14	1	1	0	7	7	9	2	8	8	1	5	10	11	23	3	16	3	13	6	14	14	16	11	16	10	15	11	20	25	25	28	32	6	19	17	12	12	16	7	10	6	17	9	17	24	25	22	22	4	28	10	
3239_A/Anhui/1/2006|EPI_I 11	6	6	3	13	8	10	2	8	13	0	0	11	3	1	0	8	8	8	2	7	8	2	5	13	9	22	5	14	4	14	5	13	14	17	11	16	7	14	11	21	26	24	25	36	3	21	18	17	11	18	5	6	8	16	10	14	24	31	19	25	4	22	14	
3240_A/Anhui/2/2005|EPI_I 10	7	7	2	15	6	9	3	8	16	0	0	14	1	1	0	7	7	9	2	8	8	1	5	9	11	23	3	17	3	13	6	14	14	16	11	16	10	15	11	20	25	27	28	32	6	17	17	13	11	16	7	9	6	17	9	18	24	25	22	21	4	28	10	
3241_A/Anser_cygnoides/Ch 11	6	7	2	13	7	9	3	9	15	0	0	13	2	1	0	9	9	7	1	6	8	3	6	13	10	22	7	12	2	15	2	16	16	24	8	14	8	8	13	22	25	24	25	33	5	21	17	14	11	19	8	8	7	16	7	16	23	28	19	22	5	24	14	
3242_A/Anser_fabalis/Jiuj 13	7	9	1	11	7	7	4	6	13	0	0	20	3	1	0	7	11	6	1	10	3	4	6	7	11	17	4	12	4	18	5	14	10	18	11	14	10	12	11	20	29	26	30	36	4	19	15	13	11	16	7	6	10	19	7	16	22	31	24	27	2	22	10	
3243_A/Bar-headed_Goose/Q 9	8	11	0	15	6	5	5	5	13	0	0	18	4	1	0	10	8	9	1	7	6	1	5	12	10	22	1	11	5	14	5	14	11	18	13	12	12	13	9	22	25	24	31	35	4	20	18	8	9	15	8	12	11	18	7	13	22	31	21	28	4	22	13	
3244_A/Bar-headed_Goose/T 11	9	8	0	13	5	8	5	6	13	0	0	19	4	1	0	8	8	7	2	8	5	3	5	6	9	18	3	14	6	18	5	16	9	16	13	11	9	15	10	23	30	27	36	34	5	18	9	12	11	17	7	12	9	16	8	11	22	29	23	27	4	24	10	
3245_A/Bar-headed_Goose/T 11	9	8	0	13	5	8	5	6	13	0	0	19	4	1	0	8	8	7	2	8	5	3	5	6	9	18	3	14	6	18	5	16	9	16	13	11	9	15	10	23	30	27	36	34	5	18	9	12	11	16	7	12	9	17	8	11	22	29	23	27	4	24	10	
3246_A/Black_faced_Spoonb 12	7	9	1	12	7	7	4	7	13	0	0	18	3	1	10	7	11	6	1	10	3	4	6	6	11	18	4	13	4	18	4	14	10	18	11	13	9	14	11	20	31	25	33	37	2	19	13	12	12	16	7	8	10	18	7	13	21	31	24	29	3	22	10	
3247_A/Black_Faced_Spoonb 11	8	8	0	13	5	8	5	6	13	0	0	19	4	1	0	9	9	6	2	8	5	4	5	6	8	19	3	13	7	17	5	16	10	16	13	13	9	14	10	21	30	27	34	35	4	17	12	14	11	14	7	12	8	20	8	9	22	30	23	28	3	23	10	
3248_A/Black_Faced_Spoonb 13	7	9	1	11	7	7	4	7	14	0	0	18	3	1	0	8	11	6	1	9	3	4	6	6	11	18	4	13	4	18	4	16	10	17	11	13	9	14	11	20	30	26	33	37	3	17	13	11	11	16	8	8	10	19	7	14	21	31	22	28	3	22	11	
3249_A/Black-necked_Grebe 9	8	10	0	15	5	5	5	5	14	0	0	20	3	1	0	10	9	10	1	7	5	1	5	12	10	22	1	9	5	14	5	15	11	18	13	10	13	13	9	21	26	23	31	36	4	20	18	8	10	15	8	13	10	18	7	13	22	31	20	28	4	22	14	
3250_A/Black-necked_Grebe 9	8	10	0	15	5	5	5	5	14	0	0	20	3	1	0	10	8	10	1	7	6	1	5	13	10	22	1	8	5	14	5	16	11	17	12	11	13	14	10	21	25	25	30	36	4	20	18	8	9	15	8	12	10	18	7	13	23	32	20	28	3	21	14	
3251_A/Black-necked_Grebe 9	8	10	0	15	5	5	5	6	14	0	0	20	3	1	0	10	8	10	1	7	6	1	5	11	10	22	1	9	5	14	5	15	11	17	12	11	13	14	10	21	25	25	30	36	4	20	18	10	9	15	8	11	10	18	7	13	23	32	20	28	3	21	14	
3252_A/Black-necked_Grebe 9	8	10	0	15	5	5	5	5	14	0	0	20	3	1	0	10	8	10	1	7	6	1	5	12	10	22	1	9	5	14	5	15	11	17	12	11	13	14	10	21	25	25	30	36	4	20	18	10	9	15	8	11	10	18	7	13	23	32	20	28	3	21	14	
3253_A/Black-necked_Grebe 9	8	10	0	15	5	5	5	5	14	0	0	20	3	1	0	10	8	10	1	7	6	1	5	12	10	22	1	9	5	14	5	15	11	17	12	11	13	14	10	21	25	25	30	36	4	20	18	9	9	15	8	12	10	18	7	13	23	32	20	28	3	21	14	
3254_A/Black-necked_Grebe 9	8	10	0	15	5	5	5	5	14	0	0	20	3	1	0	10	8	10	1	7	6	1	5	12	10	22	1	9	5	14	5	15	11	17	12	11	13	14	10	21	25	25	30	36	4	20	18	10	9	15	8	11	10	18	7	13	23	32	20	28	3	21	14	
3255_A/Black-necked_Grebe 9	8	10	0	15	5	5	5	5	14	0	0	20	3	1	0	10	8	10	1	7	6	1	5	12	10	22	1	9	5	14	5	15	11	17	12	11	13	14	10	21	25	25	30	36	4	20	18	10	9	15	8	11	10	18	7	13	23	32	20	28	3	21	14	
3256_A/Black-necked_Grebe 9	8	10	0	15	5	5	5	5	14	0	0	20	3	1	0	10	8	10	1	7	6	1	5	12	11	21	1	9	5	14	5	15	11	17	12	11	13	14	10	21	25	25	30	36	4	20	18	9	9	15	8	12	10	18	7	13	23	32	20	28	3	21	14	
3257_A/chicken/Anhui/S174 13	7	10	0	11	7	7	5	6	12	0	0	21	5	1	0	8	10	8	1	8	3	3	6	7	12	19	4	11	3	16	4	13	11	20	10	14	9	11	12	23	30	28	25	35	3	17	19	14	14	18	8	10	9	15	7	11	19	30	23	27	3	23	11	
3258_A/chicken/China/Cang 13	7	9	1	11	7	7	4	6	13	0	0	19	3	1	0	7	11	6	1	10	3	4	6	6	11	19	4	13	4	17	4	14	10	18	12	14	9	13	10	21	30	25	32	36	4	18	15	13	11	16	7	7	10	18	8	13	22	31	24	28	2	22	10	
3259_A/chicken/China/E93/ 10	8	7	3	13	7	10	2	8	14	0	0	12	2	1	0	7	7	7	2	9	8	3	6	10	8	23	3	16	6	12	6	13	12	21	8	16	9	13	12	21	26	31	28	34	4	16	14	14	16	16	7	9	5	17	6	21	21	26	23	21	4	26	10	
3260_A/chicken/China/E96/ 10	7	7	3	13	8	10	2	8	14	0	0	12	2	1	0	7	8	6	2	9	7	3	6	10	9	23	3	16	5	13	6	14	12	21	8	15	9	12	12	22	26	31	28	34	4	16	14	14	16	16	7	9	5	18	6	20	21	25	23	21	4	27	10	
3261_A/chicken/Gansu/5/20 11	7	8	3	12	8	9	2	9	14	1	0	11	2	0	0	7	8	6	2	9	8	3	6	9	9	23	4	16	4	13	5	13	12	21	9	17	8	12	12	19	26	32	29	35	3	13	15	15	13	16	7	9	6	18	6	21	22	25	20	22	5	27	13	
3262_A/chicken/Gansu/6/20 10	7	7	3	13	8	10	2	9	14	1	0	11	2	0	0	7	7	6	2	9	8	3	6	10	8	23	3	16	6	13	6	12	12	21	9	16	9	12	12	21	26	31	27	34	4	16	15	14	16	16	7	9	5	18	6	21	21	26	22	21	4	26	11	
3263_A/chicken/Guangxi/S2 10	6	6	2	14	7	10	3	8	13	0	0	12	4	1	0	7	7	9	2	8	9	1	5	12	9	22	5	15	4	15	4	15	15	23	7	14	9	10	14	20	26	24	26	33	6	19	18	15	11	19	6	9	5	15	10	17	24	28	17	22	4	24	15	
3264_A/chicken/Hubei/2856 11	6	9	1	13	7	7	4	8	13	0	0	17	4	1	0	9	11	8	1	6	3	2	6	12	10	14	5	9	5	22	4	15	8	18	12	13	10	13	10	21	25	25	29	35	9	19	16	11	13	15	8	14	8	19	7	7	20	30	19	30	6	23	14	
3265_A/chicken/Hunan/1793 13	6	7	3	13	8	9	2	8	13	0	0	13	3	1	0	8	8	8	2	8	7	2	5	11	9	22	5	13	5	14	5	14	14	17	11	16	7	14	11	20	28	25	26	37	3	21	16	16	11	19	5	6	8	15	10	13	24	31	21	27	6	22	13	
3266_A/chicken/Hunan/3157 11	6	9	1	13	7	7	4	9	13	0	0	16	4	1	0	9	11	8	1	6	3	2	6	12	10	15	5	8	6	21	4	14	8	18	12	13	11	13	10	22	25	24	29	35	9	19	17	10	13	15	8	15	6	19	7	6	20	30	19	32	6	23	14	
3267_A/chicken/Hunan/S100 11	6	8	3	13	8	8	2	8	12	0	0	13	4	1	0	7	8	8	1	8	9	2	6	13	9	22	7	14	3	15	3	13	15	22	7	15	10	12	13	20	26	26	27	31	5	18	16	13	12	19	7	10	6	15	9	23	22	29	14	18	4	23	18	
3268_A/chicken/Jiangsu/03 10	9	11	1	14	5	5	4	5	14	0	0	19	3	1	0	10	7	10	1	6	5	0	5	11	12	21	2	10	4	15	5	12	10	17	13	12	13	14	9	23	26	26	27	37	4	20	20	10	8	14	7	13	11	20	8	13	21	29	18	27	5	23	15	
3269_A/chicken/Jiangsu/92 11	6	9	1	13	7	7	4	7	14	0	0	18	3	1	0	9	9	8	2	7	4	2	5	7	12	18	4	13	4	18	4	14	11	20	12	12	10	11	10	22	29	29	33	35	5	16	12	15	11	18	8	11	9	16	7	9	21	28	24	28	3	25	9	
3270_A/chicken/Jiangsu/24 10	8	11	0	14	5	5	5	6	13	0	0	19	4	1	0	10	8	9	1	7	5	1	5	11	11	21	1	9	5	15	5	14	10	16	13	12	13	15	9	21	26	24	30	38	3	21	18	8	10	15	7	13	9	18	8	13	22	33	17	28	4	21	16	
3271_A/chicken/Jiangsu/k0 8	6	8	2	16	7	8	3	8	14	0	0	13	3	1	0	7	8	9	1	8	8	1	5	11	9	19	5	15	4	18	5	16	15	21	9	14	12	12	13	19	23	27	29	33	7	17	14	16	9	17	7	8	4	16	8	20	25	28	19	19	5	24	14	
3272_A/chicken/Jiangsu/SE 10	8	11	0	14	5	5	5	5	13	1	0	19	4	0	0	10	8	9	1	7	5	1	5	12	13	21	1	9	3	15	5	14	11	15	12	13	12	16	10	22	26	24	32	36	3	21	16	9	10	16	7	11	9	17	8	13	22	32	19	29	4	22	14	
3273_A/chicken/Jiangsu/YB 10	8	11	1	14	5	5	4	5	14	0	0	19	3	1	0	10	7	10	1	6	6	0	5	11	12	21	2	10	5	15	5	13	10	17	13	12	12	14	9	23	27	26	28	37	4	20	19	9	8	14	6	12	11	20	9	13	21	29	18	28	4	23	15	
3274_A/chicken/Jiangxi/25 10	6	7	2	14	7	9	3	8	15	0	0	13	2	1	0	9	9	9	1	6	9	1	6	12	10	22	5	14	1	15	3	16	16	23	7	14	10	10	14	22	24	26	26	33	6	17	19	15	12	19	7	8	3	15	8	15	24	28	18	22	5	24	15	
3275_A/chicken/Jiangxi/S4 13	7	10	0	11	7	7	5	6	12	0	0	21	5	1	0	8	10	8	1	8	3	3	6	6	12	19	4	12	3	16	4	13	11	19	11	14	9	11	12	23	30	28	25	35	3	17	19	14	14	18	8	10	9	15	7	11	19	30	23	27	3	23	11	
3276_A/chicken/Jilin/04.1 10	8	11	0	14	5	5	5	5	13	0	0	21	4	1	0	10	8	9	1	7	5	1	5	11	11	21	1	10	5	15	5	15	10	16	13	11	12	15	9	21	27	24	30	35	3	21	18	8	9	14	7	13	11	19	8	13	20	34	18	29	5	20	15	
3277_A/chicken/Jilin/04.1 10	8	11	0	14	5	5	5	5	13	0	0	21	4	1	0	10	8	9	1	7	5	1	5	11	11	21	1	10	5	15	5	15	10	16	13	11	12	15	9	21	27	24	30	35	3	21	18	8	9	14	7	13	11	19	8	13	20	34	18	29	5	20	15	
3278_A/chicken/Jilin/04.1 10	8	11	0	14	5	5	5	5	13	0	0	21	4	1	0	10	8	9	1	7	5	1	5	11	11	21	1	10	5	15	5	15	10	16	13	11	12	15	9	21	27	24	30	35	3	21	18	8	9	14	7	13	11	19	8	13	20	34	18	29	5	20	15	
3279_A/chicken/Jilin/04.1 10	8	11	0	14	5	5	5	5	13	0	0	21	4	1	0	10	8	9	1	7	5	1	5	11	11	21	1	10	5	15	5	15	10	16	13	12	11	15	9	21	27	24	30	35	3	21	18	8	9	14	7	13	11	19	8	13	20	34	18	29	5	20	15	
3280_A/chicken/Jilin/04.2 10	8	11	0	14	5	5	5	5	13	0	0	22	4	1	0	10	8	9	1	7	5	1	5	11	11	22	1	10	5	14	5	15	10	17	13	11	12	15	9	21	27	24	30	34	3	20	18	8	9	14	7	13	11	19	8	13	20	34	18	29	5	20	15	
3281_A/chicken/Jilin/S125 11	7	10	2	13	6	6	3	7	16	1	0	15	1	0	0	11	8	9	2	4	5	1	4	10	12	22	3	12	4	14	4	16	9	17	12	12	10	14	10	21	29	20	24	36	3	26	22	14	12	16	6	13	8	18	8	10	21	30	20	30	3	23	14	
3282_A/chicken/Jilin/S127 11	7	9	2	13	6	6	3	7	16	1	0	15	1	0	0	10	8	10	2	4	5	1	4	11	12	22	3	12	4	14	4	16	9	17	12	12	10	14	10	21	29	20	24	36	3	26	22	14	12	16	6	13	8	18	8	11	21	31	20	29	3	22	14	
3283_A/chicken/Liaoning/S 11	6	8	3	12	9	9	2	9	14	1	0	10	2	0	0	7	7	6	2	9	8	3	6	10	9	23	3	17	5	13	5	12	12	22	9	16	9	12	12	19	26	32	28	35	3	14	16	14	14	15	7	9	6	18	6	21	22	24	19	22	5	28	14	
3284_A/chicken/Liaoning/S 11	7	10	2	13	6	6	3	6	15	1	0	16	2	0	0	10	8	9	2	4	5	1	4	11	12	22	3	13	4	14	4	15	9	16	12	13	10	15	10	21	29	22	24	35	3	23	23	14	11	16	6	13	8	18	8	11	21	31	20	29	4	22	14	
3285_A/chicken/Ningxia/2/ 11	7	8	3	12	8	9	2	9	14	1	0	11	2	0	0	7	8	6	2	9	8	3	6	9	9	23	4	16	4	13	5	13	12	21	9	16	9	12	12	19	26	33	28	35	3	13	15	14	14	16	7	9	6	18	6	21	22	25	20	22	5	27	13	
3286_A/chicken/Ningxia/22 11	7	8	3	12	8	9	2	9	14	0	0	11	2	1	0	7	8	6	2	9	8	3	6	9	9	23	4	16	4	13	5	13	12	20	9	16	9	12	12	19	26	34	28	35	3	13	15	14	14	16	7	9	6	18	6	21	22	25	20	22	5	27	13	
3287_A/chicken/Shandong/1 10	8	11	1	14	5	5	4	5	14	0	0	19	3	1	0	10	7	10	1	6	5	0	5	12	12	21	2	9	5	15	5	11	10	17	13	13	13	14	9	23	26	26	27	37	4	20	20	11	8	14	7	12	11	20	8	13	21	30	18	27	5	22	15	
3288_A/Chicken/Shandong/J 7	6	9	2	17	7	6	3	5	15	1	0	15	2	0	0	9	6	9	1	5	8	2	5	13	9	21	3	14	6	16	5	16	15	20	11	14	6	12	11	18	27	26	27	33	4	19	18	18	12	15	7	8	7	18	9	19	24	33	19	21	3	20	13	
3289_A/Chicken/Shandong/J 11	7	8	3	12	8	9	2	8	14	1	0	10	2	0	0	7	7	6	2	9	8	3	6	11	9	23	3	17	5	13	6	12	12	21	9	16	9	12	12	19	27	31	27	35	4	15	16	14	13	16	7	9	7	18	6	23	22	25	21	19	4	27	12	
3290_A/Chicken/Shandong/J 11	5	8	3	12	10	9	2	8	14	1	0	11	2	0	0	7	7	6	2	8	8	3	6	11	9	23	4	17	5	13	5	12	12	20	9	15	9	13	12	20	28	31	28	35	2	15	15	14	14	16	7	9	6	18	6	22	22	27	23	21	4	25	10	
3291_A/Chicken/Shandong/J 11	7	8	3	12	8	9	2	9	14	1	0	11	2	0	0	7	7	6	2	9	8	3	6	10	10	23	3	16	4	13	6	12	12	21	9	16	9	12	12	19	26	32	28	35	3	14	15	14	14	16	7	9	6	18	6	21	23	24	20	22	4	28	13	
3292_A/Chicken/Shandong/J 9	6	7	2	15	7	9	3	8	14	1	0	13	3	0	0	7	8	9	2	8	8	1	4	11	9	19	6	15	4	18	4	15	15	20	9	15	11	14	13	20	23	26	30	33	7	18	13	17	9	16	8	8	4	16	7	20	24	29	20	19	5	23	13	
3293_A/chicken/Shanghai/S 10	8	11	0	14	5	5	5	5	14	0	0	19	3	1	0	10	7	9	1	7	6	1	5	12	11	22	1	8	5	14	5	14	11	17	12	12	12	14	10	22	26	23	30	35	3	22	19	8	10	15	7	13	9	18	8	13	22	30	20	30	4	23	14	
3294_A/chicken/Shanghai/S 10	8	11	0	14	6	5	5	6	13	0	0	20	4	1	0	9	8	9	1	8	4	1	5	10	13	21	1	9	3	15	5	14	10	15	12	13	13	16	10	22	26	24	31	37	3	21	17	8	9	16	7	12	10	17	8	12	22	32	17	29	4	22	16	
3295_A/chicken/Wuxi/WX-32 11	6	9	1	13	7	7	4	7	14	0	0	18	3	1	0	9	10	8	2	7	3	2	5	7	12	19	4	13	4	17	4	14	10	19	12	12	10	12	10	22	30	30	33	35	4	15	12	15	13	19	8	11	8	16	7	8	21	27	24	29	3	25	9	
3296_A/chicken/Wuxi/WX-33 11	6	9	1	14	7	7	4	7	14	0	0	18	3	1	0	9	8	8	2	6	5	2	5	7	13	19	4	13	4	17	4	15	9	20	12	11	11	11	10	22	28	28	33	35	5	16	13	15	13	19	8	10	8	15	7	9	21	28	24	29	3	25	9	
3297_A/chicken/Xinjiang/S 10	8	11	0	14	5	5	5	5	14	0	0	19	3	1	0	10	7	9	1	7	6	1	5	12	11	22	1	8	5	14	5	14	11	17	12	12	12	14	10	22	26	23	30	35	3	22	19	8	10	15	7	13	9	18	8	13	22	30	20	30	4	24	13	
3298_A/chicken/Xinjiang/S 10	8	11	0	14	5	5	5	6	14	0	0	18	3	1	0	10	7	9	1	7	6	1	5	12	11	22	1	8	5	14	5	14	11	17	12	12	12	14	10	22	26	23	30	35	3	22	19	8	10	15	7	13	9	18	8	13	22	30	20	30	4	24	13	
3299_A/chicken/Xinjiang/S 10	7	11	0	14	6	5	5	5	14	0	0	19	3	1	0	10	7	9	1	7	6	1	5	12	11	22	1	8	5	14	5	14	11	17	12	12	12	14	10	22	26	23	30	35	3	22	19	8	10	15	7	13	9	18	8	13	22	30	20	30	4	24	13	
3300_A/chicken/Yunnan/1/2 13	5	7	2	13	7	9	3	10	15	0	0	13	2	1	0	9	9	7	1	6	8	3	6	12	10	22	8	12	2	15	2	16	17	25	8	14	7	9	12	22	24	23	24	33	5	21	17	14	11	19	8	8	7	16	7	17	23	27	19	22	5	24	14	
3301_A/condor/Guangdong/1 9	9	9	0	15	3	7	5	9	15	0	0	12	3	1	0	8	6	3	2	10	9	7	3	11	12	20	3	11	2	16	7	18	11	18	9	10	10	13	13	22	26	27	31	34	5	17	15	15	9	14	7	8	11	20	8	20	23	27	19	20	3	26	14	
3302_A/Curlew/Hong_Kong/A 11	8	9	0	13	5	7	5	6	13	0	0	19	4	1	0	9	9	6	2	8	5	4	5	8	8	19	3	11	7	17	5	17	9	16	13	11	9	14	10	21	30	27	34	35	5	17	12	11	11	14	7	15	8	20	8	9	22	30	23	28	4	23	10	
3303_A/Cygnus_columbianus 13	6	8	1	11	7	8	4	7	13	0	0	17	4	1	0	7	10	7	2	9	3	3	5	6	12	19	4	14	4	17	4	14	9	19	10	13	10	12	11	21	32	24	32	36	2	21	14	14	12	16	8	10	10	18	7	12	20	30	22	28	3	23	11	
3304_A/Cygnus_columbianus 11	8	8	0	13	5	8	5	6	13	0	0	19	4	1	0	8	9	7	2	8	5	3	5	6	8	18	3	14	7	18	5	16	9	17	11	12	9	13	12	20	29	27	34	36	6	17	12	12	12	15	7	13	8	19	8	10	21	31	23	28	4	22	10	
3305_A/Cygnus_columbianus 13	6	8	1	11	7	8	4	7	13	0	0	17	4	1	0	7	10	7	2	9	3	3	5	6	12	19	4	14	4	17	4	14	9	19	10	13	10	12	11	21	32	24	32	36	2	21	14	14	12	16	8	10	10	18	7	12	20	30	22	28	3	23	11	
3306_A/Cygnus_columbianus 13	6	8	1	11	7	8	4	7	13	0	0	17	4	1	0	7	10	7	2	9	3	3	5	6	12	19	4	14	4	17	4	14	9	19	10	13	10	12	11	21	32	24	32	36	2	21	14	14	12	16	8	10	10	18	7	12	20	30	22	28	3	23	11	
3307_A/domestic_green-win 10	7	8	1	14	6	8	4	8	15	0	0	15	2	1	0	9	8	8	2	6	5	2	4	6	12	22	4	17	4	14	6	12	14	18	10	17	8	13	12	21	26	28	29	35	4	17	15	13	10	16	5	10	7	18	8	16	24	27	23	23	5	26	12	
3308_A/duck/China/E26/201 11	6	5	2	13	7	11	3	11	14	0	0	15	4	1	0	9	9	9	0	8	4	2	5	8	13	20	6	8	2	17	3	19	18	20	11	13	9	12	13	18	24	29	33	37	4	14	15	16	11	18	7	11	6	15	8	17	19	29	20	18	6	22	12	
3309_A/duck/China/E53/201 10	6	6	2	14	7	10	3	7	13	0	0	13	4	1	0	7	7	9	1	8	9	1	6	12	8	22	4	15	5	15	4	15	15	23	7	15	9	10	14	20	26	24	26	33	6	19	19	15	11	18	6	8	5	16	10	17	24	26	18	22	4	26	14	
3310_A/duck/Eastern_China 9	7	7	1	15	6	9	4	8	15	0	0	17	2	1	0	8	8	7	2	7	5	3	5	7	11	24	5	15	5	11	4	17	11	18	9	14	9	14	12	20	25	27	32	35	5	18	12	12	12	18	5	10	7	16	9	15	24	28	22	25	4	25	12	
3311_A/duck/Eastern_China 9	7	7	1	15	6	9	4	8	15	0	0	17	2	1	0	8	7	7	2	7	6	3	5	7	11	24	5	15	5	11	4	17	11	18	9	14	9	14	12	20	25	27	32	35	5	18	12	13	12	18	5	9	7	16	9	14	24	26	22	26	4	27	12	
3312_A/duck/Fujian/S1233/ 10	12	8	1	14	4	8	4	9	15	0	0	14	0	1	0	7	7	7	3	9	7	3	6	8	13	29	4	14	2	8	4	19	13	16	12	8	7	18	10	22	29	24	32	36	3	20	11	14	11	13	7	7	3	20	7	17	22	33	19	24	8	19	15	
3313_A/duck/Fujian/S1273/ 10	12	8	1	14	4	8	4	9	15	0	0	14	0	1	0	7	7	7	3	9	7	3	6	8	13	29	4	14	2	8	4	19	13	16	12	8	7	18	10	22	29	23	32	36	3	21	11	14	11	13	7	7	3	20	7	17	22	33	19	24	8	19	15	
3314_A/Duck/Fujian/S4146/ 10	6	7	2	14	7	9	3	9	15	0	0	12	2	1	0	9	9	9	1	6	8	1	6	12	11	22	6	14	1	15	3	16	16	23	7	14	10	10	14	21	25	23	25	33	4	21	19	14	12	19	7	9	3	15	8	16	25	28	18	22	4	24	15	
3315_A/duck/Guangdong/S45 11	8	8	0	13	5	8	5	6	13	0	0	19	4	1	0	9	9	6	2	8	5	4	5	6	8	19	3	13	7	17	5	17	8	16	13	12	9	14	10	21	30	27	34	36	5	17	12	13	11	14	6	13	8	20	9	9	22	31	23	27	4	21	11	
3316_A/duck/Guangdong/S45 11	8	8	0	13	5	8	5	6	13	0	0	19	4	1	0	9	9	6	2	8	5	4	5	6	8	19	3	13	7	17	5	17	8	16	13	12	9	14	10	21	30	27	34	36	5	17	12	13	11	14	7	13	8	20	8	9	22	31	23	27	4	21	11	
3317_A/duck/Guizhou/S1321 11	9	8	0	13	4	8	5	6	13	0	0	19	4	1	0	9	9	6	2	8	5	4	5	6	8	19	3	13	7	17	5	16	9	16	13	12	9	14	10	21	30	27	34	35	5	17	12	13	11	14	7	13	8	20	8	11	22	30	23	26	4	22	11	
3318_A/duck/Guizhou/S1711 11	10	6	1	13	4	10	4	9	13	0	0	17	4	1	0	9	9	9	2	7	5	1	5	4	11	19	1	15	4	17	6	15	9	19	10	12	9	13	14	21	29	28	35	36	5	17	11	16	11	16	7	9	9	16	8	11	21	35	24	27	4	18	8	
3319_A/duck/Hubei/03.06__ 9	8	12	1	15	5	4	4	5	15	0	0	19	2	1	0	8	6	10	1	8	6	0	5	11	13	21	2	10	4	15	5	12	9	16	12	14	13	16	9	24	26	26	25	37	4	20	21	8	9	14	7	13	9	20	8	11	23	31	18	30	4	21	15	
3320_A/duck/Hubei/46/2009 9	8	7	2	14	7	9	3	11	14	0	0	16	2	1	0	7	6	6	3	9	5	4	5	9	13	22	5	11	3	13	4	11	15	16	11	16	8	15	11	21	30	22	28	35	2	23	16	17	14	22	9	7	4	12	7	16	22	26	20	23	4	27	12	
3321_A/duck/Hubei/2911/20 11	6	9	1	13	7	7	4	8	13	0	0	17	4	1	0	9	11	8	1	6	3	2	6	12	10	13	5	9	5	23	4	14	8	17	13	13	11	13	10	22	25	24	30	35	9	20	14	11	12	15	8	15	6	19	7	6	21	29	20	32	6	23	14	
3322_A/duck/Hubei/S4465/2 13	7	9	0	11	7	8	5	6	13	0	0	21	4	1	0	8	10	8	1	8	3	3	6	6	12	19	4	12	3	16	4	13	11	19	10	14	9	11	13	23	29	27	26	35	4	17	19	14	14	18	8	10	9	15	7	11	19	30	23	27	3	23	11	
3323_A/duck/Hubei/SE128/2 13	7	10	0	11	7	7	5	6	12	0	0	21	5	1	0	8	10	8	1	8	3	3	6	6	12	19	4	12	3	16	4	12	11	19	11	15	9	11	12	23	30	28	25	35	3	17	19	14	14	18	8	10	9	15	7	11	19	30	23	27	3	23	11	
3324_A/duck/Hubei/SE220/2 11	8	8	0	13	5	8	4	6	13	0	0	19	4	1	0	9	10	6	2	8	5	4	5	6	7	19	3	13	7	18	5	16	9	16	13	12	9	14	11	21	30	27	34	35	5	16	12	13	11	15	7	13	8	20	8	9	22	30	23	28	4	21	11	
3325_A/duck/Hubei/xn/2007 11	7	7	2	13	6	9	3	8	16	0	0	14	1	1	0	7	7	9	2	8	8	1	5	9	10	23	3	16	4	13	6	14	14	16	11	16	8	15	11	20	26	28	28	32	6	16	17	13	12	16	7	10	7	17	9	17	23	24	22	23	4	29	10	
3326_A/duck/Hunan/03.07_Y 11	6	8	3	13	8	8	2	8	12	0	0	13	4	1	0	7	8	8	1	8	9	2	6	13	9	22	7	14	3	15	3	13	15	22	7	15	10	12	13	20	26	26	27	31	5	18	16	13	12	19	7	10	6	15	9	23	22	29	14	18	4	23	18	
3327_A/duck/Hunan/12.07__ 11	6	4	3	13	8	12	2	7	13	0	0	12	4	1	0	7	7	9	1	7	9	1	6	15	10	21	5	13	4	16	4	17	14	22	8	12	9	12	12	19	27	25	24	33	5	18	20	15	10	19	5	9	6	15	11	18	24	28	17	22	4	24	15	
3328_A/duck/Hunan/12.07__ 10	6	7	3	14	7	9	2	7	13	0	0	12	4	1	0	7	8	9	1	8	9	1	6	13	9	21	5	16	3	16	4	12	16	23	7	16	9	11	13	20	26	24	25	32	5	20	19	13	13	18	6	10	5	16	10	19	22	28	14	21	4	24	18	
3329_A/duck/Hunan/12.07_Y 10	6	7	3	14	7	9	2	7	13	0	0	12	4	1	0	7	8	9	1	8	9	1	6	13	9	21	5	16	3	16	4	12	16	23	7	16	9	11	13	20	26	24	25	32	5	20	19	13	13	18	6	10	5	16	10	19	22	28	14	21	4	24	18	
3330_A/duck/Hunan/12.07_Y 11	6	6	3	13	6	10	2	7	13	0	0	12	4	1	0	6	7	9	2	8	9	1	5	11	10	21	4	15	4	16	4	15	14	23	8	14	10	11	12	19	26	24	24	32	5	18	19	15	10	18	8	9	7	15	9	19	24	26	17	21	4	24	14	
3331_A/duck/Hunan/316/200 9	7	6	1	15	5	10	4	7	15	0	0	14	3	1	0	6	8	8	2	9	5	2	5	10	12	24	5	15	4	12	4	15	12	18	11	15	10	12	12	21	26	29	29	34	4	18	15	14	13	22	7	8	6	12	8	17	22	27	21	23	4	25	12	
3332_A/duck/Hunan/689/200 11	6	9	1	13	7	7	4	8	13	0	0	17	4	1	0	9	10	8	1	6	5	2	6	12	10	13	5	9	5	23	4	14	8	18	12	13	10	13	10	22	25	25	30	35	9	19	16	10	13	16	8	15	6	18	7	6	20	30	20	32	6	23	12	
3333_A/duck/Hunan/3315/20 11	6	7	3	13	7	9	2	8	14	0	0	13	3	1	0	8	8	8	2	8	7	2	5	11	9	22	5	13	5	13	6	13	14	16	12	16	6	14	11	20	28	25	25	36	3	21	17	16	11	20	5	6	8	14	10	14	23	31	20	26	5	22	13	
3334_A/duck/Hunan/S4020/2 8	7	7	2	16	6	9	3	9	14	0	0	13	3	1	0	7	8	9	1	8	8	1	6	10	9	21	5	15	4	16	4	14	14	20	9	15	11	12	13	20	23	27	28	33	6	17	15	16	12	19	7	8	4	15	8	19	25	28	20	20	5	24	13	
3335_A/duck/Hunan/S4030/2 10	6	7	3	14	7	9	2	8	14	0	0	13	3	1	0	7	7	7	1	9	9	3	6	13	9	22	5	12	4	15	4	16	15	23	7	14	9	11	13	20	28	24	28	33	4	19	16	14	11	19	6	9	6	15	10	18	22	25	17	22	4	27	15	
3336_A/duck/Hunan/S4150/2 8	6	6	2	16	7	10	3	8	13	0	0	13	4	1	0	7	8	9	1	8	8	1	5	12	9	19	5	14	4	18	5	15	15	21	9	14	12	11	14	20	23	27	27	33	7	18	15	17	10	18	7	8	4	15	8	20	24	27	19	18	5	25	14	
3337_A/duck/Hunan/S4220/2 10	6	7	2	14	7	9	3	9	15	0	0	12	2	1	0	9	9	9	1	6	8	1	6	12	10	22	6	14	2	15	3	16	15	22	8	14	10	11	13	21	24	26	25	33	6	18	18	13	12	19	8	10	4	15	7	15	23	27	18	23	6	25	15	
3338_A/duck/Jiangsu/S4439 10	8	11	0	14	5	5	5	6	13	0	0	20	4	1	0	10	8	9	1	7	5	1	5	11	13	22	1	8	3	14	5	14	11	15	12	13	12	16	10	22	26	24	32	37	3	21	16	8	9	16	7	12	10	17	8	12	22	32	17	29	4	22	16	
3339_A/duck/Jiangsu/SE112 10	8	11	0	14	6	5	5	5	12	0	0	19	4	1	0	10	8	9	1	7	5	1	5	12	13	20	2	9	3	15	5	13	11	15	12	14	12	16	10	22	26	24	32	36	3	21	16	9	10	16	7	11	9	17	8	15	22	32	18	27	4	22	15	
3340_A/duck/Jiangxi/34/20 10	6	7	3	14	7	9	3	8	15	0	0	13	2	1	0	9	9	9	1	6	9	1	6	12	10	23	5	14	1	15	3	16	15	24	7	14	10	10	14	22	23	26	25	33	7	17	19	15	12	20	7	8	3	14	8	15	24	27	18	22	5	24	15	
3341_A/duck/Jiangxi/35/20 10	6	7	2	14	7	9	3	8	15	0	0	12	2	1	0	9	9	9	1	6	9	1	6	12	10	22	6	15	1	15	3	16	15	23	7	14	10	10	14	22	23	26	25	33	7	17	19	15	12	20	7	8	3	14	8	15	24	27	19	22	5	25	15	
3342_A/duck/Jiangxi/44/20 10	11	9	2	14	4	7	3	6	13	0	0	17	2	1	0	5	9	6	3	10	5	3	4	12	13	26	4	11	2	11	4	20	10	17	12	9	7	16	10	23	31	30	34	35	4	15	10	15	16	13	6	6	3	21	9	16	22	38	25	23	4	15	8	
3343_A/duck/Jiangxi/120/2 8	7	7	2	16	6	9	3	8	15	0	0	11	3	1	0	7	8	9	2	8	7	1	5	14	10	21	4	14	4	16	5	16	15	21	8	13	10	11	14	17	22	30	28	35	7	15	14	14	12	17	7	10	5	17	8	18	25	25	20	22	3	26	14	
3344_A/duck/Jiangxi/130/2 8	6	6	2	16	7	10	3	8	14	0	0	13	3	1	0	7	8	9	1	8	8	1	5	11	9	19	5	15	4	18	5	15	15	21	9	14	12	12	13	19	23	26	29	33	7	18	15	17	10	17	7	8	4	16	8	20	24	27	18	18	5	25	15	
3345_A/duck/Jiangxi/S4083 13	7	10	0	11	7	7	5	6	12	0	0	21	5	1	0	8	10	8	1	8	3	3	6	6	12	19	4	12	3	16	4	13	12	19	12	14	9	11	11	23	30	28	25	35	3	17	19	14	13	18	8	10	9	15	7	11	19	30	23	27	3	23	11	
3346_A/duck/Jilin/04.04_S 10	9	11	0	14	4	5	5	6	15	0	0	19	4	1	0	11	8	9	1	7	5	1	5	12	11	21	2	7	5	15	4	14	9	16	12	12	14	15	10	20	26	23	29	38	3	20	21	8	10	14	7	13	10	19	8	14	21	35	18	28	2	19	15	
3347_A/duck/Jilin/JL-SIV/ 11	6	6	3	13	8	10	2	7	13	0	0	10	3	1	0	9	8	8	3	6	7	2	4	14	10	23	5	15	4	13	5	13	14	17	11	16	6	14	11	22	28	26	25	36	4	20	17	17	11	19	5	6	8	15	10	14	23	35	20	23	4	18	13	
3348_A/duck/Jilin/S1261/2 11	7	10	2	13	6	6	3	7	16	1	0	15	1	0	0	10	8	9	2	4	5	1	4	11	12	22	3	12	4	14	4	16	9	17	12	12	10	14	10	21	29	20	24	35	3	26	22	14	12	16	6	13	8	18	8	10	21	31	20	31	3	22	14	
3349_A/duck/Jilin/S4171/2 11	7	10	2	13	6	6	3	6	15	1	0	16	2	0	0	10	8	9	2	4	5	1	4	11	12	22	3	13	4	14	4	15	9	17	12	13	10	15	10	21	29	23	23	35	3	22	23	14	11	16	6	13	8	18	8	11	21	31	20	29	4	22	14	
3350_A/duck/Nanchang/9789 11	7	6	2	13	7	10	3	9	15	0	0	12	2	1	0	8	9	9	1	6	8	1	6	11	10	22	7	14	2	15	2	17	15	22	8	14	10	11	13	22	24	22	26	33	6	20	19	12	10	19	8	11	4	15	7	16	25	29	18	22	5	23	15	
3351_A/duck/Shandong/009/ 10	8	12	0	14	5	4	5	4	14	0	0	17	3	1	0	10	7	8	1	5	6	1	6	13	11	21	3	12	5	15	4	13	9	17	13	13	11	16	9	22	26	25	26	38	4	21	20	9	10	14	7	13	9	20	8	13	22	29	21	28	4	23	12	
3352_A/Duck/Shandong/Y01/ 8	6	7	2	16	7	9	3	9	14	1	0	12	3	0	0	7	8	9	1	8	8	1	5	11	9	19	5	15	4	18	5	15	15	21	9	14	12	13	13	19	23	26	29	33	7	18	14	17	9	17	7	8	4	15	8	20	25	28	19	19	5	24	14	
3353_A/Duck/Shandong/Y02/ 8	6	7	2	16	7	9	3	8	14	1	0	13	3	0	0	7	8	9	1	8	8	1	5	11	8	19	7	15	5	18	3	15	15	20	10	14	12	13	12	20	23	26	29	33	7	18	14	17	9	17	8	8	4	16	7	19	25	28	19	19	5	24	14	
3354_A/duck/Sichuan/NCXN1 11	8	7	2	13	6	9	3	9	15	0	0	13	2	1	0	9	10	7	1	6	7	3	6	13	10	21	6	12	2	16	2	17	15	24	8	14	8	9	13	22	25	25	24	32	5	20	19	13	11	19	8	8	7	15	6	16	23	28	20	23	5	24	14	
3355_A/duck/Sichuan/NCXN1 11	6	7	2	13	7	9	3	9	15	0	0	13	2	1	0	9	9	7	1	6	8	3	6	13	10	21	6	12	2	16	2	17	16	24	8	14	8	9	13	21	25	25	24	33	5	20	19	13	11	19	8	8	7	15	6	16	23	28	19	23	5	24	15	
3356_A/duck/Xinjiang/S106 10	8	11	0	14	5	5	5	5	14	0	0	19	3	1	0	10	7	9	1	7	6	1	5	12	11	22	1	8	5	14	5	14	11	17	12	12	12	14	10	22	26	23	30	35	3	23	18	8	10	15	7	13	9	18	8	13	22	30	20	30	4	24	13	
3357_A/duck/Xinjiang/S112 10	8	11	0	14	5	5	5	5	14	0	0	19	3	1	0	10	7	9	1	7	6	1	5	12	11	22	1	8	5	14	5	14	11	17	12	12	12	14	10	22	26	23	30	35	3	22	19	8	10	15	7	13	9	18	8	13	22	30	20	30	4	23	14	
3358_A/duck/Zhejiang/1220 10	8	11	0	14	5	5	5	5	13	0	0	19	4	1	0	10	8	9	1	7	5	1	5	12	12	21	1	9	5	15	5	14	11	16	13	12	12	15	9	21	25	24	30	38	3	21	18	8	10	15	7	13	10	17	8	13	22	33	18	28	4	21	15	
3359_A/duck/Zhejiang/S409 10	8	11	0	14	5	5	5	5	13	0	0	19	4	1	0	10	8	9	1	7	5	1	5	12	13	21	1	9	3	15	5	14	11	16	13	13	12	15	9	22	26	24	32	37	3	20	17	9	10	16	7	11	9	17	8	12	22	32	17	29	4	22	16	
3360_A/equine/China/61/20 9	6	6	2	15	7	10	3	9	15	0	0	11	2	1	0	7	7	9	1	8	8	1	6	10	8	22	4	16	6	15	4	14	14	20	8	15	10	12	14	20	24	27	27	34	7	17	17	15	13	16	7	9	5	17	8	19	24	25	22	20	3	28	11	
3361_A/equine/China/67/20 9	6	6	2	15	7	10	3	9	14	0	0	11	3	1	0	7	7	9	1	8	8	1	6	10	8	22	4	16	6	15	4	14	14	20	8	15	10	12	14	20	24	27	27	34	7	17	17	15	13	16	7	9	5	17	8	18	24	25	22	21	3	28	11	
3362_A/equine/China/68/20 8	7	7	2	16	6	9	3	8	16	0	0	11	2	1	0	7	6	9	2	8	9	1	5	11	9	24	3	16	5	13	5	14	16	19	9	15	8	13	13	18	23	28	29	35	8	17	14	16	12	17	7	8	6	16	8	19	23	25	21	21	3	28	12	
3363_A/Eurasian_Teal/Hong 8	8	11	1	16	6	5	4	7	14	0	0	16	1	1	0	8	12	10	1	8	3	1	5	13	11	14	4	10	3	22	6	14	9	17	13	14	14	13	9	23	26	21	31	35	3	22	15	9	9	14	7	13	9	19	9	15	20	25	28	25	7	28	5	
3364_A/Eurasian_Teal/Hong 8	8	10	1	16	6	6	4	6	14	0	0	17	1	1	0	9	12	10	1	7	3	1	5	13	11	14	2	10	3	22	7	15	9	16	13	13	14	14	9	22	25	21	32	35	3	22	15	9	9	14	7	14	9	19	9	16	22	25	27	24	6	28	6	
3365_A/Eurasian_Wigeon/Ho 8	8	10	1	16	6	6	4	6	14	0	0	17	1	1	0	9	12	10	1	7	3	1	5	13	11	14	2	10	3	22	7	15	9	16	13	13	14	14	9	21	25	21	32	36	3	22	15	9	9	14	7	14	9	19	9	16	22	25	27	24	6	28	6	
3366_A/Eurasian_Wigeon/Ho 8	8	10	1	16	6	6	4	6	14	0	0	17	1	1	0	9	12	10	1	7	3	1	5	13	11	14	2	10	3	22	7	15	9	16	13	13	14	14	9	21	25	21	32	36	3	22	15	9	9	14	7	14	9	19	9	16	22	25	27	24	6	28	6	
3367_A/Falco_peregrinus/B 13	7	9	1	11	7	7	4	6	13	0	0	19	3	1	0	7	11	6	2	10	3	4	5	6	11	18	4	13	4	18	4	14	10	17	12	13	9	13	11	21	30	24	33	36	4	19	14	12	11	16	7	9	10	19	7	13	22	31	24	28	2	22	10	
3368_A/Fujian/1/2005|EPI_ 10	6	7	3	14	8	9	2	7	13	0	0	12	3	1	0	8	8	8	2	7	7	2	5	13	10	22	5	14	4	14	5	13	14	17	11	16	6	16	11	19	28	26	26	36	3	21	16	17	11	20	5	6	8	12	10	15	23	30	20	25	5	22	13	
3369_A/Fujian/1/2007|EPI_ 9	6	6	2	15	7	10	3	9	15	0	0	11	3	1	0	7	7	9	1	8	8	1	6	10	9	22	4	16	5	15	5	14	14	18	8	15	10	14	14	20	23	27	29	35	7	17	14	15	12	18	7	9	5	16	8	19	24	25	22	20	3	27	11	
3370_A/Gallinago_Stenura/ 8	8	10	1	16	6	6	4	6	14	0	0	17	1	1	0	9	12	10	1	7	3	1	5	13	11	14	2	10	3	22	7	15	9	16	13	13	14	14	9	21	25	21	32	36	3	22	15	9	9	14	7	14	9	19	9	16	22	25	27	24	6	28	6	
3371_A/goose/China/E43/20 10	6	7	2	15	8	9	3	8	15	0	0	13	2	1	0	9	9	9	1	5	8	1	6	12	10	22	3	14	2	16	4	17	15	23	9	13	10	11	12	22	25	23	25	32	6	20	20	13	12	19	8	10	3	14	7	15	24	28	18	23	4	24	15	
3372_A/goose/Guangdong/SH 11	6	7	2	13	7	9	3	10	15	0	0	13	2	1	0	9	9	7	1	6	8	3	6	12	10	22	7	12	2	15	2	17	16	24	8	13	8	9	13	21	25	24	25	33	5	21	17	13	11	19	8	9	7	15	7	16	23	28	19	23	5	24	14	
3373_A/goose/Guizhou/S154 11	9	8	0	13	4	8	5	6	13	0	0	19	4	1	0	9	9	6	2	8	5	4	5	6	8	19	3	13	7	17	5	16	9	16	13	12	9	14	10	21	30	27	34	35	5	17	12	13	11	14	7	13	8	20	8	11	22	30	23	26	4	22	11	
3374_A/goose/Hunan/SE284/ 13	8	9	1	11	7	7	4	8	13	0	0	17	3	1	0	7	11	6	1	10	3	4	6	6	11	18	4	13	4	18	4	14	9	18	11	13	9	13	11	21	31	26	33	36	3	18	13	12	11	16	7	9	10	18	7	14	21	31	25	28	3	22	9	
3375_A/goose/Inner_Mongol 10	9	11	1	14	4	5	4	4	14	0	0	21	3	1	0	7	10	6	2	9	3	4	5	7	9	21	4	13	7	15	4	15	10	18	12	15	9	13	10	19	30	23	32	35	4	21	14	12	13	18	8	11	8	16	7	12	19	34	22	27	6	19	11	
3376_A/goose/Jiangsu/k040 9	5	6	2	15	8	10	3	9	14	0	0	12	3	1	0	7	8	9	1	8	8	1	5	10	9	19	4	16	4	18	5	15	14	23	9	14	12	11	13	20	24	27	28	34	5	17	16	17	11	16	7	8	4	16	8	19	24	29	21	19	5	23	12	
3377_A/goose/Jilin/S4034/ 11	7	10	2	13	6	6	3	7	16	1	0	15	1	0	0	10	8	9	2	4	5	1	4	11	12	22	3	13	4	14	4	15	9	17	12	13	10	14	10	21	29	20	23	36	3	25	23	14	11	15	6	13	8	19	8	12	22	31	22	28	3	22	12	
3378_A/goose/Shandong/03. 10	8	11	0	14	5	5	5	6	13	0	0	18	4	1	0	10	8	9	1	7	5	1	5	12	11	21	1	9	5	15	5	14	11	16	13	12	12	15	9	21	26	24	30	38	3	21	18	8	10	15	7	13	9	18	8	13	22	33	18	28	4	21	15	
3379_A/goose/Shandong/GS/ 11	6	9	1	13	7	7	4	8	14	0	0	16	3	1	0	9	9	8	2	7	4	2	5	6	12	19	4	15	4	17	4	15	10	21	12	12	10	11	10	22	29	30	33	35	5	15	12	15	11	18	9	11	9	14	7	9	21	28	23	28	3	25	10	
3380_A/goose/Zhejiang/112 10	8	11	0	14	5	5	5	7	13	0	0	20	4	1	0	11	8	9	1	6	5	1	5	10	11	21	1	10	5	15	5	14	10	16	13	13	13	15	9	21	26	24	30	35	3	21	18	9	9	15	7	11	11	18	8	13	20	34	18	29	5	20	15	
3381_A/goose/Zhejiang/727 11	6	8	1	13	7	8	4	7	14	0	0	18	3	1	0	9	9	8	2	7	4	2	5	7	11	19	4	13	5	17	4	14	12	20	12	12	10	11	10	23	29	29	33	34	4	16	12	15	11	18	8	11	9	16	7	9	21	28	24	28	3	25	9	
3382_A/Great_black-headed 9	8	11	0	15	6	5	5	5	13	0	0	18	4	1	0	10	8	9	1	7	6	1	5	12	10	22	1	11	5	14	5	14	11	17	14	12	12	13	9	22	25	24	31	35	4	20	18	8	9	15	8	12	11	18	7	13	22	31	21	28	4	22	13	
3383_A/Great_black-headed 9	8	11	0	15	6	5	5	5	13	0	0	18	4	1	0	10	8	9	1	7	6	1	5	12	10	22	1	11	5	14	5	14	11	18	13	12	12	13	9	22	25	24	31	35	4	20	18	8	9	15	8	12	11	18	7	13	22	31	21	28	4	22	13	
3384_A/Great_Cormorant/Hu 10	8	11	1	14	5	5	4	5	14	0	0	19	3	1	0	10	7	10	1	6	5	0	5	11	12	21	2	10	5	15	5	12	10	17	13	13	13	14	10	23	26	26	28	37	4	20	19	9	8	14	7	12	11	20	7	13	22	30	18	28	4	22	15	
3385_A/Great_Cormorant/Hu 10	8	11	1	14	5	5	4	5	14	0	0	18	3	1	0	10	7	10	1	6	5	0	5	11	12	21	2	11	5	15	5	12	10	17	13	13	13	14	9	23	26	26	28	37	4	20	19	9	8	14	7	12	11	20	8	13	22	30	18	28	4	22	15	
3386_A/Great_Cormorant/Hu 10	8	11	1	14	5	5	4	6	14	0	0	19	3	1	0	11	7	9	1	6	5	1	5	9	13	21	2	10	4	15	5	12	10	17	13	13	13	14	9	23	26	26	28	37	4	20	19	9	8	15	8	12	11	19	7	13	22	31	18	28	4	21	15	
3387_A/Great_Cormorant/Hu 10	8	11	1	14	5	5	4	6	14	0	0	19	3	1	0	11	7	9	1	6	5	1	5	9	13	21	2	10	4	15	5	12	11	17	13	13	13	14	9	23	26	26	28	37	4	20	19	9	7	14	8	12	11	20	7	13	22	31	18	28	4	21	15	
3388_A/Great_Cormorant/Hu 10	8	11	1	14	5	5	4	6	14	0	0	19	3	1	0	11	7	9	1	6	5	1	5	9	13	21	2	10	4	15	5	12	10	17	13	13	13	14	9	23	26	26	28	37	4	20	19	9	8	14	8	12	11	20	7	13	22	31	18	28	4	21	15	
3389_A/Guangdong/1/2006|E 11	6	6	3	13	8	10	2	8	13	0	0	11	3	1	0	8	8	8	2	7	8	2	5	13	9	22	5	14	4	14	5	13	14	17	11	16	6	14	11	20	28	24	25	36	3	21	18	17	11	18	5	6	9	16	10	14	23	30	20	25	4	23	13	
3390_A/Guangdong/1/2008|E 11	7	6	3	13	8	11	2	9	14	0	0	10	1	1	0	9	8	8	2	6	8	2	5	13	9	23	6	14	4	13	4	12	14	17	11	17	6	14	11	20	28	23	25	36	3	22	18	17	11	19	5	7	8	14	10	13	25	35	20	24	4	18	13	
3391_A/Guangdong/2/2006|E 9	7	6	2	15	6	10	4	9	14	0	0	11	3	1	0	7	8	9	1	8	8	1	5	10	9	22	4	16	4	15	4	14	14	20	8	15	12	12	14	19	23	27	28	34	7	18	16	14	12	16	7	10	4	17	7	19	24	25	23	21	4	27	11	
3392_A/Guangxi/1/2005|EPI 10	7	7	2	15	6	9	3	8	16	0	0	14	1	1	0	7	7	9	2	8	8	1	5	9	11	23	3	17	3	13	6	14	14	16	11	16	10	15	11	20	25	27	28	32	6	17	17	13	11	16	7	9	6	17	9	18	24	25	22	21	4	28	10	
3393_A/Guangxi/1/2005|EPI 9	7	6	2	15	6	10	3	9	15	0	0	11	3	1	0	7	7	9	1	8	8	1	6	10	8	22	4	16	5	15	4	14	14	20	8	15	10	12	14	19	24	27	28	35	7	17	16	15	12	16	7	9	5	17	8	18	25	24	23	21	3	28	11	
3394_A/Guangxi/1/2008|EPI 9	8	6	3	15	5	10	2	7	14	0	0	14	3	1	0	7	7	9	1	8	8	1	6	10	8	22	4	14	6	15	4	15	13	21	9	14	10	11	13	21	24	27	27	34	7	18	17	15	12	16	6	9	5	17	8	17	26	25	22	22	3	27	12	
3395_A/Guizhou/1/2009|EPI 9	7	6	2	15	6	9	3	9	14	0	0	11	3	1	0	7	8	10	1	8	8	1	6	10	9	21	4	16	4	16	5	13	15	21	8	14	10	11	14	22	26	27	27	36	3	17	17	16	13	16	5	9	4	17	10	17	26	27	23	20	2	25	10	
3396_A/hill_myna/Heilongj 11	6	6	3	13	7	10	2	8	13	0	0	12	4	1	0	7	7	9	1	7	9	1	6	12	10	21	5	15	4	16	4	15	14	23	8	14	10	11	12	20	27	24	26	33	5	19	18	15	10	19	6	9	6	15	10	17	24	28	16	22	4	24	16	
3397_A/Hong_Kong/5923/201 10	6	7	2	15	8	9	3	9	15	0	0	14	2	1	0	9	9	9	1	5	8	1	6	11	10	21	6	13	2	15	3	16	15	23	9	14	10	11	12	22	25	24	24	33	5	19	21	13	11	19	6	10	4	14	9	16	24	28	19	22	4	24	14	
3398_A/Hunan/1/2006|EPI_I 9	7	6	2	15	6	10	3	9	14	0	0	11	3	1	0	7	8	9	1	8	7	1	6	10	9	22	4	16	5	14	5	13	13	20	8	15	11	12	14	20	22	27	29	34	8	17	15	15	12	15	7	10	5	18	8	18	26	25	22	21	3	28	11	
3399_A/Hunan/1/2008|EPI_I 13	6	7	3	12	7	9	2	8	16	0	0	12	2	1	0	8	8	8	2	8	7	2	5	11	9	22	5	13	5	14	5	14	14	17	12	15	6	14	11	20	28	25	27	36	3	20	16	16	11	19	5	6	8	14	10	14	23	31	21	26	4	22	12	
3400_A/Hunan/2/2009|EPI_I 9	7	6	2	15	6	9	3	9	14	0	0	11	3	1	0	7	8	10	1	8	8	1	6	10	9	22	4	17	4	15	5	15	15	21	8	13	10	11	14	22	26	28	27	36	3	17	16	15	13	16	5	9	5	17	10	16	25	27	22	20	2	25	11	
3401_A/Japanese_white-eye 11	6	6	3	13	7	10	2	8	13	0	0	12	4	1	0	7	7	9	1	7	9	1	6	12	10	21	5	15	4	16	4	15	14	24	8	14	10	10	12	20	27	24	26	33	5	19	18	14	10	19	6	9	6	15	10	18	24	28	17	22	4	24	15	
3402_A/Jiangsu/1/2007|EPI 11	6	6	3	13	8	10	2	8	13	0	0	11	3	1	0	9	8	7	2	6	8	3	5	13	9	23	5	14	4	13	5	13	13	17	11	16	7	14	11	21	28	24	25	36	3	21	18	17	11	18	5	7	8	16	10	12	24	35	19	25	4	18	14	
3403_A/Jiangsu/2/2007|EPI 11	6	6	3	13	8	10	2	8	13	0	0	11	3	1	0	9	8	7	2	6	8	3	5	13	9	23	5	14	4	13	5	13	13	17	11	16	7	14	11	21	28	24	25	36	3	21	18	17	11	18	5	7	8	16	10	12	24	35	19	25	4	18	14	
3404_A/Jiangxi/1/2005|EPI 12	6	7	3	13	8	9	2	7	14	0	0	12	3	1	0	8	8	8	2	7	7	2	5	15	10	23	5	12	4	12	5	13	14	17	11	16	6	14	11	20	28	26	25	36	3	22	17	16	10	19	5	6	9	15	10	14	23	31	18	25	4	21	15	
3405_A/lesser_kestrel/Hei 11	7	9	0	13	6	7	5	8	13	0	0	17	4	1	0	9	11	8	1	6	3	2	6	12	10	13	5	9	5	23	4	14	8	17	13	13	11	13	10	22	25	24	29	35	9	20	14	10	13	16	8	15	6	18	7	6	20	30	21	32	6	22	14	
3406_A/lion/Hubei/1-2/201 11	8	12	1	13	5	4	4	6	13	0	0	18	4	1	0	10	7	10	1	6	5	0	5	11	12	21	2	10	5	15	5	13	11	17	15	13	13	13	8	23	28	26	26	37	2	20	21	8	7	15	7	12	11	19	8	13	22	29	18	28	4	23	15	
3407_A/mallard/Heilongjia 11	8	12	1	13	5	4	4	5	14	1	0	18	3	0	0	10	8	9	2	4	5	1	5	11	10	20	3	13	6	16	3	14	9	15	16	14	11	16	6	22	29	24	29	34	4	20	18	12	10	18	7	12	10	15	7	13	20	29	21	28	5	24	13	
3408_A/mandarin_duck/Heil 10	8	8	0	14	5	8	5	6	13	0	0	20	4	1	0	8	10	8	2	8	4	3	5	7	8	18	3	13	7	17	5	16	9	17	11	11	10	13	12	21	28	27	34	35	6	17	12	12	11	15	7	14	8	19	8	10	22	30	23	27	4	23	10	
3409_A/mandarin_duck/Hena 13	7	9	1	11	7	7	4	8	13	0	0	17	3	1	0	8	11	6	1	10	3	4	6	6	11	18	4	13	4	18	4	13	10	18	11	13	9	13	11	20	31	26	33	36	3	18	13	12	11	16	7	9	10	18	7	15	21	31	24	28	3	22	10	
3410_A/meerkat/Shanghai/S 11	6	9	1	13	7	7	4	6	14	0	0	19	3	1	0	9	9	8	2	7	5	2	5	7	11	19	4	12	4	16	4	15	9	19	12	12	11	12	10	22	29	30	33	36	4	16	12	15	13	19	8	11	8	15	7	8	21	28	23	29	3	25	10	
3411_A/mink/China/G/2015| 11	6	8	2	13	7	8	3	8	16	0	0	12	1	1	0	9	9	9	1	6	8	1	6	12	11	21	6	15	1	15	3	15	16	23	7	14	10	10	14	21	24	25	26	33	6	18	18	15	12	19	8	9	3	15	7	17	25	27	20	21	5	24	14	
3412_A/mink/China/XB/2015 10	8	11	1	14	5	5	4	5	14	0	0	19	3	1	0	10	7	10	1	6	5	0	5	11	12	21	2	10	5	15	5	12	10	18	13	13	13	13	9	23	28	27	27	37	2	19	20	9	8	14	7	12	11	20	8	13	22	30	19	28	4	22	14	
3413_A/mink/Eastern_China 9	9	7	1	15	2	9	4	8	18	0	0	16	2	1	0	9	6	6	1	11	7	4	2	7	14	20	6	12	1	15	2	15	11	19	6	14	11	14	16	22	23	27	31	33	7	18	19	12	11	16	5	10	7	18	11	16	25	31	19	23	2	21	13	
3414_A/Nanjing/1/2015|EPI 11	8	11	1	13	5	5	4	5	14	0	0	19	3	1	0	9	7	10	1	7	5	0	5	11	12	21	2	10	5	15	5	12	10	17	13	13	13	14	9	23	25	26	28	37	5	20	19	9	8	14	7	12	11	20	8	13	22	30	18	28	4	22	15	
3415_A/ostrich/Suzhou/097 10	7	7	1	14	6	9	4	7	15	0	0	12	2	1	0	7	6	9	2	7	8	1	5	11	10	23	4	17	5	13	5	13	14	20	10	16	9	12	11	21	23	29	28	34	5	18	16	16	12	17	6	8	6	17	9	17	25	26	21	22	3	26	12	
3416_A/parrot/Guangdong/C 10	7	7	2	14	6	9	3	9	15	0	0	11	2	1	0	7	7	9	2	8	8	1	5	10	10	22	4	16	4	13	5	13	14	19	10	16	9	12	12	21	24	28	27	34	5	18	17	15	13	18	6	9	6	16	10	17	23	24	20	22	4	29	12	
3417_A/peacock/Yunnan/1/2 10	8	11	1	14	6	5	4	6	13	0	0	17	3	1	0	11	6	10	1	6	6	0	5	9	12	22	2	11	5	14	5	13	10	17	13	14	13	13	9	23	26	28	31	37	4	18	17	8	8	14	8	12	10	20	7	14	22	29	17	28	4	23	16	
3418_A/peacock/Yunnan/3/2 10	8	11	1	14	6	5	4	6	13	0	0	18	3	1	0	11	6	10	1	6	6	0	5	10	12	22	2	11	5	14	5	13	10	17	13	15	13	13	9	23	26	27	31	37	4	18	17	8	8	14	8	12	10	20	7	13	22	29	17	27	4	23	16	
3419_A/pigeon/Hubei/RP25/ 10	7	6	2	14	6	10	3	9	15	0	0	11	3	1	0	6	8	9	1	8	7	1	6	11	9	22	5	16	5	15	4	14	16	22	8	14	9	10	14	20	22	30	28	34	5	14	15	15	11	16	8	8	8	16	8	20	24	26	19	21	4	26	15	
3420_A/pigeon/Jiangsu/12. 10	8	11	0	14	5	5	5	7	12	0	0	19	4	1	0	11	8	9	1	6	5	1	5	10	11	21	1	10	5	15	5	14	10	16	13	12	13	14	10	21	26	24	30	36	3	21	18	8	9	16	8	13	11	17	7	13	21	34	18	29	5	20	15	
3421_A/pigeon/Jiangxi/S40 13	7	10	0	11	7	7	5	6	12	0	0	21	5	1	0	8	10	8	1	8	3	3	6	6	12	19	4	12	3	16	4	13	12	19	12	14	9	11	11	23	30	28	25	35	3	17	19	14	13	18	8	10	9	15	7	11	19	30	23	27	3	23	11	
3422_A/pigeon/Jilin/04.25 10	8	11	0	14	5	5	5	5	13	0	0	19	4	1	0	10	7	9	1	7	6	1	5	12	11	21	1	9	5	15	5	14	11	16	13	12	12	15	9	22	26	24	30	37	3	21	18	8	10	15	6	13	9	18	9	13	22	32	18	28	4	22	15	
3423_A/pigeon/Jilin/S4176 11	7	10	2	13	6	6	3	6	15	1	0	16	2	0	0	10	8	9	2	4	6	1	4	11	12	22	3	13	4	14	4	15	9	17	12	13	9	15	10	21	29	23	23	35	3	22	23	14	11	16	6	13	8	18	8	11	21	31	20	29	4	22	14	
3424_A/pigeon/Sichuan/NCX 11	6	7	2	13	7	9	3	9	16	0	0	13	1	1	0	9	9	8	1	6	8	2	6	13	10	20	6	12	2	17	2	17	16	24	8	14	8	9	13	21	25	26	24	33	5	19	19	13	11	19	8	8	7	15	6	16	23	28	19	23	5	24	15	
3425_A/pigeon/Zhejiang/11 10	8	11	0	14	5	5	5	7	13	0	0	20	4	1	0	11	8	9	1	6	5	1	5	10	11	21	1	9	5	15	6	14	10	16	13	13	13	15	9	21	26	24	30	34	3	21	19	8	9	15	7	12	12	17	8	13	19	34	18	29	6	20	15	
3426_A/pigeon/Zhejiang/11 10	8	11	0	14	5	5	5	5	13	0	0	19	4	1	0	10	8	9	1	7	5	1	5	12	12	21	1	9	5	15	5	14	11	16	13	12	12	15	9	21	25	24	30	38	3	21	18	8	10	15	7	13	10	17	8	13	22	33	18	28	4	21	15	
3427_A/pigeon/Zhejiang/72 11	6	8	1	13	7	8	4	7	14	0	0	18	3	1	0	9	9	8	2	7	4	2	5	7	11	19	4	13	5	17	4	14	12	20	12	12	10	11	10	23	29	29	33	34	4	16	12	15	11	18	8	11	9	16	7	9	21	29	23	28	3	25	9	
3428_A/plateau_pika/Qingh 9	8	8	1	16	6	9	4	9	15	0	0	12	2	1	0	8	6	8	2	7	7	2	4	10	11	23	4	15	5	13	6	15	12	15	10	13	9	18	13	23	30	26	28	34	3	20	14	16	12	19	6	8	6	14	7	18	20	28	20	21	6	26	15	
3429_A/quail/Nanchang/663 10	7	6	2	14	7	10	3	9	15	0	0	12	2	1	0	9	9	9	1	6	8	1	6	12	10	22	7	14	2	15	2	15	16	22	8	14	10	11	13	21	24	22	26	33	6	20	19	12	10	19	8	11	4	15	7	16	25	29	18	22	5	23	15	
3430_A/Shandong/1/2009|EP 11	6	6	3	13	8	10	2	8	13	1	0	11	3	0	0	9	8	8	2	6	8	2	5	13	9	23	5	14	4	13	5	15	14	17	11	14	6	14	11	21	29	23	25	36	2	21	19	17	12	19	5	7	8	15	10	13	23	35	20	24	4	18	13	
3431_A/Sichuan/1/2006|EPI 11	7	7	2	13	6	9	3	8	16	0	0	14	1	1	0	7	7	9	2	8	8	1	5	9	10	23	3	17	4	13	6	14	14	16	11	17	10	15	11	20	25	28	28	32	6	16	17	13	12	16	7	9	5	17	9	16	24	24	22	23	4	29	10	
3432_A/Sichuan/2/2006|EPI 11	7	7	2	13	6	9	3	8	16	0	0	14	1	1	0	7	7	9	2	8	8	1	5	9	10	23	3	17	4	13	6	14	14	16	11	17	10	15	11	20	25	28	28	32	6	16	17	13	12	16	7	9	5	17	9	17	24	24	21	22	4	29	11	
3433_A/Spatula_querquedul 13	7	9	1	11	7	7	4	6	13	0	0	20	3	1	0	7	11	6	1	10	3	4	6	7	11	17	4	12	4	18	5	14	10	18	11	14	10	12	11	20	29	26	30	36	4	19	15	13	11	16	7	6	10	19	7	16	22	31	24	27	2	22	10	
3434_A/swine/Shandong/SD1 11	6	7	3	13	8	9	2	6	13	0	0	14	3	1	0	7	8	8	2	7	7	2	5	10	10	22	5	17	4	14	5	13	15	17	11	16	6	14	11	20	30	23	28	35	2	22	15	17	10	19	6	6	8	15	9	16	23	29	19	24	4	24	14	
3435_A/tiger/Yunnan/tig14 11	6	7	2	13	7	9	3	9	15	0	0	13	2	1	0	9	9	7	1	6	8	3	6	12	10	22	6	13	2	15	2	17	16	23	8	14	8	10	13	21	25	25	26	33	5	20	17	14	11	19	8	9	7	15	7	14	23	28	19	24	5	23	14	
3436_A/tiger/Yunnan/tig14 11	6	7	2	13	7	9	3	9	16	0	0	12	1	1	0	9	9	9	1	6	8	1	6	12	10	24	7	14	2	13	2	15	16	23	8	15	9	10	13	21	24	25	25	33	6	19	18	13	12	19	9	8	5	15	6	17	24	28	19	22	5	24	14	
3437_A/tiger/Yunnan/tig15 10	8	11	1	14	6	5	4	5	13	0	0	17	3	1	0	10	7	10	1	6	5	0	5	12	12	22	2	12	5	14	5	12	10	19	13	14	13	13	9	23	25	26	30	36	5	19	18	9	8	14	7	11	11	19	9	13	22	29	16	28	4	23	16	
3438_A/tundra_swan/Fujian 8	8	10	1	16	6	6	4	6	14	0	0	17	1	1	0	8	12	10	1	8	3	1	5	13	11	15	3	10	3	21	6	14	9	17	13	13	14	13	9	22	27	21	32	35	3	22	15	10	9	14	7	14	9	19	9	16	20	25	27	24	6	28	6	
3439_A/turtle_dove/Guangd 11	7	7	2	13	6	9	3	9	16	0	0	14	1	1	0	7	7	9	2	8	8	1	5	9	10	22	3	16	4	14	6	14	14	16	11	16	10	15	11	20	25	28	27	32	6	17	17	13	12	16	7	10	5	17	8	17	26	23	23	22	3	29	10	
3440_A/turtle_dove/Hunan/ 10	9	11	1	14	4	5	4	5	14	0	0	19	3	1	0	10	7	10	1	6	5	0	5	11	12	21	1	10	5	15	6	11	9	17	13	14	14	14	9	23	28	28	27	37	2	19	19	9	8	16	7	12	11	17	8	15	21	31	19	26	4	22	15	
3441_A/whooper_swan/Henan 13	7	9	1	11	7	7	4	8	13	0	0	17	3	1	0	7	11	6	1	10	3	4	6	6	11	18	4	13	4	18	4	14	10	18	11	13	9	13	11	20	32	26	33	36	2	18	13	12	11	16	7	9	10	18	7	15	21	31	25	28	3	22	9	
3442_A/whooper_swan/Henan 13	7	9	1	11	7	7	4	8	13	0	0	17	3	1	0	7	11	6	1	10	3	4	6	6	11	18	4	13	4	18	4	14	10	18	11	13	9	13	11	20	32	26	33	36	2	18	13	12	11	16	7	9	11	18	6	15	21	31	25	28	3	22	9	
3443_A/whooper_swan/Henan 13	7	9	1	11	7	7	4	8	13	0	0	17	3	1	0	7	11	6	1	10	3	4	6	6	11	18	4	13	4	18	4	14	10	18	11	13	9	13	11	20	32	26	33	36	2	18	13	12	11	16	7	9	10	18	7	15	21	31	25	28	3	22	9	
3444_A/whooper_swan/Henan 13	7	9	1	11	7	7	4	8	13	0	0	17	3	1	0	7	11	6	1	10	3	4	6	6	11	18	4	13	4	18	4	14	10	18	11	13	9	13	11	20	32	26	33	36	2	18	13	12	11	16	7	9	10	18	7	15	21	31	25	28	3	22	9	
3445_A/whooper_swan/Henan 13	7	9	1	11	7	7	4	8	13	0	0	17	3	1	0	7	11	6	1	10	3	4	6	6	11	18	4	13	4	18	4	14	10	18	11	13	9	13	11	20	32	26	33	36	2	18	13	12	11	16	7	9	10	18	7	15	21	31	25	28	3	22	9	
3446_A/whooper_swan/Henan 13	7	9	1	11	7	7	4	8	13	0	0	17	3	1	0	7	11	6	1	10	3	4	6	6	11	18	4	13	4	18	4	14	10	18	11	13	9	13	11	20	31	26	33	36	3	18	13	12	11	16	7	9	10	18	7	15	21	31	24	28	3	22	10	
3447_A/whooper_swan/Henan 9	8	10	0	15	5	5	5	5	14	0	0	20	3	1	0	10	9	10	1	7	5	1	5	12	10	22	1	9	5	14	5	15	11	17	12	11	13	14	10	21	25	25	30	35	4	20	18	8	9	15	8	13	10	18	7	13	22	31	20	29	4	22	14	
3448_A/whooper_swan/Henan 9	8	10	0	15	5	5	5	5	14	0	0	20	3	1	0	10	9	10	1	7	5	1	5	12	10	22	1	9	5	14	5	15	11	17	12	11	13	14	10	21	25	25	30	36	4	20	18	8	9	15	8	13	10	18	7	13	22	32	20	28	4	21	14	
3449_A/whooper_swan/Henan 9	8	10	0	15	5	5	5	5	14	0	0	20	3	1	0	10	9	10	1	7	5	1	5	12	10	22	1	9	5	14	5	15	11	18	12	11	13	13	10	20	25	25	30	37	4	20	18	8	9	15	8	13	10	18	7	13	22	31	21	28	4	22	13	
3450_A/whooper_swan/Henan 8	8	10	0	15	5	5	5	5	14	0	0	21	3	1	0	10	9	10	1	7	5	1	5	12	11	22	1	9	5	14	5	15	11	17	12	11	14	13	10	21	24	24	30	36	4	20	18	8	9	15	8	13	10	18	7	13	22	33	20	28	4	21	14	
3451_A/whooper_swan/Shanx 13	7	9	1	11	7	7	4	8	13	0	0	17	3	1	0	7	11	6	1	10	3	4	6	6	11	18	4	13	4	18	4	14	10	18	11	13	9	13	11	20	32	26	33	36	2	18	13	12	11	16	7	9	10	18	7	15	21	31	25	28	3	22	9	
3452_A/whooper_swan/Shanx 13	7	9	1	11	7	7	4	8	13	0	0	17	3	1	0	7	11	6	1	10	3	4	6	6	11	18	4	13	4	18	4	14	10	18	11	13	9	13	11	20	32	26	33	36	2	18	13	12	11	16	7	9	10	18	7	15	21	31	25	28	3	22	9	
3453_A/wild_duck/Fujian/1 11	6	7	2	14	7	9	3	8	14	0	0	13	2	1	0	9	9	9	1	5	8	1	6	12	11	21	6	14	2	16	3	16	15	23	6	13	10	10	15	21	26	23	25	32	5	20	20	13	12	19	7	11	4	15	8	15	24	28	19	23	4	24	14	
3454_A/wild_duck/Fujian/2 11	6	7	2	14	7	9	3	8	15	0	0	13	2	1	0	9	9	9	1	5	8	1	6	12	10	21	6	14	2	16	3	16	15	23	6	14	10	10	15	21	26	23	24	32	5	21	20	14	12	19	7	9	4	15	8	15	24	28	19	23	4	24	14	
3455_A/wild_duck/Hebei/SD 8	8	11	1	16	6	5	4	6	15	0	0	17	1	1	0	8	12	9	1	8	3	1	5	13	11	14	3	9	3	22	6	16	9	18	14	12	13	13	8	22	27	21	30	34	3	22	17	9	9	13	7	14	9	20	9	15	21	26	26	26	6	27	7	
3456_A/wild_duck/Jilin/HF 7	4	6	2	17	9	10	3	9	14	0	0	13	3	1	0	7	8	10	1	8	8	1	5	10	9	19	5	15	4	17	5	13	13	19	9	16	11	14	12	19	24	29	26	33	7	16	16	18	11	19	6	8	4	15	9	20	24	31	19	18	6	21	14	
3457_A/wild_duck/Jilin/ZF 7	6	7	2	17	7	9	3	10	12	0	0	12	5	1	0	7	8	9	1	8	8	1	5	10	9	20	5	15	4	16	4	17	13	21	8	14	11	11	14	20	25	26	28	34	5	18	17	15	11	19	7	9	4	15	8	20	24	29	18	18	5	23	15	
3458_A/wild_duck/Shandong 11	7	8	3	12	8	9	2	9	14	1	0	10	2	0	0	7	7	6	2	9	8	3	6	10	9	24	3	17	5	12	6	13	12	21	9	16	9	12	12	20	26	31	28	34	3	15	15	14	14	16	7	9	6	18	6	21	22	25	21	21	5	27	12	
3459_A/wild_duck/Shandong 8	6	7	2	16	7	8	4	8	14	0	0	13	3	1	0	7	8	9	1	8	8	1	5	11	9	20	7	15	4	17	3	15	15	20	10	13	13	13	12	20	23	26	29	33	7	18	14	17	9	17	8	8	4	16	7	19	25	29	19	19	5	23	14	
3460_A/wild_duck/Shandong 9	7	7	1	15	7	9	4	7	15	0	0	13	1	1	0	7	8	5	2	7	5	5	5	8	11	25	5	20	5	11	3	18	11	20	9	13	10	11	12	20	27	27	35	33	5	16	11	13	9	18	6	10	9	16	9	15	24	26	20	26	3	27	13	
3461_A/Xinjiang/1/2006|EP 10	7	6	2	14	6	10	3	9	16	0	0	13	1	1	0	8	7	9	1	8	8	1	6	9	10	22	4	14	4	15	4	14	15	19	9	15	9	13	13	21	26	27	29	34	5	18	15	16	12	16	6	8	6	17	9	18	24	25	22	20	3	27	11	
3462_A/Xinjiang/1/2009|EP 8	6	6	2	16	7	10	3	9	14	0	0	12	3	1	0	7	8	8	2	8	8	1	6	11	9	22	5	15	4	15	4	14	13	20	7	14	12	12	15	21	24	26	28	33	7	19	15	17	12	18	8	8	4	16	7	17	24	28	19	21	4	23	14	
3463_A/Zhejiang/1/2006|EP 11	7	7	2	13	6	9	3	7	16	0	0	15	1	1	0	7	7	9	2	8	8	1	5	9	10	23	4	17	4	13	5	14	14	16	11	16	10	15	11	19	26	27	28	32	6	17	17	13	12	16	7	10	5	17	9	17	25	24	20	22	3	29	12	
3464_A/Anas_platyrhynchos 13	7	9	1	11	7	7	4	6	13	0	0	20	3	1	0	7	11	6	1	10	3	4	6	7	11	17	4	12	4	18	5	14	10	18	11	14	10	12	11	20	29	26	30	36	4	19	15	13	11	16	7	6	10	19	7	16	22	31	24	27	2	22	10	
3465_A/Anhui/1/2006_H5N1| 11	6	6	3	13	8	10	2	8	13	0	0	11	3	1	0	8	8	8	2	7	8	2	5	13	9	22	5	14	4	14	5	13	14	17	11	16	7	14	11	21	26	24	25	36	3	21	18	17	11	18	5	6	8	16	10	14	24	31	19	25	4	22	14	
3466_A/Anhui/1/2007_H5N1| 10	6	5	2	14	6	11	4	8	15	0	0	13	3	1	0	7	7	9	2	8	8	1	5	8	10	23	4	17	4	13	5	14	13	19	9	14	10	11	13	20	23	27	27	35	7	17	17	16	12	19	4	9	7	15	11	19	24	28	20	20	3	25	13	
3467_A/Anhui/2/2005_H5N1| 10	7	7	2	15	6	9	3	8	16	0	0	14	1	1	0	7	7	9	2	8	8	1	5	9	11	23	3	17	3	13	6	14	14	16	11	16	10	15	11	20	25	27	28	32	6	17	17	13	11	16	7	9	6	17	9	18	24	25	22	21	4	28	10	
3468_A/Anser_cygnoides/Ch 11	6	7	2	13	7	9	3	9	15	0	0	13	2	1	0	9	9	7	1	6	8	3	6	13	10	22	7	12	2	15	2	16	16	24	8	14	8	8	13	22	25	24	25	33	5	21	17	14	11	19	8	8	7	16	7	16	23	28	19	22	5	24	14	
3469_A/Anser_fabalis/jiuj 13	7	9	1	11	7	7	4	6	13	0	0	20	3	1	0	7	11	6	1	10	3	4	6	7	11	17	4	12	4	18	5	14	10	18	11	14	10	12	11	20	29	26	30	36	4	19	15	13	11	16	7	6	10	19	7	16	22	31	24	27	2	22	10	
3470_A/Anser_fabalis/jiuj 13	7	9	1	11	7	7	4	6	13	0	0	20	3	1	0	7	11	6	1	10	3	4	6	7	11	17	4	12	4	18	5	14	10	18	11	14	10	12	11	20	29	26	30	36	4	19	15	13	11	16	7	6	10	19	7	16	22	31	24	27	2	22	10	
3471_A/Anser_fabalis/jiuj 13	7	9	1	11	7	7	4	6	13	0	0	20	3	1	0	7	11	6	1	10	3	4	6	7	11	17	4	12	4	18	5	14	10	18	11	14	10	12	11	20	29	26	30	36	4	19	15	13	11	16	7	6	10	19	7	16	22	31	24	27	2	22	10	
3472_A/Duck/Jiangxi/631/2 12	7	10	2	12	5	6	3	8	16	0	0	17	2	1	0	9	9	8	2	7	4	2	5	6	15	24	6	14	1	12	3	12	9	21	11	13	10	11	11	24	29	29	27	36	5	16	17	13	13	17	7	12	7	17	7	12	20	25	24	25	5	27	10	
3473_A/Guangdong/1/2008_H 11	7	6	3	13	8	11	2	9	14	0	0	10	1	1	0	9	8	8	2	6	8	2	5	13	9	23	6	14	4	13	4	12	14	17	11	17	6	14	11	20	28	23	25	36	3	22	18	17	11	19	5	7	8	14	10	13	25	35	20	24	4	18	13	
3474_A/Guangdong/2/2006_H 9	7	6	2	15	6	10	4	9	14	0	0	11	3	1	0	7	8	9	1	8	8	1	5	10	9	22	4	16	4	15	4	14	14	20	8	15	12	12	14	19	23	27	28	34	7	18	16	14	12	16	7	10	4	17	7	19	24	25	23	21	4	27	11	
3475_A/Guangxi/1/2005_H5N 9	7	6	2	15	6	10	3	9	15	0	0	11	3	1	0	7	7	9	1	8	8	1	6	10	8	22	4	16	5	16	3	14	14	20	8	15	10	12	15	18	24	26	30	35	7	18	16	15	12	16	7	9	5	17	7	18	25	24	22	21	3	28	11	
3476_A/Guangxi/1/2008_H5N 9	8	6	3	15	5	10	2	7	14	0	0	14	3	1	0	7	7	9	1	8	8	1	6	10	8	22	4	14	6	15	4	15	13	21	9	14	10	11	13	21	24	27	27	34	7	18	17	15	12	16	6	9	5	17	8	17	26	25	22	22	3	27	12	
3477_A/Guizhou/1/2009_H5N 9	7	6	2	15	6	9	3	9	14	0	0	11	3	1	0	7	8	10	1	8	8	1	6	10	9	21	4	16	4	16	5	13	15	21	8	14	10	11	14	22	26	27	27	36	3	17	17	16	13	16	5	9	4	17	10	17	26	27	23	20	2	25	10	
3478_A/Hunan/1/2008_H5N1| 13	6	7	3	12	7	9	2	8	16	0	0	12	2	1	0	8	8	8	2	8	7	2	5	11	9	22	5	13	5	14	5	14	14	17	12	15	6	14	11	20	28	25	27	36	3	20	16	16	11	19	5	6	8	14	10	14	23	31	21	26	4	22	12	
3479_A/Hunan/2/2009_H5N1| 9	7	6	2	15	6	9	3	9	14	0	0	11	3	1	0	7	8	10	1	8	8	1	6	10	9	22	4	17	4	15	5	15	15	21	8	13	10	11	14	22	26	28	27	36	3	17	16	15	13	16	5	9	5	17	10	16	25	27	22	20	2	25	11	
3480_A/Japanese_white-eye 11	6	6	3	13	7	10	2	8	13	0	0	12	4	1	0	7	7	9	1	7	9	1	6	12	10	21	5	15	4	16	4	15	14	24	8	14	10	10	12	20	27	24	26	33	5	19	18	14	10	19	6	9	6	15	10	18	24	28	17	22	4	24	15	
3481_A/Nanjing/1/2015_H5N 11	8	11	1	13	5	5	4	5	14	0	0	19	3	1	0	9	7	10	1	7	5	0	5	11	12	21	2	10	5	15	5	12	10	17	13	13	13	14	9	23	25	26	28	37	5	20	19	9	8	14	7	12	11	20	8	13	22	30	18	28	4	22	15	
3482_A/Shandong/1/2009_H5 11	6	6	3	13	8	10	2	8	13	1	0	11	3	0	0	9	8	8	2	6	8	2	5	13	9	23	5	14	4	13	5	15	14	17	11	14	6	14	11	21	29	23	25	36	2	21	19	17	12	19	5	7	8	15	10	13	23	35	20	24	4	18	13	
3483_A/Spatula_querquedul 13	7	9	1	11	7	7	4	6	13	0	0	20	3	1	0	7	11	6	1	10	3	4	6	7	11	17	4	12	4	18	5	14	10	18	11	14	10	12	11	20	29	26	30	36	4	19	15	13	11	16	7	6	10	19	7	16	22	31	24	27	2	22	10	
3484_A/Wild_bird/Huadong/ 10	8	11	1	14	5	5	4	5	14	0	0	19	3	1	0	10	7	10	2	6	5	0	4	11	12	21	2	10	5	15	5	13	10	17	13	12	13	14	9	23	26	26	29	37	4	20	18	10	8	15	7	12	11	19	8	13	21	30	18	27	5	22	15	
3485_A/Wild_bird/Huadong/ 11	7	10	2	13	6	6	3	7	16	1	0	15	1	0	0	10	8	9	2	4	5	1	4	11	12	22	2	14	4	13	5	15	9	16	12	13	10	15	10	21	29	21	24	35	3	25	22	14	10	16	6	13	9	18	8	11	22	31	20	29	3	22	14	
3486_A/Wild_bird/Huadong/ 10	6	7	3	14	7	9	2	7	13	0	0	12	4	1	0	7	7	9	1	7	9	1	6	13	10	21	5	15	4	16	4	15	16	23	7	15	7	11	13	20	28	25	25	33	5	18	19	16	11	19	6	7	6	15	10	17	23	29	17	22	4	23	15	
3487_A/Xinjiang/1/2009_H5 8	6	6	2	16	7	10	3	9	14	0	0	12	3	1	0	7	8	8	2	8	8	1	6	11	9	22	5	15	4	15	4	14	13	20	7	14	12	12	15	21	24	26	28	33	7	19	15	17	12	18	8	8	4	16	7	17	24	28	19	21	4	23	14	
3488_A/avian/Hong_Kong/07 9	8	6	3	15	5	10	2	9	14	0	0	12	3	1	0	7	7	9	1	8	9	1	6	10	9	22	4	15	5	15	4	14	14	21	8	15	9	11	14	20	24	26	27	34	7	18	17	15	12	16	6	9	5	17	7	18	25	25	24	21	3	28	11	
3489_A/avian/Hong_Kong/19 9	8	6	3	15	5	10	2	9	14	0	0	12	3	1	0	7	7	9	1	8	8	1	6	10	9	22	4	15	5	15	4	14	14	21	8	15	10	11	14	20	24	27	26	34	7	18	17	15	12	16	6	9	5	17	7	18	25	25	25	21	3	28	10	
3490_A/avian/Hong_Kong/23 9	8	6	3	15	5	10	2	9	15	0	0	12	2	1	0	7	7	9	1	8	8	1	6	10	9	22	4	15	5	15	4	14	14	21	8	15	10	11	14	20	24	27	26	34	7	18	17	15	12	16	6	9	5	17	7	18	25	25	25	21	3	28	10	
3491_A/bar-headed_goose/Q 10	7	7	2	14	6	9	3	9	15	0	0	13	2	1	0	7	6	9	1	8	9	1	6	10	11	21	4	13	4	16	5	13	15	20	10	15	11	12	12	18	25	28	28	34	3	17	17	17	12	18	4	8	6	16	10	17	25	27	22	24	3	24	10	
3492_A/bar-headed_goose/T 10	7	6	2	14	6	10	3	9	16	0	0	13	1	1	0	7	7	9	1	8	8	1	6	10	10	22	4	13	4	15	4	13	15	19	10	15	11	13	12	21	26	31	25	33	4	17	16	14	12	15	5	9	6	18	10	18	25	26	20	22	2	26	13	
3493_A/brown-headed_gull/ 9	6	6	3	15	7	10	2	9	14	0	0	12	3	1	0	7	8	9	1	8	8	1	5	10	10	19	5	15	3	18	5	13	15	20	9	14	10	12	13	21	25	27	28	33	6	17	15	18	11	20	7	8	4	14	8	20	24	28	21	19	5	23	12	
3494_A/brown-headed_gull/ 8	6	6	3	15	8	10	3	9	13	0	0	12	3	1	0	7	8	10	1	9	8	1	6	10	11	18	4	16	3	18	4	13	14	20	8	14	11	12	14	22	25	26	28	33	6	17	15	17	11	20	7	8	4	15	7	18	24	29	21	20	5	22	13	
3495_A/chicken/China/Cang 13	7	9	1	11	7	7	4	6	13	0	0	19	3	1	0	7	11	6	1	10	3	4	6	6	11	19	4	13	4	17	4	14	10	18	12	14	9	13	10	21	30	25	32	36	4	18	15	13	11	16	7	7	10	18	8	13	22	31	24	28	2	22	10	
3496_A/chicken/China/E93/ 10	8	7	3	13	7	10	2	8	14	0	0	12	2	1	0	7	7	7	2	9	8	3	6	10	8	23	3	16	6	12	6	13	12	21	8	16	9	13	12	21	26	31	28	34	4	16	14	14	16	16	7	9	5	17	6	21	21	26	23	21	4	26	10	
3497_A/chicken/China/E96/ 10	7	7	3	13	8	10	2	8	14	0	0	12	2	1	0	7	8	6	2	9	7	3	6	10	9	23	3	16	5	13	6	14	12	21	8	15	9	12	12	22	26	31	28	34	4	16	14	14	16	16	7	9	5	18	6	20	21	25	23	21	4	27	10	
3498_A/chicken/Eastern_Ch 7	7	7	2	17	6	9	3	7	15	0	0	11	3	1	0	7	8	9	2	8	7	2	5	13	10	20	4	15	4	16	5	15	16	20	8	13	10	12	14	18	21	30	28	35	8	15	14	15	12	17	7	10	5	17	8	17	25	25	20	22	3	26	14	
3499_A/chicken/Eastern_Ch 7	7	7	2	17	6	9	3	9	15	0	0	11	3	1	0	7	8	9	2	8	8	1	5	13	10	21	4	13	4	16	5	16	16	19	8	13	9	12	14	18	21	32	28	35	8	14	14	15	12	17	7	10	4	17	8	17	25	26	19	22	3	26	14	
3500_A/chicken/Fujian/1/2 9	6	6	2	15	7	10	3	9	15	0	0	11	3	1	0	7	8	8	1	8	7	1	6	10	9	22	4	15	5	15	5	14	14	19	8	15	11	14	14	20	23	27	29	36	6	17	14	15	12	16	7	8	6	18	8	20	23	25	22	20	3	27	11	
3501_A/chicken/Gansu/5/20 11	7	8	3	12	8	9	2	9	14	1	0	11	2	0	0	7	8	6	2	9	8	3	6	9	9	23	4	16	4	13	5	13	12	21	9	17	8	12	12	19	26	32	29	35	3	13	15	15	13	16	7	9	6	18	6	21	22	25	20	22	5	27	13	
3502_A/chicken/Gansu/6/20 10	7	7	3	13	8	10	2	9	14	1	0	11	2	0	0	7	7	6	2	9	8	3	6	10	8	23	3	16	6	13	6	12	12	21	9	16	9	12	12	21	26	31	27	34	4	16	15	14	16	16	7	9	5	18	6	21	21	26	22	21	4	26	11	
3503_A/chicken/Guangdong/ 10	7	6	2	14	6	10	3	10	15	0	0	13	2	1	0	7	7	9	1	7	8	1	6	9	10	24	4	15	4	13	4	14	15	19	10	14	10	13	12	21	25	26	29	35	6	18	14	15	12	16	6	8	6	17	9	17	24	26	23	22	3	27	10	
3504_A/chicken/Guangxi/S2 10	6	6	2	14	7	10	3	8	13	0	0	12	4	1	0	7	7	9	2	8	9	1	5	12	9	22	5	15	4	15	4	15	15	23	7	14	9	10	14	20	26	24	26	33	6	19	18	15	11	19	6	9	5	15	10	17	24	28	17	22	4	24	15	
3505_A/chicken/Guizhou/7/ 10	8	6	2	14	5	10	3	9	16	0	0	14	1	1	0	8	7	9	1	8	8	1	6	8	10	22	4	15	4	14	5	11	16	18	9	16	8	12	14	21	23	27	28	34	6	18	16	16	11	16	6	9	8	17	10	16	24	24	21	21	5	28	12	
3506_A/chicken/Hebei/A-8/ 11	7	8	3	12	8	9	2	9	14	0	0	12	2	1	0	7	6	7	2	9	9	2	6	9	8	22	3	16	6	15	5	13	13	18	9	15	10	13	14	23	24	31	25	34	5	17	16	16	14	16	4	8	6	18	8	17	22	22	21	21	5	30	12	
3507_A/chicken/Henan/A-7/ 10	7	7	2	13	7	9	3	9	15	0	0	12	2	1	0	6	7	9	2	9	8	1	5	9	10	24	3	17	5	11	6	12	14	19	10	17	9	12	14	21	26	33	26	34	4	16	15	16	11	16	5	8	7	18	8	18	25	23	19	21	2	28	14	
3508_A/chicken/Huadong/4/ 11	7	8	3	12	7	9	2	9	15	0	0	12	2	1	0	7	7	7	2	9	8	2	6	8	9	22	3	17	5	13	6	12	14	18	10	16	9	13	13	20	24	31	25	34	4	17	17	15	12	16	6	9	6	19	8	19	24	21	17	22	4	31	15	
3509_A/chicken/Hubei/2856 11	6	9	1	13	7	7	4	8	13	0	0	17	4	1	0	9	11	8	1	6	3	2	6	12	10	14	5	9	5	22	4	15	8	18	12	13	10	13	10	21	25	25	29	35	9	19	16	11	13	15	8	14	8	19	7	7	20	30	19	30	6	23	14	
3510_A/chicken/Hunan/1793 13	6	7	3	13	8	9	2	8	13	0	0	13	3	1	0	8	8	8	2	8	7	2	5	11	9	22	5	13	5	14	5	14	14	17	11	16	7	14	11	20	28	25	26	37	3	21	16	16	11	19	5	6	8	15	10	13	24	31	21	27	6	22	13	
3511_A/chicken/Hunan/21/2 10	7	7	2	14	6	9	3	8	16	0	0	14	1	1	0	8	7	9	2	7	8	1	5	9	10	23	3	16	4	13	6	14	14	16	11	16	8	15	11	20	27	28	29	33	5	16	17	13	12	16	7	10	6	17	9	17	24	24	21	22	4	29	10	
3512_A/chicken/Hunan/3/20 9	7	7	2	15	6	9	3	11	14	0	0	11	3	1	0	6	8	9	1	9	8	1	6	10	8	22	4	16	5	15	4	15	13	19	9	14	12	13	13	19	24	28	27	32	8	15	18	15	13	14	7	8	4	19	9	20	23	29	20	19	4	24	13	
3513_A/chicken/Hunan/3157 11	6	9	1	13	7	7	4	9	13	0	0	16	4	1	0	9	11	8	1	6	3	2	6	12	10	15	5	8	6	21	4	14	8	18	12	13	11	13	10	22	25	24	29	35	9	19	17	10	13	15	8	15	6	19	7	6	20	30	19	32	6	23	14	
3514_A/chicken/Hunan/8/20 9	7	7	2	15	6	9	3	10	14	0	0	12	3	1	0	7	8	9	1	8	8	1	6	10	8	22	4	15	5	16	4	15	13	21	9	15	12	11	13	19	24	27	28	33	7	18	15	16	12	14	7	8	4	19	7	21	24	28	21	17	4	25	13	
3515_A/chicken/Jiangsu/18 11	7	8	3	12	7	9	2	9	15	0	0	12	2	1	0	7	7	7	2	9	8	2	6	8	8	23	4	17	6	13	6	12	13	18	10	16	10	13	14	20	24	32	23	34	4	15	18	15	12	16	5	9	6	18	8	20	24	22	19	21	4	30	14	
3516_A/chicken/Jiangsu/24 10	8	11	0	14	5	5	5	6	13	0	0	19	4	1	0	10	8	9	1	7	5	1	5	11	11	21	1	9	5	15	5	14	10	16	13	12	13	15	9	21	26	24	30	38	3	21	18	8	10	15	7	13	9	18	8	13	22	33	17	28	4	21	16	
3517_A/chicken/Jiangsu/92 11	6	9	1	13	7	7	4	7	14	0	0	18	3	1	0	9	9	8	2	7	4	2	5	7	12	18	4	13	4	18	4	14	11	20	12	12	10	11	10	22	29	29	33	35	5	16	12	15	11	18	8	11	9	16	7	9	21	28	24	28	3	25	9	
3518_A/chicken/Jiangsu/YB 10	8	11	1	14	5	5	4	5	14	0	0	19	3	1	0	10	7	10	1	6	6	0	5	11	12	21	2	10	5	15	5	13	10	17	13	12	12	14	9	23	27	26	28	37	4	20	19	9	8	14	6	12	11	20	9	13	21	29	18	28	4	23	15	
3519_A/chicken/Jiangsu/k0 8	6	8	2	16	7	8	3	8	14	0	0	13	3	1	0	7	8	9	1	8	8	1	5	11	9	19	5	15	4	18	5	16	15	21	9	14	12	12	13	19	23	27	29	33	7	17	14	16	9	17	7	8	4	16	8	20	25	28	19	19	5	24	14	
3520_A/chicken/Jiangxi/25 10	6	7	2	14	7	9	3	8	15	0	0	13	2	1	0	9	9	9	1	6	9	1	6	12	10	22	5	14	1	15	3	16	16	23	7	14	10	10	14	22	24	26	26	33	6	17	19	15	12	19	7	8	3	15	8	15	24	28	18	22	5	24	15	
3521_A/chicken/Liaoning/2 10	7	6	2	14	6	10	3	9	16	0	0	13	1	1	0	8	7	9	1	8	8	1	6	9	10	22	4	14	4	15	4	14	15	19	9	15	9	13	13	21	26	27	29	34	5	18	16	16	12	16	6	8	6	17	9	18	24	27	22	20	3	25	11	
3522_A/chicken/Liaoning/A 10	7	7	3	12	7	9	3	10	15	0	0	13	2	1	0	7	7	9	2	9	8	1	5	9	9	23	3	15	5	13	7	12	12	19	9	17	9	12	14	22	25	28	27	34	5	18	16	13	12	15	5	11	7	19	8	17	24	23	20	21	4	29	12	
3523_A/chicken/Liaoning/S 11	6	8	3	12	9	9	2	9	14	1	0	10	2	0	0	7	7	6	2	9	8	3	6	10	9	23	3	17	5	13	5	12	12	22	9	16	9	12	12	19	26	32	28	35	3	14	16	14	14	15	7	9	6	18	6	21	22	24	19	22	5	28	14	
3524_A/chicken/Ningxia/2/ 11	7	8	3	12	8	9	2	9	14	1	0	11	2	0	0	7	8	6	2	9	8	3	6	9	9	23	4	16	4	13	5	13	12	21	9	16	9	12	12	19	26	33	28	35	3	13	15	14	14	16	7	9	6	18	6	21	22	25	20	22	5	27	13	
3525_A/chicken/Ningxia/22 11	7	8	3	12	8	9	2	9	14	0	0	11	2	1	0	7	8	6	2	9	8	3	6	9	9	23	4	16	4	13	5	13	12	20	9	16	9	12	12	19	26	34	28	35	3	13	15	14	14	16	7	9	6	18	6	21	22	25	20	22	5	27	13	
3526_A/chicken/Ningxia/24 10	7	7	3	13	6	9	3	9	15	0	0	12	2	1	0	7	7	8	2	9	9	2	5	9	9	23	3	16	5	13	6	12	12	20	9	16	10	11	14	21	24	29	28	34	5	16	16	16	12	16	5	9	7	18	8	18	26	24	19	21	2	28	14	
3527_A/chicken/North_Chin 8	7	7	2	16	6	9	3	8	15	0	0	11	3	1	0	7	8	9	2	7	7	1	5	13	10	22	4	15	4	15	5	16	16	21	7	14	9	12	14	18	21	31	28	35	8	14	14	15	12	17	7	10	4	17	7	18	24	27	19	22	3	25	15	
3528_A/chicken/Shandong/A 10	7	7	3	13	6	9	3	8	15	0	0	13	2	1	0	6	6	9	1	10	10	1	6	10	9	21	3	15	5	15	6	12	13	17	9	18	10	13	14	19	26	28	27	34	5	17	17	15	12	17	6	9	6	17	7	19	22	23	19	22	4	29	14	
3529_A/chicken/Shantou/37 10	7	7	2	14	6	9	3	9	15	0	0	12	2	1	0	7	7	9	2	8	8	1	5	8	10	23	4	17	4	13	5	13	12	21	11	16	10	12	12	21	24	26	28	34	6	18	16	15	12	14	6	9	6	18	9	17	25	23	18	22	3	30	15	
3530_A/chicken/Shanxi/10/ 10	8	6	3	13	7	11	3	10	13	0	0	13	2	1	0	6	8	9	2	9	8	2	5	9	9	23	3	15	5	13	6	14	13	18	9	16	12	12	13	21	24	31	26	34	3	17	16	15	12	16	4	9	7	18	9	16	24	24	19	21	4	28	13	
3531_A/chicken/Sheny/0606 11	7	6	3	12	7	10	3	8	14	0	0	14	3	1	0	7	7	9	2	9	8	1	5	9	9	25	3	15	5	11	6	15	14	20	10	16	9	12	13	19	24	30	25	35	5	17	17	14	12	14	5	9	6	19	8	19	24	24	19	20	5	27	14	
3532_A/chicken/Sichuan/81 11	7	7	2	13	6	9	3	8	16	0	0	14	1	1	0	7	7	9	2	8	8	1	5	9	10	23	3	17	4	13	6	14	14	17	11	16	10	15	11	20	25	28	28	32	6	16	17	13	12	15	7	9	6	17	9	17	24	23	23	22	4	30	9	
3533_A/chicken/Wuhan/HAQL 10	8	11	1	14	5	5	4	5	14	0	0	19	3	1	0	9	8	10	1	7	4	0	5	11	12	21	2	10	5	15	5	11	11	17	13	13	13	14	9	24	25	26	28	37	4	20	19	9	8	14	6	12	10	20	9	12	23	30	18	29	4	22	15	
3534_A/chicken/Wuhan/HAQL 10	8	11	1	14	5	5	4	5	14	0	0	19	3	1	0	10	8	10	1	6	4	0	5	11	12	21	2	10	5	15	5	11	11	17	13	13	13	14	9	24	25	26	28	37	4	20	19	9	8	14	6	12	11	20	9	12	22	30	18	29	4	22	15	
3535_A/chicken/Wuxi/WX-32 11	6	9	1	13	7	7	4	7	14	0	0	18	3	1	0	9	10	8	2	7	3	2	5	7	12	19	4	13	4	17	4	14	10	19	12	12	10	12	10	22	30	30	33	35	4	15	12	15	13	19	8	11	8	16	7	8	21	27	24	29	3	25	9	
3536_A/chicken/Wuxi/WX-33 11	6	9	1	14	7	7	4	7	14	0	0	18	3	1	0	9	8	8	2	6	5	2	5	7	13	19	4	13	4	17	4	15	9	20	12	11	11	11	10	22	28	28	33	35	5	16	13	15	13	19	8	10	8	15	7	9	21	28	24	29	3	25	9	
3537_A/chicken/Xinjiang/1 10	7	7	2	14	6	9	4	8	15	0	0	12	2	1	0	8	8	9	2	7	8	1	5	10	9	24	4	16	4	13	4	11	13	19	10	17	10	12	12	21	23	28	27	34	6	17	17	13	12	19	5	10	6	15	9	18	25	26	22	23	4	27	10	
3538_A/chicken/Xinjiang/2 11	7	7	3	13	6	9	3	10	15	0	0	12	2	1	0	7	7	9	2	9	8	1	5	8	10	23	5	15	4	13	4	11	13	19	10	17	10	13	12	22	24	27	28	33	4	18	16	17	13	16	5	8	6	17	9	17	25	25	20	22	4	28	12	
3539_A/chicken/Xinjiang/5 11	7	7	3	13	6	9	3	10	15	0	0	11	2	1	0	8	7	9	2	8	8	1	5	9	10	23	5	15	4	13	4	11	12	19	10	17	10	12	14	22	24	27	27	33	5	19	15	17	13	16	5	8	7	18	7	17	24	24	21	22	4	29	12	
3540_A/chicken/Xinjiang/5 10	7	7	2	14	6	9	4	9	15	0	0	12	2	1	0	8	7	9	2	7	8	1	5	9	10	25	4	16	6	11	3	11	14	19	10	17	9	12	13	21	22	28	28	34	7	16	18	16	12	18	5	9	6	16	8	19	25	25	20	20	4	28	11	
3541_A/chicken/Xinjiang/6 11	7	8	3	13	6	9	3	10	15	0	0	11	2	1	0	8	8	8	2	8	8	1	5	8	11	23	5	15	4	14	3	10	12	19	10	17	10	12	13	22	24	27	27	33	5	18	17	17	13	16	5	8	9	18	8	17	21	25	21	22	5	28	11	
3542_A/chicken/Xinjiang/6 10	7	7	2	14	6	9	4	9	15	0	0	11	2	1	0	7	7	9	2	8	8	1	5	9	10	24	4	17	4	12	5	11	13	19	10	17	10	12	12	21	23	27	28	34	6	18	17	16	12	18	4	9	6	16	9	19	24	24	20	20	5	29	12	
3543_A/chicken/Yunnan/1/2 13	5	7	2	13	7	9	3	10	15	0	0	13	2	1	0	9	9	7	1	6	8	3	6	12	10	22	8	12	2	15	2	16	17	25	8	14	7	9	12	22	24	23	24	33	5	21	17	14	11	19	8	8	7	16	7	17	23	27	19	22	5	24	14	
3544_A/chicken/Yunnan/207 10	6	7	2	14	6	9	3	9	15	0	0	12	2	1	0	7	7	9	1	8	8	1	6	9	10	23	4	16	4	13	5	14	14	19	10	15	11	12	12	22	22	28	28	34	6	15	17	15	12	17	7	9	6	17	8	17	25	25	20	21	4	28	13	
3545_A/chicken/Yunnan/568 10	6	7	2	14	6	9	3	9	15	0	0	12	2	1	0	7	7	9	1	8	8	1	6	9	10	23	4	16	4	13	5	14	14	19	10	15	11	12	12	21	23	28	28	35	6	15	17	15	12	17	7	9	6	17	8	17	24	25	20	21	4	28	13	
3546_A/chicken/Yunnan/679 10	6	7	2	14	6	9	3	9	15	0	0	12	2	1	0	7	7	9	1	8	8	1	6	9	10	23	4	16	4	13	5	14	14	18	10	15	11	13	12	22	23	28	28	34	6	15	17	15	12	17	7	9	6	17	8	17	24	25	20	21	4	28	13	
3547_A/chicken/Yunnan/688 10	6	7	2	14	6	9	3	9	15	0	0	12	2	1	0	7	7	9	1	8	8	1	6	10	10	23	4	15	4	13	5	14	14	19	10	15	11	12	12	23	23	28	27	33	6	15	18	15	12	17	7	9	6	17	8	17	24	26	20	21	4	27	13	
3548_A/condor/Guangdong/1 9	9	9	0	15	3	7	5	9	15	0	0	12	3	1	0	8	6	3	2	10	9	7	3	11	12	20	3	11	2	16	7	18	11	18	9	10	10	13	13	22	26	27	31	34	5	17	15	15	9	14	7	8	11	20	8	20	23	27	19	20	3	26	14	
3549_A/domestic_green-win 10	7	8	1	14	6	8	4	8	15	0	0	15	2	1	0	9	8	8	2	6	5	2	4	6	12	22	4	17	4	14	6	12	14	18	10	17	8	13	12	21	26	28	29	35	4	17	15	13	10	16	5	10	7	18	8	16	24	27	23	23	5	26	12	
3550_A/duck/Anhui/56/2005 11	6	7	3	13	7	9	2	7	14	0	0	11	3	1	0	7	8	8	2	7	7	2	5	13	10	22	5	16	4	14	5	13	14	17	11	16	6	14	11	20	28	25	25	36	3	21	18	17	11	19	5	6	8	15	10	15	24	31	20	24	4	22	12	
3551_A/duck/China/0935/20 10	8	11	0	14	5	5	5	6	13	0	0	20	4	1	0	10	8	9	1	7	5	1	5	11	13	21	1	8	3	15	5	14	11	15	12	13	12	16	10	22	26	24	32	37	3	21	16	8	9	16	7	12	10	17	8	12	22	32	16	29	4	22	17	
3552_A/duck/China/1033/20 10	8	11	0	14	5	5	5	6	13	0	0	20	4	1	0	9	7	9	1	8	6	1	5	11	13	21	1	8	3	15	5	13	11	15	12	14	12	16	10	22	26	24	32	37	3	21	16	8	9	16	7	12	10	17	8	12	22	32	17	29	4	22	16	
3553_A/duck/China/E26/201 11	6	5	2	13	7	11	3	11	14	0	0	15	4	1	0	9	9	9	0	8	4	2	5	8	13	20	6	8	2	17	3	19	18	20	11	13	9	12	13	18	24	29	33	37	4	14	15	16	11	18	7	11	6	15	8	17	19	29	20	18	6	22	12	
3554_A/duck/China/E53/201 10	6	6	2	14	7	10	3	7	13	0	0	13	4	1	0	7	7	9	1	8	9	1	6	12	8	22	4	15	5	15	4	15	15	23	7	15	9	10	14	20	26	24	26	33	6	19	19	15	11	18	6	8	5	16	10	17	24	26	18	22	4	26	14	
3555_A/duck/Eastern_China 10	7	7	2	14	6	9	3	9	14	0	0	12	3	1	0	6	7	9	1	9	9	1	6	11	8	22	4	16	5	15	4	15	14	20	9	15	12	12	13	19	23	28	28	33	7	16	16	15	12	14	7	7	4	19	8	21	24	29	21	19	4	24	12	
3556_A/duck/Eastern_China 9	7	7	1	15	6	9	4	8	15	0	0	17	2	1	0	8	8	7	2	7	5	3	5	7	11	24	5	15	5	11	4	17	11	18	9	14	9	14	12	20	25	27	32	35	5	18	12	12	12	18	5	10	7	16	9	15	24	28	22	25	4	25	12	
3557_A/duck/Eastern_China 9	7	7	1	15	6	9	4	8	15	0	0	17	2	1	0	8	7	7	2	7	6	3	5	7	11	24	5	15	5	11	4	17	11	18	9	14	9	14	12	20	25	27	32	35	5	18	12	13	12	18	5	9	7	16	9	14	24	26	22	26	4	27	12	
3558_A/duck/Guangdong/23/ 10	8	7	2	13	6	9	3	10	14	0	0	11	2	1	0	7	6	9	2	8	8	1	5	9	11	22	5	16	4	13	5	12	15	17	10	16	9	14	12	24	24	27	27	34	6	19	15	15	10	17	6	10	7	17	9	19	25	25	21	18	3	28	12	
3559_A/duck/Hubei/2911/20 11	6	9	1	13	7	7	4	8	13	0	0	17	4	1	0	9	11	8	1	6	3	2	6	12	10	13	5	9	5	23	4	14	8	17	13	13	11	13	10	22	25	24	30	35	9	20	14	11	12	15	8	15	6	19	7	6	21	29	20	32	6	23	14	
3560_A/duck/Hubei/49/2005 11	7	7	2	13	6	9	3	9	16	0	0	13	1	1	0	7	7	9	2	8	8	1	5	10	11	23	3	16	3	13	5	14	14	16	11	16	10	15	11	19	25	26	28	32	6	18	18	13	11	15	7	10	6	18	9	18	24	25	22	22	4	28	10	
3561_A/duck/Hubei/xn/2007 11	7	7	2	13	6	9	3	8	16	0	0	14	1	1	0	7	7	9	2	8	8	1	5	9	10	23	3	16	4	13	6	14	14	16	11	16	8	15	11	20	26	28	28	32	6	16	17	13	12	16	7	10	7	17	9	17	23	24	22	23	4	29	10	
3562_A/duck/Hunan/3/2007_ 9	7	7	2	15	6	9	3	11	14	0	0	11	3	1	0	6	8	9	1	9	8	1	6	10	8	22	4	16	5	15	4	15	13	20	9	15	12	12	13	19	24	28	28	33	7	16	16	15	12	14	8	8	4	19	7	20	24	29	20	19	4	24	13	
3563_A/duck/Hunan/316/200 9	7	6	1	15	5	10	4	7	15	0	0	14	3	1	0	6	8	8	2	9	5	2	5	10	12	24	5	15	4	12	4	15	12	18	11	15	10	12	12	21	26	29	29	34	4	18	15	14	13	22	7	8	6	12	8	17	22	27	21	23	4	25	12	
3564_A/duck/Hunan/3315/20 11	6	7	3	13	7	9	2	8	14	0	0	13	3	1	0	8	8	8	2	8	7	2	5	11	9	22	5	13	5	13	6	13	14	16	12	16	6	14	11	20	28	25	25	36	3	21	17	16	11	20	5	6	8	14	10	14	23	31	20	26	5	22	13	
3565_A/duck/Hunan/689/200 11	6	9	1	13	7	7	4	8	13	0	0	17	4	1	0	9	10	8	1	6	5	2	6	12	10	13	5	9	5	23	4	14	8	18	12	13	10	13	10	22	25	25	30	35	9	19	16	10	13	16	8	15	6	18	7	6	20	30	20	32	6	23	12	
3566_A/duck/Hunan/733/200 11	7	7	2	13	6	9	3	7	16	0	0	13	1	1	0	7	7	9	2	8	8	1	5	11	10	23	3	16	4	13	6	12	14	18	11	16	9	13	11	19	24	28	26	33	7	17	17	16	13	18	6	9	5	16	9	17	24	24	23	23	4	29	10	
3567_A/duck/Hunan/8/2008_ 8	5	6	2	16	8	10	3	7	14	0	0	15	3	1	0	7	8	8	2	9	8	1	6	9	9	21	4	15	4	16	5	13	14	20	7	15	11	12	15	20	25	26	27	34	5	18	16	18	13	19	9	8	4	15	7	18	25	28	20	20	2	24	12	
3568_A/duck/Hunan/S4020/2 8	7	7	2	16	6	9	3	9	14	0	0	13	3	1	0	7	8	9	1	8	8	1	6	10	9	21	5	15	4	16	4	14	14	20	9	15	11	12	13	20	23	27	28	33	6	17	15	16	12	19	7	8	4	15	8	19	25	28	20	20	5	24	13	
3569_A/duck/Hunan/S4030/2 10	6	7	3	14	7	9	2	8	14	0	0	13	3	1	0	7	7	7	1	9	9	3	6	13	9	22	5	12	4	15	4	16	15	23	7	14	9	11	13	20	28	24	28	33	4	19	16	14	11	19	6	9	6	15	10	18	22	25	17	22	4	27	15	
3570_A/duck/Hunan/S4150/2 8	6	6	2	16	7	10	3	8	13	0	0	13	4	1	0	7	8	9	1	8	8	1	5	12	9	19	5	14	4	18	5	15	15	21	9	14	12	11	14	20	23	27	27	33	7	18	15	17	10	18	7	8	4	15	8	20	24	27	19	18	5	25	14	
3571_A/duck/Hunan/S4220/2 10	6	7	2	14	7	9	3	9	15	0	0	12	2	1	0	9	9	9	1	6	8	1	6	12	10	22	6	14	2	15	3	16	15	22	8	14	10	11	13	21	24	26	25	33	6	18	18	13	12	19	8	10	4	15	7	15	23	27	18	23	6	25	15	
3572_A/duck/Jiangxi/120/2 8	7	7	2	16	6	9	3	8	15	0	0	11	3	1	0	7	8	9	2	8	7	1	5	14	10	21	4	14	4	16	5	16	15	21	8	13	10	11	14	17	22	30	28	35	7	15	14	14	12	17	7	10	5	17	8	18	25	25	20	22	3	26	14	
3573_A/duck/Jiangxi/130/2 8	6	6	2	16	7	10	3	8	14	0	0	13	3	1	0	7	8	9	1	8	8	1	5	11	9	19	5	15	4	18	5	15	15	21	9	14	12	12	13	19	23	26	29	33	7	18	15	17	10	17	7	8	4	16	8	20	24	27	18	18	5	25	15	
3574_A/duck/Jiangxi/34/20 10	6	7	3	14	7	9	3	8	15	0	0	13	2	1	0	9	9	9	1	6	9	1	6	12	10	23	5	14	1	15	3	16	15	24	7	14	10	10	14	22	23	26	25	33	7	17	19	15	12	20	7	8	3	14	8	15	24	27	18	22	5	24	15	
3575_A/duck/Jiangxi/35/20 10	6	7	2	14	7	9	3	8	15	0	0	12	2	1	0	9	9	9	1	6	9	1	6	12	10	22	6	15	1	15	3	16	15	23	7	14	10	10	14	22	23	26	25	33	7	17	19	15	12	20	7	8	3	14	8	15	24	27	19	22	5	25	15	
3576_A/duck/Jiangxi/44/20 10	11	9	2	14	4	7	3	6	13	0	0	17	2	1	0	5	9	6	3	10	5	3	4	12	13	26	4	11	2	11	4	20	10	17	12	9	7	16	10	23	31	30	34	35	4	15	10	15	16	13	6	6	3	21	9	16	22	38	25	23	4	15	8	
3577_A/duck/Jiangxi/80/20 10	7	6	2	14	5	10	4	9	16	0	0	12	2	1	0	7	7	9	2	8	8	1	5	9	10	23	4	17	4	12	5	12	13	19	11	15	11	12	11	20	26	29	27	34	5	16	16	15	12	18	5	10	6	16	9	18	24	27	22	21	4	26	11	
3578_A/duck/Jilin/JL-SIV/ 11	6	6	3	13	8	10	2	7	13	0	0	10	3	1	0	9	8	8	3	6	7	2	4	14	10	23	5	15	4	13	5	13	14	17	11	16	6	14	11	22	28	26	25	36	4	20	17	17	11	19	5	6	8	15	10	14	23	35	20	23	4	18	13	
3579_A/duck/Nanchang/9789 11	7	6	2	13	7	10	3	9	15	0	0	12	2	1	0	8	9	9	1	6	8	1	6	11	10	22	7	14	2	15	2	17	15	22	8	14	10	11	13	22	24	22	26	33	6	20	19	12	10	19	8	11	4	15	7	16	25	29	18	22	5	23	15	
3580_A/duck/Shandong/009/ 10	8	12	0	14	5	4	5	4	14	0	0	17	3	1	0	10	7	8	1	5	6	1	6	13	11	21	3	12	5	15	4	13	9	17	13	13	11	16	9	22	26	25	26	38	4	21	20	9	10	14	7	13	9	20	8	13	22	29	21	28	4	23	12	
3581_A/duck/Sichuan/NCXN1 11	8	7	2	13	6	9	3	9	15	0	0	13	2	1	0	9	10	7	1	6	7	3	6	13	10	21	6	12	2	16	2	17	15	24	8	14	8	9	13	22	25	25	24	32	5	20	19	13	11	19	8	8	7	15	6	16	23	28	20	23	5	24	14	
3582_A/duck/Sichuan/NCXN1 11	6	7	2	13	7	9	3	9	15	0	0	13	2	1	0	9	9	7	1	6	8	3	6	13	10	21	6	12	2	16	2	17	16	24	8	14	8	9	13	21	25	25	24	33	5	20	19	13	11	19	8	8	7	15	6	16	23	28	19	23	5	24	15	
3583_A/duck/Wenzhou/YJYF3 10	8	11	1	14	5	5	4	5	14	0	0	19	3	1	0	9	8	10	1	7	4	0	5	11	12	21	2	10	5	15	5	11	11	17	13	13	13	14	9	24	25	26	28	37	4	20	19	9	8	14	7	12	10	20	8	12	23	29	18	29	4	23	15	
3584_A/duck/Yunnan/4072/2 10	7	7	2	14	6	9	3	9	14	0	0	12	2	1	0	7	7	9	1	8	8	1	6	9	10	23	4	16	4	13	5	14	14	19	10	15	11	12	12	22	23	27	28	34	6	16	17	15	12	17	7	9	6	17	8	17	24	25	21	21	4	28	12	
3585_A/duck/Yunnan/426/20 9	6	7	2	14	6	9	3	10	15	0	0	12	2	1	0	7	7	9	2	8	8	1	6	9	10	22	4	16	4	14	4	14	14	18	10	15	10	15	11	22	23	28	28	34	6	15	17	16	12	17	8	8	6	17	7	17	24	25	20	21	4	28	13	
3586_A/duck/Yunnan/4645/2 10	8	7	2	14	6	9	3	9	14	0	0	12	2	1	0	7	6	9	1	8	8	1	6	9	10	23	4	16	4	13	5	14	14	19	10	15	11	12	12	22	23	27	28	34	6	16	17	15	12	17	7	9	6	17	8	17	24	25	21	21	4	28	12	
3587_A/duck/Yunnan/47/200 9	7	6	2	15	6	10	3	9	14	0	0	11	3	1	0	7	7	9	1	8	8	1	6	10	9	22	4	16	5	15	4	13	14	20	7	16	10	12	15	20	24	27	28	35	6	17	17	15	12	16	7	8	5	17	8	18	25	26	20	22	3	27	12	
3588_A/duck/Yunnan/485/20 10	6	7	2	14	6	9	3	9	15	0	0	12	2	1	0	7	7	9	1	8	8	1	6	9	10	23	4	16	4	13	5	14	14	19	10	15	11	12	12	22	22	28	28	34	6	15	17	15	12	17	7	9	6	17	8	17	25	25	20	21	4	28	13	
3589_A/duck/Yunnan/4873/2 9	7	6	2	15	6	10	3	9	14	0	0	11	3	1	0	7	7	9	1	8	8	1	6	10	9	23	4	16	5	14	4	13	14	20	8	16	10	12	14	20	24	27	27	34	7	17	17	15	12	16	7	9	5	17	8	17	25	25	21	22	3	28	12	
3590_A/duck/Yunnan/5090/2 10	7	7	2	14	6	9	3	9	14	0	0	12	2	1	0	7	7	9	1	8	8	1	6	9	10	23	4	16	4	13	5	14	14	19	10	15	11	12	12	22	23	27	28	34	6	16	17	15	12	17	7	9	6	17	8	17	24	25	21	21	4	28	12	
3591_A/duck/Yunnan/5169/2 10	7	7	2	14	6	9	3	9	14	0	0	12	2	1	0	7	7	9	1	8	8	1	6	9	10	23	4	16	4	13	5	14	14	19	10	15	11	12	12	22	23	27	28	34	6	16	17	15	12	17	7	9	6	17	8	17	24	25	21	21	4	28	12	
3592_A/duck/Yunnan/522/20 9	6	7	2	14	6	9	3	10	15	0	0	12	2	1	0	7	7	9	2	8	8	1	6	9	10	22	4	16	4	14	4	14	14	18	10	15	10	15	11	22	23	28	28	34	6	15	17	16	12	17	9	8	6	17	7	17	24	25	19	21	4	28	13	
3593_A/duck/Yunnan/5310/2 11	7	7	2	13	6	9	3	9	16	0	0	14	1	1	0	7	7	9	2	8	8	1	5	9	10	22	3	16	4	14	6	14	14	16	11	16	10	15	11	20	25	27	28	32	6	17	17	12	12	16	7	11	6	17	9	18	21	24	20	22	5	29	12	
3594_A/duck/Yunnan/5948/2 10	7	7	2	14	6	9	3	9	14	0	0	11	2	1	0	7	7	9	1	8	8	1	6	9	10	23	4	17	4	13	5	14	14	19	10	15	11	12	12	22	23	28	28	34	6	15	17	15	12	17	7	9	6	17	8	17	24	25	20	21	4	28	13	
3595_A/duck/Yunnan/6080/2 10	6	7	2	14	6	9	3	9	15	0	0	12	2	1	0	7	7	9	1	8	8	1	6	9	10	23	4	16	4	13	5	14	14	19	10	15	11	12	12	23	23	28	28	33	6	15	17	15	12	17	7	9	6	17	8	17	24	25	20	21	4	28	13	
3596_A/duck/Yunnan/6603/2 10	6	7	2	14	6	9	3	9	15	0	0	12	2	1	0	7	7	9	1	8	8	1	6	9	10	23	4	16	4	13	5	14	14	19	10	15	11	12	12	22	23	28	29	34	6	15	16	15	12	17	7	9	6	16	8	17	24	26	20	21	4	28	13	
3597_A/duck/Zhejiang/1220 10	8	11	0	14	5	5	5	5	13	0	0	19	4	1	0	10	8	9	1	7	5	1	5	12	12	21	1	9	5	15	5	14	11	16	13	12	12	15	9	21	25	24	30	38	3	21	18	8	10	15	7	13	10	17	8	13	22	33	18	28	4	21	15	
3598_A/duck/Zhejiang/213/ 12	8	8	2	12	7	8	3	5	13	0	0	15	2	1	0	7	7	8	2	7	8	2	5	10	11	22	5	17	3	14	5	13	17	16	9	15	5	15	13	21	30	26	23	35	2	19	19	13	10	17	4	10	8	17	10	12	23	28	29	28	4	25	5	
3599_A/duck/Zhejiang/224/ 10	7	8	2	14	7	8	3	8	15	0	0	13	2	1	0	9	8	9	1	6	7	1	6	12	12	22	5	14	1	15	3	16	15	23	8	14	9	10	13	22	26	24	25	33	6	19	20	14	12	19	7	9	3	14	8	16	24	27	19	22	4	26	14	
3600_A/duck/Zhejiang/2242 10	7	8	2	14	7	8	3	8	15	0	0	13	2	1	0	9	8	9	1	6	7	1	6	12	12	22	5	14	1	15	3	16	15	23	8	14	9	10	13	22	26	24	25	33	6	19	20	14	12	19	7	9	3	14	8	16	24	27	19	22	4	26	14	
3601_A/duck/Zhejiang/2243 10	7	8	2	14	7	8	3	8	15	0	0	13	2	1	0	9	8	9	1	6	7	1	6	12	12	22	5	14	1	15	3	16	15	23	8	14	9	10	13	22	26	24	25	33	6	19	20	14	12	19	7	9	3	14	8	16	24	27	19	22	4	26	14	
3602_A/duck/Zhejiang/2244 10	7	8	2	14	7	8	3	8	15	0	0	13	2	1	0	9	8	9	1	6	7	1	6	12	12	22	5	14	1	15	3	16	15	23	8	14	9	10	13	22	26	24	25	33	6	19	20	14	12	19	7	9	3	14	8	16	24	27	19	22	4	26	14	
3603_A/duck/Zhejiang/2245 12	6	7	3	12	9	9	2	4	13	0	0	18	2	1	0	8	8	8	2	7	6	2	5	8	9	22	5	16	5	14	5	13	16	15	8	15	7	15	14	20	29	24	29	35	3	21	14	17	11	17	6	9	6	17	8	15	26	29	25	23	2	24	9	
3604_A/duck/Zhejiang/2248 10	7	8	2	14	7	8	3	8	15	0	0	13	2	1	0	9	8	9	1	6	7	1	6	12	12	22	5	14	1	15	3	16	15	23	8	14	9	10	13	22	26	24	25	33	6	19	20	14	12	19	7	9	3	14	8	16	24	27	19	22	4	26	14	
3605_A/equine/China/61/20 9	6	6	2	15	7	10	3	9	15	0	0	11	2	1	0	7	7	9	1	8	8	1	6	10	8	22	4	16	6	15	4	14	14	20	8	15	10	12	14	20	24	27	27	34	7	17	17	15	13	16	7	9	5	17	8	19	24	25	22	20	3	28	11	
3606_A/equine/China/67/20 9	6	6	2	15	7	10	3	9	14	0	0	11	3	1	0	7	7	9	1	8	8	1	6	10	8	22	4	16	6	15	4	14	14	20	8	15	10	12	14	20	24	27	27	34	7	17	17	15	13	16	7	9	5	17	8	18	24	25	22	21	3	28	11	
3607_A/equine/China/68/20 8	7	7	2	16	6	9	3	8	16	0	0	11	2	1	0	7	6	9	2	8	9	1	5	11	9	24	3	16	5	13	5	14	16	19	9	15	8	13	13	18	23	28	29	35	8	17	14	16	12	17	7	8	6	16	8	19	23	25	21	21	3	28	12	
3608_A/goose/China/E43/20 10	6	7	2	15	8	9	3	8	15	0	0	13	2	1	0	9	9	9	1	5	8	1	6	12	10	22	3	14	2	16	4	17	15	23	9	13	10	11	12	22	25	23	25	32	6	20	20	13	12	19	8	10	3	14	7	15	24	28	18	23	4	24	15	
3609_A/goose/Eastern_Chin 9	7	6	1	15	6	10	4	9	15	0	0	12	3	1	0	7	7	9	1	8	8	1	6	10	9	22	4	15	5	15	5	15	15	18	8	14	10	14	14	19	24	30	27	35	7	14	16	14	9	16	7	10	6	17	8	17	24	25	22	22	4	28	11	
3610_A/goose/GuangDong/11 11	7	12	2	13	5	4	3	8	17	0	0	17	1	1	0	9	9	8	2	6	4	2	5	7	15	24	6	14	1	12	3	14	8	21	11	11	10	12	11	25	30	29	26	35	5	15	18	14	13	17	7	11	7	16	8	12	20	26	23	25	5	27	10	
3611_A/goose/Guangdong/72 11	6	5	2	14	6	10	3	11	15	0	0	13	2	1	0	8	7	9	1	7	8	2	6	9	10	22	4	15	4	13	4	14	13	19	9	15	11	13	12	20	27	29	26	34	5	19	16	16	12	17	6	8	5	16	10	17	24	25	22	20	3	28	11	
3612_A/goose/Hubei/65/200 11	7	7	2	13	6	9	3	8	16	0	0	14	1	1	0	7	7	9	2	8	8	1	5	9	10	23	3	17	4	13	6	14	14	16	11	16	10	15	11	21	25	28	27	32	6	16	18	13	12	16	7	10	5	17	9	16	24	25	22	22	4	28	10	
3613_A/goose/Inner_Mongol 10	9	11	1	14	4	5	4	4	14	0	0	21	3	1	0	7	10	6	2	9	3	4	5	7	9	21	4	13	7	15	4	15	10	18	12	15	9	13	10	19	30	23	32	35	4	21	14	12	13	18	8	11	8	16	7	12	19	34	22	27	6	19	11	
3614_A/goose/Jiangsu/k040 9	5	6	2	15	8	10	3	9	14	0	0	12	3	1	0	7	8	9	1	8	8	1	5	10	9	19	4	16	4	18	5	15	14	23	9	14	12	11	13	20	24	27	28	34	5	17	16	17	11	16	7	8	4	16	8	19	24	29	21	19	5	23	12	
3615_A/goose/Yunnan/3798/ 9	7	6	2	15	6	10	3	9	14	0	0	11	3	1	0	7	7	9	1	8	8	1	6	10	9	22	4	16	5	15	4	13	15	20	8	16	10	12	14	20	24	27	27	34	7	17	17	15	11	17	7	9	5	16	8	17	25	24	20	22	3	29	13	
3616_A/goose/Yunnan/4371/ 9	7	6	2	15	6	10	3	9	14	0	0	11	3	1	0	7	7	9	1	8	8	1	6	10	9	23	4	16	5	14	4	13	14	20	8	16	10	12	14	20	24	27	27	34	7	17	17	15	12	16	7	9	5	17	8	17	25	25	21	22	3	28	12	
3617_A/goose/Yunnan/4389/ 9	7	6	2	15	6	10	3	9	14	0	0	11	3	1	0	7	7	9	1	8	8	1	6	10	9	23	4	16	5	14	4	13	14	20	8	16	10	12	14	20	24	27	27	34	7	17	17	15	12	16	7	9	5	17	8	17	25	25	21	22	3	28	12	
3618_A/goose/Yunnan/4985/ 9	7	6	2	15	6	10	3	9	14	0	0	11	3	1	0	7	7	9	1	8	8	1	6	10	9	23	4	16	5	14	4	13	14	20	8	16	10	12	14	20	24	27	27	34	7	17	17	15	12	16	7	9	5	17	8	17	25	25	21	22	3	28	12	
3619_A/goose/Yunnan/5141/ 9	7	6	2	15	6	10	3	10	15	0	0	10	3	1	0	7	7	9	1	8	8	1	6	10	9	22	4	16	5	15	4	13	14	20	8	16	9	12	14	20	25	26	27	34	7	18	17	14	12	16	7	10	5	17	8	16	25	26	21	22	3	27	12	
3620_A/goose/Yunnan/5769/ 11	7	8	2	13	6	9	3	9	16	0	0	14	1	1	0	7	7	8	2	8	8	1	5	9	10	21	3	16	4	15	6	14	14	16	11	16	10	15	11	20	25	27	28	32	6	17	17	13	12	16	7	10	6	17	9	18	21	24	20	22	5	29	12	
3621_A/goose/Yunnan/5979/ 11	7	8	2	13	6	9	3	9	16	0	0	14	1	1	0	7	7	8	2	8	8	1	5	9	10	21	3	16	4	15	6	14	14	16	11	16	10	15	11	20	25	27	28	32	6	17	17	13	12	16	7	10	6	17	9	18	21	24	20	22	5	29	12	
3622_A/goose/Yunnan/6193/ 9	8	6	2	15	5	10	3	9	14	0	0	11	3	1	0	7	7	9	1	8	8	1	6	10	9	23	4	16	5	14	4	14	14	19	10	15	10	12	13	20	24	26	28	34	7	17	17	15	12	15	7	8	5	18	8	21	25	27	22	19	3	26	11	
3623_A/goose/Zhejiang/112 10	8	11	0	14	5	5	5	7	13	0	0	20	4	1	0	11	8	9	1	6	5	1	5	10	11	21	1	10	5	15	5	14	10	16	13	13	13	15	9	21	26	24	30	35	3	21	18	9	9	15	7	11	11	18	8	13	20	34	18	29	5	20	15	
3624_A/goose/Zhejiang/727 11	6	8	1	13	7	8	4	7	14	0	0	18	3	1	0	9	9	8	2	7	4	2	5	7	11	19	4	13	5	17	4	14	12	20	12	12	10	11	10	23	29	29	33	34	4	16	12	15	11	18	8	11	9	16	7	9	21	28	24	28	3	25	9	
3625_A/great_black-headed 9	6	6	2	15	7	10	3	9	14	0	0	12	3	1	0	7	8	9	1	8	8	1	5	10	10	19	5	16	3	18	5	13	14	20	9	14	11	12	13	21	25	27	28	33	6	17	15	18	11	20	7	8	4	14	8	19	24	29	21	19	5	23	12	
3626_A/great_crested-greb 8	6	7	2	16	7	9	3	9	14	0	0	12	3	1	0	7	8	9	1	8	8	1	5	10	10	18	5	16	5	18	4	14	14	20	9	14	11	12	13	21	25	27	29	34	6	18	14	18	11	19	7	7	4	15	8	17	24	31	19	20	5	20	14	
3627_A/great_egret/Hong_K 9	6	6	2	15	7	10	3	9	13	0	0	12	4	1	0	7	8	9	1	8	8	1	6	10	9	22	5	16	4	15	4	15	14	21	8	14	11	11	14	20	25	27	27	33	6	17	16	17	12	18	7	8	4	16	8	17	24	29	20	21	4	23	13	
3628_A/great_tit/Panjing/ 11	8	12	1	13	5	4	4	5	14	1	0	18	3	0	0	10	8	9	2	4	5	1	5	11	10	20	3	13	6	16	3	14	9	15	16	14	11	16	6	22	29	24	29	34	4	20	18	12	10	18	7	12	10	15	7	13	20	29	21	28	5	24	13	
3629_A/grey_heron/Hong_Ko 9	6	6	2	15	7	10	3	9	13	0	0	12	4	1	0	7	8	9	1	8	8	1	6	11	9	22	6	15	4	15	3	15	14	21	8	14	11	11	14	20	24	26	26	33	7	18	17	16	12	18	7	8	4	16	8	17	24	29	20	22	4	23	13	
3630_A/grey_heron/Hong_Ko 9	6	6	2	15	7	10	3	9	13	0	0	12	4	1	0	7	8	9	1	8	8	1	6	10	9	22	5	16	4	15	4	14	15	21	8	14	11	11	14	20	25	27	27	33	6	17	16	17	11	18	7	8	5	16	8	17	24	29	20	21	4	23	13	
3631_A/hill_myna/Heilongj 11	6	6	3	13	7	10	2	8	13	0	0	12	4	1	0	7	7	9	1	7	9	1	6	12	10	21	5	15	4	16	4	15	14	23	8	14	10	11	12	20	27	24	26	33	5	19	18	15	10	19	6	9	6	15	10	17	24	28	16	22	4	24	16	
3632_A/lesser_kestrel/Hei 11	7	9	0	13	6	7	5	8	13	0	0	17	4	1	0	9	11	8	1	6	3	2	6	12	10	13	5	9	5	23	4	14	8	17	13	13	11	13	10	22	25	24	29	35	9	20	14	10	13	16	8	15	6	18	7	6	20	30	21	32	6	22	14	
3633_A/lion/Hubei/1-2/201 11	8	12	1	13	5	4	4	6	13	0	0	18	4	1	0	10	7	10	1	6	5	0	5	11	12	21	2	10	5	15	5	13	11	17	15	13	13	13	8	23	28	26	26	37	2	20	21	8	7	15	7	12	11	19	8	13	22	29	18	28	4	23	15	
3634_A/little_egret/Hong_ 8	6	7	2	16	7	9	3	9	14	0	0	13	3	1	0	7	7	9	1	8	10	1	6	10	8	21	6	15	4	16	3	14	14	21	9	15	11	11	13	20	24	26	27	33	7	18	16	16	12	16	7	8	4	18	9	18	23	29	19	21	5	23	13	
3635_A/magpie_robin/Hong_ 9	6	6	2	15	7	10	3	9	13	0	0	12	4	1	0	7	8	9	1	8	8	1	6	10	9	22	5	16	4	15	4	15	14	21	8	14	11	11	14	20	24	27	27	32	7	17	16	16	12	18	7	8	4	16	8	17	24	28	20	23	4	24	13	
3636_A/magpie_robin/Hong_ 9	6	6	2	15	7	10	3	9	13	0	0	12	4	1	0	7	8	9	1	8	8	1	6	9	9	23	5	17	4	14	4	15	14	21	8	14	11	11	14	20	24	27	27	32	7	17	16	16	12	18	7	8	4	16	8	17	24	29	20	23	4	23	13	
3637_A/meerkat/Shanghai/S 11	6	9	1	13	7	7	4	6	14	0	0	19	3	1	0	9	9	8	2	7	5	2	5	7	11	19	4	12	4	16	4	15	9	19	12	12	11	12	10	22	29	30	33	36	4	16	12	15	13	19	8	11	8	15	7	8	21	28	23	29	3	25	10	
3638_A/mink/China/G/2015_ 11	6	8	2	13	7	8	3	8	16	0	0	12	1	1	0	9	9	9	1	6	8	1	6	12	11	21	6	15	1	15	3	15	16	23	7	14	10	10	14	21	24	25	26	33	6	18	18	15	12	19	8	9	3	15	7	17	25	27	20	21	5	24	14	
3639_A/mink/China/XB/2015 10	8	11	1	14	5	5	4	5	14	0	0	19	3	1	0	10	7	10	1	6	5	0	5	11	12	21	2	10	5	15	5	12	10	18	13	13	13	13	9	23	28	27	27	37	2	19	20	9	8	14	7	12	11	20	8	13	22	30	19	28	4	22	14	
3640_A/mink/Eastern_China 9	9	7	1	15	2	9	4	8	18	0	0	16	2	1	0	9	6	6	1	11	7	4	2	7	14	20	6	12	1	15	2	15	11	19	6	14	11	14	16	22	23	27	31	33	7	18	19	12	11	16	5	10	7	18	11	16	25	31	19	23	2	21	13	
3641_A/ostrich/Suzhou/097 10	7	7	1	14	6	9	4	7	15	0	0	12	2	1	0	7	6	9	2	7	8	1	5	11	10	23	4	17	5	13	5	13	14	20	10	16	9	12	11	21	23	29	28	34	5	18	16	16	12	17	6	8	6	17	9	17	25	26	21	22	3	26	12	
3642_A/parrot/Guangdong/C 10	7	7	2	14	6	9	3	9	15	0	0	11	2	1	0	7	7	9	2	8	8	1	5	10	10	22	4	16	4	13	5	13	14	19	10	16	9	12	12	21	24	28	27	34	5	18	17	15	13	18	6	9	6	16	10	17	23	24	20	22	4	29	12	
3643_A/partridge/Shantou/ 10	8	7	1	14	5	9	4	9	15	0	0	13	2	1	0	8	6	9	2	7	8	1	4	9	10	22	4	15	5	14	6	14	13	20	11	15	9	11	11	21	25	28	28	34	4	19	14	13	12	18	6	10	7	16	8	19	24	26	22	21	4	27	12	
3644_A/peacock/Yunnan/1/2 10	8	11	1	14	6	5	4	6	13	0	0	17	3	1	0	11	6	10	1	6	6	0	5	9	12	22	2	11	5	14	5	13	10	17	13	14	13	13	9	23	26	28	31	37	4	18	17	8	8	14	8	12	10	20	7	14	22	29	17	28	4	23	16	
3645_A/peacock/Yunnan/3/2 10	8	11	1	14	6	5	4	6	13	0	0	18	3	1	0	11	6	10	1	6	6	0	5	10	12	22	2	11	5	14	5	13	10	17	13	15	13	13	9	23	26	27	31	37	4	18	17	8	8	14	8	12	10	20	7	13	22	29	17	27	4	23	16	
3646_A/peregrine_falcon/H 9	8	7	2	15	5	9	3	9	14	0	0	11	3	1	0	7	8	9	1	8	8	1	6	11	9	22	4	16	4	15	5	15	14	19	8	14	10	13	14	19	24	30	27	35	6	13	17	15	12	16	8	9	5	17	7	18	24	26	21	22	3	27	12	
3647_A/pheasant/Shantou/3 10	7	7	2	14	6	9	3	10	15	0	0	11	2	1	0	7	7	9	2	8	8	1	5	8	10	23	4	16	4	13	5	12	13	20	11	16	9	11	11	22	25	28	28	33	3	18	14	16	12	18	6	9	7	16	9	19	23	24	21	22	5	29	13	
3648_A/pheasant/Shantou/4 10	7	6	2	14	6	10	3	8	15	0	0	12	2	1	0	7	6	9	2	8	9	1	5	10	10	23	3	16	5	13	6	13	14	19	10	16	9	12	12	21	25	28	27	34	5	18	16	15	12	18	7	9	5	16	8	16	22	26	22	23	4	27	12	
3649_A/pied_megpie/Liaoni 10	7	6	2	14	6	10	3	9	16	0	0	13	1	1	0	9	7	9	1	7	8	1	6	9	10	22	4	14	4	15	4	14	15	19	9	15	9	13	13	21	26	27	29	34	5	18	16	16	12	16	6	8	6	17	9	18	24	25	22	20	3	27	10	
3650_A/pigeon/Hubei/RP25/ 10	7	6	2	14	6	10	3	9	15	0	0	11	3	1	0	6	8	9	1	8	7	1	6	11	9	22	5	16	5	15	4	14	16	22	8	14	9	10	14	20	22	30	28	34	5	14	15	15	11	16	8	8	8	16	8	20	24	26	19	21	4	26	15	
3651_A/pigeon/Sichuan/NCX 11	6	7	2	13	7	9	3	9	16	0	0	13	1	1	0	9	9	8	1	6	8	2	6	13	10	20	6	12	2	17	2	17	16	24	8	14	8	9	13	21	25	26	24	33	5	19	19	13	11	19	8	8	7	15	6	16	23	28	19	23	5	24	15	
3652_A/pigeon/Zhejiang/11 10	8	11	0	14	5	5	5	7	13	0	0	20	4	1	0	11	8	9	1	6	5	1	5	10	11	21	1	9	5	15	6	14	10	16	13	13	13	15	9	21	26	24	30	34	3	21	19	8	9	15	7	12	12	17	8	13	19	34	18	29	6	20	15	
3653_A/pigeon/Zhejiang/11 10	8	11	0	14	5	5	5	5	13	0	0	19	4	1	0	10	8	9	1	7	5	1	5	12	12	21	1	9	5	15	5	14	11	16	13	12	12	15	9	21	25	24	30	38	3	21	18	8	10	15	7	13	10	17	8	13	22	33	18	28	4	21	15	
3654_A/pigeon/Zhejiang/72 11	6	8	1	13	7	8	4	7	14	0	0	18	3	1	0	9	9	8	2	7	4	2	5	7	11	19	4	13	5	17	4	14	12	20	12	12	10	11	10	23	29	29	33	34	4	16	12	15	11	18	8	11	9	16	7	9	21	29	23	28	3	25	9	
3655_A/plateau_pika/Qingh 9	8	8	1	16	6	9	4	9	15	0	0	12	2	1	0	8	6	8	2	7	7	2	4	10	11	23	4	15	5	13	6	15	12	15	10	13	9	18	13	23	30	26	28	34	3	20	14	16	12	19	6	8	6	14	7	18	20	28	20	21	6	26	15	
3656_A/quail/Guangxi/11/2 10	7	7	2	14	6	9	3	8	13	0	0	13	4	1	0	8	7	9	2	7	7	1	5	11	10	22	5	14	5	14	5	15	14	18	10	14	8	12	12	21	27	28	25	34	4	18	17	14	13	18	6	10	4	15	10	16	26	24	21	24	1	30	12	
3657_A/quail/Guangxi/12/2 10	7	7	2	14	6	9	3	8	13	0	0	13	4	1	0	8	7	9	2	7	7	1	5	11	10	22	5	14	5	14	5	14	14	18	10	14	8	12	12	21	27	28	25	35	4	17	18	14	13	18	6	10	4	15	10	16	26	25	21	24	1	29	12	
3658_A/quail/Guangxi/13/2 10	7	7	2	14	6	9	3	7	13	0	0	13	4	1	0	8	7	9	2	7	7	1	5	12	10	22	5	14	5	14	5	15	14	17	10	14	8	13	12	21	27	28	25	34	4	18	17	14	13	18	6	10	4	15	10	16	26	24	20	24	1	30	13	
3659_A/quail/Nanchang/663 10	7	6	2	14	7	10	3	9	15	0	0	12	2	1	0	9	9	9	1	6	8	1	6	12	10	22	7	14	2	15	2	15	16	22	8	14	10	11	13	21	24	22	26	33	6	20	19	12	10	19	8	11	4	15	7	16	25	29	18	22	5	23	15	
3660_A/shrike/Tibet/13/20 11	6	7	2	13	8	9	3	9	15	0	0	13	1	1	0	7	7	9	2	8	8	1	5	9	10	25	4	17	5	12	4	16	14	16	11	15	11	16	11	19	25	29	28	32	6	18	14	13	12	15	7	10	7	17	9	18	19	27	22	22	5	25	10	
3661_A/silky_chicken/Shan 10	8	7	2	14	6	9	3	10	14	0	0	11	2	1	0	8	7	9	2	7	9	2	5	7	10	22	5	16	4	12	5	13	13	17	11	16	9	14	12	22	24	26	26	32	6	17	16	16	11	16	6	8	6	17	9	18	25	24	21	20	3	27	12	
3662_A/swan/Shanghai/10/2 7	4	6	2	17	9	10	3	9	14	0	0	13	3	1	0	8	8	8	1	7	8	2	6	10	9	22	4	15	4	15	5	13	14	20	7	16	11	12	15	20	25	26	25	34	5	18	18	18	12	18	9	8	4	16	7	16	24	27	20	21	4	25	12	
3663_A/swine/Guangxi/592/ 10	6	7	2	14	7	9	3	8	15	0	0	13	2	1	0	9	9	9	1	6	8	1	6	11	11	22	6	15	1	15	2	16	15	23	7	14	10	9	14	21	25	24	26	33	6	19	19	15	12	19	7	8	3	16	8	16	25	28	18	22	4	24	15	
3664_A/swine/Jiangsu/1/20 11	7	8	3	12	7	9	2	8	15	0	0	12	2	1	0	7	8	7	2	9	7	2	6	9	8	22	4	17	6	15	5	11	13	19	10	18	10	13	13	20	24	32	22	34	4	16	18	15	11	15	5	9	7	18	8	20	24	22	19	21	4	30	14	
3665_A/swine/Jiangsu/2/20 11	6	6	3	13	8	10	2	8	14	0	0	11	3	1	0	9	8	9	2	6	8	2	5	13	8	23	5	14	5	12	5	13	14	17	11	16	6	14	11	21	29	26	25	36	3	21	16	17	12	19	5	7	8	15	10	12	22	35	19	25	3	18	14	
3666_A/swine/Shandong/SD1 11	6	7	3	13	8	9	2	6	13	0	0	14	3	1	0	7	8	8	2	7	7	2	5	10	10	22	5	17	4	14	5	13	15	17	11	16	6	14	11	20	30	23	28	35	2	22	15	17	10	19	6	6	8	15	9	16	23	29	19	24	4	24	14	
3667_A/swine/Zhejiang/SW5 11	6	9	1	13	7	7	4	7	14	0	0	18	3	1	0	9	9	8	2	7	4	2	5	7	11	19	4	13	5	17	4	14	12	20	12	12	10	11	10	23	29	30	33	34	4	16	12	15	11	18	8	11	9	15	8	9	21	27	24	28	3	25	9	
3668_A/tiger/Yunnan/tig14 11	6	7	2	13	7	9	3	9	15	0	0	13	2	1	0	9	9	7	1	6	8	3	6	12	10	22	6	13	2	15	2	17	16	23	8	14	8	10	13	21	25	25	26	33	5	20	17	14	11	19	8	9	7	15	7	14	23	28	19	24	5	23	14	
3669_A/tiger/Yunnan/tig14 11	6	7	2	13	7	9	3	9	16	0	0	12	1	1	0	9	9	9	1	6	8	1	6	12	10	24	7	14	2	13	2	15	16	23	8	15	9	10	13	21	24	25	25	33	6	19	18	13	12	19	9	8	5	15	6	17	24	28	19	22	5	24	14	
3670_A/tiger/Yunnan/tig15 10	8	11	1	14	6	5	4	5	13	0	0	17	3	1	0	10	7	10	1	6	5	0	5	12	12	22	2	12	5	14	5	12	10	19	13	14	13	13	9	23	25	26	30	36	5	19	18	9	8	14	7	11	11	19	9	13	22	29	16	28	4	23	16	
3671_A/turtle_dove/Guangd 11	7	7	2	13	6	9	3	9	16	0	0	14	1	1	0	7	7	9	2	8	8	1	5	9	10	22	3	16	4	14	6	14	14	16	11	16	10	15	11	20	25	28	27	32	6	17	17	13	12	16	7	10	5	17	8	17	26	23	23	22	3	29	10	
3672_A/waterfowl/Hong_Kon 10	7	7	2	14	6	9	3	8	14	0	0	13	3	1	0	8	6	10	2	7	7	1	5	10	10	22	4	15	5	14	5	13	14	19	10	17	8	12	12	21	27	27	29	34	3	18	16	14	12	18	6	8	6	16	9	17	23	25	21	23	5	28	11	
3673_A/wild_duck/Fujian/1 11	6	7	2	14	7	9	3	8	14	0	0	13	2	1	0	9	9	9	1	5	8	1	6	12	11	21	6	14	2	16	3	16	15	23	6	13	10	10	15	21	26	23	25	32	5	20	20	13	12	19	7	11	4	15	8	15	24	28	19	23	4	24	14	
3674_A/wild_duck/Fujian/2 11	6	7	2	14	7	9	3	8	15	0	0	13	2	1	0	9	9	9	1	5	8	1	6	12	10	21	6	14	2	16	3	16	15	23	6	14	10	10	15	21	26	23	24	32	5	21	20	14	12	19	7	9	4	15	8	15	24	28	19	23	4	24	14	
3675_A/wild_duck/Jilin/HF 7	4	6	2	17	9	10	3	9	14	0	0	13	3	1	0	7	8	10	1	8	8	1	5	10	9	19	5	15	4	17	5	13	13	19	9	16	11	14	12	19	24	29	26	33	7	16	16	18	11	19	6	8	4	15	9	20	24	31	19	18	6	21	14	
3676_A/wild_duck/Jilin/ZF 7	6	7	2	17	7	9	3	10	12	0	0	12	5	1	0	7	8	9	1	8	8	1	5	10	9	20	5	15	4	16	4	17	13	21	8	14	11	11	14	20	25	26	28	34	5	18	17	15	11	19	7	9	4	15	8	20	24	29	18	18	5	23	15	
3677_A/wild_duck/Liaoning 10	7	6	2	13	7	10	3	10	15	0	0	13	1	1	0	8	7	9	1	8	8	1	7	9	10	22	5	14	4	15	4	14	15	19	9	15	10	13	14	20	25	26	30	34	5	19	15	16	12	16	5	9	7	17	7	18	23	28	21	20	3	24	11	
3678_A/wild_duck/Shandong 11	7	8	3	12	8	9	2	9	14	1	0	10	2	0	0	7	7	6	2	9	8	3	6	10	9	24	3	17	5	12	6	13	12	21	9	16	9	12	12	20	26	31	28	34	3	15	15	14	14	16	7	9	6	18	6	21	22	25	21	21	5	27	12	
3679_A/wild_duck/Shandong 8	6	7	2	16	7	8	4	8	14	0	0	13	3	1	0	7	8	9	1	8	8	1	5	11	9	20	7	15	4	17	3	15	15	20	10	13	13	13	12	20	23	26	29	33	7	18	14	17	9	17	8	8	4	16	7	19	25	29	19	19	5	23	14	
3680_A/wild_duck/Shandong 9	7	7	1	15	7	9	4	7	15	0	0	13	1	1	0	7	8	5	2	7	5	5	5	8	11	25	5	20	5	11	3	18	11	20	9	13	10	11	12	20	27	27	35	33	5	16	11	13	9	18	6	10	9	16	9	15	24	26	20	26	3	27	13	
