title                    	T3s	C3s	A3s	G3s	CAI	CBI	Fop	Nc	GC3s	GC	L_sym	L_aa	Gravy	Aromo	
A/Indonesia/5/2005       	0.3296	0.2780	0.4625	0.2423	0.174	-0.101	0.370	49.58	0.389	0.404	543	558	-0.409857	0.075269	
A/Hong_Kong/483/1997     	0.3259	0.2879	0.4325	0.2645	0.170	-0.094	0.373	51.06	0.414	0.416	544	558	-0.417921	0.075269	
A/Hong_Kong/482/97       	0.3348	0.2857	0.4347	0.2548	0.174	-0.083	0.379	51.55	0.405	0.412	543	558	-0.427957	0.075269	
A/Chicken/HongKong/FY150/	0.3303	0.2787	0.4497	0.2583	0.178	-0.091	0.376	48.68	0.400	0.410	543	558	-0.416129	0.075269	
A/Chicken/HongKong/YU822.	0.3348	0.2787	0.4461	0.2548	0.174	-0.095	0.374	49.77	0.398	0.409	543	558	-0.424014	0.075269	
A/Chicken/HongKong/YU562/	0.3333	0.2793	0.4461	0.2576	0.176	-0.093	0.376	49.17	0.400	0.410	543	558	-0.433333	0.075269	
A/Pheasant/Hong_Kong/FY15	0.3303	0.2787	0.4497	0.2583	0.179	-0.091	0.376	48.68	0.400	0.410	543	558	-0.416129	0.075269	
A/Hong_Kong/486/97       	0.3348	0.2857	0.4347	0.2548	0.174	-0.083	0.379	51.55	0.405	0.412	543	558	-0.427957	0.075269	
A/Thailand/16/2004       	0.3258	0.2809	0.4400	0.2722	0.173	-0.096	0.371	49.13	0.410	0.408	544	558	-0.406273	0.077061	
A/Hong_Kong/538/97       	0.3341	0.2829	0.4372	0.2548	0.170	-0.092	0.374	51.11	0.403	0.413	543	558	-0.428315	0.075269	
A/chicken/Indonesia/7/200	0.3326	0.2719	0.4575	0.2535	0.171	-0.096	0.372	49.21	0.390	0.405	543	558	-0.420072	0.073477	
A/chicken/Korea/ES/03    	0.3177	0.2819	0.4566	0.2534	0.173	-0.087	0.377	49.11	0.401	0.412	544	557	-0.407540	0.075404	
A/Hong_Kong/156/97       	0.3326	0.2857	0.4271	0.2652	0.172	-0.093	0.374	51.34	0.413	0.415	543	558	-0.437276	0.075269	
A/whooper_swan/Mongolia/2	0.3244	0.2689	0.4600	0.2611	0.168	-0.100	0.369	48.78	0.394	0.409	545	558	-0.428495	0.073477	
A/Vietnam/UT3062/2004    	0.3274	0.2780	0.4425	0.2694	0.171	-0.103	0.368	50.08	0.406	0.408	544	558	-0.411649	0.077061	
A/Anas_platyrhynchos/Chon	0.3244	0.2733	0.4408	0.2773	0.172	-0.084	0.378	49.23	0.409	0.415	543	557	-0.390844	0.075404	
A/Anas_platyrhynchos/Jiuj	0.3296	0.2717	0.4408	0.2717	0.171	-0.092	0.373	49.19	0.404	0.413	542	557	-0.377738	0.075404	
A/Anhui/1/2005|EPI_ISL_24	0.3274	0.2739	0.4511	0.2654	0.177	-0.073	0.385	48.93	0.400	0.408	545	557	-0.399641	0.075404	
A/Anhui/1/2006|EPI_ISL_73	0.3252	0.2784	0.4536	0.2570	0.178	-0.064	0.390	49.31	0.399	0.408	544	557	-0.381508	0.075404	
A/Anhui/2/2005|EPI_ISL_24	0.3207	0.2806	0.4497	0.2661	0.175	-0.071	0.386	49.59	0.406	0.411	544	557	-0.411131	0.075404	
A/Anser_cygnoides/China/P	0.3356	0.2689	0.4433	0.2626	0.165	-0.093	0.371	50.43	0.397	0.410	542	557	-0.394255	0.073609	
A/Anser_fabalis/Jiujiang/	0.3296	0.2739	0.4383	0.2717	0.172	-0.085	0.376	49.25	0.406	0.414	542	557	-0.377738	0.075404	
A/Bar-headed_Goose/Qingha	0.3251	0.2803	0.4660	0.2557	0.177	-0.083	0.382	49.25	0.394	0.400	545	557	-0.415619	0.077199	
A/Bar-headed_Goose/Tibet/	0.3178	0.2756	0.4372	0.2865	0.172	-0.070	0.385	50.32	0.416	0.416	543	557	-0.366607	0.073609	
A/Bar-headed_Goose/Tibet/	0.3222	0.2733	0.4397	0.2801	0.171	-0.074	0.383	50.38	0.411	0.413	543	557	-0.378995	0.073609	
A/Black_faced_Spoonbill/A	0.3267	0.2733	0.4433	0.2725	0.170	-0.086	0.376	48.42	0.405	0.417	543	567	-0.390653	0.091711	
A/Black_Faced_Spoonbill/H	0.3237	0.2705	0.4358	0.2865	0.164	-0.094	0.370	50.85	0.413	0.414	543	557	-0.388510	0.073609	
A/Black_Faced_Spoonbill/H	0.3237	0.2749	0.4447	0.2725	0.169	-0.084	0.377	48.76	0.406	0.412	544	557	-0.372891	0.077199	
A/Black-necked_Grebe/Inne	0.3244	0.2841	0.4596	0.2585	0.180	-0.077	0.385	49.13	0.400	0.403	545	557	-0.424417	0.077199	
A/Black-necked_Grebe/Inne	0.3244	0.2841	0.4596	0.2585	0.180	-0.077	0.385	49.13	0.400	0.403	545	557	-0.424417	0.077199	
A/Black-necked_Grebe/Inne	0.3244	0.2841	0.4596	0.2585	0.181	-0.076	0.385	49.11	0.400	0.403	545	557	-0.416158	0.077199	
A/Black-necked_Grebe/Inne	0.3244	0.2841	0.4596	0.2585	0.181	-0.076	0.385	49.11	0.400	0.403	545	557	-0.416158	0.077199	
A/Black-necked_Grebe/Inne	0.3244	0.2841	0.4596	0.2585	0.181	-0.076	0.385	49.11	0.400	0.403	545	557	-0.416158	0.077199	
A/Black-necked_Grebe/Inne	0.3244	0.2841	0.4596	0.2585	0.181	-0.076	0.385	49.11	0.400	0.403	545	557	-0.416158	0.077199	
A/Black-necked_Grebe/Inne	0.3244	0.2841	0.4596	0.2585	0.181	-0.076	0.385	49.11	0.400	0.403	545	557	-0.416158	0.077199	
A/Black-necked_Grebe/Inne	0.3244	0.2841	0.4596	0.2585	0.181	-0.076	0.385	49.11	0.400	0.403	545	557	-0.416158	0.077199	
A/chicken/Anhui/S1740/202	0.3229	0.2784	0.4397	0.2761	0.169	-0.074	0.383	50.75	0.411	0.411	543	557	-0.370198	0.073609	
A/chicken/China/Cangzhou0	0.3289	0.2689	0.4383	0.2801	0.169	-0.096	0.370	48.98	0.407	0.414	543	557	-0.390844	0.075404	
A/chicken/China/E93/2012|	0.3289	0.2864	0.4518	0.2571	0.180	-0.063	0.392	50.74	0.403	0.401	544	557	-0.382585	0.077199	
A/chicken/China/E96/2012|	0.3341	0.2806	0.4520	0.2535	0.177	-0.076	0.383	50.60	0.396	0.400	545	557	-0.365171	0.075404	
A/chicken/Gansu/5/2012|EP	0.3386	0.2803	0.4684	0.2338	0.179	-0.065	0.390	48.89	0.382	0.394	544	557	-0.380970	0.075404	
A/chicken/Gansu/6/2012|EP	0.3274	0.2892	0.4545	0.2500	0.179	-0.062	0.392	51.20	0.401	0.402	544	557	-0.391742	0.075404	
A/chicken/Guangxi/S2039/2	0.3222	0.2711	0.4621	0.2691	0.173	-0.097	0.371	48.75	0.398	0.405	545	558	-0.402330	0.077061	
A/chicken/Hubei/2856/2007	0.3229	0.2806	0.4475	0.2661	0.177	-0.057	0.394	50.66	0.406	0.409	545	557	-0.384919	0.075404	
A/chicken/Hunan/1793/2007	0.3326	0.2719	0.4520	0.2648	0.178	-0.068	0.389	48.53	0.397	0.406	542	557	-0.405925	0.075404	
A/chicken/Hunan/3157/2006	0.3251	0.2803	0.4425	0.2694	0.183	-0.048	0.401	50.03	0.408	0.412	544	557	-0.403411	0.075404	
A/chicken/Hunan/S10029/20	0.3117	0.2960	0.4619	0.2593	0.176	-0.061	0.393	47.83	0.410	0.402	544	557	-0.418671	0.077199	
A/chicken/Jiangsu/03.17_W	0.3161	0.2848	0.4580	0.2670	0.169	-0.118	0.360	49.53	0.408	0.404	542	556	-0.414928	0.079137	
A/chicken/Jiangsu/927/201	0.3229	0.2851	0.4532	0.2657	0.174	-0.085	0.380	50.21	0.406	0.405	545	557	-0.422621	0.077199	
A/chicken/Jiangsu/2477/20	0.3192	0.2879	0.4520	0.2670	0.176	-0.079	0.383	49.54	0.409	0.407	545	557	-0.421724	0.077199	
A/chicken/Jiangsu/k0402/2	0.3080	0.2902	0.4608	0.2707	0.177	-0.084	0.380	49.12	0.413	0.406	545	557	-0.414722	0.077199	
A/chicken/Jiangsu/SE2228/	0.3192	0.2879	0.4481	0.2735	0.177	-0.073	0.387	50.39	0.413	0.407	545	557	-0.423519	0.077199	
A/chicken/Jiangsu/YB7/201	0.3117	0.2892	0.4645	0.2621	0.172	-0.101	0.370	50.30	0.407	0.405	543	556	-0.411871	0.077338	
A/chicken/Jiangxi/25/2011	0.3163	0.2695	0.4612	0.2745	0.167	-0.092	0.372	50.00	0.402	0.408	545	558	-0.389606	0.077061	
A/chicken/Jiangxi/S40653/	0.3229	0.2784	0.4422	0.2732	0.168	-0.074	0.383	50.73	0.409	0.411	543	557	-0.369479	0.073609	
A/chicken/Jilin/04.12_MHK	0.3237	0.2879	0.4569	0.2600	0.175	-0.076	0.385	50.84	0.404	0.403	545	557	-0.425135	0.077199	
A/chicken/Jilin/04.12_MHK	0.3237	0.2879	0.4569	0.2600	0.175	-0.076	0.385	50.84	0.404	0.403	545	557	-0.425135	0.077199	
A/chicken/Jilin/04.12_MHK	0.3237	0.2879	0.4569	0.2600	0.175	-0.076	0.385	50.84	0.404	0.403	545	557	-0.425135	0.077199	
A/chicken/Jilin/04.12_MHK	0.3237	0.2879	0.4569	0.2600	0.175	-0.076	0.385	50.84	0.404	0.403	545	557	-0.425135	0.077199	
A/chicken/Jilin/04.25_MHK	0.3237	0.2879	0.4543	0.2629	0.175	-0.080	0.383	50.77	0.406	0.405	545	557	-0.420467	0.077199	
A/chicken/Jilin/S1255/201	0.3161	0.2915	0.4442	0.2784	0.175	-0.075	0.386	50.29	0.419	0.408	544	557	-0.433573	0.077199	
A/chicken/Jilin/S1271/201	0.3161	0.2915	0.4467	0.2748	0.176	-0.071	0.388	50.37	0.417	0.408	544	557	-0.434111	0.077199	
A/chicken/Liaoning/S4092/	0.3341	0.2848	0.4582	0.2443	0.180	-0.070	0.387	49.37	0.392	0.398	543	557	-0.365530	0.075404	
A/chicken/Liaoning/SD035/	0.3125	0.2969	0.4413	0.2800	0.176	-0.072	0.388	50.00	0.425	0.409	544	557	-0.434470	0.078995	
A/chicken/Ningxia/2/2012|	0.3378	0.2796	0.4684	0.2338	0.178	-0.068	0.388	48.79	0.382	0.395	544	557	-0.375404	0.075404	
A/chicken/Ningxia/222/201	0.3371	0.2790	0.4672	0.2360	0.178	-0.069	0.387	48.79	0.383	0.396	545	557	-0.371275	0.075404	
A/chicken/Shandong/12.03_	0.3170	0.2835	0.4580	0.2678	0.166	-0.126	0.355	49.40	0.407	0.404	543	556	-0.408813	0.079137	
A/Chicken/Shandong/J01/20	0.3132	0.2886	0.4518	0.2771	0.174	-0.096	0.373	49.82	0.415	0.406	544	557	-0.419569	0.077199	
A/Chicken/Shandong/J02/20	0.3348	0.2854	0.4594	0.2443	0.175	-0.076	0.385	49.11	0.392	0.394	543	557	-0.405925	0.073609	
A/Chicken/Shandong/J03/20	0.3363	0.2825	0.4596	0.2388	0.178	-0.080	0.381	49.45	0.389	0.400	543	557	-0.364093	0.073609	
A/Chicken/Shandong/J04/20	0.3386	0.2780	0.4608	0.2429	0.176	-0.079	0.381	49.47	0.387	0.397	543	557	-0.378636	0.073609	
A/Chicken/Shandong/J06/20	0.3185	0.2895	0.4606	0.2607	0.176	-0.091	0.376	50.22	0.406	0.402	545	557	-0.422262	0.077199	
A/chicken/Shanghai/S1123/	0.3177	0.2886	0.4621	0.2571	0.174	-0.082	0.382	49.16	0.404	0.406	545	557	-0.424596	0.077199	
A/chicken/Shanghai/S4030/	0.3266	0.2819	0.4619	0.2600	0.173	-0.084	0.382	49.24	0.398	0.400	545	557	-0.424237	0.078995	
A/chicken/Wuxi/WX-32/2013	0.3207	0.2851	0.4506	0.2714	0.172	-0.087	0.378	50.15	0.409	0.406	545	557	-0.413824	0.077199	
A/chicken/Wuxi/WX-33/2013	0.3252	0.2829	0.4506	0.2678	0.175	-0.078	0.383	49.92	0.406	0.406	545	557	-0.423160	0.077199	
A/chicken/Xinjiang/S1016/	0.3177	0.2886	0.4621	0.2571	0.174	-0.082	0.382	49.16	0.404	0.406	545	557	-0.424596	0.077199	
A/chicken/Xinjiang/S1081/	0.3200	0.2867	0.4698	0.2444	0.169	-0.083	0.380	50.01	0.395	0.404	547	557	-0.426212	0.077199	
A/chicken/Xinjiang/S1170/	0.3177	0.2886	0.4621	0.2571	0.174	-0.082	0.382	49.16	0.404	0.406	545	557	-0.424596	0.077199	
A/chicken/Yunnan/1/2014|E	0.3392	0.2661	0.4394	0.2682	0.167	-0.093	0.372	50.39	0.398	0.409	543	558	-0.410574	0.075269	
A/condor/Guangdong/139/20	0.3266	0.2774	0.4511	0.2611	0.175	-0.079	0.382	50.14	0.401	0.409	544	558	-0.414875	0.077061	
A/Curlew/Hong_Kong/AFCD-H	0.3237	0.2727	0.4307	0.2893	0.170	-0.069	0.385	50.55	0.416	0.417	543	557	-0.388510	0.073609	
A/Cygnus_columbianus/Hube	0.3274	0.2739	0.4383	0.2753	0.173	-0.076	0.382	48.89	0.408	0.415	542	556	-0.383453	0.073741	
A/Cygnus_columbianus/Hube	0.3244	0.2778	0.4343	0.2781	0.174	-0.073	0.384	49.75	0.413	0.417	542	556	-0.383273	0.073741	
A/Cygnus_columbianus/Hube	0.3274	0.2739	0.4383	0.2753	0.173	-0.076	0.382	48.89	0.408	0.415	542	556	-0.383453	0.073741	
A/Cygnus_columbianus/Hube	0.3274	0.2739	0.4383	0.2745	0.172	-0.080	0.380	48.83	0.408	0.415	542	556	-0.392806	0.073741	
A/domestic_green-winged_t	0.3274	0.2803	0.4458	0.2669	0.181	-0.057	0.396	50.00	0.405	0.409	543	557	-0.399461	0.075404	
A/duck/China/E26/2012|EPI	0.3133	0.2911	0.4580	0.2665	0.169	-0.103	0.369	50.35	0.411	0.403	545	557	-0.409156	0.078995	
A/duck/China/E53/2012|EPI	0.3177	0.2864	0.4543	0.2714	0.176	-0.087	0.379	49.02	0.410	0.406	544	557	-0.424776	0.077199	
A/duck/Eastern_China/108/	0.3229	0.2762	0.4612	0.2549	0.171	-0.071	0.386	50.27	0.395	0.405	544	557	-0.421185	0.075404	
A/duck/Eastern_China/909/	0.3252	0.2784	0.4383	0.2797	0.176	-0.078	0.382	49.55	0.412	0.410	544	557	-0.379713	0.075404	
A/duck/Fujian/S1233/2018(	0.3199	0.2841	0.4623	0.2571	0.174	-0.084	0.380	48.77	0.400	0.405	545	557	-0.417774	0.075404	
A/duck/Fujian/S1273/2018(	0.3199	0.2864	0.4621	0.2578	0.175	-0.081	0.382	48.72	0.402	0.405	545	557	-0.425673	0.077199	
A/Duck/Fujian/S4146/2010|	0.3163	0.2695	0.4724	0.2640	0.168	-0.099	0.369	49.17	0.394	0.404	545	558	-0.395878	0.077061	
A/duck/Guangdong/S4518/20	0.3244	0.2711	0.4332	0.2893	0.172	-0.077	0.381	50.24	0.414	0.415	543	557	-0.385278	0.073609	
A/duck/Guangdong/S4525/20	0.3244	0.2711	0.4307	0.2921	0.171	-0.080	0.379	50.30	0.416	0.415	543	557	-0.385278	0.073609	
A/duck/Guizhou/S1321/2022	0.3111	0.2867	0.4397	0.2773	0.172	-0.059	0.390	49.95	0.420	0.418	543	557	-0.362837	0.073609	
A/duck/Guizhou/S1711/2024	0.3185	0.2762	0.4497	0.2709	0.173	-0.071	0.385	48.98	0.407	0.414	543	557	-0.391562	0.075404	
A/duck/Hubei/03.06__WHWTZ	0.3221	0.2796	0.4633	0.2614	0.171	-0.105	0.368	50.65	0.399	0.400	544	557	-0.416158	0.077199	
A/duck/Hubei/46/2009|EPI_	0.3244	0.2774	0.4527	0.2562	0.173	-0.087	0.377	50.10	0.399	0.410	544	558	-0.420968	0.075269	
A/duck/Hubei/2911/2007|EP	0.3222	0.2822	0.4433	0.2697	0.177	-0.063	0.392	49.49	0.410	0.412	544	557	-0.386894	0.075404	
A/duck/Hubei/S4465/2021(H	0.3229	0.2784	0.4447	0.2704	0.168	-0.074	0.383	51.13	0.407	0.411	543	557	-0.369479	0.073609	
A/duck/Hubei/SE128/2022(H	0.3229	0.2784	0.4411	0.2725	0.169	-0.071	0.385	50.88	0.409	0.412	543	557	-0.363914	0.073609	
A/duck/Hubei/SE220/2022(H	0.3311	0.2644	0.4307	0.2921	0.170	-0.083	0.378	50.79	0.411	0.413	543	557	-0.385278	0.073609	
A/duck/Hubei/xn/2007|EPI_	0.3125	0.2857	0.4682	0.2585	0.174	-0.084	0.379	49.32	0.403	0.406	543	557	-0.431239	0.077199	
A/duck/Hunan/03.07_YYGK1L	0.3103	0.2946	0.4633	0.2593	0.174	-0.065	0.391	48.35	0.409	0.404	545	557	-0.414183	0.077199	
A/duck/Hunan/12.07__YYGK4	0.3207	0.2873	0.4506	0.2678	0.175	-0.071	0.387	49.55	0.409	0.406	545	557	-0.426032	0.077199	
A/duck/Hunan/12.07__YYGK9	0.3140	0.2895	0.4444	0.2792	0.174	-0.085	0.380	50.26	0.418	0.411	545	557	-0.422980	0.077199	
A/duck/Hunan/12.07_YYGK00	0.3140	0.2873	0.4470	0.2792	0.173	-0.085	0.380	50.27	0.417	0.410	545	557	-0.422980	0.077199	
A/duck/Hunan/12.07_YYGK10	0.3207	0.2873	0.4506	0.2678	0.175	-0.069	0.389	49.84	0.409	0.406	545	557	-0.427648	0.077199	
A/duck/Hunan/316/2005|EPI	0.3266	0.2774	0.4523	0.2633	0.180	-0.067	0.390	49.46	0.401	0.408	544	557	-0.398205	0.075404	
A/duck/Hunan/689/2006|EPI	0.3221	0.2841	0.4472	0.2661	0.182	-0.057	0.395	49.46	0.408	0.410	544	557	-0.402693	0.075404	
A/duck/Hunan/3315/2006|EP	0.3318	0.2713	0.4375	0.2758	0.176	-0.068	0.389	49.35	0.405	0.409	543	557	-0.389946	0.075404	
A/duck/Hunan/S4020/2008|E	0.3139	0.2848	0.4619	0.2707	0.178	-0.086	0.379	49.17	0.408	0.405	544	557	-0.408797	0.077199	
A/duck/Hunan/S4030/2011|E	0.3146	0.2876	0.4645	0.2672	0.175	-0.096	0.373	48.86	0.406	0.403	544	557	-0.396589	0.077199	
A/duck/Hunan/S4150/2011|E	0.3156	0.2822	0.4557	0.2727	0.169	-0.099	0.371	50.34	0.409	0.408	545	557	-0.415979	0.077199	
A/duck/Hunan/S4220/2011|E	0.3126	0.2816	0.4608	0.2678	0.172	-0.078	0.381	49.75	0.406	0.407	544	557	-0.398923	0.077199	
A/duck/Jiangsu/S4439/2017	0.3244	0.2864	0.4569	0.2636	0.176	-0.079	0.385	48.93	0.404	0.402	545	557	-0.431239	0.078995	
A/duck/Jiangsu/SE1128/201	0.3266	0.2864	0.4569	0.2600	0.176	-0.081	0.383	48.76	0.402	0.402	545	557	-0.424237	0.078995	
A/duck/Jiangxi/34/2011|EP	0.3140	0.2695	0.4600	0.2758	0.167	-0.091	0.372	49.77	0.404	0.409	545	558	-0.388531	0.077061	
A/duck/Jiangxi/35/2011|EP	0.3163	0.2695	0.4612	0.2745	0.167	-0.092	0.372	50.00	0.402	0.408	545	558	-0.389606	0.077061	
A/duck/Jiangxi/44/2011|EP	0.3185	0.2673	0.4612	0.2745	0.167	-0.092	0.372	50.04	0.400	0.407	545	558	-0.389606	0.077061	
A/duck/Jiangxi/120/2011|E	0.3215	0.2860	0.4566	0.2585	0.173	-0.071	0.386	50.62	0.404	0.408	544	558	-0.432616	0.078853	
A/duck/Jiangxi/130/2011|E	0.3178	0.2822	0.4596	0.2670	0.169	-0.098	0.372	49.53	0.405	0.404	546	558	-0.421685	0.077061	
A/duck/Jiangxi/S40833/202	0.3229	0.2784	0.4422	0.2732	0.168	-0.074	0.383	50.73	0.409	0.411	543	557	-0.369479	0.073609	
A/duck/Jilin/04.04_SY002-	0.3281	0.2790	0.4557	0.2650	0.172	-0.082	0.382	50.67	0.400	0.403	545	557	-0.422801	0.077199	
A/duck/Jilin/JL-SIV/2013|	0.3444	0.2756	0.4492	0.2479	0.182	-0.071	0.387	49.97	0.389	0.403	543	557	-0.351347	0.077199	
A/duck/Jilin/S1261/2019(H	0.3161	0.2915	0.4442	0.2784	0.175	-0.075	0.386	50.30	0.419	0.409	544	557	-0.432855	0.077199	
A/duck/Jilin/S4171/2019(H	0.3147	0.2946	0.4362	0.2857	0.174	-0.082	0.382	50.20	0.426	0.410	544	557	-0.434470	0.078995	
A/duck/Nanchang/9789/2013	0.3186	0.2699	0.4698	0.2592	0.164	-0.094	0.371	50.20	0.393	0.404	545	558	-0.392652	0.075269	
A/duck/Shandong/009/2008|	0.3259	0.2790	0.4520	0.2663	0.177	-0.081	0.382	48.74	0.403	0.407	544	557	-0.391562	0.078995	
A/Duck/Shandong/Y01/2009|	0.3185	0.2851	0.4543	0.2707	0.177	-0.087	0.378	50.28	0.409	0.405	545	557	-0.424417	0.077199	
A/Duck/Shandong/Y02/2009|	0.3133	0.2911	0.4606	0.2636	0.175	-0.087	0.378	50.02	0.409	0.404	545	557	-0.423339	0.077199	
A/duck/Sichuan/NCXN10/201	0.3356	0.2667	0.4456	0.2684	0.165	-0.092	0.373	50.53	0.397	0.407	542	557	-0.419390	0.073609	
A/duck/Sichuan/NCXN11/201	0.3311	0.2711	0.4495	0.2620	0.166	-0.084	0.376	50.85	0.397	0.408	542	557	-0.406822	0.073609	
A/duck/Xinjiang/S1066/201	0.3154	0.2886	0.4621	0.2599	0.173	-0.085	0.380	49.13	0.406	0.406	545	557	-0.424596	0.077199	
A/duck/Xinjiang/S1126/201	0.3163	0.2895	0.4598	0.2584	0.173	-0.080	0.382	49.75	0.406	0.406	547	557	-0.425135	0.077199	
A/duck/Zhejiang/1220092/2	0.3139	0.2870	0.4619	0.2650	0.171	-0.108	0.366	49.53	0.407	0.404	543	556	-0.411871	0.077338	
A/duck/Zhejiang/S4091/201	0.3199	0.2908	0.4442	0.2743	0.178	-0.077	0.384	50.18	0.415	0.408	544	557	-0.418133	0.077199	
A/equine/China/61/2010|EP	0.3244	0.2819	0.4523	0.2612	0.177	-0.067	0.390	49.53	0.403	0.408	544	557	-0.406643	0.075404	
A/equine/China/67/2010|EP	0.3237	0.2812	0.4511	0.2605	0.177	-0.066	0.390	49.41	0.403	0.409	544	557	-0.397666	0.075404	
A/equine/China/68/2010|EP	0.3259	0.2790	0.4523	0.2612	0.177	-0.066	0.390	49.16	0.401	0.408	544	557	-0.403232	0.075404	
A/Eurasian_Teal/Hong_Kong	0.3200	0.2822	0.4322	0.2809	0.173	-0.071	0.385	49.82	0.418	0.417	543	557	-0.375404	0.073609	
A/Eurasian_Teal/Hong_Kong	0.3229	0.2806	0.4347	0.2781	0.174	-0.077	0.381	49.42	0.414	0.415	543	557	-0.374327	0.073609	
A/Eurasian_Wigeon/Hong_Ko	0.3200	0.2822	0.4347	0.2781	0.173	-0.074	0.383	49.62	0.416	0.417	543	557	-0.375404	0.073609	
A/Eurasian_Wigeon/Hong_Ko	0.3200	0.2822	0.4347	0.2781	0.173	-0.074	0.383	49.62	0.416	0.417	543	557	-0.375404	0.073609	
A/Falco_peregrinus/Beijin	0.3267	0.2711	0.4383	0.2801	0.169	-0.090	0.374	48.88	0.409	0.415	543	557	-0.390844	0.075404	
A/Fujian/1/2005|EPI_ISL_2	0.3252	0.2739	0.4598	0.2612	0.178	-0.075	0.385	48.29	0.396	0.406	545	557	-0.400898	0.077199	
A/Fujian/1/2007|EPI_ISL_7	0.3281	0.2768	0.4509	0.2612	0.175	-0.080	0.381	48.44	0.400	0.408	543	557	-0.385278	0.075404	
A/Gallinago_Stenura/Hong_	0.3200	0.2822	0.4372	0.2753	0.173	-0.071	0.385	49.59	0.414	0.416	543	557	-0.375404	0.073609	
A/goose/China/E43/2012|EP	0.3172	0.2687	0.4571	0.2761	0.165	-0.105	0.365	49.49	0.404	0.409	545	558	-0.410215	0.077061	
A/goose/Guangdong/SH7/201	0.3289	0.2733	0.4408	0.2682	0.167	-0.083	0.376	51.01	0.404	0.412	542	557	-0.394255	0.073609	
A/goose/Guizhou/S1541/202	0.3133	0.2867	0.4372	0.2773	0.173	-0.060	0.390	50.17	0.420	0.417	543	557	-0.361400	0.073609	
A/goose/Hunan/SE284/2022(	0.3289	0.2689	0.4397	0.2773	0.169	-0.089	0.374	49.17	0.405	0.414	543	557	-0.371993	0.075404	
A/goose/Inner_Mongolia/IM	0.3200	0.2867	0.4456	0.2735	0.174	-0.078	0.383	50.28	0.413	0.409	545	557	-0.417774	0.077199	
A/goose/Jiangsu/k0403/201	0.3125	0.2879	0.4582	0.2714	0.177	-0.079	0.382	49.28	0.411	0.406	545	557	-0.394614	0.078995	
A/goose/Jilin/S4034/2019(	0.3154	0.2953	0.4391	0.2792	0.177	-0.065	0.392	51.31	0.423	0.409	544	557	-0.435368	0.077199	
A/goose/Shandong/03.10_HZ	0.3192	0.2879	0.4633	0.2564	0.176	-0.079	0.383	49.33	0.402	0.405	545	557	-0.422083	0.077199	
A/goose/Shandong/GS/2013(	0.3125	0.2924	0.4559	0.2635	0.176	-0.069	0.389	49.85	0.411	0.408	545	557	-0.419031	0.077199	
A/goose/Zhejiang/112071/2	0.3259	0.2857	0.4532	0.2621	0.174	-0.076	0.385	50.81	0.404	0.405	545	557	-0.422083	0.077199	
A/goose/Zhejiang/727098/2	0.3185	0.2873	0.4557	0.2650	0.175	-0.075	0.385	49.65	0.407	0.406	545	557	-0.431239	0.077199	
A/Great_black-headed_Gull	0.3244	0.2819	0.4646	0.2564	0.176	-0.085	0.380	49.26	0.396	0.401	545	557	-0.406643	0.077199	
A/Great_black-headed_Gull	0.3274	0.2780	0.4660	0.2564	0.177	-0.087	0.380	49.27	0.393	0.400	545	557	-0.410413	0.077199	
A/Great_Cormorant/Hubei/c	0.3139	0.2870	0.4608	0.2642	0.172	-0.104	0.368	50.45	0.407	0.405	543	556	-0.406295	0.077338	
A/Great_Cormorant/Hubei/c	0.3139	0.2870	0.4619	0.2650	0.171	-0.108	0.366	50.31	0.407	0.405	543	556	-0.411871	0.077338	
A/Great_Cormorant/Hubei/V	0.3139	0.2870	0.4670	0.2593	0.173	-0.100	0.370	49.56	0.403	0.403	543	556	-0.413309	0.077338	
A/Great_Cormorant/Hubei/V	0.3139	0.2870	0.4670	0.2593	0.172	-0.104	0.368	49.46	0.403	0.403	543	556	-0.411871	0.077338	
A/Great_Cormorant/Hubei/V	0.3177	0.2841	0.4682	0.2571	0.169	-0.111	0.365	49.63	0.400	0.401	543	556	-0.411151	0.077338	
A/Guangdong/1/2006|EPI_IS	0.3252	0.2784	0.4523	0.2605	0.177	-0.067	0.388	49.52	0.401	0.409	544	557	-0.387612	0.075404	
A/Guangdong/1/2008|EPI_IS	0.3192	0.2857	0.4472	0.2669	0.175	-0.075	0.384	50.09	0.410	0.412	544	557	-0.393537	0.075404	
A/Guangdong/2/2006|EPI_IS	0.3252	0.2806	0.4497	0.2640	0.179	-0.065	0.391	49.31	0.404	0.408	545	557	-0.401616	0.077199	
A/Guangxi/1/2005|EPI_ISL_	0.3237	0.2812	0.4497	0.2633	0.179	-0.064	0.392	49.24	0.404	0.410	544	557	-0.412029	0.075404	
A/Guangxi/1/2005|EPI_ISL_	0.3237	0.2812	0.4497	0.2633	0.179	-0.064	0.392	49.24	0.404	0.410	544	557	-0.412029	0.075404	
A/Guangxi/1/2008|EPI_ISL_	0.3289	0.2752	0.4419	0.2797	0.182	-0.088	0.379	50.35	0.408	0.409	544	557	-0.411131	0.077199	
A/Guizhou/1/2009|EPI_ISL_	0.3296	0.2739	0.4436	0.2674	0.176	-0.071	0.386	50.14	0.403	0.409	544	557	-0.385996	0.075404	
A/hill_myna/Heilongjiang/	0.3207	0.2829	0.4532	0.2707	0.171	-0.084	0.380	50.21	0.407	0.407	545	557	-0.424596	0.077199	
A/Hong_Kong/5923/2012|EPI	0.3157	0.2737	0.4724	0.2563	0.167	-0.089	0.374	49.90	0.394	0.405	546	558	-0.391039	0.077061	
A/Hunan/1/2006|EPI_ISL_79	0.3259	0.2768	0.4523	0.2633	0.180	-0.063	0.392	49.62	0.401	0.409	544	557	-0.396409	0.075404	
A/Hunan/1/2008|EPI_ISL_73	0.3393	0.2629	0.4495	0.2732	0.178	-0.084	0.381	49.26	0.394	0.403	543	557	-0.426212	0.077199	
A/Hunan/2/2009|EPI_ISL_79	0.3274	0.2762	0.4411	0.2702	0.177	-0.059	0.393	50.69	0.406	0.409	544	557	-0.394793	0.075404	
A/Japanese_white-eye/Taoy	0.3207	0.2829	0.4557	0.2670	0.170	-0.087	0.378	50.11	0.406	0.408	545	557	-0.425135	0.077199	
A/Jiangsu/1/2007|EPI_ISL_	0.3214	0.2835	0.4509	0.2612	0.176	-0.070	0.387	49.69	0.405	0.411	543	557	-0.399461	0.075404	
A/Jiangsu/2/2007|EPI_ISL_	0.3214	0.2835	0.4509	0.2612	0.176	-0.070	0.387	49.69	0.405	0.411	543	557	-0.399461	0.075404	
A/Jiangxi/1/2005|EPI_ISL_	0.3244	0.2774	0.4559	0.2640	0.183	-0.065	0.392	49.05	0.401	0.407	544	557	-0.407181	0.077199	
A/lesser_kestrel/Heilongj	0.3237	0.2835	0.4433	0.2704	0.179	-0.063	0.392	49.76	0.410	0.411	544	557	-0.393357	0.075404	
A/lion/Hubei/1-2/2016|EPI	0.3191	0.2854	0.4594	0.2657	0.171	-0.109	0.365	49.88	0.405	0.402	543	556	-0.395504	0.077338	
A/mallard/Heilongjiang/HL	0.3222	0.2756	0.4545	0.2712	0.165	-0.114	0.361	50.54	0.404	0.406	545	557	-0.419569	0.077199	
A/mandarin_duck/Heilongji	0.3178	0.2822	0.4347	0.2809	0.175	-0.057	0.392	50.86	0.418	0.415	543	557	-0.366607	0.073609	
A/mandarin_duck/Henan/426	0.3222	0.2778	0.4372	0.2773	0.172	-0.077	0.381	49.12	0.413	0.416	543	557	-0.371993	0.075404	
A/meerkat/Shanghai/SH-1/2	0.3178	0.2867	0.4456	0.2764	0.173	-0.075	0.385	50.33	0.415	0.409	545	557	-0.422083	0.077199	
A/mink/China/G/2015|EPI_I	0.3149	0.2727	0.4684	0.2648	0.169	-0.089	0.375	49.74	0.399	0.407	544	558	-0.393190	0.077061	
A/mink/China/XB/2015|EPI_	0.3146	0.2854	0.4580	0.2707	0.174	-0.100	0.371	49.53	0.410	0.405	542	556	-0.416547	0.077338	
A/mink/Eastern_China/0712	0.3451	0.2522	0.4525	0.2563	0.162	-0.116	0.359	50.37	0.379	0.403	543	556	-0.382014	0.073741	
A/Nanjing/1/2015|EPI_ISL_	0.3124	0.2876	0.4658	0.2635	0.174	-0.104	0.369	49.26	0.406	0.405	544	556	-0.445683	0.077338	
A/ostrich/Suzhou/097/2003	0.3251	0.2892	0.4383	0.2654	0.174	-0.094	0.374	50.58	0.413	0.413	543	558	-0.419176	0.075269	
A/parrot/Guangdong/C99/20	0.3274	0.2758	0.4489	0.2624	0.174	-0.092	0.375	50.01	0.401	0.410	544	558	-0.427240	0.075269	
A/peacock/Yunnan/1/2015|E	0.3139	0.2870	0.4658	0.2614	0.172	-0.104	0.369	49.36	0.404	0.403	544	556	-0.430576	0.077338	
A/peacock/Yunnan/3/2015|E	0.3184	0.2848	0.4596	0.2642	0.174	-0.103	0.369	49.42	0.404	0.402	544	556	-0.400000	0.077338	
A/pigeon/Hubei/RP25/2012|	0.3281	0.2746	0.4684	0.2500	0.174	-0.084	0.381	49.00	0.390	0.402	544	557	-0.401795	0.077199	
A/pigeon/Jiangsu/12.22_TC	0.3237	0.2857	0.4557	0.2621	0.174	-0.076	0.385	50.53	0.404	0.405	545	557	-0.422083	0.077199	
A/pigeon/Jiangxi/S40784/2	0.3229	0.2784	0.4422	0.2732	0.168	-0.074	0.383	50.73	0.409	0.411	543	557	-0.369479	0.073609	
A/pigeon/Jilin/04.25_CCHL	0.3170	0.2902	0.4557	0.2650	0.175	-0.076	0.385	49.78	0.409	0.406	545	557	-0.422801	0.077199	
A/pigeon/Jilin/S4176/2019	0.3147	0.2946	0.4362	0.2865	0.174	-0.082	0.382	50.10	0.426	0.409	544	557	-0.425135	0.078995	
A/pigeon/Sichuan/NCXN29/2	0.3296	0.2717	0.4506	0.2620	0.166	-0.084	0.377	50.83	0.397	0.408	541	557	-0.411490	0.073609	
A/pigeon/Zhejiang/112089/	0.3237	0.2879	0.4520	0.2614	0.174	-0.076	0.385	50.76	0.406	0.406	545	557	-0.417235	0.077199	
A/pigeon/Zhejiang/112090/	0.3170	0.2902	0.4582	0.2621	0.177	-0.076	0.385	49.64	0.407	0.406	545	557	-0.422083	0.077199	
A/pigeon/Zhejiang/727097/	0.3185	0.2873	0.4557	0.2650	0.175	-0.075	0.385	49.65	0.407	0.406	545	557	-0.431239	0.077199	
A/plateau_pika/Qinghai/04	0.3259	0.2902	0.4361	0.2604	0.173	-0.092	0.375	51.28	0.412	0.416	544	558	-0.425448	0.075269	
A/quail/Nanchang/6631/201	0.3164	0.2721	0.4685	0.2627	0.166	-0.088	0.374	50.19	0.396	0.404	545	558	-0.398208	0.075269	
A/Shandong/1/2009|EPI_ISL	0.3237	0.2812	0.4509	0.2627	0.175	-0.071	0.387	49.65	0.403	0.409	543	557	-0.398384	0.075404	
A/Sichuan/1/2006|EPI_ISL_	0.3274	0.2739	0.4523	0.2633	0.175	-0.075	0.384	48.95	0.399	0.408	544	557	-0.404847	0.075404	
A/Sichuan/2/2006|EPI_ISL_	0.3237	0.2790	0.4548	0.2605	0.178	-0.063	0.392	48.99	0.401	0.408	544	557	-0.403770	0.075404	
A/Spatula_querquedula/Cho	0.3296	0.2717	0.4408	0.2717	0.171	-0.092	0.373	49.19	0.404	0.413	542	557	-0.377738	0.075404	
A/swine/Shandong/SD1/2014	0.3177	0.2864	0.4500	0.2611	0.173	-0.092	0.375	50.18	0.408	0.414	544	558	-0.404480	0.075269	
A/tiger/Yunnan/tig1404/20	0.3378	0.2711	0.4383	0.2626	0.167	-0.086	0.375	50.75	0.399	0.410	542	557	-0.394255	0.073609	
A/tiger/Yunnan/tig1412/20	0.3179	0.2715	0.4623	0.2640	0.168	-0.084	0.376	50.02	0.398	0.407	545	558	-0.399104	0.075269	
A/tiger/Yunnan/tig1508/20	0.3147	0.2857	0.4596	0.2663	0.172	-0.100	0.371	50.20	0.407	0.403	545	558	-0.405018	0.077061	
A/tundra_swan/Fujian/SD12	0.3200	0.2822	0.4322	0.2809	0.173	-0.071	0.385	49.86	0.418	0.417	543	557	-0.375404	0.073609	
A/turtle_dove/Guangdong/3	0.3333	0.2774	0.4509	0.2556	0.181	-0.068	0.389	48.66	0.396	0.407	543	557	-0.396050	0.073609	
A/turtle_dove/Hunan/S4004	0.3139	0.2892	0.4594	0.2678	0.168	-0.122	0.358	49.95	0.410	0.405	544	556	-0.430216	0.079137	
A/whooper_swan/Henan/8/20	0.3222	0.2778	0.4347	0.2801	0.171	-0.077	0.381	49.62	0.414	0.417	543	557	-0.371993	0.075404	
A/whooper_swan/Henan/14/2	0.3222	0.2800	0.4372	0.2745	0.173	-0.073	0.383	49.28	0.413	0.416	543	557	-0.371993	0.075404	
A/whooper_swan/Henan/44/2	0.3222	0.2800	0.4372	0.2745	0.173	-0.073	0.383	49.28	0.413	0.416	543	557	-0.371993	0.075404	
A/whooper_swan/Henan/45/2	0.3222	0.2800	0.4372	0.2745	0.173	-0.073	0.383	49.28	0.413	0.416	543	557	-0.371993	0.075404	
A/whooper_swan/Henan/46/2	0.3222	0.2778	0.4372	0.2773	0.172	-0.077	0.381	49.12	0.413	0.416	543	557	-0.371993	0.075404	
A/whooper_swan/Henan/424/	0.3222	0.2778	0.4372	0.2773	0.172	-0.077	0.381	49.12	0.413	0.416	543	557	-0.371993	0.075404	
A/whooper_swan/Henan/SMX1	0.3244	0.2841	0.4596	0.2585	0.181	-0.076	0.385	49.11	0.400	0.403	545	557	-0.416158	0.077199	
A/whooper_swan/Henan/SMX3	0.3266	0.2841	0.4571	0.2585	0.182	-0.073	0.387	49.36	0.400	0.403	545	557	-0.416158	0.077199	
A/whooper_swan/Henan/SMX4	0.3266	0.2841	0.4596	0.2557	0.181	-0.073	0.387	48.73	0.398	0.402	545	557	-0.416158	0.077199	
A/whooper_swan/Henan/SMX9	0.3266	0.2841	0.4571	0.2585	0.182	-0.073	0.387	49.36	0.400	0.403	545	557	-0.416158	0.077199	
A/whooper_swan/Shanxi/14/	0.3222	0.2800	0.4372	0.2745	0.173	-0.073	0.383	49.28	0.413	0.416	543	557	-0.371993	0.075404	
A/whooper_swan/Shanxi/20/	0.3222	0.2800	0.4372	0.2745	0.173	-0.073	0.383	49.28	0.413	0.416	543	557	-0.371993	0.075404	
A/wild_duck/Fujian/1/2011	0.3126	0.2749	0.4673	0.2640	0.171	-0.074	0.383	49.99	0.400	0.407	545	558	-0.400179	0.077061	
A/wild_duck/Fujian/2/2011	0.3126	0.2749	0.4673	0.2640	0.171	-0.074	0.383	49.99	0.400	0.407	545	558	-0.400179	0.077061	
A/wild_duck/Hebei/SD012/2	0.3156	0.2822	0.4361	0.2829	0.175	-0.059	0.392	48.69	0.419	0.417	544	557	-0.369480	0.073609	
A/wild_duck/Jilin/HF/2011	0.3185	0.2829	0.4582	0.2678	0.171	-0.099	0.371	49.37	0.406	0.404	545	557	-0.400180	0.077199	
A/wild_duck/Jilin/ZF/2011	0.3147	0.2902	0.4518	0.2743	0.176	-0.088	0.378	49.77	0.415	0.406	545	557	-0.419569	0.077199	
A/wild_duck/Shandong/1/20	0.3311	0.2841	0.4596	0.2444	0.175	-0.070	0.386	49.78	0.393	0.398	544	558	-0.376523	0.075269	
A/wild_duck/Shandong/2/20	0.3133	0.2911	0.4580	0.2665	0.174	-0.090	0.376	50.04	0.411	0.405	545	557	-0.423339	0.077199	
A/wild_duck/Shandong/628/	0.3171	0.2794	0.4500	0.2674	0.173	-0.064	0.387	50.67	0.407	0.413	545	557	-0.376122	0.073609	
A/Xinjiang/1/2006|EPI_ISL	0.3200	0.2756	0.4525	0.2659	0.166	-0.098	0.369	49.88	0.404	0.410	545	558	-0.430645	0.073477	
A/Xinjiang/1/2009|EPI_ISL	0.3371	0.2656	0.4698	0.2430	0.174	-0.075	0.386	48.87	0.379	0.403	544	557	-0.410233	0.075404	
A/Zhejiang/1/2006|EPI_ISL	0.3214	0.2812	0.4472	0.2689	0.178	-0.069	0.388	49.13	0.408	0.411	544	557	-0.403770	0.075404	
A/Anas_platyrhynchos/jiuj	0.3296	0.2717	0.4408	0.2717	0.171	-0.092	0.373	49.19	0.404	0.413	542	557	-0.377738	0.075404	
A/Anhui/1/2006_H5N1|GCA_0	0.3252	0.2784	0.4536	0.2570	0.178	-0.064	0.390	49.31	0.399	0.408	544	557	-0.381508	0.075404	
A/Anhui/1/2007_H5N1|GCA_0	0.3318	0.2673	0.4484	0.2725	0.174	-0.085	0.379	48.75	0.399	0.406	544	557	-0.408977	0.075404	
A/Anhui/2/2005_H5N1|GCA_0	0.3237	0.2768	0.4523	0.2661	0.175	-0.079	0.382	49.12	0.403	0.409	544	557	-0.403770	0.075404	
A/Anser_cygnoides/China/P	0.3356	0.2689	0.4433	0.2626	0.165	-0.093	0.371	50.43	0.397	0.410	542	557	-0.394255	0.073609	
A/Anser_fabalis/jiujiang/	0.3296	0.2739	0.4383	0.2717	0.172	-0.085	0.376	49.25	0.406	0.414	542	557	-0.377738	0.075404	
A/Anser_fabalis/jiujiang/	0.3222	0.2778	0.4433	0.2717	0.172	-0.074	0.383	48.83	0.409	0.415	543	557	-0.390844	0.075404	
A/Anser_fabalis/jiujiang/	0.3296	0.2739	0.4383	0.2717	0.172	-0.085	0.376	49.25	0.406	0.414	542	557	-0.377738	0.075404	
A/Duck/Jiangxi/631/2024_H	0.3252	0.2762	0.4372	0.2773	0.171	-0.086	0.376	49.16	0.411	0.414	543	557	-0.382226	0.075404	
A/Guangdong/1/2008_H5N1|G	0.3192	0.2857	0.4472	0.2669	0.175	-0.075	0.384	50.09	0.410	0.412	544	557	-0.393537	0.075404	
A/Guangdong/2/2006_H5N1|G	0.3252	0.2806	0.4497	0.2640	0.179	-0.065	0.391	49.31	0.404	0.408	545	557	-0.401616	0.077199	
A/Guangxi/1/2005_H5N1|GCA	0.3237	0.2812	0.4509	0.2640	0.178	-0.067	0.390	48.83	0.404	0.409	544	557	-0.397128	0.075404	
A/Guangxi/1/2008_H5N1|GCA	0.3289	0.2752	0.4419	0.2797	0.182	-0.088	0.379	50.35	0.408	0.409	544	557	-0.411131	0.077199	
A/Guizhou/1/2009_H5N1|GCA	0.3296	0.2739	0.4436	0.2674	0.176	-0.071	0.386	50.14	0.403	0.409	544	557	-0.385996	0.075404	
A/Hunan/1/2008_H5N1|GCA_0	0.3393	0.2629	0.4495	0.2732	0.178	-0.084	0.381	49.26	0.394	0.403	543	557	-0.426212	0.077199	
A/Hunan/2/2009_H5N1|GCA_0	0.3274	0.2762	0.4411	0.2702	0.177	-0.059	0.393	50.69	0.406	0.409	544	557	-0.394793	0.075404	
A/Japanese_white-eye/Taoy	0.3207	0.2829	0.4557	0.2670	0.170	-0.087	0.378	50.11	0.406	0.408	545	557	-0.425135	0.077199	
A/Nanjing/1/2015_H5N1|GCA	0.3124	0.2876	0.4658	0.2635	0.174	-0.104	0.369	49.26	0.406	0.405	544	556	-0.445683	0.077338	
A/Shandong/1/2009_H5N1|GC	0.3237	0.2812	0.4509	0.2627	0.175	-0.071	0.387	49.65	0.403	0.409	543	557	-0.398384	0.075404	
A/Spatula_querquedula/cho	0.3296	0.2717	0.4408	0.2717	0.171	-0.092	0.373	49.19	0.404	0.413	542	557	-0.377738	0.075404	
A/Wild_bird/Huadong/CM120	0.3191	0.2854	0.4670	0.2564	0.172	-0.102	0.370	51.02	0.400	0.401	543	556	-0.415288	0.077338	
A/Wild_bird/Huadong/DT10/	0.3154	0.2931	0.4504	0.2714	0.176	-0.068	0.390	49.87	0.415	0.406	544	557	-0.433034	0.077199	
A/Wild_bird/Huadong/JYWB4	0.3214	0.2857	0.4506	0.2707	0.175	-0.079	0.383	50.10	0.409	0.407	545	557	-0.422083	0.077199	
A/Xinjiang/1/2009_H5N1|GC	0.3371	0.2656	0.4698	0.2430	0.174	-0.075	0.386	48.87	0.379	0.403	544	557	-0.410233	0.075404	
A/avian/Hong_Kong/0719/20	0.3326	0.2746	0.4422	0.2697	0.181	-0.070	0.388	49.84	0.403	0.408	544	557	-0.395871	0.075404	
A/avian/Hong_Kong/1993/20	0.3326	0.2746	0.4408	0.2732	0.181	-0.070	0.388	49.83	0.404	0.408	544	557	-0.400898	0.075404	
A/avian/Hong_Kong/2372/20	0.3326	0.2746	0.4397	0.2725	0.181	-0.070	0.388	49.93	0.404	0.409	544	557	-0.395871	0.075404	
A/bar-headed_goose/Qingha	0.3192	0.2768	0.4612	0.2633	0.168	-0.100	0.371	48.92	0.400	0.407	545	558	-0.431541	0.075269	
A/bar-headed_goose/Tibet/	0.3207	0.2784	0.4598	0.2605	0.170	-0.096	0.372	49.03	0.400	0.408	545	558	-0.426703	0.075269	
A/brown-headed_gull/Qingh	0.3163	0.2895	0.4504	0.2751	0.175	-0.091	0.376	49.55	0.415	0.406	545	557	-0.411670	0.077199	
A/brown-headed_gull/Qingh	0.3199	0.2841	0.4506	0.2756	0.177	-0.087	0.378	49.55	0.411	0.406	545	557	-0.403950	0.077199	
A/chicken/China/Cangzhou0	0.3289	0.2689	0.4383	0.2801	0.169	-0.096	0.370	48.98	0.407	0.414	543	557	-0.390844	0.075404	
A/chicken/China/E93/2012_	0.3289	0.2864	0.4518	0.2571	0.180	-0.063	0.392	50.74	0.403	0.401	544	557	-0.382585	0.077199	
A/chicken/China/E96/2012_	0.3341	0.2806	0.4520	0.2535	0.177	-0.076	0.383	50.60	0.396	0.400	545	557	-0.365171	0.075404	
A/chicken/Eastern_China/Z	0.3266	0.2841	0.4529	0.2621	0.175	-0.077	0.383	50.22	0.403	0.405	543	557	-0.432495	0.075404	
A/chicken/Eastern_China/Z	0.3251	0.2870	0.4569	0.2542	0.176	-0.082	0.381	50.60	0.401	0.405	543	557	-0.442190	0.077199	
A/chicken/Fujian/1/2007_H	0.3237	0.2772	0.4520	0.2620	0.175	-0.092	0.374	48.09	0.401	0.412	543	557	-0.348294	0.077199	
A/chicken/Gansu/5/2012_H5	0.3386	0.2803	0.4684	0.2338	0.179	-0.065	0.390	48.89	0.382	0.394	544	557	-0.380970	0.075404	
A/chicken/Gansu/6/2012_H5	0.3274	0.2892	0.4545	0.2500	0.179	-0.062	0.392	51.20	0.401	0.402	544	557	-0.391742	0.075404	
A/chicken/Guangdong/1/200	0.3303	0.2787	0.4571	0.2521	0.175	-0.083	0.380	49.67	0.395	0.406	542	557	-0.424237	0.075404	
A/chicken/Guangxi/S2039/2	0.3222	0.2711	0.4621	0.2691	0.173	-0.097	0.371	48.75	0.398	0.405	545	558	-0.402330	0.077061	
A/chicken/Guizhou/7/2008_	0.3289	0.2756	0.4436	0.2697	0.176	-0.059	0.393	49.96	0.404	0.409	545	557	-0.386894	0.077199	
A/chicken/Hebei/A-8/2009_	0.3252	0.2806	0.4645	0.2507	0.168	-0.091	0.374	49.34	0.394	0.398	543	557	-0.360682	0.075404	
A/chicken/Henan/A-7/2006_	0.3229	0.2892	0.4461	0.2612	0.175	-0.087	0.377	49.52	0.408	0.408	544	558	-0.357706	0.075269	
A/chicken/Huadong/4/2008_	0.3326	0.2790	0.4596	0.2500	0.171	-0.096	0.371	49.78	0.392	0.400	544	558	-0.333513	0.077061	
A/chicken/Hubei/2856/2007	0.3229	0.2806	0.4475	0.2661	0.177	-0.057	0.394	50.66	0.406	0.409	545	557	-0.384919	0.075404	
A/chicken/Hunan/1793/2007	0.3326	0.2719	0.4520	0.2648	0.178	-0.068	0.389	48.53	0.397	0.406	542	557	-0.405925	0.075404	
A/chicken/Hunan/21/2005_H	0.3229	0.2806	0.4548	0.2577	0.175	-0.072	0.386	48.83	0.401	0.408	544	557	-0.404847	0.075404	
A/chicken/Hunan/3/2007_H5	0.3065	0.2931	0.4631	0.2642	0.178	-0.082	0.381	49.57	0.413	0.408	543	557	-0.427110	0.078995	
A/chicken/Hunan/3157/2006	0.3251	0.2803	0.4425	0.2694	0.183	-0.048	0.401	50.03	0.408	0.412	544	557	-0.403411	0.075404	
A/chicken/Hunan/8/2008_H5	0.3117	0.2892	0.4772	0.2472	0.174	-0.085	0.379	48.59	0.398	0.403	543	557	-0.440215	0.075404	
A/chicken/Jiangsu/18/2008	0.3326	0.2812	0.4646	0.2408	0.170	-0.097	0.371	49.52	0.388	0.398	544	558	-0.341219	0.075269	
A/chicken/Jiangsu/2477/20	0.3192	0.2879	0.4520	0.2670	0.176	-0.079	0.383	49.54	0.409	0.407	545	557	-0.421724	0.077199	
A/chicken/Jiangsu/927/201	0.3229	0.2851	0.4532	0.2657	0.174	-0.085	0.380	50.21	0.406	0.405	545	557	-0.422621	0.077199	
A/chicken/Jiangsu/YB7/201	0.3117	0.2892	0.4645	0.2621	0.172	-0.101	0.370	50.30	0.407	0.405	543	556	-0.411871	0.077338	
A/chicken/Jiangsu/k0402/2	0.3080	0.2902	0.4608	0.2707	0.177	-0.084	0.380	49.12	0.413	0.406	545	557	-0.414722	0.077199	
A/chicken/Jiangxi/25/2011	0.3163	0.2695	0.4612	0.2745	0.167	-0.092	0.372	50.00	0.402	0.408	545	558	-0.389606	0.077061	
A/chicken/Liaoning/23/200	0.3215	0.2794	0.4464	0.2652	0.168	-0.092	0.374	50.07	0.407	0.413	546	559	-0.435062	0.071556	
A/chicken/Liaoning/A-1/20	0.3326	0.2783	0.4511	0.2583	0.177	-0.087	0.378	49.84	0.398	0.404	543	557	-0.377738	0.075404	
A/chicken/Liaoning/S4092/	0.3341	0.2848	0.4582	0.2443	0.180	-0.070	0.387	49.37	0.392	0.398	543	557	-0.365530	0.075404	
A/chicken/Ningxia/2/2012_	0.3378	0.2796	0.4684	0.2338	0.178	-0.068	0.388	48.79	0.382	0.395	544	557	-0.375404	0.075404	
A/chicken/Ningxia/222/201	0.3371	0.2790	0.4672	0.2360	0.178	-0.069	0.387	48.79	0.383	0.396	545	557	-0.371275	0.075404	
A/chicken/Ningxia/24/2006	0.3273	0.2844	0.4497	0.2570	0.174	-0.086	0.378	50.27	0.402	0.406	542	558	-0.392115	0.075269	
A/chicken/North_China/k06	0.3259	0.2835	0.4594	0.2535	0.173	-0.068	0.388	49.43	0.399	0.403	544	557	-0.425494	0.075404	
A/chicken/Shandong/A-10/2	0.3236	0.2899	0.4339	0.2687	0.178	-0.082	0.379	49.11	0.415	0.411	544	558	-0.360215	0.073477	
A/chicken/Shantou/3744/20	0.3149	0.2816	0.4417	0.2727	0.166	-0.099	0.370	49.78	0.414	0.416	546	558	-0.408423	0.075269	
A/chicken/Shanxi/10/2006_	0.3266	0.2793	0.4453	0.2674	0.169	-0.111	0.362	49.90	0.404	0.406	544	558	-0.398925	0.075269	
A/chicken/Sheny/0606/2008	0.3318	0.2709	0.4484	0.2732	0.169	-0.110	0.365	50.48	0.400	0.409	542	558	-0.378315	0.078853	
A/chicken/Sichuan/81/2005	0.3214	0.2790	0.4548	0.2626	0.179	-0.066	0.390	48.67	0.403	0.409	544	557	-0.404309	0.075404	
A/chicken/Wuhan/HAQL07/20	0.3139	0.2870	0.4645	0.2621	0.172	-0.104	0.368	50.28	0.405	0.404	543	556	-0.411871	0.077338	
A/chicken/Wuhan/HAQL16/20	0.3139	0.2870	0.4670	0.2593	0.171	-0.108	0.366	50.36	0.403	0.403	543	556	-0.411871	0.077338	
A/chicken/Wuxi/WX-32/2013	0.3207	0.2851	0.4506	0.2714	0.172	-0.087	0.378	50.15	0.409	0.406	545	557	-0.413824	0.077199	
A/chicken/Wuxi/WX-33/2013	0.3252	0.2829	0.4506	0.2678	0.175	-0.078	0.383	49.92	0.406	0.406	545	557	-0.423160	0.077199	
A/chicken/Xinjiang/17/200	0.3341	0.2825	0.4307	0.2717	0.173	-0.088	0.378	50.69	0.411	0.414	543	558	-0.408423	0.075269	
A/chicken/Xinjiang/27/200	0.3258	0.2831	0.4411	0.2682	0.175	-0.083	0.379	50.80	0.409	0.409	543	558	-0.389427	0.077061	
A/chicken/Xinjiang/53/200	0.3266	0.2838	0.4436	0.2654	0.174	-0.081	0.379	50.97	0.407	0.408	543	558	-0.407885	0.075269	
A/chicken/Xinjiang/54/200	0.3303	0.2787	0.4411	0.2674	0.172	-0.093	0.374	50.05	0.405	0.412	543	558	-0.396774	0.075269	
A/chicken/Xinjiang/67/200	0.3251	0.2825	0.4386	0.2709	0.172	-0.089	0.376	50.32	0.411	0.412	543	558	-0.393011	0.075269	
A/chicken/Xinjiang/68/200	0.3303	0.2787	0.4411	0.2674	0.171	-0.093	0.374	50.01	0.405	0.412	543	558	-0.396774	0.075269	
A/chicken/Yunnan/1/2014_H	0.3392	0.2661	0.4394	0.2682	0.167	-0.093	0.372	50.39	0.398	0.409	543	558	-0.410574	0.075269	
A/chicken/Yunnan/207/2004	0.3274	0.2717	0.4586	0.2556	0.174	-0.087	0.377	49.59	0.393	0.408	544	557	-0.408797	0.075404	
A/chicken/Yunnan/5686/200	0.3244	0.2774	0.4586	0.2556	0.176	-0.085	0.379	49.45	0.397	0.409	544	557	-0.430521	0.075404	
A/chicken/Yunnan/6797/200	0.3252	0.2739	0.4586	0.2556	0.175	-0.083	0.379	49.60	0.395	0.408	544	557	-0.408797	0.075404	
A/chicken/Yunnan/6885/200	0.3259	0.2746	0.4586	0.2563	0.176	-0.087	0.377	49.27	0.395	0.407	544	557	-0.407181	0.075404	
A/condor/Guangdong/139/20	0.3266	0.2774	0.4511	0.2611	0.175	-0.079	0.382	50.14	0.401	0.409	544	558	-0.414875	0.077061	
A/domestic_green-winged_t	0.3274	0.2803	0.4458	0.2669	0.181	-0.057	0.396	50.00	0.405	0.409	543	557	-0.399461	0.075404	
A/duck/Anhui/56/2005_H5N1	0.3259	0.2768	0.4584	0.2592	0.181	-0.061	0.393	48.80	0.397	0.405	544	557	-0.408797	0.077199	
A/duck/China/0935/2017_H5	0.3266	0.2841	0.4569	0.2629	0.175	-0.082	0.383	48.93	0.402	0.402	545	557	-0.432496	0.078995	
A/duck/China/1033/2017_H5	0.3244	0.2864	0.4569	0.2629	0.176	-0.078	0.385	48.96	0.404	0.403	545	557	-0.432496	0.078995	
A/duck/China/E26/2012_H5N	0.3133	0.2911	0.4580	0.2665	0.169	-0.103	0.369	50.35	0.411	0.403	545	557	-0.409156	0.078995	
A/duck/China/E53/2012_H5N	0.3177	0.2864	0.4543	0.2714	0.176	-0.087	0.379	49.02	0.410	0.406	544	557	-0.424776	0.077199	
A/duck/Eastern_China/057/	0.3251	0.2848	0.4506	0.2620	0.177	-0.081	0.381	49.19	0.405	0.408	543	557	-0.415799	0.075404	
A/duck/Eastern_China/108/	0.3229	0.2762	0.4612	0.2549	0.171	-0.071	0.386	50.27	0.395	0.405	544	557	-0.421185	0.075404	
A/duck/Eastern_China/909/	0.3252	0.2784	0.4383	0.2797	0.176	-0.078	0.382	49.55	0.412	0.410	544	557	-0.379713	0.075404	
A/duck/Guangdong/23/2004_	0.3161	0.2848	0.4586	0.2618	0.172	-0.088	0.376	48.88	0.406	0.407	545	558	-0.425807	0.075269	
A/duck/Hubei/2911/2007_H5	0.3222	0.2822	0.4433	0.2697	0.177	-0.063	0.392	49.49	0.410	0.412	544	557	-0.386894	0.075404	
A/duck/Hubei/49/2005_H5N1	0.3237	0.2768	0.4523	0.2654	0.178	-0.071	0.386	48.88	0.403	0.409	544	557	-0.400000	0.075404	
A/duck/Hubei/xn/2007_H5N1	0.3125	0.2857	0.4682	0.2585	0.174	-0.084	0.379	49.32	0.403	0.406	543	557	-0.431239	0.077199	
A/duck/Hunan/3/2007_H5N1|	0.3043	0.2953	0.4682	0.2585	0.178	-0.072	0.387	49.49	0.411	0.408	543	557	-0.430162	0.077199	
A/duck/Hunan/316/2005_H5N	0.3266	0.2774	0.4523	0.2633	0.180	-0.067	0.390	49.46	0.401	0.408	544	557	-0.398205	0.075404	
A/duck/Hunan/3315/2006_H5	0.3318	0.2713	0.4375	0.2758	0.176	-0.068	0.389	49.35	0.405	0.409	543	557	-0.389946	0.075404	
A/duck/Hunan/689/2006_H5N	0.3221	0.2841	0.4472	0.2661	0.182	-0.057	0.395	49.46	0.408	0.410	544	557	-0.402693	0.075404	
A/duck/Hunan/733/2004_H5N	0.3296	0.2758	0.4509	0.2626	0.180	-0.079	0.383	49.06	0.400	0.409	543	557	-0.422980	0.075404	
A/duck/Hunan/8/2008_H5N1|	0.3111	0.2844	0.4594	0.2691	0.174	-0.091	0.375	49.81	0.410	0.409	544	557	-0.418312	0.077199	
A/duck/Hunan/S4020/2008_H	0.3139	0.2848	0.4619	0.2707	0.178	-0.086	0.379	49.17	0.408	0.405	544	557	-0.408797	0.077199	
A/duck/Hunan/S4030/2011_H	0.3146	0.2876	0.4645	0.2672	0.175	-0.096	0.373	48.86	0.406	0.403	544	557	-0.396589	0.077199	
A/duck/Hunan/S4150/2011_H	0.3156	0.2822	0.4557	0.2727	0.169	-0.099	0.371	50.34	0.409	0.408	545	557	-0.415979	0.077199	
A/duck/Hunan/S4220/2011_H	0.3126	0.2816	0.4608	0.2678	0.172	-0.078	0.381	49.75	0.406	0.407	544	557	-0.398923	0.077199	
A/duck/Jiangxi/120/2011_H	0.3215	0.2860	0.4566	0.2585	0.173	-0.071	0.386	50.62	0.404	0.408	544	558	-0.432616	0.078853	
A/duck/Jiangxi/130/2011_H	0.3178	0.2822	0.4596	0.2670	0.169	-0.098	0.372	49.53	0.405	0.404	546	558	-0.421685	0.077061	
A/duck/Jiangxi/34/2011_H5	0.3140	0.2695	0.4600	0.2758	0.167	-0.091	0.372	49.77	0.404	0.409	545	558	-0.388531	0.077061	
A/duck/Jiangxi/35/2011_H5	0.3163	0.2695	0.4612	0.2745	0.167	-0.092	0.372	50.00	0.402	0.408	545	558	-0.389606	0.077061	
A/duck/Jiangxi/44/2011_H5	0.3185	0.2673	0.4612	0.2745	0.167	-0.092	0.372	50.04	0.400	0.407	545	558	-0.389606	0.077061	
A/duck/Jiangxi/80/2005_H5	0.3304	0.2723	0.4486	0.2682	0.178	-0.070	0.387	49.34	0.400	0.407	545	558	-0.417921	0.073477	
A/duck/Jilin/JL-SIV/2013_	0.3444	0.2756	0.4492	0.2479	0.182	-0.071	0.387	49.97	0.389	0.403	543	557	-0.351347	0.077199	
A/duck/Nanchang/9789/2013	0.3186	0.2699	0.4698	0.2592	0.164	-0.094	0.371	50.20	0.393	0.404	545	558	-0.392652	0.075269	
A/duck/Shandong/009/2008_	0.3259	0.2790	0.4520	0.2663	0.177	-0.081	0.382	48.74	0.403	0.407	544	557	-0.391562	0.078995	
A/duck/Sichuan/NCXN10/201	0.3356	0.2667	0.4456	0.2684	0.165	-0.092	0.373	50.53	0.397	0.407	542	557	-0.419390	0.073609	
A/duck/Sichuan/NCXN11/201	0.3311	0.2711	0.4495	0.2620	0.166	-0.084	0.376	50.85	0.397	0.408	542	557	-0.406822	0.073609	
A/duck/Wenzhou/YJYF33/201	0.3132	0.2864	0.4594	0.2678	0.167	-0.123	0.357	49.29	0.409	0.404	543	556	-0.408993	0.079137	
A/duck/Yunnan/4072/2003_H	0.3258	0.2787	0.4536	0.2583	0.177	-0.091	0.376	49.06	0.400	0.409	543	557	-0.416696	0.073609	
A/duck/Yunnan/426/2004_H5	0.3252	0.2739	0.4586	0.2556	0.176	-0.081	0.381	49.46	0.395	0.408	544	557	-0.401975	0.075404	
A/duck/Yunnan/4645/2003_H	0.3206	0.2780	0.4548	0.2639	0.175	-0.091	0.376	49.56	0.403	0.411	543	557	-0.436266	0.075404	
A/duck/Yunnan/47/2006_H5N	0.3296	0.2780	0.4433	0.2725	0.181	-0.065	0.390	49.29	0.406	0.406	544	558	-0.400896	0.077061	
A/duck/Yunnan/485/2004_H5	0.3281	0.2723	0.4586	0.2556	0.176	-0.084	0.379	49.71	0.393	0.408	544	557	-0.407720	0.075404	
A/duck/Yunnan/4873/2006_H	0.3304	0.2746	0.4573	0.2556	0.177	-0.077	0.382	48.66	0.393	0.404	544	557	-0.386894	0.075404	
A/duck/Yunnan/5090/2003_H	0.3258	0.2787	0.4548	0.2591	0.179	-0.085	0.379	49.47	0.400	0.409	543	557	-0.419210	0.075404	
A/duck/Yunnan/5169/2003_H	0.3258	0.2787	0.4548	0.2591	0.178	-0.085	0.379	49.49	0.400	0.409	543	557	-0.419210	0.075404	
A/duck/Yunnan/522/2004_H5	0.3252	0.2739	0.4586	0.2556	0.176	-0.081	0.381	49.46	0.395	0.408	544	557	-0.401975	0.075404	
A/duck/Yunnan/5310/2006_H	0.3170	0.2857	0.4497	0.2654	0.179	-0.062	0.392	49.62	0.410	0.412	544	557	-0.405745	0.075404	
A/duck/Yunnan/5948/2003_H	0.3244	0.2774	0.4561	0.2583	0.176	-0.088	0.377	49.25	0.399	0.409	544	557	-0.416158	0.075404	
A/duck/Yunnan/6080/2003_H	0.3259	0.2746	0.4586	0.2556	0.176	-0.084	0.379	49.31	0.395	0.408	544	557	-0.407720	0.075404	
A/duck/Yunnan/6603/2003_H	0.3259	0.2746	0.4586	0.2548	0.178	-0.084	0.379	49.36	0.395	0.408	544	557	-0.408258	0.075404	
A/duck/Zhejiang/1220092/2	0.3139	0.2870	0.4619	0.2650	0.171	-0.108	0.366	49.53	0.407	0.404	543	556	-0.411871	0.077338	
A/duck/Zhejiang/213/2011_	0.3156	0.2711	0.4721	0.2663	0.167	-0.095	0.371	49.33	0.397	0.405	544	558	-0.403943	0.077061	
A/duck/Zhejiang/224/2011_	0.3192	0.2679	0.4724	0.2633	0.169	-0.092	0.372	49.19	0.393	0.404	545	558	-0.395341	0.077061	
A/duck/Zhejiang/2242/2011	0.3163	0.2695	0.4698	0.2669	0.166	-0.099	0.369	49.24	0.396	0.406	545	558	-0.395161	0.077061	
A/duck/Zhejiang/2243/2011	0.3163	0.2695	0.4698	0.2669	0.166	-0.099	0.369	49.24	0.396	0.406	545	558	-0.395161	0.077061	
A/duck/Zhejiang/2244/2011	0.3163	0.2695	0.4698	0.2669	0.167	-0.096	0.371	49.42	0.396	0.406	545	558	-0.399463	0.077061	
A/duck/Zhejiang/2245/2011	0.3163	0.2695	0.4698	0.2669	0.166	-0.099	0.369	49.24	0.396	0.406	545	558	-0.395161	0.077061	
A/duck/Zhejiang/2248/2011	0.3147	0.2701	0.4712	0.2661	0.167	-0.096	0.371	49.23	0.396	0.406	545	558	-0.395878	0.077061	
A/equine/China/61/2010_H5	0.3244	0.2819	0.4523	0.2612	0.177	-0.067	0.390	49.53	0.403	0.408	544	557	-0.406643	0.075404	
A/equine/China/67/2010_H5	0.3237	0.2812	0.4511	0.2605	0.177	-0.066	0.390	49.41	0.403	0.409	544	557	-0.397666	0.075404	
A/equine/China/68/2010_H5	0.3259	0.2790	0.4523	0.2612	0.177	-0.066	0.390	49.16	0.401	0.408	544	557	-0.403232	0.075404	
A/goose/China/E43/2012_H5	0.3172	0.2687	0.4571	0.2761	0.165	-0.105	0.365	49.49	0.404	0.409	545	558	-0.410215	0.077061	
A/goose/Eastern_China/223	0.3221	0.2864	0.4506	0.2620	0.174	-0.081	0.381	50.09	0.407	0.408	543	557	-0.414004	0.075404	
A/goose/GuangDong/1189/20	0.3237	0.2749	0.4372	0.2793	0.173	-0.078	0.381	49.02	0.412	0.417	544	557	-0.386715	0.075404	
A/goose/Guangdong/72/2004	0.3289	0.2796	0.4475	0.2576	0.179	-0.077	0.382	50.45	0.401	0.411	544	558	-0.410573	0.073477	
A/goose/Hubei/65/2005_H5N	0.3259	0.2768	0.4497	0.2669	0.175	-0.073	0.386	48.94	0.403	0.408	544	557	-0.403232	0.075404	
A/goose/Inner_Mongolia/IM	0.3200	0.2867	0.4456	0.2735	0.174	-0.078	0.383	50.28	0.413	0.409	545	557	-0.417774	0.077199	
A/goose/Jiangsu/k0403/201	0.3125	0.2879	0.4582	0.2714	0.177	-0.079	0.382	49.28	0.411	0.406	545	557	-0.394614	0.078995	
A/goose/Yunnan/3798/2006_	0.3244	0.2796	0.4596	0.2571	0.175	-0.065	0.389	48.92	0.398	0.405	543	557	-0.370736	0.077199	
A/goose/Yunnan/4371/2006_	0.3304	0.2746	0.4573	0.2556	0.177	-0.077	0.382	48.66	0.393	0.404	544	557	-0.386894	0.075404	
A/goose/Yunnan/4389/2006_	0.3304	0.2746	0.4573	0.2556	0.177	-0.077	0.382	48.66	0.393	0.404	544	557	-0.386894	0.075404	
A/goose/Yunnan/4985/2006_	0.3311	0.2752	0.4573	0.2556	0.179	-0.075	0.384	48.78	0.393	0.403	544	557	-0.385817	0.075404	
A/goose/Yunnan/5141/2006_	0.3167	0.2833	0.4609	0.2597	0.176	-0.067	0.390	49.68	0.404	0.409	510	522	-0.456513	0.078544	
A/goose/Yunnan/5769/2006_	0.3170	0.2857	0.4548	0.2598	0.177	-0.068	0.388	49.70	0.406	0.411	544	557	-0.405745	0.075404	
A/goose/Yunnan/5979/2006_	0.3192	0.2857	0.4523	0.2598	0.177	-0.065	0.390	49.73	0.406	0.411	544	557	-0.405745	0.075404	
A/goose/Yunnan/6193/2006_	0.3274	0.2803	0.4548	0.2549	0.179	-0.067	0.389	48.65	0.398	0.407	543	557	-0.402873	0.075404	
A/goose/Zhejiang/112071/2	0.3259	0.2857	0.4532	0.2621	0.174	-0.076	0.385	50.81	0.404	0.405	545	557	-0.422083	0.077199	
A/goose/Zhejiang/727098/2	0.3185	0.2873	0.4557	0.2650	0.175	-0.075	0.385	49.65	0.407	0.406	545	557	-0.431239	0.077199	
A/great_black-headed_gull	0.3154	0.2931	0.4456	0.2764	0.176	-0.081	0.382	49.89	0.418	0.407	545	557	-0.408977	0.078995	
A/great_crested-grebe/Qin	0.3177	0.2864	0.4532	0.2735	0.177	-0.081	0.382	49.48	0.411	0.405	545	557	-0.412927	0.077199	
A/great_egret/Hong_Kong/8	0.3185	0.2806	0.4658	0.2599	0.175	-0.089	0.376	48.70	0.400	0.404	545	558	-0.433334	0.077061	
A/great_tit/Panjing/PJ-66	0.3222	0.2756	0.4545	0.2712	0.165	-0.114	0.361	50.54	0.404	0.406	545	557	-0.419569	0.077199	
A/grey_heron/Hong_Kong/10	0.3140	0.2806	0.4658	0.2655	0.177	-0.089	0.376	48.40	0.404	0.406	545	558	-0.434050	0.077061	
A/grey_heron/Hong_Kong/30	0.3140	0.2851	0.4633	0.2627	0.173	-0.092	0.374	49.10	0.406	0.406	545	558	-0.433334	0.077061	
A/hill_myna/Heilongjiang/	0.3207	0.2829	0.4532	0.2707	0.171	-0.084	0.380	50.21	0.407	0.407	545	557	-0.424596	0.077199	
A/lesser_kestrel/Heilongj	0.3237	0.2835	0.4433	0.2704	0.179	-0.063	0.392	49.76	0.410	0.411	544	557	-0.393357	0.075404	
A/lion/Hubei/1-2/2016_H5N	0.3191	0.2854	0.4594	0.2657	0.171	-0.109	0.365	49.88	0.405	0.402	543	556	-0.395504	0.077338	
A/little_egret/Hong_Kong/	0.3221	0.2796	0.4569	0.2691	0.176	-0.095	0.373	49.16	0.404	0.405	544	557	-0.420467	0.077199	
A/magpie_robin/Hong_Kong/	0.3140	0.2829	0.4608	0.2684	0.174	-0.096	0.372	48.78	0.407	0.407	545	558	-0.433334	0.077061	
A/magpie_robin/Hong_Kong/	0.3140	0.2829	0.4633	0.2655	0.175	-0.091	0.374	48.70	0.406	0.406	545	558	-0.425090	0.077061	
A/meerkat/Shanghai/SH-1/2	0.3178	0.2867	0.4456	0.2764	0.173	-0.075	0.385	50.33	0.415	0.409	545	557	-0.422083	0.077199	
A/mink/China/G/2015_H5N1|	0.3149	0.2727	0.4684	0.2648	0.169	-0.089	0.375	49.74	0.399	0.407	544	558	-0.393190	0.077061	
A/mink/China/XB/2015_H5N1	0.3146	0.2854	0.4580	0.2707	0.174	-0.100	0.371	49.53	0.410	0.405	542	556	-0.416547	0.077338	
A/mink/Eastern_China/0712	0.3451	0.2522	0.4525	0.2563	0.162	-0.116	0.359	50.37	0.379	0.403	543	556	-0.382014	0.073741	
A/ostrich/Suzhou/097/2003	0.3251	0.2892	0.4383	0.2654	0.174	-0.094	0.374	50.58	0.413	0.413	543	558	-0.419176	0.075269	
A/parrot/Guangdong/C99/20	0.3274	0.2758	0.4489	0.2624	0.174	-0.092	0.375	50.01	0.401	0.410	544	558	-0.427240	0.075269	
A/partridge/Shantou/2886/	0.3318	0.2777	0.4548	0.2542	0.179	-0.086	0.378	48.92	0.395	0.406	542	558	-0.371864	0.075269	
A/peacock/Yunnan/1/2015_H	0.3139	0.2870	0.4658	0.2614	0.172	-0.104	0.369	49.36	0.404	0.403	544	556	-0.430576	0.077338	
A/peacock/Yunnan/3/2015_H	0.3184	0.2848	0.4596	0.2642	0.174	-0.103	0.369	49.42	0.404	0.402	544	556	-0.400000	0.077338	
A/peregrine_falcon/Hong_K	0.3258	0.2854	0.4582	0.2528	0.179	-0.076	0.385	49.26	0.400	0.407	543	557	-0.412208	0.075404	
A/pheasant/Shantou/3535/2	0.3296	0.2799	0.4548	0.2542	0.178	-0.089	0.376	49.20	0.397	0.407	542	558	-0.371147	0.075269	
A/pheasant/Shantou/4567/2	0.3274	0.2758	0.4489	0.2632	0.172	-0.098	0.371	49.43	0.401	0.409	544	558	-0.412545	0.075269	
A/pied_megpie/Liaoning/7/	0.3207	0.2762	0.4525	0.2667	0.168	-0.097	0.371	49.51	0.404	0.410	545	558	-0.423477	0.075269	
A/pigeon/Hubei/RP25/2012_	0.3281	0.2746	0.4684	0.2500	0.174	-0.084	0.381	49.00	0.390	0.402	544	557	-0.401795	0.077199	
A/pigeon/Sichuan/NCXN29/2	0.3296	0.2717	0.4506	0.2620	0.166	-0.084	0.377	50.83	0.397	0.408	541	557	-0.411490	0.073609	
A/pigeon/Zhejiang/112089/	0.3237	0.2879	0.4520	0.2614	0.174	-0.076	0.385	50.76	0.406	0.406	545	557	-0.417235	0.077199	
A/pigeon/Zhejiang/112090/	0.3170	0.2902	0.4582	0.2621	0.177	-0.076	0.385	49.64	0.407	0.406	545	557	-0.422083	0.077199	
A/pigeon/Zhejiang/727097/	0.3185	0.2873	0.4557	0.2650	0.175	-0.075	0.385	49.65	0.407	0.406	545	557	-0.431239	0.077199	
A/plateau_pika/Qinghai/04	0.3259	0.2902	0.4361	0.2604	0.173	-0.092	0.375	51.28	0.412	0.416	544	558	-0.425448	0.075269	
A/quail/Guangxi/11/2002_H	0.3213	0.2921	0.4458	0.2605	0.180	-0.080	0.381	49.49	0.411	0.411	543	558	-0.389606	0.077061	
A/quail/Guangxi/12/2002_H	0.3243	0.2905	0.4484	0.2577	0.179	-0.074	0.385	50.33	0.407	0.409	543	558	-0.388531	0.077061	
A/quail/Guangxi/13/2002_H	0.3213	0.2921	0.4408	0.2661	0.179	-0.076	0.383	50.20	0.414	0.412	543	558	-0.396954	0.077061	
A/quail/Nanchang/6631/201	0.3164	0.2721	0.4685	0.2627	0.166	-0.088	0.374	50.19	0.396	0.404	545	558	-0.398208	0.075269	
A/shrike/Tibet/13/2006_H5	0.3199	0.2796	0.4559	0.2633	0.178	-0.065	0.390	49.16	0.403	0.411	543	556	-0.414208	0.073741	
A/silky_chicken/Shantou/4	0.3213	0.2876	0.4520	0.2577	0.177	-0.077	0.384	49.66	0.406	0.411	542	557	-0.424237	0.075404	
A/swan/Shanghai/10/2009_H	0.3132	0.2864	0.4608	0.2655	0.178	-0.085	0.379	49.61	0.408	0.407	544	557	-0.401975	0.075404	
A/swine/Guangxi/592/2011_	0.3111	0.2733	0.4749	0.2612	0.166	-0.102	0.367	48.96	0.396	0.406	545	558	-0.389606	0.077061	
A/swine/Jiangsu/1/2008_H5	0.3266	0.2864	0.4646	0.2436	0.174	-0.087	0.377	49.63	0.393	0.400	544	558	-0.332975	0.077061	
A/swine/Jiangsu/2/2009_H5	0.3214	0.2835	0.4447	0.2689	0.178	-0.075	0.384	50.31	0.410	0.412	544	557	-0.394255	0.075404	
A/swine/Shandong/SD1/2014	0.3177	0.2864	0.4500	0.2611	0.173	-0.092	0.375	50.18	0.408	0.414	544	558	-0.404480	0.075269	
A/swine/Zhejiang/SW57/201	0.3185	0.2873	0.4557	0.2650	0.175	-0.075	0.385	49.65	0.407	0.406	545	557	-0.431239	0.077199	
A/tiger/Yunnan/tig1404/20	0.3378	0.2711	0.4383	0.2626	0.167	-0.086	0.375	50.75	0.399	0.410	542	557	-0.394255	0.073609	
A/tiger/Yunnan/tig1412/20	0.3179	0.2715	0.4623	0.2640	0.168	-0.084	0.376	50.02	0.398	0.407	545	558	-0.399104	0.075269	
A/tiger/Yunnan/tig1508/20	0.3147	0.2857	0.4596	0.2663	0.172	-0.100	0.371	50.20	0.407	0.403	545	558	-0.405018	0.077061	
A/turtle_dove/Guangdong/3	0.3333	0.2774	0.4509	0.2556	0.181	-0.068	0.389	48.66	0.396	0.407	543	557	-0.396050	0.073609	
A/waterfowl/Hong_Kong/378	0.3288	0.2815	0.4475	0.2583	0.177	-0.089	0.378	49.35	0.401	0.409	543	558	-0.409677	0.075269	
A/wild_duck/Fujian/1/2011	0.3126	0.2749	0.4673	0.2640	0.171	-0.074	0.383	49.99	0.400	0.407	545	558	-0.400179	0.077061	
A/wild_duck/Fujian/2/2011	0.3126	0.2749	0.4673	0.2640	0.171	-0.074	0.383	49.99	0.400	0.407	545	558	-0.400179	0.077061	
A/wild_duck/Jilin/HF/2011	0.3185	0.2829	0.4582	0.2678	0.171	-0.099	0.371	49.37	0.406	0.404	545	557	-0.400180	0.077199	
A/wild_duck/Jilin/ZF/2011	0.3147	0.2902	0.4518	0.2743	0.176	-0.088	0.378	49.77	0.415	0.406	545	557	-0.419569	0.077199	
A/wild_duck/Liaoning/8/20	0.3244	0.2841	0.4612	0.2472	0.170	-0.089	0.376	50.55	0.396	0.407	545	558	-0.430287	0.075269	
A/wild_duck/Shandong/1/20	0.3311	0.2841	0.4596	0.2444	0.175	-0.070	0.386	49.78	0.393	0.398	544	558	-0.376523	0.075269	
A/wild_duck/Shandong/2/20	0.3133	0.2911	0.4580	0.2665	0.174	-0.090	0.376	50.04	0.411	0.405	545	557	-0.423339	0.077199	
A/wild_duck/Shandong/628/	0.3171	0.2794	0.4500	0.2674	0.173	-0.064	0.387	50.67	0.407	0.413	545	557	-0.376122	0.073609	
A/Hong_Kong/486/97       	0.3089	0.2775	0.3200	0.3141	0.168	-0.102	0.360	56.59	0.479	0.501	236	251	-0.236255	0.043825	
A/Hong_Kong/538/97       	0.3089	0.2775	0.3200	0.3141	0.169	-0.095	0.364	56.53	0.479	0.501	236	251	-0.236255	0.043825	
A/Indonesia/5/2005       	0.3333	0.2604	0.2929	0.3476	0.182	-0.047	0.392	53.69	0.485	0.491	237	251	-0.252988	0.047809	
A/Pheasant/Hong_Kong/FY15	0.3229	0.2708	0.3015	0.3333	0.174	-0.084	0.371	55.28	0.485	0.495	237	251	-0.261355	0.047809	
A/Thailand/16/2004       	0.3281	0.2656	0.3030	0.3387	0.180	-0.076	0.376	52.80	0.481	0.490	237	251	-0.241434	0.047809	
A/chicken/Indonesia/7/200	0.3229	0.2708	0.2828	0.3583	0.178	-0.068	0.380	54.99	0.502	0.498	237	251	-0.242629	0.047809	
A/Chicken/HongKong/FY150/	0.3212	0.2694	0.2879	0.3511	0.171	-0.078	0.376	53.67	0.498	0.501	237	251	-0.284064	0.047809	
A/Chicken/HongKong/YU822.	0.3144	0.2784	0.2900	0.3351	0.165	-0.100	0.359	53.14	0.498	0.501	237	251	-0.196414	0.043825	
A/Chicken/HongKong/YU562/	0.3196	0.2680	0.2915	0.3492	0.169	-0.076	0.374	52.83	0.496	0.498	238	251	-0.258167	0.047809	
A/chicken/Korea/ES/03    	0.3281	0.2656	0.2980	0.3422	0.179	-0.083	0.371	54.63	0.485	0.490	237	251	-0.242629	0.047809	
A/Vietnam/UT3062/2004    	0.3281	0.2656	0.2879	0.3548	0.180	-0.069	0.380	54.27	0.494	0.494	237	251	-0.241434	0.047809	
A/Hong_Kong/156/97       	0.3037	0.2827	0.3200	0.3158	0.172	-0.096	0.364	56.35	0.483	0.501	236	251	-0.235060	0.043825	
A/whooper_swan/Mongolia/2	0.3194	0.2775	0.2995	0.3369	0.181	-0.066	0.381	53.57	0.492	0.495	236	251	-0.252988	0.047809	
A/Hong_Kong/483/1997     	0.3037	0.2827	0.3100	0.3263	0.179	-0.066	0.381	56.13	0.492	0.503	236	251	-0.235060	0.043825	
A/Hong_Kong/482/97       	0.3089	0.2775	0.3200	0.3141	0.168	-0.102	0.360	56.59	0.479	0.501	236	251	-0.236255	0.043825	
A/Anas_platyrhynchos/Chon	0.2959	0.2959	0.2857	0.3368	0.165	-0.074	0.372	53.34	0.515	0.510	239	251	-0.215936	0.043825	
A/Anas_platyrhynchos/Jiuj	0.2959	0.2959	0.2857	0.3368	0.165	-0.074	0.372	53.34	0.515	0.510	239	251	-0.215936	0.043825	
A/Anhui/1/2005|EPI_ISL_24	0.3177	0.2760	0.2879	0.3529	0.180	-0.061	0.384	55.44	0.502	0.498	237	251	-0.242629	0.047809	
A/Anhui/1/2006|EPI_ISL_73	0.3177	0.2760	0.2929	0.3476	0.180	-0.061	0.384	56.30	0.498	0.497	237	251	-0.242629	0.047809	
A/Anhui/2/2005|EPI_ISL_24	0.3177	0.2760	0.2879	0.3529	0.180	-0.061	0.384	55.44	0.502	0.498	237	251	-0.242629	0.047809	
A/Anser_cygnoides/China/P	0.3333	0.2552	0.3147	0.3333	0.174	-0.107	0.359	50.24	0.468	0.487	237	251	-0.236654	0.051793	
A/Anser_fabalis/Jiujiang/	0.2959	0.2959	0.2857	0.3368	0.165	-0.074	0.372	53.34	0.515	0.510	239	251	-0.215936	0.043825	
A/Bar-headed_Goose/Qingha	0.3177	0.2656	0.3232	0.3262	0.170	-0.112	0.354	51.87	0.473	0.489	237	251	-0.242629	0.047809	
A/Bar-headed_Goose/Tibet/	0.2959	0.2908	0.3005	0.3264	0.167	-0.067	0.377	52.74	0.502	0.506	239	251	-0.215936	0.043825	
A/Bar-headed_Goose/Tibet/	0.2959	0.2908	0.3005	0.3264	0.167	-0.067	0.377	52.74	0.502	0.506	239	251	-0.215936	0.043825	
A/Black_faced_Spoonbill/A	0.3061	0.2908	0.2808	0.3368	0.166	-0.060	0.381	54.31	0.510	0.508	239	252	-0.228968	0.047619	
A/Black_Faced_Spoonbill/H	0.3010	0.2806	0.3005	0.3316	0.162	-0.074	0.372	52.65	0.498	0.505	239	251	-0.215936	0.043825	
A/Black_Faced_Spoonbill/H	0.2959	0.2959	0.2857	0.3368	0.164	-0.067	0.377	53.42	0.515	0.509	239	251	-0.226295	0.043825	
A/Black-necked_Grebe/Inne	0.3281	0.2552	0.3232	0.3262	0.170	-0.119	0.350	49.76	0.464	0.486	237	251	-0.242629	0.047809	
A/Black-necked_Grebe/Inne	0.3229	0.2604	0.3283	0.3209	0.171	-0.112	0.354	51.10	0.464	0.486	237	251	-0.242629	0.047809	
A/Black-necked_Grebe/Inne	0.3229	0.2604	0.3283	0.3209	0.171	-0.112	0.354	51.10	0.464	0.486	237	251	-0.242629	0.047809	
A/Black-necked_Grebe/Inne	0.3229	0.2604	0.3283	0.3209	0.171	-0.112	0.354	51.10	0.464	0.486	237	251	-0.242629	0.047809	
A/Black-necked_Grebe/Inne	0.3229	0.2604	0.3283	0.3209	0.171	-0.112	0.354	51.10	0.464	0.486	237	251	-0.242629	0.047809	
A/Black-necked_Grebe/Inne	0.3229	0.2604	0.3283	0.3209	0.171	-0.112	0.354	51.10	0.464	0.486	237	251	-0.242629	0.047809	
A/Black-necked_Grebe/Inne	0.3229	0.2604	0.3283	0.3209	0.171	-0.112	0.354	51.10	0.464	0.486	237	251	-0.242629	0.047809	
A/Black-necked_Grebe/Inne	0.3229	0.2604	0.3283	0.3209	0.171	-0.112	0.354	51.10	0.464	0.486	237	251	-0.242629	0.047809	
A/chicken/Anhui/S1740/202	0.2995	0.2893	0.2808	0.3420	0.173	-0.051	0.385	52.54	0.515	0.514	239	251	-0.208367	0.043825	
A/chicken/China/Cangzhou0	0.2959	0.2959	0.2808	0.3420	0.165	-0.067	0.377	53.53	0.519	0.511	239	251	-0.215936	0.043825	
A/chicken/China/E93/2012|	0.3316	0.2539	0.3200	0.3262	0.173	-0.086	0.370	58.69	0.462	0.483	238	251	-0.220319	0.047809	
A/chicken/China/E96/2012|	0.3333	0.2552	0.3166	0.3262	0.176	-0.084	0.371	58.58	0.464	0.485	237	251	-0.230677	0.047809	
A/chicken/Gansu/5/2012|EP	0.3161	0.2642	0.3150	0.3246	0.181	-0.088	0.367	55.47	0.477	0.494	237	251	-0.235857	0.047809	
A/chicken/Gansu/6/2012|EP	0.3333	0.2552	0.3166	0.3262	0.176	-0.084	0.371	58.58	0.464	0.485	237	251	-0.230677	0.047809	
A/chicken/Guangxi/S2039/2	0.3229	0.2656	0.3081	0.3369	0.175	-0.105	0.359	50.53	0.481	0.491	237	251	-0.242629	0.047809	
A/chicken/Hubei/2856/2007	0.3177	0.2760	0.2879	0.3529	0.184	-0.047	0.392	55.85	0.502	0.498	237	251	-0.242629	0.047809	
A/chicken/Hunan/1793/2007	0.3177	0.2760	0.2879	0.3529	0.180	-0.059	0.384	55.69	0.502	0.497	237	251	-0.233068	0.047809	
A/chicken/Hunan/3157/2006	0.3229	0.2708	0.2828	0.3583	0.186	-0.047	0.392	55.70	0.502	0.498	237	251	-0.242629	0.047809	
A/chicken/Hunan/S10029/20	0.3125	0.2656	0.3283	0.3280	0.172	-0.120	0.350	50.28	0.473	0.483	237	251	-0.251793	0.047809	
A/chicken/Jiangsu/03.17_W	0.3125	0.2760	0.3116	0.3263	0.175	-0.092	0.367	57.84	0.485	0.501	237	251	-0.243825	0.043825	
A/chicken/Jiangsu/927/201	0.3177	0.2656	0.3283	0.3209	0.178	-0.090	0.367	51.25	0.468	0.487	237	251	-0.242629	0.047809	
A/chicken/Jiangsu/2477/20	0.3229	0.2604	0.3232	0.3262	0.172	-0.105	0.359	50.74	0.468	0.487	237	251	-0.242629	0.047809	
A/chicken/Jiangsu/k0402/2	0.3229	0.2760	0.2778	0.3583	0.178	-0.068	0.380	55.94	0.506	0.501	237	251	-0.232669	0.047809	
A/chicken/Jiangsu/SE2228/	0.3229	0.2656	0.3081	0.3369	0.177	-0.098	0.363	50.46	0.481	0.491	237	251	-0.242629	0.047809	
A/chicken/Jiangsu/YB7/201	0.3125	0.2708	0.3166	0.3263	0.173	-0.099	0.363	58.01	0.481	0.499	237	251	-0.243825	0.043825	
A/chicken/Jiangxi/25/2011	0.3212	0.2642	0.3030	0.3422	0.171	-0.111	0.354	51.56	0.485	0.494	237	251	-0.245020	0.047809	
A/chicken/Jiangxi/S40653/	0.2995	0.2893	0.2857	0.3368	0.174	-0.051	0.385	52.25	0.510	0.513	239	251	-0.208367	0.043825	
A/chicken/Jilin/04.12_MHK	0.3281	0.2604	0.3131	0.3316	0.175	-0.112	0.354	50.98	0.473	0.487	237	251	-0.242629	0.047809	
A/chicken/Jilin/04.12_MHK	0.3281	0.2604	0.3131	0.3316	0.175	-0.112	0.354	50.98	0.473	0.487	237	251	-0.242629	0.047809	
A/chicken/Jilin/04.12_MHK	0.3281	0.2604	0.3131	0.3316	0.175	-0.112	0.354	50.98	0.473	0.487	237	251	-0.242629	0.047809	
A/chicken/Jilin/04.12_MHK	0.3281	0.2604	0.3131	0.3316	0.175	-0.112	0.354	50.98	0.473	0.487	237	251	-0.242629	0.047809	
A/chicken/Jilin/04.25_MHK	0.3229	0.2656	0.3131	0.3316	0.175	-0.105	0.359	50.10	0.477	0.490	237	251	-0.242629	0.047809	
A/chicken/Jilin/S1255/201	0.3021	0.2865	0.3317	0.3085	0.173	-0.061	0.384	50.54	0.477	0.490	237	251	-0.241833	0.047809	
A/chicken/Jilin/S1271/201	0.3021	0.2865	0.3317	0.3085	0.173	-0.061	0.384	50.54	0.477	0.490	237	251	-0.241833	0.047809	
A/chicken/Liaoning/S4092/	0.3385	0.2500	0.3116	0.3316	0.180	-0.076	0.376	59.00	0.464	0.485	237	251	-0.230677	0.047809	
A/chicken/Liaoning/SD035/	0.2969	0.2917	0.3232	0.3209	0.169	-0.090	0.367	51.05	0.489	0.493	237	251	-0.252988	0.047809	
A/chicken/Ningxia/2/2012|	0.3385	0.2500	0.3216	0.3209	0.173	-0.084	0.371	60.11	0.456	0.482	237	251	-0.230677	0.047809	
A/chicken/Ningxia/222/201	0.3385	0.2500	0.3216	0.3209	0.173	-0.084	0.371	60.11	0.456	0.482	237	251	-0.230677	0.047809	
A/chicken/Shandong/12.03_	0.3073	0.2760	0.3166	0.3263	0.173	-0.099	0.363	58.13	0.485	0.501	237	251	-0.243825	0.043825	
A/Chicken/Shandong/J01/20	0.3229	0.2708	0.2929	0.3476	0.176	-0.090	0.367	50.78	0.494	0.494	237	251	-0.242629	0.047809	
A/Chicken/Shandong/J02/20	0.3333	0.2552	0.3166	0.3262	0.177	-0.076	0.376	58.68	0.464	0.485	237	251	-0.230677	0.047809	
A/Chicken/Shandong/J03/20	0.3385	0.2500	0.3116	0.3333	0.173	-0.097	0.363	58.73	0.464	0.483	237	251	-0.209960	0.047809	
A/Chicken/Shandong/J04/20	0.3333	0.2552	0.3166	0.3262	0.175	-0.091	0.367	59.15	0.464	0.485	237	251	-0.230677	0.047809	
A/Chicken/Shandong/J06/20	0.3177	0.2760	0.2828	0.3583	0.171	-0.083	0.371	55.87	0.506	0.499	237	251	-0.242629	0.047809	
A/chicken/Shanghai/S1123/	0.3229	0.2656	0.3232	0.3209	0.175	-0.098	0.363	50.08	0.468	0.486	237	251	-0.242629	0.047809	
A/chicken/Shanghai/S4030/	0.3229	0.2656	0.3081	0.3369	0.177	-0.098	0.363	50.46	0.481	0.491	237	251	-0.242629	0.047809	
A/chicken/Wuxi/WX-32/2013	0.3177	0.2708	0.3131	0.3316	0.175	-0.105	0.359	50.94	0.481	0.491	237	251	-0.242629	0.047809	
A/chicken/Wuxi/WX-33/2013	0.3177	0.2708	0.3131	0.3316	0.175	-0.105	0.359	50.94	0.481	0.491	237	251	-0.242629	0.047809	
A/chicken/Xinjiang/S1016/	0.3229	0.2656	0.3232	0.3209	0.175	-0.098	0.363	50.08	0.468	0.486	237	251	-0.242629	0.047809	
A/chicken/Xinjiang/S1081/	0.3229	0.2656	0.3232	0.3209	0.175	-0.098	0.363	50.08	0.468	0.486	237	251	-0.242629	0.047809	
A/chicken/Xinjiang/S1170/	0.3281	0.2604	0.3232	0.3209	0.174	-0.105	0.359	50.59	0.464	0.485	237	251	-0.242629	0.047809	
A/chicken/Yunnan/1/2014|E	0.3333	0.2552	0.3131	0.3316	0.173	-0.105	0.359	50.39	0.468	0.489	237	251	-0.232669	0.047809	
A/condor/Guangdong/139/20	0.3351	0.2670	0.2908	0.3459	0.180	-0.077	0.377	53.92	0.487	0.491	236	251	-0.255777	0.051793	
A/Curlew/Hong_Kong/AFCD-H	0.3010	0.2806	0.3005	0.3316	0.162	-0.074	0.372	52.65	0.498	0.505	239	251	-0.215936	0.043825	
A/Cygnus_columbianus/Hube	0.2959	0.2959	0.2857	0.3368	0.165	-0.067	0.377	53.78	0.515	0.509	239	251	-0.215936	0.043825	
A/Cygnus_columbianus/Hube	0.2980	0.2929	0.2822	0.3385	0.161	-0.073	0.372	53.23	0.515	0.511	239	251	-0.217131	0.043825	
A/Cygnus_columbianus/Hube	0.2959	0.2959	0.2857	0.3368	0.165	-0.067	0.377	53.78	0.515	0.509	239	251	-0.215936	0.043825	
A/Cygnus_columbianus/Hube	0.2959	0.2959	0.2857	0.3368	0.165	-0.067	0.377	53.78	0.515	0.509	239	251	-0.215936	0.043825	
A/domestic_green-winged_t	0.3109	0.2902	0.2800	0.3403	0.185	-0.022	0.405	55.20	0.511	0.507	237	251	-0.235857	0.047809	
A/duck/China/E26/2012|EPI	0.3333	0.2656	0.2929	0.3422	0.175	-0.098	0.363	53.10	0.485	0.493	237	251	-0.242629	0.047809	
A/duck/China/E53/2012|EPI	0.3177	0.2656	0.3182	0.3316	0.174	-0.112	0.354	50.49	0.477	0.490	237	251	-0.242629	0.047809	
A/duck/Eastern_China/108/	0.3161	0.2798	0.2893	0.3495	0.179	-0.076	0.376	57.38	0.502	0.497	237	251	-0.241036	0.047809	
A/duck/Eastern_China/909/	0.3212	0.2746	0.2893	0.3495	0.179	-0.076	0.376	57.38	0.498	0.495	237	251	-0.241036	0.047809	
A/duck/Fujian/S1233/2018(	0.3385	0.2448	0.3182	0.3316	0.168	-0.112	0.354	49.27	0.460	0.485	237	251	-0.242629	0.047809	
A/duck/Fujian/S1273/2018(	0.3385	0.2448	0.3182	0.3316	0.168	-0.112	0.354	49.27	0.460	0.485	237	251	-0.242629	0.047809	
A/Duck/Fujian/S4146/2010|	0.3281	0.2604	0.3081	0.3369	0.175	-0.105	0.359	50.53	0.477	0.490	237	251	-0.242629	0.047809	
A/duck/Guangdong/S4518/20	0.3010	0.2857	0.2857	0.3420	0.159	-0.079	0.368	52.87	0.510	0.510	239	251	-0.219522	0.043825	
A/duck/Guangdong/S4525/20	0.3010	0.2857	0.2857	0.3420	0.159	-0.079	0.368	52.87	0.510	0.510	239	251	-0.219522	0.043825	
A/duck/Guizhou/S1321/2022	0.3010	0.2857	0.2857	0.3420	0.162	-0.074	0.372	52.80	0.510	0.509	239	251	-0.215936	0.043825	
A/duck/Guizhou/S1711/2024	0.2959	0.2959	0.2857	0.3368	0.165	-0.074	0.372	53.34	0.515	0.510	239	251	-0.215936	0.043825	
A/duck/Hubei/03.06__WHWTZ	0.3021	0.2812	0.3166	0.3263	0.173	-0.099	0.363	58.20	0.489	0.502	237	251	-0.243825	0.043825	
A/duck/Hubei/46/2009|EPI_	0.3144	0.2784	0.2828	0.3511	0.168	-0.096	0.363	51.12	0.506	0.501	237	251	-0.253785	0.047809	
A/duck/Hubei/2911/2007|EP	0.3177	0.2760	0.2879	0.3529	0.183	-0.054	0.388	55.50	0.502	0.499	237	251	-0.232669	0.047809	
A/duck/Hubei/S4465/2021(H	0.2944	0.2944	0.2906	0.3316	0.170	-0.066	0.377	52.46	0.510	0.513	239	251	-0.208367	0.043825	
A/duck/Hubei/SE128/2022(H	0.2995	0.2893	0.2808	0.3420	0.173	-0.051	0.385	52.54	0.515	0.514	239	251	-0.208367	0.043825	
A/duck/Hubei/SE220/2022(H	0.2959	0.2857	0.2956	0.3368	0.160	-0.067	0.377	52.26	0.506	0.507	239	251	-0.215936	0.043825	
A/duck/Hubei/xn/2007|EPI_	0.3229	0.2708	0.2879	0.3529	0.183	-0.054	0.388	54.04	0.498	0.498	237	251	-0.232669	0.047809	
A/duck/Hunan/03.07_YYGK1L	0.3125	0.2656	0.3283	0.3280	0.172	-0.120	0.350	50.28	0.473	0.483	237	251	-0.251793	0.047809	
A/duck/Hunan/12.07__YYGK4	0.3177	0.2708	0.3182	0.3262	0.176	-0.098	0.363	51.35	0.477	0.490	237	251	-0.242629	0.047809	
A/duck/Hunan/12.07__YYGK9	0.3125	0.2708	0.3182	0.3333	0.171	-0.120	0.350	48.51	0.481	0.486	237	251	-0.251793	0.047809	
A/duck/Hunan/12.07_YYGK00	0.3125	0.2708	0.3182	0.3333	0.171	-0.120	0.350	48.51	0.481	0.486	237	251	-0.251793	0.047809	
A/duck/Hunan/12.07_YYGK10	0.3229	0.2656	0.3182	0.3262	0.177	-0.105	0.359	50.70	0.473	0.489	237	251	-0.242629	0.047809	
A/duck/Hunan/316/2005|EPI	0.3229	0.2708	0.2879	0.3529	0.179	-0.061	0.384	56.01	0.498	0.495	237	251	-0.242629	0.047809	
A/duck/Hunan/689/2006|EPI	0.3125	0.2812	0.2828	0.3583	0.184	-0.047	0.392	55.94	0.511	0.501	237	251	-0.242629	0.047809	
A/duck/Hunan/3315/2006|EP	0.3177	0.2760	0.2828	0.3583	0.180	-0.061	0.384	55.63	0.506	0.499	237	251	-0.242629	0.047809	
A/duck/Hunan/S4020/2008|E	0.3229	0.2760	0.2778	0.3583	0.182	-0.061	0.384	55.35	0.506	0.499	237	251	-0.242629	0.047809	
A/duck/Hunan/S4030/2011|E	0.3177	0.2708	0.3030	0.3441	0.177	-0.098	0.363	49.58	0.489	0.491	237	251	-0.241434	0.047809	
A/duck/Hunan/S4150/2011|E	0.3177	0.2812	0.2778	0.3583	0.176	-0.076	0.376	56.39	0.511	0.501	237	251	-0.242629	0.047809	
A/duck/Hunan/S4220/2011|E	0.3333	0.2604	0.3081	0.3316	0.172	-0.112	0.354	49.53	0.473	0.489	237	251	-0.242629	0.047809	
A/duck/Jiangsu/S4439/2017	0.3229	0.2656	0.3131	0.3316	0.177	-0.105	0.359	50.17	0.477	0.490	237	251	-0.242629	0.047809	
A/duck/Jiangsu/SE1128/201	0.3229	0.2656	0.3081	0.3369	0.177	-0.098	0.363	50.46	0.481	0.491	237	251	-0.242629	0.047809	
A/duck/Jiangxi/34/2011|EP	0.3229	0.2656	0.3081	0.3369	0.173	-0.112	0.354	50.45	0.481	0.491	237	251	-0.242629	0.047809	
A/duck/Jiangxi/35/2011|EP	0.3229	0.2656	0.3081	0.3369	0.173	-0.112	0.354	50.45	0.481	0.491	237	251	-0.242629	0.047809	
A/duck/Jiangxi/44/2011|EP	0.2880	0.2827	0.2995	0.3564	0.188	-0.042	0.396	56.33	0.515	0.509	235	251	-0.243028	0.047809	
A/duck/Jiangxi/120/2011|E	0.3229	0.2656	0.3284	0.3037	0.172	-0.055	0.388	58.06	0.460	0.494	237	251	-0.234263	0.043825	
A/duck/Jiangxi/130/2011|E	0.3125	0.2865	0.2778	0.3583	0.180	-0.061	0.384	56.74	0.515	0.502	237	251	-0.242629	0.047809	
A/duck/Jiangxi/S40833/202	0.2995	0.2893	0.2808	0.3420	0.173	-0.051	0.385	52.54	0.515	0.514	239	251	-0.208367	0.043825	
A/duck/Jilin/04.04_SY002-	0.3229	0.2656	0.3182	0.3262	0.176	-0.098	0.363	50.23	0.473	0.489	237	251	-0.242629	0.047809	
A/duck/Jilin/JL-SIV/2013|	0.3177	0.2760	0.2879	0.3548	0.182	-0.055	0.388	55.14	0.502	0.497	237	251	-0.241434	0.047809	
A/duck/Jilin/S1261/2019(H	0.3021	0.2865	0.3266	0.3138	0.177	-0.054	0.388	50.60	0.481	0.491	237	251	-0.241833	0.047809	
A/duck/Jilin/S4171/2019(H	0.3021	0.2917	0.3182	0.3209	0.171	-0.090	0.367	51.11	0.489	0.493	237	251	-0.252988	0.047809	
A/duck/Nanchang/9789/2013	0.3281	0.2604	0.2980	0.3476	0.174	-0.105	0.359	50.19	0.485	0.491	237	251	-0.252988	0.047809	
A/duck/Shandong/009/2008|	0.3229	0.2656	0.3284	0.3037	0.175	-0.062	0.384	59.22	0.460	0.493	237	251	-0.244223	0.043825	
A/Duck/Shandong/Y01/2009|	0.3229	0.2760	0.2828	0.3529	0.173	-0.083	0.371	55.87	0.502	0.498	237	251	-0.242629	0.047809	
A/Duck/Shandong/Y02/2009|	0.3229	0.2760	0.2828	0.3529	0.177	-0.076	0.376	55.30	0.502	0.498	237	251	-0.242629	0.047809	
A/duck/Sichuan/NCXN10/201	0.3385	0.2500	0.3081	0.3369	0.171	-0.119	0.350	50.86	0.468	0.489	237	251	-0.232669	0.047809	
A/duck/Sichuan/NCXN11/201	0.3385	0.2500	0.3081	0.3387	0.170	-0.121	0.350	51.13	0.468	0.487	237	251	-0.229881	0.047809	
A/duck/Xinjiang/S1066/201	0.3229	0.2656	0.3232	0.3209	0.175	-0.098	0.363	50.08	0.468	0.486	237	251	-0.242629	0.047809	
A/duck/Xinjiang/S1126/201	0.3229	0.2656	0.3232	0.3209	0.175	-0.098	0.363	50.08	0.468	0.486	237	251	-0.242629	0.047809	
A/duck/Zhejiang/1220092/2	0.3125	0.2708	0.3166	0.3263	0.173	-0.099	0.363	58.01	0.481	0.499	237	251	-0.243825	0.043825	
A/duck/Zhejiang/S4091/201	0.3177	0.2708	0.3030	0.3422	0.177	-0.090	0.367	50.79	0.489	0.494	237	251	-0.242629	0.047809	
A/equine/China/61/2010|EP	0.3212	0.2798	0.2792	0.3548	0.178	-0.076	0.376	54.22	0.506	0.499	237	251	-0.241434	0.047809	
A/equine/China/67/2010|EP	0.3161	0.2798	0.2828	0.3529	0.178	-0.068	0.380	55.30	0.506	0.501	237	251	-0.231474	0.047809	
A/equine/China/68/2010|EP	0.3177	0.2760	0.2828	0.3583	0.177	-0.076	0.376	54.68	0.506	0.499	237	251	-0.242629	0.047809	
A/Eurasian_Teal/Hong_Kong	0.3061	0.2857	0.3005	0.3212	0.166	-0.060	0.381	53.02	0.494	0.503	239	251	-0.215936	0.043825	
A/Eurasian_Teal/Hong_Kong	0.3010	0.2908	0.3054	0.3161	0.165	-0.060	0.381	52.87	0.494	0.503	239	251	-0.215936	0.043825	
A/Eurasian_Wigeon/Hong_Ko	0.3010	0.2908	0.3054	0.3161	0.165	-0.060	0.381	52.87	0.494	0.503	239	251	-0.215936	0.043825	
A/Eurasian_Wigeon/Hong_Ko	0.3010	0.2908	0.3054	0.3161	0.165	-0.060	0.381	52.87	0.494	0.503	239	251	-0.215936	0.043825	
A/Falco_peregrinus/Beijin	0.2959	0.2959	0.2808	0.3420	0.165	-0.067	0.377	53.53	0.519	0.511	239	251	-0.215936	0.043825	
A/Fujian/1/2005|EPI_ISL_2	0.3333	0.2604	0.2980	0.3422	0.176	-0.083	0.371	53.05	0.481	0.491	237	251	-0.242629	0.047809	
A/Fujian/1/2007|EPI_ISL_7	0.3073	0.2865	0.2879	0.3529	0.182	-0.061	0.384	54.83	0.511	0.501	237	251	-0.242629	0.047809	
A/Gallinago_Stenura/Hong_	0.3010	0.2908	0.3054	0.3161	0.165	-0.060	0.381	52.87	0.494	0.503	239	251	-0.215936	0.043825	
A/goose/China/E43/2012|EP	0.3229	0.2656	0.3116	0.3298	0.175	-0.105	0.359	50.67	0.477	0.491	237	251	-0.231873	0.047809	
A/goose/Guangdong/SH7/201	0.3333	0.2552	0.3081	0.3369	0.172	-0.112	0.354	50.26	0.473	0.490	237	251	-0.232669	0.047809	
A/goose/Guizhou/S1541/202	0.3010	0.2857	0.2857	0.3420	0.162	-0.074	0.372	52.80	0.510	0.509	239	251	-0.215936	0.043825	
A/goose/Hunan/SE284/2022(	0.2959	0.2959	0.2808	0.3420	0.164	-0.067	0.377	52.74	0.519	0.511	239	251	-0.215936	0.043825	
A/goose/Inner_Mongolia/IM	0.3005	0.3005	0.2700	0.3508	0.184	-0.030	0.401	56.06	0.527	0.511	237	251	-0.235857	0.047809	
A/goose/Jiangsu/k0403/201	0.3125	0.2865	0.2879	0.3476	0.177	-0.076	0.376	55.15	0.506	0.499	237	251	-0.242629	0.047809	
A/goose/Jilin/S4034/2019(	0.3021	0.2865	0.3384	0.3032	0.169	-0.082	0.371	50.54	0.473	0.489	237	251	-0.254183	0.047809	
A/goose/Shandong/03.10_HZ	0.3177	0.2708	0.3232	0.3209	0.180	-0.083	0.371	50.37	0.473	0.489	237	251	-0.242629	0.047809	
A/goose/Shandong/GS/2013(	0.3177	0.2708	0.3182	0.3262	0.171	-0.112	0.354	50.87	0.477	0.490	237	251	-0.242629	0.047809	
A/goose/Zhejiang/112071/2	0.3229	0.2656	0.3131	0.3316	0.175	-0.103	0.359	50.35	0.477	0.489	237	251	-0.233068	0.047809	
A/goose/Zhejiang/727098/2	0.3281	0.2656	0.3131	0.3262	0.178	-0.098	0.363	52.12	0.473	0.489	237	251	-0.242629	0.047809	
A/Great_black-headed_Gull	0.3177	0.2656	0.3232	0.3262	0.170	-0.112	0.354	51.87	0.473	0.489	237	251	-0.242629	0.047809	
A/Great_black-headed_Gull	0.3177	0.2656	0.3232	0.3262	0.170	-0.112	0.354	51.87	0.473	0.489	237	251	-0.242629	0.047809	
A/Great_Cormorant/Hubei/c	0.3125	0.2708	0.3166	0.3263	0.173	-0.099	0.363	58.01	0.481	0.499	237	251	-0.243825	0.043825	
A/Great_Cormorant/Hubei/c	0.3125	0.2708	0.3166	0.3263	0.173	-0.099	0.363	58.01	0.481	0.499	237	251	-0.243825	0.043825	
A/Great_Cormorant/Hubei/V	0.3125	0.2708	0.3166	0.3263	0.173	-0.099	0.363	58.01	0.481	0.499	237	251	-0.243825	0.043825	
A/Great_Cormorant/Hubei/V	0.3125	0.2708	0.3166	0.3263	0.173	-0.099	0.363	58.01	0.481	0.499	237	251	-0.243825	0.043825	
A/Great_Cormorant/Hubei/V	0.3125	0.2708	0.3166	0.3263	0.173	-0.099	0.363	58.01	0.481	0.499	237	251	-0.243825	0.043825	
A/Guangdong/1/2006|EPI_IS	0.3177	0.2760	0.2929	0.3476	0.180	-0.061	0.384	56.30	0.498	0.497	237	251	-0.242629	0.047809	
A/Guangdong/1/2008|EPI_IS	0.3177	0.2760	0.2929	0.3495	0.183	-0.047	0.392	55.21	0.498	0.495	237	251	-0.241434	0.047809	
A/Guangdong/2/2006|EPI_IS	0.3229	0.2708	0.2828	0.3583	0.181	-0.061	0.384	54.32	0.502	0.498	237	251	-0.242629	0.047809	
A/Guangxi/1/2005|EPI_ISL_	0.3177	0.2760	0.2879	0.3529	0.178	-0.068	0.380	54.80	0.502	0.498	237	251	-0.242629	0.047809	
A/Guangxi/1/2005|EPI_ISL_	0.3250	0.2313	0.3086	0.3701	0.168	-0.088	0.372	54.42	0.480	0.493	196	209	-0.346890	0.047847	
A/Guangxi/1/2008|EPI_ISL_	0.3177	0.2760	0.3116	0.3245	0.166	-0.105	0.359	53.50	0.481	0.493	237	251	-0.231873	0.047809	
A/Guizhou/1/2009|EPI_ISL_	0.3073	0.2760	0.3081	0.3422	0.168	-0.076	0.376	54.53	0.494	0.495	237	251	-0.242629	0.047809	
A/hill_myna/Heilongjiang/	0.3177	0.2708	0.3232	0.3209	0.173	-0.112	0.354	51.08	0.473	0.489	237	251	-0.242629	0.047809	
A/Hong_Kong/5923/2012|EPI	0.3229	0.2656	0.3081	0.3369	0.176	-0.105	0.359	50.59	0.481	0.491	237	251	-0.242629	0.047809	
A/Hunan/1/2006|EPI_ISL_79	0.3177	0.2760	0.2879	0.3529	0.178	-0.068	0.380	54.80	0.502	0.498	237	251	-0.242629	0.047809	
A/Hunan/1/2008|EPI_ISL_73	0.3177	0.2760	0.2828	0.3583	0.178	-0.061	0.384	55.30	0.506	0.498	237	251	-0.252988	0.047809	
A/Hunan/2/2009|EPI_ISL_79	0.3073	0.2760	0.3096	0.3441	0.171	-0.071	0.380	54.96	0.494	0.494	237	251	-0.246614	0.051793	
A/Japanese_white-eye/Taoy	0.3177	0.2708	0.3182	0.3262	0.175	-0.105	0.359	50.72	0.477	0.490	237	251	-0.242629	0.047809	
A/Jiangsu/1/2007|EPI_ISL_	0.3177	0.2760	0.2828	0.3602	0.181	-0.062	0.384	55.00	0.506	0.498	237	251	-0.241434	0.047809	
A/Jiangsu/2/2007|EPI_ISL_	0.3177	0.2760	0.2828	0.3602	0.181	-0.062	0.384	55.00	0.506	0.498	237	251	-0.241434	0.047809	
A/Jiangxi/1/2005|EPI_ISL_	0.3177	0.2760	0.2879	0.3529	0.180	-0.061	0.384	55.44	0.502	0.498	237	251	-0.242629	0.047809	
A/lesser_kestrel/Heilongj	0.3194	0.2827	0.2778	0.3583	0.185	-0.055	0.388	55.46	0.511	0.499	237	251	-0.238645	0.047809	
A/lion/Hubei/1-2/2016|EPI	0.3125	0.2656	0.3166	0.3316	0.174	-0.099	0.363	58.27	0.481	0.499	237	251	-0.243825	0.043825	
A/mallard/Heilongjiang/HL	0.3177	0.2812	0.2778	0.3583	0.176	-0.076	0.376	56.39	0.511	0.501	237	251	-0.242629	0.047809	
A/mandarin_duck/Heilongji	0.2908	0.2959	0.3054	0.3212	0.168	-0.067	0.377	52.60	0.502	0.507	239	251	-0.215936	0.043825	
A/mandarin_duck/Henan/426	0.2959	0.2959	0.2759	0.3472	0.165	-0.067	0.377	53.53	0.523	0.513	239	251	-0.215936	0.043825	
A/meerkat/Shanghai/SH-1/2	0.3125	0.2760	0.3081	0.3369	0.177	-0.090	0.367	51.25	0.489	0.494	237	251	-0.242629	0.047809	
A/mink/China/G/2015|EPI_I	0.3316	0.2487	0.3266	0.3262	0.171	-0.121	0.349	49.88	0.458	0.483	238	251	-0.232271	0.047809	
A/mink/China/XB/2015|EPI_	0.3177	0.2604	0.3166	0.3316	0.173	-0.106	0.359	58.43	0.477	0.498	237	251	-0.243825	0.043825	
A/mink/Eastern_China/0712	0.3385	0.2513	0.3300	0.2984	0.174	-0.049	0.391	56.01	0.445	0.483	238	251	-0.266534	0.047809	
A/Nanjing/1/2015|EPI_ISL_	0.3125	0.2708	0.3266	0.3158	0.176	-0.084	0.371	58.57	0.473	0.495	237	251	-0.243825	0.043825	
A/ostrich/Suzhou/097/2003	0.3490	0.2448	0.2929	0.3495	0.177	-0.092	0.367	53.75	0.473	0.487	237	251	-0.239841	0.047809	
A/parrot/Guangdong/C99/20	0.3281	0.2656	0.2879	0.3529	0.177	-0.076	0.376	54.35	0.494	0.495	237	251	-0.242629	0.047809	
A/peacock/Yunnan/1/2015|E	0.3073	0.2708	0.3166	0.3316	0.170	-0.099	0.363	58.09	0.485	0.499	237	251	-0.243825	0.043825	
A/peacock/Yunnan/3/2015|E	0.3073	0.2708	0.3216	0.3263	0.169	-0.106	0.359	58.23	0.481	0.498	237	251	-0.243825	0.043825	
A/pigeon/Hubei/RP25/2012|	0.3247	0.2680	0.3168	0.3073	0.174	-0.057	0.387	56.54	0.466	0.497	238	251	-0.258566	0.043825	
A/pigeon/Jiangsu/12.22_TC	0.3229	0.2656	0.3081	0.3369	0.175	-0.105	0.359	50.26	0.481	0.491	237	251	-0.242629	0.047809	
A/pigeon/Jiangxi/S40784/2	0.2995	0.2893	0.2808	0.3420	0.173	-0.051	0.385	52.54	0.515	0.514	239	251	-0.208367	0.043825	
A/pigeon/Jilin/04.25_CCHL	0.3229	0.2656	0.3131	0.3316	0.176	-0.098	0.363	50.39	0.477	0.490	237	251	-0.242629	0.047809	
A/pigeon/Jilin/S4176/2019	0.3021	0.2917	0.3182	0.3209	0.171	-0.090	0.367	51.11	0.489	0.493	237	251	-0.252988	0.047809	
A/pigeon/Sichuan/NCXN29/2	0.3333	0.2552	0.3081	0.3387	0.171	-0.113	0.354	50.52	0.473	0.489	237	251	-0.229881	0.047809	
A/pigeon/Zhejiang/112089/	0.3229	0.2656	0.3131	0.3316	0.175	-0.105	0.359	50.10	0.477	0.490	237	251	-0.242629	0.047809	
A/pigeon/Zhejiang/112090/	0.3229	0.2656	0.3182	0.3262	0.176	-0.098	0.363	50.23	0.473	0.489	237	251	-0.242629	0.047809	
A/pigeon/Zhejiang/727097/	0.3281	0.2656	0.3131	0.3262	0.178	-0.098	0.363	52.12	0.473	0.489	237	251	-0.242629	0.047809	
A/plateau_pika/Qinghai/04	0.3125	0.2708	0.3282	0.3155	0.163	-0.095	0.366	57.47	0.472	0.499	235	250	-0.367200	0.052000	
A/quail/Nanchang/6631/201	0.3281	0.2604	0.2980	0.3476	0.174	-0.105	0.359	50.19	0.485	0.491	237	251	-0.252988	0.047809	
A/Shandong/1/2009|EPI_ISL	0.3229	0.2708	0.3030	0.3387	0.184	-0.040	0.397	55.82	0.485	0.491	237	251	-0.241434	0.047809	
A/Sichuan/1/2006|EPI_ISL_	0.3125	0.2812	0.2879	0.3529	0.178	-0.068	0.380	55.44	0.506	0.499	237	251	-0.242629	0.047809	
A/Sichuan/2/2006|EPI_ISL_	0.3125	0.2812	0.2879	0.3529	0.178	-0.068	0.380	55.44	0.506	0.499	237	251	-0.242629	0.047809	
A/Spatula_querquedula/Cho	0.2959	0.2959	0.2857	0.3368	0.165	-0.074	0.372	53.34	0.515	0.510	239	251	-0.215936	0.043825	
A/swine/Shandong/SD1/2014	0.3212	0.2694	0.3030	0.3369	0.174	-0.074	0.376	54.69	0.485	0.494	237	251	-0.245020	0.047809	
A/tiger/Yunnan/tig1404/20	0.3333	0.2552	0.3182	0.3280	0.169	-0.111	0.354	51.06	0.464	0.485	237	251	-0.221912	0.047809	
A/tiger/Yunnan/tig1412/20	0.3385	0.2500	0.3131	0.3316	0.169	-0.119	0.350	48.99	0.464	0.485	237	251	-0.242629	0.047809	
A/tiger/Yunnan/tig1508/20	0.3281	0.2604	0.3116	0.3263	0.173	-0.113	0.354	56.86	0.473	0.497	237	251	-0.243825	0.043825	
A/tundra_swan/Fujian/SD12	0.3010	0.2908	0.3005	0.3212	0.166	-0.053	0.385	52.72	0.498	0.505	239	251	-0.215936	0.043825	
A/turtle_dove/Guangdong/3	0.3177	0.2760	0.2879	0.3529	0.180	-0.061	0.384	55.44	0.502	0.498	237	251	-0.242629	0.047809	
A/turtle_dove/Hunan/S4004	0.3177	0.2656	0.3166	0.3263	0.171	-0.106	0.359	58.17	0.477	0.498	237	251	-0.243825	0.043825	
A/whooper_swan/Henan/8/20	0.2959	0.2959	0.2759	0.3472	0.165	-0.067	0.377	53.53	0.523	0.513	239	251	-0.215936	0.043825	
A/whooper_swan/Henan/14/2	0.2959	0.2959	0.2759	0.3472	0.165	-0.067	0.377	53.53	0.523	0.513	239	251	-0.215936	0.043825	
A/whooper_swan/Henan/44/2	0.2959	0.2959	0.2759	0.3472	0.165	-0.067	0.377	53.53	0.523	0.513	239	251	-0.215936	0.043825	
A/whooper_swan/Henan/45/2	0.2959	0.2959	0.2759	0.3472	0.165	-0.067	0.377	53.53	0.523	0.513	239	251	-0.215936	0.043825	
A/whooper_swan/Henan/46/2	0.2959	0.2959	0.2759	0.3472	0.165	-0.067	0.377	53.53	0.523	0.513	239	251	-0.215936	0.043825	
A/whooper_swan/Henan/424/	0.2959	0.2959	0.2759	0.3472	0.165	-0.067	0.377	53.53	0.523	0.513	239	251	-0.215936	0.043825	
A/whooper_swan/Henan/SMX1	0.3229	0.2604	0.3283	0.3209	0.171	-0.112	0.354	51.10	0.464	0.486	237	251	-0.242629	0.047809	
A/whooper_swan/Henan/SMX3	0.3229	0.2604	0.3283	0.3209	0.171	-0.112	0.354	51.10	0.464	0.486	237	251	-0.242629	0.047809	
A/whooper_swan/Henan/SMX4	0.3229	0.2604	0.3283	0.3209	0.171	-0.112	0.354	51.10	0.464	0.486	237	251	-0.242629	0.047809	
A/whooper_swan/Henan/SMX9	0.3229	0.2604	0.3283	0.3209	0.171	-0.112	0.354	51.10	0.464	0.486	237	251	-0.242629	0.047809	
A/whooper_swan/Shanxi/14/	0.2959	0.2959	0.2759	0.3472	0.165	-0.067	0.377	53.53	0.523	0.513	239	251	-0.215936	0.043825	
A/whooper_swan/Shanxi/20/	0.2959	0.2959	0.2759	0.3472	0.165	-0.067	0.377	53.53	0.523	0.513	239	251	-0.215936	0.043825	
A/wild_duck/Fujian/1/2011	0.3333	0.2604	0.3081	0.3316	0.183	-0.090	0.367	49.91	0.473	0.489	237	251	-0.242629	0.047809	
A/wild_duck/Fujian/2/2011	0.3333	0.2604	0.3081	0.3316	0.183	-0.090	0.367	49.91	0.473	0.489	237	251	-0.242629	0.047809	
A/wild_duck/Hebei/SD012/2	0.2959	0.2959	0.2956	0.3264	0.166	-0.060	0.381	54.14	0.506	0.507	239	251	-0.215936	0.043825	
A/wild_duck/Jilin/HF/2011	0.3177	0.2812	0.2778	0.3583	0.176	-0.076	0.376	56.39	0.511	0.501	237	251	-0.242629	0.047809	
A/wild_duck/Jilin/ZF/2011	0.3264	0.2694	0.2814	0.3545	0.184	-0.069	0.378	55.44	0.500	0.498	238	251	-0.234662	0.047809	
A/wild_duck/Shandong/1/20	0.3351	0.2565	0.3081	0.3333	0.177	-0.090	0.369	58.16	0.470	0.488	236	250	-0.246800	0.048000	
A/wild_duck/Shandong/2/20	0.3246	0.2775	0.2879	0.3476	0.182	-0.070	0.380	55.81	0.498	0.494	237	251	-0.240239	0.047809	
A/wild_duck/Shandong/628/	0.3093	0.2835	0.2893	0.3495	0.176	-0.074	0.376	58.29	0.506	0.498	237	251	-0.253386	0.047809	
A/Xinjiang/1/2006|EPI_ISL	0.3141	0.2827	0.2995	0.3369	0.181	-0.066	0.381	53.96	0.496	0.497	236	251	-0.252988	0.047809	
A/Xinjiang/1/2009|EPI_ISL	0.3229	0.2708	0.2828	0.3583	0.181	-0.061	0.384	54.32	0.502	0.498	237	251	-0.242629	0.047809	
A/Zhejiang/1/2006|EPI_ISL	0.3177	0.2760	0.2879	0.3529	0.180	-0.061	0.384	55.44	0.502	0.498	237	251	-0.242629	0.047809	
A/Anas_platyrhynchos/jiuj	0.2959	0.2959	0.2857	0.3368	0.165	-0.074	0.372	53.34	0.515	0.510	239	251	-0.215936	0.043825	
A/Anhui/1/2006_H5N1|GCA_0	0.3250	0.2313	0.3148	0.3636	0.169	-0.088	0.372	55.46	0.474	0.491	196	209	-0.346890	0.047847	
A/Anhui/1/2007_H5N1|GCA_0	0.3250	0.2313	0.3148	0.3636	0.168	-0.088	0.372	54.21	0.474	0.491	196	209	-0.346890	0.047847	
A/Anhui/2/2005_H5N1|GCA_0	0.3177	0.2760	0.2879	0.3529	0.180	-0.061	0.384	55.44	0.502	0.498	237	251	-0.242629	0.047809	
A/Anser_cygnoides/China/P	0.3333	0.2552	0.3147	0.3333	0.174	-0.107	0.359	50.24	0.468	0.487	237	251	-0.236654	0.051793	
A/Anser_fabalis/jiujiang/	0.2959	0.2959	0.2857	0.3368	0.165	-0.074	0.372	53.34	0.515	0.510	239	251	-0.215936	0.043825	
A/Anser_fabalis/jiujiang/	0.2959	0.2959	0.2857	0.3368	0.165	-0.074	0.372	53.34	0.515	0.510	239	251	-0.215936	0.043825	
A/Anser_fabalis/jiujiang/	0.2959	0.2959	0.2857	0.3368	0.165	-0.074	0.372	53.34	0.515	0.510	239	251	-0.215936	0.043825	
A/Duck/Jiangxi/631/2024_H	0.2908	0.3010	0.2808	0.3420	0.165	-0.074	0.372	54.34	0.523	0.513	239	251	-0.215936	0.043825	
A/Guangdong/1/2008_H5N1|G	0.3250	0.2313	0.3086	0.3725	0.171	-0.080	0.378	53.56	0.480	0.491	196	209	-0.345455	0.047847	
A/Guangdong/2/2006_H5N1|G	0.3312	0.2250	0.3025	0.3766	0.172	-0.080	0.378	53.81	0.480	0.493	196	209	-0.346890	0.047847	
A/Guangxi/1/2005_H5N1|GCA	0.3125	0.2812	0.2828	0.3583	0.178	-0.068	0.380	54.18	0.511	0.501	237	251	-0.242629	0.047809	
A/Guangxi/1/2008_H5N1|GCA	0.3250	0.2313	0.3333	0.3442	0.157	-0.124	0.352	54.98	0.459	0.486	196	209	-0.346890	0.047847	
A/Guizhou/1/2009_H5N1|GCA	0.3000	0.2500	0.3272	0.3571	0.162	-0.088	0.372	54.27	0.485	0.494	196	209	-0.346890	0.047847	
A/Hunan/1/2008_H5N1|GCA_0	0.3250	0.2313	0.3025	0.3766	0.167	-0.088	0.372	54.12	0.485	0.493	196	209	-0.359330	0.047847	
A/Hunan/2/2009_H5N1|GCA_0	0.3063	0.2437	0.3272	0.3571	0.164	-0.080	0.378	54.84	0.480	0.493	196	209	-0.346890	0.047847	
A/Japanese_white-eye/Taoy	0.3177	0.2708	0.3182	0.3262	0.175	-0.105	0.359	50.72	0.477	0.490	237	251	-0.242629	0.047809	
A/Nanjing/1/2015_H5N1|GCA	0.3125	0.2708	0.3266	0.3158	0.176	-0.084	0.371	58.57	0.473	0.495	237	251	-0.243825	0.043825	
A/Shandong/1/2009_H5N1|GC	0.3312	0.2250	0.3210	0.3595	0.173	-0.072	0.383	54.02	0.464	0.486	196	209	-0.345455	0.047847	
A/Spatula_querquedula/cho	0.2959	0.2959	0.2857	0.3368	0.165	-0.074	0.372	53.34	0.515	0.510	239	251	-0.215936	0.043825	
A/Wild_bird/Huadong/CM120	0.3073	0.2760	0.3166	0.3263	0.174	-0.092	0.367	58.77	0.485	0.501	237	251	-0.243825	0.043825	
A/Wild_bird/Huadong/DT10/	0.3021	0.2865	0.3333	0.3102	0.170	-0.083	0.371	50.28	0.477	0.489	237	251	-0.252988	0.047809	
A/Wild_bird/Huadong/JYWB4	0.3229	0.2656	0.3131	0.3316	0.177	-0.098	0.363	50.31	0.477	0.489	237	251	-0.242629	0.047809	
A/Xinjiang/1/2009_H5N1|GC	0.3312	0.2250	0.3025	0.3766	0.172	-0.080	0.378	53.81	0.480	0.493	196	209	-0.346890	0.047847	
A/avian/Hong_Kong/0719/20	0.3125	0.2812	0.2929	0.3476	0.170	-0.098	0.363	52.49	0.502	0.498	237	251	-0.242629	0.047809	
A/avian/Hong_Kong/1993/20	0.3125	0.2812	0.2929	0.3476	0.170	-0.098	0.363	52.49	0.502	0.498	237	251	-0.242629	0.047809	
A/avian/Hong_Kong/2372/20	0.3125	0.2812	0.2929	0.3476	0.170	-0.098	0.363	52.49	0.502	0.498	237	251	-0.242629	0.047809	
A/bar-headed_goose/Qingha	0.3037	0.2827	0.3247	0.3243	0.167	-0.110	0.357	53.98	0.485	0.491	235	251	-0.268526	0.047809	
A/bar-headed_goose/Tibet/	0.3141	0.2723	0.3131	0.3298	0.171	-0.096	0.364	54.36	0.483	0.494	236	251	-0.241833	0.047809	
A/brown-headed_gull/Qingh	0.3333	0.2656	0.2778	0.3583	0.185	-0.061	0.384	53.26	0.498	0.497	237	251	-0.242629	0.047809	
A/brown-headed_gull/Qingh	0.3229	0.2760	0.2879	0.3476	0.176	-0.083	0.371	55.33	0.498	0.497	237	251	-0.242629	0.047809	
A/chicken/China/Cangzhou0	0.2959	0.2959	0.2808	0.3420	0.165	-0.067	0.377	53.53	0.519	0.511	239	251	-0.215936	0.043825	
A/chicken/China/E93/2012_	0.3316	0.2539	0.3200	0.3262	0.173	-0.086	0.370	58.69	0.462	0.483	238	251	-0.220319	0.047809	
A/chicken/China/E96/2012_	0.3333	0.2552	0.3166	0.3262	0.176	-0.084	0.371	58.58	0.464	0.485	237	251	-0.230677	0.047809	
A/chicken/Eastern_China/Z	0.3229	0.2656	0.3284	0.3037	0.172	-0.055	0.388	58.08	0.460	0.493	237	251	-0.244223	0.043825	
A/chicken/Eastern_China/Z	0.3177	0.2760	0.3134	0.3158	0.175	-0.056	0.388	58.25	0.477	0.495	237	251	-0.241434	0.043825	
A/chicken/Fujian/1/2007_H	0.3073	0.2865	0.2980	0.3422	0.182	-0.054	0.388	54.85	0.502	0.498	237	251	-0.242629	0.047809	
A/chicken/Gansu/5/2012_H5	0.3161	0.2642	0.3150	0.3246	0.181	-0.088	0.367	55.47	0.477	0.494	237	251	-0.235857	0.047809	
A/chicken/Gansu/6/2012_H5	0.3333	0.2552	0.3166	0.3262	0.176	-0.084	0.371	58.58	0.464	0.485	237	251	-0.230677	0.047809	
A/chicken/Guangdong/1/200	0.3194	0.2775	0.2995	0.3369	0.181	-0.066	0.381	53.57	0.492	0.495	236	251	-0.252988	0.047809	
A/chicken/Guangxi/S2039/2	0.3229	0.2656	0.3081	0.3369	0.175	-0.105	0.359	50.53	0.481	0.491	237	251	-0.242629	0.047809	
A/chicken/Guizhou/7/2008_	0.3229	0.2656	0.2929	0.3511	0.171	-0.090	0.367	55.04	0.494	0.497	237	251	-0.243825	0.047809	
A/chicken/Hebei/A-8/2009_	0.3333	0.2604	0.2864	0.3529	0.172	-0.084	0.371	58.63	0.489	0.493	237	251	-0.230677	0.047809	
A/chicken/Henan/A-7/2006_	0.3298	0.2565	0.3081	0.3351	0.177	-0.066	0.381	57.77	0.475	0.490	236	251	-0.242231	0.047809	
A/chicken/Huadong/4/2008_	0.3229	0.2656	0.2950	0.3457	0.176	-0.067	0.380	58.11	0.489	0.494	237	251	-0.226693	0.043825	
A/chicken/Hubei/2856/2007	0.3177	0.2760	0.2879	0.3529	0.184	-0.047	0.392	55.85	0.502	0.498	237	251	-0.242629	0.047809	
A/chicken/Hunan/1793/2007	0.3177	0.2760	0.2879	0.3529	0.180	-0.059	0.384	55.69	0.502	0.497	237	251	-0.233068	0.047809	
A/chicken/Hunan/21/2005_H	0.3125	0.2760	0.2915	0.3511	0.179	-0.061	0.384	56.20	0.502	0.498	237	251	-0.233466	0.047809	
A/chicken/Hunan/3/2007_H5	0.3229	0.2708	0.2879	0.3529	0.180	-0.068	0.380	52.66	0.498	0.497	237	251	-0.242629	0.047809	
A/chicken/Hunan/3157/2006	0.3229	0.2708	0.2828	0.3583	0.186	-0.047	0.392	55.70	0.502	0.498	237	251	-0.242629	0.047809	
A/chicken/Hunan/8/2008_H5	0.3281	0.2604	0.2929	0.3529	0.184	-0.054	0.388	55.18	0.489	0.494	237	251	-0.242629	0.047809	
A/chicken/Jiangsu/18/2008	0.3229	0.2656	0.2915	0.3529	0.178	-0.069	0.380	58.58	0.494	0.494	237	251	-0.230677	0.047809	
A/chicken/Jiangsu/2477/20	0.3229	0.2604	0.3232	0.3262	0.172	-0.105	0.359	50.74	0.468	0.487	237	251	-0.242629	0.047809	
A/chicken/Jiangsu/927/201	0.3177	0.2656	0.3283	0.3209	0.178	-0.090	0.367	51.25	0.468	0.487	237	251	-0.242629	0.047809	
A/chicken/Jiangsu/YB7/201	0.3125	0.2708	0.3166	0.3263	0.173	-0.099	0.363	58.01	0.481	0.499	237	251	-0.243825	0.043825	
A/chicken/Jiangsu/k0402/2	0.3229	0.2760	0.2778	0.3583	0.178	-0.068	0.380	55.94	0.506	0.501	237	251	-0.232669	0.047809	
A/chicken/Jiangxi/25/2011	0.3212	0.2642	0.3030	0.3422	0.171	-0.111	0.354	51.56	0.485	0.494	237	251	-0.245020	0.047809	
A/chicken/Liaoning/23/200	0.3141	0.2827	0.3096	0.3262	0.177	-0.081	0.373	54.66	0.487	0.494	236	251	-0.252988	0.047809	
A/chicken/Liaoning/A-1/20	0.3316	0.2539	0.3150	0.3298	0.181	-0.055	0.387	56.74	0.466	0.486	238	251	-0.223108	0.047809	
A/chicken/Liaoning/S4092/	0.3385	0.2500	0.3116	0.3316	0.180	-0.076	0.376	59.00	0.464	0.485	237	251	-0.230677	0.047809	
A/chicken/Ningxia/2/2012_	0.3385	0.2500	0.3216	0.3209	0.173	-0.084	0.371	60.11	0.456	0.482	237	251	-0.230677	0.047809	
A/chicken/Ningxia/222/201	0.3385	0.2500	0.3216	0.3209	0.173	-0.084	0.371	60.11	0.456	0.482	237	251	-0.230677	0.047809	
A/chicken/Ningxia/24/2006	0.3316	0.2642	0.3265	0.3135	0.179	-0.079	0.376	58.14	0.460	0.481	237	251	-0.233466	0.047809	
A/chicken/North_China/k06	0.3229	0.2656	0.3284	0.3037	0.172	-0.055	0.388	58.08	0.460	0.493	237	251	-0.244223	0.043825	
A/chicken/Shandong/A-10/2	0.3316	0.2539	0.3116	0.3316	0.179	-0.055	0.388	56.53	0.468	0.487	237	251	-0.217928	0.047809	
A/chicken/Shantou/3744/20	0.3281	0.2656	0.2879	0.3529	0.175	-0.083	0.371	54.56	0.494	0.495	237	251	-0.232669	0.047809	
A/chicken/Shanxi/10/2006_	0.3420	0.2487	0.3050	0.3369	0.181	-0.057	0.387	57.18	0.466	0.485	238	251	-0.220319	0.047809	
A/chicken/Sheny/0606/2008	0.3281	0.2604	0.2965	0.3476	0.184	-0.047	0.392	57.43	0.485	0.491	237	251	-0.230677	0.047809	
A/chicken/Sichuan/81/2005	0.3229	0.2760	0.2879	0.3476	0.181	-0.054	0.388	55.24	0.498	0.497	237	251	-0.242629	0.047809	
A/chicken/Wuhan/HAQL07/20	0.3125	0.2708	0.3166	0.3263	0.173	-0.099	0.363	58.01	0.481	0.499	237	251	-0.243825	0.043825	
A/chicken/Wuhan/HAQL16/20	0.3125	0.2708	0.3116	0.3316	0.175	-0.092	0.367	57.87	0.485	0.501	237	251	-0.243825	0.043825	
A/chicken/Wuxi/WX-32/2013	0.3177	0.2708	0.3131	0.3316	0.175	-0.105	0.359	50.94	0.481	0.491	237	251	-0.242629	0.047809	
A/chicken/Wuxi/WX-33/2013	0.3177	0.2708	0.3131	0.3316	0.175	-0.105	0.359	50.94	0.481	0.491	237	251	-0.242629	0.047809	
A/chicken/Xinjiang/17/200	0.3212	0.2694	0.2929	0.3476	0.176	-0.082	0.371	54.95	0.494	0.494	237	251	-0.245020	0.047809	
A/chicken/Xinjiang/27/200	0.3212	0.2694	0.2792	0.3656	0.182	-0.078	0.376	55.40	0.506	0.498	237	251	-0.227888	0.047809	
A/chicken/Xinjiang/53/200	0.3229	0.2656	0.2778	0.3690	0.180	-0.075	0.376	53.48	0.506	0.497	237	251	-0.221116	0.047809	
A/chicken/Xinjiang/54/200	0.3229	0.2708	0.2778	0.3636	0.182	-0.061	0.384	53.53	0.506	0.498	237	251	-0.242629	0.047809	
A/chicken/Xinjiang/67/200	0.3229	0.2656	0.2778	0.3690	0.180	-0.076	0.376	54.53	0.506	0.498	237	251	-0.242629	0.047809	
A/chicken/Xinjiang/68/200	0.3316	0.2737	0.2893	0.3495	0.191	-0.080	0.376	55.13	0.494	0.490	237	251	-0.234263	0.047809	
A/chicken/Yunnan/1/2014_H	0.3333	0.2552	0.3131	0.3316	0.173	-0.105	0.359	50.39	0.468	0.489	237	251	-0.232669	0.047809	
A/chicken/Yunnan/207/2004	0.3333	0.2604	0.2828	0.3583	0.177	-0.083	0.371	54.39	0.494	0.494	237	251	-0.242629	0.047809	
A/chicken/Yunnan/5686/200	0.3333	0.2604	0.2828	0.3583	0.177	-0.083	0.371	54.39	0.494	0.494	237	251	-0.242629	0.047809	
A/chicken/Yunnan/6797/200	0.3281	0.2656	0.2828	0.3583	0.176	-0.083	0.371	54.86	0.498	0.495	237	251	-0.242629	0.047809	
A/chicken/Yunnan/6885/200	0.3333	0.2604	0.2828	0.3583	0.177	-0.083	0.371	54.39	0.494	0.494	237	251	-0.242629	0.047809	
A/condor/Guangdong/139/20	0.3351	0.2670	0.2908	0.3459	0.180	-0.077	0.377	53.92	0.487	0.491	236	251	-0.255777	0.051793	
A/domestic_green-winged_t	0.3109	0.2902	0.2800	0.3403	0.185	-0.022	0.405	55.20	0.511	0.507	237	251	-0.235857	0.047809	
A/duck/Anhui/56/2005_H5N1	0.3333	0.2552	0.2879	0.3583	0.173	-0.090	0.367	54.38	0.489	0.494	237	251	-0.242629	0.047809	
A/duck/China/0935/2017_H5	0.3177	0.2708	0.3081	0.3369	0.175	-0.098	0.363	50.05	0.485	0.493	237	251	-0.242629	0.047809	
A/duck/China/1033/2017_H5	0.3229	0.2656	0.3131	0.3316	0.177	-0.105	0.359	50.17	0.477	0.490	237	251	-0.242629	0.047809	
A/duck/China/E26/2012_H5N	0.3333	0.2656	0.2929	0.3422	0.175	-0.098	0.363	53.10	0.485	0.493	237	251	-0.242629	0.047809	
A/duck/China/E53/2012_H5N	0.3177	0.2656	0.3182	0.3316	0.174	-0.112	0.354	50.49	0.477	0.490	237	251	-0.242629	0.047809	
A/duck/Eastern_China/057/	0.3177	0.2708	0.3085	0.3246	0.175	-0.055	0.388	58.09	0.481	0.497	237	251	-0.254183	0.043825	
A/duck/Eastern_China/108/	0.3161	0.2798	0.2893	0.3495	0.179	-0.076	0.376	57.38	0.502	0.497	237	251	-0.241036	0.047809	
A/duck/Eastern_China/909/	0.3212	0.2746	0.2893	0.3495	0.179	-0.076	0.376	57.38	0.498	0.495	237	251	-0.241036	0.047809	
A/duck/Guangdong/23/2004_	0.3229	0.2708	0.2908	0.3495	0.175	-0.093	0.369	52.97	0.496	0.497	236	251	-0.266136	0.043825	
A/duck/Hubei/2911/2007_H5	0.3177	0.2760	0.2879	0.3529	0.183	-0.054	0.388	55.50	0.502	0.499	237	251	-0.232669	0.047809	
A/duck/Hubei/49/2005_H5N1	0.3177	0.2760	0.2879	0.3529	0.180	-0.061	0.384	55.44	0.502	0.498	237	251	-0.242629	0.047809	
A/duck/Hubei/xn/2007_H5N1	0.3229	0.2708	0.2879	0.3529	0.183	-0.054	0.388	54.04	0.498	0.498	237	251	-0.232669	0.047809	
A/duck/Hunan/3/2007_H5N1|	0.3229	0.2708	0.2828	0.3583	0.181	-0.061	0.384	54.32	0.502	0.498	237	251	-0.242629	0.047809	
A/duck/Hunan/316/2005_H5N	0.3229	0.2708	0.2879	0.3529	0.179	-0.061	0.384	56.01	0.498	0.495	237	251	-0.242629	0.047809	
A/duck/Hunan/3315/2006_H5	0.3177	0.2760	0.2828	0.3583	0.180	-0.061	0.384	55.63	0.506	0.499	237	251	-0.242629	0.047809	
A/duck/Hunan/689/2006_H5N	0.3125	0.2812	0.2828	0.3583	0.184	-0.047	0.392	55.94	0.511	0.501	237	251	-0.242629	0.047809	
A/duck/Hunan/733/2004_H5N	0.3177	0.2760	0.2929	0.3476	0.177	-0.076	0.376	53.19	0.498	0.497	237	251	-0.242629	0.047809	
A/duck/Hunan/8/2008_H5N1|	0.3194	0.2880	0.2750	0.3474	0.189	-0.040	0.397	57.41	0.511	0.503	237	251	-0.229880	0.047809	
A/duck/Hunan/S4020/2008_H	0.3229	0.2760	0.2778	0.3583	0.182	-0.061	0.384	55.35	0.506	0.499	237	251	-0.242629	0.047809	
A/duck/Hunan/S4030/2011_H	0.3177	0.2708	0.3030	0.3441	0.177	-0.098	0.363	49.58	0.489	0.491	237	251	-0.241434	0.047809	
A/duck/Hunan/S4150/2011_H	0.3177	0.2812	0.2778	0.3583	0.176	-0.076	0.376	56.39	0.511	0.501	237	251	-0.242629	0.047809	
A/duck/Hunan/S4220/2011_H	0.3333	0.2604	0.3081	0.3316	0.172	-0.112	0.354	49.53	0.473	0.489	237	251	-0.242629	0.047809	
A/duck/Jiangxi/120/2011_H	0.3229	0.2656	0.3284	0.3037	0.172	-0.055	0.388	58.06	0.460	0.494	237	251	-0.234263	0.043825	
A/duck/Jiangxi/130/2011_H	0.3125	0.2865	0.2778	0.3583	0.180	-0.061	0.384	56.74	0.515	0.502	237	251	-0.242629	0.047809	
A/duck/Jiangxi/34/2011_H5	0.3229	0.2656	0.3081	0.3369	0.173	-0.112	0.354	50.45	0.481	0.491	237	251	-0.242629	0.047809	
A/duck/Jiangxi/35/2011_H5	0.3229	0.2656	0.3081	0.3369	0.173	-0.112	0.354	50.45	0.481	0.491	237	251	-0.242629	0.047809	
A/duck/Jiangxi/44/2011_H5	0.2880	0.2827	0.2995	0.3564	0.188	-0.042	0.396	56.33	0.515	0.509	235	251	-0.243028	0.047809	
A/duck/Jiangxi/80/2005_H5	0.3141	0.2827	0.2864	0.3511	0.184	-0.047	0.392	56.06	0.506	0.499	237	251	-0.242629	0.047809	
A/duck/Jilin/JL-SIV/2013_	0.3177	0.2760	0.2879	0.3548	0.182	-0.055	0.388	55.14	0.502	0.497	237	251	-0.241434	0.047809	
A/duck/Nanchang/9789/2013	0.3281	0.2604	0.2980	0.3476	0.174	-0.105	0.359	50.19	0.485	0.491	237	251	-0.252988	0.047809	
A/duck/Shandong/009/2008_	0.3229	0.2656	0.3284	0.3037	0.175	-0.062	0.384	59.22	0.460	0.493	237	251	-0.244223	0.043825	
A/duck/Sichuan/NCXN10/201	0.3385	0.2500	0.3081	0.3369	0.171	-0.119	0.350	50.86	0.468	0.489	237	251	-0.232669	0.047809	
A/duck/Sichuan/NCXN11/201	0.3385	0.2500	0.3081	0.3387	0.170	-0.121	0.350	51.13	0.468	0.487	237	251	-0.229881	0.047809	
A/duck/Wenzhou/YJYF33/201	0.3125	0.2760	0.3116	0.3263	0.175	-0.092	0.367	57.84	0.485	0.501	237	251	-0.243825	0.043825	
A/duck/Yunnan/4072/2003_H	0.3333	0.2604	0.2879	0.3529	0.178	-0.076	0.376	54.52	0.489	0.493	237	251	-0.242629	0.047809	
A/duck/Yunnan/426/2004_H5	0.3333	0.2604	0.2879	0.3529	0.177	-0.090	0.367	54.09	0.489	0.493	237	251	-0.242629	0.047809	
A/duck/Yunnan/4645/2003_H	0.3333	0.2604	0.2828	0.3583	0.177	-0.083	0.371	54.39	0.494	0.494	237	251	-0.242629	0.047809	
A/duck/Yunnan/47/2006_H5N	0.3125	0.2969	0.2893	0.3387	0.191	-0.041	0.397	54.58	0.506	0.501	237	251	-0.235458	0.047809	
A/duck/Yunnan/485/2004_H5	0.3333	0.2604	0.2828	0.3583	0.177	-0.083	0.371	54.39	0.494	0.494	237	251	-0.242629	0.047809	
A/duck/Yunnan/4873/2006_H	0.3125	0.2812	0.2879	0.3529	0.179	-0.068	0.380	54.33	0.506	0.499	237	251	-0.242629	0.047809	
A/duck/Yunnan/5090/2003_H	0.3333	0.2604	0.2828	0.3583	0.177	-0.083	0.371	54.39	0.494	0.494	237	251	-0.242629	0.047809	
A/duck/Yunnan/5169/2003_H	0.3333	0.2604	0.2828	0.3583	0.177	-0.083	0.371	54.39	0.494	0.494	237	251	-0.242629	0.047809	
A/duck/Yunnan/522/2004_H5	0.3333	0.2604	0.2828	0.3583	0.177	-0.083	0.371	54.39	0.494	0.494	237	251	-0.242629	0.047809	
A/duck/Yunnan/5310/2006_H	0.3229	0.2708	0.2879	0.3529	0.185	-0.054	0.388	54.95	0.498	0.497	237	251	-0.242629	0.047809	
A/duck/Yunnan/5948/2003_H	0.3333	0.2604	0.2828	0.3583	0.177	-0.083	0.371	54.67	0.494	0.494	237	251	-0.243028	0.047809	
A/duck/Yunnan/6080/2003_H	0.3333	0.2604	0.2828	0.3583	0.177	-0.083	0.371	54.61	0.494	0.493	237	251	-0.242629	0.047809	
A/duck/Yunnan/6603/2003_H	0.3333	0.2604	0.2828	0.3583	0.177	-0.083	0.371	54.39	0.494	0.494	237	251	-0.242629	0.047809	
A/duck/Zhejiang/1220092/2	0.3125	0.2708	0.3166	0.3263	0.173	-0.099	0.363	58.01	0.481	0.499	237	251	-0.243825	0.043825	
A/duck/Zhejiang/213/2011_	0.3229	0.2656	0.3131	0.3316	0.174	-0.112	0.354	50.16	0.477	0.490	237	251	-0.242629	0.047809	
A/duck/Zhejiang/224/2011_	0.3281	0.2604	0.3081	0.3369	0.175	-0.105	0.359	50.53	0.477	0.490	237	251	-0.242629	0.047809	
A/duck/Zhejiang/2242/2011	0.3281	0.2604	0.3081	0.3369	0.175	-0.105	0.359	50.53	0.477	0.490	237	251	-0.242629	0.047809	
A/duck/Zhejiang/2243/2011	0.3281	0.2604	0.3081	0.3369	0.175	-0.105	0.359	50.53	0.477	0.490	237	251	-0.242629	0.047809	
A/duck/Zhejiang/2244/2011	0.3281	0.2604	0.3081	0.3369	0.175	-0.105	0.359	50.53	0.477	0.490	237	251	-0.242629	0.047809	
A/duck/Zhejiang/2245/2011	0.2953	0.3005	0.2800	0.3455	0.180	-0.022	0.405	57.40	0.523	0.510	237	251	-0.235857	0.047809	
A/duck/Zhejiang/2248/2011	0.3281	0.2604	0.3081	0.3369	0.175	-0.105	0.359	50.53	0.477	0.490	237	251	-0.242629	0.047809	
A/equine/China/61/2010_H5	0.3212	0.2798	0.2792	0.3548	0.178	-0.076	0.376	54.22	0.506	0.499	237	251	-0.241434	0.047809	
A/equine/China/67/2010_H5	0.3161	0.2798	0.2828	0.3529	0.178	-0.068	0.380	55.30	0.506	0.501	237	251	-0.231474	0.047809	
A/equine/China/68/2010_H5	0.3177	0.2760	0.2828	0.3583	0.177	-0.076	0.376	54.68	0.506	0.499	237	251	-0.242629	0.047809	
A/goose/China/E43/2012_H5	0.3229	0.2656	0.3116	0.3298	0.175	-0.105	0.359	50.67	0.477	0.491	237	251	-0.231873	0.047809	
A/goose/Eastern_China/223	0.3177	0.2708	0.3069	0.3229	0.177	-0.048	0.392	57.90	0.481	0.498	237	251	-0.243028	0.043825	
A/goose/GuangDong/1189/20	0.2959	0.2959	0.2857	0.3368	0.164	-0.067	0.377	53.30	0.515	0.510	239	251	-0.215936	0.043825	
A/goose/Guangdong/72/2004	0.3194	0.2775	0.3096	0.3262	0.181	-0.066	0.381	54.49	0.483	0.493	236	251	-0.252988	0.047809	
A/goose/Hubei/65/2005_H5N	0.3037	0.2775	0.2950	0.3545	0.172	-0.080	0.371	55.92	0.506	0.501	237	251	-0.238645	0.043825	
A/goose/Inner_Mongolia/IM	0.3005	0.3005	0.2700	0.3508	0.184	-0.030	0.401	56.06	0.527	0.511	237	251	-0.235857	0.047809	
A/goose/Jiangsu/k0403/201	0.3125	0.2865	0.2879	0.3476	0.177	-0.076	0.376	55.15	0.506	0.499	237	251	-0.242629	0.047809	
A/goose/Yunnan/3798/2006_	0.3125	0.2812	0.2879	0.3529	0.179	-0.068	0.380	54.33	0.506	0.499	237	251	-0.242629	0.047809	
A/goose/Yunnan/4371/2006_	0.3125	0.2812	0.2879	0.3529	0.179	-0.068	0.380	54.33	0.506	0.499	237	251	-0.242629	0.047809	
A/goose/Yunnan/4389/2006_	0.3125	0.2812	0.2879	0.3529	0.179	-0.068	0.380	54.33	0.506	0.499	237	251	-0.242629	0.047809	
A/goose/Yunnan/4985/2006_	0.3125	0.2812	0.2879	0.3529	0.179	-0.068	0.380	54.33	0.506	0.499	237	251	-0.242629	0.047809	
A/goose/Yunnan/5141/2006_	0.3125	0.2812	0.2814	0.3564	0.176	-0.076	0.376	54.41	0.511	0.502	237	251	-0.231873	0.047809	
A/goose/Yunnan/5769/2006_	0.3229	0.2708	0.2879	0.3529	0.182	-0.068	0.380	54.61	0.498	0.497	237	251	-0.242629	0.047809	
A/goose/Yunnan/5979/2006_	0.3229	0.2708	0.2879	0.3529	0.182	-0.068	0.380	54.61	0.498	0.497	237	251	-0.242629	0.047809	
A/goose/Yunnan/6193/2006_	0.3229	0.2760	0.2828	0.3529	0.177	-0.068	0.380	54.54	0.502	0.498	237	251	-0.242629	0.047809	
A/goose/Zhejiang/112071/2	0.3229	0.2656	0.3131	0.3316	0.175	-0.103	0.359	50.35	0.477	0.489	237	251	-0.233068	0.047809	
A/goose/Zhejiang/727098/2	0.3281	0.2656	0.3131	0.3262	0.178	-0.098	0.363	52.12	0.473	0.489	237	251	-0.242629	0.047809	
A/great_black-headed_gull	0.3229	0.2760	0.2778	0.3602	0.183	-0.056	0.388	55.81	0.506	0.501	237	251	-0.223904	0.047809	
A/great_crested-grebe/Qin	0.3229	0.2760	0.3030	0.3316	0.175	-0.090	0.367	56.43	0.485	0.491	237	251	-0.242629	0.047809	
A/great_egret/Hong_Kong/8	0.3281	0.2656	0.2980	0.3422	0.176	-0.098	0.363	50.48	0.485	0.493	237	251	-0.242629	0.047809	
A/great_tit/Panjing/PJ-66	0.3177	0.2812	0.2778	0.3583	0.176	-0.076	0.376	56.39	0.511	0.501	237	251	-0.242629	0.047809	
A/grey_heron/Hong_Kong/10	0.3229	0.2708	0.2980	0.3422	0.174	-0.105	0.359	50.24	0.489	0.494	237	251	-0.242629	0.047809	
A/grey_heron/Hong_Kong/30	0.3229	0.2708	0.2980	0.3422	0.174	-0.105	0.359	50.24	0.489	0.494	237	251	-0.242629	0.047809	
A/hill_myna/Heilongjiang/	0.3177	0.2708	0.3232	0.3209	0.173	-0.112	0.354	51.08	0.473	0.489	237	251	-0.242629	0.047809	
A/lesser_kestrel/Heilongj	0.3194	0.2827	0.2778	0.3583	0.185	-0.055	0.388	55.46	0.511	0.499	237	251	-0.238645	0.047809	
A/lion/Hubei/1-2/2016_H5N	0.3125	0.2656	0.3166	0.3316	0.174	-0.099	0.363	58.27	0.481	0.499	237	251	-0.243825	0.043825	
A/little_egret/Hong_Kong/	0.3281	0.2656	0.2828	0.3583	0.177	-0.083	0.371	52.75	0.498	0.497	237	251	-0.242629	0.047809	
A/magpie_robin/Hong_Kong/	0.3229	0.2708	0.3030	0.3369	0.172	-0.112	0.354	50.61	0.485	0.493	237	251	-0.242629	0.047809	
A/magpie_robin/Hong_Kong/	0.3229	0.2708	0.2980	0.3422	0.174	-0.105	0.359	50.24	0.489	0.494	237	251	-0.242629	0.047809	
A/meerkat/Shanghai/SH-1/2	0.3125	0.2760	0.3081	0.3369	0.177	-0.090	0.367	51.25	0.489	0.494	237	251	-0.242629	0.047809	
A/mink/China/G/2015_H5N1|	0.3316	0.2487	0.3266	0.3262	0.171	-0.121	0.349	49.88	0.458	0.483	238	251	-0.232271	0.047809	
A/mink/China/XB/2015_H5N1	0.3177	0.2604	0.3166	0.3316	0.173	-0.106	0.359	58.43	0.477	0.498	237	251	-0.243825	0.043825	
A/mink/Eastern_China/0712	0.3385	0.2513	0.3300	0.2984	0.174	-0.049	0.391	56.01	0.445	0.483	238	251	-0.266534	0.047809	
A/ostrich/Suzhou/097/2003	0.3490	0.2448	0.2929	0.3495	0.177	-0.092	0.367	53.75	0.473	0.487	237	251	-0.239841	0.047809	
A/parrot/Guangdong/C99/20	0.3281	0.2656	0.2879	0.3529	0.177	-0.076	0.376	54.35	0.494	0.495	237	251	-0.242629	0.047809	
A/partridge/Shantou/2886/	0.3281	0.2656	0.2864	0.3511	0.177	-0.066	0.380	55.07	0.494	0.497	237	251	-0.238645	0.043825	
A/peacock/Yunnan/1/2015_H	0.3073	0.2708	0.3166	0.3316	0.170	-0.099	0.363	58.09	0.485	0.499	237	251	-0.243825	0.043825	
A/peacock/Yunnan/3/2015_H	0.3073	0.2708	0.3216	0.3263	0.169	-0.106	0.359	58.23	0.481	0.498	237	251	-0.243825	0.043825	
A/peregrine_falcon/Hong_K	0.3177	0.2708	0.3200	0.3158	0.176	-0.048	0.392	59.02	0.473	0.494	237	251	-0.254980	0.043825	
A/pheasant/Shantou/3535/2	0.3229	0.2708	0.2864	0.3511	0.173	-0.088	0.367	54.65	0.498	0.498	237	251	-0.238645	0.043825	
A/pheasant/Shantou/4567/2	0.3281	0.2656	0.2980	0.3422	0.176	-0.076	0.376	54.81	0.485	0.493	237	251	-0.242629	0.047809	
A/pied_megpie/Liaoning/7/	0.3141	0.2827	0.2995	0.3369	0.180	-0.066	0.381	53.78	0.496	0.497	236	251	-0.251793	0.047809	
A/pigeon/Hubei/RP25/2012_	0.3247	0.2680	0.3168	0.3073	0.174	-0.057	0.387	56.54	0.466	0.497	238	251	-0.258566	0.043825	
A/pigeon/Sichuan/NCXN29/2	0.3333	0.2552	0.3081	0.3387	0.171	-0.113	0.354	50.52	0.473	0.489	237	251	-0.229881	0.047809	
A/pigeon/Zhejiang/112089/	0.3229	0.2656	0.3131	0.3316	0.175	-0.105	0.359	50.10	0.477	0.490	237	251	-0.242629	0.047809	
A/pigeon/Zhejiang/112090/	0.3229	0.2656	0.3182	0.3262	0.176	-0.098	0.363	50.23	0.473	0.489	237	251	-0.242629	0.047809	
A/pigeon/Zhejiang/727097/	0.3281	0.2656	0.3131	0.3262	0.178	-0.098	0.363	52.12	0.473	0.489	237	251	-0.242629	0.047809	
A/plateau_pika/Qinghai/04	0.3125	0.2708	0.3282	0.3155	0.163	-0.095	0.366	57.47	0.472	0.499	235	250	-0.367200	0.052000	
A/quail/Guangxi/11/2002_H	0.3109	0.2798	0.2965	0.3386	0.171	-0.063	0.384	52.52	0.498	0.501	237	251	-0.274502	0.047809	
A/quail/Guangxi/12/2002_H	0.3109	0.2798	0.2965	0.3386	0.171	-0.063	0.384	52.52	0.498	0.501	237	251	-0.274502	0.047809	
A/quail/Guangxi/13/2002_H	0.3109	0.2798	0.2965	0.3386	0.171	-0.063	0.384	52.52	0.498	0.501	237	251	-0.274502	0.047809	
A/quail/Nanchang/6631/201	0.3281	0.2604	0.2980	0.3476	0.174	-0.105	0.359	50.19	0.485	0.491	237	251	-0.252988	0.047809	
A/shrike/Tibet/13/2006_H5	0.3177	0.2760	0.2828	0.3583	0.180	-0.061	0.384	55.63	0.506	0.499	237	251	-0.242629	0.047809	
A/silky_chicken/Shantou/4	0.3281	0.2656	0.2929	0.3476	0.180	-0.061	0.384	54.69	0.489	0.493	237	251	-0.242629	0.047809	
A/swan/Shanghai/10/2009_H	0.3229	0.2708	0.2879	0.3529	0.182	-0.061	0.384	55.15	0.498	0.497	237	251	-0.242629	0.047809	
A/swine/Guangxi/592/2011_	0.3333	0.2552	0.3030	0.3422	0.175	-0.105	0.359	50.40	0.477	0.490	237	251	-0.242629	0.047809	
A/swine/Jiangsu/1/2008_H5	0.3177	0.2708	0.2950	0.3457	0.177	-0.059	0.384	58.78	0.494	0.495	237	251	-0.226693	0.043825	
A/swine/Jiangsu/2/2009_H5	0.3281	0.2656	0.2879	0.3548	0.184	-0.040	0.397	55.11	0.494	0.495	237	251	-0.231474	0.047809	
A/swine/Shandong/SD1/2014	0.3212	0.2694	0.3030	0.3369	0.174	-0.074	0.376	54.69	0.485	0.494	237	251	-0.245020	0.047809	
A/swine/Zhejiang/SW57/201	0.3281	0.2656	0.3131	0.3262	0.178	-0.098	0.363	52.12	0.473	0.489	237	251	-0.242629	0.047809	
A/tiger/Yunnan/tig1404/20	0.3333	0.2552	0.3182	0.3280	0.169	-0.111	0.354	51.06	0.464	0.485	237	251	-0.221912	0.047809	
A/tiger/Yunnan/tig1412/20	0.3385	0.2500	0.3131	0.3316	0.169	-0.119	0.350	48.99	0.464	0.485	237	251	-0.242629	0.047809	
A/tiger/Yunnan/tig1508/20	0.3281	0.2604	0.3116	0.3263	0.173	-0.113	0.354	56.86	0.473	0.497	237	251	-0.243825	0.043825	
A/turtle_dove/Guangdong/3	0.3177	0.2760	0.2879	0.3529	0.180	-0.061	0.384	55.44	0.502	0.498	237	251	-0.242629	0.047809	
A/waterfowl/Hong_Kong/378	0.3212	0.2694	0.2944	0.3476	0.169	-0.076	0.376	51.66	0.494	0.494	237	251	-0.286853	0.047809	
A/wild_duck/Fujian/1/2011	0.3333	0.2604	0.3081	0.3316	0.183	-0.090	0.367	49.91	0.473	0.489	237	251	-0.242629	0.047809	
A/wild_duck/Fujian/2/2011	0.3333	0.2604	0.3081	0.3316	0.183	-0.090	0.367	49.91	0.473	0.489	237	251	-0.242629	0.047809	
A/wild_duck/Jilin/HF/2011	0.3177	0.2812	0.2778	0.3583	0.176	-0.076	0.376	56.39	0.511	0.501	237	251	-0.242629	0.047809	
A/wild_duck/Jilin/ZF/2011	0.3264	0.2694	0.2814	0.3545	0.184	-0.069	0.378	55.44	0.500	0.498	238	251	-0.234662	0.047809	
A/wild_duck/Liaoning/8/20	0.3158	0.2895	0.2995	0.3316	0.183	-0.075	0.377	53.80	0.496	0.497	236	251	-0.249402	0.047809	
A/wild_duck/Shandong/1/20	0.3351	0.2565	0.3081	0.3333	0.177	-0.090	0.369	58.16	0.470	0.488	236	250	-0.246800	0.048000	
A/wild_duck/Shandong/2/20	0.3246	0.2775	0.2879	0.3476	0.182	-0.070	0.380	55.81	0.498	0.494	237	251	-0.240239	0.047809	
A/wild_duck/Shandong/628/	0.3093	0.2835	0.2893	0.3495	0.176	-0.074	0.376	58.29	0.506	0.498	237	251	-0.253386	0.047809	
A/Hong_Kong/486/97       	0.3653	0.2773	0.3563	0.2553	0.180	-0.054	0.403	52.93	0.412	0.435	427	434	-0.226728	0.073733	
A/Hong_Kong/538/97       	0.3636	0.2807	0.3605	0.2527	0.181	-0.050	0.405	52.77	0.412	0.434	427	434	-0.231567	0.073733	
A/Indonesia/5/2005       	0.3877	0.2540	0.3774	0.2305	0.183	-0.084	0.386	49.91	0.376	0.427	425	434	-0.238479	0.064516	
A/Pheasant/Hong_Kong/FY15	0.4061	0.2437	0.3584	0.2474	0.180	-0.096	0.380	49.02	0.376	0.421	447	453	-0.216115	0.070640	
A/Thailand/16/2004       	0.3920	0.2507	0.3722	0.2359	0.186	-0.084	0.387	48.63	0.378	0.428	426	434	-0.246544	0.064516	
A/chicken/Indonesia/7/200	0.3920	0.2480	0.3636	0.2421	0.183	-0.090	0.384	49.90	0.381	0.432	425	434	-0.249309	0.064516	
A/Chicken/HongKong/FY150/	0.4036	0.2462	0.3554	0.2500	0.180	-0.091	0.383	48.47	0.380	0.423	447	453	-0.216777	0.070640	
A/Chicken/HongKong/YU822.	0.3817	0.2697	0.3625	0.2389	0.189	-0.071	0.395	49.96	0.395	0.431	446	453	-0.228698	0.068433	
A/Chicken/HongKong/YU562/	0.3943	0.2655	0.3364	0.2621	0.192	-0.069	0.394	51.63	0.405	0.430	442	453	-0.219647	0.070640	
A/chicken/Korea/ES/03    	0.3867	0.2507	0.3614	0.2474	0.183	-0.083	0.387	50.11	0.387	0.432	426	434	-0.231106	0.066820	
A/Vietnam/UT3062/2004    	0.3867	0.2587	0.3679	0.2359	0.189	-0.068	0.397	50.06	0.385	0.430	426	434	-0.238940	0.066820	
A/Hong_Kong/156/97       	0.3733	0.2693	0.3563	0.2571	0.175	-0.065	0.396	52.47	0.405	0.432	427	434	-0.192396	0.073733	
A/whooper_swan/Mongolia/2	0.3883	0.2500	0.3602	0.2439	0.181	-0.089	0.383	50.65	0.385	0.432	426	434	-0.209908	0.069124	
A/Hong_Kong/483/1997     	0.3733	0.2720	0.3500	0.2607	0.177	-0.065	0.396	52.57	0.410	0.434	427	434	-0.200922	0.073733	
A/Hong_Kong/482/97       	0.3680	0.2747	0.3563	0.2553	0.179	-0.059	0.400	52.87	0.410	0.435	427	434	-0.217281	0.073733	
A/Anas_platyrhynchos/Chon	0.3836	0.2685	0.3201	0.2907	0.192	-0.041	0.412	52.40	0.426	0.436	444	453	-0.249669	0.072848	
A/Anas_platyrhynchos/Jiuj	0.3827	0.2704	0.3212	0.2837	0.189	-0.049	0.408	53.18	0.423	0.436	444	454	-0.253084	0.072687	
A/Anhui/1/2005|EPI_ISL_24	0.3963	0.2394	0.3785	0.2376	0.175	-0.094	0.380	48.17	0.369	0.423	426	434	-0.238940	0.066820	
A/Anhui/1/2006|EPI_ISL_73	0.3877	0.2487	0.3774	0.2343	0.176	-0.110	0.369	50.77	0.376	0.428	425	434	-0.237558	0.066820	
A/Anhui/2/2005|EPI_ISL_24	0.3910	0.2447	0.3785	0.2376	0.177	-0.089	0.383	48.37	0.373	0.425	426	434	-0.238940	0.066820	
A/Anser_cygnoides/China/P	0.3773	0.2401	0.3719	0.2708	0.172	-0.083	0.386	50.20	0.388	0.425	428	434	-0.193779	0.066820	
A/Anser_fabalis/Jiujiang/	0.3827	0.2704	0.3212	0.2837	0.189	-0.049	0.408	53.18	0.423	0.436	444	454	-0.253084	0.072687	
A/Bar-headed_Goose/Qingha	0.3753	0.2493	0.3533	0.2867	0.173	-0.096	0.381	48.96	0.407	0.432	425	434	-0.240553	0.069124	
A/Bar-headed_Goose/Tibet/	0.3795	0.2667	0.3354	0.2847	0.185	-0.081	0.390	51.27	0.419	0.435	444	453	-0.212804	0.075055	
A/Bar-headed_Goose/Tibet/	0.3795	0.2667	0.3354	0.2847	0.185	-0.081	0.390	51.27	0.419	0.435	444	453	-0.212804	0.075055	
A/Black_faced_Spoonbill/A	0.3913	0.2685	0.3180	0.2867	0.190	-0.062	0.401	51.50	0.421	0.441	444	469	-0.263326	0.104478	
A/Black_Faced_Spoonbill/H	0.3882	0.2648	0.3140	0.3021	0.190	-0.070	0.396	51.67	0.428	0.436	444	453	-0.243929	0.075055	
A/Black_Faced_Spoonbill/H	0.3862	0.2711	0.3160	0.2937	0.191	-0.050	0.408	51.62	0.428	0.434	444	453	-0.239956	0.075055	
A/Black-necked_Grebe/Inne	0.3770	0.2460	0.3553	0.2832	0.171	-0.102	0.376	49.21	0.402	0.432	425	434	-0.217972	0.066820	
A/Black-necked_Grebe/Inne	0.3753	0.2520	0.3522	0.2832	0.174	-0.094	0.381	49.98	0.407	0.433	425	434	-0.225115	0.066820	
A/Black-necked_Grebe/Inne	0.3753	0.2520	0.3522	0.2832	0.174	-0.092	0.381	49.68	0.407	0.432	425	434	-0.214516	0.066820	
A/Black-necked_Grebe/Inne	0.3753	0.2520	0.3522	0.2832	0.174	-0.094	0.381	49.98	0.407	0.433	425	434	-0.225115	0.066820	
A/Black-necked_Grebe/Inne	0.3753	0.2520	0.3522	0.2832	0.174	-0.094	0.381	49.98	0.407	0.433	425	434	-0.225115	0.066820	
A/Black-necked_Grebe/Inne	0.3753	0.2520	0.3522	0.2832	0.174	-0.094	0.381	49.98	0.407	0.433	425	434	-0.225115	0.066820	
A/Black-necked_Grebe/Inne	0.3753	0.2520	0.3522	0.2832	0.174	-0.094	0.381	49.98	0.407	0.433	425	434	-0.225115	0.066820	
A/Black-necked_Grebe/Inne	0.3753	0.2520	0.3522	0.2832	0.174	-0.094	0.381	49.98	0.407	0.433	425	434	-0.225115	0.066820	
A/chicken/Anhui/S1740/202	0.3866	0.2680	0.3455	0.2604	0.186	-0.067	0.397	51.91	0.404	0.432	443	453	-0.199779	0.072848	
A/chicken/China/Cangzhou0	0.3811	0.2737	0.3171	0.2917	0.190	-0.049	0.408	53.03	0.430	0.438	444	453	-0.249890	0.072848	
A/chicken/China/E93/2012|	0.3834	0.2547	0.3605	0.2561	0.189	-0.057	0.401	49.79	0.394	0.434	426	434	-0.227650	0.066820	
A/chicken/China/E96/2012|	0.3834	0.2547	0.3563	0.2587	0.188	-0.060	0.399	49.53	0.397	0.434	426	434	-0.210829	0.066820	
A/chicken/Gansu/5/2012|EP	0.3797	0.2540	0.3551	0.2648	0.186	-0.062	0.398	49.55	0.400	0.435	427	434	-0.211751	0.069124	
A/chicken/Gansu/6/2012|EP	0.3797	0.2540	0.3551	0.2648	0.186	-0.062	0.398	49.55	0.400	0.435	427	434	-0.211751	0.069124	
A/chicken/Guangxi/S2039/2	0.3910	0.2314	0.3679	0.2669	0.172	-0.114	0.369	48.34	0.380	0.428	426	434	-0.229954	0.066820	
A/chicken/Hubei/2856/2007	0.3963	0.2394	0.3817	0.2349	0.175	-0.089	0.383	48.12	0.366	0.421	426	434	-0.227189	0.066820	
A/chicken/Hunan/1793/2007	0.3936	0.2394	0.3762	0.2386	0.178	-0.101	0.373	48.49	0.371	0.425	426	434	-0.220046	0.066820	
A/chicken/Hunan/3157/2006	0.3979	0.2387	0.3797	0.2349	0.176	-0.100	0.378	48.47	0.366	0.424	426	434	-0.239631	0.069124	
A/chicken/Hunan/S10029/20	0.3910	0.2420	0.3734	0.2555	0.175	-0.093	0.380	49.30	0.378	0.421	426	434	-0.176267	0.069124	
A/chicken/Jiangsu/03.17_W	0.3910	0.2287	0.3553	0.2832	0.164	-0.107	0.372	47.76	0.388	0.427	425	435	-0.208046	0.066667	
A/chicken/Jiangsu/927/201	0.3947	0.2320	0.3844	0.2464	0.177	-0.097	0.379	47.24	0.365	0.419	427	434	-0.193549	0.066820	
A/chicken/Jiangsu/2477/20	0.3787	0.2427	0.3688	0.2714	0.171	-0.108	0.372	48.98	0.391	0.427	427	434	-0.213825	0.066820	
A/chicken/Jiangsu/k0402/2	0.3947	0.2267	0.3754	0.2607	0.170	-0.097	0.379	48.73	0.372	0.425	425	434	-0.236636	0.064516	
A/chicken/Jiangsu/SE2228/	0.3727	0.2520	0.3636	0.2695	0.173	-0.104	0.374	49.53	0.400	0.432	425	434	-0.224194	0.064516	
A/chicken/Jiangsu/YB7/201	0.3910	0.2287	0.3628	0.2770	0.165	-0.114	0.369	48.08	0.384	0.424	425	435	-0.216092	0.066667	
A/chicken/Jiangxi/25/2011	0.3883	0.2340	0.3648	0.2734	0.170	-0.107	0.373	48.19	0.385	0.425	426	434	-0.222350	0.066820	
A/chicken/Jiangxi/S40653/	0.3866	0.2706	0.3455	0.2569	0.185	-0.067	0.397	52.18	0.404	0.432	443	453	-0.199779	0.072848	
A/chicken/Jilin/04.12_MHK	0.3797	0.2433	0.3574	0.2832	0.170	-0.112	0.371	48.85	0.399	0.429	426	434	-0.220046	0.066820	
A/chicken/Jilin/04.12_MHK	0.3797	0.2406	0.3605	0.2832	0.168	-0.116	0.369	48.73	0.397	0.429	426	434	-0.220046	0.066820	
A/chicken/Jilin/04.12_MHK	0.3797	0.2433	0.3574	0.2832	0.170	-0.112	0.371	48.85	0.399	0.429	426	434	-0.220046	0.066820	
A/chicken/Jilin/04.12_MHK	0.3797	0.2433	0.3574	0.2832	0.170	-0.112	0.371	48.85	0.399	0.429	426	434	-0.220046	0.066820	
A/chicken/Jilin/04.25_MHK	0.3824	0.2406	0.3636	0.2760	0.169	-0.116	0.369	48.88	0.392	0.427	426	434	-0.220046	0.066820	
A/chicken/Jilin/S1255/201	0.3710	0.2554	0.3742	0.2626	0.175	-0.107	0.374	49.85	0.395	0.427	425	434	-0.216590	0.066820	
A/chicken/Jilin/S1271/201	0.3710	0.2554	0.3742	0.2626	0.175	-0.107	0.374	49.85	0.395	0.427	425	434	-0.216590	0.066820	
A/chicken/Liaoning/S4092/	0.3807	0.2574	0.3531	0.2613	0.189	-0.057	0.401	49.61	0.401	0.437	426	434	-0.222120	0.066820	
A/chicken/Liaoning/SD035/	0.3727	0.2547	0.3750	0.2562	0.179	-0.092	0.383	49.59	0.392	0.428	426	434	-0.217281	0.066820	
A/chicken/Ningxia/2/2012|	0.3797	0.2540	0.3551	0.2648	0.186	-0.062	0.398	49.55	0.400	0.435	427	434	-0.211751	0.069124	
A/chicken/Ningxia/222/201	0.3797	0.2540	0.3540	0.2639	0.185	-0.065	0.396	49.58	0.400	0.436	427	434	-0.208525	0.066820	
A/chicken/Shandong/12.03_	0.3856	0.2314	0.3596	0.2842	0.164	-0.111	0.369	48.27	0.391	0.426	425	435	-0.215173	0.066667	
A/Chicken/Shandong/J01/20	0.4016	0.2234	0.3703	0.2652	0.171	-0.104	0.373	48.32	0.371	0.422	426	434	-0.243318	0.069124	
A/Chicken/Shandong/J02/20	0.3760	0.2613	0.3520	0.2613	0.185	-0.057	0.400	49.64	0.405	0.438	427	434	-0.218433	0.066820	
A/Chicken/Shandong/J03/20	0.3850	0.2487	0.3583	0.2613	0.186	-0.063	0.398	49.51	0.393	0.435	427	434	-0.221659	0.066820	
A/Chicken/Shandong/J04/20	0.3717	0.2647	0.3489	0.2674	0.187	-0.063	0.398	49.89	0.412	0.441	427	434	-0.228111	0.066820	
A/Chicken/Shandong/J06/20	0.3873	0.2281	0.3887	0.2491	0.165	-0.097	0.378	49.56	0.366	0.423	426	434	-0.205069	0.066820	
A/chicken/Shanghai/S1123/	0.3700	0.2547	0.3730	0.2652	0.173	-0.104	0.376	50.52	0.397	0.429	426	434	-0.217742	0.066820	
A/chicken/Shanghai/S4030/	0.3710	0.2581	0.3648	0.2669	0.176	-0.102	0.376	50.62	0.402	0.432	425	434	-0.230184	0.066820	
A/chicken/Wuxi/WX-32/2013	0.3910	0.2340	0.3836	0.2518	0.171	-0.108	0.372	48.34	0.370	0.422	427	434	-0.208525	0.066820	
A/chicken/Wuxi/WX-33/2013	0.3910	0.2340	0.3824	0.2509	0.172	-0.104	0.375	48.21	0.370	0.422	427	434	-0.202304	0.066820	
A/chicken/Xinjiang/S1016/	0.3673	0.2574	0.3730	0.2652	0.173	-0.092	0.383	49.92	0.399	0.429	426	434	-0.218433	0.066820	
A/chicken/Xinjiang/S1081/	0.3656	0.2581	0.3750	0.2643	0.175	-0.089	0.385	50.08	0.399	0.429	426	434	-0.216820	0.066820	
A/chicken/Xinjiang/S1170/	0.3673	0.2574	0.3730	0.2652	0.173	-0.092	0.383	49.92	0.399	0.429	426	434	-0.218433	0.066820	
A/chicken/Yunnan/1/2014|E	0.3773	0.2401	0.3719	0.2708	0.173	-0.083	0.386	49.59	0.388	0.425	428	434	-0.184101	0.066820	
A/condor/Guangdong/139/20	0.3757	0.2619	0.3636	0.2421	0.181	-0.082	0.387	49.98	0.394	0.435	426	434	-0.237558	0.066820	
A/Curlew/Hong_Kong/AFCD-H	0.3882	0.2648	0.3232	0.2907	0.189	-0.070	0.396	52.38	0.421	0.434	444	453	-0.244592	0.075055	
A/Cygnus_columbianus/Hube	0.3836	0.2737	0.3131	0.2941	0.192	-0.050	0.407	51.01	0.431	0.437	445	453	-0.245033	0.075055	
A/Cygnus_columbianus/Hube	0.3836	0.2737	0.3180	0.2902	0.191	-0.053	0.405	50.60	0.428	0.436	444	453	-0.248344	0.072848	
A/Cygnus_columbianus/Hube	0.3846	0.2744	0.3140	0.2917	0.192	-0.049	0.408	50.98	0.430	0.436	444	453	-0.250110	0.075055	
A/Cygnus_columbianus/Hube	0.3846	0.2744	0.3140	0.2917	0.192	-0.049	0.408	50.98	0.430	0.436	444	453	-0.250110	0.075055	
A/domestic_green-winged_t	0.3952	0.2414	0.3797	0.2349	0.173	-0.109	0.373	48.15	0.369	0.424	426	434	-0.239631	0.069124	
A/duck/China/E26/2012|EPI	0.3920	0.2293	0.3648	0.2705	0.166	-0.095	0.379	49.03	0.381	0.428	425	434	-0.218433	0.066820	
A/duck/China/E53/2012|EPI	0.3840	0.2400	0.3774	0.2581	0.171	-0.106	0.373	49.41	0.380	0.425	426	434	-0.229493	0.066820	
A/duck/Eastern_China/108/	0.3920	0.2240	0.3880	0.2554	0.166	-0.116	0.369	49.32	0.365	0.424	425	434	-0.221890	0.066820	
A/duck/Eastern_China/909/	0.3921	0.2395	0.3899	0.2242	0.166	-0.117	0.365	48.31	0.361	0.423	427	434	-0.204839	0.069124	
A/duck/Fujian/S1233/2018(	0.3717	0.2513	0.3750	0.2643	0.171	-0.109	0.372	49.96	0.393	0.427	427	434	-0.212442	0.066820	
A/duck/Fujian/S1273/2018(	0.3717	0.2513	0.3719	0.2679	0.172	-0.105	0.375	50.02	0.396	0.428	427	434	-0.212442	0.066820	
A/Duck/Fujian/S4146/2010|	0.3846	0.2361	0.3668	0.2724	0.172	-0.109	0.372	48.33	0.386	0.426	427	434	-0.207604	0.066820	
A/duck/Guangdong/S4518/20	0.3795	0.2718	0.3131	0.3000	0.191	-0.061	0.401	51.81	0.435	0.439	444	453	-0.221634	0.075055	
A/duck/Guangdong/S4525/20	0.3795	0.2718	0.3140	0.3010	0.190	-0.061	0.401	51.81	0.435	0.439	444	453	-0.227594	0.075055	
A/duck/Guizhou/S1321/2022	0.3821	0.2667	0.3171	0.3021	0.188	-0.064	0.399	51.53	0.430	0.436	444	453	-0.216115	0.075055	
A/duck/Guizhou/S1711/2024	0.3964	0.2609	0.3262	0.2787	0.192	-0.053	0.405	51.86	0.410	0.429	444	453	-0.237307	0.072848	
A/duck/Hubei/03.06__WHWTZ	0.3904	0.2299	0.3734	0.2671	0.167	-0.115	0.370	48.97	0.377	0.423	424	435	-0.217931	0.066667	
A/duck/Hubei/46/2009|EPI_	0.3617	0.2793	0.3563	0.2491	0.181	-0.077	0.390	51.75	0.413	0.444	426	434	-0.225576	0.066820	
A/duck/Hubei/2911/2007|EP	0.3952	0.2387	0.3679	0.2473	0.176	-0.097	0.378	49.14	0.376	0.429	426	434	-0.235023	0.064516	
A/duck/Hubei/S4465/2021(H	0.3892	0.2680	0.3455	0.2569	0.185	-0.067	0.397	52.10	0.402	0.431	443	453	-0.199779	0.072848	
A/duck/Hubei/SE128/2022(H	0.3866	0.2706	0.3455	0.2569	0.185	-0.067	0.397	52.18	0.404	0.432	443	453	-0.199779	0.072848	
A/duck/Hubei/SE220/2022(H	0.3846	0.2667	0.3140	0.3010	0.189	-0.069	0.396	51.38	0.430	0.436	444	453	-0.233113	0.075055	
A/duck/Hubei/xn/2007|EPI_	0.3973	0.2213	0.3817	0.2581	0.167	-0.110	0.372	48.87	0.365	0.421	425	434	-0.224194	0.069124	
A/duck/Hunan/03.07_YYGK1L	0.3936	0.2394	0.3734	0.2555	0.175	-0.098	0.378	49.24	0.376	0.421	426	434	-0.175346	0.069124	
A/duck/Hunan/12.07__YYGK4	0.3890	0.2384	0.3819	0.2463	0.176	-0.081	0.389	48.27	0.372	0.425	414	420	-0.225714	0.069048	
A/duck/Hunan/12.07__YYGK9	0.3966	0.2346	0.3709	0.2584	0.175	-0.100	0.378	48.69	0.376	0.427	407	412	-0.264563	0.070388	
A/duck/Hunan/12.07_YYGK00	0.3936	0.2314	0.3762	0.2581	0.173	-0.111	0.370	48.16	0.372	0.422	427	434	-0.191014	0.066820	
A/duck/Hunan/12.07_YYGK10	0.3883	0.2367	0.3781	0.2527	0.175	-0.083	0.386	48.34	0.375	0.424	427	434	-0.223272	0.066820	
A/duck/Hunan/316/2005|EPI	0.3952	0.2361	0.3849	0.2340	0.173	-0.106	0.373	48.05	0.364	0.422	426	434	-0.237558	0.066820	
A/duck/Hunan/689/2006|EPI	0.3899	0.2440	0.3691	0.2473	0.176	-0.095	0.380	48.91	0.380	0.430	426	434	-0.249309	0.066820	
A/duck/Hunan/3315/2006|EP	0.3893	0.2480	0.3711	0.2386	0.181	-0.092	0.379	48.77	0.379	0.429	425	434	-0.225115	0.066820	
A/duck/Hunan/S4020/2008|E	0.3904	0.2353	0.3785	0.2536	0.181	-0.097	0.379	48.17	0.374	0.425	425	434	-0.208756	0.066820	
A/duck/Hunan/S4030/2011|E	0.3787	0.2427	0.3762	0.2598	0.172	-0.114	0.369	48.93	0.385	0.429	426	434	-0.230415	0.066820	
A/duck/Hunan/S4150/2011|E	0.3920	0.2267	0.3648	0.2740	0.167	-0.109	0.372	48.88	0.381	0.426	425	435	-0.230805	0.066667	
A/duck/Hunan/S4220/2011|E	0.3793	0.2414	0.3699	0.2688	0.172	-0.099	0.377	49.22	0.389	0.428	427	434	-0.209447	0.066820	
A/duck/Jiangsu/S4439/2017	0.3881	0.2399	0.3691	0.2643	0.176	-0.121	0.366	49.67	0.384	0.425	424	434	-0.219124	0.066820	
A/duck/Jiangsu/SE1128/201	0.3763	0.2500	0.3711	0.2633	0.176	-0.111	0.372	49.76	0.393	0.429	425	434	-0.225115	0.066820	
A/duck/Jiangxi/34/2011|EP	0.3883	0.2340	0.3636	0.2780	0.169	-0.104	0.375	48.68	0.386	0.423	427	434	-0.208756	0.066820	
A/duck/Jiangxi/35/2011|EP	0.3873	0.2387	0.3605	0.2744	0.171	-0.100	0.377	49.17	0.389	0.425	427	434	-0.204378	0.066820	
A/duck/Jiangxi/44/2011|EP	0.3873	0.2308	0.3711	0.2724	0.171	-0.106	0.375	48.43	0.382	0.425	427	434	-0.232258	0.069124	
A/duck/Jiangxi/120/2011|E	0.3904	0.2513	0.3719	0.2376	0.183	-0.096	0.378	50.76	0.378	0.425	426	434	-0.242857	0.064516	
A/duck/Jiangxi/130/2011|E	0.3920	0.2293	0.3616	0.2796	0.165	-0.108	0.373	49.32	0.385	0.425	426	435	-0.248736	0.066667	
A/duck/Jiangxi/S40833/202	0.3866	0.2680	0.3485	0.2578	0.180	-0.071	0.395	52.18	0.402	0.430	443	453	-0.199117	0.072848	
A/duck/Jilin/04.04_SY002-	0.3824	0.2406	0.3668	0.2705	0.175	-0.098	0.378	49.27	0.390	0.428	426	434	-0.220507	0.066820	
A/duck/Jilin/JL-SIV/2013|	0.3915	0.2381	0.3924	0.2330	0.170	-0.107	0.372	48.80	0.363	0.420	427	434	-0.252995	0.066820	
A/duck/Jilin/S1261/2019(H	0.3710	0.2554	0.3742	0.2626	0.175	-0.107	0.374	49.85	0.395	0.427	425	434	-0.216590	0.066820	
A/duck/Jilin/S4171/2019(H	0.3727	0.2520	0.3750	0.2598	0.179	-0.094	0.380	49.97	0.392	0.429	426	434	-0.205760	0.066820	
A/duck/Nanchang/9789/2013	0.3783	0.2407	0.3699	0.2708	0.167	-0.099	0.377	50.12	0.389	0.425	427	434	-0.211982	0.066820	
A/duck/Shandong/009/2008|	0.3803	0.2553	0.3793	0.2332	0.170	-0.109	0.371	49.67	0.380	0.429	426	434	-0.244931	0.064516	
A/Duck/Shandong/Y01/2009|	0.3893	0.2293	0.3797	0.2626	0.166	-0.098	0.379	48.41	0.374	0.423	425	434	-0.237788	0.069124	
A/Duck/Shandong/Y02/2009|	0.3893	0.2293	0.3774	0.2607	0.164	-0.100	0.376	48.67	0.374	0.425	425	434	-0.217742	0.066820	
A/duck/Sichuan/NCXN10/201	0.3747	0.2454	0.3738	0.2662	0.175	-0.080	0.387	49.15	0.389	0.425	429	434	-0.186175	0.066820	
A/duck/Sichuan/NCXN11/201	0.3747	0.2454	0.3789	0.2581	0.174	-0.079	0.387	49.31	0.385	0.424	429	434	-0.184562	0.064516	
A/duck/Xinjiang/S1066/201	0.3646	0.2574	0.3730	0.2688	0.175	-0.088	0.385	49.96	0.401	0.429	426	434	-0.218433	0.066820	
A/duck/Xinjiang/S1126/201	0.3700	0.2547	0.3730	0.2652	0.173	-0.104	0.376	50.52	0.397	0.429	426	434	-0.217742	0.066820	
A/duck/Zhejiang/1220092/2	0.3963	0.2234	0.3659	0.2724	0.163	-0.118	0.367	47.89	0.376	0.423	425	435	-0.229196	0.066667	
A/duck/Zhejiang/S4091/201	0.3763	0.2473	0.3722	0.2688	0.170	-0.123	0.365	48.92	0.393	0.427	425	434	-0.231567	0.066820	
A/equine/China/61/2010|EP	0.3899	0.2414	0.3899	0.2278	0.173	-0.101	0.376	48.88	0.364	0.422	426	434	-0.218664	0.066820	
A/equine/China/67/2010|EP	0.3899	0.2414	0.3899	0.2278	0.173	-0.101	0.376	48.88	0.364	0.422	426	434	-0.218664	0.066820	
A/equine/China/68/2010|EP	0.3899	0.2414	0.3899	0.2278	0.173	-0.101	0.376	48.88	0.364	0.422	426	434	-0.218664	0.066820	
A/Eurasian_Teal/Hong_Kong	0.3827	0.2730	0.3131	0.2931	0.191	-0.040	0.411	52.96	0.431	0.438	445	454	-0.234582	0.074890	
A/Eurasian_Teal/Hong_Kong	0.3801	0.2755	0.3100	0.2955	0.193	-0.044	0.409	52.88	0.436	0.440	445	454	-0.235242	0.074890	
A/Eurasian_Wigeon/Hong_Ko	0.3801	0.2755	0.3070	0.2990	0.194	-0.044	0.409	52.79	0.438	0.441	445	454	-0.235242	0.074890	
A/Eurasian_Wigeon/Hong_Ko	0.3776	0.2781	0.3070	0.2990	0.194	-0.040	0.411	52.75	0.440	0.441	445	454	-0.235242	0.074890	
A/Falco_peregrinus/Beijin	0.3862	0.2660	0.3232	0.2882	0.188	-0.053	0.405	51.88	0.421	0.434	444	453	-0.249890	0.072848	
A/Fujian/1/2005|EPI_ISL_2	0.3813	0.2507	0.3774	0.2394	0.181	-0.093	0.379	50.21	0.381	0.429	425	434	-0.224424	0.066820	
A/Fujian/1/2007|EPI_ISL_7	0.3883	0.2527	0.3730	0.2340	0.178	-0.094	0.378	50.99	0.378	0.426	426	434	-0.212442	0.066820	
A/Gallinago_Stenura/Hong_	0.3801	0.2755	0.3070	0.2990	0.194	-0.044	0.409	52.79	0.438	0.441	445	454	-0.235242	0.074890	
A/goose/China/E43/2012|EP	0.3830	0.2394	0.3553	0.2842	0.174	-0.113	0.371	48.99	0.397	0.430	426	434	-0.226728	0.066820	
A/goose/Guangdong/SH7/201	0.3757	0.2434	0.3762	0.2681	0.174	-0.083	0.386	49.20	0.388	0.424	428	434	-0.183180	0.069124	
A/goose/Guizhou/S1541/202	0.3821	0.2667	0.3171	0.3021	0.188	-0.064	0.399	51.53	0.430	0.436	444	453	-0.216115	0.075055	
A/goose/Hunan/SE284/2022(	0.3811	0.2762	0.3119	0.2962	0.192	-0.039	0.412	51.23	0.435	0.440	444	453	-0.250111	0.072848	
A/goose/Inner_Mongolia/IM	0.3913	0.2609	0.3364	0.2772	0.186	-0.077	0.392	51.31	0.408	0.429	444	453	-0.213466	0.075055	
A/goose/Jiangsu/k0403/201	0.3930	0.2299	0.3734	0.2616	0.172	-0.092	0.382	49.10	0.375	0.424	424	434	-0.248618	0.064516	
A/goose/Jilin/S4034/2019(	0.3780	0.2493	0.3688	0.2624	0.176	-0.099	0.378	49.05	0.392	0.428	426	434	-0.227189	0.066820	
A/goose/Shandong/03.10_HZ	0.3770	0.2433	0.3688	0.2750	0.173	-0.116	0.368	49.55	0.393	0.428	427	434	-0.201152	0.066820	
A/goose/Shandong/GS/2013(	0.3910	0.2340	0.3844	0.2464	0.171	-0.104	0.375	47.81	0.368	0.419	427	434	-0.196774	0.066820	
A/goose/Zhejiang/112071/2	0.3770	0.2460	0.3656	0.2705	0.173	-0.107	0.373	48.83	0.394	0.430	426	434	-0.228111	0.064516	
A/goose/Zhejiang/727098/2	0.3920	0.2347	0.3812	0.2491	0.175	-0.104	0.375	48.31	0.370	0.422	427	434	-0.196083	0.066820	
A/Great_black-headed_Gull	0.3753	0.2520	0.3544	0.2852	0.175	-0.091	0.384	49.02	0.407	0.431	425	434	-0.221659	0.069124	
A/Great_black-headed_Gull	0.3727	0.2493	0.3565	0.2878	0.171	-0.094	0.381	48.89	0.407	0.432	425	434	-0.236866	0.069124	
A/Great_Cormorant/Hubei/c	0.3856	0.2314	0.3628	0.2796	0.166	-0.113	0.369	48.32	0.388	0.426	425	435	-0.216782	0.066667	
A/Great_Cormorant/Hubei/c	0.3856	0.2314	0.3628	0.2796	0.166	-0.113	0.369	48.32	0.388	0.426	425	435	-0.216782	0.066667	
A/Great_Cormorant/Hubei/V	0.3830	0.2340	0.3628	0.2806	0.164	-0.114	0.369	48.28	0.391	0.426	425	435	-0.216092	0.066667	
A/Great_Cormorant/Hubei/V	0.3803	0.2367	0.3616	0.2796	0.162	-0.121	0.365	49.00	0.393	0.427	425	435	-0.198391	0.066667	
A/Great_Cormorant/Hubei/V	0.3840	0.2347	0.3628	0.2796	0.167	-0.109	0.372	48.58	0.391	0.425	425	435	-0.222299	0.066667	
A/Guangdong/1/2006|EPI_IS	0.3850	0.2513	0.3762	0.2334	0.180	-0.093	0.379	49.93	0.379	0.429	425	434	-0.223963	0.066820	
A/Guangdong/1/2008|EPI_IS	0.3926	0.2440	0.3849	0.2313	0.176	-0.094	0.379	48.91	0.368	0.422	427	434	-0.249078	0.064516	
A/Guangdong/2/2006|EPI_IS	0.3910	0.2314	0.3892	0.2437	0.175	-0.105	0.374	48.96	0.365	0.423	425	434	-0.230184	0.066820	
A/Guangxi/1/2005|EPI_ISL_	0.3926	0.2387	0.3912	0.2278	0.171	-0.106	0.373	48.32	0.362	0.420	426	434	-0.236866	0.066820	
A/Guangxi/1/2005|EPI_ISL_	0.3926	0.2387	0.3912	0.2278	0.171	-0.106	0.373	48.32	0.362	0.420	426	434	-0.236866	0.066820	
A/Guangxi/1/2008|EPI_ISL_	0.3893	0.2560	0.3668	0.2384	0.185	-0.077	0.390	50.26	0.383	0.427	426	434	-0.212442	0.066820	
A/Guizhou/1/2009|EPI_ISL_	0.3793	0.2493	0.3912	0.2305	0.175	-0.077	0.390	50.63	0.373	0.428	426	434	-0.258295	0.066820	
A/hill_myna/Heilongjiang/	0.3856	0.2394	0.3762	0.2581	0.173	-0.096	0.379	47.97	0.379	0.424	427	434	-0.208065	0.066820	
A/Hong_Kong/5923/2012|EPI	0.3873	0.2361	0.3668	0.2708	0.170	-0.100	0.377	48.93	0.384	0.426	427	434	-0.196544	0.066820	
A/Hunan/1/2006|EPI_ISL_79	0.3936	0.2394	0.3849	0.2357	0.175	-0.097	0.378	48.98	0.366	0.421	426	434	-0.232028	0.066820	
A/Hunan/1/2008|EPI_ISL_73	0.3867	0.2507	0.3742	0.2351	0.185	-0.085	0.384	49.80	0.379	0.429	425	434	-0.223272	0.066820	
A/Hunan/2/2009|EPI_ISL_79	0.3793	0.2467	0.3912	0.2349	0.173	-0.089	0.383	50.44	0.373	0.426	426	434	-0.246313	0.066820	
A/Japanese_white-eye/Taoy	0.3883	0.2367	0.3762	0.2590	0.171	-0.100	0.377	48.21	0.377	0.422	427	434	-0.207373	0.066820	
A/Jiangsu/1/2007|EPI_ISL_	0.3979	0.2361	0.3880	0.2313	0.174	-0.107	0.372	48.66	0.361	0.419	427	434	-0.246083	0.066820	
A/Jiangsu/2/2007|EPI_ISL_	0.3979	0.2361	0.3880	0.2313	0.174	-0.107	0.372	48.66	0.361	0.419	427	434	-0.246083	0.066820	
A/Jiangxi/1/2005|EPI_ISL_	0.3887	0.2493	0.3614	0.2509	0.186	-0.069	0.394	50.39	0.387	0.430	426	434	-0.234101	0.066820	
A/lesser_kestrel/Heilongj	0.3979	0.2387	0.3703	0.2456	0.176	-0.105	0.376	49.27	0.373	0.428	426	434	-0.234562	0.066820	
A/lion/Hubei/1-2/2016|EPI	0.3867	0.2320	0.3553	0.2857	0.168	-0.101	0.376	48.81	0.393	0.428	425	435	-0.223448	0.066667	
A/mallard/Heilongjiang/HL	0.3947	0.2240	0.3648	0.2740	0.169	-0.106	0.374	49.18	0.379	0.426	425	435	-0.236322	0.066667	
A/mandarin_duck/Heilongji	0.3805	0.2725	0.3211	0.2897	0.192	-0.053	0.406	51.29	0.429	0.437	443	453	-0.248565	0.075055	
A/mandarin_duck/Henan/426	0.3862	0.2711	0.3119	0.2951	0.191	-0.049	0.408	51.09	0.430	0.438	444	453	-0.260486	0.072848	
A/meerkat/Shanghai/SH-1/2	0.3883	0.2367	0.3742	0.2626	0.167	-0.122	0.365	48.59	0.379	0.424	427	434	-0.210369	0.069124	
A/mink/China/G/2015|EPI_I	0.3783	0.2407	0.3711	0.2698	0.171	-0.106	0.372	48.79	0.389	0.428	427	434	-0.212903	0.064516	
A/mink/China/XB/2015|EPI_	0.3883	0.2287	0.3628	0.2806	0.164	-0.118	0.367	48.23	0.386	0.425	425	435	-0.216092	0.066667	
A/mink/Eastern_China/0712	0.3711	0.2680	0.4169	0.2063	0.174	-0.064	0.400	51.74	0.366	0.412	445	453	-0.262252	0.070640	
A/Nanjing/1/2015|EPI_ISL_	0.3883	0.2287	0.3628	0.2806	0.163	-0.118	0.367	48.19	0.386	0.425	425	435	-0.216092	0.066667	
A/ostrich/Suzhou/097/2003	0.3581	0.2759	0.3574	0.2589	0.178	-0.078	0.390	51.90	0.415	0.442	426	434	-0.209447	0.066820	
A/parrot/Guangdong/C99/20	0.3910	0.2473	0.3636	0.2465	0.182	-0.090	0.383	49.82	0.383	0.432	426	434	-0.216129	0.066820	
A/peacock/Yunnan/1/2015|E	0.3777	0.2367	0.3628	0.2842	0.162	-0.117	0.367	48.72	0.395	0.426	425	435	-0.204598	0.066667	
A/peacock/Yunnan/3/2015|E	0.3777	0.2367	0.3628	0.2842	0.163	-0.118	0.367	48.30	0.395	0.427	425	435	-0.217012	0.066667	
A/pigeon/Hubei/RP25/2012|	0.3930	0.2487	0.3812	0.2254	0.180	-0.094	0.378	49.85	0.369	0.425	426	434	-0.234332	0.066820	
A/pigeon/Jiangsu/12.22_TC	0.3797	0.2433	0.3605	0.2786	0.172	-0.111	0.371	48.93	0.397	0.429	426	434	-0.219816	0.066820	
A/pigeon/Jiangxi/S40784/2	0.3866	0.2706	0.3455	0.2569	0.185	-0.067	0.397	52.18	0.404	0.432	443	453	-0.199779	0.072848	
A/pigeon/Jilin/04.25_CCHL	0.3753	0.2493	0.3636	0.2740	0.176	-0.108	0.373	49.44	0.399	0.430	426	434	-0.219124	0.066820	
A/pigeon/Jilin/S4176/2019	0.3727	0.2520	0.3750	0.2598	0.179	-0.094	0.380	49.97	0.392	0.429	426	434	-0.205760	0.066820	
A/pigeon/Sichuan/NCXN29/2	0.3747	0.2454	0.3812	0.2563	0.175	-0.074	0.390	48.89	0.383	0.423	428	434	-0.173502	0.066820	
A/pigeon/Zhejiang/112089/	0.3770	0.2460	0.3656	0.2705	0.173	-0.107	0.373	48.83	0.394	0.430	426	434	-0.228111	0.064516	
A/pigeon/Zhejiang/112090/	0.3797	0.2433	0.3719	0.2669	0.175	-0.109	0.372	49.16	0.389	0.428	427	434	-0.213134	0.066820	
A/pigeon/Zhejiang/727097/	0.3947	0.2347	0.3781	0.2491	0.175	-0.104	0.375	48.58	0.370	0.422	427	434	-0.196083	0.066820	
A/plateau_pika/Qinghai/04	0.3714	0.2679	0.3594	0.2500	0.183	-0.080	0.389	50.61	0.403	0.440	427	434	-0.192166	0.066820	
A/quail/Nanchang/6631/201	0.3793	0.2414	0.3668	0.2734	0.171	-0.095	0.379	49.42	0.391	0.426	427	434	-0.210369	0.066820	
A/Shandong/1/2009|EPI_ISL	0.3979	0.2361	0.3861	0.2340	0.176	-0.099	0.377	48.56	0.363	0.422	427	434	-0.264977	0.066820	
A/Sichuan/1/2006|EPI_ISL_	0.3846	0.2493	0.3766	0.2420	0.172	-0.110	0.371	49.90	0.380	0.427	426	434	-0.244700	0.066820	
A/Sichuan/2/2006|EPI_ISL_	0.3873	0.2493	0.3734	0.2429	0.175	-0.106	0.373	49.48	0.380	0.426	426	434	-0.243318	0.066820	
A/Spatula_querquedula/Cho	0.3836	0.2737	0.3089	0.2997	0.192	-0.045	0.410	51.09	0.435	0.438	444	453	-0.249890	0.072848	
A/swine/Shandong/SD1/2014	0.4000	0.2481	0.3595	0.2483	0.181	-0.089	0.385	48.74	0.380	0.422	447	453	-0.241060	0.070640	
A/tiger/Yunnan/tig1404/20	0.3757	0.2434	0.3750	0.2671	0.173	-0.082	0.386	49.03	0.388	0.425	428	434	-0.193548	0.066820	
A/tiger/Yunnan/tig1412/20	0.3873	0.2334	0.3730	0.2681	0.169	-0.101	0.377	49.52	0.379	0.422	427	434	-0.218894	0.066820	
A/tiger/Yunnan/tig1508/20	0.3836	0.2275	0.3648	0.2852	0.156	-0.131	0.359	48.28	0.387	0.422	426	435	-0.218161	0.066667	
A/tundra_swan/Fujian/SD12	0.3776	0.2781	0.3100	0.2955	0.195	-0.036	0.413	52.99	0.438	0.441	445	454	-0.235242	0.074890	
A/turtle_dove/Guangdong/3	0.3889	0.2460	0.3778	0.2393	0.175	-0.092	0.383	48.95	0.376	0.426	426	434	-0.244470	0.069124	
A/turtle_dove/Hunan/S4004	0.4005	0.2175	0.3711	0.2688	0.164	-0.115	0.369	48.07	0.369	0.421	426	435	-0.216322	0.066667	
A/whooper_swan/Henan/8/20	0.3862	0.2711	0.3119	0.2962	0.190	-0.049	0.408	51.01	0.430	0.437	444	453	-0.249007	0.072848	
A/whooper_swan/Henan/14/2	0.3862	0.2711	0.3119	0.2962	0.190	-0.049	0.408	51.01	0.430	0.437	444	453	-0.249007	0.072848	
A/whooper_swan/Henan/44/2	0.3862	0.2711	0.3119	0.2962	0.190	-0.049	0.408	51.01	0.430	0.437	444	453	-0.249007	0.072848	
A/whooper_swan/Henan/45/2	0.3862	0.2711	0.3119	0.2962	0.190	-0.049	0.408	51.01	0.430	0.437	444	453	-0.249007	0.072848	
A/whooper_swan/Henan/46/2	0.3862	0.2711	0.3119	0.2962	0.190	-0.049	0.408	51.01	0.430	0.437	444	453	-0.249007	0.072848	
A/whooper_swan/Henan/424/	0.3862	0.2711	0.3119	0.2951	0.191	-0.049	0.408	51.09	0.430	0.438	444	453	-0.260486	0.072848	
A/whooper_swan/Henan/SMX1	0.3807	0.2466	0.3522	0.2832	0.173	-0.098	0.379	49.25	0.402	0.432	425	434	-0.225115	0.066820	
A/whooper_swan/Henan/SMX3	0.3807	0.2466	0.3522	0.2832	0.173	-0.098	0.379	49.25	0.402	0.432	425	434	-0.225115	0.066820	
A/whooper_swan/Henan/SMX4	0.3807	0.2466	0.3522	0.2832	0.173	-0.098	0.379	49.25	0.402	0.432	425	434	-0.225115	0.066820	
A/whooper_swan/Henan/SMX9	0.3807	0.2466	0.3522	0.2832	0.173	-0.098	0.379	49.25	0.402	0.432	425	434	-0.225115	0.066820	
A/whooper_swan/Shanxi/14/	0.3862	0.2711	0.3119	0.2962	0.190	-0.049	0.408	51.01	0.430	0.437	444	453	-0.249007	0.072848	
A/whooper_swan/Shanxi/20/	0.3887	0.2685	0.3119	0.2962	0.190	-0.049	0.408	50.97	0.428	0.436	444	453	-0.249007	0.072848	
A/wild_duck/Fujian/1/2011	0.3899	0.2334	0.3648	0.2734	0.169	-0.116	0.368	47.90	0.384	0.425	427	434	-0.226037	0.064516	
A/wild_duck/Fujian/2/2011	0.3910	0.2314	0.3699	0.2688	0.170	-0.107	0.372	48.06	0.379	0.424	427	434	-0.226037	0.064516	
A/wild_duck/Hebei/SD012/2	0.3766	0.2748	0.3191	0.2951	0.192	-0.042	0.410	52.80	0.433	0.436	446	454	-0.220485	0.074890	
A/wild_duck/Jilin/HF/2011	0.3813	0.2373	0.3829	0.2590	0.169	-0.089	0.384	49.29	0.379	0.425	425	434	-0.232719	0.066820	
A/wild_duck/Jilin/ZF/2011	0.3947	0.2267	0.3810	0.2609	0.168	-0.111	0.372	50.09	0.369	0.422	425	434	-0.229954	0.069124	
A/wild_duck/Shandong/1/20	0.3813	0.2533	0.3551	0.2613	0.186	-0.057	0.400	49.43	0.398	0.437	427	434	-0.211751	0.066820	
A/wild_duck/Shandong/2/20	0.3920	0.2267	0.3774	0.2607	0.164	-0.104	0.374	48.76	0.372	0.424	425	434	-0.217742	0.066820	
A/wild_duck/Shandong/628/	0.3920	0.2400	0.3766	0.2464	0.175	-0.098	0.379	49.20	0.374	0.423	425	434	-0.252535	0.066820	
A/Xinjiang/1/2006|EPI_ISL	0.3899	0.2493	0.3625	0.2421	0.181	-0.089	0.383	50.67	0.383	0.430	426	434	-0.216129	0.069124	
A/Xinjiang/1/2009|EPI_ISL	0.3824	0.2460	0.4138	0.2085	0.171	-0.095	0.380	48.71	0.354	0.420	426	434	-0.229724	0.066820	
A/Zhejiang/1/2006|EPI_ISL	0.3899	0.2414	0.3880	0.2313	0.171	-0.102	0.376	47.79	0.366	0.422	426	434	-0.236866	0.066820	
A/Anas_platyrhynchos/jiuj	0.3827	0.2704	0.3212	0.2837	0.189	-0.049	0.408	53.18	0.423	0.436	444	454	-0.253084	0.072687	
A/Anhui/1/2006_H5N1|GCA_0	0.3884	0.2507	0.3766	0.2286	0.180	-0.103	0.374	50.66	0.376	0.431	412	420	-0.256191	0.069048	
A/Anhui/1/2007_H5N1|GCA_0	0.3910	0.2447	0.3762	0.2367	0.180	-0.081	0.387	47.79	0.373	0.425	426	434	-0.220968	0.069124	
A/Anhui/2/2005_H5N1|GCA_0	0.3910	0.2447	0.3785	0.2376	0.177	-0.089	0.383	48.37	0.373	0.425	426	434	-0.238940	0.066820	
A/Anser_cygnoides/China/P	0.3773	0.2401	0.3719	0.2708	0.172	-0.083	0.386	50.20	0.388	0.425	428	434	-0.193779	0.066820	
A/Anser_fabalis/jiujiang/	0.3836	0.2685	0.3201	0.2907	0.192	-0.041	0.412	52.40	0.426	0.436	444	453	-0.249669	0.072848	
A/Anser_fabalis/jiujiang/	0.3827	0.2704	0.3212	0.2837	0.189	-0.049	0.408	53.18	0.423	0.436	444	454	-0.253084	0.072687	
A/Anser_fabalis/jiujiang/	0.3827	0.2704	0.3212	0.2837	0.189	-0.049	0.408	53.18	0.423	0.436	444	454	-0.253084	0.072687	
A/Duck/Jiangxi/631/2024_H	0.3887	0.2660	0.3161	0.2907	0.188	-0.049	0.408	51.77	0.423	0.435	444	453	-0.243929	0.072848	
A/Guangdong/1/2008_H5N1|G	0.3926	0.2440	0.3849	0.2313	0.176	-0.094	0.379	48.91	0.368	0.422	427	434	-0.249078	0.064516	
A/Guangdong/2/2006_H5N1|G	0.3910	0.2314	0.3892	0.2437	0.175	-0.105	0.374	48.96	0.365	0.423	425	434	-0.230184	0.066820	
A/Guangxi/1/2005_H5N1|GCA	0.3936	0.2394	0.3924	0.2286	0.174	-0.103	0.376	48.16	0.362	0.419	426	434	-0.240783	0.066820	
A/Guangxi/1/2008_H5N1|GCA	0.3893	0.2560	0.3668	0.2384	0.185	-0.077	0.390	50.26	0.383	0.427	426	434	-0.212442	0.066820	
A/Guizhou/1/2009_H5N1|GCA	0.3793	0.2493	0.3912	0.2305	0.175	-0.077	0.390	50.63	0.373	0.428	426	434	-0.258295	0.066820	
A/Hunan/1/2008_H5N1|GCA_0	0.3867	0.2507	0.3742	0.2351	0.185	-0.085	0.384	49.80	0.379	0.429	425	434	-0.223272	0.066820	
A/Hunan/2/2009_H5N1|GCA_0	0.3793	0.2467	0.3912	0.2349	0.173	-0.089	0.383	50.44	0.373	0.426	426	434	-0.246313	0.066820	
A/Japanese_white-eye/Taoy	0.3883	0.2367	0.3762	0.2590	0.171	-0.100	0.377	48.21	0.377	0.422	427	434	-0.207373	0.066820	
A/Nanjing/1/2015_H5N1|GCA	0.3883	0.2287	0.3628	0.2806	0.163	-0.118	0.367	48.19	0.386	0.425	425	435	-0.216092	0.066667	
A/Shandong/1/2009_H5N1|GC	0.3979	0.2361	0.3861	0.2340	0.176	-0.099	0.377	48.56	0.363	0.422	427	434	-0.264977	0.066820	
A/Spatula_querquedula/cho	0.3836	0.2737	0.3089	0.2997	0.192	-0.045	0.410	51.09	0.435	0.438	444	453	-0.249890	0.072848	
A/Wild_bird/Huadong/CM120	0.3850	0.2353	0.3628	0.2770	0.164	-0.114	0.370	48.32	0.389	0.427	424	435	-0.226207	0.066667	
A/Wild_bird/Huadong/DT10/	0.3743	0.2487	0.3738	0.2624	0.176	-0.103	0.375	49.58	0.391	0.428	427	434	-0.201383	0.066820	
A/Wild_bird/Huadong/JYWB4	0.3787	0.2427	0.3656	0.2760	0.170	-0.107	0.372	48.96	0.393	0.426	427	434	-0.202765	0.066820	
A/Xinjiang/1/2009_H5N1|GC	0.3824	0.2460	0.4138	0.2085	0.171	-0.095	0.380	48.71	0.354	0.420	426	434	-0.229724	0.066820	
A/avian/Hong_Kong/0719/20	0.3797	0.2594	0.3699	0.2438	0.180	-0.094	0.380	50.00	0.390	0.430	426	434	-0.232028	0.066820	
A/avian/Hong_Kong/1993/20	0.3797	0.2594	0.3699	0.2438	0.180	-0.094	0.380	50.00	0.390	0.430	426	434	-0.232028	0.066820	
A/avian/Hong_Kong/2372/20	0.3824	0.2567	0.3699	0.2438	0.180	-0.098	0.378	50.00	0.387	0.429	426	434	-0.232028	0.066820	
A/bar-headed_goose/Qingha	0.3856	0.2527	0.3614	0.2456	0.178	-0.099	0.378	50.86	0.387	0.432	426	434	-0.226037	0.069124	
A/bar-headed_goose/Tibet/	0.3910	0.2473	0.3645	0.2413	0.179	-0.098	0.378	49.48	0.380	0.430	426	434	-0.216129	0.069124	
A/brown-headed_gull/Qingh	0.3936	0.2234	0.3817	0.2571	0.168	-0.106	0.374	48.83	0.367	0.422	425	434	-0.239401	0.066820	
A/brown-headed_gull/Qingh	0.3963	0.2207	0.3817	0.2581	0.165	-0.118	0.367	48.32	0.365	0.422	425	434	-0.228802	0.064516	
A/chicken/China/Cangzhou0	0.3811	0.2737	0.3171	0.2917	0.190	-0.049	0.408	53.03	0.430	0.438	444	453	-0.249890	0.072848	
A/chicken/China/E93/2012_	0.3834	0.2547	0.3605	0.2561	0.189	-0.057	0.401	49.79	0.394	0.434	426	434	-0.227650	0.066820	
A/chicken/China/E96/2012_	0.3834	0.2547	0.3563	0.2587	0.188	-0.060	0.399	49.53	0.397	0.434	426	434	-0.210829	0.066820	
A/chicken/Eastern_China/Z	0.3930	0.2513	0.3656	0.2411	0.178	-0.103	0.373	51.12	0.380	0.427	426	434	-0.241014	0.062212	
A/chicken/Eastern_China/Z	0.3920	0.2507	0.3645	0.2447	0.179	-0.107	0.370	50.92	0.382	0.426	427	434	-0.210599	0.062212	
A/chicken/Fujian/1/2007_H	0.3910	0.2500	0.3730	0.2340	0.181	-0.088	0.383	50.47	0.376	0.425	426	434	-0.210830	0.069124	
A/chicken/Gansu/5/2012_H5	0.3797	0.2540	0.3551	0.2648	0.186	-0.062	0.398	49.55	0.400	0.435	427	434	-0.211751	0.069124	
A/chicken/Gansu/6/2012_H5	0.3797	0.2540	0.3551	0.2648	0.186	-0.062	0.398	49.55	0.400	0.435	427	434	-0.211751	0.069124	
A/chicken/Guangdong/1/200	0.3989	0.2420	0.3511	0.2561	0.177	-0.112	0.371	50.67	0.385	0.431	426	434	-0.213825	0.066820	
A/chicken/Guangxi/S2039/2	0.3910	0.2314	0.3679	0.2669	0.172	-0.114	0.369	48.34	0.380	0.428	426	434	-0.229954	0.066820	
A/chicken/Guizhou/7/2008_	0.3777	0.2527	0.3861	0.2374	0.173	-0.078	0.388	49.41	0.379	0.425	425	433	-0.237644	0.069284	
A/chicken/Hebei/A-8/2009_	0.3733	0.2587	0.3656	0.2535	0.184	-0.084	0.386	48.97	0.398	0.434	427	434	-0.229263	0.066820	
A/chicken/Henan/A-7/2006_	0.3760	0.2613	0.3645	0.2431	0.186	-0.071	0.394	49.91	0.394	0.434	426	434	-0.225576	0.069124	
A/chicken/Huadong/4/2008_	0.3760	0.2587	0.3656	0.2517	0.180	-0.086	0.384	49.71	0.396	0.432	427	434	-0.206221	0.066820	
A/chicken/Hubei/2856/2007	0.3963	0.2394	0.3817	0.2349	0.175	-0.089	0.383	48.12	0.366	0.421	426	434	-0.227189	0.066820	
A/chicken/Hunan/1793/2007	0.3936	0.2394	0.3762	0.2386	0.178	-0.101	0.373	48.49	0.371	0.425	426	434	-0.220046	0.066820	
A/chicken/Hunan/21/2005_H	0.3926	0.2414	0.3722	0.2447	0.176	-0.101	0.376	48.35	0.376	0.426	426	434	-0.234101	0.069124	
A/chicken/Hunan/3/2007_H5	0.3957	0.2246	0.3810	0.2590	0.169	-0.109	0.373	48.64	0.368	0.422	424	434	-0.226267	0.069124	
A/chicken/Hunan/3157/2006	0.3979	0.2387	0.3797	0.2349	0.176	-0.100	0.378	48.47	0.366	0.424	426	434	-0.239631	0.069124	
A/chicken/Hunan/8/2008_H5	0.3893	0.2267	0.3856	0.2553	0.171	-0.097	0.378	47.93	0.369	0.425	426	434	-0.226498	0.066820	
A/chicken/Jiangsu/18/2008	0.3733	0.2613	0.3676	0.2474	0.182	-0.077	0.389	49.44	0.396	0.433	427	434	-0.194931	0.069124	
A/chicken/Jiangsu/2477/20	0.3787	0.2427	0.3688	0.2714	0.171	-0.108	0.372	48.98	0.391	0.427	427	434	-0.213825	0.066820	
A/chicken/Jiangsu/927/201	0.3947	0.2320	0.3844	0.2464	0.177	-0.097	0.379	47.24	0.365	0.419	427	434	-0.193549	0.066820	
A/chicken/Jiangsu/YB7/201	0.3910	0.2287	0.3628	0.2770	0.165	-0.114	0.369	48.08	0.384	0.424	425	435	-0.216092	0.066667	
A/chicken/Jiangsu/k0402/2	0.3947	0.2267	0.3754	0.2607	0.170	-0.097	0.379	48.73	0.372	0.425	425	434	-0.236636	0.064516	
A/chicken/Jiangxi/25/2011	0.3883	0.2340	0.3648	0.2734	0.170	-0.107	0.373	48.19	0.385	0.425	426	434	-0.222350	0.066820	
A/chicken/Liaoning/23/200	0.3893	0.2507	0.3625	0.2421	0.181	-0.089	0.384	50.85	0.384	0.431	425	434	-0.220507	0.069124	
A/chicken/Liaoning/A-1/20	0.3887	0.2520	0.3563	0.2517	0.185	-0.073	0.393	49.80	0.391	0.429	425	434	-0.227189	0.069124	
A/chicken/Liaoning/S4092/	0.3807	0.2574	0.3531	0.2613	0.189	-0.057	0.401	49.61	0.401	0.437	426	434	-0.222120	0.066820	
A/chicken/Ningxia/2/2012_	0.3797	0.2540	0.3551	0.2648	0.186	-0.062	0.398	49.55	0.400	0.435	427	434	-0.211751	0.069124	
A/chicken/Ningxia/222/201	0.3797	0.2540	0.3540	0.2639	0.185	-0.065	0.396	49.58	0.400	0.436	427	434	-0.208525	0.066820	
A/chicken/Ningxia/24/2006	0.3840	0.2533	0.3676	0.2404	0.183	-0.078	0.390	49.47	0.385	0.431	426	434	-0.226728	0.069124	
A/chicken/North_China/k06	0.3947	0.2480	0.3805	0.2242	0.179	-0.103	0.374	50.05	0.367	0.424	425	434	-0.241705	0.064516	
A/chicken/Shandong/A-10/2	0.3856	0.2500	0.3769	0.2292	0.185	-0.065	0.394	50.52	0.376	0.429	426	434	-0.219585	0.066820	
A/chicken/Shantou/3744/20	0.3867	0.2507	0.3676	0.2421	0.182	-0.085	0.385	50.34	0.383	0.431	426	434	-0.214977	0.064516	
A/chicken/Shanxi/10/2006_	0.3887	0.2493	0.3622	0.2422	0.184	-0.076	0.391	51.04	0.384	0.429	425	434	-0.279954	0.062212	
A/chicken/Sheny/0606/2008	0.3925	0.2500	0.3616	0.2430	0.185	-0.077	0.392	49.03	0.383	0.427	423	433	-0.247344	0.069284	
A/chicken/Sichuan/81/2005	0.3899	0.2440	0.3817	0.2340	0.173	-0.102	0.376	48.43	0.371	0.424	426	434	-0.237558	0.066820	
A/chicken/Wuhan/HAQL07/20	0.3883	0.2287	0.3628	0.2806	0.164	-0.118	0.367	48.23	0.386	0.425	425	435	-0.216092	0.066667	
A/chicken/Wuhan/HAQL16/20	0.3883	0.2287	0.3628	0.2806	0.164	-0.118	0.367	48.23	0.386	0.425	425	435	-0.216092	0.066667	
A/chicken/Wuxi/WX-32/2013	0.3910	0.2340	0.3836	0.2518	0.171	-0.108	0.372	48.34	0.370	0.422	427	434	-0.208525	0.066820	
A/chicken/Wuxi/WX-33/2013	0.3910	0.2340	0.3824	0.2509	0.172	-0.104	0.375	48.21	0.370	0.422	427	434	-0.202304	0.066820	
A/chicken/Xinjiang/17/200	0.3680	0.2693	0.3636	0.2491	0.186	-0.057	0.401	49.71	0.404	0.437	426	434	-0.194470	0.069124	
A/chicken/Xinjiang/27/200	0.3733	0.2693	0.3602	0.2404	0.189	-0.060	0.399	50.78	0.399	0.437	426	434	-0.210829	0.066820	
A/chicken/Xinjiang/53/200	0.3733	0.2693	0.3602	0.2404	0.186	-0.064	0.397	50.74	0.399	0.438	426	434	-0.214977	0.064516	
A/chicken/Xinjiang/54/200	0.3707	0.2667	0.3636	0.2491	0.183	-0.071	0.392	51.21	0.401	0.437	426	434	-0.213825	0.071429	
A/chicken/Xinjiang/67/200	0.3733	0.2693	0.3602	0.2404	0.185	-0.063	0.397	50.51	0.399	0.437	426	434	-0.224424	0.064516	
A/chicken/Xinjiang/68/200	0.3714	0.2626	0.3656	0.2448	0.180	-0.076	0.390	50.42	0.397	0.437	426	434	-0.213134	0.069124	
A/chicken/Yunnan/1/2014_H	0.3773	0.2401	0.3719	0.2708	0.173	-0.083	0.386	49.59	0.388	0.425	428	434	-0.184101	0.066820	
A/chicken/Yunnan/207/2004	0.3936	0.2420	0.3553	0.2615	0.180	-0.103	0.376	49.48	0.387	0.431	426	434	-0.221429	0.066820	
A/chicken/Yunnan/5686/200	0.3936	0.2447	0.3574	0.2535	0.181	-0.099	0.378	49.65	0.385	0.431	426	434	-0.214286	0.066820	
A/chicken/Yunnan/6797/200	0.3910	0.2473	0.3542	0.2570	0.182	-0.099	0.378	49.79	0.390	0.433	426	434	-0.214286	0.066820	
A/chicken/Yunnan/6885/200	0.3910	0.2447	0.3574	0.2570	0.179	-0.103	0.376	49.69	0.387	0.432	426	434	-0.214286	0.066820	
A/condor/Guangdong/139/20	0.3757	0.2619	0.3636	0.2421	0.181	-0.082	0.387	49.98	0.394	0.435	426	434	-0.237558	0.066820	
A/domestic_green-winged_t	0.3952	0.2414	0.3797	0.2349	0.173	-0.109	0.373	48.15	0.369	0.424	426	434	-0.239631	0.069124	
A/duck/Anhui/56/2005_H5N1	0.3824	0.2567	0.3742	0.2351	0.184	-0.081	0.386	50.62	0.384	0.431	425	434	-0.243548	0.066820	
A/duck/China/0935/2017_H5	0.3801	0.2507	0.3659	0.2643	0.172	-0.118	0.368	49.73	0.394	0.428	424	434	-0.235484	0.066820	
A/duck/China/1033/2017_H5	0.3801	0.2507	0.3648	0.2633	0.172	-0.118	0.368	49.78	0.394	0.428	424	434	-0.243088	0.066820	
A/duck/China/E26/2012_H5N	0.3920	0.2293	0.3648	0.2705	0.166	-0.095	0.379	49.03	0.381	0.428	425	434	-0.218433	0.066820	
A/duck/China/E53/2012_H5N	0.3840	0.2400	0.3774	0.2581	0.171	-0.106	0.373	49.41	0.380	0.425	426	434	-0.229493	0.066820	
A/duck/Eastern_China/057/	0.3910	0.2500	0.3781	0.2254	0.180	-0.086	0.383	50.43	0.371	0.426	426	434	-0.212442	0.066820	
A/duck/Eastern_China/108/	0.3920	0.2240	0.3880	0.2554	0.166	-0.116	0.369	49.32	0.365	0.424	425	434	-0.221890	0.066820	
A/duck/Eastern_China/909/	0.3921	0.2395	0.3899	0.2242	0.166	-0.117	0.365	48.31	0.361	0.423	427	434	-0.204839	0.069124	
A/duck/Guangdong/23/2004_	0.3887	0.2493	0.3758	0.2420	0.183	-0.097	0.377	50.59	0.380	0.428	424	434	-0.234101	0.066820	
A/duck/Hubei/2911/2007_H5	0.3952	0.2387	0.3679	0.2473	0.176	-0.097	0.378	49.14	0.376	0.429	426	434	-0.235023	0.064516	
A/duck/Hubei/49/2005_H5N1	0.3936	0.2420	0.3880	0.2270	0.177	-0.089	0.383	48.45	0.364	0.422	426	434	-0.238940	0.066820	
A/duck/Hubei/xn/2007_H5N1	0.3973	0.2213	0.3817	0.2581	0.167	-0.110	0.372	48.87	0.365	0.421	425	434	-0.224194	0.069124	
A/duck/Hunan/3/2007_H5N1|	0.3957	0.2246	0.3797	0.2581	0.168	-0.109	0.373	48.64	0.368	0.423	424	434	-0.234562	0.066820	
A/duck/Hunan/316/2005_H5N	0.3952	0.2361	0.3849	0.2340	0.173	-0.106	0.373	48.05	0.364	0.422	426	434	-0.237558	0.066820	
A/duck/Hunan/3315/2006_H5	0.3893	0.2480	0.3711	0.2386	0.181	-0.092	0.379	48.77	0.379	0.429	425	434	-0.225115	0.066820	
A/duck/Hunan/689/2006_H5N	0.3899	0.2440	0.3691	0.2473	0.176	-0.095	0.380	48.91	0.380	0.430	426	434	-0.249309	0.066820	
A/duck/Hunan/733/2004_H5N	0.3873	0.2493	0.3636	0.2465	0.180	-0.087	0.385	49.84	0.385	0.432	426	434	-0.221198	0.066820	
A/duck/Hunan/8/2008_H5N1|	0.3947	0.2213	0.3844	0.2553	0.167	-0.101	0.376	48.23	0.364	0.422	426	434	-0.226267	0.066820	
A/duck/Hunan/S4020/2008_H	0.3904	0.2353	0.3785	0.2536	0.181	-0.097	0.379	48.17	0.374	0.425	425	434	-0.208756	0.066820	
A/duck/Hunan/S4030/2011_H	0.3787	0.2427	0.3762	0.2598	0.172	-0.114	0.369	48.93	0.385	0.429	426	434	-0.230415	0.066820	
A/duck/Hunan/S4150/2011_H	0.3920	0.2267	0.3648	0.2740	0.167	-0.109	0.372	48.88	0.381	0.426	425	435	-0.230805	0.066667	
A/duck/Hunan/S4220/2011_H	0.3793	0.2414	0.3699	0.2688	0.172	-0.099	0.377	49.22	0.389	0.428	427	434	-0.209447	0.066820	
A/duck/Jiangxi/120/2011_H	0.3904	0.2513	0.3719	0.2376	0.183	-0.096	0.378	50.76	0.378	0.425	426	434	-0.242857	0.064516	
A/duck/Jiangxi/130/2011_H	0.3920	0.2293	0.3616	0.2796	0.165	-0.108	0.373	49.32	0.385	0.425	426	435	-0.248736	0.066667	
A/duck/Jiangxi/34/2011_H5	0.3883	0.2340	0.3636	0.2780	0.169	-0.104	0.375	48.68	0.386	0.423	427	434	-0.208756	0.066820	
A/duck/Jiangxi/35/2011_H5	0.3873	0.2387	0.3605	0.2744	0.171	-0.100	0.377	49.17	0.389	0.425	427	434	-0.204378	0.066820	
A/duck/Jiangxi/44/2011_H5	0.3873	0.2308	0.3711	0.2724	0.171	-0.106	0.375	48.43	0.382	0.425	427	434	-0.232258	0.069124	
A/duck/Jiangxi/80/2005_H5	0.3899	0.2414	0.3774	0.2403	0.171	-0.106	0.373	48.77	0.373	0.426	426	434	-0.240784	0.064516	
A/duck/Jilin/JL-SIV/2013_	0.3915	0.2381	0.3924	0.2330	0.170	-0.107	0.372	48.80	0.363	0.420	427	434	-0.252995	0.066820	
A/duck/Nanchang/9789/2013	0.3783	0.2407	0.3699	0.2708	0.167	-0.099	0.377	50.12	0.389	0.425	427	434	-0.211982	0.066820	
A/duck/Shandong/009/2008_	0.3803	0.2553	0.3793	0.2332	0.170	-0.109	0.371	49.67	0.380	0.429	426	434	-0.244931	0.064516	
A/duck/Sichuan/NCXN10/201	0.3747	0.2454	0.3738	0.2662	0.175	-0.080	0.387	49.15	0.389	0.425	429	434	-0.186175	0.066820	
A/duck/Sichuan/NCXN11/201	0.3747	0.2454	0.3789	0.2581	0.174	-0.079	0.387	49.31	0.385	0.424	429	434	-0.184562	0.064516	
A/duck/Wenzhou/YJYF33/201	0.3910	0.2287	0.3565	0.2842	0.162	-0.112	0.369	47.79	0.388	0.425	425	435	-0.226437	0.066667	
A/duck/Yunnan/4072/2003_H	0.3936	0.2447	0.3574	0.2535	0.181	-0.099	0.378	49.65	0.385	0.431	426	434	-0.214286	0.066820	
A/duck/Yunnan/426/2004_H5	0.3963	0.2420	0.3542	0.2570	0.181	-0.103	0.376	49.90	0.385	0.432	426	434	-0.214286	0.066820	
A/duck/Yunnan/4645/2003_H	0.3936	0.2447	0.3574	0.2535	0.181	-0.099	0.378	49.65	0.385	0.431	426	434	-0.214286	0.066820	
A/duck/Yunnan/47/2006_H5N	0.3893	0.2533	0.3648	0.2456	0.178	-0.093	0.380	50.47	0.385	0.427	426	434	-0.218894	0.069124	
A/duck/Yunnan/485/2004_H5	0.3936	0.2420	0.3553	0.2615	0.180	-0.103	0.376	49.48	0.387	0.431	426	434	-0.221429	0.066820	
A/duck/Yunnan/4873/2006_H	0.3867	0.2507	0.3730	0.2420	0.176	-0.104	0.373	50.44	0.380	0.426	426	434	-0.214977	0.066820	
A/duck/Yunnan/5090/2003_H	0.3936	0.2447	0.3574	0.2535	0.181	-0.099	0.378	49.65	0.385	0.431	426	434	-0.214286	0.066820	
A/duck/Yunnan/5169/2003_H	0.3936	0.2447	0.3574	0.2535	0.181	-0.099	0.378	49.65	0.385	0.431	426	434	-0.214286	0.066820	
A/duck/Yunnan/522/2004_H5	0.3963	0.2420	0.3574	0.2535	0.182	-0.099	0.378	49.85	0.383	0.431	426	434	-0.214286	0.066820	
A/duck/Yunnan/5310/2006_H	0.3899	0.2440	0.3817	0.2340	0.176	-0.096	0.378	48.11	0.371	0.423	426	434	-0.226959	0.066820	
A/duck/Yunnan/5948/2003_H	0.3936	0.2447	0.3574	0.2535	0.181	-0.099	0.378	49.65	0.385	0.431	426	434	-0.214286	0.066820	
A/duck/Yunnan/6080/2003_H	0.3910	0.2447	0.3574	0.2570	0.179	-0.103	0.376	49.69	0.387	0.432	426	434	-0.214286	0.066820	
A/duck/Yunnan/6603/2003_H	0.3910	0.2447	0.3585	0.2580	0.179	-0.108	0.373	49.63	0.387	0.431	426	434	-0.221429	0.066820	
A/duck/Zhejiang/1220092/2	0.3963	0.2234	0.3659	0.2724	0.163	-0.118	0.367	47.89	0.376	0.423	425	435	-0.229196	0.066667	
A/duck/Zhejiang/213/2011_	0.3856	0.2367	0.3699	0.2688	0.172	-0.103	0.375	48.40	0.384	0.425	427	434	-0.216820	0.066820	
A/duck/Zhejiang/224/2011_	0.3820	0.2387	0.3625	0.2750	0.173	-0.100	0.377	48.21	0.391	0.428	427	434	-0.210830	0.066820	
A/duck/Zhejiang/2242/2011	0.3810	0.2381	0.3625	0.2786	0.171	-0.101	0.376	48.66	0.393	0.428	428	435	-0.226897	0.066667	
A/duck/Zhejiang/2243/2011	0.3783	0.2407	0.3636	0.2760	0.174	-0.094	0.379	48.33	0.393	0.428	427	434	-0.200230	0.066820	
A/duck/Zhejiang/2244/2011	0.3830	0.2394	0.3616	0.2760	0.174	-0.098	0.378	48.26	0.392	0.428	426	434	-0.223041	0.066820	
A/duck/Zhejiang/2245/2011	0.3878	0.2653	0.3374	0.2699	0.187	-0.074	0.393	53.89	0.409	0.432	445	453	-0.214349	0.075055	
A/duck/Zhejiang/2248/2011	0.3820	0.2387	0.3648	0.2780	0.170	-0.104	0.375	48.25	0.391	0.425	427	434	-0.208065	0.069124	
A/equine/China/61/2010_H5	0.3899	0.2414	0.3899	0.2278	0.173	-0.101	0.376	48.88	0.364	0.422	426	434	-0.218664	0.066820	
A/equine/China/67/2010_H5	0.3899	0.2414	0.3899	0.2278	0.173	-0.101	0.376	48.88	0.364	0.422	426	434	-0.218664	0.066820	
A/equine/China/68/2010_H5	0.3899	0.2414	0.3899	0.2278	0.173	-0.101	0.376	48.88	0.364	0.422	426	434	-0.218664	0.066820	
A/goose/China/E43/2012_H5	0.3830	0.2394	0.3553	0.2842	0.174	-0.113	0.371	48.99	0.397	0.430	426	434	-0.226728	0.066820	
A/goose/Eastern_China/223	0.3883	0.2527	0.3750	0.2297	0.179	-0.088	0.383	51.25	0.376	0.428	426	434	-0.217281	0.066820	
A/goose/GuangDong/1189/20	0.3887	0.2660	0.3171	0.2897	0.189	-0.048	0.408	52.31	0.423	0.438	444	453	-0.261148	0.070640	
A/goose/Guangdong/72/2004	0.3936	0.2473	0.3605	0.2473	0.181	-0.090	0.383	50.09	0.383	0.432	426	434	-0.214747	0.066820	
A/goose/Hubei/65/2005_H5N	0.3926	0.2414	0.3817	0.2332	0.175	-0.093	0.380	48.33	0.369	0.424	426	434	-0.238249	0.066820	
A/goose/Inner_Mongolia/IM	0.3913	0.2609	0.3364	0.2772	0.186	-0.077	0.392	51.31	0.408	0.429	444	453	-0.213466	0.075055	
A/goose/Jiangsu/k0403/201	0.3930	0.2299	0.3734	0.2616	0.172	-0.092	0.382	49.10	0.375	0.424	424	434	-0.248618	0.064516	
A/goose/Yunnan/3798/2006_	0.3867	0.2533	0.3699	0.2420	0.177	-0.100	0.376	50.48	0.383	0.427	426	434	-0.214977	0.066820	
A/goose/Yunnan/4371/2006_	0.3867	0.2507	0.3730	0.2420	0.176	-0.104	0.373	50.44	0.380	0.426	426	434	-0.214977	0.066820	
A/goose/Yunnan/4389/2006_	0.3840	0.2507	0.3762	0.2420	0.174	-0.109	0.371	50.40	0.380	0.426	426	434	-0.214977	0.066820	
A/goose/Yunnan/4985/2006_	0.3867	0.2507	0.3730	0.2420	0.176	-0.104	0.373	50.44	0.380	0.426	426	434	-0.214977	0.066820	
A/goose/Yunnan/5141/2006_	0.3883	0.2500	0.3711	0.2429	0.176	-0.103	0.373	50.83	0.380	0.425	426	434	-0.204378	0.066820	
A/goose/Yunnan/5769/2006_	0.3899	0.2440	0.3817	0.2332	0.175	-0.100	0.376	48.15	0.371	0.424	426	434	-0.227650	0.066820	
A/goose/Yunnan/5979/2006_	0.3899	0.2440	0.3817	0.2332	0.175	-0.100	0.376	48.15	0.371	0.424	426	434	-0.227650	0.066820	
A/goose/Yunnan/6193/2006_	0.3862	0.2460	0.3817	0.2349	0.172	-0.097	0.378	49.07	0.373	0.425	426	434	-0.219355	0.066820	
A/goose/Zhejiang/112071/2	0.3770	0.2460	0.3656	0.2705	0.173	-0.107	0.373	48.83	0.394	0.430	426	434	-0.228111	0.064516	
A/goose/Zhejiang/727098/2	0.3920	0.2347	0.3812	0.2491	0.175	-0.104	0.375	48.31	0.370	0.422	427	434	-0.196083	0.066820	
A/great_black-headed_gull	0.3947	0.2240	0.3817	0.2590	0.166	-0.109	0.372	49.12	0.367	0.422	425	434	-0.242857	0.064516	
A/great_crested-grebe/Qin	0.3867	0.2293	0.3912	0.2509	0.166	-0.097	0.379	48.20	0.367	0.422	425	434	-0.244009	0.066820	
A/great_egret/Hong_Kong/8	0.3877	0.2380	0.3797	0.2500	0.174	-0.104	0.375	49.27	0.375	0.426	424	434	-0.236175	0.066820	
A/great_tit/Panjing/PJ-66	0.3947	0.2240	0.3648	0.2740	0.169	-0.106	0.374	49.18	0.379	0.426	425	435	-0.236322	0.066667	
A/grey_heron/Hong_Kong/10	0.3984	0.2273	0.3766	0.2527	0.176	-0.103	0.375	48.32	0.368	0.425	424	434	-0.245622	0.066820	
A/grey_heron/Hong_Kong/30	0.3861	0.2386	0.3810	0.2491	0.178	-0.100	0.378	49.14	0.376	0.429	423	434	-0.259678	0.066820	
A/hill_myna/Heilongjiang/	0.3856	0.2394	0.3762	0.2581	0.173	-0.096	0.379	47.97	0.379	0.424	427	434	-0.208065	0.066820	
A/lesser_kestrel/Heilongj	0.3979	0.2387	0.3703	0.2456	0.176	-0.105	0.376	49.27	0.373	0.428	426	434	-0.234562	0.066820	
A/lion/Hubei/1-2/2016_H5N	0.3867	0.2320	0.3553	0.2857	0.168	-0.101	0.376	48.81	0.393	0.428	425	435	-0.223448	0.066667	
A/little_egret/Hong_Kong/	0.3813	0.2373	0.3849	0.2518	0.172	-0.108	0.372	49.54	0.376	0.428	425	434	-0.231567	0.066820	
A/magpie_robin/Hong_Kong/	0.3957	0.2326	0.3734	0.2527	0.179	-0.095	0.380	48.63	0.373	0.426	424	434	-0.236867	0.066820	
A/magpie_robin/Hong_Kong/	0.3957	0.2380	0.3703	0.2491	0.180	-0.091	0.382	49.03	0.375	0.427	424	434	-0.236867	0.066820	
A/meerkat/Shanghai/SH-1/2	0.3883	0.2367	0.3742	0.2626	0.167	-0.122	0.365	48.59	0.379	0.424	427	434	-0.210369	0.069124	
A/mink/China/G/2015_H5N1|	0.3783	0.2407	0.3711	0.2698	0.171	-0.106	0.372	48.79	0.389	0.428	427	434	-0.212903	0.064516	
A/mink/China/XB/2015_H5N1	0.3883	0.2287	0.3628	0.2806	0.164	-0.118	0.367	48.23	0.386	0.425	425	435	-0.216092	0.066667	
A/mink/Eastern_China/0712	0.3711	0.2680	0.4169	0.2063	0.174	-0.064	0.400	51.74	0.366	0.412	445	453	-0.262252	0.070640	
A/ostrich/Suzhou/097/2003	0.3581	0.2759	0.3574	0.2589	0.178	-0.078	0.390	51.90	0.415	0.442	426	434	-0.209447	0.066820	
A/parrot/Guangdong/C99/20	0.3910	0.2473	0.3636	0.2465	0.182	-0.090	0.383	49.82	0.383	0.432	426	434	-0.216129	0.066820	
A/partridge/Shantou/2886/	0.3893	0.2621	0.3628	0.2474	0.181	-0.103	0.377	50.64	0.390	0.423	446	453	-0.230243	0.072848	
A/peacock/Yunnan/1/2015_H	0.3777	0.2367	0.3628	0.2842	0.162	-0.117	0.367	48.72	0.395	0.426	425	435	-0.204598	0.066667	
A/peacock/Yunnan/3/2015_H	0.3777	0.2367	0.3628	0.2842	0.163	-0.118	0.367	48.30	0.395	0.427	425	435	-0.217012	0.066667	
A/peregrine_falcon/Hong_K	0.3926	0.2520	0.3719	0.2281	0.184	-0.091	0.379	50.73	0.375	0.429	427	434	-0.226498	0.066820	
A/pheasant/Shantou/3535/2	0.3944	0.2595	0.3598	0.2465	0.180	-0.107	0.374	50.56	0.388	0.423	446	453	-0.230905	0.072848	
A/pheasant/Shantou/4567/2	0.3856	0.2527	0.3605	0.2500	0.181	-0.095	0.380	49.87	0.390	0.433	426	434	-0.214286	0.066820	
A/pied_megpie/Liaoning/7/	0.3856	0.2527	0.3614	0.2448	0.181	-0.085	0.385	50.63	0.387	0.432	426	434	-0.216129	0.069124	
A/pigeon/Hubei/RP25/2012_	0.3930	0.2487	0.3812	0.2254	0.180	-0.094	0.378	49.85	0.369	0.425	426	434	-0.234332	0.066820	
A/pigeon/Sichuan/NCXN29/2	0.3747	0.2454	0.3812	0.2563	0.175	-0.074	0.390	48.89	0.383	0.423	428	434	-0.173502	0.066820	
A/pigeon/Zhejiang/112089/	0.3770	0.2460	0.3656	0.2705	0.173	-0.107	0.373	48.83	0.394	0.430	426	434	-0.228111	0.064516	
A/pigeon/Zhejiang/112090/	0.3797	0.2433	0.3719	0.2669	0.175	-0.109	0.372	49.16	0.389	0.428	427	434	-0.213134	0.066820	
A/pigeon/Zhejiang/727097/	0.3947	0.2347	0.3781	0.2491	0.175	-0.104	0.375	48.58	0.370	0.422	427	434	-0.196083	0.066820	
A/plateau_pika/Qinghai/04	0.3714	0.2679	0.3594	0.2500	0.183	-0.080	0.389	50.61	0.403	0.440	427	434	-0.192166	0.066820	
A/quail/Guangxi/11/2002_H	0.3985	0.2513	0.3606	0.2483	0.182	-0.096	0.383	49.84	0.383	0.423	447	453	-0.228918	0.075055	
A/quail/Guangxi/12/2002_H	0.4005	0.2526	0.3595	0.2483	0.186	-0.091	0.385	50.16	0.383	0.422	447	453	-0.225828	0.075055	
A/quail/Guangxi/13/2002_H	0.4036	0.2462	0.3606	0.2483	0.181	-0.100	0.380	49.62	0.378	0.422	447	453	-0.228918	0.075055	
A/quail/Nanchang/6631/201	0.3793	0.2414	0.3668	0.2734	0.171	-0.095	0.379	49.42	0.391	0.426	427	434	-0.210369	0.066820	
A/shrike/Tibet/13/2006_H5	0.3899	0.2440	0.3754	0.2411	0.175	-0.102	0.376	49.17	0.376	0.428	426	434	-0.231567	0.066820	
A/silky_chicken/Shantou/4	0.3887	0.2520	0.3679	0.2438	0.182	-0.096	0.379	50.84	0.384	0.429	425	434	-0.211521	0.066820	
A/swan/Shanghai/10/2009_H	0.3920	0.2240	0.3880	0.2554	0.166	-0.116	0.369	49.32	0.365	0.424	425	434	-0.221890	0.066820	
A/swine/Guangxi/592/2011_	0.3820	0.2387	0.3636	0.2760	0.172	-0.104	0.375	48.45	0.391	0.428	427	434	-0.207604	0.066820	
A/swine/Jiangsu/1/2008_H5	0.3743	0.2594	0.3668	0.2561	0.178	-0.094	0.379	48.91	0.398	0.432	427	434	-0.219816	0.066820	
A/swine/Jiangsu/2/2009_H5	0.3926	0.2414	0.3892	0.2321	0.171	-0.112	0.370	49.80	0.365	0.419	427	434	-0.250231	0.066820	
A/swine/Shandong/SD1/2014	0.4000	0.2481	0.3595	0.2483	0.181	-0.089	0.385	48.74	0.380	0.422	447	453	-0.241060	0.070640	
A/swine/Zhejiang/SW57/201	0.3920	0.2347	0.3812	0.2491	0.175	-0.104	0.375	48.31	0.370	0.422	427	434	-0.196083	0.066820	
A/tiger/Yunnan/tig1404/20	0.3757	0.2434	0.3750	0.2671	0.173	-0.082	0.386	49.03	0.388	0.425	428	434	-0.193548	0.066820	
A/tiger/Yunnan/tig1412/20	0.3873	0.2334	0.3730	0.2681	0.169	-0.101	0.377	49.52	0.379	0.422	427	434	-0.218894	0.066820	
A/tiger/Yunnan/tig1508/20	0.3836	0.2275	0.3648	0.2852	0.156	-0.131	0.359	48.28	0.387	0.422	426	435	-0.218161	0.066667	
A/turtle_dove/Guangdong/3	0.3889	0.2460	0.3778	0.2393	0.175	-0.092	0.383	48.95	0.376	0.426	426	434	-0.244470	0.069124	
A/waterfowl/Hong_Kong/378	0.4025	0.2456	0.3565	0.2517	0.177	-0.089	0.385	49.19	0.380	0.421	447	453	-0.218764	0.072848	
A/wild_duck/Fujian/1/2011	0.3899	0.2334	0.3648	0.2734	0.169	-0.116	0.368	47.90	0.384	0.425	427	434	-0.226037	0.064516	
A/wild_duck/Fujian/2/2011	0.3910	0.2314	0.3699	0.2688	0.170	-0.107	0.372	48.06	0.379	0.424	427	434	-0.226037	0.064516	
A/wild_duck/Jilin/HF/2011	0.3813	0.2373	0.3829	0.2590	0.169	-0.089	0.384	49.29	0.379	0.425	425	434	-0.232719	0.066820	
A/wild_duck/Jilin/ZF/2011	0.3947	0.2267	0.3810	0.2609	0.168	-0.111	0.372	50.09	0.369	0.422	425	434	-0.229954	0.069124	
A/wild_duck/Liaoning/8/20	0.3862	0.2487	0.3602	0.2474	0.176	-0.094	0.379	50.49	0.386	0.432	427	435	-0.227356	0.068966	
A/wild_duck/Shandong/1/20	0.3813	0.2533	0.3551	0.2613	0.186	-0.057	0.400	49.43	0.398	0.437	427	434	-0.211751	0.066820	
A/wild_duck/Shandong/2/20	0.3920	0.2267	0.3774	0.2607	0.164	-0.104	0.374	48.76	0.372	0.424	425	434	-0.217742	0.066820	
A/wild_duck/Shandong/628/	0.3920	0.2400	0.3766	0.2464	0.175	-0.098	0.379	49.20	0.374	0.423	425	434	-0.252535	0.066820	
A/Indonesia/5/2005       	0.2962	0.2582	0.3989	0.2882	0.157	-0.054	0.394	51.04	0.431	0.472	469	492	-0.561586	0.065041	
A/Hong_Kong/483/1997     	0.2926	0.2697	0.3852	0.2931	0.148	-0.064	0.390	51.65	0.443	0.476	469	492	-0.568699	0.063008	
A/Hong_Kong/482/97       	0.2908	0.2730	0.4026	0.2722	0.150	-0.066	0.388	51.00	0.431	0.472	469	492	-0.559553	0.063008	
A/Chicken/HongKong/FY150/	0.2658	0.2886	0.4350	0.2522	0.156	-0.047	0.400	50.30	0.428	0.468	470	492	-0.545325	0.065041	
A/Chicken/HongKong/YU822.	0.3198	0.2335	0.4005	0.2882	0.152	-0.078	0.382	51.03	0.409	0.466	469	492	-0.555082	0.065041	
A/Chicken/HongKong/YU562/	0.3139	0.2380	0.3979	0.2902	0.152	-0.073	0.384	50.27	0.416	0.470	469	492	-0.547155	0.065041	
A/Pheasant/Hong_Kong/FY15	0.2987	0.2506	0.3995	0.2894	0.151	-0.058	0.392	51.00	0.426	0.474	469	492	-0.568496	0.067073	
A/Hong_Kong/486/97       	0.2908	0.2730	0.4026	0.2722	0.150	-0.066	0.388	51.00	0.431	0.472	469	492	-0.559553	0.063008	
A/Thailand/16/2004       	0.2828	0.2677	0.3910	0.2997	0.153	-0.066	0.388	51.08	0.448	0.478	469	492	-0.567683	0.065041	
A/Hong_Kong/538/97       	0.2940	0.2739	0.3984	0.2743	0.151	-0.053	0.396	51.02	0.432	0.471	475	498	-0.546988	0.062249	
A/chicken/Indonesia/7/200	0.2937	0.2658	0.3910	0.2911	0.157	-0.055	0.394	49.91	0.439	0.474	469	492	-0.571545	0.065041	
A/chicken/Korea/ES/03    	0.2955	0.2626	0.3846	0.2960	0.152	-0.064	0.388	51.36	0.441	0.476	469	492	-0.565651	0.063008	
A/Hong_Kong/156/97       	0.2864	0.2814	0.3958	0.2764	0.154	-0.053	0.396	51.24	0.440	0.473	475	498	-0.541165	0.062249	
A/whooper_swan/Mongolia/2	0.2828	0.2727	0.3989	0.2870	0.153	-0.059	0.392	50.47	0.441	0.474	469	492	-0.567277	0.065041	
A/Vietnam/UT3062/2004    	0.2810	0.2684	0.3856	0.3084	0.153	-0.070	0.386	51.76	0.454	0.480	469	492	-0.566464	0.065041	
A/Anas_platyrhynchos/Chon	0.2861	0.2836	0.4031	0.2650	0.154	-0.024	0.412	51.21	0.435	0.473	476	499	-0.536874	0.064128	
A/Anas_platyrhynchos/Jiuj	0.2861	0.2836	0.4031	0.2650	0.154	-0.024	0.412	51.21	0.435	0.473	476	499	-0.536874	0.064128	
A/Anhui/1/2005|EPI_ISL_24	0.2861	0.2709	0.3963	0.2882	0.154	-0.044	0.401	49.68	0.441	0.474	469	492	-0.576220	0.063008	
A/Anhui/1/2006|EPI_ISL_73	0.2962	0.2582	0.3936	0.2939	0.152	-0.070	0.386	49.14	0.435	0.472	469	492	-0.571545	0.065041	
A/Anhui/2/2005|EPI_ISL_24	0.2904	0.2652	0.3989	0.2853	0.154	-0.047	0.399	49.16	0.435	0.473	469	492	-0.572764	0.065041	
A/Anser_cygnoides/China/P	0.2901	0.2697	0.3883	0.2939	0.151	-0.066	0.389	50.40	0.444	0.476	468	492	-0.575000	0.063008	
A/Anser_fabalis/Jiujiang/	0.2861	0.2836	0.4031	0.2650	0.154	-0.024	0.412	51.21	0.435	0.473	476	499	-0.536874	0.064128	
A/Bar-headed_Goose/Qingha	0.2774	0.2824	0.3920	0.2911	0.160	-0.047	0.400	50.34	0.453	0.480	468	492	-0.569309	0.063008	
A/Bar-headed_Goose/Tibet/	0.2970	0.2766	0.3963	0.2680	0.159	-0.032	0.408	51.86	0.432	0.474	468	492	-0.569919	0.065041	
A/Bar-headed_Goose/Tibet/	0.2970	0.2766	0.3963	0.2680	0.159	-0.032	0.408	51.86	0.432	0.474	468	492	-0.569919	0.065041	
A/Black_faced_Spoonbill/A	0.2918	0.2793	0.3708	0.2955	0.156	-0.037	0.404	54.04	0.455	0.482	475	504	-0.544841	0.073413	
A/Black_Faced_Spoonbill/H	0.2925	0.2800	0.3921	0.2751	0.160	-0.025	0.411	52.06	0.439	0.474	474	498	-0.553012	0.064257	
A/Black_Faced_Spoonbill/H	0.2868	0.2843	0.3822	0.2841	0.159	-0.026	0.411	53.66	0.451	0.479	475	498	-0.547390	0.062249	
A/Black-necked_Grebe/Inne	0.2850	0.2748	0.3963	0.2882	0.159	-0.052	0.397	50.68	0.443	0.476	469	492	-0.551829	0.063008	
A/Black-necked_Grebe/Inne	0.2843	0.2716	0.3883	0.2997	0.156	-0.056	0.394	50.81	0.450	0.479	469	492	-0.564025	0.063008	
A/Black-necked_Grebe/Inne	0.2843	0.2716	0.3883	0.2997	0.156	-0.056	0.394	50.81	0.450	0.479	469	492	-0.564025	0.063008	
A/Black-necked_Grebe/Inne	0.2843	0.2716	0.3883	0.2997	0.156	-0.056	0.394	50.81	0.450	0.479	469	492	-0.564025	0.063008	
A/Black-necked_Grebe/Inne	0.2843	0.2716	0.3883	0.2997	0.156	-0.056	0.394	50.81	0.450	0.479	469	492	-0.564025	0.063008	
A/Black-necked_Grebe/Inne	0.2843	0.2716	0.3883	0.2997	0.156	-0.056	0.394	50.81	0.450	0.479	469	492	-0.564025	0.063008	
A/Black-necked_Grebe/Inne	0.2843	0.2716	0.3883	0.2997	0.156	-0.056	0.394	50.81	0.450	0.479	469	492	-0.564025	0.063008	
A/Black-necked_Grebe/Inne	0.2843	0.2716	0.3883	0.2997	0.156	-0.056	0.394	50.81	0.450	0.479	469	492	-0.564025	0.063008	
A/chicken/Anhui/S1740/202	0.2937	0.2759	0.3915	0.2759	0.157	-0.033	0.407	51.68	0.437	0.476	469	492	-0.559147	0.065041	
A/chicken/China/Cangzhou0	0.2843	0.2843	0.3979	0.2707	0.153	-0.023	0.413	50.30	0.440	0.475	475	498	-0.542972	0.064257	
A/chicken/China/E93/2012|	0.3023	0.2519	0.3942	0.2931	0.156	-0.064	0.389	51.53	0.429	0.474	471	492	-0.550407	0.063008	
A/chicken/China/E96/2012|	0.3023	0.2494	0.3995	0.2894	0.154	-0.070	0.384	51.48	0.425	0.472	471	492	-0.546138	0.063008	
A/chicken/Gansu/5/2012|EP	0.3131	0.2449	0.3899	0.2931	0.155	-0.068	0.387	51.47	0.423	0.472	470	492	-0.570732	0.063008	
A/chicken/Gansu/6/2012|EP	0.3023	0.2519	0.3942	0.2931	0.156	-0.064	0.389	51.53	0.429	0.474	471	492	-0.550407	0.063008	
A/chicken/Guangxi/S2039/2	0.2861	0.2709	0.3856	0.2997	0.155	-0.051	0.397	51.05	0.450	0.478	469	492	-0.575407	0.063008	
A/chicken/Hubei/2856/2007	0.2937	0.2684	0.3750	0.3055	0.154	-0.047	0.399	50.03	0.452	0.478	469	492	-0.575000	0.065041	
A/chicken/Hunan/1793/2007	0.2911	0.2633	0.3989	0.2882	0.153	-0.055	0.394	48.46	0.435	0.472	469	492	-0.570325	0.065041	
A/chicken/Hunan/3157/2006	0.2937	0.2633	0.3899	0.2914	0.153	-0.048	0.399	50.16	0.439	0.475	469	492	-0.577236	0.065041	
A/chicken/Hunan/S10029/20	0.2886	0.2734	0.3803	0.2989	0.152	-0.077	0.382	50.66	0.452	0.480	469	492	-0.570935	0.063008	
A/chicken/Jiangsu/03.17_W	0.3005	0.2551	0.3670	0.3217	0.144	-0.081	0.380	50.40	0.452	0.476	469	492	-0.570325	0.063008	
A/chicken/Jiangsu/927/201	0.2835	0.2734	0.3830	0.3026	0.157	-0.051	0.397	51.29	0.454	0.480	469	492	-0.570325	0.063008	
A/chicken/Jiangsu/2477/20	0.2778	0.2778	0.3920	0.2948	0.156	-0.055	0.394	50.54	0.452	0.480	469	492	-0.569716	0.063008	
A/chicken/Jiangsu/k0402/2	0.2879	0.2677	0.3856	0.2997	0.153	-0.058	0.392	50.11	0.448	0.478	469	492	-0.567683	0.065041	
A/chicken/Jiangsu/SE2228/	0.2886	0.2684	0.3883	0.2968	0.155	-0.063	0.390	50.51	0.446	0.478	469	492	-0.570325	0.063008	
A/chicken/Jiangsu/YB7/201	0.2980	0.2576	0.3617	0.3275	0.143	-0.089	0.375	50.73	0.458	0.478	469	492	-0.566464	0.065041	
A/chicken/Jiangxi/25/2011	0.2759	0.2835	0.3883	0.2939	0.158	-0.033	0.407	50.27	0.456	0.480	469	492	-0.575407	0.063008	
A/chicken/Jiangxi/S40653/	0.2962	0.2734	0.3915	0.2759	0.156	-0.037	0.405	51.65	0.435	0.476	469	492	-0.559147	0.065041	
A/chicken/Jilin/04.12_MHK	0.2759	0.2810	0.3873	0.2960	0.156	-0.048	0.399	50.57	0.456	0.482	469	492	-0.564838	0.063008	
A/chicken/Jilin/04.12_MHK	0.2759	0.2810	0.3873	0.2960	0.156	-0.048	0.399	50.57	0.456	0.482	469	492	-0.564838	0.063008	
A/chicken/Jilin/04.12_MHK	0.2759	0.2810	0.3873	0.2960	0.156	-0.048	0.399	50.57	0.456	0.482	469	492	-0.564838	0.063008	
A/chicken/Jilin/04.12_MHK	0.2759	0.2810	0.3873	0.2960	0.156	-0.048	0.399	50.57	0.456	0.482	469	492	-0.564838	0.063008	
A/chicken/Jilin/04.25_MHK	0.2785	0.2785	0.3873	0.2960	0.156	-0.051	0.397	50.75	0.454	0.481	469	492	-0.564838	0.063008	
A/chicken/Jilin/S1255/201	0.2861	0.2759	0.4043	0.2738	0.152	-0.066	0.388	51.32	0.435	0.474	469	492	-0.570325	0.063008	
A/chicken/Jilin/S1271/201	0.2861	0.2734	0.4069	0.2738	0.151	-0.070	0.386	51.36	0.433	0.474	469	492	-0.570325	0.063008	
A/chicken/Liaoning/S4092/	0.3098	0.2443	0.3942	0.2923	0.155	-0.072	0.384	50.72	0.423	0.472	471	492	-0.566057	0.063008	
A/chicken/Liaoning/SD035/	0.2911	0.2709	0.3963	0.2824	0.153	-0.055	0.394	51.37	0.437	0.475	469	492	-0.570325	0.063008	
A/chicken/Ningxia/2/2012|	0.3123	0.2443	0.3836	0.3009	0.156	-0.065	0.389	51.38	0.429	0.474	471	492	-0.566057	0.063008	
A/chicken/Ningxia/222/201	0.3123	0.2443	0.3862	0.2980	0.156	-0.065	0.389	51.30	0.427	0.473	471	492	-0.566057	0.063008	
A/chicken/Shandong/12.03_	0.3013	0.2557	0.3644	0.3246	0.146	-0.074	0.384	50.54	0.454	0.476	469	492	-0.565244	0.065041	
A/Chicken/Shandong/J01/20	0.2785	0.2759	0.3856	0.3026	0.151	-0.055	0.394	51.66	0.456	0.480	469	492	-0.566464	0.065041	
A/Chicken/Shandong/J02/20	0.3098	0.2418	0.3862	0.3037	0.154	-0.080	0.380	52.09	0.429	0.473	471	492	-0.566057	0.063008	
A/Chicken/Shandong/J03/20	0.3073	0.2469	0.3926	0.2960	0.155	-0.069	0.386	50.93	0.427	0.472	471	492	-0.571545	0.063008	
A/Chicken/Shandong/J04/20	0.3098	0.2443	0.3968	0.2902	0.153	-0.084	0.378	49.82	0.420	0.470	471	492	-0.565447	0.063008	
A/Chicken/Shandong/J06/20	0.2803	0.2727	0.3846	0.3017	0.150	-0.069	0.386	49.99	0.454	0.481	469	492	-0.566057	0.063008	
A/chicken/Shanghai/S1123/	0.2886	0.2709	0.3750	0.3084	0.157	-0.055	0.394	50.53	0.456	0.481	469	492	-0.570325	0.063008	
A/chicken/Shanghai/S4030/	0.2911	0.2684	0.3936	0.2882	0.156	-0.051	0.397	50.53	0.439	0.476	469	492	-0.570325	0.063008	
A/chicken/Wuxi/WX-32/2013	0.2911	0.2759	0.3803	0.2931	0.158	-0.044	0.401	50.74	0.450	0.480	469	492	-0.563008	0.065041	
A/chicken/Wuxi/WX-33/2013	0.2897	0.2720	0.3904	0.2890	0.153	-0.065	0.388	50.06	0.443	0.478	469	492	-0.562805	0.069106	
A/chicken/Xinjiang/S1016/	0.2886	0.2709	0.3777	0.3055	0.157	-0.055	0.394	50.56	0.454	0.480	469	492	-0.570325	0.063008	
A/chicken/Xinjiang/S1081/	0.2911	0.2684	0.3777	0.3055	0.156	-0.059	0.392	50.73	0.452	0.480	469	492	-0.570325	0.063008	
A/chicken/Xinjiang/S1170/	0.2886	0.2709	0.3777	0.3064	0.156	-0.059	0.392	50.31	0.454	0.480	469	492	-0.569716	0.063008	
A/chicken/Yunnan/1/2014|E	0.2901	0.2697	0.3856	0.2968	0.152	-0.062	0.391	50.34	0.447	0.477	468	492	-0.575000	0.063008	
A/condor/Guangdong/139/20	0.2864	0.2638	0.3836	0.3066	0.154	-0.064	0.389	50.96	0.450	0.480	471	492	-0.567480	0.065041	
A/Curlew/Hong_Kong/AFCD-H	0.2925	0.2825	0.3895	0.2751	0.160	-0.024	0.411	51.72	0.441	0.473	474	498	-0.548996	0.064257	
A/Cygnus_columbianus/Hube	0.2960	0.2736	0.3812	0.2869	0.158	-0.031	0.408	53.38	0.443	0.477	476	498	-0.542169	0.062249	
A/Cygnus_columbianus/Hube	0.2968	0.2743	0.3848	0.2812	0.160	-0.030	0.408	53.18	0.440	0.476	475	498	-0.547390	0.062249	
A/Cygnus_columbianus/Hube	0.2960	0.2736	0.3812	0.2869	0.158	-0.031	0.408	53.38	0.443	0.477	476	498	-0.542169	0.062249	
A/Cygnus_columbianus/Hube	0.2960	0.2736	0.3812	0.2869	0.158	-0.031	0.408	53.38	0.443	0.477	476	498	-0.542169	0.062249	
A/domestic_green-winged_t	0.2893	0.2768	0.4121	0.2600	0.155	-0.027	0.411	50.84	0.425	0.471	475	498	-0.552410	0.064257	
A/duck/China/E26/2012|EPI	0.2904	0.2677	0.3740	0.3075	0.154	-0.050	0.397	50.41	0.454	0.480	469	492	-0.557317	0.065041	
A/duck/China/E53/2012|EPI	0.2854	0.2677	0.3936	0.2939	0.149	-0.069	0.386	51.54	0.443	0.476	469	492	-0.572764	0.065041	
A/duck/Eastern_China/108/	0.2700	0.2850	0.4289	0.2557	0.160	-0.033	0.407	50.38	0.428	0.468	474	498	-0.552410	0.064257	
A/duck/Eastern_China/909/	0.2725	0.2900	0.3990	0.2764	0.166	-0.019	0.416	48.16	0.449	0.480	474	498	-0.557430	0.064257	
A/duck/Fujian/S1233/2018(	0.2962	0.2658	0.3787	0.3035	0.152	-0.066	0.388	51.51	0.448	0.478	469	492	-0.575000	0.063008	
A/duck/Fujian/S1273/2018(	0.2886	0.2684	0.3777	0.3084	0.155	-0.063	0.390	50.70	0.454	0.480	469	492	-0.570325	0.063008	
A/Duck/Fujian/S4146/2010|	0.2734	0.2861	0.3830	0.2997	0.159	-0.029	0.409	50.35	0.463	0.482	469	492	-0.575407	0.063008	
A/duck/Guangdong/S4518/20	0.2970	0.2741	0.3963	0.2709	0.158	-0.036	0.406	51.89	0.432	0.473	468	492	-0.569919	0.065041	
A/duck/Guangdong/S4525/20	0.2995	0.2716	0.3963	0.2709	0.158	-0.032	0.408	51.84	0.429	0.472	468	492	-0.569919	0.065041	
A/duck/Guizhou/S1321/2022	0.3003	0.2723	0.3936	0.2738	0.158	-0.040	0.404	51.80	0.432	0.472	468	492	-0.567886	0.065041	
A/duck/Guizhou/S1711/2024	0.2980	0.2702	0.4005	0.2672	0.148	-0.040	0.403	50.88	0.426	0.472	469	492	-0.559756	0.065041	
A/duck/Hubei/03.06__WHWTZ	0.3005	0.2551	0.3617	0.3285	0.145	-0.084	0.377	50.95	0.456	0.476	469	492	-0.565244	0.065041	
A/duck/Hubei/46/2009|EPI_	0.2980	0.2551	0.3883	0.2997	0.152	-0.076	0.382	51.78	0.437	0.476	469	492	-0.569309	0.065041	
A/duck/Hubei/2911/2007|EP	0.2854	0.2702	0.3820	0.3009	0.151	-0.054	0.394	50.22	0.452	0.479	469	492	-0.568699	0.065041	
A/duck/Hubei/S4465/2021(H	0.2962	0.2734	0.3915	0.2759	0.156	-0.037	0.405	51.65	0.435	0.476	469	492	-0.559147	0.065041	
A/duck/Hubei/SE128/2022(H	0.2944	0.2741	0.3942	0.2759	0.157	-0.037	0.405	51.88	0.435	0.475	469	492	-0.557927	0.065041	
A/duck/Hubei/SE220/2022(H	0.2987	0.2709	0.3952	0.2722	0.156	-0.044	0.401	51.85	0.431	0.474	469	492	-0.565854	0.065041	
A/duck/Hubei/xn/2007|EPI_	0.2854	0.2677	0.3936	0.2939	0.151	-0.073	0.384	50.57	0.443	0.477	469	492	-0.567683	0.065041	
A/duck/Hunan/03.07_YYGK1L	0.2901	0.2723	0.4267	0.2536	0.165	-0.043	0.403	49.10	0.416	0.465	469	492	-0.570529	0.067073	
A/duck/Hunan/12.07__YYGK4	0.2911	0.2658	0.3936	0.2902	0.153	-0.066	0.388	50.27	0.439	0.476	469	492	-0.570935	0.063008	
A/duck/Hunan/12.07__YYGK9	0.2854	0.2652	0.3910	0.2997	0.146	-0.080	0.380	51.90	0.446	0.479	469	492	-0.567683	0.065041	
A/duck/Hunan/12.07_YYGK00	0.2854	0.2652	0.3910	0.2997	0.146	-0.080	0.380	51.90	0.446	0.479	469	492	-0.567683	0.065041	
A/duck/Hunan/12.07_YYGK10	0.2810	0.2810	0.3910	0.2890	0.153	-0.052	0.397	51.05	0.450	0.479	469	492	-0.569716	0.063008	
A/duck/Hunan/316/2005|EPI	0.2937	0.2633	0.3926	0.2902	0.154	-0.051	0.397	50.02	0.437	0.474	469	492	-0.566057	0.065041	
A/duck/Hunan/689/2006|EPI	0.2937	0.2633	0.3899	0.2931	0.154	-0.051	0.397	50.02	0.439	0.474	469	492	-0.566057	0.065041	
A/duck/Hunan/3315/2006|EP	0.2810	0.2734	0.3936	0.2931	0.153	-0.047	0.399	49.85	0.448	0.476	469	492	-0.572155	0.065041	
A/duck/Hunan/S4020/2008|E	0.2778	0.2778	0.3856	0.2997	0.150	-0.058	0.392	51.61	0.456	0.481	469	492	-0.567683	0.065041	
A/duck/Hunan/S4030/2011|E	0.2854	0.2677	0.3963	0.2928	0.148	-0.066	0.388	50.32	0.441	0.476	469	492	-0.566464	0.065041	
A/duck/Hunan/S4150/2011|E	0.2955	0.2601	0.3777	0.3084	0.151	-0.062	0.390	50.60	0.448	0.478	469	492	-0.567683	0.065041	
A/duck/Hunan/S4220/2011|E	0.2835	0.2759	0.3936	0.2882	0.155	-0.049	0.399	51.46	0.446	0.477	469	492	-0.580285	0.063008	
A/duck/Jiangsu/S4439/2017	0.2886	0.2684	0.3936	0.2911	0.155	-0.055	0.394	50.39	0.441	0.476	469	492	-0.570325	0.063008	
A/duck/Jiangsu/SE1128/201	0.2835	0.2709	0.3989	0.2882	0.155	-0.059	0.392	50.20	0.441	0.476	469	492	-0.570325	0.063008	
A/duck/Jiangxi/34/2011|EP	0.2759	0.2835	0.3873	0.2931	0.159	-0.029	0.409	50.26	0.456	0.481	469	492	-0.569716	0.063008	
A/duck/Jiangxi/35/2011|EP	0.2886	0.2759	0.3846	0.2902	0.156	-0.040	0.403	50.19	0.448	0.478	469	492	-0.569919	0.063008	
A/duck/Jiangxi/44/2011|EP	0.3071	0.2589	0.4048	0.2657	0.148	-0.065	0.388	50.06	0.416	0.469	469	492	-0.557317	0.065041	
A/duck/Jiangxi/120/2011|E	0.2835	0.2709	0.4069	0.2795	0.151	-0.063	0.390	49.11	0.435	0.470	469	492	-0.576626	0.065041	
A/duck/Jiangxi/130/2011|E	0.2929	0.2626	0.3750	0.3112	0.151	-0.058	0.392	50.78	0.452	0.480	469	492	-0.571545	0.063008	
A/duck/Jiangxi/S40833/202	0.2987	0.2709	0.3915	0.2759	0.156	-0.037	0.405	51.38	0.433	0.475	469	492	-0.559147	0.065041	
A/duck/Jilin/04.04_SY002-	0.2810	0.2759	0.3856	0.2997	0.157	-0.050	0.397	50.91	0.454	0.480	469	492	-0.560976	0.063008	
A/duck/Jilin/JL-SIV/2013|	0.2893	0.2690	0.3920	0.2957	0.150	-0.063	0.390	49.71	0.443	0.473	469	492	-0.569919	0.067073	
A/duck/Jilin/S1261/2019(H	0.2861	0.2734	0.4069	0.2738	0.151	-0.070	0.386	51.36	0.433	0.474	469	492	-0.570325	0.063008	
A/duck/Jilin/S4171/2019(H	0.2911	0.2709	0.3936	0.2853	0.150	-0.062	0.390	51.37	0.439	0.475	469	492	-0.565447	0.063008	
A/duck/Nanchang/9789/2013	0.2843	0.2716	0.3893	0.2977	0.151	-0.054	0.395	50.95	0.449	0.478	468	492	-0.575000	0.063008	
A/duck/Shandong/009/2008|	0.2875	0.2750	0.3921	0.2894	0.155	-0.053	0.396	48.98	0.444	0.473	475	498	-0.552610	0.064257	
A/Duck/Shandong/Y01/2009|	0.2904	0.2677	0.3830	0.2997	0.154	-0.051	0.397	49.87	0.448	0.478	469	492	-0.567683	0.065041	
A/Duck/Shandong/Y02/2009|	0.2911	0.2658	0.3820	0.3017	0.156	-0.048	0.399	50.04	0.448	0.478	469	492	-0.560976	0.065041	
A/duck/Sichuan/NCXN10/201	0.2843	0.2766	0.3914	0.2936	0.153	-0.054	0.395	51.43	0.449	0.478	468	492	-0.573781	0.063008	
A/duck/Sichuan/NCXN11/201	0.2843	0.2766	0.3904	0.2928	0.153	-0.051	0.397	50.86	0.449	0.478	468	492	-0.580488	0.063008	
A/duck/Xinjiang/S1066/201	0.2911	0.2684	0.3777	0.3055	0.156	-0.059	0.392	50.73	0.452	0.480	469	492	-0.570325	0.063008	
A/duck/Xinjiang/S1126/201	0.2886	0.2709	0.3750	0.3084	0.157	-0.055	0.394	50.53	0.456	0.481	469	492	-0.570325	0.063008	
A/duck/Zhejiang/1220092/2	0.2810	0.2759	0.3910	0.2939	0.157	-0.048	0.399	50.84	0.450	0.479	469	492	-0.570325	0.063008	
A/duck/Zhejiang/S4091/201	0.2861	0.2709	0.3910	0.2939	0.155	-0.060	0.392	50.83	0.446	0.478	469	492	-0.579065	0.060976	
A/equine/China/61/2010|EP	0.2897	0.2620	0.3830	0.3055	0.152	-0.066	0.388	50.83	0.448	0.479	469	492	-0.561382	0.065041	
A/equine/China/67/2010|EP	0.2897	0.2620	0.3830	0.3055	0.152	-0.066	0.388	50.83	0.448	0.479	469	492	-0.561382	0.065041	
A/equine/China/68/2010|EP	0.2897	0.2620	0.3830	0.3055	0.150	-0.069	0.386	51.13	0.448	0.478	469	492	-0.561382	0.065041	
A/Eurasian_Teal/Hong_Kong	0.2932	0.2757	0.3916	0.2784	0.163	-0.015	0.417	52.65	0.438	0.474	475	498	-0.541566	0.062249	
A/Eurasian_Teal/Hong_Kong	0.2932	0.2757	0.3864	0.2841	0.162	-0.019	0.415	52.73	0.442	0.475	475	498	-0.541566	0.062249	
A/Eurasian_Wigeon/Hong_Ko	0.2932	0.2757	0.3864	0.2841	0.162	-0.019	0.415	52.73	0.442	0.475	475	498	-0.541566	0.062249	
A/Eurasian_Wigeon/Hong_Ko	0.2932	0.2757	0.3864	0.2841	0.162	-0.019	0.415	52.73	0.442	0.475	475	498	-0.541566	0.062249	
A/Falco_peregrinus/Beijin	0.2943	0.2768	0.3786	0.2869	0.157	-0.031	0.408	53.22	0.446	0.477	475	498	-0.539759	0.062249	
A/Fujian/1/2005|EPI_ISL_2	0.2987	0.2582	0.3989	0.2861	0.153	-0.067	0.388	48.80	0.429	0.469	469	492	-0.570935	0.065041	
A/Fujian/1/2007|EPI_ISL_7	0.2929	0.2601	0.3803	0.3084	0.153	-0.069	0.386	50.75	0.448	0.479	469	492	-0.562602	0.065041	
A/Gallinago_Stenura/Hong_	0.2932	0.2757	0.3864	0.2841	0.162	-0.019	0.415	52.73	0.442	0.475	475	498	-0.541566	0.062249	
A/goose/China/E43/2012|EP	0.2785	0.2835	0.3830	0.2968	0.159	-0.029	0.409	50.24	0.458	0.481	469	492	-0.579878	0.063008	
A/goose/Guangdong/SH7/201	0.2843	0.2741	0.3867	0.2977	0.152	-0.058	0.393	50.41	0.451	0.478	468	492	-0.575000	0.063008	
A/goose/Guizhou/S1541/202	0.2995	0.2716	0.3936	0.2738	0.157	-0.039	0.404	51.99	0.432	0.473	468	492	-0.569919	0.065041	
A/goose/Hunan/SE284/2022(	0.3013	0.2633	0.3862	0.2865	0.156	-0.044	0.401	53.87	0.435	0.476	469	492	-0.563618	0.063008	
A/goose/Inner_Mongolia/IM	0.2911	0.2759	0.3979	0.2709	0.155	-0.047	0.400	50.04	0.434	0.474	468	492	-0.564228	0.065041	
A/goose/Jiangsu/k0403/201	0.2904	0.2677	0.3873	0.2939	0.147	-0.088	0.375	50.90	0.443	0.476	469	492	-0.561382	0.065041	
A/goose/Jilin/S4034/2019(	0.2861	0.2734	0.3963	0.2845	0.153	-0.055	0.394	51.94	0.441	0.476	469	492	-0.576220	0.063008	
A/goose/Shandong/03.10_HZ	0.2810	0.2759	0.3910	0.2939	0.155	-0.059	0.392	50.49	0.450	0.479	469	492	-0.570325	0.063008	
A/goose/Shandong/GS/2013(	0.2792	0.2843	0.3777	0.3026	0.161	-0.037	0.405	51.10	0.463	0.483	469	492	-0.569106	0.063008	
A/goose/Zhejiang/112071/2	0.2810	0.2734	0.3910	0.2968	0.156	-0.059	0.392	50.68	0.450	0.479	469	492	-0.570325	0.063008	
A/goose/Zhejiang/727098/2	0.2835	0.2709	0.3856	0.3026	0.154	-0.059	0.392	51.52	0.452	0.480	469	492	-0.570325	0.063008	
A/Great_black-headed_Gull	0.2774	0.2824	0.3920	0.2911	0.160	-0.047	0.400	50.49	0.453	0.480	468	492	-0.560976	0.063008	
A/Great_black-headed_Gull	0.2774	0.2824	0.3920	0.2911	0.160	-0.047	0.400	50.34	0.453	0.480	468	492	-0.569309	0.063008	
A/Great_Cormorant/Hubei/c	0.3005	0.2551	0.3644	0.3246	0.144	-0.089	0.375	50.45	0.454	0.476	469	492	-0.566464	0.065041	
A/Great_Cormorant/Hubei/c	0.3005	0.2551	0.3644	0.3246	0.144	-0.089	0.375	50.45	0.454	0.476	469	492	-0.566464	0.065041	
A/Great_Cormorant/Hubei/V	0.3040	0.2538	0.3617	0.3256	0.145	-0.078	0.381	50.57	0.453	0.476	470	492	-0.560569	0.065041	
A/Great_Cormorant/Hubei/V	0.3015	0.2538	0.3660	0.3217	0.144	-0.078	0.381	50.63	0.451	0.476	470	492	-0.562399	0.065041	
A/Great_Cormorant/Hubei/V	0.3040	0.2487	0.3607	0.3304	0.143	-0.081	0.379	50.37	0.453	0.476	470	492	-0.562399	0.065041	
A/Guangdong/1/2006|EPI_IS	0.2987	0.2582	0.3952	0.2874	0.153	-0.066	0.388	50.17	0.431	0.471	469	492	-0.566057	0.065041	
A/Guangdong/1/2008|EPI_IS	0.2886	0.2658	0.3936	0.2939	0.151	-0.059	0.392	48.78	0.441	0.474	469	492	-0.571545	0.065041	
A/Guangdong/2/2006|EPI_IS	0.2929	0.2601	0.3856	0.3017	0.152	-0.066	0.388	50.74	0.443	0.478	469	492	-0.578456	0.065041	
A/Guangxi/1/2005|EPI_ISL_	0.2904	0.2652	0.3979	0.2845	0.153	-0.047	0.399	49.24	0.435	0.474	469	492	-0.580082	0.063008	
A/Guangxi/1/2005|EPI_ISL_	0.2904	0.2626	0.3856	0.3026	0.153	-0.062	0.390	50.80	0.446	0.478	469	492	-0.567683	0.065041	
A/Guangxi/1/2008|EPI_ISL_	0.2980	0.2525	0.3803	0.3121	0.151	-0.070	0.386	50.46	0.443	0.476	469	492	-0.567073	0.065041	
A/Guizhou/1/2009|EPI_ISL_	0.3013	0.2532	0.3877	0.3052	0.156	-0.042	0.403	49.10	0.437	0.472	469	492	-0.555691	0.067073	
A/hill_myna/Heilongjiang/	0.2810	0.2785	0.3830	0.2997	0.157	-0.048	0.399	50.64	0.456	0.481	469	492	-0.570325	0.063008	
A/Hong_Kong/5923/2012|EPI	0.2810	0.2810	0.3930	0.2870	0.156	-0.043	0.402	49.74	0.449	0.478	468	492	-0.580081	0.063008	
A/Hunan/1/2006|EPI_ISL_79	0.2929	0.2626	0.3767	0.3075	0.155	-0.062	0.390	51.07	0.450	0.480	469	492	-0.561382	0.065041	
A/Hunan/1/2008|EPI_ISL_73	0.2843	0.2716	0.3936	0.2931	0.154	-0.055	0.394	49.76	0.446	0.475	469	492	-0.570935	0.065041	
A/Hunan/2/2009|EPI_ISL_79	0.3038	0.2506	0.3893	0.2997	0.155	-0.052	0.397	50.88	0.433	0.473	469	492	-0.569106	0.067073	
A/Japanese_white-eye/Taoy	0.2861	0.2734	0.3830	0.2997	0.156	-0.054	0.394	50.42	0.452	0.480	469	492	-0.571951	0.063008	
A/Jiangsu/1/2007|EPI_ISL_	0.2937	0.2633	0.3936	0.2911	0.150	-0.066	0.388	49.43	0.437	0.473	469	492	-0.571545	0.065041	
A/Jiangsu/2/2007|EPI_ISL_	0.2937	0.2633	0.3936	0.2911	0.150	-0.066	0.388	49.43	0.437	0.473	469	492	-0.571545	0.065041	
A/Jiangxi/1/2005|EPI_ISL_	0.2955	0.2576	0.3873	0.3035	0.154	-0.068	0.387	50.83	0.440	0.474	470	492	-0.547764	0.067073	
A/lesser_kestrel/Heilongj	0.2962	0.2608	0.3862	0.2943	0.153	-0.057	0.392	50.55	0.439	0.474	469	492	-0.547968	0.067073	
A/lion/Hubei/1-2/2016|EPI	0.2980	0.2601	0.3670	0.3188	0.148	-0.070	0.386	50.47	0.454	0.476	469	492	-0.566464	0.065041	
A/mallard/Heilongjiang/HL	0.2929	0.2626	0.3750	0.3112	0.149	-0.058	0.392	51.20	0.452	0.479	469	492	-0.567683	0.065041	
A/mandarin_duck/Heilongji	0.2970	0.2741	0.3926	0.2738	0.156	-0.051	0.397	51.72	0.434	0.474	468	492	-0.571342	0.065041	
A/mandarin_duck/Henan/426	0.3013	0.2633	0.3862	0.2865	0.154	-0.048	0.399	53.53	0.435	0.476	469	492	-0.563618	0.063008	
A/meerkat/Shanghai/SH-1/2	0.2828	0.2778	0.3873	0.2931	0.157	-0.049	0.398	50.86	0.451	0.480	470	492	-0.575610	0.063008	
A/mink/China/G/2015|EPI_I	0.2785	0.2810	0.3830	0.2997	0.159	-0.037	0.405	50.10	0.458	0.481	469	492	-0.575407	0.063008	
A/mink/China/XB/2015|EPI_	0.3005	0.2551	0.3697	0.3188	0.143	-0.081	0.380	50.88	0.450	0.475	469	492	-0.566464	0.065041	
A/mink/Eastern_China/0712	0.3061	0.2500	0.4748	0.2098	0.149	-0.100	0.370	50.62	0.364	0.449	470	492	-0.572155	0.060976	
A/Nanjing/1/2015|EPI_ISL_	0.3030	0.2525	0.3670	0.3217	0.145	-0.077	0.382	50.50	0.450	0.475	469	492	-0.566464	0.065041	
A/ostrich/Suzhou/097/2003	0.2904	0.2601	0.3910	0.2997	0.152	-0.073	0.384	51.09	0.441	0.476	469	492	-0.567683	0.065041	
A/parrot/Guangdong/C99/20	0.2854	0.2677	0.3910	0.2968	0.155	-0.054	0.394	51.03	0.446	0.478	469	492	-0.567683	0.065041	
A/peacock/Yunnan/1/2015|E	0.3133	0.2431	0.3656	0.3178	0.146	-0.076	0.377	51.57	0.441	0.474	467	491	-0.559674	0.065173	
A/peacock/Yunnan/3/2015|E	0.3058	0.2506	0.3666	0.3206	0.146	-0.070	0.381	51.05	0.448	0.475	467	491	-0.557027	0.065173	
A/pigeon/Hubei/RP25/2012|	0.2835	0.2709	0.3989	0.2874	0.157	-0.044	0.401	49.78	0.441	0.473	469	492	-0.590447	0.065041	
A/pigeon/Jiangsu/12.22_TC	0.2835	0.2734	0.3883	0.2968	0.156	-0.055	0.394	50.88	0.450	0.479	469	492	-0.570325	0.063008	
A/pigeon/Jiangxi/S40784/2	0.2962	0.2734	0.3915	0.2759	0.156	-0.037	0.405	51.65	0.435	0.476	469	492	-0.559147	0.065041	
A/pigeon/Jilin/04.25_CCHL	0.2810	0.2759	0.3856	0.2997	0.156	-0.051	0.397	50.84	0.454	0.481	469	492	-0.569512	0.063008	
A/pigeon/Jilin/S4176/2019	0.2911	0.2709	0.3910	0.2882	0.151	-0.058	0.392	51.49	0.441	0.476	469	492	-0.583130	0.063008	
A/pigeon/Sichuan/NCXN29/2	0.2843	0.2766	0.3904	0.2928	0.153	-0.051	0.397	50.86	0.449	0.478	468	492	-0.580488	0.063008	
A/pigeon/Zhejiang/112089/	0.2810	0.2759	0.3910	0.2939	0.157	-0.048	0.399	50.84	0.450	0.479	469	492	-0.570325	0.063008	
A/pigeon/Zhejiang/112090/	0.2810	0.2759	0.3910	0.2939	0.155	-0.059	0.392	50.87	0.450	0.479	469	492	-0.570325	0.063008	
A/pigeon/Zhejiang/727097/	0.2835	0.2709	0.3856	0.3026	0.154	-0.059	0.392	51.52	0.452	0.480	469	492	-0.570325	0.063008	
A/plateau_pika/Qinghai/04	0.3033	0.2556	0.4184	0.2615	0.156	-0.040	0.404	49.88	0.408	0.464	473	498	-0.550803	0.064257	
A/quail/Nanchang/6631/201	0.2843	0.2716	0.3920	0.2948	0.152	-0.051	0.397	50.60	0.447	0.478	468	492	-0.575000	0.063008	
A/Shandong/1/2009|EPI_ISL	0.2861	0.2709	0.3910	0.2923	0.153	-0.058	0.392	49.85	0.446	0.476	469	492	-0.578659	0.065041	
A/Sichuan/1/2006|EPI_ISL_	0.2962	0.2582	0.3989	0.2882	0.153	-0.051	0.397	49.74	0.431	0.471	469	492	-0.572358	0.065041	
A/Sichuan/2/2006|EPI_ISL_	0.2911	0.2633	0.3963	0.2911	0.154	-0.048	0.399	49.71	0.437	0.474	469	492	-0.566464	0.065041	
A/Spatula_querquedula/Cho	0.2861	0.2836	0.4031	0.2650	0.154	-0.024	0.412	51.21	0.435	0.473	476	499	-0.536874	0.064128	
A/swine/Shandong/SD1/2014	0.2915	0.2739	0.4042	0.2686	0.155	-0.047	0.400	50.65	0.429	0.469	473	498	-0.556626	0.064257	
A/tiger/Yunnan/tig1404/20	0.2843	0.2741	0.3893	0.2948	0.152	-0.058	0.393	50.81	0.449	0.478	468	492	-0.575000	0.063008	
A/tiger/Yunnan/tig1412/20	0.2843	0.2741	0.3867	0.2977	0.152	-0.058	0.393	51.00	0.451	0.478	468	492	-0.575000	0.063008	
A/tiger/Yunnan/tig1508/20	0.3131	0.2449	0.3590	0.3275	0.147	-0.081	0.380	49.97	0.448	0.474	469	492	-0.547968	0.065041	
A/tundra_swan/Fujian/SD12	0.2952	0.2697	0.3905	0.2829	0.159	-0.029	0.409	52.99	0.437	0.476	469	492	-0.558334	0.063008	
A/turtle_dove/Guangdong/3	0.2893	0.2718	0.3868	0.2951	0.157	-0.041	0.402	49.34	0.446	0.474	475	498	-0.554618	0.064257	
A/turtle_dove/Hunan/S4004	0.2947	0.2594	0.3687	0.3199	0.145	-0.074	0.383	50.58	0.455	0.478	470	492	-0.563212	0.065041	
A/whooper_swan/Henan/8/20	0.3013	0.2633	0.3889	0.2837	0.154	-0.048	0.399	53.38	0.433	0.475	469	492	-0.563618	0.063008	
A/whooper_swan/Henan/14/2	0.3020	0.2640	0.3899	0.2816	0.154	-0.047	0.400	53.21	0.432	0.475	468	492	-0.567480	0.063008	
A/whooper_swan/Henan/44/2	0.3013	0.2633	0.3889	0.2837	0.154	-0.048	0.399	53.38	0.433	0.475	469	492	-0.563618	0.063008	
A/whooper_swan/Henan/45/2	0.3013	0.2633	0.3889	0.2837	0.154	-0.048	0.399	53.38	0.433	0.475	469	492	-0.563618	0.063008	
A/whooper_swan/Henan/46/2	0.3013	0.2633	0.3889	0.2837	0.154	-0.048	0.399	53.38	0.433	0.475	469	492	-0.563618	0.063008	
A/whooper_swan/Henan/424/	0.3013	0.2633	0.3862	0.2865	0.154	-0.048	0.399	53.53	0.435	0.476	469	492	-0.563618	0.063008	
A/whooper_swan/Henan/SMX1	0.2843	0.2741	0.3910	0.2939	0.158	-0.056	0.394	50.44	0.448	0.478	469	492	-0.564025	0.063008	
A/whooper_swan/Henan/SMX3	0.2843	0.2741	0.3883	0.2968	0.156	-0.056	0.394	50.45	0.450	0.479	469	492	-0.564025	0.063008	
A/whooper_swan/Henan/SMX4	0.2843	0.2741	0.3910	0.2939	0.158	-0.056	0.394	50.44	0.448	0.478	469	492	-0.564025	0.063008	
A/whooper_swan/Henan/SMX9	0.2817	0.2741	0.3910	0.2968	0.156	-0.059	0.392	50.28	0.450	0.479	469	492	-0.564025	0.063008	
A/whooper_swan/Shanxi/14/	0.3013	0.2633	0.3889	0.2837	0.154	-0.048	0.399	53.38	0.433	0.475	469	492	-0.563618	0.063008	
A/whooper_swan/Shanxi/20/	0.3013	0.2633	0.3889	0.2837	0.154	-0.048	0.399	53.38	0.433	0.475	469	492	-0.563618	0.063008	
A/wild_duck/Fujian/1/2011	0.2796	0.2796	0.3856	0.2968	0.157	-0.044	0.400	50.72	0.455	0.481	470	492	-0.570122	0.063008	
A/wild_duck/Fujian/2/2011	0.2796	0.2796	0.3803	0.3026	0.157	-0.048	0.398	50.63	0.460	0.482	470	492	-0.570935	0.063008	
A/wild_duck/Hebei/SD012/2	0.2944	0.2690	0.3852	0.2886	0.158	-0.033	0.407	53.52	0.441	0.478	469	492	-0.564431	0.063008	
A/wild_duck/Jilin/HF/2011	0.2879	0.2702	0.3777	0.3055	0.152	-0.062	0.390	50.14	0.454	0.480	469	492	-0.567683	0.065041	
A/wild_duck/Jilin/ZF/2011	0.2843	0.2741	0.3936	0.2911	0.155	-0.040	0.403	50.37	0.446	0.475	469	492	-0.577846	0.065041	
A/wild_duck/Shandong/1/20	0.2824	0.2824	0.4218	0.2500	0.160	-0.029	0.410	50.66	0.423	0.469	468	492	-0.563212	0.065041	
A/wild_duck/Shandong/2/20	0.2911	0.2658	0.3830	0.3026	0.156	-0.048	0.399	50.14	0.448	0.477	469	492	-0.571545	0.065041	
A/wild_duck/Shandong/628/	0.2824	0.2824	0.4218	0.2500	0.160	-0.033	0.408	50.36	0.423	0.469	468	492	-0.567886	0.063008	
A/Xinjiang/1/2006|EPI_ISL	0.2879	0.2702	0.3883	0.2948	0.154	-0.047	0.399	51.22	0.446	0.477	469	492	-0.567073	0.065041	
A/Xinjiang/1/2009|EPI_ISL	0.2778	0.2803	0.3830	0.2997	0.152	-0.054	0.394	50.72	0.458	0.482	469	492	-0.567683	0.065041	
A/Zhejiang/1/2006|EPI_ISL	0.2937	0.2608	0.3936	0.2939	0.153	-0.063	0.390	49.91	0.437	0.473	469	492	-0.571545	0.065041	
A/Anas_platyrhynchos/jiuj	0.2861	0.2836	0.4031	0.2650	0.154	-0.024	0.412	51.21	0.435	0.473	476	499	-0.536874	0.064128	
A/Anhui/1/2006_H5N1|GCA_0	0.2962	0.2582	0.3936	0.2939	0.152	-0.070	0.386	49.14	0.435	0.472	469	492	-0.571545	0.065041	
A/Anhui/1/2007_H5N1|GCA_0	0.2937	0.2557	0.4027	0.2899	0.151	-0.072	0.385	51.14	0.429	0.472	468	492	-0.566260	0.063008	
A/Anhui/2/2005_H5N1|GCA_0	0.2911	0.2658	0.3989	0.2853	0.155	-0.044	0.401	49.19	0.435	0.472	469	492	-0.571545	0.065041	
A/Anser_cygnoides/China/P	0.2901	0.2697	0.3883	0.2939	0.151	-0.066	0.389	50.40	0.444	0.476	468	492	-0.575000	0.063008	
A/Anser_fabalis/jiujiang/	0.2861	0.2836	0.4031	0.2650	0.154	-0.024	0.412	51.21	0.435	0.473	476	499	-0.536874	0.064128	
A/Anser_fabalis/jiujiang/	0.2861	0.2836	0.4031	0.2650	0.154	-0.024	0.412	51.21	0.435	0.473	476	499	-0.536874	0.064128	
A/Anser_fabalis/jiujiang/	0.2861	0.2836	0.4031	0.2650	0.154	-0.024	0.412	51.21	0.435	0.473	476	499	-0.536874	0.064128	
A/Duck/Jiangxi/631/2024_H	0.2962	0.2734	0.3942	0.2722	0.155	-0.014	0.418	51.07	0.433	0.474	469	492	-0.564838	0.065041	
A/Guangdong/1/2008_H5N1|G	0.2886	0.2658	0.3936	0.2939	0.151	-0.059	0.392	48.78	0.441	0.474	469	492	-0.571545	0.065041	
A/Guangdong/2/2006_H5N1|G	0.2929	0.2601	0.3856	0.3017	0.152	-0.066	0.388	50.74	0.443	0.478	469	492	-0.578456	0.065041	
A/Guangxi/1/2005_H5N1|GCA	0.2897	0.2645	0.3867	0.3006	0.154	-0.058	0.392	50.65	0.446	0.478	469	492	-0.575407	0.065041	
A/Guangxi/1/2008_H5N1|GCA	0.2980	0.2525	0.3803	0.3121	0.151	-0.070	0.386	50.46	0.443	0.476	469	492	-0.567073	0.065041	
A/Guizhou/1/2009_H5N1|GCA	0.3013	0.2532	0.3877	0.3052	0.156	-0.042	0.403	49.10	0.437	0.472	469	492	-0.555691	0.067073	
A/Hunan/1/2008_H5N1|GCA_0	0.2843	0.2716	0.3936	0.2931	0.154	-0.055	0.394	49.76	0.446	0.475	469	492	-0.570935	0.065041	
A/Hunan/2/2009_H5N1|GCA_0	0.3038	0.2506	0.3893	0.2997	0.155	-0.052	0.397	50.88	0.433	0.473	469	492	-0.569106	0.067073	
A/Japanese_white-eye/Taoy	0.2861	0.2734	0.3830	0.2997	0.156	-0.054	0.394	50.42	0.452	0.480	469	492	-0.571951	0.063008	
A/Nanjing/1/2015_H5N1|GCA	0.3030	0.2525	0.3670	0.3217	0.145	-0.077	0.382	50.50	0.450	0.475	469	492	-0.566464	0.065041	
A/Shandong/1/2009_H5N1|GC	0.2861	0.2709	0.3910	0.2923	0.153	-0.058	0.392	49.85	0.446	0.476	469	492	-0.578659	0.065041	
A/Spatula_querquedula/cho	0.2861	0.2836	0.4031	0.2650	0.154	-0.024	0.412	51.21	0.435	0.473	476	499	-0.536874	0.064128	
A/Wild_bird/Huadong/CM120	0.3005	0.2500	0.3660	0.3266	0.141	-0.092	0.373	50.56	0.452	0.477	469	492	-0.555894	0.065041	
A/Wild_bird/Huadong/DT10/	0.2911	0.2684	0.3989	0.2824	0.152	-0.063	0.390	51.40	0.435	0.474	469	492	-0.570325	0.063008	
A/Wild_bird/Huadong/JYWB4	0.2861	0.2709	0.3803	0.3055	0.157	-0.055	0.394	50.77	0.454	0.480	469	492	-0.570325	0.063008	
A/Xinjiang/1/2009_H5N1|GC	0.2778	0.2803	0.3830	0.2997	0.152	-0.054	0.394	50.72	0.458	0.482	469	492	-0.567683	0.065041	
A/avian/Hong_Kong/0719/20	0.2929	0.2601	0.3803	0.3084	0.153	-0.066	0.388	50.72	0.448	0.478	469	492	-0.567683	0.065041	
A/avian/Hong_Kong/1993/20	0.2929	0.2601	0.3803	0.3084	0.153	-0.066	0.388	50.72	0.448	0.478	469	492	-0.567683	0.065041	
A/avian/Hong_Kong/2372/20	0.2929	0.2601	0.3856	0.3026	0.153	-0.066	0.388	50.51	0.443	0.477	469	492	-0.567683	0.065041	
A/bar-headed_goose/Qingha	0.2824	0.2748	0.3947	0.2928	0.157	-0.058	0.393	51.22	0.447	0.474	468	492	-0.582724	0.065041	
A/bar-headed_goose/Tibet/	0.2778	0.2727	0.3936	0.2986	0.151	-0.063	0.390	51.05	0.450	0.477	469	492	-0.571545	0.065041	
A/brown-headed_gull/Qingh	0.2785	0.2785	0.3846	0.2997	0.151	-0.078	0.382	51.06	0.456	0.480	469	492	-0.560163	0.065041	
A/brown-headed_gull/Qingh	0.2879	0.2727	0.3830	0.2977	0.149	-0.085	0.377	51.13	0.450	0.478	469	492	-0.560163	0.067073	
A/chicken/China/Cangzhou0	0.2843	0.2843	0.3979	0.2707	0.153	-0.023	0.413	50.30	0.440	0.475	475	498	-0.542972	0.064257	
A/chicken/China/E93/2012_	0.3023	0.2519	0.3942	0.2931	0.156	-0.064	0.389	51.53	0.429	0.474	471	492	-0.550407	0.063008	
A/chicken/China/E96/2012_	0.3023	0.2494	0.3995	0.2894	0.154	-0.070	0.384	51.48	0.425	0.472	471	492	-0.546138	0.063008	
A/chicken/Eastern_China/Z	0.2810	0.2734	0.4053	0.2832	0.153	-0.051	0.397	49.15	0.439	0.472	469	492	-0.577033	0.065041	
A/chicken/Eastern_China/Z	0.2835	0.2709	0.4027	0.2861	0.153	-0.059	0.392	48.56	0.439	0.472	469	492	-0.577033	0.065041	
A/chicken/Fujian/1/2007_H	0.2872	0.2594	0.3856	0.3066	0.150	-0.068	0.386	51.22	0.448	0.482	469	492	-0.587602	0.067073	
A/chicken/Gansu/5/2012_H5	0.3131	0.2449	0.3899	0.2931	0.155	-0.068	0.387	51.47	0.423	0.472	470	492	-0.570732	0.063008	
A/chicken/Gansu/6/2012_H5	0.3023	0.2519	0.3942	0.2931	0.156	-0.064	0.389	51.53	0.429	0.474	471	492	-0.550407	0.063008	
A/chicken/Guangdong/1/200	0.2906	0.2615	0.3882	0.3017	0.153	-0.062	0.390	51.21	0.444	0.475	487	510	-0.575490	0.062745	
A/chicken/Guangxi/S2039/2	0.2861	0.2709	0.3856	0.2997	0.155	-0.051	0.397	51.05	0.450	0.478	469	492	-0.575407	0.063008	
A/chicken/Guizhou/7/2008_	0.2861	0.2684	0.3895	0.2934	0.157	-0.041	0.402	49.39	0.445	0.478	470	492	-0.561179	0.067073	
A/chicken/Hebei/A-8/2009_	0.2904	0.2626	0.3820	0.3075	0.154	-0.056	0.394	49.60	0.449	0.478	470	492	-0.578659	0.065041	
A/chicken/Henan/A-7/2006_	0.2962	0.2582	0.3868	0.2963	0.150	-0.070	0.385	52.27	0.438	0.477	470	493	-0.563692	0.064909	
A/chicken/Huadong/4/2008_	0.2980	0.2576	0.3926	0.2931	0.155	-0.057	0.394	50.64	0.434	0.474	470	492	-0.571951	0.065041	
A/chicken/Hubei/2856/2007	0.2937	0.2684	0.3750	0.3055	0.154	-0.047	0.399	50.03	0.452	0.478	469	492	-0.575000	0.065041	
A/chicken/Hunan/1793/2007	0.2911	0.2633	0.3989	0.2882	0.153	-0.055	0.394	48.46	0.435	0.472	469	492	-0.570325	0.065041	
A/chicken/Hunan/21/2005_H	0.2861	0.2658	0.3936	0.2968	0.153	-0.051	0.397	49.73	0.443	0.475	469	492	-0.571545	0.065041	
A/chicken/Hunan/3/2007_H5	0.2879	0.2652	0.3873	0.2989	0.151	-0.073	0.384	50.84	0.446	0.478	469	492	-0.575000	0.063008	
A/chicken/Hunan/3157/2006	0.2937	0.2633	0.3899	0.2914	0.153	-0.048	0.399	50.16	0.439	0.475	469	492	-0.577236	0.065041	
A/chicken/Hunan/8/2008_H5	0.3030	0.2525	0.3767	0.3066	0.151	-0.076	0.382	51.30	0.441	0.478	469	492	-0.570935	0.065041	
A/chicken/Jiangsu/18/2008	0.2962	0.2608	0.3942	0.2894	0.155	-0.058	0.394	51.16	0.434	0.474	470	492	-0.565041	0.065041	
A/chicken/Jiangsu/2477/20	0.2778	0.2778	0.3920	0.2948	0.156	-0.055	0.394	50.54	0.452	0.480	469	492	-0.569716	0.063008	
A/chicken/Jiangsu/927/201	0.2835	0.2734	0.3830	0.3026	0.157	-0.051	0.397	51.29	0.454	0.480	469	492	-0.570325	0.063008	
A/chicken/Jiangsu/YB7/201	0.2980	0.2576	0.3617	0.3275	0.143	-0.089	0.375	50.73	0.458	0.478	469	492	-0.566464	0.065041	
A/chicken/Jiangsu/k0402/2	0.2879	0.2677	0.3856	0.2997	0.153	-0.058	0.392	50.11	0.448	0.478	469	492	-0.567683	0.065041	
A/chicken/Jiangxi/25/2011	0.2759	0.2835	0.3883	0.2939	0.158	-0.033	0.407	50.27	0.456	0.480	469	492	-0.575407	0.063008	
A/chicken/Liaoning/23/200	0.2879	0.2702	0.3883	0.2948	0.154	-0.047	0.399	51.22	0.446	0.477	469	492	-0.567073	0.065041	
A/chicken/Liaoning/A-1/20	0.2970	0.2589	0.3789	0.3020	0.145	-0.080	0.380	52.90	0.443	0.477	469	492	-0.561789	0.065041	
A/chicken/Liaoning/S4092/	0.3098	0.2443	0.3942	0.2923	0.155	-0.072	0.384	50.72	0.423	0.472	471	492	-0.566057	0.063008	
A/chicken/Ningxia/2/2012_	0.3123	0.2443	0.3836	0.3009	0.156	-0.065	0.389	51.38	0.429	0.474	471	492	-0.566057	0.063008	
A/chicken/Ningxia/222/201	0.3123	0.2443	0.3862	0.2980	0.156	-0.065	0.389	51.30	0.427	0.473	471	492	-0.566057	0.063008	
A/chicken/Ningxia/24/2006	0.3046	0.2513	0.3826	0.3000	0.150	-0.073	0.384	52.67	0.435	0.474	469	492	-0.562195	0.065041	
A/chicken/North_China/k06	0.2810	0.2734	0.4080	0.2803	0.152	-0.063	0.390	49.07	0.437	0.470	469	492	-0.582114	0.065041	
A/chicken/Shandong/A-10/2	0.2987	0.2532	0.3780	0.3068	0.150	-0.056	0.394	52.12	0.443	0.478	470	492	-0.594512	0.065041	
A/chicken/Shantou/3744/20	0.2879	0.2702	0.3936	0.2882	0.154	-0.058	0.392	51.18	0.441	0.475	469	492	-0.572968	0.065041	
A/chicken/Shanxi/10/2006_	0.3020	0.2538	0.3905	0.2906	0.148	-0.072	0.384	52.56	0.431	0.474	469	492	-0.563618	0.065041	
A/chicken/Sheny/0606/2008	0.2970	0.2614	0.3852	0.2943	0.149	-0.058	0.392	53.49	0.439	0.476	469	492	-0.561382	0.065041	
A/chicken/Sichuan/81/2005	0.2911	0.2658	0.3899	0.2931	0.155	-0.044	0.401	49.56	0.441	0.475	469	492	-0.566057	0.065041	
A/chicken/Wuhan/HAQL07/20	0.2980	0.2576	0.3644	0.3246	0.143	-0.089	0.375	50.63	0.456	0.477	469	492	-0.566464	0.065041	
A/chicken/Wuhan/HAQL16/20	0.2980	0.2576	0.3644	0.3246	0.143	-0.089	0.375	50.63	0.456	0.477	469	492	-0.566464	0.065041	
A/chicken/Wuxi/WX-32/2013	0.2911	0.2759	0.3803	0.2931	0.158	-0.044	0.401	50.74	0.450	0.480	469	492	-0.563008	0.065041	
A/chicken/Wuxi/WX-33/2013	0.2897	0.2720	0.3904	0.2890	0.153	-0.065	0.388	50.06	0.443	0.478	469	492	-0.562805	0.069106	
A/chicken/Xinjiang/17/200	0.2955	0.2652	0.3936	0.2853	0.151	-0.054	0.394	52.43	0.435	0.472	469	492	-0.572764	0.065041	
A/chicken/Xinjiang/27/200	0.2987	0.2633	0.3830	0.2968	0.154	-0.063	0.390	52.81	0.441	0.475	469	492	-0.566464	0.065041	
A/chicken/Xinjiang/53/200	0.2987	0.2633	0.3856	0.2939	0.154	-0.059	0.392	52.80	0.439	0.474	469	492	-0.566464	0.065041	
A/chicken/Xinjiang/54/200	0.2955	0.2652	0.3883	0.2911	0.151	-0.058	0.392	52.90	0.439	0.474	469	492	-0.576016	0.065041	
A/chicken/Xinjiang/67/200	0.2987	0.2633	0.3883	0.2911	0.154	-0.059	0.392	52.70	0.437	0.474	469	492	-0.566464	0.065041	
A/chicken/Xinjiang/68/200	0.2970	0.2640	0.3893	0.2911	0.153	-0.065	0.389	52.85	0.438	0.474	468	492	-0.571748	0.065041	
A/chicken/Yunnan/1/2014_H	0.2901	0.2697	0.3856	0.2968	0.152	-0.062	0.391	50.34	0.447	0.477	468	492	-0.575000	0.063008	
A/chicken/Yunnan/207/2004	0.2929	0.2601	0.3883	0.2997	0.154	-0.058	0.392	50.33	0.441	0.476	469	492	-0.567683	0.065041	
A/chicken/Yunnan/5686/200	0.2904	0.2626	0.3883	0.2997	0.154	-0.058	0.392	50.25	0.443	0.477	469	492	-0.567683	0.065041	
A/chicken/Yunnan/6797/200	0.2879	0.2652	0.3883	0.2997	0.155	-0.054	0.394	50.30	0.446	0.478	469	492	-0.567683	0.065041	
A/chicken/Yunnan/6885/200	0.2879	0.2652	0.3883	0.2997	0.155	-0.054	0.394	50.12	0.446	0.478	469	492	-0.567683	0.065041	
A/condor/Guangdong/139/20	0.2864	0.2638	0.3836	0.3066	0.154	-0.064	0.389	50.96	0.450	0.480	471	492	-0.567480	0.065041	
A/domestic_green-winged_t	0.2893	0.2768	0.4121	0.2600	0.155	-0.027	0.411	50.84	0.425	0.471	475	498	-0.552410	0.064257	
A/duck/Anhui/56/2005_H5N1	0.2987	0.2582	0.3936	0.2902	0.153	-0.065	0.388	49.26	0.433	0.471	469	492	-0.580488	0.065041	
A/duck/China/0935/2017_H5	0.2886	0.2684	0.3936	0.2911	0.155	-0.055	0.394	50.39	0.441	0.476	469	492	-0.570325	0.063008	
A/duck/China/1033/2017_H5	0.2886	0.2684	0.3936	0.2911	0.156	-0.052	0.397	50.37	0.441	0.476	469	492	-0.562805	0.063008	
A/duck/China/E26/2012_H5N	0.2904	0.2677	0.3740	0.3075	0.154	-0.050	0.397	50.41	0.454	0.480	469	492	-0.557317	0.065041	
A/duck/China/E53/2012_H5N	0.2854	0.2677	0.3936	0.2939	0.149	-0.069	0.386	51.54	0.443	0.476	469	492	-0.572764	0.065041	
A/duck/Eastern_China/057/	0.2734	0.2785	0.3984	0.2948	0.153	-0.047	0.399	49.43	0.452	0.475	469	492	-0.589025	0.065041	
A/duck/Eastern_China/108/	0.2700	0.2850	0.4289	0.2557	0.160	-0.033	0.407	50.38	0.428	0.468	474	498	-0.552410	0.064257	
A/duck/Eastern_China/909/	0.2725	0.2900	0.3990	0.2764	0.166	-0.019	0.416	48.16	0.449	0.480	474	498	-0.557430	0.064257	
A/duck/Guangdong/23/2004_	0.2879	0.2652	0.3899	0.2968	0.154	-0.058	0.392	50.75	0.443	0.478	469	492	-0.551423	0.065041	
A/duck/Hubei/2911/2007_H5	0.2854	0.2702	0.3820	0.3009	0.151	-0.054	0.394	50.22	0.452	0.479	469	492	-0.568699	0.065041	
A/duck/Hubei/49/2005_H5N1	0.2886	0.2684	0.3936	0.2911	0.154	-0.048	0.399	49.98	0.441	0.474	469	492	-0.571545	0.065041	
A/duck/Hubei/xn/2007_H5N1	0.2854	0.2677	0.3936	0.2939	0.151	-0.073	0.384	50.57	0.443	0.477	469	492	-0.567683	0.065041	
A/duck/Hunan/3/2007_H5N1|	0.2879	0.2652	0.3883	0.2997	0.151	-0.073	0.384	50.78	0.446	0.478	469	492	-0.567683	0.065041	
A/duck/Hunan/316/2005_H5N	0.2937	0.2633	0.3926	0.2902	0.154	-0.051	0.397	50.02	0.437	0.474	469	492	-0.566057	0.065041	
A/duck/Hunan/3315/2006_H5	0.2810	0.2734	0.3936	0.2931	0.153	-0.047	0.399	49.85	0.448	0.476	469	492	-0.572155	0.065041	
A/duck/Hunan/689/2006_H5N	0.2937	0.2633	0.3899	0.2931	0.154	-0.051	0.397	50.02	0.439	0.474	469	492	-0.566057	0.065041	
A/duck/Hunan/733/2004_H5N	0.2904	0.2601	0.3910	0.2997	0.149	-0.073	0.384	49.81	0.441	0.476	469	492	-0.567683	0.065041	
A/duck/Hunan/8/2008_H5N1|	0.2818	0.2818	0.3789	0.3009	0.159	-0.034	0.406	49.83	0.459	0.481	475	498	-0.548193	0.064257	
A/duck/Hunan/S4020/2008_H	0.2778	0.2778	0.3856	0.2997	0.150	-0.058	0.392	51.61	0.456	0.481	469	492	-0.567683	0.065041	
A/duck/Hunan/S4030/2011_H	0.2854	0.2677	0.3963	0.2928	0.148	-0.066	0.388	50.32	0.441	0.476	469	492	-0.566464	0.065041	
A/duck/Hunan/S4150/2011_H	0.2955	0.2601	0.3777	0.3084	0.151	-0.062	0.390	50.60	0.448	0.478	469	492	-0.567683	0.065041	
A/duck/Hunan/S4220/2011_H	0.2835	0.2759	0.3936	0.2882	0.155	-0.049	0.399	51.46	0.446	0.477	469	492	-0.580285	0.063008	
A/duck/Jiangxi/120/2011_H	0.2835	0.2709	0.4069	0.2795	0.151	-0.063	0.390	49.11	0.435	0.470	469	492	-0.576626	0.065041	
A/duck/Jiangxi/130/2011_H	0.2929	0.2626	0.3750	0.3112	0.151	-0.058	0.392	50.78	0.452	0.480	469	492	-0.571545	0.063008	
A/duck/Jiangxi/34/2011_H5	0.2759	0.2835	0.3873	0.2931	0.159	-0.029	0.409	50.26	0.456	0.481	469	492	-0.569716	0.063008	
A/duck/Jiangxi/35/2011_H5	0.2886	0.2759	0.3846	0.2902	0.156	-0.040	0.403	50.19	0.448	0.478	469	492	-0.569919	0.063008	
A/duck/Jiangxi/44/2011_H5	0.3071	0.2589	0.4048	0.2657	0.148	-0.065	0.388	50.06	0.416	0.469	469	492	-0.557317	0.065041	
A/duck/Jiangxi/80/2005_H5	0.2944	0.2640	0.3883	0.2968	0.155	-0.048	0.399	49.62	0.441	0.474	469	492	-0.570325	0.065041	
A/duck/Jilin/JL-SIV/2013_	0.2893	0.2690	0.3920	0.2957	0.150	-0.063	0.390	49.71	0.443	0.473	469	492	-0.569919	0.067073	
A/duck/Nanchang/9789/2013	0.2843	0.2716	0.3893	0.2977	0.151	-0.054	0.395	50.95	0.449	0.478	468	492	-0.575000	0.063008	
A/duck/Shandong/009/2008_	0.2875	0.2750	0.3921	0.2894	0.155	-0.053	0.396	48.98	0.444	0.473	475	498	-0.552610	0.064257	
A/duck/Sichuan/NCXN10/201	0.2843	0.2766	0.3914	0.2936	0.153	-0.054	0.395	51.43	0.449	0.478	468	492	-0.573781	0.063008	
A/duck/Sichuan/NCXN11/201	0.2843	0.2766	0.3904	0.2928	0.153	-0.051	0.397	50.86	0.449	0.478	468	492	-0.580488	0.063008	
A/duck/Wenzhou/YJYF33/201	0.3005	0.2551	0.3644	0.3246	0.144	-0.077	0.382	50.49	0.454	0.476	469	492	-0.566464	0.065041	
A/duck/Yunnan/4072/2003_H	0.2879	0.2652	0.3883	0.2997	0.154	-0.058	0.392	50.40	0.446	0.478	469	492	-0.567683	0.065041	
A/duck/Yunnan/426/2004_H5	0.2904	0.2626	0.3883	0.2997	0.154	-0.058	0.392	50.25	0.443	0.477	469	492	-0.567683	0.065041	
A/duck/Yunnan/4645/2003_H	0.2879	0.2652	0.3883	0.2997	0.154	-0.058	0.392	50.40	0.446	0.478	469	492	-0.567683	0.065041	
A/duck/Yunnan/47/2006_H5N	0.2861	0.2658	0.3803	0.3112	0.154	-0.051	0.397	51.32	0.454	0.480	469	492	-0.566464	0.065041	
A/duck/Yunnan/485/2004_H5	0.2929	0.2601	0.3883	0.2997	0.154	-0.058	0.392	50.33	0.441	0.476	469	492	-0.567683	0.065041	
A/duck/Yunnan/4873/2006_H	0.2835	0.2684	0.3856	0.3064	0.154	-0.048	0.399	50.73	0.452	0.478	469	492	-0.565854	0.065041	
A/duck/Yunnan/5090/2003_H	0.2879	0.2652	0.3883	0.2997	0.154	-0.058	0.392	50.40	0.446	0.478	469	492	-0.567683	0.065041	
A/duck/Yunnan/5169/2003_H	0.2879	0.2652	0.3883	0.2997	0.154	-0.058	0.392	50.40	0.446	0.478	469	492	-0.567683	0.065041	
A/duck/Yunnan/522/2004_H5	0.2904	0.2626	0.3883	0.2997	0.154	-0.058	0.392	50.25	0.443	0.477	469	492	-0.567683	0.065041	
A/duck/Yunnan/5310/2006_H	0.3013	0.2582	0.3873	0.2931	0.153	-0.051	0.397	49.82	0.435	0.472	469	492	-0.571342	0.065041	
A/duck/Yunnan/5948/2003_H	0.2904	0.2626	0.3883	0.2997	0.154	-0.058	0.392	50.25	0.443	0.477	469	492	-0.567683	0.065041	
A/duck/Yunnan/6080/2003_H	0.2904	0.2626	0.3883	0.2997	0.154	-0.062	0.390	50.19	0.443	0.477	469	492	-0.567683	0.065041	
A/duck/Yunnan/6603/2003_H	0.2904	0.2626	0.3893	0.3006	0.154	-0.058	0.392	50.24	0.443	0.476	469	492	-0.573171	0.065041	
A/duck/Zhejiang/1220092/2	0.2810	0.2759	0.3910	0.2939	0.157	-0.048	0.399	50.84	0.450	0.479	469	492	-0.570325	0.063008	
A/duck/Zhejiang/213/2011_	0.2835	0.2759	0.3856	0.2968	0.156	-0.048	0.399	50.28	0.452	0.479	469	492	-0.575407	0.063008	
A/duck/Zhejiang/224/2011_	0.2785	0.2810	0.3856	0.2977	0.157	-0.041	0.403	49.56	0.456	0.480	469	492	-0.574797	0.063008	
A/duck/Zhejiang/2242/2011	0.2810	0.2785	0.3856	0.2977	0.156	-0.044	0.401	49.70	0.454	0.479	469	492	-0.574797	0.063008	
A/duck/Zhejiang/2243/2011	0.2785	0.2810	0.3856	0.2977	0.157	-0.041	0.403	49.56	0.456	0.480	469	492	-0.574797	0.063008	
A/duck/Zhejiang/2244/2011	0.2785	0.2810	0.3856	0.2977	0.157	-0.041	0.403	49.56	0.456	0.480	469	492	-0.574797	0.063008	
A/duck/Zhejiang/2245/2011	0.3063	0.2532	0.4259	0.2500	0.153	-0.066	0.388	49.74	0.399	0.463	469	492	-0.559960	0.065041	
A/duck/Zhejiang/2248/2011	0.2785	0.2810	0.3856	0.2977	0.157	-0.041	0.403	49.56	0.456	0.480	469	492	-0.574797	0.063008	
A/equine/China/61/2010_H5	0.2897	0.2620	0.3830	0.3055	0.152	-0.066	0.388	50.83	0.448	0.479	469	492	-0.561382	0.065041	
A/equine/China/67/2010_H5	0.2897	0.2620	0.3830	0.3055	0.152	-0.066	0.388	50.83	0.448	0.479	469	492	-0.561382	0.065041	
A/equine/China/68/2010_H5	0.2897	0.2620	0.3830	0.3055	0.150	-0.069	0.386	51.13	0.448	0.478	469	492	-0.561382	0.065041	
A/goose/China/E43/2012_H5	0.2785	0.2835	0.3830	0.2968	0.159	-0.029	0.409	50.24	0.458	0.481	469	492	-0.579878	0.063008	
A/goose/Eastern_China/223	0.2792	0.2741	0.4053	0.2861	0.154	-0.052	0.397	49.07	0.441	0.473	469	492	-0.575813	0.065041	
A/goose/GuangDong/1189/20	0.2987	0.2734	0.3995	0.2636	0.156	-0.011	0.420	50.48	0.426	0.473	469	492	-0.559756	0.065041	
A/goose/Guangdong/72/2004	0.2997	0.2519	0.3856	0.3026	0.151	-0.058	0.392	50.81	0.437	0.476	469	492	-0.561382	0.065041	
A/goose/Hubei/65/2005_H5N	0.2962	0.2608	0.3936	0.2911	0.153	-0.055	0.394	49.44	0.435	0.472	469	492	-0.571545	0.065041	
A/goose/Inner_Mongolia/IM	0.2911	0.2759	0.3979	0.2709	0.155	-0.047	0.400	50.04	0.434	0.474	468	492	-0.564228	0.065041	
A/goose/Jiangsu/k0403/201	0.2904	0.2677	0.3873	0.2939	0.147	-0.088	0.375	50.90	0.443	0.476	469	492	-0.561382	0.065041	
A/goose/Yunnan/3798/2006_	0.2886	0.2658	0.3830	0.3064	0.154	-0.055	0.394	50.68	0.450	0.478	469	492	-0.565854	0.065041	
A/goose/Yunnan/4371/2006_	0.2835	0.2684	0.3856	0.3055	0.156	-0.048	0.399	50.93	0.452	0.479	469	492	-0.566464	0.065041	
A/goose/Yunnan/4389/2006_	0.2835	0.2684	0.3856	0.3055	0.156	-0.048	0.399	50.93	0.452	0.479	469	492	-0.566464	0.065041	
A/goose/Yunnan/4985/2006_	0.2835	0.2684	0.3856	0.3064	0.154	-0.048	0.399	50.73	0.452	0.478	469	492	-0.565854	0.065041	
A/goose/Yunnan/5141/2006_	0.2955	0.2576	0.3803	0.3084	0.153	-0.066	0.388	50.58	0.446	0.478	469	492	-0.567683	0.065041	
A/goose/Yunnan/5769/2006_	0.3020	0.2614	0.3846	0.2931	0.156	-0.045	0.401	50.07	0.437	0.473	469	492	-0.570122	0.065041	
A/goose/Yunnan/5979/2006_	0.3020	0.2614	0.3846	0.2931	0.156	-0.045	0.401	50.07	0.437	0.473	469	492	-0.570122	0.065041	
A/goose/Yunnan/6193/2006_	0.2904	0.2626	0.3750	0.3141	0.154	-0.059	0.392	51.52	0.454	0.481	469	492	-0.572561	0.065041	
A/goose/Zhejiang/112071/2	0.2810	0.2734	0.3910	0.2968	0.156	-0.059	0.392	50.68	0.450	0.479	469	492	-0.570325	0.063008	
A/goose/Zhejiang/727098/2	0.2835	0.2709	0.3856	0.3026	0.154	-0.059	0.392	51.52	0.452	0.480	469	492	-0.570325	0.063008	
A/great_black-headed_gull	0.2821	0.2720	0.3846	0.2989	0.152	-0.073	0.384	50.89	0.452	0.481	469	492	-0.554675	0.065041	
A/great_crested-grebe/Qin	0.2843	0.2743	0.3889	0.2968	0.149	-0.083	0.378	50.46	0.449	0.476	474	498	-0.569277	0.064257	
A/great_egret/Hong_Kong/8	0.2854	0.2727	0.3830	0.2997	0.155	-0.047	0.399	51.09	0.452	0.480	469	492	-0.567683	0.065041	
A/great_tit/Panjing/PJ-66	0.2929	0.2626	0.3750	0.3112	0.149	-0.058	0.392	51.20	0.452	0.479	469	492	-0.567683	0.065041	
A/grey_heron/Hong_Kong/10	0.2854	0.2727	0.3963	0.2853	0.154	-0.047	0.399	51.30	0.441	0.476	469	492	-0.567683	0.065041	
A/grey_heron/Hong_Kong/30	0.2854	0.2727	0.3803	0.3026	0.153	-0.051	0.397	51.12	0.454	0.480	469	492	-0.567683	0.065041	
A/hill_myna/Heilongjiang/	0.2810	0.2785	0.3830	0.2997	0.157	-0.048	0.399	50.64	0.456	0.481	469	492	-0.570325	0.063008	
A/lesser_kestrel/Heilongj	0.2962	0.2608	0.3862	0.2943	0.153	-0.057	0.392	50.55	0.439	0.474	469	492	-0.547968	0.067073	
A/lion/Hubei/1-2/2016_H5N	0.2980	0.2601	0.3670	0.3188	0.148	-0.070	0.386	50.47	0.454	0.476	469	492	-0.566464	0.065041	
A/little_egret/Hong_Kong/	0.2879	0.2652	0.3926	0.2931	0.152	-0.054	0.394	51.27	0.441	0.477	469	492	-0.562195	0.065041	
A/magpie_robin/Hong_Kong/	0.2861	0.2734	0.3910	0.2911	0.155	-0.044	0.401	50.78	0.446	0.477	469	492	-0.575407	0.063008	
A/magpie_robin/Hong_Kong/	0.2835	0.2759	0.3910	0.2911	0.155	-0.044	0.401	50.77	0.448	0.478	469	492	-0.575407	0.063008	
A/meerkat/Shanghai/SH-1/2	0.2828	0.2778	0.3873	0.2931	0.157	-0.049	0.398	50.86	0.451	0.480	470	492	-0.575610	0.063008	
A/mink/China/G/2015_H5N1|	0.2785	0.2810	0.3830	0.2997	0.159	-0.037	0.405	50.10	0.458	0.481	469	492	-0.575407	0.063008	
A/mink/China/XB/2015_H5N1	0.3005	0.2551	0.3697	0.3188	0.143	-0.081	0.380	50.88	0.450	0.475	469	492	-0.566464	0.065041	
A/mink/Eastern_China/0712	0.3061	0.2500	0.4748	0.2098	0.149	-0.100	0.370	50.62	0.364	0.449	470	492	-0.572155	0.060976	
A/ostrich/Suzhou/097/2003	0.2904	0.2601	0.3910	0.2997	0.152	-0.073	0.384	51.09	0.441	0.476	469	492	-0.567683	0.065041	
A/parrot/Guangdong/C99/20	0.2854	0.2677	0.3910	0.2968	0.155	-0.054	0.394	51.03	0.446	0.478	469	492	-0.567683	0.065041	
A/partridge/Shantou/2886/	0.3033	0.2531	0.4289	0.2536	0.154	-0.048	0.400	49.23	0.400	0.461	473	498	-0.549598	0.064257	
A/peacock/Yunnan/1/2015_H	0.3133	0.2431	0.3656	0.3178	0.146	-0.076	0.377	51.57	0.441	0.474	467	491	-0.559674	0.065173	
A/peacock/Yunnan/3/2015_H	0.3058	0.2506	0.3666	0.3206	0.146	-0.070	0.381	51.05	0.448	0.475	467	491	-0.557027	0.065173	
A/peregrine_falcon/Hong_K	0.2734	0.2785	0.3989	0.2911	0.152	-0.051	0.397	49.44	0.450	0.476	469	492	-0.571545	0.065041	
A/pheasant/Shantou/3535/2	0.2911	0.2633	0.3952	0.2902	0.156	-0.059	0.392	50.73	0.437	0.475	469	492	-0.560976	0.065041	
A/pheasant/Shantou/4567/2	0.2929	0.2601	0.3936	0.2939	0.155	-0.062	0.390	50.95	0.437	0.475	469	492	-0.567683	0.065041	
A/pied_megpie/Liaoning/7/	0.2937	0.2759	0.3893	0.2841	0.157	-0.039	0.403	51.65	0.441	0.476	469	492	-0.591870	0.065041	
A/pigeon/Hubei/RP25/2012_	0.2835	0.2709	0.3989	0.2874	0.157	-0.044	0.401	49.78	0.441	0.473	469	492	-0.590447	0.065041	
A/pigeon/Sichuan/NCXN29/2	0.2843	0.2766	0.3904	0.2928	0.153	-0.051	0.397	50.86	0.449	0.478	468	492	-0.580488	0.063008	
A/pigeon/Zhejiang/112089/	0.2810	0.2759	0.3910	0.2939	0.157	-0.048	0.399	50.84	0.450	0.479	469	492	-0.570325	0.063008	
A/pigeon/Zhejiang/112090/	0.2810	0.2759	0.3910	0.2939	0.155	-0.059	0.392	50.87	0.450	0.479	469	492	-0.570325	0.063008	
A/pigeon/Zhejiang/727097/	0.2835	0.2709	0.3856	0.3026	0.154	-0.059	0.392	51.52	0.452	0.480	469	492	-0.570325	0.063008	
A/plateau_pika/Qinghai/04	0.3033	0.2556	0.4184	0.2615	0.156	-0.040	0.404	49.88	0.408	0.464	473	498	-0.550803	0.064257	
A/quail/Guangxi/11/2002_H	0.3190	0.2278	0.4048	0.2865	0.153	-0.073	0.384	51.34	0.405	0.466	469	492	-0.552236	0.065041	
A/quail/Guangxi/12/2002_H	0.3190	0.2278	0.4048	0.2865	0.153	-0.073	0.384	51.34	0.405	0.466	469	492	-0.552236	0.065041	
A/quail/Guangxi/13/2002_H	0.3190	0.2278	0.4048	0.2865	0.153	-0.073	0.384	51.34	0.405	0.466	469	492	-0.552236	0.065041	
A/quail/Nanchang/6631/201	0.2843	0.2716	0.3920	0.2948	0.152	-0.051	0.397	50.60	0.447	0.478	468	492	-0.575000	0.063008	
A/shrike/Tibet/13/2006_H5	0.2937	0.2633	0.3873	0.2960	0.154	-0.048	0.399	49.66	0.441	0.475	469	492	-0.566057	0.065041	
A/silky_chicken/Shantou/4	0.2904	0.2626	0.3856	0.3026	0.154	-0.062	0.390	50.57	0.446	0.478	469	492	-0.567683	0.065041	
A/swan/Shanghai/10/2009_H	0.2854	0.2702	0.3777	0.3084	0.156	-0.049	0.399	50.51	0.456	0.481	469	492	-0.557724	0.065041	
A/swine/Guangxi/592/2011_	0.2785	0.2810	0.3883	0.2948	0.158	-0.037	0.405	50.22	0.454	0.479	469	492	-0.573984	0.063008	
A/swine/Jiangsu/1/2008_H5	0.2972	0.2569	0.4005	0.2882	0.152	-0.073	0.384	50.66	0.429	0.472	471	492	-0.563821	0.065041	
A/swine/Jiangsu/2/2009_H5	0.2886	0.2684	0.3989	0.2853	0.148	-0.066	0.388	49.94	0.437	0.473	469	492	-0.571342	0.065041	
A/swine/Shandong/SD1/2014	0.2915	0.2739	0.4042	0.2686	0.155	-0.047	0.400	50.65	0.429	0.469	473	498	-0.556626	0.064257	
A/swine/Zhejiang/SW57/201	0.2835	0.2709	0.3856	0.3026	0.154	-0.059	0.392	51.52	0.452	0.480	469	492	-0.570325	0.063008	
A/tiger/Yunnan/tig1404/20	0.2843	0.2741	0.3893	0.2948	0.152	-0.058	0.393	50.81	0.449	0.478	468	492	-0.575000	0.063008	
A/tiger/Yunnan/tig1412/20	0.2843	0.2741	0.3867	0.2977	0.152	-0.058	0.393	51.00	0.451	0.478	468	492	-0.575000	0.063008	
A/tiger/Yunnan/tig1508/20	0.3131	0.2449	0.3590	0.3275	0.147	-0.081	0.380	49.97	0.448	0.474	469	492	-0.547968	0.065041	
A/turtle_dove/Guangdong/3	0.2893	0.2718	0.3868	0.2951	0.157	-0.041	0.402	49.34	0.446	0.474	475	498	-0.554618	0.064257	
A/waterfowl/Hong_Kong/378	0.3117	0.2394	0.4016	0.2886	0.153	-0.074	0.383	51.15	0.415	0.467	475	498	-0.540161	0.064257	
A/wild_duck/Fujian/1/2011	0.2796	0.2796	0.3856	0.2968	0.157	-0.044	0.400	50.72	0.455	0.481	470	492	-0.570122	0.063008	
A/wild_duck/Fujian/2/2011	0.2796	0.2796	0.3803	0.3026	0.157	-0.048	0.398	50.63	0.460	0.482	470	492	-0.570935	0.063008	
A/wild_duck/Jilin/HF/2011	0.2879	0.2702	0.3777	0.3055	0.152	-0.062	0.390	50.14	0.454	0.480	469	492	-0.567683	0.065041	
A/wild_duck/Jilin/ZF/2011	0.2843	0.2741	0.3936	0.2911	0.155	-0.040	0.403	50.37	0.446	0.475	469	492	-0.577846	0.065041	
A/wild_duck/Liaoning/8/20	0.2879	0.2702	0.3846	0.2968	0.155	-0.036	0.405	51.19	0.448	0.477	469	492	-0.560773	0.065041	
A/wild_duck/Shandong/1/20	0.2824	0.2824	0.4218	0.2500	0.160	-0.029	0.410	50.66	0.423	0.469	468	492	-0.563212	0.065041	
A/wild_duck/Shandong/2/20	0.2911	0.2658	0.3830	0.3026	0.156	-0.048	0.399	50.14	0.448	0.477	469	492	-0.571545	0.065041	
A/wild_duck/Shandong/628/	0.2824	0.2824	0.4218	0.2500	0.160	-0.033	0.408	50.36	0.423	0.469	468	492	-0.567886	0.063008	
A/Hong_Kong/486/97       	0.3652	0.2416	0.4066	0.2169	0.171	-0.012	0.399	46.99	0.362	0.451	218	226	-0.385841	0.039823	
A/Hong_Kong/538/97       	0.3708	0.2472	0.4078	0.2147	0.183	-0.001	0.408	46.68	0.362	0.447	218	226	-0.371239	0.044248	
A/Indonesia/5/2005       	0.3256	0.2791	0.4253	0.2138	0.183	0.015	0.420	52.92	0.387	0.457	212	221	-0.336652	0.049774	
A/Pheasant/Hong_Kong/FY15	0.3295	0.2717	0.3977	0.2548	0.187	0.025	0.425	52.87	0.410	0.466	212	221	-0.379185	0.045249	
A/Thailand/16/2004       	0.3237	0.2832	0.4023	0.2313	0.185	0.026	0.425	49.74	0.406	0.465	212	221	-0.333484	0.045249	
A/chicken/Indonesia/7/200	0.3295	0.2775	0.4162	0.2201	0.186	0.030	0.429	52.85	0.392	0.459	212	221	-0.358371	0.049774	
A/Chicken/HongKong/FY150/	0.3295	0.2717	0.4035	0.2484	0.187	0.025	0.425	53.07	0.406	0.465	212	221	-0.379185	0.045249	
A/Chicken/HongKong/YU822.	0.3295	0.2717	0.4046	0.2405	0.185	0.039	0.434	52.41	0.401	0.463	212	221	-0.391855	0.045249	
A/Chicken/HongKong/YU562/	0.3295	0.2717	0.3988	0.2453	0.189	0.030	0.429	53.56	0.406	0.468	212	221	-0.404072	0.045249	
A/chicken/Korea/ES/03    	0.3314	0.2733	0.4091	0.2236	0.184	0.037	0.429	51.12	0.392	0.463	212	221	-0.344796	0.036199	
A/Vietnam/UT3062/2004    	0.3237	0.2832	0.4080	0.2264	0.186	0.033	0.429	49.52	0.401	0.460	212	221	-0.372851	0.045249	
A/Hong_Kong/156/97       	0.3652	0.2416	0.4144	0.2121	0.172	-0.012	0.399	46.89	0.358	0.448	218	226	-0.399557	0.039823	
A/whooper_swan/Mongolia/2	0.3430	0.2674	0.4046	0.2372	0.184	-0.007	0.406	50.36	0.392	0.451	212	221	-0.348416	0.045249	
A/Hong_Kong/483/1997     	0.3652	0.2416	0.4167	0.2134	0.165	-0.019	0.394	47.49	0.358	0.444	218	226	-0.376991	0.039823	
A/Hong_Kong/482/97       	0.3652	0.2416	0.4088	0.2182	0.172	-0.012	0.399	46.89	0.362	0.450	218	226	-0.399557	0.039823	
A/Anas_platyrhynchos/Chon	0.3427	0.2640	0.4023	0.2353	0.132	-0.144	0.327	57.68	0.388	0.445	214	226	-0.332743	0.044248	
A/Anas_platyrhynchos/Jiuj	0.3427	0.2640	0.4023	0.2353	0.132	-0.144	0.327	57.68	0.388	0.445	214	226	-0.332743	0.044248	
A/Anhui/1/2005|EPI_ISL_24	0.3295	0.2832	0.3931	0.2405	0.199	0.053	0.443	48.74	0.410	0.462	212	221	-0.362896	0.049774	
A/Anhui/1/2006|EPI_ISL_73	0.3430	0.2674	0.3966	0.2390	0.190	0.040	0.434	48.93	0.396	0.457	212	221	-0.382353	0.045249	
A/Anhui/2/2005|EPI_ISL_24	0.3237	0.2890	0.3931	0.2405	0.200	0.061	0.448	48.74	0.415	0.463	212	221	-0.362896	0.049774	
A/Anser_cygnoides/China/P	0.3371	0.2686	0.4034	0.2250	0.179	0.027	0.423	51.96	0.390	0.460	213	221	-0.285520	0.045249	
A/Anser_fabalis/Jiujiang/	0.3427	0.2640	0.4023	0.2353	0.132	-0.144	0.327	57.68	0.388	0.445	214	226	-0.332743	0.044248	
A/Bar-headed_Goose/Qingha	0.3333	0.2759	0.4080	0.2250	0.190	0.032	0.427	49.52	0.394	0.465	213	221	-0.366968	0.049774	
A/Bar-headed_Goose/Tibet/	0.3220	0.2655	0.3855	0.2590	0.190	0.031	0.431	52.41	0.417	0.473	216	226	-0.434071	0.039823	
A/Bar-headed_Goose/Tibet/	0.3220	0.2655	0.3876	0.2606	0.189	0.024	0.426	52.57	0.417	0.472	216	226	-0.418142	0.044248	
A/Black_faced_Spoonbill/A	0.3258	0.2753	0.3966	0.2407	0.183	0.003	0.410	51.83	0.406	0.470	217	230	-0.326957	0.060870	
A/Black_Faced_Spoonbill/H	0.3333	0.2486	0.4011	0.2577	0.190	0.030	0.431	54.57	0.398	0.465	216	226	-0.426106	0.044248	
A/Black_Faced_Spoonbill/H	0.3277	0.2768	0.3966	0.2407	0.183	0.001	0.410	52.16	0.406	0.463	217	226	-0.323451	0.044248	
A/Black-necked_Grebe/Inne	0.3391	0.2759	0.4057	0.2188	0.183	0.028	0.423	48.60	0.390	0.463	213	221	-0.338914	0.045249	
A/Black-necked_Grebe/Inne	0.3314	0.2743	0.3977	0.2360	0.182	0.042	0.430	51.10	0.402	0.463	214	221	-0.321719	0.049774	
A/Black-necked_Grebe/Inne	0.3314	0.2743	0.3977	0.2360	0.181	0.040	0.430	50.80	0.402	0.462	214	221	-0.318100	0.049774	
A/Black-necked_Grebe/Inne	0.3314	0.2743	0.3977	0.2360	0.181	0.040	0.430	50.80	0.402	0.462	214	221	-0.318100	0.049774	
A/Black-necked_Grebe/Inne	0.3314	0.2743	0.3977	0.2360	0.182	0.042	0.430	51.10	0.402	0.463	214	221	-0.321719	0.049774	
A/Black-necked_Grebe/Inne	0.3314	0.2743	0.3977	0.2360	0.181	0.040	0.430	50.80	0.402	0.462	214	221	-0.318100	0.049774	
A/Black-necked_Grebe/Inne	0.3314	0.2743	0.3977	0.2360	0.181	0.040	0.430	50.80	0.402	0.462	214	221	-0.318100	0.049774	
A/Black-necked_Grebe/Inne	0.3314	0.2743	0.3977	0.2360	0.181	0.040	0.430	50.80	0.402	0.462	214	221	-0.318100	0.049774	
A/chicken/Anhui/S1740/202	0.3728	0.2426	0.3939	0.2303	0.188	0.019	0.422	53.28	0.373	0.451	204	213	-0.302817	0.056338	
A/chicken/China/Cangzhou0	0.3427	0.2640	0.4023	0.2368	0.132	-0.139	0.332	57.32	0.388	0.442	214	226	-0.326106	0.044248	
A/chicken/China/E93/2012|	0.3161	0.2874	0.4094	0.2293	0.186	0.044	0.436	53.64	0.408	0.463	211	221	-0.332579	0.049774	
A/chicken/China/E96/2012|	0.3103	0.2931	0.4094	0.2293	0.191	0.052	0.441	53.10	0.412	0.466	211	221	-0.330769	0.049774	
A/chicken/Gansu/5/2012|EP	0.3179	0.2890	0.4094	0.2293	0.187	0.044	0.436	52.58	0.408	0.462	211	221	-0.346606	0.049774	
A/chicken/Gansu/6/2012|EP	0.3218	0.2816	0.4094	0.2293	0.185	0.036	0.431	53.64	0.403	0.462	211	221	-0.332579	0.049774	
A/chicken/Guangxi/S2039/2	0.3314	0.2686	0.4023	0.2327	0.182	0.029	0.425	49.61	0.396	0.462	212	221	-0.347511	0.045249	
A/chicken/Hubei/2856/2007	0.3295	0.2832	0.3931	0.2405	0.200	0.053	0.443	49.08	0.410	0.460	212	221	-0.353394	0.049774	
A/chicken/Hunan/1793/2007	0.3295	0.2832	0.3966	0.2357	0.184	0.049	0.439	50.74	0.406	0.456	212	221	-0.304525	0.045249	
A/chicken/Hunan/3157/2006	0.3237	0.2890	0.3931	0.2390	0.205	0.068	0.453	48.52	0.415	0.465	212	221	-0.375113	0.049774	
A/chicken/Hunan/S10029/20	0.3352	0.2614	0.4335	0.2013	0.171	0.018	0.415	49.11	0.368	0.451	212	221	-0.324887	0.040724	
A/chicken/Jiangsu/03.17_W	0.3430	0.2733	0.3837	0.2405	0.198	0.042	0.433	52.00	0.405	0.458	210	220	-0.325000	0.045455	
A/chicken/Jiangsu/927/201	0.3483	0.2640	0.3944	0.2303	0.188	0.026	0.422	48.28	0.390	0.463	218	226	-0.279646	0.044248	
A/chicken/Jiangsu/2477/20	0.3276	0.2816	0.4000	0.2313	0.186	0.036	0.427	48.46	0.404	0.468	213	221	-0.338914	0.045249	
A/chicken/Jiangsu/k0402/2	0.3353	0.2775	0.3988	0.2264	0.192	0.055	0.441	51.70	0.398	0.457	211	221	-0.332127	0.045249	
A/chicken/Jiangsu/SE2228/	0.3333	0.2759	0.4057	0.2250	0.188	0.051	0.437	48.46	0.394	0.465	213	221	-0.338914	0.045249	
A/chicken/Jiangsu/YB7/201	0.3430	0.2733	0.3779	0.2468	0.198	0.048	0.438	52.11	0.410	0.461	210	220	-0.335909	0.045455	
A/chicken/Jiangxi/25/2011	0.3448	0.2701	0.4034	0.2160	0.193	0.050	0.437	50.99	0.385	0.462	213	221	-0.323982	0.045249	
A/chicken/Jiangxi/S40653/	0.3728	0.2485	0.3939	0.2237	0.185	0.010	0.417	54.01	0.373	0.451	204	213	-0.302817	0.056338	
A/chicken/Jilin/04.12_MHK	0.3200	0.2857	0.4091	0.2174	0.177	0.036	0.427	50.52	0.399	0.468	213	221	-0.338009	0.045249	
A/chicken/Jilin/04.12_MHK	0.3200	0.2857	0.4091	0.2174	0.177	0.036	0.427	50.52	0.399	0.468	213	221	-0.338009	0.045249	
A/chicken/Jilin/04.12_MHK	0.3200	0.2857	0.4091	0.2174	0.177	0.036	0.427	50.52	0.399	0.468	213	221	-0.338009	0.045249	
A/chicken/Jilin/04.12_MHK	0.3200	0.2857	0.4091	0.2174	0.177	0.036	0.427	50.52	0.399	0.468	213	221	-0.338009	0.045249	
A/chicken/Jilin/04.25_MHK	0.3200	0.2857	0.4091	0.2174	0.177	0.036	0.427	50.46	0.399	0.466	213	221	-0.339819	0.045249	
A/chicken/Jilin/S1255/201	0.3314	0.2629	0.4011	0.2346	0.170	0.005	0.408	49.30	0.394	0.469	213	221	-0.308145	0.040724	
A/chicken/Jilin/S1271/201	0.3314	0.2629	0.3955	0.2407	0.172	0.015	0.413	50.37	0.399	0.471	213	221	-0.323077	0.040724	
A/chicken/Liaoning/S4092/	0.3121	0.2948	0.4152	0.2229	0.188	0.052	0.441	52.76	0.408	0.462	211	221	-0.346606	0.049774	
A/chicken/Liaoning/SD035/	0.3333	0.2644	0.4068	0.2284	0.177	0.022	0.418	49.54	0.390	0.466	213	221	-0.320362	0.040724	
A/chicken/Ningxia/2/2012|	0.3179	0.2890	0.4094	0.2293	0.187	0.044	0.436	52.58	0.408	0.462	211	221	-0.346606	0.049774	
A/chicken/Ningxia/222/201	0.3179	0.2890	0.4094	0.2293	0.187	0.044	0.436	52.58	0.408	0.462	211	221	-0.346606	0.049774	
A/chicken/Shandong/12.03_	0.3410	0.2717	0.3815	0.2453	0.194	0.039	0.431	52.24	0.408	0.460	211	221	-0.343891	0.045249	
A/Chicken/Shandong/J01/20	0.3353	0.2717	0.4057	0.2250	0.191	0.055	0.443	51.24	0.392	0.456	212	221	-0.352036	0.045249	
A/Chicken/Shandong/J02/20	0.3179	0.2890	0.4035	0.2357	0.190	0.059	0.445	54.55	0.412	0.463	211	221	-0.329864	0.049774	
A/Chicken/Shandong/J03/20	0.3161	0.2874	0.4094	0.2293	0.186	0.044	0.436	53.64	0.408	0.463	211	221	-0.332579	0.049774	
A/Chicken/Shandong/J04/20	0.3064	0.3006	0.4035	0.2357	0.185	0.036	0.431	52.98	0.422	0.465	211	222	-0.336486	0.049550	
A/Chicken/Shandong/J06/20	0.3468	0.2717	0.3931	0.2250	0.192	0.059	0.445	50.09	0.393	0.457	211	221	-0.349321	0.045249	
A/chicken/Shanghai/S1123/	0.3448	0.2644	0.4057	0.2236	0.184	0.013	0.413	47.91	0.385	0.462	213	221	-0.342081	0.045249	
A/chicken/Shanghai/S4030/	0.3391	0.2701	0.4138	0.2201	0.194	0.049	0.437	48.22	0.385	0.460	213	221	-0.333937	0.049774	
A/chicken/Wuxi/WX-32/2013	0.3391	0.2701	0.3943	0.2375	0.189	0.042	0.432	49.01	0.399	0.465	213	221	-0.335294	0.045249	
A/chicken/Wuxi/WX-33/2013	0.3371	0.2686	0.4000	0.2313	0.188	0.050	0.437	49.19	0.394	0.465	213	221	-0.321267	0.045249	
A/chicken/Xinjiang/S1016/	0.3448	0.2644	0.4057	0.2236	0.184	0.013	0.413	47.91	0.385	0.462	213	221	-0.342081	0.045249	
A/chicken/Xinjiang/S1081/	0.3391	0.2701	0.4057	0.2236	0.185	0.020	0.418	47.97	0.390	0.463	213	221	-0.342081	0.045249	
A/chicken/Xinjiang/S1170/	0.3448	0.2644	0.4057	0.2236	0.184	0.013	0.413	47.91	0.385	0.462	213	221	-0.342081	0.045249	
A/chicken/Yunnan/1/2014|E	0.3371	0.2686	0.4034	0.2250	0.179	0.027	0.423	51.96	0.390	0.460	213	221	-0.285520	0.045249	
A/condor/Guangdong/139/20	0.3256	0.2849	0.4104	0.2278	0.185	0.012	0.420	51.32	0.401	0.457	212	221	-0.362444	0.045249	
A/Curlew/Hong_Kong/AFCD-H	0.3315	0.2472	0.4034	0.2531	0.188	0.036	0.433	53.59	0.395	0.468	215	226	-0.403097	0.044248	
A/Cygnus_columbianus/Hube	0.3034	0.2921	0.3855	0.2593	0.189	0.042	0.433	54.47	0.433	0.472	217	226	-0.338938	0.044248	
A/Cygnus_columbianus/Hube	0.3371	0.2360	0.4088	0.2470	0.182	0.016	0.419	51.51	0.382	0.462	217	226	-0.326549	0.044248	
A/Cygnus_columbianus/Hube	0.3034	0.2921	0.3855	0.2593	0.189	0.042	0.433	54.47	0.433	0.472	217	226	-0.338938	0.044248	
A/Cygnus_columbianus/Hube	0.3090	0.2865	0.3855	0.2593	0.189	0.042	0.433	54.06	0.429	0.471	217	226	-0.338938	0.044248	
A/domestic_green-winged_t	0.3559	0.2542	0.4023	0.2353	0.142	-0.114	0.346	55.74	0.379	0.440	214	226	-0.328319	0.044248	
A/duck/China/E26/2012|EPI	0.3410	0.2775	0.3988	0.2188	0.188	0.047	0.436	50.51	0.393	0.460	211	221	-0.356561	0.045249	
A/duck/China/E53/2012|EPI	0.3391	0.2644	0.4091	0.2236	0.183	0.034	0.427	49.00	0.385	0.460	213	221	-0.324887	0.045249	
A/duck/Eastern_China/108/	0.3372	0.2733	0.3837	0.2548	0.194	0.017	0.417	50.92	0.412	0.468	211	220	-0.350000	0.045455	
A/duck/Eastern_China/909/	0.3430	0.2733	0.3837	0.2484	0.190	0.009	0.412	50.48	0.408	0.465	211	220	-0.351818	0.045455	
A/duck/Fujian/S1233/2018(	0.3391	0.2701	0.3955	0.2284	0.193	0.059	0.441	51.52	0.394	0.466	213	221	-0.287330	0.045249	
A/duck/Fujian/S1273/2018(	0.3392	0.2573	0.4611	0.1788	0.166	-0.050	0.383	48.12	0.345	0.432	206	213	-0.355869	0.051643	
A/Duck/Fujian/S4146/2010|	0.3391	0.2759	0.4034	0.2160	0.194	0.058	0.441	50.21	0.390	0.463	213	221	-0.324434	0.045249	
A/duck/Guangdong/S4518/20	0.3277	0.2542	0.3955	0.2638	0.195	0.045	0.440	53.87	0.407	0.468	216	226	-0.407964	0.044248	
A/duck/Guangdong/S4525/20	0.3295	0.2500	0.3989	0.2622	0.194	0.046	0.440	53.65	0.403	0.465	216	226	-0.426106	0.044248	
A/duck/Guizhou/S1321/2022	0.3220	0.2599	0.3955	0.2638	0.196	0.054	0.444	53.57	0.412	0.466	216	226	-0.427876	0.044248	
A/duck/Guizhou/S1711/2024	0.3202	0.2640	0.3911	0.2606	0.196	0.038	0.433	50.11	0.415	0.473	217	226	-0.372124	0.044248	
A/duck/Hubei/03.06__WHWTZ	0.3333	0.2759	0.3757	0.2532	0.184	0.032	0.427	50.95	0.417	0.465	211	221	-0.333937	0.045249	
A/duck/Hubei/46/2009|EPI_	0.3315	0.2640	0.3812	0.2515	0.187	0.040	0.433	51.79	0.410	0.469	217	226	-0.327433	0.044248	
A/duck/Hubei/2911/2007|EP	0.3333	0.2759	0.3966	0.2313	0.192	0.039	0.434	48.49	0.401	0.462	212	221	-0.367873	0.045249	
A/duck/Hubei/S4465/2021(H	0.3787	0.2426	0.3939	0.2237	0.185	0.010	0.417	52.91	0.368	0.449	204	213	-0.302817	0.056338	
A/duck/Hubei/SE128/2022(H	0.3787	0.2426	0.3939	0.2237	0.185	0.010	0.417	52.91	0.368	0.449	204	213	-0.302817	0.056338	
A/duck/Hubei/SE220/2022(H	0.3277	0.2542	0.3955	0.2638	0.192	0.046	0.440	54.07	0.407	0.465	216	226	-0.437168	0.044248	
A/duck/Hubei/xn/2007|EPI_	0.3295	0.2832	0.3908	0.2390	0.198	0.056	0.443	48.36	0.410	0.462	212	221	-0.360181	0.045249	
A/duck/Hunan/03.07_YYGK1L	0.3837	0.2209	0.4506	0.1892	0.179	-0.039	0.390	45.16	0.322	0.432	205	213	-0.253052	0.065728	
A/duck/Hunan/12.07__YYGK4	0.3354	0.2927	0.3889	0.2230	0.190	0.039	0.432	49.45	0.407	0.466	199	208	-0.333654	0.048077	
A/duck/Hunan/12.07__YYGK9	0.3410	0.2659	0.4220	0.2152	0.182	0.043	0.434	48.63	0.377	0.452	212	221	-0.357919	0.045249	
A/duck/Hunan/12.07_YYGK00	0.3410	0.2659	0.4220	0.2152	0.182	0.043	0.434	48.63	0.377	0.452	212	221	-0.357919	0.045249	
A/duck/Hunan/12.07_YYGK10	0.3410	0.2717	0.4023	0.2264	0.189	0.044	0.434	48.59	0.392	0.462	212	221	-0.345701	0.045249	
A/duck/Hunan/316/2005|EPI	0.3237	0.2890	0.3851	0.2453	0.198	0.047	0.439	48.86	0.420	0.468	212	221	-0.339819	0.045249	
A/duck/Hunan/689/2006|EPI	0.3410	0.2717	0.3815	0.2516	0.198	0.036	0.434	48.86	0.410	0.462	212	221	-0.386425	0.049774	
A/duck/Hunan/3315/2006|EP	0.3295	0.2775	0.4000	0.2327	0.184	0.049	0.439	49.75	0.401	0.459	212	221	-0.332127	0.045249	
A/duck/Hunan/S4020/2008|E	0.3353	0.2775	0.3931	0.2313	0.193	0.061	0.445	52.37	0.403	0.462	211	221	-0.354299	0.045249	
A/duck/Hunan/S4030/2011|E	0.3237	0.2775	0.3873	0.2516	0.190	0.053	0.441	51.89	0.417	0.465	211	221	-0.369683	0.045249	
A/duck/Hunan/S4150/2011|E	0.3353	0.2775	0.3873	0.2390	0.191	0.046	0.436	52.57	0.408	0.462	211	221	-0.330769	0.045249	
A/duck/Hunan/S4220/2011|E	0.3391	0.2644	0.4034	0.2313	0.179	0.027	0.423	50.75	0.390	0.462	213	221	-0.299547	0.045249	
A/duck/Jiangsu/S4439/2017	0.3391	0.2701	0.4080	0.2264	0.192	0.041	0.432	48.73	0.390	0.462	213	221	-0.332127	0.049774	
A/duck/Jiangsu/SE1128/201	0.3391	0.2701	0.4080	0.2264	0.191	0.049	0.437	48.30	0.390	0.462	213	221	-0.343439	0.049774	
A/duck/Jiangxi/34/2011|EP	0.3448	0.2701	0.4034	0.2160	0.193	0.050	0.437	50.99	0.385	0.462	213	221	-0.323982	0.045249	
A/duck/Jiangxi/35/2011|EP	0.3353	0.2717	0.3920	0.2407	0.189	0.047	0.437	52.80	0.404	0.466	213	221	-0.300000	0.049774	
A/duck/Jiangxi/44/2011|EP	0.3526	0.2543	0.4146	0.2105	0.183	-0.026	0.395	51.83	0.371	0.459	205	213	-0.224883	0.056338	
A/duck/Jiangxi/120/2011|E	0.3140	0.2791	0.4393	0.2075	0.183	0.040	0.436	51.89	0.384	0.453	211	220	-0.350455	0.045455	
A/duck/Jiangxi/130/2011|E	0.3353	0.2775	0.3895	0.2390	0.192	0.044	0.436	53.82	0.408	0.462	211	221	-0.322624	0.045249	
A/duck/Jiangxi/S40833/202	0.3728	0.2485	0.3939	0.2237	0.185	0.010	0.417	53.94	0.373	0.452	204	213	-0.300939	0.056338	
A/duck/Jilin/04.04_SY002-	0.3276	0.2816	0.4034	0.2236	0.182	0.036	0.427	50.25	0.399	0.466	213	221	-0.353846	0.045249	
A/duck/Jilin/JL-SIV/2013|	0.3468	0.2717	0.3815	0.2468	0.201	0.047	0.439	52.28	0.406	0.460	212	221	-0.360181	0.045249	
A/duck/Jilin/S1261/2019(H	0.3314	0.2629	0.4011	0.2346	0.170	0.005	0.408	49.30	0.394	0.469	213	221	-0.308145	0.040724	
A/duck/Jilin/S4171/2019(H	0.3295	0.2775	0.4034	0.2236	0.186	0.048	0.434	49.80	0.396	0.468	212	221	-0.291403	0.040724	
A/duck/Nanchang/9789/2013	0.3391	0.2701	0.4091	0.2188	0.183	0.027	0.423	51.77	0.385	0.460	213	221	-0.299547	0.045249	
A/duck/Shandong/009/2008|	0.3314	0.2849	0.3757	0.2611	0.206	0.061	0.448	50.85	0.425	0.465	212	221	-0.323529	0.049774	
A/Duck/Shandong/Y01/2009|	0.3295	0.2727	0.4000	0.2284	0.185	0.036	0.427	50.58	0.399	0.464	213	224	-0.324554	0.044643	
A/Duck/Shandong/Y02/2009|	0.3410	0.2775	0.4046	0.2125	0.192	0.055	0.441	49.93	0.389	0.459	211	221	-0.356561	0.045249	
A/duck/Sichuan/NCXN10/201	0.3429	0.2629	0.3898	0.2407	0.194	0.040	0.430	51.68	0.397	0.465	214	221	-0.288688	0.045249	
A/duck/Sichuan/NCXN11/201	0.3486	0.2629	0.3898	0.2346	0.191	0.042	0.430	52.28	0.393	0.463	214	221	-0.292308	0.045249	
A/duck/Xinjiang/S1066/201	0.3506	0.2586	0.4057	0.2236	0.183	0.005	0.408	47.91	0.380	0.460	213	221	-0.342081	0.045249	
A/duck/Xinjiang/S1126/201	0.3448	0.2644	0.4057	0.2236	0.184	0.013	0.413	47.91	0.385	0.462	213	221	-0.342081	0.045249	
A/duck/Zhejiang/1220092/2	0.3410	0.2717	0.3736	0.2484	0.195	0.052	0.441	53.43	0.412	0.465	211	221	-0.393213	0.045249	
A/duck/Zhejiang/S4091/201	0.3391	0.2759	0.4057	0.2188	0.192	0.051	0.437	49.46	0.390	0.462	213	221	-0.340724	0.045249	
A/equine/China/61/2010|EP	0.3237	0.2832	0.4023	0.2327	0.196	0.079	0.458	50.44	0.406	0.463	212	221	-0.364253	0.045249	
A/equine/China/67/2010|EP	0.3237	0.2832	0.4023	0.2327	0.196	0.079	0.458	50.44	0.406	0.463	212	221	-0.364253	0.045249	
A/equine/China/68/2010|EP	0.3237	0.2832	0.4023	0.2327	0.196	0.079	0.458	50.44	0.406	0.463	212	221	-0.364253	0.045249	
A/Eurasian_Teal/Hong_Kong	0.3220	0.2825	0.4045	0.2346	0.189	0.031	0.429	50.94	0.406	0.465	217	226	-0.349558	0.048673	
A/Eurasian_Teal/Hong_Kong	0.3258	0.2753	0.4045	0.2346	0.189	0.031	0.429	51.08	0.401	0.465	217	226	-0.326106	0.048673	
A/Eurasian_Wigeon/Hong_Ko	0.3258	0.2753	0.4045	0.2346	0.189	0.031	0.429	51.08	0.401	0.465	217	226	-0.326106	0.048673	
A/Eurasian_Wigeon/Hong_Ko	0.3258	0.2753	0.4045	0.2346	0.189	0.031	0.429	51.08	0.401	0.465	217	226	-0.326106	0.048673	
A/Falco_peregrinus/Beijin	0.3202	0.2809	0.3966	0.2393	0.183	-0.014	0.401	51.98	0.410	0.468	217	226	-0.350885	0.044248	
A/Fujian/1/2005|EPI_ISL_2	0.3295	0.2775	0.4000	0.2313	0.192	0.064	0.448	49.72	0.401	0.460	212	221	-0.355656	0.045249	
A/Fujian/1/2007|EPI_ISL_7	0.3276	0.2759	0.3966	0.2390	0.193	0.071	0.453	50.17	0.406	0.465	212	221	-0.350226	0.045249	
A/Gallinago_Stenura/Hong_	0.3258	0.2753	0.4045	0.2346	0.189	0.031	0.429	51.08	0.401	0.465	217	226	-0.326106	0.048673	
A/goose/China/E43/2012|EP	0.3371	0.2743	0.3977	0.2236	0.185	0.050	0.437	50.74	0.394	0.463	213	221	-0.310860	0.045249	
A/goose/Guangdong/SH7/201	0.3391	0.2701	0.3977	0.2313	0.189	0.043	0.432	51.10	0.394	0.463	213	221	-0.299547	0.045249	
A/goose/Guizhou/S1541/202	0.3220	0.2599	0.3898	0.2699	0.196	0.054	0.444	54.14	0.417	0.468	216	226	-0.427876	0.044248	
A/goose/Hunan/SE284/2022(	0.3202	0.2809	0.3966	0.2407	0.181	0.003	0.410	52.45	0.410	0.466	217	226	-0.327876	0.044248	
A/goose/Inner_Mongolia/IM	0.3371	0.2528	0.4134	0.2303	0.189	0.038	0.433	49.56	0.382	0.463	217	226	-0.372566	0.044248	
A/goose/Jiangsu/k0403/201	0.3353	0.2775	0.3988	0.2250	0.193	0.063	0.445	52.12	0.398	0.459	211	221	-0.333484	0.045249	
A/goose/Jilin/S4034/2019(	0.3410	0.2601	0.3955	0.2407	0.181	0.020	0.418	50.69	0.394	0.466	213	221	-0.317647	0.040724	
A/goose/Shandong/03.10_HZ	0.3391	0.2701	0.4023	0.2327	0.187	0.028	0.423	48.52	0.394	0.460	213	221	-0.356561	0.045249	
A/goose/Shandong/GS/2013(	0.3391	0.2701	0.3920	0.2422	0.193	0.044	0.435	49.83	0.402	0.465	214	221	-0.344344	0.045249	
A/goose/Zhejiang/112071/2	0.3333	0.2759	0.3977	0.2298	0.185	0.034	0.427	50.82	0.399	0.465	213	221	-0.350226	0.045249	
A/goose/Zhejiang/727098/2	0.3430	0.2733	0.3886	0.2360	0.192	0.049	0.439	52.57	0.401	0.462	212	221	-0.392760	0.045249	
A/Great_black-headed_Gull	0.3333	0.2759	0.4080	0.2250	0.190	0.032	0.427	49.52	0.394	0.465	213	221	-0.366968	0.049774	
A/Great_black-headed_Gull	0.3333	0.2759	0.4080	0.2250	0.190	0.032	0.427	49.52	0.394	0.465	213	221	-0.366968	0.049774	
A/Great_Cormorant/Hubei/c	0.3410	0.2717	0.3757	0.2500	0.199	0.046	0.436	52.53	0.412	0.465	211	221	-0.356109	0.045249	
A/Great_Cormorant/Hubei/c	0.3410	0.2717	0.3757	0.2500	0.199	0.046	0.436	52.53	0.412	0.465	211	221	-0.356109	0.045249	
A/Great_Cormorant/Hubei/V	0.3353	0.2775	0.3815	0.2453	0.195	0.053	0.441	52.66	0.412	0.463	211	221	-0.354751	0.045249	
A/Great_Cormorant/Hubei/V	0.3353	0.2775	0.3815	0.2453	0.195	0.053	0.441	52.66	0.412	0.463	211	221	-0.354751	0.045249	
A/Great_Cormorant/Hubei/V	0.3353	0.2775	0.3815	0.2453	0.195	0.053	0.441	52.66	0.412	0.463	211	221	-0.354751	0.045249	
A/Guangdong/1/2006|EPI_IS	0.3295	0.2775	0.3966	0.2390	0.192	0.048	0.439	48.60	0.406	0.462	212	221	-0.358371	0.045249	
A/Guangdong/1/2008|EPI_IS	0.3295	0.2832	0.3815	0.2532	0.199	0.055	0.443	50.08	0.420	0.462	212	221	-0.360634	0.049774	
A/Guangdong/2/2006|EPI_IS	0.3410	0.2659	0.4000	0.2327	0.196	0.079	0.458	50.94	0.392	0.460	212	221	-0.337557	0.045249	
A/Guangxi/1/2005|EPI_ISL_	0.3237	0.2890	0.3931	0.2405	0.200	0.061	0.448	48.74	0.415	0.463	212	221	-0.362896	0.049774	
A/Guangxi/1/2005|EPI_ISL_	0.3295	0.2775	0.3966	0.2390	0.194	0.063	0.448	50.72	0.406	0.463	212	221	-0.364253	0.045249	
A/Guangxi/1/2008|EPI_ISL_	0.3200	0.2800	0.4104	0.2264	0.186	0.064	0.448	51.70	0.401	0.463	212	221	-0.377376	0.049774	
A/Guizhou/1/2009|EPI_ISL_	0.3198	0.2965	0.3908	0.2327	0.191	0.073	0.455	54.15	0.417	0.468	211	221	-0.334389	0.040724	
A/hill_myna/Heilongjiang/	0.3391	0.2701	0.4000	0.2313	0.190	0.042	0.432	48.64	0.394	0.463	213	221	-0.337104	0.045249	
A/Hong_Kong/5923/2012|EPI	0.3371	0.2686	0.4057	0.2264	0.177	0.011	0.413	50.24	0.390	0.462	213	221	-0.296380	0.045249	
A/Hunan/1/2006|EPI_ISL_79	0.3295	0.2775	0.4046	0.2342	0.194	0.071	0.453	52.05	0.401	0.457	212	221	-0.359276	0.049774	
A/Hunan/1/2008|EPI_ISL_73	0.3314	0.2791	0.4080	0.2229	0.179	0.036	0.431	49.05	0.393	0.452	211	221	-0.317195	0.045249	
A/Hunan/2/2009|EPI_ISL_79	0.3314	0.2849	0.3908	0.2313	0.185	0.050	0.441	53.46	0.408	0.469	211	221	-0.352036	0.040724	
A/Japanese_white-eye/Taoy	0.3391	0.2701	0.4000	0.2313	0.190	0.042	0.432	48.64	0.394	0.463	213	221	-0.337104	0.045249	
A/Jiangsu/1/2007|EPI_ISL_	0.3237	0.2890	0.3815	0.2532	0.200	0.065	0.448	49.73	0.425	0.466	212	221	-0.375566	0.049774	
A/Jiangsu/2/2007|EPI_ISL_	0.3237	0.2890	0.3815	0.2532	0.200	0.065	0.448	49.73	0.425	0.466	212	221	-0.375566	0.049774	
A/Jiangxi/1/2005|EPI_ISL_	0.3314	0.2743	0.3966	0.2327	0.181	0.034	0.429	52.17	0.401	0.466	212	221	-0.382805	0.045249	
A/lesser_kestrel/Heilongj	0.3333	0.2759	0.3966	0.2313	0.195	0.055	0.443	48.40	0.401	0.462	212	221	-0.367873	0.045249	
A/lion/Hubei/1-2/2016|EPI	0.3295	0.2832	0.3757	0.2532	0.195	0.055	0.441	52.41	0.422	0.463	211	221	-0.331222	0.045249	
A/mallard/Heilongjiang/HL	0.3276	0.2816	0.3908	0.2360	0.185	0.027	0.425	53.40	0.410	0.465	212	221	-0.369683	0.045249	
A/mandarin_duck/Heilongji	0.3296	0.2458	0.4000	0.2590	0.189	0.019	0.422	50.23	0.399	0.466	218	226	-0.415044	0.044248	
A/mandarin_duck/Henan/426	0.3202	0.2809	0.3966	0.2407	0.181	0.003	0.410	52.45	0.410	0.466	217	226	-0.327876	0.044248	
A/meerkat/Shanghai/SH-1/2	0.3333	0.2759	0.3943	0.2375	0.190	0.050	0.437	49.03	0.404	0.466	213	221	-0.335294	0.045249	
A/mink/China/G/2015|EPI_I	0.3410	0.2775	0.4148	0.2037	0.198	0.065	0.446	50.27	0.380	0.459	213	221	-0.319910	0.045249	
A/mink/China/XB/2015|EPI_	0.3353	0.2775	0.3757	0.2516	0.195	0.053	0.441	52.26	0.417	0.463	211	221	-0.354751	0.045249	
A/mink/Eastern_China/0712	0.3372	0.2733	0.3988	0.2222	0.151	-0.069	0.364	56.24	0.393	0.447	206	214	-0.260748	0.051402	
A/Nanjing/1/2015|EPI_ISL_	0.3410	0.2717	0.3757	0.2516	0.194	0.045	0.436	52.35	0.412	0.463	211	221	-0.354751	0.045249	
A/ostrich/Suzhou/097/2003	0.3353	0.2775	0.3943	0.2342	0.188	0.041	0.434	51.66	0.401	0.463	212	221	-0.371946	0.040724	
A/parrot/Guangdong/C99/20	0.3295	0.2775	0.4023	0.2327	0.188	0.039	0.434	50.95	0.401	0.463	212	221	-0.352941	0.045249	
A/peacock/Yunnan/1/2015|E	0.3410	0.2717	0.3779	0.2532	0.193	0.045	0.436	51.81	0.412	0.462	211	221	-0.366968	0.045249	
A/peacock/Yunnan/3/2015|E	0.3410	0.2717	0.3779	0.2532	0.193	0.045	0.436	51.81	0.412	0.462	211	221	-0.366968	0.045249	
A/pigeon/Hubei/RP25/2012|	0.3143	0.2743	0.4080	0.2390	0.183	0.072	0.453	51.85	0.406	0.465	212	221	-0.376923	0.045249	
A/pigeon/Jiangsu/12.22_TC	0.3333	0.2759	0.4034	0.2236	0.181	0.028	0.423	50.55	0.394	0.465	213	221	-0.353846	0.045249	
A/pigeon/Jiangxi/S40784/2	0.3728	0.2485	0.3939	0.2237	0.185	0.010	0.417	54.01	0.373	0.451	204	213	-0.302817	0.056338	
A/pigeon/Jilin/04.25_CCHL	0.3391	0.2701	0.4080	0.2264	0.186	0.036	0.427	48.38	0.390	0.460	213	221	-0.352941	0.045249	
A/pigeon/Jilin/S4176/2019	0.3295	0.2775	0.4034	0.2236	0.186	0.048	0.434	49.80	0.396	0.468	212	221	-0.291403	0.040724	
A/pigeon/Sichuan/NCXN29/2	0.3486	0.2629	0.3898	0.2346	0.191	0.042	0.430	52.28	0.393	0.463	214	221	-0.292308	0.045249	
A/pigeon/Zhejiang/112089/	0.3333	0.2759	0.3977	0.2298	0.185	0.034	0.427	50.82	0.399	0.465	213	221	-0.350226	0.045249	
A/pigeon/Zhejiang/112090/	0.3391	0.2701	0.4023	0.2327	0.188	0.034	0.427	48.51	0.394	0.460	213	221	-0.360634	0.045249	
A/pigeon/Zhejiang/727097/	0.3450	0.2749	0.3851	0.2375	0.192	0.053	0.441	53.29	0.403	0.462	211	221	-0.380995	0.045249	
A/plateau_pika/Qinghai/04	0.3391	0.2529	0.4217	0.2267	0.173	-0.030	0.391	48.94	0.377	0.451	207	213	-0.331925	0.051643	
A/quail/Nanchang/6631/201	0.3391	0.2701	0.4091	0.2188	0.183	0.027	0.423	51.77	0.385	0.460	213	221	-0.299547	0.045249	
A/Shandong/1/2009|EPI_ISL	0.3256	0.2907	0.3815	0.2500	0.201	0.050	0.443	51.16	0.425	0.462	212	220	-0.383636	0.050000	
A/Sichuan/1/2006|EPI_ISL_	0.3295	0.2832	0.3908	0.2390	0.196	0.056	0.443	48.40	0.410	0.462	212	221	-0.358371	0.045249	
A/Sichuan/2/2006|EPI_ISL_	0.3295	0.2832	0.3908	0.2390	0.198	0.056	0.443	48.39	0.410	0.463	212	221	-0.358371	0.045249	
A/Spatula_querquedula/Cho	0.3427	0.2640	0.4023	0.2353	0.132	-0.144	0.327	57.68	0.388	0.445	214	226	-0.332743	0.044248	
A/swine/Shandong/SD1/2014	0.3353	0.2659	0.3953	0.2548	0.187	0.031	0.429	52.42	0.406	0.463	212	221	-0.394570	0.045249	
A/tiger/Yunnan/tig1404/20	0.3371	0.2686	0.3977	0.2313	0.183	0.027	0.423	51.02	0.394	0.465	213	221	-0.285973	0.045249	
A/tiger/Yunnan/tig1412/20	0.3391	0.2701	0.4034	0.2264	0.181	0.020	0.418	51.54	0.390	0.460	213	221	-0.276018	0.045249	
A/tiger/Yunnan/tig1508/20	0.3372	0.2791	0.3815	0.2453	0.202	0.068	0.450	52.69	0.412	0.462	211	221	-0.352036	0.045249	
A/tundra_swan/Fujian/SD12	0.3258	0.2753	0.4045	0.2346	0.189	0.031	0.429	51.08	0.401	0.465	217	226	-0.326106	0.048673	
A/turtle_dove/Guangdong/3	0.3372	0.2849	0.3908	0.2327	0.204	0.071	0.453	49.00	0.406	0.460	212	221	-0.355656	0.045249	
A/turtle_dove/Hunan/S4004	0.3333	0.2701	0.3851	0.2500	0.192	0.035	0.429	52.40	0.410	0.462	212	221	-0.368778	0.045249	
A/whooper_swan/Henan/8/20	0.3202	0.2809	0.3966	0.2407	0.181	0.003	0.410	52.45	0.410	0.466	217	226	-0.327876	0.044248	
A/whooper_swan/Henan/14/2	0.3202	0.2809	0.3966	0.2407	0.181	0.003	0.410	52.45	0.410	0.466	217	226	-0.327876	0.044248	
A/whooper_swan/Henan/44/2	0.3202	0.2809	0.3966	0.2407	0.181	0.003	0.410	52.45	0.410	0.466	217	226	-0.327876	0.044248	
A/whooper_swan/Henan/45/2	0.3202	0.2809	0.3966	0.2407	0.181	0.003	0.410	52.45	0.410	0.466	217	226	-0.327876	0.044248	
A/whooper_swan/Henan/46/2	0.3202	0.2809	0.3966	0.2407	0.181	0.003	0.410	52.45	0.410	0.466	217	226	-0.327876	0.044248	
A/whooper_swan/Henan/424/	0.3202	0.2809	0.3966	0.2407	0.181	0.003	0.410	52.45	0.410	0.466	217	226	-0.327876	0.044248	
A/whooper_swan/Henan/SMX1	0.3314	0.2743	0.3977	0.2360	0.183	0.042	0.430	51.00	0.402	0.465	214	221	-0.321719	0.049774	
A/whooper_swan/Henan/SMX3	0.3314	0.2743	0.3977	0.2360	0.182	0.042	0.430	51.10	0.402	0.463	214	221	-0.321719	0.049774	
A/whooper_swan/Henan/SMX4	0.3314	0.2743	0.3977	0.2360	0.182	0.042	0.430	51.10	0.402	0.463	214	221	-0.321719	0.049774	
A/whooper_swan/Henan/SMX9	0.3314	0.2743	0.3977	0.2360	0.182	0.042	0.430	51.10	0.402	0.463	214	221	-0.321719	0.049774	
A/whooper_swan/Shanxi/14/	0.3202	0.2809	0.3966	0.2407	0.181	0.003	0.410	52.45	0.410	0.466	217	226	-0.327876	0.044248	
A/whooper_swan/Shanxi/20/	0.3202	0.2809	0.3966	0.2407	0.181	0.003	0.410	52.45	0.410	0.466	217	226	-0.327876	0.044248	
A/wild_duck/Fujian/1/2011	0.3391	0.2701	0.4091	0.2188	0.186	0.027	0.423	49.56	0.385	0.459	213	221	-0.310860	0.045249	
A/wild_duck/Fujian/2/2011	0.3391	0.2701	0.4091	0.2188	0.186	0.027	0.423	49.56	0.385	0.459	213	221	-0.310860	0.045249	
A/wild_duck/Hebei/SD012/2	0.3315	0.2697	0.4078	0.2270	0.182	0.017	0.419	50.47	0.392	0.462	217	226	-0.351328	0.044248	
A/wild_duck/Jilin/HF/2011	0.3353	0.2832	0.3943	0.2236	0.194	0.057	0.443	52.33	0.401	0.457	212	221	-0.340724	0.045249	
A/wild_duck/Jilin/ZF/2011	0.3353	0.2775	0.3988	0.2250	0.193	0.061	0.445	51.52	0.398	0.459	211	221	-0.366063	0.045249	
A/wild_duck/Shandong/1/20	0.3179	0.2890	0.4118	0.2244	0.189	0.047	0.438	53.42	0.405	0.461	210	220	-0.313637	0.050000	
A/wild_duck/Shandong/2/20	0.3410	0.2775	0.4046	0.2112	0.193	0.061	0.445	50.20	0.389	0.459	211	221	-0.354299	0.045249	
A/wild_duck/Shandong/628/	0.3164	0.2768	0.4246	0.2195	0.200	0.054	0.447	49.72	0.392	0.454	217	226	-0.298230	0.044248	
A/Xinjiang/1/2006|EPI_ISL	0.3353	0.2717	0.4046	0.2372	0.180	-0.006	0.406	49.90	0.396	0.454	212	221	-0.351131	0.045249	
A/Xinjiang/1/2009|EPI_ISL	0.3295	0.2717	0.4277	0.2138	0.187	0.048	0.439	48.96	0.382	0.452	212	221	-0.381448	0.045249	
A/Zhejiang/1/2006|EPI_ISL	0.3410	0.2717	0.3908	0.2390	0.194	0.046	0.439	50.85	0.401	0.460	212	221	-0.369231	0.045249	
A/Anas_platyrhynchos/jiuj	0.3427	0.2640	0.4023	0.2353	0.132	-0.144	0.327	57.68	0.388	0.445	214	226	-0.332743	0.044248	
A/Anhui/1/2006_H5N1|GCA_0	0.3430	0.2674	0.3966	0.2390	0.190	0.040	0.434	48.93	0.396	0.457	212	221	-0.382353	0.045249	
A/Anhui/1/2007_H5N1|GCA_0	0.3276	0.2759	0.4012	0.2405	0.172	-0.023	0.396	53.85	0.406	0.469	212	221	-0.403620	0.049774	
A/Anhui/2/2005_H5N1|GCA_0	0.3237	0.2890	0.3931	0.2405	0.200	0.061	0.448	48.74	0.415	0.463	212	221	-0.362896	0.049774	
A/Anser_cygnoides/China/P	0.3371	0.2686	0.4034	0.2250	0.179	0.027	0.423	51.96	0.390	0.460	213	221	-0.285520	0.045249	
A/Anser_fabalis/jiujiang/	0.3427	0.2640	0.4023	0.2353	0.132	-0.144	0.327	57.68	0.388	0.445	214	226	-0.332743	0.044248	
A/Anser_fabalis/jiujiang/	0.3427	0.2640	0.4023	0.2353	0.132	-0.144	0.327	57.68	0.388	0.445	214	226	-0.332743	0.044248	
A/Anser_fabalis/jiujiang/	0.3427	0.2640	0.4023	0.2353	0.132	-0.144	0.327	57.68	0.388	0.445	214	226	-0.332743	0.044248	
A/Duck/Jiangxi/631/2024_H	0.3450	0.2690	0.4161	0.2119	0.185	-0.016	0.402	51.68	0.382	0.455	204	213	-0.304225	0.056338	
A/Guangdong/1/2008_H5N1|G	0.3295	0.2832	0.3815	0.2532	0.199	0.055	0.443	50.08	0.420	0.462	212	221	-0.360634	0.049774	
A/Guangdong/2/2006_H5N1|G	0.3410	0.2659	0.4000	0.2327	0.196	0.079	0.458	50.94	0.392	0.460	212	221	-0.337557	0.045249	
A/Guangxi/1/2005_H5N1|GCA	0.3295	0.2775	0.3966	0.2390	0.194	0.063	0.448	50.72	0.406	0.463	212	221	-0.364253	0.045249	
A/Guangxi/1/2008_H5N1|GCA	0.3200	0.2800	0.4104	0.2264	0.186	0.064	0.448	51.70	0.401	0.463	212	221	-0.377376	0.049774	
A/Guizhou/1/2009_H5N1|GCA	0.3198	0.2965	0.3908	0.2327	0.191	0.073	0.455	54.15	0.417	0.468	211	221	-0.334389	0.040724	
A/Hunan/1/2008_H5N1|GCA_0	0.3314	0.2791	0.4080	0.2229	0.179	0.036	0.431	49.05	0.393	0.452	211	221	-0.317195	0.045249	
A/Hunan/2/2009_H5N1|GCA_0	0.3314	0.2849	0.3908	0.2313	0.185	0.050	0.441	53.46	0.408	0.469	211	221	-0.352036	0.040724	
A/Japanese_white-eye/Taoy	0.3391	0.2701	0.4000	0.2313	0.190	0.042	0.432	48.64	0.394	0.463	213	221	-0.337104	0.045249	
A/Nanjing/1/2015_H5N1|GCA	0.3410	0.2717	0.3757	0.2516	0.194	0.045	0.436	52.35	0.412	0.463	211	221	-0.354751	0.045249	
A/Shandong/1/2009_H5N1|GC	0.3256	0.2907	0.3815	0.2500	0.201	0.050	0.443	51.16	0.425	0.462	212	220	-0.383636	0.050000	
A/Spatula_querquedula/cho	0.3427	0.2640	0.4023	0.2353	0.132	-0.144	0.327	57.68	0.388	0.445	214	226	-0.332743	0.044248	
A/Wild_bird/Huadong/CM120	0.3450	0.2749	0.3779	0.2468	0.199	0.046	0.438	51.37	0.410	0.460	210	221	-0.360633	0.045249	
A/Wild_bird/Huadong/DT10/	0.3371	0.2629	0.3864	0.2484	0.178	0.022	0.418	51.17	0.404	0.471	213	221	-0.318552	0.040724	
A/Wild_bird/Huadong/JYWB4	0.3391	0.2701	0.3943	0.2375	0.190	0.042	0.432	48.71	0.399	0.463	213	221	-0.335294	0.045249	
A/Xinjiang/1/2009_H5N1|GC	0.3295	0.2717	0.4277	0.2138	0.187	0.048	0.439	48.96	0.382	0.452	212	221	-0.381448	0.045249	
A/avian/Hong_Kong/0719/20	0.3161	0.2816	0.4138	0.2250	0.195	0.077	0.458	52.28	0.401	0.463	212	221	-0.384615	0.049774	
A/avian/Hong_Kong/1993/20	0.3218	0.2759	0.4138	0.2250	0.193	0.069	0.453	52.41	0.396	0.462	212	221	-0.384615	0.049774	
A/avian/Hong_Kong/2372/20	0.3218	0.2759	0.4138	0.2250	0.196	0.077	0.458	52.30	0.396	0.463	212	221	-0.382805	0.049774	
A/bar-headed_goose/Qingha	0.3295	0.2890	0.3953	0.2387	0.172	-0.004	0.406	50.75	0.410	0.454	212	221	-0.388235	0.045249	
A/bar-headed_goose/Tibet/	0.3353	0.2717	0.4104	0.2308	0.176	-0.013	0.401	49.38	0.392	0.449	212	221	-0.369683	0.045249	
A/brown-headed_gull/Qingh	0.3353	0.2775	0.3988	0.2250	0.192	0.062	0.445	50.60	0.398	0.460	211	221	-0.371493	0.045249	
A/brown-headed_gull/Qingh	0.3353	0.2775	0.3988	0.2250	0.192	0.062	0.445	50.60	0.398	0.460	211	221	-0.371493	0.045249	
A/chicken/China/Cangzhou0	0.3427	0.2640	0.4023	0.2368	0.132	-0.139	0.332	57.32	0.388	0.442	214	226	-0.326106	0.044248	
A/chicken/China/E93/2012_	0.3161	0.2874	0.4094	0.2293	0.186	0.044	0.436	53.64	0.408	0.463	211	221	-0.332579	0.049774	
A/chicken/China/E96/2012_	0.3103	0.2931	0.4094	0.2293	0.191	0.052	0.441	53.10	0.412	0.466	211	221	-0.330769	0.049774	
A/chicken/Eastern_China/Z	0.3046	0.2816	0.4393	0.2075	0.179	0.041	0.436	52.11	0.389	0.459	211	220	-0.340909	0.045455	
A/chicken/Eastern_China/Z	0.2989	0.2874	0.4393	0.2075	0.180	0.049	0.441	51.95	0.393	0.461	211	220	-0.340909	0.045455	
A/chicken/Fujian/1/2007_H	0.3276	0.2759	0.3966	0.2390	0.193	0.071	0.453	50.17	0.406	0.465	212	221	-0.350226	0.045249	
A/chicken/Gansu/5/2012_H5	0.3179	0.2890	0.4094	0.2293	0.187	0.044	0.436	52.58	0.408	0.462	211	221	-0.346606	0.049774	
A/chicken/Gansu/6/2012_H5	0.3218	0.2816	0.4094	0.2293	0.185	0.036	0.431	53.64	0.403	0.462	211	221	-0.332579	0.049774	
A/chicken/Guangdong/1/200	0.3279	0.2842	0.4011	0.2426	0.182	0.012	0.417	52.32	0.408	0.459	228	237	-0.423207	0.042194	
A/chicken/Guangxi/S2039/2	0.3314	0.2686	0.4023	0.2327	0.182	0.029	0.425	49.61	0.396	0.462	212	221	-0.347511	0.045249	
A/chicken/Guizhou/7/2008_	0.3295	0.2832	0.4104	0.2215	0.194	0.057	0.443	49.14	0.396	0.456	212	221	-0.313575	0.045249	
A/chicken/Hebei/A-8/2009_	0.3237	0.2832	0.4162	0.2215	0.182	0.043	0.434	50.71	0.396	0.457	212	221	-0.373303	0.045249	
A/chicken/Henan/A-7/2006_	0.3353	0.2775	0.3931	0.2405	0.181	0.019	0.420	51.36	0.406	0.460	212	221	-0.390498	0.049774	
A/chicken/Huadong/4/2008_	0.3295	0.2775	0.4104	0.2278	0.183	0.038	0.434	51.92	0.396	0.456	212	221	-0.334389	0.045249	
A/chicken/Hubei/2856/2007	0.3295	0.2832	0.3931	0.2405	0.200	0.053	0.443	49.08	0.410	0.460	212	221	-0.353394	0.049774	
A/chicken/Hunan/1793/2007	0.3295	0.2832	0.3966	0.2357	0.184	0.049	0.439	50.74	0.406	0.456	212	221	-0.304525	0.045249	
A/chicken/Hunan/21/2005_H	0.3333	0.2816	0.3931	0.2342	0.196	0.048	0.439	48.47	0.406	0.462	212	221	-0.357014	0.045249	
A/chicken/Hunan/3/2007_H5	0.3295	0.2775	0.4000	0.2313	0.196	0.079	0.458	50.48	0.401	0.463	212	221	-0.350226	0.045249	
A/chicken/Hunan/3157/2006	0.3237	0.2890	0.3931	0.2390	0.205	0.068	0.453	48.52	0.415	0.465	212	221	-0.375113	0.049774	
A/chicken/Hunan/8/2008_H5	0.3276	0.2759	0.4000	0.2313	0.193	0.079	0.458	50.76	0.401	0.465	212	221	-0.336199	0.045249	
A/chicken/Jiangsu/18/2008	0.3295	0.2775	0.4104	0.2278	0.183	0.039	0.434	51.95	0.396	0.459	212	221	-0.349321	0.045249	
A/chicken/Jiangsu/2477/20	0.3276	0.2816	0.4000	0.2313	0.186	0.036	0.427	48.46	0.404	0.468	213	221	-0.338914	0.045249	
A/chicken/Jiangsu/927/201	0.3483	0.2640	0.3944	0.2303	0.188	0.026	0.422	48.28	0.390	0.463	218	226	-0.279646	0.044248	
A/chicken/Jiangsu/YB7/201	0.3430	0.2733	0.3779	0.2468	0.198	0.048	0.438	52.11	0.410	0.461	210	220	-0.335909	0.045455	
A/chicken/Jiangsu/k0402/2	0.3353	0.2775	0.3988	0.2264	0.192	0.055	0.441	51.70	0.398	0.457	211	221	-0.332127	0.045249	
A/chicken/Jiangxi/25/2011	0.3448	0.2701	0.4034	0.2160	0.193	0.050	0.437	50.99	0.385	0.462	213	221	-0.323982	0.045249	
A/chicken/Liaoning/23/200	0.3353	0.2717	0.4046	0.2372	0.180	-0.006	0.406	49.90	0.396	0.454	212	221	-0.351131	0.045249	
A/chicken/Liaoning/A-1/20	0.3295	0.2659	0.4104	0.2375	0.183	0.044	0.439	51.25	0.396	0.460	212	221	-0.476471	0.045249	
A/chicken/Liaoning/S4092/	0.3121	0.2948	0.4152	0.2229	0.188	0.052	0.441	52.76	0.408	0.462	211	221	-0.346606	0.049774	
A/chicken/Ningxia/2/2012_	0.3179	0.2890	0.4094	0.2293	0.187	0.044	0.436	52.58	0.408	0.462	211	221	-0.346606	0.049774	
A/chicken/Ningxia/222/201	0.3179	0.2890	0.4094	0.2293	0.187	0.044	0.436	52.58	0.408	0.462	211	221	-0.346606	0.049774	
A/chicken/Ningxia/24/2006	0.3295	0.2775	0.3943	0.2375	0.183	0.027	0.425	56.76	0.406	0.463	212	221	-0.358824	0.045249	
A/chicken/North_China/k06	0.3256	0.2733	0.4386	0.2038	0.181	0.051	0.443	50.75	0.376	0.452	210	221	-0.407240	0.045249	
A/chicken/Shandong/A-10/2	0.3353	0.2717	0.3851	0.2532	0.190	0.042	0.434	50.97	0.410	0.466	212	221	-0.370136	0.045249	
A/chicken/Shantou/3744/20	0.3333	0.2759	0.4070	0.2293	0.185	0.025	0.425	50.68	0.396	0.462	212	221	-0.366968	0.045249	
A/chicken/Shanxi/10/2006_	0.3353	0.2717	0.4023	0.2327	0.182	0.025	0.425	52.90	0.396	0.460	212	221	-0.340724	0.045249	
A/chicken/Sheny/0606/2008	0.3353	0.2717	0.4023	0.2390	0.178	0.021	0.423	52.87	0.399	0.457	213	221	-0.430769	0.045249	
A/chicken/Sichuan/81/2005	0.3333	0.2816	0.3837	0.2420	0.188	0.038	0.431	48.40	0.412	0.464	211	220	-0.347727	0.045455	
A/chicken/Wuhan/HAQL07/20	0.3468	0.2659	0.3815	0.2468	0.193	0.037	0.431	51.54	0.403	0.458	211	220	-0.324091	0.045455	
A/chicken/Wuhan/HAQL16/20	0.3430	0.2733	0.3779	0.2468	0.198	0.048	0.438	52.11	0.410	0.461	210	220	-0.335909	0.045455	
A/chicken/Wuxi/WX-32/2013	0.3391	0.2701	0.3943	0.2375	0.189	0.042	0.432	49.01	0.399	0.465	213	221	-0.335294	0.045249	
A/chicken/Wuxi/WX-33/2013	0.3371	0.2686	0.4000	0.2313	0.188	0.050	0.437	49.19	0.394	0.465	213	221	-0.321267	0.045249	
A/chicken/Xinjiang/17/200	0.3468	0.2659	0.4023	0.2250	0.186	0.019	0.420	52.26	0.387	0.465	212	221	-0.441629	0.040724	
A/chicken/Xinjiang/27/200	0.3430	0.2674	0.4023	0.2298	0.189	0.025	0.425	50.95	0.392	0.460	212	221	-0.397738	0.045249	
A/chicken/Xinjiang/53/200	0.3372	0.2733	0.4023	0.2298	0.190	0.033	0.429	50.83	0.396	0.463	212	221	-0.395928	0.045249	
A/chicken/Xinjiang/54/200	0.3430	0.2674	0.4023	0.2236	0.190	0.036	0.431	50.67	0.389	0.463	211	221	-0.425792	0.040724	
A/chicken/Xinjiang/67/200	0.3372	0.2733	0.4023	0.2298	0.190	0.033	0.429	50.83	0.396	0.463	212	221	-0.395928	0.045249	
A/chicken/Xinjiang/68/200	0.3430	0.2674	0.4057	0.2236	0.187	0.026	0.425	51.39	0.387	0.462	212	221	-0.413575	0.040724	
A/chicken/Yunnan/1/2014_H	0.3371	0.2686	0.4034	0.2250	0.179	0.027	0.423	51.96	0.390	0.460	213	221	-0.285520	0.045249	
A/chicken/Yunnan/207/2004	0.3314	0.2733	0.4023	0.2313	0.190	0.050	0.441	50.92	0.398	0.465	211	221	-0.350679	0.045249	
A/chicken/Yunnan/5686/200	0.3295	0.2717	0.4023	0.2313	0.185	0.044	0.436	50.55	0.398	0.466	211	221	-0.353394	0.045249	
A/chicken/Yunnan/6797/200	0.3295	0.2717	0.3966	0.2375	0.184	0.044	0.436	51.06	0.403	0.466	211	221	-0.353394	0.045249	
A/chicken/Yunnan/6885/200	0.3295	0.2717	0.4023	0.2313	0.185	0.044	0.436	50.55	0.398	0.466	211	221	-0.353394	0.045249	
A/condor/Guangdong/139/20	0.3256	0.2849	0.4104	0.2278	0.185	0.012	0.420	51.32	0.401	0.457	212	221	-0.362444	0.045249	
A/domestic_green-winged_t	0.3559	0.2542	0.4023	0.2353	0.142	-0.114	0.346	55.74	0.379	0.440	214	226	-0.328319	0.044248	
A/duck/Anhui/56/2005_H5N1	0.3333	0.2759	0.3966	0.2327	0.190	0.066	0.448	50.04	0.401	0.460	212	221	-0.331674	0.045249	
A/duck/China/0935/2017_H5	0.3391	0.2701	0.4080	0.2264	0.193	0.041	0.432	48.34	0.390	0.463	213	221	-0.332127	0.049774	
A/duck/China/1033/2017_H5	0.3391	0.2701	0.4080	0.2264	0.193	0.041	0.432	48.34	0.390	0.463	213	221	-0.332127	0.049774	
A/duck/China/E26/2012_H5N	0.3410	0.2775	0.3988	0.2188	0.188	0.047	0.436	50.51	0.393	0.460	211	221	-0.356561	0.045249	
A/duck/China/E53/2012_H5N	0.3391	0.2644	0.4091	0.2236	0.183	0.034	0.427	49.00	0.385	0.460	213	221	-0.324887	0.045249	
A/duck/Eastern_China/057/	0.3237	0.2832	0.3886	0.2437	0.198	0.076	0.458	50.66	0.415	0.466	212	221	-0.329864	0.045249	
A/duck/Eastern_China/108/	0.3372	0.2733	0.3837	0.2548	0.194	0.017	0.417	50.92	0.412	0.468	211	220	-0.350000	0.045455	
A/duck/Eastern_China/909/	0.3430	0.2733	0.3837	0.2484	0.190	0.009	0.412	50.48	0.408	0.465	211	220	-0.351818	0.045455	
A/duck/Guangdong/23/2004_	0.3276	0.2759	0.4000	0.2375	0.188	0.037	0.432	49.96	0.404	0.463	213	221	-0.342534	0.045249	
A/duck/Hubei/2911/2007_H5	0.3333	0.2759	0.3966	0.2313	0.192	0.039	0.434	48.49	0.401	0.462	212	221	-0.367873	0.045249	
A/duck/Hubei/49/2005_H5N1	0.3295	0.2832	0.3931	0.2405	0.197	0.053	0.443	48.75	0.410	0.460	212	221	-0.362896	0.049774	
A/duck/Hubei/xn/2007_H5N1	0.3295	0.2832	0.3908	0.2390	0.198	0.056	0.443	48.36	0.410	0.462	212	221	-0.360181	0.045249	
A/duck/Hunan/3/2007_H5N1|	0.3295	0.2775	0.4000	0.2313	0.196	0.079	0.458	50.48	0.401	0.463	212	221	-0.350226	0.045249	
A/duck/Hunan/316/2005_H5N	0.3237	0.2890	0.3851	0.2453	0.198	0.047	0.439	48.86	0.420	0.468	212	221	-0.339819	0.045249	
A/duck/Hunan/3315/2006_H5	0.3295	0.2775	0.4000	0.2327	0.184	0.049	0.439	49.75	0.401	0.459	212	221	-0.332127	0.045249	
A/duck/Hunan/689/2006_H5N	0.3410	0.2717	0.3815	0.2516	0.198	0.036	0.434	48.86	0.410	0.462	212	221	-0.386425	0.049774	
A/duck/Hunan/733/2004_H5N	0.3295	0.2775	0.4080	0.2264	0.188	0.047	0.439	50.28	0.396	0.459	212	221	-0.364253	0.045249	
A/duck/Hunan/8/2008_H5N1|	0.3179	0.2717	0.4148	0.2346	0.188	0.056	0.441	50.93	0.399	0.463	213	221	-0.392760	0.040724	
A/duck/Hunan/S4020/2008_H	0.3353	0.2775	0.3931	0.2313	0.193	0.061	0.445	52.37	0.403	0.462	211	221	-0.354299	0.045249	
A/duck/Hunan/S4030/2011_H	0.3237	0.2775	0.3873	0.2516	0.190	0.053	0.441	51.89	0.417	0.465	211	221	-0.369683	0.045249	
A/duck/Hunan/S4150/2011_H	0.3353	0.2775	0.3873	0.2390	0.191	0.046	0.436	52.57	0.408	0.462	211	221	-0.330769	0.045249	
A/duck/Hunan/S4220/2011_H	0.3391	0.2644	0.4034	0.2313	0.179	0.027	0.423	50.75	0.390	0.462	213	221	-0.299547	0.045249	
A/duck/Jiangxi/120/2011_H	0.3140	0.2791	0.4393	0.2075	0.183	0.040	0.436	51.89	0.384	0.453	211	220	-0.350455	0.045455	
A/duck/Jiangxi/130/2011_H	0.3353	0.2775	0.3895	0.2390	0.192	0.044	0.436	53.82	0.408	0.462	211	221	-0.322624	0.045249	
A/duck/Jiangxi/34/2011_H5	0.3448	0.2701	0.4034	0.2160	0.193	0.050	0.437	50.99	0.385	0.462	213	221	-0.323982	0.045249	
A/duck/Jiangxi/35/2011_H5	0.3353	0.2717	0.3920	0.2407	0.189	0.047	0.437	52.80	0.404	0.466	213	221	-0.300000	0.049774	
A/duck/Jiangxi/44/2011_H5	0.3526	0.2543	0.4146	0.2105	0.183	-0.026	0.395	51.83	0.371	0.459	205	213	-0.224883	0.056338	
A/duck/Jiangxi/80/2005_H5	0.3295	0.2832	0.3908	0.2390	0.197	0.057	0.443	46.98	0.410	0.462	212	221	-0.333937	0.045249	
A/duck/Jilin/JL-SIV/2013_	0.3468	0.2717	0.3815	0.2468	0.201	0.047	0.439	52.28	0.406	0.460	212	221	-0.360181	0.045249	
A/duck/Nanchang/9789/2013	0.3391	0.2701	0.4091	0.2188	0.183	0.027	0.423	51.77	0.385	0.460	213	221	-0.299547	0.045249	
A/duck/Shandong/009/2008_	0.3314	0.2849	0.3757	0.2611	0.206	0.061	0.448	50.85	0.425	0.465	212	221	-0.323529	0.049774	
A/duck/Sichuan/NCXN10/201	0.3429	0.2629	0.3898	0.2407	0.194	0.040	0.430	51.68	0.397	0.465	214	221	-0.288688	0.045249	
A/duck/Sichuan/NCXN11/201	0.3486	0.2629	0.3898	0.2346	0.191	0.042	0.430	52.28	0.393	0.463	214	221	-0.292308	0.045249	
A/duck/Wenzhou/YJYF33/201	0.3468	0.2659	0.3757	0.2516	0.193	0.031	0.427	51.99	0.408	0.460	211	221	-0.343891	0.045249	
A/duck/Yunnan/4072/2003_H	0.3276	0.2701	0.4057	0.2313	0.181	0.041	0.434	50.56	0.396	0.465	212	221	-0.341629	0.045249	
A/duck/Yunnan/426/2004_H5	0.3295	0.2717	0.4023	0.2313	0.185	0.044	0.436	50.46	0.398	0.465	211	221	-0.353394	0.045249	
A/duck/Yunnan/4645/2003_H	0.3295	0.2717	0.4023	0.2313	0.185	0.044	0.436	50.55	0.398	0.466	211	221	-0.353394	0.045249	
A/duck/Yunnan/47/2006_H5N	0.3353	0.2775	0.3966	0.2342	0.196	0.073	0.453	50.21	0.401	0.460	212	221	-0.340724	0.045249	
A/duck/Yunnan/485/2004_H5	0.3314	0.2733	0.4023	0.2313	0.190	0.050	0.441	50.92	0.398	0.465	211	221	-0.350679	0.045249	
A/duck/Yunnan/4873/2006_H	0.3333	0.2807	0.3931	0.2342	0.201	0.080	0.457	50.62	0.405	0.462	210	221	-0.338009	0.045249	
A/duck/Yunnan/5090/2003_H	0.3295	0.2717	0.4023	0.2313	0.185	0.044	0.436	50.55	0.398	0.466	211	221	-0.353394	0.045249	
A/duck/Yunnan/5169/2003_H	0.3295	0.2717	0.4023	0.2313	0.185	0.044	0.436	50.55	0.398	0.466	211	221	-0.353394	0.045249	
A/duck/Yunnan/522/2004_H5	0.3295	0.2717	0.4023	0.2313	0.185	0.044	0.436	50.46	0.398	0.465	211	221	-0.353394	0.045249	
A/duck/Yunnan/5310/2006_H	0.3333	0.2759	0.3793	0.2516	0.192	0.040	0.434	49.56	0.415	0.466	212	221	-0.346154	0.045249	
A/duck/Yunnan/5948/2003_H	0.3295	0.2717	0.4023	0.2313	0.185	0.044	0.436	50.55	0.398	0.466	211	221	-0.353394	0.045249	
A/duck/Yunnan/6080/2003_H	0.3295	0.2717	0.4023	0.2313	0.185	0.044	0.436	50.55	0.398	0.466	211	221	-0.353394	0.045249	
A/duck/Yunnan/6603/2003_H	0.3295	0.2717	0.4023	0.2313	0.185	0.044	0.436	50.55	0.398	0.466	211	221	-0.353394	0.045249	
A/duck/Zhejiang/1220092/2	0.3410	0.2717	0.3736	0.2484	0.195	0.052	0.441	53.43	0.412	0.465	211	221	-0.393213	0.045249	
A/duck/Zhejiang/213/2011_	0.3430	0.2733	0.4057	0.2188	0.193	0.050	0.439	48.00	0.387	0.459	212	221	-0.327149	0.045249	
A/duck/Zhejiang/224/2011_	0.3353	0.2775	0.4057	0.2174	0.194	0.052	0.439	49.41	0.392	0.465	212	221	-0.333032	0.045249	
A/duck/Zhejiang/2242/2011	0.3353	0.2775	0.4057	0.2174	0.194	0.052	0.439	49.41	0.392	0.465	212	221	-0.333032	0.045249	
A/duck/Zhejiang/2243/2011	0.3353	0.2775	0.4057	0.2174	0.194	0.052	0.439	49.41	0.392	0.465	212	221	-0.333032	0.045249	
A/duck/Zhejiang/2244/2011	0.3353	0.2775	0.4057	0.2174	0.194	0.052	0.439	49.41	0.392	0.465	212	221	-0.333032	0.045249	
A/duck/Zhejiang/2245/2011	0.3596	0.2360	0.4246	0.2134	0.188	0.030	0.429	48.41	0.355	0.448	217	226	-0.346903	0.044248	
A/duck/Zhejiang/2248/2011	0.3353	0.2775	0.4057	0.2174	0.194	0.052	0.439	49.41	0.392	0.465	212	221	-0.333032	0.045249	
A/equine/China/61/2010_H5	0.3237	0.2832	0.4023	0.2327	0.196	0.079	0.458	50.44	0.406	0.463	212	221	-0.364253	0.045249	
A/equine/China/67/2010_H5	0.3237	0.2832	0.4023	0.2327	0.196	0.079	0.458	50.44	0.406	0.463	212	221	-0.364253	0.045249	
A/equine/China/68/2010_H5	0.3237	0.2832	0.4023	0.2327	0.196	0.079	0.458	50.44	0.406	0.463	212	221	-0.364253	0.045249	
A/goose/China/E43/2012_H5	0.3371	0.2743	0.3977	0.2236	0.185	0.050	0.437	50.74	0.394	0.463	213	221	-0.310860	0.045249	
A/goose/Eastern_China/223	0.3295	0.2775	0.3943	0.2375	0.193	0.056	0.443	50.06	0.406	0.463	212	221	-0.352489	0.040724	
A/goose/GuangDong/1189/20	0.3605	0.2558	0.4136	0.2119	0.182	-0.035	0.390	52.02	0.371	0.452	205	213	-0.290141	0.056338	
A/goose/Guangdong/72/2004	0.3353	0.2717	0.4104	0.2308	0.180	-0.014	0.401	49.81	0.392	0.454	212	221	-0.351584	0.045249	
A/goose/Hubei/65/2005_H5N	0.3295	0.2832	0.3908	0.2390	0.196	0.059	0.443	49.14	0.410	0.462	212	221	-0.337557	0.045249	
A/goose/Inner_Mongolia/IM	0.3371	0.2528	0.4134	0.2303	0.189	0.038	0.433	49.56	0.382	0.463	217	226	-0.372566	0.044248	
A/goose/Jiangsu/k0403/201	0.3353	0.2775	0.3988	0.2250	0.193	0.063	0.445	52.12	0.398	0.459	211	221	-0.333484	0.045249	
A/goose/Yunnan/3798/2006_	0.3295	0.2775	0.4023	0.2342	0.193	0.065	0.448	50.76	0.401	0.460	212	221	-0.340724	0.045249	
A/goose/Yunnan/4371/2006_	0.3333	0.2807	0.3931	0.2342	0.202	0.086	0.462	51.10	0.405	0.463	210	221	-0.348869	0.045249	
A/goose/Yunnan/4389/2006_	0.3333	0.2807	0.3931	0.2342	0.202	0.086	0.462	51.10	0.405	0.463	210	221	-0.348869	0.045249	
A/goose/Yunnan/4985/2006_	0.3333	0.2807	0.3931	0.2342	0.201	0.080	0.457	50.62	0.405	0.462	210	221	-0.338009	0.045249	
A/goose/Yunnan/5141/2006_	0.3295	0.2775	0.4080	0.2293	0.196	0.078	0.458	50.13	0.396	0.456	212	221	-0.361538	0.045249	
A/goose/Yunnan/5769/2006_	0.3391	0.2701	0.3837	0.2548	0.189	0.016	0.420	49.65	0.410	0.462	212	221	-0.343891	0.049774	
A/goose/Yunnan/5979/2006_	0.3333	0.2759	0.3815	0.2532	0.191	0.032	0.429	49.61	0.415	0.465	212	221	-0.329864	0.049774	
A/goose/Yunnan/6193/2006_	0.3295	0.2775	0.4023	0.2327	0.193	0.074	0.453	51.11	0.401	0.462	212	221	-0.343439	0.045249	
A/goose/Zhejiang/112071/2	0.3333	0.2759	0.3977	0.2298	0.185	0.034	0.427	50.82	0.399	0.465	213	221	-0.350226	0.045249	
A/goose/Zhejiang/727098/2	0.3430	0.2733	0.3886	0.2360	0.192	0.049	0.439	52.57	0.401	0.462	212	221	-0.392760	0.045249	
A/great_black-headed_gull	0.3333	0.2759	0.3931	0.2298	0.193	0.052	0.441	51.61	0.403	0.465	211	221	-0.354299	0.045249	
A/great_crested-grebe/Qin	0.3410	0.2717	0.3988	0.2250	0.197	0.069	0.450	51.63	0.393	0.459	211	221	-0.354299	0.045249	
A/great_egret/Hong_Kong/8	0.3391	0.2701	0.4023	0.2264	0.192	0.059	0.443	49.99	0.392	0.460	212	221	-0.342986	0.045249	
A/great_tit/Panjing/PJ-66	0.3276	0.2816	0.3908	0.2360	0.185	0.027	0.425	53.40	0.410	0.465	212	221	-0.369683	0.045249	
A/grey_heron/Hong_Kong/10	0.3333	0.2759	0.3966	0.2327	0.192	0.059	0.443	50.11	0.401	0.463	212	221	-0.342986	0.045249	
A/grey_heron/Hong_Kong/30	0.3333	0.2759	0.4023	0.2264	0.193	0.067	0.448	50.03	0.396	0.462	212	221	-0.342986	0.045249	
A/hill_myna/Heilongjiang/	0.3391	0.2701	0.4000	0.2313	0.190	0.042	0.432	48.64	0.394	0.463	213	221	-0.337104	0.045249	
A/lesser_kestrel/Heilongj	0.3333	0.2759	0.3966	0.2313	0.195	0.055	0.443	48.40	0.401	0.462	212	221	-0.367873	0.045249	
A/lion/Hubei/1-2/2016_H5N	0.3295	0.2832	0.3757	0.2532	0.195	0.055	0.441	52.41	0.422	0.463	211	221	-0.331222	0.045249	
A/little_egret/Hong_Kong/	0.3333	0.2759	0.4023	0.2264	0.196	0.079	0.458	50.41	0.396	0.460	212	221	-0.352036	0.045249	
A/magpie_robin/Hong_Kong/	0.3333	0.2759	0.4023	0.2264	0.193	0.067	0.448	50.03	0.396	0.462	212	221	-0.342986	0.045249	
A/magpie_robin/Hong_Kong/	0.3314	0.2743	0.4000	0.2313	0.195	0.073	0.451	50.14	0.399	0.463	213	221	-0.334389	0.045249	
A/meerkat/Shanghai/SH-1/2	0.3333	0.2759	0.3943	0.2375	0.190	0.050	0.437	49.03	0.404	0.466	213	221	-0.335294	0.045249	
A/mink/China/G/2015_H5N1|	0.3410	0.2775	0.4148	0.2037	0.198	0.065	0.446	50.27	0.380	0.459	213	221	-0.319910	0.045249	
A/mink/China/XB/2015_H5N1	0.3353	0.2775	0.3757	0.2516	0.195	0.053	0.441	52.26	0.417	0.463	211	221	-0.354751	0.045249	
A/mink/Eastern_China/0712	0.3372	0.2733	0.3988	0.2222	0.151	-0.069	0.364	56.24	0.393	0.447	206	214	-0.260748	0.051402	
A/ostrich/Suzhou/097/2003	0.3353	0.2775	0.3943	0.2342	0.188	0.041	0.434	51.66	0.401	0.463	212	221	-0.371946	0.040724	
A/parrot/Guangdong/C99/20	0.3295	0.2775	0.4023	0.2327	0.188	0.039	0.434	50.95	0.401	0.463	212	221	-0.352941	0.045249	
A/partridge/Shantou/2886/	0.3396	0.2453	0.4012	0.2397	0.174	0.021	0.420	51.66	0.383	0.461	193	201	-0.322886	0.034826	
A/peacock/Yunnan/1/2015_H	0.3410	0.2717	0.3779	0.2532	0.193	0.045	0.436	51.81	0.412	0.462	211	221	-0.366968	0.045249	
A/peacock/Yunnan/3/2015_H	0.3410	0.2717	0.3779	0.2532	0.193	0.045	0.436	51.81	0.412	0.462	211	221	-0.366968	0.045249	
A/peregrine_falcon/Hong_K	0.3333	0.2701	0.3908	0.2453	0.191	0.071	0.453	50.80	0.406	0.465	212	221	-0.350226	0.045249	
A/pheasant/Shantou/3535/2	0.3353	0.2659	0.3931	0.2532	0.184	0.015	0.420	52.31	0.406	0.465	212	221	-0.393213	0.045249	
A/pheasant/Shantou/4567/2	0.3237	0.2832	0.4046	0.2357	0.188	0.041	0.434	50.16	0.406	0.462	212	221	-0.343439	0.045249	
A/pied_megpie/Liaoning/7/	0.3353	0.2717	0.4046	0.2372	0.180	-0.006	0.406	49.90	0.396	0.454	212	221	-0.351131	0.045249	
A/pigeon/Hubei/RP25/2012_	0.3143	0.2743	0.4080	0.2390	0.183	0.072	0.453	51.85	0.406	0.465	212	221	-0.376923	0.045249	
A/pigeon/Sichuan/NCXN29/2	0.3486	0.2629	0.3898	0.2346	0.191	0.042	0.430	52.28	0.393	0.463	214	221	-0.292308	0.045249	
A/pigeon/Zhejiang/112089/	0.3333	0.2759	0.3977	0.2298	0.185	0.034	0.427	50.82	0.399	0.465	213	221	-0.350226	0.045249	
A/pigeon/Zhejiang/112090/	0.3391	0.2701	0.4023	0.2327	0.188	0.034	0.427	48.51	0.394	0.460	213	221	-0.360634	0.045249	
A/pigeon/Zhejiang/727097/	0.3450	0.2749	0.3851	0.2375	0.192	0.053	0.441	53.29	0.403	0.462	211	221	-0.380995	0.045249	
A/plateau_pika/Qinghai/04	0.3391	0.2529	0.4217	0.2267	0.173	-0.030	0.391	48.94	0.377	0.451	207	213	-0.331925	0.051643	
A/quail/Guangxi/11/2002_H	0.3237	0.2775	0.3953	0.2532	0.184	0.024	0.425	52.01	0.415	0.466	212	221	-0.407240	0.045249	
A/quail/Guangxi/12/2002_H	0.3198	0.2849	0.3931	0.2516	0.184	0.017	0.420	52.81	0.420	0.468	212	221	-0.400000	0.040724	
A/quail/Guangxi/13/2002_H	0.3218	0.2759	0.4012	0.2468	0.183	0.039	0.434	52.18	0.410	0.466	212	221	-0.394570	0.045249	
A/quail/Nanchang/6631/201	0.3391	0.2701	0.4091	0.2188	0.183	0.027	0.423	51.77	0.385	0.460	213	221	-0.299547	0.045249	
A/shrike/Tibet/13/2006_H5	0.3468	0.2717	0.3851	0.2390	0.202	0.055	0.443	48.84	0.401	0.460	212	221	-0.341629	0.045249	
A/silky_chicken/Shantou/4	0.3333	0.2701	0.4000	0.2375	0.189	0.037	0.432	49.38	0.399	0.462	213	221	-0.342534	0.045249	
A/swan/Shanghai/10/2009_H	0.3314	0.2686	0.4000	0.2313	0.178	0.037	0.429	50.00	0.396	0.462	212	221	-0.337556	0.040724	
A/swine/Guangxi/592/2011_	0.3391	0.2759	0.4057	0.2174	0.193	0.049	0.437	49.62	0.390	0.460	213	221	-0.335747	0.049774	
A/swine/Jiangsu/1/2008_H5	0.3314	0.2791	0.4128	0.2293	0.188	0.042	0.439	51.46	0.396	0.452	212	221	-0.307240	0.049774	
A/swine/Jiangsu/2/2009_H5	0.3353	0.2775	0.3918	0.2500	0.196	0.041	0.434	51.07	0.410	0.456	212	221	-0.347059	0.045249	
A/swine/Shandong/SD1/2014	0.3353	0.2659	0.3953	0.2548	0.187	0.031	0.429	52.42	0.406	0.463	212	221	-0.394570	0.045249	
A/swine/Zhejiang/SW57/201	0.3430	0.2733	0.3886	0.2360	0.192	0.049	0.439	52.57	0.401	0.462	212	221	-0.392760	0.045249	
A/tiger/Yunnan/tig1404/20	0.3371	0.2686	0.3977	0.2313	0.183	0.027	0.423	51.02	0.394	0.465	213	221	-0.285973	0.045249	
A/tiger/Yunnan/tig1412/20	0.3391	0.2701	0.4034	0.2264	0.181	0.020	0.418	51.54	0.390	0.460	213	221	-0.276018	0.045249	
A/tiger/Yunnan/tig1508/20	0.3372	0.2791	0.3815	0.2453	0.202	0.068	0.450	52.69	0.412	0.462	211	221	-0.352036	0.045249	
A/turtle_dove/Guangdong/3	0.3372	0.2849	0.3908	0.2327	0.204	0.071	0.453	49.00	0.406	0.460	212	221	-0.355656	0.045249	
A/waterfowl/Hong_Kong/378	0.3237	0.2775	0.3953	0.2532	0.182	0.024	0.425	52.65	0.415	0.469	212	221	-0.407240	0.045249	
A/wild_duck/Fujian/1/2011	0.3391	0.2701	0.4091	0.2188	0.186	0.027	0.423	49.56	0.385	0.459	213	221	-0.310860	0.045249	
A/wild_duck/Fujian/2/2011	0.3391	0.2701	0.4091	0.2188	0.186	0.027	0.423	49.56	0.385	0.459	213	221	-0.310860	0.045249	
A/wild_duck/Jilin/HF/2011	0.3353	0.2832	0.3943	0.2236	0.194	0.057	0.443	52.33	0.401	0.457	212	221	-0.340724	0.045249	
A/wild_duck/Jilin/ZF/2011	0.3353	0.2775	0.3988	0.2250	0.193	0.061	0.445	51.52	0.398	0.459	211	221	-0.366063	0.045249	
A/wild_duck/Liaoning/8/20	0.3353	0.2717	0.4046	0.2372	0.180	-0.006	0.406	50.06	0.396	0.452	212	221	-0.352941	0.045249	
A/wild_duck/Shandong/1/20	0.3179	0.2890	0.4118	0.2244	0.189	0.047	0.438	53.42	0.405	0.461	210	220	-0.313637	0.050000	
A/wild_duck/Shandong/2/20	0.3410	0.2775	0.4046	0.2112	0.193	0.061	0.445	50.20	0.389	0.459	211	221	-0.354299	0.045249	
A/wild_duck/Shandong/628/	0.3164	0.2768	0.4246	0.2195	0.200	0.054	0.447	49.72	0.392	0.454	217	226	-0.298230	0.044248	
A/Hong_Kong/486/97       	0.2846	0.3146	0.4130	0.3002	0.200	0.005	0.426	51.41	0.457	0.441	678	704	-0.471307	0.078125	
A/Hong_Kong/538/97       	0.2871	0.3133	0.4168	0.2960	0.200	-0.001	0.423	51.38	0.453	0.439	678	704	-0.470455	0.078125	
A/Indonesia/5/2005       	0.3043	0.3043	0.4118	0.2917	0.203	-0.041	0.402	53.23	0.443	0.436	679	704	-0.472159	0.078125	
A/Pheasant/Hong_Kong/FY15	0.2981	0.3132	0.4004	0.3013	0.200	-0.021	0.412	53.25	0.457	0.440	679	704	-0.468466	0.078125	
A/Thailand/16/2004       	0.3006	0.3062	0.4118	0.2938	0.205	-0.032	0.406	53.76	0.446	0.438	679	704	-0.478693	0.078125	
A/chicken/Indonesia/7/200	0.3144	0.2992	0.4087	0.2902	0.204	-0.033	0.407	53.24	0.438	0.435	678	704	-0.480256	0.078125	
A/Chicken/HongKong/FY150/	0.2981	0.3151	0.4034	0.2938	0.200	-0.028	0.408	53.57	0.454	0.440	679	704	-0.458949	0.078125	
A/Chicken/HongKong/YU822.	0.3038	0.3075	0.4106	0.2881	0.197	-0.030	0.407	53.83	0.444	0.438	678	704	-0.488210	0.079545	
A/Chicken/HongKong/YU562/	0.2981	0.3075	0.4099	0.2965	0.200	-0.030	0.406	53.23	0.449	0.440	679	704	-0.456960	0.078125	
A/chicken/Korea/ES/03    	0.2698	0.3340	0.4259	0.2786	0.200	-0.011	0.419	51.98	0.459	0.443	678	704	-0.493608	0.079545	
A/Vietnam/UT3062/2004    	0.3025	0.3043	0.4118	0.2938	0.204	-0.035	0.405	53.90	0.445	0.438	679	704	-0.476562	0.078125	
A/Hong_Kong/156/97       	0.2865	0.3127	0.4130	0.3002	0.198	-0.003	0.422	51.57	0.456	0.441	678	704	-0.470739	0.078125	
A/whooper_swan/Mongolia/2	0.3051	0.3013	0.4202	0.2839	0.203	-0.030	0.408	53.18	0.436	0.434	679	704	-0.476136	0.078125	
A/Hong_Kong/483/1997     	0.2828	0.3258	0.4107	0.2942	0.196	-0.009	0.419	51.25	0.461	0.440	677	704	-0.469034	0.079545	
A/Hong_Kong/482/97       	0.2865	0.3127	0.4149	0.2981	0.198	-0.000	0.423	51.50	0.454	0.440	678	704	-0.471307	0.078125	
A/Anas_platyrhynchos/Chon	0.2750	0.3239	0.4023	0.3117	0.199	-0.044	0.399	53.17	0.473	0.446	679	704	-0.461080	0.078125	
A/Anas_platyrhynchos/Jiuj	0.2750	0.3239	0.4023	0.3117	0.199	-0.044	0.399	53.17	0.473	0.446	679	704	-0.461080	0.078125	
A/Anhui/1/2005|EPI_ISL_24	0.2911	0.3100	0.4400	0.2710	0.198	-0.031	0.407	53.05	0.432	0.432	678	704	-0.472727	0.078125	
A/Anhui/1/2006|EPI_ISL_73	0.2930	0.3081	0.4392	0.2704	0.198	-0.028	0.409	52.04	0.431	0.431	678	704	-0.473580	0.078125	
A/Anhui/2/2005|EPI_ISL_24	0.2925	0.3075	0.4392	0.2725	0.200	-0.026	0.409	52.84	0.432	0.431	679	704	-0.464915	0.078125	
A/Anser_cygnoides/China/P	0.2959	0.3034	0.4229	0.2851	0.184	-0.066	0.386	52.77	0.440	0.436	678	704	-0.454830	0.078125	
A/Anser_fabalis/Jiujiang/	0.2750	0.3239	0.4023	0.3117	0.199	-0.044	0.399	53.17	0.473	0.446	679	704	-0.461080	0.078125	
A/Bar-headed_Goose/Qingha	0.2938	0.2994	0.4592	0.2521	0.182	-0.058	0.391	52.44	0.413	0.429	678	704	-0.486932	0.078125	
A/Bar-headed_Goose/Tibet/	0.2787	0.3183	0.4118	0.3040	0.194	-0.045	0.399	54.14	0.462	0.441	679	704	-0.458949	0.078125	
A/Bar-headed_Goose/Tibet/	0.2787	0.3183	0.4118	0.3040	0.194	-0.045	0.399	54.14	0.462	0.441	679	704	-0.458949	0.078125	
A/Black_faced_Spoonbill/A	0.2860	0.3182	0.4297	0.2765	0.196	-0.030	0.407	53.08	0.444	0.443	678	716	-0.485196	0.094972	
A/Black_Faced_Spoonbill/H	0.2838	0.3120	0.4175	0.2965	0.193	-0.032	0.406	54.21	0.454	0.441	679	704	-0.468182	0.078125	
A/Black_Faced_Spoonbill/H	0.2841	0.3182	0.4373	0.2708	0.195	-0.028	0.409	52.57	0.440	0.437	678	704	-0.477131	0.079545	
A/Black-necked_Grebe/Inne	0.2927	0.3021	0.4580	0.2547	0.182	-0.056	0.392	52.31	0.416	0.428	678	704	-0.489204	0.079545	
A/Black-necked_Grebe/Inne	0.2938	0.3013	0.4582	0.2526	0.184	-0.058	0.391	51.97	0.414	0.427	678	704	-0.481392	0.078125	
A/Black-necked_Grebe/Inne	0.2925	0.3019	0.4592	0.2516	0.184	-0.055	0.392	51.94	0.414	0.427	678	704	-0.491903	0.076705	
A/Black-necked_Grebe/Inne	0.2938	0.3013	0.4582	0.2526	0.184	-0.058	0.391	51.97	0.414	0.427	678	704	-0.481392	0.078125	
A/Black-necked_Grebe/Inne	0.2938	0.3013	0.4582	0.2526	0.184	-0.058	0.391	51.97	0.414	0.427	678	704	-0.481392	0.078125	
A/Black-necked_Grebe/Inne	0.2938	0.3013	0.4582	0.2526	0.184	-0.058	0.391	51.97	0.414	0.427	678	704	-0.481392	0.078125	
A/Black-necked_Grebe/Inne	0.2925	0.3019	0.4592	0.2516	0.184	-0.055	0.392	51.94	0.414	0.427	678	704	-0.491903	0.076705	
A/Black-necked_Grebe/Inne	0.2925	0.3019	0.4583	0.2510	0.184	-0.056	0.391	52.04	0.414	0.427	678	704	-0.481960	0.076705	
A/chicken/Anhui/S1740/202	0.2900	0.3126	0.4171	0.2902	0.194	-0.043	0.400	53.45	0.450	0.441	678	703	-0.480512	0.078236	
A/chicken/China/Cangzhou0	0.2755	0.3245	0.4042	0.3096	0.199	-0.041	0.401	53.27	0.471	0.445	679	704	-0.466051	0.078125	
A/chicken/China/E93/2012|	0.2876	0.3158	0.4400	0.2630	0.193	-0.015	0.416	51.34	0.434	0.433	678	704	-0.499148	0.078125	
A/chicken/China/E96/2012|	0.2857	0.3158	0.4381	0.2672	0.193	-0.022	0.412	50.95	0.437	0.435	678	704	-0.495455	0.078125	
A/chicken/Gansu/5/2012|EP	0.2820	0.3195	0.4400	0.2646	0.195	-0.015	0.416	51.09	0.438	0.436	678	704	-0.495881	0.078125	
A/chicken/Gansu/6/2012|EP	0.2895	0.3139	0.4400	0.2630	0.192	-0.020	0.413	51.23	0.432	0.432	678	704	-0.499148	0.078125	
A/chicken/Guangxi/S2039/2	0.2906	0.3057	0.4497	0.2615	0.192	-0.046	0.398	51.45	0.423	0.429	678	704	-0.469602	0.079545	
A/chicken/Hubei/2856/2007	0.2825	0.3145	0.4451	0.2667	0.201	-0.012	0.418	53.82	0.434	0.434	680	704	-0.476136	0.078125	
A/chicken/Hunan/1793/2007	0.3036	0.3074	0.4118	0.2902	0.201	-0.039	0.404	53.66	0.444	0.437	678	704	-0.467614	0.078125	
A/chicken/Hunan/3157/2006	0.2906	0.3094	0.4392	0.2737	0.195	-0.031	0.406	52.62	0.433	0.431	679	704	-0.473438	0.078125	
A/chicken/Hunan/S10029/20	0.3000	0.2962	0.4497	0.2615	0.188	-0.058	0.391	51.27	0.416	0.428	678	704	-0.478125	0.078125	
A/chicken/Jiangsu/03.17_W	0.2830	0.3057	0.4367	0.2848	0.197	-0.025	0.410	53.06	0.440	0.434	680	704	-0.471875	0.078125	
A/chicken/Jiangsu/927/201	0.2919	0.3032	0.4487	0.2642	0.185	-0.048	0.397	51.44	0.423	0.429	678	704	-0.481250	0.078125	
A/chicken/Jiangsu/2477/20	0.2970	0.2970	0.4563	0.2558	0.183	-0.058	0.391	52.03	0.413	0.427	678	704	-0.477841	0.078125	
A/chicken/Jiangsu/k0402/2	0.2782	0.3120	0.4375	0.2797	0.197	-0.018	0.414	52.18	0.442	0.438	679	704	-0.458097	0.078125	
A/chicken/Jiangsu/SE2228/	0.2994	0.2957	0.4582	0.2537	0.187	-0.048	0.397	51.71	0.410	0.426	678	704	-0.475568	0.078125	
A/chicken/Jiangsu/YB7/201	0.2768	0.3145	0.4329	0.2854	0.193	-0.023	0.412	53.37	0.447	0.436	680	704	-0.466477	0.078125	
A/chicken/Jiangxi/25/2011	0.3038	0.2962	0.4489	0.2562	0.193	-0.043	0.400	52.37	0.413	0.428	678	704	-0.462216	0.078125	
A/chicken/Jiangxi/S40653/	0.2914	0.3102	0.4163	0.2923	0.192	-0.046	0.398	53.50	0.449	0.441	679	704	-0.478835	0.078125	
A/chicken/Jilin/04.12_MHK	0.2908	0.3002	0.4525	0.2642	0.180	-0.066	0.386	51.58	0.421	0.429	679	704	-0.478409	0.078125	
A/chicken/Jilin/04.12_MHK	0.2908	0.3002	0.4516	0.2636	0.180	-0.066	0.386	51.67	0.421	0.429	679	704	-0.474574	0.078125	
A/chicken/Jilin/04.12_MHK	0.2908	0.3002	0.4516	0.2636	0.180	-0.066	0.386	51.67	0.421	0.429	679	704	-0.474574	0.078125	
A/chicken/Jilin/04.12_MHK	0.2908	0.3002	0.4516	0.2636	0.180	-0.066	0.386	51.67	0.421	0.429	679	704	-0.474574	0.078125	
A/chicken/Jilin/04.25_MHK	0.2932	0.2989	0.4506	0.2642	0.180	-0.060	0.389	52.04	0.420	0.429	678	704	-0.477841	0.078125	
A/chicken/Jilin/S1255/201	0.2976	0.3013	0.4516	0.2547	0.186	-0.052	0.394	52.67	0.416	0.428	678	704	-0.472727	0.078125	
A/chicken/Jilin/S1271/201	0.2981	0.3019	0.4516	0.2547	0.188	-0.050	0.395	52.79	0.416	0.428	678	704	-0.471875	0.078125	
A/chicken/Liaoning/S4092/	0.2873	0.3176	0.4381	0.2672	0.199	-0.013	0.417	51.24	0.437	0.434	678	704	-0.489347	0.078125	
A/chicken/Liaoning/SD035/	0.2994	0.2994	0.4525	0.2552	0.186	-0.055	0.392	52.79	0.414	0.427	678	704	-0.479687	0.078125	
A/chicken/Ningxia/2/2012|	0.2820	0.3195	0.4419	0.2625	0.194	-0.017	0.414	51.06	0.437	0.435	678	704	-0.495881	0.078125	
A/chicken/Ningxia/222/201	0.2820	0.3195	0.4419	0.2625	0.194	-0.017	0.414	51.06	0.437	0.435	678	704	-0.495881	0.078125	
A/chicken/Shandong/12.03_	0.2844	0.3051	0.4310	0.2890	0.196	-0.025	0.410	52.98	0.443	0.435	680	704	-0.466903	0.078125	
A/Chicken/Shandong/J01/20	0.2932	0.3045	0.4542	0.2547	0.188	-0.056	0.391	50.62	0.418	0.428	677	704	-0.468608	0.078125	
A/Chicken/Shandong/J02/20	0.2806	0.3220	0.4400	0.2651	0.196	-0.013	0.417	50.76	0.440	0.436	678	704	-0.481960	0.079545	
A/Chicken/Shandong/J03/20	0.2844	0.3164	0.4400	0.2672	0.196	-0.018	0.414	50.66	0.437	0.435	678	704	-0.494602	0.078125	
A/Chicken/Shandong/J04/20	0.2844	0.3145	0.4381	0.2708	0.193	-0.022	0.412	51.02	0.438	0.436	678	704	-0.492046	0.078125	
A/Chicken/Shandong/J06/20	0.2825	0.3089	0.4383	0.2777	0.195	-0.027	0.409	52.10	0.438	0.437	678	704	-0.458097	0.078125	
A/chicken/Shanghai/S1123/	0.2925	0.3075	0.4544	0.2537	0.189	-0.048	0.397	51.53	0.419	0.428	678	704	-0.480398	0.076705	
A/chicken/Shanghai/S4030/	0.2919	0.2976	0.4564	0.2610	0.185	-0.056	0.392	51.42	0.417	0.428	679	704	-0.479261	0.078125	
A/chicken/Wuxi/WX-32/2013	0.2895	0.3045	0.4516	0.2594	0.185	-0.058	0.391	51.27	0.422	0.429	678	704	-0.478693	0.078125	
A/chicken/Wuxi/WX-33/2013	0.2900	0.3051	0.4525	0.2600	0.186	-0.056	0.392	51.26	0.422	0.429	678	704	-0.481392	0.078125	
A/chicken/Xinjiang/S1016/	0.2925	0.3075	0.4563	0.2516	0.188	-0.051	0.395	51.28	0.417	0.428	678	704	-0.480398	0.076705	
A/chicken/Xinjiang/S1081/	0.2906	0.3094	0.4601	0.2474	0.188	-0.051	0.395	51.21	0.416	0.427	678	704	-0.480398	0.076705	
A/chicken/Xinjiang/S1170/	0.2925	0.3075	0.4563	0.2516	0.188	-0.051	0.395	51.28	0.417	0.428	678	704	-0.480398	0.076705	
A/chicken/Yunnan/1/2014|E	0.2972	0.3028	0.4221	0.2851	0.185	-0.066	0.386	52.51	0.439	0.436	679	704	-0.450426	0.078125	
A/condor/Guangdong/139/20	0.3081	0.2987	0.4186	0.2872	0.198	-0.028	0.409	53.95	0.434	0.432	679	704	-0.472017	0.078125	
A/Curlew/Hong_Kong/AFCD-H	0.2863	0.3070	0.4213	0.2965	0.192	-0.045	0.399	53.45	0.449	0.439	679	704	-0.467330	0.078125	
A/Cygnus_columbianus/Hube	0.2917	0.3125	0.4267	0.2812	0.193	-0.048	0.397	53.06	0.442	0.438	678	704	-0.480966	0.079545	
A/Cygnus_columbianus/Hube	0.2860	0.3163	0.4221	0.2875	0.192	-0.048	0.397	53.10	0.450	0.440	678	704	-0.477131	0.079545	
A/Cygnus_columbianus/Hube	0.2917	0.3125	0.4259	0.2807	0.193	-0.048	0.397	53.17	0.442	0.438	678	704	-0.477557	0.079545	
A/Cygnus_columbianus/Hube	0.2898	0.3144	0.4259	0.2807	0.193	-0.048	0.397	53.14	0.444	0.439	678	704	-0.477557	0.079545	
A/domestic_green-winged_t	0.2895	0.3120	0.4259	0.2824	0.198	-0.032	0.406	53.81	0.443	0.438	679	704	-0.480682	0.078125	
A/duck/China/E26/2012|EPI	0.2814	0.3096	0.4367	0.2792	0.194	-0.029	0.407	52.35	0.440	0.437	680	704	-0.462216	0.078125	
A/duck/China/E53/2012|EPI	0.2906	0.3057	0.4516	0.2600	0.190	-0.049	0.397	51.15	0.422	0.428	678	704	-0.472301	0.078125	
A/duck/Eastern_China/108/	0.3051	0.2976	0.4406	0.2668	0.196	-0.049	0.397	52.21	0.421	0.429	677	704	-0.490625	0.079545	
A/duck/Eastern_China/909/	0.3021	0.2889	0.4362	0.2851	0.198	-0.051	0.396	51.52	0.426	0.430	680	704	-0.486648	0.079545	
A/duck/Fujian/S1233/2018(	0.2938	0.3032	0.4544	0.2558	0.186	-0.056	0.392	51.53	0.417	0.429	678	704	-0.488210	0.076705	
A/duck/Fujian/S1273/2018(	0.2938	0.3032	0.4544	0.2558	0.186	-0.056	0.392	51.53	0.417	0.429	678	704	-0.488210	0.076705	
A/Duck/Fujian/S4146/2010|	0.2970	0.3008	0.4478	0.2594	0.189	-0.047	0.397	52.07	0.419	0.430	678	704	-0.458523	0.078125	
A/duck/Guangdong/S4518/20	0.2790	0.3127	0.4216	0.2979	0.191	-0.050	0.396	53.99	0.455	0.440	682	704	-0.459375	0.078125	
A/duck/Guangdong/S4525/20	0.2801	0.3139	0.4213	0.2952	0.193	-0.048	0.397	54.02	0.454	0.441	680	704	-0.467188	0.078125	
A/duck/Guizhou/S1321/2022	0.2825	0.3145	0.4213	0.2917	0.193	-0.045	0.399	54.07	0.452	0.440	679	704	-0.467756	0.078125	
A/duck/Guizhou/S1711/2024	0.2962	0.3057	0.4125	0.3011	0.187	-0.067	0.386	53.69	0.449	0.437	679	704	-0.462074	0.078125	
A/duck/Hubei/03.06__WHWTZ	0.2731	0.3145	0.4375	0.2860	0.195	-0.023	0.412	52.62	0.447	0.436	680	704	-0.457244	0.079545	
A/duck/Hubei/46/2009|EPI_	0.2763	0.3233	0.4216	0.2881	0.209	0.024	0.438	53.73	0.456	0.445	680	704	-0.454261	0.078125	
A/duck/Hubei/2911/2007|EP	0.2943	0.3038	0.4381	0.2752	0.193	-0.038	0.403	52.88	0.431	0.431	678	704	-0.468324	0.078125	
A/duck/Hubei/S4465/2021(H	0.2895	0.3120	0.4183	0.2902	0.191	-0.046	0.398	53.38	0.449	0.440	679	704	-0.482528	0.078125	
A/duck/Hubei/SE128/2022(H	0.2895	0.3120	0.4183	0.2902	0.193	-0.041	0.401	53.47	0.449	0.441	679	704	-0.478835	0.078125	
A/duck/Hubei/SE220/2022(H	0.2787	0.3164	0.4213	0.2938	0.193	-0.048	0.398	54.16	0.455	0.441	679	704	-0.462500	0.078125	
A/duck/Hubei/xn/2007|EPI_	0.2782	0.3158	0.4392	0.2773	0.197	-0.021	0.412	51.70	0.442	0.435	679	704	-0.455398	0.078125	
A/duck/Hunan/03.07_YYGK1L	0.2964	0.3039	0.4474	0.2643	0.198	-0.013	0.417	51.77	0.423	0.428	679	704	-0.478835	0.078125	
A/duck/Hunan/12.07__YYGK4	0.2906	0.3057	0.4497	0.2610	0.189	-0.044	0.400	52.36	0.423	0.429	678	704	-0.484375	0.078125	
A/duck/Hunan/12.07__YYGK9	0.2825	0.3126	0.4564	0.2547	0.192	-0.043	0.399	50.41	0.424	0.430	679	704	-0.474858	0.078125	
A/duck/Hunan/12.07_YYGK00	0.2825	0.3126	0.4564	0.2547	0.192	-0.043	0.399	50.41	0.424	0.430	679	704	-0.474858	0.078125	
A/duck/Hunan/12.07_YYGK10	0.2895	0.3064	0.4527	0.2557	0.191	-0.036	0.404	52.39	0.421	0.429	679	704	-0.485511	0.078125	
A/duck/Hunan/316/2005|EPI	0.2949	0.3043	0.4332	0.2794	0.194	-0.042	0.400	53.30	0.434	0.433	677	704	-0.471875	0.076705	
A/duck/Hunan/689/2006|EPI	0.2911	0.3081	0.4381	0.2758	0.191	-0.042	0.400	52.93	0.434	0.432	678	704	-0.474574	0.078125	
A/duck/Hunan/3315/2006|EP	0.2860	0.3125	0.4362	0.2794	0.195	-0.036	0.404	52.81	0.440	0.433	678	704	-0.484517	0.078125	
A/duck/Hunan/S4020/2008|E	0.2943	0.3057	0.4489	0.2594	0.193	-0.044	0.399	51.51	0.421	0.428	679	704	-0.470312	0.076705	
A/duck/Hunan/S4030/2011|E	0.2876	0.3064	0.4537	0.2542	0.188	-0.042	0.400	51.50	0.420	0.430	678	704	-0.472869	0.076705	
A/duck/Hunan/S4150/2011|E	0.2787	0.3126	0.4326	0.2860	0.197	-0.019	0.414	52.92	0.446	0.438	679	704	-0.459943	0.078125	
A/duck/Hunan/S4220/2011|E	0.2970	0.3045	0.4449	0.2594	0.191	-0.043	0.400	51.82	0.422	0.430	678	704	-0.462216	0.078125	
A/duck/Jiangsu/S4439/2017	0.2925	0.2981	0.4668	0.2490	0.186	-0.050	0.395	51.98	0.409	0.425	678	704	-0.475568	0.078125	
A/duck/Jiangsu/SE1128/201	0.2919	0.2994	0.4563	0.2600	0.185	-0.055	0.392	51.47	0.417	0.428	678	704	-0.475568	0.078125	
A/duck/Jiangxi/34/2011|EP	0.3032	0.2976	0.4470	0.2562	0.192	-0.045	0.398	52.29	0.414	0.429	678	704	-0.457813	0.078125	
A/duck/Jiangxi/35/2011|EP	0.3045	0.3008	0.4432	0.2542	0.194	-0.040	0.401	52.13	0.416	0.429	678	704	-0.453409	0.078125	
A/duck/Jiangxi/44/2011|EP	0.2828	0.3127	0.4487	0.2632	0.195	-0.015	0.415	52.62	0.430	0.432	679	704	-0.480398	0.076705	
A/duck/Jiangxi/120/2011|E	0.2911	0.3138	0.4278	0.2788	0.200	-0.034	0.406	53.12	0.441	0.434	678	704	-0.471023	0.078125	
A/duck/Jiangxi/130/2011|E	0.2792	0.3094	0.4337	0.2881	0.200	-0.014	0.417	52.51	0.445	0.438	679	704	-0.451705	0.078125	
A/duck/Jiangxi/S40833/202	0.2895	0.3120	0.4144	0.2944	0.192	-0.046	0.398	53.54	0.452	0.442	679	704	-0.478835	0.078125	
A/duck/Jilin/04.04_SY002-	0.2957	0.2994	0.4514	0.2605	0.183	-0.063	0.388	51.90	0.418	0.429	677	704	-0.480540	0.078125	
A/duck/Jilin/JL-SIV/2013|	0.2898	0.3125	0.4419	0.2668	0.201	-0.024	0.411	52.19	0.431	0.429	677	704	-0.474148	0.079545	
A/duck/Jilin/S1261/2019(H	0.2976	0.3013	0.4516	0.2547	0.186	-0.052	0.394	52.67	0.416	0.428	678	704	-0.472727	0.078125	
A/duck/Jilin/S4171/2019(H	0.2919	0.3013	0.4563	0.2579	0.185	-0.048	0.397	52.14	0.417	0.427	678	704	-0.475568	0.078125	
A/duck/Nanchang/9789/2013	0.2994	0.3013	0.4419	0.2636	0.191	-0.044	0.399	52.25	0.422	0.431	677	704	-0.458949	0.078125	
A/duck/Shandong/009/2008|	0.2654	0.3421	0.4240	0.2809	0.203	0.027	0.438	53.70	0.465	0.443	682	704	-0.480682	0.078125	
A/Duck/Shandong/Y01/2009|	0.2801	0.3102	0.4413	0.2756	0.198	-0.018	0.414	52.33	0.437	0.436	679	704	-0.458097	0.078125	
A/Duck/Shandong/Y02/2009|	0.2838	0.3064	0.4413	0.2756	0.194	-0.028	0.408	52.20	0.434	0.436	679	704	-0.457528	0.078125	
A/duck/Sichuan/NCXN10/201	0.2970	0.3045	0.4449	0.2594	0.191	-0.043	0.400	51.82	0.422	0.430	678	704	-0.462216	0.078125	
A/duck/Sichuan/NCXN11/201	0.3008	0.3008	0.4278	0.2782	0.188	-0.061	0.389	51.93	0.432	0.433	678	704	-0.462216	0.078125	
A/duck/Xinjiang/S1066/201	0.2925	0.3075	0.4563	0.2516	0.188	-0.051	0.395	51.28	0.417	0.428	678	704	-0.480398	0.076705	
A/duck/Xinjiang/S1126/201	0.2925	0.3075	0.4563	0.2510	0.189	-0.048	0.397	51.38	0.417	0.428	678	704	-0.480824	0.076705	
A/duck/Zhejiang/1220092/2	0.2895	0.3026	0.4582	0.2558	0.184	-0.055	0.392	51.35	0.417	0.429	678	704	-0.477841	0.078125	
A/duck/Zhejiang/S4091/201	0.2938	0.2976	0.4629	0.2542	0.186	-0.053	0.394	51.06	0.412	0.425	678	704	-0.483523	0.078125	
A/equine/China/61/2010|EP	0.2892	0.3119	0.4449	0.2642	0.197	-0.031	0.407	52.22	0.429	0.431	678	704	-0.468750	0.078125	
A/equine/China/67/2010|EP	0.2873	0.3138	0.4449	0.2642	0.197	-0.027	0.409	52.22	0.431	0.431	678	704	-0.465341	0.078125	
A/equine/China/68/2010|EP	0.2892	0.3119	0.4421	0.2657	0.196	-0.035	0.404	52.27	0.431	0.432	678	704	-0.467330	0.076705	
A/Eurasian_Teal/Hong_Kong	0.2827	0.3207	0.4297	0.2786	0.197	-0.038	0.403	53.25	0.447	0.440	678	704	-0.473011	0.079545	
A/Eurasian_Teal/Hong_Kong	0.2822	0.3220	0.4335	0.2723	0.196	-0.033	0.406	53.03	0.444	0.440	678	704	-0.473864	0.079545	
A/Eurasian_Wigeon/Hong_Ko	0.2822	0.3220	0.4335	0.2723	0.196	-0.033	0.406	53.03	0.444	0.440	678	704	-0.473864	0.079545	
A/Eurasian_Wigeon/Hong_Ko	0.2822	0.3220	0.4335	0.2723	0.196	-0.033	0.406	53.03	0.444	0.440	678	704	-0.473864	0.079545	
A/Falco_peregrinus/Beijin	0.2898	0.3125	0.4364	0.2708	0.192	-0.044	0.398	52.50	0.435	0.435	678	704	-0.457386	0.079545	
A/Fujian/1/2005|EPI_ISL_2	0.3030	0.3087	0.4099	0.2929	0.204	-0.039	0.404	53.51	0.446	0.437	679	704	-0.457670	0.078125	
A/Fujian/1/2007|EPI_ISL_7	0.2992	0.3068	0.4440	0.2594	0.196	-0.037	0.403	52.56	0.422	0.428	678	704	-0.463636	0.076705	
A/Gallinago_Stenura/Hong_	0.2822	0.3220	0.4335	0.2723	0.196	-0.033	0.406	53.03	0.444	0.440	678	704	-0.473864	0.079545	
A/goose/China/E43/2012|EP	0.3045	0.2970	0.4478	0.2552	0.192	-0.045	0.398	51.76	0.413	0.429	678	704	-0.453409	0.078125	
A/goose/Guangdong/SH7/201	0.2957	0.3051	0.4326	0.2735	0.188	-0.048	0.397	53.05	0.432	0.433	678	704	-0.462784	0.078125	
A/goose/Guizhou/S1541/202	0.2825	0.3145	0.4231	0.2896	0.193	-0.042	0.401	54.05	0.451	0.440	679	704	-0.467756	0.078125	
A/goose/Hunan/SE284/2022(	0.2817	0.3195	0.4231	0.2881	0.192	-0.044	0.399	52.96	0.452	0.441	679	704	-0.472869	0.078125	
A/goose/Inner_Mongolia/IM	0.2881	0.3145	0.4259	0.2830	0.197	-0.023	0.411	52.50	0.445	0.438	679	704	-0.461648	0.076705	
A/goose/Jiangsu/k0403/201	0.2792	0.3208	0.4354	0.2773	0.198	-0.022	0.412	52.42	0.445	0.435	679	704	-0.468182	0.078125	
A/goose/Jilin/S4034/2019(	0.2957	0.2994	0.4516	0.2578	0.188	-0.055	0.392	52.75	0.417	0.430	678	704	-0.473011	0.078125	
A/goose/Shandong/03.10_HZ	0.2914	0.3008	0.4544	0.2600	0.182	-0.063	0.388	51.41	0.419	0.429	678	704	-0.477841	0.078125	
A/goose/Shandong/GS/2013(	0.2946	0.3002	0.4516	0.2589	0.187	-0.043	0.399	51.66	0.418	0.429	679	704	-0.479261	0.078125	
A/goose/Zhejiang/112071/2	0.2951	0.2989	0.4516	0.2594	0.182	-0.058	0.391	51.65	0.417	0.429	678	704	-0.465909	0.078125	
A/goose/Zhejiang/727098/2	0.2932	0.3026	0.4476	0.2647	0.184	-0.062	0.389	51.11	0.423	0.429	678	704	-0.483523	0.079545	
A/Great_black-headed_Gull	0.2938	0.2994	0.4573	0.2542	0.182	-0.060	0.389	52.48	0.414	0.429	678	704	-0.486932	0.078125	
A/Great_black-headed_Gull	0.2938	0.2994	0.4573	0.2542	0.182	-0.060	0.389	52.48	0.414	0.429	678	704	-0.486932	0.078125	
A/Great_Cormorant/Hubei/c	0.2763	0.3120	0.4358	0.2848	0.196	-0.016	0.416	52.96	0.445	0.436	681	704	-0.463210	0.078125	
A/Great_Cormorant/Hubei/c	0.2782	0.3102	0.4340	0.2869	0.195	-0.021	0.413	52.98	0.445	0.436	681	704	-0.463210	0.078125	
A/Great_Cormorant/Hubei/V	0.2782	0.3139	0.4264	0.2911	0.199	-0.016	0.416	53.04	0.451	0.438	681	704	-0.463210	0.078125	
A/Great_Cormorant/Hubei/V	0.2782	0.3139	0.4264	0.2911	0.199	-0.016	0.416	53.04	0.451	0.438	681	704	-0.463210	0.078125	
A/Great_Cormorant/Hubei/V	0.2801	0.3102	0.4302	0.2890	0.196	-0.024	0.411	53.20	0.446	0.436	681	704	-0.463210	0.078125	
A/Guangdong/1/2006|EPI_IS	0.2911	0.3081	0.4430	0.2683	0.196	-0.029	0.407	52.39	0.429	0.429	678	704	-0.477131	0.079545	
A/Guangdong/1/2008|EPI_IS	0.2892	0.3081	0.4466	0.2679	0.197	-0.027	0.409	52.57	0.428	0.430	677	704	-0.466335	0.079545	
A/Guangdong/2/2006|EPI_IS	0.2949	0.3062	0.4487	0.2600	0.196	-0.038	0.403	51.66	0.422	0.429	678	704	-0.468750	0.078125	
A/Guangxi/1/2005|EPI_ISL_	0.2911	0.3100	0.4457	0.2647	0.198	-0.031	0.407	52.25	0.428	0.430	678	704	-0.470170	0.079545	
A/Guangxi/1/2005|EPI_ISL_	0.2911	0.3100	0.4457	0.2647	0.198	-0.031	0.407	52.25	0.428	0.430	678	704	-0.470170	0.079545	
A/Guangxi/1/2008|EPI_ISL_	0.2925	0.3075	0.4497	0.2573	0.198	-0.035	0.404	52.29	0.422	0.429	678	704	-0.470170	0.076705	
A/Guizhou/1/2009|EPI_ISL_	0.2892	0.3100	0.4457	0.2657	0.199	-0.025	0.410	52.70	0.429	0.431	678	704	-0.473153	0.079545	
A/hill_myna/Heilongjiang/	0.2900	0.3051	0.4516	0.2594	0.186	-0.051	0.395	51.94	0.422	0.429	678	704	-0.476562	0.078125	
A/Hong_Kong/5923/2012|EPI	0.3026	0.2989	0.4392	0.2657	0.189	-0.053	0.394	52.76	0.422	0.431	678	704	-0.462216	0.078125	
A/Hunan/1/2006|EPI_ISL_79	0.2854	0.3138	0.4459	0.2636	0.197	-0.028	0.409	52.22	0.431	0.432	678	704	-0.464915	0.078125	
A/Hunan/1/2008|EPI_ISL_73	0.3169	0.2941	0.4015	0.3021	0.201	-0.041	0.402	54.33	0.442	0.436	679	704	-0.473580	0.078125	
A/Hunan/2/2009|EPI_ISL_79	0.2917	0.3087	0.4438	0.2678	0.202	-0.025	0.410	52.61	0.429	0.430	678	704	-0.460511	0.079545	
A/Japanese_white-eye/Taoy	0.2900	0.3051	0.4487	0.2642	0.185	-0.056	0.392	51.71	0.425	0.429	678	704	-0.481108	0.078125	
A/Jiangsu/1/2007|EPI_ISL_	0.2917	0.3068	0.4411	0.2737	0.200	-0.028	0.409	52.30	0.431	0.429	678	704	-0.465341	0.078125	
A/Jiangsu/2/2007|EPI_ISL_	0.2917	0.3068	0.4411	0.2737	0.200	-0.028	0.409	52.30	0.431	0.429	678	704	-0.465341	0.078125	
A/Jiangxi/1/2005|EPI_ISL_	0.3030	0.3087	0.4042	0.2985	0.205	-0.036	0.405	53.59	0.451	0.439	679	704	-0.470455	0.078125	
A/lesser_kestrel/Heilongj	0.2900	0.3070	0.4354	0.2794	0.192	-0.042	0.401	52.93	0.436	0.433	679	704	-0.471023	0.078125	
A/lion/Hubei/1-2/2016|EPI	0.2809	0.3052	0.4367	0.2854	0.193	-0.026	0.410	53.07	0.441	0.435	681	704	-0.458239	0.078125	
A/mallard/Heilongjiang/HL	0.2679	0.3396	0.4400	0.2668	0.212	0.042	0.449	54.07	0.451	0.438	680	704	-0.491477	0.078125	
A/mandarin_duck/Heilongji	0.2712	0.3277	0.4183	0.2950	0.191	-0.038	0.402	53.86	0.464	0.444	679	704	-0.468040	0.078125	
A/mandarin_duck/Henan/426	0.2846	0.3169	0.4305	0.2818	0.193	-0.044	0.400	53.00	0.445	0.438	678	704	-0.480114	0.079545	
A/meerkat/Shanghai/SH-1/2	0.2938	0.3013	0.4421	0.2699	0.187	-0.048	0.397	52.25	0.426	0.431	678	704	-0.473864	0.076705	
A/mink/China/G/2015|EPI_I	0.2976	0.2976	0.4516	0.2583	0.193	-0.037	0.403	51.88	0.416	0.429	678	704	-0.462642	0.078125	
A/mink/China/XB/2015|EPI_	0.2763	0.3120	0.4275	0.2925	0.193	-0.025	0.410	53.27	0.451	0.438	681	704	-0.458097	0.076705	
A/mink/Eastern_China/0712	0.3251	0.2833	0.4408	0.2653	0.183	-0.067	0.386	53.36	0.406	0.422	677	704	-0.464489	0.078125	
A/Nanjing/1/2015|EPI_ISL_	0.2801	0.3064	0.4358	0.2869	0.194	-0.026	0.410	53.12	0.442	0.435	681	704	-0.465767	0.076705	
A/ostrich/Suzhou/097/2003	0.3011	0.3068	0.4125	0.2950	0.205	-0.021	0.414	53.40	0.446	0.437	679	704	-0.481818	0.079545	
A/parrot/Guangdong/C99/20	0.3019	0.3075	0.4118	0.2896	0.203	-0.033	0.406	53.39	0.445	0.438	679	704	-0.466051	0.079545	
A/peacock/Yunnan/1/2015|E	0.2806	0.3126	0.4272	0.2896	0.198	-0.020	0.413	53.25	0.449	0.436	680	704	-0.470028	0.078125	
A/peacock/Yunnan/3/2015|E	0.2787	0.3126	0.4291	0.2896	0.199	-0.020	0.413	53.11	0.449	0.436	680	704	-0.470028	0.078125	
A/pigeon/Hubei/RP25/2012|	0.2906	0.3151	0.4354	0.2689	0.198	-0.045	0.398	52.94	0.435	0.432	678	704	-0.458807	0.076705	
A/pigeon/Jiangsu/12.22_TC	0.2970	0.2970	0.4489	0.2636	0.181	-0.064	0.387	52.21	0.418	0.428	679	704	-0.479972	0.079545	
A/pigeon/Jiangxi/S40784/2	0.2914	0.3102	0.4183	0.2902	0.192	-0.043	0.399	53.51	0.448	0.440	679	704	-0.478835	0.078125	
A/pigeon/Jilin/04.25_CCHL	0.2871	0.3058	0.4590	0.2542	0.186	-0.053	0.394	51.00	0.419	0.429	678	704	-0.474716	0.078125	
A/pigeon/Jilin/S4176/2019	0.2919	0.2994	0.4563	0.2600	0.184	-0.050	0.395	52.11	0.417	0.427	678	704	-0.475568	0.078125	
A/pigeon/Sichuan/NCXN29/2	0.3008	0.3008	0.4286	0.2788	0.188	-0.061	0.389	51.93	0.432	0.433	678	704	-0.466619	0.078125	
A/pigeon/Zhejiang/112089/	0.2932	0.3008	0.4506	0.2621	0.182	-0.060	0.389	51.83	0.420	0.431	678	704	-0.479119	0.078125	
A/pigeon/Zhejiang/112090/	0.2895	0.3026	0.4582	0.2558	0.184	-0.055	0.392	51.35	0.417	0.429	678	704	-0.477841	0.078125	
A/pigeon/Zhejiang/727097/	0.2951	0.3008	0.4476	0.2647	0.183	-0.064	0.388	51.12	0.422	0.429	678	704	-0.483523	0.079545	
A/plateau_pika/Qinghai/04	0.2983	0.3058	0.4133	0.2941	0.198	-0.021	0.412	52.64	0.446	0.436	679	704	-0.472443	0.078125	
A/quail/Nanchang/6631/201	0.3013	0.2994	0.4419	0.2636	0.192	-0.041	0.400	52.00	0.421	0.430	677	704	-0.458949	0.078125	
A/Shandong/1/2009|EPI_ISL	0.2973	0.3011	0.4392	0.2725	0.199	-0.024	0.411	52.52	0.427	0.430	677	704	-0.478693	0.078125	
A/Sichuan/1/2006|EPI_ISL_	0.2949	0.3062	0.4419	0.2689	0.197	-0.035	0.404	52.87	0.428	0.430	678	704	-0.477415	0.078125	
A/Sichuan/2/2006|EPI_ISL_	0.2968	0.3043	0.4400	0.2710	0.199	-0.028	0.409	52.94	0.428	0.430	678	704	-0.476278	0.078125	
A/Spatula_querquedula/Cho	0.2750	0.3239	0.4023	0.3117	0.199	-0.044	0.399	53.17	0.473	0.446	679	704	-0.461080	0.078125	
A/swine/Shandong/SD1/2014	0.2957	0.3145	0.4038	0.2985	0.205	-0.027	0.409	54.22	0.457	0.442	679	704	-0.475710	0.078125	
A/tiger/Yunnan/tig1404/20	0.3002	0.3002	0.4324	0.2746	0.187	-0.061	0.389	52.18	0.429	0.432	678	704	-0.462216	0.078125	
A/tiger/Yunnan/tig1412/20	0.3008	0.2989	0.4411	0.2662	0.191	-0.042	0.400	52.26	0.422	0.429	678	704	-0.458381	0.078125	
A/tiger/Yunnan/tig1508/20	0.2768	0.3070	0.4291	0.2973	0.194	-0.030	0.407	53.32	0.450	0.438	680	704	-0.466903	0.078125	
A/tundra_swan/Fujian/SD12	0.2841	0.3201	0.4316	0.2744	0.196	-0.032	0.406	53.18	0.444	0.440	678	704	-0.479119	0.079545	
A/turtle_dove/Guangdong/3	0.2911	0.3100	0.4389	0.2737	0.198	-0.031	0.407	53.12	0.434	0.432	678	704	-0.476847	0.078125	
A/turtle_dove/Hunan/S4004	0.2782	0.3083	0.4313	0.2905	0.195	-0.021	0.413	53.42	0.446	0.437	681	704	-0.455682	0.078125	
A/whooper_swan/Henan/8/20	0.2846	0.3169	0.4305	0.2818	0.195	-0.041	0.401	53.02	0.445	0.438	678	704	-0.480114	0.079545	
A/whooper_swan/Henan/14/2	0.2846	0.3169	0.4305	0.2818	0.195	-0.041	0.401	53.02	0.445	0.438	678	704	-0.480114	0.079545	
A/whooper_swan/Henan/44/2	0.2846	0.3169	0.4305	0.2818	0.195	-0.041	0.401	53.02	0.445	0.438	678	704	-0.480114	0.079545	
A/whooper_swan/Henan/45/2	0.2846	0.3169	0.4305	0.2818	0.195	-0.041	0.401	53.02	0.445	0.438	678	704	-0.480114	0.079545	
A/whooper_swan/Henan/46/2	0.2846	0.3169	0.4305	0.2818	0.195	-0.041	0.401	53.02	0.445	0.438	678	704	-0.480114	0.079545	
A/whooper_swan/Henan/424/	0.2846	0.3169	0.4305	0.2818	0.193	-0.044	0.400	53.00	0.445	0.438	678	704	-0.480114	0.079545	
A/whooper_swan/Henan/SMX1	0.2900	0.3032	0.4573	0.2542	0.183	-0.057	0.391	52.16	0.417	0.429	678	704	-0.483381	0.078125	
A/whooper_swan/Henan/SMX3	0.2914	0.3026	0.4582	0.2526	0.182	-0.057	0.391	52.15	0.416	0.428	678	704	-0.482812	0.078125	
A/whooper_swan/Henan/SMX4	0.2932	0.3026	0.4563	0.2526	0.184	-0.057	0.391	52.23	0.416	0.428	678	704	-0.482812	0.078125	
A/whooper_swan/Henan/SMX9	0.2914	0.3026	0.4582	0.2526	0.182	-0.057	0.391	52.15	0.416	0.428	678	704	-0.482812	0.078125	
A/whooper_swan/Shanxi/14/	0.2846	0.3150	0.4305	0.2839	0.195	-0.041	0.401	52.82	0.445	0.438	678	704	-0.480114	0.079545	
A/whooper_swan/Shanxi/20/	0.2846	0.3169	0.4305	0.2818	0.195	-0.041	0.401	53.02	0.445	0.438	678	704	-0.480114	0.079545	
A/wild_duck/Fujian/1/2011	0.3013	0.2994	0.4459	0.2583	0.190	-0.039	0.401	51.90	0.417	0.430	678	704	-0.464489	0.078125	
A/wild_duck/Fujian/2/2011	0.3013	0.2994	0.4442	0.2593	0.192	-0.034	0.404	52.37	0.418	0.430	679	704	-0.458381	0.078125	
A/wild_duck/Hebei/SD012/2	0.2865	0.3131	0.4305	0.2812	0.197	-0.032	0.406	53.40	0.443	0.438	677	704	-0.480824	0.079545	
A/wild_duck/Jilin/HF/2011	0.2792	0.3094	0.4358	0.2822	0.197	-0.020	0.412	52.39	0.442	0.438	679	704	-0.455256	0.078125	
A/wild_duck/Jilin/ZF/2011	0.2702	0.3189	0.4451	0.2741	0.197	-0.011	0.418	50.81	0.443	0.438	680	704	-0.456392	0.076705	
A/wild_duck/Shandong/1/20	0.2801	0.3214	0.4411	0.2646	0.196	-0.009	0.420	51.41	0.439	0.436	679	704	-0.511364	0.079545	
A/wild_duck/Shandong/2/20	0.2844	0.3070	0.4375	0.2797	0.197	-0.023	0.411	52.32	0.437	0.436	679	704	-0.457244	0.078125	
A/wild_duck/Shandong/628/	0.3220	0.2844	0.4321	0.2710	0.192	-0.066	0.387	53.26	0.414	0.426	677	704	-0.474574	0.080966	
A/Xinjiang/1/2006|EPI_ISL	0.3057	0.3000	0.4175	0.2875	0.201	-0.040	0.402	52.68	0.437	0.435	679	704	-0.476136	0.078125	
A/Xinjiang/1/2009|EPI_ISL	0.2938	0.3051	0.4480	0.2578	0.200	-0.033	0.405	51.27	0.421	0.431	679	704	-0.459091	0.078125	
A/Zhejiang/1/2006|EPI_ISL	0.2911	0.3100	0.4400	0.2716	0.197	-0.033	0.406	53.16	0.432	0.431	678	704	-0.465341	0.078125	
A/Anas_platyrhynchos/jiuj	0.2750	0.3239	0.4023	0.3117	0.199	-0.044	0.399	53.17	0.473	0.446	679	704	-0.461080	0.078125	
A/Anhui/1/2006_H5N1|GCA_0	0.2930	0.3081	0.4392	0.2704	0.198	-0.028	0.409	52.04	0.431	0.431	678	704	-0.473580	0.078125	
A/Anhui/1/2007_H5N1|GCA_0	0.2930	0.3119	0.4362	0.2710	0.196	-0.033	0.406	53.56	0.434	0.432	678	704	-0.473295	0.078125	
A/Anhui/2/2005_H5N1|GCA_0	0.2925	0.3075	0.4392	0.2725	0.200	-0.026	0.409	52.84	0.432	0.431	679	704	-0.464915	0.078125	
A/Anser_cygnoides/China/P	0.2959	0.3034	0.4229	0.2851	0.184	-0.066	0.386	52.77	0.440	0.436	678	704	-0.454830	0.078125	
A/Anser_fabalis/jiujiang/	0.2750	0.3239	0.4023	0.3117	0.199	-0.044	0.399	53.17	0.473	0.446	679	704	-0.461080	0.078125	
A/Anser_fabalis/jiujiang/	0.2750	0.3239	0.4023	0.3117	0.199	-0.044	0.399	53.17	0.473	0.446	679	704	-0.461080	0.078125	
A/Anser_fabalis/jiujiang/	0.2750	0.3239	0.4023	0.3117	0.199	-0.044	0.399	53.17	0.473	0.446	679	704	-0.461080	0.078125	
A/Duck/Jiangxi/631/2024_H	0.2811	0.3189	0.4023	0.3124	0.196	-0.043	0.399	53.41	0.468	0.446	679	704	-0.469460	0.076705	
A/Guangdong/1/2008_H5N1|G	0.2892	0.3081	0.4466	0.2679	0.197	-0.027	0.409	52.57	0.428	0.430	677	704	-0.466335	0.079545	
A/Guangdong/2/2006_H5N1|G	0.2949	0.3062	0.4487	0.2600	0.196	-0.038	0.403	51.66	0.422	0.429	678	704	-0.468750	0.078125	
A/Guangxi/1/2005_H5N1|GCA	0.2898	0.3125	0.4381	0.2725	0.198	-0.037	0.404	52.62	0.435	0.433	678	704	-0.481108	0.079545	
A/Guangxi/1/2008_H5N1|GCA	0.2925	0.3075	0.4497	0.2573	0.198	-0.035	0.404	52.29	0.422	0.429	678	704	-0.470170	0.076705	
A/Guizhou/1/2009_H5N1|GCA	0.2892	0.3100	0.4457	0.2657	0.199	-0.025	0.410	52.70	0.429	0.431	678	704	-0.473153	0.079545	
A/Hunan/1/2008_H5N1|GCA_0	0.3169	0.2941	0.4015	0.3021	0.201	-0.041	0.402	54.33	0.442	0.436	679	704	-0.473580	0.078125	
A/Hunan/2/2009_H5N1|GCA_0	0.2917	0.3087	0.4438	0.2678	0.202	-0.025	0.410	52.61	0.429	0.430	678	704	-0.460511	0.079545	
A/Japanese_white-eye/Taoy	0.2900	0.3051	0.4487	0.2642	0.185	-0.056	0.392	51.71	0.425	0.429	678	704	-0.481108	0.078125	
A/Nanjing/1/2015_H5N1|GCA	0.2801	0.3064	0.4358	0.2869	0.194	-0.026	0.410	53.12	0.442	0.435	681	704	-0.465767	0.076705	
A/Shandong/1/2009_H5N1|GC	0.2973	0.3011	0.4392	0.2725	0.199	-0.024	0.411	52.52	0.427	0.430	677	704	-0.478693	0.078125	
A/Spatula_querquedula/cho	0.2750	0.3239	0.4023	0.3117	0.199	-0.044	0.399	53.17	0.473	0.446	679	704	-0.461080	0.078125	
A/Wild_bird/Huadong/CM120	0.2782	0.3102	0.4358	0.2854	0.193	-0.024	0.411	53.12	0.443	0.434	681	704	-0.463352	0.078125	
A/Wild_bird/Huadong/DT10/	0.2932	0.3008	0.4573	0.2526	0.183	-0.061	0.389	52.80	0.414	0.428	678	704	-0.470170	0.078125	
A/Wild_bird/Huadong/JYWB4	0.2919	0.3032	0.4525	0.2594	0.184	-0.058	0.391	51.76	0.420	0.429	678	704	-0.482670	0.078125	
A/Xinjiang/1/2009_H5N1|GC	0.2938	0.3051	0.4480	0.2578	0.200	-0.033	0.405	51.27	0.421	0.431	679	704	-0.459091	0.078125	
A/avian/Hong_Kong/0719/20	0.2887	0.3094	0.4544	0.2563	0.195	-0.033	0.406	52.05	0.422	0.428	678	704	-0.468040	0.078125	
A/avian/Hong_Kong/1993/20	0.2892	0.3100	0.4516	0.2579	0.194	-0.033	0.406	52.17	0.423	0.428	678	704	-0.467898	0.078125	
A/avian/Hong_Kong/2372/20	0.2943	0.3057	0.4506	0.2584	0.195	-0.033	0.406	52.30	0.420	0.428	678	704	-0.461648	0.078125	
A/bar-headed_goose/Qingha	0.3028	0.3009	0.4253	0.2754	0.202	-0.028	0.408	52.28	0.432	0.436	681	704	-0.482812	0.078125	
A/bar-headed_goose/Tibet/	0.3075	0.2981	0.4213	0.2839	0.204	-0.033	0.406	52.85	0.433	0.433	679	704	-0.473438	0.079545	
A/brown-headed_gull/Qingh	0.2779	0.3176	0.4354	0.2782	0.201	-0.011	0.418	52.30	0.445	0.438	677	703	-0.481223	0.078236	
A/brown-headed_gull/Qingh	0.2779	0.3195	0.4370	0.2762	0.201	-0.009	0.419	51.83	0.445	0.438	677	704	-0.473580	0.079545	
A/chicken/China/Cangzhou0	0.2755	0.3245	0.4042	0.3096	0.199	-0.041	0.401	53.27	0.471	0.445	679	704	-0.466051	0.078125	
A/chicken/China/E93/2012_	0.2876	0.3158	0.4400	0.2630	0.193	-0.015	0.416	51.34	0.434	0.433	678	704	-0.499148	0.078125	
A/chicken/China/E96/2012_	0.2857	0.3158	0.4381	0.2672	0.193	-0.022	0.412	50.95	0.437	0.435	678	704	-0.495455	0.078125	
A/chicken/Eastern_China/Z	0.2930	0.3138	0.4259	0.2794	0.197	-0.041	0.401	53.02	0.441	0.434	678	704	-0.463636	0.078125	
A/chicken/Eastern_China/Z	0.2968	0.3100	0.4316	0.2725	0.198	-0.038	0.403	52.95	0.434	0.432	678	704	-0.464063	0.078125	
A/chicken/Fujian/1/2007_H	0.2992	0.3068	0.4440	0.2594	0.196	-0.037	0.403	52.56	0.422	0.428	678	704	-0.463636	0.076705	
A/chicken/Gansu/5/2012_H5	0.2820	0.3195	0.4400	0.2646	0.195	-0.015	0.416	51.09	0.438	0.436	678	704	-0.495881	0.078125	
A/chicken/Gansu/6/2012_H5	0.2895	0.3139	0.4400	0.2630	0.192	-0.020	0.413	51.23	0.432	0.432	678	704	-0.499148	0.078125	
A/chicken/Guangdong/1/200	0.3043	0.3043	0.4175	0.2848	0.208	-0.034	0.406	53.05	0.439	0.437	679	704	-0.479119	0.078125	
A/chicken/Guangxi/S2039/2	0.2906	0.3057	0.4497	0.2615	0.192	-0.046	0.398	51.45	0.423	0.429	678	704	-0.469602	0.079545	
A/chicken/Guizhou/7/2008_	0.2932	0.3083	0.4330	0.2764	0.194	-0.025	0.409	53.67	0.436	0.434	677	704	-0.511222	0.078125	
A/chicken/Hebei/A-8/2009_	0.2748	0.3252	0.4359	0.2716	0.190	-0.025	0.410	51.88	0.447	0.439	678	704	-0.502699	0.078125	
A/chicken/Henan/A-7/2006_	0.2755	0.3264	0.4286	0.2797	0.196	-0.021	0.413	52.08	0.453	0.442	678	704	-0.505114	0.078125	
A/chicken/Huadong/4/2008_	0.2801	0.3233	0.4324	0.2746	0.194	-0.014	0.417	52.30	0.446	0.438	679	705	-0.498298	0.078014	
A/chicken/Hubei/2856/2007	0.2825	0.3145	0.4451	0.2667	0.201	-0.012	0.418	53.82	0.434	0.434	680	704	-0.476136	0.078125	
A/chicken/Hunan/1793/2007	0.3036	0.3074	0.4118	0.2902	0.201	-0.039	0.404	53.66	0.444	0.437	678	704	-0.467614	0.078125	
A/chicken/Hunan/21/2005_H	0.2949	0.3081	0.4419	0.2679	0.200	-0.023	0.412	52.71	0.428	0.429	678	704	-0.456676	0.078125	
A/chicken/Hunan/3/2007_H5	0.2925	0.3057	0.4601	0.2495	0.192	-0.041	0.401	51.47	0.414	0.426	678	704	-0.482955	0.078125	
A/chicken/Hunan/3157/2006	0.2906	0.3094	0.4392	0.2737	0.195	-0.031	0.406	52.62	0.433	0.431	679	704	-0.473438	0.078125	
A/chicken/Hunan/8/2008_H5	0.2744	0.3195	0.4392	0.2767	0.201	-0.005	0.421	51.70	0.445	0.438	679	704	-0.466335	0.078125	
A/chicken/Jiangsu/18/2008	0.2777	0.3265	0.4332	0.2704	0.196	-0.002	0.423	52.33	0.447	0.439	678	704	-0.498722	0.078125	
A/chicken/Jiangsu/2477/20	0.2970	0.2970	0.4563	0.2558	0.183	-0.058	0.391	52.03	0.413	0.427	678	704	-0.477841	0.078125	
A/chicken/Jiangsu/927/201	0.2919	0.3032	0.4487	0.2642	0.185	-0.048	0.397	51.44	0.423	0.429	678	704	-0.481250	0.078125	
A/chicken/Jiangsu/YB7/201	0.2768	0.3145	0.4329	0.2854	0.193	-0.023	0.412	53.37	0.447	0.436	680	704	-0.466477	0.078125	
A/chicken/Jiangsu/k0402/2	0.2782	0.3120	0.4375	0.2797	0.197	-0.018	0.414	52.18	0.442	0.438	679	704	-0.458097	0.078125	
A/chicken/Jiangxi/25/2011	0.3038	0.2962	0.4489	0.2562	0.193	-0.043	0.400	52.37	0.413	0.428	678	704	-0.462216	0.078125	
A/chicken/Liaoning/23/200	0.3057	0.3000	0.4194	0.2854	0.202	-0.038	0.404	52.65	0.436	0.434	679	704	-0.476136	0.078125	
A/chicken/Liaoning/A-1/20	0.2750	0.3296	0.4171	0.2881	0.196	-0.017	0.414	52.30	0.462	0.444	678	704	-0.500142	0.078125	
A/chicken/Liaoning/S4092/	0.2873	0.3176	0.4381	0.2672	0.199	-0.013	0.417	51.24	0.437	0.434	678	704	-0.489347	0.078125	
A/chicken/Ningxia/2/2012_	0.2820	0.3195	0.4419	0.2625	0.194	-0.017	0.414	51.06	0.437	0.435	678	704	-0.495881	0.078125	
A/chicken/Ningxia/222/201	0.2820	0.3195	0.4419	0.2625	0.194	-0.017	0.414	51.06	0.437	0.435	678	704	-0.495881	0.078125	
A/chicken/Ningxia/24/2006	0.2736	0.3302	0.4305	0.2762	0.196	-0.016	0.416	52.05	0.453	0.440	678	704	-0.511932	0.078125	
A/chicken/North_China/k06	0.2930	0.3100	0.4297	0.2788	0.197	-0.048	0.397	53.17	0.438	0.433	678	704	-0.455682	0.078125	
A/chicken/Shandong/A-10/2	0.2774	0.3226	0.4373	0.2720	0.199	-0.013	0.417	50.91	0.444	0.439	678	704	-0.480540	0.078125	
A/chicken/Shantou/3744/20	0.2708	0.3352	0.4267	0.2797	0.203	-0.015	0.417	52.08	0.459	0.442	678	704	-0.490483	0.078125	
A/chicken/Shanxi/10/2006_	0.2712	0.3333	0.4256	0.2782	0.196	-0.014	0.417	51.65	0.458	0.443	677	704	-0.491193	0.078125	
A/chicken/Sheny/0606/2008	0.2741	0.3270	0.4299	0.2759	0.201	-0.016	0.416	51.66	0.451	0.442	678	704	-0.485653	0.078125	
A/chicken/Sichuan/81/2005	0.2930	0.3043	0.4411	0.2731	0.193	-0.040	0.401	52.77	0.429	0.430	678	704	-0.470881	0.076705	
A/chicken/Wuhan/HAQL07/20	0.2768	0.3126	0.4310	0.2896	0.195	-0.020	0.413	53.23	0.449	0.437	680	704	-0.466477	0.078125	
A/chicken/Wuhan/HAQL16/20	0.2768	0.3126	0.4310	0.2896	0.195	-0.020	0.413	53.23	0.449	0.437	680	704	-0.466477	0.078125	
A/chicken/Wuxi/WX-32/2013	0.2895	0.3045	0.4516	0.2594	0.185	-0.058	0.391	51.27	0.422	0.429	678	704	-0.478693	0.078125	
A/chicken/Wuxi/WX-33/2013	0.2900	0.3051	0.4525	0.2600	0.186	-0.056	0.392	51.26	0.422	0.429	678	704	-0.481392	0.078125	
A/chicken/Xinjiang/17/200	0.2655	0.3390	0.4332	0.2725	0.198	-0.006	0.422	52.31	0.457	0.441	678	704	-0.500710	0.078125	
A/chicken/Xinjiang/27/200	0.2679	0.3358	0.4349	0.2710	0.201	-0.010	0.420	51.17	0.454	0.442	676	704	-0.491477	0.079545	
A/chicken/Xinjiang/53/200	0.2660	0.3358	0.4362	0.2720	0.199	-0.011	0.419	51.23	0.454	0.441	678	704	-0.489062	0.079545	
A/chicken/Xinjiang/54/200	0.2647	0.3403	0.4313	0.2767	0.199	-0.009	0.420	51.91	0.460	0.441	678	704	-0.498437	0.078125	
A/chicken/Xinjiang/67/200	0.2655	0.3371	0.4316	0.2756	0.202	-0.004	0.423	51.20	0.458	0.443	679	704	-0.486364	0.079545	
A/chicken/Xinjiang/68/200	0.2642	0.3396	0.4313	0.2767	0.198	-0.014	0.417	51.86	0.460	0.442	678	704	-0.495739	0.078125	
A/chicken/Yunnan/1/2014_H	0.2972	0.3028	0.4221	0.2851	0.185	-0.066	0.386	52.51	0.439	0.436	679	704	-0.450426	0.078125	
A/chicken/Yunnan/207/2004	0.3081	0.3025	0.4231	0.2777	0.202	-0.032	0.406	52.98	0.432	0.431	679	704	-0.476278	0.078125	
A/chicken/Yunnan/5686/200	0.3100	0.3025	0.4213	0.2771	0.203	-0.032	0.406	53.09	0.432	0.432	679	704	-0.480114	0.078125	
A/chicken/Yunnan/6797/200	0.3100	0.3025	0.4194	0.2792	0.204	-0.032	0.406	52.92	0.433	0.432	679	704	-0.480114	0.078125	
A/chicken/Yunnan/6885/200	0.3081	0.3025	0.4231	0.2771	0.203	-0.035	0.405	52.69	0.432	0.432	679	704	-0.480114	0.078125	
A/condor/Guangdong/139/20	0.3081	0.2987	0.4186	0.2872	0.198	-0.028	0.409	53.95	0.434	0.432	679	704	-0.472017	0.078125	
A/domestic_green-winged_t	0.2895	0.3120	0.4259	0.2824	0.198	-0.032	0.406	53.81	0.443	0.438	679	704	-0.480682	0.078125	
A/duck/Anhui/56/2005_H5N1	0.3011	0.3106	0.4099	0.2929	0.205	-0.038	0.404	53.09	0.448	0.437	679	704	-0.463068	0.078125	
A/duck/China/0935/2017_H5	0.2925	0.2981	0.4592	0.2573	0.185	-0.055	0.392	51.25	0.414	0.427	678	704	-0.475568	0.078125	
A/duck/China/1033/2017_H5	0.2925	0.2981	0.4592	0.2573	0.185	-0.055	0.392	51.25	0.414	0.427	678	704	-0.475568	0.078125	
A/duck/China/E26/2012_H5N	0.2814	0.3096	0.4367	0.2792	0.194	-0.029	0.407	52.35	0.440	0.437	680	704	-0.462216	0.078125	
A/duck/China/E53/2012_H5N	0.2906	0.3057	0.4516	0.2600	0.190	-0.049	0.397	51.15	0.422	0.428	678	704	-0.472301	0.078125	
A/duck/Eastern_China/057/	0.2962	0.3113	0.4373	0.2647	0.200	-0.033	0.406	52.84	0.429	0.430	678	704	-0.470313	0.079545	
A/duck/Eastern_China/108/	0.3051	0.2976	0.4406	0.2668	0.196	-0.049	0.397	52.21	0.421	0.429	677	704	-0.490625	0.079545	
A/duck/Eastern_China/909/	0.3021	0.2889	0.4362	0.2851	0.198	-0.051	0.396	51.52	0.426	0.430	680	704	-0.486648	0.079545	
A/duck/Guangdong/23/2004_	0.3026	0.3083	0.4114	0.2812	0.201	-0.025	0.410	54.08	0.442	0.441	676	704	-0.493040	0.073864	
A/duck/Hubei/2911/2007_H5	0.2943	0.3038	0.4381	0.2752	0.193	-0.038	0.403	52.88	0.431	0.431	678	704	-0.468324	0.078125	
A/duck/Hubei/49/2005_H5N1	0.2911	0.3100	0.4438	0.2668	0.197	-0.030	0.407	52.92	0.429	0.431	678	704	-0.473864	0.078125	
A/duck/Hubei/xn/2007_H5N1	0.2782	0.3158	0.4392	0.2773	0.197	-0.021	0.412	51.70	0.442	0.435	679	704	-0.455398	0.078125	
A/duck/Hunan/3/2007_H5N1|	0.2925	0.3057	0.4556	0.2500	0.193	-0.040	0.401	51.19	0.416	0.429	678	704	-0.466903	0.076705	
A/duck/Hunan/316/2005_H5N	0.2949	0.3043	0.4332	0.2794	0.194	-0.042	0.400	53.30	0.434	0.433	677	704	-0.471875	0.076705	
A/duck/Hunan/3315/2006_H5	0.2860	0.3125	0.4362	0.2794	0.195	-0.036	0.404	52.81	0.440	0.433	678	704	-0.484517	0.078125	
A/duck/Hunan/689/2006_H5N	0.2911	0.3081	0.4381	0.2758	0.191	-0.042	0.400	52.93	0.434	0.432	678	704	-0.474574	0.078125	
A/duck/Hunan/733/2004_H5N	0.3006	0.3119	0.4061	0.2958	0.205	-0.039	0.403	53.13	0.451	0.439	680	704	-0.474148	0.076705	
A/duck/Hunan/8/2008_H5N1|	0.2787	0.3202	0.4326	0.2771	0.198	-0.023	0.411	51.63	0.446	0.439	679	704	-0.470455	0.078125	
A/duck/Hunan/S4020/2008_H	0.2943	0.3057	0.4489	0.2594	0.193	-0.044	0.399	51.51	0.421	0.428	679	704	-0.470312	0.076705	
A/duck/Hunan/S4030/2011_H	0.2876	0.3064	0.4537	0.2542	0.188	-0.042	0.400	51.50	0.420	0.430	678	704	-0.472869	0.076705	
A/duck/Hunan/S4150/2011_H	0.2787	0.3126	0.4326	0.2860	0.197	-0.019	0.414	52.92	0.446	0.438	679	704	-0.459943	0.078125	
A/duck/Hunan/S4220/2011_H	0.2970	0.3045	0.4449	0.2594	0.191	-0.043	0.400	51.82	0.422	0.430	678	704	-0.462216	0.078125	
A/duck/Jiangxi/120/2011_H	0.2911	0.3138	0.4278	0.2788	0.200	-0.034	0.406	53.12	0.441	0.434	678	704	-0.471023	0.078125	
A/duck/Jiangxi/130/2011_H	0.2792	0.3094	0.4337	0.2881	0.200	-0.014	0.417	52.51	0.445	0.438	679	704	-0.451705	0.078125	
A/duck/Jiangxi/34/2011_H5	0.3032	0.2976	0.4470	0.2562	0.192	-0.045	0.398	52.29	0.414	0.429	678	704	-0.457813	0.078125	
A/duck/Jiangxi/35/2011_H5	0.3045	0.3008	0.4432	0.2542	0.194	-0.040	0.401	52.13	0.416	0.429	678	704	-0.453409	0.078125	
A/duck/Jiangxi/44/2011_H5	0.2828	0.3127	0.4487	0.2632	0.195	-0.015	0.415	52.62	0.430	0.432	679	704	-0.480398	0.076705	
A/duck/Jiangxi/80/2005_H5	0.2930	0.3043	0.4417	0.2743	0.194	-0.040	0.402	53.26	0.430	0.430	677	704	-0.477131	0.079545	
A/duck/Jilin/JL-SIV/2013_	0.2898	0.3125	0.4419	0.2668	0.201	-0.024	0.411	52.19	0.431	0.429	677	704	-0.474148	0.079545	
A/duck/Nanchang/9789/2013	0.2994	0.3013	0.4419	0.2636	0.191	-0.044	0.399	52.25	0.422	0.431	677	704	-0.458949	0.078125	
A/duck/Shandong/009/2008_	0.2654	0.3421	0.4240	0.2809	0.203	0.027	0.438	53.70	0.465	0.443	682	704	-0.480682	0.078125	
A/duck/Sichuan/NCXN10/201	0.2970	0.3045	0.4449	0.2594	0.191	-0.043	0.400	51.82	0.422	0.430	678	704	-0.462216	0.078125	
A/duck/Sichuan/NCXN11/201	0.3008	0.3008	0.4278	0.2782	0.188	-0.061	0.389	51.93	0.432	0.433	678	704	-0.462216	0.078125	
A/duck/Wenzhou/YJYF33/201	0.2782	0.3102	0.4302	0.2911	0.195	-0.026	0.410	52.89	0.448	0.437	681	704	-0.463210	0.078125	
A/duck/Yunnan/4072/2003_H	0.3043	0.3062	0.4175	0.2833	0.203	-0.032	0.406	52.74	0.439	0.434	679	704	-0.480114	0.078125	
A/duck/Yunnan/426/2004_H5	0.3081	0.3025	0.4194	0.2812	0.202	-0.038	0.404	52.88	0.434	0.433	679	704	-0.480114	0.078125	
A/duck/Yunnan/4645/2003_H	0.3043	0.3062	0.4194	0.2812	0.203	-0.032	0.406	52.83	0.437	0.434	679	704	-0.480114	0.078125	
A/duck/Yunnan/47/2006_H5N	0.2946	0.3058	0.4497	0.2537	0.189	-0.048	0.397	51.24	0.419	0.429	678	704	-0.463210	0.076705	
A/duck/Yunnan/485/2004_H5	0.3081	0.3025	0.4231	0.2777	0.202	-0.032	0.406	52.98	0.432	0.431	679	704	-0.476278	0.078125	
A/duck/Yunnan/4873/2006_H	0.2938	0.3051	0.4478	0.2621	0.194	-0.034	0.405	51.97	0.423	0.429	679	704	-0.460653	0.078125	
A/duck/Yunnan/5090/2003_H	0.3043	0.3062	0.4231	0.2771	0.203	-0.030	0.408	52.83	0.434	0.433	679	704	-0.480114	0.078125	
A/duck/Yunnan/5169/2003_H	0.3043	0.3062	0.4231	0.2771	0.203	-0.030	0.408	52.83	0.434	0.433	679	704	-0.480114	0.078125	
A/duck/Yunnan/522/2004_H5	0.3081	0.3025	0.4194	0.2812	0.202	-0.038	0.404	52.88	0.434	0.433	679	704	-0.480114	0.078125	
A/duck/Yunnan/5310/2006_H	0.2906	0.3094	0.4438	0.2679	0.195	-0.028	0.409	52.47	0.429	0.430	678	704	-0.473295	0.078125	
A/duck/Yunnan/5948/2003_H	0.3062	0.3043	0.4231	0.2771	0.203	-0.032	0.406	52.85	0.433	0.432	679	704	-0.480114	0.078125	
A/duck/Yunnan/6080/2003_H	0.3081	0.3025	0.4213	0.2792	0.203	-0.035	0.405	52.87	0.433	0.432	679	704	-0.480114	0.078125	
A/duck/Yunnan/6603/2003_H	0.3081	0.3025	0.4231	0.2771	0.203	-0.035	0.405	52.68	0.432	0.431	679	704	-0.480682	0.078125	
A/duck/Zhejiang/1220092/2	0.2895	0.3026	0.4582	0.2558	0.184	-0.055	0.392	51.35	0.417	0.429	678	704	-0.477841	0.078125	
A/duck/Zhejiang/213/2011_	0.2976	0.3013	0.4497	0.2562	0.193	-0.036	0.404	52.14	0.417	0.429	678	704	-0.456818	0.078125	
A/duck/Zhejiang/224/2011_	0.3038	0.2981	0.4506	0.2537	0.193	-0.037	0.403	51.54	0.412	0.427	677	704	-0.458097	0.078125	
A/duck/Zhejiang/2242/2011	0.3038	0.2981	0.4506	0.2537	0.193	-0.037	0.403	51.54	0.412	0.427	677	704	-0.458097	0.078125	
A/duck/Zhejiang/2243/2011	0.3038	0.2981	0.4506	0.2537	0.193	-0.037	0.403	51.54	0.412	0.427	677	704	-0.458097	0.078125	
A/duck/Zhejiang/2244/2011	0.3038	0.2981	0.4506	0.2537	0.193	-0.037	0.403	51.54	0.412	0.427	677	704	-0.458097	0.078125	
A/duck/Zhejiang/2245/2011	0.2811	0.3132	0.4335	0.2857	0.199	-0.027	0.409	51.99	0.445	0.436	679	704	-0.464205	0.078125	
A/duck/Zhejiang/2248/2011	0.3038	0.2981	0.4506	0.2537	0.193	-0.037	0.403	51.54	0.412	0.427	677	704	-0.458097	0.078125	
A/equine/China/61/2010_H5	0.2892	0.3119	0.4449	0.2642	0.197	-0.031	0.407	52.22	0.429	0.431	678	704	-0.468750	0.078125	
A/equine/China/67/2010_H5	0.2873	0.3138	0.4449	0.2642	0.197	-0.027	0.409	52.22	0.431	0.431	678	704	-0.465341	0.078125	
A/equine/China/68/2010_H5	0.2892	0.3119	0.4421	0.2657	0.196	-0.035	0.404	52.27	0.431	0.432	678	704	-0.467330	0.076705	
A/goose/China/E43/2012_H5	0.3045	0.2970	0.4478	0.2552	0.192	-0.045	0.398	51.76	0.413	0.429	678	704	-0.453409	0.078125	
A/goose/Eastern_China/223	0.2917	0.3163	0.4381	0.2653	0.201	-0.032	0.406	52.31	0.433	0.430	677	704	-0.444034	0.078125	
A/goose/GuangDong/1189/20	0.3008	0.2838	0.4665	0.2579	0.184	-0.056	0.392	51.99	0.404	0.425	678	704	-0.483807	0.079545	
A/goose/Guangdong/72/2004	0.2989	0.3045	0.4034	0.2981	0.200	-0.048	0.398	53.75	0.451	0.445	678	704	-0.461790	0.078125	
A/goose/Hubei/65/2005_H5N	0.2898	0.3125	0.4381	0.2731	0.199	-0.028	0.409	53.23	0.435	0.432	678	704	-0.471875	0.078125	
A/goose/Inner_Mongolia/IM	0.2881	0.3145	0.4259	0.2830	0.197	-0.023	0.411	52.50	0.445	0.438	679	704	-0.461648	0.076705	
A/goose/Jiangsu/k0403/201	0.2792	0.3208	0.4354	0.2773	0.198	-0.022	0.412	52.42	0.445	0.435	679	704	-0.468182	0.078125	
A/goose/Yunnan/3798/2006_	0.2987	0.3006	0.4516	0.2568	0.193	-0.040	0.401	51.70	0.416	0.427	678	704	-0.460085	0.078125	
A/goose/Yunnan/4371/2006_	0.2930	0.3062	0.4440	0.2657	0.196	-0.033	0.406	52.02	0.426	0.431	678	704	-0.464915	0.078125	
A/goose/Yunnan/4389/2006_	0.2930	0.3062	0.4440	0.2657	0.196	-0.033	0.406	52.02	0.426	0.431	678	704	-0.464915	0.078125	
A/goose/Yunnan/4985/2006_	0.2943	0.3057	0.4449	0.2642	0.195	-0.030	0.407	52.24	0.425	0.430	678	704	-0.460938	0.078125	
A/goose/Yunnan/5141/2006_	0.2911	0.3081	0.4525	0.2579	0.195	-0.038	0.403	51.63	0.422	0.428	678	704	-0.466477	0.078125	
A/goose/Yunnan/5769/2006_	0.2906	0.3094	0.4419	0.2700	0.195	-0.025	0.410	52.83	0.431	0.431	678	704	-0.472727	0.078125	
A/goose/Yunnan/5979/2006_	0.2906	0.3094	0.4438	0.2679	0.195	-0.028	0.409	52.64	0.429	0.430	678	704	-0.472727	0.078125	
A/goose/Yunnan/6193/2006_	0.2930	0.3081	0.4449	0.2647	0.195	-0.033	0.406	52.06	0.426	0.430	678	704	-0.468324	0.078125	
A/goose/Zhejiang/112071/2	0.2951	0.2989	0.4516	0.2594	0.182	-0.058	0.391	51.65	0.417	0.429	678	704	-0.465909	0.078125	
A/goose/Zhejiang/727098/2	0.2932	0.3026	0.4476	0.2647	0.184	-0.062	0.389	51.11	0.423	0.429	678	704	-0.483523	0.079545	
A/great_black-headed_gull	0.2779	0.3195	0.4373	0.2788	0.202	-0.003	0.423	52.19	0.445	0.436	679	705	-0.469504	0.078014	
A/great_crested-grebe/Qin	0.2779	0.3214	0.4438	0.2689	0.204	0.003	0.426	51.30	0.440	0.435	678	704	-0.463352	0.078125	
A/great_egret/Hong_Kong/8	0.2925	0.3057	0.4506	0.2600	0.192	-0.040	0.401	52.09	0.422	0.429	678	704	-0.477699	0.078125	
A/great_tit/Panjing/PJ-66	0.2679	0.3396	0.4400	0.2668	0.212	0.042	0.449	54.07	0.451	0.438	680	704	-0.491477	0.078125	
A/grey_heron/Hong_Kong/10	0.2943	0.3038	0.4497	0.2594	0.192	-0.041	0.401	51.77	0.420	0.429	678	704	-0.472727	0.078125	
A/grey_heron/Hong_Kong/30	0.2911	0.3081	0.4506	0.2600	0.194	-0.036	0.404	51.86	0.423	0.429	678	704	-0.475710	0.078125	
A/hill_myna/Heilongjiang/	0.2900	0.3051	0.4516	0.2594	0.186	-0.051	0.395	51.94	0.422	0.429	678	704	-0.476562	0.078125	
A/lesser_kestrel/Heilongj	0.2900	0.3070	0.4354	0.2794	0.192	-0.042	0.401	52.93	0.436	0.433	679	704	-0.471023	0.078125	
A/lion/Hubei/1-2/2016_H5N	0.2809	0.3052	0.4367	0.2854	0.193	-0.026	0.410	53.07	0.441	0.435	681	704	-0.458239	0.078125	
A/little_egret/Hong_Kong/	0.2930	0.3081	0.4506	0.2573	0.198	-0.037	0.404	51.14	0.422	0.429	678	704	-0.478409	0.078125	
A/magpie_robin/Hong_Kong/	0.2949	0.3043	0.4487	0.2621	0.193	-0.047	0.398	51.55	0.422	0.429	678	704	-0.475142	0.078125	
A/magpie_robin/Hong_Kong/	0.2949	0.3043	0.4487	0.2621	0.193	-0.047	0.398	51.55	0.422	0.429	678	704	-0.475142	0.078125	
A/meerkat/Shanghai/SH-1/2	0.2938	0.3013	0.4421	0.2699	0.187	-0.048	0.397	52.25	0.426	0.431	678	704	-0.473864	0.076705	
A/mink/China/G/2015_H5N1|	0.2976	0.2976	0.4516	0.2583	0.193	-0.037	0.403	51.88	0.416	0.429	678	704	-0.462642	0.078125	
A/mink/China/XB/2015_H5N1	0.2763	0.3120	0.4275	0.2925	0.193	-0.025	0.410	53.27	0.451	0.438	681	704	-0.458097	0.076705	
A/mink/Eastern_China/0712	0.3251	0.2833	0.4408	0.2653	0.183	-0.067	0.386	53.36	0.406	0.422	677	704	-0.464489	0.078125	
A/ostrich/Suzhou/097/2003	0.3011	0.3068	0.4125	0.2950	0.205	-0.021	0.414	53.40	0.446	0.437	679	704	-0.481818	0.079545	
A/parrot/Guangdong/C99/20	0.3019	0.3075	0.4118	0.2896	0.203	-0.033	0.406	53.39	0.445	0.438	679	704	-0.466051	0.079545	
A/partridge/Shantou/2886/	0.2798	0.3270	0.4194	0.2860	0.207	-0.002	0.424	52.36	0.457	0.439	679	704	-0.475994	0.078125	
A/peacock/Yunnan/1/2015_H	0.2806	0.3126	0.4272	0.2896	0.198	-0.020	0.413	53.25	0.449	0.436	680	704	-0.470028	0.078125	
A/peacock/Yunnan/3/2015_H	0.2787	0.3126	0.4291	0.2896	0.199	-0.020	0.413	53.11	0.449	0.436	680	704	-0.470028	0.078125	
A/peregrine_falcon/Hong_K	0.2943	0.3113	0.4373	0.2662	0.197	-0.043	0.400	52.65	0.431	0.432	678	704	-0.459659	0.078125	
A/pheasant/Shantou/3535/2	0.3062	0.3025	0.4156	0.2881	0.201	-0.040	0.402	53.16	0.439	0.434	679	704	-0.476136	0.078125	
A/pheasant/Shantou/4567/2	0.3000	0.3075	0.4175	0.2860	0.202	-0.030	0.408	53.27	0.442	0.437	679	704	-0.472159	0.078125	
A/pied_megpie/Liaoning/7/	0.3089	0.2957	0.4194	0.2854	0.202	-0.035	0.405	52.77	0.433	0.434	679	704	-0.485227	0.078125	
A/pigeon/Hubei/RP25/2012_	0.2906	0.3151	0.4354	0.2689	0.198	-0.045	0.398	52.94	0.435	0.432	678	704	-0.458807	0.076705	
A/pigeon/Sichuan/NCXN29/2	0.3008	0.3008	0.4286	0.2788	0.188	-0.061	0.389	51.93	0.432	0.433	678	704	-0.466619	0.078125	
A/pigeon/Zhejiang/112089/	0.2932	0.3008	0.4506	0.2621	0.182	-0.060	0.389	51.83	0.420	0.431	678	704	-0.479119	0.078125	
A/pigeon/Zhejiang/112090/	0.2895	0.3026	0.4582	0.2558	0.184	-0.055	0.392	51.35	0.417	0.429	678	704	-0.477841	0.078125	
A/pigeon/Zhejiang/727097/	0.2951	0.3008	0.4476	0.2647	0.183	-0.064	0.388	51.12	0.422	0.429	678	704	-0.483523	0.079545	
A/plateau_pika/Qinghai/04	0.2983	0.3058	0.4133	0.2941	0.198	-0.021	0.412	52.64	0.446	0.436	679	704	-0.472443	0.078125	
A/quail/Guangxi/11/2002_H	0.3075	0.2981	0.4144	0.2956	0.199	-0.041	0.401	53.37	0.440	0.433	680	704	-0.472017	0.078125	
A/quail/Guangxi/12/2002_H	0.3075	0.2981	0.4144	0.2956	0.199	-0.041	0.401	53.46	0.440	0.434	680	704	-0.471591	0.078125	
A/quail/Guangxi/13/2002_H	0.3075	0.2981	0.4144	0.2956	0.199	-0.041	0.401	53.37	0.440	0.433	680	704	-0.472017	0.078125	
A/quail/Nanchang/6631/201	0.3013	0.2994	0.4419	0.2636	0.192	-0.041	0.400	52.00	0.421	0.430	677	704	-0.458949	0.078125	
A/shrike/Tibet/13/2006_H5	0.2906	0.3075	0.4419	0.2722	0.194	-0.035	0.404	52.71	0.431	0.430	678	704	-0.461648	0.078125	
A/silky_chicken/Shantou/4	0.3043	0.3043	0.4110	0.2944	0.204	-0.032	0.407	52.71	0.444	0.436	680	704	-0.466761	0.078125	
A/swan/Shanghai/10/2009_H	0.2879	0.3144	0.4544	0.2516	0.197	-0.040	0.402	51.80	0.422	0.429	677	704	-0.468892	0.076705	
A/swine/Guangxi/592/2011_	0.2957	0.3032	0.4449	0.2615	0.191	-0.045	0.399	51.84	0.422	0.431	677	704	-0.461506	0.076705	
A/swine/Jiangsu/1/2008_H5	0.2801	0.3233	0.4294	0.2767	0.195	-0.010	0.419	52.22	0.448	0.439	678	704	-0.500852	0.078125	
A/swine/Jiangsu/2/2009_H5	0.2928	0.3080	0.4449	0.2668	0.201	-0.023	0.412	52.76	0.427	0.428	677	704	-0.465625	0.078125	
A/swine/Shandong/SD1/2014	0.2957	0.3145	0.4038	0.2985	0.205	-0.027	0.409	54.22	0.457	0.442	679	704	-0.475710	0.078125	
A/swine/Zhejiang/SW57/201	0.2932	0.3026	0.4476	0.2647	0.184	-0.062	0.389	51.11	0.423	0.429	678	704	-0.483523	0.079545	
A/tiger/Yunnan/tig1404/20	0.3002	0.3002	0.4324	0.2746	0.187	-0.061	0.389	52.18	0.429	0.432	678	704	-0.462216	0.078125	
A/tiger/Yunnan/tig1412/20	0.3008	0.2989	0.4411	0.2662	0.191	-0.042	0.400	52.26	0.422	0.429	678	704	-0.458381	0.078125	
A/tiger/Yunnan/tig1508/20	0.2768	0.3070	0.4291	0.2973	0.194	-0.030	0.407	53.32	0.450	0.438	680	704	-0.466903	0.078125	
A/turtle_dove/Guangdong/3	0.2911	0.3100	0.4389	0.2737	0.198	-0.031	0.407	53.12	0.434	0.432	678	704	-0.476847	0.078125	
A/waterfowl/Hong_Kong/378	0.2943	0.3132	0.4137	0.2902	0.202	-0.014	0.417	53.71	0.449	0.438	679	704	-0.469318	0.078125	
A/wild_duck/Fujian/1/2011	0.3013	0.2994	0.4459	0.2583	0.190	-0.039	0.401	51.90	0.417	0.430	678	704	-0.464489	0.078125	
A/wild_duck/Fujian/2/2011	0.3013	0.2994	0.4442	0.2593	0.192	-0.034	0.404	52.37	0.418	0.430	679	704	-0.458381	0.078125	
A/wild_duck/Jilin/HF/2011	0.2792	0.3094	0.4358	0.2822	0.197	-0.020	0.412	52.39	0.442	0.438	679	704	-0.455256	0.078125	
A/wild_duck/Jilin/ZF/2011	0.2702	0.3189	0.4451	0.2741	0.197	-0.011	0.418	50.81	0.443	0.438	680	704	-0.456392	0.076705	
A/wild_duck/Liaoning/8/20	0.3121	0.2935	0.4205	0.2786	0.203	-0.028	0.407	52.80	0.428	0.435	680	703	-0.475676	0.079659	
A/wild_duck/Shandong/1/20	0.2801	0.3214	0.4411	0.2646	0.196	-0.009	0.420	51.41	0.439	0.436	679	704	-0.511364	0.079545	
A/wild_duck/Shandong/2/20	0.2844	0.3070	0.4375	0.2797	0.197	-0.023	0.411	52.32	0.437	0.436	679	704	-0.457244	0.078125	
A/wild_duck/Shandong/628/	0.3220	0.2844	0.4321	0.2710	0.192	-0.066	0.387	53.26	0.414	0.426	677	704	-0.474574	0.080966	
A/Hong_Kong/486/97       	0.2737	0.2892	0.4345	0.2791	0.154	-0.133	0.349	51.89	0.438	0.437	713	749	-0.486649	0.076101	
A/Hong_Kong/538/97       	0.2759	0.2914	0.4299	0.2796	0.154	-0.132	0.350	52.27	0.440	0.439	712	749	-0.485314	0.076101	
A/Indonesia/5/2005       	0.2976	0.2803	0.4268	0.2787	0.162	-0.113	0.361	53.08	0.426	0.430	711	748	-0.482219	0.077540	
A/Pheasant/Hong_Kong/FY15	0.2832	0.2815	0.4061	0.3124	0.158	-0.113	0.361	52.78	0.453	0.440	711	748	-0.493449	0.077540	
A/Thailand/16/2004       	0.3028	0.2682	0.4392	0.2763	0.160	-0.123	0.356	52.67	0.414	0.424	711	748	-0.487968	0.077540	
A/chicken/Indonesia/7/200	0.3057	0.2642	0.4286	0.2866	0.157	-0.142	0.344	53.20	0.419	0.428	712	748	-0.482754	0.077540	
A/Chicken/HongKong/FY150/	0.2867	0.2781	0.4043	0.3143	0.159	-0.106	0.366	52.75	0.451	0.440	711	748	-0.487968	0.077540	
A/Chicken/HongKong/YU822.	0.2958	0.2734	0.4257	0.2911	0.157	-0.121	0.357	53.61	0.429	0.431	711	748	-0.498529	0.077540	
A/Chicken/HongKong/YU562/	0.2936	0.2729	0.4286	0.2905	0.159	-0.115	0.361	53.56	0.428	0.430	712	748	-0.494920	0.078877	
A/chicken/Korea/ES/03    	0.2971	0.2729	0.4350	0.2801	0.157	-0.131	0.351	53.35	0.421	0.427	713	748	-0.482219	0.077540	
A/Vietnam/UT3062/2004    	0.2993	0.2716	0.4332	0.2801	0.160	-0.113	0.361	53.58	0.420	0.427	712	748	-0.481551	0.077540	
A/Hong_Kong/156/97       	0.2741	0.2897	0.4381	0.2757	0.153	-0.131	0.351	51.93	0.435	0.437	713	749	-0.481041	0.076101	
A/whooper_swan/Mongolia/2	0.3040	0.2677	0.4348	0.2767	0.163	-0.121	0.356	53.01	0.415	0.425	711	748	-0.487032	0.077540	
A/Hong_Kong/483/1997     	0.2766	0.2869	0.4335	0.2807	0.153	-0.126	0.353	52.05	0.436	0.436	713	749	-0.485314	0.076101	
A/Hong_Kong/482/97       	0.2732	0.2887	0.4355	0.2791	0.153	-0.133	0.349	51.88	0.437	0.437	714	749	-0.483178	0.076101	
A/Anas_platyrhynchos/Chon	0.2746	0.2884	0.4177	0.3037	0.165	-0.111	0.363	52.14	0.451	0.438	711	748	-0.492915	0.077540	
A/Anas_platyrhynchos/Jiuj	0.2746	0.2884	0.4177	0.3037	0.165	-0.111	0.363	52.14	0.451	0.438	711	748	-0.492915	0.077540	
A/Anhui/1/2005|EPI_ISL_24	0.3028	0.2630	0.4312	0.2897	0.155	-0.142	0.345	53.31	0.419	0.426	711	748	-0.488770	0.077540	
A/Anhui/1/2006|EPI_ISL_73	0.3010	0.2630	0.4312	0.2917	0.155	-0.137	0.347	53.54	0.421	0.427	711	748	-0.488770	0.077540	
A/Anhui/2/2005|EPI_ISL_24	0.3010	0.2630	0.4356	0.2869	0.153	-0.144	0.344	53.40	0.417	0.426	710	748	-0.480615	0.077540	
A/Anser_cygnoides/China/P	0.2993	0.2751	0.4293	0.2817	0.162	-0.111	0.363	54.00	0.423	0.429	711	748	-0.494519	0.077540	
A/Anser_fabalis/Jiujiang/	0.2746	0.2884	0.4177	0.3037	0.165	-0.111	0.363	52.14	0.451	0.438	711	748	-0.492915	0.077540	
A/Bar-headed_Goose/Qingha	0.2997	0.2705	0.4324	0.2767	0.158	-0.117	0.358	53.29	0.418	0.427	713	748	-0.477540	0.077540	
A/Bar-headed_Goose/Tibet/	0.2638	0.3086	0.4094	0.3018	0.159	-0.126	0.354	52.45	0.467	0.442	711	748	-0.496390	0.077540	
A/Bar-headed_Goose/Tibet/	0.2638	0.3086	0.4094	0.3018	0.159	-0.126	0.354	52.43	0.467	0.442	711	748	-0.500936	0.077540	
A/Black_faced_Spoonbill/A	0.2793	0.2914	0.4457	0.2643	0.161	-0.110	0.363	51.82	0.426	0.435	711	757	-0.498151	0.088507	
A/Black_Faced_Spoonbill/H	0.2552	0.3138	0.4058	0.3109	0.158	-0.121	0.357	52.32	0.477	0.444	711	748	-0.495187	0.077540	
A/Black_Faced_Spoonbill/H	0.2788	0.2909	0.4448	0.2657	0.159	-0.115	0.360	51.71	0.427	0.432	712	748	-0.490375	0.077540	
A/Black-necked_Grebe/Inne	0.2973	0.2715	0.4306	0.2812	0.157	-0.124	0.354	52.90	0.421	0.428	712	748	-0.468048	0.077540	
A/Black-necked_Grebe/Inne	0.2933	0.2744	0.4296	0.2851	0.157	-0.118	0.358	53.35	0.426	0.430	713	748	-0.479813	0.077540	
A/Black-necked_Grebe/Inne	0.2933	0.2744	0.4296	0.2851	0.157	-0.118	0.358	53.51	0.426	0.430	713	748	-0.479813	0.077540	
A/Black-necked_Grebe/Inne	0.2933	0.2744	0.4296	0.2851	0.157	-0.118	0.358	53.51	0.426	0.430	713	748	-0.479813	0.077540	
A/Black-necked_Grebe/Inne	0.2916	0.2762	0.4296	0.2851	0.157	-0.115	0.359	53.43	0.428	0.430	713	748	-0.479813	0.077540	
A/Black-necked_Grebe/Inne	0.2933	0.2744	0.4296	0.2851	0.157	-0.118	0.358	53.51	0.426	0.430	713	748	-0.479813	0.077540	
A/Black-necked_Grebe/Inne	0.2933	0.2744	0.4296	0.2851	0.157	-0.118	0.358	53.51	0.426	0.430	713	748	-0.479813	0.077540	
A/Black-necked_Grebe/Inne	0.2933	0.2744	0.4296	0.2851	0.157	-0.118	0.358	53.51	0.426	0.430	713	748	-0.479813	0.077540	
A/chicken/Anhui/S1740/202	0.2724	0.2931	0.4338	0.2851	0.162	-0.119	0.359	50.07	0.442	0.435	711	748	-0.494786	0.077540	
A/chicken/China/Cangzhou0	0.2716	0.2924	0.4159	0.3057	0.166	-0.109	0.364	52.45	0.456	0.439	711	748	-0.491444	0.077540	
A/chicken/China/E93/2012|	0.3016	0.2669	0.4257	0.2891	0.147	-0.172	0.327	53.27	0.423	0.427	709	748	-0.475401	0.077540	
A/chicken/China/E96/2012|	0.3016	0.2686	0.4257	0.2871	0.146	-0.174	0.326	53.17	0.423	0.427	709	748	-0.475401	0.077540	
A/chicken/Gansu/5/2012|EP	0.3010	0.2699	0.4257	0.2866	0.149	-0.163	0.332	53.80	0.424	0.428	710	748	-0.482487	0.077540	
A/chicken/Gansu/6/2012|EP	0.3033	0.2652	0.4239	0.2922	0.145	-0.179	0.323	53.15	0.423	0.427	709	748	-0.464706	0.077540	
A/chicken/Guangxi/S2039/2	0.2936	0.2746	0.4275	0.2897	0.160	-0.115	0.360	53.97	0.429	0.431	711	748	-0.489038	0.077540	
A/chicken/Hubei/2856/2007	0.3010	0.2647	0.4312	0.2897	0.156	-0.142	0.345	53.27	0.421	0.426	711	748	-0.486096	0.077540	
A/chicken/Hunan/1793/2007	0.2988	0.2677	0.4250	0.2945	0.157	-0.134	0.350	53.85	0.427	0.430	712	748	-0.498797	0.077540	
A/chicken/Hunan/3157/2006	0.3010	0.2647	0.4312	0.2871	0.157	-0.134	0.349	53.90	0.420	0.428	710	748	-0.484626	0.077540	
A/chicken/Hunan/S10029/20	0.3070	0.2676	0.4374	0.2673	0.159	-0.106	0.364	54.14	0.409	0.427	711	748	-0.492246	0.077540	
A/chicken/Jiangsu/03.17_W	0.2818	0.2818	0.4234	0.2947	0.158	-0.126	0.353	52.43	0.440	0.434	713	748	-0.485829	0.077540	
A/chicken/Jiangsu/927/201	0.3034	0.2672	0.4330	0.2767	0.161	-0.113	0.361	53.93	0.415	0.429	710	748	-0.480348	0.077540	
A/chicken/Jiangsu/2477/20	0.3002	0.2676	0.4304	0.2826	0.156	-0.124	0.354	53.70	0.420	0.430	712	748	-0.484492	0.077540	
A/chicken/Jiangsu/k0402/2	0.2672	0.3034	0.4211	0.2931	0.160	-0.106	0.366	54.39	0.456	0.436	711	748	-0.491578	0.077540	
A/chicken/Jiangsu/SE2228/	0.2979	0.2705	0.4270	0.2860	0.160	-0.110	0.361	53.98	0.424	0.430	714	748	-0.466711	0.077540	
A/chicken/Jiangsu/YB7/201	0.2788	0.2857	0.4170	0.3006	0.159	-0.118	0.358	53.27	0.448	0.436	712	748	-0.489305	0.077540	
A/chicken/Jiangxi/25/2011	0.2894	0.2721	0.4448	0.2787	0.169	-0.099	0.370	52.10	0.419	0.428	711	748	-0.491310	0.077540	
A/chicken/Jiangxi/S40653/	0.2724	0.2931	0.4356	0.2837	0.162	-0.119	0.359	49.88	0.440	0.434	711	748	-0.487834	0.077540	
A/chicken/Jilin/04.12_MHK	0.3007	0.2680	0.4358	0.2767	0.159	-0.114	0.360	53.36	0.416	0.428	712	748	-0.483690	0.077540	
A/chicken/Jilin/04.12_MHK	0.3007	0.2680	0.4340	0.2787	0.158	-0.117	0.358	53.39	0.417	0.429	712	748	-0.483155	0.077540	
A/chicken/Jilin/04.12_MHK	0.3007	0.2680	0.4358	0.2767	0.159	-0.114	0.360	53.36	0.416	0.428	712	748	-0.483690	0.077540	
A/chicken/Jilin/04.12_MHK	0.3007	0.2680	0.4358	0.2767	0.159	-0.114	0.360	53.36	0.416	0.428	712	748	-0.483690	0.077540	
A/chicken/Jilin/04.25_MHK	0.3007	0.2680	0.4358	0.2767	0.158	-0.114	0.360	53.40	0.416	0.428	712	748	-0.483690	0.077540	
A/chicken/Jilin/S1255/201	0.2933	0.2744	0.4332	0.2801	0.162	-0.111	0.362	53.98	0.424	0.431	713	748	-0.479011	0.077540	
A/chicken/Jilin/S1271/201	0.2933	0.2744	0.4332	0.2801	0.162	-0.111	0.362	53.98	0.424	0.431	713	748	-0.479011	0.077540	
A/chicken/Liaoning/S4092/	0.2993	0.2716	0.4195	0.2919	0.148	-0.165	0.331	53.84	0.430	0.430	710	748	-0.478877	0.077540	
A/chicken/Liaoning/SD035/	0.2933	0.2727	0.4306	0.2840	0.159	-0.109	0.362	54.12	0.425	0.431	713	748	-0.486497	0.077540	
A/chicken/Ningxia/2/2012|	0.3010	0.2699	0.4257	0.2866	0.149	-0.163	0.332	53.80	0.424	0.428	710	748	-0.482487	0.077540	
A/chicken/Ningxia/222/201	0.3005	0.2694	0.4257	0.2866	0.148	-0.165	0.331	53.73	0.424	0.429	710	748	-0.478342	0.077540	
A/chicken/Shandong/12.03_	0.2762	0.2864	0.4191	0.3000	0.160	-0.115	0.360	52.95	0.448	0.436	714	748	-0.489305	0.077540	
A/Chicken/Shandong/J01/20	0.2983	0.2707	0.4283	0.2888	0.158	-0.123	0.356	54.01	0.425	0.431	711	748	-0.484091	0.077540	
A/Chicken/Shandong/J02/20	0.3016	0.2686	0.4185	0.2950	0.150	-0.154	0.337	54.18	0.429	0.429	709	748	-0.475401	0.077540	
A/Chicken/Shandong/J03/20	0.2988	0.2729	0.4134	0.2978	0.148	-0.175	0.325	53.39	0.435	0.431	711	748	-0.469252	0.077540	
A/Chicken/Shandong/J04/20	0.2981	0.2738	0.4195	0.2919	0.150	-0.163	0.332	54.12	0.431	0.430	710	748	-0.478075	0.077540	
A/Chicken/Shandong/J06/20	0.3034	0.2655	0.4255	0.2922	0.160	-0.119	0.359	54.62	0.423	0.428	711	748	-0.478877	0.077540	
A/chicken/Shanghai/S1123/	0.3070	0.2607	0.4263	0.2868	0.158	-0.123	0.353	54.28	0.417	0.429	714	748	-0.465374	0.077540	
A/chicken/Shanghai/S4030/	0.3019	0.2676	0.4242	0.2874	0.160	-0.105	0.365	53.93	0.424	0.431	713	748	-0.468984	0.077540	
A/chicken/Wuxi/WX-32/2013	0.3022	0.2694	0.4293	0.2812	0.159	-0.114	0.361	54.24	0.420	0.429	710	748	-0.489706	0.077540	
A/chicken/Wuxi/WX-33/2013	0.3057	0.2677	0.4275	0.2812	0.159	-0.114	0.361	53.96	0.418	0.429	710	748	-0.489706	0.077540	
A/chicken/Xinjiang/S1016/	0.3065	0.2603	0.4255	0.2882	0.158	-0.122	0.354	54.40	0.418	0.430	715	748	-0.473931	0.074866	
A/chicken/Xinjiang/S1081/	0.3076	0.2612	0.4245	0.2888	0.159	-0.125	0.353	54.38	0.419	0.430	714	748	-0.470722	0.077540	
A/chicken/Xinjiang/S1170/	0.3070	0.2607	0.4263	0.2868	0.158	-0.123	0.353	54.28	0.417	0.429	714	748	-0.465374	0.077540	
A/chicken/Yunnan/1/2014|E	0.3028	0.2716	0.4250	0.2851	0.163	-0.116	0.360	54.67	0.423	0.429	711	748	-0.493717	0.074866	
A/condor/Guangdong/139/20	0.3033	0.2686	0.4312	0.2837	0.157	-0.133	0.350	53.05	0.419	0.426	711	748	-0.482353	0.076203	
A/Curlew/Hong_Kong/AFCD-H	0.2534	0.3155	0.4102	0.3075	0.158	-0.124	0.356	51.94	0.475	0.443	711	748	-0.493449	0.077540	
A/Cygnus_columbianus/Hube	0.2759	0.2931	0.4495	0.2613	0.159	-0.110	0.364	51.90	0.426	0.432	712	748	-0.501337	0.077540	
A/Cygnus_columbianus/Hube	0.2680	0.2955	0.4438	0.2742	0.157	-0.126	0.354	51.49	0.437	0.436	712	748	-0.493449	0.077540	
A/Cygnus_columbianus/Hube	0.2741	0.2948	0.4477	0.2638	0.161	-0.107	0.365	51.80	0.428	0.432	712	748	-0.491444	0.077540	
A/Cygnus_columbianus/Hube	0.2741	0.2948	0.4477	0.2638	0.161	-0.107	0.365	51.80	0.428	0.432	712	748	-0.491444	0.077540	
A/domestic_green-winged_t	0.2872	0.2751	0.4221	0.3018	0.158	-0.126	0.354	52.41	0.439	0.434	711	748	-0.506417	0.077540	
A/duck/China/E26/2012|EPI	0.3143	0.2539	0.4338	0.2843	0.154	-0.137	0.347	54.65	0.408	0.423	711	748	-0.492647	0.077540	
A/duck/China/E53/2012|EPI	0.2953	0.2712	0.4410	0.2789	0.156	-0.122	0.356	53.66	0.418	0.428	711	748	-0.485161	0.077540	
A/duck/Eastern_China/108/	0.2931	0.2741	0.4203	0.2996	0.161	-0.108	0.364	54.81	0.435	0.431	712	749	-0.487050	0.077437	
A/duck/Eastern_China/909/	0.2941	0.2716	0.4402	0.2806	0.157	-0.135	0.350	52.58	0.420	0.425	712	749	-0.513752	0.077437	
A/duck/Fujian/S1233/2018(	0.2978	0.2754	0.4195	0.2917	0.161	-0.103	0.367	55.04	0.431	0.433	712	748	-0.480882	0.077540	
A/duck/Fujian/S1273/2018(	0.2978	0.2754	0.4195	0.2917	0.161	-0.103	0.367	55.04	0.431	0.433	712	748	-0.480882	0.077540	
A/Duck/Fujian/S4146/2010|	0.2919	0.2781	0.4257	0.2897	0.160	-0.110	0.363	54.48	0.432	0.432	711	748	-0.489038	0.077540	
A/duck/Guangdong/S4518/20	0.2621	0.3103	0.4112	0.3010	0.158	-0.121	0.357	52.51	0.467	0.440	711	748	-0.495187	0.077540	
A/duck/Guangdong/S4525/20	0.2603	0.3103	0.4130	0.3010	0.157	-0.124	0.356	52.46	0.467	0.440	711	748	-0.495187	0.077540	
A/duck/Guizhou/S1321/2022	0.2577	0.3127	0.4094	0.3050	0.159	-0.117	0.360	52.59	0.472	0.442	712	748	-0.492246	0.077540	
A/duck/Guizhou/S1711/2024	0.2862	0.2810	0.4174	0.2992	0.156	-0.124	0.356	52.72	0.443	0.437	711	748	-0.493717	0.078877	
A/duck/Hubei/03.06__WHWTZ	0.2840	0.2806	0.4188	0.2986	0.160	-0.121	0.357	52.87	0.442	0.434	712	748	-0.489305	0.077540	
A/duck/Hubei/46/2009|EPI_	0.2815	0.2902	0.4211	0.2925	0.168	-0.096	0.371	52.51	0.444	0.436	711	748	-0.507219	0.077540	
A/duck/Hubei/2911/2007|EP	0.3000	0.2638	0.4319	0.2897	0.156	-0.143	0.345	53.62	0.421	0.428	711	748	-0.490775	0.077540	
A/duck/Hubei/S4465/2021(H	0.2766	0.2887	0.4356	0.2812	0.160	-0.121	0.357	50.12	0.436	0.435	711	748	-0.495856	0.077540	
A/duck/Hubei/SE128/2022(H	0.2724	0.2931	0.4338	0.2857	0.162	-0.119	0.359	49.74	0.442	0.434	711	748	-0.488369	0.077540	
A/duck/Hubei/SE220/2022(H	0.2603	0.3121	0.4076	0.3050	0.158	-0.121	0.357	52.70	0.471	0.442	711	748	-0.495187	0.077540	
A/duck/Hubei/xn/2007|EPI_	0.3005	0.2642	0.4376	0.2832	0.154	-0.142	0.344	53.23	0.416	0.425	712	748	-0.487166	0.077540	
A/duck/Hunan/03.07_YYGK1L	0.2629	0.2938	0.4583	0.2633	0.161	-0.079	0.380	52.05	0.429	0.430	711	748	-0.499733	0.077540	
A/duck/Hunan/12.07__YYGK4	0.3046	0.2685	0.4356	0.2744	0.157	-0.119	0.357	54.35	0.414	0.426	711	748	-0.498262	0.077540	
A/duck/Hunan/12.07__YYGK9	0.2931	0.2759	0.4309	0.2843	0.156	-0.118	0.358	54.21	0.427	0.431	710	748	-0.498262	0.077540	
A/duck/Hunan/12.07_YYGK00	0.2931	0.2759	0.4309	0.2843	0.156	-0.118	0.358	54.21	0.427	0.431	710	748	-0.498262	0.077540	
A/duck/Hunan/12.07_YYGK10	0.3034	0.2655	0.4356	0.2783	0.157	-0.118	0.358	54.31	0.414	0.428	710	748	-0.493717	0.077540	
A/duck/Hunan/316/2005|EPI	0.3056	0.2604	0.4402	0.2823	0.155	-0.146	0.343	53.22	0.411	0.423	711	748	-0.490776	0.077540	
A/duck/Hunan/689/2006|EPI	0.3033	0.2634	0.4330	0.2846	0.158	-0.132	0.351	53.98	0.417	0.427	710	748	-0.489037	0.077540	
A/duck/Hunan/3315/2006|EP	0.3010	0.2664	0.4293	0.2897	0.156	-0.138	0.347	54.23	0.422	0.428	711	748	-0.483289	0.077540	
A/duck/Hunan/S4020/2008|E	0.2966	0.2707	0.4229	0.2988	0.155	-0.138	0.347	54.01	0.431	0.429	712	748	-0.489439	0.077540	
A/duck/Hunan/S4030/2011|E	0.2971	0.2729	0.4257	0.2897	0.161	-0.120	0.357	53.36	0.428	0.432	711	748	-0.485160	0.077540	
A/duck/Hunan/S4150/2011|E	0.2953	0.2781	0.4164	0.2962	0.161	-0.121	0.356	54.41	0.437	0.433	710	748	-0.489572	0.077540	
A/duck/Hunan/S4220/2011|E	0.2958	0.2768	0.4200	0.2942	0.161	-0.118	0.359	54.27	0.434	0.432	710	748	-0.495321	0.077540	
A/duck/Jiangsu/S4439/2017	0.2997	0.2671	0.4260	0.2874	0.157	-0.112	0.360	53.80	0.424	0.432	713	748	-0.470856	0.077540	
A/duck/Jiangsu/SE1128/201	0.3019	0.2642	0.4278	0.2885	0.157	-0.117	0.358	53.63	0.421	0.430	713	748	-0.469251	0.077540	
A/duck/Jiangxi/34/2011|EP	0.2936	0.2729	0.4293	0.2891	0.162	-0.114	0.360	54.27	0.428	0.432	711	748	-0.479278	0.077540	
A/duck/Jiangxi/35/2011|EP	0.2793	0.2897	0.4149	0.3016	0.167	-0.090	0.374	51.29	0.450	0.440	711	748	-0.477407	0.077540	
A/duck/Jiangxi/44/2011|EP	0.2719	0.2823	0.4485	0.2795	0.157	-0.115	0.360	52.02	0.430	0.430	712	748	-0.505615	0.077540	
A/duck/Jiangxi/120/2011|E	0.2857	0.2857	0.4065	0.3065	0.157	-0.138	0.346	53.25	0.451	0.434	714	748	-0.476337	0.077540	
A/duck/Jiangxi/130/2011|E	0.3010	0.2699	0.4247	0.2897	0.163	-0.115	0.361	54.37	0.425	0.430	710	748	-0.491845	0.077540	
A/duck/Jiangxi/S40833/202	0.2724	0.2931	0.4356	0.2837	0.162	-0.119	0.359	49.88	0.440	0.434	711	748	-0.487834	0.077540	
A/duck/Jilin/04.04_SY002-	0.3007	0.2698	0.4376	0.2727	0.159	-0.109	0.362	53.55	0.414	0.427	712	748	-0.476471	0.077540	
A/duck/Jilin/JL-SIV/2013|	0.3045	0.2647	0.4301	0.2863	0.152	-0.153	0.338	53.22	0.418	0.426	710	748	-0.486096	0.077540	
A/duck/Jilin/S1261/2019(H	0.2933	0.2744	0.4332	0.2801	0.163	-0.108	0.363	54.07	0.424	0.431	713	748	-0.478476	0.077540	
A/duck/Jilin/S4171/2019(H	0.2906	0.2752	0.4306	0.2835	0.157	-0.118	0.357	54.02	0.427	0.432	714	748	-0.484893	0.077540	
A/duck/Nanchang/9789/2013	0.3022	0.2677	0.4384	0.2763	0.156	-0.130	0.352	53.73	0.414	0.427	711	748	-0.499733	0.077540	
A/duck/Shandong/009/2008|	0.2651	0.3029	0.4073	0.3103	0.161	-0.100	0.368	53.08	0.468	0.441	711	748	-0.496925	0.077540	
A/Duck/Shandong/Y01/2009|	0.3034	0.2672	0.4185	0.2956	0.160	-0.115	0.360	54.74	0.428	0.430	711	748	-0.481150	0.077540	
A/Duck/Shandong/Y02/2009|	0.3040	0.2660	0.4185	0.2976	0.162	-0.121	0.357	54.21	0.428	0.430	711	748	-0.480348	0.077540	
A/duck/Sichuan/NCXN10/201	0.2941	0.2803	0.4275	0.2832	0.160	-0.116	0.360	53.99	0.429	0.432	711	748	-0.494786	0.077540	
A/duck/Sichuan/NCXN11/201	0.2941	0.2803	0.4293	0.2812	0.160	-0.116	0.360	53.75	0.428	0.432	711	748	-0.494786	0.077540	
A/duck/Xinjiang/S1066/201	0.3076	0.2612	0.4245	0.2888	0.159	-0.125	0.353	54.38	0.419	0.430	714	748	-0.470722	0.077540	
A/duck/Xinjiang/S1126/201	0.3076	0.2612	0.4288	0.2835	0.158	-0.122	0.353	54.26	0.415	0.428	713	748	-0.461898	0.077540	
A/duck/Zhejiang/1220092/2	0.3058	0.2646	0.4340	0.2767	0.157	-0.124	0.354	53.92	0.413	0.427	712	748	-0.483690	0.077540	
A/duck/Zhejiang/S4091/201	0.2945	0.2723	0.4260	0.2885	0.158	-0.120	0.356	53.54	0.428	0.434	713	748	-0.468984	0.077540	
A/equine/China/61/2010|EP	0.2993	0.2664	0.4312	0.2897	0.155	-0.145	0.343	53.43	0.422	0.427	711	748	-0.488770	0.077540	
A/equine/China/67/2010|EP	0.2993	0.2664	0.4312	0.2897	0.155	-0.145	0.343	53.43	0.422	0.427	711	748	-0.488770	0.077540	
A/equine/China/68/2010|EP	0.2993	0.2664	0.4293	0.2917	0.155	-0.145	0.343	53.57	0.423	0.428	711	748	-0.488770	0.077540	
A/Eurasian_Teal/Hong_Kong	0.2781	0.2953	0.4438	0.2643	0.161	-0.116	0.360	50.22	0.429	0.431	711	748	-0.495722	0.077540	
A/Eurasian_Teal/Hong_Kong	0.2793	0.2931	0.4412	0.2677	0.160	-0.119	0.358	50.41	0.430	0.432	712	748	-0.492647	0.077540	
A/Eurasian_Wigeon/Hong_Ko	0.2793	0.2931	0.4412	0.2677	0.160	-0.119	0.358	50.41	0.430	0.432	712	748	-0.492647	0.077540	
A/Eurasian_Wigeon/Hong_Ko	0.2793	0.2931	0.4412	0.2677	0.160	-0.119	0.358	50.41	0.430	0.432	712	748	-0.492647	0.077540	
A/Falco_peregrinus/Beijin	0.2702	0.2943	0.4519	0.2648	0.157	-0.120	0.357	51.19	0.429	0.433	711	748	-0.493316	0.077540	
A/Fujian/1/2005|EPI_ISL_2	0.2936	0.2729	0.4420	0.2758	0.157	-0.127	0.353	53.48	0.418	0.427	711	748	-0.481818	0.077540	
A/Fujian/1/2007|EPI_ISL_7	0.3057	0.2573	0.4322	0.2911	0.156	-0.146	0.343	52.94	0.416	0.426	712	748	-0.488235	0.077540	
A/Gallinago_Stenura/Hong_	0.2793	0.2931	0.4412	0.2677	0.160	-0.119	0.358	50.41	0.430	0.432	712	748	-0.492647	0.077540	
A/goose/China/E43/2012|EP	0.3040	0.2625	0.4438	0.2738	0.157	-0.125	0.354	53.68	0.408	0.425	711	748	-0.489038	0.077540	
A/goose/Guangdong/SH7/201	0.2988	0.2746	0.4293	0.2812	0.159	-0.115	0.360	54.06	0.423	0.431	711	748	-0.495054	0.077540	
A/goose/Guizhou/S1541/202	0.2582	0.3133	0.4094	0.3050	0.160	-0.112	0.362	52.77	0.472	0.442	712	748	-0.491444	0.077540	
A/goose/Hunan/SE284/2022(	0.2759	0.2948	0.4448	0.2638	0.160	-0.116	0.360	51.62	0.429	0.434	711	748	-0.492380	0.077540	
A/goose/Inner_Mongolia/IM	0.2855	0.2837	0.4195	0.2953	0.163	-0.121	0.357	51.70	0.442	0.434	711	748	-0.495722	0.077540	
A/goose/Jiangsu/k0403/201	0.2621	0.3103	0.4226	0.2922	0.162	-0.099	0.370	53.87	0.460	0.437	711	748	-0.494385	0.077540	
A/goose/Jilin/S4034/2019(	0.2962	0.2688	0.4368	0.2787	0.161	-0.110	0.362	53.85	0.418	0.429	713	748	-0.479947	0.077540	
A/goose/Shandong/03.10_HZ	0.2985	0.2693	0.4350	0.2781	0.158	-0.120	0.356	53.50	0.418	0.429	713	748	-0.480615	0.077540	
A/goose/Shandong/GS/2013(	0.3081	0.2633	0.4265	0.2832	0.160	-0.113	0.361	53.94	0.417	0.430	710	748	-0.490508	0.077540	
A/goose/Zhejiang/112071/2	0.3115	0.2668	0.4402	0.2623	0.153	-0.112	0.361	52.33	0.404	0.424	712	748	-0.490508	0.077540	
A/goose/Zhejiang/727098/2	0.3103	0.2603	0.4325	0.2829	0.161	-0.111	0.362	54.12	0.413	0.426	710	748	-0.474599	0.082888	
A/Great_black-headed_Gull	0.2991	0.2701	0.4324	0.2767	0.157	-0.116	0.358	53.33	0.418	0.427	713	748	-0.467781	0.077540	
A/Great_black-headed_Gull	0.2997	0.2705	0.4324	0.2767	0.158	-0.117	0.358	53.29	0.418	0.427	713	748	-0.477540	0.077540	
A/Great_Cormorant/Hubei/c	0.2749	0.2904	0.4134	0.3026	0.159	-0.116	0.360	53.35	0.454	0.438	712	748	-0.485695	0.077540	
A/Great_Cormorant/Hubei/c	0.2749	0.2904	0.4134	0.3026	0.159	-0.116	0.360	53.35	0.454	0.438	712	748	-0.485695	0.077540	
A/Great_Cormorant/Hubei/V	0.2784	0.2869	0.4195	0.2972	0.161	-0.111	0.362	53.10	0.447	0.436	712	748	-0.489305	0.077540	
A/Great_Cormorant/Hubei/V	0.2784	0.2869	0.4195	0.2972	0.161	-0.111	0.362	53.10	0.447	0.436	712	748	-0.489305	0.077540	
A/Great_Cormorant/Hubei/V	0.2784	0.2869	0.4195	0.2972	0.161	-0.111	0.362	53.10	0.447	0.436	712	748	-0.489305	0.077540	
A/Guangdong/1/2006|EPI_IS	0.2971	0.2660	0.4301	0.2942	0.155	-0.137	0.347	53.20	0.425	0.428	711	748	-0.480882	0.078877	
A/Guangdong/1/2008|EPI_IS	0.2976	0.2682	0.4402	0.2798	0.151	-0.152	0.339	53.42	0.416	0.425	711	748	-0.488770	0.077540	
A/Guangdong/2/2006|EPI_IS	0.2958	0.2716	0.4257	0.2937	0.158	-0.132	0.350	53.72	0.429	0.430	711	748	-0.488770	0.077540	
A/Guangxi/1/2005|EPI_ISL_	0.3010	0.2647	0.4356	0.2849	0.152	-0.149	0.341	53.43	0.417	0.426	710	748	-0.477808	0.077540	
A/Guangxi/1/2005|EPI_ISL_	0.2976	0.2682	0.4312	0.2897	0.156	-0.130	0.352	53.82	0.423	0.428	711	748	-0.488235	0.077540	
A/Guangxi/1/2008|EPI_ISL_	0.3000	0.2707	0.4231	0.2917	0.152	-0.146	0.341	53.63	0.427	0.429	712	748	-0.479546	0.077540	
A/Guizhou/1/2009|EPI_ISL_	0.2936	0.2712	0.4281	0.2919	0.157	-0.125	0.353	54.11	0.428	0.430	713	748	-0.484225	0.077540	
A/hill_myna/Heilongjiang/	0.2983	0.2707	0.4338	0.2792	0.157	-0.120	0.356	54.23	0.420	0.430	710	748	-0.494519	0.077540	
A/Hong_Kong/5923/2012|EPI	0.2971	0.2729	0.4384	0.2758	0.156	-0.128	0.353	53.92	0.418	0.429	711	748	-0.495187	0.077540	
A/Hunan/1/2006|EPI_ISL_79	0.2958	0.2699	0.4330	0.2877	0.156	-0.135	0.349	53.61	0.423	0.428	711	748	-0.488770	0.077540	
A/Hunan/1/2008|EPI_ISL_73	0.2969	0.2726	0.4275	0.2928	0.160	-0.126	0.354	54.29	0.428	0.427	711	748	-0.479813	0.077540	
A/Hunan/2/2009|EPI_ISL_79	0.2983	0.2690	0.4255	0.2919	0.158	-0.121	0.356	54.45	0.426	0.429	714	748	-0.475802	0.077540	
A/Japanese_white-eye/Taoy	0.2983	0.2707	0.4330	0.2806	0.158	-0.116	0.359	54.19	0.421	0.430	711	748	-0.487834	0.077540	
A/Jiangsu/1/2007|EPI_ISL_	0.3010	0.2682	0.4338	0.2843	0.155	-0.145	0.343	53.56	0.419	0.426	711	748	-0.492380	0.077540	
A/Jiangsu/2/2007|EPI_ISL_	0.3010	0.2682	0.4338	0.2843	0.155	-0.145	0.343	53.56	0.419	0.426	711	748	-0.492380	0.077540	
A/Jiangxi/1/2005|EPI_ISL_	0.2976	0.2768	0.4224	0.2866	0.155	-0.139	0.346	53.46	0.429	0.431	711	748	-0.488102	0.076203	
A/lesser_kestrel/Heilongj	0.3033	0.2617	0.4348	0.2851	0.156	-0.144	0.345	54.00	0.415	0.426	710	748	-0.488235	0.077540	
A/lion/Hubei/1-2/2016|EPI	0.2788	0.2857	0.4260	0.2913	0.161	-0.115	0.361	52.56	0.441	0.433	712	748	-0.491979	0.078877	
A/mallard/Heilongjiang/HL	0.2591	0.2988	0.4171	0.3129	0.168	-0.103	0.368	52.64	0.466	0.441	710	748	-0.492914	0.077540	
A/mandarin_duck/Heilongji	0.2634	0.3002	0.4133	0.3119	0.158	-0.130	0.352	52.81	0.465	0.438	673	709	-0.511425	0.074753	
A/mandarin_duck/Henan/426	0.2721	0.2960	0.4476	0.2682	0.159	-0.114	0.361	51.76	0.431	0.432	673	709	-0.502962	0.074753	
A/meerkat/Shanghai/SH-1/2	0.3040	0.2677	0.4275	0.2832	0.159	-0.116	0.359	54.20	0.420	0.429	710	748	-0.489706	0.077540	
A/mink/China/G/2015|EPI_I	0.3057	0.2608	0.4402	0.2778	0.153	-0.129	0.352	54.22	0.409	0.425	711	748	-0.489038	0.077540	
A/mink/China/XB/2015|EPI_	0.2784	0.2852	0.4180	0.2980	0.160	-0.111	0.362	53.06	0.447	0.436	712	748	-0.489840	0.077540	
A/mink/Eastern_China/0712	0.3155	0.2483	0.4691	0.2505	0.147	-0.180	0.323	50.88	0.380	0.412	711	748	-0.498262	0.077540	
A/Nanjing/1/2015|EPI_ISL_	0.2737	0.2909	0.4126	0.3039	0.160	-0.114	0.361	53.19	0.455	0.439	712	748	-0.485695	0.077540	
A/ostrich/Suzhou/097/2003	0.3062	0.2682	0.4286	0.2832	0.157	-0.139	0.347	54.10	0.419	0.426	712	748	-0.491444	0.077540	
A/parrot/Guangdong/C99/20	0.2998	0.2721	0.4330	0.2812	0.157	-0.135	0.349	53.32	0.421	0.427	711	748	-0.488369	0.077540	
A/peacock/Yunnan/1/2015|E	0.2788	0.2840	0.4206	0.2986	0.162	-0.116	0.360	52.85	0.445	0.435	712	748	-0.493316	0.077540	
A/peacock/Yunnan/3/2015|E	0.2788	0.2840	0.4206	0.2986	0.162	-0.116	0.360	52.85	0.445	0.435	712	748	-0.493316	0.077540	
A/pigeon/Hubei/RP25/2012|	0.2677	0.3040	0.4026	0.3135	0.158	-0.125	0.355	52.11	0.470	0.440	710	748	-0.505883	0.077540	
A/pigeon/Jiangsu/12.22_TC	0.3076	0.2646	0.4322	0.2767	0.159	-0.117	0.358	54.11	0.413	0.428	712	748	-0.480882	0.077540	
A/pigeon/Jiangxi/S40784/2	0.2724	0.2931	0.4356	0.2837	0.162	-0.119	0.359	49.88	0.440	0.434	711	748	-0.487834	0.077540	
A/pigeon/Jilin/04.25_CCHL	0.3019	0.2659	0.4224	0.2919	0.158	-0.122	0.355	53.96	0.425	0.431	713	748	-0.480615	0.077540	
A/pigeon/Jilin/S4176/2019	0.2901	0.2747	0.4342	0.2795	0.156	-0.115	0.359	54.07	0.424	0.432	714	748	-0.486230	0.077540	
A/pigeon/Sichuan/NCXN29/2	0.2946	0.2808	0.4275	0.2826	0.161	-0.116	0.360	53.74	0.429	0.432	711	748	-0.506016	0.077540	
A/pigeon/Zhejiang/112089/	0.3058	0.2646	0.4322	0.2787	0.157	-0.122	0.355	54.00	0.414	0.428	712	748	-0.483690	0.077540	
A/pigeon/Zhejiang/112090/	0.3007	0.2680	0.4322	0.2806	0.157	-0.122	0.355	53.75	0.419	0.429	712	748	-0.483690	0.077540	
A/pigeon/Zhejiang/727097/	0.3103	0.2603	0.4325	0.2829	0.161	-0.111	0.362	54.12	0.413	0.426	710	748	-0.474599	0.082888	
A/plateau_pika/Qinghai/04	0.2790	0.2894	0.4203	0.2959	0.167	-0.098	0.370	52.98	0.446	0.436	710	748	-0.496925	0.077540	
A/quail/Nanchang/6631/201	0.2988	0.2712	0.4366	0.2778	0.155	-0.130	0.352	54.02	0.418	0.429	711	748	-0.500134	0.077540	
A/Shandong/1/2009|EPI_ISL	0.3028	0.2664	0.4348	0.2817	0.154	-0.149	0.340	53.10	0.416	0.425	711	748	-0.470856	0.077540	
A/Sichuan/1/2006|EPI_ISL_	0.3028	0.2630	0.4312	0.2903	0.154	-0.142	0.345	53.66	0.419	0.426	711	748	-0.488369	0.077540	
A/Sichuan/2/2006|EPI_ISL_	0.3028	0.2630	0.4312	0.2914	0.153	-0.143	0.345	53.68	0.419	0.425	711	748	-0.487032	0.077540	
A/Spatula_querquedula/Cho	0.2746	0.2884	0.4177	0.3037	0.165	-0.111	0.363	52.14	0.451	0.438	711	748	-0.492915	0.077540	
A/swine/Shandong/SD1/2014	0.2976	0.2734	0.4319	0.2817	0.157	-0.132	0.351	53.13	0.423	0.430	710	748	-0.495321	0.077540	
A/tiger/Yunnan/tig1404/20	0.3010	0.2751	0.4312	0.2778	0.161	-0.109	0.364	54.17	0.421	0.429	711	748	-0.491043	0.077540	
A/tiger/Yunnan/tig1412/20	0.2988	0.2746	0.4293	0.2817	0.156	-0.123	0.356	54.03	0.423	0.430	711	748	-0.495187	0.077540	
A/tiger/Yunnan/tig1508/20	0.2830	0.2813	0.4260	0.2888	0.159	-0.116	0.360	53.05	0.437	0.434	712	748	-0.484225	0.077540	
A/tundra_swan/Fujian/SD12	0.2810	0.2914	0.4412	0.2677	0.160	-0.121	0.357	50.42	0.428	0.432	712	748	-0.492647	0.077540	
A/turtle_dove/Guangdong/3	0.3028	0.2630	0.4348	0.2857	0.157	-0.131	0.352	53.53	0.416	0.426	711	748	-0.495321	0.077540	
A/turtle_dove/Hunan/S4004	0.2788	0.2840	0.4288	0.2888	0.160	-0.115	0.360	52.87	0.438	0.432	712	748	-0.488102	0.077540	
A/whooper_swan/Henan/8/20	0.2721	0.2960	0.4476	0.2682	0.159	-0.114	0.361	51.81	0.431	0.432	673	709	-0.506488	0.074753	
A/whooper_swan/Henan/14/2	0.2721	0.2960	0.4476	0.2682	0.159	-0.114	0.361	51.81	0.431	0.432	673	709	-0.506488	0.074753	
A/whooper_swan/Henan/44/2	0.2721	0.2960	0.4476	0.2676	0.160	-0.112	0.363	51.92	0.431	0.432	673	709	-0.513822	0.074753	
A/whooper_swan/Henan/45/2	0.2721	0.2960	0.4476	0.2682	0.159	-0.114	0.361	51.81	0.431	0.432	673	709	-0.506488	0.074753	
A/whooper_swan/Henan/46/2	0.2721	0.2960	0.4476	0.2682	0.159	-0.114	0.361	51.81	0.431	0.432	673	709	-0.506488	0.074753	
A/whooper_swan/Henan/424/	0.2721	0.2960	0.4476	0.2682	0.159	-0.114	0.361	51.76	0.431	0.432	673	709	-0.502962	0.074753	
A/whooper_swan/Henan/SMX1	0.2950	0.2727	0.4332	0.2812	0.156	-0.122	0.355	53.31	0.422	0.428	713	748	-0.479813	0.077540	
A/whooper_swan/Henan/SMX3	0.2950	0.2727	0.4314	0.2832	0.157	-0.120	0.356	53.41	0.424	0.429	713	748	-0.479813	0.077540	
A/whooper_swan/Henan/SMX4	0.2950	0.2727	0.4314	0.2832	0.157	-0.120	0.356	53.41	0.424	0.429	713	748	-0.479813	0.077540	
A/whooper_swan/Henan/SMX9	0.2950	0.2727	0.4314	0.2826	0.156	-0.120	0.356	53.37	0.424	0.429	713	748	-0.486898	0.077540	
A/whooper_swan/Shanxi/14/	0.2721	0.2960	0.4476	0.2682	0.159	-0.114	0.361	51.81	0.431	0.432	673	709	-0.506488	0.074753	
A/whooper_swan/Shanxi/20/	0.2721	0.2960	0.4476	0.2682	0.159	-0.114	0.361	51.81	0.431	0.432	673	709	-0.506488	0.074753	
A/wild_duck/Fujian/1/2011	0.2978	0.2685	0.4312	0.2857	0.156	-0.118	0.357	53.80	0.422	0.431	711	748	-0.484358	0.076203	
A/wild_duck/Fujian/2/2011	0.2978	0.2685	0.4304	0.2851	0.156	-0.118	0.357	53.78	0.422	0.431	711	748	-0.488770	0.076203	
A/wild_duck/Hebei/SD012/2	0.2793	0.2948	0.4384	0.2682	0.161	-0.119	0.359	51.03	0.432	0.434	711	748	-0.492112	0.077540	
A/wild_duck/Jilin/HF/2011	0.2897	0.2776	0.4213	0.2976	0.160	-0.126	0.354	54.07	0.437	0.433	712	748	-0.484225	0.077540	
A/wild_duck/Jilin/ZF/2011	0.2655	0.3052	0.4127	0.3042	0.159	-0.120	0.357	53.23	0.464	0.438	711	748	-0.488503	0.077540	
A/wild_duck/Shandong/1/20	0.2976	0.2751	0.4126	0.2990	0.153	-0.149	0.340	53.85	0.436	0.432	711	748	-0.460027	0.077540	
A/wild_duck/Shandong/2/20	0.3038	0.2656	0.4309	0.2846	0.158	-0.130	0.353	54.05	0.419	0.426	709	748	-0.512433	0.077540	
A/wild_duck/Shandong/628/	0.2943	0.2719	0.4485	0.2663	0.161	-0.128	0.353	51.17	0.412	0.425	712	748	-0.495321	0.076203	
A/Xinjiang/1/2006|EPI_ISL	0.3069	0.2655	0.4301	0.2817	0.159	-0.126	0.353	52.95	0.416	0.425	711	748	-0.491043	0.077540	
A/Xinjiang/1/2009|EPI_ISL	0.2988	0.2694	0.4257	0.2948	0.156	-0.141	0.346	54.08	0.427	0.428	712	748	-0.481016	0.077540	
A/Zhejiang/1/2006|EPI_ISL	0.2988	0.2694	0.4301	0.2883	0.157	-0.132	0.350	53.81	0.423	0.428	711	748	-0.488770	0.077540	
A/Anas_platyrhynchos/jiuj	0.2746	0.2884	0.4177	0.3037	0.165	-0.111	0.363	52.14	0.451	0.438	711	748	-0.492915	0.077540	
A/Anhui/1/2006_H5N1|GCA_0	0.3010	0.2630	0.4312	0.2917	0.155	-0.137	0.347	53.54	0.421	0.427	711	748	-0.488770	0.077540	
A/Anhui/1/2007_H5N1|GCA_0	0.2988	0.2712	0.4283	0.2883	0.155	-0.142	0.345	54.04	0.425	0.428	711	748	-0.488770	0.077540	
A/Anhui/2/2005_H5N1|GCA_0	0.3010	0.2630	0.4356	0.2869	0.153	-0.144	0.344	53.40	0.417	0.426	710	748	-0.480615	0.077540	
A/Anser_cygnoides/China/P	0.2993	0.2751	0.4293	0.2817	0.162	-0.111	0.363	54.00	0.423	0.429	711	748	-0.494519	0.077540	
A/Anser_fabalis/jiujiang/	0.2746	0.2884	0.4177	0.3037	0.165	-0.111	0.363	52.14	0.451	0.438	711	748	-0.492915	0.077540	
A/Anser_fabalis/jiujiang/	0.2746	0.2884	0.4177	0.3037	0.165	-0.111	0.363	52.14	0.451	0.438	711	748	-0.492915	0.077540	
A/Anser_fabalis/jiujiang/	0.2746	0.2884	0.4177	0.3037	0.165	-0.111	0.363	52.14	0.451	0.438	711	748	-0.492915	0.077540	
A/Duck/Jiangxi/631/2024_H	0.2902	0.2763	0.4188	0.2967	0.161	-0.111	0.363	51.85	0.437	0.435	711	748	-0.496390	0.076203	
A/Guangdong/1/2008_H5N1|G	0.2976	0.2682	0.4402	0.2798	0.151	-0.152	0.339	53.42	0.416	0.425	711	748	-0.488770	0.077540	
A/Guangdong/2/2006_H5N1|G	0.2958	0.2716	0.4257	0.2937	0.158	-0.132	0.350	53.72	0.429	0.430	711	748	-0.488770	0.077540	
A/Guangxi/1/2005_H5N1|GCA	0.2998	0.2669	0.4296	0.2885	0.157	-0.130	0.352	54.26	0.422	0.428	711	748	-0.496257	0.076203	
A/Guangxi/1/2008_H5N1|GCA	0.3000	0.2707	0.4231	0.2917	0.152	-0.146	0.341	53.63	0.427	0.429	712	748	-0.479546	0.077540	
A/Guizhou/1/2009_H5N1|GCA	0.2936	0.2712	0.4281	0.2919	0.157	-0.125	0.353	54.11	0.428	0.430	713	748	-0.484225	0.077540	
A/Hunan/1/2008_H5N1|GCA_0	0.2969	0.2726	0.4275	0.2928	0.160	-0.126	0.354	54.29	0.428	0.427	711	748	-0.479813	0.077540	
A/Hunan/2/2009_H5N1|GCA_0	0.2983	0.2690	0.4255	0.2919	0.158	-0.121	0.356	54.45	0.426	0.429	714	748	-0.475802	0.077540	
A/Japanese_white-eye/Taoy	0.2983	0.2707	0.4330	0.2806	0.158	-0.116	0.359	54.19	0.421	0.430	711	748	-0.487834	0.077540	
A/Nanjing/1/2015_H5N1|GCA	0.2737	0.2909	0.4126	0.3039	0.160	-0.114	0.361	53.19	0.455	0.439	712	748	-0.485695	0.077540	
A/Shandong/1/2009_H5N1|GC	0.3028	0.2664	0.4348	0.2817	0.154	-0.149	0.340	53.10	0.416	0.425	711	748	-0.470856	0.077540	
A/Spatula_querquedula/cho	0.2746	0.2884	0.4177	0.3037	0.165	-0.111	0.363	52.14	0.451	0.438	711	748	-0.492915	0.077540	
A/Wild_bird/Huadong/CM120	0.2719	0.2926	0.4116	0.3065	0.160	-0.114	0.361	53.62	0.458	0.439	712	748	-0.486364	0.078877	
A/Wild_bird/Huadong/DT10/	0.2921	0.2749	0.4314	0.2840	0.159	-0.111	0.362	54.22	0.426	0.431	713	748	-0.493048	0.078877	
A/Wild_bird/Huadong/JYWB4	0.3007	0.2680	0.4304	0.2826	0.159	-0.114	0.360	53.94	0.420	0.429	712	748	-0.483690	0.077540	
A/Xinjiang/1/2009_H5N1|GC	0.2988	0.2694	0.4257	0.2948	0.156	-0.141	0.346	54.08	0.427	0.428	712	748	-0.481016	0.077540	
A/avian/Hong_Kong/0719/20	0.2960	0.2685	0.4340	0.2851	0.151	-0.147	0.341	53.09	0.421	0.429	712	748	-0.481818	0.077540	
A/avian/Hong_Kong/1993/20	0.2978	0.2668	0.4340	0.2851	0.151	-0.149	0.340	53.17	0.420	0.428	712	748	-0.481818	0.077540	
A/avian/Hong_Kong/2372/20	0.2960	0.2685	0.4340	0.2851	0.151	-0.147	0.341	53.09	0.421	0.429	712	748	-0.481818	0.077540	
A/bar-headed_goose/Qingha	0.2945	0.2723	0.4358	0.2747	0.165	-0.097	0.368	53.67	0.419	0.430	711	748	-0.487166	0.077540	
A/bar-headed_goose/Tibet/	0.2993	0.2785	0.4324	0.2717	0.165	-0.102	0.367	53.58	0.420	0.429	712	748	-0.509893	0.077540	
A/brown-headed_gull/Qingh	0.2953	0.2729	0.4338	0.2843	0.158	-0.127	0.353	54.04	0.423	0.429	711	748	-0.488770	0.077540	
A/brown-headed_gull/Qingh	0.2973	0.2715	0.4312	0.2849	0.156	-0.129	0.351	54.27	0.423	0.429	712	748	-0.475401	0.077540	
A/chicken/China/Cangzhou0	0.2716	0.2924	0.4159	0.3057	0.166	-0.109	0.364	52.45	0.456	0.439	711	748	-0.491444	0.077540	
A/chicken/China/E93/2012_	0.3016	0.2669	0.4257	0.2891	0.147	-0.172	0.327	53.27	0.423	0.427	709	748	-0.475401	0.077540	
A/chicken/China/E96/2012_	0.3016	0.2686	0.4257	0.2871	0.146	-0.174	0.326	53.17	0.423	0.427	709	748	-0.475401	0.077540	
A/chicken/Eastern_China/Z	0.2845	0.2879	0.4090	0.3031	0.158	-0.133	0.349	53.24	0.450	0.433	713	748	-0.479412	0.077540	
A/chicken/Eastern_China/Z	0.3046	0.2651	0.4195	0.2931	0.157	-0.124	0.354	54.76	0.425	0.429	711	748	-0.476738	0.076203	
A/chicken/Fujian/1/2007_H	0.3057	0.2556	0.4296	0.2945	0.157	-0.139	0.347	53.39	0.417	0.427	712	748	-0.495187	0.077540	
A/chicken/Gansu/5/2012_H5	0.3010	0.2699	0.4257	0.2866	0.149	-0.163	0.332	53.80	0.424	0.428	710	748	-0.482487	0.077540	
A/chicken/Gansu/6/2012_H5	0.3033	0.2652	0.4239	0.2922	0.145	-0.179	0.323	53.15	0.423	0.427	709	748	-0.464706	0.077540	
A/chicken/Guangdong/1/200	0.3040	0.2694	0.4330	0.2772	0.158	-0.132	0.350	53.23	0.416	0.425	711	748	-0.489973	0.077540	
A/chicken/Guangxi/S2039/2	0.2936	0.2746	0.4275	0.2897	0.160	-0.115	0.360	53.97	0.429	0.431	711	748	-0.489038	0.077540	
A/chicken/Guizhou/7/2008_	0.2966	0.2759	0.4250	0.2851	0.155	-0.131	0.352	53.30	0.428	0.429	711	748	-0.490374	0.076203	
A/chicken/Hebei/A-8/2009_	0.2926	0.2737	0.4250	0.2897	0.151	-0.151	0.339	53.04	0.430	0.430	710	748	-0.478743	0.077540	
A/chicken/Henan/A-7/2006_	0.3000	0.2655	0.4293	0.2891	0.156	-0.133	0.350	53.83	0.422	0.429	711	748	-0.473797	0.076203	
A/chicken/Huadong/4/2008_	0.2988	0.2746	0.4286	0.2812	0.153	-0.146	0.342	53.28	0.423	0.428	711	748	-0.478610	0.077540	
A/chicken/Hubei/2856/2007	0.3010	0.2647	0.4312	0.2897	0.156	-0.142	0.345	53.27	0.421	0.426	711	748	-0.486096	0.077540	
A/chicken/Hunan/1793/2007	0.2988	0.2677	0.4250	0.2945	0.157	-0.134	0.350	53.85	0.427	0.430	712	748	-0.498797	0.077540	
A/chicken/Hunan/21/2005_H	0.3021	0.2674	0.4356	0.2823	0.157	-0.134	0.349	53.52	0.417	0.424	710	748	-0.481685	0.077540	
A/chicken/Hunan/3/2007_H5	0.3005	0.2694	0.4283	0.2883	0.158	-0.127	0.353	53.81	0.423	0.427	711	748	-0.480080	0.077540	
A/chicken/Hunan/3157/2006	0.3010	0.2647	0.4312	0.2871	0.157	-0.134	0.349	53.90	0.420	0.428	710	748	-0.484626	0.077540	
A/chicken/Hunan/8/2008_H5	0.3045	0.2664	0.4283	0.2883	0.158	-0.133	0.350	54.13	0.421	0.427	711	748	-0.484626	0.077540	
A/chicken/Jiangsu/18/2008	0.2929	0.2790	0.4296	0.2801	0.155	-0.134	0.349	53.70	0.427	0.429	710	748	-0.495722	0.077540	
A/chicken/Jiangsu/2477/20	0.3002	0.2676	0.4304	0.2826	0.156	-0.124	0.354	53.70	0.420	0.430	712	748	-0.484492	0.077540	
A/chicken/Jiangsu/927/201	0.3034	0.2672	0.4330	0.2767	0.161	-0.113	0.361	53.93	0.415	0.429	710	748	-0.480348	0.077540	
A/chicken/Jiangsu/YB7/201	0.2788	0.2857	0.4170	0.3006	0.159	-0.118	0.358	53.27	0.448	0.436	712	748	-0.489305	0.077540	
A/chicken/Jiangsu/k0402/2	0.2672	0.3034	0.4211	0.2931	0.160	-0.106	0.366	54.39	0.456	0.436	711	748	-0.491578	0.077540	
A/chicken/Jiangxi/25/2011	0.2894	0.2721	0.4448	0.2787	0.169	-0.099	0.370	52.10	0.419	0.428	711	748	-0.491310	0.077540	
A/chicken/Liaoning/23/200	0.3069	0.2655	0.4301	0.2817	0.159	-0.126	0.353	52.95	0.416	0.425	711	748	-0.491043	0.077540	
A/chicken/Liaoning/A-1/20	0.3131	0.2578	0.4250	0.2885	0.163	-0.113	0.361	52.97	0.415	0.426	711	748	-0.492246	0.076203	
A/chicken/Liaoning/S4092/	0.2993	0.2716	0.4195	0.2919	0.148	-0.165	0.331	53.84	0.430	0.430	710	748	-0.478877	0.077540	
A/chicken/Ningxia/2/2012_	0.3010	0.2699	0.4257	0.2866	0.149	-0.163	0.332	53.80	0.424	0.428	710	748	-0.482487	0.077540	
A/chicken/Ningxia/222/201	0.3005	0.2694	0.4257	0.2866	0.148	-0.165	0.331	53.73	0.424	0.429	710	748	-0.478342	0.077540	
A/chicken/Ningxia/24/2006	0.3046	0.2633	0.4366	0.2798	0.155	-0.128	0.353	53.81	0.413	0.424	712	748	-0.478075	0.077540	
A/chicken/North_China/k06	0.2781	0.2988	0.4025	0.3051	0.160	-0.120	0.357	53.11	0.461	0.437	712	748	-0.482888	0.077540	
A/chicken/Shandong/A-10/2	0.3036	0.2642	0.4374	0.2752	0.156	-0.130	0.352	53.60	0.412	0.426	711	748	-0.473396	0.077540	
A/chicken/Shantou/3744/20	0.3033	0.2704	0.4348	0.2772	0.161	-0.125	0.354	53.23	0.416	0.426	711	748	-0.487968	0.077540	
A/chicken/Shanxi/10/2006_	0.3073	0.2656	0.4384	0.2752	0.162	-0.113	0.361	53.40	0.411	0.421	711	748	-0.504011	0.077540	
A/chicken/Sheny/0606/2008	0.2966	0.2759	0.4293	0.2843	0.157	-0.128	0.353	53.75	0.426	0.427	712	748	-0.478075	0.077540	
A/chicken/Sichuan/81/2005	0.3005	0.2642	0.4330	0.2877	0.153	-0.150	0.340	53.52	0.419	0.426	711	748	-0.482219	0.077540	
A/chicken/Wuhan/HAQL07/20	0.2759	0.2897	0.4177	0.2998	0.159	-0.115	0.360	53.48	0.450	0.435	711	748	-0.482487	0.078877	
A/chicken/Wuhan/HAQL16/20	0.2771	0.2874	0.4170	0.3006	0.159	-0.118	0.358	53.36	0.449	0.436	712	748	-0.486364	0.078877	
A/chicken/Wuxi/WX-32/2013	0.3022	0.2694	0.4293	0.2812	0.159	-0.114	0.361	54.24	0.420	0.429	710	748	-0.489706	0.077540	
A/chicken/Wuxi/WX-33/2013	0.3057	0.2677	0.4275	0.2812	0.159	-0.114	0.361	53.96	0.418	0.429	710	748	-0.489706	0.077540	
A/chicken/Xinjiang/17/200	0.2964	0.2756	0.4296	0.2821	0.161	-0.113	0.361	53.85	0.425	0.430	711	748	-0.494118	0.076203	
A/chicken/Xinjiang/27/200	0.3016	0.2686	0.4322	0.2832	0.160	-0.127	0.354	53.98	0.419	0.428	711	748	-0.489840	0.074866	
A/chicken/Xinjiang/53/200	0.3045	0.2682	0.4374	0.2763	0.159	-0.128	0.353	53.50	0.414	0.424	711	748	-0.487968	0.077540	
A/chicken/Xinjiang/54/200	0.2981	0.2756	0.4231	0.2885	0.159	-0.127	0.353	53.82	0.429	0.430	711	748	-0.487032	0.076203	
A/chicken/Xinjiang/67/200	0.3045	0.2682	0.4340	0.2798	0.159	-0.129	0.353	53.53	0.416	0.425	712	748	-0.484492	0.077540	
A/chicken/Xinjiang/68/200	0.2958	0.2751	0.4293	0.2826	0.156	-0.130	0.351	53.71	0.425	0.430	710	748	-0.493583	0.076203	
A/chicken/Yunnan/1/2014_H	0.3028	0.2716	0.4250	0.2851	0.163	-0.116	0.360	54.67	0.423	0.429	711	748	-0.493717	0.074866	
A/chicken/Yunnan/207/2004	0.2969	0.2760	0.4304	0.2826	0.158	-0.133	0.350	53.52	0.425	0.428	711	748	-0.487299	0.077540	
A/chicken/Yunnan/5686/200	0.2951	0.2778	0.4348	0.2792	0.159	-0.126	0.354	53.65	0.423	0.427	711	748	-0.490909	0.077540	
A/chicken/Yunnan/6797/200	0.2934	0.2795	0.4348	0.2792	0.159	-0.128	0.353	53.59	0.425	0.428	711	748	-0.490909	0.077540	
A/chicken/Yunnan/6885/200	0.2951	0.2778	0.4330	0.2812	0.159	-0.128	0.353	53.64	0.425	0.428	711	748	-0.490909	0.077540	
A/condor/Guangdong/139/20	0.3033	0.2686	0.4312	0.2837	0.157	-0.133	0.350	53.05	0.419	0.426	711	748	-0.482353	0.076203	
A/domestic_green-winged_t	0.2872	0.2751	0.4221	0.3018	0.158	-0.126	0.354	52.41	0.439	0.434	711	748	-0.506417	0.077540	
A/duck/Anhui/56/2005_H5N1	0.2981	0.2704	0.4376	0.2817	0.160	-0.129	0.353	53.42	0.419	0.425	712	748	-0.481952	0.077540	
A/duck/China/0935/2017_H5	0.3122	0.2556	0.4448	0.2673	0.158	-0.131	0.351	51.85	0.399	0.422	712	748	-0.488770	0.077540	
A/duck/China/1033/2017_H5	0.3002	0.2693	0.4242	0.2874	0.160	-0.107	0.363	53.92	0.425	0.433	713	748	-0.469653	0.077540	
A/duck/China/E26/2012_H5N	0.3143	0.2539	0.4338	0.2843	0.154	-0.137	0.347	54.65	0.408	0.423	711	748	-0.492647	0.077540	
A/duck/China/E53/2012_H5N	0.2953	0.2712	0.4410	0.2789	0.156	-0.122	0.356	53.66	0.418	0.428	711	748	-0.485161	0.077540	
A/duck/Eastern_China/057/	0.3017	0.2690	0.4265	0.2888	0.154	-0.130	0.352	54.45	0.423	0.428	711	748	-0.492380	0.077540	
A/duck/Eastern_China/108/	0.2931	0.2741	0.4203	0.2996	0.161	-0.108	0.364	54.81	0.435	0.431	712	749	-0.487050	0.077437	
A/duck/Eastern_China/909/	0.2941	0.2716	0.4402	0.2806	0.157	-0.135	0.350	52.58	0.420	0.425	712	749	-0.513752	0.077437	
A/duck/Guangdong/23/2004_	0.3045	0.2664	0.4250	0.2891	0.160	-0.127	0.354	54.10	0.422	0.428	711	748	-0.502005	0.077540	
A/duck/Hubei/2911/2007_H5	0.3000	0.2638	0.4319	0.2897	0.156	-0.143	0.345	53.62	0.421	0.428	711	748	-0.490775	0.077540	
A/duck/Hubei/49/2005_H5N1	0.3045	0.2612	0.4312	0.2897	0.155	-0.140	0.346	53.73	0.418	0.426	711	748	-0.488770	0.077540	
A/duck/Hubei/xn/2007_H5N1	0.3005	0.2642	0.4376	0.2832	0.154	-0.142	0.344	53.23	0.416	0.425	712	748	-0.487166	0.077540	
A/duck/Hunan/3/2007_H5N1|	0.3000	0.2690	0.4275	0.2897	0.156	-0.131	0.351	54.23	0.424	0.429	712	749	-0.493992	0.077437	
A/duck/Hunan/316/2005_H5N	0.3056	0.2604	0.4402	0.2823	0.155	-0.146	0.343	53.22	0.411	0.423	711	748	-0.490776	0.077540	
A/duck/Hunan/3315/2006_H5	0.3010	0.2664	0.4293	0.2897	0.156	-0.138	0.347	54.23	0.422	0.428	711	748	-0.483289	0.077540	
A/duck/Hunan/689/2006_H5N	0.3033	0.2634	0.4330	0.2846	0.158	-0.132	0.351	53.98	0.417	0.427	710	748	-0.489037	0.077540	
A/duck/Hunan/733/2004_H5N	0.3028	0.2664	0.4330	0.2832	0.156	-0.142	0.345	53.31	0.418	0.426	711	748	-0.489171	0.077540	
A/duck/Hunan/8/2008_H5N1|	0.2612	0.3045	0.4394	0.2776	0.157	-0.119	0.359	52.27	0.446	0.435	711	748	-0.502941	0.077540	
A/duck/Hunan/S4020/2008_H	0.2966	0.2707	0.4229	0.2988	0.155	-0.138	0.347	54.01	0.431	0.429	712	748	-0.489439	0.077540	
A/duck/Hunan/S4030/2011_H	0.2971	0.2729	0.4257	0.2897	0.161	-0.120	0.357	53.36	0.428	0.432	711	748	-0.485160	0.077540	
A/duck/Hunan/S4150/2011_H	0.2953	0.2781	0.4164	0.2962	0.161	-0.121	0.356	54.41	0.437	0.433	710	748	-0.489572	0.077540	
A/duck/Hunan/S4220/2011_H	0.2958	0.2768	0.4200	0.2942	0.161	-0.118	0.359	54.27	0.434	0.432	710	748	-0.495321	0.077540	
A/duck/Jiangxi/120/2011_H	0.2857	0.2857	0.4065	0.3065	0.157	-0.138	0.346	53.25	0.451	0.434	714	748	-0.476337	0.077540	
A/duck/Jiangxi/130/2011_H	0.3010	0.2699	0.4247	0.2897	0.163	-0.115	0.361	54.37	0.425	0.430	710	748	-0.491845	0.077540	
A/duck/Jiangxi/34/2011_H5	0.2936	0.2729	0.4293	0.2891	0.162	-0.114	0.360	54.27	0.428	0.432	711	748	-0.479278	0.077540	
A/duck/Jiangxi/35/2011_H5	0.2793	0.2897	0.4149	0.3016	0.167	-0.090	0.374	51.29	0.450	0.440	711	748	-0.477407	0.077540	
A/duck/Jiangxi/44/2011_H5	0.2719	0.2823	0.4485	0.2795	0.157	-0.115	0.360	52.02	0.430	0.430	712	748	-0.505615	0.077540	
A/duck/Jiangxi/80/2005_H5	0.2924	0.2803	0.4239	0.2897	0.157	-0.132	0.350	53.56	0.433	0.430	711	748	-0.488770	0.077540	
A/duck/Jilin/JL-SIV/2013_	0.3045	0.2647	0.4301	0.2863	0.152	-0.153	0.338	53.22	0.418	0.426	710	748	-0.486096	0.077540	
A/duck/Nanchang/9789/2013	0.3022	0.2677	0.4384	0.2763	0.156	-0.130	0.352	53.73	0.414	0.427	711	748	-0.499733	0.077540	
A/duck/Shandong/009/2008_	0.2651	0.3029	0.4073	0.3103	0.161	-0.100	0.368	53.08	0.468	0.441	711	748	-0.496925	0.077540	
A/duck/Sichuan/NCXN10/201	0.2941	0.2803	0.4275	0.2832	0.160	-0.116	0.360	53.99	0.429	0.432	711	748	-0.494786	0.077540	
A/duck/Sichuan/NCXN11/201	0.2941	0.2803	0.4293	0.2812	0.160	-0.116	0.360	53.75	0.428	0.432	711	748	-0.494786	0.077540	
A/duck/Wenzhou/YJYF33/201	0.2771	0.2874	0.4170	0.3006	0.160	-0.116	0.360	53.29	0.449	0.436	712	748	-0.486364	0.078877	
A/duck/Yunnan/4072/2003_H	0.2951	0.2778	0.4312	0.2832	0.159	-0.126	0.354	53.73	0.426	0.428	711	748	-0.490909	0.077540	
A/duck/Yunnan/426/2004_H5	0.2951	0.2778	0.4312	0.2832	0.159	-0.128	0.353	53.64	0.426	0.428	711	748	-0.490909	0.077540	
A/duck/Yunnan/4645/2003_H	0.2951	0.2778	0.4312	0.2832	0.159	-0.126	0.354	53.73	0.426	0.428	711	748	-0.490909	0.077540	
A/duck/Yunnan/47/2006_H5N	0.3000	0.2621	0.4278	0.2945	0.157	-0.128	0.353	54.32	0.423	0.429	712	748	-0.499332	0.077540	
A/duck/Yunnan/485/2004_H5	0.2969	0.2760	0.4304	0.2826	0.158	-0.133	0.350	53.52	0.425	0.428	711	748	-0.487299	0.077540	
A/duck/Yunnan/4873/2006_H	0.3016	0.2652	0.4304	0.2897	0.156	-0.148	0.342	53.46	0.421	0.426	711	748	-0.492380	0.076203	
A/duck/Yunnan/5090/2003_H	0.2957	0.2783	0.4338	0.2798	0.160	-0.125	0.355	53.59	0.424	0.427	710	748	-0.487433	0.077540	
A/duck/Yunnan/5169/2003_H	0.2951	0.2778	0.4330	0.2812	0.159	-0.126	0.354	53.68	0.425	0.428	711	748	-0.490909	0.077540	
A/duck/Yunnan/522/2004_H5	0.2951	0.2778	0.4330	0.2812	0.159	-0.128	0.353	53.64	0.425	0.428	711	748	-0.490909	0.077540	
A/duck/Yunnan/5310/2006_H	0.3033	0.2652	0.4257	0.2937	0.156	-0.148	0.342	53.71	0.423	0.426	711	748	-0.488503	0.077540	
A/duck/Yunnan/5948/2003_H	0.2951	0.2778	0.4330	0.2812	0.159	-0.128	0.353	53.64	0.425	0.428	711	748	-0.490909	0.077540	
A/duck/Yunnan/6080/2003_H	0.2951	0.2778	0.4330	0.2812	0.159	-0.128	0.353	53.64	0.425	0.428	711	748	-0.490909	0.077540	
A/duck/Yunnan/6603/2003_H	0.2934	0.2778	0.4348	0.2812	0.160	-0.126	0.354	53.75	0.425	0.428	711	748	-0.490909	0.077540	
A/duck/Zhejiang/1220092/2	0.3058	0.2646	0.4340	0.2767	0.157	-0.124	0.354	53.92	0.413	0.427	712	748	-0.483690	0.077540	
A/duck/Zhejiang/213/2011_	0.3022	0.2642	0.4340	0.2832	0.157	-0.129	0.352	54.31	0.416	0.427	711	748	-0.487834	0.076203	
A/duck/Zhejiang/224/2011_	0.2958	0.2751	0.4286	0.2851	0.161	-0.113	0.361	54.39	0.426	0.430	711	748	-0.484626	0.077540	
A/duck/Zhejiang/2242/2011	0.2958	0.2751	0.4286	0.2851	0.161	-0.113	0.361	54.39	0.426	0.430	711	748	-0.484626	0.077540	
A/duck/Zhejiang/2243/2011	0.2958	0.2751	0.4286	0.2851	0.161	-0.113	0.361	54.39	0.426	0.430	711	748	-0.484626	0.077540	
A/duck/Zhejiang/2244/2011	0.2958	0.2751	0.4286	0.2851	0.161	-0.113	0.361	54.39	0.426	0.430	711	748	-0.484626	0.077540	
A/duck/Zhejiang/2245/2011	0.2712	0.2919	0.4087	0.3130	0.159	-0.123	0.356	52.10	0.461	0.441	711	748	-0.496524	0.077540	
A/duck/Zhejiang/2248/2011	0.2958	0.2751	0.4286	0.2851	0.161	-0.113	0.361	54.39	0.426	0.430	711	748	-0.484626	0.077540	
A/equine/China/61/2010_H5	0.2993	0.2664	0.4312	0.2897	0.155	-0.145	0.343	53.43	0.422	0.427	711	748	-0.488770	0.077540	
A/equine/China/67/2010_H5	0.2993	0.2664	0.4312	0.2897	0.155	-0.145	0.343	53.43	0.422	0.427	711	748	-0.488770	0.077540	
A/equine/China/68/2010_H5	0.2993	0.2664	0.4293	0.2917	0.155	-0.145	0.343	53.57	0.423	0.428	711	748	-0.488770	0.077540	
A/goose/China/E43/2012_H5	0.3040	0.2625	0.4438	0.2738	0.157	-0.125	0.354	53.68	0.408	0.425	711	748	-0.489038	0.077540	
A/goose/Eastern_China/223	0.2647	0.3080	0.4076	0.3057	0.162	-0.110	0.363	52.49	0.468	0.440	711	748	-0.485027	0.077540	
A/goose/GuangDong/1189/20	0.2850	0.2781	0.4221	0.2998	0.162	-0.104	0.367	52.03	0.440	0.435	711	748	-0.495722	0.077540	
A/goose/Guangdong/72/2004	0.3005	0.2729	0.4293	0.2812	0.158	-0.124	0.354	54.13	0.422	0.427	711	748	-0.492915	0.077540	
A/goose/Hubei/65/2005_H5N	0.3057	0.2573	0.4312	0.2917	0.153	-0.149	0.340	53.86	0.416	0.425	711	748	-0.490107	0.077540	
A/goose/Inner_Mongolia/IM	0.2855	0.2837	0.4195	0.2953	0.163	-0.121	0.357	51.70	0.442	0.434	711	748	-0.495722	0.077540	
A/goose/Jiangsu/k0403/201	0.2621	0.3103	0.4226	0.2922	0.162	-0.099	0.370	53.87	0.460	0.437	711	748	-0.494385	0.077540	
A/goose/Yunnan/3798/2006_	0.3028	0.2630	0.4340	0.2851	0.155	-0.145	0.343	53.35	0.416	0.426	711	748	-0.493583	0.076203	
A/goose/Yunnan/4371/2006_	0.3010	0.2647	0.4304	0.2891	0.155	-0.145	0.343	53.47	0.421	0.427	711	748	-0.493583	0.076203	
A/goose/Yunnan/4389/2006_	0.3010	0.2647	0.4304	0.2891	0.155	-0.147	0.342	53.38	0.421	0.427	711	748	-0.494118	0.076203	
A/goose/Yunnan/4985/2006_	0.3010	0.2647	0.4304	0.2897	0.155	-0.147	0.342	53.40	0.421	0.427	711	748	-0.493182	0.076203	
A/goose/Yunnan/5141/2006_	0.3022	0.2625	0.4374	0.2843	0.155	-0.145	0.343	53.19	0.415	0.425	711	748	-0.487834	0.077540	
A/goose/Yunnan/5769/2006_	0.3028	0.2647	0.4275	0.2917	0.155	-0.147	0.342	53.75	0.422	0.426	711	748	-0.489840	0.077540	
A/goose/Yunnan/5979/2006_	0.3028	0.2647	0.4275	0.2917	0.155	-0.147	0.342	53.75	0.422	0.426	711	748	-0.489840	0.077540	
A/goose/Yunnan/6193/2006_	0.2924	0.2734	0.4348	0.2857	0.157	-0.125	0.354	53.85	0.425	0.428	711	748	-0.481551	0.077540	
A/goose/Zhejiang/112071/2	0.3115	0.2668	0.4402	0.2623	0.153	-0.112	0.361	52.33	0.404	0.424	712	748	-0.490508	0.077540	
A/goose/Zhejiang/727098/2	0.3103	0.2603	0.4325	0.2829	0.161	-0.111	0.362	54.12	0.413	0.426	710	748	-0.474599	0.082888	
A/great_black-headed_gull	0.2971	0.2729	0.4327	0.2823	0.158	-0.127	0.354	54.16	0.423	0.428	710	748	-0.488102	0.077540	
A/great_crested-grebe/Qin	0.2983	0.2707	0.4275	0.2877	0.159	-0.125	0.354	54.33	0.425	0.430	711	748	-0.493316	0.077540	
A/great_egret/Hong_Kong/8	0.3022	0.2642	0.4221	0.2976	0.158	-0.134	0.349	54.49	0.426	0.430	711	748	-0.485695	0.077540	
A/great_tit/Panjing/PJ-66	0.2591	0.2988	0.4171	0.3129	0.168	-0.103	0.368	52.64	0.466	0.441	710	748	-0.492914	0.077540	
A/grey_heron/Hong_Kong/10	0.3000	0.2690	0.4213	0.2956	0.157	-0.130	0.351	54.25	0.428	0.430	712	748	-0.485562	0.077540	
A/grey_heron/Hong_Kong/30	0.3022	0.2642	0.4239	0.2956	0.158	-0.134	0.349	54.60	0.425	0.430	711	748	-0.485695	0.077540	
A/hill_myna/Heilongjiang/	0.2983	0.2707	0.4338	0.2792	0.157	-0.120	0.356	54.23	0.420	0.430	710	748	-0.494519	0.077540	
A/lesser_kestrel/Heilongj	0.3033	0.2617	0.4348	0.2851	0.156	-0.144	0.345	54.00	0.415	0.426	710	748	-0.488235	0.077540	
A/lion/Hubei/1-2/2016_H5N	0.2788	0.2857	0.4260	0.2913	0.161	-0.115	0.361	52.56	0.441	0.433	712	748	-0.491979	0.078877	
A/little_egret/Hong_Kong/	0.3081	0.2513	0.4159	0.3095	0.149	-0.179	0.323	52.41	0.425	0.425	711	748	-0.482353	0.078877	
A/magpie_robin/Hong_Kong/	0.3000	0.2690	0.4211	0.2962	0.158	-0.130	0.352	54.30	0.429	0.431	711	748	-0.488503	0.077540	
A/magpie_robin/Hong_Kong/	0.3005	0.2694	0.4203	0.2956	0.157	-0.132	0.350	54.31	0.429	0.430	711	748	-0.489038	0.077540	
A/meerkat/Shanghai/SH-1/2	0.3040	0.2677	0.4275	0.2832	0.159	-0.116	0.359	54.20	0.420	0.429	710	748	-0.489706	0.077540	
A/mink/China/G/2015_H5N1|	0.3057	0.2608	0.4402	0.2778	0.153	-0.129	0.352	54.22	0.409	0.425	711	748	-0.489038	0.077540	
A/mink/China/XB/2015_H5N1	0.2784	0.2852	0.4180	0.2980	0.160	-0.111	0.362	53.06	0.447	0.436	712	748	-0.489840	0.077540	
A/mink/Eastern_China/0712	0.3155	0.2483	0.4691	0.2505	0.147	-0.180	0.323	50.88	0.380	0.412	711	748	-0.498262	0.077540	
A/ostrich/Suzhou/097/2003	0.3062	0.2682	0.4286	0.2832	0.157	-0.139	0.347	54.10	0.419	0.426	712	748	-0.491444	0.077540	
A/parrot/Guangdong/C99/20	0.2998	0.2721	0.4330	0.2812	0.157	-0.135	0.349	53.32	0.421	0.427	711	748	-0.488369	0.077540	
A/partridge/Shantou/2886/	0.3092	0.2642	0.4356	0.2758	0.156	-0.142	0.345	53.29	0.411	0.424	711	748	-0.488636	0.077540	
A/peacock/Yunnan/1/2015_H	0.2788	0.2840	0.4206	0.2986	0.162	-0.116	0.360	52.85	0.445	0.435	712	748	-0.493316	0.077540	
A/peacock/Yunnan/3/2015_H	0.2788	0.2840	0.4206	0.2986	0.162	-0.116	0.360	52.85	0.445	0.435	712	748	-0.493316	0.077540	
A/peregrine_falcon/Hong_K	0.2694	0.3005	0.4094	0.3057	0.162	-0.108	0.364	53.19	0.463	0.439	711	748	-0.489037	0.077540	
A/pheasant/Shantou/3535/2	0.3092	0.2660	0.4229	0.2877	0.155	-0.144	0.343	53.46	0.421	0.428	711	748	-0.485294	0.077540	
A/pheasant/Shantou/4567/2	0.2983	0.2724	0.4348	0.2792	0.156	-0.138	0.347	53.26	0.420	0.427	712	748	-0.492647	0.077540	
A/pied_megpie/Liaoning/7/	0.3057	0.2677	0.4283	0.2837	0.161	-0.121	0.357	53.30	0.419	0.426	711	748	-0.502406	0.077540	
A/pigeon/Hubei/RP25/2012_	0.2677	0.3040	0.4026	0.3135	0.158	-0.125	0.355	52.11	0.470	0.440	710	748	-0.505883	0.077540	
A/pigeon/Sichuan/NCXN29/2	0.2946	0.2808	0.4275	0.2826	0.161	-0.116	0.360	53.74	0.429	0.432	711	748	-0.506016	0.077540	
A/pigeon/Zhejiang/112089/	0.3058	0.2646	0.4322	0.2787	0.157	-0.122	0.355	54.00	0.414	0.428	712	748	-0.483690	0.077540	
A/pigeon/Zhejiang/112090/	0.3007	0.2680	0.4322	0.2806	0.157	-0.122	0.355	53.75	0.419	0.429	712	748	-0.483690	0.077540	
A/pigeon/Zhejiang/727097/	0.3103	0.2603	0.4325	0.2829	0.161	-0.111	0.362	54.12	0.413	0.426	710	748	-0.474599	0.082888	
A/plateau_pika/Qinghai/04	0.2790	0.2894	0.4203	0.2959	0.167	-0.098	0.370	52.98	0.446	0.436	710	748	-0.496925	0.077540	
A/quail/Guangxi/11/2002_H	0.2976	0.2751	0.4327	0.2803	0.160	-0.116	0.361	53.41	0.423	0.430	710	748	-0.501604	0.077540	
A/quail/Guangxi/12/2002_H	0.2993	0.2734	0.4364	0.2763	0.160	-0.121	0.358	53.28	0.418	0.428	710	748	-0.501604	0.077540	
A/quail/Guangxi/13/2002_H	0.2958	0.2768	0.4309	0.2823	0.160	-0.116	0.361	53.08	0.425	0.430	710	748	-0.501604	0.077540	
A/quail/Nanchang/6631/201	0.2988	0.2712	0.4366	0.2778	0.155	-0.130	0.352	54.02	0.418	0.429	711	748	-0.500134	0.077540	
A/shrike/Tibet/13/2006_H5	0.3003	0.2674	0.4314	0.2866	0.157	-0.133	0.350	53.96	0.421	0.424	711	748	-0.494519	0.077540	
A/silky_chicken/Shantou/4	0.3005	0.2642	0.4350	0.2846	0.157	-0.131	0.351	53.94	0.417	0.427	712	748	-0.481417	0.076203	
A/swan/Shanghai/10/2009_H	0.2897	0.2776	0.4286	0.2903	0.153	-0.127	0.353	54.72	0.431	0.430	712	749	-0.484913	0.076101	
A/swine/Guangxi/592/2011_	0.2971	0.2729	0.4312	0.2837	0.158	-0.117	0.359	53.78	0.423	0.429	711	748	-0.489038	0.077540	
A/swine/Jiangsu/1/2008_H5	0.2988	0.2763	0.4314	0.2747	0.152	-0.154	0.338	52.78	0.421	0.427	711	748	-0.475000	0.077540	
A/swine/Jiangsu/2/2009_H5	0.3114	0.2578	0.4356	0.2823	0.153	-0.155	0.338	53.90	0.409	0.422	711	748	-0.502407	0.077540	
A/swine/Shandong/SD1/2014	0.2976	0.2734	0.4319	0.2817	0.157	-0.132	0.351	53.13	0.423	0.430	710	748	-0.495321	0.077540	
A/swine/Zhejiang/SW57/201	0.3086	0.2621	0.4293	0.2806	0.161	-0.108	0.363	54.04	0.414	0.429	710	748	-0.480348	0.077540	
A/tiger/Yunnan/tig1404/20	0.3010	0.2751	0.4312	0.2778	0.161	-0.109	0.364	54.17	0.421	0.429	711	748	-0.491043	0.077540	
A/tiger/Yunnan/tig1412/20	0.2988	0.2746	0.4293	0.2817	0.156	-0.123	0.356	54.03	0.423	0.430	711	748	-0.495187	0.077540	
A/tiger/Yunnan/tig1508/20	0.2830	0.2813	0.4260	0.2888	0.159	-0.116	0.360	53.05	0.437	0.434	712	748	-0.484225	0.077540	
A/turtle_dove/Guangdong/3	0.3028	0.2630	0.4348	0.2857	0.157	-0.131	0.352	53.53	0.416	0.426	711	748	-0.495321	0.077540	
A/waterfowl/Hong_Kong/378	0.2924	0.2768	0.4330	0.2832	0.158	-0.126	0.354	53.41	0.426	0.430	711	748	-0.498663	0.077540	
A/wild_duck/Fujian/1/2011	0.2978	0.2685	0.4312	0.2857	0.156	-0.118	0.357	53.80	0.422	0.431	711	748	-0.484358	0.076203	
A/wild_duck/Fujian/2/2011	0.2978	0.2685	0.4304	0.2851	0.156	-0.118	0.357	53.78	0.422	0.431	711	748	-0.488770	0.076203	
A/wild_duck/Jilin/HF/2011	0.2897	0.2776	0.4213	0.2976	0.160	-0.126	0.354	54.07	0.437	0.433	712	748	-0.484225	0.077540	
A/wild_duck/Jilin/ZF/2011	0.2655	0.3052	0.4127	0.3042	0.159	-0.120	0.357	53.23	0.464	0.438	711	748	-0.488503	0.077540	
A/wild_duck/Liaoning/8/20	0.3061	0.2713	0.4286	0.2806	0.165	-0.118	0.360	53.24	0.419	0.428	711	748	-0.519251	0.077540	
A/wild_duck/Shandong/1/20	0.2976	0.2751	0.4126	0.2990	0.153	-0.149	0.340	53.85	0.436	0.432	711	748	-0.460027	0.077540	
A/wild_duck/Shandong/2/20	0.3038	0.2656	0.4309	0.2846	0.158	-0.130	0.353	54.05	0.419	0.426	709	748	-0.512433	0.077540	
A/wild_duck/Shandong/628/	0.2943	0.2719	0.4485	0.2663	0.161	-0.128	0.353	51.17	0.412	0.425	712	748	-0.495321	0.076203	
A/Indonesia/5/2005       	0.2680	0.2474	0.4370	0.2821	0.156	-0.095	0.357	53.17	0.417	0.446	714	749	-0.308945	0.052069	
A/Hong_Kong/483/1997     	0.2852	0.2365	0.4644	0.2523	0.151	-0.120	0.345	50.64	0.384	0.430	711	749	-0.329506	0.054740	
A/Hong_Kong/482/97       	0.2765	0.2435	0.4644	0.2551	0.151	-0.123	0.343	50.44	0.391	0.432	711	749	-0.326702	0.054740	
A/Chicken/HongKong/FY150/	0.2806	0.2358	0.4370	0.2839	0.155	-0.104	0.352	52.78	0.408	0.442	715	749	-0.307343	0.053405	
A/Chicken/HongKong/YU822.	0.2724	0.2431	0.4293	0.2941	0.156	-0.099	0.356	53.68	0.422	0.445	714	749	-0.310013	0.053405	
A/Chicken/HongKong/YU562/	0.2759	0.2379	0.4377	0.2862	0.155	-0.101	0.354	53.29	0.412	0.443	714	749	-0.310414	0.053405	
A/Pheasant/Hong_Kong/FY15	0.2702	0.2427	0.4353	0.2894	0.155	-0.114	0.347	52.52	0.418	0.445	715	749	-0.310681	0.053405	
A/Hong_Kong/486/97       	0.2765	0.2435	0.4661	0.2532	0.151	-0.123	0.343	50.43	0.390	0.432	711	749	-0.326702	0.054740	
A/Thailand/16/2004       	0.2766	0.2405	0.4286	0.2917	0.154	-0.102	0.354	53.58	0.418	0.445	715	749	-0.308278	0.053405	
A/Hong_Kong/538/97       	0.2716	0.2439	0.4686	0.2556	0.149	-0.127	0.340	50.69	0.392	0.432	712	749	-0.325100	0.056075	
A/chicken/Indonesia/7/200	0.2651	0.2496	0.4403	0.2815	0.160	-0.077	0.369	54.12	0.418	0.445	715	749	-0.322964	0.053405	
A/chicken/Korea/ES/03    	0.2698	0.2474	0.4252	0.2949	0.158	-0.085	0.364	53.32	0.427	0.448	715	749	-0.306409	0.053405	
A/Hong_Kong/156/97       	0.2835	0.2365	0.4695	0.2491	0.150	-0.125	0.342	50.29	0.381	0.429	711	749	-0.331509	0.054740	
A/whooper_swan/Mongolia/2	0.2719	0.2496	0.4394	0.2771	0.160	-0.078	0.369	52.55	0.414	0.442	715	749	-0.323365	0.054740	
A/Vietnam/UT3062/2004    	0.2719	0.2478	0.4286	0.2899	0.159	-0.083	0.365	53.59	0.422	0.447	715	749	-0.304139	0.053405	
A/Anas_platyrhynchos/Chon	0.2672	0.2431	0.4317	0.2954	0.155	-0.098	0.356	51.79	0.424	0.445	713	749	-0.322430	0.053405	
A/Anas_platyrhynchos/Jiuj	0.2672	0.2431	0.4317	0.2954	0.155	-0.098	0.356	51.79	0.424	0.445	713	749	-0.322430	0.053405	
A/Anhui/1/2005|EPI_ISL_24	0.2637	0.2517	0.4298	0.2901	0.156	-0.099	0.356	52.94	0.427	0.448	717	749	-0.315354	0.053405	
A/Anhui/1/2006|EPI_ISL_73	0.2729	0.2470	0.4283	0.2910	0.156	-0.084	0.365	54.22	0.422	0.448	713	749	-0.306542	0.053405	
A/Anhui/2/2005|EPI_ISL_24	0.2620	0.2534	0.4338	0.2870	0.159	-0.087	0.363	52.69	0.425	0.447	717	749	-0.314019	0.054740	
A/Anser_cygnoides/China/P	0.2887	0.2337	0.4343	0.2841	0.150	-0.114	0.348	54.18	0.405	0.439	716	749	-0.310681	0.053405	
A/Anser_fabalis/Jiujiang/	0.2672	0.2431	0.4317	0.2954	0.155	-0.098	0.356	51.79	0.424	0.445	713	749	-0.322430	0.053405	
A/Bar-headed_Goose/Qingha	0.2616	0.2478	0.4235	0.3035	0.143	-0.127	0.339	49.90	0.434	0.449	714	749	-0.318558	0.053405	
A/Bar-headed_Goose/Tibet/	0.2651	0.2444	0.4295	0.2985	0.153	-0.096	0.358	49.60	0.427	0.445	715	749	-0.312150	0.053405	
A/Bar-headed_Goose/Tibet/	0.2633	0.2461	0.4295	0.2985	0.154	-0.094	0.359	49.60	0.428	0.445	715	749	-0.312150	0.053405	
A/Black_faced_Spoonbill/A	0.2660	0.2470	0.4349	0.2904	0.155	-0.096	0.358	51.04	0.423	0.448	712	759	-0.339262	0.065876	
A/Black_Faced_Spoonbill/H	0.2651	0.2530	0.4218	0.2972	0.155	-0.077	0.368	50.16	0.433	0.447	714	749	-0.310681	0.053405	
A/Black_Faced_Spoonbill/H	0.2690	0.2448	0.4349	0.2897	0.156	-0.095	0.358	51.41	0.420	0.444	712	749	-0.323632	0.053405	
A/Black-necked_Grebe/Inne	0.2668	0.2427	0.4226	0.3029	0.142	-0.136	0.334	49.53	0.431	0.449	713	749	-0.320561	0.052069	
A/Black-necked_Grebe/Inne	0.2625	0.2487	0.4276	0.2985	0.144	-0.129	0.338	49.50	0.431	0.446	713	749	-0.320027	0.052069	
A/Black-necked_Grebe/Inne	0.2642	0.2470	0.4259	0.2998	0.146	-0.122	0.342	49.65	0.431	0.446	713	749	-0.320427	0.052069	
A/Black-necked_Grebe/Inne	0.2642	0.2470	0.4259	0.2998	0.145	-0.122	0.342	49.60	0.431	0.447	713	749	-0.320427	0.052069	
A/Black-necked_Grebe/Inne	0.2625	0.2487	0.4259	0.2998	0.145	-0.124	0.341	49.59	0.432	0.447	713	749	-0.320427	0.052069	
A/Black-necked_Grebe/Inne	0.2642	0.2470	0.4259	0.2998	0.145	-0.122	0.342	49.60	0.431	0.447	713	749	-0.320427	0.052069	
A/Black-necked_Grebe/Inne	0.2642	0.2470	0.4259	0.2998	0.145	-0.122	0.342	49.60	0.431	0.447	713	749	-0.320427	0.052069	
A/Black-necked_Grebe/Inne	0.2621	0.2483	0.4259	0.2998	0.145	-0.124	0.341	49.52	0.432	0.448	713	749	-0.317891	0.052069	
A/chicken/Anhui/S1740/202	0.2840	0.2358	0.4199	0.3002	0.149	-0.103	0.354	50.47	0.420	0.441	714	749	-0.306809	0.054740	
A/chicken/China/Cangzhou0	0.2685	0.2427	0.4334	0.2923	0.152	-0.103	0.353	51.29	0.421	0.445	713	749	-0.327904	0.053405	
A/chicken/China/E93/2012|	0.2719	0.2496	0.4435	0.2744	0.162	-0.065	0.375	53.89	0.411	0.441	715	749	-0.300801	0.053405	
A/chicken/China/E96/2012|	0.2724	0.2483	0.4428	0.2762	0.160	-0.070	0.372	53.94	0.411	0.441	715	749	-0.300801	0.053405	
A/chicken/Gansu/5/2012|EP	0.2719	0.2496	0.4418	0.2739	0.161	-0.072	0.370	54.06	0.412	0.442	714	749	-0.299332	0.053405	
A/chicken/Gansu/6/2012|EP	0.2690	0.2517	0.4411	0.2771	0.162	-0.063	0.376	54.35	0.415	0.443	715	749	-0.308278	0.053405	
A/chicken/Guangxi/S2039/2	0.2740	0.2449	0.4226	0.2972	0.155	-0.093	0.359	53.58	0.426	0.448	716	749	-0.320160	0.053405	
A/chicken/Hubei/2856/2007	0.2685	0.2444	0.4007	0.3266	0.148	-0.097	0.357	53.06	0.448	0.454	714	749	-0.317757	0.053405	
A/chicken/Hunan/1793/2007	0.2769	0.2410	0.4281	0.2938	0.158	-0.092	0.361	54.23	0.419	0.446	720	757	-0.290225	0.055482	
A/chicken/Hunan/3157/2006	0.2646	0.2440	0.4024	0.3284	0.146	-0.101	0.354	52.91	0.450	0.454	714	749	-0.325901	0.053405	
A/chicken/Hunan/S10029/20	0.2735	0.2496	0.4336	0.2815	0.155	-0.092	0.359	54.69	0.418	0.445	718	749	-0.329373	0.053405	
A/chicken/Jiangsu/03.17_W	0.2595	0.2491	0.4189	0.3119	0.145	-0.125	0.341	50.80	0.441	0.449	712	749	-0.323498	0.053405	
A/chicken/Jiangsu/927/201	0.2828	0.2328	0.4327	0.2894	0.152	-0.104	0.353	50.71	0.410	0.440	714	749	-0.327370	0.053405	
A/chicken/Jiangsu/2477/20	0.2604	0.2500	0.4206	0.3083	0.147	-0.121	0.343	49.86	0.439	0.448	711	749	-0.321095	0.053405	
A/chicken/Jiangsu/k0402/2	0.2727	0.2453	0.4303	0.2894	0.161	-0.072	0.372	53.24	0.420	0.445	716	749	-0.319092	0.053405	
A/chicken/Jiangsu/SE2228/	0.2612	0.2474	0.4293	0.3009	0.147	-0.122	0.342	49.04	0.431	0.445	713	749	-0.314152	0.053405	
A/chicken/Jiangsu/YB7/201	0.2561	0.2491	0.4223	0.3125	0.143	-0.131	0.337	50.50	0.441	0.449	712	749	-0.328705	0.053405	
A/chicken/Jiangxi/25/2011	0.2877	0.2346	0.4293	0.2878	0.152	-0.094	0.359	52.43	0.409	0.440	716	749	-0.318959	0.053405	
A/chicken/Jiangxi/S40653/	0.2840	0.2358	0.4175	0.3015	0.150	-0.100	0.356	50.42	0.422	0.442	714	749	-0.303204	0.054740	
A/chicken/Jilin/04.12_MHK	0.2573	0.2504	0.4185	0.3120	0.145	-0.119	0.343	49.72	0.443	0.449	714	749	-0.312951	0.053405	
A/chicken/Jilin/04.12_MHK	0.2573	0.2504	0.4185	0.3120	0.145	-0.119	0.343	49.72	0.443	0.449	714	749	-0.312951	0.053405	
A/chicken/Jilin/04.12_MHK	0.2573	0.2504	0.4185	0.3120	0.145	-0.119	0.343	49.72	0.443	0.449	714	749	-0.312951	0.053405	
A/chicken/Jilin/04.12_MHK	0.2573	0.2504	0.4185	0.3126	0.145	-0.118	0.343	49.70	0.443	0.449	714	749	-0.306008	0.053405	
A/chicken/Jilin/04.25_MHK	0.2582	0.2496	0.4202	0.3102	0.144	-0.121	0.341	49.60	0.441	0.449	715	749	-0.309880	0.053405	
A/chicken/Jilin/S1255/201	0.2803	0.2336	0.4132	0.3143	0.147	-0.136	0.334	51.57	0.429	0.445	713	749	-0.302003	0.053405	
A/chicken/Jilin/S1271/201	0.2785	0.2336	0.4182	0.3107	0.148	-0.134	0.335	51.62	0.426	0.445	713	749	-0.304539	0.052069	
A/chicken/Liaoning/S4092/	0.2672	0.2517	0.4368	0.2821	0.162	-0.071	0.371	54.18	0.420	0.445	714	749	-0.309613	0.053405	
A/chicken/Liaoning/SD035/	0.2724	0.2362	0.4175	0.3138	0.148	-0.121	0.342	51.84	0.431	0.447	714	749	-0.300267	0.053405	
A/chicken/Ningxia/2/2012|	0.2724	0.2500	0.4418	0.2734	0.162	-0.071	0.371	54.26	0.412	0.443	714	749	-0.308678	0.053405	
A/chicken/Ningxia/222/201	0.2712	0.2504	0.4428	0.2729	0.163	-0.069	0.373	54.26	0.412	0.443	714	749	-0.309212	0.053405	
A/chicken/Shandong/12.03_	0.2578	0.2491	0.4223	0.3101	0.145	-0.119	0.344	50.85	0.440	0.449	712	749	-0.324566	0.053405	
A/Chicken/Shandong/J01/20	0.2806	0.2375	0.4346	0.2847	0.161	-0.069	0.373	52.70	0.411	0.443	716	749	-0.309212	0.052069	
A/Chicken/Shandong/J02/20	0.2672	0.2517	0.4435	0.2747	0.161	-0.076	0.368	54.43	0.415	0.445	714	749	-0.319493	0.053405	
A/Chicken/Shandong/J03/20	0.2638	0.2517	0.4553	0.2656	0.161	-0.069	0.373	53.56	0.408	0.442	714	749	-0.312951	0.053405	
A/Chicken/Shandong/J04/20	0.2690	0.2500	0.4418	0.2766	0.161	-0.078	0.367	54.04	0.415	0.444	714	749	-0.309613	0.053405	
A/Chicken/Shandong/J06/20	0.2727	0.2453	0.4353	0.2844	0.162	-0.064	0.376	53.24	0.416	0.442	716	749	-0.308945	0.053405	
A/chicken/Shanghai/S1123/	0.2586	0.2483	0.4218	0.3090	0.142	-0.137	0.333	49.51	0.438	0.449	714	749	-0.318425	0.053405	
A/chicken/Shanghai/S4030/	0.2548	0.2548	0.4216	0.3088	0.147	-0.124	0.341	49.10	0.442	0.448	712	749	-0.316155	0.053405	
A/chicken/Wuxi/WX-32/2013	0.2857	0.2306	0.4351	0.2862	0.152	-0.102	0.354	50.22	0.406	0.439	714	749	-0.324032	0.053405	
A/chicken/Wuxi/WX-33/2013	0.2840	0.2289	0.4334	0.2917	0.150	-0.109	0.350	50.60	0.409	0.441	714	749	-0.327370	0.054740	
A/chicken/Xinjiang/S1016/	0.2591	0.2487	0.4218	0.3090	0.142	-0.137	0.333	49.52	0.438	0.449	714	749	-0.322563	0.053405	
A/chicken/Xinjiang/S1081/	0.2591	0.2487	0.4235	0.3071	0.142	-0.137	0.333	49.64	0.437	0.448	714	749	-0.322563	0.053405	
A/chicken/Xinjiang/S1170/	0.2573	0.2504	0.4218	0.3090	0.142	-0.137	0.333	49.54	0.440	0.449	714	749	-0.322563	0.053405	
A/chicken/Yunnan/1/2014|E	0.2928	0.2312	0.4339	0.2862	0.149	-0.120	0.344	54.46	0.404	0.437	716	749	-0.293992	0.056075	
A/condor/Guangdong/139/20	0.2526	0.2612	0.4454	0.2771	0.149	-0.102	0.354	51.01	0.424	0.447	715	749	-0.311082	0.053405	
A/Curlew/Hong_Kong/AFCD-H	0.2616	0.2530	0.4252	0.2967	0.150	-0.096	0.357	50.30	0.433	0.448	714	749	-0.314286	0.053405	
A/Cygnus_columbianus/Hube	0.2694	0.2435	0.4283	0.2972	0.153	-0.103	0.353	51.42	0.425	0.445	713	749	-0.324967	0.053405	
A/Cygnus_columbianus/Hube	0.2621	0.2517	0.4192	0.3040	0.156	-0.077	0.369	50.39	0.438	0.450	713	749	-0.317757	0.053405	
A/Cygnus_columbianus/Hube	0.2694	0.2435	0.4283	0.2972	0.153	-0.103	0.353	51.42	0.425	0.445	713	749	-0.324967	0.053405	
A/Cygnus_columbianus/Hube	0.2694	0.2435	0.4283	0.2972	0.153	-0.103	0.353	51.42	0.425	0.445	713	749	-0.324967	0.053405	
A/domestic_green-winged_t	0.2603	0.2448	0.4394	0.2941	0.158	-0.085	0.364	51.79	0.423	0.445	714	749	-0.313351	0.053405	
A/duck/China/E26/2012|EPI	0.2943	0.2410	0.4416	0.2588	0.154	-0.084	0.365	52.60	0.393	0.431	712	749	-0.332577	0.053405	
A/duck/China/E53/2012|EPI	0.2705	0.2483	0.4158	0.3051	0.155	-0.091	0.360	53.38	0.434	0.449	716	749	-0.319760	0.053405	
A/duck/Eastern_China/108/	0.2599	0.2496	0.4435	0.2860	0.157	-0.096	0.357	51.93	0.420	0.443	714	749	-0.296929	0.053405	
A/duck/Eastern_China/909/	0.2599	0.2496	0.4384	0.2915	0.157	-0.098	0.356	51.90	0.424	0.445	714	749	-0.296929	0.053405	
A/duck/Fujian/S1233/2018(	0.2759	0.2328	0.4670	0.2620	0.157	-0.089	0.362	50.43	0.388	0.433	713	749	-0.326836	0.053405	
A/duck/Fujian/S1273/2018(	0.2759	0.2328	0.4653	0.2638	0.157	-0.092	0.360	50.44	0.390	0.434	713	749	-0.326836	0.053405	
A/Duck/Fujian/S4146/2010|	0.2864	0.2350	0.4310	0.2873	0.152	-0.106	0.352	52.35	0.409	0.441	716	749	-0.323632	0.053405	
A/duck/Guangdong/S4518/20	0.2599	0.2547	0.4242	0.2978	0.153	-0.081	0.366	50.25	0.435	0.449	713	749	-0.306275	0.053405	
A/duck/Guangdong/S4525/20	0.2616	0.2530	0.4242	0.2978	0.153	-0.081	0.366	50.27	0.433	0.448	713	749	-0.306275	0.053405	
A/duck/Guizhou/S1321/2022	0.2629	0.2509	0.4252	0.2967	0.154	-0.082	0.366	50.47	0.431	0.448	714	749	-0.310147	0.053405	
A/duck/Guizhou/S1711/2024	0.2763	0.2401	0.4394	0.2802	0.159	-0.067	0.374	49.50	0.410	0.438	713	749	-0.317624	0.053405	
A/duck/Hubei/03.06__WHWTZ	0.2457	0.2578	0.4247	0.3142	0.146	-0.119	0.344	49.75	0.448	0.450	712	749	-0.308812	0.053405	
A/duck/Hubei/46/2009|EPI_	0.2806	0.2341	0.4353	0.2852	0.157	-0.094	0.359	53.44	0.409	0.439	714	749	-0.319092	0.052069	
A/duck/Hubei/2911/2007|EP	0.2646	0.2440	0.4000	0.3297	0.148	-0.099	0.356	52.33	0.451	0.455	714	749	-0.298531	0.053405	
A/duck/Hubei/S4465/2021(H	0.2801	0.2388	0.4175	0.3015	0.150	-0.098	0.357	50.44	0.424	0.444	714	749	-0.304005	0.054740	
A/duck/Hubei/SE128/2022(H	0.2823	0.2375	0.4175	0.3015	0.151	-0.098	0.357	50.41	0.423	0.443	714	749	-0.303204	0.054740	
A/duck/Hubei/SE220/2022(H	0.2642	0.2521	0.4202	0.2985	0.153	-0.080	0.367	50.25	0.434	0.449	714	749	-0.314019	0.053405	
A/duck/Hubei/xn/2007|EPI_	0.2654	0.2500	0.4298	0.2901	0.157	-0.094	0.358	52.99	0.425	0.448	717	749	-0.308278	0.053405	
A/duck/Hunan/03.07_YYGK1L	0.2735	0.2496	0.4336	0.2815	0.155	-0.092	0.359	54.69	0.418	0.445	718	749	-0.329373	0.053405	
A/duck/Hunan/12.07__YYGK4	0.2705	0.2466	0.4266	0.2954	0.153	-0.100	0.355	53.34	0.426	0.449	716	749	-0.331509	0.053405	
A/duck/Hunan/12.07__YYGK9	0.2723	0.2500	0.4141	0.3040	0.156	-0.087	0.363	53.82	0.435	0.451	717	749	-0.332443	0.053405	
A/duck/Hunan/12.07_YYGK00	0.2723	0.2500	0.4141	0.3040	0.156	-0.087	0.363	53.82	0.435	0.451	717	749	-0.332443	0.053405	
A/duck/Hunan/12.07_YYGK10	0.2785	0.2439	0.4188	0.2980	0.158	-0.098	0.356	54.00	0.426	0.449	707	739	-0.312585	0.054127	
A/duck/Hunan/316/2005|EPI	0.2741	0.2379	0.4446	0.2807	0.157	-0.095	0.358	52.06	0.407	0.440	715	749	-0.314419	0.053405	
A/duck/Hunan/689/2006|EPI	0.2651	0.2444	0.4024	0.3284	0.146	-0.098	0.356	52.70	0.450	0.453	714	749	-0.324566	0.053405	
A/duck/Hunan/3315/2006|EP	0.2763	0.2383	0.4293	0.2936	0.156	-0.096	0.358	54.28	0.418	0.446	713	749	-0.310414	0.053405	
A/duck/Hunan/S4020/2008|E	0.2744	0.2453	0.4336	0.2839	0.162	-0.070	0.373	53.39	0.416	0.445	716	749	-0.309079	0.053405	
A/duck/Hunan/S4030/2011|E	0.2723	0.2500	0.4266	0.2910	0.151	-0.110	0.349	54.42	0.425	0.445	716	749	-0.320160	0.053405	
A/duck/Hunan/S4150/2011|E	0.2732	0.2474	0.4245	0.2925	0.160	-0.070	0.373	53.71	0.425	0.446	716	749	-0.314686	0.053405	
A/duck/Hunan/S4220/2011|E	0.2847	0.2367	0.4259	0.2928	0.153	-0.099	0.356	53.55	0.415	0.443	716	749	-0.315220	0.053405	
A/duck/Jiangsu/S4439/2017	0.2582	0.2513	0.4266	0.3033	0.145	-0.131	0.337	48.96	0.435	0.446	712	749	-0.317223	0.053405	
A/duck/Jiangsu/SE1128/201	0.2591	0.2504	0.4293	0.2991	0.147	-0.117	0.345	49.54	0.432	0.446	713	749	-0.315487	0.053405	
A/duck/Jiangxi/34/2011|EP	0.2911	0.2329	0.4274	0.2907	0.152	-0.102	0.355	52.57	0.409	0.440	716	749	-0.313351	0.053405	
A/duck/Jiangxi/35/2011|EP	0.2877	0.2329	0.4276	0.2915	0.151	-0.099	0.356	52.69	0.411	0.442	716	749	-0.318558	0.053405	
A/duck/Jiangxi/44/2011|EP	0.2832	0.2263	0.4941	0.2329	0.155	-0.076	0.370	49.54	0.360	0.423	714	749	-0.318692	0.053405	
A/duck/Jiangxi/120/2011|E	0.2754	0.2461	0.4334	0.2815	0.161	-0.081	0.367	53.07	0.416	0.446	714	749	-0.314953	0.053405	
A/duck/Jiangxi/130/2011|E	0.2710	0.2487	0.4235	0.2943	0.161	-0.068	0.374	53.47	0.427	0.447	716	749	-0.331108	0.053405	
A/duck/Jiangxi/S40833/202	0.2857	0.2341	0.4175	0.3015	0.150	-0.103	0.354	50.48	0.420	0.441	714	749	-0.306542	0.054740	
A/duck/Jilin/04.04_SY002-	0.2578	0.2543	0.4274	0.2967	0.144	-0.122	0.342	49.64	0.435	0.447	711	749	-0.330040	0.053405	
A/duck/Jilin/JL-SIV/2013|	0.2785	0.2388	0.4469	0.2749	0.158	-0.076	0.370	53.75	0.403	0.441	713	749	-0.315220	0.053405	
A/duck/Jilin/S1261/2019(H	0.2781	0.2332	0.4158	0.3138	0.147	-0.134	0.335	51.50	0.429	0.445	714	749	-0.298932	0.053405	
A/duck/Jilin/S4171/2019(H	0.2741	0.2362	0.4182	0.3125	0.149	-0.119	0.343	51.88	0.430	0.446	714	749	-0.298932	0.053405	
A/duck/Nanchang/9789/2013	0.2803	0.2376	0.4310	0.2902	0.150	-0.111	0.349	53.02	0.413	0.442	716	749	-0.318425	0.053405	
A/duck/Shandong/009/2008|	0.2565	0.2513	0.4237	0.3100	0.147	-0.116	0.346	50.10	0.440	0.449	711	749	-0.318291	0.053405	
A/Duck/Shandong/Y01/2009|	0.2710	0.2470	0.4303	0.2888	0.162	-0.070	0.373	53.32	0.422	0.445	716	749	-0.319493	0.053405	
A/Duck/Shandong/Y02/2009|	0.2727	0.2453	0.4303	0.2894	0.161	-0.068	0.374	53.41	0.420	0.445	716	749	-0.319092	0.053405	
A/duck/Sichuan/NCXN10/201	0.2916	0.2281	0.4319	0.2897	0.149	-0.115	0.347	54.00	0.404	0.438	717	749	-0.307343	0.053405	
A/duck/Sichuan/NCXN11/201	0.2887	0.2320	0.4293	0.2915	0.150	-0.114	0.348	54.10	0.409	0.440	716	749	-0.310681	0.053405	
A/duck/Xinjiang/S1066/201	0.2595	0.2491	0.4218	0.3090	0.143	-0.137	0.333	49.49	0.438	0.448	714	749	-0.321762	0.053405	
A/duck/Xinjiang/S1126/201	0.2586	0.2483	0.4218	0.3090	0.142	-0.137	0.333	49.51	0.438	0.449	714	749	-0.318425	0.053405	
A/duck/Zhejiang/1220092/2	0.2622	0.2483	0.4216	0.3059	0.146	-0.122	0.342	49.84	0.436	0.449	711	749	-0.315220	0.053405	
A/duck/Zhejiang/S4091/201	0.2647	0.2439	0.4250	0.3051	0.145	-0.126	0.340	49.06	0.431	0.446	712	749	-0.318024	0.053405	
A/equine/China/61/2010|EP	0.2651	0.2547	0.4303	0.2875	0.161	-0.072	0.372	53.08	0.427	0.448	715	749	-0.314953	0.053405	
A/equine/China/67/2010|EP	0.2651	0.2547	0.4269	0.2912	0.161	-0.072	0.372	53.25	0.429	0.449	715	749	-0.314953	0.053405	
A/equine/China/68/2010|EP	0.2729	0.2487	0.4327	0.2834	0.163	-0.079	0.368	52.85	0.419	0.445	714	749	-0.321495	0.053405	
A/Eurasian_Teal/Hong_Kong	0.2595	0.2543	0.4235	0.2996	0.145	-0.116	0.345	50.09	0.436	0.450	714	749	-0.300668	0.053405	
A/Eurasian_Teal/Hong_Kong	0.2595	0.2560	0.4202	0.3009	0.147	-0.116	0.345	49.95	0.438	0.452	714	749	-0.297730	0.053405	
A/Eurasian_Wigeon/Hong_Ko	0.2599	0.2565	0.4192	0.3009	0.147	-0.115	0.345	49.99	0.439	0.452	713	749	-0.301202	0.053405	
A/Eurasian_Wigeon/Hong_Ko	0.2599	0.2565	0.4192	0.3009	0.147	-0.115	0.345	49.99	0.439	0.452	713	749	-0.301202	0.053405	
A/Falco_peregrinus/Beijin	0.2668	0.2444	0.4317	0.2936	0.152	-0.105	0.352	51.17	0.424	0.446	713	749	-0.328838	0.053405	
A/Fujian/1/2005|EPI_ISL_2	0.2768	0.2405	0.4334	0.2881	0.159	-0.087	0.363	53.91	0.415	0.445	713	749	-0.313618	0.053405	
A/Fujian/1/2007|EPI_ISL_7	0.2633	0.2565	0.4351	0.2831	0.162	-0.073	0.371	53.04	0.424	0.447	714	749	-0.314953	0.053405	
A/Gallinago_Stenura/Hong_	0.2599	0.2565	0.4192	0.3009	0.147	-0.115	0.345	49.99	0.439	0.452	713	749	-0.301202	0.053405	
A/goose/China/E43/2012|EP	0.2894	0.2312	0.4209	0.3007	0.151	-0.110	0.350	52.57	0.416	0.441	717	749	-0.319359	0.054740	
A/goose/Guangdong/SH7/201	0.2887	0.2337	0.4327	0.2855	0.150	-0.118	0.345	54.29	0.406	0.439	716	749	-0.311082	0.053405	
A/goose/Guizhou/S1541/202	0.2629	0.2509	0.4252	0.2967	0.154	-0.082	0.366	50.47	0.431	0.448	714	749	-0.310147	0.053405	
A/goose/Hunan/SE284/2022(	0.2655	0.2448	0.4418	0.2844	0.153	-0.100	0.355	51.09	0.417	0.443	713	749	-0.321495	0.053405	
A/goose/Inner_Mongolia/IM	0.2788	0.2358	0.4209	0.3028	0.156	-0.090	0.361	51.78	0.423	0.445	714	749	-0.321095	0.053405	
A/goose/Jiangsu/k0403/201	0.2732	0.2474	0.4327	0.2844	0.161	-0.062	0.378	52.98	0.418	0.443	715	749	-0.312283	0.053405	
A/goose/Jilin/S4034/2019(	0.2729	0.2366	0.4233	0.3070	0.148	-0.128	0.338	51.46	0.426	0.445	713	749	-0.291722	0.053405	
A/goose/Shandong/03.10_HZ	0.2622	0.2483	0.4240	0.3046	0.146	-0.121	0.343	49.92	0.435	0.447	711	749	-0.321095	0.053405	
A/goose/Shandong/GS/2013(	0.2862	0.2293	0.4336	0.2875	0.152	-0.104	0.353	50.80	0.406	0.439	714	749	-0.316289	0.053405	
A/goose/Zhejiang/112071/2	0.2608	0.2487	0.4185	0.3108	0.147	-0.112	0.347	50.03	0.440	0.448	714	749	-0.312550	0.053405	
A/goose/Zhejiang/727098/2	0.2823	0.2341	0.4336	0.2875	0.152	-0.100	0.355	50.82	0.410	0.440	715	749	-0.323898	0.053405	
A/Great_black-headed_Gull	0.2616	0.2478	0.4228	0.3029	0.143	-0.127	0.339	49.87	0.434	0.449	714	749	-0.314953	0.053405	
A/Great_black-headed_Gull	0.2616	0.2478	0.4235	0.3035	0.143	-0.127	0.339	49.90	0.434	0.449	714	749	-0.318558	0.053405	
A/Great_Cormorant/Hubei/c	0.2561	0.2491	0.4240	0.3107	0.145	-0.124	0.341	50.42	0.440	0.448	712	749	-0.324700	0.053405	
A/Great_Cormorant/Hubei/c	0.2561	0.2491	0.4240	0.3107	0.146	-0.122	0.343	50.56	0.440	0.449	712	749	-0.324166	0.053405	
A/Great_Cormorant/Hubei/V	0.2595	0.2474	0.4257	0.3070	0.146	-0.124	0.341	50.94	0.435	0.447	712	749	-0.324166	0.053405	
A/Great_Cormorant/Hubei/V	0.2578	0.2491	0.4257	0.3070	0.146	-0.122	0.343	50.89	0.437	0.447	712	749	-0.327503	0.053405	
A/Great_Cormorant/Hubei/V	0.2578	0.2491	0.4257	0.3070	0.146	-0.122	0.343	50.91	0.437	0.447	712	749	-0.324166	0.053405	
A/Guangdong/1/2006|EPI_IS	0.2729	0.2470	0.4283	0.2904	0.156	-0.089	0.362	54.12	0.422	0.448	713	749	-0.313485	0.053405	
A/Guangdong/1/2008|EPI_IS	0.2763	0.2453	0.4435	0.2721	0.158	-0.080	0.367	53.33	0.407	0.443	713	749	-0.313752	0.054740	
A/Guangdong/2/2006|EPI_IS	0.2651	0.2547	0.4310	0.2875	0.161	-0.077	0.369	52.56	0.427	0.447	715	749	-0.309880	0.053405	
A/Guangxi/1/2005|EPI_ISL_	0.2620	0.2534	0.4338	0.2870	0.159	-0.087	0.363	52.69	0.425	0.447	717	749	-0.314019	0.054740	
A/Guangxi/1/2005|EPI_ISL_	0.2651	0.2530	0.4310	0.2875	0.160	-0.079	0.368	52.82	0.426	0.448	714	749	-0.313218	0.053405	
A/Guangxi/1/2008|EPI_ISL_	0.2702	0.2444	0.4269	0.2972	0.156	-0.094	0.359	52.88	0.425	0.446	715	749	-0.311215	0.053405	
A/Guizhou/1/2009|EPI_ISL_	0.2707	0.2500	0.4418	0.2739	0.158	-0.072	0.372	52.01	0.412	0.444	713	749	-0.318424	0.052069	
A/hill_myna/Heilongjiang/	0.2740	0.2432	0.4233	0.2996	0.154	-0.101	0.355	53.68	0.426	0.448	716	749	-0.330975	0.053405	
A/Hong_Kong/5923/2012|EPI	0.2821	0.2376	0.4283	0.2921	0.149	-0.110	0.349	52.96	0.415	0.440	716	749	-0.318558	0.054740	
A/Hunan/1/2006|EPI_ISL_79	0.2612	0.2560	0.4319	0.2870	0.160	-0.076	0.369	53.00	0.428	0.449	715	749	-0.313351	0.053405	
A/Hunan/1/2008|EPI_ISL_73	0.2815	0.2349	0.4384	0.2831	0.156	-0.102	0.355	53.51	0.407	0.442	713	749	-0.314686	0.054740	
A/Hunan/2/2009|EPI_ISL_79	0.2729	0.2504	0.4401	0.2744	0.158	-0.075	0.370	52.23	0.412	0.443	713	749	-0.317757	0.052069	
A/Japanese_white-eye/Taoy	0.2740	0.2414	0.4266	0.2978	0.153	-0.105	0.352	53.57	0.423	0.447	716	749	-0.330975	0.053405	
A/Jiangsu/1/2007|EPI_ISL_	0.2712	0.2487	0.4368	0.2818	0.156	-0.077	0.369	54.25	0.417	0.446	713	749	-0.313084	0.053405	
A/Jiangsu/2/2007|EPI_ISL_	0.2712	0.2487	0.4368	0.2818	0.156	-0.077	0.369	54.25	0.417	0.446	713	749	-0.313084	0.053405	
A/Jiangxi/1/2005|EPI_ISL_	0.2751	0.2422	0.4375	0.2855	0.154	-0.102	0.355	53.91	0.414	0.443	713	749	-0.319092	0.054740	
A/lesser_kestrel/Heilongj	0.2668	0.2427	0.4007	0.3284	0.148	-0.096	0.358	51.08	0.449	0.455	713	748	-0.299064	0.053476	
A/lion/Hubei/1-2/2016|EPI	0.2647	0.2405	0.4216	0.3125	0.143	-0.141	0.331	50.23	0.434	0.446	712	749	-0.323498	0.053405	
A/mallard/Heilongjiang/HL	0.2784	0.2268	0.4195	0.3132	0.148	-0.127	0.338	50.90	0.424	0.445	715	749	-0.292523	0.053405	
A/mandarin_duck/Heilongji	0.2612	0.2526	0.4209	0.3022	0.153	-0.084	0.364	50.18	0.437	0.449	714	749	-0.314820	0.053405	
A/mandarin_duck/Henan/426	0.2655	0.2448	0.4401	0.2852	0.154	-0.100	0.355	51.34	0.418	0.444	713	749	-0.322697	0.053405	
A/meerkat/Shanghai/SH-1/2	0.2850	0.2349	0.4300	0.2886	0.151	-0.106	0.352	50.64	0.411	0.440	713	749	-0.320160	0.053405	
A/mink/China/G/2015|EPI_I	0.2901	0.2287	0.4360	0.2812	0.153	-0.101	0.355	52.33	0.401	0.440	716	749	-0.308545	0.053405	
A/mink/China/XB/2015|EPI_	0.2578	0.2474	0.4291	0.3051	0.145	-0.124	0.341	50.09	0.434	0.447	712	749	-0.324166	0.053405	
A/mink/Eastern_China/0712	0.2449	0.2654	0.4495	0.2781	0.150	-0.093	0.359	50.76	0.427	0.442	716	749	-0.315220	0.053405	
A/Nanjing/1/2015|EPI_ISL_	0.2561	0.2491	0.4223	0.3125	0.145	-0.127	0.340	50.71	0.441	0.449	712	749	-0.324166	0.053405	
A/ostrich/Suzhou/097/2003	0.2707	0.2448	0.4377	0.2868	0.160	-0.078	0.368	52.12	0.417	0.444	715	749	-0.318692	0.053405	
A/parrot/Guangdong/C99/20	0.2737	0.2478	0.4269	0.2899	0.158	-0.088	0.362	53.54	0.422	0.446	715	749	-0.310814	0.053405	
A/peacock/Yunnan/1/2015|E	0.2578	0.2491	0.4283	0.3039	0.147	-0.122	0.343	50.39	0.434	0.446	712	749	-0.320961	0.053405	
A/peacock/Yunnan/3/2015|E	0.2573	0.2504	0.4266	0.3044	0.145	-0.121	0.343	50.41	0.435	0.446	712	749	-0.310814	0.053405	
A/pigeon/Hubei/RP25/2012|	0.2732	0.2440	0.4362	0.2810	0.161	-0.074	0.371	53.37	0.414	0.446	715	749	-0.300534	0.053405	
A/pigeon/Jiangsu/12.22_TC	0.2630	0.2474	0.4185	0.3084	0.147	-0.119	0.344	50.06	0.438	0.449	713	749	-0.308411	0.053405	
A/pigeon/Jiangxi/S40784/2	0.2857	0.2341	0.4175	0.3015	0.150	-0.103	0.354	50.48	0.420	0.441	714	749	-0.306542	0.054740	
A/pigeon/Jilin/04.25_CCHL	0.2582	0.2513	0.4216	0.3083	0.145	-0.124	0.341	49.82	0.440	0.449	712	749	-0.317624	0.053405	
A/pigeon/Jilin/S4176/2019	0.2741	0.2362	0.4182	0.3125	0.148	-0.121	0.342	51.87	0.430	0.446	714	749	-0.300134	0.053405	
A/pigeon/Sichuan/NCXN29/2	0.2904	0.2302	0.4310	0.2897	0.151	-0.112	0.349	53.43	0.406	0.439	716	749	-0.310681	0.053405	
A/pigeon/Zhejiang/112089/	0.2586	0.2500	0.4154	0.3133	0.144	-0.118	0.344	50.36	0.443	0.450	715	749	-0.325100	0.053405	
A/pigeon/Zhejiang/112090/	0.2622	0.2483	0.4216	0.3059	0.146	-0.122	0.342	49.84	0.436	0.449	711	749	-0.315220	0.053405	
A/pigeon/Zhejiang/727097/	0.2828	0.2345	0.4336	0.2875	0.152	-0.098	0.357	50.89	0.410	0.439	715	749	-0.328037	0.053405	
A/plateau_pika/Qinghai/04	0.2650	0.2444	0.4431	0.2888	0.158	-0.083	0.366	52.62	0.417	0.442	721	755	-0.311126	0.055629	
A/quail/Nanchang/6631/201	0.2786	0.2393	0.4310	0.2886	0.151	-0.106	0.352	53.01	0.415	0.444	716	749	-0.327236	0.053405	
A/Shandong/1/2009|EPI_ISL	0.2810	0.2397	0.4384	0.2781	0.154	-0.087	0.363	53.64	0.407	0.443	713	749	-0.313885	0.053405	
A/Sichuan/1/2006|EPI_ISL_	0.2654	0.2500	0.4281	0.2925	0.159	-0.084	0.364	52.77	0.427	0.447	717	749	-0.311749	0.053405	
A/Sichuan/2/2006|EPI_ISL_	0.2654	0.2500	0.4281	0.2925	0.159	-0.084	0.364	52.92	0.427	0.447	717	749	-0.311749	0.053405	
A/Spatula_querquedula/Cho	0.2672	0.2431	0.4317	0.2954	0.155	-0.098	0.356	51.79	0.424	0.445	713	749	-0.322430	0.053405	
A/swine/Shandong/SD1/2014	0.2759	0.2379	0.4276	0.2972	0.159	-0.092	0.360	53.25	0.420	0.446	714	749	-0.317089	0.053405	
A/tiger/Yunnan/tig1404/20	0.2882	0.2367	0.4293	0.2860	0.152	-0.106	0.352	54.08	0.409	0.440	716	749	-0.300401	0.053405	
A/tiger/Yunnan/tig1412/20	0.2899	0.2298	0.4394	0.2799	0.153	-0.109	0.351	52.91	0.399	0.438	716	749	-0.318425	0.053405	
A/tiger/Yunnan/tig1508/20	0.2586	0.2483	0.4216	0.3107	0.146	-0.122	0.342	50.73	0.439	0.449	713	749	-0.322029	0.053405	
A/tundra_swan/Fujian/SD12	0.2595	0.2560	0.4235	0.2967	0.145	-0.118	0.343	50.06	0.436	0.450	714	749	-0.304807	0.053405	
A/turtle_dove/Guangdong/3	0.2654	0.2483	0.4314	0.2901	0.158	-0.094	0.358	52.64	0.424	0.446	717	749	-0.304272	0.053405	
A/turtle_dove/Hunan/S4004	0.2587	0.2465	0.4317	0.3028	0.146	-0.123	0.343	50.22	0.431	0.445	712	749	-0.326302	0.053405	
A/whooper_swan/Henan/8/20	0.2655	0.2448	0.4435	0.2821	0.154	-0.100	0.355	51.01	0.415	0.443	713	749	-0.321762	0.053405	
A/whooper_swan/Henan/14/2	0.2655	0.2448	0.4435	0.2821	0.154	-0.103	0.353	50.96	0.415	0.443	713	749	-0.318825	0.053405	
A/whooper_swan/Henan/44/2	0.2655	0.2448	0.4435	0.2821	0.154	-0.100	0.355	51.01	0.415	0.443	713	749	-0.321762	0.053405	
A/whooper_swan/Henan/45/2	0.2655	0.2448	0.4435	0.2821	0.154	-0.100	0.355	51.01	0.415	0.443	713	749	-0.321762	0.053405	
A/whooper_swan/Henan/46/2	0.2655	0.2448	0.4435	0.2821	0.154	-0.100	0.355	51.01	0.415	0.443	713	749	-0.321762	0.053405	
A/whooper_swan/Henan/424/	0.2655	0.2448	0.4401	0.2857	0.154	-0.100	0.355	51.33	0.418	0.444	713	749	-0.321762	0.053405	
A/whooper_swan/Henan/SMX1	0.2621	0.2483	0.4218	0.3047	0.144	-0.127	0.339	49.66	0.436	0.449	714	749	-0.317356	0.052069	
A/whooper_swan/Henan/SMX3	0.2625	0.2487	0.4242	0.3016	0.145	-0.124	0.341	49.70	0.433	0.448	713	749	-0.320427	0.052069	
A/whooper_swan/Henan/SMX4	0.2647	0.2474	0.4233	0.3016	0.144	-0.128	0.338	49.66	0.433	0.448	712	749	-0.323898	0.052069	
A/whooper_swan/Henan/SMX9	0.2608	0.2487	0.4228	0.3024	0.144	-0.123	0.341	49.59	0.435	0.449	713	749	-0.316021	0.050734	
A/whooper_swan/Shanxi/14/	0.2655	0.2448	0.4435	0.2821	0.154	-0.100	0.355	51.01	0.415	0.443	713	749	-0.321762	0.053405	
A/whooper_swan/Shanxi/20/	0.2655	0.2448	0.4435	0.2821	0.154	-0.100	0.355	51.01	0.415	0.443	713	749	-0.321762	0.053405	
A/wild_duck/Fujian/1/2011	0.2821	0.2376	0.4259	0.2941	0.150	-0.106	0.351	52.61	0.417	0.444	717	749	-0.330708	0.054740	
A/wild_duck/Fujian/2/2011	0.2842	0.2363	0.4242	0.2965	0.152	-0.103	0.354	52.65	0.417	0.443	717	749	-0.328438	0.054740	
A/wild_duck/Hebei/SD012/2	0.2624	0.2504	0.4195	0.3040	0.143	-0.127	0.338	49.98	0.436	0.450	715	749	-0.304539	0.053405	
A/wild_duck/Jilin/HF/2011	0.2624	0.2573	0.4351	0.2844	0.166	-0.046	0.387	53.55	0.426	0.447	716	749	-0.315220	0.053405	
A/wild_duck/Jilin/ZF/2011	0.2710	0.2470	0.4310	0.2891	0.157	-0.078	0.368	53.34	0.421	0.444	715	749	-0.306275	0.053405	
A/wild_duck/Shandong/1/20	0.2702	0.2496	0.4428	0.2752	0.161	-0.074	0.369	54.24	0.413	0.443	715	749	-0.305741	0.053405	
A/wild_duck/Shandong/2/20	0.2727	0.2453	0.4353	0.2834	0.161	-0.070	0.373	53.06	0.416	0.444	716	749	-0.320961	0.052069	
A/wild_duck/Shandong/628/	0.2568	0.2517	0.4446	0.2826	0.159	-0.094	0.358	51.18	0.420	0.446	716	749	-0.293992	0.053405	
A/Xinjiang/1/2006|EPI_ISL	0.2702	0.2513	0.4403	0.2752	0.159	-0.084	0.365	52.33	0.414	0.442	715	749	-0.315087	0.053405	
A/Xinjiang/1/2009|EPI_ISL	0.2676	0.2521	0.4312	0.2852	0.160	-0.065	0.376	53.43	0.423	0.446	716	749	-0.318024	0.053405	
A/Zhejiang/1/2006|EPI_ISL	0.2654	0.2500	0.4264	0.2933	0.159	-0.091	0.360	52.76	0.428	0.449	717	749	-0.319092	0.053405	
A/Anas_platyrhynchos/jiuj	0.2672	0.2431	0.4317	0.2954	0.155	-0.098	0.356	51.79	0.424	0.445	713	749	-0.322430	0.053405	
A/Anhui/1/2006_H5N1|GCA_0	0.2729	0.2470	0.4283	0.2910	0.156	-0.084	0.365	54.22	0.422	0.448	713	749	-0.306542	0.053405	
A/Anhui/1/2007_H5N1|GCA_0	0.2651	0.2530	0.4310	0.2875	0.160	-0.085	0.364	52.90	0.426	0.449	714	749	-0.301869	0.053405	
A/Anhui/2/2005_H5N1|GCA_0	0.2620	0.2534	0.4338	0.2870	0.159	-0.087	0.363	52.69	0.425	0.447	717	749	-0.314019	0.054740	
A/Anser_cygnoides/China/P	0.2887	0.2337	0.4343	0.2841	0.150	-0.114	0.348	54.18	0.405	0.439	716	749	-0.310681	0.053405	
A/Anser_fabalis/jiujiang/	0.2672	0.2431	0.4317	0.2954	0.155	-0.098	0.356	51.79	0.424	0.445	713	749	-0.322430	0.053405	
A/Anser_fabalis/jiujiang/	0.2672	0.2431	0.4317	0.2954	0.155	-0.098	0.356	51.79	0.424	0.445	713	749	-0.322430	0.053405	
A/Anser_fabalis/jiujiang/	0.2672	0.2431	0.4317	0.2954	0.155	-0.098	0.356	51.79	0.424	0.445	713	749	-0.322430	0.053405	
A/Duck/Jiangxi/631/2024_H	0.2793	0.2276	0.4476	0.2836	0.144	-0.135	0.335	51.33	0.401	0.437	713	749	-0.320160	0.053405	
A/Guangdong/1/2008_H5N1|G	0.2763	0.2453	0.4435	0.2721	0.158	-0.080	0.367	53.33	0.407	0.443	713	749	-0.313752	0.054740	
A/Guangdong/2/2006_H5N1|G	0.2651	0.2547	0.4310	0.2875	0.161	-0.077	0.369	52.56	0.427	0.447	715	749	-0.309880	0.053405	
A/Guangxi/1/2005_H5N1|GCA	0.2655	0.2534	0.4293	0.2888	0.161	-0.079	0.368	52.44	0.427	0.447	714	749	-0.329907	0.053405	
A/Guangxi/1/2008_H5N1|GCA	0.2702	0.2444	0.4269	0.2972	0.156	-0.094	0.359	52.88	0.425	0.446	715	749	-0.311215	0.053405	
A/Guizhou/1/2009_H5N1|GCA	0.2707	0.2500	0.4418	0.2739	0.158	-0.072	0.372	52.01	0.412	0.444	713	749	-0.318424	0.052069	
A/Hunan/1/2008_H5N1|GCA_0	0.2815	0.2349	0.4384	0.2831	0.156	-0.102	0.355	53.51	0.407	0.442	713	749	-0.314686	0.054740	
A/Hunan/2/2009_H5N1|GCA_0	0.2729	0.2504	0.4401	0.2744	0.158	-0.075	0.370	52.23	0.412	0.443	713	749	-0.317757	0.052069	
A/Japanese_white-eye/Taoy	0.2740	0.2414	0.4266	0.2978	0.153	-0.105	0.352	53.57	0.423	0.447	716	749	-0.330975	0.053405	
A/Nanjing/1/2015_H5N1|GCA	0.2561	0.2491	0.4223	0.3125	0.145	-0.127	0.340	50.71	0.441	0.449	712	749	-0.324166	0.053405	
A/Shandong/1/2009_H5N1|GC	0.2810	0.2397	0.4384	0.2781	0.154	-0.087	0.363	53.64	0.407	0.443	713	749	-0.313885	0.053405	
A/Spatula_querquedula/cho	0.2672	0.2431	0.4317	0.2954	0.155	-0.098	0.356	51.79	0.424	0.445	713	749	-0.322430	0.053405	
A/Wild_bird/Huadong/CM120	0.2630	0.2439	0.4240	0.3088	0.145	-0.124	0.341	50.74	0.434	0.447	712	749	-0.324166	0.053405	
A/Wild_bird/Huadong/DT10/	0.2707	0.2379	0.4192	0.3119	0.149	-0.128	0.338	51.50	0.431	0.446	714	749	-0.289720	0.053405	
A/Wild_bird/Huadong/JYWB4	0.2791	0.2380	0.4266	0.2965	0.155	-0.089	0.362	53.46	0.419	0.445	716	749	-0.330574	0.053405	
A/Xinjiang/1/2009_H5N1|GC	0.2676	0.2521	0.4312	0.2852	0.160	-0.065	0.376	53.43	0.423	0.446	716	749	-0.318024	0.053405	
A/avian/Hong_Kong/0719/20	0.2685	0.2461	0.4319	0.2912	0.155	-0.093	0.359	52.60	0.422	0.446	715	749	-0.316155	0.053405	
A/avian/Hong_Kong/1993/20	0.2690	0.2466	0.4336	0.2894	0.158	-0.089	0.362	52.64	0.421	0.445	715	749	-0.314152	0.053405	
A/avian/Hong_Kong/2372/20	0.2690	0.2466	0.4353	0.2875	0.158	-0.089	0.362	52.45	0.420	0.445	715	749	-0.314152	0.053405	
A/bar-headed_goose/Qingha	0.2715	0.2509	0.4377	0.2755	0.160	-0.080	0.366	52.51	0.415	0.445	715	749	-0.331509	0.053405	
A/bar-headed_goose/Tibet/	0.2630	0.2595	0.4420	0.2747	0.162	-0.079	0.369	52.64	0.420	0.443	715	748	-0.322059	0.053476	
A/brown-headed_gull/Qingh	0.2779	0.2384	0.4394	0.2802	0.160	-0.074	0.371	52.97	0.408	0.442	715	748	-0.311363	0.053476	
A/brown-headed_gull/Qingh	0.2713	0.2474	0.4351	0.2831	0.161	-0.064	0.376	52.56	0.418	0.445	716	749	-0.301602	0.052069	
A/chicken/China/Cangzhou0	0.2685	0.2427	0.4334	0.2923	0.152	-0.103	0.353	51.29	0.421	0.445	713	749	-0.327904	0.053405	
A/chicken/China/E93/2012_	0.2719	0.2496	0.4435	0.2744	0.162	-0.065	0.375	53.89	0.411	0.441	715	749	-0.300801	0.053405	
A/chicken/China/E96/2012_	0.2724	0.2483	0.4428	0.2762	0.160	-0.070	0.372	53.94	0.411	0.441	715	749	-0.300801	0.053405	
A/chicken/Eastern_China/Z	0.2732	0.2509	0.4274	0.2857	0.164	-0.067	0.375	53.56	0.423	0.449	714	749	-0.320561	0.053405	
A/chicken/Eastern_China/Z	0.2746	0.2487	0.4343	0.2797	0.163	-0.069	0.374	53.02	0.416	0.445	714	749	-0.323231	0.053405	
A/chicken/Fujian/1/2007_H	0.2621	0.2603	0.4358	0.2799	0.163	-0.068	0.374	53.29	0.425	0.446	713	749	-0.317891	0.053405	
A/chicken/Gansu/5/2012_H5	0.2719	0.2496	0.4418	0.2739	0.161	-0.072	0.370	54.06	0.412	0.442	714	749	-0.299332	0.053405	
A/chicken/Gansu/6/2012_H5	0.2690	0.2517	0.4411	0.2771	0.162	-0.063	0.376	54.35	0.415	0.443	715	749	-0.308278	0.053405	
A/chicken/Guangdong/1/200	0.2690	0.2483	0.4428	0.2771	0.158	-0.091	0.361	52.37	0.413	0.442	714	749	-0.312951	0.053405	
A/chicken/Guangxi/S2039/2	0.2740	0.2449	0.4226	0.2972	0.155	-0.093	0.359	53.58	0.426	0.448	716	749	-0.320160	0.053405	
A/chicken/Guizhou/7/2008_	0.2646	0.2560	0.4238	0.2896	0.158	-0.079	0.368	53.19	0.431	0.451	715	749	-0.306542	0.053405	
A/chicken/Hebei/A-8/2009_	0.2664	0.2578	0.4195	0.2972	0.162	-0.067	0.375	54.58	0.435	0.448	715	749	-0.301736	0.053405	
A/chicken/Henan/A-7/2006_	0.2638	0.2552	0.4379	0.2802	0.162	-0.081	0.366	52.45	0.421	0.444	715	749	-0.305341	0.052069	
A/chicken/Huadong/4/2008_	0.2672	0.2552	0.4151	0.3016	0.164	-0.077	0.368	54.50	0.438	0.450	715	749	-0.312283	0.053405	
A/chicken/Hubei/2856/2007	0.2685	0.2444	0.4007	0.3266	0.148	-0.097	0.357	53.06	0.448	0.454	714	749	-0.317757	0.053405	
A/chicken/Hunan/1793/2007	0.2769	0.2410	0.4281	0.2938	0.158	-0.092	0.361	54.23	0.419	0.446	720	757	-0.290225	0.055482	
A/chicken/Hunan/21/2005_H	0.2659	0.2487	0.4338	0.2870	0.157	-0.090	0.360	52.60	0.422	0.446	716	749	-0.316823	0.053405	
A/chicken/Hunan/3/2007_H5	0.2637	0.2551	0.4338	0.2823	0.162	-0.057	0.381	53.77	0.424	0.447	717	749	-0.327103	0.053405	
A/chicken/Hunan/3157/2006	0.2646	0.2440	0.4024	0.3284	0.146	-0.101	0.354	52.91	0.450	0.454	714	749	-0.325901	0.053405	
A/chicken/Hunan/8/2008_H5	0.2707	0.2500	0.4362	0.2815	0.162	-0.069	0.374	53.26	0.418	0.443	716	749	-0.325234	0.053405	
A/chicken/Jiangsu/18/2008	0.2638	0.2569	0.4211	0.2956	0.164	-0.073	0.371	54.69	0.435	0.450	715	749	-0.308144	0.053405	
A/chicken/Jiangsu/2477/20	0.2604	0.2500	0.4206	0.3083	0.147	-0.121	0.343	49.86	0.439	0.448	711	749	-0.321095	0.053405	
A/chicken/Jiangsu/927/201	0.2828	0.2328	0.4327	0.2894	0.152	-0.104	0.353	50.71	0.410	0.440	714	749	-0.327370	0.053405	
A/chicken/Jiangsu/YB7/201	0.2561	0.2491	0.4223	0.3125	0.143	-0.131	0.337	50.50	0.441	0.449	712	749	-0.328705	0.053405	
A/chicken/Jiangsu/k0402/2	0.2727	0.2453	0.4303	0.2894	0.161	-0.072	0.372	53.24	0.420	0.445	716	749	-0.319092	0.053405	
A/chicken/Jiangxi/25/2011	0.2877	0.2346	0.4293	0.2878	0.152	-0.094	0.359	52.43	0.409	0.440	716	749	-0.318959	0.053405	
A/chicken/Liaoning/23/200	0.2698	0.2509	0.4430	0.2729	0.158	-0.080	0.367	52.37	0.412	0.441	716	750	-0.320667	0.053333	
A/chicken/Liaoning/A-1/20	0.2565	0.2599	0.4279	0.2936	0.154	-0.096	0.357	53.47	0.435	0.449	715	749	-0.301602	0.050734	
A/chicken/Liaoning/S4092/	0.2672	0.2517	0.4368	0.2821	0.162	-0.071	0.371	54.18	0.420	0.445	714	749	-0.309613	0.053405	
A/chicken/Ningxia/2/2012_	0.2724	0.2500	0.4418	0.2734	0.162	-0.071	0.371	54.26	0.412	0.443	714	749	-0.308678	0.053405	
A/chicken/Ningxia/222/201	0.2712	0.2504	0.4428	0.2729	0.163	-0.069	0.373	54.26	0.412	0.443	714	749	-0.309212	0.053405	
A/chicken/Ningxia/24/2006	0.2629	0.2560	0.4319	0.2857	0.157	-0.089	0.361	53.26	0.427	0.449	715	749	-0.300134	0.052069	
A/chicken/North_China/k06	0.2776	0.2431	0.4358	0.2831	0.163	-0.068	0.374	52.92	0.413	0.443	714	749	-0.314953	0.053405	
A/chicken/Shandong/A-10/2	0.2577	0.2612	0.4178	0.2998	0.159	-0.081	0.365	53.39	0.442	0.453	715	749	-0.299867	0.052069	
A/chicken/Shantou/3744/20	0.2663	0.2509	0.4218	0.2991	0.157	-0.097	0.357	53.02	0.432	0.449	715	749	-0.306142	0.053405	
A/chicken/Shanxi/10/2006_	0.2642	0.2660	0.4242	0.2873	0.163	-0.069	0.373	54.02	0.434	0.447	715	749	-0.309212	0.053405	
A/chicken/Sheny/0606/2008	0.2690	0.2534	0.4242	0.2923	0.159	-0.087	0.363	53.79	0.429	0.446	714	749	-0.296395	0.052069	
A/chicken/Sichuan/81/2005	0.2654	0.2500	0.4298	0.2901	0.158	-0.089	0.361	52.77	0.425	0.447	717	749	-0.315354	0.053405	
A/chicken/Wuhan/HAQL07/20	0.2543	0.2491	0.4240	0.3125	0.146	-0.122	0.343	50.21	0.441	0.449	712	749	-0.324166	0.053405	
A/chicken/Wuhan/HAQL16/20	0.2561	0.2491	0.4223	0.3125	0.145	-0.122	0.343	50.31	0.441	0.449	712	749	-0.324166	0.053405	
A/chicken/Wuxi/WX-32/2013	0.2857	0.2306	0.4351	0.2862	0.152	-0.102	0.354	50.22	0.406	0.439	714	749	-0.324032	0.053405	
A/chicken/Wuxi/WX-33/2013	0.2840	0.2289	0.4334	0.2917	0.150	-0.109	0.350	50.60	0.409	0.441	714	749	-0.327370	0.054740	
A/chicken/Xinjiang/17/200	0.2672	0.2500	0.4377	0.2844	0.158	-0.093	0.359	52.62	0.420	0.445	715	749	-0.302537	0.053405	
A/chicken/Xinjiang/27/200	0.2698	0.2509	0.4353	0.2826	0.159	-0.086	0.363	53.03	0.419	0.445	716	749	-0.297063	0.053405	
A/chicken/Xinjiang/53/200	0.2702	0.2513	0.4336	0.2844	0.158	-0.092	0.360	53.11	0.420	0.445	716	749	-0.291856	0.053405	
A/chicken/Xinjiang/54/200	0.2698	0.2474	0.4377	0.2826	0.160	-0.084	0.364	52.60	0.417	0.444	715	749	-0.302937	0.053405	
A/chicken/Xinjiang/67/200	0.2702	0.2547	0.4303	0.2839	0.158	-0.084	0.365	53.55	0.423	0.447	716	749	-0.309079	0.054740	
A/chicken/Xinjiang/68/200	0.2651	0.2513	0.4327	0.2899	0.158	-0.090	0.361	52.97	0.425	0.447	715	749	-0.309346	0.053405	
A/chicken/Yunnan/1/2014_H	0.2928	0.2312	0.4339	0.2862	0.149	-0.120	0.344	54.46	0.404	0.437	716	749	-0.293992	0.056075	
A/chicken/Yunnan/207/2004	0.2693	0.2487	0.4319	0.2868	0.156	-0.088	0.362	53.33	0.421	0.447	715	749	-0.302937	0.053405	
A/chicken/Yunnan/5686/200	0.2698	0.2491	0.4310	0.2868	0.157	-0.087	0.363	53.39	0.422	0.447	714	749	-0.309747	0.053405	
A/chicken/Yunnan/6797/200	0.2676	0.2504	0.4319	0.2868	0.156	-0.085	0.364	53.41	0.422	0.447	715	749	-0.306275	0.053405	
A/chicken/Yunnan/6885/200	0.2688	0.2483	0.4346	0.2849	0.154	-0.088	0.362	53.52	0.419	0.445	716	749	-0.302804	0.053405	
A/condor/Guangdong/139/20	0.2526	0.2612	0.4454	0.2771	0.149	-0.102	0.354	51.01	0.424	0.447	715	749	-0.311082	0.053405	
A/domestic_green-winged_t	0.2603	0.2448	0.4394	0.2941	0.158	-0.085	0.364	51.79	0.423	0.445	714	749	-0.313351	0.053405	
A/duck/Anhui/56/2005_H5N1	0.2751	0.2388	0.4368	0.2886	0.159	-0.087	0.363	53.71	0.414	0.445	713	749	-0.318158	0.053405	
A/duck/China/0935/2017_H5	0.2582	0.2513	0.4233	0.3070	0.145	-0.129	0.338	48.99	0.438	0.447	712	749	-0.317223	0.053405	
A/duck/China/1033/2017_H5	0.2530	0.2565	0.4250	0.3051	0.145	-0.126	0.340	49.06	0.441	0.448	712	749	-0.317223	0.053405	
A/duck/China/E26/2012_H5N	0.2943	0.2410	0.4416	0.2588	0.154	-0.084	0.365	52.60	0.393	0.431	712	749	-0.332577	0.053405	
A/duck/China/E53/2012_H5N	0.2705	0.2483	0.4158	0.3051	0.155	-0.091	0.360	53.38	0.434	0.449	716	749	-0.319760	0.053405	
A/duck/Eastern_China/057/	0.2663	0.2526	0.4379	0.2797	0.163	-0.060	0.378	53.27	0.419	0.445	716	749	-0.316288	0.053405	
A/duck/Eastern_China/108/	0.2599	0.2496	0.4435	0.2860	0.157	-0.096	0.357	51.93	0.420	0.443	714	749	-0.296929	0.053405	
A/duck/Eastern_China/909/	0.2599	0.2496	0.4384	0.2915	0.157	-0.098	0.356	51.90	0.424	0.445	714	749	-0.296929	0.053405	
A/duck/Guangdong/23/2004_	0.2633	0.2530	0.4413	0.2794	0.157	-0.090	0.361	53.41	0.418	0.444	715	749	-0.306409	0.052069	
A/duck/Hubei/2911/2007_H5	0.2646	0.2440	0.4000	0.3297	0.148	-0.099	0.356	52.33	0.451	0.455	714	749	-0.298531	0.053405	
A/duck/Hubei/49/2005_H5N1	0.2620	0.2534	0.4331	0.2860	0.158	-0.093	0.358	52.81	0.425	0.447	717	749	-0.312550	0.053405	
A/duck/Hubei/xn/2007_H5N1	0.2654	0.2500	0.4298	0.2901	0.157	-0.094	0.358	52.99	0.425	0.448	717	749	-0.308278	0.053405	
A/duck/Hunan/3/2007_H5N1|	0.2663	0.2526	0.4379	0.2797	0.163	-0.060	0.378	53.34	0.419	0.444	716	749	-0.316288	0.053405	
A/duck/Hunan/316/2005_H5N	0.2741	0.2379	0.4446	0.2807	0.157	-0.095	0.358	52.06	0.407	0.440	715	749	-0.314419	0.053405	
A/duck/Hunan/3315/2006_H5	0.2763	0.2383	0.4293	0.2936	0.156	-0.096	0.358	54.28	0.418	0.446	713	749	-0.310414	0.053405	
A/duck/Hunan/689/2006_H5N	0.2651	0.2444	0.4024	0.3284	0.146	-0.098	0.356	52.70	0.450	0.453	714	749	-0.324566	0.053405	
A/duck/Hunan/733/2004_H5N	0.2749	0.2423	0.4279	0.2914	0.160	-0.091	0.360	53.01	0.420	0.448	716	749	-0.310414	0.053405	
A/duck/Hunan/8/2008_H5N1|	0.2732	0.2543	0.4252	0.2834	0.164	-0.059	0.379	52.79	0.424	0.447	715	749	-0.314419	0.053405	
A/duck/Hunan/S4020/2008_H	0.2744	0.2453	0.4336	0.2839	0.162	-0.070	0.373	53.39	0.416	0.445	716	749	-0.309079	0.053405	
A/duck/Hunan/S4030/2011_H	0.2723	0.2500	0.4266	0.2910	0.151	-0.110	0.349	54.42	0.425	0.445	716	749	-0.320160	0.053405	
A/duck/Hunan/S4150/2011_H	0.2732	0.2474	0.4245	0.2925	0.160	-0.070	0.373	53.71	0.425	0.446	716	749	-0.314686	0.053405	
A/duck/Hunan/S4220/2011_H	0.2847	0.2367	0.4259	0.2928	0.153	-0.099	0.356	53.55	0.415	0.443	716	749	-0.315220	0.053405	
A/duck/Jiangxi/120/2011_H	0.2754	0.2461	0.4334	0.2815	0.161	-0.081	0.367	53.07	0.416	0.446	714	749	-0.314953	0.053405	
A/duck/Jiangxi/130/2011_H	0.2710	0.2487	0.4235	0.2943	0.161	-0.068	0.374	53.47	0.427	0.447	716	749	-0.331108	0.053405	
A/duck/Jiangxi/34/2011_H5	0.2911	0.2329	0.4274	0.2907	0.152	-0.102	0.355	52.57	0.409	0.440	716	749	-0.313351	0.053405	
A/duck/Jiangxi/35/2011_H5	0.2877	0.2329	0.4276	0.2915	0.151	-0.099	0.356	52.69	0.411	0.442	716	749	-0.318558	0.053405	
A/duck/Jiangxi/44/2011_H5	0.2832	0.2263	0.4941	0.2329	0.155	-0.076	0.370	49.54	0.360	0.423	714	749	-0.318692	0.053405	
A/duck/Jiangxi/80/2005_H5	0.2663	0.2491	0.4444	0.2761	0.159	-0.086	0.364	52.43	0.414	0.445	715	749	-0.305875	0.053405	
A/duck/Jilin/JL-SIV/2013_	0.2785	0.2388	0.4469	0.2749	0.158	-0.076	0.370	53.75	0.403	0.441	713	749	-0.315220	0.053405	
A/duck/Nanchang/9789/2013	0.2803	0.2376	0.4310	0.2902	0.150	-0.111	0.349	53.02	0.413	0.442	716	749	-0.318425	0.053405	
A/duck/Shandong/009/2008_	0.2565	0.2513	0.4237	0.3100	0.147	-0.116	0.346	50.10	0.440	0.449	711	749	-0.318291	0.053405	
A/duck/Sichuan/NCXN10/201	0.2916	0.2281	0.4319	0.2897	0.149	-0.115	0.347	54.00	0.404	0.438	717	749	-0.307343	0.053405	
A/duck/Sichuan/NCXN11/201	0.2887	0.2320	0.4293	0.2915	0.150	-0.114	0.348	54.10	0.409	0.440	716	749	-0.310681	0.053405	
A/duck/Wenzhou/YJYF33/201	0.2561	0.2474	0.4223	0.3143	0.145	-0.124	0.341	50.25	0.441	0.449	712	749	-0.324166	0.053405	
A/duck/Yunnan/4072/2003_H	0.2710	0.2487	0.4303	0.2868	0.156	-0.088	0.362	53.46	0.421	0.446	715	749	-0.306275	0.053405	
A/duck/Yunnan/426/2004_H5	0.2710	0.2470	0.4327	0.2873	0.158	-0.077	0.368	53.44	0.420	0.445	715	749	-0.312283	0.052069	
A/duck/Yunnan/4645/2003_H	0.2710	0.2487	0.4303	0.2868	0.156	-0.086	0.364	53.47	0.421	0.446	715	749	-0.305207	0.053405	
A/duck/Yunnan/47/2006_H5N	0.2621	0.2552	0.4310	0.2899	0.162	-0.068	0.374	52.81	0.429	0.448	714	749	-0.316956	0.053405	
A/duck/Yunnan/485/2004_H5	0.2693	0.2487	0.4319	0.2868	0.156	-0.088	0.362	53.33	0.421	0.447	715	749	-0.302937	0.053405	
A/duck/Yunnan/4873/2006_H	0.2633	0.2547	0.4286	0.2912	0.160	-0.077	0.369	53.04	0.429	0.449	715	749	-0.314953	0.053405	
A/duck/Yunnan/5090/2003_H	0.2710	0.2487	0.4303	0.2868	0.156	-0.088	0.362	53.46	0.421	0.446	715	749	-0.306275	0.053405	
A/duck/Yunnan/5169/2003_H	0.2710	0.2487	0.4303	0.2868	0.156	-0.088	0.362	53.46	0.421	0.446	715	749	-0.306275	0.053405	
A/duck/Yunnan/522/2004_H5	0.2727	0.2470	0.4310	0.2873	0.159	-0.075	0.369	53.56	0.420	0.445	715	749	-0.312283	0.052069	
A/duck/Yunnan/5310/2006_H	0.2637	0.2534	0.4214	0.2974	0.157	-0.088	0.361	53.78	0.434	0.449	717	749	-0.308945	0.053405	
A/duck/Yunnan/5948/2003_H	0.2710	0.2487	0.4303	0.2868	0.157	-0.083	0.365	53.44	0.421	0.447	715	749	-0.306275	0.053405	
A/duck/Yunnan/6080/2003_H	0.2688	0.2483	0.4329	0.2868	0.155	-0.088	0.362	53.33	0.420	0.446	716	749	-0.302804	0.053405	
A/duck/Yunnan/6603/2003_H	0.2698	0.2474	0.4346	0.2844	0.156	-0.088	0.362	53.23	0.418	0.445	715	749	-0.306275	0.053405	
A/duck/Zhejiang/1220092/2	0.2622	0.2483	0.4216	0.3059	0.146	-0.122	0.342	49.84	0.436	0.449	711	749	-0.315220	0.053405	
A/duck/Zhejiang/213/2011_	0.2638	0.2500	0.4343	0.2899	0.155	-0.090	0.361	51.98	0.424	0.448	714	749	-0.312016	0.053405	
A/duck/Zhejiang/224/2011_	0.2882	0.2264	0.4319	0.2928	0.150	-0.115	0.346	52.25	0.406	0.438	716	749	-0.314686	0.053405	
A/duck/Zhejiang/2242/2011	0.2882	0.2264	0.4319	0.2928	0.150	-0.115	0.346	52.25	0.406	0.438	716	749	-0.314686	0.053405	
A/duck/Zhejiang/2243/2011	0.2882	0.2264	0.4319	0.2928	0.150	-0.115	0.346	52.25	0.406	0.438	716	749	-0.314686	0.053405	
A/duck/Zhejiang/2244/2011	0.2882	0.2264	0.4319	0.2928	0.150	-0.115	0.346	52.25	0.406	0.438	716	749	-0.314686	0.053405	
A/duck/Zhejiang/2245/2011	0.2707	0.2466	0.4336	0.2852	0.162	-0.078	0.368	51.98	0.419	0.445	714	749	-0.312550	0.053405	
A/duck/Zhejiang/2248/2011	0.2882	0.2264	0.4319	0.2928	0.150	-0.115	0.346	52.25	0.406	0.438	716	749	-0.314686	0.053405	
A/equine/China/61/2010_H5	0.2651	0.2547	0.4303	0.2875	0.161	-0.072	0.372	53.08	0.427	0.448	715	749	-0.314953	0.053405	
A/equine/China/67/2010_H5	0.2651	0.2547	0.4269	0.2912	0.161	-0.072	0.372	53.25	0.429	0.449	715	749	-0.314953	0.053405	
A/equine/China/68/2010_H5	0.2729	0.2487	0.4327	0.2834	0.163	-0.079	0.368	52.85	0.419	0.445	714	749	-0.321495	0.053405	
A/goose/China/E43/2012_H5	0.2894	0.2312	0.4209	0.3007	0.151	-0.110	0.350	52.57	0.416	0.441	717	749	-0.319359	0.054740	
A/goose/Eastern_China/223	0.2569	0.2603	0.4327	0.2875	0.161	-0.071	0.373	52.61	0.431	0.449	714	749	-0.325234	0.053405	
A/goose/GuangDong/1189/20	0.2840	0.2203	0.4519	0.2818	0.143	-0.138	0.333	50.75	0.394	0.434	714	749	-0.316155	0.053405	
A/goose/Guangdong/72/2004	0.2677	0.2522	0.4394	0.2807	0.160	-0.084	0.365	53.13	0.418	0.441	715	749	-0.316021	0.053405	
A/goose/Hubei/65/2005_H5N	0.2654	0.2500	0.4298	0.2907	0.158	-0.084	0.364	52.94	0.425	0.447	717	749	-0.311749	0.053405	
A/goose/Inner_Mongolia/IM	0.2788	0.2358	0.4209	0.3028	0.156	-0.090	0.361	51.78	0.423	0.445	714	749	-0.321095	0.053405	
A/goose/Jiangsu/k0403/201	0.2732	0.2474	0.4327	0.2844	0.161	-0.062	0.378	52.98	0.418	0.443	715	749	-0.312283	0.053405	
A/goose/Yunnan/3798/2006_	0.2651	0.2530	0.4235	0.2967	0.160	-0.079	0.368	53.10	0.432	0.449	715	749	-0.318291	0.053405	
A/goose/Yunnan/4371/2006_	0.2633	0.2547	0.4286	0.2912	0.160	-0.077	0.369	53.04	0.429	0.449	715	749	-0.314953	0.053405	
A/goose/Yunnan/4389/2006_	0.2633	0.2547	0.4286	0.2912	0.160	-0.077	0.369	53.04	0.429	0.449	715	749	-0.314953	0.053405	
A/goose/Yunnan/4985/2006_	0.2633	0.2547	0.4286	0.2912	0.160	-0.077	0.369	53.04	0.429	0.449	715	749	-0.314953	0.053405	
A/goose/Yunnan/5141/2006_	0.2616	0.2547	0.4303	0.2912	0.159	-0.080	0.368	52.99	0.429	0.449	715	749	-0.321629	0.053405	
A/goose/Yunnan/5769/2006_	0.2654	0.2517	0.4197	0.2993	0.158	-0.083	0.364	53.91	0.434	0.449	717	749	-0.306408	0.054740	
A/goose/Yunnan/5979/2006_	0.2654	0.2517	0.4197	0.2993	0.158	-0.083	0.364	53.91	0.434	0.449	717	749	-0.306408	0.054740	
A/goose/Yunnan/6193/2006_	0.2663	0.2491	0.4396	0.2797	0.160	-0.076	0.369	52.90	0.417	0.445	715	749	-0.312150	0.053405	
A/goose/Zhejiang/112071/2	0.2608	0.2487	0.4185	0.3108	0.147	-0.112	0.347	50.03	0.440	0.448	714	749	-0.312550	0.053405	
A/goose/Zhejiang/727098/2	0.2823	0.2341	0.4336	0.2875	0.152	-0.100	0.355	50.82	0.410	0.440	715	749	-0.323898	0.053405	
A/great_black-headed_gull	0.2744	0.2419	0.4387	0.2815	0.160	-0.067	0.374	52.95	0.412	0.443	716	749	-0.316155	0.053405	
A/great_crested-grebe/Qin	0.2744	0.2419	0.4360	0.2844	0.163	-0.054	0.382	52.92	0.414	0.443	715	749	-0.312951	0.053405	
A/great_egret/Hong_Kong/8	0.2744	0.2470	0.4319	0.2839	0.161	-0.068	0.374	53.31	0.418	0.445	716	749	-0.315754	0.053405	
A/great_tit/Panjing/PJ-66	0.2784	0.2268	0.4195	0.3132	0.148	-0.127	0.338	50.90	0.424	0.445	715	749	-0.292523	0.053405	
A/grey_heron/Hong_Kong/10	0.2727	0.2470	0.4303	0.2875	0.159	-0.075	0.370	53.61	0.420	0.445	716	749	-0.315754	0.053405	
A/grey_heron/Hong_Kong/30	0.2727	0.2487	0.4319	0.2834	0.160	-0.068	0.374	53.40	0.419	0.445	716	749	-0.322697	0.053405	
A/hill_myna/Heilongjiang/	0.2740	0.2432	0.4233	0.2996	0.154	-0.101	0.355	53.68	0.426	0.448	716	749	-0.330975	0.053405	
A/lesser_kestrel/Heilongj	0.2668	0.2427	0.4007	0.3284	0.148	-0.096	0.358	51.08	0.449	0.455	713	748	-0.299064	0.053476	
A/lion/Hubei/1-2/2016_H5N	0.2647	0.2405	0.4216	0.3125	0.143	-0.141	0.331	50.23	0.434	0.446	712	749	-0.323498	0.053405	
A/little_egret/Hong_Kong/	0.2676	0.2556	0.4269	0.2875	0.160	-0.063	0.377	53.74	0.427	0.447	716	749	-0.315754	0.053405	
A/magpie_robin/Hong_Kong/	0.2723	0.2466	0.4279	0.2907	0.160	-0.073	0.371	53.40	0.423	0.446	717	749	-0.312684	0.053405	
A/magpie_robin/Hong_Kong/	0.2723	0.2466	0.4295	0.2888	0.161	-0.070	0.372	53.26	0.421	0.446	717	749	-0.312684	0.053405	
A/meerkat/Shanghai/SH-1/2	0.2850	0.2349	0.4300	0.2886	0.151	-0.106	0.352	50.64	0.411	0.440	713	749	-0.320160	0.053405	
A/mink/China/G/2015_H5N1|	0.2901	0.2287	0.4360	0.2812	0.153	-0.101	0.355	52.33	0.401	0.440	716	749	-0.308545	0.053405	
A/mink/China/XB/2015_H5N1	0.2578	0.2474	0.4291	0.3051	0.145	-0.124	0.341	50.09	0.434	0.447	712	749	-0.324166	0.053405	
A/mink/Eastern_China/0712	0.2449	0.2654	0.4495	0.2781	0.150	-0.093	0.359	50.76	0.427	0.442	716	749	-0.315220	0.053405	
A/ostrich/Suzhou/097/2003	0.2707	0.2448	0.4377	0.2868	0.160	-0.078	0.368	52.12	0.417	0.444	715	749	-0.318692	0.053405	
A/parrot/Guangdong/C99/20	0.2737	0.2478	0.4269	0.2899	0.158	-0.088	0.362	53.54	0.422	0.446	715	749	-0.310814	0.053405	
A/partridge/Shantou/2886/	0.2729	0.2401	0.4403	0.2862	0.156	-0.103	0.354	52.24	0.413	0.442	715	749	-0.305341	0.053405	
A/peacock/Yunnan/1/2015_H	0.2578	0.2491	0.4283	0.3039	0.147	-0.122	0.343	50.39	0.434	0.446	712	749	-0.320961	0.053405	
A/peacock/Yunnan/3/2015_H	0.2573	0.2504	0.4266	0.3044	0.145	-0.121	0.343	50.41	0.435	0.446	712	749	-0.310814	0.053405	
A/peregrine_falcon/Hong_K	0.2719	0.2478	0.4343	0.2821	0.160	-0.069	0.373	53.14	0.417	0.445	714	749	-0.310013	0.053405	
A/pheasant/Shantou/3535/2	0.2737	0.2444	0.4362	0.2839	0.158	-0.096	0.358	52.93	0.415	0.445	716	749	-0.290521	0.053405	
A/pheasant/Shantou/4567/2	0.2707	0.2466	0.4303	0.2917	0.158	-0.083	0.365	53.06	0.422	0.446	715	749	-0.320294	0.053405	
A/pied_megpie/Liaoning/7/	0.2719	0.2496	0.4403	0.2752	0.158	-0.084	0.365	52.32	0.413	0.441	715	749	-0.320561	0.053405	
A/pigeon/Hubei/RP25/2012_	0.2732	0.2440	0.4362	0.2810	0.161	-0.074	0.371	53.37	0.414	0.446	715	749	-0.300534	0.053405	
A/pigeon/Sichuan/NCXN29/2	0.2904	0.2302	0.4310	0.2897	0.151	-0.112	0.349	53.43	0.406	0.439	716	749	-0.310681	0.053405	
A/pigeon/Zhejiang/112089/	0.2586	0.2500	0.4154	0.3133	0.144	-0.118	0.344	50.36	0.443	0.450	715	749	-0.325100	0.053405	
A/pigeon/Zhejiang/112090/	0.2622	0.2483	0.4216	0.3059	0.146	-0.122	0.342	49.84	0.436	0.449	711	749	-0.315220	0.053405	
A/pigeon/Zhejiang/727097/	0.2828	0.2345	0.4336	0.2875	0.152	-0.098	0.357	50.89	0.410	0.439	715	749	-0.328037	0.053405	
A/plateau_pika/Qinghai/04	0.2650	0.2444	0.4431	0.2888	0.158	-0.083	0.366	52.62	0.417	0.442	721	755	-0.311126	0.055629	
A/quail/Guangxi/11/2002_H	0.2763	0.2366	0.4305	0.2943	0.155	-0.107	0.351	53.00	0.417	0.445	715	749	-0.305474	0.053405	
A/quail/Guangxi/12/2002_H	0.2746	0.2366	0.4329	0.2925	0.154	-0.103	0.353	52.96	0.416	0.445	714	749	-0.309746	0.053405	
A/quail/Guangxi/13/2002_H	0.2746	0.2383	0.4288	0.2962	0.156	-0.104	0.352	53.06	0.420	0.446	715	749	-0.305474	0.053405	
A/quail/Nanchang/6631/201	0.2786	0.2393	0.4310	0.2886	0.151	-0.106	0.352	53.01	0.415	0.444	716	749	-0.327236	0.053405	
A/shrike/Tibet/13/2006_H5	0.2668	0.2599	0.4331	0.2774	0.164	-0.070	0.372	53.72	0.423	0.444	717	749	-0.306008	0.053405	
A/silky_chicken/Shantou/4	0.2694	0.2522	0.4327	0.2817	0.159	-0.086	0.364	53.89	0.420	0.447	707	739	-0.299188	0.054127	
A/swan/Shanghai/10/2009_H	0.2663	0.2595	0.4226	0.2899	0.162	-0.054	0.382	53.61	0.432	0.449	715	749	-0.312283	0.053405	
A/swine/Guangxi/592/2011_	0.2860	0.2329	0.4310	0.2891	0.153	-0.101	0.355	52.05	0.409	0.441	716	749	-0.319359	0.053405	
A/swine/Jiangsu/1/2008_H5	0.2630	0.2595	0.4178	0.2998	0.166	-0.068	0.373	54.80	0.439	0.450	715	749	-0.298932	0.053405	
A/swine/Jiangsu/2/2009_H5	0.2803	0.2439	0.4392	0.2768	0.158	-0.078	0.369	53.62	0.408	0.441	713	749	-0.317891	0.053405	
A/swine/Shandong/SD1/2014	0.2759	0.2379	0.4276	0.2972	0.159	-0.092	0.360	53.25	0.420	0.446	714	749	-0.317089	0.053405	
A/swine/Zhejiang/SW57/201	0.2840	0.2324	0.4329	0.2870	0.151	-0.103	0.354	50.84	0.408	0.439	715	749	-0.320294	0.053405	
A/tiger/Yunnan/tig1404/20	0.2882	0.2367	0.4293	0.2860	0.152	-0.106	0.352	54.08	0.409	0.440	716	749	-0.300401	0.053405	
A/tiger/Yunnan/tig1412/20	0.2899	0.2298	0.4394	0.2799	0.153	-0.109	0.351	52.91	0.399	0.438	716	749	-0.318425	0.053405	
A/tiger/Yunnan/tig1508/20	0.2586	0.2483	0.4216	0.3107	0.146	-0.122	0.342	50.73	0.439	0.449	713	749	-0.322029	0.053405	
A/turtle_dove/Guangdong/3	0.2654	0.2483	0.4314	0.2901	0.158	-0.094	0.358	52.64	0.424	0.446	717	749	-0.304272	0.053405	
A/waterfowl/Hong_Kong/378	0.2719	0.2410	0.4343	0.2928	0.157	-0.091	0.361	52.86	0.418	0.444	715	749	-0.317490	0.053405	
A/wild_duck/Fujian/1/2011	0.2821	0.2376	0.4259	0.2941	0.150	-0.106	0.351	52.61	0.417	0.444	717	749	-0.330708	0.054740	
A/wild_duck/Fujian/2/2011	0.2842	0.2363	0.4242	0.2965	0.152	-0.103	0.354	52.65	0.417	0.443	717	749	-0.328438	0.054740	
A/wild_duck/Jilin/HF/2011	0.2624	0.2573	0.4351	0.2844	0.166	-0.046	0.387	53.55	0.426	0.447	716	749	-0.315220	0.053405	
A/wild_duck/Jilin/ZF/2011	0.2710	0.2470	0.4310	0.2891	0.157	-0.078	0.368	53.34	0.421	0.444	715	749	-0.306275	0.053405	
A/wild_duck/Liaoning/8/20	0.2685	0.2565	0.4396	0.2706	0.158	-0.077	0.368	52.90	0.415	0.442	715	749	-0.331108	0.052069	
A/wild_duck/Shandong/1/20	0.2702	0.2496	0.4428	0.2752	0.161	-0.074	0.369	54.24	0.413	0.443	715	749	-0.305741	0.053405	
A/wild_duck/Shandong/2/20	0.2727	0.2453	0.4353	0.2834	0.161	-0.070	0.373	53.06	0.416	0.444	716	749	-0.320961	0.052069	
A/wild_duck/Shandong/628/	0.2568	0.2517	0.4446	0.2826	0.159	-0.094	0.358	51.18	0.420	0.446	716	749	-0.293992	0.053405	
