title                    	
A/Anas_crecca/Hubei/Chenh	
A/Anas_crecca/Hubei/Chenh	
A/Anhui/2021-00011/2020|E	
A/Anhui/33163/2016|EPI_IS	
A/Anser_fabalis/Hunan/03.	
A/Bar-headed_goose/Qingha	
A/Bar-headed_goose/Qingha	
A/Bar-headed_goose/Qingha	
A/Bar-headed_goose/Qingha	
A/Bar-headed_goose/Qingha	
A/Bar-headed_goose/Qingha	
A/Bar-headed_goose/Qingha	
A/Bar-headed_goose/Qingha	
A/Bean_goose/Hubei/CH-I22	
A/black_chicken/Jiangxi/1	
A/canine/China/GX30/2023|	
A/cat/Sichuan/SC18/2014|E	
A/cat/Zhejiang/C1/2016|EP	
A/cat/Zhejiang/C2/2016|EP	
A/Changsha/1/2014|EPI_ISL	
A/chicken/China/007/2019|	
A/chicken/chongqing/H1/20	
A/chicken/Chongqing/SD001	
A/chicken/Dongguan/2690/2	
A/chicken/Dongguan/3363/2	
A/chicken/Dongguan/4259/2	
A/chicken/Fujian/05.07_FZ	
A/chicken/Fujian/09.16_GT	
A/chicken/Fujian/10.08_FZ	
A/chicken/Fujian/11.23_FZ	
A/chicken/Ganzhou/GZ27/20	
A/chicken/Guangdong/04.15	
A/chicken/Guangdong/10.16	
A/chicken/Guangdong/GD160	
A/chicken/Guangdong/MG170	
A/chicken/Guangdong/MG171	
A/chicken/Guangdong/MG171	
A/chicken/Guangdong/MG171	
A/chicken/Guangdong/MG173	
A/chicken/Guangdong/MG173	
A/chicken/Guangxi/04.10_N	
A/chicken/Guangxi/16/2019	
A/chicken/Guizhou/8.26_ZY	
A/Chicken/Hangzhou/E1149/	
A/chicken/Hubei/03.06__WH	
A/chicken/Hubei/03.06__WH	
A/chicken/Hubei/ZYSJF11/2	
A/chicken/Hubei/ZYSJF16/2	
A/chicken/Hubei/ZYSJF38/2	
A/Chicken/Huizhou/16274/2	
A/chicken/Hunan/02.06_YYG	
A/chicken/Hunan/03.07_YYG	
A/chicken/Hunan/03.07_YYG	
A/chicken/Hunan/3.07_YYGK	
A/chicken/Hunan/04.14_YYG	
A/chicken/Hunan/04.14_YYK	
A/chicken/Hunan/04.14_YYX	
A/chicken/Hunan/12.07__YY	
A/chicken/Hunan/12.07_YYG	
A/chicken/Hunan/12.27_YYG	
A/chicken/Hunan/12.27_YYG	
A/chicken/Hunan/12.27_YYG	
A/chicken/Hunan/12.28_YYG	
A/chicken/Hunan/HN40/2015	
A/chicken/Hunan/HN58/2015	
A/chicken/Hunan/HN75/2015	
A/chicken/Hunan/HN158/201	
A/chicken/Hunan/HN244/201	
A/chicken/Hunan/HN245/201	
A/chicken/Hunan/HN247/201	
A/chicken/Hunan/HN248/201	
A/chicken/Hunan/HN249/201	
A/chicken/Hunan/HN250/201	
A/chicken/Hunan/HN251/201	
A/chicken/Hunan/HN252/201	
A/chicken/Hunan/HN254/201	
A/chicken/Hunan/HN255/201	
A/chicken/Hunan/HN263/201	
A/chicken/Hunan/HN264/201	
A/chicken/Hunan/HN265/201	
A/chicken/Hunan/HN266/201	
A/chicken/Hunan/HN301/201	
A/chicken/Hunan/HN302/201	
A/chicken/Hunan/HN303/201	
A/chicken/Hunan/HN304/201	
A/chicken/Hunan/HN305/201	
A/chicken/Hunan/HN306/201	
A/chicken/Hunan/HN307/201	
A/chicken/Hunan/HN308/201	
A/chicken/Jiangsu/WXBING2	
A/chicken/Jiangsu/WXS7393	
A/chicken/Jiangxi/01.14_N	
A/chicken/Jiangxi/02.05_Y	
A/chicken/Jiangxi/02.05_Y	
A/chicken/Jiangxi/04.01__	
A/chicken/Jiangxi/04.01__	
A/chicken/Jiangxi/04.01__	
A/chicken/Jiangxi/04.01__	
A/chicken/Jiangxi/04.01__	
A/chicken/Jiangxi/04.01__	
A/chicken/Jiangxi/04.01_N	
A/chicken/Jiangxi/04.01_N	
A/chicken/Jiangxi/04.01_N	
A/chicken/Jiangxi/04.01_N	
A/chicken/Jiangxi/04.01_N	
A/chicken/Jiangxi/04.01_N	
A/chicken/Jiangxi/05.06__	
A/chicken/Jiangxi/10.30_N	
A/chicken/Jiangxi/12.05_N	
A/chicken/Jiangxi/12.05_N	
A/chicken/Jiangxi/12.05_N	
A/chicken/Jiangxi/12.05_N	
A/chicken/Jiangxi/12.05_N	
A/Chicken/Jiangxi/45093/2	
A/chicken/Jilin/04.11_CCH	
A/chicken/Shaanxi/SD001/2	
A/chicken/Shanxi/04.28_TG	
A/chicken/Shanxi/12.01_TG	
A/chicken/Shenzhen/433/20	
A/chicken/Shenzhen/552/20	
A/chicken/Shenzhen/715/20	
A/chicken/Shenzhen/1061/2	
A/chicken/Shenzhen/1845/2	
A/chicken/Shenzhen/2269/2	
A/chicken/Shenzhen/2396/2	
A/chicken/Shenzhen/2464/2	
A/chicken/Sichuan/k141/20	
A/chicken/Sichuan/NCJPL1/	
A/Chicken/Suzhou/j5/2019|	
A/Chicken/Suzhou/j6/2019|	
A/chicken/Taishun/TS2/201	
A/chicken/Taishun/TS90/20	
A/chicken/Wuxi/7157/2015|	
A/chicken/Wuxi/7765/2016|	
A/chicken/Wuxi/SC7393/201	
A/Chicken/Xuzhou/470/2017	
A/chicken/Xuzhou/XZ6/2016	
A/Chicken/Yangzhou/f6/201	
A/Chicken/Yangzhou/f9/201	
A/Chicken/Yangzhou/f14/20	
A/chicken/Yangzhou/YD1/20	
A/chicken/Yunnan/02.09_DQ	
A/chicken/Yunnan/03.15_DQ	
A/chicken/Yunnan/03.16__D	
A/chicken/Yunnan/03.16_DQ	
A/chicken/Yunnan/03.16_DQ	
A/chicken/Yunnan/03.16_DQ	
A/chicken/Yunnan/07.11_DQ	
A/Chicken/Yunnan/YN-8/201	
A/Chicken/Yunnan/YN-11/20	
A/Chicken/Yunnan/YN-12/20	
A/chicken/Zhejiang/727022	
A/chicken/Zhejiang/727026	
A/chicken/Zhejiang/727155	
A/chickenl/Jiangxi/E84/20	
A/Commom_Teal/Ningxia/474	
A/Copsychus_saularis/Guan	
A/duck/Anhui/AH328/2015|E	
A/duck/Anhui/S4/2016|EPI_	
A/duck/China/0936/2017|EP	
A/duck/China/0938/2017|EP	
A/duck/China/DK87/2016|EP	
A/Duck/China/H5N6/2020|EP	
A/duck/Dongguan/2685/2013	
A/duck/Eastern_China/S032	
A/duck/Eastern_China/S071	
A/duck/Eastern_China/S090	
A/duck/Fujian/1.17_FZHX01	
A/duck/Fujian/03.18_GTFJ-	
A/duck/Fujian/05.07_FZHMD	
A/duck/Fujian/05.07_FZHMD	
A/duck/Fujian/05.07_FZHMD	
A/duck/Fujian/10.26_FZHX0	
A/duck/Fujian/10.26_FZHX0	
A/duck/Fujian/11.3_FZHX11	
A/duck/Fujian/11.3_FZHX11	
A/duck/Fujian/11.23_FZHX0	
A/duck/Fujian/11.23_FZHX0	
A/duck/Fujian/11.23_FZHX0	
A/duck/Fujian/12.7_FZHX12	
A/duck/Fujian/12.7_FZHX12	
A/duck/Fujian/12.7_FZHX12	
A/duck/Fujian/12.7_FZHX12	
A/duck/Guangdong/01.01_SZ	
A/duck/Guangdong/01.01_SZ	
A/duck/Guangdong/01.01_SZ	
A/duck/Guangdong/01.01_SZ	
A/duck/Guangdong/01.01_SZ	
A/duck/Guangdong/01.01_SZ	
A/duck/Guangdong/01.01_SZ	
A/duck/Guangdong/01.01_SZ	
A/duck/Guangdong/01.01_SZ	
A/duck/Guangdong/01.01_SZ	
A/duck/Guangdong/02.11_DG	
A/duck/Guangdong/02.11_DG	
A/duck/Guangdong/02.11_DG	
A/duck/Guangdong/02.11_DG	
A/duck/Guangdong/02.11_DG	
A/duck/Guangdong/02.11_DG	
A/duck/Guangdong/03.26_DG	
A/duck/Guangdong/03.26_DG	
A/duck/Guangdong/03.26_DG	
A/duck/Guangdong/03.26_DG	
A/duck/Guangdong/03.26_DG	
A/duck/Guangdong/03.26_DG	
A/duck/Guangdong/03.26_DG	
A/duck/Guangdong/03.26_DG	
A/duck/Guangdong/03.26_DG	
A/duck/Guangdong/03.26_DG	
A/duck/Guangdong/03.26_DG	
A/duck/Guangdong/03.26_DG	
A/duck/Guangdong/03.26_DG	
A/duck/Guangdong/03.26_DG	
A/duck/Guangdong/03.26_DG	
A/duck/Guangdong/03.26_DG	
A/duck/Guangdong/03.26_DG	
A/duck/Guangdong/03.26_DG	
A/duck/Guangdong/03.26_DG	
A/duck/Guangdong/03.26_DG	
A/duck/Guangdong/03.26_DG	
A/duck/Guangdong/03.27_DG	
A/duck/Guangdong/03.27_DG	
A/duck/Guangdong/03.27_DG	
A/duck/Guangdong/03.27_DG	
A/duck/Guangdong/03.27_DG	
A/duck/Guangdong/04.15_SZ	
A/duck/Guangdong/04.15_SZ	
A/duck/Guangdong/04.15_SZ	
A/duck/Guangdong/04.16_LG	
A/duck/Guangdong/04.16_SZ	
A/duck/Guangdong/04.16_SZ	
A/duck/Guangdong/04.16_SZ	
A/duck/Guangdong/04.16_SZ	
A/duck/Guangdong/04.22_DG	
A/duck/Guangdong/04.22_DG	
A/duck/Guangdong/04.22_DG	
A/duck/Guangdong/04.22_DG	
A/duck/Guangdong/04.22_DG	
A/duck/Guangdong/04.22_DG	
A/duck/Guangdong/04.22_DG	
A/duck/Guangdong/04.22_DG	
A/duck/Guangdong/04.22_DG	
A/duck/Guangdong/04.22_DG	
A/duck/Guangdong/04.23_DG	
A/duck/Guangdong/04.23_DG	
A/duck/Guangdong/04.23_DG	
A/duck/Guangdong/04.23_DG	
A/duck/Guangdong/04.23_DG	
A/duck/Guangdong/04.23_DG	
A/duck/Guangdong/04.23_DG	
A/duck/Guangdong/04.23_DG	
A/duck/Guangdong/04.23_DG	
A/duck/Guangdong/04.23_DG	
A/duck/Guangdong/04.23_DG	
A/duck/Guangdong/04.23_DG	
A/duck/Guangdong/04.23_DG	
A/duck/Guangdong/04.23_DG	
A/duck/Guangdong/04.23_DG	
A/duck/Guangdong/04.23_DG	
A/duck/Guangdong/04.23_DG	
A/duck/Guangdong/04.23_DG	
A/duck/Guangdong/04.23_DG	
A/duck/Guangdong/04.23_DG	
A/duck/Guangdong/04.23_DG	
A/duck/Guangdong/04.23_DG	
A/duck/Guangdong/04.23_DG	
A/duck/Guangdong/04.23_DG	
A/duck/Guangdong/04.23_DG	
A/duck/Guangdong/04.23_DG	
A/duck/Guangdong/04.23_DG	
A/duck/Guangdong/04.23_DG	
A/duck/Guangdong/04.23_DG	
A/duck/Guangdong/04.23_DG	
A/duck/Guangdong/04.23_DG	
A/duck/Guangdong/04.23_DG	
A/duck/Guangdong/04.23_DG	
A/duck/Guangdong/04.23_DG	
A/duck/Guangdong/04.23_DG	
A/duck/Guangdong/04.23_DG	
A/duck/Guangdong/04.23_DG	
A/duck/Guangdong/04.23_DG	
A/duck/Guangdong/04.23_DG	
A/duck/Guangdong/04.23_DG	
A/duck/Guangdong/04.23_DG	
A/duck/Guangdong/04.23_DG	
A/duck/Guangdong/11.18_SZ	
A/duck/Guangdong/11.18_SZ	
A/duck/Guangdong/11.18_SZ	
A/duck/Guangdong/KGZ16007	
A/duck/Guangdong/KGZ16008	
A/duck/Guangdong/KGZ16009	
A/duck/Guangdong/KGZ16012	
A/Duck/Guangdong/PO172812	
A/Duck/Guangdong/PO172813	
A/Duck/Guangdong/PO172842	
A/Duck/Guangdong/PO170726	
A/Duck/Guangdong/PY501/20	
A/Duck/Guangdong/PY503/20	
A/duck/Guangdong/S1330/20	
A/duck/Guangdong/S4879/20	
A/duck/Guangdong/SE195/20	
A/Duck/Guangdong/SS1A1/20	
A/Duck/Guangdong/Yangjian	
A/duck/Guangxi/12.25_GLGX	
A/duck/Guangxi/S31116/202	
A/duck/Guangzhou/018/2014	
A/duck/Guangzhou/021/2014	
A/duck/Guizhou/7.27_ZYLJJ	
A/duck/Guizhou/8.26_ZYLJJ	
A/duck/Guizhou/8.26_ZYLJJ	
A/duck/Guizhou/S4702/2021	
A/duck/Hainan/12.29_HKPL0	
A/duck/Henan/01.01_LYGL00	
A/duck/Hubei/03.06__WHWTZ	
A/duck/Hubei/03.06__WHWTZ	
A/duck/Hubei/03.06__WHWTZ	
A/duck/Hubei/03.06__WHWTZ	
A/duck/Hubei/03.06__WHWTZ	
A/duck/HuBei/03.06__WHWTZ	
A/duck/Hubei/03.06_WHWTZ0	
A/duck/Hubei/03.06_WHWTZ0	
A/duck/Hunan/1.12_YYGK68H	
A/duck/Hunan/1.12_YYGK72H	
A/duck/Hunan/1.12_YYGK74H	
A/duck/Hunan/01.12_YYGK82	
A/duck/Hunan/01.16_YYFQH1	
A/duck/Hunan/01.16_YYFQH1	
A/duck/Hunan/01.16_YYFQH2	
A/duck/Hunan/01.16_YYFQH3	
A/duck/Hunan/01.16_YYFQH3	
A/duck/Hunan/01.16_YYFQH3	
A/duck/Hunan/01.16_YYFQH3	
A/duck/Hunan/01.16_YYFQH3	
A/duck/Hunan/01.16_YYFQH3	
A/duck/Hunan/01.16_YYFQH3	
A/duck/Hunan/01.16_YYGK21	
A/duck/Hunan/1.17_YYGKK80	
A/duck/Hunan/01.21_YYFQH0	
A/duck/Hunan/01.21_YYFQH0	
A/duck/Hunan/01.21_YYFQH0	
A/duck/Hunan/01.21_YYFQH0	
A/duck/Hunan/01.21_YYFQH0	
A/duck/Hunan/2.06_YYGK77J	
A/duck/Hunan/2.06_YYGK78J	
A/duck/Hunan/2.06_YYGK84J	
A/duck/Hunan/2.06_YYGK92J	
A/duck/Hunan/02.07__YYFQH	
A/duck/Hunan/02.07__YYFQH	
A/duck/Hunan/02.07_YYFQH0	
A/duck/Hunan/02.07_YYFQH0	
A/duck/Hunan/02.07_YYFQH0	
A/duck/Hunan/02.16_YYGK28	
A/duck/Hunan/02.26__YYFQH	
A/duck/Hunan/02.26__YYFQH	
A/duck/Hunan/02.26__YYGK2	
A/duck/Hunan/02.26__YYGK0	
A/duck/Hunan/02.26_YYFQH2	
A/duck/Hunan/02.26_YYFQH2	
A/duck/Hunan/02.26_YYFQH3	
A/duck/Hunan/02.26_YYFQHY	
A/duck/Hunan/02.26_YYGK25	
A/duck/Hunan/02.26_YYGK25	
A/duck/Hunan/02.26_YYGK26	
A/duck/Hunan/02.26_YYGK26	
A/duck/Hunan/02.26_YYGK27	
A/duck/Hunan/02.26_YYGK27	
A/duck/Hunan/02.26_YYGKY2	
A/duck/Hunan/02.26_YYGQH2	
A/duck/Hunan/03.07_YYGK4L	
A/duck/Hunan/03.07_YYGK25	
A/duck/Hunan/03.07_YYGK31	
A/duck/Hunan/03.09_YYFQH0	
A/duck/Hunan/03.09_YYFQH0	
A/duck/Hunan/03.09_YYFQH0	
A/duck/Hunan/03.24_YYGK18	
A/duck/Hunan/03.24_YYGK21	
A/duck/Hunan/03.24_YYGK17	
A/duck/Hunan/03.24_YYGK17	
A/duck/Hunan/04.14_YYGK06	
A/duck/Hunan/04.14_YYGK04	
A/duck/Hunan/04.14_YYGK45	
A/duck/Hunan/04.14_YYGK46	
A/duck/Hunan/04.14_YYGK46	
A/duck/Hunan/04.14_YYGK46	
A/duck/Hunan/04.14_YYGK47	
A/duck/Hunan/04.14_YYGK08	
A/duck/Hunan/04.14_YYXS87	
A/duck/Hunan/04.22_LDDX03	
A/duck/Hunan/7.21_YYGK41Y	
A/duck/Hunan/11.30_YYGK59	
A/duck/Hunan/11.30_YYGK62	
A/duck/Hunan/11.30_YYGK63	
A/duck/Hunan/11.30_YYGK75	
A/duck/Hunan/12.07__YYGK1	
A/duck/Hunan/12.07__YYGK1	
A/duck/Hunan/12.07__YYGK1	
A/duck/Hunan/12.07_YGK098	
A/duck/Hunan/12.07_YYGK03	
A/duck/Hunan/12.07_YYGK68	
A/duck/Hunan/12.07_YYGK10	
A/duck/Hunan/12.07_YYGK11	
A/duck/Hunan/12.17__YYFQH	
A/duck/Hunan/12.17__YYFQH	
A/duck/Hunan/12.17__YYGK0	
A/duck/Hunan/12.17_YYGK01	
A/duck/Hunan/12.17_YYGK04	
A/duck/Hunan/12.17_YYGK05	
A/duck/Hunan/12.17_YYGK00	
A/duck/Hunan/12.17_YYGK00	
A/duck/Hunan/12.17_YYGK00	
A/duck/Hunan/12.17_YYGK07	
A/duck/Hunan/12.17_YYGK08	
A/duck/Hunan/12.27_YYGK60	
A/duck/Hunan/12.27_YYGK71	
A/duck/Hunan/12.27_YYGK73	
A/duck/Hunan/12.27_YYGK81	
A/duck/Hunan/12.27_YYGK86	
A/duck/Hunan/12.27_YYGK89	
A/duck/Hunan/12.27_YYGK91	
A/duck/Hunan/12.27_YYGK93	
A/duck/Hunan/12.27_YYGK95	
A/duck/Hunan/12.27_YYGK96	
A/duck/Hunan/12.27_YYGK97	
A/duck/Hunan/12.27_YYGK10	
A/duck/Hunan/193/2014|EPI	
A/duck/Hunan/233/2014|EPI	
A/duck/Hunan/HN05/2014|EP	
A/duck/Hunan/HN13/2015|EP	
A/duck/Hunan/HN16/2015|EP	
A/duck/Hunan/HN29/2015|EP	
A/duck/Hunan/HN42/2015|EP	
A/duck/Hunan/HN45/2015|EP	
A/duck/Hunan/HN53/2015|EP	
A/duck/Hunan/HN54/2015|EP	
A/duck/Hunan/HN59/2015|EP	
A/duck/Hunan/HN60/2015|EP	
A/duck/Hunan/HN61/2015|EP	
A/duck/Hunan/HN64/2015|EP	
A/duck/Hunan/HN66/2015|EP	
A/duck/Hunan/HN67/2015|EP	
A/duck/Hunan/HN71/2015|EP	
A/duck/Hunan/HN72/2015|EP	
A/duck/Hunan/HN74/2015|EP	
A/duck/Hunan/HN76/2015|EP	
A/duck/Hunan/HN78/2015|EP	
A/duck/Hunan/HN80/2015|EP	
A/duck/Hunan/HN162/2015|E	
A/duck/Hunan/HN163/2015|E	
A/duck/Hunan/HN167/2015|E	
A/duck/Hunan/HN171/2015|E	
A/duck/Hunan/HN172/2015|E	
A/duck/Hunan/HN174/2015|E	
A/duck/Hunan/HN176/2015|E	
A/duck/Hunan/HN177/2015|E	
A/duck/Hunan/HN178/2015|E	
A/duck/Hunan/HN182/2015|E	
A/duck/Hunan/HN183/2015|E	
A/duck/Hunan/HN186/2015|E	
A/duck/Hunan/HN190/2015|E	
A/duck/Hunan/HN191/2015|E	
A/duck/Hunan/HN192/2015|E	
A/duck/Hunan/HN194/2015|E	
A/duck/Hunan/HN195/2015|E	
A/duck/Hunan/HN197/2015|E	
A/duck/Hunan/HN201/2015|E	
A/duck/Hunan/HN204/2015|E	
A/duck/Hunan/HN205/2015|E	
A/duck/Hunan/HN206/2015|E	
A/duck/Hunan/HN207/2015|E	
A/duck/Hunan/HN208/2015|E	
A/duck/Hunan/HN209/2015|E	
A/duck/Hunan/HN210/2015|E	
A/duck/Hunan/HN212/2015|E	
A/duck/Hunan/HN214/2015|E	
A/duck/Hunan/HN215/2015|E	
A/duck/Hunan/HN216/2015|E	
A/duck/Hunan/HN217/2015|E	
A/duck/Hunan/HN220/2015|E	
A/duck/Hunan/HN221/2015|E	
A/duck/Hunan/HN224/2015|E	
A/duck/Hunan/HN227/2015|E	
A/duck/Hunan/HN230/2015|E	
A/duck/Hunan/HN232/2015|E	
A/duck/Hunan/HN234/2015|E	
A/duck/Hunan/HN236/2015|E	
A/duck/Hunan/HN238/2015|E	
A/duck/Hunan/HN239/2015|E	
A/duck/Hunan/HN240/2015|E	
A/duck/Hunan/HN241/2015|E	
A/duck/Hunan/HN242/2015|E	
A/duck/Hunan/HN278/2015|E	
A/duck/Hunan/HN285/2015|E	
A/duck/Hunan/HN288/2015|E	
A/duck/Hunan/HN333/2015|E	
A/duck/Hunan/HN334/2015|E	
A/duck/Hunan/HN335/2015|E	
A/duck/Hunan/HN336/2015|E	
A/duck/Hunan/HN339/2015|E	
A/duck/Hunan/HN341/2015|E	
A/duck/Hunan/HN342/2015|E	
A/duck/Hunan/HN343/2015|E	
A/duck/Hunan/S40199/2021(	
A/duck/Hunan/S40268/2021(	
A/duck/Jiangxi/01.11_NCNP	
A/duck/Jiangxi/01.14_NCJD	
A/duck/Jiangxi/01.14_NCJD	
A/duck/Jiangxi/01.14_NCJD	
A/duck/Jiangxi/02.05_YGYX	
A/duck/Jiangxi/02.06_NCJD	
A/duck/Jiangxi/02.06_NCJD	
A/duck/Jiangxi/2.28_NCNP2	
A/duck/Jiangxi/2.28NCNP23	
A/duck/Jiangxi/03.11_NCHJ	
A/duck/Jiangxi/04.01__NCD	
A/duck/Jiangxi/04.01__NCD	
A/duck/Jiangxi/04.01_NCDZ	
A/duck/Jiangxi/05.07__NCJ	
A/duck/Jiangxi/5.26_NCDZT	
A/duck/Jiangxi/11.17_NCNP	
A/duck/Jiangxi/11.17_NCNP	
A/duck/Jiangxi/11.29_NCDZ	
A/duck/Jiangxi/11.29_NCNP	
A/duck/Jiangxi/11.29_NCNP	
A/duck/Jiangxi/95/2014|EP	
A/duck/Jiangxi/13469/2014	
A/duck/Jiangxi/13475/2014	
A/duck/Jiangxi/13484/2014	
A/Duck/Jiangxi/50446/2016	
A/Duck/Jiangxi/50455/2016	
A/duck/Jiangxi/E7/2014_(H	
A/duck/Jiangxi/F31/2014(H	
A/duck/Jiangxi/NCDZT1123/	
A/duck/Jiangxi/NCDZT1126/	
A/duck/Ningxia/YG61/2017|	
A/duck/Ningxia/YG71/2017|	
A/duck/Ningxia/YG83/2017|	
A/duck/Shandong/SD0261/20	
A/duck/Shandong/SD0263/20	
A/duck/Sichuan/04.27_NBXJ	
A/duck/Sichuan/04.27_NBXJ	
A/duck/Sichuan/04.27_NBXJ	
A/duck/Sichuan/04.27_NBXJ	
A/duck/Sichuan/04.27_NBXJ	
A/duck/Sichuan/04.27_NCXJ	
A/duck/Sichuan/NCXJ15/201	
A/duck/Sichuan/NCXJ24/201	
A/duck/Sichuan/S1805/2021	
A/duck/Sichuan/SC4822/202	
A/duck/Sichuan/SC5698/202	
A/duck/Sichuan/SD002/2021	
A/duck/Wuxi/7249/2015|EPI	
A/duck/Yunnan/03.15_DQWGH	
A/duck/Yunnan/03.16_DQXYL	
A/duck/Yunnan/03.16_DQXYL	
A/duck/Yunnan/03.16_DQXYL	
A/duck/Yunnan/03.16_DQXYL	
A/duck/Yunnan/07.15_DQNPH	
A/duck/Yunnan/07.15_DQNPH	
A/duck/Yunnan/07.15_DQNPH	
A/duck/Yunnan/07.15_DQNPH	
A/duck/Yunnan/S4318/2021(	
A/Duck/Yunnan/YN-2/2016_(	
A/Duck/Yunnan/YN-4/2015__	
A/Duck/Yunnan/YN-9/2016__	
A/Duck/Zhanjiang/15577/20	
A/duck/Zhejiang/02.28_JHZ	
A/duck/Zhejiang/727158/20	
A/duck/Zhejiang/S4854/202	
A/Egret/Shangdong/JN529/2	
A/environment/Hunan/HN261	
A/Falcated_Duck/Ningxia/4	
A/feline/Guangdong/2/2014	
A/Fujian/1/2024(H5N6)|EPI	
A/Fujian/2/2024(H5N6)|EPI	
A/Fujian-Sanyuan/21099/20	
A/Fujian-Sanyuan/21099/20	
A/Gadwall/Ningxia/472-7/2	
A/Gallinula_chloropus/Gua	
A/Goose/_Guangdong_/JG125	
A/Goose/_Guangdong_/SSLBY	
A/Goose/_Guangdong_/SSZYP	
A/goose/Anhui/AH350/2015|	
A/goose/China/0701/2018|E	
A/goose/Chongqing/SD003/2	
A/goose/Eastern_China/S05	
A/goose/Fujian/3.15_FZHX0	
A/goose/Fujian/3.15_FZHX0	
A/goose/Fujian/3.15_FZHX0	
A/goose/Fujian/3.15_FZHX0	
A/goose/Fujian/3.15_FZHX0	
A/goose/Fujian/10.11_FZHX	
A/goose/Fujian/10.26_FZHX	
A/goose/Fujian/10.26_FZHX	
A/goose/Fujian/10.26_FZHX	
A/goose/Fujian/10.26_FZHX	
A/goose/Fujian/10.26_FZHX	
A/goose/Fujian/10.26_FZHX	
A/goose/Fujian/10.26_FZHX	
A/goose/Fujian/10.26_FZHX	
A/goose/Fujian/10.26_FZHX	
A/goose/Fujian/11.3_FZHX1	
A/goose/Guangdong/03.27_D	
A/goose/Guangdong/04.22_D	
A/goose/Guangdong/04.22_D	
A/goose/Guangdong/04.22_D	
A/goose/Guangdong/04.22_D	
A/goose/Guangdong/04.23_D	
A/goose/Guangdong/04.23_D	
A/goose/Guangdong/04.23_D	
A/goose/Guangdong/04.23_D	
A/goose/Guangdong/7.20_DG	
A/Goose/Guangdong/PO17072	
A/goose/Guangdong/QY01/20	
A/goose/Guangdong/S230/20	
A/goose/Guangdong/S4751/2	
A/goose/Guangdong/YJD/201	
A/goose/Henan/01.01_LYGL0	
A/goose/Hubei/113/2014|EP	
A/goose/HuBei/117/2014|EP	
A/goose/Hunan/81/2014|EPI	
A/goose/Hunan/82/2014|EPI	
A/goose/Hunan/107/2014|EP	
A/goose/Hunan/109/2014|EP	
A/goose/Hunan/110/2014|EP	
A/goose/Hunan/111/2014|EP	
A/goose/Hunan/115/2014|EP	
A/goose/Hunan/116/2014|EP	
A/goose/Hunan/155/2014|EP	
A/goose/Hunan/159/2014|EP	
A/goose/Hunan/160/2014|EP	
A/goose/Hunan/161/2014|EP	
A/goose/Hunan/HN11/2015|E	
A/goose/Hunan/HN22/2015|E	
A/goose/Hunan/HN57/2015|E	
A/goose/Hunan/HN88/2015|E	
A/goose/Hunan/HN90/2015|E	
A/goose/Hunan/HN310/2015|	
A/goose/Hunan/HN311/2015|	
A/goose/Hunan/HN314/2015|	
A/goose/Hunan/HN315/2015|	
A/goose/Hunan/HN316/2015|	
A/goose/Hunan/HN317/2015|	
A/goose/Hunan/HN318/2015|	
A/goose/Hunan/HN319/2015|	
A/goose/Jiangxi/01.09_NFJ	
A/goose/Jilin/04.04_SY003	
A/Goose/Qingyuan/16875/20	
A/goose/Shandong/02.16_YG	
A/goose/Shandong/02.26_GD	
A/goose/Shandong/03.16_JN	
A/goose/Shandong/11.02_CQ	
A/goose/Shandong/12.05_YG	
A/goose/Xinjiang/12.18_WL	
A/goose/Xinjiang/12.18_WL	
A/goose/Yangzhou/YZ587/20	
A/goose/Yunnan/07.14_DQWC	
A/goose/Yunnan/07.14_DQWC	
A/goose/Zhejiang/112080/2	
A/goose/Zhejiang/727092/2	
A/goose/Zhejiang/727110/2	
A/goose/Zhejiang/925036/2	
A/goose/Zhejiang/925105/2	
A/goose/Zhejiang/925106/2	
A/goose/Zhejiang/925108/2	
A/goose/Zhejiang/1120132/	
A/Great_Cormorant/Hubei/c	
A/Great_Cormorant/Hubei/c	
A/Guangdong/18SF020/2018-	
A/Guangdong/12903/2021|EP	
A/Guangdong/lgf/2021|EPI_	
A/Guangxi/32797/2018|EPI_	
A/Guangxi/55726/2016|EPI_	
A/Guangzhou/39715/2014|EP	
A/GX-guilin/11151/2021|EP	
A/GX-hechi/01/2021|EPI_IS	
A/Hangzhou/01/2021|EPI_IS	
A/HeFei04171/2024|EPI_ISL	
A/Hubei/29578/2016_x_PR8_	
A/Hubei/29578/2016|EPI_IS	
A/Jiangsu/1/2018|EPI_ISL_	
A/Jiangsu/1/2018|EPI_ISL_	
A/Jiangsu/1/2020_(H5N6)|E	
A/Jiangsu/1/2020(H5N6)|EP	
A/Jiangsu/JSSZ01/2018|EPI	
A/Jiangxi/16791/2022|EPI_	
A/Luscinia_cyane/Jiangxi/	
A/Mallard/Jiangxi/JXH9/20	
A/Mallard/Jiangxi/JXH22/2	
A/migratory_waterfowl/Hub	
A/migratory_waterfowl/Hub	
A/mink/China/181/2019|EPI	
A/mink/China/183/2019|EPI	
A/mink/China/191/2019|EPI	
A/mink/China/456/2018|EPI	
A/mink/Eastern_China/006/	
A/mink/Eastern_China/149/	
A/mink/Eastern_China/528/	
A/mink/Eastern_China/571/	
A/mink/Northern_China/110	
A/Muscovy_duck/China/FJFZ	
A/Muscovy_duck/China/H5N6	
A/muscovy/duck/Hunan/85/2	
A/muscovy/duck/Hunan/88/2	
A/muscovy/duck/Hunan/89/2	
A/muscovy/duck/Hunan/90/2	
A/muscovy/duck/Hunan/93/2	
A/muscovy/duck/Hunan/94/2	
A/muscovy/duck/Hunan/101/	
A/muscovy/duck/Hunan/102/	
A/muscovy/duck/Hunan/103/	
A/muscovy/duck/Hunan/104/	
A/muscovy/duck/Hunan/125/	
A/muscovy/duck/Hunan/147/	
A/muscovy/duck/Hunan/148/	
A/muscovy/duck/Hunan/167/	
A/muscovy/duck/Hunan/183/	
A/muscovy/duck/Hunan/216/	
A/muscovy/duck/Hunan/229/	
A/muscovy/duck/Hunan/232/	
A/muscovy/duck/Hunan/HN34	
A/muscovy/duck/Hunan/HN34	
A/muscovy/duck/Hunan/HN34	
A/muscovy/duck/Hunan/HN34	
A/muscovy/duck/Hunan/HN35	
A/muscovy/duck/Hunan/HN35	
A/muscovy/duck/Hunan/HN35	
A/muscovy/duck/Hunan/HN35	
A/muscovy/duck/Hunan/HN35	
A/muscovy/duck/Hunan/HN35	
A/muscovy/duck/Hunan/HN35	
A/muscovy/duck/Hunan/HN35	
A/muscovy/duck/Hunan/HN36	
A/muscovy/duck/Hunan/HN36	
A/muscovy/duck/Hunan/HN36	
A/muscovy/duck/Hunan/HN36	
A/muscovy/duck/Hunan/HN36	
A/Northern_Pintail/HK/MP6	
A/oriental_magpie_robin/H	
A/Pavo_cristatus/China/JS	
A/Pavo_cristatus/China/K1	
A/Pavo_cristatus/Jiangxi/	
A/Phalacrocorax/Hubei/01.	
A/Phalacrocorax/Hubei/01.	
A/pigeon/Fujian/1.17_FZHX	
A/pigeon/Guangdong/04.15_	
A/pigeon/Guangdong/04.16_	
A/pigeon/Guangdong/04.23_	
A/pigeon/Hainan/1.14_HKPL	
A/Pigeon/Hunan/04.14_YYXS	
A/Pigeon/Jiangxi/02.10__N	
A/Pigeon/Jiangxi/04.01__N	
A/pigeon/Jilin/04.25_CCHL	
A/pigeon/Sichuan/04.27_NB	
A/Quail/Guangxi/GX-2/2017	
A/quail/Jiangxi/B9/2015_(	
A/Quail/Zhanjiang/16887/2	
A/Quanzhou/2/2024|EPI_ISL	
A/Shenzhen/1/2015|EPI_ISL	
A/Shenzhen/1/2016|EPI_ISL	
A/Shenzhen/TH001/2015_(H5	
A/Shenzhen/TH003/2016(H5N	
A/Shoveller/Ningxia/488-5	
A/Sichuan/26221/2014|EPI_	
A/silkie_chicken/Dongguan	
A/Spoonbill/HK/17-18259/2	
A/spoonbill/Taiwan/DB645/	
A/spot_billed_duck/Ningxi	
A/spot-billed_duck/Ningxi	
A/Streptopelia_decaocto/J	
A/Streptopelia_decaocto/J	
A/Streptopelia_decaocto/J	
A/swan_goose/Jilin/JL01/2	
A/swine/China/RZ/2018|EPI	
A/swine/Guangdong/1/2014|	
A/swine/Guangdong/2/2014|	
A/swine/Guangdong/G3/2015	
A/Syrrhaptes_paradoxus/Gu	
A/Waterfowl/Hubei/Chenhu1	
A/Waterfowl/Hubei/Chenhu1	
A/white_naped_crane/China	
A/White-eyed_Pochard/Ning	
A/Wigeon/Ningxia/476-12/2	
A/wild_bird/Hunan/01.14_Y	
A/wild_bird/Hunan/01.14_Y	
A/wild_bird/Hunan/02.24_Y	
A/wild_bird/Hunan/02.24_Y	
A/wild_bird/Hunan/03.08_D	
A/wild_bird/Taipei/04WB12	
A/wild_bird/Zhejiang/NBXS	
A/wild_pigeon/Jilin/CC01/	
A/Yunnan/14563/2015|EPI_I	
A/Yunnan/DQ002/2015(H5N6)	
A/Anas_crecca/Hubei/Chenh	
A/Changsha/1/2014_H5N6|GC	
A/China/Original/2018_H5N	
A/Commom_Teal/Ningxia/474	
A/Copsychus_saularis/Guan	
A/Falcated_Duck/Ningxia/4	
A/Ferruginous_Pochard/Nin	
A/Gadwall/Ningxia/472-7/2	
A/Gallinula_chloropus/Gua	
A/Guangdong/lgf/2021_H5N6	
A/Guangzhou/39715/2014_H5	
A/Northern_Shoveler/Ningx	
A/Pavo_cristatus/China/JS	
A/Pavo_cristatus/China/K1	
A/Pavo_cristatus/Jiangxi/	
A/Rattus_norvegicus/China	
A/Syrrhaptes_paradoxus/Gu	
A/Wild_bird/Huadong/DF10/	
A/Wild_bird/Huadong/GY116	
A/Wild_bird/Huadong/GY183	
A/Wild_bird/Huadong/GY999	
A/Wild_bird/Huadong/QP10/	
A/Wild_bird/Huadong/SH17/	
A/Wild_bird/Huadong/SSW7/	
A/Wild_bird/Huadong/SZ111	
A/Wild_bird/Huadong/YC148	
A/Wild_bird/Huadong/YX68/	
A/Yangzhou/125/2022_H5N6|	
A/black_chicken/Jiangxi/1	
A/cat/Sichuan/SC18/2014_H	
A/cat/Zhejiang/C1/2016_H5	
A/cat/Zhejiang/C2/2016_H5	
A/chicken/Anhui/MZ33/2016	
A/chicken/Anhui/MZ34/2016	
A/chicken/China/007/2019_	
A/chicken/China/1101/2019	
A/chicken/Dongguan/2690/2	
A/chicken/Dongguan/3363/2	
A/chicken/Dongguan/4259/2	
A/chicken/Fujian/11.23_FZ	
A/chicken/Ganzhou/GZ27/20	
A/chicken/Guangdong/GD160	
A/chicken/Guangxi/16/2019	
A/chicken/Henan/YB0597/20	
A/chicken/Hubei/ZYSJF11/2	
A/chicken/Hubei/ZYSJF16/2	
A/chicken/Hubei/ZYSJF38/2	
A/chicken/Hunan/02.06_YYG	
A/chicken/Hunan/03.07_YYG	
A/chicken/Hunan/12.27_YYG	
A/chicken/Hunan/12.27_YYG	
A/chicken/Jiangxi/NCDZT11	
A/chicken/Jiangxi/NCDZT11	
A/chicken/Jiangyin/JY0907	
A/chicken/Shanxi/04.28_TG	
A/chicken/Shanxi/12.01_TG	
A/chicken/Shenzhen/1061/2	
A/chicken/Shenzhen/1845/2	
A/chicken/Shenzhen/2269/2	
A/chicken/Shenzhen/2396/2	
A/chicken/Shenzhen/2464/2	
A/chicken/Shenzhen/433/20	
A/chicken/Shenzhen/552/20	
A/chicken/Shenzhen/715/20	
A/chicken/Sichuan/NCJPL1/	
A/chicken/Sichuan/k141/20	
A/chicken/Taishun/TS2/201	
A/chicken/Taishun/TS90/20	
A/chicken/Wuhan/WHYJ01/20	
A/chicken/Xuzhou/XZ6/2016	
A/chicken/Yangzhou/YD1/20	
A/chicken/Zhejiang/102637	
A/chicken/Zhejiang/13160/	
A/chicken/Zhejiang/528127	
A/chicken/Zhejiang/6107/2	
A/chicken/Zhejiang/6C2/20	
A/chicken/Zhejiang/727022	
A/chicken/Zhejiang/727026	
A/chicken/Zhejiang/727155	
A/common_mallard/Ningxia/	
A/duck/Anhui/S4/2016_H5N6	
A/duck/China/0936/2017_H5	
A/duck/China/0938/2017_H5	
A/duck/Dongguan/2685/2013	
A/duck/Eastern_China/S032	
A/duck/Eastern_China/S071	
A/duck/Eastern_China/S090	
A/duck/Fujian/1.17_FZHX01	
A/duck/Fujian/10.26_FZHX0	
A/duck/Fujian/10.26_FZHX0	
A/duck/Fujian/11.23_FZHX0	
A/duck/Fujian/11.23_FZHX0	
A/duck/Fujian/11.23_FZHX0	
A/duck/Fujian/11.3_FZHX11	
A/duck/Fujian/11.3_FZHX11	
A/duck/Fujian/12.7_FZHX12	
A/duck/Fujian/12.7_FZHX12	
A/duck/Fujian/12.7_FZHX12	
A/duck/Fujian/12.7_FZHX12	
A/duck/Guangdong/11.18_SZ	
A/duck/Guangdong/11.18_SZ	
A/duck/Guangdong/11.18_SZ	
A/duck/Guangdong/GD01/201	
A/duck/Guangzhou/018/2014	
A/duck/Guangzhou/021/2014	
A/duck/Guangzhou/41227/20	
A/duck/Guizhou/7.27_ZYLJJ	
A/duck/Guizhou/8.26_ZYLJJ	
A/duck/Guizhou/8.26_ZYLJJ	
A/duck/Hainan/12.29_HKPL0	
A/duck/Hunan/01.12_YYGK82	
A/duck/Hunan/03.07_YYGK25	
A/duck/Hunan/03.07_YYGK4L	
A/duck/Hunan/03.24_YYGK17	
A/duck/Hunan/03.24_YYGK17	
A/duck/Hunan/03.24_YYGK18	
A/duck/Hunan/03.24_YYGK21	
A/duck/Hunan/1.12_YYGK68H	
A/duck/Hunan/1.12_YYGK72H	
A/duck/Hunan/1.12_YYGK74H	
A/duck/Hunan/1.17_YYGKK80	
A/duck/Hunan/11.30_YYGK59	
A/duck/Hunan/11.30_YYGK62	
A/duck/Hunan/11.30_YYGK63	
A/duck/Hunan/11.30_YYGK75	
A/duck/Hunan/12.27_YYGK10	
A/duck/Hunan/12.27_YYGK60	
A/duck/Hunan/12.27_YYGK71	
A/duck/Hunan/12.27_YYGK73	
A/duck/Hunan/12.27_YYGK81	
A/duck/Hunan/12.27_YYGK86	
A/duck/Hunan/12.27_YYGK89	
A/duck/Hunan/12.27_YYGK91	
A/duck/Hunan/12.27_YYGK93	
A/duck/Hunan/12.27_YYGK95	
A/duck/Hunan/12.27_YYGK96	
A/duck/Hunan/12.27_YYGK97	
A/duck/Hunan/2.06_YYGK77J	
A/duck/Hunan/2.06_YYGK78J	
A/duck/Hunan/2.06_YYGK84J	
A/duck/Hunan/2.06_YYGK92J	
A/duck/Hunan/7.21_YYGK41Y	
A/duck/Jiangxi/01.11_NCNP	
A/duck/Jiangxi/10160/2014	
A/duck/Jiangxi/11.17_NCNP	
A/duck/Jiangxi/11.17_NCNP	
A/duck/Jiangxi/11.29_NCDZ	
A/duck/Jiangxi/11.29_NCNP	
A/duck/Jiangxi/11.29_NCNP	
A/duck/Jiangxi/13469/2014	
A/duck/Jiangxi/13475/2014	
A/duck/Jiangxi/13484/2014	
A/duck/Jiangxi/2.28NCNP23	
A/duck/Jiangxi/2.28_NCNP2	
A/duck/Jiangxi/5.26_NCDZT	
A/duck/Shandong/SD0261/20	
A/duck/Shandong/SD0263/20	
A/duck/Sichuan/NCXJ15/201	
A/duck/Sichuan/NCXJ16/201	
A/duck/Sichuan/SC4822/202	
A/duck/Sichuan/SC5698/202	
A/duck/Wuhan/JXYFB22/2015	
A/duck/Wuhan/WHYF02/2015_	
A/duck/Zhejiang/6D2/2013_	
A/duck/Zhejiang/727158/20	
A/egret/Zhejiang/W15/2017	
A/egret/Zhejiang/W18/2017	
A/feline/Guangdong/2/2015	
A/gadwall/Ningxia/YG61/20	
A/goose/China/0701/2018_H	
A/goose/China/M14/2016_H5	
A/goose/Eastern_China/S05	
A/goose/Fujian/10.11_FZHX	
A/goose/Fujian/10.26_FZHX	
A/goose/Fujian/10.26_FZHX	
A/goose/Fujian/10.26_FZHX	
A/goose/Fujian/10.26_FZHX	
A/goose/Fujian/10.26_FZHX	
A/goose/Fujian/10.26_FZHX	
A/goose/Fujian/10.26_FZHX	
A/goose/Fujian/10.26_FZHX	
A/goose/Fujian/10.26_FZHX	
A/goose/Fujian/11.3_FZHX1	
A/goose/Fujian/3.15_FZHX0	
A/goose/Fujian/3.15_FZHX0	
A/goose/Fujian/3.15_FZHX0	
A/goose/Fujian/3.15_FZHX0	
A/goose/Fujian/3.15_FZHX0	
A/goose/Guangdong/7.20_DG	
A/goose/Guangdong/QY01/20	
A/goose/Henan/01.01_LYGL0	
A/goose/Shantou/1763/2014	
A/goose/Xinjiang/12.18_WL	
A/goose/Xinjiang/12.18_WL	
A/goose/Yangzhou/YZ587/20	
A/goose/Zhejiang/1120132/	
A/goose/Zhejiang/112080/2	
A/goose/Zhejiang/727092/2	
A/goose/Zhejiang/727110/2	
A/goose/Zhejiang/925036/2	
A/goose/Zhejiang/925105/2	
A/goose/Zhejiang/925106/2	
A/goose/Zhejiang/925108/2	
A/migratory_waterfowl/Hub	
A/migratory_waterfowl/Hub	
A/mink/China/181/2019_H5N	
A/mink/China/183/2019_H5N	
A/mink/China/191/2019_H5N	
A/mink/China/456/2018_H5N	
A/mink/Eastern_China/006/	
A/mink/Eastern_China/149/	
A/mink/Eastern_China/528/	
A/mink/Eastern_China/571/	
A/mink/Northern_China/110	
A/oriental_magpie_robin/H	
A/pigeon/Fujian/1.17_FZHX	
A/pigeon/Hainan/1.14_HKPL	
A/silkie_chicken/Dongguan	
A/spot-billed_duck/Ningxi	
A/spot-billed_duck/Ningxi	
A/spot-billed_duck/Ningxi	
A/swan_goose/Jilin/JL01/2	
A/swine/China/RZ/2018_H5N	
A/swine/Guangdong/1/2014_	
A/swine/Guangdong/2/2014_	
A/turtledove/Wuhan/HKBJ43	
A/turtledove/Wuhan/WHBJ12	
A/turtledove/Wuhan/WHBJ28	
A/white-naped_crane/China	
A/wild_bird/Taipei/04WB12	
A/wild_pigeon/Jilin/CC01/	
A/Eurasian_Wigeon/Ningxia	
A/Anas_crecca/Hubei/Chenh	
A/Anas_crecca/Hubei/Chenh	
A/Anhui/2021-00011/2020|E	
A/Anhui/33163/2016|EPI_IS	
A/Anser_fabalis/Hunan/03.	
A/Bar-headed_goose/Qingha	
A/Bar-headed_goose/Qingha	
A/Bar-headed_goose/Qingha	
A/Bar-headed_goose/Qingha	
A/Bar-headed_goose/Qingha	
A/Bar-headed_goose/Qingha	
A/Bar-headed_goose/Qingha	
A/Bar-headed_goose/Qingha	
A/Bean_goose/Hubei/CH-I22	
A/black_chicken/Jiangxi/1	
A/canine/China/GX30/2023|	
A/cat/Sichuan/SC18/2014|E	
A/cat/Zhejiang/C1/2016|EP	
A/cat/Zhejiang/C2/2016|EP	
A/Changsha/1/2014|EPI_ISL	
A/chicken/China/007/2019|	
A/chicken/chongqing/H1/20	
A/chicken/Chongqing/SD001	
A/chicken/Dongguan/2690/2	
A/chicken/Dongguan/3363/2	
A/chicken/Dongguan/4259/2	
A/chicken/Fujian/05.07_FZ	
A/chicken/Fujian/09.16_GT	
A/chicken/Fujian/10.08_FZ	
A/chicken/Fujian/11.23_FZ	
A/chicken/Ganzhou/GZ27/20	
A/chicken/Guangdong/04.15	
A/chicken/Guangdong/10.16	
A/chicken/Guangdong/GD160	
A/chicken/Guangdong/MG170	
A/chicken/Guangdong/MG171	
A/chicken/Guangdong/MG171	
A/chicken/Guangdong/MG171	
A/chicken/Guangdong/MG173	
A/chicken/Guangdong/MG173	
A/chicken/Guangxi/04.10_N	
A/chicken/Guangxi/16/2019	
A/chicken/Guizhou/8.26_ZY	
A/Chicken/Hangzhou/E1149/	
A/chicken/Hubei/03.06__WH	
A/chicken/Hubei/03.06__WH	
A/chicken/Hubei/ZYSJF11/2	
A/chicken/Hubei/ZYSJF16/2	
A/chicken/Hubei/ZYSJF38/2	
A/Chicken/Huizhou/16274/2	
A/chicken/Hunan/02.06_YYG	
A/chicken/Hunan/03.07_YYG	
A/chicken/Hunan/03.07_YYG	
A/chicken/Hunan/3.07_YYGK	
A/chicken/Hunan/04.14_YYG	
A/chicken/Hunan/04.14_YYK	
A/chicken/Hunan/04.14_YYX	
A/chicken/Hunan/12.07__YY	
A/chicken/Hunan/12.07_YYG	
A/chicken/Hunan/12.27_YYG	
A/chicken/Hunan/12.27_YYG	
A/chicken/Hunan/12.27_YYG	
A/chicken/Hunan/12.28_YYG	
A/chicken/Hunan/HN40/2015	
A/chicken/Hunan/HN58/2015	
A/chicken/Hunan/HN75/2015	
A/chicken/Hunan/HN158/201	
A/chicken/Hunan/HN244/201	
A/chicken/Hunan/HN245/201	
A/chicken/Hunan/HN247/201	
A/chicken/Hunan/HN248/201	
A/chicken/Hunan/HN249/201	
A/chicken/Hunan/HN250/201	
A/chicken/Hunan/HN251/201	
A/chicken/Hunan/HN252/201	
A/chicken/Hunan/HN254/201	
A/chicken/Hunan/HN255/201	
A/chicken/Hunan/HN263/201	
A/chicken/Hunan/HN264/201	
A/chicken/Hunan/HN265/201	
A/chicken/Hunan/HN266/201	
A/chicken/Hunan/HN301/201	
A/chicken/Hunan/HN302/201	
A/chicken/Hunan/HN303/201	
A/chicken/Hunan/HN304/201	
A/chicken/Hunan/HN305/201	
A/chicken/Hunan/HN306/201	
A/chicken/Hunan/HN307/201	
A/chicken/Hunan/HN308/201	
A/chicken/Jiangsu/WXBING2	
A/chicken/Jiangsu/WXS7393	
A/chicken/Jiangxi/01.14_N	
A/chicken/Jiangxi/02.05_Y	
A/chicken/Jiangxi/02.05_Y	
A/chicken/Jiangxi/04.01__	
A/chicken/Jiangxi/04.01__	
A/chicken/Jiangxi/04.01__	
A/chicken/Jiangxi/04.01__	
A/chicken/Jiangxi/04.01__	
A/chicken/Jiangxi/04.01__	
A/chicken/Jiangxi/04.01_N	
A/chicken/Jiangxi/04.01_N	
A/chicken/Jiangxi/04.01_N	
A/chicken/Jiangxi/04.01_N	
A/chicken/Jiangxi/04.01_N	
A/chicken/Jiangxi/04.01_N	
A/chicken/Jiangxi/05.06__	
A/chicken/Jiangxi/10.30_N	
A/chicken/Jiangxi/12.05_N	
A/chicken/Jiangxi/12.05_N	
A/chicken/Jiangxi/12.05_N	
A/chicken/Jiangxi/12.05_N	
A/chicken/Jiangxi/12.05_N	
A/Chicken/Jiangxi/45093/2	
A/chicken/Jilin/04.11_CCH	
A/chicken/Shaanxi/SD001/2	
A/chicken/Shanxi/04.28_TG	
A/chicken/Shanxi/12.01_TG	
A/chicken/Shenzhen/433/20	
A/chicken/Shenzhen/552/20	
A/chicken/Shenzhen/715/20	
A/chicken/Shenzhen/1061/2	
A/chicken/Shenzhen/1845/2	
A/chicken/Shenzhen/2269/2	
A/chicken/Shenzhen/2396/2	
A/chicken/Shenzhen/2464/2	
A/chicken/Sichuan/k141/20	
A/chicken/Sichuan/NCJPL1/	
A/Chicken/Suzhou/j5/2019|	
A/Chicken/Suzhou/j6/2019|	
A/chicken/Taishun/TS2/201	
A/chicken/Taishun/TS90/20	
A/chicken/Wuxi/7157/2015|	
A/chicken/Wuxi/7765/2016|	
A/chicken/Wuxi/SC7393/201	
A/Chicken/Xuzhou/470/2017	
A/chicken/Xuzhou/XZ6/2016	
A/Chicken/Yangzhou/f6/201	
A/Chicken/Yangzhou/f9/201	
A/Chicken/Yangzhou/f14/20	
A/chicken/Yangzhou/YD1/20	
A/chicken/Yunnan/02.09_DQ	
A/chicken/Yunnan/03.15_DQ	
A/chicken/Yunnan/03.16__D	
A/chicken/Yunnan/03.16_DQ	
A/chicken/Yunnan/03.16_DQ	
A/chicken/Yunnan/03.16_DQ	
A/chicken/Yunnan/07.11_DQ	
A/Chicken/Yunnan/YN-8/201	
A/Chicken/Yunnan/YN-11/20	
A/Chicken/Yunnan/YN-12/20	
A/chicken/Zhejiang/727022	
A/chicken/Zhejiang/727026	
A/chicken/Zhejiang/727155	
A/chickenl/Jiangxi/E84/20	
A/Commom_Teal/Ningxia/474	
A/Copsychus_saularis/Guan	
A/duck/Anhui/AH328/2015|E	
A/duck/Anhui/S4/2016|EPI_	
A/duck/China/0936/2017|EP	
A/duck/China/0938/2017|EP	
A/duck/China/DK87/2016|EP	
A/Duck/China/H5N6/2020|EP	
A/duck/Dongguan/2685/2013	
A/duck/Eastern_China/S032	
A/duck/Eastern_China/S071	
A/duck/Eastern_China/S090	
A/duck/Fujian/1.17_FZHX01	
A/duck/Fujian/03.18_GTFJ-	
A/duck/Fujian/05.07_FZHMD	
A/duck/Fujian/05.07_FZHMD	
A/duck/Fujian/05.07_FZHMD	
A/duck/Fujian/10.26_FZHX0	
A/duck/Fujian/10.26_FZHX0	
A/duck/Fujian/11.3_FZHX11	
A/duck/Fujian/11.3_FZHX11	
A/duck/Fujian/11.23_FZHX0	
A/duck/Fujian/11.23_FZHX0	
A/duck/Fujian/11.23_FZHX0	
A/duck/Fujian/12.7_FZHX12	
A/duck/Fujian/12.7_FZHX12	
A/duck/Fujian/12.7_FZHX12	
A/duck/Fujian/12.7_FZHX12	
A/duck/Guangdong/01.01_SZ	
A/duck/Guangdong/01.01_SZ	
A/duck/Guangdong/01.01_SZ	
A/duck/Guangdong/01.01_SZ	
A/duck/Guangdong/01.01_SZ	
A/duck/Guangdong/01.01_SZ	
A/duck/Guangdong/01.01_SZ	
A/duck/Guangdong/01.01_SZ	
A/duck/Guangdong/01.01_SZ	
A/duck/Guangdong/01.01_SZ	
A/duck/Guangdong/02.11_DG	
A/duck/Guangdong/02.11_DG	
A/duck/Guangdong/02.11_DG	
A/duck/Guangdong/02.11_DG	
A/duck/Guangdong/02.11_DG	
A/duck/Guangdong/02.11_DG	
A/duck/Guangdong/03.26_DG	
A/duck/Guangdong/03.26_DG	
A/duck/Guangdong/03.26_DG	
A/duck/Guangdong/03.26_DG	
A/duck/Guangdong/03.26_DG	
A/duck/Guangdong/03.26_DG	
A/duck/Guangdong/03.26_DG	
A/duck/Guangdong/03.26_DG	
A/duck/Guangdong/03.26_DG	
A/duck/Guangdong/03.26_DG	
A/duck/Guangdong/03.26_DG	
A/duck/Guangdong/03.26_DG	
A/duck/Guangdong/03.26_DG	
A/duck/Guangdong/03.26_DG	
A/duck/Guangdong/03.26_DG	
A/duck/Guangdong/03.26_DG	
A/duck/Guangdong/03.26_DG	
A/duck/Guangdong/03.26_DG	
A/duck/Guangdong/03.26_DG	
A/duck/Guangdong/03.26_DG	
A/duck/Guangdong/03.26_DG	
A/duck/Guangdong/03.27_DG	
A/duck/Guangdong/03.27_DG	
A/duck/Guangdong/03.27_DG	
A/duck/Guangdong/03.27_DG	
A/duck/Guangdong/03.27_DG	
A/duck/Guangdong/04.15_SZ	
A/duck/Guangdong/04.15_SZ	
A/duck/Guangdong/04.15_SZ	
A/duck/Guangdong/04.16_LG	
A/duck/Guangdong/04.16_SZ	
A/duck/Guangdong/04.16_SZ	
A/duck/Guangdong/04.16_SZ	
A/duck/Guangdong/04.16_SZ	
A/duck/Guangdong/04.22_DG	
A/duck/Guangdong/04.22_DG	
A/duck/Guangdong/04.22_DG	
A/duck/Guangdong/04.22_DG	
A/duck/Guangdong/04.22_DG	
A/duck/Guangdong/04.22_DG	
A/duck/Guangdong/04.22_DG	
A/duck/Guangdong/04.22_DG	
A/duck/Guangdong/04.22_DG	
A/duck/Guangdong/04.22_DG	
A/duck/Guangdong/04.23_DG	
A/duck/Guangdong/04.23_DG	
A/duck/Guangdong/04.23_DG	
A/duck/Guangdong/04.23_DG	
A/duck/Guangdong/04.23_DG	
A/duck/Guangdong/04.23_DG	
A/duck/Guangdong/04.23_DG	
A/duck/Guangdong/04.23_DG	
A/duck/Guangdong/04.23_DG	
A/duck/Guangdong/04.23_DG	
A/duck/Guangdong/04.23_DG	
A/duck/Guangdong/04.23_DG	
A/duck/Guangdong/04.23_DG	
A/duck/Guangdong/04.23_DG	
A/duck/Guangdong/04.23_DG	
A/duck/Guangdong/04.23_DG	
A/duck/Guangdong/04.23_DG	
A/duck/Guangdong/04.23_DG	
A/duck/Guangdong/04.23_DG	
A/duck/Guangdong/04.23_DG	
A/duck/Guangdong/04.23_DG	
A/duck/Guangdong/04.23_DG	
A/duck/Guangdong/04.23_DG	
A/duck/Guangdong/04.23_DG	
A/duck/Guangdong/04.23_DG	
A/duck/Guangdong/04.23_DG	
A/duck/Guangdong/04.23_DG	
A/duck/Guangdong/04.23_DG	
A/duck/Guangdong/04.23_DG	
A/duck/Guangdong/04.23_DG	
A/duck/Guangdong/04.23_DG	
A/duck/Guangdong/04.23_DG	
A/duck/Guangdong/04.23_DG	
A/duck/Guangdong/04.23_DG	
A/duck/Guangdong/04.23_DG	
A/duck/Guangdong/04.23_DG	
A/duck/Guangdong/04.23_DG	
A/duck/Guangdong/04.23_DG	
A/duck/Guangdong/04.23_DG	
A/duck/Guangdong/04.23_DG	
A/duck/Guangdong/04.23_DG	
A/duck/Guangdong/04.23_DG	
A/duck/Guangdong/11.18_SZ	
A/duck/Guangdong/11.18_SZ	
A/duck/Guangdong/11.18_SZ	
A/duck/Guangdong/KGZ16007	
A/duck/Guangdong/KGZ16008	
A/duck/Guangdong/KGZ16009	
A/duck/Guangdong/KGZ16012	
A/Duck/Guangdong/PO172812	
A/Duck/Guangdong/PO172813	
A/Duck/Guangdong/PO172842	
A/Duck/Guangdong/PO170726	
A/Duck/Guangdong/PY501/20	
A/Duck/Guangdong/PY503/20	
A/duck/Guangdong/S1330/20	
A/duck/Guangdong/S4879/20	
A/duck/Guangdong/SE195/20	
A/Duck/Guangdong/SS1A1/20	
A/Duck/Guangdong/Yangjian	
A/duck/Guangxi/12.25_GLGX	
A/duck/Guangxi/S31116/202	
A/duck/Guangzhou/018/2014	
A/duck/Guangzhou/021/2014	
A/duck/Guizhou/7.27_ZYLJJ	
A/duck/Guizhou/8.26_ZYLJJ	
A/duck/Guizhou/8.26_ZYLJJ	
A/duck/Guizhou/S4702/2021	
A/duck/Hainan/12.29_HKPL0	
A/duck/Henan/01.01_LYGL00	
A/duck/Hubei/03.06__WHWTZ	
A/duck/Hubei/03.06__WHWTZ	
A/duck/Hubei/03.06__WHWTZ	
A/duck/Hubei/03.06__WHWTZ	
A/duck/Hubei/03.06__WHWTZ	
A/duck/HuBei/03.06__WHWTZ	
A/duck/Hubei/03.06_WHWTZ0	
A/duck/Hubei/03.06_WHWTZ0	
A/duck/Hunan/1.12_YYGK68H	
A/duck/Hunan/1.12_YYGK72H	
A/duck/Hunan/1.12_YYGK74H	
A/duck/Hunan/01.12_YYGK82	
A/duck/Hunan/01.16_YYFQH1	
A/duck/Hunan/01.16_YYFQH1	
A/duck/Hunan/01.16_YYFQH2	
A/duck/Hunan/01.16_YYFQH3	
A/duck/Hunan/01.16_YYFQH3	
A/duck/Hunan/01.16_YYFQH3	
A/duck/Hunan/01.16_YYFQH3	
A/duck/Hunan/01.16_YYFQH3	
A/duck/Hunan/01.16_YYFQH3	
A/duck/Hunan/01.16_YYFQH3	
A/duck/Hunan/01.16_YYGK21	
A/duck/Hunan/1.17_YYGKK80	
A/duck/Hunan/01.21_YYFQH0	
A/duck/Hunan/01.21_YYFQH0	
A/duck/Hunan/01.21_YYFQH0	
A/duck/Hunan/01.21_YYFQH0	
A/duck/Hunan/01.21_YYFQH0	
A/duck/Hunan/2.06_YYGK77J	
A/duck/Hunan/2.06_YYGK78J	
A/duck/Hunan/2.06_YYGK84J	
A/duck/Hunan/2.06_YYGK92J	
A/duck/Hunan/02.07__YYFQH	
A/duck/Hunan/02.07__YYFQH	
A/duck/Hunan/02.07_YYFQH0	
A/duck/Hunan/02.07_YYFQH0	
A/duck/Hunan/02.07_YYFQH0	
A/duck/Hunan/02.16_YYGK28	
A/duck/Hunan/02.26__YYFQH	
A/duck/Hunan/02.26__YYFQH	
A/duck/Hunan/02.26__YYGK2	
A/duck/Hunan/02.26__YYGK0	
A/duck/Hunan/02.26_YYFQH2	
A/duck/Hunan/02.26_YYFQH2	
A/duck/Hunan/02.26_YYFQH3	
A/duck/Hunan/02.26_YYFQHY	
A/duck/Hunan/02.26_YYGK25	
A/duck/Hunan/02.26_YYGK25	
A/duck/Hunan/02.26_YYGK26	
A/duck/Hunan/02.26_YYGK26	
A/duck/Hunan/02.26_YYGK27	
A/duck/Hunan/02.26_YYGK27	
A/duck/Hunan/02.26_YYGKY2	
A/duck/Hunan/02.26_YYGQH2	
A/duck/Hunan/03.07_YYGK4L	
A/duck/Hunan/03.07_YYGK25	
A/duck/Hunan/03.07_YYGK31	
A/duck/Hunan/03.09_YYFQH0	
A/duck/Hunan/03.09_YYFQH0	
A/duck/Hunan/03.09_YYFQH0	
A/duck/Hunan/03.24_YYGK18	
A/duck/Hunan/03.24_YYGK21	
A/duck/Hunan/03.24_YYGK17	
A/duck/Hunan/03.24_YYGK17	
A/duck/Hunan/04.14_YYGK06	
A/duck/Hunan/04.14_YYGK04	
A/duck/Hunan/04.14_YYGK45	
A/duck/Hunan/04.14_YYGK46	
A/duck/Hunan/04.14_YYGK46	
A/duck/Hunan/04.14_YYGK46	
A/duck/Hunan/04.14_YYGK47	
A/duck/Hunan/04.14_YYGK08	
A/duck/Hunan/04.14_YYXS87	
A/duck/Hunan/04.22_LDDX03	
A/duck/Hunan/7.21_YYGK41Y	
A/duck/Hunan/11.30_YYGK59	
A/duck/Hunan/11.30_YYGK62	
A/duck/Hunan/11.30_YYGK63	
A/duck/Hunan/11.30_YYGK75	
A/duck/Hunan/12.07__YYGK1	
A/duck/Hunan/12.07__YYGK1	
A/duck/Hunan/12.07__YYGK1	
A/duck/Hunan/12.07_YGK098	
A/duck/Hunan/12.07_YYGK03	
A/duck/Hunan/12.07_YYGK68	
A/duck/Hunan/12.07_YYGK10	
A/duck/Hunan/12.07_YYGK11	
A/duck/Hunan/12.17__YYFQH	
A/duck/Hunan/12.17__YYFQH	
A/duck/Hunan/12.17__YYGK0	
A/duck/Hunan/12.17_YYGK01	
A/duck/Hunan/12.17_YYGK04	
A/duck/Hunan/12.17_YYGK05	
A/duck/Hunan/12.17_YYGK00	
A/duck/Hunan/12.17_YYGK00	
A/duck/Hunan/12.17_YYGK00	
A/duck/Hunan/12.17_YYGK07	
A/duck/Hunan/12.17_YYGK08	
A/duck/Hunan/12.27_YYGK60	
A/duck/Hunan/12.27_YYGK71	
A/duck/Hunan/12.27_YYGK73	
A/duck/Hunan/12.27_YYGK81	
A/duck/Hunan/12.27_YYGK86	
A/duck/Hunan/12.27_YYGK89	
A/duck/Hunan/12.27_YYGK91	
A/duck/Hunan/12.27_YYGK93	
A/duck/Hunan/12.27_YYGK95	
A/duck/Hunan/12.27_YYGK96	
A/duck/Hunan/12.27_YYGK97	
A/duck/Hunan/12.27_YYGK10	
A/duck/Hunan/193/2014|EPI	
A/duck/Hunan/233/2014|EPI	
A/duck/Hunan/HN05/2014|EP	
A/duck/Hunan/HN13/2015|EP	
A/duck/Hunan/HN16/2015|EP	
A/duck/Hunan/HN29/2015|EP	
A/duck/Hunan/HN42/2015|EP	
A/duck/Hunan/HN45/2015|EP	
A/duck/Hunan/HN53/2015|EP	
A/duck/Hunan/HN54/2015|EP	
A/duck/Hunan/HN59/2015|EP	
A/duck/Hunan/HN60/2015|EP	
A/duck/Hunan/HN61/2015|EP	
A/duck/Hunan/HN64/2015|EP	
A/duck/Hunan/HN66/2015|EP	
A/duck/Hunan/HN67/2015|EP	
A/duck/Hunan/HN71/2015|EP	
A/duck/Hunan/HN72/2015|EP	
A/duck/Hunan/HN74/2015|EP	
A/duck/Hunan/HN76/2015|EP	
A/duck/Hunan/HN78/2015|EP	
A/duck/Hunan/HN80/2015|EP	
A/duck/Hunan/HN162/2015|E	
A/duck/Hunan/HN163/2015|E	
A/duck/Hunan/HN167/2015|E	
A/duck/Hunan/HN171/2015|E	
A/duck/Hunan/HN172/2015|E	
A/duck/Hunan/HN174/2015|E	
A/duck/Hunan/HN176/2015|E	
A/duck/Hunan/HN177/2015|E	
A/duck/Hunan/HN178/2015|E	
A/duck/Hunan/HN182/2015|E	
A/duck/Hunan/HN183/2015|E	
A/duck/Hunan/HN186/2015|E	
A/duck/Hunan/HN190/2015|E	
A/duck/Hunan/HN191/2015|E	
A/duck/Hunan/HN192/2015|E	
A/duck/Hunan/HN194/2015|E	
A/duck/Hunan/HN195/2015|E	
A/duck/Hunan/HN197/2015|E	
A/duck/Hunan/HN201/2015|E	
A/duck/Hunan/HN204/2015|E	
A/duck/Hunan/HN205/2015|E	
A/duck/Hunan/HN206/2015|E	
A/duck/Hunan/HN207/2015|E	
A/duck/Hunan/HN208/2015|E	
A/duck/Hunan/HN209/2015|E	
A/duck/Hunan/HN210/2015|E	
A/duck/Hunan/HN212/2015|E	
A/duck/Hunan/HN214/2015|E	
A/duck/Hunan/HN215/2015|E	
A/duck/Hunan/HN216/2015|E	
A/duck/Hunan/HN217/2015|E	
A/duck/Hunan/HN220/2015|E	
A/duck/Hunan/HN221/2015|E	
A/duck/Hunan/HN224/2015|E	
A/duck/Hunan/HN227/2015|E	
A/duck/Hunan/HN230/2015|E	
A/duck/Hunan/HN232/2015|E	
A/duck/Hunan/HN234/2015|E	
A/duck/Hunan/HN236/2015|E	
A/duck/Hunan/HN238/2015|E	
A/duck/Hunan/HN239/2015|E	
A/duck/Hunan/HN240/2015|E	
A/duck/Hunan/HN241/2015|E	
A/duck/Hunan/HN242/2015|E	
A/duck/Hunan/HN278/2015|E	
A/duck/Hunan/HN285/2015|E	
A/duck/Hunan/HN288/2015|E	
A/duck/Hunan/HN333/2015|E	
A/duck/Hunan/HN334/2015|E	
A/duck/Hunan/HN335/2015|E	
A/duck/Hunan/HN336/2015|E	
A/duck/Hunan/HN339/2015|E	
A/duck/Hunan/HN341/2015|E	
A/duck/Hunan/HN342/2015|E	
A/duck/Hunan/HN343/2015|E	
A/duck/Hunan/S40199/2021(	
A/duck/Hunan/S40268/2021(	
A/duck/Jiangxi/01.11_NCNP	
A/duck/Jiangxi/01.14_NCJD	
A/duck/Jiangxi/01.14_NCJD	
A/duck/Jiangxi/01.14_NCJD	
A/duck/Jiangxi/02.05_YGYX	
A/duck/Jiangxi/02.06_NCJD	
A/duck/Jiangxi/02.06_NCJD	
A/duck/Jiangxi/2.28_NCNP2	
A/duck/Jiangxi/2.28NCNP23	
A/duck/Jiangxi/03.11_NCHJ	
A/duck/Jiangxi/04.01__NCD	
A/duck/Jiangxi/04.01__NCD	
A/duck/Jiangxi/04.01_NCDZ	
A/duck/Jiangxi/05.07__NCJ	
A/duck/Jiangxi/5.26_NCDZT	
A/duck/Jiangxi/11.17_NCNP	
A/duck/Jiangxi/11.17_NCNP	
A/duck/Jiangxi/11.29_NCDZ	
A/duck/Jiangxi/11.29_NCNP	
A/duck/Jiangxi/11.29_NCNP	
A/duck/Jiangxi/95/2014|EP	
A/duck/Jiangxi/13469/2014	
A/duck/Jiangxi/13475/2014	
A/duck/Jiangxi/13484/2014	
A/Duck/Jiangxi/50446/2016	
A/Duck/Jiangxi/50455/2016	
A/duck/Jiangxi/E7/2014_(H	
A/duck/Jiangxi/F31/2014(H	
A/duck/Jiangxi/NCDZT1123/	
A/duck/Jiangxi/NCDZT1126/	
A/duck/Ningxia/YG61/2017|	
A/duck/Ningxia/YG71/2017|	
A/duck/Ningxia/YG83/2017|	
A/duck/Shandong/SD0261/20	
A/duck/Shandong/SD0263/20	
A/duck/Sichuan/04.27_NBXJ	
A/duck/Sichuan/04.27_NBXJ	
A/duck/Sichuan/04.27_NBXJ	
A/duck/Sichuan/04.27_NBXJ	
A/duck/Sichuan/04.27_NBXJ	
A/duck/Sichuan/04.27_NCXJ	
A/duck/Sichuan/NCXJ15/201	
A/duck/Sichuan/NCXJ24/201	
A/duck/Sichuan/S1805/2021	
A/duck/Sichuan/SC4822/202	
A/duck/Sichuan/SC5698/202	
A/duck/Sichuan/SD002/2021	
A/duck/Wuxi/7249/2015|EPI	
A/duck/Yunnan/03.15_DQWGH	
A/duck/Yunnan/03.16_DQXYL	
A/duck/Yunnan/03.16_DQXYL	
A/duck/Yunnan/03.16_DQXYL	
A/duck/Yunnan/03.16_DQXYL	
A/duck/Yunnan/07.15_DQNPH	
A/duck/Yunnan/07.15_DQNPH	
A/duck/Yunnan/07.15_DQNPH	
A/duck/Yunnan/07.15_DQNPH	
A/duck/Yunnan/S4318/2021(	
A/Duck/Yunnan/YN-2/2016_(	
A/Duck/Yunnan/YN-4/2015__	
A/Duck/Yunnan/YN-9/2016__	
A/Duck/Zhanjiang/15577/20	
A/duck/Zhejiang/02.28_JHZ	
A/duck/Zhejiang/727158/20	
A/duck/Zhejiang/S4854/202	
A/Egret/Shangdong/JN529/2	
A/environment/Hunan/HN261	
A/Falcated_Duck/Ningxia/4	
A/feline/Guangdong/2/2014	
A/Fujian/1/2024(H5N6)|EPI	
A/Fujian/2/2024(H5N6)|EPI	
A/Fujian-Sanyuan/21099/20	
A/Fujian-Sanyuan/21099/20	
A/Gadwall/Ningxia/472-7/2	
A/Gallinula_chloropus/Gua	
A/Goose/_Guangdong_/JG125	
A/Goose/_Guangdong_/SSLBY	
A/Goose/_Guangdong_/SSZYP	
A/goose/Anhui/AH350/2015|	
A/goose/China/0701/2018|E	
A/goose/Chongqing/SD003/2	
A/goose/Eastern_China/S05	
A/goose/Fujian/3.15_FZHX0	
A/goose/Fujian/3.15_FZHX0	
A/goose/Fujian/3.15_FZHX0	
A/goose/Fujian/3.15_FZHX0	
A/goose/Fujian/3.15_FZHX0	
A/goose/Fujian/10.11_FZHX	
A/goose/Fujian/10.26_FZHX	
A/goose/Fujian/10.26_FZHX	
A/goose/Fujian/10.26_FZHX	
A/goose/Fujian/10.26_FZHX	
A/goose/Fujian/10.26_FZHX	
A/goose/Fujian/10.26_FZHX	
A/goose/Fujian/10.26_FZHX	
A/goose/Fujian/10.26_FZHX	
A/goose/Fujian/10.26_FZHX	
A/goose/Fujian/11.3_FZHX1	
A/goose/Guangdong/03.27_D	
A/goose/Guangdong/04.22_D	
A/goose/Guangdong/04.22_D	
A/goose/Guangdong/04.22_D	
A/goose/Guangdong/04.22_D	
A/goose/Guangdong/04.23_D	
A/goose/Guangdong/04.23_D	
A/goose/Guangdong/04.23_D	
A/goose/Guangdong/04.23_D	
A/goose/Guangdong/7.20_DG	
A/Goose/Guangdong/PO17072	
A/goose/Guangdong/QY01/20	
A/goose/Guangdong/S230/20	
A/goose/Guangdong/S4751/2	
A/goose/Guangdong/YJD/201	
A/goose/Henan/01.01_LYGL0	
A/goose/Hubei/113/2014|EP	
A/goose/HuBei/117/2014|EP	
A/goose/Hunan/81/2014|EPI	
A/goose/Hunan/82/2014|EPI	
A/goose/Hunan/107/2014|EP	
A/goose/Hunan/109/2014|EP	
A/goose/Hunan/110/2014|EP	
A/goose/Hunan/111/2014|EP	
A/goose/Hunan/115/2014|EP	
A/goose/Hunan/116/2014|EP	
A/goose/Hunan/155/2014|EP	
A/goose/Hunan/159/2014|EP	
A/goose/Hunan/160/2014|EP	
A/goose/Hunan/161/2014|EP	
A/goose/Hunan/HN11/2015|E	
A/goose/Hunan/HN22/2015|E	
A/goose/Hunan/HN57/2015|E	
A/goose/Hunan/HN88/2015|E	
A/goose/Hunan/HN90/2015|E	
A/goose/Hunan/HN310/2015|	
A/goose/Hunan/HN311/2015|	
A/goose/Hunan/HN314/2015|	
A/goose/Hunan/HN315/2015|	
A/goose/Hunan/HN316/2015|	
A/goose/Hunan/HN317/2015|	
A/goose/Hunan/HN318/2015|	
A/goose/Hunan/HN319/2015|	
A/goose/Jiangxi/01.09_NFJ	
A/goose/Jilin/04.04_SY003	
A/Goose/Qingyuan/16875/20	
A/goose/Shandong/02.16_YG	
A/goose/Shandong/02.26_GD	
A/goose/Shandong/03.16_JN	
A/goose/Shandong/11.02_CQ	
A/goose/Shandong/12.05_YG	
A/goose/Xinjiang/12.18_WL	
A/goose/Xinjiang/12.18_WL	
A/goose/Yangzhou/YZ587/20	
A/goose/Yunnan/07.14_DQWC	
A/goose/Yunnan/07.14_DQWC	
A/goose/Zhejiang/112080/2	
A/goose/Zhejiang/727092/2	
A/goose/Zhejiang/727110/2	
A/goose/Zhejiang/925036/2	
A/goose/Zhejiang/925105/2	
A/goose/Zhejiang/925106/2	
A/goose/Zhejiang/925108/2	
A/goose/Zhejiang/1120132/	
A/Great_Cormorant/Hubei/c	
A/Great_Cormorant/Hubei/c	
A/Guangdong/18SF020/2018-	
A/Guangdong/12903/2021|EP	
A/Guangdong/lgf/2021|EPI_	
A/Guangxi/32797/2018|EPI_	
A/Guangxi/55726/2016|EPI_	
A/Guangzhou/39715/2014|EP	
A/GX-guilin/11151/2021|EP	
A/GX-hechi/01/2021|EPI_IS	
A/Hangzhou/01/2021|EPI_IS	
A/HeFei04171/2024|EPI_ISL	
A/Hubei/29578/2016_x_PR8_	
A/Hubei/29578/2016|EPI_IS	
A/Jiangsu/1/2018|EPI_ISL_	
A/Jiangsu/1/2018|EPI_ISL_	
A/Jiangsu/1/2020_(H5N6)|E	
A/Jiangsu/1/2020(H5N6)|EP	
A/Jiangsu/JSSZ01/2018|EPI	
A/Jiangxi/16791/2022|EPI_	
A/Luscinia_cyane/Jiangxi/	
A/Mallard/Jiangxi/JXH9/20	
A/Mallard/Jiangxi/JXH22/2	
A/migratory_waterfowl/Hub	
A/migratory_waterfowl/Hub	
A/mink/China/181/2019|EPI	
A/mink/China/183/2019|EPI	
A/mink/China/191/2019|EPI	
A/mink/China/456/2018|EPI	
A/mink/Eastern_China/006/	
A/mink/Eastern_China/149/	
A/mink/Eastern_China/528/	
A/mink/Eastern_China/571/	
A/mink/Northern_China/110	
A/Muscovy_duck/China/FJFZ	
A/Muscovy_duck/China/H5N6	
A/muscovy/duck/Hunan/85/2	
A/muscovy/duck/Hunan/88/2	
A/muscovy/duck/Hunan/89/2	
A/muscovy/duck/Hunan/90/2	
A/muscovy/duck/Hunan/93/2	
A/muscovy/duck/Hunan/94/2	
A/muscovy/duck/Hunan/101/	
A/muscovy/duck/Hunan/102/	
A/muscovy/duck/Hunan/103/	
A/muscovy/duck/Hunan/104/	
A/muscovy/duck/Hunan/125/	
A/muscovy/duck/Hunan/147/	
A/muscovy/duck/Hunan/148/	
A/muscovy/duck/Hunan/167/	
A/muscovy/duck/Hunan/183/	
A/muscovy/duck/Hunan/216/	
A/muscovy/duck/Hunan/229/	
A/muscovy/duck/Hunan/232/	
A/muscovy/duck/Hunan/HN34	
A/muscovy/duck/Hunan/HN34	
A/muscovy/duck/Hunan/HN34	
A/muscovy/duck/Hunan/HN34	
A/muscovy/duck/Hunan/HN35	
A/muscovy/duck/Hunan/HN35	
A/muscovy/duck/Hunan/HN35	
A/muscovy/duck/Hunan/HN35	
A/muscovy/duck/Hunan/HN35	
A/muscovy/duck/Hunan/HN35	
A/muscovy/duck/Hunan/HN35	
A/muscovy/duck/Hunan/HN35	
A/muscovy/duck/Hunan/HN36	
A/muscovy/duck/Hunan/HN36	
A/muscovy/duck/Hunan/HN36	
A/muscovy/duck/Hunan/HN36	
A/muscovy/duck/Hunan/HN36	
A/Northern_Pintail/HK/MP6	
A/oriental_magpie_robin/H	
A/Pavo_cristatus/China/JS	
A/Pavo_cristatus/China/K1	
A/Pavo_cristatus/Jiangxi/	
A/Phalacrocorax/Hubei/01.	
A/Phalacrocorax/Hubei/01.	
A/pigeon/Fujian/1.17_FZHX	
A/pigeon/Guangdong/04.15_	
A/pigeon/Guangdong/04.16_	
A/pigeon/Guangdong/04.23_	
A/pigeon/Hainan/1.14_HKPL	
A/Pigeon/Hunan/04.14_YYXS	
A/Pigeon/Jiangxi/02.10__N	
A/Pigeon/Jiangxi/04.01__N	
A/pigeon/Jilin/04.25_CCHL	
A/pigeon/Sichuan/04.27_NB	
A/Quail/Guangxi/GX-2/2017	
A/quail/Jiangxi/B9/2015_(	
A/Quail/Zhanjiang/16887/2	
A/Quanzhou/2/2024|EPI_ISL	
A/Shenzhen/1/2015|EPI_ISL	
A/Shenzhen/1/2016|EPI_ISL	
A/Shenzhen/TH001/2015_(H5	
A/Shenzhen/TH003/2016(H5N	
A/Shoveller/Ningxia/488-5	
A/Sichuan/26221/2014|EPI_	
A/silkie_chicken/Dongguan	
A/Spoonbill/HK/17-18259/2	
A/spoonbill/Taiwan/DB645/	
A/spot_billed_duck/Ningxi	
A/spot-billed_duck/Ningxi	
A/Streptopelia_decaocto/J	
A/Streptopelia_decaocto/J	
A/Streptopelia_decaocto/J	
A/swan_goose/Jilin/JL01/2	
A/swine/China/RZ/2018|EPI	
A/swine/Guangdong/1/2014|	
A/swine/Guangdong/2/2014|	
A/swine/Guangdong/G3/2015	
A/Syrrhaptes_paradoxus/Gu	
A/Waterfowl/Hubei/Chenhu1	
A/Waterfowl/Hubei/Chenhu1	
A/white_naped_crane/China	
A/White-eyed_Pochard/Ning	
A/Wigeon/Ningxia/476-12/2	
A/wild_bird/Hunan/01.14_Y	
A/wild_bird/Hunan/01.14_Y	
A/wild_bird/Hunan/02.24_Y	
A/wild_bird/Hunan/02.24_Y	
A/wild_bird/Hunan/03.08_D	
A/wild_bird/Taipei/04WB12	
A/wild_bird/Zhejiang/NBXS	
A/wild_pigeon/Jilin/CC01/	
A/Yunnan/14563/2015|EPI_I	
A/Yunnan/DQ002/2015(H5N6)	
A/Anas_crecca/Hubei/Chenh	
A/Changsha/1/2014_H5N6|GC	
A/China/Original/2018_H5N	
A/Commom_Teal/Ningxia/474	
A/Copsychus_saularis/Guan	
A/Falcated_Duck/Ningxia/4	
A/Ferruginous_Pochard/Nin	
A/Gadwall/Ningxia/472-7/2	
A/Gallinula_chloropus/Gua	
A/Guangdong/lgf/2021_H5N6	
A/Guangzhou/39715/2014_H5	
A/Northern_Shoveler/Ningx	
A/Pavo_cristatus/China/JS	
A/Pavo_cristatus/China/K1	
A/Pavo_cristatus/Jiangxi/	
A/Rattus_norvegicus/China	
A/Syrrhaptes_paradoxus/Gu	
A/Wild_bird/Huadong/DF10/	
A/Wild_bird/Huadong/GY116	
A/Wild_bird/Huadong/GY183	
A/Wild_bird/Huadong/GY999	
A/Wild_bird/Huadong/QP10/	
A/Wild_bird/Huadong/SH17/	
A/Wild_bird/Huadong/SSW7/	
A/Wild_bird/Huadong/SZ111	
A/Wild_bird/Huadong/YC148	
A/Wild_bird/Huadong/YX68/	
A/Yangzhou/125/2022_H5N6|	
A/black_chicken/Jiangxi/1	
A/cat/Sichuan/SC18/2014_H	
A/cat/Zhejiang/C1/2016_H5	
A/cat/Zhejiang/C2/2016_H5	
A/chicken/Anhui/MZ33/2016	
A/chicken/Anhui/MZ34/2016	
A/chicken/China/007/2019_	
A/chicken/China/1101/2019	
A/chicken/Dongguan/2690/2	
A/chicken/Dongguan/3363/2	
A/chicken/Dongguan/4259/2	
A/chicken/Fujian/11.23_FZ	
A/chicken/Ganzhou/GZ27/20	
A/chicken/Guangdong/GD160	
A/chicken/Guangxi/16/2019	
A/chicken/Henan/YB0597/20	
A/chicken/Hubei/ZYSJF11/2	
A/chicken/Hubei/ZYSJF16/2	
A/chicken/Hubei/ZYSJF38/2	
A/chicken/Hunan/02.06_YYG	
A/chicken/Hunan/03.07_YYG	
A/chicken/Hunan/12.27_YYG	
A/chicken/Hunan/12.27_YYG	
A/chicken/Jiangxi/NCDZT11	
A/chicken/Jiangxi/NCDZT11	
A/chicken/Jiangyin/JY0907	
A/chicken/Shanxi/04.28_TG	
A/chicken/Shanxi/12.01_TG	
A/chicken/Shenzhen/1061/2	
A/chicken/Shenzhen/1845/2	
A/chicken/Shenzhen/2269/2	
A/chicken/Shenzhen/2396/2	
A/chicken/Shenzhen/2464/2	
A/chicken/Shenzhen/433/20	
A/chicken/Shenzhen/552/20	
A/chicken/Shenzhen/715/20	
A/chicken/Sichuan/NCJPL1/	
A/chicken/Sichuan/k141/20	
A/chicken/Taishun/TS2/201	
A/chicken/Taishun/TS90/20	
A/chicken/Wuhan/WHYJ01/20	
A/chicken/Xuzhou/XZ6/2016	
A/chicken/Yangzhou/YD1/20	
A/chicken/Zhejiang/102637	
A/chicken/Zhejiang/13160/	
A/chicken/Zhejiang/528127	
A/chicken/Zhejiang/6107/2	
A/chicken/Zhejiang/6C2/20	
A/chicken/Zhejiang/727022	
A/chicken/Zhejiang/727026	
A/chicken/Zhejiang/727155	
A/common_mallard/Ningxia/	
A/duck/Anhui/S4/2016_H5N6	
A/duck/China/0936/2017_H5	
A/duck/China/0938/2017_H5	
A/duck/Dongguan/2685/2013	
A/duck/Eastern_China/S032	
A/duck/Eastern_China/S071	
A/duck/Eastern_China/S090	
A/duck/Fujian/1.17_FZHX01	
A/duck/Fujian/10.26_FZHX0	
A/duck/Fujian/10.26_FZHX0	
A/duck/Fujian/11.23_FZHX0	
A/duck/Fujian/11.23_FZHX0	
A/duck/Fujian/11.23_FZHX0	
A/duck/Fujian/11.3_FZHX11	
A/duck/Fujian/11.3_FZHX11	
A/duck/Fujian/12.7_FZHX12	
A/duck/Fujian/12.7_FZHX12	
A/duck/Fujian/12.7_FZHX12	
A/duck/Fujian/12.7_FZHX12	
A/duck/Guangdong/11.18_SZ	
A/duck/Guangdong/11.18_SZ	
A/duck/Guangdong/11.18_SZ	
A/duck/Guangdong/GD01/201	
A/duck/Guangzhou/018/2014	
A/duck/Guangzhou/021/2014	
A/duck/Guangzhou/41227/20	
A/duck/Guizhou/7.27_ZYLJJ	
A/duck/Guizhou/8.26_ZYLJJ	
A/duck/Guizhou/8.26_ZYLJJ	
A/duck/Hainan/12.29_HKPL0	
A/duck/Hunan/01.12_YYGK82	
A/duck/Hunan/03.07_YYGK25	
A/duck/Hunan/03.07_YYGK4L	
A/duck/Hunan/03.24_YYGK17	
A/duck/Hunan/03.24_YYGK17	
A/duck/Hunan/03.24_YYGK18	
A/duck/Hunan/03.24_YYGK21	
A/duck/Hunan/1.12_YYGK68H	
A/duck/Hunan/1.12_YYGK72H	
A/duck/Hunan/1.12_YYGK74H	
A/duck/Hunan/1.17_YYGKK80	
A/duck/Hunan/11.30_YYGK59	
A/duck/Hunan/11.30_YYGK62	
A/duck/Hunan/11.30_YYGK63	
A/duck/Hunan/11.30_YYGK75	
A/duck/Hunan/12.27_YYGK10	
A/duck/Hunan/12.27_YYGK60	
A/duck/Hunan/12.27_YYGK71	
A/duck/Hunan/12.27_YYGK73	
A/duck/Hunan/12.27_YYGK81	
A/duck/Hunan/12.27_YYGK86	
A/duck/Hunan/12.27_YYGK89	
A/duck/Hunan/12.27_YYGK91	
A/duck/Hunan/12.27_YYGK93	
A/duck/Hunan/12.27_YYGK95	
A/duck/Hunan/12.27_YYGK96	
A/duck/Hunan/12.27_YYGK97	
A/duck/Hunan/2.06_YYGK77J	
A/duck/Hunan/2.06_YYGK78J	
A/duck/Hunan/2.06_YYGK84J	
A/duck/Hunan/2.06_YYGK92J	
A/duck/Hunan/7.21_YYGK41Y	
A/duck/Jiangxi/01.11_NCNP	
A/duck/Jiangxi/10160/2014	
A/duck/Jiangxi/11.17_NCNP	
A/duck/Jiangxi/11.17_NCNP	
A/duck/Jiangxi/11.29_NCDZ	
A/duck/Jiangxi/11.29_NCNP	
A/duck/Jiangxi/11.29_NCNP	
A/duck/Jiangxi/13469/2014	
A/duck/Jiangxi/13475/2014	
A/duck/Jiangxi/13484/2014	
A/duck/Jiangxi/2.28NCNP23	
A/duck/Jiangxi/2.28_NCNP2	
A/duck/Jiangxi/5.26_NCDZT	
A/duck/Shandong/SD0261/20	
A/duck/Shandong/SD0263/20	
A/duck/Sichuan/NCXJ15/201	
A/duck/Sichuan/NCXJ16/201	
A/duck/Sichuan/SC4822/202	
A/duck/Sichuan/SC5698/202	
A/duck/Wuhan/JXYFB22/2015	
A/duck/Wuhan/WHYF02/2015_	
A/duck/Zhejiang/6D2/2013_	
A/duck/Zhejiang/727158/20	
A/egret/Zhejiang/W15/2017	
A/egret/Zhejiang/W18/2017	
A/feline/Guangdong/2/2015	
A/gadwall/Ningxia/YG61/20	
A/goose/China/0701/2018_H	
A/goose/China/M14/2016_H5	
A/goose/Eastern_China/S05	
A/goose/Fujian/10.11_FZHX	
A/goose/Fujian/10.26_FZHX	
A/goose/Fujian/10.26_FZHX	
A/goose/Fujian/10.26_FZHX	
A/goose/Fujian/10.26_FZHX	
A/goose/Fujian/10.26_FZHX	
A/goose/Fujian/10.26_FZHX	
A/goose/Fujian/10.26_FZHX	
A/goose/Fujian/10.26_FZHX	
A/goose/Fujian/10.26_FZHX	
A/goose/Fujian/11.3_FZHX1	
A/goose/Fujian/3.15_FZHX0	
A/goose/Fujian/3.15_FZHX0	
A/goose/Fujian/3.15_FZHX0	
A/goose/Fujian/3.15_FZHX0	
A/goose/Fujian/3.15_FZHX0	
A/goose/Guangdong/7.20_DG	
A/goose/Guangdong/QY01/20	
A/goose/Henan/01.01_LYGL0	
A/goose/Shantou/1763/2014	
A/goose/Xinjiang/12.18_WL	
A/goose/Xinjiang/12.18_WL	
A/goose/Yangzhou/YZ587/20	
A/goose/Zhejiang/1120132/	
A/goose/Zhejiang/112080/2	
A/goose/Zhejiang/727092/2	
A/goose/Zhejiang/727110/2	
A/goose/Zhejiang/925036/2	
A/goose/Zhejiang/925105/2	
A/goose/Zhejiang/925106/2	
A/goose/Zhejiang/925108/2	
A/migratory_waterfowl/Hub	
A/migratory_waterfowl/Hub	
A/mink/China/181/2019_H5N	
A/mink/China/183/2019_H5N	
A/mink/China/191/2019_H5N	
A/mink/China/456/2018_H5N	
A/mink/Eastern_China/006/	
A/mink/Eastern_China/149/	
A/mink/Eastern_China/528/	
A/mink/Eastern_China/571/	
A/mink/Northern_China/110	
A/oriental_magpie_robin/H	
A/pigeon/Fujian/1.17_FZHX	
A/pigeon/Hainan/1.14_HKPL	
A/silkie_chicken/Dongguan	
A/spot-billed_duck/Ningxi	
A/spot-billed_duck/Ningxi	
A/spot-billed_duck/Ningxi	
A/swan_goose/Jilin/JL01/2	
A/swine/China/RZ/2018_H5N	
A/swine/Guangdong/1/2014_	
A/swine/Guangdong/2/2014_	
A/turtledove/Wuhan/HKBJ43	
A/turtledove/Wuhan/WHBJ12	
A/turtledove/Wuhan/WHBJ28	
A/white-naped_crane/China	
A/wild_bird/Taipei/04WB12	
A/wild_pigeon/Jilin/CC01/	
A/Eurasian_Wigeon/Ningxia	
A/Anas_crecca/Hubei/Chenh	
A/Anas_crecca/Hubei/Chenh	
A/Anhui/2021-00011/2020|E	
A/Anhui/33163/2016|EPI_IS	
A/Anser_fabalis/Hunan/03.	
A/Bar-headed_goose/Qingha	
A/Bar-headed_goose/Qingha	
A/Bar-headed_goose/Qingha	
A/Bar-headed_goose/Qingha	
A/Bar-headed_goose/Qingha	
A/Bar-headed_goose/Qingha	
A/Bar-headed_goose/Qingha	
A/Bar-headed_goose/Qingha	
A/Bean_goose/Hubei/CH-I22	
A/black_chicken/Jiangxi/1	
A/canine/China/GX30/2023|	
A/cat/Sichuan/SC18/2014|E	
A/cat/Zhejiang/C1/2016|EP	
A/cat/Zhejiang/C2/2016|EP	
A/Changsha/1/2014|EPI_ISL	
A/chicken/China/007/2019|	
A/chicken/chongqing/H1/20	
A/chicken/Chongqing/SD001	
A/chicken/Dongguan/2690/2	
A/chicken/Dongguan/3363/2	
A/chicken/Dongguan/4259/2	
A/chicken/Fujian/05.07_FZ	
A/chicken/Fujian/09.16_GT	
A/chicken/Fujian/10.08_FZ	
A/chicken/Fujian/11.23_FZ	
A/chicken/Ganzhou/GZ27/20	
A/chicken/Guangdong/04.15	
A/chicken/Guangdong/10.16	
A/chicken/Guangdong/GD160	
A/chicken/Guangdong/MG170	
A/chicken/Guangdong/MG171	
A/chicken/Guangdong/MG171	
A/chicken/Guangdong/MG171	
A/chicken/Guangdong/MG173	
A/chicken/Guangdong/MG173	
A/chicken/Guangxi/04.10_N	
A/chicken/Guangxi/16/2019	
A/chicken/Guizhou/8.26_ZY	
A/Chicken/Hangzhou/E1149/	
A/chicken/Hubei/03.06__WH	
A/chicken/Hubei/03.06__WH	
A/chicken/Hubei/ZYSJF11/2	
A/chicken/Hubei/ZYSJF16/2	
A/chicken/Hubei/ZYSJF38/2	
A/Chicken/Huizhou/16274/2	
A/chicken/Hunan/02.06_YYG	
A/chicken/Hunan/03.07_YYG	
A/chicken/Hunan/03.07_YYG	
A/chicken/Hunan/3.07_YYGK	
A/chicken/Hunan/04.14_YYG	
A/chicken/Hunan/04.14_YYK	
A/chicken/Hunan/04.14_YYX	
A/chicken/Hunan/12.07__YY	
A/chicken/Hunan/12.07_YYG	
A/chicken/Hunan/12.27_YYG	
A/chicken/Hunan/12.27_YYG	
A/chicken/Hunan/12.27_YYG	
A/chicken/Hunan/12.28_YYG	
A/chicken/Hunan/HN40/2015	
A/chicken/Hunan/HN58/2015	
A/chicken/Hunan/HN75/2015	
A/chicken/Hunan/HN158/201	
A/chicken/Hunan/HN244/201	
A/chicken/Hunan/HN245/201	
A/chicken/Hunan/HN247/201	
A/chicken/Hunan/HN248/201	
A/chicken/Hunan/HN249/201	
A/chicken/Hunan/HN250/201	
A/chicken/Hunan/HN251/201	
A/chicken/Hunan/HN252/201	
A/chicken/Hunan/HN254/201	
A/chicken/Hunan/HN255/201	
A/chicken/Hunan/HN263/201	
A/chicken/Hunan/HN264/201	
A/chicken/Hunan/HN265/201	
A/chicken/Hunan/HN266/201	
A/chicken/Hunan/HN301/201	
A/chicken/Hunan/HN302/201	
A/chicken/Hunan/HN303/201	
A/chicken/Hunan/HN304/201	
A/chicken/Hunan/HN305/201	
A/chicken/Hunan/HN306/201	
A/chicken/Hunan/HN307/201	
A/chicken/Hunan/HN308/201	
A/chicken/Jiangsu/WXBING2	
A/chicken/Jiangsu/WXS7393	
A/chicken/Jiangxi/01.14_N	
A/chicken/Jiangxi/02.05_Y	
A/chicken/Jiangxi/02.05_Y	
A/chicken/Jiangxi/04.01__	
A/chicken/Jiangxi/04.01__	
A/chicken/Jiangxi/04.01__	
A/chicken/Jiangxi/04.01__	
A/chicken/Jiangxi/04.01__	
A/chicken/Jiangxi/04.01__	
A/chicken/Jiangxi/04.01_N	
A/chicken/Jiangxi/04.01_N	
A/chicken/Jiangxi/04.01_N	
A/chicken/Jiangxi/04.01_N	
A/chicken/Jiangxi/04.01_N	
A/chicken/Jiangxi/04.01_N	
A/chicken/Jiangxi/05.06__	
A/chicken/Jiangxi/10.30_N	
A/chicken/Jiangxi/12.05_N	
A/chicken/Jiangxi/12.05_N	
A/chicken/Jiangxi/12.05_N	
A/chicken/Jiangxi/12.05_N	
A/chicken/Jiangxi/12.05_N	
A/Chicken/Jiangxi/45093/2	
A/chicken/Jilin/04.11_CCH	
A/chicken/Shaanxi/SD001/2	
A/chicken/Shanxi/04.28_TG	
A/chicken/Shanxi/12.01_TG	
A/chicken/Shenzhen/433/20	
A/chicken/Shenzhen/552/20	
A/chicken/Shenzhen/715/20	
A/chicken/Shenzhen/1061/2	
A/chicken/Shenzhen/1845/2	
A/chicken/Shenzhen/2269/2	
A/chicken/Shenzhen/2396/2	
A/chicken/Shenzhen/2464/2	
A/chicken/Sichuan/k141/20	
A/chicken/Sichuan/NCJPL1/	
A/Chicken/Suzhou/j5/2019|	
A/Chicken/Suzhou/j6/2019|	
A/chicken/Taishun/TS2/201	
A/chicken/Taishun/TS90/20	
A/chicken/Wuxi/7157/2015|	
A/chicken/Wuxi/7765/2016|	
A/chicken/Wuxi/SC7393/201	
A/Chicken/Xuzhou/470/2017	
A/chicken/Xuzhou/XZ6/2016	
A/Chicken/Yangzhou/f6/201	
A/Chicken/Yangzhou/f9/201	
A/Chicken/Yangzhou/f14/20	
A/chicken/Yangzhou/YD1/20	
A/chicken/Yunnan/02.09_DQ	
A/chicken/Yunnan/03.15_DQ	
A/chicken/Yunnan/03.16__D	
A/chicken/Yunnan/03.16_DQ	
A/chicken/Yunnan/03.16_DQ	
A/chicken/Yunnan/03.16_DQ	
A/chicken/Yunnan/07.11_DQ	
A/Chicken/Yunnan/YN-8/201	
A/Chicken/Yunnan/YN-11/20	
A/Chicken/Yunnan/YN-12/20	
A/chicken/Zhejiang/727022	
A/chicken/Zhejiang/727026	
A/chicken/Zhejiang/727155	
A/chickenl/Jiangxi/E84/20	
A/Commom_Teal/Ningxia/474	
A/Copsychus_saularis/Guan	
A/duck/Anhui/AH328/2015|E	
A/duck/Anhui/S4/2016|EPI_	
A/duck/China/0936/2017|EP	
A/duck/China/0938/2017|EP	
A/duck/China/DK87/2016|EP	
A/Duck/China/H5N6/2020|EP	
A/duck/Dongguan/2685/2013	
A/duck/Eastern_China/S032	
A/duck/Eastern_China/S071	
A/duck/Eastern_China/S090	
A/duck/Fujian/1.17_FZHX01	
A/duck/Fujian/03.18_GTFJ-	
A/duck/Fujian/05.07_FZHMD	
A/duck/Fujian/05.07_FZHMD	
A/duck/Fujian/05.07_FZHMD	
A/duck/Fujian/10.26_FZHX0	
A/duck/Fujian/10.26_FZHX0	
A/duck/Fujian/11.3_FZHX11	
A/duck/Fujian/11.3_FZHX11	
A/duck/Fujian/11.23_FZHX0	
A/duck/Fujian/11.23_FZHX0	
A/duck/Fujian/11.23_FZHX0	
A/duck/Fujian/12.7_FZHX12	
A/duck/Fujian/12.7_FZHX12	
A/duck/Fujian/12.7_FZHX12	
A/duck/Fujian/12.7_FZHX12	
A/duck/Guangdong/01.01_SZ	
A/duck/Guangdong/01.01_SZ	
A/duck/Guangdong/01.01_SZ	
A/duck/Guangdong/01.01_SZ	
A/duck/Guangdong/01.01_SZ	
A/duck/Guangdong/01.01_SZ	
A/duck/Guangdong/01.01_SZ	
A/duck/Guangdong/01.01_SZ	
A/duck/Guangdong/01.01_SZ	
A/duck/Guangdong/01.01_SZ	
A/duck/Guangdong/02.11_DG	
A/duck/Guangdong/02.11_DG	
A/duck/Guangdong/02.11_DG	
A/duck/Guangdong/02.11_DG	
A/duck/Guangdong/02.11_DG	
A/duck/Guangdong/02.11_DG	
A/duck/Guangdong/03.26_DG	
A/duck/Guangdong/03.26_DG	
A/duck/Guangdong/03.26_DG	
A/duck/Guangdong/03.26_DG	
A/duck/Guangdong/03.26_DG	
A/duck/Guangdong/03.26_DG	
A/duck/Guangdong/03.26_DG	
A/duck/Guangdong/03.26_DG	
A/duck/Guangdong/03.26_DG	
A/duck/Guangdong/03.26_DG	
A/duck/Guangdong/03.26_DG	
A/duck/Guangdong/03.26_DG	
A/duck/Guangdong/03.26_DG	
A/duck/Guangdong/03.26_DG	
A/duck/Guangdong/03.26_DG	
A/duck/Guangdong/03.26_DG	
A/duck/Guangdong/03.26_DG	
A/duck/Guangdong/03.26_DG	
A/duck/Guangdong/03.26_DG	
A/duck/Guangdong/03.26_DG	
A/duck/Guangdong/03.26_DG	
A/duck/Guangdong/03.27_DG	
A/duck/Guangdong/03.27_DG	
A/duck/Guangdong/03.27_DG	
A/duck/Guangdong/03.27_DG	
A/duck/Guangdong/03.27_DG	
A/duck/Guangdong/04.15_SZ	
A/duck/Guangdong/04.15_SZ	
A/duck/Guangdong/04.15_SZ	
A/duck/Guangdong/04.16_LG	
A/duck/Guangdong/04.16_SZ	
A/duck/Guangdong/04.16_SZ	
A/duck/Guangdong/04.16_SZ	
A/duck/Guangdong/04.16_SZ	
A/duck/Guangdong/04.22_DG	
A/duck/Guangdong/04.22_DG	
A/duck/Guangdong/04.22_DG	
A/duck/Guangdong/04.22_DG	
A/duck/Guangdong/04.22_DG	
A/duck/Guangdong/04.22_DG	
A/duck/Guangdong/04.22_DG	
A/duck/Guangdong/04.22_DG	
A/duck/Guangdong/04.22_DG	
A/duck/Guangdong/04.22_DG	
A/duck/Guangdong/04.23_DG	
A/duck/Guangdong/04.23_DG	
A/duck/Guangdong/04.23_DG	
A/duck/Guangdong/04.23_DG	
A/duck/Guangdong/04.23_DG	
A/duck/Guangdong/04.23_DG	
A/duck/Guangdong/04.23_DG	
A/duck/Guangdong/04.23_DG	
A/duck/Guangdong/04.23_DG	
A/duck/Guangdong/04.23_DG	
A/duck/Guangdong/04.23_DG	
A/duck/Guangdong/04.23_DG	
A/duck/Guangdong/04.23_DG	
A/duck/Guangdong/04.23_DG	
A/duck/Guangdong/04.23_DG	
A/duck/Guangdong/04.23_DG	
A/duck/Guangdong/04.23_DG	
A/duck/Guangdong/04.23_DG	
A/duck/Guangdong/04.23_DG	
A/duck/Guangdong/04.23_DG	
A/duck/Guangdong/04.23_DG	
A/duck/Guangdong/04.23_DG	
A/duck/Guangdong/04.23_DG	
A/duck/Guangdong/04.23_DG	
A/duck/Guangdong/04.23_DG	
A/duck/Guangdong/04.23_DG	
A/duck/Guangdong/04.23_DG	
A/duck/Guangdong/04.23_DG	
A/duck/Guangdong/04.23_DG	
A/duck/Guangdong/04.23_DG	
A/duck/Guangdong/04.23_DG	
A/duck/Guangdong/04.23_DG	
A/duck/Guangdong/04.23_DG	
A/duck/Guangdong/04.23_DG	
A/duck/Guangdong/04.23_DG	
A/duck/Guangdong/04.23_DG	
A/duck/Guangdong/04.23_DG	
A/duck/Guangdong/04.23_DG	
A/duck/Guangdong/04.23_DG	
A/duck/Guangdong/04.23_DG	
A/duck/Guangdong/04.23_DG	
A/duck/Guangdong/04.23_DG	
A/duck/Guangdong/11.18_SZ	
A/duck/Guangdong/11.18_SZ	
A/duck/Guangdong/11.18_SZ	
A/duck/Guangdong/KGZ16007	
A/duck/Guangdong/KGZ16008	
A/duck/Guangdong/KGZ16009	
A/duck/Guangdong/KGZ16012	
A/Duck/Guangdong/PO172812	
A/Duck/Guangdong/PO172813	
A/Duck/Guangdong/PO172842	
A/Duck/Guangdong/PO170726	
A/Duck/Guangdong/PY501/20	
A/Duck/Guangdong/PY503/20	
A/duck/Guangdong/S1330/20	
A/duck/Guangdong/S4879/20	
A/duck/Guangdong/SE195/20	
A/Duck/Guangdong/SS1A1/20	
A/Duck/Guangdong/Yangjian	
A/duck/Guangxi/12.25_GLGX	
A/duck/Guangxi/S31116/202	
A/duck/Guangzhou/018/2014	
A/duck/Guangzhou/021/2014	
A/duck/Guizhou/7.27_ZYLJJ	
A/duck/Guizhou/8.26_ZYLJJ	
A/duck/Guizhou/8.26_ZYLJJ	
A/duck/Guizhou/S4702/2021	
A/duck/Hainan/12.29_HKPL0	
A/duck/Henan/01.01_LYGL00	
A/duck/Hubei/03.06__WHWTZ	
A/duck/Hubei/03.06__WHWTZ	
A/duck/Hubei/03.06__WHWTZ	
A/duck/Hubei/03.06__WHWTZ	
A/duck/Hubei/03.06__WHWTZ	
A/duck/HuBei/03.06__WHWTZ	
A/duck/Hubei/03.06_WHWTZ0	
A/duck/Hubei/03.06_WHWTZ0	
A/duck/Hunan/1.12_YYGK68H	
A/duck/Hunan/1.12_YYGK72H	
A/duck/Hunan/1.12_YYGK74H	
A/duck/Hunan/01.12_YYGK82	
A/duck/Hunan/01.16_YYFQH1	
A/duck/Hunan/01.16_YYFQH1	
A/duck/Hunan/01.16_YYFQH2	
A/duck/Hunan/01.16_YYFQH3	
A/duck/Hunan/01.16_YYFQH3	
A/duck/Hunan/01.16_YYFQH3	
A/duck/Hunan/01.16_YYFQH3	
A/duck/Hunan/01.16_YYFQH3	
A/duck/Hunan/01.16_YYFQH3	
A/duck/Hunan/01.16_YYFQH3	
A/duck/Hunan/01.16_YYGK21	
A/duck/Hunan/1.17_YYGKK80	
A/duck/Hunan/01.21_YYFQH0	
A/duck/Hunan/01.21_YYFQH0	
A/duck/Hunan/01.21_YYFQH0	
A/duck/Hunan/01.21_YYFQH0	
A/duck/Hunan/01.21_YYFQH0	
A/duck/Hunan/2.06_YYGK77J	
A/duck/Hunan/2.06_YYGK78J	
A/duck/Hunan/2.06_YYGK84J	
A/duck/Hunan/2.06_YYGK92J	
A/duck/Hunan/02.07__YYFQH	
A/duck/Hunan/02.07__YYFQH	
A/duck/Hunan/02.07_YYFQH0	
A/duck/Hunan/02.07_YYFQH0	
A/duck/Hunan/02.07_YYFQH0	
A/duck/Hunan/02.16_YYGK28	
A/duck/Hunan/02.26__YYFQH	
A/duck/Hunan/02.26__YYFQH	
A/duck/Hunan/02.26__YYGK2	
A/duck/Hunan/02.26__YYGK0	
A/duck/Hunan/02.26_YYFQH2	
A/duck/Hunan/02.26_YYFQH2	
A/duck/Hunan/02.26_YYFQH3	
A/duck/Hunan/02.26_YYFQHY	
A/duck/Hunan/02.26_YYGK25	
A/duck/Hunan/02.26_YYGK25	
A/duck/Hunan/02.26_YYGK26	
A/duck/Hunan/02.26_YYGK26	
A/duck/Hunan/02.26_YYGK27	
A/duck/Hunan/02.26_YYGK27	
A/duck/Hunan/02.26_YYGKY2	
A/duck/Hunan/02.26_YYGQH2	
A/duck/Hunan/03.07_YYGK4L	
A/duck/Hunan/03.07_YYGK25	
A/duck/Hunan/03.07_YYGK31	
A/duck/Hunan/03.09_YYFQH0	
A/duck/Hunan/03.09_YYFQH0	
A/duck/Hunan/03.09_YYFQH0	
A/duck/Hunan/03.24_YYGK18	
A/duck/Hunan/03.24_YYGK21	
A/duck/Hunan/03.24_YYGK17	
A/duck/Hunan/03.24_YYGK17	
A/duck/Hunan/04.14_YYGK06	
A/duck/Hunan/04.14_YYGK04	
A/duck/Hunan/04.14_YYGK45	
A/duck/Hunan/04.14_YYGK46	
A/duck/Hunan/04.14_YYGK46	
A/duck/Hunan/04.14_YYGK46	
A/duck/Hunan/04.14_YYGK47	
A/duck/Hunan/04.14_YYGK08	
A/duck/Hunan/04.14_YYXS87	
A/duck/Hunan/04.22_LDDX03	
A/duck/Hunan/7.21_YYGK41Y	
A/duck/Hunan/11.30_YYGK59	
A/duck/Hunan/11.30_YYGK62	
A/duck/Hunan/11.30_YYGK63	
A/duck/Hunan/11.30_YYGK75	
A/duck/Hunan/12.07__YYGK1	
A/duck/Hunan/12.07__YYGK1	
A/duck/Hunan/12.07__YYGK1	
A/duck/Hunan/12.07_YGK098	
A/duck/Hunan/12.07_YYGK03	
A/duck/Hunan/12.07_YYGK68	
A/duck/Hunan/12.07_YYGK10	
A/duck/Hunan/12.07_YYGK11	
A/duck/Hunan/12.17__YYFQH	
A/duck/Hunan/12.17__YYFQH	
A/duck/Hunan/12.17__YYGK0	
A/duck/Hunan/12.17_YYGK01	
A/duck/Hunan/12.17_YYGK04	
A/duck/Hunan/12.17_YYGK05	
A/duck/Hunan/12.17_YYGK00	
A/duck/Hunan/12.17_YYGK00	
A/duck/Hunan/12.17_YYGK00	
A/duck/Hunan/12.17_YYGK07	
A/duck/Hunan/12.17_YYGK08	
A/duck/Hunan/12.27_YYGK60	
A/duck/Hunan/12.27_YYGK71	
A/duck/Hunan/12.27_YYGK73	
A/duck/Hunan/12.27_YYGK81	
A/duck/Hunan/12.27_YYGK86	
A/duck/Hunan/12.27_YYGK89	
A/duck/Hunan/12.27_YYGK91	
A/duck/Hunan/12.27_YYGK93	
A/duck/Hunan/12.27_YYGK95	
A/duck/Hunan/12.27_YYGK96	
A/duck/Hunan/12.27_YYGK97	
A/duck/Hunan/12.27_YYGK10	
A/duck/Hunan/193/2014|EPI	
A/duck/Hunan/233/2014|EPI	
A/duck/Hunan/HN05/2014|EP	
A/duck/Hunan/HN13/2015|EP	
A/duck/Hunan/HN16/2015|EP	
A/duck/Hunan/HN29/2015|EP	
A/duck/Hunan/HN42/2015|EP	
A/duck/Hunan/HN45/2015|EP	
A/duck/Hunan/HN53/2015|EP	
A/duck/Hunan/HN54/2015|EP	
A/duck/Hunan/HN59/2015|EP	
A/duck/Hunan/HN60/2015|EP	
A/duck/Hunan/HN61/2015|EP	
A/duck/Hunan/HN64/2015|EP	
A/duck/Hunan/HN66/2015|EP	
A/duck/Hunan/HN67/2015|EP	
A/duck/Hunan/HN71/2015|EP	
A/duck/Hunan/HN72/2015|EP	
A/duck/Hunan/HN74/2015|EP	
A/duck/Hunan/HN76/2015|EP	
A/duck/Hunan/HN78/2015|EP	
A/duck/Hunan/HN80/2015|EP	
A/duck/Hunan/HN162/2015|E	
A/duck/Hunan/HN163/2015|E	
A/duck/Hunan/HN167/2015|E	
A/duck/Hunan/HN171/2015|E	
A/duck/Hunan/HN172/2015|E	
A/duck/Hunan/HN174/2015|E	
A/duck/Hunan/HN176/2015|E	
A/duck/Hunan/HN177/2015|E	
A/duck/Hunan/HN178/2015|E	
A/duck/Hunan/HN182/2015|E	
A/duck/Hunan/HN183/2015|E	
A/duck/Hunan/HN186/2015|E	
A/duck/Hunan/HN190/2015|E	
A/duck/Hunan/HN191/2015|E	
A/duck/Hunan/HN192/2015|E	
A/duck/Hunan/HN194/2015|E	
A/duck/Hunan/HN195/2015|E	
A/duck/Hunan/HN197/2015|E	
A/duck/Hunan/HN201/2015|E	
A/duck/Hunan/HN204/2015|E	
A/duck/Hunan/HN205/2015|E	
A/duck/Hunan/HN206/2015|E	
A/duck/Hunan/HN207/2015|E	
A/duck/Hunan/HN208/2015|E	
A/duck/Hunan/HN209/2015|E	
A/duck/Hunan/HN210/2015|E	
A/duck/Hunan/HN212/2015|E	
A/duck/Hunan/HN214/2015|E	
A/duck/Hunan/HN215/2015|E	
A/duck/Hunan/HN216/2015|E	
A/duck/Hunan/HN217/2015|E	
A/duck/Hunan/HN220/2015|E	
A/duck/Hunan/HN221/2015|E	
A/duck/Hunan/HN224/2015|E	
A/duck/Hunan/HN227/2015|E	
A/duck/Hunan/HN230/2015|E	
A/duck/Hunan/HN232/2015|E	
A/duck/Hunan/HN234/2015|E	
A/duck/Hunan/HN236/2015|E	
A/duck/Hunan/HN238/2015|E	
A/duck/Hunan/HN239/2015|E	
A/duck/Hunan/HN240/2015|E	
A/duck/Hunan/HN241/2015|E	
A/duck/Hunan/HN242/2015|E	
A/duck/Hunan/HN278/2015|E	
A/duck/Hunan/HN285/2015|E	
A/duck/Hunan/HN288/2015|E	
A/duck/Hunan/HN333/2015|E	
A/duck/Hunan/HN334/2015|E	
A/duck/Hunan/HN335/2015|E	
A/duck/Hunan/HN336/2015|E	
A/duck/Hunan/HN339/2015|E	
A/duck/Hunan/HN341/2015|E	
A/duck/Hunan/HN342/2015|E	
A/duck/Hunan/HN343/2015|E	
A/duck/Hunan/S40199/2021(	
A/duck/Hunan/S40268/2021(	
A/duck/Jiangxi/01.11_NCNP	
A/duck/Jiangxi/01.14_NCJD	
A/duck/Jiangxi/01.14_NCJD	
A/duck/Jiangxi/01.14_NCJD	
A/duck/Jiangxi/02.05_YGYX	
A/duck/Jiangxi/02.06_NCJD	
A/duck/Jiangxi/02.06_NCJD	
A/duck/Jiangxi/2.28_NCNP2	
A/duck/Jiangxi/2.28NCNP23	
A/duck/Jiangxi/03.11_NCHJ	
A/duck/Jiangxi/04.01__NCD	
A/duck/Jiangxi/04.01__NCD	
A/duck/Jiangxi/04.01_NCDZ	
A/duck/Jiangxi/05.07__NCJ	
A/duck/Jiangxi/5.26_NCDZT	
A/duck/Jiangxi/11.17_NCNP	
A/duck/Jiangxi/11.17_NCNP	
A/duck/Jiangxi/11.29_NCDZ	
A/duck/Jiangxi/11.29_NCNP	
A/duck/Jiangxi/11.29_NCNP	
A/duck/Jiangxi/95/2014|EP	
A/duck/Jiangxi/13469/2014	
A/duck/Jiangxi/13475/2014	
A/duck/Jiangxi/13484/2014	
A/Duck/Jiangxi/50446/2016	
A/Duck/Jiangxi/50455/2016	
A/duck/Jiangxi/E7/2014_(H	
A/duck/Jiangxi/F31/2014(H	
A/duck/Jiangxi/NCDZT1123/	
A/duck/Jiangxi/NCDZT1126/	
A/duck/Ningxia/YG61/2017|	
A/duck/Ningxia/YG71/2017|	
A/duck/Ningxia/YG83/2017|	
A/duck/Shandong/SD0261/20	
A/duck/Shandong/SD0263/20	
A/duck/Sichuan/04.27_NBXJ	
A/duck/Sichuan/04.27_NBXJ	
A/duck/Sichuan/04.27_NBXJ	
A/duck/Sichuan/04.27_NBXJ	
A/duck/Sichuan/04.27_NBXJ	
A/duck/Sichuan/04.27_NCXJ	
A/duck/Sichuan/NCXJ15/201	
A/duck/Sichuan/NCXJ24/201	
A/duck/Sichuan/S1805/2021	
A/duck/Sichuan/SC4822/202	
A/duck/Sichuan/SC5698/202	
A/duck/Sichuan/SD002/2021	
A/duck/Wuxi/7249/2015|EPI	
A/duck/Yunnan/03.15_DQWGH	
A/duck/Yunnan/03.16_DQXYL	
A/duck/Yunnan/03.16_DQXYL	
A/duck/Yunnan/03.16_DQXYL	
A/duck/Yunnan/03.16_DQXYL	
A/duck/Yunnan/07.15_DQNPH	
A/duck/Yunnan/07.15_DQNPH	
A/duck/Yunnan/07.15_DQNPH	
A/duck/Yunnan/07.15_DQNPH	
A/duck/Yunnan/S4318/2021(	
A/Duck/Yunnan/YN-2/2016_(	
A/Duck/Yunnan/YN-4/2015__	
A/Duck/Yunnan/YN-9/2016__	
A/Duck/Zhanjiang/15577/20	
A/duck/Zhejiang/02.28_JHZ	
A/duck/Zhejiang/727158/20	
A/duck/Zhejiang/S4854/202	
A/Egret/Shangdong/JN529/2	
A/environment/Hunan/HN261	
A/Falcated_Duck/Ningxia/4	
A/feline/Guangdong/2/2014	
A/Fujian/1/2024(H5N6)|EPI	
A/Fujian/2/2024(H5N6)|EPI	
A/Fujian-Sanyuan/21099/20	
A/Fujian-Sanyuan/21099/20	
A/Gadwall/Ningxia/472-7/2	
A/Gallinula_chloropus/Gua	
A/Goose/_Guangdong_/JG125	
A/Goose/_Guangdong_/SSLBY	
A/Goose/_Guangdong_/SSZYP	
A/goose/Anhui/AH350/2015|	
A/goose/China/0701/2018|E	
A/goose/Chongqing/SD003/2	
A/goose/Eastern_China/S05	
A/goose/Fujian/3.15_FZHX0	
A/goose/Fujian/3.15_FZHX0	
A/goose/Fujian/3.15_FZHX0	
A/goose/Fujian/3.15_FZHX0	
A/goose/Fujian/3.15_FZHX0	
A/goose/Fujian/10.11_FZHX	
A/goose/Fujian/10.26_FZHX	
A/goose/Fujian/10.26_FZHX	
A/goose/Fujian/10.26_FZHX	
A/goose/Fujian/10.26_FZHX	
A/goose/Fujian/10.26_FZHX	
A/goose/Fujian/10.26_FZHX	
A/goose/Fujian/10.26_FZHX	
A/goose/Fujian/10.26_FZHX	
A/goose/Fujian/10.26_FZHX	
A/goose/Fujian/11.3_FZHX1	
A/goose/Guangdong/03.27_D	
A/goose/Guangdong/04.22_D	
A/goose/Guangdong/04.22_D	
A/goose/Guangdong/04.22_D	
A/goose/Guangdong/04.22_D	
A/goose/Guangdong/04.23_D	
A/goose/Guangdong/04.23_D	
A/goose/Guangdong/04.23_D	
A/goose/Guangdong/04.23_D	
A/goose/Guangdong/7.20_DG	
A/Goose/Guangdong/PO17072	
A/goose/Guangdong/QY01/20	
A/goose/Guangdong/S230/20	
A/goose/Guangdong/S4751/2	
A/goose/Guangdong/YJD/201	
A/goose/Henan/01.01_LYGL0	
A/goose/Hubei/113/2014|EP	
A/goose/HuBei/117/2014|EP	
A/goose/Hunan/81/2014|EPI	
A/goose/Hunan/82/2014|EPI	
A/goose/Hunan/107/2014|EP	
A/goose/Hunan/109/2014|EP	
A/goose/Hunan/110/2014|EP	
A/goose/Hunan/111/2014|EP	
A/goose/Hunan/115/2014|EP	
A/goose/Hunan/116/2014|EP	
A/goose/Hunan/155/2014|EP	
A/goose/Hunan/159/2014|EP	
A/goose/Hunan/160/2014|EP	
A/goose/Hunan/161/2014|EP	
A/goose/Hunan/HN11/2015|E	
A/goose/Hunan/HN22/2015|E	
A/goose/Hunan/HN57/2015|E	
A/goose/Hunan/HN88/2015|E	
A/goose/Hunan/HN90/2015|E	
A/goose/Hunan/HN310/2015|	
A/goose/Hunan/HN311/2015|	
A/goose/Hunan/HN314/2015|	
A/goose/Hunan/HN315/2015|	
A/goose/Hunan/HN316/2015|	
A/goose/Hunan/HN317/2015|	
A/goose/Hunan/HN318/2015|	
A/goose/Hunan/HN319/2015|	
A/goose/Jiangxi/01.09_NFJ	
A/goose/Jilin/04.04_SY003	
A/Goose/Qingyuan/16875/20	
A/goose/Shandong/02.16_YG	
A/goose/Shandong/02.26_GD	
A/goose/Shandong/03.16_JN	
A/goose/Shandong/11.02_CQ	
A/goose/Shandong/12.05_YG	
A/goose/Xinjiang/12.18_WL	
A/goose/Xinjiang/12.18_WL	
A/goose/Yangzhou/YZ587/20	
A/goose/Yunnan/07.14_DQWC	
A/goose/Yunnan/07.14_DQWC	
A/goose/Zhejiang/112080/2	
A/goose/Zhejiang/727092/2	
A/goose/Zhejiang/727110/2	
A/goose/Zhejiang/925036/2	
A/goose/Zhejiang/925105/2	
A/goose/Zhejiang/925106/2	
A/goose/Zhejiang/925108/2	
A/goose/Zhejiang/1120132/	
A/Great_Cormorant/Hubei/c	
A/Great_Cormorant/Hubei/c	
A/Guangdong/18SF020/2018-	
A/Guangdong/12903/2021|EP	
A/Guangdong/lgf/2021|EPI_	
A/Guangxi/32797/2018|EPI_	
A/Guangxi/55726/2016|EPI_	
A/Guangzhou/39715/2014|EP	
A/GX-guilin/11151/2021|EP	
A/GX-hechi/01/2021|EPI_IS	
A/Hangzhou/01/2021|EPI_IS	
A/HeFei04171/2024|EPI_ISL	
A/Hubei/29578/2016_x_PR8_	
A/Hubei/29578/2016|EPI_IS	
A/Jiangsu/1/2018|EPI_ISL_	
A/Jiangsu/1/2018|EPI_ISL_	
A/Jiangsu/1/2020_(H5N6)|E	
A/Jiangsu/1/2020(H5N6)|EP	
A/Jiangsu/JSSZ01/2018|EPI	
A/Jiangxi/16791/2022|EPI_	
A/Luscinia_cyane/Jiangxi/	
A/Mallard/Jiangxi/JXH9/20	
A/Mallard/Jiangxi/JXH22/2	
A/migratory_waterfowl/Hub	
A/migratory_waterfowl/Hub	
A/mink/China/181/2019|EPI	
A/mink/China/183/2019|EPI	
A/mink/China/191/2019|EPI	
A/mink/China/456/2018|EPI	
A/mink/Eastern_China/006/	
A/mink/Eastern_China/149/	
A/mink/Eastern_China/528/	
A/mink/Eastern_China/571/	
A/mink/Northern_China/110	
A/Muscovy_duck/China/FJFZ	
A/Muscovy_duck/China/H5N6	
A/muscovy/duck/Hunan/85/2	
A/muscovy/duck/Hunan/88/2	
A/muscovy/duck/Hunan/89/2	
A/muscovy/duck/Hunan/90/2	
A/muscovy/duck/Hunan/93/2	
A/muscovy/duck/Hunan/94/2	
A/muscovy/duck/Hunan/101/	
A/muscovy/duck/Hunan/102/	
A/muscovy/duck/Hunan/103/	
A/muscovy/duck/Hunan/104/	
A/muscovy/duck/Hunan/125/	
A/muscovy/duck/Hunan/147/	
A/muscovy/duck/Hunan/148/	
A/muscovy/duck/Hunan/167/	
A/muscovy/duck/Hunan/183/	
A/muscovy/duck/Hunan/216/	
A/muscovy/duck/Hunan/229/	
A/muscovy/duck/Hunan/232/	
A/muscovy/duck/Hunan/HN34	
A/muscovy/duck/Hunan/HN34	
A/muscovy/duck/Hunan/HN34	
A/muscovy/duck/Hunan/HN34	
A/muscovy/duck/Hunan/HN35	
A/muscovy/duck/Hunan/HN35	
A/muscovy/duck/Hunan/HN35	
A/muscovy/duck/Hunan/HN35	
A/muscovy/duck/Hunan/HN35	
A/muscovy/duck/Hunan/HN35	
A/muscovy/duck/Hunan/HN35	
A/muscovy/duck/Hunan/HN35	
A/muscovy/duck/Hunan/HN36	
A/muscovy/duck/Hunan/HN36	
A/muscovy/duck/Hunan/HN36	
A/muscovy/duck/Hunan/HN36	
A/muscovy/duck/Hunan/HN36	
A/Northern_Pintail/HK/MP6	
A/oriental_magpie_robin/H	
A/Pavo_cristatus/China/JS	
A/Pavo_cristatus/China/K1	
A/Pavo_cristatus/Jiangxi/	
A/Phalacrocorax/Hubei/01.	
A/Phalacrocorax/Hubei/01.	
A/pigeon/Fujian/1.17_FZHX	
A/pigeon/Guangdong/04.15_	
A/pigeon/Guangdong/04.16_	
A/pigeon/Guangdong/04.23_	
A/pigeon/Hainan/1.14_HKPL	
A/Pigeon/Hunan/04.14_YYXS	
A/Pigeon/Jiangxi/02.10__N	
A/Pigeon/Jiangxi/04.01__N	
A/pigeon/Jilin/04.25_CCHL	
A/pigeon/Sichuan/04.27_NB	
A/Quail/Guangxi/GX-2/2017	
A/quail/Jiangxi/B9/2015_(	
A/Quail/Zhanjiang/16887/2	
A/Quanzhou/2/2024|EPI_ISL	
A/Shenzhen/1/2015|EPI_ISL	
A/Shenzhen/1/2016|EPI_ISL	
A/Shenzhen/TH001/2015_(H5	
A/Shenzhen/TH003/2016(H5N	
A/Shoveller/Ningxia/488-5	
A/Sichuan/26221/2014|EPI_	
A/silkie_chicken/Dongguan	
A/Spoonbill/HK/17-18259/2	
A/spoonbill/Taiwan/DB645/	
A/spot_billed_duck/Ningxi	
A/spot-billed_duck/Ningxi	
A/Streptopelia_decaocto/J	
A/Streptopelia_decaocto/J	
A/Streptopelia_decaocto/J	
A/swan_goose/Jilin/JL01/2	
A/swine/China/RZ/2018|EPI	
A/swine/Guangdong/1/2014|	
A/swine/Guangdong/2/2014|	
A/swine/Guangdong/G3/2015	
A/Syrrhaptes_paradoxus/Gu	
A/Waterfowl/Hubei/Chenhu1	
A/Waterfowl/Hubei/Chenhu1	
A/white_naped_crane/China	
A/White-eyed_Pochard/Ning	
A/Wigeon/Ningxia/476-12/2	
A/wild_bird/Hunan/01.14_Y	
A/wild_bird/Hunan/01.14_Y	
A/wild_bird/Hunan/02.24_Y	
A/wild_bird/Hunan/02.24_Y	
A/wild_bird/Hunan/03.08_D	
A/wild_bird/Taipei/04WB12	
A/wild_bird/Zhejiang/NBXS	
A/wild_pigeon/Jilin/CC01/	
A/Yunnan/14563/2015|EPI_I	
A/Yunnan/DQ002/2015(H5N6)	
A/Anas_crecca/Hubei/Chenh	
A/Changsha/1/2014_H5N6|GC	
A/China/Original/2018_H5N	
A/Commom_Teal/Ningxia/474	
A/Copsychus_saularis/Guan	
A/Falcated_Duck/Ningxia/4	
A/Ferruginous_Pochard/Nin	
A/Gadwall/Ningxia/472-7/2	
A/Gallinula_chloropus/Gua	
A/Guangdong/lgf/2021_H5N6	
A/Guangzhou/39715/2014_H5	
A/Northern_Shoveler/Ningx	
A/Pavo_cristatus/China/JS	
A/Pavo_cristatus/China/K1	
A/Pavo_cristatus/Jiangxi/	
A/Rattus_norvegicus/China	
A/Syrrhaptes_paradoxus/Gu	
A/Wild_bird/Huadong/DF10/	
A/Wild_bird/Huadong/GY116	
A/Wild_bird/Huadong/GY183	
A/Wild_bird/Huadong/GY999	
A/Wild_bird/Huadong/QP10/	
A/Wild_bird/Huadong/SH17/	
A/Wild_bird/Huadong/SSW7/	
A/Wild_bird/Huadong/SZ111	
A/Wild_bird/Huadong/YC148	
A/Wild_bird/Huadong/YX68/	
A/Yangzhou/125/2022_H5N6|	
A/black_chicken/Jiangxi/1	
A/cat/Sichuan/SC18/2014_H	
A/cat/Zhejiang/C1/2016_H5	
A/cat/Zhejiang/C2/2016_H5	
A/chicken/Anhui/MZ33/2016	
A/chicken/Anhui/MZ34/2016	
A/chicken/China/007/2019_	
A/chicken/China/1101/2019	
A/chicken/Dongguan/2690/2	
A/chicken/Dongguan/3363/2	
A/chicken/Dongguan/4259/2	
A/chicken/Fujian/11.23_FZ	
A/chicken/Ganzhou/GZ27/20	
A/chicken/Guangdong/GD160	
A/chicken/Guangxi/16/2019	
A/chicken/Henan/YB0597/20	
A/chicken/Hubei/ZYSJF11/2	
A/chicken/Hubei/ZYSJF16/2	
A/chicken/Hubei/ZYSJF38/2	
A/chicken/Hunan/02.06_YYG	
A/chicken/Hunan/03.07_YYG	
A/chicken/Hunan/12.27_YYG	
A/chicken/Hunan/12.27_YYG	
A/chicken/Jiangxi/NCDZT11	
A/chicken/Jiangxi/NCDZT11	
A/chicken/Jiangyin/JY0907	
A/chicken/Shanxi/04.28_TG	
A/chicken/Shanxi/12.01_TG	
A/chicken/Shenzhen/1061/2	
A/chicken/Shenzhen/1845/2	
A/chicken/Shenzhen/2269/2	
A/chicken/Shenzhen/2396/2	
A/chicken/Shenzhen/2464/2	
A/chicken/Shenzhen/433/20	
A/chicken/Shenzhen/552/20	
A/chicken/Shenzhen/715/20	
A/chicken/Sichuan/NCJPL1/	
A/chicken/Sichuan/k141/20	
A/chicken/Taishun/TS2/201	
A/chicken/Taishun/TS90/20	
A/chicken/Wuhan/WHYJ01/20	
A/chicken/Xuzhou/XZ6/2016	
A/chicken/Yangzhou/YD1/20	
A/chicken/Zhejiang/102637	
A/chicken/Zhejiang/13160/	
A/chicken/Zhejiang/528127	
A/chicken/Zhejiang/6107/2	
A/chicken/Zhejiang/6C2/20	
A/chicken/Zhejiang/727022	
A/chicken/Zhejiang/727026	
A/chicken/Zhejiang/727155	
A/common_mallard/Ningxia/	
A/duck/Anhui/S4/2016_H5N6	
A/duck/China/0936/2017_H5	
A/duck/China/0938/2017_H5	
A/duck/Dongguan/2685/2013	
A/duck/Eastern_China/S032	
A/duck/Eastern_China/S071	
A/duck/Eastern_China/S090	
A/duck/Fujian/1.17_FZHX01	
A/duck/Fujian/10.26_FZHX0	
A/duck/Fujian/10.26_FZHX0	
A/duck/Fujian/11.23_FZHX0	
A/duck/Fujian/11.23_FZHX0	
A/duck/Fujian/11.23_FZHX0	
A/duck/Fujian/11.3_FZHX11	
A/duck/Fujian/11.3_FZHX11	
A/duck/Fujian/12.7_FZHX12	
A/duck/Fujian/12.7_FZHX12	
A/duck/Fujian/12.7_FZHX12	
A/duck/Fujian/12.7_FZHX12	
A/duck/Guangdong/11.18_SZ	
A/duck/Guangdong/11.18_SZ	
A/duck/Guangdong/11.18_SZ	
A/duck/Guangdong/GD01/201	
A/duck/Guangzhou/018/2014	
A/duck/Guangzhou/021/2014	
A/duck/Guangzhou/41227/20	
A/duck/Guizhou/7.27_ZYLJJ	
A/duck/Guizhou/8.26_ZYLJJ	
A/duck/Guizhou/8.26_ZYLJJ	
A/duck/Hainan/12.29_HKPL0	
A/duck/Hunan/01.12_YYGK82	
A/duck/Hunan/03.07_YYGK25	
A/duck/Hunan/03.07_YYGK4L	
A/duck/Hunan/03.24_YYGK17	
A/duck/Hunan/03.24_YYGK17	
A/duck/Hunan/03.24_YYGK18	
A/duck/Hunan/03.24_YYGK21	
A/duck/Hunan/1.12_YYGK68H	
A/duck/Hunan/1.12_YYGK72H	
A/duck/Hunan/1.12_YYGK74H	
A/duck/Hunan/1.17_YYGKK80	
A/duck/Hunan/11.30_YYGK59	
A/duck/Hunan/11.30_YYGK62	
A/duck/Hunan/11.30_YYGK63	
A/duck/Hunan/11.30_YYGK75	
A/duck/Hunan/12.27_YYGK10	
A/duck/Hunan/12.27_YYGK60	
A/duck/Hunan/12.27_YYGK71	
A/duck/Hunan/12.27_YYGK73	
A/duck/Hunan/12.27_YYGK81	
A/duck/Hunan/12.27_YYGK86	
A/duck/Hunan/12.27_YYGK89	
A/duck/Hunan/12.27_YYGK91	
A/duck/Hunan/12.27_YYGK93	
A/duck/Hunan/12.27_YYGK95	
A/duck/Hunan/12.27_YYGK96	
A/duck/Hunan/12.27_YYGK97	
A/duck/Hunan/2.06_YYGK77J	
A/duck/Hunan/2.06_YYGK78J	
A/duck/Hunan/2.06_YYGK84J	
A/duck/Hunan/2.06_YYGK92J	
A/duck/Hunan/7.21_YYGK41Y	
A/duck/Jiangxi/01.11_NCNP	
A/duck/Jiangxi/10160/2014	
A/duck/Jiangxi/11.17_NCNP	
A/duck/Jiangxi/11.17_NCNP	
A/duck/Jiangxi/11.29_NCDZ	
A/duck/Jiangxi/11.29_NCNP	
A/duck/Jiangxi/11.29_NCNP	
A/duck/Jiangxi/13469/2014	
A/duck/Jiangxi/13475/2014	
A/duck/Jiangxi/13484/2014	
A/duck/Jiangxi/2.28NCNP23	
A/duck/Jiangxi/2.28_NCNP2	
A/duck/Jiangxi/5.26_NCDZT	
A/duck/Shandong/SD0261/20	
A/duck/Shandong/SD0263/20	
A/duck/Sichuan/NCXJ15/201	
A/duck/Sichuan/NCXJ16/201	
A/duck/Sichuan/SC4822/202	
A/duck/Sichuan/SC5698/202	
A/duck/Wuhan/JXYFB22/2015	
A/duck/Wuhan/WHYF02/2015_	
A/duck/Zhejiang/6D2/2013_	
A/duck/Zhejiang/727158/20	
A/egret/Zhejiang/W15/2017	
A/egret/Zhejiang/W18/2017	
A/feline/Guangdong/2/2015	
A/gadwall/Ningxia/YG61/20	
A/goose/China/0701/2018_H	
A/goose/China/M14/2016_H5	
A/goose/Eastern_China/S05	
A/goose/Fujian/10.11_FZHX	
A/goose/Fujian/10.26_FZHX	
A/goose/Fujian/10.26_FZHX	
A/goose/Fujian/10.26_FZHX	
A/goose/Fujian/10.26_FZHX	
A/goose/Fujian/10.26_FZHX	
A/goose/Fujian/10.26_FZHX	
A/goose/Fujian/10.26_FZHX	
A/goose/Fujian/10.26_FZHX	
A/goose/Fujian/10.26_FZHX	
A/goose/Fujian/11.3_FZHX1	
A/goose/Fujian/3.15_FZHX0	
A/goose/Fujian/3.15_FZHX0	
A/goose/Fujian/3.15_FZHX0	
A/goose/Fujian/3.15_FZHX0	
A/goose/Fujian/3.15_FZHX0	
A/goose/Guangdong/7.20_DG	
A/goose/Guangdong/QY01/20	
A/goose/Henan/01.01_LYGL0	
A/goose/Shantou/1763/2014	
A/goose/Xinjiang/12.18_WL	
A/goose/Xinjiang/12.18_WL	
A/goose/Yangzhou/YZ587/20	
A/goose/Zhejiang/1120132/	
A/goose/Zhejiang/112080/2	
A/goose/Zhejiang/727092/2	
A/goose/Zhejiang/727110/2	
A/goose/Zhejiang/925036/2	
A/goose/Zhejiang/925105/2	
A/goose/Zhejiang/925106/2	
A/goose/Zhejiang/925108/2	
A/migratory_waterfowl/Hub	
A/migratory_waterfowl/Hub	
A/mink/China/181/2019_H5N	
A/mink/China/183/2019_H5N	
A/mink/China/191/2019_H5N	
A/mink/China/456/2018_H5N	
A/mink/Eastern_China/006/	
A/mink/Eastern_China/149/	
A/mink/Eastern_China/528/	
A/mink/Eastern_China/571/	
A/mink/Northern_China/110	
A/oriental_magpie_robin/H	
A/pigeon/Fujian/1.17_FZHX	
A/pigeon/Hainan/1.14_HKPL	
A/silkie_chicken/Dongguan	
A/spot-billed_duck/Ningxi	
A/spot-billed_duck/Ningxi	
A/spot-billed_duck/Ningxi	
A/swan_goose/Jilin/JL01/2	
A/swine/China/RZ/2018_H5N	
A/swine/Guangdong/1/2014_	
A/swine/Guangdong/2/2014_	
A/turtledove/Wuhan/HKBJ43	
A/turtledove/Wuhan/WHBJ12	
A/turtledove/Wuhan/WHBJ28	
A/white-naped_crane/China	
A/wild_bird/Taipei/04WB12	
A/wild_pigeon/Jilin/CC01/	
A/Eurasian_Wigeon/Ningxia	
A/Anas_crecca/Hubei/Chenh	
A/Anas_crecca/Hubei/Chenh	
A/Anhui/2021-00011/2020|E	
A/Anhui/33163/2016|EPI_IS	
A/Anser_fabalis/Hunan/03.	
A/Bar-headed_goose/Qingha	
A/Bar-headed_goose/Qingha	
A/Bar-headed_goose/Qingha	
A/Bar-headed_goose/Qingha	
A/Bar-headed_goose/Qingha	
A/Bar-headed_goose/Qingha	
A/Bar-headed_goose/Qingha	
A/Bar-headed_goose/Qingha	
A/Bean_goose/Hubei/CH-I22	
A/black_chicken/Jiangxi/1	
A/canine/China/GX30/2023|	
A/cat/Sichuan/SC18/2014|E	
A/cat/Zhejiang/C1/2016|EP	
A/cat/Zhejiang/C2/2016|EP	
A/Changsha/1/2014|EPI_ISL	
A/chicken/China/007/2019|	
A/chicken/chongqing/H1/20	
A/chicken/Chongqing/SD001	
A/chicken/Dongguan/2690/2	
A/chicken/Dongguan/3363/2	
A/chicken/Dongguan/4259/2	
A/chicken/Fujian/05.07_FZ	
A/chicken/Fujian/09.16_GT	
A/chicken/Fujian/10.08_FZ	
A/chicken/Fujian/11.23_FZ	
A/chicken/Ganzhou/GZ27/20	
A/chicken/Guangdong/04.15	
A/chicken/Guangdong/10.16	
A/chicken/Guangdong/GD160	
A/chicken/Guangdong/MG170	
A/chicken/Guangdong/MG171	
A/chicken/Guangdong/MG171	
A/chicken/Guangdong/MG171	
A/chicken/Guangdong/MG173	
A/chicken/Guangdong/MG173	
A/chicken/Guangxi/04.10_N	
A/chicken/Guangxi/16/2019	
A/chicken/Guizhou/8.26_ZY	
A/Chicken/Hangzhou/E1149/	
A/chicken/Hubei/03.06__WH	
A/chicken/Hubei/03.06__WH	
A/chicken/Hubei/ZYSJF11/2	
A/chicken/Hubei/ZYSJF16/2	
A/chicken/Hubei/ZYSJF38/2	
A/Chicken/Huizhou/16274/2	
A/chicken/Hunan/02.06_YYG	
A/chicken/Hunan/03.07_YYG	
A/chicken/Hunan/03.07_YYG	
A/chicken/Hunan/3.07_YYGK	
A/chicken/Hunan/04.14_YYG	
A/chicken/Hunan/04.14_YYK	
A/chicken/Hunan/04.14_YYX	
A/chicken/Hunan/12.07__YY	
A/chicken/Hunan/12.07_YYG	
A/chicken/Hunan/12.27_YYG	
A/chicken/Hunan/12.27_YYG	
A/chicken/Hunan/12.27_YYG	
A/chicken/Hunan/12.28_YYG	
A/chicken/Hunan/HN40/2015	
A/chicken/Hunan/HN58/2015	
A/chicken/Hunan/HN75/2015	
A/chicken/Hunan/HN158/201	
A/chicken/Hunan/HN244/201	
A/chicken/Hunan/HN245/201	
A/chicken/Hunan/HN247/201	
A/chicken/Hunan/HN248/201	
A/chicken/Hunan/HN249/201	
A/chicken/Hunan/HN250/201	
A/chicken/Hunan/HN251/201	
A/chicken/Hunan/HN252/201	
A/chicken/Hunan/HN254/201	
A/chicken/Hunan/HN255/201	
A/chicken/Hunan/HN263/201	
A/chicken/Hunan/HN264/201	
A/chicken/Hunan/HN265/201	
A/chicken/Hunan/HN266/201	
A/chicken/Hunan/HN301/201	
A/chicken/Hunan/HN302/201	
A/chicken/Hunan/HN303/201	
A/chicken/Hunan/HN304/201	
A/chicken/Hunan/HN305/201	
A/chicken/Hunan/HN306/201	
A/chicken/Hunan/HN307/201	
A/chicken/Hunan/HN308/201	
A/chicken/Jiangsu/WXBING2	
A/chicken/Jiangsu/WXS7393	
A/chicken/Jiangxi/01.14_N	
A/chicken/Jiangxi/02.05_Y	
A/chicken/Jiangxi/02.05_Y	
A/chicken/Jiangxi/04.01__	
A/chicken/Jiangxi/04.01__	
A/chicken/Jiangxi/04.01__	
A/chicken/Jiangxi/04.01__	
A/chicken/Jiangxi/04.01__	
A/chicken/Jiangxi/04.01__	
A/chicken/Jiangxi/04.01_N	
A/chicken/Jiangxi/04.01_N	
A/chicken/Jiangxi/04.01_N	
A/chicken/Jiangxi/04.01_N	
A/chicken/Jiangxi/04.01_N	
A/chicken/Jiangxi/04.01_N	
A/chicken/Jiangxi/05.06__	
A/chicken/Jiangxi/10.30_N	
A/chicken/Jiangxi/12.05_N	
A/chicken/Jiangxi/12.05_N	
A/chicken/Jiangxi/12.05_N	
A/chicken/Jiangxi/12.05_N	
A/chicken/Jiangxi/12.05_N	
A/Chicken/Jiangxi/45093/2	
A/chicken/Jilin/04.11_CCH	
A/chicken/Shaanxi/SD001/2	
A/chicken/Shanxi/04.28_TG	
A/chicken/Shanxi/12.01_TG	
A/chicken/Shenzhen/433/20	
A/chicken/Shenzhen/552/20	
A/chicken/Shenzhen/715/20	
A/chicken/Shenzhen/1061/2	
A/chicken/Shenzhen/1845/2	
A/chicken/Shenzhen/2269/2	
A/chicken/Shenzhen/2396/2	
A/chicken/Shenzhen/2464/2	
A/chicken/Sichuan/k141/20	
A/chicken/Sichuan/NCJPL1/	
A/Chicken/Suzhou/j5/2019|	
A/Chicken/Suzhou/j6/2019|	
A/chicken/Taishun/TS2/201	
A/chicken/Taishun/TS90/20	
A/chicken/Wuxi/7157/2015|	
A/chicken/Wuxi/7765/2016|	
A/chicken/Wuxi/SC7393/201	
A/Chicken/Xuzhou/470/2017	
A/chicken/Xuzhou/XZ6/2016	
A/Chicken/Yangzhou/f6/201	
A/Chicken/Yangzhou/f9/201	
A/Chicken/Yangzhou/f14/20	
A/chicken/Yangzhou/YD1/20	
A/chicken/Yunnan/02.09_DQ	
A/chicken/Yunnan/03.15_DQ	
A/chicken/Yunnan/03.16__D	
A/chicken/Yunnan/03.16_DQ	
A/chicken/Yunnan/03.16_DQ	
A/chicken/Yunnan/03.16_DQ	
A/chicken/Yunnan/07.11_DQ	
A/Chicken/Yunnan/YN-8/201	
A/Chicken/Yunnan/YN-11/20	
A/Chicken/Yunnan/YN-12/20	
A/chicken/Zhejiang/727022	
A/chicken/Zhejiang/727026	
A/chicken/Zhejiang/727155	
A/chickenl/Jiangxi/E84/20	
A/Commom_Teal/Ningxia/474	
A/Copsychus_saularis/Guan	
A/duck/Anhui/AH328/2015|E	
A/duck/Anhui/S4/2016|EPI_	
A/duck/China/0936/2017|EP	
A/duck/China/0938/2017|EP	
A/duck/China/DK87/2016|EP	
A/Duck/China/H5N6/2020|EP	
A/duck/Dongguan/2685/2013	
A/duck/Eastern_China/S032	
A/duck/Eastern_China/S071	
A/duck/Eastern_China/S090	
A/duck/Fujian/1.17_FZHX01	
A/duck/Fujian/03.18_GTFJ-	
A/duck/Fujian/05.07_FZHMD	
A/duck/Fujian/05.07_FZHMD	
A/duck/Fujian/05.07_FZHMD	
A/duck/Fujian/10.26_FZHX0	
A/duck/Fujian/10.26_FZHX0	
A/duck/Fujian/11.3_FZHX11	
A/duck/Fujian/11.3_FZHX11	
A/duck/Fujian/11.23_FZHX0	
A/duck/Fujian/11.23_FZHX0	
A/duck/Fujian/11.23_FZHX0	
A/duck/Fujian/12.7_FZHX12	
A/duck/Fujian/12.7_FZHX12	
A/duck/Fujian/12.7_FZHX12	
A/duck/Fujian/12.7_FZHX12	
A/duck/Guangdong/01.01_SZ	
A/duck/Guangdong/01.01_SZ	
A/duck/Guangdong/01.01_SZ	
A/duck/Guangdong/01.01_SZ	
A/duck/Guangdong/01.01_SZ	
A/duck/Guangdong/01.01_SZ	
A/duck/Guangdong/01.01_SZ	
A/duck/Guangdong/01.01_SZ	
A/duck/Guangdong/01.01_SZ	
A/duck/Guangdong/01.01_SZ	
A/duck/Guangdong/02.11_DG	
A/duck/Guangdong/02.11_DG	
A/duck/Guangdong/02.11_DG	
A/duck/Guangdong/02.11_DG	
A/duck/Guangdong/02.11_DG	
A/duck/Guangdong/02.11_DG	
A/duck/Guangdong/03.26_DG	
A/duck/Guangdong/03.26_DG	
A/duck/Guangdong/03.26_DG	
A/duck/Guangdong/03.26_DG	
A/duck/Guangdong/03.26_DG	
A/duck/Guangdong/03.26_DG	
A/duck/Guangdong/03.26_DG	
A/duck/Guangdong/03.26_DG	
A/duck/Guangdong/03.26_DG	
A/duck/Guangdong/03.26_DG	
A/duck/Guangdong/03.26_DG	
A/duck/Guangdong/03.26_DG	
A/duck/Guangdong/03.26_DG	
A/duck/Guangdong/03.26_DG	
A/duck/Guangdong/03.26_DG	
A/duck/Guangdong/03.26_DG	
A/duck/Guangdong/03.26_DG	
A/duck/Guangdong/03.26_DG	
A/duck/Guangdong/03.26_DG	
A/duck/Guangdong/03.26_DG	
A/duck/Guangdong/03.26_DG	
A/duck/Guangdong/03.27_DG	
A/duck/Guangdong/03.27_DG	
A/duck/Guangdong/03.27_DG	
A/duck/Guangdong/03.27_DG	
A/duck/Guangdong/03.27_DG	
A/duck/Guangdong/04.15_SZ	
A/duck/Guangdong/04.15_SZ	
A/duck/Guangdong/04.15_SZ	
A/duck/Guangdong/04.16_LG	
A/duck/Guangdong/04.16_SZ	
A/duck/Guangdong/04.16_SZ	
A/duck/Guangdong/04.16_SZ	
A/duck/Guangdong/04.16_SZ	
A/duck/Guangdong/04.22_DG	
A/duck/Guangdong/04.22_DG	
A/duck/Guangdong/04.22_DG	
A/duck/Guangdong/04.22_DG	
A/duck/Guangdong/04.22_DG	
A/duck/Guangdong/04.22_DG	
A/duck/Guangdong/04.22_DG	
A/duck/Guangdong/04.22_DG	
A/duck/Guangdong/04.22_DG	
A/duck/Guangdong/04.22_DG	
A/duck/Guangdong/04.23_DG	
A/duck/Guangdong/04.23_DG	
A/duck/Guangdong/04.23_DG	
A/duck/Guangdong/04.23_DG	
A/duck/Guangdong/04.23_DG	
A/duck/Guangdong/04.23_DG	
A/duck/Guangdong/04.23_DG	
A/duck/Guangdong/04.23_DG	
A/duck/Guangdong/04.23_DG	
A/duck/Guangdong/04.23_DG	
A/duck/Guangdong/04.23_DG	
A/duck/Guangdong/04.23_DG	
A/duck/Guangdong/04.23_DG	
A/duck/Guangdong/04.23_DG	
A/duck/Guangdong/04.23_DG	
A/duck/Guangdong/04.23_DG	
A/duck/Guangdong/04.23_DG	
A/duck/Guangdong/04.23_DG	
A/duck/Guangdong/04.23_DG	
A/duck/Guangdong/04.23_DG	
A/duck/Guangdong/04.23_DG	
A/duck/Guangdong/04.23_DG	
A/duck/Guangdong/04.23_DG	
A/duck/Guangdong/04.23_DG	
A/duck/Guangdong/04.23_DG	
A/duck/Guangdong/04.23_DG	
A/duck/Guangdong/04.23_DG	
A/duck/Guangdong/04.23_DG	
A/duck/Guangdong/04.23_DG	
A/duck/Guangdong/04.23_DG	
A/duck/Guangdong/04.23_DG	
A/duck/Guangdong/04.23_DG	
A/duck/Guangdong/04.23_DG	
A/duck/Guangdong/04.23_DG	
A/duck/Guangdong/04.23_DG	
A/duck/Guangdong/04.23_DG	
A/duck/Guangdong/04.23_DG	
A/duck/Guangdong/04.23_DG	
A/duck/Guangdong/04.23_DG	
A/duck/Guangdong/04.23_DG	
A/duck/Guangdong/04.23_DG	
A/duck/Guangdong/04.23_DG	
A/duck/Guangdong/11.18_SZ	
A/duck/Guangdong/11.18_SZ	
A/duck/Guangdong/11.18_SZ	
A/duck/Guangdong/KGZ16007	
A/duck/Guangdong/KGZ16008	
A/duck/Guangdong/KGZ16009	
A/duck/Guangdong/KGZ16012	
A/Duck/Guangdong/PO172812	
A/Duck/Guangdong/PO172813	
A/Duck/Guangdong/PO172842	
A/Duck/Guangdong/PO170726	
A/Duck/Guangdong/PY501/20	
A/Duck/Guangdong/PY503/20	
A/duck/Guangdong/S1330/20	
A/duck/Guangdong/S4879/20	
A/duck/Guangdong/SE195/20	
A/Duck/Guangdong/SS1A1/20	
A/Duck/Guangdong/Yangjian	
A/duck/Guangxi/12.25_GLGX	
A/duck/Guangxi/S31116/202	
A/duck/Guangzhou/018/2014	
A/duck/Guangzhou/021/2014	
A/duck/Guizhou/7.27_ZYLJJ	
A/duck/Guizhou/8.26_ZYLJJ	
A/duck/Guizhou/8.26_ZYLJJ	
A/duck/Guizhou/S4702/2021	
A/duck/Hainan/12.29_HKPL0	
A/duck/Henan/01.01_LYGL00	
A/duck/Hubei/03.06__WHWTZ	
A/duck/Hubei/03.06__WHWTZ	
A/duck/Hubei/03.06__WHWTZ	
A/duck/Hubei/03.06__WHWTZ	
A/duck/Hubei/03.06__WHWTZ	
A/duck/HuBei/03.06__WHWTZ	
A/duck/Hubei/03.06_WHWTZ0	
A/duck/Hubei/03.06_WHWTZ0	
A/duck/Hunan/1.12_YYGK68H	
A/duck/Hunan/1.12_YYGK72H	
A/duck/Hunan/1.12_YYGK74H	
A/duck/Hunan/01.12_YYGK82	
A/duck/Hunan/01.16_YYFQH1	
A/duck/Hunan/01.16_YYFQH1	
A/duck/Hunan/01.16_YYFQH2	
A/duck/Hunan/01.16_YYFQH3	
A/duck/Hunan/01.16_YYFQH3	
A/duck/Hunan/01.16_YYFQH3	
A/duck/Hunan/01.16_YYFQH3	
A/duck/Hunan/01.16_YYFQH3	
A/duck/Hunan/01.16_YYFQH3	
A/duck/Hunan/01.16_YYFQH3	
A/duck/Hunan/01.16_YYGK21	
A/duck/Hunan/1.17_YYGKK80	
A/duck/Hunan/01.21_YYFQH0	
A/duck/Hunan/01.21_YYFQH0	
A/duck/Hunan/01.21_YYFQH0	
A/duck/Hunan/01.21_YYFQH0	
A/duck/Hunan/01.21_YYFQH0	
A/duck/Hunan/2.06_YYGK77J	
A/duck/Hunan/2.06_YYGK78J	
A/duck/Hunan/2.06_YYGK84J	
A/duck/Hunan/2.06_YYGK92J	
A/duck/Hunan/02.07__YYFQH	
A/duck/Hunan/02.07__YYFQH	
A/duck/Hunan/02.07_YYFQH0	
A/duck/Hunan/02.07_YYFQH0	
A/duck/Hunan/02.07_YYFQH0	
A/duck/Hunan/02.16_YYGK28	
A/duck/Hunan/02.26__YYFQH	
A/duck/Hunan/02.26__YYFQH	
A/duck/Hunan/02.26__YYGK2	
A/duck/Hunan/02.26__YYGK0	
A/duck/Hunan/02.26_YYFQH2	
A/duck/Hunan/02.26_YYFQH2	
A/duck/Hunan/02.26_YYFQH3	
A/duck/Hunan/02.26_YYFQHY	
A/duck/Hunan/02.26_YYGK25	
A/duck/Hunan/02.26_YYGK25	
A/duck/Hunan/02.26_YYGK26	
A/duck/Hunan/02.26_YYGK26	
A/duck/Hunan/02.26_YYGK27	
A/duck/Hunan/02.26_YYGK27	
A/duck/Hunan/02.26_YYGKY2	
A/duck/Hunan/02.26_YYGQH2	
A/duck/Hunan/03.07_YYGK4L	
A/duck/Hunan/03.07_YYGK25	
A/duck/Hunan/03.07_YYGK31	
A/duck/Hunan/03.09_YYFQH0	
A/duck/Hunan/03.09_YYFQH0	
A/duck/Hunan/03.09_YYFQH0	
A/duck/Hunan/03.24_YYGK18	
A/duck/Hunan/03.24_YYGK21	
A/duck/Hunan/03.24_YYGK17	
A/duck/Hunan/03.24_YYGK17	
A/duck/Hunan/04.14_YYGK06	
A/duck/Hunan/04.14_YYGK04	
A/duck/Hunan/04.14_YYGK45	
A/duck/Hunan/04.14_YYGK46	
A/duck/Hunan/04.14_YYGK46	
A/duck/Hunan/04.14_YYGK46	
A/duck/Hunan/04.14_YYGK47	
A/duck/Hunan/04.14_YYGK08	
A/duck/Hunan/04.14_YYXS87	
A/duck/Hunan/04.22_LDDX03	
A/duck/Hunan/7.21_YYGK41Y	
A/duck/Hunan/11.30_YYGK59	
A/duck/Hunan/11.30_YYGK62	
A/duck/Hunan/11.30_YYGK63	
A/duck/Hunan/11.30_YYGK75	
A/duck/Hunan/12.07__YYGK1	
A/duck/Hunan/12.07__YYGK1	
A/duck/Hunan/12.07__YYGK1	
A/duck/Hunan/12.07_YGK098	
A/duck/Hunan/12.07_YYGK03	
A/duck/Hunan/12.07_YYGK68	
A/duck/Hunan/12.07_YYGK10	
A/duck/Hunan/12.07_YYGK11	
A/duck/Hunan/12.17__YYFQH	
A/duck/Hunan/12.17__YYFQH	
A/duck/Hunan/12.17__YYGK0	
A/duck/Hunan/12.17_YYGK01	
A/duck/Hunan/12.17_YYGK04	
A/duck/Hunan/12.17_YYGK05	
A/duck/Hunan/12.17_YYGK00	
A/duck/Hunan/12.17_YYGK00	
A/duck/Hunan/12.17_YYGK00	
A/duck/Hunan/12.17_YYGK07	
A/duck/Hunan/12.17_YYGK08	
A/duck/Hunan/12.27_YYGK60	
A/duck/Hunan/12.27_YYGK71	
A/duck/Hunan/12.27_YYGK73	
A/duck/Hunan/12.27_YYGK81	
A/duck/Hunan/12.27_YYGK86	
A/duck/Hunan/12.27_YYGK89	
A/duck/Hunan/12.27_YYGK91	
A/duck/Hunan/12.27_YYGK93	
A/duck/Hunan/12.27_YYGK95	
A/duck/Hunan/12.27_YYGK96	
A/duck/Hunan/12.27_YYGK97	
A/duck/Hunan/12.27_YYGK10	
A/duck/Hunan/193/2014|EPI	
A/duck/Hunan/233/2014|EPI	
A/duck/Hunan/HN05/2014|EP	
A/duck/Hunan/HN13/2015|EP	
A/duck/Hunan/HN16/2015|EP	
A/duck/Hunan/HN29/2015|EP	
A/duck/Hunan/HN42/2015|EP	
A/duck/Hunan/HN45/2015|EP	
A/duck/Hunan/HN53/2015|EP	
A/duck/Hunan/HN54/2015|EP	
A/duck/Hunan/HN59/2015|EP	
A/duck/Hunan/HN60/2015|EP	
A/duck/Hunan/HN61/2015|EP	
A/duck/Hunan/HN64/2015|EP	
A/duck/Hunan/HN66/2015|EP	
A/duck/Hunan/HN67/2015|EP	
A/duck/Hunan/HN71/2015|EP	
A/duck/Hunan/HN72/2015|EP	
A/duck/Hunan/HN74/2015|EP	
A/duck/Hunan/HN76/2015|EP	
A/duck/Hunan/HN78/2015|EP	
A/duck/Hunan/HN80/2015|EP	
A/duck/Hunan/HN162/2015|E	
A/duck/Hunan/HN163/2015|E	
A/duck/Hunan/HN167/2015|E	
A/duck/Hunan/HN171/2015|E	
A/duck/Hunan/HN172/2015|E	
A/duck/Hunan/HN174/2015|E	
A/duck/Hunan/HN176/2015|E	
A/duck/Hunan/HN177/2015|E	
A/duck/Hunan/HN178/2015|E	
A/duck/Hunan/HN182/2015|E	
A/duck/Hunan/HN183/2015|E	
A/duck/Hunan/HN186/2015|E	
A/duck/Hunan/HN190/2015|E	
A/duck/Hunan/HN191/2015|E	
A/duck/Hunan/HN192/2015|E	
A/duck/Hunan/HN194/2015|E	
A/duck/Hunan/HN195/2015|E	
A/duck/Hunan/HN197/2015|E	
A/duck/Hunan/HN201/2015|E	
A/duck/Hunan/HN204/2015|E	
A/duck/Hunan/HN205/2015|E	
A/duck/Hunan/HN206/2015|E	
A/duck/Hunan/HN207/2015|E	
A/duck/Hunan/HN208/2015|E	
A/duck/Hunan/HN209/2015|E	
A/duck/Hunan/HN210/2015|E	
A/duck/Hunan/HN212/2015|E	
A/duck/Hunan/HN214/2015|E	
A/duck/Hunan/HN215/2015|E	
A/duck/Hunan/HN216/2015|E	
A/duck/Hunan/HN217/2015|E	
A/duck/Hunan/HN220/2015|E	
A/duck/Hunan/HN221/2015|E	
A/duck/Hunan/HN224/2015|E	
A/duck/Hunan/HN227/2015|E	
A/duck/Hunan/HN230/2015|E	
A/duck/Hunan/HN232/2015|E	
A/duck/Hunan/HN234/2015|E	
A/duck/Hunan/HN236/2015|E	
A/duck/Hunan/HN238/2015|E	
A/duck/Hunan/HN239/2015|E	
A/duck/Hunan/HN240/2015|E	
A/duck/Hunan/HN241/2015|E	
A/duck/Hunan/HN242/2015|E	
A/duck/Hunan/HN278/2015|E	
A/duck/Hunan/HN285/2015|E	
A/duck/Hunan/HN288/2015|E	
A/duck/Hunan/HN333/2015|E	
A/duck/Hunan/HN334/2015|E	
A/duck/Hunan/HN335/2015|E	
A/duck/Hunan/HN336/2015|E	
A/duck/Hunan/HN339/2015|E	
A/duck/Hunan/HN341/2015|E	
A/duck/Hunan/HN342/2015|E	
A/duck/Hunan/HN343/2015|E	
A/duck/Hunan/S40199/2021(	
A/duck/Hunan/S40268/2021(	
A/duck/Jiangxi/01.11_NCNP	
A/duck/Jiangxi/01.14_NCJD	
A/duck/Jiangxi/01.14_NCJD	
A/duck/Jiangxi/01.14_NCJD	
A/duck/Jiangxi/02.05_YGYX	
A/duck/Jiangxi/02.06_NCJD	
A/duck/Jiangxi/02.06_NCJD	
A/duck/Jiangxi/2.28_NCNP2	
A/duck/Jiangxi/2.28NCNP23	
A/duck/Jiangxi/03.11_NCHJ	
A/duck/Jiangxi/04.01__NCD	
A/duck/Jiangxi/04.01__NCD	
A/duck/Jiangxi/04.01_NCDZ	
A/duck/Jiangxi/05.07__NCJ	
A/duck/Jiangxi/5.26_NCDZT	
A/duck/Jiangxi/11.17_NCNP	
A/duck/Jiangxi/11.17_NCNP	
A/duck/Jiangxi/11.29_NCDZ	
A/duck/Jiangxi/11.29_NCNP	
A/duck/Jiangxi/11.29_NCNP	
A/duck/Jiangxi/95/2014|EP	
A/duck/Jiangxi/13469/2014	
A/duck/Jiangxi/13475/2014	
A/duck/Jiangxi/13484/2014	
A/Duck/Jiangxi/50446/2016	
A/Duck/Jiangxi/50455/2016	
A/duck/Jiangxi/E7/2014_(H	
A/duck/Jiangxi/F31/2014(H	
A/duck/Jiangxi/NCDZT1123/	
A/duck/Jiangxi/NCDZT1126/	
A/duck/Ningxia/YG61/2017|	
A/duck/Ningxia/YG71/2017|	
A/duck/Ningxia/YG83/2017|	
A/duck/Shandong/SD0261/20	
A/duck/Shandong/SD0263/20	
A/duck/Sichuan/04.27_NBXJ	
A/duck/Sichuan/04.27_NBXJ	
A/duck/Sichuan/04.27_NBXJ	
A/duck/Sichuan/04.27_NBXJ	
A/duck/Sichuan/04.27_NBXJ	
A/duck/Sichuan/04.27_NCXJ	
A/duck/Sichuan/NCXJ15/201	
A/duck/Sichuan/NCXJ24/201	
A/duck/Sichuan/S1805/2021	
A/duck/Sichuan/SC4822/202	
A/duck/Sichuan/SC5698/202	
A/duck/Sichuan/SD002/2021	
A/duck/Wuxi/7249/2015|EPI	
A/duck/Yunnan/03.15_DQWGH	
A/duck/Yunnan/03.16_DQXYL	
A/duck/Yunnan/03.16_DQXYL	
A/duck/Yunnan/03.16_DQXYL	
A/duck/Yunnan/03.16_DQXYL	
A/duck/Yunnan/07.15_DQNPH	
A/duck/Yunnan/07.15_DQNPH	
A/duck/Yunnan/07.15_DQNPH	
A/duck/Yunnan/07.15_DQNPH	
A/duck/Yunnan/S4318/2021(	
A/Duck/Yunnan/YN-2/2016_(	
A/Duck/Yunnan/YN-4/2015__	
A/Duck/Yunnan/YN-9/2016__	
A/Duck/Zhanjiang/15577/20	
A/duck/Zhejiang/02.28_JHZ	
A/duck/Zhejiang/727158/20	
A/duck/Zhejiang/S4854/202	
A/Egret/Shangdong/JN529/2	
A/environment/Hunan/HN261	
A/Falcated_Duck/Ningxia/4	
A/feline/Guangdong/2/2014	
A/Fujian/1/2024(H5N6)|EPI	
A/Fujian/2/2024(H5N6)|EPI	
A/Fujian-Sanyuan/21099/20	
A/Fujian-Sanyuan/21099/20	
A/Gadwall/Ningxia/472-7/2	
A/Gallinula_chloropus/Gua	
A/Goose/_Guangdong_/JG125	
A/Goose/_Guangdong_/SSLBY	
A/Goose/_Guangdong_/SSZYP	
A/goose/Anhui/AH350/2015|	
A/goose/China/0701/2018|E	
A/goose/Chongqing/SD003/2	
A/goose/Eastern_China/S05	
A/goose/Fujian/3.15_FZHX0	
A/goose/Fujian/3.15_FZHX0	
A/goose/Fujian/3.15_FZHX0	
A/goose/Fujian/3.15_FZHX0	
A/goose/Fujian/3.15_FZHX0	
A/goose/Fujian/10.11_FZHX	
A/goose/Fujian/10.26_FZHX	
A/goose/Fujian/10.26_FZHX	
A/goose/Fujian/10.26_FZHX	
A/goose/Fujian/10.26_FZHX	
A/goose/Fujian/10.26_FZHX	
A/goose/Fujian/10.26_FZHX	
A/goose/Fujian/10.26_FZHX	
A/goose/Fujian/10.26_FZHX	
A/goose/Fujian/10.26_FZHX	
A/goose/Fujian/11.3_FZHX1	
A/goose/Guangdong/03.27_D	
A/goose/Guangdong/04.22_D	
A/goose/Guangdong/04.22_D	
A/goose/Guangdong/04.22_D	
A/goose/Guangdong/04.22_D	
A/goose/Guangdong/04.23_D	
A/goose/Guangdong/04.23_D	
A/goose/Guangdong/04.23_D	
A/goose/Guangdong/04.23_D	
A/goose/Guangdong/7.20_DG	
A/Goose/Guangdong/PO17072	
A/goose/Guangdong/QY01/20	
A/goose/Guangdong/S230/20	
A/goose/Guangdong/S4751/2	
A/goose/Guangdong/YJD/201	
A/goose/Henan/01.01_LYGL0	
A/goose/Hubei/113/2014|EP	
A/goose/HuBei/117/2014|EP	
A/goose/Hunan/81/2014|EPI	
A/goose/Hunan/82/2014|EPI	
A/goose/Hunan/107/2014|EP	
A/goose/Hunan/109/2014|EP	
A/goose/Hunan/110/2014|EP	
A/goose/Hunan/111/2014|EP	
A/goose/Hunan/115/2014|EP	
A/goose/Hunan/116/2014|EP	
A/goose/Hunan/155/2014|EP	
A/goose/Hunan/159/2014|EP	
A/goose/Hunan/160/2014|EP	
A/goose/Hunan/161/2014|EP	
A/goose/Hunan/HN11/2015|E	
A/goose/Hunan/HN22/2015|E	
A/goose/Hunan/HN57/2015|E	
A/goose/Hunan/HN88/2015|E	
A/goose/Hunan/HN90/2015|E	
A/goose/Hunan/HN310/2015|	
A/goose/Hunan/HN311/2015|	
A/goose/Hunan/HN314/2015|	
A/goose/Hunan/HN315/2015|	
A/goose/Hunan/HN316/2015|	
A/goose/Hunan/HN317/2015|	
A/goose/Hunan/HN318/2015|	
A/goose/Hunan/HN319/2015|	
A/goose/Jiangxi/01.09_NFJ	
A/goose/Jilin/04.04_SY003	
A/Goose/Qingyuan/16875/20	
A/goose/Shandong/02.16_YG	
A/goose/Shandong/02.26_GD	
A/goose/Shandong/03.16_JN	
A/goose/Shandong/11.02_CQ	
A/goose/Shandong/12.05_YG	
A/goose/Xinjiang/12.18_WL	
A/goose/Xinjiang/12.18_WL	
A/goose/Yangzhou/YZ587/20	
A/goose/Yunnan/07.14_DQWC	
A/goose/Yunnan/07.14_DQWC	
A/goose/Zhejiang/112080/2	
A/goose/Zhejiang/727092/2	
A/goose/Zhejiang/727110/2	
A/goose/Zhejiang/925036/2	
A/goose/Zhejiang/925105/2	
A/goose/Zhejiang/925106/2	
A/goose/Zhejiang/925108/2	
A/goose/Zhejiang/1120132/	
A/Great_Cormorant/Hubei/c	
A/Great_Cormorant/Hubei/c	
A/Guangdong/18SF020/2018-	
A/Guangdong/12903/2021|EP	
A/Guangdong/lgf/2021|EPI_	
A/Guangxi/32797/2018|EPI_	
A/Guangxi/55726/2016|EPI_	
A/Guangzhou/39715/2014|EP	
A/GX-guilin/11151/2021|EP	
A/GX-hechi/01/2021|EPI_IS	
A/Hangzhou/01/2021|EPI_IS	
A/HeFei04171/2024|EPI_ISL	
A/Hubei/29578/2016_x_PR8_	
A/Hubei/29578/2016|EPI_IS	
A/Jiangsu/1/2018|EPI_ISL_	
A/Jiangsu/1/2018|EPI_ISL_	
A/Jiangsu/1/2020_(H5N6)|E	
A/Jiangsu/1/2020(H5N6)|EP	
A/Jiangsu/JSSZ01/2018|EPI	
A/Jiangxi/16791/2022|EPI_	
A/Luscinia_cyane/Jiangxi/	
A/Mallard/Jiangxi/JXH9/20	
A/Mallard/Jiangxi/JXH22/2	
A/migratory_waterfowl/Hub	
A/migratory_waterfowl/Hub	
A/mink/China/181/2019|EPI	
A/mink/China/183/2019|EPI	
A/mink/China/191/2019|EPI	
A/mink/China/456/2018|EPI	
A/mink/Eastern_China/006/	
A/mink/Eastern_China/149/	
A/mink/Eastern_China/528/	
A/mink/Eastern_China/571/	
A/mink/Northern_China/110	
A/Muscovy_duck/China/FJFZ	
A/Muscovy_duck/China/H5N6	
A/muscovy/duck/Hunan/85/2	
A/muscovy/duck/Hunan/88/2	
A/muscovy/duck/Hunan/89/2	
A/muscovy/duck/Hunan/90/2	
A/muscovy/duck/Hunan/93/2	
A/muscovy/duck/Hunan/94/2	
A/muscovy/duck/Hunan/101/	
A/muscovy/duck/Hunan/102/	
A/muscovy/duck/Hunan/103/	
A/muscovy/duck/Hunan/104/	
A/muscovy/duck/Hunan/125/	
A/muscovy/duck/Hunan/147/	
A/muscovy/duck/Hunan/148/	
A/muscovy/duck/Hunan/167/	
A/muscovy/duck/Hunan/183/	
A/muscovy/duck/Hunan/216/	
A/muscovy/duck/Hunan/229/	
A/muscovy/duck/Hunan/232/	
A/muscovy/duck/Hunan/HN34	
A/muscovy/duck/Hunan/HN34	
A/muscovy/duck/Hunan/HN34	
A/muscovy/duck/Hunan/HN34	
A/muscovy/duck/Hunan/HN35	
A/muscovy/duck/Hunan/HN35	
A/muscovy/duck/Hunan/HN35	
A/muscovy/duck/Hunan/HN35	
A/muscovy/duck/Hunan/HN35	
A/muscovy/duck/Hunan/HN35	
A/muscovy/duck/Hunan/HN35	
A/muscovy/duck/Hunan/HN35	
A/muscovy/duck/Hunan/HN36	
A/muscovy/duck/Hunan/HN36	
A/muscovy/duck/Hunan/HN36	
A/muscovy/duck/Hunan/HN36	
A/muscovy/duck/Hunan/HN36	
A/Northern_Pintail/HK/MP6	
A/oriental_magpie_robin/H	
A/Pavo_cristatus/China/JS	
A/Pavo_cristatus/China/K1	
A/Pavo_cristatus/Jiangxi/	
A/Phalacrocorax/Hubei/01.	
A/Phalacrocorax/Hubei/01.	
A/pigeon/Fujian/1.17_FZHX	
A/pigeon/Guangdong/04.15_	
A/pigeon/Guangdong/04.16_	
A/pigeon/Guangdong/04.23_	
A/pigeon/Hainan/1.14_HKPL	
A/Pigeon/Hunan/04.14_YYXS	
A/Pigeon/Jiangxi/02.10__N	
A/Pigeon/Jiangxi/04.01__N	
A/pigeon/Jilin/04.25_CCHL	
A/pigeon/Sichuan/04.27_NB	
A/Quail/Guangxi/GX-2/2017	
A/quail/Jiangxi/B9/2015_(	
A/Quail/Zhanjiang/16887/2	
A/Quanzhou/2/2024|EPI_ISL	
A/Shenzhen/1/2015|EPI_ISL	
A/Shenzhen/1/2016|EPI_ISL	
A/Shenzhen/TH001/2015_(H5	
A/Shenzhen/TH003/2016(H5N	
A/Shoveller/Ningxia/488-5	
A/Sichuan/26221/2014|EPI_	
A/silkie_chicken/Dongguan	
A/Spoonbill/HK/17-18259/2	
A/spoonbill/Taiwan/DB645/	
A/spot_billed_duck/Ningxi	
A/spot-billed_duck/Ningxi	
A/Streptopelia_decaocto/J	
A/Streptopelia_decaocto/J	
A/Streptopelia_decaocto/J	
A/swan_goose/Jilin/JL01/2	
A/swine/China/RZ/2018|EPI	
A/swine/Guangdong/1/2014|	
A/swine/Guangdong/2/2014|	
A/swine/Guangdong/G3/2015	
A/Syrrhaptes_paradoxus/Gu	
A/Waterfowl/Hubei/Chenhu1	
A/Waterfowl/Hubei/Chenhu1	
A/white_naped_crane/China	
A/White-eyed_Pochard/Ning	
A/Wigeon/Ningxia/476-12/2	
A/wild_bird/Hunan/01.14_Y	
A/wild_bird/Hunan/01.14_Y	
A/wild_bird/Hunan/02.24_Y	
A/wild_bird/Hunan/02.24_Y	
A/wild_bird/Hunan/03.08_D	
A/wild_bird/Taipei/04WB12	
A/wild_bird/Zhejiang/NBXS	
A/wild_pigeon/Jilin/CC01/	
A/Yunnan/14563/2015|EPI_I	
A/Yunnan/DQ002/2015(H5N6)	
A/Anas_crecca/Hubei/Chenh	
A/Changsha/1/2014_H5N6|GC	
A/China/Original/2018_H5N	
A/Commom_Teal/Ningxia/474	
A/Copsychus_saularis/Guan	
A/Falcated_Duck/Ningxia/4	
A/Ferruginous_Pochard/Nin	
A/Gadwall/Ningxia/472-7/2	
A/Gallinula_chloropus/Gua	
A/Guangdong/lgf/2021_H5N6	
A/Guangzhou/39715/2014_H5	
A/Northern_Shoveler/Ningx	
A/Pavo_cristatus/China/JS	
A/Pavo_cristatus/China/K1	
A/Pavo_cristatus/Jiangxi/	
A/Rattus_norvegicus/China	
A/Syrrhaptes_paradoxus/Gu	
A/Wild_bird/Huadong/DF10/	
A/Wild_bird/Huadong/GY116	
A/Wild_bird/Huadong/GY183	
A/Wild_bird/Huadong/GY999	
A/Wild_bird/Huadong/QP10/	
A/Wild_bird/Huadong/SH17/	
A/Wild_bird/Huadong/SSW7/	
A/Wild_bird/Huadong/SZ111	
A/Wild_bird/Huadong/YC148	
A/Wild_bird/Huadong/YX68/	
A/Yangzhou/125/2022_H5N6|	
A/black_chicken/Jiangxi/1	
A/cat/Sichuan/SC18/2014_H	
A/cat/Zhejiang/C1/2016_H5	
A/cat/Zhejiang/C2/2016_H5	
A/chicken/Anhui/MZ33/2016	
A/chicken/Anhui/MZ34/2016	
A/chicken/China/007/2019_	
A/chicken/China/1101/2019	
A/chicken/Dongguan/2690/2	
A/chicken/Dongguan/3363/2	
A/chicken/Dongguan/4259/2	
A/chicken/Fujian/11.23_FZ	
A/chicken/Ganzhou/GZ27/20	
A/chicken/Guangdong/GD160	
A/chicken/Guangxi/16/2019	
A/chicken/Henan/YB0597/20	
A/chicken/Hubei/ZYSJF11/2	
A/chicken/Hubei/ZYSJF16/2	
A/chicken/Hubei/ZYSJF38/2	
A/chicken/Hunan/02.06_YYG	
A/chicken/Hunan/03.07_YYG	
A/chicken/Hunan/12.27_YYG	
A/chicken/Hunan/12.27_YYG	
A/chicken/Jiangxi/NCDZT11	
A/chicken/Jiangxi/NCDZT11	
A/chicken/Jiangyin/JY0907	
A/chicken/Shanxi/04.28_TG	
A/chicken/Shanxi/12.01_TG	
A/chicken/Shenzhen/1061/2	
A/chicken/Shenzhen/1845/2	
A/chicken/Shenzhen/2269/2	
A/chicken/Shenzhen/2396/2	
A/chicken/Shenzhen/2464/2	
A/chicken/Shenzhen/433/20	
A/chicken/Shenzhen/552/20	
A/chicken/Shenzhen/715/20	
A/chicken/Sichuan/NCJPL1/	
A/chicken/Sichuan/k141/20	
A/chicken/Taishun/TS2/201	
A/chicken/Taishun/TS90/20	
A/chicken/Wuhan/WHYJ01/20	
A/chicken/Xuzhou/XZ6/2016	
A/chicken/Yangzhou/YD1/20	
A/chicken/Zhejiang/102637	
A/chicken/Zhejiang/13160/	
A/chicken/Zhejiang/528127	
A/chicken/Zhejiang/6107/2	
A/chicken/Zhejiang/6C2/20	
A/chicken/Zhejiang/727022	
A/chicken/Zhejiang/727026	
A/chicken/Zhejiang/727155	
A/common_mallard/Ningxia/	
A/duck/Anhui/S4/2016_H5N6	
A/duck/China/0936/2017_H5	
A/duck/China/0938/2017_H5	
A/duck/Dongguan/2685/2013	
A/duck/Eastern_China/S032	
A/duck/Eastern_China/S071	
A/duck/Eastern_China/S090	
A/duck/Fujian/1.17_FZHX01	
A/duck/Fujian/10.26_FZHX0	
A/duck/Fujian/10.26_FZHX0	
A/duck/Fujian/11.23_FZHX0	
A/duck/Fujian/11.23_FZHX0	
A/duck/Fujian/11.23_FZHX0	
A/duck/Fujian/11.3_FZHX11	
A/duck/Fujian/11.3_FZHX11	
A/duck/Fujian/12.7_FZHX12	
A/duck/Fujian/12.7_FZHX12	
A/duck/Fujian/12.7_FZHX12	
A/duck/Fujian/12.7_FZHX12	
A/duck/Guangdong/11.18_SZ	
A/duck/Guangdong/11.18_SZ	
A/duck/Guangdong/11.18_SZ	
A/duck/Guangdong/GD01/201	
A/duck/Guangzhou/018/2014	
A/duck/Guangzhou/021/2014	
A/duck/Guangzhou/41227/20	
A/duck/Guizhou/7.27_ZYLJJ	
A/duck/Guizhou/8.26_ZYLJJ	
A/duck/Guizhou/8.26_ZYLJJ	
A/duck/Hainan/12.29_HKPL0	
A/duck/Hunan/01.12_YYGK82	
A/duck/Hunan/03.07_YYGK25	
A/duck/Hunan/03.07_YYGK4L	
A/duck/Hunan/03.24_YYGK17	
A/duck/Hunan/03.24_YYGK17	
A/duck/Hunan/03.24_YYGK18	
A/duck/Hunan/03.24_YYGK21	
A/duck/Hunan/1.12_YYGK68H	
A/duck/Hunan/1.12_YYGK72H	
A/duck/Hunan/1.12_YYGK74H	
A/duck/Hunan/1.17_YYGKK80	
A/duck/Hunan/11.30_YYGK59	
A/duck/Hunan/11.30_YYGK62	
A/duck/Hunan/11.30_YYGK63	
A/duck/Hunan/11.30_YYGK75	
A/duck/Hunan/12.27_YYGK10	
A/duck/Hunan/12.27_YYGK60	
A/duck/Hunan/12.27_YYGK71	
A/duck/Hunan/12.27_YYGK73	
A/duck/Hunan/12.27_YYGK81	
A/duck/Hunan/12.27_YYGK86	
A/duck/Hunan/12.27_YYGK89	
A/duck/Hunan/12.27_YYGK91	
A/duck/Hunan/12.27_YYGK93	
A/duck/Hunan/12.27_YYGK95	
A/duck/Hunan/12.27_YYGK96	
A/duck/Hunan/12.27_YYGK97	
A/duck/Hunan/2.06_YYGK77J	
A/duck/Hunan/2.06_YYGK78J	
A/duck/Hunan/2.06_YYGK84J	
A/duck/Hunan/2.06_YYGK92J	
A/duck/Hunan/7.21_YYGK41Y	
A/duck/Jiangxi/01.11_NCNP	
A/duck/Jiangxi/10160/2014	
A/duck/Jiangxi/11.17_NCNP	
A/duck/Jiangxi/11.17_NCNP	
A/duck/Jiangxi/11.29_NCDZ	
A/duck/Jiangxi/11.29_NCNP	
A/duck/Jiangxi/11.29_NCNP	
A/duck/Jiangxi/13469/2014	
A/duck/Jiangxi/13475/2014	
A/duck/Jiangxi/13484/2014	
A/duck/Jiangxi/2.28NCNP23	
A/duck/Jiangxi/2.28_NCNP2	
A/duck/Jiangxi/5.26_NCDZT	
A/duck/Shandong/SD0261/20	
A/duck/Shandong/SD0263/20	
A/duck/Sichuan/NCXJ15/201	
A/duck/Sichuan/NCXJ16/201	
A/duck/Sichuan/SC4822/202	
A/duck/Sichuan/SC5698/202	
A/duck/Wuhan/JXYFB22/2015	
A/duck/Wuhan/WHYF02/2015_	
A/duck/Zhejiang/6D2/2013_	
A/duck/Zhejiang/727158/20	
A/egret/Zhejiang/W15/2017	
A/egret/Zhejiang/W18/2017	
A/feline/Guangdong/2/2015	
A/gadwall/Ningxia/YG61/20	
A/goose/China/0701/2018_H	
A/goose/China/M14/2016_H5	
A/goose/Eastern_China/S05	
A/goose/Fujian/10.11_FZHX	
A/goose/Fujian/10.26_FZHX	
A/goose/Fujian/10.26_FZHX	
A/goose/Fujian/10.26_FZHX	
A/goose/Fujian/10.26_FZHX	
A/goose/Fujian/10.26_FZHX	
A/goose/Fujian/10.26_FZHX	
A/goose/Fujian/10.26_FZHX	
A/goose/Fujian/10.26_FZHX	
A/goose/Fujian/10.26_FZHX	
A/goose/Fujian/11.3_FZHX1	
A/goose/Fujian/3.15_FZHX0	
A/goose/Fujian/3.15_FZHX0	
A/goose/Fujian/3.15_FZHX0	
A/goose/Fujian/3.15_FZHX0	
A/goose/Fujian/3.15_FZHX0	
A/goose/Guangdong/7.20_DG	
A/goose/Guangdong/QY01/20	
A/goose/Henan/01.01_LYGL0	
A/goose/Shantou/1763/2014	
A/goose/Xinjiang/12.18_WL	
A/goose/Xinjiang/12.18_WL	
A/goose/Yangzhou/YZ587/20	
A/goose/Zhejiang/1120132/	
A/goose/Zhejiang/112080/2	
A/goose/Zhejiang/727092/2	
A/goose/Zhejiang/727110/2	
A/goose/Zhejiang/925036/2	
A/goose/Zhejiang/925105/2	
A/goose/Zhejiang/925106/2	
A/goose/Zhejiang/925108/2	
A/migratory_waterfowl/Hub	
A/migratory_waterfowl/Hub	
A/mink/China/181/2019_H5N	
A/mink/China/183/2019_H5N	
A/mink/China/191/2019_H5N	
A/mink/China/456/2018_H5N	
A/mink/Eastern_China/006/	
A/mink/Eastern_China/149/	
A/mink/Eastern_China/528/	
A/mink/Eastern_China/571/	
A/mink/Northern_China/110	
A/oriental_magpie_robin/H	
A/pigeon/Fujian/1.17_FZHX	
A/pigeon/Hainan/1.14_HKPL	
A/silkie_chicken/Dongguan	
A/spot-billed_duck/Ningxi	
A/spot-billed_duck/Ningxi	
A/spot-billed_duck/Ningxi	
A/swan_goose/Jilin/JL01/2	
A/swine/China/RZ/2018_H5N	
A/swine/Guangdong/1/2014_	
A/swine/Guangdong/2/2014_	
A/turtledove/Wuhan/HKBJ43	
A/turtledove/Wuhan/WHBJ12	
A/turtledove/Wuhan/WHBJ28	
A/white-naped_crane/China	
A/wild_bird/Taipei/04WB12	
A/wild_pigeon/Jilin/CC01/	
A/Eurasian_Wigeon/Ningxia	
A/Anas_crecca/Hubei/Chenh	
A/Anas_crecca/Hubei/Chenh	
A/Anhui/2021-00011/2020|E	
A/Anhui/33163/2016|EPI_IS	
A/Anser_fabalis/Hunan/03.	
A/Bar-headed_goose/Qingha	
A/Bar-headed_goose/Qingha	
A/Bar-headed_goose/Qingha	
A/Bar-headed_goose/Qingha	
A/Bar-headed_goose/Qingha	
A/Bar-headed_goose/Qingha	
A/Bar-headed_goose/Qingha	
A/Bar-headed_goose/Qingha	
A/Bean_goose/Hubei/CH-I22	
A/black_chicken/Jiangxi/1	
A/canine/China/GX30/2023|	
A/cat/Sichuan/SC18/2014|E	
A/cat/Zhejiang/C1/2016|EP	
A/cat/Zhejiang/C2/2016|EP	
A/Changsha/1/2014|EPI_ISL	
A/chicken/China/007/2019|	
A/chicken/chongqing/H1/20	
A/chicken/Chongqing/SD001	
A/chicken/Dongguan/2690/2	
A/chicken/Dongguan/3363/2	
A/chicken/Dongguan/4259/2	
A/chicken/Fujian/05.07_FZ	
A/chicken/Fujian/09.16_GT	
A/chicken/Fujian/10.08_FZ	
A/chicken/Fujian/11.23_FZ	
A/chicken/Ganzhou/GZ27/20	
A/chicken/Guangdong/04.15	
A/chicken/Guangdong/10.16	
A/chicken/Guangdong/GD160	
A/chicken/Guangdong/MG170	
A/chicken/Guangdong/MG171	
A/chicken/Guangdong/MG171	
A/chicken/Guangdong/MG171	
A/chicken/Guangdong/MG173	
A/chicken/Guangdong/MG173	
A/chicken/Guangxi/04.10_N	
A/chicken/Guangxi/16/2019	
A/chicken/Guizhou/8.26_ZY	
A/Chicken/Hangzhou/E1149/	
A/chicken/Hubei/03.06__WH	
A/chicken/Hubei/03.06__WH	
A/chicken/Hubei/ZYSJF11/2	
A/chicken/Hubei/ZYSJF16/2	
A/chicken/Hubei/ZYSJF38/2	
A/Chicken/Huizhou/16274/2	
A/chicken/Hunan/02.06_YYG	
A/chicken/Hunan/03.07_YYG	
A/chicken/Hunan/03.07_YYG	
A/chicken/Hunan/3.07_YYGK	
A/chicken/Hunan/04.14_YYG	
A/chicken/Hunan/04.14_YYK	
A/chicken/Hunan/04.14_YYX	
A/chicken/Hunan/12.07__YY	
A/chicken/Hunan/12.07_YYG	
A/chicken/Hunan/12.27_YYG	
A/chicken/Hunan/12.27_YYG	
A/chicken/Hunan/12.27_YYG	
A/chicken/Hunan/12.28_YYG	
A/chicken/Hunan/HN40/2015	
A/chicken/Hunan/HN58/2015	
A/chicken/Hunan/HN75/2015	
A/chicken/Hunan/HN158/201	
A/chicken/Hunan/HN244/201	
A/chicken/Hunan/HN245/201	
A/chicken/Hunan/HN247/201	
A/chicken/Hunan/HN248/201	
A/chicken/Hunan/HN249/201	
A/chicken/Hunan/HN250/201	
A/chicken/Hunan/HN251/201	
A/chicken/Hunan/HN252/201	
A/chicken/Hunan/HN254/201	
A/chicken/Hunan/HN255/201	
A/chicken/Hunan/HN263/201	
A/chicken/Hunan/HN264/201	
A/chicken/Hunan/HN265/201	
A/chicken/Hunan/HN266/201	
A/chicken/Hunan/HN301/201	
A/chicken/Hunan/HN302/201	
A/chicken/Hunan/HN303/201	
A/chicken/Hunan/HN304/201	
A/chicken/Hunan/HN305/201	
A/chicken/Hunan/HN306/201	
A/chicken/Hunan/HN307/201	
A/chicken/Hunan/HN308/201	
A/chicken/Jiangsu/WXBING2	
A/chicken/Jiangsu/WXS7393	
A/chicken/Jiangxi/01.14_N	
A/chicken/Jiangxi/02.05_Y	
A/chicken/Jiangxi/02.05_Y	
A/chicken/Jiangxi/04.01__	
A/chicken/Jiangxi/04.01__	
A/chicken/Jiangxi/04.01__	
A/chicken/Jiangxi/04.01__	
A/chicken/Jiangxi/04.01__	
A/chicken/Jiangxi/04.01__	
A/chicken/Jiangxi/04.01_N	
A/chicken/Jiangxi/04.01_N	
A/chicken/Jiangxi/04.01_N	
A/chicken/Jiangxi/04.01_N	
A/chicken/Jiangxi/04.01_N	
A/chicken/Jiangxi/04.01_N	
A/chicken/Jiangxi/05.06__	
A/chicken/Jiangxi/10.30_N	
A/chicken/Jiangxi/12.05_N	
A/chicken/Jiangxi/12.05_N	
A/chicken/Jiangxi/12.05_N	
A/chicken/Jiangxi/12.05_N	
A/chicken/Jiangxi/12.05_N	
A/Chicken/Jiangxi/45093/2	
A/chicken/Jilin/04.11_CCH	
A/chicken/Shaanxi/SD001/2	
A/chicken/Shanxi/04.28_TG	
A/chicken/Shanxi/12.01_TG	
A/chicken/Shenzhen/433/20	
A/chicken/Shenzhen/552/20	
A/chicken/Shenzhen/715/20	
A/chicken/Shenzhen/1061/2	
A/chicken/Shenzhen/1845/2	
A/chicken/Shenzhen/2269/2	
A/chicken/Shenzhen/2396/2	
A/chicken/Shenzhen/2464/2	
A/chicken/Sichuan/k141/20	
A/chicken/Sichuan/NCJPL1/	
A/Chicken/Suzhou/j5/2019|	
A/Chicken/Suzhou/j6/2019|	
A/chicken/Taishun/TS2/201	
A/chicken/Taishun/TS90/20	
A/chicken/Wuxi/7157/2015|	
A/chicken/Wuxi/7765/2016|	
A/chicken/Wuxi/SC7393/201	
A/Chicken/Xuzhou/470/2017	
A/chicken/Xuzhou/XZ6/2016	
A/Chicken/Yangzhou/f6/201	
A/Chicken/Yangzhou/f9/201	
A/Chicken/Yangzhou/f14/20	
A/chicken/Yangzhou/YD1/20	
A/chicken/Yunnan/02.09_DQ	
A/chicken/Yunnan/03.15_DQ	
A/chicken/Yunnan/03.16__D	
A/chicken/Yunnan/03.16_DQ	
A/chicken/Yunnan/03.16_DQ	
A/chicken/Yunnan/03.16_DQ	
A/chicken/Yunnan/07.11_DQ	
A/Chicken/Yunnan/YN-8/201	
A/Chicken/Yunnan/YN-11/20	
A/Chicken/Yunnan/YN-12/20	
A/chicken/Zhejiang/727022	
A/chicken/Zhejiang/727026	
A/chicken/Zhejiang/727155	
A/chickenl/Jiangxi/E84/20	
A/Commom_Teal/Ningxia/474	
A/Copsychus_saularis/Guan	
A/duck/Anhui/AH328/2015|E	
A/duck/Anhui/S4/2016|EPI_	
A/duck/China/0936/2017|EP	
A/duck/China/0938/2017|EP	
A/duck/China/DK87/2016|EP	
A/Duck/China/H5N6/2020|EP	
A/duck/Dongguan/2685/2013	
A/duck/Eastern_China/S032	
A/duck/Eastern_China/S071	
A/duck/Eastern_China/S090	
A/duck/Fujian/1.17_FZHX01	
A/duck/Fujian/03.18_GTFJ-	
A/duck/Fujian/05.07_FZHMD	
A/duck/Fujian/05.07_FZHMD	
A/duck/Fujian/05.07_FZHMD	
A/duck/Fujian/10.26_FZHX0	
A/duck/Fujian/10.26_FZHX0	
A/duck/Fujian/11.3_FZHX11	
A/duck/Fujian/11.3_FZHX11	
A/duck/Fujian/11.23_FZHX0	
A/duck/Fujian/11.23_FZHX0	
A/duck/Fujian/11.23_FZHX0	
A/duck/Fujian/12.7_FZHX12	
A/duck/Fujian/12.7_FZHX12	
A/duck/Fujian/12.7_FZHX12	
A/duck/Fujian/12.7_FZHX12	
A/duck/Guangdong/01.01_SZ	
A/duck/Guangdong/01.01_SZ	
A/duck/Guangdong/01.01_SZ	
A/duck/Guangdong/01.01_SZ	
A/duck/Guangdong/01.01_SZ	
A/duck/Guangdong/01.01_SZ	
A/duck/Guangdong/01.01_SZ	
A/duck/Guangdong/01.01_SZ	
A/duck/Guangdong/01.01_SZ	
A/duck/Guangdong/01.01_SZ	
A/duck/Guangdong/02.11_DG	
A/duck/Guangdong/02.11_DG	
A/duck/Guangdong/02.11_DG	
A/duck/Guangdong/02.11_DG	
A/duck/Guangdong/02.11_DG	
A/duck/Guangdong/02.11_DG	
A/duck/Guangdong/03.26_DG	
A/duck/Guangdong/03.26_DG	
A/duck/Guangdong/03.26_DG	
A/duck/Guangdong/03.26_DG	
A/duck/Guangdong/03.26_DG	
A/duck/Guangdong/03.26_DG	
A/duck/Guangdong/03.26_DG	
A/duck/Guangdong/03.26_DG	
A/duck/Guangdong/03.26_DG	
A/duck/Guangdong/03.26_DG	
A/duck/Guangdong/03.26_DG	
A/duck/Guangdong/03.26_DG	
A/duck/Guangdong/03.26_DG	
A/duck/Guangdong/03.26_DG	
A/duck/Guangdong/03.26_DG	
A/duck/Guangdong/03.26_DG	
A/duck/Guangdong/03.26_DG	
A/duck/Guangdong/03.26_DG	
A/duck/Guangdong/03.26_DG	
A/duck/Guangdong/03.26_DG	
A/duck/Guangdong/03.26_DG	
A/duck/Guangdong/03.27_DG	
A/duck/Guangdong/03.27_DG	
A/duck/Guangdong/03.27_DG	
A/duck/Guangdong/03.27_DG	
A/duck/Guangdong/03.27_DG	
A/duck/Guangdong/04.15_SZ	
A/duck/Guangdong/04.15_SZ	
A/duck/Guangdong/04.15_SZ	
A/duck/Guangdong/04.16_LG	
A/duck/Guangdong/04.16_SZ	
A/duck/Guangdong/04.16_SZ	
A/duck/Guangdong/04.16_SZ	
A/duck/Guangdong/04.16_SZ	
A/duck/Guangdong/04.22_DG	
A/duck/Guangdong/04.22_DG	
A/duck/Guangdong/04.22_DG	
A/duck/Guangdong/04.22_DG	
A/duck/Guangdong/04.22_DG	
A/duck/Guangdong/04.22_DG	
A/duck/Guangdong/04.22_DG	
A/duck/Guangdong/04.22_DG	
A/duck/Guangdong/04.22_DG	
A/duck/Guangdong/04.22_DG	
A/duck/Guangdong/04.23_DG	
A/duck/Guangdong/04.23_DG	
A/duck/Guangdong/04.23_DG	
A/duck/Guangdong/04.23_DG	
A/duck/Guangdong/04.23_DG	
A/duck/Guangdong/04.23_DG	
A/duck/Guangdong/04.23_DG	
A/duck/Guangdong/04.23_DG	
A/duck/Guangdong/04.23_DG	
A/duck/Guangdong/04.23_DG	
A/duck/Guangdong/04.23_DG	
A/duck/Guangdong/04.23_DG	
A/duck/Guangdong/04.23_DG	
A/duck/Guangdong/04.23_DG	
A/duck/Guangdong/04.23_DG	
A/duck/Guangdong/04.23_DG	
A/duck/Guangdong/04.23_DG	
A/duck/Guangdong/04.23_DG	
A/duck/Guangdong/04.23_DG	
A/duck/Guangdong/04.23_DG	
A/duck/Guangdong/04.23_DG	
A/duck/Guangdong/04.23_DG	
A/duck/Guangdong/04.23_DG	
A/duck/Guangdong/04.23_DG	
A/duck/Guangdong/04.23_DG	
A/duck/Guangdong/04.23_DG	
A/duck/Guangdong/04.23_DG	
A/duck/Guangdong/04.23_DG	
A/duck/Guangdong/04.23_DG	
A/duck/Guangdong/04.23_DG	
A/duck/Guangdong/04.23_DG	
A/duck/Guangdong/04.23_DG	
A/duck/Guangdong/04.23_DG	
A/duck/Guangdong/04.23_DG	
A/duck/Guangdong/04.23_DG	
A/duck/Guangdong/04.23_DG	
A/duck/Guangdong/04.23_DG	
A/duck/Guangdong/04.23_DG	
A/duck/Guangdong/04.23_DG	
A/duck/Guangdong/04.23_DG	
A/duck/Guangdong/04.23_DG	
A/duck/Guangdong/04.23_DG	
A/duck/Guangdong/11.18_SZ	
A/duck/Guangdong/11.18_SZ	
A/duck/Guangdong/11.18_SZ	
A/duck/Guangdong/KGZ16007	
A/duck/Guangdong/KGZ16008	
A/duck/Guangdong/KGZ16009	
A/duck/Guangdong/KGZ16012	
A/Duck/Guangdong/PO172812	
A/Duck/Guangdong/PO172813	
A/Duck/Guangdong/PO172842	
A/Duck/Guangdong/PO170726	
A/Duck/Guangdong/PY501/20	
A/Duck/Guangdong/PY503/20	
A/duck/Guangdong/S1330/20	
A/duck/Guangdong/S4879/20	
A/duck/Guangdong/SE195/20	
A/Duck/Guangdong/SS1A1/20	
A/Duck/Guangdong/Yangjian	
A/duck/Guangxi/12.25_GLGX	
A/duck/Guangxi/S31116/202	
A/duck/Guangzhou/018/2014	
A/duck/Guangzhou/021/2014	
A/duck/Guizhou/7.27_ZYLJJ	
A/duck/Guizhou/8.26_ZYLJJ	
A/duck/Guizhou/8.26_ZYLJJ	
A/duck/Guizhou/S4702/2021	
A/duck/Hainan/12.29_HKPL0	
A/duck/Henan/01.01_LYGL00	
A/duck/Hubei/03.06__WHWTZ	
A/duck/Hubei/03.06__WHWTZ	
A/duck/Hubei/03.06__WHWTZ	
A/duck/Hubei/03.06__WHWTZ	
A/duck/Hubei/03.06__WHWTZ	
A/duck/HuBei/03.06__WHWTZ	
A/duck/Hubei/03.06_WHWTZ0	
A/duck/Hubei/03.06_WHWTZ0	
A/duck/Hunan/1.12_YYGK68H	
A/duck/Hunan/1.12_YYGK72H	
A/duck/Hunan/1.12_YYGK74H	
A/duck/Hunan/01.12_YYGK82	
A/duck/Hunan/01.16_YYFQH1	
A/duck/Hunan/01.16_YYFQH1	
A/duck/Hunan/01.16_YYFQH2	
A/duck/Hunan/01.16_YYFQH3	
A/duck/Hunan/01.16_YYFQH3	
A/duck/Hunan/01.16_YYFQH3	
A/duck/Hunan/01.16_YYFQH3	
A/duck/Hunan/01.16_YYFQH3	
A/duck/Hunan/01.16_YYFQH3	
A/duck/Hunan/01.16_YYFQH3	
A/duck/Hunan/01.16_YYGK21	
A/duck/Hunan/1.17_YYGKK80	
A/duck/Hunan/01.21_YYFQH0	
A/duck/Hunan/01.21_YYFQH0	
A/duck/Hunan/01.21_YYFQH0	
A/duck/Hunan/01.21_YYFQH0	
A/duck/Hunan/01.21_YYFQH0	
A/duck/Hunan/2.06_YYGK77J	
A/duck/Hunan/2.06_YYGK78J	
A/duck/Hunan/2.06_YYGK84J	
A/duck/Hunan/2.06_YYGK92J	
A/duck/Hunan/02.07__YYFQH	
A/duck/Hunan/02.07__YYFQH	
A/duck/Hunan/02.07_YYFQH0	
A/duck/Hunan/02.07_YYFQH0	
A/duck/Hunan/02.07_YYFQH0	
A/duck/Hunan/02.16_YYGK28	
A/duck/Hunan/02.26__YYFQH	
A/duck/Hunan/02.26__YYFQH	
A/duck/Hunan/02.26__YYGK2	
A/duck/Hunan/02.26__YYGK0	
A/duck/Hunan/02.26_YYFQH2	
A/duck/Hunan/02.26_YYFQH2	
A/duck/Hunan/02.26_YYFQH3	
A/duck/Hunan/02.26_YYFQHY	
A/duck/Hunan/02.26_YYGK25	
A/duck/Hunan/02.26_YYGK25	
A/duck/Hunan/02.26_YYGK26	
A/duck/Hunan/02.26_YYGK26	
A/duck/Hunan/02.26_YYGK27	
A/duck/Hunan/02.26_YYGK27	
A/duck/Hunan/02.26_YYGKY2	
A/duck/Hunan/02.26_YYGQH2	
A/duck/Hunan/03.07_YYGK4L	
A/duck/Hunan/03.07_YYGK25	
A/duck/Hunan/03.07_YYGK31	
A/duck/Hunan/03.09_YYFQH0	
A/duck/Hunan/03.09_YYFQH0	
A/duck/Hunan/03.09_YYFQH0	
A/duck/Hunan/03.24_YYGK18	
A/duck/Hunan/03.24_YYGK21	
A/duck/Hunan/03.24_YYGK17	
A/duck/Hunan/03.24_YYGK17	
A/duck/Hunan/04.14_YYGK06	
A/duck/Hunan/04.14_YYGK04	
A/duck/Hunan/04.14_YYGK45	
A/duck/Hunan/04.14_YYGK46	
A/duck/Hunan/04.14_YYGK46	
A/duck/Hunan/04.14_YYGK46	
A/duck/Hunan/04.14_YYGK47	
A/duck/Hunan/04.14_YYGK08	
A/duck/Hunan/04.14_YYXS87	
A/duck/Hunan/04.22_LDDX03	
A/duck/Hunan/7.21_YYGK41Y	
A/duck/Hunan/11.30_YYGK59	
A/duck/Hunan/11.30_YYGK62	
A/duck/Hunan/11.30_YYGK63	
A/duck/Hunan/11.30_YYGK75	
A/duck/Hunan/12.07__YYGK1	
A/duck/Hunan/12.07__YYGK1	
A/duck/Hunan/12.07__YYGK1	
A/duck/Hunan/12.07_YGK098	
A/duck/Hunan/12.07_YYGK03	
A/duck/Hunan/12.07_YYGK68	
A/duck/Hunan/12.07_YYGK10	
A/duck/Hunan/12.07_YYGK11	
A/duck/Hunan/12.17__YYFQH	
A/duck/Hunan/12.17__YYFQH	
A/duck/Hunan/12.17__YYGK0	
A/duck/Hunan/12.17_YYGK01	
A/duck/Hunan/12.17_YYGK04	
A/duck/Hunan/12.17_YYGK05	
A/duck/Hunan/12.17_YYGK00	
A/duck/Hunan/12.17_YYGK00	
A/duck/Hunan/12.17_YYGK00	
A/duck/Hunan/12.17_YYGK07	
A/duck/Hunan/12.17_YYGK08	
A/duck/Hunan/12.27_YYGK60	
A/duck/Hunan/12.27_YYGK71	
A/duck/Hunan/12.27_YYGK73	
A/duck/Hunan/12.27_YYGK81	
A/duck/Hunan/12.27_YYGK86	
A/duck/Hunan/12.27_YYGK89	
A/duck/Hunan/12.27_YYGK91	
A/duck/Hunan/12.27_YYGK93	
A/duck/Hunan/12.27_YYGK95	
A/duck/Hunan/12.27_YYGK96	
A/duck/Hunan/12.27_YYGK97	
A/duck/Hunan/12.27_YYGK10	
A/duck/Hunan/193/2014|EPI	
A/duck/Hunan/233/2014|EPI	
A/duck/Hunan/HN05/2014|EP	
A/duck/Hunan/HN13/2015|EP	
A/duck/Hunan/HN16/2015|EP	
A/duck/Hunan/HN29/2015|EP	
A/duck/Hunan/HN42/2015|EP	
A/duck/Hunan/HN45/2015|EP	
A/duck/Hunan/HN53/2015|EP	
A/duck/Hunan/HN54/2015|EP	
A/duck/Hunan/HN59/2015|EP	
A/duck/Hunan/HN60/2015|EP	
A/duck/Hunan/HN61/2015|EP	
A/duck/Hunan/HN64/2015|EP	
A/duck/Hunan/HN66/2015|EP	
A/duck/Hunan/HN67/2015|EP	
A/duck/Hunan/HN71/2015|EP	
A/duck/Hunan/HN72/2015|EP	
A/duck/Hunan/HN74/2015|EP	
A/duck/Hunan/HN76/2015|EP	
A/duck/Hunan/HN78/2015|EP	
A/duck/Hunan/HN80/2015|EP	
A/duck/Hunan/HN162/2015|E	
A/duck/Hunan/HN163/2015|E	
A/duck/Hunan/HN167/2015|E	
A/duck/Hunan/HN171/2015|E	
A/duck/Hunan/HN172/2015|E	
A/duck/Hunan/HN174/2015|E	
A/duck/Hunan/HN176/2015|E	
A/duck/Hunan/HN177/2015|E	
A/duck/Hunan/HN178/2015|E	
A/duck/Hunan/HN182/2015|E	
A/duck/Hunan/HN183/2015|E	
A/duck/Hunan/HN186/2015|E	
A/duck/Hunan/HN190/2015|E	
A/duck/Hunan/HN191/2015|E	
A/duck/Hunan/HN192/2015|E	
A/duck/Hunan/HN194/2015|E	
A/duck/Hunan/HN195/2015|E	
A/duck/Hunan/HN197/2015|E	
A/duck/Hunan/HN201/2015|E	
A/duck/Hunan/HN204/2015|E	
A/duck/Hunan/HN205/2015|E	
A/duck/Hunan/HN206/2015|E	
A/duck/Hunan/HN207/2015|E	
A/duck/Hunan/HN208/2015|E	
A/duck/Hunan/HN209/2015|E	
A/duck/Hunan/HN210/2015|E	
A/duck/Hunan/HN212/2015|E	
A/duck/Hunan/HN214/2015|E	
A/duck/Hunan/HN215/2015|E	
A/duck/Hunan/HN216/2015|E	
A/duck/Hunan/HN217/2015|E	
A/duck/Hunan/HN220/2015|E	
A/duck/Hunan/HN221/2015|E	
A/duck/Hunan/HN224/2015|E	
A/duck/Hunan/HN227/2015|E	
A/duck/Hunan/HN230/2015|E	
A/duck/Hunan/HN232/2015|E	
A/duck/Hunan/HN234/2015|E	
A/duck/Hunan/HN236/2015|E	
A/duck/Hunan/HN238/2015|E	
A/duck/Hunan/HN239/2015|E	
A/duck/Hunan/HN240/2015|E	
A/duck/Hunan/HN241/2015|E	
A/duck/Hunan/HN242/2015|E	
A/duck/Hunan/HN278/2015|E	
A/duck/Hunan/HN285/2015|E	
A/duck/Hunan/HN288/2015|E	
A/duck/Hunan/HN333/2015|E	
A/duck/Hunan/HN334/2015|E	
A/duck/Hunan/HN335/2015|E	
A/duck/Hunan/HN336/2015|E	
A/duck/Hunan/HN339/2015|E	
A/duck/Hunan/HN341/2015|E	
A/duck/Hunan/HN342/2015|E	
A/duck/Hunan/HN343/2015|E	
A/duck/Hunan/S40199/2021(	
A/duck/Hunan/S40268/2021(	
A/duck/Jiangxi/01.11_NCNP	
A/duck/Jiangxi/01.14_NCJD	
A/duck/Jiangxi/01.14_NCJD	
A/duck/Jiangxi/01.14_NCJD	
A/duck/Jiangxi/02.05_YGYX	
A/duck/Jiangxi/02.06_NCJD	
A/duck/Jiangxi/02.06_NCJD	
A/duck/Jiangxi/2.28_NCNP2	
A/duck/Jiangxi/2.28NCNP23	
A/duck/Jiangxi/03.11_NCHJ	
A/duck/Jiangxi/04.01__NCD	
A/duck/Jiangxi/04.01__NCD	
A/duck/Jiangxi/04.01_NCDZ	
A/duck/Jiangxi/05.07__NCJ	
A/duck/Jiangxi/5.26_NCDZT	
A/duck/Jiangxi/11.17_NCNP	
A/duck/Jiangxi/11.17_NCNP	
A/duck/Jiangxi/11.29_NCDZ	
A/duck/Jiangxi/11.29_NCNP	
A/duck/Jiangxi/11.29_NCNP	
A/duck/Jiangxi/95/2014|EP	
A/duck/Jiangxi/13469/2014	
A/duck/Jiangxi/13475/2014	
A/duck/Jiangxi/13484/2014	
A/Duck/Jiangxi/50446/2016	
A/Duck/Jiangxi/50455/2016	
A/duck/Jiangxi/E7/2014_(H	
A/duck/Jiangxi/F31/2014(H	
A/duck/Jiangxi/NCDZT1123/	
A/duck/Jiangxi/NCDZT1126/	
A/duck/Ningxia/YG61/2017|	
A/duck/Ningxia/YG71/2017|	
A/duck/Ningxia/YG83/2017|	
A/duck/Shandong/SD0261/20	
A/duck/Shandong/SD0263/20	
A/duck/Sichuan/04.27_NBXJ	
A/duck/Sichuan/04.27_NBXJ	
A/duck/Sichuan/04.27_NBXJ	
A/duck/Sichuan/04.27_NBXJ	
A/duck/Sichuan/04.27_NBXJ	
A/duck/Sichuan/04.27_NCXJ	
A/duck/Sichuan/NCXJ15/201	
A/duck/Sichuan/NCXJ24/201	
A/duck/Sichuan/S1805/2021	
A/duck/Sichuan/SC4822/202	
A/duck/Sichuan/SC5698/202	
A/duck/Sichuan/SD002/2021	
A/duck/Wuxi/7249/2015|EPI	
A/duck/Yunnan/03.15_DQWGH	
A/duck/Yunnan/03.16_DQXYL	
A/duck/Yunnan/03.16_DQXYL	
A/duck/Yunnan/03.16_DQXYL	
A/duck/Yunnan/03.16_DQXYL	
A/duck/Yunnan/07.15_DQNPH	
A/duck/Yunnan/07.15_DQNPH	
A/duck/Yunnan/07.15_DQNPH	
A/duck/Yunnan/07.15_DQNPH	
A/duck/Yunnan/S4318/2021(	
A/Duck/Yunnan/YN-2/2016_(	
A/Duck/Yunnan/YN-4/2015__	
A/Duck/Yunnan/YN-9/2016__	
A/Duck/Zhanjiang/15577/20	
A/duck/Zhejiang/02.28_JHZ	
A/duck/Zhejiang/727158/20	
A/duck/Zhejiang/S4854/202	
A/Egret/Shangdong/JN529/2	
A/environment/Hunan/HN261	
A/Falcated_Duck/Ningxia/4	
A/feline/Guangdong/2/2014	
A/Fujian/1/2024(H5N6)|EPI	
A/Fujian/2/2024(H5N6)|EPI	
A/Fujian-Sanyuan/21099/20	
A/Fujian-Sanyuan/21099/20	
A/Gadwall/Ningxia/472-7/2	
A/Gallinula_chloropus/Gua	
A/Goose/_Guangdong_/JG125	
A/Goose/_Guangdong_/SSLBY	
A/Goose/_Guangdong_/SSZYP	
A/goose/Anhui/AH350/2015|	
A/goose/China/0701/2018|E	
A/goose/Chongqing/SD003/2	
A/goose/Eastern_China/S05	
A/goose/Fujian/3.15_FZHX0	
A/goose/Fujian/3.15_FZHX0	
A/goose/Fujian/3.15_FZHX0	
A/goose/Fujian/3.15_FZHX0	
A/goose/Fujian/3.15_FZHX0	
A/goose/Fujian/10.11_FZHX	
A/goose/Fujian/10.26_FZHX	
A/goose/Fujian/10.26_FZHX	
A/goose/Fujian/10.26_FZHX	
A/goose/Fujian/10.26_FZHX	
A/goose/Fujian/10.26_FZHX	
A/goose/Fujian/10.26_FZHX	
A/goose/Fujian/10.26_FZHX	
A/goose/Fujian/10.26_FZHX	
A/goose/Fujian/10.26_FZHX	
A/goose/Fujian/11.3_FZHX1	
A/goose/Guangdong/03.27_D	
A/goose/Guangdong/04.22_D	
A/goose/Guangdong/04.22_D	
A/goose/Guangdong/04.22_D	
A/goose/Guangdong/04.22_D	
A/goose/Guangdong/04.23_D	
A/goose/Guangdong/04.23_D	
A/goose/Guangdong/04.23_D	
A/goose/Guangdong/04.23_D	
A/goose/Guangdong/7.20_DG	
A/Goose/Guangdong/PO17072	
A/goose/Guangdong/QY01/20	
A/goose/Guangdong/S230/20	
A/goose/Guangdong/S4751/2	
A/goose/Guangdong/YJD/201	
A/goose/Henan/01.01_LYGL0	
A/goose/Hubei/113/2014|EP	
A/goose/HuBei/117/2014|EP	
A/goose/Hunan/81/2014|EPI	
A/goose/Hunan/82/2014|EPI	
A/goose/Hunan/107/2014|EP	
A/goose/Hunan/109/2014|EP	
A/goose/Hunan/110/2014|EP	
A/goose/Hunan/111/2014|EP	
A/goose/Hunan/115/2014|EP	
A/goose/Hunan/116/2014|EP	
A/goose/Hunan/155/2014|EP	
A/goose/Hunan/159/2014|EP	
A/goose/Hunan/160/2014|EP	
A/goose/Hunan/161/2014|EP	
A/goose/Hunan/HN11/2015|E	
A/goose/Hunan/HN22/2015|E	
A/goose/Hunan/HN57/2015|E	
A/goose/Hunan/HN88/2015|E	
A/goose/Hunan/HN90/2015|E	
A/goose/Hunan/HN310/2015|	
A/goose/Hunan/HN311/2015|	
A/goose/Hunan/HN314/2015|	
A/goose/Hunan/HN315/2015|	
A/goose/Hunan/HN316/2015|	
A/goose/Hunan/HN317/2015|	
A/goose/Hunan/HN318/2015|	
A/goose/Hunan/HN319/2015|	
A/goose/Jiangxi/01.09_NFJ	
A/goose/Jilin/04.04_SY003	
A/Goose/Qingyuan/16875/20	
A/goose/Shandong/02.16_YG	
A/goose/Shandong/02.26_GD	
A/goose/Shandong/03.16_JN	
A/goose/Shandong/11.02_CQ	
A/goose/Shandong/12.05_YG	
A/goose/Xinjiang/12.18_WL	
A/goose/Xinjiang/12.18_WL	
A/goose/Yangzhou/YZ587/20	
A/goose/Yunnan/07.14_DQWC	
A/goose/Yunnan/07.14_DQWC	
A/goose/Zhejiang/112080/2	
A/goose/Zhejiang/727092/2	
A/goose/Zhejiang/727110/2	
A/goose/Zhejiang/925036/2	
A/goose/Zhejiang/925105/2	
A/goose/Zhejiang/925106/2	
A/goose/Zhejiang/925108/2	
A/goose/Zhejiang/1120132/	
A/Great_Cormorant/Hubei/c	
A/Great_Cormorant/Hubei/c	
A/Guangdong/18SF020/2018-	
A/Guangdong/12903/2021|EP	
A/Guangdong/lgf/2021|EPI_	
A/Guangxi/32797/2018|EPI_	
A/Guangxi/55726/2016|EPI_	
A/Guangzhou/39715/2014|EP	
A/GX-guilin/11151/2021|EP	
A/GX-hechi/01/2021|EPI_IS	
A/Hangzhou/01/2021|EPI_IS	
A/HeFei04171/2024|EPI_ISL	
A/Hubei/29578/2016_x_PR8_	
A/Hubei/29578/2016|EPI_IS	
A/Jiangsu/1/2018|EPI_ISL_	
A/Jiangsu/1/2018|EPI_ISL_	
A/Jiangsu/1/2020_(H5N6)|E	
A/Jiangsu/1/2020(H5N6)|EP	
A/Jiangsu/JSSZ01/2018|EPI	
A/Jiangxi/16791/2022|EPI_	
A/Luscinia_cyane/Jiangxi/	
A/Mallard/Jiangxi/JXH9/20	
A/Mallard/Jiangxi/JXH22/2	
A/migratory_waterfowl/Hub	
A/migratory_waterfowl/Hub	
A/mink/China/181/2019|EPI	
A/mink/China/183/2019|EPI	
A/mink/China/191/2019|EPI	
A/mink/China/456/2018|EPI	
A/mink/Eastern_China/006/	
A/mink/Eastern_China/149/	
A/mink/Eastern_China/528/	
A/mink/Eastern_China/571/	
A/mink/Northern_China/110	
A/Muscovy_duck/China/FJFZ	
A/Muscovy_duck/China/H5N6	
A/muscovy/duck/Hunan/85/2	
A/muscovy/duck/Hunan/88/2	
A/muscovy/duck/Hunan/89/2	
A/muscovy/duck/Hunan/90/2	
A/muscovy/duck/Hunan/93/2	
A/muscovy/duck/Hunan/94/2	
A/muscovy/duck/Hunan/101/	
A/muscovy/duck/Hunan/102/	
A/muscovy/duck/Hunan/103/	
A/muscovy/duck/Hunan/104/	
A/muscovy/duck/Hunan/125/	
A/muscovy/duck/Hunan/147/	
A/muscovy/duck/Hunan/148/	
A/muscovy/duck/Hunan/167/	
A/muscovy/duck/Hunan/183/	
A/muscovy/duck/Hunan/216/	
A/muscovy/duck/Hunan/229/	
A/muscovy/duck/Hunan/232/	
A/muscovy/duck/Hunan/HN34	
A/muscovy/duck/Hunan/HN34	
A/muscovy/duck/Hunan/HN34	
A/muscovy/duck/Hunan/HN34	
A/muscovy/duck/Hunan/HN35	
A/muscovy/duck/Hunan/HN35	
A/muscovy/duck/Hunan/HN35	
A/muscovy/duck/Hunan/HN35	
A/muscovy/duck/Hunan/HN35	
A/muscovy/duck/Hunan/HN35	
A/muscovy/duck/Hunan/HN35	
A/muscovy/duck/Hunan/HN35	
A/muscovy/duck/Hunan/HN36	
A/muscovy/duck/Hunan/HN36	
A/muscovy/duck/Hunan/HN36	
A/muscovy/duck/Hunan/HN36	
A/muscovy/duck/Hunan/HN36	
A/Northern_Pintail/HK/MP6	
A/oriental_magpie_robin/H	
A/Pavo_cristatus/China/JS	
A/Pavo_cristatus/China/K1	
A/Pavo_cristatus/Jiangxi/	
A/Phalacrocorax/Hubei/01.	
A/Phalacrocorax/Hubei/01.	
A/pigeon/Fujian/1.17_FZHX	
A/pigeon/Guangdong/04.15_	
A/pigeon/Guangdong/04.16_	
A/pigeon/Guangdong/04.23_	
A/pigeon/Hainan/1.14_HKPL	
A/Pigeon/Hunan/04.14_YYXS	
A/Pigeon/Jiangxi/02.10__N	
A/Pigeon/Jiangxi/04.01__N	
A/pigeon/Jilin/04.25_CCHL	
A/pigeon/Sichuan/04.27_NB	
A/Quail/Guangxi/GX-2/2017	
A/quail/Jiangxi/B9/2015_(	
A/Quail/Zhanjiang/16887/2	
A/Quanzhou/2/2024|EPI_ISL	
A/Shenzhen/1/2015|EPI_ISL	
A/Shenzhen/1/2016|EPI_ISL	
A/Shenzhen/TH001/2015_(H5	
A/Shenzhen/TH003/2016(H5N	
A/Shoveller/Ningxia/488-5	
A/Sichuan/26221/2014|EPI_	
A/silkie_chicken/Dongguan	
A/Spoonbill/HK/17-18259/2	
A/spoonbill/Taiwan/DB645/	
A/spot_billed_duck/Ningxi	
A/spot-billed_duck/Ningxi	
A/Streptopelia_decaocto/J	
A/Streptopelia_decaocto/J	
A/Streptopelia_decaocto/J	
A/swan_goose/Jilin/JL01/2	
A/swine/China/RZ/2018|EPI	
A/swine/Guangdong/1/2014|	
A/swine/Guangdong/2/2014|	
A/swine/Guangdong/G3/2015	
A/Syrrhaptes_paradoxus/Gu	
A/Waterfowl/Hubei/Chenhu1	
A/Waterfowl/Hubei/Chenhu1	
A/white_naped_crane/China	
A/White-eyed_Pochard/Ning	
A/Wigeon/Ningxia/476-12/2	
A/wild_bird/Hunan/01.14_Y	
A/wild_bird/Hunan/01.14_Y	
A/wild_bird/Hunan/02.24_Y	
A/wild_bird/Hunan/02.24_Y	
A/wild_bird/Hunan/03.08_D	
A/wild_bird/Taipei/04WB12	
A/wild_bird/Zhejiang/NBXS	
A/wild_pigeon/Jilin/CC01/	
A/Yunnan/14563/2015|EPI_I	
A/Yunnan/DQ002/2015(H5N6)	
A/Anas_crecca/Hubei/Chenh	
A/Changsha/1/2014_H5N6|GC	
A/China/Original/2018_H5N	
A/Commom_Teal/Ningxia/474	
A/Copsychus_saularis/Guan	
A/Falcated_Duck/Ningxia/4	
A/Ferruginous_Pochard/Nin	
A/Gadwall/Ningxia/472-7/2	
A/Gallinula_chloropus/Gua	
A/Guangdong/lgf/2021_H5N6	
A/Guangzhou/39715/2014_H5	
A/Northern_Shoveler/Ningx	
A/Pavo_cristatus/China/JS	
A/Pavo_cristatus/China/K1	
A/Pavo_cristatus/Jiangxi/	
A/Rattus_norvegicus/China	
A/Syrrhaptes_paradoxus/Gu	
A/Wild_bird/Huadong/DF10/	
A/Wild_bird/Huadong/GY116	
A/Wild_bird/Huadong/GY183	
A/Wild_bird/Huadong/GY999	
A/Wild_bird/Huadong/QP10/	
A/Wild_bird/Huadong/SH17/	
A/Wild_bird/Huadong/SSW7/	
A/Wild_bird/Huadong/SZ111	
A/Wild_bird/Huadong/YC148	
A/Wild_bird/Huadong/YX68/	
A/Yangzhou/125/2022_H5N6|	
A/black_chicken/Jiangxi/1	
A/cat/Sichuan/SC18/2014_H	
A/cat/Zhejiang/C1/2016_H5	
A/cat/Zhejiang/C2/2016_H5	
A/chicken/Anhui/MZ33/2016	
A/chicken/Anhui/MZ34/2016	
A/chicken/China/007/2019_	
A/chicken/China/1101/2019	
A/chicken/Dongguan/2690/2	
A/chicken/Dongguan/3363/2	
A/chicken/Dongguan/4259/2	
A/chicken/Fujian/11.23_FZ	
A/chicken/Ganzhou/GZ27/20	
A/chicken/Guangdong/GD160	
A/chicken/Guangxi/16/2019	
A/chicken/Henan/YB0597/20	
A/chicken/Hubei/ZYSJF11/2	
A/chicken/Hubei/ZYSJF16/2	
A/chicken/Hubei/ZYSJF38/2	
A/chicken/Hunan/02.06_YYG	
A/chicken/Hunan/03.07_YYG	
A/chicken/Hunan/12.27_YYG	
A/chicken/Hunan/12.27_YYG	
A/chicken/Jiangxi/NCDZT11	
A/chicken/Jiangxi/NCDZT11	
A/chicken/Jiangyin/JY0907	
A/chicken/Shanxi/04.28_TG	
A/chicken/Shanxi/12.01_TG	
A/chicken/Shenzhen/1061/2	
A/chicken/Shenzhen/1845/2	
A/chicken/Shenzhen/2269/2	
A/chicken/Shenzhen/2396/2	
A/chicken/Shenzhen/2464/2	
A/chicken/Shenzhen/433/20	
A/chicken/Shenzhen/552/20	
A/chicken/Shenzhen/715/20	
A/chicken/Sichuan/NCJPL1/	
A/chicken/Sichuan/k141/20	
A/chicken/Taishun/TS2/201	
A/chicken/Taishun/TS90/20	
A/chicken/Wuhan/WHYJ01/20	
A/chicken/Xuzhou/XZ6/2016	
A/chicken/Yangzhou/YD1/20	
A/chicken/Zhejiang/102637	
A/chicken/Zhejiang/13160/	
A/chicken/Zhejiang/528127	
A/chicken/Zhejiang/6107/2	
A/chicken/Zhejiang/6C2/20	
A/chicken/Zhejiang/727022	
A/chicken/Zhejiang/727026	
A/chicken/Zhejiang/727155	
A/common_mallard/Ningxia/	
A/duck/Anhui/S4/2016_H5N6	
A/duck/China/0936/2017_H5	
A/duck/China/0938/2017_H5	
A/duck/Dongguan/2685/2013	
A/duck/Eastern_China/S032	
A/duck/Eastern_China/S071	
A/duck/Eastern_China/S090	
A/duck/Fujian/1.17_FZHX01	
A/duck/Fujian/10.26_FZHX0	
A/duck/Fujian/10.26_FZHX0	
A/duck/Fujian/11.23_FZHX0	
A/duck/Fujian/11.23_FZHX0	
A/duck/Fujian/11.23_FZHX0	
A/duck/Fujian/11.3_FZHX11	
A/duck/Fujian/11.3_FZHX11	
A/duck/Fujian/12.7_FZHX12	
A/duck/Fujian/12.7_FZHX12	
A/duck/Fujian/12.7_FZHX12	
A/duck/Fujian/12.7_FZHX12	
A/duck/Guangdong/11.18_SZ	
A/duck/Guangdong/11.18_SZ	
A/duck/Guangdong/11.18_SZ	
A/duck/Guangdong/GD01/201	
A/duck/Guangzhou/018/2014	
A/duck/Guangzhou/021/2014	
A/duck/Guangzhou/41227/20	
A/duck/Guizhou/7.27_ZYLJJ	
A/duck/Guizhou/8.26_ZYLJJ	
A/duck/Guizhou/8.26_ZYLJJ	
A/duck/Hainan/12.29_HKPL0	
A/duck/Hunan/01.12_YYGK82	
A/duck/Hunan/03.07_YYGK25	
A/duck/Hunan/03.07_YYGK4L	
A/duck/Hunan/03.24_YYGK17	
A/duck/Hunan/03.24_YYGK17	
A/duck/Hunan/03.24_YYGK18	
A/duck/Hunan/03.24_YYGK21	
A/duck/Hunan/1.12_YYGK68H	
A/duck/Hunan/1.12_YYGK72H	
A/duck/Hunan/1.12_YYGK74H	
A/duck/Hunan/1.17_YYGKK80	
A/duck/Hunan/11.30_YYGK59	
A/duck/Hunan/11.30_YYGK62	
A/duck/Hunan/11.30_YYGK63	
A/duck/Hunan/11.30_YYGK75	
A/duck/Hunan/12.27_YYGK10	
A/duck/Hunan/12.27_YYGK60	
A/duck/Hunan/12.27_YYGK71	
A/duck/Hunan/12.27_YYGK73	
A/duck/Hunan/12.27_YYGK81	
A/duck/Hunan/12.27_YYGK86	
A/duck/Hunan/12.27_YYGK89	
A/duck/Hunan/12.27_YYGK91	
A/duck/Hunan/12.27_YYGK93	
A/duck/Hunan/12.27_YYGK95	
A/duck/Hunan/12.27_YYGK96	
A/duck/Hunan/12.27_YYGK97	
A/duck/Hunan/2.06_YYGK77J	
A/duck/Hunan/2.06_YYGK78J	
A/duck/Hunan/2.06_YYGK84J	
A/duck/Hunan/2.06_YYGK92J	
A/duck/Hunan/7.21_YYGK41Y	
A/duck/Jiangxi/01.11_NCNP	
A/duck/Jiangxi/10160/2014	
A/duck/Jiangxi/11.17_NCNP	
A/duck/Jiangxi/11.17_NCNP	
A/duck/Jiangxi/11.29_NCDZ	
A/duck/Jiangxi/11.29_NCNP	
A/duck/Jiangxi/11.29_NCNP	
A/duck/Jiangxi/13469/2014	
A/duck/Jiangxi/13475/2014	
A/duck/Jiangxi/13484/2014	
A/duck/Jiangxi/2.28NCNP23	
A/duck/Jiangxi/2.28_NCNP2	
A/duck/Jiangxi/5.26_NCDZT	
A/duck/Shandong/SD0261/20	
A/duck/Shandong/SD0263/20	
A/duck/Sichuan/NCXJ15/201	
A/duck/Sichuan/NCXJ16/201	
A/duck/Sichuan/SC4822/202	
A/duck/Sichuan/SC5698/202	
A/duck/Wuhan/JXYFB22/2015	
A/duck/Wuhan/WHYF02/2015_	
A/duck/Zhejiang/6D2/2013_	
A/duck/Zhejiang/727158/20	
A/egret/Zhejiang/W15/2017	
A/egret/Zhejiang/W18/2017	
A/feline/Guangdong/2/2015	
A/gadwall/Ningxia/YG61/20	
A/goose/China/0701/2018_H	
A/goose/China/M14/2016_H5	
A/goose/Eastern_China/S05	
A/goose/Fujian/10.11_FZHX	
A/goose/Fujian/10.26_FZHX	
A/goose/Fujian/10.26_FZHX	
A/goose/Fujian/10.26_FZHX	
A/goose/Fujian/10.26_FZHX	
A/goose/Fujian/10.26_FZHX	
A/goose/Fujian/10.26_FZHX	
A/goose/Fujian/10.26_FZHX	
A/goose/Fujian/10.26_FZHX	
A/goose/Fujian/10.26_FZHX	
A/goose/Fujian/11.3_FZHX1	
A/goose/Fujian/3.15_FZHX0	
A/goose/Fujian/3.15_FZHX0	
A/goose/Fujian/3.15_FZHX0	
A/goose/Fujian/3.15_FZHX0	
A/goose/Fujian/3.15_FZHX0	
A/goose/Guangdong/7.20_DG	
A/goose/Guangdong/QY01/20	
A/goose/Henan/01.01_LYGL0	
A/goose/Shantou/1763/2014	
A/goose/Xinjiang/12.18_WL	
A/goose/Xinjiang/12.18_WL	
A/goose/Yangzhou/YZ587/20	
A/goose/Zhejiang/1120132/	
A/goose/Zhejiang/112080/2	
A/goose/Zhejiang/727092/2	
A/goose/Zhejiang/727110/2	
A/goose/Zhejiang/925036/2	
A/goose/Zhejiang/925105/2	
A/goose/Zhejiang/925106/2	
A/goose/Zhejiang/925108/2	
A/migratory_waterfowl/Hub	
A/migratory_waterfowl/Hub	
A/mink/China/181/2019_H5N	
A/mink/China/183/2019_H5N	
A/mink/China/191/2019_H5N	
A/mink/China/456/2018_H5N	
A/mink/Eastern_China/006/	
A/mink/Eastern_China/149/	
A/mink/Eastern_China/528/	
A/mink/Eastern_China/571/	
A/mink/Northern_China/110	
A/oriental_magpie_robin/H	
A/pigeon/Fujian/1.17_FZHX	
A/pigeon/Hainan/1.14_HKPL	
A/silkie_chicken/Dongguan	
A/spot-billed_duck/Ningxi	
A/spot-billed_duck/Ningxi	
A/spot-billed_duck/Ningxi	
A/swan_goose/Jilin/JL01/2	
A/swine/China/RZ/2018_H5N	
A/swine/Guangdong/1/2014_	
A/swine/Guangdong/2/2014_	
A/turtledove/Wuhan/HKBJ43	
A/turtledove/Wuhan/WHBJ12	
A/turtledove/Wuhan/WHBJ28	
A/white-naped_crane/China	
A/wild_bird/Taipei/04WB12	
A/wild_pigeon/Jilin/CC01/	
A/Eurasian_Wigeon/Ningxia	
A/Anas_crecca/Hubei/Chenh	
A/Anas_crecca/Hubei/Chenh	
A/Anhui/2021-00011/2020|E	
A/Anhui/33163/2016|EPI_IS	
A/Anser_fabalis/Hunan/03.	
A/Bar-headed_goose/Qingha	
A/Bar-headed_goose/Qingha	
A/Bar-headed_goose/Qingha	
A/Bar-headed_goose/Qingha	
A/Bar-headed_goose/Qingha	
A/Bar-headed_goose/Qingha	
A/Bar-headed_goose/Qingha	
A/Bar-headed_goose/Qingha	
A/Bean_goose/Hubei/CH-I22	
A/black_chicken/Jiangxi/1	
A/canine/China/GX30/2023|	
A/cat/Sichuan/SC18/2014|E	
A/cat/Zhejiang/C1/2016|EP	
A/cat/Zhejiang/C2/2016|EP	
A/Changsha/1/2014|EPI_ISL	
A/chicken/China/007/2019|	
A/chicken/chongqing/H1/20	
A/chicken/Chongqing/SD001	
A/chicken/Dongguan/2690/2	
A/chicken/Dongguan/3363/2	
A/chicken/Dongguan/4259/2	
A/chicken/Fujian/05.07_FZ	
A/chicken/Fujian/09.16_GT	
A/chicken/Fujian/10.08_FZ	
A/chicken/Fujian/11.23_FZ	
A/chicken/Ganzhou/GZ27/20	
A/chicken/Guangdong/04.15	
A/chicken/Guangdong/10.16	
A/chicken/Guangdong/GD160	
A/chicken/Guangdong/MG170	
A/chicken/Guangdong/MG171	
A/chicken/Guangdong/MG171	
A/chicken/Guangdong/MG171	
A/chicken/Guangdong/MG173	
A/chicken/Guangdong/MG173	
A/chicken/Guangxi/04.10_N	
A/chicken/Guangxi/16/2019	
A/chicken/Guizhou/8.26_ZY	
A/Chicken/Hangzhou/E1149/	
A/chicken/Hubei/03.06__WH	
A/chicken/Hubei/03.06__WH	
A/chicken/Hubei/ZYSJF11/2	
A/chicken/Hubei/ZYSJF16/2	
A/chicken/Hubei/ZYSJF38/2	
A/Chicken/Huizhou/16274/2	
A/chicken/Hunan/02.06_YYG	
A/chicken/Hunan/03.07_YYG	
A/chicken/Hunan/03.07_YYG	
A/chicken/Hunan/3.07_YYGK	
A/chicken/Hunan/04.14_YYG	
A/chicken/Hunan/04.14_YYK	
A/chicken/Hunan/04.14_YYX	
A/chicken/Hunan/12.07__YY	
A/chicken/Hunan/12.07_YYG	
A/chicken/Hunan/12.27_YYG	
A/chicken/Hunan/12.27_YYG	
A/chicken/Hunan/12.27_YYG	
A/chicken/Hunan/12.28_YYG	
A/chicken/Hunan/HN40/2015	
A/chicken/Hunan/HN58/2015	
A/chicken/Hunan/HN75/2015	
A/chicken/Hunan/HN158/201	
A/chicken/Hunan/HN244/201	
A/chicken/Hunan/HN245/201	
A/chicken/Hunan/HN247/201	
A/chicken/Hunan/HN248/201	
A/chicken/Hunan/HN249/201	
A/chicken/Hunan/HN250/201	
A/chicken/Hunan/HN251/201	
A/chicken/Hunan/HN252/201	
A/chicken/Hunan/HN254/201	
A/chicken/Hunan/HN255/201	
A/chicken/Hunan/HN263/201	
A/chicken/Hunan/HN264/201	
A/chicken/Hunan/HN265/201	
A/chicken/Hunan/HN266/201	
A/chicken/Hunan/HN301/201	
A/chicken/Hunan/HN302/201	
A/chicken/Hunan/HN303/201	
A/chicken/Hunan/HN304/201	
A/chicken/Hunan/HN305/201	
A/chicken/Hunan/HN306/201	
A/chicken/Hunan/HN307/201	
A/chicken/Hunan/HN308/201	
A/chicken/Jiangsu/WXBING2	
A/chicken/Jiangsu/WXS7393	
A/chicken/Jiangxi/01.14_N	
A/chicken/Jiangxi/02.05_Y	
A/chicken/Jiangxi/02.05_Y	
A/chicken/Jiangxi/04.01__	
A/chicken/Jiangxi/04.01__	
A/chicken/Jiangxi/04.01__	
A/chicken/Jiangxi/04.01__	
A/chicken/Jiangxi/04.01__	
A/chicken/Jiangxi/04.01__	
A/chicken/Jiangxi/04.01_N	
A/chicken/Jiangxi/04.01_N	
A/chicken/Jiangxi/04.01_N	
A/chicken/Jiangxi/04.01_N	
A/chicken/Jiangxi/04.01_N	
A/chicken/Jiangxi/04.01_N	
A/chicken/Jiangxi/05.06__	
A/chicken/Jiangxi/10.30_N	
A/chicken/Jiangxi/12.05_N	
A/chicken/Jiangxi/12.05_N	
A/chicken/Jiangxi/12.05_N	
A/chicken/Jiangxi/12.05_N	
A/chicken/Jiangxi/12.05_N	
A/Chicken/Jiangxi/45093/2	
A/chicken/Jilin/04.11_CCH	
A/chicken/Shaanxi/SD001/2	
A/chicken/Shanxi/04.28_TG	
A/chicken/Shanxi/12.01_TG	
A/chicken/Shenzhen/433/20	
A/chicken/Shenzhen/552/20	
A/chicken/Shenzhen/715/20	
A/chicken/Shenzhen/1061/2	
A/chicken/Shenzhen/1845/2	
A/chicken/Shenzhen/2269/2	
A/chicken/Shenzhen/2396/2	
A/chicken/Shenzhen/2464/2	
A/chicken/Sichuan/k141/20	
A/chicken/Sichuan/NCJPL1/	
A/Chicken/Suzhou/j5/2019|	
A/Chicken/Suzhou/j6/2019|	
A/chicken/Taishun/TS2/201	
A/chicken/Taishun/TS90/20	
A/chicken/Wuxi/7157/2015|	
A/chicken/Wuxi/7765/2016|	
A/chicken/Wuxi/SC7393/201	
A/Chicken/Xuzhou/470/2017	
A/chicken/Xuzhou/XZ6/2016	
A/Chicken/Yangzhou/f6/201	
A/Chicken/Yangzhou/f9/201	
A/Chicken/Yangzhou/f14/20	
A/chicken/Yangzhou/YD1/20	
A/chicken/Yunnan/02.09_DQ	
A/chicken/Yunnan/03.15_DQ	
A/chicken/Yunnan/03.16__D	
A/chicken/Yunnan/03.16_DQ	
A/chicken/Yunnan/03.16_DQ	
A/chicken/Yunnan/03.16_DQ	
A/chicken/Yunnan/07.11_DQ	
A/Chicken/Yunnan/YN-8/201	
A/Chicken/Yunnan/YN-11/20	
A/Chicken/Yunnan/YN-12/20	
A/chicken/Zhejiang/727022	
A/chicken/Zhejiang/727026	
A/chicken/Zhejiang/727155	
A/chickenl/Jiangxi/E84/20	
A/Commom_Teal/Ningxia/474	
A/Copsychus_saularis/Guan	
A/duck/Anhui/AH328/2015|E	
A/duck/Anhui/S4/2016|EPI_	
A/duck/China/0936/2017|EP	
A/duck/China/0938/2017|EP	
A/duck/China/DK87/2016|EP	
A/Duck/China/H5N6/2020|EP	
A/duck/Dongguan/2685/2013	
A/duck/Eastern_China/S032	
A/duck/Eastern_China/S071	
A/duck/Eastern_China/S090	
A/duck/Fujian/1.17_FZHX01	
A/duck/Fujian/03.18_GTFJ-	
A/duck/Fujian/05.07_FZHMD	
A/duck/Fujian/05.07_FZHMD	
A/duck/Fujian/05.07_FZHMD	
A/duck/Fujian/10.26_FZHX0	
A/duck/Fujian/10.26_FZHX0	
A/duck/Fujian/11.3_FZHX11	
A/duck/Fujian/11.3_FZHX11	
A/duck/Fujian/11.23_FZHX0	
A/duck/Fujian/11.23_FZHX0	
A/duck/Fujian/11.23_FZHX0	
A/duck/Fujian/12.7_FZHX12	
A/duck/Fujian/12.7_FZHX12	
A/duck/Fujian/12.7_FZHX12	
A/duck/Fujian/12.7_FZHX12	
A/duck/Guangdong/01.01_SZ	
A/duck/Guangdong/01.01_SZ	
A/duck/Guangdong/01.01_SZ	
A/duck/Guangdong/01.01_SZ	
A/duck/Guangdong/01.01_SZ	
A/duck/Guangdong/01.01_SZ	
A/duck/Guangdong/01.01_SZ	
A/duck/Guangdong/01.01_SZ	
A/duck/Guangdong/01.01_SZ	
A/duck/Guangdong/01.01_SZ	
A/duck/Guangdong/02.11_DG	
A/duck/Guangdong/02.11_DG	
A/duck/Guangdong/02.11_DG	
A/duck/Guangdong/02.11_DG	
A/duck/Guangdong/02.11_DG	
A/duck/Guangdong/02.11_DG	
A/duck/Guangdong/03.26_DG	
A/duck/Guangdong/03.26_DG	
A/duck/Guangdong/03.26_DG	
A/duck/Guangdong/03.26_DG	
A/duck/Guangdong/03.26_DG	
A/duck/Guangdong/03.26_DG	
A/duck/Guangdong/03.26_DG	
A/duck/Guangdong/03.26_DG	
A/duck/Guangdong/03.26_DG	
A/duck/Guangdong/03.26_DG	
A/duck/Guangdong/03.26_DG	
A/duck/Guangdong/03.26_DG	
A/duck/Guangdong/03.26_DG	
A/duck/Guangdong/03.26_DG	
A/duck/Guangdong/03.26_DG	
A/duck/Guangdong/03.26_DG	
A/duck/Guangdong/03.26_DG	
A/duck/Guangdong/03.26_DG	
A/duck/Guangdong/03.26_DG	
A/duck/Guangdong/03.26_DG	
A/duck/Guangdong/03.26_DG	
A/duck/Guangdong/03.27_DG	
A/duck/Guangdong/03.27_DG	
A/duck/Guangdong/03.27_DG	
A/duck/Guangdong/03.27_DG	
A/duck/Guangdong/03.27_DG	
A/duck/Guangdong/04.15_SZ	
A/duck/Guangdong/04.15_SZ	
A/duck/Guangdong/04.15_SZ	
A/duck/Guangdong/04.16_LG	
A/duck/Guangdong/04.16_SZ	
A/duck/Guangdong/04.16_SZ	
A/duck/Guangdong/04.16_SZ	
A/duck/Guangdong/04.16_SZ	
A/duck/Guangdong/04.22_DG	
A/duck/Guangdong/04.22_DG	
A/duck/Guangdong/04.22_DG	
A/duck/Guangdong/04.22_DG	
A/duck/Guangdong/04.22_DG	
A/duck/Guangdong/04.22_DG	
A/duck/Guangdong/04.22_DG	
A/duck/Guangdong/04.22_DG	
A/duck/Guangdong/04.22_DG	
A/duck/Guangdong/04.22_DG	
A/duck/Guangdong/04.23_DG	
A/duck/Guangdong/04.23_DG	
A/duck/Guangdong/04.23_DG	
A/duck/Guangdong/04.23_DG	
A/duck/Guangdong/04.23_DG	
A/duck/Guangdong/04.23_DG	
A/duck/Guangdong/04.23_DG	
A/duck/Guangdong/04.23_DG	
A/duck/Guangdong/04.23_DG	
A/duck/Guangdong/04.23_DG	
A/duck/Guangdong/04.23_DG	
A/duck/Guangdong/04.23_DG	
A/duck/Guangdong/04.23_DG	
A/duck/Guangdong/04.23_DG	
A/duck/Guangdong/04.23_DG	
A/duck/Guangdong/04.23_DG	
A/duck/Guangdong/04.23_DG	
A/duck/Guangdong/04.23_DG	
A/duck/Guangdong/04.23_DG	
A/duck/Guangdong/04.23_DG	
A/duck/Guangdong/04.23_DG	
A/duck/Guangdong/04.23_DG	
A/duck/Guangdong/04.23_DG	
A/duck/Guangdong/04.23_DG	
A/duck/Guangdong/04.23_DG	
A/duck/Guangdong/04.23_DG	
A/duck/Guangdong/04.23_DG	
A/duck/Guangdong/04.23_DG	
A/duck/Guangdong/04.23_DG	
A/duck/Guangdong/04.23_DG	
A/duck/Guangdong/04.23_DG	
A/duck/Guangdong/04.23_DG	
A/duck/Guangdong/04.23_DG	
A/duck/Guangdong/04.23_DG	
A/duck/Guangdong/04.23_DG	
A/duck/Guangdong/04.23_DG	
A/duck/Guangdong/04.23_DG	
A/duck/Guangdong/04.23_DG	
A/duck/Guangdong/04.23_DG	
A/duck/Guangdong/04.23_DG	
A/duck/Guangdong/04.23_DG	
A/duck/Guangdong/04.23_DG	
A/duck/Guangdong/11.18_SZ	
A/duck/Guangdong/11.18_SZ	
A/duck/Guangdong/11.18_SZ	
A/duck/Guangdong/KGZ16007	
A/duck/Guangdong/KGZ16008	
A/duck/Guangdong/KGZ16009	
A/duck/Guangdong/KGZ16012	
A/Duck/Guangdong/PO172812	
A/Duck/Guangdong/PO172813	
A/Duck/Guangdong/PO172842	
A/Duck/Guangdong/PO170726	
A/Duck/Guangdong/PY501/20	
A/Duck/Guangdong/PY503/20	
A/duck/Guangdong/S1330/20	
A/duck/Guangdong/S4879/20	
A/duck/Guangdong/SE195/20	
A/Duck/Guangdong/SS1A1/20	
A/Duck/Guangdong/Yangjian	
A/duck/Guangxi/12.25_GLGX	
A/duck/Guangxi/S31116/202	
A/duck/Guangzhou/018/2014	
A/duck/Guangzhou/021/2014	
A/duck/Guizhou/7.27_ZYLJJ	
A/duck/Guizhou/8.26_ZYLJJ	
A/duck/Guizhou/8.26_ZYLJJ	
A/duck/Guizhou/S4702/2021	
A/duck/Hainan/12.29_HKPL0	
A/duck/Henan/01.01_LYGL00	
A/duck/Hubei/03.06__WHWTZ	
A/duck/Hubei/03.06__WHWTZ	
A/duck/Hubei/03.06__WHWTZ	
A/duck/Hubei/03.06__WHWTZ	
A/duck/Hubei/03.06__WHWTZ	
A/duck/HuBei/03.06__WHWTZ	
A/duck/Hubei/03.06_WHWTZ0	
A/duck/Hubei/03.06_WHWTZ0	
A/duck/Hunan/1.12_YYGK68H	
A/duck/Hunan/1.12_YYGK72H	
A/duck/Hunan/1.12_YYGK74H	
A/duck/Hunan/01.12_YYGK82	
A/duck/Hunan/01.16_YYFQH1	
A/duck/Hunan/01.16_YYFQH1	
A/duck/Hunan/01.16_YYFQH2	
A/duck/Hunan/01.16_YYFQH3	
A/duck/Hunan/01.16_YYFQH3	
A/duck/Hunan/01.16_YYFQH3	
A/duck/Hunan/01.16_YYFQH3	
A/duck/Hunan/01.16_YYFQH3	
A/duck/Hunan/01.16_YYFQH3	
A/duck/Hunan/01.16_YYFQH3	
A/duck/Hunan/01.16_YYGK21	
A/duck/Hunan/1.17_YYGKK80	
A/duck/Hunan/01.21_YYFQH0	
A/duck/Hunan/01.21_YYFQH0	
A/duck/Hunan/01.21_YYFQH0	
A/duck/Hunan/01.21_YYFQH0	
A/duck/Hunan/01.21_YYFQH0	
A/duck/Hunan/2.06_YYGK77J	
A/duck/Hunan/2.06_YYGK78J	
A/duck/Hunan/2.06_YYGK84J	
A/duck/Hunan/2.06_YYGK92J	
A/duck/Hunan/02.07__YYFQH	
A/duck/Hunan/02.07__YYFQH	
A/duck/Hunan/02.07_YYFQH0	
A/duck/Hunan/02.07_YYFQH0	
A/duck/Hunan/02.07_YYFQH0	
A/duck/Hunan/02.16_YYGK28	
A/duck/Hunan/02.26__YYFQH	
A/duck/Hunan/02.26__YYFQH	
A/duck/Hunan/02.26__YYGK2	
A/duck/Hunan/02.26__YYGK0	
A/duck/Hunan/02.26_YYFQH2	
A/duck/Hunan/02.26_YYFQH2	
A/duck/Hunan/02.26_YYFQH3	
A/duck/Hunan/02.26_YYFQHY	
A/duck/Hunan/02.26_YYGK25	
A/duck/Hunan/02.26_YYGK25	
A/duck/Hunan/02.26_YYGK26	
A/duck/Hunan/02.26_YYGK26	
A/duck/Hunan/02.26_YYGK27	
A/duck/Hunan/02.26_YYGK27	
A/duck/Hunan/02.26_YYGKY2	
A/duck/Hunan/02.26_YYGQH2	
A/duck/Hunan/03.07_YYGK4L	
A/duck/Hunan/03.07_YYGK25	
A/duck/Hunan/03.07_YYGK31	
A/duck/Hunan/03.09_YYFQH0	
A/duck/Hunan/03.09_YYFQH0	
A/duck/Hunan/03.09_YYFQH0	
A/duck/Hunan/03.24_YYGK18	
A/duck/Hunan/03.24_YYGK21	
A/duck/Hunan/03.24_YYGK17	
A/duck/Hunan/03.24_YYGK17	
A/duck/Hunan/04.14_YYGK06	
A/duck/Hunan/04.14_YYGK04	
A/duck/Hunan/04.14_YYGK45	
A/duck/Hunan/04.14_YYGK46	
A/duck/Hunan/04.14_YYGK46	
A/duck/Hunan/04.14_YYGK46	
A/duck/Hunan/04.14_YYGK47	
A/duck/Hunan/04.14_YYGK08	
A/duck/Hunan/04.14_YYXS87	
A/duck/Hunan/04.22_LDDX03	
A/duck/Hunan/7.21_YYGK41Y	
A/duck/Hunan/11.30_YYGK59	
A/duck/Hunan/11.30_YYGK62	
A/duck/Hunan/11.30_YYGK63	
A/duck/Hunan/11.30_YYGK75	
A/duck/Hunan/12.07__YYGK1	
A/duck/Hunan/12.07__YYGK1	
A/duck/Hunan/12.07__YYGK1	
A/duck/Hunan/12.07_YGK098	
A/duck/Hunan/12.07_YYGK03	
A/duck/Hunan/12.07_YYGK68	
A/duck/Hunan/12.07_YYGK10	
A/duck/Hunan/12.07_YYGK11	
A/duck/Hunan/12.17__YYFQH	
A/duck/Hunan/12.17__YYFQH	
A/duck/Hunan/12.17__YYGK0	
A/duck/Hunan/12.17_YYGK01	
A/duck/Hunan/12.17_YYGK04	
A/duck/Hunan/12.17_YYGK05	
A/duck/Hunan/12.17_YYGK00	
A/duck/Hunan/12.17_YYGK00	
A/duck/Hunan/12.17_YYGK00	
A/duck/Hunan/12.17_YYGK07	
A/duck/Hunan/12.17_YYGK08	
A/duck/Hunan/12.27_YYGK60	
A/duck/Hunan/12.27_YYGK71	
A/duck/Hunan/12.27_YYGK73	
A/duck/Hunan/12.27_YYGK81	
A/duck/Hunan/12.27_YYGK86	
A/duck/Hunan/12.27_YYGK89	
A/duck/Hunan/12.27_YYGK91	
A/duck/Hunan/12.27_YYGK93	
A/duck/Hunan/12.27_YYGK95	
A/duck/Hunan/12.27_YYGK96	
A/duck/Hunan/12.27_YYGK97	
A/duck/Hunan/12.27_YYGK10	
A/duck/Hunan/193/2014|EPI	
A/duck/Hunan/233/2014|EPI	
A/duck/Hunan/HN05/2014|EP	
A/duck/Hunan/HN13/2015|EP	
A/duck/Hunan/HN16/2015|EP	
A/duck/Hunan/HN29/2015|EP	
A/duck/Hunan/HN42/2015|EP	
A/duck/Hunan/HN45/2015|EP	
A/duck/Hunan/HN53/2015|EP	
A/duck/Hunan/HN54/2015|EP	
A/duck/Hunan/HN59/2015|EP	
A/duck/Hunan/HN60/2015|EP	
A/duck/Hunan/HN61/2015|EP	
A/duck/Hunan/HN64/2015|EP	
A/duck/Hunan/HN66/2015|EP	
A/duck/Hunan/HN67/2015|EP	
A/duck/Hunan/HN71/2015|EP	
A/duck/Hunan/HN72/2015|EP	
A/duck/Hunan/HN74/2015|EP	
A/duck/Hunan/HN76/2015|EP	
A/duck/Hunan/HN78/2015|EP	
A/duck/Hunan/HN80/2015|EP	
A/duck/Hunan/HN162/2015|E	
A/duck/Hunan/HN163/2015|E	
A/duck/Hunan/HN167/2015|E	
A/duck/Hunan/HN171/2015|E	
A/duck/Hunan/HN172/2015|E	
A/duck/Hunan/HN174/2015|E	
A/duck/Hunan/HN176/2015|E	
A/duck/Hunan/HN177/2015|E	
A/duck/Hunan/HN178/2015|E	
A/duck/Hunan/HN182/2015|E	
A/duck/Hunan/HN183/2015|E	
A/duck/Hunan/HN186/2015|E	
A/duck/Hunan/HN190/2015|E	
A/duck/Hunan/HN191/2015|E	
A/duck/Hunan/HN192/2015|E	
A/duck/Hunan/HN194/2015|E	
A/duck/Hunan/HN195/2015|E	
A/duck/Hunan/HN197/2015|E	
A/duck/Hunan/HN201/2015|E	
A/duck/Hunan/HN204/2015|E	
A/duck/Hunan/HN205/2015|E	
A/duck/Hunan/HN206/2015|E	
A/duck/Hunan/HN207/2015|E	
A/duck/Hunan/HN208/2015|E	
A/duck/Hunan/HN209/2015|E	
A/duck/Hunan/HN210/2015|E	
A/duck/Hunan/HN212/2015|E	
A/duck/Hunan/HN214/2015|E	
A/duck/Hunan/HN215/2015|E	
A/duck/Hunan/HN216/2015|E	
A/duck/Hunan/HN217/2015|E	
A/duck/Hunan/HN220/2015|E	
A/duck/Hunan/HN221/2015|E	
A/duck/Hunan/HN224/2015|E	
A/duck/Hunan/HN227/2015|E	
A/duck/Hunan/HN230/2015|E	
A/duck/Hunan/HN232/2015|E	
A/duck/Hunan/HN234/2015|E	
A/duck/Hunan/HN236/2015|E	
A/duck/Hunan/HN238/2015|E	
A/duck/Hunan/HN239/2015|E	
A/duck/Hunan/HN240/2015|E	
A/duck/Hunan/HN241/2015|E	
A/duck/Hunan/HN242/2015|E	
A/duck/Hunan/HN278/2015|E	
A/duck/Hunan/HN285/2015|E	
A/duck/Hunan/HN288/2015|E	
A/duck/Hunan/HN333/2015|E	
A/duck/Hunan/HN334/2015|E	
A/duck/Hunan/HN335/2015|E	
A/duck/Hunan/HN336/2015|E	
A/duck/Hunan/HN339/2015|E	
A/duck/Hunan/HN341/2015|E	
A/duck/Hunan/HN342/2015|E	
A/duck/Hunan/HN343/2015|E	
A/duck/Hunan/S40199/2021(	
A/duck/Hunan/S40268/2021(	
A/duck/Jiangxi/01.11_NCNP	
A/duck/Jiangxi/01.14_NCJD	
A/duck/Jiangxi/01.14_NCJD	
A/duck/Jiangxi/01.14_NCJD	
A/duck/Jiangxi/02.05_YGYX	
A/duck/Jiangxi/02.06_NCJD	
A/duck/Jiangxi/02.06_NCJD	
A/duck/Jiangxi/2.28_NCNP2	
A/duck/Jiangxi/2.28NCNP23	
A/duck/Jiangxi/03.11_NCHJ	
A/duck/Jiangxi/04.01__NCD	
A/duck/Jiangxi/04.01__NCD	
A/duck/Jiangxi/04.01_NCDZ	
A/duck/Jiangxi/05.07__NCJ	
A/duck/Jiangxi/5.26_NCDZT	
A/duck/Jiangxi/11.17_NCNP	
A/duck/Jiangxi/11.17_NCNP	
A/duck/Jiangxi/11.29_NCDZ	
A/duck/Jiangxi/11.29_NCNP	
A/duck/Jiangxi/11.29_NCNP	
A/duck/Jiangxi/95/2014|EP	
A/duck/Jiangxi/13469/2014	
A/duck/Jiangxi/13475/2014	
A/duck/Jiangxi/13484/2014	
A/Duck/Jiangxi/50446/2016	
A/Duck/Jiangxi/50455/2016	
A/duck/Jiangxi/E7/2014_(H	
A/duck/Jiangxi/F31/2014(H	
A/duck/Jiangxi/NCDZT1123/	
A/duck/Jiangxi/NCDZT1126/	
A/duck/Ningxia/YG61/2017|	
A/duck/Ningxia/YG71/2017|	
A/duck/Ningxia/YG83/2017|	
A/duck/Shandong/SD0261/20	
A/duck/Shandong/SD0263/20	
A/duck/Sichuan/04.27_NBXJ	
A/duck/Sichuan/04.27_NBXJ	
A/duck/Sichuan/04.27_NBXJ	
A/duck/Sichuan/04.27_NBXJ	
A/duck/Sichuan/04.27_NBXJ	
A/duck/Sichuan/04.27_NCXJ	
A/duck/Sichuan/NCXJ15/201	
A/duck/Sichuan/NCXJ24/201	
A/duck/Sichuan/S1805/2021	
A/duck/Sichuan/SC4822/202	
A/duck/Sichuan/SC5698/202	
A/duck/Sichuan/SD002/2021	
A/duck/Wuxi/7249/2015|EPI	
A/duck/Yunnan/03.15_DQWGH	
A/duck/Yunnan/03.16_DQXYL	
A/duck/Yunnan/03.16_DQXYL	
A/duck/Yunnan/03.16_DQXYL	
A/duck/Yunnan/03.16_DQXYL	
A/duck/Yunnan/07.15_DQNPH	
A/duck/Yunnan/07.15_DQNPH	
A/duck/Yunnan/07.15_DQNPH	
A/duck/Yunnan/07.15_DQNPH	
A/duck/Yunnan/S4318/2021(	
A/Duck/Yunnan/YN-2/2016_(	
A/Duck/Yunnan/YN-4/2015__	
A/Duck/Yunnan/YN-9/2016__	
A/Duck/Zhanjiang/15577/20	
A/duck/Zhejiang/02.28_JHZ	
A/duck/Zhejiang/727158/20	
A/duck/Zhejiang/S4854/202	
A/Egret/Shangdong/JN529/2	
A/environment/Hunan/HN261	
A/Falcated_Duck/Ningxia/4	
A/feline/Guangdong/2/2014	
A/Fujian/1/2024(H5N6)|EPI	
A/Fujian/2/2024(H5N6)|EPI	
A/Fujian-Sanyuan/21099/20	
A/Fujian-Sanyuan/21099/20	
A/Gadwall/Ningxia/472-7/2	
A/Gallinula_chloropus/Gua	
A/Goose/_Guangdong_/JG125	
A/Goose/_Guangdong_/SSLBY	
A/Goose/_Guangdong_/SSZYP	
A/goose/Anhui/AH350/2015|	
A/goose/China/0701/2018|E	
A/goose/Chongqing/SD003/2	
A/goose/Eastern_China/S05	
A/goose/Fujian/3.15_FZHX0	
A/goose/Fujian/3.15_FZHX0	
A/goose/Fujian/3.15_FZHX0	
A/goose/Fujian/3.15_FZHX0	
A/goose/Fujian/3.15_FZHX0	
A/goose/Fujian/10.11_FZHX	
A/goose/Fujian/10.26_FZHX	
A/goose/Fujian/10.26_FZHX	
A/goose/Fujian/10.26_FZHX	
A/goose/Fujian/10.26_FZHX	
A/goose/Fujian/10.26_FZHX	
A/goose/Fujian/10.26_FZHX	
A/goose/Fujian/10.26_FZHX	
A/goose/Fujian/10.26_FZHX	
A/goose/Fujian/10.26_FZHX	
A/goose/Fujian/11.3_FZHX1	
A/goose/Guangdong/03.27_D	
A/goose/Guangdong/04.22_D	
A/goose/Guangdong/04.22_D	
A/goose/Guangdong/04.22_D	
A/goose/Guangdong/04.22_D	
A/goose/Guangdong/04.23_D	
A/goose/Guangdong/04.23_D	
A/goose/Guangdong/04.23_D	
A/goose/Guangdong/04.23_D	
A/goose/Guangdong/7.20_DG	
A/Goose/Guangdong/PO17072	
A/goose/Guangdong/QY01/20	
A/goose/Guangdong/S230/20	
A/goose/Guangdong/S4751/2	
A/goose/Guangdong/YJD/201	
A/goose/Henan/01.01_LYGL0	
A/goose/Hubei/113/2014|EP	
A/goose/HuBei/117/2014|EP	
A/goose/Hunan/81/2014|EPI	
A/goose/Hunan/82/2014|EPI	
A/goose/Hunan/107/2014|EP	
A/goose/Hunan/109/2014|EP	
A/goose/Hunan/110/2014|EP	
A/goose/Hunan/111/2014|EP	
A/goose/Hunan/115/2014|EP	
A/goose/Hunan/116/2014|EP	
A/goose/Hunan/155/2014|EP	
A/goose/Hunan/159/2014|EP	
A/goose/Hunan/160/2014|EP	
A/goose/Hunan/161/2014|EP	
A/goose/Hunan/HN11/2015|E	
A/goose/Hunan/HN22/2015|E	
A/goose/Hunan/HN57/2015|E	
A/goose/Hunan/HN88/2015|E	
A/goose/Hunan/HN90/2015|E	
A/goose/Hunan/HN310/2015|	
A/goose/Hunan/HN311/2015|	
A/goose/Hunan/HN314/2015|	
A/goose/Hunan/HN315/2015|	
A/goose/Hunan/HN316/2015|	
A/goose/Hunan/HN317/2015|	
A/goose/Hunan/HN318/2015|	
A/goose/Hunan/HN319/2015|	
A/goose/Jiangxi/01.09_NFJ	
A/goose/Jilin/04.04_SY003	
A/Goose/Qingyuan/16875/20	
A/goose/Shandong/02.16_YG	
A/goose/Shandong/02.26_GD	
A/goose/Shandong/03.16_JN	
A/goose/Shandong/11.02_CQ	
A/goose/Shandong/12.05_YG	
A/goose/Xinjiang/12.18_WL	
A/goose/Xinjiang/12.18_WL	
A/goose/Yangzhou/YZ587/20	
A/goose/Yunnan/07.14_DQWC	
A/goose/Yunnan/07.14_DQWC	
A/goose/Zhejiang/112080/2	
A/goose/Zhejiang/727092/2	
A/goose/Zhejiang/727110/2	
A/goose/Zhejiang/925036/2	
A/goose/Zhejiang/925105/2	
A/goose/Zhejiang/925106/2	
A/goose/Zhejiang/925108/2	
A/goose/Zhejiang/1120132/	
A/Great_Cormorant/Hubei/c	
A/Great_Cormorant/Hubei/c	
A/Guangdong/18SF020/2018-	
A/Guangdong/12903/2021|EP	
A/Guangdong/lgf/2021|EPI_	
A/Guangxi/32797/2018|EPI_	
A/Guangxi/55726/2016|EPI_	
A/Guangzhou/39715/2014|EP	
A/GX-guilin/11151/2021|EP	
A/GX-hechi/01/2021|EPI_IS	
A/Hangzhou/01/2021|EPI_IS	
A/HeFei04171/2024|EPI_ISL	
A/Hubei/29578/2016_x_PR8_	
A/Hubei/29578/2016|EPI_IS	
A/Jiangsu/1/2018|EPI_ISL_	
A/Jiangsu/1/2018|EPI_ISL_	
A/Jiangsu/1/2020_(H5N6)|E	
A/Jiangsu/1/2020(H5N6)|EP	
A/Jiangsu/JSSZ01/2018|EPI	
A/Jiangxi/16791/2022|EPI_	
A/Luscinia_cyane/Jiangxi/	
A/Mallard/Jiangxi/JXH9/20	
A/Mallard/Jiangxi/JXH22/2	
A/migratory_waterfowl/Hub	
A/migratory_waterfowl/Hub	
A/mink/China/181/2019|EPI	
A/mink/China/183/2019|EPI	
A/mink/China/191/2019|EPI	
A/mink/China/456/2018|EPI	
A/mink/Eastern_China/006/	
A/mink/Eastern_China/149/	
A/mink/Eastern_China/528/	
A/mink/Eastern_China/571/	
A/mink/Northern_China/110	
A/Muscovy_duck/China/FJFZ	
A/Muscovy_duck/China/H5N6	
A/muscovy/duck/Hunan/85/2	
A/muscovy/duck/Hunan/88/2	
A/muscovy/duck/Hunan/89/2	
A/muscovy/duck/Hunan/90/2	
A/muscovy/duck/Hunan/93/2	
A/muscovy/duck/Hunan/94/2	
A/muscovy/duck/Hunan/101/	
A/muscovy/duck/Hunan/102/	
A/muscovy/duck/Hunan/103/	
A/muscovy/duck/Hunan/104/	
A/muscovy/duck/Hunan/125/	
A/muscovy/duck/Hunan/147/	
A/muscovy/duck/Hunan/148/	
A/muscovy/duck/Hunan/167/	
A/muscovy/duck/Hunan/183/	
A/muscovy/duck/Hunan/216/	
A/muscovy/duck/Hunan/229/	
A/muscovy/duck/Hunan/232/	
A/muscovy/duck/Hunan/HN34	
A/muscovy/duck/Hunan/HN34	
A/muscovy/duck/Hunan/HN34	
A/muscovy/duck/Hunan/HN34	
A/muscovy/duck/Hunan/HN35	
A/muscovy/duck/Hunan/HN35	
A/muscovy/duck/Hunan/HN35	
A/muscovy/duck/Hunan/HN35	
A/muscovy/duck/Hunan/HN35	
A/muscovy/duck/Hunan/HN35	
A/muscovy/duck/Hunan/HN35	
A/muscovy/duck/Hunan/HN35	
A/muscovy/duck/Hunan/HN36	
A/muscovy/duck/Hunan/HN36	
A/muscovy/duck/Hunan/HN36	
A/muscovy/duck/Hunan/HN36	
A/muscovy/duck/Hunan/HN36	
A/Northern_Pintail/HK/MP6	
A/oriental_magpie_robin/H	
A/Pavo_cristatus/China/JS	
A/Pavo_cristatus/China/K1	
A/Pavo_cristatus/Jiangxi/	
A/Phalacrocorax/Hubei/01.	
A/Phalacrocorax/Hubei/01.	
A/pigeon/Fujian/1.17_FZHX	
A/pigeon/Guangdong/04.15_	
A/pigeon/Guangdong/04.16_	
A/pigeon/Guangdong/04.23_	
A/pigeon/Hainan/1.14_HKPL	
A/Pigeon/Hunan/04.14_YYXS	
A/Pigeon/Jiangxi/02.10__N	
A/Pigeon/Jiangxi/04.01__N	
A/pigeon/Jilin/04.25_CCHL	
A/pigeon/Sichuan/04.27_NB	
A/Quail/Guangxi/GX-2/2017	
A/quail/Jiangxi/B9/2015_(	
A/Quail/Zhanjiang/16887/2	
A/Quanzhou/2/2024|EPI_ISL	
A/Shenzhen/1/2015|EPI_ISL	
A/Shenzhen/1/2016|EPI_ISL	
A/Shenzhen/TH001/2015_(H5	
A/Shenzhen/TH003/2016(H5N	
A/Shoveller/Ningxia/488-5	
A/Sichuan/26221/2014|EPI_	
A/silkie_chicken/Dongguan	
A/Spoonbill/HK/17-18259/2	
A/spoonbill/Taiwan/DB645/	
A/spot_billed_duck/Ningxi	
A/spot-billed_duck/Ningxi	
A/Streptopelia_decaocto/J	
A/Streptopelia_decaocto/J	
A/Streptopelia_decaocto/J	
A/swan_goose/Jilin/JL01/2	
A/swine/China/RZ/2018|EPI	
A/swine/Guangdong/1/2014|	
A/swine/Guangdong/2/2014|	
A/swine/Guangdong/G3/2015	
A/Syrrhaptes_paradoxus/Gu	
A/Waterfowl/Hubei/Chenhu1	
A/Waterfowl/Hubei/Chenhu1	
A/white_naped_crane/China	
A/White-eyed_Pochard/Ning	
A/Wigeon/Ningxia/476-12/2	
A/wild_bird/Hunan/01.14_Y	
A/wild_bird/Hunan/01.14_Y	
A/wild_bird/Hunan/02.24_Y	
A/wild_bird/Hunan/02.24_Y	
A/wild_bird/Hunan/03.08_D	
A/wild_bird/Taipei/04WB12	
A/wild_bird/Zhejiang/NBXS	
A/wild_pigeon/Jilin/CC01/	
A/Yunnan/14563/2015|EPI_I	
A/Yunnan/DQ002/2015(H5N6)	
A/Anas_crecca/Hubei/Chenh	
A/Changsha/1/2014_H5N6|GC	
A/China/Original/2018_H5N	
A/Commom_Teal/Ningxia/474	
A/Copsychus_saularis/Guan	
A/Falcated_Duck/Ningxia/4	
A/Ferruginous_Pochard/Nin	
A/Gadwall/Ningxia/472-7/2	
A/Gallinula_chloropus/Gua	
A/Guangdong/lgf/2021_H5N6	
A/Guangzhou/39715/2014_H5	
A/Northern_Shoveler/Ningx	
A/Pavo_cristatus/China/JS	
A/Pavo_cristatus/China/K1	
A/Pavo_cristatus/Jiangxi/	
A/Rattus_norvegicus/China	
A/Syrrhaptes_paradoxus/Gu	
A/Wild_bird/Huadong/DF10/	
A/Wild_bird/Huadong/GY116	
A/Wild_bird/Huadong/GY183	
A/Wild_bird/Huadong/GY999	
A/Wild_bird/Huadong/QP10/	
A/Wild_bird/Huadong/SH17/	
A/Wild_bird/Huadong/SSW7/	
A/Wild_bird/Huadong/SZ111	
A/Wild_bird/Huadong/YC148	
A/Wild_bird/Huadong/YX68/	
A/Yangzhou/125/2022_H5N6|	
A/black_chicken/Jiangxi/1	
A/cat/Sichuan/SC18/2014_H	
A/cat/Zhejiang/C1/2016_H5	
A/cat/Zhejiang/C2/2016_H5	
A/chicken/Anhui/MZ33/2016	
A/chicken/Anhui/MZ34/2016	
A/chicken/China/007/2019_	
A/chicken/China/1101/2019	
A/chicken/Dongguan/2690/2	
A/chicken/Dongguan/3363/2	
A/chicken/Dongguan/4259/2	
A/chicken/Fujian/11.23_FZ	
A/chicken/Ganzhou/GZ27/20	
A/chicken/Guangdong/GD160	
A/chicken/Guangxi/16/2019	
A/chicken/Henan/YB0597/20	
A/chicken/Hubei/ZYSJF11/2	
A/chicken/Hubei/ZYSJF16/2	
A/chicken/Hubei/ZYSJF38/2	
A/chicken/Hunan/02.06_YYG	
A/chicken/Hunan/03.07_YYG	
A/chicken/Hunan/12.27_YYG	
A/chicken/Hunan/12.27_YYG	
A/chicken/Jiangxi/NCDZT11	
A/chicken/Jiangxi/NCDZT11	
A/chicken/Jiangyin/JY0907	
A/chicken/Shanxi/04.28_TG	
A/chicken/Shanxi/12.01_TG	
A/chicken/Shenzhen/1061/2	
A/chicken/Shenzhen/1845/2	
A/chicken/Shenzhen/2269/2	
A/chicken/Shenzhen/2396/2	
A/chicken/Shenzhen/2464/2	
A/chicken/Shenzhen/433/20	
A/chicken/Shenzhen/552/20	
A/chicken/Shenzhen/715/20	
A/chicken/Sichuan/NCJPL1/	
A/chicken/Sichuan/k141/20	
A/chicken/Taishun/TS2/201	
A/chicken/Taishun/TS90/20	
A/chicken/Wuhan/WHYJ01/20	
A/chicken/Xuzhou/XZ6/2016	
A/chicken/Yangzhou/YD1/20	
A/chicken/Zhejiang/102637	
A/chicken/Zhejiang/13160/	
A/chicken/Zhejiang/528127	
A/chicken/Zhejiang/6107/2	
A/chicken/Zhejiang/6C2/20	
A/chicken/Zhejiang/727022	
A/chicken/Zhejiang/727026	
A/chicken/Zhejiang/727155	
A/common_mallard/Ningxia/	
A/duck/Anhui/S4/2016_H5N6	
A/duck/China/0936/2017_H5	
A/duck/China/0938/2017_H5	
A/duck/Dongguan/2685/2013	
A/duck/Eastern_China/S032	
A/duck/Eastern_China/S071	
A/duck/Eastern_China/S090	
A/duck/Fujian/1.17_FZHX01	
A/duck/Fujian/10.26_FZHX0	
A/duck/Fujian/10.26_FZHX0	
A/duck/Fujian/11.23_FZHX0	
A/duck/Fujian/11.23_FZHX0	
A/duck/Fujian/11.23_FZHX0	
A/duck/Fujian/11.3_FZHX11	
A/duck/Fujian/11.3_FZHX11	
A/duck/Fujian/12.7_FZHX12	
A/duck/Fujian/12.7_FZHX12	
A/duck/Fujian/12.7_FZHX12	
A/duck/Fujian/12.7_FZHX12	
A/duck/Guangdong/11.18_SZ	
A/duck/Guangdong/11.18_SZ	
A/duck/Guangdong/11.18_SZ	
A/duck/Guangdong/GD01/201	
A/duck/Guangzhou/018/2014	
A/duck/Guangzhou/021/2014	
A/duck/Guangzhou/41227/20	
A/duck/Guizhou/7.27_ZYLJJ	
A/duck/Guizhou/8.26_ZYLJJ	
A/duck/Guizhou/8.26_ZYLJJ	
A/duck/Hainan/12.29_HKPL0	
A/duck/Hunan/01.12_YYGK82	
A/duck/Hunan/03.07_YYGK25	
A/duck/Hunan/03.07_YYGK4L	
A/duck/Hunan/03.24_YYGK17	
A/duck/Hunan/03.24_YYGK17	
A/duck/Hunan/03.24_YYGK18	
A/duck/Hunan/03.24_YYGK21	
A/duck/Hunan/1.12_YYGK68H	
A/duck/Hunan/1.12_YYGK72H	
A/duck/Hunan/1.12_YYGK74H	
A/duck/Hunan/1.17_YYGKK80	
A/duck/Hunan/11.30_YYGK59	
A/duck/Hunan/11.30_YYGK62	
A/duck/Hunan/11.30_YYGK63	
A/duck/Hunan/11.30_YYGK75	
A/duck/Hunan/12.27_YYGK10	
A/duck/Hunan/12.27_YYGK60	
A/duck/Hunan/12.27_YYGK71	
A/duck/Hunan/12.27_YYGK73	
A/duck/Hunan/12.27_YYGK81	
A/duck/Hunan/12.27_YYGK86	
A/duck/Hunan/12.27_YYGK89	
A/duck/Hunan/12.27_YYGK91	
A/duck/Hunan/12.27_YYGK93	
A/duck/Hunan/12.27_YYGK95	
A/duck/Hunan/12.27_YYGK96	
A/duck/Hunan/12.27_YYGK97	
A/duck/Hunan/2.06_YYGK77J	
A/duck/Hunan/2.06_YYGK78J	
A/duck/Hunan/2.06_YYGK84J	
A/duck/Hunan/2.06_YYGK92J	
A/duck/Hunan/7.21_YYGK41Y	
A/duck/Jiangxi/01.11_NCNP	
A/duck/Jiangxi/10160/2014	
A/duck/Jiangxi/11.17_NCNP	
A/duck/Jiangxi/11.17_NCNP	
A/duck/Jiangxi/11.29_NCDZ	
A/duck/Jiangxi/11.29_NCNP	
A/duck/Jiangxi/11.29_NCNP	
A/duck/Jiangxi/13469/2014	
A/duck/Jiangxi/13475/2014	
A/duck/Jiangxi/13484/2014	
A/duck/Jiangxi/2.28NCNP23	
A/duck/Jiangxi/2.28_NCNP2	
A/duck/Jiangxi/5.26_NCDZT	
A/duck/Shandong/SD0261/20	
A/duck/Shandong/SD0263/20	
A/duck/Sichuan/NCXJ15/201	
A/duck/Sichuan/NCXJ16/201	
A/duck/Sichuan/SC4822/202	
A/duck/Sichuan/SC5698/202	
A/duck/Wuhan/JXYFB22/2015	
A/duck/Wuhan/WHYF02/2015_	
A/duck/Zhejiang/6D2/2013_	
A/duck/Zhejiang/727158/20	
A/egret/Zhejiang/W15/2017	
A/egret/Zhejiang/W18/2017	
A/feline/Guangdong/2/2015	
A/gadwall/Ningxia/YG61/20	
A/goose/China/0701/2018_H	
A/goose/China/M14/2016_H5	
A/goose/Eastern_China/S05	
A/goose/Fujian/10.11_FZHX	
A/goose/Fujian/10.26_FZHX	
A/goose/Fujian/10.26_FZHX	
A/goose/Fujian/10.26_FZHX	
A/goose/Fujian/10.26_FZHX	
A/goose/Fujian/10.26_FZHX	
A/goose/Fujian/10.26_FZHX	
A/goose/Fujian/10.26_FZHX	
A/goose/Fujian/10.26_FZHX	
A/goose/Fujian/10.26_FZHX	
A/goose/Fujian/11.3_FZHX1	
A/goose/Fujian/3.15_FZHX0	
A/goose/Fujian/3.15_FZHX0	
A/goose/Fujian/3.15_FZHX0	
A/goose/Fujian/3.15_FZHX0	
A/goose/Fujian/3.15_FZHX0	
A/goose/Guangdong/7.20_DG	
A/goose/Guangdong/QY01/20	
A/goose/Henan/01.01_LYGL0	
A/goose/Shantou/1763/2014	
A/goose/Xinjiang/12.18_WL	
A/goose/Xinjiang/12.18_WL	
A/goose/Yangzhou/YZ587/20	
A/goose/Zhejiang/1120132/	
A/goose/Zhejiang/112080/2	
A/goose/Zhejiang/727092/2	
A/goose/Zhejiang/727110/2	
A/goose/Zhejiang/925036/2	
A/goose/Zhejiang/925105/2	
A/goose/Zhejiang/925106/2	
A/goose/Zhejiang/925108/2	
A/migratory_waterfowl/Hub	
A/migratory_waterfowl/Hub	
A/mink/China/181/2019_H5N	
A/mink/China/183/2019_H5N	
A/mink/China/191/2019_H5N	
A/mink/China/456/2018_H5N	
A/mink/Eastern_China/006/	
A/mink/Eastern_China/149/	
A/mink/Eastern_China/528/	
A/mink/Eastern_China/571/	
A/mink/Northern_China/110	
A/oriental_magpie_robin/H	
A/pigeon/Fujian/1.17_FZHX	
A/pigeon/Hainan/1.14_HKPL	
A/silkie_chicken/Dongguan	
A/spot-billed_duck/Ningxi	
A/spot-billed_duck/Ningxi	
A/spot-billed_duck/Ningxi	
A/swan_goose/Jilin/JL01/2	
A/swine/China/RZ/2018_H5N	
A/swine/Guangdong/1/2014_	
A/swine/Guangdong/2/2014_	
A/turtledove/Wuhan/HKBJ43	
A/turtledove/Wuhan/WHBJ12	
A/turtledove/Wuhan/WHBJ28	
A/white-naped_crane/China	
A/wild_bird/Taipei/04WB12	
A/wild_pigeon/Jilin/CC01/	
A/Eurasian_Wigeon/Ningxia	
A/Anas_crecca/Hubei/Chenh	
A/Anas_crecca/Hubei/Chenh	
A/Anhui/2021-00011/2020|E	
A/Anhui/33163/2016|EPI_IS	
A/Anser_fabalis/Hunan/03.	
A/Bar-headed_goose/Qingha	
A/Bar-headed_goose/Qingha	
A/Bar-headed_goose/Qingha	
A/Bar-headed_goose/Qingha	
A/Bar-headed_goose/Qingha	
A/Bar-headed_goose/Qingha	
A/Bar-headed_goose/Qingha	
A/Bar-headed_goose/Qingha	
A/Bean_goose/Hubei/CH-I22	
A/black_chicken/Jiangxi/1	
A/canine/China/GX30/2023|	
A/cat/Sichuan/SC18/2014|E	
A/cat/Zhejiang/C1/2016|EP	
A/cat/Zhejiang/C2/2016|EP	
A/Changsha/1/2014|EPI_ISL	
A/chicken/China/007/2019|	
A/chicken/chongqing/H1/20	
A/chicken/Chongqing/SD001	
A/chicken/Dongguan/2690/2	
A/chicken/Dongguan/3363/2	
A/chicken/Dongguan/4259/2	
A/chicken/Fujian/05.07_FZ	
A/chicken/Fujian/09.16_GT	
A/chicken/Fujian/10.08_FZ	
A/chicken/Fujian/11.23_FZ	
A/chicken/Ganzhou/GZ27/20	
A/chicken/Guangdong/04.15	
A/chicken/Guangdong/10.16	
A/chicken/Guangdong/GD160	
A/chicken/Guangdong/MG170	
A/chicken/Guangdong/MG171	
A/chicken/Guangdong/MG171	
A/chicken/Guangdong/MG171	
A/chicken/Guangdong/MG173	
A/chicken/Guangdong/MG173	
A/chicken/Guangxi/04.10_N	
A/chicken/Guangxi/16/2019	
A/chicken/Guizhou/8.26_ZY	
A/Chicken/Hangzhou/E1149/	
A/chicken/Hubei/03.06__WH	
A/chicken/Hubei/03.06__WH	
A/chicken/Hubei/ZYSJF11/2	
A/chicken/Hubei/ZYSJF16/2	
A/chicken/Hubei/ZYSJF38/2	
A/Chicken/Huizhou/16274/2	
A/chicken/Hunan/02.06_YYG	
A/chicken/Hunan/03.07_YYG	
A/chicken/Hunan/03.07_YYG	
A/chicken/Hunan/3.07_YYGK	
A/chicken/Hunan/04.14_YYG	
A/chicken/Hunan/04.14_YYK	
A/chicken/Hunan/04.14_YYX	
A/chicken/Hunan/12.07__YY	
A/chicken/Hunan/12.07_YYG	
A/chicken/Hunan/12.27_YYG	
A/chicken/Hunan/12.27_YYG	
A/chicken/Hunan/12.27_YYG	
A/chicken/Hunan/12.28_YYG	
A/chicken/Hunan/HN40/2015	
A/chicken/Hunan/HN58/2015	
A/chicken/Hunan/HN75/2015	
A/chicken/Hunan/HN158/201	
A/chicken/Hunan/HN244/201	
A/chicken/Hunan/HN245/201	
A/chicken/Hunan/HN247/201	
A/chicken/Hunan/HN248/201	
A/chicken/Hunan/HN249/201	
A/chicken/Hunan/HN250/201	
A/chicken/Hunan/HN251/201	
A/chicken/Hunan/HN252/201	
A/chicken/Hunan/HN254/201	
A/chicken/Hunan/HN255/201	
A/chicken/Hunan/HN263/201	
A/chicken/Hunan/HN264/201	
A/chicken/Hunan/HN265/201	
A/chicken/Hunan/HN266/201	
A/chicken/Hunan/HN301/201	
A/chicken/Hunan/HN302/201	
A/chicken/Hunan/HN303/201	
A/chicken/Hunan/HN304/201	
A/chicken/Hunan/HN305/201	
A/chicken/Hunan/HN306/201	
A/chicken/Hunan/HN307/201	
A/chicken/Hunan/HN308/201	
A/chicken/Jiangsu/WXBING2	
A/chicken/Jiangsu/WXS7393	
A/chicken/Jiangxi/01.14_N	
A/chicken/Jiangxi/02.05_Y	
A/chicken/Jiangxi/02.05_Y	
A/chicken/Jiangxi/04.01__	
A/chicken/Jiangxi/04.01__	
A/chicken/Jiangxi/04.01__	
A/chicken/Jiangxi/04.01__	
A/chicken/Jiangxi/04.01__	
A/chicken/Jiangxi/04.01__	
A/chicken/Jiangxi/04.01_N	
A/chicken/Jiangxi/04.01_N	
A/chicken/Jiangxi/04.01_N	
A/chicken/Jiangxi/04.01_N	
A/chicken/Jiangxi/04.01_N	
A/chicken/Jiangxi/04.01_N	
A/chicken/Jiangxi/05.06__	
A/chicken/Jiangxi/10.30_N	
A/chicken/Jiangxi/12.05_N	
A/chicken/Jiangxi/12.05_N	
A/chicken/Jiangxi/12.05_N	
A/chicken/Jiangxi/12.05_N	
A/chicken/Jiangxi/12.05_N	
A/Chicken/Jiangxi/45093/2	
A/chicken/Jilin/04.11_CCH	
A/chicken/Shaanxi/SD001/2	
A/chicken/Shanxi/04.28_TG	
A/chicken/Shanxi/12.01_TG	
A/chicken/Shenzhen/433/20	
A/chicken/Shenzhen/552/20	
A/chicken/Shenzhen/715/20	
A/chicken/Shenzhen/1061/2	
A/chicken/Shenzhen/1845/2	
A/chicken/Shenzhen/2269/2	
A/chicken/Shenzhen/2396/2	
A/chicken/Shenzhen/2464/2	
A/chicken/Sichuan/k141/20	
A/chicken/Sichuan/NCJPL1/	
A/Chicken/Suzhou/j5/2019|	
A/Chicken/Suzhou/j6/2019|	
A/chicken/Taishun/TS2/201	
A/chicken/Taishun/TS90/20	
A/chicken/Wuxi/7157/2015|	
A/chicken/Wuxi/7765/2016|	
A/chicken/Wuxi/SC7393/201	
A/Chicken/Xuzhou/470/2017	
A/chicken/Xuzhou/XZ6/2016	
A/Chicken/Yangzhou/f6/201	
A/Chicken/Yangzhou/f9/201	
A/Chicken/Yangzhou/f14/20	
A/chicken/Yangzhou/YD1/20	
A/chicken/Yunnan/02.09_DQ	
A/chicken/Yunnan/03.15_DQ	
A/chicken/Yunnan/03.16__D	
A/chicken/Yunnan/03.16_DQ	
A/chicken/Yunnan/03.16_DQ	
A/chicken/Yunnan/03.16_DQ	
A/chicken/Yunnan/07.11_DQ	
A/Chicken/Yunnan/YN-8/201	
A/Chicken/Yunnan/YN-11/20	
A/Chicken/Yunnan/YN-12/20	
A/chicken/Zhejiang/727022	
A/chicken/Zhejiang/727026	
A/chicken/Zhejiang/727155	
A/chickenl/Jiangxi/E84/20	
A/Commom_Teal/Ningxia/474	
A/Copsychus_saularis/Guan	
A/duck/Anhui/AH328/2015|E	
A/duck/Anhui/S4/2016|EPI_	
A/duck/China/0936/2017|EP	
A/duck/China/0938/2017|EP	
A/duck/China/DK87/2016|EP	
A/Duck/China/H5N6/2020|EP	
A/duck/Dongguan/2685/2013	
A/duck/Eastern_China/S032	
A/duck/Eastern_China/S071	
A/duck/Eastern_China/S090	
A/duck/Fujian/1.17_FZHX01	
A/duck/Fujian/03.18_GTFJ-	
A/duck/Fujian/05.07_FZHMD	
A/duck/Fujian/05.07_FZHMD	
A/duck/Fujian/05.07_FZHMD	
A/duck/Fujian/10.26_FZHX0	
A/duck/Fujian/10.26_FZHX0	
A/duck/Fujian/11.3_FZHX11	
A/duck/Fujian/11.3_FZHX11	
A/duck/Fujian/11.23_FZHX0	
A/duck/Fujian/11.23_FZHX0	
A/duck/Fujian/11.23_FZHX0	
A/duck/Fujian/12.7_FZHX12	
A/duck/Fujian/12.7_FZHX12	
A/duck/Fujian/12.7_FZHX12	
A/duck/Fujian/12.7_FZHX12	
A/duck/Guangdong/01.01_SZ	
A/duck/Guangdong/01.01_SZ	
A/duck/Guangdong/01.01_SZ	
A/duck/Guangdong/01.01_SZ	
A/duck/Guangdong/01.01_SZ	
A/duck/Guangdong/01.01_SZ	
A/duck/Guangdong/01.01_SZ	
A/duck/Guangdong/01.01_SZ	
A/duck/Guangdong/01.01_SZ	
A/duck/Guangdong/01.01_SZ	
A/duck/Guangdong/02.11_DG	
A/duck/Guangdong/02.11_DG	
A/duck/Guangdong/02.11_DG	
A/duck/Guangdong/02.11_DG	
A/duck/Guangdong/02.11_DG	
A/duck/Guangdong/02.11_DG	
A/duck/Guangdong/03.26_DG	
A/duck/Guangdong/03.26_DG	
A/duck/Guangdong/03.26_DG	
A/duck/Guangdong/03.26_DG	
A/duck/Guangdong/03.26_DG	
A/duck/Guangdong/03.26_DG	
A/duck/Guangdong/03.26_DG	
A/duck/Guangdong/03.26_DG	
A/duck/Guangdong/03.26_DG	
A/duck/Guangdong/03.26_DG	
A/duck/Guangdong/03.26_DG	
A/duck/Guangdong/03.26_DG	
A/duck/Guangdong/03.26_DG	
A/duck/Guangdong/03.26_DG	
A/duck/Guangdong/03.26_DG	
A/duck/Guangdong/03.26_DG	
A/duck/Guangdong/03.26_DG	
A/duck/Guangdong/03.26_DG	
A/duck/Guangdong/03.26_DG	
A/duck/Guangdong/03.26_DG	
A/duck/Guangdong/03.26_DG	
A/duck/Guangdong/03.27_DG	
A/duck/Guangdong/03.27_DG	
A/duck/Guangdong/03.27_DG	
A/duck/Guangdong/03.27_DG	
A/duck/Guangdong/03.27_DG	
A/duck/Guangdong/04.15_SZ	
A/duck/Guangdong/04.15_SZ	
A/duck/Guangdong/04.15_SZ	
A/duck/Guangdong/04.16_LG	
A/duck/Guangdong/04.16_SZ	
A/duck/Guangdong/04.16_SZ	
A/duck/Guangdong/04.16_SZ	
A/duck/Guangdong/04.16_SZ	
A/duck/Guangdong/04.22_DG	
A/duck/Guangdong/04.22_DG	
A/duck/Guangdong/04.22_DG	
A/duck/Guangdong/04.22_DG	
A/duck/Guangdong/04.22_DG	
A/duck/Guangdong/04.22_DG	
A/duck/Guangdong/04.22_DG	
A/duck/Guangdong/04.22_DG	
A/duck/Guangdong/04.22_DG	
A/duck/Guangdong/04.22_DG	
A/duck/Guangdong/04.23_DG	
A/duck/Guangdong/04.23_DG	
A/duck/Guangdong/04.23_DG	
A/duck/Guangdong/04.23_DG	
A/duck/Guangdong/04.23_DG	
A/duck/Guangdong/04.23_DG	
A/duck/Guangdong/04.23_DG	
A/duck/Guangdong/04.23_DG	
A/duck/Guangdong/04.23_DG	
A/duck/Guangdong/04.23_DG	
A/duck/Guangdong/04.23_DG	
A/duck/Guangdong/04.23_DG	
A/duck/Guangdong/04.23_DG	
A/duck/Guangdong/04.23_DG	
A/duck/Guangdong/04.23_DG	
A/duck/Guangdong/04.23_DG	
A/duck/Guangdong/04.23_DG	
A/duck/Guangdong/04.23_DG	
A/duck/Guangdong/04.23_DG	
A/duck/Guangdong/04.23_DG	
A/duck/Guangdong/04.23_DG	
A/duck/Guangdong/04.23_DG	
A/duck/Guangdong/04.23_DG	
A/duck/Guangdong/04.23_DG	
A/duck/Guangdong/04.23_DG	
A/duck/Guangdong/04.23_DG	
A/duck/Guangdong/04.23_DG	
A/duck/Guangdong/04.23_DG	
A/duck/Guangdong/04.23_DG	
A/duck/Guangdong/04.23_DG	
A/duck/Guangdong/04.23_DG	
A/duck/Guangdong/04.23_DG	
A/duck/Guangdong/04.23_DG	
A/duck/Guangdong/04.23_DG	
A/duck/Guangdong/04.23_DG	
A/duck/Guangdong/04.23_DG	
A/duck/Guangdong/04.23_DG	
A/duck/Guangdong/04.23_DG	
A/duck/Guangdong/04.23_DG	
A/duck/Guangdong/04.23_DG	
A/duck/Guangdong/04.23_DG	
A/duck/Guangdong/04.23_DG	
A/duck/Guangdong/11.18_SZ	
A/duck/Guangdong/11.18_SZ	
A/duck/Guangdong/11.18_SZ	
A/duck/Guangdong/KGZ16007	
A/duck/Guangdong/KGZ16008	
A/duck/Guangdong/KGZ16009	
A/duck/Guangdong/KGZ16012	
A/Duck/Guangdong/PO172812	
A/Duck/Guangdong/PO172813	
A/Duck/Guangdong/PO172842	
A/Duck/Guangdong/PO170726	
A/Duck/Guangdong/PY501/20	
A/Duck/Guangdong/PY503/20	
A/duck/Guangdong/S1330/20	
A/duck/Guangdong/S4879/20	
A/duck/Guangdong/SE195/20	
A/Duck/Guangdong/SS1A1/20	
A/Duck/Guangdong/Yangjian	
A/duck/Guangxi/12.25_GLGX	
A/duck/Guangxi/S31116/202	
A/duck/Guangzhou/018/2014	
A/duck/Guangzhou/021/2014	
A/duck/Guizhou/7.27_ZYLJJ	
A/duck/Guizhou/8.26_ZYLJJ	
A/duck/Guizhou/8.26_ZYLJJ	
A/duck/Guizhou/S4702/2021	
A/duck/Hainan/12.29_HKPL0	
A/duck/Henan/01.01_LYGL00	
A/duck/Hubei/03.06__WHWTZ	
A/duck/Hubei/03.06__WHWTZ	
A/duck/Hubei/03.06__WHWTZ	
A/duck/Hubei/03.06__WHWTZ	
A/duck/Hubei/03.06__WHWTZ	
A/duck/HuBei/03.06__WHWTZ	
A/duck/Hubei/03.06_WHWTZ0	
A/duck/Hubei/03.06_WHWTZ0	
A/duck/Hunan/1.12_YYGK68H	
A/duck/Hunan/1.12_YYGK72H	
A/duck/Hunan/1.12_YYGK74H	
A/duck/Hunan/01.12_YYGK82	
A/duck/Hunan/01.16_YYFQH1	
A/duck/Hunan/01.16_YYFQH1	
A/duck/Hunan/01.16_YYFQH2	
A/duck/Hunan/01.16_YYFQH3	
A/duck/Hunan/01.16_YYFQH3	
A/duck/Hunan/01.16_YYFQH3	
A/duck/Hunan/01.16_YYFQH3	
A/duck/Hunan/01.16_YYFQH3	
A/duck/Hunan/01.16_YYFQH3	
A/duck/Hunan/01.16_YYFQH3	
A/duck/Hunan/01.16_YYGK21	
A/duck/Hunan/1.17_YYGKK80	
A/duck/Hunan/01.21_YYFQH0	
A/duck/Hunan/01.21_YYFQH0	
A/duck/Hunan/01.21_YYFQH0	
A/duck/Hunan/01.21_YYFQH0	
A/duck/Hunan/01.21_YYFQH0	
A/duck/Hunan/2.06_YYGK77J	
A/duck/Hunan/2.06_YYGK78J	
A/duck/Hunan/2.06_YYGK84J	
A/duck/Hunan/2.06_YYGK92J	
A/duck/Hunan/02.07__YYFQH	
A/duck/Hunan/02.07__YYFQH	
A/duck/Hunan/02.07_YYFQH0	
A/duck/Hunan/02.07_YYFQH0	
A/duck/Hunan/02.07_YYFQH0	
A/duck/Hunan/02.16_YYGK28	
A/duck/Hunan/02.26__YYFQH	
A/duck/Hunan/02.26__YYFQH	
A/duck/Hunan/02.26__YYGK2	
A/duck/Hunan/02.26__YYGK0	
A/duck/Hunan/02.26_YYFQH2	
A/duck/Hunan/02.26_YYFQH2	
A/duck/Hunan/02.26_YYFQH3	
A/duck/Hunan/02.26_YYFQHY	
A/duck/Hunan/02.26_YYGK25	
A/duck/Hunan/02.26_YYGK25	
A/duck/Hunan/02.26_YYGK26	
A/duck/Hunan/02.26_YYGK26	
A/duck/Hunan/02.26_YYGK27	
A/duck/Hunan/02.26_YYGK27	
A/duck/Hunan/02.26_YYGKY2	
A/duck/Hunan/02.26_YYGQH2	
A/duck/Hunan/03.07_YYGK4L	
A/duck/Hunan/03.07_YYGK25	
A/duck/Hunan/03.07_YYGK31	
A/duck/Hunan/03.09_YYFQH0	
A/duck/Hunan/03.09_YYFQH0	
A/duck/Hunan/03.09_YYFQH0	
A/duck/Hunan/03.24_YYGK18	
A/duck/Hunan/03.24_YYGK21	
A/duck/Hunan/03.24_YYGK17	
A/duck/Hunan/03.24_YYGK17	
A/duck/Hunan/04.14_YYGK06	
A/duck/Hunan/04.14_YYGK04	
A/duck/Hunan/04.14_YYGK45	
A/duck/Hunan/04.14_YYGK46	
A/duck/Hunan/04.14_YYGK46	
A/duck/Hunan/04.14_YYGK46	
A/duck/Hunan/04.14_YYGK47	
A/duck/Hunan/04.14_YYGK08	
A/duck/Hunan/04.14_YYXS87	
A/duck/Hunan/04.22_LDDX03	
A/duck/Hunan/7.21_YYGK41Y	
A/duck/Hunan/11.30_YYGK59	
A/duck/Hunan/11.30_YYGK62	
A/duck/Hunan/11.30_YYGK63	
A/duck/Hunan/11.30_YYGK75	
A/duck/Hunan/12.07__YYGK1	
A/duck/Hunan/12.07__YYGK1	
A/duck/Hunan/12.07__YYGK1	
A/duck/Hunan/12.07_YGK098	
A/duck/Hunan/12.07_YYGK03	
A/duck/Hunan/12.07_YYGK68	
A/duck/Hunan/12.07_YYGK10	
A/duck/Hunan/12.07_YYGK11	
A/duck/Hunan/12.17__YYFQH	
A/duck/Hunan/12.17__YYFQH	
A/duck/Hunan/12.17__YYGK0	
A/duck/Hunan/12.17_YYGK01	
A/duck/Hunan/12.17_YYGK04	
A/duck/Hunan/12.17_YYGK05	
A/duck/Hunan/12.17_YYGK00	
A/duck/Hunan/12.17_YYGK00	
A/duck/Hunan/12.17_YYGK00	
A/duck/Hunan/12.17_YYGK07	
A/duck/Hunan/12.17_YYGK08	
A/duck/Hunan/12.27_YYGK60	
A/duck/Hunan/12.27_YYGK71	
A/duck/Hunan/12.27_YYGK73	
A/duck/Hunan/12.27_YYGK81	
A/duck/Hunan/12.27_YYGK86	
A/duck/Hunan/12.27_YYGK89	
A/duck/Hunan/12.27_YYGK91	
A/duck/Hunan/12.27_YYGK93	
A/duck/Hunan/12.27_YYGK95	
A/duck/Hunan/12.27_YYGK96	
A/duck/Hunan/12.27_YYGK97	
A/duck/Hunan/12.27_YYGK10	
A/duck/Hunan/193/2014|EPI	
A/duck/Hunan/233/2014|EPI	
A/duck/Hunan/HN05/2014|EP	
A/duck/Hunan/HN13/2015|EP	
A/duck/Hunan/HN16/2015|EP	
A/duck/Hunan/HN29/2015|EP	
A/duck/Hunan/HN42/2015|EP	
A/duck/Hunan/HN45/2015|EP	
A/duck/Hunan/HN53/2015|EP	
A/duck/Hunan/HN54/2015|EP	
A/duck/Hunan/HN59/2015|EP	
A/duck/Hunan/HN60/2015|EP	
A/duck/Hunan/HN61/2015|EP	
A/duck/Hunan/HN64/2015|EP	
A/duck/Hunan/HN66/2015|EP	
A/duck/Hunan/HN67/2015|EP	
A/duck/Hunan/HN71/2015|EP	
A/duck/Hunan/HN72/2015|EP	
A/duck/Hunan/HN74/2015|EP	
A/duck/Hunan/HN76/2015|EP	
A/duck/Hunan/HN78/2015|EP	
A/duck/Hunan/HN80/2015|EP	
A/duck/Hunan/HN162/2015|E	
A/duck/Hunan/HN163/2015|E	
A/duck/Hunan/HN167/2015|E	
A/duck/Hunan/HN171/2015|E	
A/duck/Hunan/HN172/2015|E	
A/duck/Hunan/HN174/2015|E	
A/duck/Hunan/HN176/2015|E	
A/duck/Hunan/HN177/2015|E	
A/duck/Hunan/HN178/2015|E	
A/duck/Hunan/HN182/2015|E	
A/duck/Hunan/HN183/2015|E	
A/duck/Hunan/HN186/2015|E	
A/duck/Hunan/HN190/2015|E	
A/duck/Hunan/HN191/2015|E	
A/duck/Hunan/HN192/2015|E	
A/duck/Hunan/HN194/2015|E	
A/duck/Hunan/HN195/2015|E	
A/duck/Hunan/HN197/2015|E	
A/duck/Hunan/HN201/2015|E	
A/duck/Hunan/HN204/2015|E	
A/duck/Hunan/HN205/2015|E	
A/duck/Hunan/HN206/2015|E	
A/duck/Hunan/HN207/2015|E	
A/duck/Hunan/HN208/2015|E	
A/duck/Hunan/HN209/2015|E	
A/duck/Hunan/HN210/2015|E	
A/duck/Hunan/HN212/2015|E	
A/duck/Hunan/HN214/2015|E	
A/duck/Hunan/HN215/2015|E	
A/duck/Hunan/HN216/2015|E	
A/duck/Hunan/HN217/2015|E	
A/duck/Hunan/HN220/2015|E	
A/duck/Hunan/HN221/2015|E	
A/duck/Hunan/HN224/2015|E	
A/duck/Hunan/HN227/2015|E	
A/duck/Hunan/HN230/2015|E	
A/duck/Hunan/HN232/2015|E	
A/duck/Hunan/HN234/2015|E	
A/duck/Hunan/HN236/2015|E	
A/duck/Hunan/HN238/2015|E	
A/duck/Hunan/HN239/2015|E	
A/duck/Hunan/HN240/2015|E	
A/duck/Hunan/HN241/2015|E	
A/duck/Hunan/HN242/2015|E	
A/duck/Hunan/HN278/2015|E	
A/duck/Hunan/HN285/2015|E	
A/duck/Hunan/HN288/2015|E	
A/duck/Hunan/HN333/2015|E	
A/duck/Hunan/HN334/2015|E	
A/duck/Hunan/HN335/2015|E	
A/duck/Hunan/HN336/2015|E	
A/duck/Hunan/HN339/2015|E	
A/duck/Hunan/HN341/2015|E	
A/duck/Hunan/HN342/2015|E	
A/duck/Hunan/HN343/2015|E	
A/duck/Hunan/S40199/2021(	
A/duck/Hunan/S40268/2021(	
A/duck/Jiangxi/01.11_NCNP	
A/duck/Jiangxi/01.14_NCJD	
A/duck/Jiangxi/01.14_NCJD	
A/duck/Jiangxi/01.14_NCJD	
A/duck/Jiangxi/02.05_YGYX	
A/duck/Jiangxi/02.06_NCJD	
A/duck/Jiangxi/02.06_NCJD	
A/duck/Jiangxi/2.28_NCNP2	
A/duck/Jiangxi/2.28NCNP23	
A/duck/Jiangxi/03.11_NCHJ	
A/duck/Jiangxi/04.01__NCD	
A/duck/Jiangxi/04.01__NCD	
A/duck/Jiangxi/04.01_NCDZ	
A/duck/Jiangxi/05.07__NCJ	
A/duck/Jiangxi/5.26_NCDZT	
A/duck/Jiangxi/11.17_NCNP	
A/duck/Jiangxi/11.17_NCNP	
A/duck/Jiangxi/11.29_NCDZ	
A/duck/Jiangxi/11.29_NCNP	
A/duck/Jiangxi/11.29_NCNP	
A/duck/Jiangxi/95/2014|EP	
A/duck/Jiangxi/13469/2014	
A/duck/Jiangxi/13475/2014	
A/duck/Jiangxi/13484/2014	
A/Duck/Jiangxi/50446/2016	
A/Duck/Jiangxi/50455/2016	
A/duck/Jiangxi/E7/2014_(H	
A/duck/Jiangxi/F31/2014(H	
A/duck/Jiangxi/NCDZT1123/	
A/duck/Jiangxi/NCDZT1126/	
A/duck/Ningxia/YG61/2017|	
A/duck/Ningxia/YG71/2017|	
A/duck/Ningxia/YG83/2017|	
A/duck/Shandong/SD0261/20	
A/duck/Shandong/SD0263/20	
A/duck/Sichuan/04.27_NBXJ	
A/duck/Sichuan/04.27_NBXJ	
A/duck/Sichuan/04.27_NBXJ	
A/duck/Sichuan/04.27_NBXJ	
A/duck/Sichuan/04.27_NBXJ	
A/duck/Sichuan/04.27_NCXJ	
A/duck/Sichuan/NCXJ15/201	
A/duck/Sichuan/NCXJ24/201	
A/duck/Sichuan/S1805/2021	
A/duck/Sichuan/SC4822/202	
A/duck/Sichuan/SC5698/202	
A/duck/Sichuan/SD002/2021	
A/duck/Wuxi/7249/2015|EPI	
A/duck/Yunnan/03.15_DQWGH	
A/duck/Yunnan/03.16_DQXYL	
A/duck/Yunnan/03.16_DQXYL	
A/duck/Yunnan/03.16_DQXYL	
A/duck/Yunnan/03.16_DQXYL	
A/duck/Yunnan/07.15_DQNPH	
A/duck/Yunnan/07.15_DQNPH	
A/duck/Yunnan/07.15_DQNPH	
A/duck/Yunnan/07.15_DQNPH	
A/duck/Yunnan/S4318/2021(	
A/Duck/Yunnan/YN-2/2016_(	
A/Duck/Yunnan/YN-4/2015__	
A/Duck/Yunnan/YN-9/2016__	
A/Duck/Zhanjiang/15577/20	
A/duck/Zhejiang/02.28_JHZ	
A/duck/Zhejiang/727158/20	
A/duck/Zhejiang/S4854/202	
A/Egret/Shangdong/JN529/2	
A/environment/Hunan/HN261	
A/Falcated_Duck/Ningxia/4	
A/feline/Guangdong/2/2014	
A/Fujian/1/2024(H5N6)|EPI	
A/Fujian/2/2024(H5N6)|EPI	
A/Fujian-Sanyuan/21099/20	
A/Fujian-Sanyuan/21099/20	
A/Gadwall/Ningxia/472-7/2	
A/Gallinula_chloropus/Gua	
A/Goose/_Guangdong_/JG125	
A/Goose/_Guangdong_/SSLBY	
A/Goose/_Guangdong_/SSZYP	
A/goose/Anhui/AH350/2015|	
A/goose/China/0701/2018|E	
A/goose/Chongqing/SD003/2	
A/goose/Eastern_China/S05	
A/goose/Fujian/3.15_FZHX0	
A/goose/Fujian/3.15_FZHX0	
A/goose/Fujian/3.15_FZHX0	
A/goose/Fujian/3.15_FZHX0	
A/goose/Fujian/3.15_FZHX0	
A/goose/Fujian/10.11_FZHX	
A/goose/Fujian/10.26_FZHX	
A/goose/Fujian/10.26_FZHX	
A/goose/Fujian/10.26_FZHX	
A/goose/Fujian/10.26_FZHX	
A/goose/Fujian/10.26_FZHX	
A/goose/Fujian/10.26_FZHX	
A/goose/Fujian/10.26_FZHX	
A/goose/Fujian/10.26_FZHX	
A/goose/Fujian/10.26_FZHX	
A/goose/Fujian/11.3_FZHX1	
A/goose/Guangdong/03.27_D	
A/goose/Guangdong/04.22_D	
A/goose/Guangdong/04.22_D	
A/goose/Guangdong/04.22_D	
A/goose/Guangdong/04.22_D	
A/goose/Guangdong/04.23_D	
A/goose/Guangdong/04.23_D	
A/goose/Guangdong/04.23_D	
A/goose/Guangdong/04.23_D	
A/goose/Guangdong/7.20_DG	
A/Goose/Guangdong/PO17072	
A/goose/Guangdong/QY01/20	
A/goose/Guangdong/S230/20	
A/goose/Guangdong/S4751/2	
A/goose/Guangdong/YJD/201	
A/goose/Henan/01.01_LYGL0	
A/goose/Hubei/113/2014|EP	
A/goose/HuBei/117/2014|EP	
A/goose/Hunan/81/2014|EPI	
A/goose/Hunan/82/2014|EPI	
A/goose/Hunan/107/2014|EP	
A/goose/Hunan/109/2014|EP	
A/goose/Hunan/110/2014|EP	
A/goose/Hunan/111/2014|EP	
A/goose/Hunan/115/2014|EP	
A/goose/Hunan/116/2014|EP	
A/goose/Hunan/155/2014|EP	
A/goose/Hunan/159/2014|EP	
A/goose/Hunan/160/2014|EP	
A/goose/Hunan/161/2014|EP	
A/goose/Hunan/HN11/2015|E	
A/goose/Hunan/HN22/2015|E	
A/goose/Hunan/HN57/2015|E	
A/goose/Hunan/HN88/2015|E	
A/goose/Hunan/HN90/2015|E	
A/goose/Hunan/HN310/2015|	
A/goose/Hunan/HN311/2015|	
A/goose/Hunan/HN314/2015|	
A/goose/Hunan/HN315/2015|	
A/goose/Hunan/HN316/2015|	
A/goose/Hunan/HN317/2015|	
A/goose/Hunan/HN318/2015|	
A/goose/Hunan/HN319/2015|	
A/goose/Jiangxi/01.09_NFJ	
A/goose/Jilin/04.04_SY003	
A/Goose/Qingyuan/16875/20	
A/goose/Shandong/02.16_YG	
A/goose/Shandong/02.26_GD	
A/goose/Shandong/03.16_JN	
A/goose/Shandong/11.02_CQ	
A/goose/Shandong/12.05_YG	
A/goose/Xinjiang/12.18_WL	
A/goose/Xinjiang/12.18_WL	
A/goose/Yangzhou/YZ587/20	
A/goose/Yunnan/07.14_DQWC	
A/goose/Yunnan/07.14_DQWC	
A/goose/Zhejiang/112080/2	
A/goose/Zhejiang/727092/2	
A/goose/Zhejiang/727110/2	
A/goose/Zhejiang/925036/2	
A/goose/Zhejiang/925105/2	
A/goose/Zhejiang/925106/2	
A/goose/Zhejiang/925108/2	
A/goose/Zhejiang/1120132/	
A/Great_Cormorant/Hubei/c	
A/Great_Cormorant/Hubei/c	
A/Guangdong/18SF020/2018-	
A/Guangdong/12903/2021|EP	
A/Guangdong/lgf/2021|EPI_	
A/Guangxi/32797/2018|EPI_	
A/Guangxi/55726/2016|EPI_	
A/Guangzhou/39715/2014|EP	
A/GX-guilin/11151/2021|EP	
A/GX-hechi/01/2021|EPI_IS	
A/Hangzhou/01/2021|EPI_IS	
A/HeFei04171/2024|EPI_ISL	
A/Hubei/29578/2016_x_PR8_	
A/Hubei/29578/2016|EPI_IS	
A/Jiangsu/1/2018|EPI_ISL_	
A/Jiangsu/1/2018|EPI_ISL_	
A/Jiangsu/1/2020_(H5N6)|E	
A/Jiangsu/1/2020(H5N6)|EP	
A/Jiangsu/JSSZ01/2018|EPI	
A/Jiangxi/16791/2022|EPI_	
A/Luscinia_cyane/Jiangxi/	
A/Mallard/Jiangxi/JXH9/20	
A/Mallard/Jiangxi/JXH22/2	
A/migratory_waterfowl/Hub	
A/migratory_waterfowl/Hub	
A/mink/China/181/2019|EPI	
A/mink/China/183/2019|EPI	
A/mink/China/191/2019|EPI	
A/mink/China/456/2018|EPI	
A/mink/Eastern_China/006/	
A/mink/Eastern_China/149/	
A/mink/Eastern_China/528/	
A/mink/Eastern_China/571/	
A/mink/Northern_China/110	
A/Muscovy_duck/China/FJFZ	
A/Muscovy_duck/China/H5N6	
A/muscovy/duck/Hunan/85/2	
A/muscovy/duck/Hunan/88/2	
A/muscovy/duck/Hunan/89/2	
A/muscovy/duck/Hunan/90/2	
A/muscovy/duck/Hunan/93/2	
A/muscovy/duck/Hunan/94/2	
A/muscovy/duck/Hunan/101/	
A/muscovy/duck/Hunan/102/	
A/muscovy/duck/Hunan/103/	
A/muscovy/duck/Hunan/104/	
A/muscovy/duck/Hunan/125/	
A/muscovy/duck/Hunan/147/	
A/muscovy/duck/Hunan/148/	
A/muscovy/duck/Hunan/167/	
A/muscovy/duck/Hunan/183/	
A/muscovy/duck/Hunan/216/	
A/muscovy/duck/Hunan/229/	
A/muscovy/duck/Hunan/232/	
A/muscovy/duck/Hunan/HN34	
A/muscovy/duck/Hunan/HN34	
A/muscovy/duck/Hunan/HN34	
A/muscovy/duck/Hunan/HN34	
A/muscovy/duck/Hunan/HN35	
A/muscovy/duck/Hunan/HN35	
A/muscovy/duck/Hunan/HN35	
A/muscovy/duck/Hunan/HN35	
A/muscovy/duck/Hunan/HN35	
A/muscovy/duck/Hunan/HN35	
A/muscovy/duck/Hunan/HN35	
A/muscovy/duck/Hunan/HN35	
A/muscovy/duck/Hunan/HN36	
A/muscovy/duck/Hunan/HN36	
A/muscovy/duck/Hunan/HN36	
A/muscovy/duck/Hunan/HN36	
A/muscovy/duck/Hunan/HN36	
A/Northern_Pintail/HK/MP6	
A/oriental_magpie_robin/H	
A/Pavo_cristatus/China/JS	
A/Pavo_cristatus/China/K1	
A/Pavo_cristatus/Jiangxi/	
A/Phalacrocorax/Hubei/01.	
A/Phalacrocorax/Hubei/01.	
A/pigeon/Fujian/1.17_FZHX	
A/pigeon/Guangdong/04.15_	
A/pigeon/Guangdong/04.16_	
A/pigeon/Guangdong/04.23_	
A/pigeon/Hainan/1.14_HKPL	
A/Pigeon/Hunan/04.14_YYXS	
A/Pigeon/Jiangxi/02.10__N	
A/Pigeon/Jiangxi/04.01__N	
A/pigeon/Jilin/04.25_CCHL	
A/pigeon/Sichuan/04.27_NB	
A/Quail/Guangxi/GX-2/2017	
A/quail/Jiangxi/B9/2015_(	
A/Quail/Zhanjiang/16887/2	
A/Quanzhou/2/2024|EPI_ISL	
A/Shenzhen/1/2015|EPI_ISL	
A/Shenzhen/1/2016|EPI_ISL	
A/Shenzhen/TH001/2015_(H5	
A/Shenzhen/TH003/2016(H5N	
A/Shoveller/Ningxia/488-5	
A/Sichuan/26221/2014|EPI_	
A/silkie_chicken/Dongguan	
A/Spoonbill/HK/17-18259/2	
A/spoonbill/Taiwan/DB645/	
A/spot_billed_duck/Ningxi	
A/spot-billed_duck/Ningxi	
A/Streptopelia_decaocto/J	
A/Streptopelia_decaocto/J	
A/Streptopelia_decaocto/J	
A/swan_goose/Jilin/JL01/2	
A/swine/China/RZ/2018|EPI	
A/swine/Guangdong/1/2014|	
A/swine/Guangdong/2/2014|	
A/swine/Guangdong/G3/2015	
A/Syrrhaptes_paradoxus/Gu	
A/Waterfowl/Hubei/Chenhu1	
A/Waterfowl/Hubei/Chenhu1	
A/white_naped_crane/China	
A/White-eyed_Pochard/Ning	
A/Wigeon/Ningxia/476-12/2	
A/wild_bird/Hunan/01.14_Y	
A/wild_bird/Hunan/01.14_Y	
A/wild_bird/Hunan/02.24_Y	
A/wild_bird/Hunan/02.24_Y	
A/wild_bird/Hunan/03.08_D	
A/wild_bird/Taipei/04WB12	
A/wild_bird/Zhejiang/NBXS	
A/wild_pigeon/Jilin/CC01/	
A/Yunnan/14563/2015|EPI_I	
A/Yunnan/DQ002/2015(H5N6)	
A/Anas_crecca/Hubei/Chenh	
A/Changsha/1/2014_H5N6|GC	
A/China/Original/2018_H5N	
A/Commom_Teal/Ningxia/474	
A/Copsychus_saularis/Guan	
A/Falcated_Duck/Ningxia/4	
A/Ferruginous_Pochard/Nin	
A/Gadwall/Ningxia/472-7/2	
A/Gallinula_chloropus/Gua	
A/Guangdong/lgf/2021_H5N6	
A/Guangzhou/39715/2014_H5	
A/Northern_Shoveler/Ningx	
A/Pavo_cristatus/China/JS	
A/Pavo_cristatus/China/K1	
A/Pavo_cristatus/Jiangxi/	
A/Rattus_norvegicus/China	
A/Syrrhaptes_paradoxus/Gu	
A/Wild_bird/Huadong/DF10/	
A/Wild_bird/Huadong/GY116	
A/Wild_bird/Huadong/GY183	
A/Wild_bird/Huadong/GY999	
A/Wild_bird/Huadong/QP10/	
A/Wild_bird/Huadong/SH17/	
A/Wild_bird/Huadong/SSW7/	
A/Wild_bird/Huadong/SZ111	
A/Wild_bird/Huadong/YC148	
A/Wild_bird/Huadong/YX68/	
A/Yangzhou/125/2022_H5N6|	
A/black_chicken/Jiangxi/1	
A/cat/Sichuan/SC18/2014_H	
A/cat/Zhejiang/C1/2016_H5	
A/cat/Zhejiang/C2/2016_H5	
A/chicken/Anhui/MZ33/2016	
A/chicken/Anhui/MZ34/2016	
A/chicken/China/007/2019_	
A/chicken/China/1101/2019	
A/chicken/Dongguan/2690/2	
A/chicken/Dongguan/3363/2	
A/chicken/Dongguan/4259/2	
A/chicken/Fujian/11.23_FZ	
A/chicken/Ganzhou/GZ27/20	
A/chicken/Guangdong/GD160	
A/chicken/Guangxi/16/2019	
A/chicken/Henan/YB0597/20	
A/chicken/Hubei/ZYSJF11/2	
A/chicken/Hubei/ZYSJF16/2	
A/chicken/Hubei/ZYSJF38/2	
A/chicken/Hunan/02.06_YYG	
A/chicken/Hunan/03.07_YYG	
A/chicken/Hunan/12.27_YYG	
A/chicken/Hunan/12.27_YYG	
A/chicken/Jiangxi/NCDZT11	
A/chicken/Jiangxi/NCDZT11	
A/chicken/Jiangyin/JY0907	
A/chicken/Shanxi/04.28_TG	
A/chicken/Shanxi/12.01_TG	
A/chicken/Shenzhen/1061/2	
A/chicken/Shenzhen/1845/2	
A/chicken/Shenzhen/2269/2	
A/chicken/Shenzhen/2396/2	
A/chicken/Shenzhen/2464/2	
A/chicken/Shenzhen/433/20	
A/chicken/Shenzhen/552/20	
A/chicken/Shenzhen/715/20	
A/chicken/Sichuan/NCJPL1/	
A/chicken/Sichuan/k141/20	
A/chicken/Taishun/TS2/201	
A/chicken/Taishun/TS90/20	
A/chicken/Wuhan/WHYJ01/20	
A/chicken/Xuzhou/XZ6/2016	
A/chicken/Yangzhou/YD1/20	
A/chicken/Zhejiang/102637	
A/chicken/Zhejiang/13160/	
A/chicken/Zhejiang/528127	
A/chicken/Zhejiang/6107/2	
A/chicken/Zhejiang/6C2/20	
A/chicken/Zhejiang/727022	
A/chicken/Zhejiang/727026	
A/chicken/Zhejiang/727155	
A/common_mallard/Ningxia/	
A/duck/Anhui/S4/2016_H5N6	
A/duck/China/0936/2017_H5	
A/duck/China/0938/2017_H5	
A/duck/Dongguan/2685/2013	
A/duck/Eastern_China/S032	
A/duck/Eastern_China/S071	
A/duck/Eastern_China/S090	
A/duck/Fujian/1.17_FZHX01	
A/duck/Fujian/10.26_FZHX0	
A/duck/Fujian/10.26_FZHX0	
A/duck/Fujian/11.23_FZHX0	
A/duck/Fujian/11.23_FZHX0	
A/duck/Fujian/11.23_FZHX0	
A/duck/Fujian/11.3_FZHX11	
A/duck/Fujian/11.3_FZHX11	
A/duck/Fujian/12.7_FZHX12	
A/duck/Fujian/12.7_FZHX12	
A/duck/Fujian/12.7_FZHX12	
A/duck/Fujian/12.7_FZHX12	
A/duck/Guangdong/11.18_SZ	
A/duck/Guangdong/11.18_SZ	
A/duck/Guangdong/11.18_SZ	
A/duck/Guangdong/GD01/201	
A/duck/Guangzhou/018/2014	
A/duck/Guangzhou/021/2014	
A/duck/Guangzhou/41227/20	
A/duck/Guizhou/7.27_ZYLJJ	
A/duck/Guizhou/8.26_ZYLJJ	
A/duck/Guizhou/8.26_ZYLJJ	
A/duck/Hainan/12.29_HKPL0	
A/duck/Hunan/01.12_YYGK82	
A/duck/Hunan/03.07_YYGK25	
A/duck/Hunan/03.07_YYGK4L	
A/duck/Hunan/03.24_YYGK17	
A/duck/Hunan/03.24_YYGK17	
A/duck/Hunan/03.24_YYGK18	
A/duck/Hunan/03.24_YYGK21	
A/duck/Hunan/1.12_YYGK68H	
A/duck/Hunan/1.12_YYGK72H	
A/duck/Hunan/1.12_YYGK74H	
A/duck/Hunan/1.17_YYGKK80	
A/duck/Hunan/11.30_YYGK59	
A/duck/Hunan/11.30_YYGK62	
A/duck/Hunan/11.30_YYGK63	
A/duck/Hunan/11.30_YYGK75	
A/duck/Hunan/12.27_YYGK10	
A/duck/Hunan/12.27_YYGK60	
A/duck/Hunan/12.27_YYGK71	
A/duck/Hunan/12.27_YYGK73	
A/duck/Hunan/12.27_YYGK81	
A/duck/Hunan/12.27_YYGK86	
A/duck/Hunan/12.27_YYGK89	
A/duck/Hunan/12.27_YYGK91	
A/duck/Hunan/12.27_YYGK93	
A/duck/Hunan/12.27_YYGK95	
A/duck/Hunan/12.27_YYGK96	
A/duck/Hunan/12.27_YYGK97	
A/duck/Hunan/2.06_YYGK77J	
A/duck/Hunan/2.06_YYGK78J	
A/duck/Hunan/2.06_YYGK84J	
A/duck/Hunan/2.06_YYGK92J	
A/duck/Hunan/7.21_YYGK41Y	
A/duck/Jiangxi/01.11_NCNP	
A/duck/Jiangxi/10160/2014	
A/duck/Jiangxi/11.17_NCNP	
A/duck/Jiangxi/11.17_NCNP	
A/duck/Jiangxi/11.29_NCDZ	
A/duck/Jiangxi/11.29_NCNP	
A/duck/Jiangxi/11.29_NCNP	
A/duck/Jiangxi/13469/2014	
A/duck/Jiangxi/13475/2014	
A/duck/Jiangxi/13484/2014	
A/duck/Jiangxi/2.28NCNP23	
A/duck/Jiangxi/2.28_NCNP2	
A/duck/Jiangxi/5.26_NCDZT	
A/duck/Shandong/SD0261/20	
A/duck/Shandong/SD0263/20	
A/duck/Sichuan/NCXJ15/201	
A/duck/Sichuan/NCXJ16/201	
A/duck/Sichuan/SC4822/202	
A/duck/Sichuan/SC5698/202	
A/duck/Wuhan/JXYFB22/2015	
A/duck/Wuhan/WHYF02/2015_	
A/duck/Zhejiang/6D2/2013_	
A/duck/Zhejiang/727158/20	
A/egret/Zhejiang/W15/2017	
A/egret/Zhejiang/W18/2017	
A/feline/Guangdong/2/2015	
A/gadwall/Ningxia/YG61/20	
A/goose/China/0701/2018_H	
A/goose/China/M14/2016_H5	
A/goose/Eastern_China/S05	
A/goose/Fujian/10.11_FZHX	
A/goose/Fujian/10.26_FZHX	
A/goose/Fujian/10.26_FZHX	
A/goose/Fujian/10.26_FZHX	
A/goose/Fujian/10.26_FZHX	
A/goose/Fujian/10.26_FZHX	
A/goose/Fujian/10.26_FZHX	
A/goose/Fujian/10.26_FZHX	
A/goose/Fujian/10.26_FZHX	
A/goose/Fujian/10.26_FZHX	
A/goose/Fujian/11.3_FZHX1	
A/goose/Fujian/3.15_FZHX0	
A/goose/Fujian/3.15_FZHX0	
A/goose/Fujian/3.15_FZHX0	
A/goose/Fujian/3.15_FZHX0	
A/goose/Fujian/3.15_FZHX0	
A/goose/Guangdong/7.20_DG	
A/goose/Guangdong/QY01/20	
A/goose/Henan/01.01_LYGL0	
A/goose/Shantou/1763/2014	
A/goose/Xinjiang/12.18_WL	
A/goose/Xinjiang/12.18_WL	
A/goose/Yangzhou/YZ587/20	
A/goose/Zhejiang/1120132/	
A/goose/Zhejiang/112080/2	
A/goose/Zhejiang/727092/2	
A/goose/Zhejiang/727110/2	
A/goose/Zhejiang/925036/2	
A/goose/Zhejiang/925105/2	
A/goose/Zhejiang/925106/2	
A/goose/Zhejiang/925108/2	
A/migratory_waterfowl/Hub	
A/migratory_waterfowl/Hub	
A/mink/China/181/2019_H5N	
A/mink/China/183/2019_H5N	
A/mink/China/191/2019_H5N	
A/mink/China/456/2018_H5N	
A/mink/Eastern_China/006/	
A/mink/Eastern_China/149/	
A/mink/Eastern_China/528/	
A/mink/Eastern_China/571/	
A/mink/Northern_China/110	
A/oriental_magpie_robin/H	
A/pigeon/Fujian/1.17_FZHX	
A/pigeon/Hainan/1.14_HKPL	
A/silkie_chicken/Dongguan	
A/spot-billed_duck/Ningxi	
A/spot-billed_duck/Ningxi	
A/spot-billed_duck/Ningxi	
A/swan_goose/Jilin/JL01/2	
A/swine/China/RZ/2018_H5N	
A/swine/Guangdong/1/2014_	
A/swine/Guangdong/2/2014_	
A/turtledove/Wuhan/HKBJ43	
A/turtledove/Wuhan/WHBJ12	
A/turtledove/Wuhan/WHBJ28	
A/white-naped_crane/China	
A/wild_bird/Taipei/04WB12	
A/wild_pigeon/Jilin/CC01/	
A/Eurasian_Wigeon/Ningxia	
A/Anas_crecca/Hubei/Chenh	
A/Anas_crecca/Hubei/Chenh	
A/Anhui/2021-00011/2020|E	
A/Anhui/33163/2016|EPI_IS	
A/Anser_fabalis/Hunan/03.	
A/Bar-headed_goose/Qingha	
A/Bar-headed_goose/Qingha	
A/Bar-headed_goose/Qingha	
A/Bar-headed_goose/Qingha	
A/Bar-headed_goose/Qingha	
A/Bar-headed_goose/Qingha	
A/Bar-headed_goose/Qingha	
A/Bar-headed_goose/Qingha	
A/Bean_goose/Hubei/CH-I22	
A/black_chicken/Jiangxi/1	
A/canine/China/GX30/2023|	
A/cat/Sichuan/SC18/2014|E	
A/cat/Zhejiang/C1/2016|EP	
A/cat/Zhejiang/C2/2016|EP	
A/Changsha/1/2014|EPI_ISL	
A/chicken/China/007/2019|	
A/chicken/chongqing/H1/20	
A/chicken/Chongqing/SD001	
A/chicken/Dongguan/2690/2	
A/chicken/Dongguan/3363/2	
A/chicken/Dongguan/4259/2	
A/chicken/Fujian/05.07_FZ	
A/chicken/Fujian/09.16_GT	
A/chicken/Fujian/10.08_FZ	
A/chicken/Fujian/11.23_FZ	
A/chicken/Ganzhou/GZ27/20	
A/chicken/Guangdong/04.15	
A/chicken/Guangdong/10.16	
A/chicken/Guangdong/GD160	
A/chicken/Guangdong/MG170	
A/chicken/Guangdong/MG171	
A/chicken/Guangdong/MG171	
A/chicken/Guangdong/MG171	
A/chicken/Guangdong/MG173	
A/chicken/Guangdong/MG173	
A/chicken/Guangxi/04.10_N	
A/chicken/Guangxi/16/2019	
A/chicken/Guizhou/8.26_ZY	
A/Chicken/Hangzhou/E1149/	
A/chicken/Hubei/03.06__WH	
A/chicken/Hubei/03.06__WH	
A/chicken/Hubei/ZYSJF11/2	
A/chicken/Hubei/ZYSJF16/2	
A/chicken/Hubei/ZYSJF38/2	
A/Chicken/Huizhou/16274/2	
A/chicken/Hunan/02.06_YYG	
A/chicken/Hunan/03.07_YYG	
A/chicken/Hunan/03.07_YYG	
A/chicken/Hunan/3.07_YYGK	
A/chicken/Hunan/04.14_YYG	
A/chicken/Hunan/04.14_YYK	
A/chicken/Hunan/04.14_YYX	
A/chicken/Hunan/12.07__YY	
A/chicken/Hunan/12.07_YYG	
A/chicken/Hunan/12.27_YYG	
A/chicken/Hunan/12.27_YYG	
A/chicken/Hunan/12.27_YYG	
A/chicken/Hunan/12.28_YYG	
A/chicken/Hunan/HN40/2015	
A/chicken/Hunan/HN58/2015	
A/chicken/Hunan/HN75/2015	
A/chicken/Hunan/HN158/201	
A/chicken/Hunan/HN244/201	
A/chicken/Hunan/HN245/201	
A/chicken/Hunan/HN247/201	
A/chicken/Hunan/HN248/201	
A/chicken/Hunan/HN249/201	
A/chicken/Hunan/HN250/201	
A/chicken/Hunan/HN251/201	
A/chicken/Hunan/HN252/201	
A/chicken/Hunan/HN254/201	
A/chicken/Hunan/HN255/201	
A/chicken/Hunan/HN263/201	
A/chicken/Hunan/HN264/201	
A/chicken/Hunan/HN265/201	
A/chicken/Hunan/HN266/201	
A/chicken/Hunan/HN301/201	
A/chicken/Hunan/HN302/201	
A/chicken/Hunan/HN303/201	
A/chicken/Hunan/HN304/201	
A/chicken/Hunan/HN305/201	
A/chicken/Hunan/HN306/201	
A/chicken/Hunan/HN307/201	
A/chicken/Hunan/HN308/201	
A/chicken/Jiangsu/WXBING2	
A/chicken/Jiangsu/WXS7393	
A/chicken/Jiangxi/01.14_N	
A/chicken/Jiangxi/02.05_Y	
A/chicken/Jiangxi/02.05_Y	
A/chicken/Jiangxi/04.01__	
A/chicken/Jiangxi/04.01__	
A/chicken/Jiangxi/04.01__	
A/chicken/Jiangxi/04.01__	
A/chicken/Jiangxi/04.01__	
A/chicken/Jiangxi/04.01__	
A/chicken/Jiangxi/04.01_N	
A/chicken/Jiangxi/04.01_N	
A/chicken/Jiangxi/04.01_N	
A/chicken/Jiangxi/04.01_N	
A/chicken/Jiangxi/04.01_N	
A/chicken/Jiangxi/04.01_N	
A/chicken/Jiangxi/05.06__	
A/chicken/Jiangxi/10.30_N	
A/chicken/Jiangxi/12.05_N	
A/chicken/Jiangxi/12.05_N	
A/chicken/Jiangxi/12.05_N	
A/chicken/Jiangxi/12.05_N	
A/chicken/Jiangxi/12.05_N	
A/Chicken/Jiangxi/45093/2	
A/chicken/Jilin/04.11_CCH	
A/chicken/Shaanxi/SD001/2	
A/chicken/Shanxi/04.28_TG	
A/chicken/Shanxi/12.01_TG	
A/chicken/Shenzhen/433/20	
A/chicken/Shenzhen/552/20	
A/chicken/Shenzhen/715/20	
A/chicken/Shenzhen/1061/2	
A/chicken/Shenzhen/1845/2	
A/chicken/Shenzhen/2269/2	
A/chicken/Shenzhen/2396/2	
A/chicken/Shenzhen/2464/2	
A/chicken/Sichuan/k141/20	
A/chicken/Sichuan/NCJPL1/	
A/Chicken/Suzhou/j5/2019|	
A/Chicken/Suzhou/j6/2019|	
A/chicken/Taishun/TS2/201	
A/chicken/Taishun/TS90/20	
A/chicken/Wuxi/7157/2015|	
A/chicken/Wuxi/7765/2016|	
A/chicken/Wuxi/SC7393/201	
A/Chicken/Xuzhou/470/2017	
A/chicken/Xuzhou/XZ6/2016	
A/Chicken/Yangzhou/f6/201	
A/Chicken/Yangzhou/f9/201	
A/Chicken/Yangzhou/f14/20	
A/chicken/Yangzhou/YD1/20	
A/chicken/Yunnan/02.09_DQ	
A/chicken/Yunnan/03.15_DQ	
A/chicken/Yunnan/03.16__D	
A/chicken/Yunnan/03.16_DQ	
A/chicken/Yunnan/03.16_DQ	
A/chicken/Yunnan/03.16_DQ	
A/chicken/Yunnan/07.11_DQ	
A/Chicken/Yunnan/YN-8/201	
A/Chicken/Yunnan/YN-11/20	
A/Chicken/Yunnan/YN-12/20	
A/chicken/Zhejiang/727022	
A/chicken/Zhejiang/727026	
A/chicken/Zhejiang/727155	
A/chickenl/Jiangxi/E84/20	
A/Commom_Teal/Ningxia/474	
A/Copsychus_saularis/Guan	
A/duck/Anhui/AH328/2015|E	
A/duck/Anhui/S4/2016|EPI_	
A/duck/China/0936/2017|EP	
A/duck/China/0938/2017|EP	
A/duck/China/DK87/2016|EP	
A/Duck/China/H5N6/2020|EP	
A/duck/Dongguan/2685/2013	
A/duck/Eastern_China/S032	
A/duck/Eastern_China/S071	
A/duck/Eastern_China/S090	
A/duck/Fujian/1.17_FZHX01	
A/duck/Fujian/03.18_GTFJ-	
A/duck/Fujian/05.07_FZHMD	
A/duck/Fujian/05.07_FZHMD	
A/duck/Fujian/05.07_FZHMD	
A/duck/Fujian/10.26_FZHX0	
A/duck/Fujian/10.26_FZHX0	
A/duck/Fujian/11.3_FZHX11	
A/duck/Fujian/11.3_FZHX11	
A/duck/Fujian/11.23_FZHX0	
A/duck/Fujian/11.23_FZHX0	
A/duck/Fujian/11.23_FZHX0	
A/duck/Fujian/12.7_FZHX12	
A/duck/Fujian/12.7_FZHX12	
A/duck/Fujian/12.7_FZHX12	
A/duck/Fujian/12.7_FZHX12	
A/duck/Guangdong/01.01_SZ	
A/duck/Guangdong/01.01_SZ	
A/duck/Guangdong/01.01_SZ	
A/duck/Guangdong/01.01_SZ	
A/duck/Guangdong/01.01_SZ	
A/duck/Guangdong/01.01_SZ	
A/duck/Guangdong/01.01_SZ	
A/duck/Guangdong/01.01_SZ	
A/duck/Guangdong/01.01_SZ	
A/duck/Guangdong/01.01_SZ	
A/duck/Guangdong/02.11_DG	
A/duck/Guangdong/02.11_DG	
A/duck/Guangdong/02.11_DG	
A/duck/Guangdong/02.11_DG	
A/duck/Guangdong/02.11_DG	
A/duck/Guangdong/02.11_DG	
A/duck/Guangdong/03.26_DG	
A/duck/Guangdong/03.26_DG	
A/duck/Guangdong/03.26_DG	
A/duck/Guangdong/03.26_DG	
A/duck/Guangdong/03.26_DG	
A/duck/Guangdong/03.26_DG	
A/duck/Guangdong/03.26_DG	
A/duck/Guangdong/03.26_DG	
A/duck/Guangdong/03.26_DG	
A/duck/Guangdong/03.26_DG	
A/duck/Guangdong/03.26_DG	
A/duck/Guangdong/03.26_DG	
A/duck/Guangdong/03.26_DG	
A/duck/Guangdong/03.26_DG	
A/duck/Guangdong/03.26_DG	
A/duck/Guangdong/03.26_DG	
A/duck/Guangdong/03.26_DG	
A/duck/Guangdong/03.26_DG	
A/duck/Guangdong/03.26_DG	
A/duck/Guangdong/03.26_DG	
A/duck/Guangdong/03.26_DG	
A/duck/Guangdong/03.27_DG	
A/duck/Guangdong/03.27_DG	
A/duck/Guangdong/03.27_DG	
A/duck/Guangdong/03.27_DG	
A/duck/Guangdong/03.27_DG	
A/duck/Guangdong/04.15_SZ	
A/duck/Guangdong/04.15_SZ	
A/duck/Guangdong/04.15_SZ	
A/duck/Guangdong/04.16_LG	
A/duck/Guangdong/04.16_SZ	
A/duck/Guangdong/04.16_SZ	
A/duck/Guangdong/04.16_SZ	
A/duck/Guangdong/04.16_SZ	
A/duck/Guangdong/04.22_DG	
A/duck/Guangdong/04.22_DG	
A/duck/Guangdong/04.22_DG	
A/duck/Guangdong/04.22_DG	
A/duck/Guangdong/04.22_DG	
A/duck/Guangdong/04.22_DG	
A/duck/Guangdong/04.22_DG	
A/duck/Guangdong/04.22_DG	
A/duck/Guangdong/04.22_DG	
A/duck/Guangdong/04.22_DG	
A/duck/Guangdong/04.23_DG	
A/duck/Guangdong/04.23_DG	
A/duck/Guangdong/04.23_DG	
A/duck/Guangdong/04.23_DG	
A/duck/Guangdong/04.23_DG	
A/duck/Guangdong/04.23_DG	
A/duck/Guangdong/04.23_DG	
A/duck/Guangdong/04.23_DG	
A/duck/Guangdong/04.23_DG	
A/duck/Guangdong/04.23_DG	
A/duck/Guangdong/04.23_DG	
A/duck/Guangdong/04.23_DG	
A/duck/Guangdong/04.23_DG	
A/duck/Guangdong/04.23_DG	
A/duck/Guangdong/04.23_DG	
A/duck/Guangdong/04.23_DG	
A/duck/Guangdong/04.23_DG	
A/duck/Guangdong/04.23_DG	
A/duck/Guangdong/04.23_DG	
A/duck/Guangdong/04.23_DG	
A/duck/Guangdong/04.23_DG	
A/duck/Guangdong/04.23_DG	
A/duck/Guangdong/04.23_DG	
A/duck/Guangdong/04.23_DG	
A/duck/Guangdong/04.23_DG	
A/duck/Guangdong/04.23_DG	
A/duck/Guangdong/04.23_DG	
A/duck/Guangdong/04.23_DG	
A/duck/Guangdong/04.23_DG	
A/duck/Guangdong/04.23_DG	
A/duck/Guangdong/04.23_DG	
A/duck/Guangdong/04.23_DG	
A/duck/Guangdong/04.23_DG	
A/duck/Guangdong/04.23_DG	
A/duck/Guangdong/04.23_DG	
A/duck/Guangdong/04.23_DG	
A/duck/Guangdong/04.23_DG	
A/duck/Guangdong/04.23_DG	
A/duck/Guangdong/04.23_DG	
A/duck/Guangdong/04.23_DG	
A/duck/Guangdong/04.23_DG	
A/duck/Guangdong/04.23_DG	
A/duck/Guangdong/11.18_SZ	
A/duck/Guangdong/11.18_SZ	
A/duck/Guangdong/11.18_SZ	
A/duck/Guangdong/KGZ16007	
A/duck/Guangdong/KGZ16008	
A/duck/Guangdong/KGZ16009	
A/duck/Guangdong/KGZ16012	
A/Duck/Guangdong/PO172812	
A/Duck/Guangdong/PO172813	
A/Duck/Guangdong/PO172842	
A/Duck/Guangdong/PO170726	
A/Duck/Guangdong/PY501/20	
A/Duck/Guangdong/PY503/20	
A/duck/Guangdong/S1330/20	
A/duck/Guangdong/S4879/20	
A/duck/Guangdong/SE195/20	
A/Duck/Guangdong/SS1A1/20	
A/Duck/Guangdong/Yangjian	
A/duck/Guangxi/12.25_GLGX	
A/duck/Guangxi/S31116/202	
A/duck/Guangzhou/018/2014	
A/duck/Guangzhou/021/2014	
A/duck/Guizhou/7.27_ZYLJJ	
A/duck/Guizhou/8.26_ZYLJJ	
A/duck/Guizhou/8.26_ZYLJJ	
A/duck/Guizhou/S4702/2021	
A/duck/Hainan/12.29_HKPL0	
A/duck/Henan/01.01_LYGL00	
A/duck/Hubei/03.06__WHWTZ	
A/duck/Hubei/03.06__WHWTZ	
A/duck/Hubei/03.06__WHWTZ	
A/duck/Hubei/03.06__WHWTZ	
A/duck/Hubei/03.06__WHWTZ	
A/duck/HuBei/03.06__WHWTZ	
A/duck/Hubei/03.06_WHWTZ0	
A/duck/Hubei/03.06_WHWTZ0	
A/duck/Hunan/1.12_YYGK68H	
A/duck/Hunan/1.12_YYGK72H	
A/duck/Hunan/1.12_YYGK74H	
A/duck/Hunan/01.12_YYGK82	
A/duck/Hunan/01.16_YYFQH1	
A/duck/Hunan/01.16_YYFQH1	
A/duck/Hunan/01.16_YYFQH2	
A/duck/Hunan/01.16_YYFQH3	
A/duck/Hunan/01.16_YYFQH3	
A/duck/Hunan/01.16_YYFQH3	
A/duck/Hunan/01.16_YYFQH3	
A/duck/Hunan/01.16_YYFQH3	
A/duck/Hunan/01.16_YYFQH3	
A/duck/Hunan/01.16_YYFQH3	
A/duck/Hunan/01.16_YYGK21	
A/duck/Hunan/1.17_YYGKK80	
A/duck/Hunan/01.21_YYFQH0	
A/duck/Hunan/01.21_YYFQH0	
A/duck/Hunan/01.21_YYFQH0	
A/duck/Hunan/01.21_YYFQH0	
A/duck/Hunan/01.21_YYFQH0	
A/duck/Hunan/2.06_YYGK77J	
A/duck/Hunan/2.06_YYGK78J	
A/duck/Hunan/2.06_YYGK84J	
A/duck/Hunan/2.06_YYGK92J	
A/duck/Hunan/02.07__YYFQH	
A/duck/Hunan/02.07__YYFQH	
A/duck/Hunan/02.07_YYFQH0	
A/duck/Hunan/02.07_YYFQH0	
A/duck/Hunan/02.07_YYFQH0	
A/duck/Hunan/02.16_YYGK28	
A/duck/Hunan/02.26__YYFQH	
A/duck/Hunan/02.26__YYFQH	
A/duck/Hunan/02.26__YYGK2	
A/duck/Hunan/02.26__YYGK0	
A/duck/Hunan/02.26_YYFQH2	
A/duck/Hunan/02.26_YYFQH2	
A/duck/Hunan/02.26_YYFQH3	
A/duck/Hunan/02.26_YYFQHY	
A/duck/Hunan/02.26_YYGK25	
A/duck/Hunan/02.26_YYGK25	
A/duck/Hunan/02.26_YYGK26	
A/duck/Hunan/02.26_YYGK26	
A/duck/Hunan/02.26_YYGK27	
A/duck/Hunan/02.26_YYGK27	
A/duck/Hunan/02.26_YYGKY2	
A/duck/Hunan/02.26_YYGQH2	
A/duck/Hunan/03.07_YYGK4L	
A/duck/Hunan/03.07_YYGK25	
A/duck/Hunan/03.07_YYGK31	
A/duck/Hunan/03.09_YYFQH0	
A/duck/Hunan/03.09_YYFQH0	
A/duck/Hunan/03.09_YYFQH0	
A/duck/Hunan/03.24_YYGK18	
A/duck/Hunan/03.24_YYGK21	
A/duck/Hunan/03.24_YYGK17	
A/duck/Hunan/03.24_YYGK17	
A/duck/Hunan/04.14_YYGK06	
A/duck/Hunan/04.14_YYGK04	
A/duck/Hunan/04.14_YYGK45	
A/duck/Hunan/04.14_YYGK46	
A/duck/Hunan/04.14_YYGK46	
A/duck/Hunan/04.14_YYGK46	
A/duck/Hunan/04.14_YYGK47	
A/duck/Hunan/04.14_YYGK08	
A/duck/Hunan/04.14_YYXS87	
A/duck/Hunan/04.22_LDDX03	
A/duck/Hunan/7.21_YYGK41Y	
A/duck/Hunan/11.30_YYGK59	
A/duck/Hunan/11.30_YYGK62	
A/duck/Hunan/11.30_YYGK63	
A/duck/Hunan/11.30_YYGK75	
A/duck/Hunan/12.07__YYGK1	
A/duck/Hunan/12.07__YYGK1	
A/duck/Hunan/12.07__YYGK1	
A/duck/Hunan/12.07_YGK098	
A/duck/Hunan/12.07_YYGK03	
A/duck/Hunan/12.07_YYGK68	
A/duck/Hunan/12.07_YYGK10	
A/duck/Hunan/12.07_YYGK11	
A/duck/Hunan/12.17__YYFQH	
A/duck/Hunan/12.17__YYFQH	
A/duck/Hunan/12.17__YYGK0	
A/duck/Hunan/12.17_YYGK01	
A/duck/Hunan/12.17_YYGK04	
A/duck/Hunan/12.17_YYGK05	
A/duck/Hunan/12.17_YYGK00	
A/duck/Hunan/12.17_YYGK00	
A/duck/Hunan/12.17_YYGK00	
A/duck/Hunan/12.17_YYGK07	
A/duck/Hunan/12.17_YYGK08	
A/duck/Hunan/12.27_YYGK60	
A/duck/Hunan/12.27_YYGK71	
A/duck/Hunan/12.27_YYGK73	
A/duck/Hunan/12.27_YYGK81	
A/duck/Hunan/12.27_YYGK86	
A/duck/Hunan/12.27_YYGK89	
A/duck/Hunan/12.27_YYGK91	
A/duck/Hunan/12.27_YYGK93	
A/duck/Hunan/12.27_YYGK95	
A/duck/Hunan/12.27_YYGK96	
A/duck/Hunan/12.27_YYGK97	
A/duck/Hunan/12.27_YYGK10	
A/duck/Hunan/193/2014|EPI	
A/duck/Hunan/233/2014|EPI	
A/duck/Hunan/HN05/2014|EP	
A/duck/Hunan/HN13/2015|EP	
A/duck/Hunan/HN16/2015|EP	
A/duck/Hunan/HN29/2015|EP	
A/duck/Hunan/HN42/2015|EP	
A/duck/Hunan/HN45/2015|EP	
A/duck/Hunan/HN53/2015|EP	
A/duck/Hunan/HN54/2015|EP	
A/duck/Hunan/HN59/2015|EP	
A/duck/Hunan/HN60/2015|EP	
A/duck/Hunan/HN61/2015|EP	
A/duck/Hunan/HN64/2015|EP	
A/duck/Hunan/HN66/2015|EP	
A/duck/Hunan/HN67/2015|EP	
A/duck/Hunan/HN71/2015|EP	
A/duck/Hunan/HN72/2015|EP	
A/duck/Hunan/HN74/2015|EP	
A/duck/Hunan/HN76/2015|EP	
A/duck/Hunan/HN78/2015|EP	
A/duck/Hunan/HN80/2015|EP	
A/duck/Hunan/HN162/2015|E	
A/duck/Hunan/HN163/2015|E	
A/duck/Hunan/HN167/2015|E	
A/duck/Hunan/HN171/2015|E	
A/duck/Hunan/HN172/2015|E	
A/duck/Hunan/HN174/2015|E	
A/duck/Hunan/HN176/2015|E	
A/duck/Hunan/HN177/2015|E	
A/duck/Hunan/HN178/2015|E	
A/duck/Hunan/HN182/2015|E	
A/duck/Hunan/HN183/2015|E	
A/duck/Hunan/HN186/2015|E	
A/duck/Hunan/HN190/2015|E	
A/duck/Hunan/HN191/2015|E	
A/duck/Hunan/HN192/2015|E	
A/duck/Hunan/HN194/2015|E	
A/duck/Hunan/HN195/2015|E	
A/duck/Hunan/HN197/2015|E	
A/duck/Hunan/HN201/2015|E	
A/duck/Hunan/HN204/2015|E	
A/duck/Hunan/HN205/2015|E	
A/duck/Hunan/HN206/2015|E	
A/duck/Hunan/HN207/2015|E	
A/duck/Hunan/HN208/2015|E	
A/duck/Hunan/HN209/2015|E	
A/duck/Hunan/HN210/2015|E	
A/duck/Hunan/HN212/2015|E	
A/duck/Hunan/HN214/2015|E	
A/duck/Hunan/HN215/2015|E	
A/duck/Hunan/HN216/2015|E	
A/duck/Hunan/HN217/2015|E	
A/duck/Hunan/HN220/2015|E	
A/duck/Hunan/HN221/2015|E	
A/duck/Hunan/HN224/2015|E	
A/duck/Hunan/HN227/2015|E	
A/duck/Hunan/HN230/2015|E	
A/duck/Hunan/HN232/2015|E	
A/duck/Hunan/HN234/2015|E	
A/duck/Hunan/HN236/2015|E	
A/duck/Hunan/HN238/2015|E	
A/duck/Hunan/HN239/2015|E	
A/duck/Hunan/HN240/2015|E	
A/duck/Hunan/HN241/2015|E	
A/duck/Hunan/HN242/2015|E	
A/duck/Hunan/HN278/2015|E	
A/duck/Hunan/HN285/2015|E	
A/duck/Hunan/HN288/2015|E	
A/duck/Hunan/HN333/2015|E	
A/duck/Hunan/HN334/2015|E	
A/duck/Hunan/HN335/2015|E	
A/duck/Hunan/HN336/2015|E	
A/duck/Hunan/HN339/2015|E	
A/duck/Hunan/HN341/2015|E	
A/duck/Hunan/HN342/2015|E	
A/duck/Hunan/HN343/2015|E	
A/duck/Hunan/S40199/2021(	
A/duck/Hunan/S40268/2021(	
A/duck/Jiangxi/01.11_NCNP	
A/duck/Jiangxi/01.14_NCJD	
A/duck/Jiangxi/01.14_NCJD	
A/duck/Jiangxi/01.14_NCJD	
A/duck/Jiangxi/02.05_YGYX	
A/duck/Jiangxi/02.06_NCJD	
A/duck/Jiangxi/02.06_NCJD	
A/duck/Jiangxi/2.28_NCNP2	
A/duck/Jiangxi/2.28NCNP23	
A/duck/Jiangxi/03.11_NCHJ	
A/duck/Jiangxi/04.01__NCD	
A/duck/Jiangxi/04.01__NCD	
A/duck/Jiangxi/04.01_NCDZ	
A/duck/Jiangxi/05.07__NCJ	
A/duck/Jiangxi/5.26_NCDZT	
A/duck/Jiangxi/11.17_NCNP	
A/duck/Jiangxi/11.17_NCNP	
A/duck/Jiangxi/11.29_NCDZ	
A/duck/Jiangxi/11.29_NCNP	
A/duck/Jiangxi/11.29_NCNP	
A/duck/Jiangxi/95/2014|EP	
A/duck/Jiangxi/13469/2014	
A/duck/Jiangxi/13475/2014	
A/duck/Jiangxi/13484/2014	
A/Duck/Jiangxi/50446/2016	
A/Duck/Jiangxi/50455/2016	
A/duck/Jiangxi/E7/2014_(H	
A/duck/Jiangxi/F31/2014(H	
A/duck/Jiangxi/NCDZT1123/	
A/duck/Jiangxi/NCDZT1126/	
A/duck/Ningxia/YG61/2017|	
A/duck/Ningxia/YG71/2017|	
A/duck/Ningxia/YG83/2017|	
A/duck/Shandong/SD0261/20	
A/duck/Shandong/SD0263/20	
A/duck/Sichuan/04.27_NBXJ	
A/duck/Sichuan/04.27_NBXJ	
A/duck/Sichuan/04.27_NBXJ	
A/duck/Sichuan/04.27_NBXJ	
A/duck/Sichuan/04.27_NBXJ	
A/duck/Sichuan/04.27_NCXJ	
A/duck/Sichuan/NCXJ15/201	
A/duck/Sichuan/NCXJ24/201	
A/duck/Sichuan/S1805/2021	
A/duck/Sichuan/SC4822/202	
A/duck/Sichuan/SC5698/202	
A/duck/Sichuan/SD002/2021	
A/duck/Wuxi/7249/2015|EPI	
A/duck/Yunnan/03.15_DQWGH	
A/duck/Yunnan/03.16_DQXYL	
A/duck/Yunnan/03.16_DQXYL	
A/duck/Yunnan/03.16_DQXYL	
A/duck/Yunnan/03.16_DQXYL	
A/duck/Yunnan/07.15_DQNPH	
A/duck/Yunnan/07.15_DQNPH	
A/duck/Yunnan/07.15_DQNPH	
A/duck/Yunnan/07.15_DQNPH	
A/duck/Yunnan/S4318/2021(	
A/Duck/Yunnan/YN-2/2016_(	
A/Duck/Yunnan/YN-4/2015__	
A/Duck/Yunnan/YN-9/2016__	
A/Duck/Zhanjiang/15577/20	
A/duck/Zhejiang/02.28_JHZ	
A/duck/Zhejiang/727158/20	
A/duck/Zhejiang/S4854/202	
A/Egret/Shangdong/JN529/2	
A/environment/Hunan/HN261	
A/Falcated_Duck/Ningxia/4	
A/feline/Guangdong/2/2014	
A/Fujian/1/2024(H5N6)|EPI	
A/Fujian/2/2024(H5N6)|EPI	
A/Fujian-Sanyuan/21099/20	
A/Fujian-Sanyuan/21099/20	
A/Gadwall/Ningxia/472-7/2	
A/Gallinula_chloropus/Gua	
A/Goose/_Guangdong_/JG125	
A/Goose/_Guangdong_/SSLBY	
A/Goose/_Guangdong_/SSZYP	
A/goose/Anhui/AH350/2015|	
A/goose/China/0701/2018|E	
A/goose/Chongqing/SD003/2	
A/goose/Eastern_China/S05	
A/goose/Fujian/3.15_FZHX0	
A/goose/Fujian/3.15_FZHX0	
A/goose/Fujian/3.15_FZHX0	
A/goose/Fujian/3.15_FZHX0	
A/goose/Fujian/3.15_FZHX0	
A/goose/Fujian/10.11_FZHX	
A/goose/Fujian/10.26_FZHX	
A/goose/Fujian/10.26_FZHX	
A/goose/Fujian/10.26_FZHX	
A/goose/Fujian/10.26_FZHX	
A/goose/Fujian/10.26_FZHX	
A/goose/Fujian/10.26_FZHX	
A/goose/Fujian/10.26_FZHX	
A/goose/Fujian/10.26_FZHX	
A/goose/Fujian/10.26_FZHX	
A/goose/Fujian/11.3_FZHX1	
A/goose/Guangdong/03.27_D	
A/goose/Guangdong/04.22_D	
A/goose/Guangdong/04.22_D	
A/goose/Guangdong/04.22_D	
A/goose/Guangdong/04.22_D	
A/goose/Guangdong/04.23_D	
A/goose/Guangdong/04.23_D	
A/goose/Guangdong/04.23_D	
A/goose/Guangdong/04.23_D	
A/goose/Guangdong/7.20_DG	
A/Goose/Guangdong/PO17072	
A/goose/Guangdong/QY01/20	
A/goose/Guangdong/S230/20	
A/goose/Guangdong/S4751/2	
A/goose/Guangdong/YJD/201	
A/goose/Henan/01.01_LYGL0	
A/goose/Hubei/113/2014|EP	
A/goose/HuBei/117/2014|EP	
A/goose/Hunan/81/2014|EPI	
A/goose/Hunan/82/2014|EPI	
A/goose/Hunan/107/2014|EP	
A/goose/Hunan/109/2014|EP	
A/goose/Hunan/110/2014|EP	
A/goose/Hunan/111/2014|EP	
A/goose/Hunan/115/2014|EP	
A/goose/Hunan/116/2014|EP	
A/goose/Hunan/155/2014|EP	
A/goose/Hunan/159/2014|EP	
A/goose/Hunan/160/2014|EP	
A/goose/Hunan/161/2014|EP	
A/goose/Hunan/HN11/2015|E	
A/goose/Hunan/HN22/2015|E	
A/goose/Hunan/HN57/2015|E	
A/goose/Hunan/HN88/2015|E	
A/goose/Hunan/HN90/2015|E	
A/goose/Hunan/HN310/2015|	
A/goose/Hunan/HN311/2015|	
A/goose/Hunan/HN314/2015|	
A/goose/Hunan/HN315/2015|	
A/goose/Hunan/HN316/2015|	
A/goose/Hunan/HN317/2015|	
A/goose/Hunan/HN318/2015|	
A/goose/Hunan/HN319/2015|	
A/goose/Jiangxi/01.09_NFJ	
A/goose/Jilin/04.04_SY003	
A/Goose/Qingyuan/16875/20	
A/goose/Shandong/02.16_YG	
A/goose/Shandong/02.26_GD	
A/goose/Shandong/03.16_JN	
A/goose/Shandong/11.02_CQ	
A/goose/Shandong/12.05_YG	
A/goose/Xinjiang/12.18_WL	
A/goose/Xinjiang/12.18_WL	
A/goose/Yangzhou/YZ587/20	
A/goose/Yunnan/07.14_DQWC	
A/goose/Yunnan/07.14_DQWC	
A/goose/Zhejiang/112080/2	
A/goose/Zhejiang/727092/2	
A/goose/Zhejiang/727110/2	
A/goose/Zhejiang/925036/2	
A/goose/Zhejiang/925105/2	
A/goose/Zhejiang/925106/2	
A/goose/Zhejiang/925108/2	
A/goose/Zhejiang/1120132/	
A/Great_Cormorant/Hubei/c	
A/Great_Cormorant/Hubei/c	
A/Guangdong/18SF020/2018-	
A/Guangdong/12903/2021|EP	
A/Guangdong/lgf/2021|EPI_	
A/Guangxi/32797/2018|EPI_	
A/Guangxi/55726/2016|EPI_	
A/Guangzhou/39715/2014|EP	
A/GX-guilin/11151/2021|EP	
A/GX-hechi/01/2021|EPI_IS	
A/Hangzhou/01/2021|EPI_IS	
A/HeFei04171/2024|EPI_ISL	
A/Hubei/29578/2016_x_PR8_	
A/Hubei/29578/2016|EPI_IS	
A/Jiangsu/1/2018|EPI_ISL_	
A/Jiangsu/1/2018|EPI_ISL_	
A/Jiangsu/1/2020_(H5N6)|E	
A/Jiangsu/1/2020(H5N6)|EP	
A/Jiangsu/JSSZ01/2018|EPI	
A/Jiangxi/16791/2022|EPI_	
A/Luscinia_cyane/Jiangxi/	
A/Mallard/Jiangxi/JXH9/20	
A/Mallard/Jiangxi/JXH22/2	
A/migratory_waterfowl/Hub	
A/migratory_waterfowl/Hub	
A/mink/China/181/2019|EPI	
A/mink/China/183/2019|EPI	
A/mink/China/191/2019|EPI	
A/mink/China/456/2018|EPI	
A/mink/Eastern_China/006/	
A/mink/Eastern_China/149/	
A/mink/Eastern_China/528/	
A/mink/Eastern_China/571/	
A/mink/Northern_China/110	
A/Muscovy_duck/China/FJFZ	
A/Muscovy_duck/China/H5N6	
A/muscovy/duck/Hunan/85/2	
A/muscovy/duck/Hunan/88/2	
A/muscovy/duck/Hunan/89/2	
A/muscovy/duck/Hunan/90/2	
A/muscovy/duck/Hunan/93/2	
A/muscovy/duck/Hunan/94/2	
A/muscovy/duck/Hunan/101/	
A/muscovy/duck/Hunan/102/	
A/muscovy/duck/Hunan/103/	
A/muscovy/duck/Hunan/104/	
A/muscovy/duck/Hunan/125/	
A/muscovy/duck/Hunan/147/	
A/muscovy/duck/Hunan/148/	
A/muscovy/duck/Hunan/167/	
A/muscovy/duck/Hunan/183/	
A/muscovy/duck/Hunan/216/	
A/muscovy/duck/Hunan/229/	
A/muscovy/duck/Hunan/232/	
A/muscovy/duck/Hunan/HN34	
A/muscovy/duck/Hunan/HN34	
A/muscovy/duck/Hunan/HN34	
A/muscovy/duck/Hunan/HN34	
A/muscovy/duck/Hunan/HN35	
A/muscovy/duck/Hunan/HN35	
A/muscovy/duck/Hunan/HN35	
A/muscovy/duck/Hunan/HN35	
A/muscovy/duck/Hunan/HN35	
A/muscovy/duck/Hunan/HN35	
A/muscovy/duck/Hunan/HN35	
A/muscovy/duck/Hunan/HN35	
A/muscovy/duck/Hunan/HN36	
A/muscovy/duck/Hunan/HN36	
A/muscovy/duck/Hunan/HN36	
A/muscovy/duck/Hunan/HN36	
A/muscovy/duck/Hunan/HN36	
A/Northern_Pintail/HK/MP6	
A/oriental_magpie_robin/H	
A/Pavo_cristatus/China/JS	
A/Pavo_cristatus/China/K1	
A/Pavo_cristatus/Jiangxi/	
A/Phalacrocorax/Hubei/01.	
A/Phalacrocorax/Hubei/01.	
A/pigeon/Fujian/1.17_FZHX	
A/pigeon/Guangdong/04.15_	
A/pigeon/Guangdong/04.16_	
A/pigeon/Guangdong/04.23_	
A/pigeon/Hainan/1.14_HKPL	
A/Pigeon/Hunan/04.14_YYXS	
A/Pigeon/Jiangxi/02.10__N	
A/Pigeon/Jiangxi/04.01__N	
A/pigeon/Jilin/04.25_CCHL	
A/pigeon/Sichuan/04.27_NB	
A/Quail/Guangxi/GX-2/2017	
A/quail/Jiangxi/B9/2015_(	
A/Quail/Zhanjiang/16887/2	
A/Quanzhou/2/2024|EPI_ISL	
A/Shenzhen/1/2015|EPI_ISL	
A/Shenzhen/1/2016|EPI_ISL	
A/Shenzhen/TH001/2015_(H5	
A/Shenzhen/TH003/2016(H5N	
A/Shoveller/Ningxia/488-5	
A/Sichuan/26221/2014|EPI_	
A/silkie_chicken/Dongguan	
A/Spoonbill/HK/17-18259/2	
A/spoonbill/Taiwan/DB645/	
A/spot_billed_duck/Ningxi	
A/spot-billed_duck/Ningxi	
A/Streptopelia_decaocto/J	
A/Streptopelia_decaocto/J	
A/Streptopelia_decaocto/J	
A/swan_goose/Jilin/JL01/2	
A/swine/China/RZ/2018|EPI	
A/swine/Guangdong/1/2014|	
A/swine/Guangdong/2/2014|	
A/swine/Guangdong/G3/2015	
A/Syrrhaptes_paradoxus/Gu	
A/Waterfowl/Hubei/Chenhu1	
A/Waterfowl/Hubei/Chenhu1	
A/white_naped_crane/China	
A/White-eyed_Pochard/Ning	
A/Wigeon/Ningxia/476-12/2	
A/wild_bird/Hunan/01.14_Y	
A/wild_bird/Hunan/01.14_Y	
A/wild_bird/Hunan/02.24_Y	
A/wild_bird/Hunan/02.24_Y	
A/wild_bird/Hunan/03.08_D	
A/wild_bird/Taipei/04WB12	
A/wild_bird/Zhejiang/NBXS	
A/wild_pigeon/Jilin/CC01/	
A/Yunnan/14563/2015|EPI_I	
A/Yunnan/DQ002/2015(H5N6)	
A/Anas_crecca/Hubei/Chenh	
A/Changsha/1/2014_H5N6|GC	
A/China/Original/2018_H5N	
A/Commom_Teal/Ningxia/474	
A/Copsychus_saularis/Guan	
A/Falcated_Duck/Ningxia/4	
A/Ferruginous_Pochard/Nin	
A/Gadwall/Ningxia/472-7/2	
A/Gallinula_chloropus/Gua	
A/Guangdong/lgf/2021_H5N6	
A/Guangzhou/39715/2014_H5	
A/Northern_Shoveler/Ningx	
A/Pavo_cristatus/China/JS	
A/Pavo_cristatus/China/K1	
A/Pavo_cristatus/Jiangxi/	
A/Rattus_norvegicus/China	
A/Syrrhaptes_paradoxus/Gu	
A/Wild_bird/Huadong/DF10/	
A/Wild_bird/Huadong/GY116	
A/Wild_bird/Huadong/GY183	
A/Wild_bird/Huadong/GY999	
A/Wild_bird/Huadong/QP10/	
A/Wild_bird/Huadong/SH17/	
A/Wild_bird/Huadong/SSW7/	
A/Wild_bird/Huadong/SZ111	
A/Wild_bird/Huadong/YC148	
A/Wild_bird/Huadong/YX68/	
A/Yangzhou/125/2022_H5N6|	
A/black_chicken/Jiangxi/1	
A/cat/Sichuan/SC18/2014_H	
A/cat/Zhejiang/C1/2016_H5	
A/cat/Zhejiang/C2/2016_H5	
A/chicken/Anhui/MZ33/2016	
A/chicken/Anhui/MZ34/2016	
A/chicken/China/007/2019_	
A/chicken/China/1101/2019	
A/chicken/Dongguan/2690/2	
A/chicken/Dongguan/3363/2	
A/chicken/Dongguan/4259/2	
A/chicken/Fujian/11.23_FZ	
A/chicken/Ganzhou/GZ27/20	
A/chicken/Guangdong/GD160	
A/chicken/Guangxi/16/2019	
A/chicken/Henan/YB0597/20	
A/chicken/Hubei/ZYSJF11/2	
A/chicken/Hubei/ZYSJF16/2	
A/chicken/Hubei/ZYSJF38/2	
A/chicken/Hunan/02.06_YYG	
A/chicken/Hunan/03.07_YYG	
A/chicken/Hunan/12.27_YYG	
A/chicken/Hunan/12.27_YYG	
A/chicken/Jiangxi/NCDZT11	
A/chicken/Jiangxi/NCDZT11	
A/chicken/Jiangyin/JY0907	
A/chicken/Shanxi/04.28_TG	
A/chicken/Shanxi/12.01_TG	
A/chicken/Shenzhen/1061/2	
A/chicken/Shenzhen/1845/2	
A/chicken/Shenzhen/2269/2	
A/chicken/Shenzhen/2396/2	
A/chicken/Shenzhen/2464/2	
A/chicken/Shenzhen/433/20	
A/chicken/Shenzhen/552/20	
A/chicken/Shenzhen/715/20	
A/chicken/Sichuan/NCJPL1/	
A/chicken/Sichuan/k141/20	
A/chicken/Taishun/TS2/201	
A/chicken/Taishun/TS90/20	
A/chicken/Wuhan/WHYJ01/20	
A/chicken/Xuzhou/XZ6/2016	
A/chicken/Yangzhou/YD1/20	
A/chicken/Zhejiang/102637	
A/chicken/Zhejiang/13160/	
A/chicken/Zhejiang/528127	
A/chicken/Zhejiang/6107/2	
A/chicken/Zhejiang/6C2/20	
A/chicken/Zhejiang/727022	
A/chicken/Zhejiang/727026	
A/chicken/Zhejiang/727155	
A/common_mallard/Ningxia/	
A/duck/Anhui/S4/2016_H5N6	
A/duck/China/0936/2017_H5	
A/duck/China/0938/2017_H5	
A/duck/Dongguan/2685/2013	
A/duck/Eastern_China/S032	
A/duck/Eastern_China/S071	
A/duck/Eastern_China/S090	
A/duck/Fujian/1.17_FZHX01	
A/duck/Fujian/10.26_FZHX0	
A/duck/Fujian/10.26_FZHX0	
A/duck/Fujian/11.23_FZHX0	
A/duck/Fujian/11.23_FZHX0	
A/duck/Fujian/11.23_FZHX0	
A/duck/Fujian/11.3_FZHX11	
A/duck/Fujian/11.3_FZHX11	
A/duck/Fujian/12.7_FZHX12	
A/duck/Fujian/12.7_FZHX12	
A/duck/Fujian/12.7_FZHX12	
A/duck/Fujian/12.7_FZHX12	
A/duck/Guangdong/11.18_SZ	
A/duck/Guangdong/11.18_SZ	
A/duck/Guangdong/11.18_SZ	
A/duck/Guangdong/GD01/201	
A/duck/Guangzhou/018/2014	
A/duck/Guangzhou/021/2014	
A/duck/Guangzhou/41227/20	
A/duck/Guizhou/7.27_ZYLJJ	
A/duck/Guizhou/8.26_ZYLJJ	
A/duck/Guizhou/8.26_ZYLJJ	
A/duck/Hainan/12.29_HKPL0	
A/duck/Hunan/01.12_YYGK82	
A/duck/Hunan/03.07_YYGK25	
A/duck/Hunan/03.07_YYGK4L	
A/duck/Hunan/03.24_YYGK17	
A/duck/Hunan/03.24_YYGK17	
A/duck/Hunan/03.24_YYGK18	
A/duck/Hunan/03.24_YYGK21	
A/duck/Hunan/1.12_YYGK68H	
A/duck/Hunan/1.12_YYGK72H	
A/duck/Hunan/1.12_YYGK74H	
A/duck/Hunan/1.17_YYGKK80	
A/duck/Hunan/11.30_YYGK59	
A/duck/Hunan/11.30_YYGK62	
A/duck/Hunan/11.30_YYGK63	
A/duck/Hunan/11.30_YYGK75	
A/duck/Hunan/12.27_YYGK10	
A/duck/Hunan/12.27_YYGK60	
A/duck/Hunan/12.27_YYGK71	
A/duck/Hunan/12.27_YYGK73	
A/duck/Hunan/12.27_YYGK81	
A/duck/Hunan/12.27_YYGK86	
A/duck/Hunan/12.27_YYGK89	
A/duck/Hunan/12.27_YYGK91	
A/duck/Hunan/12.27_YYGK93	
A/duck/Hunan/12.27_YYGK95	
A/duck/Hunan/12.27_YYGK96	
A/duck/Hunan/12.27_YYGK97	
A/duck/Hunan/2.06_YYGK77J	
A/duck/Hunan/2.06_YYGK78J	
A/duck/Hunan/2.06_YYGK84J	
A/duck/Hunan/2.06_YYGK92J	
A/duck/Hunan/7.21_YYGK41Y	
A/duck/Jiangxi/01.11_NCNP	
A/duck/Jiangxi/10160/2014	
A/duck/Jiangxi/11.17_NCNP	
A/duck/Jiangxi/11.17_NCNP	
A/duck/Jiangxi/11.29_NCDZ	
A/duck/Jiangxi/11.29_NCNP	
A/duck/Jiangxi/11.29_NCNP	
A/duck/Jiangxi/13469/2014	
A/duck/Jiangxi/13475/2014	
A/duck/Jiangxi/13484/2014	
A/duck/Jiangxi/2.28NCNP23	
A/duck/Jiangxi/2.28_NCNP2	
A/duck/Jiangxi/5.26_NCDZT	
A/duck/Shandong/SD0261/20	
A/duck/Shandong/SD0263/20	
A/duck/Sichuan/NCXJ15/201	
A/duck/Sichuan/NCXJ16/201	
A/duck/Sichuan/SC4822/202	
A/duck/Sichuan/SC5698/202	
A/duck/Wuhan/JXYFB22/2015	
A/duck/Wuhan/WHYF02/2015_	
A/duck/Zhejiang/6D2/2013_	
A/duck/Zhejiang/727158/20	
A/egret/Zhejiang/W15/2017	
A/egret/Zhejiang/W18/2017	
A/feline/Guangdong/2/2015	
A/gadwall/Ningxia/YG61/20	
A/goose/China/0701/2018_H	
A/goose/China/M14/2016_H5	
A/goose/Eastern_China/S05	
A/goose/Fujian/10.11_FZHX	
A/goose/Fujian/10.26_FZHX	
A/goose/Fujian/10.26_FZHX	
A/goose/Fujian/10.26_FZHX	
A/goose/Fujian/10.26_FZHX	
A/goose/Fujian/10.26_FZHX	
A/goose/Fujian/10.26_FZHX	
A/goose/Fujian/10.26_FZHX	
A/goose/Fujian/10.26_FZHX	
A/goose/Fujian/10.26_FZHX	
A/goose/Fujian/11.3_FZHX1	
A/goose/Fujian/3.15_FZHX0	
A/goose/Fujian/3.15_FZHX0	
A/goose/Fujian/3.15_FZHX0	
A/goose/Fujian/3.15_FZHX0	
A/goose/Fujian/3.15_FZHX0	
A/goose/Guangdong/7.20_DG	
A/goose/Guangdong/QY01/20	
A/goose/Henan/01.01_LYGL0	
A/goose/Shantou/1763/2014	
A/goose/Xinjiang/12.18_WL	
A/goose/Xinjiang/12.18_WL	
A/goose/Yangzhou/YZ587/20	
A/goose/Zhejiang/1120132/	
A/goose/Zhejiang/112080/2	
A/goose/Zhejiang/727092/2	
A/goose/Zhejiang/727110/2	
A/goose/Zhejiang/925036/2	
A/goose/Zhejiang/925105/2	
A/goose/Zhejiang/925106/2	
A/goose/Zhejiang/925108/2	
A/migratory_waterfowl/Hub	
A/migratory_waterfowl/Hub	
A/mink/China/181/2019_H5N	
A/mink/China/183/2019_H5N	
A/mink/China/191/2019_H5N	
A/mink/China/456/2018_H5N	
A/mink/Eastern_China/006/	
A/mink/Eastern_China/149/	
A/mink/Eastern_China/528/	
A/mink/Eastern_China/571/	
A/mink/Northern_China/110	
A/oriental_magpie_robin/H	
A/pigeon/Fujian/1.17_FZHX	
A/pigeon/Hainan/1.14_HKPL	
A/silkie_chicken/Dongguan	
A/spot-billed_duck/Ningxi	
A/spot-billed_duck/Ningxi	
A/spot-billed_duck/Ningxi	
A/swan_goose/Jilin/JL01/2	
A/swine/China/RZ/2018_H5N	
A/swine/Guangdong/1/2014_	
A/swine/Guangdong/2/2014_	
A/turtledove/Wuhan/HKBJ43	
A/turtledove/Wuhan/WHBJ12	
A/turtledove/Wuhan/WHBJ28	
A/white-naped_crane/China	
A/wild_bird/Taipei/04WB12	
A/wild_pigeon/Jilin/CC01/	
A/Eurasian_Wigeon/Ningxia	
