1_A/Indonesia/5/2005 9	4	12	8	9	7	12	7	8	13	1	0	5	1	0	10	9	5	7	0	8	3	7	0	11	10	10	1	8	2	9	0	15	8	22	15	9	7	25	6	17	12	22	17	15	1	16	5	7	6	13	7	7	5	12	0	8	15	24	17	7	3	16	14	
2_A/Hong_Kong/483/1997 7	4	11	8	11	7	13	7	5	11	1	0	7	3	0	10	12	4	7	0	8	4	7	0	9	9	10	1	9	3	10	0	13	9	25	14	8	6	24	5	16	13	17	16	14	1	19	7	8	6	11	7	8	8	13	0	9	12	25	20	7	4	15	11	
3_A/Hong_Kong/482/97 7	4	11	8	11	7	13	7	6	11	1	0	6	3	0	10	11	4	7	0	10	4	7	0	8	9	9	1	8	3	10	0	14	9	27	14	8	7	23	4	15	12	20	16	15	1	16	8	9	6	12	7	7	7	12	1	8	13	26	19	8	4	14	11	
4_A/Chicken/HongKong/F 7	4	13	8	11	8	11	7	6	11	1	0	5	3	0	10	9	4	8	0	9	2	6	0	11	11	8	1	9	2	11	1	14	9	24	13	8	7	25	4	16	10	19	18	15	1	20	3	7	8	12	7	8	5	13	0	9	14	24	21	8	4	16	10	
5_A/Chicken/HongKong/Y 7	4	14	8	11	8	10	7	6	11	1	0	7	3	0	10	11	4	6	0	8	3	8	0	11	9	9	1	6	3	10	0	14	9	23	14	8	7	24	4	16	11	19	18	15	1	20	4	8	8	13	6	7	5	13	1	9	13	25	20	7	4	15	12	
6_A/Chicken/HongKong/Y 7	4	13	8	11	8	11	7	6	11	1	0	7	3	0	10	11	4	6	0	8	2	8	0	11	10	9	1	6	3	10	0	14	9	22	14	8	7	25	4	16	10	19	18	15	1	20	4	8	8	13	7	7	5	13	0	8	14	24	21	7	4	17	11	
7_A/Pheasant/Hong_Kong 7	4	13	8	11	8	11	7	6	11	1	0	5	3	0	10	9	4	8	0	9	2	6	0	11	11	8	1	9	2	11	1	14	9	23	13	8	7	25	4	16	10	19	18	15	1	20	3	7	8	13	7	8	5	13	0	9	14	24	21	8	4	16	10	
8_A/Hong_Kong/486/97 7	4	11	8	11	7	13	7	6	11	1	0	6	3	0	10	11	4	7	0	10	4	7	0	8	9	9	1	8	3	10	0	14	9	27	14	8	7	23	4	15	12	20	16	15	1	16	8	9	6	12	7	7	7	12	1	8	13	26	19	8	4	14	11	
9_A/Thailand/16/2004 8	4	12	8	11	9	12	7	8	9	1	0	7	3	0	10	9	4	7	0	8	2	7	0	10	10	9	1	6	3	11	0	15	8	22	14	8	6	24	5	17	12	19	19	14	1	20	4	7	7	13	7	10	3	13	0	9	13	24	16	8	4	16	15	
10_A/Hong_Kong/538/97 7	4	11	8	11	7	13	7	6	11	1	0	6	3	0	10	11	4	7	0	10	4	7	0	8	9	10	1	8	3	10	0	14	9	27	14	8	7	23	4	15	12	18	17	15	1	16	8	9	6	12	7	7	7	12	0	8	13	26	20	8	4	14	11	
11_A/chicken/Indonesia/ 8	5	12	8	9	8	12	7	8	11	1	0	5	2	0	10	9	4	7	0	9	2	7	0	12	10	9	1	6	3	11	0	15	8	24	13	8	6	24	5	18	10	20	20	15	1	18	4	8	7	13	7	7	5	12	0	8	15	25	16	7	4	15	15	
12_A/chicken/Korea/ES/0 7	4	12	8	11	8	12	7	8	11	1	0	5	3	0	10	10	3	7	0	8	3	7	0	10	11	9	1	7	3	11	0	14	9	22	13	8	6	23	7	18	10	20	19	13	1	17	5	6	7	13	7	9	4	12	1	8	16	26	17	9	3	14	14	
13_A/Hong_Kong/156/97 7	4	11	8	11	7	13	7	5	11	1	0	7	3	0	10	11	4	7	0	10	4	7	0	8	9	9	1	8	3	10	0	13	9	27	14	9	7	23	4	14	13	18	16	15	1	18	8	8	7	12	7	8	6	12	0	8	13	25	20	8	4	15	11	
14_A/whooper_swan/Mongo 10	4	11	8	8	7	12	7	8	12	1	0	4	3	0	10	11	3	7	0	9	2	7	0	10	11	9	1	7	3	11	0	14	9	23	12	8	6	25	5	18	11	18	20	13	1	17	6	6	8	13	7	9	2	14	0	8	15	25	18	9	4	15	14	
15_A/Vietnam/UT3062/200 8	4	12	8	11	9	12	7	8	9	1	0	7	3	0	10	9	4	8	0	8	2	6	0	10	10	10	1	6	3	10	0	15	8	22	14	8	6	24	5	17	12	19	18	14	1	19	6	7	7	13	7	9	4	13	0	9	13	24	17	8	4	16	14	
16_A/Anas_crecca/Hubei/ 7	4	11	6	10	7	13	9	11	9	1	0	3	3	0	10	10	3	7	1	9	4	9	0	10	10	7	1	8	3	10	1	13	8	26	10	8	7	21	6	21	10	23	16	12	4	15	5	8	8	14	5	8	3	12	1	6	16	26	16	11	3	13	16	
17_A/Anas_crecca/Hubei/ 7	4	11	6	10	7	13	9	12	9	1	0	4	3	0	10	10	3	7	1	8	4	9	0	9	9	8	1	8	3	10	0	15	8	30	10	7	8	18	6	21	10	24	16	12	4	14	5	7	9	14	4	8	3	11	2	6	15	26	18	11	3	13	14	
18_A/Anas_platyrhynchos 8	2	10	7	9	8	15	8	8	11	0	0	5	2	1	10	9	4	10	1	10	3	6	0	9	12	6	0	10	1	11	2	15	7	31	9	7	9	15	8	18	11	20	16	14	2	17	5	8	8	13	4	7	1	14	3	6	16	26	16	10	5	13	16	
19_A/Anas_platyrhynchos 8	2	10	7	9	8	15	8	8	11	0	0	5	2	1	10	9	4	9	1	10	3	6	0	9	12	6	0	10	1	11	2	16	6	33	8	7	9	13	9	17	12	20	16	15	2	17	5	8	8	14	5	8	2	13	2	5	16	26	17	10	5	13	14	
20_A/Anhui/1/2005|EPI_I 6	6	12	8	12	6	12	7	7	11	1	0	5	3	0	10	10	3	8	0	8	3	6	0	10	10	7	1	8	3	12	0	14	9	22	12	8	5	26	5	19	12	22	18	12	2	16	4	9	7	15	6	8	5	12	0	7	14	25	17	9	4	14	15	
21_A/Anhui/1/2006|EPI_I 6	6	12	8	12	6	12	7	8	11	1	0	4	3	0	10	10	3	8	0	8	3	6	0	10	10	7	1	9	3	11	0	14	9	21	13	8	6	26	5	19	11	22	18	13	2	16	4	8	7	14	7	8	5	13	0	8	13	25	18	9	4	14	13	
22_A/Anhui/2/2005|EPI_I 6	6	12	8	12	6	12	7	7	11	1	0	5	3	0	10	10	3	8	0	8	3	6	0	10	11	6	2	8	3	12	0	14	9	22	12	8	5	26	5	19	11	22	18	13	2	16	4	8	6	14	6	8	6	13	1	7	13	25	17	9	4	14	15	
23_A/Anhui/2021-00011/2 9	4	12	8	9	8	11	7	9	9	1	0	4	3	0	10	12	3	9	1	7	3	6	0	9	8	10	1	8	4	8	1	9	10	29	11	10	6	18	6	21	13	19	16	13	3	17	6	7	7	13	5	8	5	13	2	8	12	22	20	11	3	18	12	
24_A/Anhui/33163/2016|E 8	4	13	7	10	7	11	8	10	10	1	0	4	3	0	10	12	3	10	0	6	5	6	0	8	11	10	1	10	2	6	1	13	11	28	9	6	7	20	6	20	9	23	18	15	2	14	5	9	8	14	7	7	3	11	1	4	15	25	16	13	3	13	16	
25_A/Anser_albifrons/Hu 10	7	12	5	8	4	12	10	3	12	1	0	5	3	0	10	9	4	6	0	9	4	8	0	12	9	9	2	10	3	10	0	12	11	29	12	9	4	22	7	16	14	14	11	15	0	19	9	8	7	12	7	6	5	12	5	6	15	25	17	11	2	14	12	
26_A/Anser_cygnoides/Ch 7	4	11	7	10	8	13	8	10	9	1	0	4	3	0	10	12	4	9	1	7	5	7	0	9	9	10	1	9	2	7	1	13	8	28	10	8	7	18	6	18	13	22	17	15	2	14	6	9	9	14	5	8	2	13	1	4	15	24	15	12	2	15	17	
27_A/Anser_cygnoides/Hu 6	4	11	7	11	6	13	8	9	10	1	0	5	3	0	10	9	4	9	1	10	4	7	0	7	10	8	0	11	2	9	1	14	6	26	10	8	9	21	7	19	11	23	16	13	3	15	6	9	10	12	6	7	1	13	1	5	14	26	16	12	4	14	15	
28_A/Anser_fabalis/Huna 8	4	11	6	9	6	13	9	10	10	1	0	5	3	0	10	10	3	8	0	8	4	8	0	10	9	7	1	8	3	11	1	16	8	30	8	7	8	18	6	21	9	24	16	12	5	15	4	7	9	14	5	7	3	12	2	5	14	26	18	12	4	13	14	
29_A/Anser_fabalis/Jiuj 7	2	10	7	10	8	15	8	8	11	0	0	5	2	1	10	9	4	9	1	10	3	6	0	9	12	6	0	10	1	11	2	16	7	33	8	7	9	13	9	17	11	20	16	15	2	17	5	8	8	14	5	8	2	13	2	5	16	26	17	10	5	13	14	
30_A/bar_headed_goose/T 5	2	10	7	12	7	14	8	8	12	1	0	6	2	0	10	9	4	10	1	10	3	5	0	9	11	8	0	9	2	9	1	15	8	26	10	6	9	22	7	19	8	22	15	15	2	15	7	8	9	14	4	8	1	12	3	6	15	25	16	10	6	14	16	
31_A/Bar-headed_Goose/Q 6	4	12	7	11	6	12	8	9	10	1	0	5	3	0	10	9	4	9	1	10	4	7	0	7	10	8	0	11	2	9	1	14	6	28	9	8	9	20	7	19	11	21	16	13	3	17	6	9	10	12	6	7	1	13	1	5	16	26	15	12	2	14	16	
32_A/Bar-headed_Goose/Q 6	4	12	7	11	6	12	8	10	10	1	0	5	3	0	10	9	4	8	1	10	4	8	0	6	10	8	0	11	2	9	1	14	6	28	9	8	9	20	7	19	11	21	16	13	3	17	6	9	10	12	6	7	1	13	1	5	16	26	15	12	2	14	16	
33_A/Bar-headed_Goose/Q 6	4	12	7	11	6	12	8	9	10	1	0	5	3	0	10	9	4	9	1	10	5	7	0	7	10	8	0	11	2	9	1	14	6	28	9	8	8	20	7	19	11	21	16	13	3	17	6	9	10	12	6	7	1	13	1	5	16	26	15	12	2	14	16	
34_A/Bar-headed_Goose/Q 6	4	12	7	11	6	12	8	9	10	1	0	5	3	0	10	9	4	9	1	10	4	7	0	7	10	8	0	11	2	9	1	14	6	28	9	8	9	20	7	19	11	21	16	13	3	17	6	9	10	12	6	7	1	13	1	5	16	26	15	12	2	14	16	
35_A/Bar-headed_Goose/Q 6	4	12	7	11	6	12	8	9	10	1	0	5	3	0	10	9	4	9	1	10	4	7	0	7	10	8	0	11	2	9	1	14	6	28	9	8	9	20	7	19	11	22	15	13	3	17	6	9	10	12	6	7	1	13	1	5	16	26	15	12	2	14	16	
36_A/Bar-headed_Goose/Q 6	4	12	7	11	6	12	8	9	10	1	0	5	3	0	10	9	4	8	1	10	4	8	0	7	10	8	0	11	2	9	1	14	6	29	8	8	9	20	7	19	11	21	16	13	3	17	6	9	10	12	6	7	1	13	1	5	16	26	15	12	2	14	16	
37_A/Bar-headed_Goose/Q 6	4	12	7	11	6	12	8	8	10	1	0	5	3	0	11	9	4	9	1	10	5	6	0	7	10	8	0	11	3	9	1	14	5	28	9	8	10	20	7	20	10	20	17	13	3	18	5	9	10	12	6	7	1	12	2	4	16	26	15	13	1	14	16	
38_A/Bar-headed_Goose/Q 6	4	12	7	11	6	12	8	9	10	1	0	5	3	0	10	9	4	9	0	10	4	7	1	7	10	8	0	11	2	9	1	14	6	28	9	8	9	20	7	19	12	22	14	13	3	17	6	9	10	12	6	7	1	13	1	5	16	26	15	12	2	14	16	
39_A/Bar-headed_Goose/Q 6	4	12	7	11	6	12	8	9	10	1	0	5	3	0	10	9	4	9	1	10	4	7	0	7	10	8	0	11	2	9	1	14	6	28	9	8	9	20	7	19	11	22	15	13	3	17	6	9	10	12	6	7	1	13	1	5	16	26	15	12	2	14	16	
40_A/Bar-headed_Goose/Q 6	4	12	7	11	6	12	8	9	10	1	0	5	3	0	10	9	4	9	1	10	4	7	0	7	10	8	0	11	2	9	1	14	6	28	9	8	9	20	7	19	12	21	16	13	3	17	6	9	10	12	6	7	1	13	1	5	15	26	15	12	2	14	16	
41_A/Bar-headed_Goose/Q 6	4	12	7	11	6	12	8	9	10	1	0	6	2	0	10	10	4	9	1	9	6	6	0	7	10	8	0	11	2	9	1	14	6	28	9	8	9	21	6	19	10	20	16	13	3	18	6	8	10	12	6	7	1	13	1	6	16	26	15	12	2	14	16	
42_A/Bar-headed_Goose/Q 6	4	12	7	11	6	12	8	9	10	1	0	5	3	0	9	9	4	9	1	10	4	7	0	7	10	8	0	11	2	9	1	14	6	28	9	8	9	20	7	19	11	21	16	13	3	17	7	9	10	12	6	7	1	13	1	5	16	26	15	12	2	14	16	
43_A/Bar-headed_Goose/Q 7	4	12	7	11	6	12	8	9	10	1	0	6	2	0	10	9	4	9	1	10	4	7	0	7	10	8	0	11	3	9	1	13	6	28	9	8	11	20	7	19	8	20	16	13	2	18	6	9	10	12	6	7	1	12	2	5	17	26	15	12	2	14	16	
44_A/Bar-headed_Goose/Q 6	4	12	7	11	6	12	8	10	10	1	0	5	3	0	10	9	4	9	1	10	4	7	0	6	10	8	0	11	2	9	1	14	6	28	9	8	9	20	7	19	11	21	16	13	3	17	6	9	10	12	6	7	1	13	1	5	16	26	15	12	2	14	16	
45_A/Bar-headed_Goose/Q 6	4	12	7	11	6	12	8	9	10	1	0	5	3	0	10	9	4	8	1	10	4	8	0	7	10	8	0	11	2	9	1	14	6	28	9	8	9	20	7	19	11	21	16	13	3	17	6	9	10	12	6	7	1	13	1	5	16	26	15	12	2	14	16	
46_A/Bar-headed_Goose/Q 6	4	12	7	11	6	12	8	9	10	1	0	5	3	0	10	9	4	9	1	10	4	7	0	7	10	8	0	11	2	9	1	13	6	28	9	9	9	20	7	19	11	21	16	13	3	17	6	9	10	12	6	7	1	13	1	5	16	26	15	12	2	14	16	
47_A/Bar-headed_Goose/Q 6	4	12	7	11	6	12	8	9	10	1	0	5	3	0	10	8	5	9	1	10	4	7	0	7	10	9	0	11	2	9	1	14	6	27	10	8	9	22	7	19	11	19	16	13	3	17	6	9	10	11	6	7	1	13	1	5	16	26	15	12	2	14	16	
48_A/Bar-headed_Goose/Q 6	4	12	7	11	6	12	8	10	11	1	0	5	2	0	10	9	4	9	1	10	4	7	0	6	10	8	0	11	3	9	1	14	6	27	10	8	9	21	7	19	11	21	16	13	2	17	6	9	10	11	6	7	1	13	1	5	16	26	15	12	2	14	16	
49_A/Bar-headed_Goose/Q 6	4	12	7	11	6	12	8	9	11	1	0	5	2	0	10	9	4	9	1	10	4	7	0	7	10	8	0	12	2	9	1	14	6	27	10	8	9	21	7	19	11	21	16	13	3	17	6	9	10	11	6	7	1	13	1	5	16	27	15	11	2	13	16	
50_A/Bar-headed_Goose/Q 6	4	12	7	11	6	12	8	9	10	1	0	6	2	0	11	9	4	9	1	10	4	7	0	7	10	8	0	11	3	9	1	13	6	28	8	9	9	21	6	19	11	21	16	13	2	17	7	9	10	12	6	7	1	13	1	5	16	26	15	12	2	14	15	
51_A/Bar-headed_Goose/Q 6	4	12	7	11	6	12	8	9	10	1	0	5	3	0	10	9	4	8	1	10	4	8	0	7	10	8	0	11	2	9	1	14	6	28	9	8	10	19	7	19	11	21	16	13	3	17	6	9	10	12	6	7	1	13	1	5	16	26	15	12	2	14	16	
52_A/Bar-headed_Goose/Q 6	4	12	7	11	6	12	8	9	10	1	0	5	3	0	10	9	4	9	1	10	4	7	0	7	10	8	0	11	2	9	1	14	6	28	9	8	9	20	7	19	11	22	15	13	3	17	6	9	10	12	6	7	1	13	1	5	16	26	15	12	2	14	16	
53_A/Bar-headed_Goose/Q 6	4	12	7	11	6	12	6	9	10	1	0	5	2	0	11	10	4	9	1	9	4	7	1	7	11	8	0	11	2	9	1	14	6	29	9	8	9	19	7	19	10	20	16	14	2	18	6	9	10	12	6	7	2	13	2	5	16	26	15	12	2	13	16	
54_A/Bar-headed_Goose/Q 6	4	11	6	11	6	13	9	9	10	1	0	5	3	0	10	8	4	9	0	11	4	7	0	7	10	8	0	11	2	9	2	13	6	25	10	9	9	23	7	19	11	20	15	13	3	17	7	8	10	12	6	8	1	13	1	6	15	26	16	11	3	14	15	
55_A/Bar-headed_Goose/Q 6	4	11	6	11	6	13	9	9	10	1	0	5	3	0	10	8	4	9	0	11	4	7	0	7	10	8	0	11	2	9	2	14	6	25	10	9	9	23	7	19	11	20	14	13	3	17	8	7	10	12	6	8	1	13	1	6	15	26	16	11	3	14	15	
56_A/Bar-headed_Goose/Q 6	4	11	6	11	6	13	9	9	10	1	0	5	3	0	10	7	4	10	0	11	4	7	0	7	10	9	0	11	2	9	2	13	6	25	10	9	9	23	7	19	11	19	15	13	3	17	7	8	10	12	6	7	2	13	1	5	15	26	16	12	3	14	15	
57_A/Bar-headed_Goose/Q 6	4	11	6	11	6	13	9	10	10	1	0	5	3	0	10	8	4	9	0	11	4	7	0	6	10	8	0	11	2	9	2	13	6	25	10	9	9	23	7	19	11	20	15	13	3	17	7	9	10	12	6	7	1	13	1	6	15	26	16	11	3	14	15	
58_A/Bar-headed_Goose/Q 6	4	11	6	11	6	13	9	9	10	1	0	5	3	0	10	8	4	9	0	11	4	7	0	7	10	8	0	11	2	9	2	13	6	25	10	9	9	23	7	19	11	20	15	13	3	17	7	8	10	12	6	8	1	13	1	6	15	26	16	11	3	14	15	
59_A/Bar-headed_Goose/Q 6	4	12	7	11	6	12	8	10	11	1	0	5	2	0	10	9	4	9	1	10	4	7	0	6	10	8	0	11	2	9	1	14	6	27	10	8	9	21	7	19	11	21	16	13	3	17	6	9	10	11	6	7	1	13	1	5	16	26	15	12	2	14	16	
60_A/Bar-headed_Goose/Q 6	4	12	7	11	6	12	8	9	10	1	0	5	3	0	10	9	4	9	1	10	4	7	0	7	10	8	0	11	2	9	1	13	6	28	9	9	9	20	7	19	11	21	16	13	3	17	6	9	10	12	6	7	1	13	1	5	16	26	15	12	2	14	16	
61_A/Bar-headed_Goose/Q 8	4	12	7	11	7	11	8	9	10	1	0	5	3	0	10	7	4	9	1	10	5	7	0	7	10	8	0	11	2	9	1	13	6	28	9	9	8	20	7	19	11	21	16	13	3	17	6	9	10	12	6	7	1	13	1	5	16	26	15	12	2	14	16	
62_A/Bar-headed_Goose/Q 6	4	12	7	11	6	12	8	9	10	1	0	5	3	0	10	9	4	9	1	10	4	7	0	7	10	8	0	11	2	9	1	14	5	29	9	8	9	20	7	19	11	22	16	13	3	16	6	9	10	12	6	7	1	13	1	5	16	26	15	12	2	14	16	
63_A/Bar-headed_Goose/Q 6	4	12	7	11	6	12	8	9	10	1	0	5	3	0	10	9	4	9	1	10	4	7	0	7	10	8	0	11	2	9	1	13	6	28	9	9	9	20	7	19	11	21	16	13	3	17	6	9	10	12	6	7	1	13	1	5	16	26	15	12	2	14	16	
64_A/Bar-headed_Goose/Q 6	4	12	7	11	6	12	8	9	10	1	0	5	3	0	10	9	4	9	1	10	4	7	0	7	10	8	0	11	2	9	1	14	6	27	10	8	9	21	7	19	11	21	16	13	3	17	6	9	10	11	6	7	1	13	1	5	16	26	15	12	2	14	16	
65_A/Bar-headed_Goose/Q 6	4	11	6	11	6	13	9	9	10	1	0	5	3	0	10	7	4	9	1	11	4	7	0	7	10	8	0	11	2	9	2	14	6	25	10	9	9	23	7	19	11	20	14	13	3	17	8	7	10	12	6	8	1	13	1	6	15	26	16	11	3	14	15	
66_A/Bar-headed_Goose/Q 6	4	12	7	11	6	12	8	9	10	1	0	5	3	0	10	9	4	9	1	10	4	7	0	7	10	8	0	11	2	9	1	14	6	27	10	8	9	21	7	19	11	21	16	13	3	17	6	9	10	11	6	7	1	13	1	5	16	26	15	12	2	14	16	
67_A/Bar-headed_Goose/Q 6	5	14	10	13	7	10	5	9	10	1	0	5	3	0	10	7	4	8	0	9	2	8	0	9	10	6	2	9	2	11	0	13	11	27	9	11	5	22	6	21	11	26	16	12	1	15	4	5	5	14	7	7	6	11	3	8	15	23	19	8	3	18	11	
68_A/Bar-headed_Goose/Q 6	4	12	7	11	6	12	8	9	10	1	0	5	3	0	10	9	4	9	1	10	4	7	0	7	10	8	0	11	2	9	1	13	6	28	9	9	9	20	7	19	11	21	16	13	3	17	6	9	10	12	6	7	1	13	1	5	16	26	15	12	2	14	16	
69_A/Bar-headed_Goose/Q 6	4	12	7	11	6	12	8	9	10	1	0	5	3	0	10	9	4	9	1	10	4	7	0	7	10	8	0	11	2	9	1	13	6	28	9	9	9	20	7	19	11	21	16	13	3	17	6	9	10	12	6	7	1	13	1	5	16	26	15	12	2	14	16	
70_A/Bar-headed_Goose/Q 6	4	12	7	11	6	12	8	9	10	1	0	5	3	0	10	9	4	9	1	10	4	7	0	7	10	8	0	11	2	9	1	14	6	27	10	8	9	21	7	19	11	21	15	13	3	17	7	9	10	11	6	7	1	13	1	5	16	26	15	12	2	14	16	
71_A/Bar-headed_Goose/Q 6	4	12	7	11	6	12	8	9	10	1	0	5	3	0	10	9	4	9	1	10	4	7	0	7	10	8	0	11	2	9	1	14	6	27	10	8	9	21	7	19	11	21	15	13	3	17	7	9	10	11	6	7	1	13	1	5	16	26	15	12	2	14	16	
72_A/Bar-headed_Goose/Q 6	4	12	7	11	6	12	8	9	10	1	0	5	3	0	10	9	4	9	1	10	4	7	0	7	10	8	0	11	2	9	1	14	6	27	10	8	9	21	7	19	11	21	15	13	3	17	7	9	10	11	6	7	1	13	1	5	16	26	15	12	2	14	16	
73_A/Bar-headed_Goose/Q 6	4	12	7	11	6	12	8	9	10	1	0	5	3	0	10	9	4	9	1	10	4	7	0	7	10	8	0	11	2	9	1	14	6	27	10	8	9	21	7	19	11	21	15	13	3	17	7	9	10	11	6	7	1	13	1	5	16	26	15	12	2	14	16	
74_A/Bar-headed_Goose/Q 6	4	12	7	11	6	12	8	9	10	1	0	5	3	0	10	9	4	9	1	10	4	7	0	7	10	8	0	11	2	9	1	14	6	27	10	8	9	21	7	19	11	22	16	13	3	17	6	9	10	11	6	7	1	13	1	5	16	25	15	12	2	14	16	
75_A/Bar-headed_Goose/Q 6	4	12	7	11	6	12	8	9	10	1	0	5	3	0	10	9	4	9	1	10	4	7	0	7	10	8	0	11	2	9	1	14	6	28	9	8	9	20	7	19	11	21	16	13	3	17	6	9	10	12	6	7	1	13	1	5	16	26	15	12	2	14	16	
76_A/Bar-headed_Goose/Q 6	4	12	7	11	6	12	8	9	10	1	0	5	3	0	10	9	4	9	1	10	4	7	0	7	10	8	0	11	2	9	1	14	6	28	9	8	9	20	7	19	11	21	16	13	3	17	6	9	10	12	6	7	1	13	1	5	16	26	15	12	2	14	16	
77_A/Bar-headed_Goose/Q 6	4	12	7	11	6	12	8	9	10	1	0	5	3	0	10	9	4	9	1	10	4	7	0	7	10	8	0	11	2	9	1	14	6	28	9	8	9	20	7	19	11	21	16	13	3	17	6	9	10	12	6	7	1	13	1	5	16	26	15	12	2	14	16	
78_A/Bar-headed_Goose/Q 6	4	12	7	11	6	12	8	9	10	1	0	5	3	0	10	9	4	9	1	10	4	7	0	7	10	8	0	11	2	9	1	14	6	28	9	8	9	20	7	19	11	21	16	13	3	17	6	9	10	12	6	7	1	13	1	5	16	26	15	12	2	14	16	
79_A/Bar-headed_Goose/Q 6	4	12	7	11	6	12	8	9	10	1	0	5	3	0	10	9	4	9	1	10	4	7	0	7	10	8	0	11	2	9	1	14	6	28	9	8	9	20	7	19	11	21	16	13	3	17	6	9	10	12	6	7	1	13	1	5	16	26	15	12	2	14	16	
80_A/Bar-headed_Goose/Q 6	4	12	7	11	6	12	8	9	10	1	0	5	3	0	10	9	4	9	1	10	4	7	0	7	10	8	0	11	2	9	1	14	6	27	10	8	9	21	7	19	11	21	16	13	3	17	6	9	10	11	6	7	1	13	1	5	16	26	15	12	2	14	16	
81_A/Bar-headed_Goose/Q 6	4	12	7	11	6	12	8	9	10	1	0	5	3	0	10	9	4	9	1	10	4	7	0	7	10	8	0	11	2	9	1	14	6	27	10	8	9	21	7	19	11	21	16	13	3	17	6	9	10	11	6	7	1	13	1	5	16	26	15	12	2	14	16	
82_A/Bar-headed_Goose/Q 6	4	12	7	11	6	12	8	9	10	1	0	5	3	0	10	9	4	9	1	10	4	7	0	7	10	8	0	11	2	9	1	14	6	27	10	8	9	20	7	19	11	21	16	13	2	17	6	9	10	12	6	7	1	13	1	5	16	26	15	12	3	14	16	
83_A/Bar-headed_Goose/Q 6	4	12	7	11	6	12	8	9	10	1	0	5	3	0	10	9	4	9	1	10	4	7	0	7	10	8	0	11	2	9	1	14	6	27	10	8	9	20	7	19	11	21	16	13	2	17	6	9	10	12	6	7	1	13	1	5	16	26	15	12	3	14	16	
84_A/Bar-headed_Goose/Q 6	4	12	7	11	6	12	8	9	10	1	0	5	3	0	10	9	4	9	1	10	4	7	0	7	10	8	0	11	2	9	1	14	6	28	9	8	9	20	7	19	11	21	16	13	3	17	6	9	10	12	6	7	1	13	1	5	16	26	15	12	2	14	16	
85_A/Bar-headed_Goose/Q 6	4	12	7	11	6	12	8	9	10	1	0	5	3	0	10	9	4	9	1	10	4	7	0	7	10	8	0	11	2	9	1	14	6	28	9	8	9	20	7	19	11	21	16	13	3	17	6	9	10	12	6	7	1	13	1	5	16	26	15	12	2	14	16	
86_A/Bar-headed_Goose/Q 6	4	12	7	11	6	12	8	9	10	1	0	5	3	0	10	9	4	9	1	10	4	7	0	7	10	8	0	11	2	9	1	14	6	28	9	8	9	20	7	19	11	21	16	13	3	17	6	9	10	12	7	7	1	13	1	5	16	26	14	12	2	14	16	
87_A/Bar-headed_Goose/Q 6	4	12	7	11	6	12	8	9	10	1	0	5	3	0	10	9	4	9	1	10	4	7	0	7	10	8	0	11	2	9	1	14	6	28	9	8	9	20	7	19	11	21	16	13	3	17	6	9	10	12	7	7	1	13	1	5	16	26	14	12	2	14	16	
88_A/Bar-headed_Goose/Q 6	4	12	7	11	6	12	8	9	10	1	0	5	3	0	10	9	4	9	1	10	4	7	0	7	10	8	0	11	2	9	1	14	6	27	10	8	9	21	7	19	11	22	15	13	3	17	6	9	10	11	6	7	1	13	1	5	16	26	15	12	2	14	16	
89_A/Bar-headed_Goose/Q 6	4	12	7	11	6	12	8	9	10	1	0	5	3	0	10	9	4	9	1	10	4	7	0	7	10	8	0	11	2	9	1	14	6	27	10	8	9	21	7	19	11	21	16	13	3	17	6	9	10	11	6	7	1	13	1	5	16	26	15	12	2	14	16	
90_A/Bar-headed_Goose/Q 6	4	12	7	11	6	12	8	9	10	1	0	5	3	0	10	9	4	9	1	10	4	7	0	7	10	8	0	11	2	9	1	14	6	28	9	8	9	20	7	19	11	21	16	13	3	17	6	9	10	12	6	7	1	13	1	5	16	26	15	12	2	14	16	
91_A/Bar-headed_Goose/Q 6	4	12	7	11	6	12	8	9	10	1	0	5	3	0	10	9	4	9	1	10	4	7	0	7	10	8	0	11	2	9	1	14	6	28	9	8	9	20	7	19	11	21	16	13	3	17	6	9	10	12	6	7	1	13	1	5	16	26	15	12	2	14	16	
92_A/Bar-headed_Goose/Q 6	4	12	7	11	6	12	8	9	10	1	0	5	3	0	10	9	4	9	1	10	4	7	0	7	10	8	0	11	2	9	1	14	6	28	9	9	9	20	7	19	11	21	16	13	3	17	6	9	10	12	6	6	1	13	1	5	16	26	15	12	2	14	16	
93_A/Bar-headed_Goose/Q 6	4	12	7	11	6	12	8	9	9	1	0	5	4	0	10	9	4	9	1	10	4	7	0	7	10	7	0	11	2	10	1	14	6	28	9	9	9	20	7	19	11	21	16	13	3	16	6	9	10	12	6	6	1	13	1	5	16	26	15	12	2	15	16	
94_A/Bar-headed_Goose/Q 6	4	12	7	11	6	12	8	9	10	1	0	5	3	0	10	9	4	9	1	10	4	7	0	7	10	8	0	11	2	9	1	13	6	28	9	9	9	20	7	19	11	21	16	13	3	16	6	9	10	12	6	7	1	13	1	5	16	26	15	12	2	15	16	
95_A/Bar-headed_Goose/Q 7	4	12	7	10	6	12	8	9	10	1	0	5	3	0	10	9	4	9	1	10	4	7	0	7	10	8	0	11	2	9	1	13	6	27	10	9	9	20	7	19	11	21	16	13	3	17	6	9	10	12	6	7	1	13	1	5	16	26	15	12	2	14	16	
96_A/Bar-headed_Goose/Q 6	4	12	7	11	6	12	8	9	10	1	0	5	3	0	10	9	4	9	1	10	4	7	0	7	10	8	0	11	2	9	1	14	6	28	9	8	9	20	7	19	11	21	16	13	3	16	6	9	10	12	6	7	1	13	1	5	16	26	15	12	2	15	16	
97_A/Bar-headed_Goose/Q 6	4	12	7	11	6	12	8	9	10	1	0	5	3	0	10	9	4	9	1	10	4	7	0	7	10	8	0	11	2	9	1	14	6	28	9	8	9	20	7	19	11	21	16	13	3	17	6	9	10	12	6	7	1	13	1	5	16	26	15	12	2	14	16	
98_A/Bar-headed_Goose/Q 6	4	12	7	11	6	12	8	9	10	1	0	5	3	0	10	9	4	9	1	10	4	7	0	7	10	8	0	11	2	9	1	14	6	27	10	8	9	21	7	19	11	21	16	13	3	17	6	9	10	11	6	7	1	13	1	5	16	26	15	12	2	14	16	
99_A/Bar-headed_Goose/Q 6	4	12	7	11	6	12	8	9	10	1	0	5	3	0	10	9	4	9	1	10	4	7	0	7	10	8	0	11	2	9	1	14	6	27	10	8	9	21	7	19	11	21	16	13	3	17	6	9	10	11	6	7	1	13	1	5	16	26	15	12	2	14	16	
100_A/Bar-headed_Goose/Q 6	4	12	7	11	6	12	8	9	10	1	0	5	3	0	10	9	4	9	1	10	4	7	0	7	10	8	0	11	2	9	1	14	6	28	9	8	9	20	7	19	11	21	16	13	3	17	6	9	10	12	6	7	1	13	1	5	16	26	15	12	2	14	16	
101_A/Bar-headed_Goose/Q 6	4	12	7	11	6	12	8	9	10	1	0	5	3	0	10	9	4	9	1	10	5	7	0	7	10	8	0	11	2	9	1	14	6	28	9	8	8	20	7	19	11	21	16	13	3	17	6	9	10	12	6	7	1	13	1	5	16	26	15	12	2	14	16	
102_A/Bar-headed_Goose/Q 6	4	12	7	11	6	12	8	9	10	1	0	5	3	0	10	9	4	8	1	10	4	8	0	7	10	8	0	11	2	9	1	14	6	29	8	8	9	20	7	19	11	21	16	13	3	17	6	9	10	12	6	7	1	13	1	5	16	26	15	12	2	14	16	
103_A/Bar-headed_Goose/Q 6	4	11	7	11	6	12	8	9	10	1	0	5	3	0	10	9	4	10	1	10	4	7	0	7	10	8	0	11	2	9	1	14	6	28	9	8	9	20	7	19	11	22	16	13	3	17	6	8	10	12	7	7	1	13	1	5	16	25	15	12	2	14	16	
104_A/Bar-headed_Goose/Q 6	4	12	7	11	6	12	8	9	11	1	0	5	2	0	10	9	4	9	1	10	4	7	0	7	10	8	0	11	2	9	1	14	6	27	10	8	9	21	7	19	11	21	16	13	3	17	6	9	10	11	6	7	1	13	1	5	16	26	15	12	2	14	16	
105_A/Bar-headed_Goose/Q 6	4	12	7	11	6	12	8	9	11	1	0	6	2	0	10	9	4	9	1	10	4	7	0	7	10	7	0	10	2	10	1	14	6	27	10	8	9	21	7	19	11	20	16	13	3	18	6	9	10	11	6	7	1	13	1	5	16	26	15	11	2	14	17	
106_A/Bar-headed_goose/Q 6	4	12	7	11	8	12	8	12	10	1	0	4	2	0	10	12	3	8	1	7	5	8	0	7	11	9	1	9	1	8	1	13	11	29	10	6	7	19	6	19	10	22	18	15	3	13	6	9	7	13	5	7	2	12	1	5	16	24	17	12	3	15	15	
107_A/Bar-headed_goose/Q 6	4	12	7	11	8	12	8	12	10	1	0	4	2	0	10	12	3	8	1	7	5	8	0	7	11	9	1	9	1	8	1	13	11	29	11	6	7	19	5	19	10	22	18	15	3	13	6	9	7	13	5	7	2	12	1	5	16	24	17	12	3	15	15	
108_A/Bar-headed_goose/Q 6	4	12	7	11	8	12	8	12	10	1	0	4	2	0	10	12	3	8	1	7	5	8	0	7	11	9	1	9	1	8	1	13	11	29	11	6	7	19	5	19	10	22	18	15	3	13	6	9	7	13	5	7	2	12	1	5	16	25	17	12	3	14	15	
109_A/Bar-headed_goose/Q 6	4	12	7	11	8	12	8	12	10	1	0	4	2	0	10	12	3	8	1	7	5	8	0	7	11	9	1	9	1	8	1	13	11	28	10	6	7	19	6	19	10	22	18	15	3	14	6	9	7	13	5	7	2	12	1	5	16	24	17	12	3	15	15	
110_A/Bar-headed_goose/Q 6	4	12	7	11	8	12	8	12	10	1	0	4	2	0	10	12	3	8	1	7	5	8	0	7	11	9	1	9	1	8	1	13	11	29	10	6	7	19	6	19	10	22	18	15	3	13	6	9	7	13	5	7	2	12	1	5	16	24	17	12	3	15	15	
111_A/Bar-headed_goose/Q 6	4	12	7	11	9	12	8	12	10	1	0	4	2	0	10	12	3	8	1	7	5	8	0	7	11	9	1	9	1	8	1	13	11	29	10	6	7	19	6	19	10	22	18	15	3	13	6	9	7	13	5	7	1	12	1	5	16	24	17	12	3	15	15	
112_A/Bar-headed_goose/Q 6	4	12	7	11	8	12	8	12	10	1	0	4	2	0	10	12	3	8	1	7	5	8	0	7	11	9	1	9	1	8	1	13	11	29	10	6	7	19	6	19	10	22	18	15	3	13	6	8	7	13	6	7	2	12	1	5	16	24	17	12	3	15	15	
113_A/Bar-headed_goose/Q 6	4	12	7	11	8	12	8	12	10	1	0	4	2	0	10	12	3	8	1	7	5	8	0	7	11	9	1	9	1	8	1	13	11	29	10	6	7	19	6	19	10	22	18	15	3	13	6	9	7	13	5	7	2	12	1	5	16	24	17	12	3	15	15	
114_A/Bar-headed_Goose/Q 6	4	12	7	11	6	12	8	9	10	1	0	5	3	0	10	9	4	9	1	10	4	7	0	7	10	8	0	11	2	9	1	14	6	28	9	8	10	20	6	19	11	21	16	13	3	17	6	8	10	13	6	7	1	13	1	5	16	26	15	12	2	14	16	
115_A/Bar-headed_Goose/Q 6	4	12	7	11	6	12	8	10	10	1	0	5	3	0	10	8	4	10	1	10	4	7	0	6	10	8	0	11	2	9	1	14	6	28	9	8	9	20	7	18	11	22	16	13	3	17	6	9	10	12	6	7	1	13	1	5	16	26	15	12	2	14	16	
116_A/Bar-headed_Goose/Q 6	4	12	7	11	6	12	8	9	10	1	0	5	3	0	10	9	4	9	1	10	4	7	0	7	10	8	0	11	2	9	1	14	6	28	9	8	9	21	7	18	11	21	16	13	3	17	6	9	10	12	6	7	1	13	1	5	16	26	15	12	2	13	17	
117_A/Bar-headed_Goose/Q 6	4	12	7	11	6	12	8	9	10	1	0	5	3	0	10	9	4	9	1	10	4	7	0	7	10	8	0	11	2	9	1	14	6	28	9	8	9	20	7	19	11	21	16	13	3	17	6	9	10	12	6	7	1	13	1	5	16	26	15	12	2	14	16	
118_A/Bar-headed_Goose/Q 6	4	12	7	11	6	12	8	9	10	1	0	5	3	0	10	9	4	8	1	10	4	8	0	7	10	8	0	11	2	9	1	14	6	28	10	8	9	20	6	19	11	21	16	13	3	17	6	9	10	12	6	7	1	13	1	5	16	26	15	12	2	14	16	
119_A/Bar-headed_Goose/Q 6	4	12	7	11	6	12	8	9	10	1	0	5	3	0	10	9	4	9	1	10	4	7	0	7	10	8	0	11	2	9	1	14	6	28	9	8	9	20	7	19	11	21	16	13	3	17	6	9	10	12	6	7	1	13	1	5	16	26	15	12	2	14	16	
120_A/Bar-headed_Goose/Q 6	4	12	7	11	6	12	8	9	10	1	0	5	3	0	10	9	4	9	0	10	4	7	0	7	10	8	0	11	2	9	2	14	6	26	9	8	9	21	7	19	11	20	16	13	3	18	6	9	10	12	7	7	1	13	1	5	15	26	16	12	3	14	15	
121_A/Bar-headed_Goose/T 5	2	10	7	12	7	14	8	8	12	1	0	5	2	0	10	9	4	10	1	10	3	5	0	9	11	8	0	10	2	9	1	15	7	26	10	6	9	22	7	20	9	21	14	14	2	16	8	9	9	14	4	6	1	12	3	7	15	26	16	10	6	13	16	
122_A/Bar-headed_Goose/T 6	2	10	7	11	7	14	8	8	12	1	0	6	2	0	10	9	4	10	1	10	3	5	0	9	11	8	0	9	2	9	1	15	8	26	10	6	9	22	7	21	8	22	15	14	2	15	7	8	9	14	4	8	1	12	3	5	15	25	16	10	6	14	16	
123_A/Bar-headed_Goose/T 5	2	10	6	12	7	14	9	8	12	1	0	6	2	0	10	9	4	10	1	10	4	5	0	9	11	8	0	9	2	9	1	15	8	26	10	6	8	22	7	21	8	22	15	14	2	15	7	8	9	14	4	8	1	12	3	5	15	25	16	10	6	14	16	
124_A/Bar-headed_Goose/T 5	2	10	7	12	7	14	8	8	12	1	0	5	2	0	10	9	4	10	1	10	3	5	0	9	11	8	0	10	2	9	1	15	7	26	10	6	9	22	7	21	9	21	14	14	2	16	8	9	9	14	4	6	1	12	3	6	15	26	16	10	6	13	16	
125_A/Bar-headed_Goose/T 6	2	10	7	11	7	14	8	8	12	1	0	5	2	0	10	9	4	10	1	10	3	6	0	9	11	7	0	10	2	10	1	15	7	26	10	6	9	21	7	21	9	20	15	14	2	17	7	9	9	14	4	6	1	12	3	6	15	25	16	10	6	14	16	
126_A/Bar-headed_Goose/T 6	2	10	7	11	8	14	8	8	12	1	0	6	2	0	10	9	4	10	1	10	3	6	0	9	10	7	0	9	2	10	1	15	8	27	11	6	9	20	6	20	10	20	15	14	2	17	7	9	8	14	4	6	1	12	3	6	15	26	17	10	6	13	15	
127_A/Bar-headed_Goose/T 5	2	10	7	12	7	14	8	8	12	1	0	6	2	0	10	9	4	10	1	10	3	5	0	9	11	8	0	9	2	9	1	15	8	26	10	6	9	22	7	19	8	22	15	15	2	15	7	8	9	14	4	8	1	12	3	6	15	25	16	10	6	14	16	
128_A/Bar-headed_Goose/T 5	2	10	7	12	7	14	8	8	12	1	0	6	2	0	10	9	4	10	1	10	3	5	0	9	11	8	0	9	2	9	1	15	8	26	10	6	9	22	7	20	8	22	15	14	2	15	7	8	9	14	4	8	1	12	3	6	15	25	16	10	6	14	16	
129_A/Bar-headed_Goose/T 5	2	10	7	12	7	14	8	8	12	1	0	6	2	0	10	9	4	10	1	10	3	5	0	9	11	8	0	9	2	9	1	15	8	26	10	6	9	22	7	20	8	22	15	14	2	15	7	8	9	14	4	8	1	12	3	6	15	25	16	10	6	14	16	
130_A/Bar-headed_Goose/T 5	2	10	7	12	7	14	8	8	12	1	0	6	2	0	10	9	4	10	1	10	3	5	0	8	11	8	0	9	2	9	1	15	8	26	10	6	9	22	7	22	8	22	15	14	2	15	7	8	9	14	4	8	1	12	3	5	15	25	16	10	6	14	16	
131_A/Bar-headed_Goose/T 5	2	10	7	12	7	14	8	8	12	1	0	6	2	0	10	9	4	10	1	10	3	5	0	9	11	8	0	9	2	9	1	15	8	26	10	6	9	22	7	21	8	22	15	14	2	15	7	8	9	14	4	8	1	12	3	5	15	25	16	10	6	14	16	
132_A/Bar-headed_Goose/T 5	2	10	7	12	7	14	8	8	12	1	0	5	2	0	10	9	4	10	1	10	3	5	0	9	11	8	0	10	2	9	1	15	7	26	10	6	9	22	7	21	9	21	14	14	2	16	8	9	9	14	4	6	1	12	3	6	15	26	16	10	6	13	16	
133_A/Bar-headed_Goose/T 5	2	10	7	12	7	14	8	8	12	1	0	5	2	0	10	9	4	10	1	10	3	5	0	9	11	8	0	10	2	9	1	15	7	26	10	6	9	22	7	20	9	21	14	14	2	16	8	9	9	14	4	6	1	12	3	7	15	26	16	10	6	13	16	
134_A/Bar-headed_Goose/T 5	2	10	7	12	7	14	8	8	12	1	0	5	2	0	10	9	4	10	1	10	3	5	0	9	11	8	0	10	2	9	1	15	7	26	10	6	9	22	7	21	9	21	14	14	2	16	8	9	9	14	4	6	1	12	3	6	14	26	16	10	7	13	16	
135_A/bean_goose/Hubei/B 5	2	10	7	12	7	14	8	8	12	1	0	5	2	0	10	9	4	10	1	10	3	6	0	9	11	7	0	10	2	10	1	15	7	26	10	7	9	21	7	20	9	21	15	14	2	16	7	9	9	14	4	7	1	12	3	4	15	25	16	11	6	14	16	
136_A/Bean_Goose/Hubei/c 13	6	11	6	6	6	13	9	2	13	1	0	5	1	0	10	12	4	8	0	8	4	6	0	12	9	11	2	8	3	8	0	14	13	26	11	7	3	23	6	16	11	16	9	14	1	18	10	7	7	17	8	9	4	11	3	7	18	25	20	10	1	14	9	
137_A/Bean_goose/Hubei/C 6	4	12	7	11	6	12	8	9	10	1	0	5	3	0	10	9	4	8	1	10	4	8	0	7	10	9	0	11	2	9	1	14	6	28	9	8	9	21	7	19	11	19	16	13	3	17	6	9	10	12	6	7	1	13	1	5	16	26	15	12	2	14	16	
138_A/Bean_goose/Hubei/C 6	4	12	7	11	6	12	7	10	10	1	0	5	3	0	10	9	4	8	1	10	6	6	0	7	10	9	0	10	2	9	1	15	6	28	9	8	9	21	8	18	10	19	16	13	3	17	6	9	10	12	6	7	2	12	2	5	16	25	16	12	2	14	16	
139_A/Bean_goose/Hubei/C 6	4	11	8	11	7	13	7	13	9	1	0	3	3	0	10	12	3	6	1	6	5	10	0	6	8	8	1	11	4	9	1	12	10	26	10	6	8	22	6	20	9	24	17	13	4	12	6	9	7	14	5	7	3	11	1	5	16	23	18	14	3	15	15	
140_A/Bean_goose/Hubei/C 6	4	12	7	11	6	12	8	9	10	1	0	5	3	0	10	8	4	9	1	10	4	8	0	7	10	8	0	11	2	9	1	14	6	28	9	8	9	21	7	19	11	20	16	13	3	17	6	9	10	12	6	7	1	13	1	5	15	27	15	12	2	14	16	
141_A/black_chicken/Jian 8	3	12	6	9	7	13	9	11	9	1	0	4	3	0	10	10	3	7	1	8	4	9	0	9	9	7	1	9	3	11	0	15	8	29	9	7	8	19	6	21	10	25	15	12	4	14	5	8	9	14	5	7	3	11	2	6	15	26	18	11	3	13	14	
142_A/Black_faced_Spoonb 6	2	10	7	11	8	15	8	8	11	0	0	5	2	1	10	9	4	10	1	10	3	6	0	9	12	6	0	10	1	11	2	15	7	31	10	7	9	15	7	19	10	20	17	14	2	17	4	8	8	15	4	8	1	12	3	5	16	26	17	10	5	13	15	
143_A/Black_Faced_Spoonb 6	3	9	7	11	6	15	8	8	11	1	0	7	2	0	10	9	4	11	1	11	4	5	0	10	10	7	0	6	3	10	1	15	8	27	10	5	9	20	6	21	10	20	14	14	2	17	9	9	8	15	4	6	1	12	3	6	16	24	16	10	5	14	16	
144_A/Black_Faced_Spoonb 6	2	11	7	11	8	15	8	8	11	0	0	5	2	1	10	9	4	10	1	10	3	6	0	9	12	6	0	10	1	11	2	15	7	31	10	7	9	15	7	20	11	20	16	13	1	17	5	8	8	13	4	8	1	13	3	5	16	26	17	10	5	13	15	
145_A/black_swan/Beijing 6	2	10	7	11	8	14	8	8	11	1	0	5	2	0	10	9	4	9	1	10	3	7	0	9	11	7	0	10	2	10	1	15	7	26	10	5	9	21	7	20	9	21	15	14	2	16	7	9	9	14	4	9	1	12	3	5	15	26	16	10	6	13	16	
146_A/black-backed_gull/ 6	2	10	7	11	8	14	8	8	11	1	0	5	2	0	10	9	4	9	1	10	3	7	0	9	11	7	0	10	2	10	1	15	7	27	9	7	9	20	7	20	9	21	15	14	2	16	7	9	9	14	5	7	1	12	3	5	15	26	16	10	6	13	16	
147_A/Black-necked_Grebe 6	5	14	10	13	7	10	5	9	10	1	0	5	3	0	10	8	4	8	0	9	2	8	0	8	10	7	2	9	2	11	0	12	12	27	9	12	5	22	7	20	10	24	16	12	1	16	4	5	5	13	7	7	5	13	2	9	16	23	18	7	3	17	13	
148_A/Black-necked_Grebe 6	5	14	10	13	7	10	5	9	10	1	0	5	3	0	10	8	4	8	0	9	2	8	0	8	10	7	2	9	2	11	0	12	12	27	9	12	5	22	7	20	10	24	16	12	1	16	4	5	5	13	7	7	5	13	2	9	16	23	18	7	3	17	13	
149_A/Black-necked_Grebe 6	5	14	10	13	7	10	5	9	10	1	0	5	3	0	10	8	4	8	0	9	2	8	0	8	10	7	2	9	2	11	0	12	12	27	9	12	5	22	7	20	10	24	16	12	1	16	4	5	5	13	7	7	5	13	2	9	16	23	18	8	3	17	12	
150_A/Black-necked_Grebe 6	5	14	10	13	7	10	5	9	10	1	0	5	3	0	10	8	4	8	0	9	2	8	0	8	10	7	2	9	2	11	0	12	12	27	9	12	5	22	7	20	10	24	16	12	1	16	4	5	5	13	7	7	5	13	2	9	16	23	18	8	3	17	12	
151_A/Black-necked_Grebe 6	5	14	10	13	7	10	5	9	10	1	0	5	3	0	10	8	4	8	0	9	2	8	0	8	10	7	2	9	2	11	0	12	12	27	9	12	5	22	7	20	10	24	16	12	1	16	4	5	5	13	7	7	5	13	2	9	16	23	18	8	3	17	12	
152_A/Black-necked_Grebe 6	5	14	10	13	7	10	5	9	10	1	0	5	3	0	10	8	4	8	0	9	2	8	0	8	10	7	2	9	2	11	0	12	12	27	9	12	5	22	7	20	10	24	16	12	1	16	4	5	5	13	7	7	5	13	2	9	16	23	18	8	3	17	12	
153_A/Black-necked_Grebe 6	5	14	10	13	7	10	5	9	10	1	0	5	3	0	10	8	4	8	0	9	2	8	0	8	10	7	2	9	2	11	0	12	12	27	9	12	5	22	7	20	10	24	16	12	1	16	4	5	5	13	7	7	5	13	2	9	16	23	18	8	3	17	12	
154_A/Black-necked_Grebe 6	5	14	10	13	7	10	5	9	10	1	0	5	3	0	10	8	4	8	0	9	2	8	0	8	10	7	2	9	2	11	0	12	12	27	9	12	5	22	7	20	10	24	16	12	1	16	4	5	5	13	7	7	5	13	2	9	16	23	18	8	3	17	12	
155_A/Brown-headed_Gull/ 6	4	12	7	11	6	12	8	9	10	1	0	5	3	0	10	9	4	9	1	10	4	7	0	7	10	8	0	11	2	9	1	14	6	28	9	8	9	20	7	19	11	21	16	13	3	17	6	9	11	10	7	7	1	13	1	5	16	26	14	12	2	14	17	
156_A/Brown-headed_Gull/ 6	4	12	7	11	6	12	8	9	10	1	0	5	3	0	10	9	4	9	1	10	4	7	0	7	10	8	0	11	2	9	1	14	6	28	9	8	9	20	7	19	11	21	16	13	3	17	6	9	11	11	6	7	1	13	1	5	16	26	15	12	2	14	16	
157_A/Brown-headed_Gull/ 6	4	12	7	11	6	11	8	9	10	1	0	5	3	0	10	9	4	9	1	10	4	7	0	7	10	8	0	11	2	9	1	14	6	28	9	8	9	20	7	19	11	21	16	13	3	17	7	9	10	12	6	8	1	13	1	5	16	26	15	12	2	14	15	
158_A/Brown-headed_Gull/ 6	4	12	7	11	6	12	8	9	10	1	0	5	3	0	10	9	4	9	1	10	4	7	0	7	10	8	0	11	2	9	1	14	6	28	9	8	9	20	7	19	11	21	16	13	3	17	6	9	10	12	6	7	1	13	1	5	16	26	15	12	2	14	16	
159_A/Brown-headed_Gull/ 6	4	12	7	11	6	12	8	9	10	1	0	5	3	0	10	9	4	9	1	10	4	7	0	7	10	8	0	11	2	9	1	14	6	28	9	8	9	20	7	19	11	21	16	13	3	17	6	9	10	12	6	7	1	13	1	5	16	26	15	12	2	14	16	
160_A/Brown-headed_Gull/ 6	4	12	7	11	6	12	7	9	10	1	0	5	3	0	10	9	4	9	1	10	5	7	1	7	10	8	0	11	2	9	1	14	6	27	10	8	8	21	7	19	11	21	16	13	3	17	6	8	10	11	6	8	1	13	1	5	16	26	15	12	2	14	16	
161_A/Brown-headed_Gull/ 6	4	12	7	11	6	12	8	9	10	1	0	5	3	0	10	9	4	9	1	10	4	7	0	7	10	8	0	11	2	9	1	14	6	28	10	8	9	21	7	19	11	21	16	13	3	17	6	9	10	10	6	7	1	13	1	5	16	26	15	12	2	14	16	
162_A/Brown-headed_Gull/ 6	4	12	7	11	6	12	8	9	10	1	0	5	3	0	10	9	4	9	1	10	4	7	0	7	10	8	0	11	2	9	1	14	6	28	9	8	9	20	7	19	11	21	16	13	2	18	6	8	10	12	6	8	1	13	1	5	17	26	15	12	1	14	16	
163_A/Brown-headed_Gull/ 6	4	12	7	11	6	12	8	9	10	1	0	5	3	0	10	9	4	9	1	10	4	7	0	7	10	8	0	11	2	9	1	14	6	28	9	8	9	20	7	19	11	21	16	13	3	17	6	9	10	12	6	7	1	13	1	5	16	27	14	12	2	14	16	
164_A/brown-headed_gull/ 5	2	10	7	12	7	14	8	8	12	1	0	5	2	0	10	9	4	10	1	10	3	5	0	9	11	8	0	10	2	9	1	15	7	26	10	5	9	22	7	20	9	22	15	14	2	15	7	9	9	14	4	8	1	12	3	6	15	26	16	10	6	13	16	
165_A/Brown-headed_Gull/ 5	2	10	7	12	7	14	8	8	12	1	0	5	2	0	10	9	4	10	1	10	3	5	0	9	11	8	0	10	2	9	1	15	7	26	10	6	9	22	7	21	9	21	14	14	2	16	8	9	9	14	4	6	1	12	3	6	15	26	16	10	6	13	16	
166_A/Brown-headed_Gull/ 5	2	11	7	12	7	13	8	8	12	1	0	5	2	0	10	9	4	10	1	10	3	5	0	9	11	7	0	10	2	10	1	15	7	26	10	6	9	22	7	21	9	22	15	14	2	15	7	9	9	14	4	7	1	12	3	5	15	26	16	10	6	13	16	
167_A/Brown-headed_Gull/ 5	2	11	7	12	7	13	8	8	12	1	0	5	2	0	10	9	4	10	1	10	3	5	0	9	11	8	0	10	2	9	1	15	7	26	10	6	9	22	7	21	9	22	15	14	2	15	7	9	9	14	4	7	1	12	3	5	15	26	16	10	6	13	16	
168_A/canine/China/GX30/ 6	2	10	7	11	7	14	8	9	12	1	0	4	2	0	10	9	4	11	1	10	3	5	0	11	12	6	0	8	2	10	1	16	7	25	10	6	8	23	6	22	9	18	16	12	2	17	9	9	9	14	4	6	1	11	3	6	15	26	16	11	6	13	16	
169_A/cat/Sichuan/SC18/2 8	4	11	6	9	7	13	9	11	9	1	0	4	3	0	10	10	3	7	1	8	4	9	0	9	9	7	1	9	3	11	0	14	8	28	9	7	8	20	6	21	10	25	16	13	4	14	5	9	9	14	5	7	3	11	2	6	15	26	18	10	3	12	14	
170_A/cat/Zhejiang/C1/20 8	4	13	7	10	7	11	8	9	10	1	0	5	3	0	10	11	4	9	0	7	5	7	0	8	9	10	1	9	3	7	1	12	10	29	11	6	7	20	6	19	11	22	18	14	2	15	5	9	8	12	5	7	3	12	1	4	15	26	16	13	3	13	16	
171_A/cat/Zhejiang/C2/20 6	4	13	7	11	7	11	8	9	10	1	0	4	3	0	10	12	3	9	1	7	5	7	0	8	11	10	1	10	1	6	1	13	11	30	10	6	7	18	6	19	10	23	17	14	3	12	7	9	9	14	5	7	2	11	1	5	16	24	16	13	3	14	16	
172_A/Changsha/1/2014|EP 7	4	12	7	10	7	12	8	8	10	1	0	5	3	0	10	12	3	9	1	7	5	7	0	8	10	9	1	10	2	8	1	13	10	29	10	7	7	19	6	18	11	22	18	14	3	13	6	9	8	13	5	7	3	12	1	5	16	24	16	12	3	14	16	
173_A/chicken/Anhui/S174 7	3	9	7	10	7	15	8	8	11	1	0	7	2	0	10	9	4	8	1	10	3	8	0	9	10	7	0	8	2	10	1	16	8	28	10	6	9	19	7	21	9	22	15	14	1	16	7	8	8	15	4	7	2	11	3	5	15	25	18	10	6	14	14	
174_A/chicken/Beijing/BJ 7	4	14	4	11	7	10	11	8	10	0	1	6	3	0	10	8	3	7	1	10	5	7	0	9	9	9	1	9	2	9	0	12	11	27	13	10	7	25	3	18	9	25	16	14	1	15	3	8	7	13	5	6	6	11	3	11	12	20	21	10	2	18	11	
175_A/chicken/CH/a556/20 11	3	13	4	10	3	11	11	5	20	0	0	5	0	1	10	8	4	8	0	2	6	5	2	9	4	9	1	10	5	10	1	11	6	26	9	11	7	20	9	22	16	24	15	15	1	12	7	6	6	10	7	8	7	12	6	9	13	29	21	11	2	9	7	
176_A/chicken/Changhua/1 7	5	12	7	10	6	12	8	11	12	1	0	3	1	0	10	11	3	9	0	9	4	7	0	9	9	8	0	8	3	8	2	12	10	27	8	10	6	20	9	20	11	24	16	13	2	14	6	7	8	13	4	7	3	13	2	5	17	21	15	13	3	17	17	
177_A/chicken/Changhua/1 7	5	12	7	10	6	12	8	11	13	1	0	3	1	0	10	11	3	9	0	9	4	7	0	9	9	8	0	8	3	8	2	12	10	27	8	10	6	20	9	20	10	24	16	13	2	14	6	7	8	12	4	7	3	14	2	5	17	21	15	13	3	17	17	
178_A/chicken/Changhua/1 7	5	12	7	10	6	12	8	11	12	1	0	3	1	0	10	11	3	9	0	9	4	7	0	9	9	8	0	8	3	8	2	12	10	27	8	10	6	20	9	20	11	24	16	13	2	14	6	7	8	12	4	7	3	14	2	5	17	21	15	13	3	17	17	
179_A/chicken/Changhua/1 7	5	12	7	10	6	12	8	11	12	1	0	3	1	0	10	11	3	9	0	9	4	7	0	9	9	8	0	8	3	8	2	12	10	26	8	10	6	21	9	20	11	24	16	13	2	14	6	7	8	12	4	7	3	14	2	5	17	21	15	13	3	17	17	
180_A/chicken/Changhua/1 7	5	12	7	10	6	12	8	11	12	1	0	3	1	0	10	11	3	9	0	9	4	7	0	9	9	8	0	8	3	8	2	12	10	26	8	10	6	21	9	20	11	24	16	13	2	14	6	7	8	12	4	7	3	14	2	5	17	21	15	13	3	17	17	
181_A/chicken/Changhua/1 7	5	12	7	10	6	12	8	11	12	1	0	3	1	0	10	11	3	9	0	9	4	7	0	9	9	8	0	8	3	8	2	12	10	26	8	10	6	21	9	20	11	24	16	13	2	14	6	7	8	13	4	7	3	13	2	5	17	21	15	13	3	17	17	
182_A/chicken/Changhua/1 7	5	12	7	10	6	12	8	11	12	1	0	3	1	0	10	11	3	9	0	9	4	7	0	10	9	8	0	7	3	8	2	12	9	27	7	10	7	20	9	20	11	24	17	13	2	14	5	7	8	14	5	7	3	13	1	5	17	21	15	13	3	17	17	
183_A/chicken/Changhua/1 7	5	12	7	10	6	12	8	11	12	1	0	3	1	0	10	11	3	9	0	9	4	7	0	9	10	8	0	8	2	8	2	12	10	28	7	10	6	20	9	20	11	24	16	13	2	14	6	7	8	13	5	7	3	13	1	5	17	21	16	13	3	17	16	
184_A/chicken/Changhua/1 7	5	12	7	10	6	12	8	11	12	1	0	3	1	0	10	11	3	9	0	9	4	7	0	9	9	8	0	8	3	8	2	12	10	29	7	10	6	20	9	20	11	24	16	13	2	14	6	7	8	12	5	7	3	13	1	5	17	21	16	13	3	17	16	
185_A/chicken/Changhua/1 7	5	12	7	10	6	12	8	11	12	1	0	3	1	0	10	11	3	9	0	9	4	7	0	9	9	8	0	8	3	8	2	12	10	28	7	10	6	20	9	20	11	24	16	13	2	14	6	7	8	13	5	7	3	13	1	5	17	21	15	13	3	17	17	
186_A/chicken/Changhua/1 7	5	12	7	10	5	12	8	11	13	1	0	3	1	0	10	11	3	9	0	9	5	7	0	9	9	8	0	8	3	8	2	12	10	27	8	10	6	20	9	20	10	25	16	13	2	13	6	7	8	12	4	7	3	14	2	5	17	21	16	13	3	17	16	
187_A/chicken/Changhua/1 7	5	12	7	10	6	12	8	11	12	1	0	3	1	0	10	12	4	9	0	9	3	7	0	9	9	8	1	7	3	8	2	12	10	28	8	10	6	19	9	20	11	24	15	13	2	14	6	7	8	12	5	7	3	14	1	5	17	20	16	13	3	18	16	
188_A/chicken/Changhua/1 7	5	12	7	10	5	12	8	11	13	1	0	3	1	0	10	11	3	9	0	9	5	7	0	9	9	8	0	8	3	8	2	12	10	26	10	10	6	20	8	20	10	24	16	13	2	14	6	8	8	12	4	6	3	14	2	5	17	21	15	13	3	17	17	
189_A/chicken/Changhua/1 7	5	12	7	10	6	12	8	10	12	1	0	4	1	0	10	12	4	9	0	9	3	7	0	9	9	8	1	7	3	8	2	12	10	27	8	10	6	20	9	20	12	23	15	13	2	13	6	7	8	11	5	7	3	15	1	5	17	21	16	12	4	18	16	
190_A/chicken/Changhua/1 7	5	12	7	10	5	12	8	11	13	1	0	3	1	0	10	11	2	9	0	9	5	7	0	9	10	8	0	8	3	8	2	12	10	27	8	10	6	20	9	20	10	24	16	13	2	13	6	7	8	12	4	7	3	14	2	5	17	22	16	13	3	17	16	
191_A/chicken/Changhua/1 7	5	11	7	10	6	13	8	11	12	1	0	3	1	0	10	11	3	9	0	9	4	7	0	8	9	8	0	9	3	8	2	10	8	26	8	10	8	21	9	20	12	24	16	13	2	14	6	8	9	12	4	7	3	14	2	6	18	22	15	12	1	16	17	
192_A/chicken/Changhua/1 6	5	12	7	11	5	12	8	11	14	1	0	3	1	0	10	11	2	9	0	9	5	7	0	9	11	8	0	8	2	8	2	12	10	26	9	9	6	20	9	21	10	24	16	13	2	13	6	7	8	12	4	7	3	14	1	6	15	22	17	13	3	17	16	
193_A/chicken/Changhua/1 6	5	12	7	11	4	12	8	11	14	1	0	3	2	0	10	10	2	9	0	10	5	7	0	9	11	8	0	8	2	8	2	12	10	28	8	9	6	19	9	21	10	25	14	13	1	13	7	8	8	10	4	6	3	16	1	7	15	22	16	13	3	17	17	
194_A/chicken/Changhua/1 5	5	12	7	12	4	12	8	11	14	1	0	4	2	0	10	10	1	9	0	10	4	7	0	8	11	8	0	8	2	8	2	12	10	26	7	8	7	21	8	21	10	25	13	13	2	13	9	7	8	12	5	8	3	14	1	8	15	21	15	12	3	18	18	
195_A/chicken/Chiayi/150 7	5	12	7	10	6	12	8	11	13	1	0	3	1	0	10	11	3	9	0	9	4	7	0	9	9	8	0	8	3	8	2	12	10	27	8	10	6	20	9	20	10	24	16	13	2	14	6	7	8	12	4	7	3	14	2	5	17	21	15	13	3	17	17	
196_A/chicken/Chiayi/150 7	5	12	7	10	6	12	8	11	12	1	0	3	1	0	10	11	3	9	0	9	4	7	0	9	9	8	0	8	3	8	2	12	10	26	8	10	6	21	9	20	11	24	16	13	2	14	6	7	8	12	4	7	3	14	2	5	17	21	15	13	3	17	17	
197_A/chicken/Chiayi/150 7	5	12	7	10	6	12	8	11	12	1	0	3	1	0	10	12	4	9	0	9	3	7	0	9	9	8	1	7	3	8	2	12	10	27	8	10	6	20	9	20	11	24	15	13	2	14	6	7	8	12	5	7	3	14	1	5	17	22	16	13	3	16	16	
198_A/chicken/Chiayi/170 5	5	12	7	12	4	12	8	11	14	1	0	3	1	0	10	10	2	9	0	11	4	7	0	9	10	8	0	8	3	8	2	12	9	27	9	9	7	20	8	21	10	25	14	13	2	13	7	8	8	11	4	6	3	15	1	7	15	22	16	13	3	17	17	
199_A/chicken/Chiayi/181 5	5	12	7	12	4	12	8	9	14	1	0	5	2	0	10	10	1	9	0	10	4	7	0	10	11	8	0	7	2	8	2	12	9	26	8	7	8	22	7	21	10	24	13	13	2	13	9	8	8	12	4	8	3	14	1	8	15	23	16	12	3	16	18	
200_A/chicken/China/007/ 8	3	12	7	9	9	12	8	11	11	1	0	4	3	0	10	12	3	9	1	7	3	6	0	8	9	10	1	8	3	8	1	11	9	28	12	10	8	19	6	18	12	21	19	14	2	14	5	8	7	14	5	6	5	10	1	8	12	22	19	12	3	18	12	
201_A/chicken/China/Cang 7	3	10	7	10	6	15	8	8	12	0	0	5	2	1	10	8	4	10	1	11	3	6	0	9	12	6	0	10	1	11	2	15	7	33	9	7	9	13	8	18	11	19	16	14	2	18	5	8	8	14	4	8	1	13	3	5	16	26	16	10	5	13	16	
202_A/chicken/China/E93/ 7	4	13	6	12	9	11	9	8	11	1	0	6	3	0	10	9	3	8	0	8	4	8	0	10	8	10	1	9	2	8	0	11	12	28	13	11	6	25	2	18	9	26	13	13	1	14	6	9	7	12	5	3	6	11	3	11	11	21	21	11	3	18	10	
203_A/chicken/China/E96/ 8	4	13	6	10	8	11	9	9	11	1	0	6	3	0	10	9	3	8	0	8	4	8	0	9	8	10	1	9	2	8	0	12	12	29	13	11	6	24	2	18	9	26	14	12	1	14	5	9	7	12	5	4	7	11	3	11	11	21	21	11	3	17	11	
204_A/chicken/Chiping/03 8	4	15	6	10	6	9	9	9	10	0	1	6	3	0	10	8	3	7	1	10	6	7	0	8	9	10	1	8	2	8	0	11	13	30	11	11	7	22	4	18	9	27	16	14	1	14	3	8	6	12	5	6	5	12	3	13	10	20	21	9	4	18	11	
205_A/chicken/chongqing/ 6	2	10	7	11	8	14	8	9	11	1	0	4	2	0	10	9	4	7	1	10	3	9	0	8	11	7	0	11	2	10	1	15	7	25	10	7	9	22	7	20	9	21	15	14	2	16	7	9	9	14	4	7	1	12	3	5	14	25	16	10	7	14	16	
206_A/chicken/Chongqing/ 6	2	10	7	11	8	14	8	9	11	1	0	4	2	0	10	9	4	7	1	10	3	9	0	8	11	7	0	11	2	10	1	15	7	25	10	7	9	22	7	20	9	21	15	14	2	16	7	9	9	14	4	7	1	12	3	5	14	25	16	10	7	14	16	
207_A/chicken/Dongguan/2 7	4	12	7	10	7	12	8	11	9	1	0	4	3	0	10	12	3	8	1	7	5	8	0	8	10	9	1	9	2	8	1	13	10	29	10	6	7	19	6	19	11	22	18	15	2	13	6	9	8	13	5	7	3	12	1	5	16	25	16	12	3	14	16	
208_A/chicken/Dongguan/3 7	4	12	7	10	7	12	8	10	9	1	0	4	3	0	10	12	3	8	1	7	5	8	0	9	10	9	1	9	2	8	1	13	10	29	10	7	7	19	6	18	11	22	18	15	2	13	6	9	8	13	5	7	3	12	1	5	16	25	16	12	3	14	16	
209_A/chicken/Dongguan/4 7	4	12	7	10	7	12	8	11	9	1	0	4	3	0	10	12	3	8	1	7	5	8	0	8	10	9	1	10	2	7	1	13	10	29	10	7	7	19	6	18	11	22	18	15	2	13	6	9	8	13	5	7	3	12	1	5	16	25	16	12	3	14	16	
210_A/chicken/Fujian/05. 7	4	12	7	10	7	12	8	11	8	1	0	4	3	0	10	12	3	8	1	7	5	8	0	8	9	9	2	9	3	8	1	14	10	28	10	5	7	20	6	19	11	22	17	15	2	13	6	9	8	15	5	8	4	12	1	5	15	22	16	11	3	15	16	
211_A/chicken/Fujian/09. 7	4	12	7	10	7	12	8	11	9	1	0	4	3	0	10	12	3	8	1	7	5	8	0	8	10	9	1	9	2	8	1	13	10	29	10	6	7	19	6	19	11	22	18	15	2	13	6	9	8	14	5	8	3	11	1	6	16	24	16	10	3	15	16	
212_A/chicken/Fujian/10. 7	3	12	7	10	8	12	8	10	9	1	0	4	3	0	10	12	3	9	1	7	5	7	0	9	10	8	1	9	2	8	1	13	9	30	9	7	8	19	6	18	11	22	19	15	2	13	6	9	8	13	5	6	3	12	1	6	16	25	16	12	3	14	16	
213_A/chicken/Fujian/11. 7	4	12	6	9	7	13	9	12	11	1	0	3	3	0	10	12	4	8	0	7	4	8	0	6	10	10	1	9	2	8	1	12	11	30	9	7	9	17	7	19	10	25	16	14	2	10	7	9	7	15	5	7	2	11	1	6	14	25	18	12	4	15	15	
214_A/chicken/Gansu/5/20 7	7	13	5	11	5	11	10	8	12	0	1	7	2	0	10	9	3	8	0	8	4	8	0	10	8	10	1	8	2	8	0	11	12	31	13	11	6	23	2	18	9	27	16	13	1	13	3	10	7	11	4	4	7	11	4	12	11	22	21	9	3	18	9	
215_A/chicken/Gansu/6/20 7	4	13	6	11	8	11	9	8	11	0	1	6	3	0	10	9	3	8	0	8	4	8	0	10	8	10	1	9	2	8	0	11	12	27	13	11	6	25	2	18	9	27	13	13	1	14	7	9	7	12	5	4	8	11	3	12	10	22	21	9	3	17	10	
216_A/chicken/Ganzhou/GZ 8	4	11	7	9	7	13	8	10	11	1	0	4	3	0	10	12	3	9	1	7	5	6	0	8	9	9	1	9	3	8	1	13	10	30	10	7	7	19	6	19	13	19	20	15	1	15	4	9	8	13	5	6	3	12	1	6	14	25	17	11	3	14	15	
217_A/chicken/Guangdong/ 7	4	13	7	10	7	11	8	10	10	1	0	4	3	0	10	12	3	8	0	7	5	8	0	9	10	10	1	8	2	7	1	13	12	28	9	6	7	20	6	19	10	22	18	15	2	14	5	9	8	13	7	7	3	12	1	4	16	25	17	13	3	13	15	
218_A/chicken/Guangdong/ 7	5	13	7	10	7	11	8	9	9	1	0	5	3	0	10	12	3	8	0	7	5	8	0	9	10	10	1	8	2	7	1	15	11	29	9	5	7	19	6	18	10	24	18	16	2	12	5	8	8	13	7	7	3	12	1	5	17	24	17	12	2	14	15	
219_A/chicken/Guangdong/ 6	4	14	7	11	7	10	8	11	9	1	0	3	3	0	10	12	3	9	0	7	5	6	0	8	10	10	1	9	2	6	1	13	11	29	9	6	7	19	6	19	11	23	17	14	2	14	6	9	8	14	7	7	3	12	1	4	16	25	16	14	3	13	16	
220_A/chicken/Guangdong/ 5	2	10	7	12	8	14	8	8	11	1	0	4	2	0	10	8	4	10	1	11	3	6	0	9	11	8	0	11	2	9	1	15	7	26	10	7	10	20	7	21	9	22	15	13	2	15	7	9	9	13	4	7	1	13	3	5	15	26	16	10	6	13	16	
221_A/chicken/Guangdong/ 5	2	10	7	12	8	14	8	8	11	1	0	4	2	0	10	8	4	10	1	11	3	6	0	9	11	8	0	11	2	9	1	15	7	26	10	7	9	21	7	21	9	22	15	13	2	15	7	9	9	13	3	7	1	13	4	5	15	26	16	10	6	13	16	
222_A/chicken/Guangdong/ 5	2	10	7	12	7	14	8	8	12	1	0	5	2	0	10	9	4	11	1	10	3	6	0	10	11	7	0	9	2	9	1	15	7	27	10	7	9	21	7	20	9	21	15	14	2	16	7	10	9	13	4	7	2	12	3	5	14	26	16	9	6	13	16	
223_A/chicken/Guangdong/ 5	2	10	7	12	7	14	8	8	12	1	0	5	2	0	10	9	4	10	1	10	3	6	0	9	11	7	0	10	2	10	1	14	7	27	11	8	9	20	6	21	9	21	14	13	2	16	8	9	9	14	4	6	1	12	3	5	16	26	16	11	5	13	16	
224_A/chicken/Guangdong/ 5	2	10	7	12	7	14	8	7	12	1	0	5	2	0	10	9	4	12	1	10	3	4	0	10	12	7	0	9	1	11	1	16	7	27	10	6	8	22	6	22	10	20	15	12	1	16	9	8	9	13	4	6	1	12	3	6	15	25	14	11	6	14	18	
225_A/chicken/Guangdong/ 5	2	10	7	12	7	14	8	8	12	1	0	4	2	0	10	9	4	11	1	10	3	5	0	10	12	7	0	10	1	10	1	16	7	26	10	6	8	22	6	22	10	19	16	12	1	16	9	8	9	15	4	6	1	11	3	6	15	26	16	11	6	13	16	
226_A/chicken/Guangxi/04 6	4	11	7	11	8	13	8	13	9	1	0	5	3	0	10	13	3	8	1	6	4	8	0	7	10	9	1	8	2	7	1	13	10	32	10	8	6	16	6	18	11	24	17	13	2	13	7	8	9	12	6	7	2	13	1	6	15	25	16	13	3	14	15	
227_A/chicken/Guangxi/16 6	4	13	8	13	8	11	7	9	10	1	0	5	3	0	10	7	3	7	0	10	4	9	0	7	9	6	3	10	2	11	0	11	11	28	10	11	6	22	5	20	11	24	14	13	1	16	6	6	6	13	7	8	5	13	1	5	15	23	20	11	3	17	10	
228_A/chicken/Guangxi/S2 7	4	13	10	12	7	11	5	8	9	1	0	6	3	0	10	7	4	7	0	10	2	8	0	8	11	7	0	8	3	10	1	13	9	25	10	9	6	22	7	21	10	24	18	13	1	14	6	5	7	17	7	8	3	12	0	11	16	23	17	9	3	17	14	
229_A/chicken/Guizhou/8. 9	4	12	7	8	8	12	8	9	10	1	0	4	4	0	10	12	3	9	1	7	3	6	0	8	10	9	1	9	2	8	1	10	10	26	11	10	7	20	7	20	11	22	18	13	2	15	5	8	8	13	5	7	4	12	3	7	14	23	17	12	3	15	14	
230_A/chicken/GY/a451/20 11	3	13	4	10	4	11	11	5	19	0	0	5	0	1	10	8	4	8	0	2	6	5	2	9	5	9	1	11	4	11	1	12	6	26	10	11	7	20	8	21	13	23	16	14	2	12	7	6	6	10	7	7	8	12	6	9	14	28	21	11	2	10	7	
231_A/Chicken/Hangzhou/E 6	2	10	7	12	7	14	8	8	14	1	0	5	2	0	10	8	4	11	1	10	3	5	0	9	10	7	0	11	2	10	1	15	7	25	11	6	9	22	6	22	9	22	14	13	2	16	8	9	9	14	4	6	1	12	3	5	15	26	15	11	6	13	17	
232_A/chicken/Hebei/3/20 7	4	15	6	11	7	9	9	8	12	0	1	7	3	0	10	8	3	7	0	10	5	8	0	8	8	11	1	7	2	7	0	10	13	30	12	12	6	22	3	20	9	29	14	14	1	14	4	9	8	14	5	7	4	10	3	11	10	22	22	8	3	15	10	
233_A/chicken/Heilongjia 7	4	14	7	12	7	10	8	8	13	0	1	7	1	0	10	8	3	7	1	9	5	7	0	8	8	9	1	8	2	9	0	11	11	28	11	10	9	24	4	21	9	26	16	14	1	15	3	9	6	13	5	6	6	12	3	11	10	20	22	8	3	17	10	
234_A/chicken/Henan/Q7/2 7	4	14	6	11	6	10	9	8	11	0	1	7	3	0	10	9	3	7	1	9	6	7	0	9	8	10	1	7	2	8	0	12	13	26	12	11	6	25	3	19	10	25	16	14	1	14	3	8	6	14	5	6	6	12	3	11	10	17	21	9	4	20	12	
235_A/chicken/Hsinchu/16 6	5	12	6	11	4	12	9	11	13	1	0	3	2	0	10	11	2	9	0	9	5	7	0	9	11	8	0	8	2	8	2	12	10	27	8	9	6	19	9	21	10	26	15	13	2	13	7	7	8	11	4	7	3	15	1	5	17	21	17	13	3	17	16	
236_A/chicken/Hubei/03.0 7	3	13	7	10	8	11	8	10	10	1	0	4	3	0	10	12	3	9	0	7	5	7	0	8	10	10	1	10	2	6	1	13	12	28	9	6	7	20	6	19	10	22	18	15	2	14	5	9	7	13	7	7	3	12	1	4	16	25	16	13	3	13	16	
237_A/chicken/Hubei/03.0 8	4	11	6	9	6	13	9	10	10	1	0	5	3	0	10	10	3	8	0	8	4	8	0	9	9	7	1	9	3	11	1	16	8	30	8	7	8	19	6	21	9	24	16	12	5	15	4	7	9	14	5	7	3	11	2	5	14	26	17	12	4	13	15	
238_A/chicken/Hubei/2856 6	6	12	7	12	6	12	8	7	11	1	0	5	3	0	10	10	3	8	0	8	4	6	0	10	7	7	1	8	5	11	0	15	8	22	12	7	7	26	5	21	10	23	17	12	2	16	5	8	8	13	7	7	5	13	0	8	14	26	17	9	3	13	15	
239_A/chicken/Hubei/ZYSJ 6	4	13	7	11	7	11	8	10	10	1	0	3	3	0	10	12	3	8	0	7	5	7	0	9	10	10	1	10	2	6	1	13	12	29	9	6	6	19	6	18	10	23	18	14	2	14	5	8	8	14	7	8	3	12	1	4	15	26	15	14	3	13	17	
240_A/chicken/Hubei/ZYSJ 6	4	13	7	11	7	11	8	10	10	1	0	3	3	0	10	12	3	8	0	7	5	7	0	9	10	10	1	10	2	6	1	13	12	29	9	6	6	19	6	18	10	23	18	14	2	14	5	8	8	14	7	8	3	12	1	4	15	26	15	14	3	13	17	
241_A/chicken/Hubei/ZYSJ 6	4	13	7	11	7	11	8	10	10	1	0	3	3	0	10	12	3	8	0	7	5	7	0	9	10	10	1	10	2	6	1	13	12	29	9	6	6	19	6	18	10	23	18	14	2	14	5	8	8	14	7	8	3	12	1	4	15	26	15	14	3	13	17	
242_A/Chicken/Huizhou/16 8	4	12	7	9	7	12	8	10	10	1	0	4	3	0	10	12	4	9	1	7	5	7	0	8	9	8	1	9	3	9	1	13	10	29	11	6	7	19	5	19	13	21	18	13	1	14	5	9	7	13	5	7	4	12	1	5	15	25	17	14	3	14	15	
243_A/chicken/Hunan/02.0 7	4	12	7	10	8	12	8	10	11	1	0	4	3	0	10	12	3	10	1	7	3	5	0	7	10	10	1	9	2	8	1	11	10	29	12	9	7	18	6	20	11	19	18	12	3	18	4	8	7	13	5	7	5	12	1	7	13	23	20	12	3	16	12	
244_A/chicken/Hunan/03.0 8	4	13	5	9	7	11	10	10	11	1	0	4	3	0	10	10	3	9	0	8	5	6	0	7	9	10	1	9	3	8	1	12	10	29	12	9	7	18	6	21	12	18	20	12	2	17	3	8	9	12	6	7	3	13	1	6	13	25	19	12	3	14	13	
245_A/chicken/Hunan/03.0 8	4	13	5	9	7	11	10	10	11	1	0	4	3	0	10	10	3	9	0	8	5	6	0	7	9	10	1	9	3	8	1	12	10	29	12	9	7	18	6	21	12	18	20	12	2	17	3	8	9	12	6	7	3	13	1	6	13	25	19	12	3	14	13	
246_A/chicken/Hunan/3.07 8	4	13	6	9	7	11	9	10	11	1	0	4	3	0	10	10	3	9	0	8	5	6	0	7	9	10	1	9	3	8	1	11	10	29	12	9	7	19	6	22	12	18	19	12	2	17	3	8	9	12	6	7	3	13	1	6	13	25	19	12	3	14	13	
247_A/chicken/Hunan/04.1 7	4	12	7	10	7	12	8	11	9	1	0	4	3	0	10	12	3	8	1	7	5	8	0	9	10	9	1	8	2	8	1	13	10	28	10	6	6	19	6	19	10	22	18	15	2	13	6	9	8	14	4	7	4	12	1	5	17	25	16	12	3	14	17	
248_A/chicken/Hunan/04.1 8	4	11	6	9	6	13	9	10	10	1	0	5	3	0	10	10	3	8	0	8	4	8	0	10	9	7	1	8	3	11	1	14	8	29	9	7	8	19	6	22	10	23	14	12	4	15	6	8	9	13	5	8	3	12	2	5	14	26	18	11	5	13	14	
249_A/chicken/Hunan/04.1 6	4	12	7	11	8	12	8	12	10	1	0	4	2	0	10	12	3	8	1	7	5	8	0	7	10	9	1	9	2	8	1	13	11	29	11	6	7	19	5	19	10	22	18	15	3	13	6	9	7	13	5	7	2	12	1	5	16	24	17	12	3	15	15	
250_A/chicken/Hunan/12.0 8	4	11	6	9	7	13	9	11	9	1	0	4	3	0	10	10	3	8	1	8	4	8	0	9	10	7	1	9	2	11	0	15	8	29	9	7	8	19	6	21	10	24	16	12	4	14	5	8	9	14	5	7	3	11	2	7	15	26	18	10	3	13	14	
251_A/chicken/Hunan/12.0 8	4	11	6	9	6	13	9	10	10	1	0	5	3	0	10	10	3	8	0	8	4	8	0	9	9	7	1	9	3	11	1	14	8	29	9	7	8	19	6	21	10	25	17	13	3	15	3	9	9	16	5	7	3	9	2	7	13	26	18	10	5	12	14	
252_A/chicken/Hunan/12.2 6	4	11	7	11	7	13	8	10	11	1	0	4	3	0	10	12	4	9	1	7	4	6	0	8	9	8	1	9	3	9	1	13	9	30	11	7	8	19	5	20	13	19	19	14	1	15	5	9	8	13	5	6	4	12	1	6	12	25	17	11	4	14	15	
253_A/chicken/Hunan/12.2 6	4	11	7	11	7	13	8	13	9	1	0	5	3	0	10	12	3	9	1	7	5	7	0	5	10	9	1	9	2	8	1	12	10	30	9	6	7	18	7	20	11	24	17	14	2	12	6	8	7	14	5	9	3	11	1	6	16	25	15	12	3	14	17	
254_A/chicken/Hunan/12.2 6	4	11	7	11	7	13	8	10	11	1	0	4	3	0	10	12	4	9	1	7	4	6	0	8	9	8	1	9	3	9	1	13	9	30	11	7	8	19	5	20	13	19	19	14	1	15	5	9	8	13	5	6	4	12	1	6	12	25	17	11	4	14	15	
255_A/chicken/Hunan/12.2 7	4	12	7	10	7	12	8	11	9	1	0	4	3	0	10	12	3	8	1	7	5	8	0	8	10	9	1	9	2	8	1	13	10	29	10	6	7	19	6	19	12	22	18	15	1	13	6	9	8	13	5	7	3	12	1	5	16	25	16	12	3	14	16	
256_A/chicken/Hunan/1793 6	6	12	8	12	6	12	7	8	11	1	0	5	3	0	10	9	3	9	0	8	3	5	0	9	10	7	1	9	3	12	0	14	10	23	12	8	5	24	4	19	11	23	18	15	2	16	3	9	7	15	5	8	5	13	1	6	13	26	17	8	4	13	16	
257_A/chicken/Hunan/3157 7	6	12	8	11	6	12	7	7	11	1	0	5	3	0	10	9	3	8	0	8	4	6	0	10	9	6	1	9	3	13	0	13	9	22	12	8	6	24	6	19	11	24	17	13	2	16	4	10	7	13	6	7	5	14	1	7	14	25	16	8	5	14	15	
258_A/chicken/Hunan/HN40 7	5	12	7	10	6	12	8	10	9	0	0	5	3	1	10	12	3	8	1	7	5	8	0	9	10	9	1	8	2	8	1	13	10	29	10	7	7	19	6	18	11	20	17	14	2	16	7	9	9	12	5	8	1	13	1	5	15	25	16	12	4	14	16	
259_A/chicken/Hunan/HN58 7	5	12	7	10	6	12	8	10	9	0	0	5	3	1	10	12	3	8	1	7	5	8	0	9	10	10	1	8	2	7	1	13	10	29	10	8	6	19	6	17	11	22	16	15	2	13	8	8	8	13	5	9	2	12	2	6	16	25	16	12	3	14	15	
260_A/chicken/Hunan/HN75 7	4	11	7	10	8	13	8	10	9	1	0	4	3	0	10	10	4	10	1	9	5	6	0	9	9	9	1	9	2	8	1	12	9	28	11	9	7	20	6	18	11	22	16	15	2	14	6	10	7	13	5	6	2	12	1	5	16	25	16	12	4	14	16	
261_A/chicken/Hunan/HN15 6	4	13	7	11	7	11	8	13	9	1	0	4	3	0	10	12	3	8	1	7	5	8	0	6	10	10	1	9	2	7	1	12	9	29	10	6	9	19	6	20	11	23	18	14	2	12	6	9	7	14	5	7	3	11	1	5	15	25	16	13	4	14	16	
262_A/chicken/Hunan/HN24 6	4	13	7	11	7	11	8	13	9	1	0	4	3	0	10	12	3	8	1	7	5	8	0	6	10	10	1	9	2	7	1	13	10	29	10	6	8	19	6	19	11	23	18	14	2	12	6	9	7	14	5	7	3	11	1	5	15	26	16	13	4	13	16	
263_A/chicken/Hunan/HN24 6	4	13	7	11	7	11	8	13	9	1	0	4	3	0	10	12	3	8	1	7	5	8	0	6	10	10	1	9	2	7	1	12	9	29	10	6	9	19	6	20	11	23	18	14	2	12	6	9	7	14	5	7	3	11	1	5	15	25	16	13	4	14	16	
264_A/chicken/Hunan/HN24 6	4	13	7	11	7	11	8	13	9	1	0	4	3	0	10	12	3	8	1	7	5	8	0	6	10	10	1	9	2	7	1	12	9	29	10	6	9	19	6	20	11	23	18	13	2	12	6	9	7	14	5	7	3	11	1	5	15	26	16	14	4	13	16	
265_A/chicken/Hunan/HN24 7	4	12	7	10	7	12	8	11	10	1	0	4	2	0	10	12	3	8	1	7	5	8	0	8	10	9	1	9	2	8	1	13	10	29	10	6	7	19	6	19	11	22	18	15	2	13	6	9	8	13	5	7	3	12	1	5	16	24	16	12	3	15	16	
266_A/chicken/Hunan/HN24 7	4	13	7	10	7	11	8	12	9	1	0	4	3	0	10	12	3	8	1	7	5	8	0	7	10	10	1	9	2	7	1	12	11	29	10	6	7	19	6	20	11	23	18	14	2	12	6	9	7	14	5	7	3	11	1	5	15	25	16	13	4	14	16	
267_A/chicken/Hunan/HN25 6	4	13	7	11	7	11	8	12	9	1	0	4	3	0	10	12	3	8	1	7	5	8	0	7	10	10	1	9	2	7	1	12	10	29	10	6	8	19	6	20	11	23	18	14	2	12	6	9	7	14	5	7	3	11	1	5	15	25	16	13	4	14	16	
268_A/chicken/Hunan/HN25 6	4	13	7	11	7	11	8	12	9	1	0	4	3	0	10	12	3	8	1	7	5	8	0	7	10	10	1	9	2	7	1	12	9	29	10	6	9	19	6	20	11	23	18	14	2	12	6	9	7	14	5	7	3	11	1	5	15	26	16	13	4	13	16	
269_A/chicken/Hunan/HN25 7	4	13	7	10	7	11	8	12	9	1	0	4	3	0	10	12	3	8	1	7	5	8	0	7	10	10	1	9	2	7	1	12	10	29	10	6	8	19	6	20	11	23	18	14	2	12	6	9	7	14	5	7	3	11	1	5	15	26	16	13	4	13	16	
270_A/chicken/Hunan/HN25 6	4	13	7	11	7	11	8	13	9	1	0	4	3	0	10	12	3	8	1	7	5	8	0	6	10	10	1	9	2	7	1	12	9	29	10	6	9	19	6	20	11	23	18	14	2	12	6	9	7	14	5	7	3	11	1	5	15	25	16	13	4	14	16	
271_A/chicken/Hunan/HN25 6	4	13	7	11	7	11	8	13	9	1	0	4	3	0	10	12	3	8	1	7	5	8	0	6	10	10	1	9	2	7	1	12	9	29	10	6	9	19	6	20	11	23	18	14	2	12	6	9	7	14	5	7	3	11	1	5	15	25	16	13	4	14	16	
272_A/chicken/Hunan/HN26 6	4	11	6	11	8	13	9	9	10	1	0	5	2	0	10	10	4	9	1	9	6	7	0	9	8	8	1	9	2	9	1	12	9	28	11	9	7	20	6	18	11	20	18	15	2	15	5	8	7	13	5	8	3	12	1	5	16	24	16	12	3	15	16	
273_A/chicken/Hunan/HN26 6	4	11	6	11	8	13	9	9	10	1	0	5	2	0	10	10	4	9	1	9	6	7	0	9	8	9	1	9	2	8	1	12	8	28	11	9	7	20	6	18	12	22	16	15	2	14	6	8	7	13	5	8	2	12	1	5	17	25	16	12	3	14	16	
274_A/chicken/Hunan/HN26 6	4	11	6	11	8	13	9	9	10	1	0	5	2	0	10	10	4	9	1	9	6	7	0	9	8	9	1	9	2	8	1	12	8	28	11	9	7	20	6	18	12	20	17	15	2	15	6	8	7	13	5	8	2	12	1	5	16	25	16	12	4	14	16	
275_A/chicken/Hunan/HN26 6	4	11	6	11	8	13	9	9	10	1	0	5	2	0	10	10	4	9	1	9	6	7	0	9	8	9	1	9	2	8	1	12	8	28	11	9	7	20	6	18	12	20	17	15	2	15	6	8	7	13	5	8	2	12	1	5	17	25	16	12	3	14	16	
276_A/chicken/Hunan/HN30 6	4	12	7	11	7	12	8	13	10	1	0	4	2	0	10	12	3	8	1	7	5	8	0	6	9	9	1	9	3	8	1	12	11	29	10	6	7	20	6	20	10	23	18	14	3	12	6	9	7	14	5	7	3	10	1	5	16	24	16	13	3	15	16	
277_A/chicken/Hunan/HN30 6	4	12	7	11	7	12	8	13	10	1	0	4	2	0	10	12	3	8	1	7	5	8	0	6	9	9	1	9	3	8	1	12	11	29	10	6	7	20	6	20	10	23	18	14	3	12	6	9	7	14	5	7	3	10	1	5	16	24	16	13	3	15	16	
278_A/chicken/Hunan/HN30 6	4	12	7	11	7	12	8	13	10	1	0	4	2	0	10	12	3	9	1	7	5	7	0	6	9	9	1	9	3	8	1	12	10	29	10	6	8	20	6	20	10	23	18	14	3	12	6	9	7	14	5	7	3	10	1	5	16	24	16	13	3	15	16	
279_A/chicken/Hunan/HN30 6	4	12	7	11	7	12	8	12	10	1	0	4	2	0	10	12	3	9	1	7	5	7	0	7	9	9	1	9	3	8	1	12	10	29	10	6	8	20	6	20	10	23	18	14	3	12	6	9	7	14	5	7	3	10	1	5	16	24	16	13	3	15	16	
280_A/chicken/Hunan/HN30 6	4	12	7	11	7	12	8	12	11	1	0	4	1	0	10	12	3	9	1	7	5	7	0	7	9	9	1	9	3	8	1	12	10	29	10	6	8	20	6	20	10	23	18	14	3	12	6	9	7	14	5	7	3	10	1	5	16	24	16	13	3	15	16	
281_A/chicken/Hunan/HN30 6	4	12	7	11	7	12	8	13	10	1	0	4	2	0	10	12	3	9	1	7	5	7	0	6	9	9	1	9	3	8	1	12	10	29	10	6	8	20	6	19	11	23	18	14	3	12	6	9	7	14	5	7	3	10	1	5	16	24	16	13	3	15	16	
282_A/chicken/Hunan/HN30 6	4	12	7	11	7	12	8	13	10	1	0	4	2	0	10	12	3	9	1	7	5	7	0	6	9	9	1	9	3	8	1	12	10	29	10	6	8	20	6	20	10	23	18	14	3	12	6	9	7	14	5	7	3	10	1	5	16	24	16	13	3	15	16	
283_A/chicken/Hunan/HN30 6	4	12	7	11	7	12	8	13	9	1	0	4	3	0	10	12	3	9	1	7	5	7	0	6	9	9	1	9	3	8	1	12	10	29	10	6	8	20	6	20	10	23	18	14	3	12	6	9	7	14	5	7	3	10	1	5	16	24	16	13	3	15	16	
284_A/chicken/Hunan/S100 6	5	12	10	13	7	12	5	8	12	1	0	8	2	0	10	6	4	6	0	11	2	9	0	8	11	4	2	8	1	14	0	11	10	32	9	12	6	21	5	20	11	25	16	13	1	15	4	5	6	11	6	9	5	13	2	6	14	25	20	9	4	15	10	
285_A/chicken/Jiangsu/03 5	5	15	10	14	7	10	5	10	9	1	0	6	4	0	11	9	3	8	0	8	3	8	0	9	9	7	1	5	3	11	0	13	8	24	11	10	6	24	4	18	11	21	18	14	3	18	5	5	5	15	5	9	5	11	3	12	14	22	19	7	3	17	12	
286_A/chicken/Jiangsu/92 7	6	13	10	12	7	11	5	8	10	1	0	6	2	0	10	7	4	8	0	10	2	8	0	8	10	7	2	9	2	11	0	14	10	28	8	10	6	21	7	21	11	24	16	12	1	14	6	4	6	13	7	8	5	14	2	7	15	22	18	9	3	18	12	
287_A/chicken/Jiangsu/10 7	4	15	5	11	7	11	10	9	12	0	1	7	2	0	10	9	3	7	0	8	5	8	0	10	7	10	1	9	3	8	0	12	11	29	12	11	6	24	3	19	9	25	17	13	1	14	4	9	8	14	5	4	6	10	2	9	11	20	22	9	3	17	10	
288_A/chicken/Jiangsu/24 6	5	13	10	13	7	11	5	8	10	1	0	5	3	0	10	7	4	8	0	10	2	8	0	9	10	6	2	9	2	12	0	12	10	27	10	11	7	21	6	21	11	22	16	12	1	17	5	5	6	13	7	8	4	14	2	7	15	23	19	9	3	17	11	
289_A/chicken/Jiangsu/k0 6	4	13	9	13	7	11	6	9	10	1	0	7	3	0	10	8	3	7	0	9	2	9	0	7	11	7	0	8	3	12	0	14	7	26	10	10	7	22	5	20	12	25	16	12	1	14	7	5	5	14	7	7	6	14	2	10	15	22	18	8	3	17	12	
290_A/chicken/Jiangsu/SE 6	5	13	10	13	7	11	5	8	10	0	1	5	3	0	10	7	4	8	0	10	2	8	0	8	9	6	2	10	3	11	0	12	10	28	9	11	6	21	7	21	11	25	15	12	1	15	6	5	6	13	7	8	5	14	1	6	15	22	19	10	3	18	11	
291_A/chicken/Jiangsu/WX 7	4	13	6	10	7	11	9	10	9	1	0	4	3	0	10	11	3	8	1	8	5	8	0	9	10	9	1	9	2	8	1	14	10	28	10	7	7	20	6	18	12	22	17	16	2	13	7	7	9	13	5	7	3	12	1	5	15	25	18	11	3	14	14	
292_A/chicken/Jiangsu/WX 7	4	13	6	10	7	11	9	10	9	1	0	4	3	0	10	11	3	8	1	8	5	8	0	9	10	9	1	9	2	8	1	13	10	29	10	7	7	20	6	18	11	21	18	15	2	13	6	8	9	13	5	7	3	12	1	5	16	25	18	12	3	14	14	
293_A/chicken/Jiangsu/XZ 7	4	14	6	11	7	10	9	8	11	0	1	8	3	0	10	8	3	8	0	9	5	7	0	10	8	10	1	7	2	8	0	11	12	27	13	10	6	26	2	20	9	28	16	14	1	13	4	9	7	12	5	7	6	11	3	10	11	21	21	9	3	17	10	
294_A/chicken/Jiangsu/YB 5	5	14	10	14	7	10	5	9	9	1	0	5	4	0	11	9	3	8	0	8	3	8	0	9	9	7	2	6	3	11	0	12	8	24	11	11	6	24	4	20	11	23	16	13	3	17	5	5	5	15	5	9	5	12	3	12	14	23	19	7	3	16	12	
295_A/chicken/Jiangxi/01 7	4	13	7	10	7	11	8	10	10	1	0	4	3	0	10	12	3	8	0	7	5	8	0	8	10	10	1	9	2	7	1	13	11	28	9	6	7	20	6	19	10	22	18	15	2	14	5	9	8	13	7	7	3	12	1	4	16	25	16	13	3	13	16	
296_A/chicken/Jiangxi/02 8	3	12	7	9	8	12	8	9	9	1	0	5	4	0	10	12	4	9	1	7	4	7	0	9	10	9	1	9	2	8	1	13	10	28	10	7	7	20	6	18	11	22	18	15	2	13	5	9	8	13	5	7	3	12	1	4	16	26	15	13	3	12	17	
297_A/chicken/Jiangxi/02 7	4	13	7	10	8	11	8	10	10	1	0	4	3	0	10	12	3	8	0	8	4	8	0	8	10	10	1	8	2	7	1	13	11	28	9	6	7	20	6	19	10	22	18	15	2	14	5	9	8	13	7	7	3	12	1	4	16	25	16	13	3	13	16	
298_A/chicken/Jiangxi/04 7	4	13	7	10	7	11	8	10	11	1	0	4	3	0	10	12	3	9	0	7	5	7	0	8	10	10	1	10	2	6	1	13	11	28	9	6	7	20	6	19	10	23	17	15	2	14	5	9	8	13	7	7	3	12	1	4	16	25	16	13	3	13	16	
299_A/chicken/Jiangxi/04 7	4	13	7	10	7	11	8	10	10	1	0	4	3	0	10	12	3	9	0	7	5	7	0	8	10	10	1	10	2	6	1	13	11	28	9	6	7	20	6	19	10	22	19	15	2	14	4	9	8	13	7	7	3	12	1	4	15	26	16	13	3	13	16	
300_A/chicken/Jiangxi/04 7	4	13	7	10	7	11	8	11	10	1	0	4	3	0	10	12	3	9	0	7	5	7	0	8	10	10	1	10	2	6	1	13	11	28	9	6	7	20	6	19	10	22	18	15	2	14	5	9	8	13	7	7	3	12	1	4	16	25	17	13	3	13	15	
301_A/chicken/Jiangxi/04 7	4	13	7	10	7	11	8	10	10	1	0	4	3	0	10	12	3	9	0	7	5	7	0	8	10	11	1	10	2	6	1	13	11	28	9	6	7	20	6	19	10	21	18	15	2	14	5	9	8	13	7	7	3	12	1	4	16	25	16	13	3	13	16	
302_A/chicken/Jiangxi/04 7	4	11	6	10	7	13	9	11	9	0	0	5	3	1	10	10	3	7	1	8	4	9	0	9	9	7	1	8	3	11	0	15	8	30	9	7	8	18	6	21	10	24	16	12	4	14	5	8	9	14	5	7	3	11	2	6	15	26	18	11	3	13	14	
303_A/chicken/Jiangxi/04 7	4	14	8	10	7	11	7	11	9	1	0	4	4	0	10	11	3	8	1	8	5	8	0	7	10	9	1	9	2	8	1	12	11	28	11	6	8	19	5	19	10	22	19	16	2	13	5	9	7	14	5	7	3	11	0	5	17	23	15	10	3	16	18	
304_A/chicken/Jiangxi/04 7	4	13	7	10	7	11	8	10	10	1	0	4	3	0	10	12	3	9	0	7	5	7	0	8	10	10	1	10	2	6	1	13	11	28	9	6	7	20	6	19	10	22	18	15	2	14	5	10	8	13	7	6	3	12	1	4	16	25	16	13	3	13	16	
305_A/chicken/Jiangxi/04 7	4	13	7	10	7	11	8	10	11	1	0	4	3	0	10	12	3	9	0	7	5	7	0	8	10	10	1	10	2	6	1	13	11	28	9	6	7	20	6	19	10	22	18	15	2	14	5	9	8	13	7	7	3	12	1	4	16	25	16	13	3	13	16	
306_A/chicken/Jiangxi/04 7	4	13	7	10	7	11	8	10	10	1	0	4	3	0	10	12	3	9	0	7	5	7	0	8	10	10	1	9	3	6	1	13	11	28	9	6	7	20	6	19	10	22	18	15	2	14	5	9	8	13	7	7	3	12	1	4	16	24	16	13	3	14	16	
307_A/chicken/Jiangxi/04 7	4	13	7	10	7	11	8	10	10	1	0	4	3	0	10	12	3	9	0	7	5	7	0	8	10	10	1	10	2	6	1	13	11	28	9	6	7	20	6	19	10	22	18	15	2	14	5	9	8	13	7	7	3	12	1	4	17	25	16	13	2	13	16	
308_A/chicken/Jiangxi/04 7	4	13	7	10	7	11	8	10	10	1	0	4	3	0	10	12	3	9	0	7	5	7	0	8	10	10	1	10	2	6	1	13	11	28	9	6	7	20	6	19	10	22	18	15	2	14	5	9	8	13	7	7	3	12	1	4	16	25	16	13	3	13	16	
309_A/chicken/Jiangxi/04 7	4	13	7	10	7	11	8	10	10	1	0	4	3	0	10	12	3	9	0	7	5	7	0	8	10	10	1	10	2	6	1	13	11	28	9	6	7	20	6	19	10	22	18	15	2	14	5	9	8	13	7	7	3	12	1	4	16	25	16	13	3	13	16	
310_A/chicken/Jiangxi/04 7	4	13	7	10	7	11	8	10	10	1	0	4	3	0	10	12	3	8	0	7	5	8	0	8	10	10	1	9	2	7	1	13	11	28	9	6	7	20	6	19	9	23	18	15	2	14	5	9	8	13	7	7	3	12	1	4	16	25	17	13	3	13	15	
311_A/chicken/Jiangxi/05 7	4	13	7	10	7	11	8	10	10	1	0	4	3	0	10	12	3	9	0	7	5	7	0	8	10	10	0	10	2	6	2	13	11	28	9	6	7	20	6	19	10	22	18	16	2	14	5	9	8	12	8	7	3	12	1	4	16	24	17	12	3	14	15	
312_A/chicken/Jiangxi/10 7	4	12	7	10	7	12	8	9	11	1	0	4	3	0	10	12	3	9	1	7	5	6	0	9	9	10	2	8	3	8	1	13	10	29	12	7	7	20	5	19	12	17	19	14	2	16	3	8	7	13	5	7	4	12	1	6	15	26	20	12	2	13	13	
313_A/chicken/Jiangxi/12 7	5	13	7	10	6	11	8	10	10	1	0	4	3	0	10	12	3	8	0	7	5	8	0	9	10	10	1	8	2	7	1	13	11	28	9	6	7	20	6	19	10	22	18	15	2	14	5	9	7	13	7	7	4	12	1	4	16	25	16	13	3	13	16	
314_A/chicken/Jiangxi/12 7	4	13	7	10	7	11	8	10	10	1	0	4	3	0	10	12	3	8	0	7	5	8	0	9	10	10	1	8	2	7	1	13	11	28	9	6	7	20	6	19	10	22	18	15	2	14	5	9	8	13	7	7	3	12	1	4	16	25	17	13	3	13	15	
315_A/chicken/Jiangxi/12 7	4	13	7	10	7	11	8	10	10	1	0	4	3	0	10	12	3	8	0	7	5	8	0	8	10	10	1	9	2	7	1	13	11	28	9	6	7	20	6	19	10	22	18	15	2	14	5	9	8	13	7	7	3	12	1	4	16	25	16	13	3	13	16	
316_A/chicken/Jiangxi/12 7	4	13	7	10	7	11	8	10	10	1	0	4	3	0	10	12	3	8	0	7	5	8	0	8	10	10	1	9	2	7	1	13	12	28	9	6	7	21	6	19	10	22	18	15	2	14	5	9	7	13	7	7	3	12	1	4	16	25	16	13	3	13	16	
317_A/chicken/Jiangxi/12 7	4	13	7	10	7	11	8	10	10	1	0	4	3	0	10	12	3	8	0	7	5	8	0	9	10	10	1	8	2	7	1	13	11	28	9	6	7	20	6	19	10	22	18	15	2	14	5	9	8	13	7	7	3	12	1	4	16	25	17	13	3	13	15	
318_A/chicken/Jiangxi/25 7	4	12	10	12	6	12	5	9	10	1	0	5	4	0	10	6	4	7	0	11	2	8	0	9	10	7	0	8	3	10	1	12	9	25	10	8	6	20	7	22	9	24	17	13	1	14	8	6	7	16	7	8	3	12	1	10	15	24	18	10	4	17	13	
319_A/Chicken/Jiangxi/45 6	4	13	7	11	7	11	8	10	10	1	0	3	3	0	10	12	3	8	0	7	5	7	0	8	10	10	1	10	2	6	1	13	12	29	9	6	6	19	6	19	10	23	18	14	2	14	5	9	8	14	7	7	3	12	1	4	15	26	16	14	3	13	16	
320_A/chicken/Jiangxi/S4 7	3	9	7	10	7	15	8	8	11	1	0	7	2	0	10	9	4	8	1	10	3	8	0	9	10	8	0	8	2	10	1	16	8	28	10	6	9	19	7	21	9	21	15	14	1	16	7	8	8	15	4	7	2	11	3	5	15	26	18	10	6	13	14	
321_A/chicken/Jilin/04.1 7	4	13	7	10	7	11	8	11	9	1	0	4	3	0	10	12	3	8	1	7	5	8	0	9	10	9	1	7	2	8	1	13	10	29	11	6	7	19	5	18	12	22	19	17	1	14	4	9	8	13	5	7	3	12	1	7	15	24	17	11	3	15	15	
322_A/chicken/Jilin/04.1 6	5	13	10	13	7	11	5	8	11	1	0	5	3	0	10	7	4	9	0	9	3	8	0	11	8	6	2	8	3	11	0	12	11	28	9	11	5	22	6	21	11	24	15	12	1	16	5	5	6	13	7	8	5	13	3	7	14	23	19	9	3	17	10	
323_A/chicken/Jilin/04.1 6	5	13	10	13	7	11	5	8	11	1	0	5	3	0	10	7	4	9	0	9	3	8	0	11	8	6	2	8	3	11	0	12	11	28	9	11	5	22	6	21	11	24	15	12	1	16	5	5	6	13	7	8	5	13	3	7	14	23	19	9	3	17	10	
324_A/chicken/Jilin/04.1 6	5	13	10	13	7	11	5	8	11	1	0	5	3	0	10	7	4	9	0	9	3	8	0	11	8	6	2	8	3	11	0	12	11	28	9	11	5	22	6	21	11	24	15	12	1	16	5	5	6	13	7	8	5	13	3	7	14	23	19	9	3	17	10	
325_A/chicken/Jilin/04.1 6	5	13	10	13	7	11	5	8	11	1	0	5	3	0	10	7	4	9	0	9	3	8	0	11	8	6	2	8	3	11	0	12	11	28	9	11	5	22	6	21	11	24	15	12	1	16	5	5	6	13	7	8	5	13	3	7	14	23	19	9	3	17	10	
326_A/chicken/Jilin/04.2 6	5	13	10	13	7	11	5	8	10	1	0	5	3	0	10	7	4	9	0	9	3	8	0	11	8	6	2	8	3	11	0	12	11	28	9	11	5	22	6	21	11	24	15	12	1	16	5	5	6	13	7	8	5	13	3	7	15	22	19	9	3	18	10	
327_A/chicken/Jilin/S125 6	4	13	9	13	8	11	6	9	9	1	0	5	4	0	10	7	3	7	0	10	4	9	0	7	9	6	2	10	2	11	0	11	11	30	9	11	5	21	6	20	11	24	15	13	1	16	6	6	6	12	7	7	5	13	1	6	15	22	20	11	3	19	10	
328_A/chicken/Jilin/S127 6	4	13	9	13	8	11	6	9	9	1	0	5	4	0	10	7	3	7	0	10	4	9	0	7	9	6	2	10	2	11	0	10	11	30	9	11	5	21	6	20	11	24	15	13	1	16	6	7	6	12	7	7	5	13	1	7	15	22	20	10	3	19	10	
329_A/chicken/Kaohsiung/ 7	5	11	5	10	6	13	10	10	12	1	0	5	1	0	10	11	3	9	0	9	4	7	0	9	9	8	0	7	3	8	2	12	10	28	7	10	7	20	9	21	11	24	16	14	2	13	6	7	7	11	5	7	3	15	1	7	16	21	15	11	3	17	17	
330_A/chicken/Kaohsiung/ 7	5	12	6	10	6	12	9	10	12	1	0	5	1	0	10	11	3	9	0	9	4	7	0	9	9	8	0	7	3	8	2	12	11	28	7	10	5	20	9	21	10	24	16	14	2	12	7	7	7	12	5	7	4	14	1	7	17	21	15	11	3	17	17	
331_A/chicken/Kaohsiung/ 7	5	12	6	10	6	12	9	10	12	1	0	5	1	0	10	11	3	9	0	9	4	7	0	9	9	8	0	7	3	8	2	13	10	28	7	9	7	20	9	21	10	24	16	14	2	13	6	8	7	12	5	6	3	14	1	7	17	21	15	11	3	17	17	
332_A/chicken/Kaohsiung/ 7	5	11	5	10	6	13	10	10	12	1	0	5	1	0	10	11	3	9	0	9	4	7	0	9	9	8	0	7	3	8	2	12	10	28	7	10	7	20	9	21	11	24	16	14	2	13	6	7	7	11	5	7	3	15	1	7	16	21	15	11	3	17	17	
333_A/chicken/Kaohsiung/ 7	5	12	6	10	6	12	9	10	12	1	0	5	1	0	10	11	3	9	0	9	4	7	0	9	9	8	0	7	3	8	2	12	10	28	7	10	7	19	9	21	10	24	16	14	2	13	6	7	7	11	5	7	3	16	1	6	17	21	15	12	3	17	17	
334_A/chicken/Kaohsiung/ 7	5	12	6	10	6	12	9	10	12	1	0	5	1	0	10	11	3	10	0	9	4	6	0	8	9	8	0	8	3	8	2	12	10	29	7	10	7	19	9	21	10	24	16	14	2	13	6	7	7	12	5	7	3	14	1	8	17	22	15	10	3	16	17	
335_A/chicken/Kaohsiung/ 8	5	12	6	9	6	12	9	10	12	1	0	4	1	0	10	11	3	9	0	9	4	7	0	9	9	8	0	8	3	8	2	12	10	28	7	10	7	20	9	20	11	27	16	14	2	12	5	7	7	12	5	7	3	14	1	7	16	21	14	10	4	17	18	
336_A/chicken/Kaohsiung/ 5	5	12	7	12	4	12	8	10	15	1	0	3	1	0	10	10	2	9	0	10	5	7	0	9	11	8	0	8	2	8	2	12	11	27	8	9	6	20	9	21	10	25	15	13	2	12	7	8	7	12	4	6	3	14	1	7	15	22	16	13	3	17	17	
337_A/chicken/Kaohsiung/ 5	5	12	7	12	4	12	8	12	15	1	0	4	1	0	10	10	2	9	0	10	4	7	0	8	10	8	0	8	2	8	2	12	10	26	8	8	7	21	9	21	10	23	13	13	2	13	10	8	8	12	4	8	3	14	1	6	15	22	16	12	3	17	17	
338_A/chicken/Kaohsiung/ 5	5	12	7	12	4	12	8	10	15	1	0	4	0	0	10	11	2	9	0	9	5	7	0	10	12	9	1	7	1	7	2	11	10	25	7	10	6	23	10	21	11	23	14	13	2	14	7	8	8	12	4	6	3	13	1	9	14	22	16	11	3	17	17	
339_A/chicken/Kaohsiung/ 5	5	12	7	12	4	12	8	10	15	1	0	4	0	0	10	11	2	9	0	9	5	7	0	10	12	9	1	7	1	7	2	12	10	25	7	9	6	23	10	21	10	24	13	13	2	13	8	8	8	12	4	6	3	13	1	9	15	22	16	11	3	17	17	
340_A/chicken/Liaoning/S 7	4	13	6	11	7	11	9	8	12	0	1	7	2	0	10	9	3	8	0	8	5	8	0	10	8	10	1	8	2	8	0	13	11	27	13	12	7	24	2	18	9	26	16	14	1	14	3	10	7	13	5	2	7	11	3	11	11	21	20	9	3	18	11	
341_A/chicken/Liaoning/S 6	4	13	9	14	9	11	6	9	9	1	0	5	4	0	10	7	3	7	0	9	4	9	0	7	9	6	2	10	2	11	0	11	11	28	10	11	5	23	5	20	11	24	15	13	1	16	6	5	6	13	7	9	4	13	1	5	15	21	20	11	3	18	11	
342_A/chicken/Miaoli/150 7	5	12	7	10	6	12	8	11	12	1	0	3	1	0	10	11	3	9	0	9	4	7	0	9	9	8	0	8	3	8	2	12	10	27	8	10	6	20	9	20	11	24	16	13	2	14	6	7	8	13	5	7	3	13	1	5	17	21	16	13	3	17	16	
343_A/chicken/Nantou/161 7	5	12	5	10	6	12	10	10	12	1	0	5	1	0	10	11	3	9	0	8	4	7	0	10	9	8	0	7	3	8	2	12	10	28	8	10	7	19	8	21	10	24	16	14	2	13	6	7	7	11	5	7	3	16	1	6	17	20	14	12	3	18	18	
344_A/chicken/New_Taipei 8	5	12	6	9	5	12	9	10	13	1	0	5	1	0	10	11	3	10	0	9	4	6	0	8	10	8	0	8	2	8	2	12	10	29	7	10	7	19	9	20	10	25	16	15	2	13	5	7	7	12	5	7	3	14	1	7	17	22	15	11	3	16	17	
345_A/chicken/New_Taipei 8	5	12	6	9	5	12	9	10	13	1	0	5	1	0	10	11	3	10	0	9	4	6	0	9	10	8	0	7	2	8	2	12	10	29	7	10	7	19	9	22	10	25	16	14	2	13	5	7	7	12	5	7	3	14	1	6	18	21	15	11	3	16	17	
346_A/chicken/New_Taipei 5	5	12	6	12	4	12	9	11	15	1	0	3	1	0	10	10	2	9	0	10	6	7	0	9	10	8	1	8	2	8	2	11	10	27	8	10	6	20	9	21	10	25	13	13	2	13	7	8	8	12	4	6	3	14	1	7	14	22	16	13	3	17	17	
347_A/chicken/New_Taipei 7	5	12	6	10	6	12	9	10	13	1	0	7	1	0	10	11	4	9	0	9	3	7	0	9	9	8	0	5	2	8	2	12	11	27	9	10	6	20	8	20	11	25	17	14	2	13	4	6	7	12	6	8	3	14	1	6	17	22	15	12	3	16	16	
348_A/chicken/New_Taipei 7	5	12	7	10	6	12	8	11	13	1	0	7	1	0	10	11	4	9	0	9	3	7	0	8	9	8	0	5	2	8	2	12	11	27	10	10	6	20	8	20	11	24	17	14	2	13	3	6	8	12	6	8	2	14	1	6	17	23	15	12	3	16	16	
349_A/chicken/New_Taipei 7	5	12	7	10	6	12	8	11	13	1	0	7	1	0	10	11	4	9	0	9	3	7	0	8	9	8	0	5	2	8	2	12	11	27	10	10	6	20	8	20	11	25	17	14	2	13	3	6	8	12	6	8	2	14	1	6	17	22	15	12	3	16	16	
350_A/chicken/New_Taipei 7	5	12	7	10	6	12	8	11	13	1	0	7	1	0	10	11	4	9	0	9	3	7	0	8	9	8	0	5	2	8	2	12	11	27	10	10	6	20	8	20	11	25	17	14	2	13	3	6	8	12	6	8	2	14	1	6	17	22	15	12	3	16	16	
351_A/chicken/New_Taipei 5	5	12	7	12	3	12	8	13	14	1	0	3	1	0	10	9	3	9	0	10	5	7	0	7	11	8	0	8	2	8	2	12	10	27	8	8	7	20	9	21	10	25	14	13	2	13	8	6	8	12	4	8	4	14	1	7	16	23	16	13	2	15	17	
352_A/chicken/Ningxia/2/ 7	7	13	5	11	5	11	10	8	12	0	1	7	2	0	10	9	3	8	0	8	4	8	0	10	8	10	1	8	2	8	0	11	12	30	13	11	6	23	2	18	9	27	16	13	1	13	3	10	7	12	4	4	7	11	4	12	11	21	22	9	3	18	9	
353_A/chicken/Ningxia/22 7	7	13	5	11	5	11	10	8	12	0	1	7	2	0	10	9	3	8	0	8	4	8	0	10	8	10	1	8	2	8	0	11	12	30	13	11	6	23	2	18	9	27	16	12	1	13	3	10	7	12	4	4	7	11	4	12	11	21	22	10	3	18	9	
354_A/chicken/PH/A2821/2 12	4	13	4	9	5	11	11	5	17	0	0	5	1	1	10	8	5	8	1	3	6	5	1	9	4	10	1	10	3	10	1	11	6	27	9	10	7	20	8	22	14	23	15	14	2	12	7	8	7	9	8	9	6	12	6	7	14	29	24	11	2	9	4	
355_A/chicken/Pingtung/1 7	6	12	7	10	5	12	8	11	12	1	0	3	1	0	10	11	3	9	0	9	4	7	0	9	9	8	0	8	3	8	2	12	10	27	8	10	6	20	9	20	11	24	16	13	2	14	6	7	8	13	4	7	3	13	2	5	16	22	15	13	4	16	17	
356_A/chicken/Pingtung/1 8	5	12	7	10	6	11	8	10	12	1	0	4	1	0	10	11	3	8	0	9	4	8	0	9	9	8	0	8	3	8	2	12	10	29	7	10	6	20	9	20	10	24	15	14	3	13	7	8	8	12	4	6	3	14	2	5	17	22	15	12	3	16	17	
357_A/chicken/Pingtung/1 5	5	12	7	12	4	12	8	11	15	1	0	3	0	0	10	10	2	9	0	10	5	7	0	9	11	8	0	8	2	8	2	13	10	26	7	9	6	21	10	20	11	24	15	13	2	13	7	7	8	12	4	6	3	14	1	8	15	22	16	12	3	17	17	
358_A/chicken/Pingtung/1 5	5	12	7	12	3	12	8	12	14	1	0	3	1	0	10	9	4	9	0	10	5	7	0	8	11	8	0	8	1	8	2	12	9	27	8	8	8	20	9	21	10	24	14	13	2	14	8	6	8	12	4	8	4	14	1	7	16	23	16	13	2	15	17	
359_A/chicken/PT/a158/20 11	3	13	5	10	4	11	10	5	19	1	0	5	0	0	10	8	4	8	0	2	6	5	2	9	5	9	1	11	5	10	1	12	6	27	10	11	7	19	8	21	14	23	16	14	1	12	7	6	6	10	7	10	6	11	6	9	14	29	21	11	2	9	7	
360_A/chicken/Qingdao/1/ 8	4	15	7	10	6	9	8	9	11	0	1	6	3	0	10	8	3	7	1	10	6	7	0	8	8	10	1	8	2	8	0	11	13	30	11	11	7	22	4	20	9	27	16	13	1	14	3	8	6	12	5	6	5	13	2	14	10	20	22	7	4	18	10	
361_A/chicken/SC/a688/20 11	3	13	4	10	4	11	11	5	19	0	0	5	0	1	10	8	4	8	0	3	5	5	2	9	5	9	1	11	5	10	1	12	6	28	10	11	7	18	8	21	14	23	16	14	1	12	7	6	6	10	7	8	8	12	6	9	13	29	21	11	2	9	7	
362_A/chicken/Shaanxi/SD 6	2	10	7	11	8	14	8	9	11	1	0	4	2	0	10	9	4	9	1	10	3	7	0	8	11	7	0	11	2	10	1	15	7	25	10	7	9	22	7	21	8	21	15	14	2	16	7	9	9	14	4	7	1	12	3	4	16	25	16	10	6	14	16	
363_A/chicken/Shandong/1 5	5	15	10	14	7	10	5	9	9	1	0	6	4	0	11	9	3	8	0	8	3	8	0	9	9	7	1	5	3	11	0	13	8	25	11	9	6	24	4	20	11	21	18	13	3	17	5	5	5	15	5	10	5	11	3	12	14	21	19	7	3	18	12	
364_A/Chicken/Shandong/J 6	5	13	10	13	6	11	5	8	11	1	0	8	2	0	10	8	3	7	0	9	3	9	0	8	9	8	0	7	4	11	0	14	8	25	11	10	6	24	5	20	12	23	16	13	1	16	7	5	5	13	7	7	6	14	1	10	15	21	17	7	3	18	13	
365_A/Chicken/Shandong/J 7	4	13	6	11	7	10	9	8	12	0	1	7	3	0	10	9	3	9	0	8	5	7	0	9	7	10	1	8	2	8	0	11	14	28	14	11	6	26	2	20	9	26	16	14	1	15	3	10	5	12	4	4	7	11	3	10	11	22	20	8	3	17	11	
366_A/Chicken/Shandong/J 9	4	12	7	9	7	11	9	8	11	0	1	7	3	0	10	9	3	8	0	8	5	7	0	10	8	10	1	8	2	8	0	11	12	26	13	11	7	25	2	18	9	26	16	14	1	14	3	10	7	14	5	4	7	10	4	11	12	21	21	9	2	18	10	
367_A/Chicken/Shandong/J 8	5	13	6	9	6	11	9	8	12	0	1	7	2	0	10	8	3	8	0	9	5	8	0	11	8	10	1	8	2	8	0	12	12	29	13	11	6	24	2	18	9	25	16	14	1	15	3	10	7	12	5	3	7	11	3	11	11	22	20	9	3	17	11	
368_A/Chicken/Shandong/J 7	5	14	9	12	7	10	6	8	10	1	0	8	3	0	10	6	4	8	0	11	2	9	0	8	10	7	1	7	2	10	0	14	8	26	10	10	5	24	5	20	12	25	15	12	2	14	7	4	6	13	9	8	5	14	2	10	15	23	17	8	2	17	11	
369_A/chicken/Shandong/K 6	4	11	7	11	6	13	8	10	9	1	0	3	3	0	10	10	4	8	1	9	4	9	0	12	10	8	1	8	2	8	1	14	9	28	10	8	8	19	7	20	11	23	14	13	2	15	7	7	7	14	5	7	3	11	1	5	19	25	16	10	3	14	16	
370_A/chicken/Shandong/S 8	4	15	7	10	6	9	8	8	12	0	1	6	3	0	10	8	3	7	1	10	6	7	0	8	8	10	1	8	2	8	0	11	13	30	11	11	7	23	3	20	9	27	16	13	1	14	3	8	6	12	5	6	5	13	2	14	10	20	22	7	4	18	10	
371_A/chicken/Shanghai/S 6	5	13	9	13	7	11	6	8	10	1	0	5	3	0	10	7	4	7	0	10	2	9	0	9	11	7	2	9	1	10	0	10	10	29	8	11	6	19	7	21	11	23	16	12	1	18	5	7	6	13	8	8	5	14	1	8	15	22	20	8	3	18	10	
372_A/chicken/Shanghai/S 6	5	14	10	14	7	10	5	8	10	1	0	5	3	0	10	7	4	8	0	8	2	8	0	10	11	6	2	9	1	11	0	13	11	28	9	9	5	22	7	22	11	25	14	12	1	16	6	6	6	12	7	9	5	14	1	6	15	22	20	8	3	18	10	
373_A/chicken/Shanxi/04. 6	5	11	7	10	6	13	7	8	12	1	0	5	0	0	10	6	3	8	0	8	4	7	0	12	9	8	1	8	3	7	1	10	11	29	7	8	6	16	8	18	10	22	18	11	1	14	4	5	8	11	4	8	2	14	1	8	13	22	17	9	4	13	15	
374_A/chicken/Shanxi/12. 8	4	11	6	9	7	12	9	10	9	1	0	6	3	0	10	12	3	9	0	7	5	8	0	7	10	10	1	8	2	8	1	11	11	29	10	7	8	19	5	20	10	23	18	14	2	12	6	9	7	14	5	6	3	11	1	6	16	25	17	13	3	14	16	
375_A/chicken/Shenzhen/4 7	4	12	7	10	7	12	8	10	9	1	0	4	3	0	10	11	3	8	1	7	5	8	0	9	10	9	1	9	2	8	1	14	10	29	10	7	7	19	6	18	10	22	18	15	3	13	6	9	8	12	5	7	3	13	1	5	16	25	16	12	3	14	16	
376_A/chicken/Shenzhen/5 7	4	12	7	10	7	12	8	11	9	1	0	4	3	0	10	12	3	8	1	7	5	8	0	8	10	9	1	9	2	8	1	13	10	28	10	6	7	20	6	19	11	22	18	15	2	13	6	9	8	13	5	7	3	12	1	5	16	25	15	12	3	14	17	
377_A/chicken/Shenzhen/7 7	4	12	7	10	7	12	8	10	9	1	0	4	3	0	10	11	3	8	1	7	5	8	0	9	10	9	1	9	2	8	1	14	10	29	10	7	7	19	6	18	10	22	18	15	3	13	6	9	8	12	5	7	3	13	1	5	16	25	16	12	3	14	16	
378_A/chicken/Shenzhen/1 7	4	12	7	10	7	12	8	10	9	1	0	4	3	0	10	12	3	8	1	7	5	8	0	9	10	9	1	9	2	8	1	13	10	30	10	7	8	18	6	18	11	23	17	15	2	13	6	9	7	13	5	8	2	12	1	6	15	25	17	12	3	13	16	
379_A/chicken/Shenzhen/1 8	4	11	6	9	7	13	9	11	9	1	0	4	3	0	10	10	3	7	1	8	4	9	0	9	9	7	1	9	3	11	0	16	8	29	9	7	8	19	6	21	10	24	15	12	4	14	6	7	9	14	5	7	3	11	2	6	15	26	18	11	3	13	14	
380_A/chicken/Shenzhen/2 7	4	12	7	10	7	12	8	11	9	1	0	4	3	0	10	12	3	8	1	7	5	8	0	8	10	9	1	9	2	9	1	13	10	29	10	6	7	19	6	19	11	22	17	15	2	13	7	9	8	13	5	7	3	12	1	5	16	25	18	12	3	13	14	
381_A/chicken/Shenzhen/2 7	4	12	7	10	7	12	8	11	9	1	0	4	3	0	10	12	3	8	1	7	5	8	0	8	10	9	1	9	2	8	1	13	10	29	10	6	7	19	6	19	11	22	18	15	2	14	6	9	8	13	5	7	3	12	1	5	16	24	15	12	3	14	17	
382_A/chicken/Shenzhen/2 7	4	12	7	10	7	12	8	11	9	1	0	4	3	0	10	12	3	8	1	7	5	8	0	8	10	9	1	9	2	8	1	13	10	29	10	6	7	19	6	19	11	22	18	15	2	14	6	9	8	13	5	7	3	12	1	5	16	24	15	12	3	14	17	
383_A/chicken/Shijiazhua 7	4	14	5	11	7	10	10	8	10	0	1	6	3	0	10	9	3	7	1	10	5	7	0	10	9	9	1	7	2	9	0	11	11	28	14	10	7	24	2	19	10	23	16	15	0	17	3	8	7	11	6	6	6	13	2	11	12	20	23	9	2	18	9	
384_A/chicken/Sichuan/k1 8	4	11	7	9	7	13	8	9	11	1	0	5	3	0	10	12	3	9	1	7	5	6	0	8	9	8	1	8	3	10	1	15	9	30	11	7	7	19	5	19	14	19	21	15	1	15	3	7	8	13	5	6	3	12	1	6	14	24	16	11	3	15	16	
385_A/chicken/Sichuan/NC 8	4	10	6	9	7	14	9	11	9	1	0	4	3	0	10	10	3	7	1	8	4	9	0	9	9	7	1	9	3	11	0	14	8	28	9	7	8	20	6	21	10	24	16	12	4	14	5	9	9	14	5	7	3	11	2	6	15	27	18	11	3	12	14	
386_A/Chicken/Suzhou/j5/ 8	4	12	6	9	8	12	9	10	11	1	0	4	3	0	10	12	3	9	1	7	3	6	0	7	9	10	1	9	3	8	1	12	10	29	12	9	7	18	6	19	12	19	19	13	2	16	5	8	7	14	5	7	5	11	1	8	12	24	19	12	3	15	12	
387_A/Chicken/Suzhou/j6/ 8	4	12	6	9	7	12	9	10	11	1	0	4	3	0	10	12	3	9	1	7	3	6	0	7	9	10	1	9	3	8	1	12	10	29	12	9	7	18	6	19	12	19	19	13	2	16	5	8	7	14	5	7	6	11	1	8	12	24	19	12	3	15	12	
388_A/chicken/Taichung/1 7	5	12	7	10	6	12	8	11	12	1	0	3	1	0	10	11	3	9	0	9	4	7	0	9	9	8	0	8	3	8	2	12	10	26	8	10	6	21	9	20	11	24	16	13	2	14	6	7	8	12	4	7	3	14	2	5	17	21	15	13	3	17	17	
389_A/chicken/Taichung/1 7	5	12	7	10	6	12	8	11	12	1	0	3	1	0	10	11	3	9	0	9	4	7	0	8	9	9	0	9	3	7	2	12	10	26	9	10	6	21	8	19	12	25	15	14	2	14	6	7	9	12	4	7	3	14	2	6	16	21	16	12	2	17	16	
390_A/chicken/Taichung/1 7	5	11	7	10	6	13	8	11	12	1	0	4	1	0	10	11	3	10	0	9	4	6	0	8	8	9	0	8	4	7	2	12	10	26	9	10	6	21	8	20	12	25	15	14	2	13	7	7	9	12	4	7	3	14	2	5	16	21	16	12	2	17	16	
391_A/chicken/Taichung/1 7	5	12	7	10	6	12	8	11	12	1	0	3	2	0	10	12	4	9	0	9	3	7	0	9	9	8	1	7	2	8	2	12	10	27	7	10	6	20	10	20	10	25	15	13	2	12	6	8	8	12	5	7	3	14	1	6	18	22	16	11	3	17	16	
392_A/chicken/Tainan/150 7	5	12	7	10	6	12	8	10	12	1	0	5	1	0	10	11	3	10	0	9	4	6	0	9	9	8	0	7	3	8	2	13	10	28	7	10	6	20	9	19	11	23	16	14	2	14	6	7	8	12	5	7	3	14	1	5	17	21	15	13	3	17	17	
393_A/chicken/Tainan/160 7	5	12	7	10	6	12	8	11	12	1	0	4	1	0	10	12	3	8	0	8	4	8	0	9	9	8	0	7	3	9	2	12	10	27	9	10	7	20	8	20	11	24	16	12	2	14	6	7	8	12	4	7	2	14	2	5	17	21	14	13	3	17	18	
394_A/chicken/Tainan/170 7	5	12	6	10	6	12	9	11	11	1	0	4	2	0	10	10	3	9	0	10	4	7	0	9	9	6	1	7	3	9	2	13	11	28	7	9	7	20	9	21	10	25	16	14	1	12	6	6	7	11	5	8	3	15	1	7	17	21	14	11	3	17	18	
395_A/chicken/Taipei_Cit 7	5	12	7	10	6	12	8	11	13	1	0	7	1	0	10	10	4	9	0	10	3	7	0	8	9	8	0	5	2	8	2	13	11	27	10	9	6	20	8	20	11	24	18	14	2	13	3	6	7	12	6	8	3	14	1	6	17	22	16	12	3	16	15	
396_A/chicken/Taipei_Cit 6	5	11	6	11	4	13	9	12	15	1	0	3	1	0	10	10	2	9	0	10	4	7	0	8	10	8	0	8	2	8	2	12	10	28	8	8	7	18	9	21	10	25	14	13	2	12	9	8	8	12	4	7	3	14	1	7	15	22	18	13	3	17	15	
397_A/chicken/Taipei_Cit 5	5	13	7	12	4	11	8	12	15	1	0	3	1	0	10	10	2	9	0	10	4	7	0	9	10	8	0	7	2	8	2	11	10	27	8	8	7	20	9	20	11	21	13	13	2	15	10	8	8	11	5	8	3	14	1	6	15	22	17	14	3	17	16	
398_A/chicken/Taipei/160 8	5	12	6	9	6	12	9	11	12	1	0	5	1	0	10	11	3	9	0	9	4	7	0	8	9	8	0	7	3	8	2	12	10	28	8	10	7	19	8	21	10	24	16	14	2	13	6	7	7	11	5	7	3	16	1	6	17	21	15	12	3	17	17	
399_A/chicken/Taipei/160 8	5	12	6	9	6	12	9	11	12	1	0	5	1	0	10	11	3	9	0	9	4	7	0	8	9	8	0	7	3	8	2	12	10	28	8	10	7	19	8	21	10	24	16	14	2	13	6	7	7	11	5	7	3	16	1	6	17	21	15	12	3	17	17	
400_A/chicken/Taipei/161 7	5	12	7	10	6	12	8	10	12	1	0	6	1	0	10	11	3	10	0	9	4	6	0	8	9	8	0	7	4	8	2	12	10	27	6	10	7	21	10	20	10	24	17	14	2	13	5	7	7	12	5	7	3	14	1	8	17	22	15	10	3	16	17	
401_A/chicken/Taipei/170 7	5	12	6	10	6	12	9	10	13	1	0	7	1	0	10	11	4	9	0	9	3	7	0	9	9	8	0	5	2	8	2	12	10	27	9	10	7	21	8	21	11	25	17	14	2	13	4	6	6	12	6	8	4	13	1	5	17	22	15	12	3	16	16	
402_A/chicken/Taipei/170 7	5	12	6	10	6	12	9	10	13	1	0	7	1	0	10	11	4	9	0	9	3	7	0	9	9	8	0	5	2	8	2	12	11	27	9	10	6	20	8	21	11	25	17	14	2	13	4	6	7	12	6	8	3	14	1	5	17	23	15	12	3	15	16	
403_A/chicken/Taipei/170 7	5	11	6	10	5	13	9	10	12	1	0	7	1	0	10	11	4	9	0	9	4	7	0	9	10	8	0	5	2	8	2	12	10	27	9	10	7	21	8	20	11	25	17	14	2	13	4	6	6	12	6	8	4	13	1	6	17	22	15	12	3	16	16	
404_A/chicken/Taishun/TS 8	3	12	7	10	8	12	8	9	9	1	0	5	3	0	10	12	4	8	1	6	4	8	0	9	10	8	2	9	2	8	1	12	11	30	11	7	7	17	5	18	12	22	18	15	2	13	5	9	8	14	5	7	3	12	1	4	16	24	16	13	3	15	16	
405_A/chicken/Taishun/TS 8	3	12	7	10	8	12	8	9	9	1	0	5	3	0	10	12	4	9	1	6	4	7	0	9	10	8	2	9	2	8	1	12	11	30	11	7	7	17	5	18	12	22	18	15	2	13	5	9	8	14	5	7	3	12	1	4	16	24	15	13	3	15	17	
406_A/chicken/Taiwan/010 12	3	14	5	8	6	11	10	6	18	1	0	4	0	0	10	8	3	10	0	6	6	5	0	8	5	5	3	12	4	12	0	11	5	28	9	10	7	17	7	16	13	25	10	15	3	16	12	4	9	13	6	8	7	12	4	10	12	27	24	15	1	9	5	
407_A/chicken/Taiwan/050 13	3	13	4	8	5	12	11	5	20	1	0	6	0	0	10	6	4	8	1	4	5	5	1	9	7	8	1	9	3	10	1	12	6	27	10	9	6	20	9	21	14	21	16	15	2	14	8	7	7	9	7	9	5	13	5	8	15	28	22	11	2	9	5	
408_A/chicken/Taiwan/683 14	4	13	4	7	5	12	11	4	17	0	0	6	1	1	10	6	4	9	1	4	5	4	1	10	6	8	1	10	4	9	2	12	6	25	11	9	7	22	8	20	15	22	14	15	2	13	9	6	6	10	8	10	7	12	3	8	15	27	20	11	1	10	8	
409_A/chicken/Taiwan/011 7	5	12	7	10	6	12	8	11	12	1	0	3	1	0	10	11	3	9	0	9	4	7	0	9	9	8	0	8	3	8	2	12	10	27	8	10	6	20	9	20	11	24	16	13	2	14	6	7	8	12	5	7	3	14	1	5	17	21	15	13	3	17	17	
410_A/chicken/Taiwan/168 12	2	14	5	8	6	11	10	6	18	1	0	4	0	0	10	9	3	11	0	6	6	4	0	8	5	5	3	10	5	12	0	13	6	29	8	9	6	18	7	16	13	24	10	16	3	14	13	3	9	14	6	7	7	11	4	12	12	27	24	13	2	10	5	
411_A/chicken/Taiwan/169 12	2	14	5	8	6	11	10	6	18	1	0	4	0	0	10	9	3	11	0	6	6	4	0	8	5	5	3	10	5	12	0	13	6	29	8	9	6	18	7	17	13	24	10	16	3	14	13	3	9	14	6	7	7	11	4	11	12	27	24	13	2	10	5	
412_A/chicken/Taiwan/170 12	2	14	5	8	6	11	10	6	18	1	0	4	0	0	10	9	3	11	0	6	6	4	0	8	5	5	3	10	5	12	0	13	6	29	8	9	6	18	7	16	13	24	10	16	3	14	13	3	9	14	6	7	7	11	4	12	12	27	24	13	2	10	5	
413_A/chicken/Taiwan/171 12	2	14	5	7	6	11	10	7	18	1	0	4	0	0	10	9	3	11	0	6	6	4	0	8	5	5	3	10	5	12	0	13	6	29	8	9	6	18	7	16	13	24	10	16	3	14	13	3	9	14	6	7	7	11	4	12	12	27	24	13	2	10	5	
414_A/chicken/Taiwan/259 13	4	13	4	8	5	12	11	5	17	0	0	5	1	1	10	6	4	9	1	4	5	4	1	9	6	8	1	10	4	10	1	12	6	26	9	9	7	21	9	21	14	22	14	15	2	13	9	6	6	10	9	10	7	12	3	9	15	28	20	11	1	9	8	
415_A/chicken/Taiwan/294 13	4	13	4	8	5	12	11	5	17	0	0	5	1	1	10	6	4	9	1	4	5	4	1	9	6	8	1	10	4	10	1	12	6	27	9	9	7	20	9	21	14	22	14	15	2	13	9	6	6	10	9	10	7	12	3	9	15	28	20	11	1	9	8	
416_A/chicken/Taiwan/444 13	3	13	4	9	5	12	11	5	17	0	0	5	1	1	10	6	4	9	1	3	5	4	1	9	6	8	1	10	4	10	1	12	7	27	10	9	7	21	9	21	14	22	13	15	2	12	10	6	6	10	7	10	7	12	4	9	15	27	20	11	1	10	8	
417_A/chicken/Taiwan/735 12	3	13	4	9	5	12	11	5	17	0	0	5	1	1	10	6	4	9	1	4	5	4	1	9	6	8	1	10	4	10	1	12	7	27	9	9	7	20	9	21	14	23	13	15	2	13	10	6	6	10	8	10	7	12	4	9	15	26	20	11	1	10	8	
418_A/chicken/Taiwan/898 13	4	12	4	8	6	13	11	5	17	0	0	5	1	1	10	6	4	9	1	4	5	4	1	9	6	8	1	10	4	10	1	12	6	26	9	9	6	21	9	21	13	24	13	15	2	13	10	6	7	10	9	10	7	12	3	9	14	27	20	11	1	9	8	
419_A/chicken/Taiwan/899 12	4	11	4	8	6	13	10	5	16	0	0	5	1	1	10	6	4	8	0	4	5	4	1	9	6	7	1	10	4	10	1	9	6	25	9	7	6	19	9	19	10	23	12	14	2	13	10	5	6	10	7	8	6	10	3	8	13	26	20	11	1	9	8	
420_A/chicken/Taiwan/899 12	4	11	4	8	6	13	10	5	16	0	0	5	1	1	10	6	4	8	0	4	5	4	1	9	6	7	1	10	4	10	1	9	6	25	9	7	6	19	9	19	10	22	13	14	2	13	9	5	6	10	7	8	6	10	3	8	13	27	20	11	1	9	8	
421_A/chicken/Taiwan/A1/ 12	3	15	4	9	4	9	11	4	20	0	0	6	0	1	10	8	4	8	0	2	6	5	2	9	6	7	3	12	4	10	1	13	7	28	10	10	6	20	6	22	15	24	16	14	0	11	7	6	5	9	6	8	7	12	5	8	14	27	19	11	2	10	12	
422_A/chicken/Taiwan/a17 7	5	12	7	10	6	12	8	11	12	1	0	3	1	0	10	11	3	9	0	9	4	7	0	9	9	8	0	8	3	8	2	12	10	27	8	10	6	20	9	20	11	24	16	13	2	14	6	7	8	12	5	7	3	14	1	5	17	21	15	13	3	17	17	
423_A/chicken/Taiwan/A19 13	4	13	4	8	5	12	11	5	18	1	0	6	0	0	10	6	4	8	1	4	5	5	1	9	7	8	1	9	3	10	1	12	6	27	9	9	6	20	9	21	14	22	16	15	2	13	8	6	7	9	8	10	5	13	5	8	16	28	22	11	2	9	5	
424_A/chicken/Taiwan/D2/ 5	5	12	6	12	4	12	9	10	15	1	0	4	0	0	10	11	2	9	0	9	5	7	0	10	12	8	0	7	1	8	2	13	10	24	7	8	6	24	10	21	10	24	14	13	3	13	8	8	9	13	4	6	3	13	1	8	14	21	15	12	2	17	18	
425_A/chicken/Taiwan/D9/ 5	5	12	6	12	4	12	9	10	15	1	0	4	0	0	10	11	2	9	0	9	5	7	0	10	12	8	0	7	1	8	2	13	10	24	7	8	6	24	10	21	10	24	14	13	3	13	8	8	9	13	4	6	3	13	1	8	14	21	15	12	2	17	18	
426_A/chicken/Taiwan/u7/ 6	5	12	7	11	4	12	8	11	14	1	0	3	1	0	10	10	2	9	0	10	5	7	0	9	11	8	0	8	2	8	2	12	10	28	8	9	6	19	9	21	10	24	15	13	2	13	7	8	8	12	4	6	3	14	1	7	15	22	16	13	3	17	17	
427_A/chicken/Taiwan/x37 8	5	11	6	9	6	13	9	10	12	1	0	5	1	0	10	11	3	9	0	9	4	7	0	9	9	8	0	7	3	8	2	12	10	29	7	10	7	19	9	21	11	24	16	14	1	13	6	6	6	14	5	8	3	12	1	8	18	20	14	10	4	17	18	
428_A/chicken/TC/a504/20 11	3	13	4	10	4	11	11	5	19	0	0	5	0	1	10	8	4	8	0	2	6	5	2	9	6	10	1	11	4	9	1	12	6	27	10	11	7	19	8	21	14	23	16	14	1	12	7	6	6	10	7	7	8	12	6	9	14	29	21	12	1	9	7	
429_A/chicken/TY/a665/20 11	3	13	4	10	4	11	11	5	19	0	0	5	0	1	10	8	4	8	0	2	6	5	2	9	6	9	1	11	4	10	1	12	6	27	10	11	7	19	8	21	14	23	16	14	1	12	7	6	6	10	7	8	7	12	6	9	14	30	21	13	1	7	7	
430_A/chicken/Wuxi/7157/ 7	3	13	7	11	7	12	8	12	9	1	0	4	3	0	10	13	3	8	1	8	5	8	0	6	9	9	1	9	2	8	1	12	10	30	10	6	7	18	5	19	12	21	18	13	2	13	6	9	7	14	5	7	4	11	1	5	17	26	19	14	3	12	14	
431_A/chicken/Wuxi/7765/ 8	5	12	6	9	6	12	9	8	10	0	1	6	2	0	10	10	4	10	1	9	7	6	0	10	6	9	1	8	3	9	1	12	8	26	11	9	7	21	6	18	13	22	16	15	1	14	6	9	7	14	5	6	2	12	1	6	16	25	18	12	4	14	14	
432_A/chicken/Wuxi/SC739 7	4	13	6	10	7	11	9	10	9	1	0	4	3	0	10	11	3	8	1	8	5	8	0	9	10	9	1	9	2	8	1	13	10	29	10	7	7	20	6	18	11	21	18	15	2	13	6	8	9	13	5	7	3	12	1	5	16	25	18	12	3	14	14	
433_A/chicken/Wuxi/WX-32 6	5	13	10	13	7	11	5	8	10	1	0	6	3	0	10	7	4	8	0	10	2	8	0	8	10	7	2	9	2	11	0	13	10	29	8	11	5	20	7	21	11	23	16	12	1	15	6	5	6	13	7	8	5	14	2	7	15	22	18	9	3	18	12	
434_A/chicken/Wuxi/WX-33 6	5	14	10	13	7	10	5	8	10	1	0	6	3	0	10	7	4	8	0	10	2	8	0	8	10	6	2	9	2	12	0	13	11	28	8	10	5	21	7	21	11	24	16	12	1	14	6	5	6	13	8	8	5	14	2	7	15	22	18	9	3	18	11	
435_A/chicken/Xinjiang/S 6	5	13	9	13	7	11	6	8	10	1	0	5	3	0	10	7	4	7	0	10	2	9	0	9	11	7	2	9	1	10	0	10	10	29	8	11	6	19	7	21	11	23	16	12	1	18	5	7	6	13	8	8	5	14	1	8	15	22	20	8	3	18	10	
436_A/chicken/Xinjiang/S 6	5	13	8	13	7	11	7	9	10	1	0	6	3	0	10	7	4	7	0	10	3	9	0	9	11	8	2	7	0	9	1	11	11	30	7	10	6	17	8	21	11	24	15	10	1	16	6	7	6	14	8	8	5	14	1	7	15	25	20	10	3	15	10	
437_A/chicken/Xinjiang/S 6	5	13	9	13	7	11	6	8	10	1	0	5	3	0	10	7	4	7	0	10	2	9	0	9	11	7	2	9	1	10	0	10	10	29	8	11	6	19	7	21	11	23	16	12	1	18	5	7	6	13	8	8	5	14	1	8	15	22	20	8	3	18	10	
438_A/Chicken/Xuzhou/470 8	4	13	7	9	8	11	8	10	10	1	0	5	3	0	10	12	3	9	1	7	3	6	0	7	9	10	1	9	3	8	1	11	9	29	12	9	7	18	6	20	13	19	18	13	2	16	5	8	8	13	5	7	4	12	1	6	14	25	20	12	3	14	12	
439_A/chicken/Xuzhou/XZ6 8	3	12	6	10	7	12	9	9	10	1	0	5	3	0	10	10	4	8	1	6	4	8	0	11	10	8	1	9	2	9	1	12	12	29	9	8	6	20	6	20	11	22	17	13	2	12	7	8	7	13	5	8	3	12	1	5	15	23	16	13	4	16	16	
440_A/Chicken/Yangzhou/f 8	4	13	8	10	8	11	8	10	12	1	0	5	3	0	10	11	3	9	0	7	3	6	0	7	9	10	1	10	3	8	1	11	10	29	12	9	7	18	6	19	12	19	18	14	2	16	5	7	8	13	5	8	4	12	1	7	13	25	20	11	3	14	12	
441_A/Chicken/Yangzhou/f 8	4	12	8	10	8	12	8	10	12	1	0	5	3	0	10	11	3	9	0	7	3	6	0	7	9	10	1	10	3	8	1	11	10	29	12	9	7	18	6	19	12	19	18	14	2	16	5	7	8	13	5	8	4	12	1	7	13	25	20	11	3	14	12	
442_A/Chicken/Yangzhou/f 8	4	12	8	10	8	12	8	10	11	1	0	5	3	0	10	11	3	9	0	7	3	6	0	7	9	10	1	9	3	8	1	11	10	29	12	9	7	18	6	19	12	19	18	14	2	16	5	7	8	13	5	8	4	12	1	8	13	25	20	10	3	14	12	
443_A/chicken/Yangzhou/Y 8	4	11	6	9	7	13	9	11	9	1	0	4	3	0	10	10	3	8	1	8	4	8	0	9	9	7	1	9	3	11	0	16	8	31	9	7	8	17	6	21	10	24	16	12	4	14	5	7	9	14	5	7	3	11	2	6	15	27	17	11	3	12	15	
444_A/chicken/YL/A3190/2 13	5	13	4	8	4	12	11	5	16	0	0	6	2	1	10	6	4	9	1	4	4	5	1	10	7	6	1	10	4	10	1	12	4	27	9	10	8	18	9	20	14	24	16	15	2	14	8	5	7	9	8	10	7	13	4	7	14	31	22	11	2	9	6	
445_A/chicken/Yuhang/1/2 6	6	12	8	13	6	12	7	10	10	1	0	4	2	0	10	7	4	7	0	11	2	9	0	7	9	6	2	9	3	12	0	12	9	28	10	10	5	24	6	22	11	23	15	13	1	18	6	5	7	11	8	9	5	14	1	7	15	23	16	8	2	16	13	
446_A/chicken/Yuhang/2/2 6	6	12	8	13	6	12	7	10	10	1	0	4	2	0	10	7	4	7	0	11	2	9	0	7	9	6	2	9	3	12	0	12	9	28	10	10	5	24	6	22	11	23	15	13	1	18	6	5	7	11	8	9	5	14	1	7	15	23	16	8	2	16	13	
447_A/chicken/Yunlin/150 7	5	12	7	10	6	12	8	11	12	1	0	3	1	0	10	11	3	9	0	9	4	7	0	9	9	8	0	8	3	8	2	12	10	27	8	10	6	21	9	20	11	24	16	13	2	14	6	7	8	11	4	7	3	14	2	5	17	21	15	13	3	17	17	
448_A/chicken/Yunlin/150 7	5	12	7	10	6	12	8	11	12	1	0	4	1	0	10	11	3	10	0	9	4	6	0	9	9	8	0	8	3	8	2	12	10	27	8	10	6	20	9	20	11	24	16	13	2	14	6	7	8	12	4	7	3	14	2	5	17	21	15	12	3	17	17	
449_A/chicken/Yunlin/150 7	5	12	7	10	6	12	8	11	12	1	0	3	1	0	10	11	3	10	0	9	4	6	0	9	9	8	0	8	3	8	2	12	10	27	8	10	6	20	9	20	11	24	16	13	2	14	6	7	8	12	4	7	3	14	2	5	17	21	15	13	3	17	17	
450_A/chicken/Yunlin/150 7	5	12	7	10	6	12	8	11	12	1	0	3	1	0	10	11	3	9	0	9	4	7	0	10	9	8	0	7	3	8	2	12	9	28	7	10	7	20	9	21	10	24	16	13	2	14	6	7	8	13	5	7	3	13	1	4	18	20	16	13	3	17	17	
451_A/chicken/Yunlin/150 7	5	13	7	10	6	11	8	11	12	1	0	3	1	0	10	11	3	10	0	9	4	6	0	9	9	8	0	8	3	8	2	12	10	28	8	10	6	19	9	20	11	24	16	13	2	14	6	7	8	12	4	7	3	14	2	5	18	21	15	13	2	17	17	
452_A/chicken/Yunlin/150 7	5	12	7	10	6	12	8	11	12	1	0	3	1	0	10	11	3	10	0	9	4	6	0	9	9	8	0	8	3	8	2	12	10	27	8	10	6	20	9	20	11	24	16	13	2	14	6	7	8	12	4	7	3	14	2	5	17	21	15	13	3	17	17	
453_A/chicken/Yunlin/150 7	5	12	7	10	6	12	8	11	12	1	0	3	1	0	10	11	3	10	0	9	4	6	0	9	9	8	0	8	3	8	2	12	10	27	8	10	6	20	10	20	11	24	15	13	2	14	6	7	8	12	4	7	3	14	2	5	16	22	15	13	3	17	17	
454_A/chicken/Yunlin/150 7	5	11	7	10	5	13	8	11	12	1	0	3	1	0	10	11	3	9	0	9	5	7	0	8	9	8	0	9	3	8	2	12	9	26	8	10	6	21	9	20	12	24	16	13	2	14	6	7	9	12	4	7	3	14	2	5	17	21	15	13	2	17	17	
455_A/chicken/Yunlin/160 7	5	12	7	10	5	12	8	11	13	1	0	3	1	0	10	11	2	9	0	9	5	7	0	10	10	8	0	7	3	8	2	12	11	27	8	9	6	20	9	21	10	24	15	13	2	13	7	7	7	12	4	7	3	14	1	5	17	23	17	13	3	16	16	
456_A/chicken/Yunlin/160 7	5	12	7	10	6	12	8	11	12	1	0	4	1	0	10	11	3	8	0	9	4	8	0	9	9	8	0	7	3	9	2	12	10	27	9	10	6	20	8	20	11	24	16	12	2	14	6	7	8	12	4	7	3	14	2	5	17	21	15	13	3	17	17	
457_A/chicken/Yunlin/160 7	5	12	7	10	6	12	8	11	11	1	0	3	2	0	10	12	4	9	1	9	3	7	0	9	8	8	1	7	3	8	2	12	10	27	7	10	6	19	9	19	12	23	15	14	2	15	6	7	9	12	6	7	2	15	1	5	17	20	16	13	3	18	15	
458_A/chicken/Yunlin/160 7	5	12	7	10	6	12	8	11	12	1	0	3	1	0	10	11	3	9	0	9	4	7	0	8	9	9	0	9	3	7	2	12	10	26	9	10	6	21	8	19	12	25	15	14	2	14	6	7	9	12	4	7	3	14	2	6	16	22	16	12	2	16	16	
459_A/chicken/Yunlin/170 7	5	11	6	10	6	13	9	11	12	1	0	3	2	0	10	13	3	9	0	8	4	7	0	8	9	8	1	8	2	8	2	13	10	28	7	10	6	20	10	20	10	23	16	13	2	13	6	7	8	11	5	7	3	14	1	7	19	20	16	10	2	19	16	
460_A/chicken/Yunlin/170 5	5	12	7	12	4	12	8	11	14	1	0	3	1	0	10	10	2	9	0	10	5	7	0	9	11	8	0	8	2	8	2	12	10	27	8	9	6	20	9	21	10	25	15	13	2	12	7	8	8	12	4	6	3	14	1	7	15	22	17	13	3	17	16	
461_A/chicken/Yunlin/170 5	5	12	7	12	4	12	8	11	13	1	0	3	2	0	10	10	2	9	0	10	5	7	0	9	11	8	0	8	2	8	2	12	10	27	8	9	6	20	9	21	10	24	15	13	2	13	7	8	8	12	4	7	3	13	1	7	15	22	15	13	3	17	18	
462_A/chicken/Yunlin/170 6	5	12	7	11	4	12	8	10	13	1	0	4	1	0	10	12	2	8	0	9	6	8	0	8	10	7	0	8	3	8	2	12	10	29	8	8	7	18	9	20	11	25	15	14	2	14	6	7	9	11	4	7	3	15	1	6	16	22	18	13	2	16	15	
463_A/chicken/Yunlin/170 5	5	12	7	12	4	12	8	11	14	1	0	3	1	0	10	10	2	9	0	10	5	7	0	9	11	8	0	8	2	8	2	12	10	27	8	9	6	20	9	21	10	24	15	13	2	13	7	8	8	12	4	6	3	14	1	7	15	22	15	14	2	17	18	
464_A/chicken/Yunlin/170 6	5	12	6	11	4	12	9	11	14	1	0	3	1	0	10	10	2	9	0	10	5	7	0	9	11	8	0	8	2	8	2	12	10	27	8	8	6	20	9	22	10	24	15	13	2	13	7	7	8	13	4	7	3	13	1	7	15	22	16	13	3	17	17	
465_A/chicken/Yunlin/170 5	5	12	7	12	4	12	8	11	15	1	0	3	1	0	10	10	2	9	0	10	5	7	0	9	11	8	0	8	2	8	2	11	10	27	8	10	6	20	9	21	10	25	14	13	2	13	7	8	8	12	4	6	3	14	1	7	14	22	16	13	3	17	17	
466_A/chicken/Yunlin/170 5	5	12	7	12	4	12	8	11	14	1	0	3	1	0	10	10	2	9	0	10	5	7	0	9	11	8	0	8	2	8	2	12	10	28	8	9	6	19	9	21	10	23	15	13	2	14	7	8	8	12	4	6	3	14	1	7	15	22	15	14	2	17	18	
467_A/chicken/Yunlin/170 5	5	12	7	12	4	12	8	11	13	1	0	3	2	0	10	10	2	9	0	10	5	7	0	9	11	8	0	8	2	8	2	12	10	27	8	8	6	20	9	21	10	24	15	13	2	13	7	8	8	12	4	7	3	14	1	7	16	22	15	13	2	17	18	
468_A/chicken/Yunlin/170 5	5	12	7	12	4	12	8	11	14	1	0	3	1	0	10	10	2	9	0	10	5	7	0	9	11	8	0	8	2	8	2	12	10	27	8	9	6	20	9	21	10	23	15	13	2	14	7	8	8	12	4	6	3	14	1	7	15	22	15	14	2	17	18	
469_A/chicken/Yunlin/170 6	5	12	7	11	5	12	8	11	13	1	0	3	1	0	10	12	2	10	0	9	6	6	0	8	10	7	0	8	2	10	1	12	11	28	8	9	5	19	9	21	10	23	16	13	2	14	6	7	8	12	4	7	4	14	1	6	16	22	17	13	2	17	16	
470_A/chicken/Yunlin/170 6	5	12	7	11	4	12	8	11	14	1	0	2	1	0	10	10	2	9	0	10	5	7	0	9	11	8	0	9	2	8	2	12	10	28	7	9	6	21	9	21	9	24	15	13	3	13	7	8	9	12	4	6	2	13	1	6	16	22	16	13	3	17	17	
471_A/chicken/Yunlin/170 7	5	12	6	11	4	12	9	11	14	1	0	3	1	0	10	9	2	9	0	10	5	7	0	9	11	8	0	8	2	8	2	12	10	27	8	8	6	20	9	22	10	24	15	13	2	13	7	8	8	13	5	6	3	13	1	7	15	23	16	13	3	16	16	
472_A/chicken/Yunlin/170 5	5	12	7	12	3	12	8	12	14	1	0	3	1	0	10	10	2	9	0	10	6	7	0	8	11	7	0	8	2	9	2	13	10	26	8	8	6	21	9	21	10	24	15	13	2	13	7	8	8	12	4	6	3	14	1	7	15	22	15	14	2	17	18	
473_A/chicken/Yunlin/170 5	5	12	7	12	4	12	8	12	14	1	0	3	1	0	10	10	2	9	0	10	5	7	0	8	11	8	0	8	2	8	2	12	10	27	8	9	6	20	9	21	10	24	15	13	2	13	7	8	8	12	4	6	3	14	1	7	15	22	15	14	2	17	18	
474_A/chicken/Yunlin/170 5	5	12	6	12	4	12	9	12	15	1	0	3	1	0	10	10	2	9	0	10	4	7	0	7	10	8	0	8	2	8	2	12	11	26	8	8	7	20	9	22	10	23	14	13	2	14	8	8	8	12	4	7	3	14	1	6	14	23	16	14	4	16	17	
475_A/chicken/Yunlin/170 5	5	12	7	12	4	12	8	12	15	1	0	3	1	0	10	10	2	9	0	10	5	7	0	9	9	8	1	8	2	8	1	11	10	28	8	9	7	19	9	20	10	24	13	13	2	13	9	8	8	12	4	7	3	14	1	7	15	22	16	13	3	17	17	
476_A/chicken/Yunlin/180 5	5	12	7	12	4	12	8	12	15	1	0	3	1	0	10	10	2	9	0	10	4	7	0	8	10	9	0	8	2	7	2	12	10	27	8	8	7	20	9	21	10	24	13	13	2	13	9	7	8	12	4	8	3	14	1	7	15	22	17	13	3	17	16	
477_A/chicken/Yunlin/180 5	5	12	7	12	4	12	8	12	15	1	0	3	1	0	10	10	2	9	0	10	4	7	0	8	10	8	0	8	2	8	2	12	10	28	8	8	7	19	9	21	10	24	13	13	2	13	9	8	8	12	5	7	3	14	1	7	15	22	17	13	3	17	15	
478_A/chicken/Yunlin/180 5	4	12	7	12	5	12	8	11	15	1	0	4	1	0	10	9	2	8	0	10	4	8	0	9	10	8	0	8	2	8	3	12	10	26	8	8	7	21	9	21	10	23	13	14	2	14	8	8	8	13	4	8	3	13	1	7	15	22	16	11	3	17	17	
479_A/chicken/Yunlin/180 5	5	12	7	12	4	12	8	11	15	1	0	5	1	0	10	9	2	10	0	10	4	6	0	9	9	8	0	7	3	8	3	13	10	26	8	8	7	21	9	21	9	24	13	14	2	13	8	7	8	12	4	8	3	14	1	7	16	22	16	11	3	17	17	
480_A/chicken/Yunlin/180 5	5	12	7	12	4	12	8	11	15	1	0	5	1	0	10	9	2	10	0	10	4	6	0	9	9	8	0	7	3	8	3	13	10	26	8	8	7	21	9	21	9	23	14	14	2	13	8	7	8	12	4	8	3	14	1	7	16	22	16	11	3	17	17	
481_A/chicken/Yunlin/180 5	5	12	7	12	4	12	8	11	15	1	0	5	1	0	10	9	2	10	0	10	4	6	0	9	9	8	0	7	3	8	3	12	10	26	8	8	7	21	9	21	9	24	13	14	2	13	8	8	8	12	4	8	3	14	1	7	16	22	16	10	4	17	17	
482_A/chicken/Yunlin/180 5	5	12	7	12	4	12	8	11	15	1	0	4	1	0	10	9	2	8	0	10	4	8	0	9	10	8	0	8	2	8	3	14	10	26	9	8	7	21	8	20	10	23	13	14	2	14	8	7	8	13	4	8	3	13	1	7	15	22	16	11	3	17	17	
483_A/chicken/Yunlin/180 5	5	12	8	12	4	12	7	11	15	1	0	5	1	0	10	9	2	10	0	10	4	6	0	9	9	8	0	7	3	8	3	13	11	26	8	8	7	21	9	21	10	25	13	14	2	12	8	7	7	12	4	8	3	14	1	7	15	22	16	11	3	17	17	
484_A/chicken/Yunlin/180 5	5	12	8	12	3	12	7	11	15	1	0	5	1	0	10	9	3	10	0	10	5	6	0	9	8	8	0	7	3	8	3	13	11	26	9	8	7	21	8	21	10	25	13	14	2	12	8	7	7	11	4	8	3	15	1	7	15	22	16	11	3	17	17	
485_A/chicken/Yunlin/180 5	5	12	8	12	3	12	7	11	15	1	0	5	1	0	10	9	3	10	0	10	5	6	0	9	8	8	0	7	3	8	3	13	11	26	9	8	7	21	8	21	10	25	13	14	2	12	8	7	7	10	4	8	3	15	1	7	15	22	16	11	3	18	17	
486_A/chicken/Yunlin/180 5	5	12	7	12	4	12	8	12	15	1	0	2	1	0	10	11	2	9	0	9	4	7	0	8	10	8	0	9	2	8	2	12	10	27	8	8	8	21	8	21	10	24	14	14	2	13	8	8	9	12	4	7	1	14	1	8	15	23	16	11	3	16	17	
487_A/chicken/Yunnan/1/2 8	4	11	7	10	9	13	8	12	9	1	0	4	3	0	9	11	4	9	1	7	5	7	0	7	9	10	1	9	2	7	1	12	9	29	10	8	6	19	6	18	12	21	17	15	2	15	6	10	9	14	5	7	2	12	1	4	15	24	15	12	2	15	18	
488_A/chicken/Yunnan/02. 7	4	14	8	10	7	11	7	11	9	1	0	4	4	0	10	11	3	8	1	8	5	8	0	7	10	9	1	9	2	8	1	12	11	28	11	6	8	19	5	19	10	22	19	16	2	13	5	9	7	13	5	7	3	12	0	5	16	23	16	10	4	16	17	
489_A/chicken/Yunnan/03. 7	4	12	7	10	7	12	8	11	9	1	0	4	3	0	10	12	3	8	1	7	5	8	0	9	10	9	1	8	2	8	1	13	10	28	10	6	6	19	6	19	10	22	18	15	2	13	6	9	8	14	4	7	4	12	1	5	17	25	16	12	3	14	17	
490_A/chicken/Yunnan/03. 7	4	14	8	10	7	11	7	11	9	1	0	4	4	0	10	11	3	8	1	8	5	8	0	7	10	9	1	9	2	8	1	12	11	28	11	6	8	19	5	19	10	22	19	16	2	13	5	9	7	14	5	7	3	11	0	5	16	23	15	10	4	16	18	
491_A/chicken/Yunnan/03. 6	4	12	7	11	8	12	8	12	10	1	0	4	2	0	10	12	3	8	1	7	5	8	0	7	11	9	1	9	1	8	1	13	11	29	11	6	7	19	5	19	10	22	18	15	3	13	6	9	7	13	5	7	2	12	1	5	16	24	17	12	3	15	15	
492_A/chicken/Yunnan/03. 7	4	14	8	10	7	11	7	11	10	1	0	4	4	0	10	11	3	8	1	8	5	8	0	7	10	9	1	10	2	7	1	12	10	28	11	6	8	19	5	19	10	22	19	16	2	13	5	9	8	13	5	7	3	12	0	5	16	23	17	10	4	16	16	
493_A/chicken/Yunnan/03. 6	4	12	7	11	8	12	8	12	10	1	0	4	2	0	10	12	3	8	1	7	5	8	0	7	11	9	1	9	1	8	1	13	11	29	11	6	7	19	5	19	10	22	18	15	3	13	6	9	7	13	5	7	2	12	1	5	16	24	17	12	3	15	15	
494_A/chicken/Yunnan/07. 6	4	12	8	11	7	12	7	12	9	1	0	4	3	0	10	12	3	8	1	7	5	8	0	7	11	9	1	9	1	8	1	13	9	29	10	6	7	19	6	19	12	22	18	15	2	13	6	9	7	13	5	7	5	12	0	5	15	24	15	12	3	15	18	
495_A/Chicken/Yunnan/YN- 7	4	12	9	11	7	12	6	12	9	1	0	4	3	0	10	11	3	9	1	7	5	7	0	7	11	10	1	10	1	6	1	15	10	30	9	6	7	18	6	19	12	25	16	15	2	12	6	6	8	14	5	8	4	12	1	7	15	23	16	10	3	15	16	
496_A/Chicken/Yunnan/YN- 7	4	11	8	11	7	13	7	12	9	1	0	4	3	0	10	11	3	8	1	7	5	8	0	7	11	9	2	9	1	8	1	13	9	30	10	6	7	18	6	19	12	24	16	15	2	12	6	8	8	13	5	8	4	12	1	6	15	22	17	11	3	16	15	
497_A/Chicken/Yunnan/YN- 7	4	12	8	11	7	12	7	11	9	1	0	5	3	0	10	11	3	8	1	7	5	8	0	7	11	9	1	9	1	8	1	12	9	30	10	7	7	18	6	19	12	22	18	15	2	13	6	8	8	13	5	8	4	13	1	5	15	23	16	12	3	15	16	
498_A/chicken/Zhejiang/1 7	2	13	7	10	9	11	8	11	9	1	0	5	3	0	10	12	3	8	1	7	5	8	0	7	10	9	1	9	2	8	1	13	10	30	10	6	7	18	6	19	12	21	17	13	2	13	7	10	7	14	5	7	4	11	1	6	16	25	17	12	3	14	15	
499_A/chicken/Zhejiang/2 6	5	11	7	11	6	13	8	10	13	1	0	5	0	0	10	10	3	9	1	8	4	7	0	11	9	8	1	7	3	9	1	11	10	27	7	10	7	20	9	19	11	23	17	13	2	15	4	9	7	12	5	7	3	14	1	7	14	23	16	12	5	15	16	
500_A/chicken/Zhejiang/2 7	2	13	7	10	9	11	8	11	9	1	0	5	3	0	10	12	3	8	1	7	5	8	0	7	10	9	1	9	2	8	1	13	10	30	10	6	7	18	6	19	12	21	17	13	2	13	7	10	7	14	5	7	4	11	1	6	16	25	17	12	3	14	15	
501_A/chicken/Zhejiang/2 6	5	11	7	11	7	13	8	12	14	1	0	5	0	0	10	10	3	8	1	8	4	8	0	9	8	8	1	7	3	9	1	11	10	27	7	10	6	20	8	19	11	24	18	12	2	14	5	8	8	12	5	7	3	14	1	6	15	23	16	13	4	15	16	
502_A/chicken/Zhejiang/7 6	5	11	7	11	6	13	8	10	13	1	0	4	0	0	10	10	3	8	1	8	4	8	0	11	8	8	1	8	3	9	1	12	10	27	7	10	6	20	9	18	13	23	18	12	1	14	5	9	7	12	5	7	4	14	1	6	15	23	16	13	4	15	16	
503_A/chicken/Zhejiang/8 6	5	11	7	10	6	13	8	10	13	1	0	4	0	0	10	10	3	8	1	9	4	8	0	11	8	8	1	8	3	9	1	11	10	27	7	10	6	20	9	19	13	24	17	12	1	13	5	9	7	12	5	7	4	14	1	6	15	23	16	13	4	16	16	
504_A/chicken/Zhejiang/5 6	3	11	7	11	7	13	8	10	9	1	0	4	4	0	10	12	3	8	1	7	5	8	0	9	10	9	1	9	2	8	1	13	10	29	10	6	7	20	5	19	11	23	18	15	2	12	5	9	7	15	5	7	4	10	1	5	16	24	16	12	3	15	17	
505_A/chicken/Zhejiang/7 7	4	13	7	10	7	11	8	11	9	1	0	4	3	0	10	12	3	9	1	7	5	7	0	8	10	10	1	9	2	7	1	13	11	29	10	6	6	19	6	19	11	22	18	15	2	14	5	9	8	13	5	7	3	12	1	5	16	25	16	12	3	14	16	
506_A/chicken/Zhejiang/7 7	4	13	7	10	7	11	8	11	9	1	0	4	3	0	10	12	3	9	1	7	5	7	0	8	10	10	1	9	2	7	1	13	10	29	10	6	7	19	6	19	11	22	19	15	2	14	4	9	8	13	5	7	3	12	1	5	16	25	16	12	3	14	16	
507_A/chicken/Zhejiang/7 7	4	13	7	10	7	11	8	11	9	1	0	4	3	0	10	12	3	9	1	7	6	6	0	8	10	10	1	9	2	7	1	13	10	29	10	6	7	19	6	19	11	22	18	15	2	14	5	9	8	13	5	7	3	12	1	5	16	25	16	12	3	14	16	
508_A/chicken/Zhejiang/7 7	4	13	7	10	7	11	8	11	9	1	0	4	3	0	10	12	3	9	1	7	5	7	0	8	10	10	1	9	2	7	1	13	10	29	10	6	7	19	6	19	11	22	18	15	2	14	5	9	8	13	5	7	3	12	1	5	16	25	16	12	3	14	16	
509_A/chicken/Zhejiang/7 7	4	13	7	10	7	11	8	11	9	1	0	4	3	0	10	12	3	9	1	7	5	7	0	8	10	10	1	9	2	7	1	13	10	29	10	6	7	19	6	19	11	22	18	15	2	14	5	9	8	13	5	6	3	12	1	5	16	25	16	13	3	14	16	
510_A/chickenl/Jiangxi/E 8	3	12	7	9	8	12	8	10	9	1	0	4	3	0	10	12	4	9	1	7	4	7	0	9	10	9	1	9	2	8	1	13	10	29	10	7	7	19	6	18	11	22	17	15	2	13	7	9	8	13	5	7	4	12	1	5	15	25	17	12	3	14	15	
511_A/Chlidonias_hybrida 5	2	10	7	12	7	14	8	8	12	1	0	5	2	0	10	9	4	10	1	10	3	6	0	9	11	7	0	10	2	10	1	15	7	26	10	7	9	21	7	20	9	21	15	14	2	16	7	9	9	14	4	7	1	12	3	5	15	26	16	10	6	13	16	
512_A/Commom_Teal/Ningxi 8	4	13	7	9	7	11	8	11	8	1	0	5	4	0	10	12	3	8	1	7	5	8	0	9	10	9	1	7	2	8	1	12	11	28	9	6	6	19	7	19	12	21	17	15	2	14	7	10	8	14	5	7	3	11	1	5	16	24	17	13	2	15	15	
513_A/common_coot/Shando 6	2	10	7	11	8	14	8	8	11	1	0	5	2	0	10	9	4	9	1	10	3	7	0	9	11	7	0	10	2	10	1	15	6	27	10	7	10	20	7	20	9	21	15	14	2	16	7	9	8	14	4	7	1	12	3	5	15	26	16	10	7	13	16	
514_A/common_crane/Yunna 5	2	10	7	12	8	14	8	8	11	1	0	5	2	0	10	9	4	10	1	10	3	6	0	9	11	7	0	10	2	10	1	15	6	26	10	7	10	21	7	19	10	20	15	14	2	17	7	9	9	14	4	7	1	12	3	5	15	26	16	10	6	13	16	
515_A/common_pochard/Nin 4	4	11	8	13	6	14	7	9	10	1	0	7	3	0	10	10	3	9	0	9	4	7	0	7	11	8	0	10	1	9	2	13	7	28	10	8	9	22	6	19	9	21	14	13	4	16	8	9	8	12	6	8	1	11	1	6	16	28	14	11	3	13	17	
516_A/common_teal/Ningxi 5	2	10	7	12	7	14	8	8	12	1	0	5	2	0	10	9	4	9	1	10	3	7	0	9	11	7	0	10	2	10	1	15	7	26	10	7	9	21	7	21	9	21	15	14	2	16	7	9	9	14	4	7	1	12	3	3	15	26	16	11	6	13	16	
517_A/common_teal/Ningxi 4	4	11	8	13	6	14	7	9	10	1	0	7	3	0	10	9	4	9	0	9	4	7	0	7	11	8	0	10	1	9	2	13	7	28	10	8	9	22	6	19	9	21	14	13	4	16	8	9	8	12	6	8	1	11	1	6	16	28	14	11	3	13	17	
518_A/common_teal/Ningxi 4	4	11	8	13	6	14	7	9	10	1	0	7	3	0	10	9	4	9	0	9	4	7	0	7	11	8	0	10	1	9	2	13	7	28	10	8	9	22	6	19	9	21	14	13	4	16	8	9	8	12	6	8	1	11	1	6	16	28	14	11	3	13	17	
519_A/common_teal/Ningxi 4	4	11	8	13	6	14	7	9	10	1	0	7	3	0	10	9	4	9	0	9	4	7	0	7	11	8	0	10	1	9	2	13	7	28	10	8	9	22	6	19	9	21	14	13	4	16	8	9	8	12	6	8	1	11	1	6	16	28	14	11	3	13	17	
520_A/common_teal/Ningxi 4	4	11	8	13	6	14	7	9	10	1	0	7	3	0	10	9	4	9	0	9	4	7	0	7	11	8	0	10	1	9	2	13	7	28	10	8	9	22	6	19	9	21	14	13	4	16	8	9	8	12	6	8	1	11	1	6	16	28	14	11	3	13	17	
521_A/common_teal/Ningxi 4	4	11	8	13	6	14	7	9	10	1	0	7	3	0	10	9	4	9	0	9	4	7	0	7	11	8	0	10	1	9	2	13	7	28	10	8	9	22	6	19	9	21	14	13	4	16	8	9	8	12	6	8	1	11	1	6	16	28	14	11	3	13	17	
522_A/common_teal/Shaanx 5	2	10	7	12	7	14	8	8	12	1	0	5	2	0	10	9	4	9	1	10	3	7	0	9	11	7	0	10	2	10	1	15	7	26	10	7	9	21	7	21	9	21	15	14	2	16	7	9	9	14	4	7	1	12	3	3	15	26	16	11	6	13	16	
523_A/condor/Guangdong/1 8	5	12	8	11	8	12	7	9	9	1	0	6	3	0	10	9	4	7	0	8	2	7	0	10	10	9	1	6	3	11	0	14	9	23	12	8	6	24	6	17	10	20	18	14	1	17	6	7	8	13	7	8	4	13	0	9	15	26	17	8	4	14	15	
524_A/Copsychus_saularis 8	4	11	7	9	8	13	8	10	9	1	0	4	3	0	10	11	4	8	1	8	5	8	0	9	9	9	1	9	2	8	1	13	9	29	10	9	7	18	6	18	12	22	17	15	2	14	6	8	8	14	5	7	2	11	2	6	15	24	16	11	3	15	16	
525_A/Curlew/Hong_Kong/A 6	2	9	6	11	7	15	9	7	11	1	0	6	2	0	10	10	4	11	1	10	4	5	0	10	10	6	0	8	3	11	1	15	8	27	10	6	9	20	6	20	10	21	15	14	2	16	8	9	8	15	5	6	1	12	2	6	15	25	15	10	6	13	17	
526_A/Cygnus_atratus/Hub 6	4	11	8	11	6	13	7	9	10	1	0	5	3	0	10	9	3	10	1	10	5	6	0	7	10	8	0	11	2	9	1	14	6	26	10	8	9	22	7	19	11	22	15	13	3	16	6	10	9	11	6	7	1	14	1	5	15	26	15	12	3	14	16	
527_A/Cygnus_atratus/Hub 6	4	11	7	11	6	13	8	9	10	1	0	5	3	0	10	9	3	10	1	10	5	6	0	7	10	8	0	11	2	9	1	14	6	26	10	8	9	21	7	19	11	23	15	13	3	16	6	10	9	11	6	7	1	14	1	5	15	26	15	12	3	14	16	
528_A/Cygnus_columbianus 5	2	10	7	12	6	14	8	8	13	1	0	5	2	0	10	9	4	10	1	10	3	6	0	9	11	7	0	10	2	10	1	15	7	26	10	7	9	21	7	20	9	21	15	14	2	16	7	9	9	14	4	7	1	12	3	5	15	26	16	10	6	13	16	
529_A/Cygnus_columbianus 6	2	10	7	11	8	14	8	8	11	1	0	5	2	0	10	9	4	10	1	10	3	6	0	9	11	7	0	10	2	10	1	15	7	26	10	7	8	21	7	19	11	21	15	14	2	16	7	10	9	14	4	6	1	12	3	5	15	26	16	10	6	13	16	
530_A/Cygnus_columbianus 5	2	10	7	12	7	14	8	8	12	1	0	5	2	0	10	9	4	10	1	10	3	6	0	9	11	7	0	10	2	10	1	15	7	26	10	7	9	21	7	20	9	21	15	14	2	16	7	9	9	15	4	7	1	11	3	5	15	25	16	10	6	14	16	
531_A/Cygnus_columbianus 6	2	10	7	12	7	14	8	8	12	1	0	5	2	0	10	8	4	10	1	10	3	6	0	9	11	7	0	10	2	10	1	15	7	26	10	7	9	21	7	20	9	21	15	14	2	16	7	9	9	14	4	7	1	12	3	5	15	26	16	10	6	13	16	
532_A/Cygnus_columbianus 5	2	10	7	12	7	14	8	8	12	1	0	5	2	0	10	9	4	10	1	10	3	6	0	9	11	7	0	10	2	10	1	15	7	26	10	7	9	21	7	20	9	21	15	14	2	16	7	9	9	14	4	7	1	12	3	5	15	26	16	10	6	13	16	
533_A/Cygnus_columbianus 5	2	10	7	12	7	14	8	8	12	1	0	5	2	0	10	9	4	10	1	10	3	6	0	9	11	7	0	10	2	10	1	15	8	26	10	7	9	21	7	20	8	21	15	14	2	16	7	9	9	14	4	7	1	12	3	5	15	26	16	10	6	13	16	
534_A/Cygnus_columbianus 5	2	10	7	12	7	14	8	8	12	1	0	5	2	0	10	9	4	10	1	10	3	6	0	9	11	7	0	10	2	10	1	15	8	25	10	7	8	22	7	20	9	22	15	14	2	16	7	9	9	14	4	7	1	12	3	5	15	26	16	10	6	12	16	
535_A/Cygnus_columbianus 6	2	9	7	11	8	15	8	9	11	0	0	4	2	1	10	9	4	11	1	10	3	5	0	8	12	6	0	10	1	11	2	15	7	30	10	7	9	16	7	19	10	21	16	14	2	16	5	9	9	14	4	7	1	13	3	5	16	25	16	10	5	14	16	
536_A/Cygnus_columbianus 6	2	10	7	11	8	14	8	8	11	0	0	5	2	1	10	9	4	10	1	10	3	6	0	8	11	6	0	10	2	11	2	14	7	32	10	8	9	15	7	18	10	20	16	14	2	16	5	8	9	13	4	8	1	14	3	6	16	26	16	10	5	13	16	
537_A/Cygnus_columbianus 6	2	9	7	11	8	15	8	9	11	0	0	4	2	1	10	9	4	11	1	10	3	5	0	8	12	6	0	10	1	11	2	15	7	30	10	7	9	16	7	19	10	21	16	14	2	16	5	9	9	14	4	7	1	13	3	5	16	25	16	10	5	14	16	
538_A/Cygnus_columbianus 6	2	9	7	11	8	15	8	9	11	0	0	5	2	1	10	9	4	11	1	10	3	5	0	8	12	6	0	9	1	11	2	15	7	30	10	6	10	16	7	19	10	21	16	14	2	16	5	9	9	14	4	7	1	13	3	5	16	25	16	10	5	14	16	
539_A/domestic_green-win 7	6	12	8	11	6	12	7	7	11	1	0	5	3	0	10	9	3	8	0	8	4	6	0	10	9	6	1	9	3	13	0	14	9	23	12	8	6	25	5	19	11	23	16	14	2	16	4	9	7	13	6	7	5	14	1	7	14	25	18	8	4	14	14	
540_A/duck/Anhui/AH328/2 7	2	13	7	10	9	11	8	11	9	1	0	5	3	0	10	12	3	8	1	7	5	8	0	7	10	9	1	9	2	8	1	13	11	30	10	6	7	18	6	19	11	21	17	13	2	13	7	10	7	14	5	7	4	11	1	6	16	25	17	12	3	14	15	
541_A/duck/Anhui/S4/2016 7	2	13	7	10	9	11	8	11	9	1	0	5	3	0	10	12	3	9	1	7	5	7	0	7	10	9	1	9	2	8	1	13	10	30	10	6	7	18	6	19	12	23	15	13	2	12	8	10	7	14	5	7	4	11	1	6	16	25	17	12	3	14	15	
542_A/duck/Changhua/15A0 7	5	12	7	10	6	12	8	11	12	1	0	3	1	0	10	11	3	9	0	9	4	7	0	9	9	8	0	8	3	8	2	12	10	26	8	10	6	21	9	20	11	24	16	13	2	14	6	7	8	12	4	7	3	14	2	5	17	22	15	13	3	16	17	
543_A/duck/Changhua/15A0 7	5	11	7	10	6	13	8	11	12	1	0	3	1	0	10	11	3	10	0	9	4	6	0	9	9	8	0	8	3	8	2	12	10	27	8	10	6	20	9	20	11	24	16	13	2	14	6	7	8	12	4	7	3	14	2	4	17	21	15	14	3	17	17	
544_A/duck/Chiayi/150800 7	5	12	7	10	6	12	8	11	12	1	0	3	1	0	10	12	4	9	0	9	3	7	0	8	9	8	1	8	3	8	2	12	10	29	8	10	6	19	9	20	11	23	15	13	2	15	6	7	8	11	5	7	3	14	1	5	17	22	16	13	3	16	16	
545_A/duck/China/0936/20 8	4	11	7	9	7	13	8	9	11	1	0	5	3	0	10	12	3	9	1	7	5	6	0	8	9	10	1	9	3	7	1	13	10	31	10	7	7	19	5	19	13	19	20	15	1	15	4	9	9	12	5	6	2	13	1	6	14	24	15	11	3	14	18	
546_A/duck/China/0938/20 6	5	14	10	14	7	10	5	8	10	1	0	5	3	0	10	7	4	8	0	8	2	8	0	10	11	6	2	9	1	11	0	12	11	29	9	11	5	21	7	21	11	25	15	12	1	16	5	6	6	12	7	8	5	14	2	5	15	21	20	9	3	19	10	
547_A/duck/China/DK87/20 7	4	12	5	10	7	12	10	11	10	1	0	5	3	0	10	12	3	8	0	7	5	8	0	6	10	10	1	9	2	8	1	12	10	29	11	6	8	19	5	20	11	24	17	14	2	12	5	9	7	14	5	7	3	11	1	5	15	24	15	13	3	15	18	
548_A/duck/China/E26/201 6	5	14	9	13	7	11	6	8	10	1	0	9	4	0	10	7	4	8	0	10	3	9	0	8	9	7	1	6	1	10	1	15	8	25	10	8	5	25	5	21	11	25	16	12	2	13	6	4	5	13	8	8	6	13	2	9	15	23	17	10	2	17	12	
549_A/duck/China/E53/201 6	5	13	10	12	6	12	5	6	11	1	0	8	2	0	10	8	4	6	0	9	2	10	0	9	9	7	0	7	4	12	0	14	9	26	11	10	5	24	4	20	12	23	17	13	1	15	6	5	6	12	7	7	6	14	2	10	15	22	18	8	2	18	12	
550_A/Duck/China/H5N6/20 8	4	12	7	10	8	11	8	9	11	1	0	4	3	0	10	12	3	10	1	6	3	5	0	11	8	10	1	8	3	8	1	11	11	28	12	9	6	19	6	20	12	19	16	13	2	16	7	8	7	14	5	7	5	11	1	6	13	23	19	12	4	16	13	
551_A/duck/China/YD1516/ 6	5	11	7	11	6	13	8	11	13	1	0	5	0	0	10	10	3	8	1	8	4	8	0	11	9	8	0	6	3	9	1	11	10	27	7	11	6	20	9	18	10	24	18	12	3	14	5	9	7	12	5	7	4	14	2	6	15	23	15	13	4	15	16	
552_A/duck/Chongqing/S43 11	6	11	6	8	6	13	9	3	12	1	0	5	2	0	10	12	4	8	0	8	4	6	0	10	9	11	2	9	3	8	0	16	9	27	12	6	4	23	6	16	12	16	10	14	1	18	10	8	8	15	7	8	4	11	3	7	17	27	18	10	2	13	10	
553_A/duck/Dongguan/2685 7	4	12	7	10	7	12	8	10	9	1	0	4	3	0	10	12	3	8	1	7	5	8	0	9	10	9	1	9	2	8	1	13	10	29	10	7	7	19	6	18	10	22	18	15	3	13	6	9	8	13	5	7	3	12	1	5	16	24	16	12	3	15	16	
554_A/Duck/Dongting/D76- 12	6	11	7	7	6	13	8	3	12	1	0	5	2	0	10	12	4	7	0	8	4	8	0	9	10	8	2	9	2	11	0	14	10	28	12	9	5	21	6	16	12	17	14	15	0	16	5	7	7	14	6	9	4	14	5	6	16	28	14	9	3	11	15	
555_A/duck/Eastern_China 6	6	11	7	12	5	13	8	10	11	1	0	4	4	0	10	9	3	8	1	9	4	7	0	9	10	9	1	7	2	11	0	14	8	26	10	9	8	21	6	19	10	22	19	13	3	15	5	8	7	14	7	6	4	12	0	7	14	26	17	10	4	12	14	
556_A/duck/Eastern_China 6	6	11	7	12	5	13	8	9	11	1	0	4	3	0	10	10	3	8	1	8	5	7	0	10	9	9	1	7	3	11	0	14	8	27	10	8	8	21	6	19	10	23	18	13	3	14	5	9	7	13	7	6	4	12	0	7	14	26	18	10	4	13	13	
557_A/duck/Eastern_China 6	6	11	7	12	5	13	8	10	11	1	0	4	4	0	10	9	3	8	1	9	4	7	0	9	10	9	1	7	2	11	0	14	8	26	10	9	8	21	6	19	11	22	19	13	3	15	5	8	7	14	7	6	4	12	0	7	13	26	17	10	4	12	14	
558_A/duck/Eastern_China 5	6	11	8	13	6	13	7	9	11	1	0	4	3	0	10	10	3	10	0	8	3	4	0	8	10	7	1	9	3	12	0	14	9	25	11	9	6	25	5	20	9	20	17	13	2	17	5	8	7	13	6	7	6	13	0	8	14	23	17	9	4	16	15	
559_A/duck/Eastern_China 7	4	11	7	10	7	13	8	11	9	1	0	3	3	0	10	9	4	9	1	10	4	7	0	10	10	7	1	9	2	10	1	12	8	26	9	8	7	20	8	18	11	21	14	13	3	17	7	10	8	15	6	7	3	11	1	7	16	25	13	11	3	14	18	
560_A/duck/Eastern_China 6	4	11	7	11	7	13	8	10	9	1	0	4	3	0	10	10	3	8	1	9	4	8	0	10	10	8	1	8	3	9	1	13	8	26	10	8	7	21	6	21	10	23	16	12	4	15	5	8	8	13	5	7	3	13	1	7	16	26	17	11	3	13	15	
561_A/duck/Eastern_China 6	4	11	7	11	7	13	8	10	9	1	0	4	3	0	10	10	3	8	1	9	4	8	0	10	10	8	1	8	3	9	1	13	8	26	10	8	7	21	6	21	10	23	16	12	4	15	5	8	8	13	5	7	3	13	1	7	16	26	17	11	3	13	15	
562_A/duck/Eastern_China 6	4	12	6	11	7	12	9	11	9	1	0	3	3	0	10	10	4	8	1	9	4	8	0	10	10	8	1	8	2	9	1	13	8	27	9	8	7	20	7	21	11	24	16	12	3	14	5	9	8	14	5	7	3	12	1	5	17	25	16	12	2	14	16	
563_A/duck/Eastern_China 6	4	11	7	11	7	13	8	11	9	1	0	3	3	0	10	10	4	8	1	9	4	8	0	10	10	8	1	8	2	9	1	13	8	27	10	8	7	19	7	20	12	23	16	13	2	15	5	9	8	14	5	7	3	12	1	6	16	25	16	11	3	14	16	
564_A/duck/Eastern_China 6	4	11	7	11	7	13	8	11	9	1	0	3	3	0	10	10	4	8	1	9	4	8	0	10	10	8	1	8	2	9	1	13	8	26	10	8	7	20	7	20	11	23	15	13	3	16	6	8	8	14	5	7	3	12	1	7	16	24	15	11	3	14	17	
565_A/duck/Eastern_China 6	4	11	8	11	7	13	7	11	9	1	0	3	3	0	10	10	4	8	1	9	4	8	0	10	10	9	1	8	2	8	1	13	8	28	9	8	7	19	7	20	12	22	16	13	2	16	5	9	8	14	5	7	3	12	1	6	16	24	16	11	3	15	16	
566_A/duck/Eastern_China 6	4	11	7	11	7	13	8	11	9	1	0	3	3	0	10	10	4	9	1	9	4	7	0	10	10	7	1	8	2	10	1	12	8	27	10	8	7	19	7	20	11	22	15	13	3	16	6	10	8	14	5	7	3	12	1	6	16	25	15	11	3	14	17	
567_A/duck/Eastern_China 6	4	11	7	11	7	13	8	12	9	1	0	3	3	0	10	10	4	7	1	9	4	9	0	10	10	8	1	8	2	9	1	13	8	26	10	8	7	20	7	19	11	24	15	13	3	13	7	9	7	15	5	7	3	11	1	6	17	25	16	11	3	14	16	
568_A/duck/Eastern_China 6	5	11	7	11	6	13	8	10	12	1	0	4	1	0	10	10	3	8	1	8	4	8	0	11	9	8	1	8	3	9	1	11	10	26	9	10	6	21	7	20	11	24	17	12	2	14	5	8	7	12	5	8	4	14	1	6	15	23	15	12	4	15	17	
569_A/duck/Eastern_China 6	4	11	7	11	7	13	8	8	9	1	0	6	3	0	10	10	4	9	1	9	4	7	0	9	10	6	1	9	2	11	1	13	8	28	10	8	7	19	7	19	11	21	14	13	3	17	7	9	9	12	6	7	3	13	1	7	15	26	15	11	3	13	16	
570_A/duck/Eastern_China 7	4	11	7	10	7	13	8	12	9	1	0	3	3	0	10	12	3	8	1	7	5	8	0	7	10	10	1	10	2	7	1	13	10	30	10	7	7	18	6	19	12	22	18	15	2	13	6	8	8	13	6	8	3	12	1	5	15	25	16	11	3	14	15	
571_A/duck/Eastern_China 8	4	11	6	9	7	13	9	12	9	1	0	4	3	0	10	10	3	8	1	8	4	8	0	8	9	7	1	9	3	11	0	15	7	30	9	7	9	18	6	21	10	24	16	12	4	14	5	7	9	14	5	8	3	11	2	6	15	26	18	11	3	13	14	
572_A/duck/Eastern_China 8	4	11	7	9	7	13	8	10	8	1	0	4	4	0	10	11	3	8	0	8	4	8	1	10	9	7	1	8	4	9	2	14	9	27	9	6	6	20	6	20	11	23	16	12	3	16	4	7	7	15	6	9	3	12	1	8	17	25	16	10	3	14	16	
573_A/duck/Eastern_China 7	4	11	7	10	8	13	8	10	10	1	0	4	2	0	10	10	4	10	1	9	5	6	0	9	9	8	1	9	2	9	1	12	9	29	11	9	6	19	6	18	12	22	17	15	2	13	6	9	7	13	5	7	2	12	1	5	16	25	16	12	4	14	16	
574_A/duck/Eastern_China 6	4	11	7	11	6	13	8	9	10	1	0	5	3	0	10	10	4	9	1	9	4	7	0	7	10	7	0	11	2	10	1	13	6	27	10	8	9	20	7	19	11	20	16	13	3	18	6	10	9	12	6	7	3	13	1	5	15	26	14	12	3	13	17	
575_A/duck/Eastern_China 6	4	11	7	11	7	13	8	11	9	1	0	4	3	0	10	10	4	9	1	9	4	7	0	9	10	7	1	9	2	10	1	12	8	27	10	8	7	19	7	18	11	22	14	13	3	16	7	9	8	14	6	8	3	12	1	7	16	28	14	11	3	11	17	
576_A/duck/Fujian/1.17_F 7	4	11	6	10	7	13	9	12	9	1	0	4	3	0	10	12	3	9	0	7	5	7	0	6	10	9	2	9	2	9	1	11	10	29	10	7	8	19	6	20	11	23	17	15	2	12	5	8	8	14	5	7	3	11	1	5	16	24	16	11	4	15	17	
577_A/duck/Fujian/03.18_ 7	3	12	7	10	8	12	8	10	9	1	0	5	3	0	10	12	3	9	1	7	5	7	0	9	10	7	1	8	2	8	1	13	11	29	9	7	7	19	6	18	12	23	19	15	2	13	6	9	8	14	5	6	2	12	1	6	15	26	16	12	3	13	16	
578_A/duck/Fujian/05.07_ 7	4	12	7	10	7	12	8	12	8	1	0	4	3	0	10	12	3	8	1	7	5	8	0	8	9	9	2	9	3	8	1	14	10	28	10	5	7	20	6	19	11	22	17	15	2	13	6	9	8	15	5	8	4	12	1	5	15	22	16	11	3	15	16	
579_A/duck/Fujian/05.07_ 7	4	12	7	10	7	12	8	12	8	1	0	4	3	0	10	12	3	8	1	7	5	8	0	8	9	9	2	9	3	8	1	14	10	28	10	5	7	20	6	19	11	22	17	15	2	13	6	9	8	15	5	8	4	12	1	5	15	22	16	11	3	15	16	
580_A/duck/Fujian/05.07_ 7	4	12	7	10	7	12	8	12	8	1	0	4	3	0	10	12	3	8	1	7	5	8	0	8	9	9	2	9	3	8	1	14	10	28	10	5	7	20	6	19	11	22	17	15	2	13	6	9	8	15	5	8	4	12	1	5	15	22	16	11	3	15	16	
581_A/duck/Fujian/10.26_ 7	4	12	6	9	7	13	9	12	10	1	0	3	3	0	10	12	4	8	0	7	4	8	0	6	10	10	1	9	2	8	1	12	11	30	9	7	9	17	7	19	10	25	16	14	2	10	7	9	7	15	5	7	2	11	1	6	14	25	18	12	4	15	15	
582_A/duck/Fujian/10.26_ 7	4	12	6	9	7	13	9	12	10	1	0	3	3	0	10	12	4	8	0	7	4	8	0	6	10	10	1	9	2	8	1	12	11	31	9	7	9	17	7	19	10	25	16	14	2	10	7	9	7	14	5	7	2	11	1	6	14	25	18	12	4	15	15	
583_A/duck/Fujian/11.3_F 7	4	11	6	10	7	13	9	12	9	1	0	4	3	0	10	12	3	9	0	7	5	7	0	6	10	9	1	9	2	9	1	11	10	29	10	7	8	19	6	20	11	23	18	15	2	12	5	9	7	14	5	7	3	11	1	6	16	24	16	11	3	15	17	
584_A/duck/Fujian/11.3_F 7	4	11	6	10	7	13	9	12	9	1	0	4	3	0	10	12	3	9	0	7	5	7	0	6	10	9	2	9	2	9	1	11	10	29	10	7	8	19	6	20	11	23	17	15	2	12	5	8	8	14	5	7	3	11	1	5	16	24	16	11	4	15	17	
585_A/duck/Fujian/11.23_ 7	4	12	6	9	7	13	9	12	10	1	0	3	3	0	10	12	4	8	0	7	4	8	0	6	10	10	1	9	2	8	1	12	11	30	9	7	9	17	7	19	10	25	16	14	2	10	7	9	7	15	5	7	2	11	1	6	14	25	18	12	4	15	15	
586_A/duck/Fujian/11.23_ 7	4	12	6	9	7	13	9	12	11	1	0	3	3	0	10	12	4	8	0	7	4	8	0	7	10	10	1	8	2	8	1	12	11	30	9	7	9	16	7	19	10	25	16	14	2	11	7	9	7	15	5	7	2	11	1	6	14	25	18	12	4	15	15	
587_A/duck/Fujian/11.23_ 7	4	12	6	9	7	13	9	12	11	1	0	3	3	0	10	12	4	8	0	7	4	8	0	7	10	10	1	8	2	8	1	12	11	30	9	7	9	16	7	19	10	25	16	14	2	11	7	9	7	15	5	7	2	11	1	6	14	25	18	12	4	15	15	
588_A/duck/Fujian/12.7_F 7	4	11	6	10	7	13	9	12	9	1	0	4	3	0	10	12	3	9	0	7	5	7	0	6	10	9	2	9	2	9	1	11	10	29	10	7	8	19	6	20	11	23	17	15	2	12	5	8	8	14	5	7	3	11	1	5	16	24	16	11	4	15	17	
589_A/duck/Fujian/12.7_F 8	4	12	5	9	7	12	10	12	10	1	0	3	3	0	10	12	3	8	0	7	5	8	0	6	10	11	1	9	2	8	1	12	10	31	10	6	8	17	6	20	11	24	18	15	2	12	4	9	8	14	5	7	2	11	1	5	16	24	16	12	3	15	17	
590_A/duck/Fujian/12.7_F 8	4	12	5	9	7	12	10	12	9	1	0	3	3	0	10	12	3	8	0	7	5	8	0	6	10	11	1	9	2	8	1	12	10	31	10	6	8	17	6	20	11	24	18	15	2	12	4	9	8	14	5	7	2	11	1	5	16	24	16	12	3	15	17	
591_A/duck/Fujian/12.7_F 8	4	12	5	9	7	12	10	12	9	1	0	3	3	0	10	12	3	8	0	7	5	8	0	6	10	11	1	9	2	8	1	12	10	31	10	6	8	17	6	20	11	24	18	15	2	12	4	9	8	14	5	7	2	11	1	5	16	24	16	12	3	15	17	
592_A/duck/Fujian/S1233/ 6	5	13	9	12	7	11	6	8	11	1	0	5	3	0	10	7	4	8	0	10	2	8	0	9	12	6	2	9	1	11	0	12	11	27	8	11	5	20	7	21	10	23	16	12	1	18	5	6	6	13	8	8	5	14	1	8	15	22	21	8	3	18	9	
593_A/duck/Fujian/S1273/ 6	5	13	9	13	7	11	6	8	10	1	0	5	3	0	10	7	4	8	0	10	2	8	0	9	12	6	2	9	1	11	0	11	11	28	8	11	5	20	7	21	10	23	16	12	1	18	5	6	6	13	8	8	5	14	1	8	15	22	21	8	3	18	9	
594_A/Duck/Fujian/S4146/ 7	4	13	10	12	6	11	5	9	10	1	0	5	4	0	10	6	4	7	0	11	2	8	0	9	10	8	0	8	3	9	1	11	9	25	10	9	6	20	7	22	9	25	18	13	1	14	7	6	7	16	7	8	3	13	0	11	16	23	18	9	3	17	13	
595_A/duck/Guangdong/01. 7	4	12	6	10	7	12	9	12	9	1	0	4	3	0	10	12	3	7	0	7	5	9	0	6	10	10	1	9	2	8	1	11	10	29	10	7	8	19	6	20	11	22	19	14	2	12	5	9	7	14	5	7	3	11	1	5	16	24	16	13	3	15	17	
596_A/duck/Guangdong/01. 7	4	12	6	10	7	12	9	12	9	1	0	4	3	0	10	12	3	7	0	7	5	9	0	6	10	10	1	9	2	8	1	11	10	29	10	7	8	19	6	20	11	23	19	14	2	11	5	9	7	14	5	7	3	11	1	5	16	24	16	13	3	15	17	
597_A/duck/Guangdong/01. 7	4	12	6	10	7	12	9	12	9	1	0	4	3	0	10	12	3	7	0	7	5	9	0	6	10	10	1	9	2	8	1	11	10	29	10	7	8	19	6	20	11	23	18	14	2	12	5	9	7	14	5	7	3	11	1	5	16	24	16	13	3	15	17	
598_A/duck/Guangdong/01. 7	4	12	6	10	7	12	9	12	9	1	0	4	3	0	10	12	3	7	0	7	5	9	0	6	10	10	1	9	2	8	1	11	10	28	10	7	8	20	6	20	11	23	18	14	2	12	5	9	7	14	5	7	3	11	1	5	16	24	16	13	3	15	17	
599_A/duck/Guangdong/01. 8	4	13	6	9	7	11	9	12	9	1	0	5	3	0	10	12	3	7	0	7	5	9	0	6	10	10	1	9	2	8	1	12	10	29	9	7	8	19	6	20	11	23	18	14	2	12	5	9	7	14	5	7	3	11	1	5	16	24	16	12	3	15	17	
600_A/duck/Guangdong/01. 7	4	12	6	10	7	12	9	12	9	1	0	4	3	0	10	12	3	7	0	7	5	9	0	6	10	10	1	9	2	8	1	11	10	29	10	7	8	19	6	20	11	23	18	14	2	12	5	9	7	14	5	7	3	11	1	5	16	24	16	13	3	15	17	
601_A/duck/Guangdong/01. 7	4	12	6	10	7	12	9	12	9	1	0	4	3	0	10	12	3	7	0	7	5	9	0	6	10	10	1	9	2	8	1	11	10	29	10	7	8	19	6	20	11	23	18	14	2	12	5	9	7	14	5	7	3	11	1	5	16	24	16	13	3	15	17	
602_A/duck/Guangdong/01. 7	4	12	6	10	7	12	9	12	9	1	0	4	3	0	10	12	3	7	0	7	5	9	0	6	10	10	1	9	2	8	1	11	10	29	10	7	8	19	6	20	11	23	18	14	2	12	5	10	6	14	5	7	3	11	1	5	16	24	16	13	3	15	17	
603_A/duck/Guangdong/01. 7	4	12	6	10	7	12	9	12	9	1	0	4	3	0	10	12	3	7	0	7	5	9	0	6	10	10	1	9	2	8	1	11	10	29	10	7	8	19	6	20	11	23	18	14	2	12	6	9	7	14	5	7	3	11	1	5	16	24	16	13	3	15	16	
604_A/duck/Guangdong/01. 7	4	12	6	10	7	12	9	12	9	1	0	4	3	0	10	12	3	7	0	7	5	9	0	6	10	10	1	9	2	8	1	11	11	30	9	7	8	19	6	21	11	23	17	14	2	12	5	9	6	14	5	7	3	11	1	5	16	24	16	13	3	15	17	
605_A/duck/Guangdong/02. 6	4	11	7	10	7	13	8	12	9	1	0	4	3	0	10	12	3	8	1	6	5	8	0	9	10	9	1	9	2	8	1	12	9	29	10	6	8	19	6	20	11	22	18	14	2	13	6	9	8	14	5	7	3	11	1	5	16	24	16	13	3	15	16	
606_A/duck/Guangdong/02. 6	4	11	7	10	7	13	8	12	9	1	0	4	3	0	10	12	3	8	1	6	5	8	0	9	10	9	1	9	2	8	1	12	9	29	10	6	8	19	6	20	12	22	18	14	2	13	6	9	8	14	5	7	3	11	1	5	15	24	16	13	3	15	16	
607_A/duck/Guangdong/02. 6	4	11	7	10	7	13	8	12	9	1	0	4	3	0	10	12	3	8	1	6	5	8	0	9	10	9	1	9	2	8	1	12	9	29	10	6	8	19	6	20	11	22	18	14	2	13	6	9	8	14	5	7	3	11	1	5	16	24	16	13	3	15	16	
608_A/duck/Guangdong/02. 6	4	11	7	11	7	13	8	11	9	1	0	4	3	0	10	12	3	8	1	6	5	8	0	9	10	9	1	9	2	8	1	12	9	29	10	6	8	19	6	20	11	22	18	14	2	13	6	9	8	14	5	7	3	11	1	5	16	24	16	13	3	15	16	
609_A/duck/Guangdong/02. 6	4	11	7	11	7	13	8	11	9	1	0	4	3	0	10	11	3	8	1	7	5	8	0	9	10	9	1	9	2	8	1	12	9	29	10	6	8	19	6	20	11	22	18	14	2	13	6	9	8	14	5	7	3	11	1	5	16	24	16	13	3	15	16	
610_A/duck/Guangdong/02. 6	4	11	7	11	7	13	8	11	9	1	0	4	3	0	10	12	3	8	1	6	5	8	0	9	10	9	1	9	2	8	1	12	9	29	10	6	8	19	6	20	11	22	18	14	2	13	6	9	8	14	5	7	3	11	1	5	16	24	16	13	3	15	16	
611_A/duck/Guangdong/03. 7	4	11	7	11	7	13	8	11	9	1	0	4	3	0	10	11	3	8	1	7	5	8	0	6	10	10	1	10	2	7	1	14	10	30	10	7	7	18	6	17	12	22	18	15	2	13	6	9	8	14	6	7	3	11	1	7	15	25	16	11	3	14	15	
612_A/duck/Guangdong/03. 7	4	11	7	11	7	13	8	11	9	1	0	4	3	0	10	11	3	8	1	7	5	8	0	6	10	10	1	10	2	7	1	14	10	30	10	7	7	18	6	17	12	22	18	15	2	13	6	9	8	14	6	7	3	11	1	7	15	25	16	11	3	14	15	
613_A/duck/Guangdong/03. 7	4	11	7	11	7	13	8	11	9	1	0	4	3	0	10	11	3	8	1	7	5	8	0	6	10	10	1	10	2	7	1	14	10	30	10	7	7	19	4	17	12	22	18	15	2	13	6	9	8	14	6	7	3	11	2	7	15	25	16	11	3	14	15	
614_A/duck/Guangdong/03. 7	4	14	7	10	7	10	8	12	9	1	0	4	3	0	10	12	4	8	1	7	4	8	0	8	10	10	1	9	2	6	1	14	11	29	10	5	7	19	6	19	13	23	19	15	1	13	5	9	7	13	5	7	3	12	1	4	15	25	16	12	3	14	16	
615_A/duck/Guangdong/03. 6	4	11	7	11	7	12	7	11	9	1	0	4	2	0	10	8	3	7	1	7	5	8	0	6	10	10	1	10	2	5	1	12	10	30	9	7	7	16	4	16	11	20	18	14	1	13	6	6	8	13	5	7	3	10	2	6	13	25	16	9	3	12	15	
616_A/duck/Guangdong/03. 7	4	11	7	11	7	13	8	11	9	1	0	4	3	0	10	11	3	8	1	7	5	8	0	6	10	10	1	10	2	7	1	14	10	30	10	7	7	19	4	17	12	22	18	15	2	13	6	9	8	14	6	7	3	11	2	7	15	25	16	11	3	14	15	
617_A/duck/Guangdong/03. 7	4	14	7	10	7	10	8	12	9	1	0	4	3	0	10	12	4	8	1	7	4	8	0	8	10	10	1	9	2	6	1	14	11	29	10	5	7	19	6	19	13	23	19	15	1	13	5	9	7	13	5	7	3	12	1	4	15	25	16	12	3	14	16	
618_A/duck/Guangdong/03. 7	4	11	7	11	7	13	8	11	9	1	0	4	3	0	10	11	3	8	1	7	5	8	0	6	10	10	1	10	2	7	1	14	10	30	10	7	7	19	4	17	12	22	18	15	2	13	6	9	8	14	6	7	3	11	2	7	15	25	16	11	3	14	15	
619_A/duck/Guangdong/03. 7	4	14	7	10	7	10	8	12	9	1	0	4	3	0	10	12	4	8	1	7	4	8	0	9	10	10	1	8	2	6	1	14	11	29	10	5	7	19	6	19	12	23	19	15	2	13	5	9	7	13	5	7	3	12	1	4	15	25	16	12	3	14	16	
620_A/duck/Guangdong/03. 7	4	14	7	10	7	10	8	12	9	1	0	4	3	0	10	12	4	8	1	7	4	8	0	9	10	10	1	8	2	6	1	14	11	29	10	5	7	19	6	19	13	23	19	15	2	13	5	9	7	13	5	7	3	12	1	4	14	25	16	12	3	14	16	
621_A/duck/Guangdong/03. 7	4	11	7	11	7	13	8	11	9	1	0	4	3	0	10	11	3	8	1	7	5	8	0	6	10	10	1	10	2	7	1	14	10	30	10	7	7	19	4	17	12	22	18	15	2	13	6	9	8	14	6	7	3	11	2	7	15	25	16	11	3	14	15	
622_A/duck/Guangdong/03. 7	4	11	7	11	7	13	8	11	9	1	0	4	3	0	10	11	3	8	1	7	5	8	0	6	10	10	1	10	2	7	1	14	10	30	10	7	7	19	4	17	12	22	18	15	2	13	6	9	8	14	6	7	3	11	2	7	15	25	16	11	3	14	15	
623_A/duck/Guangdong/03. 7	4	11	7	11	7	13	8	11	10	1	0	4	3	0	10	11	3	8	1	7	5	8	0	7	9	10	1	9	2	7	1	14	10	30	10	7	7	18	5	17	12	22	18	15	2	13	6	9	8	14	6	7	3	11	2	7	15	25	16	11	3	14	15	
624_A/duck/Guangdong/03. 7	4	11	7	11	7	13	8	11	10	1	0	4	3	0	10	11	3	8	1	7	5	8	0	7	9	10	1	9	2	7	1	14	10	30	10	7	7	18	5	17	12	22	18	15	2	13	6	9	8	14	6	7	3	11	2	7	15	25	16	11	3	14	15	
625_A/duck/Guangdong/03. 7	4	11	7	11	7	13	8	11	9	1	0	4	3	0	10	11	3	8	1	7	5	8	0	6	10	10	1	10	2	7	1	14	10	30	10	7	7	18	6	17	12	22	18	15	2	13	6	9	8	14	6	7	3	11	1	7	15	25	16	11	3	14	15	
626_A/duck/Guangdong/03. 7	4	11	7	11	7	13	8	11	9	1	0	4	3	0	10	11	3	8	1	7	5	8	0	6	10	10	1	10	2	7	1	14	10	30	10	7	7	18	6	17	13	22	18	15	2	13	6	9	8	14	6	7	3	11	1	7	14	25	16	11	3	14	15	
627_A/duck/Guangdong/03. 7	4	11	7	11	7	13	8	11	9	1	0	4	3	0	10	11	3	8	1	7	5	8	0	6	10	10	1	10	2	7	1	14	10	30	10	7	7	18	6	17	13	22	18	15	2	13	6	9	8	14	6	7	3	11	1	7	14	25	16	11	3	14	15	
628_A/duck/Guangdong/03. 7	4	11	7	11	7	13	8	11	9	1	0	4	3	0	10	11	3	8	1	7	5	8	0	6	10	10	1	10	2	7	1	14	10	30	10	7	7	18	6	17	13	22	18	15	2	13	6	9	8	14	6	7	3	11	1	7	14	25	16	11	3	14	15	
629_A/duck/Guangdong/03. 7	4	11	7	11	7	13	8	11	9	1	0	4	3	0	10	11	3	8	1	7	5	8	0	6	10	10	1	10	2	7	1	14	10	30	10	7	7	18	6	17	13	22	18	15	2	13	6	9	8	14	6	7	3	11	1	7	14	25	16	11	3	14	15	
630_A/duck/Guangdong/03. 7	4	11	7	11	7	13	8	11	9	1	0	4	3	0	10	11	3	8	1	7	5	8	0	6	10	10	1	10	2	7	1	14	10	30	10	7	7	18	6	17	12	22	18	15	2	13	6	9	8	14	6	7	3	11	1	7	15	25	16	11	3	14	15	
631_A/duck/Guangdong/03. 7	4	11	7	11	7	13	8	11	9	1	0	4	3	0	10	11	3	8	1	7	5	8	0	6	10	10	1	10	2	7	1	14	10	30	10	7	7	18	6	17	13	22	18	15	2	13	6	9	8	14	6	7	3	11	1	7	14	25	16	11	3	14	15	
632_A/duck/Guangdong/03. 6	4	12	7	11	8	12	8	13	9	1	0	4	3	0	10	12	3	8	1	7	4	8	0	6	10	10	1	9	2	7	1	12	10	29	10	6	8	19	6	20	11	23	18	14	2	12	6	9	7	14	5	7	3	11	1	5	15	24	16	13	4	15	16	
633_A/duck/Guangdong/03. 6	3	11	7	11	8	13	8	12	9	1	0	3	3	0	10	12	3	8	0	6	5	8	0	7	10	11	1	10	2	6	1	13	10	30	11	8	8	18	6	18	11	22	18	15	2	13	6	9	9	13	6	7	3	12	1	6	13	26	15	11	3	14	16	
634_A/duck/Guangdong/03. 6	4	12	7	11	7	12	8	13	9	1	0	4	3	0	10	12	3	8	1	7	5	8	0	6	10	10	1	9	2	7	1	12	10	29	10	6	8	19	6	20	11	23	18	14	2	12	6	9	7	14	5	7	3	11	1	5	15	25	16	13	4	14	16	
635_A/duck/Guangdong/03. 6	3	11	7	11	8	13	8	12	9	1	0	3	3	0	10	12	3	8	0	6	5	8	0	7	10	11	1	10	2	6	1	13	10	30	11	8	8	18	6	18	11	22	18	15	2	13	6	9	9	13	6	7	3	12	1	6	13	26	15	11	3	14	16	
636_A/duck/Guangdong/03. 6	4	12	7	11	7	12	8	13	9	1	0	4	3	0	10	12	3	8	1	7	5	8	0	6	10	10	1	9	2	7	1	12	9	29	10	6	9	19	6	20	11	23	18	14	2	12	6	9	7	14	5	7	3	11	1	5	15	25	16	13	4	14	16	
637_A/duck/Guangdong/04. 6	4	11	7	11	7	12	7	11	9	1	0	4	2	0	10	8	3	7	1	7	5	8	0	6	10	10	1	10	2	5	1	12	10	30	9	7	7	16	5	16	11	20	17	14	1	13	7	6	8	13	5	7	3	10	1	6	13	25	16	9	3	12	15	
638_A/duck/Guangdong/04. 7	5	12	7	10	6	12	8	10	9	1	0	5	3	0	10	13	3	8	1	6	5	8	0	8	10	9	1	9	2	8	1	13	10	29	10	6	7	19	6	19	10	22	17	14	3	13	6	9	8	13	5	7	3	12	1	6	15	25	17	12	4	14	16	
639_A/duck/Guangdong/04. 7	5	12	7	10	6	12	8	11	9	1	0	4	3	0	10	13	3	9	1	6	5	7	0	8	10	9	1	9	2	7	1	13	10	29	10	6	7	19	6	19	10	22	18	14	3	14	5	9	8	13	5	7	3	12	1	6	15	25	17	12	4	14	16	
640_A/duck/Guangdong/04. 7	4	11	7	11	7	13	8	10	10	1	0	4	3	0	10	11	3	8	1	7	5	8	0	6	10	10	1	10	2	7	1	14	10	30	10	7	7	19	5	17	12	22	18	15	2	13	6	9	8	14	6	7	3	11	1	7	15	25	16	11	3	14	15	
641_A/duck/Guangdong/04. 7	4	14	7	10	7	10	8	12	9	1	0	4	3	0	10	11	4	8	1	8	4	8	0	8	10	10	1	9	2	6	1	14	11	29	10	5	7	19	6	19	12	23	19	15	2	13	5	9	7	13	5	7	3	12	1	4	15	25	16	12	3	14	16	
642_A/duck/Guangdong/04. 7	4	11	7	11	7	13	8	10	10	1	0	4	3	0	10	11	3	8	1	7	5	8	0	6	10	10	1	10	2	7	1	14	10	30	10	7	7	19	5	17	12	22	18	15	2	13	6	9	8	14	6	7	3	11	1	7	15	25	16	11	3	14	15	
643_A/duck/Guangdong/04. 6	4	11	7	11	7	12	7	11	9	1	0	4	2	0	10	8	3	7	1	7	5	8	0	6	10	10	1	10	2	5	1	12	10	30	9	7	7	16	5	16	11	20	18	14	1	13	6	6	8	13	5	7	3	10	1	6	13	25	16	9	3	12	15	
644_A/duck/Guangdong/04. 6	4	12	7	11	7	12	8	13	9	1	0	4	3	0	10	12	3	8	1	7	5	8	0	6	9	10	1	9	3	7	1	12	10	29	10	6	8	19	6	20	11	23	18	14	2	12	6	9	7	14	5	7	3	11	1	5	15	24	16	13	4	15	16	
645_A/duck/Guangdong/04. 7	4	13	7	10	7	11	8	11	9	1	0	3	3	0	10	12	3	8	1	7	5	8	0	8	10	9	1	10	2	8	1	13	11	28	10	6	6	20	6	18	12	22	19	15	2	12	5	8	8	12	5	7	3	13	1	8	16	25	17	11	3	14	15	
646_A/duck/Guangdong/04. 7	4	13	7	10	7	11	8	11	9	1	0	3	3	0	10	12	3	8	1	7	5	8	0	8	10	9	1	10	2	8	1	13	11	28	10	6	6	20	6	18	12	22	19	15	2	12	5	8	8	12	5	7	3	13	1	8	16	25	17	11	3	14	15	
647_A/duck/Guangdong/04. 6	4	12	7	11	7	12	8	13	9	1	0	4	3	0	10	12	3	8	1	7	5	8	0	6	10	10	1	9	2	7	1	12	10	30	9	6	8	19	6	20	11	23	18	14	2	12	6	9	7	14	5	7	3	11	1	5	15	24	16	13	4	15	16	
648_A/duck/Guangdong/04. 6	4	12	7	11	7	12	8	13	9	1	0	4	3	0	10	12	3	8	1	7	5	8	0	6	10	10	1	9	2	7	1	12	10	29	10	6	8	19	6	20	11	23	18	14	2	12	6	9	7	15	5	7	3	10	1	5	15	24	16	13	4	15	16	
649_A/duck/Guangdong/04. 6	4	12	7	11	7	12	8	13	9	1	0	4	3	0	10	12	3	8	1	7	5	8	0	6	10	10	1	9	2	7	1	12	10	29	10	6	8	19	6	20	11	23	18	14	2	12	6	9	7	15	5	7	3	10	1	5	15	24	16	13	4	15	16	
650_A/duck/Guangdong/04. 7	4	12	7	10	7	12	8	11	9	1	0	4	3	0	10	12	3	7	1	7	6	8	0	11	9	9	1	6	2	9	1	14	12	28	10	6	6	19	6	19	12	23	17	15	2	12	7	8	7	13	5	7	3	13	1	5	14	25	17	12	4	14	15	
651_A/duck/Guangdong/04. 7	4	13	7	10	7	11	8	11	9	1	0	3	3	0	10	12	3	8	1	7	5	8	0	8	10	9	1	10	2	8	1	13	10	28	10	6	7	20	6	18	12	22	19	15	2	12	5	8	8	12	5	8	3	13	1	7	16	25	17	12	2	14	15	
652_A/duck/Guangdong/04. 7	4	13	7	10	7	11	8	11	9	1	0	3	3	0	10	12	3	8	1	7	5	8	0	8	10	9	1	10	2	8	1	13	10	27	10	6	7	21	6	18	12	22	19	15	2	12	5	8	8	12	5	8	3	13	1	7	16	25	17	11	3	14	15	
653_A/duck/Guangdong/04. 7	4	12	7	10	7	12	8	11	9	1	0	4	3	0	10	12	3	7	1	7	6	8	0	11	9	9	1	6	2	9	1	14	11	28	10	6	6	19	6	19	12	23	17	15	2	12	7	8	8	13	5	7	3	13	1	5	14	25	18	12	4	14	14	
654_A/duck/Guangdong/04. 7	4	13	7	10	7	11	8	11	9	1	0	4	3	0	10	12	3	7	1	7	6	8	0	11	9	9	1	6	2	9	1	14	11	28	10	6	6	19	6	19	12	23	17	15	2	12	7	8	8	13	5	7	3	13	1	5	14	26	17	12	4	13	15	
655_A/duck/Guangdong/04. 6	3	11	7	11	8	13	8	12	9	1	0	3	3	0	10	12	3	8	0	6	5	8	0	7	10	11	1	10	2	6	1	13	11	30	11	8	8	18	6	18	11	22	18	15	2	13	6	9	8	13	6	7	3	12	1	6	13	26	14	11	3	14	17	
656_A/duck/Guangdong/04. 6	3	11	7	11	8	13	8	12	9	1	0	3	3	0	10	12	3	8	0	6	5	8	0	7	10	11	1	10	2	6	1	13	10	30	11	8	8	18	6	18	11	22	18	15	2	13	6	9	9	13	6	7	3	12	1	6	13	26	15	11	3	14	16	
657_A/duck/Guangdong/04. 6	4	12	7	11	8	11	7	13	9	1	0	4	2	0	10	8	3	7	1	7	4	8	0	6	10	10	1	9	2	5	1	10	10	29	9	6	8	17	5	18	10	21	18	13	1	12	6	6	7	13	4	7	3	10	1	5	13	24	16	11	4	13	16	
658_A/duck/Guangdong/04. 6	4	12	7	11	7	11	7	13	9	1	0	4	2	0	10	8	3	7	1	7	5	8	0	6	10	10	1	9	2	5	1	10	10	29	9	6	8	17	5	18	10	21	18	13	1	12	6	6	7	13	4	7	3	10	1	5	13	25	16	11	4	12	16	
659_A/duck/Guangdong/04. 6	4	12	7	11	7	12	8	13	9	1	0	4	3	0	10	12	3	8	1	7	5	8	0	6	10	10	1	9	2	7	1	12	10	29	10	6	8	19	6	20	11	23	18	14	2	12	6	9	7	14	5	7	3	11	1	5	15	24	16	13	4	15	16	
660_A/duck/Guangdong/04. 6	4	12	7	11	7	12	8	13	9	1	0	4	3	0	10	12	3	8	1	7	5	8	0	6	10	10	1	9	2	7	1	12	10	29	10	6	8	19	6	20	11	23	18	14	2	12	6	9	7	14	5	7	3	11	1	5	15	25	16	13	4	14	16	
661_A/duck/Guangdong/04. 6	4	12	7	11	7	12	8	13	9	1	0	4	3	0	10	12	3	8	1	7	5	8	0	6	10	10	1	9	2	7	1	12	10	29	10	6	8	19	6	20	11	23	18	14	2	12	6	9	7	14	5	7	3	11	1	5	15	25	16	13	4	14	16	
662_A/duck/Guangdong/04. 6	4	12	7	11	7	12	8	13	9	1	0	4	3	0	10	12	3	8	1	7	5	8	0	6	10	10	1	9	2	7	1	12	10	29	10	6	8	19	6	20	11	23	18	14	2	12	6	9	7	14	5	7	3	11	1	5	15	25	16	13	4	14	16	
663_A/duck/Guangdong/04. 6	4	12	7	11	7	12	8	13	9	1	0	4	3	0	10	12	3	8	1	7	5	8	0	6	10	10	1	9	2	7	1	12	10	29	10	6	8	19	6	20	11	23	18	14	2	12	6	9	7	14	5	7	3	11	1	5	15	25	16	13	4	14	16	
664_A/duck/Guangdong/04. 7	4	11	7	11	7	13	8	11	9	1	0	4	3	0	10	11	3	8	1	7	5	8	0	6	10	10	1	10	2	7	1	14	10	30	10	7	7	18	6	17	12	23	17	15	2	13	6	9	8	14	7	7	3	11	1	7	14	24	17	11	4	14	14	
665_A/duck/Guangdong/04. 7	3	14	7	10	8	10	8	12	9	1	0	4	3	0	10	12	3	8	1	7	5	8	0	7	10	9	1	9	2	8	1	13	10	31	10	6	7	17	6	19	12	21	17	13	2	13	7	9	7	14	5	7	4	11	1	6	16	26	17	13	3	13	15	
666_A/duck/Guangdong/04. 6	4	12	7	11	7	12	8	13	9	1	0	4	3	0	10	12	3	8	1	7	5	8	0	6	10	10	1	9	2	7	1	12	10	29	10	6	8	19	6	20	11	23	18	14	2	12	6	9	7	14	5	7	3	11	1	5	15	25	16	13	4	14	16	
667_A/duck/Guangdong/04. 7	3	14	7	10	8	10	8	12	9	1	0	4	3	0	10	12	3	8	1	7	5	8	0	7	10	9	1	9	2	8	1	13	10	31	10	6	7	17	6	19	12	21	17	13	2	13	7	9	7	14	5	7	4	11	1	6	16	26	18	13	3	13	14	
668_A/duck/Guangdong/04. 7	3	14	7	10	8	10	8	12	9	1	0	4	3	0	10	12	3	8	1	7	5	8	0	7	10	8	1	9	2	9	1	13	10	31	10	6	7	17	6	19	12	21	17	13	2	13	7	9	7	14	5	7	4	11	1	6	16	26	17	13	3	13	15	
669_A/duck/Guangdong/04. 7	4	11	7	11	7	13	8	11	9	1	0	4	3	0	10	11	3	8	1	7	5	8	0	6	10	9	1	10	2	8	1	14	10	30	10	7	7	18	6	17	12	22	18	15	2	13	6	9	8	14	6	7	3	11	1	7	15	26	15	11	3	13	16	
670_A/duck/Guangdong/04. 7	4	11	7	11	7	13	8	11	9	1	0	4	3	0	10	11	3	8	1	7	5	8	0	6	10	9	1	10	2	8	1	14	10	30	10	7	7	18	6	17	12	22	18	15	2	13	6	9	8	13	6	7	3	12	1	7	15	26	15	11	3	13	16	
671_A/duck/Guangdong/04. 7	4	11	7	11	7	13	8	11	9	1	0	4	3	0	10	11	3	8	1	7	5	8	0	6	10	9	1	10	2	8	1	14	10	30	10	7	7	18	6	17	12	22	18	15	2	13	6	9	8	14	6	7	3	11	1	7	15	26	15	11	3	13	16	
672_A/duck/Guangdong/04. 7	4	11	7	11	7	13	8	11	9	1	0	4	3	0	10	11	3	8	1	7	5	8	0	6	10	9	1	10	2	8	1	14	10	28	10	7	7	20	6	17	12	22	18	15	2	13	6	9	8	14	6	7	3	11	1	7	15	26	15	11	3	13	16	
673_A/duck/Guangdong/04. 7	4	11	7	11	7	13	8	11	9	1	0	4	3	0	10	11	3	8	1	7	5	8	0	6	10	9	1	10	2	8	1	14	10	30	10	7	7	18	6	17	12	22	18	15	2	13	6	9	8	14	6	7	3	11	1	7	15	26	15	11	3	13	16	
674_A/duck/Guangdong/04. 6	4	12	7	11	7	12	8	13	9	1	0	4	3	0	10	12	3	8	1	7	5	8	0	6	10	10	1	9	2	7	1	12	9	29	10	6	9	19	6	20	11	23	18	14	2	12	6	9	7	14	5	7	3	11	1	5	15	25	16	13	4	14	16	
675_A/duck/Guangdong/04. 6	3	11	7	11	8	13	8	12	9	1	0	3	3	0	10	12	3	8	0	6	5	8	0	7	10	11	1	10	2	6	1	13	10	30	11	8	8	18	6	18	11	22	18	15	2	13	6	9	9	13	6	7	3	12	1	6	13	26	15	11	3	14	16	
676_A/duck/Guangdong/04. 7	4	11	7	11	7	13	8	11	9	1	0	4	3	0	10	11	3	8	1	7	5	8	0	6	10	10	1	10	2	7	1	14	10	30	10	7	7	18	6	17	12	22	18	15	2	13	6	9	8	14	6	7	3	11	1	7	15	25	16	11	3	14	15	
677_A/duck/Guangdong/04. 7	4	14	7	10	6	10	8	12	9	1	0	4	3	0	10	12	4	8	1	7	5	8	0	9	10	10	1	8	2	6	1	14	11	29	10	5	7	19	6	19	12	23	19	15	2	13	5	9	7	13	5	7	3	12	1	4	15	25	16	12	3	14	16	
678_A/duck/Guangdong/04. 6	4	12	7	11	7	12	8	13	9	1	0	4	3	0	10	12	3	8	1	7	5	8	0	6	10	10	1	9	2	7	1	12	10	29	10	6	8	19	6	20	11	23	18	14	2	12	6	9	7	14	5	7	3	11	1	5	15	25	16	13	4	14	16	
679_A/duck/Guangdong/04. 7	4	11	7	11	7	13	8	11	9	1	0	4	3	0	10	11	3	8	1	7	5	8	0	6	10	10	1	10	2	7	1	14	10	30	10	7	7	18	6	17	12	22	18	15	2	13	6	9	8	14	6	7	3	11	1	7	15	25	16	11	3	14	15	
680_A/duck/Guangdong/04. 6	4	12	7	11	7	12	8	13	9	1	0	4	3	0	10	12	3	8	1	7	5	8	0	6	10	10	1	9	2	7	1	12	10	29	10	6	8	19	6	20	11	23	18	14	2	12	6	9	7	14	5	7	3	11	1	5	15	25	16	13	4	14	16	
681_A/duck/Guangdong/04. 6	3	11	7	11	8	12	7	12	9	1	0	3	2	0	10	8	3	7	0	6	5	8	0	7	10	11	1	10	2	4	1	11	10	30	10	8	8	16	5	16	10	20	18	14	1	13	6	6	9	12	5	7	3	11	1	6	11	26	15	9	3	12	16	
682_A/duck/Guangdong/04. 6	3	11	7	11	8	13	8	12	9	1	0	3	3	0	10	12	3	8	0	6	5	8	0	7	10	11	1	10	2	6	1	13	10	30	11	8	8	18	6	18	11	22	18	15	2	13	6	9	9	13	6	7	3	12	1	6	13	26	15	11	3	14	16	
683_A/duck/Guangdong/04. 7	4	11	7	11	7	13	8	11	9	1	0	4	3	0	10	11	3	8	1	7	5	8	0	6	10	9	1	10	2	8	1	14	10	30	10	7	7	18	6	17	12	22	17	15	2	13	7	9	8	14	6	7	3	11	1	7	15	26	15	11	3	13	16	
684_A/duck/Guangdong/04. 6	3	11	7	11	8	13	8	12	9	1	0	3	3	0	10	12	3	8	0	6	5	8	0	7	10	11	1	10	2	6	1	13	10	30	11	8	8	18	6	18	11	22	18	15	2	13	6	9	9	13	6	7	3	12	1	6	13	26	15	11	3	14	16	
685_A/duck/Guangdong/04. 6	3	11	7	11	8	13	8	12	9	1	0	3	3	0	10	12	3	8	0	6	5	8	0	7	10	11	1	10	2	6	1	13	10	30	11	8	8	18	6	18	11	22	18	15	2	13	6	9	9	13	6	7	3	12	1	6	13	26	15	11	3	14	16	
686_A/duck/Guangdong/04. 6	4	11	7	11	7	13	8	13	9	1	0	4	3	0	10	12	3	8	1	7	5	8	0	6	10	9	1	9	2	8	1	12	10	29	10	6	8	19	7	20	11	23	18	14	2	12	6	9	7	13	5	7	3	11	1	5	16	25	16	13	3	14	16	
687_A/duck/Guangdong/04. 6	4	11	7	11	7	12	7	13	9	1	0	4	2	0	10	8	3	7	1	7	5	8	0	6	10	9	1	9	2	6	1	10	10	29	9	6	8	18	5	18	10	21	18	13	1	12	6	6	7	12	4	7	3	10	1	5	14	25	16	11	3	12	16	
688_A/duck/Guangdong/04. 7	3	14	7	10	8	10	8	12	9	1	0	4	3	0	10	12	3	8	1	7	5	8	0	7	10	9	1	9	2	8	1	13	10	31	10	6	7	17	6	19	12	21	17	13	2	13	7	9	7	14	5	7	4	11	1	6	16	26	17	13	3	13	15	
689_A/duck/Guangdong/04. 7	3	14	7	10	8	10	8	12	9	1	0	4	3	0	10	12	3	8	1	7	5	8	0	7	10	9	1	9	2	8	1	13	10	31	10	6	7	17	6	19	12	21	17	13	2	13	7	9	7	14	5	7	4	11	1	6	16	26	17	13	3	13	15	
690_A/duck/Guangdong/04. 7	3	14	7	10	8	10	8	12	9	1	0	4	3	0	10	12	3	8	1	7	5	8	0	7	10	9	1	9	2	8	1	13	10	31	10	6	7	17	6	19	12	21	17	13	2	13	7	9	7	14	5	7	4	11	1	6	16	26	17	13	3	13	15	
691_A/duck/Guangdong/04. 6	3	14	7	11	8	10	8	12	9	1	0	4	3	0	10	12	3	8	1	7	5	8	0	7	10	9	1	9	2	8	1	13	10	31	10	6	7	17	6	19	12	21	17	13	2	13	7	9	7	14	5	7	4	11	1	6	16	26	17	13	3	13	15	
692_A/duck/Guangdong/04. 6	3	14	7	11	8	10	8	12	9	1	0	4	3	0	10	12	3	8	1	7	5	8	0	7	10	9	1	9	2	8	1	13	10	31	10	6	7	17	6	19	12	21	17	13	2	13	7	9	7	14	5	7	4	11	1	6	16	26	17	13	3	13	15	
693_A/duck/Guangdong/04. 7	3	14	7	10	8	10	8	12	9	1	0	4	3	0	10	12	3	8	1	7	5	8	0	7	10	9	1	9	2	8	1	13	10	31	10	6	7	17	6	19	12	21	17	13	2	13	7	9	7	14	5	7	4	11	1	6	16	26	17	13	3	13	15	
694_A/duck/Guangdong/04. 7	3	14	7	10	8	10	8	12	9	1	0	4	3	0	10	12	3	8	1	7	5	8	0	7	10	9	1	9	2	8	1	13	10	31	10	6	7	17	6	19	12	21	17	13	2	13	7	9	7	14	5	7	4	11	1	6	16	26	17	13	3	13	15	
695_A/duck/Guangdong/04. 7	3	14	7	10	8	9	7	12	9	1	0	4	2	0	10	8	3	7	1	7	5	8	0	7	10	9	1	9	2	6	1	11	10	31	9	6	7	15	5	17	11	20	17	12	1	12	7	6	7	13	4	7	4	10	1	6	14	25	17	11	3	12	15	
696_A/duck/Guangdong/04. 6	4	11	7	11	7	13	8	10	8	1	0	5	4	0	10	12	3	8	1	7	5	8	0	8	10	9	1	10	2	8	1	13	10	30	10	6	7	19	6	19	11	20	19	14	2	14	5	9	6	13	5	7	5	11	1	5	16	24	18	12	3	15	15	
697_A/duck/Guangdong/11. 7	3	12	5	10	8	12	10	11	10	0	1	5	3	0	10	12	4	8	0	7	4	8	0	6	9	10	1	8	3	9	1	12	10	28	10	6	8	20	6	20	11	24	17	15	2	12	5	9	7	14	4	7	3	11	2	5	16	24	16	12	3	15	17	
698_A/duck/Guangdong/11. 7	3	12	5	10	8	12	10	11	10	0	1	5	3	0	10	12	4	8	0	7	4	8	0	6	9	10	1	8	3	9	1	12	10	28	10	6	8	20	6	20	11	24	17	15	2	12	5	9	7	14	4	7	3	11	2	5	16	24	16	12	3	15	17	
699_A/duck/Guangdong/11. 7	3	12	5	10	8	12	10	10	10	0	1	5	3	0	10	12	4	8	0	7	4	8	0	7	9	10	1	8	3	9	1	12	10	28	10	6	8	21	6	20	11	24	17	15	2	12	5	9	7	14	4	7	3	10	2	5	16	24	16	12	3	15	17	
700_A/duck/Guangdong/KGZ 5	2	10	7	12	7	14	8	7	12	1	0	6	2	0	10	9	4	11	1	10	3	5	0	9	11	7	0	10	2	10	1	15	7	27	11	7	9	20	7	21	9	21	14	13	2	16	7	9	9	13	5	6	1	13	2	6	15	26	16	10	6	13	16	
701_A/duck/Guangdong/KGZ 5	2	9	7	12	8	15	8	8	11	1	0	4	2	0	10	8	4	10	1	11	3	6	0	9	11	8	0	11	2	9	1	15	7	26	10	7	9	21	7	21	9	22	15	13	2	15	7	9	9	13	3	7	1	13	4	5	15	26	16	10	6	13	16	
702_A/duck/Guangdong/KGZ 5	2	9	7	12	8	15	8	8	11	1	0	4	2	0	10	8	4	10	1	11	3	6	0	9	11	8	0	11	2	9	1	15	7	26	10	7	9	21	7	21	9	22	15	13	2	15	7	9	9	13	3	7	1	13	4	5	15	26	16	10	6	13	16	
703_A/duck/Guangdong/KGZ 5	2	9	7	12	8	15	8	8	11	1	0	4	2	0	10	8	4	10	1	11	3	6	0	9	11	8	0	11	2	9	1	15	7	26	10	7	9	21	7	21	9	22	15	13	2	15	7	9	9	13	3	7	1	13	4	5	15	26	16	10	6	13	16	
704_A/duck/Guangdong/KGZ 5	2	9	7	12	8	15	8	8	11	1	0	4	2	0	10	8	4	10	1	11	3	6	0	9	11	8	0	11	2	9	1	15	7	26	10	7	9	21	7	21	9	22	15	13	2	15	7	9	9	13	3	7	1	13	4	5	15	26	16	10	6	13	16	
705_A/duck/Guangdong/KGZ 5	2	10	7	12	7	14	8	8	12	1	0	5	2	0	10	9	4	11	1	10	3	6	0	10	11	7	0	9	2	9	1	15	7	27	10	7	9	21	7	19	9	22	14	15	2	16	7	10	9	13	4	7	2	12	3	5	14	26	16	9	6	13	16	
706_A/Duck/Guangdong/PO1 8	4	11	7	9	8	13	8	9	11	1	0	4	3	0	10	12	3	9	1	7	3	6	0	8	9	10	1	9	3	8	1	11	10	28	11	8	8	18	6	20	12	20	18	13	2	15	5	8	8	14	5	7	4	12	2	7	13	24	20	12	3	15	12	
707_A/Duck/Guangdong/PO1 8	4	12	7	9	8	12	8	10	11	1	0	3	3	0	10	12	3	9	1	7	3	6	0	8	9	10	1	9	3	8	1	11	10	29	11	8	8	18	6	20	12	19	17	13	2	15	7	8	8	13	5	7	4	12	2	7	13	23	20	12	3	16	12	
708_A/Duck/Guangdong/PO1 7	4	12	6	9	7	13	9	11	10	1	0	5	3	0	10	12	3	7	0	7	5	9	0	6	10	10	1	8	2	8	1	12	11	29	9	7	9	17	7	19	10	25	17	14	2	11	6	9	7	14	5	7	2	12	1	6	14	25	16	12	4	15	17	
709_A/Duck/Guangdong/PO1 9	4	12	7	8	8	12	8	10	11	1	0	4	3	0	10	13	3	9	1	7	3	6	0	6	9	10	1	9	3	8	1	11	10	29	11	9	7	18	6	20	12	19	19	13	3	15	5	8	8	13	5	7	4	12	1	7	13	24	19	12	3	15	13	
710_A/Duck/Guangdong/PY5 9	4	11	6	8	7	13	9	11	9	1	0	4	3	0	10	10	3	8	1	8	4	8	0	9	9	7	1	9	3	11	0	14	8	29	9	7	8	19	6	22	10	24	16	12	4	14	5	8	9	14	5	7	3	11	2	6	15	26	18	11	3	13	14	
711_A/Duck/Guangdong/PY5 8	4	11	6	9	7	13	9	11	9	1	0	4	3	0	10	10	3	8	1	8	4	8	0	9	9	7	1	9	3	11	0	15	8	28	9	7	8	20	6	21	10	24	16	12	4	14	5	8	9	14	5	7	3	11	2	6	15	26	18	11	3	13	14	
712_A/duck/Guangdong/S12 5	2	10	7	12	7	14	8	7	12	1	0	6	2	0	10	9	4	11	1	10	3	5	0	9	11	7	1	10	2	10	1	15	7	27	10	7	9	19	7	21	9	21	14	13	2	16	7	9	9	14	4	6	1	13	3	6	15	25	16	10	6	14	16	
713_A/duck/Guangdong/S13 7	4	12	6	10	7	12	9	12	9	1	0	4	3	0	10	12	4	7	0	7	5	9	0	6	9	10	1	9	2	8	1	11	10	29	10	7	8	19	6	20	11	23	18	15	2	12	5	8	7	13	5	8	3	12	1	5	16	24	15	12	3	15	18	
714_A/duck/Guangdong/S45 6	2	9	6	11	8	15	9	8	11	1	0	6	2	0	10	10	4	11	1	10	3	5	0	9	10	7	0	8	3	10	1	15	8	27	10	6	9	20	6	20	10	19	15	14	2	18	7	9	8	16	4	5	1	11	3	6	15	26	16	11	6	13	16	
715_A/duck/Guangdong/S45 6	2	9	6	11	8	15	9	8	11	1	0	6	2	0	10	10	4	11	1	10	3	5	0	9	10	7	0	8	3	10	1	15	8	27	10	6	9	20	6	20	10	19	15	14	2	18	7	9	8	16	4	5	1	11	3	6	15	25	16	11	6	14	16	
716_A/duck/Guangdong/S48 4	2	10	7	12	7	14	8	8	12	1	0	5	2	0	10	9	4	10	1	10	3	6	0	9	11	7	0	10	2	10	1	15	7	26	10	8	8	21	7	21	9	21	15	13	2	16	7	10	9	14	4	6	1	12	3	6	15	26	17	10	6	12	16	
717_A/duck/Guangdong/s14 6	4	11	7	11	7	13	8	11	9	1	0	3	3	0	10	11	4	9	1	7	4	7	0	11	10	8	1	8	2	9	1	13	8	27	10	7	7	20	7	21	11	23	15	13	2	16	6	9	7	14	6	7	3	11	1	6	17	23	15	11	3	16	16	
718_A/duck/Guangdong/SE1 4	2	10	7	12	7	14	8	8	12	1	0	5	2	0	10	9	4	11	1	10	3	5	0	9	11	7	0	10	2	10	1	15	7	26	10	7	9	21	7	21	9	21	15	13	2	16	7	10	9	14	4	6	1	12	3	6	15	25	17	10	6	13	16	
719_A/Duck/Guangdong/SS1 8	4	11	6	9	7	13	9	12	9	1	0	3	3	0	10	10	3	7	1	8	5	9	0	9	8	7	0	9	3	11	1	13	8	29	9	8	8	19	6	21	9	24	16	12	4	14	5	8	10	14	5	7	3	11	2	6	14	26	19	12	4	13	13	
720_A/duck/Guangdong/wy1 6	5	11	7	13	6	13	8	10	11	1	0	3	3	0	10	10	3	8	1	7	4	8	0	9	11	7	1	7	3	12	0	13	8	25	10	9	7	21	6	20	10	24	16	12	3	16	4	10	8	15	6	6	4	11	1	7	15	26	16	10	3	13	15	
721_A/duck/Guangdong/wy1 6	5	10	7	12	6	14	8	10	11	1	0	3	3	0	10	10	3	8	1	8	4	8	0	10	10	7	1	7	3	12	0	13	8	25	10	8	7	20	6	21	10	24	16	12	3	16	4	10	8	15	6	6	4	12	1	7	15	26	16	10	3	13	15	
722_A/duck/Guangdong/wy2 6	6	11	7	12	5	13	8	9	11	1	0	4	3	0	10	10	3	9	1	8	4	7	0	11	10	9	1	6	3	10	0	14	8	27	10	8	7	21	6	19	10	22	18	13	3	15	5	8	7	14	7	7	5	12	1	7	16	25	17	10	2	14	13	
723_A/Duck/Guangdong/Yan 8	4	12	7	9	8	12	8	10	11	1	0	4	3	0	10	12	3	9	1	7	3	6	0	7	9	10	1	9	3	8	1	11	10	29	12	9	7	18	6	20	12	19	18	13	2	16	5	7	8	13	5	7	4	12	1	7	13	24	19	13	3	15	13	
724_A/duck/Guangxi/12.25 7	4	12	7	10	8	12	8	9	10	1	0	5	2	0	10	10	4	10	1	9	5	6	0	9	9	7	1	9	2	10	1	13	8	30	11	8	7	18	6	18	12	22	16	15	2	14	6	9	7	13	5	7	2	12	1	5	16	25	16	12	4	14	16	
725_A/duck/Guangxi/S1009 5	2	10	7	12	6	14	8	8	13	1	0	6	2	0	10	9	4	10	1	10	3	6	0	9	11	7	0	9	2	10	1	15	7	26	10	7	9	21	7	22	9	21	14	14	2	16	7	9	9	13	5	7	2	12	3	4	14	26	16	10	6	13	16	
726_A/duck/Guangxi/S1026 5	2	10	7	12	7	14	8	8	12	1	0	6	2	0	10	9	4	10	1	10	3	6	0	9	11	7	0	9	2	10	1	15	7	26	10	7	9	21	7	20	9	21	15	14	2	16	7	9	9	13	5	7	2	12	3	5	14	26	16	10	6	13	16	
727_A/duck/Guangxi/S1104 5	3	10	7	12	6	14	8	8	12	1	0	5	2	0	10	9	4	10	1	10	3	6	0	9	11	7	0	10	2	10	1	15	7	26	10	7	9	21	7	20	9	20	15	14	2	17	7	9	9	14	4	7	2	12	3	5	14	27	16	10	6	12	16	
728_A/duck/Guangxi/S2119 5	2	10	7	12	7	14	8	8	12	1	0	5	2	0	10	10	4	10	1	10	3	6	0	10	11	7	0	9	2	10	1	15	6	27	10	7	9	21	7	20	9	20	15	14	2	17	7	9	9	13	4	7	2	12	3	5	13	26	16	10	7	13	16	
729_A/duck/Guangxi/S3111 5	2	9	6	12	7	15	9	8	12	1	0	5	2	0	10	9	4	10	1	10	3	6	0	10	11	7	0	9	2	10	1	15	7	26	10	7	9	22	7	20	9	21	15	14	2	16	7	10	9	13	4	7	2	12	3	5	14	26	16	9	6	13	16	
730_A/duck/Guangzhou/018 7	5	13	7	10	7	11	8	9	9	1	0	5	3	0	10	12	3	8	1	7	5	8	0	9	10	9	1	9	2	8	1	13	9	29	10	7	7	18	7	18	12	22	18	15	2	13	6	9	7	13	5	7	3	12	1	6	16	25	16	11	3	14	16	
731_A/duck/Guangzhou/021 7	5	13	7	10	7	11	8	9	9	1	0	5	3	0	10	12	3	8	1	7	5	8	0	9	10	9	1	9	2	8	1	13	9	29	10	7	7	18	7	18	12	22	18	15	2	13	6	9	7	13	5	7	3	12	1	6	16	25	16	11	3	14	16	
732_A/duck/Guizhou/7.27_ 8	4	10	7	9	8	14	8	9	11	1	0	4	3	0	10	12	3	9	1	7	3	6	0	8	10	9	1	9	2	8	1	10	10	29	10	10	7	19	7	20	12	18	19	13	2	17	5	8	8	12	5	7	4	12	2	7	14	24	18	11	3	15	14	
733_A/duck/Guizhou/8.26_ 9	4	12	7	8	8	12	8	9	10	1	0	4	4	0	10	12	3	9	1	7	3	6	0	8	10	9	1	9	2	8	1	10	10	26	11	10	7	20	7	20	11	22	18	13	2	15	5	8	8	13	5	7	4	12	3	7	14	23	17	12	3	15	14	
734_A/duck/Guizhou/8.26_ 8	4	10	7	9	8	14	8	9	10	1	0	4	4	0	10	12	3	9	1	7	3	6	0	8	10	9	1	9	2	8	1	10	10	27	10	10	7	19	8	20	11	19	19	13	2	16	5	8	8	13	5	7	4	12	3	7	14	24	17	12	3	15	14	
735_A/duck/Guizhou/S1321 7	2	10	6	10	8	14	9	9	11	1	0	4	2	0	10	9	4	10	1	10	3	6	0	10	12	7	0	9	1	10	1	13	7	25	10	7	9	21	7	21	9	21	15	14	2	16	7	10	9	14	3	7	1	13	4	6	14	25	15	10	6	14	17	
736_A/duck/Guizhou/S1711 7	2	10	7	10	8	15	8	8	11	0	0	6	2	1	10	8	4	10	1	11	3	6	0	9	12	6	0	9	1	11	2	15	8	31	8	7	8	14	9	18	11	21	16	14	2	17	5	8	8	12	4	6	1	15	3	7	16	28	16	10	5	11	16	
737_A/duck/Guizhou/S4702 6	2	10	7	11	7	14	8	8	12	1	0	5	2	0	10	9	4	10	1	10	4	6	0	10	10	8	0	9	2	10	0	15	7	26	10	6	9	21	7	20	9	20	15	14	2	17	7	9	9	14	4	8	2	12	3	5	14	28	16	10	6	11	16	
738_A/duck/Hainan/12.29_ 8	4	12	7	9	8	12	8	9	12	1	0	4	3	0	10	12	3	9	1	7	3	6	0	8	9	9	1	10	3	8	1	10	10	28	11	10	7	19	6	20	11	20	18	14	2	16	5	8	8	13	5	7	4	12	2	7	14	24	19	11	3	15	13	
739_A/duck/Hebei/3/2011| 6	4	12	7	11	7	12	8	9	9	1	0	5	3	0	10	10	4	8	1	9	4	8	0	10	9	8	1	8	3	9	1	13	8	25	10	8	7	20	7	19	12	22	15	13	3	16	6	9	8	15	5	7	3	12	1	7	16	25	16	10	3	14	16	
740_A/duck/Hebei/S1070/2 6	2	10	7	11	8	15	8	8	11	1	0	5	2	0	10	10	4	9	1	9	3	7	0	9	11	7	0	11	2	10	1	15	7	25	10	7	9	22	6	20	9	21	15	14	2	17	7	9	9	13	4	7	1	12	3	5	15	26	15	9	6	13	17	
741_A/duck/Henan/01.01_L 8	3	12	6	9	8	12	9	9	9	1	0	7	3	0	10	12	4	8	0	7	4	8	0	7	10	10	1	7	2	9	1	11	10	28	10	7	8	21	4	20	11	24	18	14	2	12	5	9	7	14	5	6	3	11	1	6	16	24	16	13	3	15	17	
742_A/duck/Henan/S1381/2 6	2	10	7	11	8	14	8	8	11	1	0	5	2	0	10	9	4	9	1	10	3	7	0	9	11	7	0	10	2	11	1	16	7	27	10	7	10	21	6	20	9	21	15	14	2	16	7	8	9	13	4	7	1	12	3	5	15	26	16	10	6	12	16	
743_A/duck/Hsinchu/15020 7	5	12	7	10	6	12	8	11	12	1	0	3	1	0	10	11	3	10	0	9	4	6	0	9	9	8	0	8	3	8	2	12	10	27	8	10	6	20	9	20	11	24	16	13	2	14	6	7	8	12	4	7	3	14	2	6	17	21	15	12	3	17	17	
744_A/duck/Hubei/03.06__ 7	5	13	10	12	7	11	5	9	10	1	0	6	3	0	10	9	3	9	0	8	3	7	0	9	9	7	1	6	3	10	0	13	8	25	11	10	6	24	4	20	10	23	17	13	3	18	5	5	6	14	6	8	5	12	3	12	14	24	18	7	3	15	13	
745_A/duck/Hubei/03.06__ 8	4	11	6	9	6	13	9	10	10	1	0	5	3	0	10	10	3	8	0	8	4	8	0	10	9	7	1	8	3	11	1	16	8	30	8	7	8	18	6	21	9	24	16	12	5	15	4	7	9	14	5	7	3	12	2	5	14	26	18	12	4	13	14	
746_A/duck/Hubei/03.06__ 8	4	11	6	9	6	13	9	10	10	1	0	5	3	0	10	10	3	8	0	8	4	8	0	10	9	7	1	8	3	11	1	16	8	30	8	7	8	18	6	21	9	24	16	12	5	15	4	7	9	14	5	7	3	12	2	5	14	26	18	12	4	13	14	
747_A/duck/Hubei/03.06__ 8	4	11	6	9	6	13	9	10	10	1	0	5	3	0	10	10	3	8	0	8	4	8	0	10	9	7	1	8	3	11	1	16	8	30	8	7	8	18	6	21	9	24	16	12	5	15	4	7	9	14	5	7	3	12	2	5	14	26	18	12	4	13	14	
748_A/duck/Hubei/03.06__ 8	4	11	6	9	6	13	9	9	11	1	0	5	3	0	10	10	3	8	0	8	4	8	0	10	9	7	1	8	3	11	1	16	8	30	8	7	8	18	6	21	9	24	16	12	5	15	4	7	9	14	5	7	3	12	2	5	14	26	18	12	4	13	14	
749_A/duck/Hubei/03.06__ 8	4	11	6	9	6	13	9	10	10	1	0	5	3	0	10	10	3	8	0	8	4	8	0	10	9	7	1	8	3	11	1	16	8	30	8	7	8	18	6	21	9	24	16	12	5	15	4	7	9	14	5	7	3	12	2	5	14	26	18	12	4	13	14	
750_A/duck/Hubei/03.06__ 7	5	13	10	12	7	11	5	9	10	1	0	6	3	0	10	9	3	9	0	8	3	7	0	9	9	7	1	6	3	10	0	13	8	25	11	10	6	24	4	20	10	23	17	13	3	18	6	5	6	14	6	8	5	12	3	12	14	24	18	7	3	15	12	
751_A/duck/HuBei/03.06__ 8	4	11	6	9	6	13	9	10	10	1	0	5	3	0	10	10	3	8	0	8	4	8	0	10	9	7	1	8	3	11	1	16	8	30	8	7	8	18	6	21	9	24	16	12	5	15	4	7	9	14	5	7	3	12	2	5	14	26	18	12	4	13	14	
752_A/duck/Hubei/03.06_W 8	4	11	6	9	6	13	9	10	10	1	0	5	3	0	10	10	3	8	0	8	4	8	0	10	9	7	1	8	3	11	1	16	8	30	8	7	8	18	6	21	9	24	16	12	5	15	4	7	9	14	5	7	3	12	2	5	14	26	18	12	4	13	14	
753_A/duck/Hubei/03.06_W 8	4	11	6	9	6	13	9	10	10	1	0	5	3	0	10	10	3	8	0	8	4	8	0	10	9	7	1	8	3	11	1	16	8	30	8	7	8	18	6	21	9	24	16	12	5	15	4	7	9	14	5	7	3	12	2	5	14	26	18	12	4	13	14	
754_A/duck/Hubei/46/2009 7	4	12	8	11	8	12	7	6	11	1	0	6	3	0	10	10	4	7	0	8	2	6	1	11	10	9	1	8	3	10	0	14	10	22	14	8	6	24	5	17	11	21	18	14	1	17	6	6	7	13	7	9	4	13	0	9	14	24	20	8	4	16	11	
755_A/duck/Hubei/2911/20 6	6	13	8	13	6	10	7	6	11	1	0	5	3	0	10	9	3	7	0	8	4	6	0	11	9	6	1	9	3	13	0	14	9	24	12	8	6	25	5	19	10	22	18	13	2	16	4	8	7	13	6	8	5	15	1	7	15	24	17	9	4	13	15	
756_A/duck/Hubei/S4465/2 7	3	9	7	10	7	15	8	8	11	1	0	7	2	0	10	9	4	8	1	10	3	8	0	9	10	8	0	8	2	10	1	16	8	28	10	6	9	19	7	21	9	21	14	14	1	16	8	8	8	15	4	7	2	11	3	6	15	26	19	9	6	13	13	
757_A/duck/Hubei/SE128/2 7	3	9	7	10	7	15	8	8	11	1	0	7	2	0	10	9	4	8	1	10	3	8	0	9	10	8	0	8	2	10	1	16	8	28	10	6	9	19	7	21	9	21	15	14	1	16	7	8	8	14	5	7	2	11	3	5	15	26	18	10	6	13	14	
758_A/duck/Hubei/SE220/2 7	2	9	7	10	8	15	8	8	11	1	0	6	2	0	10	10	4	11	1	10	3	5	0	9	9	7	0	8	4	10	1	15	8	30	9	6	9	18	7	20	10	19	15	14	2	18	7	9	8	15	4	5	1	11	3	6	15	26	16	11	6	13	16	
759_A/duck/Hubei/SZY250/ 7	3	11	7	10	8	14	8	10	12	1	0	5	1	0	10	8	3	7	1	9	4	9	0	10	8	8	1	8	4	10	1	12	10	26	7	10	7	21	9	19	12	24	17	12	2	13	5	7	8	13	5	8	3	14	1	6	14	25	15	12	4	12	17	
760_A/duck/Hubei/xn/2007 7	5	12	10	12	6	12	5	8	11	1	0	6	3	0	10	8	4	7	0	9	2	8	0	8	10	8	0	8	3	11	0	13	9	24	10	9	6	25	6	19	11	24	17	14	1	12	8	5	5	14	7	8	6	14	0	11	14	23	20	8	3	17	11	
761_A/duck/Hunan/1.12_YY 8	4	13	7	9	8	11	8	9	11	1	0	4	3	0	10	12	2	9	1	7	4	6	0	8	9	10	1	9	3	8	1	10	10	27	11	9	7	20	6	20	13	19	18	13	2	16	5	9	8	13	5	7	4	12	2	7	12	24	18	12	3	15	14	
762_A/duck/Hunan/1.12_YY 8	4	13	7	9	8	11	8	9	11	1	0	4	3	0	10	12	2	9	1	7	4	6	0	8	9	10	1	9	3	8	1	10	10	27	11	9	7	20	6	20	12	19	18	13	2	16	5	9	8	13	5	7	4	12	2	7	13	24	18	12	3	15	14	
763_A/duck/Hunan/1.12_YY 8	4	12	7	9	8	12	8	10	11	1	0	4	3	0	10	12	3	9	1	7	3	6	0	6	9	10	1	10	3	8	1	11	11	29	12	9	6	18	6	20	12	19	18	13	2	17	5	8	8	13	5	7	4	12	1	7	13	23	19	12	3	15	13	
764_A/duck/Hunan/01.12_Y 8	4	12	7	9	8	12	8	10	11	1	0	4	3	0	10	12	3	9	1	7	3	6	0	6	9	10	1	10	3	8	1	11	11	29	12	9	6	18	6	20	12	19	18	13	2	17	5	8	8	13	5	7	4	12	1	7	13	23	19	12	3	15	13	
765_A/duck/Hunan/01.16_Y 8	4	11	6	9	7	13	9	11	9	1	0	4	3	0	10	10	3	8	1	8	4	8	0	9	9	7	1	9	3	11	0	15	8	29	9	7	8	19	6	21	10	24	16	12	4	14	5	8	9	14	5	7	3	11	2	6	15	26	18	11	3	13	14	
766_A/duck/Hunan/01.16_Y 8	4	11	6	9	7	13	9	11	9	1	0	4	3	0	10	10	3	8	1	8	4	8	0	9	9	7	1	9	3	11	0	15	8	29	9	7	8	19	6	21	10	24	16	12	4	14	5	8	9	14	5	7	3	11	2	5	15	26	18	12	3	13	14	
767_A/duck/Hunan/01.16_Y 7	4	11	6	10	7	13	9	11	9	0	0	5	3	1	10	10	3	7	1	8	4	9	0	9	9	7	1	8	3	11	0	15	8	30	9	7	8	18	6	21	10	24	16	12	4	14	5	8	9	14	5	7	3	11	2	6	15	26	18	11	3	13	14	
768_A/duck/Hunan/01.16_Y 7	4	11	6	10	7	13	9	11	9	0	0	5	3	1	10	10	3	7	1	8	4	9	0	9	9	7	1	8	3	11	0	15	8	30	9	7	8	18	6	21	10	24	16	12	4	14	5	8	9	14	5	7	3	11	2	6	15	26	18	11	3	13	14	
769_A/duck/Hunan/01.16_Y 7	4	11	6	10	7	13	9	11	9	0	0	5	3	1	10	10	3	7	1	8	4	9	0	9	9	7	1	8	3	11	0	15	8	30	9	7	8	18	6	21	10	24	16	12	4	14	5	8	9	14	5	7	3	11	2	6	15	26	18	11	3	13	14	
770_A/duck/Hunan/01.16_Y 7	4	11	6	10	7	13	9	11	9	0	0	5	3	1	10	10	3	7	1	8	4	9	0	9	9	7	1	8	3	11	0	15	8	30	9	7	8	18	6	21	10	24	16	12	4	14	5	8	9	14	5	7	3	11	2	6	15	26	18	11	3	13	14	
771_A/duck/Hunan/01.16_Y 7	4	11	6	10	7	13	9	11	9	0	0	5	3	1	10	10	3	7	1	8	4	9	0	9	9	7	1	8	3	11	0	15	9	30	9	7	7	18	6	21	10	24	16	12	4	14	5	8	9	14	5	7	3	11	2	6	15	26	18	11	3	13	14	
772_A/duck/Hunan/01.16_Y 7	4	11	6	10	7	13	9	11	9	0	0	5	3	1	10	10	3	7	1	8	4	9	0	9	9	7	1	8	3	11	0	15	8	30	9	7	8	18	6	21	10	24	16	12	4	14	5	8	9	14	5	7	3	11	2	6	15	26	18	11	3	13	14	
773_A/duck/Hunan/01.16_Y 7	4	11	6	10	7	13	9	11	9	0	0	5	3	1	10	10	3	7	1	8	4	9	0	9	9	7	1	8	3	11	0	15	8	30	9	7	8	18	6	21	10	24	16	12	4	14	5	8	9	14	5	7	3	11	2	6	15	26	18	11	3	13	14	
774_A/duck/Hunan/01.16_Y 7	4	11	6	10	7	13	9	11	9	0	0	5	3	1	10	10	3	7	1	8	4	9	0	9	9	7	1	8	3	11	0	15	8	30	9	7	8	18	6	21	10	24	16	12	4	14	5	8	9	14	5	7	3	11	2	6	15	26	18	11	3	13	14	
775_A/duck/Hunan/01.16_Y 7	4	11	6	10	7	13	9	11	9	0	0	5	3	1	10	10	3	7	1	8	4	9	0	9	9	7	1	8	3	11	0	15	8	30	9	7	8	18	6	21	10	24	16	12	4	14	5	8	9	14	5	7	3	11	2	6	15	26	18	11	3	13	14	
776_A/duck/Hunan/1.17_YY 6	4	11	7	11	7	13	8	10	11	1	0	4	3	0	10	12	4	9	1	7	4	6	0	8	9	8	1	9	3	9	1	13	9	30	11	7	8	19	5	20	13	19	19	14	1	15	5	9	8	13	5	6	4	12	1	6	12	25	17	11	4	14	15	
777_A/duck/Hunan/01.21_Y 8	4	11	6	9	6	13	9	10	10	1	0	5	3	0	10	11	3	8	0	7	4	8	0	10	9	8	1	8	3	10	1	15	8	30	8	7	8	18	6	21	10	24	14	12	4	15	6	8	9	13	5	7	3	13	2	5	14	26	17	12	4	13	15	
778_A/duck/Hunan/01.21_Y 8	4	11	6	10	7	13	9	11	9	1	0	4	3	0	10	10	3	8	1	7	4	8	0	9	9	7	1	9	3	11	0	13	8	27	9	7	8	20	6	21	10	24	16	12	4	15	5	10	9	13	5	7	3	12	2	7	15	26	18	10	3	13	14	
779_A/duck/Hunan/01.21_Y 9	4	10	6	9	6	13	9	10	10	1	0	5	3	0	10	11	3	8	0	7	4	8	0	10	9	8	1	8	3	10	1	15	8	30	8	7	8	18	6	21	10	24	14	12	4	15	6	8	9	13	5	7	3	13	2	5	14	26	17	12	4	13	15	
780_A/duck/Hunan/01.21_Y 8	4	11	6	9	6	13	9	10	10	1	0	5	3	0	10	11	3	8	0	7	4	8	0	9	9	7	1	9	3	11	1	14	7	29	9	6	9	19	6	21	11	25	16	12	4	14	4	9	8	16	5	7	3	9	2	6	15	26	18	12	3	13	14	
781_A/duck/Hunan/01.21_Y 8	4	11	6	9	6	13	9	10	10	1	0	5	3	0	10	11	3	8	0	7	4	8	0	10	9	8	1	8	3	10	1	15	8	30	8	7	8	18	6	21	10	24	14	12	4	15	6	8	9	13	5	7	3	13	2	5	14	26	17	12	4	13	15	
782_A/duck/Hunan/2.06_YY 7	4	12	7	10	8	12	8	10	11	1	0	4	3	0	10	12	3	10	1	7	3	5	0	7	10	10	1	9	2	8	1	11	10	29	12	9	7	18	6	20	11	19	18	12	3	18	4	8	7	13	5	7	5	12	1	7	13	23	20	12	3	16	12	
783_A/duck/Hunan/2.06_YY 9	4	12	7	8	8	12	8	9	11	1	0	4	3	0	10	12	3	9	1	7	3	6	0	8	9	10	1	9	3	8	1	11	10	27	12	9	7	19	6	20	12	19	18	13	2	17	4	8	8	13	5	7	4	12	2	7	13	24	18	12	3	15	14	
784_A/duck/Hunan/2.06_YY 7	4	12	7	10	8	12	8	10	11	1	0	4	3	0	10	12	3	10	1	7	3	5	0	7	10	10	1	9	2	8	1	11	10	29	12	9	7	18	6	20	11	19	18	12	3	18	4	8	7	13	5	7	5	12	1	7	13	23	20	12	3	16	12	
785_A/duck/Hunan/2.06_YY 7	4	12	7	10	8	12	8	10	11	1	0	4	3	0	10	12	3	10	1	7	3	5	0	7	10	10	1	9	2	8	1	11	10	29	12	9	7	18	6	20	11	19	18	12	3	18	4	8	7	13	5	7	5	12	1	7	13	23	20	12	3	16	12	
786_A/duck/Hunan/02.07__ 8	4	11	6	9	6	13	9	10	10	1	0	5	3	0	10	10	3	8	0	8	4	8	0	9	9	7	1	9	3	11	1	14	7	29	9	6	9	19	6	21	11	25	16	12	4	14	4	9	8	16	5	7	3	9	2	6	15	26	18	12	3	13	14	
787_A/duck/Hunan/02.07__ 8	4	11	6	9	6	13	9	10	10	1	0	5	3	0	10	10	3	8	0	8	4	8	0	9	9	7	1	9	3	11	1	13	7	29	9	7	9	19	6	21	11	26	16	12	4	13	4	9	8	16	5	7	3	9	2	6	15	26	18	12	3	13	14	
788_A/duck/Hunan/02.07_Y 8	4	11	6	10	7	13	9	11	9	1	0	4	3	0	10	10	3	8	1	7	4	8	0	9	9	7	1	9	3	11	0	13	8	27	9	7	8	20	6	21	10	24	16	12	4	15	5	10	9	13	5	7	3	12	2	7	15	26	18	10	3	13	14	
789_A/duck/Hunan/02.07_Y 8	4	11	6	9	6	13	9	10	10	1	0	5	3	0	10	10	3	8	0	8	4	8	0	9	9	7	1	9	3	11	1	14	7	29	9	6	9	19	6	21	11	25	16	12	4	14	4	9	8	16	5	7	3	9	2	6	15	26	18	12	3	13	14	
790_A/duck/Hunan/02.07_Y 8	4	11	6	10	7	13	9	11	9	1	0	4	3	0	10	10	3	8	1	7	4	8	0	9	9	7	1	9	3	11	0	13	8	27	9	7	8	20	6	21	10	24	16	12	4	15	5	10	9	13	5	7	3	12	2	7	15	26	18	10	3	13	14	
791_A/duck/Hunan/02.16_Y 7	4	11	6	10	7	13	9	11	9	0	0	5	3	1	10	10	3	7	1	8	4	9	0	9	9	7	1	8	3	11	0	15	8	30	9	7	8	18	6	21	10	24	16	12	4	14	5	8	9	14	5	7	3	11	2	6	15	26	18	11	3	13	14	
792_A/duck/Hunan/02.26__ 7	4	11	6	10	7	13	9	11	9	0	0	5	3	1	10	10	3	7	1	8	4	9	0	9	9	7	1	8	3	11	0	15	8	30	9	7	8	18	6	21	10	24	16	12	4	14	5	8	9	14	5	7	3	11	2	6	15	26	18	11	3	13	14	
793_A/duck/Hunan/02.26__ 7	4	11	6	10	7	13	9	11	9	0	0	5	3	1	10	10	3	7	1	8	4	9	0	9	9	7	1	8	3	11	0	15	8	30	9	7	8	18	6	21	10	24	16	12	4	14	5	8	9	14	5	7	3	11	2	6	15	26	18	11	3	13	14	
794_A/duck/Hunan/02.26__ 7	4	11	6	10	7	13	9	10	10	0	0	5	3	1	10	10	3	7	1	8	4	9	0	9	9	7	1	8	3	11	0	15	8	30	9	7	8	18	6	21	10	24	16	12	4	14	5	8	9	14	5	7	3	11	2	6	15	26	18	11	3	13	14	
795_A/duck/Hunan/02.26__ 7	4	11	6	10	7	13	9	11	9	0	0	5	3	1	10	10	3	7	1	8	4	9	0	9	9	7	1	8	3	11	0	15	8	30	9	7	8	18	6	21	10	24	16	12	4	14	5	8	9	14	5	7	3	11	2	6	15	26	18	11	3	13	14	
796_A/duck/Hunan/02.26_Y 8	4	11	6	9	7	13	9	11	9	1	0	4	3	0	10	10	3	8	1	8	4	8	0	9	9	7	1	9	3	11	0	15	8	29	9	7	8	19	6	21	10	24	16	12	4	14	5	8	9	14	5	7	3	11	2	6	15	26	18	11	3	13	14	
797_A/duck/Hunan/02.26_Y 7	4	11	6	10	7	13	9	11	9	0	0	5	3	1	10	10	3	7	1	8	4	9	0	9	9	7	1	8	3	11	0	15	8	30	9	7	8	18	6	21	10	24	16	12	4	14	5	8	9	14	5	7	3	11	2	6	15	26	18	11	3	13	14	
798_A/duck/Hunan/02.26_Y 7	4	11	6	10	7	13	9	11	9	0	0	5	3	1	10	10	3	7	1	8	4	9	0	9	9	7	1	8	3	11	0	15	8	30	9	7	8	18	6	21	10	24	16	12	4	14	5	8	9	14	5	7	3	11	2	6	15	26	18	11	3	13	14	
799_A/duck/Hunan/02.26_Y 8	4	11	7	9	6	13	8	10	10	1	0	5	3	0	10	11	3	8	0	7	4	8	0	9	9	7	1	9	3	11	1	14	7	29	9	6	9	19	6	21	11	25	17	12	4	14	4	9	8	16	5	7	3	9	2	6	15	26	17	12	3	13	14	
800_A/duck/Hunan/02.26_Y 8	4	11	6	9	7	13	9	11	9	1	0	4	3	0	10	10	3	8	1	8	4	8	0	9	10	7	1	9	2	11	0	15	8	29	9	7	8	19	6	21	10	24	16	12	4	14	5	8	9	14	5	7	3	11	2	7	15	26	18	10	3	13	14	
801_A/duck/Hunan/02.26_Y 7	4	11	6	10	7	13	9	11	9	0	0	5	3	1	10	10	3	7	1	8	4	9	0	9	9	7	1	8	3	11	0	15	8	30	9	7	8	18	6	21	10	24	16	12	4	14	5	8	9	14	5	7	3	11	2	6	15	26	18	11	3	13	14	
802_A/duck/Hunan/02.26_Y 8	4	11	6	9	7	13	9	11	9	1	0	4	3	0	10	10	3	8	1	8	4	8	0	9	10	7	1	9	2	11	0	15	8	29	9	7	8	19	6	21	10	24	16	12	4	14	5	8	9	14	5	7	3	11	2	7	15	26	18	10	3	13	14	
803_A/duck/Hunan/02.26_Y 8	4	11	6	9	7	13	9	11	9	1	0	4	3	0	10	10	3	8	1	8	4	8	0	9	10	7	1	9	2	11	0	15	8	29	9	7	8	19	6	21	10	24	16	12	4	14	5	8	9	14	5	7	3	11	2	7	15	26	18	10	3	13	14	
804_A/duck/Hunan/02.26_Y 8	4	11	6	9	7	13	9	11	9	1	0	4	3	0	10	10	3	8	1	8	4	8	0	9	10	7	1	9	2	11	0	15	8	29	9	7	8	19	6	21	10	24	16	12	4	14	5	8	9	14	5	7	3	11	2	7	15	26	18	10	3	13	14	
805_A/duck/Hunan/02.26_Y 8	4	11	6	9	7	13	9	11	9	1	0	4	3	0	10	10	3	8	1	8	4	8	0	9	10	7	1	9	2	11	0	15	8	29	9	7	8	19	6	21	10	24	16	12	4	14	5	8	9	14	5	7	3	11	2	7	15	26	18	10	3	13	14	
806_A/duck/Hunan/02.26_Y 7	4	11	6	10	7	13	9	11	9	0	0	5	3	1	10	10	3	7	1	8	4	9	0	9	9	7	1	8	3	11	0	15	8	30	9	7	8	18	6	21	10	24	16	12	4	14	5	8	9	14	5	7	3	11	2	6	15	26	18	11	3	13	14	
807_A/duck/Hunan/02.26_Y 7	4	11	6	10	7	13	9	11	9	0	0	5	3	1	10	10	3	7	1	8	4	9	0	9	9	7	1	8	3	11	0	15	8	30	9	7	8	18	6	21	10	24	16	12	4	14	5	8	9	14	5	7	3	11	2	6	15	26	18	11	3	13	14	
808_A/duck/Hunan/03.07_Y 6	5	12	10	13	7	12	5	8	11	1	0	8	2	0	10	6	4	6	0	11	2	9	0	8	11	5	2	8	1	14	0	11	10	30	9	12	6	21	5	21	12	24	16	12	1	14	5	5	6	13	6	9	5	13	2	6	14	25	20	9	4	15	10	
809_A/duck/Hunan/03.07_Y 9	5	12	6	8	6	12	9	9	10	0	1	6	2	0	10	10	3	9	1	9	8	7	0	10	6	10	1	7	3	8	1	12	8	26	11	9	7	22	6	18	12	24	16	15	1	13	6	8	8	13	5	7	2	12	1	6	15	26	18	12	4	13	14	
810_A/duck/Hunan/03.07_Y 7	5	12	7	10	8	12	8	10	11	1	0	4	3	0	10	12	3	10	1	7	3	5	0	7	10	10	1	9	2	8	1	11	10	29	12	9	7	18	6	20	11	19	18	12	3	18	4	8	6	13	5	7	5	12	1	7	13	23	20	12	3	16	12	
811_A/duck/Hunan/03.07_Y 8	4	13	5	9	7	11	10	10	11	1	0	4	3	0	10	10	3	9	0	8	5	6	0	7	9	10	1	9	3	8	1	12	10	29	12	9	7	18	6	21	12	18	20	12	2	17	3	8	9	12	6	7	3	13	1	6	13	25	19	12	3	14	13	
812_A/duck/Hunan/03.09_Y 8	4	11	6	9	6	13	9	10	10	1	0	5	3	0	10	10	3	8	0	8	4	8	0	9	9	7	1	9	3	11	1	14	8	28	9	7	8	20	6	21	10	24	15	12	4	15	5	9	9	15	5	7	3	10	2	6	14	27	19	11	4	12	13	
813_A/duck/Hunan/03.09_Y 6	4	11	7	11	7	13	8	11	10	0	0	4	3	1	10	12	3	8	1	7	5	7	1	8	10	9	1	9	2	8	1	13	10	29	10	6	7	18	6	18	10	23	18	16	3	13	6	10	8	14	5	6	3	11	1	5	15	24	15	12	3	15	17	
814_A/duck/Hunan/03.09_Y 7	4	12	7	10	8	12	8	9	10	1	0	5	2	0	10	10	4	9	1	9	5	7	0	9	9	7	1	9	2	10	1	12	8	29	11	10	7	19	6	18	12	22	15	15	2	14	7	9	7	13	5	6	2	12	1	6	16	25	15	11	4	14	17	
815_A/duck/Hunan/03.24_Y 8	4	11	7	9	7	13	8	11	12	1	0	4	2	0	10	12	4	9	1	7	5	6	0	7	9	9	1	9	2	8	1	14	10	30	11	6	7	19	5	19	13	19	20	15	1	15	3	9	8	13	5	6	3	12	1	6	14	24	19	11	3	16	13	
816_A/duck/Hunan/03.24_Y 8	4	11	7	9	7	13	8	11	12	1	0	4	2	0	10	12	4	9	1	7	5	6	0	7	9	9	1	9	2	8	1	14	10	30	11	6	7	19	5	19	13	19	20	15	1	15	3	9	8	13	5	6	3	12	1	6	14	24	19	11	3	16	13	
817_A/duck/Hunan/03.24_Y 8	4	11	7	9	7	13	8	11	12	1	0	4	2	0	10	12	4	9	1	7	5	6	0	7	9	9	1	9	2	8	1	14	10	30	11	6	7	19	5	19	13	19	20	15	1	15	3	9	8	13	5	6	3	12	1	6	14	24	19	11	3	16	13	
818_A/duck/Hunan/03.24_Y 8	4	11	7	9	7	13	8	11	12	1	0	4	2	0	10	12	4	9	1	7	5	6	0	7	9	9	1	9	2	8	1	14	10	30	11	6	7	19	5	19	13	19	20	15	1	15	3	8	8	13	5	7	3	12	1	6	14	24	19	11	3	16	13	
819_A/duck/Hunan/04.14_Y 8	4	13	6	9	6	11	9	9	10	1	0	6	3	0	10	10	3	8	0	8	4	8	0	11	8	7	1	7	4	11	1	16	8	29	8	7	8	20	6	21	11	23	17	12	3	16	4	7	9	14	4	7	3	11	2	5	14	26	18	12	4	12	15	
820_A/duck/Hunan/04.14_Y 8	4	11	6	9	6	13	9	10	10	1	0	5	3	0	10	10	3	8	0	8	4	8	0	9	9	7	1	9	3	11	1	14	8	29	9	7	8	19	6	21	10	25	17	13	3	14	3	9	9	16	5	7	3	9	2	7	13	26	18	10	5	13	14	
821_A/duck/Hunan/04.14_Y 8	4	11	6	9	6	13	9	10	10	1	0	5	3	0	10	10	3	8	0	8	4	8	0	10	10	7	1	8	2	11	1	17	8	31	8	7	8	17	6	21	8	24	16	12	6	15	4	6	9	14	5	7	3	12	2	5	14	26	18	12	4	13	14	
822_A/duck/Hunan/04.14_Y 8	4	11	6	9	6	13	9	10	10	1	0	5	3	0	10	10	3	8	0	8	4	8	0	10	10	7	1	8	2	11	1	16	8	30	8	7	8	18	6	21	9	24	16	12	5	15	4	7	9	14	5	7	3	12	2	5	14	26	18	12	4	13	14	
823_A/duck/Hunan/04.14_Y 8	4	13	6	9	6	11	9	9	10	1	0	6	3	0	10	10	3	8	0	8	4	8	0	11	8	7	1	7	4	11	1	16	8	29	8	7	8	20	6	21	11	23	17	12	3	16	4	7	9	14	4	7	3	11	2	5	14	26	18	12	4	12	15	
824_A/duck/Hunan/04.14_Y 8	4	13	6	9	6	11	9	9	10	1	0	6	3	0	10	10	3	8	0	8	4	8	0	11	8	7	1	7	4	11	1	16	8	29	8	7	8	20	6	21	11	23	17	12	3	16	4	7	9	14	4	7	3	11	2	5	14	26	18	12	4	12	15	
825_A/duck/Hunan/04.14_Y 8	4	13	6	9	6	11	9	9	10	1	0	6	3	0	10	10	3	8	0	8	4	8	0	11	8	7	1	7	4	11	1	16	8	29	8	7	8	20	6	21	11	23	17	12	3	16	4	7	9	14	4	7	3	11	2	5	14	26	18	12	4	12	15	
826_A/duck/Hunan/04.14_Y 8	4	11	6	9	6	13	9	10	10	1	0	5	3	0	10	10	3	8	0	8	4	8	0	10	10	7	1	8	2	11	1	17	8	30	7	7	8	18	7	21	8	24	16	12	6	15	4	6	9	14	5	7	3	12	2	5	14	26	18	12	4	13	14	
827_A/duck/Hunan/04.14_Y 8	4	11	6	9	6	13	9	10	10	1	0	5	3	0	10	10	3	8	0	8	4	8	0	10	10	7	1	8	2	11	1	17	8	30	7	7	8	18	7	21	8	24	16	12	6	15	4	6	9	14	5	7	3	12	2	5	14	26	18	12	4	13	14	
828_A/duck/Hunan/04.22_L 7	4	10	7	11	7	13	8	13	9	1	0	4	3	0	10	12	3	8	1	7	6	8	0	6	9	9	1	9	2	8	1	12	11	26	11	6	8	20	5	20	10	24	18	14	2	12	6	9	7	15	5	7	3	11	1	6	16	25	16	12	3	14	16	
829_A/duck/Hunan/7.21_YY 7	4	12	7	10	7	12	8	13	9	1	0	4	3	0	10	12	3	6	1	7	5	10	0	6	8	9	1	9	4	8	1	12	10	28	10	6	8	20	6	20	9	24	18	15	4	11	6	9	7	14	5	7	3	11	1	5	16	24	16	12	3	15	16	
830_A/duck/Hunan/11.30_Y 7	4	12	6	9	7	13	9	12	10	1	0	3	3	0	10	12	4	8	0	7	4	8	0	6	10	9	1	9	2	8	1	12	11	30	9	7	9	17	7	19	10	27	15	14	2	10	8	9	7	15	5	7	2	11	1	6	14	24	18	12	4	15	15	
831_A/duck/Hunan/11.30_Y 8	4	12	7	9	8	12	8	10	11	1	0	4	3	0	10	12	3	10	1	7	3	5	0	7	9	10	1	9	3	8	1	11	10	29	12	9	7	18	6	20	12	19	18	13	2	16	5	8	8	13	5	7	4	12	1	7	13	24	18	12	3	15	14	
832_A/duck/Hunan/11.30_Y 8	4	12	7	9	8	12	8	10	11	1	0	4	3	0	10	12	3	10	1	7	3	5	0	7	9	10	1	9	3	8	1	11	10	29	12	9	7	18	6	20	12	19	18	13	2	16	5	8	8	13	5	7	4	12	1	7	13	24	18	12	3	15	14	
833_A/duck/Hunan/11.30_Y 6	4	11	7	11	6	13	8	9	10	1	0	5	3	0	10	9	3	10	1	10	5	6	0	7	10	8	0	11	2	9	1	14	6	26	10	8	9	22	7	19	11	23	15	13	3	15	6	9	10	12	6	7	1	13	1	5	16	26	15	12	2	14	16	
834_A/duck/Hunan/11.30_Y 6	4	11	7	11	6	13	8	9	10	1	0	5	3	0	10	9	3	10	1	10	5	6	0	7	10	8	0	11	2	9	1	14	6	26	10	8	9	22	7	19	11	23	15	13	3	15	6	9	10	12	6	7	1	13	1	5	16	26	15	12	2	14	16	
835_A/duck/Hunan/12.07__ 6	5	12	10	13	6	12	5	8	10	1	0	6	3	0	10	7	4	7	0	10	2	9	0	8	11	6	2	9	2	12	0	12	10	28	10	11	6	21	6	21	11	23	16	12	1	16	6	6	7	13	7	8	5	14	1	6	15	24	17	9	2	15	13	
836_A/duck/Hunan/12.07__ 5	6	12	10	14	7	12	5	8	10	1	0	5	2	0	10	6	4	7	0	10	2	9	0	8	10	7	2	9	2	11	0	14	10	28	9	10	6	20	6	21	10	22	16	12	2	16	7	4	6	13	7	8	5	14	2	7	15	22	18	11	3	18	12	
837_A/duck/Hunan/12.07__ 8	4	12	7	9	7	12	8	11	9	1	0	4	3	0	10	12	3	8	1	7	5	8	0	8	10	9	1	9	2	8	1	13	10	29	10	6	7	19	6	19	11	24	17	15	2	13	6	9	8	12	5	7	3	13	1	5	16	24	16	12	3	14	16	
838_A/duck/Hunan/12.07__ 7	4	12	7	10	7	12	8	11	9	1	0	4	3	0	10	12	3	8	1	7	5	8	0	8	10	9	1	9	2	8	1	13	10	29	10	6	6	19	6	19	12	22	17	15	2	13	7	9	8	13	5	7	3	12	1	5	15	25	17	12	4	14	15	
839_A/duck/Hunan/12.07__ 9	4	11	6	9	7	13	9	11	9	1	0	5	3	0	10	9	3	8	1	8	4	8	0	9	9	8	1	8	3	10	0	15	8	29	9	7	8	19	6	21	10	25	15	12	4	14	5	8	9	14	5	7	3	11	2	6	15	26	18	11	3	13	14	
840_A/duck/Hunan/12.07_Y 7	4	12	7	10	7	12	8	11	9	1	0	4	3	0	10	12	3	8	1	7	5	8	0	8	10	9	1	9	2	8	1	13	10	29	10	7	6	19	6	19	11	25	17	15	2	13	6	9	8	12	5	7	3	13	1	5	16	23	16	12	3	14	16	
841_A/duck/Hunan/12.07_Y 5	6	12	10	14	7	12	5	8	10	1	0	5	2	0	10	6	4	7	0	9	2	9	0	9	10	7	2	9	2	11	0	14	10	28	9	10	6	20	6	21	10	22	16	12	2	16	7	4	6	13	7	8	5	14	2	7	15	22	18	11	3	18	12	
842_A/duck/Hunan/12.07_Y 8	4	11	6	9	7	13	9	11	9	1	0	4	3	0	10	10	3	7	1	8	4	9	0	9	9	7	1	9	3	11	0	15	8	31	9	7	8	18	6	21	10	24	16	12	4	14	5	8	9	13	5	7	3	11	2	6	14	26	18	11	4	13	14	
843_A/duck/Hunan/12.07_Y 9	4	12	6	8	7	12	9	11	9	1	0	4	3	0	10	10	3	8	1	8	4	8	0	9	9	7	1	9	3	11	0	14	8	29	9	7	8	19	6	21	10	24	16	12	4	14	5	9	9	14	5	7	3	11	2	6	15	26	18	11	3	13	14	
844_A/duck/Hunan/12.07_Y 6	5	12	10	13	7	12	5	8	10	1	0	6	3	0	10	7	4	7	0	10	2	9	0	8	10	6	2	9	2	12	0	12	12	27	10	11	4	23	5	21	12	22	16	12	1	16	6	6	6	13	7	8	5	13	2	7	14	24	18	8	3	16	12	
845_A/duck/Hunan/12.07_Y 7	4	12	7	10	7	12	8	11	9	1	0	4	3	0	10	12	3	8	1	7	5	8	0	8	10	9	1	9	2	8	1	13	10	29	10	6	7	19	6	19	11	22	18	15	2	13	6	9	8	13	5	7	3	12	1	5	16	25	16	12	3	14	16	
846_A/duck/Hunan/12.07_Y 7	4	12	7	10	7	12	8	11	9	1	0	4	3	0	10	12	3	8	1	7	5	8	0	8	10	9	1	9	2	8	1	13	10	29	10	6	6	19	6	19	12	22	17	15	2	13	7	9	8	13	5	7	3	12	1	5	15	25	17	12	4	14	15	
847_A/duck/Hunan/12.17__ 6	4	11	7	11	7	13	8	11	10	1	0	4	3	0	10	12	3	8	1	7	5	8	0	8	10	9	1	9	2	8	1	14	10	28	10	6	7	19	6	19	10	22	19	15	3	14	5	8	8	14	5	7	3	11	1	5	15	24	16	12	3	15	16	
848_A/duck/Hunan/12.17__ 6	4	11	7	11	7	13	8	11	10	1	0	4	3	0	10	12	3	8	1	7	5	8	0	8	10	9	1	9	2	8	1	14	10	28	10	6	7	19	6	19	10	22	19	15	3	14	5	8	8	14	5	7	3	11	1	5	15	24	16	12	3	15	16	
849_A/duck/Hunan/12.17__ 8	4	11	6	9	6	13	9	9	10	0	1	6	3	0	10	9	3	8	0	8	4	8	0	10	9	7	1	8	3	11	1	15	8	29	8	7	8	20	6	21	10	24	16	12	4	15	4	9	9	15	5	7	4	10	2	5	14	27	18	11	4	12	14	
850_A/duck/Hunan/12.17_Y 7	4	12	7	10	8	12	8	9	10	1	0	5	2	0	10	10	5	10	1	9	5	6	0	9	8	8	1	9	2	9	1	12	8	28	11	9	7	20	6	18	12	22	16	15	2	14	6	8	7	13	5	8	2	12	1	5	16	25	16	12	4	14	16	
851_A/duck/Hunan/12.17_Y 7	4	12	7	10	8	12	8	9	10	1	0	5	2	0	10	10	5	10	1	9	5	6	0	9	8	8	1	9	2	9	1	12	8	28	11	9	7	20	6	18	12	22	16	15	2	14	6	8	7	13	5	8	2	12	1	5	16	25	16	12	4	14	16	
852_A/duck/Hunan/12.17_Y 7	4	12	7	10	8	12	8	9	10	1	0	5	2	0	10	10	4	10	1	9	5	6	0	9	9	8	1	9	2	9	1	12	8	28	11	9	7	20	6	18	12	22	16	16	2	14	6	8	7	13	4	8	2	12	2	5	16	25	16	11	4	14	16	
853_A/duck/Hunan/12.17_Y 8	4	11	6	9	6	13	9	10	10	1	0	5	3	0	10	10	3	8	0	8	4	8	0	9	9	7	1	9	3	11	1	14	7	28	9	6	9	19	6	21	11	25	16	12	4	14	4	9	8	17	5	7	3	9	2	6	15	26	18	12	3	13	14	
854_A/duck/Hunan/12.17_Y 7	4	12	7	10	8	12	8	9	10	1	0	5	2	0	10	10	5	10	1	9	5	6	0	9	8	8	1	9	2	9	1	12	8	28	11	9	7	20	6	18	12	22	16	15	2	14	6	8	7	13	5	8	2	12	1	5	16	25	16	12	4	14	16	
855_A/duck/Hunan/12.17_Y 6	4	11	7	11	7	13	8	11	10	1	0	4	3	0	10	12	3	8	1	7	5	8	0	8	10	9	1	9	2	8	1	14	10	28	10	6	7	19	6	19	10	22	19	15	3	14	5	8	8	14	5	7	3	11	1	5	15	24	16	12	3	15	16	
856_A/duck/Hunan/12.17_Y 8	4	11	6	9	6	13	9	10	10	1	0	5	3	0	10	10	3	8	0	8	4	8	0	9	9	7	1	9	3	11	1	14	8	29	9	7	8	19	6	21	10	25	17	13	3	14	3	9	9	16	5	7	3	9	2	7	13	26	18	10	5	13	14	
857_A/duck/Hunan/12.17_Y 7	4	12	7	10	8	12	8	9	10	1	0	5	2	0	10	10	4	10	1	9	5	6	0	9	9	8	1	9	2	9	1	12	9	28	11	9	6	20	6	18	12	22	16	15	2	14	6	9	7	12	5	7	2	13	1	5	16	25	16	12	4	14	16	
858_A/duck/Hunan/12.27_Y 6	4	11	7	11	7	13	8	14	9	1	0	4	3	0	10	12	3	10	1	7	5	6	0	5	10	9	1	9	2	8	1	12	10	29	9	6	7	19	7	20	11	24	17	14	2	12	6	8	7	15	5	9	3	10	1	6	16	25	15	12	3	14	17	
859_A/duck/Hunan/12.27_Y 6	4	11	7	11	7	13	8	10	11	1	0	4	3	0	10	12	4	9	1	7	4	6	0	8	9	8	1	9	3	9	1	13	9	30	11	7	8	19	5	20	13	19	19	14	1	15	5	9	8	13	5	6	4	12	1	6	12	25	17	11	4	14	15	
860_A/duck/Hunan/12.27_Y 6	4	11	7	11	7	13	8	13	9	1	0	5	3	0	10	12	3	9	1	7	5	7	0	5	10	9	1	9	2	8	1	12	10	30	9	6	7	18	7	20	11	24	17	14	2	12	6	8	7	14	5	9	3	11	1	6	16	25	15	12	3	14	17	
861_A/duck/Hunan/12.27_Y 6	4	11	7	11	7	13	8	10	11	1	0	4	3	0	10	12	4	9	1	7	4	6	0	8	9	8	1	9	3	9	1	13	9	30	11	8	7	19	5	20	13	19	19	14	1	15	5	9	8	13	5	6	4	12	1	6	12	25	17	11	4	14	15	
862_A/duck/Hunan/12.27_Y 6	4	11	7	11	7	13	8	14	9	1	0	4	3	0	10	12	3	10	1	7	5	6	0	5	10	9	1	9	2	8	1	12	10	29	9	6	7	19	7	20	11	24	17	14	2	12	6	8	7	15	5	9	3	10	1	6	16	25	15	12	3	14	17	
863_A/duck/Hunan/12.27_Y 6	4	11	7	11	7	13	8	10	11	1	0	4	3	0	10	12	4	9	1	7	4	6	0	8	9	8	1	9	3	9	1	13	9	30	11	7	8	19	5	20	13	19	19	14	1	15	5	9	8	13	5	6	4	12	1	6	12	25	17	11	4	14	15	
864_A/duck/Hunan/12.27_Y 6	4	11	7	11	7	13	8	10	11	1	0	4	3	0	10	12	4	9	1	7	4	6	0	8	9	8	1	9	3	9	1	13	9	30	11	7	8	19	5	20	13	19	19	14	1	15	5	9	8	13	5	6	4	12	1	6	12	25	17	11	4	14	15	
865_A/duck/Hunan/12.27_Y 6	4	11	7	11	7	13	8	10	11	1	0	4	3	0	10	12	4	9	1	7	4	6	0	8	9	8	1	9	3	9	1	13	9	30	11	7	8	19	5	20	13	19	19	14	1	15	5	9	8	13	5	6	4	12	1	6	12	25	17	11	4	14	15	
866_A/duck/Hunan/12.27_Y 6	4	11	7	11	7	13	8	10	11	1	0	4	3	0	10	12	4	9	1	7	4	6	0	8	9	8	1	9	3	9	1	13	9	30	11	7	8	19	5	20	13	19	19	14	1	15	5	9	8	13	5	6	4	12	1	6	12	25	17	11	4	14	15	
867_A/duck/Hunan/12.27_Y 6	4	11	7	11	7	13	8	10	11	1	0	4	3	0	10	12	4	9	1	7	4	6	0	8	9	8	1	9	3	9	1	13	9	30	11	7	8	19	5	20	13	19	19	14	1	15	5	9	8	13	5	6	4	12	1	6	12	25	17	11	4	14	15	
868_A/duck/Hunan/12.27_Y 6	4	11	7	11	7	13	8	10	11	1	0	4	3	0	10	12	4	9	1	7	4	6	0	8	9	8	1	9	3	9	1	13	9	30	11	7	8	19	5	20	13	19	19	14	1	15	5	9	8	13	5	6	4	12	1	6	12	25	17	11	4	14	15	
869_A/duck/Hunan/12.27_Y 6	4	11	7	11	7	13	8	10	11	1	0	4	3	0	10	12	4	9	1	7	4	6	0	8	9	8	1	9	3	9	1	13	9	30	11	7	8	19	5	20	13	19	19	14	1	15	5	9	8	13	5	6	4	12	1	6	12	25	17	11	4	14	15	
870_A/duck/Hunan/193/201 7	5	12	7	10	6	12	8	10	9	0	0	5	3	1	10	12	3	8	1	7	5	8	0	9	10	9	1	8	2	8	1	13	11	29	10	7	6	19	6	18	11	22	17	14	2	14	7	9	8	13	5	8	2	12	1	5	16	25	16	12	3	14	16	
871_A/duck/Hunan/233/201 7	4	11	7	10	8	13	8	10	10	1	0	4	2	0	10	10	3	10	1	9	6	6	0	9	9	8	1	9	2	9	1	12	9	29	11	9	6	19	6	18	12	22	16	15	2	14	6	9	7	13	5	7	2	12	1	5	16	25	16	12	4	14	16	
872_A/duck/Hunan/316/200 6	6	12	8	12	6	12	7	8	11	1	0	4	3	0	10	9	3	8	0	9	3	6	0	10	10	7	1	8	3	12	0	14	9	24	12	8	6	25	5	19	9	23	17	13	3	16	4	8	7	13	7	7	5	13	0	7	15	25	18	10	4	14	13	
873_A/duck/Hunan/689/200 6	7	12	8	12	5	12	7	7	11	1	0	5	3	0	10	9	3	8	0	8	4	6	0	10	9	6	1	9	3	13	0	14	9	22	12	8	6	26	5	19	11	23	17	13	2	16	4	8	7	13	6	8	5	14	1	7	15	25	17	9	3	14	14	
874_A/duck/Hunan/3315/20 6	7	11	8	12	5	13	7	8	10	1	0	5	4	0	10	9	3	9	0	8	3	5	0	9	9	7	1	9	4	12	0	14	10	22	12	8	5	24	6	19	11	23	18	14	2	16	4	9	8	15	5	9	5	11	0	6	13	24	17	8	4	15	16	
875_A/duck/Hunan/HN05/20 7	4	12	7	10	7	12	8	10	9	0	0	5	3	1	10	12	3	8	1	7	5	8	0	9	10	9	1	8	2	8	1	13	10	29	10	7	7	19	6	18	11	22	17	15	2	13	7	9	8	13	5	8	2	12	1	5	16	25	16	12	3	14	16	
876_A/duck/Hunan/HN13/20 7	4	12	7	10	8	12	8	9	10	1	0	5	2	0	10	10	4	10	1	9	5	6	0	10	9	8	1	8	2	9	1	12	9	27	11	9	7	20	6	18	11	22	17	15	2	14	5	9	7	14	5	7	2	12	1	5	16	25	15	12	4	14	17	
877_A/duck/Hunan/HN16/20 7	4	12	7	10	8	12	8	9	10	1	0	5	2	0	10	10	4	10	1	9	5	6	0	10	9	8	1	8	2	9	1	12	8	28	11	9	7	20	6	18	12	22	16	15	2	14	6	9	7	13	5	7	2	12	1	5	16	25	15	12	4	14	17	
878_A/duck/Hunan/HN29/20 7	5	12	7	10	6	12	8	10	10	1	0	5	3	0	10	12	3	8	1	7	5	8	0	9	9	9	1	8	2	8	1	13	10	29	10	6	7	19	6	18	12	20	17	14	1	16	7	9	9	13	5	9	1	12	1	5	16	25	16	12	3	14	16	
879_A/duck/Hunan/HN42/20 7	4	12	7	10	8	12	8	10	9	1	0	4	3	0	10	10	4	10	1	9	5	6	0	8	9	9	1	10	2	8	1	12	9	28	11	9	7	20	6	18	11	22	16	15	2	14	6	10	7	13	5	6	2	12	1	5	16	25	16	12	4	14	16	
880_A/duck/Hunan/HN45/20 7	5	12	7	10	6	12	8	10	10	0	0	5	3	1	10	12	3	8	1	7	5	8	0	9	9	9	1	8	2	8	1	13	10	29	10	6	7	19	6	18	11	20	17	14	2	16	7	9	9	13	5	9	1	12	1	5	16	25	16	12	3	14	16	
881_A/duck/Hunan/HN53/20 7	5	12	7	10	6	12	8	10	9	1	0	5	3	0	10	12	3	8	1	7	5	8	0	9	10	9	1	8	2	8	1	13	10	29	10	6	7	19	6	18	11	20	17	14	2	16	7	9	9	13	4	9	1	12	2	5	16	25	16	12	3	14	16	
882_A/duck/Hunan/HN54/20 7	5	12	7	10	6	12	8	10	9	0	0	5	3	1	10	12	3	8	1	7	5	8	0	9	10	9	1	8	2	8	1	13	10	29	10	6	7	19	6	18	11	20	17	14	2	16	7	9	9	13	4	9	1	12	2	5	16	25	16	12	3	14	16	
883_A/duck/Hunan/HN59/20 7	5	12	7	10	6	12	8	10	10	0	0	5	3	1	10	12	3	8	1	7	5	8	0	9	9	9	1	8	2	8	1	13	10	29	10	6	7	19	6	18	11	20	17	14	2	16	7	9	9	13	5	9	1	12	1	5	16	25	16	12	3	14	16	
884_A/duck/Hunan/HN60/20 7	5	12	7	10	6	12	8	10	10	0	0	5	3	1	10	12	3	8	1	7	5	8	0	9	9	9	1	8	2	8	1	13	10	29	10	6	7	19	6	18	11	20	17	14	2	16	7	9	9	13	5	9	1	12	1	5	16	25	16	12	3	14	16	
885_A/duck/Hunan/HN61/20 7	5	12	7	10	6	12	8	10	10	0	0	5	3	1	10	12	3	8	1	7	5	8	0	9	9	9	1	8	2	8	1	13	10	29	10	6	7	19	6	18	11	19	18	14	2	16	7	9	9	13	5	9	1	12	1	5	16	25	16	12	3	14	16	
886_A/duck/Hunan/HN64/20 7	5	12	7	10	6	12	8	10	9	0	0	5	3	1	10	12	3	8	1	7	5	8	0	9	10	9	1	8	2	8	1	13	10	29	10	6	7	19	6	18	11	20	17	14	2	16	7	9	9	13	4	9	1	12	2	5	16	25	16	12	3	14	16	
887_A/duck/Hunan/HN66/20 7	5	11	7	10	6	12	8	10	9	0	0	5	3	1	10	12	3	9	1	7	5	8	0	9	10	9	1	8	2	8	1	13	10	29	10	6	7	19	6	18	11	20	17	14	2	16	7	9	9	13	4	9	1	12	2	5	16	25	16	12	3	14	16	
888_A/duck/Hunan/HN67/20 7	5	12	7	10	6	12	8	10	9	0	0	5	3	1	10	12	3	8	1	7	5	8	0	9	10	9	1	8	2	8	1	13	10	29	10	6	7	19	6	18	11	20	17	14	2	16	7	9	9	13	4	9	1	12	2	5	16	25	16	12	3	14	16	
889_A/duck/Hunan/HN71/20 7	4	11	7	10	8	13	8	10	9	1	0	4	3	0	10	10	4	10	1	9	5	6	0	9	9	9	1	9	2	8	1	12	9	28	11	9	7	20	6	18	11	22	16	15	2	14	6	10	7	13	5	6	2	12	1	5	16	25	16	12	4	14	16	
890_A/duck/Hunan/HN72/20 7	4	12	7	10	8	12	8	9	10	1	0	5	2	0	10	10	4	10	1	9	5	6	0	10	9	8	1	8	2	9	1	12	8	28	11	9	7	20	6	18	12	22	16	15	2	14	6	9	7	13	5	7	2	12	1	5	16	25	15	12	4	14	17	
891_A/duck/Hunan/HN74/20 7	4	11	7	10	8	13	8	10	9	1	0	4	3	0	10	10	4	9	1	9	5	7	0	8	9	9	1	9	2	8	1	12	10	28	11	9	6	20	6	18	11	22	18	15	2	14	4	10	7	13	5	6	2	12	1	6	16	24	16	12	4	15	16	
892_A/duck/Hunan/HN76/20 7	4	12	7	10	8	12	8	9	10	1	0	5	2	0	10	10	4	10	1	9	5	6	0	10	9	8	1	8	2	9	1	12	8	28	11	9	7	20	6	18	12	22	16	15	2	14	6	9	7	13	5	7	2	12	1	5	16	25	15	12	4	14	17	
893_A/duck/Hunan/HN78/20 7	5	12	7	10	6	12	8	10	10	1	0	5	3	0	10	12	3	8	1	7	5	8	0	9	9	9	1	8	2	8	1	13	10	29	10	6	7	19	6	18	11	19	18	14	2	16	7	9	9	13	5	9	1	12	1	5	16	25	16	12	3	14	16	
894_A/duck/Hunan/HN80/20 7	4	11	7	10	8	13	8	10	9	1	0	4	3	0	10	10	4	10	1	9	5	6	0	9	9	9	1	9	2	8	1	12	9	28	11	9	7	20	6	18	11	22	16	15	2	14	6	10	7	13	5	6	2	12	1	5	16	25	16	12	4	14	16	
895_A/duck/Hunan/HN162/2 6	4	13	7	11	7	11	8	13	9	1	0	4	3	0	10	12	3	8	1	7	5	8	0	6	10	10	1	9	2	7	1	12	10	29	10	6	8	19	6	20	11	23	18	14	2	12	6	9	7	14	5	7	3	11	1	5	15	26	16	13	4	13	16	
896_A/duck/Hunan/HN163/2 7	4	12	7	10	7	12	8	11	10	1	0	4	2	0	10	12	3	8	1	7	5	8	0	8	10	9	1	9	2	8	1	13	10	29	10	6	7	19	6	19	11	22	18	15	2	13	6	9	8	13	5	7	3	12	1	5	16	24	16	12	3	15	16	
897_A/duck/Hunan/HN167/2 6	4	13	7	11	7	11	8	13	9	1	0	4	3	0	10	12	3	8	1	7	5	8	0	6	10	10	1	9	2	7	1	12	9	29	10	6	9	19	6	20	11	24	18	14	2	11	6	9	7	14	5	7	3	11	1	5	15	25	16	13	4	14	16	
898_A/duck/Hunan/HN171/2 6	4	13	7	11	7	11	8	13	9	1	0	4	3	0	10	12	3	8	1	7	5	8	0	6	10	10	1	9	2	7	1	12	9	30	10	6	9	18	6	20	11	24	18	14	2	11	6	9	7	14	5	7	3	11	1	5	15	25	16	13	4	14	16	
899_A/duck/Hunan/HN172/2 6	4	13	7	11	7	11	8	13	9	1	0	4	3	0	10	12	3	8	1	7	5	8	0	6	10	10	1	9	2	7	1	12	9	29	10	6	9	19	6	20	11	23	18	14	2	12	6	9	7	14	5	7	3	11	1	5	15	25	16	13	4	14	16	
900_A/duck/Hunan/HN174/2 6	4	13	7	11	7	11	8	13	9	1	0	4	3	0	10	12	3	8	1	7	5	8	0	6	10	10	1	9	2	7	1	12	9	29	10	6	9	19	6	20	11	23	18	13	2	12	6	9	7	14	5	7	3	11	1	5	15	26	16	14	4	13	16	
901_A/duck/Hunan/HN176/2 6	4	13	7	11	7	11	8	13	9	1	0	4	3	0	10	12	3	8	1	7	5	8	0	6	10	10	1	9	2	7	1	12	9	29	10	6	9	19	6	20	11	23	18	14	2	12	6	9	7	14	5	7	3	11	1	5	15	25	16	13	4	14	16	
902_A/duck/Hunan/HN177/2 6	4	13	7	11	7	11	8	13	9	1	0	4	3	0	10	12	3	8	1	7	5	8	0	6	10	10	1	9	2	7	1	12	9	29	11	6	9	19	6	20	11	23	17	14	2	12	6	9	7	14	5	7	3	11	1	5	15	25	16	13	4	14	16	
903_A/duck/Hunan/HN178/2 6	4	13	7	11	7	11	8	13	9	1	0	4	3	0	10	12	3	8	1	7	5	8	0	6	10	10	1	9	2	7	1	12	9	29	10	6	9	19	6	20	11	23	18	14	2	12	6	9	7	14	5	7	3	11	1	5	15	26	16	13	4	13	16	
904_A/duck/Hunan/HN182/2 7	4	12	7	10	7	12	8	11	10	1	0	4	2	0	10	12	3	8	1	7	5	8	0	8	10	9	1	9	2	8	1	13	10	29	10	6	7	19	6	19	11	22	18	15	2	13	6	9	8	13	5	7	3	12	1	5	16	24	16	12	3	15	16	
905_A/duck/Hunan/HN183/2 6	4	13	7	11	7	11	8	13	9	1	0	4	3	0	10	12	3	8	1	7	5	8	0	6	10	10	1	9	2	7	1	12	9	29	10	6	9	19	6	20	11	23	18	13	2	12	6	9	7	14	5	7	3	11	1	5	15	26	16	14	4	13	16	
906_A/duck/Hunan/HN186/2 6	4	13	7	11	7	11	8	13	9	1	0	4	3	0	10	12	3	8	1	7	5	8	0	6	10	10	1	9	2	7	1	12	9	29	10	6	9	19	6	20	11	23	18	14	2	12	6	9	7	14	5	7	3	11	1	5	15	25	16	13	4	14	16	
907_A/duck/Hunan/HN190/2 6	4	13	7	11	7	11	8	12	9	1	0	4	3	0	10	12	3	8	1	7	5	8	0	7	10	10	1	9	2	7	1	12	9	29	10	6	9	19	6	20	11	23	18	14	2	12	6	9	7	14	5	7	3	11	1	5	15	25	16	13	4	14	16	
908_A/duck/Hunan/HN191/2 7	4	12	7	10	7	12	8	11	10	1	0	4	2	0	10	12	3	8	1	7	5	8	0	8	10	9	1	9	2	8	1	13	10	29	10	6	7	19	6	19	11	22	18	15	2	13	6	9	8	13	5	7	3	12	1	5	16	24	16	12	3	15	16	
909_A/duck/Hunan/HN192/2 6	4	13	7	11	7	11	8	13	9	1	0	4	3	0	10	12	3	8	1	7	5	8	0	6	10	10	1	9	2	7	1	12	9	29	10	6	9	19	6	20	11	23	18	14	2	12	6	9	7	14	5	7	3	11	1	5	15	25	16	13	4	14	16	
910_A/duck/Hunan/HN194/2 6	4	13	7	11	7	11	8	12	9	1	0	4	3	0	10	12	3	8	1	7	5	8	0	6	10	10	1	9	2	7	1	12	10	29	10	6	8	19	6	21	11	23	18	14	2	12	6	9	7	14	5	7	3	11	1	5	15	25	16	13	4	14	16	
911_A/duck/Hunan/HN195/2 6	4	13	7	11	7	11	8	13	9	1	0	4	3	0	10	12	3	8	1	7	5	8	0	6	10	10	1	9	2	7	1	12	9	30	10	6	9	18	6	20	11	23	18	14	2	12	6	9	7	14	5	7	3	11	1	5	15	25	16	13	4	14	16	
912_A/duck/Hunan/HN197/2 6	4	13	7	11	7	11	8	13	9	1	0	4	3	0	10	12	3	8	1	7	5	8	0	6	10	10	1	9	2	7	1	13	9	29	10	6	9	19	6	19	11	23	18	14	2	12	6	9	7	14	5	7	3	11	1	5	15	26	16	13	4	13	16	
913_A/duck/Hunan/HN201/2 6	4	13	7	11	7	11	8	13	9	1	0	4	3	0	10	12	3	8	1	7	5	8	0	6	10	10	1	9	2	7	1	12	9	29	10	6	9	19	6	20	11	23	18	14	2	12	6	9	7	14	5	7	3	11	1	5	15	24	16	13	4	15	16	
914_A/duck/Hunan/HN204/2 7	4	12	7	10	7	12	8	11	10	1	0	4	2	0	10	12	3	8	1	7	5	8	0	8	10	9	1	9	2	8	1	13	10	29	10	6	7	19	6	19	11	22	18	15	2	13	6	9	8	13	5	7	3	12	1	5	16	24	16	12	3	15	16	
915_A/duck/Hunan/HN205/2 6	4	13	7	11	7	11	8	13	9	1	0	4	3	0	10	12	3	8	1	7	5	8	0	6	10	10	1	9	2	7	1	12	9	29	10	6	9	19	6	20	11	23	18	14	2	12	6	9	7	14	5	7	3	11	1	5	15	26	16	13	4	13	16	
916_A/duck/Hunan/HN206/2 6	4	13	7	11	7	11	8	13	9	1	0	4	3	0	10	12	3	8	1	7	5	8	0	6	10	11	1	9	2	7	1	12	9	28	10	6	9	19	6	20	11	23	18	14	2	12	6	9	7	14	5	7	3	11	1	5	15	26	16	13	4	13	16	
917_A/duck/Hunan/HN207/2 6	4	13	7	11	7	11	8	13	9	1	0	4	3	0	10	12	3	8	1	7	5	8	0	6	10	10	1	9	2	7	1	12	8	29	10	6	9	19	6	20	11	23	18	14	3	12	6	9	7	14	5	7	3	11	1	5	15	25	16	13	4	14	16	
918_A/duck/Hunan/HN208/2 7	3	13	7	11	7	11	8	13	9	1	0	4	3	0	10	12	3	8	1	7	5	8	0	6	10	10	1	9	2	7	1	12	9	29	10	6	9	19	6	20	11	23	18	14	2	12	6	9	7	14	5	7	3	11	1	5	15	25	16	13	4	14	16	
919_A/duck/Hunan/HN209/2 6	4	13	7	11	7	11	8	13	9	1	0	4	3	0	10	12	3	8	1	7	5	8	0	6	10	10	1	9	2	7	1	12	9	29	10	6	9	19	6	20	11	23	18	14	2	12	6	9	7	14	5	7	3	11	1	5	15	25	16	13	4	14	16	
920_A/duck/Hunan/HN210/2 6	4	13	7	11	7	11	8	13	9	1	0	4	3	0	10	12	3	8	1	7	5	8	0	6	10	10	1	9	2	7	1	12	9	29	10	6	9	19	6	20	11	22	18	14	2	13	6	9	7	14	5	7	3	11	1	5	15	25	16	13	4	14	16	
921_A/duck/Hunan/HN212/2 6	4	13	7	11	7	11	8	13	9	1	0	4	3	0	10	12	3	8	1	7	5	8	0	6	10	10	1	9	2	7	1	12	9	29	10	6	9	19	6	20	11	23	18	14	2	12	6	9	7	14	5	7	3	11	1	5	15	25	16	13	4	14	16	
922_A/duck/Hunan/HN214/2 7	4	11	7	10	7	13	8	11	9	1	0	4	3	0	10	11	3	8	1	7	5	8	0	9	10	8	1	9	2	9	1	12	10	29	9	7	6	18	7	19	11	22	18	15	2	13	6	9	8	14	6	7	3	12	1	6	15	24	16	12	4	14	16	
923_A/duck/Hunan/HN215/2 6	4	13	7	11	7	11	8	13	9	1	0	4	3	0	10	12	3	8	1	7	5	8	0	6	10	10	1	9	2	7	1	12	9	29	10	6	9	19	6	20	11	23	18	14	2	12	6	9	7	14	5	7	3	11	1	5	15	25	16	13	4	14	16	
924_A/duck/Hunan/HN216/2 6	4	13	7	11	7	11	8	11	9	1	0	4	3	0	10	12	3	8	1	7	5	8	0	7	10	10	1	9	2	7	1	12	9	29	10	6	9	19	6	20	11	23	18	14	2	12	6	9	7	14	5	7	3	11	1	6	15	26	16	13	4	13	16	
925_A/duck/Hunan/HN217/2 6	4	13	7	11	7	11	8	12	9	1	0	4	3	0	10	12	3	8	1	7	5	8	0	7	10	10	1	9	2	7	1	12	10	29	10	6	8	19	6	20	11	23	18	14	2	12	6	9	7	14	5	7	3	11	1	5	15	25	16	13	4	14	16	
926_A/duck/Hunan/HN220/2 6	4	13	7	11	7	11	8	12	9	1	0	4	3	0	10	12	3	8	1	7	5	8	0	7	10	10	1	9	2	7	1	12	9	29	10	6	9	19	6	20	11	23	18	13	2	12	6	9	7	14	5	7	3	11	1	5	15	25	16	14	4	14	16	
927_A/duck/Hunan/HN221/2 6	4	12	7	11	7	12	8	13	10	1	0	4	2	0	10	12	3	8	1	7	5	8	0	6	10	9	1	9	2	8	1	12	9	29	10	6	9	19	6	20	11	23	18	14	2	12	6	9	7	13	5	7	3	12	1	5	15	25	16	13	4	14	16	
928_A/duck/Hunan/HN224/2 6	4	12	7	11	7	12	8	13	9	1	0	4	3	0	10	12	3	8	1	7	5	8	0	6	10	10	1	9	2	7	1	12	8	29	10	6	9	19	6	20	11	23	18	15	2	12	6	9	8	14	5	7	3	11	1	5	15	23	16	12	4	16	16	
929_A/duck/Hunan/HN227/2 6	4	12	7	11	7	12	8	13	10	1	0	4	2	0	10	12	3	8	1	7	5	8	0	6	10	9	1	9	2	8	1	12	9	29	10	6	9	19	6	20	11	23	18	14	2	12	6	9	7	13	5	7	3	12	1	5	15	25	16	13	4	14	16	
930_A/duck/Hunan/HN230/2 6	4	13	7	11	7	11	8	13	9	1	0	4	3	0	10	12	3	8	1	7	5	8	0	6	10	10	1	9	2	7	1	12	9	29	10	6	9	19	6	20	11	23	18	14	2	12	6	9	7	14	5	7	3	11	1	5	15	25	16	13	4	14	16	
931_A/duck/Hunan/HN232/2 5	5	14	10	14	7	10	5	9	9	1	0	5	4	0	11	9	3	6	0	8	3	10	0	9	9	8	1	6	3	10	0	13	7	25	12	11	7	22	5	20	11	21	17	13	2	19	5	5	5	15	6	8	5	11	2	11	15	23	20	8	3	16	11	
932_A/duck/Hunan/HN234/2 5	5	14	10	14	7	10	5	9	9	1	0	5	4	0	11	9	3	6	0	8	3	10	0	9	9	8	1	6	3	10	0	13	7	25	12	11	7	22	5	20	11	21	17	13	2	19	5	5	5	15	6	8	5	11	2	11	15	23	20	8	3	16	11	
933_A/duck/Hunan/HN236/2 7	4	11	7	10	7	13	8	11	9	1	0	4	3	0	10	11	3	8	1	7	5	8	0	9	10	8	1	9	2	9	1	12	10	29	9	7	6	18	7	19	11	22	19	15	2	13	5	9	8	14	6	7	3	12	1	6	15	24	16	12	4	14	16	
934_A/duck/Hunan/HN238/2 7	4	12	7	10	7	12	8	11	10	1	0	4	2	0	10	12	3	8	1	7	5	8	0	8	10	9	1	9	2	8	1	13	10	29	10	6	7	19	6	19	11	22	18	15	2	13	6	9	8	13	5	7	3	12	1	5	16	24	16	12	3	15	16	
935_A/duck/Hunan/HN239/2 7	5	12	7	10	6	12	8	10	10	1	0	5	2	0	10	12	3	8	1	7	5	8	0	9	10	9	1	8	2	8	1	13	10	30	9	7	8	19	6	19	10	22	17	15	2	14	6	8	8	12	5	8	2	12	1	5	16	25	16	12	3	15	16	
936_A/duck/Hunan/HN240/2 7	4	11	7	10	7	13	8	11	9	1	0	4	3	0	10	11	3	8	1	7	5	8	0	9	10	8	1	9	2	9	1	12	10	29	9	7	6	18	7	19	11	22	19	15	2	13	5	9	8	15	6	7	3	12	1	6	15	23	16	12	4	14	16	
937_A/duck/Hunan/HN241/2 7	5	12	7	10	6	12	8	10	9	1	0	5	3	0	10	12	3	8	1	7	5	8	0	9	10	9	1	8	2	8	1	13	10	30	9	7	7	19	6	19	11	23	17	15	2	13	6	8	8	13	5	8	2	12	1	5	16	25	16	12	3	14	16	
938_A/duck/Hunan/HN242/2 7	4	11	7	10	7	13	8	11	9	1	0	4	3	0	10	11	3	8	1	7	5	8	0	9	10	8	1	9	2	9	1	12	9	29	9	7	7	18	7	19	11	22	18	15	2	14	5	9	8	14	6	7	3	12	1	6	15	24	16	12	4	14	16	
939_A/duck/Hunan/HN278/2 7	4	12	7	11	7	12	8	9	9	1	0	4	3	0	10	10	4	9	1	7	4	7	0	10	10	9	1	10	2	8	1	14	11	29	10	7	6	19	6	20	12	22	16	13	2	13	7	7	7	13	5	8	3	12	1	5	15	23	17	13	4	16	15	
940_A/duck/Hunan/HN285/2 7	4	12	7	11	7	12	8	10	9	1	0	4	3	0	10	10	4	9	1	7	4	7	0	9	10	9	1	10	2	8	1	13	10	28	10	7	6	19	6	20	12	22	17	14	2	13	6	8	8	14	5	8	3	11	1	5	16	23	16	13	3	16	16	
941_A/duck/Hunan/HN288/2 7	3	12	7	11	8	12	8	9	9	1	0	4	3	0	10	10	4	9	1	7	4	7	0	10	10	9	1	10	2	8	1	14	11	29	10	7	7	19	6	20	11	21	16	13	2	14	7	7	7	14	5	8	3	11	1	5	15	23	16	13	4	16	16	
942_A/duck/Hunan/HN333/2 7	4	11	6	10	8	13	9	9	10	1	0	5	2	0	10	10	4	8	1	9	5	8	0	9	9	8	1	9	2	9	1	13	9	28	11	8	7	19	7	18	11	21	18	15	2	15	4	8	7	13	5	8	2	12	1	5	16	24	16	12	4	15	16	
943_A/duck/Hunan/HN334/2 6	4	11	6	11	8	13	9	9	10	1	0	5	2	0	10	10	4	8	1	9	5	8	0	9	9	9	1	9	2	8	1	13	9	28	11	8	7	19	7	18	11	21	17	15	2	15	5	8	7	13	5	8	2	12	1	5	16	24	16	12	4	15	16	
944_A/duck/Hunan/HN335/2 6	5	12	7	12	6	12	8	9	9	1	0	4	3	0	10	10	4	9	1	7	4	7	0	10	10	9	1	10	2	8	1	14	11	29	10	7	6	19	6	20	12	21	18	13	2	13	6	7	7	14	5	8	3	11	1	5	15	24	17	13	4	15	15	
945_A/duck/Hunan/HN336/2 7	4	11	6	10	8	13	9	9	10	1	0	5	2	0	10	10	4	9	1	9	6	7	0	9	8	9	1	9	2	8	1	12	8	28	11	9	7	20	6	18	12	21	16	15	2	15	6	8	7	13	5	8	2	12	1	5	17	25	16	12	3	14	16	
946_A/duck/Hunan/HN339/2 6	4	11	6	11	8	13	9	9	10	1	0	5	2	0	10	10	4	9	1	9	5	7	0	9	9	9	1	9	2	8	1	12	8	28	11	9	7	19	7	18	12	21	16	15	2	15	6	8	7	13	5	8	2	12	1	5	17	25	16	12	3	14	16	
947_A/duck/Hunan/HN341/2 7	4	11	6	10	8	13	9	9	10	0	1	5	2	0	10	10	4	9	1	9	6	7	0	9	8	9	1	9	2	8	1	13	9	29	11	8	7	18	7	18	11	21	17	15	2	15	5	8	7	13	5	8	2	12	1	5	16	26	16	12	4	13	16	
948_A/duck/Hunan/HN342/2 6	4	11	6	11	8	13	9	9	10	1	0	5	2	0	10	10	4	9	1	9	5	7	0	9	9	9	1	9	2	8	1	12	8	28	11	9	7	19	7	18	12	21	16	15	2	15	6	8	7	13	5	8	2	12	1	5	17	25	16	12	3	14	16	
949_A/duck/Hunan/HN343/2 6	4	11	6	11	8	13	9	9	10	1	0	5	2	0	10	10	4	9	1	9	5	7	0	9	9	9	1	9	2	8	1	12	8	28	11	9	7	20	6	18	12	21	16	15	2	15	6	8	7	13	5	8	2	11	1	5	17	26	16	12	3	14	16	
950_A/duck/Hunan/S4020/2 6	4	13	9	13	7	11	6	8	10	1	0	6	3	0	10	7	4	9	0	9	2	7	0	8	10	7	0	9	3	12	0	15	8	25	10	8	6	24	6	20	11	25	15	13	1	14	7	5	5	13	7	8	6	14	0	11	15	23	19	8	3	17	12	
951_A/duck/Hunan/S4030/2 6	4	13	9	13	7	11	6	6	10	1	0	8	3	0	10	8	4	7	0	9	2	9	0	9	11	7	0	7	2	12	0	16	7	26	11	9	5	23	4	21	11	25	14	13	2	15	7	5	5	12	7	7	6	15	2	11	16	23	19	7	2	17	11	
952_A/duck/Hunan/S4101/2 10	7	15	5	8	5	9	10	7	15	0	0	10	2	1	10	15	6	10	0	5	5	4	0	5	6	9	2	6	1	9	0	14	10	30	16	7	3	15	1	19	14	21	10	11	3	15	9	9	9	8	10	5	4	19	1	11	16	27	22	6	1	12	9	
953_A/duck/Hunan/S4120/2 10	7	15	5	8	5	9	10	7	15	0	0	10	2	1	10	15	6	10	0	5	5	4	0	5	6	9	2	6	1	9	0	14	10	30	15	7	3	15	2	19	14	21	10	11	3	15	9	9	9	8	10	5	4	19	1	11	16	27	22	6	1	12	9	
954_A/duck/Hunan/S4150/2 6	5	13	10	13	7	11	5	8	10	1	0	7	3	0	10	8	2	9	0	9	4	7	0	9	9	6	2	7	3	12	0	13	7	27	11	10	6	22	4	20	12	23	17	12	2	14	6	6	5	13	7	7	6	14	2	8	15	23	18	10	3	17	12	
955_A/duck/Hunan/S4220/2 7	5	12	9	12	6	12	6	8	10	1	0	6	3	0	10	7	3	8	1	11	3	7	0	8	10	5	1	8	3	11	0	15	8	23	10	7	7	24	6	22	8	24	19	13	3	13	6	5	7	14	7	8	3	15	0	11	15	23	18	8	3	17	13	
956_A/duck/Hunan/S40199/ 5	2	10	7	12	7	14	8	8	12	1	0	5	2	0	10	9	4	10	1	10	3	6	0	9	11	8	0	10	2	9	1	14	7	26	12	7	9	21	5	20	9	21	15	13	2	15	9	10	9	14	4	6	1	12	3	5	15	26	18	11	6	13	14	
957_A/duck/Hunan/S40268/ 5	2	9	7	12	7	15	8	6	12	1	0	7	2	0	10	10	4	10	1	10	3	6	0	8	11	6	0	10	2	11	1	15	7	26	10	7	9	21	7	21	9	21	15	13	2	16	7	9	8	14	4	7	1	13	3	6	17	25	16	9	5	13	16	
958_A/duck/Jiangsu/m234/ 6	4	11	6	11	7	13	9	11	9	1	0	3	3	0	10	10	4	8	1	9	4	8	0	9	10	8	1	10	2	9	1	13	7	26	10	8	7	21	6	19	10	24	16	12	3	15	5	9	7	15	5	7	3	12	1	6	16	24	16	12	4	14	17	
959_A/duck/Jiangsu/S4439 6	5	14	10	14	7	10	5	8	10	1	0	5	3	0	10	7	4	8	0	8	2	8	0	9	11	6	2	9	1	11	0	12	11	28	9	11	5	22	7	22	11	25	15	12	1	16	5	6	6	12	7	8	5	14	2	5	15	21	20	9	3	19	10	
960_A/duck/Jiangsu/SE112 6	5	14	10	14	7	10	5	8	10	1	0	5	3	0	10	7	4	8	0	9	2	8	0	9	11	6	2	9	1	11	0	12	11	28	9	11	5	21	7	21	11	25	15	12	1	16	5	6	6	13	7	9	5	14	1	5	15	22	20	9	3	18	10	
961_A/duck/Jiangxi/01.11 8	4	11	7	9	7	13	8	10	11	1	0	4	3	0	10	12	3	9	1	7	5	6	0	8	9	10	1	8	3	8	1	14	10	28	12	7	7	19	6	19	12	17	20	14	2	17	4	7	8	14	5	7	3	11	1	6	14	25	18	12	3	15	13	
962_A/duck/Jiangxi/01.14 8	3	11	7	9	8	13	8	9	10	1	0	4	3	0	10	12	4	9	1	7	4	7	0	9	10	9	1	10	2	8	1	13	11	27	10	7	7	20	6	18	11	22	18	15	2	13	5	9	8	14	5	7	3	12	1	4	16	25	15	13	3	13	17	
963_A/duck/Jiangxi/01.14 8	3	12	7	9	8	12	8	9	9	1	0	5	4	0	10	12	4	9	1	7	4	7	0	9	10	9	1	9	2	8	1	13	11	28	10	7	7	20	6	18	11	22	18	15	2	13	5	9	8	13	5	7	3	12	1	4	16	26	15	13	3	12	17	
964_A/duck/Jiangxi/01.14 8	3	11	7	9	8	13	8	9	10	1	0	4	3	0	10	12	4	9	1	7	4	7	0	9	10	9	1	10	2	8	1	13	10	27	10	7	7	20	6	18	11	22	18	15	2	13	5	9	8	14	5	7	3	12	1	4	16	25	15	13	3	13	17	
965_A/duck/Jiangxi/02.05 8	3	12	7	9	8	12	8	9	10	1	0	5	4	0	10	12	4	9	1	7	4	7	0	9	10	9	1	9	2	8	1	13	10	28	10	7	7	20	6	18	11	22	18	15	2	13	5	9	8	13	5	7	3	12	1	4	16	26	15	13	3	12	17	
966_A/duck/Jiangxi/02.06 8	3	12	7	9	8	12	8	9	9	1	0	5	4	0	10	12	4	9	1	7	4	7	0	9	10	9	1	9	2	8	1	13	10	28	10	7	7	20	6	18	11	22	18	15	2	13	5	9	8	13	5	7	3	12	1	4	16	26	15	13	3	12	17	
967_A/duck/Jiangxi/02.06 7	4	13	7	10	8	11	8	10	9	1	0	4	3	0	10	10	4	10	1	9	5	6	0	9	9	10	1	9	2	7	1	11	9	28	11	9	7	20	6	18	11	22	16	15	2	14	6	9	8	13	5	8	1	12	1	5	15	25	16	12	5	14	16	
968_A/duck/Jiangxi/2.28_ 8	4	11	7	9	8	13	8	10	11	1	0	4	3	0	10	12	3	8	1	7	3	6	0	7	9	11	1	9	3	8	1	11	10	29	12	9	6	18	6	20	12	19	18	13	2	16	5	8	8	13	5	7	5	12	1	6	13	24	19	13	3	15	13	
969_A/duck/Jiangxi/2.28N 8	4	11	7	9	8	13	8	10	11	1	0	4	3	0	10	12	3	8	1	7	3	6	0	7	9	11	1	9	3	8	1	11	10	29	12	9	6	18	6	20	12	19	18	13	2	16	5	8	8	13	5	7	5	12	1	6	13	24	19	13	3	15	13	
970_A/duck/Jiangxi/03.11 8	4	13	7	9	7	11	8	10	11	1	0	4	3	0	10	12	3	8	0	7	6	8	0	8	8	10	1	9	3	7	1	14	11	28	9	6	6	20	6	19	10	22	18	15	2	14	5	9	7	13	7	7	4	12	1	4	16	25	16	13	3	13	16	
971_A/duck/Jiangxi/04.01 7	4	13	7	10	7	11	8	10	11	1	0	4	3	0	10	12	3	8	0	7	5	8	0	8	10	10	1	9	2	7	1	12	11	28	9	7	7	20	6	19	9	23	18	15	2	14	5	8	9	13	7	7	3	12	1	4	16	26	18	13	3	12	14	
972_A/duck/Jiangxi/04.01 7	4	13	7	10	7	11	8	10	11	1	0	4	3	0	10	12	3	8	0	7	5	8	0	8	10	10	1	9	2	7	1	12	11	28	9	7	7	20	6	19	9	23	18	15	2	14	5	8	9	13	7	7	3	12	1	4	16	26	18	13	3	12	14	
973_A/duck/Jiangxi/04.01 8	4	11	6	9	6	13	9	10	10	1	0	5	3	0	10	10	3	8	0	8	4	8	0	9	9	7	1	9	3	11	1	14	8	30	10	6	8	19	6	21	10	25	16	13	3	13	3	9	10	16	5	8	2	9	1	7	13	26	19	10	5	13	14	
974_A/duck/Jiangxi/05.07 7	4	13	7	10	7	10	7	10	10	1	0	4	2	0	10	8	3	8	0	7	5	7	0	8	10	10	1	10	2	4	1	11	10	28	9	6	7	18	5	17	11	20	18	14	1	14	5	6	8	12	5	7	3	11	1	4	13	25	16	11	3	11	16	
975_A/duck/Jiangxi/5.26_ 8	4	11	7	9	7	13	8	9	11	1	0	4	3	0	10	12	3	9	1	7	5	6	0	9	9	10	2	8	3	8	1	13	10	28	12	7	7	20	5	19	12	17	20	14	2	17	3	8	8	14	5	7	3	11	1	6	15	25	18	12	2	14	14	
976_A/duck/Jiangxi/11.17 8	4	12	7	9	7	12	8	8	9	0	1	6	3	0	10	10	4	10	1	9	7	6	0	9	8	9	1	9	2	8	1	11	8	28	10	10	7	19	7	18	12	21	17	14	2	15	5	9	7	14	5	7	2	12	1	5	16	24	14	13	4	15	18	
977_A/duck/Jiangxi/11.17 8	4	12	7	9	7	12	8	8	9	0	1	6	3	0	10	10	4	10	1	9	7	6	0	9	8	9	1	9	2	8	1	11	8	28	10	10	7	19	7	18	12	21	17	14	2	15	5	9	7	14	5	7	2	12	1	5	16	24	14	13	4	15	18	
978_A/duck/Jiangxi/11.29 8	4	11	6	9	7	13	9	10	11	1	0	4	3	0	10	12	3	9	1	7	5	6	0	8	9	9	1	9	3	8	1	13	11	31	11	7	6	18	5	19	12	18	20	16	1	16	4	9	8	13	5	6	3	12	1	6	15	23	16	10	3	16	16	
979_A/duck/Jiangxi/11.29 6	4	11	7	11	7	13	8	14	9	1	0	4	3	0	10	12	3	9	1	7	5	7	0	5	10	9	1	10	2	8	1	12	9	29	9	6	7	19	7	19	12	23	18	13	2	12	6	8	7	14	5	9	3	11	1	6	16	25	15	13	3	13	18	
980_A/duck/Jiangxi/11.29 7	3	12	7	10	7	12	8	9	11	1	0	4	3	0	10	12	3	9	1	7	5	6	0	9	9	10	2	8	3	8	1	13	11	30	12	7	7	20	5	19	12	17	19	14	2	14	4	8	8	13	5	7	3	12	1	7	14	27	18	11	2	14	14	
981_A/duck/Jiangxi/34/20 7	4	12	10	12	6	12	4	9	10	1	0	5	4	0	10	6	4	7	0	12	2	8	0	9	10	7	0	9	3	10	1	11	9	25	10	8	6	20	7	22	9	24	17	13	1	14	8	6	7	16	7	8	3	12	1	10	15	24	18	10	4	17	13	
982_A/duck/Jiangxi/35/20 7	4	12	10	12	6	12	5	9	10	1	0	5	4	0	10	6	4	7	0	11	2	8	0	9	10	7	0	8	3	10	1	12	9	25	10	8	6	20	7	22	9	24	17	13	1	14	8	6	7	16	7	8	3	12	1	10	15	24	18	10	4	17	13	
983_A/duck/Jiangxi/44/20 7	4	12	10	12	6	12	5	9	10	1	0	5	4	0	10	7	4	7	0	10	2	8	0	9	10	7	0	8	3	10	1	12	9	25	10	8	6	20	7	22	9	24	17	13	1	14	8	6	7	16	7	8	3	12	1	10	15	24	18	10	4	17	13	
984_A/duck/Jiangxi/95/20 7	4	12	7	10	7	12	8	11	9	1	0	4	3	0	10	12	3	8	1	7	5	8	0	8	10	9	1	9	2	8	1	13	10	29	10	6	7	19	6	18	11	22	18	15	2	13	6	9	8	13	5	7	3	12	1	6	16	25	16	12	3	14	16	
985_A/duck/Jiangxi/120/2 7	4	13	7	12	8	12	8	8	10	1	0	5	3	0	10	8	3	6	0	9	5	8	0	12	7	7	1	7	5	10	1	16	10	23	11	5	5	26	5	19	11	24	17	14	1	13	6	6	7	16	8	9	3	14	0	9	15	23	16	7	3	16	14	
986_A/duck/Jiangxi/130/2 6	5	13	10	13	7	11	5	8	10	1	0	7	3	0	10	8	3	9	0	9	3	7	0	9	9	6	1	7	3	12	0	13	8	26	11	10	6	23	4	21	12	23	18	12	1	15	6	5	5	14	7	8	6	13	2	8	15	24	18	9	3	16	12	
987_A/duck/Jiangxi/13469 8	4	11	6	9	7	13	9	12	9	1	0	5	3	0	10	10	3	8	1	8	4	8	0	8	9	7	1	8	3	11	0	15	7	30	9	7	9	18	6	21	10	23	16	12	4	15	4	8	9	14	5	7	3	11	2	6	15	26	18	11	3	13	15	
988_A/duck/Jiangxi/13475 8	4	11	6	9	7	13	9	12	9	1	0	5	3	0	10	10	3	8	1	8	4	8	0	8	9	7	1	8	3	11	0	15	7	30	9	7	9	18	6	21	10	24	16	12	4	14	4	8	9	14	5	7	3	11	2	6	15	26	18	11	3	13	15	
989_A/duck/Jiangxi/13484 8	4	11	6	9	7	13	9	12	9	1	0	5	3	0	10	10	3	8	1	8	4	8	0	8	9	7	1	8	3	11	0	15	7	30	9	7	9	18	6	21	10	23	16	12	4	15	4	8	9	14	5	7	3	11	2	6	15	26	18	11	3	13	15	
990_A/Duck/Jiangxi/50446 6	4	13	7	11	7	11	8	10	10	1	0	3	3	0	10	12	3	7	0	7	5	8	0	8	10	10	1	10	2	6	1	13	12	28	10	6	7	19	6	20	9	23	18	14	2	13	6	9	8	14	6	7	3	12	1	4	15	25	16	14	3	14	16	
991_A/Duck/Jiangxi/50455 6	3	13	7	11	8	11	8	12	9	1	0	4	3	0	10	12	3	8	1	7	5	8	0	7	10	9	1	9	2	8	1	13	11	30	10	6	7	18	6	19	11	20	17	13	3	14	7	9	7	16	6	7	3	9	1	5	16	26	14	14	3	13	17	
992_A/duck/Jiangxi/E7/20 8	3	12	7	9	8	12	8	10	9	1	0	4	3	0	10	12	4	9	1	7	4	7	0	9	10	9	1	9	2	8	1	13	10	29	10	7	7	19	6	18	11	22	18	15	2	13	6	9	8	13	5	7	3	12	1	5	16	25	16	12	3	14	16	
993_A/duck/Jiangxi/F31/2 8	3	12	7	9	8	11	7	10	9	1	0	4	2	0	10	8	4	8	1	7	4	7	0	9	10	9	1	9	2	6	1	11	10	29	9	7	7	17	5	16	10	20	18	14	1	13	6	6	8	12	4	7	3	11	1	5	13	25	16	10	4	12	16	
994_A/duck/Jiangxi/NCDZT 8	3	12	7	9	8	12	8	10	9	1	0	4	3	0	10	13	4	9	1	6	4	7	0	9	10	9	1	9	2	8	1	13	10	29	10	7	7	19	6	18	11	22	18	15	2	13	6	9	8	13	5	7	3	12	0	4	16	25	16	13	3	14	17	
995_A/duck/Jiangxi/NCDZT 8	3	12	7	9	8	12	8	10	9	1	0	4	3	0	10	12	4	9	1	7	4	7	0	9	10	9	1	9	2	8	1	13	10	29	10	7	7	19	6	18	11	22	18	15	2	13	6	9	8	13	5	7	3	12	0	5	15	25	16	12	4	14	17	
996_A/duck/Jiangxi/S1025 6	2	10	8	11	8	14	7	8	11	1	0	5	2	0	10	9	4	10	1	10	3	7	0	9	11	7	0	10	2	9	1	15	7	26	10	7	9	21	7	20	9	22	17	14	2	15	5	9	9	14	4	7	1	12	3	5	15	26	16	10	6	13	16	
997_A/duck/Jiangxi/S4083 7	3	9	7	10	7	15	8	8	11	1	0	7	2	0	10	9	4	8	1	10	3	8	0	9	10	8	0	8	2	10	1	16	8	28	10	6	9	19	7	21	9	21	15	14	1	16	7	8	8	15	4	7	2	11	3	5	15	26	18	10	6	13	14	
998_A/duck/Jilin/04.04_S 7	5	13	10	12	7	11	5	8	10	1	0	5	3	0	10	7	4	8	0	9	3	8	0	11	8	6	2	8	3	12	0	12	11	28	9	11	5	22	7	21	11	23	15	12	1	16	6	5	7	14	7	8	4	12	1	7	15	23	20	9	3	17	10	
999_A/duck/Jilin/JL-SIV/ 7	7	12	8	12	6	12	7	6	12	1	0	5	2	0	10	11	3	12	0	8	3	6	0	11	10	8	2	8	3	8	0	14	13	23	10	9	6	24	5	20	9	22	14	14	3	15	4	8	7	13	7	8	5	13	0	6	15	25	17	9	2	15	13	
1000_A/duck/Jilin/S1261/2 6	4	13	9	13	8	11	6	9	9	1	0	5	4	0	10	7	3	7	0	10	4	9	0	7	9	6	2	10	2	11	0	11	11	30	9	11	5	21	6	20	11	23	15	13	1	16	6	6	6	12	7	7	5	13	1	6	15	23	20	11	3	19	10	
1001_A/duck/Jilin/S4171/2 7	4	13	9	13	9	11	6	9	9	1	0	5	4	0	10	7	3	7	0	9	4	9	0	7	9	6	2	10	2	11	0	11	11	28	10	11	5	23	5	20	11	23	15	13	1	17	6	5	6	13	7	9	4	13	1	5	15	20	20	11	3	19	11	
1002_A/duck/Kaohsiung/15W 11	6	12	6	8	6	12	9	2	12	1	0	5	2	0	10	12	4	8	0	7	5	6	0	12	10	11	2	8	2	8	0	14	12	29	12	8	3	23	6	15	11	16	9	15	1	18	10	8	7	14	7	8	4	11	3	7	17	25	20	10	2	14	9	
1003_A/duck/Kaohsiung/20W 9	4	10	7	10	6	14	8	2	14	1	0	5	1	0	10	12	4	8	0	8	4	6	0	12	9	13	2	8	3	6	0	15	13	28	11	7	4	23	6	16	11	18	10	14	1	17	9	7	8	14	6	9	4	11	5	6	15	25	20	10	2	15	9	
1004_A/duck/Kaohsiung/150 7	5	12	7	10	6	12	8	12	12	1	0	3	1	0	10	11	3	10	0	9	4	6	0	8	9	8	0	8	3	8	2	12	10	27	8	10	6	20	9	20	11	24	16	13	2	14	6	7	8	12	4	7	3	14	3	5	17	21	15	13	3	17	16	
1005_A/duck/Liaoning/LN/2 7	6	11	7	12	5	13	8	10	11	1	0	3	4	0	10	10	3	8	1	7	4	7	0	10	10	10	1	7	2	10	0	13	8	26	10	9	8	21	6	20	10	22	19	13	3	15	4	9	7	14	7	6	4	11	0	6	14	25	17	10	4	15	14	
1006_A/duck/Nanchang/9789 6	4	11	9	12	6	13	6	9	10	1	0	5	4	0	10	8	4	8	1	10	2	7	0	11	10	7	1	6	3	10	0	12	9	25	10	8	6	22	7	23	9	23	18	13	3	13	7	6	8	17	6	8	2	11	2	10	15	23	18	9	3	17	12	
1007_A/duck/Nantou/15A343 7	5	11	7	10	6	13	8	11	12	1	0	3	1	0	10	11	3	10	0	9	4	6	0	9	9	8	0	8	3	8	2	12	10	27	8	10	6	20	9	20	11	24	16	13	2	14	6	7	8	12	4	7	3	14	2	4	17	21	15	14	3	17	17	
1008_A/duck/Nantou/17A024 5	5	12	7	12	4	12	8	11	14	1	0	3	1	0	10	10	2	9	0	10	5	7	0	9	11	8	0	8	2	8	2	12	10	27	8	9	6	20	9	21	10	24	15	13	2	13	7	8	8	12	4	6	3	14	1	8	15	22	16	12	3	17	17	
1009_A/duck/Ningxia/YG61/ 10	6	11	6	9	6	13	9	2	12	1	0	5	2	0	10	11	4	7	0	9	4	7	0	11	10	8	2	9	2	11	0	14	11	26	12	8	4	23	6	16	11	15	13	15	1	19	6	7	7	13	6	9	4	14	5	8	16	26	18	8	3	13	11	
1010_A/duck/Ningxia/YG71/ 6	4	11	7	11	6	13	8	8	10	1	0	6	3	0	10	9	4	10	1	10	5	6	0	7	8	8	0	11	3	9	1	15	6	27	10	7	9	21	7	19	12	20	16	13	3	17	6	9	9	11	5	7	1	14	3	5	14	25	17	12	4	14	14	
1011_A/duck/Ningxia/YG83/ 6	4	11	7	11	6	13	8	8	10	1	0	6	3	0	10	9	4	10	1	10	5	6	0	7	8	8	0	11	3	9	1	15	6	27	10	7	9	21	7	19	12	20	16	13	3	17	6	9	10	12	6	7	1	13	1	5	14	25	17	12	3	14	15	
1012_A/duck/Pingtung/17A0 5	5	12	7	12	4	12	8	11	14	1	0	3	1	0	10	10	2	9	0	10	5	7	0	9	11	8	0	8	2	8	2	13	9	27	9	9	6	20	8	21	10	23	16	13	2	14	7	8	8	12	4	6	3	14	1	7	15	22	16	13	3	17	17	
1013_A/duck/Pingtung/18A0 5	5	12	7	12	4	12	8	10	15	1	0	3	0	0	10	10	2	9	0	10	5	7	0	10	11	8	0	8	2	8	2	11	10	26	7	9	6	21	10	21	10	24	15	14	2	13	7	8	8	13	4	6	3	13	1	8	15	22	16	12	3	17	17	
1014_A/duck/Pingtung/18A0 6	5	12	6	11	4	12	9	11	14	1	0	1	1	0	10	10	2	9	0	10	5	7	0	9	11	8	0	10	2	8	2	13	9	29	9	7	6	20	8	22	10	21	15	13	2	14	8	9	9	12	4	6	2	12	1	7	15	23	16	13	3	17	17	
1015_A/duck/Pingtung/18X0 5	5	12	7	12	4	12	8	10	15	1	0	4	0	0	10	11	3	9	0	9	4	7	0	10	12	9	1	7	1	7	2	12	10	25	7	9	6	23	10	22	10	24	14	13	2	13	7	8	8	12	4	6	3	13	1	8	15	22	16	11	3	17	17	
1016_A/duck/Pingtung/1501 7	5	12	7	10	6	12	8	11	12	1	0	3	1	0	10	11	3	9	0	9	4	7	0	9	9	8	0	8	3	8	2	12	10	27	8	10	6	20	9	20	11	24	16	13	2	14	6	7	8	12	5	7	3	14	1	5	17	21	15	13	3	17	17	
1017_A/duck/Pingtung/1501 7	5	12	7	10	6	12	8	11	12	1	0	3	1	0	10	11	3	9	0	9	4	7	0	9	9	8	0	8	3	8	2	13	9	27	8	10	6	20	9	20	11	24	16	13	2	14	6	7	8	12	4	7	3	14	2	5	17	21	15	13	3	17	17	
1018_A/duck/Shandong/009/ 6	6	12	8	14	6	12	7	8	12	1	0	5	1	0	10	8	3	9	0	8	3	6	0	8	10	7	1	9	3	12	0	15	9	25	12	8	6	23	5	20	10	20	18	13	2	17	4	7	7	13	6	8	6	13	0	7	15	26	17	9	3	14	15	
1019_A/duck/Shandong/11.1 6	4	11	7	11	6	13	8	9	10	1	0	4	3	0	10	10	3	9	1	9	5	7	0	11	10	7	1	9	2	10	1	12	9	27	11	8	7	19	6	18	11	21	14	13	3	17	7	10	7	14	6	7	3	12	1	7	16	26	14	11	3	13	17	
1020_A/duck/Shandong/11.1 6	4	11	7	11	6	13	8	9	10	1	0	4	3	0	10	10	3	9	1	9	5	7	0	11	10	7	1	9	2	10	1	12	9	27	11	8	7	19	6	18	11	21	14	13	3	17	7	10	7	14	6	7	3	12	1	7	16	26	14	11	3	13	17	
1021_A/duck/Shandong/Q1/2 6	4	11	7	11	7	13	8	11	10	1	0	3	2	0	10	10	5	7	1	9	4	9	0	10	9	8	1	8	2	9	1	13	8	27	10	8	7	19	7	20	11	23	16	14	2	14	7	8	7	14	5	8	3	12	1	7	17	26	17	9	3	13	15	
1022_A/duck/Shandong/SD02 5	2	10	7	12	7	14	8	8	12	1	0	5	2	0	10	9	4	10	1	10	4	6	0	9	10	7	0	10	2	10	1	15	7	26	10	7	9	21	7	19	8	21	15	15	3	16	7	9	9	14	5	7	1	12	3	5	15	26	16	10	6	13	15	
1023_A/duck/Shandong/SD02 5	2	10	7	12	7	14	8	8	12	1	0	5	2	0	10	9	4	10	1	10	4	6	0	9	10	7	0	10	2	10	1	15	7	26	10	7	9	21	7	19	8	21	15	15	3	16	7	9	9	14	5	7	1	12	3	5	15	26	16	10	6	13	15	
1024_A/Duck/Shandong/Y01/ 6	5	13	10	13	7	11	5	8	10	1	0	7	3	0	10	8	4	7	0	9	2	9	0	8	9	7	1	8	3	11	0	14	8	26	10	10	5	24	5	19	12	24	16	12	2	14	7	5	5	14	8	7	6	13	2	9	15	23	18	10	2	17	11	
1025_A/Duck/Shandong/Y02/ 6	5	13	9	13	7	11	6	8	10	1	0	8	3	0	10	7	4	8	0	10	2	9	0	8	10	7	1	7	2	10	0	14	8	25	10	10	5	25	5	20	12	25	16	12	2	13	7	5	5	14	8	7	6	13	2	9	15	23	17	9	2	17	12	
1026_A/duck/Sichuan/04.27 8	4	11	6	9	7	13	9	11	9	1	0	4	3	0	10	10	3	7	1	8	4	9	0	9	9	7	1	9	3	11	0	14	8	28	8	7	8	20	7	20	10	23	16	12	4	16	4	9	9	14	5	7	3	11	2	7	15	27	18	11	3	12	14	
1027_A/duck/Sichuan/04.27 8	4	11	6	9	7	13	9	11	9	1	0	4	3	0	10	10	3	7	1	8	4	9	0	9	9	7	1	9	3	11	0	14	8	28	9	7	8	20	6	21	10	24	16	12	4	14	5	9	9	15	5	7	3	10	2	6	15	27	18	11	3	12	14	
1028_A/duck/Sichuan/04.27 8	4	12	6	9	7	12	9	11	9	1	0	4	3	0	10	10	3	7	1	8	4	9	0	9	9	7	1	9	3	11	0	14	8	27	9	7	8	19	6	21	10	26	16	12	4	14	5	9	9	14	5	7	3	11	2	6	15	27	17	11	3	12	15	
1029_A/duck/Sichuan/04.27 8	4	11	6	9	7	13	9	11	9	1	0	4	3	0	10	10	3	7	1	8	4	9	0	9	9	7	1	9	3	11	0	14	8	28	9	7	8	20	6	21	10	24	16	12	4	14	5	9	9	15	5	7	3	10	2	6	15	27	18	11	3	12	14	
1030_A/duck/Sichuan/04.27 8	4	11	6	9	7	13	9	11	9	1	0	4	3	0	10	10	3	7	1	8	4	9	0	9	9	7	1	9	3	11	0	14	8	28	9	7	8	19	6	21	10	25	16	12	4	14	5	9	9	14	5	7	3	11	2	6	15	27	17	11	3	12	15	
1031_A/duck/Sichuan/04.27 8	4	11	6	9	7	13	9	11	9	1	0	4	3	0	10	10	3	7	1	8	4	9	0	9	9	7	1	9	3	11	0	14	8	28	8	7	8	20	7	20	10	23	16	12	4	16	4	9	9	14	5	7	3	11	2	7	15	27	18	11	3	12	14	
1032_A/duck/Sichuan/NCXJ1 8	4	12	6	9	7	12	9	11	9	1	0	4	3	0	10	10	3	7	1	8	4	9	0	9	9	7	1	9	3	11	0	14	8	28	8	7	8	20	7	20	10	23	16	12	4	16	4	9	9	14	5	7	3	11	2	7	15	27	18	11	3	12	14	
1033_A/duck/Sichuan/NCXJ2 8	4	11	6	9	7	13	9	11	9	1	0	4	3	0	10	10	3	7	1	8	4	9	0	9	9	7	1	9	3	11	0	14	8	28	9	7	8	20	6	21	10	24	16	12	4	14	5	9	9	15	5	7	3	10	2	6	15	27	18	11	3	12	14	
1034_A/duck/Sichuan/NCXN1 7	4	11	7	10	8	13	8	11	9	1	0	3	3	0	10	11	4	9	1	8	5	8	0	8	9	9	1	9	2	8	1	13	11	30	9	9	6	19	6	19	12	22	17	15	2	14	6	7	8	14	5	7	2	11	0	5	15	24	15	11	3	15	18	
1035_A/duck/Sichuan/NCXN1 7	4	11	7	10	8	13	8	11	9	1	0	3	3	0	10	11	4	8	1	8	5	8	0	9	9	9	1	9	2	8	1	13	11	29	9	9	6	19	6	19	12	22	17	15	2	14	6	7	8	14	5	7	2	12	1	5	15	24	16	11	3	15	16	
1036_A/duck/Sichuan/S1805 4	2	10	7	12	7	14	8	8	12	1	0	5	2	0	10	9	4	11	1	10	3	5	0	9	11	7	0	10	2	10	1	15	7	26	10	7	9	21	7	21	9	21	15	13	2	16	7	10	9	14	4	6	1	12	3	6	15	25	17	10	6	13	16	
1037_A/duck/Sichuan/SC482 6	2	10	7	11	8	14	8	9	11	1	0	4	2	0	10	9	4	9	1	10	3	7	0	8	11	7	0	11	2	10	1	15	7	25	10	7	9	22	7	20	9	21	15	14	2	16	7	9	9	14	4	7	1	12	3	5	15	25	15	10	6	14	17	
1038_A/duck/Sichuan/SC569 6	2	10	7	11	8	14	8	9	11	1	0	4	2	0	10	9	4	9	1	10	3	7	0	8	11	7	0	11	2	10	1	14	7	25	10	8	9	23	6	20	9	21	15	14	2	16	7	9	9	14	4	7	1	12	3	4	15	25	15	11	6	14	17	
1039_A/duck/Sichuan/SD002 6	2	10	7	11	8	14	8	9	10	1	0	4	3	0	10	9	4	9	1	10	3	7	0	8	11	7	0	11	2	10	1	15	7	25	10	7	9	22	7	20	9	21	15	14	2	16	7	9	9	14	4	7	1	12	3	5	15	25	16	10	6	14	16	
1040_A/duck/Taichung/1501 7	5	12	7	10	6	12	8	11	12	1	0	3	1	0	10	11	3	9	0	9	4	7	0	9	9	8	0	8	3	8	2	12	10	26	8	10	6	21	9	20	11	24	16	13	2	14	6	7	8	12	4	7	3	14	2	5	17	21	15	13	3	17	17	
1041_A/duck/Tainan/16WB34 11	6	11	6	8	6	13	9	2	12	1	0	5	2	0	10	12	4	8	0	8	4	6	0	12	9	12	2	8	3	7	0	15	12	27	12	7	3	23	6	16	11	15	10	14	1	19	9	8	6	16	7	9	4	11	3	6	17	27	20	11	2	12	9	
1042_A/duck/Tainan/150104 7	5	12	7	10	6	12	8	11	12	1	0	3	1	0	10	12	4	9	0	9	3	7	0	9	9	8	1	7	3	8	2	12	10	27	8	10	6	20	9	20	11	24	15	13	2	14	6	7	8	12	5	7	3	14	1	5	17	22	15	13	3	16	17	
1043_A/duck/Tainan/160100 7	5	11	7	10	6	13	8	11	12	1	0	3	1	0	10	11	2	9	0	9	5	7	0	8	9	8	0	9	3	8	2	10	8	26	8	10	8	21	9	20	12	24	16	13	2	14	6	8	9	12	4	7	3	14	2	5	18	22	15	13	1	16	17	
1044_A/duck/Taipei/05WB83 10	3	12	5	11	9	12	10	5	13	1	0	7	1	0	10	7	4	7	0	11	4	7	0	6	10	13	1	9	2	6	0	12	7	27	14	10	7	21	5	16	12	15	10	14	2	19	10	8	7	14	6	10	4	13	3	8	18	23	19	7	0	16	12	
1045_A/duck/Taipei/18WB01 9	5	10	7	10	7	14	8	2	12	1	0	5	2	0	10	12	4	8	0	7	4	6	0	13	9	13	2	8	3	6	0	14	12	27	13	7	4	25	4	16	11	13	10	14	1	20	9	7	6	15	7	9	5	11	3	7	16	27	19	10	2	14	10	
1046_A/duck/Taipei/19WB02 9	5	10	7	10	7	14	8	2	13	1	0	5	1	0	10	12	4	7	0	8	4	7	0	12	9	13	2	8	3	5	0	15	12	27	12	7	4	24	6	16	11	16	10	14	1	17	11	8	8	14	7	8	3	12	3	7	16	26	19	10	1	14	10	
1047_A/duck/Taiwan/01006/ 7	5	12	7	10	6	12	8	11	12	1	0	3	1	0	10	11	3	9	1	9	4	7	0	9	9	8	0	8	3	8	2	13	9	27	7	10	6	20	9	20	11	24	16	13	2	14	6	7	8	12	4	7	3	14	2	5	17	21	15	13	3	17	17	
1048_A/duck/Taiwan/11213/ 14	5	13	6	7	6	9	9	10	14	1	0	8	0	0	10	10	5	9	0	8	5	7	0	7	10	12	1	5	0	7	0	17	13	26	13	8	5	17	3	18	13	21	16	16	0	19	7	7	8	10	7	5	2	14	4	6	14	24	17	8	1	14	13	
1049_A/duck/Taiwan/11254/ 14	5	13	6	7	6	9	9	9	14	1	0	8	0	0	10	10	5	9	0	8	5	7	0	7	10	12	2	5	0	7	0	17	14	26	13	8	5	17	3	19	13	21	15	16	0	19	7	6	8	10	7	5	2	14	4	6	14	24	17	8	1	14	13	
1050_A/duck/Taiwan/a043/2 7	5	12	7	10	6	12	8	11	13	1	0	3	1	0	10	11	3	9	0	9	4	7	0	9	9	7	0	8	3	9	2	12	10	27	8	10	6	20	9	20	10	24	16	13	2	14	6	7	8	12	4	7	3	14	2	5	17	21	15	13	3	17	17	
1051_A/duck/Taiwan/a068/2 7	5	12	7	10	6	12	8	10	12	1	0	5	1	0	10	11	3	9	0	9	4	7	0	9	9	8	0	7	3	8	2	12	10	27	8	10	6	20	9	20	11	24	16	14	2	13	6	7	8	12	5	7	3	14	1	5	17	21	15	13	3	17	17	
1052_A/duck/Taiwan/A3400/ 7	5	12	7	10	6	12	8	10	12	1	0	5	1	0	10	11	3	9	0	9	4	7	0	9	9	8	0	7	3	8	2	12	10	27	8	10	6	21	9	20	11	23	17	14	2	14	5	7	8	12	5	7	3	14	1	5	17	21	15	13	3	17	17	
1053_A/duck/Taiwan/DV1238 11	5	15	6	9	6	9	9	4	12	1	0	10	2	0	10	8	4	7	0	11	5	7	0	7	10	13	2	6	2	7	0	12	7	28	15	10	7	19	5	15	13	16	8	13	2	18	11	8	7	16	7	10	4	10	3	8	16	24	20	8	1	16	10	
1054_A/duck/Taiwan/DV1241 11	5	15	6	9	6	9	8	4	12	1	0	10	2	0	10	8	4	7	0	10	5	7	0	7	10	12	3	6	2	7	0	12	7	28	15	11	7	19	6	16	13	16	8	12	2	19	11	8	7	16	7	10	4	10	3	8	16	24	19	8	1	15	11	
1055_A/duck/Taiwan/DV1242 11	5	15	6	9	6	9	9	4	12	1	0	10	2	0	10	8	4	7	0	11	5	7	0	7	10	13	2	6	2	7	0	12	7	28	15	10	7	19	5	16	13	16	8	12	2	19	11	8	7	16	7	10	4	10	3	8	16	24	20	8	1	14	11	
1056_A/duck/Taoyuan/16010 7	5	11	7	10	6	13	8	11	12	1	0	4	1	0	10	9	3	9	0	10	4	7	0	8	9	8	1	9	3	8	1	12	10	27	8	10	6	20	9	20	10	24	15	13	3	14	7	7	9	12	4	7	3	14	2	5	17	22	16	13	2	16	16	
1057_A/duck/Wuxi/7249/201 7	2	13	7	11	9	10	7	13	9	1	0	4	4	0	9	11	3	9	1	7	5	9	0	5	10	10	1	9	2	8	2	15	10	29	10	6	7	18	5	19	13	20	17	14	2	14	6	9	7	14	6	7	5	10	1	6	16	26	17	13	3	11	14	
1058_A/duck/Xinjiang/12.1 7	4	11	7	11	6	13	8	9	10	1	0	5	3	0	10	8	4	10	1	10	4	6	0	7	10	8	0	11	2	9	1	14	6	26	10	8	9	22	7	19	11	23	15	13	3	15	6	10	10	12	6	7	1	13	1	5	15	26	17	11	3	14	14	
1059_A/duck/Xinjiang/S106 6	5	13	9	13	7	11	6	8	10	1	0	5	3	0	10	7	4	7	0	10	2	9	0	9	11	7	2	9	1	10	0	10	10	29	8	11	6	19	7	21	11	23	16	12	1	18	5	7	6	13	7	8	5	14	1	8	15	22	20	8	3	18	11	
1060_A/duck/Xinjiang/S112 6	5	13	8	13	7	11	7	8	10	1	0	6	3	0	10	7	4	7	0	10	2	9	0	9	11	8	2	8	1	9	0	11	11	29	7	10	6	19	8	21	11	23	15	10	1	18	6	7	6	13	8	8	5	14	1	7	15	23	20	10	3	17	10	
1061_A/duck/Yilan/17A0092 5	5	12	7	12	4	12	8	11	13	1	0	3	2	0	10	10	2	9	0	10	5	7	0	9	11	8	0	8	2	8	2	12	10	27	8	9	6	21	9	20	10	24	15	13	2	13	7	8	8	12	4	6	3	13	1	8	15	22	15	13	3	17	18	
1062_A/duck/Yunlin/15A501 7	5	13	8	10	6	11	7	11	12	1	0	3	1	0	10	11	3	9	0	9	4	7	0	8	9	8	0	8	3	8	2	13	10	26	8	9	6	21	9	20	11	23	16	14	2	15	6	7	9	12	4	7	3	14	2	5	17	21	15	13	2	17	17	
1063_A/duck/Yunlin/17A008 5	5	12	7	12	4	12	8	11	13	1	0	3	2	0	10	10	2	9	0	10	5	7	0	9	11	8	0	8	2	8	2	12	11	27	8	9	5	20	9	21	10	24	15	13	2	13	7	8	8	12	4	6	3	14	1	7	15	22	15	13	3	17	18	
1064_A/duck/Yunlin/17A068 5	5	12	7	12	4	12	8	12	15	1	0	3	1	0	10	10	2	9	0	10	4	7	0	8	10	8	0	8	2	8	2	11	10	26	8	9	7	21	9	20	11	23	13	13	2	13	10	8	8	12	4	8	3	14	1	6	15	22	16	13	3	17	17	
1065_A/duck/Yunlin/18X000 6	5	12	7	11	4	12	8	11	12	1	0	2	2	0	10	10	2	9	0	11	5	7	0	8	11	8	1	9	2	8	2	12	10	26	7	9	6	21	8	21	10	23	15	13	3	13	7	8	9	12	5	6	2	13	2	7	17	23	16	12	3	16	17	
1066_A/duck/Yunlin/150102 7	5	12	7	10	6	12	8	11	12	1	0	3	1	0	10	11	3	9	0	9	4	7	0	9	9	8	0	8	3	8	2	12	10	27	9	10	6	20	8	20	11	24	16	13	2	14	6	7	8	12	4	7	3	14	2	5	17	21	15	13	3	17	17	
1067_A/duck/Yunlin/150102 7	5	12	7	10	6	12	8	11	12	1	0	3	1	0	10	11	3	9	0	9	4	7	0	9	9	9	0	8	3	7	2	12	10	28	8	10	6	19	9	20	11	24	16	13	2	14	6	7	8	12	5	7	3	14	1	5	17	21	16	13	3	17	16	
1068_A/duck/Yunlin/150103 7	5	12	7	10	6	12	8	11	12	1	0	3	1	0	10	11	3	9	0	9	4	7	0	9	9	8	0	8	3	8	2	12	10	26	8	10	6	21	9	20	11	24	16	13	2	15	5	7	8	12	4	7	3	14	2	5	17	22	15	13	3	16	17	
1069_A/duck/Yunlin/150103 7	5	12	7	10	6	12	8	11	12	1	0	3	1	0	10	11	3	9	0	9	4	7	0	9	9	8	0	8	3	8	2	12	10	27	8	10	6	20	9	20	11	24	16	13	2	14	6	7	8	12	4	7	3	14	2	5	17	21	15	13	3	17	17	
1070_A/duck/Yunlin/150103 7	5	12	7	10	6	12	8	11	12	1	0	3	1	0	10	11	3	9	0	9	4	7	0	9	9	8	0	8	3	8	2	12	10	26	8	10	6	21	9	20	11	24	16	13	2	14	6	7	8	12	4	7	3	14	2	5	16	21	15	13	4	17	17	
1071_A/duck/Yunlin/150104 7	5	12	7	10	6	12	8	11	12	1	0	3	1	0	10	11	3	9	0	9	4	7	0	9	9	8	0	8	3	8	2	12	10	26	9	10	6	20	9	20	11	24	16	13	2	14	6	7	8	13	5	7	3	13	1	5	17	21	16	13	3	17	16	
1072_A/duck/Yunlin/150700 7	5	13	7	10	6	11	8	11	12	1	0	3	1	0	10	11	3	9	0	9	4	7	0	8	9	8	0	9	3	8	2	12	10	26	8	10	6	21	9	20	11	23	16	13	2	15	6	7	9	12	4	7	3	14	2	5	17	21	15	13	2	17	17	
1073_A/duck/Yunlin/171100 5	5	12	6	12	4	12	9	12	15	1	0	4	1	0	10	9	2	10	0	10	4	6	0	9	10	8	0	8	2	8	2	12	10	28	8	8	8	19	9	21	10	24	14	12	2	13	8	8	8	12	4	7	2	14	1	7	15	22	16	13	3	17	17	
1074_A/duck/Yunlin/180600 5	5	12	7	12	4	12	8	12	15	1	0	2	1	0	10	10	2	9	0	10	4	7	0	8	10	8	0	9	2	8	2	12	10	27	8	8	8	21	8	21	11	24	14	14	1	13	8	8	8	12	4	7	2	14	1	8	15	23	16	11	3	16	17	
1075_A/duck/Yunnan/03.15_ 6	4	12	7	11	8	12	8	12	10	1	0	4	2	0	10	12	3	8	1	7	5	8	0	7	10	9	1	9	2	8	1	13	11	29	11	6	7	19	5	19	10	22	18	15	3	13	6	9	7	13	5	7	2	12	1	5	16	24	17	12	3	15	15	
1076_A/duck/Yunnan/03.16_ 6	4	12	7	11	8	11	7	12	9	1	0	4	2	0	10	8	3	7	1	7	5	8	0	7	10	9	1	9	2	6	1	11	11	30	9	6	7	16	5	17	10	20	18	14	1	13	6	6	7	12	4	7	2	11	1	5	14	24	17	10	3	13	15	
1077_A/duck/Yunnan/03.16_ 7	4	14	8	10	7	11	7	12	8	1	0	4	4	0	10	11	3	8	1	8	5	8	0	7	10	9	1	9	2	8	1	12	10	28	10	6	8	19	6	19	10	22	19	16	2	13	5	9	8	14	5	7	3	11	0	5	16	24	17	10	4	16	16	
1078_A/duck/Yunnan/03.16_ 6	4	12	7	11	8	12	8	12	10	1	0	4	2	0	10	12	3	8	1	7	5	8	0	7	11	9	1	9	1	8	1	13	11	29	11	6	7	19	5	19	10	22	18	15	3	13	6	9	7	13	5	7	2	12	1	5	16	24	17	12	3	15	15	
1079_A/duck/Yunnan/03.16_ 6	4	12	7	11	8	12	8	12	10	1	0	4	2	0	10	12	3	8	1	7	5	8	0	7	11	9	1	9	1	8	1	13	11	29	11	6	7	19	5	19	10	22	18	15	3	13	6	9	7	13	5	7	2	12	1	5	16	24	17	12	3	15	15	
1080_A/duck/Yunnan/07.15_ 5	4	12	8	12	7	12	7	11	9	1	0	4	3	0	10	12	3	8	1	7	5	8	0	8	11	9	1	9	1	8	1	13	9	29	10	6	7	19	6	19	12	21	18	15	3	13	6	9	8	13	5	7	4	13	1	5	15	22	16	12	3	16	16	
1081_A/duck/Yunnan/07.15_ 5	4	12	8	12	7	12	7	11	9	1	0	4	3	0	10	12	3	8	1	7	5	8	0	8	11	9	1	9	1	8	1	13	9	29	10	6	7	19	6	18	12	21	18	16	3	13	6	9	8	13	5	7	4	13	1	5	15	22	16	11	4	16	16	
1082_A/duck/Yunnan/07.15_ 5	4	12	8	12	7	12	7	11	9	1	0	4	3	0	10	12	3	8	1	7	5	8	0	8	11	9	1	9	1	8	1	13	9	29	11	6	7	19	5	19	12	21	18	15	3	13	6	9	8	13	5	7	4	13	1	5	15	23	16	12	3	15	16	
1083_A/duck/Yunnan/07.15_ 5	4	12	8	12	7	12	7	11	9	1	0	4	3	0	10	12	3	8	1	7	5	8	0	8	11	9	1	9	1	8	1	13	9	29	11	6	7	19	5	19	12	21	18	15	3	13	6	9	8	13	5	7	4	13	1	5	15	23	16	12	3	15	16	
1084_A/duck/Yunnan/S4318/ 6	2	10	7	11	8	14	8	9	11	1	0	4	2	0	10	9	4	9	1	10	3	7	0	9	12	7	0	10	1	10	1	15	7	25	10	7	9	22	7	20	9	20	15	14	2	17	7	9	9	14	5	7	1	12	3	5	14	26	16	10	7	13	15	
1085_A/Duck/Yunnan/YN-2/2 7	4	12	8	11	7	12	7	12	9	1	0	4	3	0	10	11	3	9	1	7	5	7	0	7	11	10	1	9	1	7	1	13	10	30	9	6	7	18	6	19	12	25	16	15	2	12	6	8	8	13	5	8	4	13	1	7	15	23	16	10	3	15	16	
1086_A/Duck/Yunnan/YN-4/2 6	5	12	9	13	7	12	6	9	9	1	0	5	4	0	11	10	3	6	0	7	3	9	0	9	9	8	1	6	3	11	0	14	8	26	11	9	6	23	4	20	9	25	17	10	4	16	5	4	5	15	6	11	5	11	3	13	15	24	19	7	3	15	11	
1087_A/Duck/Yunnan/YN-9/2 7	4	11	8	11	7	12	7	11	9	1	0	5	3	0	11	11	3	8	1	7	5	8	0	7	11	9	1	9	1	8	1	12	9	30	10	7	7	19	6	19	12	22	18	15	2	13	6	8	8	13	5	8	4	13	1	5	15	22	16	12	3	15	16	
1088_A/Duck/Zhanjiang/155 7	4	12	7	11	7	12	8	12	9	1	0	5	3	0	10	11	3	8	1	7	5	8	0	6	10	11	1	9	2	6	1	13	8	29	9	6	9	19	6	20	11	30	16	14	2	9	6	9	7	14	6	7	3	11	1	5	15	25	16	12	4	12	17	
1089_A/duck/Zhejiang/02.2 9	3	13	7	8	9	11	8	9	10	1	0	5	3	0	10	12	4	9	1	7	3	7	0	9	10	9	1	9	2	8	1	13	10	28	10	7	7	20	6	18	11	22	18	15	2	13	5	9	8	13	5	7	3	12	1	4	16	25	15	13	3	13	17	
1090_A/duck/Zhejiang/6D18 6	4	11	7	11	7	13	8	11	9	1	0	3	3	0	10	9	4	9	1	9	4	7	0	10	9	7	1	9	3	10	1	14	8	26	10	7	7	20	7	19	11	21	14	13	3	17	7	10	8	14	6	7	3	12	1	7	16	26	13	10	3	13	18	
1091_A/duck/Zhejiang/7713 8	3	11	6	9	8	13	9	12	9	1	0	3	3	0	10	10	3	7	1	8	4	9	0	9	9	6	1	9	3	12	0	14	10	27	8	7	8	20	7	22	10	23	16	12	4	15	5	8	9	14	5	7	2	11	2	5	14	26	19	12	4	13	13	
1092_A/duck/Zhejiang/7270 7	3	13	7	10	8	11	8	11	9	1	0	4	3	0	10	12	3	9	1	7	5	7	0	8	10	10	1	9	2	7	1	13	10	28	10	6	7	19	6	20	11	23	19	14	2	14	4	9	8	13	5	7	3	12	0	5	16	25	17	12	3	14	16	
1093_A/duck/Zhejiang/7271 7	4	13	7	10	7	11	8	11	9	1	0	4	3	0	10	12	3	9	1	7	5	7	0	8	10	10	1	9	2	7	1	13	10	29	10	6	7	19	6	20	11	20	18	15	2	15	5	9	8	13	5	6	3	12	1	5	16	25	16	13	3	14	16	
1094_A/duck/Zhejiang/9250 6	3	12	7	11	8	12	8	10	9	1	0	4	3	0	10	10	4	9	1	10	3	7	0	9	10	7	1	9	2	10	1	13	8	27	10	7	7	19	7	19	11	23	12	13	3	15	9	10	8	14	7	7	3	12	1	7	15	27	13	9	3	13	19	
1095_A/duck/Zhejiang/9251 6	4	12	7	11	7	12	8	10	9	1	0	4	3	0	10	10	4	9	1	10	3	7	0	9	10	7	1	9	2	10	1	13	8	27	10	7	7	19	7	19	11	23	12	13	3	15	9	10	8	14	7	7	3	12	1	7	15	27	13	10	3	13	18	
1096_A/duck/Zhejiang/1026 6	5	11	7	11	6	13	8	11	13	1	0	4	0	0	10	10	3	8	1	8	4	8	0	10	8	8	1	8	3	9	1	11	10	26	7	10	6	21	9	19	13	23	17	12	1	15	5	9	7	12	5	7	4	14	1	6	15	23	16	13	4	15	16	
1097_A/duck/Zhejiang/1220 5	5	14	10	14	7	10	5	8	9	1	0	6	4	0	11	9	3	8	0	8	3	8	0	9	9	7	1	6	3	11	0	13	8	24	11	10	6	24	4	20	11	23	17	13	3	17	5	5	5	15	5	9	5	12	3	12	14	22	20	7	3	17	11	
1098_A/duck/Zhejiang/S409 6	5	13	10	13	7	11	5	8	10	1	0	5	3	0	10	7	4	7	0	10	2	9	0	8	9	7	2	10	3	11	0	13	10	28	9	11	6	21	7	20	10	23	16	13	1	16	5	5	6	13	7	8	5	14	1	7	15	21	19	9	3	19	11	
1099_A/duck/Zhejiang/S485 6	2	9	6	11	8	15	9	8	11	1	0	6	2	0	10	10	4	11	1	10	3	5	0	9	10	7	0	8	3	10	1	15	8	27	10	6	9	20	6	20	10	19	15	14	2	18	7	9	8	16	4	5	1	11	3	6	15	26	16	11	6	13	16	
1100_A/duck/Zhejiang/W24/ 6	4	11	6	11	7	13	9	10	9	1	0	4	3	0	10	10	4	9	1	10	3	7	0	9	10	7	1	9	2	10	1	12	8	27	10	8	7	19	7	20	11	22	13	13	3	17	7	9	8	14	6	7	3	12	1	7	16	26	13	11	3	13	18	
1101_A/egret/Jiangsu/SD02 6	2	10	7	11	8	14	8	8	11	1	0	5	2	0	10	9	4	9	1	10	3	7	0	9	11	7	0	10	2	10	1	15	7	26	10	7	9	21	7	20	9	22	15	14	2	16	7	9	9	14	4	7	1	12	3	5	15	25	16	10	6	13	16	
1102_A/Egret/Shangdong/JN 5	2	10	7	12	7	14	8	8	12	1	0	6	2	0	10	10	4	11	1	10	3	5	0	7	10	6	0	10	3	11	1	15	8	27	10	7	8	20	7	22	9	21	13	13	2	16	8	9	8	13	4	7	1	14	3	5	18	26	18	9	4	12	15	
1103_A/environment/Hunan/ 7	4	11	7	10	8	13	8	10	9	1	0	4	3	0	10	10	4	10	1	9	5	6	0	9	9	9	1	9	2	8	1	12	9	28	11	9	7	20	6	18	11	22	16	15	2	14	6	10	7	13	5	6	2	12	1	6	15	25	16	12	4	14	16	
1104_A/Environment/Shando 5	2	10	7	12	7	14	8	8	12	1	0	6	2	0	10	10	4	11	1	10	4	4	0	7	10	6	0	10	3	11	1	15	8	27	10	7	8	19	7	21	9	24	13	14	3	15	8	9	8	13	4	7	1	15	3	5	18	28	18	9	3	9	14	
1105_A/Environment/Shando 5	2	10	7	12	7	14	8	8	12	1	0	6	2	0	10	10	4	11	1	10	3	5	0	7	10	6	0	10	3	11	1	15	8	27	10	7	8	19	7	21	9	21	14	13	2	16	8	9	8	13	4	7	1	15	3	5	18	26	19	10	4	12	13	
1106_A/Environment/Shando 5	2	10	7	12	7	14	8	8	12	1	0	6	2	0	10	10	4	11	1	10	3	5	0	7	10	6	0	10	3	11	1	15	8	27	10	7	8	19	7	21	9	21	14	13	2	16	8	9	8	13	4	7	1	15	3	5	18	26	18	10	4	12	14	
1107_A/equine/China/61/20 6	6	12	7	12	6	12	8	8	11	1	0	4	3	0	10	10	3	8	0	8	3	6	0	10	9	8	1	8	3	12	0	14	8	22	12	8	7	26	5	20	11	22	18	13	2	16	4	8	7	15	7	8	5	12	0	6	14	25	17	9	4	14	14	
1108_A/equine/China/67/20 6	6	12	7	12	6	12	8	8	11	1	0	4	3	0	10	10	3	8	0	8	3	6	0	10	10	7	1	8	3	12	0	14	8	22	12	8	7	26	5	20	11	22	18	13	2	16	4	8	7	15	7	8	5	11	1	6	14	25	17	9	4	14	14	
1109_A/equine/China/68/20 6	6	12	7	12	6	12	8	8	11	1	0	4	3	0	10	10	3	8	0	8	3	6	0	10	10	7	1	8	3	12	0	14	9	22	12	8	6	26	5	20	11	22	18	13	2	16	4	8	7	15	7	8	5	12	0	6	14	25	17	9	4	14	14	
1110_A/eurasian_eagle-owl 5	2	10	7	12	7	14	8	8	12	1	0	5	2	0	10	9	4	9	1	10	3	7	0	9	11	7	0	10	2	10	1	15	7	26	10	7	9	21	7	21	9	21	15	13	2	16	7	9	9	14	4	7	1	12	3	3	15	26	16	12	6	13	16	
1111_A/Eurasian_Teal/Hong 6	2	9	7	11	8	15	8	8	11	0	0	5	2	1	10	9	4	10	1	10	3	6	0	9	12	6	0	10	1	11	2	16	6	29	10	7	10	18	7	19	10	21	15	14	2	16	6	8	9	14	4	7	2	12	3	5	15	26	15	10	5	13	17	
1112_A/Eurasian_Teal/Hong 6	2	10	7	11	8	14	8	7	11	0	0	6	2	1	10	9	4	10	1	10	3	6	0	9	12	6	0	10	1	11	2	16	6	29	10	7	10	18	7	19	10	21	15	14	2	17	5	8	9	14	4	7	2	12	3	5	16	26	16	10	4	13	16	
1113_A/Eurasian_Wigeon/Ho 6	2	9	7	11	8	15	8	7	11	0	0	6	2	1	10	9	4	10	1	10	3	6	0	9	12	6	0	10	1	11	2	16	6	29	10	7	10	18	7	19	10	21	15	14	2	16	6	8	9	14	4	7	2	12	3	5	16	26	16	10	4	13	16	
1114_A/Eurasian_Wigeon/Ho 6	2	9	7	11	8	15	8	7	11	0	0	6	2	1	10	9	4	10	1	10	3	6	0	9	12	6	0	10	1	11	2	16	6	29	10	7	10	18	7	19	10	21	15	14	2	16	6	8	9	14	4	7	2	12	3	5	16	26	16	10	4	13	16	
1115_A/Falcated_Duck/Ning 8	4	12	7	9	7	12	8	11	8	1	0	5	4	0	10	12	3	8	1	7	5	8	0	9	10	9	1	7	2	8	1	12	11	28	9	6	6	19	7	19	12	21	17	15	2	14	7	10	8	14	5	7	3	11	1	5	16	24	17	13	2	15	15	
1116_A/Falco_peregrinus/B 7	2	10	7	10	8	15	8	8	11	0	0	5	2	1	10	9	4	10	1	10	3	6	0	9	12	6	0	10	1	11	2	15	7	32	9	7	9	14	8	18	11	20	16	14	2	17	5	8	8	14	4	8	1	13	2	5	16	26	16	10	5	13	17	
1117_A/feline/Guangdong/2 6	4	11	7	11	7	13	8	11	9	1	0	4	3	0	10	12	3	8	1	7	5	8	0	8	10	9	1	9	2	8	1	12	10	29	10	6	7	19	6	20	12	22	18	14	2	13	6	9	7	14	5	7	3	11	1	5	16	25	16	13	3	14	16	
1118_A/Fujian/1/2005|EPI_ 8	6	12	8	11	6	12	7	8	11	1	0	4	3	0	10	8	3	8	0	9	2	6	0	10	12	7	1	8	2	12	0	14	9	22	12	8	6	26	5	20	11	22	18	12	2	16	4	8	7	14	7	7	5	13	0	7	14	25	17	10	4	14	14	
1119_A/Fujian/1/2007|EPI_ 6	5	12	7	12	7	12	8	8	10	1	0	5	3	0	10	10	3	8	0	8	3	6	0	10	11	7	1	8	2	12	0	14	10	22	12	8	5	25	5	19	10	22	18	14	2	16	4	8	7	16	7	8	5	12	0	7	15	23	18	9	3	15	14	
1120_A/Fujian/1/2024(H5N6 9	4	13	7	8	9	11	8	9	10	1	0	7	2	0	10	11	3	9	0	8	3	7	0	8	9	10	1	7	2	7	2	10	12	30	11	10	5	19	5	20	10	22	14	14	3	15	9	7	7	14	5	8	3	10	1	7	16	23	21	12	2	16	11	
1121_A/Fujian/2/2024(H5N6 9	4	13	7	8	9	11	8	9	11	1	0	7	2	0	10	11	3	10	0	8	3	6	0	9	9	10	1	6	2	7	2	10	12	30	12	10	5	19	5	20	10	22	14	14	3	15	8	7	7	14	5	8	3	10	1	7	15	23	21	12	2	16	11	
1122_A/Fujian-Sanyuan/210 6	4	11	7	11	6	13	8	9	10	1	0	5	3	0	10	9	3	10	1	10	5	6	0	7	10	8	0	11	2	9	1	14	6	27	11	8	9	20	6	19	11	21	13	13	4	15	6	9	10	12	6	7	1	14	1	5	15	26	14	12	3	14	17	
1123_A/Fujian-Sanyuan/210 6	4	11	7	11	6	13	8	9	10	1	0	5	3	0	10	9	3	10	1	10	5	6	0	7	10	8	0	11	2	9	1	14	6	27	11	8	9	20	6	19	11	22	15	13	3	16	6	9	10	12	6	7	1	14	1	5	15	26	14	12	3	14	17	
1124_A/Gadwall/Ningxia/47 8	4	12	7	9	7	12	8	11	8	1	0	5	4	0	10	12	3	8	1	7	5	8	0	9	10	9	1	7	2	8	1	12	11	28	9	6	6	19	7	19	12	21	17	15	2	14	7	10	8	14	5	7	2	11	1	5	17	24	17	13	2	15	15	
1125_A/Gallinago_Stenura/ 6	2	9	7	11	8	15	8	7	11	0	0	6	2	1	10	9	4	10	1	10	3	6	0	9	12	6	0	10	1	11	2	16	6	29	10	7	10	18	7	19	10	22	15	14	2	15	6	8	9	14	4	7	2	12	3	5	16	26	16	10	4	13	16	
1126_A/Gallinula_chloropu 7	4	12	7	10	7	12	8	11	9	1	0	4	3	0	10	11	3	8	1	8	6	8	0	8	9	9	1	9	2	8	1	13	10	29	10	6	7	19	6	19	11	21	19	15	2	13	6	9	8	13	4	7	3	12	2	5	17	25	16	12	2	14	16	
1127_A/Goose/_Guangdong_/ 8	4	12	7	9	7	12	8	11	9	1	0	4	3	0	10	12	3	8	1	7	5	8	0	8	10	9	1	9	2	8	1	13	10	29	10	6	7	19	6	19	11	23	18	15	2	12	6	9	8	13	5	7	3	12	1	5	16	25	16	12	3	14	16	
1128_A/Goose/_Guangdong_/ 7	4	11	7	10	7	12	9	11	9	1	0	4	3	0	10	12	3	8	1	8	5	9	0	8	10	9	1	7	2	8	2	13	10	30	10	7	7	19	5	18	10	22	18	14	2	13	7	9	8	12	5	6	3	12	1	5	17	27	17	13	3	12	15	
1129_A/Goose/_Guangdong_/ 7	4	12	7	10	7	12	8	9	9	1	0	5	3	0	10	12	3	8	1	7	5	8	0	9	10	9	1	10	2	7	1	13	10	29	11	7	7	19	5	18	11	22	18	14	2	13	6	9	8	13	5	7	3	12	1	5	16	25	15	12	4	14	17	
1130_A/goose/Anhui/AH350/ 6	3	11	7	11	7	14	8	12	9	1	0	3	3	0	10	12	3	8	1	6	6	7	0	7	10	10	1	10	2	7	1	12	10	29	11	9	7	18	6	18	12	22	18	14	2	13	6	9	9	13	6	7	3	12	1	6	13	27	16	12	3	13	15	
1131_A/goose/Changhua/150 7	5	12	7	10	6	12	8	11	12	1	0	3	1	0	10	11	3	9	0	10	5	7	0	9	9	8	0	8	2	8	2	12	10	26	8	9	6	22	9	20	11	24	16	13	2	13	6	7	8	12	4	7	3	14	2	5	17	21	15	13	3	17	17	
1132_A/goose/Chiayi/15010 7	5	12	7	10	6	12	8	11	12	1	0	3	1	0	10	11	3	9	0	9	4	7	0	9	9	8	0	8	3	8	2	12	10	27	8	10	6	20	9	20	11	24	16	13	2	14	6	7	8	12	4	7	3	14	2	5	17	21	15	13	3	17	17	
1133_A/goose/Chiayi/15010 7	5	12	6	10	6	12	9	11	12	1	0	3	1	0	10	11	3	9	0	9	4	7	0	9	9	8	0	8	3	8	2	12	10	27	8	10	6	20	9	20	11	24	16	13	2	14	6	7	8	12	4	7	3	14	2	5	17	21	15	13	3	17	17	
1134_A/goose/Chiayi/15020 7	5	12	7	10	6	12	8	11	12	1	0	3	1	0	10	11	3	9	0	9	4	7	0	9	9	8	0	8	3	8	2	12	10	27	8	10	6	20	9	20	11	24	16	13	2	14	6	7	8	12	5	7	3	14	1	5	17	21	16	13	3	17	16	
1135_A/goose/Chiayi/16010 7	5	11	7	10	6	13	8	11	12	1	0	3	1	0	10	11	2	9	0	9	5	7	0	8	9	8	0	9	3	8	2	10	8	27	8	10	8	20	9	20	12	24	16	13	2	14	6	8	9	12	4	7	3	14	2	5	18	22	15	13	1	16	17	
1136_A/goose/Chiayi/16040 7	5	11	7	10	5	13	8	12	12	1	0	2	1	0	10	11	3	9	0	9	5	7	0	8	9	9	0	9	3	7	2	12	10	26	9	10	6	21	8	20	11	25	15	14	2	14	6	7	9	12	4	7	3	14	2	6	16	21	15	12	2	17	17	
1137_A/goose/Chiayi/16040 7	5	11	7	10	6	13	8	11	12	1	0	3	1	0	10	11	3	9	0	9	4	7	0	8	9	9	0	9	3	7	2	12	10	27	8	10	6	21	8	20	11	25	15	14	2	14	6	7	9	12	4	7	3	14	2	6	16	21	15	12	2	17	17	
1138_A/goose/Chiayi/17020 5	5	12	7	12	4	12	8	10	14	0	0	4	1	1	10	10	2	9	0	10	5	7	0	9	11	7	0	8	2	9	2	12	10	27	8	9	6	20	9	21	10	24	15	13	2	13	7	8	8	12	4	6	3	14	1	7	15	22	16	13	3	17	17	
1139_A/goose/Chiayi/17040 7	5	13	6	10	6	11	9	10	12	1	0	5	1	0	10	11	3	9	0	9	4	7	0	9	9	9	0	7	3	8	2	12	10	29	7	10	7	18	9	21	10	23	16	14	2	13	6	7	7	12	5	7	3	15	1	6	17	21	15	12	3	17	17	
1140_A/goose/Chiayi/18010 5	5	12	6	12	4	12	9	12	15	1	0	3	1	0	10	10	2	10	0	10	4	6	0	8	10	8	0	8	2	8	2	12	10	29	8	8	8	18	9	21	10	24	14	13	2	13	8	8	8	12	4	7	2	14	1	7	15	22	16	13	3	17	17	
1141_A/goose/Chiayi/18020 5	6	12	6	12	4	12	9	12	14	1	0	3	1	0	10	10	2	10	0	10	4	6	0	8	10	8	0	8	2	8	2	12	10	29	8	8	8	18	9	21	11	24	14	13	1	13	8	8	8	12	4	7	2	14	1	7	15	21	17	13	3	17	17	
1142_A/goose/China/1/2021 6	4	11	6	11	6	13	9	9	11	1	0	5	2	0	10	9	4	10	1	10	4	6	0	8	10	7	0	10	2	10	1	15	7	26	10	7	9	21	7	20	10	21	15	14	3	16	7	9	9	14	4	7	1	12	3	3	15	26	15	11	5	13	17	
1143_A/goose/China/0701/2 9	4	12	7	8	8	12	8	10	11	1	0	4	3	0	10	12	3	9	1	7	3	6	0	7	9	10	1	9	3	8	1	13	10	30	12	8	7	17	6	19	13	17	19	13	2	16	5	9	8	12	5	7	3	13	1	9	14	23	19	9	3	16	13	
1144_A/goose/China/1106/2 6	5	11	7	11	6	13	8	10	13	1	0	5	0	0	10	10	3	8	1	8	4	8	0	11	9	8	1	7	3	9	1	11	10	27	8	10	6	20	8	19	10	24	17	12	3	14	5	9	7	12	5	7	4	14	1	6	16	24	17	13	3	14	15	
1145_A/goose/China/E43/20 7	5	14	10	12	6	10	5	9	10	1	0	4	4	0	10	6	3	7	0	10	2	8	0	10	9	8	0	9	4	9	1	12	9	26	11	8	7	21	7	21	8	20	21	13	2	14	7	6	7	15	6	8	2	14	2	11	16	21	17	9	3	19	13	
1146_A/goose/Chongqing/SD 6	2	10	7	11	8	14	8	9	11	1	0	4	2	0	10	10	3	9	1	10	3	7	0	8	11	7	0	11	2	10	1	15	7	25	10	7	9	22	7	20	9	21	15	14	2	16	7	10	8	14	4	7	1	12	3	5	15	25	16	10	6	14	16	
1147_A/goose/Eastern_Chin 7	4	11	7	10	7	13	8	10	9	1	0	4	3	0	10	10	4	9	1	10	3	7	0	9	10	7	1	9	2	10	1	12	9	27	10	8	6	19	7	19	11	22	13	13	3	17	7	10	8	14	6	7	3	12	1	7	16	26	13	11	3	13	18	
1148_A/goose/Eastern_Chin 6	4	11	7	11	6	13	8	11	9	1	0	3	3	0	10	10	4	7	1	9	4	9	0	10	10	8	1	8	2	9	1	13	8	26	10	8	8	20	7	20	11	23	15	13	3	14	7	9	7	14	5	7	3	12	1	6	17	25	15	11	3	14	17	
1149_A/goose/Eastern_Chin 7	4	11	7	10	7	13	8	10	9	1	0	4	3	0	10	11	4	8	1	8	4	8	0	10	10	9	1	9	2	7	1	12	9	26	10	8	7	21	6	19	11	22	17	15	2	15	5	9	8	14	5	7	3	12	1	5	16	25	16	12	3	14	16	
1150_A/goose/Eastern_Chin 6	4	11	7	11	7	13	8	11	9	1	0	3	3	0	10	9	4	9	1	9	4	7	0	10	10	7	1	9	2	10	1	13	8	27	9	8	7	20	7	18	11	21	14	13	3	17	7	10	8	14	6	7	3	12	1	8	16	26	13	10	3	13	18	
1151_A/goose/Eastern_Chin 7	4	12	7	10	7	12	8	10	9	1	0	4	3	0	10	12	3	8	1	7	5	8	0	9	10	9	1	9	2	8	1	13	10	30	10	7	7	19	6	18	11	22	18	15	2	13	6	9	8	12	5	7	3	12	1	5	16	25	16	12	3	14	16	
1152_A/goose/Fujian/3.15_ 8	4	12	7	9	8	12	8	9	11	1	0	4	3	0	10	12	3	9	1	7	3	6	0	8	9	10	1	9	3	8	1	11	10	28	11	9	7	19	6	19	12	19	18	13	2	16	5	8	8	13	5	7	4	12	2	8	13	24	17	12	3	15	15	
1153_A/goose/Fujian/3.15_ 8	4	12	7	9	8	12	8	9	11	1	0	4	3	0	10	12	3	9	1	7	3	6	0	8	9	10	1	9	3	8	1	11	10	28	11	9	7	19	6	19	12	19	18	13	2	16	5	8	8	13	5	7	4	12	2	8	13	24	17	12	3	15	15	
1154_A/goose/Fujian/3.15_ 8	4	13	7	9	8	11	8	9	11	1	0	4	3	0	10	12	2	9	1	7	4	6	0	8	9	10	1	9	3	8	1	11	10	27	11	8	7	20	6	20	12	19	18	13	2	16	5	9	8	13	5	7	4	11	2	8	13	24	18	11	3	16	14	
1155_A/goose/Fujian/3.15_ 8	4	12	7	9	8	12	8	9	10	1	0	4	3	0	10	12	3	9	1	7	3	6	0	8	10	9	1	9	3	8	1	11	10	28	11	10	7	18	6	20	12	19	18	13	2	17	5	7	8	13	5	8	4	12	2	7	13	24	18	11	3	16	14	
1156_A/goose/Fujian/3.15_ 8	4	12	7	9	8	12	8	9	11	1	0	4	3	0	10	12	3	9	1	7	4	6	0	8	8	10	1	9	3	8	1	11	10	28	11	9	7	19	6	20	11	19	18	13	2	16	5	8	8	13	5	7	4	12	2	7	14	24	18	12	3	15	14	
1157_A/goose/Fujian/10.11 7	4	11	6	10	7	13	9	12	9	1	0	4	3	0	10	12	3	9	0	7	5	7	0	6	10	9	2	9	2	9	1	11	10	29	10	7	8	19	6	20	11	23	17	15	2	12	5	8	8	14	5	7	3	11	1	5	16	24	16	11	4	15	17	
1158_A/goose/Fujian/10.26 7	4	12	6	9	7	13	9	12	10	1	0	3	3	0	10	12	4	8	0	7	4	8	0	7	10	10	1	8	2	8	1	12	11	30	9	7	9	16	7	19	10	25	16	14	2	11	7	9	7	15	5	7	2	11	1	6	14	25	18	12	4	15	15	
1159_A/goose/Fujian/10.26 7	4	12	6	9	7	13	9	12	10	1	0	3	3	0	10	12	4	8	0	7	4	8	0	7	10	10	1	8	2	8	1	12	11	30	9	7	9	16	7	19	10	25	16	14	2	11	7	9	7	15	5	7	2	11	1	6	14	25	18	12	4	15	15	
1160_A/goose/Fujian/10.26 7	4	12	6	9	7	13	9	12	10	1	0	3	3	0	10	12	4	8	0	7	4	8	0	7	10	10	1	8	2	8	1	12	11	30	9	7	9	16	7	19	10	26	16	15	2	10	7	9	7	15	5	7	2	11	1	6	14	25	18	11	4	15	15	
1161_A/goose/Fujian/10.26 7	4	12	6	9	7	13	9	12	10	1	0	3	3	0	10	12	4	8	0	7	4	8	0	7	10	10	1	8	2	8	1	12	11	30	9	7	9	16	7	19	10	26	16	15	2	10	7	9	7	15	5	7	2	11	1	6	14	25	18	11	4	15	15	
1162_A/goose/Fujian/10.26 7	4	12	6	9	7	13	9	12	10	1	0	3	3	0	10	12	4	8	0	7	4	8	0	7	10	10	1	8	2	8	1	12	11	30	9	7	9	16	7	19	10	26	16	15	2	10	7	9	7	15	5	7	2	11	1	6	14	25	18	11	4	15	15	
1163_A/goose/Fujian/10.26 7	4	12	6	9	7	13	9	12	10	1	0	3	3	0	10	12	4	8	0	7	4	8	0	7	10	10	1	8	2	8	1	12	11	30	9	7	9	16	7	19	10	26	16	15	2	10	7	9	7	15	5	7	2	11	1	6	14	25	18	11	4	15	15	
1164_A/goose/Fujian/10.26 7	4	12	6	9	7	13	9	12	11	1	0	3	3	0	10	12	4	8	0	7	4	8	0	7	10	10	1	8	2	8	1	12	11	30	9	7	9	16	7	19	10	25	16	14	2	11	7	9	7	15	5	7	2	11	1	6	14	25	18	12	4	15	15	
1165_A/goose/Fujian/10.26 7	4	12	6	9	7	13	9	12	10	1	0	3	3	0	10	12	4	8	0	7	4	8	0	7	10	10	1	8	2	8	1	12	11	30	9	7	9	16	7	19	10	26	16	15	2	10	7	9	7	15	5	7	2	11	1	6	14	25	18	11	4	15	15	
1166_A/goose/Fujian/10.26 7	4	12	6	9	7	13	9	12	10	1	0	3	3	0	10	12	4	8	0	7	4	8	0	7	10	10	1	8	2	8	1	12	11	30	9	7	9	16	7	19	10	25	16	14	2	11	7	9	7	15	5	7	2	11	1	6	14	25	18	12	4	15	15	
1167_A/goose/Fujian/11.3_ 7	4	11	6	10	7	13	9	12	10	1	0	4	3	0	10	12	3	9	0	7	5	7	0	6	10	9	2	9	2	9	1	11	10	29	10	7	8	19	6	20	11	23	17	15	2	12	5	8	8	14	5	7	3	11	1	5	16	24	16	11	4	15	17	
1168_A/goose/Guangdong/03 6	4	12	7	11	7	12	8	13	9	1	0	4	3	0	10	11	3	8	1	8	5	8	0	6	10	10	1	9	2	7	1	12	10	29	10	6	8	19	6	20	11	22	18	14	2	13	6	9	7	14	5	7	3	11	1	5	15	24	16	13	4	15	16	
1169_A/goose/Guangdong/04 6	4	12	7	11	7	12	8	13	9	1	0	4	3	0	10	12	3	8	1	7	5	8	0	6	10	10	1	9	2	7	1	13	10	29	10	6	8	19	6	20	11	23	18	13	2	12	6	9	7	14	5	7	3	11	1	6	14	24	16	13	4	15	16	
1170_A/goose/Guangdong/04 7	4	12	7	10	7	12	8	11	9	1	0	4	3	0	10	12	3	7	1	7	6	8	0	11	9	9	1	6	2	9	1	14	12	28	10	6	6	19	6	19	12	23	17	15	2	12	7	8	7	13	5	7	3	13	1	5	14	25	17	12	4	14	15	
1171_A/goose/Guangdong/04 7	4	12	7	10	7	12	8	11	9	1	0	4	3	0	10	12	3	7	1	7	6	8	0	11	9	9	1	6	2	9	1	14	11	28	10	6	6	19	6	19	12	23	17	15	2	12	7	8	8	13	5	7	3	13	1	5	14	25	17	12	4	14	15	
1172_A/goose/Guangdong/04 7	4	12	7	10	7	12	8	11	9	1	0	4	3	0	10	12	3	7	1	7	6	8	0	11	9	9	1	6	2	9	1	14	11	28	10	6	6	19	6	19	12	23	17	15	2	12	7	8	8	13	5	7	3	13	1	5	14	25	17	12	4	14	15	
1173_A/goose/Guangdong/04 6	4	12	7	11	7	12	8	13	9	1	0	4	3	0	10	12	3	8	1	7	5	8	0	6	10	10	1	9	2	7	1	12	10	29	10	6	8	19	6	20	11	23	18	14	2	12	6	9	7	14	5	7	3	11	1	5	15	24	17	13	4	14	16	
1174_A/goose/Guangdong/04 6	4	12	7	11	7	12	8	13	9	1	0	4	3	0	10	12	3	8	1	7	5	8	0	6	10	10	1	9	2	7	1	12	10	29	10	6	8	19	6	20	11	23	18	14	2	12	6	9	7	14	5	7	3	11	1	5	15	25	16	13	4	14	16	
1175_A/goose/Guangdong/04 7	3	14	7	10	8	10	8	12	9	1	0	4	3	0	10	12	3	8	1	7	5	8	0	7	10	9	1	9	2	8	1	13	10	31	10	6	7	17	6	19	12	21	17	13	2	13	7	9	7	14	5	7	4	11	1	6	16	26	17	13	3	13	15	
1176_A/goose/Guangdong/04 6	4	10	7	11	7	14	8	11	9	1	0	4	3	0	10	13	3	8	1	6	5	8	0	8	10	9	1	9	2	8	1	13	10	30	10	6	8	18	6	20	11	22	18	14	2	13	6	8	7	14	5	7	3	11	1	5	16	25	15	12	4	14	17	
1177_A/goose/Guangdong/7. 8	4	12	7	9	8	12	8	9	11	1	0	4	3	0	10	12	3	9	1	7	3	6	0	8	9	10	1	9	3	8	1	11	10	28	10	9	7	18	7	20	12	19	18	13	2	16	5	8	8	14	5	7	4	12	2	8	13	24	20	11	3	15	12	
1178_A/goose/Guangdong/k0 7	6	9	6	11	5	15	9	10	11	1	0	4	4	0	10	10	3	8	1	8	4	7	0	9	11	9	1	6	2	11	0	13	8	28	10	10	8	19	5	18	10	24	17	14	3	13	7	8	7	14	8	6	4	12	0	7	13	24	19	10	5	14	13	
1179_A/Goose/Guangdong/PO 8	4	12	7	9	7	12	8	10	11	1	0	4	3	0	10	12	3	9	1	7	5	6	0	7	9	10	1	9	3	8	1	11	10	29	11	9	7	18	6	21	12	18	21	12	2	16	4	8	8	13	5	7	3	12	1	6	14	25	20	12	3	14	12	
1180_A/goose/Guangdong/QY 8	4	11	7	9	7	13	8	9	12	1	0	3	3	0	10	12	3	9	1	6	5	6	0	10	9	9	2	9	3	8	0	14	10	31	11	7	7	18	5	18	13	20	20	15	1	14	4	9	8	13	5	6	3	12	1	6	14	26	18	11	3	12	15	
1181_A/goose/Guangdong/S2 8	5	12	7	11	7	11	8	9	9	1	0	4	3	0	10	12	3	9	1	6	3	6	0	9	8	10	1	8	4	8	1	10	10	29	11	9	6	19	7	21	14	18	17	12	2	17	6	8	7	12	5	7	5	13	1	7	12	21	19	13	3	19	13	
1182_A/goose/Guangdong/S4 5	2	10	7	12	7	14	8	8	12	1	0	5	2	0	10	9	4	10	1	10	3	6	0	9	11	8	0	10	2	9	1	14	7	26	11	7	9	21	6	21	9	21	13	13	2	16	9	9	9	14	4	6	1	14	3	5	15	24	17	12	6	13	15	
1183_A/goose/Guangdong/s1 6	4	11	7	11	7	13	8	11	9	1	0	3	3	0	10	11	4	9	1	7	4	7	0	11	10	8	1	8	2	9	1	13	8	27	10	7	7	20	7	21	11	23	15	13	2	16	6	9	7	14	6	7	3	11	1	6	17	23	15	11	3	16	16	
1184_A/goose/Guangdong/SH 7	4	11	7	10	8	13	8	10	9	1	0	4	3	0	10	11	4	8	1	8	5	8	0	9	9	9	1	9	2	8	1	12	9	28	10	9	7	19	6	18	12	22	17	15	2	14	6	9	8	14	5	7	2	12	1	5	15	23	16	12	3	16	16	
1185_A/goose/Guangdong/YJ 6	5	12	7	10	7	12	8	11	9	1	0	5	3	0	10	11	3	8	1	8	5	8	0	7	11	9	0	8	2	8	2	13	10	31	11	7	6	18	5	19	11	22	18	15	2	13	6	10	7	12	5	6	3	13	1	5	15	26	15	12	3	14	17	
1186_A/goose/Guangxi/S206 5	3	10	7	12	7	14	8	8	12	1	0	5	2	0	10	9	5	10	1	10	3	6	0	10	11	7	0	9	2	10	1	15	7	25	10	7	9	21	7	20	9	22	15	14	2	16	7	9	8	13	4	7	2	12	3	5	14	26	16	10	6	13	16	
1187_A/goose/Guizhou/S154 7	2	10	6	10	8	14	9	9	12	1	0	4	2	0	10	9	4	10	1	10	3	6	0	10	11	7	0	9	1	10	1	14	7	25	10	7	9	21	7	20	9	21	15	14	2	16	7	10	9	14	3	7	1	13	4	6	14	25	15	10	6	14	17	
1188_A/goose/Henan/01.01_ 8	4	12	6	9	7	12	9	10	9	1	0	6	3	0	10	12	3	8	0	7	5	8	0	7	10	10	1	8	2	8	1	11	10	29	10	7	9	18	6	19	10	23	18	15	2	12	6	9	7	14	5	6	3	11	1	6	16	25	17	13	3	14	16	
1189_A/goose/Henan/S1315/ 6	2	10	7	11	8	14	8	8	11	1	0	5	2	0	10	9	4	10	1	10	3	6	0	8	11	7	0	11	2	10	1	14	7	27	10	7	9	22	7	20	9	22	15	14	2	15	7	9	9	13	4	7	1	12	3	5	15	26	16	10	6	13	16	
1190_A/goose/Hubei/113/20 7	4	11	7	10	8	13	8	10	9	1	0	4	3	0	10	10	4	10	1	9	5	6	0	9	9	9	1	9	2	8	1	12	9	28	11	9	7	20	6	18	11	22	16	15	2	15	5	10	7	13	5	6	2	12	1	5	16	25	16	12	4	14	16	
1191_A/goose/HuBei/117/20 7	4	11	7	10	8	13	8	10	9	1	0	4	3	0	10	10	4	10	1	9	5	6	0	9	9	9	1	9	2	8	1	12	9	28	11	9	7	20	6	18	11	22	16	15	2	14	6	10	7	13	5	6	2	12	1	5	16	25	16	12	4	14	16	
1192_A/goose/Hunan/81/201 7	5	12	7	10	6	12	8	10	9	0	0	5	3	1	10	12	3	8	1	7	5	8	0	9	11	9	1	8	1	8	1	13	10	29	10	7	7	19	6	18	11	19	16	14	2	17	8	9	9	13	5	8	1	12	1	5	16	24	16	12	3	15	16	
1193_A/goose/Hunan/82/201 7	5	12	7	10	6	12	8	10	9	0	0	5	3	1	10	12	3	8	1	7	5	8	0	9	11	9	1	8	1	8	1	13	10	29	10	7	7	19	6	18	11	20	17	14	2	16	7	9	9	13	5	8	1	12	1	5	16	25	16	12	3	14	16	
1194_A/goose/Hunan/107/20 7	4	11	7	10	8	13	8	10	9	1	0	4	3	0	10	10	4	10	1	9	5	6	0	9	9	9	1	9	2	8	1	12	9	28	11	9	7	20	6	18	11	22	16	15	2	14	6	10	7	13	5	6	2	12	1	5	16	25	16	12	4	14	16	
1195_A/goose/Hunan/109/20 7	4	11	7	10	8	13	8	10	9	1	0	4	3	0	10	11	4	9	1	8	5	7	0	9	9	9	1	9	2	8	1	12	9	27	10	9	7	21	6	18	11	22	16	15	2	14	7	10	7	13	5	6	2	12	1	5	16	25	16	12	4	14	16	
1196_A/goose/Hunan/110/20 7	4	11	7	10	8	13	8	10	9	1	0	4	3	0	10	10	4	10	1	9	5	6	0	9	9	9	1	9	2	8	1	12	9	28	11	8	8	20	6	18	11	22	16	15	2	15	5	10	7	13	5	6	2	12	1	5	16	25	16	12	4	14	16	
1197_A/goose/Hunan/111/20 7	4	11	7	10	8	13	8	10	9	1	0	4	3	0	10	10	4	10	1	9	5	6	0	9	9	9	1	9	2	8	1	12	9	28	11	9	7	20	6	18	11	22	16	15	2	15	5	10	7	13	5	6	2	12	1	5	16	25	16	12	4	14	16	
1198_A/goose/Hunan/115/20 7	4	11	7	10	8	13	8	10	9	1	0	4	3	0	10	10	4	10	1	9	5	6	0	9	9	9	1	9	2	8	1	12	9	28	11	9	7	20	6	18	11	22	16	15	2	14	6	10	7	13	5	6	2	12	1	5	16	25	16	12	4	14	16	
1199_A/goose/Hunan/116/20 7	4	11	7	10	8	13	8	10	9	1	0	4	3	0	10	10	4	10	1	9	5	6	0	9	9	9	1	9	2	8	1	12	9	28	11	9	7	20	6	18	11	22	16	15	2	15	5	10	7	13	5	6	2	12	1	5	16	25	16	12	4	14	16	
1200_A/goose/Hunan/155/20 7	3	12	7	10	8	12	8	10	9	0	0	5	3	1	10	12	3	8	1	7	5	8	0	9	11	9	1	8	1	8	1	13	10	29	10	7	7	19	6	18	11	21	18	14	2	15	6	9	8	13	5	8	2	12	1	5	16	25	16	12	3	14	16	
1201_A/goose/Hunan/159/20 7	5	12	7	10	6	12	8	10	9	0	0	5	3	1	10	12	3	8	1	7	5	8	0	9	10	9	1	8	2	8	1	13	10	29	10	7	7	19	6	18	11	20	17	14	2	16	7	9	9	13	5	8	1	12	1	5	16	25	16	12	3	14	16	
1202_A/goose/Hunan/160/20 7	5	12	7	10	6	12	8	10	9	1	0	5	3	0	10	12	3	8	1	7	5	8	0	9	11	9	1	8	1	8	1	13	10	29	10	7	7	19	6	18	11	21	16	14	2	16	7	9	9	13	5	8	1	12	1	5	16	25	16	12	3	14	16	
1203_A/goose/Hunan/161/20 7	5	12	7	10	6	12	8	10	9	1	0	5	3	0	10	12	3	8	1	7	5	8	0	9	11	9	1	8	1	8	1	13	10	29	10	7	7	20	6	18	11	25	15	14	2	14	7	9	9	13	5	7	2	11	1	5	16	26	16	12	3	12	16	
1204_A/goose/Hunan/HN11/2 6	4	13	7	11	7	11	8	12	9	1	0	4	3	0	10	12	3	8	1	7	5	8	0	7	10	10	1	9	2	7	1	12	10	29	10	6	8	19	6	20	11	23	18	14	2	12	6	9	7	14	5	7	3	11	1	5	15	26	16	13	4	13	16	
1205_A/goose/Hunan/HN22/2 7	5	12	7	10	6	12	8	10	9	0	0	5	3	1	10	12	3	8	1	7	5	8	0	9	10	10	1	8	2	7	1	13	9	29	10	8	6	19	6	17	11	22	15	15	3	13	9	9	8	13	5	8	2	12	1	6	16	25	17	12	3	14	15	
1206_A/goose/Hunan/HN57/2 7	5	12	7	10	6	12	8	10	9	0	0	5	3	1	10	12	3	8	1	7	5	8	0	9	10	10	1	8	2	7	1	13	10	29	10	8	6	19	6	17	11	22	16	15	2	13	8	8	8	13	5	9	2	12	2	6	16	25	16	12	3	14	15	
1207_A/goose/Hunan/HN88/2 7	4	11	7	10	8	13	8	10	9	1	0	4	3	0	10	10	4	10	1	9	5	6	0	9	9	9	1	9	2	8	1	12	9	28	11	9	7	20	6	18	11	22	16	15	2	14	6	10	7	13	5	6	2	12	1	5	16	25	16	12	4	14	16	
1208_A/goose/Hunan/HN90/2 7	4	11	7	10	8	13	8	10	9	1	0	4	3	0	10	10	4	10	1	9	5	6	0	9	9	9	1	9	2	8	1	12	9	28	11	9	7	20	6	18	11	22	16	15	2	14	6	10	7	13	5	6	2	12	1	5	16	25	16	12	4	14	16	
1209_A/goose/Hunan/HN310/ 6	4	11	6	11	8	13	9	9	10	1	0	5	2	0	10	10	4	8	1	9	6	8	0	9	8	9	1	9	2	8	1	12	8	28	11	9	7	20	6	18	12	21	16	15	2	15	6	8	7	13	5	8	2	12	1	5	17	25	16	12	3	14	16	
1210_A/goose/Hunan/HN311/ 6	4	11	6	11	8	13	9	9	10	1	0	5	2	0	10	10	4	9	1	9	6	7	0	9	8	9	1	9	2	8	1	12	8	28	11	9	7	20	6	18	12	21	17	15	2	15	5	8	7	13	5	8	2	12	1	5	17	25	16	12	3	14	16	
1211_A/goose/Hunan/HN314/ 6	5	13	7	11	6	11	8	13	10	0	1	4	2	0	10	12	3	9	1	7	5	7	0	6	9	9	1	9	3	8	1	12	10	28	10	6	7	19	6	20	11	23	18	15	3	12	6	9	7	14	6	7	3	11	1	5	16	26	16	13	3	13	15	
1212_A/goose/Hunan/HN315/ 6	5	13	7	11	6	11	8	13	10	0	1	4	2	0	10	12	3	9	1	7	5	7	0	6	9	9	1	9	3	8	1	12	10	28	10	6	7	19	6	20	11	23	18	15	3	12	6	9	7	14	6	7	3	11	1	5	16	26	16	13	3	13	15	
1213_A/goose/Hunan/HN316/ 6	5	12	7	11	6	12	8	13	10	1	0	4	2	0	10	12	3	9	1	7	5	7	0	6	9	9	1	9	3	8	1	12	9	30	10	6	8	19	6	20	10	23	18	14	3	12	6	9	7	14	6	7	3	11	1	5	16	24	16	13	3	15	15	
1214_A/goose/Hunan/HN317/ 6	5	13	7	11	6	11	8	13	10	1	0	4	2	0	10	12	3	9	1	7	5	7	0	6	9	9	1	9	3	8	1	12	10	29	10	6	8	19	6	20	10	23	18	14	3	12	6	9	7	14	6	7	3	11	0	5	16	25	16	13	3	14	16	
1215_A/goose/Hunan/HN318/ 6	5	13	7	11	6	11	8	13	10	1	0	4	2	0	10	12	3	9	1	7	5	7	0	6	9	9	1	9	3	8	1	12	10	29	10	6	8	19	6	20	10	23	18	14	3	12	6	9	7	14	6	7	3	11	0	5	16	25	16	13	3	14	16	
1216_A/goose/Hunan/HN319/ 7	5	12	7	10	6	12	8	12	11	1	0	4	1	0	10	12	3	8	1	7	5	8	0	7	10	9	1	9	2	8	1	13	11	29	10	6	7	19	6	19	10	23	18	14	3	12	6	9	7	14	5	7	3	11	1	5	16	25	16	13	3	14	16	
1217_A/goose/Hunan/S11288 5	2	11	7	12	7	13	8	8	12	1	0	5	2	0	10	9	4	10	1	9	3	6	0	10	11	7	0	10	2	10	1	15	6	26	10	7	9	21	7	20	9	21	15	14	3	16	7	9	9	14	4	7	1	12	3	5	15	26	16	10	6	13	16	
1218_A/goose/Hunan/SE284/ 7	2	11	7	10	7	14	8	8	12	0	0	5	2	1	10	9	4	10	1	10	3	6	0	9	12	6	0	10	1	11	2	15	7	31	10	7	9	15	7	19	10	20	16	14	2	17	5	8	9	13	4	8	1	13	3	5	16	26	16	10	5	13	16	
1219_A/goose/Inner_Mongol 6	5	13	10	13	7	11	5	8	10	1	0	6	3	0	10	7	4	9	0	10	2	8	0	8	10	6	2	9	2	11	0	12	11	28	8	11	5	20	8	21	11	23	16	12	1	15	6	5	6	13	7	8	5	14	2	7	14	22	18	9	4	18	12	
1220_A/goose/Jiangsu/k040 6	5	13	10	14	5	11	5	9	9	1	0	7	3	0	10	8	3	7	0	9	3	9	0	7	11	7	0	8	3	12	0	14	9	24	10	10	6	23	5	21	11	24	16	12	1	14	7	5	5	14	7	7	6	14	2	10	15	23	18	8	3	17	12	
1221_A/goose/Jiangsu/QD5/ 7	4	11	7	10	7	13	8	11	9	1	0	3	3	0	10	10	4	10	1	9	4	6	0	10	10	7	1	9	2	10	1	12	8	27	10	8	7	19	7	18	11	21	14	13	3	17	7	10	8	14	6	6	3	12	1	8	16	26	13	11	3	13	18	
1222_A/goose/Jiangsu/S138 6	2	10	7	11	8	14	8	8	11	1	0	5	2	0	10	9	4	9	1	10	3	7	0	9	10	7	0	10	3	10	1	15	7	26	10	7	9	21	7	20	9	22	15	14	2	15	7	9	9	14	4	7	1	12	3	5	15	26	16	10	6	13	16	
1223_A/goose/Jiangxi/01.0 7	4	11	7	10	8	13	8	10	9	1	0	4	3	0	10	10	4	10	1	9	5	6	0	9	9	9	1	9	2	8	1	12	9	28	11	9	7	20	6	18	11	22	16	15	2	14	6	10	7	13	5	6	2	12	1	5	16	25	16	12	4	14	16	
1224_A/goose/Jilin/04.04_ 7	4	13	7	10	7	11	8	11	9	1	0	4	3	0	10	12	3	8	1	7	5	8	0	8	10	9	1	9	2	8	1	12	10	29	10	8	6	18	6	19	10	21	19	15	3	15	4	9	9	14	6	7	3	12	1	5	15	25	16	11	4	14	15	
1225_A/goose/Jilin/S4034/ 6	4	13	9	13	8	11	6	9	9	1	0	5	4	0	10	7	3	6	1	10	4	9	0	7	9	6	2	10	2	11	0	11	11	29	9	12	5	22	6	20	11	24	14	13	1	16	7	6	6	13	7	7	5	13	1	5	15	22	20	11	3	18	10	
1226_A/goose/Liaoning/S12 6	2	10	7	11	8	14	8	8	11	1	0	5	2	0	10	9	4	9	1	10	3	7	0	9	11	7	0	10	2	10	1	15	7	25	11	7	9	23	6	20	9	21	15	15	2	16	7	9	9	14	4	7	1	12	3	4	15	26	15	10	6	12	17	
1227_A/goose/Pingtung/150 7	5	12	7	10	6	12	8	11	12	1	0	4	1	0	10	11	3	9	0	9	4	7	0	9	9	8	0	7	3	8	2	12	10	27	8	10	6	20	9	20	11	24	16	13	2	14	6	7	8	12	4	7	3	14	2	5	17	21	15	13	3	17	17	
1228_A/goose/Pingtung/150 7	5	12	7	10	6	12	8	11	12	1	0	3	1	0	10	11	3	9	0	9	4	7	0	9	9	8	0	8	3	8	2	12	10	27	8	10	6	20	9	20	11	24	16	13	2	14	6	7	8	12	4	7	3	14	2	5	17	21	15	13	3	17	17	
1229_A/goose/Pingtung/150 7	5	12	6	10	6	12	9	10	12	1	0	5	1	0	10	11	3	9	0	9	4	7	0	9	9	8	0	7	3	8	2	12	10	28	7	10	6	20	9	21	10	24	16	14	2	13	6	7	8	12	5	7	3	14	1	6	17	21	15	12	3	17	17	
1230_A/goose/Pingtung/160 7	5	12	6	10	6	12	9	10	12	1	0	5	1	0	10	11	3	9	0	9	4	7	0	9	9	8	0	7	3	8	2	12	11	28	7	10	6	20	9	21	10	24	16	14	2	13	6	7	7	12	5	7	3	14	1	7	17	21	15	11	3	17	17	
1231_A/Goose/Qingyuan/168 7	4	12	6	10	7	12	9	13	9	1	0	5	3	0	10	12	3	8	0	7	5	8	0	6	10	10	2	8	2	8	1	13	10	29	10	5	8	19	6	20	11	22	19	14	2	12	4	9	7	15	5	7	3	10	1	5	16	23	15	13	3	16	18	
1232_A/goose/Shandong/01. 6	5	11	7	11	6	13	8	10	13	1	0	4	0	0	10	10	3	8	1	8	4	8	0	11	9	8	1	8	3	9	1	11	10	27	7	10	6	20	9	19	11	23	18	12	2	14	5	9	7	12	5	7	4	14	1	6	15	23	16	13	4	15	16	
1233_A/goose/Shandong/01. 6	5	11	7	11	6	13	8	10	13	1	0	4	0	0	10	10	3	8	1	8	4	8	0	11	9	8	1	8	3	9	1	11	10	27	7	10	6	19	10	18	11	23	18	12	2	14	5	9	7	13	5	7	4	13	1	7	15	23	18	13	4	15	14	
1234_A/goose/Shandong/02. 7	5	12	7	10	6	12	8	10	9	0	0	5	3	1	10	12	3	8	1	7	6	8	0	9	9	10	1	8	2	7	1	13	10	28	11	8	6	19	6	18	11	22	17	15	2	13	7	9	8	13	5	8	2	12	1	6	15	26	17	12	3	13	15	
1235_A/goose/Shandong/02. 7	4	12	7	10	7	12	8	11	9	1	0	4	3	0	10	12	3	8	1	7	5	8	0	7	10	9	1	10	2	8	1	13	10	29	10	6	7	19	6	19	11	24	17	15	2	12	7	9	8	13	5	7	3	12	1	6	15	24	16	12	3	14	16	
1236_A/goose/Shandong/03. 6	5	13	10	13	7	11	5	8	10	1	0	5	3	0	10	7	4	9	0	10	2	7	0	9	10	7	2	9	2	11	0	12	11	26	9	11	5	23	6	21	11	23	16	12	1	16	5	5	6	13	7	8	5	14	2	7	15	23	21	9	3	17	9	
1237_A/goose/Shandong/03. 8	4	11	6	9	7	13	9	12	9	1	0	4	3	0	10	10	3	8	1	8	4	8	0	8	9	7	1	9	3	11	0	15	7	30	9	7	9	18	6	21	10	24	16	12	4	14	5	8	9	14	5	7	3	11	2	6	15	25	19	11	3	13	14	
1238_A/goose/Shandong/04. 6	5	11	7	11	6	13	8	10	13	1	0	4	0	0	10	10	3	8	1	8	4	8	0	11	9	8	1	8	3	9	1	11	10	27	7	10	6	20	9	18	11	23	19	12	2	13	5	9	7	12	5	7	4	14	1	7	14	23	16	13	5	15	16	
1239_A/goose/Shandong/05. 6	4	11	6	11	7	13	9	9	9	1	0	5	3	0	10	11	3	9	1	8	5	7	0	9	10	7	1	9	2	10	1	13	8	28	10	8	7	19	7	19	11	21	14	13	3	17	7	9	9	12	6	7	3	13	1	7	15	26	15	11	3	13	16	
1240_A/goose/Shandong/05. 6	4	11	6	11	7	13	9	9	9	1	0	5	3	0	10	11	4	9	1	8	4	7	0	9	10	7	1	9	2	10	1	13	8	28	10	8	7	19	7	19	11	21	14	13	3	17	7	9	9	12	6	7	3	13	1	7	15	26	15	11	3	13	16	
1241_A/goose/Shandong/06. 6	4	11	7	11	7	13	8	9	9	1	0	5	3	0	10	10	4	9	1	9	4	7	0	9	10	7	1	9	2	10	1	13	8	28	9	8	7	19	8	19	11	21	14	13	3	17	7	9	9	12	6	7	3	13	1	7	16	26	15	11	2	13	16	
1242_A/goose/Shandong/11. 8	5	11	6	9	6	13	9	10	9	1	0	5	3	0	10	10	3	7	0	8	4	10	1	9	9	6	1	9	3	12	0	14	8	28	9	6	8	19	6	22	10	23	16	12	4	15	5	9	8	14	5	8	4	11	2	6	15	28	17	10	3	11	15	
1243_A/goose/Shandong/12. 7	5	12	7	10	6	12	8	10	9	0	0	5	3	1	10	12	3	8	1	7	6	8	0	9	9	10	1	8	2	7	1	13	10	28	11	8	6	19	6	18	11	22	17	15	2	13	7	9	8	13	5	8	2	11	1	6	15	27	17	12	3	13	15	
1244_A/goose/Shandong/12. 6	3	10	7	11	7	14	8	10	9	1	0	3	3	0	10	10	4	9	1	9	4	7	0	11	10	7	1	9	2	10	1	11	9	27	9	8	7	19	8	18	10	21	13	13	4	17	8	10	8	14	5	7	3	12	1	6	17	25	11	12	3	14	21	
1245_A/Goose/Shandong/211 6	2	10	7	11	8	14	8	8	11	1	0	5	2	0	10	9	4	9	1	10	3	7	0	9	11	7	0	10	2	10	1	15	7	26	10	7	9	21	7	20	9	21	15	14	2	16	7	9	9	14	4	7	1	12	3	5	15	26	16	10	6	13	16	
1246_A/goose/Shandong/GD- 6	4	11	7	11	7	13	8	9	10	1	0	5	3	0	10	10	4	9	1	10	3	7	0	9	10	7	1	9	2	11	0	13	8	27	10	8	7	19	7	19	11	22	13	13	3	17	7	9	8	12	6	7	3	12	1	7	15	28	14	11	3	13	17	
1247_A/goose/Shandong/GS/ 6	5	12	10	13	7	12	5	8	10	1	0	6	3	0	10	7	4	8	0	10	2	8	0	8	10	6	2	9	2	12	0	12	10	26	9	11	6	21	7	21	11	24	16	12	1	15	6	5	6	13	7	8	5	14	2	7	15	23	20	9	3	17	10	
1248_A/goose/Shandong/LQ0 6	4	11	7	11	7	13	8	10	9	1	0	3	3	0	10	10	4	8	1	9	4	9	0	12	10	8	1	8	2	8	1	14	9	28	10	8	7	19	7	20	11	23	14	13	2	15	7	7	7	14	5	7	3	11	1	5	19	25	16	10	3	14	16	
1249_A/goose/Tainan/16040 7	5	12	6	10	6	12	9	10	12	1	0	5	1	0	10	11	3	9	0	9	4	7	0	9	8	8	0	7	4	8	2	12	10	28	7	10	7	20	9	21	10	23	16	14	2	13	6	7	7	12	5	7	3	14	1	7	17	22	15	11	3	17	17	
1250_A/goose/Tainan/16070 7	5	12	6	10	6	12	9	10	12	1	0	5	1	0	10	11	3	9	0	9	4	7	0	9	8	8	0	7	4	8	2	12	10	28	7	10	7	20	8	21	10	23	17	14	2	13	6	7	7	12	5	7	3	14	1	7	17	22	15	11	3	17	17	
1251_A/goose/Tainan/17030 5	5	12	7	12	4	12	8	11	14	1	0	3	1	0	10	10	2	9	0	10	5	7	0	9	11	8	0	8	2	8	2	12	10	27	9	9	6	20	8	21	10	24	15	13	2	13	7	9	8	12	4	5	3	14	1	7	15	21	16	13	3	18	17	
1252_A/goose/Tainan/17030 5	5	12	8	12	4	12	7	11	14	1	0	4	1	0	10	10	2	9	0	10	5	7	0	9	11	9	0	7	2	7	2	12	10	27	8	9	6	19	10	21	10	24	15	13	2	12	8	8	8	12	4	6	3	14	1	7	15	22	15	13	3	17	18	
1253_A/goose/Tainan/18010 5	5	12	6	12	4	12	9	12	15	1	0	3	1	0	10	10	2	9	0	10	4	7	0	8	10	8	0	8	2	7	3	12	10	28	8	8	7	19	9	21	10	24	13	13	2	13	9	8	8	12	4	7	3	14	1	7	15	22	16	13	3	17	17	
1254_A/goose/Tainan/18050 6	5	12	7	11	4	12	8	11	14	1	0	4	2	0	10	10	1	9	0	10	4	7	0	8	11	8	0	8	2	8	2	11	10	26	8	8	7	21	8	21	10	25	13	13	2	14	8	8	8	12	4	8	3	14	1	8	15	22	16	12	3	17	17	
1255_A/goose/Taiwan/01019 7	5	12	7	10	6	12	8	11	12	1	0	3	1	0	10	12	4	9	0	9	3	7	0	9	9	8	1	7	3	8	2	12	10	26	8	10	6	20	9	20	11	24	15	13	2	14	6	7	8	13	5	7	3	14	1	5	17	22	15	13	3	16	17	
1256_A/goose/Taiwan/01022 7	5	12	7	10	6	12	8	11	12	1	0	3	1	0	10	11	3	9	0	9	4	7	0	9	9	8	0	8	3	8	2	12	10	26	8	10	6	21	9	20	11	24	16	13	2	14	6	7	8	12	4	7	3	14	2	5	17	21	15	13	3	17	17	
1257_A/goose/Taiwan/01023 7	5	12	6	10	6	12	9	11	12	1	0	3	1	0	10	11	3	9	0	9	4	7	0	9	9	8	0	8	3	8	2	12	10	27	8	10	6	20	9	20	11	24	16	13	2	14	6	7	8	12	4	7	3	14	2	5	17	21	15	13	3	17	17	
1258_A/goose/Taiwan/01031 7	5	12	7	10	6	12	8	11	12	1	0	3	1	0	10	11	3	9	0	9	4	7	0	9	9	8	0	8	3	8	2	12	10	27	8	10	6	20	9	20	11	24	16	13	2	14	6	7	8	12	4	7	3	14	2	5	17	21	15	13	3	17	17	
1259_A/goose/Taiwan/01038 7	5	12	7	10	6	12	8	11	12	1	0	3	1	0	10	11	3	9	0	9	4	7	0	9	9	8	0	8	3	8	2	12	10	27	8	10	6	20	9	20	11	24	16	13	2	14	6	7	8	12	5	7	3	14	1	5	17	21	15	13	3	17	17	
1260_A/goose/Taiwan/01039 7	5	12	7	10	6	12	8	11	12	1	0	3	1	0	10	11	3	9	0	9	4	7	0	9	9	8	0	8	3	8	2	12	10	27	8	10	6	21	8	21	11	24	16	13	2	14	6	7	8	12	5	7	3	14	1	4	17	21	15	13	3	17	17	
1261_A/goose/Taiwan/01040 7	5	12	7	10	6	12	8	11	13	1	0	3	1	0	10	11	3	9	0	9	4	7	0	9	9	8	0	8	3	8	2	12	10	27	8	10	6	20	9	20	10	24	16	13	2	14	6	7	8	12	4	7	3	14	2	5	17	21	15	13	3	17	17	
1262_A/goose/Taiwan/a015/ 7	5	12	7	10	6	12	8	11	12	1	0	3	1	0	10	12	4	9	0	9	3	7	0	9	9	8	1	7	3	8	2	12	10	27	8	10	6	20	9	20	11	24	15	13	2	14	6	7	8	12	5	7	3	14	1	5	17	22	16	13	3	16	16	
1263_A/goose/Taiwan/TNC1/ 7	5	12	7	10	6	12	8	11	12	1	0	3	1	0	10	10	4	9	0	9	4	7	0	9	9	8	0	8	3	8	2	12	10	27	7	10	6	20	9	20	11	24	17	13	2	14	6	7	8	12	5	7	3	14	1	5	17	21	16	13	3	17	16	
1264_A/goose/Taiwan/TNC3/ 7	5	13	7	10	6	11	8	11	12	1	0	3	1	0	10	11	3	9	0	9	4	7	0	9	9	8	0	8	3	8	2	12	10	27	8	10	6	20	9	20	11	24	16	13	2	15	5	7	8	12	5	7	3	14	1	5	17	21	16	13	3	17	16	
1265_A/goose/Taiwan/TNC4/ 7	5	12	7	10	6	12	8	11	12	1	0	3	1	0	10	12	4	9	0	9	3	7	0	9	9	8	1	7	3	8	2	12	10	27	8	10	6	20	9	20	11	24	15	13	2	14	6	7	8	12	5	7	3	14	1	5	17	22	15	13	3	16	17	
1266_A/goose/Taiwan/TNC9/ 7	5	13	7	10	6	11	8	11	12	1	0	3	1	0	10	11	3	9	0	9	4	7	0	9	9	8	0	8	3	8	2	12	10	27	8	10	6	20	9	20	11	24	16	13	2	15	5	7	8	12	5	7	3	14	1	5	17	21	16	13	3	17	16	
1267_A/goose/Taiwan/TNC10 7	5	12	7	10	6	12	8	11	12	1	0	3	1	0	10	11	3	9	0	9	4	7	0	9	9	8	0	8	3	8	2	12	10	27	7	10	6	20	9	20	11	24	17	13	2	14	6	7	8	12	5	7	3	14	1	5	17	21	16	13	3	17	16	
1268_A/goose/Taiwan/TNC12 7	5	12	7	10	6	12	8	11	12	1	0	3	1	0	10	11	3	9	0	9	4	7	0	9	9	8	0	8	3	8	2	12	10	27	7	10	6	20	9	20	11	24	17	13	2	14	6	7	8	12	5	7	3	14	1	5	17	21	16	13	3	17	16	
1269_A/goose/Taiwan/TNC14 7	5	12	7	10	6	12	8	11	12	1	0	3	1	0	10	11	3	9	0	9	4	7	0	9	9	8	0	8	3	8	2	12	10	27	7	10	6	20	9	20	11	24	17	13	2	14	6	7	8	12	5	7	3	14	1	5	17	21	16	13	3	17	16	
1270_A/goose/Taiwan/TNO3/ 7	5	12	7	10	6	12	8	11	12	1	0	3	1	0	10	11	3	9	0	9	4	7	0	9	9	8	0	8	3	8	2	12	10	26	8	10	6	21	9	20	11	24	16	13	2	14	6	7	8	12	5	7	3	14	1	5	17	21	15	13	3	17	17	
1271_A/goose/Taiwan/TNO9/ 7	5	12	7	10	6	12	8	11	12	1	0	3	1	0	10	12	4	9	0	9	3	7	0	9	9	8	1	7	3	8	2	12	10	27	8	10	6	20	9	20	11	24	15	13	2	14	6	7	8	12	5	7	3	14	1	5	17	22	15	13	3	16	17	
1272_A/goose/Taiwan/TNO15 7	5	12	7	10	6	12	8	11	12	1	0	3	1	0	10	12	4	9	0	9	3	7	0	9	9	8	1	7	3	8	2	12	10	27	8	10	6	20	9	20	11	24	15	13	2	14	6	7	8	12	5	7	3	14	1	5	17	22	15	13	3	16	17	
1273_A/goose/Taiwan/TNO17 7	5	12	7	10	6	12	8	11	12	1	0	3	1	0	10	11	3	9	0	9	4	7	0	9	9	8	0	8	3	8	2	12	10	27	7	10	6	20	9	20	11	24	17	13	2	14	6	7	8	12	5	7	3	14	1	5	17	21	16	13	3	17	16	
1274_A/goose/Taoyuan/1501 7	5	12	7	10	6	12	8	11	12	1	0	3	1	0	10	11	3	9	0	9	4	7	0	9	9	8	0	8	3	8	2	12	10	27	8	10	6	20	9	20	11	24	16	13	2	14	6	7	8	13	5	7	3	13	1	5	17	21	16	13	3	17	16	
1275_A/goose/Taoyuan/1812 5	5	12	7	12	4	12	8	10	14	1	0	4	2	0	10	10	1	9	0	10	4	7	0	9	11	8	0	8	2	8	2	12	10	26	8	7	7	21	8	20	10	23	14	14	2	14	9	9	8	12	4	7	3	14	1	8	15	23	16	12	3	16	17	
1276_A/goose/Xinjiang/12. 7	5	12	7	10	6	13	8	11	9	1	0	5	3	0	10	11	3	8	1	8	5	8	0	9	10	8	1	7	2	9	1	12	11	26	9	6	6	20	7	19	12	20	15	15	2	15	8	10	7	15	5	7	4	10	1	4	16	22	18	13	3	18	14	
1277_A/goose/Xinjiang/12. 7	5	12	7	10	6	13	8	11	9	1	0	5	3	0	10	11	3	8	1	8	5	8	0	9	10	8	1	7	2	9	1	12	11	26	9	6	6	20	7	19	12	20	15	15	2	15	8	10	7	15	5	7	4	10	1	4	16	22	18	13	3	18	14	
1278_A/goose/Xinjiang/12. 7	4	11	7	11	6	13	8	9	10	1	0	5	3	0	10	8	4	10	1	10	4	6	0	7	10	8	0	11	2	9	1	14	6	27	10	8	9	22	7	19	10	23	15	13	4	15	6	10	10	11	6	7	1	13	1	5	15	26	16	11	3	14	15	
1279_A/goose/Xinjiang/12. 7	4	11	7	11	6	13	8	9	10	1	0	5	3	0	10	8	4	10	1	10	4	6	0	7	10	8	0	11	2	9	1	14	6	27	10	8	9	22	7	19	10	23	15	13	4	15	6	10	10	11	6	7	1	13	1	5	15	26	16	11	3	14	15	
1280_A/goose/Xinjiang/12. 7	4	11	7	11	6	13	8	9	10	1	0	5	3	0	10	8	4	10	1	10	4	6	0	7	10	8	0	11	2	9	1	14	6	27	10	8	9	22	7	19	10	23	15	13	4	15	6	10	10	11	6	7	1	13	1	5	15	26	16	11	3	14	15	
1281_A/goose/Xinjiang/12. 7	4	11	7	11	6	13	8	9	10	1	0	5	3	0	10	8	4	10	1	10	4	6	0	7	10	8	0	11	2	9	1	14	6	27	10	8	9	22	7	19	10	23	15	13	4	15	6	10	10	11	6	7	1	13	1	5	15	26	16	11	3	14	15	
1282_A/goose/Yangzhou/042 6	4	11	7	11	6	13	8	11	9	1	0	3	3	0	10	10	4	9	1	9	4	7	0	10	11	7	1	9	1	10	1	12	8	29	9	8	7	19	7	18	11	21	14	13	3	17	7	11	8	13	6	6	4	12	1	7	15	26	13	11	4	13	18	
1283_A/goose/Yangzhou/YZ5 8	5	12	7	9	6	12	8	9	10	0	1	5	2	0	10	10	4	10	1	10	7	6	0	10	5	9	1	8	4	9	1	12	8	27	11	8	7	21	6	18	13	22	16	15	1	14	6	9	7	13	5	6	2	12	1	6	16	24	18	12	4	15	14	
1284_A/goose/Yunlin/15010 7	5	12	7	10	6	12	8	11	13	1	0	3	1	0	10	11	3	9	0	9	4	7	0	9	9	8	0	8	3	8	2	12	10	27	8	10	6	20	9	20	10	24	16	14	2	14	6	7	8	12	4	7	3	14	2	5	17	21	15	12	3	17	17	
1285_A/goose/Yunlin/15010 7	5	12	7	10	6	12	8	11	12	1	0	3	1	0	10	11	3	9	0	9	4	7	0	9	9	8	0	8	3	8	2	12	10	27	8	10	6	20	9	20	11	24	16	13	2	14	6	7	8	12	4	7	3	14	2	5	17	21	15	13	3	17	17	
1286_A/goose/Yunlin/15010 7	5	12	7	10	6	12	8	11	13	1	0	3	1	0	10	11	3	9	0	9	4	7	0	9	9	8	0	8	3	8	2	12	10	27	8	10	6	20	9	20	10	24	16	13	2	14	6	7	8	12	4	7	3	14	2	5	17	21	15	13	3	17	17	
1287_A/goose/Yunlin/15010 7	5	12	7	10	6	12	8	11	13	1	0	3	1	0	10	11	3	9	0	9	4	7	0	9	9	8	0	8	3	8	2	12	10	27	8	10	6	20	9	20	10	24	16	13	2	14	6	7	8	12	4	7	3	14	2	5	17	21	15	13	3	17	17	
1288_A/goose/Yunlin/15040 7	5	12	7	10	6	12	8	11	12	1	0	3	1	0	10	12	4	9	0	9	3	7	0	9	9	8	1	7	3	8	2	12	10	27	8	10	6	20	9	20	11	24	15	13	2	14	6	7	8	12	5	7	3	14	1	5	17	22	16	13	3	16	16	
1289_A/goose/Yunlin/16020 7	5	11	7	10	6	13	8	11	12	1	0	3	1	0	10	11	3	9	0	9	4	7	0	8	9	9	0	9	3	7	2	12	10	26	9	10	6	21	8	19	12	25	15	14	2	14	6	7	9	12	4	7	3	14	2	6	16	21	16	12	2	17	16	
1290_A/goose/Yunlin/16020 7	5	11	7	10	6	13	8	11	12	1	0	3	1	0	10	11	3	9	0	9	4	7	0	8	9	9	1	9	3	7	1	13	10	26	10	9	6	21	7	20	11	25	15	14	2	14	6	7	9	12	4	7	3	14	2	6	16	21	15	12	2	17	17	
1291_A/goose/Yunlin/16040 7	5	11	7	10	6	13	8	11	12	1	0	3	1	0	10	11	3	9	0	9	4	7	0	7	9	9	0	10	3	7	2	12	10	26	9	10	6	21	8	19	12	25	15	14	2	14	6	7	9	12	4	7	3	14	2	6	16	21	15	12	2	17	17	
1292_A/goose/Yunlin/17100 5	5	12	7	13	4	12	8	11	14	1	0	3	1	0	10	10	2	9	0	10	6	7	0	9	10	8	0	8	2	8	2	12	10	29	8	8	6	19	9	22	10	24	15	13	2	13	7	9	8	13	4	5	3	12	1	6	15	23	17	13	3	16	16	
1293_A/goose/Yunlin/18030 6	5	12	8	11	4	12	7	9	14	1	0	6	1	0	10	10	2	9	0	10	6	7	0	9	10	9	0	6	2	7	2	12	11	27	9	8	5	21	8	22	10	23	16	14	2	13	7	9	7	12	5	6	3	13	1	7	16	22	17	13	2	17	15	
1294_A/goose/Yunlin/18030 6	5	12	8	11	4	12	7	9	14	1	0	6	1	0	10	10	2	9	0	10	6	7	0	9	10	9	0	6	2	7	2	12	11	27	9	8	5	21	8	22	10	23	16	15	2	13	7	9	7	12	5	6	3	13	1	7	16	22	17	12	2	17	15	
1295_A/goose/Yunlin/18040 5	5	13	7	12	4	11	8	10	15	1	0	4	1	0	10	11	2	9	0	9	4	7	0	7	10	8	0	9	2	8	2	11	10	27	8	9	6	20	9	22	10	24	13	14	2	13	9	9	8	12	4	7	3	14	1	6	15	25	16	13	3	14	17	
1296_A/goose/Yunlin/18040 5	5	12	7	12	4	12	8	11	14	1	0	4	2	0	10	10	1	9	0	10	4	7	0	8	11	8	0	8	2	8	2	11	10	26	7	8	7	21	8	21	10	24	14	13	2	13	9	8	8	12	5	8	3	14	1	8	15	22	16	12	3	17	17	
1297_A/goose/Yunlin/18090 5	5	12	7	12	4	12	8	11	14	1	0	4	2	0	10	10	1	9	0	10	4	7	0	8	11	8	0	8	2	8	2	11	10	26	7	8	7	21	8	21	10	24	15	14	2	13	9	8	8	12	5	8	3	14	1	8	15	22	16	11	3	16	17	
1298_A/goose/Yunlin/18090 5	5	12	7	12	4	12	8	10	15	1	0	3	0	0	10	9	3	9	0	10	5	7	0	10	12	8	0	8	1	8	2	12	10	25	7	10	6	23	10	20	10	25	15	13	2	12	7	8	8	12	4	6	3	13	1	8	15	20	18	12	3	19	15	
1299_A/goose/Yunlin/18110 5	5	12	7	12	4	12	8	9	14	1	0	6	2	0	10	10	2	9	0	10	3	7	0	9	11	9	0	7	2	7	2	12	9	26	8	7	8	22	7	21	10	24	14	13	2	13	9	8	9	12	4	8	3	14	1	8	15	22	15	12	2	17	18	
1300_A/goose/Yunnan/07.14 5	4	12	8	12	7	12	7	11	9	1	0	4	3	0	10	12	3	8	1	7	5	8	0	8	11	9	1	9	1	8	1	13	9	29	10	6	7	19	6	19	12	21	18	15	3	13	6	9	8	13	5	7	4	13	1	5	15	23	16	12	3	15	16	
1301_A/goose/Yunnan/07.14 5	4	12	8	12	7	12	7	11	9	1	0	4	3	0	10	12	3	8	1	7	5	8	0	8	11	9	1	9	1	8	1	13	9	29	10	6	7	19	6	19	12	21	18	15	3	13	6	8	8	13	5	8	4	13	1	5	15	23	16	12	3	15	16	
1302_A/goose/Zhejiang/771 6	4	10	7	11	6	14	8	9	9	0	1	5	3	0	10	10	4	9	1	9	4	7	0	10	10	7	1	9	2	10	1	11	8	28	10	8	7	19	7	18	10	21	14	13	4	17	7	11	8	13	6	7	4	12	1	7	16	26	11	11	3	13	20	
1303_A/goose/Zhejiang/771 8	3	11	6	9	8	13	9	12	9	1	0	3	3	0	10	10	3	7	1	8	4	9	0	9	9	6	1	9	3	12	0	14	10	27	8	7	8	20	7	22	10	23	16	12	4	15	5	8	8	14	5	7	3	11	2	5	14	26	19	12	4	13	13	
1304_A/goose/Zhejiang/771 8	3	11	6	9	8	13	9	12	9	1	0	3	3	0	10	10	3	7	1	8	4	9	0	9	9	6	1	9	3	12	0	14	11	27	8	7	8	20	7	22	10	23	16	12	4	15	5	8	7	14	5	7	3	11	2	5	14	26	19	12	4	13	13	
1305_A/goose/Zhejiang/112 6	6	13	10	13	6	11	5	8	10	1	0	5	3	0	10	8	4	8	0	8	3	8	0	11	8	6	2	8	3	12	0	12	11	28	9	11	5	22	6	21	11	23	16	12	1	16	5	5	6	13	7	8	6	13	3	7	14	23	19	9	3	17	10	
1306_A/goose/Zhejiang/112 8	5	11	6	9	6	13	9	10	10	1	0	4	3	0	10	11	3	9	1	7	4	8	0	10	9	7	1	8	3	11	0	16	6	28	9	8	9	19	6	21	10	24	16	12	4	13	6	7	9	14	5	7	3	11	2	7	15	26	18	10	3	13	14	
1307_A/goose/Zhejiang/727 7	4	13	7	9	7	11	8	11	9	1	0	4	3	0	10	12	3	9	1	8	5	7	0	8	10	10	1	9	2	7	1	12	10	29	11	6	7	19	6	19	11	23	17	15	2	14	5	9	8	13	5	7	3	12	1	5	16	25	16	13	3	13	16	
1308_A/goose/Zhejiang/727 5	5	13	10	14	7	11	5	8	10	1	0	6	3	0	10	7	4	9	0	10	2	7	0	8	10	7	2	9	2	11	0	12	10	27	8	11	6	21	8	21	11	24	17	12	1	14	6	6	6	14	7	7	5	14	1	7	15	22	18	9	3	18	11	
1309_A/goose/Zhejiang/727 7	4	13	7	10	7	11	8	11	9	1	0	4	3	0	10	12	3	9	1	7	6	6	0	8	10	10	1	9	2	7	1	13	10	29	10	6	7	19	6	19	11	22	18	15	2	14	5	9	8	13	5	7	3	12	1	5	17	24	16	12	3	14	16	
1310_A/goose/Zhejiang/925 7	3	12	7	10	8	12	8	10	10	1	0	4	3	0	10	12	4	9	1	7	4	7	0	9	9	9	1	9	2	8	1	13	11	30	9	7	7	18	7	18	10	21	18	14	3	14	6	9	8	12	5	7	3	13	1	5	16	24	17	12	3	15	15	
1311_A/goose/Zhejiang/925 6	4	11	7	11	7	13	8	9	9	1	0	5	3	0	10	10	4	9	1	9	4	7	0	9	10	7	1	9	2	10	1	13	8	28	10	8	7	19	7	19	11	21	14	13	3	17	7	9	9	12	6	7	3	13	1	7	15	26	15	11	3	13	16	
1312_A/goose/Zhejiang/925 6	4	11	7	11	7	13	8	9	9	1	0	5	3	0	10	10	4	9	1	9	4	7	0	9	10	7	1	9	2	10	1	13	8	28	10	8	7	19	7	19	11	21	14	13	3	17	7	9	9	12	6	7	3	13	1	7	15	26	15	11	3	13	16	
1313_A/goose/Zhejiang/925 8	4	11	6	9	7	13	9	11	10	1	0	4	3	0	10	10	3	8	1	8	4	8	0	9	9	7	1	9	3	11	0	15	8	28	9	7	7	18	6	21	11	25	16	13	4	14	4	8	9	15	5	7	3	11	2	6	14	26	19	10	3	13	14	
1314_A/goose/Zhejiang/925 6	4	11	7	11	7	13	8	8	9	1	0	5	3	0	10	10	4	9	1	9	4	7	0	10	10	7	1	9	2	10	1	13	8	28	10	8	7	19	7	19	11	21	14	13	3	17	7	9	9	12	6	7	3	13	1	7	15	26	14	9	3	13	19	
1315_A/goose/Zhejiang/925 8	5	11	6	9	7	13	9	11	10	1	0	4	2	0	10	10	3	8	1	8	4	8	0	9	9	7	1	9	3	11	0	15	8	28	9	7	7	18	6	21	11	25	16	13	4	14	4	8	9	15	5	7	3	11	2	6	14	26	19	9	3	13	15	
1316_A/goose/Zhejiang/112 8	5	11	6	9	6	13	9	10	10	1	0	4	3	0	10	9	3	8	1	9	4	8	0	10	9	7	1	8	3	11	0	17	6	29	9	7	9	19	6	21	10	24	16	12	4	13	6	7	9	14	5	7	3	11	2	7	15	26	18	10	3	13	14	
1317_A/goose/Zhejiang/S12 6	2	10	7	11	8	14	8	8	11	1	0	5	2	0	10	9	4	9	1	10	3	7	0	9	11	7	0	10	2	10	1	15	7	26	10	7	9	21	7	20	9	21	14	14	2	16	8	9	9	14	4	7	1	12	3	5	15	26	15	10	6	13	17	
1318_A/Great_black-headed 6	5	14	10	13	6	10	5	9	10	1	0	5	3	0	10	7	4	8	0	10	2	8	0	9	10	6	2	9	2	11	0	13	11	27	9	11	5	23	6	21	11	25	16	12	1	15	4	5	5	14	7	7	6	11	3	8	15	23	19	8	3	18	11	
1319_A/Great_Black-headed 6	4	12	7	11	6	12	8	9	10	1	0	5	3	0	10	9	4	9	1	10	4	7	0	7	10	8	0	11	2	9	1	14	6	27	10	8	9	21	7	19	11	20	16	13	3	17	6	9	10	11	6	7	1	13	1	5	16	26	15	12	2	15	16	
1320_A/Great_black-headed 6	5	14	10	13	7	10	5	9	10	1	0	5	2	0	10	7	4	8	0	9	2	8	0	9	10	6	2	9	2	11	0	14	11	28	9	11	5	21	6	21	11	26	16	12	1	15	4	4	5	14	7	7	6	11	3	8	15	23	19	8	4	18	11	
1321_A/Great_Cormorant/Hu 7	4	12	7	10	8	12	8	9	10	1	0	5	2	0	10	9	5	10	1	9	5	6	0	9	8	8	1	9	3	9	1	12	8	29	11	9	7	19	6	18	13	22	16	15	2	14	6	9	7	13	6	7	2	12	1	5	15	25	16	12	4	14	15	
1322_A/Great_Cormorant/Hu 5	5	14	10	14	7	10	5	9	9	1	0	5	4	0	11	9	3	8	0	8	3	8	0	9	9	7	2	6	3	11	0	13	8	24	11	10	6	24	4	20	11	22	16	13	3	18	5	5	5	14	6	9	5	12	3	12	14	23	19	7	3	16	12	
1323_A/Great_Cormorant/Hu 5	5	14	10	14	7	10	5	9	9	1	0	5	4	0	11	9	3	8	0	8	3	8	0	9	9	7	2	6	3	11	0	13	8	24	11	10	6	24	4	20	11	22	16	13	3	18	5	5	5	15	5	9	5	12	3	12	14	23	19	7	3	16	12	
1324_A/Great_Cormorant/Hu 7	4	12	7	10	8	12	8	9	10	1	0	5	2	0	10	9	5	10	1	9	5	6	0	9	8	8	1	9	3	9	1	12	8	29	11	9	7	19	6	18	13	22	16	15	2	14	6	9	7	13	6	7	2	12	1	5	15	25	16	12	4	14	15	
1325_A/Great_Cormorant/Hu 5	5	14	10	14	7	10	5	9	9	1	0	5	3	0	11	9	3	8	0	8	3	8	0	9	9	7	1	6	4	11	0	13	8	24	11	10	6	24	4	20	11	23	17	13	3	17	5	5	5	15	5	9	5	12	3	12	14	23	20	7	3	16	11	
1326_A/Great_Cormorant/Hu 5	5	14	10	14	7	10	5	9	9	1	0	5	4	0	11	9	3	8	0	8	3	8	0	9	9	7	1	6	3	11	0	13	8	24	11	10	6	24	4	20	11	23	17	13	3	17	5	5	5	15	5	9	5	12	3	12	14	23	20	7	3	16	11	
1327_A/Great_Cormorant/Hu 6	5	14	10	13	7	10	5	9	9	1	0	6	4	0	11	9	3	8	0	8	3	8	0	9	9	7	1	5	3	11	0	13	8	25	11	10	6	24	4	20	11	23	17	13	3	16	5	5	5	15	5	9	5	12	3	12	14	23	20	7	3	16	11	
1328_A/Great_Cormorant/Qi 6	4	12	7	11	6	12	8	9	10	1	0	6	3	0	10	9	4	9	1	10	4	7	0	6	10	9	0	11	2	9	1	14	6	29	9	8	9	20	7	18	11	19	16	14	3	17	6	9	10	12	6	7	1	13	1	5	16	27	15	12	2	13	16	
1329_A/Great_Cormorant/Qi 6	4	12	7	11	6	12	8	9	10	1	0	5	3	0	10	9	4	9	1	10	4	7	0	7	10	8	0	11	2	9	1	14	6	28	9	8	9	21	7	19	11	20	16	13	3	17	6	9	10	12	6	7	1	13	1	5	16	26	15	12	2	14	16	
1330_A/Great_Cormorant/Qi 6	4	12	7	11	6	12	8	9	10	1	0	6	3	0	10	9	4	9	1	10	4	7	0	6	10	9	0	11	2	9	1	14	6	29	9	8	9	20	7	18	11	19	16	14	3	17	6	9	10	12	6	7	1	13	1	5	16	27	15	12	2	13	16	
1331_A/Great_Crested_Greb 6	4	11	6	11	6	13	9	9	10	1	0	5	3	0	10	8	4	9	0	11	4	7	0	7	10	8	0	11	2	9	2	13	6	25	10	9	9	23	7	19	11	20	15	13	3	17	7	9	10	12	6	7	1	13	1	6	15	26	16	11	3	14	15	
1332_A/grebe/Ningxia/SD00 5	2	11	7	12	7	13	8	8	12	1	0	5	2	0	10	9	3	10	1	10	4	6	0	9	11	7	0	10	2	10	1	15	7	25	10	6	9	22	7	20	9	21	15	14	2	16	7	9	9	14	4	8	1	12	3	5	15	26	16	10	6	13	16	
1333_A/grebe/Shaanxi/SD00 5	3	10	7	12	6	14	8	9	12	1	0	5	2	0	10	10	3	10	1	9	4	6	0	9	11	7	0	10	2	10	1	15	7	25	10	6	9	22	7	20	9	21	15	14	2	16	7	9	9	14	4	8	1	12	3	4	15	26	16	10	6	13	16	
1334_A/grebe/Shandong/SC1 6	2	10	7	11	8	14	8	9	11	1	0	5	2	0	10	9	4	9	1	10	3	7	0	8	11	7	0	10	2	10	1	15	7	26	10	7	9	21	7	20	9	20	14	14	2	17	8	9	9	14	4	7	1	12	3	5	15	25	16	10	6	14	16	
1335_A/green-winged_teal/ 6	2	10	7	11	8	14	8	8	11	1	0	5	2	0	10	9	4	10	1	10	3	6	0	9	11	7	0	10	2	10	1	16	7	26	10	6	9	21	7	19	10	21	15	14	2	16	7	9	9	14	4	7	1	12	3	5	15	26	16	10	6	13	16	
1336_A/Guangdong/1/2006|E 6	6	12	8	12	5	12	7	8	11	1	0	4	3	0	10	10	3	8	0	8	4	6	0	10	10	7	1	9	3	11	0	14	8	23	12	8	6	26	5	19	11	22	18	13	2	16	4	8	8	13	7	8	5	13	0	7	14	25	17	9	4	14	14	
1337_A/Guangdong/1/2008|E 6	6	12	8	12	5	12	7	4	11	1	0	6	3	0	10	10	3	9	0	8	4	5	0	11	9	7	2	9	3	12	0	13	9	22	12	9	6	27	5	20	11	22	16	13	2	15	5	8	6	13	6	8	7	13	0	7	15	25	18	9	2	15	14	
1338_A/Guangdong/2/2006|E 7	6	12	7	12	6	12	8	8	11	1	0	4	3	0	10	10	3	8	0	8	3	6	0	9	10	7	1	9	3	12	0	14	8	22	12	8	7	26	5	20	11	22	18	12	2	16	4	8	7	15	7	8	5	12	0	6	14	25	17	9	4	14	14	
1339_A/Guangdong/18SF020/ 8	4	13	7	9	8	10	7	9	10	1	0	4	2	0	10	8	2	8	1	7	4	6	0	8	9	10	1	9	3	6	1	8	10	27	10	9	7	18	6	18	10	17	18	13	2	16	5	5	8	12	4	8	4	11	1	6	12	24	18	10	3	13	14	
1340_A/Guangdong/12903/20 5	2	10	7	12	6	14	8	8	12	1	0	5	2	0	10	9	4	10	1	10	4	6	0	9	12	7	0	10	1	10	1	15	8	25	11	7	8	21	6	20	9	23	13	13	2	16	8	9	10	14	4	6	1	12	3	6	14	26	16	11	6	13	16	
1341_A/Guangdong/lgf/2021 5	2	10	7	12	6	14	8	8	12	1	0	5	2	0	10	9	4	10	1	10	4	6	0	9	11	7	0	10	2	10	1	15	8	25	11	7	8	21	6	21	9	23	14	13	2	16	8	9	10	14	4	6	1	12	3	5	14	25	16	11	6	13	16	
1342_A/Guangxi/1/2005|EPI 6	6	12	7	12	6	12	8	8	11	1	0	4	3	0	10	10	3	8	0	8	3	6	0	10	10	7	1	8	3	12	0	14	9	21	12	8	6	27	5	19	11	22	18	13	2	16	4	8	7	15	7	8	5	12	0	7	14	25	16	8	4	14	16	
1343_A/Guangxi/1/2005|EPI 6	6	12	7	12	6	12	8	8	11	1	0	4	3	0	10	10	3	8	0	8	3	6	0	10	10	7	1	8	3	12	0	14	9	21	12	8	6	27	5	19	11	22	18	13	2	16	4	8	7	15	7	8	5	12	0	7	14	25	16	8	4	14	16	
1344_A/Guangxi/1/2008|EPI 8	5	12	8	12	6	11	7	10	12	1	0	2	3	0	10	8	4	8	0	8	3	6	0	9	10	7	1	9	3	12	0	13	8	22	11	10	6	26	5	19	11	23	16	13	3	16	5	8	8	17	7	7	4	11	1	7	15	19	16	9	3	20	14	
1345_A/Guangxi/32797/2018 8	4	10	7	9	8	14	8	8	11	1	0	5	3	0	10	12	3	10	0	7	3	6	0	8	10	9	1	9	2	8	1	10	12	26	10	10	7	20	7	20	12	19	17	13	2	17	6	8	7	13	5	7	4	12	2	7	14	24	19	11	3	15	13	
1346_A/Guangxi/55726/2016 8	4	13	7	9	7	11	8	8	10	0	1	7	2	0	10	11	4	9	1	8	7	7	0	9	9	8	1	9	1	9	1	11	8	26	11	10	7	21	6	18	11	20	17	14	3	16	5	9	7	14	5	7	2	12	1	5	16	24	15	12	4	15	17	
1347_A/Guangzhou/39715/20 7	4	12	7	10	7	12	8	11	8	1	0	4	3	0	10	12	3	8	1	7	5	8	0	9	10	9	1	8	2	8	1	13	10	29	10	6	7	19	6	19	12	22	18	15	2	13	6	9	8	13	5	7	3	12	1	5	16	24	16	12	3	15	16	
1348_A/Guizhou/1/2009|EPI 7	8	13	7	11	5	11	8	7	11	1	0	6	3	0	10	9	3	7	0	8	3	7	0	10	10	7	1	8	2	12	0	14	8	23	13	8	7	24	5	18	10	21	17	13	2	16	6	9	7	14	6	8	5	13	0	9	13	26	17	9	4	13	15	
1349_A/GX-guilin/11151/20 5	2	10	7	12	7	14	8	8	12	1	0	5	2	0	10	9	4	10	1	10	3	6	0	10	11	7	0	9	2	10	1	15	7	27	10	7	9	21	7	20	9	21	14	14	2	16	8	9	9	13	4	7	2	12	3	5	14	25	17	10	6	13	16	
1350_A/GX-hechi/01/2021|E 6	4	12	6	11	7	12	9	9	12	1	0	4	2	0	10	12	3	9	0	7	6	6	0	8	9	12	0	8	2	6	2	11	10	31	11	9	7	18	6	20	12	21	20	13	1	13	4	8	9	10	6	8	3	14	2	5	13	24	18	14	3	14	14	
1351_A/Hangzhou/01/2021|E 6	2	10	7	12	7	14	8	8	14	1	0	5	2	0	10	8	4	11	1	10	3	5	0	9	10	7	0	11	2	10	1	15	7	25	11	6	9	22	6	22	9	22	14	13	2	16	8	9	9	14	4	6	1	12	3	5	15	26	15	11	6	13	17	
1352_A/HeFei04171/2024|EP 7	2	11	7	10	8	14	8	8	11	0	0	5	2	1	10	9	4	10	1	10	3	6	0	8	12	6	1	10	1	11	2	15	7	34	10	7	9	13	7	18	11	20	17	14	2	17	4	8	7	15	4	8	2	11	3	5	16	26	16	10	5	13	16	
1353_A/heron/Kaohsiung/15 11	6	11	6	8	6	13	9	2	12	1	0	5	2	0	10	11	4	8	0	9	4	6	0	12	9	11	2	8	3	8	0	15	12	28	11	7	3	23	7	16	11	16	9	14	1	18	10	7	7	15	7	9	4	10	4	8	16	25	20	10	2	14	9	
1354_A/heron/Taiwan/17DB0 6	5	12	7	11	4	12	8	11	14	1	0	3	1	0	10	11	2	9	0	10	5	7	0	9	11	8	0	7	2	8	2	12	10	27	8	8	6	21	9	21	10	24	15	12	3	13	7	8	8	12	4	7	3	13	1	7	15	22	16	13	3	17	17	
1355_A/Herring_Gull/Hubei 6	4	12	7	11	6	12	8	9	10	1	0	5	3	0	10	9	4	8	1	10	4	8	0	7	10	9	0	11	2	9	1	14	6	28	9	8	9	21	7	19	11	19	16	13	3	17	6	9	10	12	6	7	1	13	1	5	16	26	15	12	2	14	16	
1356_A/hill_myna/Heilongj 7	5	13	10	12	6	11	5	7	10	1	0	7	3	0	10	7	4	7	0	10	3	9	0	8	10	6	2	9	2	12	0	11	10	29	10	11	6	20	5	22	11	23	16	12	1	15	6	5	6	13	7	8	5	14	2	7	15	24	18	9	3	16	12	
1357_A/Hong_Kong/5923/201 7	4	11	9	12	6	13	6	9	10	1	0	5	4	0	10	8	4	8	1	10	2	7	0	10	10	6	1	6	3	10	0	12	9	24	10	8	7	21	7	23	8	24	18	12	3	13	7	5	7	17	7	9	2	13	1	11	16	24	18	9	3	16	12	
1358_A/Hubei/29578/2016_x 6	4	13	7	11	7	11	8	10	10	1	0	3	3	0	10	12	3	8	0	7	5	7	0	8	10	10	1	10	2	6	1	13	12	29	11	6	6	19	5	19	10	22	15	14	3	14	5	8	8	14	6	8	3	12	1	4	15	26	14	14	3	13	18	
1359_A/Hubei/29578/2016|E 6	4	13	7	11	7	11	8	10	10	1	0	3	3	0	10	12	3	8	0	7	5	7	0	8	10	10	1	10	2	6	1	13	12	29	11	6	6	19	5	19	10	23	18	14	2	14	5	8	8	14	6	8	3	12	1	4	15	26	14	14	3	13	18	
1360_A/Hunan/1/2006|EPI_I 6	6	12	7	12	6	12	8	8	11	1	0	4	3	0	10	11	2	8	0	7	4	6	0	10	9	7	1	8	4	12	0	14	9	22	12	8	6	26	5	19	11	22	17	13	2	16	4	8	7	15	7	7	5	12	0	8	14	25	18	9	4	14	14	
1361_A/Hunan/1/2008|EPI_I 7	7	11	8	12	4	13	7	8	12	1	0	5	3	0	10	8	3	10	0	8	3	4	0	8	9	7	1	9	4	12	0	14	10	23	12	8	5	25	5	19	12	23	16	14	2	16	5	9	7	17	5	8	5	10	0	7	14	25	17	7	3	15	16	
1362_A/Hunan/2/2009|EPI_I 7	8	13	6	11	5	11	9	7	11	1	0	6	3	0	10	9	3	7	0	8	3	7	0	10	9	7	1	8	3	12	0	14	8	23	13	8	7	25	5	18	11	21	17	13	2	16	6	9	7	14	6	8	5	12	0	9	12	27	16	8	5	12	16	
1363_A/Japanese_white-eye 7	5	13	10	12	6	11	5	7	10	1	0	6	3	0	10	7	4	7	0	10	3	9	0	9	10	6	2	9	2	12	0	11	10	29	10	10	6	20	5	22	11	23	16	12	1	15	6	5	6	13	7	9	5	14	2	7	15	24	18	9	3	16	12	
1364_A/Jiangsu/1/2007|EPI 6	6	12	8	12	6	12	7	5	11	1	0	6	3	0	10	10	3	9	0	8	3	5	0	11	10	7	2	8	3	12	0	13	9	22	12	9	6	27	5	19	10	22	17	14	2	14	5	8	7	13	6	8	6	13	0	7	15	25	18	9	2	15	14	
1365_A/Jiangsu/1/2018|EPI 7	4	12	7	10	7	12	8	8	12	0	1	6	3	0	10	11	3	9	0	7	5	6	0	7	9	10	1	10	3	8	1	13	10	29	13	9	7	16	6	22	12	19	19	12	2	18	3	7	9	13	6	7	3	12	1	6	12	25	19	12	3	14	13	
1366_A/Jiangsu/1/2018|EPI 7	4	12	7	10	7	12	8	8	11	0	1	6	3	0	10	11	3	9	0	7	5	6	0	7	9	10	1	9	3	8	1	13	10	29	13	9	7	16	6	22	12	19	19	12	2	18	3	7	9	13	6	7	3	12	1	5	13	25	19	12	3	14	13	
1367_A/Jiangsu/1/2020_(H5 7	4	12	6	10	6	12	9	8	12	1	0	6	3	0	10	11	3	7	0	7	5	8	0	7	9	10	1	9	3	8	1	13	10	28	12	9	7	18	6	22	12	19	19	12	2	17	3	7	9	13	5	7	3	13	2	7	12	26	19	11	3	13	13	
1368_A/Jiangsu/1/2020(H5N 7	4	12	6	10	6	12	9	8	12	1	0	6	3	0	10	11	3	7	0	7	5	8	0	7	9	10	1	9	3	8	1	13	10	28	12	9	7	18	6	22	12	19	19	12	2	17	3	7	9	13	5	7	3	13	2	7	12	26	19	11	3	13	13	
1369_A/Jiangsu/2/2007|EPI 6	6	12	8	12	6	12	7	5	11	1	0	6	3	0	10	10	3	9	0	8	3	5	0	11	10	7	2	8	3	12	0	13	9	22	12	9	6	27	5	19	10	22	17	14	2	14	5	8	7	13	6	8	6	13	0	7	15	25	18	9	2	15	14	
1370_A/Jiangsu/JSSZ01/201 7	4	12	7	10	7	12	8	8	11	0	1	6	3	0	10	11	3	9	0	7	5	6	0	7	9	10	1	9	3	8	1	13	10	29	13	9	7	16	6	22	12	19	19	12	2	18	3	7	9	13	6	7	3	12	1	5	13	25	19	12	3	14	13	
1371_A/Jiangxi/1/2005|EPI 7	6	13	8	12	6	11	7	8	11	1	0	4	3	0	10	8	3	9	0	8	2	6	0	10	11	7	1	8	3	12	0	14	9	21	12	8	6	27	5	19	11	23	17	13	2	16	4	7	7	13	8	8	5	13	0	8	13	25	17	10	4	14	14	
1372_A/Jiangxi/16791/2022 5	2	10	7	12	7	14	8	8	12	1	0	5	2	0	10	9	4	10	1	10	3	6	0	10	11	8	0	9	2	9	1	15	7	27	10	7	9	20	7	20	10	23	13	14	1	16	8	9	9	15	3	7	2	11	3	5	14	26	18	10	6	12	15	
1373_A/lesser_kestrel/Hei 6	6	13	8	12	6	11	7	6	11	1	0	5	3	0	10	9	3	8	0	8	4	6	0	11	9	6	1	9	3	13	0	15	8	23	12	8	6	25	5	19	11	23	17	13	2	16	4	8	7	13	6	8	5	15	1	7	14	24	17	9	4	14	14	
1374_A/lion/Hubei/1-2/201 5	5	14	10	14	7	10	5	9	9	1	0	7	3	0	11	9	3	9	0	8	3	7	0	9	9	8	1	6	3	10	0	13	7	25	11	11	5	24	4	20	11	23	17	13	2	17	5	5	6	15	5	9	5	11	4	11	14	23	17	7	3	17	13	
1375_A/Luscinia_cyane/Jia 6	4	11	7	11	7	13	7	11	9	1	0	3	3	0	10	10	4	9	1	9	4	8	0	11	10	7	1	8	2	10	1	13	8	26	10	8	7	20	7	18	11	21	14	13	3	17	6	9	8	14	6	7	3	12	1	8	16	26	14	10	3	13	18	
1376_A/mallard_duck/Shang 6	4	11	7	11	7	13	8	10	9	1	0	4	3	0	10	10	4	9	1	10	3	7	0	9	10	8	1	9	2	9	1	13	9	27	10	8	7	19	7	19	11	22	13	13	3	17	7	7	8	14	6	8	3	12	1	7	16	27	13	11	3	12	18	
1377_A/mallard/Heilongjia 6	5	13	10	13	7	11	5	8	10	1	0	7	3	0	10	8	3	9	0	10	3	6	1	9	9	6	1	7	3	12	0	13	7	29	11	9	6	20	4	20	12	23	17	12	2	14	7	5	5	14	7	8	6	13	2	9	15	23	18	9	3	17	12	
1378_A/Mallard/Jiangxi/JX 8	3	12	7	9	8	12	8	10	9	1	0	4	3	0	10	12	4	9	1	7	4	7	0	9	10	9	1	9	2	8	1	13	10	29	10	7	7	19	6	18	11	20	17	15	2	15	7	9	8	12	5	7	3	13	1	4	16	26	17	13	3	13	15	
1379_A/Mallard/Jiangxi/JX 8	3	12	7	9	8	12	8	10	9	1	0	4	3	0	10	12	4	9	1	7	4	6	0	9	10	9	1	9	2	8	1	13	10	29	10	7	7	20	6	18	11	21	17	15	2	14	7	9	8	13	5	7	3	12	1	4	16	26	16	13	3	13	16	
1380_A/mallard/Ningxia/17 4	4	11	8	13	6	14	7	9	10	1	0	7	3	0	10	9	4	9	0	9	4	7	0	7	11	8	0	10	1	9	2	13	7	28	10	8	9	22	6	19	9	21	14	13	4	16	8	9	8	12	6	8	1	11	1	6	16	28	14	11	3	13	17	
1381_A/mallard/Ningxia/17 4	4	11	8	13	6	14	7	9	10	1	0	7	3	0	10	9	4	9	0	9	4	7	0	7	11	8	0	10	1	9	2	13	7	28	10	8	9	22	6	18	9	22	14	13	4	16	8	9	8	12	6	8	1	11	1	6	16	28	14	11	3	13	17	
1382_A/mallard/Ningxia/23 4	4	11	8	13	6	14	7	9	10	1	0	7	3	0	10	10	3	9	0	9	4	7	0	7	11	8	0	10	1	9	2	13	7	28	10	8	9	22	6	19	9	21	14	13	4	16	8	9	8	12	6	8	1	11	1	6	16	28	14	11	3	13	17	
1383_A/mallard/Ningxia/24 4	4	11	8	13	6	14	7	9	10	1	0	7	3	0	10	9	4	9	0	9	4	7	0	7	11	8	0	10	1	9	2	13	7	28	10	8	9	22	6	19	9	21	14	13	4	16	8	9	8	12	6	8	1	11	1	6	16	28	14	11	3	13	17	
1384_A/mallard/Ningxia/24 4	4	11	8	13	6	14	7	9	10	1	0	7	3	0	10	9	4	9	0	9	4	7	0	7	11	8	0	10	1	9	2	13	7	28	10	8	9	22	6	19	9	21	14	13	4	16	8	9	8	12	6	8	1	11	1	6	16	28	14	11	3	13	17	
1385_A/mallard/Ningxia/24 4	4	11	8	13	6	14	7	9	10	1	0	7	3	0	10	10	3	9	0	9	4	7	0	7	11	8	0	10	1	9	2	13	7	28	10	8	9	22	6	19	9	21	14	13	4	16	8	9	8	12	6	8	1	11	1	6	16	28	14	11	3	13	17	
1386_A/mandarin_duck/Heil 6	2	10	7	11	8	14	8	9	11	1	0	5	2	0	10	9	4	9	1	10	3	7	0	7	11	8	1	11	2	9	0	15	7	27	10	7	9	21	7	20	9	21	14	14	2	16	8	9	9	14	4	7	1	11	3	5	15	26	16	10	6	13	16	
1387_A/mandarin_duck/Hena 6	2	10	7	11	8	15	8	8	11	0	0	5	2	1	10	9	4	10	1	10	3	6	0	9	12	6	0	10	1	11	2	15	7	30	10	7	9	16	7	19	10	20	16	14	2	17	5	8	9	13	4	8	1	13	3	5	16	26	16	10	5	13	16	
1388_A/meerkat/Shanghai/S 6	5	13	10	13	7	11	5	8	10	1	0	6	3	0	10	7	4	8	0	10	2	8	0	8	10	6	2	9	2	12	0	12	11	28	8	11	5	21	7	21	12	23	16	12	1	15	6	5	6	13	7	8	5	14	2	7	13	22	18	9	4	17	13	
1389_A/migratory_waterfow 7	4	11	6	10	7	13	9	11	9	1	0	4	3	0	10	10	3	7	1	8	4	9	0	10	9	8	1	8	3	10	0	15	8	30	10	7	8	18	6	21	10	24	16	12	4	14	5	7	9	14	4	8	3	11	2	6	15	26	18	11	3	13	14	
1390_A/migratory_waterfow 7	4	11	6	10	7	13	9	12	9	1	0	4	3	0	10	10	3	7	1	8	4	9	0	9	9	8	1	8	3	10	0	15	8	30	10	7	8	18	6	21	10	24	16	12	4	14	5	7	9	14	4	8	3	11	2	6	15	26	18	11	3	13	14	
1391_A/mink/China/181/201 8	5	13	7	9	8	11	8	10	11	1	0	4	2	0	10	12	3	9	1	7	3	6	0	7	10	10	1	9	2	8	1	12	11	27	12	9	7	19	6	19	12	19	18	14	2	16	4	8	7	14	5	7	5	11	1	8	12	24	20	11	3	15	13	
1392_A/mink/China/183/201 8	3	12	7	9	8	12	8	10	12	1	0	4	3	0	10	12	3	9	1	7	3	6	0	6	10	10	1	9	3	8	1	11	9	31	12	9	7	17	6	20	12	19	19	13	2	15	5	10	8	13	5	7	3	12	1	5	13	21	19	13	3	17	14	
1393_A/mink/China/191/201 8	3	12	7	9	8	12	8	10	12	1	0	4	3	0	10	12	3	9	1	7	3	6	0	6	10	10	1	9	3	8	1	11	9	31	13	9	7	17	5	20	12	19	18	13	2	15	5	10	8	13	5	7	3	12	1	5	13	22	19	13	3	17	14	
1394_A/mink/China/456/201 7	4	12	6	10	7	12	9	7	11	0	1	6	3	0	10	11	3	9	0	7	5	6	0	8	9	10	1	9	3	8	1	12	10	29	11	9	7	18	6	22	12	19	19	12	2	16	5	8	9	12	6	7	3	12	2	4	13	25	19	13	3	14	13	
1395_A/mink/China/G/2015| 7	4	12	10	12	6	12	5	9	10	1	0	5	4	0	10	7	4	7	0	10	2	8	0	10	9	6	0	8	3	10	1	12	8	26	9	8	6	21	8	20	9	25	18	14	3	12	7	6	7	16	7	8	3	13	1	10	16	23	20	10	3	17	11	
1396_A/mink/China/XB/2015 5	5	14	10	14	7	10	5	8	9	1	0	6	4	0	11	8	3	8	0	8	3	8	0	9	9	6	1	7	3	12	0	13	8	25	11	10	6	24	4	19	11	24	17	14	3	16	5	5	5	15	5	9	5	11	3	12	14	22	19	7	3	17	12	
1397_A/mink/Eastern_China 8	4	11	7	9	7	13	8	9	11	1	0	4	3	0	10	12	3	9	1	7	5	6	0	9	9	10	2	8	3	8	1	13	10	28	13	7	7	20	4	19	12	17	20	14	2	17	3	8	8	14	5	8	3	11	1	5	16	26	18	12	1	13	14	
1398_A/mink/Eastern_China 8	4	11	7	9	7	13	8	8	11	1	0	4	3	0	10	12	3	9	1	7	5	6	0	10	10	9	2	8	3	8	1	13	10	30	12	7	7	19	4	19	12	18	20	14	2	16	3	8	9	14	5	8	2	11	1	5	15	26	17	12	2	13	15	
1399_A/mink/Eastern_China 8	4	11	7	9	7	13	8	8	11	1	0	4	3	0	10	12	3	9	1	7	5	6	0	10	9	10	2	8	3	8	1	13	10	28	13	7	7	20	4	19	12	17	20	14	2	17	3	8	8	15	5	8	3	11	1	5	16	25	18	12	1	13	14	
1400_A/mink/Eastern_China 8	4	12	7	9	8	12	8	10	11	1	0	5	3	0	10	12	3	9	1	7	3	6	0	7	9	10	1	9	3	8	1	11	10	29	12	9	7	18	6	20	12	19	18	13	2	16	5	9	8	12	5	7	4	13	1	7	13	23	20	10	3	16	12	
1401_A/mink/Eastern_China 9	4	12	7	8	8	12	8	10	11	1	0	4	3	0	10	12	3	9	1	7	3	6	0	7	9	10	1	9	3	8	1	13	10	30	12	8	7	17	6	20	13	18	18	13	2	16	5	9	8	12	5	7	3	13	1	8	14	23	19	9	3	16	13	
1402_A/mink/Northern_Chin 6	4	11	7	11	6	13	8	10	10	1	0	6	3	0	9	9	3	10	1	10	5	6	0	7	10	9	0	11	2	10	0	14	7	26	10	8	8	22	6	19	11	22	16	13	3	16	6	9	10	12	6	7	1	13	1	4	14	26	17	12	3	14	14	
1403_A/Muscovy_duck/China 8	4	12	7	10	8	11	8	9	9	1	0	4	3	0	10	11	3	8	2	8	3	6	0	9	8	10	1	8	4	8	1	9	10	29	11	10	6	17	7	21	14	19	16	13	2	17	6	8	7	13	5	7	5	13	2	8	12	22	20	11	3	18	12	
1404_A/Muscovy_duck/China 8	4	12	7	10	8	11	8	9	9	1	0	4	3	0	10	11	3	8	2	8	3	6	0	9	8	10	1	8	4	8	1	9	10	29	11	10	6	17	7	21	14	19	16	13	2	17	6	8	7	13	5	7	5	13	2	8	12	22	20	11	3	18	12	
1405_A/muscovy/duck/Hunan 7	5	12	6	10	6	12	9	10	9	0	0	5	3	1	10	12	3	8	1	7	5	8	0	8	10	8	1	7	2	9	1	13	10	29	10	7	7	19	6	19	11	22	17	15	2	14	7	9	9	13	5	8	1	12	1	5	16	25	16	12	3	14	16	
1406_A/muscovy/duck/Hunan 7	5	12	6	10	6	12	9	10	9	0	0	5	3	1	10	12	3	8	1	7	5	8	0	8	10	9	1	8	2	8	1	13	10	30	10	7	7	19	6	19	11	22	17	14	2	13	7	9	9	13	5	8	1	12	1	5	16	25	16	12	3	14	16	
1407_A/muscovy/duck/Hunan 7	5	12	7	10	6	12	8	10	9	0	0	5	3	1	10	12	3	8	1	7	5	8	0	8	10	9	1	8	2	8	1	13	10	29	10	7	7	19	6	19	11	22	17	14	2	14	7	9	9	13	5	8	1	12	1	5	16	25	16	12	3	14	16	
1408_A/muscovy/duck/Hunan 7	5	12	6	10	6	12	9	10	9	0	0	5	3	1	10	12	3	8	1	7	5	8	0	8	10	9	1	8	2	8	1	13	10	29	10	7	7	19	6	19	11	22	17	14	2	14	7	9	9	13	5	8	1	12	1	5	16	25	16	12	3	14	16	
1409_A/muscovy/duck/Hunan 7	5	12	6	10	6	12	9	11	9	0	0	4	3	1	10	12	3	8	1	7	5	8	0	8	10	9	1	8	2	8	1	13	10	29	10	7	7	19	6	19	11	22	17	14	2	14	7	9	10	13	5	8	1	12	1	5	15	25	16	12	3	14	16	
1410_A/muscovy/duck/Hunan 7	5	12	7	10	6	12	8	10	9	1	0	6	3	0	10	12	3	8	1	7	5	8	0	8	10	9	1	8	2	8	1	13	10	29	10	8	7	19	6	19	11	22	17	13	2	14	7	9	9	13	5	7	1	12	1	5	16	25	16	12	3	14	16	
1411_A/muscovy/duck/Hunan 7	4	11	7	10	8	13	8	10	10	1	0	4	2	0	10	10	3	10	1	9	6	6	0	9	9	8	1	9	2	9	1	12	9	29	11	9	6	19	6	18	12	22	16	15	2	14	6	9	7	13	5	7	2	12	1	5	16	25	16	12	4	14	16	
1412_A/muscovy/duck/Hunan 7	4	11	7	10	8	13	8	10	10	1	0	4	2	0	10	10	3	10	1	9	6	6	0	9	9	8	1	9	2	9	1	12	9	29	11	9	6	19	6	18	12	22	16	15	2	14	6	9	7	13	5	7	2	12	1	5	16	25	16	12	4	14	16	
1413_A/muscovy/duck/Hunan 7	4	11	7	10	8	13	8	10	10	1	0	4	2	0	10	10	3	10	1	9	6	6	0	9	9	8	1	9	2	9	1	12	9	29	11	9	6	19	6	18	12	22	16	15	2	14	6	9	7	13	5	7	2	12	1	5	16	25	16	12	4	14	16	
1414_A/muscovy/duck/Hunan 7	4	11	7	10	8	13	8	10	10	1	0	4	2	0	10	10	3	10	1	9	6	6	0	9	9	8	1	9	2	9	1	12	9	29	11	9	6	19	6	18	12	22	16	15	2	14	6	9	7	13	5	7	2	12	1	5	16	25	16	12	4	14	16	
1415_A/muscovy/duck/Hunan 7	4	11	7	10	8	13	8	10	9	1	0	4	3	0	10	10	4	9	1	9	5	7	0	9	9	9	1	9	2	8	1	12	9	28	11	9	7	20	6	18	11	22	16	15	2	15	5	10	7	13	5	6	2	12	1	5	16	25	16	12	4	14	16	
1416_A/muscovy/duck/Hunan 7	4	11	7	10	8	13	8	10	9	1	0	4	3	0	10	10	4	10	1	9	5	6	0	9	9	9	1	9	2	8	1	12	9	28	11	9	7	20	6	18	11	22	16	15	2	14	6	10	7	13	5	6	2	12	1	5	16	25	16	12	4	14	16	
1417_A/muscovy/duck/Hunan 7	4	11	7	10	8	13	8	10	9	1	0	4	3	0	10	10	4	10	1	9	5	6	0	9	9	9	1	9	2	8	1	12	9	29	10	9	7	22	6	18	11	24	15	15	2	14	7	10	7	12	5	6	2	10	1	5	16	25	16	12	4	13	16	
1418_A/muscovy/duck/Hunan 7	4	11	7	10	7	13	8	10	10	1	0	4	2	0	10	10	3	10	1	9	6	6	0	9	9	8	1	9	2	9	1	12	9	29	11	9	6	19	6	18	12	22	16	15	2	14	6	9	7	13	5	7	3	12	1	5	16	25	16	12	4	14	16	
1419_A/muscovy/duck/Hunan 7	4	12	7	10	7	12	8	10	9	0	0	5	3	1	10	12	3	9	0	6	5	7	0	9	10	9	1	8	2	8	1	12	10	30	12	9	7	18	5	18	11	22	17	15	2	13	7	9	8	13	5	8	2	12	1	5	16	25	16	12	3	14	16	
1420_A/muscovy/duck/Hunan 7	4	11	7	10	8	13	8	10	10	1	0	4	2	0	10	10	3	10	1	9	6	6	0	9	9	8	1	9	2	9	1	12	9	29	11	9	6	19	6	18	12	22	16	15	2	14	6	9	7	13	5	7	2	12	1	5	15	26	16	12	4	14	16	
1421_A/muscovy/duck/Hunan 7	4	11	7	10	8	13	8	10	10	1	0	4	2	0	10	10	3	10	1	9	6	6	0	9	9	8	1	9	2	9	1	12	9	29	11	9	6	18	7	18	12	22	16	15	2	14	6	9	7	13	5	7	2	12	1	5	16	25	16	12	4	14	16	
1422_A/muscovy/duck/Hunan 7	5	12	7	10	6	12	8	10	9	0	0	6	3	1	10	12	3	8	1	7	5	8	0	9	10	9	1	7	2	8	1	13	10	29	10	7	7	19	6	18	11	22	17	15	2	14	7	9	8	13	5	8	2	12	1	5	16	24	16	12	3	14	16	
1423_A/muscovy/duck/Hunan 6	4	11	6	11	8	13	9	9	10	1	0	5	2	0	10	10	4	10	1	9	6	6	0	9	8	8	1	9	2	9	1	12	8	28	11	9	8	20	6	18	11	21	16	15	2	15	6	8	7	13	5	8	2	12	1	5	17	25	16	12	3	14	16	
1424_A/muscovy/duck/Hunan 6	4	11	6	11	8	13	9	9	10	1	0	5	2	0	10	10	4	9	1	9	6	7	0	9	8	8	1	9	2	9	1	12	8	29	11	9	7	18	7	18	12	21	16	15	2	15	6	8	7	13	5	8	2	12	1	5	18	25	16	12	2	14	16	
1425_A/muscovy/duck/Hunan 6	4	11	6	11	8	13	9	9	10	1	0	5	2	0	10	10	4	9	1	9	6	7	0	9	8	9	1	9	2	8	1	12	8	28	11	9	7	20	6	18	12	21	16	15	2	15	6	8	7	13	5	8	2	12	0	5	17	25	16	12	3	14	17	
1426_A/muscovy/duck/Hunan 6	4	11	6	11	8	13	9	9	10	1	0	5	2	0	10	10	4	9	1	9	6	7	0	9	8	9	1	9	2	8	1	12	8	29	11	9	7	18	7	18	12	21	16	15	2	15	6	8	7	13	5	8	2	12	0	5	18	25	16	12	2	14	17	
1427_A/muscovy/duck/Hunan 6	4	11	6	11	8	13	9	9	10	1	0	5	2	0	10	10	4	9	1	9	6	7	0	9	8	9	1	9	2	8	1	12	8	28	11	9	7	19	7	18	12	21	16	15	2	15	6	8	7	13	5	8	2	12	1	5	17	25	16	12	3	14	16	
1428_A/muscovy/duck/Hunan 7	4	11	6	10	8	13	9	9	10	1	0	5	2	0	10	10	4	8	1	9	5	8	0	9	9	8	1	9	2	9	1	13	9	28	11	7	8	20	6	18	11	21	18	15	2	15	4	8	7	13	5	8	2	12	1	5	16	25	16	12	4	14	16	
1429_A/muscovy/duck/Hunan 6	4	11	6	11	8	13	9	9	10	1	0	5	2	0	10	10	4	9	1	9	6	7	0	9	8	8	1	9	2	9	1	12	9	28	11	9	7	19	7	18	11	21	16	15	2	15	6	8	7	13	5	8	2	12	0	5	17	25	16	12	3	14	17	
1430_A/muscovy/duck/Hunan 6	4	11	6	11	8	13	9	9	10	1	0	5	2	0	10	10	4	9	1	9	6	7	0	9	8	9	1	9	2	8	1	12	8	28	11	9	7	20	6	18	12	21	16	15	2	15	6	8	7	13	5	8	2	12	1	5	17	25	16	12	3	14	16	
1431_A/muscovy/duck/Hunan 6	4	11	6	11	8	13	9	9	10	1	0	5	2	0	10	10	4	9	1	9	6	7	0	9	8	9	1	9	2	8	1	12	8	28	11	9	7	20	6	18	12	21	16	15	2	15	6	8	7	13	5	8	2	12	1	5	17	25	16	12	3	14	16	
1432_A/muscovy/duck/Hunan 6	4	11	6	11	8	13	9	9	10	1	0	5	2	0	10	10	4	9	1	9	6	7	0	9	8	9	1	9	2	8	1	12	8	28	11	9	7	19	7	18	12	21	16	15	2	15	6	8	7	13	5	8	2	12	1	5	16	25	16	12	4	14	16	
1433_A/muscovy/duck/Hunan 6	4	11	6	11	8	13	9	9	10	1	0	5	2	0	10	10	4	8	1	9	6	8	0	8	8	9	1	9	2	8	1	12	9	28	11	9	7	20	6	18	11	21	17	15	2	15	5	8	7	13	5	8	2	12	1	6	17	25	16	12	3	14	16	
1434_A/muscovy/duck/Hunan 6	4	11	6	11	8	13	9	9	10	1	0	5	2	0	10	10	4	9	1	9	6	7	0	9	8	9	1	9	2	8	1	12	8	29	11	9	7	19	6	18	12	21	16	15	2	15	6	8	7	13	5	8	2	12	1	5	17	25	16	12	3	14	16	
1435_A/muscovy/duck/Hunan 6	4	11	6	11	8	13	9	9	10	1	0	5	2	0	10	10	4	9	1	9	6	7	0	9	8	9	1	9	2	8	1	12	8	28	11	9	7	20	6	18	12	21	16	15	2	15	6	8	7	13	5	8	2	12	1	5	17	25	16	12	3	14	16	
1436_A/muscovy/duck/Hunan 6	4	11	6	11	8	13	9	9	10	1	0	5	2	0	10	10	4	9	1	9	6	7	0	9	8	8	1	9	2	9	1	12	8	28	11	9	8	19	7	18	11	20	16	15	2	16	6	8	7	13	5	8	2	12	1	5	17	25	16	12	3	14	16	
1437_A/muscovy/duck/Hunan 6	4	11	6	11	8	13	9	9	10	1	0	5	2	0	10	10	4	9	1	9	6	7	0	9	8	9	1	9	2	8	1	12	8	28	11	9	7	20	6	18	12	21	15	15	2	15	7	8	7	13	5	8	2	12	1	5	17	25	16	12	3	14	16	
1438_A/muscovy/duck/Hunan 6	4	11	6	11	8	13	9	9	11	1	0	5	2	0	10	10	4	8	1	9	6	8	0	9	8	9	1	9	2	8	1	12	9	28	11	9	7	20	6	18	11	21	16	15	2	15	6	8	7	13	5	8	2	12	1	5	16	25	16	12	3	14	16	
1439_A/muscovy/duck/Hunan 6	4	11	6	11	8	13	9	9	10	1	0	5	2	0	10	10	4	9	1	9	6	7	0	9	8	9	1	9	2	8	1	12	8	28	11	9	7	20	6	18	12	21	16	15	2	15	6	8	7	13	5	8	2	12	1	5	17	25	16	12	3	14	16	
1440_A/mute_swan/Inner_Mo 5	2	10	7	11	7	14	8	8	12	1	0	5	2	0	10	9	4	10	1	11	3	6	0	9	11	7	0	10	2	10	1	15	6	26	10	7	10	21	7	20	9	21	15	14	2	17	6	9	9	14	4	7	1	12	3	4	15	25	16	11	6	14	16	
1441_A/mute_swan/Shandong 5	2	10	7	12	7	14	8	8	12	1	0	5	2	0	10	9	4	10	1	10	3	6	0	9	11	6	0	10	2	11	1	15	7	26	10	7	9	21	7	19	8	21	15	15	3	16	7	9	9	14	4	6	1	12	3	6	15	26	16	10	6	13	16	
1442_A/Nanjing/1/2015|EPI 5	5	14	10	14	7	10	5	9	9	1	0	4	4	0	11	9	3	8	0	8	3	8	0	9	9	7	1	7	3	11	0	13	8	24	11	10	6	24	4	19	11	24	17	12	3	18	5	5	4	15	5	9	5	12	3	12	15	23	19	6	3	16	13	
1443_A/Northern_Pintail/H 8	4	12	6	9	7	12	9	12	10	1	0	5	3	0	10	12	3	8	0	7	5	8	0	7	10	10	1	8	2	8	1	11	9	28	11	7	8	19	6	20	11	23	19	14	2	11	6	10	8	14	5	6	3	11	1	6	15	25	17	12	3	14	16	
1444_A/oriental_magpie_ro 7	4	13	7	10	7	12	8	10	10	1	0	4	3	0	10	12	3	7	0	7	5	8	0	9	10	10	1	8	2	7	1	13	11	28	9	6	7	20	6	19	10	22	18	15	2	14	5	9	8	13	7	7	3	12	1	4	16	25	17	13	3	13	15	
1445_A/ostrich/Suzhou/097 6	4	13	8	12	8	11	7	6	9	1	0	6	3	0	10	10	5	7	0	8	2	7	0	10	9	10	1	9	3	8	1	14	8	25	11	8	8	24	6	17	12	19	17	15	1	20	4	7	7	13	7	9	6	13	0	9	13	23	19	6	4	17	13	
1446_A/parrot/Guangdong/2 12	6	11	4	8	5	14	11	4	14	0	0	8	4	1	10	9	2	9	0	4	6	5	0	8	9	7	1	9	2	11	0	12	5	28	11	13	8	21	5	16	11	24	13	15	2	11	8	2	6	16	6	10	4	10	4	9	17	34	20	11	3	7	9	
1447_A/parrot/Guangdong/C 8	4	12	8	10	8	12	7	6	10	1	0	6	4	0	10	10	4	7	0	8	2	7	0	11	10	9	1	7	3	11	0	14	9	23	13	8	7	23	6	17	10	20	18	14	1	18	6	7	7	13	7	8	4	13	0	11	15	24	18	6	4	16	13	
1448_A/Pavo_cristatus/Chi 7	4	13	6	9	7	12	9	12	10	1	0	3	3	0	10	12	4	8	0	7	4	8	0	6	10	10	1	9	2	8	1	12	11	30	9	7	9	17	7	19	10	25	15	14	2	10	8	8	7	15	5	8	2	11	1	6	14	25	18	12	4	15	15	
1449_A/Pavo_cristatus/Chi 7	4	13	6	9	7	12	9	12	10	1	0	3	3	0	10	12	4	8	0	7	4	8	0	6	10	10	1	9	2	8	1	12	11	30	9	7	9	17	7	19	10	25	15	14	2	10	8	8	7	15	5	8	2	11	1	6	14	25	18	12	4	15	15	
1450_A/Pavo_cristatus/Jia 8	4	11	7	9	7	13	8	10	12	1	0	4	2	0	10	11	3	9	1	8	5	6	0	8	9	9	1	9	3	8	1	13	10	30	11	6	6	19	5	19	13	19	20	15	1	15	4	9	8	13	5	7	4	12	1	5	14	25	17	12	3	14	15	
1451_A/peacock/Yunnan/1/2 5	4	14	10	14	8	10	5	8	9	1	0	5	5	0	11	10	3	7	0	7	3	9	0	9	9	7	1	6	3	11	0	13	8	24	11	10	6	24	4	20	11	24	17	12	3	17	5	5	5	16	5	9	5	11	3	12	14	23	20	7	3	16	11	
1452_A/peacock/Yunnan/3/2 5	5	14	10	14	7	10	5	8	9	1	0	6	4	0	11	10	4	7	0	7	2	8	0	9	8	7	1	6	3	11	0	13	8	24	11	11	7	24	4	20	11	23	17	12	4	18	4	5	5	16	5	9	5	11	3	12	14	23	20	7	3	16	11	
1453_A/Peregrine_Falcon/H 5	2	10	7	12	7	14	8	8	12	1	0	5	2	0	10	9	4	10	1	10	3	6	0	9	11	7	0	10	2	10	1	15	7	26	10	7	9	21	7	20	9	21	15	14	2	16	7	9	9	13	4	7	2	13	3	5	14	26	16	10	6	13	16	
1454_A/Phalacrocorax/Hube 7	4	12	7	10	8	12	8	9	10	1	0	5	2	0	10	9	5	10	1	9	5	6	0	9	8	8	1	9	3	9	1	12	8	29	11	9	7	19	6	18	13	22	16	15	2	14	6	9	7	13	6	7	2	12	1	5	15	25	16	12	4	14	15	
1455_A/Phalacrocorax/Hube 7	4	12	7	10	8	12	8	9	10	1	0	5	2	0	10	9	5	10	1	9	5	6	0	9	8	8	1	9	3	9	1	12	8	29	11	9	7	19	6	18	13	22	16	15	2	14	6	9	7	13	6	7	2	12	1	5	15	25	16	12	4	14	15	
1456_A/pheasant/Hebei/B02 6	2	10	7	11	8	14	8	8	11	1	0	5	2	0	10	9	4	9	1	10	3	7	0	9	11	7	0	10	2	10	1	15	7	26	9	7	9	21	8	19	10	21	15	14	2	16	7	9	9	14	4	7	1	12	3	5	15	27	16	10	6	12	16	
1457_A/pigeon/Fujian/1.17 7	4	11	6	10	7	13	9	12	9	1	0	4	3	0	10	12	3	9	0	7	5	7	0	6	10	9	2	9	2	9	1	11	10	29	10	7	8	19	6	20	11	23	17	15	2	12	5	8	8	14	5	7	3	11	1	5	16	24	16	11	4	15	17	
1458_A/pigeon/Guangdong/0 7	5	12	7	10	6	12	8	10	9	1	0	5	3	0	10	13	3	9	1	6	5	7	0	8	10	9	1	9	2	8	1	13	10	29	10	6	7	19	6	19	10	22	17	14	3	13	6	9	8	13	5	7	3	12	1	6	15	25	17	12	4	14	16	
1459_A/pigeon/Guangdong/0 6	4	11	7	11	7	13	8	11	9	1	0	4	3	0	10	13	3	8	1	7	5	8	0	6	10	10	1	10	2	7	1	13	10	30	9	7	7	18	7	18	12	22	18	15	2	13	6	9	8	13	6	7	3	13	1	5	15	23	17	12	3	15	14	
1460_A/pigeon/Guangdong/0 7	3	12	7	10	8	12	8	12	9	1	0	4	3	0	10	12	3	8	1	7	5	8	0	7	10	9	1	9	2	8	1	13	10	31	10	6	7	17	6	19	12	20	17	13	2	14	7	9	7	14	5	7	4	11	1	5	16	26	17	14	3	13	15	
1461_A/pigeon/Hainan/1.14 8	4	12	7	9	8	12	8	10	11	1	0	4	3	0	10	12	3	9	1	7	3	6	0	7	9	10	1	9	3	8	1	10	11	29	12	9	6	19	6	19	12	20	18	13	2	15	5	8	8	13	5	7	4	12	1	8	13	24	19	12	3	15	13	
1462_A/pigeon/Hubei/RP25/ 7	5	11	7	12	8	13	8	8	10	1	0	4	3	0	10	8	3	7	0	9	3	7	0	13	7	7	1	7	4	11	0	14	11	24	12	5	4	25	5	20	13	24	15	13	1	16	5	7	7	16	8	9	3	12	0	9	16	22	20	8	2	16	12	
1463_A/Pigeon/Hunan/04.14 8	4	11	6	9	6	13	9	10	10	1	0	5	3	0	10	10	3	8	0	8	4	8	0	10	9	7	1	8	3	11	1	14	8	29	9	7	8	19	6	22	10	22	14	12	4	15	6	8	9	13	5	8	3	12	2	5	14	27	18	11	5	13	14	
1464_A/pigeon/Jiangsu/12. 6	5	13	10	13	7	11	5	8	10	1	0	5	3	0	10	8	4	8	0	8	3	8	0	11	8	6	2	8	3	12	0	12	11	28	9	11	5	22	6	21	11	23	16	12	1	16	5	5	6	13	7	8	5	13	3	7	15	23	19	9	3	17	10	
1465_A/Pigeon/Jiangxi/02. 7	4	13	7	10	7	11	8	10	10	1	0	4	3	0	10	12	3	8	0	7	5	8	0	8	10	10	1	9	2	7	1	13	11	28	9	6	7	20	6	19	9	23	18	15	2	14	5	9	8	13	7	7	3	12	1	4	16	25	17	13	3	13	15	
1466_A/Pigeon/Jiangxi/04. 7	4	13	7	10	7	11	8	10	11	1	0	4	3	0	10	12	3	9	0	7	5	7	0	8	10	10	1	10	2	6	1	13	11	28	9	6	7	20	6	19	10	22	18	15	2	14	5	9	8	12	7	7	3	12	1	4	15	27	16	13	3	13	16	
1467_A/pigeon/Jiangxi/S40 7	3	9	7	10	7	15	8	8	11	1	0	7	2	0	10	9	4	8	1	10	3	8	0	9	10	8	0	8	2	10	1	16	8	28	10	6	9	19	7	21	9	21	15	14	1	16	7	8	8	15	4	7	2	11	3	5	15	26	18	10	6	13	14	
1468_A/pigeon/Jilin/04.25 7	4	13	7	10	7	11	8	11	9	1	0	5	3	0	10	12	3	8	1	7	5	8	0	8	10	9	1	8	2	8	1	13	10	28	11	7	6	18	6	20	9	21	19	15	3	15	4	9	9	14	6	7	3	12	1	5	15	24	16	11	4	15	15	
1469_A/pigeon/Jilin/04.25 6	5	13	9	13	7	11	6	7	10	1	0	6	3	0	10	7	4	8	0	10	2	8	0	9	10	7	2	9	2	11	0	11	11	28	9	12	5	21	6	21	11	24	16	12	1	16	5	5	6	13	7	8	5	14	2	7	15	22	19	9	3	17	11	
1470_A/pigeon/Jilin/S4176 7	4	13	9	13	9	11	6	9	9	1	0	5	4	0	10	7	3	7	0	9	4	9	0	7	9	6	2	10	2	11	0	11	11	28	10	12	4	23	5	20	11	23	15	13	1	17	6	5	6	13	7	9	4	13	1	5	15	20	20	11	3	19	11	
1471_A/Pigeon/Shandong/WS 5	2	11	7	12	7	13	8	8	12	1	0	6	2	0	10	10	4	11	1	10	3	5	0	7	10	6	0	10	3	11	1	15	8	27	10	7	8	19	7	21	9	21	14	13	2	16	8	9	8	13	5	7	1	15	3	5	18	26	17	10	4	12	14	
1472_A/pigeon/Sichuan/04. 8	4	11	6	9	7	13	9	11	9	1	0	4	3	0	10	10	3	7	1	8	4	9	0	9	9	7	1	9	3	11	0	14	8	28	8	7	8	20	7	20	10	23	16	12	4	16	4	9	9	14	5	7	3	11	2	7	15	27	18	11	3	12	14	
1473_A/pigeon/Sichuan/NCX 7	4	11	7	10	8	13	8	11	9	1	0	3	3	0	10	11	4	8	1	8	5	8	0	9	9	9	1	9	2	8	1	12	11	29	9	9	6	19	6	19	12	22	17	16	2	14	6	7	8	14	5	7	2	12	1	5	15	24	16	11	3	15	16	
1474_A/pigeon/Zhejiang/11 6	5	13	10	13	7	11	5	8	10	1	0	5	3	0	10	8	4	8	0	8	3	8	0	11	8	6	2	8	3	12	0	12	11	27	10	11	5	22	6	21	11	23	16	12	1	16	5	5	6	13	7	8	6	13	3	7	14	23	19	9	3	17	10	
1475_A/pigeon/Zhejiang/11 6	5	13	10	13	7	11	5	8	10	1	0	5	3	0	10	7	4	8	0	10	2	8	0	9	10	7	2	9	2	11	0	12	11	26	9	11	5	23	6	21	11	23	16	12	1	16	5	5	6	13	7	8	5	14	2	7	15	23	19	9	3	17	11	
1476_A/pigeon/Zhejiang/72 5	5	13	10	14	7	11	5	8	10	1	0	6	3	0	10	7	4	9	0	10	2	7	0	8	10	7	2	9	2	11	0	12	10	27	8	11	6	21	8	21	11	24	17	12	1	14	6	6	6	14	7	7	5	14	1	7	15	22	18	9	3	18	11	
1477_A/plateau_pika/Qingh 7	4	11	8	11	7	13	7	5	11	1	0	7	3	0	10	10	4	8	0	9	4	7	0	9	9	9	2	8	3	10	0	14	9	23	14	7	8	24	5	17	10	18	16	14	1	19	6	7	7	13	7	9	6	13	0	9	14	25	20	7	4	15	11	
1478_A/Quail/Guangxi/GX-2 8	3	11	5	10	8	13	10	11	9	1	0	5	3	0	10	11	4	7	1	7	4	8	0	7	10	10	1	7	2	9	1	12	10	29	10	7	7	20	6	21	11	24	17	14	2	12	5	8	7	13	6	8	3	10	1	5	16	25	15	12	3	14	18	
1479_A/quail/Jiangsu/k010 6	6	11	7	12	5	13	8	10	11	1	0	4	4	0	10	9	3	8	1	9	4	7	0	9	10	9	1	7	2	11	0	13	8	26	10	9	8	21	5	20	10	23	19	13	3	14	5	9	7	14	7	6	4	12	1	6	14	24	17	10	4	15	14	
1480_A/quail/Jiangxi/B9/2 5	4	11	7	11	6	13	8	11	9	1	0	3	3	0	10	10	5	9	1	9	3	7	0	11	10	6	1	10	2	10	1	13	8	26	11	8	7	19	7	17	11	21	14	13	3	17	7	10	8	14	6	7	4	12	1	8	16	26	12	10	3	13	19	
1481_A/quail/Nanchang/663 6	4	11	9	12	6	13	6	9	10	1	0	5	4	0	10	8	4	8	1	10	2	7	0	11	10	6	1	6	3	10	0	12	9	24	10	8	6	24	6	23	9	24	18	13	3	13	7	6	8	17	6	8	2	11	2	10	15	23	17	9	3	17	13	
1482_A/Quail/Zhanjiang/16 8	5	12	6	9	6	12	9	10	10	0	1	5	2	0	10	10	4	10	1	9	7	6	0	9	6	9	1	8	3	9	1	12	9	26	11	9	6	20	6	18	13	23	16	15	1	13	6	9	7	15	5	6	2	12	1	6	16	25	18	12	4	14	14	
1483_A/Quanzhou/2/2024|EP 9	4	13	7	8	9	11	8	9	11	1	0	7	2	0	10	11	3	10	0	8	3	6	0	9	9	10	1	6	2	7	2	10	12	30	12	10	5	19	5	20	10	22	14	14	3	15	8	7	7	14	5	8	3	10	1	7	15	23	21	12	2	16	11	
1484_A/Shandong/1/2009|EP 7	6	12	8	11	6	12	7	5	12	1	0	6	2	0	10	10	3	9	0	8	3	5	0	10	10	8	2	9	3	11	0	13	9	22	12	10	6	27	5	20	10	21	18	14	2	15	4	8	7	13	6	7	6	13	0	6	14	25	18	9	3	15	14	
1485_A/Shenzhen/1/2015|EP 8	4	13	7	9	7	11	8	10	10	1	0	4	3	0	10	12	3	9	0	7	6	7	0	9	9	11	1	8	2	6	1	12	11	28	9	6	7	20	6	19	10	22	18	15	2	13	6	10	8	13	7	7	3	12	1	4	17	25	17	13	2	13	15	
1486_A/Shenzhen/1/2016|EP 6	5	13	7	11	7	11	8	10	9	1	0	4	3	0	10	13	3	8	0	6	5	8	0	9	10	10	1	8	2	7	1	14	11	30	9	5	7	18	6	18	10	23	18	16	2	13	5	9	8	13	7	7	3	12	1	5	17	24	17	11	3	14	15	
1487_A/Shenzhen/TH001/201 8	4	13	7	9	7	11	8	10	10	1	0	4	3	0	10	12	3	9	0	7	6	7	0	9	9	11	1	8	2	6	1	12	11	28	9	6	7	20	6	19	10	22	18	15	2	13	6	10	8	13	7	7	3	12	1	4	17	25	17	13	2	13	15	
1488_A/Shenzhen/TH003/201 7	4	13	7	10	6	11	8	10	10	1	0	2	3	0	10	12	4	8	0	7	5	8	0	9	10	11	1	10	2	6	1	14	11	28	7	6	7	21	6	19	10	23	17	15	2	14	5	9	6	14	7	7	3	12	1	4	17	25	17	14	2	13	15	
1489_A/Shoveller/Ningxia/ 8	4	12	7	9	7	12	8	11	8	1	0	5	4	0	10	12	3	8	1	7	5	8	0	9	10	9	1	7	2	8	1	13	11	28	9	6	6	19	7	19	12	21	17	15	2	14	7	9	8	14	5	7	3	11	1	5	16	24	17	13	2	15	15	
1490_A/Sichuan/1/2006|EPI 6	6	13	8	12	6	11	7	7	11	1	0	5	3	0	10	11	3	8	0	7	3	6	0	10	10	7	1	8	3	12	0	14	9	22	12	8	6	26	5	19	11	21	19	13	2	16	4	8	7	14	6	8	5	13	0	7	14	25	18	9	4	14	14	
1491_A/Sichuan/2/2006|EPI 6	6	13	8	12	6	11	7	7	11	1	0	5	3	0	10	11	3	8	0	7	3	6	0	10	10	7	1	8	3	12	0	14	9	22	12	8	6	26	5	19	11	23	18	13	2	15	4	8	7	12	6	8	5	15	0	7	14	25	18	9	4	14	14	
1492_A/Sichuan/26221/2014 8	4	11	6	9	7	13	9	11	9	1	0	4	3	0	10	10	3	7	1	8	4	9	0	9	9	7	1	9	3	11	0	14	8	28	9	7	8	20	6	21	10	25	16	13	4	14	5	9	9	14	5	7	3	11	2	6	15	26	18	10	3	12	14	
1493_A/silkie_chicken/Don 7	3	12	7	10	8	12	8	10	9	1	0	4	3	0	10	12	3	8	1	7	5	8	0	9	10	9	1	9	2	8	1	12	10	29	10	8	7	19	6	18	11	22	18	15	2	13	6	9	8	13	5	7	3	12	1	5	16	25	16	12	3	14	16	
1494_A/Spatula_querquedul 8	2	10	7	9	8	15	8	8	11	0	0	5	2	1	10	9	4	9	1	10	3	6	0	9	12	6	0	10	1	11	2	16	6	33	8	7	9	13	9	17	12	20	16	15	2	17	5	8	8	14	5	8	2	13	2	5	16	26	17	10	5	13	14	
1495_A/Spoonbill/HK/17-18 6	4	11	7	11	5	13	8	9	10	1	0	5	3	0	10	8	4	10	1	10	5	6	0	7	9	8	0	12	3	9	1	15	6	28	11	8	9	21	6	19	12	18	16	13	2	17	7	8	10	12	6	7	1	13	1	5	14	26	17	12	4	13	15	
1496_A/spoonbill/Taiwan/D 6	4	11	7	11	5	13	8	9	11	1	0	5	2	0	10	10	4	11	1	9	5	5	0	8	9	8	0	10	3	9	1	15	6	27	11	8	9	21	7	19	11	19	16	13	3	16	7	8	10	11	6	7	1	14	1	5	14	26	18	12	4	13	14	
1497_A/spot_billed_duck/N 6	4	11	7	11	6	13	8	10	10	1	0	4	3	0	10	9	4	10	1	10	4	6	0	7	10	7	0	11	2	10	1	14	6	27	10	8	9	21	7	19	11	19	16	13	3	18	6	9	10	12	6	7	1	13	1	5	15	26	17	12	3	13	15	
1498_A/spot-billed_duck/N 6	4	11	7	11	6	13	8	8	10	1	0	6	3	0	10	9	4	10	1	10	5	6	0	7	7	8	0	11	4	9	1	14	6	27	10	8	9	21	7	19	12	20	16	13	3	17	6	9	10	12	5	7	1	13	2	5	14	25	17	12	3	14	15	
1499_A/Streptopelia_decao 6	4	11	7	11	7	13	8	11	9	1	0	3	3	0	10	10	4	9	1	9	4	7	0	10	9	7	1	9	3	10	1	12	8	26	11	8	7	20	7	18	11	21	14	11	3	17	7	11	8	14	5	7	3	12	1	8	16	26	14	11	3	13	17	
1500_A/Streptopelia_decao 6	5	13	10	13	7	11	5	8	10	1	0	5	3	0	10	7	4	8	0	10	2	8	0	9	10	6	2	9	2	12	0	12	11	28	9	11	5	21	6	21	11	23	16	12	1	16	5	5	6	13	7	8	5	14	2	7	15	23	19	9	3	17	11	
1501_A/Streptopelia_decao 7	3	12	7	10	8	12	8	10	9	1	0	4	3	0	10	12	3	9	1	7	5	7	0	9	10	9	1	9	2	8	1	13	10	29	10	7	7	19	6	18	11	21	17	15	2	14	7	9	8	13	5	7	3	12	1	4	16	26	16	13	3	13	16	
1502_A/swan_goose/Jilin/J 8	4	10	6	9	7	14	9	11	9	1	0	4	3	0	10	10	3	8	1	8	4	8	0	10	9	7	1	8	3	11	0	15	8	29	10	7	8	19	6	21	10	24	16	12	4	14	5	7	9	14	4	8	3	11	2	6	15	26	17	11	3	13	15	
1503_A/swan/China/ST/2016 6	4	11	7	11	6	13	8	9	10	1	0	5	3	0	10	9	3	10	1	10	5	6	0	7	10	8	0	11	2	9	1	14	6	26	10	8	9	22	7	19	11	22	15	13	3	16	6	9	10	12	6	7	1	13	1	5	15	26	15	12	3	14	16	
1504_A/swan/Hebei/B01/202 5	2	10	7	12	7	14	8	8	12	1	0	5	2	0	10	9	4	10	1	9	3	6	0	10	11	7	0	10	2	10	1	15	7	25	11	8	8	21	7	20	10	22	15	14	2	15	7	9	9	14	4	7	1	12	3	5	14	26	17	10	6	13	15	
1505_A/swan/Shandong/W376 5	4	11	8	12	6	14	7	9	10	1	0	7	3	0	10	9	4	9	0	9	4	7	0	7	11	8	0	10	1	9	2	13	7	28	10	8	9	22	6	19	9	21	15	13	4	16	7	9	8	12	6	8	1	11	1	8	16	28	14	9	3	13	17	
1506_A/swine/China/RZ/201 9	4	12	7	8	8	12	8	12	11	1	0	4	3	0	10	12	3	9	1	7	3	6	0	6	9	10	1	9	3	8	1	13	10	30	12	8	7	17	6	20	12	19	18	13	2	16	5	8	8	12	4	7	3	13	2	7	14	23	19	10	3	16	13	
1507_A/swine/Guangdong/1/ 7	4	12	7	10	7	12	8	10	9	0	0	5	3	1	10	12	3	8	1	7	5	8	0	9	10	9	1	8	2	8	1	13	10	29	10	7	7	19	6	18	11	22	17	15	2	13	7	9	8	13	5	8	2	12	1	5	16	25	16	12	3	14	16	
1508_A/swine/Guangdong/2/ 7	4	12	7	10	7	12	8	10	9	0	0	5	3	1	10	12	3	8	1	7	5	8	0	9	10	10	1	8	2	7	1	13	10	29	10	7	7	19	6	18	11	22	17	15	2	13	7	9	8	13	5	8	2	12	1	5	16	25	16	12	3	14	16	
1509_A/swine/Guangdong/G3 8	4	12	7	9	7	12	8	11	9	1	0	5	3	0	10	10	3	7	1	8	4	9	0	9	9	7	1	8	3	11	0	15	8	28	9	7	8	19	6	20	11	24	16	12	3	15	4	8	9	15	5	7	3	11	2	6	14	26	19	12	3	14	13	
1510_A/swine/Shandong/SD1 6	4	12	8	12	8	12	7	6	11	1	0	6	3	0	10	10	4	7	0	8	2	7	0	11	10	11	1	7	3	10	0	14	8	21	13	8	6	26	5	18	11	18	17	14	1	18	6	7	8	13	7	8	5	13	1	10	14	23	19	7	4	17	12	
1511_A/Syrrhaptes_paradox 7	5	12	7	10	6	12	8	11	9	1	0	5	3	0	10	13	3	8	1	6	5	8	0	8	10	9	1	8	2	8	1	13	10	29	9	6	7	19	7	19	10	23	17	14	3	12	6	9	8	13	5	7	3	12	1	6	15	25	16	12	4	14	17	
1512_A/Taiwan/DV413/2006| 13	5	14	7	8	6	8	8	7	13	1	0	9	1	0	10	11	6	10	0	9	5	6	0	7	10	10	0	5	1	7	1	18	11	29	12	7	5	19	4	19	13	18	12	15	1	20	10	6	9	12	8	6	1	12	2	7	13	21	18	8	2	15	13	
1513_A/Taiwan/DV518/2006| 13	5	14	7	8	6	8	8	7	13	1	0	9	1	0	10	11	6	10	0	9	5	6	0	7	10	10	0	5	1	7	1	18	11	29	12	7	5	18	4	19	13	18	12	15	1	20	10	6	9	12	9	6	1	13	2	7	13	21	17	8	2	15	13	
1514_A/thrush/Taiwan/1512 7	5	12	7	10	6	12	8	11	12	1	0	4	1	0	10	11	3	8	0	9	4	8	0	9	9	8	0	7	3	9	2	12	10	28	9	10	6	19	8	20	11	24	16	12	2	14	6	7	8	12	4	7	3	14	2	5	17	21	15	13	3	17	17	
1515_A/tiger/Yunnan/tig14 8	4	11	7	9	8	13	8	9	9	1	0	5	3	0	10	11	4	9	1	8	5	7	0	9	9	9	1	9	2	8	1	12	9	28	10	9	7	19	6	18	13	21	17	15	1	15	6	9	9	14	6	8	2	12	1	4	15	24	16	12	2	15	15	
1516_A/tiger/Yunnan/tig14 6	4	11	9	12	7	13	6	11	10	1	0	5	4	0	10	8	4	8	1	11	2	8	0	8	10	6	1	6	3	10	0	12	9	24	10	8	7	20	7	22	7	23	18	13	4	13	8	7	7	17	7	7	1	13	1	11	16	23	18	9	3	17	12	
1517_A/tiger/Yunnan/tig15 5	5	14	10	14	7	10	5	9	10	1	0	6	4	0	11	9	3	8	0	8	3	8	0	9	8	7	1	6	4	11	0	13	8	26	11	10	6	23	4	20	11	23	17	13	3	17	5	5	5	13	6	9	5	13	3	12	14	23	18	7	3	16	12	
1518_A/tundra_swan/Fujian 6	2	9	7	11	8	15	8	7	11	0	0	6	2	1	10	9	4	10	1	10	3	6	0	9	12	6	0	10	1	11	2	16	6	29	10	7	10	18	7	19	10	21	15	14	2	16	6	8	9	14	4	7	2	12	3	5	15	26	16	10	5	13	16	
1519_A/tundra_swan/Hubei/ 6	2	10	7	11	8	14	8	8	11	1	0	5	2	0	10	9	4	10	1	10	3	6	0	9	11	7	0	10	2	10	1	15	7	27	10	7	8	21	7	19	11	21	15	14	2	15	7	10	9	14	4	6	1	12	3	4	15	26	16	11	6	13	16	
1520_A/tundra_swan/Hubei/ 5	2	10	7	12	7	14	8	8	12	1	0	5	2	0	10	9	4	10	1	10	3	6	0	9	11	7	0	10	2	10	1	15	7	26	10	7	9	21	7	20	9	21	15	14	2	16	7	9	9	15	4	7	1	11	3	4	15	25	16	11	6	14	16	
1521_A/tundra_swan/Hubei/ 5	3	10	7	12	7	14	8	8	12	1	0	5	2	0	10	9	3	10	1	10	3	6	0	9	11	7	0	10	2	10	1	15	8	26	10	7	9	21	7	20	8	21	15	13	2	16	7	9	9	14	4	7	1	12	3	4	15	26	16	12	6	13	16	
1522_A/tundra_swan/Hubei/ 5	2	10	7	12	7	14	8	8	12	1	0	5	2	0	10	9	4	10	1	10	3	6	0	9	11	7	0	10	2	10	1	15	7	26	10	7	9	21	7	20	9	21	15	13	2	16	7	9	9	14	4	7	1	12	3	4	15	26	16	12	6	13	16	
1523_A/tundra_swan/Hubei/ 5	2	10	7	12	7	14	8	8	12	1	0	5	2	0	10	9	4	10	1	10	3	6	0	9	11	7	0	10	2	10	1	15	7	27	10	7	9	21	7	20	9	21	15	13	2	16	7	9	9	13	4	7	1	12	3	4	15	26	16	12	6	13	16	
1524_A/tundra_swan/Hubei/ 5	2	10	7	12	7	14	8	8	12	1	0	5	2	0	10	9	4	10	1	10	3	6	0	9	11	7	0	10	2	10	1	15	8	25	10	7	8	22	7	20	9	21	15	14	2	16	7	9	9	14	4	7	1	12	3	4	15	27	16	11	6	12	16	
1525_A/turkey/Changhua/16 7	5	11	7	10	6	13	8	11	12	1	0	3	1	0	10	11	3	9	0	9	4	7	0	8	9	9	1	9	3	7	1	13	10	26	10	9	6	21	7	20	11	25	15	14	2	14	6	7	9	12	4	7	3	14	2	6	16	21	15	12	2	17	17	
1526_A/turkey/Chiayi/1702 7	5	12	6	10	6	12	9	10	12	1	0	5	1	0	10	11	3	9	0	9	4	7	0	9	9	8	0	7	3	8	2	12	10	28	7	10	7	19	9	21	10	24	16	14	2	13	6	7	7	11	5	7	3	16	1	6	16	21	15	12	4	17	17	
1527_A/turkey/Chiayi/1801 5	5	12	6	12	4	12	9	12	15	1	0	3	1	0	10	10	2	9	0	10	4	7	0	8	10	8	0	8	2	7	3	12	10	27	8	8	7	20	9	21	10	24	13	13	2	13	9	8	8	12	4	7	3	14	1	7	15	23	16	13	3	16	17	
1528_A/turkey/Yunlin/1506 7	5	12	7	10	6	12	8	11	12	1	0	3	1	0	10	11	3	10	0	9	4	6	0	9	9	8	0	8	3	8	2	12	10	27	8	10	6	20	9	20	11	24	16	13	2	14	6	6	8	12	4	8	3	14	2	5	17	21	15	13	3	17	17	
1529_A/turkey/Yunlin/1802 5	5	12	6	12	4	12	9	12	15	1	0	3	1	0	10	10	2	9	0	10	4	7	0	8	10	8	0	8	2	7	3	12	10	27	8	8	7	20	9	21	10	24	13	13	2	12	9	8	8	12	4	7	3	14	1	7	15	23	16	13	3	17	17	
1530_A/turkey/Yunlin/1811 5	5	12	7	12	4	12	8	11	13	1	0	4	2	0	10	10	1	9	0	10	4	7	0	8	12	8	0	8	2	8	2	11	10	26	7	8	7	21	8	21	10	23	15	14	2	14	8	8	8	12	5	8	3	14	1	7	15	22	15	12	3	17	18	
1531_A/turkey/Yunlin/1812 5	5	12	7	12	4	12	8	9	14	1	0	5	2	0	10	10	1	8	0	10	4	8	0	9	11	8	0	8	2	8	1	12	9	26	8	7	8	22	7	21	10	24	13	13	2	13	11	8	9	12	4	8	3	14	1	8	15	22	14	12	2	17	19	
1532_A/turtle_dove/Guangd 7	7	12	8	11	6	11	7	7	11	1	0	5	2	0	10	10	3	9	0	8	3	7	0	10	10	7	1	8	3	11	0	14	10	21	13	8	6	26	5	19	10	22	18	14	1	17	3	8	7	14	6	8	5	13	0	8	14	25	17	8	4	14	15	
1533_A/turtle_dove/Hunan/ 6	5	14	9	14	7	10	6	8	9	1	0	6	4	0	11	9	4	8	0	7	3	8	0	9	10	7	1	6	1	10	1	13	8	24	12	10	6	25	3	20	11	23	16	12	2	17	6	4	5	14	5	10	5	12	3	12	14	21	20	7	3	20	11	
1534_A/Waterfowl/Hubei/Ch 7	4	11	6	10	7	13	9	11	9	1	0	4	3	0	10	10	3	7	1	8	4	9	0	10	9	8	1	8	3	10	0	15	8	30	10	7	8	18	6	21	10	24	16	12	4	14	5	7	9	14	4	8	3	11	2	6	15	26	18	11	3	13	14	
1535_A/Waterfowl/Hubei/Ch 7	4	11	6	10	7	13	9	12	9	1	0	4	3	0	10	10	3	7	1	8	4	9	0	9	9	8	1	8	3	10	0	15	8	30	10	7	8	18	6	21	10	24	16	12	4	14	5	7	9	14	4	8	3	11	2	6	15	26	18	11	3	13	14	
1536_A/whiskered_tern/Hub 5	3	10	7	12	6	14	8	8	12	1	0	5	2	0	10	9	4	10	1	10	3	6	0	9	11	7	0	10	2	10	1	15	8	26	10	7	9	21	7	20	8	21	15	13	2	16	7	9	9	14	4	7	1	12	3	4	15	26	16	12	6	13	16	
1537_A/white_naped_crane/ 7	4	13	6	9	7	12	9	12	10	1	0	3	3	0	10	12	4	8	0	7	4	8	0	6	10	10	1	9	2	8	1	12	11	30	9	7	9	17	7	19	10	25	15	14	2	11	7	8	7	15	5	8	2	11	1	7	13	25	18	12	4	15	15	
1538_A/White-eyed_Pochard 8	4	12	7	9	7	12	8	11	8	1	0	5	4	0	10	12	3	8	1	7	5	8	0	9	10	9	1	7	2	8	1	12	11	28	9	6	6	19	7	19	12	21	17	15	2	14	7	10	8	14	5	7	3	11	1	5	16	24	17	13	2	15	15	
1539_A/whooper_swan/Henan 6	2	10	7	11	8	15	8	8	11	0	0	5	2	1	10	9	4	10	1	10	3	6	0	9	12	6	0	10	1	11	2	15	7	30	10	7	9	16	7	19	10	20	15	14	2	17	6	8	9	13	4	8	1	13	3	5	16	26	16	10	5	13	16	
1540_A/whooper_swan/Henan 6	2	10	7	11	8	15	8	8	11	0	0	5	2	1	10	9	4	10	1	10	3	6	0	9	12	6	0	10	1	11	2	15	7	30	10	7	9	16	7	19	10	20	16	14	2	17	5	8	9	13	4	8	1	13	4	5	16	26	16	10	5	13	15	
1541_A/whooper_swan/Henan 6	2	10	7	11	8	15	8	8	11	0	0	5	2	1	10	9	4	10	1	10	3	6	0	9	12	6	0	10	1	11	2	15	7	30	10	7	9	16	7	19	10	20	16	14	2	17	5	8	9	13	4	8	1	13	4	5	16	26	16	10	5	13	15	
1542_A/whooper_swan/Henan 6	2	10	7	11	8	15	8	8	11	0	0	5	2	1	10	9	4	10	1	10	3	6	0	9	12	6	0	10	1	11	2	15	7	30	10	7	9	16	7	19	10	20	16	14	2	17	5	8	9	13	4	8	1	13	4	5	16	26	16	10	5	13	15	
1543_A/whooper_swan/Henan 6	2	10	7	11	8	15	8	8	11	0	0	5	2	1	10	9	4	10	1	10	3	6	0	9	12	6	0	10	1	11	2	15	7	30	10	7	9	16	7	19	10	20	16	14	2	17	5	8	9	13	4	8	1	13	3	5	16	26	16	10	5	13	16	
1544_A/whooper_swan/Henan 6	2	10	7	11	8	15	8	8	11	0	0	5	2	1	10	9	4	10	1	10	3	6	0	9	12	6	0	10	1	11	2	15	7	30	10	7	9	16	7	19	10	20	16	14	2	17	5	8	9	13	4	8	1	13	3	5	16	26	16	10	5	13	16	
1545_A/whooper_swan/Henan 5	2	10	7	12	7	14	8	8	12	1	0	5	2	0	10	9	4	10	1	10	3	6	0	9	11	7	0	10	2	10	1	15	7	26	10	7	9	21	7	20	9	21	15	14	2	16	7	9	9	14	4	7	1	12	3	4	15	26	16	11	6	13	16	
1546_A/whooper_swan/Henan 5	2	10	7	12	7	14	8	8	12	1	0	5	2	0	10	9	3	10	1	10	4	6	0	9	11	7	0	10	2	10	1	15	7	26	10	7	9	21	7	21	9	22	15	14	2	15	7	9	9	14	4	7	1	12	3	3	15	26	16	11	6	13	16	
1547_A/whooper_swan/Henan 5	2	10	7	12	7	14	8	8	12	1	0	5	2	0	10	9	3	10	1	10	4	6	0	9	11	7	0	10	2	10	1	15	7	26	10	7	9	21	7	21	9	22	15	13	2	16	7	9	9	14	4	7	1	12	3	3	15	26	16	11	6	13	16	
1548_A/whooper_swan/Henan 5	2	10	7	12	7	14	8	9	12	1	0	4	2	0	10	9	4	10	1	10	3	6	0	8	11	7	0	11	2	10	1	15	7	26	10	7	9	21	7	20	9	21	15	13	2	16	7	9	9	14	4	7	1	12	3	4	15	26	16	12	6	13	16	
1549_A/whooper_swan/Henan 5	2	10	7	12	7	14	8	8	12	1	0	5	2	0	10	9	4	10	1	10	3	6	0	9	11	7	0	10	2	10	1	15	7	26	10	7	9	21	7	20	9	21	15	13	2	16	7	9	9	14	4	7	1	12	3	4	15	26	16	12	6	13	16	
1550_A/whooper_swan/Henan 5	2	10	7	12	7	14	8	9	12	1	0	4	2	0	10	9	4	10	1	9	3	6	0	9	11	7	0	10	2	10	1	15	7	26	10	8	9	21	7	20	9	21	15	14	2	16	7	9	9	14	4	7	1	12	3	4	15	26	16	11	6	13	16	
1551_A/whooper_swan/Henan 5	2	10	7	12	7	14	8	8	12	1	0	5	2	0	10	9	4	10	1	10	3	6	0	9	11	7	0	10	2	10	1	15	7	26	10	7	9	21	7	20	9	21	15	13	2	16	7	9	9	14	4	7	1	12	3	4	15	26	16	12	6	13	16	
1552_A/whooper_swan/Henan 5	3	10	7	12	6	14	8	8	12	1	0	5	2	0	10	9	4	10	1	10	3	6	0	9	11	7	0	10	2	10	1	15	7	26	10	7	9	21	7	20	9	21	15	14	2	16	7	9	9	14	4	7	1	12	3	4	15	26	16	11	6	13	16	
1553_A/whooper_swan/Henan 5	2	10	7	12	7	14	8	8	12	1	0	5	2	0	10	9	4	10	1	10	3	6	0	9	11	7	0	10	2	10	1	15	7	26	10	7	9	21	7	20	9	21	15	14	2	16	7	9	9	14	4	7	1	12	3	5	15	26	16	10	6	13	16	
1554_A/whooper_swan/Henan 5	2	10	7	12	7	14	8	8	12	1	0	5	2	0	10	9	4	9	1	10	3	7	0	9	11	7	0	10	2	10	1	15	7	26	10	7	9	21	7	21	9	21	15	13	2	16	7	9	9	14	4	7	1	12	3	3	15	26	16	12	6	13	16	
1555_A/whooper_swan/Henan 5	2	10	7	12	7	14	8	8	12	1	0	5	2	0	10	9	4	9	1	10	3	7	0	9	11	7	0	10	2	10	1	15	7	26	10	7	9	21	7	21	9	21	15	14	2	16	7	9	9	14	4	7	1	12	3	3	15	26	16	11	6	13	16	
1556_A/whooper_swan/Henan 6	5	14	10	13	7	10	5	9	10	1	0	5	3	0	10	8	4	8	0	9	2	8	0	8	10	7	2	9	2	11	0	12	12	27	9	12	5	22	7	20	10	24	16	12	1	16	4	5	5	13	7	7	5	13	2	9	16	23	18	8	3	17	12	
1557_A/whooper_swan/Henan 6	5	14	10	13	7	10	5	9	10	1	0	5	3	0	10	8	4	8	0	9	2	8	0	8	10	7	2	9	2	11	0	12	12	26	9	12	5	22	7	20	10	24	16	12	1	16	4	5	6	14	7	7	5	13	2	9	15	23	18	8	3	17	12	
1558_A/whooper_swan/Henan 6	5	14	10	13	7	10	5	9	10	1	0	5	3	0	10	8	4	8	0	9	2	8	0	8	10	7	2	9	2	11	0	12	12	27	9	12	5	22	7	20	10	24	17	12	1	16	3	5	6	13	7	7	5	13	2	9	15	23	18	8	3	17	12	
1559_A/whooper_swan/Henan 6	5	14	10	13	7	10	5	9	10	1	0	5	3	0	10	8	4	8	0	9	2	8	0	8	10	7	2	9	2	11	0	12	12	26	9	12	5	22	7	20	10	24	16	12	1	16	4	5	6	14	7	7	5	13	2	9	15	23	18	8	3	17	12	
1560_A/whooper_swan/Henan 9	6	10	7	10	6	14	8	2	12	1	0	5	2	0	10	12	4	8	0	8	4	6	0	12	9	13	2	8	3	6	0	15	12	28	12	7	3	23	6	16	11	16	10	14	1	18	10	7	7	14	7	9	5	12	3	7	16	25	19	10	1	14	10	
1561_A/whooper_swan/Henan 9	6	10	7	10	6	14	8	2	12	1	0	5	2	0	10	12	4	8	0	8	4	6	0	12	9	13	2	8	3	6	0	15	12	28	12	7	3	23	6	16	11	16	10	14	1	18	10	7	7	14	7	9	5	12	3	7	16	25	19	10	1	14	10	
1562_A/whooper_swan/Henan 9	6	10	7	10	6	14	8	2	12	1	0	5	2	0	10	12	4	8	0	8	4	6	0	12	9	13	2	8	3	6	0	15	12	28	12	7	3	23	6	16	11	16	10	14	1	18	10	7	7	14	7	9	5	12	3	7	16	25	19	10	1	14	10	
1563_A/whooper_swan/Henan 9	6	10	7	10	6	14	8	2	12	1	0	5	2	0	10	12	4	8	0	8	4	6	0	12	9	13	2	8	3	6	0	15	12	28	12	7	3	23	6	16	11	16	10	14	1	18	10	7	7	14	7	9	5	12	3	7	16	25	19	10	1	14	10	
1564_A/whooper_swan/Henan 9	6	10	7	10	6	14	8	2	12	1	0	5	2	0	10	12	4	8	0	8	4	6	0	12	9	13	2	8	3	6	0	15	12	28	12	7	3	23	6	16	11	16	10	14	1	18	10	7	7	14	7	9	5	12	3	7	16	25	19	10	1	14	10	
1565_A/whooper_swan/Henan 9	6	10	7	10	6	14	8	2	12	1	0	5	2	0	10	12	4	8	0	8	4	6	0	12	9	13	2	8	3	6	0	15	12	28	12	7	3	23	6	16	11	16	10	14	1	18	10	7	7	14	7	9	5	12	3	7	16	25	19	10	1	14	10	
1566_A/whooper_swan/Inner 5	2	10	7	12	7	14	8	8	12	1	0	5	2	0	10	9	4	10	1	10	3	6	0	9	11	8	0	10	2	9	1	15	6	26	10	7	10	21	7	20	9	21	15	13	2	16	7	9	9	14	4	7	1	12	3	4	15	25	16	13	5	14	16	
1567_A/Whooper_Swan/Sanme 6	4	11	7	11	6	13	8	9	10	1	0	5	3	0	10	9	3	10	1	10	5	6	0	7	10	8	0	11	2	9	1	14	6	26	10	8	9	22	7	19	11	22	15	13	3	16	6	9	10	12	6	7	1	13	1	5	16	26	15	12	2	14	16	
1568_A/Whooper_swan/Sanme 6	2	10	7	11	8	14	8	8	11	1	0	5	2	0	10	9	4	9	1	10	3	7	0	9	11	7	0	10	2	10	1	15	6	27	10	7	9	21	7	20	9	21	15	14	2	16	7	9	9	14	4	7	1	12	3	5	15	26	16	10	6	13	16	
1569_A/Whooper_swan/Sanme 6	2	10	7	11	8	14	8	8	11	1	0	5	2	0	10	9	4	10	1	10	3	6	0	9	10	7	0	10	3	10	1	15	7	27	10	7	9	19	7	19	10	21	15	14	2	17	7	9	9	13	4	7	1	13	3	5	16	27	16	10	5	12	16	
1570_A/Whooper_swan/Sanme 5	2	10	7	12	7	14	8	8	12	1	0	5	2	0	10	9	4	9	1	10	3	7	0	9	11	7	0	10	2	10	1	15	7	26	10	7	9	21	7	21	9	21	15	14	2	16	7	9	9	14	4	7	1	12	3	4	15	26	16	10	6	13	16	
1571_A/Whooper_swan/Sanme 6	2	10	7	11	8	14	8	8	11	1	0	5	2	0	10	9	4	10	1	10	3	6	0	9	10	7	0	10	3	10	1	15	7	27	10	7	9	19	7	19	10	21	15	14	2	17	7	9	9	13	4	7	1	13	3	5	16	27	16	10	5	12	16	
1572_A/Whooper_swan/Sanme 5	2	10	7	12	7	14	8	8	12	1	0	5	2	0	10	9	4	10	1	10	3	6	0	9	11	7	0	10	2	10	1	15	7	26	10	7	9	21	7	20	9	21	15	14	2	16	7	9	9	14	4	7	1	12	3	5	15	26	16	10	6	13	16	
1573_A/Whooper_swan/Sanme 6	2	10	7	11	8	14	8	8	11	1	0	5	2	0	10	9	4	9	1	10	3	7	0	9	11	7	0	10	2	10	1	15	7	26	10	7	9	21	7	20	9	21	15	14	2	16	7	9	9	14	4	7	1	12	3	5	15	26	16	10	6	13	16	
1574_A/Whooper_swan/Sanme 5	2	10	7	12	7	14	8	8	12	1	0	5	2	0	10	9	4	10	1	10	3	6	0	9	11	7	0	10	2	10	1	15	7	26	10	7	9	21	7	19	9	21	15	15	2	16	7	9	9	14	4	7	1	12	3	5	15	26	16	10	6	13	16	
1575_A/Whooper_swan/Sanme 5	2	10	7	12	7	14	8	8	12	1	0	5	2	0	10	9	4	10	1	10	3	6	0	9	11	7	0	10	2	10	1	15	7	26	10	7	9	21	7	20	9	21	15	14	2	16	7	9	9	14	4	7	1	12	3	5	15	26	16	10	6	13	16	
1576_A/Whooper_swan/Sanme 5	2	10	7	12	7	14	8	9	11	1	0	5	2	0	10	9	4	10	1	10	3	6	0	9	11	7	0	10	2	10	1	15	7	26	10	7	9	21	7	20	9	21	15	14	2	16	7	9	9	14	4	7	1	12	3	5	15	26	16	10	6	13	16	
1577_A/Whooper_swan/Sanme 6	2	10	7	11	8	14	8	8	11	1	0	5	2	0	10	9	4	9	1	10	3	7	0	9	11	7	0	10	2	10	1	15	7	26	10	7	9	21	7	20	9	21	15	14	2	16	7	9	9	14	4	7	1	12	3	5	15	26	17	10	6	13	15	
1578_A/Whooper_swan/Sanme 5	2	10	7	12	7	14	8	8	12	1	0	5	2	0	10	9	4	9	1	10	3	7	0	9	11	7	0	10	2	10	1	15	7	26	10	7	9	21	7	21	9	21	15	14	2	16	7	9	9	14	4	7	1	12	3	4	15	26	16	10	6	13	16	
1579_A/Whooper_swan/Sanme 6	2	10	7	11	8	14	8	8	11	1	0	5	2	0	10	9	4	9	1	10	3	7	0	9	11	7	0	10	2	10	1	15	6	27	10	7	9	21	7	20	9	21	15	14	2	16	7	9	9	14	4	7	1	12	3	5	15	26	16	10	6	13	16	
1580_A/Whooper_swan/Sanme 5	2	10	7	12	7	14	8	8	12	1	0	5	2	0	10	9	4	10	1	10	4	6	0	9	10	7	0	10	2	10	1	15	7	26	10	7	9	21	7	20	9	21	15	14	2	16	7	9	9	14	4	7	1	12	3	5	15	26	16	10	6	13	16	
1581_A/Whooper_swan/Sanme 5	2	11	7	12	7	13	8	8	12	1	0	5	2	0	10	9	4	10	1	10	3	5	0	9	11	7	0	10	2	10	1	15	7	26	10	7	9	22	7	20	9	21	15	14	2	16	7	9	9	14	4	7	1	12	3	5	15	26	16	10	6	13	16	
1582_A/Whooper_swan/Sanme 5	2	10	7	12	7	14	8	8	12	1	0	5	2	0	10	9	4	10	1	10	3	6	0	9	11	7	0	10	2	10	1	15	7	26	10	7	9	21	7	20	9	21	15	14	2	16	7	9	9	14	4	7	1	12	3	5	15	26	16	10	6	13	16	
1583_A/Whooper_swan/Sanme 5	2	10	7	12	7	14	8	8	12	1	0	5	2	0	10	9	3	10	1	10	4	6	0	9	11	7	0	10	2	10	1	15	7	26	10	7	9	21	7	21	9	22	15	14	2	15	7	9	9	14	4	7	1	12	3	4	15	26	16	10	6	13	16	
1584_A/Whooper_swan/Sanme 5	2	10	7	12	7	14	8	8	12	1	0	5	2	0	10	9	4	10	1	10	4	6	0	9	10	7	0	10	2	10	1	15	7	26	10	7	9	21	7	20	9	21	15	14	2	16	7	9	9	14	4	7	1	12	3	5	15	26	16	10	6	13	16	
1585_A/Whooper_swan/Sanme 5	2	10	7	12	7	14	8	8	12	1	0	5	2	0	10	9	3	10	1	10	4	6	0	9	11	7	0	10	2	10	1	15	7	26	10	7	9	21	7	21	9	22	15	14	2	15	7	9	9	14	4	7	1	12	3	4	15	26	16	10	6	13	16	
1586_A/Whooper_swan/Sanme 5	2	10	7	12	7	14	8	8	12	1	0	5	2	0	10	9	4	10	1	10	3	6	0	9	11	7	0	10	2	10	1	15	7	27	10	7	9	21	7	20	9	21	15	14	2	15	7	9	9	14	4	7	1	12	3	5	15	26	16	10	6	13	16	
1587_A/Whooper_swan/Sanme 5	2	10	7	12	7	14	8	8	12	1	0	5	2	0	10	9	3	10	1	10	4	6	0	9	11	7	0	10	2	10	1	15	7	26	10	7	9	21	7	21	9	22	15	14	2	15	7	9	9	14	4	7	1	12	3	4	15	26	16	10	6	13	16	
1588_A/Whooper_swan/Sanme 5	2	10	7	12	7	14	8	8	12	1	0	5	2	0	10	9	4	9	1	10	3	7	0	9	11	7	0	10	2	10	1	15	7	26	10	7	9	21	7	21	9	21	15	14	2	16	7	9	9	14	4	7	1	12	3	4	15	26	16	10	6	13	16	
1589_A/Whooper_swan/Sanme 6	2	10	7	11	8	14	8	8	11	1	0	5	2	0	10	9	4	10	1	10	3	6	0	9	11	7	0	10	2	10	1	15	7	26	10	7	9	20	7	19	10	20	15	14	2	17	7	9	9	15	4	7	1	12	3	5	15	26	16	10	6	13	16	
1590_A/Whooper_swan/Sanme 5	2	10	7	12	7	14	8	8	12	1	0	5	2	0	10	9	4	10	1	10	3	6	0	9	11	7	0	10	2	10	1	15	7	26	10	7	9	21	7	20	9	21	15	14	2	16	7	9	9	14	4	7	1	12	3	5	15	26	16	10	6	13	16	
1591_A/whooper_swan/Shaan 5	2	10	7	12	7	14	8	8	12	1	0	5	2	0	10	9	4	9	1	10	3	7	0	9	11	7	0	10	2	10	1	15	7	26	10	7	9	21	7	21	9	21	15	14	2	16	7	9	9	14	4	7	1	12	3	3	15	26	16	11	6	13	16	
1592_A/whooper_swan/Shaan 5	2	10	7	12	7	14	8	8	12	1	0	5	2	0	10	9	4	10	1	10	3	6	0	9	11	7	0	10	2	10	1	15	7	26	10	7	9	21	7	20	9	21	15	14	2	16	7	9	9	14	4	7	1	12	3	4	15	26	16	11	6	13	16	
1593_A/whooper_swan/Shaan 5	2	10	7	12	7	14	8	8	12	1	0	5	2	0	10	9	4	10	1	10	3	6	0	9	11	7	0	10	2	10	1	15	7	26	10	7	9	21	7	20	9	21	15	14	2	16	7	9	9	14	4	7	1	12	3	4	15	26	16	11	6	13	16	
1594_A/whooper_swan/Shand 6	2	10	7	11	8	14	8	9	11	1	0	4	2	0	10	9	4	9	1	10	3	7	0	9	11	7	0	10	2	10	1	15	6	26	11	7	9	21	7	20	9	21	15	14	2	16	7	9	8	14	4	7	1	12	3	5	15	26	16	10	7	13	16	
1595_A/whooper_swan/Shand 6	2	10	7	11	8	14	8	9	11	1	0	4	2	0	10	9	4	9	1	10	3	7	0	9	11	7	0	10	2	10	1	15	7	26	10	7	9	21	7	20	9	21	15	14	2	16	7	9	8	14	4	7	1	12	3	5	15	26	16	10	7	13	16	
1596_A/whooper_swan/Shand 6	2	10	7	11	8	14	8	8	11	1	0	5	2	0	10	9	4	9	1	10	3	7	0	9	11	7	0	10	2	10	1	15	7	26	10	7	9	21	7	20	9	21	15	14	2	16	7	9	8	14	4	7	1	12	3	5	15	26	16	10	7	13	16	
1597_A/whooper_swan/Shand 5	4	11	8	12	6	14	7	9	10	1	0	7	3	0	10	9	4	9	0	9	4	7	0	7	11	8	0	10	1	9	2	13	7	28	10	8	9	22	6	19	9	21	15	13	4	16	7	9	8	12	6	8	1	11	1	7	16	28	14	10	3	13	17	
1598_A/whooper_swan/Shand 6	2	10	7	11	8	14	8	8	11	1	0	5	2	0	10	9	4	9	1	10	3	7	0	9	11	7	0	10	2	10	1	15	7	26	10	7	9	21	7	20	9	20	16	14	2	16	7	9	8	14	4	7	1	12	3	5	15	26	16	10	7	13	16	
1599_A/whooper_swan/Shand 6	2	10	7	11	8	14	8	8	11	1	0	5	2	0	10	9	4	9	1	10	3	7	0	9	11	7	0	10	2	10	1	15	6	26	10	7	10	21	7	20	9	21	15	14	2	16	7	9	8	14	4	7	1	12	3	5	15	26	16	10	7	13	16	
1600_A/whooper_swan/Shand 6	2	10	7	11	8	14	8	8	11	1	0	5	2	0	10	9	4	9	1	10	3	7	0	9	11	7	0	10	2	10	1	15	7	26	10	7	9	21	7	20	9	20	15	14	2	17	7	9	8	14	4	7	1	12	3	5	15	26	16	10	7	13	16	
1601_A/whooper_swan/Shanx 5	2	10	7	12	7	14	8	8	12	1	0	5	2	0	10	9	4	10	1	10	4	6	0	9	10	7	0	10	2	10	1	15	7	26	10	7	9	21	7	20	9	21	15	14	2	16	7	9	9	14	4	7	1	12	3	5	15	26	16	10	6	13	16	
1602_A/whooper_swan/Shanx 5	2	10	7	12	7	14	8	8	12	1	0	5	2	0	10	9	4	10	1	10	4	6	0	9	10	7	0	10	2	10	1	15	7	26	10	7	9	21	7	20	9	21	15	14	2	16	7	9	9	14	4	7	1	12	3	5	15	26	16	10	6	13	16	
1603_A/whooper_swan/Shanx 6	2	10	7	11	8	15	8	8	11	0	0	5	2	1	10	9	4	10	1	10	3	6	0	9	12	6	0	10	1	11	2	15	7	30	10	7	9	16	7	19	10	20	16	14	2	17	5	8	9	13	4	8	1	13	4	5	16	26	16	10	5	13	15	
1604_A/whooper_swan/Shanx 6	2	10	7	11	8	15	8	8	11	0	0	5	2	1	10	9	4	10	1	10	3	6	0	9	12	6	0	10	1	11	2	15	7	30	10	7	9	16	7	19	10	20	16	14	2	17	5	8	9	13	4	8	1	13	4	5	16	26	16	10	5	13	15	
1605_A/whooper_swan/Shanx 6	4	11	7	11	6	13	8	9	10	1	0	5	3	0	10	9	3	10	1	10	5	6	0	7	10	8	0	11	2	9	1	14	6	27	9	9	9	22	7	18	11	22	15	13	3	15	6	9	10	12	7	7	1	13	1	5	15	26	15	12	3	14	16	
1606_A/whooper_swan/Shanx 5	2	10	7	12	7	14	8	8	12	1	0	5	2	0	10	9	4	9	1	10	3	6	0	9	11	8	0	10	2	10	1	15	7	26	10	7	9	21	7	19	10	21	15	13	2	16	7	9	9	14	4	7	1	12	3	4	15	26	15	12	6	13	17	
1607_A/whooper_swan/Shanx 5	2	10	7	12	7	14	8	8	12	1	0	5	2	0	10	9	4	10	1	10	4	6	0	9	10	7	0	10	2	10	1	15	7	26	10	7	9	21	7	20	9	21	15	13	2	16	7	9	9	14	4	7	1	12	3	4	15	26	16	12	6	13	16	
1608_A/whooper_swan/Shanx 5	2	10	7	12	7	14	8	8	12	1	0	5	2	0	10	9	4	9	1	10	3	6	0	9	11	8	0	10	2	10	1	15	7	26	10	7	9	21	7	19	10	21	15	13	2	16	7	9	9	14	4	7	1	12	3	4	15	26	15	12	6	13	17	
1609_A/whooper_swan/Shanx 5	2	10	7	12	7	14	8	8	12	1	0	5	2	0	10	9	4	10	1	10	4	6	0	9	10	7	0	10	2	10	1	15	7	26	10	7	9	21	7	20	9	21	15	14	2	16	7	9	9	14	4	7	1	12	3	4	15	26	16	11	6	13	16	
1610_A/whooper_swan/Shanx 4	4	11	8	13	6	14	7	9	10	1	0	7	3	0	10	9	4	9	0	9	4	7	0	7	11	8	0	10	1	9	2	13	7	28	10	8	9	22	6	19	9	21	14	13	4	16	8	9	8	12	6	8	1	11	1	6	16	28	14	11	3	13	17	
1611_A/whooper_swan/Shanx 5	2	10	7	12	7	14	8	9	12	1	0	4	2	0	10	9	4	10	1	10	3	6	0	9	11	7	0	10	2	10	1	15	7	26	10	7	9	21	7	20	9	21	15	13	2	16	7	9	9	14	4	7	1	12	3	4	15	26	16	13	5	13	16	
1612_A/whooper_swan/Shanx 5	2	10	7	12	7	14	8	9	12	1	0	4	2	0	10	9	4	10	1	10	3	6	0	9	11	7	0	10	2	10	1	15	7	26	10	7	9	21	7	20	9	21	15	13	2	16	7	9	9	14	4	7	1	12	3	4	15	26	16	12	6	13	16	
1613_A/whooper_swan/Shanx 5	2	10	7	12	7	14	8	9	12	1	0	4	2	0	10	9	4	10	1	10	3	6	0	9	11	7	0	10	2	10	1	15	7	26	10	7	9	21	7	20	9	21	15	14	2	16	7	9	9	14	4	7	1	12	3	4	15	26	16	11	6	13	16	
1614_A/whooper_swan/Shanx 5	2	10	7	12	7	14	8	9	12	1	0	4	2	0	10	9	4	10	1	10	3	6	0	9	11	7	0	10	2	10	1	14	7	26	10	7	9	21	7	21	9	21	15	14	2	16	7	9	9	14	4	7	1	12	3	4	15	26	16	11	6	13	16	
1615_A/whooper_swan/Shanx 5	2	10	7	12	7	14	8	8	12	1	0	5	2	0	10	9	4	10	1	10	3	6	0	9	11	7	0	10	2	10	1	15	7	26	10	7	9	21	7	20	9	21	15	14	2	16	7	9	9	14	4	7	1	12	3	4	15	26	16	11	6	13	16	
1616_A/whooper_swan/Shanx 5	2	10	7	12	7	14	8	8	12	1	0	5	2	0	10	9	4	10	1	10	3	6	0	9	11	7	0	10	2	10	1	15	7	26	10	7	9	21	7	20	9	21	15	14	2	16	7	9	9	14	4	7	1	12	3	4	15	27	16	11	6	12	16	
1617_A/whooper_swan/Shanx 5	2	10	7	12	7	14	8	9	12	1	0	4	2	0	10	9	4	10	1	10	3	6	0	9	11	7	0	10	2	10	1	15	7	26	10	7	9	21	7	20	9	21	15	14	2	16	7	9	9	14	4	7	1	12	3	4	15	26	16	11	6	13	16	
1618_A/whooper_swan/Shanx 5	2	10	7	12	7	14	8	8	12	1	0	5	2	0	10	9	4	10	1	10	3	6	0	9	11	7	0	10	2	10	1	15	7	26	10	7	9	21	7	20	9	21	15	14	2	16	7	9	9	14	4	7	1	12	3	4	15	26	17	11	6	13	15	
1619_A/Wigeon/Ningxia/476 8	4	13	7	9	7	11	8	11	8	1	0	5	4	0	10	12	3	8	1	7	5	8	0	9	10	9	1	7	2	8	1	12	11	28	9	6	6	19	7	19	12	21	17	15	2	14	7	10	8	13	5	7	3	11	1	5	16	25	17	13	2	15	15	
1620_A/wild_bird/Eastern_ 10	6	11	6	9	7	13	9	2	11	1	0	5	2	0	10	12	4	9	0	8	3	5	0	10	10	12	2	10	3	7	0	16	11	29	12	6	3	22	6	16	12	15	9	14	1	20	9	7	7	15	7	9	4	10	3	5	17	26	20	12	2	14	9	
1621_A/wild_bird/Eastern_ 10	6	11	6	9	7	13	9	2	11	1	0	5	2	0	10	12	4	9	0	8	3	5	0	10	10	12	3	10	3	7	0	16	11	29	12	6	3	22	6	16	12	14	9	14	1	21	8	7	7	15	7	9	4	11	3	6	17	25	20	11	2	14	9	
1622_A/wild_bird/Eastern_ 10	6	11	6	9	7	13	9	2	11	1	0	5	2	0	10	12	4	9	0	8	3	5	0	10	10	12	2	10	3	7	0	16	11	29	12	6	3	22	6	16	12	15	9	14	1	20	9	7	7	15	7	9	4	11	3	5	17	25	20	12	2	14	9	
1623_A/wild_bird/Hubei/12 6	4	11	7	11	6	13	8	9	10	1	0	5	3	0	10	9	4	9	1	10	4	7	0	7	10	8	0	11	2	9	1	14	6	26	10	8	9	22	6	19	11	22	16	13	3	15	6	9	10	12	6	7	1	13	2	5	14	26	16	12	4	14	15	
1624_A/wild_bird/Hunan/01 6	4	12	7	11	7	12	8	13	9	1	0	5	3	0	10	12	3	8	1	7	5	8	0	5	9	9	1	9	3	8	1	12	10	28	10	6	8	20	6	19	10	23	18	15	3	12	6	9	7	14	5	7	3	11	1	5	16	24	16	13	3	15	16	
1625_A/wild_bird/Hunan/01 7	3	13	7	10	8	11	8	12	9	1	0	4	3	0	10	12	3	8	1	7	6	8	0	7	9	9	1	9	2	8	1	13	10	30	10	6	7	18	6	19	12	20	17	13	2	14	7	9	8	14	5	7	3	11	1	5	16	26	17	14	3	13	15	
1626_A/wild_bird/Hunan/02 7	3	13	7	10	8	11	8	12	9	1	0	4	3	0	10	12	3	8	1	7	5	8	0	7	10	9	1	10	2	7	1	13	10	30	10	6	7	18	6	19	12	21	17	13	2	13	7	9	8	14	5	7	3	11	1	5	16	25	17	14	3	14	15	
1627_A/wild_bird/Hunan/02 7	3	13	7	10	8	11	8	12	9	1	0	4	3	0	10	12	3	8	1	7	5	8	0	7	10	9	1	10	2	7	1	13	10	30	10	6	7	18	6	19	12	20	17	13	2	14	7	9	8	14	5	7	3	11	1	5	16	26	17	14	3	13	15	
1628_A/wild_bird/Hunan/03 7	3	13	7	10	8	11	8	12	9	1	0	4	3	0	10	12	3	8	1	7	5	8	0	7	10	9	1	10	2	7	1	13	10	30	10	6	7	18	6	19	12	20	17	13	2	14	7	9	8	14	5	7	3	11	1	5	16	26	17	14	3	13	15	
1629_A/wild_bird/Taipei/0 10	4	12	5	10	8	12	10	5	11	1	0	7	3	0	10	7	4	8	0	12	4	7	0	6	10	13	1	9	2	5	1	12	7	26	14	11	7	20	4	16	12	16	10	14	2	18	10	8	7	14	7	10	5	14	2	9	16	22	20	6	1	17	11	
1630_A/wild_bird/Zhejiang 7	2	10	7	10	8	15	8	8	11	0	0	5	2	1	10	9	4	11	1	10	3	6	0	9	12	6	0	10	1	10	2	15	6	33	9	7	10	14	8	18	11	20	16	13	2	17	5	8	8	14	4	8	1	12	2	4	16	25	17	12	5	14	16	
1631_A/wild_duck/Fujian/1 7	4	12	10	12	6	12	5	10	10	1	0	5	4	0	10	6	4	7	0	11	1	8	1	8	10	6	0	8	3	10	1	12	9	25	10	8	6	21	7	22	8	25	18	13	2	12	8	6	7	14	8	8	3	14	1	10	16	24	19	9	4	17	11	
1632_A/wild_duck/Fujian/2 7	4	12	10	12	6	12	5	10	10	1	0	5	4	0	10	6	4	7	0	11	1	8	1	8	10	6	0	8	3	10	1	12	9	25	10	8	6	21	7	22	8	25	18	13	2	12	8	6	7	14	8	8	3	14	1	10	16	24	19	9	4	17	11	
1633_A/wild_duck/Hebei/SD 6	2	9	7	11	7	15	8	8	12	0	0	5	2	1	10	9	4	10	1	10	2	6	0	9	13	5	0	10	1	13	1	15	6	28	10	7	10	19	7	20	10	21	15	13	2	16	6	9	9	14	3	7	2	12	4	5	14	26	16	10	6	13	16	
1634_A/wild_duck/Hunan/12 12	6	11	7	7	6	13	8	3	12	1	0	5	2	0	10	12	4	7	0	8	4	8	0	9	10	8	2	9	2	11	0	14	10	28	12	9	5	21	6	16	12	17	14	15	0	16	5	7	7	14	6	9	4	14	5	6	17	28	14	9	2	11	15	
1635_A/wild_duck/Jiangsu/ 6	2	10	7	11	8	14	8	8	11	1	0	5	2	0	10	9	4	9	1	10	3	7	0	9	11	7	0	10	2	10	1	16	7	26	10	7	9	21	7	20	9	21	15	14	2	16	7	8	9	14	4	7	1	12	3	6	15	25	16	10	6	13	16	
1636_A/wild_duck/Jilin/HF 6	5	13	10	13	7	11	5	8	11	1	0	7	2	0	10	8	3	8	0	9	3	8	0	9	9	6	1	8	3	11	0	13	8	27	11	10	6	22	4	21	12	23	17	12	1	16	5	5	5	14	7	8	6	13	2	8	15	23	18	9	3	17	12	
1637_A/wild_duck/Jilin/ZF 6	5	13	10	13	7	11	5	7	10	1	0	7	3	0	10	7	4	7	0	10	2	9	0	9	9	6	1	8	3	12	0	15	8	26	10	9	7	24	5	20	11	25	16	12	1	15	6	5	4	14	7	7	7	13	1	9	15	22	18	9	3	17	12	
1638_A/wild_duck/Shandong 7	4	13	6	11	7	11	9	8	11	0	1	8	3	0	10	9	3	8	0	8	5	7	0	10	8	10	1	8	2	8	0	11	12	28	13	11	6	25	2	18	9	27	16	14	1	14	4	10	7	12	5	4	7	11	3	11	11	21	21	9	3	17	10	
1639_A/wild_duck/Shandong 6	5	13	9	13	7	11	6	8	10	1	0	8	3	0	10	7	4	8	0	10	2	9	0	8	10	7	1	7	2	10	0	14	8	25	10	10	5	25	5	20	12	25	16	12	2	13	7	5	5	14	8	7	6	13	2	9	15	22	17	9	2	18	12	
1640_A/wild_duck/Shandong 6	4	11	6	11	7	13	9	11	9	1	0	3	3	0	10	9	5	8	1	9	4	8	0	9	10	8	1	10	2	9	1	13	8	26	10	8	7	21	6	20	11	24	16	12	2	15	5	9	8	14	5	7	3	12	1	5	16	24	16	12	4	14	16	
1641_A/wild_duck/Shandong 6	2	10	7	11	8	14	8	8	11	1	0	5	2	0	10	9	4	9	1	10	3	7	0	9	11	7	0	10	2	10	1	15	7	26	10	7	9	21	7	20	9	21	15	14	2	16	7	9	8	14	4	7	1	12	3	5	15	26	16	10	7	13	16	
1642_A/wild_goose/Shandon 6	2	10	7	11	8	14	8	8	11	1	0	5	2	0	10	9	4	9	1	10	3	7	0	9	11	7	0	10	2	10	1	15	6	26	10	7	10	21	7	20	9	21	15	14	2	16	7	9	8	14	4	7	1	12	3	5	15	26	16	10	7	13	16	
1643_A/wild_pigeon/Jilin/ 7	4	13	7	10	7	11	8	11	9	1	0	4	3	0	10	10	3	8	1	9	5	8	0	9	10	9	1	7	2	8	1	13	10	29	11	6	7	19	5	18	12	22	19	16	1	14	4	9	8	13	5	7	3	12	1	7	15	24	17	12	3	15	15	
1644_A/wildfowl/China/472 7	4	13	6	11	7	12	9	7	12	0	1	7	3	0	10	8	3	7	0	9	5	7	0	11	9	10	1	8	2	8	0	14	10	28	13	11	7	26	2	20	10	22	11	14	1	15	5	8	7	12	6	5	5	10	2	9	12	23	19	11	3	17	10	
1645_A/Xinjiang/1/2006|EP 10	4	10	8	8	7	13	7	8	12	1	0	5	3	0	10	11	3	6	0	9	2	8	0	11	11	9	1	6	3	10	1	14	9	23	12	8	6	26	5	17	12	18	18	13	1	18	7	6	8	13	7	10	2	13	0	8	13	25	18	9	4	15	14	
1646_A/Xinjiang/1/2009|EP 6	7	13	7	12	5	11	8	7	11	1	0	4	3	0	10	10	3	8	0	8	3	6	0	11	11	7	1	8	2	12	0	13	8	26	12	8	7	23	5	19	11	25	16	13	2	14	5	7	9	15	7	8	4	11	0	8	14	25	21	8	4	13	12	
1647_A/Yunnan/14563/2015| 7	4	14	8	10	7	11	7	11	9	1	0	5	4	0	10	11	3	8	1	8	5	8	0	7	10	9	1	8	2	8	1	12	10	29	11	6	8	18	5	19	10	22	19	16	2	13	5	9	8	13	5	7	3	12	0	5	16	23	15	10	4	16	18	
1648_A/Yunnan/DQ002/2015( 7	4	14	8	10	7	11	7	11	9	1	0	4	4	0	10	11	3	8	1	8	5	8	0	7	10	9	1	9	2	8	0	12	11	28	11	6	8	19	5	19	10	22	19	17	2	13	6	9	8	14	5	7	3	11	0	5	15	23	15	9	4	16	18	
1649_A/Zhejiang/1/2006|EP 6	6	12	8	12	6	12	7	7	11	1	0	5	3	0	10	10	3	8	0	8	3	6	0	9	10	7	1	9	3	12	0	14	9	22	12	8	6	26	5	19	11	22	18	13	2	16	4	7	7	14	6	9	5	13	0	7	14	25	17	9	4	14	15	
1650_A/Anas_platyrhynchos 8	2	10	7	9	8	15	8	8	11	0	0	5	2	1	10	9	4	9	1	10	3	6	0	9	12	6	0	10	1	11	2	16	6	33	8	7	9	13	9	17	12	20	16	15	2	17	5	8	8	14	5	8	2	13	2	5	16	26	17	10	5	13	14	
1651_A/Anas_crecca/Hubei/ 7	4	11	6	10	7	13	9	12	9	1	0	4	3	0	10	10	3	7	1	8	4	9	0	9	9	8	1	8	3	10	0	15	8	30	10	7	8	18	6	21	10	24	16	12	4	14	5	7	9	14	4	8	3	11	2	6	15	26	18	11	3	13	14	
1652_A/Anhui/1/2006_H5N1| 6	6	12	8	12	6	12	7	8	11	1	0	4	3	0	10	10	3	8	0	8	3	6	0	10	10	7	1	9	3	11	0	14	9	21	13	8	6	26	5	19	11	22	18	13	2	16	4	8	7	14	7	8	5	13	0	8	13	25	18	9	4	14	13	
1653_A/Anhui/1/2007_H5N1| 6	6	12	8	12	6	12	7	7	11	1	0	5	3	0	10	10	3	8	0	8	3	6	0	10	9	7	1	8	4	11	0	14	8	25	12	8	6	23	5	19	13	20	19	13	2	19	3	9	8	14	6	7	3	14	0	8	14	23	17	8	4	15	15	
1654_A/Anhui/2/2005_H5N1| 7	6	12	8	11	6	12	7	7	11	1	0	5	3	0	10	10	3	8	0	8	3	6	0	10	10	7	1	8	3	12	0	14	9	22	12	8	5	26	5	19	12	22	18	13	2	16	4	8	6	14	6	8	6	13	0	7	14	25	17	9	4	14	15	
1655_A/Anser_cygnoides/Ch 7	4	11	7	10	8	13	8	10	9	1	0	4	3	0	10	12	4	9	1	7	5	7	0	9	9	10	1	9	2	7	1	13	8	28	10	8	7	18	6	18	13	22	17	15	2	14	6	9	9	14	5	8	2	13	1	4	15	24	15	12	2	15	17	
1656_A/Anser_cygnoides/Hu 6	4	11	7	11	6	13	8	9	10	1	0	5	3	0	10	9	4	9	1	10	4	7	0	7	10	8	0	11	2	9	1	14	6	26	10	8	9	21	7	19	11	23	16	13	3	15	6	9	10	12	6	7	1	13	1	5	14	26	16	12	4	14	15	
1657_A/Anser_fabalis/jiuj 7	2	10	7	10	8	15	8	8	11	0	0	5	2	1	10	9	4	9	1	10	3	6	0	9	12	6	0	10	1	11	2	16	7	33	8	7	9	13	9	17	11	20	16	15	2	17	5	8	8	14	5	8	2	13	2	5	16	26	17	10	5	13	14	
1658_A/Anser_fabalis/jiuj 7	2	9	7	10	8	16	8	8	11	0	0	5	2	1	10	9	4	10	1	10	3	6	0	9	12	6	0	10	1	11	2	15	7	32	9	7	9	14	8	18	11	20	16	14	2	17	5	8	8	13	4	8	1	14	3	5	16	28	16	10	5	11	16	
1659_A/Anser_fabalis/jiuj 7	2	10	7	10	8	15	8	8	11	0	0	5	2	1	10	9	4	9	1	10	3	6	0	9	12	6	0	10	1	11	2	16	7	33	8	7	9	13	9	17	11	20	16	15	2	17	5	8	8	14	5	8	2	13	2	5	16	26	17	10	5	13	14	
1660_A/Bulbul/Taiwan/0115 7	5	12	7	10	6	12	8	12	12	1	0	3	1	0	10	11	3	9	0	9	4	7	0	8	9	8	0	8	3	8	2	12	10	27	8	10	6	20	9	20	11	24	16	13	2	14	6	7	8	12	5	7	3	14	1	5	17	21	15	13	3	17	17	
1661_A/Changsha/1/2014_H5 7	4	12	7	10	7	12	8	8	10	1	0	5	3	0	10	12	3	9	1	7	5	7	0	8	10	9	1	10	2	8	1	13	10	29	10	7	7	19	6	18	11	22	18	14	3	13	6	9	8	13	5	7	3	12	1	5	16	24	16	12	3	14	16	
1662_A/China/Original/201 7	4	12	7	10	7	12	8	8	11	0	1	6	3	0	10	11	3	9	0	7	5	6	0	7	9	10	1	9	3	8	1	13	10	29	13	9	7	16	6	22	12	19	19	12	2	18	3	7	9	13	6	7	3	12	1	5	13	25	19	12	3	14	13	
1663_A/Chlidonias_hybrida 5	2	10	7	12	7	14	8	8	12	1	0	5	2	0	10	9	4	10	1	10	3	6	0	9	11	7	0	10	2	10	1	15	7	26	10	7	9	21	7	20	9	21	15	14	2	16	7	9	9	14	4	7	1	12	3	5	15	26	16	10	6	13	16	
1664_A/Commom_Teal/Ningxi 8	4	13	7	9	7	11	8	11	8	1	0	5	4	0	10	12	3	8	1	7	5	8	0	9	10	9	1	7	2	8	1	12	11	28	9	6	6	19	7	19	12	21	17	15	2	14	7	10	8	14	5	7	3	11	1	5	16	24	17	13	2	15	15	
1665_A/Copsychus_saularis 8	4	11	7	9	8	13	8	10	9	1	0	4	3	0	10	11	4	8	1	8	5	8	0	9	9	9	1	9	2	8	1	13	9	29	10	9	7	18	6	18	12	22	17	15	2	14	6	8	8	14	5	7	2	11	2	6	15	24	16	11	3	15	16	
1666_A/Cygnus_atratus/Hub 6	4	11	8	11	6	13	7	9	10	1	0	5	3	0	10	9	3	10	1	10	5	6	0	7	10	8	0	11	2	9	1	14	6	26	10	8	9	22	7	19	11	22	15	13	3	16	6	10	9	11	6	7	1	14	1	5	15	26	15	12	3	14	16	
1667_A/Cygnus_atratus/Hub 6	4	11	7	11	6	13	8	9	10	1	0	5	3	0	10	9	3	10	1	10	5	6	0	7	10	8	0	11	2	9	1	14	6	26	10	8	9	21	7	19	11	23	15	13	3	16	6	10	9	11	6	7	1	14	1	5	15	26	15	12	3	14	16	
1668_A/Cygnus_columbianus 5	2	10	7	12	7	14	8	8	12	1	0	5	2	0	10	9	4	10	1	10	3	6	0	9	11	7	0	10	2	10	1	15	8	25	10	7	8	22	7	20	9	22	15	14	2	16	7	9	9	14	4	7	1	12	3	5	15	26	16	10	6	12	16	
1669_A/Cygnus_columbianus 5	2	10	7	12	6	14	8	8	13	1	0	5	2	0	10	9	4	10	1	10	3	6	0	9	11	7	0	10	2	10	1	15	7	26	10	7	9	21	7	20	9	21	15	14	2	16	7	9	9	14	4	7	1	12	3	5	15	26	16	10	6	13	16	
1670_A/Cygnus_columbianus 6	2	10	7	11	8	14	8	8	11	1	0	5	2	0	10	9	4	10	1	10	3	6	0	9	11	7	0	10	2	10	1	15	7	26	10	7	8	21	7	19	11	21	15	14	2	16	7	10	9	14	4	6	1	12	3	5	15	26	16	10	6	13	16	
1671_A/Cygnus_columbianus 5	2	10	7	12	7	14	8	8	12	1	0	5	2	0	10	9	4	10	1	10	3	6	0	9	11	7	0	10	2	10	1	15	7	26	10	7	9	21	7	20	9	21	15	14	2	16	7	9	9	15	4	7	1	11	3	5	15	25	16	10	6	14	16	
1672_A/Cygnus_columbianus 6	2	10	7	12	7	14	8	8	12	1	0	5	2	0	10	8	4	10	1	10	3	6	0	9	11	7	0	10	2	10	1	15	7	26	10	7	9	21	7	20	9	21	15	14	2	16	7	9	9	14	4	7	1	12	3	5	15	26	16	10	6	13	16	
1673_A/Cygnus_columbianus 5	2	10	7	12	7	14	8	8	12	1	0	5	2	0	10	9	4	10	1	10	3	6	0	9	11	7	0	10	2	10	1	15	7	26	10	7	9	21	7	20	9	21	15	14	2	16	7	9	9	14	4	7	1	12	3	5	15	26	16	10	6	13	16	
1674_A/Cygnus_columbianus 5	2	10	7	12	7	14	8	8	12	1	0	5	2	0	10	9	4	10	1	10	3	6	0	9	11	7	0	10	2	10	1	15	8	26	10	7	9	21	7	20	8	21	15	14	2	16	7	9	9	14	4	7	1	12	3	5	15	26	16	10	6	13	16	
1675_A/Duck/Dongting/D76- 12	6	11	7	7	6	13	8	3	12	1	0	5	2	0	10	12	4	7	0	8	4	8	0	9	10	8	2	9	2	11	0	14	10	28	12	9	5	21	6	16	12	17	14	15	0	16	5	7	7	14	6	9	4	14	5	6	16	28	14	9	3	11	15	
1676_A/Duck/Jiangxi/631/2 7	3	10	6	10	8	15	9	7	10	0	0	6	2	1	10	9	4	10	1	10	3	6	0	9	12	7	0	10	1	10	2	15	7	31	9	7	9	15	8	19	10	20	16	14	2	18	5	8	8	14	4	8	1	12	3	6	17	26	15	9	4	13	17	
1677_A/Falcated_Duck/Ning 8	4	12	7	9	7	12	8	11	8	1	0	5	4	0	10	12	3	8	1	7	5	8	0	9	10	9	1	7	2	8	1	12	11	28	9	6	6	19	7	19	12	21	17	15	2	14	7	10	8	14	5	7	3	11	1	5	16	24	17	13	2	15	15	
1678_A/Ferruginous_Pochar 8	4	12	7	9	7	12	8	11	8	1	0	5	4	0	10	12	3	8	1	7	5	8	0	9	10	9	1	7	2	8	1	12	11	28	9	6	6	19	7	19	12	21	17	15	2	14	7	10	8	14	5	7	3	11	1	5	16	24	17	13	2	15	15	
1679_A/Gadwall/Ningxia/47 8	4	12	7	9	7	12	8	11	8	1	0	5	4	0	10	12	3	8	1	7	5	8	0	9	10	9	1	7	2	8	1	12	11	28	9	6	6	19	7	19	12	21	17	15	2	14	7	10	8	14	5	7	2	11	1	5	17	24	17	13	2	15	15	
1680_A/Gallinula_chloropu 7	4	12	7	10	7	12	8	11	9	1	0	4	3	0	10	11	3	8	1	8	6	8	0	8	9	9	1	9	2	8	1	13	10	29	10	6	7	19	6	19	11	21	19	15	2	13	6	9	8	13	4	7	3	12	2	5	17	25	16	12	2	14	16	
1681_A/Guangdong/1/2008_H 6	6	12	8	12	5	12	7	4	11	1	0	6	3	0	10	10	3	9	0	8	4	5	0	11	9	7	2	9	3	12	0	13	9	22	12	9	6	27	5	20	11	22	16	13	2	15	5	8	6	13	6	8	7	13	0	7	15	25	18	9	2	15	14	
1682_A/Guangdong/2/2006_H 7	6	12	7	12	6	12	8	8	11	1	0	4	3	0	10	10	3	8	0	8	3	6	0	9	10	7	1	9	3	12	0	14	8	22	12	8	7	26	5	20	11	22	18	12	2	16	4	8	7	15	7	8	5	12	0	6	14	25	17	9	4	14	14	
1683_A/Guangdong/lgf/2021 5	2	10	7	12	6	14	8	8	12	1	0	5	2	0	10	9	4	10	1	10	4	6	0	9	11	7	0	10	2	10	1	15	8	25	11	7	8	21	6	21	9	23	14	13	2	16	8	9	10	14	4	6	1	12	3	5	14	25	16	11	6	13	16	
1684_A/Guangxi/1/2005_H5N 6	6	12	8	12	6	12	8	8	11	1	0	4	3	0	10	11	2	8	0	8	3	6	0	10	10	7	1	8	3	12	0	14	9	21	12	8	6	27	5	19	11	22	18	13	2	16	4	8	7	15	6	8	5	12	0	7	14	25	16	8	4	14	16	
1685_A/Guangxi/1/2008_H5N 8	5	12	8	12	6	11	7	10	12	1	0	2	3	0	10	8	4	8	0	8	3	6	0	9	10	7	1	9	3	12	0	13	8	22	11	10	6	26	5	19	11	23	16	13	3	16	5	8	8	17	7	7	4	11	1	7	15	19	16	9	3	20	14	
1686_A/Guangzhou/39715/20 7	4	12	7	10	7	12	8	11	8	1	0	4	3	0	10	12	3	8	1	7	5	8	0	9	10	9	1	8	2	8	1	13	10	29	10	6	7	19	6	19	12	22	18	15	2	13	6	9	8	13	5	7	3	12	1	5	16	24	16	12	3	15	16	
1687_A/Guizhou/1/2009_H5N 7	8	13	7	11	5	11	8	7	11	1	0	6	3	0	10	9	3	7	0	8	3	7	0	10	10	7	1	8	2	12	0	14	8	23	13	8	7	24	5	18	10	21	17	13	2	16	6	9	7	14	6	8	5	13	0	9	13	26	17	9	4	13	15	
1688_A/Hunan/1/2008_H5N1| 7	7	11	8	12	4	13	7	8	12	1	0	5	3	0	10	8	3	10	0	8	3	4	0	8	9	7	1	9	4	12	0	14	10	23	12	8	5	25	5	19	12	23	16	14	2	16	5	9	7	17	5	8	5	10	0	7	14	25	17	7	3	15	16	
1689_A/Hunan/2/2009_H5N1| 7	8	13	6	11	5	11	9	7	11	1	0	6	3	0	10	9	3	7	0	8	3	7	0	10	9	7	1	8	3	12	0	14	8	23	13	8	7	25	5	18	11	21	17	13	2	16	6	9	7	14	6	8	5	12	0	9	12	27	16	8	5	12	16	
1690_A/Japanese_white-eye 7	5	13	10	12	6	11	5	7	10	1	0	6	3	0	10	7	4	7	0	10	3	9	0	9	10	6	2	9	2	12	0	11	10	29	10	10	6	20	5	22	11	23	16	12	1	15	6	5	6	13	7	9	5	14	2	7	15	24	18	9	3	16	12	
1691_A/Nanjing/1/2015_H5N 5	5	14	10	14	7	10	5	9	9	1	0	4	4	0	11	9	3	8	0	8	3	8	0	9	9	7	1	7	3	11	0	13	8	24	11	10	6	24	4	19	11	24	17	12	3	18	5	5	4	15	5	9	5	12	3	12	15	23	19	6	3	16	13	
1692_A/Northern_Shoveler/ 8	4	12	7	9	7	12	8	11	8	1	0	5	4	0	10	12	3	8	1	7	5	8	0	9	10	9	1	7	2	8	1	13	11	28	9	6	6	19	7	19	12	21	17	15	2	14	7	9	8	14	5	7	3	11	1	5	16	24	17	13	2	15	15	
1693_A/Pavo_cristatus/Chi 7	4	13	6	9	7	12	9	12	10	1	0	3	3	0	10	12	4	8	0	7	4	8	0	6	10	10	1	9	2	8	1	12	11	30	9	7	9	17	7	19	10	25	15	14	2	10	8	8	7	15	5	8	2	11	1	6	14	25	18	12	4	15	15	
1694_A/Pavo_cristatus/Chi 7	4	13	6	9	7	12	9	12	10	1	0	3	3	0	10	12	4	8	0	7	4	8	0	6	10	10	1	9	2	8	1	12	11	30	9	7	9	17	7	19	10	25	15	14	2	10	8	8	7	15	5	8	2	11	1	6	14	25	18	12	4	15	15	
1695_A/Pavo_cristatus/Jia 8	4	11	7	9	7	13	8	10	12	1	0	4	2	0	10	11	3	9	1	8	5	6	0	8	9	9	1	9	3	8	1	13	10	30	11	6	6	19	5	19	13	19	20	15	1	15	4	9	8	13	5	7	4	12	1	5	14	25	17	12	3	14	15	
1696_A/Rattus_norvegicus/ 9	4	12	7	8	9	12	8	9	12	1	0	7	2	0	10	11	3	9	0	7	3	7	0	8	8	9	0	7	3	9	2	11	11	29	13	9	6	19	5	20	12	21	17	13	2	15	5	9	8	13	4	7	2	11	2	5	14	23	18	14	3	16	14	
1697_A/Shandong/1/2009_H5 7	6	12	8	11	6	12	7	5	12	1	0	6	2	0	10	10	3	9	0	8	3	5	0	10	10	8	2	9	3	11	0	13	9	22	12	10	6	27	5	20	10	21	18	14	2	15	4	8	7	13	6	7	6	13	0	6	14	25	18	9	3	15	14	
1698_A/Spatula_querquedul 8	2	10	7	9	8	15	8	8	11	0	0	5	2	1	10	9	4	9	1	10	3	6	0	9	12	6	0	10	1	11	2	16	6	33	8	7	9	13	9	17	12	20	16	15	2	17	5	8	8	14	5	8	2	13	2	5	16	26	17	10	5	13	14	
1699_A/Syrrhaptes_paradox 7	5	12	7	10	6	12	8	11	9	1	0	5	3	0	10	13	3	8	1	6	5	8	0	8	10	9	1	8	2	8	1	13	10	29	9	6	7	19	7	19	10	23	17	14	3	12	6	9	8	13	5	7	3	12	1	6	15	25	16	12	4	14	17	
1700_A/Taiwan/DV413/2006_ 13	5	14	7	8	6	8	8	7	13	1	0	9	1	0	10	11	6	10	0	9	5	6	0	7	10	10	0	5	1	7	1	18	11	29	12	7	5	19	4	19	13	18	12	15	1	20	10	6	9	12	8	6	1	12	2	7	13	21	18	8	2	15	13	
1701_A/Taiwan/DV518/2006_ 13	5	14	7	8	6	8	8	7	13	1	0	9	1	0	10	11	6	10	0	9	5	6	0	7	10	10	0	5	1	7	1	18	11	29	12	7	5	18	4	19	13	18	12	15	1	20	10	6	9	12	9	6	1	13	2	7	13	21	17	8	2	15	13	
1702_A/Whooper_Swan/Sanme 6	4	11	7	11	6	13	8	9	10	1	0	5	3	0	10	9	3	10	1	10	5	6	0	7	10	8	0	11	2	9	1	14	6	26	10	8	9	22	7	19	11	22	15	13	3	16	6	9	10	12	6	7	1	13	1	5	16	26	15	12	2	14	16	
1703_A/Wild_bird/Huadong/ 7	3	10	7	11	7	14	8	8	11	1	0	5	2	0	10	7	4	9	1	10	3	7	1	9	11	7	0	10	2	10	1	15	7	26	10	7	9	21	7	20	9	21	15	14	2	16	7	9	9	14	4	7	1	12	4	4	14	26	16	11	6	13	16	
1704_A/Wild_bird/Huadong/ 5	5	14	10	14	7	10	5	9	9	1	0	5	4	0	11	9	3	8	0	8	4	8	0	9	8	8	2	6	3	10	0	13	8	25	11	10	6	23	4	20	12	24	15	13	3	17	5	6	5	15	5	8	5	12	3	12	13	24	19	7	3	15	12	
1705_A/Wild_bird/Huadong/ 7	4	13	7	10	8	12	8	10	11	1	0	4	3	0	10	12	3	8	1	7	3	6	0	7	9	9	1	9	3	9	1	11	10	27	10	9	7	20	8	21	11	20	17	12	2	15	7	8	8	13	6	7	4	12	1	7	13	22	17	12	3	17	14	
1706_A/Wild_bird/Huadong/ 6	4	13	9	13	8	11	6	9	9	1	0	5	4	0	10	7	3	7	0	10	4	9	0	8	9	6	2	9	2	11	0	11	11	29	9	12	5	22	6	20	12	24	15	13	0	16	6	6	6	13	7	6	5	13	1	5	15	23	20	12	3	17	10	
1707_A/Wild_bird/Huadong/ 8	4	13	7	10	9	12	8	10	11	1	0	4	2	0	10	12	3	8	1	7	3	6	0	7	9	9	1	9	3	9	1	10	10	27	10	9	7	20	8	21	11	20	17	12	2	15	7	8	8	13	6	7	4	12	1	7	13	22	17	12	3	17	14	
1708_A/Wild_bird/Huadong/ 8	4	12	6	9	8	12	9	13	9	1	0	3	2	0	10	12	3	8	0	7	5	8	0	8	9	10	1	7	3	8	1	11	10	30	10	7	7	18	6	20	12	23	18	14	2	12	5	9	7	14	5	5	3	11	1	8	15	25	19	13	3	14	14	
1709_A/Wild_bird/Huadong/ 8	4	11	7	9	7	13	8	9	11	1	0	5	3	0	10	12	3	9	1	7	5	6	0	8	9	11	1	8	3	7	1	14	10	33	10	6	6	18	5	19	13	20	20	16	1	14	4	9	9	12	5	6	2	13	1	5	14	23	15	11	3	16	17	
1710_A/Wild_bird/Huadong/ 6	5	13	10	13	7	11	5	8	10	1	0	5	3	0	10	7	4	8	0	10	2	8	0	9	10	6	2	9	2	12	0	12	11	28	9	11	5	21	6	21	11	23	15	12	1	16	6	5	6	13	7	8	5	14	2	7	15	23	18	9	3	17	12	
1711_A/Wild_bird/Huadong/ 7	4	11	7	10	8	13	8	10	12	1	0	4	1	0	10	12	3	10	0	7	5	6	0	8	9	8	1	9	3	9	1	13	9	31	11	7	8	17	6	19	12	19	19	15	2	15	5	9	8	13	5	6	4	12	1	5	13	26	17	12	3	13	15	
1712_A/Wild_bird/Huadong/ 7	4	13	7	10	9	12	8	10	11	1	0	4	2	0	10	12	3	9	0	7	3	6	0	7	9	9	1	9	3	9	1	12	10	27	10	8	7	20	8	21	11	20	17	12	2	15	7	8	8	13	6	7	4	12	1	7	13	22	17	12	3	17	14	
1713_A/Wild_bird/Huadong/ 8	4	11	8	9	7	13	7	10	11	1	0	4	3	0	10	12	3	9	1	7	6	6	0	8	8	9	1	9	3	8	1	14	11	31	11	7	5	18	5	19	13	17	20	16	1	17	4	8	8	13	5	6	4	12	1	5	14	23	15	11	3	16	17	
1714_A/Wild_bird/Huadong/ 6	4	12	7	13	9	13	7	9	12	1	0	5	1	0	10	11	4	9	0	7	3	6	0	10	11	8	2	7	0	10	1	12	11	27	12	9	5	18	6	22	10	23	18	11	1	14	6	7	6	15	5	7	7	13	1	4	13	25	17	13	3	15	14	
1715_A/Wild_bird/Huadong/ 8	4	11	8	9	7	13	7	10	11	1	0	4	3	0	10	12	3	9	1	7	6	6	0	8	8	9	1	9	3	9	0	14	11	31	11	7	6	18	5	19	13	17	20	16	1	17	4	8	8	13	5	6	3	12	1	5	14	23	15	11	3	16	17	
1716_A/Wild_bird/Huadong/ 6	4	14	7	11	9	12	7	10	11	1	0	4	2	0	10	12	3	8	1	7	3	6	0	7	9	9	1	9	3	8	1	11	10	27	10	9	7	20	8	21	11	20	17	12	2	15	7	8	8	13	6	7	4	12	1	7	13	22	17	12	3	18	14	
1717_A/Xinjiang/1/2009_H5 6	7	13	7	12	5	11	8	7	11	1	0	4	3	0	10	10	3	8	0	8	3	6	0	11	11	7	1	8	2	12	0	13	8	26	12	8	7	23	5	19	11	25	16	13	2	14	5	7	9	15	7	8	4	11	0	8	14	25	21	8	4	13	12	
1718_A/Yangzhou/125/2022_ 6	2	10	7	12	7	14	8	8	12	1	0	6	2	0	10	8	4	11	1	10	3	5	0	9	11	7	0	9	2	10	1	15	7	26	10	6	9	22	6	22	9	21	14	13	2	16	8	9	9	14	4	6	1	12	3	5	15	26	15	11	6	13	17	
1719_A/avian/Hong_Kong/07 7	6	12	7	12	6	11	8	8	11	1	0	4	3	0	10	10	3	8	0	8	3	6	0	9	10	7	1	9	3	12	0	14	9	22	12	9	6	26	5	19	11	22	17	13	2	16	5	8	8	16	7	7	4	11	1	7	15	23	16	9	3	16	14	
1720_A/avian/Hong_Kong/19 7	6	12	7	12	6	11	8	8	10	1	0	4	4	0	10	10	3	8	0	8	3	6	0	9	10	7	1	9	3	12	0	14	9	22	12	9	5	27	5	19	11	22	17	13	2	16	5	8	8	16	7	7	4	11	1	7	15	23	16	9	3	16	14	
1721_A/avian/Hong_Kong/23 7	6	12	7	12	6	11	8	8	10	1	0	4	4	0	10	10	3	8	0	8	3	6	0	9	10	7	1	9	3	12	0	14	9	22	12	9	6	26	5	19	11	22	17	13	2	16	5	8	8	16	7	7	4	11	1	7	15	23	16	9	3	16	14	
1722_A/baikal_teal/Xiangh 10	5	11	6	9	6	13	9	2	13	1	0	5	2	0	10	11	4	7	0	9	4	7	0	11	10	9	2	9	2	10	0	14	11	26	12	7	4	24	6	16	11	14	13	15	1	20	6	8	7	13	6	8	4	13	5	7	15	26	19	10	4	13	10	
1723_A/bar-headed_goose/Q 11	4	10	8	8	7	13	7	7	12	1	0	5	3	0	10	10	3	6	0	8	2	8	0	12	11	9	1	6	3	11	0	14	8	23	12	9	7	25	5	19	12	18	19	13	1	19	5	6	7	14	7	8	4	13	0	7	13	26	18	9	4	14	14	
1724_A/bar-headed_goose/T 11	4	11	8	8	6	12	7	9	12	1	0	5	3	0	10	10	3	6	0	8	2	8	0	10	11	9	1	6	3	11	0	14	8	23	11	8	9	25	5	19	10	18	19	13	1	19	5	6	7	14	8	9	4	14	0	7	14	26	18	9	4	13	14	
1725_A/black_chicken/Jian 8	3	12	6	9	7	13	9	11	9	1	0	4	3	0	10	10	3	7	1	8	4	9	0	9	9	7	1	9	3	11	0	15	8	29	9	7	8	19	6	21	10	25	15	12	4	14	5	8	9	14	5	7	3	11	2	6	15	26	18	11	3	13	14	
1726_A/brown-headed_gull/ 6	5	14	9	13	7	10	6	8	9	1	0	8	3	0	10	8	4	7	0	9	2	10	0	8	10	7	0	7	3	11	0	14	8	27	10	10	6	23	5	20	12	24	16	12	1	14	6	4	5	14	7	8	6	13	2	9	14	22	18	9	4	18	12	
1727_A/brown-headed_gull/ 6	5	14	10	13	7	10	5	8	9	1	0	8	3	0	10	7	4	7	0	9	2	9	0	8	10	7	0	7	3	12	0	14	8	26	10	9	6	23	5	20	11	24	16	12	1	15	6	6	5	14	7	8	6	13	2	10	14	23	18	9	4	17	12	
1728_A/canvasback/Xiangha 11	4	11	6	8	7	13	9	1	12	1	0	5	3	0	10	11	4	8	0	9	4	6	0	12	10	10	2	9	2	9	0	14	11	27	12	7	4	23	5	17	11	14	13	14	1	20	6	7	7	13	7	9	3	14	4	7	16	27	18	10	4	12	11	
1729_A/cat/Sichuan/SC18/2 8	4	11	6	9	7	13	9	11	9	1	0	4	3	0	10	10	3	7	1	8	4	9	0	9	9	7	1	9	3	11	0	14	8	28	9	7	8	20	6	21	10	25	16	13	4	14	5	9	9	14	5	7	3	11	2	6	15	26	18	10	3	12	14	
1730_A/cat/Zhejiang/C1/20 8	4	13	7	10	7	11	8	9	10	1	0	5	3	0	10	11	4	9	0	7	5	7	0	8	9	10	1	9	3	7	1	12	10	29	11	6	7	20	6	19	11	22	18	14	2	15	5	9	8	12	5	7	3	12	1	4	15	26	16	13	3	13	16	
1731_A/cat/Zhejiang/C2/20 6	4	13	7	11	7	11	8	9	10	1	0	4	3	0	10	12	3	9	1	7	5	7	0	8	11	10	1	10	1	6	1	13	11	30	10	6	7	18	6	19	10	23	17	14	3	12	7	9	9	14	5	7	2	11	1	5	16	24	16	13	3	14	16	
1732_A/chicken/Anhui/MZ33 6	4	14	7	11	7	10	8	11	10	1	0	3	3	0	10	12	3	8	0	7	5	7	0	8	10	10	1	9	2	6	1	13	11	30	9	6	7	18	6	19	10	23	17	14	2	13	6	9	8	14	7	7	3	12	1	4	16	25	16	14	3	14	16	
1733_A/chicken/Anhui/MZ34 6	4	14	7	11	7	10	8	11	10	1	0	3	3	0	10	12	3	8	0	7	5	7	0	8	10	10	1	9	2	6	1	13	11	29	9	6	7	20	6	19	10	23	17	14	2	14	6	9	8	14	7	7	3	11	1	4	16	25	16	14	3	13	16	
1734_A/chicken/Beijing/BJ 7	4	14	4	11	7	10	11	8	10	0	1	6	3	0	10	8	3	7	1	10	5	7	0	9	9	9	1	9	2	9	0	12	11	27	13	10	7	25	3	18	9	25	16	14	1	15	3	8	7	13	5	6	6	11	3	11	12	20	21	10	2	18	11	
1735_A/chicken/CH/a556/20 11	3	13	4	10	3	11	11	5	20	0	0	5	0	1	10	8	4	8	0	2	6	5	2	9	4	9	1	10	5	10	1	11	6	26	9	11	7	20	9	22	16	24	15	15	1	12	7	6	6	10	7	8	7	12	6	9	13	29	21	11	2	9	7	
1736_A/chicken/Changhua/1 7	5	12	7	10	6	12	8	11	12	1	0	3	1	0	10	11	3	9	0	9	4	7	0	9	9	8	0	8	3	8	2	12	10	27	8	10	6	20	9	20	11	24	16	13	2	14	6	7	8	13	4	7	3	13	2	5	17	21	15	13	3	17	17	
1737_A/chicken/Changhua/1 7	5	12	7	10	6	12	8	11	13	1	0	3	1	0	10	11	3	9	0	9	4	7	0	9	9	8	0	8	3	8	2	12	10	27	8	10	6	20	9	20	10	24	16	13	2	14	6	7	8	12	4	7	3	14	2	5	17	21	15	13	3	17	17	
1738_A/chicken/Changhua/1 7	5	12	7	10	6	12	8	11	12	1	0	3	1	0	10	11	3	9	0	9	4	7	0	9	9	8	0	8	3	8	2	12	10	27	8	10	6	20	9	20	11	24	16	13	2	14	6	7	8	12	4	7	3	14	2	5	17	21	15	13	3	17	17	
1739_A/chicken/Changhua/1 7	5	12	7	10	6	12	8	11	12	1	0	3	1	0	10	11	3	9	0	9	4	7	0	9	9	8	0	8	3	8	2	12	10	26	8	10	6	21	9	20	11	24	16	13	2	14	6	7	8	12	4	7	3	14	2	5	17	21	15	13	3	17	17	
1740_A/chicken/Changhua/1 7	5	12	7	10	6	12	8	11	12	1	0	3	1	0	10	11	3	9	0	9	4	7	0	9	9	8	0	8	3	8	2	12	10	26	8	10	6	21	9	20	11	24	16	13	2	14	6	7	8	12	4	7	3	14	2	5	17	21	15	13	3	17	17	
1741_A/chicken/Changhua/1 7	5	12	7	10	6	12	8	11	12	1	0	3	1	0	10	11	3	9	0	9	4	7	0	9	9	8	0	8	3	8	2	12	10	26	8	10	6	21	9	20	11	24	16	13	2	14	6	7	8	13	4	7	3	13	2	5	17	21	15	13	3	17	17	
1742_A/chicken/Changhua/1 7	5	12	7	10	6	12	8	11	12	1	0	3	1	0	10	11	3	9	0	9	4	7	0	10	9	8	0	7	3	8	2	12	9	27	7	10	7	20	9	20	11	24	17	13	2	14	5	7	8	14	5	7	3	13	1	5	17	21	15	13	3	17	17	
1743_A/chicken/Changhua/1 7	5	12	7	10	6	12	8	11	12	1	0	3	1	0	10	11	3	9	0	9	4	7	0	9	10	8	0	8	2	8	2	12	10	28	7	10	6	20	9	20	11	24	16	13	2	14	6	7	8	13	5	7	3	13	1	5	17	21	16	13	3	17	16	
1744_A/chicken/Changhua/1 7	5	12	7	10	6	12	8	11	12	1	0	3	1	0	10	11	3	9	0	9	4	7	0	9	9	8	0	8	3	8	2	12	10	29	7	10	6	20	9	20	11	24	16	13	2	14	6	7	8	12	5	7	3	13	1	5	17	21	16	13	3	17	16	
1745_A/chicken/Changhua/1 7	5	12	7	10	6	12	8	11	12	1	0	3	1	0	10	11	3	9	0	9	4	7	0	9	9	8	0	8	3	8	2	12	10	28	7	10	6	20	9	20	11	24	16	13	2	14	6	7	8	13	5	7	3	13	1	5	17	21	15	13	3	17	17	
1746_A/chicken/Changhua/1 7	5	12	7	10	5	12	8	11	13	1	0	3	1	0	10	11	3	9	0	9	5	7	0	9	9	8	0	8	3	8	2	12	10	27	8	10	6	20	9	20	10	25	16	13	2	13	6	7	8	12	4	7	3	14	2	5	17	21	16	13	3	17	16	
1747_A/chicken/Changhua/1 7	5	12	7	10	6	12	8	11	12	1	0	3	1	0	10	12	4	9	0	9	3	7	0	9	9	8	1	7	3	8	2	12	10	28	8	10	6	19	9	20	11	24	15	13	2	14	6	7	8	12	5	7	3	14	1	5	17	20	16	13	3	18	16	
1748_A/chicken/Changhua/1 7	5	12	7	10	5	12	8	11	13	1	0	3	1	0	10	11	3	9	0	9	5	7	0	9	9	8	0	8	3	8	2	12	10	26	10	10	6	20	8	20	10	24	16	13	2	14	6	8	8	12	4	6	3	14	2	5	17	21	15	13	3	17	17	
1749_A/chicken/Changhua/1 7	5	12	7	10	6	12	8	10	12	1	0	4	1	0	10	12	4	9	0	9	3	7	0	9	9	8	1	7	3	8	2	12	10	27	8	10	6	20	9	20	12	23	15	13	2	13	6	7	8	11	5	7	3	15	1	5	17	21	16	12	4	18	16	
1750_A/chicken/Changhua/1 7	5	12	7	10	5	12	8	11	13	1	0	3	1	0	10	11	2	9	0	9	5	7	0	9	10	8	0	8	3	8	2	12	10	27	8	10	6	20	9	20	10	24	16	13	2	13	6	7	8	12	4	7	3	14	2	5	17	22	16	13	3	17	16	
1751_A/chicken/Changhua/1 7	5	11	7	10	6	13	8	11	12	1	0	3	1	0	10	11	3	9	0	9	4	7	0	8	9	8	0	9	3	8	2	10	8	26	8	10	8	21	9	20	12	24	16	13	2	14	6	8	9	12	4	7	3	14	2	6	18	22	15	12	1	16	17	
1752_A/chicken/Changhua/1 6	5	12	7	11	5	12	8	11	14	1	0	3	1	0	10	11	2	9	0	9	5	7	0	9	11	8	0	8	2	8	2	12	10	26	9	9	6	20	9	21	10	24	16	13	2	13	6	7	8	12	4	7	3	14	1	6	15	22	17	13	3	17	16	
1753_A/chicken/Changhua/1 6	5	12	7	11	4	12	8	11	14	1	0	3	2	0	10	10	2	9	0	10	5	7	0	9	11	8	0	8	2	8	2	12	10	28	8	9	6	19	9	21	10	25	14	13	1	13	7	8	8	10	4	6	3	16	1	7	15	22	16	13	3	17	17	
1754_A/chicken/Changhua/1 5	5	12	7	12	4	12	8	11	14	1	0	4	2	0	10	10	1	9	0	10	4	7	0	8	11	8	0	8	2	8	2	12	10	26	7	8	7	21	8	21	10	25	13	13	2	13	9	7	8	12	5	8	3	14	1	8	15	21	15	12	3	18	18	
1755_A/chicken/Chiayi/150 7	5	12	7	10	6	12	8	11	13	1	0	3	1	0	10	11	3	9	0	9	4	7	0	9	9	8	0	8	3	8	2	12	10	27	8	10	6	20	9	20	10	24	16	13	2	14	6	7	8	12	4	7	3	14	2	5	17	21	15	13	3	17	17	
1756_A/chicken/Chiayi/150 7	5	12	7	10	6	12	8	11	12	1	0	3	1	0	10	11	3	9	0	9	4	7	0	9	9	8	0	8	3	8	2	12	10	26	8	10	6	21	9	20	11	24	16	13	2	14	6	7	8	12	4	7	3	14	2	5	17	21	15	13	3	17	17	
1757_A/chicken/Chiayi/150 7	5	12	7	10	6	12	8	11	12	1	0	3	1	0	10	12	4	9	0	9	3	7	0	9	9	8	1	7	3	8	2	12	10	27	8	10	6	20	9	20	11	24	15	13	2	14	6	7	8	12	5	7	3	14	1	5	17	22	16	13	3	16	16	
1758_A/chicken/Chiayi/170 5	5	12	7	12	4	12	8	11	14	1	0	3	1	0	10	10	2	9	0	11	4	7	0	9	10	8	0	8	3	8	2	12	9	27	9	9	7	20	8	21	10	25	14	13	2	13	7	8	8	11	4	6	3	15	1	7	15	22	16	13	3	17	17	
1759_A/chicken/Chiayi/181 5	5	12	7	12	4	12	8	9	14	1	0	5	2	0	10	10	1	9	0	10	4	7	0	10	11	8	0	7	2	8	2	12	9	26	8	7	8	22	7	21	10	24	13	13	2	13	9	8	8	12	4	8	3	14	1	8	15	23	16	12	3	16	18	
1760_A/chicken/China/007/ 8	3	12	7	9	9	12	8	11	11	1	0	4	3	0	10	12	3	9	1	7	3	6	0	8	9	10	1	8	3	8	1	11	9	28	12	10	8	19	6	18	12	21	19	14	2	14	5	8	7	14	5	6	5	10	1	8	12	22	19	12	3	18	12	
1761_A/chicken/China/1101 8	4	12	8	9	8	12	7	9	12	0	1	5	2	0	10	12	2	10	1	7	5	6	0	9	8	8	1	8	3	9	1	9	9	27	11	10	7	21	7	20	12	18	15	13	3	19	7	8	7	12	5	7	4	11	2	7	14	24	17	12	3	14	15	
1762_A/chicken/China/Cang 7	3	10	7	10	6	15	8	8	12	0	0	5	2	1	10	8	4	10	1	11	3	6	0	9	12	6	0	10	1	11	2	15	7	33	9	7	9	13	8	18	11	19	16	14	2	18	5	8	8	14	4	8	1	13	3	5	16	26	16	10	5	13	16	
1763_A/chicken/China/E93/ 7	4	13	6	12	9	11	9	8	11	1	0	6	3	0	10	9	3	8	0	8	4	8	0	10	8	10	1	9	2	8	0	11	12	28	13	11	6	25	2	18	9	26	13	13	1	14	6	9	7	12	5	3	6	11	3	11	11	21	21	11	3	18	10	
1764_A/chicken/China/E96/ 8	4	13	6	10	8	11	9	9	11	1	0	6	3	0	10	9	3	8	0	8	4	8	0	9	8	10	1	9	2	8	0	12	12	29	13	11	6	24	2	18	9	26	14	12	1	14	5	9	7	12	5	4	7	11	3	11	11	21	21	11	3	17	11	
1765_A/chicken/Chiping/03 8	4	15	6	10	6	9	9	9	10	0	1	6	3	0	10	8	3	7	1	10	6	7	0	8	9	10	1	8	2	8	0	11	13	30	11	11	7	22	4	18	9	27	16	14	1	14	3	8	6	12	5	6	5	12	3	13	10	20	21	9	4	18	11	
1766_A/chicken/Dongguan/2 7	4	12	7	10	7	12	8	11	9	1	0	4	3	0	10	12	3	8	1	7	5	8	0	8	10	9	1	9	2	8	1	13	10	29	10	6	7	19	6	19	11	22	18	15	2	13	6	9	8	13	5	7	3	12	1	5	16	25	16	12	3	14	16	
1767_A/chicken/Dongguan/3 7	4	12	7	10	7	12	8	10	9	1	0	4	3	0	10	12	3	8	1	7	5	8	0	9	10	9	1	9	2	8	1	13	10	29	10	7	7	19	6	18	11	22	18	15	2	13	6	9	8	13	5	7	3	12	1	5	16	25	16	12	3	14	16	
1768_A/chicken/Dongguan/4 7	4	12	7	10	7	12	8	11	9	1	0	4	3	0	10	12	3	8	1	7	5	8	0	8	10	9	1	10	2	7	1	13	10	29	10	7	7	19	6	18	11	22	18	15	2	13	6	9	8	13	5	7	3	12	1	5	16	25	16	12	3	14	16	
1769_A/chicken/Eastern_Ch 5	5	14	10	14	7	10	5	10	9	1	0	5	4	0	11	9	3	8	0	8	3	8	0	8	9	7	1	6	3	11	0	13	8	24	11	10	6	24	4	20	11	23	17	12	3	18	5	5	5	15	5	9	5	12	3	12	14	23	19	7	3	16	12	
1770_A/chicken/Eastern_Ch 5	5	14	10	14	7	10	5	9	9	1	0	5	4	0	11	9	3	8	0	8	3	8	0	9	9	7	1	6	3	11	0	13	8	24	11	10	6	24	4	20	11	23	17	12	3	18	5	5	5	15	5	9	5	12	3	12	14	23	19	7	3	16	12	
1771_A/chicken/Eastern_Ch 6	5	14	8	12	7	10	7	8	10	1	0	5	3	0	10	8	3	7	0	9	5	7	0	12	7	6	1	7	4	12	0	17	9	22	12	6	5	28	4	19	12	24	17	14	2	14	5	6	6	15	8	8	4	14	1	9	14	23	16	7	3	17	13	
1772_A/chicken/Eastern_Ch 8	4	14	7	11	9	10	8	8	10	1	0	5	3	0	10	7	3	7	0	10	4	7	0	12	7	7	1	7	4	10	1	16	9	23	11	6	6	26	6	18	12	24	17	14	1	15	5	6	7	15	8	8	4	13	0	9	15	24	16	7	2	17	13	
1773_A/chicken/Fujian/1/2 7	4	12	7	12	7	12	8	8	9	1	0	5	3	0	10	10	2	9	0	8	4	7	0	10	11	7	1	8	2	12	0	14	10	21	12	8	5	24	5	19	11	21	18	14	2	16	4	8	7	16	7	8	5	12	0	7	18	21	18	9	3	15	14	
1774_A/chicken/Fujian/11. 7	4	12	6	9	7	13	9	12	11	1	0	3	3	0	10	12	4	8	0	7	4	8	0	6	10	10	1	9	2	8	1	12	11	30	9	7	9	17	7	19	10	25	16	14	2	10	7	9	7	15	5	7	2	11	1	6	14	25	18	12	4	15	15	
1775_A/chicken/GY/a451/20 11	3	13	4	10	4	11	11	5	19	0	0	5	0	1	10	8	4	8	0	2	6	5	2	9	5	9	1	11	4	11	1	12	6	26	10	11	7	20	8	21	13	23	16	14	2	12	7	6	6	10	7	7	8	12	6	9	14	28	21	11	2	10	7	
1776_A/chicken/Gansu/5/20 7	7	13	5	11	5	11	10	8	12	0	1	7	2	0	10	9	3	8	0	8	4	8	0	10	8	10	1	8	2	8	0	11	12	31	13	11	6	23	2	18	9	27	16	13	1	13	3	10	7	11	4	4	7	11	4	12	11	22	21	9	3	18	9	
1777_A/chicken/Gansu/6/20 7	4	13	6	11	8	11	9	8	11	0	1	6	3	0	10	9	3	8	0	8	4	8	0	10	8	10	1	9	2	8	0	11	12	27	13	11	6	25	2	18	9	27	13	13	1	14	7	9	7	12	5	4	8	11	3	12	10	22	21	9	3	17	10	
1778_A/chicken/Ganzhou/GZ 8	4	11	7	9	7	13	8	10	11	1	0	4	3	0	10	12	3	9	1	7	5	6	0	8	9	9	1	9	3	8	1	13	10	30	10	7	7	19	6	19	13	19	20	15	1	15	4	9	8	13	5	6	3	12	1	6	14	25	17	11	3	14	15	
1779_A/chicken/Guangdong/ 7	4	13	9	11	9	11	6	8	9	1	0	6	3	0	10	9	4	7	0	9	2	7	0	10	10	8	1	6	3	12	0	13	9	24	12	8	6	24	6	18	10	22	17	15	1	15	6	8	7	14	7	7	5	13	0	9	15	24	20	8	3	16	11	
1780_A/chicken/Guangdong/ 6	4	14	7	11	7	10	8	11	9	1	0	3	3	0	10	12	3	9	0	7	5	6	0	8	10	10	1	9	2	6	1	13	11	29	9	6	7	19	6	19	11	23	17	14	2	14	6	9	8	14	7	7	3	12	1	4	16	25	16	14	3	13	16	
1781_A/chicken/Guangxi/16 6	4	13	8	13	8	11	7	9	10	1	0	5	3	0	10	7	3	7	0	10	4	9	0	7	9	6	3	10	2	11	0	11	11	28	10	11	6	22	5	20	11	24	14	13	1	16	6	6	6	13	7	8	5	13	1	5	15	23	20	11	3	17	10	
1782_A/chicken/Guangxi/S2 7	4	13	10	12	7	11	5	8	9	1	0	6	3	0	10	7	4	7	0	10	2	8	0	8	11	7	0	8	3	10	1	13	9	25	10	9	6	22	7	21	10	24	18	13	1	14	6	5	7	17	7	8	3	12	0	11	16	23	17	9	3	17	14	
1783_A/chicken/Guizhou/7/ 6	5	12	6	12	5	13	9	6	12	1	0	6	3	0	10	11	4	7	0	7	4	7	0	8	9	8	1	9	3	12	0	14	10	24	12	9	5	24	5	20	11	22	17	12	1	14	6	9	7	14	7	8	4	12	0	7	15	25	16	9	4	14	15	
1784_A/chicken/Hebei/1102 9	3	13	7	8	7	13	8	8	11	1	0	8	4	0	10	8	3	7	1	9	3	7	0	12	10	8	1	7	2	10	1	10	9	29	10	11	9	24	4	20	10	23	16	14	1	15	3	10	7	12	6	6	5	12	2	9	12	23	15	10	3	15	15	
1785_A/chicken/Hebei/1102 9	3	13	7	8	7	13	8	8	11	1	0	8	4	0	10	8	3	7	1	9	3	7	0	12	10	8	1	7	2	10	1	10	9	28	11	11	9	24	4	20	10	23	16	14	1	15	3	10	7	12	6	6	5	12	2	9	12	23	15	10	3	15	15	
1786_A/chicken/Hebei/3/20 7	4	15	6	11	7	9	9	8	12	0	1	7	3	0	10	8	3	7	0	10	5	8	0	8	8	11	1	7	2	7	0	10	13	30	12	12	6	22	3	20	9	29	14	14	1	14	4	9	8	14	5	7	4	10	3	11	10	22	22	8	3	15	10	
1787_A/chicken/Hebei/A-8/ 6	4	13	7	11	7	12	8	7	11	0	1	9	3	0	10	8	3	8	0	8	4	7	0	13	8	9	1	6	2	9	0	13	10	28	12	11	7	26	2	19	10	23	17	14	0	15	4	8	7	13	6	5	6	10	2	9	14	23	19	10	2	15	13	
1788_A/chicken/Heilongjia 7	4	14	7	12	7	10	8	8	13	0	1	7	1	0	10	8	3	7	1	9	5	7	0	8	8	9	1	8	2	9	0	11	11	28	11	10	9	24	4	21	9	26	16	14	1	15	3	9	6	13	5	6	6	12	3	11	10	20	22	8	3	17	10	
1789_A/chicken/Henan/A-7/ 8	4	12	7	10	8	12	8	7	9	0	1	8	4	0	10	9	4	8	0	9	4	7	0	10	10	9	1	8	1	8	0	14	9	22	12	11	7	26	3	18	10	22	16	14	1	18	3	6	8	14	7	6	6	11	1	8	12	24	22	10	4	17	11	
1790_A/chicken/Henan/Q7/2 7	4	14	6	11	6	10	9	8	11	0	1	7	3	0	10	9	3	7	1	9	6	7	0	9	8	10	1	7	2	8	0	12	13	26	12	11	6	25	3	19	10	25	16	14	1	14	3	8	6	14	5	6	6	12	3	11	10	17	21	9	4	20	12	
1791_A/chicken/Henan/YB05 6	4	12	7	11	7	12	8	10	10	1	0	3	3	0	10	12	3	8	0	7	5	7	0	8	10	10	1	10	2	6	1	13	12	29	9	6	6	19	6	19	10	23	18	14	2	14	5	8	8	14	7	8	3	12	1	4	15	26	15	14	3	13	17	
1792_A/chicken/Hsinchu/16 6	5	12	6	11	4	12	9	11	13	1	0	3	2	0	10	11	2	9	0	9	5	7	0	9	11	8	0	8	2	8	2	12	10	27	8	9	6	19	9	21	10	26	15	13	2	13	7	7	8	11	4	7	3	15	1	5	17	21	17	13	3	17	16	
1793_A/chicken/Huadong/4/ 10	4	12	7	9	7	12	8	7	11	0	1	7	3	0	10	8	3	6	0	9	4	8	0	12	9	10	1	8	2	8	0	15	10	29	13	11	5	24	2	18	10	24	16	14	0	13	4	7	7	12	6	6	7	11	2	9	13	23	19	9	4	18	12	
1794_A/chicken/Hubei/2856 6	6	12	7	12	6	12	8	7	11	1	0	5	3	0	10	10	3	8	0	8	4	6	0	10	7	7	1	8	5	11	0	15	8	22	12	7	7	26	5	21	10	23	17	12	2	16	5	8	8	13	7	7	5	13	0	8	14	26	17	9	3	13	15	
1795_A/chicken/Hubei/ZYSJ 6	4	13	7	11	7	11	8	10	10	1	0	3	3	0	10	12	3	8	0	7	5	7	0	9	10	10	1	10	2	6	1	13	12	29	9	6	6	19	6	18	10	23	18	14	2	14	5	8	8	14	7	8	3	12	1	4	15	26	15	14	3	13	17	
1796_A/chicken/Hubei/ZYSJ 6	4	13	7	11	7	11	8	10	10	1	0	3	3	0	10	12	3	8	0	7	5	7	0	9	10	10	1	10	2	6	1	13	12	29	9	6	6	19	6	18	10	23	18	14	2	14	5	8	8	14	7	8	3	12	1	4	15	26	15	14	3	13	17	
1797_A/chicken/Hubei/ZYSJ 6	4	13	7	11	7	11	8	10	10	1	0	3	3	0	10	12	3	8	0	7	5	7	0	9	10	10	1	10	2	6	1	13	12	29	9	6	6	19	6	18	10	23	18	14	2	14	5	8	8	14	7	8	3	12	1	4	15	26	15	14	3	13	17	
1798_A/chicken/Hunan/02.0 7	4	12	7	10	8	12	8	10	11	1	0	4	3	0	10	12	3	10	1	7	3	5	0	7	10	10	1	9	2	8	1	11	10	29	12	9	7	18	6	20	11	19	18	12	3	18	4	8	7	13	5	7	5	12	1	7	13	23	20	12	3	16	12	
1799_A/chicken/Hunan/03.0 8	4	13	5	9	7	11	10	10	11	1	0	4	3	0	10	10	3	9	0	8	5	6	0	7	9	10	1	9	3	8	1	12	10	29	12	9	7	18	6	21	12	18	20	12	2	17	3	8	9	12	6	7	3	13	1	6	13	25	19	12	3	14	13	
1800_A/chicken/Hunan/12.2 6	4	11	7	11	7	13	8	13	9	1	0	5	3	0	10	12	3	9	1	7	5	7	0	5	10	9	1	9	2	8	1	12	10	30	9	6	7	18	7	20	11	24	17	14	2	12	6	8	7	14	5	9	3	11	1	6	16	25	15	12	3	14	17	
1801_A/chicken/Hunan/12.2 6	4	11	7	11	7	13	8	10	11	1	0	4	3	0	10	12	4	9	1	7	4	6	0	8	9	8	1	9	3	9	1	13	9	30	11	7	8	19	5	20	13	19	19	14	1	15	5	9	8	13	5	6	4	12	1	6	12	25	17	11	4	14	15	
1802_A/chicken/Hunan/1793 6	6	12	8	12	6	12	7	8	11	1	0	5	3	0	10	9	3	9	0	8	3	5	0	9	10	7	1	9	3	12	0	14	10	23	12	8	5	24	4	19	11	23	18	15	2	16	3	9	7	15	5	8	5	13	1	6	13	26	17	8	4	13	16	
1803_A/chicken/Hunan/21/2 6	6	12	8	12	6	12	7	8	11	1	0	4	3	0	10	10	3	8	0	8	3	6	0	10	10	7	1	8	3	12	0	14	9	23	12	8	6	26	5	19	12	21	19	13	1	16	4	7	7	13	7	9	5	13	0	7	14	25	17	9	4	14	14	
1804_A/chicken/Hunan/3/20 8	4	12	10	12	7	12	5	8	11	1	0	6	3	0	10	7	4	7	0	9	2	8	0	8	10	8	0	8	3	11	0	12	9	22	10	10	6	26	7	19	11	24	16	14	1	13	8	5	5	15	7	8	6	13	0	11	14	22	20	8	3	18	11	
1805_A/chicken/Hunan/3157 7	6	12	8	11	6	12	7	7	11	1	0	5	3	0	10	9	3	8	0	8	4	6	0	10	9	6	1	9	3	13	0	13	9	22	12	8	6	24	6	19	11	24	17	13	2	16	4	10	7	13	6	7	5	14	1	7	14	25	16	8	5	14	15	
1806_A/chicken/Hunan/8/20 7	5	12	10	11	6	12	5	8	11	1	0	6	3	0	10	8	4	7	0	9	2	8	0	8	10	9	0	7	3	11	0	12	9	24	10	10	6	25	6	20	11	24	18	14	1	13	6	5	5	14	7	9	6	14	0	10	14	24	21	8	3	16	10	
1807_A/chicken/Jiangsu/10 7	4	15	5	11	7	11	10	9	12	0	1	7	2	0	10	9	3	7	0	8	5	8	0	10	7	10	1	9	3	8	0	12	11	29	12	11	6	24	3	19	9	25	17	13	1	14	4	9	8	14	5	4	6	10	2	9	11	20	22	9	3	17	10	
1808_A/chicken/Jiangsu/18 9	4	12	7	9	8	12	8	7	11	0	1	7	3	0	10	8	3	8	0	9	4	7	0	13	8	10	1	7	2	8	0	15	10	29	12	10	6	24	3	18	10	24	16	14	0	14	3	7	7	12	6	6	7	11	2	9	13	24	20	10	3	16	12	
1809_A/chicken/Jiangsu/24 6	5	13	10	13	7	11	5	8	10	1	0	5	3	0	10	7	4	8	0	10	2	8	0	9	10	6	2	9	2	12	0	12	10	27	10	11	7	21	6	21	11	22	16	12	1	17	5	5	6	13	7	8	4	14	2	7	15	23	19	9	3	17	11	
1810_A/chicken/Jiangsu/92 7	6	13	10	12	7	11	5	8	10	1	0	6	2	0	10	7	4	8	0	10	2	8	0	8	10	7	2	9	2	11	0	14	10	28	8	10	6	21	7	21	11	24	16	12	1	14	6	4	6	13	7	8	5	14	2	7	15	22	18	9	3	18	12	
1811_A/chicken/Jiangsu/XZ 7	4	14	6	11	7	10	9	8	11	0	1	8	3	0	10	8	3	8	0	9	5	7	0	10	8	10	1	7	2	8	0	11	12	27	13	10	6	26	2	20	9	28	16	14	1	13	4	9	7	12	5	7	6	11	3	10	11	21	21	9	3	17	10	
1812_A/chicken/Jiangsu/YB 5	5	14	10	14	7	10	5	9	9	1	0	5	4	0	11	9	3	8	0	8	3	8	0	9	9	7	2	6	3	11	0	12	8	24	11	11	6	24	4	20	11	23	16	13	3	17	5	5	5	15	5	9	5	12	3	12	14	23	19	7	3	16	12	
1813_A/chicken/Jiangsu/k0 6	4	13	9	13	7	11	6	9	10	1	0	7	3	0	10	8	3	7	0	9	2	9	0	7	11	7	0	8	3	12	0	14	7	26	10	10	7	22	5	20	12	25	16	12	1	14	7	5	5	14	7	7	6	14	2	10	15	22	18	8	3	17	12	
1814_A/chicken/Jiangxi/25 7	4	12	10	12	6	12	5	9	10	1	0	5	4	0	10	6	4	7	0	11	2	8	0	9	10	7	0	8	3	10	1	12	9	25	10	8	6	20	7	22	9	24	17	13	1	14	8	6	7	16	7	8	3	12	1	10	15	24	18	10	4	17	13	
1815_A/chicken/Jiangxi/NC 8	3	12	7	9	8	12	8	10	9	1	0	4	3	0	10	13	4	9	1	6	4	7	0	9	10	9	1	9	2	8	1	13	10	29	10	7	7	19	6	18	11	22	18	15	2	13	6	9	8	13	5	7	3	12	0	4	16	25	16	13	3	14	17	
1816_A/chicken/Jiangxi/NC 8	3	12	7	9	8	12	8	10	9	1	0	4	3	0	10	12	4	9	1	7	4	7	0	9	10	9	1	9	2	8	1	13	10	29	10	7	7	19	6	18	11	22	18	15	2	13	6	9	8	13	5	7	3	12	0	5	15	25	16	12	4	14	17	
1817_A/chicken/Jiangyin/J 8	4	12	6	9	6	12	9	8	11	1	0	6	3	0	10	12	4	8	0	7	6	7	0	6	8	10	1	9	3	8	1	12	10	28	12	9	7	19	6	20	12	19	19	13	2	17	3	8	9	13	6	7	3	12	1	6	13	25	19	11	4	14	13	
1818_A/chicken/Kaohsiung/ 7	5	12	6	10	6	12	9	10	12	1	0	5	1	0	10	11	3	9	0	9	4	7	0	9	9	8	0	7	3	8	2	12	11	28	7	10	5	20	9	21	10	24	16	14	2	12	7	7	7	12	5	7	4	14	1	7	17	21	15	11	3	17	17	
1819_A/chicken/Kaohsiung/ 7	5	12	6	10	6	12	9	10	12	1	0	5	1	0	10	11	3	9	0	9	4	7	0	9	9	8	0	7	3	8	2	13	10	28	7	9	7	20	9	21	10	24	16	14	2	13	6	8	7	12	5	6	3	14	1	7	17	21	15	11	3	17	17	
1820_A/chicken/Kaohsiung/ 7	5	11	5	10	6	13	10	10	12	1	0	5	1	0	10	11	3	9	0	9	4	7	0	9	9	8	0	7	3	8	2	12	10	28	7	10	7	20	9	21	11	24	16	14	2	13	6	7	7	11	5	7	3	15	1	7	16	21	15	11	3	17	17	
1821_A/chicken/Kaohsiung/ 7	5	12	6	10	6	12	9	10	12	1	0	5	1	0	10	11	3	9	0	9	4	7	0	9	9	8	0	7	3	8	2	12	10	28	7	10	7	19	9	21	10	24	16	14	2	13	6	7	7	11	5	7	3	16	1	6	17	21	15	12	3	17	17	
1822_A/chicken/Kaohsiung/ 7	5	12	6	10	6	12	9	10	12	1	0	5	1	0	10	11	3	10	0	9	4	6	0	8	9	8	0	8	3	8	2	12	10	29	7	10	7	19	9	21	10	24	16	14	2	13	6	7	7	12	5	7	3	14	1	8	17	22	15	10	3	16	17	
1823_A/chicken/Kaohsiung/ 7	5	11	5	10	6	13	10	10	12	1	0	5	1	0	10	11	3	9	0	9	4	7	0	9	9	8	0	7	3	8	2	12	10	28	7	10	7	20	9	21	11	24	16	14	2	13	6	7	7	11	5	7	3	15	1	7	16	21	15	11	3	17	17	
1824_A/chicken/Kaohsiung/ 8	5	12	6	9	6	12	9	10	12	1	0	4	1	0	10	11	3	9	0	9	4	7	0	9	9	8	0	8	3	8	2	12	10	28	7	10	7	20	9	20	11	27	16	14	2	12	5	7	7	12	5	7	3	14	1	7	16	21	14	10	4	17	18	
1825_A/chicken/Kaohsiung/ 5	5	12	7	12	4	12	8	10	15	1	0	3	1	0	10	10	2	9	0	10	5	7	0	9	11	8	0	8	2	8	2	12	11	27	8	9	6	20	9	21	10	25	15	13	2	12	7	8	7	12	4	6	3	14	1	7	15	22	16	13	3	17	17	
1826_A/chicken/Kaohsiung/ 5	5	12	7	12	4	12	8	12	15	1	0	4	1	0	10	10	2	9	0	10	4	7	0	8	10	8	0	8	2	8	2	12	10	26	8	8	7	21	9	21	10	23	13	13	2	13	10	8	8	12	4	8	3	14	1	6	15	22	16	12	3	17	17	
1827_A/chicken/Kaohsiung/ 5	5	12	7	12	4	12	8	10	15	1	0	4	0	0	10	11	2	9	0	9	5	7	0	10	12	9	1	7	1	7	2	11	10	25	7	10	6	23	10	21	11	23	14	13	2	14	7	8	8	12	4	6	3	13	1	9	14	22	16	11	3	17	17	
1828_A/chicken/Kaohsiung/ 5	5	12	7	12	4	12	8	10	15	1	0	4	0	0	10	11	2	9	0	9	5	7	0	10	12	9	1	7	1	7	2	12	10	25	7	9	6	23	10	21	10	24	13	13	2	13	8	8	8	12	4	6	3	13	1	9	15	22	16	11	3	17	17	
1829_A/chicken/Liaoning/2 10	5	10	8	7	8	13	7	8	11	1	0	5	3	0	9	11	3	6	0	9	3	8	0	11	10	9	1	6	3	11	0	14	9	23	12	8	6	26	5	17	11	18	18	13	1	18	7	6	8	13	7	9	3	14	0	8	14	25	18	9	4	14	15	
1830_A/chicken/Liaoning/A 8	4	12	8	10	8	12	7	7	10	0	1	7	3	0	11	10	3	7	0	7	4	7	0	11	10	10	1	8	2	8	0	12	9	26	12	10	7	24	3	17	9	23	15	14	2	20	3	9	8	12	7	6	6	11	1	9	12	24	22	10	3	16	11	
1831_A/chicken/Liaoning/S 7	4	13	6	11	7	11	9	8	12	0	1	7	2	0	10	9	3	8	0	8	5	8	0	10	8	10	1	8	2	8	0	13	11	27	13	12	7	24	2	18	9	26	16	14	1	14	3	10	7	13	5	2	7	11	3	11	11	21	20	9	3	18	11	
1832_A/chicken/Miaoli/150 7	5	12	7	10	6	12	8	11	12	1	0	3	1	0	10	11	3	9	0	9	4	7	0	9	9	8	0	8	3	8	2	12	10	27	8	10	6	20	9	20	11	24	16	13	2	14	6	7	8	13	5	7	3	13	1	5	17	21	16	13	3	17	16	
1833_A/chicken/Nantou/161 7	5	12	5	10	6	12	10	10	12	1	0	5	1	0	10	11	3	9	0	8	4	7	0	10	9	8	0	7	3	8	2	12	10	28	8	10	7	19	8	21	10	24	16	14	2	13	6	7	7	11	5	7	3	16	1	6	17	20	14	12	3	18	18	
1834_A/chicken/New_Taipei 8	5	12	6	9	5	12	9	10	13	1	0	5	1	0	10	11	3	10	0	9	4	6	0	8	10	8	0	8	2	8	2	12	10	29	7	10	7	19	9	20	10	25	16	15	2	13	5	7	7	12	5	7	3	14	1	7	17	22	15	11	3	16	17	
1835_A/chicken/New_Taipei 8	5	12	6	9	5	12	9	10	13	1	0	5	1	0	10	11	3	10	0	9	4	6	0	9	10	8	0	7	2	8	2	12	10	29	7	10	7	19	9	22	10	25	16	14	2	13	5	7	7	12	5	7	3	14	1	6	18	21	15	11	3	16	17	
1836_A/chicken/New_Taipei 5	5	12	6	12	4	12	9	11	15	1	0	3	1	0	10	10	2	9	0	10	6	7	0	9	10	8	1	8	2	8	2	11	10	27	8	10	6	20	9	21	10	25	13	13	2	13	7	8	8	12	4	6	3	14	1	7	14	22	16	13	3	17	17	
1837_A/chicken/New_Taipei 7	5	12	6	10	6	12	9	10	13	1	0	7	1	0	10	11	4	9	0	9	3	7	0	9	9	8	0	5	2	8	2	12	11	27	9	10	6	20	8	20	11	25	17	14	2	13	4	6	7	12	6	8	3	14	1	6	17	22	15	12	3	16	16	
1838_A/chicken/New_Taipei 7	5	12	7	10	6	12	8	11	13	1	0	7	1	0	10	11	4	9	0	9	3	7	0	8	9	8	0	5	2	8	2	12	11	27	10	10	6	20	8	20	11	24	17	14	2	13	3	6	8	12	6	8	2	14	1	6	17	23	15	12	3	16	16	
1839_A/chicken/New_Taipei 7	5	12	7	10	6	12	8	11	13	1	0	7	1	0	10	11	4	9	0	9	3	7	0	8	9	8	0	5	2	8	2	12	11	27	10	10	6	20	8	20	11	25	17	14	2	13	3	6	8	12	6	8	2	14	1	6	17	22	15	12	3	16	16	
1840_A/chicken/New_Taipei 7	5	12	7	10	6	12	8	11	13	1	0	7	1	0	10	11	4	9	0	9	3	7	0	8	9	8	0	5	2	8	2	12	11	27	10	10	6	20	8	20	11	25	17	14	2	13	3	6	8	12	6	8	2	14	1	6	17	22	15	12	3	16	16	
1841_A/chicken/New_Taipei 5	5	12	7	12	3	12	8	13	14	1	0	3	1	0	10	9	3	9	0	10	5	7	0	7	11	8	0	8	2	8	2	12	10	27	8	8	7	20	9	21	10	25	14	13	2	13	8	6	8	12	4	8	4	14	1	7	16	23	16	13	2	15	17	
1842_A/chicken/Ningxia/2/ 7	7	13	5	11	5	11	10	8	12	0	1	7	2	0	10	9	3	8	0	8	4	8	0	10	8	10	1	8	2	8	0	11	12	30	13	11	6	23	2	18	9	27	16	13	1	13	3	10	7	12	4	4	7	11	4	12	11	21	22	9	3	18	9	
1843_A/chicken/Ningxia/22 7	7	13	5	11	5	11	10	8	12	0	1	7	2	0	10	9	3	8	0	8	4	8	0	10	8	10	1	8	2	8	0	11	12	30	13	11	6	23	2	18	9	27	16	12	1	13	3	10	7	12	4	4	7	11	4	12	11	21	22	10	3	18	9	
1844_A/chicken/Ningxia/24 8	4	12	9	10	8	12	6	8	10	0	1	7	4	0	10	9	3	7	0	9	4	7	0	10	10	11	1	7	2	7	0	13	9	23	12	10	8	26	3	17	10	22	16	16	1	18	4	8	8	13	7	6	5	11	1	8	11	25	20	9	4	16	13	
1845_A/chicken/North_Chin 6	4	13	7	12	9	11	8	8	10	1	0	7	3	0	10	9	3	6	0	9	4	8	0	12	7	7	1	6	4	11	0	15	10	26	11	5	5	26	5	19	11	24	18	13	1	14	4	7	7	14	8	9	3	13	0	9	14	24	17	7	4	16	13	
1846_A/chicken/PH/A2821/2 12	4	13	4	9	5	11	11	5	17	0	0	5	1	1	10	8	5	8	1	3	6	5	1	9	4	10	1	10	3	10	1	11	6	27	9	10	7	20	8	22	14	23	15	14	2	12	7	8	7	9	8	9	6	12	6	7	14	29	24	11	2	9	4	
1847_A/chicken/PT/a158/20 11	3	13	5	10	4	11	10	5	19	1	0	5	0	0	10	8	4	8	0	2	6	5	2	9	5	9	1	11	5	10	1	12	6	27	10	11	7	19	8	21	14	23	16	14	1	12	7	6	6	10	7	10	6	11	6	9	14	29	21	11	2	9	7	
1848_A/chicken/Pingtung/1 7	6	12	7	10	5	12	8	11	12	1	0	3	1	0	10	11	3	9	0	9	4	7	0	9	9	8	0	8	3	8	2	12	10	27	8	10	6	20	9	20	11	24	16	13	2	14	6	7	8	13	4	7	3	13	2	5	16	22	15	13	4	16	17	
1849_A/chicken/Pingtung/1 8	5	12	7	10	6	11	8	10	12	1	0	4	1	0	10	11	3	8	0	9	4	8	0	9	9	8	0	8	3	8	2	12	10	29	7	10	6	20	9	20	10	24	15	14	3	13	7	8	8	12	4	6	3	14	2	5	17	22	15	12	3	16	17	
1850_A/chicken/Pingtung/1 5	5	12	7	12	4	12	8	11	15	1	0	3	0	0	10	10	2	9	0	10	5	7	0	9	11	8	0	8	2	8	2	13	10	26	7	9	6	21	10	20	11	24	15	13	2	13	7	7	8	12	4	6	3	14	1	8	15	22	16	12	3	17	17	
1851_A/chicken/Pingtung/1 5	5	12	7	12	3	12	8	12	14	1	0	3	1	0	10	9	4	9	0	10	5	7	0	8	11	8	0	8	1	8	2	12	9	27	8	8	8	20	9	21	10	24	14	13	2	14	8	6	8	12	4	8	4	14	1	7	16	23	16	13	2	15	17	
1852_A/chicken/Qingdao/1/ 8	4	15	7	10	6	9	8	9	11	0	1	6	3	0	10	8	3	7	1	10	6	7	0	8	8	10	1	8	2	8	0	11	13	30	11	11	7	22	4	20	9	27	16	13	1	14	3	8	6	12	5	6	5	13	2	14	10	20	22	7	4	18	10	
1853_A/chicken/SC/a688/20 11	3	13	4	10	4	11	11	5	19	0	0	5	0	1	10	8	4	8	0	3	5	5	2	9	5	9	1	11	5	10	1	12	6	28	10	11	7	18	8	21	14	23	16	14	1	12	7	6	6	10	7	8	8	12	6	9	13	29	21	11	2	9	7	
1854_A/chicken/Shandong/A 8	4	11	8	9	8	13	7	8	9	0	1	6	5	0	10	10	3	7	0	10	4	7	0	10	10	8	1	8	2	10	0	13	11	23	12	10	6	26	3	17	9	23	17	14	1	19	2	8	7	13	6	6	7	11	2	8	13	22	19	11	3	17	13	
1855_A/chicken/Shandong/S 8	4	15	7	10	6	9	8	8	12	0	1	6	3	0	10	8	3	7	1	10	6	7	0	8	8	10	1	8	2	8	0	11	13	30	11	11	7	23	3	20	9	27	16	13	1	14	3	8	6	12	5	6	5	13	2	14	10	20	22	7	4	18	10	
1856_A/chicken/Shantou/37 8	4	12	8	10	8	12	7	8	11	1	0	5	3	0	10	11	3	7	0	9	2	7	0	10	11	8	1	6	3	12	0	14	9	21	12	7	6	25	7	19	11	19	18	12	1	17	7	6	7	13	7	9	5	13	0	7	14	23	18	10	4	16	15	
1857_A/chicken/Shanxi/04. 6	5	11	7	10	6	13	7	8	12	1	0	5	0	0	10	6	3	8	0	8	4	7	0	12	9	8	1	8	3	7	1	10	11	29	7	8	6	16	8	18	10	22	18	11	1	14	4	5	8	11	4	8	2	14	1	8	13	22	17	9	4	13	15	
1858_A/chicken/Shanxi/10/ 7	4	13	8	10	6	12	6	6	12	0	1	7	3	0	10	10	3	7	0	9	5	7	0	11	10	9	1	7	2	9	0	16	10	25	11	9	7	23	4	18	9	21	18	14	1	20	4	5	7	12	7	6	6	12	2	9	13	24	18	11	3	17	12	
1859_A/chicken/Shanxi/12. 8	4	11	6	9	7	12	9	10	9	1	0	6	3	0	10	12	3	9	0	7	5	8	0	7	10	10	1	8	2	8	1	11	11	29	10	7	8	19	5	20	10	23	18	14	2	12	6	9	7	14	5	6	3	11	1	6	16	25	17	13	3	14	16	
1860_A/chicken/Sheny/0606 8	5	13	8	11	6	12	7	5	10	0	1	7	3	0	10	9	3	7	0	8	4	7	0	10	9	10	1	8	3	9	0	15	10	24	13	8	2	23	4	19	10	21	15	16	1	17	7	7	8	12	5	7	7	13	1	9	15	25	19	8	3	17	14	
1861_A/chicken/Shenzhen/1 7	4	12	7	10	7	12	8	10	9	1	0	4	3	0	10	12	3	8	1	7	5	8	0	9	10	9	1	9	2	8	1	13	10	30	10	7	8	18	6	18	11	23	17	15	2	13	6	9	7	13	5	8	2	12	1	6	15	25	17	12	3	13	16	
1862_A/chicken/Shenzhen/1 8	4	11	6	9	7	13	9	11	9	1	0	4	3	0	10	10	3	7	1	8	4	9	0	9	9	7	1	9	3	11	0	16	8	29	9	7	8	19	6	21	10	24	15	12	4	14	6	7	9	14	5	7	3	11	2	6	15	26	18	11	3	13	14	
1863_A/chicken/Shenzhen/2 7	4	12	7	10	7	12	8	11	9	1	0	4	3	0	10	12	3	8	1	7	5	8	0	8	10	9	1	9	2	9	1	13	10	29	10	6	7	19	6	19	11	22	17	15	2	13	7	9	8	13	5	7	3	12	1	5	16	25	18	12	3	13	14	
1864_A/chicken/Shenzhen/2 7	4	12	7	10	7	12	8	11	9	1	0	4	3	0	10	12	3	8	1	7	5	8	0	8	10	9	1	9	2	8	1	13	10	29	10	6	7	19	6	19	11	22	18	15	2	14	6	9	8	13	5	7	3	12	1	5	16	24	15	12	3	14	17	
1865_A/chicken/Shenzhen/2 7	4	12	7	10	7	12	8	11	9	1	0	4	3	0	10	12	3	8	1	7	5	8	0	8	10	9	1	9	2	8	1	13	10	29	10	6	7	19	6	19	11	22	18	15	2	14	6	9	8	13	5	7	3	12	1	5	16	24	15	12	3	14	17	
1866_A/chicken/Shenzhen/4 7	4	12	7	10	7	12	8	10	9	1	0	4	3	0	10	11	3	8	1	7	5	8	0	9	10	9	1	9	2	8	1	14	10	29	10	7	7	19	6	18	10	22	18	15	3	13	6	9	8	12	5	7	3	13	1	5	16	25	16	12	3	14	16	
1867_A/chicken/Shenzhen/5 7	4	12	7	10	7	12	8	11	9	1	0	4	3	0	10	12	3	8	1	7	5	8	0	8	10	9	1	9	2	8	1	13	10	28	10	6	7	20	6	19	11	22	18	15	2	13	6	9	8	13	5	7	3	12	1	5	16	25	15	12	3	14	17	
1868_A/chicken/Shenzhen/7 7	4	12	7	10	7	12	8	10	9	1	0	4	3	0	10	11	3	8	1	7	5	8	0	9	10	9	1	9	2	8	1	14	10	29	10	7	7	19	6	18	10	22	18	15	3	13	6	9	8	12	5	7	3	13	1	5	16	25	16	12	3	14	16	
1869_A/chicken/Shijiazhua 7	4	14	5	11	7	10	10	8	10	0	1	6	3	0	10	9	3	7	1	10	5	7	0	10	9	9	1	7	2	9	0	11	11	28	14	10	7	24	2	19	10	23	16	15	0	17	3	8	7	11	6	6	6	13	2	11	12	20	23	9	2	18	9	
1870_A/chicken/Sichuan/81 6	6	12	8	12	6	12	7	7	11	1	0	5	3	0	10	9	3	7	0	8	3	7	0	10	11	7	1	9	2	12	0	14	9	23	12	8	6	25	5	18	11	22	18	13	2	16	4	8	7	14	6	8	5	13	0	8	14	26	17	9	4	13	15	
1871_A/chicken/Sichuan/NC 8	4	10	6	9	7	14	9	11	9	1	0	4	3	0	10	10	3	7	1	8	4	9	0	9	9	7	1	9	3	11	0	14	8	28	9	7	8	20	6	21	10	24	16	12	4	14	5	9	9	14	5	7	3	11	2	6	15	27	18	11	3	12	14	
1872_A/chicken/Sichuan/k1 8	4	11	7	9	7	13	8	9	11	1	0	5	3	0	10	12	3	9	1	7	5	6	0	8	9	8	1	8	3	10	1	15	9	30	11	7	7	19	5	19	14	19	21	15	1	15	3	7	8	13	5	6	3	12	1	6	14	24	16	11	3	15	16	
1873_A/chicken/TC/a504/20 11	3	13	4	10	4	11	11	5	19	0	0	5	0	1	10	8	4	8	0	2	6	5	2	9	6	10	1	11	4	9	1	12	6	27	10	11	7	19	8	21	14	23	16	14	1	12	7	6	6	10	7	7	8	12	6	9	14	29	21	12	1	9	7	
1874_A/chicken/TY/a665/20 11	3	13	4	10	4	11	11	5	19	0	0	5	0	1	10	8	4	8	0	2	6	5	2	9	6	9	1	11	4	10	1	12	6	27	10	11	7	19	8	21	14	23	16	14	1	12	7	6	6	10	7	8	7	12	6	9	14	30	21	13	1	7	7	
1875_A/chicken/Taichung/1 7	5	12	7	10	6	12	8	11	12	1	0	3	1	0	10	11	3	9	0	9	4	7	0	9	9	8	0	8	3	8	2	12	10	26	8	10	6	21	9	20	11	24	16	13	2	14	6	7	8	12	4	7	3	14	2	5	17	21	15	13	3	17	17	
1876_A/chicken/Taichung/1 7	5	12	7	10	6	12	8	11	12	1	0	3	1	0	10	11	3	9	0	9	4	7	0	8	9	9	0	9	3	7	2	12	10	26	9	10	6	21	8	19	12	25	15	14	2	14	6	7	9	12	4	7	3	14	2	6	16	21	16	12	2	17	16	
1877_A/chicken/Taichung/1 7	5	11	7	10	6	13	8	11	12	1	0	4	1	0	10	11	3	10	0	9	4	6	0	8	8	9	0	8	4	7	2	12	10	26	9	10	6	21	8	20	12	25	15	14	2	13	7	7	9	12	4	7	3	14	2	5	16	21	16	12	2	17	16	
1878_A/chicken/Taichung/1 7	5	12	7	10	6	12	8	11	12	1	0	3	2	0	10	12	4	9	0	9	3	7	0	9	9	8	1	7	2	8	2	12	10	27	7	10	6	20	10	20	10	25	15	13	2	12	6	8	8	12	5	7	3	14	1	6	18	22	16	11	3	17	16	
1879_A/chicken/Tainan/150 7	5	12	7	10	6	12	8	10	12	1	0	5	1	0	10	11	3	10	0	9	4	6	0	9	9	8	0	7	3	8	2	13	10	28	7	10	6	20	9	19	11	23	16	14	2	14	6	7	8	12	5	7	3	14	1	5	17	21	15	13	3	17	17	
1880_A/chicken/Tainan/160 7	5	12	7	10	6	12	8	11	12	1	0	4	1	0	10	12	3	8	0	8	4	8	0	9	9	8	0	7	3	9	2	12	10	27	9	10	7	20	8	20	11	24	16	12	2	14	6	7	8	12	4	7	2	14	2	5	17	21	14	13	3	17	18	
1881_A/chicken/Tainan/170 7	5	12	6	10	6	12	9	11	11	1	0	4	2	0	10	10	3	9	0	10	4	7	0	9	9	6	1	7	3	9	2	13	11	28	7	9	7	20	9	21	10	25	16	14	1	12	6	6	7	11	5	8	3	15	1	7	17	21	14	11	3	17	18	
1882_A/chicken/Taipei_Cit 7	5	12	7	10	6	12	8	11	13	1	0	7	1	0	10	10	4	9	0	10	3	7	0	8	9	8	0	5	2	8	2	13	11	27	10	9	6	20	8	20	11	24	18	14	2	13	3	6	7	12	6	8	3	14	1	6	17	22	16	12	3	16	15	
1883_A/chicken/Taipei_Cit 6	5	11	6	11	4	13	9	12	15	1	0	3	1	0	10	10	2	9	0	10	4	7	0	8	10	8	0	8	2	8	2	12	10	28	8	8	7	18	9	21	10	25	14	13	2	12	9	8	8	12	4	7	3	14	1	7	15	22	18	13	3	17	15	
1884_A/chicken/Taipei_Cit 5	5	13	7	12	4	11	8	12	15	1	0	3	1	0	10	10	2	9	0	10	4	7	0	9	10	8	0	7	2	8	2	11	10	27	8	8	7	20	9	20	11	21	13	13	2	15	10	8	8	11	5	8	3	14	1	6	15	22	17	14	3	17	16	
1885_A/chicken/Taipei/160 8	5	12	6	9	6	12	9	11	12	1	0	5	1	0	10	11	3	9	0	9	4	7	0	8	9	8	0	7	3	8	2	12	10	28	8	10	7	19	8	21	10	24	16	14	2	13	6	7	7	11	5	7	3	16	1	6	17	21	15	12	3	17	17	
1886_A/chicken/Taipei/160 8	5	12	6	9	6	12	9	11	12	1	0	5	1	0	10	11	3	9	0	9	4	7	0	8	9	8	0	7	3	8	2	12	10	28	8	10	7	19	8	21	10	24	16	14	2	13	6	7	7	11	5	7	3	16	1	6	17	21	15	12	3	17	17	
1887_A/chicken/Taipei/161 7	5	12	7	10	6	12	8	10	12	1	0	6	1	0	10	11	3	10	0	9	4	6	0	8	9	8	0	7	4	8	2	12	10	27	6	10	7	21	10	20	10	24	17	14	2	13	5	7	7	12	5	7	3	14	1	8	17	22	15	10	3	16	17	
1888_A/chicken/Taipei/170 7	5	12	6	10	6	12	9	10	13	1	0	7	1	0	10	11	4	9	0	9	3	7	0	9	9	8	0	5	2	8	2	12	10	27	9	10	7	21	8	21	11	25	17	14	2	13	4	6	6	12	6	8	4	13	1	5	17	22	15	12	3	16	16	
1889_A/chicken/Taipei/170 7	5	12	6	10	6	12	9	10	13	1	0	7	1	0	10	11	4	9	0	9	3	7	0	9	9	8	0	5	2	8	2	12	11	27	9	10	6	20	8	21	11	25	17	14	2	13	4	6	7	12	6	8	3	14	1	5	17	23	15	12	3	15	16	
1890_A/chicken/Taipei/170 7	5	11	6	10	5	13	9	10	12	1	0	7	1	0	10	11	4	9	0	9	4	7	0	9	10	8	0	5	2	8	2	12	10	27	9	10	7	21	8	20	11	25	17	14	2	13	4	6	6	12	6	8	4	13	1	6	17	22	15	12	3	16	16	
1891_A/chicken/Taishun/TS 8	3	12	7	10	8	12	8	9	9	1	0	5	3	0	10	12	4	8	1	6	4	8	0	9	10	8	2	9	2	8	1	12	11	30	11	7	7	17	5	18	12	22	18	15	2	13	5	9	8	14	5	7	3	12	1	4	16	24	16	13	3	15	16	
1892_A/chicken/Taishun/TS 8	3	12	7	10	8	12	8	9	9	1	0	5	3	0	10	12	4	9	1	6	4	7	0	9	10	8	2	9	2	8	1	12	11	30	11	7	7	17	5	18	12	22	18	15	2	13	5	9	8	14	5	7	3	12	1	4	16	24	15	13	3	15	17	
1893_A/chicken/Taiwan/010 12	3	14	5	8	6	11	10	6	18	1	0	4	0	0	10	8	3	10	0	6	6	5	0	8	5	5	3	12	4	12	0	11	5	28	9	10	7	17	7	16	13	25	10	15	3	16	12	4	9	13	6	8	7	12	4	10	12	27	24	15	1	9	5	
1894_A/chicken/Taiwan/011 7	5	12	7	10	6	12	8	11	12	1	0	3	1	0	10	11	3	9	0	9	4	7	0	9	9	8	0	8	3	8	2	12	10	27	8	10	6	20	9	20	11	24	16	13	2	14	6	7	8	12	5	7	3	14	1	5	17	21	15	13	3	17	17	
1895_A/chicken/Taiwan/050 13	3	13	4	8	5	12	11	5	20	1	0	6	0	0	10	6	4	8	1	4	5	5	1	9	7	8	1	9	3	10	1	12	6	27	10	9	6	20	9	21	14	21	16	15	2	14	8	7	7	9	7	9	5	13	5	8	15	28	22	11	2	9	5	
1896_A/chicken/Taiwan/168 12	2	14	5	8	6	11	10	6	18	1	0	4	0	0	10	9	3	11	0	6	6	4	0	8	5	5	3	10	5	12	0	13	6	29	8	9	6	18	7	16	13	24	10	16	3	14	13	3	9	14	6	7	7	11	4	12	12	27	24	13	2	10	5	
1897_A/chicken/Taiwan/169 12	2	14	5	8	6	11	10	6	18	1	0	4	0	0	10	9	3	11	0	6	6	4	0	8	5	5	3	10	5	12	0	13	6	29	8	9	6	18	7	17	13	24	10	16	3	14	13	3	9	14	6	7	7	11	4	11	12	27	24	13	2	10	5	
1898_A/chicken/Taiwan/170 12	2	14	5	8	6	11	10	6	18	1	0	4	0	0	10	9	3	11	0	6	6	4	0	8	5	5	3	10	5	12	0	13	6	29	8	9	6	18	7	16	13	24	10	16	3	14	13	3	9	14	6	7	7	11	4	12	12	27	24	13	2	10	5	
1899_A/chicken/Taiwan/171 12	2	14	5	7	6	11	10	7	18	1	0	4	0	0	10	9	3	11	0	6	6	4	0	8	5	5	3	10	5	12	0	13	6	29	8	9	6	18	7	16	13	24	10	16	3	14	13	3	9	14	6	7	7	11	4	12	12	27	24	13	2	10	5	
1900_A/chicken/Taiwan/259 13	4	13	4	8	5	12	11	5	17	0	0	5	1	1	10	6	4	9	1	4	5	4	1	9	6	8	1	10	4	10	1	12	6	26	9	9	7	21	9	21	14	22	14	15	2	13	9	6	6	10	9	10	7	12	3	9	15	28	20	11	1	9	8	
1901_A/chicken/Taiwan/294 13	4	13	4	8	5	12	11	5	17	0	0	5	1	1	10	6	4	9	1	4	5	4	1	9	6	8	1	10	4	10	1	12	6	27	9	9	7	20	9	21	14	22	14	15	2	13	9	6	6	10	9	10	7	12	3	9	15	28	20	11	1	9	8	
1902_A/chicken/Taiwan/444 13	3	13	4	9	5	12	11	5	17	0	0	5	1	1	10	6	4	9	1	3	5	4	1	9	6	8	1	10	4	10	1	12	7	27	10	9	7	21	9	21	14	22	13	15	2	12	10	6	6	10	7	10	7	12	4	9	15	27	20	11	1	10	8	
1903_A/chicken/Taiwan/683 14	4	13	4	7	5	12	11	4	17	0	0	6	1	1	10	6	4	9	1	4	5	4	1	10	6	8	1	10	4	9	2	12	6	25	11	9	7	22	8	20	15	22	14	15	2	13	9	6	6	10	8	10	7	12	3	8	15	27	20	11	1	10	8	
1904_A/chicken/Taiwan/735 12	3	13	4	9	5	12	11	5	17	0	0	5	1	1	10	6	4	9	1	4	5	4	1	9	6	8	1	10	4	10	1	12	7	27	9	9	7	20	9	21	14	23	13	15	2	13	10	6	6	10	8	10	7	12	4	9	15	26	20	11	1	10	8	
1905_A/chicken/Taiwan/898 13	4	12	4	8	6	13	11	5	17	0	0	5	1	1	10	6	4	9	1	4	5	4	1	9	6	8	1	10	4	10	1	12	6	26	9	9	6	21	9	21	13	24	13	15	2	13	10	6	7	10	9	10	7	12	3	9	14	27	20	11	1	9	8	
1906_A/chicken/Taiwan/899 12	4	11	4	8	6	13	10	5	16	0	0	5	1	1	10	6	4	8	0	4	5	4	1	9	6	7	1	10	4	10	1	9	6	25	9	7	6	19	9	19	10	23	12	14	2	13	10	5	6	10	7	8	6	10	3	8	13	26	20	11	1	9	8	
1907_A/chicken/Taiwan/899 12	4	11	4	8	6	13	10	5	16	0	0	5	1	1	10	6	4	8	0	4	5	4	1	9	6	7	1	10	4	10	1	9	6	25	9	7	6	19	9	19	10	22	13	14	2	13	9	5	6	10	7	8	6	10	3	8	13	27	20	11	1	9	8	
1908_A/chicken/Taiwan/A1/ 12	3	15	4	9	4	9	11	4	20	0	0	6	0	1	10	8	4	8	0	2	6	5	2	9	6	7	3	12	4	10	1	13	7	28	10	10	6	20	6	22	15	24	16	14	0	11	7	6	5	9	6	8	7	12	5	8	14	27	19	11	2	10	12	
1909_A/chicken/Taiwan/A19 13	4	13	4	8	5	12	11	5	18	1	0	6	0	0	10	6	4	8	1	4	5	5	1	9	7	8	1	9	3	10	1	12	6	27	9	9	6	20	9	21	14	22	16	15	2	13	8	6	7	9	8	10	5	13	5	8	16	28	22	11	2	9	5	
1910_A/chicken/Taiwan/D2/ 5	5	12	6	12	4	12	9	10	15	1	0	4	0	0	10	11	2	9	0	9	5	7	0	10	12	8	0	7	1	8	2	13	10	24	7	8	6	24	10	21	10	24	14	13	3	13	8	8	9	13	4	6	3	13	1	8	14	21	15	12	2	17	18	
1911_A/chicken/Taiwan/D9/ 5	5	12	6	12	4	12	9	10	15	1	0	4	0	0	10	11	2	9	0	9	5	7	0	10	12	8	0	7	1	8	2	13	10	24	7	8	6	24	10	21	10	24	14	13	3	13	8	8	9	13	4	6	3	13	1	8	14	21	15	12	2	17	18	
1912_A/chicken/Tibet/LZ01 7	4	14	7	12	8	10	8	8	10	1	0	6	3	0	10	8	3	7	0	9	5	7	0	11	7	7	1	7	4	11	0	16	10	23	11	5	5	26	5	19	11	24	17	15	1	14	6	7	7	16	8	8	3	13	0	9	15	23	17	6	3	17	13	
1913_A/chicken/Wuhan/HAQL 5	5	14	10	14	7	10	5	9	9	1	0	5	4	0	11	9	3	8	0	8	3	8	0	9	9	7	2	6	3	11	0	13	8	24	11	10	6	24	4	20	11	23	16	13	3	17	5	5	5	15	5	9	5	12	3	12	14	23	19	7	3	16	12	
1914_A/chicken/Wuhan/HAQL 5	5	14	10	14	7	10	5	9	9	1	0	5	4	0	11	9	3	8	0	8	3	8	0	9	9	8	2	6	3	10	0	13	8	24	11	10	6	24	4	20	11	23	16	13	3	17	5	5	5	15	5	9	5	12	3	12	14	23	19	7	3	16	12	
1915_A/chicken/Wuhan/WHJF 10	6	13	7	9	5	11	8	2	12	1	0	5	3	0	10	11	4	8	0	8	4	6	0	10	10	8	2	11	2	11	0	13	11	29	11	8	4	22	7	17	14	12	13	15	0	21	7	7	7	12	6	9	4	13	5	6	14	24	17	10	3	15	12	
1916_A/chicken/Wuhan/WHYJ 7	4	11	7	10	7	13	8	12	9	1	0	3	3	0	10	11	3	9	1	8	5	7	0	7	10	10	1	10	2	7	1	13	10	28	10	7	7	20	6	17	12	22	17	15	2	13	7	9	9	13	6	7	2	12	1	6	15	26	16	12	3	13	15	
1917_A/chicken/Wuxi/WX-32 6	5	13	10	13	7	11	5	8	10	1	0	6	3	0	10	7	4	8	0	10	2	8	0	8	10	7	2	9	2	11	0	13	10	29	8	11	5	20	7	21	11	23	16	12	1	15	6	5	6	13	7	8	5	14	2	7	15	22	18	9	3	18	12	
1918_A/chicken/Wuxi/WX-33 6	5	14	10	13	7	10	5	8	10	1	0	6	3	0	10	7	4	8	0	10	2	8	0	8	10	6	2	9	2	12	0	13	11	28	8	10	5	21	7	21	11	24	16	12	1	14	6	5	6	13	8	8	5	14	2	7	15	22	18	9	3	18	11	
1919_A/chicken/Xinjiang/1 7	5	12	8	11	6	12	7	5	10	0	1	8	3	0	10	10	5	7	0	9	4	7	0	9	8	8	1	7	3	12	0	13	9	26	13	10	6	23	4	17	10	18	17	15	1	18	5	7	9	12	6	7	6	14	0	9	13	25	21	8	4	16	12	
1920_A/chicken/Xinjiang/2 7	6	13	8	11	6	12	7	7	10	0	1	8	3	0	10	10	4	7	0	8	3	7	0	8	10	10	1	8	3	8	1	13	8	25	13	11	7	23	4	17	10	19	16	15	1	20	5	7	9	9	6	7	5	15	0	9	13	25	21	8	4	16	11	
1921_A/chicken/Xinjiang/5 7	5	12	8	11	6	12	7	7	10	0	1	8	3	0	10	10	5	7	0	8	3	7	0	8	9	11	1	8	3	9	1	13	8	25	13	11	7	23	4	17	10	18	17	15	1	20	6	7	9	10	6	7	5	15	0	9	13	27	20	9	3	14	10	
1922_A/chicken/Xinjiang/5 7	5	12	8	11	6	12	7	5	10	0	1	7	3	0	10	10	4	7	0	8	4	7	0	11	9	9	1	8	3	10	0	13	9	25	13	10	6	23	4	17	10	19	18	15	1	19	4	7	9	12	6	7	6	13	0	9	13	24	21	8	4	17	12	
1923_A/chicken/Xinjiang/6 7	5	12	8	11	6	12	7	7	10	0	1	8	3	0	10	10	5	7	0	8	3	7	0	8	9	10	1	8	3	9	0	13	8	25	13	11	7	23	4	17	10	17	18	15	1	20	5	7	9	10	6	7	5	15	0	9	13	25	21	8	4	16	12	
1924_A/chicken/Xinjiang/6 7	5	11	8	11	6	13	7	6	10	0	1	7	3	0	10	10	4	7	0	8	4	7	0	10	9	9	1	8	3	10	0	13	9	26	13	10	6	22	4	17	10	18	18	15	1	20	4	7	9	12	6	7	6	13	0	9	13	25	21	8	4	16	12	
1925_A/chicken/Xuzhou/XZ6 8	3	12	6	10	7	12	9	9	10	1	0	5	3	0	10	10	4	8	1	6	4	8	0	11	10	8	1	9	2	9	1	12	12	29	9	8	6	20	6	20	11	22	17	13	2	12	7	8	7	13	5	8	3	12	1	5	15	23	16	13	4	16	16	
1926_A/chicken/YL/A3190/2 13	5	13	4	8	4	12	11	5	16	0	0	6	2	1	10	6	4	9	1	4	4	5	1	10	7	6	1	10	4	10	1	12	4	27	9	10	8	18	9	20	14	24	16	15	2	14	8	5	7	9	8	10	7	13	4	7	14	31	22	11	2	9	6	
1927_A/chicken/Yangzhou/Y 8	4	11	6	9	7	13	9	11	9	1	0	4	3	0	10	10	3	8	1	8	4	8	0	9	9	7	1	9	3	11	0	16	8	31	9	7	8	17	6	21	10	24	16	12	4	14	5	7	9	14	5	7	3	11	2	6	15	27	17	11	3	12	15	
1928_A/chicken/Yuhang/1/2 6	6	12	8	13	6	12	7	10	10	1	0	4	2	0	10	7	4	7	0	11	2	9	0	7	9	6	2	9	3	12	0	12	9	28	10	10	5	24	6	22	11	23	15	13	1	18	6	5	7	11	8	9	5	14	1	7	15	23	16	8	2	16	13	
1929_A/chicken/Yuhang/2/2 6	6	12	8	13	6	12	7	10	10	1	0	4	2	0	10	7	4	7	0	11	2	9	0	7	9	6	2	9	3	12	0	12	9	28	10	10	5	24	6	22	11	23	15	13	1	18	6	5	7	11	8	9	5	14	1	7	15	23	16	8	2	16	13	
1930_A/chicken/Yunlin/150 7	5	12	7	10	6	12	8	11	12	1	0	3	1	0	10	11	3	9	0	9	4	7	0	9	9	8	0	8	3	8	2	12	10	27	8	10	6	21	9	20	11	24	16	13	2	14	6	7	8	11	4	7	3	14	2	5	17	21	15	13	3	17	17	
1931_A/chicken/Yunlin/150 7	5	12	7	10	6	12	8	11	12	1	0	4	1	0	10	11	3	10	0	9	4	6	0	9	9	8	0	8	3	8	2	12	10	27	8	10	6	20	9	20	11	24	16	13	2	14	6	7	8	12	4	7	3	14	2	5	17	21	15	12	3	17	17	
1932_A/chicken/Yunlin/150 7	5	12	7	10	6	12	8	11	12	1	0	3	1	0	10	11	3	10	0	9	4	6	0	9	9	8	0	8	3	8	2	12	10	27	8	10	6	20	9	20	11	24	16	13	2	14	6	7	8	12	4	7	3	14	2	5	17	21	15	13	3	17	17	
1933_A/chicken/Yunlin/150 7	5	12	7	10	6	12	8	11	12	1	0	3	1	0	10	11	3	9	0	9	4	7	0	10	9	8	0	7	3	8	2	12	9	28	7	10	7	20	9	21	10	24	16	13	2	14	6	7	8	13	5	7	3	13	1	4	18	20	16	13	3	17	17	
1934_A/chicken/Yunlin/150 7	5	13	7	10	6	11	8	11	12	1	0	3	1	0	10	11	3	10	0	9	4	6	0	9	9	8	0	8	3	8	2	12	10	28	8	10	6	19	9	20	11	24	16	13	2	14	6	7	8	12	4	7	3	14	2	5	18	21	15	13	2	17	17	
1935_A/chicken/Yunlin/150 7	5	12	7	10	6	12	8	11	12	1	0	3	1	0	10	11	3	10	0	9	4	6	0	9	9	8	0	8	3	8	2	12	10	27	8	10	6	20	9	20	11	24	16	13	2	14	6	7	8	12	4	7	3	14	2	5	17	21	15	13	3	17	17	
1936_A/chicken/Yunlin/150 7	5	12	7	10	6	12	8	11	12	1	0	3	1	0	10	11	3	10	0	9	4	6	0	9	9	8	0	8	3	8	2	12	10	27	8	10	6	20	10	20	11	24	15	13	2	14	6	7	8	12	4	7	3	14	2	5	16	22	15	13	3	17	17	
1937_A/chicken/Yunlin/150 7	5	11	7	10	5	13	8	11	12	1	0	3	1	0	10	11	3	9	0	9	5	7	0	8	9	8	0	9	3	8	2	12	9	26	8	10	6	21	9	20	12	24	16	13	2	14	6	7	9	12	4	7	3	14	2	5	17	21	15	13	2	17	17	
1938_A/chicken/Yunlin/160 7	5	12	7	10	5	12	8	11	13	1	0	3	1	0	10	11	2	9	0	9	5	7	0	10	10	8	0	7	3	8	2	12	11	27	8	9	6	20	9	21	10	24	15	13	2	13	7	7	7	12	4	7	3	14	1	5	17	23	17	13	3	16	16	
1939_A/chicken/Yunlin/160 7	5	12	7	10	6	12	8	11	12	1	0	4	1	0	10	11	3	8	0	9	4	8	0	9	9	8	0	7	3	9	2	12	10	27	9	10	6	20	8	20	11	24	16	12	2	14	6	7	8	12	4	7	3	14	2	5	17	21	15	13	3	17	17	
1940_A/chicken/Yunlin/160 7	5	12	7	10	6	12	8	11	11	1	0	3	2	0	10	12	4	9	1	9	3	7	0	9	8	8	1	7	3	8	2	12	10	27	7	10	6	19	9	19	12	23	15	14	2	15	6	7	9	12	6	7	2	15	1	5	17	20	16	13	3	18	15	
1941_A/chicken/Yunlin/160 7	5	12	7	10	6	12	8	11	12	1	0	3	1	0	10	11	3	9	0	9	4	7	0	8	9	9	0	9	3	7	2	12	10	26	9	10	6	21	8	19	12	25	15	14	2	14	6	7	9	12	4	7	3	14	2	6	16	22	16	12	2	16	16	
1942_A/chicken/Yunlin/170 7	5	11	6	10	6	13	9	11	12	1	0	3	2	0	10	13	3	9	0	8	4	7	0	8	9	8	1	8	2	8	2	13	10	28	7	10	6	20	10	20	10	23	16	13	2	13	6	7	8	11	5	7	3	14	1	7	19	20	16	10	2	19	16	
1943_A/chicken/Yunlin/170 5	5	12	7	12	4	12	8	11	14	1	0	3	1	0	10	10	2	9	0	10	5	7	0	9	11	8	0	8	2	8	2	12	10	27	8	9	6	20	9	21	10	25	15	13	2	12	7	8	8	12	4	6	3	14	1	7	15	22	17	13	3	17	16	
1944_A/chicken/Yunlin/170 5	5	12	7	12	4	12	8	11	13	1	0	3	2	0	10	10	2	9	0	10	5	7	0	9	11	8	0	8	2	8	2	12	10	27	8	9	6	20	9	21	10	24	15	13	2	13	7	8	8	12	4	7	3	13	1	7	15	22	15	13	3	17	18	
1945_A/chicken/Yunlin/170 6	5	12	7	11	4	12	8	10	13	1	0	4	1	0	10	12	2	8	0	9	6	8	0	8	10	7	0	8	3	8	2	12	10	29	8	8	7	18	9	20	11	25	15	14	2	14	6	7	9	11	4	7	3	15	1	6	16	22	18	13	2	16	15	
1946_A/chicken/Yunlin/170 5	5	12	7	12	4	12	8	11	14	1	0	3	1	0	10	10	2	9	0	10	5	7	0	9	11	8	0	8	2	8	2	12	10	27	8	9	6	20	9	21	10	24	15	13	2	13	7	8	8	12	4	6	3	14	1	7	15	22	15	14	2	17	18	
1947_A/chicken/Yunlin/170 6	5	12	6	11	4	12	9	11	14	1	0	3	1	0	10	10	2	9	0	10	5	7	0	9	11	8	0	8	2	8	2	12	10	27	8	8	6	20	9	22	10	24	15	13	2	13	7	7	8	13	4	7	3	13	1	7	15	22	16	13	3	17	17	
1948_A/chicken/Yunlin/170 5	5	12	7	12	4	12	8	11	15	1	0	3	1	0	10	10	2	9	0	10	5	7	0	9	11	8	0	8	2	8	2	11	10	27	8	10	6	20	9	21	10	25	14	13	2	13	7	8	8	12	4	6	3	14	1	7	14	22	16	13	3	17	17	
1949_A/chicken/Yunlin/170 5	5	12	7	12	4	12	8	11	14	1	0	3	1	0	10	10	2	9	0	10	5	7	0	9	11	8	0	8	2	8	2	12	10	28	8	9	6	19	9	21	10	23	15	13	2	14	7	8	8	12	4	6	3	14	1	7	15	22	15	14	2	17	18	
1950_A/chicken/Yunlin/170 5	5	12	7	12	4	12	8	11	13	1	0	3	2	0	10	10	2	9	0	10	5	7	0	9	11	8	0	8	2	8	2	12	10	27	8	8	6	20	9	21	10	24	15	13	2	13	7	8	8	12	4	7	3	14	1	7	16	22	15	13	2	17	18	
1951_A/chicken/Yunlin/170 5	5	12	7	12	4	12	8	11	14	1	0	3	1	0	10	10	2	9	0	10	5	7	0	9	11	8	0	8	2	8	2	12	10	27	8	9	6	20	9	21	10	23	15	13	2	14	7	8	8	12	4	6	3	14	1	7	15	22	15	14	2	17	18	
1952_A/chicken/Yunlin/170 6	5	12	7	11	5	12	8	11	13	1	0	3	1	0	10	12	2	10	0	9	6	6	0	8	10	7	0	8	2	10	1	12	11	28	8	9	5	19	9	21	10	23	16	13	2	14	6	7	8	12	4	7	4	14	1	6	16	22	17	13	2	17	16	
1953_A/chicken/Yunlin/170 6	5	12	7	11	4	12	8	11	14	1	0	2	1	0	10	10	2	9	0	10	5	7	0	9	11	8	0	9	2	8	2	12	10	28	7	9	6	21	9	21	9	24	15	13	3	13	7	8	9	12	4	6	2	13	1	6	16	22	16	13	3	17	17	
1954_A/chicken/Yunlin/170 7	5	12	6	11	4	12	9	11	14	1	0	3	1	0	10	9	2	9	0	10	5	7	0	9	11	8	0	8	2	8	2	12	10	27	8	8	6	20	9	22	10	24	15	13	2	13	7	8	8	13	5	6	3	13	1	7	15	23	16	13	3	16	16	
1955_A/chicken/Yunlin/170 5	5	12	7	12	3	12	8	12	14	1	0	3	1	0	10	10	2	9	0	10	6	7	0	8	11	7	0	8	2	9	2	13	10	26	8	8	6	21	9	21	10	24	15	13	2	13	7	8	8	12	4	6	3	14	1	7	15	22	15	14	2	17	18	
1956_A/chicken/Yunlin/170 5	5	12	7	12	4	12	8	12	14	1	0	3	1	0	10	10	2	9	0	10	5	7	0	8	11	8	0	8	2	8	2	12	10	27	8	9	6	20	9	21	10	24	15	13	2	13	7	8	8	12	4	6	3	14	1	7	15	22	15	14	2	17	18	
1957_A/chicken/Yunlin/170 5	5	12	6	12	4	12	9	12	15	1	0	3	1	0	10	10	2	9	0	10	4	7	0	7	10	8	0	8	2	8	2	12	11	26	8	8	7	20	9	22	10	23	14	13	2	14	8	8	8	12	4	7	3	14	1	6	14	23	16	14	4	16	17	
1958_A/chicken/Yunlin/170 5	5	12	7	12	4	12	8	12	15	1	0	3	1	0	10	10	2	9	0	10	5	7	0	9	9	8	1	8	2	8	1	11	10	28	8	9	7	19	9	20	10	24	13	13	2	13	9	8	8	12	4	7	3	14	1	7	15	22	16	13	3	17	17	
1959_A/chicken/Yunlin/180 5	5	12	7	12	4	12	8	12	15	1	0	3	1	0	10	10	2	9	0	10	4	7	0	8	10	9	0	8	2	7	2	12	10	27	8	8	7	20	9	21	10	24	13	13	2	13	9	7	8	12	4	8	3	14	1	7	15	22	17	13	3	17	16	
1960_A/chicken/Yunlin/180 5	4	12	7	12	5	12	8	11	15	1	0	4	1	0	10	9	2	8	0	10	4	8	0	9	10	8	0	8	2	8	3	12	10	26	8	8	7	21	9	21	10	23	13	14	2	14	8	8	8	13	4	8	3	13	1	7	15	22	16	11	3	17	17	
1961_A/chicken/Yunlin/180 5	5	12	7	12	4	12	8	11	15	1	0	5	1	0	10	9	2	10	0	10	4	6	0	9	9	8	0	7	3	8	3	13	10	26	8	8	7	21	9	21	9	24	13	14	2	13	8	7	8	12	4	8	3	14	1	7	16	22	16	11	3	17	17	
1962_A/chicken/Yunlin/180 5	5	12	7	12	4	12	8	11	15	1	0	5	1	0	10	9	2	10	0	10	4	6	0	9	9	8	0	7	3	8	3	13	10	26	8	8	7	21	9	21	9	23	14	14	2	13	8	7	8	12	4	8	3	14	1	7	16	22	16	11	3	17	17	
1963_A/chicken/Yunlin/180 5	5	12	7	12	4	12	8	11	15	1	0	5	1	0	10	9	2	10	0	10	4	6	0	9	9	8	0	7	3	8	3	12	10	26	8	8	7	21	9	21	9	24	13	14	2	13	8	8	8	12	4	8	3	14	1	7	16	22	16	10	4	17	17	
1964_A/chicken/Yunlin/180 5	5	12	7	12	4	12	8	11	15	1	0	4	1	0	10	9	2	8	0	10	4	8	0	9	10	8	0	8	2	8	3	14	10	26	9	8	7	21	8	20	10	23	13	14	2	14	8	7	8	13	4	8	3	13	1	7	15	22	16	11	3	17	17	
1965_A/chicken/Yunlin/180 5	5	12	8	12	4	12	7	11	15	1	0	5	1	0	10	9	2	10	0	10	4	6	0	9	9	8	0	7	3	8	3	13	11	26	8	8	7	21	9	21	10	25	13	14	2	12	8	7	7	12	4	8	3	14	1	7	15	22	16	11	3	17	17	
1966_A/chicken/Yunlin/180 5	5	12	8	12	3	12	7	11	15	1	0	5	1	0	10	9	3	10	0	10	5	6	0	9	8	8	0	7	3	8	3	13	11	26	9	8	7	21	8	21	10	25	13	14	2	12	8	7	7	11	4	8	3	15	1	7	15	22	16	11	3	17	17	
1967_A/chicken/Yunlin/180 5	5	12	8	12	3	12	7	11	15	1	0	5	1	0	10	9	3	10	0	10	5	6	0	9	8	8	0	7	3	8	3	13	11	26	9	8	7	21	8	21	10	25	13	14	2	12	8	7	7	10	4	8	3	15	1	7	15	22	16	11	3	18	17	
1968_A/chicken/Yunlin/180 5	5	12	7	12	4	12	8	12	15	1	0	2	1	0	10	11	2	9	0	9	4	7	0	8	10	8	0	9	2	8	2	12	10	27	8	8	8	21	8	21	10	24	14	14	2	13	8	8	9	12	4	7	1	14	1	8	15	23	16	11	3	16	17	
1969_A/chicken/Yunnan/1/2 8	4	11	7	10	9	13	8	12	9	1	0	4	3	0	9	11	4	9	1	7	5	7	0	7	9	10	1	9	2	7	1	12	9	29	10	8	6	19	6	18	12	21	17	15	2	15	6	10	9	14	5	7	2	12	1	4	15	24	15	12	2	15	18	
1970_A/chicken/Yunnan/207 7	3	12	8	11	8	12	7	8	14	1	0	5	2	0	10	11	4	8	0	7	2	6	0	10	10	9	1	8	3	10	0	14	9	22	13	8	6	24	5	17	10	22	18	13	1	15	6	7	7	15	7	8	5	13	0	7	14	25	18	11	4	14	13	
1971_A/chicken/Yunnan/568 7	3	12	8	11	8	12	7	8	14	1	0	5	2	0	10	9	5	8	0	8	2	6	0	10	10	9	1	7	3	11	0	14	9	22	13	8	6	25	5	17	10	22	18	13	1	16	5	7	7	14	7	8	5	13	0	7	14	25	18	11	4	14	13	
1972_A/chicken/Yunnan/679 7	3	12	8	11	8	12	7	8	14	1	0	5	2	0	10	11	4	8	0	7	2	6	0	10	10	9	1	8	3	10	0	14	9	22	13	8	6	25	5	17	10	22	18	13	1	15	6	7	7	14	7	8	5	13	0	7	14	25	18	11	4	14	13	
1973_A/chicken/Yunnan/688 7	3	12	8	11	8	12	7	8	14	1	0	5	2	0	10	11	4	8	0	7	2	6	0	10	10	9	1	8	3	10	0	15	9	22	13	8	6	25	5	17	10	22	18	13	1	16	5	6	7	14	7	8	5	13	0	7	14	25	18	11	4	14	13	
1974_A/chicken/Zhejiang/1 8	4	12	6	9	7	12	9	12	9	1	0	5	3	0	10	13	3	8	0	7	5	8	0	5	10	10	1	9	2	8	1	11	10	29	10	7	8	19	6	20	11	23	18	14	2	12	5	9	7	14	5	6	3	11	1	6	16	25	17	13	3	14	16	
1975_A/chicken/Zhejiang/1 8	4	13	7	9	7	11	8	10	10	1	0	4	3	0	10	12	3	8	0	7	5	8	0	8	11	10	1	10	2	6	1	13	11	28	9	6	7	20	6	20	9	22	18	15	2	14	5	9	8	14	7	7	3	11	1	4	15	26	16	13	3	12	16	
1976_A/chicken/Zhejiang/1 7	2	13	7	10	9	11	8	11	9	1	0	5	3	0	10	12	3	8	1	7	5	8	0	7	10	9	1	9	2	8	1	13	10	30	10	6	7	18	6	19	12	21	17	13	2	13	7	10	7	14	5	7	4	11	1	6	16	25	17	12	3	14	15	
1977_A/chicken/Zhejiang/2 6	5	11	7	11	6	13	8	10	13	1	0	5	0	0	10	10	3	9	1	8	4	7	0	11	9	8	1	7	3	9	1	11	10	27	7	10	7	20	9	19	11	23	17	13	2	15	4	9	7	12	5	7	3	14	1	7	14	23	16	12	5	15	16	
1978_A/chicken/Zhejiang/2 7	2	13	7	10	9	11	8	11	9	1	0	5	3	0	10	12	3	8	1	7	5	8	0	7	10	9	1	9	2	8	1	13	10	30	10	6	7	18	6	19	12	21	17	13	2	13	7	10	7	14	5	7	4	11	1	6	16	25	17	12	3	14	15	
1979_A/chicken/Zhejiang/2 6	5	11	7	11	7	13	8	12	14	1	0	5	0	0	10	10	3	8	1	8	4	8	0	9	8	8	1	7	3	9	1	11	10	27	7	10	6	20	8	19	11	24	18	12	2	14	5	8	8	12	5	7	3	14	1	6	15	23	16	13	4	15	16	
1980_A/chicken/Zhejiang/5 6	3	11	7	11	7	13	8	10	9	1	0	4	4	0	10	12	3	8	1	7	5	8	0	9	10	9	1	9	2	8	1	13	10	29	10	6	7	20	5	19	11	23	18	15	2	12	5	9	7	15	5	7	4	10	1	5	16	24	16	12	3	15	17	
1981_A/chicken/Zhejiang/5 8	5	11	6	9	6	13	9	8	10	0	1	6	2	0	10	10	4	10	1	9	7	6	0	10	6	9	1	8	3	9	1	12	9	26	12	9	6	21	5	18	13	23	15	15	1	14	6	9	7	14	5	6	2	12	1	6	16	24	18	12	4	15	14	
1982_A/chicken/Zhejiang/6 6	3	14	7	11	8	10	8	10	11	1	0	3	2	0	10	12	3	8	0	7	5	7	0	8	11	10	1	10	1	6	1	13	10	29	10	6	8	20	6	19	10	23	17	14	2	14	6	9	8	14	6	7	3	11	1	4	15	28	16	14	3	11	16	
1983_A/chicken/Zhejiang/6 8	4	10	6	9	7	14	9	12	9	1	0	4	3	0	10	10	3	7	1	8	4	9	0	8	9	7	1	9	3	11	0	15	8	29	9	7	8	19	6	21	10	24	16	12	4	14	5	8	9	14	5	7	3	11	2	6	15	27	18	11	3	12	14	
1984_A/chicken/Zhejiang/7 7	4	13	7	10	7	11	8	11	9	1	0	4	3	0	10	12	3	9	1	7	5	7	0	8	10	10	1	9	2	7	1	13	11	29	10	6	6	19	6	19	11	22	18	15	2	14	5	9	8	13	5	7	3	12	1	5	16	25	16	12	3	14	16	
1985_A/chicken/Zhejiang/7 7	4	13	7	10	7	11	8	11	9	1	0	4	3	0	10	12	3	9	1	7	5	7	0	8	10	10	1	9	2	7	1	13	10	29	10	6	7	19	6	19	11	22	19	15	2	14	4	9	8	13	5	7	3	12	1	5	16	25	16	12	3	14	16	
1986_A/chicken/Zhejiang/7 7	4	13	7	10	7	11	8	11	9	1	0	4	3	0	10	12	3	9	1	7	6	6	0	8	10	10	1	9	2	7	1	13	10	29	10	6	7	19	6	19	11	22	18	15	2	14	5	9	8	13	5	7	3	12	1	5	16	25	16	12	3	14	16	
1987_A/chicken/Zhejiang/7 7	4	13	7	10	7	11	8	11	9	1	0	4	3	0	10	12	3	9	1	7	5	7	0	8	10	10	1	9	2	7	1	13	10	29	10	6	7	19	6	19	11	22	18	15	2	14	5	9	8	13	5	7	3	12	1	5	16	25	16	12	3	14	16	
1988_A/chicken/Zhejiang/7 7	4	13	7	10	7	11	8	11	9	1	0	4	3	0	10	12	3	9	1	7	5	7	0	8	10	10	1	9	2	7	1	13	10	29	10	6	7	19	6	19	11	22	18	15	2	14	5	9	8	13	5	6	3	12	1	5	16	25	16	13	3	14	16	
1989_A/chicken/Zhejiang/7 6	5	11	7	11	6	13	8	10	13	1	0	4	0	0	10	10	3	8	1	8	4	8	0	11	8	8	1	8	3	9	1	12	10	27	7	10	6	20	9	18	13	23	18	12	1	14	5	9	7	12	5	7	4	14	1	6	15	23	16	13	4	15	16	
1990_A/chicken/Zhejiang/8 6	5	11	7	10	6	13	8	10	13	1	0	4	0	0	10	10	3	8	1	9	4	8	0	11	8	8	1	8	3	9	1	11	10	27	7	10	6	20	9	19	13	24	17	12	1	13	5	9	7	12	5	7	4	14	1	6	15	23	16	13	4	16	16	
1991_A/common_mallard/Nin 6	4	11	7	11	6	13	8	8	10	1	0	6	3	0	10	9	4	10	1	10	5	6	0	7	8	8	0	11	3	9	1	15	6	27	10	7	9	21	7	19	12	20	16	13	3	17	6	9	9	11	5	7	1	14	3	5	14	25	17	12	4	14	14	
1992_A/condor/Guangdong/1 8	5	12	8	11	8	12	7	9	9	1	0	6	3	0	10	9	4	7	0	8	2	7	0	10	10	9	1	6	3	11	0	14	9	23	12	8	6	24	6	17	10	20	18	14	1	17	6	7	8	13	7	8	4	13	0	9	15	26	17	8	4	14	15	
1993_A/domestic_green-win 7	6	12	8	11	6	12	7	7	11	1	0	5	3	0	10	9	3	8	0	8	4	6	0	10	9	6	1	9	3	13	0	14	9	23	12	8	6	25	5	19	11	23	16	14	2	16	4	9	7	13	6	7	5	14	1	7	14	25	18	8	4	14	14	
1994_A/duck/Anhui/56/2005 7	6	12	8	12	6	12	7	8	11	1	0	4	3	0	10	7	3	8	0	9	2	6	0	10	11	7	1	8	3	12	0	15	9	22	12	8	6	26	5	19	12	23	18	13	2	15	4	9	7	14	7	7	5	13	0	7	13	25	17	9	4	14	14	
1995_A/duck/Anhui/S4/2016 7	2	13	7	10	9	11	8	11	9	1	0	5	3	0	10	12	3	9	1	7	5	7	0	7	10	9	1	9	2	8	1	13	10	30	10	6	7	18	6	19	12	23	15	13	2	12	8	10	7	14	5	7	4	11	1	6	16	25	17	12	3	14	15	
1996_A/duck/Changhua/15A0 7	5	12	7	10	6	12	8	11	12	1	0	3	1	0	10	11	3	9	0	9	4	7	0	9	9	8	0	8	3	8	2	12	10	26	8	10	6	21	9	20	11	24	16	13	2	14	6	7	8	12	4	7	3	14	2	5	17	22	15	13	3	16	17	
1997_A/duck/Changhua/15A0 7	5	11	7	10	6	13	8	11	12	1	0	3	1	0	10	11	3	10	0	9	4	6	0	9	9	8	0	8	3	8	2	12	10	27	8	10	6	20	9	20	11	24	16	13	2	14	6	7	8	12	4	7	3	14	2	4	17	21	15	14	3	17	17	
1998_A/duck/Chiayi/150800 7	5	12	7	10	6	12	8	11	12	1	0	3	1	0	10	12	4	9	0	9	3	7	0	8	9	8	1	8	3	8	2	12	10	29	8	10	6	19	9	20	11	23	15	13	2	15	6	7	8	11	5	7	3	14	1	5	17	22	16	13	3	16	16	
1999_A/duck/China/0935/20 6	5	14	10	14	7	10	5	8	10	1	0	5	3	0	10	7	4	8	0	8	2	8	0	10	11	6	2	9	1	11	0	12	11	29	9	11	5	21	7	21	11	25	15	12	1	16	5	6	6	12	7	8	5	14	2	5	15	21	20	9	3	19	10	
2000_A/duck/China/0936/20 8	4	11	7	9	7	13	8	9	11	1	0	5	3	0	10	12	3	9	1	7	5	6	0	8	9	10	1	9	3	7	1	13	10	31	10	7	7	19	5	19	13	19	20	15	1	15	4	9	9	12	5	6	2	13	1	6	14	24	15	11	3	14	18	
2001_A/duck/China/0938/20 6	5	14	10	14	7	10	5	8	10	1	0	5	3	0	10	7	4	8	0	8	2	8	0	10	11	6	2	9	1	11	0	12	11	29	9	11	5	21	7	21	11	25	15	12	1	16	5	6	6	12	7	8	5	14	2	5	15	21	20	9	3	19	10	
2002_A/duck/China/1033/20 6	5	14	10	14	7	10	5	8	10	1	0	5	3	0	10	7	4	8	0	8	2	8	0	10	11	6	2	9	1	11	0	12	11	28	9	11	5	22	7	21	11	25	15	12	1	16	5	6	6	12	7	8	5	14	2	5	15	21	20	9	3	19	10	
2003_A/duck/China/E26/201 6	5	14	9	13	7	11	6	8	10	1	0	9	4	0	10	7	4	8	0	10	3	9	0	8	9	7	1	6	1	10	1	15	8	25	10	8	5	25	5	21	11	25	16	12	2	13	6	4	5	13	8	8	6	13	2	9	15	23	17	10	2	17	12	
2004_A/duck/China/E53/201 6	5	13	10	12	6	12	5	6	11	1	0	8	2	0	10	8	4	6	0	9	2	10	0	9	9	7	0	7	4	12	0	14	9	26	11	10	5	24	4	20	12	23	17	13	1	15	6	5	6	12	7	7	6	14	2	10	15	22	18	8	2	18	12	
2005_A/duck/China/YD1516/ 6	5	11	7	11	6	13	8	11	13	1	0	5	0	0	10	10	3	8	1	8	4	8	0	11	9	8	0	6	3	9	1	11	10	27	7	11	6	20	9	18	10	24	18	12	3	14	5	9	7	12	5	7	4	14	2	6	15	23	15	13	4	15	16	
2006_A/duck/Chongqing/S43 11	6	11	6	8	6	13	9	3	12	1	0	5	2	0	10	12	4	8	0	8	4	6	0	10	9	11	2	9	3	8	0	16	9	27	12	6	4	23	6	16	12	16	10	14	1	18	10	8	8	15	7	8	4	11	3	7	17	27	18	10	2	13	10	
2007_A/duck/Dongguan/2685 7	4	12	7	10	7	12	8	10	9	1	0	4	3	0	10	12	3	8	1	7	5	8	0	9	10	9	1	9	2	8	1	13	10	29	10	7	7	19	6	18	10	22	18	15	3	13	6	9	8	13	5	7	3	12	1	5	16	24	16	12	3	15	16	
2008_A/duck/Eastern_China 6	6	11	7	12	5	13	8	10	11	1	0	4	4	0	10	9	3	8	1	9	4	7	0	9	10	9	1	7	2	11	0	14	8	26	10	9	8	21	6	19	10	22	19	13	3	15	5	8	7	14	7	6	4	12	0	7	14	26	17	10	4	12	14	
2009_A/duck/Eastern_China 6	6	11	7	12	5	13	8	9	11	1	0	4	3	0	10	10	3	8	1	8	5	7	0	10	9	9	1	7	3	11	0	14	8	27	10	8	8	21	6	19	10	23	18	13	3	14	5	9	7	13	7	6	4	12	0	7	14	26	18	10	4	13	13	
2010_A/duck/Eastern_China 6	5	12	7	11	7	13	8	7	10	1	0	6	3	0	10	10	3	8	0	9	3	6	0	11	9	8	1	7	3	11	0	15	9	21	12	6	5	27	6	19	11	23	17	14	1	16	4	7	7	16	7	8	5	13	0	8	15	23	16	8	3	16	15	
2011_A/duck/Eastern_China 6	6	11	7	12	5	13	8	10	11	1	0	4	4	0	10	9	3	8	1	9	4	7	0	9	10	9	1	7	2	11	0	14	8	26	10	9	8	21	6	19	11	22	19	13	3	15	5	8	7	14	7	6	4	12	0	7	13	26	17	10	4	12	14	
2012_A/duck/Eastern_China 7	4	11	6	10	7	13	9	11	9	1	0	3	3	0	10	10	3	7	1	9	4	9	0	10	10	7	1	8	3	10	1	13	8	26	10	8	7	21	6	21	10	23	16	12	4	15	5	8	8	14	5	8	3	12	1	6	16	26	16	11	3	13	16	
2013_A/duck/Eastern_China 5	6	11	8	13	6	13	7	9	11	1	0	4	3	0	10	10	3	10	0	8	3	4	0	8	10	7	1	9	3	12	0	14	9	25	11	9	6	25	5	20	9	20	17	13	2	17	5	8	7	13	6	7	6	13	0	8	14	23	17	9	4	16	15	
2014_A/duck/Eastern_China 7	4	11	7	10	7	13	8	11	9	1	0	3	3	0	10	9	4	9	1	10	4	7	0	10	10	7	1	9	2	10	1	12	8	26	9	8	7	20	8	18	11	21	14	13	3	17	7	10	8	15	6	7	3	11	1	7	16	25	13	11	3	14	18	
2015_A/duck/Eastern_China 6	4	11	7	11	7	13	8	10	9	1	0	4	3	0	10	10	3	8	1	9	4	8	0	10	10	8	1	8	3	9	1	13	8	26	10	8	7	21	6	21	10	23	16	12	4	15	5	8	8	13	5	7	3	13	1	7	16	26	17	11	3	13	15	
2016_A/duck/Eastern_China 6	4	11	7	11	7	13	8	10	9	1	0	4	3	0	10	10	3	8	1	9	4	8	0	10	10	8	1	8	3	9	1	13	8	26	10	8	7	21	6	21	10	23	16	12	4	15	5	8	8	13	5	7	3	13	1	7	16	26	17	11	3	13	15	
2017_A/duck/Eastern_China 6	4	12	6	11	7	12	9	11	9	1	0	3	3	0	10	10	4	8	1	9	4	8	0	10	10	8	1	8	2	9	1	13	8	27	9	8	7	20	7	21	11	24	16	12	3	14	5	9	8	14	5	7	3	12	1	5	17	25	16	12	2	14	16	
2018_A/duck/Eastern_China 6	4	11	7	11	7	13	8	11	9	1	0	3	3	0	10	10	4	8	1	9	4	8	0	10	10	8	1	8	2	9	1	13	8	27	10	8	7	19	7	20	12	23	16	13	2	15	5	9	8	14	5	7	3	12	1	6	16	25	16	11	3	14	16	
2019_A/duck/Eastern_China 6	4	11	7	11	7	13	8	11	9	1	0	3	3	0	10	10	4	8	1	9	4	8	0	10	10	8	1	8	2	9	1	13	8	26	10	8	7	20	7	20	11	23	15	13	3	16	6	8	8	14	5	7	3	12	1	7	16	24	15	11	3	14	17	
2020_A/duck/Eastern_China 6	4	11	8	11	7	13	7	11	9	1	0	3	3	0	10	10	4	8	1	9	4	8	0	10	10	9	1	8	2	8	1	13	8	28	9	8	7	19	7	20	12	22	16	13	2	16	5	9	8	14	5	7	3	12	1	6	16	24	16	11	3	15	16	
2021_A/duck/Eastern_China 6	4	11	7	11	7	13	8	11	9	1	0	3	3	0	10	10	4	9	1	9	4	7	0	10	10	7	1	8	2	10	1	12	8	27	10	8	7	19	7	20	11	22	15	13	3	16	6	10	8	14	5	7	3	12	1	6	16	25	15	11	3	14	17	
2022_A/duck/Eastern_China 6	4	11	7	11	7	13	8	12	9	1	0	3	3	0	10	10	4	7	1	9	4	9	0	10	10	8	1	8	2	9	1	13	8	26	10	8	7	20	7	19	11	24	15	13	3	13	7	9	7	15	5	7	3	11	1	6	17	25	16	11	3	14	16	
2023_A/duck/Eastern_China 6	5	11	7	11	6	13	8	10	12	1	0	4	1	0	10	10	3	8	1	8	4	8	0	11	9	8	1	8	3	9	1	11	10	26	9	10	6	21	7	20	11	24	17	12	2	14	5	8	7	12	5	8	4	14	1	6	15	23	15	12	4	15	17	
2024_A/duck/Eastern_China 6	4	11	7	11	7	13	8	8	9	1	0	6	3	0	10	10	4	9	1	9	4	7	0	9	10	6	1	9	2	11	1	13	8	28	10	8	7	19	7	19	11	21	14	13	3	17	7	9	9	12	6	7	3	13	1	7	15	26	15	11	3	13	16	
2025_A/duck/Eastern_China 7	4	11	7	10	7	13	8	12	9	1	0	3	3	0	10	12	3	8	1	7	5	8	0	7	10	10	1	10	2	7	1	13	10	30	10	7	7	18	6	19	12	22	18	15	2	13	6	8	8	13	6	8	3	12	1	5	15	25	16	11	3	14	15	
2026_A/duck/Eastern_China 8	4	11	6	9	7	13	9	12	9	1	0	4	3	0	10	10	3	8	1	8	4	8	0	8	9	7	1	9	3	11	0	15	7	30	9	7	9	18	6	21	10	24	16	12	4	14	5	7	9	14	5	8	3	11	2	6	15	26	18	11	3	13	14	
2027_A/duck/Eastern_China 8	4	11	7	9	7	13	8	10	8	1	0	4	4	0	10	11	3	8	0	8	4	8	1	10	9	7	1	8	4	9	2	14	9	27	9	6	6	20	6	20	11	23	16	12	3	16	4	7	7	15	6	9	3	12	1	8	17	25	16	10	3	14	16	
2028_A/duck/Eastern_China 7	4	11	7	10	8	13	8	10	10	1	0	4	2	0	10	10	4	10	1	9	5	6	0	9	9	8	1	9	2	9	1	12	9	29	11	9	6	19	6	18	12	22	17	15	2	13	6	9	7	13	5	7	2	12	1	5	16	25	16	12	4	14	16	
2029_A/duck/Eastern_China 6	4	11	7	11	6	13	8	9	10	1	0	5	3	0	10	10	4	9	1	9	4	7	0	7	10	7	0	11	2	10	1	13	6	27	10	8	9	20	7	19	11	20	16	13	3	18	6	10	9	12	6	7	3	13	1	5	15	26	14	12	3	13	17	
2030_A/duck/Eastern_China 6	4	11	7	11	7	13	8	11	9	1	0	4	3	0	10	10	4	9	1	9	4	7	0	9	10	7	1	9	2	10	1	12	8	27	10	8	7	19	7	18	11	22	14	13	3	16	7	9	8	14	6	8	3	12	1	7	16	28	14	11	3	11	17	
2031_A/duck/Fujian/1.17_F 7	4	11	6	10	7	13	9	12	9	1	0	4	3	0	10	12	3	9	0	7	5	7	0	6	10	9	2	9	2	9	1	11	10	29	10	7	8	19	6	20	11	23	17	15	2	12	5	8	8	14	5	7	3	11	1	5	16	24	16	11	4	15	17	
2032_A/duck/Fujian/10.26_ 7	4	12	6	9	7	13	9	12	10	1	0	3	3	0	10	12	4	8	0	7	4	8	0	6	10	10	1	9	2	8	1	12	11	30	9	7	9	17	7	19	10	25	16	14	2	10	7	9	7	15	5	7	2	11	1	6	14	25	18	12	4	15	15	
2033_A/duck/Fujian/10.26_ 7	4	12	6	9	7	13	9	12	10	1	0	3	3	0	10	12	4	8	0	7	4	8	0	6	10	10	1	9	2	8	1	12	11	31	9	7	9	17	7	19	10	25	16	14	2	10	7	9	7	14	5	7	2	11	1	6	14	25	18	12	4	15	15	
2034_A/duck/Fujian/11.23_ 7	4	12	6	9	7	13	9	12	10	1	0	3	3	0	10	12	4	8	0	7	4	8	0	6	10	10	1	9	2	8	1	12	11	30	9	7	9	17	7	19	10	25	16	14	2	10	7	9	7	15	5	7	2	11	1	6	14	25	18	12	4	15	15	
2035_A/duck/Fujian/11.23_ 7	4	12	6	9	7	13	9	12	11	1	0	3	3	0	10	12	4	8	0	7	4	8	0	7	10	10	1	8	2	8	1	12	11	30	9	7	9	16	7	19	10	25	16	14	2	11	7	9	7	15	5	7	2	11	1	6	14	25	18	12	4	15	15	
2036_A/duck/Fujian/11.23_ 7	4	12	6	9	7	13	9	12	11	1	0	3	3	0	10	12	4	8	0	7	4	8	0	7	10	10	1	8	2	8	1	12	11	30	9	7	9	16	7	19	10	25	16	14	2	11	7	9	7	15	5	7	2	11	1	6	14	25	18	12	4	15	15	
2037_A/duck/Fujian/11.3_F 7	4	11	6	10	7	13	9	12	9	1	0	4	3	0	10	12	3	9	0	7	5	7	0	6	10	9	1	9	2	9	1	11	10	29	10	7	8	19	6	20	11	23	18	15	2	12	5	9	7	14	5	7	3	11	1	6	16	24	16	11	3	15	17	
2038_A/duck/Fujian/11.3_F 7	4	11	6	10	7	13	9	12	9	1	0	4	3	0	10	12	3	9	0	7	5	7	0	6	10	9	2	9	2	9	1	11	10	29	10	7	8	19	6	20	11	23	17	15	2	12	5	8	8	14	5	7	3	11	1	5	16	24	16	11	4	15	17	
2039_A/duck/Fujian/12.7_F 7	4	11	6	10	7	13	9	12	9	1	0	4	3	0	10	12	3	9	0	7	5	7	0	6	10	9	2	9	2	9	1	11	10	29	10	7	8	19	6	20	11	23	17	15	2	12	5	8	8	14	5	7	3	11	1	5	16	24	16	11	4	15	17	
2040_A/duck/Fujian/12.7_F 8	4	12	5	9	7	12	10	12	10	1	0	3	3	0	10	12	3	8	0	7	5	8	0	6	10	11	1	9	2	8	1	12	10	31	10	6	8	17	6	20	11	24	18	15	2	12	4	9	8	14	5	7	2	11	1	5	16	24	16	12	3	15	17	
2041_A/duck/Fujian/12.7_F 8	4	12	5	9	7	12	10	12	9	1	0	3	3	0	10	12	3	8	0	7	5	8	0	6	10	11	1	9	2	8	1	12	10	31	10	6	8	17	6	20	11	24	18	15	2	12	4	9	8	14	5	7	2	11	1	5	16	24	16	12	3	15	17	
2042_A/duck/Fujian/12.7_F 8	4	12	5	9	7	12	10	12	9	1	0	3	3	0	10	12	3	8	0	7	5	8	0	6	10	11	1	9	2	8	1	12	10	31	10	6	8	17	6	20	11	24	18	15	2	12	4	9	8	14	5	7	2	11	1	5	16	24	16	12	3	15	17	
2043_A/duck/Guangdong/11. 7	3	12	5	10	8	12	10	11	10	0	1	5	3	0	10	12	4	8	0	7	4	8	0	6	9	10	1	8	3	9	1	12	10	28	10	6	8	20	6	20	11	24	17	15	2	12	5	9	7	14	4	7	3	11	2	5	16	24	16	12	3	15	17	
2044_A/duck/Guangdong/11. 7	3	12	5	10	8	12	10	11	10	0	1	5	3	0	10	12	4	8	0	7	4	8	0	6	9	10	1	8	3	9	1	12	10	28	10	6	8	20	6	20	11	24	17	15	2	12	5	9	7	14	4	7	3	11	2	5	16	24	16	12	3	15	17	
2045_A/duck/Guangdong/11. 7	3	12	5	10	8	12	10	10	10	0	1	5	3	0	10	12	4	8	0	7	4	8	0	7	9	10	1	8	3	9	1	12	10	28	10	6	8	21	6	20	11	24	17	15	2	12	5	9	7	14	4	7	3	10	2	5	16	24	16	12	3	15	17	
2046_A/duck/Guangdong/23/ 6	4	12	9	11	7	13	6	9	9	1	0	4	4	0	10	9	4	7	0	10	3	7	0	9	10	9	1	8	3	11	0	12	9	25	12	8	5	26	6	20	11	21	18	13	1	18	4	7	6	12	7	8	5	12	0	8	15	25	18	10	3	15	13	
2047_A/duck/Guangdong/GD0 7	4	12	7	10	7	12	8	10	9	1	0	4	3	0	10	12	3	8	1	7	5	8	0	9	10	9	1	9	2	8	1	13	10	30	10	7	7	19	6	18	11	22	18	14	2	13	6	9	8	12	5	7	3	12	1	5	16	25	16	13	3	14	16	
2048_A/duck/Guangdong/s14 6	4	11	7	11	7	13	8	11	9	1	0	3	3	0	10	11	4	9	1	7	4	7	0	11	10	8	1	8	2	9	1	13	8	27	10	7	7	20	7	21	11	23	15	13	2	16	6	9	7	14	6	7	3	11	1	6	17	23	15	11	3	16	16	
2049_A/duck/Guangdong/wy1 6	5	11	7	13	6	13	8	10	11	1	0	3	3	0	10	10	3	8	1	7	4	8	0	9	11	7	1	7	3	12	0	13	8	25	10	9	7	21	6	20	10	24	16	12	3	16	4	10	8	15	6	6	4	11	1	7	15	26	16	10	3	13	15	
2050_A/duck/Guangdong/wy1 6	5	10	7	12	6	14	8	10	11	1	0	3	3	0	10	10	3	8	1	8	4	8	0	10	10	7	1	7	3	12	0	13	8	25	10	8	7	20	6	21	10	24	16	12	3	16	4	10	8	15	6	6	4	12	1	7	15	26	16	10	3	13	15	
2051_A/duck/Guangdong/wy2 6	6	11	7	12	5	13	8	9	11	1	0	4	3	0	10	10	3	9	1	8	4	7	0	11	10	9	1	6	3	10	0	14	8	27	10	8	7	21	6	19	10	22	18	13	3	15	5	8	7	14	7	7	5	12	1	7	16	25	17	10	2	14	13	
2052_A/duck/Guangzhou/018 7	5	13	7	10	7	11	8	9	9	1	0	5	3	0	10	12	3	8	1	7	5	8	0	9	10	9	1	9	2	8	1	13	9	29	10	7	7	18	7	18	12	22	18	15	2	13	6	9	7	13	5	7	3	12	1	6	16	25	16	11	3	14	16	
2053_A/duck/Guangzhou/021 7	5	13	7	10	7	11	8	9	9	1	0	5	3	0	10	12	3	8	1	7	5	8	0	9	10	9	1	9	2	8	1	13	9	29	10	7	7	18	7	18	12	22	18	15	2	13	6	9	7	13	5	7	3	12	1	6	16	25	16	11	3	14	16	
2054_A/duck/Guangzhou/412 6	4	11	7	11	7	13	8	11	9	1	0	4	3	0	10	12	3	8	1	7	5	8	0	8	10	9	1	9	2	8	1	12	9	30	11	6	8	18	5	20	12	22	18	14	2	13	6	9	8	14	5	7	3	11	1	5	15	24	16	13	3	15	16	
2055_A/duck/Guizhou/7.27_ 8	4	10	7	9	8	14	8	9	11	1	0	4	3	0	10	12	3	9	1	7	3	6	0	8	10	9	1	9	2	8	1	10	10	29	10	10	7	19	7	20	12	18	19	13	2	17	5	8	8	12	5	7	4	12	2	7	14	24	18	11	3	15	14	
2056_A/duck/Guizhou/8.26_ 9	4	12	7	8	8	12	8	9	10	1	0	4	4	0	10	12	3	9	1	7	3	6	0	8	10	9	1	9	2	8	1	10	10	26	11	10	7	20	7	20	11	22	18	13	2	15	5	8	8	13	5	7	4	12	3	7	14	23	17	12	3	15	14	
2057_A/duck/Guizhou/8.26_ 8	4	10	7	9	8	14	8	9	10	1	0	4	4	0	10	12	3	9	1	7	3	6	0	8	10	9	1	9	2	8	1	10	10	27	10	10	7	19	8	20	11	19	19	13	2	16	5	8	8	13	5	7	4	12	3	7	14	24	17	12	3	15	14	
2058_A/duck/Hainan/12.29_ 8	4	12	7	9	8	12	8	9	12	1	0	4	3	0	10	12	3	9	1	7	3	6	0	8	9	9	1	10	3	8	1	10	10	28	11	10	7	19	6	20	11	20	18	14	2	16	5	8	8	13	5	7	4	12	2	7	14	24	19	11	3	15	13	
2059_A/duck/Hebei/0908/20 9	4	12	7	10	7	12	8	7	9	0	1	7	4	0	10	8	3	6	0	9	4	8	0	12	10	10	1	8	2	8	0	15	11	27	14	11	5	25	2	18	10	24	16	14	0	14	3	7	6	12	6	6	7	11	2	9	12	23	20	9	5	18	11	
2060_A/duck/Hong_Kong/342 11	7	11	7	8	5	13	8	2	12	1	0	10	2	0	10	13	4	8	0	8	4	6	0	8	11	12	1	6	1	7	0	12	10	27	13	8	5	23	5	19	13	17	8	14	0	18	12	7	7	12	8	11	5	13	2	5	15	26	16	8	3	13	14	
2061_A/duck/Hsinchu/15020 7	5	12	7	10	6	12	8	11	12	1	0	3	1	0	10	11	3	10	0	9	4	6	0	9	9	8	0	8	3	8	2	12	10	27	8	10	6	20	9	20	11	24	16	13	2	14	6	7	8	12	4	7	3	14	2	6	17	21	15	12	3	17	17	
2062_A/duck/HuBei/03/2010 6	6	12	8	12	6	12	7	8	11	1	0	4	3	0	10	10	3	8	0	8	3	6	0	10	10	7	1	8	3	12	0	14	9	22	12	8	6	25	5	19	10	23	18	14	3	16	3	8	7	14	7	7	5	13	0	7	14	24	17	10	4	14	15	
2063_A/duck/Hubei/2911/20 6	6	13	8	13	6	10	7	6	11	1	0	5	3	0	10	9	3	7	0	8	4	6	0	11	9	6	1	9	3	13	0	14	9	24	12	8	6	25	5	19	10	22	18	13	2	16	4	8	7	13	6	8	5	15	1	7	15	24	17	9	4	13	15	
2064_A/duck/Hubei/49/2005 6	6	12	8	12	6	12	7	7	11	1	0	5	3	0	10	10	3	8	0	8	3	6	0	10	10	7	1	8	3	12	0	14	9	22	12	8	5	26	5	18	12	22	18	13	2	16	4	8	7	14	6	9	4	13	0	8	14	25	17	9	4	14	15	
2065_A/duck/Hubei/SZY250/ 7	3	11	7	10	8	14	8	10	12	1	0	5	1	0	10	8	3	7	1	9	4	9	0	10	8	8	1	8	4	10	1	12	10	26	7	10	7	21	9	19	12	24	17	12	2	13	5	7	8	13	5	8	3	14	1	6	14	25	15	12	4	12	17	
2066_A/duck/Hubei/xn/2007 7	5	12	10	12	6	12	5	8	11	1	0	6	3	0	10	8	4	7	0	9	2	8	0	8	10	8	0	8	3	11	0	13	9	24	10	9	6	25	6	19	11	24	17	14	1	12	8	5	5	14	7	8	6	14	0	11	14	23	20	8	3	17	11	
2067_A/duck/Hunan/01.12_Y 8	4	12	7	9	8	12	8	10	11	1	0	4	3	0	10	12	3	9	1	7	3	6	0	6	9	10	1	10	3	8	1	11	11	29	12	9	6	18	6	20	12	19	18	13	2	17	5	8	8	13	5	7	4	12	1	7	13	23	19	12	3	15	13	
2068_A/duck/Hunan/03.07_Y 7	5	12	7	10	8	12	8	10	11	1	0	4	3	0	10	12	3	10	1	7	3	5	0	7	10	10	1	9	2	8	1	11	10	29	12	9	7	18	6	20	11	19	18	12	3	18	4	8	6	13	5	7	5	12	1	7	13	23	20	12	3	16	12	
2069_A/duck/Hunan/03.07_Y 9	5	12	6	8	6	12	9	9	10	0	1	6	2	0	10	10	3	9	1	9	8	7	0	10	6	10	1	7	3	8	1	12	8	26	11	9	7	22	6	18	12	24	16	15	1	13	6	8	8	13	5	7	2	12	1	6	15	26	18	12	4	13	14	
2070_A/duck/Hunan/03.24_Y 8	4	11	7	9	7	13	8	11	12	1	0	4	2	0	10	12	4	9	1	7	5	6	0	7	9	9	1	9	2	8	1	14	10	30	11	6	7	19	5	19	13	19	20	15	1	15	3	9	8	13	5	6	3	12	1	6	14	24	19	11	3	16	13	
2071_A/duck/Hunan/03.24_Y 8	4	11	7	9	7	13	8	11	12	1	0	4	2	0	10	12	4	9	1	7	5	6	0	7	9	9	1	9	2	8	1	14	10	30	11	6	7	19	5	19	13	19	20	15	1	15	3	8	8	13	5	7	3	12	1	6	14	24	19	11	3	16	13	
2072_A/duck/Hunan/03.24_Y 8	4	11	7	9	7	13	8	11	12	1	0	4	2	0	10	12	4	9	1	7	5	6	0	7	9	9	1	9	2	8	1	14	10	30	11	6	7	19	5	19	13	19	20	15	1	15	3	9	8	13	5	6	3	12	1	6	14	24	19	11	3	16	13	
2073_A/duck/Hunan/03.24_Y 8	4	11	7	9	7	13	8	11	12	1	0	4	2	0	10	12	4	9	1	7	5	6	0	7	9	9	1	9	2	8	1	14	10	30	11	6	7	19	5	19	13	19	20	15	1	15	3	9	8	13	5	6	3	12	1	6	14	24	19	11	3	16	13	
2074_A/duck/Hunan/1.12_YY 8	4	13	7	9	8	11	8	9	11	1	0	4	3	0	10	12	2	9	1	7	4	6	0	8	9	10	1	9	3	8	1	10	10	27	11	9	7	20	6	20	13	19	18	13	2	16	5	9	8	13	5	7	4	12	2	7	12	24	18	12	3	15	14	
2075_A/duck/Hunan/1.12_YY 8	4	13	7	9	8	11	8	9	11	1	0	4	3	0	10	12	2	9	1	7	4	6	0	8	9	10	1	9	3	8	1	10	10	27	11	9	7	20	6	20	12	19	18	13	2	16	5	9	8	13	5	7	4	12	2	7	13	24	18	12	3	15	14	
2076_A/duck/Hunan/1.12_YY 8	4	12	7	9	8	12	8	10	11	1	0	4	3	0	10	12	3	9	1	7	3	6	0	6	9	10	1	10	3	8	1	11	11	29	12	9	6	18	6	20	12	19	18	13	2	17	5	8	8	13	5	7	4	12	1	7	13	23	19	12	3	15	13	
2077_A/duck/Hunan/1.17_YY 6	4	11	7	11	7	13	8	10	11	1	0	4	3	0	10	12	4	9	1	7	4	6	0	8	9	8	1	9	3	9	1	13	9	30	11	7	8	19	5	20	13	19	19	14	1	15	5	9	8	13	5	6	4	12	1	6	12	25	17	11	4	14	15	
2078_A/duck/Hunan/11.30_Y 7	4	12	6	9	7	13	9	12	10	1	0	3	3	0	10	12	4	8	0	7	4	8	0	6	10	9	1	9	2	8	1	12	11	30	9	7	9	17	7	19	10	27	15	14	2	10	8	9	7	15	5	7	2	11	1	6	14	24	18	12	4	15	15	
2079_A/duck/Hunan/11.30_Y 8	4	12	7	9	8	12	8	10	11	1	0	4	3	0	10	12	3	10	1	7	3	5	0	7	9	10	1	9	3	8	1	11	10	29	12	9	7	18	6	20	12	19	18	13	2	16	5	8	8	13	5	7	4	12	1	7	13	24	18	12	3	15	14	
2080_A/duck/Hunan/11.30_Y 8	4	12	7	9	8	12	8	10	11	1	0	4	3	0	10	12	3	10	1	7	3	5	0	7	9	10	1	9	3	8	1	11	10	29	12	9	7	18	6	20	12	19	18	13	2	16	5	8	8	13	5	7	4	12	1	7	13	24	18	12	3	15	14	
2081_A/duck/Hunan/11.30_Y 6	4	11	7	11	6	13	8	9	10	1	0	5	3	0	10	9	3	10	1	10	5	6	0	7	10	8	0	11	2	9	1	14	6	26	10	8	9	22	7	19	11	23	15	13	3	15	6	9	10	12	6	7	1	13	1	5	16	26	15	12	2	14	16	
2082_A/duck/Hunan/11.30_Y 6	4	11	7	11	6	13	8	9	10	1	0	5	3	0	10	9	3	10	1	10	5	6	0	7	10	8	0	11	2	9	1	14	6	26	10	8	9	22	7	19	11	23	15	13	3	15	6	9	10	12	6	7	1	13	1	5	16	26	15	12	2	14	16	
2083_A/duck/Hunan/12.27_Y 6	4	11	7	11	7	13	8	10	11	1	0	4	3	0	10	12	4	9	1	7	4	6	0	8	9	8	1	9	3	9	1	13	9	30	11	7	8	19	5	20	13	19	19	14	1	15	5	9	8	13	5	6	4	12	1	6	12	25	17	11	4	14	15	
2084_A/duck/Hunan/12.27_Y 6	4	11	7	11	7	13	8	14	9	1	0	4	3	0	10	12	3	10	1	7	5	6	0	5	10	9	1	9	2	8	1	12	10	29	9	6	7	19	7	20	11	24	17	14	2	12	6	8	7	15	5	9	3	10	1	6	16	25	15	12	3	14	17	
2085_A/duck/Hunan/12.27_Y 6	4	11	7	11	7	13	8	10	11	1	0	4	3	0	10	12	4	9	1	7	4	6	0	8	9	8	1	9	3	9	1	13	9	30	11	7	8	19	5	20	13	19	19	14	1	15	5	9	8	13	5	6	4	12	1	6	12	25	17	11	4	14	15	
2086_A/duck/Hunan/12.27_Y 6	4	11	7	11	7	13	8	13	9	1	0	5	3	0	10	12	3	9	1	7	5	7	0	5	10	9	1	9	2	8	1	12	10	30	9	6	7	18	7	20	11	24	17	14	2	12	6	8	7	14	5	9	3	11	1	6	16	25	15	12	3	14	17	
2087_A/duck/Hunan/12.27_Y 6	4	11	7	11	7	13	8	10	11	1	0	4	3	0	10	12	4	9	1	7	4	6	0	8	9	8	1	9	3	9	1	13	9	30	11	8	7	19	5	20	13	19	19	14	1	15	5	9	8	13	5	6	4	12	1	6	12	25	17	11	4	14	15	
2088_A/duck/Hunan/12.27_Y 6	4	11	7	11	7	13	8	14	9	1	0	4	3	0	10	12	3	10	1	7	5	6	0	5	10	9	1	9	2	8	1	12	10	29	9	6	7	19	7	20	11	24	17	14	2	12	6	8	7	15	5	9	3	10	1	6	16	25	15	12	3	14	17	
2089_A/duck/Hunan/12.27_Y 6	4	11	7	11	7	13	8	10	11	1	0	4	3	0	10	12	4	9	1	7	4	6	0	8	9	8	1	9	3	9	1	13	9	30	11	7	8	19	5	20	13	19	19	14	1	15	5	9	8	13	5	6	4	12	1	6	12	25	17	11	4	14	15	
2090_A/duck/Hunan/12.27_Y 6	4	11	7	11	7	13	8	10	11	1	0	4	3	0	10	12	4	9	1	7	4	6	0	8	9	8	1	9	3	9	1	13	9	30	11	7	8	19	5	20	13	19	19	14	1	15	5	9	8	13	5	6	4	12	1	6	12	25	17	11	4	14	15	
2091_A/duck/Hunan/12.27_Y 6	4	11	7	11	7	13	8	10	11	1	0	4	3	0	10	12	4	9	1	7	4	6	0	8	9	8	1	9	3	9	1	13	9	30	11	7	8	19	5	20	13	19	19	14	1	15	5	9	8	13	5	6	4	12	1	6	12	25	17	11	4	14	15	
2092_A/duck/Hunan/12.27_Y 6	4	11	7	11	7	13	8	10	11	1	0	4	3	0	10	12	4	9	1	7	4	6	0	8	9	8	1	9	3	9	1	13	9	30	11	7	8	19	5	20	13	19	19	14	1	15	5	9	8	13	5	6	4	12	1	6	12	25	17	11	4	14	15	
2093_A/duck/Hunan/12.27_Y 6	4	11	7	11	7	13	8	10	11	1	0	4	3	0	10	12	4	9	1	7	4	6	0	8	9	8	1	9	3	9	1	13	9	30	11	7	8	19	5	20	13	19	19	14	1	15	5	9	8	13	5	6	4	12	1	6	12	25	17	11	4	14	15	
2094_A/duck/Hunan/12.27_Y 6	4	11	7	11	7	13	8	10	11	1	0	4	3	0	10	12	4	9	1	7	4	6	0	8	9	8	1	9	3	9	1	13	9	30	11	7	8	19	5	20	13	19	19	14	1	15	5	9	8	13	5	6	4	12	1	6	12	25	17	11	4	14	15	
2095_A/duck/Hunan/2.06_YY 7	4	12	7	10	8	12	8	10	11	1	0	4	3	0	10	12	3	10	1	7	3	5	0	7	10	10	1	9	2	8	1	11	10	29	12	9	7	18	6	20	11	19	18	12	3	18	4	8	7	13	5	7	5	12	1	7	13	23	20	12	3	16	12	
2096_A/duck/Hunan/2.06_YY 9	4	12	7	8	8	12	8	9	11	1	0	4	3	0	10	12	3	9	1	7	3	6	0	8	9	10	1	9	3	8	1	11	10	27	12	9	7	19	6	20	12	19	18	13	2	17	4	8	8	13	5	7	4	12	2	7	13	24	18	12	3	15	14	
2097_A/duck/Hunan/2.06_YY 7	4	12	7	10	8	12	8	10	11	1	0	4	3	0	10	12	3	10	1	7	3	5	0	7	10	10	1	9	2	8	1	11	10	29	12	9	7	18	6	20	11	19	18	12	3	18	4	8	7	13	5	7	5	12	1	7	13	23	20	12	3	16	12	
2098_A/duck/Hunan/2.06_YY 7	4	12	7	10	8	12	8	10	11	1	0	4	3	0	10	12	3	10	1	7	3	5	0	7	10	10	1	9	2	8	1	11	10	29	12	9	7	18	6	20	11	19	18	12	3	18	4	8	7	13	5	7	5	12	1	7	13	23	20	12	3	16	12	
2099_A/duck/Hunan/3/2007_ 7	4	12	10	12	7	12	5	8	11	1	0	6	3	0	10	8	4	7	0	9	2	8	0	8	10	8	0	8	3	11	0	12	9	23	9	10	6	26	7	19	11	24	16	14	1	13	8	5	5	14	7	8	6	14	0	11	14	24	20	8	3	16	11	
2100_A/duck/Hunan/316/200 6	6	12	8	12	6	12	7	8	11	1	0	4	3	0	10	9	3	8	0	9	3	6	0	10	10	7	1	8	3	12	0	14	9	24	12	8	6	25	5	19	9	23	17	13	3	16	4	8	7	13	7	7	5	13	0	7	15	25	18	10	4	14	13	
2101_A/duck/Hunan/3315/20 6	7	11	8	12	5	13	7	8	10	1	0	5	4	0	10	9	3	9	0	8	3	5	0	9	9	7	1	9	4	12	0	14	10	22	12	8	5	24	6	19	11	23	18	14	2	16	4	9	8	15	5	9	5	11	0	6	13	24	17	8	4	15	16	
2102_A/duck/Hunan/689/200 6	7	12	8	12	5	12	7	7	11	1	0	5	3	0	10	9	3	8	0	8	4	6	0	10	9	6	1	9	3	13	0	14	9	22	12	8	6	26	5	19	11	23	17	13	2	16	4	8	7	13	6	8	5	14	1	7	15	25	17	9	3	14	14	
2103_A/duck/Hunan/7.21_YY 7	4	12	7	10	7	12	8	13	9	1	0	4	3	0	10	12	3	6	1	7	5	10	0	6	8	9	1	9	4	8	1	12	10	28	10	6	8	20	6	20	9	24	18	15	4	11	6	9	7	14	5	7	3	11	1	5	16	24	16	12	3	15	16	
2104_A/duck/Hunan/733/200 6	5	14	9	12	8	10	6	8	11	1	0	4	3	0	10	10	3	7	0	8	2	7	0	9	10	9	1	8	3	11	0	15	9	24	11	8	5	24	6	16	11	22	18	14	1	16	5	7	7	13	7	8	5	14	0	7	15	25	17	11	4	14	14	
2105_A/duck/Hunan/8/2008_ 7	4	13	11	12	7	11	4	8	10	1	0	6	3	0	10	8	4	7	0	9	2	8	0	8	10	5	2	8	3	12	0	14	9	24	9	8	6	26	7	19	11	25	16	13	1	13	7	5	5	14	6	8	6	13	1	11	15	21	20	9	3	18	12	
2106_A/duck/Hunan/S4020/2 6	4	13	9	13	7	11	6	8	10	1	0	6	3	0	10	7	4	9	0	9	2	7	0	8	10	7	0	9	3	12	0	15	8	25	10	8	6	24	6	20	11	25	15	13	1	14	7	5	5	13	7	8	6	14	0	11	15	23	19	8	3	17	12	
2107_A/duck/Hunan/S4030/2 6	4	13	9	13	7	11	6	6	10	1	0	8	3	0	10	8	4	7	0	9	2	9	0	9	11	7	0	7	2	12	0	16	7	26	11	9	5	23	4	21	11	25	14	13	2	15	7	5	5	12	7	7	6	15	2	11	16	23	19	7	2	17	11	
2108_A/duck/Hunan/S4101/2 10	7	15	5	8	5	9	10	7	15	0	0	10	2	1	10	15	6	10	0	5	5	4	0	5	6	9	2	6	1	9	0	14	10	30	16	7	3	15	1	19	14	21	10	11	3	15	9	9	9	8	10	5	4	19	1	11	16	27	22	6	1	12	9	
2109_A/duck/Hunan/S4120/2 10	7	15	5	8	5	9	10	7	15	0	0	10	2	1	10	15	6	10	0	5	5	4	0	5	6	9	2	6	1	9	0	14	10	30	15	7	3	15	2	19	14	21	10	11	3	15	9	9	9	8	10	5	4	19	1	11	16	27	22	6	1	12	9	
2110_A/duck/Hunan/S4150/2 6	5	13	10	13	7	11	5	8	10	1	0	7	3	0	10	8	2	9	0	9	4	7	0	9	9	6	2	7	3	12	0	13	7	27	11	10	6	22	4	20	12	23	17	12	2	14	6	6	5	13	7	7	6	14	2	8	15	23	18	10	3	17	12	
2111_A/duck/Hunan/S4220/2 7	5	12	9	12	6	12	6	8	10	1	0	6	3	0	10	7	3	8	1	11	3	7	0	8	10	5	1	8	3	11	0	15	8	23	10	7	7	24	6	22	8	24	19	13	3	13	6	5	7	14	7	8	3	15	0	11	15	23	18	8	3	17	13	
2112_A/duck/Jiangsu/m234/ 6	4	11	6	11	7	13	9	11	9	1	0	3	3	0	10	10	4	8	1	9	4	8	0	9	10	8	1	10	2	9	1	13	7	26	10	8	7	21	6	19	10	24	16	12	3	15	5	9	7	15	5	7	3	12	1	6	16	24	16	12	4	14	17	
2113_A/duck/Jiangxi/01.11 8	4	11	7	9	7	13	8	10	11	1	0	4	3	0	10	12	3	9	1	7	5	6	0	8	9	10	1	8	3	8	1	14	10	28	12	7	7	19	6	19	12	17	20	14	2	17	4	7	8	14	5	7	3	11	1	6	14	25	18	12	3	15	13	
2114_A/duck/Jiangxi/10160 8	4	11	6	9	7	13	9	11	9	1	0	4	3	0	10	10	3	7	1	8	4	9	0	9	9	7	1	9	3	11	0	15	8	29	9	7	8	19	6	21	10	25	15	12	4	14	5	8	9	14	5	7	3	11	2	6	15	26	18	11	3	13	14	
2115_A/duck/Jiangxi/11.17 8	4	12	7	9	7	12	8	8	9	0	1	6	3	0	10	10	4	10	1	9	7	6	0	9	8	9	1	9	2	8	1	11	8	28	10	10	7	19	7	18	12	21	17	14	2	15	5	9	7	14	5	7	2	12	1	5	16	24	14	13	4	15	18	
2116_A/duck/Jiangxi/11.17 8	4	12	7	9	7	12	8	8	9	0	1	6	3	0	10	10	4	10	1	9	7	6	0	9	8	9	1	9	2	8	1	11	8	28	10	10	7	19	7	18	12	21	17	14	2	15	5	9	7	14	5	7	2	12	1	5	16	24	14	13	4	15	18	
2117_A/duck/Jiangxi/11.29 8	4	11	6	9	7	13	9	10	11	1	0	4	3	0	10	12	3	9	1	7	5	6	0	8	9	9	1	9	3	8	1	13	11	31	11	7	6	18	5	19	12	18	20	16	1	16	4	9	8	13	5	6	3	12	1	6	15	23	16	10	3	16	16	
2118_A/duck/Jiangxi/11.29 6	4	11	7	11	7	13	8	14	9	1	0	4	3	0	10	12	3	9	1	7	5	7	0	5	10	9	1	10	2	8	1	12	9	29	9	6	7	19	7	19	12	23	18	13	2	12	6	8	7	14	5	9	3	11	1	6	16	25	15	13	3	13	18	
2119_A/duck/Jiangxi/11.29 7	3	12	7	10	7	12	8	9	11	1	0	4	3	0	10	12	3	9	1	7	5	6	0	9	9	10	2	8	3	8	1	13	11	30	12	7	7	20	5	19	12	17	19	14	2	14	4	8	8	13	5	7	3	12	1	7	14	27	18	11	2	14	14	
2120_A/duck/Jiangxi/120/2 7	4	13	7	12	8	12	8	8	10	1	0	5	3	0	10	8	3	6	0	9	5	8	0	12	7	7	1	7	5	10	1	16	10	23	11	5	5	26	5	19	11	24	17	14	1	13	6	6	7	16	8	9	3	14	0	9	15	23	16	7	3	16	14	
2121_A/duck/Jiangxi/130/2 6	5	13	10	13	7	11	5	8	10	1	0	7	3	0	10	8	3	9	0	9	3	7	0	9	9	6	1	7	3	12	0	13	8	26	11	10	6	23	4	21	12	23	18	12	1	15	6	5	5	14	7	8	6	13	2	8	15	24	18	9	3	16	12	
2122_A/duck/Jiangxi/13469 8	4	11	6	9	7	13	9	12	9	1	0	5	3	0	10	10	3	8	1	8	4	8	0	8	9	7	1	8	3	11	0	15	7	30	9	7	9	18	6	21	10	23	16	12	4	15	4	8	9	14	5	7	3	11	2	6	15	26	18	11	3	13	15	
2123_A/duck/Jiangxi/13475 8	4	11	6	9	7	13	9	12	9	1	0	5	3	0	10	10	3	8	1	8	4	8	0	8	9	7	1	8	3	11	0	15	7	30	9	7	9	18	6	21	10	24	16	12	4	14	4	8	9	14	5	7	3	11	2	6	15	26	18	11	3	13	15	
2124_A/duck/Jiangxi/13484 8	4	11	6	9	7	13	9	12	9	1	0	5	3	0	10	10	3	8	1	8	4	8	0	8	9	7	1	8	3	11	0	15	7	30	9	7	9	18	6	21	10	23	16	12	4	15	4	8	9	14	5	7	3	11	2	6	15	26	18	11	3	13	15	
2125_A/duck/Jiangxi/2.28N 8	4	11	7	9	8	13	8	10	11	1	0	4	3	0	10	12	3	8	1	7	3	6	0	7	9	11	1	9	3	8	1	11	10	29	12	9	6	18	6	20	12	19	18	13	2	16	5	8	8	13	5	7	5	12	1	6	13	24	19	13	3	15	13	
2126_A/duck/Jiangxi/2.28_ 8	4	11	7	9	8	13	8	10	11	1	0	4	3	0	10	12	3	8	1	7	3	6	0	7	9	11	1	9	3	8	1	11	10	29	12	9	6	18	6	20	12	19	18	13	2	16	5	8	8	13	5	7	5	12	1	6	13	24	19	13	3	15	13	
2127_A/duck/Jiangxi/34/20 7	4	12	10	12	6	12	4	9	10	1	0	5	4	0	10	6	4	7	0	12	2	8	0	9	10	7	0	9	3	10	1	11	9	25	10	8	6	20	7	22	9	24	17	13	1	14	8	6	7	16	7	8	3	12	1	10	15	24	18	10	4	17	13	
2128_A/duck/Jiangxi/35/20 7	4	12	10	12	6	12	5	9	10	1	0	5	4	0	10	6	4	7	0	11	2	8	0	9	10	7	0	8	3	10	1	12	9	25	10	8	6	20	7	22	9	24	17	13	1	14	8	6	7	16	7	8	3	12	1	10	15	24	18	10	4	17	13	
2129_A/duck/Jiangxi/44/20 7	4	12	10	12	6	12	5	9	10	1	0	5	4	0	10	7	4	7	0	10	2	8	0	9	10	7	0	8	3	10	1	12	9	25	10	8	6	20	7	22	9	24	17	13	1	14	8	6	7	16	7	8	3	12	1	10	15	24	18	10	4	17	13	
2130_A/duck/Jiangxi/5.26_ 8	4	11	7	9	7	13	8	9	11	1	0	4	3	0	10	12	3	9	1	7	5	6	0	9	9	10	2	8	3	8	1	13	10	28	12	7	7	20	5	19	12	17	20	14	2	17	3	8	8	14	5	7	3	11	1	6	15	25	18	12	2	14	14	
2131_A/duck/Jiangxi/80/20 6	6	12	8	11	6	12	8	7	11	1	0	5	3	0	10	11	2	8	0	8	4	6	0	10	10	7	1	7	3	12	0	14	9	23	12	8	6	25	5	19	10	22	19	13	3	17	4	9	7	14	7	5	5	13	0	9	14	25	15	9	4	14	15	
2132_A/duck/Jilin/JL-SIV/ 7	7	12	8	12	6	12	7	6	12	1	0	5	2	0	10	11	3	12	0	8	3	6	0	11	10	8	2	8	3	8	0	14	13	23	10	9	6	24	5	20	9	22	14	14	3	15	4	8	7	13	7	8	5	13	0	6	15	25	17	9	2	15	13	
2133_A/duck/Kaohsiung/150 7	5	12	7	10	6	12	8	12	12	1	0	3	1	0	10	11	3	10	0	9	4	6	0	8	9	8	0	8	3	8	2	12	10	27	8	10	6	20	9	20	11	24	16	13	2	14	6	7	8	12	4	7	3	14	3	5	17	21	15	13	3	17	16	
2134_A/duck/Kaohsiung/15W 11	6	12	6	8	6	12	9	2	12	1	0	5	2	0	10	12	4	8	0	7	5	6	0	12	10	11	2	8	2	8	0	14	12	29	12	8	3	23	6	15	11	16	9	15	1	18	10	8	7	14	7	8	4	11	3	7	17	25	20	10	2	14	9	
2135_A/duck/Kaohsiung/20W 9	4	10	7	10	6	14	8	2	14	1	0	5	1	0	10	12	4	8	0	8	4	6	0	12	9	13	2	8	3	6	0	15	13	28	11	7	4	23	6	16	11	18	10	14	1	17	9	7	8	14	6	9	4	11	5	6	15	25	20	10	2	15	9	
2136_A/duck/Liaoning/LN/2 7	6	11	7	12	5	13	8	10	11	1	0	3	4	0	10	10	3	8	1	7	4	7	0	10	10	10	1	7	2	10	0	13	8	26	10	9	8	21	6	20	10	22	19	13	3	15	4	9	7	14	7	6	4	11	0	6	14	25	17	10	4	15	14	
2137_A/duck/Nanchang/9789 6	4	11	9	12	6	13	6	9	10	1	0	5	4	0	10	8	4	8	1	10	2	7	0	11	10	7	1	6	3	10	0	12	9	25	10	8	6	22	7	23	9	23	18	13	3	13	7	6	8	17	6	8	2	11	2	10	15	23	18	9	3	17	12	
2138_A/duck/Nantou/15A343 7	5	11	7	10	6	13	8	11	12	1	0	3	1	0	10	11	3	10	0	9	4	6	0	9	9	8	0	8	3	8	2	12	10	27	8	10	6	20	9	20	11	24	16	13	2	14	6	7	8	12	4	7	3	14	2	4	17	21	15	14	3	17	17	
2139_A/duck/Nantou/17A024 5	5	12	7	12	4	12	8	11	14	1	0	3	1	0	10	10	2	9	0	10	5	7	0	9	11	8	0	8	2	8	2	12	10	27	8	9	6	20	9	21	10	24	15	13	2	13	7	8	8	12	4	6	3	14	1	8	15	22	16	12	3	17	17	
2140_A/duck/Pingtung/1501 7	5	12	7	10	6	12	8	11	12	1	0	3	1	0	10	11	3	9	0	9	4	7	0	9	9	8	0	8	3	8	2	12	10	27	8	10	6	20	9	20	11	24	16	13	2	14	6	7	8	12	5	7	3	14	1	5	17	21	15	13	3	17	17	
2141_A/duck/Pingtung/1501 7	5	12	7	10	6	12	8	11	12	1	0	3	1	0	10	11	3	9	0	9	4	7	0	9	9	8	0	8	3	8	2	13	9	27	8	10	6	20	9	20	11	24	16	13	2	14	6	7	8	12	4	7	3	14	2	5	17	21	15	13	3	17	17	
2142_A/duck/Pingtung/17A0 5	5	12	7	12	4	12	8	11	14	1	0	3	1	0	10	10	2	9	0	10	5	7	0	9	11	8	0	8	2	8	2	13	9	27	9	9	6	20	8	21	10	23	16	13	2	14	7	8	8	12	4	6	3	14	1	7	15	22	16	13	3	17	17	
2143_A/duck/Pingtung/18A0 5	5	12	7	12	4	12	8	10	15	1	0	3	0	0	10	10	2	9	0	10	5	7	0	10	11	8	0	8	2	8	2	11	10	26	7	9	6	21	10	21	10	24	15	14	2	13	7	8	8	13	4	6	3	13	1	8	15	22	16	12	3	17	17	
2144_A/duck/Pingtung/18A0 6	5	12	6	11	4	12	9	11	14	1	0	1	1	0	10	10	2	9	0	10	5	7	0	9	11	8	0	10	2	8	2	13	9	29	9	7	6	20	8	22	10	21	15	13	2	14	8	9	9	12	4	6	2	12	1	7	15	23	16	13	3	17	17	
2145_A/duck/Pingtung/18X0 5	5	12	7	12	4	12	8	10	15	1	0	4	0	0	10	11	3	9	0	9	4	7	0	10	12	9	1	7	1	7	2	12	10	25	7	9	6	23	10	22	10	24	14	13	2	13	7	8	8	12	4	6	3	13	1	8	15	22	16	11	3	17	17	
2146_A/duck/Shandong/009/ 6	6	12	8	14	6	12	7	8	12	1	0	5	1	0	10	8	3	9	0	8	3	6	0	8	10	7	1	9	3	12	0	15	9	25	12	8	6	23	5	20	10	20	18	13	2	17	4	7	7	13	6	8	6	13	0	7	15	26	17	9	3	14	15	
2147_A/duck/Shandong/Q1/2 6	4	11	7	11	7	13	8	11	10	1	0	3	2	0	10	10	5	7	1	9	4	9	0	10	9	8	1	8	2	9	1	13	8	27	10	8	7	19	7	20	11	23	16	14	2	14	7	8	7	14	5	8	3	12	1	7	17	26	17	9	3	13	15	
2148_A/duck/Shandong/SD02 5	2	10	7	12	7	14	8	8	12	1	0	5	2	0	10	9	4	10	1	10	4	6	0	9	10	7	0	10	2	10	1	15	7	26	10	7	9	21	7	19	8	21	15	15	3	16	7	9	9	14	5	7	1	12	3	5	15	26	16	10	6	13	15	
2149_A/duck/Shandong/SD02 5	2	10	7	12	7	14	8	8	12	1	0	5	2	0	10	9	4	10	1	10	4	6	0	9	10	7	0	10	2	10	1	15	7	26	10	7	9	21	7	19	8	21	15	15	3	16	7	9	9	14	5	7	1	12	3	5	15	26	16	10	6	13	15	
2150_A/duck/Sichuan/NCXJ1 8	4	12	6	9	7	12	9	11	9	1	0	4	3	0	10	10	3	7	1	8	4	9	0	9	9	7	1	9	3	11	0	14	8	28	8	7	8	20	7	20	10	23	16	12	4	16	4	9	9	14	5	7	3	11	2	7	15	27	18	11	3	12	14	
2151_A/duck/Sichuan/NCXJ1 8	4	11	6	9	7	13	9	11	9	1	0	4	3	0	10	10	3	7	1	8	4	9	0	9	9	7	1	9	3	11	0	14	8	28	9	7	8	20	6	21	10	24	16	12	4	14	5	9	9	15	5	7	3	10	2	6	15	27	18	11	3	12	14	
2152_A/duck/Sichuan/NCXN1 7	4	11	7	10	8	13	8	11	9	1	0	3	3	0	10	11	4	9	1	8	5	8	0	8	9	9	1	9	2	8	1	13	11	30	9	9	6	19	6	19	12	22	17	15	2	14	6	7	8	14	5	7	2	11	0	5	15	24	15	11	3	15	18	
2153_A/duck/Sichuan/NCXN1 7	4	11	7	10	8	13	8	11	9	1	0	3	3	0	10	11	4	8	1	8	5	8	0	9	9	9	1	9	2	8	1	13	11	29	9	9	6	19	6	19	12	22	17	15	2	14	6	7	8	14	5	7	2	12	1	5	15	24	16	11	3	15	16	
2154_A/duck/Sichuan/SC482 6	2	10	7	11	8	14	8	9	11	1	0	4	2	0	10	9	4	9	1	10	3	7	0	8	11	7	0	11	2	10	1	15	7	25	10	7	9	22	7	20	9	21	15	14	2	16	7	9	9	14	4	7	1	12	3	5	15	25	15	10	6	14	17	
2155_A/duck/Sichuan/SC569 6	2	10	7	11	8	14	8	9	11	1	0	4	2	0	10	9	4	9	1	10	3	7	0	8	11	7	0	11	2	10	1	14	7	25	10	8	9	23	6	20	9	21	15	14	2	16	7	9	9	14	4	7	1	12	3	4	15	25	15	11	6	14	17	
2156_A/duck/Taichung/1501 7	5	12	7	10	6	12	8	11	12	1	0	3	1	0	10	11	3	9	0	9	4	7	0	9	9	8	0	8	3	8	2	12	10	26	8	10	6	21	9	20	11	24	16	13	2	14	6	7	8	12	4	7	3	14	2	5	17	21	15	13	3	17	17	
2157_A/duck/Tainan/150104 7	5	12	7	10	6	12	8	11	12	1	0	3	1	0	10	12	4	9	0	9	3	7	0	9	9	8	1	7	3	8	2	12	10	27	8	10	6	20	9	20	11	24	15	13	2	14	6	7	8	12	5	7	3	14	1	5	17	22	15	13	3	16	17	
2158_A/duck/Tainan/160100 7	5	11	7	10	6	13	8	11	12	1	0	3	1	0	10	11	2	9	0	9	5	7	0	8	9	8	0	9	3	8	2	10	8	26	8	10	8	21	9	20	12	24	16	13	2	14	6	8	9	12	4	7	3	14	2	5	18	22	15	13	1	16	17	
2159_A/duck/Tainan/16WB34 11	6	11	6	8	6	13	9	2	12	1	0	5	2	0	10	12	4	8	0	8	4	6	0	12	9	12	2	8	3	7	0	15	12	27	12	7	3	23	6	16	11	15	10	14	1	19	9	8	6	16	7	9	4	11	3	6	17	27	20	11	2	12	9	
2160_A/duck/Taipei/05WB83 10	3	12	5	11	9	12	10	5	13	1	0	7	1	0	10	7	4	7	0	11	4	7	0	6	10	13	1	9	2	6	0	12	7	27	14	10	7	21	5	16	12	15	10	14	2	19	10	8	7	14	6	10	4	13	3	8	18	23	19	7	0	16	12	
2161_A/duck/Taipei/18WB01 9	5	10	7	10	7	14	8	2	12	1	0	5	2	0	10	12	4	8	0	7	4	6	0	13	9	13	2	8	3	6	0	14	12	27	13	7	4	25	4	16	11	13	10	14	1	20	9	7	6	15	7	9	5	11	3	7	16	27	19	10	2	14	10	
2162_A/duck/Taipei/19WB02 9	5	10	7	10	7	14	8	2	13	1	0	5	1	0	10	12	4	7	0	8	4	7	0	12	9	13	2	8	3	5	0	15	12	27	12	7	4	24	6	16	11	16	10	14	1	17	11	8	8	14	7	8	3	12	3	7	16	26	19	10	1	14	10	
2163_A/duck/Taiwan/01006/ 7	5	12	7	10	6	12	8	11	12	1	0	3	1	0	10	11	3	9	1	9	4	7	0	9	9	8	0	8	3	8	2	13	9	27	7	10	6	20	9	20	11	24	16	13	2	14	6	7	8	12	4	7	3	14	2	5	17	21	15	13	3	17	17	
2164_A/duck/Taiwan/11213/ 14	5	13	6	7	6	9	9	10	14	1	0	8	0	0	10	10	5	9	0	8	5	7	0	7	10	12	1	5	0	7	0	17	13	26	13	8	5	17	3	18	13	21	16	16	0	19	7	7	8	10	7	5	2	14	4	6	14	24	17	8	1	14	13	
2165_A/duck/Taiwan/11254/ 14	5	13	6	7	6	9	9	9	14	1	0	8	0	0	10	10	5	9	0	8	5	7	0	7	10	12	2	5	0	7	0	17	14	26	13	8	5	17	3	19	13	21	15	16	0	19	7	6	8	10	7	5	2	14	4	6	14	24	17	8	1	14	13	
2166_A/duck/Taiwan/A3400/ 7	5	12	7	10	6	12	8	10	12	1	0	5	1	0	10	11	3	9	0	9	4	7	0	9	9	8	0	7	3	8	2	12	10	27	8	10	6	21	9	20	11	23	17	14	2	14	5	7	8	12	5	7	3	14	1	5	17	21	15	13	3	17	17	
2167_A/duck/Taiwan/DV1238 11	5	15	6	9	6	9	9	4	12	1	0	10	2	0	10	8	4	7	0	11	5	7	0	7	10	13	2	6	2	7	0	12	7	28	15	10	7	19	5	15	13	16	8	13	2	18	11	8	7	16	7	10	4	10	3	8	16	24	20	8	1	16	10	
2168_A/duck/Taiwan/DV1241 11	5	15	6	9	6	9	8	4	12	1	0	10	2	0	10	8	4	7	0	10	5	7	0	7	10	12	3	6	2	7	0	12	7	28	15	11	7	19	6	16	13	16	8	12	2	19	11	8	7	16	7	10	4	10	3	8	16	24	19	8	1	15	11	
2169_A/duck/Taiwan/DV1242 11	5	15	6	9	6	9	9	4	12	1	0	10	2	0	10	8	4	7	0	11	5	7	0	7	10	13	2	6	2	7	0	12	7	28	15	10	7	19	5	16	13	16	8	12	2	19	11	8	7	16	7	10	4	10	3	8	16	24	20	8	1	14	11	
2170_A/duck/Taoyuan/16010 7	5	11	7	10	6	13	8	11	12	1	0	4	1	0	10	9	3	9	0	10	4	7	0	8	9	8	1	9	3	8	1	12	10	27	8	10	6	20	9	20	10	24	15	13	3	14	7	7	9	12	4	7	3	14	2	5	17	22	16	13	2	16	16	
2171_A/duck/Wenzhou/YJYF3 5	3	15	10	14	9	10	5	9	9	1	0	6	4	0	11	9	3	8	0	8	3	8	0	9	9	7	1	5	3	11	0	13	8	24	11	10	6	24	4	20	11	21	18	13	3	18	5	5	5	16	5	9	5	10	3	12	14	22	19	7	3	17	12	
2172_A/duck/Wuhan/JXYFB22 7	4	12	7	10	8	12	8	10	9	1	0	4	3	0	10	10	4	10	1	9	5	6	0	9	9	9	1	9	2	8	1	12	10	28	11	9	7	20	6	18	11	22	16	15	2	14	6	9	6	13	5	7	2	12	1	5	16	25	17	12	4	14	15	
2173_A/duck/Wuhan/WHYF02/ 7	4	10	7	10	7	14	8	12	9	1	0	3	3	0	10	12	3	9	1	7	5	7	0	7	10	10	1	10	2	7	1	13	10	28	10	7	7	20	6	18	12	22	17	15	2	13	7	9	8	13	6	7	3	12	1	5	15	26	16	12	3	13	15	
2174_A/duck/Xinjiang/12.1 7	4	11	7	11	6	13	8	9	10	1	0	5	3	0	10	8	4	10	1	10	4	6	0	7	10	8	0	11	2	9	1	14	6	26	10	8	9	22	7	19	11	23	15	13	3	15	6	10	10	12	6	7	1	13	1	5	15	26	17	11	3	14	14	
2175_A/duck/Yilan/17A0092 5	5	12	7	12	4	12	8	11	13	1	0	3	2	0	10	10	2	9	0	10	5	7	0	9	11	8	0	8	2	8	2	12	10	27	8	9	6	21	9	20	10	24	15	13	2	13	7	8	8	12	4	6	3	13	1	8	15	22	15	13	3	17	18	
2176_A/duck/Yunlin/150102 7	5	12	7	10	6	12	8	11	12	1	0	3	1	0	10	11	3	9	0	9	4	7	0	9	9	8	0	8	3	8	2	12	10	27	9	10	6	20	8	20	11	24	16	13	2	14	6	7	8	12	4	7	3	14	2	5	17	21	15	13	3	17	17	
2177_A/duck/Yunlin/150102 7	5	12	7	10	6	12	8	11	12	1	0	3	1	0	10	11	3	9	0	9	4	7	0	9	9	9	0	8	3	7	2	12	10	28	8	10	6	19	9	20	11	24	16	13	2	14	6	7	8	12	5	7	3	14	1	5	17	21	16	13	3	17	16	
2178_A/duck/Yunlin/150103 7	5	12	7	10	6	12	8	11	12	1	0	3	1	0	10	11	3	9	0	9	4	7	0	9	9	8	0	8	3	8	2	12	10	26	8	10	6	21	9	20	11	24	16	13	2	15	5	7	8	12	4	7	3	14	2	5	17	22	15	13	3	16	17	
2179_A/duck/Yunlin/150103 7	5	12	7	10	6	12	8	11	12	1	0	3	1	0	10	11	3	9	0	9	4	7	0	9	9	8	0	8	3	8	2	12	10	27	8	10	6	20	9	20	11	24	16	13	2	14	6	7	8	12	4	7	3	14	2	5	17	21	15	13	3	17	17	
2180_A/duck/Yunlin/150103 7	5	12	7	10	6	12	8	11	12	1	0	3	1	0	10	11	3	9	0	9	4	7	0	9	9	8	0	8	3	8	2	12	10	26	8	10	6	21	9	20	11	24	16	13	2	14	6	7	8	12	4	7	3	14	2	5	16	21	15	13	4	17	17	
2181_A/duck/Yunlin/150104 7	5	12	7	10	6	12	8	11	12	1	0	3	1	0	10	11	3	9	0	9	4	7	0	9	9	8	0	8	3	8	2	12	10	26	9	10	6	20	9	20	11	24	16	13	2	14	6	7	8	13	5	7	3	13	1	5	17	21	16	13	3	17	16	
2182_A/duck/Yunlin/150700 7	5	13	7	10	6	11	8	11	12	1	0	3	1	0	10	11	3	9	0	9	4	7	0	8	9	8	0	9	3	8	2	12	10	26	8	10	6	21	9	20	11	23	16	13	2	15	6	7	9	12	4	7	3	14	2	5	17	21	15	13	2	17	17	
2183_A/duck/Yunlin/15A501 7	5	13	8	10	6	11	7	11	12	1	0	3	1	0	10	11	3	9	0	9	4	7	0	8	9	8	0	8	3	8	2	13	10	26	8	9	6	21	9	20	11	23	16	14	2	15	6	7	9	12	4	7	3	14	2	5	17	21	15	13	2	17	17	
2184_A/duck/Yunlin/171100 5	5	12	6	12	4	12	9	12	15	1	0	4	1	0	10	9	2	10	0	10	4	6	0	9	10	8	0	8	2	8	2	12	10	28	8	8	8	19	9	21	10	24	14	12	2	13	8	8	8	12	4	7	2	14	1	7	15	22	16	13	3	17	17	
2185_A/duck/Yunlin/17A008 5	5	12	7	12	4	12	8	11	13	1	0	3	2	0	10	10	2	9	0	10	5	7	0	9	11	8	0	8	2	8	2	12	11	27	8	9	5	20	9	21	10	24	15	13	2	13	7	8	8	12	4	6	3	14	1	7	15	22	15	13	3	17	18	
2186_A/duck/Yunlin/17A068 5	5	12	7	12	4	12	8	12	15	1	0	3	1	0	10	10	2	9	0	10	4	7	0	8	10	8	0	8	2	8	2	11	10	26	8	9	7	21	9	20	11	23	13	13	2	13	10	8	8	12	4	8	3	14	1	6	15	22	16	13	3	17	17	
2187_A/duck/Yunlin/180600 5	5	12	7	12	4	12	8	12	15	1	0	2	1	0	10	10	2	9	0	10	4	7	0	8	10	8	0	9	2	8	2	12	10	27	8	8	8	21	8	21	11	24	14	14	1	13	8	8	8	12	4	7	2	14	1	8	15	23	16	11	3	16	17	
2188_A/duck/Yunlin/18X000 6	5	12	7	11	4	12	8	11	12	1	0	2	2	0	10	10	2	9	0	11	5	7	0	8	11	8	1	9	2	8	2	12	10	26	7	9	6	21	8	21	10	23	15	13	3	13	7	8	9	12	5	6	2	13	2	7	17	23	16	12	3	16	17	
2189_A/duck/Yunnan/4072/2 7	3	12	8	10	8	12	7	8	13	1	0	5	2	0	10	10	4	8	0	8	2	6	0	10	10	9	1	7	3	11	0	14	9	22	13	8	6	25	5	17	10	21	18	14	1	18	4	7	7	14	7	9	5	13	0	7	15	25	17	10	4	14	14	
2190_A/duck/Yunnan/426/20 7	3	12	8	11	8	12	7	8	14	1	0	5	2	0	10	12	4	8	0	6	2	6	0	10	10	9	1	8	3	10	0	14	9	22	13	8	6	26	5	17	10	22	18	13	2	15	5	7	7	13	7	8	5	13	0	7	14	25	18	11	4	14	13	
2191_A/duck/Yunnan/4645/2 7	3	12	8	11	8	12	7	8	13	1	0	5	2	0	10	10	4	8	0	8	2	6	0	10	10	9	1	7	3	11	0	14	9	22	12	8	6	25	5	16	11	21	18	14	1	17	6	7	7	14	6	8	5	13	0	7	15	25	17	10	4	14	15	
2192_A/duck/Yunnan/47/200 7	6	12	7	12	5	12	8	9	10	1	0	4	3	0	10	10	3	8	0	8	3	6	0	8	10	7	1	9	3	12	0	14	9	22	11	8	6	26	6	19	11	21	18	14	1	20	4	8	8	15	7	8	4	12	0	8	13	24	17	9	4	14	14	
2193_A/duck/Yunnan/485/20 7	3	12	8	11	8	12	7	8	14	1	0	5	2	0	10	11	4	8	0	7	2	6	0	10	10	9	1	8	3	10	0	14	9	22	13	8	6	24	5	17	10	23	17	13	1	15	6	7	7	15	7	8	5	13	0	7	14	25	18	11	4	14	13	
2194_A/duck/Yunnan/4873/2 6	6	12	7	12	6	12	8	9	10	1	0	4	3	0	10	11	3	8	0	7	3	6	0	10	10	7	1	8	3	11	0	15	8	22	12	8	6	26	5	19	12	22	18	13	1	17	4	8	7	16	7	8	5	11	0	7	15	25	17	9	3	14	14	
2195_A/duck/Yunnan/5090/2 7	3	12	8	11	8	12	7	8	13	1	0	5	2	0	10	10	4	8	0	8	2	6	0	10	10	9	1	7	3	11	0	14	9	21	13	8	6	25	5	17	10	22	17	14	1	17	5	7	7	15	7	8	5	13	0	7	15	25	17	10	4	14	14	
2196_A/duck/Yunnan/5169/2 7	3	12	8	11	8	12	7	8	13	1	0	5	2	0	10	10	4	8	0	8	2	6	0	10	10	9	1	7	3	11	0	14	9	22	13	8	6	25	5	17	10	22	17	14	1	17	5	7	7	14	7	8	5	13	0	7	15	25	17	10	4	14	14	
2197_A/duck/Yunnan/522/20 7	3	12	8	11	8	12	7	8	14	1	0	5	2	0	10	12	4	8	0	6	2	6	0	10	10	9	1	8	3	10	0	14	9	22	13	8	6	25	5	17	10	22	18	13	2	15	5	7	7	13	7	8	5	14	0	7	14	25	18	11	4	14	13	
2198_A/duck/Yunnan/5310/2 6	6	12	7	12	5	12	8	7	12	1	0	5	2	0	10	9	3	7	0	8	5	7	0	10	9	7	1	9	3	12	0	14	9	22	12	8	6	26	5	18	11	23	18	13	2	15	4	8	7	14	6	8	5	13	0	8	14	24	17	9	4	15	15	
2199_A/duck/Yunnan/5948/2 7	3	12	8	11	8	12	7	8	13	1	0	5	2	0	10	10	4	8	0	8	2	6	0	10	10	9	1	7	3	11	0	14	9	22	13	8	6	25	5	17	10	21	18	13	1	17	5	7	7	14	7	8	5	13	0	7	15	25	18	11	4	14	13	
2200_A/duck/Yunnan/6080/2 7	3	12	8	11	8	12	7	8	14	1	0	5	2	0	10	11	4	8	0	7	2	6	0	10	10	9	1	8	3	10	0	14	9	22	13	8	6	25	5	17	10	22	18	13	1	16	5	7	7	14	7	8	5	13	0	7	14	25	18	11	4	14	13	
2201_A/duck/Yunnan/6603/2 7	3	12	8	11	8	12	7	8	14	1	0	5	2	0	10	11	4	8	0	7	2	6	0	10	10	9	1	8	3	10	0	14	9	22	13	8	6	25	5	16	10	22	18	13	1	16	5	7	7	14	7	8	5	13	0	8	14	25	18	11	4	14	13	
2202_A/duck/Zhejiang/1026 6	5	11	7	11	6	13	8	11	13	1	0	4	0	0	10	10	3	8	1	8	4	8	0	10	8	8	1	8	3	9	1	11	10	26	7	10	6	21	9	19	13	23	17	12	1	15	5	9	7	12	5	7	4	14	1	6	15	23	16	13	4	15	16	
2203_A/duck/Zhejiang/1220 5	5	14	10	14	7	10	5	8	9	1	0	6	4	0	11	9	3	8	0	8	3	8	0	9	9	7	1	6	3	11	0	13	8	24	11	10	6	24	4	20	11	23	17	13	3	17	5	5	5	15	5	9	5	12	3	12	14	22	20	7	3	17	11	
2204_A/duck/Zhejiang/213/ 7	4	12	10	12	6	12	5	9	10	1	0	5	4	0	10	7	4	7	0	10	2	8	0	9	10	7	0	8	3	10	1	11	9	26	10	7	6	22	6	23	8	24	18	14	2	13	7	6	7	15	7	8	3	14	1	11	16	22	19	9	3	18	11	
2205_A/duck/Zhejiang/224/ 7	4	14	9	12	6	10	6	8	10	1	0	6	4	0	10	6	4	7	0	11	2	8	0	11	10	7	0	7	3	10	1	11	10	25	10	9	5	20	7	21	9	26	17	13	1	13	7	6	7	16	7	8	3	13	0	11	16	24	18	9	3	17	13	
2206_A/duck/Zhejiang/2242 7	4	14	9	12	6	10	6	8	10	1	0	6	4	0	10	6	4	7	0	11	2	8	0	10	10	7	0	7	3	10	1	11	9	25	10	9	6	20	7	22	9	24	18	13	1	14	7	6	7	16	7	8	3	13	0	11	16	24	18	9	3	17	13	
2207_A/duck/Zhejiang/2243 7	4	14	9	12	6	10	6	8	10	1	0	6	4	0	10	6	4	7	0	11	2	8	0	10	10	7	0	7	3	10	1	11	9	25	10	9	6	20	7	22	9	24	18	13	1	14	7	6	7	16	7	8	3	13	0	11	16	24	18	9	3	17	13	
2208_A/duck/Zhejiang/2244 7	4	14	9	12	6	10	6	8	10	1	0	6	4	0	10	6	4	7	0	11	2	8	0	10	10	7	0	7	3	10	1	11	9	25	10	9	6	20	7	22	9	24	18	13	1	14	7	6	7	16	7	8	3	13	0	11	16	24	18	8	4	17	13	
2209_A/duck/Zhejiang/2245 7	4	14	9	12	6	10	6	8	10	1	0	6	4	0	10	6	4	7	0	11	2	8	0	10	10	7	0	7	3	10	1	11	9	25	10	9	6	20	7	22	9	24	18	13	1	14	7	6	7	16	7	8	3	13	0	11	16	24	18	9	3	17	13	
2210_A/duck/Zhejiang/2248 7	4	14	9	12	6	10	6	8	10	1	0	6	4	0	10	6	4	7	0	11	2	8	0	10	10	7	0	7	3	10	1	11	9	24	10	9	6	20	7	22	9	25	18	13	1	14	7	6	7	16	7	8	3	13	0	11	16	24	18	9	3	17	13	
2211_A/duck/Zhejiang/6D18 6	4	11	7	11	7	13	8	11	9	1	0	3	3	0	10	9	4	9	1	9	4	7	0	10	9	7	1	9	3	10	1	14	8	26	10	7	7	20	7	19	11	21	14	13	3	17	7	10	8	14	6	7	3	12	1	7	16	26	13	10	3	13	18	
2212_A/duck/Zhejiang/6D2/ 8	4	10	6	9	7	14	9	12	9	1	0	4	3	0	10	10	3	7	1	8	4	9	0	8	9	7	1	9	3	11	0	15	8	29	9	7	8	19	6	21	10	24	16	12	4	14	5	8	9	14	5	7	3	11	2	6	15	27	18	11	3	12	14	
2213_A/duck/Zhejiang/6DK1 8	4	10	6	9	7	14	9	12	9	1	0	4	3	0	10	10	3	7	1	8	4	9	0	8	9	7	1	9	3	11	0	14	8	29	9	7	8	19	6	22	10	24	16	12	4	14	5	8	9	14	5	7	3	11	2	6	15	27	18	11	3	12	14	
2214_A/duck/Zhejiang/7270 7	3	13	7	10	8	11	8	11	9	1	0	4	3	0	10	12	3	9	1	7	5	7	0	8	10	10	1	9	2	7	1	13	10	28	10	6	7	19	6	20	11	23	19	14	2	14	4	9	8	13	5	7	3	12	0	5	16	25	17	12	3	14	16	
2215_A/duck/Zhejiang/7271 7	4	13	7	10	7	11	8	11	9	1	0	4	3	0	10	12	3	9	1	7	5	7	0	8	10	10	1	9	2	7	1	13	10	29	10	6	7	19	6	20	11	20	18	15	2	15	5	9	8	13	5	6	3	12	1	5	16	25	16	13	3	14	16	
2216_A/duck/Zhejiang/7713 8	3	11	6	9	8	13	9	12	9	1	0	3	3	0	10	10	3	7	1	8	4	9	0	9	9	6	1	9	3	12	0	14	10	27	8	7	8	20	7	22	10	23	16	12	4	15	5	8	9	14	5	7	2	11	2	5	14	26	19	12	4	13	13	
2217_A/duck/Zhejiang/9250 6	3	12	7	11	8	12	8	10	9	1	0	4	3	0	10	10	4	9	1	10	3	7	0	9	10	7	1	9	2	10	1	13	8	27	10	7	7	19	7	19	11	23	12	13	3	15	9	10	8	14	7	7	3	12	1	7	15	27	13	9	3	13	19	
2218_A/duck/Zhejiang/9251 6	4	12	7	11	7	12	8	10	9	1	0	4	3	0	10	10	4	9	1	10	3	7	0	9	10	7	1	9	2	10	1	13	8	27	10	7	7	19	7	19	11	23	12	13	3	15	9	10	8	14	7	7	3	12	1	7	15	27	13	10	3	13	18	
2219_A/duck/Zhejiang/W24/ 6	4	11	6	11	7	13	9	10	9	1	0	4	3	0	10	10	4	9	1	10	3	7	0	9	10	7	1	9	2	10	1	12	8	27	10	8	7	19	7	20	11	22	13	13	3	17	7	9	8	14	6	7	3	12	1	7	16	26	13	11	3	13	18	
2220_A/egret/Zhejiang/W15 8	4	12	6	9	7	12	9	12	9	1	0	5	3	0	10	13	3	8	0	7	5	8	0	5	10	10	1	9	2	8	1	11	9	29	10	7	9	19	6	20	11	23	18	14	2	12	5	9	7	14	5	6	3	11	1	6	16	25	17	13	3	14	16	
2221_A/egret/Zhejiang/W18 6	4	11	7	11	7	13	8	10	10	1	0	4	3	0	10	12	4	9	1	7	4	6	0	8	10	8	1	9	2	9	1	13	9	30	11	7	8	19	5	19	13	20	18	15	1	15	5	9	8	13	5	6	4	13	1	5	13	24	17	12	4	14	15	
2222_A/equine/China/61/20 6	6	12	7	12	6	12	8	8	11	1	0	4	3	0	10	10	3	8	0	8	3	6	0	10	9	8	1	8	3	12	0	14	8	22	12	8	7	26	5	20	11	22	18	13	2	16	4	8	7	15	7	8	5	12	0	6	14	25	17	9	4	14	14	
2223_A/equine/China/67/20 6	6	12	7	12	6	12	8	8	11	1	0	4	3	0	10	10	3	8	0	8	3	6	0	10	10	7	1	8	3	12	0	14	8	22	12	8	7	26	5	20	11	22	18	13	2	16	4	8	7	15	7	8	5	11	1	6	14	25	17	9	4	14	14	
2224_A/equine/China/68/20 6	6	12	7	12	6	12	8	8	11	1	0	4	3	0	10	10	3	8	0	8	3	6	0	10	10	7	1	8	3	12	0	14	9	22	12	8	6	26	5	20	11	22	18	13	2	16	4	8	7	15	7	8	5	12	0	6	14	25	17	9	4	14	14	
2225_A/eurasian_coot/Shan 6	2	10	7	11	8	14	8	10	11	1	0	4	2	0	10	9	4	9	1	10	3	7	0	7	11	7	0	11	2	10	1	15	7	27	10	7	9	20	7	20	9	21	15	14	2	16	7	9	9	14	4	7	1	12	3	5	15	26	16	10	6	13	16	
2226_A/eurasian_coot/Shan 6	2	10	7	11	8	14	8	9	11	1	0	4	2	0	10	9	4	9	1	10	3	7	0	8	11	7	0	11	2	10	1	15	7	26	10	7	9	21	7	20	9	21	15	14	2	16	7	9	9	14	4	7	1	12	3	5	15	26	16	10	6	13	16	
2227_A/eurasian_coot/Shan 6	2	10	7	11	8	14	8	9	11	1	0	4	2	0	10	9	4	9	1	10	3	7	0	8	11	7	0	11	2	10	1	15	7	26	10	7	10	21	6	20	9	21	15	14	2	16	7	9	9	14	4	7	1	12	3	5	15	26	16	10	6	13	16	
2228_A/eurasian_coot/Shan 6	2	10	7	11	8	14	8	10	11	1	0	4	2	0	10	9	4	9	1	10	3	7	0	7	11	7	0	11	2	10	1	15	7	27	10	7	9	20	7	20	9	21	15	14	2	16	7	9	9	14	4	7	1	12	3	5	15	26	16	10	6	13	16	
2229_A/feline/Guangdong/2 6	4	11	7	11	7	13	8	11	9	1	0	4	3	0	10	12	3	8	1	7	5	8	0	8	10	9	1	9	2	8	1	12	10	29	10	6	7	19	6	20	12	22	18	14	2	13	6	9	7	14	5	7	3	11	1	5	16	25	16	13	3	14	16	
2230_A/gadwall/Ningxia/YG 10	6	11	6	9	6	13	9	2	12	1	0	5	2	0	10	11	4	7	0	9	4	7	0	11	10	8	2	9	2	11	0	14	11	26	12	8	4	23	6	16	11	15	13	15	1	19	6	7	7	13	6	9	4	14	5	8	16	26	18	8	3	13	11	
2231_A/goose/Changhua/150 7	5	12	7	10	6	12	8	11	12	1	0	3	1	0	10	11	3	9	0	10	5	7	0	9	9	8	0	8	2	8	2	12	10	26	8	9	6	22	9	20	11	24	16	13	2	13	6	7	8	12	4	7	3	14	2	5	17	21	15	13	3	17	17	
2232_A/goose/Chiayi/15010 7	5	12	7	10	6	12	8	11	12	1	0	3	1	0	10	11	3	9	0	9	4	7	0	9	9	8	0	8	3	8	2	12	10	27	8	10	6	20	9	20	11	24	16	13	2	14	6	7	8	12	4	7	3	14	2	5	17	21	15	13	3	17	17	
2233_A/goose/Chiayi/15010 7	5	12	6	10	6	12	9	11	12	1	0	3	1	0	10	11	3	9	0	9	4	7	0	9	9	8	0	8	3	8	2	12	10	27	8	10	6	20	9	20	11	24	16	13	2	14	6	7	8	12	4	7	3	14	2	5	17	21	15	13	3	17	17	
2234_A/goose/Chiayi/15020 7	5	12	7	10	6	12	8	11	12	1	0	3	1	0	10	11	3	9	0	9	4	7	0	9	9	8	0	8	3	8	2	12	10	27	8	10	6	20	9	20	11	24	16	13	2	14	6	7	8	12	5	7	3	14	1	5	17	21	16	13	3	17	16	
2235_A/goose/Chiayi/16010 7	5	11	7	10	6	13	8	11	12	1	0	3	1	0	10	11	2	9	0	9	5	7	0	8	9	8	0	9	3	8	2	10	8	27	8	10	8	20	9	20	12	24	16	13	2	14	6	8	9	12	4	7	3	14	2	5	18	22	15	13	1	16	17	
2236_A/goose/Chiayi/16040 7	5	11	7	10	5	13	8	12	12	1	0	2	1	0	10	11	3	9	0	9	5	7	0	8	9	9	0	9	3	7	2	12	10	26	9	10	6	21	8	20	11	25	15	14	2	14	6	7	9	12	4	7	3	14	2	6	16	21	15	12	2	17	17	
2237_A/goose/Chiayi/16040 7	5	11	7	10	6	13	8	11	12	1	0	3	1	0	10	11	3	9	0	9	4	7	0	8	9	9	0	9	3	7	2	12	10	27	8	10	6	21	8	20	11	25	15	14	2	14	6	7	9	12	4	7	3	14	2	6	16	21	15	12	2	17	17	
2238_A/goose/Chiayi/17020 5	5	12	7	12	4	12	8	10	14	0	0	4	1	1	10	10	2	9	0	10	5	7	0	9	11	7	0	8	2	9	2	12	10	27	8	9	6	20	9	21	10	24	15	13	2	13	7	8	8	12	4	6	3	14	1	7	15	22	16	13	3	17	17	
2239_A/goose/Chiayi/17040 7	5	13	6	10	6	11	9	10	12	1	0	5	1	0	10	11	3	9	0	9	4	7	0	9	9	9	0	7	3	8	2	12	10	29	7	10	7	18	9	21	10	23	16	14	2	13	6	7	7	12	5	7	3	15	1	6	17	21	15	12	3	17	17	
2240_A/goose/Chiayi/18010 5	5	12	6	12	4	12	9	12	15	1	0	3	1	0	10	10	2	10	0	10	4	6	0	8	10	8	0	8	2	8	2	12	10	29	8	8	8	18	9	21	10	24	14	13	2	13	8	8	8	12	4	7	2	14	1	7	15	22	16	13	3	17	17	
2241_A/goose/Chiayi/18020 5	6	12	6	12	4	12	9	12	14	1	0	3	1	0	10	10	2	10	0	10	4	6	0	8	10	8	0	8	2	8	2	12	10	29	8	8	8	18	9	21	11	24	14	13	1	13	8	8	8	12	4	7	2	14	1	7	15	21	17	13	3	17	17	
2242_A/goose/Chiayi/18020 5	6	12	6	12	4	12	9	12	14	1	0	3	1	0	10	10	2	10	0	10	4	6	0	8	10	8	0	8	2	8	2	12	10	29	8	8	8	18	9	21	11	24	14	13	1	13	8	8	8	12	4	7	2	14	1	7	15	21	17	13	3	17	17	
2243_A/goose/China/0701/2 9	4	12	7	8	8	12	8	10	11	1	0	4	3	0	10	12	3	9	1	7	3	6	0	7	9	10	1	9	3	8	1	13	10	30	12	8	7	17	6	19	13	17	19	13	2	16	5	9	8	12	5	7	3	13	1	9	14	23	19	9	3	16	13	
2244_A/goose/China/1/2021 6	4	11	6	11	6	13	9	9	11	1	0	5	2	0	10	9	4	10	1	10	4	6	0	8	10	7	0	10	2	10	1	15	7	26	10	7	9	21	7	20	10	21	15	14	3	16	7	9	9	14	4	7	1	12	3	3	15	26	15	11	5	13	17	
2245_A/goose/China/1106/2 6	5	11	7	11	6	13	8	10	13	1	0	5	0	0	10	10	3	8	1	8	4	8	0	11	9	8	1	7	3	9	1	11	10	27	8	10	6	20	8	19	10	24	17	12	3	14	5	9	7	12	5	7	4	14	1	6	16	24	17	13	3	14	15	
2246_A/goose/China/E43/20 7	5	14	10	12	6	10	5	9	10	1	0	4	4	0	10	6	3	7	0	10	2	8	0	10	9	8	0	9	4	9	1	12	9	26	11	8	7	21	7	21	8	20	21	13	2	14	7	6	7	15	6	8	2	14	2	11	16	21	17	9	3	19	13	
2247_A/goose/China/M14/20 6	5	14	7	11	6	10	8	10	10	1	0	3	3	0	10	12	3	8	0	7	5	7	0	8	10	10	1	10	2	6	1	13	12	29	9	6	6	19	6	19	10	23	18	14	2	14	5	8	8	14	7	7	3	12	1	5	14	26	16	14	4	13	16	
2248_A/goose/Eastern_Chin 6	4	11	7	11	7	13	8	9	9	1	0	5	3	0	10	10	3	8	1	9	4	8	0	10	10	8	1	8	3	9	1	13	8	25	10	8	7	22	6	21	10	23	16	12	4	15	5	8	8	14	5	8	3	12	1	6	16	25	18	11	3	13	15	
2249_A/goose/Eastern_Chin 6	5	13	7	12	7	11	8	7	10	1	0	6	3	0	10	10	3	7	0	9	3	7	0	11	9	9	1	7	3	10	0	15	9	21	12	6	5	29	6	19	12	23	16	14	1	15	6	7	7	15	7	8	5	12	0	8	14	23	16	8	3	16	15	
2250_A/goose/Eastern_Chin 7	4	11	7	10	7	13	8	10	9	1	0	4	3	0	10	10	4	9	1	10	3	7	0	9	10	7	1	9	2	10	1	12	9	27	10	8	6	19	7	19	11	22	13	13	3	17	7	10	8	14	6	7	3	12	1	7	16	26	13	11	3	13	18	
2251_A/goose/Eastern_Chin 6	4	11	7	11	6	13	8	11	9	1	0	3	3	0	10	10	4	7	1	9	4	9	0	10	10	8	1	8	2	9	1	13	8	26	10	8	8	20	7	20	11	23	15	13	3	14	7	9	7	14	5	7	3	12	1	6	17	25	15	11	3	14	17	
2252_A/goose/Eastern_Chin 7	4	11	7	10	7	13	8	10	9	1	0	4	3	0	10	11	4	8	1	8	4	8	0	10	10	9	1	9	2	7	1	12	9	26	10	8	7	21	6	19	11	22	17	15	2	15	5	9	8	14	5	7	3	12	1	5	16	25	16	12	3	14	16	
2253_A/goose/Eastern_Chin 6	4	11	7	11	7	13	8	11	9	1	0	3	3	0	10	9	4	9	1	9	4	7	0	10	10	7	1	9	2	10	1	13	8	27	9	8	7	20	7	18	11	21	14	13	3	17	7	10	8	14	6	7	3	12	1	8	16	26	13	10	3	13	18	
2254_A/goose/Eastern_Chin 7	4	12	7	10	7	12	8	10	9	1	0	4	3	0	10	12	3	8	1	7	5	8	0	9	10	9	1	9	2	8	1	13	10	30	10	7	7	19	6	18	11	22	18	15	2	13	6	9	8	12	5	7	3	12	1	5	16	25	16	12	3	14	16	
2255_A/goose/Fujian/10.11 7	4	11	6	10	7	13	9	12	9	1	0	4	3	0	10	12	3	9	0	7	5	7	0	6	10	9	2	9	2	9	1	11	10	29	10	7	8	19	6	20	11	23	17	15	2	12	5	8	8	14	5	7	3	11	1	5	16	24	16	11	4	15	17	
2256_A/goose/Fujian/10.26 7	4	12	6	9	7	13	9	12	10	1	0	3	3	0	10	12	4	8	0	7	4	8	0	7	10	10	1	8	2	8	1	12	11	30	9	7	9	16	7	19	10	25	16	14	2	11	7	9	7	15	5	7	2	11	1	6	14	25	18	12	4	15	15	
2257_A/goose/Fujian/10.26 7	4	12	6	9	7	13	9	12	10	1	0	3	3	0	10	12	4	8	0	7	4	8	0	7	10	10	1	8	2	8	1	12	11	30	9	7	9	16	7	19	10	25	16	14	2	11	7	9	7	15	5	7	2	11	1	6	14	25	18	12	4	15	15	
2258_A/goose/Fujian/10.26 7	4	12	6	9	7	13	9	12	10	1	0	3	3	0	10	12	4	8	0	7	4	8	0	7	10	10	1	8	2	8	1	12	11	30	9	7	9	16	7	19	10	26	16	15	2	10	7	9	7	15	5	7	2	11	1	6	14	25	18	11	4	15	15	
2259_A/goose/Fujian/10.26 7	4	12	6	9	7	13	9	12	10	1	0	3	3	0	10	12	4	8	0	7	4	8	0	7	10	10	1	8	2	8	1	12	11	30	9	7	9	16	7	19	10	26	16	15	2	10	7	9	7	15	5	7	2	11	1	6	14	25	18	11	4	15	15	
2260_A/goose/Fujian/10.26 7	4	12	6	9	7	13	9	12	10	1	0	3	3	0	10	12	4	8	0	7	4	8	0	7	10	10	1	8	2	8	1	12	11	30	9	7	9	16	7	19	10	26	16	15	2	10	7	9	7	15	5	7	2	11	1	6	14	25	18	11	4	15	15	
2261_A/goose/Fujian/10.26 7	4	12	6	9	7	13	9	12	10	1	0	3	3	0	10	12	4	8	0	7	4	8	0	7	10	10	1	8	2	8	1	12	11	30	9	7	9	16	7	19	10	26	16	15	2	10	7	9	7	15	5	7	2	11	1	6	14	25	18	11	4	15	15	
2262_A/goose/Fujian/10.26 7	4	12	6	9	7	13	9	12	11	1	0	3	3	0	10	12	4	8	0	7	4	8	0	7	10	10	1	8	2	8	1	12	11	30	9	7	9	16	7	19	10	25	16	14	2	11	7	9	7	15	5	7	2	11	1	6	14	25	18	12	4	15	15	
2263_A/goose/Fujian/10.26 7	4	12	6	9	7	13	9	12	10	1	0	3	3	0	10	12	4	8	0	7	4	8	0	7	10	10	1	8	2	8	1	12	11	30	9	7	9	16	7	19	10	26	16	15	2	10	7	9	7	15	5	7	2	11	1	6	14	25	18	11	4	15	15	
2264_A/goose/Fujian/10.26 7	4	12	6	9	7	13	9	12	10	1	0	3	3	0	10	12	4	8	0	7	4	8	0	7	10	10	1	8	2	8	1	12	11	30	9	7	9	16	7	19	10	25	16	14	2	11	7	9	7	15	5	7	2	11	1	6	14	25	18	12	4	15	15	
2265_A/goose/Fujian/11.3_ 7	4	11	6	10	7	13	9	12	10	1	0	4	3	0	10	12	3	9	0	7	5	7	0	6	10	9	2	9	2	9	1	11	10	29	10	7	8	19	6	20	11	23	17	15	2	12	5	8	8	14	5	7	3	11	1	5	16	24	16	11	4	15	17	
2266_A/goose/Fujian/3.15_ 8	4	12	7	9	8	12	8	9	11	1	0	4	3	0	10	12	3	9	1	7	3	6	0	8	9	10	1	9	3	8	1	11	10	28	11	9	7	19	6	19	12	19	18	13	2	16	5	8	8	13	5	7	4	12	2	8	13	24	17	12	3	15	15	
2267_A/goose/Fujian/3.15_ 8	4	12	7	9	8	12	8	9	11	1	0	4	3	0	10	12	3	9	1	7	3	6	0	8	9	10	1	9	3	8	1	11	10	28	11	9	7	19	6	19	12	19	18	13	2	16	5	8	8	13	5	7	4	12	2	8	13	24	17	12	3	15	15	
2268_A/goose/Fujian/3.15_ 8	4	13	7	9	8	11	8	9	11	1	0	4	3	0	10	12	2	9	1	7	4	6	0	8	9	10	1	9	3	8	1	11	10	27	11	8	7	20	6	20	12	19	18	13	2	16	5	9	8	13	5	7	4	11	2	8	13	24	18	11	3	16	14	
2269_A/goose/Fujian/3.15_ 8	4	12	7	9	8	12	8	9	10	1	0	4	3	0	10	12	3	9	1	7	3	6	0	8	10	9	1	9	3	8	1	11	10	28	11	10	7	18	6	20	12	19	18	13	2	17	5	7	8	13	5	8	4	12	2	7	13	24	18	11	3	16	14	
2270_A/goose/Fujian/3.15_ 8	4	12	7	9	8	12	8	9	11	1	0	4	3	0	10	12	3	9	1	7	4	6	0	8	8	10	1	9	3	8	1	11	10	28	11	9	7	19	6	20	11	19	18	13	2	16	5	8	8	13	5	7	4	12	2	7	14	24	18	12	3	15	14	
2271_A/goose/GuangDong/11 7	2	10	8	10	8	15	7	8	11	0	0	4	2	1	10	9	4	10	1	10	3	6	0	9	12	6	0	11	1	11	2	15	8	31	9	7	8	15	8	18	11	20	16	13	2	17	5	8	8	12	4	8	1	15	3	5	16	26	16	11	5	13	16	
2272_A/goose/Guangdong/7. 8	4	12	7	9	8	12	8	9	11	1	0	4	3	0	10	12	3	9	1	7	3	6	0	8	9	10	1	9	3	8	1	11	10	28	10	9	7	18	7	20	12	19	18	13	2	16	5	8	8	14	5	7	4	12	2	8	13	24	20	11	3	15	12	
2273_A/goose/Guangdong/72 7	4	12	7	10	7	12	9	7	11	1	0	6	3	0	10	10	4	7	0	8	3	7	0	10	10	9	1	8	3	10	0	14	9	22	14	8	6	24	5	17	10	20	17	14	1	19	6	8	7	13	9	7	5	14	0	10	15	24	18	7	4	15	11	
2274_A/goose/Guangdong/QY 8	4	11	7	9	7	13	8	9	12	1	0	3	3	0	10	12	3	9	1	6	5	6	0	10	9	9	2	9	3	8	0	14	10	31	11	7	7	18	5	18	13	20	20	15	1	14	4	9	8	13	5	6	3	12	1	6	14	26	18	11	3	12	15	
2275_A/goose/Guangdong/k0 7	6	9	6	11	5	15	9	10	11	1	0	4	4	0	10	10	3	8	1	8	4	7	0	9	11	9	1	6	2	11	0	13	8	28	10	10	8	19	5	18	10	24	17	14	3	13	7	8	7	14	8	6	4	12	0	7	13	24	19	10	5	14	13	
2276_A/goose/Guangdong/s1 6	4	11	7	11	7	13	8	11	9	1	0	3	3	0	10	11	4	9	1	7	4	7	0	11	10	8	1	8	2	9	1	13	8	27	10	7	7	20	7	21	11	23	15	13	2	16	6	9	7	14	6	7	3	11	1	6	17	23	15	11	3	16	16	
2277_A/goose/Hebei/HG12/2 6	2	10	7	11	8	14	8	8	11	1	0	5	2	0	10	9	4	9	1	10	3	7	0	9	11	7	0	10	2	10	1	15	7	26	10	7	9	21	7	20	9	21	15	14	2	16	7	9	9	14	4	7	1	12	3	5	15	26	16	10	6	13	16	
2278_A/goose/Henan/01.01_ 8	4	12	6	9	7	12	9	10	9	1	0	6	3	0	10	12	3	8	0	7	5	8	0	7	10	10	1	8	2	8	1	11	10	29	10	7	9	18	6	19	10	23	18	15	2	12	6	9	7	14	5	6	3	11	1	6	16	25	17	13	3	14	16	
2279_A/goose/Hong_Kong/23 11	7	11	7	9	5	13	8	2	13	1	0	8	1	0	10	11	4	8	0	9	4	6	0	9	11	12	1	7	1	6	0	13	10	28	12	8	5	23	5	17	13	16	10	15	0	20	10	7	6	13	8	12	5	12	2	5	14	26	17	8	4	13	13	
2280_A/goose/Hubei/65/200 6	6	12	8	12	6	12	7	7	11	1	0	5	3	0	10	10	3	9	0	8	3	5	0	10	10	7	1	8	3	12	0	14	9	22	12	8	6	26	5	20	11	22	18	13	2	16	4	8	7	14	6	8	5	13	0	6	14	25	17	9	4	14	15	
2281_A/goose/Inner_Mongol 6	5	13	10	13	7	11	5	8	10	1	0	6	3	0	10	7	4	9	0	10	2	8	0	8	10	6	2	9	2	11	0	12	11	28	8	11	5	20	8	21	11	23	16	12	1	15	6	5	6	13	7	8	5	14	2	7	14	22	18	9	4	18	12	
2282_A/goose/Jiangsu/QD5/ 7	4	11	7	10	7	13	8	10	9	1	0	4	3	0	10	10	4	10	1	9	4	6	0	10	10	8	1	9	2	9	1	12	8	27	10	8	7	19	7	18	11	21	14	13	3	17	7	10	7	14	6	6	4	12	1	8	16	26	13	11	3	13	18	
2283_A/goose/Jiangsu/k040 6	5	13	10	14	5	11	5	9	9	1	0	7	3	0	10	8	3	7	0	9	3	9	0	7	11	7	0	8	3	12	0	14	9	24	10	10	6	23	5	21	11	24	16	12	1	14	7	5	5	14	7	7	6	14	2	10	15	23	18	8	3	17	12	
2284_A/goose/Pingtung/150 7	5	12	7	10	6	12	8	11	12	1	0	4	1	0	10	11	3	9	0	9	4	7	0	9	9	8	0	7	3	8	2	12	10	27	8	10	6	20	9	20	11	24	16	13	2	14	6	7	8	12	4	7	3	14	2	5	17	21	15	13	3	17	17	
2285_A/goose/Pingtung/150 7	5	12	7	10	6	12	8	11	12	1	0	3	1	0	10	11	3	9	0	9	4	7	0	9	9	8	0	8	3	8	2	12	10	27	8	10	6	20	9	20	11	24	16	13	2	14	6	7	8	12	4	7	3	14	2	5	17	21	15	13	3	17	17	
2286_A/goose/Pingtung/150 7	5	12	6	10	6	12	9	10	12	1	0	5	1	0	10	11	3	9	0	9	4	7	0	9	9	8	0	7	3	8	2	12	10	28	7	10	6	20	9	21	10	24	16	14	2	13	6	7	8	12	5	7	3	14	1	6	17	21	15	12	3	17	17	
2287_A/goose/Pingtung/160 7	5	12	6	10	6	12	9	10	12	1	0	5	1	0	10	11	3	9	0	9	4	7	0	9	9	8	0	7	3	8	2	12	11	28	7	10	6	20	9	21	10	24	16	14	2	13	6	7	7	12	5	7	3	14	1	7	17	21	15	11	3	17	17	
2288_A/goose/Shantou/1763 7	4	12	7	10	7	12	8	11	9	1	0	4	3	0	10	12	3	8	1	7	5	8	0	8	10	9	1	9	2	8	1	13	10	29	10	6	7	19	6	19	11	22	19	15	2	13	5	9	8	13	5	7	3	12	1	5	16	25	16	12	3	14	16	
2289_A/goose/Tainan/16040 7	5	12	6	10	6	12	9	10	12	1	0	5	1	0	10	11	3	9	0	9	4	7	0	9	8	8	0	7	4	8	2	12	10	28	7	10	7	20	9	21	10	23	16	14	2	13	6	7	7	12	5	7	3	14	1	7	17	22	15	11	3	17	17	
2290_A/goose/Tainan/16070 7	5	12	6	10	6	12	9	10	12	1	0	5	1	0	10	11	3	9	0	9	4	7	0	9	8	8	0	7	4	8	2	12	10	28	7	10	7	20	8	21	10	23	17	14	2	13	6	7	7	12	5	7	3	14	1	7	17	22	15	11	3	17	17	
2291_A/goose/Tainan/17030 5	5	12	7	12	4	12	8	11	14	1	0	3	1	0	10	10	2	9	0	10	5	7	0	9	11	8	0	8	2	8	2	12	10	27	9	9	6	20	8	21	10	24	15	13	2	13	7	9	8	12	4	5	3	14	1	7	15	21	16	13	3	18	17	
2292_A/goose/Tainan/17030 5	5	12	8	12	4	12	7	11	14	1	0	4	1	0	10	10	2	9	0	10	5	7	0	9	11	9	0	7	2	7	2	12	10	27	8	9	6	19	10	21	10	24	15	13	2	12	8	8	8	12	4	6	3	14	1	7	15	22	15	13	3	17	18	
2293_A/goose/Tainan/18010 5	5	12	6	12	4	12	9	12	15	1	0	3	1	0	10	10	2	9	0	10	4	7	0	8	10	8	0	8	2	7	3	12	10	28	8	8	7	19	9	21	10	24	13	13	2	13	9	8	8	12	4	7	3	14	1	7	15	22	16	13	3	17	17	
2294_A/goose/Tainan/18050 6	5	12	7	11	4	12	8	11	14	1	0	4	2	0	10	10	1	9	0	10	4	7	0	8	11	8	0	8	2	8	2	11	10	26	8	8	7	21	8	21	10	25	13	13	2	14	8	8	8	12	4	8	3	14	1	8	15	22	16	12	3	17	17	
2295_A/goose/Taiwan/01019 7	5	12	7	10	6	12	8	11	12	1	0	3	1	0	10	12	4	9	0	9	3	7	0	9	9	8	1	7	3	8	2	12	10	26	8	10	6	20	9	20	11	24	15	13	2	14	6	7	8	13	5	7	3	14	1	5	17	22	15	13	3	16	17	
2296_A/goose/Taiwan/01022 7	5	12	7	10	6	12	8	11	12	1	0	3	1	0	10	11	3	9	0	9	4	7	0	9	9	8	0	8	3	8	2	12	10	26	8	10	6	21	9	20	11	24	16	13	2	14	6	7	8	12	4	7	3	14	2	5	17	21	15	13	3	17	17	
2297_A/goose/Taiwan/01023 7	5	12	6	10	6	12	9	11	12	1	0	3	1	0	10	11	3	9	0	9	4	7	0	9	9	8	0	8	3	8	2	12	10	27	8	10	6	20	9	20	11	24	16	13	2	14	6	7	8	12	4	7	3	14	2	5	17	21	15	13	3	17	17	
2298_A/goose/Taiwan/01031 7	5	12	7	10	6	12	8	11	12	1	0	3	1	0	10	11	3	9	0	9	4	7	0	9	9	8	0	8	3	8	2	12	10	27	8	10	6	20	9	20	11	24	16	13	2	14	6	7	8	12	4	7	3	14	2	5	17	21	15	13	3	17	17	
2299_A/goose/Taiwan/01038 7	5	12	7	10	6	12	8	11	12	1	0	3	1	0	10	11	3	9	0	9	4	7	0	9	9	8	0	8	3	8	2	12	10	27	8	10	6	20	9	20	11	24	16	13	2	14	6	7	8	12	5	7	3	14	1	5	17	21	15	13	3	17	17	
2300_A/goose/Taiwan/01039 7	5	12	7	10	6	12	8	11	12	1	0	3	1	0	10	11	3	9	0	9	4	7	0	9	9	8	0	8	3	8	2	12	10	27	8	10	6	21	8	21	11	24	16	13	2	14	6	7	8	12	5	7	3	14	1	4	17	21	15	13	3	17	17	
2301_A/goose/Taiwan/01040 7	5	12	7	10	6	12	8	11	13	1	0	3	1	0	10	11	3	9	0	9	4	7	0	9	9	8	0	8	3	8	2	12	10	27	8	10	6	20	9	20	10	24	16	13	2	14	6	7	8	12	4	7	3	14	2	5	17	21	15	13	3	17	17	
2302_A/goose/Taiwan/TNC1/ 7	5	12	7	10	6	12	8	11	12	1	0	3	1	0	10	10	4	9	0	9	4	7	0	9	9	8	0	8	3	8	2	12	10	27	7	10	6	20	9	20	11	24	17	13	2	14	6	7	8	12	5	7	3	14	1	5	17	21	16	13	3	17	16	
2303_A/goose/Taiwan/TNC10 7	5	12	7	10	6	12	8	11	12	1	0	3	1	0	10	11	3	9	0	9	4	7	0	9	9	8	0	8	3	8	2	12	10	27	7	10	6	20	9	20	11	24	17	13	2	14	6	7	8	12	5	7	3	14	1	5	17	21	16	13	3	17	16	
2304_A/goose/Taiwan/TNC11 7	5	12	7	10	6	12	8	11	12	1	0	3	1	0	10	12	4	9	0	9	3	7	0	9	9	8	1	7	3	8	2	12	10	27	8	10	6	20	9	20	11	24	15	13	2	14	6	7	8	12	5	7	3	14	1	5	17	22	15	13	3	16	17	
2305_A/goose/Taiwan/TNC12 7	5	12	7	10	6	12	8	11	12	1	0	3	1	0	10	11	3	9	0	9	4	7	0	9	9	8	0	8	3	8	2	12	10	27	7	10	6	20	9	20	11	24	17	13	2	14	6	7	8	12	5	7	3	14	1	5	17	21	16	13	3	17	16	
2306_A/goose/Taiwan/TNC14 7	5	12	7	10	6	12	8	11	12	1	0	3	1	0	10	11	3	9	0	9	4	7	0	9	9	8	0	8	3	8	2	12	10	27	7	10	6	20	9	20	11	24	17	13	2	14	6	7	8	12	5	7	3	14	1	5	17	21	16	13	3	17	16	
2307_A/goose/Taiwan/TNC3/ 7	5	13	7	10	6	11	8	11	12	1	0	3	1	0	10	11	3	9	0	9	4	7	0	9	9	8	0	8	3	8	2	12	10	27	8	10	6	20	9	20	11	24	16	13	2	15	5	7	8	12	5	7	3	14	1	5	17	21	16	13	3	17	16	
2308_A/goose/Taiwan/TNC7/ 7	5	12	7	10	6	12	8	11	12	1	0	3	1	0	10	11	3	9	0	9	4	7	0	9	9	8	0	8	3	8	2	12	10	27	7	10	6	20	9	20	11	24	17	13	2	14	6	7	8	12	5	7	3	14	1	5	17	21	16	13	3	17	16	
2309_A/goose/Taiwan/TNC9/ 7	5	13	7	10	6	11	8	11	12	1	0	3	1	0	10	11	3	9	0	9	4	7	0	9	9	8	0	8	3	8	2	12	10	27	8	10	6	20	9	20	11	24	16	13	2	15	5	7	8	12	5	7	3	14	1	5	17	21	16	13	3	17	16	
2310_A/goose/Taiwan/TNO15 7	5	12	7	10	6	12	8	11	12	1	0	3	1	0	10	12	4	9	0	9	3	7	0	9	9	8	1	7	3	8	2	12	10	27	8	10	6	20	9	20	11	24	15	13	2	14	6	7	8	12	5	7	3	14	1	5	17	22	15	13	3	16	17	
2311_A/goose/Taiwan/TNO3/ 7	5	12	7	10	6	12	8	11	12	1	0	3	1	0	10	11	3	9	0	9	4	7	0	9	9	8	0	8	3	8	2	12	10	26	8	10	6	21	9	20	11	24	16	13	2	14	6	7	8	12	5	7	3	14	1	5	17	21	15	13	3	17	17	
2312_A/goose/Taiwan/TNO9/ 7	5	12	7	10	6	12	8	11	12	1	0	3	1	0	10	12	4	9	0	9	3	7	0	9	9	8	1	7	3	8	2	12	10	27	8	10	6	20	9	20	11	24	15	13	2	14	6	7	8	12	5	7	3	14	1	5	17	22	15	13	3	16	17	
2313_A/goose/Taoyuan/1501 7	5	12	7	10	6	12	8	11	12	1	0	3	1	0	10	11	3	9	0	9	4	7	0	9	9	8	0	8	3	8	2	12	10	27	8	10	6	20	9	20	11	24	16	13	2	14	6	7	8	13	5	7	3	13	1	5	17	21	16	13	3	17	16	
2314_A/goose/Taoyuan/1812 5	5	12	7	12	4	12	8	10	14	1	0	4	2	0	10	10	1	9	0	10	4	7	0	9	11	8	0	8	2	8	2	12	10	26	8	7	7	21	8	20	10	23	14	14	2	14	9	9	8	12	4	7	3	14	1	8	15	23	16	12	3	16	17	
2315_A/goose/Xinjiang/12. 7	5	12	7	10	6	13	8	11	9	1	0	5	3	0	10	11	3	8	1	8	5	8	0	9	10	8	1	7	2	9	1	12	11	26	9	6	6	20	7	19	12	20	15	15	2	15	8	10	7	15	5	7	4	10	1	4	16	22	18	13	3	18	14	
2316_A/goose/Xinjiang/12. 7	5	12	7	10	6	13	8	11	9	1	0	5	3	0	10	11	3	8	1	8	5	8	0	9	10	8	1	7	2	9	1	12	11	26	9	6	6	20	7	19	12	20	15	15	2	15	8	10	7	15	5	7	4	10	1	4	16	22	18	13	3	18	14	
2317_A/goose/Xinjiang/12. 7	4	11	7	11	6	13	8	9	10	1	0	5	3	0	10	8	4	10	1	10	4	6	0	7	10	8	0	11	2	9	1	14	6	27	10	8	9	22	7	19	10	23	15	13	4	15	6	10	10	11	6	7	1	13	1	5	15	26	16	11	3	14	15	
2318_A/goose/Xinjiang/12. 7	4	11	7	11	6	13	8	9	10	1	0	5	3	0	10	8	4	10	1	10	4	6	0	7	10	8	0	11	2	9	1	14	6	27	10	8	9	22	7	19	10	23	15	13	4	15	6	10	10	11	6	7	1	13	1	5	15	26	16	11	3	14	15	
2319_A/goose/Xinjiang/12. 7	4	11	7	11	6	13	8	9	10	1	0	5	3	0	10	8	4	10	1	10	4	6	0	7	10	8	0	11	2	9	1	14	6	27	10	8	9	22	7	19	10	23	15	13	4	15	6	10	10	11	6	7	1	13	1	5	15	26	16	11	3	14	15	
2320_A/goose/Xinjiang/12. 7	4	11	7	11	6	13	8	9	10	1	0	5	3	0	10	8	4	10	1	10	4	6	0	7	10	8	0	11	2	9	1	14	6	27	10	8	9	22	7	19	10	23	15	13	4	15	6	10	10	11	6	7	1	13	1	5	15	26	16	11	3	14	15	
2321_A/goose/Yangzhou/042 6	4	11	7	11	6	13	8	11	9	1	0	3	3	0	10	10	4	9	1	9	4	7	0	10	11	7	1	9	1	10	1	12	8	29	9	8	7	19	7	18	11	21	14	13	3	17	7	11	8	13	6	6	4	12	1	7	15	26	13	11	4	13	18	
2322_A/goose/Yangzhou/YZ5 8	5	12	7	9	6	12	8	9	10	0	1	5	2	0	10	10	4	10	1	10	7	6	0	10	5	9	1	8	4	9	1	12	8	27	11	8	7	21	6	18	13	22	16	15	1	14	6	9	7	13	5	6	2	12	1	6	16	24	18	12	4	15	14	
2323_A/goose/Yunlin/15010 7	5	12	7	10	6	12	8	11	13	1	0	3	1	0	10	11	3	9	0	9	4	7	0	9	9	8	0	8	3	8	2	12	10	27	8	10	6	20	9	20	10	24	16	14	2	14	6	7	8	12	4	7	3	14	2	5	17	21	15	12	3	17	17	
2324_A/goose/Yunlin/15010 7	5	12	7	10	6	12	8	11	12	1	0	3	1	0	10	11	3	9	0	9	4	7	0	9	9	8	0	8	3	8	2	12	10	27	8	10	6	20	9	20	11	24	16	13	2	14	6	7	8	12	4	7	3	14	2	5	17	21	15	13	3	17	17	
2325_A/goose/Yunlin/15010 7	5	12	7	10	6	12	8	11	13	1	0	3	1	0	10	11	3	9	0	9	4	7	0	9	9	8	0	8	3	8	2	12	10	27	8	10	6	20	9	20	10	24	16	13	2	14	6	7	8	12	4	7	3	14	2	5	17	21	15	13	3	17	17	
2326_A/goose/Yunlin/15010 7	5	12	7	10	6	12	8	11	13	1	0	3	1	0	10	11	3	9	0	9	4	7	0	9	9	8	0	8	3	8	2	12	10	27	8	10	6	20	9	20	10	24	16	13	2	14	6	7	8	12	4	7	3	14	2	5	17	21	15	13	3	17	17	
2327_A/goose/Yunlin/15010 7	5	12	7	10	6	12	8	10	13	1	0	4	1	0	10	11	3	9	0	9	4	7	0	9	9	8	0	8	3	8	2	12	10	27	8	10	6	20	9	20	10	24	16	13	2	14	6	7	8	12	4	7	3	14	2	5	17	21	15	13	3	17	17	
2328_A/goose/Yunlin/15040 7	5	12	7	10	6	12	8	11	12	1	0	3	1	0	10	12	4	9	0	9	3	7	0	9	9	8	1	7	3	8	2	12	10	27	8	10	6	20	9	20	11	24	15	13	2	14	6	7	8	12	5	7	3	14	1	5	17	22	16	13	3	16	16	
2329_A/goose/Yunlin/16020 7	5	11	7	10	6	13	8	11	12	1	0	3	1	0	10	11	3	9	0	9	4	7	0	8	9	9	0	9	3	7	2	12	10	26	9	10	6	21	8	19	12	25	15	14	2	14	6	7	9	12	4	7	3	14	2	6	16	21	16	12	2	17	16	
2330_A/goose/Yunlin/16020 7	5	11	7	10	6	13	8	11	12	1	0	3	1	0	10	11	3	9	0	9	4	7	0	8	9	9	1	9	3	7	1	13	10	26	10	9	6	21	7	20	11	25	15	14	2	14	6	7	9	12	4	7	3	14	2	6	16	21	15	12	2	17	17	
2331_A/goose/Yunlin/16040 7	5	11	7	10	6	13	8	11	12	1	0	3	1	0	10	11	3	9	0	9	4	7	0	7	9	9	0	10	3	7	2	12	10	26	9	10	6	21	8	19	12	25	15	14	2	14	6	7	9	12	4	7	3	14	2	6	16	21	15	12	2	17	17	
2332_A/goose/Yunlin/17100 5	5	12	7	13	4	12	8	11	14	1	0	3	1	0	10	10	2	9	0	10	6	7	0	9	10	8	0	8	2	8	2	12	10	29	8	8	6	19	9	22	10	24	15	13	2	13	7	9	8	13	4	5	3	12	1	6	15	23	17	13	3	16	16	
2333_A/goose/Yunlin/18030 6	5	12	8	11	4	12	7	9	14	1	0	6	1	0	10	10	2	9	0	10	6	7	0	9	10	9	0	6	2	7	2	12	11	27	9	8	5	21	8	22	10	23	16	14	2	13	7	9	7	12	5	6	3	13	1	7	16	22	17	13	2	17	15	
2334_A/goose/Yunlin/18030 6	5	12	8	11	4	12	7	9	14	1	0	6	1	0	10	10	2	9	0	10	6	7	0	9	10	9	0	6	2	7	2	12	11	27	9	8	5	21	8	22	10	23	16	15	2	13	7	9	7	12	5	6	3	13	1	7	16	22	17	12	2	17	15	
2335_A/goose/Yunlin/18040 5	5	13	7	12	4	11	8	10	15	1	0	4	1	0	10	11	2	9	0	9	4	7	0	7	10	8	0	9	2	8	2	11	10	27	8	9	6	20	9	22	10	24	13	14	2	13	9	9	8	12	4	7	3	14	1	6	15	25	16	13	3	14	17	
2336_A/goose/Yunlin/18040 5	5	12	7	12	4	12	8	11	14	1	0	4	2	0	10	10	1	9	0	10	4	7	0	8	11	8	0	8	2	8	2	11	10	26	7	8	7	21	8	21	10	24	14	13	2	13	9	8	8	12	5	8	3	14	1	8	15	22	16	12	3	17	17	
2337_A/goose/Yunlin/18090 5	5	12	7	12	4	12	8	11	14	1	0	4	2	0	10	10	1	9	0	10	4	7	0	8	11	8	0	8	2	8	2	11	10	26	7	8	7	21	8	21	10	24	15	14	2	13	9	8	8	12	5	8	3	14	1	8	15	22	16	11	3	16	17	
2338_A/goose/Yunlin/18090 5	5	12	7	12	4	12	8	10	15	1	0	3	0	0	10	9	3	9	0	10	5	7	0	10	12	8	0	8	1	8	2	12	10	25	7	10	6	23	10	20	10	25	15	13	2	12	7	8	8	12	4	6	3	13	1	8	15	20	18	12	3	19	15	
2339_A/goose/Yunlin/18110 5	5	12	7	12	4	12	8	9	14	1	0	6	2	0	10	10	2	9	0	10	3	7	0	9	11	9	0	7	2	7	2	12	9	26	8	7	8	22	7	21	10	24	14	13	2	13	9	8	9	12	4	8	3	14	1	8	15	22	15	12	2	17	18	
2340_A/goose/Yunnan/3798/ 6	6	12	7	13	5	12	8	9	10	1	0	4	3	0	10	10	3	8	0	8	3	6	0	10	10	8	1	8	3	11	0	14	9	22	12	8	6	26	5	20	10	21	18	14	1	17	4	8	8	14	6	8	4	13	0	8	13	25	19	9	4	14	13	
2341_A/goose/Yunnan/4371/ 6	6	12	7	12	6	12	8	9	10	1	0	4	3	0	10	11	3	8	0	7	3	6	0	10	10	7	1	8	3	11	0	15	8	22	12	8	6	26	5	19	12	22	18	13	1	17	4	8	7	16	7	8	5	11	0	7	15	25	17	9	3	14	14	
2342_A/goose/Yunnan/4389/ 6	6	12	7	12	6	12	8	9	10	1	0	4	3	0	10	11	3	8	0	7	3	6	0	10	10	7	1	8	3	11	0	15	8	22	12	8	6	26	5	19	12	22	18	13	1	17	4	8	7	16	7	8	5	11	0	7	15	25	17	9	3	14	14	
2343_A/goose/Yunnan/4985/ 6	6	12	7	12	6	12	8	9	10	1	0	4	3	0	10	11	3	8	0	7	3	6	0	10	10	7	1	8	3	11	0	15	8	22	12	8	6	26	5	19	12	23	17	13	1	17	4	8	7	16	7	8	5	11	0	7	15	25	17	9	3	14	14	
2344_A/goose/Yunnan/5141/ 6	5	12	6	12	7	11	8	9	10	1	0	4	2	0	10	6	3	7	0	8	3	6	0	10	10	7	1	8	3	10	0	12	9	23	11	8	6	23	4	16	9	20	18	12	2	16	4	6	7	14	6	7	5	11	0	7	12	25	17	8	4	12	14	
2345_A/goose/Yunnan/5769/ 6	6	12	7	12	5	12	8	7	12	1	0	5	2	0	10	9	3	7	0	8	5	7	0	11	9	8	1	8	3	11	0	14	9	22	12	8	6	26	5	18	11	23	18	13	2	15	4	8	7	14	6	8	5	13	0	8	14	24	17	9	4	15	15	
2346_A/goose/Yunnan/5979/ 6	6	12	7	12	5	12	8	7	12	1	0	5	2	0	10	9	3	7	0	8	5	7	0	11	9	8	1	8	3	11	0	14	10	22	12	8	6	26	5	18	10	23	18	13	2	15	4	8	7	14	6	8	5	13	0	8	14	24	17	9	4	15	15	
2347_A/goose/Yunnan/6193/ 6	6	12	7	11	6	13	8	8	11	1	0	4	3	0	10	10	3	8	0	9	3	6	0	10	10	7	1	8	3	12	0	14	10	20	12	8	5	27	5	19	11	21	18	14	1	17	4	8	7	16	7	8	5	11	0	7	14	26	18	9	3	14	13	
2348_A/goose/Zhejiang/112 8	5	11	6	9	6	13	9	10	10	1	0	4	3	0	10	9	3	8	1	9	4	8	0	10	9	7	1	8	3	11	0	17	6	29	9	7	9	19	6	21	10	24	16	12	4	13	6	7	9	14	5	7	3	11	2	7	15	26	18	10	3	13	14	
2349_A/goose/Zhejiang/112 6	6	13	10	13	6	11	5	8	10	1	0	5	3	0	10	8	4	8	0	8	3	8	0	11	8	6	2	8	3	12	0	12	11	28	9	11	5	22	6	21	11	23	16	12	1	16	5	5	6	13	7	8	6	13	3	7	14	23	19	9	3	17	10	
2350_A/goose/Zhejiang/112 8	5	11	6	9	6	13	9	10	10	1	0	4	3	0	10	11	3	9	1	7	4	8	0	10	9	7	1	8	3	11	0	16	6	28	9	8	9	19	6	21	10	24	16	12	4	13	6	7	9	14	5	7	3	11	2	7	15	26	18	10	3	13	14	
2351_A/goose/Zhejiang/727 7	4	13	7	9	7	11	8	11	9	1	0	4	3	0	10	12	3	9	1	8	5	7	0	8	10	10	1	9	2	7	1	12	10	29	11	6	7	19	6	19	11	23	17	15	2	14	5	9	8	13	5	7	3	12	1	5	16	25	16	13	3	13	16	
2352_A/goose/Zhejiang/727 5	5	13	10	14	7	11	5	8	10	1	0	6	3	0	10	7	4	9	0	10	2	7	0	8	10	7	2	9	2	11	0	12	10	27	8	11	6	21	8	21	11	24	17	12	1	14	6	6	6	14	7	7	5	14	1	7	15	22	18	9	3	18	11	
2353_A/goose/Zhejiang/727 7	4	13	7	10	7	11	8	11	9	1	0	4	3	0	10	12	3	9	1	7	6	6	0	8	10	10	1	9	2	7	1	13	10	29	10	6	7	19	6	19	11	22	18	15	2	14	5	9	8	13	5	7	3	12	1	5	17	24	16	12	3	14	16	
2354_A/goose/Zhejiang/771 6	4	10	7	11	6	14	8	9	9	0	1	5	3	0	10	10	4	9	1	9	4	7	0	10	10	7	1	9	2	10	1	11	8	28	10	8	7	19	7	18	10	21	14	13	4	17	7	11	8	13	6	7	4	12	1	7	16	26	11	11	3	13	20	
2355_A/goose/Zhejiang/771 8	3	11	6	9	8	13	9	12	9	1	0	3	3	0	10	10	3	7	1	8	4	9	0	9	9	6	1	9	3	12	0	14	10	27	8	7	8	20	7	22	10	23	16	12	4	15	5	8	8	14	5	7	3	11	2	5	14	26	19	12	4	13	13	
2356_A/goose/Zhejiang/771 8	3	11	6	9	8	13	9	12	9	1	0	3	3	0	10	10	3	7	1	8	4	9	0	9	9	6	1	9	3	12	0	14	11	27	8	7	8	20	7	22	10	23	16	12	4	15	5	8	7	14	5	7	3	11	2	5	14	26	19	12	4	13	13	
2357_A/goose/Zhejiang/925 7	3	12	7	10	8	12	8	10	10	1	0	4	3	0	10	12	4	9	1	7	4	7	0	9	9	9	1	9	2	8	1	13	11	30	9	7	7	18	7	18	10	21	18	14	3	14	6	9	8	12	5	7	3	13	1	5	16	24	17	12	3	15	15	
2358_A/goose/Zhejiang/925 6	4	11	7	11	7	13	8	9	9	1	0	5	3	0	10	10	4	9	1	9	4	7	0	9	10	7	1	9	2	10	1	13	8	28	10	8	7	19	7	19	11	21	14	13	3	17	7	9	9	12	6	7	3	13	1	7	15	26	15	11	3	13	16	
2359_A/goose/Zhejiang/925 6	4	11	7	11	7	13	8	9	9	1	0	5	3	0	10	10	4	9	1	9	4	7	0	9	10	7	1	9	2	10	1	13	8	28	10	8	7	19	7	19	11	21	14	13	3	17	7	9	9	12	6	7	3	13	1	7	15	26	15	11	3	13	16	
2360_A/goose/Zhejiang/925 8	4	11	6	9	7	13	9	11	10	1	0	4	3	0	10	10	3	8	1	8	4	8	0	9	9	7	1	9	3	11	0	15	8	28	9	7	7	18	6	21	11	25	16	13	4	14	4	8	9	15	5	7	3	11	2	6	14	26	19	10	3	13	14	
2361_A/goose/Zhejiang/925 6	4	11	7	11	7	13	8	8	9	1	0	5	3	0	10	10	4	9	1	9	4	7	0	10	10	7	1	9	2	10	1	13	8	28	10	8	7	19	7	19	11	21	14	13	3	17	7	9	9	12	6	7	3	13	1	7	15	26	14	9	3	13	19	
2362_A/goose/Zhejiang/925 8	5	11	6	9	7	13	9	11	10	1	0	4	2	0	10	10	3	8	1	8	4	8	0	9	9	7	1	9	3	11	0	15	8	28	9	7	7	18	6	21	11	25	16	13	4	14	4	8	9	15	5	7	3	11	2	6	14	26	19	9	3	13	15	
2363_A/great_black-headed 6	5	13	9	13	7	12	6	8	9	1	0	8	3	0	10	8	4	7	0	9	2	9	0	8	10	7	0	7	3	12	0	14	8	26	10	10	6	23	5	20	12	24	16	12	1	15	6	5	5	14	7	8	7	12	2	8	13	23	18	9	4	17	12	
2364_A/great_crested-greb 6	5	13	10	13	7	11	5	8	9	1	0	8	3	0	10	8	4	7	0	9	2	9	0	8	10	7	0	7	3	12	0	14	8	26	10	10	6	23	5	20	12	24	16	12	1	15	6	5	5	14	7	7	6	13	2	9	14	24	18	9	4	16	12	
2365_A/great_egret/Hong_K 7	5	13	10	12	7	11	5	8	10	1	0	6	3	0	10	7	4	7	0	10	2	8	0	8	10	9	0	8	3	10	0	13	10	24	10	9	5	25	6	19	11	24	19	13	1	13	6	5	6	15	7	8	5	13	0	11	14	23	18	9	3	17	13	
2366_A/great_tit/Panjing/ 6	5	13	10	13	7	11	5	8	10	1	0	7	3	0	10	8	3	9	0	10	3	6	1	9	9	6	1	7	3	12	0	13	7	29	11	9	6	20	4	20	12	23	17	12	2	14	7	5	5	14	7	8	6	13	2	9	15	23	18	9	3	17	12	
2367_A/green-winged_teal/ 10	5	11	6	9	6	13	9	1	13	1	0	5	2	0	10	11	4	7	0	9	4	7	0	12	10	11	2	9	2	8	0	14	11	26	13	7	4	24	5	16	11	14	13	15	1	20	6	8	6	12	6	8	5	13	5	7	15	27	18	10	4	13	11	
2368_A/grey_heron/Hong_Ko 7	4	13	10	12	7	11	5	8	11	1	0	6	3	0	10	7	4	7	0	10	2	8	0	8	10	7	0	8	3	11	0	13	9	23	10	9	6	25	6	19	11	24	19	13	1	14	6	5	6	16	7	8	4	13	0	11	15	23	18	9	3	17	13	
2369_A/grey_heron/Hong_Ko 7	4	13	10	12	7	11	5	8	11	1	0	6	3	0	10	8	4	7	0	10	2	8	0	8	10	9	0	7	3	10	0	13	9	24	10	9	6	25	6	19	11	23	19	13	1	14	6	5	6	14	7	8	5	14	0	11	13	23	18	9	4	17	13	
2370_A/heron/Kaohsiung/15 11	6	11	6	8	6	13	9	2	12	1	0	5	2	0	10	11	4	8	0	9	4	6	0	12	9	11	2	8	3	8	0	15	12	28	11	7	3	23	7	16	11	16	9	14	1	18	10	7	7	15	7	9	4	10	4	8	16	25	20	10	2	14	9	
2371_A/heron/Yilan/17DB00 6	5	12	7	11	4	12	8	11	14	1	0	3	1	0	10	11	2	9	0	10	5	7	0	9	11	8	0	7	2	8	2	12	10	27	8	8	6	21	9	21	10	24	15	12	3	13	7	8	8	12	4	7	3	13	1	7	15	22	16	13	3	17	17	
2372_A/hill_myna/Heilongj 7	5	13	10	12	6	11	5	7	10	1	0	7	3	0	10	7	4	7	0	10	3	9	0	8	10	6	2	9	2	12	0	11	10	29	10	11	6	20	5	22	11	23	16	12	1	15	6	5	6	13	7	8	5	14	2	7	15	24	18	9	3	16	12	
2373_A/lesser_kestrel/Hei 6	6	13	8	12	6	11	7	6	11	1	0	5	3	0	10	9	3	8	0	8	4	6	0	11	9	6	1	9	3	13	0	15	8	23	12	8	6	25	5	19	11	23	17	13	2	16	4	8	7	13	6	8	5	15	1	7	14	24	17	9	4	14	14	
2374_A/lion/Hubei/1-2/201 5	5	14	10	14	7	10	5	9	9	1	0	7	3	0	11	9	3	9	0	8	3	7	0	9	9	8	1	6	3	10	0	13	7	25	11	11	5	24	4	20	11	23	17	13	2	17	5	5	6	15	5	9	5	11	4	11	14	23	17	7	3	17	13	
2375_A/little_egret/Hong_ 8	3	14	10	11	8	10	5	8	11	1	0	7	3	0	10	8	4	6	0	9	2	9	0	8	9	8	0	7	4	11	0	15	9	26	10	8	6	24	6	18	10	24	17	13	1	14	6	5	6	13	7	8	5	14	0	10	15	23	19	10	3	17	12	
2376_A/little_grebe/Xiang 11	5	11	7	8	6	13	8	2	12	1	0	5	2	0	10	11	4	7	0	9	4	7	0	12	10	9	2	9	2	10	0	14	11	26	12	7	4	24	6	16	11	14	13	15	1	20	6	8	7	13	6	8	4	13	5	7	15	27	18	10	4	12	11	
2377_A/magpie_robin/Hong_ 7	4	13	10	12	7	11	5	8	11	1	0	6	3	0	10	7	4	7	0	10	2	8	0	8	10	8	0	8	3	11	0	13	9	24	10	9	6	25	6	19	11	23	19	13	1	14	6	5	6	15	7	8	5	13	0	11	14	22	18	9	3	18	13	
2378_A/magpie_robin/Hong_ 7	4	13	10	12	7	11	5	8	11	1	0	6	3	0	10	7	4	7	0	10	2	8	0	8	10	8	0	8	3	11	0	13	9	24	10	9	6	25	6	19	11	23	19	13	1	14	6	6	6	15	6	8	5	13	0	11	14	23	18	9	3	17	13	
2379_A/mallard/Shanghai/S 6	4	11	7	11	7	13	8	10	9	1	0	4	3	0	10	10	4	9	1	10	3	7	0	9	10	8	1	9	2	9	1	13	9	27	10	8	7	19	7	19	11	22	13	13	3	17	7	7	8	14	6	8	3	12	1	7	16	27	13	11	3	12	18	
2380_A/meerkat/Shanghai/S 6	5	13	10	13	7	11	5	8	10	1	0	6	3	0	10	7	4	8	0	10	2	8	0	8	10	6	2	9	2	12	0	12	11	28	8	11	5	21	7	21	12	23	16	12	1	15	6	5	6	13	7	8	5	14	2	7	13	22	18	9	4	17	13	
2381_A/migratory_waterfow 7	4	11	6	10	7	13	9	11	9	1	0	4	3	0	10	10	3	7	1	8	4	9	0	10	9	8	1	8	3	10	0	15	8	30	10	7	8	18	6	21	10	24	16	12	4	14	5	7	9	14	4	8	3	11	2	6	15	26	18	11	3	13	14	
2382_A/migratory_waterfow 7	4	11	6	10	7	13	9	12	9	1	0	4	3	0	10	10	3	7	1	8	4	9	0	9	9	8	1	8	3	10	0	15	8	30	10	7	8	18	6	21	10	24	16	12	4	14	5	7	9	14	4	8	3	11	2	6	15	26	18	11	3	13	14	
2383_A/mink/China/181/201 8	5	13	7	9	8	11	8	10	11	1	0	4	2	0	10	12	3	9	1	7	3	6	0	7	10	10	1	9	2	8	1	12	11	27	12	9	7	19	6	19	12	19	18	14	2	16	4	8	7	14	5	7	5	11	1	8	12	24	20	11	3	15	13	
2384_A/mink/China/183/201 8	3	12	7	9	8	12	8	10	12	1	0	4	3	0	10	12	3	9	1	7	3	6	0	6	10	10	1	9	3	8	1	11	9	31	12	9	7	17	6	20	12	19	19	13	2	15	5	10	8	13	5	7	3	12	1	5	13	21	19	13	3	17	14	
2385_A/mink/China/191/201 8	3	12	7	9	8	12	8	10	12	1	0	4	3	0	10	12	3	9	1	7	3	6	0	6	10	10	1	9	3	8	1	11	9	31	13	9	7	17	5	20	12	19	18	13	2	15	5	10	8	13	5	7	3	12	1	5	13	22	19	13	3	17	14	
2386_A/mink/China/456/201 7	4	12	6	10	7	12	9	7	11	0	1	6	3	0	10	11	3	9	0	7	5	6	0	8	9	10	1	9	3	8	1	12	10	29	11	9	7	18	6	22	12	19	19	12	2	16	5	8	9	12	6	7	3	12	2	4	13	25	19	13	3	14	13	
2387_A/mink/China/G/2015_ 7	4	12	10	12	6	12	5	9	10	1	0	5	4	0	10	7	4	7	0	10	2	8	0	10	9	6	0	8	3	10	1	12	8	26	9	8	6	21	8	20	9	25	18	14	3	12	7	6	7	16	7	8	3	13	1	10	16	23	20	10	3	17	11	
2388_A/mink/China/XB/2015 5	5	14	10	14	7	10	5	8	9	1	0	6	4	0	11	8	3	8	0	8	3	8	0	9	9	6	1	7	3	12	0	13	8	25	11	10	6	24	4	19	11	24	17	14	3	16	5	5	5	15	5	9	5	11	3	12	14	22	19	7	3	17	12	
2389_A/mink/Eastern_China 8	4	11	7	9	7	13	8	9	11	1	0	4	3	0	10	12	3	9	1	7	5	6	0	9	9	10	2	8	3	8	1	13	10	28	13	7	7	20	4	19	12	17	20	14	2	17	3	8	8	14	5	8	3	11	1	5	16	26	18	12	1	13	14	
2390_A/mink/Eastern_China 9	4	12	7	8	8	12	8	10	11	1	0	4	3	0	10	12	3	9	1	7	3	6	0	7	9	10	1	9	3	8	1	13	10	30	12	8	7	17	6	20	13	18	18	13	2	16	5	9	8	12	5	7	3	13	1	8	14	23	19	9	3	16	13	
2391_A/mink/Eastern_China 8	4	11	7	9	7	13	8	8	11	1	0	4	3	0	10	12	3	9	1	7	5	6	0	10	10	9	2	8	3	8	1	13	10	30	12	7	7	19	4	19	12	18	20	14	2	16	3	8	9	14	5	8	2	11	1	5	15	26	17	12	2	13	15	
2392_A/mink/Eastern_China 8	4	11	7	9	7	13	8	8	11	1	0	4	3	0	10	12	3	9	1	7	5	6	0	10	9	10	2	8	3	8	1	13	10	28	13	7	7	20	4	19	12	17	20	14	2	17	3	8	8	15	5	8	3	11	1	5	16	25	18	12	1	13	14	
2393_A/mink/Eastern_China 8	4	12	7	9	8	12	8	10	11	1	0	5	3	0	10	12	3	9	1	7	3	6	0	7	9	10	1	9	3	8	1	11	10	29	12	9	7	18	6	20	12	19	18	13	2	16	5	9	8	12	5	7	4	13	1	7	13	23	20	10	3	16	12	
2394_A/mink/Northern_Chin 6	4	11	7	11	6	13	8	10	10	1	0	6	3	0	9	9	3	10	1	10	5	6	0	7	10	9	0	11	2	10	0	14	7	26	10	8	8	22	6	19	11	22	16	13	3	16	6	9	10	12	6	7	1	13	1	4	14	26	17	12	3	14	14	
2395_A/night_heron/Taiwan 7	6	12	7	10	6	12	8	11	12	1	0	4	1	0	10	11	3	9	0	9	4	7	0	9	9	8	0	7	3	8	2	11	11	27	8	10	6	20	9	20	10	24	16	13	2	14	6	7	8	12	4	7	3	14	2	5	17	21	15	13	3	17	17	
2396_A/oriental_magpie_ro 7	4	13	7	10	7	12	8	10	10	1	0	4	3	0	10	12	3	7	0	7	5	8	0	9	10	10	1	8	2	7	1	13	11	28	9	6	7	20	6	19	10	22	18	15	2	14	5	9	8	13	7	7	3	12	1	4	16	25	17	13	3	13	15	
2397_A/ostrich/Suzhou/097 6	4	13	8	12	8	11	7	6	9	1	0	6	3	0	10	10	5	7	0	8	2	7	0	10	9	10	1	9	3	8	1	14	8	25	11	8	8	24	6	17	12	19	17	15	1	20	4	7	7	13	7	9	6	13	0	9	13	23	19	6	4	17	13	
2398_A/parrot/Guangdong/2 12	6	11	4	8	5	14	11	4	14	0	0	8	4	1	10	9	2	9	0	4	6	5	0	8	9	7	1	9	2	11	0	12	5	28	11	13	8	21	5	16	11	24	13	15	2	11	8	2	6	16	6	10	4	10	4	9	17	34	20	11	3	7	9	
2399_A/parrot/Guangdong/C 8	4	12	8	10	8	12	7	6	10	1	0	6	4	0	10	10	4	7	0	8	2	7	0	11	10	9	1	7	3	11	0	14	9	23	13	8	7	23	6	17	10	20	18	14	1	18	6	7	7	13	7	8	4	13	0	11	15	24	18	6	4	16	13	
2400_A/partridge/Shantou/ 7	4	12	8	11	8	12	7	6	11	1	0	6	3	0	10	9	4	7	0	7	2	7	0	13	11	10	1	8	2	9	0	15	9	23	14	8	6	25	4	17	7	20	16	16	1	21	4	8	8	12	7	7	6	13	0	9	15	25	20	8	4	14	11	
2401_A/peacock/Yunnan/1/2 5	4	14	10	14	8	10	5	8	9	1	0	5	5	0	11	10	3	7	0	7	3	9	0	9	9	7	1	6	3	11	0	13	8	24	11	10	6	24	4	20	11	24	17	12	3	17	5	5	5	16	5	9	5	11	3	12	14	23	20	7	3	16	11	
2402_A/peacock/Yunnan/3/2 5	5	14	10	14	7	10	5	8	9	1	0	6	4	0	11	10	4	7	0	7	2	8	0	9	8	7	1	6	3	11	0	13	8	24	11	11	7	24	4	20	11	23	17	12	4	18	4	5	5	16	5	9	5	11	3	12	14	23	20	7	3	16	11	
2403_A/peregrine_falcon/H 7	5	12	7	11	7	12	8	7	10	1	0	6	3	0	10	10	3	8	0	9	3	6	0	11	9	8	1	7	3	11	0	15	9	20	12	5	5	28	6	19	11	24	16	14	1	16	4	7	7	16	7	8	6	13	0	8	15	25	17	8	3	14	14	
2404_A/pheasant/Shantou/3 7	4	12	8	11	8	12	7	6	11	1	0	6	3	0	10	9	4	7	0	7	2	7	0	13	11	10	1	8	2	9	0	15	9	24	13	8	6	25	4	17	7	20	16	16	1	21	4	8	7	12	7	7	7	12	1	9	15	25	20	8	4	14	11	
2405_A/pheasant/Shantou/4 7	4	12	9	11	8	12	6	6	10	1	0	6	4	0	10	10	4	7	0	8	2	7	0	11	11	9	1	8	2	10	0	14	9	21	14	8	6	25	5	18	11	20	17	14	1	19	6	7	7	14	7	8	5	12	0	8	14	24	20	8	4	16	11	
2406_A/pied_megpie/Liaoni 10	4	10	8	8	7	14	7	8	12	1	0	5	3	0	10	11	3	6	0	9	2	8	0	10	11	9	1	6	3	11	0	14	9	23	12	8	6	25	5	18	11	18	18	13	1	18	7	6	8	13	7	9	3	13	0	8	14	25	18	9	4	15	14	
2407_A/pigeon/Fujian/1.17 7	4	11	6	10	7	13	9	12	9	1	0	4	3	0	10	12	3	9	0	7	5	7	0	6	10	9	2	9	2	9	1	11	10	29	10	7	8	19	6	20	11	23	17	15	2	12	5	8	8	14	5	7	3	11	1	5	16	24	16	11	4	15	17	
2408_A/pigeon/Hainan/1.14 8	4	12	7	9	8	12	8	10	11	1	0	4	3	0	10	12	3	9	1	7	3	6	0	7	9	10	1	9	3	8	1	10	11	29	12	9	6	19	6	19	12	20	18	13	2	15	5	8	8	13	5	7	4	12	1	8	13	24	19	12	3	15	13	
2409_A/pigeon/Hubei/RP25/ 7	5	11	7	12	8	13	8	8	10	1	0	4	3	0	10	8	3	7	0	9	3	7	0	13	7	7	1	7	4	11	0	14	11	24	12	5	4	25	5	20	13	24	15	13	1	16	5	7	7	16	8	9	3	12	0	9	16	22	20	8	2	16	12	
2410_A/pigeon/Sichuan/NCX 7	4	11	7	10	8	13	8	11	9	1	0	3	3	0	10	11	4	8	1	8	5	8	0	9	9	9	1	9	2	8	1	12	11	29	9	9	6	19	6	19	12	22	17	16	2	14	6	7	8	14	5	7	2	12	1	5	15	24	16	11	3	15	16	
2411_A/pigeon/Zhejiang/11 6	5	13	10	13	7	11	5	8	10	1	0	5	3	0	10	8	4	8	0	8	3	8	0	11	8	6	2	8	3	12	0	12	11	27	10	11	5	22	6	21	11	23	16	12	1	16	5	5	6	13	7	8	6	13	3	7	14	23	19	9	3	17	10	
2412_A/pigeon/Zhejiang/11 6	5	13	10	13	7	11	5	8	10	1	0	5	3	0	10	7	4	8	0	10	2	8	0	9	10	7	2	9	2	11	0	12	11	26	9	11	5	23	6	21	11	23	16	12	1	16	5	5	6	13	7	8	5	14	2	7	15	23	19	9	3	17	11	
2413_A/pigeon/Zhejiang/72 5	5	13	10	14	7	11	5	8	10	1	0	6	3	0	10	7	4	9	0	10	2	7	0	8	10	7	2	9	2	11	0	12	10	27	8	11	6	21	8	21	11	24	17	12	1	14	6	6	6	14	7	7	5	14	1	7	15	22	18	9	3	18	11	
2414_A/plateau_pika/Qingh 7	4	11	8	11	7	13	7	5	11	1	0	7	3	0	10	10	4	8	0	9	4	7	0	9	9	9	2	8	3	10	0	14	9	23	14	7	8	24	5	17	10	18	16	14	1	19	6	7	7	13	7	9	6	13	0	9	14	25	20	7	4	15	11	
2415_A/quail/Guangxi/11/2 8	5	11	8	11	7	13	7	7	10	1	0	6	2	0	10	9	4	6	0	8	3	8	0	10	10	9	1	8	3	11	0	14	9	21	14	8	7	26	4	18	9	19	17	15	1	20	4	6	7	14	7	9	6	13	0	9	14	25	19	9	3	14	12	
2416_A/quail/Guangxi/12/2 8	5	11	8	11	7	13	7	7	10	1	0	6	2	0	10	9	4	6	0	8	3	8	0	11	10	10	1	7	3	10	0	14	9	22	14	8	7	26	4	18	9	20	15	15	1	20	5	6	8	13	7	9	5	13	0	9	13	26	19	9	4	13	12	
2417_A/quail/Guangxi/13/2 8	5	11	8	11	7	13	7	7	10	1	0	6	2	0	10	9	4	6	0	8	3	8	0	10	10	9	1	8	3	11	0	14	9	21	14	8	7	26	4	18	9	19	17	15	1	20	5	6	7	14	7	9	6	13	0	9	13	25	18	9	4	14	12	
2418_A/quail/Jiangsu/k010 6	6	11	7	12	5	13	8	10	11	1	0	4	4	0	10	9	3	8	1	9	4	7	0	9	10	9	1	7	2	11	0	13	8	26	10	9	8	21	5	20	10	23	19	13	3	14	5	9	7	14	7	6	4	12	1	6	14	24	17	10	4	15	14	
2419_A/quail/Nanchang/663 6	4	11	9	12	6	13	6	9	10	1	0	5	4	0	10	8	4	8	1	10	2	7	0	11	10	6	1	6	3	10	0	12	9	24	10	8	6	24	6	23	9	24	18	13	3	13	7	6	8	17	6	8	2	11	2	10	15	23	17	9	3	17	13	
2420_A/shrike/Tibet/13/20 6	6	12	8	11	6	12	7	6	11	1	0	4	3	0	11	9	3	7	0	8	3	7	0	11	10	7	1	9	3	12	0	14	9	24	10	7	6	25	6	19	11	22	18	13	2	16	4	8	7	14	6	9	5	13	0	8	14	26	17	9	4	13	15	
2421_A/silkie_chicken/Don 7	3	12	7	10	8	12	8	10	9	1	0	4	3	0	10	12	3	8	1	7	5	8	0	9	10	9	1	9	2	8	1	12	10	29	10	8	7	19	6	18	11	22	18	15	2	13	6	9	8	13	5	7	3	12	1	5	16	25	16	12	3	14	16	
2422_A/silky_chicken/Shan 6	4	12	9	12	8	12	6	9	10	1	0	4	3	0	10	9	5	7	0	9	2	7	0	9	9	9	1	8	3	11	0	13	9	23	12	8	6	25	6	18	10	21	18	15	1	16	5	7	7	13	7	8	5	14	0	8	15	24	18	9	3	16	13	
2423_A/spot-billed_duck/N 6	4	11	7	11	6	13	8	8	10	1	0	6	3	0	10	9	4	10	1	10	5	6	0	7	8	8	0	11	3	9	1	15	6	27	10	7	9	21	7	19	12	20	16	13	3	17	6	9	10	12	6	7	1	13	1	5	14	25	17	12	3	14	15	
2424_A/spot-billed_duck/N 6	4	11	7	11	6	13	8	10	10	1	0	4	3	0	10	9	4	10	1	10	4	6	0	7	10	7	0	11	2	10	1	14	6	27	10	8	9	21	7	19	11	19	16	13	3	18	6	9	10	12	6	7	1	13	1	5	15	26	17	12	3	13	15	
2425_A/spot-billed_duck/N 6	4	11	7	11	6	13	8	8	10	1	0	6	3	0	10	9	4	10	1	10	5	6	0	7	7	8	0	11	4	9	1	14	6	27	10	8	9	21	7	19	12	20	16	13	3	17	6	9	10	12	5	7	1	13	2	5	14	25	17	12	3	14	15	
2426_A/spot-billed_duck/X 10	5	11	6	9	6	13	9	2	13	1	0	5	2	0	10	11	4	7	0	9	4	7	0	11	10	10	2	9	2	9	0	14	11	26	12	7	4	24	6	17	11	14	13	15	1	20	6	8	7	13	6	8	4	13	5	6	15	27	19	10	4	12	10	
2427_A/swan_goose/Jilin/J 8	4	10	6	9	7	14	9	11	9	1	0	4	3	0	10	10	3	8	1	8	4	8	0	10	9	7	1	8	3	11	0	15	8	29	10	7	8	19	6	21	10	24	16	12	4	14	5	7	9	14	4	8	3	11	2	6	15	26	17	11	3	13	15	
2428_A/swan/China/ST/2016 6	4	11	7	11	6	13	8	9	10	1	0	5	3	0	10	9	3	10	1	10	5	6	0	7	10	8	0	11	2	9	1	14	6	26	10	8	9	22	7	19	11	22	15	13	3	16	6	9	10	12	6	7	1	13	1	5	15	26	15	12	3	14	16	
2429_A/swan/Shandong/W376 5	4	11	8	12	6	14	7	9	10	1	0	7	3	0	10	9	4	9	0	9	4	7	0	7	11	8	0	10	1	9	2	13	7	28	10	8	9	22	6	19	9	21	15	13	4	16	7	9	8	12	6	8	1	11	1	8	16	28	14	9	3	13	17	
2430_A/swan/Shanghai/10/2 6	4	13	11	12	7	11	4	8	9	1	0	6	4	0	10	10	3	7	0	9	2	8	0	8	10	7	1	8	3	11	0	14	10	24	8	8	6	26	7	19	11	26	14	13	1	13	7	5	5	14	6	8	6	13	1	12	15	22	20	8	3	18	12	
2431_A/swine/China/RZ/201 9	4	12	7	8	8	12	8	12	11	1	0	4	3	0	10	12	3	9	1	7	3	6	0	6	9	10	1	9	3	8	1	13	10	30	12	8	7	17	6	20	12	19	18	13	2	16	5	8	8	12	4	7	3	13	2	7	14	23	19	10	3	16	13	
2432_A/swine/Guangdong/1/ 7	4	12	7	10	7	12	8	10	9	0	0	5	3	1	10	12	3	8	1	7	5	8	0	9	10	9	1	8	2	8	1	13	10	29	10	7	7	19	6	18	11	22	17	15	2	13	7	9	8	13	5	8	2	12	1	5	16	25	16	12	3	14	16	
2433_A/swine/Guangdong/2/ 7	4	12	7	10	7	12	8	10	9	0	0	5	3	1	10	12	3	8	1	7	5	8	0	9	10	10	1	8	2	7	1	13	10	29	10	7	7	19	6	18	11	22	17	15	2	13	7	9	8	13	5	8	2	12	1	5	16	25	16	12	3	14	16	
2434_A/swine/Guangxi/592/ 7	4	13	9	12	6	11	6	9	10	1	0	5	4	0	10	6	4	7	0	11	2	8	0	10	10	8	0	7	3	9	1	11	8	24	10	9	7	21	7	22	9	24	19	13	1	14	6	6	7	17	7	8	3	12	0	11	16	23	18	9	3	17	14	
2435_A/swine/Jiangsu/1/20 9	4	12	7	10	7	12	8	7	11	1	0	7	3	0	10	8	3	7	0	9	4	7	0	12	9	10	1	8	2	8	0	14	9	28	13	11	6	25	2	18	9	25	16	14	1	13	3	7	8	12	5	6	7	11	3	9	13	24	20	10	3	17	11	
2436_A/swine/Jiangsu/2/20 6	6	12	8	12	6	12	7	5	11	1	0	6	3	0	10	10	3	9	0	8	3	5	0	10	10	8	2	9	3	11	0	14	9	23	11	9	6	26	6	18	10	21	16	13	2	16	5	8	6	13	6	8	6	13	0	8	15	25	18	9	3	15	14	
2437_A/swine/Shandong/SD1 6	4	12	8	12	8	12	7	6	11	1	0	6	3	0	10	10	4	7	0	8	2	7	0	11	10	11	1	7	3	10	0	14	8	21	13	8	6	26	5	18	11	18	17	14	1	18	6	7	8	13	7	8	5	13	1	10	14	23	19	7	4	17	12	
2438_A/swine/Zhejiang/SW5 5	5	13	10	14	7	11	5	8	10	1	0	6	3	0	10	7	4	9	0	10	2	7	0	8	10	7	2	9	2	11	0	12	10	27	8	11	6	21	8	21	11	24	17	12	1	14	6	6	6	14	7	7	5	14	1	7	15	22	18	9	3	18	11	
2439_A/thrush/Taipei_City 7	5	12	7	10	6	12	8	11	12	1	0	4	1	0	10	11	3	8	0	9	4	8	0	9	9	8	0	7	3	9	2	12	10	28	9	10	6	19	8	20	11	24	16	12	2	14	6	7	8	12	4	7	3	14	2	5	17	21	15	13	3	17	17	
2440_A/thrush/Taiwan/A234 7	5	12	7	10	6	12	8	11	13	1	0	3	1	0	10	11	3	9	0	9	4	7	0	9	9	8	0	8	3	8	2	12	10	27	8	10	6	20	9	20	10	24	16	13	2	14	6	7	8	12	4	7	3	14	2	5	17	21	15	13	3	17	17	
2441_A/tiger/Yunnan/tig14 8	4	11	7	9	8	13	8	9	9	1	0	5	3	0	10	11	4	9	1	8	5	7	0	9	9	9	1	9	2	8	1	12	9	28	10	9	7	19	6	18	13	21	17	15	1	15	6	9	9	14	6	8	2	12	1	4	15	24	16	12	2	15	15	
2442_A/tiger/Yunnan/tig14 6	4	11	9	12	7	13	6	11	10	1	0	5	4	0	10	8	4	8	1	11	2	8	0	8	10	6	1	6	3	10	0	12	9	24	10	8	7	20	7	22	7	23	18	13	4	13	8	7	7	17	7	7	1	13	1	11	16	23	18	9	3	17	12	
2443_A/tiger/Yunnan/tig15 5	5	14	10	14	7	10	5	9	10	1	0	6	4	0	11	9	3	8	0	8	3	8	0	9	8	7	1	6	4	11	0	13	8	26	11	10	6	23	4	20	11	23	17	13	3	17	5	5	5	13	6	9	5	13	3	12	14	23	18	7	3	16	12	
2444_A/turkey/Changhua/16 7	5	11	7	10	6	13	8	11	12	1	0	3	1	0	10	11	3	9	0	9	4	7	0	8	9	9	1	9	3	7	1	13	10	26	10	9	6	21	7	20	11	25	15	14	2	14	6	7	9	12	4	7	3	14	2	6	16	21	15	12	2	17	17	
2445_A/turkey/Chiayi/1702 7	5	12	6	10	6	12	9	10	12	1	0	5	1	0	10	11	3	9	0	9	4	7	0	9	9	8	0	7	3	8	2	12	10	28	7	10	7	19	9	21	10	24	16	14	2	13	6	7	7	11	5	7	3	16	1	6	16	21	15	12	4	17	17	
2446_A/turkey/Chiayi/1801 5	5	12	6	12	4	12	9	12	15	1	0	3	1	0	10	10	2	9	0	10	4	7	0	8	10	8	0	8	2	7	3	12	10	27	8	8	7	20	9	21	10	24	13	13	2	13	9	8	8	12	4	7	3	14	1	7	15	23	16	13	3	16	17	
2447_A/turkey/Yunlin/1506 7	5	12	7	10	6	12	8	11	12	1	0	3	1	0	10	11	3	10	0	9	4	6	0	9	9	8	0	8	3	8	2	12	10	27	8	10	6	20	9	20	11	24	16	13	2	14	6	6	8	12	4	8	3	14	2	5	17	21	15	13	3	17	17	
2448_A/turkey/Yunlin/1802 5	5	12	6	12	4	12	9	12	15	1	0	3	1	0	10	10	2	9	0	10	4	7	0	8	10	8	0	8	2	7	3	12	10	27	8	8	7	20	9	21	10	24	13	13	2	12	9	8	8	12	4	7	3	14	1	7	15	23	16	13	3	17	17	
2449_A/turkey/Yunlin/1811 5	5	12	7	12	4	12	8	11	13	1	0	4	2	0	10	10	1	9	0	10	4	7	0	8	12	8	0	8	2	8	2	11	10	26	7	8	7	21	8	21	10	23	15	14	2	14	8	8	8	12	5	8	3	14	1	7	15	22	15	12	3	17	18	
2450_A/turkey/Yunlin/1812 5	5	12	7	12	4	12	8	9	14	1	0	5	2	0	10	10	1	8	0	10	4	8	0	9	11	8	0	8	2	8	1	12	9	26	8	7	8	22	7	21	10	24	13	13	2	13	11	8	9	12	4	8	3	14	1	8	15	22	14	12	2	17	19	
2451_A/turtle_dove/Guangd 7	7	12	8	11	6	11	7	7	11	1	0	5	2	0	10	10	3	9	0	8	3	7	0	10	10	7	1	8	3	11	0	14	10	21	13	8	6	26	5	19	10	22	18	14	1	17	3	8	7	14	6	8	5	13	0	8	14	25	17	8	4	14	15	
2452_A/turtledove/Wuhan/H 7	4	11	7	10	7	13	8	12	9	1	0	4	3	0	10	12	3	9	1	7	5	7	0	7	10	10	1	9	2	7	1	13	10	28	10	7	7	20	6	18	12	22	17	15	2	13	7	9	8	13	6	7	3	12	1	5	15	25	16	12	3	14	15	
2453_A/turtledove/Wuhan/W 7	4	11	7	10	7	13	8	12	9	1	0	4	3	0	10	12	3	9	1	7	6	7	0	7	9	10	1	9	2	7	1	13	10	28	10	7	7	20	6	18	12	22	17	15	2	13	7	9	8	13	6	7	3	12	1	5	15	25	16	12	3	14	15	
2454_A/turtledove/Wuhan/W 7	4	11	7	10	7	13	8	12	9	1	0	4	3	0	10	12	3	9	1	7	5	7	0	7	10	10	1	9	2	7	1	13	10	28	10	7	7	20	6	18	12	22	17	15	2	13	7	9	8	13	6	7	3	12	1	5	15	25	16	12	3	14	15	
2455_A/waterfowl/Hong_Kon 7	4	12	8	11	8	12	7	7	11	1	0	6	3	0	10	10	4	7	0	8	2	7	0	10	10	9	1	7	3	11	0	14	9	23	14	9	7	23	5	17	9	19	18	15	1	20	4	6	8	13	7	8	5	13	0	9	14	25	20	8	4	15	11	
2456_A/white-naped_crane/ 7	4	13	6	9	7	12	9	12	10	1	0	3	3	0	10	12	4	8	0	7	4	8	0	6	10	10	1	9	2	8	1	12	11	30	9	7	9	17	7	19	10	25	15	14	2	11	7	8	7	15	5	8	2	11	1	7	13	25	18	12	4	15	15	
2457_A/whooper_swan/Shanx 6	4	11	7	11	6	13	8	9	10	1	0	5	3	0	10	9	3	10	1	10	5	6	0	7	10	8	0	11	2	9	1	14	6	27	9	9	9	22	7	18	11	22	15	13	3	15	6	9	10	12	7	7	1	13	1	5	15	26	15	12	3	14	16	
2458_A/wild_bird/Eastern_ 10	6	11	6	9	7	13	9	2	11	1	0	5	2	0	10	12	4	9	0	8	3	5	0	10	10	12	2	10	3	7	0	16	11	29	12	6	3	22	6	16	12	15	9	14	1	20	9	7	7	15	7	9	4	10	3	5	17	26	20	12	2	14	9	
2459_A/wild_bird/Eastern_ 10	6	11	6	9	7	13	9	2	11	1	0	5	2	0	10	12	4	9	0	8	3	5	0	10	10	12	3	10	3	7	0	16	11	29	12	6	3	22	6	16	12	14	9	14	1	21	8	7	7	15	7	9	4	11	3	6	17	25	20	11	2	14	9	
2460_A/wild_bird/Eastern_ 10	6	11	6	9	7	13	9	2	11	1	0	5	2	0	10	12	4	9	0	8	3	5	0	10	10	12	2	10	3	7	0	16	11	29	12	6	3	22	6	16	12	15	9	14	1	20	9	7	7	15	7	9	4	11	3	5	17	25	20	12	2	14	9	
2461_A/wild_bird/Taipei/0 10	4	12	5	10	8	12	10	5	11	1	0	7	3	0	10	7	4	8	0	12	4	7	0	6	10	13	1	9	2	5	1	12	7	26	14	11	7	20	4	16	12	16	10	14	2	18	10	8	7	14	7	10	5	14	2	9	16	22	20	6	1	17	11	
2462_A/wild_duck/Fujian/1 7	4	12	10	12	6	12	5	10	10	1	0	5	4	0	10	6	4	7	0	11	1	8	1	8	10	6	0	8	3	10	1	12	9	25	10	8	6	21	7	22	8	25	18	13	2	12	8	6	7	14	8	8	3	14	1	10	16	24	19	9	4	17	11	
2463_A/wild_duck/Fujian/2 7	4	12	10	12	6	12	5	10	10	1	0	5	4	0	10	6	4	7	0	11	1	8	1	8	10	6	0	8	3	10	1	12	9	25	10	8	6	21	7	22	8	25	18	13	2	12	8	6	7	14	8	8	3	14	1	10	16	24	19	9	4	17	11	
2464_A/wild_duck/Jilin/HF 6	5	13	10	13	7	11	5	8	11	1	0	7	2	0	10	8	3	8	0	9	3	8	0	9	9	6	1	8	3	11	0	13	8	27	11	10	6	22	4	21	12	23	17	12	1	16	5	5	5	14	7	8	6	13	2	8	15	23	18	9	3	17	12	
2465_A/wild_duck/Jilin/ZF 6	5	13	10	13	7	11	5	7	10	1	0	7	3	0	10	7	4	7	0	10	2	9	0	9	9	6	1	8	3	12	0	15	8	26	10	9	7	24	5	20	11	25	16	12	1	15	6	5	4	14	7	7	7	13	1	9	15	22	18	9	3	17	12	
2466_A/wild_duck/Liaoning 12	4	10	8	7	6	13	7	8	12	1	0	5	3	0	10	11	3	6	0	9	5	8	0	10	9	10	1	6	3	11	0	13	9	24	11	8	7	25	5	18	11	21	17	13	1	18	6	6	8	13	7	9	4	13	1	9	13	26	19	8	4	12	12	
2467_A/wild_duck/Shandong 7	4	13	6	11	7	11	9	8	11	0	1	8	3	0	10	9	3	8	0	8	5	7	0	10	8	10	1	8	2	8	0	11	12	28	13	11	6	25	2	18	9	27	16	14	1	14	4	10	7	12	5	4	7	11	3	11	11	21	21	9	3	17	10	
2468_A/wild_duck/Shandong 6	5	13	9	13	7	11	6	8	10	1	0	8	3	0	10	7	4	8	0	10	2	9	0	8	10	7	1	7	2	10	0	14	8	25	10	10	5	25	5	20	12	25	16	12	2	13	7	5	5	14	8	7	6	13	2	9	15	22	17	9	2	18	12	
2469_A/wild_duck/Shandong 6	4	11	6	11	7	13	9	11	9	1	0	3	3	0	10	9	5	8	1	9	4	8	0	9	10	8	1	10	2	9	1	13	8	26	10	8	7	21	6	20	11	24	16	12	2	15	5	9	8	14	5	7	3	12	1	5	16	24	16	12	4	14	16	
2470_A/wild_duck/Shandong 5	2	10	7	12	8	14	8	8	11	1	0	5	2	0	10	9	4	10	1	10	3	6	0	9	11	7	0	10	2	10	1	15	7	26	10	7	9	21	7	19	10	21	15	14	2	16	7	9	9	14	4	7	1	12	3	5	15	26	16	10	6	13	16	
2471_A/wild_pigeon/Jilin/ 7	4	13	7	10	7	11	8	11	9	1	0	4	3	0	10	10	3	8	1	9	5	8	0	9	10	9	1	7	2	8	1	13	10	29	11	6	7	19	5	18	12	22	19	16	1	14	4	9	8	13	5	7	3	12	1	7	15	24	17	12	3	15	15	
2472_A/Eurasian_Wigeon/Ni 8	4	13	7	9	7	11	8	11	8	1	0	5	4	0	10	12	3	8	1	7	5	8	0	9	10	9	1	7	2	8	1	12	11	28	9	6	6	19	7	19	12	21	17	15	2	14	7	10	8	13	5	7	3	11	1	5	16	25	17	13	2	15	15	
