title                    	T3s	C3s	A3s	G3s	CAI	CBI	Fop	Nc	GC3s	GC	L_sym	L_aa	Gravy	Aromo	
A/Indonesia/5/2005       	0.3296	0.2780	0.4625	0.2423	0.174	-0.101	0.370	49.58	0.389	0.408	543	568	-0.418486	0.091549	
A/Hong_Kong/483/1997     	0.3259	0.2879	0.4325	0.2645	0.170	-0.094	0.373	51.06	0.414	0.420	544	568	-0.426408	0.091549	
A/Hong_Kong/482/97       	0.3348	0.2857	0.4347	0.2548	0.174	-0.083	0.379	51.55	0.405	0.417	543	568	-0.436268	0.091549	
A/Chicken/HongKong/FY150/	0.3303	0.2787	0.4497	0.2583	0.178	-0.091	0.376	48.68	0.400	0.414	543	568	-0.424648	0.091549	
A/Chicken/HongKong/YU822.	0.3348	0.2787	0.4461	0.2548	0.174	-0.095	0.374	49.77	0.398	0.413	543	568	-0.432394	0.091549	
A/Chicken/HongKong/YU562/	0.3333	0.2793	0.4461	0.2576	0.176	-0.093	0.376	49.17	0.400	0.414	543	568	-0.441549	0.091549	
A/Pheasant/Hong_Kong/FY15	0.3303	0.2787	0.4497	0.2583	0.179	-0.091	0.376	48.68	0.400	0.415	543	568	-0.424648	0.091549	
A/Hong_Kong/486/97       	0.3348	0.2857	0.4347	0.2548	0.174	-0.083	0.379	51.55	0.405	0.417	543	568	-0.436268	0.091549	
A/Thailand/16/2004       	0.3258	0.2809	0.4400	0.2722	0.173	-0.096	0.371	49.13	0.410	0.413	544	568	-0.414965	0.093310	
A/Hong_Kong/538/97       	0.3341	0.2829	0.4372	0.2548	0.170	-0.092	0.374	51.11	0.403	0.417	543	568	-0.436620	0.091549	
A/chicken/Indonesia/7/200	0.3326	0.2719	0.4575	0.2535	0.171	-0.096	0.372	49.21	0.390	0.410	543	568	-0.428521	0.089789	
A/chicken/Korea/ES/03    	0.3177	0.2819	0.4566	0.2534	0.173	-0.087	0.377	49.11	0.401	0.416	544	567	-0.416226	0.091711	
A/Hong_Kong/156/97       	0.3326	0.2857	0.4271	0.2652	0.172	-0.093	0.374	51.34	0.413	0.420	543	568	-0.445423	0.091549	
A/whooper_swan/Mongolia/2	0.3244	0.2689	0.4600	0.2611	0.168	-0.100	0.369	48.78	0.394	0.414	545	568	-0.436796	0.089789	
A/Vietnam/UT3062/2004    	0.3274	0.2780	0.4425	0.2694	0.171	-0.103	0.368	50.08	0.406	0.413	544	568	-0.420247	0.093310	
A/Anas_crecca/Hubei/Chenh	0.3126	0.2816	0.4550	0.2654	0.170	-0.068	0.385	50.83	0.407	0.416	545	567	-0.378307	0.089947	
A/Anas_crecca/Hubei/Chenh	0.3244	0.2733	0.4600	0.2577	0.167	-0.079	0.380	50.49	0.394	0.409	545	567	-0.374427	0.089947	
A/Anas_platyrhynchos/Chon	0.3244	0.2733	0.4408	0.2773	0.172	-0.084	0.378	49.23	0.409	0.419	543	567	-0.399824	0.091711	
A/Anas_platyrhynchos/Jiuj	0.3296	0.2717	0.4408	0.2717	0.171	-0.092	0.373	49.19	0.404	0.417	542	567	-0.386949	0.091711	
A/Anhui/1/2005|EPI_ISL_24	0.3274	0.2739	0.4511	0.2654	0.177	-0.073	0.385	48.93	0.400	0.413	545	567	-0.408466	0.091711	
A/Anhui/1/2006|EPI_ISL_73	0.3252	0.2784	0.4536	0.2570	0.178	-0.064	0.390	49.31	0.399	0.412	544	567	-0.390653	0.091711	
A/Anhui/2/2005|EPI_ISL_24	0.3207	0.2806	0.4497	0.2661	0.175	-0.071	0.386	49.59	0.406	0.416	544	567	-0.419753	0.091711	
A/Anhui/2021-00011/2020|E	0.3318	0.2650	0.4436	0.2730	0.161	-0.120	0.357	52.22	0.400	0.414	543	566	-0.402297	0.090106	
A/Anhui/33163/2016|EPI_IS	0.3459	0.2528	0.4545	0.2577	0.166	-0.094	0.371	49.08	0.380	0.409	542	567	-0.389947	0.091711	
A/Anser_albifrons/Hubei/C	0.3371	0.2790	0.4198	0.2753	0.175	-0.084	0.380	51.77	0.414	0.424	539	564	-0.417021	0.092199	
A/Anser_cygnoides/China/P	0.3356	0.2689	0.4433	0.2626	0.165	-0.093	0.371	50.43	0.397	0.414	542	567	-0.403175	0.089947	
A/Anser_cygnoides/Hubei/F	0.3207	0.2806	0.4350	0.2786	0.178	-0.051	0.395	50.57	0.415	0.418	544	567	-0.387478	0.089947	
A/Anser_fabalis/Hunan/03.	0.3274	0.2673	0.4511	0.2761	0.168	-0.080	0.380	50.71	0.400	0.410	545	567	-0.376896	0.089947	
A/Anser_fabalis/Jiujiang/	0.3296	0.2739	0.4383	0.2717	0.172	-0.085	0.376	49.25	0.406	0.418	542	567	-0.386949	0.091711	
A/bar_headed_goose/Tibet/	0.3163	0.2829	0.4383	0.2773	0.174	-0.065	0.387	50.25	0.417	0.420	542	567	-0.381658	0.089947	
A/Bar-headed_Goose/Qingha	0.3252	0.2762	0.4336	0.2821	0.175	-0.070	0.384	50.04	0.414	0.417	544	567	-0.392240	0.089947	
A/Bar-headed_Goose/Qingha	0.3229	0.2784	0.4336	0.2821	0.176	-0.067	0.386	50.04	0.415	0.417	544	567	-0.392240	0.089947	
A/Bar-headed_Goose/Qingha	0.3252	0.2762	0.4336	0.2821	0.174	-0.072	0.382	50.15	0.414	0.417	544	567	-0.393827	0.089947	
A/Bar-headed_Goose/Qingha	0.3252	0.2762	0.4336	0.2821	0.175	-0.070	0.384	50.04	0.414	0.417	544	567	-0.392240	0.089947	
A/Bar-headed_Goose/Qingha	0.3259	0.2768	0.4336	0.2821	0.177	-0.067	0.386	50.23	0.414	0.416	544	567	-0.391182	0.089947	
A/Bar-headed_Goose/Qingha	0.3229	0.2784	0.4347	0.2829	0.176	-0.067	0.386	50.09	0.415	0.417	544	567	-0.397002	0.089947	
A/Bar-headed_Goose/Qingha	0.3237	0.2790	0.4275	0.2849	0.173	-0.074	0.381	49.44	0.418	0.420	543	567	-0.389065	0.091711	
A/Bar-headed_Goose/Qingha	0.3237	0.2790	0.4336	0.2821	0.178	-0.068	0.386	50.37	0.415	0.417	544	567	-0.384480	0.089947	
A/Bar-headed_Goose/Qingha	0.3259	0.2768	0.4336	0.2821	0.177	-0.067	0.386	50.23	0.414	0.416	544	567	-0.391182	0.089947	
A/Bar-headed_Goose/Qingha	0.3252	0.2762	0.4336	0.2821	0.175	-0.070	0.384	50.06	0.414	0.416	544	567	-0.396649	0.089947	
A/Bar-headed_Goose/Qingha	0.3252	0.2762	0.4311	0.2849	0.173	-0.077	0.379	50.24	0.415	0.417	544	567	-0.387654	0.089947	
A/Bar-headed_Goose/Qingha	0.3244	0.2756	0.4325	0.2841	0.174	-0.071	0.383	50.30	0.415	0.417	545	567	-0.398589	0.088183	
A/Bar-headed_Goose/Qingha	0.3252	0.2806	0.4261	0.2841	0.178	-0.062	0.388	50.20	0.419	0.420	544	567	-0.378836	0.091711	
A/Bar-headed_Goose/Qingha	0.3252	0.2762	0.4336	0.2821	0.176	-0.070	0.384	50.01	0.414	0.416	544	567	-0.392240	0.089947	
A/Bar-headed_Goose/Qingha	0.3229	0.2784	0.4336	0.2821	0.176	-0.067	0.386	50.07	0.415	0.417	544	567	-0.392240	0.089947	
A/Bar-headed_Goose/Qingha	0.3229	0.2784	0.4336	0.2821	0.176	-0.067	0.386	50.09	0.415	0.417	544	567	-0.392240	0.089947	
A/Bar-headed_Goose/Qingha	0.3222	0.2800	0.4311	0.2821	0.175	-0.070	0.384	50.15	0.417	0.419	544	567	-0.395591	0.089947	
A/Bar-headed_Goose/Qingha	0.3229	0.2784	0.4350	0.2786	0.178	-0.063	0.388	49.90	0.414	0.417	544	567	-0.389065	0.089947	
A/Bar-headed_Goose/Qingha	0.3229	0.2784	0.4375	0.2758	0.177	-0.060	0.390	49.84	0.412	0.416	544	567	-0.388184	0.089947	
A/Bar-headed_Goose/Qingha	0.3214	0.2790	0.4358	0.2837	0.177	-0.060	0.389	50.42	0.416	0.417	543	567	-0.397884	0.091711	
A/Bar-headed_Goose/Qingha	0.3229	0.2784	0.4325	0.2813	0.176	-0.067	0.386	50.03	0.415	0.418	544	567	-0.387302	0.089947	
A/Bar-headed_Goose/Qingha	0.3259	0.2768	0.4336	0.2821	0.177	-0.067	0.386	50.23	0.414	0.416	544	567	-0.391182	0.089947	
A/Bar-headed_Goose/Qingha	0.3304	0.2746	0.4311	0.2765	0.175	-0.072	0.382	50.61	0.410	0.418	542	567	-0.397531	0.091711	
A/Bar-headed_Goose/Qingha	0.3067	0.2933	0.4311	0.2849	0.176	-0.057	0.392	50.87	0.430	0.423	544	567	-0.386773	0.089947	
A/Bar-headed_Goose/Qingha	0.3067	0.2933	0.4286	0.2885	0.175	-0.061	0.390	51.24	0.432	0.423	544	567	-0.386243	0.089947	
A/Bar-headed_Goose/Qingha	0.3067	0.2933	0.4296	0.2885	0.176	-0.062	0.390	50.92	0.432	0.424	544	567	-0.402646	0.089947	
A/Bar-headed_Goose/Qingha	0.3089	0.2911	0.4311	0.2849	0.177	-0.054	0.393	50.81	0.428	0.422	544	567	-0.386773	0.089947	
A/Bar-headed_Goose/Qingha	0.3067	0.2933	0.4311	0.2849	0.176	-0.057	0.392	50.87	0.430	0.423	544	567	-0.386773	0.089947	
A/Bar-headed_Goose/Qingha	0.3229	0.2784	0.4350	0.2786	0.177	-0.067	0.386	49.85	0.414	0.416	544	567	-0.387478	0.089947	
A/Bar-headed_Goose/Qingha	0.3229	0.2784	0.4336	0.2821	0.176	-0.067	0.386	50.09	0.415	0.417	544	567	-0.392240	0.089947	
A/Bar-headed_Goose/Qingha	0.3229	0.2784	0.4347	0.2829	0.176	-0.071	0.384	50.33	0.415	0.417	544	567	-0.396473	0.091711	
A/Bar-headed_Goose/Qingha	0.3252	0.2762	0.4372	0.2801	0.175	-0.070	0.384	49.93	0.412	0.416	544	567	-0.397178	0.089947	
A/Bar-headed_Goose/Qingha	0.3229	0.2784	0.4336	0.2821	0.176	-0.067	0.386	50.09	0.415	0.417	544	567	-0.392240	0.089947	
A/Bar-headed_Goose/Qingha	0.3229	0.2784	0.4325	0.2813	0.176	-0.067	0.386	50.02	0.415	0.417	544	567	-0.387478	0.089947	
A/Bar-headed_Goose/Qingha	0.3067	0.2933	0.4286	0.2885	0.176	-0.058	0.392	51.78	0.432	0.423	544	567	-0.400882	0.089947	
A/Bar-headed_Goose/Qingha	0.3229	0.2784	0.4325	0.2813	0.176	-0.067	0.386	50.02	0.415	0.417	544	567	-0.387478	0.089947	
A/Bar-headed_Goose/Qingha	0.3251	0.2803	0.4660	0.2557	0.177	-0.083	0.382	49.25	0.394	0.405	545	567	-0.424162	0.093474	
A/Bar-headed_Goose/Qingha	0.3229	0.2784	0.4336	0.2821	0.176	-0.067	0.386	50.09	0.415	0.417	544	567	-0.392240	0.089947	
A/Bar-headed_Goose/Qingha	0.3229	0.2784	0.4336	0.2821	0.176	-0.067	0.386	50.09	0.415	0.417	544	567	-0.392240	0.089947	
A/Bar-headed_Goose/Qingha	0.3229	0.2784	0.4300	0.2841	0.176	-0.067	0.386	50.47	0.417	0.418	544	567	-0.387478	0.089947	
A/Bar-headed_Goose/Qingha	0.3229	0.2784	0.4300	0.2841	0.176	-0.067	0.386	50.47	0.417	0.418	544	567	-0.387478	0.089947	
A/Bar-headed_Goose/Qingha	0.3229	0.2784	0.4300	0.2841	0.176	-0.067	0.386	50.47	0.417	0.418	544	567	-0.387478	0.089947	
A/Bar-headed_Goose/Qingha	0.3229	0.2784	0.4300	0.2841	0.176	-0.067	0.386	50.47	0.417	0.418	544	567	-0.387478	0.089947	
A/Bar-headed_Goose/Qingha	0.3229	0.2784	0.4325	0.2813	0.176	-0.067	0.386	50.03	0.415	0.417	544	567	-0.388184	0.089947	
A/Bar-headed_Goose/Qingha	0.3252	0.2762	0.4336	0.2821	0.175	-0.070	0.384	50.04	0.414	0.417	544	567	-0.392240	0.089947	
A/Bar-headed_Goose/Qingha	0.3252	0.2762	0.4336	0.2821	0.175	-0.070	0.384	50.04	0.414	0.417	544	567	-0.392240	0.089947	
A/Bar-headed_Goose/Qingha	0.3252	0.2762	0.4336	0.2821	0.175	-0.070	0.384	50.04	0.414	0.417	544	567	-0.392240	0.089947	
A/Bar-headed_Goose/Qingha	0.3252	0.2762	0.4336	0.2821	0.175	-0.070	0.384	50.04	0.414	0.417	544	567	-0.392240	0.089947	
A/Bar-headed_Goose/Qingha	0.3252	0.2762	0.4336	0.2821	0.175	-0.070	0.384	50.04	0.414	0.417	544	567	-0.392240	0.089947	
A/Bar-headed_Goose/Qingha	0.3229	0.2784	0.4325	0.2813	0.176	-0.067	0.386	50.02	0.415	0.417	544	567	-0.387478	0.089947	
A/Bar-headed_Goose/Qingha	0.3229	0.2784	0.4325	0.2813	0.176	-0.067	0.386	50.02	0.415	0.417	544	567	-0.387478	0.089947	
A/Bar-headed_Goose/Qingha	0.3252	0.2762	0.4325	0.2813	0.176	-0.067	0.386	50.09	0.414	0.418	544	567	-0.383069	0.089947	
A/Bar-headed_Goose/Qingha	0.3252	0.2762	0.4325	0.2813	0.176	-0.067	0.386	50.09	0.414	0.418	544	567	-0.383069	0.089947	
A/Bar-headed_Goose/Qingha	0.3252	0.2762	0.4336	0.2821	0.175	-0.070	0.384	50.04	0.414	0.417	544	567	-0.392240	0.089947	
A/Bar-headed_Goose/Qingha	0.3252	0.2762	0.4336	0.2821	0.175	-0.070	0.384	50.04	0.414	0.417	544	567	-0.392240	0.089947	
A/Bar-headed_Goose/Qingha	0.3274	0.2762	0.4311	0.2821	0.177	-0.067	0.386	50.15	0.414	0.417	544	567	-0.392240	0.089947	
A/Bar-headed_Goose/Qingha	0.3274	0.2762	0.4311	0.2821	0.177	-0.067	0.386	50.15	0.414	0.417	544	567	-0.392240	0.089947	
A/Bar-headed_Goose/Qingha	0.3237	0.2790	0.4325	0.2813	0.178	-0.064	0.388	50.20	0.415	0.417	544	567	-0.386420	0.089947	
A/Bar-headed_Goose/Qingha	0.3229	0.2784	0.4325	0.2813	0.176	-0.067	0.386	50.02	0.415	0.417	544	567	-0.387478	0.089947	
A/Bar-headed_Goose/Qingha	0.3252	0.2762	0.4336	0.2821	0.175	-0.070	0.384	50.04	0.414	0.417	544	567	-0.392240	0.089947	
A/Bar-headed_Goose/Qingha	0.3252	0.2762	0.4336	0.2821	0.175	-0.070	0.384	50.04	0.414	0.417	544	567	-0.392240	0.089947	
A/Bar-headed_Goose/Qingha	0.3252	0.2762	0.4336	0.2829	0.176	-0.067	0.386	50.06	0.414	0.416	544	567	-0.391711	0.089947	
A/Bar-headed_Goose/Qingha	0.3252	0.2762	0.4286	0.2885	0.177	-0.064	0.388	50.13	0.417	0.418	544	567	-0.391005	0.089947	
A/Bar-headed_Goose/Qingha	0.3229	0.2784	0.4336	0.2821	0.176	-0.067	0.386	50.11	0.415	0.418	544	567	-0.391535	0.089947	
A/Bar-headed_Goose/Qingha	0.3252	0.2762	0.4325	0.2813	0.176	-0.070	0.384	50.18	0.414	0.417	544	567	-0.387478	0.089947	
A/Bar-headed_Goose/Qingha	0.3252	0.2762	0.4336	0.2821	0.175	-0.070	0.384	50.06	0.414	0.417	544	567	-0.391535	0.089947	
A/Bar-headed_Goose/Qingha	0.3252	0.2762	0.4336	0.2821	0.175	-0.070	0.384	50.04	0.414	0.417	544	567	-0.392240	0.089947	
A/Bar-headed_Goose/Qingha	0.3229	0.2784	0.4325	0.2813	0.176	-0.067	0.386	50.02	0.415	0.417	544	567	-0.387478	0.089947	
A/Bar-headed_Goose/Qingha	0.3229	0.2784	0.4325	0.2813	0.176	-0.067	0.386	50.02	0.415	0.417	544	567	-0.387478	0.089947	
A/Bar-headed_Goose/Qingha	0.3252	0.2762	0.4336	0.2821	0.175	-0.070	0.384	50.04	0.414	0.417	544	567	-0.392240	0.089947	
A/Bar-headed_Goose/Qingha	0.3252	0.2762	0.4336	0.2821	0.174	-0.072	0.382	50.15	0.414	0.417	544	567	-0.393827	0.089947	
A/Bar-headed_Goose/Qingha	0.3229	0.2784	0.4347	0.2829	0.176	-0.067	0.386	50.09	0.415	0.417	544	567	-0.397002	0.089947	
A/Bar-headed_Goose/Qingha	0.3252	0.2762	0.4336	0.2821	0.176	-0.071	0.384	50.10	0.414	0.417	544	567	-0.404409	0.088183	
A/Bar-headed_Goose/Qingha	0.3229	0.2784	0.4350	0.2786	0.176	-0.067	0.386	49.88	0.414	0.417	544	567	-0.387478	0.089947	
A/Bar-headed_Goose/Qingha	0.3229	0.2784	0.4300	0.2841	0.175	-0.071	0.384	49.91	0.417	0.418	544	567	-0.395591	0.089947	
A/Bar-headed_goose/Qingha	0.3326	0.2639	0.4559	0.2563	0.165	-0.089	0.373	49.32	0.389	0.411	542	567	-0.413404	0.089947	
A/Bar-headed_goose/Qingha	0.3348	0.2616	0.4559	0.2563	0.164	-0.093	0.371	49.23	0.387	0.410	542	567	-0.413404	0.089947	
A/Bar-headed_goose/Qingha	0.3348	0.2616	0.4584	0.2535	0.165	-0.089	0.373	49.18	0.386	0.410	542	567	-0.413404	0.089947	
A/Bar-headed_goose/Qingha	0.3311	0.2644	0.4548	0.2583	0.165	-0.089	0.373	49.37	0.391	0.412	542	567	-0.414109	0.089947	
A/Bar-headed_goose/Qingha	0.3326	0.2639	0.4559	0.2563	0.165	-0.089	0.373	49.32	0.389	0.411	542	567	-0.413404	0.089947	
A/Bar-headed_goose/Qingha	0.3326	0.2639	0.4559	0.2563	0.165	-0.086	0.375	49.05	0.389	0.410	542	567	-0.417989	0.089947	
A/Bar-headed_goose/Qingha	0.3326	0.2639	0.4559	0.2563	0.165	-0.090	0.373	49.43	0.389	0.412	542	567	-0.421517	0.089947	
A/Bar-headed_goose/Qingha	0.3326	0.2639	0.4559	0.2563	0.165	-0.089	0.373	49.32	0.389	0.411	542	567	-0.413404	0.089947	
A/Bar-headed_Goose/Qingha	0.3252	0.2762	0.4347	0.2829	0.176	-0.074	0.382	50.00	0.414	0.417	544	567	-0.405644	0.089947	
A/Bar-headed_Goose/Qingha	0.3259	0.2768	0.4347	0.2821	0.178	-0.069	0.386	49.99	0.414	0.416	544	567	-0.419400	0.089947	
A/Bar-headed_Goose/Qingha	0.3244	0.2778	0.4322	0.2821	0.177	-0.067	0.386	50.01	0.415	0.418	544	567	-0.400882	0.089947	
A/Bar-headed_Goose/Qingha	0.3252	0.2762	0.4336	0.2821	0.175	-0.070	0.384	50.04	0.414	0.417	544	567	-0.392240	0.089947	
A/Bar-headed_Goose/Qingha	0.3252	0.2762	0.4336	0.2821	0.175	-0.070	0.384	50.02	0.414	0.417	544	567	-0.392240	0.089947	
A/Bar-headed_Goose/Qingha	0.3252	0.2762	0.4336	0.2821	0.175	-0.070	0.384	50.04	0.414	0.417	544	567	-0.392240	0.089947	
A/Bar-headed_Goose/Qingha	0.3207	0.2784	0.4300	0.2869	0.175	-0.067	0.386	50.47	0.419	0.420	544	567	-0.386773	0.089947	
A/Bar-headed_Goose/Tibet/	0.3156	0.2778	0.4422	0.2801	0.174	-0.063	0.389	50.45	0.414	0.420	543	567	-0.377072	0.089947	
A/Bar-headed_Goose/Tibet/	0.3178	0.2800	0.4397	0.2781	0.170	-0.070	0.385	50.30	0.414	0.419	543	567	-0.376543	0.089947	
A/Bar-headed_Goose/Tibet/	0.3133	0.2844	0.4397	0.2781	0.170	-0.066	0.387	50.29	0.418	0.420	543	567	-0.378131	0.089947	
A/Bar-headed_Goose/Tibet/	0.3156	0.2778	0.4422	0.2809	0.172	-0.063	0.389	50.38	0.414	0.419	543	567	-0.376543	0.089947	
A/Bar-headed_Goose/Tibet/	0.3178	0.2756	0.4372	0.2865	0.172	-0.070	0.385	50.32	0.416	0.420	543	567	-0.376014	0.089947	
A/Bar-headed_Goose/Tibet/	0.3222	0.2733	0.4397	0.2801	0.171	-0.074	0.383	50.38	0.411	0.417	543	567	-0.388184	0.089947	
A/Bar-headed_Goose/Tibet/	0.3163	0.2829	0.4383	0.2773	0.174	-0.065	0.387	50.25	0.417	0.420	542	567	-0.381658	0.089947	
A/Bar-headed_Goose/Tibet/	0.3156	0.2822	0.4397	0.2773	0.172	-0.066	0.387	50.22	0.416	0.420	543	567	-0.377072	0.089947	
A/Bar-headed_Goose/Tibet/	0.3156	0.2822	0.4397	0.2773	0.172	-0.066	0.387	50.22	0.416	0.420	543	567	-0.377072	0.089947	
A/Bar-headed_Goose/Tibet/	0.3156	0.2822	0.4397	0.2789	0.170	-0.067	0.387	50.10	0.416	0.419	543	567	-0.375309	0.089947	
A/Bar-headed_Goose/Tibet/	0.3156	0.2822	0.4397	0.2781	0.171	-0.066	0.387	50.13	0.416	0.419	543	567	-0.376543	0.089947	
A/Bar-headed_Goose/Tibet/	0.3156	0.2778	0.4422	0.2809	0.172	-0.063	0.389	50.38	0.414	0.419	543	567	-0.376543	0.089947	
A/Bar-headed_Goose/Tibet/	0.3156	0.2778	0.4422	0.2801	0.174	-0.063	0.389	50.45	0.414	0.420	543	567	-0.377072	0.089947	
A/Bar-headed_Goose/Tibet/	0.3156	0.2778	0.4397	0.2837	0.172	-0.060	0.390	50.57	0.416	0.420	543	567	-0.376543	0.089947	
A/bean_goose/Hubei/BQ11/2	0.3156	0.2822	0.4322	0.2865	0.174	-0.060	0.390	50.07	0.422	0.422	543	567	-0.376014	0.089947	
A/Bean_Goose/Hubei/chenhu	0.3638	0.2634	0.4373	0.2486	0.177	-0.118	0.361	50.19	0.381	0.415	540	564	-0.410638	0.093972	
A/Bean_goose/Hubei/CH-i11	0.3222	0.2800	0.4322	0.2829	0.175	-0.070	0.384	50.11	0.417	0.419	544	567	-0.390829	0.089947	
A/Bean_goose/Hubei/CH-i12	0.3237	0.2816	0.4254	0.2770	0.171	-0.081	0.377	50.81	0.417	0.421	544	567	-0.375661	0.089947	
A/Bean_goose/Hubei/CH-I22	0.3179	0.2715	0.4436	0.2770	0.172	-0.059	0.390	50.60	0.410	0.419	544	567	-0.394180	0.089947	
A/Bean_goose/Hubei/CH-i32	0.3229	0.2806	0.4332	0.2837	0.177	-0.065	0.388	50.15	0.417	0.417	544	567	-0.413228	0.089947	
A/black_chicken/Jiangxi/1	0.3274	0.2717	0.4561	0.2640	0.173	-0.067	0.387	50.87	0.396	0.409	545	567	-0.373545	0.091711	
A/Black_faced_Spoonbill/A	0.3267	0.2733	0.4433	0.2725	0.170	-0.086	0.376	48.42	0.405	0.417	543	567	-0.390653	0.091711	
A/Black_Faced_Spoonbill/H	0.3237	0.2705	0.4358	0.2865	0.164	-0.094	0.370	50.85	0.413	0.419	543	567	-0.397531	0.089947	
A/Black_Faced_Spoonbill/H	0.3237	0.2749	0.4447	0.2725	0.169	-0.084	0.377	48.76	0.406	0.417	544	567	-0.382187	0.093474	
A/black_swan/Beijing/1/20	0.3156	0.2844	0.4347	0.2793	0.173	-0.059	0.390	50.33	0.420	0.423	543	567	-0.377072	0.089947	
A/black-backed_gull/Shand	0.3178	0.2822	0.4347	0.2809	0.175	-0.054	0.394	50.63	0.418	0.422	543	567	-0.375309	0.089947	
A/Black-necked_Grebe/Inne	0.3244	0.2841	0.4596	0.2585	0.180	-0.077	0.385	49.13	0.400	0.408	545	567	-0.432804	0.093474	
A/Black-necked_Grebe/Inne	0.3244	0.2841	0.4596	0.2585	0.180	-0.077	0.385	49.13	0.400	0.408	545	567	-0.432804	0.093474	
A/Black-necked_Grebe/Inne	0.3244	0.2841	0.4596	0.2585	0.181	-0.076	0.385	49.11	0.400	0.407	545	567	-0.424691	0.093474	
A/Black-necked_Grebe/Inne	0.3244	0.2841	0.4596	0.2585	0.181	-0.076	0.385	49.11	0.400	0.407	545	567	-0.424691	0.093474	
A/Black-necked_Grebe/Inne	0.3244	0.2841	0.4596	0.2585	0.181	-0.076	0.385	49.11	0.400	0.407	545	567	-0.424691	0.093474	
A/Black-necked_Grebe/Inne	0.3244	0.2841	0.4596	0.2585	0.181	-0.076	0.385	49.11	0.400	0.407	545	567	-0.424691	0.093474	
A/Black-necked_Grebe/Inne	0.3244	0.2841	0.4596	0.2585	0.181	-0.076	0.385	49.11	0.400	0.407	545	567	-0.424691	0.093474	
A/Black-necked_Grebe/Inne	0.3244	0.2841	0.4596	0.2585	0.181	-0.076	0.385	49.11	0.400	0.407	545	567	-0.424691	0.093474	
A/Brown-headed_Gull/Qingh	0.3252	0.2762	0.4289	0.2833	0.176	-0.064	0.388	50.12	0.415	0.419	544	567	-0.377425	0.089947	
A/Brown-headed_Gull/Qingh	0.3252	0.2762	0.4325	0.2813	0.176	-0.067	0.386	50.07	0.414	0.417	544	567	-0.382893	0.089947	
A/Brown-headed_Gull/Qingh	0.3252	0.2762	0.4325	0.2813	0.174	-0.072	0.382	50.36	0.414	0.417	544	567	-0.389771	0.088183	
A/Brown-headed_Gull/Qingh	0.3252	0.2762	0.4336	0.2821	0.175	-0.070	0.384	50.04	0.414	0.417	544	567	-0.392240	0.089947	
A/Brown-headed_Gull/Qingh	0.3252	0.2762	0.4336	0.2821	0.175	-0.070	0.384	50.04	0.414	0.417	544	567	-0.392240	0.089947	
A/Brown-headed_Gull/Qingh	0.3207	0.2806	0.4314	0.2806	0.173	-0.072	0.382	50.72	0.417	0.419	544	567	-0.401411	0.089947	
A/Brown-headed_Gull/Qingh	0.3229	0.2784	0.4325	0.2813	0.175	-0.067	0.386	49.99	0.415	0.417	544	567	-0.387478	0.089947	
A/Brown-headed_Gull/Qingh	0.3237	0.2790	0.4361	0.2793	0.175	-0.076	0.381	49.56	0.414	0.416	544	567	-0.397884	0.089947	
A/Brown-headed_Gull/Qingh	0.3259	0.2768	0.4336	0.2821	0.177	-0.067	0.386	50.04	0.414	0.416	544	567	-0.397707	0.089947	
A/brown-headed_gull/Tibet	0.3156	0.2800	0.4447	0.2737	0.173	-0.063	0.389	49.98	0.413	0.420	543	567	-0.377601	0.089947	
A/Brown-headed_Gull/Tibet	0.3156	0.2778	0.4422	0.2809	0.172	-0.063	0.389	50.38	0.414	0.419	543	567	-0.376543	0.089947	
A/Brown-headed_Gull/Tibet	0.3178	0.2778	0.4422	0.2781	0.173	-0.060	0.390	49.95	0.413	0.419	543	567	-0.376543	0.089947	
A/Brown-headed_Gull/Tibet	0.3178	0.2778	0.4447	0.2753	0.172	-0.063	0.389	50.01	0.411	0.418	543	567	-0.376543	0.089947	
A/canine/China/GX30/2023|	0.3165	0.2681	0.4450	0.2837	0.163	-0.084	0.374	49.86	0.409	0.419	545	567	-0.363492	0.089947	
A/cat/Sichuan/SC18/2014|E	0.3252	0.2739	0.4586	0.2577	0.173	-0.056	0.393	50.73	0.395	0.410	544	567	-0.379012	0.089947	
A/cat/Zhejiang/C1/2016|EP	0.3385	0.2606	0.4495	0.2646	0.165	-0.096	0.371	49.80	0.391	0.412	542	566	-0.431625	0.091873	
A/cat/Zhejiang/C2/2016|EP	0.3444	0.2517	0.4509	0.2591	0.163	-0.099	0.367	49.67	0.382	0.412	542	566	-0.398057	0.090106	
A/Changsha/1/2014|EPI_ISL	0.3363	0.2611	0.4433	0.2674	0.167	-0.091	0.373	50.48	0.395	0.416	542	566	-0.411661	0.090106	
A/chicken/Anhui/S1740/202	0.3229	0.2784	0.4397	0.2761	0.169	-0.074	0.383	50.75	0.411	0.416	543	567	-0.379541	0.089947	
A/chicken/Beijing/BJ7/201	0.3221	0.2953	0.4495	0.2500	0.177	-0.074	0.383	49.51	0.407	0.410	543	567	-0.379894	0.091711	
A/chicken/CH/a556/2015|EP	0.2960	0.2915	0.4950	0.2260	0.173	-0.054	0.399	50.11	0.390	0.411	539	564	-0.382092	0.097518	
A/chicken/Changhua/150101	0.3164	0.2788	0.4461	0.2717	0.169	-0.087	0.375	50.17	0.410	0.416	544	567	-0.366843	0.089947	
A/chicken/Changhua/150102	0.3142	0.2810	0.4461	0.2717	0.169	-0.084	0.377	50.16	0.412	0.417	544	567	-0.367019	0.089947	
A/chicken/Changhua/150103	0.3142	0.2810	0.4461	0.2717	0.169	-0.084	0.377	50.16	0.412	0.417	544	567	-0.366843	0.089947	
A/chicken/Changhua/150103	0.3119	0.2832	0.4461	0.2717	0.170	-0.081	0.379	50.19	0.414	0.417	544	567	-0.366843	0.089947	
A/chicken/Changhua/150103	0.3119	0.2832	0.4461	0.2717	0.170	-0.081	0.379	50.19	0.414	0.417	544	567	-0.366843	0.089947	
A/chicken/Changhua/150103	0.3142	0.2810	0.4461	0.2717	0.170	-0.084	0.377	50.20	0.412	0.417	544	567	-0.366843	0.089947	
A/chicken/Changhua/150400	0.3164	0.2788	0.4523	0.2669	0.168	-0.090	0.373	49.70	0.406	0.415	544	567	-0.371605	0.089947	
A/chicken/Changhua/150400	0.3186	0.2765	0.4523	0.2669	0.168	-0.090	0.373	49.71	0.404	0.414	544	567	-0.371605	0.089947	
A/chicken/Changhua/150400	0.3186	0.2765	0.4497	0.2697	0.168	-0.087	0.375	50.11	0.406	0.414	544	567	-0.371605	0.089947	
A/chicken/Changhua/150400	0.3186	0.2765	0.4472	0.2725	0.169	-0.087	0.375	50.11	0.408	0.415	544	567	-0.371605	0.089947	
A/chicken/Changhua/150500	0.3142	0.2810	0.4511	0.2661	0.168	-0.083	0.377	50.13	0.408	0.416	544	567	-0.368430	0.089947	
A/chicken/Changhua/150500	0.3230	0.2743	0.4461	0.2689	0.167	-0.094	0.371	50.80	0.404	0.415	544	567	-0.366843	0.089947	
A/chicken/Changhua/150600	0.3186	0.2765	0.4450	0.2709	0.168	-0.086	0.375	50.16	0.408	0.417	544	567	-0.363668	0.089947	
A/chicken/Changhua/150600	0.3179	0.2781	0.4461	0.2689	0.168	-0.085	0.377	51.05	0.408	0.418	544	567	-0.364727	0.089947	
A/chicken/Changhua/150600	0.3119	0.2810	0.4536	0.2661	0.168	-0.083	0.377	49.77	0.408	0.417	544	567	-0.367725	0.089947	
A/chicken/Changhua/151200	0.3053	0.2898	0.4536	0.2618	0.173	-0.071	0.384	49.77	0.414	0.419	544	567	-0.376543	0.089947	
A/chicken/Changhua/160100	0.3097	0.2788	0.4600	0.2626	0.164	-0.089	0.373	49.16	0.404	0.415	544	567	-0.363316	0.089947	
A/chicken/Changhua/170600	0.3082	0.2794	0.4586	0.2689	0.166	-0.082	0.377	49.47	0.408	0.415	544	567	-0.358377	0.089947	
A/chicken/Changhua/180400	0.3016	0.2816	0.4511	0.2821	0.166	-0.086	0.375	49.81	0.419	0.418	544	567	-0.361552	0.089947	
A/chicken/Chiayi/15010287	0.3142	0.2810	0.4461	0.2717	0.169	-0.084	0.377	50.16	0.412	0.417	544	567	-0.367019	0.089947	
A/chicken/Chiayi/15010409	0.3119	0.2832	0.4461	0.2717	0.170	-0.081	0.379	50.19	0.414	0.417	544	567	-0.366843	0.089947	
A/chicken/Chiayi/15010454	0.3208	0.2765	0.4511	0.2633	0.169	-0.084	0.377	50.78	0.403	0.414	544	567	-0.366843	0.089947	
A/chicken/Chiayi/17040009	0.3060	0.2816	0.4561	0.2717	0.168	-0.078	0.379	49.82	0.412	0.416	544	567	-0.348677	0.089947	
A/chicken/Chiayi/18120003	0.3009	0.2810	0.4573	0.2765	0.164	-0.089	0.373	49.70	0.415	0.418	544	567	-0.361376	0.089947	
A/chicken/China/007/2019|	0.3318	0.2650	0.4525	0.2576	0.164	-0.110	0.362	50.71	0.391	0.410	542	566	-0.405654	0.090106	
A/chicken/China/Cangzhou0	0.3289	0.2689	0.4383	0.2801	0.169	-0.096	0.370	48.98	0.407	0.419	543	567	-0.399824	0.091711	
A/chicken/China/E93/2012|	0.3289	0.2864	0.4518	0.2571	0.180	-0.063	0.392	50.74	0.403	0.406	544	567	-0.391711	0.093474	
A/chicken/China/E96/2012|	0.3341	0.2806	0.4520	0.2535	0.177	-0.076	0.383	50.60	0.396	0.404	545	567	-0.374603	0.091711	
A/chicken/Chiping/0321/20	0.3318	0.2848	0.4571	0.2444	0.174	-0.080	0.379	50.17	0.394	0.404	543	567	-0.394885	0.091711	
A/chicken/chongqing/H1/20	0.3089	0.2911	0.4296	0.2865	0.178	-0.041	0.401	50.70	0.429	0.424	543	567	-0.376014	0.089947	
A/chicken/Chongqing/SD001	0.3089	0.2911	0.4296	0.2865	0.178	-0.041	0.401	50.70	0.429	0.424	543	567	-0.376014	0.089947	
A/chicken/Dongguan/2690/2	0.3348	0.2616	0.4534	0.2591	0.164	-0.089	0.373	50.19	0.389	0.413	542	567	-0.404409	0.089947	
A/chicken/Dongguan/3363/2	0.3348	0.2639	0.4509	0.2591	0.166	-0.086	0.375	50.34	0.391	0.414	542	567	-0.404409	0.089947	
A/chicken/Dongguan/4259/2	0.3341	0.2633	0.4509	0.2591	0.166	-0.085	0.375	50.30	0.391	0.413	542	567	-0.391534	0.089947	
A/chicken/Fujian/05.07_FZ	0.3385	0.2655	0.4416	0.2640	0.164	-0.094	0.370	51.69	0.396	0.415	541	566	-0.403710	0.090106	
A/chicken/Fujian/09.16_GT	0.3370	0.2616	0.4534	0.2563	0.163	-0.096	0.369	50.40	0.387	0.412	542	567	-0.404409	0.089947	
A/chicken/Fujian/10.08_FZ	0.3319	0.2633	0.4545	0.2598	0.165	-0.089	0.373	50.17	0.391	0.413	542	567	-0.410935	0.089947	
A/chicken/Fujian/11.23_FZ	0.3356	0.2622	0.4598	0.2528	0.168	-0.077	0.381	50.05	0.385	0.410	543	567	-0.432981	0.089947	
A/chicken/Gansu/5/2012|EP	0.3386	0.2803	0.4684	0.2338	0.179	-0.065	0.390	48.89	0.382	0.399	544	567	-0.390124	0.091711	
A/chicken/Gansu/6/2012|EP	0.3274	0.2892	0.4545	0.2500	0.179	-0.062	0.392	51.20	0.401	0.406	544	567	-0.400706	0.091711	
A/chicken/Ganzhou/GZ27/20	0.3392	0.2572	0.4571	0.2549	0.163	-0.099	0.368	49.69	0.383	0.409	541	566	-0.415371	0.090106	
A/chicken/Guangdong/04.15	0.3392	0.2616	0.4559	0.2507	0.166	-0.089	0.375	49.34	0.384	0.412	542	567	-0.398589	0.089947	
A/chicken/Guangdong/10.16	0.3452	0.2584	0.4582	0.2465	0.166	-0.096	0.370	49.21	0.378	0.409	540	566	-0.402120	0.090106	
A/chicken/Guangdong/GD160	0.3437	0.2550	0.4534	0.2563	0.165	-0.097	0.369	49.39	0.382	0.410	542	566	-0.395053	0.090106	
A/chicken/Guangdong/MG170	0.3104	0.2882	0.4400	0.2745	0.175	-0.048	0.397	50.07	0.419	0.422	544	567	-0.366490	0.089947	
A/chicken/Guangdong/MG171	0.3082	0.2905	0.4411	0.2753	0.175	-0.048	0.397	50.13	0.421	0.422	544	567	-0.371429	0.089947	
A/chicken/Guangdong/MG171	0.3193	0.2838	0.4383	0.2732	0.172	-0.060	0.390	50.44	0.414	0.419	543	567	-0.375485	0.089947	
A/chicken/Guangdong/MG171	0.3171	0.2772	0.4386	0.2837	0.173	-0.064	0.388	50.11	0.415	0.420	544	567	-0.371429	0.089947	
A/chicken/Guangdong/MG173	0.3186	0.2699	0.4386	0.2930	0.165	-0.084	0.376	49.10	0.415	0.419	545	567	-0.392240	0.089947	
A/chicken/Guangdong/MG173	0.3172	0.2687	0.4486	0.2817	0.165	-0.083	0.376	49.14	0.407	0.418	545	567	-0.380423	0.089947	
A/chicken/Guangxi/04.10_N	0.3385	0.2588	0.4536	0.2583	0.166	-0.081	0.377	50.31	0.386	0.407	544	567	-0.397178	0.089947	
A/chicken/Guangxi/16/2019	0.3132	0.2975	0.4467	0.2699	0.177	-0.065	0.392	50.93	0.419	0.414	544	567	-0.436861	0.093474	
A/chicken/Guangxi/S2039/2	0.3222	0.2711	0.4621	0.2691	0.173	-0.097	0.371	48.75	0.398	0.410	545	568	-0.411091	0.093310	
A/chicken/Guizhou/8.26_ZY	0.3282	0.2705	0.4464	0.2604	0.169	-0.087	0.376	50.76	0.398	0.415	543	566	-0.388869	0.090106	
A/chicken/GY/a451/2015|EP	0.2998	0.2908	0.4837	0.2338	0.174	-0.058	0.396	50.85	0.394	0.414	540	564	-0.384575	0.097518	
A/Chicken/Hangzhou/E1149/	0.3157	0.2737	0.4389	0.2905	0.173	-0.063	0.389	50.18	0.417	0.419	547	570	-0.371404	0.091228	
A/chicken/Hebei/3/2013|EP	0.3393	0.2831	0.4684	0.2295	0.174	-0.074	0.385	49.61	0.381	0.396	543	567	-0.387831	0.091711	
A/chicken/Heilongjiang/S7	0.3244	0.2953	0.4619	0.2386	0.175	-0.071	0.387	50.14	0.398	0.403	543	567	-0.392769	0.093474	
A/chicken/Henan/Q7/2013|E	0.3274	0.2895	0.4456	0.2550	0.171	-0.091	0.374	50.40	0.405	0.409	543	567	-0.376191	0.091711	
A/chicken/Hsinchu/1608000	0.3060	0.2794	0.4600	0.2682	0.164	-0.086	0.375	49.22	0.408	0.416	544	567	-0.369136	0.089947	
A/chicken/Hubei/03.06__WH	0.3370	0.2616	0.4520	0.2570	0.167	-0.089	0.373	49.10	0.388	0.412	541	566	-0.389576	0.090106	
A/chicken/Hubei/03.06__WH	0.3274	0.2673	0.4461	0.2817	0.169	-0.077	0.382	50.77	0.404	0.411	545	567	-0.376896	0.089947	
A/chicken/Hubei/2856/2007	0.3229	0.2806	0.4475	0.2661	0.177	-0.057	0.394	50.66	0.406	0.413	545	567	-0.394004	0.091711	
A/chicken/Hubei/ZYSJF11/2	0.3400	0.2600	0.4509	0.2583	0.167	-0.087	0.375	49.06	0.387	0.413	542	566	-0.405830	0.090106	
A/chicken/Hubei/ZYSJF16/2	0.3400	0.2600	0.4509	0.2583	0.167	-0.087	0.375	49.06	0.387	0.413	542	566	-0.405830	0.090106	
A/chicken/Hubei/ZYSJF38/2	0.3400	0.2600	0.4509	0.2583	0.167	-0.087	0.375	49.06	0.387	0.413	542	566	-0.405830	0.090106	
A/Chicken/Huizhou/16274/2	0.3400	0.2561	0.4486	0.2632	0.164	-0.101	0.366	50.14	0.388	0.413	544	567	-0.403704	0.089947	
A/chicken/Hunan/02.06_YYG	0.3356	0.2622	0.4489	0.2632	0.164	-0.118	0.358	49.76	0.392	0.410	544	566	-0.406537	0.090106	
A/chicken/Hunan/03.07_YYG	0.3319	0.2655	0.4539	0.2563	0.162	-0.101	0.368	48.97	0.390	0.411	544	566	-0.395936	0.090106	
A/chicken/Hunan/03.07_YYG	0.3319	0.2655	0.4539	0.2563	0.162	-0.101	0.368	48.97	0.390	0.411	544	566	-0.395936	0.090106	
A/chicken/Hunan/3.07_YYGK	0.3319	0.2655	0.4550	0.2570	0.162	-0.102	0.368	49.19	0.390	0.410	544	566	-0.394170	0.090106	
A/chicken/Hunan/04.14_YYG	0.3326	0.2616	0.4559	0.2591	0.162	-0.099	0.367	50.07	0.389	0.414	542	567	-0.395591	0.089947	
A/chicken/Hunan/04.14_YYK	0.3222	0.2711	0.4475	0.2773	0.166	-0.073	0.383	51.94	0.406	0.414	545	567	-0.362610	0.089947	
A/chicken/Hunan/04.14_YYX	0.3348	0.2616	0.4534	0.2591	0.165	-0.089	0.373	49.70	0.389	0.411	542	567	-0.413404	0.089947	
A/chicken/Hunan/12.07__YY	0.3289	0.2689	0.4600	0.2577	0.171	-0.073	0.383	50.39	0.391	0.409	545	567	-0.373721	0.089947	
A/chicken/Hunan/12.07_YYG	0.3326	0.2634	0.4586	0.2633	0.171	-0.068	0.386	50.11	0.390	0.407	544	567	-0.369312	0.089947	
A/chicken/Hunan/12.27_YYG	0.3363	0.2611	0.4484	0.2633	0.162	-0.090	0.373	50.57	0.391	0.412	542	566	-0.410777	0.090106	
A/chicken/Hunan/12.27_YYG	0.3282	0.2661	0.4548	0.2611	0.165	-0.090	0.372	49.93	0.394	0.412	543	567	-0.395062	0.089947	
A/chicken/Hunan/12.27_YYG	0.3363	0.2611	0.4484	0.2633	0.162	-0.090	0.373	50.57	0.391	0.412	542	566	-0.410777	0.090106	
A/chicken/Hunan/12.28_YYG	0.3348	0.2616	0.4559	0.2563	0.164	-0.089	0.373	49.96	0.387	0.412	542	567	-0.404409	0.089947	
A/chicken/Hunan/1793/2007	0.3326	0.2719	0.4520	0.2648	0.178	-0.068	0.389	48.53	0.397	0.410	542	567	-0.414638	0.091711	
A/chicken/Hunan/3157/2006	0.3251	0.2803	0.4425	0.2694	0.183	-0.048	0.401	50.03	0.408	0.416	544	567	-0.412169	0.091711	
A/chicken/Hunan/HN40/2015	0.3370	0.2616	0.4397	0.2722	0.164	-0.087	0.374	50.93	0.398	0.414	543	567	-0.410406	0.089947	
A/chicken/Hunan/HN58/2015	0.3348	0.2661	0.4484	0.2591	0.165	-0.091	0.371	51.35	0.393	0.413	542	567	-0.391534	0.089947	
A/chicken/Hunan/HN75/2015	0.3311	0.2711	0.4433	0.2654	0.170	-0.077	0.380	50.96	0.400	0.415	542	567	-0.392240	0.089947	
A/chicken/Hunan/HN158/201	0.3296	0.2633	0.4573	0.2583	0.163	-0.090	0.372	49.94	0.390	0.412	543	567	-0.404762	0.089947	
A/chicken/Hunan/HN244/201	0.3341	0.2611	0.4573	0.2556	0.165	-0.087	0.374	49.92	0.387	0.410	543	567	-0.404762	0.089947	
A/chicken/Hunan/HN245/201	0.3296	0.2633	0.4573	0.2583	0.163	-0.090	0.372	49.94	0.390	0.412	543	567	-0.404762	0.089947	
A/chicken/Hunan/HN247/201	0.3289	0.2627	0.4586	0.2576	0.164	-0.087	0.373	49.80	0.390	0.412	544	567	-0.400705	0.089947	
A/chicken/Hunan/HN248/201	0.3348	0.2616	0.4534	0.2591	0.164	-0.093	0.371	50.12	0.389	0.413	542	567	-0.404409	0.089947	
A/chicken/Hunan/HN249/201	0.3363	0.2566	0.4573	0.2583	0.162	-0.093	0.370	50.03	0.385	0.410	543	567	-0.404762	0.089947	
A/chicken/Hunan/HN250/201	0.3319	0.2611	0.4573	0.2583	0.163	-0.090	0.372	49.98	0.389	0.412	543	567	-0.404762	0.089947	
A/chicken/Hunan/HN251/201	0.3296	0.2633	0.4598	0.2556	0.163	-0.087	0.374	49.94	0.389	0.412	543	567	-0.404762	0.089947	
A/chicken/Hunan/HN252/201	0.3341	0.2588	0.4598	0.2556	0.163	-0.090	0.372	50.03	0.385	0.410	543	567	-0.404762	0.089947	
A/chicken/Hunan/HN254/201	0.3296	0.2633	0.4573	0.2583	0.163	-0.090	0.372	49.94	0.390	0.412	543	567	-0.404762	0.089947	
A/chicken/Hunan/HN255/201	0.3296	0.2633	0.4573	0.2583	0.163	-0.090	0.372	49.94	0.390	0.412	543	567	-0.404762	0.089947	
A/chicken/Hunan/HN263/201	0.3193	0.2860	0.4358	0.2682	0.167	-0.083	0.376	50.50	0.415	0.420	542	567	-0.393298	0.089947	
A/chicken/Hunan/HN264/201	0.3178	0.2844	0.4458	0.2626	0.168	-0.080	0.378	50.63	0.410	0.418	542	567	-0.392240	0.089947	
A/chicken/Hunan/HN265/201	0.3171	0.2838	0.4408	0.2682	0.166	-0.083	0.376	50.83	0.413	0.420	542	567	-0.393298	0.089947	
A/chicken/Hunan/HN266/201	0.3171	0.2838	0.4433	0.2654	0.166	-0.086	0.375	50.49	0.411	0.419	542	567	-0.393298	0.089947	
A/chicken/Hunan/HN301/201	0.3319	0.2611	0.4523	0.2639	0.165	-0.087	0.374	50.11	0.392	0.412	543	567	-0.404762	0.089947	
A/chicken/Hunan/HN302/201	0.3319	0.2611	0.4523	0.2639	0.165	-0.087	0.374	50.11	0.392	0.412	543	567	-0.404762	0.089947	
A/chicken/Hunan/HN303/201	0.3319	0.2611	0.4523	0.2639	0.165	-0.090	0.372	50.15	0.392	0.412	543	567	-0.404762	0.089947	
A/chicken/Hunan/HN304/201	0.3319	0.2611	0.4523	0.2639	0.164	-0.090	0.372	50.21	0.392	0.412	543	567	-0.404762	0.089947	
A/chicken/Hunan/HN305/201	0.3319	0.2611	0.4548	0.2611	0.165	-0.090	0.372	50.05	0.390	0.412	543	567	-0.404762	0.089947	
A/chicken/Hunan/HN306/201	0.3319	0.2611	0.4523	0.2632	0.166	-0.091	0.372	50.15	0.392	0.412	543	567	-0.413933	0.089947	
A/chicken/Hunan/HN307/201	0.3319	0.2611	0.4523	0.2639	0.165	-0.090	0.372	50.15	0.392	0.412	543	567	-0.404762	0.089947	
A/chicken/Hunan/HN308/201	0.3319	0.2611	0.4497	0.2667	0.164	-0.090	0.372	50.27	0.394	0.412	543	567	-0.404762	0.089947	
A/chicken/Hunan/S10029/20	0.3117	0.2960	0.4619	0.2593	0.176	-0.061	0.393	47.83	0.410	0.407	544	567	-0.427161	0.093474	
A/chicken/Jiangsu/03.17_W	0.3161	0.2848	0.4580	0.2670	0.169	-0.118	0.360	49.53	0.408	0.409	542	567	-0.424339	0.097002	
A/chicken/Jiangsu/927/201	0.3229	0.2851	0.4532	0.2657	0.174	-0.085	0.380	50.21	0.406	0.410	545	567	-0.431041	0.093474	
A/chicken/Jiangsu/1001/20	0.3333	0.2800	0.4606	0.2479	0.171	-0.076	0.382	49.64	0.392	0.401	544	567	-0.386949	0.095238	
A/chicken/Jiangsu/2477/20	0.3192	0.2879	0.4520	0.2670	0.176	-0.079	0.383	49.54	0.409	0.412	545	567	-0.430159	0.093474	
A/chicken/Jiangsu/k0402/2	0.3080	0.2902	0.4608	0.2707	0.177	-0.084	0.380	49.12	0.413	0.411	545	567	-0.423281	0.093474	
A/chicken/Jiangsu/SE2228/	0.3192	0.2879	0.4481	0.2735	0.177	-0.073	0.387	50.39	0.413	0.412	545	567	-0.431922	0.093474	
A/chicken/Jiangsu/WXBING2	0.3311	0.2689	0.4545	0.2549	0.165	-0.087	0.375	50.89	0.392	0.413	541	567	-0.416579	0.089947	
A/chicken/Jiangsu/WXS7393	0.3319	0.2677	0.4545	0.2542	0.165	-0.087	0.375	50.33	0.391	0.414	542	567	-0.407937	0.089947	
A/chicken/Jiangsu/XZ216/2	0.3266	0.2886	0.4646	0.2394	0.171	-0.076	0.382	49.74	0.393	0.401	544	568	-0.380282	0.091549	
A/chicken/Jiangsu/YB7/201	0.3117	0.2892	0.4645	0.2621	0.172	-0.101	0.370	50.30	0.407	0.410	543	567	-0.421340	0.095238	
A/chicken/Jiangxi/01.14_N	0.3378	0.2622	0.4520	0.2570	0.167	-0.087	0.375	49.41	0.388	0.413	541	566	-0.398057	0.090106	
A/chicken/Jiangxi/02.05_Y	0.3370	0.2616	0.4470	0.2626	0.167	-0.085	0.375	49.91	0.392	0.414	541	566	-0.392403	0.090106	
A/chicken/Jiangxi/02.05_Y	0.3378	0.2644	0.4520	0.2542	0.167	-0.088	0.375	49.30	0.388	0.412	541	566	-0.396643	0.090106	
A/chicken/Jiangxi/04.01__	0.3392	0.2594	0.4534	0.2563	0.168	-0.088	0.375	49.40	0.386	0.412	542	567	-0.384832	0.089947	
A/chicken/Jiangxi/04.01__	0.3400	0.2600	0.4545	0.2542	0.167	-0.086	0.375	48.89	0.384	0.411	541	566	-0.394523	0.090106	
A/chicken/Jiangxi/04.01__	0.3385	0.2588	0.4559	0.2535	0.166	-0.089	0.373	49.28	0.384	0.411	542	567	-0.377778	0.089947	
A/chicken/Jiangxi/04.01__	0.3392	0.2594	0.4520	0.2570	0.166	-0.092	0.372	49.27	0.386	0.413	541	566	-0.384452	0.090106	
A/chicken/Jiangxi/04.01__	0.3267	0.2711	0.4550	0.2633	0.170	-0.069	0.385	50.68	0.396	0.410	545	567	-0.373721	0.089947	
A/chicken/Jiangxi/04.01__	0.3408	0.2561	0.4481	0.2654	0.163	-0.109	0.363	49.43	0.389	0.413	540	566	-0.430035	0.091873	
A/chicken/Jiangxi/04.01_N	0.3415	0.2572	0.4520	0.2570	0.168	-0.086	0.375	49.25	0.384	0.412	541	566	-0.385159	0.090106	
A/chicken/Jiangxi/04.01_N	0.3385	0.2588	0.4534	0.2563	0.167	-0.091	0.373	49.26	0.386	0.412	542	567	-0.385891	0.089947	
A/chicken/Jiangxi/04.01_N	0.3392	0.2594	0.4495	0.2598	0.166	-0.093	0.372	49.59	0.388	0.413	541	566	-0.394700	0.090106	
A/chicken/Jiangxi/04.01_N	0.3392	0.2594	0.4545	0.2542	0.167	-0.092	0.372	48.98	0.384	0.412	541	566	-0.385159	0.090106	
A/chicken/Jiangxi/04.01_N	0.3392	0.2594	0.4520	0.2570	0.167	-0.089	0.373	49.31	0.386	0.412	541	566	-0.385159	0.090106	
A/chicken/Jiangxi/04.01_N	0.3392	0.2594	0.4520	0.2570	0.167	-0.089	0.373	49.31	0.386	0.412	541	566	-0.385159	0.090106	
A/chicken/Jiangxi/04.01_N	0.3385	0.2628	0.4545	0.2542	0.168	-0.084	0.377	49.39	0.386	0.412	541	566	-0.403710	0.090106	
A/chicken/Jiangxi/05.06__	0.3400	0.2600	0.4495	0.2570	0.166	-0.089	0.374	49.48	0.387	0.413	540	566	-0.383746	0.090106	
A/chicken/Jiangxi/10.30_N	0.3363	0.2611	0.4635	0.2458	0.160	-0.117	0.358	49.54	0.380	0.411	542	566	-0.411484	0.090106	
A/chicken/Jiangxi/12.05_N	0.3378	0.2622	0.4545	0.2542	0.165	-0.094	0.372	49.54	0.386	0.412	541	566	-0.398057	0.090106	
A/chicken/Jiangxi/12.05_N	0.3378	0.2622	0.4571	0.2514	0.165	-0.090	0.373	49.39	0.384	0.412	541	566	-0.398057	0.090106	
A/chicken/Jiangxi/12.05_N	0.3378	0.2622	0.4520	0.2570	0.167	-0.087	0.375	49.41	0.388	0.413	541	566	-0.398057	0.090106	
A/chicken/Jiangxi/12.05_N	0.3370	0.2639	0.4520	0.2570	0.168	-0.085	0.376	49.28	0.389	0.412	542	567	-0.407937	0.089947	
A/chicken/Jiangxi/12.05_N	0.3378	0.2622	0.4571	0.2514	0.165	-0.090	0.373	49.39	0.384	0.412	541	566	-0.398057	0.090106	
A/chicken/Jiangxi/25/2011	0.3163	0.2695	0.4612	0.2745	0.167	-0.092	0.372	50.00	0.402	0.413	545	568	-0.398591	0.093310	
A/Chicken/Jiangxi/45093/2	0.3422	0.2578	0.4534	0.2563	0.168	-0.084	0.376	49.00	0.384	0.411	542	566	-0.404594	0.090106	
A/chicken/Jiangxi/S40653/	0.3229	0.2784	0.4422	0.2732	0.168	-0.074	0.383	50.73	0.409	0.416	543	567	-0.378836	0.089947	
A/chicken/Jilin/04.11_CCH	0.3415	0.2589	0.4633	0.2458	0.164	-0.104	0.365	49.42	0.378	0.408	540	567	-0.407055	0.089947	
A/chicken/Jilin/04.12_MHK	0.3237	0.2879	0.4569	0.2600	0.175	-0.076	0.385	50.84	0.404	0.408	545	567	-0.433510	0.093474	
A/chicken/Jilin/04.12_MHK	0.3237	0.2879	0.4569	0.2600	0.175	-0.076	0.385	50.84	0.404	0.408	545	567	-0.433510	0.093474	
A/chicken/Jilin/04.12_MHK	0.3237	0.2879	0.4569	0.2600	0.175	-0.076	0.385	50.84	0.404	0.408	545	567	-0.433510	0.093474	
A/chicken/Jilin/04.12_MHK	0.3237	0.2879	0.4569	0.2600	0.175	-0.076	0.385	50.84	0.404	0.408	545	567	-0.433510	0.093474	
A/chicken/Jilin/04.25_MHK	0.3237	0.2879	0.4543	0.2629	0.175	-0.080	0.383	50.77	0.406	0.409	545	567	-0.428924	0.093474	
A/chicken/Jilin/S1255/201	0.3161	0.2915	0.4442	0.2784	0.175	-0.075	0.386	50.29	0.419	0.413	544	567	-0.441799	0.093474	
A/chicken/Jilin/S1271/201	0.3161	0.2915	0.4467	0.2748	0.176	-0.071	0.388	50.37	0.417	0.413	544	567	-0.442328	0.093474	
A/chicken/Kaohsiung/16MB0	0.3053	0.2898	0.4509	0.2684	0.168	-0.072	0.383	50.17	0.416	0.416	543	567	-0.361023	0.089947	
A/chicken/Kaohsiung/16010	0.3135	0.2804	0.4509	0.2684	0.165	-0.085	0.376	50.49	0.409	0.415	543	567	-0.353263	0.089947	
A/chicken/Kaohsiung/16020	0.3164	0.2788	0.4509	0.2684	0.168	-0.082	0.378	50.24	0.407	0.413	543	567	-0.356614	0.089947	
A/chicken/Kaohsiung/16040	0.3053	0.2898	0.4509	0.2684	0.168	-0.072	0.383	50.17	0.416	0.416	543	567	-0.361023	0.089947	
A/chicken/Kaohsiung/16070	0.3097	0.2854	0.4484	0.2712	0.167	-0.079	0.379	50.10	0.414	0.416	543	567	-0.356614	0.089947	
A/chicken/Kaohsiung/16120	0.3164	0.2788	0.4534	0.2655	0.168	-0.082	0.378	50.20	0.405	0.413	543	567	-0.356614	0.089947	
A/chicken/Kaohsiung/17030	0.3156	0.2822	0.4534	0.2648	0.172	-0.071	0.385	50.22	0.407	0.413	543	567	-0.379012	0.089947	
A/chicken/Kaohsiung/17040	0.3075	0.2788	0.4612	0.2661	0.166	-0.082	0.377	49.08	0.406	0.415	544	567	-0.371781	0.089947	
A/chicken/Kaohsiung/17100	0.3046	0.2826	0.4486	0.2765	0.163	-0.085	0.375	50.09	0.417	0.417	544	567	-0.358554	0.089947	
A/chicken/Kaohsiung/18080	0.3009	0.2854	0.4687	0.2577	0.165	-0.085	0.375	49.59	0.406	0.414	544	567	-0.363668	0.089947	
A/chicken/Kaohsiung/18080	0.3031	0.2832	0.4687	0.2577	0.166	-0.085	0.375	49.76	0.404	0.414	544	567	-0.359259	0.089947	
A/chicken/Liaoning/S4092/	0.3341	0.2848	0.4582	0.2443	0.180	-0.070	0.387	49.37	0.392	0.403	543	567	-0.374956	0.091711	
A/chicken/Liaoning/SD035/	0.3125	0.2969	0.4413	0.2800	0.176	-0.072	0.388	50.00	0.425	0.414	544	567	-0.442681	0.095238	
A/chicken/Miaoli/15010421	0.3186	0.2765	0.4486	0.2689	0.169	-0.087	0.375	50.15	0.406	0.415	544	567	-0.366843	0.089947	
A/chicken/Nantou/16110023	0.3097	0.2832	0.4458	0.2768	0.166	-0.082	0.378	49.92	0.416	0.417	543	567	-0.356614	0.089947	
A/chicken/New_Taipei_City	0.3200	0.2756	0.4571	0.2627	0.170	-0.088	0.375	49.37	0.400	0.411	542	567	-0.360141	0.089947	
A/chicken/New_Taipei_City	0.3186	0.2743	0.4610	0.2606	0.165	-0.096	0.370	49.13	0.398	0.410	543	567	-0.345679	0.089947	
A/chicken/New_Taipei_City	0.3038	0.2860	0.4561	0.2689	0.166	-0.076	0.381	50.44	0.414	0.417	544	567	-0.362787	0.089947	
A/chicken/New_Taipei_City	0.3193	0.2794	0.4573	0.2556	0.168	-0.090	0.374	49.08	0.400	0.410	543	567	-0.358554	0.089947	
A/chicken/New_Taipei_City	0.3259	0.2749	0.4573	0.2528	0.170	-0.091	0.374	48.61	0.394	0.408	543	567	-0.351323	0.089947	
A/chicken/New_Taipei_City	0.3259	0.2749	0.4573	0.2528	0.170	-0.091	0.374	48.60	0.394	0.407	543	567	-0.352028	0.089947	
A/chicken/New_Taipei_City	0.3259	0.2749	0.4573	0.2528	0.170	-0.091	0.374	48.60	0.394	0.407	543	567	-0.352028	0.089947	
A/chicken/New_Taipei_City	0.3031	0.2832	0.4637	0.2626	0.165	-0.092	0.371	49.50	0.408	0.416	544	567	-0.374074	0.089947	
A/chicken/Ningxia/2/2012|	0.3378	0.2796	0.4684	0.2338	0.178	-0.068	0.388	48.79	0.382	0.400	544	567	-0.384656	0.091711	
A/chicken/Ningxia/222/201	0.3371	0.2790	0.4672	0.2360	0.178	-0.069	0.387	48.79	0.383	0.400	545	567	-0.380600	0.091711	
A/chicken/PH/A2821/2013|E	0.3132	0.2886	0.4862	0.2163	0.172	-0.052	0.400	50.63	0.381	0.410	540	564	-0.371986	0.097518	
A/chicken/Pingtung/150500	0.3186	0.2765	0.4461	0.2717	0.169	-0.081	0.379	50.44	0.408	0.416	544	567	-0.366843	0.089947	
A/chicken/Pingtung/160200	0.3186	0.2788	0.4444	0.2740	0.170	-0.077	0.381	50.90	0.411	0.416	543	567	-0.367725	0.089947	
A/chicken/Pingtung/180100	0.3031	0.2832	0.4637	0.2633	0.168	-0.082	0.377	49.20	0.408	0.416	544	567	-0.367901	0.089947	
A/chicken/Pingtung/180200	0.3031	0.2854	0.4612	0.2626	0.163	-0.098	0.368	49.57	0.410	0.417	544	567	-0.374074	0.089947	
A/chicken/PT/a158/2015|EP	0.3036	0.2857	0.4875	0.2275	0.172	-0.061	0.393	50.45	0.387	0.411	540	564	-0.359043	0.097518	
A/chicken/Qingdao/1/2014|	0.3333	0.2819	0.4672	0.2373	0.171	-0.085	0.377	49.79	0.386	0.400	544	567	-0.393827	0.091711	
A/chicken/SC/a688/2015|EP	0.3036	0.2879	0.4862	0.2282	0.172	-0.059	0.394	50.61	0.389	0.412	540	564	-0.367376	0.097518	
A/chicken/Shaanxi/SD001/2	0.3133	0.2867	0.4322	0.2845	0.176	-0.051	0.396	50.33	0.424	0.423	543	567	-0.371076	0.089947	
A/chicken/Shandong/12.03_	0.3170	0.2835	0.4580	0.2678	0.166	-0.126	0.355	49.40	0.407	0.409	543	567	-0.418342	0.097002	
A/Chicken/Shandong/J01/20	0.3132	0.2886	0.4518	0.2771	0.174	-0.096	0.373	49.82	0.415	0.410	544	567	-0.428042	0.093474	
A/Chicken/Shandong/J02/20	0.3348	0.2854	0.4594	0.2443	0.175	-0.076	0.385	49.11	0.392	0.399	543	567	-0.414638	0.089947	
A/Chicken/Shandong/J03/20	0.3363	0.2825	0.4596	0.2388	0.178	-0.080	0.381	49.45	0.389	0.404	543	567	-0.373545	0.089947	
A/Chicken/Shandong/J04/20	0.3386	0.2780	0.4608	0.2429	0.176	-0.079	0.381	49.47	0.387	0.402	543	567	-0.387831	0.089947	
A/Chicken/Shandong/J06/20	0.3185	0.2895	0.4606	0.2607	0.176	-0.091	0.376	50.22	0.406	0.407	545	567	-0.430688	0.093474	
A/chicken/Shandong/KD0269	0.3215	0.2749	0.4586	0.2577	0.166	-0.091	0.373	51.03	0.397	0.414	544	567	-0.386067	0.089947	
A/chicken/Shandong/S3/201	0.3333	0.2819	0.4684	0.2380	0.172	-0.087	0.377	49.70	0.386	0.400	544	567	-0.406702	0.091711	
A/chicken/Shanghai/S1123/	0.3177	0.2886	0.4621	0.2571	0.174	-0.082	0.382	49.16	0.404	0.410	545	567	-0.432981	0.093474	
A/chicken/Shanghai/S4030/	0.3266	0.2819	0.4619	0.2600	0.173	-0.084	0.382	49.24	0.398	0.405	545	567	-0.432628	0.095238	
A/chicken/Shanxi/04.28_TG	0.3082	0.2776	0.4785	0.2500	0.165	-0.077	0.382	49.23	0.395	0.413	511	532	-0.443421	0.093985	
A/chicken/Shanxi/12.01_TG	0.3311	0.2600	0.4584	0.2618	0.163	-0.094	0.371	49.44	0.389	0.412	542	566	-0.413074	0.088339	
A/chicken/Shenzhen/433/20	0.3326	0.2661	0.4484	0.2626	0.167	-0.084	0.376	50.57	0.395	0.414	542	567	-0.403175	0.089947	
A/chicken/Shenzhen/552/20	0.3326	0.2639	0.4509	0.2618	0.165	-0.086	0.375	50.21	0.393	0.414	542	567	-0.404409	0.089947	
A/chicken/Shenzhen/715/20	0.3326	0.2661	0.4484	0.2626	0.167	-0.084	0.376	50.57	0.395	0.414	542	567	-0.403175	0.089947	
A/chicken/Shenzhen/1061/2	0.3348	0.2639	0.4534	0.2563	0.165	-0.085	0.375	50.34	0.389	0.412	542	567	-0.393827	0.089947	
A/chicken/Shenzhen/1845/2	0.3267	0.2711	0.4525	0.2669	0.171	-0.070	0.385	51.26	0.398	0.410	545	567	-0.373192	0.089947	
A/chicken/Shenzhen/2269/2	0.3348	0.2616	0.4559	0.2563	0.164	-0.086	0.375	50.53	0.387	0.412	542	567	-0.404409	0.089947	
A/chicken/Shenzhen/2396/2	0.3348	0.2616	0.4484	0.2646	0.164	-0.093	0.371	50.24	0.393	0.413	542	567	-0.405115	0.089947	
A/chicken/Shenzhen/2464/2	0.3348	0.2616	0.4484	0.2646	0.164	-0.093	0.371	50.24	0.393	0.413	542	567	-0.405115	0.089947	
A/chicken/Shijiazhuang/12	0.3274	0.2915	0.4582	0.2394	0.171	-0.090	0.375	48.96	0.397	0.407	542	567	-0.383951	0.091711	
A/chicken/Sichuan/k141/20	0.3400	0.2556	0.4520	0.2648	0.161	-0.114	0.360	49.13	0.386	0.409	541	566	-0.427209	0.090106	
A/chicken/Sichuan/NCJPL1/	0.3222	0.2756	0.4575	0.2598	0.174	-0.053	0.394	50.63	0.398	0.412	545	567	-0.374250	0.089947	
A/Chicken/Suzhou/j5/2019|	0.3370	0.2616	0.4500	0.2583	0.164	-0.108	0.363	50.59	0.389	0.409	543	566	-0.400353	0.090106	
A/Chicken/Suzhou/j6/2019|	0.3370	0.2616	0.4500	0.2583	0.163	-0.111	0.361	50.67	0.389	0.410	543	566	-0.395760	0.090106	
A/chicken/Taichung/150103	0.3119	0.2832	0.4461	0.2717	0.170	-0.081	0.379	50.19	0.414	0.417	544	567	-0.366843	0.089947	
A/chicken/Taichung/160400	0.3178	0.2822	0.4497	0.2633	0.173	-0.080	0.379	50.43	0.407	0.414	543	567	-0.374780	0.089947	
A/chicken/Taichung/160500	0.3171	0.2816	0.4472	0.2669	0.170	-0.080	0.379	50.77	0.409	0.414	543	567	-0.375309	0.089947	
A/chicken/Taichung/161100	0.3208	0.2788	0.4561	0.2549	0.170	-0.078	0.381	50.72	0.399	0.414	544	567	-0.360317	0.089947	
A/chicken/Tainan/15020214	0.3208	0.2765	0.4408	0.2761	0.168	-0.092	0.372	50.18	0.411	0.416	543	567	-0.361376	0.089947	
A/chicken/Tainan/16040035	0.3164	0.2788	0.4425	0.2765	0.169	-0.082	0.378	49.99	0.413	0.416	545	567	-0.380776	0.089947	
A/chicken/Tainan/17030058	0.3091	0.2870	0.4484	0.2684	0.167	-0.075	0.381	50.42	0.414	0.416	543	567	-0.358378	0.089947	
A/chicken/Taipei_City/170	0.3230	0.2765	0.4598	0.2500	0.167	-0.100	0.368	48.59	0.394	0.408	543	567	-0.353086	0.089947	
A/chicken/Taipei_City/180	0.3075	0.2765	0.4625	0.2646	0.163	-0.085	0.375	49.68	0.404	0.414	544	567	-0.358554	0.089947	
A/chicken/Taipei_City/180	0.3068	0.2781	0.4475	0.2770	0.161	-0.098	0.368	50.05	0.415	0.419	544	567	-0.362081	0.089947	
A/chicken/Taipei/16060022	0.3142	0.2810	0.4484	0.2712	0.167	-0.085	0.376	50.16	0.411	0.414	543	567	-0.356614	0.089947	
A/chicken/Taipei/16060023	0.3142	0.2810	0.4484	0.2712	0.167	-0.085	0.376	50.16	0.411	0.414	543	567	-0.356614	0.089947	
A/chicken/Taipei/16120021	0.3119	0.2832	0.4534	0.2648	0.171	-0.075	0.381	50.01	0.409	0.414	543	567	-0.367372	0.089947	
A/chicken/Taipei/17050005	0.3149	0.2838	0.4573	0.2563	0.166	-0.094	0.372	49.17	0.403	0.410	543	567	-0.358025	0.089947	
A/chicken/Taipei/17050008	0.3193	0.2794	0.4598	0.2535	0.167	-0.087	0.376	48.93	0.398	0.409	543	567	-0.358025	0.089947	
A/chicken/Taipei/17050009	0.3126	0.2860	0.4573	0.2556	0.167	-0.092	0.372	49.23	0.405	0.412	543	567	-0.361376	0.089947	
A/chicken/Taishun/TS2/201	0.3429	0.2544	0.4470	0.2646	0.165	-0.098	0.369	50.19	0.387	0.414	542	567	-0.410406	0.091711	
A/chicken/Taishun/TS90/20	0.3451	0.2522	0.4444	0.2674	0.165	-0.101	0.367	50.14	0.387	0.414	542	567	-0.410406	0.091711	
A/chicken/Taiwan/0101/201	0.3146	0.2787	0.4619	0.2605	0.176	-0.084	0.380	50.00	0.403	0.415	539	564	-0.403369	0.097518	
A/chicken/Taiwan/0502/201	0.3051	0.2829	0.4924	0.2260	0.169	-0.076	0.386	49.94	0.384	0.408	539	564	-0.392908	0.099291	
A/chicken/Taiwan/683/2012	0.3089	0.2822	0.4722	0.2423	0.169	-0.085	0.380	51.38	0.395	0.414	539	564	-0.389007	0.099291	
A/chicken/Taiwan/01174/20	0.3164	0.2788	0.4461	0.2717	0.169	-0.084	0.377	50.12	0.410	0.416	544	567	-0.366843	0.089947	
A/chicken/Taiwan/1682/201	0.3229	0.2691	0.4680	0.2578	0.172	-0.099	0.372	49.75	0.392	0.413	538	564	-0.416312	0.097518	
A/chicken/Taiwan/1692/201	0.3229	0.2691	0.4680	0.2585	0.170	-0.099	0.372	49.74	0.392	0.412	538	564	-0.415780	0.097518	
A/chicken/Taiwan/1704/201	0.3229	0.2691	0.4680	0.2578	0.172	-0.099	0.372	49.75	0.392	0.413	538	564	-0.416312	0.097518	
A/chicken/Taiwan/1711/201	0.3229	0.2668	0.4694	0.2571	0.170	-0.101	0.370	49.71	0.390	0.412	538	564	-0.414539	0.095745	
A/chicken/Taiwan/2593/201	0.3073	0.2851	0.4773	0.2373	0.172	-0.072	0.388	51.22	0.393	0.413	539	564	-0.376596	0.099291	
A/chicken/Taiwan/2948/201	0.3096	0.2829	0.4773	0.2373	0.171	-0.076	0.386	51.20	0.391	0.412	539	564	-0.376596	0.099291	
A/chicken/Taiwan/4443/201	0.3067	0.2867	0.4746	0.2415	0.171	-0.077	0.386	51.40	0.397	0.413	539	564	-0.378192	0.101064	
A/chicken/Taiwan/7350/201	0.3051	0.2873	0.4722	0.2429	0.171	-0.076	0.386	51.61	0.399	0.414	539	564	-0.377128	0.099291	
A/chicken/Taiwan/8988/201	0.3080	0.2879	0.4722	0.2401	0.173	-0.063	0.393	51.77	0.397	0.413	539	564	-0.383156	0.099291	
A/chicken/Taiwan/8994/201	0.3022	0.2854	0.4717	0.2530	0.170	-0.065	0.392	51.77	0.404	0.416	505	529	-0.437429	0.102079	
A/chicken/Taiwan/8996/201	0.3022	0.2854	0.4744	0.2500	0.170	-0.065	0.392	51.60	0.402	0.416	505	529	-0.436673	0.102079	
A/chicken/Taiwan/A1/2019|	0.3060	0.2705	0.4874	0.2436	0.163	-0.083	0.380	50.01	0.385	0.411	540	564	-0.375709	0.097518	
A/chicken/Taiwan/a174/201	0.3164	0.2788	0.4461	0.2717	0.169	-0.084	0.377	50.12	0.410	0.416	544	567	-0.366843	0.089947	
A/chicken/Taiwan/A1997/20	0.3051	0.2851	0.4924	0.2232	0.171	-0.069	0.390	50.08	0.384	0.410	539	564	-0.387589	0.099291	
A/chicken/Taiwan/D2/2019|	0.3046	0.2848	0.4573	0.2669	0.166	-0.081	0.377	49.06	0.412	0.416	544	567	-0.363668	0.089947	
A/chicken/Taiwan/D9/2019|	0.3046	0.2848	0.4573	0.2669	0.166	-0.081	0.377	49.06	0.412	0.416	544	567	-0.363668	0.089947	
A/chicken/Taiwan/u7/2016|	0.3119	0.2743	0.4586	0.2689	0.164	-0.091	0.371	49.48	0.404	0.414	544	567	-0.359259	0.089947	
A/chicken/Taiwan/x37/2016	0.3135	0.2781	0.4534	0.2684	0.165	-0.098	0.368	50.02	0.407	0.414	543	567	-0.347266	0.089947	
A/chicken/TC/a504/2015|EP	0.3013	0.2879	0.4937	0.2225	0.172	-0.066	0.391	49.99	0.385	0.411	540	564	-0.376950	0.097518	
A/chicken/TY/a665/2015|EP	0.3007	0.2873	0.4937	0.2225	0.173	-0.058	0.394	49.67	0.385	0.411	540	564	-0.359043	0.097518	
A/chicken/Wuxi/7157/2015|	0.3341	0.2593	0.4610	0.2528	0.162	-0.104	0.364	49.62	0.384	0.412	544	567	-0.374956	0.093474	
A/chicken/Wuxi/7765/2016|	0.3296	0.2717	0.4484	0.2626	0.168	-0.084	0.376	51.07	0.399	0.415	542	567	-0.397002	0.089947	
A/chicken/Wuxi/SC7393/201	0.3319	0.2677	0.4545	0.2542	0.165	-0.087	0.375	50.33	0.391	0.414	542	567	-0.407937	0.089947	
A/chicken/Wuxi/WX-32/2013	0.3207	0.2851	0.4506	0.2714	0.172	-0.087	0.378	50.15	0.409	0.411	545	567	-0.422399	0.093474	
A/chicken/Wuxi/WX-33/2013	0.3252	0.2829	0.4506	0.2678	0.175	-0.078	0.383	49.92	0.406	0.410	545	567	-0.431570	0.093474	
A/chicken/Xinjiang/S1016/	0.3177	0.2886	0.4621	0.2571	0.174	-0.082	0.382	49.16	0.404	0.410	545	567	-0.432981	0.093474	
A/chicken/Xinjiang/S1081/	0.3200	0.2867	0.4698	0.2444	0.169	-0.083	0.380	50.01	0.395	0.409	547	567	-0.434568	0.093474	
A/chicken/Xinjiang/S1170/	0.3177	0.2886	0.4621	0.2571	0.174	-0.082	0.382	49.16	0.404	0.410	545	567	-0.432981	0.093474	
A/Chicken/Xuzhou/470/2017	0.3370	0.2572	0.4550	0.2583	0.162	-0.109	0.363	50.24	0.385	0.409	543	566	-0.393463	0.090106	
A/chicken/Xuzhou/XZ6/2016	0.3238	0.2643	0.4484	0.2773	0.163	-0.085	0.375	50.84	0.403	0.416	544	567	-0.391887	0.091711	
A/Chicken/Yangzhou/f6/201	0.3341	0.2611	0.4561	0.2583	0.164	-0.109	0.364	50.01	0.388	0.409	544	568	-0.385387	0.091549	
A/Chicken/Yangzhou/f9/201	0.3319	0.2633	0.4561	0.2583	0.165	-0.105	0.366	50.03	0.390	0.410	544	568	-0.385387	0.091549	
A/Chicken/Yangzhou/f14/20	0.3333	0.2644	0.4584	0.2542	0.165	-0.107	0.365	50.14	0.387	0.409	542	566	-0.392050	0.091873	
A/chicken/Yangzhou/YD1/20	0.3333	0.2644	0.4550	0.2640	0.169	-0.076	0.382	50.66	0.391	0.408	545	567	-0.373192	0.089947	
A/chicken/YL/A3190/2014|E	0.3036	0.2857	0.4825	0.2374	0.172	-0.060	0.395	50.60	0.393	0.412	542	567	-0.407055	0.098765	
A/chicken/Yuhang/1/2013|E	0.3139	0.3004	0.4478	0.2693	0.178	-0.061	0.393	50.53	0.419	0.410	544	567	-0.437743	0.093474	
A/chicken/Yuhang/2/2013|E	0.3139	0.3004	0.4478	0.2693	0.178	-0.061	0.393	50.53	0.419	0.410	544	567	-0.437743	0.093474	
A/chicken/Yunlin/15020048	0.3119	0.2832	0.4461	0.2717	0.169	-0.081	0.379	50.16	0.414	0.417	544	567	-0.366843	0.089947	
A/chicken/Yunlin/15040002	0.3164	0.2788	0.4461	0.2717	0.168	-0.087	0.375	50.20	0.410	0.416	544	567	-0.367549	0.089947	
A/chicken/Yunlin/15040027	0.3164	0.2788	0.4461	0.2717	0.169	-0.087	0.375	50.06	0.410	0.416	544	567	-0.366843	0.089947	
A/chicken/Yunlin/15050012	0.3157	0.2781	0.4497	0.2704	0.165	-0.094	0.371	49.96	0.408	0.416	544	567	-0.361199	0.089947	
A/chicken/Yunlin/15050037	0.3208	0.2743	0.4486	0.2689	0.168	-0.097	0.369	49.68	0.404	0.414	544	567	-0.366843	0.089947	
A/chicken/Yunlin/15050039	0.3164	0.2788	0.4461	0.2717	0.169	-0.087	0.375	50.06	0.410	0.416	544	567	-0.366843	0.089947	
A/chicken/Yunlin/15060014	0.3171	0.2816	0.4436	0.2717	0.170	-0.081	0.379	50.33	0.412	0.416	544	567	-0.369665	0.089947	
A/chicken/Yunlin/15080024	0.3097	0.2854	0.4461	0.2717	0.170	-0.080	0.379	50.02	0.415	0.419	544	567	-0.368254	0.089947	
A/chicken/Yunlin/16010001	0.3119	0.2765	0.4612	0.2633	0.164	-0.089	0.373	49.67	0.403	0.414	544	567	-0.372134	0.089947	
A/chicken/Yunlin/16010008	0.3142	0.2810	0.4450	0.2737	0.168	-0.085	0.376	50.22	0.413	0.417	545	567	-0.376367	0.089947	
A/chicken/Yunlin/16020038	0.3259	0.2749	0.4397	0.2717	0.171	-0.083	0.378	51.76	0.407	0.417	543	567	-0.376367	0.089947	
A/chicken/Yunlin/16050053	0.3178	0.2822	0.4523	0.2605	0.174	-0.077	0.381	50.40	0.405	0.414	543	567	-0.374780	0.089947	
A/chicken/Yunlin/17010001	0.3157	0.2826	0.4511	0.2612	0.168	-0.088	0.375	50.27	0.406	0.416	544	567	-0.360847	0.089947	
A/chicken/Yunlin/17010014	0.3075	0.2788	0.4637	0.2633	0.166	-0.081	0.377	49.26	0.404	0.414	544	567	-0.359259	0.089947	
A/chicken/Yunlin/17020094	0.3075	0.2788	0.4525	0.2737	0.164	-0.087	0.373	49.55	0.412	0.417	544	567	-0.345679	0.089947	
A/chicken/Yunlin/17020095	0.3149	0.2794	0.4548	0.2626	0.166	-0.085	0.376	49.47	0.405	0.416	543	567	-0.373369	0.089947	
A/chicken/Yunlin/17030001	0.3075	0.2788	0.4561	0.2717	0.165	-0.087	0.373	49.04	0.410	0.416	544	567	-0.355027	0.089947	
A/chicken/Yunlin/17030007	0.3075	0.2765	0.4612	0.2689	0.162	-0.094	0.369	49.35	0.406	0.415	544	567	-0.359259	0.089947	
A/chicken/Yunlin/17030010	0.3060	0.2816	0.4586	0.2689	0.167	-0.079	0.379	49.53	0.410	0.415	544	567	-0.362787	0.089947	
A/chicken/Yunlin/17030014	0.3097	0.2765	0.4536	0.2745	0.164	-0.093	0.369	49.07	0.410	0.416	544	567	-0.355027	0.089947	
A/chicken/Yunlin/17030020	0.3075	0.2788	0.4561	0.2709	0.164	-0.091	0.371	49.17	0.410	0.417	544	567	-0.359788	0.089947	
A/chicken/Yunlin/17030021	0.3075	0.2788	0.4536	0.2745	0.165	-0.090	0.371	49.10	0.412	0.416	544	567	-0.355027	0.089947	
A/chicken/Yunlin/17030032	0.3193	0.2772	0.4511	0.2661	0.165	-0.096	0.369	48.54	0.404	0.414	544	567	-0.361728	0.089947	
A/chicken/Yunlin/17030065	0.3119	0.2743	0.4573	0.2725	0.167	-0.082	0.377	49.33	0.406	0.415	544	567	-0.368254	0.089947	
A/chicken/Yunlin/17040003	0.3119	0.2743	0.4648	0.2640	0.165	-0.086	0.375	49.55	0.401	0.413	544	567	-0.361023	0.091711	
A/chicken/Yunlin/17040004	0.3075	0.2788	0.4536	0.2745	0.165	-0.086	0.373	48.97	0.412	0.416	544	567	-0.356437	0.089947	
A/chicken/Yunlin/17040011	0.3075	0.2788	0.4561	0.2717	0.166	-0.087	0.373	49.01	0.410	0.415	544	567	-0.355027	0.089947	
A/chicken/Yunlin/17060019	0.3053	0.2810	0.4500	0.2765	0.166	-0.077	0.381	49.64	0.415	0.417	544	567	-0.350617	0.089947	
A/chicken/Yunlin/17070010	0.3075	0.2810	0.4536	0.2702	0.165	-0.085	0.375	50.32	0.412	0.416	544	567	-0.358025	0.089947	
A/chicken/Yunlin/18010001	0.3053	0.2810	0.4586	0.2682	0.164	-0.092	0.371	49.85	0.410	0.415	544	567	-0.356790	0.089947	
A/chicken/Yunlin/18010003	0.3119	0.2765	0.4561	0.2682	0.166	-0.086	0.375	50.01	0.406	0.414	544	567	-0.356790	0.089947	
A/chicken/Yunlin/18010023	0.3016	0.2860	0.4523	0.2745	0.165	-0.085	0.376	50.57	0.418	0.418	543	567	-0.360847	0.089947	
A/chicken/Yunlin/18020003	0.3060	0.2816	0.4523	0.2753	0.165	-0.089	0.374	50.80	0.414	0.416	543	567	-0.355908	0.089947	
A/chicken/Yunlin/18020004	0.3053	0.2810	0.4523	0.2753	0.163	-0.091	0.372	50.65	0.414	0.417	543	567	-0.356967	0.089947	
A/chicken/Yunlin/18020005	0.3060	0.2816	0.4523	0.2745	0.166	-0.083	0.378	51.01	0.414	0.417	543	567	-0.360670	0.089947	
A/chicken/Yunlin/18020008	0.3082	0.2816	0.4497	0.2753	0.166	-0.092	0.372	50.65	0.414	0.416	543	567	-0.360317	0.089947	
A/chicken/Yunlin/18030002	0.3082	0.2794	0.4548	0.2725	0.164	-0.089	0.374	50.69	0.411	0.414	543	567	-0.364727	0.089947	
A/chicken/Yunlin/18050013	0.3104	0.2794	0.4523	0.2725	0.163	-0.091	0.372	51.02	0.411	0.414	543	567	-0.366138	0.089947	
A/chicken/Yunlin/18060001	0.3089	0.2800	0.4511	0.2745	0.163	-0.091	0.372	51.00	0.413	0.415	543	567	-0.366138	0.089947	
A/chicken/Yunlin/18080006	0.3126	0.2749	0.4635	0.2640	0.169	-0.073	0.383	49.31	0.401	0.412	543	567	-0.370018	0.089947	
A/chicken/Yunnan/1/2014|E	0.3392	0.2661	0.4394	0.2682	0.167	-0.093	0.372	50.39	0.398	0.413	543	567	-0.418342	0.089947	
A/chicken/Yunnan/02.09_DQ	0.3385	0.2584	0.4481	0.2654	0.163	-0.103	0.367	49.79	0.391	0.413	540	566	-0.430035	0.091873	
A/chicken/Yunnan/03.15_DQ	0.3326	0.2616	0.4559	0.2591	0.162	-0.099	0.367	50.07	0.389	0.414	542	567	-0.395591	0.089947	
A/chicken/Yunnan/03.16__D	0.3408	0.2561	0.4456	0.2682	0.163	-0.106	0.365	49.73	0.391	0.413	540	566	-0.430035	0.091873	
A/chicken/Yunnan/03.16_DQ	0.3348	0.2616	0.4559	0.2563	0.164	-0.093	0.371	49.23	0.387	0.410	542	567	-0.413404	0.089947	
A/chicken/Yunnan/03.16_DQ	0.3370	0.2572	0.4520	0.2618	0.163	-0.103	0.366	49.84	0.388	0.413	541	567	-0.413404	0.091711	
A/chicken/Yunnan/03.16_DQ	0.3348	0.2616	0.4559	0.2563	0.164	-0.093	0.371	49.23	0.387	0.410	542	567	-0.413404	0.089947	
A/chicken/Yunnan/07.11_DQ	0.3304	0.2639	0.4509	0.2646	0.161	-0.105	0.363	49.65	0.395	0.414	542	567	-0.404409	0.089947	
A/Chicken/Yunnan/YN-8/201	0.3392	0.2594	0.4633	0.2507	0.164	-0.114	0.360	50.18	0.380	0.406	542	567	-0.389947	0.091711	
A/Chicken/Yunnan/YN-11/20	0.3311	0.2667	0.4582	0.2549	0.163	-0.103	0.366	50.84	0.390	0.412	541	566	-0.399647	0.091873	
A/Chicken/Yunnan/YN-12/20	0.3296	0.2677	0.4506	0.2633	0.162	-0.103	0.365	50.08	0.397	0.414	542	567	-0.406173	0.091711	
A/chicken/Zhejiang/194/20	0.3348	0.2599	0.4511	0.2604	0.162	-0.103	0.364	50.49	0.390	0.413	544	567	-0.390653	0.089947	
A/chicken/Zhejiang/209/20	0.3104	0.2838	0.4561	0.2618	0.174	-0.057	0.392	50.52	0.408	0.416	544	567	-0.372840	0.089947	
A/chicken/Zhejiang/217/20	0.3348	0.2599	0.4511	0.2604	0.162	-0.103	0.364	50.49	0.390	0.413	544	567	-0.390653	0.089947	
A/chicken/Zhejiang/232/20	0.3075	0.2832	0.4600	0.2611	0.172	-0.059	0.391	50.41	0.407	0.414	545	567	-0.393651	0.089947	
A/chicken/Zhejiang/7450/2	0.3091	0.2848	0.4575	0.2583	0.173	-0.058	0.391	50.31	0.407	0.417	545	567	-0.379189	0.089947	
A/chicken/Zhejiang/81643/	0.3075	0.2854	0.4589	0.2576	0.172	-0.058	0.391	50.44	0.407	0.417	545	567	-0.375661	0.088183	
A/chicken/Zhejiang/514135	0.3304	0.2639	0.4545	0.2626	0.163	-0.096	0.369	49.73	0.393	0.414	542	567	-0.401940	0.089947	
A/chicken/Zhejiang/727022	0.3422	0.2556	0.4559	0.2563	0.164	-0.100	0.367	49.72	0.382	0.410	542	567	-0.403351	0.089947	
A/chicken/Zhejiang/727026	0.3400	0.2578	0.4584	0.2535	0.165	-0.100	0.367	49.29	0.382	0.410	542	567	-0.403351	0.089947	
A/chicken/Zhejiang/727079	0.3400	0.2578	0.4548	0.2556	0.163	-0.102	0.365	49.83	0.384	0.411	542	567	-0.400529	0.089947	
A/chicken/Zhejiang/727155	0.3400	0.2578	0.4559	0.2563	0.164	-0.100	0.367	49.81	0.384	0.410	542	567	-0.403351	0.089947	
A/chicken/Zhejiang/727159	0.3400	0.2556	0.4559	0.2591	0.165	-0.100	0.367	49.70	0.384	0.410	542	567	-0.403351	0.089947	
A/chickenl/Jiangxi/E84/20	0.3392	0.2616	0.4484	0.2591	0.165	-0.093	0.371	51.07	0.389	0.413	542	567	-0.404409	0.089947	
A/Chlidonias_hybrida/Hube	0.3156	0.2822	0.4372	0.2809	0.174	-0.057	0.392	50.15	0.418	0.421	543	567	-0.376014	0.089947	
A/Commom_Teal/Ningxia/474	0.3392	0.2550	0.4497	0.2632	0.160	-0.107	0.362	50.53	0.387	0.412	542	567	-0.395767	0.089947	
A/common_coot/Shandong/SC	0.3133	0.2844	0.4347	0.2837	0.174	-0.057	0.392	50.43	0.422	0.422	543	567	-0.376014	0.089947	
A/common_crane/Yunnan-Hui	0.3133	0.2867	0.4322	0.2829	0.176	-0.057	0.392	50.14	0.424	0.423	543	567	-0.385185	0.089947	
A/common_pochard/Ningxia/	0.3163	0.2806	0.4322	0.2905	0.173	-0.066	0.386	50.06	0.423	0.417	544	567	-0.388007	0.091711	
A/common_teal/Ningxia/105	0.3133	0.2844	0.4347	0.2845	0.173	-0.054	0.394	49.96	0.422	0.422	543	567	-0.375485	0.089947	
A/common_teal/Ningxia/181	0.3163	0.2806	0.4322	0.2905	0.173	-0.067	0.386	50.29	0.423	0.417	544	567	-0.397531	0.091711	
A/common_teal/Ningxia/189	0.3163	0.2806	0.4322	0.2905	0.173	-0.067	0.386	50.29	0.423	0.417	544	567	-0.397531	0.091711	
A/common_teal/Ningxia/237	0.3163	0.2806	0.4322	0.2905	0.173	-0.067	0.386	50.29	0.423	0.417	544	567	-0.397531	0.091711	
A/common_teal/Ningxia/245	0.3163	0.2806	0.4322	0.2905	0.173	-0.067	0.386	50.29	0.423	0.417	544	567	-0.397531	0.091711	
A/common_teal/Ningxia/253	0.3163	0.2806	0.4322	0.2905	0.173	-0.067	0.386	50.29	0.423	0.417	544	567	-0.397531	0.091711	
A/common_teal/Shaanxi/SXY	0.3133	0.2844	0.4347	0.2845	0.173	-0.054	0.394	49.96	0.422	0.422	543	567	-0.375485	0.089947	
A/condor/Guangdong/139/20	0.3266	0.2774	0.4511	0.2611	0.175	-0.079	0.382	50.14	0.401	0.414	544	568	-0.423415	0.093310	
A/Copsychus_saularis/Guan	0.3333	0.2689	0.4447	0.2626	0.166	-0.090	0.373	51.30	0.397	0.414	542	567	-0.397178	0.089947	
A/Curlew/Hong_Kong/AFCD-H	0.3237	0.2727	0.4307	0.2893	0.170	-0.069	0.385	50.55	0.416	0.421	543	567	-0.397531	0.089947	
A/Cygnus_atratus/Hubei/2Z	0.3207	0.2829	0.4311	0.2821	0.178	-0.057	0.392	50.29	0.419	0.418	544	567	-0.381482	0.089947	
A/Cygnus_atratus/Hubei/HF	0.3192	0.2835	0.4325	0.2813	0.179	-0.054	0.393	50.26	0.419	0.418	544	567	-0.382187	0.089947	
A/Cygnus_columbianus/Hube	0.3156	0.2800	0.4397	0.2809	0.174	-0.060	0.390	50.04	0.416	0.420	543	567	-0.376014	0.089947	
A/Cygnus_columbianus/Hube	0.3200	0.2778	0.4372	0.2801	0.176	-0.057	0.392	50.25	0.414	0.420	543	567	-0.385185	0.089947	
A/Cygnus_columbianus/Hube	0.3178	0.2800	0.4347	0.2837	0.174	-0.063	0.389	50.17	0.418	0.421	543	567	-0.376014	0.089947	
A/Cygnus_columbianus/Hube	0.3156	0.2822	0.4383	0.2817	0.175	-0.058	0.392	50.27	0.418	0.420	543	567	-0.377778	0.091711	
A/Cygnus_columbianus/Hube	0.3156	0.2822	0.4372	0.2809	0.174	-0.057	0.392	50.15	0.418	0.421	543	567	-0.376014	0.089947	
A/Cygnus_columbianus/Hube	0.3178	0.2822	0.4347	0.2809	0.175	-0.054	0.394	50.18	0.418	0.421	543	567	-0.376014	0.089947	
A/Cygnus_columbianus/Hube	0.3156	0.2822	0.4397	0.2781	0.176	-0.050	0.396	50.13	0.416	0.420	543	567	-0.376720	0.089947	
A/Cygnus_columbianus/Hube	0.3274	0.2739	0.4383	0.2753	0.173	-0.076	0.382	48.89	0.408	0.419	542	566	-0.392580	0.090106	
A/Cygnus_columbianus/Hube	0.3244	0.2778	0.4343	0.2781	0.174	-0.073	0.384	49.75	0.413	0.422	542	566	-0.392403	0.090106	
A/Cygnus_columbianus/Hube	0.3274	0.2739	0.4383	0.2753	0.173	-0.076	0.382	48.89	0.408	0.419	542	566	-0.392580	0.090106	
A/Cygnus_columbianus/Hube	0.3274	0.2739	0.4383	0.2745	0.172	-0.080	0.380	48.83	0.408	0.419	542	566	-0.401767	0.090106	
A/domestic_green-winged_t	0.3274	0.2803	0.4458	0.2669	0.181	-0.057	0.396	50.00	0.405	0.414	543	567	-0.408289	0.091711	
A/duck/Anhui/AH328/2015|E	0.3370	0.2599	0.4486	0.2604	0.163	-0.100	0.366	50.51	0.390	0.413	544	567	-0.390653	0.089947	
A/duck/Anhui/S4/2016|EPI_	0.3377	0.2583	0.4511	0.2604	0.163	-0.101	0.366	50.93	0.388	0.412	544	567	-0.389594	0.089947	
A/duck/Changhua/15A03431-	0.3119	0.2832	0.4486	0.2689	0.171	-0.078	0.381	50.16	0.412	0.417	544	567	-0.366843	0.089947	
A/duck/Changhua/15A03473-	0.3142	0.2810	0.4436	0.2745	0.169	-0.084	0.377	49.85	0.414	0.417	544	567	-0.366843	0.089947	
A/duck/Chiayi/15080023/20	0.3230	0.2743	0.4461	0.2689	0.169	-0.087	0.375	50.79	0.404	0.414	544	567	-0.366843	0.089947	
A/duck/China/0936/2017|EP	0.3407	0.2544	0.4506	0.2640	0.162	-0.102	0.366	49.43	0.386	0.410	541	566	-0.414664	0.090106	
A/duck/China/0938/2017|EP	0.3266	0.2841	0.4569	0.2629	0.175	-0.082	0.383	48.93	0.402	0.407	545	567	-0.440741	0.095238	
A/duck/China/DK87/2016|EP	0.3296	0.2650	0.4509	0.2674	0.165	-0.091	0.373	49.00	0.397	0.413	542	566	-0.406714	0.090106	
A/duck/China/E26/2012|EPI	0.3133	0.2911	0.4580	0.2665	0.169	-0.103	0.369	50.35	0.411	0.408	545	567	-0.417813	0.095238	
A/duck/China/E53/2012|EPI	0.3177	0.2864	0.4543	0.2714	0.176	-0.087	0.379	49.02	0.410	0.410	544	567	-0.433157	0.093474	
A/Duck/China/H5N6/2020|EP	0.3392	0.2550	0.4450	0.2694	0.159	-0.117	0.359	51.68	0.390	0.412	543	566	-0.384806	0.090106	
A/duck/China/YD1516/2016|	0.3075	0.2898	0.4525	0.2611	0.174	-0.055	0.393	50.40	0.413	0.417	545	567	-0.379718	0.089947	
A/duck/Chongqing/S4362/20	0.3579	0.2662	0.4337	0.2571	0.177	-0.107	0.367	51.43	0.389	0.415	540	564	-0.404964	0.093972	
A/duck/Dongguan/2685/2013	0.3348	0.2639	0.4458	0.2646	0.165	-0.089	0.373	50.59	0.395	0.415	542	567	-0.404409	0.089947	
A/Duck/Dongting/D76-1/201	0.3504	0.2835	0.4293	0.2514	0.184	-0.076	0.386	50.34	0.399	0.419	539	564	-0.411879	0.093972	
A/duck/Eastern_China/008/	0.3229	0.2762	0.4612	0.2549	0.171	-0.071	0.386	50.20	0.395	0.410	544	567	-0.425221	0.091711	
A/duck/Eastern_China/031/	0.3281	0.2746	0.4612	0.2514	0.172	-0.064	0.390	50.72	0.392	0.410	544	567	-0.425397	0.091711	
A/duck/Eastern_China/108/	0.3229	0.2762	0.4612	0.2549	0.171	-0.071	0.386	50.27	0.395	0.410	544	567	-0.429630	0.091711	
A/duck/Eastern_China/909/	0.3252	0.2784	0.4383	0.2797	0.176	-0.078	0.382	49.55	0.412	0.414	544	567	-0.388889	0.091711	
A/duck/Eastern_China/JY/2	0.3244	0.2756	0.4325	0.2790	0.175	-0.075	0.381	51.97	0.414	0.421	544	567	-0.380423	0.089947	
A/duck/Eastern_China/L023	0.3126	0.2794	0.4600	0.2626	0.170	-0.071	0.383	50.97	0.404	0.415	545	567	-0.378307	0.089947	
A/duck/Eastern_China/L032	0.3126	0.2794	0.4600	0.2626	0.170	-0.071	0.383	50.97	0.404	0.415	545	567	-0.378307	0.089947	
A/duck/Eastern_China/L040	0.3193	0.2772	0.4600	0.2570	0.169	-0.077	0.380	50.13	0.398	0.413	545	567	-0.378307	0.089947	
A/duck/Eastern_China/L042	0.3222	0.2756	0.4575	0.2563	0.169	-0.080	0.379	50.46	0.397	0.414	544	567	-0.378131	0.089947	
A/duck/Eastern_China/L061	0.3178	0.2778	0.4500	0.2674	0.169	-0.083	0.377	51.32	0.406	0.416	544	567	-0.378836	0.089947	
A/duck/Eastern_China/L072	0.3244	0.2733	0.4561	0.2598	0.167	-0.092	0.371	50.58	0.397	0.413	544	567	-0.382893	0.089947	
A/duck/Eastern_China/L102	0.3244	0.2733	0.4450	0.2694	0.169	-0.079	0.379	51.10	0.404	0.417	544	567	-0.378660	0.089947	
A/duck/Eastern_China/L112	0.3171	0.2772	0.4575	0.2583	0.169	-0.075	0.381	51.11	0.401	0.416	544	567	-0.380423	0.089947	
A/duck/Eastern_China/S013	0.3075	0.2854	0.4550	0.2646	0.171	-0.061	0.389	50.76	0.411	0.417	545	567	-0.379189	0.089947	
A/duck/Eastern_China/S021	0.3267	0.2756	0.4275	0.2833	0.173	-0.067	0.386	52.09	0.415	0.420	544	567	-0.378660	0.089947	
A/duck/Eastern_China/S032	0.3348	0.2661	0.4559	0.2514	0.165	-0.087	0.375	50.35	0.387	0.411	542	567	-0.408289	0.089947	
A/duck/Eastern_China/S071	0.3267	0.2711	0.4550	0.2633	0.170	-0.076	0.382	50.68	0.396	0.410	545	567	-0.373721	0.089947	
A/duck/Eastern_China/S080	0.3237	0.2683	0.4536	0.2702	0.168	-0.094	0.371	51.45	0.400	0.416	545	567	-0.392945	0.089947	
A/duck/Eastern_China/S090	0.3304	0.2683	0.4484	0.2626	0.167	-0.083	0.376	50.50	0.397	0.414	542	567	-0.393298	0.089947	
A/duck/Eastern_China/S110	0.3222	0.2800	0.4225	0.2889	0.176	-0.063	0.388	50.60	0.423	0.422	544	567	-0.378660	0.089947	
A/duck/Eastern_China/S121	0.3244	0.2756	0.4425	0.2680	0.175	-0.066	0.386	51.73	0.406	0.418	544	567	-0.380423	0.089947	
A/duck/Fujian/1.17_FZHX01	0.3274	0.2673	0.4545	0.2626	0.166	-0.086	0.377	50.02	0.396	0.415	541	566	-0.415724	0.090106	
A/duck/Fujian/03.18_GTFJ-	0.3363	0.2588	0.4571	0.2570	0.165	-0.082	0.376	49.90	0.386	0.410	542	567	-0.420459	0.089947	
A/duck/Fujian/05.07_FZHMD	0.3377	0.2649	0.4430	0.2633	0.163	-0.095	0.369	51.66	0.395	0.414	542	567	-0.396296	0.089947	
A/duck/Fujian/05.07_FZHMD	0.3377	0.2649	0.4430	0.2633	0.163	-0.095	0.369	51.66	0.395	0.414	542	567	-0.396296	0.089947	
A/duck/Fujian/05.07_FZHMD	0.3377	0.2649	0.4430	0.2633	0.163	-0.095	0.369	51.66	0.395	0.414	542	567	-0.396296	0.089947	
A/duck/Fujian/10.26_FZHX0	0.3363	0.2628	0.4584	0.2535	0.168	-0.076	0.382	50.11	0.386	0.410	542	566	-0.432332	0.090106	
A/duck/Fujian/10.26_FZHX0	0.3363	0.2628	0.4584	0.2535	0.168	-0.076	0.382	50.11	0.386	0.410	542	566	-0.432332	0.090106	
A/duck/Fujian/11.3_FZHX11	0.3274	0.2673	0.4571	0.2598	0.166	-0.087	0.375	49.16	0.394	0.413	541	566	-0.407244	0.090106	
A/duck/Fujian/11.3_FZHX11	0.3274	0.2673	0.4545	0.2626	0.166	-0.086	0.377	50.02	0.396	0.415	541	566	-0.415724	0.090106	
A/duck/Fujian/11.23_FZHX0	0.3363	0.2628	0.4584	0.2535	0.168	-0.076	0.382	50.11	0.386	0.410	542	566	-0.432332	0.090106	
A/duck/Fujian/11.23_FZHX0	0.3363	0.2606	0.4612	0.2521	0.166	-0.084	0.378	50.11	0.383	0.410	543	567	-0.433686	0.089947	
A/duck/Fujian/11.23_FZHX0	0.3363	0.2606	0.4612	0.2521	0.166	-0.084	0.378	50.11	0.383	0.410	543	567	-0.433686	0.089947	
A/duck/Fujian/12.7_FZHX12	0.3274	0.2673	0.4545	0.2626	0.166	-0.086	0.377	50.02	0.396	0.415	541	566	-0.415724	0.090106	
A/duck/Fujian/12.7_FZHX12	0.3371	0.2589	0.4635	0.2535	0.165	-0.097	0.371	48.21	0.382	0.409	542	567	-0.419753	0.089947	
A/duck/Fujian/12.7_FZHX12	0.3378	0.2595	0.4621	0.2542	0.165	-0.095	0.372	48.24	0.383	0.409	541	566	-0.419081	0.090106	
A/duck/Fujian/12.7_FZHX12	0.3378	0.2595	0.4621	0.2542	0.165	-0.095	0.372	48.24	0.383	0.409	541	566	-0.419081	0.090106	
A/duck/Fujian/S1233/2018(	0.3199	0.2841	0.4623	0.2571	0.174	-0.084	0.380	48.77	0.400	0.410	545	567	-0.426279	0.091711	
A/duck/Fujian/S1273/2018(	0.3199	0.2864	0.4621	0.2578	0.175	-0.081	0.382	48.72	0.402	0.410	545	567	-0.434039	0.093474	
A/Duck/Fujian/S4146/2010|	0.3163	0.2695	0.4724	0.2640	0.168	-0.099	0.369	49.17	0.394	0.409	545	568	-0.404753	0.093310	
A/duck/Guangdong/01.01_SZ	0.3237	0.2683	0.4559	0.2618	0.164	-0.090	0.373	48.84	0.397	0.415	542	566	-0.404240	0.090106	
A/duck/Guangdong/01.01_SZ	0.3237	0.2683	0.4584	0.2591	0.164	-0.087	0.375	48.76	0.395	0.414	542	566	-0.404240	0.090106	
A/duck/Guangdong/01.01_SZ	0.3244	0.2689	0.4559	0.2618	0.165	-0.088	0.375	48.97	0.397	0.414	542	566	-0.403180	0.090106	
A/duck/Guangdong/01.01_SZ	0.3222	0.2711	0.4559	0.2618	0.166	-0.084	0.376	49.00	0.399	0.415	542	566	-0.403180	0.090106	
A/duck/Guangdong/01.01_SZ	0.3289	0.2644	0.4559	0.2626	0.164	-0.093	0.371	49.19	0.393	0.412	542	566	-0.394523	0.090106	
A/duck/Guangdong/01.01_SZ	0.3244	0.2689	0.4559	0.2618	0.165	-0.088	0.375	48.97	0.397	0.414	542	566	-0.403180	0.090106	
A/duck/Guangdong/01.01_SZ	0.3244	0.2689	0.4559	0.2618	0.165	-0.088	0.375	48.97	0.397	0.414	542	566	-0.403180	0.090106	
A/duck/Guangdong/01.01_SZ	0.3244	0.2689	0.4559	0.2618	0.165	-0.087	0.375	48.85	0.397	0.413	542	566	-0.398940	0.090106	
A/duck/Guangdong/01.01_SZ	0.3244	0.2689	0.4559	0.2618	0.165	-0.087	0.375	49.31	0.397	0.413	542	566	-0.410424	0.090106	
A/duck/Guangdong/01.01_SZ	0.3244	0.2689	0.4571	0.2633	0.165	-0.088	0.375	48.97	0.397	0.412	542	566	-0.396466	0.090106	
A/duck/Guangdong/02.11_DG	0.3274	0.2611	0.4561	0.2632	0.162	-0.092	0.370	50.01	0.392	0.414	543	567	-0.398589	0.088183	
A/duck/Guangdong/02.11_DG	0.3274	0.2611	0.4561	0.2632	0.161	-0.092	0.370	50.07	0.392	0.413	543	567	-0.402998	0.088183	
A/duck/Guangdong/02.11_DG	0.3274	0.2611	0.4561	0.2632	0.162	-0.092	0.370	50.01	0.392	0.414	543	567	-0.398589	0.088183	
A/duck/Guangdong/02.11_DG	0.3274	0.2633	0.4548	0.2639	0.163	-0.090	0.372	49.97	0.394	0.414	543	567	-0.400353	0.089947	
A/duck/Guangdong/02.11_DG	0.3252	0.2655	0.4548	0.2639	0.163	-0.090	0.372	50.03	0.396	0.415	543	567	-0.400353	0.089947	
A/duck/Guangdong/02.11_DG	0.3274	0.2633	0.4548	0.2639	0.163	-0.090	0.372	49.97	0.394	0.414	543	567	-0.400353	0.089947	
A/duck/Guangdong/03.26_DG	0.3392	0.2639	0.4520	0.2542	0.171	-0.084	0.376	50.53	0.387	0.411	542	567	-0.409877	0.091711	
A/duck/Guangdong/03.26_DG	0.3392	0.2639	0.4520	0.2542	0.171	-0.084	0.376	50.53	0.387	0.411	542	567	-0.409877	0.091711	
A/duck/Guangdong/03.26_DG	0.3392	0.2639	0.4532	0.2549	0.171	-0.084	0.376	50.66	0.387	0.411	542	567	-0.413933	0.091711	
A/duck/Guangdong/03.26_DG	0.3437	0.2528	0.4635	0.2479	0.161	-0.102	0.365	49.12	0.375	0.406	542	567	-0.414639	0.089947	
A/duck/Guangdong/03.26_DG	0.3310	0.2671	0.4649	0.2478	0.165	-0.090	0.374	50.48	0.386	0.412	508	532	-0.466917	0.093985	
A/duck/Guangdong/03.26_DG	0.3392	0.2639	0.4532	0.2549	0.171	-0.084	0.376	50.66	0.387	0.411	542	567	-0.413933	0.091711	
A/duck/Guangdong/03.26_DG	0.3437	0.2528	0.4635	0.2479	0.161	-0.102	0.365	49.12	0.375	0.406	542	567	-0.414639	0.089947	
A/duck/Guangdong/03.26_DG	0.3392	0.2639	0.4532	0.2549	0.171	-0.084	0.376	50.66	0.387	0.411	542	567	-0.413933	0.091711	
A/duck/Guangdong/03.26_DG	0.3437	0.2528	0.4635	0.2479	0.160	-0.105	0.363	49.34	0.375	0.406	542	567	-0.414639	0.089947	
A/duck/Guangdong/03.26_DG	0.3437	0.2528	0.4635	0.2479	0.159	-0.105	0.363	49.42	0.375	0.405	542	567	-0.419048	0.089947	
A/duck/Guangdong/03.26_DG	0.3392	0.2639	0.4532	0.2549	0.171	-0.084	0.376	50.66	0.387	0.411	542	567	-0.413933	0.091711	
A/duck/Guangdong/03.26_DG	0.3392	0.2639	0.4532	0.2549	0.171	-0.084	0.376	50.66	0.387	0.411	542	567	-0.413933	0.091711	
A/duck/Guangdong/03.26_DG	0.3392	0.2639	0.4545	0.2514	0.169	-0.089	0.375	50.87	0.386	0.410	542	567	-0.407760	0.091711	
A/duck/Guangdong/03.26_DG	0.3392	0.2639	0.4545	0.2514	0.169	-0.089	0.375	50.87	0.386	0.410	542	567	-0.407760	0.091711	
A/duck/Guangdong/03.26_DG	0.3392	0.2639	0.4520	0.2542	0.171	-0.084	0.376	50.53	0.387	0.411	542	567	-0.409877	0.091711	
A/duck/Guangdong/03.26_DG	0.3392	0.2639	0.4520	0.2542	0.170	-0.084	0.376	50.59	0.387	0.410	542	567	-0.414286	0.091711	
A/duck/Guangdong/03.26_DG	0.3392	0.2639	0.4520	0.2542	0.170	-0.084	0.376	50.59	0.387	0.410	542	567	-0.414286	0.091711	
A/duck/Guangdong/03.26_DG	0.3392	0.2639	0.4520	0.2542	0.170	-0.084	0.376	50.59	0.387	0.410	542	567	-0.414286	0.091711	
A/duck/Guangdong/03.26_DG	0.3392	0.2639	0.4520	0.2542	0.170	-0.084	0.376	50.59	0.387	0.410	542	567	-0.414286	0.091711	
A/duck/Guangdong/03.26_DG	0.3392	0.2639	0.4520	0.2542	0.171	-0.084	0.376	50.53	0.387	0.411	542	567	-0.409877	0.091711	
A/duck/Guangdong/03.26_DG	0.3392	0.2639	0.4520	0.2542	0.170	-0.084	0.376	50.59	0.387	0.410	542	567	-0.414286	0.091711	
A/duck/Guangdong/03.27_DG	0.3296	0.2633	0.4548	0.2611	0.164	-0.088	0.374	49.86	0.392	0.412	543	567	-0.403351	0.089947	
A/duck/Guangdong/03.27_DG	0.3356	0.2711	0.4509	0.2514	0.169	-0.075	0.382	49.99	0.391	0.411	542	567	-0.410406	0.089947	
A/duck/Guangdong/03.27_DG	0.3296	0.2633	0.4573	0.2583	0.164	-0.087	0.374	49.93	0.390	0.412	543	567	-0.404762	0.089947	
A/duck/Guangdong/03.27_DG	0.3356	0.2711	0.4509	0.2514	0.169	-0.075	0.382	49.99	0.391	0.411	542	567	-0.410406	0.089947	
A/duck/Guangdong/03.27_DG	0.3274	0.2655	0.4573	0.2583	0.164	-0.087	0.374	49.95	0.392	0.412	543	567	-0.404762	0.089947	
A/duck/Guangdong/04.15_SZ	0.3310	0.2671	0.4622	0.2507	0.164	-0.090	0.374	50.77	0.388	0.412	508	532	-0.467669	0.093985	
A/duck/Guangdong/04.15_SZ	0.3385	0.2566	0.4472	0.2667	0.165	-0.087	0.374	50.94	0.390	0.414	543	567	-0.393122	0.089947	
A/duck/Guangdong/04.15_SZ	0.3407	0.2544	0.4523	0.2611	0.164	-0.094	0.370	50.37	0.385	0.412	543	567	-0.393827	0.089947	
A/duck/Guangdong/04.16_LG	0.3392	0.2639	0.4532	0.2549	0.171	-0.086	0.376	50.51	0.387	0.411	542	567	-0.422751	0.091711	
A/duck/Guangdong/04.16_SZ	0.3415	0.2550	0.4610	0.2507	0.161	-0.102	0.365	49.38	0.378	0.407	542	567	-0.414639	0.089947	
A/duck/Guangdong/04.16_SZ	0.3392	0.2639	0.4532	0.2549	0.171	-0.086	0.376	50.51	0.387	0.411	542	567	-0.422751	0.091711	
A/duck/Guangdong/04.16_SZ	0.3310	0.2671	0.4649	0.2478	0.165	-0.090	0.374	50.34	0.386	0.411	508	532	-0.467669	0.093985	
A/duck/Guangdong/04.16_SZ	0.3296	0.2633	0.4523	0.2639	0.164	-0.087	0.374	50.39	0.394	0.413	543	567	-0.404762	0.089947	
A/duck/Guangdong/04.22_DG	0.3319	0.2611	0.4660	0.2472	0.167	-0.086	0.375	49.69	0.382	0.412	542	567	-0.399295	0.089947	
A/duck/Guangdong/04.22_DG	0.3319	0.2611	0.4660	0.2472	0.167	-0.086	0.375	49.69	0.382	0.412	542	567	-0.399295	0.089947	
A/duck/Guangdong/04.22_DG	0.3296	0.2633	0.4559	0.2618	0.163	-0.090	0.372	50.02	0.392	0.412	543	567	-0.409524	0.089947	
A/duck/Guangdong/04.22_DG	0.3319	0.2611	0.4548	0.2611	0.163	-0.093	0.370	49.93	0.390	0.412	543	567	-0.404762	0.089947	
A/duck/Guangdong/04.22_DG	0.3319	0.2611	0.4548	0.2611	0.163	-0.093	0.370	49.93	0.390	0.412	543	567	-0.404762	0.089947	
A/duck/Guangdong/04.22_DG	0.3333	0.2644	0.4573	0.2535	0.159	-0.090	0.373	50.90	0.387	0.411	542	567	-0.413228	0.089947	
A/duck/Guangdong/04.22_DG	0.3296	0.2655	0.4635	0.2472	0.167	-0.088	0.373	49.51	0.386	0.413	542	567	-0.395062	0.089947	
A/duck/Guangdong/04.22_DG	0.3274	0.2677	0.4635	0.2472	0.168	-0.083	0.376	49.80	0.387	0.414	542	567	-0.399295	0.089947	
A/duck/Guangdong/04.22_DG	0.3333	0.2644	0.4598	0.2507	0.159	-0.090	0.373	50.95	0.386	0.411	542	567	-0.408818	0.089947	
A/duck/Guangdong/04.22_DG	0.3356	0.2622	0.4598	0.2507	0.159	-0.090	0.373	50.91	0.384	0.410	542	567	-0.408818	0.089947	
A/duck/Guangdong/04.23_DG	0.3356	0.2711	0.4484	0.2542	0.169	-0.075	0.382	49.91	0.393	0.411	542	567	-0.414815	0.089947	
A/duck/Guangdong/04.23_DG	0.3356	0.2711	0.4509	0.2514	0.169	-0.075	0.382	49.99	0.391	0.411	542	567	-0.410406	0.089947	
A/duck/Guangdong/04.23_DG	0.3208	0.2665	0.4690	0.2552	0.160	-0.095	0.371	49.77	0.391	0.412	509	532	-0.463158	0.093985	
A/duck/Guangdong/04.23_DG	0.3208	0.2665	0.4717	0.2522	0.160	-0.094	0.371	49.83	0.389	0.412	509	532	-0.464662	0.093985	
A/duck/Guangdong/04.23_DG	0.3296	0.2633	0.4548	0.2611	0.163	-0.090	0.372	49.99	0.392	0.412	543	567	-0.404762	0.089947	
A/duck/Guangdong/04.23_DG	0.3296	0.2633	0.4573	0.2583	0.164	-0.087	0.374	49.93	0.390	0.412	543	567	-0.404762	0.089947	
A/duck/Guangdong/04.23_DG	0.3296	0.2633	0.4573	0.2583	0.164	-0.087	0.374	49.93	0.390	0.412	543	567	-0.404762	0.089947	
A/duck/Guangdong/04.23_DG	0.3296	0.2633	0.4573	0.2583	0.164	-0.087	0.374	49.93	0.390	0.412	543	567	-0.404762	0.089947	
A/duck/Guangdong/04.23_DG	0.3296	0.2633	0.4573	0.2583	0.164	-0.087	0.374	49.93	0.390	0.412	543	567	-0.404762	0.089947	
A/duck/Guangdong/04.23_DG	0.3415	0.2639	0.4495	0.2542	0.172	-0.079	0.380	51.10	0.387	0.411	542	567	-0.403351	0.091711	
A/duck/Guangdong/04.23_DG	0.3392	0.2533	0.4561	0.2576	0.161	-0.110	0.360	50.31	0.382	0.411	544	567	-0.390653	0.089947	
A/duck/Guangdong/04.23_DG	0.3296	0.2633	0.4573	0.2583	0.164	-0.087	0.374	49.93	0.390	0.412	543	567	-0.404762	0.089947	
A/duck/Guangdong/04.23_DG	0.3392	0.2533	0.4586	0.2548	0.160	-0.110	0.360	50.27	0.381	0.410	544	567	-0.390653	0.089947	
A/duck/Guangdong/04.23_DG	0.3392	0.2533	0.4536	0.2604	0.161	-0.107	0.362	50.31	0.384	0.412	544	567	-0.390653	0.089947	
A/duck/Guangdong/04.23_DG	0.3392	0.2639	0.4495	0.2570	0.172	-0.078	0.380	50.52	0.389	0.412	542	567	-0.409877	0.091711	
A/duck/Guangdong/04.23_DG	0.3370	0.2661	0.4495	0.2570	0.172	-0.075	0.382	50.55	0.391	0.412	542	567	-0.409877	0.091711	
A/duck/Guangdong/04.23_DG	0.3392	0.2639	0.4495	0.2570	0.172	-0.078	0.380	50.52	0.389	0.412	542	567	-0.409877	0.091711	
A/duck/Guangdong/04.23_DG	0.3348	0.2683	0.4495	0.2570	0.174	-0.072	0.384	50.60	0.393	0.413	542	567	-0.409877	0.091711	
A/duck/Guangdong/04.23_DG	0.3392	0.2639	0.4495	0.2570	0.172	-0.078	0.380	50.52	0.389	0.412	542	567	-0.409877	0.091711	
A/duck/Guangdong/04.23_DG	0.3274	0.2655	0.4573	0.2583	0.164	-0.087	0.374	49.95	0.392	0.412	543	567	-0.404762	0.089947	
A/duck/Guangdong/04.23_DG	0.3356	0.2711	0.4509	0.2514	0.169	-0.075	0.382	49.99	0.391	0.411	542	567	-0.410406	0.089947	
A/duck/Guangdong/04.23_DG	0.3392	0.2639	0.4520	0.2542	0.171	-0.084	0.376	50.53	0.387	0.411	542	567	-0.409877	0.091711	
A/duck/Guangdong/04.23_DG	0.3437	0.2528	0.4635	0.2479	0.159	-0.107	0.362	49.44	0.375	0.406	542	567	-0.416049	0.089947	
A/duck/Guangdong/04.23_DG	0.3296	0.2633	0.4573	0.2583	0.164	-0.087	0.374	49.93	0.390	0.412	543	567	-0.404762	0.089947	
A/duck/Guangdong/04.23_DG	0.3392	0.2639	0.4520	0.2542	0.171	-0.084	0.376	50.53	0.387	0.411	542	567	-0.409877	0.091711	
A/duck/Guangdong/04.23_DG	0.3296	0.2633	0.4573	0.2583	0.164	-0.087	0.374	49.93	0.390	0.412	543	567	-0.404762	0.089947	
A/duck/Guangdong/04.23_DG	0.3270	0.2749	0.4649	0.2448	0.165	-0.081	0.380	49.78	0.390	0.411	508	532	-0.470677	0.093985	
A/duck/Guangdong/04.23_DG	0.3356	0.2711	0.4509	0.2514	0.169	-0.075	0.382	49.99	0.391	0.411	542	567	-0.410406	0.089947	
A/duck/Guangdong/04.23_DG	0.3392	0.2639	0.4470	0.2598	0.172	-0.078	0.380	50.96	0.391	0.412	542	567	-0.409877	0.091711	
A/duck/Guangdong/04.23_DG	0.3356	0.2711	0.4509	0.2514	0.169	-0.075	0.382	49.99	0.391	0.411	542	567	-0.410406	0.089947	
A/duck/Guangdong/04.23_DG	0.3356	0.2711	0.4509	0.2514	0.169	-0.075	0.382	49.99	0.391	0.411	542	567	-0.410406	0.089947	
A/duck/Guangdong/04.23_DG	0.3252	0.2677	0.4561	0.2576	0.165	-0.080	0.378	49.70	0.394	0.413	543	567	-0.400000	0.089947	
A/duck/Guangdong/04.23_DG	0.3160	0.2712	0.4717	0.2522	0.161	-0.087	0.375	49.73	0.393	0.412	509	532	-0.464662	0.093985	
A/duck/Guangdong/04.23_DG	0.3392	0.2533	0.4561	0.2576	0.161	-0.110	0.360	50.31	0.382	0.411	544	567	-0.390653	0.089947	
A/duck/Guangdong/04.23_DG	0.3392	0.2533	0.4561	0.2576	0.161	-0.110	0.360	50.31	0.382	0.411	544	567	-0.390653	0.089947	
A/duck/Guangdong/04.23_DG	0.3392	0.2533	0.4561	0.2576	0.161	-0.110	0.360	50.31	0.382	0.411	544	567	-0.390653	0.089947	
A/duck/Guangdong/04.23_DG	0.3370	0.2555	0.4561	0.2576	0.161	-0.107	0.362	50.20	0.384	0.412	544	567	-0.390653	0.089947	
A/duck/Guangdong/04.23_DG	0.3370	0.2555	0.4561	0.2576	0.161	-0.107	0.362	50.20	0.384	0.412	544	567	-0.390653	0.089947	
A/duck/Guangdong/04.23_DG	0.3392	0.2533	0.4561	0.2576	0.161	-0.110	0.360	50.31	0.382	0.411	544	567	-0.390653	0.089947	
A/duck/Guangdong/04.23_DG	0.3392	0.2533	0.4561	0.2576	0.161	-0.110	0.360	50.31	0.382	0.411	544	567	-0.390653	0.089947	
A/duck/Guangdong/04.23_DG	0.3310	0.2559	0.4704	0.2515	0.157	-0.118	0.357	50.26	0.380	0.411	510	532	-0.449624	0.093985	
A/duck/Guangdong/04.23_DG	0.3267	0.2671	0.4472	0.2667	0.161	-0.099	0.366	49.90	0.400	0.417	543	567	-0.394885	0.089947	
A/duck/Guangdong/11.18_SZ	0.3237	0.2723	0.4534	0.2646	0.168	-0.084	0.378	49.51	0.400	0.414	542	567	-0.419753	0.089947	
A/duck/Guangdong/11.18_SZ	0.3237	0.2723	0.4534	0.2646	0.168	-0.084	0.378	49.51	0.400	0.414	542	567	-0.419753	0.089947	
A/duck/Guangdong/11.18_SZ	0.3237	0.2723	0.4534	0.2646	0.168	-0.084	0.378	49.54	0.400	0.414	542	567	-0.419753	0.089947	
A/duck/Guangdong/KGZ15783	0.3215	0.2749	0.4361	0.2837	0.174	-0.062	0.390	50.11	0.414	0.419	544	567	-0.364903	0.089947	
A/duck/Guangdong/KGZ16007	0.3060	0.2927	0.4411	0.2753	0.176	-0.045	0.399	50.06	0.423	0.423	544	567	-0.371429	0.089947	
A/duck/Guangdong/KGZ16008	0.3060	0.2927	0.4411	0.2753	0.176	-0.045	0.399	50.06	0.423	0.423	544	567	-0.371429	0.089947	
A/duck/Guangdong/KGZ16009	0.3060	0.2927	0.4411	0.2753	0.176	-0.045	0.399	50.06	0.423	0.423	544	567	-0.371429	0.089947	
A/duck/Guangdong/KGZ16012	0.3060	0.2927	0.4411	0.2753	0.176	-0.045	0.399	50.06	0.423	0.423	544	567	-0.371429	0.089947	
A/duck/Guangdong/KGZ16015	0.3207	0.2851	0.4369	0.2732	0.175	-0.056	0.393	50.65	0.415	0.419	542	567	-0.379012	0.089947	
A/Duck/Guangdong/PO172812	0.3326	0.2639	0.4550	0.2548	0.165	-0.097	0.370	50.68	0.389	0.413	543	566	-0.405830	0.090106	
A/Duck/Guangdong/PO172813	0.3341	0.2611	0.4500	0.2604	0.162	-0.106	0.365	51.41	0.390	0.413	543	566	-0.406890	0.090106	
A/Duck/Guangdong/PO172842	0.3281	0.2701	0.4523	0.2611	0.168	-0.073	0.384	49.86	0.397	0.413	542	566	-0.433039	0.090106	
A/Duck/Guangdong/PO170726	0.3385	0.2566	0.4500	0.2611	0.163	-0.109	0.363	50.53	0.387	0.410	543	566	-0.398233	0.090106	
A/Duck/Guangdong/PY501/20	0.3289	0.2667	0.4575	0.2633	0.169	-0.073	0.383	50.72	0.393	0.409	545	567	-0.373721	0.089947	
A/Duck/Guangdong/PY503/20	0.3267	0.2711	0.4550	0.2633	0.172	-0.066	0.387	50.81	0.396	0.410	545	567	-0.373721	0.089947	
A/duck/Guangdong/S1269/20	0.3193	0.2749	0.4361	0.2865	0.172	-0.067	0.386	50.76	0.415	0.421	544	567	-0.371429	0.089947	
A/duck/Guangdong/S1330/20	0.3229	0.2739	0.4520	0.2626	0.165	-0.087	0.375	49.38	0.401	0.415	541	566	-0.407244	0.090106	
A/duck/Guangdong/S4518/20	0.3244	0.2711	0.4332	0.2893	0.172	-0.077	0.381	50.24	0.414	0.419	543	567	-0.394356	0.089947	
A/duck/Guangdong/S4525/20	0.3244	0.2711	0.4307	0.2921	0.171	-0.080	0.379	50.30	0.416	0.420	543	567	-0.394356	0.089947	
A/duck/Guangdong/S4879/20	0.3142	0.2788	0.4425	0.2781	0.173	-0.053	0.393	49.95	0.414	0.420	544	567	-0.354321	0.088183	
A/duck/Guangdong/s14044/2	0.3274	0.2673	0.4525	0.2674	0.167	-0.092	0.371	50.91	0.397	0.413	544	567	-0.383774	0.089947	
A/duck/Guangdong/SE195/20	0.3164	0.2765	0.4400	0.2801	0.172	-0.060	0.390	49.76	0.414	0.420	544	567	-0.363492	0.088183	
A/Duck/Guangdong/SS1A1/20	0.3244	0.2756	0.4500	0.2654	0.172	-0.056	0.393	51.20	0.402	0.413	545	567	-0.369841	0.089947	
A/duck/Guangdong/wy11/200	0.3266	0.2774	0.4586	0.2577	0.182	-0.054	0.396	49.85	0.396	0.412	545	567	-0.410406	0.093474	
A/duck/Guangdong/wy19/200	0.3244	0.2774	0.4600	0.2570	0.179	-0.056	0.394	49.98	0.396	0.412	545	567	-0.399118	0.091711	
A/duck/Guangdong/wy24/200	0.3289	0.2756	0.4648	0.2465	0.171	-0.088	0.376	50.26	0.389	0.410	545	568	-0.425880	0.091549	
A/Duck/Guangdong/Yangjian	0.3348	0.2594	0.4500	0.2639	0.163	-0.110	0.363	50.48	0.390	0.411	543	566	-0.397350	0.090106	
A/duck/Guangxi/12.25_GLGX	0.3356	0.2644	0.4408	0.2709	0.167	-0.090	0.373	50.72	0.399	0.414	542	567	-0.392240	0.089947	
A/duck/Guangxi/S10099/202	0.3156	0.2822	0.4361	0.2817	0.171	-0.060	0.390	50.57	0.418	0.420	543	567	-0.354145	0.089947	
A/duck/Guangxi/S10263/202	0.3156	0.2844	0.4336	0.2801	0.173	-0.057	0.392	50.64	0.420	0.422	543	567	-0.370547	0.089947	
A/duck/Guangxi/S11043/202	0.3178	0.2822	0.4347	0.2809	0.174	-0.057	0.392	50.47	0.418	0.421	543	567	-0.376014	0.089947	
A/duck/Guangxi/S21194/202	0.3156	0.2844	0.4322	0.2837	0.170	-0.062	0.389	50.61	0.422	0.422	543	567	-0.368078	0.089947	
A/duck/Guangxi/S31116/202	0.3111	0.2911	0.4372	0.2753	0.174	-0.047	0.398	50.33	0.422	0.422	543	567	-0.376014	0.089947	
A/duck/Guangzhou/018/2014	0.3348	0.2616	0.4523	0.2583	0.164	-0.093	0.371	50.40	0.389	0.413	542	567	-0.404233	0.089947	
A/duck/Guangzhou/021/2014	0.3348	0.2616	0.4523	0.2583	0.164	-0.093	0.371	50.40	0.389	0.413	542	567	-0.404233	0.089947	
A/duck/Guizhou/7.27_ZYLJJ	0.3230	0.2721	0.4500	0.2611	0.165	-0.094	0.372	50.25	0.400	0.415	543	566	-0.402650	0.090106	
A/duck/Guizhou/8.26_ZYLJJ	0.3282	0.2705	0.4464	0.2604	0.169	-0.087	0.376	50.76	0.398	0.415	543	566	-0.388869	0.090106	
A/duck/Guizhou/8.26_ZYLJJ	0.3208	0.2765	0.4439	0.2632	0.168	-0.083	0.378	50.58	0.405	0.418	543	566	-0.389223	0.090106	
A/duck/Guizhou/S1321/2022	0.3111	0.2867	0.4397	0.2773	0.172	-0.059	0.390	49.95	0.420	0.422	543	567	-0.372311	0.089947	
A/duck/Guizhou/S1711/2024	0.3185	0.2762	0.4497	0.2709	0.173	-0.071	0.385	48.98	0.407	0.418	543	567	-0.400529	0.091711	
A/duck/Guizhou/S4702/2021	0.3185	0.2851	0.4397	0.2717	0.172	-0.064	0.389	50.34	0.414	0.420	543	567	-0.374780	0.089947	
A/duck/Hainan/12.29_HKPL0	0.3296	0.2655	0.4514	0.2604	0.167	-0.091	0.373	50.86	0.393	0.413	544	568	-0.390317	0.089789	
A/duck/Hebei/3/2011|EPI_I	0.3222	0.2756	0.4450	0.2694	0.171	-0.080	0.379	51.89	0.406	0.418	544	567	-0.387302	0.089947	
A/duck/Hebei/S1070/2021|E	0.3140	0.2851	0.4322	0.2865	0.177	-0.047	0.398	50.49	0.424	0.422	543	567	-0.378307	0.091711	
A/duck/Henan/01.01_LYGL00	0.3281	0.2634	0.4571	0.2682	0.166	-0.095	0.371	49.19	0.395	0.412	542	566	-0.426325	0.090106	
A/duck/Henan/S1381/2021|E	0.3156	0.2844	0.4347	0.2817	0.175	-0.054	0.394	50.34	0.420	0.420	543	567	-0.375309	0.089947	
A/duck/Hsinchu/15020216/2	0.3164	0.2788	0.4486	0.2689	0.169	-0.087	0.375	50.21	0.408	0.416	544	567	-0.366843	0.089947	
A/duck/Hubei/03.06__WHWTZ	0.3221	0.2796	0.4633	0.2614	0.172	-0.106	0.368	50.32	0.399	0.406	544	567	-0.417460	0.093474	
A/duck/Hubei/03.06__WHWTZ	0.3274	0.2673	0.4511	0.2761	0.168	-0.080	0.380	50.71	0.400	0.410	545	567	-0.376896	0.089947	
A/duck/Hubei/03.06__WHWTZ	0.3274	0.2673	0.4511	0.2761	0.168	-0.080	0.380	50.71	0.400	0.410	545	567	-0.376896	0.089947	
A/duck/Hubei/03.06__WHWTZ	0.3274	0.2673	0.4511	0.2761	0.168	-0.080	0.380	50.71	0.400	0.410	545	567	-0.376896	0.089947	
A/duck/Hubei/03.06__WHWTZ	0.3274	0.2673	0.4511	0.2761	0.168	-0.081	0.380	50.65	0.400	0.411	545	567	-0.385009	0.089947	
A/duck/Hubei/03.06__WHWTZ	0.3274	0.2673	0.4511	0.2761	0.168	-0.080	0.380	50.71	0.400	0.410	545	567	-0.376896	0.089947	
A/duck/Hubei/03.06__WHWTZ	0.3221	0.2796	0.4633	0.2614	0.171	-0.105	0.368	50.65	0.399	0.405	544	567	-0.424691	0.093474	
A/duck/HuBei/03.06__WHWTZ	0.3274	0.2673	0.4511	0.2761	0.168	-0.080	0.380	50.71	0.400	0.410	545	567	-0.376896	0.089947	
A/duck/Hubei/03.06_WHWTZ0	0.3274	0.2673	0.4511	0.2761	0.168	-0.080	0.380	50.71	0.400	0.410	545	567	-0.376896	0.089947	
A/duck/Hubei/03.06_WHWTZ0	0.3274	0.2673	0.4511	0.2761	0.168	-0.080	0.380	50.71	0.400	0.410	545	567	-0.376896	0.089947	
A/duck/Hubei/46/2009|EPI_	0.3244	0.2774	0.4527	0.2562	0.173	-0.087	0.377	50.10	0.399	0.414	544	568	-0.429401	0.091549	
A/duck/Hubei/2911/2007|EP	0.3222	0.2822	0.4433	0.2697	0.177	-0.063	0.392	49.49	0.410	0.417	544	567	-0.395944	0.091711	
A/duck/Hubei/S4465/2021(H	0.3229	0.2784	0.4447	0.2704	0.168	-0.074	0.383	51.13	0.407	0.415	543	567	-0.378836	0.089947	
A/duck/Hubei/SE128/2022(H	0.3229	0.2784	0.4411	0.2725	0.169	-0.071	0.385	50.88	0.409	0.416	543	567	-0.373369	0.089947	
A/duck/Hubei/SE220/2022(H	0.3311	0.2644	0.4307	0.2921	0.170	-0.083	0.378	50.79	0.411	0.417	543	567	-0.394356	0.089947	
A/duck/Hubei/SZY250/2016|	0.2980	0.2980	0.4548	0.2633	0.177	-0.038	0.404	50.99	0.420	0.419	545	567	-0.400529	0.091711	
A/duck/Hubei/xn/2007|EPI_	0.3125	0.2857	0.4682	0.2585	0.174	-0.084	0.379	49.32	0.403	0.410	543	567	-0.439506	0.093474	
A/duck/Hunan/1.12_YYGK68H	0.3304	0.2661	0.4475	0.2632	0.165	-0.096	0.370	50.92	0.396	0.414	543	566	-0.401590	0.090106	
A/duck/Hunan/1.12_YYGK72H	0.3304	0.2661	0.4475	0.2632	0.166	-0.096	0.370	50.86	0.396	0.415	543	566	-0.397173	0.090106	
A/duck/Hunan/1.12_YYGK74H	0.3392	0.2572	0.4450	0.2667	0.165	-0.106	0.365	50.48	0.390	0.410	543	566	-0.398057	0.090106	
A/duck/Hunan/01.12_YYGK82	0.3392	0.2572	0.4450	0.2667	0.165	-0.106	0.365	50.48	0.390	0.410	543	566	-0.398057	0.090106	
A/duck/Hunan/01.16_YYFQH1	0.3289	0.2689	0.4550	0.2633	0.171	-0.069	0.385	50.77	0.394	0.410	545	567	-0.373721	0.089947	
A/duck/Hunan/01.16_YYFQH1	0.3289	0.2689	0.4525	0.2661	0.171	-0.069	0.385	50.63	0.396	0.410	545	567	-0.373721	0.089947	
A/duck/Hunan/01.16_YYFQH2	0.3267	0.2711	0.4550	0.2633	0.170	-0.069	0.385	50.68	0.396	0.410	545	567	-0.373721	0.089947	
A/duck/Hunan/01.16_YYFQH3	0.3267	0.2711	0.4550	0.2633	0.170	-0.069	0.385	50.68	0.396	0.410	545	567	-0.373721	0.089947	
A/duck/Hunan/01.16_YYFQH3	0.3267	0.2711	0.4550	0.2633	0.170	-0.069	0.385	50.68	0.396	0.410	545	567	-0.373721	0.089947	
A/duck/Hunan/01.16_YYFQH3	0.3267	0.2711	0.4550	0.2633	0.170	-0.069	0.385	50.68	0.396	0.410	545	567	-0.373721	0.089947	
A/duck/Hunan/01.16_YYFQH3	0.3289	0.2689	0.4550	0.2633	0.170	-0.069	0.385	50.65	0.394	0.409	545	567	-0.373721	0.089947	
A/duck/Hunan/01.16_YYFQH3	0.3267	0.2711	0.4550	0.2633	0.170	-0.069	0.385	50.68	0.396	0.410	545	567	-0.373721	0.089947	
A/duck/Hunan/01.16_YYFQH3	0.3267	0.2711	0.4550	0.2633	0.170	-0.069	0.385	50.68	0.396	0.410	545	567	-0.373721	0.089947	
A/duck/Hunan/01.16_YYFQH3	0.3267	0.2711	0.4550	0.2633	0.170	-0.069	0.385	50.68	0.396	0.410	545	567	-0.373721	0.089947	
A/duck/Hunan/01.16_YYGK21	0.3267	0.2711	0.4550	0.2633	0.170	-0.069	0.385	50.68	0.396	0.410	545	567	-0.373721	0.089947	
A/duck/Hunan/1.17_YYGKK80	0.3363	0.2611	0.4484	0.2633	0.162	-0.090	0.373	50.57	0.391	0.412	542	566	-0.410777	0.090106	
A/duck/Hunan/01.21_YYFQH0	0.3274	0.2673	0.4486	0.2781	0.168	-0.076	0.382	51.83	0.402	0.412	545	567	-0.377425	0.089947	
A/duck/Hunan/01.21_YYFQH0	0.3229	0.2739	0.4575	0.2618	0.175	-0.054	0.394	50.86	0.398	0.412	545	567	-0.377249	0.091711	
A/duck/Hunan/01.21_YYFQH0	0.3274	0.2673	0.4486	0.2781	0.168	-0.076	0.382	51.81	0.402	0.412	545	567	-0.370194	0.089947	
A/duck/Hunan/01.21_YYFQH0	0.3296	0.2606	0.4600	0.2674	0.169	-0.082	0.378	49.90	0.391	0.409	545	567	-0.378131	0.089947	
A/duck/Hunan/01.21_YYFQH0	0.3274	0.2673	0.4486	0.2781	0.168	-0.076	0.382	51.83	0.402	0.412	545	567	-0.377425	0.089947	
A/duck/Hunan/2.06_YYGK77J	0.3356	0.2622	0.4489	0.2632	0.164	-0.118	0.358	49.76	0.392	0.410	544	566	-0.406537	0.090106	
A/duck/Hunan/2.06_YYGK78J	0.3356	0.2622	0.4464	0.2632	0.167	-0.104	0.366	50.59	0.392	0.413	543	566	-0.390813	0.090106	
A/duck/Hunan/2.06_YYGK84J	0.3356	0.2622	0.4489	0.2632	0.164	-0.118	0.358	49.76	0.392	0.410	544	566	-0.406537	0.090106	
A/duck/Hunan/2.06_YYGK92J	0.3356	0.2622	0.4489	0.2632	0.164	-0.118	0.358	49.76	0.392	0.410	544	566	-0.406537	0.090106	
A/duck/Hunan/02.07__YYFQH	0.3274	0.2628	0.4600	0.2674	0.169	-0.082	0.378	49.93	0.393	0.409	545	567	-0.378131	0.089947	
A/duck/Hunan/02.07__YYFQH	0.3252	0.2650	0.4625	0.2646	0.170	-0.076	0.382	49.92	0.393	0.409	545	567	-0.378131	0.089947	
A/duck/Hunan/02.07_YYFQH0	0.3229	0.2739	0.4575	0.2618	0.175	-0.054	0.394	50.86	0.398	0.412	545	567	-0.377249	0.091711	
A/duck/Hunan/02.07_YYFQH0	0.3274	0.2628	0.4600	0.2674	0.169	-0.082	0.378	49.93	0.393	0.409	545	567	-0.378131	0.089947	
A/duck/Hunan/02.07_YYFQH0	0.3229	0.2739	0.4575	0.2618	0.175	-0.054	0.394	50.86	0.398	0.412	545	567	-0.377249	0.091711	
A/duck/Hunan/02.16_YYGK28	0.3267	0.2711	0.4550	0.2633	0.170	-0.069	0.385	50.68	0.396	0.410	545	567	-0.373721	0.089947	
A/duck/Hunan/02.26__YYFQH	0.3267	0.2711	0.4550	0.2633	0.170	-0.069	0.385	50.68	0.396	0.410	545	567	-0.373721	0.089947	
A/duck/Hunan/02.26__YYFQH	0.3267	0.2711	0.4550	0.2633	0.170	-0.069	0.385	50.68	0.396	0.410	545	567	-0.373721	0.089947	
A/duck/Hunan/02.26__YYGK2	0.3267	0.2711	0.4550	0.2633	0.170	-0.071	0.385	50.66	0.396	0.410	545	567	-0.381834	0.089947	
A/duck/Hunan/02.26__YYGK0	0.3267	0.2711	0.4550	0.2633	0.170	-0.069	0.385	50.68	0.396	0.410	545	567	-0.373721	0.089947	
A/duck/Hunan/02.26_YYFQH2	0.3289	0.2689	0.4550	0.2633	0.171	-0.069	0.385	50.77	0.394	0.410	545	567	-0.373721	0.089947	
A/duck/Hunan/02.26_YYFQH2	0.3267	0.2711	0.4550	0.2633	0.170	-0.069	0.385	50.68	0.396	0.410	545	567	-0.373721	0.089947	
A/duck/Hunan/02.26_YYFQH3	0.3267	0.2711	0.4550	0.2633	0.170	-0.069	0.385	50.68	0.396	0.410	545	567	-0.373721	0.089947	
A/duck/Hunan/02.26_YYFQHY	0.3318	0.2584	0.4600	0.2674	0.169	-0.085	0.376	49.86	0.389	0.407	545	567	-0.385362	0.089947	
A/duck/Hunan/02.26_YYGK25	0.3289	0.2689	0.4600	0.2577	0.171	-0.073	0.383	50.39	0.391	0.409	545	567	-0.373721	0.089947	
A/duck/Hunan/02.26_YYGK25	0.3267	0.2711	0.4550	0.2633	0.170	-0.069	0.385	50.68	0.396	0.410	545	567	-0.373721	0.089947	
A/duck/Hunan/02.26_YYGK26	0.3289	0.2689	0.4600	0.2577	0.171	-0.073	0.383	50.39	0.391	0.409	545	567	-0.373721	0.089947	
A/duck/Hunan/02.26_YYGK26	0.3289	0.2689	0.4600	0.2577	0.171	-0.073	0.383	50.39	0.391	0.409	545	567	-0.373721	0.089947	
A/duck/Hunan/02.26_YYGK27	0.3289	0.2689	0.4600	0.2577	0.171	-0.073	0.383	50.39	0.391	0.409	545	567	-0.373721	0.089947	
A/duck/Hunan/02.26_YYGK27	0.3289	0.2689	0.4600	0.2577	0.171	-0.073	0.383	50.39	0.391	0.409	545	567	-0.373721	0.089947	
A/duck/Hunan/02.26_YYGKY2	0.3267	0.2711	0.4550	0.2633	0.170	-0.069	0.385	50.68	0.396	0.410	545	567	-0.373721	0.089947	
A/duck/Hunan/02.26_YYGQH2	0.3267	0.2711	0.4550	0.2633	0.170	-0.069	0.385	50.68	0.396	0.410	545	567	-0.373721	0.089947	
A/duck/Hunan/03.07_YYGK1L	0.3103	0.2946	0.4633	0.2593	0.174	-0.065	0.391	48.35	0.409	0.409	545	567	-0.422751	0.093474	
A/duck/Hunan/03.07_YYGK4L	0.3259	0.2790	0.4559	0.2514	0.166	-0.077	0.380	51.13	0.397	0.413	542	567	-0.402645	0.089947	
A/duck/Hunan/03.07_YYGK25	0.3356	0.2622	0.4489	0.2632	0.164	-0.118	0.358	49.75	0.392	0.410	544	566	-0.411131	0.090106	
A/duck/Hunan/03.07_YYGK31	0.3319	0.2655	0.4539	0.2563	0.162	-0.101	0.368	48.97	0.390	0.411	544	566	-0.395936	0.090106	
A/duck/Hunan/03.09_YYFQH0	0.3274	0.2673	0.4550	0.2682	0.171	-0.067	0.387	51.12	0.396	0.410	545	567	-0.373192	0.089947	
A/duck/Hunan/03.09_YYFQH0	0.3363	0.2606	0.4447	0.2659	0.166	-0.085	0.375	50.76	0.394	0.414	541	567	-0.416578	0.089947	
A/duck/Hunan/03.09_YYFQH0	0.3289	0.2711	0.4383	0.2745	0.170	-0.077	0.380	51.47	0.406	0.416	542	567	-0.391711	0.089947	
A/duck/Hunan/03.24_YYGK18	0.3467	0.2533	0.4621	0.2465	0.162	-0.113	0.360	48.95	0.373	0.406	541	566	-0.413604	0.090106	
A/duck/Hunan/03.24_YYGK21	0.3467	0.2533	0.4621	0.2465	0.162	-0.113	0.360	48.95	0.373	0.406	541	566	-0.413604	0.090106	
A/duck/Hunan/03.24_YYGK17	0.3467	0.2533	0.4621	0.2465	0.162	-0.113	0.360	48.95	0.373	0.406	541	566	-0.413604	0.090106	
A/duck/Hunan/03.24_YYGK17	0.3444	0.2556	0.4621	0.2465	0.162	-0.116	0.359	49.00	0.375	0.406	541	566	-0.413604	0.090106	
A/duck/Hunan/04.14_YYGK06	0.3267	0.2644	0.4536	0.2761	0.164	-0.089	0.374	50.42	0.398	0.409	545	567	-0.378660	0.089947	
A/duck/Hunan/04.14_YYGK04	0.3326	0.2634	0.4586	0.2633	0.171	-0.068	0.386	50.12	0.390	0.408	544	567	-0.368607	0.089947	
A/duck/Hunan/04.14_YYGK45	0.3296	0.2650	0.4511	0.2768	0.166	-0.090	0.374	50.21	0.398	0.409	545	567	-0.376367	0.089947	
A/duck/Hunan/04.14_YYGK46	0.3274	0.2673	0.4536	0.2732	0.167	-0.083	0.378	50.22	0.398	0.410	545	567	-0.376896	0.089947	
A/duck/Hunan/04.14_YYGK46	0.3267	0.2644	0.4536	0.2761	0.164	-0.089	0.374	50.42	0.398	0.409	545	567	-0.378660	0.089947	
A/duck/Hunan/04.14_YYGK46	0.3267	0.2644	0.4536	0.2761	0.164	-0.089	0.374	50.42	0.398	0.409	545	567	-0.378660	0.089947	
A/duck/Hunan/04.14_YYGK47	0.3267	0.2644	0.4536	0.2761	0.164	-0.089	0.374	50.42	0.398	0.409	545	567	-0.378660	0.089947	
A/duck/Hunan/04.14_YYGK08	0.3252	0.2695	0.4511	0.2768	0.167	-0.083	0.378	50.27	0.402	0.410	545	567	-0.376367	0.089947	
A/duck/Hunan/04.14_YYXS87	0.3252	0.2695	0.4511	0.2768	0.167	-0.083	0.378	50.27	0.402	0.410	545	567	-0.376367	0.089947	
A/duck/Hunan/04.22_LDDX03	0.3282	0.2683	0.4561	0.2548	0.167	-0.077	0.379	49.99	0.392	0.413	543	567	-0.398236	0.089947	
A/duck/Hunan/7.21_YYGK41Y	0.3259	0.2683	0.4484	0.2674	0.167	-0.073	0.382	50.76	0.400	0.414	542	567	-0.408818	0.089947	
A/duck/Hunan/11.30_YYGK59	0.3363	0.2628	0.4559	0.2563	0.169	-0.073	0.384	50.47	0.387	0.410	542	566	-0.433746	0.090106	
A/duck/Hunan/11.30_YYGK62	0.3392	0.2572	0.4475	0.2639	0.164	-0.110	0.363	50.50	0.389	0.410	543	566	-0.397350	0.090106	
A/duck/Hunan/11.30_YYGK63	0.3392	0.2572	0.4475	0.2639	0.164	-0.110	0.363	50.50	0.389	0.410	543	566	-0.397350	0.090106	
A/duck/Hunan/11.30_YYGK74	0.3207	0.2829	0.4361	0.2765	0.179	-0.058	0.392	50.00	0.415	0.417	544	567	-0.385714	0.089947	
A/duck/Hunan/11.30_YYGK75	0.3207	0.2829	0.4361	0.2765	0.179	-0.058	0.392	50.00	0.415	0.417	544	567	-0.385714	0.089947	
A/duck/Hunan/12.07__YYGK4	0.3207	0.2873	0.4506	0.2678	0.175	-0.071	0.387	49.55	0.409	0.411	545	567	-0.434392	0.093474	
A/duck/Hunan/12.07__YYGK9	0.3140	0.2895	0.4444	0.2792	0.174	-0.085	0.380	50.26	0.418	0.415	545	567	-0.431393	0.093474	
A/duck/Hunan/12.07__YYGK1	0.3356	0.2622	0.4534	0.2591	0.166	-0.087	0.375	50.42	0.389	0.412	542	567	-0.404056	0.089947	
A/duck/Hunan/12.07__YYGK1	0.3348	0.2594	0.4534	0.2618	0.163	-0.089	0.373	50.79	0.389	0.413	542	567	-0.404409	0.089947	
A/duck/Hunan/12.07__YYGK1	0.3296	0.2695	0.4586	0.2612	0.172	-0.074	0.383	51.09	0.393	0.407	545	567	-0.374427	0.091711	
A/duck/Hunan/12.07_YGK098	0.3333	0.2644	0.4534	0.2598	0.166	-0.083	0.376	50.38	0.391	0.411	542	567	-0.395591	0.089947	
A/duck/Hunan/12.07_YYGK00	0.3140	0.2873	0.4470	0.2792	0.173	-0.085	0.380	50.27	0.417	0.414	545	567	-0.431393	0.093474	
A/duck/Hunan/12.07_YYGK03	0.3289	0.2689	0.4525	0.2661	0.170	-0.066	0.387	51.01	0.396	0.410	545	567	-0.373721	0.089947	
A/duck/Hunan/12.07_YYGK68	0.3333	0.2644	0.4550	0.2626	0.171	-0.072	0.383	50.77	0.391	0.409	545	567	-0.374250	0.089947	
A/duck/Hunan/12.07_YYGK10	0.3207	0.2873	0.4506	0.2678	0.175	-0.069	0.389	49.84	0.409	0.410	545	567	-0.435979	0.093474	
A/duck/Hunan/12.07_YYGK10	0.3348	0.2616	0.4534	0.2591	0.164	-0.089	0.373	50.19	0.389	0.413	542	567	-0.404409	0.089947	
A/duck/Hunan/12.07_YYGK11	0.3348	0.2594	0.4534	0.2618	0.163	-0.089	0.373	50.79	0.389	0.413	542	567	-0.404409	0.089947	
A/duck/Hunan/12.17__YYFQH	0.3311	0.2644	0.4497	0.2646	0.164	-0.093	0.371	49.94	0.395	0.413	542	567	-0.409171	0.089947	
A/duck/Hunan/12.17__YYFQH	0.3311	0.2644	0.4497	0.2646	0.164	-0.093	0.371	49.94	0.395	0.413	542	567	-0.409171	0.089947	
A/duck/Hunan/12.17__YYGK0	0.3274	0.2695	0.4536	0.2697	0.170	-0.071	0.385	50.79	0.398	0.410	545	567	-0.380953	0.089947	
A/duck/Hunan/12.17_YYGK01	0.3289	0.2733	0.4408	0.2682	0.168	-0.087	0.375	51.14	0.404	0.416	542	567	-0.392240	0.089947	
A/duck/Hunan/12.17_YYGK04	0.3289	0.2733	0.4408	0.2682	0.168	-0.087	0.375	51.14	0.404	0.416	542	567	-0.392240	0.089947	
A/duck/Hunan/12.17_YYGK05	0.3252	0.2762	0.4444	0.2661	0.168	-0.086	0.375	51.02	0.405	0.416	541	567	-0.396296	0.089947	
A/duck/Hunan/12.17_YYGK00	0.3274	0.2628	0.4600	0.2674	0.170	-0.082	0.378	49.91	0.393	0.410	545	567	-0.378131	0.089947	
A/duck/Hunan/12.17_YYGK00	0.3289	0.2733	0.4408	0.2682	0.168	-0.087	0.375	51.14	0.404	0.416	542	567	-0.392240	0.089947	
A/duck/Hunan/12.17_YYGK00	0.3311	0.2644	0.4497	0.2646	0.164	-0.093	0.371	49.94	0.395	0.413	542	567	-0.409171	0.089947	
A/duck/Hunan/12.17_YYGK07	0.3326	0.2634	0.4586	0.2633	0.171	-0.068	0.386	50.12	0.390	0.408	544	567	-0.368607	0.089947	
A/duck/Hunan/12.17_YYGK08	0.3289	0.2711	0.4433	0.2682	0.169	-0.080	0.378	50.84	0.402	0.416	542	567	-0.392240	0.089947	
A/duck/Hunan/12.27_YYGK60	0.3304	0.2639	0.4573	0.2583	0.165	-0.093	0.370	49.72	0.390	0.410	543	567	-0.395062	0.089947	
A/duck/Hunan/12.27_YYGK71	0.3363	0.2611	0.4484	0.2633	0.162	-0.090	0.373	50.57	0.391	0.412	542	566	-0.410777	0.090106	
A/duck/Hunan/12.27_YYGK73	0.3282	0.2661	0.4548	0.2611	0.165	-0.090	0.372	49.93	0.394	0.412	543	567	-0.395062	0.089947	
A/duck/Hunan/12.27_YYGK81	0.3363	0.2611	0.4484	0.2640	0.162	-0.090	0.373	50.58	0.391	0.411	542	566	-0.401590	0.090106	
A/duck/Hunan/12.27_YYGK86	0.3304	0.2639	0.4573	0.2583	0.165	-0.093	0.370	49.72	0.390	0.410	543	567	-0.395062	0.089947	
A/duck/Hunan/12.27_YYGK89	0.3363	0.2611	0.4484	0.2633	0.162	-0.090	0.373	50.57	0.391	0.412	542	566	-0.410777	0.090106	
A/duck/Hunan/12.27_YYGK91	0.3363	0.2611	0.4484	0.2633	0.162	-0.090	0.373	50.57	0.391	0.412	542	566	-0.410777	0.090106	
A/duck/Hunan/12.27_YYGK93	0.3363	0.2611	0.4484	0.2633	0.162	-0.090	0.373	50.57	0.391	0.412	542	566	-0.410777	0.090106	
A/duck/Hunan/12.27_YYGK95	0.3363	0.2611	0.4484	0.2633	0.162	-0.090	0.373	50.57	0.391	0.412	542	566	-0.410777	0.090106	
A/duck/Hunan/12.27_YYGK96	0.3363	0.2611	0.4484	0.2633	0.162	-0.090	0.373	50.57	0.391	0.412	542	566	-0.410777	0.090106	
A/duck/Hunan/12.27_YYGK97	0.3363	0.2611	0.4484	0.2633	0.162	-0.090	0.373	50.57	0.391	0.412	542	566	-0.410777	0.090106	
A/duck/Hunan/12.27_YYGK10	0.3363	0.2611	0.4484	0.2633	0.162	-0.090	0.373	50.57	0.391	0.412	542	566	-0.410777	0.090106	
A/duck/Hunan/193/2014|EPI	0.3392	0.2594	0.4472	0.2639	0.164	-0.090	0.372	50.63	0.390	0.412	543	567	-0.410406	0.089947	
A/duck/Hunan/233/2014|EPI	0.3289	0.2711	0.4458	0.2654	0.168	-0.084	0.376	50.63	0.400	0.415	542	567	-0.392240	0.089947	
A/duck/Hunan/316/2005|EPI	0.3266	0.2774	0.4523	0.2633	0.180	-0.067	0.390	49.46	0.401	0.412	544	567	-0.407055	0.091711	
A/duck/Hunan/689/2006|EPI	0.3221	0.2841	0.4472	0.2661	0.182	-0.057	0.395	49.46	0.408	0.414	544	567	-0.411464	0.091711	
A/duck/Hunan/3315/2006|EP	0.3318	0.2713	0.4375	0.2758	0.176	-0.068	0.389	49.35	0.405	0.414	543	567	-0.398942	0.091711	
A/duck/Hunan/HN05/2014|EP	0.3348	0.2639	0.4484	0.2618	0.164	-0.089	0.373	50.65	0.393	0.413	542	567	-0.400176	0.089947	
A/duck/Hunan/HN13/2015|EP	0.3311	0.2711	0.4433	0.2654	0.169	-0.084	0.376	50.44	0.400	0.416	542	567	-0.392240	0.089947	
A/duck/Hunan/HN16/2015|EP	0.3289	0.2711	0.4433	0.2682	0.168	-0.087	0.375	50.87	0.402	0.416	542	567	-0.392240	0.089947	
A/duck/Hunan/HN29/2015|EP	0.3392	0.2594	0.4447	0.2659	0.163	-0.097	0.368	50.46	0.392	0.413	543	567	-0.409524	0.089947	
A/duck/Hunan/HN42/2015|EP	0.3333	0.2689	0.4408	0.2682	0.171	-0.077	0.380	50.97	0.400	0.415	542	567	-0.392240	0.089947	
A/duck/Hunan/HN45/2015|EP	0.3392	0.2594	0.4422	0.2687	0.163	-0.097	0.368	50.69	0.394	0.413	543	567	-0.409524	0.089947	
A/duck/Hunan/HN53/2015|EP	0.3370	0.2616	0.4422	0.2687	0.163	-0.096	0.368	50.60	0.396	0.414	543	567	-0.410935	0.089947	
A/duck/Hunan/HN54/2015|EP	0.3370	0.2616	0.4422	0.2687	0.163	-0.096	0.368	50.60	0.396	0.414	543	567	-0.410935	0.089947	
A/duck/Hunan/HN59/2015|EP	0.3392	0.2594	0.4422	0.2687	0.163	-0.097	0.368	50.69	0.394	0.413	543	567	-0.409524	0.089947	
A/duck/Hunan/HN60/2015|EP	0.3392	0.2594	0.4422	0.2687	0.163	-0.097	0.368	50.69	0.394	0.413	543	567	-0.409524	0.089947	
A/duck/Hunan/HN61/2015|EP	0.3385	0.2588	0.4422	0.2687	0.162	-0.100	0.366	50.51	0.394	0.414	543	567	-0.410582	0.089947	
A/duck/Hunan/HN64/2015|EP	0.3370	0.2616	0.4422	0.2687	0.163	-0.096	0.368	50.60	0.396	0.414	543	567	-0.410935	0.089947	
A/duck/Hunan/HN66/2015|EP	0.3370	0.2616	0.4422	0.2687	0.163	-0.096	0.368	50.58	0.396	0.415	543	567	-0.414286	0.088183	
A/duck/Hunan/HN67/2015|EP	0.3370	0.2616	0.4422	0.2687	0.163	-0.096	0.368	50.60	0.396	0.414	543	567	-0.410935	0.089947	
A/duck/Hunan/HN71/2015|EP	0.3311	0.2711	0.4433	0.2654	0.170	-0.077	0.380	50.96	0.400	0.415	542	567	-0.392240	0.089947	
A/duck/Hunan/HN72/2015|EP	0.3289	0.2711	0.4433	0.2682	0.168	-0.087	0.375	50.87	0.402	0.416	542	567	-0.392240	0.089947	
A/duck/Hunan/HN74/2015|EP	0.3311	0.2711	0.4458	0.2626	0.172	-0.077	0.380	50.05	0.399	0.414	542	567	-0.391534	0.089947	
A/duck/Hunan/HN76/2015|EP	0.3289	0.2711	0.4433	0.2682	0.168	-0.087	0.375	50.87	0.402	0.416	542	567	-0.392240	0.089947	
A/duck/Hunan/HN78/2015|EP	0.3385	0.2588	0.4422	0.2687	0.162	-0.100	0.366	50.51	0.394	0.414	543	567	-0.410582	0.089947	
A/duck/Hunan/HN80/2015|EP	0.3311	0.2711	0.4433	0.2654	0.170	-0.077	0.380	50.96	0.400	0.415	542	567	-0.392240	0.089947	
A/duck/Hunan/HN162/2015|E	0.3319	0.2611	0.4598	0.2556	0.164	-0.087	0.374	49.85	0.387	0.410	543	567	-0.404762	0.089947	
A/duck/Hunan/HN163/2015|E	0.3348	0.2616	0.4534	0.2591	0.164	-0.093	0.371	50.12	0.389	0.413	542	567	-0.404409	0.089947	
A/duck/Hunan/HN167/2015|E	0.3296	0.2633	0.4598	0.2556	0.164	-0.087	0.374	49.86	0.389	0.411	543	567	-0.404762	0.089947	
A/duck/Hunan/HN171/2015|E	0.3319	0.2611	0.4598	0.2556	0.163	-0.090	0.372	49.82	0.387	0.410	543	567	-0.404762	0.089947	
A/duck/Hunan/HN172/2015|E	0.3296	0.2633	0.4573	0.2583	0.163	-0.090	0.372	49.94	0.390	0.412	543	567	-0.404762	0.089947	
A/duck/Hunan/HN174/2015|E	0.3289	0.2627	0.4586	0.2576	0.164	-0.087	0.373	49.80	0.390	0.412	544	567	-0.400705	0.089947	
A/duck/Hunan/HN176/2015|E	0.3296	0.2633	0.4573	0.2583	0.163	-0.090	0.372	49.94	0.390	0.412	543	567	-0.404762	0.089947	
A/duck/Hunan/HN177/2015|E	0.3319	0.2633	0.4548	0.2583	0.164	-0.091	0.372	50.07	0.390	0.412	543	567	-0.398236	0.089947	
A/duck/Hunan/HN178/2015|E	0.3296	0.2633	0.4598	0.2556	0.164	-0.087	0.374	49.87	0.389	0.411	543	567	-0.404762	0.089947	
A/duck/Hunan/HN182/2015|E	0.3348	0.2616	0.4534	0.2591	0.164	-0.093	0.371	50.12	0.389	0.413	542	567	-0.404409	0.089947	
A/duck/Hunan/HN183/2015|E	0.3289	0.2627	0.4586	0.2576	0.164	-0.087	0.373	49.80	0.390	0.412	544	567	-0.400705	0.089947	
A/duck/Hunan/HN186/2015|E	0.3296	0.2633	0.4573	0.2583	0.163	-0.090	0.372	49.94	0.390	0.412	543	567	-0.404762	0.089947	
A/duck/Hunan/HN190/2015|E	0.3296	0.2633	0.4573	0.2583	0.163	-0.090	0.372	50.00	0.390	0.412	543	567	-0.404762	0.089947	
A/duck/Hunan/HN191/2015|E	0.3348	0.2616	0.4534	0.2591	0.164	-0.093	0.371	50.12	0.389	0.413	542	567	-0.404409	0.089947	
A/duck/Hunan/HN192/2015|E	0.3296	0.2633	0.4573	0.2583	0.163	-0.090	0.372	49.94	0.390	0.412	543	567	-0.404762	0.089947	
A/duck/Hunan/HN194/2015|E	0.3319	0.2611	0.4573	0.2591	0.163	-0.091	0.372	49.90	0.389	0.411	543	567	-0.403527	0.089947	
A/duck/Hunan/HN195/2015|E	0.3319	0.2611	0.4573	0.2583	0.162	-0.093	0.370	49.90	0.389	0.411	543	567	-0.404762	0.089947	
A/duck/Hunan/HN197/2015|E	0.3319	0.2633	0.4573	0.2556	0.165	-0.087	0.374	49.94	0.389	0.411	543	567	-0.404762	0.089947	
A/duck/Hunan/HN201/2015|E	0.3296	0.2633	0.4548	0.2611	0.163	-0.093	0.370	49.99	0.392	0.412	543	567	-0.404762	0.089947	
A/duck/Hunan/HN204/2015|E	0.3348	0.2616	0.4534	0.2591	0.164	-0.093	0.371	50.12	0.389	0.413	542	567	-0.404409	0.089947	
A/duck/Hunan/HN205/2015|E	0.3296	0.2633	0.4598	0.2556	0.164	-0.087	0.374	49.87	0.389	0.411	543	567	-0.404762	0.089947	
A/duck/Hunan/HN206/2015|E	0.3282	0.2639	0.4612	0.2548	0.164	-0.087	0.374	49.84	0.389	0.412	543	567	-0.404762	0.089947	
A/duck/Hunan/HN207/2015|E	0.3274	0.2633	0.4573	0.2611	0.162	-0.093	0.370	50.08	0.392	0.412	543	567	-0.404762	0.089947	
A/duck/Hunan/HN208/2015|E	0.3296	0.2633	0.4584	0.2591	0.163	-0.093	0.370	49.95	0.390	0.411	543	567	-0.398413	0.091711	
A/duck/Hunan/HN209/2015|E	0.3296	0.2633	0.4573	0.2583	0.163	-0.090	0.372	49.94	0.390	0.412	543	567	-0.404762	0.089947	
A/duck/Hunan/HN210/2015|E	0.3296	0.2633	0.4548	0.2611	0.163	-0.093	0.370	50.01	0.392	0.412	543	567	-0.404762	0.089947	
A/duck/Hunan/HN212/2015|E	0.3296	0.2633	0.4573	0.2583	0.163	-0.090	0.372	49.94	0.390	0.412	543	567	-0.404762	0.089947	
A/duck/Hunan/HN214/2015|E	0.3296	0.2633	0.4509	0.2646	0.165	-0.079	0.378	50.74	0.395	0.416	542	567	-0.390300	0.089947	
A/duck/Hunan/HN215/2015|E	0.3296	0.2633	0.4573	0.2583	0.163	-0.090	0.372	49.94	0.390	0.412	543	567	-0.404762	0.089947	
A/duck/Hunan/HN216/2015|E	0.3296	0.2633	0.4598	0.2556	0.164	-0.087	0.374	50.03	0.389	0.412	543	567	-0.404056	0.089947	
A/duck/Hunan/HN217/2015|E	0.3319	0.2611	0.4573	0.2583	0.163	-0.090	0.372	49.98	0.389	0.412	543	567	-0.404762	0.089947	
A/duck/Hunan/HN220/2015|E	0.3289	0.2627	0.4561	0.2604	0.163	-0.091	0.371	49.93	0.392	0.413	544	567	-0.400705	0.089947	
A/duck/Hunan/HN221/2015|E	0.3252	0.2677	0.4573	0.2583	0.165	-0.080	0.378	49.92	0.394	0.413	543	567	-0.404762	0.089947	
A/duck/Hunan/HN224/2015|E	0.3282	0.2661	0.4534	0.2618	0.163	-0.093	0.371	50.18	0.395	0.413	542	567	-0.404409	0.089947	
A/duck/Hunan/HN227/2015|E	0.3252	0.2677	0.4573	0.2583	0.165	-0.080	0.378	49.92	0.394	0.413	543	567	-0.404762	0.089947	
A/duck/Hunan/HN230/2015|E	0.3296	0.2633	0.4573	0.2583	0.163	-0.090	0.372	49.94	0.390	0.412	543	567	-0.404762	0.089947	
A/duck/Hunan/HN232/2015|E	0.3139	0.2870	0.4621	0.2614	0.170	-0.111	0.365	49.21	0.405	0.409	543	567	-0.406878	0.095238	
A/duck/Hunan/HN234/2015|E	0.3139	0.2870	0.4621	0.2614	0.170	-0.111	0.365	49.21	0.405	0.409	543	567	-0.406878	0.095238	
A/duck/Hunan/HN236/2015|E	0.3296	0.2633	0.4534	0.2618	0.165	-0.079	0.378	50.25	0.393	0.415	542	567	-0.390300	0.089947	
A/duck/Hunan/HN238/2015|E	0.3348	0.2616	0.4534	0.2591	0.164	-0.093	0.371	50.12	0.389	0.413	542	567	-0.404409	0.089947	
A/duck/Hunan/HN239/2015|E	0.3341	0.2650	0.4509	0.2626	0.165	-0.089	0.373	50.43	0.393	0.412	542	567	-0.403351	0.089947	
A/duck/Hunan/HN240/2015|E	0.3311	0.2627	0.4520	0.2626	0.165	-0.082	0.376	50.26	0.393	0.415	542	567	-0.390300	0.089947	
A/duck/Hunan/HN241/2015|E	0.3356	0.2622	0.4545	0.2605	0.164	-0.089	0.373	50.40	0.389	0.410	542	567	-0.403351	0.089947	
A/duck/Hunan/HN242/2015|E	0.3282	0.2661	0.4509	0.2646	0.167	-0.080	0.378	50.55	0.397	0.416	542	567	-0.389242	0.089947	
A/duck/Hunan/HN278/2015|E	0.3311	0.2605	0.4472	0.2745	0.163	-0.099	0.368	51.02	0.397	0.414	544	567	-0.385538	0.091711	
A/duck/Hunan/HN285/2015|E	0.3319	0.2588	0.4497	0.2709	0.164	-0.100	0.366	50.38	0.394	0.414	543	567	-0.372134	0.091711	
A/duck/Hunan/HN288/2015|E	0.3311	0.2627	0.4397	0.2801	0.163	-0.102	0.366	51.09	0.403	0.416	544	567	-0.385538	0.091711	
A/duck/Hunan/HN333/2015|E	0.3222	0.2800	0.4397	0.2674	0.169	-0.080	0.378	50.05	0.410	0.419	542	567	-0.387478	0.089947	
A/duck/Hunan/HN334/2015|E	0.3200	0.2822	0.4397	0.2674	0.169	-0.080	0.378	50.47	0.411	0.419	542	567	-0.387478	0.089947	
A/duck/Hunan/HN335/2015|E	0.3326	0.2577	0.4523	0.2689	0.162	-0.098	0.368	50.22	0.392	0.413	544	567	-0.386596	0.091711	
A/duck/Hunan/HN336/2015|E	0.3200	0.2822	0.4433	0.2654	0.167	-0.087	0.375	50.80	0.410	0.418	542	567	-0.392240	0.089947	
A/duck/Hunan/HN339/2015|E	0.3178	0.2822	0.4447	0.2646	0.168	-0.084	0.376	50.52	0.410	0.419	542	567	-0.387478	0.089947	
A/duck/Hunan/HN341/2015|E	0.3267	0.2778	0.4422	0.2618	0.167	-0.084	0.376	50.57	0.404	0.417	542	567	-0.387478	0.089947	
A/duck/Hunan/HN342/2015|E	0.3178	0.2822	0.4447	0.2646	0.168	-0.084	0.376	50.52	0.410	0.419	542	567	-0.387478	0.089947	
A/duck/Hunan/HN343/2015|E	0.3185	0.2806	0.4472	0.2646	0.169	-0.084	0.376	50.48	0.408	0.417	542	567	-0.392240	0.089947	
A/duck/Hunan/S4020/2008|E	0.3139	0.2848	0.4619	0.2707	0.178	-0.086	0.379	49.17	0.408	0.410	544	567	-0.417460	0.093474	
A/duck/Hunan/S4030/2011|E	0.3146	0.2876	0.4645	0.2672	0.175	-0.096	0.373	48.86	0.406	0.407	544	567	-0.405468	0.093474	
A/duck/Hunan/S4101/2011|E	0.3875	0.2249	0.4612	0.2312	0.164	-0.131	0.354	48.78	0.339	0.396	542	563	-0.389698	0.092362	
A/duck/Hunan/S4120/2011|E	0.3853	0.2272	0.4612	0.2312	0.164	-0.128	0.356	48.97	0.341	0.397	542	563	-0.389698	0.092362	
A/duck/Hunan/S4150/2011|E	0.3156	0.2822	0.4557	0.2727	0.169	-0.099	0.371	50.34	0.409	0.412	545	567	-0.424515	0.093474	
A/duck/Hunan/S4220/2011|E	0.3126	0.2816	0.4608	0.2678	0.172	-0.078	0.381	49.75	0.406	0.412	544	567	-0.407760	0.093474	
A/duck/Hunan/S40199/2021(	0.3186	0.2743	0.4436	0.2765	0.170	-0.063	0.388	50.14	0.410	0.420	544	567	-0.388889	0.089947	
A/duck/Hunan/S40268/2021(	0.3119	0.2854	0.4347	0.2845	0.175	-0.058	0.392	49.65	0.423	0.422	544	567	-0.371429	0.089947	
A/duck/Jiangsu/m234/2012|	0.3149	0.2794	0.4486	0.2730	0.173	-0.070	0.383	50.76	0.411	0.419	545	567	-0.385185	0.089947	
A/duck/Jiangsu/S4439/2017	0.3244	0.2864	0.4569	0.2636	0.176	-0.079	0.385	48.93	0.404	0.407	545	567	-0.439506	0.095238	
A/duck/Jiangsu/SE1128/201	0.3266	0.2864	0.4569	0.2600	0.176	-0.081	0.383	48.76	0.402	0.407	545	567	-0.432628	0.095238	
A/duck/Jiangxi/01.11_NCNP	0.3400	0.2578	0.4511	0.2591	0.161	-0.120	0.356	49.83	0.386	0.410	542	566	-0.419611	0.090106	
A/duck/Jiangxi/01.14_NCJD	0.3363	0.2633	0.4458	0.2618	0.170	-0.080	0.378	49.79	0.393	0.416	542	567	-0.392945	0.089947	
A/duck/Jiangxi/01.14_NCJD	0.3385	0.2611	0.4458	0.2618	0.168	-0.084	0.376	49.87	0.391	0.414	542	567	-0.392945	0.089947	
A/duck/Jiangxi/01.14_NCJD	0.3348	0.2639	0.4470	0.2626	0.170	-0.082	0.377	49.82	0.394	0.416	541	566	-0.392403	0.090106	
A/duck/Jiangxi/02.05_YGYX	0.3363	0.2611	0.4484	0.2618	0.167	-0.087	0.375	49.87	0.391	0.414	542	567	-0.393122	0.089947	
A/duck/Jiangxi/02.06_NCJD	0.3370	0.2616	0.4470	0.2626	0.167	-0.085	0.375	49.91	0.392	0.414	541	566	-0.392403	0.090106	
A/duck/Jiangxi/02.06_NCJD	0.3333	0.2689	0.4433	0.2646	0.168	-0.083	0.376	51.10	0.399	0.415	542	567	-0.392769	0.089947	
A/duck/Jiangxi/2.28_NCNP2	0.3333	0.2622	0.4489	0.2632	0.163	-0.106	0.365	50.52	0.392	0.412	543	566	-0.393463	0.090106	
A/duck/Jiangxi/2.28NCNP23	0.3333	0.2622	0.4489	0.2632	0.163	-0.106	0.365	50.52	0.392	0.412	543	566	-0.393463	0.090106	
A/duck/Jiangxi/03.11_NCHJ	0.3392	0.2616	0.4484	0.2598	0.165	-0.094	0.371	50.04	0.389	0.413	542	567	-0.389594	0.089947	
A/duck/Jiangxi/04.01__NCD	0.3356	0.2644	0.4610	0.2479	0.168	-0.080	0.380	49.34	0.384	0.412	542	567	-0.408642	0.089947	
A/duck/Jiangxi/04.01__NCD	0.3356	0.2644	0.4610	0.2479	0.168	-0.080	0.380	49.34	0.384	0.412	542	567	-0.408642	0.089947	
A/duck/Jiangxi/04.01_NCDZ	0.3385	0.2584	0.4598	0.2605	0.170	-0.072	0.384	49.66	0.384	0.407	544	567	-0.361905	0.089947	
A/duck/Jiangxi/05.07__NCJ	0.3286	0.2624	0.4688	0.2507	0.161	-0.103	0.367	49.10	0.385	0.411	507	531	-0.449341	0.094162	
A/duck/Jiangxi/5.26_NCDZT	0.3392	0.2572	0.4573	0.2535	0.161	-0.120	0.356	49.52	0.382	0.411	542	566	-0.419435	0.090106	
A/duck/Jiangxi/11.17_NCNP	0.3282	0.2727	0.4296	0.2813	0.166	-0.096	0.368	50.76	0.413	0.420	543	567	-0.389594	0.089947	
A/duck/Jiangxi/11.17_NCNP	0.3282	0.2727	0.4296	0.2813	0.166	-0.096	0.368	50.76	0.413	0.420	543	567	-0.389594	0.089947	
A/duck/Jiangxi/11.29_NCDZ	0.3444	0.2533	0.4481	0.2640	0.161	-0.111	0.361	49.54	0.385	0.410	540	566	-0.415018	0.090106	
A/duck/Jiangxi/11.29_NCNP	0.3216	0.2665	0.4561	0.2624	0.164	-0.089	0.371	49.57	0.397	0.414	544	567	-0.387831	0.089947	
A/duck/Jiangxi/11.29_NCNP	0.3407	0.2588	0.4621	0.2465	0.161	-0.110	0.362	50.08	0.378	0.410	542	566	-0.426502	0.090106	
A/duck/Jiangxi/34/2011|EP	0.3140	0.2695	0.4600	0.2758	0.167	-0.091	0.372	49.77	0.404	0.414	545	568	-0.397535	0.093310	
A/duck/Jiangxi/35/2011|EP	0.3163	0.2695	0.4612	0.2745	0.167	-0.092	0.372	50.00	0.402	0.413	545	568	-0.398591	0.093310	
A/duck/Jiangxi/44/2011|EP	0.3185	0.2673	0.4612	0.2745	0.167	-0.092	0.372	50.04	0.400	0.412	545	568	-0.398591	0.093310	
A/duck/Jiangxi/95/2014|EP	0.3348	0.2616	0.4534	0.2583	0.166	-0.089	0.373	50.30	0.389	0.413	542	567	-0.404938	0.089947	
A/duck/Jiangxi/120/2011|E	0.3215	0.2860	0.4566	0.2585	0.173	-0.071	0.386	50.62	0.404	0.413	544	568	-0.440845	0.095070	
A/duck/Jiangxi/130/2011|E	0.3178	0.2822	0.4596	0.2670	0.169	-0.098	0.372	49.53	0.405	0.409	546	568	-0.430106	0.093310	
A/duck/Jiangxi/13469/2014	0.3289	0.2689	0.4525	0.2661	0.170	-0.080	0.380	50.37	0.396	0.410	545	567	-0.366490	0.089947	
A/duck/Jiangxi/13475/2014	0.3289	0.2689	0.4550	0.2633	0.170	-0.076	0.382	50.32	0.394	0.409	545	567	-0.366490	0.089947	
A/duck/Jiangxi/13484/2014	0.3289	0.2689	0.4525	0.2661	0.170	-0.080	0.380	50.37	0.396	0.410	545	567	-0.366490	0.089947	
A/Duck/Jiangxi/50446/2016	0.3370	0.2616	0.4497	0.2591	0.165	-0.083	0.376	49.25	0.389	0.413	542	566	-0.392226	0.090106	
A/Duck/Jiangxi/50455/2016	0.3414	0.2533	0.4411	0.2715	0.164	-0.103	0.364	50.18	0.392	0.413	544	567	-0.395062	0.089947	
A/duck/Jiangxi/E7/2014_(H	0.3392	0.2594	0.4509	0.2591	0.165	-0.093	0.371	50.35	0.387	0.413	542	567	-0.404409	0.089947	
A/duck/Jiangxi/F31/2014(H	0.3310	0.2624	0.4622	0.2560	0.161	-0.097	0.370	50.69	0.388	0.414	508	532	-0.464286	0.093985	
A/duck/Jiangxi/NCDZT1123/	0.3415	0.2550	0.4484	0.2646	0.164	-0.096	0.369	49.90	0.387	0.413	542	567	-0.404409	0.089947	
A/duck/Jiangxi/NCDZT1126/	0.3392	0.2572	0.4484	0.2646	0.164	-0.093	0.371	50.40	0.389	0.413	542	567	-0.404409	0.089947	
A/duck/Jiangxi/S10252/202	0.3193	0.2816	0.4433	0.2704	0.175	-0.057	0.392	49.54	0.411	0.419	543	567	-0.375485	0.089947	
A/duck/Jiangxi/S40833/202	0.3229	0.2784	0.4422	0.2732	0.168	-0.074	0.383	50.73	0.409	0.416	543	567	-0.378836	0.089947	
A/duck/Jilin/04.04_SY002-	0.3281	0.2790	0.4557	0.2650	0.172	-0.082	0.382	50.67	0.400	0.407	545	567	-0.431217	0.093474	
A/duck/Jilin/JL-SIV/2013|	0.3444	0.2756	0.4492	0.2479	0.182	-0.071	0.387	49.97	0.389	0.408	543	567	-0.361023	0.093474	
A/duck/Jilin/S1261/2019(H	0.3161	0.2915	0.4442	0.2784	0.175	-0.075	0.386	50.30	0.419	0.413	544	567	-0.441093	0.093474	
A/duck/Jilin/S4171/2019(H	0.3147	0.2946	0.4362	0.2857	0.174	-0.082	0.382	50.20	0.426	0.414	544	567	-0.442681	0.095238	
A/duck/Kaohsiung/15WB3298	0.3624	0.2662	0.4333	0.2521	0.175	-0.114	0.364	50.82	0.386	0.414	539	564	-0.416312	0.093972	
A/duck/Kaohsiung/20WB0242	0.3498	0.2803	0.4413	0.2429	0.175	-0.102	0.370	51.09	0.391	0.415	540	564	-0.420035	0.093972	
A/duck/Kaohsiung/15010213	0.3164	0.2810	0.4461	0.2689	0.170	-0.084	0.377	50.24	0.410	0.416	544	567	-0.366843	0.089947	
A/duck/Liaoning/LN/2011|E	0.3289	0.2707	0.4637	0.2549	0.171	-0.079	0.382	49.90	0.390	0.409	544	567	-0.425220	0.093474	
A/duck/Nanchang/9789/2013	0.3186	0.2699	0.4698	0.2592	0.164	-0.094	0.371	50.20	0.393	0.409	545	568	-0.401585	0.091549	
A/duck/Nantou/15A3437/201	0.3142	0.2810	0.4436	0.2745	0.169	-0.084	0.377	49.85	0.414	0.417	544	567	-0.366843	0.089947	
A/duck/Nantou/17A0243/201	0.3075	0.2788	0.4612	0.2661	0.166	-0.085	0.375	49.42	0.406	0.415	544	567	-0.359259	0.089947	
A/duck/Ningxia/YG61/2017|	0.3378	0.2908	0.4297	0.2550	0.182	-0.078	0.384	51.00	0.408	0.423	539	564	-0.400709	0.093972	
A/duck/Ningxia/YG71/2017|	0.3193	0.2838	0.4236	0.2877	0.174	-0.064	0.388	51.24	0.425	0.421	544	567	-0.385714	0.089947	
A/duck/Ningxia/YG83/2017|	0.3259	0.2772	0.4236	0.2877	0.173	-0.070	0.384	50.84	0.419	0.419	544	567	-0.385714	0.089947	
A/duck/Pingtung/17A0160/2	0.3091	0.2759	0.4575	0.2717	0.163	-0.094	0.369	49.29	0.407	0.415	545	568	-0.357394	0.089789	
A/duck/Pingtung/18A00003-	0.3038	0.2816	0.4648	0.2633	0.167	-0.080	0.378	49.18	0.407	0.416	543	567	-0.363845	0.089947	
A/duck/Pingtung/18A00076-	0.3179	0.2649	0.4561	0.2745	0.161	-0.096	0.368	49.31	0.401	0.414	544	567	-0.350970	0.089947	
A/duck/Pingtung/18X00077/	0.3053	0.2810	0.4712	0.2556	0.165	-0.085	0.375	49.50	0.401	0.413	544	567	-0.358730	0.089947	
A/duck/Pingtung/15010180/	0.3164	0.2788	0.4461	0.2717	0.169	-0.084	0.377	50.12	0.410	0.416	544	567	-0.366843	0.089947	
A/duck/Pingtung/15010444/	0.3142	0.2810	0.4461	0.2725	0.169	-0.087	0.375	50.21	0.412	0.416	544	567	-0.357672	0.089947	
A/duck/Shandong/009/2008|	0.3259	0.2790	0.4520	0.2663	0.177	-0.081	0.382	48.74	0.403	0.412	544	567	-0.400529	0.095238	
A/duck/Shandong/11.14_DL-	0.3267	0.2711	0.4375	0.2762	0.172	-0.078	0.379	51.58	0.408	0.419	544	567	-0.384832	0.089947	
A/duck/Shandong/11.14_RD/	0.3267	0.2711	0.4375	0.2762	0.172	-0.078	0.379	51.58	0.408	0.419	544	567	-0.384832	0.089947	
A/duck/Shandong/Q1/2013|E	0.3178	0.2800	0.4662	0.2458	0.166	-0.078	0.379	51.00	0.394	0.413	543	567	-0.389947	0.089947	
A/duck/Shandong/SD0261/20	0.3185	0.2851	0.4307	0.2809	0.176	-0.053	0.395	50.96	0.421	0.422	542	567	-0.380600	0.089947	
A/duck/Shandong/SD0263/20	0.3185	0.2851	0.4307	0.2809	0.176	-0.053	0.395	50.96	0.421	0.422	542	567	-0.380600	0.089947	
A/Duck/Shandong/Y01/2009|	0.3185	0.2851	0.4543	0.2707	0.177	-0.087	0.378	50.28	0.409	0.410	545	567	-0.432804	0.093474	
A/Duck/Shandong/Y02/2009|	0.3133	0.2911	0.4606	0.2636	0.175	-0.087	0.378	50.02	0.409	0.409	545	567	-0.431746	0.093474	
A/duck/Sichuan/04.27_NBXJ	0.3229	0.2762	0.4550	0.2618	0.177	-0.057	0.393	50.48	0.400	0.412	545	567	-0.373721	0.089947	
A/duck/Sichuan/04.27_NBXJ	0.3267	0.2711	0.4575	0.2598	0.173	-0.060	0.391	50.62	0.394	0.410	545	567	-0.374250	0.089947	
A/duck/Sichuan/04.27_NBXJ	0.3259	0.2701	0.4577	0.2611	0.174	-0.056	0.393	50.69	0.394	0.410	545	567	-0.375661	0.089947	
A/duck/Sichuan/04.27_NBXJ	0.3267	0.2711	0.4575	0.2598	0.173	-0.060	0.391	50.62	0.394	0.410	545	567	-0.374250	0.089947	
A/duck/Sichuan/04.27_NBXJ	0.3252	0.2717	0.4564	0.2618	0.174	-0.056	0.393	50.68	0.396	0.411	545	567	-0.374956	0.089947	
A/duck/Sichuan/04.27_NCXJ	0.3229	0.2762	0.4550	0.2618	0.177	-0.057	0.393	50.48	0.400	0.412	545	567	-0.373721	0.089947	
A/duck/Sichuan/NCXJ15/201	0.3252	0.2739	0.4550	0.2618	0.176	-0.060	0.391	50.49	0.398	0.412	545	567	-0.373721	0.089947	
A/duck/Sichuan/NCXJ24/201	0.3267	0.2711	0.4575	0.2598	0.173	-0.060	0.391	50.62	0.394	0.410	545	567	-0.374250	0.089947	
A/duck/Sichuan/NCXN10/201	0.3356	0.2667	0.4456	0.2684	0.165	-0.092	0.373	50.53	0.397	0.412	542	567	-0.427866	0.089947	
A/duck/Sichuan/NCXN11/201	0.3311	0.2711	0.4495	0.2620	0.166	-0.084	0.376	50.85	0.397	0.412	542	567	-0.415520	0.089947	
A/duck/Sichuan/S1805/2021	0.3164	0.2765	0.4400	0.2801	0.172	-0.060	0.390	49.76	0.414	0.420	544	567	-0.363492	0.088183	
A/duck/Sichuan/SC4822/202	0.3133	0.2867	0.4296	0.2865	0.178	-0.050	0.396	50.50	0.425	0.423	543	567	-0.376014	0.089947	
A/duck/Sichuan/SC5698/202	0.3111	0.2889	0.4282	0.2901	0.178	-0.047	0.398	50.40	0.429	0.424	543	567	-0.380776	0.089947	
A/duck/Sichuan/SD002/2021	0.3133	0.2867	0.4296	0.2865	0.177	-0.050	0.396	50.65	0.425	0.423	543	567	-0.376014	0.089947	
A/duck/Taichung/15010400-	0.3119	0.2832	0.4461	0.2717	0.170	-0.081	0.379	50.19	0.414	0.417	544	567	-0.366843	0.089947	
A/duck/Tainan/16WB3443-15	0.3594	0.2679	0.4373	0.2493	0.175	-0.113	0.363	50.49	0.385	0.414	540	564	-0.397872	0.093972	
A/duck/Tainan/15010403/20	0.3208	0.2765	0.4486	0.2661	0.169	-0.084	0.377	50.77	0.404	0.415	544	567	-0.366843	0.089947	
A/duck/Tainan/16010024-1/	0.3031	0.2920	0.4511	0.2646	0.173	-0.071	0.384	49.53	0.417	0.420	544	567	-0.376543	0.089947	
A/duck/Taipei/05WB830-1-5	0.3192	0.3058	0.4322	0.2578	0.175	-0.123	0.359	50.02	0.422	0.423	540	564	-0.399823	0.097518	
A/duck/Taipei/18WB0120-1-	0.3490	0.2774	0.4359	0.2550	0.174	-0.118	0.361	50.92	0.396	0.417	540	564	-0.424823	0.093972	
A/duck/Taipei/19WB0235-14	0.3497	0.2784	0.4399	0.2436	0.175	-0.097	0.372	50.52	0.391	0.415	540	564	-0.418794	0.093972	
A/duck/Taiwan/01006/2015|	0.3142	0.2810	0.4461	0.2725	0.169	-0.083	0.377	50.72	0.412	0.417	544	567	-0.364198	0.089947	
A/duck/Taiwan/11213/2013|	0.3705	0.2477	0.4621	0.2323	0.162	-0.139	0.348	48.15	0.356	0.393	537	563	-0.413677	0.094139	
A/duck/Taiwan/11254/2013|	0.3705	0.2477	0.4621	0.2330	0.162	-0.141	0.348	48.70	0.356	0.394	537	563	-0.421137	0.094139	
A/duck/Taiwan/a043/2015|E	0.3142	0.2810	0.4436	0.2745	0.170	-0.081	0.379	50.12	0.414	0.417	544	567	-0.367019	0.089947	
A/duck/Taiwan/a068/2015|E	0.3164	0.2788	0.4447	0.2725	0.168	-0.086	0.376	50.18	0.411	0.416	543	567	-0.356614	0.089947	
A/duck/Taiwan/A3400/2015|	0.3157	0.2804	0.4447	0.2725	0.168	-0.087	0.375	49.77	0.412	0.416	544	568	-0.362148	0.089789	
A/duck/Taiwan/DV1238/2009	0.3490	0.2774	0.4253	0.2598	0.167	-0.154	0.340	51.04	0.401	0.417	541	564	-0.409220	0.095745	
A/duck/Taiwan/DV1241/2009	0.3474	0.2762	0.4232	0.2626	0.166	-0.152	0.341	51.77	0.402	0.417	542	564	-0.411702	0.095745	
A/duck/Taiwan/DV1242/2009	0.3474	0.2762	0.4268	0.2598	0.165	-0.155	0.339	50.97	0.400	0.417	542	564	-0.399823	0.095745	
A/duck/Taoyuan/16010023-1	0.3097	0.2854	0.4461	0.2717	0.171	-0.074	0.382	50.75	0.415	0.417	544	567	-0.366843	0.089947	
A/duck/Wuxi/7249/2015|EPI	0.3363	0.2571	0.4550	0.2556	0.163	-0.111	0.360	50.53	0.384	0.411	544	567	-0.371252	0.088183	
A/duck/Xinjiang/12.18_WLM	0.3252	0.2806	0.4397	0.2717	0.180	-0.053	0.395	50.47	0.410	0.415	544	567	-0.387478	0.091711	
A/duck/Xinjiang/S1066/201	0.3154	0.2886	0.4621	0.2599	0.173	-0.085	0.380	49.13	0.406	0.411	545	567	-0.432981	0.093474	
A/duck/Xinjiang/S1126/201	0.3163	0.2895	0.4598	0.2584	0.173	-0.080	0.382	49.75	0.406	0.411	547	567	-0.433510	0.093474	
A/duck/Yilan/17A0092/2017	0.3075	0.2788	0.4536	0.2737	0.167	-0.084	0.375	49.60	0.412	0.417	544	567	-0.359788	0.089947	
A/duck/Yunlin/15A5019/201	0.3215	0.2772	0.4422	0.2725	0.170	-0.093	0.372	50.06	0.409	0.416	543	567	-0.370194	0.089947	
A/duck/Yunlin/17A0086/201	0.3097	0.2765	0.4536	0.2745	0.165	-0.085	0.375	49.37	0.410	0.416	544	567	-0.359259	0.089947	
A/duck/Yunlin/17A0686/201	0.3024	0.2848	0.4486	0.2758	0.165	-0.083	0.377	50.00	0.419	0.419	544	567	-0.367019	0.089947	
A/duck/Yunlin/18X00007-3/	0.3091	0.2759	0.4575	0.2682	0.168	-0.078	0.379	50.40	0.406	0.419	544	567	-0.353616	0.089947	
A/duck/Yunlin/15010244-1/	0.3164	0.2788	0.4461	0.2717	0.169	-0.087	0.375	50.16	0.410	0.416	544	567	-0.366843	0.089947	
A/duck/Yunlin/15010277/20	0.3186	0.2765	0.4511	0.2661	0.167	-0.090	0.373	50.07	0.404	0.414	544	567	-0.366843	0.089947	
A/duck/Yunlin/15010310-4/	0.3126	0.2838	0.4486	0.2689	0.172	-0.078	0.381	49.88	0.412	0.416	544	567	-0.365785	0.089947	
A/duck/Yunlin/15010318-2/	0.3142	0.2810	0.4461	0.2717	0.169	-0.084	0.377	50.16	0.412	0.417	544	567	-0.366843	0.089947	
A/duck/Yunlin/15010369-1/	0.3119	0.2832	0.4436	0.2745	0.170	-0.078	0.381	50.48	0.415	0.418	544	567	-0.366843	0.089947	
A/duck/Yunlin/15010458-1/	0.3186	0.2765	0.4475	0.2682	0.169	-0.087	0.375	50.15	0.406	0.416	544	567	-0.362081	0.089947	
A/duck/Yunlin/15070002-2/	0.3164	0.2810	0.4411	0.2745	0.171	-0.084	0.377	50.09	0.414	0.417	544	567	-0.366843	0.089947	
A/duck/Yunlin/17110001/20	0.3068	0.2759	0.4575	0.2730	0.164	-0.086	0.374	49.32	0.409	0.414	545	567	-0.357848	0.089947	
A/duck/Yunlin/18060007-3/	0.3082	0.2794	0.4660	0.2612	0.168	-0.076	0.381	49.30	0.403	0.412	543	567	-0.370018	0.089947	
A/duck/Yunnan/03.15_DQWGH	0.3348	0.2616	0.4534	0.2591	0.165	-0.089	0.373	49.70	0.389	0.411	542	567	-0.413404	0.089947	
A/duck/Yunnan/03.16_DQXYL	0.3262	0.2648	0.4676	0.2530	0.160	-0.097	0.370	49.72	0.388	0.411	508	532	-0.473872	0.093985	
A/duck/Yunnan/03.16_DQXYL	0.3385	0.2584	0.4520	0.2618	0.163	-0.100	0.368	49.93	0.388	0.413	541	567	-0.422928	0.091711	
A/duck/Yunnan/03.16_DQXYL	0.3348	0.2616	0.4559	0.2563	0.164	-0.093	0.371	49.23	0.387	0.410	542	567	-0.413404	0.089947	
A/duck/Yunnan/03.16_DQXYL	0.3348	0.2616	0.4559	0.2563	0.164	-0.093	0.371	49.23	0.387	0.410	542	567	-0.413404	0.089947	
A/duck/Yunnan/07.15_DQNPH	0.3289	0.2671	0.4470	0.2654	0.161	-0.102	0.365	49.93	0.399	0.416	542	567	-0.398766	0.089947	
A/duck/Yunnan/07.15_DQNPH	0.3296	0.2677	0.4456	0.2654	0.163	-0.099	0.368	50.18	0.399	0.417	541	567	-0.407584	0.089947	
A/duck/Yunnan/07.15_DQNPH	0.3311	0.2649	0.4495	0.2626	0.161	-0.102	0.365	49.79	0.395	0.415	542	567	-0.398766	0.089947	
A/duck/Yunnan/07.15_DQNPH	0.3311	0.2649	0.4495	0.2626	0.161	-0.102	0.365	49.79	0.395	0.415	542	567	-0.398766	0.089947	
A/duck/Yunnan/S4318/2021(	0.3156	0.2867	0.4347	0.2781	0.176	-0.050	0.396	50.27	0.420	0.422	543	567	-0.376014	0.089947	
A/Duck/Yunnan/YN-2/2016_(	0.3356	0.2644	0.4633	0.2493	0.165	-0.101	0.367	50.36	0.384	0.409	542	567	-0.403880	0.091711	
A/Duck/Yunnan/YN-4/2015__	0.3132	0.2886	0.4698	0.2535	0.173	-0.097	0.372	49.79	0.401	0.407	546	567	-0.419577	0.095238	
A/Duck/Yunnan/YN-9/2016__	0.3274	0.2699	0.4492	0.2640	0.162	-0.102	0.366	50.12	0.399	0.415	541	567	-0.405467	0.091711	
A/Duck/Zhanjiang/15577/20	0.3289	0.2667	0.4710	0.2458	0.168	-0.070	0.385	50.18	0.383	0.407	543	567	-0.404056	0.091711	
A/duck/Zhejiang/02.28_JHZ	0.3415	0.2572	0.4470	0.2626	0.168	-0.093	0.372	49.69	0.388	0.412	541	566	-0.390989	0.090106	
A/duck/Zhejiang/6D18/2013	0.3267	0.2733	0.4350	0.2778	0.174	-0.070	0.384	52.14	0.410	0.419	544	567	-0.378660	0.089947	
A/duck/Zhejiang/77138/201	0.3200	0.2756	0.4514	0.2682	0.173	-0.050	0.396	50.36	0.404	0.413	545	567	-0.373192	0.089947	
A/duck/Zhejiang/727041/20	0.3356	0.2578	0.4637	0.2528	0.163	-0.101	0.366	48.94	0.381	0.409	543	567	-0.399471	0.089947	
A/duck/Zhejiang/727158/20	0.3392	0.2550	0.4534	0.2626	0.162	-0.105	0.363	49.72	0.386	0.411	542	567	-0.388536	0.089947	
A/duck/Zhejiang/925019/20	0.3318	0.2717	0.4325	0.2770	0.173	-0.068	0.386	52.25	0.408	0.419	544	567	-0.395238	0.089947	
A/duck/Zhejiang/925169/20	0.3341	0.2695	0.4325	0.2770	0.174	-0.067	0.386	52.38	0.406	0.417	544	567	-0.387125	0.089947	
A/duck/Zhejiang/1026109/2	0.3053	0.2876	0.4575	0.2611	0.174	-0.056	0.393	50.46	0.411	0.417	545	567	-0.378131	0.089947	
A/duck/Zhejiang/1220092/2	0.3139	0.2870	0.4619	0.2650	0.171	-0.108	0.366	49.53	0.407	0.409	543	567	-0.421340	0.095238	
A/duck/Zhejiang/S4091/201	0.3199	0.2908	0.4442	0.2743	0.178	-0.077	0.384	50.18	0.415	0.413	544	567	-0.426631	0.093474	
A/duck/Zhejiang/S4854/202	0.3244	0.2711	0.4332	0.2893	0.172	-0.077	0.381	50.24	0.414	0.419	543	567	-0.394356	0.089947	
A/duck/Zhejiang/W24/2013|	0.3229	0.2762	0.4350	0.2806	0.174	-0.070	0.384	51.73	0.414	0.419	544	567	-0.368078	0.089947	
A/egret/Jiangsu/SD021/202	0.3156	0.2844	0.4347	0.2809	0.175	-0.054	0.394	50.50	0.420	0.421	543	567	-0.376720	0.089947	
A/Egret/Shangdong/JN529/2	0.3186	0.2788	0.4397	0.2797	0.173	-0.062	0.390	50.03	0.414	0.419	544	567	-0.363668	0.089947	
A/environment/Hunan/HN261	0.3311	0.2711	0.4433	0.2654	0.170	-0.076	0.380	51.17	0.400	0.414	542	567	-0.388007	0.089947	
A/Environment/Shandong/WS	0.3200	0.2800	0.4497	0.2648	0.176	-0.050	0.396	49.67	0.405	0.415	543	567	-0.376720	0.089947	
A/Environment/Shandong/WS	0.3186	0.2788	0.4422	0.2761	0.174	-0.061	0.390	49.76	0.412	0.419	544	567	-0.371429	0.089947	
A/Environment/Shandong/WS	0.3186	0.2788	0.4397	0.2789	0.174	-0.061	0.390	49.83	0.414	0.419	544	567	-0.371429	0.089947	
A/equine/China/61/2010|EP	0.3244	0.2819	0.4523	0.2612	0.177	-0.067	0.390	49.53	0.403	0.412	544	567	-0.415344	0.091711	
A/equine/China/67/2010|EP	0.3237	0.2812	0.4511	0.2605	0.177	-0.066	0.390	49.41	0.403	0.413	544	567	-0.406526	0.091711	
A/equine/China/68/2010|EP	0.3259	0.2790	0.4523	0.2612	0.177	-0.066	0.390	49.16	0.401	0.412	544	567	-0.411993	0.091711	
A/eurasian_eagle-owl/Hena	0.3126	0.2838	0.4336	0.2865	0.173	-0.055	0.393	49.89	0.423	0.422	544	567	-0.371429	0.089947	
A/Eurasian_Teal/Hong_Kong	0.3200	0.2822	0.4322	0.2809	0.173	-0.071	0.385	49.82	0.418	0.422	543	567	-0.384656	0.089947	
A/Eurasian_Teal/Hong_Kong	0.3229	0.2806	0.4347	0.2781	0.174	-0.077	0.381	49.42	0.414	0.420	543	567	-0.383598	0.089947	
A/Eurasian_Wigeon/Hong_Ko	0.3200	0.2822	0.4347	0.2781	0.173	-0.074	0.383	49.62	0.416	0.421	543	567	-0.384656	0.089947	
A/Eurasian_Wigeon/Hong_Ko	0.3200	0.2822	0.4347	0.2781	0.173	-0.074	0.383	49.62	0.416	0.421	543	567	-0.384656	0.089947	
A/Falcated_Duck/Ningxia/4	0.3370	0.2572	0.4497	0.2632	0.160	-0.104	0.363	50.54	0.389	0.413	542	567	-0.395767	0.089947	
A/Falco_peregrinus/Beijin	0.3267	0.2711	0.4383	0.2801	0.169	-0.090	0.374	48.88	0.409	0.419	543	567	-0.399824	0.091711	
A/feline/Guangdong/2/2014	0.3274	0.2633	0.4573	0.2611	0.163	-0.090	0.372	49.75	0.392	0.413	543	567	-0.404762	0.089947	
A/Fujian/1/2005|EPI_ISL_2	0.3252	0.2739	0.4598	0.2612	0.178	-0.075	0.385	48.29	0.396	0.410	545	567	-0.409700	0.093474	
A/Fujian/1/2007|EPI_ISL_7	0.3281	0.2768	0.4509	0.2612	0.175	-0.080	0.381	48.44	0.400	0.413	543	567	-0.394356	0.091711	
A/Fujian/1/2024(H5N6)|EPI	0.3385	0.2561	0.4534	0.2661	0.158	-0.127	0.352	50.91	0.387	0.406	542	566	-0.398410	0.090106	
A/Fujian/2/2024(H5N6)|EPI	0.3430	0.2539	0.4559	0.2605	0.157	-0.134	0.349	50.71	0.382	0.403	542	566	-0.396466	0.090106	
A/Fujian-Sanyuan/21099/20	0.3259	0.2790	0.4242	0.2873	0.179	-0.064	0.388	50.78	0.420	0.420	541	564	-0.359220	0.090426	
A/Fujian-Sanyuan/21099/20	0.3252	0.2784	0.4286	0.2849	0.177	-0.064	0.388	50.23	0.417	0.419	544	567	-0.385714	0.089947	
A/Gadwall/Ningxia/472-7/2	0.3370	0.2550	0.4523	0.2632	0.161	-0.104	0.363	50.21	0.387	0.412	542	567	-0.395767	0.089947	
A/Gallinago_Stenura/Hong_	0.3200	0.2822	0.4372	0.2753	0.173	-0.071	0.385	49.59	0.414	0.420	543	567	-0.384656	0.089947	
A/Gallinula_chloropus/Gua	0.3296	0.2677	0.4534	0.2563	0.162	-0.095	0.369	50.01	0.393	0.414	542	567	-0.405467	0.089947	
A/Goose/_Guangdong_/JG125	0.3370	0.2594	0.4559	0.2563	0.164	-0.089	0.373	50.18	0.386	0.412	542	567	-0.404409	0.089947	
A/Goose/_Guangdong_/SSLBY	0.3319	0.2655	0.4584	0.2535	0.164	-0.085	0.376	50.56	0.389	0.414	543	567	-0.423457	0.088183	
A/Goose/_Guangdong_/SSZYP	0.3355	0.2605	0.4447	0.2667	0.166	-0.087	0.374	50.43	0.394	0.416	543	567	-0.391711	0.089947	
A/goose/Anhui/AH350/2015|	0.3326	0.2705	0.4536	0.2500	0.169	-0.067	0.385	50.46	0.390	0.412	543	567	-0.406173	0.091711	
A/goose/Changhua/15040008	0.3113	0.2870	0.4472	0.2661	0.168	-0.083	0.377	49.98	0.414	0.418	544	567	-0.367372	0.089947	
A/goose/Chiayi/15010008-3	0.3142	0.2810	0.4461	0.2717	0.169	-0.084	0.377	50.16	0.412	0.417	544	567	-0.366843	0.089947	
A/goose/Chiayi/15010016-1	0.3119	0.2832	0.4461	0.2717	0.169	-0.081	0.379	50.08	0.414	0.417	544	567	-0.366843	0.089947	
A/goose/Chiayi/15020022/2	0.3164	0.2788	0.4486	0.2689	0.169	-0.084	0.377	50.13	0.408	0.416	544	567	-0.366843	0.089947	
A/goose/Chiayi/16010017-2	0.3053	0.2898	0.4511	0.2646	0.172	-0.075	0.382	49.50	0.415	0.419	544	567	-0.376543	0.089947	
A/goose/Chiayi/16040003-1	0.3156	0.2844	0.4497	0.2640	0.172	-0.079	0.379	50.36	0.409	0.415	543	567	-0.367019	0.089947	
A/goose/Chiayi/16040005/2	0.3156	0.2844	0.4484	0.2676	0.173	-0.077	0.381	50.42	0.411	0.414	543	567	-0.370370	0.089947	
A/goose/Chiayi/17020027-1	0.3075	0.2788	0.4536	0.2745	0.166	-0.081	0.377	49.37	0.412	0.417	544	567	-0.359259	0.089947	
A/goose/Chiayi/17040014/2	0.3164	0.2788	0.4484	0.2712	0.165	-0.091	0.372	50.10	0.409	0.415	543	567	-0.355908	0.089947	
A/goose/Chiayi/18010006/2	0.3119	0.2743	0.4561	0.2709	0.164	-0.089	0.373	49.22	0.406	0.413	544	567	-0.361199	0.089947	
A/goose/Chiayi/18020014-2	0.3135	0.2737	0.4561	0.2682	0.164	-0.089	0.373	49.15	0.404	0.413	544	567	-0.355732	0.089947	
A/goose/China/1/2021|EPI_	0.3222	0.2800	0.4271	0.2865	0.173	-0.061	0.390	50.61	0.420	0.420	543	567	-0.389065	0.089947	
A/goose/China/0701/2018|E	0.3444	0.2517	0.4525	0.2556	0.162	-0.119	0.357	50.24	0.379	0.409	543	566	-0.392756	0.090106	
A/goose/China/1106/2016|E	0.3097	0.2832	0.4625	0.2556	0.172	-0.061	0.389	50.41	0.404	0.415	545	567	-0.379718	0.089947	
A/goose/China/E43/2012|EP	0.3172	0.2687	0.4571	0.2761	0.165	-0.105	0.365	49.49	0.404	0.414	545	568	-0.418838	0.093310	
A/goose/Chongqing/SD003/2	0.3133	0.2867	0.4322	0.2837	0.177	-0.049	0.396	50.20	0.424	0.422	543	567	-0.362258	0.089947	
A/goose/Eastern_China/CZ/	0.3318	0.2695	0.4325	0.2798	0.176	-0.073	0.382	51.91	0.408	0.417	544	567	-0.368607	0.089947	
A/goose/Eastern_China/L12	0.3149	0.2794	0.4525	0.2646	0.169	-0.076	0.381	51.18	0.406	0.417	544	567	-0.379012	0.089947	
A/goose/Eastern_China/L12	0.3244	0.2733	0.4534	0.2598	0.169	-0.079	0.378	50.44	0.399	0.415	542	567	-0.380247	0.089947	
A/goose/Eastern_China/S04	0.3244	0.2756	0.4386	0.2750	0.176	-0.069	0.384	51.89	0.410	0.419	544	567	-0.383951	0.089947	
A/goose/Eastern_China/S05	0.3348	0.2639	0.4509	0.2591	0.165	-0.086	0.375	50.33	0.391	0.413	542	567	-0.404409	0.089947	
A/goose/Fujian/3.15_FZHX0	0.3326	0.2639	0.4450	0.2659	0.167	-0.100	0.368	51.08	0.396	0.415	543	566	-0.397173	0.090106	
A/goose/Fujian/3.15_FZHX0	0.3326	0.2639	0.4450	0.2659	0.167	-0.100	0.368	51.08	0.396	0.415	543	566	-0.397173	0.090106	
A/goose/Fujian/3.15_FZHX0	0.3333	0.2622	0.4489	0.2624	0.165	-0.103	0.366	50.94	0.392	0.413	543	566	-0.397173	0.090106	
A/goose/Fujian/3.15_FZHX0	0.3311	0.2667	0.4439	0.2667	0.165	-0.103	0.366	50.91	0.398	0.415	543	566	-0.398233	0.090106	
A/goose/Fujian/3.15_FZHX0	0.3326	0.2661	0.4450	0.2639	0.165	-0.100	0.368	51.28	0.396	0.415	543	566	-0.392226	0.090106	
A/goose/Fujian/10.11_FZHX	0.3274	0.2673	0.4545	0.2626	0.166	-0.086	0.377	50.02	0.396	0.415	541	566	-0.415724	0.090106	
A/goose/Fujian/10.26_FZHX	0.3371	0.2612	0.4598	0.2528	0.166	-0.082	0.378	50.16	0.384	0.410	542	566	-0.433039	0.090106	
A/goose/Fujian/10.26_FZHX	0.3371	0.2612	0.4598	0.2528	0.166	-0.082	0.378	50.16	0.384	0.410	542	566	-0.433039	0.090106	
A/goose/Fujian/10.26_FZHX	0.3378	0.2617	0.4635	0.2479	0.167	-0.079	0.381	50.13	0.381	0.409	541	566	-0.437103	0.090106	
A/goose/Fujian/10.26_FZHX	0.3378	0.2617	0.4635	0.2479	0.167	-0.079	0.381	50.13	0.381	0.409	541	566	-0.437103	0.090106	
A/goose/Fujian/10.26_FZHX	0.3378	0.2617	0.4635	0.2479	0.167	-0.079	0.381	50.13	0.381	0.409	541	566	-0.437103	0.090106	
A/goose/Fujian/10.26_FZHX	0.3378	0.2617	0.4635	0.2479	0.167	-0.079	0.381	50.13	0.381	0.409	541	566	-0.437103	0.090106	
A/goose/Fujian/10.26_FZHX	0.3363	0.2606	0.4612	0.2521	0.166	-0.084	0.378	50.11	0.383	0.410	543	567	-0.433686	0.089947	
A/goose/Fujian/10.26_FZHX	0.3378	0.2617	0.4635	0.2479	0.167	-0.079	0.381	50.13	0.381	0.409	541	566	-0.437103	0.090106	
A/goose/Fujian/10.26_FZHX	0.3371	0.2612	0.4598	0.2528	0.166	-0.082	0.378	50.16	0.384	0.410	542	566	-0.433039	0.090106	
A/goose/Fujian/11.3_FZHX1	0.3267	0.2667	0.4559	0.2618	0.165	-0.087	0.376	49.99	0.395	0.415	542	567	-0.416402	0.089947	
A/goose/Guangdong/03.27_D	0.3274	0.2655	0.4523	0.2639	0.163	-0.093	0.370	50.10	0.396	0.413	543	567	-0.404762	0.089947	
A/goose/Guangdong/04.22_D	0.3311	0.2627	0.4536	0.2611	0.163	-0.090	0.371	50.21	0.392	0.411	544	567	-0.395944	0.089947	
A/goose/Guangdong/04.22_D	0.3333	0.2644	0.4573	0.2535	0.159	-0.090	0.373	50.90	0.387	0.411	542	567	-0.413228	0.089947	
A/goose/Guangdong/04.22_D	0.3333	0.2644	0.4573	0.2535	0.159	-0.090	0.373	50.99	0.387	0.412	542	567	-0.408818	0.089947	
A/goose/Guangdong/04.22_D	0.3333	0.2644	0.4573	0.2535	0.159	-0.090	0.373	50.99	0.387	0.412	542	567	-0.408818	0.089947	
A/goose/Guangdong/04.23_D	0.3289	0.2627	0.4573	0.2583	0.162	-0.090	0.372	49.92	0.390	0.412	543	567	-0.399295	0.089947	
A/goose/Guangdong/04.23_D	0.3296	0.2633	0.4573	0.2583	0.164	-0.087	0.374	49.93	0.390	0.412	543	567	-0.404762	0.089947	
A/goose/Guangdong/04.23_D	0.3392	0.2533	0.4561	0.2576	0.161	-0.110	0.360	50.31	0.382	0.411	544	567	-0.390653	0.089947	
A/goose/Guangdong/04.23_D	0.3296	0.2633	0.4523	0.2646	0.163	-0.088	0.374	49.95	0.394	0.414	543	567	-0.408466	0.089947	
A/goose/Guangdong/7.20_DG	0.3326	0.2639	0.4550	0.2556	0.165	-0.100	0.368	50.88	0.389	0.412	543	566	-0.396643	0.090106	
A/goose/Guangdong/k0103/2	0.3252	0.2739	0.4586	0.2570	0.170	-0.069	0.388	51.05	0.395	0.413	544	568	-0.438556	0.091549	
A/Goose/Guangdong/PO17072	0.3333	0.2583	0.4613	0.2528	0.159	-0.108	0.362	49.49	0.382	0.410	544	566	-0.412014	0.090106	
A/goose/Guangdong/QY01/20	0.3451	0.2500	0.4697	0.2409	0.162	-0.100	0.368	49.29	0.368	0.406	541	566	-0.418021	0.090106	
A/goose/Guangdong/S230/20	0.3304	0.2639	0.4386	0.2813	0.161	-0.114	0.360	51.52	0.404	0.415	544	566	-0.401767	0.091873	
A/goose/Guangdong/S4751/2	0.3135	0.2804	0.4358	0.2873	0.172	-0.064	0.388	50.58	0.421	0.422	544	567	-0.371958	0.089947	
A/goose/Guangdong/s13124/	0.3274	0.2673	0.4525	0.2674	0.167	-0.092	0.371	50.91	0.397	0.413	544	567	-0.383774	0.089947	
A/goose/Guangdong/SH7/201	0.3289	0.2733	0.4408	0.2682	0.167	-0.083	0.376	51.01	0.404	0.416	542	567	-0.403175	0.089947	
A/goose/Guangdong/YJD/201	0.3378	0.2600	0.4484	0.2654	0.163	-0.089	0.373	49.87	0.391	0.412	542	567	-0.429806	0.088183	
A/goose/Guangxi/S20601/20	0.3140	0.2851	0.4375	0.2765	0.173	-0.056	0.392	50.68	0.418	0.421	543	567	-0.377954	0.089947	
A/goose/Guizhou/S1541/202	0.3133	0.2867	0.4372	0.2773	0.173	-0.060	0.390	50.17	0.420	0.422	543	567	-0.370900	0.089947	
A/goose/Henan/01.01_LYGL0	0.3296	0.2628	0.4559	0.2611	0.164	-0.093	0.372	49.55	0.392	0.413	541	566	-0.409541	0.090106	
A/goose/Henan/S1315/2021|	0.3156	0.2844	0.4358	0.2809	0.177	-0.048	0.398	50.34	0.420	0.421	543	567	-0.390124	0.089947	
A/goose/Hubei/113/2014|EP	0.3318	0.2717	0.4433	0.2654	0.171	-0.078	0.380	50.69	0.400	0.414	542	567	-0.391182	0.089947	
A/goose/HuBei/117/2014|EP	0.3311	0.2711	0.4433	0.2654	0.170	-0.077	0.380	50.96	0.400	0.415	542	567	-0.392240	0.089947	
A/goose/Hunan/81/2014|EPI	0.3392	0.2594	0.4372	0.2750	0.163	-0.103	0.365	50.65	0.398	0.414	543	567	-0.410406	0.089947	
A/goose/Hunan/82/2014|EPI	0.3392	0.2594	0.4447	0.2667	0.164	-0.096	0.368	50.17	0.392	0.413	543	567	-0.410406	0.089947	
A/goose/Hunan/107/2014|EP	0.3311	0.2711	0.4433	0.2654	0.170	-0.077	0.380	50.96	0.400	0.415	542	567	-0.392240	0.089947	
A/goose/Hunan/109/2014|EP	0.3267	0.2733	0.4433	0.2682	0.170	-0.070	0.384	51.37	0.404	0.416	542	567	-0.398765	0.089947	
A/goose/Hunan/110/2014|EP	0.3318	0.2717	0.4433	0.2646	0.171	-0.078	0.380	50.66	0.400	0.415	542	567	-0.400353	0.089947	
A/goose/Hunan/111/2014|EP	0.3318	0.2717	0.4433	0.2654	0.171	-0.078	0.380	50.69	0.400	0.414	542	567	-0.391182	0.089947	
A/goose/Hunan/115/2014|EP	0.3311	0.2711	0.4433	0.2654	0.170	-0.077	0.380	50.96	0.400	0.415	542	567	-0.392240	0.089947	
A/goose/Hunan/116/2014|EP	0.3318	0.2717	0.4433	0.2654	0.171	-0.078	0.380	50.69	0.400	0.414	542	567	-0.391182	0.089947	
A/goose/Hunan/155/2014|EP	0.3326	0.2661	0.4497	0.2611	0.163	-0.096	0.368	49.74	0.394	0.413	543	567	-0.410406	0.089947	
A/goose/Hunan/159/2014|EP	0.3392	0.2594	0.4422	0.2694	0.164	-0.093	0.370	50.63	0.394	0.413	543	567	-0.410406	0.089947	
A/goose/Hunan/160/2014|EP	0.3400	0.2600	0.4447	0.2667	0.165	-0.094	0.370	50.36	0.392	0.412	543	567	-0.409347	0.089947	
A/goose/Hunan/161/2014|EP	0.3408	0.2606	0.4548	0.2556	0.169	-0.079	0.379	50.54	0.385	0.409	543	567	-0.413228	0.089947	
A/goose/Hunan/HN11/2015|E	0.3319	0.2611	0.4598	0.2556	0.163	-0.087	0.374	49.91	0.387	0.411	543	567	-0.404762	0.089947	
A/goose/Hunan/HN22/2015|E	0.3348	0.2616	0.4484	0.2646	0.164	-0.094	0.369	51.63	0.393	0.413	542	567	-0.391534	0.089947	
A/goose/Hunan/HN57/2015|E	0.3348	0.2661	0.4484	0.2591	0.165	-0.091	0.371	51.35	0.393	0.413	542	567	-0.391534	0.089947	
A/goose/Hunan/HN88/2015|E	0.3311	0.2711	0.4433	0.2654	0.170	-0.077	0.380	50.96	0.400	0.415	542	567	-0.392240	0.089947	
A/goose/Hunan/HN90/2015|E	0.3311	0.2711	0.4433	0.2654	0.170	-0.077	0.380	50.96	0.400	0.415	542	567	-0.392240	0.089947	
A/goose/Hunan/HN310/2015|	0.3156	0.2867	0.4433	0.2654	0.168	-0.080	0.378	50.71	0.413	0.419	542	567	-0.392240	0.089947	
A/goose/Hunan/HN311/2015|	0.3178	0.2844	0.4458	0.2626	0.168	-0.084	0.376	50.17	0.410	0.418	542	567	-0.392240	0.089947	
A/goose/Hunan/HN314/2015|	0.3370	0.2550	0.4598	0.2556	0.166	-0.085	0.375	50.15	0.382	0.409	542	567	-0.395238	0.089947	
A/goose/Hunan/HN315/2015|	0.3370	0.2550	0.4598	0.2556	0.166	-0.085	0.375	50.15	0.382	0.409	542	567	-0.395238	0.089947	
A/goose/Hunan/HN316/2015|	0.3363	0.2588	0.4534	0.2618	0.165	-0.090	0.372	50.36	0.389	0.410	543	567	-0.409700	0.089947	
A/goose/Hunan/HN317/2015|	0.3385	0.2544	0.4548	0.2611	0.165	-0.090	0.372	50.04	0.385	0.410	543	567	-0.404762	0.089947	
A/goose/Hunan/HN318/2015|	0.3385	0.2544	0.4548	0.2611	0.165	-0.090	0.372	50.04	0.385	0.410	543	567	-0.404762	0.089947	
A/goose/Hunan/HN319/2015|	0.3385	0.2566	0.4573	0.2556	0.166	-0.090	0.372	49.80	0.383	0.410	543	567	-0.404762	0.089947	
A/goose/Hunan/S11288/2021	0.3156	0.2778	0.4397	0.2837	0.173	-0.063	0.389	50.31	0.416	0.420	543	567	-0.376014	0.089947	
A/goose/Hunan/SE284/2022(	0.3289	0.2689	0.4397	0.2773	0.169	-0.089	0.374	49.17	0.405	0.418	543	567	-0.381305	0.091711	
A/goose/Inner_Mongolia/IM	0.3200	0.2867	0.4456	0.2735	0.174	-0.078	0.383	50.28	0.413	0.413	545	567	-0.426279	0.093474	
A/goose/Jiangsu/k0403/201	0.3125	0.2879	0.4582	0.2714	0.177	-0.079	0.382	49.28	0.411	0.411	545	567	-0.403527	0.095238	
A/goose/Jiangsu/QD5/2014|	0.3311	0.2667	0.4375	0.2762	0.174	-0.078	0.379	51.75	0.404	0.418	544	567	-0.380423	0.089947	
A/goose/Jiangsu/S1385/202	0.3156	0.2844	0.4347	0.2809	0.176	-0.047	0.398	50.93	0.420	0.422	543	567	-0.376014	0.089947	
A/goose/Jiangxi/01.09_NFJ	0.3311	0.2711	0.4433	0.2654	0.170	-0.077	0.380	50.96	0.400	0.415	542	567	-0.392240	0.089947	
A/goose/Jilin/04.04_SY003	0.3422	0.2600	0.4484	0.2598	0.167	-0.087	0.375	50.24	0.387	0.412	542	567	-0.398413	0.089947	
A/goose/Jilin/S4034/2019(	0.3154	0.2953	0.4391	0.2792	0.177	-0.065	0.392	51.31	0.423	0.414	544	567	-0.443563	0.093474	
A/goose/Liaoning/S1266/20	0.3156	0.2867	0.4318	0.2825	0.176	-0.050	0.397	50.30	0.423	0.422	542	567	-0.380071	0.089947	
A/goose/Pingtung/15010007	0.3142	0.2810	0.4461	0.2717	0.168	-0.087	0.375	50.20	0.412	0.416	544	567	-0.366843	0.089947	
A/goose/Pingtung/15010037	0.3142	0.2810	0.4461	0.2717	0.169	-0.084	0.377	50.16	0.412	0.417	544	567	-0.366843	0.089947	
A/goose/Pingtung/15050014	0.3142	0.2810	0.4484	0.2712	0.167	-0.082	0.378	50.23	0.411	0.415	543	567	-0.352205	0.089947	
A/goose/Pingtung/16010061	0.3142	0.2810	0.4509	0.2684	0.167	-0.082	0.378	50.18	0.409	0.414	543	567	-0.356614	0.089947	
A/Goose/Qingyuan/16875/20	0.3319	0.2588	0.4548	0.2639	0.160	-0.110	0.361	48.83	0.390	0.412	543	567	-0.396825	0.089947	
A/goose/Shandong/01.01_JY	0.3068	0.2848	0.4575	0.2611	0.172	-0.057	0.391	50.37	0.409	0.418	545	567	-0.380776	0.089947	
A/goose/Shandong/01.07_JQ	0.3091	0.2826	0.4613	0.2541	0.173	-0.060	0.389	50.39	0.404	0.417	545	567	-0.376543	0.089947	
A/goose/Shandong/02.16_YG	0.3370	0.2639	0.4523	0.2535	0.163	-0.087	0.373	50.91	0.387	0.411	542	567	-0.382011	0.089947	
A/goose/Shandong/02.26_GD	0.3348	0.2616	0.4509	0.2618	0.166	-0.082	0.376	50.72	0.391	0.412	542	567	-0.400882	0.089947	
A/goose/Shandong/03.10_HZ	0.3192	0.2879	0.4633	0.2564	0.176	-0.079	0.383	49.33	0.402	0.409	545	567	-0.430511	0.093474	
A/goose/Shandong/03.16_JN	0.3282	0.2683	0.4550	0.2633	0.169	-0.076	0.382	50.63	0.394	0.410	545	567	-0.368254	0.089947	
A/goose/Shandong/04.22_GT	0.3062	0.2841	0.4575	0.2604	0.172	-0.053	0.393	50.53	0.409	0.419	545	567	-0.382363	0.089947	
A/goose/Shandong/05.23_AY	0.3244	0.2778	0.4325	0.2778	0.172	-0.067	0.386	52.01	0.414	0.419	544	567	-0.378660	0.089947	
A/goose/Shandong/05.23_DT	0.3267	0.2756	0.4325	0.2778	0.173	-0.067	0.386	52.07	0.412	0.419	544	567	-0.378660	0.089947	
A/goose/Shandong/06.14_HZ	0.3244	0.2778	0.4350	0.2750	0.173	-0.070	0.384	51.88	0.412	0.419	544	567	-0.378660	0.089947	
A/goose/Shandong/11.02_CQ	0.3222	0.2756	0.4525	0.2654	0.171	-0.060	0.391	50.69	0.402	0.413	545	567	-0.373721	0.089947	
A/goose/Shandong/12.05_YG	0.3378	0.2622	0.4536	0.2528	0.163	-0.087	0.373	50.88	0.386	0.410	542	567	-0.382011	0.089947	
A/goose/Shandong/12.08_YG	0.3178	0.2778	0.4225	0.2948	0.173	-0.073	0.382	51.59	0.426	0.427	544	567	-0.385009	0.089947	
A/Goose/Shandong/21153-3/	0.3156	0.2844	0.4347	0.2809	0.175	-0.054	0.394	50.50	0.420	0.422	543	567	-0.376014	0.089947	
A/goose/Shandong/GD-GS/20	0.3251	0.2758	0.4353	0.2790	0.177	-0.064	0.388	51.39	0.412	0.417	544	567	-0.370900	0.089947	
A/goose/Shandong/GS/2013(	0.3125	0.2924	0.4559	0.2635	0.176	-0.069	0.389	49.85	0.411	0.413	545	567	-0.427513	0.093474	
A/goose/Shandong/LQ01694/	0.3215	0.2749	0.4586	0.2577	0.166	-0.091	0.373	51.02	0.397	0.414	544	567	-0.386243	0.089947	
A/goose/Tainan/16040018-1	0.3119	0.2832	0.4484	0.2712	0.168	-0.079	0.379	50.62	0.413	0.416	543	567	-0.355908	0.089947	
A/goose/Tainan/16070002/2	0.3119	0.2810	0.4509	0.2712	0.167	-0.081	0.378	50.46	0.411	0.415	543	567	-0.362434	0.089947	
A/goose/Tainan/17030022-1	0.3119	0.2743	0.4561	0.2717	0.165	-0.088	0.373	49.30	0.406	0.415	544	567	-0.359259	0.089947	
A/goose/Tainan/17030024-1	0.3091	0.2759	0.4575	0.2682	0.162	-0.094	0.369	49.42	0.406	0.416	544	567	-0.355556	0.089947	
A/goose/Tainan/18010022-1	0.3068	0.2781	0.4536	0.2737	0.163	-0.089	0.373	50.17	0.412	0.416	544	567	-0.358554	0.089947	
A/goose/Tainan/18050014-1	0.3044	0.2800	0.4561	0.2758	0.168	-0.086	0.375	49.82	0.414	0.416	544	567	-0.361729	0.089947	
A/goose/Taiwan/01019/2015	0.3208	0.2765	0.4486	0.2661	0.170	-0.084	0.377	50.79	0.404	0.416	544	567	-0.366843	0.089947	
A/goose/Taiwan/01022/2015	0.3119	0.2832	0.4461	0.2717	0.170	-0.081	0.379	50.19	0.414	0.417	544	567	-0.366843	0.089947	
A/goose/Taiwan/01023/2015	0.3119	0.2832	0.4461	0.2717	0.169	-0.081	0.379	50.08	0.414	0.417	544	567	-0.366843	0.089947	
A/goose/Taiwan/01031/2015	0.3142	0.2810	0.4461	0.2717	0.169	-0.084	0.377	50.16	0.412	0.417	544	567	-0.366843	0.089947	
A/goose/Taiwan/01038/2015	0.3164	0.2788	0.4461	0.2717	0.169	-0.084	0.377	50.12	0.410	0.416	544	567	-0.366843	0.089947	
A/goose/Taiwan/01039/2015	0.3164	0.2788	0.4472	0.2732	0.168	-0.084	0.377	50.00	0.410	0.415	544	567	-0.371076	0.089947	
A/goose/Taiwan/01040/2015	0.3142	0.2810	0.4461	0.2717	0.169	-0.084	0.377	50.16	0.412	0.417	544	567	-0.367019	0.089947	
A/goose/Taiwan/a015/2015|	0.3208	0.2765	0.4511	0.2633	0.169	-0.084	0.377	50.78	0.403	0.414	544	567	-0.366843	0.089947	
A/goose/Taiwan/TNC1/2015|	0.3142	0.2788	0.4511	0.2689	0.168	-0.084	0.377	50.10	0.408	0.416	544	567	-0.382892	0.089947	
A/goose/Taiwan/TNC3/2015|	0.3193	0.2772	0.4486	0.2689	0.170	-0.088	0.375	49.85	0.406	0.414	544	567	-0.365785	0.089947	
A/goose/Taiwan/TNC4/2015|	0.3208	0.2765	0.4486	0.2661	0.169	-0.084	0.377	50.77	0.404	0.415	544	567	-0.366843	0.089947	
A/goose/Taiwan/TNC9/2015|	0.3193	0.2772	0.4486	0.2689	0.170	-0.088	0.375	49.85	0.406	0.414	544	567	-0.365785	0.089947	
A/goose/Taiwan/TNC10/2015	0.3142	0.2788	0.4511	0.2689	0.168	-0.083	0.377	49.95	0.408	0.416	544	567	-0.373369	0.089947	
A/goose/Taiwan/TNC12/2015	0.3142	0.2788	0.4511	0.2689	0.168	-0.083	0.377	49.95	0.408	0.416	544	567	-0.373369	0.089947	
A/goose/Taiwan/TNC14/2015	0.3142	0.2788	0.4511	0.2689	0.168	-0.083	0.377	49.95	0.408	0.416	544	567	-0.373369	0.089947	
A/goose/Taiwan/TNO3/2015|	0.3142	0.2810	0.4461	0.2717	0.170	-0.081	0.379	50.14	0.412	0.417	544	567	-0.366843	0.089947	
A/goose/Taiwan/TNO9/2015|	0.3208	0.2765	0.4486	0.2661	0.169	-0.084	0.377	50.77	0.404	0.415	544	567	-0.366843	0.089947	
A/goose/Taiwan/TNO15/2015	0.3208	0.2765	0.4486	0.2661	0.169	-0.084	0.377	50.77	0.404	0.415	544	567	-0.366843	0.089947	
A/goose/Taiwan/TNO17/2015	0.3142	0.2788	0.4511	0.2689	0.168	-0.083	0.377	49.95	0.408	0.416	544	567	-0.373369	0.089947	
A/goose/Taoyuan/15010041/	0.3186	0.2765	0.4486	0.2689	0.169	-0.087	0.375	50.15	0.406	0.415	544	567	-0.366843	0.089947	
A/goose/Taoyuan/18120002-	0.3060	0.2772	0.4548	0.2758	0.166	-0.084	0.376	49.62	0.413	0.417	543	567	-0.368430	0.089947	
A/goose/Xinjiang/12.18_WL	0.3311	0.2644	0.4372	0.2770	0.162	-0.106	0.363	51.35	0.404	0.418	542	567	-0.394356	0.091711	
A/goose/Xinjiang/12.18_WL	0.3311	0.2644	0.4372	0.2770	0.162	-0.106	0.363	51.35	0.404	0.418	542	567	-0.394356	0.091711	
A/goose/Xinjiang/12.18_WL	0.3252	0.2806	0.4347	0.2773	0.180	-0.053	0.395	50.67	0.414	0.416	544	567	-0.387478	0.091711	
A/goose/Xinjiang/12.18_WL	0.3252	0.2806	0.4347	0.2773	0.180	-0.053	0.395	50.67	0.414	0.416	544	567	-0.387478	0.091711	
A/goose/Xinjiang/12.18_WL	0.3252	0.2806	0.4347	0.2773	0.180	-0.053	0.395	50.67	0.414	0.416	544	567	-0.387478	0.091711	
A/goose/Xinjiang/12.18_WL	0.3252	0.2806	0.4347	0.2773	0.180	-0.053	0.395	50.67	0.414	0.416	544	567	-0.387478	0.091711	
A/goose/Yangzhou/0420/201	0.3289	0.2711	0.4361	0.2770	0.173	-0.072	0.382	51.65	0.408	0.419	544	567	-0.380600	0.089947	
A/goose/Yangzhou/YZ587/20	0.3318	0.2695	0.4458	0.2646	0.166	-0.089	0.373	51.22	0.399	0.415	542	567	-0.398236	0.089947	
A/goose/Yunlin/15010005/2	0.3149	0.2816	0.4472	0.2697	0.169	-0.083	0.378	50.24	0.411	0.416	543	567	-0.371076	0.089947	
A/goose/Yunlin/15010009-1	0.3142	0.2810	0.4461	0.2717	0.169	-0.084	0.377	50.16	0.412	0.417	544	567	-0.366843	0.089947	
A/goose/Yunlin/15010010-2	0.3142	0.2810	0.4461	0.2717	0.169	-0.084	0.377	50.16	0.412	0.417	544	567	-0.367019	0.089947	
A/goose/Yunlin/15010011-1	0.3142	0.2810	0.4461	0.2717	0.169	-0.084	0.377	50.16	0.412	0.417	544	567	-0.367019	0.089947	
A/goose/Yunlin/15040040/2	0.3208	0.2765	0.4511	0.2633	0.169	-0.084	0.377	50.78	0.403	0.414	544	567	-0.366843	0.089947	
A/goose/Yunlin/16020008-4	0.3156	0.2844	0.4497	0.2633	0.174	-0.077	0.381	50.42	0.409	0.415	543	567	-0.374780	0.089947	
A/goose/Yunlin/16020011-1	0.3200	0.2800	0.4497	0.2640	0.172	-0.083	0.378	50.41	0.405	0.413	543	567	-0.365609	0.089947	
A/goose/Yunlin/16040002-2	0.3156	0.2844	0.4447	0.2689	0.175	-0.074	0.383	50.38	0.413	0.416	543	567	-0.374780	0.089947	
A/goose/Yunlin/17100005/2	0.3164	0.2721	0.4623	0.2640	0.162	-0.089	0.373	49.25	0.399	0.412	544	567	-0.361728	0.091711	
A/goose/Yunlin/18030020-2	0.3186	0.2699	0.4623	0.2612	0.159	-0.108	0.361	49.26	0.396	0.410	543	567	-0.359436	0.089947	
A/goose/Yunlin/18030020-3	0.3193	0.2705	0.4635	0.2592	0.159	-0.108	0.362	49.32	0.395	0.410	542	567	-0.363492	0.089947	
A/goose/Yunlin/18040002-3	0.3126	0.2749	0.4548	0.2725	0.168	-0.072	0.383	49.73	0.407	0.414	543	567	-0.350970	0.089947	
A/goose/Yunlin/18040018-2	0.3009	0.2810	0.4561	0.2758	0.166	-0.082	0.377	49.68	0.415	0.418	544	567	-0.363139	0.089947	
A/goose/Yunlin/18090002-3	0.3009	0.2810	0.4598	0.2709	0.164	-0.081	0.378	49.56	0.413	0.417	543	567	-0.368960	0.089947	
A/goose/Yunlin/18090006-1	0.3009	0.2876	0.4662	0.2577	0.169	-0.078	0.379	49.05	0.408	0.416	544	567	-0.368783	0.089947	
A/goose/Yunlin/18110002-3	0.3053	0.2788	0.4548	0.2765	0.163	-0.095	0.369	49.59	0.414	0.416	544	567	-0.368607	0.089947	
A/goose/Yunnan/07.14_DQWC	0.3289	0.2671	0.4495	0.2626	0.162	-0.099	0.367	49.88	0.397	0.416	542	567	-0.398766	0.089947	
A/goose/Yunnan/07.14_DQWC	0.3267	0.2693	0.4495	0.2626	0.161	-0.102	0.365	49.90	0.399	0.416	542	567	-0.398766	0.089947	
A/goose/Zhejiang/77166/20	0.3244	0.2756	0.4225	0.2893	0.174	-0.069	0.384	51.94	0.421	0.424	544	567	-0.376367	0.089947	
A/goose/Zhejiang/77167/20	0.3178	0.2778	0.4514	0.2682	0.172	-0.053	0.394	50.53	0.406	0.413	545	567	-0.373192	0.089947	
A/goose/Zhejiang/77168/20	0.3178	0.2778	0.4514	0.2682	0.172	-0.053	0.394	50.43	0.406	0.413	545	567	-0.377601	0.089947	
A/goose/Zhejiang/112071/2	0.3259	0.2857	0.4532	0.2621	0.174	-0.076	0.385	50.81	0.404	0.409	545	567	-0.430511	0.093474	
A/goose/Zhejiang/112080/2	0.3282	0.2683	0.4600	0.2592	0.169	-0.076	0.382	51.13	0.391	0.409	545	567	-0.372663	0.089947	
A/goose/Zhejiang/727092/2	0.3400	0.2578	0.4548	0.2548	0.165	-0.099	0.367	49.86	0.384	0.411	542	567	-0.396296	0.088183	
A/goose/Zhejiang/727098/2	0.3185	0.2873	0.4557	0.2650	0.175	-0.075	0.385	49.65	0.407	0.410	545	567	-0.439506	0.093474	
A/goose/Zhejiang/727110/2	0.3392	0.2572	0.4548	0.2556	0.163	-0.105	0.363	49.73	0.384	0.412	542	567	-0.391182	0.089947	
A/goose/Zhejiang/925036/2	0.3363	0.2633	0.4447	0.2639	0.165	-0.092	0.372	50.71	0.394	0.414	543	567	-0.407584	0.089947	
A/goose/Zhejiang/925037/2	0.3267	0.2756	0.4325	0.2778	0.173	-0.070	0.384	52.17	0.412	0.419	544	567	-0.378660	0.089947	
A/goose/Zhejiang/925104/2	0.3267	0.2756	0.4325	0.2778	0.173	-0.070	0.384	52.17	0.412	0.419	544	567	-0.378660	0.089947	
A/goose/Zhejiang/925105/2	0.3304	0.2656	0.4625	0.2577	0.171	-0.073	0.384	50.33	0.388	0.408	544	567	-0.375838	0.089947	
A/goose/Zhejiang/925106/2	0.3267	0.2756	0.4300	0.2806	0.171	-0.071	0.384	52.08	0.414	0.421	544	567	-0.394885	0.089947	
A/goose/Zhejiang/925108/2	0.3326	0.2656	0.4625	0.2549	0.171	-0.070	0.386	50.35	0.386	0.408	544	567	-0.383951	0.089947	
A/goose/Zhejiang/1120132/	0.3259	0.2705	0.4600	0.2592	0.168	-0.079	0.380	51.11	0.393	0.409	545	567	-0.373192	0.089947	
A/goose/Zhejiang/S1266/20	0.3156	0.2844	0.4296	0.2865	0.175	-0.054	0.394	50.84	0.424	0.423	543	567	-0.376014	0.089947	
A/Great_black-headed_Gull	0.3244	0.2819	0.4646	0.2564	0.176	-0.085	0.380	49.26	0.396	0.406	545	567	-0.415344	0.093474	
A/Great_Black-headed_Gull	0.3229	0.2784	0.4300	0.2841	0.175	-0.070	0.384	50.06	0.417	0.419	544	567	-0.386773	0.089947	
A/Great_black-headed_Gull	0.3274	0.2780	0.4660	0.2564	0.177	-0.087	0.380	49.27	0.393	0.404	545	567	-0.419048	0.093474	
A/Great_Cormorant/Hubei/c	0.3333	0.2689	0.4408	0.2682	0.169	-0.081	0.378	51.47	0.400	0.415	542	567	-0.406173	0.089947	
A/Great_Cormorant/Hubei/c	0.3139	0.2870	0.4608	0.2642	0.172	-0.104	0.368	50.45	0.407	0.410	543	567	-0.415873	0.095238	
A/Great_Cormorant/Hubei/c	0.3139	0.2870	0.4619	0.2650	0.171	-0.108	0.366	50.31	0.407	0.410	543	567	-0.421340	0.095238	
A/Great_Cormorant/Hubei/c	0.3333	0.2689	0.4408	0.2682	0.169	-0.081	0.378	51.47	0.400	0.415	542	567	-0.406173	0.089947	
A/Great_Cormorant/Hubei/V	0.3139	0.2870	0.4670	0.2593	0.173	-0.100	0.370	49.56	0.403	0.409	543	567	-0.422751	0.095238	
A/Great_Cormorant/Hubei/V	0.3139	0.2870	0.4670	0.2593	0.172	-0.104	0.368	49.46	0.403	0.408	543	567	-0.421340	0.095238	
A/Great_Cormorant/Hubei/V	0.3177	0.2841	0.4682	0.2571	0.169	-0.111	0.365	49.63	0.400	0.406	543	567	-0.420635	0.095238	
A/Great_Cormorant/Qinghai	0.3274	0.2762	0.4307	0.2829	0.176	-0.072	0.383	50.03	0.414	0.417	543	567	-0.395415	0.089947	
A/Great_Cormorant/Qinghai	0.3244	0.2778	0.4322	0.2829	0.175	-0.070	0.384	50.06	0.415	0.417	544	567	-0.391535	0.089947	
A/Great_Cormorant/Qinghai	0.3274	0.2762	0.4307	0.2829	0.176	-0.072	0.383	50.03	0.414	0.417	543	567	-0.395415	0.089947	
A/Great_Crested_Grebe/Qin	0.3089	0.2911	0.4311	0.2849	0.177	-0.054	0.393	50.85	0.428	0.422	544	567	-0.386773	0.089947	
A/grebe/Ningxia/SD001/202	0.3133	0.2844	0.4372	0.2801	0.174	-0.060	0.390	50.14	0.420	0.422	543	567	-0.376543	0.089947	
A/grebe/Shaanxi/SD001/202	0.3156	0.2822	0.4372	0.2801	0.173	-0.056	0.392	50.08	0.418	0.421	543	567	-0.377249	0.089947	
A/grebe/Shandong/SC184/20	0.3156	0.2844	0.4271	0.2893	0.174	-0.060	0.390	50.95	0.425	0.423	543	567	-0.376014	0.089947	
A/green-winged_teal/Guang	0.3200	0.2800	0.4347	0.2801	0.175	-0.061	0.390	50.30	0.416	0.421	543	567	-0.385185	0.089947	
A/Guangdong/1/2006|EPI_IS	0.3252	0.2784	0.4523	0.2605	0.177	-0.067	0.388	49.52	0.401	0.413	544	567	-0.396649	0.091711	
A/Guangdong/1/2008|EPI_IS	0.3192	0.2857	0.4472	0.2669	0.175	-0.075	0.384	50.09	0.410	0.417	544	567	-0.402469	0.091711	
A/Guangdong/2/2006|EPI_IS	0.3252	0.2806	0.4497	0.2640	0.179	-0.065	0.391	49.31	0.404	0.413	545	567	-0.410406	0.093474	
A/Guangdong/18SF020/2018-	0.3199	0.2725	0.4570	0.2611	0.161	-0.107	0.366	50.73	0.400	0.416	508	531	-0.456874	0.094162	
A/Guangdong/12903/2021|EP	0.3207	0.2762	0.4375	0.2821	0.175	-0.057	0.392	50.35	0.414	0.420	544	567	-0.373016	0.089947	
A/Guangdong/lgf/2021|EPI_	0.3200	0.2756	0.4350	0.2857	0.173	-0.057	0.392	50.61	0.415	0.420	544	567	-0.374251	0.089947	
A/Guangxi/1/2005|EPI_ISL_	0.3237	0.2812	0.4497	0.2633	0.179	-0.064	0.392	49.24	0.404	0.414	544	567	-0.420635	0.091711	
A/Guangxi/1/2005|EPI_ISL_	0.3237	0.2812	0.4497	0.2633	0.179	-0.064	0.392	49.24	0.404	0.414	544	567	-0.420635	0.091711	
A/Guangxi/1/2008|EPI_ISL_	0.3289	0.2752	0.4419	0.2797	0.182	-0.088	0.379	50.35	0.408	0.414	544	567	-0.419753	0.093474	
A/Guangxi/32797/2018|EPI_	0.3215	0.2749	0.4475	0.2639	0.168	-0.089	0.376	50.25	0.403	0.416	543	566	-0.398763	0.090106	
A/Guangxi/55726/2016|EPI_	0.3282	0.2727	0.4296	0.2813	0.167	-0.096	0.368	50.74	0.413	0.420	543	567	-0.390300	0.089947	
A/Guangzhou/39715/2014|EP	0.3348	0.2616	0.4534	0.2591	0.162	-0.096	0.369	50.22	0.389	0.413	542	567	-0.404233	0.089947	
A/Guizhou/1/2009|EPI_ISL_	0.3296	0.2739	0.4436	0.2674	0.176	-0.071	0.386	50.14	0.403	0.413	544	567	-0.395062	0.091711	
A/GX-guilin/11151/2021|EP	0.3149	0.2838	0.4347	0.2809	0.170	-0.063	0.389	50.80	0.420	0.422	543	567	-0.370547	0.089947	
A/GX-hechi/01/2021|EPI_IS	0.3267	0.2759	0.4586	0.2423	0.160	-0.092	0.372	48.54	0.390	0.413	543	566	-0.392756	0.090106	
A/Hangzhou/01/2021|EPI_IS	0.3157	0.2737	0.4389	0.2905	0.173	-0.063	0.389	50.18	0.417	0.419	547	570	-0.371404	0.091228	
A/HeFei04171/2024|EPI_ISL	0.3356	0.2644	0.4408	0.2745	0.167	-0.107	0.365	49.05	0.400	0.416	543	567	-0.414462	0.091711	
A/heron/Kaohsiung/15WB328	0.3549	0.2723	0.4311	0.2542	0.175	-0.110	0.365	51.32	0.393	0.416	540	564	-0.392376	0.093972	
A/heron/Taiwan/17DB0001/2	0.3113	0.2759	0.4575	0.2674	0.163	-0.095	0.369	49.63	0.406	0.415	545	567	-0.364374	0.089947	
A/Herring_Gull/Hubei/CH-i	0.3222	0.2800	0.4322	0.2829	0.175	-0.070	0.384	50.11	0.417	0.419	544	567	-0.390829	0.089947	
A/hill_myna/Heilongjiang/	0.3207	0.2829	0.4532	0.2707	0.171	-0.084	0.380	50.21	0.407	0.412	545	567	-0.432981	0.093474	
A/Hong_Kong/5923/2012|EPI	0.3157	0.2737	0.4724	0.2563	0.167	-0.089	0.374	49.90	0.394	0.410	546	568	-0.400000	0.093310	
A/Hubei/29578/2016_x_PR8_	0.3438	0.2589	0.4416	0.2669	0.169	-0.095	0.371	49.47	0.391	0.413	539	563	-0.377798	0.090586	
A/Hubei/29578/2016|EPI_IS	0.3422	0.2578	0.4484	0.2618	0.166	-0.094	0.371	48.76	0.387	0.412	542	566	-0.405300	0.090106	
A/Hunan/1/2006|EPI_ISL_79	0.3259	0.2768	0.4523	0.2633	0.180	-0.063	0.392	49.62	0.401	0.413	544	567	-0.405291	0.091711	
A/Hunan/1/2008|EPI_ISL_73	0.3393	0.2629	0.4495	0.2732	0.178	-0.084	0.381	49.26	0.394	0.408	543	567	-0.434568	0.093474	
A/Hunan/2/2009|EPI_ISL_79	0.3274	0.2762	0.4411	0.2702	0.177	-0.059	0.393	50.69	0.406	0.414	544	567	-0.403704	0.091711	
A/Japanese_white-eye/Taoy	0.3207	0.2829	0.4557	0.2670	0.170	-0.087	0.378	50.11	0.406	0.412	545	567	-0.433510	0.093474	
A/Jiangsu/1/2007|EPI_ISL_	0.3214	0.2835	0.4509	0.2612	0.176	-0.070	0.387	49.69	0.405	0.416	543	567	-0.408289	0.091711	
A/Jiangsu/1/2018|EPI_ISL_	0.3385	0.2566	0.4469	0.2659	0.161	-0.109	0.363	49.26	0.388	0.409	546	568	-0.378873	0.089789	
A/Jiangsu/1/2018|EPI_ISL_	0.3400	0.2578	0.4467	0.2646	0.161	-0.112	0.362	49.12	0.388	0.409	544	566	-0.389753	0.090106	
A/Jiangsu/1/2020_(H5N6)|E	0.3259	0.2705	0.4564	0.2577	0.163	-0.092	0.373	49.47	0.393	0.410	544	566	-0.389576	0.090106	
A/Jiangsu/1/2020(H5N6)|EP	0.3259	0.2705	0.4564	0.2577	0.163	-0.092	0.373	49.47	0.393	0.410	544	566	-0.389576	0.090106	
A/Jiangsu/2/2007|EPI_ISL_	0.3214	0.2835	0.4509	0.2612	0.176	-0.070	0.387	49.69	0.405	0.416	543	567	-0.408289	0.091711	
A/Jiangsu/JSSZ01/2018|EPI	0.3400	0.2578	0.4467	0.2646	0.161	-0.112	0.362	49.12	0.388	0.409	544	566	-0.389753	0.090106	
A/Jiangxi/1/2005|EPI_ISL_	0.3244	0.2774	0.4559	0.2640	0.183	-0.065	0.392	49.05	0.401	0.412	544	567	-0.415873	0.093474	
A/Jiangxi/16791/2022|EPI_	0.3185	0.2806	0.4472	0.2697	0.171	-0.067	0.387	50.44	0.409	0.417	543	567	-0.375661	0.089947	
A/lesser_kestrel/Heilongj	0.3237	0.2835	0.4433	0.2704	0.179	-0.063	0.392	49.76	0.410	0.415	544	567	-0.402293	0.091711	
A/lion/Hubei/1-2/2016|EPI	0.3191	0.2854	0.4594	0.2657	0.171	-0.109	0.365	49.88	0.405	0.407	543	567	-0.405291	0.095238	
A/Luscinia_cyane/Jiangxi/	0.3244	0.2756	0.4425	0.2687	0.174	-0.076	0.381	51.67	0.406	0.419	544	567	-0.382716	0.089947	
A/mallard_duck/Shanghai/S	0.3252	0.2762	0.4375	0.2750	0.174	-0.077	0.381	51.86	0.410	0.417	544	567	-0.376720	0.089947	
A/mallard/Heilongjiang/HL	0.3222	0.2756	0.4545	0.2712	0.165	-0.114	0.361	50.54	0.404	0.411	545	567	-0.428042	0.093474	
A/Mallard/Jiangxi/JXH9/20	0.3370	0.2616	0.4458	0.2646	0.165	-0.093	0.371	50.65	0.393	0.414	542	567	-0.404409	0.089947	
A/Mallard/Jiangxi/JXH22/2	0.3392	0.2594	0.4458	0.2646	0.165	-0.093	0.371	50.59	0.391	0.413	542	567	-0.404938	0.089947	
A/mallard/Ningxia/175/202	0.3163	0.2806	0.4322	0.2905	0.173	-0.067	0.386	50.29	0.423	0.417	544	567	-0.397531	0.091711	
A/mallard/Ningxia/176/202	0.3170	0.2812	0.4322	0.2897	0.175	-0.064	0.388	50.32	0.423	0.417	544	567	-0.412346	0.091711	
A/mallard/Ningxia/239/202	0.3163	0.2806	0.4322	0.2905	0.173	-0.066	0.386	50.06	0.423	0.417	544	567	-0.388007	0.091711	
A/mallard/Ningxia/241/202	0.3163	0.2806	0.4322	0.2905	0.173	-0.067	0.386	50.29	0.423	0.417	544	567	-0.397531	0.091711	
A/mallard/Ningxia/247/202	0.3163	0.2806	0.4322	0.2905	0.173	-0.067	0.386	50.29	0.423	0.417	544	567	-0.397531	0.091711	
A/mallard/Ningxia/249/202	0.3163	0.2806	0.4322	0.2905	0.173	-0.066	0.386	50.06	0.423	0.417	544	567	-0.388007	0.091711	
A/mandarin_duck/Heilongji	0.3178	0.2822	0.4347	0.2809	0.175	-0.057	0.392	50.86	0.418	0.420	543	567	-0.376014	0.089947	
A/mandarin_duck/Henan/426	0.3222	0.2778	0.4372	0.2773	0.172	-0.077	0.381	49.12	0.413	0.420	543	567	-0.381305	0.091711	
A/meerkat/Shanghai/SH-1/2	0.3178	0.2867	0.4456	0.2764	0.173	-0.075	0.385	50.33	0.415	0.413	545	567	-0.430511	0.093474	
A/migratory_waterfowl/Hub	0.3244	0.2733	0.4600	0.2577	0.167	-0.079	0.380	50.51	0.394	0.409	545	567	-0.374427	0.089947	
A/migratory_waterfowl/Hub	0.3244	0.2733	0.4600	0.2577	0.167	-0.079	0.380	50.49	0.394	0.409	545	567	-0.374427	0.089947	
A/mink/China/181/2019|EPI	0.3422	0.2600	0.4525	0.2500	0.167	-0.109	0.363	49.99	0.382	0.409	542	566	-0.384982	0.090106	
A/mink/China/183/2019|EPI	0.3400	0.2539	0.4436	0.2702	0.160	-0.118	0.357	49.75	0.390	0.412	543	566	-0.403180	0.090106	
A/mink/China/191/2019|EPI	0.3429	0.2522	0.4436	0.2702	0.161	-0.119	0.357	49.82	0.389	0.411	543	566	-0.401413	0.090106	
A/mink/China/456/2018|EPI	0.3296	0.2655	0.4453	0.2674	0.160	-0.094	0.371	49.93	0.397	0.414	544	566	-0.396467	0.090106	
A/mink/China/G/2015|EPI_I	0.3149	0.2727	0.4684	0.2648	0.169	-0.089	0.375	49.74	0.399	0.411	544	568	-0.402113	0.093310	
A/mink/China/XB/2015|EPI_	0.3146	0.2854	0.4580	0.2707	0.174	-0.100	0.371	49.53	0.410	0.410	542	567	-0.425926	0.095238	
A/mink/Eastern_China/006/	0.3415	0.2572	0.4598	0.2479	0.160	-0.123	0.354	48.92	0.378	0.410	542	566	-0.419435	0.090106	
A/mink/Eastern_China/149/	0.3451	0.2522	0.4584	0.2514	0.160	-0.116	0.358	49.03	0.376	0.410	542	566	-0.420848	0.090106	
A/mink/Eastern_China/528/	0.3429	0.2566	0.4584	0.2486	0.160	-0.127	0.352	48.92	0.378	0.410	542	566	-0.419435	0.090106	
A/mink/Eastern_China/571/	0.3370	0.2616	0.4500	0.2583	0.163	-0.103	0.366	50.66	0.389	0.410	543	566	-0.398057	0.090106	
A/mink/Eastern_China/0712	0.3451	0.2522	0.4525	0.2563	0.162	-0.116	0.359	50.37	0.379	0.408	543	566	-0.391166	0.090106	
A/mink/Northern_China/110	0.3237	0.2790	0.4375	0.2786	0.176	-0.058	0.391	49.63	0.413	0.414	545	567	-0.392240	0.088183	
A/Muscovy_duck/China/FJFZ	0.3274	0.2695	0.4439	0.2687	0.162	-0.106	0.365	52.50	0.401	0.416	543	566	-0.399823	0.090106	
A/Muscovy_duck/China/H5N6	0.3274	0.2695	0.4439	0.2687	0.162	-0.106	0.365	52.50	0.401	0.416	543	566	-0.399823	0.090106	
A/muscovy/duck/Hunan/85/2	0.3378	0.2622	0.4458	0.2654	0.165	-0.084	0.376	50.41	0.393	0.412	542	567	-0.412522	0.089947	
A/muscovy/duck/Hunan/88/2	0.3385	0.2611	0.4484	0.2626	0.164	-0.084	0.376	50.37	0.390	0.412	543	567	-0.408466	0.089947	
A/muscovy/duck/Hunan/89/2	0.3392	0.2594	0.4472	0.2646	0.165	-0.087	0.374	50.50	0.390	0.412	543	567	-0.409171	0.089947	
A/muscovy/duck/Hunan/90/2	0.3370	0.2616	0.4472	0.2646	0.165	-0.084	0.376	50.42	0.392	0.412	543	567	-0.409171	0.089947	
A/muscovy/duck/Hunan/93/2	0.3392	0.2616	0.4472	0.2618	0.165	-0.081	0.378	50.50	0.390	0.412	543	567	-0.409171	0.089947	
A/muscovy/duck/Hunan/94/2	0.3385	0.2588	0.4461	0.2674	0.165	-0.085	0.375	50.59	0.392	0.411	544	567	-0.405291	0.089947	
A/muscovy/duck/Hunan/101/	0.3289	0.2711	0.4458	0.2654	0.168	-0.084	0.376	50.63	0.400	0.415	542	567	-0.392240	0.089947	
A/muscovy/duck/Hunan/102/	0.3289	0.2711	0.4458	0.2654	0.168	-0.084	0.376	50.63	0.400	0.415	542	567	-0.392240	0.089947	
A/muscovy/duck/Hunan/103/	0.3289	0.2711	0.4458	0.2654	0.168	-0.084	0.376	50.63	0.400	0.415	542	567	-0.392240	0.089947	
A/muscovy/duck/Hunan/104/	0.3289	0.2711	0.4458	0.2654	0.168	-0.084	0.376	50.63	0.400	0.415	542	567	-0.392240	0.089947	
A/muscovy/duck/Hunan/125/	0.3296	0.2739	0.4433	0.2654	0.172	-0.075	0.382	50.80	0.402	0.415	542	567	-0.391182	0.089947	
A/muscovy/duck/Hunan/147/	0.3311	0.2711	0.4433	0.2654	0.170	-0.077	0.380	50.96	0.400	0.415	542	567	-0.392240	0.089947	
A/muscovy/duck/Hunan/148/	0.3296	0.2717	0.4458	0.2654	0.170	-0.071	0.384	51.41	0.400	0.412	542	567	-0.398413	0.089947	
A/muscovy/duck/Hunan/167/	0.3289	0.2711	0.4458	0.2654	0.167	-0.087	0.375	50.83	0.400	0.416	542	567	-0.387654	0.089947	
A/muscovy/duck/Hunan/183/	0.3392	0.2594	0.4484	0.2626	0.163	-0.096	0.369	50.00	0.389	0.411	542	567	-0.392416	0.089947	
A/muscovy/duck/Hunan/216/	0.3296	0.2717	0.4458	0.2654	0.168	-0.080	0.378	50.74	0.400	0.414	542	567	-0.401587	0.089947	
A/muscovy/duck/Hunan/229/	0.3289	0.2711	0.4447	0.2646	0.168	-0.084	0.376	50.63	0.400	0.416	542	567	-0.387478	0.089947	
A/muscovy/duck/Hunan/232/	0.3370	0.2616	0.4458	0.2646	0.163	-0.095	0.369	50.77	0.393	0.412	542	567	-0.400882	0.089947	
A/muscovy/duck/Hunan/HN34	0.3200	0.2844	0.4383	0.2682	0.169	-0.080	0.378	50.68	0.413	0.419	542	567	-0.392240	0.089947	
A/muscovy/duck/Hunan/HN34	0.3200	0.2822	0.4422	0.2646	0.167	-0.087	0.375	50.27	0.410	0.419	542	567	-0.387478	0.089947	
A/muscovy/duck/Hunan/HN34	0.3178	0.2822	0.4433	0.2682	0.167	-0.087	0.375	50.44	0.411	0.419	542	567	-0.392240	0.089947	
A/muscovy/duck/Hunan/HN34	0.3200	0.2800	0.4447	0.2646	0.166	-0.093	0.371	50.05	0.408	0.418	542	567	-0.387478	0.089947	
A/muscovy/duck/Hunan/HN35	0.3178	0.2844	0.4422	0.2646	0.168	-0.084	0.376	50.69	0.411	0.419	542	567	-0.387478	0.089947	
A/muscovy/duck/Hunan/HN35	0.3222	0.2800	0.4433	0.2646	0.170	-0.078	0.380	49.94	0.408	0.418	542	567	-0.401411	0.089947	
A/muscovy/duck/Hunan/HN35	0.3200	0.2822	0.4372	0.2702	0.168	-0.080	0.378	50.53	0.413	0.420	542	567	-0.387478	0.089947	
A/muscovy/duck/Hunan/HN35	0.3178	0.2844	0.4433	0.2654	0.168	-0.084	0.376	50.68	0.411	0.419	542	567	-0.392240	0.089947	
A/muscovy/duck/Hunan/HN35	0.3178	0.2844	0.4433	0.2654	0.168	-0.084	0.376	50.68	0.411	0.419	542	567	-0.392240	0.089947	
A/muscovy/duck/Hunan/HN35	0.3178	0.2844	0.4397	0.2674	0.167	-0.080	0.378	51.03	0.413	0.420	542	567	-0.387478	0.089947	
A/muscovy/duck/Hunan/HN35	0.3178	0.2867	0.4433	0.2626	0.171	-0.077	0.380	50.35	0.411	0.419	542	567	-0.391534	0.089947	
A/muscovy/duck/Hunan/HN35	0.3200	0.2822	0.4433	0.2654	0.167	-0.087	0.375	50.65	0.410	0.418	542	567	-0.392240	0.089947	
A/muscovy/duck/Hunan/HN36	0.3178	0.2844	0.4433	0.2654	0.168	-0.084	0.376	50.68	0.411	0.419	542	567	-0.392240	0.089947	
A/muscovy/duck/Hunan/HN36	0.3178	0.2867	0.4347	0.2702	0.169	-0.080	0.378	50.82	0.417	0.421	542	567	-0.387478	0.089947	
A/muscovy/duck/Hunan/HN36	0.3178	0.2844	0.4408	0.2682	0.168	-0.084	0.376	51.13	0.413	0.419	542	567	-0.392240	0.089947	
A/muscovy/duck/Hunan/HN36	0.3178	0.2867	0.4408	0.2654	0.168	-0.077	0.380	50.88	0.413	0.419	542	567	-0.396825	0.089947	
A/muscovy/duck/Hunan/HN36	0.3178	0.2844	0.4433	0.2654	0.168	-0.084	0.376	50.68	0.411	0.419	542	567	-0.392240	0.089947	
A/mute_swan/Inner_Mongoli	0.3140	0.2851	0.4311	0.2857	0.174	-0.063	0.389	49.81	0.424	0.423	543	567	-0.373192	0.088183	
A/mute_swan/Shandong/1/20	0.3163	0.2806	0.4332	0.2865	0.177	-0.053	0.395	50.28	0.421	0.422	542	567	-0.380600	0.089947	
A/Nanjing/1/2015|EPI_ISL_	0.3124	0.2876	0.4658	0.2635	0.174	-0.104	0.369	49.26	0.406	0.410	544	567	-0.454497	0.095238	
A/Northern_Pintail/HK/MP6	0.3289	0.2605	0.4650	0.2514	0.161	-0.091	0.371	49.40	0.384	0.411	544	568	-0.399472	0.089789	
A/oriental_magpie_robin/H	0.3356	0.2644	0.4571	0.2514	0.166	-0.087	0.375	49.40	0.386	0.412	541	566	-0.394700	0.091873	
A/ostrich/Suzhou/097/2003	0.3251	0.2892	0.4383	0.2654	0.174	-0.094	0.374	50.58	0.413	0.417	543	568	-0.427641	0.091549	
A/parrot/Guangdong/258/20	0.3124	0.2876	0.4795	0.2436	0.183	-0.066	0.393	48.81	0.395	0.410	539	564	-0.419326	0.097518	
A/parrot/Guangdong/C99/20	0.3274	0.2758	0.4489	0.2624	0.174	-0.092	0.375	50.01	0.401	0.415	544	568	-0.435563	0.091549	
A/Pavo_cristatus/China/JS	0.3363	0.2628	0.4559	0.2563	0.167	-0.082	0.378	50.50	0.387	0.411	542	566	-0.432332	0.090106	
A/Pavo_cristatus/China/K1	0.3363	0.2628	0.4559	0.2563	0.167	-0.082	0.378	50.50	0.387	0.411	542	566	-0.432332	0.090106	
A/Pavo_cristatus/Jiangxi/	0.3392	0.2572	0.4571	0.2542	0.161	-0.108	0.362	49.46	0.383	0.410	541	566	-0.411484	0.090106	
A/peacock/Yunnan/1/2015|E	0.3139	0.2870	0.4658	0.2614	0.172	-0.104	0.369	49.36	0.404	0.409	544	567	-0.439683	0.095238	
A/peacock/Yunnan/3/2015|E	0.3184	0.2848	0.4596	0.2642	0.174	-0.103	0.369	49.42	0.404	0.407	544	567	-0.409700	0.095238	
A/Peregrine_Falcon/Hong_K	0.3133	0.2867	0.4347	0.2809	0.174	-0.054	0.394	50.47	0.422	0.422	543	567	-0.376014	0.089947	
A/Phalacrocorax/Hubei/01.	0.3333	0.2689	0.4408	0.2682	0.169	-0.081	0.378	51.47	0.400	0.415	542	567	-0.406173	0.089947	
A/Phalacrocorax/Hubei/01.	0.3333	0.2689	0.4408	0.2682	0.169	-0.081	0.378	51.47	0.400	0.415	542	567	-0.406173	0.089947	
A/pheasant/Hebei/B02/2021	0.3133	0.2867	0.4372	0.2773	0.177	-0.048	0.398	50.44	0.420	0.422	543	567	-0.385185	0.089947	
A/pigeon/Fujian/1.17_FZHX	0.3274	0.2673	0.4545	0.2626	0.166	-0.086	0.377	50.02	0.396	0.415	541	566	-0.415724	0.090106	
A/pigeon/Guangdong/04.15_	0.3407	0.2544	0.4472	0.2667	0.165	-0.091	0.372	50.91	0.389	0.413	543	567	-0.393122	0.089947	
A/pigeon/Guangdong/04.16_	0.3341	0.2699	0.4470	0.2570	0.168	-0.080	0.378	50.31	0.395	0.414	542	567	-0.408818	0.089947	
A/pigeon/Guangdong/04.23_	0.3348	0.2577	0.4511	0.2632	0.161	-0.107	0.362	50.29	0.390	0.413	544	567	-0.390653	0.089947	
A/pigeon/Hainan/1.14_HKPL	0.3370	0.2594	0.4536	0.2576	0.166	-0.100	0.368	50.52	0.387	0.410	543	566	-0.412014	0.090106	
A/pigeon/Hubei/RP25/2012|	0.3281	0.2746	0.4684	0.2500	0.174	-0.084	0.381	49.00	0.390	0.407	544	567	-0.410582	0.093474	
A/Pigeon/Hunan/04.14_YYXS	0.3222	0.2711	0.4475	0.2773	0.166	-0.073	0.383	51.93	0.406	0.414	545	567	-0.361905	0.089947	
A/pigeon/Jiangsu/12.22_TC	0.3237	0.2857	0.4557	0.2621	0.174	-0.076	0.385	50.53	0.404	0.409	545	567	-0.430511	0.093474	
A/Pigeon/Jiangxi/02.10__N	0.3385	0.2628	0.4545	0.2542	0.168	-0.084	0.377	49.39	0.386	0.412	541	566	-0.403710	0.090106	
A/Pigeon/Jiangxi/04.01__N	0.3378	0.2600	0.4548	0.2556	0.167	-0.084	0.376	49.33	0.386	0.412	542	567	-0.395238	0.089947	
A/pigeon/Jiangxi/S40784/2	0.3229	0.2784	0.4422	0.2732	0.168	-0.074	0.383	50.73	0.409	0.416	543	567	-0.378836	0.089947	
A/pigeon/Jilin/04.25_CCHL	0.3444	0.2578	0.4447	0.2626	0.164	-0.096	0.369	50.25	0.387	0.412	542	567	-0.384480	0.089947	
A/pigeon/Jilin/04.25_CCHL	0.3170	0.2902	0.4557	0.2650	0.175	-0.076	0.385	49.78	0.409	0.411	545	567	-0.431217	0.093474	
A/pigeon/Jilin/S4176/2019	0.3147	0.2946	0.4362	0.2865	0.174	-0.082	0.382	50.10	0.426	0.414	544	567	-0.433510	0.095238	
A/Pigeon/Shandong/WS17/20	0.3230	0.2765	0.4372	0.2789	0.175	-0.061	0.390	50.05	0.412	0.419	544	567	-0.371429	0.089947	
A/pigeon/Sichuan/04.27_NB	0.3229	0.2762	0.4550	0.2618	0.177	-0.057	0.393	50.48	0.400	0.412	545	567	-0.373721	0.089947	
A/pigeon/Sichuan/NCXN29/2	0.3296	0.2717	0.4506	0.2620	0.166	-0.084	0.377	50.83	0.397	0.413	541	567	-0.420106	0.089947	
A/pigeon/Zhejiang/112089/	0.3237	0.2879	0.4520	0.2614	0.174	-0.076	0.385	50.76	0.406	0.410	545	567	-0.425750	0.093474	
A/pigeon/Zhejiang/112090/	0.3170	0.2902	0.4582	0.2621	0.177	-0.076	0.385	49.64	0.407	0.411	545	567	-0.430511	0.093474	
A/pigeon/Zhejiang/727097/	0.3185	0.2873	0.4557	0.2650	0.175	-0.075	0.385	49.65	0.407	0.410	545	567	-0.439506	0.093474	
A/plateau_pika/Qinghai/04	0.3259	0.2902	0.4361	0.2604	0.173	-0.092	0.375	51.28	0.412	0.421	544	568	-0.433803	0.091549	
A/Quail/Guangxi/GX-2/2017	0.3237	0.2723	0.4573	0.2598	0.165	-0.083	0.378	49.75	0.397	0.412	542	566	-0.403887	0.091873	
A/quail/Jiangsu/k0104/201	0.3229	0.2762	0.4575	0.2598	0.170	-0.073	0.385	50.40	0.398	0.412	545	568	-0.429929	0.091549	
A/quail/Jiangxi/B9/2015_(	0.3282	0.2705	0.4303	0.2775	0.176	-0.070	0.382	51.63	0.410	0.422	544	567	-0.356437	0.088183	
A/quail/Nanchang/6631/201	0.3164	0.2721	0.4685	0.2627	0.166	-0.088	0.374	50.19	0.396	0.409	545	568	-0.407042	0.091549	
A/Quail/Zhanjiang/16887/2	0.3341	0.2673	0.4534	0.2570	0.168	-0.084	0.376	50.90	0.391	0.413	542	567	-0.397002	0.089947	
A/Quanzhou/2/2024|EPI_ISL	0.3430	0.2539	0.4559	0.2605	0.157	-0.134	0.349	50.71	0.382	0.403	542	566	-0.396466	0.090106	
A/Shandong/1/2009|EPI_ISL	0.3237	0.2812	0.4509	0.2627	0.175	-0.071	0.387	49.65	0.403	0.414	543	567	-0.407231	0.091711	
A/Shenzhen/1/2015|EPI_ISL	0.3415	0.2594	0.4596	0.2451	0.162	-0.099	0.368	49.44	0.379	0.411	541	566	-0.399647	0.090106	
A/Shenzhen/1/2016|EPI_ISL	0.3474	0.2561	0.4582	0.2458	0.166	-0.094	0.372	49.29	0.376	0.410	540	566	-0.406891	0.090106	
A/Shenzhen/TH001/2015_(H5	0.3415	0.2594	0.4596	0.2451	0.162	-0.099	0.368	49.44	0.379	0.411	541	566	-0.399647	0.090106	
A/Shenzhen/TH003/2016(H5N	0.3363	0.2628	0.4645	0.2507	0.169	-0.092	0.372	48.87	0.383	0.410	541	566	-0.398940	0.090106	
A/Shoveller/Ningxia/488-5	0.3370	0.2572	0.4497	0.2639	0.160	-0.108	0.362	50.56	0.389	0.412	542	567	-0.395238	0.089947	
A/Sichuan/1/2006|EPI_ISL_	0.3274	0.2739	0.4523	0.2633	0.175	-0.075	0.384	48.95	0.399	0.413	544	567	-0.413580	0.091711	
A/Sichuan/2/2006|EPI_ISL_	0.3237	0.2790	0.4548	0.2605	0.178	-0.063	0.392	48.99	0.401	0.413	544	567	-0.412522	0.091711	
A/Sichuan/26221/2014|EPI_	0.3252	0.2739	0.4586	0.2577	0.173	-0.056	0.393	50.73	0.395	0.410	544	567	-0.379012	0.089947	
A/silkie_chicken/Dongguan	0.3304	0.2683	0.4509	0.2591	0.166	-0.083	0.376	50.33	0.395	0.415	542	567	-0.404409	0.089947	
A/Spatula_querquedula/Cho	0.3296	0.2717	0.4408	0.2717	0.171	-0.092	0.373	49.19	0.404	0.417	542	567	-0.386949	0.091711	
A/Spoonbill/HK/17-18259/2	0.3245	0.2737	0.4271	0.2893	0.171	-0.072	0.382	50.81	0.417	0.420	544	567	-0.382540	0.089947	
A/spoonbill/Taiwan/DB645/	0.3267	0.2737	0.4336	0.2773	0.169	-0.072	0.382	50.76	0.410	0.418	544	567	-0.377778	0.089947	
A/spot_billed_duck/Ningxi	0.3237	0.2772	0.4311	0.2821	0.175	-0.067	0.386	50.06	0.415	0.419	544	567	-0.381305	0.089947	
A/spot-billed_duck/Ningxi	0.3215	0.2816	0.4211	0.2905	0.174	-0.064	0.388	51.21	0.425	0.421	544	567	-0.385714	0.089947	
A/Streptopelia_decaocto/J	0.3252	0.2743	0.4353	0.2747	0.176	-0.067	0.385	52.06	0.410	0.420	546	567	-0.373016	0.089947	
A/Streptopelia_decaocto/J	0.3214	0.2857	0.4557	0.2650	0.175	-0.079	0.383	49.47	0.406	0.410	545	567	-0.430511	0.093474	
A/Streptopelia_decaocto/J	0.3348	0.2639	0.4458	0.2646	0.165	-0.089	0.373	50.50	0.395	0.415	542	567	-0.404409	0.089947	
A/swan_goose/Jilin/JL01/2	0.3244	0.2733	0.4550	0.2633	0.169	-0.076	0.382	50.57	0.398	0.410	545	567	-0.374427	0.089947	
A/swan/China/ST/2016|EPI_	0.3207	0.2829	0.4311	0.2821	0.178	-0.058	0.392	50.37	0.419	0.419	544	567	-0.385714	0.089947	
A/swan/Hebei/B01/2021|EPI	0.3156	0.2800	0.4436	0.2753	0.174	-0.053	0.394	50.21	0.413	0.419	543	567	-0.366490	0.089947	
A/swan/Shandong/W3762/202	0.3185	0.2784	0.4397	0.2821	0.174	-0.070	0.384	50.25	0.415	0.415	544	567	-0.397531	0.091711	
A/swine/China/RZ/2018|EPI	0.3415	0.2550	0.4525	0.2591	0.162	-0.116	0.359	50.37	0.383	0.407	543	566	-0.397527	0.090106	
A/swine/Guangdong/1/2014|	0.3348	0.2639	0.4484	0.2618	0.164	-0.089	0.373	50.65	0.393	0.413	542	567	-0.400176	0.089947	
A/swine/Guangdong/2/2014|	0.3348	0.2639	0.4509	0.2591	0.163	-0.092	0.371	50.59	0.391	0.413	542	567	-0.400176	0.089947	
A/swine/Guangdong/G3/2015	0.3326	0.2679	0.4550	0.2626	0.173	-0.076	0.382	50.37	0.393	0.409	545	567	-0.382540	0.089947	
A/swine/Shandong/SD1/2014	0.3177	0.2864	0.4500	0.2611	0.173	-0.092	0.375	50.18	0.408	0.418	544	568	-0.413204	0.091549	
A/Syrrhaptes_paradoxus/Gu	0.3363	0.2588	0.4497	0.2639	0.165	-0.084	0.376	50.91	0.390	0.413	543	567	-0.393122	0.089947	
A/Taiwan/DV413/2006|EPI_I	0.3826	0.2371	0.4286	0.2672	0.156	-0.167	0.331	50.10	0.370	0.398	538	563	-0.390409	0.094139	
A/Taiwan/DV518/2006|EPI_I	0.3848	0.2371	0.4260	0.2672	0.157	-0.164	0.333	50.18	0.370	0.398	538	563	-0.390409	0.094139	
A/thrush/Taiwan/15120021/	0.3164	0.2788	0.4450	0.2737	0.167	-0.089	0.374	50.19	0.411	0.416	545	567	-0.376367	0.089947	
A/tiger/Yunnan/tig1404/20	0.3378	0.2711	0.4383	0.2626	0.167	-0.086	0.375	50.75	0.399	0.414	542	567	-0.403175	0.089947	
A/tiger/Yunnan/tig1412/20	0.3179	0.2715	0.4623	0.2640	0.168	-0.084	0.376	50.02	0.398	0.411	545	568	-0.407923	0.091549	
A/tiger/Yunnan/tig1508/20	0.3147	0.2857	0.4596	0.2663	0.172	-0.100	0.371	50.20	0.407	0.408	545	569	-0.414587	0.094903	
A/tundra_swan/Fujian/SD12	0.3200	0.2822	0.4322	0.2809	0.173	-0.071	0.385	49.86	0.418	0.422	543	567	-0.384656	0.089947	
A/tundra_swan/Hubei/BQ3/2	0.3215	0.2772	0.4358	0.2809	0.175	-0.057	0.392	50.09	0.414	0.420	543	567	-0.384480	0.089947	
A/tundra_swan/Hubei/BQ4/2	0.3178	0.2800	0.4322	0.2865	0.174	-0.063	0.389	50.04	0.420	0.422	543	567	-0.376014	0.089947	
A/tundra_swan/Hubei/BQ6/2	0.3171	0.2816	0.4311	0.2857	0.176	-0.052	0.395	49.86	0.421	0.422	544	567	-0.370547	0.089947	
A/tundra_swan/Hubei/BQ7/2	0.3149	0.2816	0.4336	0.2857	0.174	-0.058	0.392	49.94	0.421	0.422	544	567	-0.371958	0.089947	
A/tundra_swan/Hubei/BQ8/2	0.3149	0.2816	0.4336	0.2857	0.174	-0.058	0.392	49.94	0.421	0.422	544	567	-0.371958	0.089947	
A/tundra_swan/Hubei/BQ9/2	0.3156	0.2822	0.4372	0.2809	0.176	-0.050	0.396	49.98	0.418	0.421	543	567	-0.376014	0.089947	
A/turkey/Changhua/1601001	0.3200	0.2800	0.4497	0.2640	0.172	-0.083	0.378	50.41	0.405	0.413	543	567	-0.365609	0.089947	
A/turkey/Chiayi/17020092-	0.3097	0.2854	0.4458	0.2740	0.167	-0.075	0.381	50.42	0.416	0.417	543	567	-0.356614	0.089947	
A/turkey/Chiayi/18010013-	0.3046	0.2804	0.4561	0.2709	0.165	-0.082	0.377	50.16	0.412	0.416	544	567	-0.358554	0.089947	
A/turkey/Yunlin/15060049-	0.3142	0.2810	0.4461	0.2717	0.168	-0.090	0.373	50.04	0.412	0.417	544	567	-0.366843	0.089947	
A/turkey/Yunlin/18020020-	0.3046	0.2804	0.4561	0.2709	0.165	-0.082	0.377	50.14	0.412	0.417	544	567	-0.357848	0.089947	
A/turkey/Yunlin/18110001-	0.3016	0.2816	0.4523	0.2793	0.165	-0.084	0.376	49.31	0.418	0.419	543	567	-0.368607	0.089947	
A/turkey/Yunlin/18120005-	0.3009	0.2832	0.4472	0.2849	0.165	-0.085	0.375	49.23	0.423	0.419	544	567	-0.368607	0.089947	
A/turtle_dove/Guangdong/3	0.3333	0.2774	0.4509	0.2556	0.181	-0.068	0.389	48.66	0.396	0.412	543	567	-0.404938	0.089947	
A/turtle_dove/Hunan/S4004	0.3139	0.2892	0.4594	0.2678	0.168	-0.122	0.358	49.95	0.410	0.410	544	567	-0.439330	0.097002	
A/Waterfowl/Hubei/Chenhu1	0.3244	0.2733	0.4600	0.2577	0.167	-0.079	0.380	50.51	0.394	0.409	545	567	-0.374427	0.089947	
A/Waterfowl/Hubei/Chenhu1	0.3244	0.2733	0.4600	0.2577	0.167	-0.079	0.380	50.49	0.394	0.409	545	567	-0.374427	0.089947	
A/whiskered_tern/Hubei/BQ	0.3193	0.2794	0.4311	0.2857	0.175	-0.054	0.393	50.04	0.419	0.422	544	567	-0.371958	0.089947	
A/white_naped_crane/China	0.3371	0.2634	0.4559	0.2563	0.168	-0.082	0.378	50.56	0.387	0.410	542	566	-0.427032	0.090106	
A/White-eyed_Pochard/Ning	0.3370	0.2572	0.4497	0.2632	0.160	-0.104	0.363	50.54	0.389	0.413	542	567	-0.395767	0.089947	
A/whooper_swan/Henan/8/20	0.3222	0.2778	0.4347	0.2801	0.171	-0.077	0.381	49.62	0.414	0.421	543	567	-0.381305	0.091711	
A/whooper_swan/Henan/14/2	0.3222	0.2800	0.4372	0.2745	0.173	-0.073	0.383	49.28	0.413	0.420	543	567	-0.381305	0.091711	
A/whooper_swan/Henan/44/2	0.3222	0.2800	0.4372	0.2745	0.173	-0.073	0.383	49.28	0.413	0.420	543	567	-0.381305	0.091711	
A/whooper_swan/Henan/45/2	0.3222	0.2800	0.4372	0.2745	0.173	-0.073	0.383	49.28	0.413	0.420	543	567	-0.381305	0.091711	
A/whooper_swan/Henan/46/2	0.3222	0.2778	0.4372	0.2773	0.172	-0.077	0.381	49.12	0.413	0.420	543	567	-0.381305	0.091711	
A/whooper_swan/Henan/424/	0.3222	0.2778	0.4372	0.2773	0.172	-0.077	0.381	49.12	0.413	0.420	543	567	-0.381305	0.091711	
A/whooper_swan/Henan/SM1/	0.3156	0.2822	0.4347	0.2837	0.174	-0.057	0.392	50.01	0.420	0.422	543	567	-0.376014	0.089947	
A/whooper_swan/Henan/SM16	0.3133	0.2844	0.4372	0.2817	0.172	-0.054	0.394	49.82	0.420	0.421	543	567	-0.375485	0.089947	
A/whooper_swan/Henan/SM31	0.3133	0.2844	0.4361	0.2837	0.173	-0.055	0.393	49.84	0.421	0.421	544	567	-0.385714	0.089947	
A/whooper_swan/Henan/SM61	0.3149	0.2816	0.4336	0.2857	0.176	-0.054	0.393	49.88	0.421	0.422	544	567	-0.371958	0.089947	
A/whooper_swan/Henan/SM76	0.3149	0.2816	0.4336	0.2857	0.174	-0.058	0.392	49.94	0.421	0.422	544	567	-0.371958	0.089947	
A/whooper_swan/Henan/SM86	0.3156	0.2822	0.4372	0.2817	0.175	-0.054	0.394	50.05	0.418	0.420	543	567	-0.374780	0.089947	
A/whooper_swan/Henan/SM11	0.3149	0.2816	0.4336	0.2857	0.174	-0.058	0.392	49.94	0.421	0.422	544	567	-0.371958	0.089947	
A/whooper_swan/Henan/SMQ5	0.3178	0.2800	0.4347	0.2837	0.174	-0.057	0.392	50.08	0.418	0.421	543	567	-0.376014	0.089947	
A/whooper_swan/Henan/SMQ7	0.3156	0.2822	0.4372	0.2809	0.174	-0.057	0.392	50.15	0.418	0.421	543	567	-0.376014	0.089947	
A/whooper_swan/Henan/SMQ9	0.3126	0.2838	0.4336	0.2865	0.173	-0.055	0.393	49.89	0.423	0.422	544	567	-0.371429	0.089947	
A/whooper_swan/Henan/SMQ1	0.3133	0.2844	0.4347	0.2845	0.173	-0.054	0.394	49.96	0.422	0.422	543	567	-0.375485	0.089947	
A/whooper_swan/Henan/SMX1	0.3244	0.2841	0.4596	0.2585	0.181	-0.076	0.385	49.11	0.400	0.407	545	567	-0.424691	0.093474	
A/whooper_swan/Henan/SMX3	0.3266	0.2841	0.4571	0.2585	0.182	-0.073	0.387	49.36	0.400	0.408	545	567	-0.424691	0.093474	
A/whooper_swan/Henan/SMX4	0.3266	0.2841	0.4596	0.2557	0.181	-0.073	0.387	48.73	0.398	0.407	545	567	-0.424691	0.093474	
A/whooper_swan/Henan/SMX9	0.3266	0.2841	0.4571	0.2585	0.182	-0.073	0.387	49.36	0.400	0.408	545	567	-0.424691	0.093474	
A/whooper_swan/Henan/T578	0.3527	0.2768	0.4348	0.2493	0.172	-0.114	0.363	50.96	0.393	0.415	540	564	-0.413298	0.093972	
A/whooper_swan/Henan/T874	0.3527	0.2768	0.4348	0.2493	0.172	-0.114	0.363	50.96	0.393	0.415	540	564	-0.413298	0.093972	
A/whooper_swan/Henan/T880	0.3527	0.2768	0.4348	0.2493	0.172	-0.114	0.363	50.96	0.393	0.415	540	564	-0.413298	0.093972	
A/whooper_swan/Henan/T886	0.3527	0.2768	0.4348	0.2493	0.172	-0.114	0.363	50.96	0.393	0.415	540	564	-0.413298	0.093972	
A/whooper_swan/Henan/T888	0.3527	0.2768	0.4348	0.2493	0.172	-0.114	0.363	50.96	0.393	0.415	540	564	-0.413298	0.093972	
A/whooper_swan/Henan/Y120	0.3527	0.2768	0.4348	0.2493	0.172	-0.114	0.363	50.96	0.393	0.415	540	564	-0.413298	0.093972	
A/whooper_swan/Inner_Mong	0.3126	0.2838	0.4336	0.2857	0.173	-0.066	0.386	49.78	0.423	0.422	544	567	-0.367725	0.089947	
A/Whooper_Swan/Sanmenxia/	0.3207	0.2829	0.4336	0.2793	0.178	-0.061	0.390	50.04	0.417	0.418	544	567	-0.385714	0.089947	
A/Whooper_swan/Sanmenxia/	0.3156	0.2844	0.4358	0.2817	0.174	-0.057	0.392	50.45	0.420	0.421	543	567	-0.380952	0.089947	
A/Whooper_swan/Sanmenxia/	0.3185	0.2806	0.4361	0.2793	0.176	-0.057	0.392	50.52	0.416	0.421	543	567	-0.385891	0.089947	
A/Whooper_swan/Sanmenxia/	0.3133	0.2844	0.4372	0.2817	0.173	-0.054	0.394	50.13	0.420	0.421	543	567	-0.375485	0.089947	
A/Whooper_swan/Sanmenxia/	0.3185	0.2806	0.4361	0.2793	0.176	-0.057	0.392	50.52	0.416	0.421	543	567	-0.385891	0.089947	
A/Whooper_swan/Sanmenxia/	0.3156	0.2822	0.4372	0.2809	0.174	-0.057	0.392	50.15	0.418	0.421	543	567	-0.376014	0.089947	
A/Whooper_swan/Sanmenxia/	0.3156	0.2844	0.4347	0.2809	0.175	-0.054	0.394	50.50	0.420	0.422	543	567	-0.376014	0.089947	
A/Whooper_swan/Sanmenxia/	0.3163	0.2829	0.4358	0.2809	0.176	-0.056	0.393	50.18	0.419	0.422	542	567	-0.380600	0.089947	
A/Whooper_swan/Sanmenxia/	0.3156	0.2822	0.4372	0.2809	0.174	-0.057	0.392	50.15	0.418	0.421	543	567	-0.376014	0.089947	
A/Whooper_swan/Sanmenxia/	0.3156	0.2822	0.4372	0.2809	0.174	-0.056	0.392	50.21	0.418	0.420	543	567	-0.367901	0.089947	
A/Whooper_swan/Sanmenxia/	0.3156	0.2844	0.4372	0.2781	0.175	-0.054	0.394	50.48	0.418	0.421	543	567	-0.376014	0.089947	
A/Whooper_swan/Sanmenxia/	0.3133	0.2844	0.4372	0.2817	0.173	-0.054	0.394	50.13	0.420	0.421	543	567	-0.375485	0.089947	
A/Whooper_swan/Sanmenxia/	0.3156	0.2844	0.4358	0.2817	0.174	-0.057	0.392	50.45	0.420	0.421	543	567	-0.380952	0.089947	
A/Whooper_swan/Sanmenxia/	0.3156	0.2844	0.4347	0.2809	0.174	-0.057	0.392	50.55	0.420	0.422	543	567	-0.376014	0.089947	
A/Whooper_swan/Sanmenxia/	0.3178	0.2800	0.4372	0.2809	0.174	-0.060	0.390	50.10	0.416	0.420	543	567	-0.376543	0.089947	
A/Whooper_swan/Sanmenxia/	0.3156	0.2822	0.4372	0.2809	0.174	-0.057	0.392	50.15	0.418	0.421	543	567	-0.376014	0.089947	
A/Whooper_swan/Sanmenxia/	0.3133	0.2844	0.4397	0.2789	0.173	-0.054	0.394	49.99	0.418	0.420	543	567	-0.375485	0.089947	
A/Whooper_swan/Sanmenxia/	0.3156	0.2844	0.4347	0.2809	0.174	-0.057	0.392	50.55	0.420	0.422	543	567	-0.376014	0.089947	
A/Whooper_swan/Sanmenxia/	0.3133	0.2844	0.4397	0.2789	0.173	-0.054	0.394	49.99	0.418	0.420	543	567	-0.375485	0.089947	
A/Whooper_swan/Sanmenxia/	0.3171	0.2816	0.4383	0.2789	0.174	-0.057	0.392	50.12	0.416	0.420	543	567	-0.375309	0.089947	
A/Whooper_swan/Sanmenxia/	0.3133	0.2844	0.4397	0.2789	0.173	-0.054	0.394	49.99	0.418	0.420	543	567	-0.375485	0.089947	
A/Whooper_swan/Sanmenxia/	0.3133	0.2844	0.4372	0.2817	0.173	-0.054	0.394	50.13	0.420	0.421	543	567	-0.375485	0.089947	
A/Whooper_swan/Sanmenxia/	0.3200	0.2800	0.4322	0.2829	0.175	-0.064	0.389	50.38	0.418	0.422	543	567	-0.385185	0.089947	
A/Whooper_swan/Sanmenxia/	0.3156	0.2822	0.4372	0.2809	0.174	-0.057	0.392	50.15	0.418	0.421	543	567	-0.376014	0.089947	
A/whooper_swan/Shaanxi/SX	0.3133	0.2844	0.4347	0.2845	0.173	-0.054	0.394	49.96	0.422	0.422	543	567	-0.375485	0.089947	
A/whooper_swan/Shaanxi/SX	0.3156	0.2822	0.4347	0.2837	0.174	-0.057	0.392	50.01	0.420	0.422	543	567	-0.376014	0.089947	
A/whooper_swan/Shaanxi/SX	0.3156	0.2822	0.4347	0.2837	0.174	-0.057	0.392	50.01	0.420	0.422	543	567	-0.376014	0.089947	
A/whooper_swan/Shandong/S	0.3133	0.2844	0.4372	0.2809	0.174	-0.057	0.392	50.43	0.420	0.422	543	567	-0.376191	0.089947	
A/whooper_swan/Shandong/S	0.3133	0.2844	0.4372	0.2809	0.175	-0.054	0.394	50.50	0.420	0.422	543	567	-0.376014	0.089947	
A/whooper_swan/Shandong/S	0.3133	0.2844	0.4347	0.2837	0.175	-0.054	0.394	50.54	0.422	0.422	543	567	-0.376014	0.089947	
A/whooper_swan/Shandong/S	0.3185	0.2784	0.4372	0.2849	0.173	-0.070	0.384	50.21	0.417	0.416	544	567	-0.397531	0.091711	
A/whooper_swan/Shandong/S	0.3126	0.2838	0.4347	0.2837	0.173	-0.056	0.392	50.37	0.422	0.423	543	567	-0.377072	0.089947	
A/whooper_swan/Shandong/S	0.3111	0.2867	0.4347	0.2837	0.175	-0.054	0.394	50.45	0.424	0.423	543	567	-0.376014	0.089947	
A/whooper_swan/Shandong/S	0.3133	0.2844	0.4322	0.2865	0.175	-0.057	0.392	50.57	0.424	0.423	543	567	-0.376014	0.089947	
A/whooper_swan/Shanxi/4-1	0.3156	0.2844	0.4347	0.2809	0.174	-0.057	0.392	50.55	0.420	0.422	543	567	-0.376014	0.089947	
A/whooper_swan/Shanxi/4-2	0.3156	0.2844	0.4347	0.2809	0.174	-0.057	0.392	50.55	0.420	0.422	543	567	-0.376014	0.089947	
A/whooper_swan/Shanxi/14/	0.3222	0.2800	0.4372	0.2745	0.173	-0.073	0.383	49.28	0.413	0.420	543	567	-0.381305	0.091711	
A/whooper_swan/Shanxi/20/	0.3222	0.2800	0.4372	0.2745	0.173	-0.073	0.383	49.28	0.413	0.420	543	567	-0.381305	0.091711	
A/whooper_swan/Shanxi/RC0	0.3222	0.2844	0.4296	0.2801	0.180	-0.051	0.395	50.58	0.419	0.419	544	567	-0.384303	0.089947	
A/whooper_swan/Shanxi/SX1	0.3133	0.2822	0.4325	0.2869	0.175	-0.058	0.392	50.00	0.423	0.423	544	567	-0.381658	0.089947	
A/whooper_swan/Shanxi/SX3	0.3149	0.2838	0.4311	0.2857	0.174	-0.058	0.392	50.34	0.423	0.423	544	567	-0.371958	0.089947	
A/whooper_swan/Shanxi/SX5	0.3133	0.2822	0.4325	0.2869	0.175	-0.058	0.392	50.00	0.423	0.423	544	567	-0.381658	0.089947	
A/whooper_swan/Shanxi/SX1	0.3156	0.2844	0.4322	0.2837	0.173	-0.057	0.392	50.41	0.422	0.422	543	567	-0.376014	0.089947	
A/whooper_swan/Shanxi/SX1	0.3163	0.2806	0.4322	0.2905	0.173	-0.067	0.386	50.29	0.423	0.417	544	567	-0.397531	0.091711	
A/whooper_swan/Shanxi/SX1	0.3149	0.2816	0.4361	0.2829	0.174	-0.060	0.390	49.71	0.419	0.421	544	567	-0.367725	0.089947	
A/whooper_swan/Shanxi/SX2	0.3149	0.2816	0.4361	0.2829	0.174	-0.058	0.392	49.90	0.419	0.422	544	567	-0.371958	0.089947	
A/whooper_swan/Shanxi/SX2	0.3156	0.2822	0.4372	0.2809	0.174	-0.057	0.392	49.97	0.418	0.421	543	567	-0.376014	0.089947	
A/whooper_swan/Shanxi/SX2	0.3133	0.2822	0.4397	0.2809	0.173	-0.057	0.392	49.92	0.418	0.421	543	567	-0.376014	0.089947	
A/whooper_swan/Shanxi/SX2	0.3156	0.2822	0.4347	0.2837	0.174	-0.057	0.392	50.01	0.420	0.422	543	567	-0.376014	0.089947	
A/whooper_swan/Shanxi/SX2	0.3156	0.2822	0.4372	0.2809	0.175	-0.054	0.394	49.93	0.418	0.421	543	567	-0.376014	0.089947	
A/whooper_swan/Shanxi/SX2	0.3156	0.2822	0.4372	0.2809	0.174	-0.057	0.392	49.97	0.418	0.421	543	567	-0.376014	0.089947	
A/whooper_swan/Shanxi/SX3	0.3156	0.2822	0.4372	0.2809	0.174	-0.057	0.392	49.99	0.418	0.421	543	567	-0.376014	0.089947	
A/Wigeon/Ningxia/476-12/2	0.3378	0.2556	0.4511	0.2624	0.160	-0.104	0.363	50.52	0.387	0.412	542	567	-0.395767	0.089947	
A/wild_bird/Eastern_China	0.3632	0.2623	0.4260	0.2655	0.177	-0.121	0.359	50.30	0.391	0.415	540	564	-0.401064	0.093972	
A/wild_bird/Eastern_China	0.3624	0.2640	0.4271	0.2635	0.177	-0.124	0.357	50.95	0.391	0.415	540	564	-0.401064	0.093972	
A/wild_bird/Eastern_China	0.3624	0.2640	0.4246	0.2663	0.177	-0.121	0.359	50.35	0.393	0.415	540	564	-0.401064	0.093972	
A/wild_bird/Hubei/12.12_L	0.3200	0.2822	0.4336	0.2793	0.178	-0.051	0.395	50.76	0.417	0.419	544	567	-0.386067	0.089947	
A/wild_bird/Hunan/01.14_Y	0.3282	0.2661	0.4458	0.2694	0.167	-0.083	0.376	50.40	0.400	0.414	542	567	-0.409347	0.089947	
A/wild_bird/Hunan/01.14_Y	0.3370	0.2577	0.4486	0.2632	0.161	-0.103	0.364	50.44	0.390	0.413	544	567	-0.390653	0.089947	
A/wild_bird/Hunan/02.24_Y	0.3363	0.2549	0.4511	0.2632	0.162	-0.102	0.364	50.22	0.388	0.413	544	567	-0.377778	0.089947	
A/wild_bird/Hunan/02.24_Y	0.3363	0.2549	0.4511	0.2632	0.162	-0.102	0.364	50.20	0.388	0.413	544	567	-0.377778	0.089947	
A/wild_bird/Hunan/03.08_D	0.3363	0.2549	0.4511	0.2632	0.162	-0.102	0.364	50.20	0.388	0.413	544	567	-0.377778	0.089947	
A/wild_bird/Taipei/04WB12	0.3229	0.3029	0.4260	0.2606	0.172	-0.124	0.357	51.32	0.422	0.424	540	564	-0.389894	0.095745	
A/wild_bird/Zhejiang/NBXS	0.3274	0.2699	0.4358	0.2829	0.167	-0.100	0.368	48.67	0.410	0.419	544	567	-0.395238	0.091711	
A/wild_duck/Fujian/1/2011	0.3126	0.2749	0.4673	0.2640	0.171	-0.074	0.383	49.99	0.400	0.412	545	568	-0.408979	0.093310	
A/wild_duck/Fujian/2/2011	0.3126	0.2749	0.4673	0.2640	0.171	-0.074	0.383	49.99	0.400	0.412	545	568	-0.408979	0.093310	
A/wild_duck/Hebei/SD012/2	0.3156	0.2822	0.4361	0.2829	0.175	-0.059	0.392	48.69	0.419	0.422	544	567	-0.378836	0.089947	
A/wild_duck/Hunan/12.28_D	0.3504	0.2835	0.4319	0.2486	0.184	-0.079	0.384	50.00	0.397	0.418	539	564	-0.411879	0.093972	
A/wild_duck/Jiangsu/SD019	0.3149	0.2838	0.4347	0.2817	0.174	-0.059	0.390	50.59	0.420	0.421	543	567	-0.361905	0.089947	
A/wild_duck/Jilin/HF/2011	0.3185	0.2829	0.4582	0.2678	0.171	-0.099	0.371	49.37	0.406	0.409	545	567	-0.408995	0.093474	
A/wild_duck/Jilin/ZF/2011	0.3147	0.2902	0.4518	0.2743	0.176	-0.088	0.378	49.77	0.415	0.410	545	567	-0.428042	0.093474	
A/wild_duck/Shandong/1/20	0.3311	0.2841	0.4596	0.2444	0.175	-0.070	0.386	49.78	0.393	0.403	544	568	-0.385739	0.091549	
A/wild_duck/Shandong/2/20	0.3133	0.2911	0.4580	0.2665	0.174	-0.090	0.376	50.04	0.411	0.409	545	567	-0.431746	0.093474	
A/wild_duck/Shandong/628/	0.3171	0.2794	0.4500	0.2674	0.173	-0.064	0.387	50.67	0.407	0.417	545	567	-0.385362	0.089947	
A/wild_duck/Shandong/SC17	0.3133	0.2844	0.4347	0.2837	0.175	-0.054	0.394	50.54	0.422	0.422	543	567	-0.376014	0.089947	
A/wild_goose/Shandong/SC1	0.3111	0.2867	0.4347	0.2837	0.175	-0.054	0.394	50.45	0.424	0.423	543	567	-0.376014	0.089947	
A/wild_pigeon/Jilin/CC01/	0.3363	0.2628	0.4621	0.2479	0.164	-0.105	0.364	49.42	0.383	0.410	541	567	-0.402998	0.089947	
A/wildfowl/China/472/2014	0.3281	0.2876	0.4490	0.2594	0.176	-0.081	0.380	51.18	0.404	0.404	540	564	-0.318262	0.093972	
A/Xinjiang/1/2006|EPI_ISL	0.3200	0.2756	0.4525	0.2659	0.166	-0.098	0.369	49.88	0.404	0.415	545	568	-0.438908	0.089789	
A/Xinjiang/1/2009|EPI_ISL	0.3371	0.2656	0.4698	0.2430	0.174	-0.075	0.386	48.87	0.379	0.407	544	567	-0.418871	0.091711	
A/Yunnan/14563/2015|EPI_I	0.3408	0.2561	0.4456	0.2682	0.161	-0.109	0.363	49.87	0.391	0.413	540	566	-0.425618	0.091873	
A/Yunnan/DQ002/2015(H5N6)	0.3438	0.2567	0.4442	0.2661	0.163	-0.102	0.367	49.79	0.390	0.412	539	566	-0.434099	0.091873	
A/Zhejiang/1/2006|EPI_ISL	0.3214	0.2812	0.4472	0.2689	0.178	-0.069	0.388	49.13	0.408	0.415	544	567	-0.412522	0.091711	
A/Anas_platyrhynchos/jiuj	0.3296	0.2717	0.4408	0.2717	0.171	-0.092	0.373	49.19	0.404	0.417	542	567	-0.386949	0.091711	
A/Anas_crecca/Hubei/Chenh	0.3244	0.2733	0.4600	0.2577	0.167	-0.079	0.380	50.49	0.394	0.409	545	567	-0.374427	0.089947	
A/Anhui/1/2006_H5N1|GCA_0	0.3252	0.2784	0.4536	0.2570	0.178	-0.064	0.390	49.31	0.399	0.412	544	567	-0.390653	0.091711	
A/Anhui/1/2007_H5N1|GCA_0	0.3318	0.2673	0.4484	0.2725	0.174	-0.085	0.379	48.75	0.399	0.411	544	567	-0.417637	0.091711	
A/Anhui/2/2005_H5N1|GCA_0	0.3237	0.2768	0.4523	0.2661	0.175	-0.079	0.382	49.12	0.403	0.413	544	567	-0.412522	0.091711	
A/Anser_cygnoides/China/P	0.3356	0.2689	0.4433	0.2626	0.165	-0.093	0.371	50.43	0.397	0.414	542	567	-0.403175	0.089947	
A/Anser_cygnoides/Hubei/F	0.3207	0.2806	0.4350	0.2786	0.178	-0.051	0.395	50.57	0.415	0.418	544	567	-0.387478	0.089947	
A/Anser_fabalis/jiujiang/	0.3296	0.2739	0.4383	0.2717	0.172	-0.085	0.376	49.25	0.406	0.418	542	567	-0.386949	0.091711	
A/Anser_fabalis/jiujiang/	0.3222	0.2778	0.4433	0.2717	0.172	-0.074	0.383	48.83	0.409	0.419	543	567	-0.399824	0.091711	
A/Anser_fabalis/jiujiang/	0.3296	0.2739	0.4383	0.2717	0.172	-0.085	0.376	49.25	0.406	0.418	542	567	-0.386949	0.091711	
A/Bulbul/Taiwan/01156/201	0.3164	0.2788	0.4461	0.2717	0.170	-0.084	0.377	50.09	0.410	0.416	544	567	-0.366843	0.089947	
A/Changsha/1/2014_H5N6|GC	0.3363	0.2611	0.4433	0.2674	0.167	-0.091	0.373	50.48	0.395	0.416	542	566	-0.411661	0.090106	
A/China/Original/2018_H5N	0.3400	0.2578	0.4467	0.2646	0.161	-0.112	0.362	49.12	0.388	0.409	544	566	-0.389753	0.090106	
A/Chlidonias_hybrida/Hube	0.3156	0.2822	0.4372	0.2809	0.174	-0.057	0.392	50.15	0.418	0.421	543	567	-0.376014	0.089947	
A/Commom_Teal/Ningxia/474	0.3392	0.2550	0.4497	0.2632	0.160	-0.107	0.362	50.53	0.387	0.412	542	567	-0.395767	0.089947	
A/Copsychus_saularis/Guan	0.3333	0.2689	0.4447	0.2626	0.166	-0.090	0.373	51.30	0.397	0.414	542	567	-0.397178	0.089947	
A/Cygnus_atratus/Hubei/2Z	0.3207	0.2829	0.4311	0.2821	0.178	-0.057	0.392	50.29	0.419	0.418	544	567	-0.381482	0.089947	
A/Cygnus_atratus/Hubei/HF	0.3192	0.2835	0.4325	0.2813	0.179	-0.054	0.393	50.26	0.419	0.418	544	567	-0.382187	0.089947	
A/Cygnus_columbianus/Hube	0.3156	0.2822	0.4397	0.2781	0.176	-0.050	0.396	50.13	0.416	0.420	543	567	-0.376720	0.089947	
A/Cygnus_columbianus/Hube	0.3156	0.2800	0.4397	0.2809	0.174	-0.060	0.390	50.04	0.416	0.420	543	567	-0.376014	0.089947	
A/Cygnus_columbianus/Hube	0.3200	0.2778	0.4372	0.2801	0.176	-0.057	0.392	50.25	0.414	0.420	543	567	-0.385185	0.089947	
A/Cygnus_columbianus/Hube	0.3178	0.2800	0.4347	0.2837	0.174	-0.063	0.389	50.17	0.418	0.421	543	567	-0.376014	0.089947	
A/Cygnus_columbianus/Hube	0.3156	0.2822	0.4383	0.2817	0.175	-0.058	0.392	50.27	0.418	0.420	543	567	-0.377778	0.091711	
A/Cygnus_columbianus/Hube	0.3156	0.2822	0.4372	0.2809	0.174	-0.057	0.392	50.15	0.418	0.421	543	567	-0.376014	0.089947	
A/Cygnus_columbianus/Hube	0.3178	0.2822	0.4347	0.2809	0.175	-0.054	0.394	50.18	0.418	0.421	543	567	-0.376014	0.089947	
A/Duck/Dongting/D76-1/201	0.3504	0.2835	0.4293	0.2514	0.184	-0.076	0.386	50.34	0.399	0.419	539	564	-0.411879	0.093972	
A/Duck/Jiangxi/631/2024_H	0.3252	0.2762	0.4372	0.2773	0.171	-0.086	0.376	49.16	0.411	0.419	543	567	-0.391358	0.091711	
A/Falcated_Duck/Ningxia/4	0.3370	0.2572	0.4497	0.2632	0.160	-0.104	0.363	50.54	0.389	0.413	542	567	-0.395767	0.089947	
A/Ferruginous_Pochard/Nin	0.3370	0.2572	0.4497	0.2632	0.160	-0.104	0.363	50.54	0.389	0.413	542	567	-0.395767	0.089947	
A/Gadwall/Ningxia/472-7/2	0.3370	0.2550	0.4523	0.2632	0.161	-0.104	0.363	50.21	0.387	0.412	542	567	-0.395767	0.089947	
A/Gallinula_chloropus/Gua	0.3296	0.2677	0.4534	0.2563	0.162	-0.095	0.369	50.01	0.393	0.414	542	567	-0.405467	0.089947	
A/Guangdong/1/2008_H5N1|G	0.3192	0.2857	0.4472	0.2669	0.175	-0.075	0.384	50.09	0.410	0.417	544	567	-0.402469	0.091711	
A/Guangdong/2/2006_H5N1|G	0.3252	0.2806	0.4497	0.2640	0.179	-0.065	0.391	49.31	0.404	0.413	545	567	-0.410406	0.093474	
A/Guangdong/lgf/2021_H5N6	0.3200	0.2756	0.4350	0.2857	0.173	-0.057	0.392	50.61	0.415	0.420	544	567	-0.374251	0.089947	
A/Guangxi/1/2005_H5N1|GCA	0.3237	0.2812	0.4509	0.2640	0.178	-0.067	0.390	48.83	0.404	0.413	544	567	-0.405997	0.091711	
A/Guangxi/1/2008_H5N1|GCA	0.3289	0.2752	0.4419	0.2797	0.182	-0.088	0.379	50.35	0.408	0.414	544	567	-0.419753	0.093474	
A/Guangzhou/39715/2014_H5	0.3348	0.2616	0.4534	0.2591	0.162	-0.096	0.369	50.22	0.389	0.413	542	567	-0.404233	0.089947	
A/Guizhou/1/2009_H5N1|GCA	0.3296	0.2739	0.4436	0.2674	0.176	-0.071	0.386	50.14	0.403	0.413	544	567	-0.395062	0.091711	
A/Hunan/1/2008_H5N1|GCA_0	0.3393	0.2629	0.4495	0.2732	0.178	-0.084	0.381	49.26	0.394	0.408	543	567	-0.434568	0.093474	
A/Hunan/2/2009_H5N1|GCA_0	0.3274	0.2762	0.4411	0.2702	0.177	-0.059	0.393	50.69	0.406	0.414	544	567	-0.403704	0.091711	
A/Japanese_white-eye/Taoy	0.3207	0.2829	0.4557	0.2670	0.170	-0.087	0.378	50.11	0.406	0.412	545	567	-0.433510	0.093474	
A/Nanjing/1/2015_H5N1|GCA	0.3124	0.2876	0.4658	0.2635	0.174	-0.104	0.369	49.26	0.406	0.410	544	567	-0.454497	0.095238	
A/Northern_Shoveler/Ningx	0.3370	0.2572	0.4497	0.2639	0.160	-0.108	0.362	50.56	0.389	0.412	542	567	-0.395238	0.089947	
A/Pavo_cristatus/China/JS	0.3363	0.2628	0.4559	0.2563	0.167	-0.082	0.378	50.50	0.387	0.411	542	566	-0.432332	0.090106	
A/Pavo_cristatus/China/K1	0.3363	0.2628	0.4559	0.2563	0.167	-0.082	0.378	50.50	0.387	0.411	542	566	-0.432332	0.090106	
A/Pavo_cristatus/Jiangxi/	0.3392	0.2572	0.4571	0.2542	0.161	-0.108	0.362	49.46	0.383	0.410	541	566	-0.411484	0.090106	
A/Rattus_norvegicus/China	0.3400	0.2556	0.4411	0.2758	0.164	-0.108	0.365	49.75	0.394	0.408	543	566	-0.388339	0.090106	
A/Shandong/1/2009_H5N1|GC	0.3237	0.2812	0.4509	0.2627	0.175	-0.071	0.387	49.65	0.403	0.414	543	567	-0.407231	0.091711	
A/Spatula_querquedula/cho	0.3296	0.2717	0.4408	0.2717	0.171	-0.092	0.373	49.19	0.404	0.417	542	567	-0.386949	0.091711	
A/Syrrhaptes_paradoxus/Gu	0.3363	0.2588	0.4497	0.2639	0.165	-0.084	0.376	50.91	0.390	0.413	543	567	-0.393122	0.089947	
A/Taiwan/DV413/2006_H5N2|	0.3826	0.2371	0.4286	0.2672	0.156	-0.167	0.331	50.10	0.370	0.398	538	563	-0.390409	0.094139	
A/Taiwan/DV518/2006_H5N2|	0.3848	0.2371	0.4260	0.2672	0.157	-0.164	0.333	50.18	0.370	0.398	538	563	-0.390409	0.094139	
A/Whooper_Swan/Sanmenxia/	0.3207	0.2829	0.4336	0.2793	0.178	-0.061	0.390	50.04	0.417	0.418	544	567	-0.385714	0.089947	
A/Wild_bird/Huadong/CIXI2	0.3156	0.2867	0.4307	0.2845	0.176	-0.049	0.398	51.29	0.424	0.423	543	567	-0.396296	0.091711	
A/Wild_bird/Huadong/CM120	0.3191	0.2854	0.4670	0.2564	0.172	-0.102	0.370	51.02	0.400	0.406	543	567	-0.424691	0.095238	
A/Wild_bird/Huadong/DF10/	0.3274	0.2699	0.4364	0.2750	0.166	-0.087	0.375	51.85	0.406	0.415	544	566	-0.396113	0.091873	
A/Wild_bird/Huadong/DT10/	0.3154	0.2931	0.4504	0.2714	0.176	-0.068	0.390	49.87	0.415	0.411	544	567	-0.441270	0.093474	
A/Wild_bird/Huadong/GY116	0.3274	0.2721	0.4375	0.2722	0.167	-0.085	0.377	51.75	0.406	0.415	544	566	-0.399117	0.093640	
A/Wild_bird/Huadong/GY183	0.3311	0.2578	0.4786	0.2423	0.163	-0.096	0.369	49.20	0.375	0.406	542	566	-0.398940	0.090106	
A/Wild_bird/Huadong/GY999	0.3497	0.2494	0.4529	0.2627	0.159	-0.116	0.359	49.21	0.380	0.407	540	566	-0.442050	0.090106	
A/Wild_bird/Huadong/JYWB4	0.3214	0.2857	0.4506	0.2707	0.175	-0.079	0.383	50.10	0.409	0.412	545	567	-0.430511	0.093474	
A/Wild_bird/Huadong/QP10/	0.3392	0.2616	0.4495	0.2577	0.163	-0.096	0.370	49.70	0.388	0.411	541	566	-0.408304	0.090106	
A/Wild_bird/Huadong/SH17/	0.3296	0.2699	0.4375	0.2730	0.166	-0.091	0.373	51.18	0.404	0.414	544	566	-0.393816	0.091873	
A/Wild_bird/Huadong/SSW7/	0.3489	0.2511	0.4380	0.2732	0.158	-0.128	0.352	49.81	0.389	0.411	540	566	-0.414488	0.090106	
A/Wild_bird/Huadong/SZ111	0.3282	0.2749	0.4600	0.2521	0.160	-0.101	0.368	48.69	0.392	0.409	546	567	-0.423810	0.095238	
A/Wild_bird/Huadong/YC148	0.3497	0.2517	0.4380	0.2732	0.160	-0.122	0.356	49.29	0.389	0.410	540	566	-0.417138	0.090106	
A/Wild_bird/Huadong/YX68/	0.3274	0.2721	0.4364	0.2722	0.167	-0.087	0.375	51.65	0.406	0.415	544	566	-0.402827	0.093640	
A/Xinjiang/1/2009_H5N1|GC	0.3371	0.2656	0.4698	0.2430	0.174	-0.075	0.386	48.87	0.379	0.407	544	567	-0.418871	0.091711	
A/Yangzhou/125/2022_H5N6|	0.3171	0.2749	0.4383	0.2910	0.171	-0.069	0.386	50.22	0.417	0.419	544	567	-0.377954	0.091711	
A/avian/Hong_Kong/0719/20	0.3326	0.2746	0.4422	0.2697	0.181	-0.070	0.388	49.84	0.403	0.413	544	567	-0.404762	0.091711	
A/avian/Hong_Kong/1993/20	0.3326	0.2746	0.4408	0.2732	0.181	-0.070	0.388	49.83	0.404	0.413	544	567	-0.409700	0.091711	
A/avian/Hong_Kong/2372/20	0.3326	0.2746	0.4397	0.2725	0.181	-0.070	0.388	49.93	0.404	0.413	544	567	-0.404762	0.091711	
A/baikal_teal/Xianghai/42	0.3378	0.2864	0.4297	0.2599	0.180	-0.084	0.380	51.01	0.408	0.423	539	564	-0.401241	0.093972	
A/bar-headed_goose/Qingha	0.3192	0.2768	0.4612	0.2633	0.168	-0.100	0.371	48.92	0.400	0.412	545	568	-0.439789	0.091549	
A/bar-headed_goose/Tibet/	0.3207	0.2784	0.4598	0.2605	0.170	-0.096	0.372	49.03	0.400	0.413	545	568	-0.435035	0.091549	
A/black_chicken/Jiangxi/1	0.3274	0.2717	0.4561	0.2640	0.173	-0.067	0.387	50.87	0.396	0.409	545	567	-0.373545	0.091711	
A/brown-headed_gull/Qingh	0.3163	0.2895	0.4504	0.2751	0.175	-0.091	0.376	49.55	0.415	0.411	545	567	-0.420282	0.093474	
A/brown-headed_gull/Qingh	0.3199	0.2841	0.4506	0.2756	0.177	-0.087	0.378	49.55	0.411	0.410	545	567	-0.412698	0.093474	
A/canvasback/Xianghai/428	0.3415	0.2790	0.4348	0.2606	0.176	-0.098	0.372	50.49	0.402	0.421	540	564	-0.401418	0.093972	
A/cat/Sichuan/SC18/2014_H	0.3252	0.2739	0.4586	0.2577	0.173	-0.056	0.393	50.73	0.395	0.410	544	567	-0.379012	0.089947	
A/cat/Zhejiang/C1/2016_H5	0.3385	0.2606	0.4495	0.2646	0.165	-0.096	0.371	49.80	0.391	0.412	542	566	-0.431625	0.091873	
A/cat/Zhejiang/C2/2016_H5	0.3444	0.2517	0.4509	0.2591	0.163	-0.099	0.367	49.67	0.382	0.412	542	566	-0.398057	0.090106	
A/chicken/Anhui/MZ33/2016	0.3437	0.2550	0.4534	0.2563	0.165	-0.097	0.369	49.42	0.382	0.411	542	566	-0.394523	0.090106	
A/chicken/Anhui/MZ34/2016	0.3415	0.2572	0.4534	0.2563	0.166	-0.094	0.371	49.46	0.384	0.410	542	566	-0.395230	0.090106	
A/chicken/Beijing/BJ7/201	0.3221	0.2953	0.4495	0.2500	0.177	-0.074	0.383	49.51	0.407	0.410	543	567	-0.379894	0.091711	
A/chicken/CH/a556/2015_H5	0.2960	0.2915	0.4950	0.2260	0.173	-0.054	0.399	50.11	0.390	0.411	539	564	-0.382092	0.097518	
A/chicken/Changhua/150101	0.3164	0.2788	0.4461	0.2717	0.169	-0.087	0.375	50.17	0.410	0.416	544	567	-0.366843	0.089947	
A/chicken/Changhua/150102	0.3142	0.2810	0.4461	0.2717	0.169	-0.084	0.377	50.16	0.412	0.417	544	567	-0.367019	0.089947	
A/chicken/Changhua/150103	0.3142	0.2810	0.4461	0.2717	0.169	-0.084	0.377	50.16	0.412	0.417	544	567	-0.366843	0.089947	
A/chicken/Changhua/150103	0.3119	0.2832	0.4461	0.2717	0.170	-0.081	0.379	50.19	0.414	0.417	544	567	-0.366843	0.089947	
A/chicken/Changhua/150103	0.3119	0.2832	0.4461	0.2717	0.170	-0.081	0.379	50.19	0.414	0.417	544	567	-0.366843	0.089947	
A/chicken/Changhua/150103	0.3142	0.2810	0.4461	0.2717	0.170	-0.084	0.377	50.20	0.412	0.417	544	567	-0.366843	0.089947	
A/chicken/Changhua/150400	0.3164	0.2788	0.4523	0.2669	0.168	-0.090	0.373	49.70	0.406	0.415	544	567	-0.371605	0.089947	
A/chicken/Changhua/150400	0.3186	0.2765	0.4523	0.2669	0.168	-0.090	0.373	49.71	0.404	0.414	544	567	-0.371605	0.089947	
A/chicken/Changhua/150400	0.3186	0.2765	0.4497	0.2697	0.168	-0.087	0.375	50.11	0.406	0.414	544	567	-0.371605	0.089947	
A/chicken/Changhua/150400	0.3186	0.2765	0.4472	0.2725	0.169	-0.087	0.375	50.11	0.408	0.415	544	567	-0.371605	0.089947	
A/chicken/Changhua/150500	0.3142	0.2810	0.4511	0.2661	0.168	-0.083	0.377	50.13	0.408	0.416	544	567	-0.368430	0.089947	
A/chicken/Changhua/150500	0.3230	0.2743	0.4461	0.2689	0.167	-0.094	0.371	50.80	0.404	0.415	544	567	-0.366843	0.089947	
A/chicken/Changhua/150600	0.3186	0.2765	0.4450	0.2709	0.168	-0.086	0.375	50.16	0.408	0.417	544	567	-0.363668	0.089947	
A/chicken/Changhua/150600	0.3179	0.2781	0.4461	0.2689	0.168	-0.085	0.377	51.05	0.408	0.418	544	567	-0.364727	0.089947	
A/chicken/Changhua/150600	0.3119	0.2810	0.4536	0.2661	0.168	-0.083	0.377	49.77	0.408	0.417	544	567	-0.367725	0.089947	
A/chicken/Changhua/151200	0.3053	0.2898	0.4536	0.2618	0.173	-0.071	0.384	49.77	0.414	0.419	544	567	-0.376543	0.089947	
A/chicken/Changhua/160100	0.3097	0.2788	0.4600	0.2626	0.164	-0.089	0.373	49.16	0.404	0.415	544	567	-0.363316	0.089947	
A/chicken/Changhua/170600	0.3082	0.2794	0.4586	0.2689	0.166	-0.082	0.377	49.47	0.408	0.415	544	567	-0.358377	0.089947	
A/chicken/Changhua/180400	0.3016	0.2816	0.4511	0.2821	0.166	-0.086	0.375	49.81	0.419	0.418	544	567	-0.361552	0.089947	
A/chicken/Chiayi/15010287	0.3142	0.2810	0.4461	0.2717	0.169	-0.084	0.377	50.16	0.412	0.417	544	567	-0.367019	0.089947	
A/chicken/Chiayi/15010409	0.3119	0.2832	0.4461	0.2717	0.170	-0.081	0.379	50.19	0.414	0.417	544	567	-0.366843	0.089947	
A/chicken/Chiayi/15010454	0.3208	0.2765	0.4511	0.2633	0.169	-0.084	0.377	50.78	0.403	0.414	544	567	-0.366843	0.089947	
A/chicken/Chiayi/17040009	0.3060	0.2816	0.4561	0.2717	0.168	-0.078	0.379	49.82	0.412	0.416	544	567	-0.348677	0.089947	
A/chicken/Chiayi/18120003	0.3009	0.2810	0.4573	0.2765	0.164	-0.089	0.373	49.70	0.415	0.418	544	567	-0.361376	0.089947	
A/chicken/China/007/2019_	0.3318	0.2650	0.4525	0.2576	0.164	-0.110	0.362	50.71	0.391	0.410	542	566	-0.405654	0.090106	
A/chicken/China/1101/2019	0.3215	0.2727	0.4350	0.2798	0.164	-0.103	0.366	52.25	0.413	0.418	543	566	-0.392226	0.090106	
A/chicken/China/Cangzhou0	0.3289	0.2689	0.4383	0.2801	0.169	-0.096	0.370	48.98	0.407	0.419	543	567	-0.399824	0.091711	
A/chicken/China/E93/2012_	0.3289	0.2864	0.4518	0.2571	0.180	-0.063	0.392	50.74	0.403	0.406	544	567	-0.391711	0.093474	
A/chicken/China/E96/2012_	0.3341	0.2806	0.4520	0.2535	0.177	-0.076	0.383	50.60	0.396	0.404	545	567	-0.374603	0.091711	
A/chicken/Chiping/0321/20	0.3318	0.2848	0.4571	0.2444	0.174	-0.080	0.379	50.17	0.394	0.404	543	567	-0.394885	0.091711	
A/chicken/Dongguan/2690/2	0.3348	0.2616	0.4534	0.2591	0.164	-0.089	0.373	50.19	0.389	0.413	542	567	-0.404409	0.089947	
A/chicken/Dongguan/3363/2	0.3348	0.2639	0.4509	0.2591	0.166	-0.086	0.375	50.34	0.391	0.414	542	567	-0.404409	0.089947	
A/chicken/Dongguan/4259/2	0.3341	0.2633	0.4509	0.2591	0.166	-0.085	0.375	50.30	0.391	0.413	542	567	-0.391534	0.089947	
A/chicken/Eastern_China/H	0.3139	0.2870	0.4633	0.2642	0.172	-0.106	0.368	49.59	0.406	0.408	544	567	-0.431570	0.095238	
A/chicken/Eastern_China/Q	0.3139	0.2870	0.4633	0.2642	0.172	-0.106	0.368	49.60	0.406	0.409	544	567	-0.431570	0.095238	
A/chicken/Eastern_China/Z	0.3266	0.2841	0.4529	0.2621	0.175	-0.077	0.383	50.22	0.403	0.409	543	567	-0.440741	0.091711	
A/chicken/Eastern_China/Z	0.3251	0.2870	0.4569	0.2542	0.176	-0.082	0.381	50.60	0.401	0.409	543	567	-0.450265	0.093474	
A/chicken/Fujian/1/2007_H	0.3237	0.2772	0.4520	0.2620	0.175	-0.092	0.374	48.09	0.401	0.416	543	567	-0.358025	0.093474	
A/chicken/Fujian/11.23_FZ	0.3356	0.2622	0.4598	0.2528	0.168	-0.077	0.381	50.05	0.385	0.410	543	567	-0.432981	0.089947	
A/chicken/GY/a451/2015_H5	0.2998	0.2908	0.4837	0.2338	0.174	-0.058	0.396	50.85	0.394	0.414	540	564	-0.384575	0.097518	
A/chicken/Gansu/5/2012_H5	0.3386	0.2803	0.4684	0.2338	0.179	-0.065	0.390	48.89	0.382	0.399	544	567	-0.390124	0.091711	
A/chicken/Gansu/6/2012_H5	0.3274	0.2892	0.4545	0.2500	0.179	-0.062	0.392	51.20	0.401	0.406	544	567	-0.400706	0.091711	
A/chicken/Ganzhou/GZ27/20	0.3392	0.2572	0.4571	0.2549	0.163	-0.099	0.368	49.69	0.383	0.409	541	566	-0.415371	0.090106	
A/chicken/Guangdong/1/200	0.3303	0.2787	0.4571	0.2521	0.175	-0.083	0.380	49.67	0.395	0.411	542	567	-0.432628	0.091711	
A/chicken/Guangdong/GD160	0.3437	0.2550	0.4534	0.2563	0.165	-0.097	0.369	49.39	0.382	0.410	542	566	-0.395053	0.090106	
A/chicken/Guangxi/16/2019	0.3132	0.2975	0.4467	0.2699	0.177	-0.065	0.392	50.93	0.419	0.414	544	567	-0.436861	0.093474	
A/chicken/Guangxi/S2039/2	0.3222	0.2711	0.4621	0.2691	0.173	-0.097	0.371	48.75	0.398	0.410	545	568	-0.411091	0.093310	
A/chicken/Guizhou/7/2008_	0.3289	0.2756	0.4436	0.2697	0.176	-0.059	0.393	49.96	0.404	0.414	545	567	-0.395944	0.093474	
A/chicken/Hebei/1102-MA/2	0.3200	0.2844	0.4506	0.2655	0.172	-0.070	0.384	50.77	0.408	0.408	544	568	-0.363380	0.093310	
A/chicken/Hebei/1102/2010	0.3200	0.2844	0.4495	0.2648	0.173	-0.070	0.384	50.73	0.408	0.408	544	568	-0.358627	0.093310	
A/chicken/Hebei/3/2013_H5	0.3393	0.2831	0.4684	0.2295	0.174	-0.074	0.385	49.61	0.381	0.396	543	567	-0.387831	0.091711	
A/chicken/Hebei/A-8/2009_	0.3252	0.2806	0.4645	0.2507	0.168	-0.091	0.374	49.34	0.394	0.403	543	567	-0.370194	0.091711	
A/chicken/Heilongjiang/S7	0.3244	0.2953	0.4619	0.2386	0.175	-0.071	0.387	50.14	0.398	0.403	543	567	-0.392769	0.093474	
A/chicken/Henan/A-7/2006_	0.3229	0.2892	0.4461	0.2612	0.175	-0.087	0.377	49.52	0.408	0.413	544	568	-0.367253	0.091549	
A/chicken/Henan/Q7/2013_H	0.3274	0.2895	0.4456	0.2550	0.171	-0.091	0.374	50.40	0.405	0.409	543	567	-0.376191	0.091711	
A/chicken/Henan/YB0597/20	0.3378	0.2622	0.4509	0.2591	0.168	-0.084	0.376	49.02	0.389	0.413	542	566	-0.404594	0.090106	
A/chicken/Hsinchu/1608000	0.3060	0.2794	0.4600	0.2682	0.164	-0.086	0.375	49.22	0.408	0.416	544	567	-0.369136	0.089947	
A/chicken/Huadong/4/2008_	0.3326	0.2790	0.4596	0.2500	0.171	-0.096	0.371	49.78	0.392	0.404	544	568	-0.343486	0.093310	
A/chicken/Hubei/2856/2007	0.3229	0.2806	0.4475	0.2661	0.177	-0.057	0.394	50.66	0.406	0.413	545	567	-0.394004	0.091711	
A/chicken/Hubei/ZYSJF11/2	0.3400	0.2600	0.4509	0.2583	0.167	-0.087	0.375	49.06	0.387	0.413	542	566	-0.405830	0.090106	
A/chicken/Hubei/ZYSJF16/2	0.3400	0.2600	0.4509	0.2583	0.167	-0.087	0.375	49.06	0.387	0.413	542	566	-0.405830	0.090106	
A/chicken/Hubei/ZYSJF38/2	0.3400	0.2600	0.4509	0.2583	0.167	-0.087	0.375	49.06	0.387	0.413	542	566	-0.405830	0.090106	
A/chicken/Hunan/02.06_YYG	0.3356	0.2622	0.4489	0.2632	0.164	-0.118	0.358	49.76	0.392	0.410	544	566	-0.406537	0.090106	
A/chicken/Hunan/03.07_YYG	0.3319	0.2655	0.4539	0.2563	0.162	-0.101	0.368	48.97	0.390	0.411	544	566	-0.395936	0.090106	
A/chicken/Hunan/12.27_YYG	0.3282	0.2661	0.4548	0.2611	0.165	-0.090	0.372	49.93	0.394	0.412	543	567	-0.395062	0.089947	
A/chicken/Hunan/12.27_YYG	0.3363	0.2611	0.4484	0.2633	0.162	-0.090	0.373	50.57	0.391	0.412	542	566	-0.410777	0.090106	
A/chicken/Hunan/1793/2007	0.3326	0.2719	0.4520	0.2648	0.178	-0.068	0.389	48.53	0.397	0.410	542	567	-0.414638	0.091711	
A/chicken/Hunan/21/2005_H	0.3229	0.2806	0.4548	0.2577	0.175	-0.072	0.386	48.83	0.401	0.413	544	567	-0.413580	0.091711	
A/chicken/Hunan/3/2007_H5	0.3065	0.2931	0.4631	0.2642	0.178	-0.082	0.381	49.57	0.413	0.413	543	567	-0.435450	0.095238	
A/chicken/Hunan/3157/2006	0.3251	0.2803	0.4425	0.2694	0.183	-0.048	0.401	50.03	0.408	0.416	544	567	-0.412169	0.091711	
A/chicken/Hunan/8/2008_H5	0.3117	0.2892	0.4772	0.2472	0.174	-0.085	0.379	48.59	0.398	0.408	543	567	-0.448325	0.091711	
A/chicken/Jiangsu/1001/20	0.3333	0.2800	0.4606	0.2479	0.171	-0.076	0.382	49.64	0.392	0.401	544	567	-0.386949	0.095238	
A/chicken/Jiangsu/18/2008	0.3326	0.2812	0.4646	0.2408	0.170	-0.097	0.371	49.52	0.388	0.403	544	568	-0.351056	0.091549	
A/chicken/Jiangsu/2477/20	0.3192	0.2879	0.4520	0.2670	0.176	-0.079	0.383	49.54	0.409	0.412	545	567	-0.430159	0.093474	
A/chicken/Jiangsu/927/201	0.3229	0.2851	0.4532	0.2657	0.174	-0.085	0.380	50.21	0.406	0.410	545	567	-0.431041	0.093474	
A/chicken/Jiangsu/XZ216/2	0.3266	0.2886	0.4646	0.2394	0.171	-0.076	0.382	49.74	0.393	0.401	544	568	-0.380282	0.091549	
A/chicken/Jiangsu/YB7/201	0.3117	0.2892	0.4645	0.2621	0.172	-0.101	0.370	50.30	0.407	0.410	543	567	-0.421340	0.095238	
A/chicken/Jiangsu/k0402/2	0.3080	0.2902	0.4608	0.2707	0.177	-0.084	0.380	49.12	0.413	0.411	545	567	-0.423281	0.093474	
A/chicken/Jiangxi/25/2011	0.3163	0.2695	0.4612	0.2745	0.167	-0.092	0.372	50.00	0.402	0.413	545	568	-0.398591	0.093310	
A/chicken/Jiangxi/NCDZT11	0.3415	0.2550	0.4484	0.2646	0.164	-0.096	0.369	49.90	0.387	0.413	542	567	-0.404409	0.089947	
A/chicken/Jiangxi/NCDZT11	0.3392	0.2572	0.4484	0.2646	0.164	-0.093	0.371	50.40	0.389	0.413	542	567	-0.404409	0.089947	
A/chicken/Jiangyin/JY0907	0.3378	0.2667	0.4425	0.2618	0.165	-0.094	0.372	49.96	0.394	0.413	543	566	-0.405124	0.090106	
A/chicken/Kaohsiung/16010	0.3135	0.2804	0.4509	0.2684	0.165	-0.085	0.376	50.49	0.409	0.415	543	567	-0.353263	0.089947	
A/chicken/Kaohsiung/16020	0.3164	0.2788	0.4509	0.2684	0.168	-0.082	0.378	50.24	0.407	0.413	543	567	-0.356614	0.089947	
A/chicken/Kaohsiung/16040	0.3053	0.2898	0.4509	0.2684	0.168	-0.072	0.383	50.17	0.416	0.416	543	567	-0.361023	0.089947	
A/chicken/Kaohsiung/16070	0.3097	0.2854	0.4484	0.2712	0.167	-0.079	0.379	50.10	0.414	0.416	543	567	-0.356614	0.089947	
A/chicken/Kaohsiung/16120	0.3164	0.2788	0.4534	0.2655	0.168	-0.082	0.378	50.20	0.405	0.413	543	567	-0.356614	0.089947	
A/chicken/Kaohsiung/16MB0	0.3053	0.2898	0.4509	0.2684	0.168	-0.072	0.383	50.17	0.416	0.416	543	567	-0.361023	0.089947	
A/chicken/Kaohsiung/17030	0.3156	0.2822	0.4534	0.2648	0.172	-0.071	0.385	50.22	0.407	0.413	543	567	-0.379012	0.089947	
A/chicken/Kaohsiung/17040	0.3075	0.2788	0.4612	0.2661	0.166	-0.082	0.377	49.08	0.406	0.415	544	567	-0.371781	0.089947	
A/chicken/Kaohsiung/17100	0.3046	0.2826	0.4486	0.2765	0.163	-0.085	0.375	50.09	0.417	0.417	544	567	-0.358554	0.089947	
A/chicken/Kaohsiung/18080	0.3009	0.2854	0.4687	0.2577	0.165	-0.085	0.375	49.59	0.406	0.414	544	567	-0.363668	0.089947	
A/chicken/Kaohsiung/18080	0.3031	0.2832	0.4687	0.2577	0.166	-0.085	0.375	49.76	0.404	0.414	544	567	-0.359259	0.089947	
A/chicken/Liaoning/23/200	0.3215	0.2794	0.4464	0.2652	0.168	-0.092	0.374	50.07	0.407	0.417	546	568	-0.442430	0.086268	
A/chicken/Liaoning/A-1/20	0.3326	0.2783	0.4511	0.2583	0.177	-0.087	0.378	49.84	0.398	0.409	543	568	-0.387852	0.093310	
A/chicken/Liaoning/S4092/	0.3341	0.2848	0.4582	0.2443	0.180	-0.070	0.387	49.37	0.392	0.403	543	567	-0.374956	0.091711	
A/chicken/Miaoli/15010421	0.3186	0.2765	0.4486	0.2689	0.169	-0.087	0.375	50.15	0.406	0.415	544	567	-0.366843	0.089947	
A/chicken/Nantou/16110023	0.3097	0.2832	0.4458	0.2768	0.166	-0.082	0.378	49.92	0.416	0.417	543	567	-0.356614	0.089947	
A/chicken/New_Taipei_City	0.3200	0.2756	0.4571	0.2627	0.170	-0.088	0.375	49.37	0.400	0.411	542	567	-0.360141	0.089947	
A/chicken/New_Taipei_City	0.3186	0.2743	0.4610	0.2606	0.165	-0.096	0.370	49.13	0.398	0.410	543	567	-0.345679	0.089947	
A/chicken/New_Taipei_City	0.3038	0.2860	0.4561	0.2689	0.166	-0.076	0.381	50.44	0.414	0.417	544	567	-0.362787	0.089947	
A/chicken/New_Taipei_City	0.3193	0.2794	0.4573	0.2556	0.168	-0.090	0.374	49.08	0.400	0.410	543	567	-0.358554	0.089947	
A/chicken/New_Taipei_City	0.3259	0.2749	0.4573	0.2528	0.170	-0.091	0.374	48.61	0.394	0.408	543	567	-0.351323	0.089947	
A/chicken/New_Taipei_City	0.3259	0.2749	0.4573	0.2528	0.170	-0.091	0.374	48.60	0.394	0.407	543	567	-0.352028	0.089947	
A/chicken/New_Taipei_City	0.3259	0.2749	0.4573	0.2528	0.170	-0.091	0.374	48.60	0.394	0.407	543	567	-0.352028	0.089947	
A/chicken/New_Taipei_City	0.3031	0.2832	0.4637	0.2626	0.165	-0.092	0.371	49.50	0.408	0.416	544	567	-0.374074	0.089947	
A/chicken/Ningxia/2/2012_	0.3378	0.2796	0.4684	0.2338	0.178	-0.068	0.388	48.79	0.382	0.400	544	567	-0.384656	0.091711	
A/chicken/Ningxia/222/201	0.3371	0.2790	0.4672	0.2360	0.178	-0.069	0.387	48.79	0.383	0.400	545	567	-0.380600	0.091711	
A/chicken/Ningxia/24/2006	0.3273	0.2844	0.4497	0.2570	0.174	-0.086	0.378	50.27	0.402	0.410	542	568	-0.401056	0.091549	
A/chicken/North_China/k06	0.3259	0.2835	0.4594	0.2535	0.173	-0.068	0.388	49.43	0.399	0.407	544	567	-0.433863	0.091711	
A/chicken/PH/A2821/2013_H	0.3132	0.2886	0.4862	0.2163	0.172	-0.052	0.400	50.63	0.381	0.410	540	564	-0.371986	0.097518	
A/chicken/PT/a158/2015_H5	0.3036	0.2857	0.4875	0.2275	0.172	-0.061	0.393	50.45	0.387	0.411	540	564	-0.359043	0.097518	
A/chicken/Pingtung/150500	0.3186	0.2765	0.4461	0.2717	0.169	-0.081	0.379	50.44	0.408	0.416	544	567	-0.366843	0.089947	
A/chicken/Pingtung/160200	0.3186	0.2788	0.4444	0.2740	0.170	-0.077	0.381	50.90	0.411	0.416	543	567	-0.367725	0.089947	
A/chicken/Pingtung/180100	0.3031	0.2832	0.4637	0.2633	0.168	-0.082	0.377	49.20	0.408	0.416	544	567	-0.367901	0.089947	
A/chicken/Pingtung/180200	0.3031	0.2854	0.4612	0.2626	0.163	-0.098	0.368	49.57	0.410	0.417	544	567	-0.374074	0.089947	
A/chicken/Qingdao/1/2014_	0.3333	0.2819	0.4672	0.2373	0.171	-0.085	0.377	49.79	0.386	0.400	544	567	-0.393827	0.091711	
A/chicken/SC/a688/2015_H5	0.3036	0.2879	0.4862	0.2282	0.172	-0.059	0.394	50.61	0.389	0.412	540	564	-0.367376	0.097518	
A/chicken/Shandong/A-10/2	0.3236	0.2899	0.4339	0.2687	0.178	-0.082	0.379	49.11	0.415	0.415	544	568	-0.369718	0.089789	
A/chicken/Shandong/S3/201	0.3333	0.2819	0.4684	0.2380	0.172	-0.087	0.377	49.70	0.386	0.400	544	567	-0.406702	0.091711	
A/chicken/Shantou/3744/20	0.3149	0.2816	0.4417	0.2727	0.166	-0.099	0.370	49.78	0.414	0.421	546	568	-0.417077	0.091549	
A/chicken/Shanxi/04.28_TG	0.3082	0.2776	0.4785	0.2500	0.165	-0.077	0.382	49.23	0.395	0.413	511	532	-0.443421	0.093985	
A/chicken/Shanxi/10/2006_	0.3266	0.2793	0.4453	0.2674	0.169	-0.111	0.362	49.90	0.404	0.411	544	568	-0.407746	0.091549	
A/chicken/Shanxi/12.01_TG	0.3311	0.2600	0.4584	0.2618	0.163	-0.094	0.371	49.44	0.389	0.412	542	566	-0.413074	0.088339	
A/chicken/Sheny/0606/2008	0.3318	0.2709	0.4484	0.2732	0.169	-0.110	0.365	50.48	0.400	0.413	542	568	-0.387500	0.095070	
A/chicken/Shenzhen/1061/2	0.3348	0.2639	0.4534	0.2563	0.165	-0.085	0.375	50.34	0.389	0.412	542	567	-0.393827	0.089947	
A/chicken/Shenzhen/1845/2	0.3267	0.2711	0.4525	0.2669	0.171	-0.070	0.385	51.26	0.398	0.410	545	567	-0.373192	0.089947	
A/chicken/Shenzhen/2269/2	0.3348	0.2616	0.4559	0.2563	0.164	-0.086	0.375	50.53	0.387	0.412	542	567	-0.404409	0.089947	
A/chicken/Shenzhen/2396/2	0.3348	0.2616	0.4484	0.2646	0.164	-0.093	0.371	50.24	0.393	0.413	542	567	-0.405115	0.089947	
A/chicken/Shenzhen/2464/2	0.3348	0.2616	0.4484	0.2646	0.164	-0.093	0.371	50.24	0.393	0.413	542	567	-0.405115	0.089947	
A/chicken/Shenzhen/433/20	0.3326	0.2661	0.4484	0.2626	0.167	-0.084	0.376	50.57	0.395	0.414	542	567	-0.403175	0.089947	
A/chicken/Shenzhen/552/20	0.3326	0.2639	0.4509	0.2618	0.165	-0.086	0.375	50.21	0.393	0.414	542	567	-0.404409	0.089947	
A/chicken/Shenzhen/715/20	0.3326	0.2661	0.4484	0.2626	0.167	-0.084	0.376	50.57	0.395	0.414	542	567	-0.403175	0.089947	
A/chicken/Shijiazhuang/12	0.3274	0.2915	0.4582	0.2394	0.171	-0.090	0.375	48.96	0.397	0.407	542	567	-0.383951	0.091711	
A/chicken/Sichuan/81/2005	0.3214	0.2790	0.4548	0.2626	0.179	-0.066	0.390	48.67	0.403	0.414	544	567	-0.413051	0.091711	
A/chicken/Sichuan/NCJPL1/	0.3222	0.2756	0.4575	0.2598	0.174	-0.053	0.394	50.63	0.398	0.412	545	567	-0.374250	0.089947	
A/chicken/Sichuan/k141/20	0.3400	0.2556	0.4520	0.2648	0.161	-0.114	0.360	49.13	0.386	0.409	541	566	-0.427209	0.090106	
A/chicken/TC/a504/2015_H5	0.3013	0.2879	0.4937	0.2225	0.172	-0.066	0.391	49.99	0.385	0.411	540	564	-0.376950	0.097518	
A/chicken/TY/a665/2015_H5	0.3007	0.2873	0.4937	0.2225	0.173	-0.058	0.394	49.67	0.385	0.411	540	564	-0.359043	0.097518	
A/chicken/Taichung/150103	0.3119	0.2832	0.4461	0.2717	0.170	-0.081	0.379	50.19	0.414	0.417	544	567	-0.366843	0.089947	
A/chicken/Taichung/160400	0.3178	0.2822	0.4497	0.2633	0.173	-0.080	0.379	50.43	0.407	0.414	543	567	-0.374780	0.089947	
A/chicken/Taichung/160500	0.3171	0.2816	0.4472	0.2669	0.170	-0.080	0.379	50.77	0.409	0.414	543	567	-0.375309	0.089947	
A/chicken/Taichung/161100	0.3208	0.2788	0.4561	0.2549	0.170	-0.078	0.381	50.72	0.399	0.414	544	567	-0.360317	0.089947	
A/chicken/Tainan/15020214	0.3208	0.2765	0.4408	0.2761	0.168	-0.092	0.372	50.18	0.411	0.416	543	567	-0.361376	0.089947	
A/chicken/Tainan/16040035	0.3164	0.2788	0.4425	0.2765	0.169	-0.082	0.378	49.99	0.413	0.416	545	567	-0.380776	0.089947	
A/chicken/Tainan/17030058	0.3091	0.2870	0.4484	0.2684	0.167	-0.075	0.381	50.42	0.414	0.416	543	567	-0.358378	0.089947	
A/chicken/Taipei_City/170	0.3230	0.2765	0.4598	0.2500	0.167	-0.100	0.368	48.59	0.394	0.408	543	567	-0.353086	0.089947	
A/chicken/Taipei_City/180	0.3075	0.2765	0.4625	0.2646	0.163	-0.085	0.375	49.68	0.404	0.414	544	567	-0.358554	0.089947	
A/chicken/Taipei_City/180	0.3068	0.2781	0.4475	0.2770	0.161	-0.098	0.368	50.05	0.415	0.419	544	567	-0.362081	0.089947	
A/chicken/Taipei/16060022	0.3142	0.2810	0.4484	0.2712	0.167	-0.085	0.376	50.16	0.411	0.414	543	567	-0.356614	0.089947	
A/chicken/Taipei/16060023	0.3142	0.2810	0.4484	0.2712	0.167	-0.085	0.376	50.16	0.411	0.414	543	567	-0.356614	0.089947	
A/chicken/Taipei/16120021	0.3119	0.2832	0.4534	0.2648	0.171	-0.075	0.381	50.01	0.409	0.414	543	567	-0.367372	0.089947	
A/chicken/Taipei/17050005	0.3149	0.2838	0.4573	0.2563	0.166	-0.094	0.372	49.17	0.403	0.410	543	567	-0.358025	0.089947	
A/chicken/Taipei/17050008	0.3193	0.2794	0.4598	0.2535	0.167	-0.087	0.376	48.93	0.398	0.409	543	567	-0.358025	0.089947	
A/chicken/Taipei/17050009	0.3126	0.2860	0.4573	0.2556	0.167	-0.092	0.372	49.23	0.405	0.412	543	567	-0.361376	0.089947	
A/chicken/Taishun/TS2/201	0.3429	0.2544	0.4470	0.2646	0.165	-0.098	0.369	50.19	0.387	0.414	542	567	-0.410406	0.091711	
A/chicken/Taishun/TS90/20	0.3451	0.2522	0.4444	0.2674	0.165	-0.101	0.367	50.14	0.387	0.414	542	567	-0.410406	0.091711	
A/chicken/Taiwan/0101/201	0.3146	0.2787	0.4619	0.2605	0.176	-0.084	0.380	50.00	0.403	0.415	539	564	-0.403369	0.097518	
A/chicken/Taiwan/01174/20	0.3164	0.2788	0.4461	0.2717	0.169	-0.084	0.377	50.12	0.410	0.416	544	567	-0.366843	0.089947	
A/chicken/Taiwan/0502/201	0.3051	0.2829	0.4924	0.2260	0.169	-0.076	0.386	49.94	0.384	0.408	539	564	-0.392908	0.099291	
A/chicken/Taiwan/1682/201	0.3229	0.2691	0.4680	0.2578	0.172	-0.099	0.372	49.75	0.392	0.413	538	564	-0.416312	0.097518	
A/chicken/Taiwan/1692/201	0.3229	0.2691	0.4680	0.2585	0.170	-0.099	0.372	49.74	0.392	0.412	538	564	-0.415780	0.097518	
A/chicken/Taiwan/1704/201	0.3229	0.2691	0.4680	0.2578	0.172	-0.099	0.372	49.75	0.392	0.413	538	564	-0.416312	0.097518	
A/chicken/Taiwan/1711/201	0.3229	0.2668	0.4694	0.2571	0.170	-0.101	0.370	49.71	0.390	0.412	538	564	-0.414539	0.095745	
A/chicken/Taiwan/2593/201	0.3073	0.2851	0.4773	0.2373	0.172	-0.072	0.388	51.22	0.393	0.413	539	564	-0.376596	0.099291	
A/chicken/Taiwan/2948/201	0.3096	0.2829	0.4773	0.2373	0.171	-0.076	0.386	51.20	0.391	0.412	539	564	-0.376596	0.099291	
A/chicken/Taiwan/4443/201	0.3067	0.2867	0.4746	0.2415	0.171	-0.077	0.386	51.40	0.397	0.413	539	564	-0.378192	0.101064	
A/chicken/Taiwan/683/2012	0.3089	0.2822	0.4722	0.2423	0.169	-0.085	0.380	51.38	0.395	0.414	539	564	-0.389007	0.099291	
A/chicken/Taiwan/7350/201	0.3051	0.2873	0.4722	0.2429	0.171	-0.076	0.386	51.61	0.399	0.414	539	564	-0.377128	0.099291	
A/chicken/Taiwan/8988/201	0.3080	0.2879	0.4722	0.2401	0.173	-0.063	0.393	51.77	0.397	0.413	539	564	-0.383156	0.099291	
A/chicken/Taiwan/8994/201	0.3022	0.2854	0.4717	0.2530	0.170	-0.065	0.392	51.77	0.404	0.416	505	529	-0.437429	0.102079	
A/chicken/Taiwan/8996/201	0.3022	0.2854	0.4744	0.2500	0.170	-0.065	0.392	51.60	0.402	0.416	505	529	-0.436673	0.102079	
A/chicken/Taiwan/A1/2019_	0.3060	0.2705	0.4874	0.2436	0.163	-0.083	0.380	50.01	0.385	0.411	540	564	-0.375709	0.097518	
A/chicken/Taiwan/A1997/20	0.3051	0.2851	0.4924	0.2232	0.171	-0.069	0.390	50.08	0.384	0.410	539	564	-0.387589	0.099291	
A/chicken/Taiwan/D2/2019_	0.3046	0.2848	0.4573	0.2669	0.166	-0.081	0.377	49.06	0.412	0.416	544	567	-0.363668	0.089947	
A/chicken/Taiwan/D9/2019_	0.3046	0.2848	0.4573	0.2669	0.166	-0.081	0.377	49.06	0.412	0.416	544	567	-0.363668	0.089947	
A/chicken/Tibet/LZ01/2010	0.3318	0.2780	0.4566	0.2585	0.173	-0.080	0.382	50.09	0.397	0.408	542	567	-0.445679	0.093474	
A/chicken/Wuhan/HAQL07/20	0.3139	0.2870	0.4645	0.2621	0.172	-0.104	0.368	50.28	0.405	0.409	543	567	-0.421340	0.095238	
A/chicken/Wuhan/HAQL16/20	0.3139	0.2870	0.4670	0.2593	0.171	-0.108	0.366	50.36	0.403	0.409	543	567	-0.421340	0.095238	
A/chicken/Wuhan/WHJF/2014	0.3460	0.2746	0.4118	0.2833	0.173	-0.107	0.367	51.07	0.414	0.423	539	564	-0.410638	0.093972	
A/chicken/Wuhan/WHYJ01/20	0.3348	0.2661	0.4534	0.2528	0.171	-0.073	0.382	50.71	0.389	0.413	542	567	-0.409347	0.089947	
A/chicken/Wuxi/WX-32/2013	0.3207	0.2851	0.4506	0.2714	0.172	-0.087	0.378	50.15	0.409	0.411	545	567	-0.422399	0.093474	
A/chicken/Wuxi/WX-33/2013	0.3252	0.2829	0.4506	0.2678	0.175	-0.078	0.383	49.92	0.406	0.410	545	567	-0.431570	0.093474	
A/chicken/Xinjiang/17/200	0.3341	0.2825	0.4307	0.2717	0.173	-0.088	0.378	50.69	0.411	0.418	543	568	-0.417077	0.091549	
A/chicken/Xinjiang/27/200	0.3258	0.2831	0.4411	0.2682	0.175	-0.083	0.379	50.80	0.409	0.414	543	568	-0.398416	0.093310	
A/chicken/Xinjiang/53/200	0.3266	0.2838	0.4436	0.2654	0.174	-0.081	0.379	50.97	0.407	0.413	543	568	-0.416549	0.091549	
A/chicken/Xinjiang/54/200	0.3303	0.2787	0.4411	0.2674	0.172	-0.093	0.374	50.05	0.405	0.417	543	568	-0.405634	0.091549	
A/chicken/Xinjiang/67/200	0.3251	0.2825	0.4386	0.2709	0.172	-0.089	0.376	50.32	0.411	0.416	543	568	-0.401937	0.091549	
A/chicken/Xinjiang/68/200	0.3303	0.2787	0.4411	0.2674	0.171	-0.093	0.374	50.01	0.405	0.416	543	568	-0.405634	0.091549	
A/chicken/Xuzhou/XZ6/2016	0.3238	0.2643	0.4484	0.2773	0.163	-0.085	0.375	50.84	0.403	0.416	544	567	-0.391887	0.091711	
A/chicken/YL/A3190/2014_H	0.3036	0.2857	0.4825	0.2374	0.172	-0.060	0.395	50.60	0.393	0.412	542	567	-0.407055	0.098765	
A/chicken/Yangzhou/YD1/20	0.3333	0.2644	0.4550	0.2640	0.169	-0.076	0.382	50.66	0.391	0.408	545	567	-0.373192	0.089947	
A/chicken/Yuhang/1/2013_H	0.3139	0.3004	0.4478	0.2693	0.178	-0.061	0.393	50.53	0.419	0.410	544	567	-0.437743	0.093474	
A/chicken/Yuhang/2/2013_H	0.3139	0.3004	0.4478	0.2693	0.178	-0.061	0.393	50.53	0.419	0.410	544	567	-0.437743	0.093474	
A/chicken/Yunlin/15020048	0.3119	0.2832	0.4461	0.2717	0.169	-0.081	0.379	50.16	0.414	0.417	544	567	-0.366843	0.089947	
A/chicken/Yunlin/15040002	0.3164	0.2788	0.4461	0.2717	0.168	-0.087	0.375	50.20	0.410	0.416	544	567	-0.367549	0.089947	
A/chicken/Yunlin/15040027	0.3164	0.2788	0.4461	0.2717	0.169	-0.087	0.375	50.06	0.410	0.416	544	567	-0.366843	0.089947	
A/chicken/Yunlin/15050012	0.3157	0.2781	0.4497	0.2704	0.165	-0.094	0.371	49.96	0.408	0.416	544	567	-0.361199	0.089947	
A/chicken/Yunlin/15050037	0.3208	0.2743	0.4486	0.2689	0.168	-0.097	0.369	49.68	0.404	0.414	544	567	-0.366843	0.089947	
A/chicken/Yunlin/15050039	0.3164	0.2788	0.4461	0.2717	0.169	-0.087	0.375	50.06	0.410	0.416	544	567	-0.366843	0.089947	
A/chicken/Yunlin/15060014	0.3171	0.2816	0.4436	0.2717	0.170	-0.081	0.379	50.33	0.412	0.416	544	567	-0.369665	0.089947	
A/chicken/Yunlin/15080024	0.3097	0.2854	0.4461	0.2717	0.170	-0.080	0.379	50.02	0.415	0.419	544	567	-0.368254	0.089947	
A/chicken/Yunlin/16010001	0.3119	0.2765	0.4612	0.2633	0.164	-0.089	0.373	49.67	0.403	0.414	544	567	-0.372134	0.089947	
A/chicken/Yunlin/16010008	0.3142	0.2810	0.4450	0.2737	0.168	-0.085	0.376	50.22	0.413	0.417	545	567	-0.376367	0.089947	
A/chicken/Yunlin/16020038	0.3259	0.2749	0.4397	0.2717	0.171	-0.083	0.378	51.76	0.407	0.417	543	567	-0.376367	0.089947	
A/chicken/Yunlin/16050053	0.3178	0.2822	0.4523	0.2605	0.174	-0.077	0.381	50.40	0.405	0.414	543	567	-0.374780	0.089947	
A/chicken/Yunlin/17010001	0.3157	0.2826	0.4511	0.2612	0.168	-0.088	0.375	50.27	0.406	0.416	544	567	-0.360847	0.089947	
A/chicken/Yunlin/17010014	0.3075	0.2788	0.4637	0.2633	0.166	-0.081	0.377	49.26	0.404	0.414	544	567	-0.359259	0.089947	
A/chicken/Yunlin/17020094	0.3075	0.2788	0.4525	0.2737	0.164	-0.087	0.373	49.55	0.412	0.417	544	567	-0.345679	0.089947	
A/chicken/Yunlin/17020095	0.3149	0.2794	0.4548	0.2626	0.166	-0.085	0.376	49.47	0.405	0.416	543	567	-0.373369	0.089947	
A/chicken/Yunlin/17030001	0.3075	0.2788	0.4561	0.2717	0.165	-0.087	0.373	49.04	0.410	0.416	544	567	-0.355027	0.089947	
A/chicken/Yunlin/17030007	0.3075	0.2765	0.4612	0.2689	0.162	-0.094	0.369	49.35	0.406	0.415	544	567	-0.359259	0.089947	
A/chicken/Yunlin/17030010	0.3060	0.2816	0.4586	0.2689	0.167	-0.079	0.379	49.53	0.410	0.415	544	567	-0.362787	0.089947	
A/chicken/Yunlin/17030014	0.3097	0.2765	0.4536	0.2745	0.164	-0.093	0.369	49.07	0.410	0.416	544	567	-0.355027	0.089947	
A/chicken/Yunlin/17030020	0.3075	0.2788	0.4561	0.2709	0.164	-0.091	0.371	49.17	0.410	0.417	544	567	-0.359788	0.089947	
A/chicken/Yunlin/17030021	0.3075	0.2788	0.4536	0.2745	0.165	-0.090	0.371	49.10	0.412	0.416	544	567	-0.355027	0.089947	
A/chicken/Yunlin/17030032	0.3193	0.2772	0.4511	0.2661	0.165	-0.096	0.369	48.54	0.404	0.414	544	567	-0.361728	0.089947	
A/chicken/Yunlin/17030065	0.3119	0.2743	0.4573	0.2725	0.167	-0.082	0.377	49.33	0.406	0.415	544	567	-0.368254	0.089947	
A/chicken/Yunlin/17040003	0.3119	0.2743	0.4648	0.2640	0.165	-0.086	0.375	49.55	0.401	0.413	544	567	-0.361023	0.091711	
A/chicken/Yunlin/17040004	0.3075	0.2788	0.4536	0.2745	0.165	-0.086	0.373	48.97	0.412	0.416	544	567	-0.356437	0.089947	
A/chicken/Yunlin/17040011	0.3075	0.2788	0.4561	0.2717	0.166	-0.087	0.373	49.01	0.410	0.415	544	567	-0.355027	0.089947	
A/chicken/Yunlin/17060019	0.3053	0.2810	0.4500	0.2765	0.166	-0.077	0.381	49.64	0.415	0.417	544	567	-0.350617	0.089947	
A/chicken/Yunlin/17070010	0.3075	0.2810	0.4536	0.2702	0.165	-0.085	0.375	50.32	0.412	0.416	544	567	-0.358025	0.089947	
A/chicken/Yunlin/18010001	0.3053	0.2810	0.4586	0.2682	0.164	-0.092	0.371	49.85	0.410	0.415	544	567	-0.356790	0.089947	
A/chicken/Yunlin/18010023	0.3016	0.2860	0.4523	0.2745	0.165	-0.085	0.376	50.57	0.418	0.418	543	567	-0.360847	0.089947	
A/chicken/Yunlin/18020003	0.3060	0.2816	0.4523	0.2753	0.165	-0.089	0.374	50.80	0.414	0.416	543	567	-0.355908	0.089947	
A/chicken/Yunlin/18020004	0.3053	0.2810	0.4523	0.2753	0.163	-0.091	0.372	50.65	0.414	0.417	543	567	-0.356967	0.089947	
A/chicken/Yunlin/18020005	0.3060	0.2816	0.4523	0.2745	0.166	-0.083	0.378	51.01	0.414	0.417	543	567	-0.360670	0.089947	
A/chicken/Yunlin/18020008	0.3082	0.2816	0.4497	0.2753	0.166	-0.092	0.372	50.65	0.414	0.416	543	567	-0.360317	0.089947	
A/chicken/Yunlin/18030002	0.3082	0.2794	0.4548	0.2725	0.164	-0.089	0.374	50.69	0.411	0.414	543	567	-0.364727	0.089947	
A/chicken/Yunlin/18050013	0.3104	0.2794	0.4523	0.2725	0.163	-0.091	0.372	51.02	0.411	0.414	543	567	-0.366138	0.089947	
A/chicken/Yunlin/18060001	0.3089	0.2800	0.4511	0.2745	0.163	-0.091	0.372	51.00	0.413	0.415	543	567	-0.366138	0.089947	
A/chicken/Yunlin/18080006	0.3126	0.2749	0.4635	0.2640	0.169	-0.073	0.383	49.31	0.401	0.412	543	567	-0.370018	0.089947	
A/chicken/Yunnan/1/2014_H	0.3392	0.2661	0.4394	0.2682	0.167	-0.093	0.372	50.39	0.398	0.413	543	567	-0.418342	0.089947	
A/chicken/Yunnan/207/2004	0.3274	0.2717	0.4586	0.2556	0.174	-0.087	0.377	49.59	0.393	0.413	544	567	-0.417460	0.091711	
A/chicken/Yunnan/5686/200	0.3244	0.2774	0.4586	0.2556	0.176	-0.085	0.379	49.45	0.397	0.413	544	567	-0.438801	0.091711	
A/chicken/Yunnan/6797/200	0.3252	0.2739	0.4586	0.2556	0.175	-0.083	0.379	49.60	0.395	0.413	544	567	-0.417460	0.091711	
A/chicken/Yunnan/6885/200	0.3259	0.2746	0.4586	0.2563	0.176	-0.087	0.377	49.27	0.395	0.412	544	567	-0.415873	0.091711	
A/chicken/Zhejiang/102637	0.3304	0.2616	0.4598	0.2583	0.165	-0.091	0.372	49.00	0.389	0.411	543	567	-0.395767	0.089947	
A/chicken/Zhejiang/13160/	0.3415	0.2572	0.4545	0.2549	0.165	-0.088	0.373	49.21	0.383	0.410	541	566	-0.381979	0.090106	
A/chicken/Zhejiang/194/20	0.3348	0.2599	0.4511	0.2604	0.162	-0.103	0.364	50.49	0.390	0.413	544	567	-0.390653	0.089947	
A/chicken/Zhejiang/209/20	0.3104	0.2838	0.4561	0.2618	0.174	-0.057	0.392	50.52	0.408	0.416	544	567	-0.372840	0.089947	
A/chicken/Zhejiang/217/20	0.3348	0.2599	0.4511	0.2604	0.162	-0.103	0.364	50.49	0.390	0.413	544	567	-0.390653	0.089947	
A/chicken/Zhejiang/232/20	0.3075	0.2832	0.4600	0.2611	0.172	-0.059	0.391	50.41	0.407	0.414	545	567	-0.393651	0.089947	
A/chicken/Zhejiang/514135	0.3304	0.2639	0.4545	0.2626	0.163	-0.096	0.369	49.73	0.393	0.414	542	567	-0.401940	0.089947	
A/chicken/Zhejiang/528127	0.3326	0.2701	0.4458	0.2654	0.169	-0.084	0.376	51.15	0.399	0.414	542	567	-0.395944	0.089947	
A/chicken/Zhejiang/6107/2	0.3378	0.2622	0.4610	0.2479	0.167	-0.088	0.375	48.67	0.382	0.409	542	566	-0.405300	0.090106	
A/chicken/Zhejiang/6C2/20	0.3244	0.2733	0.4575	0.2605	0.173	-0.060	0.391	50.59	0.396	0.410	545	567	-0.373721	0.089947	
A/chicken/Zhejiang/727022	0.3422	0.2556	0.4559	0.2563	0.164	-0.100	0.367	49.72	0.382	0.410	542	567	-0.403351	0.089947	
A/chicken/Zhejiang/727026	0.3400	0.2578	0.4584	0.2535	0.165	-0.100	0.367	49.29	0.382	0.410	542	567	-0.403351	0.089947	
A/chicken/Zhejiang/727079	0.3400	0.2578	0.4548	0.2556	0.163	-0.102	0.365	49.83	0.384	0.411	542	567	-0.400529	0.089947	
A/chicken/Zhejiang/727155	0.3400	0.2578	0.4559	0.2563	0.164	-0.100	0.367	49.81	0.384	0.410	542	567	-0.403351	0.089947	
A/chicken/Zhejiang/727159	0.3400	0.2556	0.4559	0.2591	0.165	-0.100	0.367	49.70	0.384	0.410	542	567	-0.403351	0.089947	
A/chicken/Zhejiang/7450/2	0.3091	0.2848	0.4575	0.2583	0.173	-0.058	0.391	50.31	0.407	0.417	545	567	-0.379189	0.089947	
A/chicken/Zhejiang/81643/	0.3075	0.2854	0.4589	0.2576	0.172	-0.058	0.391	50.44	0.407	0.417	545	567	-0.375661	0.088183	
A/common_mallard/Ningxia/	0.3193	0.2838	0.4236	0.2877	0.174	-0.064	0.388	51.24	0.425	0.421	544	567	-0.385714	0.089947	
A/condor/Guangdong/139/20	0.3266	0.2774	0.4511	0.2611	0.175	-0.079	0.382	50.14	0.401	0.414	544	568	-0.423415	0.093310	
A/domestic_green-winged_t	0.3274	0.2803	0.4458	0.2669	0.181	-0.057	0.396	50.00	0.405	0.414	543	567	-0.408289	0.091711	
A/duck/Anhui/56/2005_H5N1	0.3259	0.2768	0.4584	0.2592	0.181	-0.061	0.393	48.80	0.397	0.410	544	567	-0.417460	0.093474	
A/duck/Anhui/S4/2016_H5N6	0.3377	0.2583	0.4511	0.2604	0.163	-0.101	0.366	50.93	0.388	0.412	544	567	-0.389594	0.089947	
A/duck/Changhua/15A03431-	0.3119	0.2832	0.4486	0.2689	0.171	-0.078	0.381	50.16	0.412	0.417	544	567	-0.366843	0.089947	
A/duck/Changhua/15A03473-	0.3142	0.2810	0.4436	0.2745	0.169	-0.084	0.377	49.85	0.414	0.417	544	567	-0.366843	0.089947	
A/duck/Chiayi/15080023/20	0.3230	0.2743	0.4461	0.2689	0.169	-0.087	0.375	50.79	0.404	0.414	544	567	-0.366843	0.089947	
A/duck/China/0935/2017_H5	0.3266	0.2841	0.4569	0.2629	0.175	-0.082	0.383	48.93	0.402	0.407	545	567	-0.440741	0.095238	
A/duck/China/0936/2017_H5	0.3407	0.2544	0.4506	0.2640	0.162	-0.102	0.366	49.43	0.386	0.410	541	566	-0.414664	0.090106	
A/duck/China/0938/2017_H5	0.3266	0.2841	0.4569	0.2629	0.175	-0.082	0.383	48.93	0.402	0.407	545	567	-0.440741	0.095238	
A/duck/China/1033/2017_H5	0.3244	0.2864	0.4569	0.2629	0.176	-0.078	0.385	48.96	0.404	0.407	545	567	-0.440741	0.095238	
A/duck/China/E26/2012_H5N	0.3133	0.2911	0.4580	0.2665	0.169	-0.103	0.369	50.35	0.411	0.408	545	567	-0.417813	0.095238	
A/duck/China/E53/2012_H5N	0.3177	0.2864	0.4543	0.2714	0.176	-0.087	0.379	49.02	0.410	0.410	544	567	-0.433157	0.093474	
A/duck/China/YD1516/2016_	0.3075	0.2898	0.4525	0.2611	0.174	-0.055	0.393	50.40	0.413	0.417	545	567	-0.379718	0.089947	
A/duck/Chongqing/S4362/20	0.3579	0.2662	0.4337	0.2571	0.177	-0.107	0.367	51.43	0.389	0.415	540	564	-0.404964	0.093972	
A/duck/Dongguan/2685/2013	0.3348	0.2639	0.4458	0.2646	0.165	-0.089	0.373	50.59	0.395	0.415	542	567	-0.404409	0.089947	
A/duck/Eastern_China/008/	0.3229	0.2762	0.4612	0.2549	0.171	-0.071	0.386	50.20	0.395	0.410	544	567	-0.425221	0.091711	
A/duck/Eastern_China/031/	0.3281	0.2746	0.4612	0.2514	0.172	-0.064	0.390	50.72	0.392	0.410	544	567	-0.425397	0.091711	
A/duck/Eastern_China/057/	0.3251	0.2848	0.4506	0.2620	0.177	-0.081	0.381	49.19	0.405	0.413	543	567	-0.424339	0.091711	
A/duck/Eastern_China/108/	0.3229	0.2762	0.4612	0.2549	0.171	-0.071	0.386	50.27	0.395	0.410	544	567	-0.429630	0.091711	
A/duck/Eastern_China/1111	0.3126	0.2816	0.4550	0.2654	0.170	-0.068	0.385	50.83	0.407	0.416	545	567	-0.378307	0.089947	
A/duck/Eastern_China/909/	0.3252	0.2784	0.4383	0.2797	0.176	-0.078	0.382	49.55	0.412	0.414	544	567	-0.388889	0.091711	
A/duck/Eastern_China/JY/2	0.3244	0.2756	0.4325	0.2790	0.175	-0.075	0.381	51.97	0.414	0.421	544	567	-0.380423	0.089947	
A/duck/Eastern_China/L023	0.3126	0.2794	0.4600	0.2626	0.170	-0.071	0.383	50.97	0.404	0.415	545	567	-0.378307	0.089947	
A/duck/Eastern_China/L032	0.3126	0.2794	0.4600	0.2626	0.170	-0.071	0.383	50.97	0.404	0.415	545	567	-0.378307	0.089947	
A/duck/Eastern_China/L040	0.3193	0.2772	0.4600	0.2570	0.169	-0.077	0.380	50.13	0.398	0.413	545	567	-0.378307	0.089947	
A/duck/Eastern_China/L042	0.3222	0.2756	0.4575	0.2563	0.169	-0.080	0.379	50.46	0.397	0.414	544	567	-0.378131	0.089947	
A/duck/Eastern_China/L061	0.3178	0.2778	0.4500	0.2674	0.169	-0.083	0.377	51.32	0.406	0.416	544	567	-0.378836	0.089947	
A/duck/Eastern_China/L072	0.3244	0.2733	0.4561	0.2598	0.167	-0.092	0.371	50.58	0.397	0.413	544	567	-0.382893	0.089947	
A/duck/Eastern_China/L102	0.3244	0.2733	0.4450	0.2694	0.169	-0.079	0.379	51.10	0.404	0.417	544	567	-0.378660	0.089947	
A/duck/Eastern_China/L112	0.3171	0.2772	0.4575	0.2583	0.169	-0.075	0.381	51.11	0.401	0.416	544	567	-0.380423	0.089947	
A/duck/Eastern_China/S013	0.3075	0.2854	0.4550	0.2646	0.171	-0.061	0.389	50.76	0.411	0.417	545	567	-0.379189	0.089947	
A/duck/Eastern_China/S021	0.3267	0.2756	0.4275	0.2833	0.173	-0.067	0.386	52.09	0.415	0.420	544	567	-0.378660	0.089947	
A/duck/Eastern_China/S032	0.3348	0.2661	0.4559	0.2514	0.165	-0.087	0.375	50.35	0.387	0.411	542	567	-0.408289	0.089947	
A/duck/Eastern_China/S071	0.3267	0.2711	0.4550	0.2633	0.170	-0.076	0.382	50.68	0.396	0.410	545	567	-0.373721	0.089947	
A/duck/Eastern_China/S080	0.3237	0.2683	0.4536	0.2702	0.168	-0.094	0.371	51.45	0.400	0.416	545	567	-0.392945	0.089947	
A/duck/Eastern_China/S090	0.3304	0.2683	0.4484	0.2626	0.167	-0.083	0.376	50.50	0.397	0.414	542	567	-0.393298	0.089947	
A/duck/Eastern_China/S110	0.3222	0.2800	0.4225	0.2889	0.176	-0.063	0.388	50.60	0.423	0.422	544	567	-0.378660	0.089947	
A/duck/Eastern_China/S121	0.3244	0.2756	0.4425	0.2680	0.175	-0.066	0.386	51.73	0.406	0.418	544	567	-0.380423	0.089947	
A/duck/Fujian/1.17_FZHX01	0.3274	0.2673	0.4545	0.2626	0.166	-0.086	0.377	50.02	0.396	0.415	541	566	-0.415724	0.090106	
A/duck/Fujian/10.26_FZHX0	0.3363	0.2628	0.4584	0.2535	0.168	-0.076	0.382	50.11	0.386	0.410	542	566	-0.432332	0.090106	
A/duck/Fujian/10.26_FZHX0	0.3363	0.2628	0.4584	0.2535	0.168	-0.076	0.382	50.11	0.386	0.410	542	566	-0.432332	0.090106	
A/duck/Fujian/11.23_FZHX0	0.3363	0.2628	0.4584	0.2535	0.168	-0.076	0.382	50.11	0.386	0.410	542	566	-0.432332	0.090106	
A/duck/Fujian/11.23_FZHX0	0.3363	0.2606	0.4612	0.2521	0.166	-0.084	0.378	50.11	0.383	0.410	543	567	-0.433686	0.089947	
A/duck/Fujian/11.23_FZHX0	0.3363	0.2606	0.4612	0.2521	0.166	-0.084	0.378	50.11	0.383	0.410	543	567	-0.433686	0.089947	
A/duck/Fujian/11.3_FZHX11	0.3274	0.2673	0.4571	0.2598	0.166	-0.087	0.375	49.16	0.394	0.413	541	566	-0.407244	0.090106	
A/duck/Fujian/11.3_FZHX11	0.3274	0.2673	0.4545	0.2626	0.166	-0.086	0.377	50.02	0.396	0.415	541	566	-0.415724	0.090106	
A/duck/Fujian/12.7_FZHX12	0.3274	0.2673	0.4545	0.2626	0.166	-0.086	0.377	50.02	0.396	0.415	541	566	-0.415724	0.090106	
A/duck/Fujian/12.7_FZHX12	0.3371	0.2589	0.4635	0.2535	0.165	-0.097	0.371	48.21	0.382	0.409	542	567	-0.419753	0.089947	
A/duck/Fujian/12.7_FZHX12	0.3378	0.2595	0.4621	0.2542	0.165	-0.095	0.372	48.24	0.383	0.409	541	566	-0.419081	0.090106	
A/duck/Fujian/12.7_FZHX12	0.3378	0.2595	0.4621	0.2542	0.165	-0.095	0.372	48.24	0.383	0.409	541	566	-0.419081	0.090106	
A/duck/Guangdong/11.18_SZ	0.3237	0.2723	0.4534	0.2646	0.168	-0.084	0.378	49.51	0.400	0.414	542	567	-0.419753	0.089947	
A/duck/Guangdong/11.18_SZ	0.3237	0.2723	0.4534	0.2646	0.168	-0.084	0.378	49.51	0.400	0.414	542	567	-0.419753	0.089947	
A/duck/Guangdong/11.18_SZ	0.3237	0.2723	0.4534	0.2646	0.168	-0.084	0.378	49.54	0.400	0.414	542	567	-0.419753	0.089947	
A/duck/Guangdong/23/2004_	0.3161	0.2848	0.4586	0.2618	0.172	-0.088	0.376	48.88	0.406	0.412	545	568	-0.434155	0.091549	
A/duck/Guangdong/GD01/201	0.3341	0.2633	0.4497	0.2611	0.165	-0.087	0.374	50.27	0.392	0.414	543	567	-0.400353	0.089947	
A/duck/Guangdong/s14044/2	0.3274	0.2673	0.4525	0.2674	0.167	-0.092	0.371	50.91	0.397	0.413	544	567	-0.383774	0.089947	
A/duck/Guangdong/wy11/200	0.3266	0.2774	0.4586	0.2577	0.182	-0.054	0.396	49.85	0.396	0.412	545	567	-0.410406	0.093474	
A/duck/Guangdong/wy19/200	0.3244	0.2774	0.4600	0.2570	0.179	-0.056	0.394	49.98	0.396	0.412	545	567	-0.399118	0.091711	
A/duck/Guangdong/wy24/200	0.3289	0.2756	0.4648	0.2465	0.171	-0.088	0.376	50.26	0.389	0.410	545	568	-0.425880	0.091549	
A/duck/Guangzhou/018/2014	0.3348	0.2616	0.4523	0.2583	0.164	-0.093	0.371	50.40	0.389	0.413	542	567	-0.404233	0.089947	
A/duck/Guangzhou/021/2014	0.3348	0.2616	0.4523	0.2583	0.164	-0.093	0.371	50.40	0.389	0.413	542	567	-0.404233	0.089947	
A/duck/Guangzhou/41227/20	0.3319	0.2611	0.4523	0.2639	0.161	-0.096	0.368	49.92	0.392	0.413	543	567	-0.404762	0.089947	
A/duck/Guizhou/7.27_ZYLJJ	0.3230	0.2721	0.4500	0.2611	0.165	-0.094	0.372	50.25	0.400	0.415	543	566	-0.402650	0.090106	
A/duck/Guizhou/8.26_ZYLJJ	0.3282	0.2705	0.4464	0.2604	0.169	-0.087	0.376	50.76	0.398	0.415	543	566	-0.388869	0.090106	
A/duck/Guizhou/8.26_ZYLJJ	0.3208	0.2765	0.4439	0.2632	0.168	-0.083	0.378	50.58	0.405	0.418	543	566	-0.389223	0.090106	
A/duck/Hainan/12.29_HKPL0	0.3296	0.2655	0.4514	0.2604	0.167	-0.091	0.373	50.86	0.393	0.413	544	568	-0.390317	0.089789	
A/duck/Hebei/0908/2009_H5	0.3289	0.2841	0.4559	0.2521	0.173	-0.086	0.377	49.17	0.397	0.406	544	568	-0.343486	0.093310	
A/duck/Hong_Kong/342/1978	0.3512	0.2774	0.4198	0.2655	0.166	-0.119	0.361	49.90	0.404	0.416	540	564	-0.405496	0.093972	
A/duck/Hsinchu/15020216/2	0.3164	0.2788	0.4486	0.2689	0.169	-0.087	0.375	50.21	0.408	0.416	544	567	-0.366843	0.089947	
A/duck/HuBei/03/2010_H5N5	0.3266	0.2752	0.4497	0.2661	0.179	-0.068	0.389	49.02	0.401	0.413	543	567	-0.396473	0.091711	
A/duck/Hubei/2911/2007_H5	0.3222	0.2822	0.4433	0.2697	0.177	-0.063	0.392	49.49	0.410	0.417	544	567	-0.395944	0.091711	
A/duck/Hubei/49/2005_H5N1	0.3237	0.2768	0.4523	0.2654	0.178	-0.071	0.386	48.88	0.403	0.413	544	567	-0.408818	0.091711	
A/duck/Hubei/SZY250/2016_	0.2980	0.2980	0.4548	0.2633	0.177	-0.038	0.404	50.99	0.420	0.419	545	567	-0.400529	0.091711	
A/duck/Hubei/xn/2007_H5N1	0.3125	0.2857	0.4682	0.2585	0.174	-0.084	0.379	49.32	0.403	0.410	543	567	-0.439506	0.093474	
A/duck/Hunan/01.12_YYGK82	0.3392	0.2572	0.4450	0.2667	0.165	-0.106	0.365	50.48	0.390	0.410	543	566	-0.398057	0.090106	
A/duck/Hunan/03.07_YYGK25	0.3356	0.2622	0.4489	0.2632	0.164	-0.118	0.358	49.75	0.392	0.410	544	566	-0.411131	0.090106	
A/duck/Hunan/03.07_YYGK4L	0.3259	0.2790	0.4559	0.2514	0.166	-0.077	0.380	51.13	0.397	0.413	542	567	-0.402645	0.089947	
A/duck/Hunan/03.24_YYGK17	0.3467	0.2533	0.4621	0.2465	0.162	-0.113	0.360	48.95	0.373	0.406	541	566	-0.413604	0.090106	
A/duck/Hunan/03.24_YYGK17	0.3444	0.2556	0.4621	0.2465	0.162	-0.116	0.359	49.00	0.375	0.406	541	566	-0.413604	0.090106	
A/duck/Hunan/03.24_YYGK18	0.3467	0.2533	0.4621	0.2465	0.162	-0.113	0.360	48.95	0.373	0.406	541	566	-0.413604	0.090106	
A/duck/Hunan/03.24_YYGK21	0.3467	0.2533	0.4621	0.2465	0.162	-0.113	0.360	48.95	0.373	0.406	541	566	-0.413604	0.090106	
A/duck/Hunan/1.12_YYGK68H	0.3304	0.2661	0.4475	0.2632	0.165	-0.096	0.370	50.92	0.396	0.414	543	566	-0.401590	0.090106	
A/duck/Hunan/1.12_YYGK72H	0.3304	0.2661	0.4475	0.2632	0.166	-0.096	0.370	50.86	0.396	0.415	543	566	-0.397173	0.090106	
A/duck/Hunan/1.12_YYGK74H	0.3392	0.2572	0.4450	0.2667	0.165	-0.106	0.365	50.48	0.390	0.410	543	566	-0.398057	0.090106	
A/duck/Hunan/1.17_YYGKK80	0.3363	0.2611	0.4484	0.2633	0.162	-0.090	0.373	50.57	0.391	0.412	542	566	-0.410777	0.090106	
A/duck/Hunan/11.30_YYGK59	0.3363	0.2628	0.4559	0.2563	0.169	-0.073	0.384	50.47	0.387	0.410	542	566	-0.433746	0.090106	
A/duck/Hunan/11.30_YYGK62	0.3392	0.2572	0.4475	0.2639	0.164	-0.110	0.363	50.50	0.389	0.410	543	566	-0.397350	0.090106	
A/duck/Hunan/11.30_YYGK63	0.3392	0.2572	0.4475	0.2639	0.164	-0.110	0.363	50.50	0.389	0.410	543	566	-0.397350	0.090106	
A/duck/Hunan/11.30_YYGK74	0.3207	0.2829	0.4361	0.2765	0.179	-0.058	0.392	50.00	0.415	0.417	544	567	-0.385714	0.089947	
A/duck/Hunan/11.30_YYGK75	0.3207	0.2829	0.4361	0.2765	0.179	-0.058	0.392	50.00	0.415	0.417	544	567	-0.385714	0.089947	
A/duck/Hunan/12.27_YYGK10	0.3363	0.2611	0.4484	0.2633	0.162	-0.090	0.373	50.57	0.391	0.412	542	566	-0.410777	0.090106	
A/duck/Hunan/12.27_YYGK60	0.3304	0.2639	0.4573	0.2583	0.165	-0.093	0.370	49.72	0.390	0.410	543	567	-0.395062	0.089947	
A/duck/Hunan/12.27_YYGK71	0.3363	0.2611	0.4484	0.2633	0.162	-0.090	0.373	50.57	0.391	0.412	542	566	-0.410777	0.090106	
A/duck/Hunan/12.27_YYGK73	0.3282	0.2661	0.4548	0.2611	0.165	-0.090	0.372	49.93	0.394	0.412	543	567	-0.395062	0.089947	
A/duck/Hunan/12.27_YYGK81	0.3363	0.2611	0.4484	0.2640	0.162	-0.090	0.373	50.58	0.391	0.411	542	566	-0.401590	0.090106	
A/duck/Hunan/12.27_YYGK86	0.3304	0.2639	0.4573	0.2583	0.165	-0.093	0.370	49.72	0.390	0.410	543	567	-0.395062	0.089947	
A/duck/Hunan/12.27_YYGK89	0.3363	0.2611	0.4484	0.2633	0.162	-0.090	0.373	50.57	0.391	0.412	542	566	-0.410777	0.090106	
A/duck/Hunan/12.27_YYGK91	0.3363	0.2611	0.4484	0.2633	0.162	-0.090	0.373	50.57	0.391	0.412	542	566	-0.410777	0.090106	
A/duck/Hunan/12.27_YYGK93	0.3363	0.2611	0.4484	0.2633	0.162	-0.090	0.373	50.57	0.391	0.412	542	566	-0.410777	0.090106	
A/duck/Hunan/12.27_YYGK95	0.3363	0.2611	0.4484	0.2633	0.162	-0.090	0.373	50.57	0.391	0.412	542	566	-0.410777	0.090106	
A/duck/Hunan/12.27_YYGK96	0.3363	0.2611	0.4484	0.2633	0.162	-0.090	0.373	50.57	0.391	0.412	542	566	-0.410777	0.090106	
A/duck/Hunan/12.27_YYGK97	0.3363	0.2611	0.4484	0.2633	0.162	-0.090	0.373	50.57	0.391	0.412	542	566	-0.410777	0.090106	
A/duck/Hunan/2.06_YYGK77J	0.3356	0.2622	0.4489	0.2632	0.164	-0.118	0.358	49.76	0.392	0.410	544	566	-0.406537	0.090106	
A/duck/Hunan/2.06_YYGK78J	0.3356	0.2622	0.4464	0.2632	0.167	-0.104	0.366	50.59	0.392	0.413	543	566	-0.390813	0.090106	
A/duck/Hunan/2.06_YYGK84J	0.3356	0.2622	0.4489	0.2632	0.164	-0.118	0.358	49.76	0.392	0.410	544	566	-0.406537	0.090106	
A/duck/Hunan/2.06_YYGK92J	0.3356	0.2622	0.4489	0.2632	0.164	-0.118	0.358	49.76	0.392	0.410	544	566	-0.406537	0.090106	
A/duck/Hunan/3/2007_H5N1|	0.3043	0.2953	0.4682	0.2585	0.178	-0.072	0.387	49.49	0.411	0.412	543	567	-0.438448	0.093474	
A/duck/Hunan/316/2005_H5N	0.3266	0.2774	0.4523	0.2633	0.180	-0.067	0.390	49.46	0.401	0.412	544	567	-0.407055	0.091711	
A/duck/Hunan/3315/2006_H5	0.3318	0.2713	0.4375	0.2758	0.176	-0.068	0.389	49.35	0.405	0.414	543	567	-0.398942	0.091711	
A/duck/Hunan/689/2006_H5N	0.3221	0.2841	0.4472	0.2661	0.182	-0.057	0.395	49.46	0.408	0.414	544	567	-0.411464	0.091711	
A/duck/Hunan/7.21_YYGK41Y	0.3259	0.2683	0.4484	0.2674	0.167	-0.073	0.382	50.76	0.400	0.414	542	567	-0.408818	0.089947	
A/duck/Hunan/733/2004_H5N	0.3296	0.2758	0.4509	0.2626	0.180	-0.079	0.383	49.06	0.400	0.413	543	567	-0.431393	0.091711	
A/duck/Hunan/8/2008_H5N1|	0.3111	0.2844	0.4594	0.2691	0.174	-0.091	0.375	49.81	0.410	0.413	544	567	-0.426808	0.093474	
A/duck/Hunan/S4020/2008_H	0.3139	0.2848	0.4619	0.2707	0.178	-0.086	0.379	49.17	0.408	0.410	544	567	-0.417460	0.093474	
A/duck/Hunan/S4030/2011_H	0.3146	0.2876	0.4645	0.2672	0.175	-0.096	0.373	48.86	0.406	0.407	544	567	-0.405468	0.093474	
A/duck/Hunan/S4101/2011_H	0.3875	0.2249	0.4612	0.2312	0.164	-0.131	0.354	48.78	0.339	0.396	542	563	-0.389698	0.092362	
A/duck/Hunan/S4120/2011_H	0.3853	0.2272	0.4612	0.2312	0.164	-0.128	0.356	48.97	0.341	0.397	542	563	-0.389698	0.092362	
A/duck/Hunan/S4150/2011_H	0.3156	0.2822	0.4557	0.2727	0.169	-0.099	0.371	50.34	0.409	0.412	545	567	-0.424515	0.093474	
A/duck/Hunan/S4220/2011_H	0.3126	0.2816	0.4608	0.2678	0.172	-0.078	0.381	49.75	0.406	0.412	544	567	-0.407760	0.093474	
A/duck/Jiangsu/m234/2012_	0.3149	0.2794	0.4486	0.2730	0.173	-0.070	0.383	50.76	0.411	0.419	545	567	-0.385185	0.089947	
A/duck/Jiangxi/01.11_NCNP	0.3400	0.2578	0.4511	0.2591	0.161	-0.120	0.356	49.83	0.386	0.410	542	566	-0.419611	0.090106	
A/duck/Jiangxi/10160/2014	0.3274	0.2717	0.4550	0.2633	0.173	-0.064	0.389	50.92	0.396	0.410	545	567	-0.372663	0.089947	
A/duck/Jiangxi/11.17_NCNP	0.3282	0.2727	0.4296	0.2813	0.166	-0.096	0.368	50.76	0.413	0.420	543	567	-0.389594	0.089947	
A/duck/Jiangxi/11.17_NCNP	0.3282	0.2727	0.4296	0.2813	0.166	-0.096	0.368	50.76	0.413	0.420	543	567	-0.389594	0.089947	
A/duck/Jiangxi/11.29_NCDZ	0.3444	0.2533	0.4481	0.2640	0.161	-0.111	0.361	49.54	0.385	0.410	540	566	-0.415018	0.090106	
A/duck/Jiangxi/11.29_NCNP	0.3216	0.2665	0.4561	0.2624	0.164	-0.089	0.371	49.57	0.397	0.414	544	567	-0.387831	0.089947	
A/duck/Jiangxi/11.29_NCNP	0.3407	0.2588	0.4621	0.2465	0.161	-0.110	0.362	50.08	0.378	0.410	542	566	-0.426502	0.090106	
A/duck/Jiangxi/120/2011_H	0.3215	0.2860	0.4566	0.2585	0.173	-0.071	0.386	50.62	0.404	0.413	544	568	-0.440845	0.095070	
A/duck/Jiangxi/130/2011_H	0.3178	0.2822	0.4596	0.2670	0.169	-0.098	0.372	49.53	0.405	0.409	546	568	-0.430106	0.093310	
A/duck/Jiangxi/13469/2014	0.3289	0.2689	0.4525	0.2661	0.170	-0.080	0.380	50.37	0.396	0.410	545	567	-0.366490	0.089947	
A/duck/Jiangxi/13475/2014	0.3289	0.2689	0.4550	0.2633	0.170	-0.076	0.382	50.32	0.394	0.409	545	567	-0.366490	0.089947	
A/duck/Jiangxi/13484/2014	0.3289	0.2689	0.4525	0.2661	0.170	-0.080	0.380	50.37	0.396	0.410	545	567	-0.366490	0.089947	
A/duck/Jiangxi/2.28NCNP23	0.3333	0.2622	0.4489	0.2632	0.163	-0.106	0.365	50.52	0.392	0.412	543	566	-0.393463	0.090106	
A/duck/Jiangxi/2.28_NCNP2	0.3333	0.2622	0.4489	0.2632	0.163	-0.106	0.365	50.52	0.392	0.412	543	566	-0.393463	0.090106	
A/duck/Jiangxi/34/2011_H5	0.3140	0.2695	0.4600	0.2758	0.167	-0.091	0.372	49.77	0.404	0.414	545	568	-0.397535	0.093310	
A/duck/Jiangxi/35/2011_H5	0.3163	0.2695	0.4612	0.2745	0.167	-0.092	0.372	50.00	0.402	0.413	545	568	-0.398591	0.093310	
A/duck/Jiangxi/44/2011_H5	0.3185	0.2673	0.4612	0.2745	0.167	-0.092	0.372	50.04	0.400	0.412	545	568	-0.398591	0.093310	
A/duck/Jiangxi/5.26_NCDZT	0.3392	0.2572	0.4573	0.2535	0.161	-0.120	0.356	49.52	0.382	0.411	542	566	-0.419435	0.090106	
A/duck/Jiangxi/80/2005_H5	0.3304	0.2723	0.4486	0.2682	0.178	-0.070	0.387	49.34	0.400	0.412	545	568	-0.426408	0.089789	
A/duck/Jilin/JL-SIV/2013_	0.3444	0.2756	0.4492	0.2479	0.182	-0.071	0.387	49.97	0.389	0.408	543	567	-0.361023	0.093474	
A/duck/Kaohsiung/15010213	0.3164	0.2810	0.4461	0.2689	0.170	-0.084	0.377	50.24	0.410	0.416	544	567	-0.366843	0.089947	
A/duck/Kaohsiung/15WB3298	0.3624	0.2662	0.4333	0.2521	0.175	-0.114	0.364	50.82	0.386	0.414	539	564	-0.416312	0.093972	
A/duck/Kaohsiung/20WB0242	0.3498	0.2803	0.4413	0.2429	0.175	-0.102	0.370	51.09	0.391	0.415	540	564	-0.420035	0.093972	
A/duck/Liaoning/LN/2011_H	0.3289	0.2707	0.4637	0.2549	0.171	-0.079	0.382	49.90	0.390	0.409	544	567	-0.425220	0.093474	
A/duck/Nanchang/9789/2013	0.3186	0.2699	0.4698	0.2592	0.164	-0.094	0.371	50.20	0.393	0.409	545	568	-0.401585	0.091549	
A/duck/Nantou/15A3437/201	0.3142	0.2810	0.4436	0.2745	0.169	-0.084	0.377	49.85	0.414	0.417	544	567	-0.366843	0.089947	
A/duck/Nantou/17A0243/201	0.3075	0.2788	0.4612	0.2661	0.166	-0.085	0.375	49.42	0.406	0.415	544	567	-0.359259	0.089947	
A/duck/Pingtung/15010180/	0.3164	0.2788	0.4461	0.2717	0.169	-0.084	0.377	50.12	0.410	0.416	544	567	-0.366843	0.089947	
A/duck/Pingtung/15010444/	0.3142	0.2810	0.4461	0.2725	0.169	-0.087	0.375	50.21	0.412	0.416	544	567	-0.357672	0.089947	
A/duck/Pingtung/17A0160/2	0.3091	0.2759	0.4575	0.2717	0.163	-0.094	0.369	49.29	0.407	0.415	545	568	-0.357394	0.089789	
A/duck/Pingtung/18A00003-	0.3038	0.2816	0.4648	0.2633	0.167	-0.080	0.378	49.18	0.407	0.416	543	567	-0.363845	0.089947	
A/duck/Pingtung/18A00076-	0.3179	0.2649	0.4561	0.2745	0.161	-0.096	0.368	49.31	0.401	0.414	544	567	-0.350970	0.089947	
A/duck/Pingtung/18X00077/	0.3053	0.2810	0.4712	0.2556	0.165	-0.085	0.375	49.50	0.401	0.413	544	567	-0.358730	0.089947	
A/duck/Shandong/009/2008_	0.3259	0.2790	0.4520	0.2663	0.177	-0.081	0.382	48.74	0.403	0.412	544	567	-0.400529	0.095238	
A/duck/Shandong/Q1/2013_H	0.3178	0.2800	0.4662	0.2458	0.166	-0.078	0.379	51.00	0.394	0.413	543	567	-0.389947	0.089947	
A/duck/Shandong/SD0261/20	0.3185	0.2851	0.4307	0.2809	0.176	-0.053	0.395	50.96	0.421	0.422	542	567	-0.380600	0.089947	
A/duck/Shandong/SD0263/20	0.3185	0.2851	0.4307	0.2809	0.176	-0.053	0.395	50.96	0.421	0.422	542	567	-0.380600	0.089947	
A/duck/Sichuan/NCXJ15/201	0.3252	0.2739	0.4550	0.2618	0.176	-0.060	0.391	50.49	0.398	0.412	545	567	-0.373721	0.089947	
A/duck/Sichuan/NCXJ16/201	0.3267	0.2711	0.4575	0.2598	0.173	-0.060	0.391	50.62	0.394	0.410	545	567	-0.374250	0.089947	
A/duck/Sichuan/NCXN10/201	0.3356	0.2667	0.4456	0.2684	0.165	-0.092	0.373	50.53	0.397	0.412	542	567	-0.427866	0.089947	
A/duck/Sichuan/NCXN11/201	0.3311	0.2711	0.4495	0.2620	0.166	-0.084	0.376	50.85	0.397	0.412	542	567	-0.415520	0.089947	
A/duck/Sichuan/SC4822/202	0.3133	0.2867	0.4296	0.2865	0.178	-0.050	0.396	50.50	0.425	0.423	543	567	-0.376014	0.089947	
A/duck/Sichuan/SC5698/202	0.3111	0.2889	0.4282	0.2901	0.178	-0.047	0.398	50.40	0.429	0.424	543	567	-0.380776	0.089947	
A/duck/Taichung/15010400-	0.3119	0.2832	0.4461	0.2717	0.170	-0.081	0.379	50.19	0.414	0.417	544	567	-0.366843	0.089947	
A/duck/Tainan/15010403/20	0.3208	0.2765	0.4486	0.2661	0.169	-0.084	0.377	50.77	0.404	0.415	544	567	-0.366843	0.089947	
A/duck/Tainan/16010020-1/	0.3031	0.2920	0.4511	0.2646	0.173	-0.071	0.384	49.53	0.417	0.420	544	567	-0.376543	0.089947	
A/duck/Tainan/16WB3443-15	0.3594	0.2679	0.4373	0.2493	0.175	-0.113	0.363	50.49	0.385	0.414	540	564	-0.397872	0.093972	
A/duck/Taipei/05WB830-1-5	0.3192	0.3058	0.4322	0.2578	0.175	-0.123	0.359	50.02	0.422	0.423	540	564	-0.399823	0.097518	
A/duck/Taipei/18WB0120-1-	0.3490	0.2774	0.4359	0.2550	0.174	-0.118	0.361	50.92	0.396	0.417	540	564	-0.424823	0.093972	
A/duck/Taipei/19WB0235-14	0.3497	0.2784	0.4399	0.2436	0.175	-0.097	0.372	50.52	0.391	0.415	540	564	-0.418794	0.093972	
A/duck/Taiwan/01006/2015_	0.3142	0.2810	0.4461	0.2725	0.169	-0.083	0.377	50.72	0.412	0.417	544	567	-0.364198	0.089947	
A/duck/Taiwan/11213/2013_	0.3705	0.2477	0.4621	0.2323	0.162	-0.139	0.348	48.15	0.356	0.393	537	563	-0.413677	0.094139	
A/duck/Taiwan/11254/2013_	0.3705	0.2477	0.4621	0.2330	0.162	-0.141	0.348	48.70	0.356	0.394	537	563	-0.421137	0.094139	
A/duck/Taiwan/A3400/2015_	0.3157	0.2804	0.4447	0.2725	0.168	-0.087	0.375	49.77	0.412	0.416	544	568	-0.362148	0.089789	
A/duck/Taiwan/DV1238/2009	0.3490	0.2774	0.4253	0.2598	0.167	-0.154	0.340	51.04	0.401	0.417	541	564	-0.409220	0.095745	
A/duck/Taiwan/DV1241/2009	0.3474	0.2762	0.4232	0.2626	0.166	-0.152	0.341	51.77	0.402	0.417	542	564	-0.411702	0.095745	
A/duck/Taiwan/DV1242/2009	0.3474	0.2762	0.4268	0.2598	0.165	-0.155	0.339	50.97	0.400	0.417	542	564	-0.399823	0.095745	
A/duck/Taoyuan/16010023-1	0.3097	0.2854	0.4461	0.2717	0.171	-0.074	0.382	50.75	0.415	0.417	544	567	-0.366843	0.089947	
A/duck/Wenzhou/YJYF33/201	0.3132	0.2864	0.4594	0.2678	0.167	-0.123	0.357	49.29	0.409	0.409	543	567	-0.418519	0.097002	
A/duck/Wuhan/JXYFB22/2015	0.3311	0.2711	0.4458	0.2626	0.168	-0.084	0.376	50.88	0.399	0.414	542	567	-0.396649	0.089947	
A/duck/Wuhan/WHYF02/2015_	0.3326	0.2683	0.4534	0.2535	0.169	-0.073	0.382	50.67	0.391	0.413	542	567	-0.408818	0.089947	
A/duck/Xinjiang/12.18_WLM	0.3252	0.2806	0.4397	0.2717	0.180	-0.053	0.395	50.47	0.410	0.415	544	567	-0.387478	0.091711	
A/duck/Yilan/17A0092/2017	0.3075	0.2788	0.4536	0.2737	0.167	-0.084	0.375	49.60	0.412	0.417	544	567	-0.359788	0.089947	
A/duck/Yunlin/15010244-1/	0.3164	0.2788	0.4461	0.2717	0.169	-0.087	0.375	50.16	0.410	0.416	544	567	-0.366843	0.089947	
A/duck/Yunlin/15010277/20	0.3186	0.2765	0.4511	0.2661	0.167	-0.090	0.373	50.07	0.404	0.414	544	567	-0.366843	0.089947	
A/duck/Yunlin/15010310-4/	0.3126	0.2838	0.4486	0.2689	0.172	-0.078	0.381	49.88	0.412	0.416	544	567	-0.365785	0.089947	
A/duck/Yunlin/15010318-2/	0.3142	0.2810	0.4461	0.2717	0.169	-0.084	0.377	50.16	0.412	0.417	544	567	-0.366843	0.089947	
A/duck/Yunlin/15010369-1/	0.3119	0.2832	0.4436	0.2745	0.170	-0.078	0.381	50.48	0.415	0.418	544	567	-0.366843	0.089947	
A/duck/Yunlin/15010458-1/	0.3186	0.2765	0.4475	0.2682	0.169	-0.087	0.375	50.15	0.406	0.416	544	567	-0.362081	0.089947	
A/duck/Yunlin/15070002-2/	0.3164	0.2810	0.4411	0.2745	0.171	-0.084	0.377	50.09	0.414	0.417	544	567	-0.366843	0.089947	
A/duck/Yunlin/15A5019/201	0.3215	0.2772	0.4422	0.2725	0.170	-0.093	0.372	50.06	0.409	0.416	543	567	-0.370194	0.089947	
A/duck/Yunlin/17110001/20	0.3068	0.2759	0.4575	0.2730	0.164	-0.086	0.374	49.32	0.409	0.414	545	567	-0.357848	0.089947	
A/duck/Yunlin/17A0086/201	0.3097	0.2765	0.4536	0.2745	0.165	-0.085	0.375	49.37	0.410	0.416	544	567	-0.359259	0.089947	
A/duck/Yunlin/17A0686/201	0.3024	0.2848	0.4486	0.2758	0.165	-0.083	0.377	50.00	0.419	0.419	544	567	-0.367019	0.089947	
A/duck/Yunlin/18060007-3/	0.3082	0.2794	0.4660	0.2612	0.168	-0.076	0.381	49.30	0.403	0.412	543	567	-0.370018	0.089947	
A/duck/Yunlin/18X00007-3/	0.3091	0.2759	0.4575	0.2682	0.168	-0.078	0.379	50.40	0.406	0.419	544	567	-0.353616	0.089947	
A/duck/Yunnan/4072/2003_H	0.3258	0.2787	0.4536	0.2583	0.177	-0.091	0.376	49.06	0.400	0.414	543	567	-0.425220	0.089947	
A/duck/Yunnan/426/2004_H5	0.3252	0.2739	0.4586	0.2556	0.176	-0.081	0.381	49.46	0.395	0.412	544	567	-0.410758	0.091711	
A/duck/Yunnan/4645/2003_H	0.3206	0.2780	0.4548	0.2639	0.175	-0.091	0.376	49.56	0.403	0.416	543	567	-0.444445	0.091711	
A/duck/Yunnan/47/2006_H5N	0.3296	0.2780	0.4433	0.2725	0.181	-0.065	0.390	49.29	0.406	0.411	544	568	-0.409683	0.093310	
A/duck/Yunnan/485/2004_H5	0.3281	0.2723	0.4586	0.2556	0.176	-0.084	0.379	49.71	0.393	0.412	544	567	-0.416402	0.091711	
A/duck/Yunnan/4873/2006_H	0.3304	0.2746	0.4573	0.2556	0.177	-0.077	0.382	48.66	0.393	0.409	544	567	-0.395944	0.091711	
A/duck/Yunnan/5090/2003_H	0.3258	0.2787	0.4548	0.2591	0.179	-0.085	0.379	49.47	0.400	0.414	543	567	-0.427690	0.091711	
A/duck/Yunnan/5169/2003_H	0.3258	0.2787	0.4548	0.2591	0.178	-0.085	0.379	49.49	0.400	0.413	543	567	-0.427690	0.091711	
A/duck/Yunnan/522/2004_H5	0.3252	0.2739	0.4586	0.2556	0.176	-0.081	0.381	49.46	0.395	0.413	544	567	-0.410758	0.091711	
A/duck/Yunnan/5310/2006_H	0.3170	0.2857	0.4497	0.2654	0.179	-0.062	0.392	49.62	0.410	0.417	544	567	-0.414462	0.091711	
A/duck/Yunnan/5948/2003_H	0.3244	0.2774	0.4561	0.2583	0.176	-0.088	0.377	49.25	0.399	0.414	544	567	-0.424691	0.091711	
A/duck/Yunnan/6080/2003_H	0.3259	0.2746	0.4586	0.2556	0.176	-0.084	0.379	49.31	0.395	0.412	544	567	-0.416402	0.091711	
A/duck/Yunnan/6603/2003_H	0.3259	0.2746	0.4586	0.2548	0.178	-0.084	0.379	49.36	0.395	0.413	544	567	-0.416931	0.091711	
A/duck/Zhejiang/1026109/2	0.3053	0.2876	0.4575	0.2611	0.174	-0.056	0.393	50.46	0.411	0.417	545	567	-0.378131	0.089947	
A/duck/Zhejiang/1220092/2	0.3139	0.2870	0.4619	0.2650	0.171	-0.108	0.366	49.53	0.407	0.409	543	567	-0.421340	0.095238	
A/duck/Zhejiang/213/2011_	0.3156	0.2711	0.4721	0.2663	0.167	-0.095	0.371	49.33	0.397	0.410	544	568	-0.412676	0.093310	
A/duck/Zhejiang/224/2011_	0.3192	0.2679	0.4724	0.2633	0.169	-0.092	0.372	49.19	0.393	0.409	545	568	-0.404225	0.093310	
A/duck/Zhejiang/2242/2011	0.3163	0.2695	0.4698	0.2669	0.166	-0.099	0.369	49.24	0.396	0.410	545	568	-0.404049	0.093310	
A/duck/Zhejiang/2243/2011	0.3163	0.2695	0.4698	0.2669	0.166	-0.099	0.369	49.24	0.396	0.410	545	568	-0.404049	0.093310	
A/duck/Zhejiang/2244/2011	0.3163	0.2695	0.4698	0.2669	0.167	-0.096	0.371	49.42	0.396	0.411	545	568	-0.408275	0.093310	
A/duck/Zhejiang/2245/2011	0.3163	0.2695	0.4698	0.2669	0.166	-0.099	0.369	49.24	0.396	0.410	545	568	-0.404049	0.093310	
A/duck/Zhejiang/2248/2011	0.3147	0.2701	0.4712	0.2661	0.167	-0.096	0.371	49.23	0.396	0.410	545	568	-0.404753	0.093310	
A/duck/Zhejiang/6D18/2013	0.3267	0.2733	0.4350	0.2778	0.174	-0.070	0.384	52.14	0.410	0.419	544	567	-0.378660	0.089947	
A/duck/Zhejiang/6D2/2013_	0.3244	0.2733	0.4575	0.2605	0.173	-0.060	0.391	50.59	0.396	0.410	545	567	-0.373721	0.089947	
A/duck/Zhejiang/6DK19/201	0.3222	0.2733	0.4600	0.2605	0.171	-0.060	0.391	50.54	0.396	0.410	545	567	-0.373721	0.089947	
A/duck/Zhejiang/727041/20	0.3356	0.2578	0.4637	0.2528	0.163	-0.101	0.366	48.94	0.381	0.409	543	567	-0.399471	0.089947	
A/duck/Zhejiang/727158/20	0.3392	0.2550	0.4534	0.2626	0.162	-0.105	0.363	49.72	0.386	0.411	542	567	-0.388536	0.089947	
A/duck/Zhejiang/77138/201	0.3200	0.2756	0.4514	0.2682	0.173	-0.050	0.396	50.36	0.404	0.413	545	567	-0.373192	0.089947	
A/duck/Zhejiang/925019/20	0.3318	0.2717	0.4325	0.2770	0.173	-0.068	0.386	52.25	0.408	0.419	544	567	-0.395238	0.089947	
A/duck/Zhejiang/925169/20	0.3341	0.2695	0.4325	0.2770	0.174	-0.067	0.386	52.38	0.406	0.417	544	567	-0.387125	0.089947	
A/duck/Zhejiang/W24/2013_	0.3229	0.2762	0.4350	0.2806	0.174	-0.070	0.384	51.73	0.414	0.419	544	567	-0.368078	0.089947	
A/egret/Zhejiang/W15/2017	0.3282	0.2639	0.4598	0.2583	0.165	-0.091	0.372	49.02	0.390	0.412	543	567	-0.395767	0.089947	
A/egret/Zhejiang/W18/2017	0.3370	0.2639	0.4456	0.2640	0.165	-0.090	0.373	50.17	0.394	0.413	541	566	-0.409717	0.090106	
A/equine/China/61/2010_H5	0.3244	0.2819	0.4523	0.2612	0.177	-0.067	0.390	49.53	0.403	0.412	544	567	-0.415344	0.091711	
A/equine/China/67/2010_H5	0.3237	0.2812	0.4511	0.2605	0.177	-0.066	0.390	49.41	0.403	0.413	544	567	-0.406526	0.091711	
A/equine/China/68/2010_H5	0.3259	0.2790	0.4523	0.2612	0.177	-0.066	0.390	49.16	0.401	0.412	544	567	-0.411993	0.091711	
A/eurasian_coot/Shandong/	0.3178	0.2822	0.4347	0.2809	0.176	-0.054	0.394	50.39	0.418	0.420	543	567	-0.376014	0.089947	
A/eurasian_coot/Shandong/	0.3156	0.2844	0.4347	0.2809	0.177	-0.050	0.396	50.43	0.420	0.422	543	567	-0.376014	0.089947	
A/eurasian_coot/Shandong/	0.3156	0.2844	0.4347	0.2809	0.177	-0.050	0.396	50.35	0.420	0.422	543	567	-0.375838	0.089947	
A/eurasian_coot/Shandong/	0.3178	0.2822	0.4347	0.2809	0.176	-0.054	0.394	50.39	0.418	0.420	543	567	-0.376014	0.089947	
A/feline/Guangdong/2/2015	0.3274	0.2633	0.4573	0.2611	0.163	-0.090	0.372	49.75	0.392	0.413	543	567	-0.404762	0.089947	
A/gadwall/Ningxia/YG61/20	0.3378	0.2908	0.4297	0.2550	0.182	-0.078	0.384	51.00	0.408	0.423	539	564	-0.400709	0.093972	
A/goose/Changhua/15040008	0.3113	0.2870	0.4472	0.2661	0.168	-0.083	0.377	49.98	0.414	0.418	544	567	-0.367372	0.089947	
A/goose/Chiayi/15010008-3	0.3142	0.2810	0.4461	0.2717	0.169	-0.084	0.377	50.16	0.412	0.417	544	567	-0.366843	0.089947	
A/goose/Chiayi/15010016-1	0.3119	0.2832	0.4461	0.2717	0.169	-0.081	0.379	50.08	0.414	0.417	544	567	-0.366843	0.089947	
A/goose/Chiayi/15020022/2	0.3164	0.2788	0.4486	0.2689	0.169	-0.084	0.377	50.13	0.408	0.416	544	567	-0.366843	0.089947	
A/goose/Chiayi/16010017-2	0.3053	0.2898	0.4511	0.2646	0.172	-0.075	0.382	49.50	0.415	0.419	544	567	-0.376543	0.089947	
A/goose/Chiayi/16040003-1	0.3156	0.2844	0.4497	0.2640	0.172	-0.079	0.379	50.36	0.409	0.415	543	567	-0.367019	0.089947	
A/goose/Chiayi/16040005/2	0.3156	0.2844	0.4484	0.2676	0.173	-0.077	0.381	50.42	0.411	0.414	543	567	-0.370370	0.089947	
A/goose/Chiayi/17020027-1	0.3075	0.2788	0.4536	0.2745	0.166	-0.081	0.377	49.37	0.412	0.417	544	567	-0.359259	0.089947	
A/goose/Chiayi/17040014/2	0.3164	0.2788	0.4484	0.2712	0.165	-0.091	0.372	50.10	0.409	0.415	543	567	-0.355908	0.089947	
A/goose/Chiayi/18010006/2	0.3119	0.2743	0.4561	0.2709	0.164	-0.089	0.373	49.22	0.406	0.413	544	567	-0.361199	0.089947	
A/goose/Chiayi/18020014-1	0.3135	0.2737	0.4561	0.2682	0.164	-0.089	0.373	49.15	0.404	0.413	544	567	-0.355732	0.089947	
A/goose/Chiayi/18020014-2	0.3135	0.2737	0.4561	0.2682	0.164	-0.089	0.373	49.15	0.404	0.413	544	567	-0.355732	0.089947	
A/goose/China/0701/2018_H	0.3444	0.2517	0.4525	0.2556	0.162	-0.119	0.357	50.24	0.379	0.409	543	566	-0.392756	0.090106	
A/goose/China/1/2021_H5N8	0.3222	0.2800	0.4271	0.2865	0.173	-0.061	0.390	50.61	0.420	0.420	543	567	-0.389065	0.089947	
A/goose/China/1106/2016_H	0.3097	0.2832	0.4625	0.2556	0.172	-0.061	0.389	50.41	0.404	0.415	545	567	-0.379718	0.089947	
A/goose/China/E43/2012_H5	0.3172	0.2687	0.4571	0.2761	0.165	-0.105	0.365	49.49	0.404	0.414	545	568	-0.418838	0.093310	
A/goose/China/M14/2016_H5	0.3444	0.2533	0.4534	0.2591	0.167	-0.088	0.375	49.35	0.382	0.410	542	566	-0.404594	0.090106	
A/goose/Eastern_China/111	0.3119	0.2810	0.4550	0.2654	0.169	-0.074	0.382	50.98	0.407	0.417	545	567	-0.372840	0.089947	
A/goose/Eastern_China/223	0.3221	0.2864	0.4506	0.2620	0.174	-0.081	0.381	50.09	0.407	0.412	543	567	-0.422575	0.091711	
A/goose/Eastern_China/CZ/	0.3318	0.2695	0.4325	0.2798	0.176	-0.073	0.382	51.91	0.408	0.417	544	567	-0.368607	0.089947	
A/goose/Eastern_China/L12	0.3149	0.2794	0.4525	0.2646	0.169	-0.076	0.381	51.18	0.406	0.417	544	567	-0.379012	0.089947	
A/goose/Eastern_China/L12	0.3244	0.2733	0.4534	0.2598	0.169	-0.079	0.378	50.44	0.399	0.415	542	567	-0.380247	0.089947	
A/goose/Eastern_China/S04	0.3244	0.2756	0.4386	0.2750	0.176	-0.069	0.384	51.89	0.410	0.419	544	567	-0.383951	0.089947	
A/goose/Eastern_China/S05	0.3348	0.2639	0.4509	0.2591	0.165	-0.086	0.375	50.33	0.391	0.413	542	567	-0.404409	0.089947	
A/goose/Fujian/10.11_FZHX	0.3274	0.2673	0.4545	0.2626	0.166	-0.086	0.377	50.02	0.396	0.415	541	566	-0.415724	0.090106	
A/goose/Fujian/10.26_FZHX	0.3371	0.2612	0.4598	0.2528	0.166	-0.082	0.378	50.16	0.384	0.410	542	566	-0.433039	0.090106	
A/goose/Fujian/10.26_FZHX	0.3371	0.2612	0.4598	0.2528	0.166	-0.082	0.378	50.16	0.384	0.410	542	566	-0.433039	0.090106	
A/goose/Fujian/10.26_FZHX	0.3378	0.2617	0.4635	0.2479	0.167	-0.079	0.381	50.13	0.381	0.409	541	566	-0.437103	0.090106	
A/goose/Fujian/10.26_FZHX	0.3378	0.2617	0.4635	0.2479	0.167	-0.079	0.381	50.13	0.381	0.409	541	566	-0.437103	0.090106	
A/goose/Fujian/10.26_FZHX	0.3378	0.2617	0.4635	0.2479	0.167	-0.079	0.381	50.13	0.381	0.409	541	566	-0.437103	0.090106	
A/goose/Fujian/10.26_FZHX	0.3378	0.2617	0.4635	0.2479	0.167	-0.079	0.381	50.13	0.381	0.409	541	566	-0.437103	0.090106	
A/goose/Fujian/10.26_FZHX	0.3363	0.2606	0.4612	0.2521	0.166	-0.084	0.378	50.11	0.383	0.410	543	567	-0.433686	0.089947	
A/goose/Fujian/10.26_FZHX	0.3378	0.2617	0.4635	0.2479	0.167	-0.079	0.381	50.13	0.381	0.409	541	566	-0.437103	0.090106	
A/goose/Fujian/10.26_FZHX	0.3371	0.2612	0.4598	0.2528	0.166	-0.082	0.378	50.16	0.384	0.410	542	566	-0.433039	0.090106	
A/goose/Fujian/11.3_FZHX1	0.3267	0.2667	0.4559	0.2618	0.165	-0.087	0.376	49.99	0.395	0.415	542	567	-0.416402	0.089947	
A/goose/Fujian/3.15_FZHX0	0.3326	0.2639	0.4450	0.2659	0.167	-0.100	0.368	51.08	0.396	0.415	543	566	-0.397173	0.090106	
A/goose/Fujian/3.15_FZHX0	0.3326	0.2639	0.4450	0.2659	0.167	-0.100	0.368	51.08	0.396	0.415	543	566	-0.397173	0.090106	
A/goose/Fujian/3.15_FZHX0	0.3333	0.2622	0.4489	0.2624	0.165	-0.103	0.366	50.94	0.392	0.413	543	566	-0.397173	0.090106	
A/goose/Fujian/3.15_FZHX0	0.3311	0.2667	0.4439	0.2667	0.165	-0.103	0.366	50.91	0.398	0.415	543	566	-0.398233	0.090106	
A/goose/Fujian/3.15_FZHX0	0.3326	0.2661	0.4450	0.2639	0.165	-0.100	0.368	51.28	0.396	0.415	543	566	-0.392226	0.090106	
A/goose/GuangDong/1189/20	0.3237	0.2749	0.4372	0.2793	0.173	-0.078	0.381	49.02	0.412	0.421	544	567	-0.395767	0.091711	
A/goose/Guangdong/7.20_DG	0.3326	0.2639	0.4550	0.2556	0.165	-0.100	0.368	50.88	0.389	0.412	543	566	-0.396643	0.090106	
A/goose/Guangdong/72/2004	0.3289	0.2796	0.4475	0.2576	0.179	-0.077	0.382	50.45	0.401	0.415	544	568	-0.419190	0.089789	
A/goose/Guangdong/QY01/20	0.3451	0.2500	0.4697	0.2409	0.162	-0.100	0.368	49.29	0.368	0.406	541	566	-0.418021	0.090106	
A/goose/Guangdong/k0103/2	0.3252	0.2739	0.4586	0.2570	0.170	-0.069	0.388	51.05	0.395	0.413	544	568	-0.438556	0.091549	
A/goose/Guangdong/s13124/	0.3274	0.2673	0.4525	0.2674	0.167	-0.092	0.371	50.91	0.397	0.413	544	567	-0.383774	0.089947	
A/goose/Hebei/HG12/2021_H	0.3156	0.2844	0.4347	0.2809	0.175	-0.054	0.394	50.50	0.420	0.422	543	567	-0.376014	0.089947	
A/goose/Henan/01.01_LYGL0	0.3296	0.2628	0.4559	0.2611	0.164	-0.093	0.372	49.55	0.392	0.413	541	566	-0.409541	0.090106	
A/goose/Hong_Kong/23/1978	0.3498	0.2825	0.4256	0.2585	0.169	-0.121	0.360	50.27	0.403	0.415	539	564	-0.413121	0.095745	
A/goose/Hubei/65/2005_H5N	0.3259	0.2768	0.4497	0.2669	0.175	-0.073	0.386	48.94	0.403	0.413	544	567	-0.411993	0.091711	
A/goose/Inner_Mongolia/IM	0.3200	0.2867	0.4456	0.2735	0.174	-0.078	0.383	50.28	0.413	0.413	545	567	-0.426279	0.093474	
A/goose/Jiangsu/QD5/2014_	0.3289	0.2689	0.4375	0.2762	0.173	-0.085	0.375	52.00	0.406	0.419	544	567	-0.380423	0.089947	
A/goose/Jiangsu/k0403/201	0.3125	0.2879	0.4582	0.2714	0.177	-0.079	0.382	49.28	0.411	0.411	545	567	-0.403527	0.095238	
A/goose/Pingtung/15010007	0.3142	0.2810	0.4461	0.2717	0.168	-0.087	0.375	50.20	0.412	0.416	544	567	-0.366843	0.089947	
A/goose/Pingtung/15010037	0.3142	0.2810	0.4461	0.2717	0.169	-0.084	0.377	50.16	0.412	0.417	544	567	-0.366843	0.089947	
A/goose/Pingtung/15050014	0.3142	0.2810	0.4484	0.2712	0.167	-0.082	0.378	50.23	0.411	0.415	543	567	-0.352205	0.089947	
A/goose/Pingtung/16010061	0.3142	0.2810	0.4509	0.2684	0.167	-0.082	0.378	50.18	0.409	0.414	543	567	-0.356614	0.089947	
A/goose/Shantou/1763/2014	0.3348	0.2616	0.4559	0.2563	0.164	-0.089	0.373	49.71	0.387	0.412	542	567	-0.404409	0.089947	
A/goose/Tainan/16040018-1	0.3119	0.2832	0.4484	0.2712	0.168	-0.079	0.379	50.62	0.413	0.416	543	567	-0.355908	0.089947	
A/goose/Tainan/16070002/2	0.3119	0.2810	0.4509	0.2712	0.167	-0.081	0.378	50.46	0.411	0.415	543	567	-0.362434	0.089947	
A/goose/Tainan/17030022-1	0.3119	0.2743	0.4561	0.2717	0.165	-0.088	0.373	49.30	0.406	0.415	544	567	-0.359259	0.089947	
A/goose/Tainan/17030024-1	0.3091	0.2759	0.4575	0.2682	0.162	-0.094	0.369	49.42	0.406	0.416	544	567	-0.355556	0.089947	
A/goose/Tainan/18010022-1	0.3068	0.2781	0.4536	0.2737	0.163	-0.089	0.373	50.17	0.412	0.416	544	567	-0.358554	0.089947	
A/goose/Tainan/18050014-1	0.3044	0.2800	0.4561	0.2758	0.168	-0.086	0.375	49.82	0.414	0.416	544	567	-0.361729	0.089947	
A/goose/Taiwan/01019/2015	0.3208	0.2765	0.4486	0.2661	0.170	-0.084	0.377	50.79	0.404	0.416	544	567	-0.366843	0.089947	
A/goose/Taiwan/01022/2015	0.3119	0.2832	0.4461	0.2717	0.170	-0.081	0.379	50.19	0.414	0.417	544	567	-0.366843	0.089947	
A/goose/Taiwan/01023/2015	0.3119	0.2832	0.4461	0.2717	0.169	-0.081	0.379	50.08	0.414	0.417	544	567	-0.366843	0.089947	
A/goose/Taiwan/01031/2015	0.3142	0.2810	0.4461	0.2717	0.169	-0.084	0.377	50.16	0.412	0.417	544	567	-0.366843	0.089947	
A/goose/Taiwan/01038/2015	0.3164	0.2788	0.4461	0.2717	0.169	-0.084	0.377	50.12	0.410	0.416	544	567	-0.366843	0.089947	
A/goose/Taiwan/01039/2015	0.3164	0.2788	0.4472	0.2732	0.168	-0.084	0.377	50.00	0.410	0.415	544	567	-0.371076	0.089947	
A/goose/Taiwan/01040/2015	0.3142	0.2810	0.4461	0.2717	0.169	-0.084	0.377	50.16	0.412	0.417	544	567	-0.367019	0.089947	
A/goose/Taiwan/TNC1/2015_	0.3142	0.2788	0.4511	0.2689	0.168	-0.084	0.377	50.10	0.408	0.416	544	567	-0.382892	0.089947	
A/goose/Taiwan/TNC10/2015	0.3142	0.2788	0.4511	0.2689	0.168	-0.083	0.377	49.95	0.408	0.416	544	567	-0.373369	0.089947	
A/goose/Taiwan/TNC11/2015	0.3208	0.2765	0.4486	0.2661	0.169	-0.084	0.377	50.77	0.404	0.415	544	567	-0.366843	0.089947	
A/goose/Taiwan/TNC12/2015	0.3142	0.2788	0.4511	0.2689	0.168	-0.083	0.377	49.95	0.408	0.416	544	567	-0.373369	0.089947	
A/goose/Taiwan/TNC14/2015	0.3142	0.2788	0.4511	0.2689	0.168	-0.083	0.377	49.95	0.408	0.416	544	567	-0.373369	0.089947	
A/goose/Taiwan/TNC3/2015_	0.3193	0.2772	0.4486	0.2689	0.170	-0.088	0.375	49.85	0.406	0.414	544	567	-0.365785	0.089947	
A/goose/Taiwan/TNC7/2015_	0.3142	0.2788	0.4511	0.2689	0.168	-0.083	0.377	49.95	0.408	0.416	544	567	-0.373369	0.089947	
A/goose/Taiwan/TNC9/2015_	0.3193	0.2772	0.4486	0.2689	0.170	-0.088	0.375	49.85	0.406	0.414	544	567	-0.365785	0.089947	
A/goose/Taiwan/TNO15/2015	0.3208	0.2765	0.4486	0.2661	0.169	-0.084	0.377	50.77	0.404	0.415	544	567	-0.366843	0.089947	
A/goose/Taiwan/TNO3/2015_	0.3142	0.2810	0.4461	0.2717	0.170	-0.081	0.379	50.14	0.412	0.417	544	567	-0.366843	0.089947	
A/goose/Taiwan/TNO9/2015_	0.3208	0.2765	0.4486	0.2661	0.169	-0.084	0.377	50.77	0.404	0.415	544	567	-0.366843	0.089947	
A/goose/Taoyuan/15010041/	0.3186	0.2765	0.4486	0.2689	0.169	-0.087	0.375	50.15	0.406	0.415	544	567	-0.366843	0.089947	
A/goose/Taoyuan/18120002-	0.3060	0.2772	0.4548	0.2758	0.166	-0.084	0.376	49.62	0.413	0.417	543	567	-0.368430	0.089947	
A/goose/Xinjiang/12.18_WL	0.3311	0.2644	0.4372	0.2770	0.162	-0.106	0.363	51.35	0.404	0.418	542	567	-0.394356	0.091711	
A/goose/Xinjiang/12.18_WL	0.3311	0.2644	0.4372	0.2770	0.162	-0.106	0.363	51.35	0.404	0.418	542	567	-0.394356	0.091711	
A/goose/Xinjiang/12.18_WL	0.3252	0.2806	0.4347	0.2773	0.180	-0.053	0.395	50.67	0.414	0.416	544	567	-0.387478	0.091711	
A/goose/Xinjiang/12.18_WL	0.3252	0.2806	0.4347	0.2773	0.180	-0.053	0.395	50.67	0.414	0.416	544	567	-0.387478	0.091711	
A/goose/Xinjiang/12.18_WL	0.3252	0.2806	0.4347	0.2773	0.180	-0.053	0.395	50.67	0.414	0.416	544	567	-0.387478	0.091711	
A/goose/Xinjiang/12.18_WL	0.3252	0.2806	0.4347	0.2773	0.180	-0.053	0.395	50.67	0.414	0.416	544	567	-0.387478	0.091711	
A/goose/Yangzhou/0420/201	0.3289	0.2711	0.4361	0.2770	0.173	-0.072	0.382	51.65	0.408	0.419	544	567	-0.380600	0.089947	
A/goose/Yangzhou/YZ587/20	0.3318	0.2695	0.4458	0.2646	0.166	-0.089	0.373	51.22	0.399	0.415	542	567	-0.398236	0.089947	
A/goose/Yunlin/15010005/2	0.3149	0.2816	0.4472	0.2697	0.169	-0.083	0.378	50.24	0.411	0.416	543	567	-0.371076	0.089947	
A/goose/Yunlin/15010009-1	0.3142	0.2810	0.4461	0.2717	0.169	-0.084	0.377	50.16	0.412	0.417	544	567	-0.366843	0.089947	
A/goose/Yunlin/15010010-2	0.3142	0.2810	0.4461	0.2717	0.169	-0.084	0.377	50.16	0.412	0.417	544	567	-0.367019	0.089947	
A/goose/Yunlin/15010011-1	0.3142	0.2810	0.4461	0.2717	0.169	-0.084	0.377	50.16	0.412	0.417	544	567	-0.367019	0.089947	
A/goose/Yunlin/15010029-1	0.3142	0.2810	0.4436	0.2745	0.169	-0.084	0.377	50.22	0.414	0.417	544	567	-0.367019	0.089947	
A/goose/Yunlin/15040040/2	0.3208	0.2765	0.4511	0.2633	0.169	-0.084	0.377	50.78	0.403	0.414	544	567	-0.366843	0.089947	
A/goose/Yunlin/16020008-4	0.3156	0.2844	0.4497	0.2633	0.174	-0.077	0.381	50.42	0.409	0.415	543	567	-0.374780	0.089947	
A/goose/Yunlin/16020011-1	0.3200	0.2800	0.4497	0.2640	0.172	-0.083	0.378	50.41	0.405	0.413	543	567	-0.365609	0.089947	
A/goose/Yunlin/16040002-2	0.3156	0.2844	0.4447	0.2689	0.175	-0.074	0.383	50.38	0.413	0.416	543	567	-0.374780	0.089947	
A/goose/Yunlin/17100005/2	0.3164	0.2721	0.4623	0.2640	0.162	-0.089	0.373	49.25	0.399	0.412	544	567	-0.361728	0.091711	
A/goose/Yunlin/18030020-2	0.3186	0.2699	0.4623	0.2612	0.159	-0.108	0.361	49.26	0.396	0.410	543	567	-0.359436	0.089947	
A/goose/Yunlin/18030020-3	0.3193	0.2705	0.4635	0.2592	0.159	-0.108	0.362	49.32	0.395	0.410	542	567	-0.363492	0.089947	
A/goose/Yunlin/18040002-3	0.3126	0.2749	0.4548	0.2725	0.168	-0.072	0.383	49.73	0.407	0.414	543	567	-0.350970	0.089947	
A/goose/Yunlin/18040018-2	0.3009	0.2810	0.4561	0.2758	0.166	-0.082	0.377	49.68	0.415	0.418	544	567	-0.363139	0.089947	
A/goose/Yunlin/18090002-3	0.3009	0.2810	0.4598	0.2709	0.164	-0.081	0.378	49.56	0.413	0.417	543	567	-0.368960	0.089947	
A/goose/Yunlin/18090006-1	0.3009	0.2876	0.4662	0.2577	0.169	-0.078	0.379	49.05	0.408	0.416	544	567	-0.368783	0.089947	
A/goose/Yunlin/18110002-3	0.3053	0.2788	0.4548	0.2765	0.163	-0.095	0.369	49.59	0.414	0.416	544	567	-0.368607	0.089947	
A/goose/Yunnan/3798/2006_	0.3244	0.2796	0.4596	0.2571	0.175	-0.065	0.389	48.92	0.398	0.409	543	567	-0.380070	0.093474	
A/goose/Yunnan/4371/2006_	0.3304	0.2746	0.4573	0.2556	0.177	-0.077	0.382	48.66	0.393	0.409	544	567	-0.395944	0.091711	
A/goose/Yunnan/4389/2006_	0.3304	0.2746	0.4573	0.2556	0.177	-0.077	0.382	48.66	0.393	0.409	544	567	-0.395944	0.091711	
A/goose/Yunnan/4985/2006_	0.3311	0.2752	0.4573	0.2556	0.179	-0.075	0.384	48.78	0.393	0.408	544	567	-0.394885	0.091711	
A/goose/Yunnan/5141/2006_	0.3167	0.2833	0.4609	0.2597	0.176	-0.067	0.390	49.68	0.404	0.414	510	532	-0.464850	0.095865	
A/goose/Yunnan/5769/2006_	0.3170	0.2857	0.4548	0.2598	0.177	-0.068	0.388	49.70	0.406	0.416	544	567	-0.414462	0.091711	
A/goose/Yunnan/5979/2006_	0.3192	0.2857	0.4523	0.2598	0.177	-0.065	0.390	49.73	0.406	0.416	544	567	-0.414462	0.091711	
A/goose/Yunnan/6193/2006_	0.3274	0.2803	0.4548	0.2549	0.179	-0.067	0.389	48.65	0.398	0.412	543	567	-0.411640	0.091711	
A/goose/Zhejiang/1120132/	0.3259	0.2705	0.4600	0.2592	0.168	-0.079	0.380	51.11	0.393	0.409	545	567	-0.373192	0.089947	
A/goose/Zhejiang/112071/2	0.3259	0.2857	0.4532	0.2621	0.174	-0.076	0.385	50.81	0.404	0.409	545	567	-0.430511	0.093474	
A/goose/Zhejiang/112080/2	0.3282	0.2683	0.4600	0.2592	0.169	-0.076	0.382	51.13	0.391	0.409	545	567	-0.372663	0.089947	
A/goose/Zhejiang/727092/2	0.3400	0.2578	0.4548	0.2548	0.165	-0.099	0.367	49.86	0.384	0.411	542	567	-0.396296	0.088183	
A/goose/Zhejiang/727098/2	0.3185	0.2873	0.4557	0.2650	0.175	-0.075	0.385	49.65	0.407	0.410	545	567	-0.439506	0.093474	
A/goose/Zhejiang/727110/2	0.3392	0.2572	0.4548	0.2556	0.163	-0.105	0.363	49.73	0.384	0.412	542	567	-0.391182	0.089947	
A/goose/Zhejiang/77166/20	0.3244	0.2756	0.4225	0.2893	0.174	-0.069	0.384	51.94	0.421	0.424	544	567	-0.376367	0.089947	
A/goose/Zhejiang/77167/20	0.3178	0.2778	0.4514	0.2682	0.172	-0.053	0.394	50.53	0.406	0.413	545	567	-0.373192	0.089947	
A/goose/Zhejiang/77168/20	0.3178	0.2778	0.4514	0.2682	0.172	-0.053	0.394	50.43	0.406	0.413	545	567	-0.377601	0.089947	
A/goose/Zhejiang/925036/2	0.3363	0.2633	0.4447	0.2639	0.165	-0.092	0.372	50.71	0.394	0.414	543	567	-0.407584	0.089947	
A/goose/Zhejiang/925037/2	0.3267	0.2756	0.4325	0.2778	0.173	-0.070	0.384	52.17	0.412	0.419	544	567	-0.378660	0.089947	
A/goose/Zhejiang/925104/2	0.3267	0.2756	0.4325	0.2778	0.173	-0.070	0.384	52.17	0.412	0.419	544	567	-0.378660	0.089947	
A/goose/Zhejiang/925105/2	0.3304	0.2656	0.4625	0.2577	0.171	-0.073	0.384	50.33	0.388	0.408	544	567	-0.375838	0.089947	
A/goose/Zhejiang/925106/2	0.3267	0.2756	0.4300	0.2806	0.171	-0.071	0.384	52.08	0.414	0.421	544	567	-0.394885	0.089947	
A/goose/Zhejiang/925108/2	0.3326	0.2656	0.4625	0.2549	0.171	-0.070	0.386	50.35	0.386	0.408	544	567	-0.383951	0.089947	
A/great_black-headed_gull	0.3154	0.2931	0.4456	0.2764	0.176	-0.081	0.382	49.89	0.418	0.412	545	567	-0.417637	0.095238	
A/great_crested-grebe/Qin	0.3177	0.2864	0.4532	0.2735	0.177	-0.081	0.382	49.48	0.411	0.410	545	567	-0.421517	0.093474	
A/great_egret/Hong_Kong/8	0.3185	0.2806	0.4658	0.2599	0.175	-0.089	0.376	48.70	0.400	0.409	545	568	-0.441549	0.093310	
A/great_tit/Panjing/PJ-66	0.3222	0.2756	0.4545	0.2712	0.165	-0.114	0.361	50.54	0.404	0.411	545	567	-0.428042	0.093474	
A/green-winged_teal/Xiang	0.3363	0.2870	0.4337	0.2563	0.178	-0.094	0.375	50.89	0.406	0.423	539	564	-0.401241	0.093972	
A/grey_heron/Hong_Kong/10	0.3140	0.2806	0.4658	0.2655	0.177	-0.089	0.376	48.40	0.404	0.410	545	568	-0.442254	0.093310	
A/grey_heron/Hong_Kong/30	0.3140	0.2851	0.4633	0.2627	0.173	-0.092	0.374	49.10	0.406	0.411	545	568	-0.441549	0.093310	
A/heron/Kaohsiung/15WB328	0.3549	0.2723	0.4311	0.2542	0.175	-0.110	0.365	51.32	0.393	0.416	540	564	-0.392376	0.093972	
A/heron/Yilan/17DB0001/20	0.3113	0.2759	0.4575	0.2674	0.163	-0.095	0.369	49.63	0.406	0.415	545	567	-0.364374	0.089947	
A/hill_myna/Heilongjiang/	0.3207	0.2829	0.4532	0.2707	0.171	-0.084	0.380	50.21	0.407	0.412	545	567	-0.432981	0.093474	
A/lesser_kestrel/Heilongj	0.3237	0.2835	0.4433	0.2704	0.179	-0.063	0.392	49.76	0.410	0.415	544	567	-0.402293	0.091711	
A/lion/Hubei/1-2/2016_H5N	0.3191	0.2854	0.4594	0.2657	0.171	-0.109	0.365	49.88	0.405	0.407	543	567	-0.405291	0.095238	
A/little_egret/Hong_Kong/	0.3221	0.2796	0.4569	0.2691	0.176	-0.095	0.373	49.16	0.404	0.409	544	567	-0.428924	0.093474	
A/little_grebe/Xianghai/4	0.3423	0.2819	0.4297	0.2599	0.179	-0.086	0.378	51.10	0.404	0.421	539	564	-0.393085	0.093972	
A/magpie_robin/Hong_Kong/	0.3140	0.2829	0.4608	0.2684	0.174	-0.096	0.372	48.78	0.407	0.411	545	568	-0.441549	0.093310	
A/magpie_robin/Hong_Kong/	0.3140	0.2829	0.4633	0.2655	0.175	-0.091	0.374	48.70	0.406	0.410	545	568	-0.433451	0.093310	
A/mallard/Shanghai/SH-9/2	0.3252	0.2762	0.4375	0.2750	0.174	-0.077	0.381	51.86	0.410	0.417	544	567	-0.376720	0.089947	
A/meerkat/Shanghai/SH-1/2	0.3178	0.2867	0.4456	0.2764	0.173	-0.075	0.385	50.33	0.415	0.413	545	567	-0.430511	0.093474	
A/migratory_waterfowl/Hub	0.3244	0.2733	0.4600	0.2577	0.167	-0.079	0.380	50.51	0.394	0.409	545	567	-0.374427	0.089947	
A/migratory_waterfowl/Hub	0.3244	0.2733	0.4600	0.2577	0.167	-0.079	0.380	50.49	0.394	0.409	545	567	-0.374427	0.089947	
A/mink/China/181/2019_H5N	0.3422	0.2600	0.4525	0.2500	0.167	-0.109	0.363	49.99	0.382	0.409	542	566	-0.384982	0.090106	
A/mink/China/183/2019_H5N	0.3400	0.2539	0.4436	0.2702	0.160	-0.118	0.357	49.75	0.390	0.412	543	566	-0.403180	0.090106	
A/mink/China/191/2019_H5N	0.3429	0.2522	0.4436	0.2702	0.161	-0.119	0.357	49.82	0.389	0.411	543	566	-0.401413	0.090106	
A/mink/China/456/2018_H5N	0.3296	0.2655	0.4453	0.2674	0.160	-0.094	0.371	49.93	0.397	0.414	544	566	-0.396467	0.090106	
A/mink/China/G/2015_H5N1|	0.3149	0.2727	0.4684	0.2648	0.169	-0.089	0.375	49.74	0.399	0.411	544	568	-0.402113	0.093310	
A/mink/China/XB/2015_H5N1	0.3146	0.2854	0.4580	0.2707	0.174	-0.100	0.371	49.53	0.410	0.410	542	567	-0.425926	0.095238	
A/mink/Eastern_China/006/	0.3415	0.2572	0.4598	0.2479	0.160	-0.123	0.354	48.92	0.378	0.410	542	566	-0.419435	0.090106	
A/mink/Eastern_China/0712	0.3451	0.2522	0.4525	0.2563	0.162	-0.116	0.359	50.37	0.379	0.408	543	566	-0.391166	0.090106	
A/mink/Eastern_China/149/	0.3451	0.2522	0.4584	0.2514	0.160	-0.116	0.358	49.03	0.376	0.410	542	566	-0.420848	0.090106	
A/mink/Eastern_China/528/	0.3429	0.2566	0.4584	0.2486	0.160	-0.127	0.352	48.92	0.378	0.410	542	566	-0.419435	0.090106	
A/mink/Eastern_China/571/	0.3370	0.2616	0.4500	0.2583	0.163	-0.103	0.366	50.66	0.389	0.410	543	566	-0.398057	0.090106	
A/mink/Northern_China/110	0.3237	0.2790	0.4375	0.2786	0.176	-0.058	0.391	49.63	0.413	0.414	545	567	-0.392240	0.088183	
A/night_heron/Taiwan/A289	0.3164	0.2810	0.4436	0.2709	0.169	-0.081	0.379	50.21	0.412	0.417	544	567	-0.376191	0.089947	
A/oriental_magpie_robin/H	0.3356	0.2644	0.4571	0.2514	0.166	-0.087	0.375	49.40	0.386	0.412	541	566	-0.394700	0.091873	
A/ostrich/Suzhou/097/2003	0.3251	0.2892	0.4383	0.2654	0.174	-0.094	0.374	50.58	0.413	0.417	543	568	-0.427641	0.091549	
A/parrot/Guangdong/258/20	0.3124	0.2876	0.4795	0.2436	0.183	-0.066	0.393	48.81	0.395	0.410	539	564	-0.419326	0.097518	
A/parrot/Guangdong/C99/20	0.3274	0.2758	0.4489	0.2624	0.174	-0.092	0.375	50.01	0.401	0.415	544	568	-0.435563	0.091549	
A/partridge/Shantou/2886/	0.3318	0.2777	0.4548	0.2542	0.179	-0.086	0.378	48.92	0.395	0.411	542	568	-0.381162	0.091549	
A/peacock/Yunnan/1/2015_H	0.3139	0.2870	0.4658	0.2614	0.172	-0.104	0.369	49.36	0.404	0.409	544	567	-0.439683	0.095238	
A/peacock/Yunnan/3/2015_H	0.3184	0.2848	0.4596	0.2642	0.174	-0.103	0.369	49.42	0.404	0.407	544	567	-0.409700	0.095238	
A/peregrine_falcon/Hong_K	0.3258	0.2854	0.4582	0.2528	0.179	-0.076	0.385	49.26	0.400	0.412	543	567	-0.420811	0.091711	
A/pheasant/Shantou/3535/2	0.3296	0.2799	0.4548	0.2542	0.178	-0.089	0.376	49.20	0.397	0.411	542	568	-0.380458	0.091549	
A/pheasant/Shantou/4567/2	0.3274	0.2758	0.4489	0.2632	0.172	-0.098	0.371	49.43	0.401	0.414	544	568	-0.421127	0.091549	
A/pied_megpie/Liaoning/7/	0.3207	0.2762	0.4525	0.2667	0.168	-0.097	0.371	49.51	0.404	0.415	545	568	-0.431866	0.091549	
A/pigeon/Fujian/1.17_FZHX	0.3274	0.2673	0.4545	0.2626	0.166	-0.086	0.377	50.02	0.396	0.415	541	566	-0.415724	0.090106	
A/pigeon/Hainan/1.14_HKPL	0.3370	0.2594	0.4536	0.2576	0.166	-0.100	0.368	50.52	0.387	0.410	543	566	-0.412014	0.090106	
A/pigeon/Hubei/RP25/2012_	0.3281	0.2746	0.4684	0.2500	0.174	-0.084	0.381	49.00	0.390	0.407	544	567	-0.410582	0.093474	
A/pigeon/Sichuan/NCXN29/2	0.3296	0.2717	0.4506	0.2620	0.166	-0.084	0.377	50.83	0.397	0.413	541	567	-0.420106	0.089947	
A/pigeon/Zhejiang/112089/	0.3237	0.2879	0.4520	0.2614	0.174	-0.076	0.385	50.76	0.406	0.410	545	567	-0.425750	0.093474	
A/pigeon/Zhejiang/112090/	0.3170	0.2902	0.4582	0.2621	0.177	-0.076	0.385	49.64	0.407	0.411	545	567	-0.430511	0.093474	
A/pigeon/Zhejiang/727097/	0.3185	0.2873	0.4557	0.2650	0.175	-0.075	0.385	49.65	0.407	0.410	545	567	-0.439506	0.093474	
A/plateau_pika/Qinghai/04	0.3259	0.2902	0.4361	0.2604	0.173	-0.092	0.375	51.28	0.412	0.421	544	568	-0.433803	0.091549	
A/quail/Guangxi/11/2002_H	0.3213	0.2921	0.4458	0.2605	0.180	-0.080	0.381	49.49	0.411	0.415	543	568	-0.398592	0.093310	
A/quail/Guangxi/12/2002_H	0.3243	0.2905	0.4484	0.2577	0.179	-0.074	0.385	50.33	0.407	0.413	543	568	-0.397535	0.093310	
A/quail/Guangxi/13/2002_H	0.3213	0.2921	0.4408	0.2661	0.179	-0.076	0.383	50.20	0.414	0.416	543	568	-0.405810	0.093310	
A/quail/Jiangsu/k0104/201	0.3229	0.2762	0.4575	0.2598	0.170	-0.073	0.385	50.40	0.398	0.412	545	568	-0.429929	0.091549	
A/quail/Nanchang/6631/201	0.3164	0.2721	0.4685	0.2627	0.166	-0.088	0.374	50.19	0.396	0.409	545	568	-0.407042	0.091549	
A/shrike/Tibet/13/2006_H5	0.3199	0.2796	0.4559	0.2633	0.178	-0.065	0.390	49.16	0.403	0.416	543	567	-0.423633	0.091711	
A/silkie_chicken/Dongguan	0.3304	0.2683	0.4509	0.2591	0.166	-0.083	0.376	50.33	0.395	0.415	542	567	-0.404409	0.089947	
A/silky_chicken/Shantou/4	0.3213	0.2876	0.4520	0.2577	0.177	-0.077	0.384	49.66	0.406	0.415	542	567	-0.432628	0.091711	
A/spot-billed_duck/Ningxi	0.3259	0.2772	0.4236	0.2877	0.173	-0.070	0.384	50.84	0.419	0.419	544	567	-0.385714	0.089947	
A/spot-billed_duck/Ningxi	0.3237	0.2772	0.4311	0.2821	0.175	-0.067	0.386	50.06	0.415	0.419	544	567	-0.381305	0.089947	
A/spot-billed_duck/Ningxi	0.3215	0.2816	0.4211	0.2905	0.174	-0.064	0.388	51.21	0.425	0.421	544	567	-0.385714	0.089947	
A/spot-billed_duck/Xiangh	0.3378	0.2864	0.4348	0.2550	0.178	-0.084	0.380	50.86	0.404	0.421	539	564	-0.400709	0.093972	
A/swan_goose/Jilin/JL01/2	0.3244	0.2733	0.4550	0.2633	0.169	-0.076	0.382	50.57	0.398	0.410	545	567	-0.374427	0.089947	
A/swan/China/ST/2016_H5N8	0.3207	0.2829	0.4311	0.2821	0.178	-0.058	0.392	50.37	0.419	0.419	544	567	-0.385714	0.089947	
A/swan/Shandong/W3762/202	0.3185	0.2784	0.4397	0.2821	0.174	-0.070	0.384	50.25	0.415	0.415	544	567	-0.397531	0.091711	
A/swan/Shanghai/10/2009_H	0.3132	0.2864	0.4608	0.2655	0.178	-0.085	0.379	49.61	0.408	0.412	544	567	-0.410758	0.091711	
A/swine/China/RZ/2018_H5N	0.3415	0.2550	0.4525	0.2591	0.162	-0.116	0.359	50.37	0.383	0.407	543	566	-0.397527	0.090106	
A/swine/Guangdong/1/2014_	0.3348	0.2639	0.4484	0.2618	0.164	-0.089	0.373	50.65	0.393	0.413	542	567	-0.400176	0.089947	
A/swine/Guangdong/2/2014_	0.3348	0.2639	0.4509	0.2591	0.163	-0.092	0.371	50.59	0.391	0.413	542	567	-0.400176	0.089947	
A/swine/Guangxi/592/2011_	0.3111	0.2733	0.4749	0.2612	0.166	-0.102	0.367	48.96	0.396	0.411	545	568	-0.398591	0.093310	
A/swine/Jiangsu/1/2008_H5	0.3266	0.2864	0.4646	0.2436	0.174	-0.087	0.377	49.63	0.393	0.405	544	568	-0.342958	0.093310	
A/swine/Jiangsu/2/2009_H5	0.3214	0.2835	0.4447	0.2689	0.178	-0.075	0.384	50.31	0.410	0.417	544	567	-0.403175	0.091711	
A/swine/Shandong/SD1/2014	0.3177	0.2864	0.4500	0.2611	0.173	-0.092	0.375	50.18	0.408	0.418	544	568	-0.413204	0.091549	
A/swine/Zhejiang/SW57/201	0.3185	0.2873	0.4557	0.2650	0.175	-0.075	0.385	49.65	0.407	0.410	545	567	-0.439506	0.093474	
A/thrush/Taipei_City/1512	0.3164	0.2788	0.4450	0.2737	0.167	-0.089	0.374	50.19	0.411	0.416	545	567	-0.376367	0.089947	
A/thrush/Taiwan/A234/2015	0.3142	0.2810	0.4461	0.2717	0.169	-0.084	0.377	50.16	0.412	0.417	544	567	-0.367019	0.089947	
A/tiger/Yunnan/tig1404/20	0.3378	0.2711	0.4383	0.2626	0.167	-0.086	0.375	50.75	0.399	0.414	542	567	-0.403175	0.089947	
A/tiger/Yunnan/tig1412/20	0.3179	0.2715	0.4623	0.2640	0.168	-0.084	0.376	50.02	0.398	0.411	545	568	-0.407923	0.091549	
A/tiger/Yunnan/tig1508/20	0.3147	0.2857	0.4596	0.2663	0.172	-0.100	0.371	50.20	0.407	0.408	545	569	-0.414587	0.094903	
A/turkey/Changhua/1601001	0.3200	0.2800	0.4497	0.2640	0.172	-0.083	0.378	50.41	0.405	0.413	543	567	-0.365609	0.089947	
A/turkey/Chiayi/17020092-	0.3097	0.2854	0.4458	0.2740	0.167	-0.075	0.381	50.42	0.416	0.417	543	567	-0.356614	0.089947	
A/turkey/Chiayi/18010013-	0.3046	0.2804	0.4561	0.2709	0.165	-0.082	0.377	50.16	0.412	0.416	544	567	-0.358554	0.089947	
A/turkey/Yunlin/15060049-	0.3142	0.2810	0.4461	0.2717	0.168	-0.090	0.373	50.04	0.412	0.417	544	567	-0.366843	0.089947	
A/turkey/Yunlin/18020020-	0.3046	0.2804	0.4561	0.2709	0.165	-0.082	0.377	50.14	0.412	0.417	544	567	-0.357848	0.089947	
A/turkey/Yunlin/18110001-	0.3016	0.2816	0.4523	0.2793	0.165	-0.084	0.376	49.31	0.418	0.419	543	567	-0.368607	0.089947	
A/turkey/Yunlin/18120005-	0.3009	0.2832	0.4472	0.2849	0.165	-0.085	0.375	49.23	0.423	0.419	544	567	-0.368607	0.089947	
A/turtle_dove/Guangdong/3	0.3333	0.2774	0.4509	0.2556	0.181	-0.068	0.389	48.66	0.396	0.412	543	567	-0.404938	0.089947	
A/turtledove/Wuhan/HKBJ43	0.3348	0.2661	0.4509	0.2563	0.167	-0.083	0.376	50.85	0.391	0.412	542	567	-0.408818	0.089947	
A/turtledove/Wuhan/WHBJ12	0.3348	0.2683	0.4484	0.2563	0.166	-0.083	0.376	51.08	0.393	0.413	542	567	-0.408818	0.089947	
A/turtledove/Wuhan/WHBJ28	0.3348	0.2661	0.4509	0.2563	0.167	-0.083	0.376	50.85	0.391	0.412	542	567	-0.408818	0.089947	
A/waterfowl/Hong_Kong/378	0.3288	0.2815	0.4475	0.2583	0.177	-0.089	0.378	49.35	0.401	0.414	543	568	-0.418310	0.091549	
A/white-naped_crane/China	0.3371	0.2634	0.4559	0.2563	0.168	-0.082	0.378	50.56	0.387	0.410	542	566	-0.427032	0.090106	
A/whooper_swan/Shanxi/RC0	0.3222	0.2844	0.4296	0.2801	0.180	-0.051	0.395	50.58	0.419	0.419	544	567	-0.384303	0.089947	
A/wild_bird/Eastern_China	0.3632	0.2623	0.4260	0.2655	0.177	-0.121	0.359	50.30	0.391	0.415	540	564	-0.401064	0.093972	
A/wild_bird/Eastern_China	0.3624	0.2640	0.4271	0.2635	0.177	-0.124	0.357	50.95	0.391	0.415	540	564	-0.401064	0.093972	
A/wild_bird/Eastern_China	0.3624	0.2640	0.4246	0.2663	0.177	-0.121	0.359	50.35	0.393	0.415	540	564	-0.401064	0.093972	
A/wild_bird/Taipei/04WB12	0.3229	0.3029	0.4260	0.2606	0.172	-0.124	0.357	51.32	0.422	0.424	540	564	-0.389894	0.095745	
A/wild_duck/Fujian/1/2011	0.3126	0.2749	0.4673	0.2640	0.171	-0.074	0.383	49.99	0.400	0.412	545	568	-0.408979	0.093310	
A/wild_duck/Fujian/2/2011	0.3126	0.2749	0.4673	0.2640	0.171	-0.074	0.383	49.99	0.400	0.412	545	568	-0.408979	0.093310	
A/wild_duck/Jilin/HF/2011	0.3185	0.2829	0.4582	0.2678	0.171	-0.099	0.371	49.37	0.406	0.409	545	567	-0.408995	0.093474	
A/wild_duck/Jilin/ZF/2011	0.3147	0.2902	0.4518	0.2743	0.176	-0.088	0.378	49.77	0.415	0.410	545	567	-0.428042	0.093474	
A/wild_duck/Liaoning/8/20	0.3244	0.2841	0.4612	0.2472	0.170	-0.089	0.376	50.55	0.396	0.411	545	568	-0.438556	0.091549	
A/wild_duck/Shandong/1/20	0.3311	0.2841	0.4596	0.2444	0.175	-0.070	0.386	49.78	0.393	0.403	544	568	-0.385739	0.091549	
A/wild_duck/Shandong/2/20	0.3133	0.2911	0.4580	0.2665	0.174	-0.090	0.376	50.04	0.411	0.409	545	567	-0.431746	0.093474	
A/wild_duck/Shandong/628/	0.3171	0.2794	0.4500	0.2674	0.173	-0.064	0.387	50.67	0.407	0.417	545	567	-0.385362	0.089947	
A/wild_duck/Shandong/W358	0.3156	0.2844	0.4347	0.2801	0.176	-0.054	0.394	50.20	0.420	0.422	543	567	-0.385185	0.089947	
A/wild_pigeon/Jilin/CC01/	0.3363	0.2628	0.4621	0.2479	0.164	-0.105	0.364	49.42	0.383	0.410	541	567	-0.402998	0.089947	
A/Eurasian_Wigeon/Ningxia	0.3378	0.2556	0.4511	0.2624	0.160	-0.104	0.363	50.52	0.387	0.412	542	567	-0.395767	0.089947	
