1_A/Indonesia/5/2005 10	8	7	2	13	6	9	3	9	14	0	0	12	2	1	10	8	6	8	2	8	9	2	5	9	12	24	5	16	2	12	4	13	14	17	10	16	8	14	12	20	25	26	28	35	6	17	17	16	11	19	5	8	6	15	10	16	25	26	21	23	4	27	12	
2_A/Hong_Kong/483/1997 13	9	10	1	12	4	6	4	7	14	0	0	15	2	1	10	10	9	8	2	7	4	2	5	11	15	25	5	10	1	10	4	16	12	20	6	12	9	13	16	19	27	26	29	38	6	22	14	14	14	14	6	12	6	18	6	20	21	31	24	17	3	22	11	
3_A/Hong_Kong/482/97 13	10	9	1	12	4	7	4	6	14	0	0	17	2	1	10	9	9	7	2	7	4	3	5	11	15	28	4	9	1	9	4	17	10	19	6	13	10	14	16	19	28	23	30	38	5	22	14	14	13	14	6	11	6	18	6	19	22	32	23	18	3	22	12	
4_A/Chicken/HongKong/F 11	7	7	2	13	6	9	3	9	14	0	0	14	3	1	10	8	7	9	2	7	7	1	5	9	10	22	4	14	5	14	5	14	14	19	10	14	8	12	12	21	25	27	29	34	4	18	15	15	13	19	6	10	6	15	9	17	25	25	23	22	3	28	10	
5_A/Chicken/HongKong/Y 10	8	7	2	14	5	9	3	8	14	0	0	14	3	1	10	8	7	8	2	7	7	2	5	10	10	21	4	14	5	15	5	13	14	19	10	17	8	12	11	20	26	27	28	35	5	18	16	14	12	19	5	10	6	15	10	17	24	24	22	22	3	29	11	
6_A/Chicken/HongKong/Y 11	7	7	3	13	6	9	2	8	13	0	0	13	4	1	10	8	7	8	2	7	8	2	5	11	9	21	4	14	5	15	5	13	14	18	10	16	8	13	11	20	28	28	29	35	3	17	15	15	12	20	5	9	6	14	9	17	24	25	23	23	3	28	11	
7_A/Pheasant/Hong_Kong 11	8	7	2	13	5	9	3	8	14	0	0	13	3	1	10	7	7	9	2	8	8	1	5	10	9	23	4	15	5	13	5	13	14	17	10	16	7	14	12	20	26	25	28	34	5	20	16	14	12	19	5	10	6	15	9	18	26	24	24	22	2	29	10	
8_A/Hong_Kong/486/97 13	10	9	1	12	4	7	4	6	14	0	0	17	2	1	10	9	9	7	2	7	4	3	5	11	15	28	4	9	1	9	4	17	10	19	6	13	10	14	16	19	28	23	30	38	5	22	14	14	13	14	6	11	6	18	6	20	22	32	23	17	3	22	12	
9_A/Thailand/16/2004 11	8	8	2	13	6	8	3	10	14	0	0	12	2	1	10	7	6	9	2	8	9	1	5	9	10	22	6	15	4	14	4	13	15	19	10	16	7	12	12	21	25	24	27	34	4	21	17	16	11	18	6	8	7	16	9	17	24	25	21	22	5	27	12	
10_A/Hong_Kong/538/97 14	9	9	1	12	4	7	4	6	14	0	0	17	2	1	10	9	9	7	2	7	4	4	5	11	15	27	5	9	1	8	4	17	10	19	6	13	11	14	15	19	28	23	30	37	5	22	15	14	12	14	5	11	6	18	6	20	23	33	22	18	3	21	13	
11_A/chicken/Indonesia/ 10	8	7	2	14	6	9	3	9	15	0	0	12	1	1	10	7	7	8	2	8	8	2	5	9	10	22	5	16	4	13	5	13	14	18	10	15	9	14	12	20	27	30	25	34	6	16	17	15	11	18	4	9	6	15	10	18	23	28	21	21	5	25	13	
12_A/chicken/Korea/ES/0 10	8	7	2	14	6	9	3	9	14	0	0	12	2	1	10	7	7	9	2	8	8	1	5	8	10	23	4	17	4	13	5	12	13	19	10	16	10	13	12	21	24	27	28	34	6	17	16	16	12	17	6	9	6	16	8	16	23	24	22	23	5	29	12	
13_A/Hong_Kong/156/97 14	10	10	1	11	4	6	4	6	14	0	0	16	2	1	10	10	9	7	2	7	4	3	5	11	15	28	4	10	1	8	4	16	11	20	6	13	9	13	16	19	28	24	30	38	6	22	14	14	13	14	6	11	6	18	6	20	21	33	24	17	3	21	11	
14_A/whooper_swan/Mongo 10	7	6	2	15	6	10	3	9	16	0	0	13	1	1	10	7	7	9	1	7	8	1	5	9	10	22	5	15	4	15	4	14	15	19	9	14	10	13	13	21	25	27	29	34	6	18	15	17	13	16	6	8	6	17	9	18	23	25	22	19	3	27	11	
15_A/Vietnam/UT3062/200 10	8	7	2	14	6	9	3	10	14	0	0	12	2	1	10	6	6	9	2	9	9	1	5	8	10	21	6	16	4	15	4	13	14	19	10	16	8	12	12	21	24	26	27	34	4	20	16	16	12	18	6	8	7	16	9	17	24	26	21	22	5	26	12	
16_A/Anas_crecca/Hubei/ 10	6	7	2	14	7	9	3	8	14	0	0	14	3	1	10	8	10	9	1	6	7	1	6	13	10	22	7	13	2	15	3	16	15	24	7	14	9	10	13	21	27	23	24	33	4	19	20	13	12	18	8	10	6	16	7	16	23	28	20	21	5	24	13	
17_A/Anas_crecca/Hubei/ 10	6	7	2	14	7	9	3	8	14	0	0	14	3	1	10	8	10	9	1	6	7	1	6	13	10	22	7	13	2	15	3	16	15	24	7	14	9	10	13	21	27	23	24	33	4	19	20	13	12	18	8	10	6	16	7	16	23	28	20	21	5	24	13	
18_A/Anas_platyrhynchos 13	7	9	1	11	7	7	4	6	13	0	0	20	3	1	10	7	11	6	1	10	3	4	6	7	11	17	4	12	4	18	5	14	10	18	11	14	10	12	11	20	29	26	30	36	4	19	15	13	11	16	7	6	10	19	7	16	22	31	24	27	2	22	10	
19_A/Anas_platyrhynchos 13	7	9	1	11	7	7	4	6	13	0	0	20	3	1	10	7	11	6	1	10	3	4	6	7	11	17	4	12	4	18	5	14	10	18	11	14	10	12	11	20	29	26	30	36	4	19	15	13	11	16	7	6	10	19	7	16	22	31	24	27	2	22	10	
20_A/Anhui/1/2005|EPI_I 11	7	7	2	13	6	9	3	8	16	0	0	14	1	1	10	7	7	9	2	8	8	1	5	10	11	23	3	16	3	13	6	14	14	16	11	16	10	15	11	20	25	25	28	32	6	19	17	12	12	16	7	10	6	17	9	17	24	25	22	22	4	28	10	
21_A/Anhui/1/2006|EPI_I 11	6	6	3	13	8	10	2	8	13	0	0	11	3	1	10	8	8	8	2	7	8	2	5	13	9	22	5	14	4	14	5	13	14	17	11	16	7	14	11	21	26	24	25	36	3	21	18	17	11	18	5	6	8	16	10	14	24	31	19	25	4	22	14	
22_A/Anhui/2/2005|EPI_I 10	7	7	2	15	6	9	3	8	16	0	0	14	1	1	10	7	7	9	2	8	8	1	5	9	11	23	3	17	3	13	6	14	14	16	11	16	10	15	11	20	25	27	28	32	6	17	17	13	11	16	7	9	6	17	9	18	24	25	22	21	4	28	10	
23_A/Anhui/2021-00011/2 12	11	7	1	13	4	9	4	8	15	0	0	15	2	1	10	6	7	7	3	10	7	3	5	9	12	29	5	14	3	8	3	19	12	16	11	8	7	18	11	23	29	23	28	35	3	20	17	13	11	13	7	7	4	20	7	15	23	36	19	25	6	15	16	
24_A/Anhui/33163/2016|E 11	9	11	1	13	5	5	4	4	14	1	0	17	2	0	10	10	6	9	2	4	6	1	5	13	12	19	2	13	5	17	4	15	8	14	14	14	9	17	8	20	32	25	31	34	2	20	17	14	11	14	8	12	8	20	5	13	19	30	22	27	7	22	13	
25_A/Anser_albifrons/Hu 11	7	8	1	13	6	8	4	5	15	0	0	21	2	1	10	8	9	8	2	8	4	2	5	7	9	21	4	12	7	15	4	14	9	18	12	15	9	12	10	19	31	29	32	35	4	17	13	12	13	17	8	12	7	17	7	11	23	30	22	28	3	23	11	
26_A/Anser_cygnoides/Ch 11	6	7	2	13	7	9	3	9	15	0	0	13	2	1	10	9	9	7	1	6	8	3	6	13	10	22	7	12	2	15	2	16	16	24	8	14	8	8	13	22	25	24	25	33	5	21	17	14	11	19	8	8	7	16	7	16	23	28	19	22	5	24	14	
27_A/Anser_cygnoides/Hu 12	6	10	1	12	8	6	4	7	13	0	0	17	4	1	10	7	11	7	2	9	3	3	5	6	11	15	4	15	4	21	4	15	10	18	10	12	9	13	12	23	32	26	32	35	2	18	13	11	13	16	8	11	9	19	7	12	19	30	22	29	3	22	11	
28_A/Anser_fabalis/Huna 10	6	8	2	14	8	8	3	9	14	0	0	13	2	1	10	9	10	9	1	6	7	1	6	13	10	20	8	13	2	17	2	13	15	23	7	16	9	10	14	21	24	24	23	33	4	20	19	14	13	18	9	10	5	16	7	15	25	28	20	22	5	24	12	
29_A/Anser_fabalis/Jiuj 13	7	9	1	11	7	7	4	6	13	0	0	20	3	1	10	7	11	6	1	10	3	4	6	7	11	17	4	12	4	18	5	14	10	18	11	14	10	12	11	20	29	26	30	36	4	19	15	13	11	16	7	6	10	19	7	16	22	31	24	27	2	22	10	
30_A/bar_headed_goose/T 13	7	10	0	11	7	8	5	5	12	0	0	22	4	1	10	8	10	7	1	8	3	3	6	6	13	18	4	12	3	17	4	13	11	19	12	14	9	11	11	22	30	26	27	35	3	17	20	14	14	19	8	10	9	14	7	12	19	31	21	27	3	22	12	
31_A/Bar-headed_Goose/Q 12	6	10	1	12	8	6	4	7	13	0	0	18	4	1	10	7	11	7	2	9	3	3	5	5	11	16	4	15	4	20	4	15	10	17	9	13	9	13	13	22	30	26	32	35	3	20	13	12	13	16	8	10	9	18	7	14	19	31	22	27	3	22	11	
32_A/Bar-headed_Goose/Q 12	6	10	1	12	8	6	4	7	13	0	0	18	4	1	10	7	11	7	2	9	3	3	5	5	11	16	4	15	4	20	4	15	10	17	10	12	9	14	12	21	31	26	31	35	3	20	13	12	13	15	8	10	10	19	7	13	19	31	22	28	3	22	11	
33_A/Bar-headed_Goose/Q 12	6	10	1	12	8	6	4	7	13	0	0	18	4	1	10	7	11	7	2	9	3	3	5	5	11	16	4	15	4	20	4	15	10	18	10	12	9	13	12	21	31	26	32	35	3	19	13	12	13	15	8	10	10	19	7	13	19	31	22	28	3	22	11	
34_A/Bar-headed_Goose/Q 12	6	10	1	12	8	6	4	7	13	0	0	18	4	1	10	7	11	7	2	9	3	3	5	5	11	16	4	16	4	19	4	15	10	18	10	12	9	13	12	21	31	26	32	35	3	19	13	12	13	15	8	10	10	18	8	13	19	31	22	28	3	22	11	
35_A/Bar-headed_Goose/Q 12	6	10	1	12	8	6	4	7	13	0	0	18	4	1	10	7	11	7	2	9	3	3	5	4	11	16	4	16	4	20	4	15	10	18	10	12	9	13	12	21	31	26	32	35	3	19	13	12	13	15	8	10	10	19	7	13	19	31	22	28	3	22	11	
36_A/Bar-headed_Goose/Q 12	6	10	1	12	8	6	4	7	13	0	0	18	4	1	10	7	11	7	2	9	3	3	5	5	11	16	4	15	4	20	4	14	10	18	10	12	9	13	12	21	31	26	32	35	3	19	13	13	13	15	8	10	10	19	7	13	19	31	22	28	3	22	11	
37_A/Bar-headed_Goose/Q 12	6	10	1	12	8	6	4	7	13	0	0	18	4	1	10	7	10	7	2	9	3	3	5	5	11	16	4	15	4	20	4	15	11	18	9	12	9	13	13	21	31	26	32	35	3	19	13	12	13	15	8	10	10	19	7	13	19	31	22	28	3	22	11	
38_A/Bar-headed_Goose/Q 13	6	10	1	11	8	6	4	8	13	0	0	17	4	1	10	7	11	7	2	9	3	3	5	5	11	16	4	15	4	20	4	16	10	18	10	12	9	13	12	21	30	25	33	36	3	19	13	12	13	16	8	9	10	18	7	13	20	31	22	27	3	22	11	
39_A/Bar-headed_Goose/Q 12	6	10	1	12	8	6	4	7	13	0	0	18	4	1	10	7	11	7	2	9	3	3	5	5	11	16	4	15	4	20	4	15	10	18	10	12	9	13	12	21	31	26	32	35	3	19	13	12	13	15	8	10	10	19	7	13	19	31	22	28	3	22	11	
40_A/Bar-headed_Goose/Q 12	6	10	1	12	8	6	4	7	13	0	0	18	4	1	10	7	11	7	2	9	3	3	5	5	11	16	4	15	4	20	4	15	10	18	10	12	9	13	12	20	31	26	33	35	3	19	13	12	13	15	8	10	10	19	7	13	19	31	22	28	3	22	11	
41_A/Bar-headed_Goose/Q 12	6	10	1	12	8	6	4	7	13	0	0	18	4	1	10	7	11	7	2	9	3	3	5	5	11	16	4	15	4	20	4	15	10	18	10	12	9	13	12	21	31	26	32	35	3	19	13	12	13	15	8	10	10	19	7	13	19	31	22	28	3	22	11	
42_A/Bar-headed_Goose/Q 12	6	10	1	12	8	6	4	8	13	0	0	18	4	1	10	7	11	7	2	9	3	3	5	5	11	16	4	15	4	20	4	15	10	18	10	12	9	13	12	20	31	26	32	35	3	19	13	12	13	15	8	10	10	19	7	13	19	31	22	28	3	22	11	
43_A/Bar-headed_Goose/Q 12	6	10	1	12	8	6	4	7	13	0	0	18	4	1	10	7	11	7	2	9	3	3	5	5	11	17	4	15	4	19	4	15	10	17	10	12	9	13	12	21	31	27	31	35	3	20	13	12	13	14	8	10	10	19	7	13	19	32	22	28	3	22	11	
44_A/Bar-headed_Goose/Q 12	6	10	1	12	8	6	4	7	13	0	0	18	4	1	10	7	11	7	2	9	3	3	5	5	11	16	4	15	4	20	4	15	10	18	10	12	9	13	12	21	31	26	32	35	3	19	13	12	13	15	8	10	10	19	7	13	19	32	22	28	3	21	11	
45_A/Bar-headed_Goose/Q 12	6	10	1	12	8	6	4	7	13	0	0	18	4	1	10	7	11	7	2	9	3	3	5	5	11	16	4	15	4	19	4	15	10	17	10	12	9	14	12	21	31	26	32	35	3	20	12	12	13	15	8	10	10	19	7	13	19	31	22	28	3	23	11	
46_A/Bar-headed_Goose/Q 12	6	10	1	12	8	6	4	7	13	0	0	18	4	1	10	7	11	7	2	9	3	3	5	5	11	16	4	15	4	20	4	15	10	18	10	12	9	13	12	21	31	26	32	35	3	19	13	12	13	15	8	10	10	19	7	13	19	31	22	28	3	22	11	
47_A/Bar-headed_Goose/Q 13	6	10	1	11	8	6	4	8	13	0	0	17	4	1	10	7	11	7	2	9	3	3	5	5	11	16	4	15	4	20	4	16	10	18	10	12	9	13	12	21	30	25	33	35	3	19	13	12	13	16	8	9	10	18	7	13	20	31	22	28	3	22	11	
48_A/Bar-headed_Goose/Q 13	6	10	1	11	8	6	4	8	13	0	0	17	4	1	10	7	11	7	2	9	3	3	5	5	11	16	4	15	4	20	4	16	10	18	10	12	9	13	12	21	30	25	33	35	3	19	13	12	13	16	8	9	10	18	7	13	20	31	22	28	3	22	11	
49_A/Bar-headed_Goose/Q 13	6	10	1	11	8	6	4	8	13	0	0	17	4	1	10	7	11	7	2	9	3	3	5	5	11	16	4	15	4	20	4	16	10	18	10	12	9	13	12	21	31	24	33	35	3	19	13	12	13	16	8	9	10	18	7	13	20	31	22	28	3	22	11	
50_A/Bar-headed_Goose/Q 12	6	10	1	12	9	6	4	7	13	0	0	18	4	1	10	7	11	7	2	9	3	3	5	5	11	16	4	15	4	20	4	15	9	18	10	11	9	13	12	22	31	26	32	35	3	19	13	12	13	15	8	10	10	19	7	13	19	31	22	28	3	22	11	
51_A/Bar-headed_Goose/Q 12	6	10	1	12	8	6	4	7	13	0	0	18	4	1	10	7	11	7	2	9	3	3	5	5	11	16	4	15	4	20	4	15	10	18	10	12	9	13	12	21	31	26	32	35	3	20	12	12	13	15	8	10	10	19	7	13	19	31	22	28	3	22	11	
52_A/Bar-headed_Goose/Q 12	6	10	1	12	8	6	4	7	13	0	0	18	4	1	10	7	11	7	2	9	3	3	5	4	11	16	4	16	4	20	4	15	10	18	10	12	9	13	12	21	31	26	32	35	3	19	13	12	13	15	8	10	10	19	7	13	19	31	22	28	3	22	11	
53_A/Bar-headed_Goose/Q 12	6	10	1	12	8	6	4	7	13	0	0	18	4	1	10	7	11	7	2	9	3	3	5	5	11	16	4	16	4	20	4	15	10	18	9	13	9	13	13	22	30	26	32	35	3	19	13	12	13	16	8	10	9	18	7	14	19	31	22	26	3	22	11	
54_A/Bar-headed_Goose/Q 12	5	10	1	12	8	6	4	7	14	0	0	18	4	1	10	7	11	7	2	9	3	3	5	5	11	16	4	15	4	20	4	15	10	18	10	12	9	13	12	22	31	26	32	35	3	18	14	12	13	16	8	11	9	18	7	12	19	32	22	28	3	21	11	
55_A/Bar-headed_Goose/Q 12	5	10	1	12	8	6	4	7	14	0	0	18	4	1	10	7	11	7	2	9	3	3	5	5	11	16	4	15	4	20	4	15	10	18	10	12	9	13	12	22	32	26	31	35	3	18	14	12	13	16	8	11	9	19	6	12	19	32	22	28	3	21	11	
56_A/Bar-headed_Goose/Q 12	5	10	0	12	8	6	4	7	14	0	0	18	4	1	10	7	11	7	3	9	3	3	5	5	11	16	4	15	4	20	4	15	10	18	10	12	9	13	12	22	31	27	31	35	3	18	14	12	13	16	8	11	9	18	7	12	19	32	22	28	3	21	11	
57_A/Bar-headed_Goose/Q 12	5	10	1	12	9	6	4	7	13	0	0	18	4	1	10	7	11	7	2	9	3	3	5	5	11	16	4	15	4	20	4	15	10	18	10	12	9	13	12	22	31	27	31	35	3	18	14	12	13	16	8	11	9	18	7	12	19	32	22	28	3	21	11	
58_A/Bar-headed_Goose/Q 12	5	10	1	12	8	6	4	7	14	0	0	18	4	1	10	7	11	7	2	9	3	3	5	5	11	16	4	15	4	20	4	15	10	17	10	12	9	13	12	21	31	27	31	35	3	19	14	12	13	16	8	11	9	18	7	13	19	32	22	28	3	21	11	
59_A/Bar-headed_Goose/Q 13	6	10	1	11	8	6	4	8	12	0	0	17	4	1	10	7	11	7	2	9	3	3	5	5	12	16	4	15	3	20	4	15	10	18	10	12	9	13	12	21	30	26	32	35	3	19	13	14	13	16	8	9	10	18	7	11	21	31	22	28	3	22	12	
60_A/Bar-headed_Goose/Q 12	6	10	1	12	8	6	4	7	13	0	0	17	4	1	10	6	11	7	2	9	3	3	5	5	11	16	4	15	4	20	4	15	9	18	10	11	10	13	12	22	31	27	32	35	3	18	13	13	13	15	8	10	10	19	7	13	19	31	22	29	3	22	11	
61_A/Bar-headed_Goose/Q 12	6	10	1	12	8	6	4	7	13	0	0	18	4	1	10	7	11	7	2	9	3	3	5	5	11	16	4	15	4	20	4	15	9	18	10	11	10	12	12	22	32	25	32	35	3	19	13	12	13	15	8	10	10	20	7	13	19	31	22	28	3	22	11	
62_A/Bar-headed_Goose/Q 12	6	10	1	12	8	6	4	7	13	0	0	18	4	1	10	7	11	7	2	9	3	3	5	5	11	16	4	15	4	20	4	15	10	18	10	12	9	13	12	21	31	26	32	36	3	19	13	12	13	15	8	10	10	19	7	13	19	31	22	27	3	22	11	
63_A/Bar-headed_Goose/Q 12	6	10	1	12	8	6	4	7	13	0	0	18	4	1	10	7	11	7	2	9	3	3	5	5	11	16	4	15	4	20	4	15	10	18	10	12	9	13	12	21	31	26	32	35	3	20	12	12	13	15	8	10	10	19	7	13	19	31	22	28	3	22	11	
64_A/Bar-headed_Goose/Q 13	6	10	1	11	8	6	4	8	13	0	0	17	4	1	10	7	11	7	2	9	3	3	5	5	11	16	4	15	4	20	4	16	10	18	10	12	9	13	12	21	30	25	33	35	3	19	13	12	13	16	8	9	10	18	7	13	20	31	22	28	3	22	11	
65_A/Bar-headed_Goose/Q 12	5	10	1	12	8	6	4	7	14	0	0	18	4	1	10	7	11	7	2	9	3	3	5	5	11	16	4	15	4	20	4	15	10	18	10	12	9	13	12	22	31	27	31	35	3	18	14	12	13	16	8	11	9	19	6	12	19	32	22	28	3	21	11	
66_A/Bar-headed_Goose/Q 13	6	10	1	11	8	6	4	8	13	0	0	17	4	1	10	7	11	7	2	9	3	3	5	5	11	16	4	15	4	20	4	16	10	18	10	12	9	13	12	21	30	25	33	35	3	19	13	12	13	16	8	9	10	18	7	13	20	31	22	28	3	22	11	
67_A/Bar-headed_Goose/Q 9	8	11	0	15	6	5	5	5	13	0	0	18	4	1	10	10	8	9	1	7	6	1	5	12	10	22	1	11	5	14	5	14	11	18	13	12	12	13	9	22	25	24	31	35	4	20	18	8	9	15	8	12	11	18	7	13	22	31	21	28	4	22	13	
68_A/Bar-headed_Goose/Q 12	6	10	1	12	8	6	4	7	13	0	0	18	4	1	10	7	11	7	2	9	3	3	5	5	11	16	4	15	4	20	4	15	10	18	10	11	9	13	12	22	31	26	32	35	3	19	13	12	13	15	8	10	10	19	7	13	19	31	22	28	3	22	11	
69_A/Bar-headed_Goose/Q 12	6	10	1	12	8	6	4	7	13	0	0	18	4	1	10	7	11	7	2	9	3	3	5	5	11	16	4	15	4	20	4	15	10	17	10	11	9	14	12	22	31	26	32	35	3	19	13	12	13	15	8	10	10	19	7	13	19	31	22	28	3	22	11	
70_A/Bar-headed_Goose/Q 13	6	10	1	11	8	6	4	8	13	0	0	17	4	1	10	7	11	7	2	9	3	3	5	5	11	16	4	15	4	20	4	16	10	17	10	12	9	13	12	21	30	25	33	35	3	20	13	12	13	16	8	9	10	18	7	13	20	31	22	28	3	22	11	
71_A/Bar-headed_Goose/Q 13	6	10	1	11	8	6	4	8	13	0	0	17	4	1	10	7	11	7	2	9	3	3	5	5	11	16	4	15	4	20	4	16	10	17	11	12	9	13	12	21	31	24	33	35	3	19	13	12	13	16	8	9	10	18	7	13	20	31	22	28	3	22	11	
72_A/Bar-headed_Goose/Q 13	6	10	1	11	8	6	4	8	13	0	0	17	4	1	10	7	11	7	2	9	3	3	6	5	11	16	4	15	4	20	4	16	10	18	10	12	9	13	12	21	30	25	33	35	3	19	13	12	13	16	8	9	9	18	7	13	20	31	22	28	3	22	11	
73_A/Bar-headed_Goose/Q 13	6	10	1	11	8	6	4	8	13	0	0	17	4	1	10	7	11	7	2	9	3	3	5	5	11	16	4	15	4	20	4	16	10	18	10	12	9	13	12	21	30	25	33	35	3	19	13	12	13	16	8	9	10	18	7	13	20	31	22	28	3	22	11	
74_A/Bar-headed_Goose/Q 13	6	10	1	11	8	6	4	8	13	0	0	17	4	1	10	7	11	7	2	9	3	3	5	5	11	16	4	15	4	20	4	16	10	18	10	12	9	13	12	21	30	25	32	35	3	19	14	12	13	16	8	9	10	18	7	13	20	31	22	28	3	22	11	
75_A/Bar-headed_Goose/Q 12	6	10	1	12	8	6	4	7	13	0	0	18	4	1	10	7	11	7	2	9	3	3	5	5	11	16	4	15	4	20	4	15	10	17	10	12	9	13	12	21	31	26	32	35	3	20	13	12	13	15	8	10	10	19	7	13	19	31	22	28	3	22	11	
76_A/Bar-headed_Goose/Q 12	6	10	1	12	8	6	4	7	13	0	0	18	4	1	10	7	11	7	2	9	3	3	5	5	11	16	4	15	4	20	4	15	10	18	10	12	9	13	12	21	31	26	32	35	3	19	13	12	13	15	8	10	10	19	7	13	19	31	22	28	3	22	11	
77_A/Bar-headed_Goose/Q 12	6	10	1	12	8	6	4	7	13	0	0	18	4	1	10	7	11	7	2	9	3	3	5	5	11	16	4	15	4	20	4	15	10	18	9	12	9	13	13	21	31	26	32	35	3	19	13	12	13	15	8	10	10	19	7	13	19	31	22	28	3	22	11	
78_A/Bar-headed_Goose/Q 12	6	10	1	12	8	6	4	7	13	0	0	18	4	1	10	7	11	7	2	9	3	3	5	5	11	16	4	15	4	20	4	15	10	18	9	12	9	13	13	21	31	26	32	35	3	19	13	12	13	15	8	10	10	19	7	13	19	31	22	28	3	22	11	
79_A/Bar-headed_Goose/Q 12	6	10	1	12	8	6	4	7	13	0	0	18	4	1	10	7	11	7	2	9	3	3	5	5	11	16	4	15	4	20	4	15	10	18	10	12	9	13	13	21	31	26	31	35	3	19	13	12	13	15	8	11	9	19	7	13	19	31	22	28	3	22	11	
80_A/Bar-headed_Goose/Q 13	6	10	1	11	8	6	4	8	13	0	0	17	4	1	10	7	11	7	2	9	3	3	5	5	11	16	4	15	4	20	4	16	10	18	10	12	9	13	12	21	30	25	33	35	3	19	13	12	13	16	8	9	10	18	7	13	20	31	22	28	3	22	11	
81_A/Bar-headed_Goose/Q 13	6	10	1	11	8	6	4	8	13	0	0	17	4	1	10	7	11	7	2	9	3	3	5	5	11	16	4	15	4	20	4	16	10	18	10	12	9	13	12	21	30	25	33	35	3	19	13	12	13	16	8	9	10	18	7	13	20	31	22	28	3	22	11	
82_A/Bar-headed_Goose/Q 12	6	10	1	12	8	6	4	7	13	0	0	18	4	1	10	7	11	7	2	9	3	3	5	5	11	16	4	14	4	20	4	15	9	18	10	13	10	13	12	21	32	25	32	36	3	18	14	12	13	16	8	9	10	18	7	13	19	31	22	28	3	22	11	
83_A/Bar-headed_Goose/Q 12	6	10	1	12	8	6	4	7	13	0	0	18	4	1	10	7	11	7	2	9	3	3	5	5	11	16	4	14	4	20	4	15	9	17	11	13	10	13	12	21	32	25	32	36	3	18	14	12	13	16	8	9	10	18	7	13	19	31	22	28	3	22	11	
84_A/Bar-headed_Goose/Q 12	6	10	1	12	8	6	4	7	13	0	0	18	4	1	10	7	11	7	2	9	3	3	5	5	11	16	4	15	4	20	4	15	10	18	10	12	9	13	12	22	31	25	32	35	3	19	13	12	13	15	8	10	10	19	7	13	19	31	22	28	3	22	11	
85_A/Bar-headed_Goose/Q 12	6	10	1	12	8	6	4	7	13	0	0	18	4	1	10	7	11	7	2	9	3	3	5	5	11	16	4	15	4	20	4	15	10	17	10	12	9	13	12	21	31	26	32	35	3	20	13	12	13	15	8	10	10	19	7	13	19	31	22	28	3	22	11	
86_A/Bar-headed_Goose/Q 12	6	10	1	12	8	6	4	7	13	0	0	18	4	1	10	7	11	7	2	9	3	3	5	5	11	16	4	15	4	20	4	15	10	17	10	12	9	13	13	21	31	25	33	35	3	19	13	12	13	15	8	10	10	19	7	13	19	31	22	28	3	22	11	
87_A/Bar-headed_Goose/Q 12	6	10	1	12	8	6	4	7	13	0	0	18	4	1	10	7	11	7	2	9	3	3	5	5	11	16	4	15	4	20	4	15	10	18	9	12	9	13	13	21	31	25	33	35	3	19	13	12	13	15	8	10	10	19	7	13	19	31	22	28	3	22	11	
88_A/Bar-headed_Goose/Q 13	6	10	1	11	8	6	4	8	13	0	0	17	4	1	10	7	11	7	2	9	3	3	5	5	11	16	4	15	4	20	4	16	10	18	10	12	9	13	12	21	30	26	32	35	3	19	13	12	13	16	8	9	10	18	7	13	20	31	22	28	3	21	12	
89_A/Bar-headed_Goose/Q 13	6	10	1	11	8	6	4	8	13	0	0	17	4	1	10	7	11	7	2	9	3	3	5	5	11	16	4	15	4	20	4	16	10	18	10	12	9	13	12	21	30	26	32	35	3	19	13	12	13	16	8	9	10	18	7	13	20	31	22	28	3	21	12	
90_A/Bar-headed_Goose/Q 12	6	10	1	12	8	6	4	7	13	0	0	18	4	1	10	7	11	7	2	9	3	3	5	5	11	16	4	15	4	20	4	15	10	18	10	12	9	13	12	21	31	26	32	35	3	19	13	12	13	15	8	10	10	19	7	13	19	31	22	28	3	22	11	
91_A/Bar-headed_Goose/Q 12	6	10	1	12	8	6	4	7	13	0	0	18	4	1	10	7	11	7	2	9	3	3	5	5	11	16	4	15	4	20	4	15	10	17	10	12	9	14	12	21	31	26	32	35	3	19	13	12	13	15	8	10	10	19	7	13	19	31	22	28	3	22	11	
92_A/Bar-headed_Goose/Q 12	6	10	1	12	8	6	4	7	13	0	0	18	4	1	10	7	11	7	2	9	3	3	5	5	11	16	4	15	4	20	4	15	10	18	10	12	9	13	12	21	31	26	32	35	3	19	13	11	13	15	8	11	10	19	7	13	19	31	22	28	3	22	11	
93_A/Bar-headed_Goose/Q 12	6	10	1	12	8	6	4	7	13	0	0	18	4	1	10	7	11	7	2	9	3	3	5	5	11	16	4	15	4	20	4	15	11	17	10	12	9	13	12	21	32	25	32	35	3	19	13	12	13	15	8	10	10	19	7	13	19	31	22	28	3	22	11	
94_A/Bar-headed_Goose/Q 12	6	10	1	12	8	6	4	7	13	0	0	18	4	1	10	7	11	7	2	9	3	3	5	5	11	16	4	15	4	20	4	15	10	18	10	12	9	13	12	21	31	25	33	35	3	19	13	12	13	15	8	10	10	19	7	13	19	31	22	28	3	22	11	
95_A/Bar-headed_Goose/Q 12	6	10	1	12	8	6	4	7	13	0	0	18	4	1	10	7	11	7	2	9	3	3	5	5	11	16	4	15	4	20	4	15	10	17	11	12	9	13	12	21	32	25	32	35	3	19	13	12	13	15	8	10	10	19	7	13	19	31	22	28	3	22	11	
96_A/Bar-headed_Goose/Q 12	6	10	1	12	8	6	4	7	13	0	0	18	4	1	10	7	11	7	2	9	3	3	5	5	11	16	4	15	4	20	4	15	10	18	9	12	9	13	13	21	31	25	33	35	3	19	13	12	13	15	8	10	10	19	7	13	19	31	22	28	3	22	11	
97_A/Bar-headed_Goose/Q 12	6	10	1	12	8	6	4	7	13	0	0	18	4	1	10	7	11	7	2	9	3	3	5	5	11	16	4	15	4	20	4	15	10	18	9	12	9	13	13	21	32	25	32	35	3	19	13	12	13	15	8	10	10	19	7	13	19	31	22	28	3	22	11	
98_A/Bar-headed_Goose/Q 13	6	10	1	11	8	6	4	8	13	0	0	17	4	1	10	7	11	7	2	9	3	3	5	5	11	16	4	15	4	20	4	16	10	18	10	12	9	13	12	21	31	24	33	35	3	19	13	12	13	16	8	9	10	18	7	13	20	31	22	28	3	22	11	
99_A/Bar-headed_Goose/Q 13	6	10	1	11	8	6	4	8	13	0	0	17	4	1	10	7	11	7	2	9	3	3	5	5	11	16	4	15	4	20	4	16	10	17	11	12	9	13	12	21	30	24	34	35	3	19	13	12	13	16	8	9	10	18	7	13	20	31	22	28	3	22	11	
100_A/Bar-headed_Goose/Q 12	5	11	1	12	8	6	4	7	13	0	0	18	4	1	10	7	11	7	2	9	3	3	5	5	11	16	4	15	4	20	4	15	10	18	10	12	9	13	12	21	31	25	33	35	3	19	13	12	13	15	8	10	10	19	7	13	19	31	22	28	3	22	11	
101_A/Bar-headed_Goose/Q 12	5	11	1	12	8	6	4	7	13	0	0	18	4	1	10	7	11	7	2	9	3	3	5	5	11	16	4	15	4	20	4	15	10	18	10	12	9	13	12	21	32	25	32	35	3	19	13	12	13	15	8	10	10	19	7	13	19	31	22	28	3	22	11	
102_A/Bar-headed_Goose/Q 12	6	10	1	12	8	6	4	7	13	0	0	18	4	1	10	7	11	7	2	9	3	3	5	5	11	16	4	15	4	20	4	14	10	18	10	12	9	13	12	21	31	26	32	35	3	19	13	13	13	15	8	10	10	19	7	13	19	31	22	28	3	22	11	
103_A/Bar-headed_Goose/Q 12	6	10	1	12	8	6	4	7	13	0	0	18	4	1	10	7	11	7	2	9	3	3	5	5	11	16	4	15	4	20	4	15	10	18	10	12	9	13	12	21	31	26	32	35	3	19	13	12	13	15	8	10	10	19	7	13	19	31	22	28	3	22	11	
104_A/Bar-headed_Goose/Q 13	6	10	1	11	8	6	4	8	13	0	0	17	4	1	10	7	11	7	2	9	3	3	5	5	11	16	4	15	4	20	4	16	9	18	10	12	10	13	12	21	30	25	33	35	3	19	13	12	13	16	8	9	10	18	7	13	20	31	22	28	3	22	11	
105_A/Bar-headed_Goose/Q 13	6	10	1	11	8	6	4	8	13	0	0	17	4	1	10	7	11	7	2	9	3	3	5	5	11	16	4	15	4	20	4	16	10	18	10	12	9	13	12	21	30	25	33	35	3	19	13	12	13	16	8	9	10	18	7	13	20	31	22	28	3	22	11	
106_A/Bar-headed_goose/Q 10	11	8	1	14	4	8	3	6	14	0	0	15	1	1	10	9	8	7	3	9	6	3	6	7	11	28	4	14	4	9	5	18	13	16	12	8	6	19	10	23	31	22	29	34	3	22	12	13	13	11	7	7	3	20	8	19	23	35	19	23	5	16	14	
107_A/Bar-headed_goose/Q 10	11	8	1	14	4	8	3	6	15	0	0	15	1	1	10	9	8	7	3	9	6	3	6	9	11	28	4	14	4	9	5	18	13	16	12	8	6	19	10	23	30	23	30	35	3	22	12	13	13	12	7	7	3	20	8	19	23	36	18	23	5	16	15	
108_A/Bar-headed_goose/Q 10	11	8	1	14	4	8	3	6	15	0	0	15	1	1	10	9	8	7	3	9	6	3	6	9	11	28	4	14	4	9	5	18	13	16	12	8	6	19	10	23	30	23	30	35	3	22	12	13	13	12	7	7	3	20	8	19	23	36	19	23	5	16	14	
109_A/Bar-headed_goose/Q 10	11	8	1	14	4	8	3	6	15	0	0	15	1	1	10	9	8	7	3	9	6	3	6	9	11	28	4	14	4	9	5	18	13	16	12	8	6	19	10	23	30	23	29	35	3	22	12	13	13	12	7	7	3	20	8	19	23	36	20	23	5	16	14	
110_A/Bar-headed_goose/Q 10	11	8	1	14	4	8	3	6	15	0	0	15	1	1	10	9	8	7	3	9	6	3	6	9	11	28	4	14	4	9	5	18	13	16	12	8	6	19	10	23	30	23	30	35	3	22	12	13	13	12	7	7	3	20	8	20	23	35	19	23	5	16	14	
111_A/Bar-headed_goose/Q 10	11	8	1	14	4	8	3	6	15	0	0	15	1	1	10	9	8	7	3	9	6	3	6	9	11	28	4	14	4	9	5	18	13	16	12	8	6	19	10	23	30	23	30	35	3	22	12	13	13	12	7	7	3	20	8	19	23	35	20	23	5	16	14	
112_A/Bar-headed_goose/Q 10	11	8	1	14	4	8	3	6	15	0	0	15	1	1	10	9	8	7	3	9	6	3	6	9	11	28	4	14	4	9	5	18	13	16	12	8	6	19	10	23	30	23	30	35	3	22	12	13	13	12	7	7	3	20	8	19	23	36	19	23	5	16	14	
113_A/Bar-headed_goose/Q 10	11	8	1	14	4	8	3	6	15	0	0	15	1	1	10	9	8	7	3	9	6	3	6	9	11	28	4	14	4	9	5	18	13	16	12	8	6	19	10	23	30	23	30	35	3	22	12	13	13	12	7	7	3	20	8	19	23	35	20	23	5	16	14	
114_A/Bar-headed_Goose/Q 12	6	10	1	12	8	6	4	7	13	0	0	18	4	1	10	7	11	7	2	9	3	3	5	5	11	17	4	15	4	20	4	15	10	17	9	12	9	13	12	21	31	26	32	35	3	20	13	12	13	15	9	10	10	19	7	13	19	30	22	28	3	22	11	
115_A/Bar-headed_Goose/Q 12	6	10	1	12	8	6	4	7	13	0	0	18	4	1	10	7	11	7	2	9	3	3	5	5	11	16	4	15	4	20	4	15	10	18	10	12	9	13	12	21	31	26	32	35	3	19	13	12	13	15	8	10	10	19	7	13	19	31	22	28	3	22	11	
116_A/Bar-headed_Goose/Q 12	6	10	1	12	8	6	4	7	13	0	0	18	4	1	10	7	11	7	2	9	3	3	5	5	11	16	4	15	4	20	4	15	10	17	10	12	9	13	12	21	31	26	32	35	3	20	13	12	13	15	8	10	10	19	7	13	19	31	22	28	3	22	11	
117_A/Bar-headed_Goose/Q 12	6	10	1	12	8	6	4	7	13	0	0	18	4	1	10	7	11	7	2	9	3	3	5	5	11	16	4	15	4	20	4	15	10	18	10	12	9	13	12	21	31	26	32	35	3	19	13	12	13	15	8	10	10	19	7	13	19	31	22	28	3	22	11	
118_A/Bar-headed_Goose/Q 12	6	10	1	12	8	6	4	7	13	0	0	18	4	1	10	7	11	7	2	9	3	3	5	5	11	16	4	15	4	20	4	15	10	18	10	12	9	13	12	21	31	26	32	35	3	20	12	12	13	15	8	10	10	19	7	13	19	31	22	28	3	22	11	
119_A/Bar-headed_Goose/Q 12	6	10	1	12	8	6	4	7	13	0	0	18	4	1	10	7	11	7	2	9	3	3	5	5	11	16	4	15	4	20	4	15	10	18	10	12	9	13	12	21	31	26	32	35	3	19	13	12	13	15	8	10	10	19	7	13	19	31	22	28	3	22	11	
120_A/Bar-headed_Goose/Q 12	6	10	1	12	8	6	4	7	13	0	0	18	4	1	10	7	11	7	2	9	3	3	5	5	11	16	4	15	4	20	4	15	10	18	10	12	9	13	12	21	31	26	32	35	3	19	13	12	13	15	8	10	10	19	7	13	19	31	22	28	3	22	11	
121_A/Bar-headed_Goose/T 13	8	10	0	11	7	8	5	6	11	0	0	21	4	1	10	9	10	7	1	8	3	3	6	6	13	18	4	11	3	17	4	13	11	19	12	14	9	11	11	22	30	26	28	35	3	17	19	14	14	18	8	10	9	15	7	12	19	31	21	27	3	22	12	
122_A/Bar-headed_Goose/T 13	7	10	0	11	7	8	5	5	12	0	0	22	4	1	10	8	10	7	1	8	3	3	6	6	13	18	4	12	3	17	4	13	11	19	12	14	9	11	11	22	30	26	28	35	3	17	19	14	14	19	8	10	9	14	7	12	19	31	21	27	3	22	12	
123_A/Bar-headed_Goose/T 13	7	10	0	11	7	8	5	5	12	0	0	22	4	1	10	8	10	7	1	8	3	3	6	6	13	18	4	12	3	17	4	13	11	19	12	14	9	11	11	22	30	26	29	35	3	17	18	14	14	19	8	10	9	14	7	12	19	31	21	27	3	22	12	
124_A/Bar-headed_Goose/T 13	8	10	0	11	7	8	5	5	11	0	0	22	4	1	10	9	10	7	1	8	3	3	6	6	13	18	4	11	3	17	4	13	11	19	12	14	9	11	11	22	30	26	28	35	3	17	19	14	14	18	8	10	9	15	7	12	19	31	21	27	3	22	12	
125_A/Bar-headed_Goose/T 11	9	8	0	13	5	8	5	6	13	0	0	19	4	1	10	8	8	7	2	8	5	3	5	6	9	18	3	14	6	18	5	16	9	16	13	11	9	15	10	23	30	27	36	34	5	18	9	12	11	17	7	12	9	16	8	11	22	29	23	27	4	24	10	
126_A/Bar-headed_Goose/T 11	9	8	0	13	5	8	5	6	13	0	0	19	4	1	10	8	8	7	2	8	5	3	5	6	9	18	3	14	6	18	5	16	9	16	13	11	9	15	10	23	30	27	36	34	5	18	9	12	11	16	7	12	9	17	8	11	22	29	23	27	4	24	10	
127_A/Bar-headed_Goose/T 13	7	10	0	11	7	8	5	5	12	0	0	22	4	1	10	8	10	7	1	8	3	3	6	6	13	18	4	12	3	17	4	13	11	19	12	14	9	11	11	22	30	26	28	35	3	17	19	14	14	19	8	10	9	14	7	12	19	31	21	27	3	22	12	
128_A/Bar-headed_Goose/T 13	7	10	0	11	7	8	5	5	12	0	0	22	4	1	10	8	10	7	1	8	3	3	6	6	13	18	4	12	3	17	4	13	11	19	12	14	9	11	11	21	31	26	28	35	3	17	19	14	14	19	8	10	9	14	7	12	19	31	21	27	3	22	12	
129_A/Bar-headed_Goose/T 13	7	10	0	11	7	8	5	5	12	0	0	22	4	1	10	8	10	7	1	8	3	3	6	6	13	18	4	12	3	17	4	13	11	19	12	14	9	11	11	21	31	26	28	35	3	17	19	14	14	19	8	10	9	14	7	12	19	31	21	27	3	22	12	
130_A/Bar-headed_Goose/T 13	7	10	0	11	7	8	5	5	12	0	0	22	4	1	10	8	10	7	1	8	3	3	6	6	13	18	4	12	3	17	4	13	11	19	12	14	9	11	11	21	31	26	28	35	3	17	19	14	14	19	8	10	9	14	7	12	19	31	21	27	3	22	12	
131_A/Bar-headed_Goose/T 13	7	10	0	11	7	8	5	5	12	0	0	22	4	1	10	8	10	7	1	8	3	3	6	6	13	18	4	12	3	17	4	13	11	19	12	14	9	11	11	21	31	26	28	35	3	17	19	14	14	19	8	10	9	14	7	12	19	31	21	27	3	22	12	
132_A/Bar-headed_Goose/T 13	8	10	0	11	7	8	5	5	11	0	0	22	4	1	10	8	10	7	1	8	3	3	6	6	13	18	4	12	3	17	4	13	11	19	12	14	9	11	11	22	30	26	28	35	3	17	19	14	14	18	8	10	9	15	7	12	19	31	21	27	3	22	12	
133_A/Bar-headed_Goose/T 13	8	10	0	11	7	8	5	5	11	0	0	22	4	1	10	9	10	7	1	8	3	3	6	6	13	18	4	11	3	17	4	13	11	19	12	14	9	11	11	22	30	26	28	35	3	17	19	14	14	18	8	10	9	15	7	12	19	31	21	27	3	22	12	
134_A/Bar-headed_Goose/T 13	8	10	0	11	7	8	5	6	11	0	0	21	4	1	10	9	10	7	1	8	3	3	6	6	13	18	4	11	3	17	4	13	11	19	12	14	9	11	11	22	30	26	28	35	3	17	19	14	14	18	8	10	9	15	7	12	19	31	21	27	3	22	12	
135_A/bean_goose/Hubei/B 13	7	9	0	11	7	8	5	6	12	0	0	20	4	1	10	8	10	8	1	8	3	3	5	6	13	18	5	13	3	17	4	13	11	19	12	14	9	11	11	22	30	27	28	35	3	16	19	14	14	18	8	10	9	15	7	12	19	31	22	27	3	22	11	
136_A/Bean_Goose/Hubei/c 10	9	11	1	14	4	5	4	6	14	0	0	20	3	1	10	7	10	7	2	9	3	3	5	8	10	19	4	11	6	17	4	15	11	17	13	14	9	14	9	20	29	25	33	35	4	19	13	12	14	18	8	13	7	17	7	12	21	33	22	26	4	18	11	
137_A/Bean_goose/Hubei/C 12	6	10	1	12	8	6	4	7	13	0	0	18	4	1	10	7	11	7	2	9	3	3	5	5	11	16	4	15	4	20	4	14	10	18	10	13	9	13	12	21	31	26	32	35	3	20	12	12	13	15	8	10	10	19	7	13	19	31	22	28	3	22	11	
138_A/Bean_goose/Hubei/C 12	6	10	1	12	8	6	4	7	13	0	0	18	4	1	10	7	11	7	2	9	3	3	5	5	11	16	4	15	4	20	4	15	10	18	10	12	9	13	12	21	32	25	32	35	3	20	12	12	13	14	8	10	10	20	7	13	19	31	22	28	3	22	11	
139_A/Bean_goose/Hubei/C 10	11	8	1	14	4	8	4	7	15	0	0	15	1	1	10	7	8	7	3	9	6	3	4	9	12	29	6	14	3	8	4	18	13	16	11	10	6	17	11	22	31	24	30	36	2	20	13	13	13	13	7	6	3	21	7	18	22	36	20	24	6	15	15	
140_A/Bean_goose/Hubei/C 12	6	10	1	12	8	6	4	7	13	0	0	18	4	1	10	7	11	7	2	9	3	3	5	5	11	16	4	15	4	20	4	15	10	18	10	12	9	13	12	21	32	25	32	35	3	20	12	12	13	14	8	10	10	20	7	13	19	31	22	28	3	21	12	
141_A/black_chicken/Jian 10	6	7	2	14	7	9	3	9	15	0	0	13	2	1	10	9	9	9	1	6	8	1	6	13	10	22	8	13	2	15	2	15	15	22	8	14	9	11	13	21	27	24	22	33	4	20	20	14	13	18	9	9	5	16	6	14	23	28	20	23	5	24	13	
142_A/Black_faced_Spoonb 12	7	9	1	12	7	7	4	7	13	0	0	18	3	1	10	7	11	6	1	10	3	4	6	6	11	18	4	13	4	18	4	14	10	18	11	13	9	14	11	20	31	25	33	37	2	19	13	12	12	16	7	8	10	18	7	13	21	31	24	29	3	22	10	
143_A/Black_Faced_Spoonb 11	8	8	0	13	5	8	5	6	13	0	0	19	4	1	10	9	9	6	2	8	5	4	5	6	8	19	3	13	7	17	5	16	10	16	13	13	9	14	10	21	30	27	34	35	4	17	12	14	11	14	7	12	8	20	8	9	22	30	23	28	3	23	10	
144_A/Black_Faced_Spoonb 13	7	9	1	11	7	7	4	7	14	0	0	18	3	1	10	8	11	6	1	9	3	4	6	6	11	18	4	13	4	18	4	16	10	17	11	13	9	14	11	20	30	26	33	37	3	17	13	11	11	16	8	8	10	19	7	14	21	31	22	28	3	22	11	
145_A/black_swan/Beijing 13	7	9	0	11	7	8	5	6	13	0	0	21	4	1	10	8	10	8	1	8	3	3	6	6	12	18	4	12	3	17	4	13	11	19	12	14	9	11	11	22	29	26	28	35	4	16	20	14	14	17	8	10	9	16	6	12	19	30	23	27	3	23	11	
146_A/black-backed_gull/ 13	7	9	0	11	7	8	5	6	13	0	0	21	4	1	10	8	10	8	1	8	3	3	6	6	12	18	4	12	3	17	4	13	11	19	12	14	9	11	11	22	29	27	27	35	4	16	20	14	14	18	8	10	9	15	7	12	19	31	22	27	3	22	11	
147_A/Black-necked_Grebe 9	8	10	0	15	5	5	5	5	14	0	0	20	3	1	10	10	9	10	1	7	5	1	5	12	10	22	1	9	5	14	5	15	11	18	13	10	13	13	9	21	26	23	31	36	4	20	18	8	10	15	8	13	10	18	7	13	22	31	20	28	4	22	14	
148_A/Black-necked_Grebe 9	8	10	0	15	5	5	5	5	14	0	0	20	3	1	10	10	8	10	1	7	6	1	5	13	10	22	1	8	5	14	5	16	11	17	12	11	13	14	10	21	25	25	30	36	4	20	18	8	9	15	8	12	10	18	7	13	23	32	20	28	3	21	14	
149_A/Black-necked_Grebe 9	8	10	0	15	5	5	5	6	14	0	0	20	3	1	10	10	8	10	1	7	6	1	5	11	10	22	1	9	5	14	5	15	11	17	12	11	13	14	10	21	25	25	30	36	4	20	18	10	9	15	8	11	10	18	7	13	23	32	20	28	3	21	14	
150_A/Black-necked_Grebe 9	8	10	0	15	5	5	5	5	14	0	0	20	3	1	10	10	8	10	1	7	6	1	5	12	10	22	1	9	5	14	5	15	11	17	12	11	13	14	10	21	25	25	30	36	4	20	18	10	9	15	8	11	10	18	7	13	23	32	20	28	3	21	14	
151_A/Black-necked_Grebe 9	8	10	0	15	5	5	5	5	14	0	0	20	3	1	10	10	8	10	1	7	6	1	5	12	10	22	1	9	5	14	5	15	11	17	12	11	13	14	10	21	25	25	30	36	4	20	18	9	9	15	8	12	10	18	7	13	23	32	20	28	3	21	14	
152_A/Black-necked_Grebe 9	8	10	0	15	5	5	5	5	14	0	0	20	3	1	10	10	8	10	1	7	6	1	5	12	10	22	1	9	5	14	5	15	11	17	12	11	13	14	10	21	25	25	30	36	4	20	18	10	9	15	8	11	10	18	7	13	23	32	20	28	3	21	14	
153_A/Black-necked_Grebe 9	8	10	0	15	5	5	5	5	14	0	0	20	3	1	10	10	8	10	1	7	6	1	5	12	10	22	1	9	5	14	5	15	11	17	12	11	13	14	10	21	25	25	30	36	4	20	18	10	9	15	8	11	10	18	7	13	23	32	20	28	3	21	14	
154_A/Black-necked_Grebe 9	8	10	0	15	5	5	5	5	14	0	0	20	3	1	10	10	8	10	1	7	6	1	5	12	11	21	1	9	5	14	5	15	11	17	12	11	13	14	10	21	25	25	30	36	4	20	18	9	9	15	8	12	10	18	7	13	23	32	20	28	3	21	14	
155_A/Brown-headed_Gull/ 12	6	11	1	12	8	5	4	7	13	0	0	18	4	1	10	7	11	7	2	9	3	3	5	5	11	16	4	15	4	20	4	15	10	18	10	12	9	13	12	21	31	25	33	35	3	19	13	12	13	15	8	10	10	19	7	13	19	31	21	28	3	22	12	
156_A/Brown-headed_Gull/ 12	6	11	1	12	8	5	4	7	13	0	0	18	4	1	10	7	11	7	2	9	3	3	5	5	11	16	4	15	4	20	4	15	10	18	10	12	9	13	12	21	31	25	33	35	3	19	13	12	13	15	8	10	10	19	7	13	19	31	22	28	3	22	11	
157_A/Brown-headed_Gull/ 12	6	10	1	12	8	6	4	7	13	0	0	18	4	1	10	7	11	7	2	9	3	3	5	5	11	16	4	15	4	20	4	15	10	18	10	12	9	13	12	21	32	25	32	35	3	19	13	12	13	15	8	10	10	19	7	13	19	31	22	28	3	22	11	
158_A/Brown-headed_Gull/ 12	6	10	1	12	8	6	4	7	13	0	0	18	4	1	10	7	11	7	2	9	3	3	5	5	11	16	4	15	4	20	4	15	10	18	10	12	9	13	12	21	32	25	32	35	3	19	13	12	13	15	8	10	10	19	7	13	19	31	22	28	3	22	11	
159_A/Brown-headed_Gull/ 12	6	10	1	12	8	6	4	7	13	0	0	18	4	1	10	7	11	7	2	9	3	3	5	5	11	16	4	15	4	20	4	15	10	18	10	12	9	13	12	21	31	26	32	35	3	19	13	12	13	15	8	10	10	19	7	13	19	32	22	28	3	21	11	
160_A/Brown-headed_Gull/ 13	6	10	1	11	8	6	4	8	13	0	0	17	4	1	10	7	11	7	2	9	3	3	5	5	11	16	4	15	4	20	4	16	10	18	10	12	9	13	12	21	30	26	32	35	3	19	13	12	13	16	8	9	10	18	7	13	20	31	22	28	3	21	12	
161_A/Brown-headed_Gull/ 13	6	10	1	11	8	6	4	8	13	0	0	17	4	1	10	7	11	7	2	9	3	3	5	5	11	16	4	15	4	20	4	16	10	18	10	12	9	13	12	21	31	25	32	35	3	19	13	12	13	16	8	9	10	18	7	13	20	31	22	28	3	21	12	
162_A/Brown-headed_Gull/ 12	6	10	1	12	8	6	4	7	13	0	0	18	4	1	10	7	11	7	2	9	3	3	5	5	11	16	4	15	4	20	4	15	10	18	10	12	9	13	12	21	30	26	32	35	3	19	13	12	13	15	8	10	10	19	7	13	20	31	22	28	3	22	11	
163_A/Brown-headed_Gull/ 12	6	10	1	12	8	6	4	7	13	0	0	18	4	1	10	7	11	7	2	9	3	3	5	5	11	16	4	15	4	20	4	15	10	18	9	12	9	13	13	21	32	25	32	35	3	19	13	12	13	15	8	10	10	19	7	13	19	31	22	28	3	22	11	
164_A/brown-headed_gull/ 13	7	10	0	11	7	8	5	5	12	0	0	22	4	1	10	9	10	7	1	8	3	3	6	6	13	18	3	12	3	17	4	12	11	19	12	14	9	11	11	22	30	26	28	35	3	17	19	14	14	19	8	10	9	14	7	12	19	31	22	27	3	22	12	
165_A/Brown-headed_Gull/ 13	8	10	0	11	7	8	5	5	11	0	0	22	4	1	10	9	10	7	1	8	3	3	6	6	13	18	4	11	3	17	4	13	11	19	12	14	9	11	11	22	30	26	28	35	3	17	19	14	14	18	8	10	9	15	7	12	19	31	21	27	3	22	12	
166_A/Brown-headed_Gull/ 13	7	10	0	11	7	8	5	5	12	0	0	22	4	1	10	8	10	7	1	8	3	3	6	5	13	18	4	13	3	17	4	13	11	19	12	14	9	11	11	23	30	27	28	35	3	16	19	13	14	18	8	11	9	15	7	11	19	31	21	27	3	22	12	
167_A/Brown-headed_Gull/ 12	7	10	0	12	7	8	5	5	12	0	0	22	4	1	10	8	10	7	1	8	3	3	6	5	13	18	4	13	3	17	4	13	11	19	12	14	9	11	11	23	30	27	28	35	3	17	19	13	14	18	8	11	9	15	7	11	19	31	21	27	3	21	12	
168_A/canine/China/GX30/ 13	7	9	0	11	7	10	4	6	12	0	0	21	4	1	10	8	10	8	2	8	3	2	5	7	13	18	3	11	3	17	5	13	9	20	12	14	9	11	11	23	30	26	30	35	4	16	17	15	15	17	8	9	7	15	8	12	19	32	21	27	3	22	12	
169_A/cat/Sichuan/SC18/2 10	6	7	2	14	7	9	3	9	15	0	0	13	2	1	10	9	10	9	1	6	7	1	6	13	10	23	7	13	2	14	3	15	15	23	8	14	9	10	13	21	27	25	22	34	3	19	20	13	13	18	8	10	5	16	7	14	23	28	20	23	5	24	13	
170_A/cat/Zhejiang/C1/20 10	8	12	2	14	5	4	3	4	15	1	0	18	2	0	10	10	7	9	2	4	6	1	5	13	11	19	2	13	5	17	4	15	6	14	13	15	11	17	8	20	31	24	31	33	3	20	17	14	10	14	6	12	10	20	7	15	20	32	22	25	5	21	13	
171_A/cat/Zhejiang/C2/20 10	8	11	2	14	5	5	3	4	15	1	0	18	2	0	10	10	7	9	2	4	6	1	5	13	11	19	2	13	5	17	4	15	6	15	13	14	11	16	9	20	31	24	31	33	3	21	16	14	10	14	6	12	10	20	7	15	21	31	22	25	4	22	13	
172_A/Changsha/1/2014|EP 11	6	6	2	13	7	9	3	9	15	0	0	13	2	1	10	9	9	8	1	6	8	3	6	13	10	21	7	12	2	16	2	18	17	24	8	13	7	9	13	21	25	24	25	33	5	21	17	13	12	18	8	8	7	15	7	16	23	29	18	23	5	23	15	
173_A/chicken/Anhui/S174 13	7	10	0	11	7	7	5	6	12	0	0	21	5	1	10	8	10	8	1	8	3	3	6	7	12	19	4	11	3	16	4	13	11	20	10	14	9	11	12	23	30	28	25	35	3	17	19	14	14	18	8	10	9	15	7	11	19	30	23	27	3	23	11	
174_A/chicken/Beijing/BJ 10	7	10	1	14	6	6	4	4	13	1	0	18	4	0	10	11	10	9	3	3	4	1	5	11	10	19	2	13	5	17	4	14	8	17	14	14	10	16	8	23	30	24	30	35	1	20	18	13	9	18	7	11	11	16	6	14	19	28	23	28	6	23	11	
175_A/chicken/CH/a556/20 10	9	6	4	14	4	10	1	7	14	0	0	12	2	1	10	8	8	8	2	6	2	2	4	11	15	26	4	17	3	10	3	13	19	16	10	15	6	14	12	21	26	27	30	37	1	21	15	16	10	22	8	12	9	13	10	17	24	25	20	19	2	27	10	
176_A/chicken/Changhua/1 12	8	8	1	12	5	8	4	5	15	0	0	22	2	1	10	8	9	8	2	8	3	2	5	7	11	18	4	11	6	18	4	15	11	19	12	15	8	12	10	20	30	27	32	36	3	18	13	12	12	20	9	14	10	14	6	12	18	30	21	25	4	23	12	
177_A/chicken/Changhua/1 12	8	8	1	12	5	8	4	5	14	0	0	22	3	1	10	8	9	9	2	8	3	2	5	7	11	18	4	11	6	17	4	15	10	19	12	15	8	12	10	20	31	27	32	36	4	18	13	12	12	20	9	14	10	14	6	12	18	30	22	25	3	23	11	
178_A/chicken/Changhua/1 12	8	9	1	12	5	7	4	5	14	0	0	21	3	1	10	8	9	8	2	8	3	2	5	7	11	18	4	11	6	18	4	16	10	18	12	14	8	13	10	20	31	27	32	37	3	18	13	12	12	20	10	14	10	14	5	12	18	30	22	25	4	23	11	
179_A/chicken/Changhua/1 12	8	8	1	12	5	8	4	5	14	0	0	22	3	1	10	8	9	8	2	8	3	2	5	7	11	18	4	11	6	18	4	15	10	19	12	15	7	13	10	20	32	27	32	36	2	18	13	12	12	20	9	14	10	14	6	12	18	30	22	25	4	23	11	
180_A/chicken/Changhua/1 12	8	8	1	12	5	8	4	5	14	0	0	22	3	1	10	8	10	8	2	8	3	2	5	7	11	19	4	11	5	17	4	15	10	18	12	15	8	13	10	20	32	27	32	36	2	19	13	12	12	20	9	14	10	14	6	12	18	30	22	25	4	22	11	
181_A/chicken/Changhua/1 12	8	8	1	11	5	8	4	5	14	0	0	22	3	1	10	8	9	8	2	9	3	3	5	7	11	18	4	11	6	17	4	15	10	19	12	15	8	13	10	20	32	27	32	36	2	18	13	12	12	19	9	14	10	14	6	12	18	30	22	25	4	23	11	
182_A/chicken/Changhua/1 9	6	7	0	15	8	9	5	7	15	0	0	13	1	1	10	7	8	7	2	7	5	4	5	11	13	24	5	17	3	11	4	19	12	20	9	13	7	11	13	19	30	28	33	34	4	16	12	10	8	18	8	12	8	16	9	18	24	27	18	23	4	25	13	
183_A/chicken/Changhua/1 10	6	7	0	14	8	9	5	7	15	0	0	13	1	1	10	7	8	7	2	7	5	4	5	11	13	25	5	17	3	10	4	19	11	20	9	13	9	11	13	19	28	27	35	34	4	16	11	10	8	18	8	12	8	16	8	18	25	27	18	23	4	25	14	
184_A/chicken/Changhua/1 10	6	7	0	14	8	9	5	7	15	0	0	13	1	1	10	7	8	7	2	7	5	4	5	10	13	25	5	18	3	10	4	19	11	20	9	13	9	11	13	19	28	28	34	34	4	16	11	10	8	18	8	12	8	16	8	18	25	27	18	23	4	25	14	
185_A/chicken/Changhua/1 10	6	7	0	14	8	9	5	7	15	0	0	13	1	1	10	7	8	7	2	7	5	4	5	10	13	25	5	18	3	10	4	19	11	20	9	13	9	11	13	19	28	28	34	34	4	16	11	10	8	18	8	12	8	16	8	18	25	27	18	23	4	25	14	
186_A/chicken/Changhua/1 12	8	8	1	12	5	8	4	5	13	0	0	22	4	1	10	8	9	9	2	8	3	2	5	7	11	19	4	11	6	16	4	15	11	19	12	15	7	12	10	20	31	27	31	36	3	18	14	12	12	20	9	14	10	14	6	12	18	30	22	25	4	23	11	
187_A/chicken/Changhua/1 10	6	7	0	14	8	9	5	7	15	0	0	13	1	1	10	7	8	7	2	7	5	4	5	11	13	25	5	17	3	10	4	19	11	20	9	13	9	11	13	19	28	27	34	34	4	17	11	10	8	18	7	12	8	16	9	17	25	27	18	24	4	25	14	
188_A/chicken/Changhua/1 12	8	8	1	12	5	8	4	5	13	0	0	22	4	1	10	8	9	9	2	8	3	2	5	7	11	19	4	11	6	16	4	15	11	19	12	15	7	12	10	20	31	27	31	36	3	18	14	12	12	20	9	14	10	14	6	12	18	30	22	25	4	23	11	
189_A/chicken/Changhua/1 10	6	7	0	14	8	9	5	7	15	0	0	13	1	1	10	7	9	7	2	7	5	4	5	11	12	24	5	17	3	11	4	19	11	20	9	13	9	11	13	19	28	27	34	34	5	16	11	10	8	18	7	12	8	16	9	17	25	26	18	24	4	26	14	
190_A/chicken/Changhua/1 12	8	8	1	12	5	8	4	5	13	0	0	22	4	1	10	8	9	9	2	8	3	2	5	7	11	19	4	11	6	16	4	15	11	19	12	15	7	12	10	20	31	27	31	36	3	18	14	12	12	20	9	14	10	14	6	12	18	30	22	25	4	23	11	
191_A/chicken/Changhua/1 12	8	8	1	12	5	8	4	5	15	0	0	21	2	1	10	8	8	8	2	8	4	2	5	7	11	18	3	12	6	18	5	15	9	19	12	16	9	11	10	20	31	27	32	36	2	19	13	14	11	20	10	12	11	15	6	12	19	30	20	24	4	22	12	
192_A/chicken/Changhua/1 11	8	7	1	13	5	9	4	6	13	0	0	21	4	1	10	8	10	9	2	8	2	2	5	7	11	19	4	11	6	16	4	15	11	19	13	15	7	12	10	20	32	27	31	36	2	19	14	12	10	20	8	14	10	14	6	12	19	30	22	25	5	22	11	
193_A/chicken/Changhua/1 14	8	7	1	10	5	9	4	4	13	0	0	23	4	1	10	8	9	9	2	8	3	2	5	7	11	19	4	11	6	16	4	14	11	21	13	14	7	10	10	21	32	27	30	36	3	19	15	13	11	20	9	14	10	13	5	11	20	31	22	25	3	22	11	
194_A/chicken/Changhua/1 12	8	7	1	12	5	9	4	4	13	0	0	23	4	1	10	8	9	8	2	8	3	3	5	7	12	21	4	11	5	15	4	15	11	18	12	15	7	13	10	19	31	28	28	36	4	19	15	13	10	19	9	13	10	15	6	14	20	30	21	23	4	22	12	
195_A/chicken/Chiayi/150 12	8	8	1	12	5	8	4	5	14	0	0	22	3	1	10	8	9	9	2	8	3	2	5	7	11	18	4	11	6	17	4	15	10	19	12	15	8	12	10	20	31	27	32	36	4	18	13	12	12	20	9	14	10	14	6	12	18	30	22	25	3	23	11	
196_A/chicken/Chiayi/150 13	8	8	1	11	5	8	4	5	14	0	0	22	3	1	10	8	9	8	2	8	3	2	5	7	11	19	4	11	6	17	4	14	10	18	12	16	8	13	10	20	32	27	32	37	2	18	12	12	12	20	9	14	10	14	6	12	19	30	22	25	3	23	11	
197_A/chicken/Chiayi/150 10	6	7	0	14	8	9	5	7	15	0	0	13	1	1	10	7	8	7	2	7	5	4	5	11	13	25	5	17	3	10	4	19	11	20	9	13	9	11	13	19	28	27	34	34	4	17	11	10	8	18	8	12	8	16	8	17	25	27	18	24	4	25	14	
198_A/chicken/Chiayi/170 12	8	7	1	12	5	9	4	5	13	0	0	21	4	1	10	8	9	8	2	8	3	3	5	7	12	19	4	12	5	16	4	15	11	19	13	15	7	12	10	19	32	27	29	36	3	20	15	12	10	19	8	14	10	15	6	12	20	30	21	25	4	22	12	
199_A/chicken/Chiayi/181 10	9	12	2	14	4	4	3	4	15	0	0	23	2	1	10	7	10	7	2	9	3	3	5	6	9	20	4	13	7	16	4	14	9	18	12	14	9	13	10	21	29	24	31	36	5	20	15	13	14	16	8	12	9	18	7	12	20	33	23	23	4	20	10	
200_A/chicken/China/007/ 11	12	8	1	13	4	8	4	9	14	0	0	12	1	1	10	7	6	7	3	9	8	3	5	9	12	28	4	14	3	9	5	19	13	15	12	8	6	18	10	23	29	23	29	36	4	22	15	13	12	13	7	7	5	20	7	17	22	33	19	25	5	18	15	
201_A/chicken/China/Cang 13	7	9	1	11	7	7	4	6	13	0	0	19	3	1	10	7	11	6	1	10	3	4	6	6	11	19	4	13	4	17	4	14	10	18	12	14	9	13	10	21	30	25	32	36	4	18	15	13	11	16	7	7	10	18	8	13	22	31	24	28	2	22	10	
202_A/chicken/China/E93/ 10	8	7	3	13	7	10	2	8	14	0	0	12	2	1	10	7	7	7	2	9	8	3	6	10	8	23	3	16	6	12	6	13	12	21	8	16	9	13	12	21	26	31	28	34	4	16	14	14	16	16	7	9	5	17	6	21	21	26	23	21	4	26	10	
203_A/chicken/China/E96/ 10	7	7	3	13	8	10	2	8	14	0	0	12	2	1	10	7	8	6	2	9	7	3	6	10	9	23	3	16	5	13	6	14	12	21	8	15	9	12	12	22	26	31	28	34	4	16	14	14	16	16	7	9	5	18	6	20	21	25	23	21	4	27	10	
204_A/chicken/Chiping/03 10	8	10	1	14	5	6	4	4	13	1	0	19	4	0	10	10	10	9	3	4	4	1	5	11	10	19	2	12	5	17	4	14	8	16	14	14	10	16	7	22	31	23	31	35	1	20	18	13	9	16	7	11	11	18	7	14	19	30	21	28	6	22	13	
205_A/chicken/chongqing/ 9	9	6	3	15	4	10	2	7	17	0	0	15	0	1	10	8	8	9	2	6	7	1	5	12	13	23	6	13	1	14	3	11	13	15	13	17	7	16	9	23	33	23	30	35	0	21	14	10	9	21	8	9	9	13	6	12	22	30	21	30	5	23	13	
206_A/chicken/Chongqing/ 10	9	6	3	14	4	10	2	7	17	0	0	16	0	1	10	8	8	9	2	6	7	1	5	12	13	22	6	12	1	15	3	12	13	15	13	16	7	16	9	23	33	22	30	35	0	22	14	10	10	21	8	8	9	13	6	13	21	30	20	30	5	23	14	
207_A/chicken/Dongguan/2 11	6	7	2	13	7	9	3	9	15	0	0	13	2	1	10	9	9	7	1	6	8	3	6	13	10	22	7	12	2	15	2	17	15	24	8	14	9	9	13	21	25	24	25	33	5	21	17	14	11	19	8	7	7	15	7	17	22	29	18	23	5	23	15	
208_A/chicken/Dongguan/3 11	6	7	2	13	7	9	3	9	15	0	0	13	2	1	10	9	9	7	1	6	8	3	6	13	10	21	7	12	2	16	2	17	16	25	8	14	8	8	13	21	26	25	25	33	5	20	17	13	11	18	9	8	7	16	6	16	22	29	18	23	5	23	15	
209_A/chicken/Dongguan/4 11	6	7	2	13	7	9	3	9	15	0	0	13	2	1	10	9	9	7	1	6	8	3	6	13	10	22	7	12	2	15	2	17	16	25	8	14	8	8	13	20	25	23	24	33	5	22	18	14	11	19	8	7	7	15	7	17	23	29	18	23	5	23	15	
210_A/chicken/Fujian/05. 11	6	6	2	13	7	10	3	8	15	0	0	13	2	1	10	10	9	7	1	5	8	3	6	12	10	22	6	12	2	15	2	17	16	22	9	14	8	10	13	20	25	25	22	32	5	20	18	13	10	18	8	7	8	15	7	16	23	27	18	24	5	23	15	
211_A/chicken/Fujian/09. 11	6	7	2	13	7	9	3	9	15	0	0	13	2	1	10	10	9	7	1	5	8	3	6	13	10	21	7	12	2	16	2	17	16	23	8	14	8	10	13	21	24	24	24	33	5	21	18	13	11	19	8	7	7	15	7	16	24	29	18	24	5	23	15	
212_A/chicken/Fujian/10. 11	6	7	2	13	7	9	3	8	15	0	0	14	2	1	10	9	10	7	1	6	7	3	6	12	10	21	7	14	2	15	2	17	16	24	8	14	9	9	13	21	24	25	25	33	4	21	17	13	11	19	8	8	8	15	7	16	22	29	19	23	5	23	14	
213_A/chicken/Fujian/11. 10	11	7	1	14	4	9	4	5	16	0	0	15	1	1	10	8	7	6	3	9	7	4	5	11	12	27	2	13	2	10	7	18	13	15	12	7	6	18	11	22	29	23	32	36	3	21	11	15	15	14	7	7	3	19	8	16	24	36	20	26	3	16	13	
214_A/chicken/Gansu/5/20 11	7	8	3	12	8	9	2	9	14	1	0	11	2	0	10	7	8	6	2	9	8	3	6	9	9	23	4	16	4	13	5	13	12	21	9	17	8	12	12	19	26	32	29	35	3	13	15	15	13	16	7	9	6	18	6	21	22	25	20	22	5	27	13	
215_A/chicken/Gansu/6/20 10	7	7	3	13	8	10	2	9	14	1	0	11	2	0	10	7	7	6	2	9	8	3	6	10	8	23	3	16	6	13	6	12	12	21	9	16	9	12	12	21	26	31	27	34	4	16	15	14	16	16	7	9	5	18	6	21	21	26	22	21	4	26	11	
216_A/chicken/Ganzhou/GZ 14	8	6	3	10	8	10	2	6	11	0	0	16	3	1	10	6	9	8	2	8	5	3	5	11	11	20	5	14	4	15	5	13	14	17	9	16	8	14	13	20	27	25	24	35	4	20	19	13	12	16	7	11	7	18	8	14	24	32	23	25	2	21	10	
217_A/chicken/Guangdong/ 11	10	10	1	13	5	6	4	5	13	1	0	17	3	0	10	9	7	9	2	4	6	1	5	11	10	18	5	14	6	18	3	16	9	12	15	13	8	19	7	19	31	26	25	33	2	18	18	12	8	12	7	14	10	21	5	12	22	27	21	28	5	24	15	
218_A/chicken/Guangdong/ 12	6	9	1	12	8	7	4	6	14	1	0	17	2	0	10	10	8	9	2	4	5	1	4	10	11	18	4	14	5	18	4	15	9	14	14	14	9	17	8	21	29	27	27	33	4	18	19	13	10	14	7	12	11	20	6	13	21	27	22	27	4	26	13	
219_A/chicken/Guangdong/ 9	8	11	2	15	6	5	3	4	14	0	0	18	2	1	10	10	7	9	2	4	6	1	5	13	13	18	2	13	3	18	4	16	7	15	15	13	11	16	7	20	30	27	28	34	3	18	19	14	10	13	7	12	10	20	6	13	19	30	22	26	6	24	13	
220_A/chicken/Guangdong/ 10	9	8	1	14	6	8	4	5	15	0	0	14	1	1	10	8	10	9	3	9	5	1	5	13	11	27	2	12	3	10	7	18	14	18	11	8	5	17	11	22	28	26	30	36	4	20	11	16	13	12	6	6	3	20	9	14	24	38	17	27	5	14	16	
221_A/chicken/Guangdong/ 10	9	8	1	14	6	8	4	5	15	0	0	14	1	1	10	8	10	9	3	9	5	1	5	13	11	27	2	12	3	10	7	18	14	18	11	8	5	17	11	22	28	26	30	36	4	20	11	16	13	13	6	6	3	19	9	14	24	37	17	27	5	15	16	
222_A/chicken/Guangdong/ 10	9	8	1	14	6	8	4	5	15	0	0	13	1	1	10	8	10	9	3	9	5	1	5	13	11	27	2	13	3	10	7	18	14	17	11	8	5	18	11	22	28	26	30	36	4	20	11	16	13	13	6	6	3	19	9	14	24	37	18	27	5	15	15	
223_A/chicken/Guangdong/ 13	7	8	0	11	7	9	5	7	12	0	0	20	4	1	10	8	10	8	1	8	3	3	6	6	13	18	4	12	3	17	4	13	10	20	12	14	8	10	11	23	30	25	29	35	3	19	17	15	15	19	8	10	9	14	7	12	19	31	22	26	3	22	11	
224_A/chicken/Guangdong/ 10	9	9	1	14	5	8	4	6	17	0	0	15	0	1	10	8	7	7	2	7	6	3	5	13	11	24	5	12	4	13	4	17	11	20	10	9	8	13	12	26	26	28	32	34	8	15	12	14	16	13	6	5	5	20	8	20	24	38	25	19	2	15	9	
225_A/chicken/Guangdong/ 13	7	9	0	11	7	8	5	6	12	0	0	21	4	1	10	8	10	8	1	8	3	3	6	6	13	18	3	12	3	17	5	13	10	20	12	14	9	10	11	23	30	28	30	35	3	15	17	15	15	18	8	9	8	15	7	12	19	31	20	27	3	22	13	
226_A/chicken/Guangxi/04 11	7	6	1	13	6	10	4	6	15	0	0	18	2	1	10	8	8	8	1	7	8	2	6	10	12	19	3	12	1	18	5	16	14	23	8	12	7	9	13	22	26	21	26	33	5	23	15	12	10	19	7	11	8	14	7	15	23	28	17	24	5	23	17	
227_A/chicken/Guangxi/16 10	11	7	1	14	4	9	4	6	15	0	0	17	1	1	10	8	8	8	3	9	6	2	5	9	12	27	3	12	3	10	6	18	14	22	12	10	5	14	10	22	28	26	28	36	2	19	14	14	14	13	8	5	3	19	7	15	22	38	19	28	6	14	14	
228_A/chicken/Guangxi/S2 10	6	6	2	14	7	10	3	8	13	0	0	12	4	1	10	7	7	9	2	8	9	1	5	12	9	22	5	15	4	15	4	15	15	23	7	14	9	10	14	20	26	24	26	33	6	19	18	15	11	19	6	9	5	15	10	17	24	28	17	22	4	24	15	
229_A/chicken/Guizhou/8. 9	7	10	2	15	7	6	3	6	14	1	0	18	2	0	10	10	7	9	2	4	6	1	5	11	10	18	2	11	6	18	5	14	9	17	12	13	9	14	10	21	29	23	28	36	4	23	17	16	10	17	7	12	9	17	7	16	20	32	21	24	5	20	13	
230_A/chicken/GY/a451/20 10	9	6	4	14	4	10	1	7	14	0	0	12	2	1	10	8	8	8	2	6	2	2	4	11	15	26	4	17	3	10	3	13	19	16	10	14	6	14	12	23	26	27	30	37	1	20	16	16	10	22	8	11	9	13	10	16	24	25	20	20	2	27	10	
231_A/Chicken/Hangzhou/E 8	9	7	4	16	5	9	1	7	15	1	0	14	1	0	10	8	9	6	2	6	6	4	4	14	13	24	5	13	1	12	6	12	12	16	11	16	7	15	11	23	35	24	27	33	0	19	18	9	8	18	9	11	8	16	7	12	24	32	25	29	5	21	7	
232_A/chicken/Hebei/3/20 10	8	11	1	14	7	5	4	5	12	1	0	19	4	0	10	10	9	9	3	4	3	2	5	10	10	19	2	12	6	16	4	13	8	17	14	15	10	15	7	22	31	26	30	35	1	19	17	13	9	16	6	11	11	18	9	15	19	29	20	27	6	23	13	
233_A/chicken/Heilongjia 11	6	7	2	13	7	9	3	10	15	0	0	13	2	1	10	9	9	7	1	6	8	3	6	13	10	21	7	11	2	16	2	18	16	24	8	14	8	9	13	21	25	24	24	33	5	20	19	13	11	19	8	7	7	15	7	17	23	29	18	22	5	23	15	
234_A/chicken/Henan/Q7/2 10	8	11	1	14	5	5	4	4	13	1	0	19	4	0	10	10	10	9	3	4	4	1	5	11	10	18	2	12	5	18	4	14	8	16	14	14	10	16	7	22	31	24	30	35	1	20	18	13	9	16	7	11	11	18	7	14	19	30	22	28	6	22	12	
235_A/chicken/Hsinchu/16 12	8	7	1	12	5	9	4	5	13	0	0	22	4	1	10	8	9	9	2	8	3	2	5	7	12	20	4	11	5	15	4	14	11	19	14	17	7	12	9	20	31	27	32	36	3	19	13	12	10	20	8	13	11	14	6	12	18	30	22	25	5	22	11	
236_A/chicken/Hubei/03.0 9	8	11	2	15	6	5	3	4	14	1	0	18	2	0	10	10	7	9	2	4	6	1	5	13	13	18	2	11	3	18	4	15	6	15	15	14	12	16	7	19	31	24	28	33	3	18	18	15	10	13	7	12	9	19	6	13	19	29	22	27	6	23	13	
237_A/chicken/Hubei/03.0 10	6	8	2	14	8	8	3	9	14	0	0	13	2	1	10	9	10	9	1	6	7	1	6	13	10	20	8	13	2	17	2	13	15	22	7	16	9	12	13	20	25	24	23	33	4	20	19	14	13	18	9	10	5	16	7	15	25	28	20	22	5	24	12	
238_A/chicken/Hubei/2856 11	6	9	1	13	7	7	4	8	13	0	0	17	4	1	10	9	11	8	1	6	3	2	6	12	10	14	5	9	5	22	4	15	8	18	12	13	10	13	10	21	25	25	29	35	9	19	16	11	13	15	8	14	8	19	7	7	20	30	19	30	6	23	14	
239_A/chicken/Hubei/ZYSJ 10	8	11	2	14	6	5	3	4	14	1	0	18	2	0	10	9	7	9	2	5	6	1	5	14	13	18	2	12	3	18	4	15	7	15	15	14	11	16	7	20	30	27	26	33	3	19	20	14	10	14	7	12	9	20	6	13	20	30	22	27	6	23	13	
240_A/chicken/Hubei/ZYSJ 10	8	11	2	14	6	5	3	4	14	1	0	18	2	0	10	9	7	9	2	5	6	1	5	14	13	18	2	12	3	18	4	15	7	15	15	14	11	16	7	20	30	27	26	33	3	19	20	14	10	14	7	12	9	20	6	13	20	30	22	27	6	23	13	
241_A/chicken/Hubei/ZYSJ 10	8	11	2	14	6	5	3	4	14	1	0	18	2	0	10	9	7	9	2	5	6	1	5	14	13	18	2	12	3	18	4	15	7	15	15	14	11	16	7	20	30	27	26	33	3	19	20	14	10	14	7	12	9	20	6	13	20	30	22	27	6	23	13	
242_A/Chicken/Huizhou/16 10	11	8	1	14	4	8	4	7	15	0	0	15	1	1	10	7	6	7	3	9	8	3	5	9	12	29	4	14	4	8	5	20	13	17	12	7	5	17	10	22	31	24	29	36	2	21	13	13	13	14	7	7	3	19	7	17	22	37	19	25	6	15	15	
243_A/chicken/Hunan/02.0 10	12	8	1	14	4	8	4	9	14	0	0	13	1	1	10	7	7	7	3	9	7	3	5	10	12	30	4	13	3	7	4	19	13	16	11	8	6	18	11	23	30	23	29	36	3	22	14	13	12	12	7	7	4	21	7	16	22	35	20	25	6	17	14	
244_A/chicken/Hunan/03.0 10	8	10	2	14	5	6	3	6	15	1	0	16	3	0	10	10	7	9	2	4	7	1	5	12	10	20	3	12	5	16	4	15	8	17	12	12	11	14	10	22	28	21	29	36	3	24	17	12	12	15	6	16	9	20	8	12	20	31	20	26	3	21	14	
245_A/chicken/Hunan/03.0 10	12	8	1	14	4	8	4	7	14	0	0	14	1	1	10	7	7	6	3	9	7	4	5	9	12	29	5	15	3	8	4	19	13	16	11	8	6	18	11	22	30	24	30	36	3	21	13	13	12	14	7	7	3	19	7	17	22	34	20	25	7	17	14	
246_A/chicken/Hunan/3.07 10	8	10	2	14	5	6	3	6	15	1	0	16	3	0	10	10	7	9	2	4	7	1	5	12	10	20	3	12	5	16	4	15	8	17	12	12	11	14	10	22	28	21	29	36	3	24	17	12	12	15	6	16	9	20	8	12	20	31	20	26	3	21	14	
247_A/chicken/Hunan/04.1 9	7	7	2	15	7	9	3	9	15	0	0	13	1	1	10	9	9	8	1	6	8	2	6	13	10	21	8	12	2	16	2	17	16	22	8	14	8	11	13	21	24	25	23	33	5	20	18	14	11	18	5	7	7	16	9	17	24	29	17	22	5	23	17	
248_A/chicken/Hunan/04.1 10	6	7	2	14	7	9	3	9	15	0	0	13	2	1	10	8	10	9	1	6	7	1	6	13	10	22	8	13	2	15	2	15	15	23	7	16	9	10	14	21	27	23	22	32	5	21	20	13	13	18	8	10	5	16	7	14	22	28	20	23	5	24	13	
249_A/chicken/Hunan/04.1 10	11	8	1	14	4	8	3	6	15	0	0	15	1	1	10	9	8	7	3	9	6	3	6	9	11	28	4	14	4	9	5	18	13	16	12	8	6	19	10	23	30	23	30	35	3	22	12	13	13	12	7	7	3	20	8	19	23	36	19	23	5	16	14	
250_A/chicken/Hunan/12.0 11	6	7	2	13	7	9	3	8	15	0	0	13	2	1	10	9	10	9	1	6	7	1	6	12	10	22	7	13	2	15	2	15	14	23	8	14	10	10	13	20	27	22	21	32	4	21	20	14	13	17	8	10	5	16	7	14	23	26	20	22	5	24	13	
251_A/chicken/Hunan/12.0 10	7	8	2	14	6	8	3	9	15	0	0	12	2	1	10	9	10	9	1	6	7	1	6	13	10	22	8	14	2	15	2	14	16	23	7	16	9	10	14	21	26	24	22	33	4	20	21	13	13	17	8	10	5	17	7	13	24	28	20	23	4	23	13	
252_A/chicken/Hunan/12.2 10	7	11	2	14	4	5	3	6	16	1	0	16	3	0	10	10	8	9	2	5	6	1	3	12	11	21	3	11	4	15	4	15	9	18	13	13	10	13	10	20	28	22	25	35	4	23	22	14	11	16	6	13	8	18	8	14	22	29	20	27	3	24	14	
253_A/chicken/Hunan/12.2 10	10	7	1	14	5	9	4	7	16	0	0	15	0	1	10	7	9	6	3	9	6	4	5	9	12	28	5	13	3	9	4	18	14	16	13	9	6	17	10	22	29	25	29	37	2	21	12	12	13	12	9	8	3	21	6	17	24	35	21	24	5	17	12	
254_A/chicken/Hunan/12.2 10	11	8	1	14	4	8	4	7	15	0	0	14	1	1	10	8	8	7	3	11	6	3	5	9	13	27	4	13	2	10	5	18	15	16	10	9	5	19	11	22	30	24	31	36	3	19	13	13	13	13	6	6	5	20	9	18	21	39	19	24	4	13	14	
255_A/chicken/Hunan/12.2 11	6	7	2	13	7	9	3	9	15	0	0	13	2	1	10	9	9	7	1	6	8	3	6	13	10	21	7	12	2	16	2	17	16	24	8	14	8	9	13	21	25	24	24	33	5	21	18	14	11	19	8	7	7	15	7	16	23	29	18	23	5	23	15	
256_A/chicken/Hunan/1793 13	6	7	3	13	8	9	2	8	13	0	0	13	3	1	10	8	8	8	2	8	7	2	5	11	9	22	5	13	5	14	5	14	14	17	11	16	7	14	11	20	28	25	26	37	3	21	16	16	11	19	5	6	8	15	10	13	24	31	21	27	6	22	13	
257_A/chicken/Hunan/3157 11	6	9	1	13	7	7	4	9	13	0	0	16	4	1	10	9	11	8	1	6	3	2	6	12	10	15	5	8	6	21	4	14	8	18	12	13	11	13	10	22	25	24	29	35	9	19	17	10	13	15	8	15	6	19	7	6	20	30	19	32	6	23	14	
258_A/chicken/Hunan/HN40 12	6	7	2	12	8	9	3	9	14	0	0	12	2	1	10	8	9	7	1	7	8	3	6	12	10	21	7	14	2	16	2	17	16	25	7	15	8	8	14	21	24	25	25	33	6	20	17	13	11	18	7	7	7	16	8	16	23	30	20	23	5	22	13	
259_A/chicken/Hunan/HN58 10	6	7	2	14	7	9	3	10	15	0	0	12	2	1	10	8	9	7	1	8	8	3	6	11	10	21	8	13	2	16	2	17	16	25	7	15	8	8	14	21	25	26	24	33	5	19	17	13	11	19	7	8	6	15	8	15	24	29	20	23	5	22	14	
260_A/chicken/Hunan/HN75 11	6	7	2	13	7	9	3	9	15	0	0	13	2	1	10	9	9	7	2	7	7	3	5	13	10	24	7	12	2	13	2	17	15	23	8	14	9	10	13	22	25	26	22	32	5	20	19	14	11	19	8	8	6	15	7	19	22	30	18	21	5	22	15	
261_A/chicken/Hunan/HN15 10	11	8	1	14	4	8	4	6	15	0	0	16	1	1	10	8	8	8	3	9	6	3	5	10	12	28	2	12	3	8	7	19	13	18	12	8	5	17	10	22	30	24	30	36	3	21	12	14	14	13	8	7	3	19	7	14	23	38	18	27	5	14	15	
262_A/chicken/Hunan/HN24 10	11	8	1	14	4	8	4	6	15	0	0	16	1	1	10	8	8	8	3	9	6	3	5	10	12	28	2	12	3	8	7	19	13	18	12	8	5	17	10	22	29	24	30	36	4	21	12	14	14	13	8	7	3	19	7	14	23	38	18	27	5	14	15	
263_A/chicken/Hunan/HN24 11	11	8	1	14	4	8	4	6	15	0	0	16	1	1	10	7	8	8	3	9	6	3	5	10	12	28	2	12	3	8	7	19	13	18	12	8	5	17	10	22	30	24	30	36	3	21	12	15	14	13	8	6	3	19	7	13	24	38	18	27	5	14	15	
264_A/chicken/Hunan/HN24 10	11	8	1	14	4	8	4	6	15	0	0	16	1	1	10	8	8	8	3	9	6	3	5	10	12	28	2	12	3	8	7	19	13	18	12	8	5	17	10	22	30	24	30	36	3	21	12	14	14	13	8	7	3	19	7	14	23	38	18	27	5	14	15	
265_A/chicken/Hunan/HN24 10	11	8	1	14	4	8	4	6	15	0	0	15	1	1	10	8	8	7	3	9	6	3	5	9	12	28	4	14	3	9	5	19	13	16	12	9	6	18	10	21	30	24	30	36	3	21	12	13	13	12	6	7	3	21	9	17	23	37	20	25	5	15	13	
266_A/chicken/Hunan/HN24 10	11	8	1	14	4	8	4	6	15	0	0	16	1	1	10	8	8	8	3	9	6	3	5	10	12	28	2	12	3	8	7	19	13	18	12	8	5	17	10	22	30	24	30	36	3	21	12	14	14	13	8	7	3	19	7	14	23	38	18	27	5	14	15	
267_A/chicken/Hunan/HN25 11	11	8	1	14	4	8	4	6	15	0	0	16	1	1	10	7	8	8	3	9	6	3	5	10	12	28	2	12	3	8	7	19	13	18	12	8	5	17	10	22	30	24	30	36	3	21	12	15	14	13	8	6	3	19	7	13	24	38	18	27	5	14	15	
268_A/chicken/Hunan/HN25 11	11	8	1	14	4	8	4	6	15	0	0	16	1	1	10	7	8	8	3	9	6	3	5	10	12	28	2	12	3	8	7	19	13	18	12	8	5	17	10	22	30	24	30	36	3	21	12	14	14	13	8	7	3	19	7	14	23	38	18	27	5	14	15	
269_A/chicken/Hunan/HN25 11	11	8	1	14	4	8	4	6	15	0	0	16	1	1	10	7	8	8	3	9	6	3	5	10	12	28	2	12	3	8	7	19	13	18	12	8	5	17	10	22	30	24	30	36	3	21	12	14	14	13	8	7	3	19	7	14	23	38	18	27	5	14	15	
270_A/chicken/Hunan/HN25 10	11	8	1	14	4	8	4	6	15	0	0	16	1	1	10	8	8	8	3	9	6	3	5	10	12	28	2	12	3	8	7	19	13	18	12	8	5	17	10	22	30	24	30	36	3	21	12	14	14	13	8	7	3	19	7	14	23	38	18	27	5	14	15	
271_A/chicken/Hunan/HN25 10	11	8	1	14	4	8	4	6	15	0	0	16	1	1	10	8	8	8	3	9	6	3	5	10	12	28	2	12	3	8	7	19	13	18	12	8	5	17	10	22	30	24	30	36	3	21	12	14	14	13	8	7	3	19	7	14	23	38	18	27	5	14	15	
272_A/chicken/Hunan/HN26 10	11	8	1	14	4	8	4	7	15	0	0	14	1	1	10	8	9	7	3	10	5	3	5	8	13	28	4	15	2	9	5	16	12	16	10	11	7	18	12	22	29	23	31	36	4	21	12	13	13	12	6	5	4	21	9	17	23	36	19	25	5	16	14	
273_A/chicken/Hunan/HN26 10	11	8	1	14	4	8	4	7	15	0	0	14	1	1	10	8	9	7	3	10	5	3	5	8	13	28	4	15	2	9	5	16	12	16	10	11	7	18	12	22	29	23	31	36	4	21	12	13	13	12	6	6	3	21	9	17	23	36	19	25	5	16	14	
274_A/chicken/Hunan/HN26 10	11	8	1	14	4	8	4	7	15	0	0	15	1	1	10	8	9	7	3	10	5	3	5	7	13	28	4	15	2	9	5	17	12	16	10	10	7	18	12	22	29	24	30	36	4	21	12	13	13	12	6	6	3	21	9	17	23	36	19	25	5	16	14	
275_A/chicken/Hunan/HN26 10	11	8	1	14	4	8	4	7	15	0	0	14	1	1	10	8	9	7	3	10	5	3	5	8	13	28	4	15	2	9	5	16	12	16	10	11	7	18	12	22	29	24	31	36	4	21	12	13	13	12	6	6	3	21	9	17	23	35	19	25	5	16	14	
276_A/chicken/Hunan/HN30 10	10	8	1	14	5	8	3	6	14	0	0	15	2	1	10	8	8	7	3	9	7	3	6	9	12	28	4	14	3	9	5	18	13	16	12	9	5	17	11	22	30	23	31	36	3	21	12	13	13	14	7	7	3	19	8	17	23	36	18	25	5	16	15	
277_A/chicken/Hunan/HN30 10	11	8	1	14	4	8	3	7	14	0	0	15	2	1	10	8	8	7	3	9	7	3	6	8	12	28	5	14	3	9	5	18	13	16	12	9	5	16	11	22	30	22	30	36	3	22	12	13	13	14	7	7	3	19	8	17	23	37	18	25	5	16	15	
278_A/chicken/Hunan/HN30 10	11	8	1	14	4	8	3	6	14	0	0	15	2	1	10	8	8	7	3	9	7	3	6	9	12	28	4	14	3	9	5	18	13	16	12	9	5	17	11	22	30	23	31	36	3	21	12	13	13	14	7	7	3	19	8	17	23	36	18	25	5	16	15	
279_A/chicken/Hunan/HN30 10	11	8	1	14	4	8	3	6	14	0	0	15	2	1	10	8	8	7	3	9	7	3	6	9	12	28	4	14	3	9	5	18	13	16	12	9	5	17	11	22	30	23	31	36	3	21	12	13	13	14	7	7	3	19	8	17	23	36	18	25	5	16	15	
280_A/chicken/Hunan/HN30 10	11	8	1	14	4	8	3	7	14	0	0	15	2	1	10	8	8	7	3	9	7	3	6	8	12	28	5	14	3	9	5	18	13	16	12	9	5	16	11	22	30	22	30	36	3	22	12	13	13	14	7	7	3	19	8	17	23	37	18	25	5	16	15	
281_A/chicken/Hunan/HN30 10	11	8	1	14	4	8	4	6	15	0	0	15	1	1	10	8	8	7	3	8	6	3	5	9	12	28	3	14	3	9	6	19	14	16	12	8	5	18	10	22	30	23	30	36	3	22	12	14	13	13	7	7	3	20	8	15	23	36	19	27	5	16	14	
282_A/chicken/Hunan/HN30 10	11	8	1	14	4	8	3	6	14	0	0	15	2	1	10	8	8	7	3	9	6	3	6	9	12	28	4	14	3	9	5	18	13	16	12	9	6	17	11	22	30	23	31	36	3	21	12	13	13	14	7	7	3	19	8	17	23	36	18	25	5	16	15	
283_A/chicken/Hunan/HN30 10	11	8	1	14	4	8	3	6	14	0	0	15	2	1	10	8	8	7	3	9	7	3	6	9	12	28	4	14	3	9	5	18	13	16	12	9	5	18	10	22	30	23	31	36	3	21	12	13	13	14	7	7	3	19	8	17	23	36	19	25	5	16	14	
284_A/chicken/Hunan/S100 11	6	8	3	13	8	8	2	8	12	0	0	13	4	1	10	7	8	8	1	8	9	2	6	13	9	22	7	14	3	15	3	13	15	22	7	15	10	12	13	20	26	26	27	31	5	18	16	13	12	19	7	10	6	15	9	23	22	29	14	18	4	23	18	
285_A/chicken/Jiangsu/03 10	9	11	1	14	5	5	4	5	14	0	0	19	3	1	10	10	7	10	1	6	5	0	5	11	12	21	2	10	4	15	5	12	10	17	13	12	13	14	9	23	26	26	27	37	4	20	20	10	8	14	7	13	11	20	8	13	21	29	18	27	5	23	15	
286_A/chicken/Jiangsu/92 11	6	9	1	13	7	7	4	7	14	0	0	18	3	1	10	9	9	8	2	7	4	2	5	7	12	18	4	13	4	18	4	14	11	20	12	12	10	11	10	22	29	29	33	35	5	16	12	15	11	18	8	11	9	16	7	9	21	28	24	28	3	25	9	
287_A/chicken/Jiangsu/10 10	8	10	1	14	7	6	4	6	12	1	0	17	3	0	10	9	8	8	2	5	4	2	5	11	12	18	3	12	5	18	4	13	9	15	13	14	10	18	8	23	29	25	30	36	2	22	15	14	9	16	7	11	10	17	7	14	16	29	22	27	9	23	12	
288_A/chicken/Jiangsu/24 10	8	11	0	14	5	5	5	6	13	0	0	19	4	1	10	10	8	9	1	7	5	1	5	11	11	21	1	9	5	15	5	14	10	16	13	12	13	15	9	21	26	24	30	38	3	21	18	8	10	15	7	13	9	18	8	13	22	33	17	28	4	21	16	
289_A/chicken/Jiangsu/k0 8	6	8	2	16	7	8	3	8	14	0	0	13	3	1	10	7	8	9	1	8	8	1	5	11	9	19	5	15	4	18	5	16	15	21	9	14	12	12	13	19	23	27	29	33	7	17	14	16	9	17	7	8	4	16	8	20	25	28	19	19	5	24	14	
290_A/chicken/Jiangsu/SE 10	8	11	0	14	5	5	5	5	13	1	0	19	4	0	10	10	8	9	1	7	5	1	5	12	13	21	1	9	3	15	5	14	11	15	12	13	12	16	10	22	26	24	32	36	3	21	16	9	10	16	7	11	9	17	8	13	22	32	19	29	4	22	14	
291_A/chicken/Jiangsu/WX 11	6	7	2	13	7	9	3	9	15	0	0	13	2	1	10	9	9	7	1	7	8	3	6	12	10	21	7	12	2	16	2	18	16	25	8	12	8	8	13	21	25	25	26	33	5	20	16	13	11	17	8	9	7	17	7	17	23	28	18	22	5	24	15	
292_A/chicken/Jiangsu/WX 11	6	7	2	13	7	9	3	8	15	0	0	14	2	1	10	9	9	7	1	7	8	3	6	12	10	21	7	12	2	16	2	18	15	26	8	12	8	8	13	21	26	25	26	33	5	20	16	13	11	16	8	9	7	17	7	17	23	28	18	22	5	24	15	
293_A/chicken/Jiangsu/XZ 10	8	10	1	14	5	6	4	4	13	0	0	19	4	1	10	10	10	9	3	4	4	1	5	11	10	18	2	12	5	18	4	14	8	16	14	14	10	16	7	22	31	22	31	35	1	20	19	13	9	16	7	11	11	18	8	14	19	29	20	28	6	23	13	
294_A/chicken/Jiangsu/YB 10	8	11	1	14	5	5	4	5	14	0	0	19	3	1	10	10	7	10	1	6	6	0	5	11	12	21	2	10	5	15	5	13	10	17	13	12	12	14	9	23	27	26	28	37	4	20	19	9	8	14	6	12	11	20	9	13	21	29	18	28	4	23	15	
295_A/chicken/Jiangxi/01 9	8	11	2	15	6	5	3	4	14	1	0	18	2	0	10	10	7	9	2	4	6	1	5	13	12	18	2	11	4	18	4	15	6	15	15	14	12	16	7	19	30	26	27	33	3	18	18	14	10	13	7	12	9	20	6	13	20	28	22	27	6	23	13	
296_A/chicken/Jiangxi/02 11	6	6	2	13	7	10	3	9	15	0	0	15	2	1	10	10	9	7	1	5	8	3	6	12	10	21	6	11	2	16	2	18	16	24	8	14	8	9	13	21	25	25	26	33	5	20	17	12	11	19	8	8	8	15	7	16	22	28	19	23	5	24	14	
297_A/chicken/Jiangxi/02 9	8	11	2	15	7	5	3	4	14	1	0	18	2	0	10	10	7	9	2	4	6	1	5	13	13	18	2	11	3	18	4	15	6	15	15	14	12	16	7	19	30	26	27	33	3	18	18	14	10	13	7	12	8	20	6	13	20	28	22	27	6	23	13	
298_A/chicken/Jiangxi/04 9	8	11	2	15	6	5	3	4	14	1	0	18	2	0	10	10	7	9	2	4	6	1	5	14	13	18	2	11	3	18	4	14	6	15	15	15	12	16	7	20	30	27	29	34	3	18	18	14	10	14	7	12	9	20	6	13	20	30	22	27	6	23	13	
299_A/chicken/Jiangxi/04 9	8	11	2	15	6	5	3	4	14	1	0	18	2	0	10	10	7	9	2	4	6	1	5	13	13	18	2	11	3	18	4	15	6	15	15	14	12	16	7	19	29	26	27	33	3	18	18	14	10	13	7	12	9	20	6	13	21	28	22	27	6	23	13	
300_A/chicken/Jiangxi/04 9	8	11	2	15	6	5	3	4	14	1	0	18	2	0	10	10	7	9	2	4	6	1	5	13	13	17	3	11	3	18	4	16	6	15	15	13	12	16	7	19	30	26	27	33	3	18	18	14	10	13	7	12	9	20	6	13	20	28	22	27	6	23	13	
301_A/chicken/Jiangxi/04 9	8	11	2	15	6	5	3	4	14	1	0	18	2	0	10	10	7	9	2	4	6	1	5	13	13	18	2	11	3	18	4	15	6	15	15	14	12	16	7	20	29	26	27	33	3	18	18	14	10	13	7	12	9	20	6	13	20	28	22	27	6	23	13	
302_A/chicken/Jiangxi/04 10	6	7	2	14	7	9	3	7	14	0	0	14	3	1	10	9	10	9	1	6	7	1	6	12	10	22	7	13	2	15	2	15	15	24	7	14	9	10	13	20	27	22	22	32	4	19	21	13	12	17	8	10	6	16	7	15	23	26	20	22	5	24	13	
303_A/chicken/Jiangxi/04 9	9	10	1	15	4	7	4	6	14	1	0	19	3	0	10	10	8	7	2	5	6	2	5	9	9	20	2	10	6	16	5	15	11	13	13	13	10	18	10	22	26	21	23	33	2	22	21	16	8	15	10	11	10	18	4	12	19	26	29	28	8	25	5	
304_A/chicken/Jiangxi/04 9	8	11	2	15	6	5	3	4	14	1	0	18	2	0	10	10	7	9	2	4	6	1	5	13	13	18	2	11	3	18	4	15	6	15	15	14	12	16	7	19	30	26	27	33	3	18	18	14	10	13	7	12	9	20	6	13	20	28	22	27	6	23	13	
305_A/chicken/Jiangxi/04 9	8	11	2	15	6	5	3	4	14	1	0	18	2	0	10	10	7	9	2	4	6	1	5	14	13	18	2	11	3	18	4	15	6	15	15	14	12	16	7	20	30	27	29	34	3	18	18	14	10	14	7	12	9	20	6	13	20	30	22	27	6	23	13	
306_A/chicken/Jiangxi/04 12	7	10	1	12	7	6	4	6	14	1	0	17	2	0	10	10	8	9	2	4	5	1	4	10	11	18	4	14	5	18	4	15	8	14	15	14	10	17	7	21	30	26	28	33	3	19	18	13	9	15	6	13	10	19	6	13	22	28	23	27	4	25	13	
307_A/chicken/Jiangxi/04 9	8	11	2	15	6	5	3	4	14	1	0	18	2	0	10	10	7	9	2	4	6	1	5	13	13	18	2	11	3	18	4	15	6	15	15	14	12	16	7	19	30	26	27	33	3	18	18	14	9	13	7	12	10	20	6	13	20	28	22	27	6	23	13	
308_A/chicken/Jiangxi/04 9	8	11	2	15	6	5	3	4	14	1	0	18	2	0	10	10	7	9	2	4	6	1	5	13	13	18	2	11	3	18	4	15	6	15	15	14	12	16	7	19	30	26	27	33	3	18	18	14	9	13	7	12	10	20	6	13	20	29	22	27	6	22	13	
309_A/chicken/Jiangxi/04 9	8	11	2	15	6	5	3	4	14	1	0	18	2	0	10	10	7	9	2	4	6	1	5	13	13	18	2	11	3	18	4	15	6	15	15	14	12	16	7	19	30	26	27	33	3	18	18	14	10	13	7	12	9	20	6	13	20	28	23	27	6	23	12	
310_A/chicken/Jiangxi/04 10	8	11	1	14	6	5	4	4	13	1	0	17	3	0	10	10	7	9	2	4	6	1	5	13	12	18	2	12	4	18	4	16	6	15	15	13	12	16	7	19	30	26	27	34	3	18	18	15	10	12	7	12	10	21	6	13	19	28	22	25	6	23	13	
311_A/chicken/Jiangxi/05 9	8	11	2	15	6	5	3	4	14	1	0	18	2	0	10	10	7	9	2	4	6	1	5	13	13	17	3	11	3	19	3	14	6	16	15	14	12	15	7	20	30	26	27	33	3	18	18	14	10	13	7	12	9	20	6	14	20	28	21	26	6	23	14	
312_A/chicken/Jiangxi/10 10	8	11	1	14	5	5	4	6	14	1	0	18	3	0	10	10	8	10	2	4	5	0	4	11	11	21	3	11	5	15	4	15	9	17	11	14	10	14	10	20	28	23	24	35	4	24	21	15	10	15	6	13	8	19	9	14	22	29	20	25	4	24	14	
313_A/chicken/Jiangxi/12 9	8	11	1	15	6	5	4	4	14	1	0	17	2	0	10	10	7	9	2	4	6	1	5	13	12	18	2	12	4	18	4	15	6	15	15	14	12	16	7	19	30	26	28	33	3	18	17	14	10	13	7	12	9	20	6	13	20	28	22	27	6	23	13	
314_A/chicken/Jiangxi/12 10	8	11	1	14	6	5	4	4	14	1	0	17	2	0	10	10	7	9	2	4	6	1	5	13	12	18	2	12	4	18	4	15	6	15	15	14	12	16	7	19	30	26	27	33	3	18	18	15	10	12	7	12	9	21	6	13	20	28	22	26	6	23	13	
315_A/chicken/Jiangxi/12 10	8	10	1	14	6	6	4	5	14	1	0	17	2	0	10	10	7	9	2	4	6	1	5	13	12	18	2	12	4	18	4	15	6	15	15	14	12	16	7	20	30	27	29	34	3	18	18	14	10	14	7	12	9	20	6	13	20	30	22	27	6	23	13	
316_A/chicken/Jiangxi/12 13	7	11	1	11	6	6	4	5	14	1	0	17	2	0	10	10	8	9	2	4	5	1	5	10	11	18	3	14	5	18	4	15	8	15	14	14	9	17	7	19	32	25	27	32	3	19	17	13	9	13	7	13	10	20	6	14	20	28	23	27	5	23	12	
317_A/chicken/Jiangxi/12 10	8	11	1	14	6	5	4	4	14	1	0	17	2	0	10	10	7	9	2	4	6	1	5	14	12	18	2	12	4	18	4	15	6	15	15	14	12	16	7	20	30	27	29	34	3	18	18	15	10	13	7	12	9	21	6	13	20	30	22	26	6	23	13	
318_A/chicken/Jiangxi/25 10	6	7	2	14	7	9	3	8	15	0	0	13	2	1	10	9	9	9	1	6	9	1	6	12	10	22	5	14	1	15	3	16	16	23	7	14	10	10	14	22	24	26	26	33	6	17	19	15	12	19	7	8	3	15	8	15	24	28	18	22	5	24	15	
319_A/Chicken/Jiangxi/45 9	8	11	2	15	6	5	3	4	14	1	0	18	2	0	10	10	7	9	2	4	6	1	5	14	13	18	2	12	3	18	4	15	7	15	15	14	11	16	7	20	30	27	28	33	3	18	19	14	10	14	7	12	9	20	6	13	20	30	22	27	6	23	13	
320_A/chicken/Jiangxi/S4 13	7	10	0	11	7	7	5	6	12	0	0	21	5	1	10	8	10	8	1	8	3	3	6	6	12	19	4	12	3	16	4	13	11	19	11	14	9	11	12	23	30	28	25	35	3	17	19	14	14	18	8	10	9	15	7	11	19	30	23	27	3	23	11	
321_A/chicken/Jilin/04.1 11	6	7	2	13	7	9	3	9	15	0	0	13	2	1	10	9	9	7	1	6	8	3	6	12	10	21	5	11	2	16	3	18	16	24	8	14	8	9	13	20	25	24	23	32	5	19	19	15	11	18	8	6	7	15	7	18	23	27	18	20	5	23	15	
322_A/chicken/Jilin/04.1 10	8	11	0	14	5	5	5	5	13	0	0	21	4	1	10	10	8	9	1	7	5	1	5	11	11	21	1	10	5	15	5	15	10	16	13	11	12	15	9	21	27	24	30	35	3	21	18	8	9	14	7	13	11	19	8	13	20	34	18	29	5	20	15	
323_A/chicken/Jilin/04.1 10	8	11	0	14	5	5	5	5	13	0	0	21	4	1	10	10	8	9	1	7	5	1	5	11	11	21	1	10	5	15	5	15	10	16	13	11	12	15	9	21	27	24	30	35	3	21	18	8	9	14	7	13	11	19	8	13	20	34	18	29	5	20	15	
324_A/chicken/Jilin/04.1 10	8	11	0	14	5	5	5	5	13	0	0	21	4	1	10	10	8	9	1	7	5	1	5	11	11	21	1	10	5	15	5	15	10	16	13	11	12	15	9	21	27	24	30	35	3	21	18	8	9	14	7	13	11	19	8	13	20	34	18	29	5	20	15	
325_A/chicken/Jilin/04.1 10	8	11	0	14	5	5	5	5	13	0	0	21	4	1	10	10	8	9	1	7	5	1	5	11	11	21	1	10	5	15	5	15	10	16	13	12	11	15	9	21	27	24	30	35	3	21	18	8	9	14	7	13	11	19	8	13	20	34	18	29	5	20	15	
326_A/chicken/Jilin/04.2 10	8	11	0	14	5	5	5	5	13	0	0	22	4	1	10	10	8	9	1	7	5	1	5	11	11	22	1	10	5	14	5	15	10	17	13	11	12	15	9	21	27	24	30	34	3	20	18	8	9	14	7	13	11	19	8	13	20	34	18	29	5	20	15	
327_A/chicken/Jilin/S125 11	7	10	2	13	6	6	3	7	16	1	0	15	1	0	10	11	8	9	2	4	5	1	4	10	12	22	3	12	4	14	4	16	9	17	12	12	10	14	10	21	29	20	24	36	3	26	22	14	12	16	6	13	8	18	8	10	21	30	20	30	3	23	14	
328_A/chicken/Jilin/S127 11	7	9	2	13	6	6	3	7	16	1	0	15	1	0	10	10	8	10	2	4	5	1	4	11	12	22	3	12	4	14	4	16	9	17	12	12	10	14	10	21	29	20	24	36	3	26	22	14	12	16	6	13	8	18	8	11	21	31	20	29	3	22	14	
329_A/chicken/Kaohsiung/ 9	9	11	2	15	5	4	3	6	14	0	0	19	2	1	10	10	9	9	2	6	4	2	5	9	12	16	2	11	4	21	5	16	9	19	12	11	10	12	10	22	30	24	30	35	4	20	16	10	9	16	6	13	10	18	9	9	20	30	20	31	6	23	13	
330_A/chicken/Kaohsiung/ 9	9	11	2	15	5	5	3	6	14	0	0	19	2	1	10	10	10	8	2	6	4	2	4	9	11	15	4	11	4	21	5	16	9	19	12	12	10	12	10	21	31	25	29	35	4	20	16	10	9	16	6	13	9	18	9	9	20	30	20	30	7	23	13	
331_A/chicken/Kaohsiung/ 9	9	11	2	15	5	5	3	6	14	0	0	19	2	1	10	10	10	9	2	6	4	1	5	9	11	15	3	11	4	21	5	16	9	19	12	11	10	12	10	21	31	24	30	35	4	20	16	10	9	16	6	14	9	18	9	9	20	30	20	31	6	23	13	
332_A/chicken/Kaohsiung/ 9	9	11	2	15	5	4	3	6	14	0	0	19	2	1	10	10	9	9	2	6	4	2	5	9	12	16	2	11	4	21	5	16	9	19	12	11	10	12	10	22	30	24	30	35	4	20	16	10	9	16	6	13	10	18	9	9	20	30	20	31	6	23	13	
333_A/chicken/Kaohsiung/ 9	9	11	2	15	5	5	3	6	14	0	0	18	2	1	10	10	9	9	2	6	4	1	5	9	12	15	3	12	4	21	5	16	9	19	12	11	10	12	10	21	30	25	30	35	4	20	16	10	10	16	6	14	8	18	9	9	20	30	20	31	6	23	13	
334_A/chicken/Kaohsiung/ 9	9	11	2	15	5	5	3	6	14	0	0	19	2	1	10	10	10	9	2	6	4	1	5	9	11	14	4	11	4	22	5	15	9	20	12	11	10	11	10	21	31	24	29	34	5	20	16	11	9	16	6	14	9	18	9	9	20	30	20	32	5	23	13	
335_A/chicken/Kaohsiung/ 9	9	11	2	15	5	5	3	6	14	0	0	19	2	1	10	10	10	9	2	6	4	1	5	9	11	16	3	11	4	20	5	16	10	19	12	11	10	12	10	21	31	24	30	35	3	20	16	10	10	16	6	15	8	18	9	9	20	30	21	31	5	23	12	
336_A/chicken/Kaohsiung/ 12	8	7	1	12	5	9	4	5	13	0	0	22	4	1	10	8	9	8	2	8	3	3	5	7	12	19	4	11	5	16	4	15	11	19	13	15	7	12	10	19	32	27	29	36	3	20	15	12	10	19	8	14	10	15	6	12	20	30	21	25	4	22	12	
337_A/chicken/Kaohsiung/ 12	8	7	1	12	5	9	4	5	13	0	0	22	4	1	10	8	9	8	2	8	3	3	5	7	12	21	4	12	5	15	4	15	11	19	13	15	7	12	10	19	32	28	28	35	3	19	15	12	9	21	8	14	11	13	6	13	20	30	22	24	4	22	11	
338_A/chicken/Kaohsiung/ 12	8	10	1	12	5	6	4	5	15	0	0	20	2	1	10	8	10	7	2	8	4	3	5	7	8	21	2	13	7	15	6	17	10	20	10	12	9	12	11	21	28	29	32	37	6	16	13	12	12	16	6	12	8	18	8	9	20	30	24	27	5	23	10	
339_A/chicken/Kaohsiung/ 12	8	10	1	12	5	6	4	5	15	0	0	20	2	1	10	8	10	7	2	8	4	3	5	7	8	21	2	13	7	15	6	17	10	20	10	12	9	12	11	21	28	29	32	37	6	16	13	12	12	16	6	12	8	18	8	9	20	30	24	27	5	23	10	
340_A/chicken/Liaoning/S 11	6	8	3	12	9	9	2	9	14	1	0	10	2	0	10	7	7	6	2	9	8	3	6	10	9	23	3	17	5	13	5	12	12	22	9	16	9	12	12	19	26	32	28	35	3	14	16	14	14	15	7	9	6	18	6	21	22	24	19	22	5	28	14	
341_A/chicken/Liaoning/S 11	7	10	2	13	6	6	3	6	15	1	0	16	2	0	10	10	8	9	2	4	5	1	4	11	12	22	3	13	4	14	4	15	9	16	12	13	10	15	10	21	29	22	24	35	3	23	23	14	11	16	6	13	8	18	8	11	21	31	20	29	4	22	14	
342_A/chicken/Miaoli/150 10	6	7	0	14	8	9	5	7	15	0	0	13	1	1	10	7	8	7	2	7	5	4	5	11	13	25	5	17	3	10	4	19	11	20	9	13	9	11	13	19	28	28	34	34	4	16	11	9	8	18	8	13	8	16	8	18	25	27	18	23	4	25	14	
343_A/chicken/Nantou/161 9	9	11	2	15	5	5	3	6	14	0	0	19	2	1	10	10	9	9	2	6	4	1	5	9	12	15	3	11	4	21	5	16	9	19	12	11	10	12	10	21	31	24	30	35	4	20	16	9	10	17	6	15	8	17	9	9	21	28	20	31	6	24	13	
344_A/chicken/New_Taipei 9	9	11	2	15	5	5	3	6	14	0	0	18	2	1	10	10	10	9	2	6	4	1	5	9	11	16	3	11	4	20	5	16	9	19	12	11	10	12	10	21	32	24	29	36	3	20	17	10	10	16	6	15	8	18	9	9	20	30	21	31	5	23	12	
345_A/chicken/New_Taipei 9	9	11	2	15	5	5	3	6	14	0	0	19	2	1	10	10	10	9	2	6	4	1	5	9	11	16	3	11	4	20	5	16	9	19	12	11	10	12	10	21	32	24	30	35	3	20	16	10	10	16	6	15	8	18	9	10	20	30	21	30	5	23	12	
346_A/chicken/New_Taipei 12	8	7	1	12	5	9	4	6	13	0	0	21	4	1	10	8	9	8	2	8	3	3	5	7	12	20	4	11	5	15	4	16	10	19	13	14	8	12	10	19	32	27	28	36	3	20	16	11	9	20	8	15	11	14	6	13	20	30	22	24	4	22	11	
347_A/chicken/New_Taipei 10	9	11	2	14	5	5	3	6	14	0	0	19	2	1	10	10	10	9	2	6	4	1	5	9	10	15	3	10	5	21	5	16	10	19	12	10	9	12	10	22	32	25	31	36	4	17	17	9	8	19	6	14	10	17	9	10	20	29	21	30	6	21	13	
348_A/chicken/New_Taipei 10	9	11	2	14	5	5	3	6	14	0	0	19	2	1	10	10	10	8	2	6	4	2	5	9	10	15	3	10	5	21	5	16	10	20	12	11	9	11	10	22	32	24	31	37	3	18	17	9	9	19	6	14	9	17	9	8	20	29	21	31	6	21	13	
349_A/chicken/New_Taipei 10	9	11	2	14	5	5	3	6	14	0	0	19	2	1	10	10	10	8	2	6	4	2	5	9	10	15	3	10	5	21	5	16	10	20	12	11	9	11	10	21	32	24	31	36	4	18	17	9	9	19	6	14	9	17	9	9	20	29	21	31	6	21	13	
350_A/chicken/New_Taipei 10	9	11	2	14	5	5	3	6	14	0	0	19	2	1	10	10	10	8	2	6	4	2	5	9	10	15	3	10	5	21	5	16	10	20	12	11	9	11	10	22	32	24	31	36	4	18	17	9	9	18	7	14	9	16	10	8	20	29	21	31	6	21	13	
351_A/chicken/New_Taipei 12	8	7	1	12	5	9	4	6	13	0	0	21	4	1	10	9	9	8	2	8	3	3	5	7	12	18	6	10	5	17	3	13	11	19	13	15	8	12	10	19	32	29	29	36	3	17	15	13	10	20	8	14	10	14	6	13	20	31	22	24	4	21	11	
352_A/chicken/Ningxia/2/ 11	7	8	3	12	8	9	2	9	14	1	0	11	2	0	10	7	8	6	2	9	8	3	6	9	9	23	4	16	4	13	5	13	12	21	9	16	9	12	12	19	26	33	28	35	3	13	15	14	14	16	7	9	6	18	6	21	22	25	20	22	5	27	13	
353_A/chicken/Ningxia/22 11	7	8	3	12	8	9	2	9	14	0	0	11	2	1	10	7	8	6	2	9	8	3	6	9	9	23	4	16	4	13	5	13	12	20	9	16	9	12	12	19	26	34	28	35	3	13	15	14	14	16	7	9	6	18	6	21	22	25	20	22	5	27	13	
354_A/chicken/PH/A2821/2 9	7	7	4	15	6	9	1	8	15	0	0	10	1	1	10	8	7	9	2	6	2	1	4	11	15	25	3	18	4	11	4	11	18	15	10	18	6	15	13	22	27	24	34	36	1	21	14	14	10	22	7	10	7	12	9	18	26	25	20	21	2	27	12	
355_A/chicken/Pingtung/1 12	8	8	1	12	5	8	4	5	14	1	0	21	3	0	10	8	9	8	2	8	3	2	5	7	11	19	4	12	6	17	4	15	10	19	12	15	8	12	10	20	31	27	32	36	3	18	13	12	12	20	10	13	11	14	5	13	17	30	22	25	4	23	11	
356_A/chicken/Pingtung/1 12	8	8	1	12	5	8	4	5	14	0	0	22	3	1	10	8	9	8	2	7	3	2	5	8	11	18	4	11	6	18	4	15	11	19	12	16	8	13	9	20	30	27	30	36	3	17	16	14	12	21	9	12	10	13	6	11	18	30	21	25	4	23	12	
357_A/chicken/Pingtung/1 12	7	8	1	12	6	8	4	5	14	1	0	23	4	0	10	8	9	8	2	8	3	3	5	7	12	19	4	10	5	16	4	15	11	19	13	15	7	12	10	19	32	26	30	36	3	21	14	13	10	19	8	13	10	15	6	12	19	28	21	25	4	24	12	
358_A/chicken/Pingtung/1 12	8	7	1	12	5	9	4	5	13	0	0	22	4	1	10	9	9	8	2	8	3	3	5	7	12	18	6	10	5	17	3	13	11	19	13	15	8	12	10	19	32	29	29	36	3	17	15	12	10	20	8	15	10	14	6	13	20	32	22	24	4	20	11	
359_A/chicken/PT/a158/20 10	9	6	4	14	4	10	1	7	14	0	0	12	2	1	10	9	8	8	2	6	2	2	4	11	15	26	4	16	3	10	3	13	19	15	11	15	5	14	12	22	26	26	30	36	1	21	16	16	10	22	8	11	10	13	10	17	24	24	20	20	2	28	10	
360_A/chicken/Qingdao/1/ 10	8	10	1	14	5	6	4	4	13	1	0	19	4	0	10	10	10	9	3	4	4	1	5	11	10	18	2	12	5	18	4	14	8	16	14	14	10	16	7	23	31	22	30	35	1	20	19	13	8	16	7	11	11	18	7	15	19	29	21	28	7	22	13	
361_A/chicken/SC/a688/20 10	8	8	4	14	5	8	1	9	14	0	0	11	1	1	10	8	6	8	2	6	3	2	4	11	14	25	2	16	5	11	5	9	20	14	11	19	4	14	13	21	28	28	32	37	1	18	15	16	10	23	9	9	6	13	6	21	28	25	22	17	2	26	11	
362_A/chicken/Shaanxi/SD 9	9	6	3	15	4	10	2	7	17	0	0	16	0	1	10	8	8	8	2	6	7	2	5	12	13	22	6	12	1	15	3	12	13	15	13	16	7	16	9	23	33	23	30	35	0	21	14	10	10	21	8	9	8	13	6	13	21	31	20	30	5	22	14	
363_A/chicken/Shandong/1 10	8	11	1	14	5	5	4	5	14	0	0	19	3	1	10	10	7	10	1	6	5	0	5	12	12	21	2	9	5	15	5	11	10	17	13	13	13	14	9	23	26	26	27	37	4	20	20	11	8	14	7	12	11	20	8	13	21	30	18	27	5	22	15	
364_A/Chicken/Shandong/J 7	6	9	2	17	7	6	3	5	15	1	0	15	2	0	10	9	6	9	1	5	8	2	5	13	9	21	3	14	6	16	5	16	15	20	11	14	6	12	11	18	27	26	27	33	4	19	18	18	12	15	7	8	7	18	9	19	24	33	19	21	3	20	13	
365_A/Chicken/Shandong/J 11	7	8	3	12	8	9	2	8	14	1	0	10	2	0	10	7	7	6	2	9	8	3	6	11	9	23	3	17	5	13	6	12	12	21	9	16	9	12	12	19	27	31	27	35	4	15	16	14	13	16	7	9	7	18	6	23	22	25	21	19	4	27	12	
366_A/Chicken/Shandong/J 11	5	8	3	12	10	9	2	8	14	1	0	11	2	0	10	7	7	6	2	8	8	3	6	11	9	23	4	17	5	13	5	12	12	20	9	15	9	13	12	20	28	31	28	35	2	15	15	14	14	16	7	9	6	18	6	22	22	27	23	21	4	25	10	
367_A/Chicken/Shandong/J 11	7	8	3	12	8	9	2	9	14	1	0	11	2	0	10	7	7	6	2	9	8	3	6	10	10	23	3	16	4	13	6	12	12	21	9	16	9	12	12	19	26	32	28	35	3	14	15	14	14	16	7	9	6	18	6	21	23	24	20	22	4	28	13	
368_A/Chicken/Shandong/J 9	6	7	2	15	7	9	3	8	14	1	0	13	3	0	10	7	8	9	2	8	8	1	4	11	9	19	6	15	4	18	4	15	15	20	9	15	11	14	13	20	23	26	30	33	7	18	13	17	9	16	8	8	4	16	7	20	24	29	20	19	5	23	13	
369_A/chicken/Shandong/K 10	7	6	1	14	7	10	4	8	15	0	0	12	1	1	10	7	8	5	2	7	5	5	4	7	10	26	6	21	6	10	3	19	12	21	9	12	8	11	12	20	27	28	34	34	5	16	11	12	8	18	6	11	8	16	9	13	25	24	20	28	3	29	13	
370_A/chicken/Shandong/S 10	8	10	1	14	5	6	4	4	13	1	0	19	4	0	10	10	10	9	3	4	4	1	5	11	10	18	2	12	5	18	4	14	8	16	14	14	10	16	7	22	31	23	30	35	1	20	19	13	8	16	7	11	11	18	7	14	19	30	21	28	7	22	13	
371_A/chicken/Shanghai/S 10	8	11	0	14	5	5	5	5	14	0	0	19	3	1	10	10	7	9	1	7	6	1	5	12	11	22	1	8	5	14	5	14	11	17	12	12	12	14	10	22	26	23	30	35	3	22	19	8	10	15	7	13	9	18	8	13	22	30	20	30	4	23	14	
372_A/chicken/Shanghai/S 10	8	11	0	14	6	5	5	6	13	0	0	20	4	1	10	9	8	9	1	8	4	1	5	10	13	21	1	9	3	15	5	14	10	15	12	13	13	16	10	22	26	24	31	37	3	21	17	8	9	16	7	12	10	17	8	12	22	32	17	29	4	22	16	
373_A/chicken/Shanxi/04. 10	9	8	1	14	5	8	4	7	13	0	0	13	3	1	10	7	9	7	3	11	6	3	5	12	13	27	4	13	2	10	5	19	15	14	10	8	6	19	11	22	30	25	30	36	3	20	13	12	13	14	8	6	4	20	7	20	22	37	21	22	4	14	12	
374_A/chicken/Shanxi/12. 10	10	8	1	14	5	8	4	5	15	0	0	17	1	1	10	8	7	9	2	9	6	2	6	10	12	28	3	12	3	9	6	20	13	20	12	8	5	15	10	22	29	26	28	36	3	20	13	12	14	13	7	7	3	19	9	14	24	39	18	28	5	13	14	
375_A/chicken/Shenzhen/4 11	5	7	2	13	8	9	3	9	15	0	0	13	2	1	10	9	9	7	1	6	8	3	6	13	10	21	7	13	2	15	2	16	16	25	8	15	8	8	13	21	25	23	26	33	5	22	16	13	11	19	8	8	7	15	7	17	23	30	18	23	4	22	15	
376_A/chicken/Shenzhen/5 11	6	7	2	13	7	9	3	9	15	0	0	13	2	1	10	9	9	7	1	6	8	3	6	13	10	21	7	13	2	16	2	17	16	24	8	14	8	9	13	21	25	25	24	31	5	20	18	14	11	19	8	7	7	15	7	16	23	29	18	24	5	23	15	
377_A/chicken/Shenzhen/7 11	5	7	2	13	8	9	3	9	15	0	0	13	2	1	10	9	9	7	1	6	8	3	6	13	10	21	7	13	2	15	2	16	16	25	8	15	8	8	13	21	25	23	26	33	5	22	16	13	11	19	8	8	7	15	7	17	23	30	18	23	4	22	15	
378_A/chicken/Shenzhen/1 13	7	7	2	11	7	9	3	9	15	0	0	13	1	1	10	9	9	7	1	6	8	3	6	13	10	22	7	12	2	15	2	18	16	25	7	13	8	8	14	21	25	25	25	33	5	20	17	13	11	19	7	8	7	15	8	17	23	29	18	22	5	23	15	
379_A/chicken/Shenzhen/1 10	6	7	2	14	7	9	3	9	15	0	0	13	2	1	10	10	10	9	1	6	7	1	6	13	10	22	8	13	2	15	2	14	15	23	7	14	9	10	14	21	27	25	22	33	4	18	21	13	13	18	8	10	5	16	7	14	23	28	20	23	5	24	13	
380_A/chicken/Shenzhen/2 11	6	7	2	13	7	9	3	9	15	0	0	13	2	1	10	9	9	7	1	6	8	3	6	13	10	21	7	12	2	16	2	17	16	24	8	14	8	9	13	21	25	24	24	33	5	21	18	14	11	19	8	7	7	15	7	16	23	28	18	23	5	24	15	
381_A/chicken/Shenzhen/2 11	6	7	2	14	7	9	3	8	15	0	0	14	2	1	10	9	9	7	1	5	8	3	6	13	10	21	7	13	2	16	2	17	16	24	8	14	8	9	13	21	25	25	25	31	5	20	18	14	10	19	8	7	7	15	7	16	24	29	17	24	5	23	15	
382_A/chicken/Shenzhen/2 11	6	7	2	13	7	9	3	9	15	0	0	13	2	1	10	9	9	7	1	6	8	3	6	13	10	21	7	13	2	16	2	17	16	24	8	14	9	9	13	21	25	25	24	31	5	20	18	14	10	19	8	7	7	15	7	16	24	29	18	24	4	23	15	
383_A/chicken/Shijiazhua 11	8	12	0	13	5	5	5	5	13	1	0	18	4	0	10	11	9	8	2	3	4	1	5	11	10	18	3	12	6	18	4	15	9	15	16	13	10	16	6	23	30	26	31	36	1	21	15	12	9	16	8	11	11	18	6	13	19	29	22	28	5	23	12	
384_A/chicken/Sichuan/k1 10	11	8	1	14	4	8	4	7	15	0	0	14	1	1	10	7	7	7	3	9	7	3	5	9	12	29	4	15	3	8	5	18	13	16	12	8	7	18	10	22	31	24	28	36	1	21	14	13	13	13	7	7	3	20	7	18	23	37	18	25	5	15	16	
385_A/chicken/Sichuan/NC 10	6	7	2	14	7	9	3	9	15	0	0	13	2	1	10	9	10	9	1	6	7	1	6	13	10	22	8	13	2	15	2	15	15	23	8	14	9	10	13	21	27	24	22	34	3	20	20	13	13	18	8	10	5	16	7	14	23	28	20	23	5	24	13	
386_A/Chicken/Suzhou/j5/ 10	12	8	1	14	4	8	4	9	14	0	0	12	1	1	10	7	6	7	3	9	8	3	5	9	12	28	4	14	3	9	5	19	13	17	12	8	6	17	10	23	30	23	29	36	3	20	15	13	12	12	7	7	4	21	7	16	22	33	19	26	6	19	15	
387_A/Chicken/Suzhou/j6/ 10	12	8	1	14	4	8	4	9	14	0	0	12	1	1	10	7	6	7	3	9	8	3	5	9	12	28	4	14	3	9	5	19	13	17	12	8	6	17	10	23	30	23	29	36	3	20	15	13	12	12	7	7	4	21	7	16	22	33	19	26	6	19	15	
388_A/chicken/Taichung/1 13	8	8	1	11	5	8	4	5	14	0	0	22	3	1	10	8	9	8	2	8	3	2	5	7	11	19	4	11	6	17	4	15	10	18	12	15	8	13	10	20	32	27	32	36	2	18	13	12	12	20	9	14	10	14	6	12	18	30	22	25	4	23	11	
389_A/chicken/Taichung/1 11	8	8	1	13	5	8	4	5	15	0	0	22	2	1	10	8	8	8	2	8	4	2	5	8	11	18	4	11	6	18	4	15	10	19	12	17	8	13	10	20	30	27	31	35	3	17	14	13	11	20	10	11	11	14	6	12	19	30	20	24	5	23	12	
390_A/chicken/Taichung/1 11	8	8	1	13	5	8	4	5	15	0	0	22	2	1	10	8	8	8	2	8	4	2	5	8	11	18	4	11	6	18	4	15	11	17	11	17	8	13	11	20	30	27	30	35	3	18	15	13	11	20	10	11	11	14	6	12	18	29	20	25	5	24	12	
391_A/chicken/Taichung/1 10	6	7	0	14	8	9	5	7	14	0	0	13	2	1	10	7	8	7	2	7	5	4	4	10	13	25	6	17	3	10	4	18	12	19	9	14	8	11	13	19	28	27	34	35	4	18	11	10	8	18	7	12	8	16	9	18	25	27	18	23	4	25	14	
392_A/chicken/Tainan/150 9	9	11	2	15	5	5	3	6	14	0	0	19	2	1	10	10	10	9	2	6	4	1	5	9	11	15	3	11	4	21	5	16	9	18	12	11	11	13	10	21	30	24	29	35	4	21	16	11	9	16	6	14	9	18	9	8	20	28	21	31	6	24	13	
393_A/chicken/Tainan/160 11	7	8	1	13	6	8	4	7	14	0	0	19	3	1	10	8	9	7	2	7	3	2	5	7	11	19	4	13	6	17	4	15	10	20	11	16	8	12	11	19	31	27	33	36	3	18	12	13	13	22	8	13	10	13	7	12	18	30	21	25	3	22	12	
394_A/chicken/Tainan/170 9	9	11	2	15	5	5	3	5	14	0	0	19	2	1	10	10	10	9	2	6	4	1	5	10	11	15	3	11	4	21	5	15	8	19	12	12	10	12	10	20	31	24	30	36	4	20	16	10	10	17	6	14	9	17	9	11	20	31	22	29	6	22	11	
395_A/chicken/Taipei_Cit 10	9	11	2	14	5	5	3	6	14	0	0	19	2	1	10	10	10	8	2	6	4	2	5	9	10	15	3	10	5	21	5	16	10	20	12	10	9	11	9	22	32	23	31	36	4	19	17	8	9	19	6	15	10	17	10	8	19	29	21	31	7	21	13	
396_A/chicken/Taipei_Cit 12	8	7	1	12	5	9	4	5	13	0	0	23	4	1	10	8	9	8	2	8	3	3	5	7	12	18	5	10	5	17	4	13	11	18	14	19	7	12	10	19	31	28	27	37	4	19	15	13	10	20	8	11	10	15	6	13	20	29	22	24	4	22	11	
397_A/chicken/Taipei_Cit 12	8	7	1	12	5	9	4	5	14	0	0	22	4	1	10	8	9	8	2	8	3	3	5	7	11	19	4	11	5	17	4	15	11	18	13	15	7	13	10	19	30	27	29	37	4	19	15	12	10	20	8	14	9	14	6	13	22	30	22	24	3	22	11	
398_A/chicken/Taipei/160 9	9	11	2	15	5	5	3	6	14	0	0	19	2	1	10	10	9	9	2	6	4	1	5	9	12	15	3	11	4	21	5	16	9	19	12	11	10	12	10	21	31	24	30	35	4	20	16	10	10	16	6	14	8	18	9	9	20	30	20	31	6	23	13	
399_A/chicken/Taipei/160 9	9	11	2	15	5	5	3	6	14	0	0	19	2	1	10	10	9	9	2	6	4	1	5	9	12	15	3	11	4	21	5	16	9	19	12	11	10	12	10	21	30	24	30	35	5	20	16	10	10	16	6	14	8	18	9	9	20	30	20	31	6	23	13	
400_A/chicken/Taipei/161 9	9	11	2	15	5	5	3	6	14	0	0	19	2	1	10	10	10	9	2	6	4	1	5	9	11	14	3	11	4	22	5	16	9	19	12	12	10	12	10	21	31	24	30	34	4	20	16	10	9	16	6	14	9	18	9	9	20	30	19	31	6	23	14	
401_A/chicken/Taipei/170 10	9	11	2	14	5	5	3	5	14	0	0	19	2	1	10	10	10	9	2	6	4	1	5	10	10	15	3	10	5	21	5	16	10	19	12	10	9	12	10	22	32	25	31	36	4	17	17	9	8	19	6	14	10	17	9	9	20	29	21	31	6	21	13	
402_A/chicken/Taipei/170 10	9	11	2	14	5	5	3	6	14	0	0	19	2	1	10	10	10	9	2	6	4	1	5	9	10	15	3	10	5	21	5	16	10	19	12	10	9	12	10	22	32	24	31	36	4	18	17	9	8	19	6	14	10	17	9	9	20	29	21	31	6	21	13	
403_A/chicken/Taipei/170 10	9	11	2	14	5	5	3	6	14	0	0	19	2	1	10	10	10	9	2	6	4	1	5	9	10	15	3	10	5	21	5	16	10	19	12	10	9	12	10	22	31	24	31	36	5	18	17	9	8	19	6	14	10	17	9	9	20	29	21	31	6	21	13	
404_A/chicken/Taishun/TS 11	8	11	1	13	6	5	4	5	14	1	0	16	2	0	10	10	6	9	2	4	7	1	5	13	11	18	2	13	5	18	4	16	7	15	15	14	11	16	7	20	29	28	30	34	4	18	16	13	10	14	5	12	8	20	6	13	21	30	22	27	6	23	15	
405_A/chicken/Taishun/TS 9	7	11	1	15	7	5	4	5	14	1	0	18	2	0	10	10	7	9	2	4	6	1	5	13	11	18	2	11	5	18	4	15	6	15	14	14	12	16	8	20	29	27	29	34	3	18	18	14	10	14	7	12	9	20	6	13	21	30	21	27	6	23	14	
406_A/chicken/Taiwan/010 9	6	7	4	15	6	8	2	7	15	0	0	13	3	1	10	6	7	9	2	7	3	2	4	13	13	22	4	14	5	13	4	12	18	14	10	14	7	15	13	21	26	28	32	37	2	18	14	17	11	20	10	9	6	13	7	19	25	27	22	20	3	26	10	
407_A/chicken/Taiwan/050 9	8	6	5	15	5	9	1	7	15	0	0	11	1	1	9	8	7	9	2	6	2	1	4	11	14	26	4	18	5	10	5	10	19	15	9	18	6	13	14	23	27	26	32	35	1	19	15	13	10	22	7	12	7	13	9	19	25	26	20	20	3	26	12	
408_A/chicken/Taiwan/683 10	8	7	4	14	5	9	1	9	15	0	0	9	1	1	10	8	7	9	2	6	2	1	4	12	14	26	3	17	5	10	4	10	18	14	10	18	6	14	14	21	27	28	32	37	1	19	14	14	10	22	8	9	7	13	8	20	26	25	20	21	2	27	12	
409_A/chicken/Taiwan/011 9	8	11	2	15	6	5	3	6	14	0	0	20	2	1	10	10	10	9	2	6	4	1	5	9	11	16	3	10	4	20	5	15	9	18	12	12	11	13	10	21	30	23	31	35	4	21	15	10	9	16	6	14	9	18	9	7	21	29	19	32	6	24	14	
410_A/chicken/Taiwan/168 10	5	9	3	14	9	8	2	9	15	0	0	16	1	1	10	5	8	8	1	8	3	2	5	13	12	24	3	12	6	12	6	14	18	18	11	17	5	11	12	23	23	31	29	35	5	14	17	10	12	20	8	9	7	13	7	16	23	27	19	24	2	26	14	
411_A/chicken/Taiwan/169 10	5	9	3	14	9	8	2	9	14	0	0	16	1	1	10	5	8	8	1	8	3	2	5	13	13	24	3	12	6	12	6	14	18	18	11	17	5	11	12	23	23	31	29	35	5	14	17	10	12	20	8	9	7	13	7	16	23	27	19	24	2	26	14	
412_A/chicken/Taiwan/170 10	5	9	3	14	9	8	2	9	15	0	0	16	1	1	10	5	8	8	1	8	3	2	5	13	12	24	3	12	6	12	6	14	18	18	11	17	5	11	12	23	23	31	29	35	5	14	17	10	12	20	8	9	7	13	7	16	23	27	19	24	2	26	14	
413_A/chicken/Taiwan/171 10	5	9	3	14	9	8	2	9	15	0	0	16	1	1	10	5	8	8	1	8	3	2	5	13	12	24	3	12	6	12	6	14	18	19	11	16	5	11	12	24	23	31	29	35	5	14	17	10	12	19	8	9	7	13	7	16	23	27	19	24	2	26	14	
414_A/chicken/Taiwan/259 9	8	6	4	15	4	10	1	7	16	0	0	12	1	1	10	8	7	9	2	6	4	1	4	9	12	27	4	19	5	10	4	10	17	17	10	18	8	12	13	23	26	29	27	35	1	18	17	14	9	21	9	10	8	13	8	16	27	26	19	23	2	27	12	
415_A/chicken/Taiwan/294 9	8	6	4	15	4	10	1	7	16	0	0	12	1	1	10	8	7	9	2	6	4	1	4	9	12	27	4	19	5	10	4	10	17	17	10	18	8	12	13	23	26	29	27	35	1	18	17	14	9	21	9	10	8	13	8	16	27	26	19	23	2	27	12	
416_A/chicken/Taiwan/444 9	8	6	4	15	5	10	1	6	16	0	0	12	1	1	10	8	7	9	2	6	4	1	4	10	13	27	4	19	4	10	4	10	17	18	10	18	7	11	13	22	26	30	27	34	2	17	17	14	10	22	9	10	7	12	8	19	25	26	20	23	2	27	11	
417_A/chicken/Taiwan/735 9	8	6	4	15	5	10	1	7	16	0	0	11	1	1	10	8	7	9	2	6	4	1	4	10	12	27	4	19	5	10	4	10	18	18	10	18	7	11	13	22	25	30	27	34	2	17	17	14	10	22	9	10	7	12	8	17	25	25	20	25	2	28	11	
418_A/chicken/Taiwan/898 9	8	6	4	15	5	10	1	7	15	0	0	13	1	1	10	8	7	9	2	6	4	1	4	9	12	27	4	18	5	10	4	10	17	17	10	18	8	12	13	23	26	29	27	36	1	18	17	14	9	21	9	9	8	13	8	17	27	26	18	22	2	27	13	
419_A/chicken/Taiwan/899 9	8	6	4	15	5	10	1	7	15	0	0	13	1	1	10	8	7	9	2	6	4	1	4	9	12	27	4	18	5	10	4	10	17	17	10	18	8	12	13	24	26	29	27	36	1	18	17	14	9	21	9	9	8	13	8	16	27	26	18	22	2	27	13	
420_A/chicken/Taiwan/899 9	8	6	4	15	5	10	1	7	15	0	0	13	1	1	10	8	7	9	2	6	4	1	4	9	12	27	4	18	5	10	4	10	17	17	10	18	8	12	13	23	26	29	27	36	1	18	17	14	9	21	9	9	8	13	8	17	27	26	18	22	2	27	13	
421_A/chicken/Taiwan/A1/ 9	11	6	4	15	4	10	1	8	13	0	0	12	1	1	10	8	9	7	2	6	1	3	3	11	15	27	5	16	3	9	2	13	20	18	9	15	5	12	12	23	25	26	32	36	2	19	18	15	11	21	8	9	7	14	9	21	25	23	21	19	1	29	10	
422_A/chicken/Taiwan/a17 9	8	11	2	15	6	5	3	6	14	0	0	20	2	1	10	10	10	9	2	6	4	1	5	9	11	16	3	10	4	20	5	15	9	18	12	12	11	13	10	21	30	23	31	35	4	21	15	10	9	16	6	14	9	18	9	7	21	29	19	32	6	24	14	
423_A/chicken/Taiwan/A19 10	5	7	3	15	6	9	2	10	17	0	0	13	1	1	10	4	7	8	2	8	2	2	4	14	17	24	4	12	3	12	3	14	20	20	10	15	5	10	12	20	28	31	29	37	0	16	18	11	12	20	9	9	5	14	9	19	24	30	18	23	2	23	12	
424_A/chicken/Taiwan/D2/ 12	8	10	1	12	5	6	4	6	14	0	0	19	3	1	10	8	10	6	2	8	4	4	5	7	8	21	2	13	7	15	6	18	10	20	10	11	9	12	11	22	28	28	34	35	6	16	12	13	12	16	6	11	8	18	8	9	21	31	24	28	4	22	10	
425_A/chicken/Taiwan/D9/ 12	8	10	1	12	5	6	4	6	14	0	0	19	3	1	10	8	10	6	2	8	4	4	5	7	8	21	2	13	7	15	6	18	10	20	10	11	9	12	11	22	28	28	34	35	6	16	12	13	12	16	6	11	8	18	8	9	21	31	24	28	4	22	10	
426_A/chicken/Taiwan/u7/ 12	8	7	1	12	5	9	4	5	13	0	0	22	4	1	10	8	9	9	2	8	3	2	5	7	11	19	4	11	6	16	4	15	11	19	13	15	7	12	10	19	32	27	30	36	3	19	15	12	10	20	8	14	10	14	6	12	20	30	22	25	4	22	11	
427_A/chicken/Taiwan/x37 9	9	11	2	15	5	5	3	6	14	0	0	19	2	1	10	10	10	9	2	6	4	1	5	10	11	15	3	10	4	21	5	17	9	18	12	10	10	13	10	20	30	24	29	35	5	20	17	10	9	16	6	14	9	18	9	10	20	30	20	31	6	23	13	
428_A/chicken/TC/a504/20 10	9	6	4	14	4	10	1	7	14	0	0	12	2	1	10	9	8	8	2	6	2	2	4	11	15	26	4	16	3	10	3	13	19	15	11	16	6	14	12	22	26	26	30	35	1	21	16	16	10	22	8	10	9	13	10	17	24	24	20	21	2	28	10	
429_A/chicken/TY/a665/20 9	9	6	4	15	4	10	1	7	14	0	0	13	2	1	10	9	8	8	2	6	2	2	4	11	15	26	4	15	3	10	3	13	18	16	10	16	7	14	12	22	26	26	30	36	1	21	16	16	10	22	8	10	9	13	10	17	24	25	20	20	2	27	10	
430_A/chicken/Wuxi/7157/ 10	10	8	1	14	4	7	4	8	16	0	0	15	1	1	10	7	8	7	3	9	6	3	5	8	11	30	5	14	3	8	6	18	14	16	11	9	6	17	11	23	30	26	28	37	2	20	11	12	13	13	8	8	3	20	6	18	22	37	20	24	6	15	14	
431_A/chicken/Wuxi/7765/ 10	6	7	2	14	7	9	3	9	15	0	0	13	2	1	10	9	9	9	1	6	8	1	6	13	10	22	8	13	2	15	2	15	14	22	8	14	10	11	13	21	27	24	22	33	4	20	20	14	13	18	9	9	5	16	6	14	23	28	20	23	5	24	13	
432_A/chicken/Wuxi/SC739 11	6	7	2	13	7	9	3	8	15	0	0	14	2	1	10	9	9	7	1	7	8	3	6	12	10	21	7	12	2	16	2	18	15	26	8	12	8	8	13	21	26	25	26	33	5	20	16	13	11	16	8	9	7	17	7	17	23	28	18	22	5	24	15	
433_A/chicken/Wuxi/WX-32 11	6	9	1	13	7	7	4	7	14	0	0	18	3	1	10	9	10	8	2	7	3	2	5	7	12	19	4	13	4	17	4	14	10	19	12	12	10	12	10	22	30	30	33	35	4	15	12	15	13	19	8	11	8	16	7	8	21	27	24	29	3	25	9	
434_A/chicken/Wuxi/WX-33 11	6	9	1	14	7	7	4	7	14	0	0	18	3	1	10	9	8	8	2	6	5	2	5	7	13	19	4	13	4	17	4	15	9	20	12	11	11	11	10	22	28	28	33	35	5	16	13	15	13	19	8	10	8	15	7	9	21	28	24	29	3	25	9	
435_A/chicken/Xinjiang/S 10	8	11	0	14	5	5	5	5	14	0	0	19	3	1	10	10	7	9	1	7	6	1	5	12	11	22	1	8	5	14	5	14	11	17	12	12	12	14	10	22	26	23	30	35	3	22	19	8	10	15	7	13	9	18	8	13	22	30	20	30	4	24	13	
436_A/chicken/Xinjiang/S 10	8	11	0	14	5	5	5	6	14	0	0	18	3	1	10	10	7	9	1	7	6	1	5	12	11	22	1	8	5	14	5	14	11	17	12	12	12	14	10	22	26	23	30	35	3	22	19	8	10	15	7	13	9	18	8	13	22	30	20	30	4	24	13	
437_A/chicken/Xinjiang/S 10	7	11	0	14	6	5	5	5	14	0	0	19	3	1	10	10	7	9	1	7	6	1	5	12	11	22	1	8	5	14	5	14	11	17	12	12	12	14	10	22	26	23	30	35	3	22	19	8	10	15	7	13	9	18	8	13	22	30	20	30	4	24	13	
438_A/Chicken/Xuzhou/470 10	12	8	1	14	4	8	4	9	14	0	0	13	1	1	10	7	7	7	3	9	7	3	5	9	12	28	4	14	3	9	5	19	12	16	12	8	6	18	10	23	30	23	28	36	3	22	14	13	13	12	7	7	4	21	7	16	22	33	20	26	5	19	14	
439_A/chicken/Xuzhou/XZ6 11	6	7	2	13	7	9	3	9	14	0	0	14	3	1	10	11	9	7	2	4	8	3	5	12	10	21	7	12	2	16	1	17	16	24	8	14	7	9	13	21	24	27	26	32	5	18	18	13	11	18	8	8	8	16	7	15	23	26	18	24	6	26	15	
440_A/Chicken/Yangzhou/f 9	9	12	2	15	5	4	3	9	14	0	0	13	2	1	10	7	12	9	3	9	3	1	4	10	10	13	4	13	4	23	4	16	10	20	12	11	11	11	10	24	28	26	33	36	4	18	13	11	7	14	6	12	10	20	8	10	20	30	19	27	8	23	15	
441_A/Chicken/Yangzhou/f 9	9	12	2	15	6	4	3	8	14	0	0	14	2	1	10	7	11	9	3	9	3	1	4	10	11	15	4	13	4	21	4	16	11	20	12	11	11	11	10	23	28	27	33	35	3	17	13	11	7	14	6	12	9	20	8	10	20	31	19	29	8	22	15	
442_A/Chicken/Yangzhou/f 9	8	12	2	15	5	4	3	9	14	0	0	13	2	1	10	7	12	9	3	9	3	1	4	10	10	13	4	13	4	23	4	16	10	20	12	11	11	11	10	24	28	26	33	35	4	18	13	11	8	14	6	12	10	20	8	10	20	30	19	28	8	23	15	
443_A/chicken/Yangzhou/Y 11	6	7	1	13	7	9	4	9	15	0	0	12	2	1	10	8	9	7	1	7	8	3	6	13	10	21	7	13	2	15	3	16	16	24	8	14	8	9	13	21	25	24	25	33	5	21	17	13	11	18	9	9	7	16	6	16	22	29	19	23	5	23	15	
444_A/chicken/YL/A3190/2 11	5	7	3	13	7	9	2	11	16	0	0	13	1	1	10	5	7	8	2	8	3	2	4	15	16	24	5	11	3	12	3	12	20	21	8	16	5	10	13	21	25	30	29	36	0	17	17	12	10	20	9	11	7	14	8	18	24	29	18	23	3	24	13	
445_A/chicken/Yuhang/1/2 9	7	10	3	15	6	7	2	6	14	1	0	15	3	0	10	10	8	8	2	4	5	1	5	12	11	20	2	13	5	16	3	14	10	18	13	13	9	13	9	21	29	24	29	36	3	21	19	13	11	16	7	13	9	18	7	11	23	31	23	29	2	22	11	
446_A/chicken/Yuhang/2/2 9	8	12	2	15	6	4	3	4	14	1	0	18	2	0	10	10	8	9	2	4	6	1	5	12	8	20	2	12	7	16	4	15	8	17	12	14	10	15	10	19	27	24	29	36	5	22	18	14	11	16	7	13	9	18	7	11	22	29	23	28	3	23	11	
447_A/chicken/Yunlin/150 12	8	7	1	12	5	9	4	5	14	0	0	22	3	1	10	8	9	8	2	8	3	2	5	7	11	19	4	11	6	17	4	15	10	18	12	15	8	13	10	20	32	27	32	36	2	18	13	12	12	20	9	14	10	14	6	12	18	31	22	25	4	22	11	
448_A/chicken/Yunlin/150 12	8	8	1	12	5	8	4	5	14	0	0	22	3	1	10	8	9	8	2	8	3	2	5	7	11	17	4	11	6	19	4	14	11	19	13	16	8	12	9	20	31	27	32	36	3	18	13	12	11	20	9	14	10	14	6	12	18	30	22	25	4	23	11	
449_A/chicken/Yunlin/150 12	8	8	1	12	5	8	4	5	14	0	0	22	3	1	10	8	9	8	2	8	3	2	5	7	11	18	4	11	6	18	4	15	10	19	13	15	8	12	9	20	31	27	32	36	3	18	13	12	12	20	9	14	10	14	6	12	18	30	22	25	4	23	11	
450_A/chicken/Yunlin/150 9	6	7	0	15	8	9	5	7	15	0	0	13	1	1	10	7	8	7	2	7	5	4	5	11	13	25	5	17	3	10	4	19	11	20	9	13	8	11	13	19	29	28	33	34	4	16	12	10	8	18	8	12	8	16	9	18	25	27	19	23	4	25	12	
451_A/chicken/Yunlin/150 12	8	8	1	12	5	8	4	5	14	0	0	22	3	1	10	8	9	8	2	8	3	2	5	7	10	18	4	11	7	18	4	15	10	19	13	15	8	12	9	20	31	27	32	36	3	18	13	12	12	20	9	14	10	14	6	12	18	30	22	25	4	23	11	
452_A/chicken/Yunlin/150 12	8	8	1	12	5	8	4	5	14	0	0	22	3	1	10	8	9	8	2	8	3	2	5	7	11	19	4	11	6	17	4	15	10	19	13	15	8	12	9	20	31	27	32	36	3	18	13	12	12	20	8	14	10	14	6	12	18	30	22	25	4	23	12	
453_A/chicken/Yunlin/150 12	8	8	1	12	5	8	4	5	14	0	0	22	3	1	10	8	9	8	2	8	3	2	5	7	11	18	4	11	6	18	4	15	10	19	13	15	8	12	9	20	31	27	32	36	3	18	13	12	12	19	8	14	10	15	6	14	18	30	22	23	4	23	12	
454_A/chicken/Yunlin/150 12	8	8	1	12	5	8	4	5	15	0	0	22	2	1	10	8	8	8	2	8	4	2	5	7	11	18	4	11	6	18	4	15	10	19	12	16	8	12	10	20	30	27	32	36	5	18	13	13	11	20	10	12	11	14	6	13	18	30	20	24	3	23	12	
455_A/chicken/Yunlin/160 12	8	8	1	12	5	8	4	5	13	0	0	22	4	1	10	8	10	9	2	8	2	2	5	7	11	19	4	11	6	16	4	15	11	19	12	15	7	13	10	19	31	24	32	36	3	20	14	12	12	20	9	14	10	14	6	14	18	29	22	24	4	23	11	
456_A/chicken/Yunlin/160 11	7	8	1	13	6	8	4	6	15	0	0	21	3	1	10	8	9	8	2	7	3	2	5	8	11	19	4	11	6	17	4	15	10	19	12	16	8	12	10	20	31	27	32	36	4	18	13	13	13	22	9	13	10	13	6	10	17	31	22	25	3	21	11	
457_A/chicken/Yunlin/160 10	6	7	0	14	9	9	5	7	15	0	0	13	1	1	10	7	8	7	2	7	5	4	5	11	13	25	5	17	3	10	4	19	11	20	9	13	9	11	13	19	27	26	33	34	5	17	12	11	8	18	8	11	7	16	8	17	25	28	17	24	4	25	15	
458_A/chicken/Yunlin/160 11	8	8	1	13	5	8	4	5	15	0	0	22	2	1	10	8	8	8	2	8	4	2	5	8	11	18	4	11	6	18	4	15	10	19	12	17	8	13	10	21	30	27	31	34	3	17	14	13	11	20	10	11	11	14	6	11	19	30	20	25	5	23	12	
459_A/chicken/Yunlin/170 10	6	7	0	14	8	9	5	6	15	0	0	13	1	1	10	7	8	7	2	7	5	4	5	11	13	25	4	18	3	10	4	18	12	18	8	14	8	12	14	19	29	29	34	34	3	17	11	10	8	18	7	12	8	16	9	16	25	27	18	25	4	25	14	
460_A/chicken/Yunlin/170 11	8	7	1	13	5	9	4	5	13	0	0	22	4	1	10	8	9	8	2	8	3	3	5	7	10	19	4	11	7	16	4	15	11	19	12	15	7	12	11	19	32	26	29	36	3	21	15	12	10	20	8	14	10	14	6	12	20	29	22	25	4	22	12	
461_A/chicken/Yunlin/170 12	8	7	1	12	6	9	4	6	12	0	0	21	4	1	10	8	9	8	2	8	3	3	5	8	11	18	4	10	6	17	4	15	11	19	13	15	7	12	10	19	32	27	30	36	3	19	15	13	11	20	8	13	10	14	6	12	19	30	22	25	4	22	11	
462_A/chicken/Yunlin/170 11	7	7	1	13	6	9	4	5	15	0	0	22	3	1	10	7	9	9	2	9	3	2	5	8	11	19	4	11	6	15	4	15	10	19	13	15	8	12	10	20	31	27	32	36	3	19	13	13	9	19	8	14	11	15	6	12	17	30	21	24	6	22	12	
463_A/chicken/Yunlin/170 12	8	7	1	12	5	9	4	5	13	0	0	22	4	1	10	8	9	8	2	8	3	3	5	8	11	18	4	10	6	17	4	15	11	18	13	15	7	13	10	20	32	26	30	35	3	20	15	13	10	20	8	13	10	14	6	12	21	30	22	25	3	22	11	
464_A/chicken/Yunlin/170 12	8	7	1	12	5	9	4	5	13	0	0	22	4	1	10	8	9	9	2	8	3	2	5	7	11	19	4	11	6	16	4	15	10	21	12	14	7	12	10	18	33	28	29	36	3	19	15	12	11	20	8	15	10	14	6	12	19	29	22	25	4	23	11	
465_A/chicken/Yunlin/170 12	8	7	1	12	5	9	4	6	13	0	0	21	4	1	10	8	9	8	2	8	3	3	5	7	12	20	4	11	5	15	4	15	11	19	13	15	7	12	10	19	32	27	28	36	3	20	16	12	9	19	8	14	11	15	6	12	20	30	23	25	4	22	10	
466_A/chicken/Yunlin/170 12	8	7	1	12	5	9	4	5	13	0	0	22	4	1	10	8	9	7	2	8	3	3	5	8	11	18	4	10	6	18	4	15	10	19	13	15	8	12	10	19	32	26	30	36	3	20	15	13	10	20	8	13	10	14	6	11	20	30	22	26	4	22	11	
467_A/chicken/Yunlin/170 12	8	7	1	12	5	9	4	6	13	0	0	21	4	1	10	8	9	8	2	8	3	3	5	8	11	18	4	10	6	17	4	15	11	19	13	15	7	12	10	19	32	27	30	36	3	19	15	13	11	20	7	13	10	14	7	12	19	30	22	25	4	21	12	
468_A/chicken/Yunlin/170 12	8	7	1	12	5	9	4	5	13	0	0	22	4	1	10	8	9	8	2	8	3	3	5	8	11	18	4	10	6	17	4	15	10	19	13	16	7	12	10	19	32	26	30	36	3	20	15	13	10	20	8	13	10	14	6	12	20	30	22	25	4	22	11	
469_A/chicken/Yunlin/170 11	8	7	1	13	5	9	4	5	15	0	0	22	3	1	10	8	10	9	2	8	2	2	5	7	11	19	4	11	6	16	4	15	11	18	13	14	7	13	10	22	31	26	32	35	3	19	14	14	10	20	8	13	10	14	6	12	18	30	21	24	5	22	12	
470_A/chicken/Yunlin/170 13	9	7	1	11	4	9	4	4	13	0	0	23	4	1	10	8	9	9	2	8	3	2	5	8	11	19	5	10	6	16	4	13	10	19	11	17	8	12	12	18	32	27	29	36	3	19	15	12	10	19	8	14	10	15	6	13	20	30	23	25	4	22	10	
471_A/chicken/Yunlin/170 13	7	7	1	12	5	9	4	5	13	0	0	22	4	1	10	8	9	9	2	8	3	2	5	7	11	18	4	11	6	17	4	15	10	20	12	15	7	13	10	19	32	27	30	36	3	20	14	13	10	20	8	14	10	14	6	12	19	30	22	25	4	22	11	
472_A/chicken/Yunlin/170 11	8	7	1	13	5	9	4	5	13	0	0	22	4	1	10	8	9	8	2	8	3	3	5	8	11	18	4	10	6	17	4	15	11	19	13	16	7	12	11	19	32	26	31	36	3	20	14	13	10	20	8	12	10	14	5	13	20	30	22	24	4	22	11	
473_A/chicken/Yunlin/170 11	8	7	1	13	5	9	4	5	13	0	0	22	4	1	10	8	9	8	2	8	3	3	5	8	11	18	4	10	6	17	4	15	11	19	13	15	7	12	10	19	32	26	30	36	3	20	15	13	10	20	8	13	10	14	6	13	21	30	22	24	3	22	11	
474_A/chicken/Yunlin/170 12	8	7	1	12	5	9	4	5	13	0	0	22	4	1	10	8	9	8	2	8	3	3	5	7	12	19	5	11	5	16	4	15	11	19	13	14	7	12	10	20	32	29	28	36	3	18	15	12	10	20	8	14	10	14	6	13	20	30	22	24	4	22	11	
475_A/chicken/Yunlin/170 12	8	7	1	12	5	9	4	5	12	0	0	22	4	1	10	8	9	8	2	8	3	3	5	7	12	19	5	11	5	16	4	14	11	18	13	16	7	12	10	19	32	28	29	35	3	19	15	12	10	19	8	14	10	15	6	13	21	30	22	25	4	22	11	
476_A/chicken/Yunlin/180 12	8	7	1	12	5	9	4	5	13	0	0	22	4	1	10	8	9	8	2	8	3	3	5	7	12	18	5	11	5	17	4	14	11	19	12	16	7	12	11	19	32	29	27	36	3	19	15	11	10	19	8	15	10	15	6	13	20	31	22	24	4	21	11	
477_A/chicken/Yunlin/180 12	8	7	1	12	5	9	4	5	13	0	0	22	4	1	10	8	9	8	2	8	3	3	5	7	12	18	5	11	5	17	4	14	11	19	13	16	7	12	10	19	32	29	27	36	3	19	15	11	10	19	8	15	10	15	6	12	20	31	22	25	4	21	11	
478_A/chicken/Yunlin/180 12	8	7	1	12	5	9	4	5	13	0	0	22	4	1	10	8	9	8	2	8	5	3	5	7	10	20	4	11	5	16	4	15	10	20	13	15	7	11	10	19	32	28	29	36	3	19	14	13	11	20	9	15	10	15	6	14	20	29	22	22	4	21	10	
479_A/chicken/Yunlin/180 12	8	7	1	12	5	9	4	5	13	0	0	22	4	1	10	8	9	8	2	8	5	3	5	7	10	20	4	11	5	16	4	15	11	19	13	15	7	12	10	19	32	27	29	36	3	19	14	12	9	21	7	14	11	14	7	13	20	31	22	24	4	21	11	
480_A/chicken/Yunlin/180 12	8	7	1	12	5	9	4	5	13	0	0	22	4	1	10	8	9	8	2	8	5	3	5	7	10	20	4	11	5	16	4	15	11	19	13	15	7	12	10	19	32	27	29	36	3	19	14	12	9	21	7	14	11	14	7	13	20	31	22	24	4	21	11	
481_A/chicken/Yunlin/180 12	8	7	1	12	5	9	4	5	13	0	0	22	4	1	10	8	9	8	2	8	5	3	5	7	10	20	4	11	5	16	4	15	11	19	13	15	7	12	10	19	32	27	29	36	3	19	14	12	10	21	7	14	10	14	7	13	20	31	22	24	4	21	11	
482_A/chicken/Yunlin/180 12	8	7	1	12	5	9	4	5	13	0	0	22	4	1	10	8	9	8	2	8	5	3	5	7	10	20	4	11	5	16	4	15	10	20	13	15	7	11	10	19	32	28	29	36	3	19	14	13	11	20	9	15	10	15	6	13	20	30	22	22	4	21	10	
483_A/chicken/Yunlin/180 12	8	7	1	12	5	9	4	5	13	0	0	21	4	1	10	8	9	8	2	8	5	3	5	7	10	20	4	12	5	16	5	15	11	19	13	15	7	12	10	19	32	27	29	36	3	19	13	12	11	21	8	14	9	14	6	13	20	31	22	24	4	21	11	
484_A/chicken/Yunlin/180 12	8	7	1	12	5	9	4	5	13	0	0	21	4	1	10	8	10	8	2	8	5	3	5	8	10	20	4	11	4	16	5	16	11	19	13	14	7	12	10	19	31	27	29	36	3	18	14	12	11	21	9	14	9	14	6	15	21	31	21	22	4	21	11	
485_A/chicken/Yunlin/180 12	7	7	1	12	6	9	4	5	13	0	0	21	4	1	10	8	9	8	2	8	5	3	5	8	10	20	4	11	5	16	5	16	11	19	13	15	7	12	9	19	31	27	29	36	3	18	14	12	11	20	9	14	9	15	6	14	21	31	21	23	4	21	11	
486_A/chicken/Yunlin/180 12	8	7	1	12	5	9	4	6	13	0	0	20	4	1	10	8	9	8	2	8	3	3	5	7	12	18	5	13	5	17	4	13	11	18	12	17	7	12	13	19	30	28	28	36	5	17	15	14	10	20	7	13	10	15	5	13	21	30	22	23	4	21	12	
487_A/chicken/Yunnan/1/2 13	5	7	2	13	7	9	3	10	15	0	0	13	2	1	10	9	9	7	1	6	8	3	6	12	10	22	8	12	2	15	2	16	17	25	8	14	7	9	12	22	24	23	24	33	5	21	17	14	11	19	8	8	7	16	7	17	23	27	19	22	5	24	14	
488_A/chicken/Yunnan/02. 9	10	9	1	15	4	7	4	6	13	1	0	19	3	0	10	10	8	8	2	5	6	2	5	10	9	20	2	10	6	16	5	14	10	14	13	14	10	17	10	22	28	22	25	34	2	23	20	16	8	16	10	11	10	18	4	12	19	28	29	28	8	25	5	
489_A/chicken/Yunnan/03. 9	7	7	2	15	7	9	3	9	15	0	0	13	1	1	10	9	9	8	1	6	8	2	6	13	10	21	8	12	2	16	2	17	16	22	8	13	8	11	13	21	24	26	23	33	5	20	18	14	11	18	5	8	7	16	9	17	24	28	17	22	5	23	17	
490_A/chicken/Yunnan/03. 9	10	10	1	15	4	7	4	6	13	1	0	19	3	0	10	10	8	7	2	6	6	2	5	8	9	20	2	10	6	16	5	15	10	13	13	13	10	18	10	22	27	21	23	33	2	23	20	16	8	15	10	11	10	18	4	12	19	26	29	28	8	25	5	
491_A/chicken/Yunnan/03. 10	11	8	1	14	4	8	3	6	15	0	0	15	1	1	10	9	8	7	3	9	6	3	6	9	11	28	4	14	4	9	5	18	13	16	12	8	6	19	10	23	30	23	30	35	3	22	12	13	13	12	7	7	3	20	8	19	23	36	19	23	5	16	14	
492_A/chicken/Yunnan/03. 9	10	9	1	15	4	7	4	6	13	1	0	19	3	0	10	10	8	8	2	5	6	2	5	9	9	20	2	10	6	16	5	14	10	14	12	14	10	17	11	21	28	21	23	33	2	23	20	16	8	15	10	11	10	18	4	12	19	26	29	28	8	25	5	
493_A/chicken/Yunnan/03. 10	11	8	1	14	4	8	3	6	15	0	0	15	1	1	10	9	8	7	3	9	6	3	6	9	11	28	4	14	4	9	5	18	13	16	12	8	6	19	10	23	30	23	30	35	3	22	12	13	13	12	7	7	3	20	8	19	23	36	19	23	5	16	14	
494_A/chicken/Yunnan/07. 10	11	8	1	14	4	8	3	6	15	0	0	15	1	1	10	7	8	6	3	9	6	4	6	9	12	27	4	14	3	10	5	20	13	16	12	8	6	18	10	22	30	23	29	36	3	22	13	13	13	12	8	7	3	21	7	17	23	36	18	25	5	16	15	
495_A/Chicken/Yunnan/YN- 9	10	8	1	15	4	8	4	4	13	0	0	17	3	1	10	8	6	7	1	6	6	4	6	12	11	26	3	13	5	11	6	17	12	19	13	10	8	15	8	22	28	20	27	37	2	24	17	14	12	13	7	7	6	20	9	17	23	36	16	26	5	16	16	
496_A/Chicken/Yunnan/YN- 10	11	9	1	14	4	7	4	6	15	0	0	15	1	1	10	8	8	7	3	9	6	3	5	9	13	29	4	14	2	8	5	19	13	16	12	8	6	17	11	22	30	25	31	36	3	20	11	13	12	12	6	7	4	20	9	18	24	37	20	24	4	15	14	
497_A/Chicken/Yunnan/YN- 11	6	7	2	13	7	9	3	9	15	0	0	13	2	1	10	8	8	5	1	7	9	4	6	11	11	21	5	13	1	16	2	17	16	26	8	14	8	8	13	20	25	24	25	33	3	20	17	14	11	18	6	7	7	15	7	16	22	27	21	23	6	23	14	
498_A/chicken/Zhejiang/1 11	11	7	2	13	4	9	3	7	15	0	0	14	1	1	10	8	9	7	3	9	5	3	5	9	12	28	4	14	3	9	5	18	12	19	10	7	7	15	11	25	30	23	28	35	3	21	15	12	14	12	6	7	3	21	9	16	23	39	22	27	4	14	11	
499_A/chicken/Zhejiang/2 10	7	7	0	14	7	9	5	7	15	0	0	13	1	1	10	7	7	7	2	7	5	4	5	11	13	25	5	17	4	10	3	18	10	19	9	14	10	12	13	21	28	25	36	33	4	18	10	10	7	17	9	12	10	17	8	17	25	28	18	22	4	25	13	
500_A/chicken/Zhejiang/2 11	11	7	2	13	4	9	3	7	15	0	0	14	1	1	10	8	9	7	3	9	5	3	5	9	12	28	4	14	3	9	5	18	12	19	10	7	7	15	11	25	30	24	28	35	3	20	15	12	14	12	6	7	3	21	9	16	23	39	22	27	4	14	11	
501_A/chicken/Zhejiang/2 10	8	7	0	14	7	9	5	7	15	0	0	12	1	1	10	7	8	7	2	7	5	4	5	10	12	25	4	19	4	10	4	18	9	19	9	15	10	12	13	21	27	25	34	33	4	18	12	11	8	17	8	11	9	17	8	18	24	28	18	21	5	25	14	
502_A/chicken/Zhejiang/7 10	7	6	0	14	7	10	5	7	15	0	0	13	1	1	10	7	7	6	2	7	6	5	5	11	12	24	4	17	4	11	4	17	10	19	9	14	10	12	13	21	28	28	36	35	3	15	10	10	9	17	8	12	8	17	8	17	24	28	18	23	4	25	14	
503_A/chicken/Zhejiang/8 10	7	6	0	14	7	10	5	7	15	0	0	13	1	1	10	7	7	6	2	7	6	5	5	11	12	24	4	17	4	11	4	18	10	19	9	14	10	12	13	20	28	28	36	35	3	15	10	10	9	17	8	12	8	17	8	17	23	28	18	23	5	25	14	
504_A/chicken/Zhejiang/5 10	11	8	2	14	4	8	3	6	15	0	0	17	2	1	11	7	9	7	4	8	5	3	5	10	13	29	4	13	2	8	3	20	12	15	12	8	9	20	10	22	29	25	30	36	3	21	11	12	12	13	6	8	4	19	8	13	22	36	21	28	5	15	13	
505_A/chicken/Zhejiang/7 11	6	7	2	13	7	9	3	10	15	0	0	13	2	1	10	9	9	7	1	6	8	3	6	13	10	21	7	11	2	16	2	18	16	25	8	14	8	9	13	20	25	24	24	32	5	20	20	13	11	18	8	7	7	15	7	16	23	30	18	23	5	22	16	
506_A/chicken/Zhejiang/7 12	6	6	2	13	7	9	3	10	15	0	0	13	2	1	10	9	9	7	1	6	8	3	6	13	12	21	7	11	2	16	3	19	16	25	8	14	8	10	12	19	23	24	23	32	5	21	20	13	11	18	8	7	8	15	7	16	23	29	19	23	4	22	15	
507_A/chicken/Zhejiang/7 12	6	6	2	13	8	8	3	10	15	0	0	13	2	1	10	9	10	7	1	6	9	3	6	13	13	21	7	11	2	16	3	18	16	24	8	14	8	9	13	21	22	24	23	33	5	20	21	13	11	19	8	7	7	15	7	16	22	29	18	23	4	22	14	
508_A/chicken/Zhejiang/7 11	6	7	2	13	8	8	3	10	15	0	0	13	2	1	10	11	9	7	1	5	9	3	6	13	12	22	7	11	2	15	2	19	16	23	8	14	8	9	13	21	24	24	22	33	5	20	20	13	11	19	8	7	7	14	7	16	22	30	18	23	5	22	15	
509_A/chicken/Zhejiang/7 12	6	6	2	13	8	8	3	10	15	0	0	13	2	1	10	9	10	7	1	6	9	3	6	13	13	21	7	11	2	16	3	18	16	24	8	14	8	9	13	21	22	24	23	33	5	20	21	13	11	19	8	7	7	15	7	16	22	29	18	23	4	22	14	
510_A/chickenl/Jiangxi/E 11	6	6	2	13	7	10	3	9	15	0	0	14	2	1	10	10	9	7	1	5	8	3	6	10	10	21	5	12	2	16	2	17	17	24	8	14	7	9	13	20	25	25	25	32	5	19	17	13	11	17	8	8	8	16	7	16	22	27	18	23	5	23	15	
511_A/Chlidonias_hybrida 13	7	8	0	11	7	8	5	6	12	0	0	21	4	1	10	9	9	8	1	7	3	3	6	5	13	18	4	13	4	17	4	14	11	19	12	13	9	11	11	21	29	26	28	35	4	17	19	13	13	19	9	11	8	15	6	12	20	33	20	28	4	20	13	
512_A/Commom_Teal/Ningxi 11	6	8	2	13	7	8	3	10	14	0	0	14	3	1	10	9	9	6	2	6	8	3	6	12	10	22	7	11	2	15	2	17	17	22	8	14	8	11	13	21	25	24	24	33	4	21	18	13	11	19	8	8	7	15	7	18	23	29	17	21	5	23	16	
513_A/common_coot/Shando 13	7	9	0	11	7	8	5	6	13	0	0	21	4	1	10	8	10	8	1	8	3	3	6	6	12	18	4	12	3	17	4	13	11	19	12	14	9	11	11	22	29	26	28	35	4	16	20	14	14	17	8	10	9	16	7	12	19	31	22	27	3	22	11	
514_A/common_crane/Yunna 13	7	9	0	11	7	8	5	6	12	0	0	21	4	1	10	8	10	8	1	8	3	3	6	6	13	18	4	12	3	17	4	13	10	20	11	14	9	12	11	22	31	26	29	35	3	17	18	13	14	18	8	10	9	14	7	13	19	31	22	27	3	22	11	
515_A/common_pochard/Nin 13	8	10	2	11	7	6	3	7	13	0	0	17	4	1	10	7	12	7	2	8	3	3	4	7	12	15	4	15	2	21	5	17	11	18	11	11	10	13	11	21	29	29	29	35	2	16	16	12	13	20	8	12	12	13	7	11	18	31	25	28	2	21	9	
516_A/common_teal/Ningxi 13	7	9	0	11	7	8	5	6	12	0	0	20	4	1	10	8	10	8	1	8	3	3	6	6	13	18	4	13	3	17	4	13	11	19	12	14	9	11	11	22	30	26	28	35	3	17	19	15	14	18	8	9	9	15	7	12	19	31	21	27	3	22	12	
517_A/common_teal/Ningxi 13	8	10	2	11	7	6	3	7	13	0	0	17	4	1	10	7	12	7	2	8	3	3	4	7	12	15	4	15	2	21	5	17	11	18	11	11	10	13	11	21	29	29	29	35	2	16	16	12	13	20	8	12	12	13	7	11	18	31	25	28	2	21	9	
518_A/common_teal/Ningxi 13	8	11	2	11	7	5	3	7	13	0	0	17	4	1	10	7	12	7	2	8	3	3	4	7	12	17	4	15	2	19	5	17	11	18	11	11	10	13	11	21	29	29	29	35	2	16	16	12	13	20	8	12	12	13	7	11	18	31	25	28	2	21	9	
519_A/common_teal/Ningxi 13	8	10	2	11	7	6	3	7	13	0	0	17	4	1	10	7	12	7	2	8	3	3	4	7	12	15	4	15	2	21	5	17	11	18	11	11	10	13	11	21	29	29	29	35	2	16	16	12	13	20	8	12	12	13	7	11	18	31	25	28	2	21	9	
520_A/common_teal/Ningxi 13	8	10	2	11	7	6	3	7	13	0	0	17	4	1	10	7	12	7	2	8	3	3	4	7	12	16	4	15	2	21	5	17	11	18	11	11	10	13	11	21	29	28	29	35	2	16	16	12	13	20	8	12	12	13	7	11	18	31	25	28	2	21	9	
521_A/common_teal/Ningxi 13	8	10	2	11	7	6	3	7	13	0	0	17	4	1	10	7	12	7	2	8	3	3	4	7	12	15	4	15	2	21	5	17	11	18	11	11	10	13	11	21	29	29	29	35	2	16	16	12	13	20	8	12	12	13	7	11	18	31	25	28	2	21	9	
522_A/common_teal/Shaanx 13	7	9	0	11	7	8	5	6	12	0	0	20	4	1	10	8	10	8	1	8	3	3	6	6	13	18	4	13	3	17	4	13	11	19	12	14	9	11	11	22	30	26	28	35	3	17	19	14	14	18	8	10	9	15	7	12	19	31	21	27	3	22	12	
523_A/condor/Guangdong/1 9	9	9	0	15	3	7	5	9	15	0	0	12	3	1	10	8	6	3	2	10	9	7	3	11	12	20	3	11	2	16	7	18	11	18	9	10	10	13	13	22	26	27	31	34	5	17	15	15	9	14	7	8	11	20	8	20	23	27	19	20	3	26	14	
524_A/Copsychus_saularis 11	6	7	2	13	7	9	3	9	15	0	0	13	2	1	10	9	8	7	1	6	9	3	6	13	10	22	7	12	2	15	2	17	16	24	8	14	8	9	13	21	25	25	25	33	5	20	17	13	12	19	8	8	7	15	7	16	22	27	19	23	5	25	14	
525_A/Curlew/Hong_Kong/A 11	8	9	0	13	5	7	5	6	13	0	0	19	4	1	10	9	9	6	2	8	5	4	5	8	8	19	3	11	7	17	5	17	9	16	13	11	9	14	10	21	30	27	34	35	5	17	12	11	11	14	7	15	8	20	8	9	22	30	23	28	4	23	10	
526_A/Cygnus_atratus/Hub 12	6	10	1	12	9	6	4	6	13	0	0	18	4	1	10	8	11	7	2	8	3	3	5	6	11	15	5	15	4	20	5	15	10	18	10	10	9	13	12	21	30	26	30	35	4	19	14	14	13	16	8	12	8	18	7	12	19	31	22	27	4	22	11	
527_A/Cygnus_atratus/Hub 12	6	10	1	12	9	6	4	6	13	0	0	18	4	1	10	8	11	7	2	8	3	3	5	6	11	15	4	15	4	20	5	15	10	18	10	10	9	13	12	21	30	26	30	35	4	19	15	14	13	16	8	12	8	18	7	12	19	31	22	27	4	22	11	
528_A/Cygnus_columbianus 14	7	8	0	11	7	8	5	6	12	0	0	21	4	1	10	8	10	8	1	8	3	3	6	6	13	18	4	12	3	17	4	13	11	19	12	14	9	11	11	22	30	26	28	35	3	17	19	13	14	18	8	11	9	15	7	12	19	31	22	27	3	22	11	
529_A/Cygnus_columbianus 13	7	9	0	11	7	8	5	6	12	0	0	21	4	1	10	8	10	8	1	8	3	3	6	6	13	18	4	12	3	17	4	13	11	19	12	14	9	11	11	22	30	27	28	35	3	16	19	13	14	18	8	10	9	15	7	13	19	31	22	27	3	22	11	
530_A/Cygnus_columbianus 13	7	9	0	11	7	8	5	6	12	0	0	21	4	1	10	8	10	8	1	8	3	3	5	6	13	18	5	12	3	17	4	13	11	19	12	14	9	11	11	22	30	27	28	35	3	16	19	14	14	18	8	10	9	15	7	12	19	31	22	27	3	22	11	
531_A/Cygnus_columbianus 13	7	9	0	11	7	8	5	6	12	0	0	21	4	1	10	8	10	8	1	8	3	3	6	6	13	18	4	12	3	17	4	13	11	19	12	14	9	11	11	22	30	26	28	35	3	17	19	14	14	18	8	10	9	15	7	12	19	31	22	27	3	22	11	
532_A/Cygnus_columbianus 13	7	9	0	11	7	8	5	6	12	0	0	21	4	1	10	8	10	8	1	8	3	3	6	6	13	18	4	12	3	17	4	13	11	19	12	13	9	11	11	22	30	26	28	35	3	17	19	13	14	18	8	11	9	15	7	12	19	31	21	28	3	22	12	
533_A/Cygnus_columbianus 12	7	9	0	12	7	8	5	6	12	0	0	21	4	1	10	8	10	8	1	8	3	3	6	6	13	18	4	12	3	17	4	13	11	19	12	14	9	11	11	22	30	26	28	35	3	17	19	13	14	18	8	10	9	16	7	12	19	31	22	27	3	22	11	
534_A/Cygnus_columbianus 13	7	9	0	11	7	8	5	6	12	0	0	21	4	1	10	8	9	8	1	8	3	3	6	6	14	18	4	12	3	17	4	13	11	19	11	14	9	11	12	21	30	25	29	35	3	17	19	14	14	18	8	10	9	15	7	13	19	31	22	27	3	22	11	
535_A/Cygnus_columbianus 13	6	8	1	11	7	8	4	7	13	0	0	17	4	1	10	7	10	7	2	9	3	3	5	6	12	19	4	14	4	17	4	14	9	19	10	13	10	12	11	21	32	24	32	36	2	21	14	14	12	16	8	10	10	18	7	12	20	30	22	28	3	23	11	
536_A/Cygnus_columbianus 11	8	8	0	13	5	8	5	6	13	0	0	19	4	1	10	8	9	7	2	8	5	3	5	6	8	18	3	14	7	18	5	16	9	17	11	12	9	13	12	20	29	27	34	36	6	17	12	12	12	15	7	13	8	19	8	10	21	31	23	28	4	22	10	
537_A/Cygnus_columbianus 13	6	8	1	11	7	8	4	7	13	0	0	17	4	1	10	7	10	7	2	9	3	3	5	6	12	19	4	14	4	17	4	14	9	19	10	13	10	12	11	21	32	24	32	36	2	21	14	14	12	16	8	10	10	18	7	12	20	30	22	28	3	23	11	
538_A/Cygnus_columbianus 13	6	8	1	11	7	8	4	7	13	0	0	17	4	1	10	7	10	7	2	9	3	3	5	6	12	19	4	14	4	17	4	14	9	19	10	13	10	12	11	21	32	24	32	36	2	21	14	14	12	16	8	10	10	18	7	12	20	30	22	28	3	23	11	
539_A/domestic_green-win 10	7	8	1	14	6	8	4	8	15	0	0	15	2	1	10	9	8	8	2	6	5	2	4	6	12	22	4	17	4	14	6	12	14	18	10	17	8	13	12	21	26	28	29	35	4	17	15	13	10	16	5	10	7	18	8	16	24	27	23	23	5	26	12	
540_A/duck/Anhui/AH328/2 10	11	9	1	14	4	7	4	6	15	0	0	15	1	1	10	8	8	7	3	9	6	3	5	9	12	28	4	14	3	9	5	19	13	16	12	8	6	18	10	22	30	24	30	36	3	21	12	13	13	12	7	7	3	21	7	17	23	37	19	25	5	15	15	
541_A/duck/Anhui/S4/2016 10	11	8	1	14	4	8	4	8	15	0	0	15	1	1	10	7	7	7	3	9	7	3	5	9	13	29	4	14	3	8	5	19	13	16	12	9	5	18	10	22	31	24	30	35	2	21	12	13	13	14	7	6	3	19	7	17	22	37	18	25	6	15	16	
542_A/duck/Changhua/15A0 12	8	8	1	12	5	8	4	5	14	0	0	22	3	1	10	8	9	8	2	8	3	2	5	7	11	19	4	11	6	17	4	14	10	18	12	15	8	13	10	20	32	27	32	36	2	18	13	13	12	20	9	14	9	14	6	12	19	30	22	25	4	23	11	
543_A/duck/Changhua/15A0 12	8	8	1	12	5	8	4	5	15	0	0	22	3	1	10	8	9	8	2	8	3	2	5	7	11	18	4	11	6	18	4	16	9	19	12	15	8	12	10	20	31	27	32	36	3	18	13	12	12	20	9	14	10	14	6	12	17	30	22	25	4	23	11	
544_A/duck/Chiayi/150800 10	6	7	0	14	8	9	5	7	15	0	0	13	1	1	10	7	8	7	2	7	5	4	5	11	12	25	5	17	4	10	4	19	11	20	9	13	9	12	13	19	28	26	32	34	4	18	13	10	8	18	7	12	8	15	9	17	25	27	18	24	4	25	14	
545_A/duck/China/0936/20 10	10	7	1	14	5	9	4	7	15	0	0	16	2	1	10	7	7	7	2	9	6	3	5	8	12	28	5	14	3	9	6	19	14	16	13	8	5	17	9	21	31	25	27	36	2	19	15	12	13	12	7	8	3	21	7	18	22	38	20	25	6	15	14	
546_A/duck/China/0938/20 10	8	11	0	14	5	5	5	6	13	0	0	20	4	1	10	10	8	9	1	7	5	1	5	11	13	21	1	8	3	15	5	14	11	15	12	13	12	16	10	22	26	24	32	37	3	21	16	8	9	16	7	12	10	17	8	12	22	33	17	29	4	21	16	
547_A/duck/China/DK87/20 9	8	7	1	15	7	9	4	4	13	0	0	19	2	1	10	7	8	8	3	7	7	2	5	10	10	24	3	13	4	12	5	20	12	17	14	10	8	16	8	23	29	24	32	34	1	20	13	13	14	11	7	7	5	22	9	16	21	37	18	27	6	15	14	
548_A/duck/China/E26/201 11	6	5	2	13	7	11	3	11	14	0	0	15	4	1	10	9	9	9	0	8	4	2	5	8	13	20	6	8	2	17	3	19	18	20	11	13	9	12	13	18	24	29	33	37	4	14	15	16	11	18	7	11	6	15	8	17	19	29	20	18	6	22	12	
549_A/duck/China/E53/201 10	6	6	2	14	7	10	3	7	13	0	0	13	4	1	10	7	7	9	1	8	9	1	6	12	8	22	4	15	5	15	4	15	15	23	7	15	9	10	14	20	26	24	26	33	6	19	19	15	11	18	6	8	5	16	10	17	24	26	18	22	4	26	14	
550_A/Duck/China/H5N6/20 11	6	6	2	13	7	10	3	9	15	0	0	14	2	1	10	10	9	7	1	5	8	3	6	12	10	21	6	12	2	16	2	16	16	24	8	14	8	9	13	21	25	26	26	33	5	19	17	14	11	19	8	8	7	15	7	16	23	28	19	23	5	24	14	
551_A/duck/China/YD1516/ 10	7	7	0	14	7	9	5	7	15	0	0	13	1	1	10	7	8	6	2	7	5	5	5	10	12	25	4	18	4	10	4	19	9	19	9	13	10	12	13	20	28	28	35	34	3	16	10	11	9	18	8	13	8	16	8	17	25	27	18	21	5	26	14	
552_A/duck/Chongqing/S43 10	8	12	0	14	7	4	5	8	14	0	0	15	2	1	10	7	11	9	3	9	4	1	4	9	9	15	3	13	5	22	4	14	9	19	12	12	10	14	10	23	27	24	34	35	6	19	13	13	5	13	5	13	10	20	10	11	20	27	20	27	8	26	13	
553_A/duck/Dongguan/2685 11	6	6	2	13	7	9	3	10	15	0	0	13	2	1	10	9	9	8	1	6	8	3	6	12	10	21	7	12	2	16	2	17	16	24	8	14	8	9	13	21	25	24	25	33	5	21	17	13	11	18	9	8	7	16	6	18	23	30	18	21	5	22	15	
554_A/Duck/Dongting/D76- 7	8	10	1	18	6	6	4	7	14	0	0	17	2	1	10	10	11	9	3	7	3	1	4	10	11	14	3	10	4	22	5	16	10	19	13	12	10	12	9	20	26	20	32	36	7	24	14	11	9	16	7	12	9	18	7	11	22	28	22	28	5	25	12	
555_A/duck/Eastern_China 9	7	7	1	15	6	9	4	8	15	0	0	17	2	1	10	8	8	7	2	7	5	3	5	7	11	24	5	15	5	11	4	17	11	18	9	14	9	14	12	20	25	27	32	35	5	18	12	12	12	18	5	10	7	16	9	15	24	28	22	25	4	25	12	
556_A/duck/Eastern_China 8	7	7	1	16	6	9	4	8	15	0	0	17	2	1	10	8	7	7	2	7	6	3	5	7	11	24	5	15	5	11	4	17	11	18	9	14	9	14	12	20	25	27	32	35	5	18	12	13	12	18	5	9	7	16	9	14	24	26	22	26	4	27	12	
557_A/duck/Eastern_China 9	7	7	1	15	6	9	4	8	15	0	0	17	2	1	10	8	8	7	2	7	5	3	5	7	11	24	5	15	5	11	4	17	11	18	9	14	9	14	12	20	25	27	32	35	5	18	12	12	12	18	5	10	7	16	9	15	24	28	22	25	4	25	12	
558_A/duck/Eastern_China 9	7	7	1	15	6	9	4	8	15	0	0	17	2	1	10	8	7	7	2	7	6	3	5	7	11	24	5	15	5	11	4	17	11	18	9	14	9	14	12	20	25	27	32	35	5	18	12	13	12	18	5	9	7	16	9	14	24	26	22	26	4	27	12	
559_A/duck/Eastern_China 10	7	9	1	14	6	7	4	7	13	0	0	18	3	1	10	10	9	6	4	6	5	4	4	11	12	15	4	9	4	21	4	11	8	21	10	14	10	11	10	23	28	23	28	34	7	21	18	8	12	16	8	16	7	17	9	9	22	31	22	32	4	22	10	
560_A/duck/Eastern_China 10	7	7	1	14	6	9	4	10	14	0	0	14	3	1	10	8	9	6	2	7	4	4	5	7	11	24	5	16	5	11	4	16	9	16	10	14	11	15	12	19	25	29	32	35	5	16	12	14	12	18	5	10	6	16	9	17	26	28	21	24	2	24	14	
561_A/duck/Eastern_China 10	7	7	1	14	5	9	4	10	16	0	0	15	2	1	10	8	8	7	2	7	5	3	5	8	11	24	5	14	5	12	3	17	10	15	11	13	10	15	11	21	24	28	32	35	6	18	12	14	12	18	5	10	6	16	10	15	27	27	20	23	2	25	14	
562_A/duck/Eastern_China 9	7	7	1	15	7	9	4	7	15	0	0	13	1	1	10	7	8	5	2	7	5	5	5	8	11	25	5	20	5	11	3	19	11	21	9	13	9	11	13	19	27	27	34	34	5	16	11	12	9	17	6	10	9	16	9	15	24	26	21	26	3	27	13	
563_A/duck/Eastern_China 9	7	7	1	15	7	9	4	7	15	0	0	14	1	1	10	7	8	5	2	7	5	5	5	9	11	25	5	18	5	11	3	18	11	20	9	13	9	11	13	19	27	27	33	34	5	16	12	13	9	18	7	10	9	16	9	16	24	26	21	25	3	27	12	
564_A/duck/Eastern_China 9	7	7	1	15	7	9	4	7	15	0	0	14	1	1	10	7	8	5	2	7	5	5	5	9	11	25	5	18	5	11	3	18	11	20	9	13	9	11	13	19	27	27	33	34	5	16	12	13	9	18	6	10	9	16	9	16	24	26	21	25	3	27	13	
565_A/duck/Eastern_China 9	7	7	1	15	7	9	4	7	15	0	0	14	1	1	10	6	8	5	2	7	5	5	5	9	11	25	5	19	5	11	3	18	11	20	9	13	9	11	13	19	27	27	34	34	5	16	11	13	9	18	6	10	9	16	9	15	24	26	21	26	3	27	13	
566_A/duck/Eastern_China 9	7	7	1	15	7	9	4	8	15	0	0	13	1	1	10	7	8	5	2	7	5	5	5	9	11	25	5	18	5	11	4	18	10	20	9	13	10	11	13	19	27	27	33	34	5	16	11	13	9	18	6	10	9	16	9	15	24	27	20	26	3	26	14	
567_A/duck/Eastern_China 9	7	6	1	15	7	10	4	8	15	0	0	13	1	1	10	7	8	5	2	7	5	5	5	7	11	25	5	20	5	11	3	18	12	21	9	13	8	11	12	20	27	27	34	34	5	16	11	12	8	18	6	11	9	16	9	16	24	24	20	25	3	29	14	
568_A/duck/Eastern_China 8	5	7	2	16	8	9	3	8	14	0	0	11	3	1	10	8	9	7	2	6	6	4	5	8	10	24	4	21	4	12	4	18	12	22	8	13	8	11	13	20	28	25	26	33	6	19	16	13	10	18	9	10	7	16	7	20	22	24	17	21	6	27	16	
569_A/duck/Eastern_China 10	7	9	1	14	6	7	4	6	14	0	0	19	3	1	10	10	9	6	3	6	5	4	4	12	10	15	4	8	5	21	4	11	10	20	11	13	9	12	10	23	28	24	26	35	6	20	20	9	11	16	8	16	8	18	8	8	22	31	22	32	4	22	10	
570_A/duck/Eastern_China 11	7	7	2	13	6	9	3	9	15	0	0	13	2	1	10	9	8	7	1	6	9	3	6	13	10	22	6	12	2	15	2	16	16	24	9	15	8	8	12	20	25	24	26	34	5	20	16	14	10	19	9	7	9	16	6	18	23	28	21	21	4	23	15	
571_A/duck/Eastern_China 10	6	7	1	14	7	9	4	9	14	0	0	13	3	1	10	9	10	9	1	6	7	1	6	13	9	22	7	13	3	15	2	15	14	23	8	13	9	10	13	22	27	23	22	33	4	21	20	14	13	18	8	11	6	16	7	13	23	26	22	22	5	25	13	
572_A/duck/Eastern_China 10	7	7	1	14	6	9	4	9	14	0	0	15	3	1	10	9	9	7	1	6	5	3	6	8	11	26	3	16	4	12	3	17	12	16	11	15	9	15	12	20	23	26	34	34	6	17	11	15	12	17	6	9	7	16	8	14	25	30	19	24	2	23	16	
573_A/duck/Eastern_China 11	6	7	2	13	7	9	3	8	15	0	0	13	2	1	10	9	9	7	1	6	8	3	6	14	10	23	6	12	2	14	2	16	15	24	8	15	9	9	13	20	25	26	23	33	5	19	19	14	11	19	8	7	8	15	7	20	22	30	20	21	4	22	14	
574_A/duck/Eastern_China 11	7	9	1	13	6	7	4	6	14	0	0	18	3	1	10	10	9	6	3	6	5	4	4	12	10	15	4	9	5	21	4	12	10	20	11	13	9	12	10	22	28	24	26	35	6	20	19	9	11	14	9	16	8	19	8	7	22	31	23	33	4	22	10	
575_A/duck/Eastern_China 10	7	9	1	14	7	7	4	6	14	0	0	18	2	1	10	10	8	6	3	6	5	4	4	14	12	15	4	7	4	21	4	12	9	20	11	14	9	12	10	23	28	22	27	34	7	22	18	8	13	16	8	16	7	17	9	10	21	32	23	30	4	21	10	
576_A/duck/Fujian/1.17_F 11	12	10	1	13	3	6	4	8	15	1	0	13	1	0	10	10	8	8	2	9	6	2	5	9	14	27	4	14	1	10	6	20	11	16	13	6	8	17	10	20	30	24	28	35	3	20	15	18	14	14	7	6	3	19	7	19	24	35	19	21	3	17	15	
577_A/duck/Fujian/03.18_ 10	7	7	2	14	6	9	3	9	15	0	0	13	2	1	10	9	9	7	1	6	8	3	6	12	10	21	7	14	2	15	2	16	16	24	8	14	8	9	13	21	25	26	25	33	4	20	17	13	10	18	7	9	8	16	8	18	22	29	19	21	6	23	14	
578_A/duck/Fujian/05.07_ 11	6	6	2	13	7	10	3	8	15	0	0	13	2	1	10	10	9	7	1	5	8	3	6	12	10	22	6	12	2	15	2	17	16	22	9	14	8	10	13	20	24	24	23	32	5	20	18	13	10	18	8	7	8	15	7	16	24	27	18	24	5	23	15	
579_A/duck/Fujian/05.07_ 11	6	6	2	13	7	10	3	8	15	0	0	13	2	1	10	10	9	7	1	5	8	3	6	12	10	22	6	12	2	15	2	17	16	22	9	14	8	10	13	20	24	24	23	32	5	20	18	13	10	18	8	7	8	15	7	16	24	27	18	24	5	23	15	
580_A/duck/Fujian/05.07_ 11	6	6	2	13	7	10	3	8	15	0	0	13	2	1	10	10	9	7	1	5	8	3	6	12	10	22	6	12	2	15	2	17	16	22	9	14	8	10	13	20	24	24	23	32	5	20	18	13	10	18	8	7	8	15	7	16	24	27	18	24	5	23	15	
581_A/duck/Fujian/10.26_ 10	11	7	1	14	4	9	4	5	16	0	0	15	1	1	10	8	7	6	3	9	7	4	5	10	12	27	2	14	2	10	7	18	13	15	12	7	6	18	11	22	29	24	31	35	3	21	11	15	15	13	7	7	3	20	8	16	24	36	20	27	3	16	13	
582_A/duck/Fujian/10.26_ 10	11	7	1	14	4	9	4	5	16	0	0	15	1	1	10	8	7	6	3	9	7	4	5	11	12	27	2	13	2	10	7	18	13	15	12	7	6	18	11	22	29	24	31	36	3	21	11	15	15	14	7	7	3	19	8	16	24	36	19	26	3	16	14	
583_A/duck/Fujian/11.3_F 10	12	8	1	14	3	8	4	8	15	0	0	13	1	1	10	9	8	7	3	10	6	3	5	10	13	28	4	13	2	9	5	19	13	15	12	7	6	18	11	22	30	24	30	35	3	21	12	13	13	13	7	6	4	20	8	17	25	37	19	26	2	15	14	
584_A/duck/Fujian/11.3_F 10	12	9	1	14	3	7	4	9	15	0	0	12	1	1	10	9	8	7	3	10	6	3	5	9	13	28	4	14	2	9	5	19	13	15	12	7	6	18	11	22	30	24	30	35	3	21	12	13	13	12	7	6	4	21	8	17	25	37	19	26	2	15	14	
585_A/duck/Fujian/11.23_ 10	11	7	1	14	4	9	4	5	16	0	0	15	1	1	10	8	7	6	3	9	7	4	5	10	12	27	2	14	2	10	7	18	13	15	12	7	6	18	11	22	29	24	31	35	3	21	11	15	15	14	7	7	3	19	8	16	24	36	20	27	3	16	13	
586_A/duck/Fujian/11.23_ 10	11	7	1	14	4	9	4	5	16	0	0	15	1	1	10	8	7	6	3	9	7	4	5	11	12	27	2	13	2	10	7	18	13	15	12	7	6	18	11	22	30	23	31	36	3	21	11	15	15	14	7	7	3	19	8	16	23	37	20	26	3	16	13	
587_A/duck/Fujian/11.23_ 10	11	7	1	14	4	9	4	5	16	0	0	15	1	1	10	8	7	6	3	9	7	4	5	11	12	27	2	13	2	10	7	18	13	15	12	7	6	18	11	22	30	23	31	36	3	21	11	15	15	14	7	7	3	19	8	16	23	37	20	26	3	16	13	
588_A/duck/Fujian/12.7_F 10	12	10	1	14	3	6	4	9	14	0	0	12	2	1	10	10	8	7	3	9	6	3	5	9	13	28	4	14	2	9	5	19	13	16	12	7	5	18	10	22	31	22	30	35	3	23	12	13	12	12	7	6	5	21	8	17	24	37	18	26	3	15	15	
589_A/duck/Fujian/12.7_F 10	12	9	1	14	3	7	4	8	15	0	0	13	1	1	10	9	8	7	3	10	6	3	5	10	13	28	4	13	2	9	5	19	13	16	12	7	6	17	11	22	30	25	31	35	3	20	11	13	13	12	7	6	4	21	8	17	25	37	19	26	2	15	14	
590_A/duck/Fujian/12.7_F 10	12	9	1	14	3	7	4	8	15	0	0	13	1	1	10	9	8	7	3	10	6	3	5	10	13	28	4	13	2	9	5	19	13	16	12	7	6	17	11	22	30	25	31	35	3	20	11	13	13	12	7	6	4	21	8	17	25	37	19	26	2	15	14	
591_A/duck/Fujian/12.7_F 10	12	9	1	14	3	7	4	8	15	0	0	13	1	1	10	9	8	7	3	10	6	3	5	10	13	28	4	13	2	9	5	19	12	17	12	7	6	17	11	22	30	25	31	35	3	20	11	13	13	12	7	6	4	21	8	17	25	37	19	26	2	15	14	
592_A/duck/Fujian/S1233/ 10	12	8	1	14	4	8	4	9	15	0	0	14	0	1	10	7	7	7	3	9	7	3	6	8	13	29	4	14	2	8	4	19	13	16	12	8	7	18	10	22	29	24	32	36	3	20	11	14	11	13	7	7	3	20	7	17	22	33	19	24	8	19	15	
593_A/duck/Fujian/S1273/ 10	12	8	1	14	4	8	4	9	15	0	0	14	0	1	10	7	7	7	3	9	7	3	6	8	13	29	4	14	2	8	4	19	13	16	12	8	7	18	10	22	29	23	32	36	3	21	11	14	11	13	7	7	3	20	7	17	22	33	19	24	8	19	15	
594_A/Duck/Fujian/S4146/ 10	6	7	2	14	7	9	3	9	15	0	0	12	2	1	10	9	9	9	1	6	8	1	6	12	11	22	6	14	1	15	3	16	16	23	7	14	10	10	14	21	25	23	25	33	4	21	19	14	12	19	7	9	3	15	8	16	25	28	18	22	4	24	15	
595_A/duck/Guangdong/01. 10	11	8	1	14	4	8	4	6	15	0	0	16	1	1	10	8	8	8	3	9	6	2	5	10	12	28	3	12	3	9	6	19	13	19	12	8	5	16	10	22	30	23	30	36	3	22	12	14	14	13	7	7	3	19	8	13	23	38	18	28	5	14	15	
596_A/duck/Guangdong/01. 10	11	8	1	14	4	8	4	6	15	0	0	16	1	1	10	8	8	8	3	9	6	2	5	10	12	28	3	12	3	9	6	19	13	19	12	8	5	16	10	22	30	23	30	36	3	22	12	14	14	13	7	7	3	19	8	13	23	38	18	28	5	14	15	
597_A/duck/Guangdong/01. 10	11	8	1	14	4	8	4	6	15	0	0	16	1	1	10	8	8	8	3	9	6	2	5	10	12	28	3	12	3	9	6	19	13	19	12	8	5	16	10	22	30	23	30	36	3	22	12	14	14	13	7	7	3	19	8	13	23	38	18	28	5	14	15	
598_A/duck/Guangdong/01. 10	11	8	1	14	4	8	4	6	15	0	0	16	1	1	10	8	8	8	3	9	6	2	5	10	12	28	3	13	3	9	6	19	13	19	12	8	5	16	10	22	30	23	30	35	3	22	12	14	14	13	7	7	3	19	8	13	23	38	18	27	5	14	16	
599_A/duck/Guangdong/01. 10	11	8	1	14	4	8	4	6	15	0	0	16	1	1	10	8	8	8	3	9	6	2	5	10	12	28	3	12	3	9	6	19	13	19	12	8	5	16	10	22	30	23	30	36	3	22	12	14	14	13	7	7	3	19	8	13	23	38	18	28	5	14	15	
600_A/duck/Guangdong/01. 10	11	8	1	14	4	8	4	6	15	0	0	16	1	1	10	8	8	8	3	9	6	2	5	10	12	28	3	12	3	9	6	19	13	19	12	8	5	16	10	22	30	23	30	36	3	22	12	14	14	13	7	7	3	19	8	13	23	38	18	28	5	14	15	
601_A/duck/Guangdong/01. 10	11	8	1	14	4	8	4	6	15	0	0	16	1	1	10	8	8	8	3	9	6	2	5	10	12	28	3	12	3	9	6	19	13	19	12	8	5	16	10	22	30	23	30	36	3	22	12	14	14	13	7	7	3	19	8	13	23	38	18	28	5	14	15	
602_A/duck/Guangdong/01. 10	11	8	1	14	4	8	4	6	15	0	0	16	1	1	10	8	8	8	3	9	6	2	5	10	12	28	3	12	3	9	6	19	13	19	12	8	5	16	10	22	30	23	30	36	3	22	12	14	14	13	7	7	3	19	8	13	23	38	18	28	5	14	15	
603_A/duck/Guangdong/01. 10	11	8	1	14	4	8	4	6	15	0	0	16	1	1	10	8	8	8	3	9	6	2	5	10	12	28	3	12	3	9	6	20	13	19	12	8	5	16	10	22	30	23	30	36	3	22	12	13	14	13	7	7	3	19	8	13	23	38	18	28	5	14	15	
604_A/duck/Guangdong/01. 10	11	8	1	14	4	8	4	6	15	0	0	16	1	1	10	8	8	8	3	9	6	2	5	10	12	28	3	12	3	9	6	20	13	19	12	8	5	16	10	22	30	23	30	36	3	22	12	13	14	13	7	7	3	19	8	13	23	38	18	28	5	14	15	
605_A/duck/Guangdong/02. 10	11	8	1	14	4	8	4	6	15	0	0	15	1	1	10	8	8	7	3	9	7	3	5	10	11	28	3	13	3	9	6	18	12	17	13	9	6	18	9	22	30	24	30	36	3	21	12	13	14	12	7	7	3	20	8	15	23	37	19	27	5	15	14	
606_A/duck/Guangdong/02. 10	11	8	1	14	4	8	4	6	15	0	0	15	1	1	10	8	8	7	3	9	7	3	5	10	11	28	3	13	3	9	6	18	12	17	13	9	6	18	9	22	30	24	30	36	3	21	12	13	14	12	7	7	3	20	8	15	23	37	19	27	5	15	14	
607_A/duck/Guangdong/02. 10	11	8	1	14	4	8	4	6	15	0	0	15	1	1	10	8	8	7	3	9	7	3	5	10	11	28	3	13	3	9	6	18	12	17	13	9	7	18	9	22	29	24	30	36	3	21	12	13	14	12	7	7	3	20	8	15	23	37	19	27	5	15	14	
608_A/duck/Guangdong/02. 10	11	8	1	14	4	8	4	6	15	0	0	15	1	1	10	8	8	7	3	9	7	3	5	10	11	28	3	13	3	9	6	17	12	17	13	10	6	18	9	22	30	24	30	36	3	21	12	13	14	12	7	7	3	20	8	15	23	37	19	27	5	15	14	
609_A/duck/Guangdong/02. 10	11	8	1	14	4	8	4	6	15	0	0	15	1	1	10	8	8	7	3	9	7	3	5	10	11	28	3	13	3	9	6	18	12	17	13	9	6	18	9	22	30	24	30	36	3	21	12	13	14	12	7	7	3	20	8	15	23	37	19	27	5	15	14	
610_A/duck/Guangdong/02. 10	11	8	1	14	4	8	4	6	15	0	0	15	1	1	10	8	8	7	3	9	7	3	5	10	11	28	3	13	3	9	6	18	12	17	13	9	6	18	9	23	30	24	30	36	3	21	12	13	14	12	7	7	3	20	8	14	23	37	19	27	5	15	14	
611_A/duck/Guangdong/03. 10	11	8	1	14	4	8	4	6	14	0	0	15	2	1	10	8	8	7	3	9	6	3	6	9	13	27	4	14	2	10	5	19	13	16	12	8	6	18	10	22	30	24	29	35	4	21	12	13	13	12	7	7	3	21	7	17	23	37	20	25	5	15	14	
612_A/duck/Guangdong/03. 10	11	8	1	14	4	8	4	6	14	0	0	15	2	1	10	8	8	7	3	9	6	3	6	9	12	27	4	14	3	10	5	19	13	16	12	8	6	18	10	22	30	24	29	35	4	21	12	13	13	12	7	7	3	21	7	17	23	37	20	25	5	15	14	
613_A/duck/Guangdong/03. 10	11	8	1	14	4	8	4	6	15	0	0	15	1	1	10	8	8	7	3	9	6	3	6	9	12	27	4	14	3	10	5	19	13	15	12	8	6	19	10	22	30	24	30	36	3	21	11	13	13	12	7	7	3	21	7	17	23	37	20	25	5	15	14	
614_A/duck/Guangdong/03. 10	11	10	1	14	4	6	4	5	15	0	0	17	1	1	10	8	8	7	3	9	6	3	5	10	12	28	4	12	3	9	5	19	13	16	12	8	6	18	10	22	30	24	30	36	3	21	12	13	13	11	7	7	3	22	8	17	23	36	18	25	5	16	15	
615_A/duck/Guangdong/03. 10	11	8	1	14	4	8	4	6	15	0	0	15	1	1	10	8	8	7	3	9	6	3	6	9	12	27	4	14	3	10	5	19	13	15	12	8	6	19	10	22	30	24	30	36	3	21	11	13	13	12	7	7	3	21	7	17	23	37	20	25	5	15	14	
616_A/duck/Guangdong/03. 10	11	8	1	14	4	8	4	6	15	0	0	15	1	1	10	8	8	7	3	9	6	3	6	9	12	27	4	14	3	10	5	19	13	15	12	8	6	19	10	22	30	24	30	36	3	21	11	13	13	12	7	7	3	21	7	17	23	37	20	25	5	15	14	
617_A/duck/Guangdong/03. 12	11	8	1	12	4	8	4	4	15	0	0	17	1	1	10	8	9	7	3	9	5	3	5	9	12	28	4	14	3	9	5	18	12	16	11	9	7	18	11	22	31	24	30	36	2	21	12	11	14	13	7	8	3	20	8	17	24	37	21	26	3	15	12	
618_A/duck/Guangdong/03. 10	11	8	1	14	4	8	4	6	15	0	0	15	1	1	10	8	8	7	3	9	6	3	6	9	12	27	4	14	3	10	5	19	13	15	12	8	6	19	10	22	30	24	30	36	3	21	11	13	13	12	7	7	3	21	7	17	23	37	20	25	5	15	14	
619_A/duck/Guangdong/03. 10	11	10	1	14	4	6	4	5	15	0	0	17	1	1	10	8	8	7	3	9	6	3	5	10	12	28	4	12	3	9	5	19	13	16	12	8	6	17	11	22	30	24	30	36	3	21	12	13	13	12	7	7	3	21	8	17	23	36	18	25	5	16	15	
620_A/duck/Guangdong/03. 10	11	10	1	14	4	6	4	5	15	0	0	17	1	1	10	8	8	7	3	9	6	3	5	10	12	28	4	12	3	9	5	19	13	16	12	8	6	17	11	22	30	24	30	36	3	21	12	13	13	12	7	7	3	21	8	17	23	36	18	25	5	16	15	
621_A/duck/Guangdong/03. 10	11	8	1	14	4	8	4	6	15	0	0	15	1	1	10	8	8	7	3	9	6	3	6	9	12	27	4	14	3	10	5	19	13	15	12	8	6	19	10	22	30	24	30	36	3	21	11	13	13	12	7	7	3	21	7	17	23	37	20	25	5	15	14	
622_A/duck/Guangdong/03. 10	11	8	1	14	4	8	4	6	15	0	0	15	1	1	10	8	8	7	3	9	6	3	6	9	12	27	4	14	3	10	5	19	13	15	12	8	6	19	10	22	30	24	30	36	3	21	11	13	13	12	7	7	3	21	7	17	23	37	20	25	5	15	14	
623_A/duck/Guangdong/03. 10	11	8	1	14	4	8	4	6	15	0	0	14	1	1	10	8	8	7	3	9	6	3	6	9	12	27	4	15	3	10	5	18	13	17	12	9	6	17	10	22	30	24	30	36	3	21	11	13	13	12	7	7	3	21	7	17	23	38	20	25	5	14	14	
624_A/duck/Guangdong/03. 10	11	8	1	14	4	8	4	6	15	0	0	15	1	1	10	8	8	7	3	9	6	3	6	9	12	27	4	14	3	10	5	19	13	16	12	8	6	18	10	22	30	24	30	36	3	21	11	13	13	12	7	7	3	21	7	17	23	37	20	25	5	15	14	
625_A/duck/Guangdong/03. 10	11	8	1	14	4	8	4	6	15	0	0	15	1	1	10	8	8	7	3	9	6	3	6	9	12	27	4	14	3	10	5	19	13	16	12	8	6	18	10	22	30	24	30	36	3	21	11	13	13	12	7	7	3	21	7	17	23	37	20	25	5	15	14	
626_A/duck/Guangdong/03. 10	11	8	1	14	4	8	4	6	15	0	0	15	1	1	10	8	8	7	3	9	6	3	6	9	12	27	4	14	3	10	5	19	13	16	12	8	6	18	10	22	30	23	30	36	3	22	11	13	13	12	7	7	3	21	7	17	23	37	20	25	5	15	14	
627_A/duck/Guangdong/03. 10	11	8	1	14	4	8	4	6	15	0	0	15	1	1	10	8	8	7	3	9	6	3	6	9	12	27	4	14	3	10	5	19	13	16	12	8	6	18	10	22	30	23	30	36	3	22	11	13	13	12	7	7	3	21	7	17	23	37	20	25	5	15	14	
628_A/duck/Guangdong/03. 10	11	8	1	14	4	8	4	6	15	0	0	15	1	1	10	8	8	7	3	9	6	3	6	9	12	27	4	14	3	10	5	19	13	16	12	8	6	18	10	22	30	23	30	36	3	22	11	13	13	12	7	7	3	21	7	17	23	37	20	25	5	15	14	
629_A/duck/Guangdong/03. 10	11	8	1	14	4	8	4	6	15	0	0	15	1	1	10	8	8	7	3	9	6	3	6	9	12	27	4	14	3	10	5	19	13	16	12	8	6	18	10	22	30	23	30	36	3	22	11	13	13	12	7	7	3	21	7	17	23	37	20	25	5	15	14	
630_A/duck/Guangdong/03. 10	11	8	1	14	4	8	4	6	15	0	0	15	1	1	10	8	8	7	3	9	6	3	6	9	12	27	4	14	3	10	5	19	13	16	12	8	6	18	10	22	30	24	30	36	3	21	11	13	13	12	7	7	3	21	7	17	23	37	20	25	5	15	14	
631_A/duck/Guangdong/03. 10	11	8	1	14	4	8	4	6	15	0	0	15	1	1	10	8	8	7	3	9	6	3	6	9	12	27	4	14	3	10	5	19	13	16	12	8	6	18	10	22	30	23	30	36	3	22	11	13	13	12	7	7	3	21	7	17	23	37	20	25	5	15	14	
632_A/duck/Guangdong/03. 10	11	8	1	14	4	8	4	6	15	0	0	16	1	1	10	8	8	7	3	9	6	3	5	10	12	28	3	12	3	9	6	19	13	18	12	8	5	17	10	22	30	24	30	36	3	21	12	14	14	13	7	7	3	19	8	14	23	38	18	27	5	14	15	
633_A/duck/Guangdong/03. 10	11	8	1	14	4	8	4	6	15	0	0	15	1	1	10	8	8	7	3	9	6	3	5	10	12	28	3	13	3	9	6	19	12	18	12	8	6	17	10	22	30	23	30	36	3	21	13	13	13	12	7	7	4	20	8	16	23	38	18	26	5	14	15	
634_A/duck/Guangdong/03. 10	11	8	1	14	4	8	4	6	15	0	0	16	1	1	10	8	8	7	3	9	6	3	5	10	12	28	3	12	3	9	6	19	13	18	12	8	5	17	10	22	30	24	30	36	3	21	12	14	14	13	7	7	3	19	8	14	23	38	18	27	5	14	15	
635_A/duck/Guangdong/03. 10	11	8	1	14	4	8	4	6	15	0	0	15	1	1	10	8	8	7	3	9	6	3	5	10	12	28	3	13	3	9	6	19	12	18	12	8	6	17	10	22	30	23	30	36	3	21	13	13	13	12	7	7	4	20	8	16	23	38	18	26	5	14	15	
636_A/duck/Guangdong/03. 10	11	8	1	14	4	8	4	6	15	0	0	16	1	1	10	8	8	7	3	9	6	3	5	10	12	28	3	12	3	9	6	19	13	18	12	8	5	17	10	22	30	24	30	36	3	21	12	14	14	13	7	7	3	19	8	14	23	38	18	27	5	14	15	
637_A/duck/Guangdong/04. 10	11	8	1	14	4	8	4	6	14	0	0	16	2	1	10	8	7	7	3	9	6	3	6	8	13	27	4	14	3	10	5	19	14	16	12	8	4	18	10	22	31	24	30	36	3	21	11	13	12	12	7	7	4	21	7	17	23	36	20	25	5	16	14	
638_A/duck/Guangdong/04. 10	11	8	1	14	4	8	3	6	15	0	0	15	1	1	10	8	8	7	3	9	7	3	6	9	12	28	4	14	3	9	5	20	13	16	12	8	5	17	11	22	30	24	30	36	3	21	12	12	13	13	7	7	3	20	8	17	23	36	18	25	5	16	15	
639_A/duck/Guangdong/04. 10	11	8	1	14	4	8	3	6	15	0	0	15	1	1	10	8	8	7	3	9	7	3	6	9	12	28	4	14	3	9	5	19	13	16	12	8	5	17	11	22	30	24	30	36	3	21	12	13	13	13	7	7	3	20	8	17	23	36	18	25	5	16	15	
640_A/duck/Guangdong/04. 10	11	8	1	14	4	8	4	7	15	0	0	14	1	1	10	8	7	7	3	9	7	3	6	9	12	27	3	14	3	10	5	20	13	16	11	8	6	18	11	22	31	24	31	36	2	21	11	12	13	12	7	7	3	21	7	17	23	37	20	25	5	15	14	
641_A/duck/Guangdong/04. 11	11	10	1	14	4	6	4	5	14	0	0	16	2	1	10	8	8	7	3	9	6	3	5	10	12	28	4	12	3	9	5	19	13	17	11	8	5	17	11	22	31	24	30	35	3	21	12	13	13	12	7	7	3	21	8	17	23	36	18	26	5	16	15	
642_A/duck/Guangdong/04. 10	11	8	1	14	4	8	4	7	15	0	0	14	1	1	10	8	8	7	3	9	6	3	6	9	12	27	3	14	3	10	5	18	13	16	12	9	6	18	10	22	30	24	31	36	3	21	11	13	13	12	7	7	3	21	7	17	23	37	20	25	5	15	14	
643_A/duck/Guangdong/04. 10	11	8	1	14	4	8	4	6	14	0	0	15	2	1	10	8	8	7	3	9	6	3	5	9	12	28	4	14	3	9	6	18	12	17	12	9	6	19	9	23	29	24	28	36	3	21	13	13	14	12	7	7	3	20	8	16	23	37	18	26	5	15	15	
644_A/duck/Guangdong/04. 10	11	7	1	14	4	9	4	6	15	0	0	16	1	1	10	8	8	7	3	9	6	3	5	10	12	28	3	12	3	9	6	19	13	18	12	8	5	17	10	22	30	25	30	36	3	20	12	14	14	13	8	7	3	19	7	14	23	38	18	27	5	14	15	
645_A/duck/Guangdong/04. 10	11	8	1	14	4	8	4	6	15	0	0	15	1	1	10	8	8	7	3	9	6	3	5	10	13	26	3	13	2	11	6	19	12	17	12	8	6	18	10	23	30	24	29	35	3	21	13	13	14	12	7	7	3	20	8	15	23	37	19	27	5	15	14	
646_A/duck/Guangdong/04. 10	11	8	1	14	4	8	4	6	15	0	0	15	1	1	10	8	8	7	3	9	6	3	5	10	13	26	3	13	2	11	6	19	12	17	12	8	6	18	10	23	30	24	29	35	3	21	13	13	14	12	7	7	3	20	8	15	23	37	19	27	5	15	14	
647_A/duck/Guangdong/04. 11	11	8	1	13	4	8	4	6	15	0	0	16	1	1	10	8	8	7	3	9	6	3	5	10	12	28	3	12	3	9	6	19	13	18	12	8	5	17	10	22	30	24	31	36	3	21	11	14	14	13	7	7	3	19	8	14	23	38	18	28	4	14	15	
648_A/duck/Guangdong/04. 11	11	8	1	13	4	8	4	6	15	0	0	16	1	1	10	8	8	7	3	9	6	3	5	10	12	28	3	12	3	9	6	19	13	18	12	8	5	17	10	22	30	24	31	36	3	21	11	14	14	13	7	7	3	19	8	14	23	38	18	28	4	14	15	
649_A/duck/Guangdong/04. 11	11	8	1	13	4	8	4	6	15	0	0	16	1	1	10	8	8	7	3	9	6	3	5	10	12	28	3	12	3	9	6	19	13	18	12	8	5	17	10	22	30	24	31	36	3	21	11	14	14	13	7	7	3	19	8	14	23	38	18	28	4	14	15	
650_A/duck/Guangdong/04. 11	6	7	2	13	7	9	3	9	15	0	0	13	2	1	10	9	9	7	1	6	8	3	6	11	10	22	6	12	2	15	2	18	15	24	8	13	8	9	12	19	25	23	24	33	5	20	19	13	12	18	8	7	8	15	7	18	21	26	17	22	6	24	16	
651_A/duck/Guangdong/04. 10	11	8	1	14	4	8	4	6	15	0	0	15	1	1	10	8	8	7	3	9	6	3	5	10	13	27	3	13	2	10	6	19	12	17	12	8	6	18	10	23	29	24	30	35	3	21	12	13	14	12	7	7	3	20	7	15	23	37	20	27	6	15	14	
652_A/duck/Guangdong/04. 10	11	8	1	14	4	8	4	6	15	0	0	15	1	1	10	8	8	7	3	9	6	3	5	10	13	27	3	13	2	10	6	19	12	17	12	8	6	18	10	23	29	24	30	35	3	21	12	13	14	12	7	7	3	20	7	15	23	37	20	27	6	15	14	
653_A/duck/Guangdong/04. 11	6	7	2	13	7	9	3	8	15	0	0	13	2	1	10	9	9	7	1	6	8	3	6	12	10	22	6	12	2	15	2	18	15	24	8	13	8	9	12	19	25	23	24	33	5	20	19	13	12	18	8	7	8	15	7	18	21	26	16	22	6	24	17	
654_A/duck/Guangdong/04. 11	6	7	2	13	7	9	3	8	15	0	0	13	2	1	10	9	9	7	1	6	8	3	6	12	10	22	6	11	2	15	3	19	15	24	8	12	8	9	12	19	25	23	24	33	5	20	19	13	12	18	8	7	8	15	7	18	21	26	17	22	6	24	16	
655_A/duck/Guangdong/04. 10	11	8	1	14	4	8	4	6	15	0	0	15	1	1	10	8	8	7	3	9	6	3	5	10	12	28	3	13	3	9	6	19	12	18	12	8	6	17	10	22	30	23	30	36	3	21	13	13	13	12	7	7	4	20	8	16	23	38	18	26	5	14	15	
656_A/duck/Guangdong/04. 10	11	8	1	14	4	8	4	6	15	0	0	15	1	1	10	8	8	7	3	9	6	3	5	10	12	28	3	13	3	9	6	19	12	18	12	8	6	17	10	22	30	23	30	36	3	21	13	13	13	12	7	7	4	20	8	16	23	38	18	26	5	14	15	
657_A/duck/Guangdong/04. 10	11	8	1	14	4	8	4	6	15	0	0	16	1	1	10	8	8	7	3	9	6	3	5	10	12	28	3	12	3	9	6	19	13	18	12	8	5	17	10	22	30	24	30	36	3	21	12	14	14	13	7	7	3	19	8	14	23	38	18	27	5	14	15	
658_A/duck/Guangdong/04. 10	11	8	1	14	4	8	4	6	15	0	0	16	1	1	10	8	8	7	3	9	6	3	5	10	12	28	3	12	3	9	6	19	13	18	12	8	5	17	10	22	30	24	30	36	3	21	12	14	14	13	7	7	3	19	8	14	23	38	18	27	5	14	15	
659_A/duck/Guangdong/04. 10	11	8	1	14	4	8	4	6	15	0	0	15	1	1	10	8	8	7	3	9	6	3	6	9	12	27	4	14	3	10	5	19	13	16	12	8	6	18	10	22	30	24	31	36	3	21	10	13	13	12	7	7	3	21	7	17	23	37	20	25	5	15	14	
660_A/duck/Guangdong/04. 10	11	8	1	14	4	8	4	6	15	0	0	16	1	1	10	8	8	7	3	9	6	3	5	10	12	28	3	12	3	9	6	19	13	18	12	8	5	17	10	22	30	24	30	36	3	21	12	14	14	13	7	7	3	19	8	14	23	38	18	27	5	14	15	
661_A/duck/Guangdong/04. 10	11	8	1	14	4	8	4	6	15	0	0	16	1	1	10	7	8	7	3	9	6	3	5	10	12	28	3	12	3	9	6	20	13	18	12	8	5	17	10	22	30	24	30	36	3	21	12	14	14	13	7	7	3	19	8	15	23	38	18	26	5	14	15	
662_A/duck/Guangdong/04. 10	11	8	1	14	4	8	4	6	15	0	0	16	1	1	10	8	8	7	3	9	6	3	5	10	12	28	3	12	3	9	6	19	13	18	12	8	5	17	10	22	30	24	30	36	3	21	12	14	14	13	7	7	3	19	8	14	23	38	18	27	5	14	15	
663_A/duck/Guangdong/04. 10	11	8	1	14	4	8	4	6	15	0	0	16	1	1	10	8	8	7	3	9	6	3	5	10	12	28	3	12	3	9	6	19	13	18	12	8	5	17	10	22	30	24	30	36	3	21	12	14	14	13	7	7	3	19	8	14	23	38	18	27	5	14	15	
664_A/duck/Guangdong/04. 10	11	8	1	14	4	8	4	6	15	0	0	15	1	1	10	8	8	7	3	9	6	3	6	9	12	27	4	14	3	10	5	19	13	16	12	8	6	18	10	22	30	24	30	36	3	21	11	13	13	12	7	7	3	21	7	18	23	37	20	24	5	15	14	
665_A/duck/Guangdong/04. 10	11	8	1	14	4	8	3	6	15	0	0	15	1	1	10	8	8	7	3	9	7	3	6	9	12	28	4	14	3	9	5	19	13	16	12	8	5	17	11	22	30	24	30	36	3	21	12	13	13	13	7	7	3	20	8	17	23	36	18	25	5	16	15	
666_A/duck/Guangdong/04. 10	11	8	1	14	4	8	4	6	15	0	0	16	1	1	10	8	8	7	3	9	6	3	5	10	12	28	3	12	3	9	6	19	13	18	12	8	5	17	10	22	30	24	30	36	3	21	12	14	14	13	7	7	3	19	8	14	23	38	18	27	5	14	15	
667_A/duck/Guangdong/04. 10	10	8	1	14	5	8	3	6	15	0	0	15	1	1	10	8	8	7	3	9	7	3	6	9	12	28	4	14	3	9	5	19	13	16	12	8	5	17	11	22	30	24	30	36	3	21	12	13	13	13	7	7	3	20	8	17	23	36	18	25	5	16	15	
668_A/duck/Guangdong/04. 10	11	8	1	14	4	8	3	6	15	0	0	15	1	1	10	8	8	7	3	9	7	3	6	9	12	28	4	14	3	9	5	19	13	16	12	8	5	17	11	22	30	24	30	36	3	21	12	13	13	13	7	7	3	20	8	17	23	36	18	25	5	16	15	
669_A/duck/Guangdong/04. 10	11	8	1	14	4	8	4	6	15	0	0	15	1	1	10	8	8	7	3	9	6	3	6	9	12	27	4	14	3	10	5	19	13	16	12	8	6	18	10	22	30	24	30	36	3	21	11	13	13	12	7	7	3	21	7	17	23	37	20	25	5	15	14	
670_A/duck/Guangdong/04. 10	11	8	1	14	4	8	4	6	15	0	0	15	1	1	10	8	8	7	3	9	6	3	6	9	12	27	4	14	3	10	5	19	13	16	12	8	6	18	10	22	30	24	30	36	3	21	11	13	13	12	7	7	3	21	7	17	23	37	20	25	5	15	14	
671_A/duck/Guangdong/04. 10	11	8	1	14	4	8	4	6	15	0	0	15	1	1	10	8	8	7	3	9	6	3	6	9	12	27	4	14	3	10	5	19	13	16	12	8	6	18	10	22	30	24	30	36	3	21	11	13	13	12	7	7	3	21	7	17	23	37	20	25	5	15	14	
672_A/duck/Guangdong/04. 10	11	8	1	14	4	8	4	6	15	0	0	15	1	1	10	8	8	7	3	9	6	3	6	9	12	27	4	14	3	10	5	19	13	16	12	8	6	18	10	22	30	24	30	36	3	21	11	13	13	12	7	7	3	21	7	17	23	37	20	25	5	15	14	
673_A/duck/Guangdong/04. 10	11	8	1	14	4	8	4	6	15	0	0	15	1	1	10	8	8	7	3	9	6	3	6	9	12	27	4	14	3	10	5	19	13	16	12	8	6	18	10	22	30	24	30	36	3	21	11	13	13	12	7	7	3	21	7	17	23	37	20	25	5	15	14	
674_A/duck/Guangdong/04. 10	11	8	1	14	4	8	4	6	15	0	0	16	1	1	10	8	8	7	3	9	6	3	5	10	12	28	3	12	3	9	6	19	13	18	12	8	5	17	10	22	30	24	30	36	3	21	12	14	14	13	7	7	3	19	8	14	23	38	18	27	5	14	15	
675_A/duck/Guangdong/04. 10	11	8	1	14	4	8	4	6	15	0	0	15	1	1	10	8	8	7	3	9	6	3	5	10	12	28	3	13	3	9	6	19	12	18	12	8	6	17	10	22	30	23	30	36	3	21	13	13	13	12	7	7	4	20	8	16	23	38	18	26	5	14	15	
676_A/duck/Guangdong/04. 10	11	8	1	14	4	8	4	6	15	0	0	15	1	1	10	8	8	7	3	9	6	3	6	9	12	27	4	14	3	10	5	19	13	16	12	8	6	18	10	22	30	24	30	36	3	21	11	13	13	12	7	7	3	21	7	17	23	37	20	25	5	15	14	
677_A/duck/Guangdong/04. 10	11	10	1	14	4	6	4	5	15	0	0	17	1	1	10	8	8	7	3	9	6	3	5	10	12	28	4	12	3	9	5	19	13	16	12	8	6	17	11	22	30	24	30	36	3	21	12	13	13	12	7	7	3	21	8	17	23	36	18	25	5	16	15	
678_A/duck/Guangdong/04. 10	11	8	1	14	4	8	4	6	15	0	0	16	1	1	10	8	8	7	3	9	6	3	5	10	12	28	3	12	3	9	6	19	13	18	12	8	5	17	10	22	30	24	30	36	3	21	12	14	14	13	7	7	3	19	8	14	23	38	18	27	5	14	15	
679_A/duck/Guangdong/04. 10	11	8	1	14	4	8	4	6	15	0	0	15	1	1	10	8	8	7	3	9	6	3	6	9	12	27	4	14	3	10	5	19	13	16	12	8	6	18	10	22	30	24	30	36	3	21	11	12	14	12	7	7	3	21	7	17	23	36	20	25	5	16	14	
680_A/duck/Guangdong/04. 10	11	8	1	14	4	8	4	6	15	0	0	16	1	1	10	8	8	7	3	9	6	3	5	10	12	28	3	12	3	9	6	19	13	18	12	8	5	17	10	22	30	24	30	36	3	21	12	14	14	13	7	7	3	19	8	14	23	38	18	27	5	14	15	
681_A/duck/Guangdong/04. 10	11	8	1	14	4	8	4	6	15	0	0	15	1	1	10	8	8	7	3	9	6	3	5	10	12	28	3	13	3	9	6	19	12	18	12	8	6	17	10	22	30	23	30	36	3	21	13	13	13	12	7	7	4	20	8	17	23	38	18	25	5	14	15	
682_A/duck/Guangdong/04. 10	11	8	1	14	4	8	4	6	15	0	0	15	1	1	10	8	8	7	3	9	6	3	5	10	12	28	3	13	3	9	6	19	12	18	12	8	6	17	10	22	30	23	30	36	3	21	13	13	13	12	7	7	4	20	8	16	23	38	18	26	5	14	15	
683_A/duck/Guangdong/04. 10	11	8	1	14	4	8	4	6	15	0	0	15	1	1	10	8	8	7	3	9	6	3	6	9	12	27	4	14	3	10	5	19	13	16	12	8	6	18	10	22	30	24	30	36	3	21	11	13	13	12	7	7	3	21	7	17	23	37	20	25	5	15	14	
684_A/duck/Guangdong/04. 10	11	8	1	14	4	8	4	6	15	0	0	15	1	1	10	8	8	7	3	9	6	3	5	10	13	28	3	13	2	9	6	19	12	18	12	8	6	17	10	22	30	23	30	36	3	21	13	13	13	12	7	7	4	20	8	16	23	38	18	26	5	14	15	
685_A/duck/Guangdong/04. 10	11	9	1	14	4	7	4	6	15	0	0	15	1	1	10	8	8	7	3	9	6	3	5	10	13	28	2	13	2	9	6	19	12	18	12	8	6	17	10	22	30	23	31	36	3	20	14	13	12	12	7	7	4	20	8	16	24	37	19	26	5	15	14	
686_A/duck/Guangdong/04. 11	11	8	1	13	4	8	4	6	15	0	0	15	1	1	10	8	7	7	3	9	7	3	5	10	13	28	3	13	2	9	6	19	12	17	12	8	6	18	10	21	30	24	30	37	3	21	12	15	14	12	7	7	3	20	8	15	23	37	18	25	5	15	15	
687_A/duck/Guangdong/04. 10	11	8	1	14	4	8	4	6	15	0	0	15	1	1	10	8	7	7	3	9	7	3	5	10	13	28	3	13	2	9	6	19	12	17	12	8	6	18	10	21	30	24	30	37	3	21	12	15	14	12	7	7	3	20	8	15	23	37	18	25	5	15	15	
688_A/duck/Guangdong/04. 10	11	8	1	14	4	8	3	6	15	0	0	15	1	1	10	8	8	7	3	9	7	3	6	9	12	28	4	14	3	9	5	19	13	16	12	8	5	17	11	22	30	24	30	36	3	21	12	13	13	13	7	7	3	20	8	17	23	36	18	25	5	16	15	
689_A/duck/Guangdong/04. 10	11	8	1	14	4	8	3	6	15	0	0	15	1	1	10	8	8	7	3	9	7	3	6	9	12	28	4	14	3	9	5	19	13	16	12	8	5	17	11	22	30	24	30	36	3	21	12	13	13	13	7	7	3	20	8	17	23	36	18	25	5	16	15	
690_A/duck/Guangdong/04. 10	11	8	1	14	4	8	3	6	15	0	0	15	1	1	10	8	8	7	3	9	7	3	6	9	12	28	4	14	3	9	5	19	13	16	12	8	5	17	11	22	30	24	30	36	3	21	12	13	13	13	7	7	3	20	8	17	23	36	18	25	5	16	15	
691_A/duck/Guangdong/04. 10	11	8	1	14	4	8	3	6	15	0	0	15	1	1	10	8	8	7	3	9	7	3	6	9	12	28	4	14	3	9	5	19	13	16	12	8	5	17	11	22	30	24	30	36	3	21	12	13	13	13	7	7	3	20	8	17	23	36	18	25	5	16	15	
692_A/duck/Guangdong/04. 10	11	8	1	14	4	8	3	6	15	0	0	15	1	1	10	8	8	7	3	9	7	3	6	9	12	28	4	14	3	9	5	19	13	16	12	8	5	17	11	22	30	24	30	36	3	21	12	13	13	13	7	7	3	20	8	17	23	36	18	25	5	16	15	
693_A/duck/Guangdong/04. 10	11	8	1	14	4	8	3	6	15	0	0	15	1	1	10	8	8	7	3	9	7	3	6	9	12	28	4	14	3	9	5	19	13	16	12	8	5	17	11	22	30	24	30	36	3	21	12	13	13	13	7	7	3	20	8	17	23	36	18	25	5	16	15	
694_A/duck/Guangdong/04. 10	11	8	1	14	4	8	3	6	15	0	0	15	1	1	10	8	8	7	3	9	7	3	6	9	12	28	4	14	3	9	5	19	13	16	12	8	5	17	11	22	30	24	30	36	3	21	12	13	13	13	7	7	3	20	8	17	23	36	18	25	5	16	15	
695_A/duck/Guangdong/04. 10	11	8	1	14	4	8	3	6	15	0	0	15	1	1	10	8	8	7	3	9	7	3	6	9	12	28	4	14	3	9	5	19	13	16	12	8	5	17	11	22	30	24	30	36	3	21	12	13	13	13	7	7	3	20	8	17	23	36	18	25	5	16	15	
696_A/duck/Guangdong/04. 10	11	8	1	14	4	8	4	7	15	0	0	15	1	1	10	7	8	7	3	9	6	3	5	9	12	29	4	14	3	8	5	18	13	16	12	9	6	18	10	22	30	24	29	36	3	21	13	13	13	13	7	7	3	20	7	17	22	37	19	25	6	15	15	
697_A/duck/Guangdong/11. 10	10	6	1	14	5	10	4	5	15	0	0	16	1	1	10	8	8	7	3	9	7	3	4	11	11	27	4	12	3	10	6	19	13	16	12	8	5	18	11	22	29	24	30	36	3	21	12	14	13	15	6	7	4	17	9	16	23	36	18	26	5	16	15	
698_A/duck/Guangdong/11. 10	10	6	1	14	5	10	4	5	15	0	0	16	1	1	10	8	8	7	3	9	7	3	4	11	11	27	4	12	3	10	6	19	13	16	12	8	5	18	11	22	29	24	30	36	3	21	12	14	13	15	6	7	4	17	9	16	23	36	18	26	5	16	15	
699_A/duck/Guangdong/11. 10	10	6	1	14	5	10	4	5	15	0	0	16	1	1	10	8	8	7	3	9	7	3	4	11	11	27	4	12	3	10	6	19	13	16	12	7	6	18	11	22	29	24	30	36	3	21	12	14	13	15	6	7	4	17	9	16	23	36	18	26	5	16	15	
700_A/duck/Guangdong/KGZ 13	7	9	0	11	7	8	5	6	12	0	0	21	4	1	10	8	9	8	1	8	4	3	6	7	13	18	4	11	3	17	4	13	11	19	12	14	9	11	11	22	30	25	29	35	3	17	19	14	15	18	8	10	8	15	7	12	18	31	21	27	4	22	12	
701_A/duck/Guangdong/KGZ 10	9	8	1	14	6	8	4	5	15	0	0	14	1	1	10	8	10	9	3	9	5	1	5	13	11	27	2	12	3	10	7	18	14	17	11	8	5	18	11	22	28	26	30	36	4	20	11	16	13	13	6	6	3	19	9	14	24	37	17	27	5	15	16	
702_A/duck/Guangdong/KGZ 10	9	8	1	14	6	8	4	5	15	0	0	14	1	1	10	8	10	9	3	9	5	1	5	13	11	27	2	12	3	10	7	18	14	17	11	8	5	18	11	22	28	26	30	36	4	20	11	16	13	13	6	6	3	19	9	14	24	37	17	27	5	15	16	
703_A/duck/Guangdong/KGZ 10	9	8	1	14	6	8	4	5	15	0	0	14	1	1	10	8	10	9	3	9	5	1	5	13	11	27	2	12	3	10	7	18	14	17	11	8	5	18	11	22	28	26	30	36	4	20	11	16	13	13	6	6	3	19	9	14	24	37	17	27	5	15	16	
704_A/duck/Guangdong/KGZ 10	9	8	1	14	6	8	4	5	15	0	0	14	1	1	10	8	10	9	3	9	5	1	5	13	11	27	2	12	3	10	7	18	14	17	11	8	5	18	11	22	28	26	30	36	4	20	11	16	13	13	6	6	3	19	9	14	24	37	17	27	5	15	16	
705_A/duck/Guangdong/KGZ 11	7	8	0	13	7	9	5	7	13	0	0	20	3	1	10	9	10	8	1	8	4	3	6	6	12	20	5	12	3	15	3	14	12	17	13	11	9	13	11	23	29	24	25	35	3	19	21	16	13	16	8	10	9	16	7	14	19	31	22	25	3	22	11	
706_A/Duck/Guangdong/PO1 11	12	8	1	13	4	8	4	8	14	0	0	14	1	1	10	7	7	7	3	9	7	3	5	9	12	29	4	14	3	8	5	19	13	16	12	8	6	18	10	22	30	23	30	36	3	21	13	13	12	13	7	7	3	20	7	17	22	35	20	25	7	17	14	
707_A/Duck/Guangdong/PO1 11	11	8	1	13	5	8	4	8	14	0	0	14	1	1	10	7	7	7	3	9	7	3	5	9	12	29	4	14	3	8	5	18	13	16	12	9	6	18	10	22	29	23	30	36	4	21	13	14	12	13	7	7	3	20	7	16	22	35	20	25	7	17	14	
708_A/Duck/Guangdong/PO1 10	11	7	1	14	5	9	4	5	15	0	0	15	1	1	10	8	8	6	3	9	6	4	5	11	12	27	2	12	2	10	7	19	14	16	12	7	5	18	11	23	28	24	30	36	4	21	12	14	14	13	6	6	3	19	8	17	24	37	20	26	4	15	14	
709_A/Duck/Guangdong/PO1 10	12	8	1	14	4	8	4	9	14	0	0	13	1	1	10	7	7	7	3	9	7	3	5	8	12	28	4	14	3	9	5	19	13	15	12	8	6	18	10	24	30	24	29	37	2	22	13	12	11	14	7	8	4	19	7	16	23	35	20	25	6	17	14	
710_A/Duck/Guangdong/PY5 11	7	9	2	13	5	7	3	7	16	0	0	14	2	1	10	9	10	9	2	6	6	1	5	12	10	21	5	14	3	16	1	14	13	23	12	13	10	9	10	23	27	21	25	34	4	24	20	11	13	16	7	14	4	18	7	11	23	26	22	25	6	26	12	
711_A/Duck/Guangdong/PY5 11	6	7	2	13	7	9	3	9	15	0	0	12	2	1	10	9	9	8	1	6	8	2	6	12	10	22	7	14	2	15	2	17	15	23	8	14	8	10	13	21	26	24	23	33	5	20	20	13	13	17	8	8	5	17	7	16	23	29	20	23	5	23	13	
712_A/duck/Guangdong/S12 13	7	9	0	11	7	8	5	7	12	0	0	21	4	1	10	8	9	8	1	8	4	3	6	6	13	18	4	12	3	17	4	13	11	19	12	15	8	11	11	21	30	25	30	35	3	18	17	14	15	18	8	10	8	15	7	12	19	31	23	27	3	22	10	
713_A/duck/Guangdong/S13 10	11	8	1	14	4	8	4	6	15	0	0	16	1	1	10	8	8	8	3	9	6	2	5	11	12	28	2	12	3	9	6	19	13	19	12	8	5	16	10	22	30	23	30	36	3	22	12	14	14	13	7	7	3	19	8	13	23	38	18	28	5	14	15	
714_A/duck/Guangdong/S45 11	8	8	0	13	5	8	5	6	13	0	0	19	4	1	10	9	9	6	2	8	5	4	5	6	8	19	3	13	7	17	5	17	8	16	13	12	9	14	10	21	30	27	34	36	5	17	12	13	11	14	6	13	8	20	9	9	22	31	23	27	4	21	11	
715_A/duck/Guangdong/S45 11	8	8	0	13	5	8	5	6	13	0	0	19	4	1	10	9	9	6	2	8	5	4	5	6	8	19	3	13	7	17	5	17	8	16	13	12	9	14	10	21	30	27	34	36	5	17	12	13	11	14	7	13	8	20	8	9	22	31	23	27	4	21	11	
716_A/duck/Guangdong/S48 13	7	9	0	11	7	8	5	6	12	0	0	21	4	1	10	8	10	8	1	8	3	3	6	6	13	18	4	12	3	17	4	13	11	19	12	14	9	11	11	22	30	26	29	35	3	17	18	14	15	18	8	10	8	15	7	12	19	31	22	27	3	22	11	
717_A/duck/Guangdong/s14 9	7	6	1	15	7	10	4	9	15	0	0	12	1	1	10	7	8	5	1	7	5	5	6	8	12	25	5	19	4	11	3	19	12	21	10	13	8	11	12	20	27	28	34	33	4	16	11	12	8	17	6	11	9	16	8	18	23	24	18	25	3	29	16	
718_A/duck/Guangdong/SE1 12	10	9	1	12	5	7	4	4	14	0	0	16	1	1	10	8	9	7	3	9	6	4	5	12	10	26	3	11	4	10	5	19	14	18	11	8	5	15	12	21	30	23	32	36	3	22	11	13	12	14	6	8	4	19	10	19	23	40	18	24	6	12	14	
719_A/Duck/Guangdong/SS1 10	6	7	2	14	7	9	3	9	15	0	0	13	2	1	10	8	10	9	1	6	7	1	6	13	10	22	8	13	2	15	2	16	15	23	8	14	9	10	13	21	27	24	21	34	4	19	22	13	13	18	7	10	4	16	7	13	24	27	20	23	5	25	14	
720_A/duck/Guangdong/wy1 9	8	7	1	15	6	9	4	8	15	0	0	12	1	1	10	7	8	6	2	7	5	4	5	7	11	25	5	21	5	11	3	17	12	18	10	14	9	13	12	20	25	27	32	34	6	18	11	13	10	18	6	10	7	16	8	14	24	26	21	27	3	27	14	
721_A/duck/Guangdong/wy1 9	9	7	1	15	6	9	4	8	14	0	0	12	1	1	10	7	8	6	2	7	5	4	5	7	11	25	5	21	5	11	3	17	12	18	10	15	9	13	12	19	25	28	33	35	7	16	12	13	10	18	6	10	7	16	8	14	23	27	20	25	3	27	14	
722_A/duck/Guangdong/wy2 9	7	7	1	15	6	9	4	7	15	0	0	15	2	1	10	7	8	6	2	7	5	4	5	8	11	25	5	18	5	10	4	17	12	19	10	15	8	12	12	20	25	29	34	33	5	15	11	13	12	19	7	9	8	15	8	15	23	25	21	27	3	27	13	
723_A/Duck/Guangdong/Yan 10	12	8	2	14	4	8	4	9	14	0	0	13	1	1	10	7	7	7	3	9	7	3	5	9	12	28	4	14	3	9	5	19	13	16	12	9	6	18	10	22	30	23	29	36	3	22	13	13	12	13	6	7	4	20	7	16	22	33	20	25	6	19	14	
724_A/duck/Guangxi/12.25 10	6	7	2	14	7	9	3	8	15	0	0	12	2	1	10	9	9	7	1	6	8	3	6	12	10	23	6	13	2	14	2	17	15	24	8	14	9	9	13	19	25	23	21	32	5	21	20	15	11	18	7	6	7	15	8	18	22	28	18	23	5	22	15	
725_A/duck/Guangxi/S1009 13	7	9	0	11	7	8	5	6	12	0	0	21	4	1	10	9	10	8	1	7	3	3	6	6	13	18	4	12	3	17	4	13	11	19	12	14	9	11	11	22	30	26	27	35	3	17	20	14	14	18	8	10	9	15	7	12	19	31	22	27	3	22	11	
726_A/duck/Guangxi/S1026 13	7	9	0	11	7	8	5	6	12	0	0	21	4	1	10	9	10	8	1	7	3	3	6	6	13	18	4	12	3	17	4	13	11	19	12	14	9	11	11	22	29	26	27	35	4	17	20	14	14	18	8	10	9	15	7	12	19	31	22	27	3	22	11	
727_A/duck/Guangxi/S1104 13	7	9	0	11	7	8	5	6	12	0	0	21	4	1	10	8	10	9	1	8	3	2	7	6	13	18	4	12	3	17	4	13	11	18	12	14	9	11	11	22	30	26	27	35	3	17	20	14	14	18	8	10	9	15	7	12	19	31	22	27	3	22	11	
728_A/duck/Guangxi/S2119 13	7	9	0	11	7	8	5	7	12	0	0	21	4	1	10	9	10	8	1	7	3	3	6	5	13	18	4	12	3	17	4	14	11	19	12	13	9	11	11	22	30	26	27	35	3	17	20	14	14	18	8	10	9	15	8	12	19	29	22	27	3	24	10	
729_A/duck/Guangxi/S3111 13	7	9	0	11	7	8	5	7	12	0	0	21	4	1	10	9	10	8	1	7	3	3	6	5	13	18	5	12	3	17	3	14	11	19	11	13	9	11	11	22	30	26	28	35	3	17	19	14	14	18	8	10	9	15	8	12	19	30	22	27	3	23	11	
730_A/duck/Guangzhou/018 11	6	7	2	13	7	9	3	9	15	0	0	13	2	1	10	9	10	7	1	6	7	3	6	13	10	21	7	12	2	16	2	17	16	24	9	14	8	9	12	21	25	24	25	33	5	21	17	13	11	19	8	8	7	15	7	16	23	29	18	23	5	23	15	
731_A/duck/Guangzhou/021 11	7	7	2	13	6	9	3	9	15	0	0	13	2	1	10	9	9	7	1	6	8	3	6	13	10	21	7	12	2	16	2	17	16	25	8	14	8	8	13	21	25	23	26	33	5	21	17	13	11	18	8	8	7	16	7	16	23	29	18	23	5	23	15	
732_A/duck/Guizhou/7.27_ 10	11	8	1	14	5	8	4	8	15	0	0	14	0	1	10	7	7	7	3	9	7	3	6	7	13	30	4	15	2	7	4	19	14	15	13	8	7	18	10	23	28	22	29	36	3	22	14	15	12	13	9	6	2	19	7	17	23	33	18	24	7	19	15	
733_A/duck/Guizhou/8.26_ 10	12	8	1	14	4	8	4	6	15	0	0	16	0	1	10	6	7	7	3	9	7	3	6	8	13	29	4	15	2	8	4	19	14	15	12	9	7	18	11	22	28	24	29	36	3	20	14	14	11	14	7	6	3	19	7	19	22	34	21	23	8	18	13	
734_A/duck/Guizhou/8.26_ 10	12	8	1	14	4	8	4	7	15	0	0	15	0	1	10	6	7	7	3	9	7	3	6	8	13	30	4	15	2	7	4	19	15	15	12	9	7	18	11	23	28	23	29	36	3	21	14	14	10	14	7	6	3	19	7	18	22	34	21	23	8	18	13	
735_A/duck/Guizhou/S1321 11	9	8	0	13	4	8	5	6	13	0	0	19	4	1	10	9	9	6	2	8	5	4	5	6	8	19	3	13	7	17	5	16	9	16	13	12	9	14	10	21	30	27	34	35	5	17	12	13	11	14	7	13	8	20	8	11	22	30	23	26	4	22	11	
736_A/duck/Guizhou/S1711 11	10	6	1	13	4	10	4	9	13	0	0	17	4	1	10	9	9	9	2	7	5	1	5	4	11	19	1	15	4	17	6	15	9	19	10	12	9	13	14	21	29	28	35	36	5	17	11	16	11	16	7	9	9	16	8	11	21	35	24	27	4	18	8	
737_A/duck/Guizhou/S4702 8	8	4	4	17	5	11	1	7	16	0	0	15	3	1	10	7	9	7	2	6	6	3	4	12	14	25	4	14	1	11	6	12	13	18	11	15	6	14	10	23	34	25	32	34	0	19	13	9	9	20	8	13	8	13	7	11	22	32	25	28	6	21	8	
738_A/duck/Hainan/12.29_ 10	12	8	1	14	4	8	4	8	15	0	0	14	0	1	10	7	7	7	3	9	7	3	6	8	13	29	4	14	2	8	4	19	14	15	13	8	7	18	10	23	28	24	30	36	3	20	13	14	11	14	7	7	3	19	7	17	22	33	20	24	8	19	14	
739_A/duck/Hebei/3/2011| 10	6	6	1	14	7	10	4	11	14	0	0	13	3	1	10	9	9	7	2	7	4	3	5	8	11	24	6	16	5	10	4	15	10	16	10	16	10	15	12	18	25	29	32	35	5	16	12	13	12	18	5	9	6	16	9	17	26	28	21	24	2	24	14	
740_A/duck/Hebei/S1070/2 13	7	9	0	11	7	8	5	6	13	0	0	21	4	1	10	8	10	8	1	8	3	3	6	5	12	18	4	13	3	17	4	13	11	19	12	15	9	11	11	22	29	26	27	35	4	17	20	14	15	18	8	9	8	15	7	13	18	32	22	26	4	21	11	
741_A/duck/Henan/01.01_L 10	8	11	2	14	5	5	3	6	13	1	0	16	4	0	10	10	6	9	2	4	7	1	5	12	11	20	3	12	6	16	4	16	9	15	13	13	10	16	9	21	26	23	28	36	4	23	17	14	11	15	6	13	9	18	8	15	23	31	19	24	2	22	15	
742_A/duck/Henan/S1381/2 13	7	9	0	11	7	8	5	6	13	0	0	21	4	1	10	8	9	8	1	8	4	3	6	6	12	18	4	12	3	17	4	13	11	19	12	14	9	11	11	22	29	26	28	35	4	17	19	14	14	18	8	10	9	15	7	12	19	31	22	27	3	22	11	
743_A/duck/Hsinchu/15020 12	8	8	1	12	5	8	4	5	14	0	0	22	3	1	10	8	9	8	2	8	3	2	5	7	11	18	4	11	6	18	4	15	10	19	13	15	8	12	9	20	31	27	32	36	3	18	13	12	12	20	9	14	10	14	6	12	18	30	22	25	4	23	11	
744_A/duck/Hubei/03.06__ 14	7	6	3	10	8	10	2	5	12	0	0	16	3	1	10	6	9	8	2	8	5	3	5	11	10	21	5	15	5	14	5	13	13	17	9	16	9	14	13	20	28	25	23	35	3	20	20	15	12	16	7	9	7	18	8	15	24	31	24	24	2	22	9	
745_A/duck/Hubei/03.06__ 10	6	8	2	14	8	8	3	9	14	0	0	13	2	1	10	9	10	9	1	6	7	1	6	13	10	20	8	13	2	17	2	13	15	23	7	16	9	10	14	21	24	24	23	33	4	20	19	14	13	18	9	10	5	16	7	15	25	28	20	22	5	24	12	
746_A/duck/Hubei/03.06__ 10	6	8	2	14	8	8	3	9	14	0	0	13	2	1	10	9	10	9	1	6	7	1	6	13	10	20	8	13	2	17	2	13	15	23	7	16	9	10	14	21	24	24	23	33	4	20	19	14	13	18	9	10	5	16	7	15	25	28	20	22	5	24	12	
747_A/duck/Hubei/03.06__ 10	6	8	2	14	8	8	3	9	14	0	0	13	2	1	10	9	10	9	1	6	7	1	6	13	10	20	8	13	2	17	2	13	15	23	7	16	9	10	14	21	24	24	23	33	4	20	19	14	13	18	9	10	5	16	7	15	25	28	20	22	5	24	12	
748_A/duck/Hubei/03.06__ 10	6	8	2	14	8	8	3	9	14	0	0	13	2	1	10	9	10	9	1	6	7	1	6	13	10	20	8	13	2	17	2	13	15	23	7	16	9	10	14	21	24	24	23	33	4	20	19	14	13	18	9	10	5	16	7	15	25	28	20	22	5	24	12	
749_A/duck/Hubei/03.06__ 11	11	8	2	13	4	8	3	6	14	0	0	14	2	1	10	8	9	7	3	9	5	3	5	10	12	28	4	14	3	9	5	18	12	19	10	8	7	15	11	24	30	25	30	36	3	20	13	12	14	12	7	7	3	22	8	16	23	37	21	26	3	15	12	
750_A/duck/Hubei/03.06__ 9	8	12	1	15	5	4	4	5	15	0	0	19	2	1	10	8	6	10	1	8	6	0	5	11	13	21	2	10	4	15	5	12	9	16	12	14	13	16	9	24	26	26	25	37	4	20	21	8	9	14	7	13	9	20	8	11	23	31	18	30	4	21	15	
751_A/duck/HuBei/03.06__ 10	6	8	2	14	8	8	3	9	14	0	0	13	2	1	10	9	10	9	1	6	7	1	6	13	10	20	8	13	2	17	2	13	15	23	7	16	9	10	14	21	24	24	23	33	4	20	19	14	13	18	9	10	5	16	7	15	25	28	20	22	5	24	12	
752_A/duck/Hubei/03.06_W 10	6	8	2	14	8	8	3	9	14	0	0	13	2	1	10	9	10	9	1	6	7	1	6	13	10	20	8	13	2	17	2	13	15	23	7	16	9	10	14	21	24	24	23	33	4	20	19	14	13	18	9	10	5	16	7	15	25	28	20	22	5	24	12	
753_A/duck/Hubei/03.06_W 10	6	8	2	14	8	8	3	9	14	0	0	13	2	1	10	9	10	9	1	6	7	1	6	13	10	20	8	13	2	17	2	13	15	23	7	16	9	10	14	21	24	24	23	33	4	20	19	14	13	18	9	10	5	16	7	15	25	28	20	22	5	24	12	
754_A/duck/Hubei/46/2009 9	8	7	2	14	7	9	3	11	14	0	0	16	2	1	10	7	6	6	3	9	5	4	5	9	13	22	5	11	3	13	4	11	15	16	11	16	8	15	11	21	30	22	28	35	2	23	16	17	14	22	9	7	4	12	7	16	22	26	20	23	4	27	12	
755_A/duck/Hubei/2911/20 11	6	9	1	13	7	7	4	8	13	0	0	17	4	1	10	9	11	8	1	6	3	2	6	12	10	13	5	9	5	23	4	14	8	17	13	13	11	13	10	22	25	24	30	35	9	20	14	11	12	15	8	15	6	19	7	6	21	29	20	32	6	23	14	
756_A/duck/Hubei/S4465/2 13	7	9	0	11	7	8	5	6	13	0	0	21	4	1	10	8	10	8	1	8	3	3	6	6	12	19	4	12	3	16	4	13	11	19	10	14	9	11	13	23	29	27	26	35	4	17	19	14	14	18	8	10	9	15	7	11	19	30	23	27	3	23	11	
757_A/duck/Hubei/SE128/2 13	7	10	0	11	7	7	5	6	12	0	0	21	5	1	10	8	10	8	1	8	3	3	6	6	12	19	4	12	3	16	4	12	11	19	11	15	9	11	12	23	30	28	25	35	3	17	19	14	14	18	8	10	9	15	7	11	19	30	23	27	3	23	11	
758_A/duck/Hubei/SE220/2 11	8	8	0	13	5	8	4	6	13	0	0	19	4	1	10	9	10	6	2	8	5	4	5	6	7	19	3	13	7	18	5	16	9	16	13	12	9	14	11	21	30	27	34	35	5	16	12	13	11	15	7	13	8	20	8	9	22	30	23	28	4	21	11	
759_A/duck/Hubei/SZY250/ 11	7	7	0	13	7	9	5	7	16	0	0	14	1	1	10	7	8	6	2	7	5	5	5	13	12	24	5	15	4	10	4	19	9	19	10	14	10	13	12	20	27	27	34	34	4	15	12	10	8	18	8	10	8	16	8	17	25	29	16	24	4	24	16	
760_A/duck/Hubei/xn/2007 11	7	7	2	13	6	9	3	8	16	0	0	14	1	1	10	7	7	9	2	8	8	1	5	9	10	23	3	16	4	13	6	14	14	16	11	16	8	15	11	20	26	28	28	32	6	16	17	13	12	16	7	10	7	17	9	17	23	24	22	23	4	29	10	
761_A/duck/Hunan/1.12_YY 10	12	8	1	15	4	8	4	8	15	0	0	14	0	1	10	7	7	7	3	8	7	3	6	9	13	28	4	14	2	9	4	19	13	16	12	9	7	18	10	20	29	23	31	36	3	21	12	14	11	13	7	7	3	20	7	18	22	33	20	24	8	19	14	
762_A/duck/Hunan/1.12_YY 10	12	8	1	15	4	8	4	8	15	0	0	14	0	1	10	7	7	7	3	8	7	3	6	9	13	28	3	14	2	9	4	19	13	16	12	9	7	18	10	20	29	23	32	36	3	21	12	14	11	13	7	7	3	20	7	18	22	33	20	24	8	19	14	
763_A/duck/Hunan/1.12_YY 10	13	8	1	14	3	8	4	8	14	0	0	13	1	1	10	8	8	6	3	9	7	4	5	9	11	29	5	14	3	8	4	19	13	16	12	8	6	17	10	22	30	25	29	37	3	21	12	13	12	14	7	7	3	20	7	18	22	34	20	24	7	17	14	
764_A/duck/Hunan/01.12_Y 10	13	8	1	14	3	8	4	8	14	0	0	13	1	1	10	8	8	6	3	9	7	4	5	9	11	29	5	14	3	8	4	19	13	16	12	8	6	17	10	22	30	25	29	37	3	21	12	13	12	14	7	7	3	20	7	18	22	34	20	24	7	17	14	
765_A/duck/Hunan/01.16_Y 10	6	7	2	14	7	9	3	9	15	0	0	13	2	1	10	9	10	9	1	6	7	1	6	13	10	22	8	13	2	15	2	15	14	23	8	14	10	10	13	21	27	23	22	33	3	20	21	14	12	18	8	10	6	16	7	14	23	28	20	22	6	24	13	
766_A/duck/Hunan/01.16_Y 10	6	7	2	14	7	9	3	8	15	0	0	13	2	1	10	9	10	9	1	6	7	1	6	12	10	22	7	13	2	15	2	15	14	23	8	14	10	10	13	20	27	22	21	32	3	20	21	14	12	17	8	10	6	16	7	14	23	26	20	22	6	24	13	
767_A/duck/Hunan/01.16_Y 7	7	7	2	17	6	9	3	6	14	0	0	15	3	1	10	9	9	9	1	5	7	1	6	12	10	22	7	13	3	15	2	15	14	23	8	14	9	11	12	20	26	21	21	32	5	20	22	14	11	16	9	11	5	17	7	16	24	26	19	23	4	24	13	
768_A/duck/Hunan/01.16_Y 10	6	7	2	14	7	9	3	7	14	0	0	14	3	1	10	9	10	9	1	6	7	1	6	12	10	22	7	13	2	15	2	15	15	24	7	14	9	10	13	20	27	22	22	32	4	19	21	13	12	17	8	10	6	16	7	15	23	26	20	22	5	24	13	
769_A/duck/Hunan/01.16_Y 10	6	7	2	14	7	9	3	8	14	0	0	14	3	1	10	9	10	9	1	6	7	1	6	13	10	22	8	13	2	15	2	15	15	23	8	14	9	10	13	21	27	23	23	33	4	19	21	13	12	18	8	10	6	16	7	15	23	28	20	22	5	24	13	
770_A/duck/Hunan/01.16_Y 10	6	7	2	14	7	9	3	7	14	0	0	14	3	1	10	9	10	9	1	6	7	1	6	12	10	22	7	13	2	15	2	15	15	23	8	14	9	10	13	20	27	22	22	32	4	19	21	13	12	17	8	10	6	16	7	15	23	26	20	22	5	24	13	
771_A/duck/Hunan/01.16_Y 10	6	7	2	14	7	9	3	7	14	0	0	14	3	1	10	9	10	9	1	6	7	1	6	12	10	22	7	13	2	15	2	15	15	23	8	14	9	10	13	20	27	22	23	32	4	19	20	13	12	17	8	10	6	16	7	15	23	26	20	22	5	24	13	
772_A/duck/Hunan/01.16_Y 10	6	7	2	14	7	9	3	7	14	0	0	14	3	1	10	9	10	9	1	6	7	1	6	12	10	22	7	13	2	15	2	15	15	24	7	14	9	10	13	20	27	22	22	32	4	19	21	13	12	17	8	10	6	16	7	15	23	26	20	22	5	24	13	
773_A/duck/Hunan/01.16_Y 10	6	7	2	14	7	9	3	7	14	0	0	14	3	1	10	9	10	9	1	6	7	1	6	12	10	22	7	13	2	15	2	15	15	24	7	14	9	10	13	20	27	22	22	32	4	19	21	13	12	17	8	10	6	16	7	15	23	26	20	22	5	24	13	
774_A/duck/Hunan/01.16_Y 10	6	7	2	14	7	9	3	8	14	0	0	14	3	1	10	9	10	9	1	6	7	1	6	13	10	22	8	13	2	15	2	15	15	24	7	14	9	10	13	21	27	23	23	33	4	19	21	13	12	18	8	10	6	16	7	15	23	28	20	22	5	24	13	
775_A/duck/Hunan/01.16_Y 10	6	7	2	14	7	9	3	7	14	0	0	14	3	1	10	9	10	9	1	6	7	1	6	12	10	22	7	13	2	15	2	15	15	23	8	14	9	10	13	20	27	22	22	32	4	19	21	13	12	17	8	10	6	16	7	15	23	26	20	22	5	24	13	
776_A/duck/Hunan/1.17_YY 10	11	8	1	14	4	8	4	7	15	0	0	14	1	1	10	8	8	7	3	11	6	3	5	9	13	27	4	13	2	10	5	18	15	16	10	9	5	19	11	22	30	24	31	36	3	19	13	13	13	13	6	6	5	20	9	18	21	39	19	24	4	13	14	
777_A/duck/Hunan/01.21_Y 10	6	8	2	14	8	8	3	10	14	0	0	12	2	1	10	9	10	9	1	6	7	1	6	13	10	20	8	13	2	17	2	13	16	23	7	16	8	10	14	21	26	23	23	33	4	21	19	14	14	17	7	10	4	17	8	15	23	27	20	22	5	25	13	
778_A/duck/Hunan/01.21_Y 11	8	9	1	13	6	7	4	4	15	0	0	18	1	1	10	7	10	8	2	8	3	2	5	9	11	22	4	14	5	14	4	16	10	20	12	13	9	11	10	20	30	29	33	35	4	16	13	11	10	18	8	15	10	16	7	10	20	27	23	28	5	25	10	
779_A/duck/Hunan/01.21_Y 10	7	8	2	14	5	8	3	9	17	0	0	13	1	1	10	9	10	9	1	5	6	1	6	10	12	21	7	15	1	16	2	12	15	22	7	17	9	11	14	19	25	24	24	33	5	19	17	14	14	15	8	10	4	17	8	15	24	25	20	22	4	26	12	
780_A/duck/Hunan/01.21_Y 10	7	7	2	14	6	9	3	8	15	0	0	13	2	1	10	9	10	9	1	5	7	1	6	13	10	21	7	13	2	16	2	14	15	24	7	16	9	9	14	20	26	21	21	32	4	22	20	13	12	16	8	10	6	17	7	15	22	26	20	23	5	24	13	
781_A/duck/Hunan/01.21_Y 11	6	8	2	13	8	8	3	9	14	0	0	13	2	1	10	9	10	9	1	6	7	1	6	12	10	20	7	12	2	17	2	13	16	23	7	16	8	11	14	20	27	22	23	32	4	21	18	14	13	16	7	10	4	16	8	17	23	25	21	20	5	25	12	
782_A/duck/Hunan/2.06_YY 10	12	8	1	14	4	8	4	9	14	0	0	13	1	1	10	7	7	7	3	9	7	3	5	10	12	30	4	13	3	7	4	19	13	16	11	8	6	18	11	23	30	23	29	36	3	22	14	13	12	12	7	7	4	21	7	16	22	35	20	25	6	17	14	
783_A/duck/Hunan/2.06_YY 11	11	8	1	14	4	8	4	8	15	0	0	14	0	1	10	8	7	7	3	9	7	3	6	9	13	29	4	13	2	8	4	19	13	16	12	7	7	19	9	22	29	23	32	36	3	21	11	14	11	13	8	8	3	20	7	17	22	34	21	24	8	18	12	
784_A/duck/Hunan/2.06_YY 10	12	8	1	14	4	8	4	9	14	0	0	13	1	1	10	7	7	7	3	9	7	3	5	10	12	30	4	13	3	7	4	19	13	16	11	8	6	18	11	23	30	22	30	36	3	22	14	13	12	12	7	7	4	21	7	16	22	35	20	25	6	17	14	
785_A/duck/Hunan/2.06_YY 10	12	8	1	14	4	8	4	9	14	0	0	13	1	1	10	7	7	7	3	9	7	3	5	10	12	30	4	13	3	7	4	19	13	16	11	8	6	18	11	23	30	23	29	36	3	22	14	13	12	12	7	7	4	21	7	16	22	35	20	25	6	17	14	
786_A/duck/Hunan/02.07__ 11	7	7	2	13	6	9	3	9	15	0	0	13	2	1	10	9	10	9	1	5	7	1	6	14	11	21	8	13	1	16	2	14	14	24	7	16	9	9	14	21	28	24	22	33	4	21	20	13	11	18	8	10	5	16	7	16	22	29	21	22	6	22	12	
787_A/duck/Hunan/02.07__ 10	7	7	2	14	6	9	3	8	15	0	0	13	2	1	10	9	10	9	1	5	7	1	6	15	10	21	8	13	2	16	2	14	15	24	7	16	9	9	14	21	26	22	22	33	4	22	20	13	12	17	8	10	6	17	7	15	22	28	20	23	5	24	13	
788_A/duck/Hunan/02.07_Y 11	8	9	1	13	6	7	4	4	15	0	0	18	1	1	10	7	10	8	2	8	3	2	5	8	11	22	4	14	5	14	4	16	10	20	12	13	9	11	10	19	30	28	31	34	4	16	13	11	10	17	8	15	10	16	7	10	20	26	23	28	5	24	10	
789_A/duck/Hunan/02.07_Y 10	7	7	2	14	6	9	3	8	15	0	0	13	2	1	10	9	10	9	1	5	7	1	6	13	10	21	7	13	2	16	2	14	15	24	7	16	9	9	14	20	26	21	21	32	4	22	20	13	12	16	8	10	6	17	7	15	22	26	20	23	5	24	13	
790_A/duck/Hunan/02.07_Y 11	8	9	1	13	6	7	4	4	15	0	0	18	1	1	10	7	10	8	2	8	3	2	5	9	11	22	4	14	5	14	4	16	10	20	12	13	9	11	10	20	30	29	33	35	4	16	13	11	10	18	8	15	10	16	7	10	20	27	23	28	5	25	10	
791_A/duck/Hunan/02.16_Y 10	6	7	2	14	7	9	3	8	14	0	0	14	3	1	10	9	10	9	1	6	7	1	6	13	10	22	8	13	2	15	2	15	15	23	8	14	9	10	13	21	27	23	23	33	4	19	21	13	12	18	8	10	6	16	7	15	23	28	20	22	5	24	13	
792_A/duck/Hunan/02.26__ 10	6	7	2	14	7	9	3	7	14	0	0	14	3	1	10	9	10	9	1	6	7	1	6	12	10	22	7	13	2	15	2	15	15	23	8	14	9	10	13	20	27	22	22	32	4	19	21	13	12	17	8	10	6	16	7	15	23	26	20	22	5	24	13	
793_A/duck/Hunan/02.26__ 10	6	7	2	14	7	9	3	7	14	0	0	14	3	1	10	9	10	9	1	6	7	1	6	12	10	22	7	13	2	15	2	15	15	23	8	14	9	10	13	20	27	22	22	32	4	19	21	13	12	17	8	10	6	16	7	15	23	26	20	22	5	24	13	
794_A/duck/Hunan/02.26__ 10	6	7	2	14	7	9	3	7	14	0	0	14	3	1	10	9	10	9	1	6	7	1	6	12	10	22	7	13	2	15	2	15	15	24	7	14	9	10	13	20	27	22	22	32	4	19	21	13	12	17	8	10	6	16	7	15	23	26	20	22	5	24	13	
795_A/duck/Hunan/02.26__ 10	6	7	2	14	7	9	3	8	14	0	0	14	3	1	10	9	10	9	1	6	7	1	6	13	10	22	8	13	2	15	2	15	15	23	8	14	9	10	13	21	27	23	23	33	4	19	21	13	12	18	8	10	6	16	7	15	23	28	20	22	5	24	13	
796_A/duck/Hunan/02.26_Y 10	6	7	2	14	7	9	3	8	15	0	0	13	2	1	10	9	10	9	1	6	7	1	6	12	10	22	7	13	2	15	2	15	14	23	8	14	10	10	13	20	27	23	21	32	3	19	21	14	12	17	8	10	6	16	7	14	23	26	20	22	6	24	13	
797_A/duck/Hunan/02.26_Y 10	6	7	2	14	7	9	3	7	14	0	0	14	3	1	10	9	10	9	1	6	7	1	6	12	10	22	7	13	2	15	2	15	15	24	7	14	9	10	13	20	27	22	22	32	4	19	21	13	12	17	8	10	6	16	7	15	23	26	20	22	5	24	13	
798_A/duck/Hunan/02.26_Y 10	6	7	2	14	7	9	3	7	14	0	0	14	3	1	10	9	10	9	1	6	7	1	6	12	10	22	7	13	2	15	2	15	15	24	7	14	9	10	13	20	27	22	22	32	4	19	21	13	12	17	8	10	6	16	7	15	23	26	20	22	5	24	13	
799_A/duck/Hunan/02.26_Y 10	7	7	2	14	6	9	3	8	15	0	0	13	2	1	10	9	10	9	1	5	7	1	6	13	10	21	7	13	2	16	2	14	15	24	7	16	9	9	14	20	26	21	21	32	4	22	20	13	12	16	8	10	6	17	7	15	22	26	20	23	5	24	13	
800_A/duck/Hunan/02.26_Y 11	6	7	2	13	7	9	3	8	15	0	0	13	2	1	10	9	10	9	1	6	7	1	6	12	10	22	7	13	2	15	2	15	14	23	8	14	10	10	13	20	27	23	21	32	4	20	20	14	14	17	8	10	5	16	7	14	23	26	20	22	4	24	13	
801_A/duck/Hunan/02.26_Y 10	6	7	2	14	7	9	3	7	14	0	0	14	3	1	10	9	10	9	1	6	7	1	6	12	10	22	7	13	2	15	2	15	15	23	8	14	9	10	13	20	27	22	22	32	4	19	21	13	12	17	8	10	6	16	7	15	23	26	20	22	5	24	13	
802_A/duck/Hunan/02.26_Y 11	6	7	2	13	7	9	3	8	15	0	0	13	2	1	10	9	10	9	1	6	7	1	6	12	10	22	7	13	2	15	2	15	14	23	8	14	10	10	13	20	27	22	21	32	4	21	20	14	13	17	8	10	5	16	7	15	23	26	20	21	5	24	13	
803_A/duck/Hunan/02.26_Y 11	6	7	2	13	7	9	3	8	15	0	0	13	2	1	10	9	10	9	1	6	7	1	6	12	10	22	7	13	2	15	2	15	14	23	8	14	10	10	13	20	27	22	21	32	4	21	20	14	13	17	8	10	5	16	7	14	23	26	20	22	5	24	13	
804_A/duck/Hunan/02.26_Y 11	6	7	2	13	7	9	3	8	15	0	0	13	2	1	10	9	10	9	1	6	7	1	6	12	10	22	7	13	2	15	2	15	14	23	8	14	10	10	13	20	27	22	21	32	4	21	20	14	13	17	8	10	5	16	7	15	23	26	20	21	5	24	13	
805_A/duck/Hunan/02.26_Y 11	6	7	2	13	7	9	3	9	15	0	0	13	2	1	10	9	10	9	1	6	7	1	6	13	10	22	8	13	2	15	2	15	14	23	8	14	10	10	13	21	27	23	22	33	4	21	20	14	13	18	8	10	5	16	7	15	23	28	20	21	5	24	13	
806_A/duck/Hunan/02.26_Y 10	6	7	2	14	7	9	3	7	14	0	0	14	3	1	10	9	10	9	1	6	7	1	6	12	10	22	7	13	2	15	2	15	15	24	7	14	9	10	13	20	27	22	22	32	4	19	21	13	12	17	8	10	6	16	7	15	23	26	20	22	5	24	13	
807_A/duck/Hunan/02.26_Y 10	6	7	2	14	7	9	3	7	14	0	0	14	3	1	10	9	10	9	1	6	7	1	6	12	10	22	7	13	2	15	2	15	15	24	7	14	9	10	13	20	27	22	22	32	4	19	21	13	12	17	8	10	6	16	7	15	23	26	20	22	5	24	13	
808_A/duck/Hunan/03.07_Y 11	6	8	3	13	8	8	2	8	12	0	0	13	4	1	10	7	8	8	1	8	9	2	6	13	9	22	7	14	3	15	3	13	15	22	7	15	10	12	13	20	26	26	27	31	5	18	16	13	12	19	7	10	6	15	9	23	22	29	14	18	4	23	18	
809_A/duck/Hunan/03.07_Y 10	11	8	1	14	4	8	4	7	15	0	0	14	1	1	10	10	7	7	3	11	5	3	5	10	15	28	3	12	2	9	6	17	14	17	10	10	6	18	11	22	31	23	30	35	3	20	14	11	13	12	7	6	4	21	8	16	20	38	20	26	5	14	14	
810_A/duck/Hunan/03.07_Y 10	12	8	1	14	4	8	4	9	14	0	0	13	1	1	10	7	7	7	3	9	7	3	5	10	12	30	4	13	3	7	4	19	13	16	11	8	6	18	11	23	30	23	29	36	3	22	14	13	12	12	7	7	4	21	7	16	22	35	20	25	6	17	14	
811_A/duck/Hunan/03.07_Y 10	12	8	1	14	4	8	4	7	14	0	0	14	1	1	10	7	7	6	3	9	7	4	5	9	12	29	5	15	3	8	4	19	13	16	11	8	6	18	11	22	30	24	30	36	3	21	13	13	12	14	7	7	3	19	7	17	22	34	20	25	7	17	14	
812_A/duck/Hunan/03.09_Y 11	7	11	2	13	6	5	3	7	14	1	0	19	3	0	10	11	8	9	2	3	5	1	5	10	10	19	3	9	6	17	4	16	9	15	13	14	10	16	9	22	28	23	22	35	3	22	21	13	12	15	6	13	7	18	8	11	22	29	20	26	3	22	14	
813_A/duck/Hunan/03.09_Y 10	11	8	1	14	4	8	4	6	15	0	0	15	1	1	10	8	8	7	3	9	6	3	5	9	12	28	4	14	3	9	5	19	14	16	12	9	6	18	10	21	30	24	29	36	3	20	14	13	12	12	7	7	3	21	8	17	23	37	20	25	5	15	13	
814_A/duck/Hunan/03.09_Y 11	6	7	2	13	7	9	3	8	15	0	0	12	2	1	10	9	9	7	1	6	8	3	6	12	10	23	6	13	2	15	1	17	15	24	8	14	9	8	14	19	25	23	21	32	5	21	20	14	11	17	7	7	7	16	8	18	22	28	18	23	5	22	15	
815_A/duck/Hunan/03.24_Y 9	11	8	1	15	4	8	4	7	16	0	0	15	1	1	10	8	8	7	3	9	6	4	5	10	12	28	4	12	3	8	5	20	13	16	13	8	6	18	9	22	31	23	29	37	2	22	13	13	13	13	7	6	3	20	7	18	22	37	20	24	4	15	14	
816_A/duck/Hunan/03.24_Y 9	11	8	1	15	4	8	4	7	16	0	0	15	1	1	10	8	8	7	3	9	6	3	5	10	12	29	4	12	3	8	5	20	13	16	13	8	6	18	9	22	31	23	29	37	2	22	13	13	13	13	7	6	3	20	7	18	22	37	20	24	4	15	14	
817_A/duck/Hunan/03.24_Y 9	11	8	1	15	4	8	4	7	16	0	0	15	1	1	10	8	8	7	3	9	6	3	5	10	12	29	4	12	3	8	5	20	13	16	13	8	6	18	9	22	31	23	29	37	2	22	13	13	13	13	7	6	3	20	7	18	22	37	20	24	4	15	14	
818_A/duck/Hunan/03.24_Y 9	11	8	1	15	4	8	4	7	16	0	0	15	1	1	10	8	8	7	3	9	6	3	5	10	12	29	4	12	3	8	5	20	13	16	13	8	6	18	9	22	31	23	29	37	2	22	13	13	13	13	7	6	4	20	7	18	21	37	20	24	4	15	14	
819_A/duck/Hunan/04.14_Y 10	5	8	2	14	9	8	3	10	15	0	0	13	1	1	10	9	10	9	1	6	7	1	6	12	10	20	7	13	2	17	3	13	15	24	7	16	9	9	14	21	27	23	23	33	3	21	19	15	13	19	8	9	5	16	8	15	22	28	18	22	6	23	14	
820_A/duck/Hunan/04.14_Y 10	7	8	2	14	6	8	3	8	15	0	0	12	2	1	10	9	10	9	1	6	7	1	6	12	10	22	7	14	2	15	2	14	16	23	7	16	9	10	14	20	26	22	21	32	4	20	21	13	13	16	8	10	5	17	7	13	24	27	20	23	4	23	13	
821_A/duck/Hunan/04.14_Y 10	6	8	2	14	8	8	3	9	14	0	0	13	2	1	10	9	11	9	2	6	6	1	6	13	10	20	7	13	2	17	2	13	15	23	7	16	9	10	14	21	24	24	23	33	4	20	19	14	13	18	9	10	5	16	7	15	25	29	19	22	5	23	13	
822_A/duck/Hunan/04.14_Y 10	6	8	2	14	8	8	3	9	14	0	0	13	2	1	10	9	11	9	2	6	6	1	6	13	10	20	7	13	2	17	2	13	15	23	7	16	9	10	14	21	24	24	23	33	4	20	19	14	13	18	9	10	5	16	7	15	25	29	19	22	5	23	13	
823_A/duck/Hunan/04.14_Y 10	5	8	2	14	9	8	3	10	15	0	0	13	1	1	10	9	10	9	1	6	7	1	6	12	10	20	7	13	2	17	3	13	15	24	7	16	9	9	14	21	27	23	23	33	3	21	19	15	13	19	8	9	5	16	8	15	22	28	19	22	6	23	13	
824_A/duck/Hunan/04.14_Y 10	5	8	2	14	9	8	3	10	15	0	0	13	1	1	10	9	10	9	1	6	7	1	6	12	10	20	7	13	2	17	3	13	15	24	7	16	9	9	14	21	27	23	23	33	3	21	19	15	13	18	8	9	5	17	8	15	22	28	18	22	6	23	14	
825_A/duck/Hunan/04.14_Y 10	5	8	2	14	9	8	3	10	15	0	0	13	1	1	10	9	10	9	1	6	7	1	6	12	10	20	7	13	2	17	3	13	15	24	7	16	9	9	14	21	27	23	23	33	3	21	19	15	13	19	8	9	5	16	8	15	22	28	19	22	6	23	13	
826_A/duck/Hunan/04.14_Y 10	6	8	2	14	8	8	3	9	14	0	0	13	2	1	10	9	11	9	2	6	6	1	6	13	10	20	7	13	2	17	2	13	15	23	7	16	9	10	14	21	24	24	23	33	4	20	19	14	13	18	9	10	5	16	7	15	25	29	19	22	5	23	13	
827_A/duck/Hunan/04.14_Y 10	6	8	2	14	8	8	3	9	14	0	0	13	2	1	10	9	11	9	2	6	6	1	6	13	10	20	7	13	2	17	2	13	15	23	7	16	9	10	14	21	24	24	23	33	4	20	19	14	13	18	9	10	5	16	7	15	25	29	19	22	5	23	13	
828_A/duck/Hunan/04.22_L 10	11	8	1	14	4	8	4	6	15	0	0	15	1	1	10	8	8	7	3	9	6	3	5	10	12	28	3	13	3	9	6	19	13	17	12	8	6	18	10	22	29	24	30	36	3	22	12	15	14	12	6	7	3	20	9	14	23	37	17	26	5	14	16	
829_A/duck/Hunan/7.21_YY 10	11	8	1	14	4	8	4	7	15	0	0	14	1	1	10	7	7	7	3	9	6	3	5	9	13	29	4	15	3	8	5	19	13	17	11	8	6	18	10	22	31	24	31	36	2	20	12	13	13	13	7	7	3	20	7	17	22	35	21	25	6	16	14	
830_A/duck/Hunan/11.30_Y 10	10	7	1	14	5	9	4	5	16	0	0	15	1	1	10	8	7	6	3	9	7	4	5	11	12	27	2	13	2	10	7	18	13	15	12	7	6	18	11	22	29	24	31	36	3	21	11	15	15	14	7	7	3	19	8	15	25	36	20	26	3	16	13	
831_A/duck/Hunan/11.30_Y 10	11	8	1	14	6	8	4	9	13	0	0	13	1	1	10	7	7	7	3	9	7	3	5	9	11	27	4	14	4	10	5	20	13	16	12	8	6	18	10	23	30	22	29	37	2	23	13	12	12	12	7	7	4	21	7	16	22	34	20	25	6	18	14	
832_A/duck/Hunan/11.30_Y 10	11	8	1	14	6	8	4	9	13	0	0	13	1	1	10	7	7	7	3	9	7	3	5	9	11	27	4	14	4	10	5	20	13	16	12	8	6	18	10	23	30	22	29	38	2	23	12	12	12	12	7	7	4	21	7	16	22	34	20	25	6	18	14	
833_A/duck/Hunan/11.30_Y 12	6	10	0	12	9	6	5	6	13	0	0	19	4	1	10	7	11	7	2	9	3	3	5	6	11	15	5	14	4	21	4	14	10	18	10	12	9	13	12	21	30	27	29	35	4	18	15	14	13	17	8	11	8	17	7	12	19	30	22	27	4	23	11	
834_A/duck/Hunan/11.30_Y 12	6	10	0	12	9	6	5	6	13	0	0	19	4	1	10	7	11	7	2	9	3	3	5	6	11	15	5	14	4	21	4	14	10	18	10	12	9	13	12	21	30	27	29	35	4	18	15	14	13	17	8	11	8	17	7	12	19	30	22	27	4	23	11	
835_A/duck/Hunan/12.07__ 11	6	4	3	13	8	12	2	7	13	0	0	12	4	1	10	7	7	9	1	7	9	1	6	15	10	21	5	13	4	16	4	17	14	22	8	12	9	12	12	19	27	25	24	33	5	18	20	15	10	19	5	9	6	15	11	18	24	28	17	22	4	24	15	
836_A/duck/Hunan/12.07__ 10	6	7	3	14	7	9	2	7	13	0	0	12	4	1	10	7	8	9	1	8	9	1	6	13	9	21	5	16	3	16	4	12	16	23	7	16	9	11	13	20	26	24	25	32	5	20	19	13	13	18	6	10	5	16	10	19	22	28	14	21	4	24	18	
837_A/duck/Hunan/12.07__ 13	6	8	2	11	7	8	3	7	15	0	0	13	2	1	10	10	7	6	1	5	9	4	6	13	11	20	5	12	2	17	2	17	16	24	8	14	10	9	13	20	22	25	23	32	5	19	19	13	12	17	7	7	6	16	8	18	23	28	18	23	5	22	15	
838_A/duck/Hunan/12.07__ 9	6	9	2	15	7	7	3	8	14	0	0	14	3	1	10	10	7	9	1	6	9	1	6	14	9	20	6	8	4	17	2	18	11	23	8	14	9	10	13	19	27	27	22	32	5	17	19	15	13	16	5	9	7	17	6	16	19	31	18	23	6	19	19	
839_A/duck/Hunan/12.07__ 10	6	7	2	14	7	9	3	8	15	0	0	14	2	1	10	9	10	9	1	6	7	1	6	12	10	22	7	12	2	15	2	17	14	23	8	14	10	10	13	20	27	22	21	32	4	21	20	11	13	17	8	10	5	16	7	14	23	25	20	23	5	25	13	
840_A/duck/Hunan/12.07_Y 11	6	7	2	13	7	9	3	9	15	0	0	13	2	1	10	9	9	7	1	6	8	3	6	13	10	21	7	12	2	16	2	17	16	24	8	14	8	9	13	20	25	24	24	33	5	21	18	14	11	19	8	6	7	15	7	19	23	29	18	22	5	23	15	
841_A/duck/Hunan/12.07_Y 10	6	7	3	14	7	9	2	7	13	0	0	12	4	1	10	7	8	9	1	8	9	1	6	13	9	21	5	16	3	16	4	12	16	23	7	16	9	11	13	20	26	24	25	32	5	20	19	13	13	18	6	10	5	16	10	19	22	28	14	21	4	24	18	
842_A/duck/Hunan/12.07_Y 10	6	7	2	14	7	9	3	8	15	0	0	14	2	1	10	9	10	9	1	6	7	1	6	13	10	22	8	13	2	15	2	15	15	23	8	14	9	10	13	21	27	24	22	33	4	20	20	13	14	18	8	10	4	16	7	14	23	28	20	23	5	24	13	
843_A/duck/Hunan/12.07_Y 10	6	8	2	14	7	9	3	9	15	0	0	13	2	1	10	9	10	8	1	6	7	1	6	13	10	22	8	13	2	15	2	15	15	23	8	14	9	10	13	21	27	23	22	33	4	21	20	13	13	18	8	10	5	16	7	14	23	28	20	23	5	24	13	
844_A/duck/Hunan/12.07_Y 11	6	6	3	13	6	10	2	7	13	0	0	12	4	1	10	6	7	9	2	8	9	1	5	11	10	21	4	15	4	16	4	15	14	23	8	14	10	11	12	19	26	24	24	32	5	18	19	15	10	18	8	9	7	15	9	19	24	26	17	21	4	24	14	
845_A/duck/Hunan/12.07_Y 11	6	7	2	13	7	9	3	9	15	0	0	13	2	1	10	9	9	7	1	6	8	3	6	13	10	21	7	12	2	16	2	17	16	24	8	14	8	9	13	20	25	24	24	33	5	21	18	14	11	19	8	6	7	15	7	19	23	29	18	22	5	23	15	
846_A/duck/Hunan/12.07_Y 11	6	7	2	13	7	9	3	9	15	0	0	13	2	1	10	9	9	7	1	6	8	3	6	13	10	22	7	12	2	15	2	17	16	25	8	14	8	8	13	21	25	24	24	33	5	21	18	14	11	19	8	7	7	15	7	16	23	29	18	23	5	23	15	
847_A/duck/Hunan/12.17__ 10	11	8	1	14	4	8	4	6	15	0	0	15	1	1	10	8	8	7	3	9	6	3	5	9	12	28	4	14	3	9	5	19	13	16	12	10	6	18	10	21	30	23	30	36	3	22	12	12	13	12	7	7	3	21	8	17	23	37	20	25	5	15	13	
848_A/duck/Hunan/12.17__ 10	11	8	1	14	4	8	4	6	15	0	0	15	1	1	10	8	8	7	3	9	6	3	5	9	12	28	4	14	3	9	5	19	13	16	12	10	6	18	10	21	30	23	30	36	3	22	12	12	13	12	7	7	3	21	8	17	23	37	20	25	5	15	13	
849_A/duck/Hunan/12.17__ 10	6	7	2	14	7	9	3	9	15	0	0	13	2	1	10	9	9	9	1	6	7	1	6	13	11	22	8	13	2	15	2	14	15	22	7	16	9	11	14	21	26	23	22	33	5	21	20	13	13	18	9	10	5	15	7	15	23	29	20	22	4	24	12	
850_A/duck/Hunan/12.17_Y 8	7	7	2	16	6	9	3	8	15	0	0	13	2	1	10	9	9	7	1	5	8	3	6	12	10	22	6	12	2	15	2	16	14	22	9	14	9	11	12	19	26	22	19	32	6	22	22	15	11	18	9	7	7	15	7	17	22	28	19	25	4	22	13	
851_A/duck/Hunan/12.17_Y 11	6	7	2	13	7	9	3	9	15	0	0	12	2	1	10	9	9	7	1	6	8	3	6	14	10	23	7	12	2	14	2	17	15	24	8	14	9	9	13	20	25	23	21	33	5	22	21	14	11	19	7	7	7	15	8	18	22	30	18	23	5	22	15	
852_A/duck/Hunan/12.17_Y 11	6	7	2	13	7	9	3	8	15	0	0	12	2	1	10	9	9	7	1	6	8	3	6	12	10	23	6	13	2	14	2	17	15	24	8	14	9	9	13	19	25	22	21	32	5	22	20	14	11	18	7	7	7	15	8	18	22	28	18	23	5	22	15	
853_A/duck/Hunan/12.17_Y 10	7	7	2	14	6	9	3	8	15	0	0	13	2	1	10	9	10	9	1	5	7	1	6	15	10	21	8	13	2	16	2	14	15	24	7	16	9	9	14	21	26	22	22	33	4	22	20	13	12	17	8	10	6	17	7	15	22	28	20	23	5	24	13	
854_A/duck/Hunan/12.17_Y 11	6	7	2	13	7	9	3	8	15	0	0	12	2	1	10	9	9	7	1	6	8	3	6	13	10	23	6	12	2	14	2	17	15	24	8	14	9	9	13	19	25	23	20	32	5	21	21	14	11	18	7	7	7	15	8	18	22	28	18	23	5	22	15	
855_A/duck/Hunan/12.17_Y 10	11	8	1	14	4	8	4	6	15	0	0	15	1	1	10	8	8	7	3	9	6	3	5	9	12	28	4	14	3	9	5	19	13	16	12	10	6	18	10	21	30	23	30	36	3	22	12	12	13	12	7	7	3	21	8	17	23	37	20	25	5	15	13	
856_A/duck/Hunan/12.17_Y 10	7	8	2	14	6	8	3	9	15	0	0	12	2	1	10	9	10	9	1	6	7	1	6	13	10	22	8	14	2	15	2	14	16	23	7	16	9	10	14	21	26	23	22	33	4	20	21	13	13	17	8	10	5	17	7	13	24	29	20	23	4	23	13	
857_A/duck/Hunan/12.17_Y 11	6	7	2	13	7	9	3	8	16	0	0	12	2	1	10	9	9	7	1	6	8	3	6	12	10	23	6	13	2	14	2	17	14	24	8	14	9	8	14	19	24	23	21	32	6	21	20	14	11	18	7	7	7	15	8	18	22	28	18	23	5	22	15	
858_A/duck/Hunan/12.27_Y 10	10	8	1	14	5	8	4	6	16	0	0	16	0	1	10	6	9	6	3	10	6	4	5	9	12	27	5	13	3	10	4	18	14	16	13	9	6	17	10	22	29	25	29	37	2	21	12	12	13	12	9	8	3	21	6	17	24	35	22	24	5	17	11	
859_A/duck/Hunan/12.27_Y 10	11	8	1	14	4	8	4	7	15	0	0	14	1	1	10	8	8	7	3	11	6	3	5	9	13	27	4	13	2	10	5	18	15	16	10	9	5	19	11	22	30	24	31	36	3	19	13	13	13	13	6	6	4	20	9	18	22	39	19	24	4	13	14	
860_A/duck/Hunan/12.27_Y 10	10	7	1	14	5	9	4	7	16	0	0	15	0	1	10	7	9	6	3	9	6	4	5	9	12	28	5	13	3	9	4	18	14	16	13	9	6	17	10	22	29	25	29	37	2	21	12	12	13	12	9	8	3	21	6	17	24	35	21	24	5	17	12	
861_A/duck/Hunan/12.27_Y 10	11	8	1	14	4	8	4	7	15	0	0	14	1	1	10	8	8	7	3	11	6	3	5	9	13	27	4	13	2	10	5	18	15	16	10	9	5	19	11	22	30	24	31	36	3	19	13	13	13	13	6	6	4	20	9	18	22	39	19	24	4	13	14	
862_A/duck/Hunan/12.27_Y 10	10	8	1	14	5	8	4	6	16	0	0	16	0	1	10	6	9	6	3	10	6	4	5	9	12	28	5	13	3	9	4	18	14	16	13	9	6	17	10	22	29	25	29	37	2	21	12	12	13	12	9	8	3	21	6	17	24	35	22	24	5	17	11	
863_A/duck/Hunan/12.27_Y 10	11	8	1	14	4	8	4	7	15	0	0	14	1	1	10	8	8	7	3	11	6	3	5	9	13	27	4	13	2	10	5	18	15	16	10	9	5	19	11	22	30	24	31	36	3	19	13	13	13	13	6	6	4	20	9	18	22	39	19	24	4	13	14	
864_A/duck/Hunan/12.27_Y 10	11	8	1	14	4	8	4	7	15	0	0	14	1	1	10	8	8	7	3	11	6	3	5	9	13	27	4	13	2	10	5	18	15	16	10	9	5	19	11	22	30	24	31	36	3	19	13	13	13	13	6	6	4	20	9	18	22	39	19	24	4	13	14	
865_A/duck/Hunan/12.27_Y 10	11	8	1	14	4	8	4	7	15	0	0	14	1	1	10	8	8	7	3	11	6	3	5	9	13	27	4	13	2	10	5	18	15	16	10	9	5	19	11	22	30	24	31	36	3	19	13	13	13	13	6	6	4	20	9	18	22	39	19	24	4	13	14	
866_A/duck/Hunan/12.27_Y 10	11	8	1	14	4	8	4	7	15	0	0	14	1	1	10	8	8	7	3	11	6	3	5	9	13	27	4	13	2	10	5	18	15	16	10	9	5	19	11	22	30	24	31	36	3	19	13	13	13	13	6	6	4	20	9	18	22	39	19	24	4	13	14	
867_A/duck/Hunan/12.27_Y 10	11	8	1	14	4	8	4	7	15	0	0	14	1	1	10	8	8	7	3	11	6	3	5	9	13	27	4	13	2	10	5	18	15	16	10	9	5	19	11	22	30	24	31	36	3	19	13	13	13	13	6	6	4	20	9	18	22	39	19	24	4	13	14	
868_A/duck/Hunan/12.27_Y 10	11	8	1	14	4	8	4	7	15	0	0	14	1	1	10	8	8	7	3	11	6	3	5	9	13	27	4	13	2	10	5	18	15	16	10	9	5	19	11	22	30	24	31	36	3	19	13	13	13	13	6	6	4	20	9	18	22	39	19	24	4	13	14	
869_A/duck/Hunan/12.27_Y 10	11	8	1	14	4	8	4	7	15	0	0	14	1	1	10	8	8	7	3	11	6	3	5	9	13	27	4	13	2	10	5	18	15	16	10	9	5	19	11	22	30	24	31	36	3	19	13	13	13	13	6	6	4	20	9	18	22	39	19	24	4	13	14	
870_A/duck/Hunan/193/201 11	6	7	2	13	7	9	3	9	15	0	0	13	2	1	10	8	9	7	1	7	8	3	6	13	10	21	7	12	2	16	2	17	16	25	7	15	8	8	14	21	26	25	25	33	5	20	17	13	11	18	7	7	7	16	8	16	22	29	19	23	5	23	14	
871_A/duck/Hunan/233/201 11	6	7	2	13	7	9	3	9	15	0	0	12	2	1	10	9	9	7	1	6	8	3	6	12	10	23	7	14	2	14	2	17	14	24	8	14	10	9	13	20	25	26	21	33	5	20	20	14	11	19	8	7	7	15	7	18	22	29	18	23	5	23	15	
872_A/duck/Hunan/316/200 9	7	6	1	15	5	10	4	7	15	0	0	14	3	1	10	6	8	8	2	9	5	2	5	10	12	24	5	15	4	12	4	15	12	18	11	15	10	12	12	21	26	29	29	34	4	18	15	14	13	22	7	8	6	12	8	17	22	27	21	23	4	25	12	
873_A/duck/Hunan/689/200 11	6	9	1	13	7	7	4	8	13	0	0	17	4	1	10	9	10	8	1	6	5	2	6	12	10	13	5	9	5	23	4	14	8	18	12	13	10	13	10	22	25	25	30	35	9	19	16	10	13	16	8	15	6	18	7	6	20	30	20	32	6	23	12	
874_A/duck/Hunan/3315/20 11	6	7	3	13	7	9	2	8	14	0	0	13	3	1	10	8	8	8	2	8	7	2	5	11	9	22	5	13	5	13	6	13	14	16	12	16	6	14	11	20	28	25	25	36	3	21	17	16	11	20	5	6	8	14	10	14	23	31	20	26	5	22	13	
875_A/duck/Hunan/HN05/20 11	6	7	2	13	7	9	3	9	15	0	0	12	2	1	10	8	9	7	1	7	8	3	6	13	10	21	7	13	2	16	2	17	17	25	8	15	7	8	13	21	25	25	25	33	5	20	17	13	11	18	7	7	7	16	8	16	23	28	18	23	5	24	15	
876_A/duck/Hunan/HN13/20 11	6	7	2	13	7	9	3	9	15	0	0	13	2	1	10	8	9	7	1	6	8	3	6	14	10	21	7	12	2	16	2	17	16	24	8	14	8	10	13	21	25	25	25	33	5	19	17	13	11	19	8	8	7	15	7	16	23	29	18	23	5	23	15	
877_A/duck/Hunan/HN16/20 11	7	7	3	13	6	9	2	9	15	0	0	12	2	1	10	9	9	6	2	6	8	4	5	13	10	23	7	13	2	14	2	16	15	24	8	15	9	9	13	20	25	23	22	33	5	22	20	14	11	19	7	7	7	15	8	18	22	30	18	23	5	22	15	
878_A/duck/Hunan/HN29/20 11	6	7	2	13	7	9	3	9	15	0	0	12	2	1	10	8	9	7	1	7	8	3	6	13	10	21	7	13	2	16	2	17	16	25	7	15	8	8	14	21	24	25	25	33	6	20	17	13	11	19	7	7	7	15	8	16	23	30	19	23	5	22	14	
879_A/duck/Hunan/HN42/20 11	6	7	2	13	7	9	3	9	15	0	0	13	2	1	10	9	9	7	2	7	7	3	5	13	10	24	7	12	2	13	2	16	15	23	8	15	9	10	13	22	25	26	22	32	5	20	19	14	11	20	8	8	6	15	7	19	22	29	18	21	5	22	15	
880_A/duck/Hunan/HN45/20 11	6	7	2	13	7	9	3	9	15	0	0	12	2	1	10	8	9	7	1	7	8	3	6	13	10	21	7	13	2	16	2	17	16	25	7	15	8	8	14	21	24	25	25	33	6	20	17	13	11	19	7	7	7	15	8	16	23	30	19	23	5	22	14	
881_A/duck/Hunan/HN53/20 11	6	7	2	13	7	9	3	9	15	0	0	12	2	1	10	8	9	7	1	7	8	3	6	13	10	21	7	13	2	16	2	17	16	25	7	15	8	8	14	21	24	25	25	33	6	20	17	13	11	19	7	7	7	15	8	16	23	30	19	23	5	22	14	
882_A/duck/Hunan/HN54/20 11	6	7	2	13	7	9	3	9	15	0	0	12	2	1	10	8	9	7	1	7	8	3	6	14	10	21	7	12	2	16	2	17	16	25	7	15	8	8	14	21	25	26	25	33	5	19	17	13	11	19	7	7	7	15	8	16	23	30	19	23	5	22	14	
883_A/duck/Hunan/HN59/20 11	6	7	2	13	7	9	3	9	15	0	0	12	2	1	10	8	9	7	1	7	8	3	6	13	10	21	7	13	2	16	2	17	16	25	7	15	8	8	14	21	24	26	25	33	6	19	17	13	11	19	7	7	7	15	8	16	23	29	20	23	5	22	14	
884_A/duck/Hunan/HN60/20 11	6	7	2	13	7	9	3	9	15	0	0	12	2	1	10	8	9	7	1	7	8	3	6	13	10	21	7	13	2	16	2	17	16	25	7	15	8	8	14	21	24	25	25	33	6	20	17	13	11	19	7	7	7	15	8	16	23	30	19	23	5	22	14	
885_A/duck/Hunan/HN61/20 11	6	7	2	13	7	9	3	9	15	0	0	12	2	1	10	8	9	7	1	7	8	3	6	13	10	21	7	13	2	16	2	17	16	25	7	15	8	8	14	21	24	25	25	33	6	20	17	13	11	19	7	7	7	15	8	16	23	30	19	23	5	22	14	
886_A/duck/Hunan/HN64/20 11	6	7	2	13	7	9	3	9	15	0	0	12	2	1	10	8	9	7	1	7	8	3	6	14	10	21	7	12	2	16	2	17	16	25	7	15	8	8	14	21	24	26	25	33	6	19	17	13	11	19	7	7	7	15	8	16	23	29	19	23	5	23	14	
887_A/duck/Hunan/HN66/20 11	6	7	2	13	7	9	3	9	15	0	0	12	2	1	10	8	9	7	2	7	8	3	5	13	10	21	7	13	2	16	2	17	17	24	7	15	7	9	14	21	25	25	25	33	5	20	17	13	11	20	8	7	7	13	7	16	23	31	19	23	5	22	14	
888_A/duck/Hunan/HN67/20 11	6	7	2	13	7	9	3	9	15	0	0	12	2	1	10	8	9	7	1	7	8	3	6	13	10	21	7	13	2	16	2	17	16	25	7	15	8	8	14	21	24	26	25	33	6	19	17	13	11	19	7	7	7	15	8	16	23	30	19	23	5	22	14	
889_A/duck/Hunan/HN71/20 11	6	7	2	13	7	9	3	9	15	0	0	13	2	1	10	9	9	7	2	7	7	3	5	12	10	24	7	13	2	13	2	17	15	23	8	14	9	10	13	22	25	26	22	32	5	20	19	14	11	19	8	8	6	15	7	19	22	30	18	21	5	22	15	
890_A/duck/Hunan/HN72/20 11	7	7	2	13	6	9	3	9	15	0	0	12	2	1	10	9	9	6	2	6	8	4	5	13	10	23	7	13	2	14	2	16	15	24	8	15	9	9	13	20	25	24	22	33	5	21	20	14	11	19	7	7	7	15	8	18	22	30	18	23	5	22	15	
891_A/duck/Hunan/HN74/20 11	6	7	2	13	7	9	3	9	15	0	0	13	2	1	10	9	9	7	2	7	7	3	5	13	10	24	7	12	2	13	2	17	16	23	8	14	8	10	13	22	25	26	22	32	5	20	19	14	11	19	8	8	6	15	7	19	22	30	18	21	5	22	15	
892_A/duck/Hunan/HN76/20 11	7	7	2	13	6	9	3	9	15	0	0	12	2	1	10	9	9	6	2	6	8	4	5	13	10	23	7	13	2	14	2	16	15	24	8	15	9	9	13	20	25	22	22	33	5	23	20	14	11	19	7	7	7	15	8	18	22	30	18	23	5	22	15	
893_A/duck/Hunan/HN78/20 11	6	7	2	13	7	9	3	9	15	0	0	12	2	1	10	8	9	7	1	7	8	3	6	13	10	21	7	13	2	16	2	17	16	25	7	15	8	8	14	21	24	26	25	33	6	20	17	13	11	19	7	7	7	15	8	16	23	29	19	23	5	22	14	
894_A/duck/Hunan/HN80/20 11	6	7	2	13	7	9	3	9	15	0	0	13	2	1	10	9	9	7	2	7	7	3	5	13	10	24	7	12	2	13	2	17	15	23	8	14	9	10	13	22	25	26	22	32	5	20	19	14	11	19	8	8	6	15	7	19	22	30	18	21	5	22	15	
895_A/duck/Hunan/HN162/2 11	11	8	1	14	4	8	4	6	15	0	0	16	1	1	10	7	8	8	3	9	6	3	5	10	12	28	2	12	3	8	7	19	13	18	12	8	5	17	10	22	30	24	30	36	3	21	12	15	14	13	8	6	3	19	7	14	23	38	18	27	5	14	15	
896_A/duck/Hunan/HN163/2 11	11	8	1	14	4	8	4	6	15	0	0	16	1	1	10	7	8	8	3	9	6	3	5	10	12	28	2	12	3	8	7	19	13	18	12	8	5	17	10	22	30	24	30	36	3	21	12	15	14	13	8	6	3	19	7	14	23	38	18	27	5	14	15	
897_A/duck/Hunan/HN167/2 10	11	8	1	14	4	8	4	6	15	0	0	16	1	1	10	8	8	8	3	9	6	3	5	10	12	28	2	12	3	8	7	19	13	18	12	8	5	17	10	22	30	24	30	36	3	21	12	14	14	13	8	7	3	19	7	14	23	38	18	27	5	14	15	
898_A/duck/Hunan/HN171/2 10	11	8	1	14	4	8	4	6	15	0	0	16	1	1	10	8	8	8	3	9	6	3	5	10	12	28	2	12	3	8	7	19	13	18	12	8	5	17	10	22	30	24	30	36	3	21	12	14	14	13	8	7	3	19	7	14	23	38	18	27	5	14	15	
899_A/duck/Hunan/HN172/2 10	11	8	1	14	4	8	4	6	15	0	0	16	1	1	10	8	8	8	3	9	6	3	5	10	12	28	2	12	3	8	7	19	13	18	12	8	5	17	10	22	30	24	30	36	3	21	12	14	14	12	8	7	3	20	7	14	23	38	18	27	5	14	15	
900_A/duck/Hunan/HN174/2 10	11	8	1	14	4	8	4	6	15	0	0	16	1	1	10	8	8	8	3	9	6	3	5	10	12	28	2	12	3	8	7	19	13	18	12	8	5	17	10	22	30	24	30	36	3	21	12	14	14	12	8	7	3	20	7	14	23	38	18	27	5	14	15	
901_A/duck/Hunan/HN176/2 10	11	8	1	14	4	8	4	6	15	0	0	16	1	1	10	8	8	8	3	9	6	3	5	10	12	28	3	12	3	8	7	19	13	18	12	8	5	16	10	22	30	23	29	36	3	22	12	14	14	12	8	7	3	20	7	14	23	39	18	27	5	14	15	
902_A/duck/Hunan/HN177/2 10	11	8	1	14	4	8	4	6	15	0	0	16	1	1	10	8	8	8	3	9	6	3	5	10	12	28	2	12	3	8	7	19	13	18	12	8	5	17	10	22	30	24	30	36	3	21	12	14	14	13	8	7	3	19	7	14	23	38	18	27	5	14	15	
903_A/duck/Hunan/HN178/2 10	11	8	1	14	4	8	4	6	15	0	0	16	1	1	10	8	8	8	3	9	6	3	5	10	12	28	2	12	3	8	7	19	13	18	12	8	5	17	10	22	30	24	30	36	3	21	12	14	14	13	8	7	3	19	7	14	23	38	18	27	5	14	15	
904_A/duck/Hunan/HN182/2 10	10	8	1	14	4	8	4	6	15	0	0	16	2	1	10	8	8	8	3	9	6	3	5	10	12	28	2	12	3	8	7	19	13	18	12	8	5	17	10	22	30	24	30	36	3	21	12	14	14	13	8	7	3	19	7	14	23	37	19	27	5	15	14	
905_A/duck/Hunan/HN183/2 11	11	8	1	14	4	8	4	6	15	0	0	16	1	1	10	7	8	8	2	9	6	3	5	10	12	28	4	12	3	8	7	19	13	18	12	8	5	16	10	22	30	24	29	36	3	21	12	15	13	13	8	6	3	19	7	14	24	39	18	27	5	14	15	
906_A/duck/Hunan/HN186/2 11	11	8	1	14	4	8	4	6	15	0	0	16	1	1	10	7	8	8	3	9	6	3	5	10	12	28	2	12	3	8	7	19	13	18	12	8	5	17	10	22	30	24	30	36	3	21	12	15	14	13	8	6	3	19	7	14	23	38	18	27	5	14	15	
907_A/duck/Hunan/HN190/2 10	11	8	1	14	4	8	4	6	15	0	0	16	1	1	10	8	8	8	3	9	6	3	5	10	12	28	2	12	3	8	7	19	13	18	12	8	5	17	10	22	30	24	30	36	3	21	12	14	14	13	8	7	3	19	7	14	23	38	18	27	5	14	15	
908_A/duck/Hunan/HN191/2 10	11	8	1	14	4	8	4	6	15	0	0	16	1	1	10	8	8	8	3	9	6	3	5	10	12	28	2	12	3	8	7	19	13	18	12	8	5	17	10	22	30	24	30	36	3	21	12	14	14	13	8	7	3	19	7	14	23	38	18	27	5	14	15	
909_A/duck/Hunan/HN192/2 10	11	8	1	14	4	8	4	6	15	0	0	16	1	1	10	8	8	8	3	9	6	3	5	10	12	28	2	12	3	8	7	19	13	18	12	8	5	17	10	22	30	24	30	36	3	21	12	14	14	13	8	7	3	19	7	14	23	38	18	27	5	14	15	
910_A/duck/Hunan/HN194/2 10	10	8	1	14	4	8	4	6	15	0	0	16	2	1	10	8	8	8	3	9	6	3	5	10	12	28	2	12	3	8	7	19	13	18	12	8	5	17	10	22	30	24	30	36	3	21	12	14	14	13	8	7	3	19	7	14	23	38	18	27	5	14	15	
911_A/duck/Hunan/HN195/2 10	10	8	1	14	4	8	4	6	15	0	0	16	2	1	10	8	8	8	3	9	6	3	5	10	12	28	2	12	3	8	7	19	13	18	12	8	5	17	10	22	30	24	30	36	3	21	12	14	14	13	8	7	3	19	7	14	23	38	18	27	5	14	15	
912_A/duck/Hunan/HN197/2 11	11	8	1	14	4	8	4	6	15	0	0	16	1	1	10	7	8	8	3	9	6	3	5	10	12	28	2	12	3	8	7	19	13	18	12	8	5	17	10	22	30	24	30	36	3	21	12	15	14	13	8	6	3	19	7	14	23	38	18	27	5	14	15	
913_A/duck/Hunan/HN201/2 10	11	8	1	14	4	8	4	6	15	0	0	16	1	1	10	8	8	8	3	9	6	3	5	10	12	28	2	12	3	8	7	19	13	18	12	8	5	17	10	22	30	24	30	36	3	21	12	14	14	13	8	7	3	19	7	14	23	38	18	27	5	14	15	
914_A/duck/Hunan/HN204/2 10	11	8	1	14	4	8	4	6	15	0	0	16	1	1	10	8	8	8	3	9	6	3	5	10	12	28	2	12	3	8	7	19	13	18	12	8	5	17	10	22	30	24	30	36	3	21	12	14	14	13	8	7	3	19	7	14	23	38	18	27	5	14	15	
915_A/duck/Hunan/HN205/2 10	11	8	1	14	4	8	4	6	15	0	0	16	1	1	10	8	8	8	3	9	6	3	5	10	12	28	2	12	3	8	7	19	13	18	12	8	5	17	10	22	30	25	30	36	3	20	12	14	14	13	8	7	3	19	7	14	23	38	18	27	5	14	15	
916_A/duck/Hunan/HN206/2 10	11	8	1	14	4	8	4	6	15	0	0	16	1	1	10	8	8	7	3	9	6	3	5	9	12	28	4	13	3	9	5	19	13	16	12	9	6	18	10	21	30	24	30	36	3	21	12	13	13	12	6	7	3	21	9	17	23	37	20	25	5	15	13	
917_A/duck/Hunan/HN207/2 11	11	8	1	14	4	8	4	6	15	0	0	16	1	1	10	7	8	8	3	9	6	3	5	10	12	28	2	12	3	8	7	19	13	18	12	8	5	17	10	22	30	24	30	36	3	21	12	15	14	13	8	6	3	19	7	14	23	37	18	27	5	15	15	
918_A/duck/Hunan/HN208/2 11	11	8	1	14	4	8	4	5	15	0	0	16	1	1	10	7	8	8	3	9	6	3	5	11	12	28	3	12	3	8	7	19	13	18	12	8	5	16	10	22	30	23	29	36	3	22	12	15	14	13	8	6	3	19	7	14	23	39	18	27	5	14	15	
919_A/duck/Hunan/HN209/2 10	11	8	1	14	4	8	4	6	15	0	0	16	1	1	10	8	8	8	3	9	6	3	5	10	12	28	2	12	3	8	7	19	13	18	12	8	5	17	10	22	30	24	30	36	3	21	12	14	14	13	8	7	3	19	7	14	23	38	18	27	5	14	15	
920_A/duck/Hunan/HN210/2 10	11	8	1	14	4	8	4	6	15	0	0	16	1	1	10	8	8	8	3	9	6	3	5	10	12	28	2	12	3	8	7	19	13	18	12	8	5	17	10	22	30	24	30	36	3	21	12	14	14	13	8	7	3	19	7	14	23	38	18	27	5	14	15	
921_A/duck/Hunan/HN212/2 10	11	8	1	14	4	8	4	6	15	0	0	16	1	1	10	8	8	8	3	9	6	3	5	10	12	28	2	12	3	8	7	19	13	18	12	8	5	17	10	22	30	24	30	36	3	21	12	14	14	13	8	7	3	19	7	14	23	38	18	27	5	14	15	
922_A/duck/Hunan/HN214/2 10	11	8	1	14	4	8	4	7	15	0	0	15	1	1	10	7	8	6	3	10	5	4	5	8	13	27	4	14	3	8	6	19	13	16	12	8	6	18	10	23	29	25	30	36	4	21	12	14	13	12	8	7	3	21	7	15	24	37	18	25	4	15	15	
923_A/duck/Hunan/HN215/2 10	11	8	1	14	4	8	4	6	15	0	0	16	1	1	10	8	8	8	3	9	6	3	5	10	12	28	2	12	3	8	7	19	13	19	12	8	5	17	10	22	30	24	30	36	3	21	12	14	14	12	8	7	3	19	7	14	23	38	18	27	5	14	15	
924_A/duck/Hunan/HN216/2 10	11	8	1	14	4	8	4	6	15	0	0	15	1	1	10	8	8	7	3	9	6	3	5	9	12	28	4	14	3	9	5	19	13	16	12	9	6	18	10	21	30	24	30	36	3	21	12	13	13	12	6	7	3	21	9	17	23	37	20	25	5	15	13	
925_A/duck/Hunan/HN217/2 10	10	8	1	14	4	8	4	6	15	0	0	16	2	1	10	8	8	8	3	9	6	3	5	10	12	28	2	12	3	8	7	19	13	18	12	8	5	17	10	22	30	24	30	36	3	21	12	14	14	13	8	7	3	19	7	14	23	38	18	27	5	14	15	
926_A/duck/Hunan/HN220/2 10	11	8	1	14	4	8	4	7	15	0	0	16	1	1	10	8	8	8	3	9	6	3	5	9	12	28	3	12	3	8	7	19	13	17	12	8	5	16	10	22	30	25	29	36	3	21	12	14	14	13	8	7	3	19	7	14	23	39	18	27	5	14	15	
927_A/duck/Hunan/HN221/2 10	11	8	1	14	4	8	4	6	15	0	0	16	1	1	10	8	8	8	3	9	6	3	5	10	12	28	2	12	3	8	7	19	13	18	12	8	5	17	10	22	30	24	30	36	3	20	13	14	14	13	8	7	3	19	7	14	23	38	18	27	5	14	15	
928_A/duck/Hunan/HN224/2 10	11	8	1	14	4	8	4	6	15	0	0	16	1	1	10	8	8	8	3	9	6	3	5	10	12	28	2	12	3	8	7	19	13	18	12	8	5	17	10	22	30	24	30	36	3	21	12	14	14	13	8	7	3	19	7	14	23	38	18	27	5	14	15	
929_A/duck/Hunan/HN227/2 10	11	8	1	14	4	8	4	6	15	0	0	16	1	1	10	8	8	8	3	9	6	3	5	10	12	28	2	12	3	8	7	19	13	18	12	8	5	17	10	22	30	24	30	36	3	21	12	14	14	13	8	7	3	19	7	14	23	38	18	27	5	14	15	
930_A/duck/Hunan/HN230/2 10	11	8	1	14	4	8	4	6	15	0	0	16	1	1	10	8	8	8	3	9	6	3	5	10	12	28	2	12	3	8	7	19	13	18	12	8	5	16	10	22	30	23	30	36	3	22	12	14	14	12	8	7	3	21	7	14	23	38	18	27	5	14	15	
931_A/duck/Hunan/HN232/2 9	9	12	1	14	4	4	4	6	15	0	0	18	2	1	10	9	7	11	3	8	5	0	5	12	12	22	1	9	5	13	4	13	12	17	13	12	11	15	9	21	27	28	29	35	5	18	18	9	9	13	7	14	10	20	7	13	23	33	18	28	3	19	16	
932_A/duck/Hunan/HN234/2 10	11	8	1	14	4	8	4	7	15	0	0	15	1	1	10	7	8	6	3	10	5	4	5	8	13	27	4	14	3	8	6	19	13	16	12	8	6	18	10	23	29	25	30	36	4	21	12	14	13	12	8	7	3	21	7	15	24	37	18	25	4	15	15	
933_A/duck/Hunan/HN236/2 10	11	8	1	14	4	8	4	7	15	0	0	15	1	1	10	7	8	6	3	10	5	4	5	8	13	27	4	14	3	8	6	19	13	16	12	8	6	18	10	23	29	25	30	36	4	21	12	14	13	12	8	7	3	21	7	15	24	37	18	25	4	15	15	
934_A/duck/Hunan/HN238/2 10	11	8	1	14	4	8	4	7	15	0	0	15	1	1	10	7	8	6	3	10	5	4	5	8	13	27	4	14	3	8	6	20	13	16	12	8	6	18	10	23	29	25	30	36	4	21	12	13	13	12	8	7	3	21	7	15	24	37	18	25	4	15	15	
935_A/duck/Hunan/HN239/2 11	6	7	2	13	7	9	3	9	15	0	0	12	2	1	10	8	9	7	1	7	8	3	6	13	10	21	7	13	2	16	2	17	17	25	8	15	7	8	13	21	24	25	25	33	5	20	17	13	11	18	7	7	7	16	8	16	24	30	18	23	5	22	15	
936_A/duck/Hunan/HN240/2 10	11	8	1	14	4	8	4	7	15	0	0	15	1	1	10	7	8	6	3	10	5	4	5	8	13	27	4	14	3	8	6	19	13	16	12	8	6	18	10	23	29	25	30	36	4	21	12	14	13	12	8	7	3	21	7	15	24	37	18	25	4	15	15	
937_A/duck/Hunan/HN241/2 11	6	7	2	13	7	9	3	10	15	0	0	12	2	1	10	8	9	7	1	7	8	3	6	12	10	21	8	13	2	16	2	17	16	25	7	15	8	8	14	21	25	25	24	33	5	20	17	13	11	18	7	7	6	16	8	16	24	30	19	23	5	22	14	
938_A/duck/Hunan/HN242/2 10	11	8	1	14	4	8	4	7	15	0	0	15	1	1	10	7	8	6	3	10	5	4	5	8	13	27	4	14	3	8	6	19	13	16	12	8	6	17	10	23	29	26	30	36	4	21	12	14	13	12	8	7	3	21	7	15	24	37	18	25	4	15	15	
939_A/duck/Hunan/HN278/2 11	6	7	2	13	7	9	3	9	15	0	0	12	2	1	10	8	9	7	1	7	8	3	6	13	10	21	7	13	2	16	2	17	17	25	8	15	7	8	13	21	24	25	25	33	5	20	17	13	11	18	7	7	7	16	8	16	24	30	18	23	5	22	15	
940_A/duck/Hunan/HN285/2 11	6	7	2	13	7	9	3	8	15	0	0	15	2	1	10	10	9	7	2	5	8	3	5	12	10	21	7	12	2	16	2	17	16	24	8	14	7	9	13	22	23	27	25	34	4	18	17	13	11	18	8	8	8	16	7	14	24	27	18	24	6	25	15	
941_A/duck/Hunan/HN288/2 11	6	7	2	13	7	9	3	8	15	0	0	15	2	1	10	10	9	7	2	5	8	3	5	12	10	21	7	12	2	16	2	17	17	24	8	14	7	9	13	22	23	27	24	33	5	18	18	13	10	17	8	8	7	17	7	14	25	27	18	24	6	25	15	
942_A/duck/Hunan/HN333/2 10	11	8	1	14	4	8	4	7	15	0	0	14	1	1	10	8	9	7	3	10	5	3	5	8	13	28	4	15	2	9	5	17	12	16	10	10	7	18	12	22	29	23	31	36	4	21	12	13	13	12	6	6	3	21	9	17	23	36	19	25	5	16	14	
943_A/duck/Hunan/HN334/2 10	11	8	1	14	4	8	4	7	15	0	0	14	1	1	10	8	9	7	3	10	5	3	5	8	13	28	4	15	2	9	5	17	12	16	10	10	7	18	12	22	29	23	31	36	4	21	12	13	13	12	6	6	3	21	9	17	23	36	19	25	5	16	14	
944_A/duck/Hunan/HN335/2 10	11	8	1	14	4	8	4	7	15	0	0	14	1	1	10	8	9	7	3	10	5	3	5	8	13	28	4	15	2	9	5	18	12	16	10	9	7	18	12	22	29	23	31	36	4	21	12	13	13	12	6	6	3	21	9	17	23	36	19	25	5	16	14	
945_A/duck/Hunan/HN336/2 10	11	8	1	14	4	8	4	7	15	0	0	14	1	1	10	8	9	7	3	10	5	3	5	8	13	28	4	15	2	9	5	17	12	16	10	10	7	18	12	22	29	23	31	36	4	21	12	13	13	12	6	6	3	21	9	17	23	36	19	25	5	16	14	
946_A/duck/Hunan/HN339/2 10	11	8	1	14	4	8	4	7	15	0	0	14	1	1	10	8	9	7	3	10	5	3	5	8	13	28	4	15	2	9	5	17	12	16	10	10	7	18	12	22	29	23	31	36	4	21	12	13	13	12	6	6	3	21	9	17	23	36	19	25	5	16	14	
947_A/duck/Hunan/HN341/2 10	11	8	1	14	4	8	4	7	15	0	0	14	1	1	10	7	9	7	3	10	5	3	5	9	13	28	4	15	2	9	5	17	12	16	10	10	7	18	12	22	29	22	32	36	4	21	12	13	13	12	6	6	3	21	9	17	23	36	19	25	5	16	14	
948_A/duck/Hunan/HN342/2 10	11	8	1	14	4	8	4	7	15	0	0	14	1	1	10	8	9	7	3	10	5	3	5	8	13	28	4	15	2	9	5	17	12	16	10	10	7	18	12	22	29	23	31	36	4	21	12	14	13	12	6	5	3	21	9	17	23	36	19	25	5	16	14	
949_A/duck/Hunan/HN343/2 10	11	8	1	14	4	8	4	7	15	0	0	14	1	1	10	8	9	7	3	10	5	3	5	8	13	28	4	15	2	9	5	17	12	16	10	10	7	18	12	22	29	23	31	36	4	21	12	13	13	12	6	6	3	21	9	17	23	36	19	25	5	16	14	
950_A/duck/Hunan/S4020/2 8	7	7	2	16	6	9	3	9	14	0	0	13	3	1	10	7	8	9	1	8	8	1	6	10	9	21	5	15	4	16	4	14	14	20	9	15	11	12	13	20	23	27	28	33	6	17	15	16	12	19	7	8	4	15	8	19	25	28	20	20	5	24	13	
951_A/duck/Hunan/S4030/2 10	6	7	3	14	7	9	2	8	14	0	0	13	3	1	10	7	7	7	1	9	9	3	6	13	9	22	5	12	4	15	4	16	15	23	7	14	9	11	13	20	28	24	28	33	4	19	16	14	11	19	6	9	6	15	10	18	22	25	17	22	4	27	15	
952_A/duck/Hunan/S4101/2 10	6	12	2	14	7	4	3	8	11	0	0	18	6	1	10	8	9	8	2	6	5	2	4	13	9	19	4	8	6	17	4	14	10	18	11	15	9	13	11	21	31	25	31	35	3	19	16	16	11	17	8	10	8	16	7	7	22	30	18	29	4	24	15	
953_A/duck/Hunan/S4120/2 9	6	12	2	15	7	4	3	8	13	0	0	17	4	1	10	8	9	8	2	6	5	2	4	13	9	19	4	9	6	17	4	14	10	17	11	14	8	14	11	21	32	25	31	35	3	19	16	16	11	17	7	11	8	17	8	6	22	30	19	30	4	23	14	
954_A/duck/Hunan/S4150/2 8	6	6	2	16	7	10	3	8	13	0	0	13	4	1	10	7	8	9	1	8	8	1	5	12	9	19	5	14	4	18	5	15	15	21	9	14	12	11	14	20	23	27	27	33	7	18	15	17	10	18	7	8	4	15	8	20	24	27	19	18	5	25	14	
955_A/duck/Hunan/S4220/2 10	6	7	2	14	7	9	3	9	15	0	0	12	2	1	10	9	9	9	1	6	8	1	6	12	10	22	6	14	2	15	3	16	15	22	8	14	10	11	13	21	24	26	25	33	6	18	18	13	12	19	8	10	4	15	7	15	23	27	18	23	6	25	15	
956_A/duck/Hunan/S40199/ 13	7	9	0	11	7	8	5	7	12	0	0	20	4	1	10	8	10	8	1	8	3	3	6	6	12	18	4	12	4	17	4	13	10	20	12	14	10	10	11	23	30	26	30	35	3	17	17	15	15	18	8	9	7	15	7	11	19	31	22	28	3	22	11	
957_A/duck/Hunan/S40268/ 8	9	7	4	16	5	9	1	7	15	0	0	15	1	1	10	8	9	6	2	6	6	4	4	13	13	26	6	13	1	10	5	12	12	18	10	18	6	13	12	23	34	25	28	34	0	19	16	9	8	20	10	11	8	14	7	12	24	32	24	28	5	21	7	
958_A/duck/Jiangsu/m234/ 9	7	7	1	15	7	9	4	7	15	0	0	13	1	1	10	7	8	5	2	7	5	5	5	8	11	25	4	20	5	11	4	18	11	21	10	13	9	11	11	19	27	27	35	33	4	17	11	13	9	18	7	10	9	16	8	16	24	26	21	26	3	27	12	
959_A/duck/Jiangsu/S4439 10	8	11	0	14	5	5	5	6	13	0	0	20	4	1	10	10	8	9	1	7	5	1	5	11	13	22	1	8	3	14	5	14	11	15	12	13	12	16	10	22	26	24	32	37	3	21	16	8	9	16	7	12	10	17	8	12	22	32	17	29	4	22	16	
960_A/duck/Jiangsu/SE112 10	8	11	0	14	6	5	5	5	12	0	0	19	4	1	10	10	8	9	1	7	5	1	5	12	13	20	2	9	3	15	5	13	11	15	12	14	12	16	10	22	26	24	32	36	3	21	16	9	10	16	7	11	9	17	8	15	22	32	18	27	4	22	15	
961_A/duck/Jiangxi/01.11 10	11	8	1	14	4	8	4	8	15	0	0	14	1	1	10	7	7	7	3	9	6	3	5	8	13	30	4	15	3	7	5	18	13	17	12	9	6	17	10	22	31	24	29	36	2	20	14	13	12	13	7	7	3	20	7	17	22	36	20	25	7	16	14	
962_A/duck/Jiangxi/01.14 11	6	6	2	13	7	10	3	9	15	0	0	14	2	1	10	10	9	7	1	5	8	3	6	12	10	21	6	12	2	16	2	17	16	24	9	14	8	9	12	21	24	25	26	33	6	20	17	13	11	19	8	8	8	15	7	16	22	28	18	23	5	24	15	
963_A/duck/Jiangxi/01.14 11	6	6	2	13	7	10	3	9	15	0	0	15	2	1	10	10	9	7	1	5	8	3	6	12	10	21	6	11	2	16	2	18	16	24	8	14	8	9	13	21	25	25	26	33	5	20	17	12	11	19	8	8	8	15	7	16	22	28	19	23	5	24	14	
964_A/duck/Jiangxi/01.14 11	6	6	2	13	7	10	3	9	15	0	0	14	2	1	10	10	9	7	1	5	8	3	6	12	10	21	6	12	2	16	2	17	16	24	9	14	8	9	12	21	24	25	26	33	6	20	17	13	11	19	8	8	8	15	7	16	22	28	18	23	5	24	15	
965_A/duck/Jiangxi/02.05 11	6	6	2	13	7	10	3	9	15	0	0	15	2	1	10	10	9	7	1	5	8	3	7	11	10	21	6	12	2	16	2	17	16	24	8	14	8	9	13	21	26	25	26	33	5	20	16	12	11	19	8	8	8	15	7	17	22	28	20	22	5	24	13	
966_A/duck/Jiangxi/02.06 11	6	6	2	13	7	10	3	9	15	0	0	15	2	1	10	10	9	7	1	5	8	3	6	12	10	21	6	11	2	16	2	18	16	24	8	14	8	9	13	21	25	25	26	33	5	20	17	12	11	19	8	8	8	15	7	16	22	28	19	23	5	24	14	
967_A/duck/Jiangxi/02.06 11	6	7	2	13	7	9	3	8	15	0	0	12	2	1	10	10	10	7	1	5	7	3	6	12	10	23	6	13	2	14	2	18	16	24	8	14	9	9	13	20	25	25	21	32	4	20	19	12	11	18	8	8	7	15	7	16	22	28	18	24	5	22	15	
968_A/duck/Jiangxi/2.28_ 10	12	8	1	14	4	8	4	9	14	0	0	13	1	1	10	7	7	7	3	9	7	3	5	9	12	28	4	14	3	9	5	19	13	16	12	8	6	18	10	23	30	23	29	36	3	22	13	13	12	12	7	7	4	21	7	16	23	34	20	25	5	18	14	
969_A/duck/Jiangxi/2.28N 10	12	8	1	14	4	8	4	9	14	0	0	13	1	1	10	7	7	7	3	9	7	3	5	9	12	28	4	14	3	9	5	19	13	16	12	8	6	18	10	23	30	23	29	36	3	22	13	13	12	12	7	7	4	21	7	16	23	34	20	25	5	18	14	
970_A/duck/Jiangxi/03.11 11	7	6	2	13	7	10	3	9	14	0	0	14	2	1	10	10	9	7	1	5	8	3	6	12	10	21	6	12	2	16	2	17	18	24	8	14	6	9	13	21	25	25	26	33	5	20	17	13	12	19	8	8	7	15	7	16	22	28	18	23	5	24	15	
971_A/duck/Jiangxi/04.01 9	8	10	1	15	6	6	4	6	13	1	0	17	3	0	10	10	7	9	2	4	6	1	5	12	12	18	2	12	4	18	4	15	7	14	15	14	12	16	7	20	30	27	28	34	3	18	19	14	10	14	7	12	9	20	6	13	20	30	22	27	6	23	13	
972_A/duck/Jiangxi/04.01 9	8	10	1	15	6	6	4	6	13	1	0	17	3	0	10	10	7	9	2	4	6	1	5	11	12	18	2	12	4	18	4	15	7	14	15	14	12	16	7	19	30	26	26	33	3	18	19	14	10	13	7	12	9	20	6	13	20	28	22	27	6	23	13	
973_A/duck/Jiangxi/04.01 10	7	7	2	14	6	9	3	9	15	0	0	12	2	1	10	9	10	9	1	6	7	1	6	13	10	22	8	14	2	15	2	14	16	23	7	16	9	10	14	21	26	24	22	33	4	19	21	13	13	17	8	10	5	17	7	13	24	29	20	23	4	23	13	
974_A/duck/Jiangxi/05.07 9	8	11	2	15	6	5	3	4	14	1	0	18	2	0	10	10	7	9	2	4	6	1	5	13	13	18	2	11	3	18	4	15	6	15	15	14	12	16	7	19	31	25	27	33	3	18	18	14	9	13	7	12	10	19	6	13	20	29	22	27	6	23	13	
975_A/duck/Jiangxi/5.26_ 10	10	8	1	14	5	8	4	7	14	0	0	17	2	1	10	7	7	7	3	9	6	3	5	8	13	28	4	13	3	9	5	18	14	17	12	9	4	17	10	22	32	24	29	36	2	20	14	13	12	13	7	7	3	20	7	17	22	36	20	25	7	16	14	
976_A/duck/Jiangxi/11.17 11	10	9	1	13	5	7	4	8	16	0	0	14	1	1	10	9	8	7	3	8	5	3	5	8	13	27	4	14	3	9	4	18	14	16	11	8	6	18	11	23	27	26	30	36	4	20	13	12	13	12	8	8	3	21	6	17	24	35	18	25	4	17	16	
977_A/duck/Jiangxi/11.17 11	10	9	1	13	5	7	4	8	16	0	0	14	1	1	10	9	8	7	3	8	5	3	5	8	13	27	4	14	3	9	4	18	14	16	11	8	6	18	11	23	27	26	30	36	4	20	13	12	13	12	8	8	3	21	6	17	24	35	18	25	4	17	16	
978_A/duck/Jiangxi/11.29 10	11	8	1	14	5	8	4	7	14	0	0	14	2	1	10	7	7	7	3	9	6	3	5	9	12	29	4	15	3	8	5	19	13	15	12	8	6	19	10	22	31	27	28	36	2	18	14	13	13	12	7	7	3	21	7	17	22	38	21	25	6	14	13	
979_A/duck/Jiangxi/11.29 10	9	7	1	14	5	9	4	7	16	0	0	14	1	1	10	7	8	6	3	9	7	4	5	7	12	28	4	14	3	9	5	18	14	15	13	8	7	17	10	21	29	24	27	36	2	21	12	13	13	11	9	7	3	21	6	17	24	35	21	24	5	16	12	
980_A/duck/Jiangxi/11.29 10	11	8	1	14	4	8	4	7	15	0	0	16	1	1	10	7	7	6	3	9	6	4	5	9	13	29	4	13	3	8	5	18	12	18	11	8	6	17	10	23	31	24	29	36	3	20	14	13	12	13	7	7	3	20	7	17	22	36	20	25	7	16	14	
981_A/duck/Jiangxi/34/20 10	6	7	3	14	7	9	3	8	15	0	0	13	2	1	10	9	9	9	1	6	9	1	6	12	10	23	5	14	1	15	3	16	15	24	7	14	10	10	14	22	23	26	25	33	7	17	19	15	12	20	7	8	3	14	8	15	24	27	18	22	5	24	15	
982_A/duck/Jiangxi/35/20 10	6	7	2	14	7	9	3	8	15	0	0	12	2	1	10	9	9	9	1	6	9	1	6	12	10	22	6	15	1	15	3	16	15	23	7	14	10	10	14	22	23	26	25	33	7	17	19	15	12	20	7	8	3	14	8	15	24	27	19	22	5	25	15	
983_A/duck/Jiangxi/44/20 10	11	9	2	14	4	7	3	6	13	0	0	17	2	1	10	5	9	6	3	10	5	3	4	12	13	26	4	11	2	11	4	20	10	17	12	9	7	16	10	23	31	30	34	35	4	15	10	15	16	13	6	6	3	21	9	16	22	38	25	23	4	15	8	
984_A/duck/Jiangxi/95/20 11	6	7	2	13	7	9	3	9	15	0	0	13	2	1	10	9	9	7	1	6	8	3	6	13	10	22	7	12	2	15	2	17	15	24	8	14	9	9	13	21	25	24	24	33	5	21	18	14	11	19	8	7	7	15	7	17	22	30	18	23	5	22	15	
985_A/duck/Jiangxi/120/2 8	7	7	2	16	6	9	3	8	15	0	0	11	3	1	10	7	8	9	2	8	7	1	5	14	10	21	4	14	4	16	5	16	15	21	8	13	10	11	14	17	22	30	28	35	7	15	14	14	12	17	7	10	5	17	8	18	25	25	20	22	3	26	14	
986_A/duck/Jiangxi/130/2 8	6	6	2	16	7	10	3	8	14	0	0	13	3	1	10	7	8	9	1	8	8	1	5	11	9	19	5	15	4	18	5	15	15	21	9	14	12	12	13	19	23	26	29	33	7	18	15	17	10	17	7	8	4	16	8	20	24	27	18	18	5	25	15	
987_A/duck/Jiangxi/13469 10	6	7	1	14	7	9	4	9	15	0	0	13	2	1	10	9	10	9	1	6	7	1	5	13	9	22	9	13	3	15	2	16	14	22	8	13	10	11	13	22	27	23	22	33	4	21	20	13	13	18	8	11	5	16	7	13	23	27	20	22	5	25	13	
988_A/duck/Jiangxi/13475 10	6	7	1	14	7	9	4	9	15	0	0	13	2	1	10	9	10	9	1	6	7	1	6	13	9	22	8	13	3	15	2	16	14	22	8	13	10	11	13	22	27	23	22	33	4	21	20	13	13	18	8	11	5	16	7	13	23	27	20	22	5	25	13	
989_A/duck/Jiangxi/13484 10	6	7	1	14	7	9	4	9	15	0	0	13	3	1	10	9	10	9	1	6	7	1	6	13	9	22	8	13	2	15	2	16	14	22	8	13	10	11	13	22	27	23	22	33	4	21	20	13	13	18	8	11	5	16	7	13	23	27	20	22	5	25	13	
990_A/Duck/Jiangxi/50446 10	10	9	1	14	5	7	4	6	16	0	0	15	1	1	10	9	8	7	3	8	5	3	5	9	13	27	4	14	3	9	4	18	14	16	12	8	6	18	10	23	27	27	29	36	4	19	14	13	13	12	8	7	3	21	5	17	24	36	19	25	4	16	16	
991_A/Duck/Jiangxi/50455 10	11	7	1	14	4	9	4	7	15	0	0	15	1	1	10	7	8	7	3	9	6	3	5	9	12	29	4	14	3	8	5	19	13	16	12	9	6	18	10	22	31	24	31	36	2	21	11	12	12	13	8	7	4	20	7	17	22	37	19	25	6	15	14	
992_A/duck/Jiangxi/E7/20 11	6	6	2	13	7	10	3	9	15	0	0	14	2	1	10	10	9	7	1	5	8	3	6	12	10	21	6	12	2	16	2	17	17	24	8	14	7	9	13	21	25	25	26	33	5	20	17	13	11	18	8	8	8	16	7	16	22	29	18	23	5	23	15	
993_A/duck/Jiangxi/F31/2 11	6	6	2	13	7	10	3	9	15	0	0	14	2	1	10	10	9	7	1	5	8	3	6	12	10	21	6	12	2	16	2	17	17	24	8	14	7	9	13	21	25	25	26	33	5	20	17	13	11	18	8	8	8	16	7	15	22	29	18	24	5	23	15	
994_A/duck/Jiangxi/NCDZT 10	8	6	2	13	7	10	3	9	15	0	0	14	2	1	10	10	9	8	2	6	8	3	6	12	10	21	7	11	2	16	1	17	18	24	7	14	7	9	14	21	24	25	26	33	5	20	17	13	11	17	7	8	8	16	7	17	21	27	17	21	6	25	16	
995_A/duck/Jiangxi/NCDZT 11	6	6	2	13	7	10	3	9	15	0	0	14	2	1	10	10	9	7	1	5	8	3	6	12	10	21	7	12	2	16	1	17	17	24	8	14	7	9	12	21	25	26	26	33	5	20	18	13	11	18	8	8	7	16	7	15	23	28	18	24	5	23	15	
996_A/duck/Jiangxi/S1025 13	7	9	0	11	7	9	5	6	13	0	0	20	4	1	10	8	10	8	1	8	3	2	6	6	12	18	4	13	3	17	4	13	12	18	12	14	9	12	11	22	29	26	28	35	3	17	19	14	14	17	8	10	9	16	7	12	19	32	22	27	3	21	11	
997_A/duck/Jiangxi/S4083 13	7	10	0	11	7	7	5	6	12	0	0	21	5	1	10	8	10	8	1	8	3	3	6	6	12	19	4	12	3	16	4	13	12	19	12	14	9	11	11	23	30	28	25	35	3	17	19	14	13	18	8	10	9	15	7	11	19	30	23	27	3	23	11	
998_A/duck/Jilin/04.04_S 10	9	11	0	14	4	5	5	6	15	0	0	19	4	1	10	11	8	9	1	7	5	1	5	12	11	21	2	7	5	15	4	14	9	16	12	12	14	15	10	20	26	23	29	38	3	20	21	8	10	14	7	13	10	19	8	14	21	35	18	28	2	19	15	
999_A/duck/Jilin/JL-SIV/ 11	6	6	3	13	8	10	2	7	13	0	0	10	3	1	10	9	8	8	3	6	7	2	4	14	10	23	5	15	4	13	5	13	14	17	11	16	6	14	11	22	28	26	25	36	4	20	17	17	11	19	5	6	8	15	10	14	23	35	20	23	4	18	13	
1000_A/duck/Jilin/S1261/2 11	7	10	2	13	6	6	3	7	16	1	0	15	1	0	10	10	8	9	2	4	5	1	4	11	12	22	3	12	4	14	4	16	9	17	12	12	10	14	10	21	29	20	24	35	3	26	22	14	12	16	6	13	8	18	8	10	21	31	20	31	3	22	14	
1001_A/duck/Jilin/S4171/2 11	7	10	2	13	6	6	3	6	15	1	0	16	2	0	10	10	8	9	2	4	5	1	4	11	12	22	3	13	4	14	4	15	9	17	12	13	10	15	10	21	29	23	23	35	3	22	23	14	11	16	6	13	8	18	8	11	21	31	20	29	4	22	14	
1002_A/duck/Kaohsiung/15W 11	8	11	0	13	5	6	5	7	15	0	0	14	2	1	10	11	8	8	4	4	6	1	3	10	8	19	3	15	7	17	4	13	8	19	12	16	11	12	10	22	24	25	27	35	9	19	20	10	11	16	7	10	9	18	8	12	20	28	21	30	5	25	12	
1003_A/duck/Kaohsiung/20W 11	6	6	1	13	8	10	4	7	14	0	0	20	3	1	10	8	10	9	2	8	3	1	5	3	8	20	3	15	7	16	5	15	10	19	12	12	9	12	10	22	28	29	33	35	6	15	13	14	12	17	6	11	8	17	10	10	21	32	23	28	4	21	9	
1004_A/duck/Kaohsiung/150 12	8	8	1	12	5	8	4	5	14	0	0	22	3	1	10	8	9	8	2	8	3	2	5	7	11	19	4	11	6	17	4	15	10	19	12	15	8	12	10	20	31	26	32	36	3	19	13	12	12	20	9	14	10	14	6	12	18	30	22	25	4	23	11	
1005_A/duck/Liaoning/LN/2 9	7	7	2	15	7	9	3	6	13	0	0	15	3	1	10	8	9	8	2	7	4	2	5	10	11	22	3	15	5	15	5	14	15	16	11	15	8	14	11	20	26	29	28	35	4	17	16	12	12	18	6	9	6	17	9	20	23	25	24	22	3	28	9	
1006_A/duck/Nanchang/9789 11	7	6	2	13	7	10	3	9	15	0	0	12	2	1	10	8	9	9	1	6	8	1	6	11	10	22	7	14	2	15	2	17	15	22	8	14	10	11	13	22	24	22	26	33	6	20	19	12	10	19	8	11	4	15	7	16	25	29	18	22	5	23	15	
1007_A/duck/Nantou/15A343 12	8	8	1	12	5	8	4	5	15	0	0	22	3	1	10	8	9	8	2	8	3	2	5	7	11	18	4	11	6	18	4	16	9	19	12	15	8	12	10	20	31	27	32	36	3	18	13	12	12	20	9	14	10	14	6	12	17	30	22	25	4	23	11	
1008_A/duck/Nantou/17A024 12	8	7	1	12	5	9	4	5	13	1	0	22	4	0	10	8	9	8	2	8	3	3	5	7	12	19	4	11	5	16	4	15	11	20	13	15	7	11	10	19	32	27	29	36	3	20	15	12	10	19	8	14	10	15	6	12	20	30	21	25	4	22	12	
1009_A/duck/Ningxia/YG61/ 13	6	9	0	11	8	8	5	6	12	0	0	19	4	1	10	8	11	7	1	8	3	3	6	4	11	18	4	16	4	18	4	13	11	18	11	15	10	13	11	21	30	27	31	34	3	17	15	11	12	17	8	11	10	16	7	15	18	31	22	27	4	22	11	
1010_A/duck/Ningxia/YG71/ 13	6	9	0	11	8	8	5	6	12	0	0	19	4	1	10	8	11	7	1	8	3	3	6	4	11	18	4	16	4	18	4	13	11	18	11	15	10	13	11	21	30	27	31	34	3	17	15	11	12	17	8	11	10	16	7	15	18	31	23	27	4	22	10	
1011_A/duck/Ningxia/YG83/ 11	6	11	1	13	8	6	4	6	13	0	0	17	3	1	10	10	9	6	2	6	4	4	5	8	10	18	4	14	6	18	4	15	9	18	11	14	9	13	11	22	30	26	32	34	5	18	14	7	12	17	7	15	8	16	8	10	21	30	23	31	3	23	10	
1012_A/duck/Pingtung/17A0 12	8	7	1	12	5	9	4	5	13	0	0	22	4	1	10	8	9	8	2	8	3	3	5	7	12	19	4	11	5	16	4	15	11	19	13	15	7	12	10	19	32	27	29	36	3	20	15	12	10	19	8	14	10	15	6	12	20	30	21	25	4	22	12	
1013_A/duck/Pingtung/18A0 12	8	8	1	12	5	8	4	6	14	1	0	22	4	0	10	8	9	8	2	8	3	3	5	7	12	19	4	10	5	16	4	15	11	19	13	15	7	12	10	19	31	25	29	36	4	22	15	12	10	19	8	14	10	15	6	12	19	29	21	25	4	23	12	
1014_A/duck/Pingtung/18A0 13	10	7	1	11	4	9	4	5	12	0	0	23	4	1	10	7	10	9	2	8	3	2	5	7	10	19	4	10	6	16	4	17	11	20	12	15	7	11	11	19	32	26	29	36	3	20	16	11	10	19	8	15	9	15	6	12	19	30	22	25	5	22	11	
1015_A/duck/Pingtung/18X0 12	8	10	1	12	5	6	4	5	15	0	0	20	2	1	10	9	10	7	2	7	4	3	5	8	8	21	2	12	7	15	6	17	10	21	10	12	9	11	11	21	28	28	32	37	6	17	13	12	12	15	6	12	8	19	8	9	20	30	24	27	5	23	10	
1016_A/duck/Pingtung/1501 9	8	11	2	14	7	5	3	6	14	0	0	20	2	1	10	10	10	9	2	6	4	1	5	9	11	16	3	10	4	20	5	16	9	18	12	11	11	13	10	21	30	23	30	35	4	21	16	10	9	16	6	14	9	18	9	6	21	28	19	33	6	25	14	
1017_A/duck/Pingtung/1501 12	8	8	1	12	5	8	4	5	14	0	0	22	3	1	10	8	9	8	2	8	3	2	5	7	11	19	4	11	6	17	4	15	10	19	12	15	8	12	10	20	31	27	32	36	3	18	13	12	12	20	9	14	10	14	6	13	18	30	22	24	4	23	11	
1018_A/duck/Shandong/009/ 10	8	12	0	14	5	4	5	4	14	0	0	17	3	1	10	10	7	8	1	5	6	1	6	13	11	21	3	12	5	15	4	13	9	17	13	13	11	16	9	22	26	25	26	38	4	21	20	9	10	14	7	13	9	20	8	13	22	29	21	28	4	23	12	
1019_A/duck/Shandong/11.1 10	7	9	1	14	6	7	4	7	14	0	0	19	3	1	10	10	9	6	3	6	5	4	4	10	10	15	4	8	5	21	4	11	9	20	11	16	11	10	11	23	28	23	28	35	6	21	18	8	12	16	8	15	7	18	8	7	22	31	22	32	5	22	10	
1020_A/duck/Shandong/11.1 10	7	9	1	14	6	7	4	7	14	0	0	19	3	1	10	10	9	6	3	6	5	4	4	10	10	15	4	8	5	21	4	11	9	20	11	16	11	10	11	23	28	23	28	35	6	21	18	8	12	16	8	15	7	18	8	7	22	31	22	32	5	22	10	
1021_A/duck/Shandong/Q1/2 9	7	6	1	15	7	10	4	8	15	1	0	12	1	0	10	7	8	5	2	7	5	5	5	8	11	25	5	20	5	11	3	18	11	21	9	13	8	11	12	20	27	27	35	34	5	16	11	12	9	18	6	11	9	16	9	18	24	25	18	23	3	28	15	
1022_A/duck/Shandong/SD02 13	7	9	0	11	7	8	5	6	12	0	0	21	4	1	10	9	10	8	1	7	3	3	6	6	13	18	5	12	3	17	4	15	11	19	12	13	10	11	11	22	30	26	28	34	3	17	19	14	14	18	8	10	8	16	7	12	19	30	22	27	3	21	11	
1023_A/duck/Shandong/SD02 13	7	9	0	11	7	8	5	6	12	0	0	21	4	1	10	9	10	8	1	7	3	3	6	6	13	18	5	12	3	17	4	14	11	19	12	14	10	11	11	22	30	26	27	34	3	17	19	14	14	18	8	10	8	16	7	12	19	31	22	27	3	21	11	
1024_A/Duck/Shandong/Y01/ 8	6	7	2	16	7	9	3	9	14	1	0	12	3	0	10	7	8	9	1	8	8	1	5	11	9	19	5	15	4	18	5	15	15	21	9	14	12	13	13	19	23	26	29	33	7	18	14	17	9	17	7	8	4	15	8	20	25	28	19	19	5	24	14	
1025_A/Duck/Shandong/Y02/ 8	6	7	2	16	7	9	3	8	14	1	0	13	3	0	10	7	8	9	1	8	8	1	5	11	8	19	7	15	5	18	3	15	15	20	10	14	12	13	12	20	23	26	29	33	7	18	14	17	9	17	8	8	4	16	7	19	25	28	19	19	5	24	14	
1026_A/duck/Sichuan/04.27 10	6	7	2	14	7	9	3	9	16	0	0	13	1	1	10	9	10	9	1	6	7	1	6	13	10	22	8	13	2	15	2	15	16	23	8	14	8	10	13	21	27	24	22	34	3	20	20	13	13	18	8	10	5	16	7	14	23	28	21	23	5	24	12	
1027_A/duck/Sichuan/04.27 10	6	7	2	14	7	9	3	8	15	0	0	13	2	1	10	9	10	9	1	6	7	1	6	12	10	22	7	13	2	15	2	15	15	23	8	14	9	10	13	20	27	23	21	33	3	20	20	13	13	17	8	10	5	16	7	14	23	26	20	23	5	24	13	
1028_A/duck/Sichuan/04.27 10	6	7	2	14	7	9	3	8	15	0	0	13	2	1	10	9	10	9	1	6	7	1	6	12	10	22	7	13	2	15	2	14	15	22	8	14	9	11	13	20	27	23	21	33	3	20	20	14	13	17	8	10	5	16	7	14	23	27	20	23	5	23	13	
1029_A/duck/Sichuan/04.27 10	6	7	2	14	7	9	3	9	15	0	0	13	2	1	10	9	10	9	1	6	7	1	6	13	10	22	8	13	2	15	2	15	15	23	8	14	9	10	13	21	27	24	22	34	3	20	20	13	13	18	8	10	5	16	7	14	23	28	20	23	5	24	13	
1030_A/duck/Sichuan/04.27 10	6	7	2	14	7	9	3	8	15	0	0	13	2	1	10	9	10	9	1	6	7	1	6	12	10	22	7	13	2	15	2	14	15	23	8	14	9	10	13	20	27	23	21	33	3	20	20	14	13	17	8	10	5	16	7	14	23	26	20	23	5	24	13	
1031_A/duck/Sichuan/04.27 10	6	7	2	14	7	9	3	8	16	0	0	13	1	1	10	9	10	9	1	6	7	1	6	12	10	22	7	13	2	15	2	15	16	23	8	14	8	10	13	19	27	23	21	33	3	20	20	13	13	17	8	10	5	16	7	15	23	26	21	23	5	24	12	
1032_A/duck/Sichuan/NCXJ1 10	6	7	2	14	7	9	3	9	16	0	0	13	1	1	10	9	10	9	1	6	7	1	6	13	10	22	8	13	2	15	2	15	16	23	8	14	8	10	13	21	27	24	22	34	3	20	20	13	13	18	8	10	5	16	7	14	23	28	21	23	5	24	12	
1033_A/duck/Sichuan/NCXJ2 10	6	7	2	14	7	9	3	9	15	0	0	13	2	1	10	9	10	9	1	6	7	1	6	13	10	22	8	13	2	15	2	15	15	23	8	14	9	10	13	21	27	24	22	34	3	20	20	13	13	18	8	10	5	16	7	14	23	28	20	23	5	24	13	
1034_A/duck/Sichuan/NCXN1 11	8	7	2	13	6	9	3	9	15	0	0	13	2	1	10	9	10	7	1	6	7	3	6	13	10	21	6	12	2	16	2	17	15	24	8	14	8	9	13	22	25	25	24	32	5	20	19	13	11	19	8	8	7	15	6	16	23	28	20	23	5	24	14	
1035_A/duck/Sichuan/NCXN1 11	6	7	2	13	7	9	3	9	15	0	0	13	2	1	10	9	9	7	1	6	8	3	6	13	10	21	6	12	2	16	2	17	16	24	8	14	8	9	13	21	25	25	24	33	5	20	19	13	11	19	8	8	7	15	6	16	23	28	19	23	5	24	15	
1036_A/duck/Sichuan/S1805 9	9	6	3	15	4	10	2	8	17	0	0	16	0	1	10	8	8	8	2	6	7	2	5	11	13	22	6	12	1	15	3	12	13	15	13	16	7	16	9	23	33	22	30	35	0	22	14	10	10	21	8	9	8	13	6	13	21	31	19	30	5	22	15	
1037_A/duck/Sichuan/SC482 9	9	6	3	15	4	10	2	7	17	0	0	16	0	1	10	8	8	8	2	6	7	2	5	12	13	22	7	12	1	15	3	12	13	16	13	16	7	16	9	23	33	22	29	35	0	21	14	11	10	20	8	8	8	13	6	13	21	33	20	30	5	21	14	
1038_A/duck/Sichuan/SC569 9	9	6	3	15	4	10	2	7	17	0	0	16	0	1	10	8	8	8	2	6	7	2	5	12	13	22	7	12	1	15	3	12	13	15	13	16	7	16	9	23	33	21	29	35	0	22	14	11	10	21	8	8	8	13	6	13	21	33	20	30	5	21	14	
1039_A/duck/Sichuan/SD002 9	8	6	3	15	5	10	2	7	17	0	0	16	0	1	10	8	8	8	2	6	7	2	5	12	13	22	6	12	1	15	3	12	13	15	13	15	7	16	9	23	33	22	30	35	0	22	14	10	10	21	8	10	8	13	6	13	21	31	20	30	5	22	14	
1040_A/duck/Taichung/1501 13	8	8	1	11	5	8	4	5	14	0	0	22	3	1	10	8	9	8	2	8	3	2	5	7	11	19	4	11	6	17	4	14	10	18	12	16	8	13	10	20	32	27	32	36	2	18	13	12	12	20	9	14	10	14	6	12	18	30	22	25	4	23	11	
1041_A/duck/Tainan/16WB34 10	8	12	0	14	7	4	5	8	14	0	0	15	2	1	10	7	11	9	3	9	3	1	4	9	10	14	3	13	5	22	5	13	9	18	12	14	11	13	10	23	27	25	31	35	6	19	15	12	7	14	5	12	10	20	10	11	20	27	21	27	7	26	12	
1042_A/duck/Tainan/150104 10	6	7	0	14	8	9	5	7	15	0	0	13	1	1	10	8	8	7	2	6	5	4	5	11	13	25	5	17	3	10	4	19	11	20	9	13	9	11	13	19	28	28	34	34	4	16	11	10	8	18	8	12	8	16	8	17	25	27	18	24	4	25	14	
1043_A/duck/Tainan/160100 12	8	8	1	12	5	8	4	5	15	0	0	20	2	1	10	8	9	8	2	8	4	2	5	7	11	18	3	13	5	18	5	15	9	19	12	16	9	12	10	20	30	27	32	36	3	18	13	14	11	20	10	12	11	14	6	13	19	30	20	23	4	23	12	
1044_A/duck/Taipei/05WB83 11	6	10	3	13	7	6	2	6	14	0	0	18	3	1	10	10	10	8	2	6	3	2	5	14	10	17	4	7	6	19	4	17	10	17	12	12	9	14	10	21	29	26	29	35	5	18	17	9	12	17	5	13	8	17	10	9	20	28	23	31	5	25	10	
1045_A/duck/Taipei/18WB01 14	5	10	1	10	8	6	4	5	13	0	0	20	4	1	10	7	9	7	2	8	4	3	4	6	10	19	5	15	6	17	4	13	9	18	12	15	10	13	10	20	32	25	32	35	2	17	16	14	11	17	7	9	9	17	8	12	21	31	21	29	4	22	12	
1046_A/duck/Taipei/19WB02 9	6	11	2	15	7	5	3	7	14	0	0	15	3	1	10	10	11	9	2	4	3	1	5	14	10	17	4	11	5	19	4	14	10	16	10	15	9	15	12	20	29	26	29	34	6	19	16	10	12	16	9	14	8	18	7	10	21	27	22	29	4	26	10	
1047_A/duck/Taiwan/01006/ 12	8	8	1	12	5	8	4	5	14	0	0	22	3	1	10	8	9	8	2	8	3	2	5	7	11	19	4	11	6	17	4	15	10	19	12	15	8	12	10	20	31	27	32	36	3	18	13	12	13	20	9	14	10	14	6	13	16	30	22	25	4	23	11	
1048_A/duck/Taiwan/11213/ 12	5	10	1	13	8	5	4	5	14	0	0	19	3	1	10	7	9	5	3	8	5	5	4	12	9	14	3	10	6	22	4	14	9	19	10	13	9	12	12	20	29	25	31	34	7	20	16	7	12	17	8	16	6	17	9	8	24	31	23	33	4	21	8	
1049_A/duck/Taiwan/11254/ 12	5	10	1	13	8	5	4	5	14	0	0	19	3	1	10	7	9	6	3	8	5	4	4	11	9	14	3	11	6	22	4	14	9	19	10	14	9	12	12	20	30	25	32	34	6	20	15	7	12	17	8	15	6	17	9	8	24	31	23	33	4	21	8	
1050_A/duck/Taiwan/a043/2 12	8	8	1	12	5	8	4	5	14	0	0	22	3	1	10	8	9	9	2	8	3	2	5	7	11	18	4	11	6	17	4	15	10	19	12	15	8	12	10	20	31	26	33	36	3	18	13	11	12	20	9	14	10	14	6	13	18	30	22	25	4	23	11	
1051_A/duck/Taiwan/a068/2 9	9	11	2	15	5	5	3	6	14	0	0	19	2	1	10	10	10	9	2	6	4	1	5	9	11	15	3	11	4	21	5	16	9	18	12	11	11	13	10	21	30	24	29	35	4	21	16	10	9	16	6	14	9	18	9	8	20	29	20	32	6	24	13	
1052_A/duck/Taiwan/A3400/ 9	8	11	2	15	5	5	3	6	14	0	0	19	2	1	10	10	10	9	2	6	4	1	5	9	11	15	3	11	4	21	5	16	10	18	12	11	11	13	10	21	29	24	29	35	4	21	16	10	9	16	5	14	9	18	9	8	21	29	21	32	6	24	13	
1053_A/duck/Taiwan/DV1238 12	7	12	1	12	6	4	4	5	16	0	0	20	1	1	10	8	8	5	3	7	6	5	4	12	10	16	3	9	5	20	4	14	10	16	10	12	9	15	12	21	28	26	28	36	6	18	19	7	12	16	7	17	7	18	8	11	22	32	23	29	4	21	10	
1054_A/duck/Taiwan/DV1241 12	7	12	1	12	6	4	4	5	16	0	0	20	1	1	10	8	8	5	3	7	6	5	4	12	10	16	3	9	5	20	4	14	10	16	10	12	9	15	12	21	28	26	28	36	6	18	19	7	12	16	7	17	7	18	8	11	22	32	23	29	4	21	10	
1055_A/duck/Taiwan/DV1242 12	7	12	1	12	6	4	4	5	16	0	0	20	1	1	10	8	8	5	3	7	6	5	4	12	10	16	3	9	5	20	4	14	10	16	10	12	9	15	12	21	28	26	28	36	6	18	19	7	12	16	7	17	7	18	8	11	22	32	23	29	4	21	10	
1056_A/duck/Taoyuan/16010 12	10	8	1	12	3	8	4	5	15	0	0	22	2	1	10	9	8	8	2	6	4	2	5	8	11	18	4	11	6	18	4	15	10	18	12	16	8	13	10	20	30	28	31	37	3	17	14	13	11	20	9	12	12	14	7	12	18	30	21	24	4	23	11	
1057_A/duck/Wuxi/7249/201 10	10	8	1	14	4	7	4	7	16	0	0	16	1	1	10	7	7	7	3	9	6	3	5	9	12	30	4	13	3	8	5	18	14	17	10	9	6	18	11	23	29	27	30	37	2	19	11	14	13	13	7	7	3	20	7	18	22	36	19	24	6	15	15	
1058_A/duck/Xinjiang/12.1 12	6	10	1	12	8	6	4	6	13	0	0	18	4	1	10	7	11	7	2	9	3	3	5	6	11	15	5	15	4	21	3	16	10	18	10	11	9	13	12	22	30	27	31	34	3	18	14	13	11	17	8	11	10	17	7	12	21	33	22	27	4	20	11	
1059_A/duck/Xinjiang/S106 10	8	11	0	14	5	5	5	5	14	0	0	19	3	1	10	10	7	9	1	7	6	1	5	12	11	22	1	8	5	14	5	14	11	17	12	12	12	14	10	22	26	23	30	35	3	23	18	8	10	15	7	13	9	18	8	13	22	30	20	30	4	24	13	
1060_A/duck/Xinjiang/S112 10	8	11	0	14	5	5	5	5	14	0	0	19	3	1	10	10	7	9	1	7	6	1	5	12	11	22	1	8	5	14	5	14	11	17	12	12	12	14	10	22	26	23	30	35	3	22	19	8	10	15	7	13	9	18	8	13	22	30	20	30	4	23	14	
1061_A/duck/Yilan/17A0092 12	8	7	1	12	5	9	4	6	13	0	0	21	4	1	10	8	9	8	2	8	3	3	5	8	11	19	4	9	7	16	4	15	11	19	13	15	7	12	10	20	32	26	29	36	3	20	16	13	11	20	8	12	10	14	6	12	19	30	22	25	4	22	11	
1062_A/duck/Yunlin/15A501 12	8	8	1	12	5	8	4	5	15	0	0	22	2	1	10	8	8	8	2	8	4	2	5	7	12	19	4	11	5	17	4	15	10	19	12	16	8	12	10	21	31	27	31	35	3	18	14	13	12	18	10	12	10	16	6	12	18	30	19	25	4	23	13	
1063_A/duck/Yunlin/17A008 12	8	7	1	12	5	9	4	6	13	0	0	21	4	1	10	8	9	8	2	8	3	3	5	8	11	18	4	10	6	17	4	15	11	19	13	15	7	12	10	19	32	26	30	36	3	20	15	13	11	20	8	13	10	14	6	12	19	30	22	25	4	22	11	
1064_A/duck/Yunlin/17A068 12	8	7	1	12	5	9	4	5	13	0	0	22	4	1	10	8	9	8	2	8	3	3	5	7	12	21	4	11	5	15	4	15	11	19	13	15	7	12	10	19	32	28	28	36	3	19	15	12	9	20	8	14	11	14	6	13	20	30	22	24	4	22	11	
1065_A/duck/Yunlin/18X000 10	7	6	0	14	6	10	5	6	13	0	0	15	4	1	10	9	9	8	2	6	5	2	5	9	12	22	4	16	3	14	5	13	18	20	13	15	6	13	9	21	23	28	30	37	5	17	14	16	12	16	6	9	6	16	9	18	23	26	20	19	4	27	13	
1066_A/duck/Yunlin/150102 12	8	8	1	12	5	8	4	5	14	0	0	22	3	1	10	8	9	8	2	8	3	2	5	7	11	19	4	11	6	17	4	15	10	18	12	15	8	13	10	20	32	27	32	36	2	18	13	12	12	20	9	14	10	14	6	12	18	30	22	25	4	23	11	
1067_A/duck/Yunlin/150102 10	6	7	0	14	8	9	5	7	15	0	0	13	1	1	10	7	8	7	2	7	5	4	5	11	13	25	5	17	4	9	4	19	11	20	9	13	9	11	13	19	28	28	34	34	4	16	11	10	8	18	8	12	8	16	8	18	25	27	18	23	4	25	14	
1068_A/duck/Yunlin/150103 12	8	8	1	12	5	8	4	5	14	0	0	22	3	1	10	8	9	8	2	8	3	2	5	7	11	19	4	11	6	17	4	15	10	18	12	15	8	13	10	20	32	27	31	36	2	18	14	12	12	20	9	14	10	14	6	12	18	30	22	25	4	23	11	
1069_A/duck/Yunlin/150103 12	8	8	1	12	5	8	4	5	14	0	0	22	3	1	10	8	9	8	2	8	3	2	5	7	11	18	4	11	6	18	4	15	10	19	12	15	8	12	10	20	31	27	32	36	3	18	13	12	12	20	9	14	10	14	6	12	18	30	22	25	4	23	11	
1070_A/duck/Yunlin/150103 12	8	8	1	12	5	8	4	5	14	0	0	22	3	1	10	8	9	8	2	8	3	2	5	7	11	19	4	11	6	17	4	15	10	18	12	15	8	13	10	20	32	27	32	36	2	18	13	12	12	20	9	14	10	14	6	12	18	30	22	25	4	23	11	
1071_A/duck/Yunlin/150104 10	6	7	0	14	8	9	5	8	15	0	0	12	1	1	10	7	8	7	2	7	5	4	5	11	13	25	5	17	3	10	4	19	11	20	9	13	9	11	13	19	28	28	34	34	4	16	11	10	8	18	8	12	8	16	8	18	25	27	18	23	4	25	14	
1072_A/duck/Yunlin/150700 12	8	8	1	12	5	8	4	5	15	0	0	22	2	1	10	8	8	8	2	8	4	2	5	7	11	18	4	11	6	18	4	15	10	19	12	16	8	12	10	20	31	27	32	36	3	18	13	13	11	20	10	12	11	14	6	12	18	30	20	25	4	23	12	
1073_A/duck/Yunlin/171100 12	8	7	1	12	5	9	4	5	13	0	0	22	4	1	10	8	9	8	2	8	3	3	5	7	12	18	5	11	5	17	4	13	11	18	13	17	7	12	12	19	31	28	28	37	4	18	15	13	10	20	7	13	10	15	5	13	20	30	22	24	4	21	12	
1074_A/duck/Yunlin/180600 12	8	7	1	12	5	9	4	6	13	0	0	21	4	1	10	8	9	8	2	8	3	3	5	7	12	18	5	12	5	17	4	13	10	18	13	17	8	12	12	19	31	28	28	36	5	17	15	14	10	20	7	13	10	15	5	13	20	29	23	23	4	21	12	
1075_A/duck/Yunnan/03.15_ 10	11	8	1	14	4	8	3	6	15	0	0	15	1	1	10	9	8	7	3	9	6	3	6	7	11	28	4	14	4	9	5	18	13	16	12	8	6	18	10	22	30	22	28	34	3	22	12	13	13	11	7	7	3	20	8	19	23	35	19	23	5	16	14	
1076_A/duck/Yunnan/03.16_ 10	11	8	1	14	4	8	3	6	15	0	0	15	1	1	10	9	8	7	3	9	6	3	6	7	11	28	4	14	4	9	5	18	13	16	12	8	6	18	10	22	30	22	28	34	3	22	12	13	13	11	7	7	3	20	8	19	23	35	19	23	5	16	14	
1077_A/duck/Yunnan/03.16_ 9	10	9	1	15	4	7	4	6	13	0	0	19	3	1	10	9	8	8	2	5	6	2	5	10	9	20	2	10	6	16	5	14	10	14	12	14	10	17	11	21	28	20	24	33	2	23	20	16	8	15	10	11	10	18	4	12	19	26	29	28	8	25	5	
1078_A/duck/Yunnan/03.16_ 10	11	8	1	14	4	8	3	6	15	0	0	15	1	1	10	9	8	7	3	9	6	3	6	7	11	28	4	14	4	9	5	18	13	16	12	8	6	18	10	22	30	22	28	34	3	22	12	13	13	11	7	7	3	20	8	19	23	35	19	23	5	16	14	
1079_A/duck/Yunnan/03.16_ 10	11	8	1	14	4	8	3	6	15	0	0	15	1	1	10	9	8	7	3	9	6	3	6	9	11	28	4	14	4	9	5	18	13	16	12	8	6	19	10	23	30	23	30	35	3	22	12	13	13	12	7	7	3	20	8	19	23	36	19	23	5	16	14	
1080_A/duck/Yunnan/07.15_ 10	11	8	1	14	4	8	3	7	15	0	0	15	1	1	10	7	8	6	3	9	6	4	6	9	12	28	4	14	3	9	5	20	13	16	12	8	6	18	10	22	30	24	29	36	3	22	13	13	13	12	7	7	3	20	8	16	23	36	17	25	5	16	16	
1081_A/duck/Yunnan/07.15_ 10	11	8	1	14	4	8	3	7	15	0	0	16	1	1	10	7	8	6	3	9	6	4	6	9	12	27	4	13	3	10	5	20	13	16	11	8	6	18	11	22	30	24	29	36	3	22	13	13	13	12	7	7	3	20	8	15	23	36	18	26	5	16	15	
1082_A/duck/Yunnan/07.15_ 10	12	8	1	14	3	8	3	7	15	0	0	15	1	1	10	7	8	6	3	9	6	4	6	9	12	27	4	14	3	10	5	20	13	17	11	8	6	17	11	22	30	24	29	36	3	22	13	13	13	12	7	7	3	20	8	15	23	36	18	26	5	16	15	
1083_A/duck/Yunnan/07.15_ 10	11	8	1	14	4	8	3	7	15	0	0	15	1	1	10	7	8	6	3	9	6	4	6	9	12	27	4	14	3	10	5	20	13	16	11	8	6	18	11	22	30	24	29	36	3	22	13	13	13	12	7	7	3	20	8	15	23	36	18	26	5	16	15	
1084_A/duck/Yunnan/S4318/ 9	9	6	3	15	4	10	2	6	17	0	0	16	0	1	10	8	8	8	2	6	7	2	5	12	13	22	6	13	1	15	3	12	13	15	13	16	7	16	9	23	33	22	30	35	0	22	14	10	10	20	8	9	8	14	6	13	21	31	22	30	5	22	12	
1085_A/Duck/Yunnan/YN-2/2 9	11	9	1	15	3	7	4	4	13	0	0	16	3	1	10	8	7	7	2	9	7	3	5	12	11	25	3	13	4	12	6	17	15	17	12	10	7	14	10	21	28	23	28	37	2	23	15	16	11	12	9	5	5	22	8	18	23	39	16	25	4	13	15	
1086_A/Duck/Yunnan/YN-4/2 9	9	9	1	15	4	7	4	5	12	0	0	17	5	1	10	7	8	7	1	8	6	3	5	11	12	24	4	12	3	12	6	19	15	17	14	10	7	15	8	23	28	22	29	37	2	22	16	14	11	12	8	8	5	22	8	16	23	39	18	24	4	13	14	
1087_A/Duck/Yunnan/YN-9/2 11	6	7	2	13	7	9	3	10	15	0	0	13	2	1	10	8	8	5	1	7	9	4	6	12	11	21	6	13	1	16	2	17	16	26	8	14	8	8	13	21	25	24	26	34	3	21	17	14	11	19	6	7	7	15	7	16	22	29	21	23	6	23	14	
1088_A/Duck/Zhanjiang/155 10	11	8	1	14	4	8	4	6	15	0	0	16	1	1	10	8	8	7	3	9	6	3	5	10	12	29	3	12	3	8	6	18	13	18	12	9	5	17	10	22	30	25	29	35	4	21	12	14	14	13	7	7	3	19	8	14	23	38	18	27	5	14	15	
1089_A/duck/Zhejiang/02.2 11	6	6	2	13	7	10	3	9	15	0	0	14	2	1	10	10	9	7	1	5	8	3	6	12	10	21	6	12	2	16	2	16	16	24	8	14	8	9	13	21	25	25	26	33	5	20	17	14	11	19	8	8	8	15	7	16	22	28	19	23	5	24	14	
1090_A/duck/Zhejiang/6D18 10	7	9	1	14	6	7	4	6	14	0	0	19	3	1	10	10	9	6	3	6	5	4	4	12	11	15	4	8	4	21	4	11	8	20	11	14	10	12	10	24	28	24	28	34	7	20	18	9	12	16	9	15	7	17	8	8	22	31	22	32	4	22	10	
1091_A/duck/Zhejiang/7713 14	7	8	3	10	6	8	2	5	15	0	0	16	2	1	10	9	10	9	1	6	9	2	6	12	5	19	7	15	5	16	3	15	14	21	9	14	11	10	13	23	26	25	25	34	2	20	17	12	12	21	6	7	6	13	8	15	25	30	21	25	3	23	13	
1092_A/duck/Zhejiang/7270 11	6	7	2	13	7	9	3	9	15	0	0	14	2	1	10	10	9	7	1	5	8	3	6	12	10	20	8	12	2	16	1	16	17	24	8	14	7	9	13	21	24	26	25	34	6	20	17	13	11	19	9	8	8	15	5	14	22	28	19	24	5	24	16	
1093_A/duck/Zhejiang/7271 11	6	7	2	13	7	9	3	10	15	0	0	13	2	1	10	9	9	7	1	6	8	3	6	13	10	21	7	11	2	16	2	18	16	24	8	14	8	9	13	21	25	24	23	33	5	20	20	13	11	19	8	7	7	15	7	16	23	30	18	23	5	22	15	
1094_A/duck/Zhejiang/9250 10	7	9	1	14	6	7	4	6	13	0	0	19	3	1	10	9	9	7	3	7	5	3	4	12	10	15	4	7	6	21	4	12	10	20	11	14	11	11	11	23	29	23	28	35	4	20	18	8	12	15	8	15	7	20	8	8	23	31	22	32	4	21	10	
1095_A/duck/Zhejiang/9251 10	7	9	1	14	6	7	4	6	13	0	0	19	3	1	10	11	9	7	3	6	5	3	4	12	12	15	4	8	5	20	4	12	10	20	11	14	10	12	10	23	27	24	27	35	4	20	19	8	12	15	8	15	7	20	9	8	23	31	21	32	4	21	10	
1096_A/duck/Zhejiang/1026 10	7	7	0	15	7	9	5	8	15	0	0	13	1	1	10	7	8	6	2	6	5	5	5	10	12	24	4	17	4	11	4	17	10	20	9	14	10	11	13	20	28	28	36	34	4	15	10	11	9	17	8	12	8	17	8	17	24	28	18	23	4	25	14	
1097_A/duck/Zhejiang/1220 10	8	11	0	14	5	5	5	5	13	0	0	19	4	1	10	10	8	9	1	7	5	1	5	12	12	21	1	9	5	15	5	14	11	16	13	12	12	15	9	21	25	24	30	38	3	21	18	8	10	15	7	13	10	17	8	13	22	33	18	28	4	21	15	
1098_A/duck/Zhejiang/S409 10	8	11	0	14	5	5	5	5	13	0	0	19	4	1	10	10	8	9	1	7	5	1	5	12	13	21	1	9	3	15	5	14	11	16	13	13	12	15	9	22	26	24	32	37	3	20	17	9	10	16	7	11	9	17	8	12	22	32	17	29	4	22	16	
1099_A/duck/Zhejiang/S485 8	9	7	4	16	5	9	1	7	15	0	0	15	1	1	10	8	9	6	2	6	6	4	4	14	13	24	5	12	1	12	6	12	12	16	11	16	7	15	11	23	35	24	27	34	0	20	17	9	8	18	9	11	8	16	7	13	24	33	25	27	5	20	7	
1100_A/duck/Zhejiang/W24/ 9	7	9	1	15	6	7	4	6	14	0	0	19	3	1	10	10	9	7	3	6	5	3	4	12	10	15	4	8	5	21	4	12	9	20	11	14	10	12	10	21	28	23	28	35	6	20	19	8	12	16	8	16	7	18	8	9	22	31	22	32	4	22	10	
1101_A/egret/Jiangsu/SD02 13	7	9	0	11	7	8	5	6	13	0	0	21	4	1	10	8	10	8	1	8	3	3	6	6	13	18	4	12	2	17	4	13	10	19	12	14	9	11	11	23	30	27	28	35	4	16	19	14	14	18	8	10	9	15	7	11	19	31	22	27	3	22	11	
1102_A/Egret/Shangdong/JN 7	9	6	4	17	5	10	1	8	15	0	0	14	1	1	10	8	9	6	2	6	5	4	5	13	14	24	5	13	1	10	5	13	11	18	10	17	8	14	12	22	32	27	31	34	0	20	13	9	8	20	9	11	7	14	9	11	24	31	25	29	5	22	6	
1103_A/environment/Hunan/ 11	6	7	2	13	7	9	3	9	15	0	0	13	2	1	10	9	9	7	2	7	7	3	5	13	10	24	6	12	2	13	2	17	15	23	8	14	9	10	13	22	25	27	22	32	5	19	19	14	11	19	8	8	6	15	7	19	22	29	19	21	5	23	15	
1104_A/Environment/Shando 7	9	5	4	17	5	11	1	8	14	0	0	14	2	1	10	8	9	6	2	6	5	4	4	13	14	24	6	13	1	10	5	14	11	18	10	16	8	14	12	22	32	27	31	34	0	20	13	9	8	20	9	11	8	14	8	11	24	30	25	29	5	23	6	
1105_A/Environment/Shando 8	8	5	4	17	5	11	1	9	14	0	0	14	2	1	10	8	9	6	2	6	5	4	5	12	13	24	5	13	1	10	5	13	10	19	10	17	8	14	12	21	32	27	31	34	0	20	13	10	8	20	9	10	8	14	8	12	25	31	25	29	5	22	6	
1106_A/Environment/Shando 7	9	6	4	17	5	10	1	8	14	0	0	14	2	1	10	8	9	7	2	6	5	4	5	13	14	23	5	13	1	10	5	13	11	18	10	17	8	14	12	22	32	27	31	34	0	20	13	9	8	20	9	11	8	14	8	11	24	31	25	29	5	22	6	
1107_A/equine/China/61/20 9	6	6	2	15	7	10	3	9	15	0	0	11	2	1	10	7	7	9	1	8	8	1	6	10	8	22	4	16	6	15	4	14	14	20	8	15	10	12	14	20	24	27	27	34	7	17	17	15	13	16	7	9	5	17	8	19	24	25	22	20	3	28	11	
1108_A/equine/China/67/20 9	6	6	2	15	7	10	3	9	14	0	0	11	3	1	10	7	7	9	1	8	8	1	6	10	8	22	4	16	6	15	4	14	14	20	8	15	10	12	14	20	24	27	27	34	7	17	17	15	13	16	7	9	5	17	8	18	24	25	22	21	3	28	11	
1109_A/equine/China/68/20 8	7	7	2	16	6	9	3	8	16	0	0	11	2	1	10	7	6	9	2	8	9	1	5	11	9	24	3	16	5	13	5	14	16	19	9	15	8	13	13	18	23	28	29	35	8	17	14	16	12	17	7	8	6	16	8	19	23	25	21	21	3	28	12	
1110_A/eurasian_eagle-owl 13	7	9	0	11	7	8	5	6	12	0	0	21	4	1	10	8	10	8	1	8	3	3	6	6	13	18	4	12	3	17	4	13	11	19	12	14	9	11	11	22	30	26	28	35	3	17	19	14	14	18	8	10	9	15	7	12	19	31	21	27	3	22	12	
1111_A/Eurasian_Teal/Hong 8	8	11	1	16	6	5	4	7	14	0	0	16	1	1	10	8	12	10	1	8	3	1	5	13	11	14	4	10	3	22	6	14	9	17	13	14	14	13	9	23	26	21	31	35	3	22	15	9	9	14	7	13	9	19	9	15	20	25	28	25	7	28	5	
1112_A/Eurasian_Teal/Hong 8	8	10	1	16	6	6	4	6	14	0	0	17	1	1	10	9	12	10	1	7	3	1	5	13	11	14	2	10	3	22	7	15	9	16	13	13	14	14	9	22	25	21	32	35	3	22	15	9	9	14	7	14	9	19	9	16	22	25	27	24	6	28	6	
1113_A/Eurasian_Wigeon/Ho 8	8	10	1	16	6	6	4	6	14	0	0	17	1	1	10	9	12	10	1	7	3	1	5	13	11	14	2	10	3	22	7	15	9	16	13	13	14	14	9	21	25	21	32	36	3	22	15	9	9	14	7	14	9	19	9	16	22	25	27	24	6	28	6	
1114_A/Eurasian_Wigeon/Ho 8	8	10	1	16	6	6	4	6	14	0	0	17	1	1	10	9	12	10	1	7	3	1	5	13	11	14	2	10	3	22	7	15	9	16	13	13	14	14	9	21	25	21	32	36	3	22	15	9	9	14	7	14	9	19	9	16	22	25	27	24	6	28	6	
1115_A/Falcated_Duck/Ning 11	6	8	2	13	7	8	3	10	14	0	0	14	3	1	10	9	9	6	2	6	7	3	6	12	11	22	7	11	2	15	2	17	16	23	8	14	8	10	13	21	25	25	25	33	5	20	17	13	11	19	8	8	7	15	7	16	23	29	17	23	5	23	16	
1116_A/Falco_peregrinus/B 13	7	9	1	11	7	7	4	6	13	0	0	19	3	1	10	7	11	6	2	10	3	4	5	6	11	18	4	13	4	18	4	14	10	17	12	13	9	13	11	21	30	24	33	36	4	19	14	12	11	16	7	9	10	19	7	13	22	31	24	28	2	22	10	
1117_A/feline/Guangdong/2 10	11	8	1	14	4	8	4	6	15	0	0	15	1	1	10	8	8	7	3	9	6	3	5	10	12	28	3	13	3	9	6	19	12	17	12	8	6	18	10	22	30	24	30	36	3	21	12	12	14	12	7	8	3	20	8	16	23	37	18	26	5	15	15	
1118_A/Fujian/1/2005|EPI_ 10	6	7	3	14	8	9	2	7	13	0	0	12	3	1	10	8	8	8	2	7	7	2	5	13	10	22	5	14	4	14	5	13	14	17	11	16	6	16	11	19	28	26	26	36	3	21	16	17	11	20	5	6	8	12	10	15	23	30	20	25	5	22	13	
1119_A/Fujian/1/2007|EPI_ 9	6	6	2	15	7	10	3	9	15	0	0	11	3	1	10	7	7	9	1	8	8	1	6	10	9	22	4	16	5	15	5	14	14	18	8	15	10	14	14	20	23	27	29	35	7	17	14	15	12	18	7	9	5	16	8	19	24	25	22	20	3	27	11	
1120_A/Fujian/1/2024(H5N6 13	7	11	0	11	6	7	5	6	12	0	0	22	5	1	10	9	10	7	1	8	3	3	6	6	13	20	4	10	3	15	4	12	10	20	13	14	9	10	10	24	30	26	29	35	3	17	18	15	16	18	8	9	7	15	7	14	18	32	23	25	4	21	10	
1121_A/Fujian/2/2024(H5N6 13	7	11	0	11	6	7	5	6	12	0	0	22	5	1	10	9	10	7	1	8	3	3	6	6	13	21	4	10	3	14	4	12	10	21	13	14	9	9	10	25	30	26	29	35	3	17	18	15	16	18	8	9	7	15	7	13	18	31	22	25	4	22	11	
1122_A/Fujian-Sanyuan/210 14	7	8	1	11	5	8	4	5	14	0	0	13	5	1	10	12	12	9	2	8	3	1	3	10	14	19	4	11	0	17	5	20	12	24	8	12	9	10	13	22	24	25	32	36	6	19	16	11	11	17	7	9	12	15	7	13	17	29	26	27	4	23	8	
1123_A/Fujian-Sanyuan/210 11	6	10	0	13	9	6	5	7	13	0	0	18	4	1	10	7	11	7	2	9	3	3	5	6	11	16	5	14	4	20	4	15	11	18	11	12	9	13	11	20	29	26	29	35	4	19	15	13	13	16	8	12	8	18	7	12	19	31	22	27	4	22	11	
1124_A/Gadwall/Ningxia/47 11	6	8	2	13	7	8	3	10	15	0	0	14	2	1	10	9	9	6	2	6	8	3	6	12	10	22	7	11	2	15	2	17	17	22	8	14	8	11	13	21	25	25	24	33	4	20	18	13	11	19	8	8	7	15	7	16	23	29	17	23	5	23	16	
1125_A/Gallinago_Stenura/ 8	8	10	1	16	6	6	4	6	14	0	0	17	1	1	10	9	12	10	1	7	3	1	5	13	11	14	2	10	3	22	7	15	9	16	13	13	14	14	9	21	25	21	32	36	3	22	15	9	9	14	7	14	9	19	9	16	22	25	27	24	6	28	6	
1126_A/Gallinula_chloropu 11	6	7	2	13	7	9	3	9	15	0	0	13	2	1	10	9	8	7	1	6	9	3	6	13	10	22	7	12	2	15	2	18	16	24	8	13	8	9	13	21	25	24	25	33	5	21	17	13	12	19	8	8	7	15	7	16	22	28	19	23	5	24	14	
1127_A/Goose/_Guangdong_/ 11	6	7	2	13	7	9	3	9	15	0	0	13	2	1	10	9	9	7	1	6	8	3	6	13	10	21	7	12	2	16	2	17	16	24	8	14	8	9	13	21	25	24	24	33	5	21	18	14	11	19	8	7	7	15	7	16	23	29	18	23	5	23	15	
1128_A/Goose/_Guangdong_/ 10	7	7	2	14	7	9	3	9	15	0	0	13	1	1	10	9	9	7	1	6	8	3	6	13	9	21	7	12	3	16	2	17	16	22	8	14	8	11	13	21	25	24	24	33	5	21	18	14	11	19	8	7	7	15	7	16	24	29	18	23	4	23	15	
1129_A/Goose/_Guangdong_/ 11	6	7	2	13	7	9	3	9	15	0	0	13	2	1	10	9	9	7	1	6	8	3	6	13	10	21	7	11	2	16	2	17	16	24	8	14	8	9	13	23	22	24	25	34	6	21	17	13	11	19	8	8	7	15	7	15	23	29	18	24	5	23	15	
1130_A/goose/Anhui/AH350/ 10	11	7	1	14	4	9	4	6	15	0	0	15	1	1	10	8	8	7	3	9	5	4	5	10	12	28	3	13	3	9	6	19	11	18	12	8	7	17	10	22	31	22	30	36	3	22	12	13	13	12	6	7	4	20	8	17	23	36	19	25	5	16	15	
1131_A/goose/Changhua/150 13	8	8	1	11	5	8	4	5	14	0	0	22	3	1	10	8	9	8	2	8	3	2	5	7	11	19	4	11	6	17	4	15	10	18	12	15	8	13	10	19	34	27	32	36	2	18	13	11	12	20	9	15	10	14	6	11	17	30	22	26	4	23	11	
1132_A/goose/Chiayi/15010 12	8	8	1	12	5	8	4	6	14	0	0	21	3	1	10	8	9	8	2	8	3	2	5	7	11	19	4	11	6	17	4	15	10	19	12	15	8	12	10	20	31	28	33	36	3	17	12	12	12	20	9	13	10	14	6	13	18	30	22	25	4	23	11	
1133_A/goose/Chiayi/15010 12	8	8	1	12	5	8	4	5	13	0	0	22	4	1	10	8	9	8	2	8	3	2	5	7	11	19	4	11	6	17	4	15	10	19	12	15	8	12	10	20	31	27	32	36	3	18	13	12	12	20	9	14	10	14	6	12	18	30	22	25	4	23	11	
1134_A/goose/Chiayi/15020 10	6	7	0	14	8	9	5	7	15	0	0	13	1	1	10	8	8	7	2	6	5	4	5	11	13	25	5	17	3	10	4	18	11	20	9	14	9	11	13	19	28	28	34	34	4	16	11	10	8	18	8	12	8	16	8	18	25	27	18	23	4	25	14	
1135_A/goose/Chiayi/16010 12	8	8	1	12	5	8	4	5	15	0	0	20	2	1	10	8	9	8	2	8	4	2	5	7	11	18	3	13	5	18	5	15	9	19	11	17	9	12	11	19	30	27	32	36	3	18	13	14	11	20	10	12	11	14	6	13	19	30	20	23	4	23	12	
1136_A/goose/Chiayi/16040 11	8	8	1	13	5	8	4	5	15	0	0	22	2	1	10	8	8	8	2	8	4	2	5	8	11	19	3	11	6	18	4	16	10	20	12	16	8	11	10	20	31	28	31	35	2	18	14	13	11	20	10	11	11	14	6	12	19	28	20	25	4	24	12	
1137_A/goose/Chiayi/16040 11	8	8	1	13	5	8	4	5	15	0	0	22	2	1	10	8	8	8	2	8	4	2	5	8	11	19	3	11	6	18	4	16	10	20	12	16	8	11	10	20	31	28	31	35	2	18	14	13	11	20	10	11	11	14	6	12	19	28	20	25	4	24	12	
1138_A/goose/Chiayi/17020 12	8	7	1	12	5	9	4	5	12	0	0	22	5	1	10	8	9	8	2	8	3	3	5	7	12	19	4	11	5	16	4	15	10	19	13	15	7	12	10	19	32	28	29	36	3	19	15	13	11	19	8	14	10	14	6	12	20	30	22	25	4	22	11	
1139_A/goose/Chiayi/17040 10	7	8	1	14	5	8	4	6	14	0	0	22	3	1	10	9	9	8	2	8	3	2	4	8	11	18	5	9	6	18	4	16	10	19	12	15	8	12	10	21	30	28	32	36	3	17	13	12	14	22	9	12	10	13	6	10	18	30	21	26	4	22	12	
1140_A/goose/Chiayi/18010 11	8	7	1	13	5	9	4	5	13	0	0	22	4	1	10	8	9	8	2	8	3	3	5	7	12	18	5	11	5	17	4	13	11	19	13	17	7	12	12	19	31	28	29	37	4	18	14	13	10	19	7	13	10	15	5	13	20	30	22	24	4	21	12	
1141_A/goose/Chiayi/18020 12	8	7	1	12	5	9	4	5	13	0	0	23	4	1	10	8	9	8	2	8	3	3	5	7	12	18	6	11	5	17	4	12	11	18	13	17	7	14	10	19	31	28	26	36	4	18	16	12	10	20	7	15	10	14	6	13	20	30	22	24	4	21	12	
1142_A/goose/China/1/2021 13	7	9	0	12	7	8	5	6	13	0	0	22	4	1	10	8	10	8	1	8	3	3	6	6	12	18	4	12	3	17	4	13	11	19	13	13	9	11	11	22	30	26	28	34	3	17	18	13	14	19	8	10	9	14	7	14	18	31	22	27	3	22	11	
1143_A/goose/China/0701/2 10	11	8	2	14	5	8	3	9	14	0	0	13	1	1	10	7	7	7	3	9	7	3	5	9	12	28	4	14	3	9	5	18	13	16	12	8	5	17	10	23	30	24	29	36	3	22	13	14	12	12	7	7	5	22	7	16	22	32	20	25	6	19	14	
1144_A/goose/China/1106/2 10	7	7	0	14	7	9	5	7	15	0	0	13	1	1	10	7	8	6	2	7	5	5	5	10	12	24	4	19	4	10	4	18	9	20	9	14	10	11	12	20	29	26	37	35	4	17	9	11	9	18	8	11	7	16	8	17	25	26	20	23	4	26	13	
1145_A/goose/China/E43/20 10	6	7	2	15	8	9	3	8	15	0	0	13	2	1	10	9	9	9	1	5	8	1	6	12	10	22	3	14	2	16	4	17	15	23	9	13	10	11	12	22	25	23	25	32	6	20	20	13	12	19	8	10	3	14	7	15	24	28	18	23	4	24	15	
1146_A/goose/Chongqing/SD 11	9	6	3	13	4	10	2	7	16	0	0	16	1	1	10	8	8	9	2	6	7	1	5	13	13	22	6	11	1	15	3	12	13	15	13	16	7	16	9	22	33	22	30	35	0	22	14	10	10	21	8	8	9	13	6	14	21	30	20	30	5	23	14	
1147_A/goose/Eastern_Chin 10	7	9	1	14	6	7	4	6	14	0	0	19	3	1	10	10	9	7	3	6	5	3	4	12	10	15	4	8	5	21	4	12	9	20	11	14	10	12	10	22	28	24	28	35	6	19	19	8	12	16	8	16	7	18	8	8	22	31	22	32	4	22	10	
1148_A/goose/Eastern_Chin 9	7	6	1	15	7	10	4	8	15	0	0	13	1	1	10	6	8	5	2	7	5	5	5	8	11	25	5	19	5	11	3	19	12	21	9	13	8	11	12	20	27	27	35	34	5	16	10	12	8	18	6	11	9	16	9	16	24	25	20	25	3	28	14	
1149_A/goose/Eastern_Chin 10	7	9	0	14	6	7	5	7	13	0	0	15	4	1	10	12	11	8	2	3	3	2	5	11	9	20	3	13	6	16	4	16	9	23	14	13	8	9	7	22	30	23	29	36	5	19	19	9	8	11	9	11	10	23	6	13	22	31	24	28	5	22	10	
1150_A/goose/Eastern_Chin 10	7	9	1	14	6	7	4	6	14	0	0	18	3	1	10	10	9	6	3	6	5	4	4	13	11	14	4	8	4	22	4	12	8	20	13	14	10	12	8	23	28	23	27	34	7	21	18	10	13	16	8	14	7	17	9	11	21	32	22	29	4	21	11	
1151_A/goose/Eastern_Chin 11	6	7	2	13	7	9	3	8	15	0	0	13	2	1	10	9	9	7	1	6	8	3	6	14	10	21	6	12	2	16	2	16	16	25	8	15	8	8	13	21	25	25	26	33	5	19	17	13	11	18	8	8	8	15	7	16	23	30	19	23	4	23	15	
1152_A/goose/Fujian/3.15_ 10	12	8	1	14	4	8	4	8	14	0	0	14	1	1	10	7	7	7	3	9	7	3	5	9	12	29	3	14	3	8	6	19	14	16	12	8	5	18	10	22	30	21	30	36	3	23	13	13	11	13	7	7	4	20	7	19	22	35	21	23	7	17	13	
1153_A/goose/Fujian/3.15_ 10	12	8	1	14	4	8	4	8	14	0	0	14	1	1	10	7	7	7	3	9	7	3	5	9	12	29	3	14	3	8	6	19	14	16	12	8	5	18	10	22	30	21	30	36	3	23	13	13	11	13	7	7	4	20	7	18	22	35	21	24	7	17	13	
1154_A/goose/Fujian/3.15_ 10	12	8	1	14	4	8	4	8	15	0	0	14	0	1	10	7	7	7	3	9	7	3	6	9	13	28	4	14	2	9	4	18	13	16	12	9	7	18	10	22	29	24	31	36	3	20	12	14	11	13	7	7	3	20	7	17	22	33	20	24	8	19	14	
1155_A/goose/Fujian/3.15_ 10	12	9	1	14	4	7	4	8	14	0	0	14	1	1	10	7	7	7	3	9	7	3	5	9	12	29	3	14	3	8	6	19	12	16	12	8	7	18	10	22	30	23	30	36	3	21	13	13	12	13	7	7	3	20	7	17	22	35	20	25	7	17	14	
1156_A/goose/Fujian/3.15_ 11	12	8	1	13	4	8	4	8	15	0	0	14	1	1	10	7	7	7	3	9	7	3	6	6	13	29	4	14	2	8	4	19	13	16	12	8	7	17	10	22	29	22	29	35	3	20	13	14	11	13	7	7	3	19	7	17	22	33	20	24	7	18	14	
1157_A/goose/Fujian/10.11 10	12	9	1	14	3	7	4	9	15	0	0	12	1	1	10	9	8	7	3	10	6	3	5	9	13	28	4	14	2	9	5	19	13	15	12	7	6	18	11	22	30	24	30	35	3	21	12	13	13	12	7	6	4	21	8	17	25	37	19	26	2	15	14	
1158_A/goose/Fujian/10.26 10	11	7	1	14	4	9	4	5	16	0	0	15	1	1	10	8	7	6	3	9	7	4	5	11	12	27	2	13	2	10	7	18	13	15	12	7	6	18	11	22	29	24	31	36	3	21	11	15	15	14	7	7	3	19	8	16	24	36	20	26	3	16	13	
1159_A/goose/Fujian/10.26 10	11	7	1	14	4	9	4	5	16	0	0	15	1	1	10	8	7	6	3	9	7	4	5	11	12	27	2	13	2	10	7	18	13	15	12	7	6	18	11	22	30	23	31	36	3	21	11	15	15	14	7	7	3	19	8	16	23	37	20	26	3	16	13	
1160_A/goose/Fujian/10.26 10	11	7	1	14	4	9	4	5	16	0	0	15	1	1	10	8	7	6	3	9	7	4	5	11	12	27	2	13	2	10	7	18	13	15	12	7	6	18	11	22	29	24	31	36	3	21	11	15	15	14	7	7	3	19	8	16	24	36	20	26	3	16	13	
1161_A/goose/Fujian/10.26 10	11	7	1	14	4	9	4	5	16	0	0	15	1	1	10	8	7	6	3	9	7	4	5	11	12	27	2	13	2	10	7	18	13	15	12	7	6	18	11	22	29	24	31	36	3	21	11	15	15	14	7	7	3	19	8	16	24	36	20	26	3	16	13	
1162_A/goose/Fujian/10.26 10	11	7	1	14	4	9	4	5	16	0	0	15	1	1	10	8	7	6	3	9	7	4	5	11	12	27	2	13	2	10	7	18	13	15	12	7	6	18	11	22	29	24	31	36	3	21	11	15	15	14	7	7	3	19	8	16	24	36	20	26	3	16	13	
1163_A/goose/Fujian/10.26 10	11	7	1	14	4	9	4	5	16	0	0	15	1	1	10	8	7	6	3	9	7	4	5	11	12	27	2	13	2	10	7	18	13	15	12	7	6	18	11	22	29	24	31	36	3	21	11	15	15	14	7	7	3	19	8	16	24	36	20	26	3	16	13	
1164_A/goose/Fujian/10.26 10	11	7	1	14	4	9	4	5	16	0	0	15	1	1	10	8	7	6	3	9	7	4	5	11	12	27	2	13	2	10	7	18	13	15	12	7	6	18	11	22	29	24	31	36	3	21	11	15	15	14	7	7	3	19	8	16	24	36	20	26	3	16	13	
1165_A/goose/Fujian/10.26 10	11	7	1	14	4	9	4	5	16	0	0	15	1	1	10	8	7	6	3	9	7	4	5	11	12	27	2	13	2	10	7	18	13	15	12	7	6	18	11	22	29	24	31	36	3	21	11	15	15	14	7	7	3	19	8	16	24	36	20	26	3	16	13	
1166_A/goose/Fujian/10.26 10	11	7	1	14	4	9	4	5	16	0	0	15	1	1	10	8	7	6	3	9	7	4	5	11	12	27	2	13	2	10	7	18	13	15	12	7	6	18	11	22	29	24	31	36	3	21	11	15	15	14	7	7	3	19	8	16	24	36	20	26	3	16	13	
1167_A/goose/Fujian/11.3_ 10	12	9	1	14	3	7	4	9	15	0	0	12	1	1	10	9	8	7	3	10	6	3	5	9	13	27	4	14	2	10	5	19	13	15	12	7	6	18	11	22	30	24	30	35	3	21	12	13	13	12	7	6	4	21	8	17	25	36	19	26	2	16	14	
1168_A/goose/Guangdong/03 10	11	8	1	14	4	8	4	6	15	0	0	15	1	1	10	8	8	7	3	9	6	3	6	9	12	27	4	14	3	10	5	19	13	16	12	8	6	18	10	22	30	25	31	36	3	21	10	13	13	12	7	7	3	21	7	17	23	36	20	25	5	15	14	
1169_A/goose/Guangdong/04 10	11	8	1	14	4	8	4	6	15	0	0	16	1	1	10	7	8	7	3	10	6	3	5	10	12	28	3	12	3	9	6	19	13	18	12	8	5	17	10	22	30	24	30	36	3	21	12	14	14	13	7	7	3	19	8	14	23	38	18	27	5	14	15	
1170_A/goose/Guangdong/04 11	6	7	2	13	7	9	3	9	15	0	0	13	2	1	10	9	9	7	1	6	8	3	6	11	10	22	6	12	2	15	2	18	15	24	8	13	8	9	12	19	25	23	24	33	5	20	19	13	12	18	8	7	8	15	7	18	21	26	17	22	6	24	16	
1171_A/goose/Guangdong/04 12	6	7	2	12	7	9	3	8	15	0	0	13	2	1	10	9	9	7	1	6	8	3	6	12	10	22	6	12	2	15	2	18	15	24	8	13	8	9	12	19	25	23	24	33	5	20	19	13	12	18	8	7	8	15	7	18	21	26	17	22	6	24	16	
1172_A/goose/Guangdong/04 11	6	7	2	13	7	9	3	8	15	0	0	13	2	1	10	9	9	7	1	6	8	3	6	12	10	22	6	12	2	15	2	18	15	24	8	13	8	9	12	19	25	23	24	33	5	20	19	13	12	18	8	7	8	15	7	18	21	26	17	22	6	24	16	
1173_A/goose/Guangdong/04 10	11	8	1	14	4	8	4	6	15	0	0	16	1	1	10	8	8	6	3	9	6	4	5	10	12	28	3	12	3	9	6	19	13	18	12	8	5	17	10	22	30	24	30	36	3	21	12	14	14	13	7	7	3	19	8	14	23	38	18	27	5	14	15	
1174_A/goose/Guangdong/04 10	11	8	1	14	4	8	4	6	15	0	0	16	1	1	10	8	8	6	3	9	6	4	5	10	12	28	3	12	3	9	6	19	13	18	12	8	5	17	10	22	30	24	30	36	3	21	12	14	14	13	7	7	3	19	8	14	23	38	18	27	5	14	15	
1175_A/goose/Guangdong/04 10	11	8	1	14	4	8	3	6	15	0	0	15	1	1	10	8	8	7	3	9	7	3	6	9	12	28	4	14	3	9	5	19	13	16	12	8	5	17	11	22	30	24	30	36	3	21	12	13	13	13	7	7	3	20	8	17	23	36	18	25	5	16	15	
1176_A/goose/Guangdong/04 10	11	8	1	14	4	8	4	6	15	0	0	14	1	1	10	9	8	7	3	8	6	3	5	10	12	28	3	14	3	9	6	18	12	17	12	9	6	18	10	21	30	24	28	36	3	21	14	13	14	12	7	7	3	20	8	17	23	37	19	26	5	14	15	
1177_A/goose/Guangdong/7. 10	12	8	1	14	4	8	4	9	14	0	0	13	1	1	10	7	7	7	3	9	7	3	5	9	12	28	4	14	3	9	5	18	13	15	12	9	6	19	10	23	30	24	28	36	3	22	14	13	12	14	7	7	4	19	7	16	22	34	20	25	6	17	14	
1178_A/goose/Guangdong/k0 11	8	7	1	13	6	9	4	8	15	0	0	18	1	1	10	9	7	7	2	6	6	3	5	7	11	25	5	14	5	10	4	16	10	19	9	15	10	13	12	20	26	27	32	34	4	18	12	13	12	18	5	9	6	16	9	17	24	26	22	24	5	27	12	
1179_A/Goose/Guangdong/PO 10	12	8	1	14	4	8	4	8	14	0	0	14	1	1	10	7	7	7	3	9	7	3	5	8	12	28	4	15	3	9	5	19	13	17	12	8	6	17	10	22	30	24	31	36	3	19	13	13	13	13	7	7	2	20	8	17	22	35	19	25	7	17	14	
1180_A/goose/Guangdong/QY 10	11	8	1	14	4	8	4	8	15	0	0	14	1	1	10	7	8	7	3	9	6	3	5	8	12	29	5	15	3	8	6	18	13	16	12	9	6	16	11	22	32	23	28	36	2	22	12	13	13	13	8	7	3	20	6	17	22	37	19	25	6	15	15	
1181_A/goose/Guangdong/S2 11	11	7	2	13	4	8	4	8	14	0	0	14	2	1	10	6	7	7	3	10	7	2	5	9	12	29	5	14	3	9	3	20	11	16	11	8	7	18	11	22	29	22	28	36	3	22	16	13	11	13	7	7	4	20	7	18	24	36	20	25	5	16	14	
1182_A/goose/Guangdong/S4 13	7	9	0	11	7	8	5	6	12	0	0	21	4	1	10	8	10	8	1	8	3	3	6	6	13	18	4	13	3	17	4	13	10	20	12	15	9	10	11	22	30	27	29	34	3	16	18	13	15	18	9	11	8	15	6	12	18	30	22	27	4	23	11	
1183_A/goose/Guangdong/s1 9	7	6	1	15	7	10	4	9	15	0	0	12	1	1	10	7	8	5	1	7	5	5	6	8	12	25	5	19	4	11	3	19	12	21	10	13	8	11	12	20	27	28	34	33	4	16	11	12	8	17	6	11	9	16	8	18	23	24	18	25	3	29	16	
1184_A/goose/Guangdong/SH 11	6	7	2	13	7	9	3	10	15	0	0	13	2	1	10	9	9	7	1	6	8	3	6	12	10	22	7	12	2	15	2	17	16	24	8	13	8	9	13	21	25	24	25	33	5	21	17	13	11	19	8	9	7	15	7	16	23	28	19	23	5	24	14	
1185_A/goose/Guangdong/YJ 11	6	7	2	13	7	9	3	8	15	0	0	13	2	1	10	10	9	7	1	6	8	3	6	13	10	21	7	12	2	16	2	17	16	24	8	14	8	9	13	21	25	24	23	34	5	20	20	14	11	18	8	7	7	16	7	16	23	27	19	22	5	23	16	
1186_A/goose/Guangxi/S206 13	7	9	0	11	7	8	5	7	12	0	0	21	4	1	10	9	10	8	1	7	3	3	6	5	13	18	4	12	3	17	4	14	11	19	12	13	9	11	11	22	30	26	27	35	3	17	20	14	14	18	8	10	9	15	7	12	19	31	22	27	3	22	11	
1187_A/goose/Guizhou/S154 11	9	8	0	13	4	8	5	6	13	0	0	19	4	1	10	9	9	6	2	8	5	4	5	6	8	19	3	13	7	17	5	16	9	16	13	12	9	14	10	21	30	27	34	35	5	17	12	13	11	14	7	13	8	20	8	11	22	30	23	26	4	22	11	
1188_A/goose/Henan/01.01_ 10	10	8	1	14	5	8	4	5	15	0	0	17	1	1	10	8	7	8	2	9	6	3	6	10	12	28	3	12	3	9	6	20	13	17	12	8	5	17	11	22	29	25	29	36	3	20	13	12	14	13	6	7	3	19	10	15	24	36	18	27	5	16	14	
1189_A/goose/Henan/S1315/ 13	7	9	0	11	7	8	5	6	13	0	0	22	4	1	10	8	10	8	1	8	3	3	6	6	12	18	4	11	3	17	4	13	11	19	12	14	9	11	11	22	29	26	27	35	4	17	20	14	14	18	9	10	9	15	6	12	19	31	23	27	3	22	10	
1190_A/goose/Hubei/113/20 11	6	7	2	13	7	9	3	9	15	0	0	13	2	1	10	9	9	7	2	7	7	3	5	13	10	24	7	12	2	13	2	17	15	23	8	14	9	10	13	22	25	26	22	32	5	20	19	14	11	19	8	8	6	15	7	19	22	30	18	21	5	22	15	
1191_A/goose/HuBei/117/20 11	6	7	2	13	7	9	3	9	15	0	0	13	2	1	10	9	9	7	1	6	8	3	6	13	10	24	7	12	2	13	2	18	16	22	8	14	8	10	13	21	24	26	23	33	5	20	18	14	11	19	8	8	6	14	7	16	24	30	18	23	5	23	15	
1192_A/goose/Hunan/81/201 11	6	7	2	13	7	9	3	9	15	0	0	11	2	1	10	8	9	7	1	7	8	3	6	13	10	21	7	14	2	16	2	17	16	25	7	15	8	8	14	21	24	25	25	33	6	20	17	13	11	19	7	7	7	15	8	16	23	29	19	23	5	23	14	
1193_A/goose/Hunan/82/201 11	6	7	2	13	7	9	3	9	15	0	0	12	2	1	10	9	9	7	1	7	8	3	6	13	11	21	7	14	2	15	2	16	16	25	7	15	8	8	14	22	23	24	25	33	5	20	18	13	11	19	7	7	7	15	8	16	23	29	19	23	5	23	14	
1194_A/goose/Hunan/107/20 11	6	7	2	13	7	9	3	9	15	0	0	13	2	1	10	9	9	7	2	7	7	3	5	13	10	25	6	12	2	13	2	17	15	24	8	14	9	10	13	22	25	26	22	32	5	20	19	14	11	18	8	8	6	15	7	20	22	30	18	21	5	21	15	
1195_A/goose/Hunan/109/20 11	6	7	2	13	7	9	3	9	15	0	0	13	2	1	10	9	9	7	2	7	7	3	5	13	10	24	7	12	2	13	2	17	15	23	8	14	9	10	13	22	25	26	23	32	5	20	18	14	11	19	8	8	6	15	7	19	22	30	18	21	5	22	15	
1196_A/goose/Hunan/110/20 11	6	7	2	13	7	9	3	9	15	0	0	13	2	1	10	9	9	7	2	7	7	3	5	13	10	24	7	12	2	13	2	17	15	24	8	14	9	9	13	22	25	26	22	32	5	20	19	14	11	19	8	8	6	15	7	19	22	31	18	21	5	21	15	
1197_A/goose/Hunan/111/20 14	6	7	2	13	7	9	3	9	15	0	0	13	2	1	9	10	8	7	2	7	8	3	4	13	11	26	5	12	3	13	2	17	15	24	7	14	9	11	13	21	26	29	21	34	4	21	19	11	10	17	7	8	6	14	8	19	21	31	16	20	5	21	17	
1198_A/goose/Hunan/115/20 11	6	7	2	13	7	8	4	9	15	0	0	12	2	1	10	10	10	7	1	6	7	2	6	12	10	23	7	13	2	14	2	17	14	24	8	14	11	9	13	21	23	27	22	33	5	20	19	14	11	19	8	7	6	14	7	18	23	32	18	23	5	21	15	
1199_A/goose/Hunan/116/20 11	6	7	2	13	7	9	3	9	15	0	0	13	2	1	10	9	9	7	2	7	7	3	5	13	10	24	7	12	2	13	2	17	15	24	7	14	9	10	13	22	25	26	22	32	5	20	19	14	11	19	8	8	6	15	7	19	22	29	19	21	5	22	15	
1200_A/goose/Hunan/155/20 11	6	7	2	13	7	9	3	9	15	0	0	11	2	1	10	8	9	7	1	6	8	3	6	13	10	21	7	15	2	16	2	17	16	25	7	15	8	8	14	21	24	25	25	33	6	20	17	13	11	19	7	8	7	15	7	16	23	29	19	23	5	23	14	
1201_A/goose/Hunan/159/20 11	6	7	2	13	7	9	3	9	15	0	0	12	2	1	10	8	9	7	1	7	8	3	6	13	10	21	7	13	2	16	2	17	16	25	7	15	8	8	14	21	24	25	25	33	6	20	17	13	11	18	7	7	7	16	8	16	23	30	18	23	5	22	15	
1202_A/goose/Hunan/160/20 11	6	7	2	13	7	9	3	9	15	0	0	11	2	1	10	8	9	7	1	7	8	3	6	13	10	21	7	14	2	16	2	17	16	25	7	15	8	8	14	21	24	25	25	33	6	20	17	13	11	19	7	7	7	15	8	16	23	29	19	23	5	23	14	
1203_A/goose/Hunan/161/20 11	6	7	2	13	7	9	3	9	15	0	0	11	2	1	10	8	9	7	1	7	8	3	6	13	10	21	7	14	2	16	2	18	16	24	7	15	8	8	14	21	24	25	25	33	6	20	17	13	11	19	7	7	7	15	8	16	23	29	19	23	5	23	14	
1204_A/goose/Hunan/HN11/2 10	11	8	1	14	4	8	4	6	15	0	0	16	1	1	10	8	8	8	3	8	6	3	5	10	12	28	2	13	3	8	7	19	13	18	12	8	6	17	10	22	29	24	30	36	3	21	12	14	14	14	8	7	3	18	7	13	23	38	18	28	5	14	15	
1205_A/goose/Hunan/HN22/2 11	6	7	2	13	6	9	3	10	15	0	0	12	2	1	10	8	9	7	1	8	9	3	6	11	10	20	8	13	2	17	2	17	16	25	7	15	8	8	14	21	25	25	24	33	5	20	17	13	11	18	7	7	6	16	8	16	24	30	19	23	5	22	14	
1206_A/goose/Hunan/HN57/2 10	6	7	2	14	7	8	3	10	15	0	0	12	2	1	10	8	9	7	1	8	8	4	6	11	10	21	8	13	2	16	2	17	16	25	7	15	8	8	14	21	25	25	24	33	5	20	17	13	11	19	7	7	6	15	8	16	24	30	19	23	5	22	14	
1207_A/goose/Hunan/HN88/2 11	6	7	2	13	7	9	3	9	15	0	0	13	2	1	10	8	9	7	2	8	7	3	5	13	10	24	7	12	2	13	2	17	15	23	8	14	9	10	13	22	25	26	22	32	5	20	19	14	11	19	8	8	6	15	7	19	22	30	18	21	5	22	15	
1208_A/goose/Hunan/HN90/2 11	6	7	2	13	7	9	3	9	15	0	0	13	2	1	10	9	9	7	2	7	7	3	5	13	10	24	7	12	2	13	2	17	15	23	8	14	9	10	13	22	25	26	22	32	5	20	19	14	11	19	8	8	6	15	7	19	22	30	18	21	5	22	15	
1209_A/goose/Hunan/HN310/ 10	11	8	1	14	4	8	4	7	15	0	0	14	1	1	10	8	9	7	3	10	5	3	5	8	13	28	4	15	2	9	5	16	12	16	10	11	7	18	12	22	29	23	31	36	4	21	12	13	13	12	6	6	3	21	9	17	23	36	19	25	5	16	14	
1210_A/goose/Hunan/HN311/ 12	9	8	1	11	5	8	4	9	16	0	0	13	1	1	10	10	7	8	2	6	8	2	5	12	12	21	5	11	2	16	4	17	14	24	7	14	10	8	15	25	25	26	28	34	2	19	14	11	14	15	5	6	6	18	9	14	23	32	16	27	5	21	17	
1211_A/goose/Hunan/HN314/ 10	11	8	1	14	4	8	3	7	14	0	0	15	2	1	10	8	8	7	3	9	7	3	6	8	12	28	5	14	3	9	5	19	13	16	12	8	5	16	11	22	30	22	30	36	3	22	12	13	13	13	7	7	3	20	8	17	23	37	18	25	5	16	15	
1212_A/goose/Hunan/HN315/ 10	12	8	1	14	3	8	3	6	14	0	0	15	2	1	10	8	8	7	3	9	7	3	6	9	12	28	4	14	3	9	5	19	13	16	12	8	5	17	11	22	30	23	31	36	3	21	12	13	13	13	7	7	3	20	8	17	23	36	18	25	5	16	15	
1213_A/goose/Hunan/HN316/ 10	11	8	1	14	4	8	3	6	14	0	0	15	2	1	10	8	8	7	3	9	7	3	6	9	12	28	4	14	3	9	5	19	13	16	12	8	5	17	11	22	30	23	31	36	3	21	12	13	13	13	7	7	3	20	8	17	23	36	18	25	5	16	15	
1214_A/goose/Hunan/HN317/ 10	11	8	1	14	4	8	3	6	14	0	0	15	2	1	10	8	8	7	3	9	7	3	6	9	12	28	4	14	3	9	5	19	13	16	12	8	5	16	11	22	30	24	31	36	3	21	12	13	13	13	7	7	3	20	8	17	23	36	18	25	5	16	15	
1215_A/goose/Hunan/HN318/ 10	11	8	1	14	4	8	4	8	15	0	0	14	1	1	10	8	9	7	3	10	5	3	5	7	13	28	5	15	2	9	5	17	12	16	10	10	7	17	12	21	29	22	30	36	4	22	12	13	13	12	6	6	3	21	9	18	23	37	19	25	5	16	14	
1216_A/goose/Hunan/HN319/ 10	11	8	1	14	4	8	3	6	14	0	0	15	2	1	10	8	8	7	3	9	7	3	6	9	12	28	4	14	3	9	5	19	13	16	12	8	5	17	11	22	30	23	31	36	3	21	12	13	13	13	7	7	3	20	8	17	23	36	18	25	5	16	15	
1217_A/goose/Hunan/S11288 13	7	9	0	11	7	8	5	6	12	0	0	21	4	1	10	8	10	8	1	8	3	3	6	5	13	18	4	12	3	17	4	13	11	19	12	14	9	11	11	22	30	26	29	35	3	16	19	14	14	18	8	10	9	15	7	13	19	31	22	27	3	22	11	
1218_A/goose/Hunan/SE284/ 13	8	9	1	11	7	7	4	8	13	0	0	17	3	1	10	7	11	6	1	10	3	4	6	6	11	18	4	13	4	18	4	14	9	18	11	13	9	13	11	21	31	26	33	36	3	18	13	12	11	16	7	9	10	18	7	14	21	31	25	28	3	22	9	
1219_A/goose/Inner_Mongol 10	9	11	1	14	4	5	4	4	14	0	0	21	3	1	10	7	10	6	2	9	3	4	5	7	9	21	4	13	7	15	4	15	10	18	12	15	9	13	10	19	30	23	32	35	4	21	14	12	13	18	8	11	8	16	7	12	19	34	22	27	6	19	11	
1220_A/goose/Jiangsu/k040 9	5	6	2	15	8	10	3	9	14	0	0	12	3	1	10	7	8	9	1	8	8	1	5	10	9	19	4	16	4	18	5	15	14	23	9	14	12	11	13	20	24	27	28	34	5	17	16	17	11	16	7	8	4	16	8	19	24	29	21	19	5	23	12	
1221_A/goose/Jiangsu/QD5/ 10	7	9	1	14	6	7	4	6	14	0	0	19	3	1	10	10	9	6	3	6	5	4	4	12	11	16	4	8	4	20	4	11	8	20	11	13	9	13	10	24	28	23	28	35	7	21	18	8	12	16	7	16	7	17	10	8	22	32	22	32	4	21	10	
1222_A/goose/Jiangsu/S138 13	7	9	0	11	7	8	5	6	13	0	0	21	4	1	10	8	10	8	2	8	3	3	5	6	12	18	4	12	3	17	4	13	11	19	12	14	9	11	11	22	30	25	28	35	3	19	18	14	14	18	8	10	9	15	7	12	19	31	22	26	4	22	11	
1223_A/goose/Jiangxi/01.0 11	6	7	2	13	7	9	3	9	15	0	0	13	2	1	10	9	8	7	2	7	8	3	5	12	10	24	6	13	2	13	2	17	15	23	8	14	9	10	13	22	25	26	23	32	5	20	19	14	11	19	8	8	6	15	7	19	22	30	18	21	5	22	15	
1224_A/goose/Jilin/04.04_ 11	7	7	2	13	6	9	3	8	15	0	0	12	2	1	10	10	9	7	1	5	8	3	6	15	10	21	6	10	2	16	2	18	16	22	8	13	8	11	13	19	25	23	24	32	5	20	18	13	11	19	8	8	7	15	7	17	23	26	19	23	5	23	14	
1225_A/goose/Jilin/S4034/ 11	7	10	2	13	6	6	3	7	16	1	0	15	1	0	10	10	8	9	2	4	5	1	4	11	12	22	3	13	4	14	4	15	9	17	12	13	10	14	10	21	29	20	23	36	3	25	23	14	11	15	6	13	8	19	8	12	22	31	22	28	3	22	12	
1226_A/goose/Liaoning/S12 13	7	9	0	11	7	8	5	6	13	0	0	21	4	1	10	8	10	8	1	8	3	3	6	6	12	18	4	12	3	17	4	13	11	19	12	14	9	11	11	22	29	27	28	35	4	16	19	14	14	19	8	10	9	14	7	14	18	30	22	26	3	23	11	
1227_A/goose/Pingtung/150 12	8	8	1	12	5	8	4	5	14	0	0	22	3	1	10	8	9	8	2	8	3	2	5	7	11	19	4	11	6	17	4	15	10	19	12	15	8	12	10	20	31	27	32	36	3	18	13	12	12	20	9	14	10	14	6	12	18	30	22	25	4	23	11	
1228_A/goose/Pingtung/150 12	8	8	1	12	5	8	4	5	14	0	0	22	3	1	10	8	9	8	2	8	3	2	5	7	11	19	4	11	6	17	4	15	10	19	12	15	8	12	10	20	31	27	31	36	3	18	14	12	12	20	9	14	10	14	6	12	18	30	22	25	4	23	11	
1229_A/goose/Pingtung/150 9	9	11	2	15	5	5	3	6	14	0	0	19	2	1	10	10	10	9	2	6	4	1	5	9	11	15	3	11	4	21	5	16	9	18	12	11	11	13	10	22	30	24	29	34	4	21	16	10	9	16	6	14	9	18	9	8	20	30	20	32	6	23	13	
1230_A/goose/Pingtung/160 9	9	11	2	15	5	5	3	6	14	0	0	19	2	1	10	11	10	9	2	5	4	1	5	9	11	15	3	11	4	21	5	16	9	19	12	11	10	12	10	21	31	24	30	35	4	20	16	10	9	16	6	14	9	18	9	9	20	30	20	31	6	23	13	
1231_A/Goose/Qingyuan/168 10	11	7	1	14	4	9	4	6	15	0	0	15	1	1	10	8	8	7	3	9	6	3	5	10	11	29	3	13	4	8	6	19	12	17	12	8	6	18	10	21	30	24	30	35	5	21	12	12	13	13	7	8	4	19	8	17	23	37	17	26	4	15	16	
1232_A/goose/Shandong/01. 10	7	6	0	14	7	10	5	7	15	0	0	13	1	1	10	7	8	6	2	7	5	5	5	11	12	24	4	18	4	10	4	18	10	19	9	14	10	12	13	20	28	27	37	34	4	16	9	11	9	18	8	11	8	16	8	17	24	27	18	23	4	26	14	
1233_A/goose/Shandong/01. 10	7	7	0	14	7	9	5	7	15	0	0	13	1	1	10	7	8	6	2	7	5	5	5	10	12	25	5	18	4	10	4	18	10	19	9	14	10	12	13	20	28	28	34	34	4	16	10	11	8	18	8	11	9	16	8	17	23	27	18	24	4	26	14	
1234_A/goose/Shandong/02. 11	6	7	2	13	7	9	3	9	15	0	0	12	2	1	10	8	9	6	1	7	8	4	6	13	10	21	6	13	2	16	3	17	17	25	9	15	7	8	12	21	24	26	25	33	5	18	18	13	11	18	7	7	7	16	8	16	24	29	18	23	5	23	15	
1235_A/goose/Shandong/02. 11	6	7	2	13	7	9	3	9	15	0	0	13	2	1	10	9	9	7	1	6	8	3	6	13	10	21	7	12	2	16	2	17	16	24	8	14	8	8	14	21	25	24	23	33	5	21	19	14	11	19	8	7	7	15	7	17	23	29	18	22	5	23	15	
1236_A/goose/Shandong/03. 10	8	11	0	14	5	5	5	6	13	0	0	18	4	1	10	10	8	9	1	7	5	1	5	12	11	21	1	9	5	15	5	14	11	16	13	12	12	15	9	21	26	24	30	38	3	21	18	8	10	15	7	13	9	18	8	13	22	33	18	28	4	21	15	
1237_A/goose/Shandong/03. 10	6	7	1	14	7	9	4	9	15	0	0	13	2	1	10	9	10	9	1	6	7	1	6	13	9	22	8	13	3	15	2	16	14	22	8	13	10	11	13	22	27	23	22	34	3	21	20	13	13	18	8	11	5	16	7	13	23	28	20	22	5	24	13	
1238_A/goose/Shandong/04. 11	7	6	0	13	7	10	5	7	15	0	0	15	1	1	10	8	8	6	2	6	5	5	5	11	12	24	4	16	4	10	4	18	10	18	9	14	10	13	13	20	28	27	38	34	4	17	7	11	10	18	9	11	8	16	7	17	24	27	17	23	3	26	15	
1239_A/goose/Shandong/05. 10	7	9	1	14	6	7	4	6	13	0	0	19	4	1	10	10	9	6	3	6	5	4	4	11	10	16	4	8	5	20	4	12	10	20	10	13	9	12	11	21	29	24	24	33	6	19	20	9	11	14	8	16	8	19	8	8	22	31	22	32	4	20	10	
1240_A/goose/Shandong/05. 10	7	9	1	14	6	7	4	6	13	0	0	19	4	1	10	10	9	6	3	6	5	4	4	11	10	16	4	8	5	20	4	12	10	20	10	13	9	12	11	21	29	24	24	33	6	19	20	9	11	14	8	16	8	19	8	8	22	30	22	32	4	21	10	
1241_A/goose/Shandong/06. 10	7	9	1	14	6	7	4	6	14	0	0	19	3	1	10	10	9	6	3	6	5	4	3	12	10	16	5	8	5	20	4	12	10	20	11	13	9	12	10	22	29	26	25	35	5	18	21	9	11	16	8	16	8	19	8	8	22	31	23	32	4	21	9	
1242_A/goose/Shandong/11. 10	6	7	2	14	7	9	3	8	15	0	0	14	2	1	10	9	10	8	2	6	7	2	5	12	10	22	7	12	2	15	2	13	15	24	8	15	9	10	13	21	27	22	20	33	3	20	21	13	13	16	8	10	5	17	7	15	23	26	20	22	5	24	13	
1243_A/goose/Shandong/12. 11	6	7	2	13	7	9	3	9	16	0	0	12	1	1	10	9	9	6	1	6	8	4	6	13	10	20	6	13	2	17	3	18	17	25	9	15	7	8	12	21	23	26	25	33	6	18	18	12	12	19	7	7	6	15	8	16	24	28	18	23	5	24	15	
1244_A/goose/Shandong/12. 10	6	9	1	14	6	7	4	6	15	0	0	19	3	1	10	10	9	6	3	6	4	4	4	11	11	16	4	8	4	20	4	11	8	19	11	14	11	13	10	22	29	21	26	34	7	22	18	8	13	15	6	16	8	17	11	8	20	30	22	31	4	21	10	
1245_A/Goose/Shandong/211 13	7	9	0	11	7	8	5	7	13	0	0	20	4	1	10	8	10	8	1	8	3	3	6	6	12	18	4	12	3	17	4	13	12	19	12	14	9	11	11	22	28	27	28	35	4	16	19	13	14	18	8	11	9	16	7	12	19	31	22	27	3	21	11	
1246_A/goose/Shandong/GD- 10	7	9	1	14	6	7	4	6	14	0	0	19	3	1	10	10	9	6	3	6	5	4	4	11	10	15	3	8	5	21	4	12	9	20	12	14	10	11	10	21	28	22	27	34	6	20	19	6	12	15	8	17	8	18	8	8	22	30	21	32	4	21	11	
1247_A/goose/Shandong/GS/ 11	6	9	1	13	7	7	4	8	14	0	0	16	3	1	10	9	9	8	2	7	4	2	5	6	12	19	4	15	4	17	4	15	10	21	12	12	10	11	10	22	29	30	33	35	5	15	12	15	11	18	9	11	9	14	7	9	21	28	23	28	3	25	10	
1248_A/goose/Shandong/LQ0 10	7	6	1	14	7	10	4	8	15	0	0	12	1	1	10	7	8	5	2	7	5	5	4	7	10	26	6	21	6	10	3	19	12	21	9	12	8	11	12	20	27	28	34	34	5	16	11	12	8	18	6	11	8	16	9	13	25	24	20	28	3	29	13	
1249_A/goose/Tainan/16040 9	9	11	2	16	4	5	3	6	14	0	0	19	2	1	10	10	10	9	2	6	4	1	5	9	11	15	3	11	4	21	5	16	9	19	12	11	10	12	10	21	31	24	30	35	4	20	16	10	9	16	6	14	9	18	9	9	20	30	20	31	6	23	13	
1250_A/goose/Tainan/16070 9	10	11	2	15	5	5	3	6	13	0	0	19	2	1	10	10	10	9	2	6	4	1	5	9	11	15	3	11	4	21	5	16	9	19	12	11	10	12	10	21	31	24	30	35	4	20	16	10	9	16	6	14	9	18	9	10	20	30	20	30	6	23	13	
1251_A/goose/Tainan/17030 12	8	7	1	12	5	9	4	5	13	0	0	22	4	1	10	8	9	8	2	8	3	3	5	9	11	19	4	9	6	16	4	14	11	19	13	16	7	12	10	19	32	25	30	36	3	21	15	13	10	19	8	13	10	15	6	12	20	30	23	25	4	22	10	
1252_A/goose/Tainan/17030 12	8	7	1	12	5	9	4	5	14	0	0	22	3	1	10	8	9	8	2	8	3	3	5	7	11	19	4	11	6	16	5	15	11	19	13	15	8	12	10	19	32	28	29	36	3	19	14	12	10	19	8	13	9	15	6	12	21	30	22	25	4	22	11	
1253_A/goose/Tainan/18010 12	7	7	1	12	6	9	4	5	13	0	0	22	4	1	10	9	9	8	2	7	3	3	5	7	12	18	5	11	5	17	4	13	12	18	14	17	7	12	10	18	31	29	28	37	4	17	15	12	10	19	8	14	10	15	6	13	20	29	22	24	4	23	11	
1254_A/goose/Tainan/18050 12	8	7	1	12	5	9	4	4	12	0	0	23	5	1	10	8	9	8	2	8	3	3	5	7	12	21	4	11	5	15	4	16	11	17	12	14	7	13	10	19	32	28	28	36	4	19	15	13	10	20	8	14	9	14	7	14	20	30	21	23	4	21	13	
1255_A/goose/Taiwan/01019 10	6	7	0	14	8	9	5	7	15	0	0	13	1	1	10	7	8	7	2	7	5	4	5	11	13	25	5	17	3	9	5	19	11	20	9	13	9	11	13	19	28	28	34	33	4	16	11	10	8	18	8	12	8	16	8	17	25	27	17	25	4	25	15	
1256_A/goose/Taiwan/01022 12	8	8	1	12	5	8	4	5	14	0	0	22	3	1	10	8	9	8	2	8	3	2	5	7	11	19	4	11	6	17	4	15	10	18	12	15	8	13	10	20	32	27	32	36	2	18	13	12	12	19	10	14	10	14	6	12	18	30	22	25	4	23	11	
1257_A/goose/Taiwan/01023 12	8	8	1	12	5	8	4	5	14	0	0	22	3	1	10	8	9	8	2	8	3	2	5	7	11	19	4	11	6	17	4	15	10	19	12	15	8	12	10	20	30	27	32	36	4	18	13	12	12	20	9	14	10	14	6	12	18	30	22	25	4	23	11	
1258_A/goose/Taiwan/01031 11	8	8	1	13	5	8	4	5	14	0	0	22	3	1	10	7	9	8	2	9	3	2	5	7	11	19	4	11	6	17	4	15	10	19	12	15	8	12	10	20	31	27	32	36	3	18	13	12	12	20	10	14	10	14	5	12	18	30	22	25	4	23	11	
1259_A/goose/Taiwan/01038 9	8	11	2	15	6	5	3	6	14	0	0	20	2	1	10	10	10	9	2	6	4	1	5	9	11	16	3	10	4	20	5	15	10	17	12	12	11	13	10	21	30	23	30	35	4	21	16	10	9	16	6	14	9	18	9	7	21	29	19	32	6	24	14	
1260_A/goose/Taiwan/01039 10	6	7	0	14	8	9	5	8	15	0	0	12	1	1	10	7	8	7	2	7	5	4	5	11	13	24	5	17	3	11	4	19	11	20	9	13	9	11	13	19	28	28	34	34	4	16	11	10	8	18	8	12	8	16	8	17	25	27	18	24	4	25	14	
1261_A/goose/Taiwan/01040 12	8	8	1	12	5	8	4	5	14	0	0	22	3	1	10	8	9	9	2	8	3	2	5	7	11	19	4	11	6	16	4	15	10	19	12	15	8	12	10	20	31	27	32	36	3	18	13	12	12	20	9	14	10	14	6	12	18	30	22	25	4	23	11	
1262_A/goose/Taiwan/a015/ 10	6	7	0	14	8	9	5	7	15	0	0	13	1	1	10	7	8	7	2	7	5	4	5	11	13	25	5	17	3	10	4	19	11	20	9	13	9	11	13	19	28	27	34	34	4	17	11	10	8	18	8	12	8	16	8	17	25	27	18	24	4	25	14	
1263_A/goose/Taiwan/TNC1/ 10	6	7	0	14	8	9	5	7	15	0	0	13	1	1	10	7	8	7	2	7	5	4	5	11	13	25	5	17	3	10	4	19	11	20	10	13	9	11	13	19	28	28	33	34	4	16	11	11	8	18	8	11	8	16	8	17	25	27	17	24	4	25	15	
1264_A/goose/Taiwan/TNC3/ 10	6	7	0	14	8	9	5	7	15	0	0	13	1	1	10	7	8	7	2	7	5	4	5	11	13	25	5	17	3	10	4	19	11	20	9	13	9	11	13	19	28	28	34	34	4	16	11	11	8	18	8	11	8	16	8	18	25	27	17	23	4	25	15	
1265_A/goose/Taiwan/TNC4/ 10	6	7	0	14	8	9	5	7	15	0	0	13	1	1	10	7	9	7	2	7	4	4	5	11	13	25	5	17	3	10	4	19	11	20	9	13	9	11	13	19	28	28	34	34	4	16	11	10	8	18	8	12	8	16	8	17	25	27	18	24	4	25	14	
1266_A/goose/Taiwan/TNC9/ 10	6	7	0	14	8	9	5	7	15	0	0	13	1	1	10	7	8	7	2	7	5	4	5	11	13	25	5	17	3	10	4	19	11	20	9	13	9	11	13	19	28	28	34	34	4	16	11	11	8	18	8	11	8	16	8	17	25	27	17	24	4	25	15	
1267_A/goose/Taiwan/TNC10 10	6	7	0	14	8	9	5	7	15	0	0	13	1	1	10	7	8	7	2	7	5	4	5	11	13	25	5	17	3	10	4	19	11	20	10	13	9	11	13	19	28	28	33	34	4	16	11	11	8	18	8	11	8	16	8	17	25	27	17	24	4	25	15	
1268_A/goose/Taiwan/TNC12 10	6	7	0	14	8	9	5	7	15	0	0	13	1	1	10	7	8	7	2	7	5	4	5	11	13	25	5	17	3	10	4	19	11	20	10	13	9	11	13	19	28	28	33	34	4	16	11	11	8	18	8	11	8	16	8	17	25	27	17	24	4	25	15	
1269_A/goose/Taiwan/TNC14 10	6	7	0	14	8	9	5	7	15	0	0	13	1	1	10	7	8	7	2	7	5	4	5	11	13	25	5	17	3	10	4	19	11	20	10	13	9	11	13	19	28	28	33	34	4	16	11	11	8	18	8	11	8	16	8	17	25	27	17	24	4	25	15	
1270_A/goose/Taiwan/TNO3/ 10	6	7	0	14	8	9	5	7	15	0	0	13	1	1	10	7	8	7	2	7	5	4	5	11	13	25	5	17	3	10	4	18	11	20	9	13	9	11	13	19	28	28	34	34	4	16	11	11	8	18	8	12	8	16	8	17	25	27	18	24	4	25	14	
1271_A/goose/Taiwan/TNO9/ 10	6	7	0	14	8	9	5	7	15	0	0	13	1	1	10	7	8	7	2	7	5	4	5	11	13	25	5	17	3	10	4	19	11	20	9	13	9	12	13	19	28	28	34	34	4	16	11	10	8	18	8	12	8	15	8	17	25	27	18	24	4	25	14	
1272_A/goose/Taiwan/TNO15 10	6	7	0	14	8	9	5	7	15	0	0	13	1	1	10	7	8	7	2	7	5	4	5	11	13	25	5	17	3	10	4	19	11	20	9	13	9	11	13	19	28	27	34	34	4	17	11	10	8	18	8	12	8	16	8	17	25	27	18	24	4	25	14	
1273_A/goose/Taiwan/TNO17 10	6	7	0	14	8	9	5	7	15	0	0	13	1	1	10	7	8	7	2	7	5	4	5	11	13	25	5	17	3	10	4	19	11	20	10	13	9	11	13	19	28	28	33	34	4	16	11	11	8	18	8	11	8	16	8	17	25	27	17	24	4	25	15	
1274_A/goose/Taoyuan/1501 10	6	7	0	14	8	9	5	7	15	0	0	13	1	1	10	7	8	7	2	7	5	4	5	11	13	25	5	17	3	10	4	19	11	20	9	13	9	11	13	19	28	28	34	34	4	16	11	9	8	18	8	13	8	16	8	18	25	27	18	23	4	25	14	
1275_A/goose/Taoyuan/1812 10	9	11	1	14	4	5	4	4	14	0	0	23	3	1	10	7	10	7	2	9	3	3	5	6	9	20	4	13	7	16	4	14	9	18	12	15	9	13	11	19	28	24	31	36	6	20	15	12	14	17	8	12	9	17	7	13	20	34	23	24	4	18	10	
1276_A/goose/Xinjiang/12. 11	7	11	0	13	7	5	5	4	14	1	0	17	2	0	10	10	7	10	2	4	7	0	5	13	11	18	2	13	4	18	4	15	8	15	15	14	9	16	7	20	30	25	31	35	2	20	16	14	9	13	7	13	9	21	6	13	21	31	22	26	6	23	13	
1277_A/goose/Xinjiang/12. 11	7	11	0	13	7	5	5	4	14	1	0	17	2	0	10	10	7	10	2	4	7	0	5	13	11	18	2	13	4	18	4	15	8	15	15	13	9	16	7	20	30	25	31	35	2	20	16	14	9	13	7	14	9	21	6	13	21	31	22	26	6	23	13	
1278_A/goose/Xinjiang/12. 12	6	10	1	12	8	6	4	6	13	0	0	18	4	1	10	7	11	7	2	9	3	3	5	6	11	15	4	15	4	21	4	16	10	19	10	11	9	13	12	22	31	26	30	34	3	19	15	13	11	16	8	11	10	17	7	12	20	32	22	27	4	21	11	
1279_A/goose/Xinjiang/12. 12	6	10	1	12	8	6	4	6	13	0	0	18	4	1	10	7	11	7	2	9	3	3	5	6	11	15	4	15	4	21	4	16	10	18	10	11	9	13	12	22	31	26	31	34	3	19	14	13	11	17	8	11	10	17	7	12	20	32	22	27	4	21	11	
1280_A/goose/Xinjiang/12. 12	6	10	1	12	8	6	4	6	13	0	0	18	4	1	10	7	11	7	2	9	3	3	5	6	11	15	4	15	4	21	4	16	10	18	10	11	9	13	12	22	31	26	31	34	3	19	14	13	11	17	8	11	10	17	7	12	20	32	22	27	4	21	11	
1281_A/goose/Xinjiang/12. 12	6	10	1	12	8	6	4	6	13	0	0	18	4	1	10	7	11	7	2	9	3	3	5	6	11	15	4	15	4	21	4	16	10	18	10	11	9	13	12	22	31	26	31	34	3	19	14	13	11	17	8	11	10	17	7	12	20	32	22	27	4	21	11	
1282_A/goose/Yangzhou/042 10	6	9	1	14	6	7	4	6	15	0	0	19	3	1	10	10	9	6	3	6	5	4	4	12	11	16	5	8	4	20	4	11	8	20	11	14	10	12	10	23	28	22	27	35	7	22	18	8	13	16	7	16	7	17	10	9	21	32	22	31	4	21	10	
1283_A/goose/Yangzhou/YZ5 10	10	8	1	14	4	8	4	7	15	0	0	14	2	1	10	8	8	7	3	11	6	3	5	10	13	27	4	13	2	10	5	20	13	16	10	9	6	18	11	21	30	24	30	36	4	20	13	11	13	13	7	6	4	20	8	19	22	38	19	23	4	15	14	
1284_A/goose/Yunlin/15010 12	8	8	1	12	5	8	4	5	14	0	0	22	3	1	10	8	9	9	2	8	3	2	5	7	11	17	4	11	6	18	4	15	10	19	12	14	8	12	10	20	31	27	32	36	3	18	13	12	12	20	9	15	10	14	6	12	18	30	22	25	4	23	11	
1285_A/goose/Yunlin/15010 12	8	8	1	12	5	8	4	5	14	0	0	22	3	1	10	8	9	8	1	8	3	2	5	7	11	18	4	11	6	18	4	15	10	19	13	15	8	12	10	20	31	27	32	36	3	18	13	12	12	20	9	14	10	14	6	12	18	30	22	25	4	23	11	
1286_A/goose/Yunlin/15010 12	8	8	1	12	5	8	4	5	14	0	0	22	3	1	10	8	9	9	2	8	3	2	5	7	11	18	4	11	6	17	4	15	10	19	12	15	8	12	10	20	31	27	32	36	3	18	13	12	12	20	9	14	10	14	6	12	18	29	22	25	4	24	11	
1287_A/goose/Yunlin/15010 12	8	8	1	12	5	8	4	5	14	0	0	22	3	1	10	8	9	9	2	8	3	2	5	7	11	18	3	11	6	17	5	15	10	19	12	15	8	12	10	20	31	27	33	36	3	18	12	12	12	20	9	14	10	14	6	12	18	30	22	25	4	23	11	
1288_A/goose/Yunlin/15040 10	6	7	0	14	8	9	5	7	15	0	0	12	1	1	10	7	8	7	2	7	5	4	5	11	13	25	5	18	3	10	4	19	11	20	9	13	9	11	13	19	28	27	34	34	4	17	11	10	8	17	8	12	8	17	8	17	25	27	18	24	4	25	14	
1289_A/goose/Yunlin/16020 11	8	8	1	13	5	8	4	5	15	0	0	22	2	1	10	8	8	8	2	8	4	2	5	8	11	18	4	11	6	18	4	15	10	18	12	17	8	13	10	20	30	27	31	35	3	18	14	13	11	20	10	11	11	14	6	12	19	29	20	25	4	24	12	
1290_A/goose/Yunlin/16020 11	8	9	1	13	5	7	4	5	15	0	0	22	2	1	10	8	8	8	2	8	4	2	5	7	11	18	4	12	6	18	4	14	11	19	12	17	7	12	10	20	30	27	30	35	3	18	15	14	11	20	10	11	11	14	6	12	19	30	20	25	4	23	12	
1291_A/goose/Yunlin/16040 11	8	8	1	13	5	8	4	5	15	0	0	22	2	1	10	8	8	8	2	8	4	2	5	8	11	18	4	11	6	18	4	15	10	19	12	17	8	13	10	20	30	27	31	35	3	17	14	13	11	20	10	11	11	14	6	12	19	30	20	24	5	23	12	
1292_A/goose/Yunlin/17100 12	8	6	1	12	5	10	4	6	13	0	0	22	4	1	10	8	9	8	2	8	3	3	5	7	12	19	4	10	5	16	4	15	9	18	13	16	8	11	10	19	33	27	29	36	2	20	15	12	11	22	9	13	10	14	5	12	19	30	20	25	5	22	13	
1293_A/goose/Yunlin/18030 12	7	8	1	12	5	8	4	7	16	0	0	20	2	1	10	8	10	8	3	7	3	2	4	8	11	22	4	12	5	14	4	16	10	19	12	10	8	13	10	23	33	25	24	33	2	19	22	11	13	17	7	16	7	16	9	8	21	27	21	29	4	26	11	
1294_A/goose/Yunlin/18030 12	7	8	1	12	5	8	4	7	16	0	0	20	2	1	10	8	10	8	3	7	3	2	4	8	11	22	4	12	5	14	4	16	10	19	12	10	8	13	10	23	33	25	24	33	2	19	22	11	13	17	7	16	7	16	9	8	21	27	21	29	4	26	11	
1295_A/goose/Yunlin/18040 12	8	7	1	12	5	9	4	6	13	0	0	22	4	1	10	8	10	8	2	8	3	3	5	7	12	18	5	11	5	17	4	15	10	20	13	14	7	11	10	19	32	28	27	36	3	19	15	12	10	20	8	14	10	14	6	13	20	29	21	24	4	23	13	
1296_A/goose/Yunlin/18040 12	8	7	1	12	5	9	4	4	13	0	0	23	4	1	10	8	9	8	2	8	3	3	5	7	12	20	4	11	5	16	4	15	11	18	12	15	7	13	10	19	31	29	28	37	5	18	15	13	10	20	10	13	10	14	5	14	19	30	22	22	4	22	11	
1297_A/goose/Yunlin/18090 12	8	7	1	12	5	9	4	4	13	0	0	21	4	1	10	7	9	8	1	9	4	3	5	7	11	20	4	13	5	16	5	15	11	19	11	15	7	13	10	19	32	29	29	36	4	18	14	13	10	20	9	13	10	14	5	14	19	30	22	23	4	22	12	
1298_A/goose/Yunlin/18090 12	8	10	1	12	5	6	4	5	15	0	0	20	2	1	10	8	10	7	2	7	4	3	5	8	8	21	2	13	7	15	6	16	10	20	10	13	9	12	11	23	28	30	32	34	6	14	14	13	12	16	6	11	7	18	8	8	22	31	23	29	4	22	11	
1299_A/goose/Yunlin/18110 10	9	12	2	14	5	3	3	4	14	0	0	23	2	1	10	7	10	7	2	9	3	4	5	6	9	20	4	13	7	16	4	14	9	19	12	15	9	13	10	20	28	24	31	35	6	20	15	13	14	15	8	12	9	18	7	12	20	33	22	24	4	20	11	
1300_A/goose/Yunnan/07.14 10	11	8	1	14	4	8	3	7	15	0	0	16	1	1	10	7	8	6	3	9	6	4	6	9	12	27	4	13	3	10	5	20	13	16	11	8	6	18	11	22	30	24	29	36	3	22	13	13	13	12	7	7	3	20	8	15	23	36	18	26	5	16	15	
1301_A/goose/Yunnan/07.14 10	11	8	1	14	4	8	3	7	15	0	0	15	1	1	10	7	8	6	3	9	6	4	6	9	12	28	4	14	3	9	5	20	13	16	11	8	6	18	11	22	30	24	29	36	3	22	13	13	13	12	7	7	3	20	8	16	23	36	17	25	5	16	16	
1302_A/goose/Zhejiang/771 14	7	8	3	10	6	8	2	5	15	0	0	16	2	1	10	9	10	9	1	6	9	2	6	12	5	19	7	15	5	16	3	15	14	20	9	14	11	11	13	23	26	25	25	34	2	20	17	12	12	21	6	7	6	13	8	15	25	30	21	25	3	23	13	
1303_A/goose/Zhejiang/771 14	7	8	3	10	6	8	2	5	15	0	0	16	2	1	10	9	10	9	1	6	9	2	6	12	5	19	7	15	5	16	3	15	14	21	9	14	11	10	13	23	26	25	25	34	2	20	17	12	12	21	6	7	6	13	8	15	25	30	21	25	3	23	13	
1304_A/goose/Zhejiang/771 14	7	8	3	10	6	8	2	5	15	0	0	16	2	1	10	9	10	9	1	6	9	2	6	12	5	19	7	15	5	16	3	15	14	21	9	14	11	10	13	23	26	25	25	34	2	20	17	12	12	21	6	7	6	13	8	15	25	30	21	25	3	23	13	
1305_A/goose/Zhejiang/112 10	8	11	0	14	5	5	5	7	13	0	0	20	4	1	10	11	8	9	1	6	5	1	5	10	11	21	1	10	5	15	5	14	10	16	13	13	13	15	9	21	26	24	30	35	3	21	18	9	9	15	7	11	11	18	8	13	20	34	18	29	5	20	15	
1306_A/goose/Zhejiang/112 11	7	7	2	13	6	9	3	6	15	0	0	16	2	1	10	10	9	9	1	6	6	2	7	13	9	21	7	12	5	14	2	15	14	21	8	14	10	10	13	23	24	28	24	34	5	19	17	13	13	21	7	7	6	13	7	13	23	31	20	26	4	22	14	
1307_A/goose/Zhejiang/727 11	6	7	2	13	7	9	3	10	15	0	0	13	2	1	10	9	9	7	1	6	8	3	6	13	10	21	7	11	2	16	2	18	16	24	8	14	8	9	13	21	25	24	23	33	5	21	20	13	11	19	8	7	7	15	7	16	23	30	18	23	5	21	15	
1308_A/goose/Zhejiang/727 11	6	8	1	13	7	8	4	7	14	0	0	18	3	1	10	9	9	8	2	7	4	2	5	7	11	19	4	13	5	17	4	14	12	20	12	12	10	11	10	23	29	29	33	34	4	16	12	15	11	18	8	11	9	16	7	9	21	28	24	28	3	25	9	
1309_A/goose/Zhejiang/727 11	6	7	2	13	7	9	3	10	15	0	0	13	2	1	10	9	9	7	1	6	8	3	6	13	10	21	7	11	2	16	2	18	16	25	7	14	8	9	14	21	25	24	23	33	5	20	20	13	11	18	7	8	6	15	8	16	23	30	18	23	5	23	14	
1310_A/goose/Zhejiang/925 11	6	7	2	13	7	9	3	9	15	0	0	15	2	1	9	10	9	7	1	6	9	3	6	13	9	21	8	10	2	15	1	17	17	23	8	14	7	10	13	21	25	25	24	33	5	21	17	13	11	18	9	8	8	17	6	15	22	29	19	24	5	23	14	
1311_A/goose/Zhejiang/925 10	7	9	1	14	6	7	4	6	13	0	0	19	3	1	10	11	9	7	3	6	5	3	4	12	13	15	4	8	5	20	4	12	10	20	11	14	11	11	11	23	25	25	26	35	6	19	19	9	12	16	8	14	7	19	9	8	22	31	21	32	4	21	10	
1312_A/goose/Zhejiang/925 10	7	9	1	14	7	6	4	6	14	0	0	19	3	1	10	10	9	7	3	6	6	4	4	12	13	16	4	8	5	19	4	12	10	20	11	13	9	11	10	22	25	25	26	35	6	19	20	8	11	15	8	17	10	18	8	8	22	30	22	32	4	22	10	
1313_A/goose/Zhejiang/925 10	6	7	2	14	7	9	3	9	15	0	0	12	2	1	11	10	11	9	1	7	6	1	6	12	11	22	8	12	2	14	2	15	14	22	9	14	10	11	11	21	26	22	23	33	4	22	19	14	13	18	8	10	7	16	7	14	22	30	20	22	5	23	13	
1314_A/goose/Zhejiang/925 10	7	9	1	15	7	7	4	5	13	0	0	19	3	1	10	9	9	7	3	7	5	4	4	12	11	16	4	7	6	19	4	12	10	20	11	13	9	12	11	22	27	26	26	35	6	18	19	7	11	15	8	17	9	19	8	8	22	30	22	33	4	22	10	
1315_A/goose/Zhejiang/925 10	6	7	2	14	7	9	3	9	15	0	0	14	2	1	9	11	11	9	1	7	6	1	6	11	10	22	8	12	2	14	2	15	14	22	9	14	10	11	12	21	28	22	22	33	4	22	19	14	13	18	8	10	6	16	7	14	22	30	21	22	5	23	12	
1316_A/goose/Zhejiang/112 11	9	8	2	13	4	8	3	6	15	0	0	14	2	1	10	10	10	8	1	6	9	3	7	12	7	21	7	15	3	14	2	15	14	20	8	14	11	10	13	21	26	27	23	34	2	20	20	10	12	20	5	10	7	14	9	13	24	31	22	27	3	22	12	
1317_A/goose/Zhejiang/S12 13	7	9	0	11	7	8	5	7	13	0	0	20	4	1	10	8	10	8	1	8	3	3	6	6	12	18	4	12	3	17	4	13	11	19	12	14	9	11	11	22	29	27	28	35	4	16	19	14	14	18	8	10	9	15	7	12	19	30	22	27	3	23	11	
1318_A/Great_black-headed 9	8	11	0	15	6	5	5	5	13	0	0	18	4	1	10	10	8	9	1	7	6	1	5	12	10	22	1	11	5	14	5	14	11	17	14	12	12	13	9	22	25	24	31	35	4	20	18	8	9	15	8	12	11	18	7	13	22	31	21	28	4	22	13	
1319_A/Great_Black-headed 13	6	10	1	11	8	6	4	8	13	0	0	17	4	1	10	7	11	7	2	9	3	3	5	5	11	16	4	15	4	20	4	16	10	18	10	12	9	13	12	21	30	25	33	35	3	19	13	12	13	16	8	9	10	18	7	13	20	30	23	28	3	22	11	
1320_A/Great_black-headed 9	8	11	0	15	6	5	5	5	13	0	0	18	4	1	10	10	8	9	1	7	6	1	5	12	10	22	1	11	5	14	5	14	11	18	13	12	12	13	9	22	25	24	31	35	4	20	18	8	9	15	8	12	11	18	7	13	22	31	21	28	4	22	13	
1321_A/Great_Cormorant/Hu 10	8	11	1	14	5	5	4	6	14	0	0	19	3	1	10	11	7	9	1	6	5	1	5	9	13	21	2	10	4	15	5	12	10	17	13	13	13	14	9	23	26	26	28	37	4	20	19	9	8	14	8	12	11	20	7	13	22	30	18	28	4	22	15	
1322_A/Great_Cormorant/Hu 10	8	11	1	14	5	5	4	5	14	0	0	19	3	1	10	10	7	10	1	6	5	0	5	11	12	21	2	10	5	15	5	12	10	17	13	13	13	14	10	23	26	26	28	37	4	20	19	9	8	14	7	12	11	20	7	13	22	30	18	28	4	22	15	
1323_A/Great_Cormorant/Hu 10	8	11	1	14	5	5	4	5	14	0	0	18	3	1	10	10	7	10	1	6	5	0	5	11	12	21	2	11	5	15	5	12	10	17	13	13	13	14	9	23	26	26	28	37	4	20	19	9	8	14	7	12	11	20	8	13	22	30	18	28	4	22	15	
1324_A/Great_Cormorant/Hu 9	6	10	1	15	7	6	4	8	15	1	0	15	3	0	10	8	7	9	1	8	5	1	5	11	14	21	2	10	3	15	5	15	12	18	14	13	13	13	9	23	26	26	31	36	4	20	17	9	9	14	7	13	12	20	7	14	19	31	17	25	2	20	16	
1325_A/Great_Cormorant/Hu 10	8	11	1	14	5	5	4	6	14	0	0	19	3	1	10	11	7	9	1	6	5	1	5	9	13	21	2	10	4	15	5	12	10	17	13	13	13	14	9	23	26	26	28	37	4	20	19	9	8	15	8	12	11	19	7	13	22	31	18	28	4	21	15	
1326_A/Great_Cormorant/Hu 10	8	11	1	14	5	5	4	6	14	0	0	19	3	1	10	11	7	9	1	6	5	1	5	9	13	21	2	10	4	15	5	12	11	17	13	13	13	14	9	23	26	26	28	37	4	20	19	9	7	14	8	12	11	20	7	13	22	31	18	28	4	21	15	
1327_A/Great_Cormorant/Hu 10	8	11	1	14	5	5	4	6	14	0	0	19	3	1	10	11	7	9	1	6	5	1	5	9	13	21	2	10	4	15	5	12	10	17	13	13	13	14	9	23	26	26	28	37	4	20	19	9	8	14	8	12	11	20	7	13	22	31	18	28	4	21	15	
1328_A/Great_Cormorant/Qi 12	6	10	1	12	8	6	4	7	13	0	0	18	4	1	10	7	11	7	2	9	3	3	5	5	11	16	4	15	4	20	4	15	9	18	10	11	10	13	12	22	31	26	33	35	3	19	12	12	13	15	8	10	10	19	7	13	19	31	22	28	3	22	11	
1329_A/Great_Cormorant/Qi 12	6	10	1	12	8	6	4	7	13	0	0	18	4	1	10	7	11	7	2	9	3	3	5	5	11	16	4	15	4	20	4	15	10	17	10	12	9	13	12	21	31	26	32	35	3	20	13	12	13	15	8	10	10	19	7	13	19	31	22	28	3	22	11	
1330_A/Great_Cormorant/Qi 12	6	10	1	12	8	6	4	7	13	0	0	18	4	1	10	7	11	7	2	9	3	3	5	5	11	16	3	15	4	20	4	15	10	18	9	12	9	13	13	21	31	26	33	35	3	19	13	12	13	16	8	10	10	18	7	13	19	31	22	28	3	22	11	
1331_A/Great_Crested_Greb 12	5	10	1	12	8	6	4	7	14	0	0	18	4	1	10	7	11	7	2	9	3	3	5	5	11	16	4	15	4	20	4	15	10	18	10	12	9	13	12	21	31	27	31	35	3	18	14	12	13	16	8	11	9	18	7	13	19	32	22	28	3	21	11	
1332_A/grebe/Ningxia/SD00 13	6	9	0	12	8	8	5	7	12	0	0	21	4	1	10	8	10	8	1	7	3	3	6	5	13	18	4	13	3	16	4	13	11	19	12	14	9	11	11	22	30	24	29	35	3	18	19	14	14	19	8	10	9	14	7	12	19	32	20	27	3	22	12	
1333_A/grebe/Shaanxi/SD00 13	7	9	0	11	7	8	5	7	12	0	0	21	4	1	10	8	10	8	1	8	3	3	6	5	13	18	4	12	3	17	4	13	11	19	12	14	9	11	11	22	30	24	29	35	3	18	19	14	14	19	8	10	9	14	7	11	19	32	20	28	3	22	12	
1334_A/grebe/Shandong/SC1 13	7	9	0	11	7	8	5	6	13	0	0	21	4	1	10	8	10	8	1	8	3	3	6	6	12	18	4	12	3	17	4	13	11	19	12	14	9	11	11	22	29	27	27	35	4	17	19	14	14	18	8	10	8	15	7	12	20	31	22	27	3	22	11	
1335_A/green-winged_teal/ 13	7	9	0	11	7	8	5	7	12	0	0	21	4	1	10	8	10	8	1	8	3	3	6	6	13	18	5	12	3	17	3	13	12	19	12	14	9	12	11	22	30	26	29	35	2	17	18	13	15	18	8	10	9	14	7	12	19	31	23	27	2	22	10	
1336_A/Guangdong/1/2006|E 11	6	6	3	13	8	10	2	8	13	0	0	11	3	1	10	8	8	8	2	7	8	2	5	13	9	22	5	14	4	14	5	13	14	17	11	16	6	14	11	20	28	24	25	36	3	21	18	17	11	18	5	6	9	16	10	14	23	30	20	25	4	23	13	
1337_A/Guangdong/1/2008|E 11	7	6	3	13	8	11	2	9	14	0	0	10	1	1	10	9	8	8	2	6	8	2	5	13	9	23	6	14	4	13	4	12	14	17	11	17	6	14	11	20	28	23	25	36	3	22	18	17	11	19	5	7	8	14	10	13	25	35	20	24	4	18	13	
1338_A/Guangdong/2/2006|E 9	7	6	2	15	6	10	4	9	14	0	0	11	3	1	10	7	8	9	1	8	8	1	5	10	9	22	4	16	4	15	4	14	14	20	8	15	12	12	14	19	23	27	28	34	7	18	16	14	12	16	7	10	4	17	7	19	24	25	23	21	4	27	11	
1339_A/Guangdong/18SF020/ 9	12	8	1	15	4	8	4	8	15	0	0	14	0	1	10	7	7	7	3	9	7	3	6	10	13	28	4	13	2	9	4	19	13	16	12	8	7	19	9	22	29	23	31	36	3	21	12	14	11	13	7	7	3	20	7	17	22	33	20	25	8	18	14	
1340_A/Guangdong/12903/20 13	6	9	0	11	8	8	5	6	12	0	0	21	4	1	10	8	10	8	1	7	3	3	6	7	13	18	4	12	3	17	4	13	10	20	12	14	9	11	11	23	30	26	29	35	3	17	18	14	15	17	8	10	8	14	8	12	18	31	22	27	4	22	11	
1341_A/Guangdong/lgf/2021 13	7	9	0	11	7	8	5	6	12	0	0	21	4	1	10	8	10	8	1	7	3	3	6	7	13	18	4	12	3	17	4	13	10	20	12	14	9	10	11	23	30	27	29	35	3	17	18	14	16	18	7	10	8	15	8	12	18	30	22	27	3	22	11	
1342_A/Guangxi/1/2005|EPI 10	7	7	2	15	6	9	3	8	16	0	0	14	1	1	10	7	7	9	2	8	8	1	5	9	11	23	3	17	3	13	6	14	14	16	11	16	10	15	11	20	25	27	28	32	6	17	17	13	11	16	7	9	6	17	9	18	24	25	22	21	4	28	10	
1343_A/Guangxi/1/2005|EPI 9	7	6	2	15	6	10	3	9	15	0	0	11	3	1	10	7	7	9	1	8	8	1	6	10	8	22	4	16	5	15	4	14	14	20	8	15	10	12	14	19	24	27	28	35	7	17	16	15	12	16	7	9	5	17	8	18	25	24	23	21	3	28	11	
1344_A/Guangxi/1/2008|EPI 9	8	6	3	15	5	10	2	7	14	0	0	14	3	1	10	7	7	9	1	8	8	1	6	10	8	22	4	14	6	15	4	15	13	21	9	14	10	11	13	21	24	27	27	34	7	18	17	15	12	16	6	9	5	17	8	17	26	25	22	22	3	27	12	
1345_A/Guangxi/32797/2018 10	11	8	1	14	5	8	4	8	15	0	0	14	0	1	10	7	7	7	3	9	7	3	6	8	13	29	4	14	2	8	4	19	14	15	13	8	8	18	10	23	27	22	29	36	3	23	14	15	11	13	9	6	3	19	7	17	23	33	18	24	7	18	15	
1346_A/Guangxi/55726/2016 11	10	7	1	13	5	9	4	8	15	0	0	13	2	1	10	8	8	7	3	9	6	3	5	10	13	28	3	13	2	8	7	21	13	17	12	8	6	16	10	22	29	26	30	36	2	18	13	12	15	13	7	6	4	21	10	17	21	36	18	25	5	16	13	
1347_A/Guangzhou/39715/20 9	7	7	2	15	7	9	3	9	15	0	0	13	1	1	10	9	9	8	1	6	8	2	6	13	10	22	8	12	2	15	2	17	16	22	8	14	8	11	13	21	25	25	23	32	6	21	18	14	11	18	5	7	7	16	9	17	23	29	17	22	5	22	17	
1348_A/Guizhou/1/2009|EPI 9	7	6	2	15	6	9	3	9	14	0	0	11	3	1	10	7	8	10	1	8	8	1	6	10	9	21	4	16	4	16	5	13	15	21	8	14	10	11	14	22	26	27	27	36	3	17	17	16	13	16	5	9	4	17	10	17	26	27	23	20	2	25	10	
1349_A/GX-guilin/11151/20 8	10	6	4	16	5	10	1	8	15	0	0	14	1	1	10	9	10	6	2	5	6	4	4	13	12	25	5	13	1	11	6	16	11	17	11	15	6	14	11	22	35	24	32	35	0	19	12	10	9	20	9	10	8	14	7	10	24	32	25	29	4	21	7	
1350_A/GX-hechi/01/2021|E 10	10	13	1	14	2	3	4	7	17	0	0	18	1	1	10	5	7	8	3	10	5	2	4	9	15	27	1	11	2	9	4	15	8	16	12	9	8	17	9	24	32	26	33	36	3	20	13	13	8	18	7	10	5	16	7	19	26	34	20	24	6	19	14	
1351_A/Hangzhou/01/2021|E 8	9	7	4	16	5	9	1	7	15	1	0	14	1	0	10	8	9	6	2	6	6	4	4	14	13	24	5	13	1	12	6	12	12	16	11	16	7	15	11	23	35	24	27	33	0	19	18	9	8	18	9	11	8	16	7	12	24	32	25	29	5	21	7	
1352_A/HeFei04171/2024|EP 10	7	10	2	14	5	6	3	8	16	0	0	17	2	1	10	9	9	7	2	7	4	3	5	6	15	23	6	14	1	13	3	14	9	21	11	10	10	11	10	25	29	28	27	34	5	15	20	16	13	17	8	10	7	17	7	12	20	27	23	26	5	26	9	
1353_A/heron/Kaohsiung/15 10	8	10	1	14	5	6	4	3	14	0	0	23	3	1	10	8	10	8	2	8	3	2	5	7	10	18	4	12	6	18	4	16	11	17	12	13	8	14	10	18	32	28	31	35	3	16	15	12	12	18	8	14	8	16	7	9	21	33	23	29	4	20	10	
1354_A/heron/Taiwan/17DB0 12	8	7	1	12	5	9	4	4	13	0	0	23	4	1	10	8	9	9	2	8	3	2	5	8	11	19	3	10	6	16	5	15	10	19	13	15	8	12	10	20	32	26	29	36	3	20	15	11	10	20	8	15	10	14	6	12	20	30	22	25	4	22	11	
1355_A/Herring_Gull/Hubei 12	6	10	1	12	8	6	4	7	13	0	0	18	4	1	10	7	11	7	2	9	3	3	5	5	11	16	4	15	4	20	4	14	10	18	10	13	9	13	12	21	31	25	33	35	3	20	12	12	13	15	8	10	10	19	7	13	19	31	22	28	3	22	11	
1356_A/hill_myna/Heilongj 11	6	6	3	13	7	10	2	8	13	0	0	12	4	1	10	7	7	9	1	7	9	1	6	12	10	21	5	15	4	16	4	15	14	23	8	14	10	11	12	20	27	24	26	33	5	19	18	15	10	19	6	9	6	15	10	17	24	28	16	22	4	24	16	
1357_A/Hong_Kong/5923/201 10	6	7	2	15	8	9	3	9	15	0	0	14	2	1	10	9	9	9	1	5	8	1	6	11	10	21	6	13	2	15	3	16	15	23	9	14	10	11	12	22	25	24	24	33	5	19	21	13	11	19	6	10	4	14	9	16	24	28	19	22	4	24	14	
1358_A/Hubei/29578/2016_x 14	7	8	1	11	5	8	4	5	14	0	0	13	5	1	10	12	12	9	2	8	3	1	3	10	14	19	4	11	0	17	5	20	12	24	8	12	9	10	13	22	24	25	32	36	6	19	16	11	11	17	7	9	12	15	7	13	17	29	26	27	4	23	8	
1359_A/Hubei/29578/2016|E 10	8	11	2	14	6	5	3	4	14	1	0	18	2	0	10	10	7	9	2	4	6	1	5	14	13	18	2	12	3	18	4	15	7	15	15	14	11	16	7	20	30	26	27	33	3	19	20	14	11	14	7	12	8	20	6	13	20	30	22	27	6	23	13	
1360_A/Hunan/1/2006|EPI_I 9	7	6	2	15	6	10	3	9	14	0	0	11	3	1	10	7	8	9	1	8	7	1	6	10	9	22	4	16	5	14	5	13	13	20	8	15	11	12	14	20	22	27	29	34	8	17	15	15	12	15	7	10	5	18	8	18	26	25	22	21	3	28	11	
1361_A/Hunan/1/2008|EPI_I 13	6	7	3	12	7	9	2	8	16	0	0	12	2	1	10	8	8	8	2	8	7	2	5	11	9	22	5	13	5	14	5	14	14	17	12	15	6	14	11	20	28	25	27	36	3	20	16	16	11	19	5	6	8	14	10	14	23	31	21	26	4	22	12	
1362_A/Hunan/2/2009|EPI_I 9	7	6	2	15	6	9	3	9	14	0	0	11	3	1	10	7	8	10	1	8	8	1	6	10	9	22	4	17	4	15	5	15	15	21	8	13	10	11	14	22	26	28	27	36	3	17	16	15	13	16	5	9	5	17	10	16	25	27	22	20	2	25	11	
1363_A/Japanese_white-eye 11	6	6	3	13	7	10	2	8	13	0	0	12	4	1	10	7	7	9	1	7	9	1	6	12	10	21	5	15	4	16	4	15	14	24	8	14	10	10	12	20	27	24	26	33	5	19	18	14	10	19	6	9	6	15	10	18	24	28	17	22	4	24	15	
1364_A/Jiangsu/1/2007|EPI 11	6	6	3	13	8	10	2	8	13	0	0	11	3	1	10	9	8	7	2	6	8	3	5	13	9	23	5	14	4	13	5	13	13	17	11	16	7	14	11	21	28	24	25	36	3	21	18	17	11	18	5	7	8	16	10	12	24	35	19	25	4	18	14	
1365_A/Jiangsu/1/2018|EPI 10	11	8	1	14	5	8	4	9	13	0	0	13	2	1	10	7	7	6	3	9	7	4	5	8	12	29	4	14	3	8	5	19	13	16	12	8	6	17	10	22	30	23	30	37	3	21	13	12	11	14	8	7	4	20	6	16	22	35	20	27	7	17	14	
1366_A/Jiangsu/1/2018|EPI 10	11	8	1	14	5	8	4	9	13	0	0	13	2	1	10	7	7	6	3	9	7	4	5	8	12	29	4	14	3	8	5	19	13	16	12	8	6	17	10	22	30	23	30	37	3	21	13	12	11	14	8	7	4	20	6	16	22	35	20	27	7	17	14	
1367_A/Jiangsu/1/2020_(H5 11	6	6	1	14	7	10	4	8	14	0	0	18	3	1	10	8	12	9	2	8	2	1	5	4	7	18	3	16	7	18	5	16	9	17	11	11	10	14	11	21	28	28	33	36	5	16	13	14	12	17	6	11	8	17	10	10	21	32	22	27	5	21	10	
1368_A/Jiangsu/1/2020(H5N 11	6	6	1	14	7	10	4	8	14	0	0	18	3	1	10	8	12	9	2	8	2	1	5	4	7	18	3	16	7	18	5	16	9	17	11	11	10	14	11	21	28	28	33	36	5	16	13	14	12	17	6	11	8	17	10	10	21	32	22	27	5	21	10	
1369_A/Jiangsu/2/2007|EPI 11	6	6	3	13	8	10	2	8	13	0	0	11	3	1	10	9	8	7	2	6	8	3	5	13	9	23	5	14	4	13	5	13	13	17	11	16	7	14	11	21	28	24	25	36	3	21	18	17	11	18	5	7	8	16	10	12	24	35	19	25	4	18	14	
1370_A/Jiangsu/JSSZ01/201 10	11	8	1	14	5	8	4	9	13	0	0	13	2	1	10	7	7	6	3	9	7	4	5	8	12	29	4	14	3	8	5	19	13	16	12	8	6	17	10	22	30	23	30	37	3	21	13	12	11	14	8	7	4	20	6	16	22	35	20	27	7	17	14	
1371_A/Jiangxi/1/2005|EPI 12	6	7	3	13	8	9	2	7	14	0	0	12	3	1	10	8	8	8	2	7	7	2	5	15	10	23	5	12	4	12	5	13	14	17	11	16	6	14	11	20	28	26	25	36	3	22	17	16	10	19	5	6	9	15	10	14	23	31	18	25	4	21	15	
1372_A/Jiangxi/16791/2022 8	10	7	4	16	5	9	1	6	16	0	0	15	1	1	10	8	10	6	2	6	6	4	4	15	12	25	5	12	1	11	6	14	12	15	11	16	7	16	11	22	33	25	30	34	1	19	13	9	8	19	10	10	8	14	7	11	23	33	24	29	6	20	8	
1373_A/lesser_kestrel/Hei 11	7	9	0	13	6	7	5	8	13	0	0	17	4	1	11	9	11	8	1	6	3	2	6	12	10	13	5	9	5	23	4	14	8	17	13	13	11	13	10	22	25	24	29	35	9	20	14	10	13	16	8	15	6	18	7	6	20	30	21	32	6	22	14	
1374_A/lion/Hubei/1-2/201 11	8	12	1	13	5	4	4	6	13	0	0	18	4	1	10	10	7	10	1	6	5	0	5	11	12	21	2	10	5	15	5	13	11	17	15	13	13	13	8	23	28	26	26	37	2	20	21	8	7	15	7	12	11	19	8	13	22	29	18	28	4	23	15	
1375_A/Luscinia_cyane/Jia 10	7	9	1	14	6	7	4	6	14	0	0	19	2	1	10	10	9	6	3	6	5	4	4	12	12	15	4	8	4	21	4	11	8	19	11	14	10	13	10	25	25	23	27	34	7	21	19	8	12	17	8	16	7	16	9	9	24	32	21	32	5	20	10	
1376_A/mallard_duck/Shang 10	7	9	1	14	6	7	4	6	15	0	0	19	2	1	10	10	9	6	3	6	5	4	4	12	10	14	4	8	5	22	4	12	9	20	12	13	10	12	9	22	28	23	28	35	6	20	19	8	12	16	8	17	7	18	8	8	22	31	22	32	4	22	10	
1377_A/mallard/Heilongjia 11	8	12	1	13	5	4	4	5	14	1	0	18	3	0	10	10	8	9	2	4	5	1	5	11	10	20	3	13	6	16	3	14	9	15	16	14	11	16	6	22	29	24	29	34	4	20	18	12	10	18	7	12	10	15	7	13	20	29	21	28	5	24	13	
1378_A/Mallard/Jiangxi/JX 9	6	9	2	15	8	7	3	6	13	0	0	18	3	1	10	9	10	7	2	6	6	3	5	9	10	19	3	13	3	18	4	16	13	22	11	13	7	11	10	20	28	25	26	34	7	20	18	15	12	19	8	10	7	14	9	13	20	30	22	25	6	22	10	
1379_A/Mallard/Jiangxi/JX 11	6	6	2	13	7	10	3	9	15	0	0	14	2	1	10	10	9	7	1	5	8	3	6	12	10	21	6	12	2	16	2	17	18	24	8	14	6	9	13	21	25	25	26	33	5	20	17	14	12	19	8	7	7	15	7	16	21	28	18	23	6	24	15	
1380_A/mallard/Ningxia/17 13	8	10	2	11	7	6	3	7	13	0	0	17	4	1	10	7	12	7	2	8	4	3	4	7	12	15	4	15	2	21	5	17	11	18	11	11	9	13	11	21	29	29	29	35	2	16	16	12	13	20	8	12	12	13	7	11	18	31	25	28	2	21	9	
1381_A/mallard/Ningxia/17 13	8	10	2	11	7	6	3	7	13	0	0	17	4	1	10	7	12	7	2	8	3	3	4	7	12	15	4	15	2	21	5	17	11	18	11	11	10	13	11	21	29	29	29	35	2	16	16	12	13	20	8	12	12	13	7	11	18	31	25	28	2	21	9	
1382_A/mallard/Ningxia/23 13	8	10	2	11	7	6	3	7	13	0	0	17	4	1	10	7	12	7	2	8	3	3	4	7	12	15	4	15	2	21	5	17	11	18	11	11	10	13	11	21	29	29	29	35	2	16	16	12	13	20	8	12	12	13	7	11	18	31	25	28	2	21	9	
1383_A/mallard/Ningxia/24 13	8	10	2	11	7	6	3	7	13	0	0	17	4	1	10	7	12	7	2	8	3	3	4	7	12	15	4	15	2	21	5	17	11	18	11	11	10	13	11	21	29	29	29	35	2	16	16	12	13	20	8	12	12	13	7	11	18	31	25	28	2	21	9	
1384_A/mallard/Ningxia/24 13	8	10	2	11	7	6	3	7	13	0	0	17	4	1	10	7	12	7	2	8	3	3	4	7	12	15	4	15	2	21	5	17	11	18	11	11	10	13	11	21	29	29	29	35	2	16	16	12	13	20	8	12	12	13	7	11	18	31	25	28	2	21	9	
1385_A/mallard/Ningxia/24 13	8	10	2	11	7	6	3	7	13	0	0	17	4	1	10	7	12	7	2	8	3	3	4	7	12	15	4	15	2	21	5	17	11	18	11	11	10	13	11	21	29	29	29	35	2	16	16	12	13	20	8	12	12	13	7	11	18	31	25	28	2	21	9	
1386_A/mandarin_duck/Heil 10	8	8	0	14	5	8	5	6	13	0	0	20	4	1	10	8	10	8	2	8	4	3	5	7	8	18	3	13	7	17	5	16	9	17	11	11	10	13	12	21	28	27	34	35	6	17	12	12	11	15	7	14	8	19	8	10	22	30	23	27	4	23	10	
1387_A/mandarin_duck/Hena 13	7	9	1	11	7	7	4	8	13	0	0	17	3	1	10	8	11	6	1	10	3	4	6	6	11	18	4	13	4	18	4	13	10	18	11	13	9	13	11	20	31	26	33	36	3	18	13	12	11	16	7	9	10	18	7	15	21	31	24	28	3	22	10	
1388_A/meerkat/Shanghai/S 11	6	9	1	13	7	7	4	6	14	0	0	19	3	1	10	9	9	8	2	7	5	2	5	7	11	19	4	12	4	16	4	15	9	19	12	12	11	12	10	22	29	30	33	36	4	16	12	15	13	19	8	11	8	15	7	8	21	28	23	29	3	25	10	
1389_A/migratory_waterfow 10	6	7	2	14	7	9	3	7	14	0	0	14	3	1	10	9	10	9	1	6	7	1	6	13	10	22	8	13	2	15	2	16	14	24	8	14	9	10	13	21	27	23	23	33	4	19	21	13	12	16	8	10	6	17	7	16	23	28	20	22	5	24	13	
1390_A/migratory_waterfow 10	6	7	2	14	7	9	3	8	14	0	0	14	3	1	10	9	10	9	1	6	7	1	6	13	10	22	8	13	2	15	2	16	14	24	8	14	9	10	13	21	27	23	23	33	4	19	21	13	12	17	8	10	6	16	7	15	23	28	20	22	5	24	13	
1391_A/mink/China/181/201 10	12	8	1	14	4	8	4	9	14	0	0	12	1	1	10	7	6	7	3	9	8	3	5	9	12	28	4	14	3	9	5	19	12	17	12	8	7	17	10	23	30	23	29	36	3	23	13	13	11	13	6	7	5	20	6	17	22	33	20	25	6	18	16	
1392_A/mink/China/183/201 10	12	8	1	14	4	8	4	9	13	0	0	14	2	1	10	7	7	7	3	9	7	3	5	9	12	27	4	13	3	10	5	19	12	16	12	8	6	19	10	24	30	23	28	35	3	23	14	15	11	12	7	5	5	21	6	17	22	33	21	24	6	18	14	
1393_A/mink/China/191/201 10	12	8	1	14	4	8	4	9	13	0	0	14	2	1	10	7	7	7	3	9	7	3	5	9	12	27	4	13	3	10	5	19	12	16	12	8	6	19	10	24	30	23	27	35	3	23	15	15	11	12	7	5	5	21	6	17	22	33	22	24	6	18	13	
1394_A/mink/China/456/201 10	12	8	1	14	4	8	4	8	13	0	0	13	2	1	10	7	7	6	3	9	7	4	5	10	12	29	4	14	3	8	5	18	14	16	13	9	6	17	9	23	29	23	30	35	3	21	13	13	11	14	7	7	3	20	7	17	22	35	20	25	8	17	14	
1395_A/mink/China/G/2015| 11	6	8	2	13	7	8	3	8	16	0	0	12	1	1	10	9	9	9	1	6	8	1	6	12	11	21	6	15	1	15	3	15	16	23	7	14	10	10	14	21	24	25	26	33	6	18	18	15	12	19	8	9	3	15	7	17	25	27	20	21	5	24	14	
1396_A/mink/China/XB/2015 10	8	11	1	14	5	5	4	5	14	0	0	19	3	1	10	10	7	10	1	6	5	0	5	11	12	21	2	10	5	15	5	12	10	18	13	13	13	13	9	23	28	27	27	37	2	19	20	9	8	14	7	12	11	20	8	13	22	30	19	28	4	22	14	
1397_A/mink/Eastern_China 11	6	10	0	13	10	6	5	7	14	0	0	18	2	1	10	7	11	7	2	9	3	3	5	7	11	16	7	13	4	20	3	15	10	18	11	12	11	13	11	20	29	26	28	35	4	19	15	14	13	16	8	11	7	18	7	12	19	32	23	27	4	21	10	
1398_A/mink/Eastern_China 10	10	8	1	14	5	8	4	8	15	0	0	15	1	1	10	7	7	7	2	9	6	3	5	9	13	29	6	13	3	8	5	18	13	16	12	9	6	18	10	22	31	25	29	37	2	19	13	13	12	13	7	7	3	19	7	16	21	36	19	25	8	17	15	
1399_A/mink/Eastern_China 11	6	10	0	13	10	6	5	7	13	0	0	19	3	1	10	7	11	7	2	9	3	4	5	8	11	19	6	12	4	18	3	15	10	19	11	12	12	15	10	20	30	34	22	34	3	20	15	14	13	15	8	11	7	16	7	12	18	33	23	27	5	16	10	
1400_A/mink/Eastern_China 10	11	8	2	14	5	8	3	10	14	0	0	13	1	1	10	7	7	7	2	9	7	3	5	9	12	28	6	13	3	9	5	18	13	16	12	8	5	17	10	23	30	25	28	36	3	21	13	14	12	12	7	7	5	21	7	16	22	33	20	25	6	19	14	
1401_A/mink/Eastern_China 9	9	7	1	15	2	9	4	8	18	0	0	16	2	1	10	9	6	6	1	11	7	4	2	7	14	20	6	12	1	15	2	15	11	19	6	14	11	14	16	22	23	27	31	33	7	18	19	12	11	16	5	10	7	18	11	16	25	31	19	23	2	21	13	
1402_A/mink/Northern_Chin 12	6	10	0	12	10	6	5	7	13	0	0	18	3	1	10	7	11	7	2	9	3	3	5	7	11	16	7	13	4	20	3	15	10	18	9	11	10	13	13	21	29	25	28	35	4	20	15	14	13	15	8	11	8	18	7	12	19	32	22	27	4	22	11	
1403_A/Muscovy_duck/China 13	11	7	1	13	5	9	4	9	15	0	0	18	0	1	10	6	7	7	3	10	9	3	3	8	15	29	5	14	2	8	3	19	12	19	10	8	10	19	8	23	30	34	27	34	3	19	14	12	11	11	7	7	4	19	7	16	22	29	19	23	5	17	14	
1404_A/Muscovy_duck/China 13	11	7	1	13	5	9	4	9	15	0	0	18	0	1	10	6	7	7	3	10	9	3	3	8	15	29	5	14	2	8	3	19	12	19	10	8	10	19	8	23	30	34	27	34	3	19	14	12	11	11	7	7	4	19	7	16	22	29	19	23	5	17	14	
1405_A/muscovy/duck/Hunan 11	6	7	2	13	7	9	3	9	15	0	0	12	2	1	10	8	9	7	1	7	8	3	6	13	10	21	7	13	2	16	2	17	15	26	7	15	8	8	13	21	24	25	25	33	6	20	17	13	11	18	7	7	7	16	9	16	23	29	19	23	5	23	14	
1406_A/muscovy/duck/Hunan 11	6	7	2	13	7	9	3	8	15	0	0	13	2	1	10	8	9	7	1	7	8	3	6	13	10	21	7	13	2	16	2	17	15	26	7	15	8	8	14	21	24	25	25	33	6	20	17	13	11	18	7	7	7	16	8	16	23	29	19	23	5	23	14	
1407_A/muscovy/duck/Hunan 11	6	7	2	13	7	9	3	9	15	0	0	13	2	1	10	8	9	7	1	7	8	3	6	13	10	21	7	12	2	16	2	17	15	26	7	15	8	8	14	21	24	25	25	33	6	20	17	13	11	18	7	7	7	16	8	16	23	29	19	23	5	23	14	
1408_A/muscovy/duck/Hunan 11	6	7	2	13	7	9	3	9	15	0	0	12	2	1	10	8	9	7	2	7	8	3	6	13	10	21	7	13	2	16	1	17	15	26	7	15	8	8	14	21	24	25	25	33	6	19	18	13	11	18	7	7	7	16	8	16	23	29	19	23	5	23	14	
1409_A/muscovy/duck/Hunan 11	5	7	2	13	8	9	3	9	15	0	0	12	2	1	10	8	9	7	1	7	8	3	6	13	10	21	7	13	2	16	2	17	15	26	7	15	8	8	14	21	24	25	25	33	6	19	18	13	11	18	7	7	7	16	8	16	23	30	19	23	5	22	14	
1410_A/muscovy/duck/Hunan 11	6	7	2	13	7	9	3	9	15	0	0	12	2	1	10	8	9	7	1	7	8	3	6	12	10	21	7	14	2	16	2	17	15	26	7	15	8	8	14	21	24	25	25	33	6	20	17	13	11	18	7	7	7	16	8	16	23	30	18	23	5	22	15	
1411_A/muscovy/duck/Hunan 11	6	7	2	13	7	9	3	9	15	0	0	12	2	1	10	9	9	7	1	6	8	3	6	12	10	23	7	14	2	14	2	17	14	24	8	14	10	9	13	20	26	26	21	33	4	20	20	14	11	19	8	7	7	15	7	18	22	29	18	23	5	23	15	
1412_A/muscovy/duck/Hunan 11	7	7	2	13	7	9	3	9	14	0	0	12	2	1	10	9	9	7	1	6	8	3	6	12	10	23	7	14	2	14	2	17	14	24	8	14	10	9	13	20	25	26	21	33	5	20	20	14	11	19	8	7	7	15	7	18	22	30	18	23	5	22	15	
1413_A/muscovy/duck/Hunan 11	6	7	2	13	7	9	3	9	15	0	0	12	2	1	10	9	9	7	1	6	8	3	6	12	10	23	7	14	2	14	2	17	14	24	8	14	10	9	13	20	25	26	21	33	5	20	20	14	11	19	8	7	7	15	7	18	22	30	18	23	5	22	15	
1414_A/muscovy/duck/Hunan 11	6	7	2	13	7	9	3	9	15	0	0	12	2	1	10	9	9	7	1	6	8	3	6	12	10	23	6	14	2	14	2	17	14	24	9	14	10	9	13	20	25	26	22	33	5	20	20	14	11	19	8	7	7	15	8	17	21	29	19	23	5	23	14	
1415_A/muscovy/duck/Hunan 11	6	7	2	13	7	9	3	9	15	0	0	13	2	1	10	9	9	7	2	7	7	3	5	13	10	24	7	12	2	13	2	17	15	23	8	14	9	10	13	22	25	26	22	32	5	20	19	14	11	19	8	8	6	15	7	19	22	30	18	21	5	22	15	
1416_A/muscovy/duck/Hunan 11	6	7	2	13	8	9	3	10	15	0	0	13	2	1	10	9	9	7	2	7	7	3	5	11	10	24	6	12	2	13	2	17	15	23	9	14	9	10	13	22	24	26	22	32	5	20	19	14	11	19	8	8	5	15	7	20	23	31	18	21	5	21	15	
1417_A/muscovy/duck/Hunan 11	6	7	2	13	7	9	3	9	15	0	0	13	2	1	10	10	9	7	2	6	7	3	5	13	10	24	7	12	2	13	2	17	15	23	8	14	9	10	13	22	25	28	23	32	5	18	18	14	11	19	8	8	6	15	7	19	22	32	18	21	5	20	15	
1418_A/muscovy/duck/Hunan 11	6	7	2	13	7	9	3	9	15	0	0	12	2	1	10	9	9	7	1	6	8	3	6	12	10	23	7	14	2	14	2	17	14	24	8	14	10	9	13	20	25	26	21	33	5	20	20	14	11	19	8	7	7	15	7	18	22	29	18	23	5	23	15	
1419_A/muscovy/duck/Hunan 11	6	7	2	13	7	9	3	9	15	0	0	12	2	1	10	8	9	7	1	7	8	3	6	13	10	20	7	13	2	17	2	17	17	25	8	15	7	8	13	21	25	25	25	33	5	20	17	13	11	18	5	7	7	16	9	17	23	28	19	22	5	24	15	
1420_A/muscovy/duck/Hunan 11	6	7	2	13	7	9	3	9	14	0	0	12	3	1	10	9	9	7	1	6	8	3	6	12	10	23	7	14	2	14	2	17	14	24	8	14	10	9	13	20	25	26	21	33	5	20	20	14	11	19	8	7	7	15	7	18	22	29	18	23	5	23	15	
1421_A/muscovy/duck/Hunan 11	6	7	2	13	7	9	3	9	15	0	0	12	2	1	10	9	9	7	1	6	8	3	6	12	10	23	7	14	2	14	2	17	14	24	8	14	10	9	13	20	25	26	21	33	5	20	20	14	11	19	8	7	7	15	7	18	22	29	18	23	5	23	15	
1422_A/muscovy/duck/Hunan 11	6	7	2	13	7	9	3	9	15	0	0	12	2	1	10	8	9	7	1	7	8	3	6	13	10	22	6	13	2	16	2	17	16	27	7	15	8	8	14	21	25	25	25	33	5	20	17	13	11	16	7	7	7	16	8	16	23	29	19	23	5	23	14	
1423_A/muscovy/duck/Hunan 10	11	8	1	14	4	8	4	7	15	0	0	14	1	1	10	8	9	7	3	10	5	3	5	8	13	28	4	15	2	9	5	17	12	16	10	10	7	18	12	22	29	23	31	36	4	21	12	13	13	12	6	6	3	21	9	17	23	36	19	25	5	16	14	
1424_A/muscovy/duck/Hunan 10	11	8	1	14	4	8	4	7	15	0	0	14	1	1	10	8	9	7	3	10	5	3	5	8	13	28	4	15	2	9	5	17	12	16	10	10	7	18	12	22	29	23	31	36	4	21	12	13	13	12	6	6	3	21	9	17	23	36	19	25	5	16	14	
1425_A/muscovy/duck/Hunan 11	11	8	1	14	4	8	4	7	15	0	0	14	1	1	10	7	9	7	3	10	5	3	5	8	13	28	4	15	2	9	5	17	13	16	10	10	6	18	12	22	29	23	31	36	4	21	12	13	13	12	6	6	3	21	9	17	23	36	19	25	5	16	14	
1426_A/muscovy/duck/Hunan 10	11	8	1	14	4	8	4	7	15	0	0	14	1	1	10	8	9	7	3	10	5	3	5	8	13	28	4	15	2	9	5	17	13	16	10	10	6	18	12	22	29	23	31	36	4	21	12	13	13	12	6	6	3	21	9	17	23	36	19	25	5	16	14	
1427_A/muscovy/duck/Hunan 10	11	8	1	14	4	8	4	7	15	0	0	14	1	1	10	8	9	7	3	10	5	3	5	8	13	28	4	15	2	9	5	17	12	16	10	10	7	18	12	22	29	23	31	36	4	21	12	13	13	12	6	6	3	21	9	17	23	36	19	25	5	16	14	
1428_A/muscovy/duck/Hunan 10	11	8	1	14	4	8	4	6	15	0	0	15	1	1	10	8	8	7	3	9	6	3	5	9	12	28	4	14	3	9	5	19	13	16	12	9	6	18	10	21	30	24	30	36	3	21	12	13	13	12	6	7	3	21	9	17	23	37	20	25	5	15	13	
1429_A/muscovy/duck/Hunan 10	11	8	1	14	4	8	4	7	15	0	0	14	1	1	10	8	8	8	3	9	6	3	5	10	13	28	3	13	2	8	6	17	12	18	11	10	7	17	11	22	30	23	31	36	3	21	12	14	13	12	6	7	3	20	9	14	23	36	18	27	5	16	15	
1430_A/muscovy/duck/Hunan 10	11	8	1	14	4	8	4	7	15	0	0	14	1	1	10	8	9	7	3	10	5	3	5	8	13	28	4	15	2	9	5	17	12	16	10	10	7	18	12	22	29	23	31	36	4	21	12	13	13	12	6	6	3	21	9	17	23	36	19	25	5	16	14	
1431_A/muscovy/duck/Hunan 10	11	8	1	14	4	8	4	7	15	0	0	14	1	1	10	8	9	7	3	10	5	3	5	8	13	28	4	15	2	9	5	17	12	16	10	10	7	18	12	21	29	23	31	36	4	21	12	13	13	12	6	6	3	21	9	18	23	36	19	25	5	16	14	
1432_A/muscovy/duck/Hunan 10	11	8	1	14	4	8	4	7	15	0	0	14	1	1	10	8	9	7	3	10	5	3	5	8	13	28	4	15	2	9	5	17	12	16	10	10	7	18	12	22	29	23	31	36	4	21	12	13	13	12	6	6	3	21	9	17	23	36	19	25	5	16	14	
1433_A/muscovy/duck/Hunan 10	11	8	1	14	4	8	4	7	15	0	0	14	1	1	10	8	9	7	3	10	5	3	5	8	13	28	4	15	2	9	5	17	12	16	10	10	7	18	12	22	29	23	31	36	4	21	12	13	13	12	6	6	3	21	9	17	23	36	19	25	5	16	14	
1434_A/muscovy/duck/Hunan 9	8	7	2	15	7	9	3	7	14	0	0	16	2	1	10	9	11	6	2	8	5	4	5	8	11	26	6	15	2	12	4	15	15	18	10	12	4	17	10	20	25	26	24	35	8	19	17	14	11	16	8	9	4	17	7	18	23	28	20	22	7	24	13	
1435_A/muscovy/duck/Hunan 10	11	8	1	14	4	8	4	7	15	0	0	14	1	1	10	8	9	7	3	10	5	3	5	8	13	28	4	15	2	9	5	18	12	16	10	9	7	18	12	22	29	23	31	36	4	21	12	13	13	12	6	6	3	21	9	17	23	36	19	25	5	16	14	
1436_A/muscovy/duck/Hunan 10	11	8	1	14	4	8	4	7	15	0	0	14	1	1	10	8	9	7	3	10	5	3	5	8	13	28	4	15	2	9	5	17	12	16	10	10	7	18	12	23	29	23	31	35	4	21	12	13	13	12	6	6	3	21	9	17	23	36	19	25	5	16	14	
1437_A/muscovy/duck/Hunan 10	11	8	1	14	4	8	4	7	15	0	0	14	1	1	10	8	9	7	3	10	5	3	5	8	13	28	4	15	2	9	5	17	12	16	10	9	7	18	12	22	29	23	31	36	4	21	12	13	13	12	6	6	3	21	9	18	23	36	19	25	5	16	14	
1438_A/muscovy/duck/Hunan 10	11	8	1	14	4	8	4	7	15	0	0	14	1	1	10	8	9	7	3	10	5	3	5	8	13	28	4	15	2	9	5	18	12	16	10	9	7	18	12	22	29	23	31	36	4	21	12	13	13	12	6	6	3	21	9	17	23	36	19	25	5	16	14	
1439_A/muscovy/duck/Hunan 10	11	8	1	14	4	8	4	7	15	0	0	14	1	1	10	8	9	7	3	10	5	3	5	8	13	28	4	15	2	9	5	17	12	16	10	10	7	18	12	22	29	23	31	36	4	21	12	13	13	12	6	6	3	21	9	17	23	36	19	25	5	16	14	
1440_A/mute_swan/Inner_Mo 13	7	9	0	11	7	8	5	6	12	0	0	20	4	1	10	8	10	8	1	8	3	3	6	6	13	18	4	13	3	17	4	13	11	19	12	14	9	11	11	22	30	27	28	35	3	16	19	14	14	18	8	10	9	15	7	12	19	31	22	27	3	22	11	
1441_A/mute_swan/Shandong 13	6	9	0	11	7	8	5	6	12	0	0	21	4	1	10	9	10	8	1	7	3	3	6	6	13	18	4	12	3	17	4	13	12	19	12	14	9	11	11	22	30	26	28	34	3	17	19	14	14	18	8	10	9	16	7	12	19	30	22	28	3	22	11	
1442_A/Nanjing/1/2015|EPI 11	8	11	1	13	5	5	4	5	14	0	0	19	3	1	10	9	7	10	1	7	5	0	5	11	12	21	2	10	5	15	5	12	10	17	13	13	13	14	9	23	25	26	28	37	5	20	19	9	8	14	7	12	11	20	8	13	22	30	18	28	4	22	15	
1443_A/Northern_Pintail/H 10	11	8	1	14	4	8	4	6	15	0	0	16	1	1	10	8	7	8	3	9	6	2	5	10	13	28	3	12	3	9	6	19	13	20	12	7	5	15	10	22	29	25	30	36	3	20	12	13	14	13	7	8	3	19	9	14	24	38	18	28	5	14	14	
1444_A/oriental_magpie_ro 11	10	10	1	13	5	6	4	5	13	1	0	17	3	0	10	9	7	9	2	4	6	1	5	11	10	18	5	15	6	18	3	16	9	12	15	13	8	19	7	20	31	27	27	34	2	18	18	12	8	13	7	14	10	21	5	12	22	29	21	28	5	24	15	
1445_A/ostrich/Suzhou/097 10	7	7	1	14	6	9	4	7	15	0	0	12	2	1	10	7	6	9	2	7	8	1	5	11	10	23	4	17	5	13	5	13	14	20	10	16	9	12	11	21	23	29	28	34	5	18	16	16	12	17	6	8	6	17	9	17	25	26	21	22	3	26	12	
1446_A/parrot/Guangdong/2 8	7	9	0	16	3	7	5	5	15	0	0	15	5	1	10	7	7	3	0	11	7	7	3	14	15	18	2	9	0	18	10	19	13	20	11	10	10	10	12	20	25	26	29	35	6	18	17	14	13	14	7	9	9	20	8	18	21	29	21	21	2	23	13	
1447_A/parrot/Guangdong/C 10	7	7	2	14	6	9	3	9	15	0	0	11	2	1	10	7	7	9	2	8	8	1	5	10	10	22	4	16	4	13	5	13	14	19	10	16	9	12	12	21	24	28	27	34	5	18	17	15	13	18	6	9	6	16	10	17	23	24	20	22	4	29	12	
1448_A/Pavo_cristatus/Chi 10	11	7	1	14	4	9	4	5	16	0	0	15	1	1	10	7	8	6	2	9	7	4	6	10	12	27	2	14	2	10	7	18	13	15	12	7	6	18	11	22	29	24	31	36	3	21	11	15	15	14	7	7	3	19	8	15	24	36	20	26	4	16	13	
1449_A/Pavo_cristatus/Chi 10	11	7	1	14	4	9	4	5	16	0	0	15	1	1	10	7	8	6	2	9	7	4	6	10	12	27	2	14	2	10	7	18	13	15	12	7	6	18	11	22	29	24	31	36	3	21	11	15	15	14	7	7	3	19	8	15	24	36	20	26	4	16	13	
1450_A/Pavo_cristatus/Jia 10	11	8	1	14	4	8	4	7	15	0	0	15	1	1	10	7	7	7	3	9	7	3	5	9	12	29	4	14	3	8	5	19	13	16	12	8	6	17	10	22	31	24	29	36	2	21	13	13	13	13	7	7	3	21	7	17	22	37	20	25	6	15	14	
1451_A/peacock/Yunnan/1/2 10	8	11	1	14	6	5	4	6	13	0	0	17	3	1	10	11	6	10	1	6	6	0	5	9	12	22	2	11	5	14	5	13	10	17	13	14	13	13	9	23	26	28	31	37	4	18	17	8	8	14	8	12	10	20	7	14	22	29	17	28	4	23	16	
1452_A/peacock/Yunnan/3/2 10	8	11	1	14	6	5	4	6	13	0	0	18	3	1	10	11	6	10	1	6	6	0	5	10	12	22	2	11	5	14	5	13	10	17	13	15	13	13	9	23	26	27	31	37	4	18	17	8	8	14	8	12	10	20	7	13	22	29	17	27	4	23	16	
1453_A/Peregrine_Falcon/H 13	7	9	0	11	7	8	5	6	12	0	0	21	4	1	10	9	10	8	1	7	3	3	6	6	13	18	4	12	3	17	4	13	11	19	12	14	9	11	12	22	30	26	27	35	3	17	20	14	14	18	8	10	9	15	6	12	19	31	22	27	3	22	11	
1454_A/Phalacrocorax/Hube 10	8	11	1	14	5	5	4	6	14	0	0	19	3	1	10	11	7	9	1	6	5	1	5	9	13	21	2	10	4	15	5	12	10	17	13	13	13	14	9	23	26	26	28	37	4	20	19	9	8	14	8	12	11	20	7	13	22	30	18	28	4	22	15	
1455_A/Phalacrocorax/Hube 10	8	11	1	14	5	5	4	6	14	0	0	19	3	1	10	11	7	9	1	6	5	1	5	9	13	21	2	10	4	15	5	12	10	17	13	13	13	14	9	23	26	26	28	37	4	20	19	9	8	14	8	12	11	20	7	13	22	30	18	28	4	22	15	
1456_A/pheasant/Hebei/B02 13	8	9	0	11	7	8	5	6	13	0	0	21	4	1	10	8	9	8	1	8	3	3	6	6	12	18	4	12	3	17	4	14	11	19	12	14	9	11	11	22	29	26	28	34	4	17	19	14	14	19	8	10	9	14	7	12	19	31	22	27	3	22	11	
1457_A/pigeon/Fujian/1.17 10	12	9	1	14	3	7	4	9	15	0	0	12	1	1	10	9	8	7	3	10	6	3	5	8	13	28	4	15	2	9	5	18	13	15	12	8	6	19	10	22	30	24	30	35	3	21	12	13	13	12	7	6	4	21	8	17	25	37	18	26	2	15	15	
1458_A/pigeon/Guangdong/0 10	11	8	1	14	4	8	3	6	15	0	0	15	1	1	10	8	8	7	3	9	7	3	6	7	12	28	4	14	3	9	5	19	13	16	12	8	5	16	11	21	30	23	28	35	3	21	12	13	13	12	7	7	3	20	8	17	23	35	18	25	5	16	15	
1459_A/pigeon/Guangdong/0 10	11	8	1	14	4	8	4	6	15	0	0	16	1	1	10	8	8	7	3	9	6	3	5	7	12	28	4	14	3	9	5	19	13	17	12	8	6	16	10	21	30	23	28	35	3	20	13	13	13	11	7	7	3	21	8	17	23	35	18	24	5	16	15	
1460_A/pigeon/Guangdong/0 10	11	8	1	14	4	8	3	6	15	0	0	15	1	1	10	8	8	7	3	9	7	3	6	9	12	28	4	14	3	9	5	19	13	16	12	8	5	17	11	22	30	24	30	36	3	21	12	13	12	13	7	7	4	20	8	17	23	36	18	25	5	16	15	
1461_A/pigeon/Hainan/1.14 10	12	8	1	14	4	8	4	9	14	0	0	13	1	1	10	7	7	7	3	9	7	3	5	9	12	28	4	14	3	9	5	19	13	16	12	9	6	17	10	22	30	23	30	37	3	22	12	13	12	12	6	6	4	21	8	16	22	34	20	25	6	19	14	
1462_A/pigeon/Hubei/RP25/ 10	7	6	2	14	6	10	3	9	15	0	0	11	3	1	10	6	8	9	1	8	7	1	6	11	9	22	5	16	5	15	4	14	16	22	8	14	9	10	14	20	22	30	28	34	5	14	15	15	11	16	8	8	8	16	8	20	24	26	19	21	4	26	15	
1463_A/Pigeon/Hunan/04.14 10	6	7	2	14	7	9	3	9	15	0	0	13	2	1	10	8	10	9	1	6	7	1	6	13	10	22	8	13	2	15	2	15	15	23	7	16	9	10	14	21	27	23	22	32	5	21	20	13	13	18	8	10	5	16	7	14	22	28	20	23	5	24	13	
1464_A/pigeon/Jiangsu/12. 10	8	11	0	14	5	5	5	7	12	0	0	19	4	1	10	11	8	9	1	6	5	1	5	10	11	21	1	10	5	15	5	14	10	16	13	12	13	14	10	21	26	24	30	36	3	21	18	8	9	16	8	13	11	17	7	13	21	34	18	29	5	20	15	
1465_A/Pigeon/Jiangxi/02. 10	8	11	1	14	6	5	4	4	14	1	0	17	2	0	10	10	7	9	2	4	6	1	5	14	12	18	2	12	4	18	4	15	6	15	15	14	12	16	7	20	30	28	29	35	3	17	18	15	10	13	7	12	10	21	6	13	19	30	22	25	6	23	13	
1466_A/Pigeon/Jiangxi/04. 9	8	11	2	15	6	5	3	4	14	1	0	18	2	0	10	10	7	9	2	4	6	1	5	13	13	18	2	11	3	18	4	15	6	15	15	14	12	16	7	19	30	26	27	33	3	18	18	14	10	13	7	12	9	20	6	13	20	28	22	27	6	23	13	
1467_A/pigeon/Jiangxi/S40 13	7	10	0	11	7	7	5	6	12	0	0	21	5	1	10	8	10	8	1	8	3	3	6	6	12	19	4	12	3	16	4	13	12	19	12	14	9	11	11	23	30	28	25	35	3	17	19	14	13	18	8	10	9	15	7	11	19	30	23	27	3	23	11	
1468_A/pigeon/Jilin/04.25 11	7	8	2	13	6	8	3	7	15	0	0	13	2	1	10	10	8	7	1	5	8	3	6	15	11	20	7	12	2	17	2	17	15	21	8	13	7	12	13	20	26	22	23	35	5	22	20	12	11	20	8	9	7	15	8	17	21	29	20	24	6	22	12	
1469_A/pigeon/Jilin/04.25 10	8	11	0	14	5	5	5	5	13	0	0	19	4	1	10	10	7	9	1	7	6	1	5	12	11	21	1	9	5	15	5	14	11	16	13	12	12	15	9	22	26	24	30	37	3	21	18	8	10	15	6	13	9	18	9	13	22	32	18	28	4	22	15	
1470_A/pigeon/Jilin/S4176 11	7	10	2	13	6	6	3	6	15	1	0	16	2	0	10	10	8	9	2	4	6	1	4	11	12	22	3	13	4	14	4	15	9	17	12	13	9	15	10	21	29	23	23	35	3	22	23	14	11	16	6	13	8	18	8	11	21	31	20	29	4	22	14	
1471_A/Pigeon/Shandong/WS 7	9	6	4	17	5	10	1	8	14	0	0	14	2	1	10	8	9	6	2	6	5	4	5	13	14	24	5	13	1	10	5	13	11	18	10	17	8	14	12	22	32	27	31	34	0	20	13	9	8	20	9	11	8	14	8	11	24	31	25	29	5	22	6	
1472_A/pigeon/Sichuan/04. 10	6	7	2	14	7	9	3	8	16	0	0	13	1	1	10	9	10	9	1	6	7	1	6	12	10	22	7	13	2	15	2	15	16	23	8	14	8	10	13	19	27	23	21	33	3	20	20	13	13	17	8	10	5	16	7	15	23	26	21	23	5	24	12	
1473_A/pigeon/Sichuan/NCX 11	6	7	2	13	7	9	3	9	16	0	0	13	1	1	10	9	9	8	1	6	8	2	6	13	10	20	6	12	2	17	2	17	16	24	8	14	8	9	13	21	25	26	24	33	5	19	19	13	11	19	8	8	7	15	6	16	23	28	19	23	5	24	15	
1474_A/pigeon/Zhejiang/11 10	8	11	0	14	5	5	5	7	13	0	0	20	4	1	10	11	8	9	1	6	5	1	5	10	11	21	1	9	5	15	6	14	10	16	13	13	13	15	9	21	26	24	30	34	3	21	19	8	9	15	7	12	12	17	8	13	19	34	18	29	6	20	15	
1475_A/pigeon/Zhejiang/11 10	8	11	0	14	5	5	5	5	13	0	0	19	4	1	10	10	8	9	1	7	5	1	5	12	12	21	1	9	5	15	5	14	11	16	13	12	12	15	9	21	25	24	30	38	3	21	18	8	10	15	7	13	10	17	8	13	22	33	18	28	4	21	15	
1476_A/pigeon/Zhejiang/72 11	6	8	1	13	7	8	4	7	14	0	0	18	3	1	10	9	9	8	2	7	4	2	5	7	11	19	4	13	5	17	4	14	12	20	12	12	10	11	10	23	29	29	33	34	4	16	12	15	11	18	8	11	9	16	7	9	21	29	23	28	3	25	9	
1477_A/plateau_pika/Qingh 9	8	8	1	16	6	9	4	9	15	0	0	12	2	1	10	8	6	8	2	7	7	2	4	10	11	23	4	15	5	13	6	15	12	15	10	13	9	18	13	23	30	26	28	34	3	20	14	16	12	19	6	8	6	14	7	18	20	28	20	21	6	26	15	
1478_A/Quail/Guangxi/GX-2 10	11	7	1	14	4	9	4	5	15	0	0	16	1	1	10	8	8	7	3	9	7	3	4	9	11	27	3	12	3	10	7	19	13	14	13	7	6	17	11	21	27	24	28	35	3	21	12	15	14	14	6	7	3	17	9	14	25	36	18	27	5	15	15	
1479_A/quail/Jiangsu/k010 10	6	7	1	14	7	9	4	6	14	0	0	15	3	1	10	8	9	8	2	7	4	2	5	10	11	22	3	15	5	15	5	14	15	17	11	14	8	13	11	20	26	29	28	35	4	17	16	12	12	18	6	10	6	17	9	19	23	25	24	23	3	28	9	
1480_A/quail/Jiangxi/B9/2 10	7	9	1	14	6	7	4	6	13	0	0	19	3	1	10	10	9	6	3	6	5	4	4	11	13	17	4	7	5	19	4	11	8	20	11	14	10	12	10	25	29	25	28	34	6	21	18	8	12	16	8	16	7	17	9	8	23	28	22	32	4	22	9	
1481_A/quail/Nanchang/663 10	7	6	2	14	7	10	3	9	15	0	0	12	2	1	10	9	9	9	1	6	8	1	6	12	10	22	7	14	2	15	2	15	16	22	8	14	10	11	13	21	24	22	26	33	6	20	19	12	10	19	8	11	4	15	7	16	25	29	18	22	5	23	15	
1482_A/Quail/Zhanjiang/16 10	11	8	1	14	4	8	4	7	15	0	0	14	1	1	10	8	8	7	3	11	6	3	5	10	13	27	5	13	2	10	4	18	14	17	10	8	6	18	11	22	30	24	30	36	3	21	12	13	12	12	7	6	4	21	8	18	23	38	19	24	4	14	14	
1483_A/Quanzhou/2/2024|EP 13	7	11	0	11	6	7	5	6	12	0	0	22	5	1	10	9	10	7	1	8	3	3	6	6	13	21	4	10	3	14	4	12	10	21	13	14	9	9	10	25	30	26	29	35	3	17	18	15	16	18	8	9	7	15	7	13	18	31	22	25	4	22	11	
1484_A/Shandong/1/2009|EP 11	6	6	3	13	8	10	2	8	13	1	0	11	3	0	10	9	8	8	2	6	8	2	5	13	9	23	5	14	4	13	5	15	14	17	11	14	6	14	11	21	29	23	25	36	2	21	19	17	12	19	5	7	8	15	10	13	23	35	20	24	4	18	13	
1485_A/Shenzhen/1/2015|EP 13	9	11	1	11	4	5	4	6	14	0	0	17	3	1	10	10	7	9	2	4	6	1	5	11	10	16	4	13	6	20	4	16	10	13	15	13	9	18	7	20	31	28	27	34	1	17	18	12	9	13	7	14	9	21	5	12	21	30	22	28	6	23	14	
1486_A/Shenzhen/1/2016|EP 12	6	9	1	12	8	7	4	6	14	1	0	17	2	0	10	10	8	9	2	4	5	1	4	10	11	18	4	14	5	18	4	15	9	14	14	14	9	17	8	21	29	28	27	33	4	18	19	13	10	15	7	12	11	19	6	13	21	26	22	27	4	26	13	
1487_A/Shenzhen/TH001/201 13	9	11	1	11	4	5	4	6	14	0	0	17	3	1	10	10	7	9	2	4	6	1	5	11	10	16	4	13	6	20	4	16	10	13	15	13	9	18	7	20	31	28	27	34	1	17	18	12	9	13	7	14	9	21	5	12	22	30	22	28	5	23	14	
1488_A/Shenzhen/TH003/201 11	6	10	1	13	8	6	4	6	14	1	0	17	2	0	10	10	8	9	2	4	5	1	4	11	12	18	4	13	4	18	4	15	8	14	15	15	10	16	8	21	29	27	28	33	4	19	18	13	10	15	7	12	9	19	6	13	22	27	22	27	4	25	13	
1489_A/Shoveller/Ningxia/ 11	6	8	2	13	7	8	3	10	14	0	0	14	3	1	10	9	9	6	2	6	7	3	6	12	11	22	7	11	2	15	2	17	17	22	8	14	8	11	13	21	25	25	25	33	4	20	17	13	11	19	8	8	7	15	7	17	23	29	17	22	5	23	16	
1490_A/Sichuan/1/2006|EPI 11	7	7	2	13	6	9	3	8	16	0	0	14	1	1	10	7	7	9	2	8	8	1	5	9	10	23	3	17	4	13	6	14	14	16	11	17	10	15	11	20	25	28	28	32	6	16	17	13	12	16	7	9	5	17	9	16	24	24	22	23	4	29	10	
1491_A/Sichuan/2/2006|EPI 11	7	7	2	13	6	9	3	8	16	0	0	14	1	1	10	7	7	9	2	8	8	1	5	9	10	23	3	17	4	13	6	14	14	16	11	17	10	15	11	20	25	28	28	32	6	16	17	13	12	16	7	9	5	17	9	17	24	24	21	22	4	29	11	
1492_A/Sichuan/26221/2014 10	6	7	2	14	7	9	3	9	15	0	0	13	2	1	10	9	10	9	1	6	7	1	6	13	10	22	7	13	2	15	3	15	15	23	8	14	9	11	13	21	27	24	22	34	3	20	20	13	13	18	8	10	5	15	7	14	23	28	20	23	5	24	13	
1493_A/silkie_chicken/Don 11	6	7	2	13	7	9	3	9	15	0	0	13	2	1	10	9	9	7	1	6	8	3	6	12	10	21	7	13	2	16	2	17	16	24	8	14	8	9	13	21	25	25	25	33	5	20	17	13	11	18	8	8	7	16	7	16	23	29	18	23	5	23	15	
1494_A/Spatula_querquedul 13	7	9	1	11	7	7	4	6	13	0	0	20	3	1	10	7	11	6	1	10	3	4	6	7	11	17	4	12	4	18	5	14	10	18	11	14	10	12	11	20	29	26	30	36	4	19	15	13	11	16	7	6	10	19	7	16	22	31	24	27	2	22	10	
1495_A/Spoonbill/HK/17-18 13	4	10	0	11	10	7	5	6	11	0	0	20	5	1	10	9	11	7	1	7	3	3	6	5	12	17	4	14	3	19	4	13	12	19	11	15	8	11	11	21	30	27	31	35	3	16	16	12	13	16	8	10	10	18	7	14	18	31	21	27	4	22	12	
1496_A/spoonbill/Taiwan/D 13	4	10	0	11	10	7	5	6	12	0	0	20	4	1	10	8	11	7	1	8	3	3	6	5	12	17	4	14	3	19	4	13	11	18	11	14	9	13	11	22	29	27	30	35	3	17	16	12	12	17	9	10	11	16	6	14	19	30	22	27	4	23	11	
1497_A/spot_billed_duck/N 12	6	9	0	12	7	7	5	6	14	0	0	20	3	1	10	6	12	7	1	11	3	3	6	6	11	18	4	12	3	18	4	13	11	18	11	14	8	13	11	22	32	24	30	35	2	20	15	11	13	18	9	12	10	16	6	15	18	31	24	26	4	22	9	
1498_A/spot-billed_duck/N 13	6	9	0	11	8	8	5	6	12	0	0	19	4	1	10	8	11	7	1	8	3	3	6	4	12	18	4	16	3	18	4	13	11	18	11	15	10	13	11	22	30	27	29	34	3	17	16	11	13	17	8	11	9	16	7	15	18	31	23	27	4	22	10	
1499_A/Streptopelia_decao 11	7	9	1	14	6	7	4	5	14	0	0	18	2	1	10	10	8	6	3	6	6	4	4	12	12	15	4	8	4	21	4	10	9	20	11	14	10	12	10	24	28	23	27	35	6	21	19	8	12	16	8	16	7	17	9	8	23	32	21	33	5	20	10	
1500_A/Streptopelia_decao 9	9	11	0	14	5	5	5	5	13	0	0	19	4	1	10	10	8	9	1	7	5	1	5	12	11	20	1	9	5	16	5	14	10	16	13	11	14	15	9	20	26	26	30	37	4	20	18	8	10	15	7	13	9	18	8	14	22	33	18	27	4	22	14	
1501_A/Streptopelia_decao 9	7	9	1	14	6	7	4	6	12	0	0	19	3	1	10	10	9	6	3	7	5	4	4	12	13	15	4	8	4	21	4	10	8	20	11	15	10	12	10	25	28	23	28	33	7	21	18	8	12	16	7	16	7	17	10	8	23	30	21	33	4	22	10	
1502_A/swan_goose/Jilin/J 9	6	7	2	15	7	9	3	9	15	0	0	13	2	1	10	9	10	8	1	6	7	2	6	13	10	22	8	13	2	15	2	16	13	23	8	14	10	10	13	21	27	23	21	33	4	21	21	14	13	18	8	10	5	16	7	14	23	28	20	22	5	24	13	
1503_A/swan/China/ST/2016 12	6	10	1	12	9	6	4	6	13	0	0	18	4	1	10	7	11	6	2	9	3	4	5	6	11	15	5	15	4	21	4	16	10	18	10	11	9	13	12	21	30	26	30	35	4	19	14	13	13	16	8	11	8	18	7	12	19	31	22	27	4	22	11	
1504_A/swan/Hebei/B01/202 13	6	9	0	11	8	8	5	6	12	0	0	21	4	1	10	8	10	8	1	8	3	3	6	6	14	18	4	12	2	17	4	13	11	19	12	15	9	11	11	22	30	26	28	35	3	17	19	14	13	18	8	9	10	15	7	12	19	31	22	27	3	22	11	
1505_A/swan/Shandong/W376 9	8	7	1	15	4	9	4	8	16	0	0	12	2	1	10	8	8	7	2	7	5	3	5	9	11	23	4	17	5	13	5	14	14	21	8	15	8	11	13	20	26	29	29	35	5	16	15	16	13	16	6	9	6	18	9	16	23	24	23	22	3	29	10	
1506_A/swine/China/RZ/201 10	12	8	2	14	4	8	3	9	14	0	0	13	1	1	10	7	7	7	3	9	7	3	5	9	12	28	4	14	3	9	5	18	13	16	12	8	5	18	10	23	30	24	29	36	3	22	13	14	12	12	7	7	5	21	7	16	22	32	20	25	6	19	14	
1507_A/swine/Guangdong/1/ 11	6	7	2	13	7	9	3	9	15	0	0	12	2	1	10	8	9	7	1	7	8	3	6	13	10	21	7	13	2	16	2	17	17	25	8	15	7	8	13	21	24	25	25	33	5	20	17	13	11	18	7	7	7	16	8	16	24	30	18	23	5	22	15	
1508_A/swine/Guangdong/2/ 11	6	7	2	13	7	9	3	9	15	0	0	12	2	1	10	8	9	7	1	7	8	3	6	13	10	21	7	13	2	16	2	17	17	25	8	15	7	8	13	21	25	25	25	33	5	21	16	13	11	18	7	7	7	16	8	16	23	29	18	23	5	23	15	
1509_A/swine/Guangdong/G3 11	6	7	2	13	6	9	3	8	16	0	0	14	2	1	10	10	9	6	1	5	9	4	6	13	9	21	7	12	2	16	2	18	14	23	8	13	9	10	12	23	25	25	23	33	5	20	19	15	11	19	8	6	7	15	8	13	23	29	15	25	5	23	18	
1510_A/swine/Shandong/SD1 11	6	7	3	13	8	9	2	6	13	0	0	14	3	1	10	7	8	8	2	7	7	2	5	10	10	22	5	17	4	14	5	13	15	17	11	16	6	14	11	20	30	23	28	35	2	22	15	17	10	19	6	6	8	15	9	16	23	29	19	24	4	24	14	
1511_A/Syrrhaptes_paradox 10	11	8	1	14	4	8	4	7	15	0	0	14	1	1	10	8	7	7	3	9	7	3	5	9	12	28	5	14	3	9	5	20	14	16	14	8	6	18	9	22	30	23	29	36	3	21	12	11	12	11	7	8	3	20	8	16	23	39	19	26	5	15	14	
1512_A/Taiwan/DV413/2006| 9	7	5	1	15	5	11	4	7	14	0	0	15	4	1	10	6	8	9	2	9	4	2	5	11	14	22	4	13	3	14	5	13	11	16	11	15	11	15	11	24	25	28	29	35	5	15	15	14	14	23	6	9	6	12	9	17	22	26	22	21	4	25	12	
1513_A/Taiwan/DV518/2006| 9	7	6	1	15	5	10	4	7	14	0	0	15	4	1	10	6	8	9	2	9	4	2	5	11	14	22	4	13	3	14	5	13	11	16	10	15	11	15	12	24	25	27	29	35	5	16	15	14	13	23	6	8	6	12	9	18	23	27	22	21	4	24	12	
1514_A/thrush/Taiwan/1512 11	7	8	1	13	6	8	4	6	15	0	0	21	3	1	10	8	9	8	2	7	3	2	5	8	11	19	4	11	6	17	4	15	10	19	12	16	8	12	10	19	32	27	32	36	3	18	13	13	13	22	9	13	10	13	6	11	17	31	22	25	3	21	11	
1515_A/tiger/Yunnan/tig14 11	6	7	2	13	7	9	3	9	15	0	0	13	2	1	10	9	9	7	1	6	8	3	6	12	10	22	6	13	2	15	2	17	16	23	8	14	8	10	13	21	25	25	26	33	5	20	17	14	11	19	8	9	7	15	7	14	23	28	19	24	5	23	14	
1516_A/tiger/Yunnan/tig14 11	6	7	2	13	7	9	3	9	16	0	0	12	1	1	10	9	9	9	1	6	8	1	6	12	10	24	7	14	2	13	2	15	16	23	8	15	9	10	13	21	24	25	25	33	6	19	18	13	12	19	9	8	5	15	6	17	24	28	19	22	5	24	14	
1517_A/tiger/Yunnan/tig15 10	8	11	1	14	6	5	4	5	13	0	0	17	3	1	10	10	7	10	1	6	5	0	5	12	12	22	2	12	5	14	5	12	10	19	13	14	13	13	9	23	25	26	30	36	5	19	18	9	8	14	7	11	11	19	9	13	22	29	16	28	4	23	16	
1518_A/tundra_swan/Fujian 8	8	10	1	16	6	6	4	6	14	0	0	17	1	1	10	8	12	10	1	8	3	1	5	13	11	15	3	10	3	21	6	14	9	17	13	13	14	13	9	22	27	21	32	35	3	22	15	10	9	14	7	14	9	19	9	16	20	25	27	24	6	28	6	
1519_A/tundra_swan/Hubei/ 13	7	9	0	11	7	8	5	6	12	0	0	20	4	1	10	8	10	8	1	8	3	3	6	6	13	18	4	13	3	17	4	13	11	19	12	14	9	11	11	21	30	27	27	35	3	16	19	13	14	18	8	10	9	15	7	14	19	31	23	27	3	22	11	
1520_A/tundra_swan/Hubei/ 13	7	9	0	11	7	8	5	6	12	0	0	20	4	1	10	8	10	8	1	8	3	3	5	6	13	18	5	13	3	17	4	13	11	19	12	14	9	11	11	22	30	27	28	35	3	16	19	14	14	18	8	10	9	15	7	12	19	31	22	27	3	22	11	
1521_A/tundra_swan/Hubei/ 13	7	9	0	11	7	8	5	6	12	0	0	20	4	1	10	8	10	8	1	8	3	3	6	6	13	18	4	13	3	17	4	13	11	19	12	14	9	11	11	22	30	26	28	35	3	17	19	14	14	18	8	10	9	15	7	12	19	31	21	27	3	22	12	
1522_A/tundra_swan/Hubei/ 13	7	9	0	11	7	8	5	6	12	0	0	21	4	1	10	8	10	8	1	8	3	3	6	6	13	18	4	12	3	17	4	13	11	19	12	14	9	11	11	22	30	26	28	35	3	17	19	14	14	18	8	10	9	15	7	12	19	31	21	27	3	22	12	
1523_A/tundra_swan/Hubei/ 12	7	9	1	11	7	8	5	6	12	0	0	20	4	1	10	8	10	8	1	8	3	3	6	6	13	18	4	13	3	17	4	13	11	19	12	13	9	11	11	22	30	26	28	35	3	17	19	13	14	18	8	11	9	15	7	12	19	31	21	28	3	22	12	
1524_A/tundra_swan/Hubei/ 13	7	9	0	11	7	8	5	6	12	0	0	20	4	1	10	8	9	8	1	8	3	3	6	6	14	18	4	13	3	17	4	13	11	19	11	14	9	11	12	22	30	25	29	35	3	17	19	14	14	18	8	10	9	15	7	12	19	31	22	27	3	22	11	
1525_A/turkey/Changhua/16 11	8	8	1	13	5	8	4	5	15	0	0	22	2	1	10	8	8	8	2	8	4	2	5	7	11	18	4	12	6	18	4	14	11	19	12	17	7	12	10	20	30	27	31	35	3	18	14	14	11	20	10	11	11	14	6	12	19	29	20	25	4	24	12	
1526_A/turkey/Chiayi/1702 9	9	11	2	15	5	5	3	6	14	0	0	19	2	1	10	10	9	9	2	6	4	1	5	9	12	16	3	11	4	20	5	16	9	19	12	11	9	12	10	20	31	24	30	36	5	20	16	9	10	16	6	15	8	18	9	8	20	29	21	32	6	24	12	
1527_A/turkey/Chiayi/1801 12	8	7	1	12	5	9	4	5	13	0	0	22	4	1	10	8	9	8	2	8	3	3	5	8	12	18	5	10	5	17	4	13	11	18	14	17	7	12	10	18	32	29	28	37	4	17	15	13	10	19	8	13	10	15	6	14	20	29	22	23	4	23	11	
1528_A/turkey/Yunlin/1506 12	8	8	1	12	5	8	4	5	14	0	0	22	3	1	10	8	9	8	2	8	3	2	5	7	11	18	4	11	6	18	4	15	10	19	13	16	8	12	9	20	31	27	32	36	3	18	13	11	12	20	8	14	10	14	6	12	18	30	22	25	4	23	12	
1529_A/turkey/Yunlin/1802 12	8	7	1	12	5	9	4	5	13	0	0	22	4	1	10	8	9	8	2	8	3	3	5	7	12	18	5	11	5	17	4	14	11	18	14	16	7	12	10	18	32	29	28	37	4	17	15	13	10	18	8	13	10	16	6	13	20	29	22	24	4	23	11	
1530_A/turkey/Yunlin/1811 12	8	7	1	12	5	9	4	4	13	0	0	23	4	1	10	7	9	8	1	9	4	3	5	7	11	21	4	11	5	15	5	15	11	18	11	15	7	13	11	19	32	27	29	36	4	20	15	14	10	20	9	13	10	14	5	14	19	28	22	22	4	23	12	
1531_A/turkey/Yunlin/1812 10	9	12	2	14	5	4	3	5	14	0	0	22	2	1	10	7	10	7	2	9	3	3	5	6	9	21	4	13	7	15	4	14	9	18	12	15	9	13	10	20	28	24	31	35	6	20	15	13	14	16	8	12	9	18	7	12	20	33	22	24	4	20	11	
1532_A/turtle_dove/Guangd 11	7	7	2	13	6	9	3	9	16	0	0	14	1	1	10	7	7	9	2	8	8	1	5	9	10	22	3	16	4	14	6	14	14	16	11	16	10	15	11	20	25	28	27	32	6	17	17	13	12	16	7	10	5	17	8	17	26	23	23	22	3	29	10	
1533_A/turtle_dove/Hunan/ 10	9	11	1	14	4	5	4	5	14	0	0	19	3	1	10	10	7	10	1	6	5	0	5	11	12	21	1	10	5	15	6	11	9	17	13	14	14	14	9	23	28	28	27	37	2	19	19	9	8	16	7	12	11	17	8	15	21	31	19	26	4	22	15	
1534_A/Waterfowl/Hubei/Ch 10	6	7	2	14	7	9	3	7	14	0	0	14	3	1	10	9	10	9	1	6	7	1	6	13	10	22	8	13	2	15	2	16	14	24	8	14	9	10	13	21	27	23	23	33	4	19	21	13	12	16	8	10	6	17	7	16	23	28	20	22	5	24	13	
1535_A/Waterfowl/Hubei/Ch 10	6	7	2	14	7	9	3	8	14	0	0	14	3	1	10	9	10	9	1	6	7	1	6	13	10	22	8	13	2	15	2	16	14	24	8	14	9	10	13	21	27	23	23	33	4	19	21	13	12	17	8	10	6	16	7	15	23	28	20	22	5	24	13	
1536_A/whiskered_tern/Hub 13	7	9	0	11	7	8	5	6	12	0	0	20	4	1	10	8	10	8	1	8	4	3	6	6	13	18	4	13	3	17	4	14	11	18	12	14	9	11	11	22	30	26	28	35	3	17	19	14	14	18	8	10	8	15	7	12	19	30	23	27	3	22	11	
1537_A/white_naped_crane/ 10	11	7	1	14	4	9	4	5	16	0	0	15	1	1	10	7	8	6	2	9	7	4	6	10	12	27	2	14	2	10	7	18	13	15	12	7	6	18	11	22	29	24	31	36	3	21	11	15	15	14	7	7	3	19	8	15	24	36	20	26	4	16	13	
1538_A/White-eyed_Pochard 11	6	8	2	13	7	8	3	10	14	0	0	14	3	1	10	9	9	6	2	6	7	3	6	12	11	23	7	11	2	14	2	17	17	22	8	14	8	11	13	21	25	24	24	33	4	21	18	13	11	19	8	8	7	15	7	18	23	29	17	21	5	23	16	
1539_A/whooper_swan/Henan 13	7	9	1	11	7	7	4	8	13	0	0	17	3	1	10	7	11	6	1	10	3	4	6	6	11	18	4	13	4	18	4	14	10	18	11	13	9	13	11	20	32	26	33	36	2	18	13	12	11	16	7	9	10	18	7	15	21	31	25	28	3	22	9	
1540_A/whooper_swan/Henan 13	7	9	1	11	7	7	4	8	13	0	0	17	3	1	10	7	11	6	1	10	3	4	6	6	11	18	4	13	4	18	4	14	10	18	11	13	9	13	11	20	32	26	33	36	2	18	13	12	11	16	7	9	11	18	6	15	21	31	25	28	3	22	9	
1541_A/whooper_swan/Henan 13	7	9	1	11	7	7	4	8	13	0	0	17	3	1	10	7	11	6	1	10	3	4	6	6	11	18	4	13	4	18	4	14	10	18	11	13	9	13	11	20	32	26	33	36	2	18	13	12	11	16	7	9	10	18	7	15	21	31	25	28	3	22	9	
1542_A/whooper_swan/Henan 13	7	9	1	11	7	7	4	8	13	0	0	17	3	1	10	7	11	6	1	10	3	4	6	6	11	18	4	13	4	18	4	14	10	18	11	13	9	13	11	20	32	26	33	36	2	18	13	12	11	16	7	9	10	18	7	15	21	31	25	28	3	22	9	
1543_A/whooper_swan/Henan 13	7	9	1	11	7	7	4	8	13	0	0	17	3	1	10	7	11	6	1	10	3	4	6	6	11	18	4	13	4	18	4	14	10	18	11	13	9	13	11	20	32	26	33	36	2	18	13	12	11	16	7	9	10	18	7	15	21	31	25	28	3	22	9	
1544_A/whooper_swan/Henan 13	7	9	1	11	7	7	4	8	13	0	0	17	3	1	10	7	11	6	1	10	3	4	6	6	11	18	4	13	4	18	4	14	10	18	11	13	9	13	11	20	31	26	33	36	3	18	13	12	11	16	7	9	10	18	7	15	21	31	24	28	3	22	10	
1545_A/whooper_swan/Henan 13	7	9	0	11	7	8	5	6	12	0	0	21	4	1	10	8	10	8	1	8	3	3	6	6	13	18	4	12	3	17	4	13	11	19	12	14	9	11	11	22	30	26	28	35	3	17	19	13	14	18	8	10	9	15	7	13	19	31	22	27	3	22	11	
1546_A/whooper_swan/Henan 13	7	9	0	11	7	8	5	6	12	0	0	21	4	1	10	8	10	8	1	8	3	3	6	6	13	18	4	12	3	17	4	13	11	19	12	14	9	11	11	22	30	26	28	35	3	17	19	14	13	18	8	10	10	15	7	12	19	31	22	27	3	22	11	
1547_A/whooper_swan/Henan 13	7	9	0	11	7	8	5	6	12	0	0	21	4	1	10	8	10	8	1	8	3	3	6	6	13	18	4	12	3	17	4	13	11	19	12	14	9	11	11	22	30	26	28	35	3	17	19	14	13	18	8	10	10	15	7	12	19	31	22	27	3	22	11	
1548_A/whooper_swan/Henan 13	7	9	0	11	7	8	5	6	12	0	0	21	4	1	10	8	10	8	1	8	3	3	6	6	13	18	4	12	3	17	4	13	11	19	12	14	9	11	11	22	30	26	28	35	3	17	19	14	14	18	8	10	9	15	7	12	19	31	22	27	3	22	11	
1549_A/whooper_swan/Henan 13	7	9	0	11	7	8	5	6	12	0	0	20	4	1	10	8	10	8	1	8	3	3	6	6	13	18	4	13	3	17	4	13	11	19	12	14	9	11	11	22	30	27	27	35	3	17	19	13	14	18	8	10	9	15	7	14	19	31	21	27	3	22	11	
1550_A/whooper_swan/Henan 13	7	9	0	11	7	8	5	6	12	0	0	20	4	1	10	8	10	8	1	8	3	3	6	6	13	18	4	13	3	17	4	13	11	19	12	14	9	11	11	22	30	26	28	35	3	17	19	14	14	18	8	10	9	15	7	11	19	31	22	28	3	22	11	
1551_A/whooper_swan/Henan 13	7	9	0	11	7	8	5	6	12	0	0	20	4	1	10	8	10	8	1	8	3	3	6	6	13	18	4	13	3	17	4	13	11	19	12	14	9	11	11	22	30	26	28	35	3	17	19	14	14	18	8	10	9	15	7	12	19	31	22	27	3	22	11	
1552_A/whooper_swan/Henan 13	7	9	0	11	7	8	5	6	12	0	0	20	4	1	10	8	10	8	1	8	3	3	6	6	13	18	4	13	3	17	4	13	11	19	12	14	9	11	11	22	30	26	28	35	3	17	19	14	14	18	8	10	9	15	7	12	19	31	22	27	3	22	11	
1553_A/whooper_swan/Henan 13	7	9	0	11	7	8	5	6	12	0	0	21	4	1	10	8	10	8	1	8	3	3	6	6	13	18	4	12	3	17	4	13	11	19	12	14	9	11	11	22	30	26	28	35	3	17	19	14	14	18	8	10	9	15	7	12	19	31	22	27	3	22	11	
1554_A/whooper_swan/Henan 13	7	9	0	11	7	8	5	6	12	0	0	21	4	1	10	8	10	8	1	8	3	3	6	6	13	18	4	12	3	17	4	13	11	19	12	14	9	11	11	22	30	26	28	35	3	17	19	14	14	18	8	10	9	15	7	12	19	31	21	27	3	22	12	
1555_A/whooper_swan/Henan 13	7	9	0	11	7	8	5	6	12	0	0	20	4	1	10	8	10	8	1	8	3	3	6	6	13	18	4	13	3	17	4	13	11	19	12	14	9	11	11	22	30	26	28	35	3	17	19	14	14	18	8	10	9	15	7	12	19	31	21	27	3	22	12	
1556_A/whooper_swan/Henan 9	8	10	0	15	5	5	5	5	14	0	0	20	3	1	10	10	9	10	1	7	5	1	5	12	10	22	1	9	5	14	5	15	11	17	12	11	13	14	10	21	25	25	30	35	4	20	18	8	9	15	8	13	10	18	7	13	22	31	20	29	4	22	14	
1557_A/whooper_swan/Henan 9	8	10	0	15	5	5	5	5	14	0	0	20	3	1	10	10	9	10	1	7	5	1	5	12	10	22	1	9	5	14	5	15	11	17	12	11	13	14	10	21	25	25	30	36	4	20	18	8	9	15	8	13	10	18	7	13	22	32	20	28	4	21	14	
1558_A/whooper_swan/Henan 9	8	10	0	15	5	5	5	5	14	0	0	20	3	1	10	10	9	10	1	7	5	1	5	12	10	22	1	9	5	14	5	15	11	18	12	11	13	13	10	20	25	25	30	37	4	20	18	8	9	15	8	13	10	18	7	13	22	31	21	28	4	22	13	
1559_A/whooper_swan/Henan 8	8	10	0	15	5	5	5	5	14	0	0	21	3	1	10	10	9	10	1	7	5	1	5	12	11	22	1	9	5	14	5	15	11	17	12	11	14	13	10	21	24	24	30	36	4	20	18	8	9	15	8	13	10	18	7	13	22	33	20	28	4	21	14	
1560_A/whooper_swan/Henan 14	5	10	1	10	8	6	4	6	12	0	0	19	6	1	10	7	10	7	3	9	3	3	3	5	10	19	5	15	6	17	4	14	9	19	11	14	10	12	11	20	30	27	30	35	3	16	17	14	11	17	8	9	9	17	7	13	21	31	21	28	4	22	12	
1561_A/whooper_swan/Henan 14	5	10	1	10	8	6	4	6	12	0	0	19	6	1	10	7	10	7	3	9	3	3	3	5	10	19	5	15	6	17	4	14	9	19	11	14	10	12	11	20	30	27	30	35	3	16	17	14	11	17	8	9	9	17	7	13	21	31	21	28	4	22	12	
1562_A/whooper_swan/Henan 14	5	10	1	10	8	6	4	6	12	0	0	19	6	1	10	7	10	7	3	9	3	3	3	5	10	19	5	15	6	17	4	14	9	19	11	14	10	12	11	20	30	27	30	35	3	16	17	14	11	17	8	9	9	17	7	13	21	31	21	28	4	22	12	
1563_A/whooper_swan/Henan 14	5	10	1	10	8	6	4	6	12	0	0	19	6	1	10	7	10	7	3	9	3	3	3	5	10	19	5	15	6	17	4	14	9	19	11	14	10	12	11	20	30	27	30	35	3	16	17	14	11	17	8	9	9	17	7	13	21	31	21	28	4	22	12	
1564_A/whooper_swan/Henan 14	5	10	1	10	8	6	4	6	12	0	0	19	6	1	10	7	10	7	3	9	3	3	3	5	10	19	5	15	6	17	4	14	9	19	11	14	10	12	11	20	30	27	30	35	3	16	17	14	11	17	8	9	9	17	7	13	21	31	21	28	4	22	12	
1565_A/whooper_swan/Henan 14	5	10	1	10	8	6	4	6	12	0	0	19	6	1	10	7	10	7	3	9	3	3	3	5	10	19	5	15	6	17	4	14	9	19	11	14	10	12	11	20	30	27	30	35	3	16	17	14	11	17	8	9	9	17	7	13	21	31	21	28	4	22	12	
1566_A/whooper_swan/Inner 13	7	9	0	11	7	8	5	6	12	0	0	20	4	1	10	8	10	8	1	8	3	3	6	6	13	18	4	13	3	17	4	13	11	19	12	14	9	11	11	22	30	27	28	35	3	16	19	14	14	18	8	10	9	15	7	12	19	31	22	27	3	22	11	
1567_A/Whooper_Swan/Sanme 12	6	10	1	12	9	6	4	6	13	0	0	18	4	1	10	7	11	7	2	9	3	3	5	6	11	15	5	15	4	21	4	16	10	18	10	11	9	13	12	21	30	26	30	35	4	19	14	13	13	16	8	11	8	18	7	12	19	31	22	27	4	22	11	
1568_A/Whooper_swan/Sanme 13	7	9	0	11	7	8	5	6	13	0	0	21	4	1	10	8	10	8	1	8	3	3	6	6	12	18	4	12	3	17	4	13	11	19	11	14	9	11	11	22	29	26	28	35	4	17	19	14	13	18	9	10	9	15	6	12	19	31	23	27	4	22	11	
1569_A/Whooper_swan/Sanme 13	8	9	0	11	7	8	5	6	12	0	0	22	3	1	10	8	11	8	1	8	3	3	6	6	12	18	4	11	3	17	4	13	11	19	12	13	9	11	11	22	30	26	29	35	3	17	18	13	14	19	8	11	9	14	6	13	19	32	23	27	3	21	11	
1570_A/Whooper_swan/Sanme 13	7	9	0	11	7	8	5	6	12	0	0	21	4	1	10	8	10	8	1	8	3	3	6	6	13	18	4	12	3	17	4	13	11	19	12	14	9	11	11	22	30	26	28	35	3	17	19	14	14	18	8	10	9	15	7	12	19	31	21	27	3	22	12	
1571_A/Whooper_swan/Sanme 13	8	9	0	11	7	8	5	6	12	0	0	22	3	1	10	8	11	8	1	8	3	3	6	6	12	18	4	11	3	17	4	13	11	19	12	13	9	11	11	22	30	26	29	35	3	17	18	13	14	19	8	11	9	14	6	13	19	32	23	27	3	21	11	
1572_A/Whooper_swan/Sanme 13	7	9	0	11	7	8	5	6	12	0	0	21	4	1	10	8	10	8	1	8	3	3	6	6	13	18	4	12	3	17	4	13	11	19	12	14	9	11	11	22	30	26	28	35	3	17	19	14	14	18	8	10	9	15	7	12	19	31	22	27	3	22	11	
1573_A/Whooper_swan/Sanme 13	7	9	0	11	7	8	5	6	13	0	0	21	4	1	10	8	10	8	1	8	3	3	6	6	12	18	4	12	3	17	4	14	11	19	11	14	9	11	11	22	29	26	28	35	4	17	19	13	13	18	9	10	9	15	7	12	19	31	22	27	4	22	11	
1574_A/Whooper_swan/Sanme 13	7	9	0	11	7	8	5	6	12	0	0	21	4	1	10	8	10	8	1	8	3	3	6	6	13	18	4	12	3	17	4	13	11	19	12	14	9	11	11	22	30	26	27	35	3	17	20	14	14	17	8	10	9	16	7	12	19	31	22	27	3	22	11	
1575_A/Whooper_swan/Sanme 13	7	9	0	11	7	8	5	6	12	0	0	21	4	1	10	8	10	8	1	8	3	3	6	6	13	18	4	12	3	17	4	13	11	19	12	14	9	11	11	22	30	26	28	35	3	17	19	14	14	18	8	10	9	15	7	12	19	31	22	27	3	22	11	
1576_A/Whooper_swan/Sanme 14	7	9	0	10	7	8	5	6	12	0	0	21	4	1	10	8	10	8	1	8	3	3	6	6	13	18	4	12	3	17	4	13	11	19	12	14	9	11	11	21	30	26	28	35	3	17	19	14	14	18	8	10	9	15	7	13	19	32	22	27	3	21	11	
1577_A/Whooper_swan/Sanme 13	8	9	0	11	7	8	5	6	12	0	0	21	4	1	10	8	10	8	1	8	3	3	6	6	12	18	4	12	3	17	4	13	11	19	12	14	9	11	11	22	29	26	28	35	4	17	19	14	14	18	8	10	9	15	7	12	19	31	22	27	3	22	11	
1578_A/Whooper_swan/Sanme 13	7	9	0	11	7	8	5	6	12	0	0	21	4	1	10	8	10	8	1	8	3	3	6	6	13	18	4	12	3	17	4	13	11	19	12	14	9	11	11	22	30	26	28	35	3	17	19	14	14	18	8	10	9	15	7	12	19	31	21	27	3	22	12	
1579_A/Whooper_swan/Sanme 13	7	9	0	11	7	8	5	6	13	0	0	21	4	1	10	8	10	8	1	8	3	3	6	6	12	18	4	12	3	17	4	13	11	19	11	14	9	11	11	22	29	26	28	35	4	17	19	14	13	18	9	10	9	15	6	12	19	31	23	27	4	22	11	
1580_A/Whooper_swan/Sanme 13	7	9	0	11	7	8	5	6	12	0	0	21	4	1	10	8	10	8	1	8	3	3	6	6	13	18	4	12	3	17	4	13	11	19	12	14	9	11	11	22	30	26	28	35	3	17	19	14	14	18	8	10	9	15	7	12	19	31	22	27	3	22	11	
1581_A/Whooper_swan/Sanme 13	7	9	0	11	7	8	5	6	13	0	0	21	3	1	10	8	10	8	1	8	3	3	6	6	13	18	4	12	3	17	4	13	11	19	12	14	9	11	11	22	30	26	27	35	3	17	20	14	14	18	8	10	9	15	7	13	19	31	21	26	3	22	12	
1582_A/Whooper_swan/Sanme 13	7	9	0	11	7	8	5	6	12	0	0	21	4	1	10	8	10	8	1	8	3	3	6	6	13	18	4	12	3	17	4	13	11	19	12	14	9	11	11	22	30	26	28	35	3	17	19	14	14	18	8	10	9	15	7	12	19	31	22	27	3	22	11	
1583_A/Whooper_swan/Sanme 13	7	9	0	11	7	8	5	6	12	0	0	21	4	1	10	8	10	8	1	8	3	3	6	6	13	18	4	12	3	17	4	13	11	19	12	14	9	11	11	22	30	26	28	35	3	17	19	14	13	18	8	10	10	15	7	12	19	31	22	27	3	22	11	
1584_A/Whooper_swan/Sanme 13	7	9	0	11	7	8	5	6	12	0	0	21	4	1	10	8	10	8	1	8	3	3	6	6	13	18	4	12	3	17	4	13	11	19	12	14	9	11	11	22	30	26	28	35	3	17	19	14	14	18	8	10	9	15	7	12	19	31	22	27	3	22	11	
1585_A/Whooper_swan/Sanme 13	7	9	0	11	7	8	5	6	12	0	0	21	4	1	10	8	10	8	1	8	3	3	6	6	13	18	4	12	3	17	4	13	11	19	12	14	9	11	11	22	30	26	28	35	3	17	19	14	13	18	8	10	10	15	7	12	19	31	22	27	3	22	11	
1586_A/Whooper_swan/Sanme 13	7	9	0	11	7	8	5	6	12	0	0	21	4	1	10	8	10	8	1	8	3	3	6	6	13	18	4	12	3	17	4	13	11	19	12	14	9	11	12	22	30	26	27	35	3	17	19	14	14	18	8	10	9	15	6	12	19	31	23	27	3	22	11	
1587_A/Whooper_swan/Sanme 13	7	9	0	11	7	8	5	6	12	0	0	21	4	1	10	8	10	8	1	8	3	3	6	6	13	18	4	12	3	17	4	13	11	19	12	14	9	11	11	22	30	26	28	35	3	17	19	14	13	18	8	10	10	15	7	12	19	31	22	27	3	22	11	
1588_A/Whooper_swan/Sanme 13	7	9	0	11	7	8	5	6	12	0	0	21	4	1	10	8	10	8	1	8	3	3	6	6	13	18	4	12	3	17	4	13	11	19	12	14	9	11	11	22	30	26	28	35	3	17	19	14	14	18	8	10	9	15	7	12	19	31	21	27	3	22	12	
1589_A/Whooper_swan/Sanme 13	7	9	0	11	7	8	5	6	12	0	0	21	4	1	10	8	10	8	1	8	3	3	6	6	13	18	4	12	3	17	4	13	11	19	12	14	9	11	11	22	30	26	29	35	3	18	17	13	14	18	8	10	9	15	7	13	19	31	22	27	3	22	11	
1590_A/Whooper_swan/Sanme 13	7	9	0	11	7	8	5	6	12	0	0	21	4	1	10	8	10	8	1	8	3	3	6	6	13	18	4	12	3	17	4	13	11	19	12	14	9	11	11	22	30	26	28	35	3	17	19	14	14	18	8	10	9	15	7	12	19	31	22	27	3	22	11	
1591_A/whooper_swan/Shaan 13	7	9	0	11	7	8	5	6	12	0	0	21	4	1	10	8	10	8	1	8	3	3	6	6	13	18	4	12	3	17	4	13	11	19	12	14	9	11	11	22	30	27	27	35	3	17	19	14	14	18	8	10	9	15	7	12	19	31	21	27	3	22	12	
1592_A/whooper_swan/Shaan 13	7	9	0	11	7	8	5	6	12	0	0	20	4	1	10	8	10	8	1	8	3	3	6	6	13	18	4	13	3	17	4	13	11	19	12	14	9	11	11	22	30	26	28	35	3	17	19	14	14	18	8	10	9	15	7	12	19	31	21	27	3	22	12	
1593_A/whooper_swan/Shaan 13	7	9	0	11	7	8	5	6	12	0	0	20	4	1	10	8	10	8	1	8	3	3	6	6	13	18	4	13	3	17	4	13	11	19	12	14	9	11	11	22	30	26	28	35	3	17	19	14	14	18	8	10	9	15	7	12	19	31	22	27	3	22	11	
1594_A/whooper_swan/Shand 13	7	9	1	11	7	8	4	6	13	0	0	21	4	1	10	8	10	8	1	8	3	3	6	6	12	18	4	12	3	17	4	13	11	19	12	14	9	11	11	22	29	26	28	35	4	16	20	14	14	17	8	10	9	16	6	12	19	31	23	27	3	22	11	
1595_A/whooper_swan/Shand 13	7	9	1	11	7	8	4	6	13	0	0	21	4	1	10	8	9	9	1	8	3	3	6	6	12	18	4	12	3	17	5	13	11	19	12	14	9	11	11	22	29	26	28	35	4	16	20	14	14	17	8	10	9	16	5	12	19	31	22	27	3	22	12	
1596_A/whooper_swan/Shand 13	7	9	1	11	7	8	4	6	13	0	0	21	4	1	10	8	10	8	1	8	3	3	6	6	12	18	4	12	3	17	4	13	11	19	12	14	9	11	11	22	29	26	28	35	4	16	20	14	14	17	8	10	9	16	6	12	19	31	23	27	3	22	11	
1597_A/whooper_swan/Shand 12	6	9	1	12	8	7	4	6	11	0	0	19	4	1	10	7	9	7	2	8	5	3	5	7	11	18	4	13	4	18	4	16	9	20	12	13	9	11	10	20	32	25	34	35	3	19	12	12	11	16	7	11	10	18	8	13	20	32	21	29	4	21	12	
1598_A/whooper_swan/Shand 13	7	9	0	11	7	8	5	6	13	0	0	21	4	1	10	8	10	8	1	8	3	3	6	6	12	18	4	12	3	17	4	12	11	19	12	15	9	11	11	22	30	26	28	35	4	16	20	14	14	17	8	10	9	16	7	12	18	31	22	27	3	22	11	
1599_A/whooper_swan/Shand 13	7	9	0	11	7	8	5	6	13	0	0	21	4	1	10	8	10	8	1	8	4	3	5	6	12	18	4	12	3	17	4	13	11	19	12	14	9	11	11	22	29	26	28	35	4	16	20	14	14	17	8	10	9	16	7	12	19	31	22	27	3	22	11	
1600_A/whooper_swan/Shand 13	7	9	1	11	7	8	4	6	13	0	0	21	4	1	10	8	10	8	1	8	4	3	5	6	12	18	4	12	3	17	4	13	11	19	12	14	9	11	11	22	29	26	28	35	4	16	20	14	14	17	8	10	9	16	7	12	19	31	22	27	3	22	11	
1601_A/whooper_swan/Shanx 13	7	9	0	11	7	8	5	6	12	0	0	21	4	1	10	8	10	8	1	8	3	3	6	6	13	18	4	12	3	17	4	13	11	19	12	14	9	11	11	22	30	26	28	35	3	17	19	14	13	18	8	10	10	15	7	12	19	31	22	27	3	22	11	
1602_A/whooper_swan/Shanx 13	7	9	0	11	7	8	5	6	12	0	0	21	4	1	10	8	10	8	1	8	3	3	6	6	13	18	4	12	3	17	4	13	11	19	12	14	9	11	11	22	30	26	28	35	3	17	19	14	13	18	8	10	10	15	7	12	19	31	22	27	3	22	11	
1603_A/whooper_swan/Shanx 13	7	9	1	11	7	7	4	8	13	0	0	17	3	1	10	7	11	6	1	10	3	4	6	6	11	18	4	13	4	18	4	14	10	18	11	13	9	13	11	20	32	26	33	36	2	18	13	12	11	16	7	9	10	18	7	15	21	31	25	28	3	22	9	
1604_A/whooper_swan/Shanx 13	7	9	1	11	7	7	4	8	13	0	0	17	3	1	10	7	11	6	1	10	3	4	6	6	11	18	4	13	4	18	4	14	10	18	11	13	9	13	11	20	32	26	33	36	2	18	13	12	11	16	7	9	10	18	7	15	21	31	25	28	3	22	9	
1605_A/whooper_swan/Shanx 12	6	10	1	12	9	6	4	6	13	0	0	18	4	1	10	7	11	7	2	9	3	3	5	6	11	15	5	15	4	21	4	16	10	17	11	11	9	13	12	21	30	26	30	35	4	19	14	14	13	16	8	11	8	18	7	12	19	31	22	26	4	22	11	
1606_A/whooper_swan/Shanx 13	8	9	0	11	6	8	5	6	12	0	0	21	4	1	10	8	10	8	1	8	3	3	6	6	13	18	4	12	3	17	4	12	12	19	12	14	9	11	11	22	30	26	28	35	3	17	19	14	14	18	7	10	9	15	8	12	19	31	22	27	3	22	11	
1607_A/whooper_swan/Shanx 14	7	9	0	11	7	8	5	6	12	0	0	20	4	1	10	8	10	8	1	7	3	3	6	6	13	18	4	13	3	17	4	13	11	19	12	14	9	11	11	22	30	26	28	35	3	17	19	14	14	18	8	10	9	15	7	12	19	31	22	27	3	22	11	
1608_A/whooper_swan/Shanx 13	8	9	0	11	6	8	5	6	12	0	0	21	4	1	10	8	10	8	1	8	3	3	6	6	13	18	4	12	3	17	4	12	12	19	12	14	9	11	11	22	30	26	28	35	3	17	19	14	14	18	7	10	9	15	8	12	19	31	22	27	3	22	11	
1609_A/whooper_swan/Shanx 14	7	9	0	11	7	8	5	6	12	0	0	21	4	1	10	8	10	8	1	7	3	3	6	6	13	18	4	12	3	17	4	13	11	19	12	14	9	11	11	21	30	27	28	35	3	17	19	14	14	18	8	10	9	15	7	12	19	31	22	27	3	22	11	
1610_A/whooper_swan/Shanx 10	7	10	2	14	5	6	3	7	16	0	0	19	2	1	10	10	11	9	2	6	2	1	5	7	13	23	6	12	3	13	3	14	10	19	13	10	9	12	9	25	29	27	28	35	4	18	16	14	13	17	8	13	6	17	8	10	22	26	22	27	4	27	10	
1611_A/whooper_swan/Shanx 13	7	9	0	11	7	8	5	6	12	0	0	20	4	1	10	8	10	8	1	8	3	3	6	6	13	18	4	13	3	17	4	13	11	19	12	14	9	11	11	22	30	26	28	35	3	17	19	14	14	18	8	10	9	15	7	12	19	31	22	27	3	22	11	
1612_A/whooper_swan/Shanx 13	7	9	0	11	7	8	5	6	12	0	0	21	4	1	10	8	10	8	1	8	3	3	6	6	13	18	4	12	3	17	4	13	11	19	12	14	9	11	11	22	30	27	28	35	3	17	19	14	14	18	8	10	9	15	7	12	19	30	22	27	3	22	11	
1613_A/whooper_swan/Shanx 13	7	10	0	11	7	7	5	6	12	0	0	20	4	1	10	8	10	8	1	8	3	3	6	6	13	18	4	13	3	17	4	13	11	19	12	14	9	11	11	22	30	26	28	35	3	17	19	14	14	18	7	10	9	15	8	12	19	31	22	27	3	22	11	
1614_A/whooper_swan/Shanx 13	7	9	0	11	7	8	5	6	12	0	0	20	4	1	10	8	10	8	1	8	3	3	6	6	13	18	4	13	3	17	4	13	11	19	12	14	9	11	11	22	30	26	28	35	3	17	19	14	14	18	8	10	9	15	7	12	19	31	22	27	3	22	11	
1615_A/whooper_swan/Shanx 13	7	9	0	11	7	8	5	6	12	0	0	20	4	1	10	8	10	8	1	8	3	3	6	6	13	18	4	13	3	17	4	13	11	19	12	14	9	11	11	22	30	26	28	35	3	17	19	14	14	18	8	10	9	15	6	12	19	31	23	27	3	22	11	
1616_A/whooper_swan/Shanx 13	7	9	0	11	7	8	5	6	12	0	0	20	4	1	10	8	10	8	1	8	3	3	6	6	13	18	4	13	3	17	4	13	11	19	12	14	9	11	11	22	30	26	28	35	3	17	19	14	14	18	8	9	9	15	6	13	19	31	23	27	3	22	11	
1617_A/whooper_swan/Shanx 13	7	9	0	11	7	8	5	6	12	0	0	20	4	1	10	8	10	8	1	8	3	3	6	6	13	18	4	13	3	17	4	13	11	19	12	14	9	11	11	22	30	26	28	35	3	17	19	14	14	18	8	10	9	15	7	12	19	31	22	27	3	22	11	
1618_A/whooper_swan/Shanx 13	7	9	0	11	7	8	5	6	12	0	0	20	4	1	10	8	10	8	1	8	2	3	6	6	13	19	4	13	4	17	4	13	11	19	12	14	9	11	11	22	30	25	28	35	3	17	19	14	14	18	8	10	9	15	7	12	19	31	22	27	3	22	11	
1619_A/Wigeon/Ningxia/476 11	6	8	2	13	7	8	3	10	14	0	0	14	3	1	10	9	9	6	2	6	8	3	6	12	10	22	7	11	2	15	2	17	17	22	8	14	8	11	13	21	25	24	24	33	4	21	18	13	11	19	8	8	7	15	7	18	23	29	17	21	5	23	16	
1620_A/wild_bird/Eastern_ 14	5	11	1	10	8	5	4	5	13	0	0	19	4	1	10	7	10	7	2	9	3	3	4	6	12	19	5	15	4	17	4	15	9	19	11	13	10	12	11	20	31	27	32	35	3	16	15	13	13	18	8	10	8	16	7	12	20	32	21	29	4	21	12	
1621_A/wild_bird/Eastern_ 13	5	11	1	11	8	5	4	5	13	0	0	19	4	1	10	7	10	7	2	9	3	3	4	6	12	19	5	15	4	17	4	15	9	19	11	13	10	12	11	20	31	27	32	35	3	16	15	13	13	17	8	10	8	17	7	12	20	32	21	29	4	21	12	
1622_A/wild_bird/Eastern_ 14	5	11	1	10	8	5	4	5	13	0	0	19	4	1	10	7	10	7	2	9	3	3	4	6	12	19	5	15	4	17	4	15	9	19	11	13	10	12	11	20	31	27	32	35	3	16	15	13	13	18	8	10	8	16	7	12	20	32	21	29	4	21	12	
1623_A/wild_bird/Hubei/12 12	6	10	1	12	8	6	4	7	13	0	0	17	4	1	10	7	11	7	2	9	3	3	5	6	11	15	4	15	4	21	4	15	10	18	10	12	9	13	12	22	32	27	32	35	2	18	13	11	13	16	8	11	9	18	7	12	19	31	22	29	3	22	11	
1624_A/wild_bird/Hunan/01 10	11	9	1	14	4	7	4	7	14	0	0	15	2	1	10	7	8	7	3	9	6	3	5	9	12	29	4	14	3	8	4	18	13	16	12	10	6	18	10	22	31	23	30	36	2	22	13	13	13	13	7	6	3	20	7	18	22	37	19	24	6	15	15	
1625_A/wild_bird/Hunan/01 11	10	9	2	13	5	7	3	8	14	0	0	15	2	1	10	8	8	7	3	8	6	3	5	9	13	27	2	13	2	10	5	18	13	15	13	9	5	19	9	22	31	22	28	36	3	23	16	15	11	16	7	5	4	17	6	18	22	35	20	24	7	17	15	
1626_A/wild_bird/Hunan/02 10	11	8	1	14	4	8	4	7	14	0	0	15	2	1	10	7	8	7	3	9	6	3	5	9	12	29	4	14	3	8	5	19	13	16	11	9	6	18	11	22	31	23	30	36	2	21	13	13	13	13	7	6	3	20	7	18	22	37	21	24	6	15	13	
1627_A/wild_bird/Hunan/02 10	11	8	1	14	4	8	4	7	14	0	0	15	2	1	10	7	8	7	3	9	6	3	5	9	12	29	4	14	3	8	5	19	13	16	11	9	6	18	11	22	31	23	30	36	2	21	13	13	13	13	7	6	3	20	7	18	22	37	21	24	6	15	13	
1628_A/wild_bird/Hunan/03 10	11	8	1	14	4	8	4	7	14	0	0	15	2	1	10	7	8	7	3	9	6	3	5	9	12	29	4	14	3	8	5	19	13	16	11	9	6	18	11	22	31	23	30	36	2	21	13	13	13	13	7	6	3	20	7	18	22	37	21	24	6	15	13	
1629_A/wild_bird/Taipei/0 9	8	12	0	15	5	5	5	5	15	0	0	16	2	1	10	10	9	7	1	5	4	2	6	11	11	22	3	14	5	14	4	14	9	18	13	14	10	13	9	22	27	27	25	35	6	19	20	11	10	17	6	10	9	17	8	11	21	29	22	31	5	24	12	
1630_A/wild_bird/Zhejiang 11	7	10	2	13	4	7	3	7	15	0	0	17	2	1	10	9	8	8	2	7	5	2	5	6	15	24	6	16	1	12	3	13	8	20	11	10	12	13	10	22	28	30	27	35	5	13	19	15	12	16	9	12	8	18	7	15	21	27	23	24	5	26	8	
1631_A/wild_duck/Fujian/1 11	6	7	2	14	7	9	3	8	14	0	0	13	2	1	10	9	9	9	1	5	8	1	6	12	11	21	6	14	2	16	3	16	15	23	6	13	10	10	15	21	26	23	25	32	5	20	20	13	12	19	7	11	4	15	8	15	24	28	19	23	4	24	14	
1632_A/wild_duck/Fujian/2 11	6	7	2	14	7	9	3	8	15	0	0	13	2	1	10	9	9	9	1	5	8	1	6	12	10	21	6	14	2	16	3	16	15	23	6	14	10	10	15	21	26	23	24	32	5	21	20	14	12	19	7	9	4	15	8	15	24	28	19	23	4	24	14	
1633_A/wild_duck/Hebei/SD 8	8	11	1	16	6	5	4	6	15	0	0	17	1	1	10	8	12	9	1	8	3	1	5	13	11	14	3	9	3	22	6	16	9	18	14	12	13	13	8	22	27	21	30	34	3	22	17	9	9	13	7	14	9	20	9	15	21	26	26	26	6	27	7	
1634_A/wild_duck/Hunan/12 7	8	10	1	18	6	6	4	7	14	0	0	17	2	1	10	10	11	9	3	7	3	1	4	10	11	14	3	10	4	22	5	16	10	19	13	12	10	12	9	20	26	20	32	36	7	24	14	11	9	16	7	12	9	18	7	11	22	28	22	28	5	25	12	
1635_A/wild_duck/Jiangsu/ 13	7	9	0	11	7	8	5	6	13	0	0	21	4	1	10	8	10	8	1	8	3	3	6	6	13	18	4	12	2	17	4	13	10	19	12	14	9	11	11	23	30	27	28	35	4	16	19	14	14	18	8	10	9	15	7	11	19	31	22	27	3	22	11	
1636_A/wild_duck/Jilin/HF 7	4	6	2	17	9	10	3	9	14	0	0	13	3	1	10	7	8	10	1	8	8	1	5	10	9	19	5	15	4	17	5	13	13	19	9	16	11	14	12	19	24	29	26	33	7	16	16	18	11	19	6	8	4	15	9	20	24	31	19	18	6	21	14	
1637_A/wild_duck/Jilin/ZF 7	6	7	2	17	7	9	3	10	12	0	0	12	5	1	10	7	8	9	1	8	8	1	5	10	9	20	5	15	4	16	4	17	13	21	8	14	11	11	14	20	25	26	28	34	5	18	17	15	11	19	7	9	4	15	8	20	24	29	18	18	5	23	15	
1638_A/wild_duck/Shandong 11	7	8	3	12	8	9	2	9	14	1	0	10	2	0	10	7	7	6	2	9	8	3	6	10	9	24	3	17	5	12	6	13	12	21	9	16	9	12	12	20	26	31	28	34	3	15	15	14	14	16	7	9	6	18	6	21	22	25	21	21	5	27	12	
1639_A/wild_duck/Shandong 8	6	7	2	16	7	8	4	8	14	0	0	13	3	1	10	7	8	9	1	8	8	1	5	11	9	20	7	15	4	17	3	15	15	20	10	13	13	13	12	20	23	26	29	33	7	18	14	17	9	17	8	8	4	16	7	19	25	29	19	19	5	23	14	
1640_A/wild_duck/Shandong 9	7	7	1	15	7	9	4	7	15	0	0	13	1	1	10	7	8	5	2	7	5	5	5	8	11	25	5	20	5	11	3	18	11	20	9	13	10	11	12	20	27	27	35	33	5	16	11	13	9	18	6	10	9	16	9	15	24	26	20	26	3	27	13	
1641_A/wild_duck/Shandong 13	7	9	1	11	7	8	4	6	13	0	0	21	4	1	10	8	10	8	1	8	3	3	6	6	12	18	4	12	3	17	4	13	11	19	12	14	9	11	11	22	29	26	28	35	4	16	20	14	14	17	8	10	9	16	6	12	19	31	23	27	3	22	11	
1642_A/wild_goose/Shandon 13	7	9	0	11	7	8	5	6	13	0	0	21	4	1	10	8	10	8	1	8	3	3	6	6	12	18	4	12	3	17	4	13	11	19	12	14	9	11	11	22	29	26	28	35	4	16	20	14	14	17	8	10	9	16	7	12	19	31	22	27	3	22	11	
1643_A/wild_pigeon/Jilin/ 10	8	7	2	13	7	9	3	9	15	0	0	14	2	1	10	9	9	8	2	7	8	3	6	13	10	21	5	10	2	16	3	18	18	24	7	14	7	9	14	21	24	25	26	33	5	20	17	14	11	18	7	7	8	15	7	17	21	26	17	20	6	26	16	
1644_A/wildfowl/China/472 10	9	8	1	13	4	9	4	7	14	1	0	14	4	0	10	7	7	7	3	7	6	3	3	15	9	21	6	15	7	13	6	19	10	19	12	13	12	11	11	22	28	32	22	37	2	13	20	13	13	20	6	5	8	13	7	16	20	28	19	24	3	26	13	
1645_A/Xinjiang/1/2006|EP 10	7	6	2	14	6	10	3	9	16	0	0	13	1	1	10	8	7	9	1	8	8	1	6	9	10	22	4	14	4	15	4	14	15	19	9	15	9	13	13	21	26	27	29	34	5	18	15	16	12	16	6	8	6	17	9	18	24	25	22	20	3	27	11	
1646_A/Xinjiang/1/2009|EP 8	6	6	2	16	7	10	3	9	14	0	0	12	3	1	10	7	8	8	2	8	8	1	6	11	9	22	5	15	4	15	4	14	13	20	7	14	12	12	15	21	24	26	28	33	7	19	15	17	12	18	8	8	4	16	7	17	24	28	19	21	4	23	14	
1647_A/Yunnan/14563/2015| 9	10	9	1	15	4	7	4	6	13	1	0	19	3	0	10	10	8	8	2	5	6	2	5	10	9	20	2	10	6	16	5	14	10	14	13	14	10	17	10	22	28	22	25	34	2	24	20	16	8	16	10	11	10	18	4	12	19	28	28	28	8	24	6	
1648_A/Yunnan/DQ002/2015( 9	10	9	1	15	4	7	4	6	13	1	0	19	3	0	10	10	8	8	2	5	6	2	5	10	9	20	2	10	6	16	5	14	10	14	12	14	10	17	11	22	27	22	25	34	3	24	20	16	8	16	9	10	11	18	4	11	19	27	29	29	8	25	6	
1649_A/Zhejiang/1/2006|EP 11	7	7	2	13	6	9	3	7	16	0	0	15	1	1	10	7	7	9	2	8	8	1	5	9	10	23	4	17	4	13	5	14	14	16	11	16	10	15	11	19	26	27	28	32	6	17	17	13	12	16	7	10	5	17	9	17	25	24	20	22	3	29	12	
1650_A/Anas_platyrhynchos 13	7	9	1	11	7	7	4	6	13	0	0	20	3	1	10	7	11	6	1	10	3	4	6	7	11	17	4	12	4	18	5	14	10	18	11	14	10	12	11	20	29	26	30	36	4	19	15	13	11	16	7	6	10	19	7	16	22	31	24	27	2	22	10	
1651_A/Anas_crecca/Hubei/ 10	6	7	2	14	7	9	3	8	14	0	0	14	3	1	10	8	10	9	1	6	7	1	6	13	10	22	7	13	2	15	3	16	15	24	7	14	9	10	13	21	27	23	24	33	4	19	20	13	12	18	8	10	6	16	7	16	23	28	20	21	5	24	13	
1652_A/Anhui/1/2006_H5N1| 11	6	6	3	13	8	10	2	8	13	0	0	11	3	1	10	8	8	8	2	7	8	2	5	13	9	22	5	14	4	14	5	13	14	17	11	16	7	14	11	21	26	24	25	36	3	21	18	17	11	18	5	6	8	16	10	14	24	31	19	25	4	22	14	
1653_A/Anhui/1/2007_H5N1| 10	6	5	2	14	6	11	4	8	15	0	0	13	3	1	10	7	7	9	2	8	8	1	5	8	10	23	4	17	4	13	5	14	13	19	9	14	10	11	13	20	23	27	27	35	7	17	17	16	12	19	4	9	7	15	11	19	24	28	20	20	3	25	13	
1654_A/Anhui/2/2005_H5N1| 10	7	7	2	15	6	9	3	8	16	0	0	14	1	1	10	7	7	9	2	8	8	1	5	9	11	23	3	17	3	13	6	14	14	16	11	16	10	15	11	20	25	27	28	32	6	17	17	13	11	16	7	9	6	17	9	18	24	25	22	21	4	28	10	
1655_A/Anser_cygnoides/Ch 11	6	7	2	13	7	9	3	9	15	0	0	13	2	1	10	9	9	7	1	6	8	3	6	13	10	22	7	12	2	15	2	16	16	24	8	14	8	8	13	22	25	24	25	33	5	21	17	14	11	19	8	8	7	16	7	16	23	28	19	22	5	24	14	
1656_A/Anser_cygnoides/Hu 12	6	10	1	12	8	6	4	7	13	0	0	17	4	1	10	7	11	7	2	9	3	3	5	6	11	15	4	15	4	21	4	15	10	18	10	12	9	13	12	23	32	26	32	35	2	18	13	11	13	16	8	11	9	19	7	12	19	30	22	29	3	22	11	
1657_A/Anser_fabalis/jiuj 13	7	9	1	11	7	7	4	6	13	0	0	20	3	1	10	7	11	6	1	10	3	4	6	7	11	17	4	12	4	18	5	14	10	18	11	14	10	12	11	20	29	26	30	36	4	19	15	13	11	16	7	6	10	19	7	16	22	31	24	27	2	22	10	
1658_A/Anser_fabalis/jiuj 13	7	9	1	11	7	7	4	6	13	0	0	20	3	1	10	7	11	6	1	10	3	4	6	7	11	17	4	12	4	18	5	14	10	18	11	14	10	12	11	20	29	26	30	36	4	19	15	13	11	16	7	6	10	19	7	16	22	31	24	27	2	22	10	
1659_A/Anser_fabalis/jiuj 13	7	9	1	11	7	7	4	6	13	0	0	20	3	1	10	7	11	6	1	10	3	4	6	7	11	17	4	12	4	18	5	14	10	18	11	14	10	12	11	20	29	26	30	36	4	19	15	13	11	16	7	6	10	19	7	16	22	31	24	27	2	22	10	
1660_A/Bulbul/Taiwan/0115 9	8	11	2	14	6	5	3	5	14	0	0	21	3	1	10	10	10	9	2	7	4	1	5	9	10	16	3	10	4	20	5	15	9	18	12	12	11	13	10	21	30	23	30	35	4	21	16	10	9	16	6	14	9	18	9	7	21	29	19	32	6	24	14	
1661_A/Changsha/1/2014_H5 11	6	6	2	13	7	9	3	9	15	0	0	13	2	1	10	9	9	8	1	6	8	3	6	13	10	21	7	12	2	16	2	18	17	24	8	13	7	9	13	21	25	24	25	33	5	21	17	13	12	18	8	8	7	15	7	16	23	29	18	23	5	23	15	
1662_A/China/Original/201 10	11	8	1	14	5	8	4	9	13	0	0	13	2	1	10	7	7	6	3	9	7	4	5	8	12	29	4	14	3	8	5	19	13	16	12	8	6	17	10	22	30	23	30	37	3	21	13	12	11	14	8	7	4	20	6	16	22	35	20	27	7	17	14	
1663_A/Chlidonias_hybrida 13	7	8	0	11	7	8	5	6	12	0	0	21	4	1	10	9	9	8	1	7	3	3	6	5	13	18	4	13	4	17	4	14	11	19	12	13	9	11	11	21	29	26	28	35	4	17	19	13	13	19	9	11	8	15	6	12	20	33	20	28	4	20	13	
1664_A/Commom_Teal/Ningxi 11	6	8	2	13	7	8	3	10	14	0	0	14	3	1	10	9	9	6	2	6	8	3	6	12	10	22	7	11	2	15	2	17	17	22	8	14	8	11	13	21	25	24	24	33	4	21	18	13	11	19	8	8	7	15	7	18	23	29	17	21	5	23	16	
1665_A/Copsychus_saularis 11	6	7	2	13	7	9	3	9	15	0	0	13	2	1	10	9	8	7	1	6	9	3	6	13	10	22	7	12	2	15	2	17	16	24	8	14	8	9	13	21	25	25	25	33	5	20	17	13	12	19	8	8	7	15	7	16	22	27	19	23	5	25	14	
1666_A/Cygnus_atratus/Hub 12	6	10	1	12	9	6	4	6	13	0	0	18	4	1	10	8	11	7	2	8	3	3	5	6	11	15	5	15	4	20	5	15	10	18	10	10	9	13	12	21	30	26	30	35	4	19	14	14	13	16	8	12	8	18	7	12	19	31	22	27	4	22	11	
1667_A/Cygnus_atratus/Hub 12	6	10	1	12	9	6	4	6	13	0	0	18	4	1	10	8	11	7	2	8	3	3	5	6	11	15	4	15	4	20	5	15	10	18	10	10	9	13	12	21	30	26	30	35	4	19	15	14	13	16	8	12	8	18	7	12	19	31	22	27	4	22	11	
1668_A/Cygnus_columbianus 13	7	9	0	11	7	8	5	6	12	0	0	21	4	1	10	8	9	8	1	8	3	3	6	6	14	18	4	12	3	17	4	13	11	19	11	14	9	11	12	21	30	25	29	35	3	17	19	14	14	18	8	10	9	15	7	13	19	31	22	27	3	22	11	
1669_A/Cygnus_columbianus 14	7	8	0	11	7	8	5	6	12	0	0	21	4	1	10	8	10	8	1	8	3	3	6	6	13	18	4	12	3	17	4	13	11	19	12	14	9	11	11	22	30	26	28	35	3	17	19	13	14	18	8	11	9	15	7	12	19	31	22	27	3	22	11	
1670_A/Cygnus_columbianus 13	7	9	0	11	7	8	5	6	12	0	0	21	4	1	10	8	10	8	1	8	3	3	6	6	13	18	4	12	3	17	4	13	11	19	12	14	9	11	11	22	30	27	28	35	3	16	19	13	14	18	8	10	9	15	7	13	19	31	22	27	3	22	11	
1671_A/Cygnus_columbianus 13	7	9	0	11	7	8	5	6	12	0	0	21	4	1	10	8	10	8	1	8	3	3	5	6	13	18	5	12	3	17	4	13	11	19	12	14	9	11	11	22	30	27	28	35	3	16	19	14	14	18	8	10	9	15	7	12	19	31	22	27	3	22	11	
1672_A/Cygnus_columbianus 13	7	9	0	11	7	8	5	6	12	0	0	21	4	1	10	8	10	8	1	8	3	3	6	6	13	18	4	12	3	17	4	13	11	19	12	14	9	11	11	22	30	26	28	35	3	17	19	14	14	18	8	10	9	15	7	12	19	31	22	27	3	22	11	
1673_A/Cygnus_columbianus 13	7	9	0	11	7	8	5	6	12	0	0	21	4	1	10	8	10	8	1	8	3	3	6	6	13	18	4	12	3	17	4	13	11	19	12	13	9	11	11	22	30	26	28	35	3	17	19	13	14	18	8	11	9	15	7	12	19	31	21	28	3	22	12	
1674_A/Cygnus_columbianus 12	7	9	0	12	7	8	5	6	12	0	0	21	4	1	10	8	10	8	1	8	3	3	6	6	13	18	4	12	3	17	4	13	11	19	12	14	9	11	11	22	30	26	28	35	3	17	19	13	14	18	8	10	9	16	7	12	19	31	22	27	3	22	11	
1675_A/Duck/Dongting/D76- 7	8	10	1	18	6	6	4	7	14	0	0	17	2	1	10	10	11	9	3	7	3	1	4	10	11	14	3	10	4	22	5	16	10	19	13	12	10	12	9	20	26	20	32	36	7	24	14	11	9	16	7	12	9	18	7	11	22	28	22	28	5	25	12	
1676_A/Duck/Jiangxi/631/2 12	7	10	2	12	5	6	3	8	16	0	0	17	2	1	10	9	9	8	2	7	4	2	5	6	15	24	6	14	1	12	3	12	9	21	11	13	10	11	11	24	29	29	27	36	5	16	17	13	13	17	7	12	7	17	7	12	20	25	24	25	5	27	10	
1677_A/Falcated_Duck/Ning 11	6	8	2	13	7	8	3	10	14	0	0	14	3	1	10	9	9	6	2	6	7	3	6	12	11	22	7	11	2	15	2	17	16	23	8	14	8	10	13	21	25	25	25	33	5	20	17	13	11	19	8	8	7	15	7	16	23	29	17	23	5	23	16	
1678_A/Ferruginous_Pochar 11	6	8	2	13	7	8	3	10	14	0	0	14	3	1	10	9	9	6	2	6	7	3	6	12	11	23	7	11	2	14	2	17	17	22	8	14	8	11	13	21	25	24	24	33	4	21	18	13	11	19	8	8	7	15	7	18	23	29	17	21	5	23	16	
1679_A/Gadwall/Ningxia/47 11	6	8	2	13	7	8	3	10	15	0	0	14	2	1	10	9	9	6	2	6	8	3	6	12	10	22	7	11	2	15	2	17	17	22	8	14	8	11	13	21	25	25	24	33	4	20	18	13	11	19	8	8	7	15	7	16	23	29	17	23	5	23	16	
1680_A/Gallinula_chloropu 11	6	7	2	13	7	9	3	9	15	0	0	13	2	1	10	9	8	7	1	6	9	3	6	13	10	22	7	12	2	15	2	18	16	24	8	13	8	9	13	21	25	24	25	33	5	21	17	13	12	19	8	8	7	15	7	16	22	28	19	23	5	24	14	
1681_A/Guangdong/1/2008_H 11	7	6	3	13	8	11	2	9	14	0	0	10	1	1	10	9	8	8	2	6	8	2	5	13	9	23	6	14	4	13	4	12	14	17	11	17	6	14	11	20	28	23	25	36	3	22	18	17	11	19	5	7	8	14	10	13	25	35	20	24	4	18	13	
1682_A/Guangdong/2/2006_H 9	7	6	2	15	6	10	4	9	14	0	0	11	3	1	10	7	8	9	1	8	8	1	5	10	9	22	4	16	4	15	4	14	14	20	8	15	12	12	14	19	23	27	28	34	7	18	16	14	12	16	7	10	4	17	7	19	24	25	23	21	4	27	11	
1683_A/Guangdong/lgf/2021 13	7	9	0	11	7	8	5	6	12	0	0	21	4	1	10	8	10	8	1	7	3	3	6	7	13	18	4	12	3	17	4	13	10	20	12	14	9	10	11	23	30	27	29	35	3	17	18	14	16	18	7	10	8	15	8	12	18	30	22	27	3	22	11	
1684_A/Guangxi/1/2005_H5N 9	7	6	2	15	6	10	3	9	15	0	0	11	3	1	10	7	7	9	1	8	8	1	6	10	8	22	4	16	5	16	3	14	14	20	8	15	10	12	15	18	24	26	30	35	7	18	16	15	12	16	7	9	5	17	7	18	25	24	22	21	3	28	11	
1685_A/Guangxi/1/2008_H5N 9	8	6	3	15	5	10	2	7	14	0	0	14	3	1	10	7	7	9	1	8	8	1	6	10	8	22	4	14	6	15	4	15	13	21	9	14	10	11	13	21	24	27	27	34	7	18	17	15	12	16	6	9	5	17	8	17	26	25	22	22	3	27	12	
1686_A/Guangzhou/39715/20 9	7	7	2	15	7	9	3	9	15	0	0	13	1	1	10	9	9	8	1	6	8	2	6	13	10	22	8	12	2	15	2	17	16	22	8	14	8	11	13	21	25	25	23	32	6	21	18	14	11	18	5	7	7	16	9	17	23	29	17	22	5	22	17	
1687_A/Guizhou/1/2009_H5N 9	7	6	2	15	6	9	3	9	14	0	0	11	3	1	10	7	8	10	1	8	8	1	6	10	9	21	4	16	4	16	5	13	15	21	8	14	10	11	14	22	26	27	27	36	3	17	17	16	13	16	5	9	4	17	10	17	26	27	23	20	2	25	10	
1688_A/Hunan/1/2008_H5N1| 13	6	7	3	12	7	9	2	8	16	0	0	12	2	1	10	8	8	8	2	8	7	2	5	11	9	22	5	13	5	14	5	14	14	17	12	15	6	14	11	20	28	25	27	36	3	20	16	16	11	19	5	6	8	14	10	14	23	31	21	26	4	22	12	
1689_A/Hunan/2/2009_H5N1| 9	7	6	2	15	6	9	3	9	14	0	0	11	3	1	10	7	8	10	1	8	8	1	6	10	9	22	4	17	4	15	5	15	15	21	8	13	10	11	14	22	26	28	27	36	3	17	16	15	13	16	5	9	5	17	10	16	25	27	22	20	2	25	11	
1690_A/Japanese_white-eye 11	6	6	3	13	7	10	2	8	13	0	0	12	4	1	10	7	7	9	1	7	9	1	6	12	10	21	5	15	4	16	4	15	14	24	8	14	10	10	12	20	27	24	26	33	5	19	18	14	10	19	6	9	6	15	10	18	24	28	17	22	4	24	15	
1691_A/Nanjing/1/2015_H5N 11	8	11	1	13	5	5	4	5	14	0	0	19	3	1	10	9	7	10	1	7	5	0	5	11	12	21	2	10	5	15	5	12	10	17	13	13	13	14	9	23	25	26	28	37	5	20	19	9	8	14	7	12	11	20	8	13	22	30	18	28	4	22	15	
1692_A/Northern_Shoveler/ 11	6	8	2	13	7	8	3	10	14	0	0	14	3	1	10	9	9	6	2	6	7	3	6	12	11	22	7	11	2	15	2	17	17	22	8	14	8	11	13	21	25	25	25	33	4	20	17	13	11	19	8	8	7	15	7	17	23	29	17	22	5	23	16	
1693_A/Pavo_cristatus/Chi 10	11	7	1	14	4	9	4	5	16	0	0	15	1	1	10	7	8	6	2	9	7	4	6	10	12	27	2	14	2	10	7	18	13	15	12	7	6	18	11	22	29	24	31	36	3	21	11	15	15	14	7	7	3	19	8	15	24	36	20	26	4	16	13	
1694_A/Pavo_cristatus/Chi 10	11	7	1	14	4	9	4	5	16	0	0	15	1	1	10	7	8	6	2	9	7	4	6	10	12	27	2	14	2	10	7	18	13	15	12	7	6	18	11	22	29	24	31	36	3	21	11	15	15	14	7	7	3	19	8	15	24	36	20	26	4	16	13	
1695_A/Pavo_cristatus/Jia 10	11	8	1	14	4	8	4	7	15	0	0	15	1	1	10	7	7	7	3	9	7	3	5	9	12	29	4	14	3	8	5	19	13	16	12	8	6	17	10	22	31	24	29	36	2	21	13	13	13	13	7	7	3	21	7	17	22	37	20	25	6	15	14	
1696_A/Rattus_norvegicus/ 9	10	8	1	15	5	8	4	5	15	0	0	15	1	1	10	8	9	8	3	9	6	3	5	12	11	26	2	12	3	10	7	18	14	18	11	8	5	17	11	22	29	25	31	36	3	20	11	16	13	13	6	6	3	19	9	14	24	38	18	27	5	14	15	
1697_A/Shandong/1/2009_H5 11	6	6	3	13	8	10	2	8	13	1	0	11	3	0	10	9	8	8	2	6	8	2	5	13	9	23	5	14	4	13	5	15	14	17	11	14	6	14	11	21	29	23	25	36	2	21	19	17	12	19	5	7	8	15	10	13	23	35	20	24	4	18	13	
1698_A/Spatula_querquedul 13	7	9	1	11	7	7	4	6	13	0	0	20	3	1	10	7	11	6	1	10	3	4	6	7	11	17	4	12	4	18	5	14	10	18	11	14	10	12	11	20	29	26	30	36	4	19	15	13	11	16	7	6	10	19	7	16	22	31	24	27	2	22	10	
1699_A/Syrrhaptes_paradox 10	11	8	1	14	4	8	4	7	15	0	0	14	1	1	10	8	7	7	3	9	7	3	5	9	12	28	5	14	3	9	5	20	14	16	14	8	6	18	9	22	30	23	29	36	3	21	12	11	12	11	7	8	3	20	8	16	23	39	19	26	5	15	14	
1700_A/Taiwan/DV413/2006_ 9	7	5	1	15	5	11	4	7	14	0	0	15	4	1	10	6	8	9	2	9	4	2	5	11	14	22	4	13	3	14	5	13	11	16	11	15	11	15	11	24	25	28	29	35	5	15	15	14	14	23	6	9	6	12	9	17	22	26	22	21	4	25	12	
1701_A/Taiwan/DV518/2006_ 9	7	6	1	15	5	10	4	7	14	0	0	15	4	1	10	6	8	9	2	9	4	2	5	11	14	22	4	13	3	14	5	13	11	16	10	15	11	15	12	24	25	27	29	35	5	16	15	14	13	23	6	8	6	12	9	18	23	27	22	21	4	24	12	
1702_A/Whooper_Swan/Sanme 12	6	10	1	12	9	6	4	6	13	0	0	18	4	1	10	7	11	7	2	9	3	3	5	6	11	15	5	15	4	21	4	16	10	18	10	11	9	13	12	21	30	26	30	35	4	19	14	13	13	16	8	11	8	18	7	12	19	31	22	27	4	22	11	
1703_A/Wild_bird/Huadong/ 13	7	9	0	11	7	8	5	6	13	0	0	21	4	1	10	7	10	8	1	10	3	3	5	6	12	18	4	12	3	17	4	13	11	19	12	14	9	11	11	22	29	26	28	35	4	18	18	14	14	18	8	9	9	15	7	13	19	31	22	27	3	22	11	
1704_A/Wild_bird/Huadong/ 10	8	11	1	14	5	5	4	5	14	0	0	19	3	1	10	10	7	10	2	6	5	0	4	11	12	21	2	10	5	15	5	13	10	17	13	12	13	14	9	23	26	26	29	37	4	20	18	10	8	15	7	12	11	19	8	13	21	30	18	27	5	22	15	
1705_A/Wild_bird/Huadong/ 9	12	8	1	15	4	8	4	8	14	0	0	14	1	1	10	7	6	7	3	9	8	3	6	10	12	28	4	13	3	10	4	19	13	16	12	8	7	18	10	23	28	22	31	36	3	21	12	15	10	13	7	7	4	20	8	17	23	35	19	22	8	17	14	
1706_A/Wild_bird/Huadong/ 11	7	10	2	13	6	6	3	7	16	1	0	15	1	0	10	10	8	9	2	4	5	1	4	11	12	22	2	14	4	13	5	15	9	16	12	13	10	15	10	21	29	21	24	35	3	25	22	14	10	16	6	13	9	18	8	11	22	31	20	29	3	22	14	
1707_A/Wild_bird/Huadong/ 9	12	8	1	15	4	8	4	8	14	0	0	14	1	1	10	7	6	7	3	9	8	3	6	10	12	28	4	13	3	10	4	18	13	16	12	9	7	18	10	23	28	22	31	36	3	21	12	15	10	13	7	7	4	20	8	17	23	34	20	22	8	17	14	
1708_A/Wild_bird/Huadong/ 10	11	8	1	14	4	8	4	7	15	0	0	15	1	1	10	8	7	7	3	9	7	3	5	9	12	28	3	13	3	9	6	20	13	20	12	8	6	15	10	23	30	26	30	34	3	19	12	13	13	13	8	7	3	19	7	14	23	38	20	28	5	14	13	
1709_A/Wild_bird/Huadong/ 10	11	9	1	14	4	8	4	6	14	0	0	15	2	1	10	8	9	7	3	11	5	3	5	10	13	27	4	13	2	10	5	18	15	15	11	9	6	18	11	22	30	24	32	36	2	19	12	13	14	10	7	6	3	22	8	18	22	36	19	23	4	17	14	
1710_A/Wild_bird/Huadong/ 10	6	7	3	14	7	9	2	7	13	0	0	12	4	1	10	7	7	9	1	7	9	1	6	13	10	21	5	15	4	16	4	15	16	23	7	15	7	11	13	20	28	25	25	33	5	18	19	16	11	19	6	7	6	15	10	17	23	29	17	22	4	23	15	
1711_A/Wild_bird/Huadong/ 10	11	10	1	14	4	6	4	5	13	0	0	17	3	1	10	7	7	7	3	9	6	3	5	10	14	28	5	13	2	9	5	19	12	17	11	9	6	16	12	23	29	25	31	36	4	18	12	12	15	13	8	7	3	20	8	17	22	36	18	25	4	16	14	
1712_A/Wild_bird/Huadong/ 9	12	8	1	15	4	8	4	8	14	0	0	14	1	1	10	7	6	7	3	9	8	3	6	10	12	28	4	13	3	10	4	19	13	16	12	8	7	18	10	23	28	22	31	36	3	21	12	15	10	13	7	7	4	20	8	17	23	35	19	22	8	17	14	
1713_A/Wild_bird/Huadong/ 10	11	8	1	14	4	8	4	8	14	0	0	14	2	1	10	7	8	7	3	9	7	3	5	9	11	29	4	14	3	8	5	20	13	16	12	8	6	17	10	21	31	26	28	36	2	19	14	12	13	14	7	7	3	20	7	18	22	38	21	25	6	14	13	
1714_A/Wild_bird/Huadong/ 10	11	10	1	14	4	6	4	5	13	0	0	17	3	1	10	7	7	7	3	9	6	3	5	10	14	28	5	13	2	9	5	19	12	17	11	9	6	16	12	23	29	25	31	36	4	18	12	12	15	13	8	7	3	20	8	17	22	36	18	25	4	16	14	
1715_A/Wild_bird/Huadong/ 10	11	8	1	14	4	8	4	8	14	0	0	14	2	1	10	7	8	7	3	9	7	3	5	9	11	29	4	14	3	8	5	20	13	16	12	8	6	17	10	21	31	26	28	36	2	19	14	12	13	14	7	7	3	20	7	18	22	38	21	25	6	14	13	
1716_A/Wild_bird/Huadong/ 9	12	8	1	15	4	8	4	8	14	0	0	14	1	1	10	7	6	7	3	9	8	3	6	10	12	28	4	13	3	10	4	19	13	16	12	8	7	18	10	23	28	22	31	36	3	21	12	15	10	13	7	7	4	20	8	17	23	35	19	22	8	17	14	
1717_A/Xinjiang/1/2009_H5 8	6	6	2	16	7	10	3	9	14	0	0	12	3	1	10	7	8	8	2	8	8	1	6	11	9	22	5	15	4	15	4	14	13	20	7	14	12	12	15	21	24	26	28	33	7	19	15	17	12	18	8	8	4	16	7	17	24	28	19	21	4	23	14	
1718_A/Yangzhou/125/2022_ 8	9	7	4	16	5	9	1	7	15	0	0	15	1	1	10	8	9	6	2	6	6	4	4	14	13	23	5	12	1	13	6	12	12	16	11	16	7	15	11	23	35	24	27	34	0	20	17	9	8	18	9	11	8	16	7	12	24	32	24	28	5	21	8	
1719_A/avian/Hong_Kong/07 9	8	6	3	15	5	10	2	9	14	0	0	12	3	1	10	7	7	9	1	8	9	1	6	10	9	22	4	15	5	15	4	14	14	21	8	15	9	11	14	20	24	26	27	34	7	18	17	15	12	16	6	9	5	17	7	18	25	25	24	21	3	28	11	
1720_A/avian/Hong_Kong/19 9	8	6	3	15	5	10	2	9	14	0	0	12	3	1	10	7	7	9	1	8	8	1	6	10	9	22	4	15	5	15	4	14	14	21	8	15	10	11	14	20	24	27	26	34	7	18	17	15	12	16	6	9	5	17	7	18	25	25	25	21	3	28	10	
1721_A/avian/Hong_Kong/23 9	8	6	3	15	5	10	2	9	15	0	0	12	2	1	10	7	7	9	1	8	8	1	6	10	9	22	4	15	5	15	4	14	14	21	8	15	10	11	14	20	24	27	26	34	7	18	17	15	12	16	6	9	5	17	7	18	25	25	25	21	3	28	10	
1722_A/baikal_teal/Xiangh 8	9	8	0	16	5	8	5	5	16	0	0	17	2	1	10	10	9	8	1	4	4	2	6	12	10	19	4	11	6	17	4	15	8	18	14	13	11	13	8	21	27	24	29	35	7	20	17	9	10	16	9	12	9	18	6	10	20	28	23	32	6	24	11	
1723_A/bar-headed_goose/Q 10	7	7	2	14	6	9	3	9	15	0	0	13	2	1	10	7	6	9	1	8	9	1	6	10	11	21	4	13	4	16	5	13	15	20	10	15	11	12	12	18	25	28	28	34	3	17	17	17	12	18	4	8	6	16	10	17	25	27	22	24	3	24	10	
1724_A/bar-headed_goose/T 10	7	6	2	14	6	10	3	9	16	0	0	13	1	1	11	7	7	9	1	8	8	1	6	10	10	22	4	13	4	15	4	13	15	19	10	15	11	13	12	21	26	31	25	33	4	17	16	14	12	15	5	9	6	18	10	18	25	26	20	22	2	26	13	
1725_A/black_chicken/Jian 10	6	7	2	14	7	9	3	9	15	0	0	13	2	1	10	9	9	9	1	6	8	1	6	13	10	22	8	13	2	15	2	15	15	22	8	14	9	11	13	21	27	24	22	33	4	20	20	14	13	18	9	9	5	16	6	14	23	28	20	23	5	24	13	
1726_A/brown-headed_gull/ 9	6	6	3	15	7	10	2	9	14	0	0	12	3	1	11	7	8	9	1	8	8	1	5	10	10	19	5	15	3	18	5	13	15	20	9	14	10	12	13	21	25	27	28	33	6	17	15	18	11	20	7	8	4	14	8	20	24	28	21	19	5	23	12	
1727_A/brown-headed_gull/ 8	6	6	3	15	8	10	3	9	13	0	0	12	3	1	10	7	8	10	1	9	8	1	6	10	11	18	4	16	3	18	4	13	14	20	8	14	11	12	14	22	25	26	28	33	6	17	15	17	11	20	7	8	4	15	7	18	24	29	21	20	5	22	13	
1728_A/canvasback/Xiangha 9	7	11	1	15	7	5	4	7	14	0	0	16	2	1	10	8	11	9	3	9	4	1	4	9	8	14	4	12	6	22	4	14	11	18	12	12	11	13	9	22	28	22	27	35	4	22	19	11	7	14	7	13	11	20	8	10	21	27	23	29	6	26	11	
1729_A/cat/Sichuan/SC18/2 10	6	7	2	14	7	9	3	9	15	0	0	13	2	1	10	9	10	9	1	6	7	1	6	13	10	23	7	13	2	14	3	15	15	23	8	14	9	10	13	21	27	25	22	34	3	19	20	13	13	18	8	10	5	16	7	14	23	28	20	23	5	24	13	
1730_A/cat/Zhejiang/C1/20 10	8	12	2	14	5	4	3	4	15	1	0	18	2	0	10	10	7	9	2	4	6	1	5	13	11	19	2	13	5	17	4	15	6	14	13	15	11	17	8	20	31	24	31	33	3	20	17	14	10	14	6	12	10	20	7	15	20	32	22	25	5	21	13	
1731_A/cat/Zhejiang/C2/20 10	8	11	2	14	5	5	3	4	15	1	0	18	2	0	10	10	7	9	2	4	6	1	5	13	11	19	2	13	5	17	4	15	6	15	13	14	11	16	9	20	31	24	31	33	3	21	16	14	10	14	6	12	10	20	7	15	21	31	22	25	4	22	13	
1732_A/chicken/Anhui/MZ33 9	8	11	2	15	6	5	3	4	14	1	0	18	2	0	10	10	7	9	2	4	6	1	5	13	13	18	2	13	3	18	4	16	7	15	15	13	11	16	7	20	30	27	28	34	3	18	19	14	11	14	7	12	9	20	6	13	19	30	22	26	6	23	13	
1733_A/chicken/Anhui/MZ34 9	8	11	2	15	6	5	3	4	14	1	0	18	2	0	10	10	7	9	2	4	6	1	5	13	13	18	2	13	3	18	4	16	7	15	15	13	11	16	7	20	30	27	28	34	3	18	19	14	11	14	7	12	9	20	6	13	19	30	22	26	6	23	13	
1734_A/chicken/Beijing/BJ 10	7	10	1	14	6	6	4	4	13	1	0	18	4	0	10	11	10	9	3	3	4	1	5	11	10	19	2	13	5	17	4	14	8	17	14	14	10	16	8	23	30	24	30	35	1	20	18	13	9	18	7	11	11	16	6	14	19	28	23	28	6	23	11	
1735_A/chicken/CH/a556/20 10	9	6	4	14	4	10	1	7	14	0	0	12	2	1	10	8	8	8	2	6	2	2	4	11	15	26	4	17	3	10	3	13	19	16	10	15	6	14	12	21	26	27	30	37	1	21	15	16	10	22	8	12	9	13	10	17	24	25	20	19	2	27	10	
1736_A/chicken/Changhua/1 12	8	8	1	12	5	8	4	5	15	0	0	22	2	1	10	8	9	8	2	8	3	2	5	7	11	18	4	11	6	18	4	15	11	19	12	15	8	12	10	20	30	27	32	36	3	18	13	12	12	20	9	14	10	14	6	12	18	30	21	25	4	23	12	
1737_A/chicken/Changhua/1 12	8	8	1	12	5	8	4	5	14	0	0	22	3	1	10	8	9	9	2	8	3	2	5	7	11	18	4	11	6	17	4	15	10	19	12	15	8	12	10	20	31	27	32	36	4	18	13	12	12	20	9	14	10	14	6	12	18	30	22	25	3	23	11	
1738_A/chicken/Changhua/1 12	8	9	1	12	5	7	4	5	14	0	0	21	3	1	10	8	9	8	2	8	3	2	5	7	11	18	4	11	6	18	4	16	10	18	12	14	8	13	10	20	31	27	32	37	3	18	13	12	12	20	10	14	10	14	5	12	18	30	22	25	4	23	11	
1739_A/chicken/Changhua/1 12	8	8	1	12	5	8	4	5	14	0	0	22	3	1	10	8	9	8	2	8	3	2	5	7	11	18	4	11	6	18	4	15	10	19	12	15	7	13	10	20	32	27	32	36	2	18	13	12	12	20	9	14	10	14	6	12	18	30	22	25	4	23	11	
1740_A/chicken/Changhua/1 12	8	8	1	12	5	8	4	5	14	0	0	22	3	1	10	8	10	8	2	8	3	2	5	7	11	19	4	11	5	17	4	15	10	18	12	15	8	13	10	20	32	27	32	36	2	19	13	12	12	20	9	14	10	14	6	12	18	30	22	25	4	22	11	
1741_A/chicken/Changhua/1 12	8	8	1	11	5	8	4	5	14	0	0	22	3	1	10	8	9	8	2	9	3	3	5	7	11	18	4	11	6	17	4	15	10	19	12	15	8	13	10	20	32	27	32	36	2	18	13	12	12	19	9	14	10	14	6	12	18	30	22	25	4	23	11	
1742_A/chicken/Changhua/1 9	6	7	0	15	8	9	5	7	15	0	0	13	1	1	10	7	8	7	2	7	5	4	5	11	13	24	5	17	3	11	4	19	12	20	9	13	7	11	13	19	30	28	33	34	4	16	12	10	8	18	8	12	8	16	9	18	24	27	18	23	4	25	13	
1743_A/chicken/Changhua/1 10	6	7	0	14	8	9	5	7	15	0	0	13	1	1	10	7	8	7	2	7	5	4	5	11	13	25	5	17	3	10	4	19	11	20	9	13	9	11	13	19	28	27	35	34	4	16	11	10	8	18	8	12	8	16	8	18	25	27	18	23	4	25	14	
1744_A/chicken/Changhua/1 10	6	7	0	14	8	9	5	7	15	0	0	13	1	1	10	7	8	7	2	7	5	4	5	10	13	25	5	18	3	10	4	19	11	20	9	13	9	11	13	19	28	28	34	34	4	16	11	10	8	18	8	12	8	16	8	18	25	27	18	23	4	25	14	
1745_A/chicken/Changhua/1 10	6	7	0	14	8	9	5	7	15	0	0	13	1	1	10	7	8	7	2	7	5	4	5	10	13	25	5	18	3	10	4	19	11	20	9	13	9	11	13	19	28	28	34	34	4	16	11	10	8	18	8	12	8	16	8	18	25	27	18	23	4	25	14	
1746_A/chicken/Changhua/1 12	8	8	1	12	5	8	4	5	13	0	0	22	4	1	10	8	9	9	2	8	3	2	5	7	11	19	4	11	6	16	4	15	11	19	12	15	7	12	10	20	31	27	31	36	3	18	14	12	12	20	9	14	10	14	6	12	18	30	22	25	4	23	11	
1747_A/chicken/Changhua/1 10	6	7	0	14	8	9	5	7	15	0	0	13	1	1	10	7	8	7	2	7	5	4	5	11	13	25	5	17	3	10	4	19	11	20	9	13	9	11	13	19	28	27	34	34	4	17	11	10	8	18	7	12	8	16	9	17	25	27	18	24	4	25	14	
1748_A/chicken/Changhua/1 12	8	8	1	12	5	8	4	5	13	0	0	22	4	1	10	8	9	9	2	8	3	2	5	7	11	19	4	11	6	16	4	15	11	19	12	15	7	12	10	20	31	27	31	36	3	18	14	12	12	20	9	14	10	14	6	12	18	30	22	25	4	23	11	
1749_A/chicken/Changhua/1 10	6	7	0	14	8	9	5	7	15	0	0	13	1	1	10	7	9	7	2	7	5	4	5	11	12	24	5	17	3	11	4	19	11	20	9	13	9	11	13	19	28	27	34	34	5	16	11	10	8	18	7	12	8	16	9	17	25	26	18	24	4	26	14	
1750_A/chicken/Changhua/1 12	8	8	1	12	5	8	4	5	13	0	0	22	4	1	10	8	9	9	2	8	3	2	5	7	11	19	4	11	6	16	4	15	11	19	12	15	7	12	10	20	31	27	31	36	3	18	14	12	12	20	9	14	10	14	6	12	18	30	22	25	4	23	11	
1751_A/chicken/Changhua/1 12	8	8	1	12	5	8	4	5	15	0	0	21	2	1	10	8	8	8	2	8	4	2	5	7	11	18	3	12	6	18	5	15	9	19	12	16	9	11	10	20	31	27	32	36	2	19	13	14	11	20	10	12	11	15	6	12	19	30	20	24	4	22	12	
1752_A/chicken/Changhua/1 11	8	7	1	13	5	9	4	6	13	0	0	21	4	1	10	8	10	9	2	8	2	2	5	7	11	19	4	11	6	16	4	15	11	19	13	15	7	12	10	20	32	27	31	36	2	19	14	12	10	20	8	14	10	14	6	12	19	30	22	25	5	22	11	
1753_A/chicken/Changhua/1 14	8	7	1	10	5	9	4	4	13	0	0	23	4	1	10	8	9	9	2	8	3	2	5	7	11	19	4	11	6	16	4	14	11	21	13	14	7	10	10	21	32	27	30	36	3	19	15	13	11	20	9	14	10	13	5	11	20	31	22	25	3	22	11	
1754_A/chicken/Changhua/1 12	8	7	1	12	5	9	4	4	13	0	0	23	4	1	10	8	9	8	2	8	3	3	5	7	12	21	4	11	5	15	4	15	11	18	12	15	7	13	10	19	31	28	28	36	4	19	15	13	10	19	9	13	10	15	6	14	20	30	21	23	4	22	12	
1755_A/chicken/Chiayi/150 12	8	8	1	12	5	8	4	5	14	0	0	22	3	1	10	8	9	9	2	8	3	2	5	7	11	18	4	11	6	17	4	15	10	19	12	15	8	12	10	20	31	27	32	36	4	18	13	12	12	20	9	14	10	14	6	12	18	30	22	25	3	23	11	
1756_A/chicken/Chiayi/150 13	8	8	1	11	5	8	4	5	14	0	0	22	3	1	10	8	9	8	2	8	3	2	5	7	11	19	4	11	6	17	4	14	10	18	12	16	8	13	10	20	32	27	32	37	2	18	12	12	12	20	9	14	10	14	6	12	19	30	22	25	3	23	11	
1757_A/chicken/Chiayi/150 10	6	7	0	14	8	9	5	7	15	0	0	13	1	1	10	7	8	7	2	7	5	4	5	11	13	25	5	17	3	10	4	19	11	20	9	13	9	11	13	19	28	27	34	34	4	17	11	10	8	18	8	12	8	16	8	17	25	27	18	24	4	25	14	
1758_A/chicken/Chiayi/170 12	8	7	1	12	5	9	4	5	13	0	0	21	4	1	10	8	9	8	2	8	3	3	5	7	12	19	4	12	5	16	4	15	11	19	13	15	7	12	10	19	32	27	29	36	3	20	15	12	10	19	8	14	10	15	6	12	20	30	21	25	4	22	12	
1759_A/chicken/Chiayi/181 10	9	12	2	14	4	4	3	4	15	0	0	23	2	1	10	7	10	7	2	9	3	3	5	6	9	20	4	13	7	16	4	14	9	18	12	14	9	13	10	21	29	24	31	36	5	20	15	13	14	16	8	12	9	18	7	12	20	33	23	23	4	20	10	
1760_A/chicken/China/007/ 11	12	8	1	13	4	8	4	9	14	0	0	12	1	1	10	7	6	7	3	9	8	3	5	9	12	28	4	14	3	9	5	19	13	15	12	8	6	18	10	23	29	23	29	36	4	22	15	13	12	13	7	7	5	20	7	17	22	33	19	25	5	18	15	
1761_A/chicken/China/1101 10	13	8	1	14	3	8	4	8	13	0	0	14	1	1	10	7	6	7	3	9	9	3	5	9	13	29	4	14	3	8	5	19	13	17	12	8	6	17	10	23	28	22	31	36	3	21	13	13	11	13	7	8	4	20	7	16	21	34	21	24	9	18	13	
1762_A/chicken/China/Cang 13	7	9	1	11	7	7	4	6	13	0	0	19	3	1	10	7	11	6	1	10	3	4	6	6	11	19	4	13	4	17	4	14	10	18	12	14	9	13	10	21	30	25	32	36	4	18	15	13	11	16	7	7	10	18	8	13	22	31	24	28	2	22	10	
1763_A/chicken/China/E93/ 10	8	7	3	13	7	10	2	8	14	0	0	12	2	1	10	7	7	7	2	9	8	3	6	10	8	23	3	16	6	12	6	13	12	21	8	16	9	13	12	21	26	31	28	34	4	16	14	14	16	16	7	9	5	17	6	21	21	26	23	21	4	26	10	
1764_A/chicken/China/E96/ 10	7	7	3	13	8	10	2	8	14	0	0	12	2	1	10	7	8	6	2	9	7	3	6	10	9	23	3	16	5	13	6	14	12	21	8	15	9	12	12	22	26	31	28	34	4	16	14	14	16	16	7	9	5	18	6	20	21	25	23	21	4	27	10	
1765_A/chicken/Chiping/03 10	8	10	1	14	5	6	4	4	13	1	0	19	4	0	10	10	10	9	3	4	4	1	5	11	10	19	2	12	5	17	4	14	8	16	14	14	10	16	7	22	31	23	31	35	1	20	18	13	9	16	7	11	11	18	7	14	19	30	21	28	6	22	13	
1766_A/chicken/Dongguan/2 11	6	7	2	13	7	9	3	9	15	0	0	13	2	1	10	9	9	7	1	6	8	3	6	13	10	22	7	12	2	15	2	17	15	24	8	14	9	9	13	21	25	24	25	33	5	21	17	14	11	19	8	7	7	15	7	17	22	29	18	23	5	23	15	
1767_A/chicken/Dongguan/3 11	6	7	2	13	7	9	3	9	15	0	0	13	2	1	10	9	9	7	1	6	8	3	6	13	10	21	7	12	2	16	2	17	16	25	8	14	8	8	13	21	26	25	25	33	5	20	17	13	11	18	9	8	7	16	6	16	22	29	18	23	5	23	15	
1768_A/chicken/Dongguan/4 11	6	7	2	13	7	9	3	9	15	0	0	13	2	1	10	9	9	7	1	6	8	3	6	13	10	22	7	12	2	15	2	17	16	25	8	14	8	8	13	20	25	23	24	33	5	22	18	14	11	19	8	7	7	15	7	17	23	29	18	23	5	23	15	
1769_A/chicken/Eastern_Ch 12	9	9	1	12	5	7	4	4	14	1	0	17	2	0	10	10	7	9	2	4	6	1	5	13	11	17	2	13	5	19	4	16	9	15	15	13	11	16	7	21	29	26	29	33	4	20	17	14	10	14	7	12	9	20	7	12	18	30	23	28	6	23	11	
1770_A/chicken/Eastern_Ch 12	9	10	1	12	5	6	4	4	14	1	0	17	2	0	10	10	7	9	2	4	6	1	5	13	11	17	2	13	5	19	4	16	8	15	15	13	10	16	7	20	31	27	28	33	4	20	17	14	10	14	8	12	10	20	6	12	18	30	23	28	6	23	11	
1771_A/chicken/Eastern_Ch 7	7	7	2	17	6	9	3	7	15	0	0	11	3	1	10	7	8	9	2	8	7	2	5	13	10	20	4	15	4	16	5	15	16	20	8	13	10	12	14	18	21	30	28	35	8	15	14	15	12	17	7	10	5	17	8	17	25	25	20	22	3	26	14	
1772_A/chicken/Eastern_Ch 7	7	7	2	17	6	9	3	9	15	0	0	11	3	1	10	7	8	9	2	8	8	1	5	13	10	21	4	13	4	16	5	16	16	19	8	13	9	12	14	18	21	32	28	35	8	14	14	15	12	17	7	10	4	17	8	17	25	26	19	22	3	26	14	
1773_A/chicken/Fujian/1/2 9	6	6	2	15	7	10	3	9	15	0	0	11	3	1	10	7	8	8	1	8	7	1	6	10	9	22	4	15	5	15	5	14	14	19	8	15	11	14	14	20	23	27	29	36	6	17	14	15	12	16	7	8	6	18	8	20	23	25	22	20	3	27	11	
1774_A/chicken/Fujian/11. 10	11	7	1	14	4	9	4	5	16	0	0	15	1	1	10	8	7	6	3	9	7	4	5	11	12	27	2	13	2	10	7	18	13	15	12	7	6	18	11	22	29	23	32	36	3	21	11	15	15	14	7	7	3	19	8	16	24	36	20	26	3	16	13	
1775_A/chicken/GY/a451/20 10	9	6	4	14	4	10	1	7	14	0	0	12	2	1	10	8	8	8	2	6	2	2	4	11	15	26	4	17	3	10	3	13	19	16	10	14	6	14	12	23	26	27	30	37	1	20	16	16	10	22	8	11	9	13	10	16	24	25	20	20	2	27	10	
1776_A/chicken/Gansu/5/20 11	7	8	3	12	8	9	2	9	14	1	0	11	2	0	10	7	8	6	2	9	8	3	6	9	9	23	4	16	4	13	5	13	12	21	9	17	8	12	12	19	26	32	29	35	3	13	15	15	13	16	7	9	6	18	6	21	22	25	20	22	5	27	13	
1777_A/chicken/Gansu/6/20 10	7	7	3	13	8	10	2	9	14	1	0	11	2	0	10	7	7	6	2	9	8	3	6	10	8	23	3	16	6	13	6	12	12	21	9	16	9	12	12	21	26	31	27	34	4	16	15	14	16	16	7	9	5	18	6	21	21	26	22	21	4	26	11	
1778_A/chicken/Ganzhou/GZ 14	8	6	3	10	8	10	2	6	11	0	0	16	3	1	10	6	9	8	2	8	5	3	5	11	11	20	5	14	4	15	5	13	14	17	9	16	8	14	13	20	27	25	24	35	4	20	19	13	12	16	7	11	7	18	8	14	24	32	23	25	2	21	10	
1779_A/chicken/Guangdong/ 10	7	6	2	14	6	10	3	10	15	0	0	13	2	1	10	7	7	9	1	7	8	1	6	9	10	24	4	15	4	13	4	14	15	19	10	14	10	13	12	21	25	26	29	35	6	18	14	15	12	16	6	8	6	17	9	17	24	26	23	22	3	27	10	
1780_A/chicken/Guangdong/ 9	8	11	2	15	6	5	3	4	14	0	0	18	2	1	10	10	7	9	2	4	6	1	5	13	13	18	2	13	3	18	4	16	7	15	15	13	11	16	7	20	30	27	28	34	3	18	19	14	10	13	7	12	10	20	6	13	19	30	22	26	6	24	13	
1781_A/chicken/Guangxi/16 10	11	7	1	14	4	9	4	6	15	0	0	17	1	1	10	8	8	8	3	9	6	2	5	9	12	27	3	12	3	10	6	18	14	22	12	10	5	14	10	22	28	26	28	36	2	19	14	14	14	13	8	5	3	19	7	15	22	38	19	28	6	14	14	
1782_A/chicken/Guangxi/S2 10	6	6	2	14	7	10	3	8	13	0	0	12	4	1	10	7	7	9	2	8	9	1	5	12	9	22	5	15	4	15	4	15	15	23	7	14	9	10	14	20	26	24	26	33	6	19	18	15	11	19	6	9	5	15	10	17	24	28	17	22	4	24	15	
1783_A/chicken/Guizhou/7/ 10	8	6	2	14	5	10	3	9	16	0	0	14	1	1	10	8	7	9	1	8	8	1	6	8	10	22	4	15	4	14	5	11	16	18	9	16	8	12	14	21	23	27	28	34	6	18	16	16	11	16	6	9	8	17	10	16	24	24	21	21	5	28	12	
1784_A/chicken/Hebei/1102 11	9	12	1	13	5	4	4	4	15	1	0	18	2	0	10	10	7	9	2	4	5	1	5	11	10	19	3	13	6	16	4	14	8	16	15	14	11	16	7	21	29	25	27	36	3	20	20	14	9	17	7	11	10	16	7	11	20	30	21	29	6	23	13	
1785_A/chicken/Hebei/1102 11	9	12	1	13	5	4	4	4	15	1	0	18	2	0	10	10	7	9	2	4	5	1	5	11	10	20	3	13	6	16	4	14	8	16	15	14	11	15	7	21	29	24	27	36	3	20	20	14	9	17	7	11	10	17	7	11	20	30	21	29	6	23	13	
1786_A/chicken/Hebei/3/20 10	8	11	1	14	7	5	4	5	12	1	0	19	4	0	10	10	9	9	3	4	3	2	5	10	10	19	2	12	6	16	4	13	8	17	14	15	10	15	7	22	31	26	30	35	1	19	17	13	9	16	6	11	11	18	9	15	19	29	20	27	6	23	13	
1787_A/chicken/Hebei/A-8/ 11	7	8	3	12	8	9	2	9	14	0	0	12	2	1	10	7	6	7	2	9	9	2	6	9	8	22	3	16	6	15	5	13	13	18	9	15	10	13	14	23	24	31	25	34	5	17	16	16	14	16	4	8	6	18	8	17	22	22	21	21	5	30	12	
1788_A/chicken/Heilongjia 11	6	7	2	13	7	9	3	10	15	0	0	13	2	1	10	9	9	7	1	6	8	3	6	13	10	21	7	11	2	16	2	18	16	24	8	14	8	9	13	21	25	24	24	33	5	20	19	13	11	19	8	7	7	15	7	17	23	29	18	22	5	23	15	
1789_A/chicken/Henan/A-7/ 10	7	7	2	13	7	9	3	9	15	0	0	12	2	1	10	6	7	9	2	9	8	1	5	9	10	24	3	17	5	11	6	12	14	19	10	17	9	12	14	21	26	33	26	34	4	16	15	16	11	16	5	8	7	18	8	18	25	23	19	21	2	28	14	
1790_A/chicken/Henan/Q7/2 10	8	11	1	14	5	5	4	4	13	1	0	19	4	0	10	10	10	9	3	4	4	1	5	11	10	18	2	12	5	18	4	14	8	16	14	14	10	16	7	22	31	24	30	35	1	20	18	13	9	16	7	11	11	18	7	14	19	30	22	28	6	22	12	
1791_A/chicken/Henan/YB05 10	8	11	2	14	6	5	3	4	14	1	0	18	2	0	10	10	7	9	2	4	6	1	5	14	13	18	2	12	3	18	4	15	7	15	15	14	11	16	7	20	30	26	26	33	3	19	21	14	10	15	7	12	9	19	6	14	19	30	22	26	7	23	13	
1792_A/chicken/Hsinchu/16 12	8	7	1	12	5	9	4	5	13	0	0	22	4	1	10	8	9	9	2	8	3	2	5	7	12	20	4	11	5	15	4	14	11	19	14	17	7	12	9	20	31	27	32	36	3	19	13	12	10	20	8	13	11	14	6	12	18	30	22	25	5	22	11	
1793_A/chicken/Huadong/4/ 11	7	8	3	12	7	9	2	9	15	0	0	12	2	1	10	7	7	7	2	9	8	2	6	8	9	22	3	17	5	13	6	12	14	18	10	16	9	13	13	20	24	31	25	34	4	17	17	15	12	16	6	9	6	19	8	19	24	21	17	22	4	31	15	
1794_A/chicken/Hubei/2856 11	6	9	1	13	7	7	4	8	13	0	0	17	4	1	10	9	11	8	1	6	3	2	6	12	10	14	5	9	5	22	4	15	8	18	12	13	10	13	10	21	25	25	29	35	9	19	16	11	13	15	8	14	8	19	7	7	20	30	19	30	6	23	14	
1795_A/chicken/Hubei/ZYSJ 10	8	11	2	14	6	5	3	4	14	1	0	18	2	0	10	9	7	9	2	5	6	1	5	14	13	18	2	12	3	18	4	15	7	15	15	14	11	16	7	20	30	27	26	33	3	19	20	14	10	14	7	12	9	20	6	13	20	30	22	27	6	23	13	
1796_A/chicken/Hubei/ZYSJ 10	8	11	2	14	6	5	3	4	14	1	0	18	2	0	10	9	7	9	2	5	6	1	5	14	13	18	2	12	3	18	4	15	7	15	15	14	11	16	7	20	30	27	26	33	3	19	20	14	10	14	7	12	9	20	6	13	20	30	22	27	6	23	13	
1797_A/chicken/Hubei/ZYSJ 10	8	11	2	14	6	5	3	4	14	1	0	18	2	0	10	9	7	9	2	5	6	1	5	14	13	18	2	12	3	18	4	15	7	15	15	14	11	16	7	20	30	27	26	33	3	19	20	14	10	14	7	12	9	20	6	13	20	30	22	27	6	23	13	
1798_A/chicken/Hunan/02.0 10	12	8	1	14	4	8	4	9	14	0	0	13	1	1	10	7	7	7	3	9	7	3	5	10	12	30	4	13	3	7	4	19	13	16	11	8	6	18	11	23	30	23	29	36	3	22	14	13	12	12	7	7	4	21	7	16	22	35	20	25	6	17	14	
1799_A/chicken/Hunan/03.0 10	12	8	1	14	4	8	4	7	14	0	0	14	1	1	10	7	7	6	3	9	7	4	5	9	12	29	5	15	3	8	4	19	13	16	11	8	6	18	11	22	30	24	30	36	3	21	13	13	12	14	7	7	3	19	7	17	22	34	20	25	7	17	14	
1800_A/chicken/Hunan/12.2 10	10	7	1	14	5	9	4	7	16	0	0	15	0	1	10	7	9	6	3	9	6	4	5	9	12	28	5	13	3	9	4	18	14	16	13	9	6	17	10	22	29	25	29	37	2	21	12	12	13	12	9	8	3	21	6	17	24	35	21	24	5	17	12	
1801_A/chicken/Hunan/12.2 10	11	8	1	14	4	8	4	7	15	0	0	14	1	1	10	8	8	7	3	11	6	3	5	9	13	27	4	13	2	10	5	18	15	16	10	9	5	19	11	22	30	24	31	36	3	19	13	13	13	13	6	6	5	20	9	18	21	39	19	24	4	13	14	
1802_A/chicken/Hunan/1793 13	6	7	3	13	8	9	2	8	13	0	0	13	3	1	10	8	8	8	2	8	7	2	5	11	9	22	5	13	5	14	5	14	14	17	11	16	7	14	11	20	28	25	26	37	3	21	16	16	11	19	5	6	8	15	10	13	24	31	21	27	6	22	13	
1803_A/chicken/Hunan/21/2 10	7	7	2	14	6	9	3	8	16	0	0	14	1	1	10	8	7	9	2	7	8	1	5	9	10	23	3	16	4	13	6	14	14	16	11	16	8	15	11	20	27	28	29	33	5	16	17	13	12	16	7	10	6	17	9	17	24	24	21	22	4	29	10	
1804_A/chicken/Hunan/3/20 9	7	7	2	15	6	9	3	11	14	0	0	11	3	1	10	6	8	9	1	9	8	1	6	10	8	22	4	16	5	15	4	15	13	19	9	14	12	13	13	19	24	28	27	32	8	15	18	15	13	14	7	8	4	19	9	20	23	29	20	19	4	24	13	
1805_A/chicken/Hunan/3157 11	6	9	1	13	7	7	4	9	13	0	0	16	4	1	10	9	11	8	1	6	3	2	6	12	10	15	5	8	6	21	4	14	8	18	12	13	11	13	10	22	25	24	29	35	9	19	17	10	13	15	8	15	6	19	7	6	20	30	19	32	6	23	14	
1806_A/chicken/Hunan/8/20 9	7	7	2	15	6	9	3	10	14	0	0	12	3	1	10	7	8	9	1	8	8	1	6	10	8	22	4	15	5	16	4	15	13	21	9	15	12	11	13	19	24	27	28	33	7	18	15	16	12	14	7	8	4	19	7	21	24	28	21	17	4	25	13	
1807_A/chicken/Jiangsu/10 10	8	10	1	14	7	6	4	6	12	1	0	17	3	0	10	9	8	8	2	5	4	2	5	11	12	18	3	12	5	18	4	13	9	15	13	14	10	18	8	23	29	25	30	36	2	22	15	14	9	16	7	11	10	17	7	14	16	29	22	27	9	23	12	
1808_A/chicken/Jiangsu/18 11	7	8	3	12	7	9	2	9	15	0	0	12	2	1	10	7	7	7	2	9	8	2	6	8	8	23	4	17	6	13	6	12	13	18	10	16	10	13	14	20	24	32	23	34	4	15	18	15	12	16	5	9	6	18	8	20	24	22	19	21	4	30	14	
1809_A/chicken/Jiangsu/24 10	8	11	0	14	5	5	5	6	13	0	0	19	4	1	10	10	8	9	1	7	5	1	5	11	11	21	1	9	5	15	5	14	10	16	13	12	13	15	9	21	26	24	30	38	3	21	18	8	10	15	7	13	9	18	8	13	22	33	17	28	4	21	16	
1810_A/chicken/Jiangsu/92 11	6	9	1	13	7	7	4	7	14	0	0	18	3	1	10	9	9	8	2	7	4	2	5	7	12	18	4	13	4	18	4	14	11	20	12	12	10	11	10	22	29	29	33	35	5	16	12	15	11	18	8	11	9	16	7	9	21	28	24	28	3	25	9	
1811_A/chicken/Jiangsu/XZ 10	8	10	1	14	5	6	4	4	13	0	0	19	4	1	10	10	10	9	3	4	4	1	5	11	10	18	2	12	5	18	4	14	8	16	14	14	10	16	7	22	31	22	31	35	1	20	19	13	9	16	7	11	11	18	8	14	19	29	20	28	6	23	13	
1812_A/chicken/Jiangsu/YB 10	8	11	1	14	5	5	4	5	14	0	0	19	3	1	10	10	7	10	1	6	6	0	5	11	12	21	2	10	5	15	5	13	10	17	13	12	12	14	9	23	27	26	28	37	4	20	19	9	8	14	6	12	11	20	9	13	21	29	18	28	4	23	15	
1813_A/chicken/Jiangsu/k0 8	6	8	2	16	7	8	3	8	14	0	0	13	3	1	10	7	8	9	1	8	8	1	5	11	9	19	5	15	4	18	5	16	15	21	9	14	12	12	13	19	23	27	29	33	7	17	14	16	9	17	7	8	4	16	8	20	25	28	19	19	5	24	14	
1814_A/chicken/Jiangxi/25 10	6	7	2	14	7	9	3	8	15	0	0	13	2	1	10	9	9	9	1	6	9	1	6	12	10	22	5	14	1	15	3	16	16	23	7	14	10	10	14	22	24	26	26	33	6	17	19	15	12	19	7	8	3	15	8	15	24	28	18	22	5	24	15	
1815_A/chicken/Jiangxi/NC 10	8	6	2	13	7	10	3	9	15	0	0	14	2	1	10	10	9	8	2	6	8	3	6	12	10	21	7	11	2	16	1	17	18	24	7	14	7	9	14	21	24	25	26	33	5	20	17	13	11	17	7	8	8	16	7	17	21	27	17	21	6	25	16	
1816_A/chicken/Jiangxi/NC 11	6	6	2	13	7	10	3	9	15	0	0	14	2	1	10	10	9	7	1	5	8	3	6	12	10	21	7	12	2	16	1	17	17	24	8	14	7	9	12	21	25	26	26	33	5	20	18	13	11	18	8	8	7	16	7	15	23	28	18	24	5	23	15	
1817_A/chicken/Jiangyin/J 10	11	8	1	14	5	8	4	9	14	0	0	13	1	1	10	7	6	7	3	9	7	4	5	8	12	28	5	14	3	9	4	18	13	16	12	9	7	18	10	23	28	23	30	37	4	21	13	12	11	13	8	7	4	20	6	16	23	35	20	26	6	17	14	
1818_A/chicken/Kaohsiung/ 9	9	11	2	15	5	5	3	6	14	0	0	19	2	1	10	10	10	8	2	6	4	2	4	9	11	15	4	11	4	21	5	16	9	19	12	12	10	12	10	21	31	25	29	35	4	20	16	10	9	16	6	13	9	18	9	9	20	30	20	30	7	23	13	
1819_A/chicken/Kaohsiung/ 9	9	11	2	15	5	5	3	6	14	0	0	19	2	1	10	10	10	9	2	6	4	1	5	9	11	15	3	11	4	21	5	16	9	19	12	11	10	12	10	21	31	24	30	35	4	20	16	10	9	16	6	14	9	18	9	9	20	30	20	31	6	23	13	
1820_A/chicken/Kaohsiung/ 9	9	11	2	15	5	4	3	6	14	0	0	19	2	1	10	10	9	9	2	6	4	2	5	9	12	16	2	11	4	21	5	16	9	19	12	11	10	12	10	22	30	24	30	35	4	20	16	10	9	16	6	13	10	18	9	9	20	30	20	31	6	23	13	
1821_A/chicken/Kaohsiung/ 9	9	11	2	15	5	5	3	6	14	0	0	18	2	1	10	10	9	9	2	6	4	1	5	9	12	15	3	12	4	21	5	16	9	19	12	11	10	12	10	21	30	25	30	35	4	20	16	10	10	16	6	14	8	18	9	9	20	30	20	31	6	23	13	
1822_A/chicken/Kaohsiung/ 9	9	11	2	15	5	5	3	6	14	0	0	19	2	1	10	10	10	9	2	6	4	1	5	9	11	14	4	11	4	22	5	15	9	20	12	11	10	11	10	21	31	24	29	34	5	20	16	11	9	16	6	14	9	18	9	9	20	30	20	32	5	23	13	
1823_A/chicken/Kaohsiung/ 9	9	11	2	15	5	4	3	6	14	0	0	19	2	1	10	10	9	9	2	6	4	2	5	9	12	16	2	11	4	21	5	16	9	19	12	11	10	12	10	22	30	24	30	35	4	20	16	10	9	16	6	13	10	18	9	9	20	30	20	31	6	23	13	
1824_A/chicken/Kaohsiung/ 9	9	11	2	15	5	5	3	6	14	0	0	19	2	1	10	10	10	9	2	6	4	1	5	9	11	16	3	11	4	20	5	16	10	19	12	11	10	12	10	21	31	24	30	35	3	20	16	10	10	16	6	15	8	18	9	9	20	30	21	31	5	23	12	
1825_A/chicken/Kaohsiung/ 12	8	7	1	12	5	9	4	5	13	0	0	22	4	1	10	8	9	8	2	8	3	3	5	7	12	19	4	11	5	16	4	15	11	19	13	15	7	12	10	19	32	27	29	36	3	20	15	12	10	19	8	14	10	15	6	12	20	30	21	25	4	22	12	
1826_A/chicken/Kaohsiung/ 12	8	7	1	12	5	9	4	5	13	0	0	22	4	1	10	8	9	8	2	8	3	3	5	7	12	21	4	12	5	15	4	15	11	19	13	15	7	12	10	19	32	28	28	35	3	19	15	12	9	21	8	14	11	13	6	13	20	30	22	24	4	22	11	
1827_A/chicken/Kaohsiung/ 12	8	10	1	12	5	6	4	5	15	0	0	20	2	1	10	8	10	7	2	8	4	3	5	7	8	21	2	13	7	15	6	17	10	20	10	12	9	12	11	21	28	29	32	37	6	16	13	12	12	16	6	12	8	18	8	9	20	30	24	27	5	23	10	
1828_A/chicken/Kaohsiung/ 12	8	10	1	12	5	6	4	5	15	0	0	20	2	1	10	8	10	7	2	8	4	3	5	7	8	21	2	13	7	15	6	17	10	20	10	12	9	12	11	21	28	29	32	37	6	16	13	12	12	16	6	12	8	18	8	9	20	30	24	27	5	23	10	
1829_A/chicken/Liaoning/2 10	7	6	2	14	6	10	3	9	16	0	0	13	1	1	9	8	7	9	1	8	8	1	6	9	10	22	4	14	4	15	4	14	15	19	9	15	9	13	13	21	26	27	29	34	5	18	16	16	12	16	6	8	6	17	9	18	24	27	22	20	3	25	11	
1830_A/chicken/Liaoning/A 10	7	7	3	12	7	9	3	10	15	0	0	13	2	1	10	7	7	9	2	9	8	1	5	9	9	23	3	15	5	13	7	12	12	19	9	17	9	12	14	22	25	28	27	34	5	18	16	13	12	15	5	11	7	19	8	17	24	23	20	21	4	29	12	
1831_A/chicken/Liaoning/S 11	6	8	3	12	9	9	2	9	14	1	0	10	2	0	10	7	7	6	2	9	8	3	6	10	9	23	3	17	5	13	5	12	12	22	9	16	9	12	12	19	26	32	28	35	3	14	16	14	14	15	7	9	6	18	6	21	22	24	19	22	5	28	14	
1832_A/chicken/Miaoli/150 10	6	7	0	14	8	9	5	7	15	0	0	13	1	1	10	7	8	7	2	7	5	4	5	11	13	25	5	17	3	10	4	19	11	20	9	13	9	11	13	19	28	28	34	34	4	16	11	9	8	18	8	13	8	16	8	18	25	27	18	23	4	25	14	
1833_A/chicken/Nantou/161 9	9	11	2	15	5	5	3	6	14	0	0	19	2	1	10	10	9	9	2	6	4	1	5	9	12	15	3	11	4	21	5	16	9	19	12	11	10	12	10	21	31	24	30	35	4	20	16	9	10	17	6	15	8	17	9	9	21	28	20	31	6	24	13	
1834_A/chicken/New_Taipei 9	9	11	2	15	5	5	3	6	14	0	0	18	2	1	10	10	10	9	2	6	4	1	5	9	11	16	3	11	4	20	5	16	9	19	12	11	10	12	10	21	32	24	29	36	3	20	17	10	10	16	6	15	8	18	9	9	20	30	21	31	5	23	12	
1835_A/chicken/New_Taipei 9	9	11	2	15	5	5	3	6	14	0	0	19	2	1	10	10	10	9	2	6	4	1	5	9	11	16	3	11	4	20	5	16	9	19	12	11	10	12	10	21	32	24	30	35	3	20	16	10	10	16	6	15	8	18	9	10	20	30	21	30	5	23	12	
1836_A/chicken/New_Taipei 12	8	7	1	12	5	9	4	6	13	0	0	21	4	1	10	8	9	8	2	8	3	3	5	7	12	20	4	11	5	15	4	16	10	19	13	14	8	12	10	19	32	27	28	36	3	20	16	11	9	20	8	15	11	14	6	13	20	30	22	24	4	22	11	
1837_A/chicken/New_Taipei 10	9	11	2	14	5	5	3	6	14	0	0	19	2	1	10	10	10	9	2	6	4	1	5	9	10	15	3	10	5	21	5	16	10	19	12	10	9	12	10	22	32	25	31	36	4	17	17	9	8	19	6	14	10	17	9	10	20	29	21	30	6	21	13	
1838_A/chicken/New_Taipei 10	9	11	2	14	5	5	3	6	14	0	0	19	2	1	10	10	10	8	2	6	4	2	5	9	10	15	3	10	5	21	5	16	10	20	12	11	9	11	10	22	32	24	31	37	3	18	17	9	9	19	6	14	9	17	9	8	20	29	21	31	6	21	13	
1839_A/chicken/New_Taipei 10	9	11	2	14	5	5	3	6	14	0	0	19	2	1	10	10	10	8	2	6	4	2	5	9	10	15	3	10	5	21	5	16	10	20	12	11	9	11	10	21	32	24	31	36	4	18	17	9	9	19	6	14	9	17	9	9	20	29	21	31	6	21	13	
1840_A/chicken/New_Taipei 10	9	11	2	14	5	5	3	6	14	0	0	19	2	1	10	10	10	8	2	6	4	2	5	9	10	15	3	10	5	21	5	16	10	20	12	11	9	11	10	22	32	24	31	36	4	18	17	9	9	18	7	14	9	16	10	8	20	29	21	31	6	21	13	
1841_A/chicken/New_Taipei 12	8	7	1	12	5	9	4	6	13	0	0	21	4	1	10	9	9	8	2	8	3	3	5	7	12	18	6	10	5	17	3	13	11	19	13	15	8	12	10	19	32	29	29	36	3	17	15	13	10	20	8	14	10	14	6	13	20	31	22	24	4	21	11	
1842_A/chicken/Ningxia/2/ 11	7	8	3	12	8	9	2	9	14	1	0	11	2	0	10	7	8	6	2	9	8	3	6	9	9	23	4	16	4	13	5	13	12	21	9	16	9	12	12	19	26	33	28	35	3	13	15	14	14	16	7	9	6	18	6	21	22	25	20	22	5	27	13	
1843_A/chicken/Ningxia/22 11	7	8	3	12	8	9	2	9	14	0	0	11	2	1	10	7	8	6	2	9	8	3	6	9	9	23	4	16	4	13	5	13	12	20	9	16	9	12	12	19	26	34	28	35	3	13	15	14	14	16	7	9	6	18	6	21	22	25	20	22	5	27	13	
1844_A/chicken/Ningxia/24 10	7	7	3	13	6	9	3	9	15	0	0	12	2	1	10	7	7	8	2	9	9	2	5	9	9	23	3	16	5	13	6	12	12	20	9	16	10	11	14	21	24	29	28	34	5	16	16	16	12	16	5	9	7	18	8	18	26	24	19	21	2	28	14	
1845_A/chicken/North_Chin 8	7	7	2	16	6	9	3	8	15	0	0	11	3	1	10	7	8	9	2	7	7	1	5	13	10	22	4	15	4	15	5	16	16	21	7	14	9	12	14	18	21	31	28	35	8	14	14	15	12	17	7	10	4	17	7	18	24	27	19	22	3	25	15	
1846_A/chicken/PH/A2821/2 9	7	7	4	15	6	9	1	8	15	0	0	10	1	1	10	8	7	9	2	6	2	1	4	11	15	25	3	18	4	11	4	11	18	15	10	18	6	15	13	22	27	24	34	36	1	21	14	14	10	22	7	10	7	12	9	18	26	25	20	21	2	27	12	
1847_A/chicken/PT/a158/20 10	9	6	4	14	4	10	1	7	14	0	0	12	2	1	10	9	8	8	2	6	2	2	4	11	15	26	4	16	3	10	3	13	19	15	11	15	5	14	12	22	26	26	30	36	1	21	16	16	10	22	8	11	10	13	10	17	24	24	20	20	2	28	10	
1848_A/chicken/Pingtung/1 12	8	8	1	12	5	8	4	5	14	1	0	21	3	0	10	8	9	8	2	8	3	2	5	7	11	19	4	12	6	17	4	15	10	19	12	15	8	12	10	20	31	27	32	36	3	18	13	12	12	20	10	13	11	14	5	13	17	30	22	25	4	23	11	
1849_A/chicken/Pingtung/1 12	8	8	1	12	5	8	4	5	14	0	0	22	3	1	10	8	9	8	2	7	3	2	5	8	11	18	4	11	6	18	4	15	11	19	12	16	8	13	9	20	30	27	30	36	3	17	16	14	12	21	9	12	10	13	6	11	18	30	21	25	4	23	12	
1850_A/chicken/Pingtung/1 12	7	8	1	12	6	8	4	5	14	1	0	23	4	0	10	8	9	8	2	8	3	3	5	7	12	19	4	10	5	16	4	15	11	19	13	15	7	12	10	19	32	26	30	36	3	21	14	13	10	19	8	13	10	15	6	12	19	28	21	25	4	24	12	
1851_A/chicken/Pingtung/1 12	8	7	1	12	5	9	4	5	13	0	0	22	4	1	10	9	9	8	2	8	3	3	5	7	12	18	6	10	5	17	3	13	11	19	13	15	8	12	10	19	32	29	29	36	3	17	15	12	10	20	8	15	10	14	6	13	20	32	22	24	4	20	11	
1852_A/chicken/Qingdao/1/ 10	8	10	1	14	5	6	4	4	13	1	0	19	4	0	10	10	10	9	3	4	4	1	5	11	10	18	2	12	5	18	4	14	8	16	14	14	10	16	7	23	31	22	30	35	1	20	19	13	8	16	7	11	11	18	7	15	19	29	21	28	7	22	13	
1853_A/chicken/SC/a688/20 10	8	8	4	14	5	8	1	9	14	0	0	11	1	1	10	8	6	8	2	6	3	2	4	11	14	25	2	16	5	11	5	9	20	14	11	19	4	14	13	21	28	28	32	37	1	18	15	16	10	23	9	9	6	13	6	21	28	25	22	17	2	26	11	
1854_A/chicken/Shandong/A 10	7	7	3	13	6	9	3	8	15	0	0	13	2	1	10	6	6	9	1	10	10	1	6	10	9	21	3	15	5	15	6	12	13	17	9	18	10	13	14	19	26	28	27	34	5	17	17	15	12	17	6	9	6	17	7	19	22	23	19	22	4	29	14	
1855_A/chicken/Shandong/S 10	8	10	1	14	5	6	4	4	13	1	0	19	4	0	10	10	10	9	3	4	4	1	5	11	10	18	2	12	5	18	4	14	8	16	14	14	10	16	7	22	31	23	30	35	1	20	19	13	8	16	7	11	11	18	7	14	19	30	21	28	7	22	13	
1856_A/chicken/Shantou/37 10	7	7	2	14	6	9	3	9	15	0	0	12	2	1	10	7	7	9	2	8	8	1	5	8	10	23	4	17	4	13	5	13	12	21	11	16	10	12	12	21	24	26	28	34	6	18	16	15	12	14	6	9	6	18	9	17	25	23	18	22	3	30	15	
1857_A/chicken/Shanxi/04. 10	9	8	1	14	5	8	4	7	13	0	0	13	3	1	10	7	9	7	3	11	6	3	5	12	13	27	4	13	2	10	5	19	15	14	10	8	6	19	11	22	30	25	30	36	3	20	13	12	13	14	8	6	4	20	7	20	22	37	21	22	4	14	12	
1858_A/chicken/Shanxi/10/ 10	8	6	3	13	7	11	3	10	13	0	0	13	2	1	10	6	8	9	2	9	8	2	5	9	9	23	3	15	5	13	6	14	13	18	9	16	12	12	13	21	24	31	26	34	3	17	16	15	12	16	4	9	7	18	9	16	24	24	19	21	4	28	13	
1859_A/chicken/Shanxi/12. 10	10	8	1	14	5	8	4	5	15	0	0	17	1	1	10	8	7	9	2	9	6	2	6	10	12	28	3	12	3	9	6	20	13	20	12	8	5	15	10	22	29	26	28	36	3	20	13	12	14	13	7	7	3	19	9	14	24	39	18	28	5	13	14	
1860_A/chicken/Sheny/0606 11	7	6	3	12	7	10	3	8	14	0	0	14	3	1	10	7	7	9	2	9	8	1	5	9	9	25	3	15	5	11	6	15	14	20	10	16	9	12	13	19	24	30	25	35	5	17	17	14	12	14	5	9	6	19	8	19	24	24	19	20	5	27	14	
1861_A/chicken/Shenzhen/1 13	7	7	2	11	7	9	3	9	15	0	0	13	1	1	10	9	9	7	1	6	8	3	6	13	10	22	7	12	2	15	2	18	16	25	7	13	8	8	14	21	25	25	25	33	5	20	17	13	11	19	7	8	7	15	8	17	23	29	18	22	5	23	15	
1862_A/chicken/Shenzhen/1 10	6	7	2	14	7	9	3	9	15	0	0	13	2	1	10	10	10	9	1	6	7	1	6	13	10	22	8	13	2	15	2	14	15	23	7	14	9	10	14	21	27	25	22	33	4	18	21	13	13	18	8	10	5	16	7	14	23	28	20	23	5	24	13	
1863_A/chicken/Shenzhen/2 11	6	7	2	13	7	9	3	9	15	0	0	13	2	1	10	9	9	7	1	6	8	3	6	13	10	21	7	12	2	16	2	17	16	24	8	14	8	9	13	21	25	24	24	33	5	21	18	14	11	19	8	7	7	15	7	16	23	28	18	23	5	24	15	
1864_A/chicken/Shenzhen/2 11	6	7	2	14	7	9	3	8	15	0	0	14	2	1	10	9	9	7	1	5	8	3	6	13	10	21	7	13	2	16	2	17	16	24	8	14	8	9	13	21	25	25	25	31	5	20	18	14	10	19	8	7	7	15	7	16	24	29	17	24	5	23	15	
1865_A/chicken/Shenzhen/2 11	6	7	2	13	7	9	3	9	15	0	0	13	2	1	10	9	9	7	1	6	8	3	6	13	10	21	7	13	2	16	2	17	16	24	8	14	9	9	13	21	25	25	24	31	5	20	18	14	10	19	8	7	7	15	7	16	24	29	18	24	4	23	15	
1866_A/chicken/Shenzhen/4 11	5	7	2	13	8	9	3	9	15	0	0	13	2	1	10	9	9	7	1	6	8	3	6	13	10	21	7	13	2	15	2	16	16	25	8	15	8	8	13	21	25	23	26	33	5	22	16	13	11	19	8	8	7	15	7	17	23	30	18	23	4	22	15	
1867_A/chicken/Shenzhen/5 11	6	7	2	13	7	9	3	9	15	0	0	13	2	1	10	9	9	7	1	6	8	3	6	13	10	21	7	13	2	16	2	17	16	24	8	14	8	9	13	21	25	25	24	31	5	20	18	14	11	19	8	7	7	15	7	16	23	29	18	24	5	23	15	
1868_A/chicken/Shenzhen/7 11	5	7	2	13	8	9	3	9	15	0	0	13	2	1	10	9	9	7	1	6	8	3	6	13	10	21	7	13	2	15	2	16	16	25	8	15	8	8	13	21	25	23	26	33	5	22	16	13	11	19	8	8	7	15	7	17	23	30	18	23	4	22	15	
1869_A/chicken/Shijiazhua 11	8	12	0	13	5	5	5	5	13	1	0	18	4	0	10	11	9	8	2	3	4	1	5	11	10	18	3	12	6	18	4	15	9	15	16	13	10	16	6	23	30	26	31	36	1	21	15	12	9	16	8	11	11	18	6	13	19	29	22	28	5	23	12	
1870_A/chicken/Sichuan/81 11	7	7	2	13	6	9	3	8	16	0	0	14	1	1	10	7	7	9	2	8	8	1	5	9	10	23	3	17	4	13	6	14	14	17	11	16	10	15	11	20	25	28	28	32	6	16	17	13	12	15	7	9	6	17	9	17	24	23	23	22	4	30	9	
1871_A/chicken/Sichuan/NC 10	6	7	2	14	7	9	3	9	15	0	0	13	2	1	10	9	10	9	1	6	7	1	6	13	10	22	8	13	2	15	2	15	15	23	8	14	9	10	13	21	27	24	22	34	3	20	20	13	13	18	8	10	5	16	7	14	23	28	20	23	5	24	13	
1872_A/chicken/Sichuan/k1 10	11	8	1	14	4	8	4	7	15	0	0	14	1	1	10	7	7	7	3	9	7	3	5	9	12	29	4	15	3	8	5	18	13	16	12	8	7	18	10	22	31	24	28	36	1	21	14	13	13	13	7	7	3	20	7	18	23	37	18	25	5	15	16	
1873_A/chicken/TC/a504/20 10	9	6	4	14	4	10	1	7	14	0	0	12	2	1	10	9	8	8	2	6	2	2	4	11	15	26	4	16	3	10	3	13	19	15	11	16	6	14	12	22	26	26	30	35	1	21	16	16	10	22	8	10	9	13	10	17	24	24	20	21	2	28	10	
1874_A/chicken/TY/a665/20 9	9	6	4	15	4	10	1	7	14	0	0	13	2	1	10	9	8	8	2	6	2	2	4	11	15	26	4	15	3	10	3	13	18	16	10	16	7	14	12	22	26	26	30	36	1	21	16	16	10	22	8	10	9	13	10	17	24	25	20	20	2	27	10	
1875_A/chicken/Taichung/1 13	8	8	1	11	5	8	4	5	14	0	0	22	3	1	10	8	9	8	2	8	3	2	5	7	11	19	4	11	6	17	4	15	10	18	12	15	8	13	10	20	32	27	32	36	2	18	13	12	12	20	9	14	10	14	6	12	18	30	22	25	4	23	11	
1876_A/chicken/Taichung/1 11	8	8	1	13	5	8	4	5	15	0	0	22	2	1	10	8	8	8	2	8	4	2	5	8	11	18	4	11	6	18	4	15	10	19	12	17	8	13	10	20	30	27	31	35	3	17	14	13	11	20	10	11	11	14	6	12	19	30	20	24	5	23	12	
1877_A/chicken/Taichung/1 11	8	8	1	13	5	8	4	5	15	0	0	22	2	1	10	8	8	8	2	8	4	2	5	8	11	18	4	11	6	18	4	15	11	17	11	17	8	13	11	20	30	27	30	35	3	18	15	13	11	20	10	11	11	14	6	12	18	29	20	25	5	24	12	
1878_A/chicken/Taichung/1 10	6	7	0	14	8	9	5	7	14	0	0	13	2	1	10	7	8	7	2	7	5	4	4	10	13	25	6	17	3	10	4	18	12	19	9	14	8	11	13	19	28	27	34	35	4	18	11	10	8	18	7	12	8	16	9	18	25	27	18	23	4	25	14	
1879_A/chicken/Tainan/150 9	9	11	2	15	5	5	3	6	14	0	0	19	2	1	10	10	10	9	2	6	4	1	5	9	11	15	3	11	4	21	5	16	9	18	12	11	11	13	10	21	30	24	29	35	4	21	16	11	9	16	6	14	9	18	9	8	20	28	21	31	6	24	13	
1880_A/chicken/Tainan/160 11	7	8	1	13	6	8	4	7	14	0	0	19	3	1	10	8	9	7	2	7	3	2	5	7	11	19	4	13	6	17	4	15	10	20	11	16	8	12	11	19	31	27	33	36	3	18	12	13	13	22	8	13	10	13	7	12	18	30	21	25	3	22	12	
1881_A/chicken/Tainan/170 9	9	11	2	15	5	5	3	5	14	0	0	19	2	1	10	10	10	9	2	6	4	1	5	10	11	15	3	11	4	21	5	15	8	19	12	12	10	12	10	20	31	24	30	36	4	20	16	10	10	17	6	14	9	17	9	11	20	31	22	29	6	22	11	
1882_A/chicken/Taipei_Cit 10	9	11	2	14	5	5	3	6	14	0	0	19	2	1	10	10	10	8	2	6	4	2	5	9	10	15	3	10	5	21	5	16	10	20	12	10	9	11	9	22	32	23	31	36	4	19	17	8	9	19	6	15	10	17	10	8	19	29	21	31	7	21	13	
1883_A/chicken/Taipei_Cit 12	8	7	1	12	5	9	4	5	13	0	0	23	4	1	10	8	9	8	2	8	3	3	5	7	12	18	5	10	5	17	4	13	11	18	14	19	7	12	10	19	31	28	27	37	4	19	15	13	10	20	8	11	10	15	6	13	20	29	22	24	4	22	11	
1884_A/chicken/Taipei_Cit 12	8	7	1	12	5	9	4	5	14	0	0	22	4	1	10	8	9	8	2	8	3	3	5	7	11	19	4	11	5	17	4	15	11	18	13	15	7	13	10	19	30	27	29	37	4	19	15	12	10	20	8	14	9	14	6	13	22	30	22	24	3	22	11	
1885_A/chicken/Taipei/160 9	9	11	2	15	5	5	3	6	14	0	0	19	2	1	10	10	9	9	2	6	4	1	5	9	12	15	3	11	4	21	5	16	9	19	12	11	10	12	10	21	31	24	30	35	4	20	16	10	10	16	6	14	8	18	9	9	20	30	20	31	6	23	13	
1886_A/chicken/Taipei/160 9	9	11	2	15	5	5	3	6	14	0	0	19	2	1	10	10	9	9	2	6	4	1	5	9	12	15	3	11	4	21	5	16	9	19	12	11	10	12	10	21	30	24	30	35	5	20	16	10	10	16	6	14	8	18	9	9	20	30	20	31	6	23	13	
1887_A/chicken/Taipei/161 9	9	11	2	15	5	5	3	6	14	0	0	19	2	1	10	10	10	9	2	6	4	1	5	9	11	14	3	11	4	22	5	16	9	19	12	12	10	12	10	21	31	24	30	34	4	20	16	10	9	16	6	14	9	18	9	9	20	30	19	31	6	23	14	
1888_A/chicken/Taipei/170 10	9	11	2	14	5	5	3	5	14	0	0	19	2	1	10	10	10	9	2	6	4	1	5	10	10	15	3	10	5	21	5	16	10	19	12	10	9	12	10	22	32	25	31	36	4	17	17	9	8	19	6	14	10	17	9	9	20	29	21	31	6	21	13	
1889_A/chicken/Taipei/170 10	9	11	2	14	5	5	3	6	14	0	0	19	2	1	10	10	10	9	2	6	4	1	5	9	10	15	3	10	5	21	5	16	10	19	12	10	9	12	10	22	32	24	31	36	4	18	17	9	8	19	6	14	10	17	9	9	20	29	21	31	6	21	13	
1890_A/chicken/Taipei/170 10	9	11	2	14	5	5	3	6	14	0	0	19	2	1	10	10	10	9	2	6	4	1	5	9	10	15	3	10	5	21	5	16	10	19	12	10	9	12	10	22	31	24	31	36	5	18	17	9	8	19	6	14	10	17	9	9	20	29	21	31	6	21	13	
1891_A/chicken/Taishun/TS 11	8	11	1	13	6	5	4	5	14	1	0	16	2	0	10	10	6	9	2	4	7	1	5	13	11	18	2	13	5	18	4	16	7	15	15	14	11	16	7	20	29	28	30	34	4	18	16	13	10	14	5	12	8	20	6	13	21	30	22	27	6	23	15	
1892_A/chicken/Taishun/TS 9	7	11	1	15	7	5	4	5	14	1	0	18	2	0	10	10	7	9	2	4	6	1	5	13	11	18	2	11	5	18	4	15	6	15	14	14	12	16	8	20	29	27	29	34	3	18	18	14	10	14	7	12	9	20	6	13	21	30	21	27	6	23	14	
1893_A/chicken/Taiwan/010 9	6	7	4	15	6	8	2	7	15	0	0	13	3	1	10	6	7	9	2	7	3	2	4	13	13	22	4	14	5	13	4	12	18	14	10	14	7	15	13	21	26	28	32	37	2	18	14	17	11	20	10	9	6	13	7	19	25	27	22	20	3	26	10	
1894_A/chicken/Taiwan/011 9	8	11	2	15	6	5	3	6	14	0	0	20	2	1	10	10	10	9	2	6	4	1	5	9	11	16	3	10	4	20	5	15	9	18	12	12	11	13	10	21	30	23	31	35	4	21	15	10	9	16	6	14	9	18	9	7	21	29	19	32	6	24	14	
1895_A/chicken/Taiwan/050 9	8	6	5	15	5	9	1	7	15	0	0	11	1	1	9	8	7	9	2	6	2	1	4	11	14	26	4	18	5	10	5	10	19	15	9	18	6	13	14	23	27	26	32	35	1	19	15	13	10	22	7	12	7	13	9	19	25	26	20	20	3	26	12	
1896_A/chicken/Taiwan/168 10	5	9	3	14	9	8	2	9	15	0	0	16	1	1	10	5	8	8	1	8	3	2	5	13	12	24	3	12	6	12	6	14	18	18	11	17	5	11	12	23	23	31	29	35	5	14	17	10	12	20	8	9	7	13	7	16	23	27	19	24	2	26	14	
1897_A/chicken/Taiwan/169 10	5	9	3	14	9	8	2	9	14	0	0	16	1	1	10	5	8	8	1	8	3	2	5	13	13	24	3	12	6	12	6	14	18	18	11	17	5	11	12	23	23	31	29	35	5	14	17	10	12	20	8	9	7	13	7	16	23	27	19	24	2	26	14	
1898_A/chicken/Taiwan/170 10	5	9	3	14	9	8	2	9	15	0	0	16	1	1	10	5	8	8	1	8	3	2	5	13	12	24	3	12	6	12	6	14	18	18	11	17	5	11	12	23	23	31	29	35	5	14	17	10	12	20	8	9	7	13	7	16	23	27	19	24	2	26	14	
1899_A/chicken/Taiwan/171 10	5	9	3	14	9	8	2	9	15	0	0	16	1	1	10	5	8	8	1	8	3	2	5	13	12	24	3	12	6	12	6	14	18	19	11	16	5	11	12	24	23	31	29	35	5	14	17	10	12	19	8	9	7	13	7	16	23	27	19	24	2	26	14	
1900_A/chicken/Taiwan/259 9	8	6	4	15	4	10	1	7	16	0	0	12	1	1	10	8	7	9	2	6	4	1	4	9	12	27	4	19	5	10	4	10	17	17	10	18	8	12	13	23	26	29	27	35	1	18	17	14	9	21	9	10	8	13	8	16	27	26	19	23	2	27	12	
1901_A/chicken/Taiwan/294 9	8	6	4	15	4	10	1	7	16	0	0	12	1	1	10	8	7	9	2	6	4	1	4	9	12	27	4	19	5	10	4	10	17	17	10	18	8	12	13	23	26	29	27	35	1	18	17	14	9	21	9	10	8	13	8	16	27	26	19	23	2	27	12	
1902_A/chicken/Taiwan/444 9	8	6	4	15	5	10	1	6	16	0	0	12	1	1	10	8	7	9	2	6	4	1	4	10	13	27	4	19	4	10	4	10	17	18	10	18	7	11	13	22	26	30	27	34	2	17	17	14	10	22	9	10	7	12	8	19	25	26	20	23	2	27	11	
1903_A/chicken/Taiwan/683 10	8	7	4	14	5	9	1	9	15	0	0	9	1	1	10	8	7	9	2	6	2	1	4	12	14	26	3	17	5	10	4	10	18	14	10	18	6	14	14	21	27	28	32	37	1	19	14	14	10	22	8	9	7	13	8	20	26	25	20	21	2	27	12	
1904_A/chicken/Taiwan/735 9	8	6	4	15	5	10	1	7	16	0	0	11	1	1	10	8	7	9	2	6	4	1	4	10	12	27	4	19	5	10	4	10	18	18	10	18	7	11	13	22	25	30	27	34	2	17	17	14	10	22	9	10	7	12	8	17	25	25	20	25	2	28	11	
1905_A/chicken/Taiwan/898 9	8	6	4	15	5	10	1	7	15	0	0	13	1	1	10	8	7	9	2	6	4	1	4	9	12	27	4	18	5	10	4	10	17	17	10	18	8	12	13	23	26	29	27	36	1	18	17	14	9	21	9	9	8	13	8	17	27	26	18	22	2	27	13	
1906_A/chicken/Taiwan/899 9	8	6	4	15	5	10	1	7	15	0	0	13	1	1	10	8	7	9	2	6	4	1	4	9	12	27	4	18	5	10	4	10	17	17	10	18	8	12	13	24	26	29	27	36	1	18	17	14	9	21	9	9	8	13	8	16	27	26	18	22	2	27	13	
1907_A/chicken/Taiwan/899 9	8	6	4	15	5	10	1	7	15	0	0	13	1	1	10	8	7	9	2	6	4	1	4	9	12	27	4	18	5	10	4	10	17	17	10	18	8	12	13	23	26	29	27	36	1	18	17	14	9	21	9	9	8	13	8	17	27	26	18	22	2	27	13	
1908_A/chicken/Taiwan/A1/ 9	11	6	4	15	4	10	1	8	13	0	0	12	1	1	10	8	9	7	2	6	1	3	3	11	15	27	5	16	3	9	2	13	20	18	9	15	5	12	12	23	25	26	32	36	2	19	18	15	11	21	8	9	7	14	9	21	25	23	21	19	1	29	10	
1909_A/chicken/Taiwan/A19 10	5	7	3	15	6	9	2	10	17	0	0	13	1	1	10	4	7	8	2	8	2	2	4	14	17	24	4	12	3	12	3	14	20	20	10	15	5	10	12	20	28	31	29	37	0	16	18	11	12	20	9	9	5	14	9	19	24	30	18	23	2	23	12	
1910_A/chicken/Taiwan/D2/ 12	8	10	1	12	5	6	4	6	14	0	0	19	3	1	10	8	10	6	2	8	4	4	5	7	8	21	2	13	7	15	6	18	10	20	10	11	9	12	11	22	28	28	34	35	6	16	12	13	12	16	6	11	8	18	8	9	21	31	24	28	4	22	10	
1911_A/chicken/Taiwan/D9/ 12	8	10	1	12	5	6	4	6	14	0	0	19	3	1	10	8	10	6	2	8	4	4	5	7	8	21	2	13	7	15	6	18	10	20	10	11	9	12	11	22	28	28	34	35	6	16	12	13	12	16	6	11	8	18	8	9	21	31	24	28	4	22	10	
1912_A/chicken/Tibet/LZ01 8	7	7	2	16	6	9	3	8	15	0	0	11	3	1	10	7	8	9	2	8	7	1	6	12	10	22	4	15	4	15	5	16	15	20	8	13	11	11	12	18	20	29	28	34	8	16	14	15	12	16	7	10	5	18	9	17	26	24	18	24	3	27	15	
1913_A/chicken/Wuhan/HAQL 10	8	11	1	14	5	5	4	5	14	0	0	19	3	1	10	9	8	10	1	7	4	0	5	11	12	21	2	10	5	15	5	11	11	17	13	13	13	14	9	24	25	26	28	37	4	20	19	9	8	14	6	12	10	20	9	12	23	30	18	29	4	22	15	
1914_A/chicken/Wuhan/HAQL 10	8	11	1	14	5	5	4	5	14	0	0	19	3	1	10	10	8	10	1	6	4	0	5	11	12	21	2	10	5	15	5	11	11	17	13	13	13	14	9	24	25	26	28	37	4	20	19	9	8	14	6	12	11	20	9	12	22	30	18	29	4	22	15	
1915_A/chicken/Wuhan/WHJF 9	7	10	1	15	6	6	4	8	14	1	0	17	3	0	10	9	8	7	2	7	5	3	5	7	9	19	4	13	7	17	4	13	8	19	13	14	11	13	9	21	31	28	32	35	4	16	14	14	12	18	8	11	9	15	7	8	19	31	22	30	5	22	11	
1916_A/chicken/Wuhan/WHYJ 12	6	7	2	12	7	9	3	12	15	0	0	13	2	1	10	9	8	7	1	6	9	3	6	12	10	21	6	11	2	16	2	18	16	24	8	14	7	9	13	21	26	23	25	33	5	21	19	13	12	19	7	7	7	15	7	17	22	28	17	22	4	24	17	
1917_A/chicken/Wuxi/WX-32 11	6	9	1	13	7	7	4	7	14	0	0	18	3	1	10	9	10	8	2	7	3	2	5	7	12	19	4	13	4	17	4	14	10	19	12	12	10	12	10	22	30	30	33	35	4	15	12	15	13	19	8	11	8	16	7	8	21	27	24	29	3	25	9	
1918_A/chicken/Wuxi/WX-33 11	6	9	1	14	7	7	4	7	14	0	0	18	3	1	10	9	8	8	2	6	5	2	5	7	13	19	4	13	4	17	4	15	9	20	12	11	11	11	10	22	28	28	33	35	5	16	13	15	13	19	8	10	8	15	7	9	21	28	24	29	3	25	9	
1919_A/chicken/Xinjiang/1 10	7	7	2	14	6	9	4	8	15	0	0	12	2	1	10	8	8	9	2	7	8	1	5	10	9	24	4	16	4	13	4	11	13	19	10	17	10	12	12	21	23	28	27	34	6	17	17	13	12	19	5	10	6	15	9	18	25	26	22	23	4	27	10	
1920_A/chicken/Xinjiang/2 11	7	7	3	13	6	9	3	10	15	0	0	12	2	1	10	7	7	9	2	9	8	1	5	8	10	23	5	15	4	13	4	11	13	19	10	17	10	13	12	22	24	27	28	33	4	18	16	17	13	16	5	8	6	17	9	17	25	25	20	22	4	28	12	
1921_A/chicken/Xinjiang/5 11	7	7	3	13	6	9	3	10	15	0	0	11	2	1	10	8	7	9	2	8	8	1	5	9	10	23	5	15	4	13	4	11	12	19	10	17	10	12	14	22	24	27	27	33	5	19	15	17	13	16	5	8	7	18	7	17	24	24	21	22	4	29	12	
1922_A/chicken/Xinjiang/5 10	7	7	2	14	6	9	4	9	15	0	0	12	2	1	10	8	7	9	2	7	8	1	5	9	10	25	4	16	6	11	3	11	14	19	10	17	9	12	13	21	22	28	28	34	7	16	18	16	12	18	5	9	6	16	8	19	25	25	20	20	4	28	11	
1923_A/chicken/Xinjiang/6 11	7	8	3	13	6	9	3	10	15	0	0	11	2	1	10	8	8	8	2	8	8	1	5	8	11	23	5	15	4	14	3	10	12	19	10	17	10	12	13	22	24	27	27	33	5	18	17	17	13	16	5	8	9	18	8	17	21	25	21	22	5	28	11	
1924_A/chicken/Xinjiang/6 10	7	7	2	14	6	9	4	9	15	0	0	11	2	1	10	7	7	9	2	8	8	1	5	9	10	24	4	17	4	12	5	11	13	19	10	17	10	12	12	21	23	27	28	34	6	18	17	16	12	18	4	9	6	16	9	19	24	24	20	20	5	29	12	
1925_A/chicken/Xuzhou/XZ6 11	6	7	2	13	7	9	3	9	14	0	0	14	3	1	10	11	9	7	2	4	8	3	5	12	10	21	7	12	2	16	1	17	16	24	8	14	7	9	13	21	24	27	26	32	5	18	18	13	11	18	8	8	8	16	7	15	23	26	18	24	6	26	15	
1926_A/chicken/YL/A3190/2 11	5	7	3	13	7	9	2	11	16	0	0	13	1	1	10	5	7	8	2	8	3	2	4	15	16	24	5	11	3	12	3	12	20	21	8	16	5	10	13	21	25	30	29	36	0	17	17	12	10	20	9	11	7	14	8	18	24	29	18	23	3	24	13	
1927_A/chicken/Yangzhou/Y 11	6	7	1	13	7	9	4	9	15	0	0	12	2	1	10	8	9	7	1	7	8	3	6	13	10	21	7	13	2	15	3	16	16	24	8	14	8	9	13	21	25	24	25	33	5	21	17	13	11	18	9	9	7	16	6	16	22	29	19	23	5	23	15	
1928_A/chicken/Yuhang/1/2 9	7	10	3	15	6	7	2	6	14	1	0	15	3	0	10	10	8	8	2	4	5	1	5	12	11	20	2	13	5	16	3	14	10	18	13	13	9	13	9	21	29	24	29	36	3	21	19	13	11	16	7	13	9	18	7	11	23	31	23	29	2	22	11	
1929_A/chicken/Yuhang/2/2 9	8	12	2	15	6	4	3	4	14	1	0	18	2	0	10	10	8	9	2	4	6	1	5	12	8	20	2	12	7	16	4	15	8	17	12	14	10	15	10	19	27	24	29	36	5	22	18	14	11	16	7	13	9	18	7	11	22	29	23	28	3	23	11	
1930_A/chicken/Yunlin/150 12	8	7	1	12	5	9	4	5	14	0	0	22	3	1	10	8	9	8	2	8	3	2	5	7	11	19	4	11	6	17	4	15	10	18	12	15	8	13	10	20	32	27	32	36	2	18	13	12	12	20	9	14	10	14	6	12	18	31	22	25	4	22	11	
1931_A/chicken/Yunlin/150 12	8	8	1	12	5	8	4	5	14	0	0	22	3	1	10	8	9	8	2	8	3	2	5	7	11	17	4	11	6	19	4	14	11	19	13	16	8	12	9	20	31	27	32	36	3	18	13	12	11	20	9	14	10	14	6	12	18	30	22	25	4	23	11	
1932_A/chicken/Yunlin/150 12	8	8	1	12	5	8	4	5	14	0	0	22	3	1	10	8	9	8	2	8	3	2	5	7	11	18	4	11	6	18	4	15	10	19	13	15	8	12	9	20	31	27	32	36	3	18	13	12	12	20	9	14	10	14	6	12	18	30	22	25	4	23	11	
1933_A/chicken/Yunlin/150 9	6	7	0	15	8	9	5	7	15	0	0	13	1	1	10	7	8	7	2	7	5	4	5	11	13	25	5	17	3	10	4	19	11	20	9	13	8	11	13	19	29	28	33	34	4	16	12	10	8	18	8	12	8	16	9	18	25	27	19	23	4	25	12	
1934_A/chicken/Yunlin/150 12	8	8	1	12	5	8	4	5	14	0	0	22	3	1	10	8	9	8	2	8	3	2	5	7	10	18	4	11	7	18	4	15	10	19	13	15	8	12	9	20	31	27	32	36	3	18	13	12	12	20	9	14	10	14	6	12	18	30	22	25	4	23	11	
1935_A/chicken/Yunlin/150 12	8	8	1	12	5	8	4	5	14	0	0	22	3	1	10	8	9	8	2	8	3	2	5	7	11	19	4	11	6	17	4	15	10	19	13	15	8	12	9	20	31	27	32	36	3	18	13	12	12	20	8	14	10	14	6	12	18	30	22	25	4	23	12	
1936_A/chicken/Yunlin/150 12	8	8	1	12	5	8	4	5	14	0	0	22	3	1	10	8	9	8	2	8	3	2	5	7	11	18	4	11	6	18	4	15	10	19	13	15	8	12	9	20	31	27	32	36	3	18	13	12	12	19	8	14	10	15	6	14	18	30	22	23	4	23	12	
1937_A/chicken/Yunlin/150 12	8	8	1	12	5	8	4	5	15	0	0	22	2	1	10	8	8	8	2	8	4	2	5	7	11	18	4	11	6	18	4	15	10	19	12	16	8	12	10	20	30	27	32	36	5	18	13	13	11	20	10	12	11	14	6	13	18	30	20	24	3	23	12	
1938_A/chicken/Yunlin/160 12	8	8	1	12	5	8	4	5	13	0	0	22	4	1	10	8	10	9	2	8	2	2	5	7	11	19	4	11	6	16	4	15	11	19	12	15	7	13	10	19	31	24	32	36	3	20	14	12	12	20	9	14	10	14	6	14	18	29	22	24	4	23	11	
1939_A/chicken/Yunlin/160 11	7	8	1	13	6	8	4	6	15	0	0	21	3	1	10	8	9	8	2	7	3	2	5	8	11	19	4	11	6	17	4	15	10	19	12	16	8	12	10	20	31	27	32	36	4	18	13	13	13	22	9	13	10	13	6	10	17	31	22	25	3	21	11	
1940_A/chicken/Yunlin/160 10	6	7	0	14	9	9	5	7	15	0	0	13	1	1	10	7	8	7	2	7	5	4	5	11	13	25	5	17	3	10	4	19	11	20	9	13	9	11	13	19	27	26	33	34	5	17	12	11	8	18	8	11	7	16	8	17	25	28	17	24	4	25	15	
1941_A/chicken/Yunlin/160 11	8	8	1	13	5	8	4	5	15	0	0	22	2	1	10	8	8	8	2	8	4	2	5	8	11	18	4	11	6	18	4	15	10	19	12	17	8	13	10	21	30	27	31	34	3	17	14	13	11	20	10	11	11	14	6	11	19	30	20	25	5	23	12	
1942_A/chicken/Yunlin/170 10	6	7	0	14	8	9	5	6	15	0	0	13	1	1	10	7	8	7	2	7	5	4	5	11	13	25	4	18	3	10	4	18	12	18	8	14	8	12	14	19	29	29	34	34	3	17	11	10	8	18	7	12	8	16	9	16	25	27	18	25	4	25	14	
1943_A/chicken/Yunlin/170 11	8	7	1	13	5	9	4	5	13	0	0	22	4	1	10	8	9	8	2	8	3	3	5	7	10	19	4	11	7	16	4	15	11	19	12	15	7	12	11	19	32	26	29	36	3	21	15	12	10	20	8	14	10	14	6	12	20	29	22	25	4	22	12	
1944_A/chicken/Yunlin/170 12	8	7	1	12	6	9	4	6	12	0	0	21	4	1	10	8	9	8	2	8	3	3	5	8	11	18	4	10	6	17	4	15	11	19	13	15	7	12	10	19	32	27	30	36	3	19	15	13	11	20	8	13	10	14	6	12	19	30	22	25	4	22	11	
1945_A/chicken/Yunlin/170 11	7	7	1	13	6	9	4	5	15	0	0	22	3	1	10	7	9	9	2	9	3	2	5	8	11	19	4	11	6	15	4	15	10	19	13	15	8	12	10	20	31	27	32	36	3	19	13	13	9	19	8	14	11	15	6	12	17	30	21	24	6	22	12	
1946_A/chicken/Yunlin/170 12	8	7	1	12	5	9	4	5	13	0	0	22	4	1	10	8	9	8	2	8	3	3	5	8	11	18	4	10	6	17	4	15	11	18	13	15	7	13	10	20	32	26	30	35	3	20	15	13	10	20	8	13	10	14	6	12	21	30	22	25	3	22	11	
1947_A/chicken/Yunlin/170 12	8	7	1	12	5	9	4	5	13	0	0	22	4	1	10	8	9	9	2	8	3	2	5	7	11	19	4	11	6	16	4	15	10	21	12	14	7	12	10	18	33	28	29	36	3	19	15	12	11	20	8	15	10	14	6	12	19	29	22	25	4	23	11	
1948_A/chicken/Yunlin/170 12	8	7	1	12	5	9	4	6	13	0	0	21	4	1	10	8	9	8	2	8	3	3	5	7	12	20	4	11	5	15	4	15	11	19	13	15	7	12	10	19	32	27	28	36	3	20	16	12	9	19	8	14	11	15	6	12	20	30	23	25	4	22	10	
1949_A/chicken/Yunlin/170 12	8	7	1	12	5	9	4	5	13	0	0	22	4	1	10	8	9	7	2	8	3	3	5	8	11	18	4	10	6	18	4	15	10	19	13	15	8	12	10	19	32	26	30	36	3	20	15	13	10	20	8	13	10	14	6	11	20	30	22	26	4	22	11	
1950_A/chicken/Yunlin/170 12	8	7	1	12	5	9	4	6	13	0	0	21	4	1	10	8	9	8	2	8	3	3	5	8	11	18	4	10	6	17	4	15	11	19	13	15	7	12	10	19	32	27	30	36	3	19	15	13	11	20	7	13	10	14	7	12	19	30	22	25	4	21	12	
1951_A/chicken/Yunlin/170 12	8	7	1	12	5	9	4	5	13	0	0	22	4	1	10	8	9	8	2	8	3	3	5	8	11	18	4	10	6	17	4	15	10	19	13	16	7	12	10	19	32	26	30	36	3	20	15	13	10	20	8	13	10	14	6	12	20	30	22	25	4	22	11	
1952_A/chicken/Yunlin/170 11	8	7	1	13	5	9	4	5	15	0	0	22	3	1	10	8	10	9	2	8	2	2	5	7	11	19	4	11	6	16	4	15	11	18	13	14	7	13	10	22	31	26	32	35	3	19	14	14	10	20	8	13	10	14	6	12	18	30	21	24	5	22	12	
1953_A/chicken/Yunlin/170 13	9	7	1	11	4	9	4	4	13	0	0	23	4	1	10	8	9	9	2	8	3	2	5	8	11	19	5	10	6	16	4	13	10	19	11	17	8	12	12	18	32	27	29	36	3	19	15	12	10	19	8	14	10	15	6	13	20	30	23	25	4	22	10	
1954_A/chicken/Yunlin/170 13	7	7	1	12	5	9	4	5	13	0	0	22	4	1	10	8	9	9	2	8	3	2	5	7	11	18	4	11	6	17	4	15	10	20	12	15	7	13	10	19	32	27	30	36	3	20	14	13	10	20	8	14	10	14	6	12	19	30	22	25	4	22	11	
1955_A/chicken/Yunlin/170 11	8	7	1	13	5	9	4	5	13	0	0	22	4	1	10	8	9	8	2	8	3	3	5	8	11	18	4	10	6	17	4	15	11	19	13	16	7	12	11	19	32	26	31	36	3	20	14	13	10	20	8	12	10	14	5	13	20	30	22	24	4	22	11	
1956_A/chicken/Yunlin/170 11	8	7	1	13	5	9	4	5	13	0	0	22	4	1	10	8	9	8	2	8	3	3	5	8	11	18	4	10	6	17	4	15	11	19	13	15	7	12	10	19	32	26	30	36	3	20	15	13	10	20	8	13	10	14	6	13	21	30	22	24	3	22	11	
1957_A/chicken/Yunlin/170 12	8	7	1	12	5	9	4	5	13	0	0	22	4	1	10	8	9	8	2	8	3	3	5	7	12	19	5	11	5	16	4	15	11	19	13	14	7	12	10	20	32	29	28	36	3	18	15	12	10	20	8	14	10	14	6	13	20	30	22	24	4	22	11	
1958_A/chicken/Yunlin/170 12	8	7	1	12	5	9	4	5	12	0	0	22	4	1	10	8	9	8	2	8	3	3	5	7	12	19	5	11	5	16	4	14	11	18	13	16	7	12	10	19	32	28	29	35	3	19	15	12	10	19	8	14	10	15	6	13	21	30	22	25	4	22	11	
1959_A/chicken/Yunlin/180 12	8	7	1	12	5	9	4	5	13	0	0	22	4	1	10	8	9	8	2	8	3	3	5	7	12	18	5	11	5	17	4	14	11	19	12	16	7	12	11	19	32	29	27	36	3	19	15	11	10	19	8	15	10	15	6	13	20	31	22	24	4	21	11	
1960_A/chicken/Yunlin/180 12	8	7	1	12	5	9	4	5	13	0	0	22	4	1	10	8	9	8	2	8	5	3	5	7	10	20	4	11	5	16	4	15	10	20	13	15	7	11	10	19	32	28	29	36	3	19	14	13	11	20	9	15	10	15	6	14	20	29	22	22	4	21	10	
1961_A/chicken/Yunlin/180 12	8	7	1	12	5	9	4	5	13	0	0	22	4	1	10	8	9	8	2	8	5	3	5	7	10	20	4	11	5	16	4	15	11	19	13	15	7	12	10	19	32	27	29	36	3	19	14	12	9	21	7	14	11	14	7	13	20	31	22	24	4	21	11	
1962_A/chicken/Yunlin/180 12	8	7	1	12	5	9	4	5	13	0	0	22	4	1	10	8	9	8	2	8	5	3	5	7	10	20	4	11	5	16	4	15	11	19	13	15	7	12	10	19	32	27	29	36	3	19	14	12	9	21	7	14	11	14	7	13	20	31	22	24	4	21	11	
1963_A/chicken/Yunlin/180 12	8	7	1	12	5	9	4	5	13	0	0	22	4	1	10	8	9	8	2	8	5	3	5	7	10	20	4	11	5	16	4	15	11	19	13	15	7	12	10	19	32	27	29	36	3	19	14	12	10	21	7	14	10	14	7	13	20	31	22	24	4	21	11	
1964_A/chicken/Yunlin/180 12	8	7	1	12	5	9	4	5	13	0	0	22	4	1	10	8	9	8	2	8	5	3	5	7	10	20	4	11	5	16	4	15	10	20	13	15	7	11	10	19	32	28	29	36	3	19	14	13	11	20	9	15	10	15	6	13	20	30	22	22	4	21	10	
1965_A/chicken/Yunlin/180 12	8	7	1	12	5	9	4	5	13	0	0	21	4	1	10	8	9	8	2	8	5	3	5	7	10	20	4	12	5	16	5	15	11	19	13	15	7	12	10	19	32	27	29	36	3	19	13	12	11	21	8	14	9	14	6	13	20	31	22	24	4	21	11	
1966_A/chicken/Yunlin/180 12	8	7	1	12	5	9	4	5	13	0	0	21	4	1	10	8	10	8	2	8	5	3	5	8	10	20	4	11	4	16	5	16	11	19	13	14	7	12	10	19	31	27	29	36	3	18	14	12	11	21	9	14	9	14	6	15	21	31	21	22	4	21	11	
1967_A/chicken/Yunlin/180 12	7	7	1	12	6	9	4	5	13	0	0	21	4	1	10	8	9	8	2	8	5	3	5	8	10	20	4	11	5	16	5	16	11	19	13	15	7	12	9	19	31	27	29	36	3	18	14	12	11	20	9	14	9	15	6	14	21	31	21	23	4	21	11	
1968_A/chicken/Yunlin/180 12	8	7	1	12	5	9	4	6	13	0	0	20	4	1	10	8	9	8	2	8	3	3	5	7	12	18	5	13	5	17	4	13	11	18	12	17	7	12	13	19	30	28	28	36	5	17	15	14	10	20	7	13	10	15	5	13	21	30	22	23	4	21	12	
1969_A/chicken/Yunnan/1/2 13	5	7	2	13	7	9	3	10	15	0	0	13	2	1	10	9	9	7	1	6	8	3	6	12	10	22	8	12	2	15	2	16	17	25	8	14	7	9	12	22	24	23	24	33	5	21	17	14	11	19	8	8	7	16	7	17	23	27	19	22	5	24	14	
1970_A/chicken/Yunnan/207 10	6	7	2	14	6	9	3	9	15	0	0	12	2	1	10	7	7	9	1	8	8	1	6	9	10	23	4	16	4	13	5	14	14	19	10	15	11	12	12	22	22	28	28	34	6	15	17	15	12	17	7	9	6	17	8	17	25	25	20	21	4	28	13	
1971_A/chicken/Yunnan/568 10	6	7	2	14	6	9	3	9	15	0	0	12	2	1	10	7	7	9	1	8	8	1	6	9	10	23	4	16	4	13	5	14	14	19	10	15	11	12	12	21	23	28	28	35	6	15	17	15	12	17	7	9	6	17	8	17	24	25	20	21	4	28	13	
1972_A/chicken/Yunnan/679 10	6	7	2	14	6	9	3	9	15	0	0	12	2	1	10	7	7	9	1	8	8	1	6	9	10	23	4	16	4	13	5	14	14	18	10	15	11	13	12	22	23	28	28	34	6	15	17	15	12	17	7	9	6	17	8	17	24	25	20	21	4	28	13	
1973_A/chicken/Yunnan/688 10	6	7	2	14	6	9	3	9	15	0	0	12	2	1	10	7	7	9	1	8	8	1	6	10	10	23	4	15	4	13	5	14	14	19	10	15	11	12	12	23	23	28	27	33	6	15	18	15	12	17	7	9	6	17	8	17	24	26	20	21	4	27	13	
1974_A/chicken/Zhejiang/1 10	11	8	1	14	4	8	4	7	14	1	0	14	2	0	10	8	8	7	3	11	6	3	5	10	13	27	4	13	2	10	5	18	14	16	10	9	6	18	11	21	30	25	29	36	3	20	13	13	13	13	7	6	4	21	8	19	22	39	19	23	4	13	14	
1975_A/chicken/Zhejiang/1 11	9	11	1	13	5	5	4	4	14	1	0	17	2	0	10	10	6	9	2	4	6	1	5	13	12	19	2	13	5	17	4	15	8	14	14	14	9	17	8	20	32	24	30	34	2	20	18	14	10	14	8	12	9	20	5	13	19	31	22	27	7	22	13	
1976_A/chicken/Zhejiang/1 11	11	7	2	13	4	9	3	7	15	0	0	14	1	1	10	8	9	7	3	9	5	3	5	9	12	28	4	14	3	9	5	18	12	19	10	7	7	15	11	25	30	23	28	35	3	21	15	12	14	12	6	7	3	21	9	16	23	39	22	27	4	14	11	
1977_A/chicken/Zhejiang/2 10	7	7	0	14	7	9	5	7	15	0	0	13	1	1	10	7	7	7	2	7	5	4	5	11	13	25	5	17	4	10	3	18	10	19	9	14	10	12	13	21	28	25	36	33	4	18	10	10	7	17	9	12	10	17	8	17	25	28	18	22	4	25	13	
1978_A/chicken/Zhejiang/2 11	11	7	2	13	4	9	3	7	15	0	0	14	1	1	10	8	9	7	3	9	5	3	5	9	12	28	4	14	3	9	5	18	12	19	10	7	7	15	11	25	30	24	28	35	3	20	15	12	14	12	6	7	3	21	9	16	23	39	22	27	4	14	11	
1979_A/chicken/Zhejiang/2 10	8	7	0	14	7	9	5	7	15	0	0	12	1	1	10	7	8	7	2	7	5	4	5	10	12	25	4	19	4	10	4	18	9	19	9	15	10	12	13	21	27	25	34	33	4	18	12	11	8	17	8	11	9	17	8	18	24	28	18	21	5	25	14	
1980_A/chicken/Zhejiang/5 10	11	8	2	14	4	8	3	6	15	0	0	17	2	1	11	7	9	7	4	8	5	3	5	10	13	29	4	13	2	8	3	20	12	15	12	8	9	20	10	22	29	25	30	36	3	21	11	12	12	13	6	8	4	19	8	13	22	36	21	28	5	15	13	
1981_A/chicken/Zhejiang/5 10	11	8	1	14	4	8	4	7	14	1	0	14	2	0	10	8	8	7	3	11	6	3	5	10	13	27	4	13	2	10	5	18	14	16	10	9	6	19	11	21	30	26	29	36	3	19	13	13	13	13	6	6	4	20	9	19	22	37	19	23	4	15	14	
1982_A/chicken/Zhejiang/6 9	8	11	2	15	6	5	3	4	14	1	0	18	2	0	10	10	7	9	2	4	6	1	5	14	13	18	2	12	3	18	4	14	7	15	14	14	11	16	8	21	30	27	28	33	3	18	19	14	10	15	6	12	9	19	6	13	20	30	21	27	6	23	15	
1983_A/chicken/Zhejiang/6 10	6	7	2	14	7	9	3	9	15	0	0	13	2	1	10	9	10	9	1	6	7	1	6	13	10	22	8	13	2	15	2	15	15	23	8	14	9	10	13	21	27	24	22	33	4	20	20	12	13	18	8	10	5	16	7	15	23	28	20	23	5	24	13	
1984_A/chicken/Zhejiang/7 11	6	7	2	13	7	9	3	10	15	0	0	13	2	1	10	9	9	7	1	6	8	3	6	13	10	21	7	11	2	16	2	18	16	25	8	14	8	9	13	20	25	24	24	32	5	20	20	13	11	18	8	7	7	15	7	16	23	30	18	23	5	22	16	
1985_A/chicken/Zhejiang/7 12	6	6	2	13	7	9	3	10	15	0	0	13	2	1	10	9	9	7	1	6	8	3	6	13	12	21	7	11	2	16	3	19	16	25	8	14	8	10	12	19	23	24	23	32	5	21	20	13	11	18	8	7	8	15	7	16	23	29	19	23	4	22	15	
1986_A/chicken/Zhejiang/7 12	6	6	2	13	8	8	3	10	15	0	0	13	2	1	10	9	10	7	1	6	9	3	6	13	13	21	7	11	2	16	3	18	16	24	8	14	8	9	13	21	22	24	23	33	5	20	21	13	11	19	8	7	7	15	7	16	22	29	18	23	4	22	14	
1987_A/chicken/Zhejiang/7 11	6	7	2	13	8	8	3	10	15	0	0	13	2	1	10	11	9	7	1	5	9	3	6	13	12	22	7	11	2	15	2	19	16	23	8	14	8	9	13	21	24	24	22	33	5	20	20	13	11	19	8	7	7	14	7	16	22	30	18	23	5	22	15	
1988_A/chicken/Zhejiang/7 12	6	6	2	13	8	8	3	10	15	0	0	13	2	1	10	9	10	7	1	6	9	3	6	13	13	21	7	11	2	16	3	18	16	24	8	14	8	9	13	21	22	24	23	33	5	20	21	13	11	19	8	7	7	15	7	16	22	29	18	23	4	22	14	
1989_A/chicken/Zhejiang/7 10	7	6	0	14	7	10	5	7	15	0	0	13	1	1	10	7	7	6	2	7	6	5	5	11	12	24	4	17	4	11	4	17	10	19	9	14	10	12	13	21	28	28	36	35	3	15	10	10	9	17	8	12	8	17	8	17	24	28	18	23	4	25	14	
1990_A/chicken/Zhejiang/8 10	7	6	0	14	7	10	5	7	15	0	0	13	1	1	10	7	7	6	2	7	6	5	5	11	12	24	4	17	4	11	4	18	10	19	9	14	10	12	13	20	28	28	36	35	3	15	10	10	9	17	8	12	8	17	8	17	23	28	18	23	5	25	14	
1991_A/common_mallard/Nin 13	6	9	0	11	8	8	5	6	12	0	0	19	4	1	10	8	11	7	1	8	3	3	6	4	11	18	4	16	4	18	4	13	11	18	11	15	10	13	11	21	30	27	31	34	3	17	15	11	12	17	8	11	10	16	7	15	18	31	23	27	4	22	10	
1992_A/condor/Guangdong/1 9	9	9	0	15	3	7	5	9	15	0	0	12	3	1	10	8	6	3	2	10	9	7	3	11	12	20	3	11	2	16	7	18	11	18	9	10	10	13	13	22	26	27	31	34	5	17	15	15	9	14	7	8	11	20	8	20	23	27	19	20	3	26	14	
1993_A/domestic_green-win 10	7	8	1	14	6	8	4	8	15	0	0	15	2	1	10	9	8	8	2	6	5	2	4	6	12	22	4	17	4	14	6	12	14	18	10	17	8	13	12	21	26	28	29	35	4	17	15	13	10	16	5	10	7	18	8	16	24	27	23	23	5	26	12	
1994_A/duck/Anhui/56/2005 11	6	7	3	13	7	9	2	7	14	0	0	11	3	1	10	7	8	8	2	7	7	2	5	13	10	22	5	16	4	14	5	13	14	17	11	16	6	14	11	20	28	25	25	36	3	21	18	17	11	19	5	6	8	15	10	15	24	31	20	24	4	22	12	
1995_A/duck/Anhui/S4/2016 10	11	8	1	14	4	8	4	8	15	0	0	15	1	1	10	7	7	7	3	9	7	3	5	9	13	29	4	14	3	8	5	19	13	16	12	9	5	18	10	22	31	24	30	35	2	21	12	13	13	14	7	6	3	19	7	17	22	37	18	25	6	15	16	
1996_A/duck/Changhua/15A0 12	8	8	1	12	5	8	4	5	14	0	0	22	3	1	10	8	9	8	2	8	3	2	5	7	11	19	4	11	6	17	4	14	10	18	12	15	8	13	10	20	32	27	32	36	2	18	13	13	12	20	9	14	9	14	6	12	19	30	22	25	4	23	11	
1997_A/duck/Changhua/15A0 12	8	8	1	12	5	8	4	5	15	0	0	22	3	1	10	8	9	8	2	8	3	2	5	7	11	18	4	11	6	18	4	16	9	19	12	15	8	12	10	20	31	27	32	36	3	18	13	12	12	20	9	14	10	14	6	12	17	30	22	25	4	23	11	
1998_A/duck/Chiayi/150800 10	6	7	0	14	8	9	5	7	15	0	0	13	1	1	10	7	8	7	2	7	5	4	5	11	12	25	5	17	4	10	4	19	11	20	9	13	9	12	13	19	28	26	32	34	4	18	13	10	8	18	7	12	8	15	9	17	25	27	18	24	4	25	14	
1999_A/duck/China/0935/20 10	8	11	0	14	5	5	5	6	13	0	0	20	4	1	10	10	8	9	1	7	5	1	5	11	13	21	1	8	3	15	5	14	11	15	12	13	12	16	10	22	26	24	32	37	3	21	16	8	9	16	7	12	10	17	8	12	22	32	16	29	4	22	17	
2000_A/duck/China/0936/20 10	10	7	1	14	5	9	4	7	15	0	0	16	2	1	10	7	7	7	2	9	6	3	5	8	12	28	5	14	3	9	6	19	14	16	13	8	5	17	9	21	31	25	27	36	2	19	15	12	13	12	7	8	3	21	7	18	22	38	20	25	6	15	14	
2001_A/duck/China/0938/20 10	8	11	0	14	5	5	5	6	13	0	0	20	4	1	10	10	8	9	1	7	5	1	5	11	13	21	1	8	3	15	5	14	11	15	12	13	12	16	10	22	26	24	32	37	3	21	16	8	9	16	7	12	10	17	8	12	22	33	17	29	4	21	16	
2002_A/duck/China/1033/20 10	8	11	0	14	5	5	5	6	13	0	0	20	4	1	10	9	7	9	1	8	6	1	5	11	13	21	1	8	3	15	5	13	11	15	12	14	12	16	10	22	26	24	32	37	3	21	16	8	9	16	7	12	10	17	8	12	22	32	17	29	4	22	16	
2003_A/duck/China/E26/201 11	6	5	2	13	7	11	3	11	14	0	0	15	4	1	10	9	9	9	0	8	4	2	5	8	13	20	6	8	2	17	3	19	18	20	11	13	9	12	13	18	24	29	33	37	4	14	15	16	11	18	7	11	6	15	8	17	19	29	20	18	6	22	12	
2004_A/duck/China/E53/201 10	6	6	2	14	7	10	3	7	13	0	0	13	4	1	10	7	7	9	1	8	9	1	6	12	8	22	4	15	5	15	4	15	15	23	7	15	9	10	14	20	26	24	26	33	6	19	19	15	11	18	6	8	5	16	10	17	24	26	18	22	4	26	14	
2005_A/duck/China/YD1516/ 10	7	7	0	14	7	9	5	7	15	0	0	13	1	1	10	7	8	6	2	7	5	5	5	10	12	25	4	18	4	10	4	19	9	19	9	13	10	12	13	20	28	28	35	34	3	16	10	11	9	18	8	13	8	16	8	17	25	27	18	21	5	26	14	
2006_A/duck/Chongqing/S43 10	8	12	0	14	7	4	5	8	14	0	0	15	2	1	10	7	11	9	3	9	4	1	4	9	9	15	3	13	5	22	4	14	9	19	12	12	10	14	10	23	27	24	34	35	6	19	13	13	5	13	5	13	10	20	10	11	20	27	20	27	8	26	13	
2007_A/duck/Dongguan/2685 11	6	6	2	13	7	9	3	10	15	0	0	13	2	1	10	9	9	8	1	6	8	3	6	12	10	21	7	12	2	16	2	17	16	24	8	14	8	9	13	21	25	24	25	33	5	21	17	13	11	18	9	8	7	16	6	18	23	30	18	21	5	22	15	
2008_A/duck/Eastern_China 9	7	7	1	15	6	9	4	8	15	0	0	17	2	1	10	8	8	7	2	7	5	3	5	7	11	24	5	15	5	11	4	17	11	18	9	14	9	14	12	20	25	27	32	35	5	18	12	12	12	18	5	10	7	16	9	15	24	28	22	25	4	25	12	
2009_A/duck/Eastern_China 8	7	7	1	16	6	9	4	8	15	0	0	17	2	1	10	8	7	7	2	7	6	3	5	7	11	24	5	15	5	11	4	17	11	18	9	14	9	14	12	20	25	27	32	35	5	18	12	13	12	18	5	9	7	16	9	14	24	26	22	26	4	27	12	
2010_A/duck/Eastern_China 10	7	7	2	14	6	9	3	9	14	0	0	12	3	1	10	6	7	9	1	9	9	1	6	11	8	22	4	16	5	15	4	15	14	20	9	15	12	12	13	19	23	28	28	33	7	16	16	15	12	14	7	7	4	19	8	21	24	29	21	19	4	24	12	
2011_A/duck/Eastern_China 9	7	7	1	15	6	9	4	8	15	0	0	17	2	1	10	8	8	7	2	7	5	3	5	7	11	24	5	15	5	11	4	17	11	18	9	14	9	14	12	20	25	27	32	35	5	18	12	12	12	18	5	10	7	16	9	15	24	28	22	25	4	25	12	
2012_A/duck/Eastern_China 10	8	7	1	14	5	9	4	12	15	0	0	13	2	1	10	8	8	7	1	7	5	3	6	6	11	24	5	16	5	11	4	17	10	15	11	13	9	15	12	20	24	27	31	35	6	18	13	15	13	18	5	10	6	16	9	16	26	27	20	24	2	25	14	
2013_A/duck/Eastern_China 9	7	7	1	15	6	9	4	8	15	0	0	17	2	1	10	8	7	7	2	7	6	3	5	7	11	24	5	15	5	11	4	17	11	18	9	14	9	14	12	20	25	27	32	35	5	18	12	13	12	18	5	9	7	16	9	14	24	26	22	26	4	27	12	
2014_A/duck/Eastern_China 10	7	9	1	14	6	7	4	7	13	0	0	18	3	1	10	10	9	6	4	6	5	4	4	11	12	15	4	9	4	21	4	11	8	21	10	14	10	11	10	23	28	23	28	34	7	21	18	8	12	16	8	16	7	17	9	9	22	31	22	32	4	22	10	
2015_A/duck/Eastern_China 10	7	7	1	14	6	9	4	10	14	0	0	14	3	1	10	8	9	6	2	7	4	4	5	7	11	24	5	16	5	11	4	16	9	16	10	14	11	15	12	19	25	29	32	35	5	16	12	14	12	18	5	10	6	16	9	17	26	28	21	24	2	24	14	
2016_A/duck/Eastern_China 10	7	7	1	14	5	9	4	10	16	0	0	15	2	1	10	8	8	7	2	7	5	3	5	8	11	24	5	14	5	12	3	17	10	15	11	13	10	15	11	21	24	28	32	35	6	18	12	14	12	18	5	10	6	16	10	15	27	27	20	23	2	25	14	
2017_A/duck/Eastern_China 9	7	7	1	15	7	9	4	7	15	0	0	13	1	1	10	7	8	5	2	7	5	5	5	8	11	25	5	20	5	11	3	19	11	21	9	13	9	11	13	19	27	27	34	34	5	16	11	12	9	17	6	10	9	16	9	15	24	26	21	26	3	27	13	
2018_A/duck/Eastern_China 9	7	7	1	15	7	9	4	7	15	0	0	14	1	1	10	7	8	5	2	7	5	5	5	9	11	25	5	18	5	11	3	18	11	20	9	13	9	11	13	19	27	27	33	34	5	16	12	13	9	18	7	10	9	16	9	16	24	26	21	25	3	27	12	
2019_A/duck/Eastern_China 9	7	7	1	15	7	9	4	7	15	0	0	14	1	1	10	7	8	5	2	7	5	5	5	9	11	25	5	18	5	11	3	18	11	20	9	13	9	11	13	19	27	27	33	34	5	16	12	13	9	18	6	10	9	16	9	16	24	26	21	25	3	27	13	
2020_A/duck/Eastern_China 9	7	7	1	15	7	9	4	7	15	0	0	14	1	1	10	6	8	5	2	7	5	5	5	9	11	25	5	19	5	11	3	18	11	20	9	13	9	11	13	19	27	27	34	34	5	16	11	13	9	18	6	10	9	16	9	15	24	26	21	26	3	27	13	
2021_A/duck/Eastern_China 9	7	7	1	15	7	9	4	8	15	0	0	13	1	1	10	7	8	5	2	7	5	5	5	9	11	25	5	18	5	11	4	18	10	20	9	13	10	11	13	19	27	27	33	34	5	16	11	13	9	18	6	10	9	16	9	15	24	27	20	26	3	26	14	
2022_A/duck/Eastern_China 9	7	6	1	15	7	10	4	8	15	0	0	13	1	1	10	7	8	5	2	7	5	5	5	7	11	25	5	20	5	11	3	18	12	21	9	13	8	11	12	20	27	27	34	34	5	16	11	12	8	18	6	11	9	16	9	16	24	24	20	25	3	29	14	
2023_A/duck/Eastern_China 8	5	7	2	16	8	9	3	8	14	0	0	11	3	1	10	8	9	7	2	6	6	4	5	8	10	24	4	21	4	12	4	18	12	22	8	13	8	11	13	20	28	25	26	33	6	19	16	13	10	18	9	10	7	16	7	20	22	24	17	21	6	27	16	
2024_A/duck/Eastern_China 10	7	9	1	14	6	7	4	6	14	0	0	19	3	1	10	10	9	6	3	6	5	4	4	12	10	15	4	8	5	21	4	11	10	20	11	13	9	12	10	23	28	24	26	35	6	20	20	9	11	16	8	16	8	18	8	8	22	31	22	32	4	22	10	
2025_A/duck/Eastern_China 11	7	7	2	13	6	9	3	9	15	0	0	13	2	1	10	9	8	7	1	6	9	3	6	13	10	22	6	12	2	15	2	16	16	24	9	15	8	8	12	20	25	24	26	34	5	20	16	14	10	19	9	7	9	16	6	18	23	28	21	21	4	23	15	
2026_A/duck/Eastern_China 10	6	7	1	14	7	9	4	9	14	0	0	13	3	1	10	9	10	9	1	6	7	1	6	13	9	22	7	13	3	15	2	15	14	23	8	13	9	10	13	22	27	23	22	33	4	21	20	14	13	18	8	11	6	16	7	13	23	26	22	22	5	25	13	
2027_A/duck/Eastern_China 10	7	7	1	14	6	9	4	9	14	0	0	15	3	1	10	9	9	7	1	6	5	3	6	8	11	26	3	16	4	12	3	17	12	16	11	15	9	15	12	20	23	26	34	34	6	17	11	15	12	17	6	9	7	16	8	14	25	30	19	24	2	23	16	
2028_A/duck/Eastern_China 11	6	7	2	13	7	9	3	8	15	0	0	13	2	1	10	9	9	7	1	6	8	3	6	14	10	23	6	12	2	14	2	16	15	24	8	15	9	9	13	20	25	26	23	33	5	19	19	14	11	19	8	7	8	15	7	20	22	30	20	21	4	22	14	
2029_A/duck/Eastern_China 11	7	9	1	13	6	7	4	6	14	0	0	18	3	1	10	10	9	6	3	6	5	4	4	12	10	15	4	9	5	21	4	12	10	20	11	13	9	12	10	22	28	24	26	35	6	20	19	9	11	14	9	16	8	19	8	7	22	31	23	33	4	22	10	
2030_A/duck/Eastern_China 10	7	9	1	14	7	7	4	6	14	0	0	18	2	1	10	10	8	6	3	6	5	4	4	14	12	15	4	7	4	21	4	12	9	20	11	14	9	12	10	23	28	22	27	34	7	22	18	8	13	16	8	16	7	17	9	10	21	32	23	30	4	21	10	
2031_A/duck/Fujian/1.17_F 11	12	10	1	13	3	6	4	8	15	1	0	13	1	0	10	10	8	8	2	9	6	2	5	9	14	27	4	14	1	10	6	20	11	16	13	6	8	17	10	20	30	24	28	35	3	20	15	18	14	14	7	6	3	19	7	19	24	35	19	21	3	17	15	
2032_A/duck/Fujian/10.26_ 10	11	7	1	14	4	9	4	5	16	0	0	15	1	1	10	8	7	6	3	9	7	4	5	10	12	27	2	14	2	10	7	18	13	15	12	7	6	18	11	22	29	24	31	35	3	21	11	15	15	13	7	7	3	20	8	16	24	36	20	27	3	16	13	
2033_A/duck/Fujian/10.26_ 10	11	7	1	14	4	9	4	5	16	0	0	15	1	1	10	8	7	6	3	9	7	4	5	11	12	27	2	13	2	10	7	18	13	15	12	7	6	18	11	22	29	24	31	36	3	21	11	15	15	14	7	7	3	19	8	16	24	36	19	26	3	16	14	
2034_A/duck/Fujian/11.23_ 10	11	7	1	14	4	9	4	5	16	0	0	15	1	1	10	8	7	6	3	9	7	4	5	10	12	27	2	14	2	10	7	18	13	15	12	7	6	18	11	22	29	24	31	35	3	21	11	15	15	14	7	7	3	19	8	16	24	36	20	27	3	16	13	
2035_A/duck/Fujian/11.23_ 10	11	7	1	14	4	9	4	5	16	0	0	15	1	1	10	8	7	6	3	9	7	4	5	11	12	27	2	13	2	10	7	18	13	15	12	7	6	18	11	22	30	23	31	36	3	21	11	15	15	14	7	7	3	19	8	16	23	37	20	26	3	16	13	
2036_A/duck/Fujian/11.23_ 10	11	7	1	14	4	9	4	5	16	0	0	15	1	1	10	8	7	6	3	9	7	4	5	11	12	27	2	13	2	10	7	18	13	15	12	7	6	18	11	22	30	23	31	36	3	21	11	15	15	14	7	7	3	19	8	16	23	37	20	26	3	16	13	
2037_A/duck/Fujian/11.3_F 10	12	8	1	14	3	8	4	8	15	0	0	13	1	1	10	9	8	7	3	10	6	3	5	10	13	28	4	13	2	9	5	19	13	15	12	7	6	18	11	22	30	24	30	35	3	21	12	13	13	13	7	6	4	20	8	17	25	37	19	26	2	15	14	
2038_A/duck/Fujian/11.3_F 10	12	9	1	14	3	7	4	9	15	0	0	12	1	1	10	9	8	7	3	10	6	3	5	9	13	28	4	14	2	9	5	19	13	15	12	7	6	18	11	22	30	24	30	35	3	21	12	13	13	12	7	6	4	21	8	17	25	37	19	26	2	15	14	
2039_A/duck/Fujian/12.7_F 10	12	10	1	14	3	6	4	9	14	0	0	12	2	1	10	10	8	7	3	9	6	3	5	9	13	28	4	14	2	9	5	19	13	16	12	7	5	18	10	22	31	22	30	35	3	23	12	13	12	12	7	6	5	21	8	17	24	37	18	26	3	15	15	
2040_A/duck/Fujian/12.7_F 10	12	9	1	14	3	7	4	8	15	0	0	13	1	1	10	9	8	7	3	10	6	3	5	10	13	28	4	13	2	9	5	19	13	16	12	7	6	17	11	22	30	25	31	35	3	20	11	13	13	12	7	6	4	21	8	17	25	37	19	26	2	15	14	
2041_A/duck/Fujian/12.7_F 10	12	9	1	14	3	7	4	8	15	0	0	13	1	1	10	9	8	7	3	10	6	3	5	10	13	28	4	13	2	9	5	19	13	16	12	7	6	17	11	22	30	25	31	35	3	20	11	13	13	12	7	6	4	21	8	17	25	37	19	26	2	15	14	
2042_A/duck/Fujian/12.7_F 10	12	9	1	14	3	7	4	8	15	0	0	13	1	1	10	9	8	7	3	10	6	3	5	10	13	28	4	13	2	9	5	19	12	17	12	7	6	17	11	22	30	25	31	35	3	20	11	13	13	12	7	6	4	21	8	17	25	37	19	26	2	15	14	
2043_A/duck/Guangdong/11. 10	10	6	1	14	5	10	4	5	15	0	0	16	1	1	10	8	8	7	3	9	7	3	4	11	11	27	4	12	3	10	6	19	13	16	12	8	5	18	11	22	29	24	30	36	3	21	12	14	13	15	6	7	4	17	9	16	23	36	18	26	5	16	15	
2044_A/duck/Guangdong/11. 10	10	6	1	14	5	10	4	5	15	0	0	16	1	1	10	8	8	7	3	9	7	3	4	11	11	27	4	12	3	10	6	19	13	16	12	8	5	18	11	22	29	24	30	36	3	21	12	14	13	15	6	7	4	17	9	16	23	36	18	26	5	16	15	
2045_A/duck/Guangdong/11. 10	10	6	1	14	5	10	4	5	15	0	0	16	1	1	10	8	8	7	3	9	7	3	4	11	11	27	4	12	3	10	6	19	13	16	12	7	6	18	11	22	29	24	30	36	3	21	12	14	13	15	6	7	4	17	9	16	23	36	18	26	5	16	15	
2046_A/duck/Guangdong/23/ 10	8	7	2	13	6	9	3	10	14	0	0	11	2	1	10	7	6	9	2	8	8	1	5	9	11	22	5	16	4	13	5	12	15	17	10	16	9	14	12	24	24	27	27	34	6	19	15	15	10	17	6	10	7	17	9	19	25	25	21	18	3	28	12	
2047_A/duck/Guangdong/GD0 11	6	7	2	13	7	9	3	9	15	0	0	13	2	1	10	9	9	7	1	6	8	3	6	13	10	21	7	12	2	16	2	17	16	25	8	14	8	8	13	21	25	24	26	33	5	20	17	13	11	18	8	8	7	15	7	16	23	30	18	23	5	23	15	
2048_A/duck/Guangdong/s14 9	7	6	1	15	7	10	4	9	15	0	0	12	1	1	10	7	8	5	1	7	5	5	6	8	12	25	5	19	4	11	3	19	12	21	10	13	8	11	12	20	27	28	34	33	4	16	11	12	8	17	6	11	9	16	8	18	23	24	18	25	3	29	16	
2049_A/duck/Guangdong/wy1 9	8	7	1	15	6	9	4	8	15	0	0	12	1	1	10	7	8	6	2	7	5	4	5	7	11	25	5	21	5	11	3	17	12	18	10	14	9	13	12	20	25	27	32	34	6	18	11	13	10	18	6	10	7	16	8	14	24	26	21	27	3	27	14	
2050_A/duck/Guangdong/wy1 9	9	7	1	15	6	9	4	8	14	0	0	12	1	1	10	7	8	6	2	7	5	4	5	7	11	25	5	21	5	11	3	17	12	18	10	15	9	13	12	19	25	28	33	35	7	16	12	13	10	18	6	10	7	16	8	14	23	27	20	25	3	27	14	
2051_A/duck/Guangdong/wy2 9	7	7	1	15	6	9	4	7	15	0	0	15	2	1	10	7	8	6	2	7	5	4	5	8	11	25	5	18	5	10	4	17	12	19	10	15	8	12	12	20	25	29	34	33	5	15	11	13	12	19	7	9	8	15	8	15	23	25	21	27	3	27	13	
2052_A/duck/Guangzhou/018 11	6	7	2	13	7	9	3	9	15	0	0	13	2	1	10	9	10	7	1	6	7	3	6	13	10	21	7	12	2	16	2	17	16	24	9	14	8	9	12	21	25	24	25	33	5	21	17	13	11	19	8	8	7	15	7	16	23	29	18	23	5	23	15	
2053_A/duck/Guangzhou/021 11	7	7	2	13	6	9	3	9	15	0	0	13	2	1	10	9	9	7	1	6	8	3	6	13	10	21	7	12	2	16	2	17	16	25	8	14	8	8	13	21	25	23	26	33	5	21	17	13	11	18	8	8	7	16	7	16	23	29	18	23	5	23	15	
2054_A/duck/Guangzhou/412 11	8	6	1	13	7	10	4	8	14	0	0	15	1	1	10	8	7	7	2	7	6	3	5	8	13	24	4	14	3	12	5	16	15	17	11	12	6	14	11	24	30	25	30	36	1	20	14	15	14	16	7	8	7	18	9	9	21	33	20	28	4	20	12	
2055_A/duck/Guizhou/7.27_ 10	11	8	1	14	5	8	4	8	15	0	0	14	0	1	10	7	7	7	3	9	7	3	6	7	13	30	4	15	2	7	4	19	14	15	13	8	7	18	10	23	28	22	29	36	3	22	14	15	12	13	9	6	2	19	7	17	23	33	18	24	7	19	15	
2056_A/duck/Guizhou/8.26_ 10	12	8	1	14	4	8	4	6	15	0	0	16	0	1	10	6	7	7	3	9	7	3	6	8	13	29	4	15	2	8	4	19	14	15	12	9	7	18	11	22	28	24	29	36	3	20	14	14	11	14	7	6	3	19	7	19	22	34	21	23	8	18	13	
2057_A/duck/Guizhou/8.26_ 10	12	8	1	14	4	8	4	7	15	0	0	15	0	1	10	6	7	7	3	9	7	3	6	8	13	30	4	15	2	7	4	19	15	15	12	9	7	18	11	23	28	23	29	36	3	21	14	14	10	14	7	6	3	19	7	18	22	34	21	23	8	18	13	
2058_A/duck/Hainan/12.29_ 10	12	8	1	14	4	8	4	8	15	0	0	14	0	1	10	7	7	7	3	9	7	3	6	8	13	29	4	14	2	8	4	19	14	15	13	8	7	18	10	23	28	24	30	36	3	20	13	14	11	14	7	7	3	19	7	17	22	33	20	24	8	19	14	
2059_A/duck/Hebei/0908/20 11	8	9	2	12	6	7	3	5	15	0	0	19	2	1	10	8	8	8	2	7	4	2	5	11	11	20	3	11	6	16	4	14	10	23	11	15	10	9	11	21	28	23	25	34	5	21	22	13	13	19	7	10	8	15	9	7	18	29	24	33	6	23	8	
2060_A/duck/Hong_Kong/342 12	7	9	1	12	5	7	4	4	13	0	0	16	5	1	10	10	8	5	2	7	6	5	5	12	11	24	3	11	4	12	6	15	11	17	11	15	9	15	12	20	25	23	29	35	7	22	15	11	15	16	8	12	4	17	6	14	21	30	23	27	5	23	10	
2061_A/duck/Hsinchu/15020 12	8	8	1	12	5	8	4	5	14	0	0	22	3	1	10	8	9	8	2	8	3	2	5	7	11	18	4	11	6	18	4	15	10	19	13	15	8	12	9	20	31	27	32	36	3	18	13	12	12	20	9	14	10	14	6	12	18	30	22	25	4	23	11	
2062_A/duck/HuBei/03/2010 11	7	7	2	13	6	9	3	9	16	0	0	13	1	1	10	7	7	9	2	8	8	1	5	9	9	23	2	16	5	13	7	15	14	16	11	16	9	15	11	19	24	28	28	33	6	16	17	13	12	16	8	8	6	17	9	19	25	25	22	21	4	28	10	
2063_A/duck/Hubei/2911/20 11	6	9	1	13	7	7	4	8	13	0	0	17	4	1	10	9	11	8	1	6	3	2	6	12	10	13	5	9	5	23	4	14	8	17	13	13	11	13	10	22	25	24	30	35	9	20	14	11	12	15	8	15	6	19	7	6	21	29	20	32	6	23	14	
2064_A/duck/Hubei/49/2005 11	7	7	2	13	6	9	3	9	16	0	0	13	1	1	10	7	7	9	2	8	8	1	5	10	11	23	3	16	3	13	5	14	14	16	11	16	10	15	11	19	25	26	28	32	6	18	18	13	11	15	7	10	6	18	9	18	24	25	22	22	4	28	10	
2065_A/duck/Hubei/SZY250/ 11	7	7	0	13	7	9	5	7	16	0	0	14	1	1	10	7	8	6	2	7	5	5	5	13	12	24	5	15	4	10	4	19	9	19	10	14	10	13	12	20	27	27	34	34	4	15	12	10	8	18	8	10	8	16	8	17	25	29	16	24	4	24	16	
2066_A/duck/Hubei/xn/2007 11	7	7	2	13	6	9	3	8	16	0	0	14	1	1	10	7	7	9	2	8	8	1	5	9	10	23	3	16	4	13	6	14	14	16	11	16	8	15	11	20	26	28	28	32	6	16	17	13	12	16	7	10	7	17	9	17	23	24	22	23	4	29	10	
2067_A/duck/Hunan/01.12_Y 10	13	8	1	14	3	8	4	8	14	0	0	13	1	1	10	8	8	6	3	9	7	4	5	9	11	29	5	14	3	8	4	19	13	16	12	8	6	17	10	22	30	25	29	37	3	21	12	13	12	14	7	7	3	20	7	18	22	34	20	24	7	17	14	
2068_A/duck/Hunan/03.07_Y 10	12	8	1	14	4	8	4	9	14	0	0	13	1	1	10	7	7	7	3	9	7	3	5	10	12	30	4	13	3	7	4	19	13	16	11	8	6	18	11	23	30	23	29	36	3	22	14	13	12	12	7	7	4	21	7	16	22	35	20	25	6	17	14	
2069_A/duck/Hunan/03.07_Y 10	11	8	1	14	4	8	4	7	15	0	0	14	1	1	10	10	7	7	3	11	5	3	5	10	15	28	3	12	2	9	6	17	14	17	10	10	6	18	11	22	31	23	30	35	3	20	14	11	13	12	7	6	4	21	8	16	20	38	20	26	5	14	14	
2070_A/duck/Hunan/03.24_Y 9	11	8	1	15	4	8	4	7	16	0	0	15	1	1	10	8	8	7	3	9	6	3	5	10	12	29	4	12	3	8	5	20	13	16	13	8	6	18	9	22	31	23	29	37	2	22	13	13	13	13	7	6	3	20	7	18	22	37	20	24	4	15	14	
2071_A/duck/Hunan/03.24_Y 9	11	8	1	15	4	8	4	7	16	0	0	15	1	1	10	8	8	7	3	9	6	3	5	10	12	29	4	12	3	8	5	20	13	16	13	8	6	18	9	22	31	23	29	37	2	22	13	13	13	13	7	6	4	20	7	18	21	37	20	24	4	15	14	
2072_A/duck/Hunan/03.24_Y 9	11	8	1	15	4	8	4	7	16	0	0	15	1	1	10	8	8	7	3	9	6	4	5	10	12	28	4	12	3	8	5	20	13	16	13	8	6	18	9	22	31	23	29	37	2	22	13	13	13	13	7	6	3	20	7	18	22	37	20	24	4	15	14	
2073_A/duck/Hunan/03.24_Y 9	11	8	1	15	4	8	4	7	16	0	0	15	1	1	10	8	8	7	3	9	6	3	5	10	12	29	4	12	3	8	5	20	13	16	13	8	6	18	9	22	31	23	29	37	2	22	13	13	13	13	7	6	3	20	7	18	22	37	20	24	4	15	14	
2074_A/duck/Hunan/1.12_YY 10	12	8	1	15	4	8	4	8	15	0	0	14	0	1	10	7	7	7	3	8	7	3	6	9	13	28	4	14	2	9	4	19	13	16	12	9	7	18	10	20	29	23	31	36	3	21	12	14	11	13	7	7	3	20	7	18	22	33	20	24	8	19	14	
2075_A/duck/Hunan/1.12_YY 10	12	8	1	15	4	8	4	8	15	0	0	14	0	1	10	7	7	7	3	8	7	3	6	9	13	28	3	14	2	9	4	19	13	16	12	9	7	18	10	20	29	23	32	36	3	21	12	14	11	13	7	7	3	20	7	18	22	33	20	24	8	19	14	
2076_A/duck/Hunan/1.12_YY 10	13	8	1	14	3	8	4	8	14	0	0	13	1	1	10	8	8	6	3	9	7	4	5	9	11	29	5	14	3	8	4	19	13	16	12	8	6	17	10	22	30	25	29	37	3	21	12	13	12	14	7	7	3	20	7	18	22	34	20	24	7	17	14	
2077_A/duck/Hunan/1.17_YY 10	11	8	1	14	4	8	4	7	15	0	0	14	1	1	10	8	8	7	3	11	6	3	5	9	13	27	4	13	2	10	5	18	15	16	10	9	5	19	11	22	30	24	31	36	3	19	13	13	13	13	6	6	5	20	9	18	21	39	19	24	4	13	14	
2078_A/duck/Hunan/11.30_Y 10	10	7	1	14	5	9	4	5	16	0	0	15	1	1	10	8	7	6	3	9	7	4	5	11	12	27	2	13	2	10	7	18	13	15	12	7	6	18	11	22	29	24	31	36	3	21	11	15	15	14	7	7	3	19	8	15	25	36	20	26	3	16	13	
2079_A/duck/Hunan/11.30_Y 10	11	8	1	14	6	8	4	9	13	0	0	13	1	1	10	7	7	7	3	9	7	3	5	9	11	27	4	14	4	10	5	20	13	16	12	8	6	18	10	23	30	22	29	37	2	23	13	12	12	12	7	7	4	21	7	16	22	34	20	25	6	18	14	
2080_A/duck/Hunan/11.30_Y 10	11	8	1	14	6	8	4	9	13	0	0	13	1	1	10	7	7	7	3	9	7	3	5	9	11	27	4	14	4	10	5	20	13	16	12	8	6	18	10	23	30	22	29	38	2	23	12	12	12	12	7	7	4	21	7	16	22	34	20	25	6	18	14	
2081_A/duck/Hunan/11.30_Y 12	6	10	0	12	9	6	5	6	13	0	0	19	4	1	10	7	11	7	2	9	3	3	5	6	11	15	5	14	4	21	4	14	10	18	10	12	9	13	12	21	30	27	29	35	4	18	15	14	13	17	8	11	8	17	7	12	19	30	22	27	4	23	11	
2082_A/duck/Hunan/11.30_Y 12	6	10	0	12	9	6	5	6	13	0	0	19	4	1	10	7	11	7	2	9	3	3	5	6	11	15	5	14	4	21	4	14	10	18	10	12	9	13	12	21	30	27	29	35	4	18	15	14	13	17	8	11	8	17	7	12	19	30	22	27	4	23	11	
2083_A/duck/Hunan/12.27_Y 10	11	8	1	14	4	8	4	7	15	0	0	14	1	1	10	8	8	7	3	11	6	3	5	9	13	27	4	13	2	10	5	18	15	16	10	9	5	19	11	22	30	24	31	36	3	19	13	13	13	13	6	6	4	20	9	18	22	39	19	24	4	13	14	
2084_A/duck/Hunan/12.27_Y 10	10	8	1	14	5	8	4	6	16	0	0	16	0	1	10	6	9	6	3	10	6	4	5	9	12	27	5	13	3	10	4	18	14	16	13	9	6	17	10	22	29	25	29	37	2	21	12	12	13	12	9	8	3	21	6	17	24	35	22	24	5	17	11	
2085_A/duck/Hunan/12.27_Y 10	11	8	1	14	4	8	4	7	15	0	0	14	1	1	10	8	8	7	3	11	6	3	5	9	13	27	4	13	2	10	5	18	15	16	10	9	5	19	11	22	30	24	31	36	3	19	13	13	13	13	6	6	4	20	9	18	22	39	19	24	4	13	14	
2086_A/duck/Hunan/12.27_Y 10	10	7	1	14	5	9	4	7	16	0	0	15	0	1	10	7	9	6	3	9	6	4	5	9	12	28	5	13	3	9	4	18	14	16	13	9	6	17	10	22	29	25	29	37	2	21	12	12	13	12	9	8	3	21	6	17	24	35	21	24	5	17	12	
2087_A/duck/Hunan/12.27_Y 10	11	8	1	14	4	8	4	7	15	0	0	14	1	1	10	8	8	7	3	11	6	3	5	9	13	27	4	13	2	10	5	18	15	16	10	9	5	19	11	22	30	24	31	36	3	19	13	13	13	13	6	6	4	20	9	18	22	39	19	24	4	13	14	
2088_A/duck/Hunan/12.27_Y 10	10	8	1	14	5	8	4	6	16	0	0	16	0	1	10	6	9	6	3	10	6	4	5	9	12	28	5	13	3	9	4	18	14	16	13	9	6	17	10	22	29	25	29	37	2	21	12	12	13	12	9	8	3	21	6	17	24	35	22	24	5	17	11	
2089_A/duck/Hunan/12.27_Y 10	11	8	1	14	4	8	4	7	15	0	0	14	1	1	10	8	8	7	3	11	6	3	5	9	13	27	4	13	2	10	5	18	15	16	10	9	5	19	11	22	30	24	31	36	3	19	13	13	13	13	6	6	4	20	9	18	22	39	19	24	4	13	14	
2090_A/duck/Hunan/12.27_Y 10	11	8	1	14	4	8	4	7	15	0	0	14	1	1	10	8	8	7	3	11	6	3	5	9	13	27	4	13	2	10	5	18	15	16	10	9	5	19	11	22	30	24	31	36	3	19	13	13	13	13	6	6	4	20	9	18	22	39	19	24	4	13	14	
2091_A/duck/Hunan/12.27_Y 10	11	8	1	14	4	8	4	7	15	0	0	14	1	1	10	8	8	7	3	11	6	3	5	9	13	27	4	13	2	10	5	18	15	16	10	9	5	19	11	22	30	24	31	36	3	19	13	13	13	13	6	6	4	20	9	18	22	39	19	24	4	13	14	
2092_A/duck/Hunan/12.27_Y 10	11	8	1	14	4	8	4	7	15	0	0	14	1	1	10	8	8	7	3	11	6	3	5	9	13	27	4	13	2	10	5	18	15	16	10	9	5	19	11	22	30	24	31	36	3	19	13	13	13	13	6	6	4	20	9	18	22	39	19	24	4	13	14	
2093_A/duck/Hunan/12.27_Y 10	11	8	1	14	4	8	4	7	15	0	0	14	1	1	10	8	8	7	3	11	6	3	5	9	13	27	4	13	2	10	5	18	15	16	10	9	5	19	11	22	30	24	31	36	3	19	13	13	13	13	6	6	4	20	9	18	22	39	19	24	4	13	14	
2094_A/duck/Hunan/12.27_Y 10	11	8	1	14	4	8	4	7	15	0	0	14	1	1	10	8	8	7	3	11	6	3	5	9	13	27	4	13	2	10	5	18	15	16	10	9	5	19	11	22	30	24	31	36	3	19	13	13	13	13	6	6	4	20	9	18	22	39	19	24	4	13	14	
2095_A/duck/Hunan/2.06_YY 10	12	8	1	14	4	8	4	9	14	0	0	13	1	1	10	7	7	7	3	9	7	3	5	10	12	30	4	13	3	7	4	19	13	16	11	8	6	18	11	23	30	23	29	36	3	22	14	13	12	12	7	7	4	21	7	16	22	35	20	25	6	17	14	
2096_A/duck/Hunan/2.06_YY 11	11	8	1	14	4	8	4	8	15	0	0	14	0	1	10	8	7	7	3	9	7	3	6	9	13	29	4	13	2	8	4	19	13	16	12	7	7	19	9	22	29	23	32	36	3	21	11	14	11	13	8	8	3	20	7	17	22	34	21	24	8	18	12	
2097_A/duck/Hunan/2.06_YY 10	12	8	1	14	4	8	4	9	14	0	0	13	1	1	10	7	7	7	3	9	7	3	5	10	12	30	4	13	3	7	4	19	13	16	11	8	6	18	11	23	30	22	30	36	3	22	14	13	12	12	7	7	4	21	7	16	22	35	20	25	6	17	14	
2098_A/duck/Hunan/2.06_YY 10	12	8	1	14	4	8	4	9	14	0	0	13	1	1	10	7	7	7	3	9	7	3	5	10	12	30	4	13	3	7	4	19	13	16	11	8	6	18	11	23	30	23	29	36	3	22	14	13	12	12	7	7	4	21	7	16	22	35	20	25	6	17	14	
2099_A/duck/Hunan/3/2007_ 9	7	7	2	15	6	9	3	11	14	0	0	11	3	1	10	6	8	9	1	9	8	1	6	10	8	22	4	16	5	15	4	15	13	20	9	15	12	12	13	19	24	28	28	33	7	16	16	15	12	14	8	8	4	19	7	20	24	29	20	19	4	24	13	
2100_A/duck/Hunan/316/200 9	7	6	1	15	5	10	4	7	15	0	0	14	3	1	10	6	8	8	2	9	5	2	5	10	12	24	5	15	4	12	4	15	12	18	11	15	10	12	12	21	26	29	29	34	4	18	15	14	13	22	7	8	6	12	8	17	22	27	21	23	4	25	12	
2101_A/duck/Hunan/3315/20 11	6	7	3	13	7	9	2	8	14	0	0	13	3	1	10	8	8	8	2	8	7	2	5	11	9	22	5	13	5	13	6	13	14	16	12	16	6	14	11	20	28	25	25	36	3	21	17	16	11	20	5	6	8	14	10	14	23	31	20	26	5	22	13	
2102_A/duck/Hunan/689/200 11	6	9	1	13	7	7	4	8	13	0	0	17	4	1	10	9	10	8	1	6	5	2	6	12	10	13	5	9	5	23	4	14	8	18	12	13	10	13	10	22	25	25	30	35	9	19	16	10	13	16	8	15	6	18	7	6	20	30	20	32	6	23	12	
2103_A/duck/Hunan/7.21_YY 10	11	8	1	14	4	8	4	7	15	0	0	14	1	1	10	7	7	7	3	9	6	3	5	9	13	29	4	15	3	8	5	19	13	17	11	8	6	18	10	22	31	24	31	36	2	20	12	13	13	13	7	7	3	20	7	17	22	35	21	25	6	16	14	
2104_A/duck/Hunan/733/200 11	7	7	2	13	6	9	3	7	16	0	0	13	1	1	10	7	7	9	2	8	8	1	5	11	10	23	3	16	4	13	6	12	14	18	11	16	9	13	11	19	24	28	26	33	7	17	17	16	13	18	6	9	5	16	9	17	24	24	23	23	4	29	10	
2105_A/duck/Hunan/8/2008_ 8	5	6	2	16	8	10	3	7	14	0	0	15	3	1	10	7	8	8	2	9	8	1	6	9	9	21	4	15	4	16	5	13	14	20	7	15	11	12	15	20	25	26	27	34	5	18	16	18	13	19	9	8	4	15	7	18	25	28	20	20	2	24	12	
2106_A/duck/Hunan/S4020/2 8	7	7	2	16	6	9	3	9	14	0	0	13	3	1	10	7	8	9	1	8	8	1	6	10	9	21	5	15	4	16	4	14	14	20	9	15	11	12	13	20	23	27	28	33	6	17	15	16	12	19	7	8	4	15	8	19	25	28	20	20	5	24	13	
2107_A/duck/Hunan/S4030/2 10	6	7	3	14	7	9	2	8	14	0	0	13	3	1	10	7	7	7	1	9	9	3	6	13	9	22	5	12	4	15	4	16	15	23	7	14	9	11	13	20	28	24	28	33	4	19	16	14	11	19	6	9	6	15	10	18	22	25	17	22	4	27	15	
2108_A/duck/Hunan/S4101/2 10	6	12	2	14	7	4	3	8	11	0	0	18	6	1	10	8	9	8	2	6	5	2	4	13	9	19	4	8	6	17	4	14	10	18	11	15	9	13	11	21	31	25	31	35	3	19	16	16	11	17	8	10	8	16	7	7	22	30	18	29	4	24	15	
2109_A/duck/Hunan/S4120/2 9	6	12	2	15	7	4	3	8	13	0	0	17	4	1	10	8	9	8	2	6	5	2	4	13	9	19	4	9	6	17	4	14	10	17	11	14	8	14	11	21	32	25	31	35	3	19	16	16	11	17	7	11	8	17	8	6	22	30	19	30	4	23	14	
2110_A/duck/Hunan/S4150/2 8	6	6	2	16	7	10	3	8	13	0	0	13	4	1	10	7	8	9	1	8	8	1	5	12	9	19	5	14	4	18	5	15	15	21	9	14	12	11	14	20	23	27	27	33	7	18	15	17	10	18	7	8	4	15	8	20	24	27	19	18	5	25	14	
2111_A/duck/Hunan/S4220/2 10	6	7	2	14	7	9	3	9	15	0	0	12	2	1	10	9	9	9	1	6	8	1	6	12	10	22	6	14	2	15	3	16	15	22	8	14	10	11	13	21	24	26	25	33	6	18	18	13	12	19	8	10	4	15	7	15	23	27	18	23	6	25	15	
2112_A/duck/Jiangsu/m234/ 9	7	7	1	15	7	9	4	7	15	0	0	13	1	1	10	7	8	5	2	7	5	5	5	8	11	25	4	20	5	11	4	18	11	21	10	13	9	11	11	19	27	27	35	33	4	17	11	13	9	18	7	10	9	16	8	16	24	26	21	26	3	27	12	
2113_A/duck/Jiangxi/01.11 10	11	8	1	14	4	8	4	8	15	0	0	14	1	1	10	7	7	7	3	9	6	3	5	8	13	30	4	15	3	7	5	18	13	17	12	9	6	17	10	22	31	24	29	36	2	20	14	13	12	13	7	7	3	20	7	17	22	36	20	25	7	16	14	
2114_A/duck/Jiangxi/10160 10	6	7	2	14	7	9	3	9	15	0	0	13	2	1	10	9	9	9	1	6	8	1	6	13	10	22	8	13	2	15	2	15	15	22	8	14	9	11	13	21	27	24	22	33	4	20	20	14	13	18	9	9	5	16	6	14	23	28	20	23	5	24	13	
2115_A/duck/Jiangxi/11.17 11	10	9	1	13	5	7	4	8	16	0	0	14	1	1	10	9	8	7	3	8	5	3	5	8	13	27	4	14	3	9	4	18	14	16	11	8	6	18	11	23	27	26	30	36	4	20	13	12	13	12	8	8	3	21	6	17	24	35	18	25	4	17	16	
2116_A/duck/Jiangxi/11.17 11	10	9	1	13	5	7	4	8	16	0	0	14	1	1	10	9	8	7	3	8	5	3	5	8	13	27	4	14	3	9	4	18	14	16	11	8	6	18	11	23	27	26	30	36	4	20	13	12	13	12	8	8	3	21	6	17	24	35	18	25	4	17	16	
2117_A/duck/Jiangxi/11.29 10	11	8	1	14	5	8	4	7	14	0	0	14	2	1	10	7	7	7	3	9	6	3	5	9	12	29	4	15	3	8	5	19	13	15	12	8	6	19	10	22	31	27	28	36	2	18	14	13	13	12	7	7	3	21	7	17	22	38	21	25	6	14	13	
2118_A/duck/Jiangxi/11.29 10	9	7	1	14	5	9	4	7	16	0	0	14	1	1	10	7	8	6	3	9	7	4	5	7	12	28	4	14	3	9	5	18	14	15	13	8	7	17	10	21	29	24	27	36	2	21	12	13	13	11	9	7	3	21	6	17	24	35	21	24	5	16	12	
2119_A/duck/Jiangxi/11.29 10	11	8	1	14	4	8	4	7	15	0	0	16	1	1	10	7	7	6	3	9	6	4	5	9	13	29	4	13	3	8	5	18	12	18	11	8	6	17	10	23	31	24	29	36	3	20	14	13	12	13	7	7	3	20	7	17	22	36	20	25	7	16	14	
2120_A/duck/Jiangxi/120/2 8	7	7	2	16	6	9	3	8	15	0	0	11	3	1	10	7	8	9	2	8	7	1	5	14	10	21	4	14	4	16	5	16	15	21	8	13	10	11	14	17	22	30	28	35	7	15	14	14	12	17	7	10	5	17	8	18	25	25	20	22	3	26	14	
2121_A/duck/Jiangxi/130/2 8	6	6	2	16	7	10	3	8	14	0	0	13	3	1	10	7	8	9	1	8	8	1	5	11	9	19	5	15	4	18	5	15	15	21	9	14	12	12	13	19	23	26	29	33	7	18	15	17	10	17	7	8	4	16	8	20	24	27	18	18	5	25	15	
2122_A/duck/Jiangxi/13469 10	6	7	1	14	7	9	4	9	15	0	0	13	2	1	10	9	10	9	1	6	7	1	5	13	9	22	9	13	3	15	2	16	14	22	8	13	10	11	13	22	27	23	22	33	4	21	20	13	13	18	8	11	5	16	7	13	23	27	20	22	5	25	13	
2123_A/duck/Jiangxi/13475 10	6	7	1	14	7	9	4	9	15	0	0	13	2	1	10	9	10	9	1	6	7	1	6	13	9	22	8	13	3	15	2	16	14	22	8	13	10	11	13	22	27	23	22	33	4	21	20	13	13	18	8	11	5	16	7	13	23	27	20	22	5	25	13	
2124_A/duck/Jiangxi/13484 10	6	7	1	14	7	9	4	9	15	0	0	13	3	1	10	9	10	9	1	6	7	1	6	13	9	22	8	13	2	15	2	16	14	22	8	13	10	11	13	22	27	23	22	33	4	21	20	13	13	18	8	11	5	16	7	13	23	27	20	22	5	25	13	
2125_A/duck/Jiangxi/2.28N 10	12	8	1	14	4	8	4	9	14	0	0	13	1	1	10	7	7	7	3	9	7	3	5	9	12	28	4	14	3	9	5	19	13	16	12	8	6	18	10	23	30	23	29	36	3	22	13	13	12	12	7	7	4	21	7	16	23	34	20	25	5	18	14	
2126_A/duck/Jiangxi/2.28_ 10	12	8	1	14	4	8	4	9	14	0	0	13	1	1	10	7	7	7	3	9	7	3	5	9	12	28	4	14	3	9	5	19	13	16	12	8	6	18	10	23	30	23	29	36	3	22	13	13	12	12	7	7	4	21	7	16	23	34	20	25	5	18	14	
2127_A/duck/Jiangxi/34/20 10	6	7	3	14	7	9	3	8	15	0	0	13	2	1	10	9	9	9	1	6	9	1	6	12	10	23	5	14	1	15	3	16	15	24	7	14	10	10	14	22	23	26	25	33	7	17	19	15	12	20	7	8	3	14	8	15	24	27	18	22	5	24	15	
2128_A/duck/Jiangxi/35/20 10	6	7	2	14	7	9	3	8	15	0	0	12	2	1	10	9	9	9	1	6	9	1	6	12	10	22	6	15	1	15	3	16	15	23	7	14	10	10	14	22	23	26	25	33	7	17	19	15	12	20	7	8	3	14	8	15	24	27	19	22	5	25	15	
2129_A/duck/Jiangxi/44/20 10	11	9	2	14	4	7	3	6	13	0	0	17	2	1	10	5	9	6	3	10	5	3	4	12	13	26	4	11	2	11	4	20	10	17	12	9	7	16	10	23	31	30	34	35	4	15	10	15	16	13	6	6	3	21	9	16	22	38	25	23	4	15	8	
2130_A/duck/Jiangxi/5.26_ 10	10	8	1	14	5	8	4	7	14	0	0	17	2	1	10	7	7	7	3	9	6	3	5	8	13	28	4	13	3	9	5	18	14	17	12	9	4	17	10	22	32	24	29	36	2	20	14	13	12	13	7	7	3	20	7	17	22	36	20	25	7	16	14	
2131_A/duck/Jiangxi/80/20 10	7	6	2	14	5	10	4	9	16	0	0	12	2	1	10	7	7	9	2	8	8	1	5	9	10	23	4	17	4	12	5	12	13	19	11	15	11	12	11	20	26	29	27	34	5	16	16	15	12	18	5	10	6	16	9	18	24	27	22	21	4	26	11	
2132_A/duck/Jilin/JL-SIV/ 11	6	6	3	13	8	10	2	7	13	0	0	10	3	1	10	9	8	8	3	6	7	2	4	14	10	23	5	15	4	13	5	13	14	17	11	16	6	14	11	22	28	26	25	36	4	20	17	17	11	19	5	6	8	15	10	14	23	35	20	23	4	18	13	
2133_A/duck/Kaohsiung/150 12	8	8	1	12	5	8	4	5	14	0	0	22	3	1	10	8	9	8	2	8	3	2	5	7	11	19	4	11	6	17	4	15	10	19	12	15	8	12	10	20	31	26	32	36	3	19	13	12	12	20	9	14	10	14	6	12	18	30	22	25	4	23	11	
2134_A/duck/Kaohsiung/15W 11	8	11	0	13	5	6	5	7	15	0	0	14	2	1	10	11	8	8	4	4	6	1	3	10	8	19	3	15	7	17	4	13	8	19	12	16	11	12	10	22	24	25	27	35	9	19	20	10	11	16	7	10	9	18	8	12	20	28	21	30	5	25	12	
2135_A/duck/Kaohsiung/20W 11	6	6	1	13	8	10	4	7	14	0	0	20	3	1	10	8	10	9	2	8	3	1	5	3	8	20	3	15	7	16	5	15	10	19	12	12	9	12	10	22	28	29	33	35	6	15	13	14	12	17	6	11	8	17	10	10	21	32	23	28	4	21	9	
2136_A/duck/Liaoning/LN/2 9	7	7	2	15	7	9	3	6	13	0	0	15	3	1	10	8	9	8	2	7	4	2	5	10	11	22	3	15	5	15	5	14	15	16	11	15	8	14	11	20	26	29	28	35	4	17	16	12	12	18	6	9	6	17	9	20	23	25	24	22	3	28	9	
2137_A/duck/Nanchang/9789 11	7	6	2	13	7	10	3	9	15	0	0	12	2	1	10	8	9	9	1	6	8	1	6	11	10	22	7	14	2	15	2	17	15	22	8	14	10	11	13	22	24	22	26	33	6	20	19	12	10	19	8	11	4	15	7	16	25	29	18	22	5	23	15	
2138_A/duck/Nantou/15A343 12	8	8	1	12	5	8	4	5	15	0	0	22	3	1	10	8	9	8	2	8	3	2	5	7	11	18	4	11	6	18	4	16	9	19	12	15	8	12	10	20	31	27	32	36	3	18	13	12	12	20	9	14	10	14	6	12	17	30	22	25	4	23	11	
2139_A/duck/Nantou/17A024 12	8	7	1	12	5	9	4	5	13	1	0	22	4	0	10	8	9	8	2	8	3	3	5	7	12	19	4	11	5	16	4	15	11	20	13	15	7	11	10	19	32	27	29	36	3	20	15	12	10	19	8	14	10	15	6	12	20	30	21	25	4	22	12	
2140_A/duck/Pingtung/1501 9	8	11	2	14	7	5	3	6	14	0	0	20	2	1	10	10	10	9	2	6	4	1	5	9	11	16	3	10	4	20	5	16	9	18	12	11	11	13	10	21	30	23	30	35	4	21	16	10	9	16	6	14	9	18	9	6	21	28	19	33	6	25	14	
2141_A/duck/Pingtung/1501 12	8	8	1	12	5	8	4	5	14	0	0	22	3	1	10	8	9	8	2	8	3	2	5	7	11	19	4	11	6	17	4	15	10	19	12	15	8	12	10	20	31	27	32	36	3	18	13	12	12	20	9	14	10	14	6	13	18	30	22	24	4	23	11	
2142_A/duck/Pingtung/17A0 12	8	7	1	12	5	9	4	5	13	0	0	22	4	1	10	8	9	8	2	8	3	3	5	7	12	19	4	11	5	16	4	15	11	19	13	15	7	12	10	19	32	27	29	36	3	20	15	12	10	19	8	14	10	15	6	12	20	30	21	25	4	22	12	
2143_A/duck/Pingtung/18A0 12	8	8	1	12	5	8	4	6	14	1	0	22	4	0	10	8	9	8	2	8	3	3	5	7	12	19	4	10	5	16	4	15	11	19	13	15	7	12	10	19	31	25	29	36	4	22	15	12	10	19	8	14	10	15	6	12	19	29	21	25	4	23	12	
2144_A/duck/Pingtung/18A0 13	10	7	1	11	4	9	4	5	12	0	0	23	4	1	10	7	10	9	2	8	3	2	5	7	10	19	4	10	6	16	4	17	11	20	12	15	7	11	11	19	32	26	29	36	3	20	16	11	10	19	8	15	9	15	6	12	19	30	22	25	5	22	11	
2145_A/duck/Pingtung/18X0 12	8	10	1	12	5	6	4	5	15	0	0	20	2	1	10	9	10	7	2	7	4	3	5	8	8	21	2	12	7	15	6	17	10	21	10	12	9	11	11	21	28	28	32	37	6	17	13	12	12	15	6	12	8	19	8	9	20	30	24	27	5	23	10	
2146_A/duck/Shandong/009/ 10	8	12	0	14	5	4	5	4	14	0	0	17	3	1	10	10	7	8	1	5	6	1	6	13	11	21	3	12	5	15	4	13	9	17	13	13	11	16	9	22	26	25	26	38	4	21	20	9	10	14	7	13	9	20	8	13	22	29	21	28	4	23	12	
2147_A/duck/Shandong/Q1/2 9	7	6	1	15	7	10	4	8	15	1	0	12	1	0	10	7	8	5	2	7	5	5	5	8	11	25	5	20	5	11	3	18	11	21	9	13	8	11	12	20	27	27	35	34	5	16	11	12	9	18	6	11	9	16	9	18	24	25	18	23	3	28	15	
2148_A/duck/Shandong/SD02 13	7	9	0	11	7	8	5	6	12	0	0	21	4	1	10	9	10	8	1	7	3	3	6	6	13	18	5	12	3	17	4	15	11	19	12	13	10	11	11	22	30	26	28	34	3	17	19	14	14	18	8	10	8	16	7	12	19	30	22	27	3	21	11	
2149_A/duck/Shandong/SD02 13	7	9	0	11	7	8	5	6	12	0	0	21	4	1	10	9	10	8	1	7	3	3	6	6	13	18	5	12	3	17	4	14	11	19	12	14	10	11	11	22	30	26	27	34	3	17	19	14	14	18	8	10	8	16	7	12	19	31	22	27	3	21	11	
2150_A/duck/Sichuan/NCXJ1 10	6	7	2	14	7	9	3	9	16	0	0	13	1	1	10	9	10	9	1	6	7	1	6	13	10	22	8	13	2	15	2	15	16	23	8	14	8	10	13	21	27	24	22	34	3	20	20	13	13	18	8	10	5	16	7	14	23	28	21	23	5	24	12	
2151_A/duck/Sichuan/NCXJ1 10	6	7	2	14	7	9	3	9	15	0	0	13	2	1	10	9	10	9	1	6	7	1	6	13	10	22	8	13	2	15	2	15	15	23	8	14	9	10	13	21	27	24	22	34	3	20	20	13	13	18	8	10	5	16	7	14	23	28	20	23	5	24	13	
2152_A/duck/Sichuan/NCXN1 11	8	7	2	13	6	9	3	9	15	0	0	13	2	1	10	9	10	7	1	6	7	3	6	13	10	21	6	12	2	16	2	17	15	24	8	14	8	9	13	22	25	25	24	32	5	20	19	13	11	19	8	8	7	15	6	16	23	28	20	23	5	24	14	
2153_A/duck/Sichuan/NCXN1 11	6	7	2	13	7	9	3	9	15	0	0	13	2	1	10	9	9	7	1	6	8	3	6	13	10	21	6	12	2	16	2	17	16	24	8	14	8	9	13	21	25	25	24	33	5	20	19	13	11	19	8	8	7	15	6	16	23	28	19	23	5	24	15	
2154_A/duck/Sichuan/SC482 9	9	6	3	15	4	10	2	7	17	0	0	16	0	1	10	8	8	8	2	6	7	2	5	12	13	22	7	12	1	15	3	12	13	16	13	16	7	16	9	23	33	22	29	35	0	21	14	11	10	20	8	8	8	13	6	13	21	33	20	30	5	21	14	
2155_A/duck/Sichuan/SC569 9	9	6	3	15	4	10	2	7	17	0	0	16	0	1	10	8	8	8	2	6	7	2	5	12	13	22	7	12	1	15	3	12	13	15	13	16	7	16	9	23	33	21	29	35	0	22	14	11	10	21	8	8	8	13	6	13	21	33	20	30	5	21	14	
2156_A/duck/Taichung/1501 13	8	8	1	11	5	8	4	5	14	0	0	22	3	1	10	8	9	8	2	8	3	2	5	7	11	19	4	11	6	17	4	14	10	18	12	16	8	13	10	20	32	27	32	36	2	18	13	12	12	20	9	14	10	14	6	12	18	30	22	25	4	23	11	
2157_A/duck/Tainan/150104 10	6	7	0	14	8	9	5	7	15	0	0	13	1	1	10	8	8	7	2	6	5	4	5	11	13	25	5	17	3	10	4	19	11	20	9	13	9	11	13	19	28	28	34	34	4	16	11	10	8	18	8	12	8	16	8	17	25	27	18	24	4	25	14	
2158_A/duck/Tainan/160100 12	8	8	1	12	5	8	4	5	15	0	0	20	2	1	10	8	9	8	2	8	4	2	5	7	11	18	3	13	5	18	5	15	9	19	12	16	9	12	10	20	30	27	32	36	3	18	13	14	11	20	10	12	11	14	6	13	19	30	20	23	4	23	12	
2159_A/duck/Tainan/16WB34 10	8	12	0	14	7	4	5	8	14	0	0	15	2	1	10	7	11	9	3	9	3	1	4	9	10	14	3	13	5	22	5	13	9	18	12	14	11	13	10	23	27	25	31	35	6	19	15	12	7	14	5	12	10	20	10	11	20	27	21	27	7	26	12	
2160_A/duck/Taipei/05WB83 11	6	10	3	13	7	6	2	6	14	0	0	18	3	1	10	10	10	8	2	6	3	2	5	14	10	17	4	7	6	19	4	17	10	17	12	12	9	14	10	21	29	26	29	35	5	18	17	9	12	17	5	13	8	17	10	9	20	28	23	31	5	25	10	
2161_A/duck/Taipei/18WB01 14	5	10	1	10	8	6	4	5	13	0	0	20	4	1	10	7	9	7	2	8	4	3	4	6	10	19	5	15	6	17	4	13	9	18	12	15	10	13	10	20	32	25	32	35	2	17	16	14	11	17	7	9	9	17	8	12	21	31	21	29	4	22	12	
2162_A/duck/Taipei/19WB02 9	6	11	2	15	7	5	3	7	14	0	0	15	3	1	10	10	11	9	2	4	3	1	5	14	10	17	4	11	5	19	4	14	10	16	10	15	9	15	12	20	29	26	29	34	6	19	16	10	12	16	9	14	8	18	7	10	21	27	22	29	4	26	10	
2163_A/duck/Taiwan/01006/ 12	8	8	1	12	5	8	4	5	14	0	0	22	3	1	10	8	9	8	2	8	3	2	5	7	11	19	4	11	6	17	4	15	10	19	12	15	8	12	10	20	31	27	32	36	3	18	13	12	13	20	9	14	10	14	6	13	16	30	22	25	4	23	11	
2164_A/duck/Taiwan/11213/ 12	5	10	1	13	8	5	4	5	14	0	0	19	3	1	10	7	9	5	3	8	5	5	4	12	9	14	3	10	6	22	4	14	9	19	10	13	9	12	12	20	29	25	31	34	7	20	16	7	12	17	8	16	6	17	9	8	24	31	23	33	4	21	8	
2165_A/duck/Taiwan/11254/ 12	5	10	1	13	8	5	4	5	14	0	0	19	3	1	10	7	9	6	3	8	5	4	4	11	9	14	3	11	6	22	4	14	9	19	10	14	9	12	12	20	30	25	32	34	6	20	15	7	12	17	8	15	6	17	9	8	24	31	23	33	4	21	8	
2166_A/duck/Taiwan/A3400/ 9	8	11	2	15	5	5	3	6	14	0	0	19	2	1	10	10	10	9	2	6	4	1	5	9	11	15	3	11	4	21	5	16	10	18	12	11	11	13	10	21	29	24	29	35	4	21	16	10	9	16	5	14	9	18	9	8	21	29	21	32	6	24	13	
2167_A/duck/Taiwan/DV1238 12	7	12	1	12	6	4	4	5	16	0	0	20	1	1	10	8	8	5	3	7	6	5	4	12	10	16	3	9	5	20	4	14	10	16	10	12	9	15	12	21	28	26	28	36	6	18	19	7	12	16	7	17	7	18	8	11	22	32	23	29	4	21	10	
2168_A/duck/Taiwan/DV1241 12	7	12	1	12	6	4	4	5	16	0	0	20	1	1	10	8	8	5	3	7	6	5	4	12	10	16	3	9	5	20	4	14	10	16	10	12	9	15	12	21	28	26	28	36	6	18	19	7	12	16	7	17	7	18	8	11	22	32	23	29	4	21	10	
2169_A/duck/Taiwan/DV1242 12	7	12	1	12	6	4	4	5	16	0	0	20	1	1	10	8	8	5	3	7	6	5	4	12	10	16	3	9	5	20	4	14	10	16	10	12	9	15	12	21	28	26	28	36	6	18	19	7	12	16	7	17	7	18	8	11	22	32	23	29	4	21	10	
2170_A/duck/Taoyuan/16010 12	10	8	1	12	3	8	4	5	15	0	0	22	2	1	10	9	8	8	2	6	4	2	5	8	11	18	4	11	6	18	4	15	10	18	12	16	8	13	10	20	30	28	31	37	3	17	14	13	11	20	9	12	12	14	7	12	18	30	21	24	4	23	11	
2171_A/duck/Wenzhou/YJYF3 10	8	11	1	14	5	5	4	5	14	0	0	19	3	1	10	9	8	10	1	7	4	0	5	11	12	21	2	10	5	15	5	11	11	17	13	13	13	14	9	24	25	26	28	37	4	20	19	9	8	14	7	12	10	20	8	12	23	29	18	29	4	23	15	
2172_A/duck/Wuhan/JXYFB22 11	6	6	2	13	7	10	3	8	15	0	0	15	2	1	10	10	9	7	1	5	8	3	5	11	10	20	7	13	2	17	2	17	17	24	8	14	7	9	13	21	25	25	25	33	5	20	18	14	11	17	9	8	8	16	6	15	22	29	19	23	5	23	15	
2173_A/duck/Wuhan/WHYF02/ 12	6	7	2	12	8	9	3	12	15	0	0	13	2	1	10	9	8	7	1	6	9	3	6	12	10	21	6	11	2	16	2	17	15	25	8	14	7	9	13	21	26	23	24	33	5	21	20	14	13	20	6	7	5	15	8	16	22	28	17	23	4	23	17	
2174_A/duck/Xinjiang/12.1 12	6	10	1	12	8	6	4	6	13	0	0	18	4	1	10	7	11	7	2	9	3	3	5	6	11	15	5	15	4	21	3	16	10	18	10	11	9	13	12	22	30	27	31	34	3	18	14	13	11	17	8	11	10	17	7	12	21	33	22	27	4	20	11	
2175_A/duck/Yilan/17A0092 12	8	7	1	12	5	9	4	6	13	0	0	21	4	1	10	8	9	8	2	8	3	3	5	8	11	19	4	9	7	16	4	15	11	19	13	15	7	12	10	20	32	26	29	36	3	20	16	13	11	20	8	12	10	14	6	12	19	30	22	25	4	22	11	
2176_A/duck/Yunlin/150102 12	8	8	1	12	5	8	4	5	14	0	0	22	3	1	10	8	9	8	2	8	3	2	5	7	11	19	4	11	6	17	4	15	10	18	12	15	8	13	10	20	32	27	32	36	2	18	13	12	12	20	9	14	10	14	6	12	18	30	22	25	4	23	11	
2177_A/duck/Yunlin/150102 10	6	7	0	14	8	9	5	7	15	0	0	13	1	1	10	7	8	7	2	7	5	4	5	11	13	25	5	17	4	9	4	19	11	20	9	13	9	11	13	19	28	28	34	34	4	16	11	10	8	18	8	12	8	16	8	18	25	27	18	23	4	25	14	
2178_A/duck/Yunlin/150103 12	8	8	1	12	5	8	4	5	14	0	0	22	3	1	10	8	9	8	2	8	3	2	5	7	11	19	4	11	6	17	4	15	10	18	12	15	8	13	10	20	32	27	31	36	2	18	14	12	12	20	9	14	10	14	6	12	18	30	22	25	4	23	11	
2179_A/duck/Yunlin/150103 12	8	8	1	12	5	8	4	5	14	0	0	22	3	1	10	8	9	8	2	8	3	2	5	7	11	18	4	11	6	18	4	15	10	19	12	15	8	12	10	20	31	27	32	36	3	18	13	12	12	20	9	14	10	14	6	12	18	30	22	25	4	23	11	
2180_A/duck/Yunlin/150103 12	8	8	1	12	5	8	4	5	14	0	0	22	3	1	10	8	9	8	2	8	3	2	5	7	11	19	4	11	6	17	4	15	10	18	12	15	8	13	10	20	32	27	32	36	2	18	13	12	12	20	9	14	10	14	6	12	18	30	22	25	4	23	11	
2181_A/duck/Yunlin/150104 10	6	7	0	14	8	9	5	8	15	0	0	12	1	1	10	7	8	7	2	7	5	4	5	11	13	25	5	17	3	10	4	19	11	20	9	13	9	11	13	19	28	28	34	34	4	16	11	10	8	18	8	12	8	16	8	18	25	27	18	23	4	25	14	
2182_A/duck/Yunlin/150700 12	8	8	1	12	5	8	4	5	15	0	0	22	2	1	10	8	8	8	2	8	4	2	5	7	11	18	4	11	6	18	4	15	10	19	12	16	8	12	10	20	31	27	32	36	3	18	13	13	11	20	10	12	11	14	6	12	18	30	20	25	4	23	12	
2183_A/duck/Yunlin/15A501 12	8	8	1	12	5	8	4	5	15	0	0	22	2	1	10	8	8	8	2	8	4	2	5	7	12	19	4	11	5	17	4	15	10	19	12	16	8	12	10	21	31	27	31	35	3	18	14	13	12	18	10	12	10	16	6	12	18	30	19	25	4	23	13	
2184_A/duck/Yunlin/171100 12	8	7	1	12	5	9	4	5	13	0	0	22	4	1	10	8	9	8	2	8	3	3	5	7	12	18	5	11	5	17	4	13	11	18	13	17	7	12	12	19	31	28	28	37	4	18	15	13	10	20	7	13	10	15	5	13	20	30	22	24	4	21	12	
2185_A/duck/Yunlin/17A008 12	8	7	1	12	5	9	4	6	13	0	0	21	4	1	10	8	9	8	2	8	3	3	5	8	11	18	4	10	6	17	4	15	11	19	13	15	7	12	10	19	32	26	30	36	3	20	15	13	11	20	8	13	10	14	6	12	19	30	22	25	4	22	11	
2186_A/duck/Yunlin/17A068 12	8	7	1	12	5	9	4	5	13	0	0	22	4	1	10	8	9	8	2	8	3	3	5	7	12	21	4	11	5	15	4	15	11	19	13	15	7	12	10	19	32	28	28	36	3	19	15	12	9	20	8	14	11	14	6	13	20	30	22	24	4	22	11	
2187_A/duck/Yunlin/180600 12	8	7	1	12	5	9	4	6	13	0	0	21	4	1	10	8	9	8	2	8	3	3	5	7	12	18	5	12	5	17	4	13	10	18	13	17	8	12	12	19	31	28	28	36	5	17	15	14	10	20	7	13	10	15	5	13	20	29	23	23	4	21	12	
2188_A/duck/Yunlin/18X000 10	7	6	0	14	6	10	5	6	13	0	0	15	4	1	10	9	9	8	2	6	5	2	5	9	12	22	4	16	3	14	5	13	18	20	13	15	6	13	9	21	23	28	30	37	5	17	14	16	12	16	6	9	6	16	9	18	23	26	20	19	4	27	13	
2189_A/duck/Yunnan/4072/2 10	7	7	2	14	6	9	3	9	14	0	0	12	2	1	10	7	7	9	1	8	8	1	6	9	10	23	4	16	4	13	5	14	14	19	10	15	11	12	12	22	23	27	28	34	6	16	17	15	12	17	7	9	6	17	8	17	24	25	21	21	4	28	12	
2190_A/duck/Yunnan/426/20 9	6	7	2	14	6	9	3	10	15	0	0	12	2	1	10	7	7	9	2	8	8	1	6	9	10	22	4	16	4	14	4	14	14	18	10	15	10	15	11	22	23	28	28	34	6	15	17	16	12	17	8	8	6	17	7	17	24	25	20	21	4	28	13	
2191_A/duck/Yunnan/4645/2 10	8	7	2	14	6	9	3	9	14	0	0	12	2	1	10	7	6	9	1	8	8	1	6	9	10	23	4	16	4	13	5	14	14	19	10	15	11	12	12	22	23	27	28	34	6	16	17	15	12	17	7	9	6	17	8	17	24	25	21	21	4	28	12	
2192_A/duck/Yunnan/47/200 9	7	6	2	15	6	10	3	9	14	0	0	11	3	1	10	7	7	9	1	8	8	1	6	10	9	22	4	16	5	15	4	13	14	20	7	16	10	12	15	20	24	27	28	35	6	17	17	15	12	16	7	8	5	17	8	18	25	26	20	22	3	27	12	
2193_A/duck/Yunnan/485/20 10	6	7	2	14	6	9	3	9	15	0	0	12	2	1	10	7	7	9	1	8	8	1	6	9	10	23	4	16	4	13	5	14	14	19	10	15	11	12	12	22	22	28	28	34	6	15	17	15	12	17	7	9	6	17	8	17	25	25	20	21	4	28	13	
2194_A/duck/Yunnan/4873/2 9	7	6	2	15	6	10	3	9	14	0	0	11	3	1	10	7	7	9	1	8	8	1	6	10	9	23	4	16	5	14	4	13	14	20	8	16	10	12	14	20	24	27	27	34	7	17	17	15	12	16	7	9	5	17	8	17	25	25	21	22	3	28	12	
2195_A/duck/Yunnan/5090/2 10	7	7	2	14	6	9	3	9	14	0	0	12	2	1	10	7	7	9	1	8	8	1	6	9	10	23	4	16	4	13	5	14	14	19	10	15	11	12	12	22	23	27	28	34	6	16	17	15	12	17	7	9	6	17	8	17	24	25	21	21	4	28	12	
2196_A/duck/Yunnan/5169/2 10	7	7	2	14	6	9	3	9	14	0	0	12	2	1	10	7	7	9	1	8	8	1	6	9	10	23	4	16	4	13	5	14	14	19	10	15	11	12	12	22	23	27	28	34	6	16	17	15	12	17	7	9	6	17	8	17	24	25	21	21	4	28	12	
2197_A/duck/Yunnan/522/20 9	6	7	2	14	6	9	3	10	15	0	0	12	2	1	10	7	7	9	2	8	8	1	6	9	10	22	4	16	4	14	4	14	14	18	10	15	10	15	11	22	23	28	28	34	6	15	17	16	12	17	9	8	6	17	7	17	24	25	19	21	4	28	13	
2198_A/duck/Yunnan/5310/2 11	7	7	2	13	6	9	3	9	16	0	0	14	1	1	10	7	7	9	2	8	8	1	5	9	10	22	3	16	4	14	6	14	14	16	11	16	10	15	11	20	25	27	28	32	6	17	17	12	12	16	7	11	6	17	9	18	21	24	20	22	5	29	12	
2199_A/duck/Yunnan/5948/2 10	7	7	2	14	6	9	3	9	14	0	0	11	2	1	10	7	7	9	1	8	8	1	6	9	10	23	4	17	4	13	5	14	14	19	10	15	11	12	12	22	23	28	28	34	6	15	17	15	12	17	7	9	6	17	8	17	24	25	20	21	4	28	13	
2200_A/duck/Yunnan/6080/2 10	6	7	2	14	6	9	3	9	15	0	0	12	2	1	10	7	7	9	1	8	8	1	6	9	10	23	4	16	4	13	5	14	14	19	10	15	11	12	12	23	23	28	28	33	6	15	17	15	12	17	7	9	6	17	8	17	24	25	20	21	4	28	13	
2201_A/duck/Yunnan/6603/2 10	6	7	2	14	6	9	3	9	15	0	0	12	2	1	10	7	7	9	1	8	8	1	6	9	10	23	4	16	4	13	5	14	14	19	10	15	11	12	12	22	23	28	29	34	6	15	16	15	12	17	7	9	6	16	8	17	24	26	20	21	4	28	13	
2202_A/duck/Zhejiang/1026 10	7	7	0	15	7	9	5	8	15	0	0	13	1	1	10	7	8	6	2	6	5	5	5	10	12	24	4	17	4	11	4	17	10	20	9	14	10	11	13	20	28	28	36	34	4	15	10	11	9	17	8	12	8	17	8	17	24	28	18	23	4	25	14	
2203_A/duck/Zhejiang/1220 10	8	11	0	14	5	5	5	5	13	0	0	19	4	1	10	10	8	9	1	7	5	1	5	12	12	21	1	9	5	15	5	14	11	16	13	12	12	15	9	21	25	24	30	38	3	21	18	8	10	15	7	13	10	17	8	13	22	33	18	28	4	21	15	
2204_A/duck/Zhejiang/213/ 12	8	8	2	12	7	8	3	5	13	0	0	15	2	1	10	7	7	8	2	7	8	2	5	10	11	22	5	17	3	14	5	13	17	16	9	15	5	15	13	21	30	26	23	35	2	19	19	13	10	17	4	10	8	17	10	12	23	28	29	28	4	25	5	
2205_A/duck/Zhejiang/224/ 10	7	8	2	14	7	8	3	8	15	0	0	13	2	1	10	9	8	9	1	6	7	1	6	12	12	22	5	14	1	15	3	16	15	23	8	14	9	10	13	22	26	24	25	33	6	19	20	14	12	19	7	9	3	14	8	16	24	27	19	22	4	26	14	
2206_A/duck/Zhejiang/2242 10	7	8	2	14	7	8	3	8	15	0	0	13	2	1	10	9	8	9	1	6	7	1	6	12	12	22	5	14	1	15	3	16	15	23	8	14	9	10	13	22	26	24	25	33	6	19	20	14	12	19	7	9	3	14	8	16	24	27	19	22	4	26	14	
2207_A/duck/Zhejiang/2243 10	7	8	2	14	7	8	3	8	15	0	0	13	2	1	10	9	8	9	1	6	7	1	6	12	12	22	5	14	1	15	3	16	15	23	8	14	9	10	13	22	26	24	25	33	6	19	20	14	12	19	7	9	3	14	8	16	24	27	19	22	4	26	14	
2208_A/duck/Zhejiang/2244 10	7	8	2	14	7	8	3	8	15	0	0	13	2	1	10	9	8	9	1	6	7	1	6	12	12	22	5	14	1	15	3	16	15	23	8	14	9	10	13	22	26	24	25	33	6	19	20	14	12	19	7	9	3	14	8	16	24	27	19	22	4	26	14	
2209_A/duck/Zhejiang/2245 12	6	7	3	12	9	9	2	4	13	0	0	18	2	1	10	8	8	8	2	7	6	2	5	8	9	22	5	16	5	14	5	13	16	15	8	15	7	15	14	20	29	24	29	35	3	21	14	17	11	17	6	9	6	17	8	15	26	29	25	23	2	24	9	
2210_A/duck/Zhejiang/2248 10	7	8	2	14	7	8	3	8	15	0	0	13	2	1	10	9	8	9	1	6	7	1	6	12	12	22	5	14	1	15	3	16	15	23	8	14	9	10	13	22	26	24	25	33	6	19	20	14	12	19	7	9	3	14	8	16	24	27	19	22	4	26	14	
2211_A/duck/Zhejiang/6D18 10	7	9	1	14	6	7	4	6	14	0	0	19	3	1	10	10	9	6	3	6	5	4	4	12	11	15	4	8	4	21	4	11	8	20	11	14	10	12	10	24	28	24	28	34	7	20	18	9	12	16	9	15	7	17	8	8	22	31	22	32	4	22	10	
2212_A/duck/Zhejiang/6D2/ 10	6	7	2	14	7	9	3	9	15	0	0	13	2	1	10	9	10	9	1	6	7	1	6	13	10	22	8	13	2	15	2	15	15	23	8	14	9	10	13	21	27	24	22	33	4	20	20	12	13	18	8	10	5	16	7	15	23	28	20	23	5	24	13	
2213_A/duck/Zhejiang/6DK1 10	6	7	2	14	7	9	3	9	15	0	0	13	2	1	10	9	10	9	1	6	7	1	6	13	10	22	8	13	2	15	2	15	15	23	8	14	9	10	13	21	27	24	22	33	4	20	20	12	13	18	8	10	5	16	7	15	23	28	20	23	5	24	13	
2214_A/duck/Zhejiang/7270 11	6	7	2	13	7	9	3	9	15	0	0	14	2	1	10	10	9	7	1	5	8	3	6	12	10	20	8	12	2	16	1	16	17	24	8	14	7	9	13	21	24	26	25	34	6	20	17	13	11	19	9	8	8	15	5	14	22	28	19	24	5	24	16	
2215_A/duck/Zhejiang/7271 11	6	7	2	13	7	9	3	10	15	0	0	13	2	1	10	9	9	7	1	6	8	3	6	13	10	21	7	11	2	16	2	18	16	24	8	14	8	9	13	21	25	24	23	33	5	20	20	13	11	19	8	7	7	15	7	16	23	30	18	23	5	22	15	
2216_A/duck/Zhejiang/7713 14	7	8	3	10	6	8	2	5	15	0	0	16	2	1	10	9	10	9	1	6	9	2	6	12	5	19	7	15	5	16	3	15	14	21	9	14	11	10	13	23	26	25	25	34	2	20	17	12	12	21	6	7	6	13	8	15	25	30	21	25	3	23	13	
2217_A/duck/Zhejiang/9250 10	7	9	1	14	6	7	4	6	13	0	0	19	3	1	10	9	9	7	3	7	5	3	4	12	10	15	4	7	6	21	4	12	10	20	11	14	11	11	11	23	29	23	28	35	4	20	18	8	12	15	8	15	7	20	8	8	23	31	22	32	4	21	10	
2218_A/duck/Zhejiang/9251 10	7	9	1	14	6	7	4	6	13	0	0	19	3	1	10	11	9	7	3	6	5	3	4	12	12	15	4	8	5	20	4	12	10	20	11	14	10	12	10	23	27	24	27	35	4	20	19	8	12	15	8	15	7	20	9	8	23	31	21	32	4	21	10	
2219_A/duck/Zhejiang/W24/ 9	7	9	1	15	6	7	4	6	14	0	0	19	3	1	10	10	9	7	3	6	5	3	4	12	10	15	4	8	5	21	4	12	9	20	11	14	10	12	10	21	28	23	28	35	6	20	19	8	12	16	8	16	7	18	8	9	22	31	22	32	4	22	10	
2220_A/egret/Zhejiang/W15 9	11	8	1	15	4	8	4	5	15	0	0	17	1	1	10	8	8	8	2	9	6	2	5	10	12	29	3	12	4	8	7	19	13	20	12	8	5	15	9	22	30	24	29	36	3	21	13	13	14	13	7	7	3	18	10	14	23	38	18	29	3	15	14	
2221_A/egret/Zhejiang/W18 9	8	11	2	15	6	5	3	4	13	1	0	18	3	0	10	10	7	9	2	4	6	1	5	14	13	18	2	12	3	18	4	14	7	15	14	14	11	16	8	21	30	27	28	33	3	18	19	14	10	15	6	12	9	19	6	13	20	30	21	27	6	23	15	
2222_A/equine/China/61/20 9	6	6	2	15	7	10	3	9	15	0	0	11	2	1	10	7	7	9	1	8	8	1	6	10	8	22	4	16	6	15	4	14	14	20	8	15	10	12	14	20	24	27	27	34	7	17	17	15	13	16	7	9	5	17	8	19	24	25	22	20	3	28	11	
2223_A/equine/China/67/20 9	6	6	2	15	7	10	3	9	14	0	0	11	3	1	10	7	7	9	1	8	8	1	6	10	8	22	4	16	6	15	4	14	14	20	8	15	10	12	14	20	24	27	27	34	7	17	17	15	13	16	7	9	5	17	8	18	24	25	22	21	3	28	11	
2224_A/equine/China/68/20 8	7	7	2	16	6	9	3	8	16	0	0	11	2	1	10	7	6	9	2	8	9	1	5	11	9	24	3	16	5	13	5	14	16	19	9	15	8	13	13	18	23	28	29	35	8	17	14	16	12	17	7	8	6	16	8	19	23	25	21	21	3	28	12	
2225_A/eurasian_coot/Shan 13	7	9	0	11	7	8	5	6	13	0	0	21	4	1	10	8	10	8	1	8	3	3	6	6	12	18	4	12	3	17	4	13	11	19	12	14	9	11	11	22	29	26	28	35	4	17	19	14	14	18	8	10	9	15	7	12	19	31	22	27	3	22	11	
2226_A/eurasian_coot/Shan 13	7	9	0	11	7	8	5	6	13	0	0	21	4	1	10	8	10	8	1	8	3	3	6	6	12	18	4	12	3	17	4	13	11	19	12	14	9	11	11	22	29	26	28	35	4	17	19	14	14	18	8	10	9	15	7	12	19	31	22	27	3	22	11	
2227_A/eurasian_coot/Shan 13	7	9	0	11	7	8	5	6	13	0	0	21	4	1	10	8	10	8	1	8	3	3	6	6	12	18	4	12	3	17	4	13	11	19	12	14	9	11	11	22	29	26	28	35	4	17	19	14	14	18	8	10	9	15	7	12	19	31	22	27	3	22	11	
2228_A/eurasian_coot/Shan 13	7	9	0	11	7	8	5	6	13	0	0	21	4	1	10	8	10	8	1	8	3	3	6	6	12	18	4	12	3	17	4	13	11	19	12	14	9	11	11	22	29	26	28	35	4	17	19	14	14	18	8	10	9	15	7	12	19	31	22	27	3	22	11	
2229_A/feline/Guangdong/2 10	11	8	1	14	4	8	4	6	15	0	0	15	1	1	10	8	8	7	3	9	6	3	5	10	12	28	3	13	3	9	6	19	12	17	12	8	6	18	10	22	30	24	30	36	3	21	12	12	14	12	7	8	3	20	8	16	23	37	18	26	5	15	15	
2230_A/gadwall/Ningxia/YG 13	6	9	0	11	8	8	5	6	12	0	0	19	4	1	10	8	11	7	1	8	3	3	6	4	11	18	4	16	4	18	4	13	11	18	11	15	10	13	11	21	30	27	31	34	3	17	15	11	12	17	8	11	10	16	7	15	18	31	22	27	4	22	11	
2231_A/goose/Changhua/150 13	8	8	1	11	5	8	4	5	14	0	0	22	3	1	10	8	9	8	2	8	3	2	5	7	11	19	4	11	6	17	4	15	10	18	12	15	8	13	10	19	34	27	32	36	2	18	13	11	12	20	9	15	10	14	6	11	17	30	22	26	4	23	11	
2232_A/goose/Chiayi/15010 12	8	8	1	12	5	8	4	6	14	0	0	21	3	1	10	8	9	8	2	8	3	2	5	7	11	19	4	11	6	17	4	15	10	19	12	15	8	12	10	20	31	28	33	36	3	17	12	12	12	20	9	13	10	14	6	13	18	30	22	25	4	23	11	
2233_A/goose/Chiayi/15010 12	8	8	1	12	5	8	4	5	13	0	0	22	4	1	10	8	9	8	2	8	3	2	5	7	11	19	4	11	6	17	4	15	10	19	12	15	8	12	10	20	31	27	32	36	3	18	13	12	12	20	9	14	10	14	6	12	18	30	22	25	4	23	11	
2234_A/goose/Chiayi/15020 10	6	7	0	14	8	9	5	7	15	0	0	13	1	1	10	8	8	7	2	6	5	4	5	11	13	25	5	17	3	10	4	18	11	20	9	14	9	11	13	19	28	28	34	34	4	16	11	10	8	18	8	12	8	16	8	18	25	27	18	23	4	25	14	
2235_A/goose/Chiayi/16010 12	8	8	1	12	5	8	4	5	15	0	0	20	2	1	10	8	9	8	2	8	4	2	5	7	11	18	3	13	5	18	5	15	9	19	11	17	9	12	11	19	30	27	32	36	3	18	13	14	11	20	10	12	11	14	6	13	19	30	20	23	4	23	12	
2236_A/goose/Chiayi/16040 11	8	8	1	13	5	8	4	5	15	0	0	22	2	1	10	8	8	8	2	8	4	2	5	8	11	19	3	11	6	18	4	16	10	20	12	16	8	11	10	20	31	28	31	35	2	18	14	13	11	20	10	11	11	14	6	12	19	28	20	25	4	24	12	
2237_A/goose/Chiayi/16040 11	8	8	1	13	5	8	4	5	15	0	0	22	2	1	10	8	8	8	2	8	4	2	5	8	11	19	3	11	6	18	4	16	10	20	12	16	8	11	10	20	31	28	31	35	2	18	14	13	11	20	10	11	11	14	6	12	19	28	20	25	4	24	12	
2238_A/goose/Chiayi/17020 12	8	7	1	12	5	9	4	5	12	0	0	22	5	1	10	8	9	8	2	8	3	3	5	7	12	19	4	11	5	16	4	15	10	19	13	15	7	12	10	19	32	28	29	36	3	19	15	13	11	19	8	14	10	14	6	12	20	30	22	25	4	22	11	
2239_A/goose/Chiayi/17040 10	7	8	1	14	5	8	4	6	14	0	0	22	3	1	10	9	9	8	2	8	3	2	4	8	11	18	5	9	6	18	4	16	10	19	12	15	8	12	10	21	30	28	32	36	3	17	13	12	14	22	9	12	10	13	6	10	18	30	21	26	4	22	12	
2240_A/goose/Chiayi/18010 11	8	7	1	13	5	9	4	5	13	0	0	22	4	1	10	8	9	8	2	8	3	3	5	7	12	18	5	11	5	17	4	13	11	19	13	17	7	12	12	19	31	28	29	37	4	18	14	13	10	19	7	13	10	15	5	13	20	30	22	24	4	21	12	
2241_A/goose/Chiayi/18020 12	8	7	1	12	5	9	4	5	13	0	0	23	4	1	10	8	9	8	2	8	3	3	5	7	12	18	6	11	5	17	4	12	11	18	13	17	7	14	10	19	31	28	26	36	4	18	16	12	10	20	7	15	10	14	6	13	20	30	22	24	4	21	12	
2242_A/goose/Chiayi/18020 12	8	7	1	12	5	9	4	5	13	0	0	23	4	1	10	8	9	8	2	8	3	3	5	7	12	18	6	11	5	17	4	12	11	18	13	17	7	14	10	19	31	28	26	36	4	18	16	12	10	20	7	15	10	14	6	13	20	30	22	24	4	21	12	
2243_A/goose/China/0701/2 10	11	8	2	14	5	8	3	9	14	0	0	13	1	1	10	7	7	7	3	9	7	3	5	9	12	28	4	14	3	9	5	18	13	16	12	8	5	17	10	23	30	24	29	36	3	22	13	14	12	12	7	7	5	22	7	16	22	32	20	25	6	19	14	
2244_A/goose/China/1/2021 13	7	9	0	12	7	8	5	6	13	0	0	22	4	1	10	8	10	8	1	8	3	3	6	6	12	18	4	12	3	17	4	13	11	19	13	13	9	11	11	22	30	26	28	34	3	17	18	13	14	19	8	10	9	14	7	14	18	31	22	27	3	22	11	
2245_A/goose/China/1106/2 10	7	7	0	14	7	9	5	7	15	0	0	13	1	1	10	7	8	6	2	7	5	5	5	10	12	24	4	19	4	10	4	18	9	20	9	14	10	11	12	20	29	26	37	35	4	17	9	11	9	18	8	11	7	16	8	17	25	26	20	23	4	26	13	
2246_A/goose/China/E43/20 10	6	7	2	15	8	9	3	8	15	0	0	13	2	1	10	9	9	9	1	5	8	1	6	12	10	22	3	14	2	16	4	17	15	23	9	13	10	11	12	22	25	23	25	32	6	20	20	13	12	19	8	10	3	14	7	15	24	28	18	23	4	24	15	
2247_A/goose/China/M14/20 10	8	11	2	14	6	5	3	4	14	1	0	18	2	0	10	10	7	9	2	4	6	1	5	14	13	18	2	12	3	18	4	15	7	15	15	14	11	16	7	20	30	25	29	33	3	19	19	14	10	15	7	12	9	19	6	13	20	30	22	27	6	23	13	
2248_A/goose/Eastern_Chin 10	7	7	1	14	6	9	4	11	14	0	0	14	3	1	10	8	9	7	2	7	4	3	5	6	11	24	5	16	5	11	4	16	10	16	10	14	10	15	12	19	24	29	32	35	6	16	12	14	12	18	5	10	6	16	9	17	26	28	21	24	2	24	14	
2249_A/goose/Eastern_Chin 9	7	6	1	15	6	10	4	9	15	0	0	12	3	1	10	7	7	9	1	8	8	1	6	10	9	22	4	15	5	15	5	15	15	18	8	14	10	14	14	19	24	30	27	35	7	14	16	14	9	16	7	10	6	17	8	17	24	25	22	22	4	28	11	
2250_A/goose/Eastern_Chin 10	7	9	1	14	6	7	4	6	14	0	0	19	3	1	10	10	9	7	3	6	5	3	4	12	10	15	4	8	5	21	4	12	9	20	11	14	10	12	10	22	28	24	28	35	6	19	19	8	12	16	8	16	7	18	8	8	22	31	22	32	4	22	10	
2251_A/goose/Eastern_Chin 9	7	6	1	15	7	10	4	8	15	0	0	13	1	1	10	6	8	5	2	7	5	5	5	8	11	25	5	19	5	11	3	19	12	21	9	13	8	11	12	20	27	27	35	34	5	16	10	12	8	18	6	11	9	16	9	16	24	25	20	25	3	28	14	
2252_A/goose/Eastern_Chin 10	7	9	0	14	6	7	5	7	13	0	0	15	4	1	10	12	11	8	2	3	3	2	5	11	9	20	3	13	6	16	4	16	9	23	14	13	8	9	7	22	30	23	29	36	5	19	19	9	8	11	9	11	10	23	6	13	22	31	24	28	5	22	10	
2253_A/goose/Eastern_Chin 10	7	9	1	14	6	7	4	6	14	0	0	18	3	1	10	10	9	6	3	6	5	4	4	13	11	14	4	8	4	22	4	12	8	20	13	14	10	12	8	23	28	23	27	34	7	21	18	10	13	16	8	14	7	17	9	11	21	32	22	29	4	21	11	
2254_A/goose/Eastern_Chin 11	6	7	2	13	7	9	3	8	15	0	0	13	2	1	10	9	9	7	1	6	8	3	6	14	10	21	6	12	2	16	2	16	16	25	8	15	8	8	13	21	25	25	26	33	5	19	17	13	11	18	8	8	8	15	7	16	23	30	19	23	4	23	15	
2255_A/goose/Fujian/10.11 10	12	9	1	14	3	7	4	9	15	0	0	12	1	1	10	9	8	7	3	10	6	3	5	9	13	28	4	14	2	9	5	19	13	15	12	7	6	18	11	22	30	24	30	35	3	21	12	13	13	12	7	6	4	21	8	17	25	37	19	26	2	15	14	
2256_A/goose/Fujian/10.26 10	11	7	1	14	4	9	4	5	16	0	0	15	1	1	10	8	7	6	3	9	7	4	5	11	12	27	2	13	2	10	7	18	13	15	12	7	6	18	11	22	29	24	31	36	3	21	11	15	15	14	7	7	3	19	8	16	24	36	20	26	3	16	13	
2257_A/goose/Fujian/10.26 10	11	7	1	14	4	9	4	5	16	0	0	15	1	1	10	8	7	6	3	9	7	4	5	11	12	27	2	13	2	10	7	18	13	15	12	7	6	18	11	22	30	23	31	36	3	21	11	15	15	14	7	7	3	19	8	16	23	37	20	26	3	16	13	
2258_A/goose/Fujian/10.26 10	11	7	1	14	4	9	4	5	16	0	0	15	1	1	10	8	7	6	3	9	7	4	5	11	12	27	2	13	2	10	7	18	13	15	12	7	6	18	11	22	29	24	31	36	3	21	11	15	15	14	7	7	3	19	8	16	24	36	20	26	3	16	13	
2259_A/goose/Fujian/10.26 10	11	7	1	14	4	9	4	5	16	0	0	15	1	1	10	8	7	6	3	9	7	4	5	11	12	27	2	13	2	10	7	18	13	15	12	7	6	18	11	22	29	24	31	36	3	21	11	15	15	14	7	7	3	19	8	16	24	36	20	26	3	16	13	
2260_A/goose/Fujian/10.26 10	11	7	1	14	4	9	4	5	16	0	0	15	1	1	10	8	7	6	3	9	7	4	5	11	12	27	2	13	2	10	7	18	13	15	12	7	6	18	11	22	29	24	31	36	3	21	11	15	15	14	7	7	3	19	8	16	24	36	20	26	3	16	13	
2261_A/goose/Fujian/10.26 10	11	7	1	14	4	9	4	5	16	0	0	15	1	1	10	8	7	6	3	9	7	4	5	11	12	27	2	13	2	10	7	18	13	15	12	7	6	18	11	22	29	24	31	36	3	21	11	15	15	14	7	7	3	19	8	16	24	36	20	26	3	16	13	
2262_A/goose/Fujian/10.26 10	11	7	1	14	4	9	4	5	16	0	0	15	1	1	10	8	7	6	3	9	7	4	5	11	12	27	2	13	2	10	7	18	13	15	12	7	6	18	11	22	29	24	31	36	3	21	11	15	15	14	7	7	3	19	8	16	24	36	20	26	3	16	13	
2263_A/goose/Fujian/10.26 10	11	7	1	14	4	9	4	5	16	0	0	15	1	1	10	8	7	6	3	9	7	4	5	11	12	27	2	13	2	10	7	18	13	15	12	7	6	18	11	22	29	24	31	36	3	21	11	15	15	14	7	7	3	19	8	16	24	36	20	26	3	16	13	
2264_A/goose/Fujian/10.26 10	11	7	1	14	4	9	4	5	16	0	0	15	1	1	10	8	7	6	3	9	7	4	5	11	12	27	2	13	2	10	7	18	13	15	12	7	6	18	11	22	29	24	31	36	3	21	11	15	15	14	7	7	3	19	8	16	24	36	20	26	3	16	13	
2265_A/goose/Fujian/11.3_ 10	12	9	1	14	3	7	4	9	15	0	0	12	1	1	10	9	8	7	3	10	6	3	5	9	13	27	4	14	2	10	5	19	13	15	12	7	6	18	11	22	30	24	30	35	3	21	12	13	13	12	7	6	4	21	8	17	25	36	19	26	2	16	14	
2266_A/goose/Fujian/3.15_ 10	12	8	1	14	4	8	4	8	14	0	0	14	1	1	10	7	7	7	3	9	7	3	5	9	12	29	3	14	3	8	6	19	14	16	12	8	5	18	10	22	30	21	30	36	3	23	13	13	11	13	7	7	4	20	7	19	22	35	21	23	7	17	13	
2267_A/goose/Fujian/3.15_ 10	12	8	1	14	4	8	4	8	14	0	0	14	1	1	10	7	7	7	3	9	7	3	5	9	12	29	3	14	3	8	6	19	14	16	12	8	5	18	10	22	30	21	30	36	3	23	13	13	11	13	7	7	4	20	7	18	22	35	21	24	7	17	13	
2268_A/goose/Fujian/3.15_ 10	12	8	1	14	4	8	4	8	15	0	0	14	0	1	10	7	7	7	3	9	7	3	6	9	13	28	4	14	2	9	4	18	13	16	12	9	7	18	10	22	29	24	31	36	3	20	12	14	11	13	7	7	3	20	7	17	22	33	20	24	8	19	14	
2269_A/goose/Fujian/3.15_ 10	12	9	1	14	4	7	4	8	14	0	0	14	1	1	10	7	7	7	3	9	7	3	5	9	12	29	3	14	3	8	6	19	12	16	12	8	7	18	10	22	30	23	30	36	3	21	13	13	12	13	7	7	3	20	7	17	22	35	20	25	7	17	14	
2270_A/goose/Fujian/3.15_ 11	12	8	1	13	4	8	4	8	15	0	0	14	1	1	10	7	7	7	3	9	7	3	6	6	13	29	4	14	2	8	4	19	13	16	12	8	7	17	10	22	29	22	29	35	3	20	13	14	11	13	7	7	3	19	7	17	22	33	20	24	7	18	14	
2271_A/goose/GuangDong/11 11	7	12	2	13	5	4	3	8	17	0	0	17	1	1	10	9	9	8	2	6	4	2	5	7	15	24	6	14	1	12	3	14	8	21	11	11	10	12	11	25	30	29	26	35	5	15	18	14	13	17	7	11	7	16	8	12	20	26	23	25	5	27	10	
2272_A/goose/Guangdong/7. 10	12	8	1	14	4	8	4	9	14	0	0	13	1	1	10	7	7	7	3	9	7	3	5	9	12	28	4	14	3	9	5	18	13	15	12	9	6	19	10	23	30	24	28	36	3	22	14	13	12	14	7	7	4	19	7	16	22	34	20	25	6	17	14	
2273_A/goose/Guangdong/72 11	6	5	2	14	6	10	3	11	15	0	0	13	2	1	10	8	7	9	1	7	8	2	6	9	10	22	4	15	4	13	4	14	13	19	9	15	11	13	12	20	27	29	26	34	5	19	16	16	12	17	6	8	5	16	10	17	24	25	22	20	3	28	11	
2274_A/goose/Guangdong/QY 10	11	8	1	14	4	8	4	8	15	0	0	14	1	1	10	7	8	7	3	9	6	3	5	8	12	29	5	15	3	8	6	18	13	16	12	9	6	16	11	22	32	23	28	36	2	22	12	13	13	13	8	7	3	20	6	17	22	37	19	25	6	15	15	
2275_A/goose/Guangdong/k0 11	8	7	1	13	6	9	4	8	15	0	0	18	1	1	10	9	7	7	2	6	6	3	5	7	11	25	5	14	5	10	4	16	10	19	9	15	10	13	12	20	26	27	32	34	4	18	12	13	12	18	5	9	6	16	9	17	24	26	22	24	5	27	12	
2276_A/goose/Guangdong/s1 9	7	6	1	15	7	10	4	9	15	0	0	12	1	1	10	7	8	5	1	7	5	5	6	8	12	25	5	19	4	11	3	19	12	21	10	13	8	11	12	20	27	28	34	33	4	16	11	12	8	17	6	11	9	16	8	18	23	24	18	25	3	29	16	
2277_A/goose/Hebei/HG12/2 13	7	9	0	11	7	8	5	6	13	0	0	21	4	1	10	8	10	8	1	8	3	3	6	6	12	18	4	12	3	17	4	13	10	19	12	14	9	11	11	22	29	26	28	35	4	17	19	14	15	18	8	10	9	15	7	12	19	31	22	27	3	22	11	
2278_A/goose/Henan/01.01_ 10	10	8	1	14	5	8	4	5	15	0	0	17	1	1	10	8	7	8	2	9	6	3	6	10	12	28	3	12	3	9	6	20	13	17	12	8	5	17	11	22	29	25	29	36	3	20	13	12	14	13	6	7	3	19	10	15	24	36	18	27	5	16	14	
2279_A/goose/Hong_Kong/23 11	12	6	1	13	3	10	4	7	14	0	0	12	1	1	10	5	8	8	2	9	5	2	4	13	14	21	6	15	2	15	4	14	12	14	11	13	10	17	11	22	25	24	22	34	6	21	22	12	11	17	8	11	6	18	8	19	23	30	23	22	5	22	9	
2280_A/goose/Hubei/65/200 11	7	7	2	13	6	9	3	8	16	0	0	14	1	1	10	7	7	9	2	8	8	1	5	9	10	23	3	17	4	13	6	14	14	16	11	16	10	15	11	21	25	28	27	32	6	16	18	13	12	16	7	10	5	17	9	16	24	25	22	22	4	28	10	
2281_A/goose/Inner_Mongol 10	9	11	1	14	4	5	4	4	14	0	0	21	3	1	10	7	10	6	2	9	3	4	5	7	9	21	4	13	7	15	4	15	10	18	12	15	9	13	10	19	30	23	32	35	4	21	14	12	13	18	8	11	8	16	7	12	19	34	22	27	6	19	11	
2282_A/goose/Jiangsu/QD5/ 10	7	9	1	14	6	7	4	6	14	0	0	19	3	1	10	10	9	6	3	6	5	4	4	12	11	16	4	8	4	20	4	11	8	20	11	13	9	13	10	24	28	23	28	35	7	21	18	8	12	16	7	16	7	17	10	8	22	32	22	32	4	21	10	
2283_A/goose/Jiangsu/k040 9	5	6	2	15	8	10	3	9	14	0	0	12	3	1	10	7	8	9	1	8	8	1	5	10	9	19	4	16	4	18	5	15	14	23	9	14	12	11	13	20	24	27	28	34	5	17	16	17	11	16	7	8	4	16	8	19	24	29	21	19	5	23	12	
2284_A/goose/Pingtung/150 12	8	8	1	12	5	8	4	5	14	0	0	22	3	1	10	8	9	8	2	8	3	2	5	7	11	19	4	11	6	17	4	15	10	19	12	15	8	12	10	20	31	27	32	36	3	18	13	12	12	20	9	14	10	14	6	12	18	30	22	25	4	23	11	
2285_A/goose/Pingtung/150 12	8	8	1	12	5	8	4	5	14	0	0	22	3	1	10	8	9	8	2	8	3	2	5	7	11	19	4	11	6	17	4	15	10	19	12	15	8	12	10	20	31	27	31	36	3	18	14	12	12	20	9	14	10	14	6	12	18	30	22	25	4	23	11	
2286_A/goose/Pingtung/150 9	9	11	2	15	5	5	3	6	14	0	0	19	2	1	10	10	10	9	2	6	4	1	5	9	11	15	3	11	4	21	5	16	9	18	12	11	11	13	10	22	30	24	29	34	4	21	16	10	9	16	6	14	9	18	9	8	20	30	20	32	6	23	13	
2287_A/goose/Pingtung/160 9	9	11	2	15	5	5	3	6	14	0	0	19	2	1	10	11	10	9	2	5	4	1	5	9	11	15	3	11	4	21	5	16	9	19	12	11	10	12	10	21	31	24	30	35	4	20	16	10	9	16	6	14	9	18	9	9	20	30	20	31	6	23	13	
2288_A/goose/Shantou/1763 11	7	7	2	13	6	9	3	8	15	0	0	14	2	1	10	9	9	7	1	6	8	3	6	13	10	21	7	12	2	16	2	16	17	24	8	14	8	9	13	21	24	23	25	33	5	22	17	15	11	20	8	7	7	14	7	15	22	28	18	24	6	24	15	
2289_A/goose/Tainan/16040 9	9	11	2	16	4	5	3	6	14	0	0	19	2	1	10	10	10	9	2	6	4	1	5	9	11	15	3	11	4	21	5	16	9	19	12	11	10	12	10	21	31	24	30	35	4	20	16	10	9	16	6	14	9	18	9	9	20	30	20	31	6	23	13	
2290_A/goose/Tainan/16070 9	10	11	2	15	5	5	3	6	13	0	0	19	2	1	10	10	10	9	2	6	4	1	5	9	11	15	3	11	4	21	5	16	9	19	12	11	10	12	10	21	31	24	30	35	4	20	16	10	9	16	6	14	9	18	9	10	20	30	20	30	6	23	13	
2291_A/goose/Tainan/17030 12	8	7	1	12	5	9	4	5	13	0	0	22	4	1	10	8	9	8	2	8	3	3	5	9	11	19	4	9	6	16	4	14	11	19	13	16	7	12	10	19	32	25	30	36	3	21	15	13	10	19	8	13	10	15	6	12	20	30	23	25	4	22	10	
2292_A/goose/Tainan/17030 12	8	7	1	12	5	9	4	5	14	0	0	22	3	1	10	8	9	8	2	8	3	3	5	7	11	19	4	11	6	16	5	15	11	19	13	15	8	12	10	19	32	28	29	36	3	19	14	12	10	19	8	13	9	15	6	12	21	30	22	25	4	22	11	
2293_A/goose/Tainan/18010 12	7	7	1	12	6	9	4	5	13	0	0	22	4	1	10	9	9	8	2	7	3	3	5	7	12	18	5	11	5	17	4	13	12	18	14	17	7	12	10	18	31	29	28	37	4	17	15	12	10	19	8	14	10	15	6	13	20	29	22	24	4	23	11	
2294_A/goose/Tainan/18050 12	8	7	1	12	5	9	4	4	12	0	0	23	5	1	10	8	9	8	2	8	3	3	5	7	12	21	4	11	5	15	4	16	11	17	12	14	7	13	10	19	32	28	28	36	4	19	15	13	10	20	8	14	9	14	7	14	20	30	21	23	4	21	13	
2295_A/goose/Taiwan/01019 10	6	7	0	14	8	9	5	7	15	0	0	13	1	1	10	7	8	7	2	7	5	4	5	11	13	25	5	17	3	9	5	19	11	20	9	13	9	11	13	19	28	28	34	33	4	16	11	10	8	18	8	12	8	16	8	17	25	27	17	25	4	25	15	
2296_A/goose/Taiwan/01022 12	8	8	1	12	5	8	4	5	14	0	0	22	3	1	10	8	9	8	2	8	3	2	5	7	11	19	4	11	6	17	4	15	10	18	12	15	8	13	10	20	32	27	32	36	2	18	13	12	12	19	10	14	10	14	6	12	18	30	22	25	4	23	11	
2297_A/goose/Taiwan/01023 12	8	8	1	12	5	8	4	5	14	0	0	22	3	1	10	8	9	8	2	8	3	2	5	7	11	19	4	11	6	17	4	15	10	19	12	15	8	12	10	20	30	27	32	36	4	18	13	12	12	20	9	14	10	14	6	12	18	30	22	25	4	23	11	
2298_A/goose/Taiwan/01031 11	8	8	1	13	5	8	4	5	14	0	0	22	3	1	10	7	9	8	2	9	3	2	5	7	11	19	4	11	6	17	4	15	10	19	12	15	8	12	10	20	31	27	32	36	3	18	13	12	12	20	10	14	10	14	5	12	18	30	22	25	4	23	11	
2299_A/goose/Taiwan/01038 9	8	11	2	15	6	5	3	6	14	0	0	20	2	1	10	10	10	9	2	6	4	1	5	9	11	16	3	10	4	20	5	15	10	17	12	12	11	13	10	21	30	23	30	35	4	21	16	10	9	16	6	14	9	18	9	7	21	29	19	32	6	24	14	
2300_A/goose/Taiwan/01039 10	6	7	0	14	8	9	5	8	15	0	0	12	1	1	10	7	8	7	2	7	5	4	5	11	13	24	5	17	3	11	4	19	11	20	9	13	9	11	13	19	28	28	34	34	4	16	11	10	8	18	8	12	8	16	8	17	25	27	18	24	4	25	14	
2301_A/goose/Taiwan/01040 12	8	8	1	12	5	8	4	5	14	0	0	22	3	1	10	8	9	9	2	8	3	2	5	7	11	19	4	11	6	16	4	15	10	19	12	15	8	12	10	20	31	27	32	36	3	18	13	12	12	20	9	14	10	14	6	12	18	30	22	25	4	23	11	
2302_A/goose/Taiwan/TNC1/ 10	6	7	0	14	8	9	5	7	15	0	0	13	1	1	10	7	8	7	2	7	5	4	5	11	13	25	5	17	3	10	4	19	11	20	10	13	9	11	13	19	28	28	33	34	4	16	11	11	8	18	8	11	8	16	8	17	25	27	17	24	4	25	15	
2303_A/goose/Taiwan/TNC10 10	6	7	0	14	8	9	5	7	15	0	0	13	1	1	10	7	8	7	2	7	5	4	5	11	13	25	5	17	3	10	4	19	11	20	10	13	9	11	13	19	28	28	33	34	4	16	11	11	8	18	8	11	8	16	8	17	25	27	17	24	4	25	15	
2304_A/goose/Taiwan/TNC11 10	6	7	0	14	8	9	5	7	15	0	0	13	1	1	10	7	9	7	2	7	4	4	5	11	13	25	5	17	3	10	4	19	11	20	9	13	9	11	13	19	28	28	34	34	4	16	11	10	8	18	8	12	8	16	8	17	25	27	18	24	4	25	14	
2305_A/goose/Taiwan/TNC12 10	6	7	0	14	8	9	5	7	15	0	0	13	1	1	10	7	8	7	2	7	5	4	5	11	13	25	5	17	3	10	4	19	11	20	10	13	9	11	13	19	28	28	33	34	4	16	11	11	8	18	8	11	8	16	8	17	25	27	17	24	4	25	15	
2306_A/goose/Taiwan/TNC14 10	6	7	0	14	8	9	5	7	15	0	0	13	1	1	10	7	8	7	2	7	5	4	5	11	13	25	5	17	3	10	4	19	11	20	10	13	9	11	13	19	28	28	33	34	4	16	11	11	8	18	8	11	8	16	8	17	25	27	17	24	4	25	15	
2307_A/goose/Taiwan/TNC3/ 10	6	7	0	14	8	9	5	7	15	0	0	13	1	1	10	7	8	7	2	7	5	4	5	11	13	25	5	17	3	10	4	19	11	20	9	13	9	11	13	19	28	28	34	34	4	16	11	11	8	18	8	11	8	16	8	18	25	27	17	23	4	25	15	
2308_A/goose/Taiwan/TNC7/ 10	6	7	0	14	8	9	5	7	15	0	0	13	1	1	10	7	8	7	2	7	5	4	5	11	13	25	5	17	3	10	4	19	11	20	10	13	9	11	13	19	28	28	33	34	4	16	11	11	8	18	8	11	8	16	8	17	25	27	17	24	4	25	15	
2309_A/goose/Taiwan/TNC9/ 10	6	7	0	14	8	9	5	7	15	0	0	13	1	1	10	7	8	7	2	7	5	4	5	11	13	25	5	17	3	10	4	19	11	20	9	13	9	11	13	19	28	28	34	34	4	16	11	11	8	18	8	11	8	16	8	17	25	27	17	24	4	25	15	
2310_A/goose/Taiwan/TNO15 10	6	7	0	14	8	9	5	7	15	0	0	13	1	1	10	7	8	7	2	7	5	4	5	11	13	25	5	17	3	10	4	19	11	20	9	13	9	11	13	19	28	27	34	34	4	17	11	10	8	18	8	12	8	16	8	17	25	27	18	24	4	25	14	
2311_A/goose/Taiwan/TNO3/ 10	6	7	0	14	8	9	5	7	15	0	0	13	1	1	10	7	8	7	2	7	5	4	5	11	13	25	5	17	3	10	4	18	11	20	9	13	9	11	13	19	28	28	34	34	4	16	11	11	8	18	8	12	8	16	8	17	25	27	18	24	4	25	14	
2312_A/goose/Taiwan/TNO9/ 10	6	7	0	14	8	9	5	7	15	0	0	13	1	1	10	7	8	7	2	7	5	4	5	11	13	25	5	17	3	10	4	19	11	20	9	13	9	12	13	19	28	28	34	34	4	16	11	10	8	18	8	12	8	15	8	17	25	27	18	24	4	25	14	
2313_A/goose/Taoyuan/1501 10	6	7	0	14	8	9	5	7	15	0	0	13	1	1	10	7	8	7	2	7	5	4	5	11	13	25	5	17	3	10	4	19	11	20	9	13	9	11	13	19	28	28	34	34	4	16	11	9	8	18	8	13	8	16	8	18	25	27	18	23	4	25	14	
2314_A/goose/Taoyuan/1812 10	9	11	1	14	4	5	4	4	14	0	0	23	3	1	10	7	10	7	2	9	3	3	5	6	9	20	4	13	7	16	4	14	9	18	12	15	9	13	11	19	28	24	31	36	6	20	15	12	14	17	8	12	9	17	7	13	20	34	23	24	4	18	10	
2315_A/goose/Xinjiang/12. 11	7	11	0	13	7	5	5	4	14	1	0	17	2	0	10	10	7	10	2	4	7	0	5	13	11	18	2	13	4	18	4	15	8	15	15	14	9	16	7	20	30	25	31	35	2	20	16	14	9	13	7	13	9	21	6	13	21	31	22	26	6	23	13	
2316_A/goose/Xinjiang/12. 11	7	11	0	13	7	5	5	4	14	1	0	17	2	0	10	10	7	10	2	4	7	0	5	13	11	18	2	13	4	18	4	15	8	15	15	13	9	16	7	20	30	25	31	35	2	20	16	14	9	13	7	14	9	21	6	13	21	31	22	26	6	23	13	
2317_A/goose/Xinjiang/12. 12	6	10	1	12	8	6	4	6	13	0	0	18	4	1	10	7	11	7	2	9	3	3	5	6	11	15	4	15	4	21	4	16	10	19	10	11	9	13	12	22	31	26	30	34	3	19	15	13	11	16	8	11	10	17	7	12	20	32	22	27	4	21	11	
2318_A/goose/Xinjiang/12. 12	6	10	1	12	8	6	4	6	13	0	0	18	4	1	10	7	11	7	2	9	3	3	5	6	11	15	4	15	4	21	4	16	10	18	10	11	9	13	12	22	31	26	31	34	3	19	14	13	11	17	8	11	10	17	7	12	20	32	22	27	4	21	11	
2319_A/goose/Xinjiang/12. 12	6	10	1	12	8	6	4	6	13	0	0	18	4	1	10	7	11	7	2	9	3	3	5	6	11	15	4	15	4	21	4	16	10	18	10	11	9	13	12	22	31	26	31	34	3	19	14	13	11	17	8	11	10	17	7	12	20	32	22	27	4	21	11	
2320_A/goose/Xinjiang/12. 12	6	10	1	12	8	6	4	6	13	0	0	18	4	1	10	7	11	7	2	9	3	3	5	6	11	15	4	15	4	21	4	16	10	18	10	11	9	13	12	22	31	26	31	34	3	19	14	13	11	17	8	11	10	17	7	12	20	32	22	27	4	21	11	
2321_A/goose/Yangzhou/042 10	6	9	1	14	6	7	4	6	15	0	0	19	3	1	10	10	9	6	3	6	5	4	4	12	11	16	5	8	4	20	4	11	8	20	11	14	10	12	10	23	28	22	27	35	7	22	18	8	13	16	7	16	7	17	10	9	21	32	22	31	4	21	10	
2322_A/goose/Yangzhou/YZ5 10	10	8	1	14	4	8	4	7	15	0	0	14	2	1	10	8	8	7	3	11	6	3	5	10	13	27	4	13	2	10	5	20	13	16	10	9	6	18	11	21	30	24	30	36	4	20	13	11	13	13	7	6	4	20	8	19	22	38	19	23	4	15	14	
2323_A/goose/Yunlin/15010 12	8	8	1	12	5	8	4	5	14	0	0	22	3	1	10	8	9	9	2	8	3	2	5	7	11	17	4	11	6	18	4	15	10	19	12	14	8	12	10	20	31	27	32	36	3	18	13	12	12	20	9	15	10	14	6	12	18	30	22	25	4	23	11	
2324_A/goose/Yunlin/15010 12	8	8	1	12	5	8	4	5	14	0	0	22	3	1	10	8	9	8	1	8	3	2	5	7	11	18	4	11	6	18	4	15	10	19	13	15	8	12	10	20	31	27	32	36	3	18	13	12	12	20	9	14	10	14	6	12	18	30	22	25	4	23	11	
2325_A/goose/Yunlin/15010 12	8	8	1	12	5	8	4	5	14	0	0	22	3	1	10	8	9	9	2	8	3	2	5	7	11	18	4	11	6	17	4	15	10	19	12	15	8	12	10	20	31	27	32	36	3	18	13	12	12	20	9	14	10	14	6	12	18	29	22	25	4	24	11	
2326_A/goose/Yunlin/15010 12	8	8	1	12	5	8	4	5	14	0	0	22	3	1	10	8	9	9	2	8	3	2	5	7	11	18	3	11	6	17	5	15	10	19	12	15	8	12	10	20	31	27	33	36	3	18	12	12	12	20	9	14	10	14	6	12	18	30	22	25	4	23	11	
2327_A/goose/Yunlin/15010 12	8	8	1	12	5	8	4	5	14	0	0	22	3	1	10	8	9	9	2	8	3	2	5	7	11	18	4	11	6	17	4	15	10	19	12	15	8	12	10	20	31	27	32	36	3	18	13	12	12	20	9	14	10	14	6	12	18	30	22	25	4	23	11	
2328_A/goose/Yunlin/15040 10	6	7	0	14	8	9	5	7	15	0	0	12	1	1	10	7	8	7	2	7	5	4	5	11	13	25	5	18	3	10	4	19	11	20	9	13	9	11	13	19	28	27	34	34	4	17	11	10	8	17	8	12	8	17	8	17	25	27	18	24	4	25	14	
2329_A/goose/Yunlin/16020 11	8	8	1	13	5	8	4	5	15	0	0	22	2	1	10	8	8	8	2	8	4	2	5	8	11	18	4	11	6	18	4	15	10	18	12	17	8	13	10	20	30	27	31	35	3	18	14	13	11	20	10	11	11	14	6	12	19	29	20	25	4	24	12	
2330_A/goose/Yunlin/16020 11	8	9	1	13	5	7	4	5	15	0	0	22	2	1	10	8	8	8	2	8	4	2	5	7	11	18	4	12	6	18	4	14	11	19	12	17	7	12	10	20	30	27	30	35	3	18	15	14	11	20	10	11	11	14	6	12	19	30	20	25	4	23	12	
2331_A/goose/Yunlin/16040 11	8	8	1	13	5	8	4	5	15	0	0	22	2	1	10	8	8	8	2	8	4	2	5	8	11	18	4	11	6	18	4	15	10	19	12	17	8	13	10	20	30	27	31	35	3	17	14	13	11	20	10	11	11	14	6	12	19	30	20	24	5	23	12	
2332_A/goose/Yunlin/17100 12	8	6	1	12	5	10	4	6	13	0	0	22	4	1	10	8	9	8	2	8	3	3	5	7	12	19	4	10	5	16	4	15	9	18	13	16	8	11	10	19	33	27	29	36	2	20	15	12	11	22	9	13	10	14	5	12	19	30	20	25	5	22	13	
2333_A/goose/Yunlin/18030 12	7	8	1	12	5	8	4	7	16	0	0	20	2	1	10	8	10	8	3	7	3	2	4	8	11	22	4	12	5	14	4	16	10	19	12	10	8	13	10	23	33	25	24	33	2	19	22	11	13	17	7	16	7	16	9	8	21	27	21	29	4	26	11	
2334_A/goose/Yunlin/18030 12	7	8	1	12	5	8	4	7	16	0	0	20	2	1	10	8	10	8	3	7	3	2	4	8	11	22	4	12	5	14	4	16	10	19	12	10	8	13	10	23	33	25	24	33	2	19	22	11	13	17	7	16	7	16	9	8	21	27	21	29	4	26	11	
2335_A/goose/Yunlin/18040 12	8	7	1	12	5	9	4	6	13	0	0	22	4	1	10	8	10	8	2	8	3	3	5	7	12	18	5	11	5	17	4	15	10	20	13	14	7	11	10	19	32	28	27	36	3	19	15	12	10	20	8	14	10	14	6	13	20	29	21	24	4	23	13	
2336_A/goose/Yunlin/18040 12	8	7	1	12	5	9	4	4	13	0	0	23	4	1	10	8	9	8	2	8	3	3	5	7	12	20	4	11	5	16	4	15	11	18	12	15	7	13	10	19	31	29	28	37	5	18	15	13	10	20	10	13	10	14	5	14	19	30	22	22	4	22	11	
2337_A/goose/Yunlin/18090 12	8	7	1	12	5	9	4	4	13	0	0	21	4	1	10	7	9	8	1	9	4	3	5	7	11	20	4	13	5	16	5	15	11	19	11	15	7	13	10	19	32	29	29	36	4	18	14	13	10	20	9	13	10	14	5	14	19	30	22	23	4	22	12	
2338_A/goose/Yunlin/18090 12	8	10	1	12	5	6	4	5	15	0	0	20	2	1	10	8	10	7	2	7	4	3	5	8	8	21	2	13	7	15	6	16	10	20	10	13	9	12	11	23	28	30	32	34	6	14	14	13	12	16	6	11	7	18	8	8	22	31	23	29	4	22	11	
2339_A/goose/Yunlin/18110 10	9	12	2	14	5	3	3	4	14	0	0	23	2	1	10	7	10	7	2	9	3	4	5	6	9	20	4	13	7	16	4	14	9	19	12	15	9	13	10	20	28	24	31	35	6	20	15	13	14	15	8	12	9	18	7	12	20	33	22	24	4	20	11	
2340_A/goose/Yunnan/3798/ 9	7	6	2	15	6	10	3	9	14	0	0	11	3	1	10	7	7	9	1	8	8	1	6	10	9	22	4	16	5	15	4	13	15	20	8	16	10	12	14	20	24	27	27	34	7	17	17	15	11	17	7	9	5	16	8	17	25	24	20	22	3	29	13	
2341_A/goose/Yunnan/4371/ 9	7	6	2	15	6	10	3	9	14	0	0	11	3	1	10	7	7	9	1	8	8	1	6	10	9	23	4	16	5	14	4	13	14	20	8	16	10	12	14	20	24	27	27	34	7	17	17	15	12	16	7	9	5	17	8	17	25	25	21	22	3	28	12	
2342_A/goose/Yunnan/4389/ 9	7	6	2	15	6	10	3	9	14	0	0	11	3	1	10	7	7	9	1	8	8	1	6	10	9	23	4	16	5	14	4	13	14	20	8	16	10	12	14	20	24	27	27	34	7	17	17	15	12	16	7	9	5	17	8	17	25	25	21	22	3	28	12	
2343_A/goose/Yunnan/4985/ 9	7	6	2	15	6	10	3	9	14	0	0	11	3	1	10	7	7	9	1	8	8	1	6	10	9	23	4	16	5	14	4	13	14	20	8	16	10	12	14	20	24	27	27	34	7	17	17	15	12	16	7	9	5	17	8	17	25	25	21	22	3	28	12	
2344_A/goose/Yunnan/5141/ 9	7	6	2	15	6	10	3	10	15	0	0	10	3	1	10	7	7	9	1	8	8	1	6	10	9	22	4	16	5	15	4	13	14	20	8	16	9	12	14	20	25	26	27	34	7	18	17	14	12	16	7	10	5	17	8	16	25	26	21	22	3	27	12	
2345_A/goose/Yunnan/5769/ 11	7	8	2	13	6	9	3	9	16	0	0	14	1	1	10	7	7	8	2	8	8	1	5	9	10	21	3	16	4	15	6	14	14	16	11	16	10	15	11	20	25	27	28	32	6	17	17	13	12	16	7	10	6	17	9	18	21	24	20	22	5	29	12	
2346_A/goose/Yunnan/5979/ 11	7	8	2	13	6	9	3	9	16	0	0	14	1	1	10	7	7	8	2	8	8	1	5	9	10	21	3	16	4	15	6	14	14	16	11	16	10	15	11	20	25	27	28	32	6	17	17	13	12	16	7	10	6	17	9	18	21	24	20	22	5	29	12	
2347_A/goose/Yunnan/6193/ 9	8	6	2	15	5	10	3	9	14	0	0	11	3	1	10	7	7	9	1	8	8	1	6	10	9	23	4	16	5	14	4	14	14	19	10	15	10	12	13	20	24	26	28	34	7	17	17	15	12	15	7	8	5	18	8	21	25	27	22	19	3	26	11	
2348_A/goose/Zhejiang/112 11	9	8	2	13	4	8	3	6	15	0	0	14	2	1	10	10	10	8	1	6	9	3	7	12	7	21	7	15	3	14	2	15	14	20	8	14	11	10	13	21	26	27	23	34	2	20	20	10	12	20	5	10	7	14	9	13	24	31	22	27	3	22	12	
2349_A/goose/Zhejiang/112 10	8	11	0	14	5	5	5	7	13	0	0	20	4	1	10	11	8	9	1	6	5	1	5	10	11	21	1	10	5	15	5	14	10	16	13	13	13	15	9	21	26	24	30	35	3	21	18	9	9	15	7	11	11	18	8	13	20	34	18	29	5	20	15	
2350_A/goose/Zhejiang/112 11	7	7	2	13	6	9	3	6	15	0	0	16	2	1	10	10	9	9	1	6	6	2	7	13	9	21	7	12	5	14	2	15	14	21	8	14	10	10	13	23	24	28	24	34	5	19	17	13	13	21	7	7	6	13	7	13	23	31	20	26	4	22	14	
2351_A/goose/Zhejiang/727 11	6	7	2	13	7	9	3	10	15	0	0	13	2	1	10	9	9	7	1	6	8	3	6	13	10	21	7	11	2	16	2	18	16	24	8	14	8	9	13	21	25	24	23	33	5	21	20	13	11	19	8	7	7	15	7	16	23	30	18	23	5	21	15	
2352_A/goose/Zhejiang/727 11	6	8	1	13	7	8	4	7	14	0	0	18	3	1	10	9	9	8	2	7	4	2	5	7	11	19	4	13	5	17	4	14	12	20	12	12	10	11	10	23	29	29	33	34	4	16	12	15	11	18	8	11	9	16	7	9	21	28	24	28	3	25	9	
2353_A/goose/Zhejiang/727 11	6	7	2	13	7	9	3	10	15	0	0	13	2	1	10	9	9	7	1	6	8	3	6	13	10	21	7	11	2	16	2	18	16	25	7	14	8	9	14	21	25	24	23	33	5	20	20	13	11	18	7	8	6	15	8	16	23	30	18	23	5	23	14	
2354_A/goose/Zhejiang/771 14	7	8	3	10	6	8	2	5	15	0	0	16	2	1	10	9	10	9	1	6	9	2	6	12	5	19	7	15	5	16	3	15	14	20	9	14	11	11	13	23	26	25	25	34	2	20	17	12	12	21	6	7	6	13	8	15	25	30	21	25	3	23	13	
2355_A/goose/Zhejiang/771 14	7	8	3	10	6	8	2	5	15	0	0	16	2	1	10	9	10	9	1	6	9	2	6	12	5	19	7	15	5	16	3	15	14	21	9	14	11	10	13	23	26	25	25	34	2	20	17	12	12	21	6	7	6	13	8	15	25	30	21	25	3	23	13	
2356_A/goose/Zhejiang/771 14	7	8	3	10	6	8	2	5	15	0	0	16	2	1	10	9	10	9	1	6	9	2	6	12	5	19	7	15	5	16	3	15	14	21	9	14	11	10	13	23	26	25	25	34	2	20	17	12	12	21	6	7	6	13	8	15	25	30	21	25	3	23	13	
2357_A/goose/Zhejiang/925 11	6	7	2	13	7	9	3	9	15	0	0	15	2	1	9	10	9	7	1	6	9	3	6	13	9	21	8	10	2	15	1	17	17	23	8	14	7	10	13	21	25	25	24	33	5	21	17	13	11	18	9	8	8	17	6	15	22	29	19	24	5	23	14	
2358_A/goose/Zhejiang/925 10	7	9	1	14	6	7	4	6	13	0	0	19	3	1	10	11	9	7	3	6	5	3	4	12	13	15	4	8	5	20	4	12	10	20	11	14	11	11	11	23	25	25	26	35	6	19	19	9	12	16	8	14	7	19	9	8	22	31	21	32	4	21	10	
2359_A/goose/Zhejiang/925 10	7	9	1	14	7	6	4	6	14	0	0	19	3	1	10	10	9	7	3	6	6	4	4	12	13	16	4	8	5	19	4	12	10	20	11	13	9	11	10	22	25	25	26	35	6	19	20	8	11	15	8	17	10	18	8	8	22	30	22	32	4	22	10	
2360_A/goose/Zhejiang/925 10	6	7	2	14	7	9	3	9	15	0	0	12	2	1	11	10	11	9	1	7	6	1	6	12	11	22	8	12	2	14	2	15	14	22	9	14	10	11	11	21	26	22	23	33	4	22	19	14	13	18	8	10	7	16	7	14	22	30	20	22	5	23	13	
2361_A/goose/Zhejiang/925 10	7	9	1	15	7	7	4	5	13	0	0	19	3	1	10	9	9	7	3	7	5	4	4	12	11	16	4	7	6	19	4	12	10	20	11	13	9	12	11	22	27	26	26	35	6	18	19	7	11	15	8	17	9	19	8	8	22	30	22	33	4	22	10	
2362_A/goose/Zhejiang/925 10	6	7	2	14	7	9	3	9	15	0	0	14	2	1	9	11	11	9	1	7	6	1	6	11	10	22	8	12	2	14	2	15	14	22	9	14	10	11	12	21	28	22	22	33	4	22	19	14	13	18	8	10	6	16	7	14	22	30	21	22	5	23	12	
2363_A/great_black-headed 9	6	6	2	15	7	10	3	9	14	0	0	12	3	1	10	7	8	9	1	8	8	1	5	10	10	19	5	16	3	18	5	13	14	20	9	14	11	12	13	21	25	27	28	33	6	17	15	18	11	20	7	8	4	14	8	19	24	29	21	19	5	23	12	
2364_A/great_crested-greb 8	6	7	2	16	7	9	3	9	14	0	0	12	3	1	10	7	8	9	1	8	8	1	5	10	10	18	5	16	5	18	4	14	14	20	9	14	11	12	13	21	25	27	29	34	6	18	14	18	11	19	7	7	4	15	8	17	24	31	19	20	5	20	14	
2365_A/great_egret/Hong_K 9	6	6	2	15	7	10	3	9	13	0	0	12	4	1	10	7	8	9	1	8	8	1	6	10	9	22	5	16	4	15	4	15	14	21	8	14	11	11	14	20	25	27	27	33	6	17	16	17	12	18	7	8	4	16	8	17	24	29	20	21	4	23	13	
2366_A/great_tit/Panjing/ 11	8	12	1	13	5	4	4	5	14	1	0	18	3	0	10	10	8	9	2	4	5	1	5	11	10	20	3	13	6	16	3	14	9	15	16	14	11	16	6	22	29	24	29	34	4	20	18	12	10	18	7	12	10	15	7	13	20	29	21	28	5	24	13	
2367_A/green-winged_teal/ 11	7	11	1	13	6	5	4	5	14	0	0	17	3	1	10	9	10	7	2	6	3	3	5	14	10	18	3	10	6	18	4	14	10	15	12	14	9	16	10	20	30	26	30	35	5	18	17	10	14	17	7	14	6	17	8	7	20	28	21	32	5	25	12	
2368_A/grey_heron/Hong_Ko 9	6	6	2	15	7	10	3	9	13	0	0	12	4	1	10	7	8	9	1	8	8	1	6	11	9	22	6	15	4	15	3	15	14	21	8	14	11	11	14	20	24	26	26	33	7	18	17	16	12	18	7	8	4	16	8	17	24	29	20	22	4	23	13	
2369_A/grey_heron/Hong_Ko 9	6	6	2	15	7	10	3	9	13	0	0	12	4	1	10	7	8	9	1	8	8	1	6	10	9	22	5	16	4	15	4	14	15	21	8	14	11	11	14	20	25	27	27	33	6	17	16	17	11	18	7	8	5	16	8	17	24	29	20	21	4	23	13	
2370_A/heron/Kaohsiung/15 10	8	10	1	14	5	6	4	3	14	0	0	23	3	1	10	8	10	8	2	8	3	2	5	7	10	18	4	12	6	18	4	16	11	17	12	13	8	14	10	18	32	28	31	35	3	16	15	12	12	18	8	14	8	16	7	9	21	33	23	29	4	20	10	
2371_A/heron/Yilan/17DB00 12	8	7	1	12	5	9	4	4	13	0	0	23	4	1	10	8	9	9	2	8	3	2	5	8	11	19	3	10	6	16	5	15	10	19	13	15	8	12	10	20	32	26	29	36	3	20	15	11	10	20	8	15	10	14	6	12	20	30	22	25	4	22	11	
2372_A/hill_myna/Heilongj 11	6	6	3	13	7	10	2	8	13	0	0	12	4	1	10	7	7	9	1	7	9	1	6	12	10	21	5	15	4	16	4	15	14	23	8	14	10	11	12	20	27	24	26	33	5	19	18	15	10	19	6	9	6	15	10	17	24	28	16	22	4	24	16	
2373_A/lesser_kestrel/Hei 11	7	9	0	13	6	7	5	8	13	0	0	17	4	1	11	9	11	8	1	6	3	2	6	12	10	13	5	9	5	23	4	14	8	17	13	13	11	13	10	22	25	24	29	35	9	20	14	10	13	16	8	15	6	18	7	6	20	30	21	32	6	22	14	
2374_A/lion/Hubei/1-2/201 11	8	12	1	13	5	4	4	6	13	0	0	18	4	1	10	10	7	10	1	6	5	0	5	11	12	21	2	10	5	15	5	13	11	17	15	13	13	13	8	23	28	26	26	37	2	20	21	8	7	15	7	12	11	19	8	13	22	29	18	28	4	23	15	
2375_A/little_egret/Hong_ 8	6	7	2	16	7	9	3	9	14	0	0	13	3	1	10	7	7	9	1	8	10	1	6	10	8	21	6	15	4	16	3	14	14	21	9	15	11	11	13	20	24	26	27	33	7	18	16	16	12	16	7	8	4	18	9	18	23	29	19	21	5	23	13	
2376_A/little_grebe/Xiang 10	10	8	0	14	4	8	5	4	13	0	0	15	3	1	10	7	11	6	3	7	4	3	4	15	12	22	3	13	2	15	4	19	10	20	14	10	8	12	8	22	30	26	36	35	5	19	9	12	15	14	7	5	4	20	8	15	23	35	22	29	3	18	11	
2377_A/magpie_robin/Hong_ 9	6	6	2	15	7	10	3	9	13	0	0	12	4	1	10	7	8	9	1	8	8	1	6	10	9	22	5	16	4	15	4	15	14	21	8	14	11	11	14	20	24	27	27	32	7	17	16	16	12	18	7	8	4	16	8	17	24	28	20	23	4	24	13	
2378_A/magpie_robin/Hong_ 9	6	6	2	15	7	10	3	9	13	0	0	12	4	1	10	7	8	9	1	8	8	1	6	9	9	23	5	17	4	14	4	15	14	21	8	14	11	11	14	20	24	27	27	32	7	17	16	16	12	18	7	8	4	16	8	17	24	29	20	23	4	23	13	
2379_A/mallard/Shanghai/S 10	7	9	1	14	6	7	4	6	15	0	0	19	2	1	10	10	9	6	3	6	5	4	4	12	10	14	4	8	5	22	4	12	9	20	12	13	10	12	9	22	28	23	28	35	6	20	19	8	12	16	8	17	7	18	8	8	22	31	22	32	4	22	10	
2380_A/meerkat/Shanghai/S 11	6	9	1	13	7	7	4	6	14	0	0	19	3	1	10	9	9	8	2	7	5	2	5	7	11	19	4	12	4	16	4	15	9	19	12	12	11	12	10	22	29	30	33	36	4	16	12	15	13	19	8	11	8	15	7	8	21	28	23	29	3	25	10	
2381_A/migratory_waterfow 10	6	7	2	14	7	9	3	7	14	0	0	14	3	1	10	9	10	9	1	6	7	1	6	13	10	22	8	13	2	15	2	16	14	24	8	14	9	10	13	21	27	23	23	33	4	19	21	13	12	16	8	10	6	17	7	16	23	28	20	22	5	24	13	
2382_A/migratory_waterfow 10	6	7	2	14	7	9	3	8	14	0	0	14	3	1	10	9	10	9	1	6	7	1	6	13	10	22	8	13	2	15	2	16	14	24	8	14	9	10	13	21	27	23	23	33	4	19	21	13	12	17	8	10	6	16	7	15	23	28	20	22	5	24	13	
2383_A/mink/China/181/201 10	12	8	1	14	4	8	4	9	14	0	0	12	1	1	10	7	6	7	3	9	8	3	5	9	12	28	4	14	3	9	5	19	12	17	12	8	7	17	10	23	30	23	29	36	3	23	13	13	11	13	6	7	5	20	6	17	22	33	20	25	6	18	16	
2384_A/mink/China/183/201 10	12	8	1	14	4	8	4	9	13	0	0	14	2	1	10	7	7	7	3	9	7	3	5	9	12	27	4	13	3	10	5	19	12	16	12	8	6	19	10	24	30	23	28	35	3	23	14	15	11	12	7	5	5	21	6	17	22	33	21	24	6	18	14	
2385_A/mink/China/191/201 10	12	8	1	14	4	8	4	9	13	0	0	14	2	1	10	7	7	7	3	9	7	3	5	9	12	27	4	13	3	10	5	19	12	16	12	8	6	19	10	24	30	23	27	35	3	23	15	15	11	12	7	5	5	21	6	17	22	33	22	24	6	18	13	
2386_A/mink/China/456/201 10	12	8	1	14	4	8	4	8	13	0	0	13	2	1	10	7	7	6	3	9	7	4	5	10	12	29	4	14	3	8	5	18	14	16	13	9	6	17	9	23	29	23	30	35	3	21	13	13	11	14	7	7	3	20	7	17	22	35	20	25	8	17	14	
2387_A/mink/China/G/2015_ 11	6	8	2	13	7	8	3	8	16	0	0	12	1	1	10	9	9	9	1	6	8	1	6	12	11	21	6	15	1	15	3	15	16	23	7	14	10	10	14	21	24	25	26	33	6	18	18	15	12	19	8	9	3	15	7	17	25	27	20	21	5	24	14	
2388_A/mink/China/XB/2015 10	8	11	1	14	5	5	4	5	14	0	0	19	3	1	10	10	7	10	1	6	5	0	5	11	12	21	2	10	5	15	5	12	10	18	13	13	13	13	9	23	28	27	27	37	2	19	20	9	8	14	7	12	11	20	8	13	22	30	19	28	4	22	14	
2389_A/mink/Eastern_China 11	6	10	0	13	10	6	5	7	14	0	0	18	2	1	10	7	11	7	2	9	3	3	5	7	11	16	7	13	4	20	3	15	10	18	11	12	11	13	11	20	29	26	28	35	4	19	15	14	13	16	8	11	7	18	7	12	19	32	23	27	4	21	10	
2390_A/mink/Eastern_China 9	9	7	1	15	2	9	4	8	18	0	0	16	2	1	10	9	6	6	1	11	7	4	2	7	14	20	6	12	1	15	2	15	11	19	6	14	11	14	16	22	23	27	31	33	7	18	19	12	11	16	5	10	7	18	11	16	25	31	19	23	2	21	13	
2391_A/mink/Eastern_China 10	10	8	1	14	5	8	4	8	15	0	0	15	1	1	10	7	7	7	2	9	6	3	5	9	13	29	6	13	3	8	5	18	13	16	12	9	6	18	10	22	31	25	29	37	2	19	13	13	12	13	7	7	3	19	7	16	21	36	19	25	8	17	15	
2392_A/mink/Eastern_China 11	6	10	0	13	10	6	5	7	13	0	0	19	3	1	10	7	11	7	2	9	3	4	5	8	11	19	6	12	4	18	3	15	10	19	11	12	12	15	10	20	30	34	22	34	3	20	15	14	13	15	8	11	7	16	7	12	18	33	23	27	5	16	10	
2393_A/mink/Eastern_China 10	11	8	2	14	5	8	3	10	14	0	0	13	1	1	10	7	7	7	2	9	7	3	5	9	12	28	6	13	3	9	5	18	13	16	12	8	5	17	10	23	30	25	28	36	3	21	13	14	12	12	7	7	5	21	7	16	22	33	20	25	6	19	14	
2394_A/mink/Northern_Chin 12	6	10	0	12	10	6	5	7	13	0	0	18	3	1	10	7	11	7	2	9	3	3	5	7	11	16	7	13	4	20	3	15	10	18	9	11	10	13	13	21	29	25	28	35	4	20	15	14	13	15	8	11	8	18	7	12	19	32	22	27	4	22	11	
2395_A/night_heron/Taiwan 12	8	8	1	12	5	8	4	5	14	0	0	22	3	1	10	8	9	9	2	8	3	2	5	7	11	18	4	11	6	17	4	15	10	19	12	15	8	12	10	21	31	27	31	35	4	18	14	12	12	20	9	14	10	14	6	12	18	30	22	25	3	23	11	
2396_A/oriental_magpie_ro 11	10	10	1	13	5	6	4	5	13	1	0	17	3	0	10	9	7	9	2	4	6	1	5	11	10	18	5	15	6	18	3	16	9	12	15	13	8	19	7	20	31	27	27	34	2	18	18	12	8	13	7	14	10	21	5	12	22	29	21	28	5	24	15	
2397_A/ostrich/Suzhou/097 10	7	7	1	14	6	9	4	7	15	0	0	12	2	1	10	7	6	9	2	7	8	1	5	11	10	23	4	17	5	13	5	13	14	20	10	16	9	12	11	21	23	29	28	34	5	18	16	16	12	17	6	8	6	17	9	17	25	26	21	22	3	26	12	
2398_A/parrot/Guangdong/2 8	7	9	0	16	3	7	5	5	15	0	0	15	5	1	10	7	7	3	0	11	7	7	3	14	15	18	2	9	0	18	10	19	13	20	11	10	10	10	12	20	25	26	29	35	6	18	17	14	13	14	7	9	9	20	8	18	21	29	21	21	2	23	13	
2399_A/parrot/Guangdong/C 10	7	7	2	14	6	9	3	9	15	0	0	11	2	1	10	7	7	9	2	8	8	1	5	10	10	22	4	16	4	13	5	13	14	19	10	16	9	12	12	21	24	28	27	34	5	18	17	15	13	18	6	9	6	16	10	17	23	24	20	22	4	29	12	
2400_A/partridge/Shantou/ 10	8	7	1	14	5	9	4	9	15	0	0	13	2	1	10	8	6	9	2	7	8	1	4	9	10	22	4	15	5	14	6	14	13	20	11	15	9	11	11	21	25	28	28	34	4	19	14	13	12	18	6	10	7	16	8	19	24	26	22	21	4	27	12	
2401_A/peacock/Yunnan/1/2 10	8	11	1	14	6	5	4	6	13	0	0	17	3	1	10	11	6	10	1	6	6	0	5	9	12	22	2	11	5	14	5	13	10	17	13	14	13	13	9	23	26	28	31	37	4	18	17	8	8	14	8	12	10	20	7	14	22	29	17	28	4	23	16	
2402_A/peacock/Yunnan/3/2 10	8	11	1	14	6	5	4	6	13	0	0	18	3	1	10	11	6	10	1	6	6	0	5	10	12	22	2	11	5	14	5	13	10	17	13	15	13	13	9	23	26	27	31	37	4	18	17	8	8	14	8	12	10	20	7	13	22	29	17	27	4	23	16	
2403_A/peregrine_falcon/H 9	8	7	2	15	5	9	3	9	14	0	0	11	3	1	10	7	8	9	1	8	8	1	6	11	9	22	4	16	4	15	5	15	14	19	8	14	10	13	14	19	24	30	27	35	6	13	17	15	12	16	8	9	5	17	7	18	24	26	21	22	3	27	12	
2404_A/pheasant/Shantou/3 10	7	7	2	14	6	9	3	10	15	0	0	11	2	1	10	7	7	9	2	8	8	1	5	8	10	23	4	16	4	13	5	12	13	20	11	16	9	11	11	22	25	28	28	33	3	18	14	16	12	18	6	9	7	16	9	19	23	24	21	22	5	29	13	
2405_A/pheasant/Shantou/4 10	7	6	2	14	6	10	3	8	15	0	0	12	2	1	10	7	6	9	2	8	9	1	5	10	10	23	3	16	5	13	6	13	14	19	10	16	9	12	12	21	25	28	27	34	5	18	16	15	12	18	7	9	5	16	8	16	22	26	22	23	4	27	12	
2406_A/pied_megpie/Liaoni 10	7	6	2	14	6	10	3	9	16	0	0	13	1	1	10	9	7	9	1	7	8	1	6	9	10	22	4	14	4	15	4	14	15	19	9	15	9	13	13	21	26	27	29	34	5	18	16	16	12	16	6	8	6	17	9	18	24	25	22	20	3	27	10	
2407_A/pigeon/Fujian/1.17 10	12	9	1	14	3	7	4	9	15	0	0	12	1	1	10	9	8	7	3	10	6	3	5	8	13	28	4	15	2	9	5	18	13	15	12	8	6	19	10	22	30	24	30	35	3	21	12	13	13	12	7	6	4	21	8	17	25	37	18	26	2	15	15	
2408_A/pigeon/Hainan/1.14 10	12	8	1	14	4	8	4	9	14	0	0	13	1	1	10	7	7	7	3	9	7	3	5	9	12	28	4	14	3	9	5	19	13	16	12	9	6	17	10	22	30	23	30	37	3	22	12	13	12	12	6	6	4	21	8	16	22	34	20	25	6	19	14	
2409_A/pigeon/Hubei/RP25/ 10	7	6	2	14	6	10	3	9	15	0	0	11	3	1	10	6	8	9	1	8	7	1	6	11	9	22	5	16	5	15	4	14	16	22	8	14	9	10	14	20	22	30	28	34	5	14	15	15	11	16	8	8	8	16	8	20	24	26	19	21	4	26	15	
2410_A/pigeon/Sichuan/NCX 11	6	7	2	13	7	9	3	9	16	0	0	13	1	1	10	9	9	8	1	6	8	2	6	13	10	20	6	12	2	17	2	17	16	24	8	14	8	9	13	21	25	26	24	33	5	19	19	13	11	19	8	8	7	15	6	16	23	28	19	23	5	24	15	
2411_A/pigeon/Zhejiang/11 10	8	11	0	14	5	5	5	7	13	0	0	20	4	1	10	11	8	9	1	6	5	1	5	10	11	21	1	9	5	15	6	14	10	16	13	13	13	15	9	21	26	24	30	34	3	21	19	8	9	15	7	12	12	17	8	13	19	34	18	29	6	20	15	
2412_A/pigeon/Zhejiang/11 10	8	11	0	14	5	5	5	5	13	0	0	19	4	1	10	10	8	9	1	7	5	1	5	12	12	21	1	9	5	15	5	14	11	16	13	12	12	15	9	21	25	24	30	38	3	21	18	8	10	15	7	13	10	17	8	13	22	33	18	28	4	21	15	
2413_A/pigeon/Zhejiang/72 11	6	8	1	13	7	8	4	7	14	0	0	18	3	1	10	9	9	8	2	7	4	2	5	7	11	19	4	13	5	17	4	14	12	20	12	12	10	11	10	23	29	29	33	34	4	16	12	15	11	18	8	11	9	16	7	9	21	29	23	28	3	25	9	
2414_A/plateau_pika/Qingh 9	8	8	1	16	6	9	4	9	15	0	0	12	2	1	10	8	6	8	2	7	7	2	4	10	11	23	4	15	5	13	6	15	12	15	10	13	9	18	13	23	30	26	28	34	3	20	14	16	12	19	6	8	6	14	7	18	20	28	20	21	6	26	15	
2415_A/quail/Guangxi/11/2 10	7	7	2	14	6	9	3	8	13	0	0	13	4	1	10	8	7	9	2	7	7	1	5	11	10	22	5	14	5	14	5	15	14	18	10	14	8	12	12	21	27	28	25	34	4	18	17	14	13	18	6	10	4	15	10	16	26	24	21	24	1	30	12	
2416_A/quail/Guangxi/12/2 10	7	7	2	14	6	9	3	8	13	0	0	13	4	1	10	8	7	9	2	7	7	1	5	11	10	22	5	14	5	14	5	14	14	18	10	14	8	12	12	21	27	28	25	35	4	17	18	14	13	18	6	10	4	15	10	16	26	25	21	24	1	29	12	
2417_A/quail/Guangxi/13/2 10	7	7	2	14	6	9	3	7	13	0	0	13	4	1	10	8	7	9	2	7	7	1	5	12	10	22	5	14	5	14	5	15	14	17	10	14	8	13	12	21	27	28	25	34	4	18	17	14	13	18	6	10	4	15	10	16	26	24	20	24	1	30	13	
2418_A/quail/Jiangsu/k010 10	6	7	1	14	7	9	4	6	14	0	0	15	3	1	10	8	9	8	2	7	4	2	5	10	11	22	3	15	5	15	5	14	15	17	11	14	8	13	11	20	26	29	28	35	4	17	16	12	12	18	6	10	6	17	9	19	23	25	24	23	3	28	9	
2419_A/quail/Nanchang/663 10	7	6	2	14	7	10	3	9	15	0	0	12	2	1	10	9	9	9	1	6	8	1	6	12	10	22	7	14	2	15	2	15	16	22	8	14	10	11	13	21	24	22	26	33	6	20	19	12	10	19	8	11	4	15	7	16	25	29	18	22	5	23	15	
2420_A/shrike/Tibet/13/20 11	6	7	2	13	8	9	3	9	15	0	0	13	1	1	10	7	7	9	2	8	8	1	5	9	10	25	4	17	5	12	4	16	14	16	11	15	11	16	11	19	25	29	28	32	6	18	14	13	12	15	7	10	7	17	9	18	19	27	22	22	5	25	10	
2421_A/silkie_chicken/Don 11	6	7	2	13	7	9	3	9	15	0	0	13	2	1	10	9	9	7	1	6	8	3	6	12	10	21	7	13	2	16	2	17	16	24	8	14	8	9	13	21	25	25	25	33	5	20	17	13	11	18	8	8	7	16	7	16	23	29	18	23	5	23	15	
2422_A/silky_chicken/Shan 10	8	7	2	14	6	9	3	10	14	0	0	11	2	1	10	8	7	9	2	7	9	2	5	7	10	22	5	16	4	12	5	13	13	17	11	16	9	14	12	22	24	26	26	32	6	17	16	16	11	16	6	8	6	17	9	18	25	24	21	20	3	27	12	
2423_A/spot-billed_duck/N 11	6	11	1	13	8	6	4	6	13	0	0	17	3	1	10	10	9	6	2	6	4	4	5	8	10	18	4	14	6	18	4	15	9	18	11	14	9	13	11	22	30	26	32	34	5	18	14	7	12	17	7	15	8	16	8	10	21	30	23	31	3	23	10	
2424_A/spot-billed_duck/N 12	6	9	0	12	7	7	5	6	14	0	0	20	3	1	10	6	12	7	1	11	3	3	6	6	11	18	4	12	3	18	4	13	11	18	11	14	8	13	11	22	32	24	30	35	2	20	15	11	13	18	9	12	10	16	6	15	18	31	24	26	4	22	9	
2425_A/spot-billed_duck/N 13	6	9	0	11	8	8	5	6	12	0	0	19	4	1	10	8	11	7	1	8	3	3	6	4	12	18	4	16	3	18	4	13	11	18	11	15	10	13	11	22	30	27	29	34	3	17	16	11	13	17	8	11	9	16	7	15	18	31	23	27	4	22	10	
2426_A/spot-billed_duck/X 9	9	7	0	16	5	8	5	5	16	0	0	16	2	1	10	10	9	9	1	5	3	2	6	12	10	19	4	12	5	17	4	14	8	16	14	14	11	14	8	21	28	24	29	35	6	20	17	9	10	18	9	12	9	17	6	10	20	28	22	32	6	25	11	
2427_A/swan_goose/Jilin/J 9	6	7	2	15	7	9	3	9	15	0	0	13	2	1	10	9	10	8	1	6	7	2	6	13	10	22	8	13	2	15	2	16	13	23	8	14	10	10	13	21	27	23	21	33	4	21	21	14	13	18	8	10	5	16	7	14	23	28	20	22	5	24	13	
2428_A/swan/China/ST/2016 12	6	10	1	12	9	6	4	6	13	0	0	18	4	1	10	7	11	6	2	9	3	4	5	6	11	15	5	15	4	21	4	16	10	18	10	11	9	13	12	21	30	26	30	35	4	19	14	13	13	16	8	11	8	18	7	12	19	31	22	27	4	22	11	
2429_A/swan/Shandong/W376 9	8	7	1	15	4	9	4	8	16	0	0	12	2	1	10	8	8	7	2	7	5	3	5	9	11	23	4	17	5	13	5	14	14	21	8	15	8	11	13	20	26	29	29	35	5	16	15	16	13	16	6	9	6	18	9	16	23	24	23	22	3	29	10	
2430_A/swan/Shanghai/10/2 7	4	6	2	17	9	10	3	9	14	0	0	13	3	1	10	8	8	8	1	7	8	2	6	10	9	22	4	15	4	15	5	13	14	20	7	16	11	12	15	20	25	26	25	34	5	18	18	18	12	18	9	8	4	16	7	16	24	27	20	21	4	25	12	
2431_A/swine/China/RZ/201 10	12	8	2	14	4	8	3	9	14	0	0	13	1	1	10	7	7	7	3	9	7	3	5	9	12	28	4	14	3	9	5	18	13	16	12	8	5	18	10	23	30	24	29	36	3	22	13	14	12	12	7	7	5	21	7	16	22	32	20	25	6	19	14	
2432_A/swine/Guangdong/1/ 11	6	7	2	13	7	9	3	9	15	0	0	12	2	1	10	8	9	7	1	7	8	3	6	13	10	21	7	13	2	16	2	17	17	25	8	15	7	8	13	21	24	25	25	33	5	20	17	13	11	18	7	7	7	16	8	16	24	30	18	23	5	22	15	
2433_A/swine/Guangdong/2/ 11	6	7	2	13	7	9	3	9	15	0	0	12	2	1	10	8	9	7	1	7	8	3	6	13	10	21	7	13	2	16	2	17	17	25	8	15	7	8	13	21	25	25	25	33	5	21	16	13	11	18	7	7	7	16	8	16	23	29	18	23	5	23	15	
2434_A/swine/Guangxi/592/ 10	6	7	2	14	7	9	3	8	15	0	0	13	2	1	10	9	9	9	1	6	8	1	6	11	11	22	6	15	1	15	2	16	15	23	7	14	10	9	14	21	25	24	26	33	6	19	19	15	12	19	7	8	3	16	8	16	25	28	18	22	4	24	15	
2435_A/swine/Jiangsu/1/20 11	7	8	3	12	7	9	2	8	15	0	0	12	2	1	10	7	8	7	2	9	7	2	6	9	8	22	4	17	6	15	5	11	13	19	10	18	10	13	13	20	24	32	22	34	4	16	18	15	11	15	5	9	7	18	8	20	24	22	19	21	4	30	14	
2436_A/swine/Jiangsu/2/20 11	6	6	3	13	8	10	2	8	14	0	0	11	3	1	10	9	8	9	2	6	8	2	5	13	8	23	5	14	5	12	5	13	14	17	11	16	6	14	11	21	29	26	25	36	3	21	16	17	12	19	5	7	8	15	10	12	22	35	19	25	3	18	14	
2437_A/swine/Shandong/SD1 11	6	7	3	13	8	9	2	6	13	0	0	14	3	1	10	7	8	8	2	7	7	2	5	10	10	22	5	17	4	14	5	13	15	17	11	16	6	14	11	20	30	23	28	35	2	22	15	17	10	19	6	6	8	15	9	16	23	29	19	24	4	24	14	
2438_A/swine/Zhejiang/SW5 11	6	9	1	13	7	7	4	7	14	0	0	18	3	1	10	9	9	8	2	7	4	2	5	7	11	19	4	13	5	17	4	14	12	20	12	12	10	11	10	23	29	30	33	34	4	16	12	15	11	18	8	11	9	15	8	9	21	27	24	28	3	25	9	
2439_A/thrush/Taipei_City 11	7	8	1	13	6	8	4	6	15	0	0	21	3	1	10	8	9	8	2	7	3	2	5	8	11	19	4	11	6	17	4	15	10	19	12	16	8	12	10	19	32	27	32	36	3	18	13	13	13	22	9	13	10	13	6	11	17	31	22	25	3	21	11	
2440_A/thrush/Taiwan/A234 12	8	8	1	12	5	8	4	5	14	0	0	22	3	1	10	8	9	9	2	8	3	2	5	7	11	18	4	11	6	17	4	16	10	19	12	14	8	12	10	20	31	27	32	36	3	18	13	12	12	20	9	14	10	14	6	12	18	29	22	25	4	24	11	
2441_A/tiger/Yunnan/tig14 11	6	7	2	13	7	9	3	9	15	0	0	13	2	1	10	9	9	7	1	6	8	3	6	12	10	22	6	13	2	15	2	17	16	23	8	14	8	10	13	21	25	25	26	33	5	20	17	14	11	19	8	9	7	15	7	14	23	28	19	24	5	23	14	
2442_A/tiger/Yunnan/tig14 11	6	7	2	13	7	9	3	9	16	0	0	12	1	1	10	9	9	9	1	6	8	1	6	12	10	24	7	14	2	13	2	15	16	23	8	15	9	10	13	21	24	25	25	33	6	19	18	13	12	19	9	8	5	15	6	17	24	28	19	22	5	24	14	
2443_A/tiger/Yunnan/tig15 10	8	11	1	14	6	5	4	5	13	0	0	17	3	1	10	10	7	10	1	6	5	0	5	12	12	22	2	12	5	14	5	12	10	19	13	14	13	13	9	23	25	26	30	36	5	19	18	9	8	14	7	11	11	19	9	13	22	29	16	28	4	23	16	
2444_A/turkey/Changhua/16 11	8	8	1	13	5	8	4	5	15	0	0	22	2	1	10	8	8	8	2	8	4	2	5	7	11	18	4	12	6	18	4	14	11	19	12	17	7	12	10	20	30	27	31	35	3	18	14	14	11	20	10	11	11	14	6	12	19	29	20	25	4	24	12	
2445_A/turkey/Chiayi/1702 9	9	11	2	15	5	5	3	6	14	0	0	19	2	1	10	10	9	9	2	6	4	1	5	9	12	16	3	11	4	20	5	16	9	19	12	11	9	12	10	20	31	24	30	36	5	20	16	9	10	16	6	15	8	18	9	8	20	29	21	32	6	24	12	
2446_A/turkey/Chiayi/1801 12	8	7	1	12	5	9	4	5	13	0	0	22	4	1	10	8	9	8	2	8	3	3	5	8	12	18	5	10	5	17	4	13	11	18	14	17	7	12	10	18	32	29	28	37	4	17	15	13	10	19	8	13	10	15	6	14	20	29	22	23	4	23	11	
2447_A/turkey/Yunlin/1506 12	8	8	1	12	5	8	4	5	14	0	0	22	3	1	10	8	9	8	2	8	3	2	5	7	11	18	4	11	6	18	4	15	10	19	13	16	8	12	9	20	31	27	32	36	3	18	13	11	12	20	8	14	10	14	6	12	18	30	22	25	4	23	12	
2448_A/turkey/Yunlin/1802 12	8	7	1	12	5	9	4	5	13	0	0	22	4	1	10	8	9	8	2	8	3	3	5	7	12	18	5	11	5	17	4	14	11	18	14	16	7	12	10	18	32	29	28	37	4	17	15	13	10	18	8	13	10	16	6	13	20	29	22	24	4	23	11	
2449_A/turkey/Yunlin/1811 12	8	7	1	12	5	9	4	4	13	0	0	23	4	1	10	7	9	8	1	9	4	3	5	7	11	21	4	11	5	15	5	15	11	18	11	15	7	13	11	19	32	27	29	36	4	20	15	14	10	20	9	13	10	14	5	14	19	28	22	22	4	23	12	
2450_A/turkey/Yunlin/1812 10	9	12	2	14	5	4	3	5	14	0	0	22	2	1	10	7	10	7	2	9	3	3	5	6	9	21	4	13	7	15	4	14	9	18	12	15	9	13	10	20	28	24	31	35	6	20	15	13	14	16	8	12	9	18	7	12	20	33	22	24	4	20	11	
2451_A/turtle_dove/Guangd 11	7	7	2	13	6	9	3	9	16	0	0	14	1	1	10	7	7	9	2	8	8	1	5	9	10	22	3	16	4	14	6	14	14	16	11	16	10	15	11	20	25	28	27	32	6	17	17	13	12	16	7	10	5	17	8	17	26	23	23	22	3	29	10	
2452_A/turtledove/Wuhan/H 12	6	7	2	12	7	9	3	12	15	0	0	13	2	1	10	9	8	7	1	6	9	3	6	12	10	21	6	11	2	16	2	18	16	24	8	14	7	9	13	21	26	23	25	33	5	21	19	13	12	19	7	7	7	15	7	17	22	28	17	22	4	24	17	
2453_A/turtledove/Wuhan/W 12	6	7	2	12	8	9	3	12	15	0	0	13	2	1	10	9	8	7	1	6	9	3	6	12	10	21	6	11	2	16	2	17	15	25	8	14	7	9	13	21	26	23	24	33	5	21	20	14	13	20	6	7	5	15	8	16	22	28	17	23	4	23	17	
2454_A/turtledove/Wuhan/W 12	6	7	2	12	8	9	3	12	15	0	0	13	2	1	10	9	8	7	1	6	9	3	6	12	10	21	6	11	2	16	2	17	15	25	8	14	7	9	13	21	26	23	24	33	5	21	20	14	13	20	6	7	5	15	8	16	22	28	17	23	4	23	17	
2455_A/waterfowl/Hong_Kon 10	7	7	2	14	6	9	3	8	14	0	0	13	3	1	10	8	6	10	2	7	7	1	5	10	10	22	4	15	5	14	5	13	14	19	10	17	8	12	12	21	27	27	29	34	3	18	16	14	12	18	6	8	6	16	9	17	23	25	21	23	5	28	11	
2456_A/white-naped_crane/ 10	11	7	1	14	4	9	4	5	16	0	0	15	1	1	10	7	8	6	2	9	7	4	6	10	12	27	2	14	2	10	7	18	13	15	12	7	6	18	11	22	29	24	31	36	3	21	11	15	15	14	7	7	3	19	8	15	24	36	20	26	4	16	13	
2457_A/whooper_swan/Shanx 12	6	10	1	12	9	6	4	6	13	0	0	18	4	1	10	7	11	7	2	9	3	3	5	6	11	15	5	15	4	21	4	16	10	17	11	11	9	13	12	21	30	26	30	35	4	19	14	14	13	16	8	11	8	18	7	12	19	31	22	26	4	22	11	
2458_A/wild_bird/Eastern_ 14	5	11	1	10	8	5	4	5	13	0	0	19	4	1	10	7	10	7	2	9	3	3	4	6	12	19	5	15	4	17	4	15	9	19	11	13	10	12	11	20	31	27	32	35	3	16	15	13	13	18	8	10	8	16	7	12	20	32	21	29	4	21	12	
2459_A/wild_bird/Eastern_ 13	5	11	1	11	8	5	4	5	13	0	0	19	4	1	10	7	10	7	2	9	3	3	4	6	12	19	5	15	4	17	4	15	9	19	11	13	10	12	11	20	31	27	32	35	3	16	15	13	13	17	8	10	8	17	7	12	20	32	21	29	4	21	12	
2460_A/wild_bird/Eastern_ 14	5	11	1	10	8	5	4	5	13	0	0	19	4	1	10	7	10	7	2	9	3	3	4	6	12	19	5	15	4	17	4	15	9	19	11	13	10	12	11	20	31	27	32	35	3	16	15	13	13	18	8	10	8	16	7	12	20	32	21	29	4	21	12	
2461_A/wild_bird/Taipei/0 9	8	12	0	15	5	5	5	5	15	0	0	16	2	1	10	10	9	7	1	5	4	2	6	11	11	22	3	14	5	14	4	14	9	18	13	14	10	13	9	22	27	27	25	35	6	19	20	11	10	17	6	10	9	17	8	11	21	29	22	31	5	24	12	
2462_A/wild_duck/Fujian/1 11	6	7	2	14	7	9	3	8	14	0	0	13	2	1	10	9	9	9	1	5	8	1	6	12	11	21	6	14	2	16	3	16	15	23	6	13	10	10	15	21	26	23	25	32	5	20	20	13	12	19	7	11	4	15	8	15	24	28	19	23	4	24	14	
2463_A/wild_duck/Fujian/2 11	6	7	2	14	7	9	3	8	15	0	0	13	2	1	10	9	9	9	1	5	8	1	6	12	10	21	6	14	2	16	3	16	15	23	6	14	10	10	15	21	26	23	24	32	5	21	20	14	12	19	7	9	4	15	8	15	24	28	19	23	4	24	14	
2464_A/wild_duck/Jilin/HF 7	4	6	2	17	9	10	3	9	14	0	0	13	3	1	10	7	8	10	1	8	8	1	5	10	9	19	5	15	4	17	5	13	13	19	9	16	11	14	12	19	24	29	26	33	7	16	16	18	11	19	6	8	4	15	9	20	24	31	19	18	6	21	14	
2465_A/wild_duck/Jilin/ZF 7	6	7	2	17	7	9	3	10	12	0	0	12	5	1	10	7	8	9	1	8	8	1	5	10	9	20	5	15	4	16	4	17	13	21	8	14	11	11	14	20	25	26	28	34	5	18	17	15	11	19	7	9	4	15	8	20	24	29	18	18	5	23	15	
2466_A/wild_duck/Liaoning 10	7	6	2	13	7	10	3	10	15	0	0	13	1	1	10	8	7	9	1	8	8	1	7	9	10	22	5	14	4	15	4	14	15	19	9	15	10	13	14	20	25	26	30	34	5	19	15	16	12	16	5	9	7	17	7	18	23	28	21	20	3	24	11	
2467_A/wild_duck/Shandong 11	7	8	3	12	8	9	2	9	14	1	0	10	2	0	10	7	7	6	2	9	8	3	6	10	9	24	3	17	5	12	6	13	12	21	9	16	9	12	12	20	26	31	28	34	3	15	15	14	14	16	7	9	6	18	6	21	22	25	21	21	5	27	12	
2468_A/wild_duck/Shandong 8	6	7	2	16	7	8	4	8	14	0	0	13	3	1	10	7	8	9	1	8	8	1	5	11	9	20	7	15	4	17	3	15	15	20	10	13	13	13	12	20	23	26	29	33	7	18	14	17	9	17	8	8	4	16	7	19	25	29	19	19	5	23	14	
2469_A/wild_duck/Shandong 9	7	7	1	15	7	9	4	7	15	0	0	13	1	1	10	7	8	5	2	7	5	5	5	8	11	25	5	20	5	11	3	18	11	20	9	13	10	11	12	20	27	27	35	33	5	16	11	13	9	18	6	10	9	16	9	15	24	26	20	26	3	27	13	
2470_A/wild_duck/Shandong 13	7	9	0	11	7	8	5	6	12	0	0	21	4	1	10	8	10	8	1	8	3	3	6	6	13	18	4	12	3	17	4	13	11	19	12	14	9	12	11	22	30	26	29	35	3	17	18	13	14	18	8	10	9	14	7	13	19	31	22	27	3	22	11	
2471_A/wild_pigeon/Jilin/ 10	8	7	2	13	7	9	3	9	15	0	0	14	2	1	10	9	9	8	2	7	8	3	6	13	10	21	5	10	2	16	3	18	18	24	7	14	7	9	14	21	24	25	26	33	5	20	17	14	11	18	7	7	8	15	7	17	21	26	17	20	6	26	16	
2472_A/Eurasian_Wigeon/Ni 11	6	8	2	13	7	8	3	10	14	0	0	14	3	1	10	9	9	6	2	6	8	3	6	12	10	22	7	11	2	15	2	17	17	22	8	14	8	11	13	21	25	24	24	33	4	21	18	13	11	19	8	8	7	15	7	18	23	29	17	21	5	23	16	
