title                    	T3s	C3s	A3s	G3s	CAI	CBI	Fop	Nc	GC3s	GC	L_sym	L_aa	Gravy	Aromo	
A/Indonesia/5/2005       	0.2680	0.2474	0.4370	0.2821	0.156	-0.095	0.357	53.17	0.417	0.449	714	759	-0.316732	0.064559	
A/Hong_Kong/483/1997     	0.2852	0.2365	0.4644	0.2523	0.151	-0.120	0.345	50.64	0.384	0.433	711	759	-0.337022	0.067194	
A/Hong_Kong/482/97       	0.2765	0.2435	0.4644	0.2551	0.151	-0.123	0.343	50.44	0.391	0.435	711	759	-0.334256	0.067194	
A/Chicken/HongKong/FY150/	0.2806	0.2358	0.4370	0.2839	0.155	-0.104	0.352	52.78	0.408	0.445	715	759	-0.315151	0.065876	
A/Chicken/HongKong/YU822.	0.2724	0.2431	0.4293	0.2941	0.156	-0.099	0.356	53.68	0.422	0.448	714	759	-0.317786	0.065876	
A/Chicken/HongKong/YU562/	0.2759	0.2379	0.4377	0.2862	0.155	-0.101	0.354	53.29	0.412	0.446	714	759	-0.318182	0.065876	
A/Pheasant/Hong_Kong/FY15	0.2702	0.2427	0.4353	0.2894	0.155	-0.114	0.347	52.52	0.418	0.448	715	759	-0.318445	0.065876	
A/Hong_Kong/486/97       	0.2765	0.2435	0.4661	0.2532	0.151	-0.123	0.343	50.43	0.390	0.435	711	759	-0.334256	0.067194	
A/Thailand/16/2004       	0.2766	0.2405	0.4286	0.2917	0.154	-0.102	0.354	53.58	0.418	0.448	715	759	-0.316074	0.065876	
A/Hong_Kong/538/97       	0.2716	0.2439	0.4686	0.2556	0.149	-0.127	0.340	50.69	0.392	0.435	712	759	-0.332674	0.068511	
A/chicken/Indonesia/7/200	0.2651	0.2496	0.4403	0.2815	0.160	-0.077	0.369	54.12	0.418	0.448	715	759	-0.330567	0.065876	
A/chicken/Korea/ES/03    	0.2698	0.2474	0.4252	0.2949	0.158	-0.085	0.364	53.32	0.427	0.451	715	759	-0.314229	0.065876	
A/Hong_Kong/156/97       	0.2835	0.2365	0.4695	0.2491	0.150	-0.125	0.342	50.29	0.381	0.432	711	759	-0.338999	0.067194	
A/whooper_swan/Mongolia/2	0.2719	0.2496	0.4394	0.2771	0.160	-0.078	0.369	52.55	0.414	0.445	715	759	-0.330962	0.067194	
A/Vietnam/UT3062/2004    	0.2719	0.2478	0.4286	0.2899	0.159	-0.083	0.365	53.59	0.422	0.450	715	759	-0.311989	0.065876	
A/Anas_crecca/Hubei/Chenh	0.2838	0.2359	0.4317	0.2878	0.148	-0.111	0.349	53.35	0.411	0.445	716	759	-0.331225	0.065876	
A/Anas_crecca/Hubei/Chenh	0.2838	0.2359	0.4317	0.2878	0.148	-0.111	0.349	53.35	0.411	0.445	716	759	-0.331225	0.065876	
A/Anas_platyrhynchos/Chon	0.2672	0.2431	0.4317	0.2954	0.155	-0.098	0.356	51.79	0.424	0.448	713	759	-0.330039	0.065876	
A/Anas_platyrhynchos/Jiuj	0.2672	0.2431	0.4317	0.2954	0.155	-0.098	0.356	51.79	0.424	0.448	713	759	-0.330039	0.065876	
A/Anhui/1/2005|EPI_ISL_24	0.2637	0.2517	0.4298	0.2901	0.156	-0.099	0.356	52.94	0.427	0.451	717	759	-0.323057	0.065876	
A/Anhui/1/2006|EPI_ISL_73	0.2729	0.2470	0.4283	0.2910	0.156	-0.084	0.365	54.22	0.422	0.451	713	759	-0.314361	0.065876	
A/Anhui/2/2005|EPI_ISL_24	0.2620	0.2534	0.4338	0.2870	0.159	-0.087	0.363	52.69	0.425	0.450	717	759	-0.321739	0.067194	
A/Anhui/2021-00011/2020|E	0.2676	0.2350	0.4636	0.2717	0.151	-0.095	0.359	51.10	0.398	0.439	714	759	-0.330171	0.067194	
A/Anhui/33163/2016|EPI_IS	0.2698	0.2337	0.4303	0.3040	0.151	-0.095	0.357	50.07	0.422	0.448	715	759	-0.310145	0.065876	
A/Anser_albifrons/Hubei/C	0.2712	0.2401	0.4336	0.2925	0.156	-0.097	0.357	50.63	0.419	0.446	714	759	-0.328854	0.065876	
A/Anser_cygnoides/China/P	0.2887	0.2337	0.4343	0.2841	0.150	-0.114	0.348	54.18	0.405	0.442	716	759	-0.318445	0.065876	
A/Anser_cygnoides/Hubei/F	0.2698	0.2440	0.4250	0.3002	0.155	-0.087	0.363	50.98	0.427	0.448	714	759	-0.317128	0.065876	
A/Anser_fabalis/Hunan/03.	0.2864	0.2401	0.4276	0.2849	0.155	-0.089	0.362	53.39	0.412	0.447	716	759	-0.313966	0.065876	
A/Anser_fabalis/Jiujiang/	0.2672	0.2431	0.4317	0.2954	0.155	-0.098	0.356	51.79	0.424	0.448	713	759	-0.330039	0.065876	
A/bar_headed_goose/Tibet/	0.2847	0.2333	0.4141	0.3046	0.150	-0.101	0.354	50.25	0.423	0.447	714	759	-0.316996	0.068511	
A/Bar-headed_Goose/Qingha	0.2694	0.2453	0.4235	0.3009	0.158	-0.082	0.366	51.39	0.429	0.448	714	759	-0.321871	0.065876	
A/Bar-headed_Goose/Qingha	0.2694	0.2470	0.4209	0.3022	0.159	-0.083	0.366	51.45	0.431	0.450	714	759	-0.330962	0.065876	
A/Bar-headed_Goose/Qingha	0.2707	0.2448	0.4226	0.3004	0.157	-0.085	0.364	51.28	0.429	0.449	714	759	-0.331752	0.065876	
A/Bar-headed_Goose/Qingha	0.2702	0.2444	0.4218	0.2998	0.157	-0.084	0.364	51.34	0.429	0.450	714	759	-0.318050	0.065876	
A/Bar-headed_Goose/Qingha	0.2707	0.2448	0.4209	0.3022	0.158	-0.083	0.366	51.17	0.430	0.450	714	759	-0.331752	0.065876	
A/Bar-headed_Goose/Qingha	0.2707	0.2448	0.4226	0.2998	0.158	-0.083	0.366	51.30	0.429	0.450	714	759	-0.332148	0.065876	
A/Bar-headed_Goose/Qingha	0.2690	0.2466	0.4226	0.3004	0.158	-0.081	0.367	51.37	0.430	0.449	714	759	-0.330566	0.065876	
A/Bar-headed_Goose/Qingha	0.2759	0.2397	0.4250	0.2978	0.156	-0.092	0.360	51.31	0.422	0.448	713	759	-0.331884	0.065876	
A/Bar-headed_Goose/Qingha	0.2707	0.2448	0.4226	0.3004	0.157	-0.085	0.364	51.28	0.429	0.449	714	759	-0.331752	0.065876	
A/Bar-headed_Goose/Qingha	0.2707	0.2448	0.4226	0.2998	0.157	-0.085	0.364	51.20	0.429	0.450	714	759	-0.343610	0.065876	
A/Bar-headed_Goose/Qingha	0.2707	0.2448	0.4226	0.3004	0.157	-0.085	0.364	51.28	0.429	0.449	714	759	-0.331752	0.065876	
A/Bar-headed_Goose/Qingha	0.2707	0.2448	0.4226	0.2998	0.158	-0.085	0.364	51.36	0.429	0.449	714	759	-0.332675	0.065876	
A/Bar-headed_Goose/Qingha	0.2686	0.2461	0.4245	0.2993	0.159	-0.083	0.366	51.42	0.429	0.449	714	759	-0.331489	0.065876	
A/Bar-headed_Goose/Qingha	0.2707	0.2448	0.4242	0.2985	0.158	-0.083	0.366	51.26	0.427	0.449	714	759	-0.331752	0.065876	
A/Bar-headed_Goose/Qingha	0.2694	0.2470	0.4226	0.3004	0.159	-0.086	0.364	51.27	0.430	0.449	714	759	-0.330962	0.065876	
A/Bar-headed_Goose/Qingha	0.2707	0.2448	0.4226	0.3004	0.157	-0.085	0.364	51.28	0.429	0.449	714	759	-0.331752	0.065876	
A/Bar-headed_Goose/Qingha	0.2754	0.2392	0.4242	0.2991	0.156	-0.092	0.360	51.26	0.423	0.448	714	759	-0.328854	0.065876	
A/Bar-headed_Goose/Qingha	0.2754	0.2392	0.4242	0.2991	0.156	-0.092	0.360	51.26	0.423	0.448	714	759	-0.328854	0.065876	
A/Bar-headed_Goose/Qingha	0.2749	0.2388	0.4242	0.2991	0.156	-0.095	0.359	51.20	0.423	0.448	714	759	-0.324638	0.065876	
A/Bar-headed_Goose/Qingha	0.2690	0.2448	0.4242	0.3004	0.156	-0.088	0.363	51.13	0.429	0.449	714	759	-0.331884	0.065876	
A/Bar-headed_Goose/Qingha	0.2712	0.2453	0.4226	0.3004	0.158	-0.086	0.364	51.21	0.429	0.449	714	759	-0.330962	0.065876	
A/Bar-headed_Goose/Qingha	0.2707	0.2448	0.4209	0.3022	0.158	-0.083	0.366	51.17	0.430	0.450	714	759	-0.331752	0.065876	
A/Bar-headed_Goose/Qingha	0.2707	0.2448	0.4242	0.2996	0.158	-0.079	0.367	51.37	0.427	0.448	714	759	-0.321871	0.065876	
A/Bar-headed_Goose/Qingha	0.2702	0.2427	0.4259	0.2991	0.155	-0.087	0.363	51.16	0.426	0.448	714	759	-0.328985	0.065876	
A/Bar-headed_Goose/Qingha	0.2702	0.2427	0.4266	0.2996	0.155	-0.087	0.363	51.12	0.426	0.448	714	759	-0.328063	0.065876	
A/Bar-headed_Goose/Qingha	0.2707	0.2431	0.4252	0.2985	0.156	-0.082	0.366	50.04	0.426	0.448	714	759	-0.337418	0.065876	
A/Bar-headed_Goose/Qingha	0.2707	0.2448	0.4242	0.2991	0.156	-0.082	0.366	51.33	0.427	0.448	714	759	-0.328195	0.065876	
A/Bar-headed_Goose/Qingha	0.2694	0.2435	0.4252	0.2998	0.157	-0.085	0.364	51.36	0.427	0.448	714	759	-0.329117	0.065876	
A/Bar-headed_Goose/Qingha	0.2776	0.2397	0.4226	0.2985	0.157	-0.088	0.363	51.17	0.423	0.449	714	759	-0.331093	0.065876	
A/Bar-headed_Goose/Qingha	0.2690	0.2448	0.4259	0.2985	0.158	-0.083	0.366	51.17	0.427	0.449	714	759	-0.330698	0.065876	
A/Bar-headed_Goose/Qingha	0.2685	0.2444	0.4242	0.3004	0.155	-0.090	0.361	51.11	0.429	0.450	714	759	-0.327536	0.065876	
A/Bar-headed_Goose/Qingha	0.2712	0.2453	0.4233	0.2991	0.157	-0.085	0.365	51.33	0.428	0.449	713	759	-0.334783	0.065876	
A/Bar-headed_Goose/Qingha	0.2712	0.2453	0.4226	0.3004	0.158	-0.086	0.364	51.21	0.429	0.449	714	759	-0.330962	0.065876	
A/Bar-headed_Goose/Qingha	0.2754	0.2392	0.4242	0.2991	0.156	-0.092	0.360	51.26	0.423	0.448	714	759	-0.328854	0.065876	
A/Bar-headed_Goose/Qingha	0.2707	0.2431	0.4266	0.2996	0.156	-0.085	0.364	51.17	0.426	0.447	714	759	-0.332279	0.065876	
A/Bar-headed_Goose/Qingha	0.2754	0.2392	0.4242	0.2991	0.156	-0.092	0.360	51.26	0.423	0.448	714	759	-0.328854	0.065876	
A/Bar-headed_Goose/Qingha	0.2616	0.2478	0.4235	0.3035	0.143	-0.127	0.339	49.90	0.434	0.452	714	759	-0.326219	0.065876	
A/Bar-headed_Goose/Qingha	0.2707	0.2431	0.4242	0.3004	0.156	-0.088	0.363	51.21	0.427	0.449	714	759	-0.331752	0.065876	
A/Bar-headed_Goose/Qingha	0.2690	0.2448	0.4242	0.3004	0.157	-0.085	0.364	51.24	0.429	0.449	714	759	-0.331752	0.065876	
A/Bar-headed_Goose/Qingha	0.2741	0.2397	0.4235	0.3004	0.157	-0.092	0.360	51.29	0.424	0.448	714	759	-0.329381	0.065876	
A/Bar-headed_Goose/Qingha	0.2749	0.2388	0.4235	0.2985	0.156	-0.095	0.359	51.21	0.423	0.449	714	759	-0.321080	0.065876	
A/Bar-headed_Goose/Qingha	0.2754	0.2392	0.4242	0.2991	0.157	-0.089	0.361	51.37	0.423	0.448	714	759	-0.337154	0.065876	
A/Bar-headed_Goose/Qingha	0.2754	0.2392	0.4242	0.2991	0.156	-0.092	0.360	51.26	0.423	0.448	714	759	-0.328854	0.065876	
A/Bar-headed_Goose/Qingha	0.2754	0.2392	0.4226	0.3009	0.156	-0.092	0.360	51.46	0.424	0.448	714	759	-0.328854	0.065876	
A/Bar-headed_Goose/Qingha	0.2694	0.2453	0.4218	0.3016	0.158	-0.085	0.364	51.32	0.430	0.450	714	759	-0.332279	0.065876	
A/Bar-headed_Goose/Qingha	0.2707	0.2448	0.4226	0.3004	0.157	-0.085	0.364	51.28	0.429	0.449	714	759	-0.331752	0.065876	
A/Bar-headed_Goose/Qingha	0.2690	0.2466	0.4226	0.3004	0.158	-0.083	0.366	51.24	0.430	0.450	714	759	-0.331752	0.065876	
A/Bar-headed_Goose/Qingha	0.2690	0.2466	0.4226	0.3004	0.158	-0.083	0.366	51.24	0.430	0.450	714	759	-0.331752	0.065876	
A/Bar-headed_Goose/Qingha	0.2707	0.2466	0.4209	0.3004	0.158	-0.083	0.366	51.36	0.430	0.449	714	759	-0.323715	0.065876	
A/Bar-headed_Goose/Qingha	0.2754	0.2392	0.4242	0.2991	0.156	-0.092	0.360	51.26	0.423	0.448	714	759	-0.328854	0.065876	
A/Bar-headed_Goose/Qingha	0.2754	0.2392	0.4242	0.2991	0.156	-0.092	0.360	51.26	0.423	0.448	714	759	-0.328854	0.065876	
A/Bar-headed_Goose/Qingha	0.2702	0.2444	0.4233	0.2996	0.156	-0.090	0.362	51.32	0.428	0.449	713	759	-0.330435	0.065876	
A/Bar-headed_Goose/Qingha	0.2702	0.2444	0.4226	0.2991	0.156	-0.090	0.362	51.33	0.428	0.450	713	759	-0.326877	0.065876	
A/Bar-headed_Goose/Qingha	0.2702	0.2444	0.4226	0.3009	0.156	-0.087	0.363	51.26	0.429	0.449	714	759	-0.320685	0.065876	
A/Bar-headed_Goose/Qingha	0.2694	0.2453	0.4218	0.3016	0.158	-0.085	0.364	51.32	0.430	0.450	714	759	-0.332279	0.065876	
A/Bar-headed_Goose/Qingha	0.2685	0.2461	0.4218	0.2998	0.157	-0.085	0.364	51.16	0.430	0.451	714	759	-0.328985	0.065876	
A/Bar-headed_Goose/Qingha	0.2685	0.2461	0.4226	0.3004	0.156	-0.085	0.364	51.14	0.430	0.450	714	759	-0.332543	0.065876	
A/Bar-headed_Goose/Qingha	0.2754	0.2392	0.4242	0.2991	0.157	-0.090	0.361	51.38	0.423	0.448	714	759	-0.323979	0.065876	
A/Bar-headed_Goose/Qingha	0.2754	0.2392	0.4242	0.2991	0.157	-0.090	0.361	51.38	0.423	0.448	714	759	-0.323979	0.065876	
A/Bar-headed_Goose/Qingha	0.2707	0.2448	0.4226	0.3004	0.157	-0.085	0.364	51.28	0.429	0.449	714	759	-0.331752	0.065876	
A/Bar-headed_Goose/Qingha	0.2690	0.2466	0.4226	0.3004	0.158	-0.083	0.366	51.32	0.430	0.450	714	759	-0.331752	0.065876	
A/Bar-headed_Goose/Qingha	0.2690	0.2466	0.4226	0.3004	0.157	-0.088	0.363	51.29	0.430	0.450	714	759	-0.331752	0.065876	
A/Bar-headed_Goose/Qingha	0.2702	0.2444	0.4218	0.2998	0.157	-0.085	0.364	51.33	0.429	0.450	714	759	-0.323847	0.065876	
A/Bar-headed_Goose/Qingha	0.2702	0.2444	0.4226	0.3004	0.156	-0.087	0.363	51.18	0.429	0.450	714	759	-0.332543	0.065876	
A/Bar-headed_Goose/Qingha	0.2702	0.2444	0.4218	0.2998	0.157	-0.088	0.363	51.23	0.429	0.450	714	759	-0.323979	0.065876	
A/Bar-headed_Goose/Qingha	0.2685	0.2461	0.4226	0.3004	0.156	-0.085	0.364	51.14	0.430	0.450	714	759	-0.332543	0.065876	
A/Bar-headed_Goose/Qingha	0.2685	0.2461	0.4226	0.3004	0.157	-0.085	0.364	51.19	0.430	0.450	714	759	-0.327536	0.065876	
A/Bar-headed_Goose/Qingha	0.2749	0.2388	0.4242	0.2991	0.156	-0.095	0.359	51.20	0.423	0.448	714	759	-0.324638	0.065876	
A/Bar-headed_Goose/Qingha	0.2749	0.2388	0.4235	0.2985	0.155	-0.094	0.359	51.17	0.423	0.449	714	759	-0.326087	0.065876	
A/Bar-headed_Goose/Qingha	0.2702	0.2444	0.4233	0.3009	0.156	-0.090	0.361	51.07	0.429	0.449	714	759	-0.333202	0.067194	
A/Bar-headed_Goose/Qingha	0.2702	0.2444	0.4233	0.3009	0.156	-0.090	0.361	51.12	0.429	0.449	714	759	-0.328195	0.067194	
A/Bar-headed_Goose/Qingha	0.2707	0.2448	0.4226	0.2998	0.158	-0.083	0.366	51.30	0.429	0.450	714	759	-0.332148	0.065876	
A/Bar-headed_Goose/Qingha	0.2707	0.2448	0.4226	0.3004	0.157	-0.085	0.364	51.28	0.429	0.449	714	759	-0.331752	0.065876	
A/Bar-headed_Goose/Qingha	0.2737	0.2410	0.4242	0.2991	0.156	-0.092	0.360	51.26	0.424	0.448	714	759	-0.328854	0.065876	
A/Bar-headed_Goose/Qingha	0.2754	0.2392	0.4242	0.2991	0.156	-0.092	0.360	51.26	0.423	0.448	714	759	-0.328854	0.065876	
A/Bar-headed_goose/Qingha	0.2778	0.2326	0.4609	0.2653	0.159	-0.085	0.364	51.37	0.391	0.438	708	752	-0.335505	0.066489	
A/Bar-headed_goose/Qingha	0.2776	0.2310	0.4637	0.2647	0.158	-0.085	0.364	51.37	0.389	0.437	714	759	-0.340316	0.065876	
A/Bar-headed_goose/Qingha	0.2776	0.2310	0.4654	0.2629	0.158	-0.085	0.364	51.33	0.388	0.437	714	759	-0.340316	0.065876	
A/Bar-headed_goose/Qingha	0.2776	0.2310	0.4654	0.2629	0.158	-0.085	0.364	51.41	0.388	0.437	714	759	-0.334914	0.065876	
A/Bar-headed_goose/Qingha	0.2771	0.2306	0.4654	0.2629	0.158	-0.086	0.363	51.34	0.388	0.437	714	759	-0.330171	0.065876	
A/Bar-headed_goose/Qingha	0.2771	0.2306	0.4654	0.2629	0.157	-0.087	0.363	51.30	0.388	0.437	714	759	-0.336232	0.065876	
A/Bar-headed_goose/Qingha	0.2776	0.2310	0.4654	0.2629	0.158	-0.085	0.364	51.33	0.388	0.437	714	759	-0.340316	0.065876	
A/Bar-headed_goose/Qingha	0.2771	0.2306	0.4654	0.2629	0.157	-0.087	0.363	51.30	0.388	0.437	714	759	-0.336232	0.065876	
A/Bar-headed_Goose/Qingha	0.2694	0.2453	0.4218	0.3016	0.158	-0.085	0.364	51.39	0.430	0.450	714	759	-0.331752	0.065876	
A/Bar-headed_Goose/Qingha	0.2707	0.2448	0.4226	0.3004	0.157	-0.085	0.364	51.28	0.429	0.449	714	759	-0.331752	0.065876	
A/Bar-headed_Goose/Qingha	0.2694	0.2453	0.4218	0.3016	0.158	-0.085	0.364	51.32	0.430	0.450	714	759	-0.332279	0.065876	
A/Bar-headed_Goose/Qingha	0.2707	0.2448	0.4226	0.3004	0.157	-0.085	0.364	51.28	0.429	0.449	714	759	-0.331752	0.065876	
A/Bar-headed_Goose/Qingha	0.2712	0.2453	0.4226	0.3004	0.158	-0.086	0.364	51.21	0.429	0.449	714	759	-0.330962	0.065876	
A/Bar-headed_Goose/Qingha	0.2707	0.2448	0.4226	0.3004	0.157	-0.085	0.364	51.28	0.429	0.449	714	759	-0.331752	0.065876	
A/Bar-headed_Goose/Qingha	0.2707	0.2448	0.4226	0.3004	0.157	-0.085	0.364	51.28	0.429	0.449	714	759	-0.331752	0.065876	
A/Bar-headed_Goose/Tibet/	0.2864	0.2350	0.4158	0.2991	0.150	-0.098	0.356	50.45	0.420	0.446	714	759	-0.316996	0.068511	
A/Bar-headed_Goose/Tibet/	0.2847	0.2333	0.4158	0.3028	0.150	-0.101	0.354	50.17	0.422	0.446	714	759	-0.316996	0.068511	
A/Bar-headed_Goose/Tibet/	0.2847	0.2333	0.4175	0.3009	0.150	-0.101	0.354	50.06	0.420	0.446	714	759	-0.316996	0.068511	
A/Bar-headed_Goose/Tibet/	0.2864	0.2350	0.4141	0.3009	0.150	-0.098	0.356	50.28	0.422	0.446	714	759	-0.316996	0.068511	
A/Bar-headed_Goose/Tibet/	0.2651	0.2444	0.4295	0.2985	0.153	-0.096	0.358	49.60	0.427	0.448	715	759	-0.319895	0.065876	
A/Bar-headed_Goose/Tibet/	0.2633	0.2461	0.4295	0.2985	0.154	-0.094	0.359	49.60	0.428	0.448	715	759	-0.319895	0.065876	
A/Bar-headed_Goose/Tibet/	0.2847	0.2333	0.4158	0.3028	0.150	-0.101	0.354	50.17	0.422	0.446	714	759	-0.316996	0.068511	
A/Bar-headed_Goose/Tibet/	0.2847	0.2333	0.4158	0.3022	0.151	-0.101	0.354	50.13	0.422	0.447	714	759	-0.323847	0.068511	
A/Bar-headed_Goose/Tibet/	0.2847	0.2333	0.4158	0.3022	0.151	-0.101	0.354	50.13	0.422	0.447	714	759	-0.323847	0.068511	
A/Bar-headed_Goose/Tibet/	0.2847	0.2333	0.4158	0.3022	0.151	-0.101	0.354	50.13	0.422	0.447	714	759	-0.323847	0.068511	
A/Bar-headed_Goose/Tibet/	0.2847	0.2333	0.4158	0.3022	0.151	-0.101	0.354	50.13	0.422	0.447	714	759	-0.323847	0.068511	
A/Bar-headed_Goose/Tibet/	0.2847	0.2350	0.4141	0.3028	0.151	-0.096	0.357	50.25	0.423	0.447	714	759	-0.316996	0.068511	
A/Bar-headed_Goose/Tibet/	0.2864	0.2350	0.4141	0.3009	0.150	-0.098	0.356	50.28	0.422	0.446	714	759	-0.316996	0.068511	
A/Bar-headed_Goose/Tibet/	0.2864	0.2350	0.4158	0.2991	0.150	-0.098	0.356	50.45	0.420	0.446	714	759	-0.316996	0.068511	
A/bean_goose/Hubei/BQ11/2	0.2830	0.2333	0.4226	0.2972	0.150	-0.096	0.357	50.26	0.417	0.446	714	759	-0.319499	0.067194	
A/Bean_Goose/Hubei/chenhu	0.2830	0.2350	0.4317	0.2868	0.155	-0.092	0.360	51.37	0.410	0.444	714	759	-0.318577	0.065876	
A/Bean_goose/Hubei/CH-i11	0.2694	0.2470	0.4226	0.3004	0.159	-0.083	0.366	51.23	0.430	0.449	714	759	-0.330962	0.065876	
A/Bean_goose/Hubei/CH-i12	0.2690	0.2466	0.4226	0.3004	0.158	-0.086	0.364	51.12	0.430	0.450	714	759	-0.326746	0.065876	
A/Bean_goose/Hubei/CH-I22	0.2737	0.2289	0.4755	0.2588	0.156	-0.085	0.365	50.47	0.383	0.436	713	759	-0.329908	0.065876	
A/Bean_goose/Hubei/CH-i32	0.2685	0.2461	0.4226	0.3004	0.157	-0.086	0.364	51.13	0.430	0.450	714	759	-0.322661	0.065876	
A/black_chicken/Jiangxi/1	0.2864	0.2350	0.4310	0.2868	0.151	-0.102	0.355	53.30	0.409	0.445	716	759	-0.327009	0.065876	
A/Black_faced_Spoonbill/A	0.2660	0.2470	0.4349	0.2904	0.155	-0.096	0.358	51.04	0.423	0.448	712	759	-0.339262	0.065876	
A/Black_Faced_Spoonbill/H	0.2651	0.2530	0.4218	0.2972	0.155	-0.077	0.368	50.16	0.433	0.450	714	759	-0.318445	0.065876	
A/Black_Faced_Spoonbill/H	0.2690	0.2448	0.4349	0.2897	0.156	-0.095	0.358	51.41	0.420	0.447	712	759	-0.331225	0.065876	
A/black_swan/Beijing/1/20	0.2808	0.2346	0.4175	0.3028	0.148	-0.101	0.354	50.29	0.423	0.447	714	759	-0.319236	0.067194	
A/black-backed_gull/Shand	0.2830	0.2350	0.4175	0.3009	0.150	-0.097	0.357	50.48	0.422	0.446	714	759	-0.318445	0.067194	
A/Black-necked_Grebe/Inne	0.2668	0.2427	0.4226	0.3029	0.142	-0.136	0.334	49.53	0.431	0.451	713	759	-0.328195	0.064559	
A/Black-necked_Grebe/Inne	0.2625	0.2487	0.4276	0.2985	0.144	-0.129	0.338	49.50	0.431	0.449	713	759	-0.327668	0.064559	
A/Black-necked_Grebe/Inne	0.2642	0.2470	0.4259	0.2998	0.146	-0.122	0.342	49.65	0.431	0.449	713	759	-0.328063	0.064559	
A/Black-necked_Grebe/Inne	0.2642	0.2470	0.4259	0.2998	0.145	-0.122	0.342	49.60	0.431	0.450	713	759	-0.328063	0.064559	
A/Black-necked_Grebe/Inne	0.2625	0.2487	0.4259	0.2998	0.145	-0.124	0.341	49.59	0.432	0.450	713	759	-0.328063	0.064559	
A/Black-necked_Grebe/Inne	0.2642	0.2470	0.4259	0.2998	0.145	-0.122	0.342	49.60	0.431	0.450	713	759	-0.328063	0.064559	
A/Black-necked_Grebe/Inne	0.2642	0.2470	0.4259	0.2998	0.145	-0.122	0.342	49.60	0.431	0.450	713	759	-0.328063	0.064559	
A/Black-necked_Grebe/Inne	0.2621	0.2483	0.4259	0.2998	0.145	-0.124	0.341	49.52	0.432	0.451	713	759	-0.325560	0.064559	
A/Brown-headed_Gull/Qingh	0.2719	0.2427	0.4209	0.3022	0.156	-0.090	0.361	51.11	0.429	0.450	714	759	-0.332543	0.065876	
A/Brown-headed_Gull/Qingh	0.2719	0.2427	0.4226	0.3004	0.156	-0.090	0.361	51.02	0.427	0.449	714	759	-0.332543	0.065876	
A/Brown-headed_Gull/Qingh	0.2702	0.2444	0.4226	0.3004	0.157	-0.088	0.363	51.23	0.429	0.450	714	759	-0.327536	0.065876	
A/Brown-headed_Gull/Qingh	0.2702	0.2444	0.4226	0.3004	0.157	-0.088	0.363	51.23	0.429	0.450	714	759	-0.327536	0.065876	
A/Brown-headed_Gull/Qingh	0.2707	0.2448	0.4242	0.2985	0.158	-0.083	0.366	51.26	0.427	0.449	714	759	-0.331752	0.065876	
A/Brown-headed_Gull/Qingh	0.2754	0.2392	0.4242	0.2991	0.157	-0.090	0.361	51.38	0.423	0.448	714	759	-0.323979	0.065876	
A/Brown-headed_Gull/Qingh	0.2749	0.2388	0.4242	0.2991	0.156	-0.093	0.360	51.32	0.423	0.448	714	759	-0.319763	0.065876	
A/Brown-headed_Gull/Qingh	0.2707	0.2448	0.4226	0.3004	0.158	-0.085	0.364	51.30	0.429	0.450	714	759	-0.328458	0.065876	
A/Brown-headed_Gull/Qingh	0.2685	0.2461	0.4226	0.3004	0.157	-0.085	0.364	51.19	0.430	0.450	714	759	-0.327536	0.065876	
A/brown-headed_gull/Tibet	0.2847	0.2333	0.4158	0.3022	0.150	-0.101	0.354	49.95	0.422	0.447	714	759	-0.312516	0.068511	
A/Brown-headed_Gull/Tibet	0.2864	0.2350	0.4141	0.3009	0.150	-0.098	0.356	50.28	0.422	0.446	714	759	-0.316996	0.068511	
A/Brown-headed_Gull/Tibet	0.2813	0.2367	0.4158	0.3033	0.150	-0.096	0.357	50.02	0.424	0.447	714	759	-0.316601	0.068511	
A/Brown-headed_Gull/Tibet	0.2796	0.2384	0.4158	0.3033	0.150	-0.094	0.359	50.05	0.426	0.447	714	759	-0.317128	0.068511	
A/canine/China/GX30/2023|	0.2847	0.2298	0.4242	0.2978	0.149	-0.095	0.357	49.67	0.415	0.443	714	759	-0.317523	0.069829	
A/cat/Sichuan/SC18/2014|E	0.2869	0.2354	0.4334	0.2836	0.150	-0.105	0.352	53.10	0.407	0.444	715	759	-0.323584	0.065876	
A/cat/Zhejiang/C1/2016|EP	0.2607	0.2436	0.4346	0.2985	0.150	-0.102	0.352	50.72	0.426	0.449	716	759	-0.300132	0.065876	
A/cat/Zhejiang/C2/2016|EP	0.2612	0.2440	0.4346	0.2980	0.151	-0.108	0.349	50.77	0.426	0.449	716	759	-0.306324	0.065876	
A/Changsha/1/2014|EPI_ISL	0.2921	0.2302	0.4303	0.2873	0.151	-0.112	0.349	54.08	0.405	0.443	716	759	-0.313966	0.064559	
A/chicken/Anhui/S1740/202	0.2840	0.2358	0.4199	0.3002	0.149	-0.103	0.354	50.47	0.420	0.444	714	759	-0.314625	0.067194	
A/chicken/Beijing/BJ7/201	0.2762	0.2316	0.4223	0.3105	0.147	-0.115	0.345	50.44	0.424	0.447	714	759	-0.303821	0.065876	
A/chicken/CH/a556/2015|EP	0.2934	0.2326	0.4510	0.2615	0.163	-0.100	0.355	49.96	0.388	0.436	712	759	-0.309091	0.065876	
A/chicken/Changhua/150101	0.2867	0.2349	0.4216	0.2965	0.153	-0.105	0.352	51.21	0.417	0.443	713	759	-0.317786	0.065876	
A/chicken/Changhua/150102	0.2862	0.2345	0.4240	0.2952	0.151	-0.112	0.348	51.03	0.415	0.442	713	759	-0.320685	0.065876	
A/chicken/Changhua/150103	0.2889	0.2318	0.4240	0.2952	0.152	-0.109	0.350	51.16	0.413	0.442	712	759	-0.320290	0.065876	
A/chicken/Changhua/150103	0.2850	0.2349	0.4257	0.2952	0.152	-0.107	0.351	50.78	0.415	0.442	713	759	-0.321476	0.065876	
A/chicken/Changhua/150103	0.2850	0.2366	0.4266	0.2910	0.152	-0.110	0.349	50.82	0.414	0.442	713	759	-0.318313	0.065876	
A/chicken/Changhua/150103	0.2828	0.2379	0.4250	0.2928	0.151	-0.106	0.351	51.26	0.417	0.443	713	759	-0.316074	0.064559	
A/chicken/Changhua/150400	0.2568	0.2517	0.4579	0.2689	0.156	-0.105	0.351	49.69	0.410	0.445	715	759	-0.308564	0.065876	
A/chicken/Changhua/150400	0.2564	0.2513	0.4596	0.2670	0.155	-0.112	0.347	49.49	0.408	0.445	715	759	-0.306061	0.065876	
A/chicken/Changhua/150400	0.2568	0.2517	0.4579	0.2689	0.157	-0.108	0.350	49.53	0.410	0.445	715	759	-0.305270	0.065876	
A/chicken/Changhua/150400	0.2568	0.2517	0.4579	0.2689	0.157	-0.108	0.350	49.53	0.410	0.445	715	759	-0.305270	0.065876	
A/chicken/Changhua/150500	0.2879	0.2328	0.4223	0.2970	0.151	-0.112	0.348	51.27	0.415	0.443	713	759	-0.317391	0.065876	
A/chicken/Changhua/150500	0.2551	0.2534	0.4562	0.2707	0.155	-0.112	0.347	49.58	0.413	0.446	715	759	-0.305270	0.065876	
A/chicken/Changhua/150600	0.2879	0.2328	0.4223	0.2970	0.151	-0.112	0.348	51.27	0.415	0.443	713	759	-0.317391	0.065876	
A/chicken/Changhua/150600	0.2564	0.2530	0.4512	0.2744	0.155	-0.112	0.347	49.86	0.415	0.448	715	759	-0.301054	0.065876	
A/chicken/Changhua/150600	0.2879	0.2328	0.4223	0.2970	0.151	-0.112	0.348	51.27	0.415	0.443	713	759	-0.317391	0.065876	
A/chicken/Changhua/151200	0.2850	0.2383	0.4216	0.2952	0.155	-0.098	0.356	51.20	0.418	0.444	713	759	-0.314624	0.065876	
A/chicken/Changhua/160100	0.2828	0.2345	0.4274	0.2952	0.151	-0.112	0.348	50.88	0.415	0.442	713	759	-0.318445	0.065876	
A/chicken/Changhua/170600	0.2936	0.2228	0.4250	0.2978	0.147	-0.127	0.339	50.49	0.408	0.440	713	759	-0.325296	0.065876	
A/chicken/Changhua/180400	0.2803	0.2388	0.4257	0.2965	0.155	-0.109	0.351	51.93	0.419	0.444	713	759	-0.322661	0.065876	
A/chicken/Chiayi/15010287	0.2862	0.2345	0.4240	0.2952	0.151	-0.112	0.348	51.03	0.415	0.442	713	759	-0.320685	0.065876	
A/chicken/Chiayi/15010409	0.2837	0.2370	0.4291	0.2897	0.153	-0.109	0.350	50.65	0.413	0.442	712	759	-0.309354	0.065876	
A/chicken/Chiayi/15010454	0.2568	0.2517	0.4562	0.2707	0.155	-0.112	0.347	49.59	0.411	0.446	715	759	-0.305270	0.065876	
A/chicken/Chiayi/17040009	0.2798	0.2383	0.4223	0.3002	0.153	-0.113	0.348	51.70	0.422	0.444	713	759	-0.324506	0.065876	
A/chicken/Chiayi/18120003	0.2810	0.2362	0.4233	0.2978	0.153	-0.094	0.359	51.90	0.419	0.446	713	759	-0.328985	0.065876	
A/chicken/China/007/2019|	0.2741	0.2328	0.4578	0.2731	0.153	-0.101	0.355	51.65	0.397	0.440	713	759	-0.335310	0.065876	
A/chicken/China/Cangzhou0	0.2685	0.2427	0.4334	0.2923	0.152	-0.103	0.353	51.29	0.421	0.448	713	759	-0.335441	0.065876	
A/chicken/China/E93/2012|	0.2719	0.2496	0.4435	0.2744	0.162	-0.065	0.375	53.89	0.411	0.444	715	759	-0.308696	0.065876	
A/chicken/China/E96/2012|	0.2724	0.2483	0.4428	0.2762	0.160	-0.070	0.372	53.94	0.411	0.444	715	759	-0.308696	0.065876	
A/chicken/Chiping/0321/20	0.2710	0.2350	0.4216	0.3112	0.147	-0.111	0.347	50.51	0.429	0.449	714	759	-0.310935	0.065876	
A/chicken/chongqing/H1/20	0.2655	0.2345	0.4579	0.2799	0.148	-0.128	0.339	49.57	0.403	0.442	714	759	-0.323452	0.065876	
A/chicken/Chongqing/SD001	0.2707	0.2293	0.4529	0.2855	0.147	-0.133	0.336	49.83	0.403	0.442	714	759	-0.323452	0.065876	
A/chicken/Dongguan/2690/2	0.2887	0.2337	0.4327	0.2860	0.151	-0.111	0.349	54.36	0.406	0.442	716	759	-0.315283	0.065876	
A/chicken/Dongguan/3363/2	0.2904	0.2320	0.4327	0.2860	0.151	-0.109	0.351	54.18	0.405	0.441	716	759	-0.321739	0.065876	
A/chicken/Dongguan/4259/2	0.2921	0.2302	0.4293	0.2891	0.151	-0.116	0.346	54.22	0.406	0.443	716	759	-0.318840	0.065876	
A/chicken/Fujian/05.07_FZ	0.2870	0.2383	0.4242	0.2910	0.155	-0.108	0.352	54.39	0.414	0.445	707	749	-0.305741	0.066756	
A/chicken/Fujian/09.16_GT	0.2887	0.2320	0.4293	0.2915	0.152	-0.109	0.351	54.32	0.409	0.444	716	759	-0.315151	0.065876	
A/chicken/Fujian/10.08_FZ	0.2904	0.2354	0.4276	0.2878	0.153	-0.103	0.353	54.28	0.409	0.443	716	759	-0.313043	0.065876	
A/chicken/Fujian/11.23_FZ	0.2793	0.2328	0.4645	0.2587	0.157	-0.085	0.365	50.05	0.387	0.439	713	759	-0.327273	0.065876	
A/chicken/Gansu/5/2012|EP	0.2719	0.2496	0.4418	0.2739	0.161	-0.072	0.370	54.06	0.412	0.445	714	759	-0.307246	0.065876	
A/chicken/Gansu/6/2012|EP	0.2690	0.2517	0.4411	0.2771	0.162	-0.063	0.376	54.35	0.415	0.446	715	759	-0.316074	0.065876	
A/chicken/Ganzhou/GZ27/20	0.2702	0.2513	0.4266	0.2904	0.159	-0.078	0.368	53.94	0.426	0.450	714	759	-0.324374	0.065876	
A/chicken/Guangdong/04.15	0.2604	0.2448	0.4167	0.3167	0.154	-0.099	0.355	50.97	0.441	0.455	707	750	-0.295067	0.066667	
A/chicken/Guangdong/10.16	0.2629	0.2440	0.4195	0.3132	0.152	-0.104	0.352	51.44	0.437	0.452	716	759	-0.308564	0.065876	
A/chicken/Guangdong/GD160	0.2672	0.2414	0.4245	0.3053	0.150	-0.100	0.354	50.98	0.429	0.450	715	759	-0.309354	0.065876	
A/chicken/Guangdong/MG170	0.2872	0.2266	0.4602	0.2652	0.159	-0.078	0.369	49.67	0.386	0.437	713	759	-0.329908	0.065876	
A/chicken/Guangdong/MG171	0.2889	0.2249	0.4585	0.2670	0.158	-0.083	0.366	49.77	0.386	0.437	713	759	-0.329908	0.065876	
A/chicken/Guangdong/MG171	0.2872	0.2266	0.4602	0.2652	0.160	-0.078	0.369	49.76	0.386	0.437	713	759	-0.329908	0.065876	
A/chicken/Guangdong/MG171	0.2869	0.2320	0.4226	0.2960	0.149	-0.103	0.353	50.03	0.415	0.444	714	759	-0.308564	0.067194	
A/chicken/Guangdong/MG173	0.2749	0.2268	0.4975	0.2366	0.152	-0.079	0.369	50.21	0.364	0.430	715	759	-0.332016	0.067194	
A/chicken/Guangdong/MG173	0.2864	0.2298	0.4226	0.2978	0.150	-0.093	0.359	49.78	0.415	0.444	714	759	-0.312648	0.067194	
A/chicken/Guangxi/04.10_N	0.2765	0.2383	0.4140	0.3128	0.148	-0.130	0.338	51.91	0.431	0.450	707	750	-0.295067	0.066667	
A/chicken/Guangxi/16/2019	0.2953	0.2176	0.4576	0.2704	0.157	-0.080	0.367	50.33	0.381	0.433	713	759	-0.327141	0.065876	
A/chicken/Guangxi/S2039/2	0.2740	0.2449	0.4226	0.2972	0.155	-0.093	0.359	53.58	0.426	0.451	716	759	-0.327800	0.065876	
A/chicken/Guizhou/8.26_ZY	0.2729	0.2383	0.4233	0.3046	0.153	-0.099	0.355	52.57	0.426	0.448	713	759	-0.300659	0.065876	
A/chicken/GY/a451/2015|EP	0.2929	0.2288	0.4527	0.2638	0.160	-0.102	0.354	49.87	0.386	0.436	712	759	-0.309486	0.065876	
A/Chicken/Hangzhou/E1149/	0.2534	0.2432	0.4698	0.2679	0.145	-0.117	0.345	50.36	0.402	0.444	716	759	-0.326482	0.065876	
A/chicken/Hebei/3/2013|EP	0.2698	0.2405	0.4223	0.3081	0.152	-0.100	0.354	51.20	0.430	0.448	714	759	-0.307905	0.065876	
A/chicken/Heilongjiang/S7	0.2899	0.2316	0.4327	0.2865	0.149	-0.114	0.348	54.36	0.405	0.441	716	759	-0.318841	0.065876	
A/chicken/Henan/Q7/2013|E	0.2732	0.2337	0.4216	0.3112	0.148	-0.109	0.349	50.37	0.427	0.448	714	759	-0.310145	0.065876	
A/chicken/Hsinchu/1608000	0.2828	0.2362	0.4274	0.2939	0.150	-0.117	0.345	50.79	0.415	0.441	713	759	-0.318050	0.065876	
A/chicken/Hubei/03.06__WH	0.2669	0.2426	0.4228	0.3031	0.150	-0.105	0.351	50.90	0.430	0.451	707	750	-0.288267	0.066667	
A/chicken/Hubei/03.06__WH	0.2847	0.2419	0.4283	0.2849	0.156	-0.087	0.363	53.55	0.413	0.447	716	759	-0.324374	0.065876	
A/chicken/Hubei/2856/2007	0.2685	0.2444	0.4007	0.3266	0.148	-0.097	0.357	53.06	0.448	0.457	714	759	-0.325428	0.065876	
A/chicken/Hubei/ZYSJF11/2	0.2668	0.2410	0.4245	0.3071	0.150	-0.104	0.352	51.14	0.430	0.450	716	759	-0.305533	0.065876	
A/chicken/Hubei/ZYSJF16/2	0.2668	0.2410	0.4245	0.3071	0.150	-0.104	0.352	51.14	0.430	0.450	716	759	-0.305533	0.065876	
A/chicken/Hubei/ZYSJF38/2	0.2668	0.2410	0.4245	0.3071	0.150	-0.104	0.352	51.14	0.430	0.450	716	759	-0.305533	0.065876	
A/Chicken/Huizhou/16274/2	0.2798	0.2245	0.4687	0.2657	0.155	-0.094	0.359	50.51	0.384	0.436	713	759	-0.334783	0.065876	
A/chicken/Hunan/02.06_YYG	0.2729	0.2349	0.4687	0.2625	0.154	-0.095	0.359	50.87	0.390	0.436	713	759	-0.333201	0.065876	
A/chicken/Hunan/03.07_YYG	0.2672	0.2500	0.4206	0.3020	0.146	-0.119	0.344	52.27	0.433	0.451	713	759	-0.311331	0.065876	
A/chicken/Hunan/03.07_YYG	0.2741	0.2310	0.4653	0.2675	0.157	-0.087	0.363	51.13	0.391	0.438	713	759	-0.334914	0.065876	
A/chicken/Hunan/3.07_YYGK	0.2672	0.2500	0.4206	0.3020	0.146	-0.119	0.344	52.27	0.433	0.451	713	759	-0.311331	0.065876	
A/chicken/Hunan/04.14_YYG	0.2801	0.2423	0.4310	0.2878	0.154	-0.097	0.358	54.01	0.415	0.446	716	759	-0.315151	0.065876	
A/chicken/Hunan/04.14_YYK	0.2825	0.2397	0.4269	0.2910	0.151	-0.103	0.354	53.30	0.416	0.446	717	759	-0.325955	0.065876	
A/chicken/Hunan/04.14_YYX	0.2776	0.2310	0.4654	0.2629	0.158	-0.085	0.364	51.33	0.388	0.437	714	759	-0.340316	0.065876	
A/chicken/Hunan/12.07__YY	0.2894	0.2374	0.4215	0.2905	0.152	-0.109	0.351	53.36	0.414	0.447	707	749	-0.318825	0.066756	
A/chicken/Hunan/12.07_YYG	0.2860	0.2380	0.4293	0.2855	0.151	-0.097	0.358	52.95	0.411	0.445	716	759	-0.327931	0.065876	
A/chicken/Hunan/12.27_YYG	0.2776	0.2310	0.4192	0.3114	0.144	-0.143	0.329	51.80	0.426	0.448	714	759	-0.303689	0.065876	
A/chicken/Hunan/12.27_YYG	0.2773	0.2357	0.4721	0.2528	0.160	-0.083	0.367	50.74	0.383	0.436	712	759	-0.336100	0.065876	
A/chicken/Hunan/12.27_YYG	0.2754	0.2392	0.4729	0.2495	0.157	-0.074	0.370	50.60	0.384	0.436	713	759	-0.342556	0.065876	
A/chicken/Hunan/12.28_YYG	0.2904	0.2320	0.4293	0.2897	0.152	-0.109	0.351	54.34	0.408	0.443	716	759	-0.318445	0.065876	
A/chicken/Hunan/1793/2007	0.2769	0.2410	0.4281	0.2938	0.158	-0.092	0.361	54.23	0.419	0.449	720	767	-0.298175	0.067797	
A/chicken/Hunan/3157/2006	0.2646	0.2440	0.4024	0.3284	0.146	-0.101	0.354	52.91	0.450	0.457	714	759	-0.333465	0.065876	
A/chicken/Hunan/HN40/2015	0.2852	0.2388	0.4327	0.2847	0.154	-0.097	0.358	54.21	0.409	0.443	716	759	-0.318050	0.065876	
A/chicken/Hunan/HN58/2015	0.2830	0.2401	0.4360	0.2810	0.153	-0.100	0.356	54.03	0.408	0.443	716	759	-0.313966	0.065876	
A/chicken/Hunan/HN75/2015	0.2887	0.2337	0.4403	0.2786	0.152	-0.106	0.351	54.63	0.400	0.438	717	759	-0.300790	0.065876	
A/chicken/Hunan/HN158/201	0.2897	0.2224	0.4610	0.2662	0.156	-0.092	0.360	50.11	0.383	0.435	713	759	-0.329908	0.065876	
A/chicken/Hunan/HN244/201	0.2897	0.2224	0.4593	0.2680	0.156	-0.092	0.360	50.30	0.384	0.435	713	759	-0.329908	0.065876	
A/chicken/Hunan/HN245/201	0.2914	0.2207	0.4618	0.2667	0.157	-0.091	0.362	49.96	0.381	0.434	713	759	-0.334387	0.067194	
A/chicken/Hunan/HN247/201	0.2897	0.2224	0.4610	0.2662	0.156	-0.092	0.360	50.11	0.383	0.435	713	759	-0.329908	0.065876	
A/chicken/Hunan/HN248/201	0.2763	0.2349	0.4670	0.2601	0.160	-0.080	0.367	50.50	0.388	0.437	713	759	-0.333597	0.065876	
A/chicken/Hunan/HN249/201	0.2897	0.2224	0.4610	0.2662	0.156	-0.092	0.360	50.11	0.383	0.435	713	759	-0.329908	0.065876	
A/chicken/Hunan/HN250/201	0.2914	0.2207	0.4618	0.2667	0.157	-0.091	0.362	49.96	0.381	0.434	713	759	-0.334387	0.067194	
A/chicken/Hunan/HN251/201	0.2897	0.2224	0.4618	0.2667	0.156	-0.093	0.360	50.09	0.383	0.434	713	759	-0.331225	0.067194	
A/chicken/Hunan/HN252/201	0.2897	0.2224	0.4618	0.2667	0.156	-0.093	0.360	50.09	0.383	0.434	713	759	-0.331225	0.067194	
A/chicken/Hunan/HN254/201	0.2897	0.2224	0.4610	0.2662	0.156	-0.092	0.360	50.11	0.383	0.435	713	759	-0.329908	0.065876	
A/chicken/Hunan/HN255/201	0.2897	0.2224	0.4610	0.2662	0.156	-0.092	0.360	50.11	0.383	0.435	713	759	-0.329908	0.065876	
A/chicken/Hunan/HN263/201	0.2672	0.2414	0.4653	0.2638	0.160	-0.075	0.370	50.52	0.397	0.440	713	759	-0.338076	0.065876	
A/chicken/Hunan/HN264/201	0.2672	0.2414	0.4653	0.2638	0.160	-0.075	0.370	50.46	0.397	0.440	713	759	-0.334914	0.065876	
A/chicken/Hunan/HN265/201	0.2694	0.2401	0.4636	0.2657	0.161	-0.075	0.370	50.47	0.397	0.439	713	759	-0.334124	0.065876	
A/chicken/Hunan/HN266/201	0.2672	0.2414	0.4653	0.2638	0.160	-0.075	0.370	50.47	0.397	0.440	713	759	-0.335441	0.065876	
A/chicken/Hunan/HN301/201	0.2776	0.2310	0.4604	0.2665	0.156	-0.090	0.360	51.33	0.391	0.440	713	759	-0.341238	0.065876	
A/chicken/Hunan/HN302/201	0.2798	0.2280	0.4596	0.2679	0.156	-0.093	0.359	51.55	0.390	0.440	713	759	-0.341238	0.065876	
A/chicken/Hunan/HN303/201	0.2793	0.2293	0.4604	0.2665	0.156	-0.090	0.360	51.25	0.390	0.439	713	759	-0.341238	0.065876	
A/chicken/Hunan/HN304/201	0.2793	0.2293	0.4604	0.2665	0.156	-0.090	0.360	51.25	0.390	0.439	713	759	-0.341238	0.065876	
A/chicken/Hunan/HN305/201	0.2798	0.2280	0.4596	0.2679	0.156	-0.093	0.359	51.55	0.390	0.440	713	759	-0.341238	0.065876	
A/chicken/Hunan/HN306/201	0.2832	0.2263	0.4585	0.2712	0.159	-0.087	0.363	50.42	0.390	0.437	713	759	-0.333070	0.065876	
A/chicken/Hunan/HN307/201	0.2793	0.2293	0.4604	0.2665	0.157	-0.089	0.362	51.32	0.390	0.439	713	759	-0.340053	0.065876	
A/chicken/Hunan/HN308/201	0.2793	0.2293	0.4628	0.2652	0.156	-0.090	0.360	51.20	0.388	0.438	713	759	-0.344796	0.065876	
A/chicken/Hunan/S10029/20	0.2735	0.2496	0.4336	0.2815	0.155	-0.092	0.359	54.69	0.418	0.448	718	759	-0.336891	0.065876	
A/chicken/Jiangsu/03.17_W	0.2595	0.2491	0.4189	0.3119	0.145	-0.125	0.341	50.80	0.441	0.452	712	759	-0.331094	0.065876	
A/chicken/Jiangsu/927/201	0.2828	0.2328	0.4327	0.2894	0.152	-0.104	0.353	50.71	0.410	0.443	714	759	-0.334914	0.065876	
A/chicken/Jiangsu/1001/20	0.2630	0.2457	0.4223	0.3118	0.153	-0.085	0.363	52.11	0.436	0.449	713	759	-0.307642	0.065876	
A/chicken/Jiangsu/2477/20	0.2604	0.2500	0.4206	0.3083	0.147	-0.121	0.343	49.86	0.439	0.451	711	759	-0.328722	0.065876	
A/chicken/Jiangsu/k0402/2	0.2727	0.2453	0.4303	0.2894	0.161	-0.072	0.372	53.24	0.420	0.448	716	759	-0.326746	0.065876	
A/chicken/Jiangsu/SE2228/	0.2612	0.2474	0.4293	0.3009	0.147	-0.122	0.342	49.04	0.431	0.448	713	759	-0.321871	0.065876	
A/chicken/Jiangsu/WXBING2	0.2887	0.2354	0.4327	0.2836	0.151	-0.114	0.348	54.18	0.406	0.443	716	759	-0.318840	0.065876	
A/chicken/Jiangsu/WXS7393	0.2869	0.2354	0.4327	0.2855	0.150	-0.116	0.346	54.01	0.408	0.443	716	759	-0.318840	0.065876	
A/chicken/Jiangsu/XZ216/2	0.2705	0.2363	0.4148	0.3168	0.147	-0.110	0.347	50.68	0.434	0.451	714	759	-0.311726	0.065876	
A/chicken/Jiangsu/YB7/201	0.2561	0.2491	0.4223	0.3125	0.143	-0.131	0.337	50.50	0.441	0.452	712	759	-0.336232	0.065876	
A/chicken/Jiangxi/01.14_N	0.2656	0.2448	0.4218	0.3056	0.152	-0.101	0.354	51.16	0.433	0.452	707	750	-0.294933	0.066667	
A/chicken/Jiangxi/02.05_Y	0.2887	0.2354	0.4293	0.2884	0.150	-0.114	0.348	53.96	0.409	0.441	716	759	-0.318050	0.065876	
A/chicken/Jiangxi/02.05_Y	0.2656	0.2448	0.4235	0.3037	0.152	-0.101	0.354	50.94	0.431	0.451	707	750	-0.298400	0.066667	
A/chicken/Jiangxi/04.01__	0.2633	0.2444	0.4303	0.3004	0.150	-0.101	0.354	50.71	0.428	0.449	715	759	-0.308827	0.065876	
A/chicken/Jiangxi/04.01__	0.2656	0.2448	0.4235	0.3037	0.152	-0.104	0.352	50.94	0.431	0.452	707	750	-0.291600	0.066667	
A/chicken/Jiangxi/04.01__	0.2669	0.2426	0.4235	0.3037	0.150	-0.106	0.351	51.09	0.430	0.451	707	750	-0.296267	0.066667	
A/chicken/Jiangxi/04.01__	0.2656	0.2448	0.4235	0.3043	0.151	-0.103	0.352	50.98	0.431	0.451	707	750	-0.288000	0.066667	
A/chicken/Jiangxi/04.01__	0.2850	0.2383	0.4222	0.2929	0.149	-0.111	0.349	53.28	0.417	0.449	707	749	-0.324032	0.066756	
A/chicken/Jiangxi/04.01__	0.2721	0.2461	0.4048	0.3160	0.151	-0.094	0.358	51.77	0.441	0.452	707	750	-0.273867	0.068000	
A/chicken/Jiangxi/04.01_N	0.2656	0.2448	0.4235	0.3037	0.151	-0.104	0.352	50.93	0.431	0.451	707	750	-0.294933	0.066667	
A/chicken/Jiangxi/04.01_N	0.2651	0.2427	0.4303	0.3004	0.150	-0.103	0.352	50.71	0.427	0.449	715	759	-0.308827	0.065876	
A/chicken/Jiangxi/04.01_N	0.2646	0.2388	0.4262	0.3095	0.150	-0.116	0.345	50.72	0.430	0.450	716	759	-0.305402	0.065876	
A/chicken/Jiangxi/04.01_N	0.2639	0.2465	0.4235	0.3037	0.151	-0.106	0.351	50.93	0.433	0.452	707	750	-0.294933	0.066667	
A/chicken/Jiangxi/04.01_N	0.2639	0.2465	0.4252	0.3019	0.151	-0.104	0.352	50.92	0.431	0.451	707	750	-0.294933	0.066667	
A/chicken/Jiangxi/04.01_N	0.2656	0.2448	0.4252	0.3019	0.151	-0.104	0.352	50.84	0.430	0.451	707	750	-0.294933	0.066667	
A/chicken/Jiangxi/04.01_N	0.2678	0.2470	0.4191	0.3043	0.152	-0.096	0.357	50.88	0.433	0.452	706	750	-0.298000	0.066667	
A/chicken/Jiangxi/05.06__	0.2656	0.2431	0.4252	0.3037	0.151	-0.104	0.352	51.03	0.430	0.451	707	750	-0.294933	0.066667	
A/chicken/Jiangxi/10.30_N	0.2734	0.2388	0.4141	0.3156	0.150	-0.120	0.343	51.14	0.434	0.449	714	759	-0.306060	0.065876	
A/chicken/Jiangxi/12.05_N	0.2639	0.2465	0.4235	0.3037	0.153	-0.097	0.356	50.42	0.433	0.452	707	750	-0.294933	0.066667	
A/chicken/Jiangxi/12.05_N	0.2656	0.2465	0.4218	0.3037	0.153	-0.094	0.358	50.60	0.433	0.452	707	750	-0.294933	0.066667	
A/chicken/Jiangxi/12.05_N	0.2633	0.2444	0.4286	0.3022	0.151	-0.096	0.357	50.59	0.429	0.450	715	759	-0.308827	0.065876	
A/chicken/Jiangxi/12.05_N	0.2686	0.2392	0.4242	0.3080	0.153	-0.109	0.349	50.76	0.429	0.450	708	750	-0.299467	0.068000	
A/chicken/Jiangxi/12.05_N	0.2651	0.2444	0.4286	0.3004	0.151	-0.094	0.358	50.38	0.428	0.450	715	759	-0.308827	0.065876	
A/chicken/Jiangxi/25/2011	0.2877	0.2346	0.4293	0.2878	0.152	-0.094	0.359	52.43	0.409	0.443	716	759	-0.326614	0.065876	
A/Chicken/Jiangxi/45093/2	0.2663	0.2405	0.4279	0.3035	0.150	-0.101	0.353	50.85	0.427	0.449	716	759	-0.306324	0.065876	
A/chicken/Jiangxi/S40653/	0.2840	0.2358	0.4175	0.3015	0.150	-0.100	0.356	50.42	0.422	0.445	714	759	-0.311067	0.067194	
A/chicken/Jilin/04.11_CCH	0.2946	0.2322	0.4266	0.2865	0.153	-0.107	0.352	54.43	0.406	0.442	707	749	-0.310548	0.066756	
A/chicken/Jilin/04.12_MHK	0.2573	0.2504	0.4185	0.3120	0.145	-0.119	0.343	49.72	0.443	0.452	714	759	-0.320685	0.065876	
A/chicken/Jilin/04.12_MHK	0.2573	0.2504	0.4185	0.3120	0.145	-0.119	0.343	49.72	0.443	0.452	714	759	-0.320685	0.065876	
A/chicken/Jilin/04.12_MHK	0.2573	0.2504	0.4185	0.3120	0.145	-0.119	0.343	49.72	0.443	0.452	714	759	-0.320685	0.065876	
A/chicken/Jilin/04.12_MHK	0.2573	0.2504	0.4185	0.3126	0.145	-0.118	0.343	49.70	0.443	0.452	714	759	-0.313834	0.065876	
A/chicken/Jilin/04.25_MHK	0.2582	0.2496	0.4202	0.3102	0.144	-0.121	0.341	49.60	0.441	0.451	715	759	-0.317655	0.065876	
A/chicken/Jilin/S1255/201	0.2803	0.2336	0.4132	0.3143	0.147	-0.136	0.334	51.57	0.429	0.448	713	759	-0.309881	0.065876	
A/chicken/Jilin/S1271/201	0.2785	0.2336	0.4182	0.3107	0.148	-0.134	0.335	51.62	0.426	0.448	713	759	-0.312385	0.064559	
A/chicken/Kaohsiung/16MB0	0.2724	0.2362	0.4108	0.3211	0.147	-0.121	0.343	51.34	0.437	0.452	714	759	-0.326746	0.064559	
A/chicken/Kaohsiung/16010	0.2724	0.2362	0.4108	0.3211	0.148	-0.114	0.347	52.01	0.437	0.451	714	759	-0.331225	0.065876	
A/chicken/Kaohsiung/16020	0.2737	0.2358	0.4091	0.3205	0.147	-0.120	0.343	51.19	0.437	0.452	714	759	-0.329249	0.065876	
A/chicken/Kaohsiung/16040	0.2724	0.2362	0.4108	0.3211	0.147	-0.121	0.343	51.34	0.437	0.452	714	759	-0.326746	0.064559	
A/chicken/Kaohsiung/16070	0.2741	0.2345	0.4108	0.3205	0.149	-0.113	0.347	51.26	0.436	0.451	714	759	-0.333465	0.065876	
A/chicken/Kaohsiung/16120	0.2749	0.2337	0.4067	0.3230	0.147	-0.120	0.343	51.38	0.438	0.453	715	759	-0.329908	0.065876	
A/chicken/Kaohsiung/17030	0.2771	0.2358	0.4125	0.3132	0.147	-0.119	0.343	51.03	0.431	0.450	714	759	-0.326087	0.065876	
A/chicken/Kaohsiung/17040	0.2798	0.2383	0.4223	0.3002	0.152	-0.115	0.346	51.60	0.422	0.444	713	759	-0.324506	0.065876	
A/chicken/Kaohsiung/17100	0.2815	0.2366	0.4283	0.2941	0.152	-0.121	0.343	51.53	0.416	0.442	714	759	-0.320685	0.065876	
A/chicken/Kaohsiung/18080	0.2785	0.2370	0.4247	0.3013	0.152	-0.099	0.357	51.46	0.421	0.445	712	759	-0.333992	0.065876	
A/chicken/Kaohsiung/18080	0.2785	0.2370	0.4247	0.3013	0.152	-0.099	0.357	51.46	0.421	0.445	712	759	-0.333992	0.065876	
A/chicken/Liaoning/S4092/	0.2672	0.2517	0.4368	0.2821	0.162	-0.071	0.371	54.18	0.420	0.448	714	759	-0.317391	0.065876	
A/chicken/Liaoning/SD035/	0.2724	0.2362	0.4175	0.3138	0.148	-0.121	0.342	51.84	0.431	0.450	714	759	-0.308169	0.065876	
A/chicken/Miaoli/15010421	0.2551	0.2534	0.4596	0.2670	0.155	-0.112	0.347	49.57	0.410	0.445	715	759	-0.305270	0.065876	
A/chicken/Nantou/16110023	0.2732	0.2337	0.4091	0.3223	0.147	-0.127	0.339	51.06	0.437	0.452	714	759	-0.322266	0.065876	
A/chicken/New_Taipei_City	0.2759	0.2362	0.4132	0.3138	0.147	-0.122	0.342	51.09	0.432	0.450	713	759	-0.328590	0.065876	
A/chicken/New_Taipei_City	0.2754	0.2358	0.4158	0.3114	0.147	-0.122	0.342	50.98	0.430	0.449	714	759	-0.326087	0.065876	
A/chicken/New_Taipei_City	0.2781	0.2401	0.4274	0.2947	0.150	-0.127	0.339	51.81	0.419	0.443	713	759	-0.324506	0.065876	
A/chicken/New_Taipei_City	0.2769	0.2291	0.4179	0.3131	0.142	-0.132	0.337	51.09	0.426	0.450	713	759	-0.335705	0.065876	
A/chicken/New_Taipei_City	0.2791	0.2295	0.4136	0.3161	0.142	-0.128	0.338	51.39	0.428	0.450	712	759	-0.331884	0.065876	
A/chicken/New_Taipei_City	0.2786	0.2291	0.4129	0.3168	0.143	-0.129	0.338	51.62	0.429	0.451	713	759	-0.335705	0.065876	
A/chicken/New_Taipei_City	0.2786	0.2291	0.4115	0.3162	0.142	-0.127	0.339	51.63	0.429	0.451	713	759	-0.327141	0.065876	
A/chicken/New_Taipei_City	0.2810	0.2379	0.4341	0.2844	0.152	-0.105	0.352	51.85	0.411	0.442	713	759	-0.332543	0.065876	
A/chicken/Ningxia/2/2012|	0.2724	0.2500	0.4418	0.2734	0.162	-0.071	0.371	54.26	0.412	0.446	714	759	-0.316469	0.065876	
A/chicken/Ningxia/222/201	0.2712	0.2504	0.4428	0.2729	0.163	-0.069	0.373	54.26	0.412	0.446	714	759	-0.316996	0.065876	
A/chicken/PH/A2821/2013|E	0.2759	0.2310	0.4596	0.2689	0.160	-0.105	0.352	48.38	0.393	0.439	713	759	-0.304084	0.065876	
A/chicken/Pingtung/150500	0.2867	0.2332	0.4250	0.2947	0.153	-0.107	0.351	51.24	0.414	0.443	713	759	-0.317786	0.065876	
A/chicken/Pingtung/160200	0.2914	0.2293	0.4172	0.3031	0.152	-0.100	0.355	51.67	0.417	0.443	713	759	-0.321739	0.065876	
A/chicken/Pingtung/180100	0.2815	0.2366	0.4189	0.3039	0.150	-0.125	0.341	51.46	0.424	0.444	713	759	-0.327931	0.065876	
A/chicken/Pingtung/180200	0.2793	0.2397	0.4341	0.2844	0.152	-0.105	0.352	51.64	0.412	0.443	713	759	-0.332543	0.065876	
A/chicken/PT/a158/2015|EP	0.2941	0.2301	0.4478	0.2647	0.160	-0.110	0.349	49.98	0.388	0.437	713	759	-0.299605	0.065876	
A/chicken/Qingdao/1/2014|	0.2684	0.2342	0.4182	0.3173	0.146	-0.112	0.346	50.65	0.433	0.451	714	759	-0.289723	0.065876	
A/chicken/SC/a688/2015|EP	0.2867	0.2193	0.4722	0.2555	0.163	-0.095	0.358	48.95	0.374	0.433	712	759	-0.306588	0.065876	
A/chicken/Shaanxi/SD001/2	0.2672	0.2328	0.4562	0.2818	0.148	-0.123	0.342	50.33	0.403	0.441	714	759	-0.320290	0.065876	
A/chicken/Shandong/12.03_	0.2578	0.2491	0.4223	0.3101	0.145	-0.119	0.344	50.85	0.440	0.452	712	759	-0.332148	0.065876	
A/Chicken/Shandong/J01/20	0.2806	0.2375	0.4346	0.2847	0.161	-0.069	0.373	52.70	0.411	0.446	716	759	-0.316996	0.064559	
A/Chicken/Shandong/J02/20	0.2672	0.2517	0.4435	0.2747	0.161	-0.076	0.368	54.43	0.415	0.448	714	759	-0.327141	0.065876	
A/Chicken/Shandong/J03/20	0.2638	0.2517	0.4553	0.2656	0.161	-0.069	0.373	53.56	0.408	0.445	714	759	-0.320685	0.065876	
A/Chicken/Shandong/J04/20	0.2690	0.2500	0.4418	0.2766	0.161	-0.078	0.367	54.04	0.415	0.447	714	759	-0.317391	0.065876	
A/Chicken/Shandong/J06/20	0.2727	0.2453	0.4353	0.2844	0.162	-0.064	0.376	53.24	0.416	0.445	716	759	-0.316732	0.065876	
A/chicken/Shandong/KD0269	0.2595	0.2457	0.4428	0.2910	0.158	-0.105	0.351	50.63	0.421	0.448	715	759	-0.304743	0.065876	
A/chicken/Shandong/S3/201	0.2693	0.2350	0.4182	0.3168	0.147	-0.108	0.349	50.65	0.433	0.451	714	759	-0.310935	0.065876	
A/chicken/Shanghai/S1123/	0.2586	0.2483	0.4218	0.3090	0.142	-0.137	0.333	49.51	0.438	0.452	714	759	-0.326087	0.065876	
A/chicken/Shanghai/S4030/	0.2548	0.2548	0.4216	0.3088	0.147	-0.124	0.341	49.10	0.442	0.451	712	759	-0.323847	0.065876	
A/chicken/Shanxi/04.28_TG	0.2741	0.2362	0.4788	0.2472	0.156	-0.081	0.366	51.07	0.380	0.435	713	759	-0.340184	0.065876	
A/chicken/Shanxi/12.01_TG	0.2872	0.2249	0.4627	0.2667	0.156	-0.093	0.360	49.92	0.384	0.434	713	759	-0.327931	0.065876	
A/chicken/Shenzhen/433/20	0.2864	0.2350	0.4343	0.2841	0.151	-0.112	0.348	53.86	0.406	0.442	716	759	-0.305665	0.065876	
A/chicken/Shenzhen/552/20	0.2894	0.2312	0.4295	0.2904	0.152	-0.105	0.352	54.27	0.408	0.443	718	759	-0.312912	0.065876	
A/chicken/Shenzhen/715/20	0.2864	0.2350	0.4343	0.2841	0.151	-0.112	0.348	53.86	0.406	0.442	716	759	-0.305665	0.065876	
A/chicken/Shenzhen/1061/2	0.2938	0.2302	0.4360	0.2804	0.151	-0.116	0.346	53.94	0.399	0.440	716	759	-0.318445	0.065876	
A/chicken/Shenzhen/1845/2	0.2842	0.2363	0.4327	0.2844	0.149	-0.101	0.355	53.02	0.409	0.446	716	759	-0.328722	0.065876	
A/chicken/Shenzhen/2269/2	0.2904	0.2320	0.4276	0.2915	0.151	-0.112	0.349	54.36	0.409	0.443	716	759	-0.318445	0.065876	
A/chicken/Shenzhen/2396/2	0.2877	0.2312	0.4303	0.2928	0.153	-0.105	0.352	53.93	0.409	0.443	718	759	-0.319631	0.067194	
A/chicken/Shenzhen/2464/2	0.2877	0.2329	0.4312	0.2886	0.152	-0.107	0.351	54.06	0.408	0.443	718	759	-0.316205	0.065876	
A/chicken/Shijiazhuang/12	0.2785	0.2284	0.4266	0.3081	0.149	-0.114	0.346	48.95	0.419	0.444	713	759	-0.312648	0.067194	
A/chicken/Sichuan/k141/20	0.2746	0.2314	0.4687	0.2634	0.158	-0.085	0.365	50.57	0.388	0.437	713	759	-0.333992	0.065876	
A/chicken/Sichuan/NCJPL1/	0.2869	0.2354	0.4317	0.2855	0.150	-0.105	0.352	53.09	0.408	0.444	715	759	-0.323584	0.065876	
A/Chicken/Suzhou/j5/2019|	0.2737	0.2324	0.4585	0.2736	0.152	-0.096	0.358	51.33	0.397	0.440	713	759	-0.334256	0.065876	
A/Chicken/Suzhou/j6/2019|	0.2737	0.2324	0.4585	0.2736	0.152	-0.096	0.358	51.33	0.397	0.440	713	759	-0.334256	0.065876	
A/chicken/Taichung/150103	0.2850	0.2349	0.4266	0.2928	0.152	-0.110	0.349	50.90	0.414	0.442	713	759	-0.317786	0.065876	
A/chicken/Taichung/160400	0.2823	0.2392	0.4216	0.2976	0.155	-0.094	0.359	51.64	0.420	0.444	714	759	-0.313834	0.065876	
A/chicken/Taichung/160500	0.2793	0.2414	0.4151	0.3039	0.155	-0.091	0.360	51.99	0.427	0.447	714	759	-0.307510	0.065876	
A/chicken/Taichung/161100	0.2543	0.2526	0.4562	0.2726	0.156	-0.112	0.347	49.83	0.413	0.446	714	759	-0.308300	0.065876	
A/chicken/Tainan/15020214	0.2737	0.2392	0.4024	0.3242	0.148	-0.118	0.345	51.45	0.443	0.454	714	759	-0.324374	0.065876	
A/chicken/Tainan/16040035	0.2845	0.2379	0.4274	0.2897	0.155	-0.098	0.356	51.31	0.414	0.442	713	759	-0.318182	0.065876	
A/chicken/Tainan/17030058	0.2741	0.2362	0.4165	0.3114	0.148	-0.117	0.345	51.18	0.431	0.451	713	759	-0.329381	0.065876	
A/chicken/Taipei_City/170	0.2769	0.2308	0.4095	0.3204	0.141	-0.135	0.335	51.67	0.433	0.453	713	759	-0.338340	0.065876	
A/chicken/Taipei_City/180	0.2798	0.2401	0.4213	0.3000	0.155	-0.103	0.354	51.89	0.423	0.444	712	759	-0.311726	0.065876	
A/chicken/Taipei_City/180	0.2803	0.2370	0.4264	0.2970	0.153	-0.115	0.347	51.57	0.419	0.443	712	759	-0.319499	0.065876	
A/chicken/Taipei/16060022	0.2737	0.2341	0.4108	0.3205	0.148	-0.118	0.345	51.13	0.436	0.451	714	759	-0.329249	0.065876	
A/chicken/Taipei/16060023	0.2737	0.2341	0.4091	0.3223	0.148	-0.118	0.345	51.31	0.437	0.452	714	759	-0.329249	0.065876	
A/chicken/Taipei/16120021	0.2732	0.2371	0.4050	0.3242	0.148	-0.116	0.345	51.24	0.441	0.453	715	759	-0.325823	0.065876	
A/chicken/Taipei/17050005	0.2769	0.2291	0.4162	0.3149	0.142	-0.132	0.337	50.94	0.428	0.451	713	759	-0.335705	0.065876	
A/chicken/Taipei/17050008	0.2769	0.2291	0.4146	0.3168	0.142	-0.134	0.335	51.01	0.429	0.451	713	759	-0.335705	0.065876	
A/chicken/Taipei/17050009	0.2769	0.2291	0.4129	0.3186	0.142	-0.134	0.335	51.20	0.431	0.451	713	759	-0.335705	0.065876	
A/chicken/Taishun/TS2/201	0.2638	0.2397	0.4303	0.3064	0.151	-0.101	0.354	50.50	0.428	0.449	715	759	-0.307642	0.065876	
A/chicken/Taishun/TS90/20	0.2599	0.2478	0.4252	0.3059	0.152	-0.094	0.358	50.70	0.435	0.451	715	759	-0.305534	0.065876	
A/chicken/Taiwan/0101/201	0.2803	0.2266	0.4613	0.2651	0.162	-0.084	0.365	51.03	0.388	0.439	712	759	-0.310935	0.064559	
A/chicken/Taiwan/0502/201	0.2732	0.2320	0.4606	0.2674	0.159	-0.096	0.357	48.99	0.393	0.441	715	759	-0.297101	0.063241	
A/chicken/Taiwan/683/2012	0.2790	0.2270	0.4680	0.2606	0.164	-0.097	0.357	48.74	0.383	0.437	712	759	-0.302767	0.065876	
A/chicken/Taiwan/01174/20	0.2685	0.2427	0.4040	0.3242	0.147	-0.123	0.342	51.05	0.445	0.455	714	759	-0.332411	0.065876	
A/chicken/Taiwan/1682/201	0.2759	0.2276	0.4480	0.2860	0.150	-0.109	0.349	52.10	0.402	0.438	714	759	-0.302635	0.067194	
A/chicken/Taiwan/1692/201	0.2759	0.2276	0.4480	0.2860	0.150	-0.109	0.349	52.05	0.402	0.439	714	759	-0.303689	0.067194	
A/chicken/Taiwan/1704/201	0.2759	0.2276	0.4480	0.2860	0.150	-0.109	0.349	52.10	0.402	0.438	714	759	-0.302635	0.067194	
A/chicken/Taiwan/1711/201	0.2759	0.2259	0.4497	0.2860	0.149	-0.112	0.347	52.05	0.401	0.437	714	759	-0.302635	0.067194	
A/chicken/Taiwan/2593/201	0.2773	0.2340	0.4497	0.2771	0.163	-0.093	0.360	49.74	0.401	0.441	714	759	-0.301318	0.065876	
A/chicken/Taiwan/2948/201	0.2773	0.2340	0.4497	0.2771	0.163	-0.093	0.360	49.74	0.401	0.441	714	759	-0.301318	0.065876	
A/chicken/Taiwan/4443/201	0.2820	0.2284	0.4539	0.2724	0.163	-0.095	0.358	49.59	0.393	0.439	715	759	-0.298946	0.065876	
A/chicken/Taiwan/7350/201	0.2837	0.2284	0.4472	0.2779	0.164	-0.092	0.359	49.86	0.397	0.440	715	759	-0.298946	0.065876	
A/chicken/Taiwan/8988/201	0.2778	0.2344	0.4487	0.2776	0.164	-0.092	0.360	50.00	0.401	0.441	713	759	-0.304348	0.065876	
A/chicken/Taiwan/8994/201	0.2778	0.2344	0.4487	0.2781	0.162	-0.092	0.360	49.97	0.401	0.440	713	759	-0.303953	0.065876	
A/chicken/Taiwan/8996/201	0.2778	0.2344	0.4487	0.2776	0.164	-0.092	0.360	50.00	0.401	0.441	713	759	-0.304348	0.065876	
A/chicken/Taiwan/A1/2019|	0.2948	0.2172	0.4637	0.2601	0.156	-0.111	0.348	49.17	0.374	0.431	713	759	-0.309354	0.065876	
A/chicken/Taiwan/a174/201	0.2685	0.2427	0.4040	0.3242	0.147	-0.123	0.342	51.05	0.445	0.455	714	759	-0.332411	0.065876	
A/chicken/Taiwan/A1997/20	0.2812	0.2205	0.4814	0.2541	0.157	-0.102	0.354	49.56	0.372	0.429	712	759	-0.330962	0.067194	
A/chicken/Taiwan/D2/2019|	0.2788	0.2341	0.4300	0.2970	0.150	-0.099	0.356	51.39	0.416	0.444	714	759	-0.328327	0.065876	
A/chicken/Taiwan/D9/2019|	0.2788	0.2341	0.4300	0.2970	0.150	-0.099	0.356	51.39	0.416	0.444	714	759	-0.328327	0.065876	
A/chicken/Taiwan/u7/2016|	0.2828	0.2345	0.4240	0.2983	0.151	-0.117	0.345	51.09	0.418	0.443	713	759	-0.325296	0.065876	
A/chicken/Taiwan/x37/2016	0.2737	0.2358	0.4074	0.3218	0.147	-0.122	0.342	51.61	0.438	0.453	714	759	-0.329644	0.065876	
A/chicken/TC/a504/2015|EP	0.2936	0.2297	0.4471	0.2665	0.161	-0.106	0.352	49.99	0.389	0.437	714	759	-0.299473	0.065876	
A/chicken/TY/a665/2015|EP	0.2907	0.2336	0.4503	0.2638	0.160	-0.103	0.353	50.06	0.390	0.436	713	759	-0.306061	0.065876	
A/chicken/Wuxi/7157/2015|	0.2760	0.2292	0.4764	0.2565	0.158	-0.084	0.365	51.02	0.381	0.434	712	759	-0.320554	0.064559	
A/chicken/Wuxi/7765/2016|	0.2847	0.2367	0.4310	0.2868	0.151	-0.102	0.355	53.34	0.411	0.445	716	759	-0.327009	0.065876	
A/chicken/Wuxi/SC7393/201	0.2869	0.2354	0.4327	0.2855	0.150	-0.116	0.346	54.01	0.408	0.443	716	759	-0.318840	0.065876	
A/chicken/Wuxi/WX-32/2013	0.2857	0.2306	0.4351	0.2862	0.152	-0.102	0.354	50.22	0.406	0.442	714	759	-0.331620	0.065876	
A/chicken/Wuxi/WX-33/2013	0.2840	0.2289	0.4334	0.2917	0.150	-0.109	0.350	50.60	0.409	0.444	714	759	-0.334914	0.067194	
A/chicken/Xinjiang/S1016/	0.2591	0.2487	0.4218	0.3090	0.142	-0.137	0.333	49.52	0.438	0.451	714	759	-0.330171	0.065876	
A/chicken/Xinjiang/S1081/	0.2591	0.2487	0.4235	0.3071	0.142	-0.137	0.333	49.64	0.437	0.451	714	759	-0.330171	0.065876	
A/chicken/Xinjiang/S1170/	0.2573	0.2504	0.4218	0.3090	0.142	-0.137	0.333	49.54	0.440	0.452	714	759	-0.330171	0.065876	
A/Chicken/Xuzhou/470/2017	0.2746	0.2332	0.4585	0.2736	0.155	-0.096	0.358	51.23	0.397	0.439	713	759	-0.326746	0.065876	
A/chicken/Xuzhou/XZ6/2016	0.2916	0.2298	0.4252	0.2947	0.150	-0.110	0.350	54.21	0.410	0.444	717	759	-0.320290	0.065876	
A/Chicken/Yangzhou/f6/201	0.2741	0.2362	0.4216	0.3081	0.149	-0.101	0.355	51.06	0.426	0.449	713	759	-0.327800	0.065876	
A/Chicken/Yangzhou/f9/201	0.2737	0.2358	0.4259	0.3033	0.150	-0.097	0.357	50.96	0.423	0.448	714	759	-0.328590	0.065876	
A/Chicken/Yangzhou/f14/20	0.2737	0.2358	0.4209	0.3094	0.149	-0.102	0.354	51.04	0.427	0.450	714	759	-0.321344	0.065876	
A/chicken/Yangzhou/YD1/20	0.2830	0.2384	0.4310	0.2873	0.150	-0.106	0.352	53.79	0.412	0.445	716	759	-0.323057	0.065876	
A/chicken/YL/A3190/2014|E	0.2773	0.2288	0.4739	0.2574	0.153	-0.108	0.349	50.51	0.381	0.433	713	759	-0.314493	0.065876	
A/chicken/Yuhang/1/2013|E	0.2746	0.2349	0.4317	0.2972	0.149	-0.117	0.345	51.11	0.418	0.446	713	759	-0.312253	0.067194	
A/chicken/Yuhang/2/2013|E	0.2763	0.2418	0.4122	0.3107	0.152	-0.109	0.349	51.52	0.433	0.450	713	759	-0.318972	0.065876	
A/chicken/Yunlin/15020048	0.2815	0.2383	0.4283	0.2910	0.153	-0.102	0.353	50.86	0.415	0.443	713	759	-0.317786	0.065876	
A/chicken/Yunlin/15040002	0.2850	0.2349	0.4216	0.2983	0.152	-0.105	0.352	51.12	0.418	0.443	713	759	-0.321080	0.065876	
A/chicken/Yunlin/15040027	0.2867	0.2332	0.4233	0.2965	0.152	-0.110	0.349	51.06	0.415	0.443	713	759	-0.317786	0.065876	
A/chicken/Yunlin/15050012	0.2551	0.2534	0.4613	0.2652	0.156	-0.108	0.350	49.58	0.408	0.445	715	759	-0.305270	0.065876	
A/chicken/Yunlin/15050037	0.2867	0.2332	0.4216	0.2983	0.152	-0.107	0.351	51.17	0.417	0.443	713	759	-0.317786	0.065876	
A/chicken/Yunlin/15050039	0.2850	0.2332	0.4250	0.2965	0.150	-0.114	0.346	51.03	0.415	0.443	713	759	-0.317786	0.065876	
A/chicken/Yunlin/15060014	0.2832	0.2349	0.4266	0.2947	0.151	-0.110	0.349	51.19	0.415	0.443	713	759	-0.317786	0.065876	
A/chicken/Yunlin/15080024	0.2850	0.2366	0.4216	0.2970	0.154	-0.105	0.352	51.60	0.418	0.443	713	759	-0.320685	0.065876	
A/chicken/Yunlin/16010001	0.2887	0.2320	0.4196	0.2989	0.151	-0.119	0.344	51.18	0.417	0.444	713	759	-0.318577	0.065876	
A/chicken/Yunlin/16010008	0.2879	0.2345	0.4274	0.2902	0.152	-0.103	0.353	51.13	0.411	0.440	713	759	-0.327273	0.065876	
A/chicken/Yunlin/16020038	0.2586	0.2500	0.4512	0.2762	0.156	-0.108	0.350	49.96	0.414	0.447	715	759	-0.308169	0.065876	
A/chicken/Yunlin/16050053	0.2818	0.2388	0.4209	0.2994	0.154	-0.095	0.358	51.53	0.421	0.444	715	759	-0.310408	0.065876	
A/chicken/Yunlin/17010001	0.2509	0.2577	0.4555	0.2721	0.159	-0.098	0.355	49.09	0.417	0.447	715	759	-0.305007	0.065876	
A/chicken/Yunlin/17010014	0.2776	0.2397	0.4172	0.3057	0.152	-0.113	0.348	51.80	0.428	0.446	713	759	-0.320421	0.065876	
A/chicken/Yunlin/17020094	0.2845	0.2362	0.4223	0.2965	0.152	-0.108	0.351	51.90	0.418	0.443	713	759	-0.325296	0.065876	
A/chicken/Yunlin/17020095	0.2737	0.2444	0.4257	0.2952	0.150	-0.109	0.349	51.25	0.424	0.444	713	759	-0.312253	0.065876	
A/chicken/Yunlin/17030001	0.2806	0.2358	0.4250	0.2983	0.151	-0.115	0.346	51.41	0.419	0.443	714	759	-0.321871	0.065876	
A/chicken/Yunlin/17030007	0.2850	0.2349	0.4220	0.3002	0.151	-0.120	0.344	51.16	0.419	0.443	713	759	-0.338999	0.065876	
A/chicken/Yunlin/17030010	0.2781	0.2401	0.4274	0.2947	0.151	-0.120	0.344	51.67	0.419	0.443	713	759	-0.324506	0.065876	
A/chicken/Yunlin/17030014	0.2798	0.2366	0.4199	0.3033	0.151	-0.112	0.348	51.63	0.424	0.445	713	759	-0.325692	0.065876	
A/chicken/Yunlin/17030020	0.2823	0.2358	0.4240	0.2965	0.151	-0.110	0.349	51.83	0.418	0.444	713	759	-0.321212	0.065876	
A/chicken/Yunlin/17030021	0.2810	0.2362	0.4223	0.3007	0.151	-0.114	0.346	51.48	0.421	0.444	713	759	-0.318445	0.065876	
A/chicken/Yunlin/17030032	0.2835	0.2320	0.4266	0.2970	0.149	-0.110	0.349	50.87	0.415	0.441	714	759	-0.319236	0.065876	
A/chicken/Yunlin/17030065	0.2759	0.2414	0.4257	0.2960	0.152	-0.110	0.349	51.11	0.422	0.445	713	759	-0.325692	0.065876	
A/chicken/Yunlin/17040003	0.2832	0.2366	0.4228	0.3019	0.152	-0.115	0.346	51.08	0.421	0.442	713	759	-0.323847	0.067194	
A/chicken/Yunlin/17040004	0.2810	0.2362	0.4257	0.2970	0.152	-0.110	0.349	51.34	0.418	0.442	713	759	-0.325428	0.065876	
A/chicken/Yunlin/17040011	0.2810	0.2362	0.4257	0.2965	0.151	-0.115	0.346	51.43	0.418	0.443	713	759	-0.325296	0.065876	
A/chicken/Yunlin/17060019	0.2815	0.2349	0.4307	0.2928	0.151	-0.115	0.346	51.70	0.414	0.442	713	759	-0.324506	0.065876	
A/chicken/Yunlin/17070010	0.2759	0.2397	0.4276	0.2954	0.153	-0.110	0.349	51.64	0.420	0.445	714	759	-0.319367	0.065876	
A/chicken/Yunlin/18010001	0.2751	0.2439	0.4274	0.2947	0.154	-0.104	0.353	51.90	0.422	0.444	713	759	-0.323715	0.065876	
A/chicken/Yunlin/18010003	0.2768	0.2422	0.4257	0.2965	0.154	-0.106	0.352	51.81	0.422	0.444	713	759	-0.323715	0.065876	
A/chicken/Yunlin/18010023	0.2862	0.2414	0.4264	0.2860	0.152	-0.113	0.348	51.84	0.414	0.442	713	759	-0.309750	0.065876	
A/chicken/Yunlin/18020003	0.2798	0.2435	0.4264	0.2915	0.152	-0.118	0.345	51.77	0.419	0.444	713	759	-0.322661	0.065876	
A/chicken/Yunlin/18020004	0.2798	0.2435	0.4264	0.2915	0.152	-0.118	0.345	51.77	0.419	0.444	713	759	-0.322661	0.065876	
A/chicken/Yunlin/18020005	0.2815	0.2418	0.4264	0.2915	0.152	-0.116	0.346	51.78	0.418	0.443	713	759	-0.322661	0.065876	
A/chicken/Yunlin/18020008	0.2867	0.2418	0.4264	0.2860	0.152	-0.111	0.349	51.81	0.414	0.442	713	759	-0.319894	0.065876	
A/chicken/Yunlin/18030002	0.2850	0.2383	0.4264	0.2915	0.153	-0.111	0.349	51.97	0.415	0.443	713	759	-0.322661	0.065876	
A/chicken/Yunlin/18050013	0.2897	0.2362	0.4298	0.2841	0.152	-0.115	0.346	52.14	0.408	0.442	713	759	-0.320158	0.065876	
A/chicken/Yunlin/18060001	0.2845	0.2397	0.4281	0.2884	0.153	-0.110	0.349	52.30	0.414	0.443	713	759	-0.313175	0.065876	
A/chicken/Yunlin/18080006	0.2749	0.2423	0.4257	0.2947	0.156	-0.093	0.359	52.24	0.422	0.446	713	759	-0.303821	0.065876	
A/chicken/Yunnan/1/2014|E	0.2928	0.2312	0.4339	0.2862	0.149	-0.120	0.344	54.46	0.404	0.440	716	759	-0.301976	0.068511	
A/chicken/Yunnan/02.09_DQ	0.2719	0.2444	0.4118	0.3119	0.151	-0.094	0.358	51.48	0.436	0.451	715	759	-0.296574	0.065876	
A/chicken/Yunnan/03.15_DQ	0.2801	0.2423	0.4310	0.2873	0.154	-0.099	0.356	54.04	0.415	0.446	716	759	-0.316074	0.065876	
A/chicken/Yunnan/03.16__D	0.2726	0.2483	0.4031	0.3160	0.152	-0.094	0.358	51.76	0.443	0.452	707	750	-0.273067	0.068000	
A/chicken/Yunnan/03.16_DQ	0.2776	0.2310	0.4654	0.2629	0.158	-0.085	0.364	51.33	0.388	0.437	714	759	-0.340316	0.065876	
A/chicken/Yunnan/03.16_DQ	0.2708	0.2483	0.4048	0.3154	0.153	-0.092	0.359	51.68	0.443	0.453	707	750	-0.282533	0.066667	
A/chicken/Yunnan/03.16_DQ	0.2776	0.2310	0.4654	0.2629	0.158	-0.085	0.364	51.33	0.388	0.437	714	759	-0.340316	0.065876	
A/chicken/Yunnan/07.11_DQ	0.2781	0.2314	0.4578	0.2712	0.159	-0.082	0.366	51.60	0.394	0.439	713	759	-0.341897	0.065876	
A/Chicken/Yunnan/YN-8/201	0.2712	0.2349	0.4380	0.2981	0.155	-0.091	0.361	52.08	0.417	0.446	712	759	-0.319236	0.065876	
A/Chicken/Yunnan/YN-11/20	0.2763	0.2314	0.4772	0.2500	0.157	-0.094	0.359	49.80	0.379	0.435	713	759	-0.325955	0.065876	
A/Chicken/Yunnan/YN-12/20	0.2852	0.2383	0.4308	0.2865	0.151	-0.108	0.351	53.66	0.411	0.443	706	749	-0.301068	0.066756	
A/chicken/Zhejiang/194/20	0.2776	0.2259	0.4747	0.2601	0.153	-0.092	0.360	51.04	0.381	0.435	714	759	-0.334519	0.065876	
A/chicken/Zhejiang/209/20	0.2496	0.2598	0.4605	0.2657	0.156	-0.107	0.351	49.50	0.413	0.446	716	759	-0.304084	0.065876	
A/chicken/Zhejiang/217/20	0.2776	0.2259	0.4764	0.2583	0.153	-0.090	0.361	51.02	0.380	0.434	714	759	-0.334519	0.065876	
A/chicken/Zhejiang/232/20	0.2530	0.2581	0.4504	0.2754	0.158	-0.094	0.358	50.23	0.419	0.448	716	759	-0.297365	0.065876	
A/chicken/Zhejiang/7450/2	0.2470	0.2624	0.4604	0.2662	0.157	-0.088	0.361	49.59	0.416	0.447	714	759	-0.300922	0.065876	
A/chicken/Zhejiang/81643/	0.2487	0.2624	0.4570	0.2680	0.158	-0.085	0.363	49.82	0.417	0.447	714	759	-0.300922	0.065876	
A/chicken/Zhejiang/514135	0.2768	0.2353	0.4661	0.2611	0.158	-0.092	0.361	50.71	0.389	0.434	712	759	-0.327404	0.067194	
A/chicken/Zhejiang/727022	0.2894	0.2312	0.4303	0.2891	0.149	-0.112	0.349	54.25	0.407	0.443	717	759	-0.333729	0.065876	
A/chicken/Zhejiang/727026	0.2911	0.2329	0.4276	0.2897	0.149	-0.116	0.346	54.55	0.409	0.444	717	759	-0.334783	0.065876	
A/chicken/Zhejiang/727079	0.2911	0.2329	0.4269	0.2878	0.147	-0.112	0.346	54.55	0.408	0.444	716	759	-0.332016	0.064559	
A/chicken/Zhejiang/727155	0.2933	0.2298	0.4288	0.2855	0.149	-0.113	0.346	54.48	0.404	0.442	716	759	-0.299868	0.064559	
A/chicken/Zhejiang/727159	0.2911	0.2329	0.4269	0.2878	0.147	-0.112	0.346	54.55	0.408	0.444	716	759	-0.332016	0.064559	
A/chickenl/Jiangxi/E84/20	0.2899	0.2378	0.4232	0.2897	0.154	-0.103	0.355	53.99	0.413	0.444	707	749	-0.310147	0.066756	
A/Chlidonias_hybrida/Hube	0.2830	0.2298	0.4158	0.3077	0.153	-0.093	0.359	50.54	0.423	0.448	714	759	-0.322793	0.065876	
A/Commom_Teal/Ningxia/474	0.2887	0.2354	0.4303	0.2855	0.152	-0.109	0.351	55.14	0.408	0.442	716	759	-0.320158	0.065876	
A/common_coot/Shandong/SC	0.2808	0.2363	0.4175	0.3009	0.149	-0.096	0.357	50.42	0.423	0.447	714	759	-0.319236	0.067194	
A/common_crane/Yunnan-Hui	0.2796	0.2350	0.4250	0.2978	0.149	-0.103	0.353	49.99	0.419	0.445	714	759	-0.323057	0.067194	
A/common_pochard/Ningxia/	0.2943	0.2306	0.4218	0.2894	0.152	-0.102	0.354	51.99	0.409	0.444	714	759	-0.317259	0.065876	
A/common_teal/Ningxia/105	0.2847	0.2333	0.4175	0.3009	0.151	-0.094	0.359	50.35	0.420	0.447	714	759	-0.319499	0.067194	
A/common_teal/Ningxia/181	0.2943	0.2306	0.4218	0.2894	0.152	-0.102	0.354	51.99	0.409	0.444	714	759	-0.317259	0.065876	
A/common_teal/Ningxia/189	0.2960	0.2289	0.4252	0.2857	0.151	-0.109	0.350	51.88	0.405	0.442	714	759	-0.317259	0.065876	
A/common_teal/Ningxia/237	0.2943	0.2306	0.4218	0.2894	0.152	-0.102	0.354	51.99	0.409	0.444	714	759	-0.317259	0.065876	
A/common_teal/Ningxia/245	0.2943	0.2306	0.4218	0.2894	0.152	-0.104	0.353	52.03	0.409	0.444	714	759	-0.316732	0.065876	
A/common_teal/Ningxia/253	0.2943	0.2306	0.4218	0.2894	0.152	-0.102	0.354	51.99	0.409	0.444	714	759	-0.317259	0.065876	
A/common_teal/Shaanxi/SXY	0.2830	0.2350	0.4175	0.3009	0.151	-0.096	0.357	50.37	0.422	0.447	714	759	-0.319499	0.067194	
A/condor/Guangdong/139/20	0.2526	0.2612	0.4454	0.2771	0.149	-0.102	0.354	51.01	0.424	0.450	715	759	-0.318841	0.065876	
A/Copsychus_saularis/Guan	0.2887	0.2354	0.4310	0.2860	0.150	-0.114	0.348	54.35	0.408	0.443	716	759	-0.318445	0.065876	
A/Curlew/Hong_Kong/AFCD-H	0.2616	0.2530	0.4252	0.2967	0.150	-0.096	0.357	50.30	0.433	0.451	714	759	-0.322003	0.065876	
A/Cygnus_atratus/Hubei/2Z	0.2771	0.2392	0.4158	0.3047	0.156	-0.082	0.366	52.24	0.429	0.451	714	759	-0.337286	0.065876	
A/Cygnus_atratus/Hubei/HF	0.2771	0.2392	0.4141	0.3066	0.156	-0.082	0.366	52.13	0.430	0.451	714	759	-0.337286	0.065876	
A/Cygnus_columbianus/Hube	0.2813	0.2367	0.4192	0.2991	0.149	-0.101	0.354	50.21	0.422	0.447	714	759	-0.314098	0.067194	
A/Cygnus_columbianus/Hube	0.2813	0.2350	0.4226	0.2972	0.150	-0.098	0.356	50.17	0.419	0.446	714	759	-0.319499	0.067194	
A/Cygnus_columbianus/Hube	0.2830	0.2333	0.4226	0.2972	0.149	-0.098	0.356	50.17	0.417	0.445	714	759	-0.319499	0.067194	
A/Cygnus_columbianus/Hube	0.2830	0.2350	0.4192	0.2991	0.150	-0.098	0.356	50.20	0.420	0.446	714	759	-0.319499	0.067194	
A/Cygnus_columbianus/Hube	0.2813	0.2350	0.4175	0.3022	0.149	-0.103	0.353	50.23	0.423	0.448	714	759	-0.319895	0.067194	
A/Cygnus_columbianus/Hube	0.2796	0.2384	0.4199	0.2996	0.150	-0.097	0.357	50.19	0.423	0.447	714	759	-0.329644	0.067194	
A/Cygnus_columbianus/Hube	0.2791	0.2363	0.4209	0.2985	0.150	-0.098	0.356	50.08	0.422	0.448	714	759	-0.320685	0.067194	
A/Cygnus_columbianus/Hube	0.2694	0.2435	0.4283	0.2972	0.153	-0.103	0.353	51.42	0.425	0.448	713	759	-0.332543	0.065876	
A/Cygnus_columbianus/Hube	0.2621	0.2517	0.4192	0.3040	0.156	-0.077	0.369	50.39	0.438	0.453	713	759	-0.325428	0.065876	
A/Cygnus_columbianus/Hube	0.2694	0.2435	0.4283	0.2972	0.153	-0.103	0.353	51.42	0.425	0.448	713	759	-0.332543	0.065876	
A/Cygnus_columbianus/Hube	0.2694	0.2435	0.4283	0.2972	0.153	-0.103	0.353	51.42	0.425	0.448	713	759	-0.332543	0.065876	
A/domestic_green-winged_t	0.2603	0.2448	0.4394	0.2941	0.158	-0.085	0.364	51.79	0.423	0.448	714	759	-0.321080	0.065876	
A/duck/Anhui/AH328/2015|E	0.2798	0.2280	0.4670	0.2638	0.158	-0.087	0.363	50.39	0.386	0.436	713	759	-0.333597	0.065876	
A/duck/Anhui/S4/2016|EPI_	0.2776	0.2259	0.4713	0.2638	0.157	-0.089	0.361	50.27	0.384	0.435	714	759	-0.331884	0.065876	
A/duck/Changhua/15A03431-	0.2832	0.2349	0.4283	0.2923	0.153	-0.105	0.352	50.82	0.414	0.443	713	759	-0.318182	0.065876	
A/duck/Changhua/15A03473-	0.2850	0.2349	0.4233	0.2970	0.151	-0.109	0.349	51.01	0.417	0.442	713	759	-0.314361	0.065876	
A/duck/Chiayi/15080023/20	0.2551	0.2534	0.4495	0.2781	0.155	-0.112	0.347	50.28	0.418	0.448	715	759	-0.305270	0.065876	
A/duck/China/0936/2017|EP	0.2712	0.2297	0.4679	0.2684	0.156	-0.085	0.365	51.03	0.391	0.438	713	759	-0.333729	0.065876	
A/duck/China/0938/2017|EP	0.2582	0.2513	0.4266	0.3033	0.145	-0.126	0.340	48.97	0.435	0.449	712	759	-0.324901	0.065876	
A/duck/China/DK87/2016|EP	0.2727	0.2419	0.4444	0.2791	0.157	-0.066	0.375	50.53	0.408	0.442	715	759	-0.304216	0.065876	
A/duck/China/E26/2012|EPI	0.2943	0.2410	0.4416	0.2588	0.154	-0.084	0.365	52.60	0.393	0.434	712	759	-0.340053	0.065876	
A/duck/China/E53/2012|EPI	0.2705	0.2483	0.4158	0.3051	0.155	-0.091	0.360	53.38	0.434	0.452	716	759	-0.327404	0.065876	
A/Duck/China/H5N6/2020|EP	0.2887	0.2337	0.4327	0.2855	0.152	-0.104	0.353	53.84	0.406	0.442	716	759	-0.318840	0.065876	
A/duck/China/YD1516/2016|	0.2556	0.2573	0.4562	0.2675	0.159	-0.096	0.357	49.68	0.413	0.446	715	759	-0.296970	0.065876	
A/duck/Chongqing/S4362/20	0.2582	0.2530	0.4115	0.3180	0.149	-0.100	0.354	49.65	0.448	0.455	714	759	-0.328985	0.065876	
A/duck/Dongguan/2685/2013	0.2887	0.2337	0.4360	0.2823	0.152	-0.107	0.352	54.21	0.404	0.441	716	759	-0.320949	0.064559	
A/Duck/Dongting/D76-1/201	0.2759	0.2379	0.4054	0.3217	0.149	-0.123	0.342	50.76	0.439	0.453	713	759	-0.330830	0.067194	
A/duck/Eastern_China/008/	0.2599	0.2496	0.4435	0.2860	0.157	-0.096	0.357	51.93	0.420	0.446	714	759	-0.304875	0.065876	
A/duck/Eastern_China/031/	0.2582	0.2513	0.4384	0.2915	0.157	-0.096	0.357	51.81	0.426	0.448	714	759	-0.304875	0.065876	
A/duck/Eastern_China/108/	0.2599	0.2496	0.4435	0.2860	0.157	-0.096	0.357	51.93	0.420	0.446	714	759	-0.304875	0.065876	
A/duck/Eastern_China/909/	0.2599	0.2496	0.4384	0.2915	0.157	-0.098	0.356	51.90	0.424	0.448	714	759	-0.304875	0.065876	
A/duck/Eastern_China/JY/2	0.2577	0.2474	0.4168	0.3163	0.145	-0.110	0.348	52.60	0.443	0.455	715	759	-0.328327	0.065876	
A/duck/Eastern_China/L023	0.2577	0.2509	0.4512	0.2752	0.161	-0.085	0.363	52.05	0.415	0.446	714	759	-0.294862	0.065876	
A/duck/Eastern_China/L032	0.2621	0.2466	0.4504	0.2776	0.158	-0.101	0.354	51.79	0.412	0.444	714	759	-0.296443	0.065876	
A/duck/Eastern_China/L040	0.2573	0.2521	0.4437	0.2831	0.159	-0.096	0.357	51.09	0.421	0.449	715	759	-0.299736	0.065876	
A/duck/Eastern_China/L042	0.2590	0.2521	0.4454	0.2789	0.159	-0.096	0.357	51.60	0.418	0.448	715	759	-0.300132	0.065876	
A/duck/Eastern_China/L061	0.2573	0.2521	0.4454	0.2807	0.158	-0.098	0.355	51.55	0.420	0.449	715	759	-0.300132	0.065876	
A/duck/Eastern_China/L072	0.2556	0.2521	0.4454	0.2826	0.159	-0.096	0.357	51.18	0.421	0.449	715	759	-0.300132	0.065876	
A/duck/Eastern_China/L102	0.2556	0.2539	0.4454	0.2807	0.158	-0.096	0.357	51.70	0.421	0.450	715	759	-0.300132	0.065876	
A/duck/Eastern_China/L112	0.2556	0.2521	0.4428	0.2873	0.158	-0.103	0.352	51.03	0.424	0.449	715	759	-0.300132	0.065876	
A/duck/Eastern_China/S013	0.2701	0.2427	0.4216	0.3063	0.161	-0.095	0.358	54.02	0.430	0.451	716	759	-0.289064	0.065876	
A/duck/Eastern_China/S021	0.2599	0.2478	0.4132	0.3187	0.144	-0.108	0.350	52.58	0.445	0.455	714	759	-0.329908	0.065876	
A/duck/Eastern_China/S032	0.2899	0.2333	0.4384	0.2768	0.150	-0.119	0.345	53.87	0.400	0.442	715	759	-0.307773	0.065876	
A/duck/Eastern_China/S071	0.2842	0.2380	0.4242	0.2923	0.147	-0.112	0.349	52.79	0.416	0.448	716	759	-0.314229	0.065876	
A/duck/Eastern_China/S080	0.2702	0.2478	0.4396	0.2794	0.161	-0.084	0.364	51.43	0.414	0.444	715	759	-0.283926	0.065876	
A/duck/Eastern_China/S090	0.2869	0.2371	0.4411	0.2744	0.153	-0.106	0.352	54.16	0.401	0.441	716	759	-0.310277	0.065876	
A/duck/Eastern_China/S110	0.2616	0.2478	0.4108	0.3181	0.146	-0.104	0.353	52.66	0.445	0.456	714	759	-0.320421	0.065876	
A/duck/Eastern_China/S121	0.2595	0.2491	0.4218	0.3077	0.144	-0.112	0.348	52.50	0.438	0.453	715	759	-0.316601	0.065876	
A/duck/Fujian/1.17_FZHX01	0.3012	0.2134	0.4654	0.2541	0.156	-0.105	0.352	49.94	0.368	0.433	714	759	-0.330039	0.065876	
A/duck/Fujian/03.18_GTFJ-	0.2818	0.2405	0.4360	0.2818	0.153	-0.098	0.356	54.38	0.409	0.443	716	759	-0.313439	0.065876	
A/duck/Fujian/05.07_FZHMD	0.2865	0.2378	0.4242	0.2910	0.154	-0.110	0.351	54.28	0.414	0.446	707	749	-0.303204	0.066756	
A/duck/Fujian/05.07_FZHMD	0.2865	0.2378	0.4242	0.2910	0.154	-0.110	0.351	54.28	0.414	0.446	707	749	-0.303204	0.066756	
A/duck/Fujian/05.07_FZHMD	0.2865	0.2378	0.4242	0.2910	0.154	-0.110	0.351	54.28	0.414	0.446	707	749	-0.303204	0.066756	
A/duck/Fujian/10.26_FZHX0	0.2776	0.2345	0.4621	0.2619	0.160	-0.078	0.368	50.06	0.391	0.440	714	759	-0.323452	0.065876	
A/duck/Fujian/10.26_FZHX0	0.2798	0.2332	0.4628	0.2606	0.159	-0.083	0.366	50.22	0.388	0.439	713	759	-0.326482	0.065876	
A/duck/Fujian/11.3_FZHX11	0.2810	0.2293	0.4755	0.2495	0.157	-0.097	0.357	49.85	0.377	0.434	714	759	-0.328458	0.065876	
A/duck/Fujian/11.3_FZHX11	0.2810	0.2293	0.4755	0.2495	0.158	-0.094	0.359	49.77	0.377	0.434	714	759	-0.328458	0.065876	
A/duck/Fujian/11.23_FZHX0	0.2793	0.2328	0.4621	0.2619	0.160	-0.081	0.367	50.11	0.389	0.439	714	759	-0.323452	0.065876	
A/duck/Fujian/11.23_FZHX0	0.2798	0.2332	0.4645	0.2587	0.158	-0.083	0.366	50.15	0.387	0.438	713	759	-0.329249	0.065876	
A/duck/Fujian/11.23_FZHX0	0.2798	0.2332	0.4645	0.2587	0.158	-0.083	0.366	50.15	0.387	0.438	713	759	-0.329249	0.065876	
A/duck/Fujian/12.7_FZHX12	0.2845	0.2241	0.4696	0.2592	0.155	-0.106	0.352	50.02	0.380	0.435	714	759	-0.332016	0.065876	
A/duck/Fujian/12.7_FZHX12	0.2828	0.2276	0.4789	0.2459	0.157	-0.097	0.357	49.55	0.373	0.433	714	759	-0.328458	0.065876	
A/duck/Fujian/12.7_FZHX12	0.2828	0.2276	0.4789	0.2459	0.157	-0.097	0.357	49.55	0.373	0.433	714	759	-0.328458	0.065876	
A/duck/Fujian/12.7_FZHX12	0.2828	0.2276	0.4797	0.2463	0.156	-0.099	0.356	49.50	0.373	0.433	714	759	-0.332147	0.065876	
A/duck/Fujian/S1233/2018(	0.2759	0.2328	0.4670	0.2620	0.157	-0.089	0.362	50.43	0.388	0.437	713	759	-0.334387	0.065876	
A/duck/Fujian/S1273/2018(	0.2759	0.2328	0.4653	0.2638	0.157	-0.092	0.360	50.44	0.390	0.437	713	759	-0.334387	0.065876	
A/Duck/Fujian/S4146/2010|	0.2864	0.2350	0.4310	0.2873	0.152	-0.106	0.352	52.35	0.409	0.444	716	759	-0.331225	0.065876	
A/duck/Guangdong/01.01_SZ	0.2902	0.2211	0.4585	0.2694	0.154	-0.097	0.358	49.88	0.384	0.435	713	759	-0.330303	0.065876	
A/duck/Guangdong/01.01_SZ	0.2902	0.2211	0.4585	0.2694	0.154	-0.097	0.358	49.88	0.384	0.435	713	759	-0.330303	0.065876	
A/duck/Guangdong/01.01_SZ	0.2902	0.2211	0.4585	0.2694	0.154	-0.097	0.358	49.88	0.384	0.435	713	759	-0.330303	0.065876	
A/duck/Guangdong/01.01_SZ	0.2897	0.2207	0.4578	0.2707	0.154	-0.095	0.359	49.89	0.385	0.436	714	759	-0.333860	0.065876	
A/duck/Guangdong/01.01_SZ	0.2902	0.2211	0.4585	0.2694	0.154	-0.097	0.358	49.88	0.384	0.435	713	759	-0.330303	0.065876	
A/duck/Guangdong/01.01_SZ	0.2902	0.2211	0.4585	0.2694	0.154	-0.097	0.358	49.88	0.384	0.435	713	759	-0.330303	0.065876	
A/duck/Guangdong/01.01_SZ	0.2902	0.2211	0.4585	0.2694	0.154	-0.097	0.358	49.88	0.384	0.435	713	759	-0.330303	0.065876	
A/duck/Guangdong/01.01_SZ	0.2902	0.2211	0.4585	0.2694	0.154	-0.097	0.358	49.88	0.384	0.435	713	759	-0.330303	0.065876	
A/duck/Guangdong/01.01_SZ	0.2902	0.2211	0.4585	0.2699	0.154	-0.099	0.356	49.84	0.384	0.435	713	759	-0.329908	0.065876	
A/duck/Guangdong/01.01_SZ	0.2902	0.2211	0.4585	0.2699	0.154	-0.099	0.356	49.84	0.384	0.435	713	759	-0.329908	0.065876	
A/duck/Guangdong/02.11_DG	0.2798	0.2314	0.4619	0.2657	0.156	-0.087	0.363	50.53	0.390	0.437	713	759	-0.330303	0.065876	
A/duck/Guangdong/02.11_DG	0.2798	0.2314	0.4619	0.2657	0.156	-0.087	0.363	50.53	0.390	0.437	713	759	-0.330303	0.065876	
A/duck/Guangdong/02.11_DG	0.2798	0.2332	0.4602	0.2657	0.157	-0.085	0.365	50.71	0.391	0.438	713	759	-0.330303	0.065876	
A/duck/Guangdong/02.11_DG	0.2781	0.2332	0.4619	0.2657	0.157	-0.085	0.365	50.59	0.391	0.438	713	759	-0.330303	0.065876	
A/duck/Guangdong/02.11_DG	0.2798	0.2314	0.4619	0.2657	0.156	-0.087	0.363	50.53	0.390	0.437	713	759	-0.330303	0.065876	
A/duck/Guangdong/02.11_DG	0.2798	0.2314	0.4619	0.2662	0.155	-0.087	0.363	50.49	0.390	0.437	713	759	-0.329908	0.065876	
A/duck/Guangdong/03.26_DG	0.2776	0.2310	0.4645	0.2652	0.159	-0.084	0.366	50.84	0.389	0.438	714	759	-0.337022	0.065876	
A/duck/Guangdong/03.26_DG	0.2776	0.2310	0.4628	0.2670	0.159	-0.081	0.367	51.07	0.391	0.438	714	759	-0.337022	0.065876	
A/duck/Guangdong/03.26_DG	0.2763	0.2332	0.4670	0.2620	0.160	-0.078	0.369	50.53	0.388	0.437	713	759	-0.333597	0.065876	
A/duck/Guangdong/03.26_DG	0.2798	0.2297	0.4636	0.2657	0.156	-0.092	0.360	50.29	0.388	0.437	713	759	-0.333597	0.065876	
A/duck/Guangdong/03.26_DG	0.2763	0.2332	0.4670	0.2620	0.160	-0.078	0.369	50.53	0.388	0.437	713	759	-0.333597	0.065876	
A/duck/Guangdong/03.26_DG	0.2763	0.2332	0.4670	0.2620	0.160	-0.078	0.369	50.53	0.388	0.437	713	759	-0.333597	0.065876	
A/duck/Guangdong/03.26_DG	0.2781	0.2314	0.4704	0.2583	0.158	-0.092	0.360	49.77	0.384	0.436	713	759	-0.333597	0.065876	
A/duck/Guangdong/03.26_DG	0.2763	0.2332	0.4670	0.2620	0.160	-0.078	0.369	50.53	0.388	0.437	713	759	-0.333597	0.065876	
A/duck/Guangdong/03.26_DG	0.2815	0.2280	0.4628	0.2652	0.156	-0.094	0.359	50.37	0.387	0.437	713	759	-0.330040	0.065876	
A/duck/Guangdong/03.26_DG	0.2815	0.2280	0.4628	0.2652	0.156	-0.094	0.359	50.37	0.387	0.437	713	759	-0.330040	0.065876	
A/duck/Guangdong/03.26_DG	0.2763	0.2332	0.4670	0.2620	0.160	-0.078	0.369	50.53	0.388	0.437	713	759	-0.333597	0.065876	
A/duck/Guangdong/03.26_DG	0.2763	0.2332	0.4670	0.2620	0.160	-0.078	0.369	50.53	0.388	0.437	713	759	-0.333597	0.065876	
A/duck/Guangdong/03.26_DG	0.2781	0.2314	0.4687	0.2601	0.161	-0.075	0.370	50.55	0.386	0.437	713	759	-0.333597	0.065876	
A/duck/Guangdong/03.26_DG	0.2781	0.2314	0.4670	0.2620	0.160	-0.080	0.367	50.54	0.387	0.437	713	759	-0.333597	0.065876	
A/duck/Guangdong/03.26_DG	0.2781	0.2314	0.4670	0.2620	0.160	-0.080	0.367	50.54	0.387	0.437	713	759	-0.333597	0.065876	
A/duck/Guangdong/03.26_DG	0.2781	0.2314	0.4653	0.2638	0.159	-0.082	0.366	50.55	0.388	0.437	713	759	-0.333597	0.065876	
A/duck/Guangdong/03.26_DG	0.2781	0.2314	0.4653	0.2638	0.159	-0.082	0.366	50.55	0.388	0.437	713	759	-0.333597	0.065876	
A/duck/Guangdong/03.26_DG	0.2781	0.2314	0.4653	0.2638	0.159	-0.082	0.366	50.55	0.388	0.437	713	759	-0.333597	0.065876	
A/duck/Guangdong/03.26_DG	0.2781	0.2314	0.4653	0.2638	0.159	-0.082	0.366	50.55	0.388	0.437	713	759	-0.333597	0.065876	
A/duck/Guangdong/03.26_DG	0.2781	0.2314	0.4670	0.2620	0.160	-0.080	0.367	50.54	0.387	0.437	713	759	-0.333597	0.065876	
A/duck/Guangdong/03.26_DG	0.2781	0.2314	0.4653	0.2638	0.159	-0.082	0.366	50.55	0.388	0.437	713	759	-0.333597	0.065876	
A/duck/Guangdong/03.27_DG	0.2867	0.2245	0.4619	0.2657	0.156	-0.090	0.362	50.34	0.384	0.435	713	759	-0.330303	0.065876	
A/duck/Guangdong/03.27_DG	0.2793	0.2293	0.4636	0.2657	0.155	-0.092	0.360	50.60	0.388	0.437	713	759	-0.331093	0.065876	
A/duck/Guangdong/03.27_DG	0.2867	0.2245	0.4619	0.2657	0.156	-0.090	0.362	50.34	0.384	0.435	713	759	-0.330303	0.065876	
A/duck/Guangdong/03.27_DG	0.2793	0.2293	0.4636	0.2657	0.155	-0.092	0.360	50.60	0.388	0.437	713	759	-0.331093	0.065876	
A/duck/Guangdong/03.27_DG	0.2867	0.2245	0.4619	0.2657	0.156	-0.090	0.362	50.34	0.384	0.435	713	759	-0.330303	0.065876	
A/duck/Guangdong/04.15_SZ	0.2763	0.2297	0.4653	0.2675	0.158	-0.087	0.363	50.44	0.390	0.437	713	759	-0.333597	0.065876	
A/duck/Guangdong/04.15_SZ	0.2798	0.2297	0.4621	0.2652	0.157	-0.091	0.360	51.05	0.388	0.438	713	759	-0.340053	0.065876	
A/duck/Guangdong/04.15_SZ	0.2798	0.2297	0.4621	0.2647	0.157	-0.089	0.362	51.08	0.388	0.438	713	759	-0.340448	0.065876	
A/duck/Guangdong/04.16_LG	0.2746	0.2349	0.4704	0.2588	0.159	-0.080	0.367	50.13	0.387	0.436	713	759	-0.333201	0.065876	
A/duck/Guangdong/04.16_SZ	0.2828	0.2259	0.4636	0.2675	0.156	-0.098	0.357	50.42	0.387	0.436	714	759	-0.331884	0.067194	
A/duck/Guangdong/04.16_SZ	0.2763	0.2332	0.4687	0.2601	0.160	-0.078	0.369	50.39	0.387	0.437	713	759	-0.333597	0.065876	
A/duck/Guangdong/04.16_SZ	0.2781	0.2314	0.4593	0.2722	0.158	-0.082	0.366	51.22	0.394	0.438	713	759	-0.327009	0.065876	
A/duck/Guangdong/04.16_SZ	0.2867	0.2245	0.4636	0.2638	0.157	-0.085	0.365	50.29	0.383	0.435	713	759	-0.330303	0.065876	
A/duck/Guangdong/04.22_DG	0.2793	0.2293	0.4611	0.2694	0.156	-0.085	0.364	50.51	0.391	0.437	714	759	-0.326877	0.065876	
A/duck/Guangdong/04.22_DG	0.2793	0.2293	0.4611	0.2694	0.156	-0.085	0.364	50.51	0.391	0.437	714	759	-0.326877	0.065876	
A/duck/Guangdong/04.22_DG	0.2884	0.2228	0.4636	0.2638	0.156	-0.094	0.359	50.00	0.381	0.434	713	759	-0.327141	0.065876	
A/duck/Guangdong/04.22_DG	0.2884	0.2228	0.4636	0.2638	0.156	-0.094	0.359	50.00	0.381	0.434	713	759	-0.327141	0.065876	
A/duck/Guangdong/04.22_DG	0.2884	0.2228	0.4636	0.2638	0.156	-0.094	0.359	50.00	0.381	0.434	713	759	-0.327141	0.065876	
A/duck/Guangdong/04.22_DG	0.2917	0.2326	0.4205	0.2953	0.151	-0.118	0.346	54.69	0.414	0.446	706	749	-0.316021	0.066756	
A/duck/Guangdong/04.22_DG	0.2793	0.2276	0.4645	0.2675	0.156	-0.088	0.363	50.30	0.388	0.437	714	759	-0.323584	0.065876	
A/duck/Guangdong/04.22_DG	0.2793	0.2276	0.4645	0.2675	0.156	-0.088	0.363	50.30	0.388	0.437	714	759	-0.323584	0.065876	
A/duck/Guangdong/04.22_DG	0.2917	0.2326	0.4188	0.2972	0.151	-0.118	0.346	54.65	0.415	0.447	706	749	-0.316021	0.066756	
A/duck/Guangdong/04.22_DG	0.2934	0.2309	0.4205	0.2953	0.150	-0.123	0.343	54.81	0.412	0.446	706	749	-0.327103	0.066756	
A/duck/Guangdong/04.23_DG	0.2793	0.2293	0.4636	0.2657	0.155	-0.092	0.360	50.60	0.388	0.437	713	759	-0.331093	0.065876	
A/duck/Guangdong/04.23_DG	0.2793	0.2293	0.4636	0.2657	0.155	-0.092	0.360	50.60	0.388	0.437	713	759	-0.331093	0.065876	
A/duck/Guangdong/04.23_DG	0.2867	0.2245	0.4619	0.2657	0.156	-0.090	0.362	50.34	0.384	0.435	713	759	-0.330303	0.065876	
A/duck/Guangdong/04.23_DG	0.2867	0.2245	0.4619	0.2657	0.156	-0.090	0.362	50.34	0.384	0.435	713	759	-0.330303	0.065876	
A/duck/Guangdong/04.23_DG	0.2781	0.2314	0.4687	0.2601	0.160	-0.080	0.367	50.32	0.386	0.437	713	759	-0.333597	0.065876	
A/duck/Guangdong/04.23_DG	0.2867	0.2245	0.4619	0.2657	0.156	-0.090	0.362	50.34	0.384	0.435	713	759	-0.330303	0.065876	
A/duck/Guangdong/04.23_DG	0.2867	0.2245	0.4636	0.2643	0.156	-0.090	0.362	50.36	0.383	0.434	713	759	-0.329381	0.065876	
A/duck/Guangdong/04.23_DG	0.2867	0.2245	0.4619	0.2657	0.156	-0.090	0.362	50.34	0.384	0.435	713	759	-0.330303	0.065876	
A/duck/Guangdong/04.23_DG	0.2867	0.2245	0.4619	0.2657	0.156	-0.090	0.362	50.34	0.384	0.435	713	759	-0.330303	0.065876	
A/duck/Guangdong/04.23_DG	0.2781	0.2314	0.4687	0.2601	0.160	-0.080	0.367	50.58	0.386	0.437	713	759	-0.333597	0.065876	
A/duck/Guangdong/04.23_DG	0.2798	0.2297	0.4621	0.2647	0.157	-0.089	0.362	51.08	0.388	0.438	713	759	-0.340448	0.065876	
A/duck/Guangdong/04.23_DG	0.2867	0.2245	0.4619	0.2657	0.156	-0.090	0.362	50.34	0.384	0.435	713	759	-0.330303	0.065876	
A/duck/Guangdong/04.23_DG	0.2781	0.2314	0.4621	0.2647	0.157	-0.089	0.362	51.17	0.390	0.439	713	759	-0.340448	0.065876	
A/duck/Guangdong/04.23_DG	0.2798	0.2297	0.4621	0.2647	0.157	-0.089	0.362	51.08	0.388	0.438	713	759	-0.340448	0.065876	
A/duck/Guangdong/04.23_DG	0.2781	0.2314	0.4670	0.2620	0.160	-0.080	0.367	50.54	0.387	0.437	713	759	-0.333597	0.065876	
A/duck/Guangdong/04.23_DG	0.2781	0.2314	0.4670	0.2620	0.160	-0.080	0.367	50.54	0.387	0.437	713	759	-0.333597	0.065876	
A/duck/Guangdong/04.23_DG	0.2781	0.2314	0.4670	0.2620	0.160	-0.080	0.367	50.54	0.387	0.437	713	759	-0.333597	0.065876	
A/duck/Guangdong/04.23_DG	0.2781	0.2314	0.4670	0.2620	0.160	-0.080	0.367	50.54	0.387	0.437	713	759	-0.333597	0.065876	
A/duck/Guangdong/04.23_DG	0.2781	0.2314	0.4670	0.2620	0.160	-0.080	0.367	50.54	0.387	0.437	713	759	-0.333597	0.065876	
A/duck/Guangdong/04.23_DG	0.2867	0.2245	0.4619	0.2657	0.156	-0.090	0.362	50.34	0.384	0.435	713	759	-0.330303	0.065876	
A/duck/Guangdong/04.23_DG	0.2793	0.2293	0.4636	0.2657	0.155	-0.092	0.360	50.60	0.388	0.437	713	759	-0.331093	0.065876	
A/duck/Guangdong/04.23_DG	0.2781	0.2314	0.4670	0.2620	0.160	-0.080	0.367	50.54	0.387	0.437	713	759	-0.333597	0.065876	
A/duck/Guangdong/04.23_DG	0.2815	0.2280	0.4628	0.2652	0.156	-0.094	0.359	50.37	0.387	0.437	713	759	-0.330040	0.065876	
A/duck/Guangdong/04.23_DG	0.2867	0.2245	0.4619	0.2657	0.156	-0.090	0.362	50.34	0.384	0.435	713	759	-0.330303	0.065876	
A/duck/Guangdong/04.23_DG	0.2781	0.2314	0.4653	0.2638	0.159	-0.083	0.366	50.60	0.388	0.438	713	759	-0.336759	0.065876	
A/duck/Guangdong/04.23_DG	0.2867	0.2245	0.4619	0.2657	0.156	-0.090	0.362	50.34	0.384	0.435	713	759	-0.330303	0.065876	
A/duck/Guangdong/04.23_DG	0.2793	0.2293	0.4653	0.2638	0.155	-0.092	0.360	50.64	0.387	0.437	713	759	-0.331093	0.065876	
A/duck/Guangdong/04.23_DG	0.2793	0.2293	0.4636	0.2657	0.155	-0.092	0.360	50.60	0.388	0.437	713	759	-0.331093	0.065876	
A/duck/Guangdong/04.23_DG	0.2781	0.2314	0.4670	0.2620	0.160	-0.080	0.367	50.54	0.387	0.437	713	759	-0.333597	0.065876	
A/duck/Guangdong/04.23_DG	0.2793	0.2293	0.4653	0.2638	0.155	-0.094	0.359	50.36	0.387	0.437	713	759	-0.331093	0.065876	
A/duck/Guangdong/04.23_DG	0.2788	0.2272	0.4670	0.2638	0.153	-0.101	0.355	50.01	0.386	0.437	713	759	-0.331884	0.065876	
A/duck/Guangdong/04.23_DG	0.2837	0.2301	0.4627	0.2620	0.158	-0.087	0.364	50.40	0.386	0.437	712	759	-0.333729	0.065876	
A/duck/Guangdong/04.23_DG	0.2820	0.2318	0.4627	0.2620	0.158	-0.084	0.365	50.36	0.388	0.437	712	759	-0.333729	0.065876	
A/duck/Guangdong/04.23_DG	0.2798	0.2297	0.4621	0.2647	0.157	-0.089	0.362	51.08	0.388	0.438	713	759	-0.340448	0.065876	
A/duck/Guangdong/04.23_DG	0.2798	0.2297	0.4621	0.2647	0.157	-0.089	0.362	51.08	0.388	0.438	713	759	-0.340448	0.065876	
A/duck/Guangdong/04.23_DG	0.2798	0.2297	0.4621	0.2647	0.157	-0.089	0.362	51.08	0.388	0.438	713	759	-0.340448	0.065876	
A/duck/Guangdong/04.23_DG	0.2798	0.2297	0.4621	0.2647	0.157	-0.089	0.362	51.08	0.388	0.438	713	759	-0.340448	0.065876	
A/duck/Guangdong/04.23_DG	0.2798	0.2297	0.4621	0.2647	0.157	-0.089	0.362	51.08	0.388	0.438	713	759	-0.340448	0.065876	
A/duck/Guangdong/04.23_DG	0.2798	0.2297	0.4621	0.2647	0.157	-0.089	0.362	51.08	0.388	0.438	713	759	-0.340448	0.065876	
A/duck/Guangdong/04.23_DG	0.2798	0.2297	0.4621	0.2647	0.157	-0.089	0.362	51.08	0.388	0.438	713	759	-0.340448	0.065876	
A/duck/Guangdong/04.23_DG	0.2798	0.2297	0.4621	0.2647	0.157	-0.089	0.362	51.08	0.388	0.438	713	759	-0.340448	0.065876	
A/duck/Guangdong/04.23_DG	0.2763	0.2297	0.4670	0.2657	0.158	-0.085	0.365	50.82	0.388	0.437	713	759	-0.333597	0.065876	
A/duck/Guangdong/11.18_SZ	0.2781	0.2332	0.4578	0.2689	0.155	-0.091	0.360	50.88	0.394	0.439	713	759	-0.320290	0.065876	
A/duck/Guangdong/11.18_SZ	0.2781	0.2332	0.4578	0.2689	0.155	-0.091	0.360	50.88	0.394	0.439	713	759	-0.320290	0.065876	
A/duck/Guangdong/11.18_SZ	0.2781	0.2332	0.4578	0.2684	0.155	-0.092	0.360	50.93	0.394	0.440	713	759	-0.327141	0.065876	
A/duck/Guangdong/KGZ15783	0.2825	0.2346	0.4175	0.3009	0.148	-0.098	0.356	50.50	0.422	0.447	714	759	-0.320290	0.067194	
A/duck/Guangdong/KGZ16007	0.2872	0.2266	0.4585	0.2670	0.159	-0.080	0.367	49.77	0.387	0.437	713	759	-0.329908	0.065876	
A/duck/Guangdong/KGZ16008	0.2872	0.2266	0.4585	0.2670	0.159	-0.080	0.367	49.77	0.387	0.437	713	759	-0.329908	0.065876	
A/duck/Guangdong/KGZ16009	0.2872	0.2266	0.4585	0.2670	0.159	-0.080	0.367	49.77	0.387	0.437	713	759	-0.329908	0.065876	
A/duck/Guangdong/KGZ16012	0.2872	0.2266	0.4585	0.2670	0.159	-0.080	0.367	49.77	0.387	0.437	713	759	-0.329908	0.065876	
A/duck/Guangdong/KGZ16015	0.2796	0.2419	0.4202	0.2925	0.150	-0.095	0.357	50.96	0.422	0.447	714	759	-0.302240	0.067194	
A/Duck/Guangdong/PO172812	0.2776	0.2276	0.4653	0.2675	0.155	-0.094	0.359	50.94	0.388	0.437	713	759	-0.334387	0.065876	
A/Duck/Guangdong/PO172813	0.2759	0.2310	0.4619	0.2694	0.155	-0.089	0.362	51.32	0.393	0.438	713	759	-0.334387	0.065876	
A/Duck/Guangdong/PO172842	0.2798	0.2297	0.4645	0.2634	0.157	-0.086	0.365	50.52	0.387	0.437	713	759	-0.325165	0.065876	
A/Duck/Guangdong/PO170726	0.2738	0.2322	0.4670	0.2667	0.155	-0.096	0.358	50.95	0.390	0.436	712	759	-0.329381	0.065876	
A/Duck/Guangdong/PY501/20	0.2892	0.2255	0.4192	0.3070	0.145	-0.135	0.336	51.92	0.417	0.446	715	759	-0.318709	0.065876	
A/Duck/Guangdong/PY503/20	0.2864	0.2333	0.4327	0.2878	0.152	-0.102	0.355	53.73	0.408	0.444	716	759	-0.319236	0.065876	
A/duck/Guangdong/S1269/20	0.2830	0.2350	0.4226	0.2954	0.150	-0.097	0.356	50.00	0.417	0.445	714	759	-0.313571	0.067194	
A/duck/Guangdong/S1330/20	0.2902	0.2211	0.4585	0.2694	0.155	-0.096	0.358	49.70	0.384	0.435	713	759	-0.319368	0.065876	
A/duck/Guangdong/S4518/20	0.2599	0.2547	0.4242	0.2978	0.153	-0.081	0.366	50.25	0.435	0.451	713	759	-0.314097	0.065876	
A/duck/Guangdong/S4525/20	0.2616	0.2530	0.4242	0.2978	0.153	-0.081	0.366	50.27	0.433	0.451	713	759	-0.314097	0.065876	
A/duck/Guangdong/S4879/20	0.2847	0.2333	0.4209	0.2972	0.150	-0.096	0.357	50.03	0.417	0.445	714	759	-0.319499	0.067194	
A/duck/Guangdong/s14044/2	0.2556	0.2521	0.4463	0.2831	0.157	-0.107	0.349	50.95	0.420	0.446	716	759	-0.288142	0.065876	
A/duck/Guangdong/SE195/20	0.2862	0.2293	0.4653	0.2560	0.158	-0.090	0.362	50.75	0.381	0.436	713	759	-0.326087	0.065876	
A/Duck/Guangdong/SS1A1/20	0.2847	0.2333	0.4283	0.2934	0.148	-0.111	0.350	52.87	0.413	0.446	715	759	-0.329908	0.065876	
A/duck/Guangdong/wy11/200	0.2616	0.2478	0.4370	0.2923	0.163	-0.087	0.362	51.48	0.424	0.449	715	759	-0.294993	0.065876	
A/duck/Guangdong/wy19/200	0.2638	0.2500	0.4360	0.2891	0.164	-0.077	0.368	51.84	0.423	0.448	714	759	-0.317655	0.065876	
A/duck/Guangdong/wy24/200	0.2667	0.2427	0.4413	0.2849	0.158	-0.093	0.358	51.59	0.415	0.447	716	759	-0.288406	0.065876	
A/Duck/Guangdong/Yangjian	0.2763	0.2332	0.4593	0.2722	0.156	-0.097	0.358	51.80	0.396	0.438	713	759	-0.329381	0.065876	
A/duck/Guangxi/12.25_GLGX	0.2882	0.2378	0.4232	0.2910	0.155	-0.104	0.354	54.42	0.414	0.446	707	749	-0.307343	0.066756	
A/duck/Guangxi/S10099/202	0.2847	0.2333	0.4175	0.3009	0.150	-0.098	0.356	50.27	0.420	0.446	714	759	-0.319499	0.067194	
A/duck/Guangxi/S10263/202	0.2847	0.2333	0.4158	0.3028	0.150	-0.098	0.356	50.46	0.422	0.447	714	759	-0.319499	0.067194	
A/duck/Guangxi/S11043/202	0.2830	0.2350	0.4168	0.3004	0.150	-0.098	0.356	50.09	0.422	0.448	714	759	-0.320817	0.067194	
A/duck/Guangxi/S21194/202	0.2864	0.2333	0.4141	0.3028	0.150	-0.103	0.353	50.32	0.422	0.446	714	759	-0.319499	0.067194	
A/duck/Guangxi/S31116/202	0.2847	0.2333	0.4192	0.2991	0.150	-0.101	0.354	50.28	0.419	0.446	714	759	-0.318972	0.067194	
A/duck/Guangzhou/018/2014	0.2921	0.2302	0.4310	0.2878	0.151	-0.114	0.348	54.30	0.405	0.442	716	759	-0.318445	0.065876	
A/duck/Guangzhou/021/2014	0.2899	0.2316	0.4310	0.2878	0.150	-0.113	0.348	54.09	0.406	0.443	716	759	-0.319236	0.065876	
A/duck/Guizhou/7.27_ZYLJJ	0.2828	0.2293	0.4553	0.2689	0.159	-0.087	0.363	50.84	0.391	0.438	713	759	-0.325823	0.065876	
A/duck/Guizhou/8.26_ZYLJJ	0.2759	0.2328	0.4628	0.2657	0.160	-0.080	0.367	50.77	0.391	0.438	713	759	-0.329908	0.065876	
A/duck/Guizhou/8.26_ZYLJJ	0.2759	0.2328	0.4645	0.2643	0.158	-0.085	0.365	50.73	0.390	0.437	713	759	-0.332806	0.065876	
A/duck/Guizhou/S1321/2022	0.2629	0.2509	0.4252	0.2967	0.154	-0.082	0.366	50.47	0.431	0.451	714	759	-0.317918	0.065876	
A/duck/Guizhou/S1711/2024	0.2763	0.2401	0.4394	0.2802	0.159	-0.067	0.374	49.50	0.410	0.441	713	759	-0.325296	0.065876	
A/duck/Guizhou/S4702/2021	0.2560	0.2388	0.4739	0.2661	0.144	-0.124	0.341	48.95	0.397	0.441	715	759	-0.330962	0.065876	
A/duck/Hainan/12.29_HKPL0	0.2793	0.2310	0.4628	0.2638	0.157	-0.090	0.362	50.88	0.388	0.437	713	759	-0.329908	0.065876	
A/duck/Hebei/3/2011|EPI_I	0.2556	0.2521	0.4545	0.2716	0.161	-0.084	0.363	51.88	0.413	0.446	714	759	-0.297233	0.065876	
A/duck/Hebei/S1070/2021|E	0.2847	0.2333	0.4158	0.3033	0.152	-0.087	0.363	50.56	0.422	0.446	714	759	-0.318050	0.067194	
A/duck/Henan/01.01_LYGL00	0.2716	0.2422	0.4226	0.3033	0.152	-0.113	0.346	52.57	0.428	0.449	713	759	-0.297760	0.065876	
A/duck/Henan/S1381/2021|E	0.2813	0.2367	0.4175	0.3009	0.149	-0.099	0.356	50.59	0.423	0.447	714	759	-0.318445	0.067194	
A/duck/Hsinchu/15020216/2	0.2867	0.2332	0.4233	0.2965	0.152	-0.110	0.349	51.06	0.415	0.443	713	759	-0.317786	0.065876	
A/duck/Hubei/03.06__WHWTZ	0.2702	0.2496	0.4283	0.2904	0.160	-0.075	0.370	53.69	0.424	0.450	714	759	-0.324374	0.065876	
A/duck/Hubei/03.06__WHWTZ	0.2864	0.2401	0.4276	0.2849	0.155	-0.089	0.362	53.39	0.412	0.447	716	759	-0.313966	0.065876	
A/duck/Hubei/03.06__WHWTZ	0.2864	0.2401	0.4276	0.2849	0.155	-0.089	0.362	53.39	0.412	0.447	716	759	-0.313966	0.065876	
A/duck/Hubei/03.06__WHWTZ	0.2864	0.2401	0.4276	0.2849	0.155	-0.089	0.362	53.39	0.412	0.447	716	759	-0.313966	0.065876	
A/duck/Hubei/03.06__WHWTZ	0.2864	0.2401	0.4276	0.2849	0.155	-0.089	0.362	53.39	0.412	0.447	716	759	-0.313966	0.065876	
A/duck/Hubei/03.06__WHWTZ	0.2815	0.2263	0.4746	0.2574	0.154	-0.092	0.360	51.03	0.379	0.433	713	759	-0.345059	0.065876	
A/duck/Hubei/03.06__WHWTZ	0.2457	0.2578	0.4247	0.3142	0.146	-0.119	0.344	49.75	0.448	0.453	712	759	-0.316601	0.065876	
A/duck/HuBei/03.06__WHWTZ	0.2864	0.2401	0.4276	0.2849	0.155	-0.089	0.362	53.39	0.412	0.447	716	759	-0.313966	0.065876	
A/duck/Hubei/03.06_WHWTZ0	0.2864	0.2401	0.4276	0.2849	0.155	-0.089	0.362	53.39	0.412	0.447	716	759	-0.313966	0.065876	
A/duck/Hubei/03.06_WHWTZ0	0.2864	0.2401	0.4276	0.2849	0.155	-0.089	0.362	53.39	0.412	0.447	716	759	-0.313966	0.065876	
A/duck/Hubei/46/2009|EPI_	0.2806	0.2341	0.4353	0.2852	0.157	-0.094	0.359	53.44	0.409	0.442	714	759	-0.326746	0.064559	
A/duck/Hubei/2911/2007|EP	0.2646	0.2440	0.4000	0.3297	0.148	-0.099	0.356	52.33	0.451	0.458	714	759	-0.306456	0.065876	
A/duck/Hubei/S4465/2021(H	0.2801	0.2388	0.4175	0.3015	0.150	-0.098	0.357	50.44	0.424	0.447	714	759	-0.311858	0.067194	
A/duck/Hubei/SE128/2022(H	0.2823	0.2375	0.4175	0.3015	0.151	-0.098	0.357	50.41	0.423	0.446	714	759	-0.311067	0.067194	
A/duck/Hubei/SE220/2022(H	0.2642	0.2521	0.4202	0.2985	0.153	-0.080	0.367	50.25	0.434	0.452	714	759	-0.321739	0.065876	
A/duck/Hubei/SZY250/2016|	0.2543	0.2509	0.4587	0.2722	0.153	-0.107	0.350	50.15	0.411	0.445	715	759	-0.298946	0.065876	
A/duck/Hubei/xn/2007|EPI_	0.2654	0.2500	0.4298	0.2901	0.157	-0.094	0.358	52.99	0.425	0.451	717	759	-0.316074	0.065876	
A/duck/Hunan/1.12_YYGK68H	0.2759	0.2345	0.4627	0.2657	0.160	-0.085	0.365	50.78	0.393	0.438	713	759	-0.336100	0.067194	
A/duck/Hunan/1.12_YYGK72H	0.2759	0.2345	0.4627	0.2657	0.160	-0.085	0.365	50.49	0.393	0.438	713	759	-0.336100	0.067194	
A/duck/Hunan/1.12_YYGK74H	0.2820	0.2284	0.4678	0.2606	0.158	-0.089	0.362	51.31	0.383	0.435	712	759	-0.325692	0.065876	
A/duck/Hunan/01.12_YYGK82	0.2820	0.2284	0.4678	0.2606	0.158	-0.089	0.362	51.31	0.383	0.435	712	759	-0.325692	0.065876	
A/duck/Hunan/01.16_YYFQH1	0.2842	0.2380	0.4293	0.2868	0.149	-0.106	0.352	53.33	0.412	0.447	716	759	-0.324506	0.065876	
A/duck/Hunan/01.16_YYFQH1	0.2855	0.2405	0.4215	0.2905	0.151	-0.107	0.352	53.32	0.417	0.449	707	749	-0.316288	0.066756	
A/duck/Hunan/01.16_YYFQH2	0.2781	0.2418	0.4171	0.3022	0.152	-0.102	0.354	53.11	0.427	0.451	707	749	-0.310547	0.066756	
A/duck/Hunan/01.16_YYFQH3	0.2850	0.2383	0.4222	0.2929	0.149	-0.111	0.349	53.28	0.417	0.449	707	749	-0.324032	0.066756	
A/duck/Hunan/01.16_YYFQH3	0.2838	0.2359	0.4293	0.2886	0.147	-0.110	0.349	53.37	0.412	0.447	716	759	-0.328590	0.065876	
A/duck/Hunan/01.16_YYFQH3	0.2850	0.2383	0.4215	0.2924	0.149	-0.111	0.349	53.35	0.417	0.449	707	749	-0.320427	0.066756	
A/duck/Hunan/01.16_YYFQH3	0.2850	0.2383	0.4232	0.2905	0.149	-0.111	0.349	53.33	0.416	0.449	707	749	-0.320427	0.066756	
A/duck/Hunan/01.16_YYFQH3	0.2850	0.2383	0.4222	0.2929	0.149	-0.111	0.349	53.28	0.417	0.449	707	749	-0.324032	0.066756	
A/duck/Hunan/01.16_YYFQH3	0.2850	0.2383	0.4222	0.2929	0.149	-0.111	0.349	53.28	0.417	0.449	707	749	-0.324032	0.066756	
A/duck/Hunan/01.16_YYFQH3	0.2838	0.2359	0.4300	0.2891	0.147	-0.110	0.349	53.30	0.412	0.446	716	759	-0.332148	0.065876	
A/duck/Hunan/01.16_YYGK21	0.2850	0.2383	0.4215	0.2924	0.149	-0.111	0.349	53.35	0.417	0.449	707	749	-0.320427	0.066756	
A/duck/Hunan/1.17_YYGKK80	0.2754	0.2392	0.4729	0.2495	0.157	-0.074	0.370	50.60	0.384	0.436	713	759	-0.342556	0.065876	
A/duck/Hunan/01.21_YYFQH0	0.2847	0.2401	0.4259	0.2886	0.153	-0.091	0.360	53.30	0.415	0.447	716	759	-0.320553	0.065876	
A/duck/Hunan/01.21_YYFQH0	0.2771	0.2392	0.4327	0.2881	0.150	-0.118	0.345	50.61	0.415	0.446	714	759	-0.325560	0.065876	
A/duck/Hunan/01.21_YYFQH0	0.2835	0.2400	0.4300	0.2844	0.160	-0.086	0.364	52.20	0.412	0.446	706	749	-0.315755	0.066756	
A/duck/Hunan/01.21_YYFQH0	0.2842	0.2409	0.4181	0.2966	0.152	-0.103	0.354	53.21	0.421	0.449	707	749	-0.308678	0.066756	
A/duck/Hunan/01.21_YYFQH0	0.2860	0.2409	0.4266	0.2849	0.154	-0.099	0.356	53.25	0.413	0.445	707	749	-0.315621	0.066756	
A/duck/Hunan/2.06_YYGK77J	0.2729	0.2349	0.4687	0.2625	0.154	-0.095	0.359	50.87	0.390	0.436	713	759	-0.333201	0.065876	
A/duck/Hunan/2.06_YYGK78J	0.2793	0.2328	0.4720	0.2551	0.156	-0.094	0.359	50.38	0.383	0.435	713	759	-0.333597	0.067194	
A/duck/Hunan/2.06_YYGK84J	0.2724	0.2345	0.4687	0.2625	0.152	-0.097	0.358	50.75	0.390	0.437	713	759	-0.333992	0.065876	
A/duck/Hunan/2.06_YYGK92J	0.2729	0.2349	0.4687	0.2625	0.154	-0.095	0.359	50.87	0.390	0.436	713	759	-0.333201	0.065876	
A/duck/Hunan/02.07__YYFQH	0.2830	0.2333	0.4394	0.2836	0.149	-0.105	0.352	52.73	0.405	0.442	716	759	-0.320817	0.065876	
A/duck/Hunan/02.07__YYFQH	0.2830	0.2384	0.4259	0.2928	0.150	-0.103	0.353	53.15	0.416	0.447	716	759	-0.316996	0.065876	
A/duck/Hunan/02.07_YYFQH0	0.2778	0.2413	0.4276	0.2894	0.152	-0.117	0.346	50.85	0.418	0.448	706	750	-0.311867	0.066667	
A/duck/Hunan/02.07_YYFQH0	0.2842	0.2409	0.4181	0.2966	0.152	-0.103	0.354	53.21	0.421	0.449	707	749	-0.308678	0.066756	
A/duck/Hunan/02.07_YYFQH0	0.2771	0.2392	0.4327	0.2881	0.150	-0.118	0.345	50.61	0.415	0.446	714	759	-0.325560	0.065876	
A/duck/Hunan/02.16_YYGK28	0.2838	0.2359	0.4293	0.2886	0.147	-0.110	0.349	53.37	0.412	0.447	716	759	-0.328590	0.065876	
A/duck/Hunan/02.26__YYFQH	0.2850	0.2383	0.4215	0.2924	0.149	-0.111	0.349	53.35	0.417	0.449	707	749	-0.320427	0.066756	
A/duck/Hunan/02.26__YYFQH	0.2850	0.2383	0.4215	0.2924	0.149	-0.111	0.349	53.35	0.417	0.449	707	749	-0.320427	0.066756	
A/duck/Hunan/02.26__YYGK2	0.2850	0.2383	0.4222	0.2929	0.149	-0.111	0.349	53.28	0.417	0.449	707	749	-0.324032	0.066756	
A/duck/Hunan/02.26__YYGK0	0.2838	0.2359	0.4293	0.2886	0.147	-0.110	0.349	53.37	0.412	0.447	716	759	-0.328590	0.065876	
A/duck/Hunan/02.26_YYFQH2	0.2855	0.2405	0.4232	0.2886	0.151	-0.104	0.354	53.31	0.416	0.449	707	749	-0.316288	0.066756	
A/duck/Hunan/02.26_YYFQH2	0.2850	0.2383	0.4222	0.2929	0.149	-0.111	0.349	53.28	0.417	0.449	707	749	-0.324032	0.066756	
A/duck/Hunan/02.26_YYFQH3	0.2850	0.2383	0.4222	0.2929	0.149	-0.111	0.349	53.28	0.417	0.449	707	749	-0.324032	0.066756	
A/duck/Hunan/02.26_YYFQHY	0.2842	0.2409	0.4181	0.2966	0.152	-0.103	0.354	53.21	0.421	0.449	707	749	-0.308678	0.066756	
A/duck/Hunan/02.26_YYGK25	0.2912	0.2374	0.4232	0.2868	0.152	-0.107	0.352	53.25	0.412	0.446	707	749	-0.318825	0.066756	
A/duck/Hunan/02.26_YYGK25	0.2850	0.2383	0.4215	0.2924	0.149	-0.111	0.349	53.35	0.417	0.449	707	749	-0.320427	0.066756	
A/duck/Hunan/02.26_YYGK26	0.2894	0.2374	0.4232	0.2886	0.152	-0.109	0.351	53.40	0.413	0.447	707	749	-0.318825	0.066756	
A/duck/Hunan/02.26_YYGK26	0.2894	0.2374	0.4215	0.2905	0.152	-0.109	0.351	53.36	0.414	0.447	707	749	-0.318825	0.066756	
A/duck/Hunan/02.26_YYGK27	0.2894	0.2374	0.4232	0.2886	0.152	-0.109	0.351	53.40	0.413	0.447	707	749	-0.318825	0.066756	
A/duck/Hunan/02.26_YYGK27	0.2882	0.2350	0.4310	0.2849	0.150	-0.109	0.351	53.40	0.408	0.444	716	759	-0.327009	0.065876	
A/duck/Hunan/02.26_YYGKY2	0.2850	0.2383	0.4222	0.2929	0.149	-0.111	0.349	53.28	0.417	0.449	707	749	-0.324032	0.066756	
A/duck/Hunan/02.26_YYGQH2	0.2850	0.2383	0.4222	0.2929	0.149	-0.111	0.349	53.28	0.417	0.449	707	749	-0.324032	0.066756	
A/duck/Hunan/03.07_YYGK1L	0.2735	0.2496	0.4336	0.2815	0.155	-0.092	0.359	54.69	0.418	0.448	718	759	-0.336891	0.065876	
A/duck/Hunan/03.07_YYGK4L	0.2715	0.2371	0.4704	0.2583	0.153	-0.084	0.364	50.37	0.389	0.437	714	759	-0.349934	0.065876	
A/duck/Hunan/03.07_YYGK25	0.2729	0.2349	0.4687	0.2625	0.154	-0.095	0.359	50.87	0.390	0.436	713	759	-0.333201	0.065876	
A/duck/Hunan/03.07_YYGK31	0.2741	0.2310	0.4653	0.2675	0.157	-0.087	0.363	51.13	0.391	0.438	713	759	-0.334914	0.065876	
A/duck/Hunan/03.09_YYFQH0	0.2792	0.2373	0.4096	0.3165	0.150	-0.115	0.346	52.30	0.433	0.447	705	750	-0.288400	0.066667	
A/duck/Hunan/03.09_YYFQH0	0.2776	0.2328	0.4653	0.2620	0.159	-0.080	0.367	50.78	0.388	0.437	713	759	-0.337681	0.065876	
A/duck/Hunan/03.09_YYFQH0	0.2870	0.2400	0.4225	0.2905	0.156	-0.105	0.354	54.21	0.416	0.446	707	749	-0.302403	0.066756	
A/duck/Hunan/03.24_YYGK18	0.2815	0.2280	0.4737	0.2560	0.155	-0.096	0.358	50.37	0.379	0.432	712	759	-0.336100	0.065876	
A/duck/Hunan/03.24_YYGK21	0.2820	0.2266	0.4746	0.2556	0.155	-0.098	0.357	50.19	0.378	0.432	712	759	-0.336495	0.065876	
A/duck/Hunan/03.24_YYGK17	0.2820	0.2266	0.4746	0.2556	0.155	-0.098	0.357	50.19	0.378	0.432	712	759	-0.336495	0.065876	
A/duck/Hunan/03.24_YYGK17	0.2820	0.2284	0.4729	0.2556	0.154	-0.098	0.357	50.39	0.379	0.432	712	759	-0.336495	0.065876	
A/duck/Hunan/04.14_YYGK06	0.2877	0.2397	0.4233	0.2891	0.154	-0.089	0.362	53.25	0.415	0.446	716	759	-0.320553	0.065876	
A/duck/Hunan/04.14_YYGK04	0.2872	0.2405	0.4215	0.2892	0.153	-0.097	0.358	52.94	0.416	0.448	707	749	-0.319226	0.066756	
A/duck/Hunan/04.14_YYGK45	0.2899	0.2384	0.4259	0.2849	0.157	-0.084	0.365	53.42	0.411	0.446	716	759	-0.313966	0.065876	
A/duck/Hunan/04.14_YYGK46	0.2899	0.2384	0.4259	0.2849	0.157	-0.084	0.365	53.42	0.411	0.446	716	759	-0.313966	0.065876	
A/duck/Hunan/04.14_YYGK46	0.2877	0.2397	0.4250	0.2873	0.154	-0.089	0.362	53.20	0.413	0.446	716	759	-0.320553	0.065876	
A/duck/Hunan/04.14_YYGK46	0.2860	0.2414	0.4233	0.2891	0.154	-0.087	0.363	53.26	0.416	0.447	716	759	-0.320553	0.065876	
A/duck/Hunan/04.14_YYGK47	0.2877	0.2397	0.4250	0.2873	0.154	-0.089	0.362	53.20	0.413	0.446	716	759	-0.320553	0.065876	
A/duck/Hunan/04.14_YYGK08	0.2899	0.2384	0.4259	0.2849	0.157	-0.084	0.365	53.42	0.411	0.446	716	759	-0.313966	0.065876	
A/duck/Hunan/04.14_YYXS87	0.2899	0.2384	0.4259	0.2849	0.157	-0.084	0.365	53.42	0.411	0.446	716	759	-0.313966	0.065876	
A/duck/Hunan/04.22_LDDX03	0.2832	0.2314	0.4569	0.2675	0.158	-0.080	0.367	50.59	0.391	0.437	713	759	-0.330830	0.065876	
A/duck/Hunan/7.21_YYGK41Y	0.2754	0.2272	0.4746	0.2606	0.156	-0.089	0.362	50.09	0.383	0.436	713	759	-0.333860	0.065876	
A/duck/Hunan/11.30_YYGK59	0.2781	0.2349	0.4645	0.2587	0.159	-0.083	0.366	50.18	0.388	0.439	713	759	-0.329644	0.065876	
A/duck/Hunan/11.30_YYGK62	0.2734	0.2370	0.4559	0.2746	0.156	-0.089	0.362	51.53	0.400	0.439	712	759	-0.329381	0.065876	
A/duck/Hunan/11.30_YYGK63	0.2738	0.2374	0.4567	0.2732	0.157	-0.088	0.363	51.46	0.399	0.439	711	759	-0.320949	0.065876	
A/duck/Hunan/11.30_YYGK74	0.2741	0.2431	0.4141	0.3071	0.157	-0.078	0.368	50.80	0.433	0.451	714	759	-0.335573	0.065876	
A/duck/Hunan/11.30_YYGK75	0.2741	0.2431	0.4141	0.3071	0.157	-0.078	0.368	50.80	0.433	0.451	714	759	-0.335573	0.065876	
A/duck/Hunan/12.07__YYGK4	0.2705	0.2466	0.4266	0.2954	0.153	-0.100	0.355	53.34	0.426	0.451	716	759	-0.338999	0.065876	
A/duck/Hunan/12.07__YYGK9	0.2723	0.2500	0.4141	0.3040	0.156	-0.087	0.363	53.82	0.435	0.454	717	759	-0.339921	0.065876	
A/duck/Hunan/12.07__YYGK1	0.2899	0.2361	0.4232	0.2916	0.156	-0.097	0.358	54.51	0.413	0.445	707	749	-0.303605	0.066756	
A/duck/Hunan/12.07__YYGK1	0.2812	0.2413	0.4266	0.2916	0.149	-0.098	0.356	53.57	0.417	0.445	707	749	-0.293859	0.066756	
A/duck/Hunan/12.07__YYGK1	0.2860	0.2392	0.4198	0.2953	0.150	-0.119	0.345	53.21	0.419	0.447	707	749	-0.318024	0.066756	
A/duck/Hunan/12.07_YGK098	0.2904	0.2302	0.4327	0.2873	0.153	-0.109	0.351	54.33	0.405	0.442	716	759	-0.318840	0.065876	
A/duck/Hunan/12.07_YYGK00	0.2723	0.2500	0.4141	0.3040	0.156	-0.087	0.363	53.82	0.435	0.454	717	759	-0.339921	0.065876	
A/duck/Hunan/12.07_YYGK03	0.2882	0.2333	0.4293	0.2886	0.150	-0.104	0.353	53.05	0.409	0.445	716	759	-0.327009	0.065876	
A/duck/Hunan/12.07_YYGK68	0.2864	0.2350	0.4293	0.2886	0.150	-0.109	0.351	53.32	0.411	0.445	716	759	-0.324506	0.067194	
A/duck/Hunan/12.07_YYGK10	0.2785	0.2439	0.4188	0.2980	0.158	-0.098	0.356	54.00	0.426	0.452	707	749	-0.320427	0.066756	
A/duck/Hunan/12.07_YYGK10	0.2904	0.2302	0.4327	0.2873	0.153	-0.109	0.351	54.33	0.405	0.442	716	759	-0.318840	0.065876	
A/duck/Hunan/12.07_YYGK11	0.2921	0.2302	0.4310	0.2878	0.150	-0.114	0.348	54.19	0.405	0.442	716	759	-0.318445	0.065876	
A/duck/Hunan/12.17__YYFQH	0.2763	0.2349	0.4653	0.2625	0.160	-0.083	0.366	50.55	0.390	0.437	713	759	-0.333201	0.065876	
A/duck/Hunan/12.17__YYFQH	0.2763	0.2349	0.4653	0.2625	0.160	-0.083	0.366	50.55	0.390	0.437	713	759	-0.333201	0.065876	
A/duck/Hunan/12.17__YYGK0	0.2818	0.2405	0.4319	0.2849	0.152	-0.099	0.356	53.30	0.412	0.445	716	759	-0.323452	0.065876	
A/duck/Hunan/12.17_YYGK01	0.2847	0.2396	0.4181	0.2980	0.156	-0.102	0.355	54.36	0.421	0.448	707	749	-0.310548	0.066756	
A/duck/Hunan/12.17_YYGK04	0.2869	0.2354	0.4293	0.2891	0.151	-0.113	0.348	54.52	0.411	0.444	716	759	-0.315678	0.065876	
A/duck/Hunan/12.17_YYGK05	0.2882	0.2378	0.4215	0.2929	0.154	-0.111	0.349	54.52	0.416	0.446	707	749	-0.307343	0.066756	
A/duck/Hunan/12.17_YYGK00	0.2830	0.2384	0.4259	0.2928	0.150	-0.103	0.353	53.15	0.416	0.447	716	759	-0.316996	0.065876	
A/duck/Hunan/12.17_YYGK00	0.2882	0.2378	0.4232	0.2910	0.153	-0.111	0.349	54.51	0.414	0.446	707	749	-0.307343	0.066756	
A/duck/Hunan/12.17_YYGK00	0.2763	0.2349	0.4653	0.2625	0.160	-0.083	0.366	50.55	0.390	0.437	713	759	-0.333201	0.065876	
A/duck/Hunan/12.17_YYGK07	0.2860	0.2380	0.4293	0.2855	0.151	-0.097	0.358	52.95	0.411	0.446	716	759	-0.327404	0.065876	
A/duck/Hunan/12.17_YYGK08	0.2865	0.2378	0.4225	0.2924	0.154	-0.111	0.349	54.44	0.416	0.447	707	749	-0.303872	0.066756	
A/duck/Hunan/12.27_YYGK60	0.2773	0.2357	0.4704	0.2546	0.160	-0.083	0.367	50.65	0.385	0.436	712	759	-0.336100	0.065876	
A/duck/Hunan/12.27_YYGK71	0.2754	0.2375	0.4746	0.2495	0.158	-0.074	0.370	50.42	0.383	0.435	713	759	-0.342556	0.065876	
A/duck/Hunan/12.27_YYGK73	0.2773	0.2357	0.4721	0.2528	0.160	-0.083	0.367	50.74	0.383	0.436	712	759	-0.336100	0.065876	
A/duck/Hunan/12.27_YYGK81	0.2754	0.2375	0.4746	0.2495	0.158	-0.074	0.370	50.42	0.383	0.435	713	759	-0.342556	0.065876	
A/duck/Hunan/12.27_YYGK86	0.2773	0.2357	0.4721	0.2528	0.159	-0.085	0.365	50.55	0.383	0.436	712	759	-0.336100	0.065876	
A/duck/Hunan/12.27_YYGK89	0.2754	0.2375	0.4746	0.2495	0.158	-0.074	0.370	50.42	0.383	0.435	713	759	-0.342556	0.065876	
A/duck/Hunan/12.27_YYGK91	0.2754	0.2375	0.4746	0.2495	0.158	-0.074	0.370	50.42	0.383	0.435	713	759	-0.342556	0.065876	
A/duck/Hunan/12.27_YYGK93	0.2754	0.2375	0.4746	0.2495	0.158	-0.074	0.370	50.42	0.383	0.435	713	759	-0.342556	0.065876	
A/duck/Hunan/12.27_YYGK95	0.2754	0.2375	0.4746	0.2495	0.158	-0.074	0.370	50.42	0.383	0.435	713	759	-0.342556	0.065876	
A/duck/Hunan/12.27_YYGK96	0.2754	0.2375	0.4746	0.2495	0.158	-0.074	0.370	50.42	0.383	0.435	713	759	-0.342556	0.065876	
A/duck/Hunan/12.27_YYGK97	0.2754	0.2375	0.4746	0.2495	0.158	-0.074	0.370	50.42	0.383	0.435	713	759	-0.342556	0.065876	
A/duck/Hunan/12.27_YYGK10	0.2754	0.2375	0.4746	0.2495	0.158	-0.074	0.370	50.42	0.383	0.435	713	759	-0.342556	0.065876	
A/duck/Hunan/193/2014|EPI	0.2835	0.2388	0.4343	0.2847	0.151	-0.105	0.353	54.04	0.409	0.442	716	759	-0.321344	0.065876	
A/duck/Hunan/233/2014|EPI	0.2874	0.2358	0.4293	0.2891	0.155	-0.104	0.353	54.61	0.411	0.444	716	759	-0.314888	0.065876	
A/duck/Hunan/316/2005|EPI	0.2741	0.2379	0.4446	0.2807	0.157	-0.095	0.358	52.06	0.407	0.443	715	759	-0.322134	0.065876	
A/duck/Hunan/689/2006|EPI	0.2651	0.2444	0.4024	0.3284	0.146	-0.098	0.356	52.70	0.450	0.456	714	759	-0.332148	0.065876	
A/duck/Hunan/3315/2006|EP	0.2763	0.2383	0.4293	0.2936	0.156	-0.096	0.358	54.28	0.418	0.449	713	759	-0.318182	0.065876	
A/duck/Hunan/HN05/2014|EP	0.2869	0.2354	0.4310	0.2884	0.152	-0.107	0.352	54.10	0.409	0.443	716	759	-0.318050	0.065876	
A/duck/Hunan/HN13/2015|EP	0.2864	0.2350	0.4351	0.2847	0.151	-0.107	0.352	54.28	0.406	0.442	716	759	-0.317918	0.065876	
A/duck/Hunan/HN16/2015|EP	0.2887	0.2337	0.4293	0.2891	0.153	-0.108	0.351	54.86	0.409	0.444	716	759	-0.315678	0.065876	
A/duck/Hunan/HN29/2015|EP	0.2852	0.2371	0.4343	0.2847	0.153	-0.102	0.355	54.13	0.408	0.443	716	759	-0.318050	0.065876	
A/duck/Hunan/HN42/2015|EP	0.2882	0.2350	0.4394	0.2791	0.152	-0.106	0.351	54.63	0.402	0.439	717	759	-0.300790	0.065876	
A/duck/Hunan/HN45/2015|EP	0.2852	0.2371	0.4343	0.2847	0.153	-0.102	0.355	54.13	0.408	0.443	716	759	-0.318050	0.065876	
A/duck/Hunan/HN53/2015|EP	0.2852	0.2371	0.4343	0.2847	0.153	-0.102	0.355	54.13	0.408	0.443	716	759	-0.318050	0.065876	
A/duck/Hunan/HN54/2015|EP	0.2852	0.2371	0.4394	0.2791	0.152	-0.102	0.355	53.94	0.404	0.441	716	759	-0.318050	0.065876	
A/duck/Hunan/HN59/2015|EP	0.2847	0.2367	0.4360	0.2828	0.152	-0.102	0.355	54.06	0.406	0.443	716	759	-0.313966	0.065876	
A/duck/Hunan/HN60/2015|EP	0.2852	0.2371	0.4343	0.2847	0.153	-0.102	0.355	54.13	0.408	0.443	716	759	-0.318050	0.065876	
A/duck/Hunan/HN61/2015|EP	0.2852	0.2371	0.4343	0.2847	0.153	-0.102	0.355	54.13	0.408	0.443	716	759	-0.318050	0.065876	
A/duck/Hunan/HN64/2015|EP	0.2852	0.2371	0.4360	0.2828	0.152	-0.105	0.353	54.11	0.406	0.442	716	759	-0.318050	0.065876	
A/duck/Hunan/HN66/2015|EP	0.2909	0.2306	0.4370	0.2823	0.153	-0.102	0.355	54.00	0.401	0.440	716	759	-0.318050	0.065876	
A/duck/Hunan/HN67/2015|EP	0.2852	0.2371	0.4360	0.2828	0.153	-0.100	0.356	54.10	0.406	0.442	716	759	-0.318050	0.065876	
A/duck/Hunan/HN71/2015|EP	0.2887	0.2337	0.4387	0.2804	0.153	-0.104	0.353	54.63	0.402	0.439	717	759	-0.300790	0.065876	
A/duck/Hunan/HN72/2015|EP	0.2869	0.2354	0.4310	0.2873	0.153	-0.103	0.353	54.85	0.409	0.444	716	759	-0.315678	0.065876	
A/duck/Hunan/HN74/2015|EP	0.2904	0.2320	0.4403	0.2786	0.152	-0.106	0.351	54.57	0.399	0.438	717	759	-0.300790	0.065876	
A/duck/Hunan/HN76/2015|EP	0.2869	0.2354	0.4276	0.2910	0.153	-0.108	0.351	54.86	0.412	0.444	716	759	-0.315678	0.065876	
A/duck/Hunan/HN78/2015|EP	0.2852	0.2371	0.4343	0.2847	0.153	-0.102	0.355	54.13	0.408	0.442	716	759	-0.318577	0.065876	
A/duck/Hunan/HN80/2015|EP	0.2887	0.2337	0.4403	0.2786	0.152	-0.106	0.351	54.63	0.400	0.438	717	759	-0.300790	0.065876	
A/duck/Hunan/HN162/2015|E	0.2914	0.2207	0.4618	0.2667	0.157	-0.090	0.362	50.05	0.381	0.434	713	759	-0.331225	0.067194	
A/duck/Hunan/HN163/2015|E	0.2914	0.2207	0.4618	0.2667	0.157	-0.090	0.362	50.05	0.381	0.434	713	759	-0.331225	0.067194	
A/duck/Hunan/HN167/2015|E	0.2897	0.2224	0.4610	0.2662	0.156	-0.092	0.360	50.11	0.383	0.435	713	759	-0.329908	0.065876	
A/duck/Hunan/HN171/2015|E	0.2897	0.2224	0.4610	0.2662	0.156	-0.092	0.360	50.11	0.383	0.435	713	759	-0.329908	0.065876	
A/duck/Hunan/HN172/2015|E	0.2879	0.2241	0.4610	0.2662	0.156	-0.090	0.362	50.06	0.384	0.435	713	759	-0.329908	0.065876	
A/duck/Hunan/HN174/2015|E	0.2879	0.2241	0.4610	0.2662	0.156	-0.090	0.362	50.06	0.384	0.435	713	759	-0.329908	0.065876	
A/duck/Hunan/HN176/2015|E	0.2884	0.2228	0.4602	0.2675	0.156	-0.092	0.360	50.35	0.384	0.436	713	759	-0.329908	0.065876	
A/duck/Hunan/HN177/2015|E	0.2897	0.2224	0.4610	0.2662	0.156	-0.092	0.360	50.11	0.383	0.435	713	759	-0.329908	0.065876	
A/duck/Hunan/HN178/2015|E	0.2897	0.2224	0.4610	0.2662	0.156	-0.092	0.360	50.11	0.383	0.435	713	759	-0.329908	0.065876	
A/duck/Hunan/HN182/2015|E	0.2879	0.2224	0.4610	0.2680	0.154	-0.097	0.358	50.26	0.384	0.435	713	759	-0.329908	0.065876	
A/duck/Hunan/HN183/2015|E	0.2884	0.2193	0.4661	0.2662	0.155	-0.095	0.359	50.23	0.380	0.434	713	759	-0.331225	0.067194	
A/duck/Hunan/HN186/2015|E	0.2914	0.2207	0.4618	0.2667	0.157	-0.090	0.362	50.05	0.381	0.434	713	759	-0.331225	0.067194	
A/duck/Hunan/HN190/2015|E	0.2897	0.2224	0.4610	0.2662	0.156	-0.092	0.360	50.11	0.383	0.435	713	759	-0.329908	0.065876	
A/duck/Hunan/HN191/2015|E	0.2897	0.2224	0.4610	0.2662	0.156	-0.092	0.360	50.11	0.383	0.435	713	759	-0.329908	0.065876	
A/duck/Hunan/HN192/2015|E	0.2897	0.2224	0.4610	0.2662	0.156	-0.092	0.360	50.11	0.383	0.435	713	759	-0.329908	0.065876	
A/duck/Hunan/HN194/2015|E	0.2879	0.2224	0.4610	0.2680	0.155	-0.094	0.359	50.23	0.384	0.435	713	759	-0.329908	0.065876	
A/duck/Hunan/HN195/2015|E	0.2879	0.2224	0.4610	0.2680	0.155	-0.094	0.359	50.23	0.384	0.435	713	759	-0.329908	0.065876	
A/duck/Hunan/HN197/2015|E	0.2914	0.2207	0.4618	0.2667	0.157	-0.090	0.362	50.05	0.381	0.434	713	759	-0.331225	0.067194	
A/duck/Hunan/HN201/2015|E	0.2897	0.2224	0.4610	0.2662	0.156	-0.092	0.360	50.11	0.383	0.435	713	759	-0.329908	0.065876	
A/duck/Hunan/HN204/2015|E	0.2897	0.2224	0.4610	0.2662	0.156	-0.092	0.360	50.11	0.383	0.435	713	759	-0.329908	0.065876	
A/duck/Hunan/HN205/2015|E	0.2897	0.2224	0.4627	0.2643	0.156	-0.090	0.362	50.09	0.381	0.434	713	759	-0.329908	0.065876	
A/duck/Hunan/HN206/2015|E	0.2763	0.2349	0.4670	0.2601	0.159	-0.082	0.366	50.48	0.388	0.437	713	759	-0.333597	0.065876	
A/duck/Hunan/HN207/2015|E	0.2914	0.2207	0.4601	0.2685	0.156	-0.093	0.360	50.11	0.383	0.434	713	759	-0.331225	0.067194	
A/duck/Hunan/HN208/2015|E	0.2919	0.2193	0.4610	0.2680	0.156	-0.093	0.360	50.29	0.381	0.435	713	759	-0.331225	0.067194	
A/duck/Hunan/HN209/2015|E	0.2897	0.2224	0.4610	0.2662	0.156	-0.092	0.360	50.11	0.383	0.435	713	759	-0.329908	0.065876	
A/duck/Hunan/HN210/2015|E	0.2897	0.2224	0.4610	0.2662	0.156	-0.092	0.360	50.11	0.383	0.435	713	759	-0.329908	0.065876	
A/duck/Hunan/HN212/2015|E	0.2897	0.2224	0.4610	0.2662	0.156	-0.092	0.360	50.11	0.383	0.435	713	759	-0.329908	0.065876	
A/duck/Hunan/HN214/2015|E	0.2776	0.2310	0.4653	0.2643	0.159	-0.080	0.367	50.65	0.388	0.436	713	759	-0.335046	0.065876	
A/duck/Hunan/HN215/2015|E	0.2897	0.2224	0.4610	0.2662	0.155	-0.092	0.360	50.07	0.383	0.434	713	759	-0.329908	0.065876	
A/duck/Hunan/HN216/2015|E	0.2763	0.2349	0.4670	0.2601	0.160	-0.080	0.367	50.50	0.388	0.437	713	759	-0.333597	0.065876	
A/duck/Hunan/HN217/2015|E	0.2879	0.2224	0.4610	0.2680	0.155	-0.094	0.359	50.23	0.384	0.435	713	759	-0.329908	0.065876	
A/duck/Hunan/HN220/2015|E	0.2889	0.2215	0.4628	0.2652	0.157	-0.090	0.362	50.43	0.381	0.435	713	759	-0.330435	0.065876	
A/duck/Hunan/HN221/2015|E	0.2892	0.2220	0.4610	0.2662	0.155	-0.092	0.360	50.17	0.383	0.435	713	759	-0.330698	0.065876	
A/duck/Hunan/HN224/2015|E	0.2897	0.2224	0.4610	0.2662	0.156	-0.092	0.360	50.11	0.383	0.435	713	759	-0.329908	0.065876	
A/duck/Hunan/HN227/2015|E	0.2897	0.2224	0.4610	0.2662	0.156	-0.092	0.360	50.11	0.383	0.435	713	759	-0.329908	0.065876	
A/duck/Hunan/HN230/2015|E	0.2879	0.2241	0.4593	0.2680	0.156	-0.092	0.360	50.04	0.386	0.436	713	759	-0.329908	0.065876	
A/duck/Hunan/HN232/2015|E	0.2651	0.2444	0.4377	0.2883	0.148	-0.120	0.343	49.88	0.420	0.447	714	759	-0.337681	0.064559	
A/duck/Hunan/HN234/2015|E	0.2776	0.2310	0.4653	0.2643	0.159	-0.080	0.367	50.65	0.388	0.436	713	759	-0.335046	0.065876	
A/duck/Hunan/HN236/2015|E	0.2776	0.2310	0.4653	0.2643	0.159	-0.080	0.367	50.65	0.388	0.436	713	759	-0.335046	0.065876	
A/duck/Hunan/HN238/2015|E	0.2776	0.2310	0.4653	0.2648	0.158	-0.082	0.366	50.62	0.388	0.436	713	759	-0.334651	0.065876	
A/duck/Hunan/HN239/2015|E	0.2869	0.2354	0.4343	0.2847	0.153	-0.102	0.355	54.03	0.406	0.443	716	759	-0.314756	0.065876	
A/duck/Hunan/HN240/2015|E	0.2776	0.2310	0.4653	0.2643	0.159	-0.080	0.367	50.65	0.388	0.436	713	759	-0.335046	0.065876	
A/duck/Hunan/HN241/2015|E	0.2835	0.2371	0.4377	0.2828	0.153	-0.100	0.356	54.06	0.406	0.442	716	759	-0.318050	0.065876	
A/duck/Hunan/HN242/2015|E	0.2781	0.2297	0.4662	0.2638	0.159	-0.080	0.367	50.65	0.387	0.436	713	759	-0.335573	0.065876	
A/duck/Hunan/HN278/2015|E	0.2869	0.2354	0.4343	0.2847	0.153	-0.102	0.355	54.03	0.406	0.443	716	759	-0.314756	0.065876	
A/duck/Hunan/HN285/2015|E	0.2909	0.2324	0.4266	0.2926	0.151	-0.106	0.352	54.13	0.410	0.444	715	759	-0.304743	0.065876	
A/duck/Hunan/HN288/2015|E	0.2887	0.2320	0.4259	0.2957	0.151	-0.105	0.353	54.12	0.412	0.444	716	759	-0.311462	0.065876	
A/duck/Hunan/HN333/2015|E	0.2690	0.2397	0.4653	0.2638	0.160	-0.077	0.369	50.42	0.396	0.440	713	759	-0.334914	0.065876	
A/duck/Hunan/HN334/2015|E	0.2690	0.2397	0.4653	0.2638	0.160	-0.077	0.369	50.42	0.396	0.440	713	759	-0.334914	0.065876	
A/duck/Hunan/HN335/2015|E	0.2707	0.2379	0.4653	0.2638	0.160	-0.079	0.367	50.36	0.394	0.439	713	759	-0.334914	0.065876	
A/duck/Hunan/HN336/2015|E	0.2690	0.2397	0.4653	0.2638	0.160	-0.077	0.369	50.42	0.396	0.440	713	759	-0.334914	0.065876	
A/duck/Hunan/HN339/2015|E	0.2690	0.2397	0.4653	0.2638	0.160	-0.077	0.369	50.42	0.396	0.440	713	759	-0.334914	0.065876	
A/duck/Hunan/HN341/2015|E	0.2668	0.2392	0.4670	0.2638	0.158	-0.079	0.367	50.29	0.396	0.440	713	759	-0.335705	0.065876	
A/duck/Hunan/HN342/2015|E	0.2707	0.2379	0.4653	0.2638	0.161	-0.075	0.370	50.38	0.394	0.439	713	759	-0.334914	0.065876	
A/duck/Hunan/HN343/2015|E	0.2690	0.2397	0.4653	0.2638	0.160	-0.077	0.369	50.42	0.396	0.440	713	759	-0.334914	0.065876	
A/duck/Hunan/S4020/2008|E	0.2744	0.2453	0.4336	0.2839	0.162	-0.070	0.373	53.39	0.416	0.448	716	759	-0.316864	0.065876	
A/duck/Hunan/S4030/2011|E	0.2723	0.2500	0.4266	0.2910	0.151	-0.110	0.349	54.42	0.425	0.448	716	759	-0.327800	0.065876	
A/duck/Hunan/S4101/2011|E	0.2793	0.2310	0.4185	0.3101	0.145	-0.113	0.347	52.16	0.424	0.447	714	759	-0.325165	0.065876	
A/duck/Hunan/S4120/2011|E	0.2737	0.2358	0.4242	0.3046	0.146	-0.108	0.350	51.71	0.424	0.448	714	759	-0.325560	0.065876	
A/duck/Hunan/S4150/2011|E	0.2732	0.2474	0.4245	0.2925	0.160	-0.070	0.373	53.71	0.425	0.449	716	759	-0.322398	0.065876	
A/duck/Hunan/S4220/2011|E	0.2847	0.2367	0.4259	0.2928	0.153	-0.099	0.356	53.55	0.415	0.446	716	759	-0.322925	0.065876	
A/duck/Hunan/S40199/2021(	0.2864	0.2298	0.4226	0.2978	0.150	-0.093	0.359	50.00	0.415	0.444	714	759	-0.315942	0.067194	
A/duck/Hunan/S40268/2021(	0.2612	0.2405	0.4739	0.2601	0.146	-0.121	0.343	50.02	0.393	0.439	715	759	-0.315020	0.065876	
A/duck/Jiangsu/m234/2012|	0.2624	0.2470	0.4454	0.2826	0.159	-0.098	0.355	51.00	0.416	0.447	716	759	-0.310277	0.065876	
A/duck/Jiangsu/S4439/2017	0.2582	0.2513	0.4266	0.3033	0.145	-0.131	0.337	48.96	0.435	0.449	712	759	-0.324901	0.065876	
A/duck/Jiangsu/SE1128/201	0.2591	0.2504	0.4293	0.2991	0.147	-0.117	0.345	49.54	0.432	0.449	713	759	-0.323188	0.065876	
A/duck/Jiangxi/01.11_NCNP	0.2741	0.2276	0.4721	0.2638	0.156	-0.089	0.362	50.52	0.386	0.436	713	759	-0.334387	0.065876	
A/duck/Jiangxi/01.14_NCJD	0.2904	0.2337	0.4259	0.2915	0.151	-0.112	0.349	54.29	0.411	0.443	716	759	-0.318445	0.065876	
A/duck/Jiangxi/01.14_NCJD	0.2887	0.2354	0.4293	0.2884	0.150	-0.114	0.348	53.96	0.409	0.441	716	759	-0.318050	0.065876	
A/duck/Jiangxi/01.14_NCJD	0.2904	0.2337	0.4259	0.2915	0.151	-0.112	0.349	54.29	0.411	0.443	716	759	-0.318445	0.065876	
A/duck/Jiangxi/02.05_YGYX	0.2869	0.2371	0.4327	0.2841	0.152	-0.110	0.351	54.00	0.408	0.442	716	759	-0.324901	0.065876	
A/duck/Jiangxi/02.06_NCJD	0.2887	0.2354	0.4293	0.2884	0.150	-0.114	0.348	53.96	0.409	0.441	716	759	-0.318050	0.065876	
A/duck/Jiangxi/02.06_NCJD	0.2939	0.2348	0.4249	0.2884	0.155	-0.107	0.352	54.29	0.409	0.443	707	749	-0.305741	0.066756	
A/duck/Jiangxi/2.28_NCNP2	0.2746	0.2332	0.4636	0.2680	0.155	-0.095	0.359	51.01	0.393	0.437	713	759	-0.333201	0.065876	
A/duck/Jiangxi/2.28NCNP23	0.2746	0.2332	0.4636	0.2680	0.155	-0.095	0.359	51.01	0.393	0.437	713	759	-0.333201	0.065876	
A/duck/Jiangxi/03.11_NCHJ	0.2955	0.2302	0.4259	0.2897	0.152	-0.104	0.353	53.98	0.406	0.441	716	759	-0.318445	0.065876	
A/duck/Jiangxi/04.01__NCD	0.2616	0.2461	0.4245	0.3053	0.152	-0.091	0.359	50.97	0.434	0.451	715	759	-0.305138	0.065876	
A/duck/Jiangxi/04.01__NCD	0.2622	0.2483	0.4177	0.3087	0.154	-0.092	0.359	51.18	0.438	0.453	707	750	-0.291200	0.066667	
A/duck/Jiangxi/04.01_NCDZ	0.2842	0.2397	0.4310	0.2836	0.152	-0.092	0.360	52.90	0.411	0.446	716	759	-0.327404	0.065876	
A/duck/Jiangxi/05.07__NCJ	0.2639	0.2448	0.4244	0.3031	0.150	-0.109	0.349	50.89	0.431	0.452	707	750	-0.290667	0.066667	
A/duck/Jiangxi/5.26_NCDZT	0.2741	0.2259	0.4670	0.2712	0.154	-0.092	0.360	50.65	0.390	0.437	713	759	-0.334387	0.065876	
A/duck/Jiangxi/11.17_NCNP	0.2798	0.2263	0.4670	0.2657	0.158	-0.090	0.362	50.60	0.386	0.435	713	759	-0.334256	0.065876	
A/duck/Jiangxi/11.17_NCNP	0.2798	0.2263	0.4670	0.2657	0.158	-0.090	0.362	50.60	0.386	0.435	713	759	-0.334256	0.065876	
A/duck/Jiangxi/11.29_NCDZ	0.2729	0.2332	0.4755	0.2565	0.160	-0.069	0.374	50.70	0.384	0.435	713	759	-0.332543	0.065876	
A/duck/Jiangxi/11.29_NCNP	0.2754	0.2386	0.4658	0.2570	0.163	-0.076	0.371	51.10	0.390	0.440	703	749	-0.334980	0.066756	
A/duck/Jiangxi/11.29_NCNP	0.2707	0.2276	0.4729	0.2680	0.153	-0.094	0.359	50.83	0.388	0.436	713	759	-0.337945	0.065876	
A/duck/Jiangxi/34/2011|EP	0.2911	0.2329	0.4274	0.2907	0.152	-0.102	0.355	52.57	0.409	0.443	716	759	-0.321080	0.065876	
A/duck/Jiangxi/35/2011|EP	0.2877	0.2329	0.4276	0.2915	0.151	-0.099	0.356	52.69	0.411	0.445	716	759	-0.326219	0.065876	
A/duck/Jiangxi/44/2011|EP	0.2832	0.2263	0.4941	0.2329	0.155	-0.076	0.370	49.54	0.360	0.426	714	759	-0.326351	0.065876	
A/duck/Jiangxi/95/2014|EP	0.2887	0.2337	0.4327	0.2860	0.151	-0.108	0.351	54.43	0.406	0.442	716	759	-0.315283	0.065876	
A/duck/Jiangxi/120/2011|E	0.2754	0.2461	0.4334	0.2815	0.161	-0.081	0.367	53.07	0.416	0.449	714	759	-0.322661	0.065876	
A/duck/Jiangxi/130/2011|E	0.2710	0.2487	0.4235	0.2943	0.161	-0.068	0.374	53.47	0.427	0.450	716	759	-0.338603	0.065876	
A/duck/Jiangxi/13469/2014	0.2830	0.2384	0.4276	0.2910	0.148	-0.109	0.351	52.82	0.415	0.446	716	759	-0.326614	0.065876	
A/duck/Jiangxi/13475/2014	0.2830	0.2401	0.4259	0.2910	0.149	-0.107	0.352	52.86	0.416	0.447	716	759	-0.326614	0.065876	
A/duck/Jiangxi/13484/2014	0.2830	0.2401	0.4259	0.2910	0.148	-0.110	0.351	52.83	0.416	0.446	716	759	-0.325560	0.065876	
A/Duck/Jiangxi/50446/2016	0.2815	0.2228	0.4687	0.2657	0.158	-0.085	0.365	50.42	0.383	0.434	713	759	-0.334256	0.065876	
A/Duck/Jiangxi/50455/2016	0.2746	0.2332	0.4721	0.2588	0.158	-0.085	0.365	50.30	0.386	0.435	713	759	-0.333201	0.065876	
A/duck/Jiangxi/E7/2014_(H	0.2887	0.2354	0.4293	0.2878	0.152	-0.104	0.353	53.99	0.409	0.442	716	759	-0.318445	0.065876	
A/duck/Jiangxi/F31/2014(H	0.2887	0.2354	0.4276	0.2897	0.152	-0.104	0.353	53.94	0.411	0.443	716	759	-0.318445	0.065876	
A/duck/Jiangxi/NCDZT1123/	0.2904	0.2388	0.4235	0.2873	0.152	-0.100	0.356	54.39	0.412	0.444	716	759	-0.334783	0.064559	
A/duck/Jiangxi/NCDZT1126/	0.2887	0.2320	0.4310	0.2897	0.151	-0.106	0.352	53.75	0.408	0.441	716	759	-0.323847	0.065876	
A/duck/Jiangxi/S10252/202	0.2813	0.2384	0.4192	0.2972	0.152	-0.087	0.363	50.24	0.422	0.446	714	759	-0.315942	0.068511	
A/duck/Jiangxi/S40833/202	0.2857	0.2341	0.4175	0.3015	0.150	-0.103	0.354	50.48	0.420	0.444	714	759	-0.314361	0.067194	
A/duck/Jilin/04.04_SY002-	0.2578	0.2543	0.4274	0.2967	0.144	-0.122	0.342	49.64	0.435	0.450	711	759	-0.337549	0.065876	
A/duck/Jilin/JL-SIV/2013|	0.2785	0.2388	0.4469	0.2749	0.158	-0.076	0.370	53.75	0.403	0.444	713	759	-0.322925	0.065876	
A/duck/Jilin/S1261/2019(H	0.2781	0.2332	0.4158	0.3138	0.147	-0.134	0.335	51.50	0.429	0.448	714	759	-0.306851	0.065876	
A/duck/Jilin/S4171/2019(H	0.2741	0.2362	0.4182	0.3125	0.149	-0.119	0.343	51.88	0.430	0.449	714	759	-0.306851	0.065876	
A/duck/Kaohsiung/15WB3298	0.2702	0.2358	0.4057	0.3297	0.151	-0.101	0.354	51.37	0.443	0.454	714	759	-0.315810	0.067194	
A/duck/Kaohsiung/20WB0242	0.2719	0.2427	0.4259	0.2972	0.158	-0.075	0.370	50.24	0.424	0.447	714	759	-0.324506	0.065876	
A/duck/Kaohsiung/15010213	0.2850	0.2349	0.4233	0.2965	0.151	-0.112	0.348	51.12	0.417	0.443	713	759	-0.317786	0.065876	
A/duck/Liaoning/LN/2011|E	0.2699	0.2439	0.4377	0.2881	0.162	-0.083	0.366	52.87	0.417	0.447	714	759	-0.330962	0.065876	
A/duck/Nanchang/9789/2013	0.2803	0.2376	0.4310	0.2902	0.150	-0.111	0.349	53.02	0.413	0.445	716	759	-0.326087	0.065876	
A/duck/Nantou/15A3437/201	0.2850	0.2349	0.4233	0.2970	0.151	-0.109	0.349	51.01	0.417	0.442	713	759	-0.314361	0.065876	
A/duck/Nantou/17A0243/201	0.2815	0.2366	0.4223	0.3002	0.151	-0.118	0.345	51.53	0.421	0.444	713	759	-0.324506	0.065876	
A/duck/Ningxia/YG61/2017|	0.2680	0.2491	0.4202	0.3004	0.157	-0.080	0.366	50.51	0.432	0.450	715	759	-0.322925	0.067194	
A/duck/Ningxia/YG71/2017|	0.2680	0.2491	0.4218	0.2985	0.157	-0.080	0.366	50.40	0.431	0.449	715	759	-0.322925	0.067194	
A/duck/Ningxia/YG83/2017|	0.2612	0.2474	0.4252	0.3051	0.150	-0.106	0.351	51.67	0.434	0.450	715	759	-0.315679	0.067194	
A/duck/Pingtung/17A0160/2	0.2798	0.2383	0.4223	0.3002	0.152	-0.115	0.346	51.60	0.422	0.444	713	759	-0.324506	0.065876	
A/duck/Pingtung/18A00003-	0.2815	0.2366	0.4172	0.3057	0.150	-0.127	0.339	51.97	0.425	0.444	713	759	-0.327931	0.065876	
A/duck/Pingtung/18A00076-	0.2879	0.2328	0.4155	0.3050	0.149	-0.120	0.344	51.19	0.421	0.442	713	759	-0.320817	0.065876	
A/duck/Pingtung/18X00077/	0.2803	0.2353	0.4247	0.3013	0.150	-0.103	0.354	51.45	0.420	0.445	712	759	-0.333992	0.065876	
A/duck/Pingtung/15010180/	0.2702	0.2410	0.3983	0.3291	0.146	-0.128	0.339	51.13	0.448	0.456	714	759	-0.337154	0.064559	
A/duck/Pingtung/15010444/	0.2850	0.2349	0.4266	0.2928	0.152	-0.110	0.349	51.16	0.414	0.442	713	759	-0.317786	0.065876	
A/duck/Shandong/009/2008|	0.2565	0.2513	0.4237	0.3100	0.147	-0.116	0.346	50.10	0.440	0.452	711	759	-0.325955	0.065876	
A/duck/Shandong/11.14_DL-	0.2582	0.2513	0.4101	0.3193	0.146	-0.102	0.354	52.36	0.448	0.455	714	759	-0.324111	0.065876	
A/duck/Shandong/11.14_RD/	0.2582	0.2513	0.4101	0.3193	0.146	-0.102	0.354	52.36	0.448	0.455	714	759	-0.324111	0.065876	
A/duck/Shandong/Q1/2013|E	0.2556	0.2521	0.4478	0.2818	0.158	-0.100	0.354	51.18	0.420	0.448	715	759	-0.302240	0.065876	
A/duck/Shandong/SD0261/20	0.2867	0.2321	0.4192	0.2978	0.149	-0.098	0.355	50.38	0.417	0.445	715	759	-0.320685	0.067194	
A/duck/Shandong/SD0263/20	0.2855	0.2342	0.4192	0.2978	0.151	-0.094	0.358	50.47	0.418	0.445	715	759	-0.319368	0.067194	
A/Duck/Shandong/Y01/2009|	0.2710	0.2470	0.4303	0.2888	0.162	-0.070	0.373	53.32	0.422	0.448	716	759	-0.327141	0.065876	
A/Duck/Shandong/Y02/2009|	0.2727	0.2453	0.4303	0.2894	0.161	-0.068	0.374	53.41	0.420	0.448	716	759	-0.326746	0.065876	
A/duck/Sichuan/04.27_NBXJ	0.2887	0.2337	0.4351	0.2818	0.150	-0.105	0.352	52.72	0.404	0.443	715	759	-0.323584	0.065876	
A/duck/Sichuan/04.27_NBXJ	0.2882	0.2378	0.4239	0.2892	0.152	-0.106	0.353	53.10	0.414	0.447	706	749	-0.315354	0.066756	
A/duck/Sichuan/04.27_NBXJ	0.2865	0.2396	0.4256	0.2868	0.153	-0.098	0.357	53.17	0.414	0.447	706	749	-0.315755	0.066756	
A/duck/Sichuan/04.27_NBXJ	0.2869	0.2354	0.4317	0.2855	0.150	-0.105	0.352	53.09	0.408	0.444	715	759	-0.323584	0.065876	
A/duck/Sichuan/04.27_NBXJ	0.2882	0.2378	0.4239	0.2886	0.152	-0.103	0.354	53.10	0.414	0.447	706	749	-0.315755	0.066756	
A/duck/Sichuan/04.27_NCXJ	0.2899	0.2361	0.4274	0.2849	0.153	-0.106	0.353	52.76	0.409	0.446	706	749	-0.315755	0.066756	
A/duck/Sichuan/NCXJ15/201	0.2887	0.2337	0.4351	0.2818	0.150	-0.105	0.352	52.72	0.404	0.443	715	759	-0.323584	0.065876	
A/duck/Sichuan/NCXJ24/201	0.2869	0.2354	0.4317	0.2855	0.150	-0.105	0.352	53.09	0.408	0.444	715	759	-0.323584	0.065876	
A/duck/Sichuan/NCXN10/201	0.2916	0.2281	0.4319	0.2897	0.149	-0.115	0.347	54.00	0.404	0.441	717	759	-0.315151	0.065876	
A/duck/Sichuan/NCXN11/201	0.2887	0.2320	0.4293	0.2915	0.150	-0.114	0.348	54.10	0.409	0.443	716	759	-0.318445	0.065876	
A/duck/Sichuan/S1805/2021	0.2672	0.2328	0.4529	0.2855	0.148	-0.125	0.340	50.41	0.406	0.442	714	759	-0.320290	0.065876	
A/duck/Sichuan/SC4822/202	0.2690	0.2310	0.4579	0.2799	0.149	-0.118	0.345	50.55	0.401	0.441	714	759	-0.319763	0.065876	
A/duck/Sichuan/SC5698/202	0.2690	0.2310	0.4562	0.2818	0.149	-0.120	0.343	50.52	0.402	0.442	714	759	-0.319763	0.065876	
A/duck/Sichuan/SD002/2021	0.2655	0.2345	0.4545	0.2831	0.147	-0.127	0.339	50.42	0.406	0.443	714	759	-0.320685	0.065876	
A/duck/Taichung/15010400-	0.2832	0.2366	0.4266	0.2928	0.152	-0.107	0.351	50.89	0.415	0.443	713	759	-0.317786	0.065876	
A/duck/Tainan/16WB3443-15	0.2582	0.2530	0.4091	0.3199	0.151	-0.094	0.359	50.20	0.450	0.456	714	759	-0.328590	0.065876	
A/duck/Tainan/15010403/20	0.2586	0.2500	0.4579	0.2689	0.156	-0.110	0.348	49.55	0.408	0.445	715	759	-0.305270	0.065876	
A/duck/Tainan/16010024-1/	0.2867	0.2383	0.4216	0.2934	0.156	-0.098	0.356	51.52	0.417	0.444	713	759	-0.314097	0.065876	
A/duck/Taipei/05WB830-1-5	0.2737	0.2358	0.4209	0.3088	0.144	-0.128	0.339	52.35	0.427	0.449	714	759	-0.325165	0.065876	
A/duck/Taipei/18WB0120-1-	0.2676	0.2367	0.4242	0.3077	0.153	-0.098	0.356	51.35	0.429	0.451	714	759	-0.327536	0.065876	
A/duck/Taipei/19WB0235-14	0.2702	0.2427	0.4202	0.3059	0.152	-0.103	0.354	51.99	0.431	0.451	715	759	-0.328195	0.065876	
A/duck/Taiwan/01006/2015|	0.2867	0.2349	0.4233	0.2947	0.152	-0.107	0.351	51.22	0.415	0.442	713	759	-0.314624	0.065876	
A/duck/Taiwan/11213/2013|	0.2543	0.2509	0.4168	0.3157	0.150	-0.102	0.354	51.38	0.446	0.456	715	759	-0.328063	0.065876	
A/duck/Taiwan/11254/2013|	0.2560	0.2491	0.4185	0.3144	0.151	-0.100	0.355	50.97	0.443	0.455	715	759	-0.327668	0.065876	
A/duck/Taiwan/a043/2015|E	0.2840	0.2341	0.4257	0.2952	0.150	-0.114	0.346	50.90	0.415	0.443	713	759	-0.318182	0.065876	
A/duck/Taiwan/a068/2015|E	0.2724	0.2397	0.4024	0.3260	0.149	-0.118	0.345	51.39	0.444	0.454	714	759	-0.328459	0.065876	
A/duck/Taiwan/A3400/2015|	0.2707	0.2397	0.4040	0.3260	0.148	-0.120	0.343	51.30	0.444	0.454	714	759	-0.325033	0.065876	
A/duck/Taiwan/DV1238/2009	0.2552	0.2517	0.4266	0.3040	0.147	-0.105	0.352	51.72	0.438	0.452	713	759	-0.329381	0.065876	
A/duck/Taiwan/DV1241/2009	0.2552	0.2517	0.4266	0.3040	0.147	-0.105	0.352	51.72	0.438	0.452	713	759	-0.329381	0.065876	
A/duck/Taiwan/DV1242/2009	0.2552	0.2517	0.4266	0.3040	0.147	-0.105	0.352	51.72	0.438	0.452	713	759	-0.329381	0.065876	
A/duck/Taoyuan/16010023-1	0.2872	0.2353	0.4240	0.2939	0.154	-0.097	0.357	51.41	0.414	0.442	712	759	-0.317128	0.065876	
A/duck/Wuxi/7249/2015|EPI	0.2756	0.2305	0.4780	0.2556	0.158	-0.079	0.368	50.40	0.381	0.432	712	759	-0.317655	0.064559	
A/duck/Xinjiang/12.18_WLM	0.2737	0.2410	0.4269	0.2967	0.157	-0.084	0.365	51.42	0.422	0.448	715	759	-0.325033	0.065876	
A/duck/Xinjiang/S1066/201	0.2595	0.2491	0.4218	0.3090	0.143	-0.137	0.333	49.49	0.438	0.451	714	759	-0.329381	0.065876	
A/duck/Xinjiang/S1126/201	0.2586	0.2483	0.4218	0.3090	0.142	-0.137	0.333	49.51	0.438	0.452	714	759	-0.326087	0.065876	
A/duck/Yilan/17A0092/2017	0.2845	0.2328	0.4240	0.2989	0.150	-0.115	0.346	51.93	0.417	0.443	713	759	-0.332016	0.065876	
A/duck/Yunlin/15A5019/201	0.2828	0.2379	0.4226	0.2970	0.153	-0.101	0.354	51.37	0.419	0.443	714	759	-0.313966	0.065876	
A/duck/Yunlin/17A0086/201	0.2845	0.2345	0.4223	0.2983	0.151	-0.112	0.348	51.83	0.418	0.443	713	759	-0.325296	0.065876	
A/duck/Yunlin/17A0686/201	0.2803	0.2388	0.4291	0.2928	0.152	-0.121	0.344	51.56	0.417	0.442	713	759	-0.323188	0.065876	
A/duck/Yunlin/18X00007-3/	0.2855	0.2353	0.4307	0.2873	0.159	-0.078	0.368	51.00	0.410	0.444	712	759	-0.324374	0.065876	
A/duck/Yunlin/15010244-1/	0.2832	0.2366	0.4266	0.2928	0.152	-0.107	0.351	50.91	0.415	0.443	713	759	-0.317786	0.065876	
A/duck/Yunlin/15010277/20	0.2564	0.2513	0.4596	0.2670	0.156	-0.109	0.348	49.66	0.408	0.445	715	759	-0.302767	0.065876	
A/duck/Yunlin/15010310-4/	0.2832	0.2366	0.4250	0.2947	0.152	-0.107	0.351	51.09	0.417	0.443	713	759	-0.317786	0.065876	
A/duck/Yunlin/15010318-2/	0.2850	0.2349	0.4233	0.2965	0.152	-0.107	0.351	51.10	0.417	0.443	713	759	-0.317786	0.065876	
A/duck/Yunlin/15010369-1/	0.2832	0.2366	0.4266	0.2928	0.152	-0.107	0.351	50.91	0.415	0.443	713	759	-0.317786	0.065876	
A/duck/Yunlin/15010458-1/	0.2568	0.2517	0.4613	0.2652	0.156	-0.110	0.348	49.63	0.407	0.444	715	759	-0.305270	0.065876	
A/duck/Yunlin/15070002-2/	0.2850	0.2366	0.4216	0.2970	0.154	-0.103	0.353	51.28	0.418	0.443	713	759	-0.317391	0.065876	
A/duck/Yunlin/17110001/20	0.2759	0.2414	0.4247	0.2970	0.154	-0.102	0.354	51.82	0.423	0.445	712	759	-0.313834	0.065876	
A/duck/Yunlin/18060007-3/	0.2744	0.2419	0.4257	0.2947	0.153	-0.100	0.355	52.12	0.422	0.446	713	759	-0.303030	0.065876	
A/duck/Yunnan/03.15_DQWGH	0.2792	0.2321	0.4590	0.2658	0.160	-0.085	0.365	51.55	0.391	0.439	705	749	-0.332310	0.066756	
A/duck/Yunnan/03.16_DQXYL	0.2792	0.2321	0.4590	0.2658	0.160	-0.085	0.365	51.55	0.391	0.439	705	749	-0.332310	0.066756	
A/duck/Yunnan/03.16_DQXYL	0.2686	0.2478	0.4065	0.3154	0.151	-0.094	0.358	51.59	0.443	0.454	707	750	-0.283333	0.066667	
A/duck/Yunnan/03.16_DQXYL	0.2792	0.2321	0.4590	0.2658	0.160	-0.085	0.365	51.55	0.391	0.439	705	749	-0.332310	0.066756	
A/duck/Yunnan/03.16_DQXYL	0.2776	0.2310	0.4654	0.2629	0.158	-0.085	0.364	51.33	0.388	0.437	714	759	-0.340316	0.065876	
A/duck/Yunnan/07.15_DQNPH	0.2768	0.2318	0.4587	0.2707	0.158	-0.085	0.365	51.57	0.394	0.438	713	759	-0.342951	0.065876	
A/duck/Yunnan/07.15_DQNPH	0.2751	0.2336	0.4570	0.2726	0.158	-0.082	0.366	51.60	0.397	0.438	713	759	-0.342951	0.065876	
A/duck/Yunnan/07.15_DQNPH	0.2785	0.2301	0.4570	0.2726	0.158	-0.082	0.366	51.51	0.394	0.438	713	759	-0.342951	0.065876	
A/duck/Yunnan/07.15_DQNPH	0.2751	0.2336	0.4570	0.2726	0.159	-0.080	0.367	51.62	0.397	0.439	713	759	-0.342951	0.065876	
A/duck/Yunnan/S4318/2021(	0.2655	0.2345	0.4562	0.2818	0.149	-0.120	0.343	50.20	0.405	0.442	714	759	-0.320290	0.065876	
A/Duck/Yunnan/YN-2/2016_(	0.2825	0.2322	0.4459	0.2776	0.161	-0.065	0.375	51.58	0.400	0.441	712	759	-0.318182	0.065876	
A/Duck/Yunnan/YN-4/2015__	0.2776	0.2328	0.4501	0.2783	0.151	-0.087	0.362	51.45	0.400	0.439	712	759	-0.317128	0.065876	
A/Duck/Yunnan/YN-9/2016__	0.2840	0.2358	0.4368	0.2847	0.149	-0.110	0.350	53.66	0.407	0.441	715	759	-0.309486	0.065876	
A/Duck/Zhanjiang/15577/20	0.2850	0.2263	0.4628	0.2652	0.157	-0.089	0.363	50.55	0.385	0.435	714	759	-0.332938	0.065876	
A/duck/Zhejiang/02.28_JHZ	0.2887	0.2354	0.4293	0.2873	0.152	-0.107	0.352	54.03	0.409	0.443	716	759	-0.318840	0.065876	
A/duck/Zhejiang/6D18/2013	0.2595	0.2457	0.4185	0.3150	0.144	-0.109	0.350	52.24	0.441	0.453	715	759	-0.322003	0.065876	
A/duck/Zhejiang/77138/201	0.2938	0.2251	0.4259	0.2952	0.151	-0.112	0.348	52.68	0.407	0.444	715	759	-0.312912	0.065876	
A/duck/Zhejiang/727041/20	0.2926	0.2289	0.4266	0.2934	0.150	-0.112	0.350	54.17	0.408	0.443	715	759	-0.328458	0.065876	
A/duck/Zhejiang/727158/20	0.2899	0.2316	0.4310	0.2884	0.149	-0.111	0.349	54.35	0.406	0.442	716	759	-0.318841	0.065876	
A/duck/Zhejiang/925019/20	0.2590	0.2521	0.4165	0.3107	0.146	-0.101	0.354	51.86	0.443	0.455	714	759	-0.325033	0.065876	
A/duck/Zhejiang/925169/20	0.2624	0.2504	0.4155	0.3112	0.146	-0.099	0.354	52.05	0.441	0.454	714	759	-0.318445	0.065876	
A/duck/Zhejiang/1026109/2	0.2534	0.2568	0.4587	0.2675	0.158	-0.089	0.361	49.71	0.413	0.445	715	759	-0.306061	0.067194	
A/duck/Zhejiang/1220092/2	0.2622	0.2483	0.4216	0.3059	0.146	-0.122	0.342	49.84	0.436	0.451	711	759	-0.322925	0.065876	
A/duck/Zhejiang/S4091/201	0.2647	0.2439	0.4250	0.3051	0.145	-0.126	0.340	49.06	0.431	0.449	712	759	-0.325692	0.065876	
A/duck/Zhejiang/S4854/202	0.2543	0.2440	0.4739	0.2629	0.145	-0.117	0.345	50.42	0.399	0.441	715	759	-0.328722	0.065876	
A/duck/Zhejiang/W24/2013|	0.2595	0.2491	0.4132	0.3168	0.145	-0.107	0.350	52.19	0.445	0.455	714	759	-0.330698	0.065876	
A/egret/Jiangsu/SD021/202	0.2813	0.2350	0.4226	0.2978	0.148	-0.102	0.354	49.92	0.419	0.445	714	759	-0.318050	0.067194	
A/Egret/Shangdong/JN529/2	0.2565	0.2496	0.4747	0.2565	0.151	-0.107	0.351	49.43	0.397	0.439	715	759	-0.333729	0.065876	
A/environment/Hunan/HN261	0.2887	0.2337	0.4403	0.2786	0.152	-0.107	0.351	54.44	0.400	0.438	717	759	-0.295389	0.065876	
A/Environment/Shandong/WS	0.2565	0.2478	0.4731	0.2601	0.149	-0.114	0.347	49.52	0.399	0.439	715	759	-0.330830	0.065876	
A/Environment/Shandong/WS	0.2565	0.2496	0.4747	0.2588	0.151	-0.110	0.350	49.56	0.399	0.438	715	759	-0.325692	0.067194	
A/Environment/Shandong/WS	0.2577	0.2491	0.4722	0.2588	0.150	-0.109	0.350	49.58	0.399	0.439	715	759	-0.330435	0.065876	
A/equine/China/61/2010|EP	0.2651	0.2547	0.4303	0.2875	0.161	-0.072	0.372	53.08	0.427	0.451	715	759	-0.322661	0.065876	
A/equine/China/67/2010|EP	0.2651	0.2547	0.4269	0.2912	0.161	-0.072	0.372	53.25	0.429	0.451	715	759	-0.322661	0.065876	
A/equine/China/68/2010|EP	0.2729	0.2487	0.4327	0.2834	0.163	-0.079	0.368	52.85	0.419	0.448	714	759	-0.329117	0.065876	
A/eurasian_eagle-owl/Hena	0.2830	0.2350	0.4175	0.3009	0.150	-0.098	0.356	50.28	0.422	0.447	714	759	-0.319499	0.067194	
A/Eurasian_Teal/Hong_Kong	0.2595	0.2543	0.4235	0.2996	0.145	-0.116	0.345	50.09	0.436	0.453	714	759	-0.308564	0.065876	
A/Eurasian_Teal/Hong_Kong	0.2595	0.2560	0.4202	0.3009	0.147	-0.116	0.345	49.95	0.438	0.455	714	759	-0.305665	0.065876	
A/Eurasian_Wigeon/Hong_Ko	0.2599	0.2565	0.4192	0.3009	0.147	-0.115	0.345	49.99	0.439	0.455	713	759	-0.309091	0.065876	
A/Eurasian_Wigeon/Hong_Ko	0.2599	0.2565	0.4192	0.3009	0.147	-0.115	0.345	49.99	0.439	0.455	713	759	-0.309091	0.065876	
A/Falcated_Duck/Ningxia/4	0.2887	0.2320	0.4319	0.2873	0.151	-0.111	0.349	54.88	0.406	0.442	716	759	-0.320158	0.065876	
A/Falco_peregrinus/Beijin	0.2668	0.2444	0.4317	0.2936	0.152	-0.105	0.352	51.17	0.424	0.449	713	759	-0.336364	0.065876	
A/feline/Guangdong/2/2014	0.2781	0.2314	0.4636	0.2657	0.157	-0.090	0.362	50.51	0.390	0.437	713	759	-0.330303	0.065876	
A/Fujian/1/2005|EPI_ISL_2	0.2768	0.2405	0.4334	0.2881	0.159	-0.087	0.363	53.91	0.415	0.448	713	759	-0.321344	0.065876	
A/Fujian/1/2007|EPI_ISL_7	0.2633	0.2565	0.4351	0.2831	0.162	-0.073	0.371	53.04	0.424	0.450	714	759	-0.322661	0.065876	
A/Fujian/1/2024(H5N6)|EPI	0.2916	0.2230	0.4327	0.2886	0.145	-0.107	0.350	49.72	0.402	0.439	714	759	-0.310145	0.068511	
A/Fujian/2/2024(H5N6)|EPI	0.2933	0.2213	0.4310	0.2910	0.143	-0.115	0.346	49.68	0.402	0.439	714	759	-0.309750	0.068511	
A/Fujian-Sanyuan/21099/20	0.3012	0.2238	0.4298	0.2868	0.140	-0.147	0.328	50.10	0.398	0.438	713	759	-0.322793	0.067194	
A/Fujian-Sanyuan/21099/20	0.2741	0.2466	0.4141	0.3035	0.158	-0.078	0.368	51.17	0.433	0.451	714	759	-0.335573	0.065876	
A/Gadwall/Ningxia/472-7/2	0.2887	0.2354	0.4303	0.2855	0.152	-0.106	0.352	54.84	0.408	0.442	716	759	-0.320158	0.065876	
A/Gallinago_Stenura/Hong_	0.2599	0.2565	0.4192	0.3009	0.147	-0.115	0.345	49.99	0.439	0.455	713	759	-0.309091	0.065876	
A/Gallinula_chloropus/Gua	0.2904	0.2337	0.4310	0.2860	0.150	-0.116	0.346	54.33	0.406	0.442	716	759	-0.318445	0.065876	
A/Goose/_Guangdong_/JG125	0.2904	0.2320	0.4293	0.2897	0.152	-0.109	0.351	54.34	0.408	0.443	716	759	-0.318445	0.065876	
A/Goose/_Guangdong_/SSLBY	0.2869	0.2371	0.4293	0.2878	0.154	-0.100	0.356	54.40	0.411	0.444	716	759	-0.318445	0.065876	
A/Goose/_Guangdong_/SSZYP	0.2892	0.2341	0.4283	0.2913	0.149	-0.113	0.348	54.47	0.410	0.442	715	759	-0.307246	0.065876	
A/goose/Anhui/AH350/2015|	0.2741	0.2328	0.4644	0.2680	0.155	-0.097	0.358	50.61	0.393	0.438	713	759	-0.328195	0.065876	
A/goose/Changhua/15040008	0.2832	0.2366	0.4250	0.2941	0.151	-0.112	0.348	50.74	0.417	0.443	713	759	-0.327931	0.065876	
A/goose/Chiayi/15010008-3	0.2850	0.2332	0.4317	0.2891	0.152	-0.107	0.351	51.02	0.410	0.441	713	759	-0.317786	0.065876	
A/goose/Chiayi/15010016-1	0.2850	0.2349	0.4233	0.2965	0.151	-0.110	0.349	51.22	0.417	0.443	713	759	-0.317786	0.065876	
A/goose/Chiayi/15020022/2	0.2568	0.2517	0.4596	0.2670	0.156	-0.108	0.350	49.62	0.408	0.445	715	759	-0.305270	0.065876	
A/goose/Chiayi/16010017-2	0.2850	0.2418	0.4199	0.2934	0.157	-0.093	0.359	51.55	0.419	0.445	713	759	-0.314097	0.065876	
A/goose/Chiayi/16040003-1	0.2867	0.2349	0.4209	0.2989	0.154	-0.106	0.352	51.03	0.417	0.442	714	759	-0.310408	0.065876	
A/goose/Chiayi/16040005/2	0.2867	0.2349	0.4209	0.2989	0.154	-0.106	0.352	51.03	0.417	0.442	714	759	-0.310408	0.065876	
A/goose/Chiayi/17020027-1	0.2815	0.2366	0.4233	0.2978	0.152	-0.112	0.348	51.54	0.419	0.444	713	759	-0.311067	0.065876	
A/goose/Chiayi/17040014/2	0.2897	0.2310	0.4257	0.2944	0.149	-0.107	0.351	51.00	0.411	0.441	713	759	-0.310804	0.065876	
A/goose/Chiayi/18010006/2	0.2741	0.2431	0.4264	0.2952	0.153	-0.100	0.355	51.64	0.423	0.444	712	759	-0.313834	0.065876	
A/goose/Chiayi/18020014-2	0.2719	0.2444	0.4230	0.3002	0.152	-0.105	0.352	52.22	0.428	0.447	713	759	-0.314756	0.065876	
A/goose/China/1/2021|EPI_	0.2842	0.2329	0.4209	0.2985	0.150	-0.104	0.352	50.14	0.418	0.444	715	759	-0.310145	0.068511	
A/goose/China/0701/2018|E	0.2746	0.2332	0.4602	0.2712	0.155	-0.097	0.358	52.09	0.396	0.439	713	759	-0.330830	0.065876	
A/goose/China/1106/2016|E	0.2547	0.2496	0.4587	0.2717	0.156	-0.103	0.352	48.99	0.410	0.445	714	759	-0.287088	0.065876	
A/goose/China/E43/2012|EP	0.2894	0.2312	0.4209	0.3007	0.151	-0.110	0.350	52.57	0.416	0.444	717	759	-0.327009	0.067194	
A/goose/Chongqing/SD003/2	0.2724	0.2276	0.4529	0.2849	0.147	-0.138	0.333	50.15	0.402	0.442	714	759	-0.323847	0.065876	
A/goose/Eastern_China/CZ/	0.2612	0.2474	0.4148	0.3156	0.144	-0.108	0.350	52.13	0.443	0.454	714	759	-0.330303	0.065876	
A/goose/Eastern_China/L12	0.2556	0.2521	0.4478	0.2823	0.158	-0.103	0.352	50.88	0.420	0.447	715	759	-0.299209	0.065876	
A/goose/Eastern_China/L12	0.2715	0.2268	0.4341	0.3068	0.143	-0.124	0.341	49.52	0.418	0.447	713	759	-0.321080	0.065876	
A/goose/Eastern_China/S04	0.2663	0.2423	0.4185	0.3114	0.146	-0.107	0.351	52.83	0.435	0.452	715	759	-0.316601	0.065876	
A/goose/Eastern_China/S05	0.2869	0.2354	0.4353	0.2818	0.150	-0.109	0.351	53.78	0.405	0.443	716	759	-0.313834	0.065876	
A/goose/Fujian/3.15_FZHX0	0.2759	0.2293	0.4653	0.2675	0.154	-0.099	0.356	50.90	0.390	0.437	713	759	-0.334387	0.065876	
A/goose/Fujian/3.15_FZHX0	0.2759	0.2293	0.4636	0.2694	0.154	-0.099	0.356	50.88	0.391	0.438	713	759	-0.334387	0.065876	
A/goose/Fujian/3.15_FZHX0	0.2741	0.2345	0.4653	0.2638	0.158	-0.084	0.365	50.77	0.391	0.438	713	759	-0.334387	0.065876	
A/goose/Fujian/3.15_FZHX0	0.2759	0.2293	0.4636	0.2694	0.155	-0.094	0.359	50.89	0.391	0.438	713	759	-0.334387	0.065876	
A/goose/Fujian/3.15_FZHX0	0.2805	0.2300	0.4606	0.2654	0.157	-0.097	0.358	50.94	0.389	0.438	704	749	-0.329640	0.066756	
A/goose/Fujian/10.11_FZHX	0.2810	0.2293	0.4755	0.2495	0.158	-0.094	0.359	49.77	0.377	0.434	714	759	-0.328458	0.065876	
A/goose/Fujian/10.26_FZHX	0.2798	0.2332	0.4645	0.2587	0.159	-0.083	0.366	50.17	0.387	0.438	713	759	-0.326482	0.065876	
A/goose/Fujian/10.26_FZHX	0.2798	0.2332	0.4645	0.2587	0.158	-0.083	0.366	50.15	0.387	0.438	713	759	-0.329249	0.065876	
A/goose/Fujian/10.26_FZHX	0.2798	0.2332	0.4645	0.2587	0.159	-0.083	0.366	50.17	0.387	0.438	713	759	-0.326482	0.065876	
A/goose/Fujian/10.26_FZHX	0.2798	0.2332	0.4645	0.2587	0.159	-0.083	0.366	50.17	0.387	0.438	713	759	-0.326482	0.065876	
A/goose/Fujian/10.26_FZHX	0.2798	0.2332	0.4645	0.2587	0.159	-0.083	0.366	50.17	0.387	0.438	713	759	-0.326482	0.065876	
A/goose/Fujian/10.26_FZHX	0.2798	0.2332	0.4645	0.2587	0.159	-0.083	0.366	50.17	0.387	0.438	713	759	-0.326482	0.065876	
A/goose/Fujian/10.26_FZHX	0.2798	0.2332	0.4645	0.2587	0.159	-0.083	0.366	50.17	0.387	0.438	713	759	-0.326482	0.065876	
A/goose/Fujian/10.26_FZHX	0.2798	0.2332	0.4645	0.2587	0.159	-0.083	0.366	50.17	0.387	0.438	713	759	-0.326482	0.065876	
A/goose/Fujian/10.26_FZHX	0.2798	0.2332	0.4645	0.2587	0.159	-0.083	0.366	50.17	0.387	0.438	713	759	-0.326482	0.065876	
A/goose/Fujian/11.3_FZHX1	0.2810	0.2293	0.4722	0.2532	0.158	-0.094	0.359	49.92	0.380	0.435	714	759	-0.328458	0.065876	
A/goose/Guangdong/03.27_D	0.2781	0.2314	0.4687	0.2601	0.160	-0.080	0.367	50.33	0.386	0.436	713	759	-0.334124	0.065876	
A/goose/Guangdong/04.22_D	0.2850	0.2263	0.4619	0.2657	0.156	-0.090	0.362	50.31	0.386	0.436	713	759	-0.330303	0.065876	
A/goose/Guangdong/04.22_D	0.2917	0.2326	0.4205	0.2953	0.151	-0.118	0.346	54.69	0.414	0.446	706	749	-0.316021	0.066756	
A/goose/Guangdong/04.22_D	0.2934	0.2309	0.4205	0.2953	0.151	-0.120	0.344	54.67	0.412	0.446	706	749	-0.316021	0.066756	
A/goose/Guangdong/04.22_D	0.2917	0.2326	0.4205	0.2953	0.151	-0.118	0.346	54.65	0.414	0.446	706	749	-0.316021	0.066756	
A/goose/Guangdong/04.23_D	0.2850	0.2263	0.4619	0.2657	0.156	-0.087	0.363	50.57	0.386	0.436	713	759	-0.330303	0.065876	
A/goose/Guangdong/04.23_D	0.2850	0.2263	0.4619	0.2657	0.156	-0.087	0.363	50.57	0.386	0.436	713	759	-0.330303	0.065876	
A/goose/Guangdong/04.23_D	0.2798	0.2297	0.4621	0.2647	0.157	-0.089	0.362	51.08	0.388	0.438	713	759	-0.340448	0.065876	
A/goose/Guangdong/04.23_D	0.2793	0.2293	0.4619	0.2670	0.159	-0.082	0.366	50.89	0.390	0.439	713	759	-0.326614	0.065876	
A/goose/Guangdong/7.20_DG	0.2746	0.2332	0.4619	0.2699	0.156	-0.090	0.362	51.47	0.394	0.437	713	759	-0.333729	0.065876	
A/goose/Guangdong/k0103/2	0.2646	0.2440	0.4461	0.2836	0.156	-0.103	0.352	51.73	0.414	0.444	715	759	-0.301844	0.065876	
A/Goose/Guangdong/PO17072	0.2788	0.2272	0.4636	0.2675	0.157	-0.082	0.366	50.81	0.388	0.437	713	759	-0.335178	0.065876	
A/goose/Guangdong/QY01/20	0.2781	0.2263	0.4671	0.2647	0.158	-0.087	0.363	50.95	0.386	0.437	713	759	-0.326350	0.065876	
A/goose/Guangdong/S230/20	0.2694	0.2332	0.4662	0.2694	0.154	-0.102	0.353	51.28	0.394	0.438	713	759	-0.316469	0.064559	
A/goose/Guangdong/S4751/2	0.2842	0.2329	0.4185	0.3009	0.150	-0.096	0.357	50.04	0.420	0.446	715	759	-0.310145	0.067194	
A/goose/Guangdong/s13124/	0.2556	0.2521	0.4463	0.2831	0.157	-0.107	0.349	50.95	0.420	0.446	716	759	-0.288142	0.065876	
A/goose/Guangdong/SH7/201	0.2887	0.2337	0.4327	0.2855	0.150	-0.118	0.345	54.29	0.406	0.442	716	759	-0.318840	0.065876	
A/goose/Guangdong/YJD/201	0.2894	0.2329	0.4250	0.2921	0.149	-0.111	0.350	54.37	0.411	0.445	715	759	-0.314098	0.065876	
A/goose/Guangxi/S20601/20	0.2864	0.2316	0.4175	0.3009	0.150	-0.101	0.354	50.26	0.419	0.445	714	759	-0.319499	0.067194	
A/goose/Guizhou/S1541/202	0.2629	0.2509	0.4252	0.2967	0.154	-0.082	0.366	50.47	0.431	0.451	714	759	-0.317918	0.065876	
A/goose/Henan/01.01_LYGL0	0.2781	0.2332	0.4585	0.2699	0.157	-0.093	0.360	50.44	0.394	0.438	713	759	-0.325165	0.065876	
A/goose/Henan/S1315/2021|	0.2847	0.2333	0.4175	0.3009	0.149	-0.101	0.354	50.28	0.420	0.445	714	759	-0.318445	0.067194	
A/goose/Hubei/113/2014|EP	0.2887	0.2337	0.4403	0.2786	0.152	-0.106	0.351	54.63	0.400	0.438	717	759	-0.300790	0.065876	
A/goose/HuBei/117/2014|EP	0.2897	0.2328	0.4362	0.2818	0.153	-0.108	0.351	54.31	0.402	0.440	716	759	-0.300659	0.065876	
A/goose/Hunan/81/2014|EPI	0.2852	0.2371	0.4327	0.2865	0.153	-0.102	0.355	54.13	0.409	0.444	716	759	-0.318050	0.065876	
A/goose/Hunan/82/2014|EPI	0.2842	0.2363	0.4327	0.2865	0.150	-0.104	0.352	54.00	0.409	0.444	716	759	-0.304480	0.065876	
A/goose/Hunan/107/2014|EP	0.2887	0.2337	0.4420	0.2768	0.153	-0.106	0.351	54.42	0.399	0.437	717	759	-0.289328	0.065876	
A/goose/Hunan/109/2014|EP	0.2887	0.2337	0.4420	0.2768	0.152	-0.106	0.351	54.57	0.399	0.438	717	759	-0.300790	0.065876	
A/goose/Hunan/110/2014|EP	0.2904	0.2320	0.4420	0.2768	0.152	-0.106	0.351	54.49	0.397	0.437	717	759	-0.300790	0.065876	
A/goose/Hunan/111/2014|EP	0.2852	0.2383	0.4443	0.2815	0.155	-0.108	0.352	54.15	0.404	0.434	716	759	-0.315942	0.068511	
A/goose/Hunan/115/2014|EP	0.2919	0.2314	0.4362	0.2812	0.155	-0.099	0.356	53.92	0.401	0.440	716	759	-0.303953	0.064559	
A/goose/Hunan/116/2014|EP	0.2882	0.2333	0.4411	0.2791	0.151	-0.109	0.350	54.51	0.400	0.438	717	759	-0.300263	0.065876	
A/goose/Hunan/155/2014|EP	0.2852	0.2354	0.4327	0.2884	0.153	-0.102	0.355	54.03	0.409	0.443	716	759	-0.311989	0.065876	
A/goose/Hunan/159/2014|EP	0.2835	0.2388	0.4327	0.2865	0.153	-0.100	0.356	54.19	0.411	0.444	716	759	-0.318050	0.065876	
A/goose/Hunan/160/2014|EP	0.2852	0.2371	0.4327	0.2865	0.153	-0.102	0.355	54.13	0.409	0.444	716	759	-0.318050	0.065876	
A/goose/Hunan/161/2014|EP	0.2852	0.2371	0.4319	0.2865	0.153	-0.102	0.355	54.16	0.409	0.444	716	759	-0.307510	0.065876	
A/goose/Hunan/HN11/2015|E	0.2914	0.2207	0.4576	0.2699	0.157	-0.090	0.362	50.21	0.384	0.435	713	759	-0.329908	0.065876	
A/goose/Hunan/HN22/2015|E	0.2835	0.2388	0.4343	0.2847	0.153	-0.099	0.356	54.06	0.409	0.444	716	759	-0.319104	0.065876	
A/goose/Hunan/HN57/2015|E	0.2835	0.2388	0.4360	0.2828	0.154	-0.100	0.356	54.25	0.408	0.443	716	759	-0.320553	0.064559	
A/goose/Hunan/HN88/2015|E	0.2869	0.2354	0.4403	0.2786	0.152	-0.106	0.351	54.64	0.402	0.439	717	759	-0.300790	0.065876	
A/goose/Hunan/HN90/2015|E	0.2887	0.2337	0.4403	0.2786	0.152	-0.106	0.351	54.63	0.400	0.438	717	759	-0.300790	0.065876	
A/goose/Hunan/HN310/2015|	0.2672	0.2414	0.4653	0.2638	0.160	-0.075	0.370	50.46	0.397	0.440	713	759	-0.334914	0.065876	
A/goose/Hunan/HN311/2015|	0.2828	0.2328	0.4430	0.2815	0.151	-0.097	0.358	51.35	0.401	0.440	715	759	-0.301449	0.064559	
A/goose/Hunan/HN314/2015|	0.2798	0.2280	0.4596	0.2679	0.156	-0.093	0.359	51.44	0.390	0.440	713	759	-0.341238	0.065876	
A/goose/Hunan/HN315/2015|	0.2810	0.2276	0.4604	0.2665	0.156	-0.090	0.360	51.03	0.388	0.439	713	759	-0.341238	0.065876	
A/goose/Hunan/HN316/2015|	0.2793	0.2293	0.4604	0.2665	0.156	-0.090	0.360	51.14	0.390	0.439	713	759	-0.341238	0.065876	
A/goose/Hunan/HN317/2015|	0.2798	0.2280	0.4613	0.2661	0.156	-0.090	0.360	51.14	0.388	0.439	713	759	-0.341765	0.065876	
A/goose/Hunan/HN318/2015|	0.2694	0.2383	0.4645	0.2647	0.161	-0.079	0.367	50.73	0.396	0.440	713	759	-0.335310	0.065876	
A/goose/Hunan/HN319/2015|	0.2793	0.2293	0.4604	0.2665	0.156	-0.090	0.360	51.14	0.390	0.439	713	759	-0.341238	0.065876	
A/goose/Hunan/S11288/2021	0.2825	0.2346	0.4209	0.2972	0.150	-0.098	0.356	50.04	0.419	0.446	714	759	-0.319763	0.067194	
A/goose/Hunan/SE284/2022(	0.2655	0.2448	0.4418	0.2844	0.153	-0.100	0.355	51.09	0.417	0.446	713	759	-0.329117	0.065876	
A/goose/Inner_Mongolia/IM	0.2788	0.2358	0.4209	0.3028	0.156	-0.090	0.361	51.78	0.423	0.448	714	759	-0.328722	0.065876	
A/goose/Jiangsu/k0403/201	0.2732	0.2474	0.4327	0.2844	0.161	-0.062	0.378	52.98	0.418	0.446	715	759	-0.320026	0.065876	
A/goose/Jiangsu/QD5/2014|	0.2547	0.2496	0.4216	0.3138	0.142	-0.115	0.346	52.14	0.443	0.454	714	759	-0.329117	0.065876	
A/goose/Jiangsu/S1385/202	0.2852	0.2337	0.4175	0.3009	0.151	-0.100	0.356	50.46	0.420	0.446	714	759	-0.320817	0.067194	
A/goose/Jiangxi/01.09_NFJ	0.2869	0.2354	0.4387	0.2804	0.153	-0.104	0.353	54.43	0.403	0.439	717	759	-0.300790	0.065876	
A/goose/Jilin/04.04_SY003	0.2924	0.2336	0.4291	0.2841	0.152	-0.116	0.347	54.33	0.406	0.444	707	749	-0.311349	0.066756	
A/goose/Jilin/S4034/2019(	0.2729	0.2366	0.4233	0.3070	0.148	-0.128	0.338	51.46	0.426	0.448	713	759	-0.299736	0.065876	
A/goose/Liaoning/S1266/20	0.2847	0.2333	0.4192	0.2991	0.150	-0.101	0.354	50.54	0.419	0.445	714	759	-0.315283	0.067194	
A/goose/Pingtung/15010007	0.2850	0.2349	0.4250	0.2947	0.152	-0.110	0.349	51.09	0.415	0.443	713	759	-0.317786	0.065876	
A/goose/Pingtung/15010037	0.2850	0.2349	0.4233	0.2965	0.151	-0.110	0.349	51.27	0.417	0.443	713	759	-0.317786	0.065876	
A/goose/Pingtung/15050014	0.2719	0.2392	0.4050	0.3242	0.148	-0.116	0.345	51.34	0.442	0.453	715	759	-0.325033	0.065876	
A/goose/Pingtung/16010061	0.2754	0.2341	0.4091	0.3205	0.147	-0.120	0.343	51.14	0.436	0.451	714	759	-0.329249	0.065876	
A/Goose/Qingyuan/16875/20	0.2759	0.2328	0.4611	0.2684	0.157	-0.095	0.359	50.91	0.394	0.439	714	759	-0.337418	0.065876	
A/goose/Shandong/01.01_JY	0.2530	0.2564	0.4562	0.2694	0.158	-0.093	0.358	49.41	0.414	0.446	715	759	-0.294730	0.065876	
A/goose/Shandong/01.07_JQ	0.2539	0.2573	0.4529	0.2731	0.159	-0.096	0.357	50.10	0.417	0.447	715	759	-0.300395	0.065876	
A/goose/Shandong/02.16_YG	0.2864	0.2350	0.4327	0.2865	0.152	-0.102	0.355	54.40	0.408	0.444	716	759	-0.315547	0.065876	
A/goose/Shandong/02.26_GD	0.2904	0.2320	0.4286	0.2891	0.151	-0.109	0.351	54.31	0.408	0.443	716	759	-0.314888	0.065876	
A/goose/Shandong/03.10_HZ	0.2622	0.2483	0.4240	0.3046	0.146	-0.121	0.343	49.92	0.435	0.450	711	759	-0.328722	0.065876	
A/goose/Shandong/03.16_JN	0.2835	0.2405	0.4283	0.2878	0.149	-0.103	0.354	52.73	0.414	0.446	715	759	-0.323188	0.065876	
A/goose/Shandong/04.22_GT	0.2586	0.2534	0.4562	0.2675	0.158	-0.098	0.355	49.12	0.410	0.444	715	759	-0.293939	0.065876	
A/goose/Shandong/05.23_AY	0.2582	0.2530	0.4106	0.3161	0.147	-0.100	0.355	52.92	0.448	0.457	707	750	-0.319733	0.066667	
A/goose/Shandong/05.23_DT	0.2582	0.2530	0.4089	0.3179	0.147	-0.103	0.354	52.95	0.450	0.457	707	750	-0.319733	0.066667	
A/goose/Shandong/06.14_HZ	0.2612	0.2474	0.4206	0.3101	0.144	-0.105	0.352	52.37	0.438	0.453	714	759	-0.329908	0.065876	
A/goose/Shandong/11.02_CQ	0.2842	0.2409	0.4247	0.2897	0.151	-0.103	0.354	53.70	0.416	0.447	706	749	-0.314820	0.066756	
A/goose/Shandong/12.05_YG	0.2916	0.2298	0.4293	0.2907	0.152	-0.104	0.353	54.23	0.406	0.443	716	759	-0.315151	0.065876	
A/goose/Shandong/12.08_YG	0.2517	0.2587	0.4106	0.3167	0.145	-0.113	0.348	52.58	0.453	0.458	706	750	-0.317067	0.066667	
A/Goose/Shandong/21153-3/	0.2825	0.2380	0.4199	0.2960	0.150	-0.094	0.359	50.68	0.420	0.446	714	759	-0.318445	0.067194	
A/goose/Shandong/GD-GS/20	0.2582	0.2530	0.4055	0.3204	0.145	-0.114	0.347	52.35	0.452	0.458	706	750	-0.316267	0.066667	
A/goose/Shandong/GS/2013(	0.2862	0.2293	0.4336	0.2875	0.152	-0.104	0.353	50.80	0.406	0.442	714	759	-0.323979	0.065876	
A/goose/Shandong/LQ01694/	0.2595	0.2457	0.4428	0.2910	0.158	-0.105	0.351	50.63	0.421	0.448	715	759	-0.304743	0.065876	
A/goose/Tainan/16040018-1	0.2737	0.2358	0.4098	0.3211	0.147	-0.120	0.343	51.07	0.437	0.451	714	759	-0.324506	0.067194	
A/goose/Tainan/16070002/2	0.2754	0.2358	0.4091	0.3187	0.148	-0.118	0.345	51.35	0.436	0.451	714	759	-0.329249	0.065876	
A/goose/Tainan/17030022-1	0.2793	0.2379	0.4257	0.2965	0.149	-0.117	0.345	51.50	0.419	0.444	713	759	-0.325296	0.065876	
A/goose/Tainan/17030024-1	0.2798	0.2366	0.4274	0.2965	0.154	-0.109	0.351	51.57	0.418	0.443	713	759	-0.330962	0.065876	
A/goose/Tainan/18010022-1	0.2781	0.2418	0.4223	0.2960	0.155	-0.103	0.354	52.04	0.423	0.446	712	759	-0.320158	0.065876	
A/goose/Tainan/18050014-1	0.2798	0.2366	0.4250	0.2978	0.153	-0.113	0.348	51.94	0.419	0.444	713	759	-0.311726	0.065876	
A/goose/Taiwan/01019/2015	0.2560	0.2509	0.4555	0.2721	0.155	-0.112	0.346	49.65	0.412	0.447	716	759	-0.303557	0.065876	
A/goose/Taiwan/01022/2015	0.2832	0.2366	0.4259	0.2923	0.152	-0.105	0.352	50.98	0.415	0.443	713	759	-0.313702	0.065876	
A/goose/Taiwan/01023/2015	0.2850	0.2349	0.4233	0.2965	0.152	-0.110	0.349	51.31	0.417	0.443	713	759	-0.317786	0.065876	
A/goose/Taiwan/01031/2015	0.2832	0.2366	0.4250	0.2947	0.152	-0.107	0.351	51.03	0.417	0.443	713	759	-0.317786	0.065876	
A/goose/Taiwan/01038/2015	0.2685	0.2427	0.4017	0.3254	0.147	-0.121	0.343	51.30	0.447	0.455	714	759	-0.328722	0.065876	
A/goose/Taiwan/01039/2015	0.2568	0.2517	0.4579	0.2689	0.156	-0.108	0.350	49.68	0.410	0.445	715	759	-0.305270	0.065876	
A/goose/Taiwan/01040/2015	0.2862	0.2345	0.4257	0.2934	0.151	-0.112	0.348	50.98	0.414	0.442	713	759	-0.317391	0.065876	
A/goose/Taiwan/a015/2015|	0.2568	0.2517	0.4562	0.2707	0.155	-0.112	0.347	49.59	0.411	0.446	715	759	-0.305270	0.065876	
A/goose/Taiwan/TNC1/2015|	0.2603	0.2500	0.4545	0.2707	0.157	-0.108	0.350	49.72	0.410	0.445	715	759	-0.300395	0.065876	
A/goose/Taiwan/TNC3/2015|	0.2586	0.2500	0.4579	0.2689	0.157	-0.108	0.350	49.62	0.408	0.445	715	759	-0.305270	0.065876	
A/goose/Taiwan/TNC4/2015|	0.2586	0.2500	0.4579	0.2689	0.156	-0.110	0.348	49.46	0.408	0.445	715	759	-0.305270	0.065876	
A/goose/Taiwan/TNC9/2015|	0.2586	0.2500	0.4562	0.2707	0.156	-0.108	0.350	49.59	0.410	0.445	715	759	-0.305270	0.065876	
A/goose/Taiwan/TNC10/2015	0.2603	0.2500	0.4545	0.2707	0.157	-0.108	0.350	49.72	0.410	0.445	715	759	-0.300395	0.065876	
A/goose/Taiwan/TNC12/2015	0.2603	0.2500	0.4545	0.2707	0.157	-0.108	0.350	49.72	0.410	0.445	715	759	-0.300395	0.065876	
A/goose/Taiwan/TNC14/2015	0.2603	0.2500	0.4545	0.2707	0.157	-0.108	0.350	49.72	0.410	0.445	715	759	-0.300395	0.065876	
A/goose/Taiwan/TNO3/2015|	0.2568	0.2517	0.4579	0.2684	0.156	-0.107	0.350	49.60	0.410	0.446	715	759	-0.305665	0.065876	
A/goose/Taiwan/TNO9/2015|	0.2568	0.2517	0.4579	0.2689	0.156	-0.110	0.348	49.59	0.410	0.445	715	759	-0.305270	0.065876	
A/goose/Taiwan/TNO15/2015	0.2568	0.2517	0.4562	0.2707	0.155	-0.112	0.347	49.59	0.411	0.446	715	759	-0.305270	0.065876	
A/goose/Taiwan/TNO17/2015	0.2603	0.2500	0.4545	0.2707	0.157	-0.108	0.350	49.72	0.410	0.445	715	759	-0.300395	0.065876	
A/goose/Taoyuan/15010041/	0.2551	0.2534	0.4596	0.2670	0.155	-0.112	0.347	49.57	0.410	0.445	715	759	-0.305270	0.065876	
A/goose/Taoyuan/18120002-	0.2771	0.2410	0.4199	0.2991	0.156	-0.087	0.363	51.67	0.425	0.448	713	759	-0.325823	0.065876	
A/goose/Xinjiang/12.18_WL	0.2660	0.2435	0.4293	0.3009	0.151	-0.102	0.353	48.25	0.427	0.449	714	759	-0.309091	0.065876	
A/goose/Xinjiang/12.18_WL	0.2660	0.2435	0.4293	0.3004	0.150	-0.104	0.352	48.25	0.427	0.450	714	759	-0.309486	0.065876	
A/goose/Xinjiang/12.18_WL	0.2737	0.2410	0.4202	0.3040	0.155	-0.088	0.362	51.64	0.428	0.449	715	759	-0.328327	0.065876	
A/goose/Xinjiang/12.18_WL	0.2737	0.2410	0.4218	0.3022	0.156	-0.088	0.362	51.49	0.427	0.449	715	759	-0.328327	0.065876	
A/goose/Xinjiang/12.18_WL	0.2737	0.2410	0.4218	0.3022	0.156	-0.088	0.362	51.49	0.427	0.449	715	759	-0.328327	0.065876	
A/goose/Xinjiang/12.18_WL	0.2737	0.2410	0.4218	0.3022	0.156	-0.088	0.362	51.49	0.427	0.449	715	759	-0.328327	0.065876	
A/goose/Yangzhou/0420/201	0.2547	0.2513	0.4192	0.3132	0.143	-0.115	0.346	52.59	0.444	0.455	714	759	-0.325428	0.065876	
A/goose/Yangzhou/YZ587/20	0.2729	0.2366	0.4721	0.2569	0.156	-0.089	0.362	50.95	0.387	0.436	713	759	-0.341897	0.065876	
A/goose/Yunlin/15010005/2	0.2862	0.2345	0.4223	0.2965	0.152	-0.109	0.349	51.00	0.417	0.444	713	759	-0.317786	0.065876	
A/goose/Yunlin/15010009-1	0.2850	0.2349	0.4233	0.2965	0.151	-0.110	0.349	50.88	0.417	0.443	713	759	-0.312912	0.065876	
A/goose/Yunlin/15010010-2	0.2862	0.2345	0.4223	0.2970	0.151	-0.112	0.348	51.01	0.417	0.443	713	759	-0.317391	0.065876	
A/goose/Yunlin/15010011-1	0.2862	0.2345	0.4240	0.2952	0.152	-0.110	0.349	50.80	0.415	0.443	713	759	-0.317391	0.065876	
A/goose/Yunlin/15040040/2	0.2551	0.2534	0.4562	0.2707	0.156	-0.108	0.350	49.55	0.413	0.447	715	759	-0.305270	0.065876	
A/goose/Yunlin/16020008-4	0.2810	0.2397	0.4192	0.3007	0.155	-0.098	0.356	51.55	0.423	0.445	714	759	-0.311199	0.065876	
A/goose/Yunlin/16020011-1	0.2862	0.2345	0.4175	0.3020	0.155	-0.096	0.357	51.55	0.420	0.444	714	759	-0.311594	0.065876	
A/goose/Yunlin/16040002-2	0.2823	0.2392	0.4216	0.2976	0.155	-0.094	0.359	51.64	0.420	0.444	714	759	-0.313834	0.065876	
A/goose/Yunlin/17100005/2	0.2815	0.2366	0.4223	0.3007	0.152	-0.115	0.346	51.39	0.421	0.444	713	759	-0.320817	0.065876	
A/goose/Yunlin/18030020-2	0.2779	0.2298	0.4195	0.3108	0.143	-0.135	0.334	50.91	0.425	0.447	716	759	-0.320026	0.065876	
A/goose/Yunlin/18030020-3	0.2779	0.2298	0.4195	0.3108	0.143	-0.135	0.334	50.91	0.425	0.447	716	759	-0.320026	0.065876	
A/goose/Yunlin/18040002-3	0.2832	0.2332	0.4223	0.3015	0.151	-0.122	0.342	51.92	0.419	0.444	713	759	-0.321212	0.065876	
A/goose/Yunlin/18040018-2	0.2842	0.2357	0.4264	0.2952	0.155	-0.106	0.353	51.99	0.416	0.442	712	759	-0.328985	0.065876	
A/goose/Yunlin/18090002-3	0.2785	0.2388	0.4281	0.2970	0.154	-0.106	0.352	51.96	0.419	0.444	713	759	-0.329512	0.065876	
A/goose/Yunlin/18090006-1	0.2766	0.2320	0.4310	0.3007	0.151	-0.093	0.359	51.00	0.417	0.444	715	759	-0.324901	0.065876	
A/goose/Yunlin/18110002-3	0.2806	0.2392	0.4158	0.3028	0.155	-0.090	0.361	52.26	0.426	0.448	714	759	-0.328459	0.064559	
A/goose/Yunnan/07.14_DQWC	0.2751	0.2336	0.4570	0.2726	0.158	-0.082	0.366	51.60	0.397	0.438	713	759	-0.342951	0.065876	
A/goose/Yunnan/07.14_DQWC	0.2751	0.2336	0.4587	0.2707	0.159	-0.082	0.366	51.59	0.396	0.438	713	759	-0.342951	0.065876	
A/goose/Zhejiang/77166/20	0.2921	0.2268	0.4259	0.2952	0.152	-0.110	0.350	52.76	0.408	0.444	715	759	-0.312912	0.065876	
A/goose/Zhejiang/77167/20	0.2938	0.2251	0.4259	0.2952	0.151	-0.112	0.348	52.68	0.407	0.444	715	759	-0.312912	0.065876	
A/goose/Zhejiang/77168/20	0.2938	0.2251	0.4259	0.2952	0.151	-0.112	0.348	52.68	0.407	0.444	715	759	-0.312912	0.065876	
A/goose/Zhejiang/112071/2	0.2608	0.2487	0.4185	0.3108	0.147	-0.112	0.347	50.03	0.440	0.451	714	759	-0.320290	0.065876	
A/goose/Zhejiang/112080/2	0.2897	0.2276	0.4327	0.2915	0.154	-0.096	0.358	53.58	0.406	0.442	715	759	-0.316205	0.065876	
A/goose/Zhejiang/727092/2	0.2899	0.2316	0.4310	0.2884	0.149	-0.111	0.349	54.34	0.406	0.441	716	759	-0.319368	0.065876	
A/goose/Zhejiang/727098/2	0.2823	0.2341	0.4336	0.2875	0.152	-0.100	0.355	50.82	0.410	0.443	715	759	-0.331489	0.065876	
A/goose/Zhejiang/727110/2	0.2869	0.2354	0.4310	0.2884	0.150	-0.108	0.351	54.21	0.409	0.441	716	759	-0.319763	0.065876	
A/goose/Zhejiang/925036/2	0.2899	0.2384	0.4293	0.2841	0.150	-0.110	0.350	54.38	0.409	0.441	717	759	-0.311462	0.064559	
A/goose/Zhejiang/925037/2	0.2659	0.2487	0.4115	0.3125	0.148	-0.094	0.357	52.51	0.441	0.455	714	759	-0.314361	0.065876	
A/goose/Zhejiang/925104/2	0.2590	0.2521	0.4118	0.3120	0.143	-0.115	0.345	52.71	0.445	0.458	714	759	-0.315942	0.064559	
A/goose/Zhejiang/925105/2	0.2904	0.2388	0.4300	0.2799	0.150	-0.110	0.350	53.73	0.407	0.446	715	759	-0.330962	0.067194	
A/goose/Zhejiang/925106/2	0.2556	0.2590	0.4129	0.3125	0.146	-0.106	0.352	52.51	0.450	0.458	714	759	-0.327273	0.067194	
A/goose/Zhejiang/925108/2	0.2911	0.2380	0.4286	0.2807	0.150	-0.109	0.350	53.49	0.407	0.444	717	759	-0.315810	0.064559	
A/goose/Zhejiang/1120132/	0.2810	0.2431	0.4286	0.2862	0.152	-0.102	0.354	53.19	0.415	0.448	715	759	-0.329776	0.065876	
A/goose/Zhejiang/S1266/20	0.2830	0.2350	0.4192	0.2991	0.150	-0.099	0.356	50.57	0.420	0.446	714	759	-0.318445	0.067194	
A/Great_black-headed_Gull	0.2616	0.2478	0.4228	0.3029	0.143	-0.127	0.339	49.87	0.434	0.452	714	759	-0.322661	0.065876	
A/Great_Black-headed_Gull	0.2749	0.2388	0.4242	0.2991	0.155	-0.095	0.359	51.21	0.423	0.448	714	759	-0.324769	0.065876	
A/Great_black-headed_Gull	0.2616	0.2478	0.4235	0.3035	0.143	-0.127	0.339	49.90	0.434	0.452	714	759	-0.326219	0.065876	
A/Great_Cormorant/Hubei/c	0.2578	0.2491	0.4240	0.3088	0.146	-0.124	0.341	50.94	0.438	0.451	712	759	-0.331752	0.065876	
A/Great_Cormorant/Hubei/c	0.2561	0.2491	0.4240	0.3107	0.145	-0.124	0.341	50.42	0.440	0.451	712	759	-0.332279	0.065876	
A/Great_Cormorant/Hubei/c	0.2561	0.2491	0.4240	0.3107	0.146	-0.122	0.343	50.56	0.440	0.452	712	759	-0.331752	0.065876	
A/Great_Cormorant/Hubei/c	0.2569	0.2603	0.4351	0.2860	0.144	-0.123	0.342	51.08	0.429	0.446	713	759	-0.338867	0.065876	
A/Great_Cormorant/Hubei/V	0.2595	0.2474	0.4257	0.3070	0.146	-0.124	0.341	50.94	0.435	0.450	712	759	-0.331752	0.065876	
A/Great_Cormorant/Hubei/V	0.2578	0.2491	0.4257	0.3070	0.146	-0.122	0.343	50.89	0.437	0.450	712	759	-0.335046	0.065876	
A/Great_Cormorant/Hubei/V	0.2578	0.2491	0.4257	0.3070	0.146	-0.122	0.343	50.91	0.437	0.450	712	759	-0.331752	0.065876	
A/Great_Cormorant/Qinghai	0.2690	0.2448	0.4259	0.2985	0.156	-0.088	0.363	51.00	0.427	0.449	714	759	-0.331752	0.065876	
A/Great_Cormorant/Qinghai	0.2694	0.2453	0.4218	0.3016	0.158	-0.085	0.364	51.32	0.430	0.450	714	759	-0.332279	0.065876	
A/Great_Cormorant/Qinghai	0.2707	0.2448	0.4226	0.3004	0.157	-0.085	0.364	50.97	0.429	0.449	714	759	-0.331752	0.065876	
A/Great_Crested_Grebe/Qin	0.2707	0.2431	0.4259	0.2985	0.157	-0.085	0.364	51.32	0.426	0.448	714	759	-0.328590	0.065876	
A/grebe/Ningxia/SD001/202	0.2825	0.2346	0.4165	0.3033	0.150	-0.100	0.354	50.18	0.423	0.446	714	759	-0.316074	0.068511	
A/grebe/Shaanxi/SD001/202	0.2847	0.2333	0.4141	0.3046	0.149	-0.103	0.353	50.17	0.423	0.447	714	759	-0.324374	0.067194	
A/grebe/Shandong/SC184/20	0.2835	0.2337	0.4192	0.3009	0.151	-0.097	0.357	50.39	0.420	0.445	714	759	-0.317655	0.067194	
A/green-winged_teal/Guang	0.2847	0.2350	0.4259	0.2899	0.150	-0.098	0.356	49.86	0.413	0.443	714	759	-0.320026	0.067194	
A/Guangdong/1/2006|EPI_IS	0.2729	0.2470	0.4283	0.2904	0.156	-0.089	0.362	54.12	0.422	0.451	713	759	-0.321212	0.065876	
A/Guangdong/1/2008|EPI_IS	0.2763	0.2453	0.4435	0.2721	0.158	-0.080	0.367	53.33	0.407	0.446	713	759	-0.321476	0.067194	
A/Guangdong/2/2006|EPI_IS	0.2651	0.2547	0.4310	0.2875	0.161	-0.077	0.369	52.56	0.427	0.450	715	759	-0.317655	0.065876	
A/Guangdong/18SF020/2018-	0.2737	0.2341	0.4661	0.2643	0.156	-0.089	0.362	50.60	0.391	0.437	713	759	-0.327800	0.065876	
A/Guangdong/12903/2021|EP	0.2813	0.2333	0.4218	0.2991	0.148	-0.095	0.357	50.11	0.419	0.445	714	759	-0.308564	0.067194	
A/Guangdong/lgf/2021|EPI_	0.2847	0.2316	0.4226	0.2978	0.148	-0.098	0.356	49.89	0.416	0.444	714	759	-0.313175	0.067194	
A/Guangxi/1/2005|EPI_ISL_	0.2620	0.2534	0.4338	0.2870	0.159	-0.087	0.363	52.69	0.425	0.450	717	759	-0.321739	0.067194	
A/Guangxi/1/2005|EPI_ISL_	0.2651	0.2530	0.4310	0.2875	0.160	-0.079	0.368	52.82	0.426	0.451	714	759	-0.320949	0.065876	
A/Guangxi/1/2008|EPI_ISL_	0.2702	0.2444	0.4269	0.2972	0.156	-0.094	0.359	52.88	0.425	0.449	715	759	-0.318972	0.065876	
A/Guangxi/32797/2018|EPI_	0.2810	0.2328	0.4536	0.2689	0.159	-0.087	0.363	51.26	0.394	0.439	713	759	-0.326350	0.065876	
A/Guangxi/55726/2016|EPI_	0.2840	0.2324	0.4670	0.2537	0.156	-0.084	0.365	51.05	0.381	0.436	713	759	-0.331752	0.065876	
A/Guangzhou/39715/2014|EP	0.2796	0.2419	0.4319	0.2873	0.153	-0.101	0.356	54.10	0.414	0.445	717	759	-0.322398	0.065876	
A/Guizhou/1/2009|EPI_ISL_	0.2707	0.2500	0.4418	0.2739	0.158	-0.072	0.372	52.01	0.412	0.447	713	759	-0.326087	0.064559	
A/GX-guilin/11151/2021|EP	0.2715	0.2337	0.4747	0.2551	0.146	-0.125	0.340	49.22	0.384	0.436	714	759	-0.313966	0.065876	
A/GX-hechi/01/2021|EPI_IS	0.2664	0.2163	0.4907	0.2652	0.147	-0.151	0.325	47.02	0.377	0.430	713	759	-0.316205	0.065876	
A/Hangzhou/01/2021|EPI_IS	0.2534	0.2432	0.4698	0.2679	0.145	-0.117	0.345	50.36	0.402	0.444	716	759	-0.326482	0.065876	
A/HeFei04171/2024|EPI_ISL	0.2830	0.2213	0.4461	0.2862	0.144	-0.122	0.341	51.68	0.399	0.440	715	759	-0.332279	0.065876	
A/heron/Kaohsiung/15WB328	0.2806	0.2358	0.4226	0.2980	0.156	-0.089	0.361	50.28	0.420	0.447	714	759	-0.332806	0.065876	
A/heron/Taiwan/17DB0001/2	0.2793	0.2379	0.4206	0.3026	0.149	-0.124	0.341	51.05	0.424	0.444	713	759	-0.313439	0.065876	
A/Herring_Gull/Hubei/CH-i	0.2690	0.2466	0.4226	0.3004	0.157	-0.085	0.364	51.12	0.430	0.450	714	759	-0.331752	0.065876	
A/hill_myna/Heilongjiang/	0.2740	0.2432	0.4233	0.2996	0.154	-0.101	0.355	53.68	0.426	0.451	716	759	-0.338472	0.065876	
A/Hong_Kong/5923/2012|EPI	0.2821	0.2376	0.4283	0.2921	0.149	-0.110	0.349	52.96	0.415	0.443	716	759	-0.326219	0.067194	
A/Hubei/29578/2016_x_PR8_	0.3012	0.2238	0.4298	0.2868	0.140	-0.147	0.328	50.10	0.398	0.438	713	759	-0.322793	0.067194	
A/Hubei/29578/2016|EPI_IS	0.2698	0.2371	0.4245	0.3071	0.150	-0.103	0.352	51.01	0.427	0.449	716	759	-0.306324	0.065876	
A/Hunan/1/2006|EPI_ISL_79	0.2612	0.2560	0.4319	0.2870	0.160	-0.076	0.369	53.00	0.428	0.452	715	759	-0.321080	0.065876	
A/Hunan/1/2008|EPI_ISL_73	0.2815	0.2349	0.4384	0.2831	0.156	-0.102	0.355	53.51	0.407	0.445	713	759	-0.322398	0.067194	
A/Hunan/2/2009|EPI_ISL_79	0.2729	0.2504	0.4401	0.2744	0.158	-0.075	0.370	52.23	0.412	0.446	713	759	-0.325428	0.064559	
A/Japanese_white-eye/Taoy	0.2740	0.2414	0.4266	0.2978	0.153	-0.105	0.352	53.57	0.423	0.450	716	759	-0.338472	0.065876	
A/Jiangsu/1/2007|EPI_ISL_	0.2712	0.2487	0.4368	0.2818	0.156	-0.077	0.369	54.25	0.417	0.449	713	759	-0.320817	0.065876	
A/Jiangsu/1/2018|EPI_ISL_	0.2729	0.2314	0.4627	0.2717	0.155	-0.096	0.358	51.44	0.395	0.439	712	759	-0.336891	0.065876	
A/Jiangsu/1/2018|EPI_ISL_	0.2729	0.2314	0.4627	0.2717	0.155	-0.096	0.358	51.44	0.395	0.439	712	759	-0.336891	0.065876	
A/Jiangsu/1/2020_(H5N6)|E	0.2707	0.2466	0.4206	0.3015	0.161	-0.063	0.377	50.40	0.431	0.449	713	759	-0.320422	0.067194	
A/Jiangsu/1/2020(H5N6)|EP	0.2707	0.2466	0.4206	0.3015	0.161	-0.063	0.377	50.40	0.431	0.449	713	759	-0.320422	0.067194	
A/Jiangsu/2/2007|EPI_ISL_	0.2712	0.2487	0.4368	0.2818	0.156	-0.077	0.369	54.25	0.417	0.449	713	759	-0.320817	0.065876	
A/Jiangsu/JSSZ01/2018|EPI	0.2729	0.2314	0.4627	0.2717	0.155	-0.096	0.358	51.44	0.395	0.439	712	759	-0.336891	0.065876	
A/Jiangxi/1/2005|EPI_ISL_	0.2751	0.2422	0.4375	0.2855	0.154	-0.102	0.355	53.91	0.414	0.446	713	759	-0.326746	0.067194	
A/Jiangxi/16791/2022|EPI_	0.2629	0.2405	0.4698	0.2610	0.148	-0.113	0.348	50.19	0.394	0.440	715	759	-0.319499	0.065876	
A/lesser_kestrel/Heilongj	0.2668	0.2427	0.4007	0.3284	0.148	-0.096	0.358	51.08	0.449	0.458	713	759	-0.307773	0.067194	
A/lion/Hubei/1-2/2016|EPI	0.2647	0.2405	0.4216	0.3125	0.143	-0.141	0.331	50.23	0.434	0.449	712	759	-0.331094	0.065876	
A/Luscinia_cyane/Jiangxi/	0.2556	0.2487	0.4185	0.3156	0.145	-0.107	0.350	52.40	0.443	0.455	715	759	-0.296574	0.065876	
A/mallard_duck/Shanghai/S	0.2612	0.2474	0.4132	0.3168	0.144	-0.110	0.349	52.15	0.444	0.455	714	759	-0.330698	0.065876	
A/mallard/Heilongjiang/HL	0.2784	0.2268	0.4195	0.3132	0.148	-0.127	0.338	50.90	0.424	0.448	715	759	-0.300527	0.065876	
A/Mallard/Jiangxi/JXH9/20	0.2926	0.2306	0.4108	0.3064	0.154	-0.096	0.358	54.10	0.421	0.446	715	759	-0.321344	0.065876	
A/Mallard/Jiangxi/JXH22/2	0.2955	0.2285	0.4259	0.2915	0.152	-0.102	0.355	53.99	0.406	0.441	716	759	-0.318445	0.065876	
A/mallard/Ningxia/175/202	0.2943	0.2306	0.4218	0.2894	0.151	-0.103	0.353	52.06	0.409	0.444	714	759	-0.318445	0.065876	
A/mallard/Ningxia/176/202	0.2943	0.2306	0.4218	0.2894	0.152	-0.102	0.354	51.99	0.409	0.444	714	759	-0.317259	0.065876	
A/mallard/Ningxia/239/202	0.2943	0.2306	0.4218	0.2894	0.152	-0.102	0.354	51.99	0.409	0.444	714	759	-0.317259	0.065876	
A/mallard/Ningxia/241/202	0.2943	0.2306	0.4218	0.2894	0.152	-0.102	0.354	51.99	0.409	0.444	714	759	-0.317259	0.065876	
A/mallard/Ningxia/247/202	0.2943	0.2306	0.4218	0.2894	0.152	-0.102	0.354	51.99	0.409	0.444	714	759	-0.317259	0.065876	
A/mallard/Ningxia/249/202	0.2943	0.2306	0.4218	0.2894	0.152	-0.102	0.354	51.99	0.409	0.444	714	759	-0.317259	0.065876	
A/mandarin_duck/Heilongji	0.2612	0.2526	0.4209	0.3022	0.153	-0.084	0.364	50.18	0.437	0.452	714	759	-0.322530	0.065876	
A/mandarin_duck/Henan/426	0.2655	0.2448	0.4401	0.2852	0.154	-0.100	0.355	51.34	0.418	0.447	713	759	-0.330303	0.065876	
A/meerkat/Shanghai/SH-1/2	0.2850	0.2349	0.4300	0.2886	0.151	-0.106	0.352	50.64	0.411	0.443	713	759	-0.327800	0.065876	
A/migratory_waterfowl/Hub	0.2821	0.2376	0.4293	0.2891	0.147	-0.110	0.349	53.29	0.413	0.447	716	759	-0.321212	0.065876	
A/migratory_waterfowl/Hub	0.2838	0.2359	0.4293	0.2891	0.146	-0.112	0.348	53.33	0.412	0.446	716	759	-0.321739	0.065876	
A/mink/China/181/2019|EPI	0.2712	0.2332	0.4619	0.2736	0.152	-0.107	0.352	51.24	0.397	0.439	713	759	-0.333202	0.065876	
A/mink/China/183/2019|EPI	0.2741	0.2310	0.4602	0.2759	0.153	-0.095	0.359	51.48	0.396	0.437	714	759	-0.333992	0.065876	
A/mink/China/191/2019|EPI	0.2741	0.2310	0.4602	0.2759	0.153	-0.095	0.359	51.57	0.396	0.437	714	759	-0.333992	0.065876	
A/mink/China/456/2018|EPI	0.2754	0.2289	0.4645	0.2694	0.154	-0.090	0.361	51.55	0.391	0.438	714	759	-0.330962	0.065876	
A/mink/China/G/2015|EPI_I	0.2901	0.2287	0.4360	0.2812	0.153	-0.101	0.355	52.33	0.401	0.443	716	759	-0.316337	0.065876	
A/mink/China/XB/2015|EPI_	0.2578	0.2474	0.4291	0.3051	0.145	-0.124	0.341	50.09	0.434	0.450	712	759	-0.331752	0.065876	
A/mink/Eastern_China/006/	0.2741	0.2483	0.4226	0.2925	0.159	-0.071	0.373	51.10	0.426	0.449	714	759	-0.338867	0.065876	
A/mink/Eastern_China/149/	0.2699	0.2301	0.4721	0.2657	0.154	-0.089	0.362	51.06	0.389	0.437	712	759	-0.337418	0.065876	
A/mink/Eastern_China/528/	0.2765	0.2522	0.4310	0.2834	0.165	-0.055	0.383	51.88	0.420	0.441	715	759	-0.331357	0.065876	
A/mink/Eastern_China/571/	0.2734	0.2318	0.4662	0.2670	0.153	-0.099	0.356	52.40	0.391	0.438	713	759	-0.330830	0.065876	
A/mink/Eastern_China/0712	0.2449	0.2654	0.4495	0.2781	0.150	-0.093	0.359	50.76	0.427	0.445	716	759	-0.322925	0.065876	
A/mink/Northern_China/110	0.2712	0.2487	0.4185	0.2993	0.157	-0.075	0.370	51.28	0.431	0.451	714	759	-0.335573	0.065876	
A/Muscovy_duck/China/FJFZ	0.2694	0.2383	0.4763	0.2593	0.154	-0.094	0.358	50.29	0.389	0.427	715	759	-0.332938	0.068511	
A/Muscovy_duck/China/H5N6	0.2694	0.2383	0.4763	0.2593	0.154	-0.094	0.358	50.29	0.389	0.427	715	759	-0.332938	0.068511	
A/muscovy/duck/Hunan/85/2	0.2835	0.2388	0.4334	0.2870	0.152	-0.105	0.353	54.23	0.411	0.444	716	759	-0.321212	0.065876	
A/muscovy/duck/Hunan/88/2	0.2835	0.2388	0.4317	0.2889	0.152	-0.105	0.353	54.08	0.412	0.444	716	759	-0.321739	0.065876	
A/muscovy/duck/Hunan/89/2	0.2835	0.2388	0.4334	0.2870	0.151	-0.107	0.352	54.13	0.411	0.443	716	759	-0.321739	0.065876	
A/muscovy/duck/Hunan/90/2	0.2847	0.2384	0.4334	0.2852	0.152	-0.102	0.355	54.11	0.409	0.443	716	759	-0.322530	0.065876	
A/muscovy/duck/Hunan/93/2	0.2813	0.2401	0.4351	0.2852	0.151	-0.102	0.355	54.05	0.411	0.444	716	759	-0.322530	0.065876	
A/muscovy/duck/Hunan/94/2	0.2835	0.2388	0.4317	0.2889	0.153	-0.100	0.356	54.14	0.412	0.444	716	759	-0.321739	0.065876	
A/muscovy/duck/Hunan/101/	0.2874	0.2358	0.4310	0.2873	0.155	-0.104	0.353	54.44	0.409	0.443	716	759	-0.314888	0.065876	
A/muscovy/duck/Hunan/102/	0.2892	0.2358	0.4293	0.2873	0.156	-0.099	0.356	54.73	0.409	0.443	716	759	-0.314888	0.065876	
A/muscovy/duck/Hunan/103/	0.2874	0.2358	0.4310	0.2873	0.155	-0.102	0.355	54.59	0.409	0.443	716	759	-0.314888	0.065876	
A/muscovy/duck/Hunan/104/	0.2892	0.2375	0.4276	0.2873	0.154	-0.102	0.355	54.54	0.411	0.443	716	759	-0.324374	0.065876	
A/muscovy/duck/Hunan/125/	0.2887	0.2337	0.4403	0.2786	0.152	-0.106	0.351	54.63	0.400	0.438	717	759	-0.300790	0.065876	
A/muscovy/duck/Hunan/147/	0.2904	0.2337	0.4403	0.2768	0.155	-0.102	0.354	54.43	0.399	0.437	717	759	-0.295521	0.065876	
A/muscovy/duck/Hunan/148/	0.2904	0.2320	0.4487	0.2694	0.154	-0.097	0.357	54.41	0.392	0.436	717	759	-0.300790	0.065876	
A/muscovy/duck/Hunan/167/	0.2874	0.2358	0.4293	0.2891	0.155	-0.104	0.353	54.61	0.411	0.444	716	759	-0.314888	0.065876	
A/muscovy/duck/Hunan/183/	0.2835	0.2371	0.4327	0.2884	0.152	-0.107	0.352	54.01	0.411	0.444	716	759	-0.318050	0.065876	
A/muscovy/duck/Hunan/216/	0.2874	0.2358	0.4276	0.2910	0.154	-0.104	0.353	54.83	0.412	0.444	716	759	-0.314888	0.065876	
A/muscovy/duck/Hunan/229/	0.2874	0.2358	0.4293	0.2891	0.155	-0.104	0.353	54.61	0.411	0.444	716	759	-0.314888	0.065876	
A/muscovy/duck/Hunan/232/	0.2840	0.2392	0.4343	0.2847	0.152	-0.103	0.355	53.81	0.409	0.442	716	759	-0.316732	0.065876	
A/muscovy/duck/Hunan/HN34	0.2690	0.2397	0.4653	0.2638	0.160	-0.077	0.369	50.42	0.396	0.440	713	759	-0.334914	0.065876	
A/muscovy/duck/Hunan/HN34	0.2690	0.2397	0.4653	0.2638	0.160	-0.077	0.369	50.42	0.396	0.440	713	759	-0.334914	0.065876	
A/muscovy/duck/Hunan/HN34	0.2707	0.2379	0.4661	0.2643	0.160	-0.078	0.369	50.36	0.394	0.439	713	759	-0.336232	0.067194	
A/muscovy/duck/Hunan/HN34	0.2707	0.2379	0.4653	0.2638	0.160	-0.077	0.369	50.37	0.394	0.439	713	759	-0.334914	0.065876	
A/muscovy/duck/Hunan/HN35	0.2690	0.2397	0.4653	0.2638	0.160	-0.077	0.369	50.42	0.396	0.440	713	759	-0.334914	0.065876	
A/muscovy/duck/Hunan/HN35	0.2763	0.2349	0.4670	0.2601	0.160	-0.080	0.367	50.50	0.388	0.437	713	759	-0.333597	0.065876	
A/muscovy/duck/Hunan/HN35	0.2754	0.2358	0.4627	0.2643	0.155	-0.089	0.362	50.22	0.393	0.438	713	759	-0.333992	0.065876	
A/muscovy/duck/Hunan/HN35	0.2690	0.2397	0.4653	0.2638	0.160	-0.077	0.369	50.42	0.396	0.440	713	759	-0.334914	0.065876	
A/muscovy/duck/Hunan/HN35	0.2690	0.2397	0.4653	0.2634	0.161	-0.077	0.369	50.45	0.396	0.440	713	759	-0.335310	0.065876	
A/muscovy/duck/Hunan/HN35	0.2690	0.2397	0.4653	0.2638	0.160	-0.077	0.369	50.42	0.396	0.440	713	759	-0.334914	0.065876	
A/muscovy/duck/Hunan/HN35	0.2690	0.2397	0.4653	0.2638	0.160	-0.077	0.369	50.42	0.396	0.440	713	759	-0.334914	0.065876	
A/muscovy/duck/Hunan/HN35	0.2781	0.2349	0.4332	0.2960	0.159	-0.090	0.361	54.52	0.416	0.446	714	759	-0.331225	0.065876	
A/muscovy/duck/Hunan/HN36	0.2707	0.2379	0.4653	0.2638	0.160	-0.079	0.367	50.36	0.394	0.439	713	759	-0.334914	0.065876	
A/muscovy/duck/Hunan/HN36	0.2685	0.2392	0.4662	0.2638	0.159	-0.078	0.368	50.39	0.395	0.439	714	759	-0.331489	0.065876	
A/muscovy/duck/Hunan/HN36	0.2690	0.2379	0.4670	0.2634	0.160	-0.079	0.367	50.37	0.394	0.440	713	759	-0.335310	0.065876	
A/muscovy/duck/Hunan/HN36	0.2707	0.2379	0.4653	0.2638	0.160	-0.079	0.367	50.36	0.394	0.439	713	759	-0.334914	0.065876	
A/muscovy/duck/Hunan/HN36	0.2690	0.2397	0.4653	0.2638	0.160	-0.077	0.369	50.42	0.396	0.440	713	759	-0.334914	0.065876	
A/mute_swan/Inner_Mongoli	0.2830	0.2350	0.4209	0.2972	0.151	-0.094	0.359	50.25	0.419	0.446	714	759	-0.319499	0.067194	
A/mute_swan/Shandong/1/20	0.2838	0.2342	0.4175	0.3009	0.150	-0.099	0.355	50.18	0.421	0.447	715	759	-0.316337	0.067194	
A/Nanjing/1/2015|EPI_ISL_	0.2561	0.2491	0.4223	0.3125	0.145	-0.127	0.340	50.71	0.441	0.452	712	759	-0.331752	0.065876	
A/Northern_Pintail/HK/MP6	0.2884	0.2211	0.4653	0.2634	0.155	-0.097	0.358	49.76	0.380	0.435	713	759	-0.327405	0.065876	
A/oriental_magpie_robin/H	0.2599	0.2427	0.4218	0.3150	0.153	-0.096	0.357	50.73	0.438	0.453	715	759	-0.308959	0.065876	
A/ostrich/Suzhou/097/2003	0.2707	0.2448	0.4377	0.2868	0.160	-0.078	0.368	52.12	0.417	0.447	715	759	-0.326350	0.065876	
A/parrot/Guangdong/258/20	0.2612	0.2526	0.4336	0.2875	0.143	-0.111	0.349	50.20	0.426	0.451	714	759	-0.324374	0.065876	
A/parrot/Guangdong/C99/20	0.2737	0.2478	0.4269	0.2899	0.158	-0.088	0.362	53.54	0.422	0.449	715	759	-0.318577	0.065876	
A/Pavo_cristatus/China/JS	0.2781	0.2349	0.4611	0.2624	0.160	-0.079	0.369	50.22	0.391	0.440	713	759	-0.336759	0.065876	
A/Pavo_cristatus/China/K1	0.2781	0.2349	0.4611	0.2624	0.160	-0.079	0.369	50.22	0.391	0.440	713	759	-0.336759	0.065876	
A/Pavo_cristatus/Jiangxi/	0.2763	0.2297	0.4704	0.2620	0.157	-0.087	0.363	50.51	0.386	0.436	713	759	-0.333597	0.065876	
A/peacock/Yunnan/1/2015|E	0.2578	0.2491	0.4283	0.3039	0.147	-0.122	0.343	50.39	0.434	0.449	712	759	-0.328590	0.065876	
A/peacock/Yunnan/3/2015|E	0.2573	0.2504	0.4266	0.3044	0.145	-0.121	0.343	50.41	0.435	0.449	712	759	-0.318577	0.065876	
A/Peregrine_Falcon/Hong_K	0.2847	0.2333	0.4175	0.3009	0.150	-0.098	0.356	50.17	0.420	0.446	714	759	-0.320026	0.067194	
A/Phalacrocorax/Hubei/01.	0.2578	0.2491	0.4240	0.3088	0.146	-0.124	0.341	50.94	0.438	0.451	712	759	-0.331752	0.065876	
A/Phalacrocorax/Hubei/01.	0.2578	0.2491	0.4240	0.3088	0.146	-0.124	0.341	50.94	0.438	0.451	712	759	-0.331752	0.065876	
A/pheasant/Hebei/B02/2021	0.2860	0.2329	0.4168	0.3009	0.150	-0.100	0.355	50.48	0.420	0.445	715	759	-0.313966	0.067194	
A/pigeon/Fujian/1.17_FZHX	0.2793	0.2310	0.4730	0.2537	0.160	-0.089	0.361	49.79	0.381	0.435	714	759	-0.332016	0.065876	
A/pigeon/Guangdong/04.15_	0.2815	0.2308	0.4556	0.2677	0.160	-0.089	0.362	51.30	0.392	0.441	704	749	-0.332443	0.066756	
A/pigeon/Guangdong/04.16_	0.2810	0.2304	0.4572	0.2687	0.159	-0.087	0.364	50.83	0.392	0.439	704	749	-0.326836	0.066756	
A/pigeon/Guangdong/04.23_	0.2781	0.2314	0.4621	0.2647	0.157	-0.091	0.360	51.18	0.390	0.439	713	759	-0.340448	0.065876	
A/pigeon/Hainan/1.14_HKPL	0.2738	0.2340	0.4619	0.2699	0.156	-0.092	0.361	51.03	0.395	0.438	712	759	-0.336232	0.065876	
A/pigeon/Hubei/RP25/2012|	0.2732	0.2440	0.4362	0.2810	0.161	-0.074	0.371	53.37	0.414	0.449	715	759	-0.308432	0.065876	
A/Pigeon/Hunan/04.14_YYXS	0.2825	0.2397	0.4269	0.2910	0.151	-0.103	0.354	53.30	0.416	0.446	717	759	-0.325955	0.065876	
A/pigeon/Jiangsu/12.22_TC	0.2630	0.2474	0.4185	0.3084	0.147	-0.119	0.344	50.06	0.438	0.451	713	759	-0.316206	0.065876	
A/Pigeon/Jiangxi/02.10__N	0.2655	0.2466	0.4293	0.2972	0.151	-0.091	0.360	50.49	0.427	0.449	714	759	-0.311858	0.065876	
A/Pigeon/Jiangxi/04.01__N	0.2656	0.2448	0.4235	0.3037	0.151	-0.104	0.352	50.93	0.431	0.451	707	750	-0.294933	0.066667	
A/pigeon/Jiangxi/S40784/2	0.2857	0.2341	0.4175	0.3015	0.150	-0.103	0.354	50.48	0.420	0.444	714	759	-0.314361	0.067194	
A/pigeon/Jilin/04.25_CCHL	0.2852	0.2337	0.4281	0.2939	0.151	-0.111	0.349	54.54	0.413	0.446	714	759	-0.316469	0.065876	
A/pigeon/Jilin/04.25_CCHL	0.2582	0.2513	0.4216	0.3083	0.145	-0.124	0.341	49.82	0.440	0.451	712	759	-0.325296	0.065876	
A/pigeon/Jilin/S4176/2019	0.2741	0.2362	0.4182	0.3125	0.148	-0.121	0.342	51.87	0.430	0.449	714	759	-0.308037	0.065876	
A/Pigeon/Shandong/WS17/20	0.2565	0.2496	0.4731	0.2583	0.150	-0.109	0.350	49.64	0.399	0.439	715	759	-0.330830	0.065876	
A/pigeon/Sichuan/04.27_NB	0.2899	0.2361	0.4274	0.2849	0.153	-0.106	0.353	52.76	0.409	0.446	706	749	-0.315755	0.066756	
A/pigeon/Sichuan/NCXN29/2	0.2904	0.2302	0.4310	0.2897	0.151	-0.112	0.349	53.43	0.406	0.442	716	759	-0.318445	0.065876	
A/pigeon/Zhejiang/112089/	0.2586	0.2500	0.4154	0.3133	0.144	-0.118	0.344	50.36	0.443	0.453	715	759	-0.332674	0.065876	
A/pigeon/Zhejiang/112090/	0.2622	0.2483	0.4216	0.3059	0.146	-0.122	0.342	49.84	0.436	0.451	711	759	-0.322925	0.065876	
A/pigeon/Zhejiang/727097/	0.2828	0.2345	0.4336	0.2875	0.152	-0.098	0.357	50.89	0.410	0.442	715	759	-0.335573	0.065876	
A/plateau_pika/Qinghai/04	0.2650	0.2444	0.4431	0.2888	0.158	-0.083	0.366	52.62	0.417	0.444	721	765	-0.318824	0.067974	
A/Quail/Guangxi/GX-2/2017	0.2855	0.2294	0.4480	0.2722	0.160	-0.085	0.365	50.95	0.395	0.442	704	749	-0.309212	0.066756	
A/quail/Jiangsu/k0104/201	0.2699	0.2422	0.4377	0.2894	0.160	-0.090	0.361	52.05	0.417	0.447	714	759	-0.331357	0.065876	
A/quail/Jiangxi/B9/2015_(	0.2556	0.2487	0.4235	0.3101	0.142	-0.120	0.343	51.92	0.439	0.453	715	759	-0.324901	0.065876	
A/quail/Nanchang/6631/201	0.2786	0.2393	0.4310	0.2886	0.151	-0.106	0.352	53.01	0.415	0.447	716	759	-0.334783	0.065876	
A/Quail/Zhanjiang/16887/2	0.2746	0.2366	0.4763	0.2509	0.158	-0.082	0.366	50.44	0.383	0.435	713	759	-0.341897	0.065876	
A/Quanzhou/2/2024|EPI_ISL	0.2933	0.2213	0.4310	0.2910	0.143	-0.115	0.346	49.68	0.402	0.439	714	759	-0.309750	0.068511	
A/Shandong/1/2009|EPI_ISL	0.2810	0.2397	0.4384	0.2781	0.154	-0.087	0.363	53.64	0.407	0.446	713	759	-0.321607	0.065876	
A/Shenzhen/1/2015|EPI_ISL	0.2702	0.2341	0.4235	0.3114	0.152	-0.096	0.357	50.73	0.428	0.450	715	759	-0.308827	0.065876	
A/Shenzhen/1/2016|EPI_ISL	0.2646	0.2423	0.4195	0.3132	0.152	-0.107	0.351	51.46	0.436	0.451	716	759	-0.309091	0.065876	
A/Shenzhen/TH001/2015_(H5	0.2702	0.2341	0.4252	0.3095	0.152	-0.098	0.355	50.56	0.427	0.449	715	759	-0.308827	0.065876	
A/Shenzhen/TH003/2016(H5N	0.2646	0.2405	0.4255	0.3077	0.150	-0.111	0.348	50.94	0.430	0.449	716	759	-0.301976	0.065876	
A/Shoveller/Ningxia/488-5	0.2887	0.2337	0.4336	0.2836	0.153	-0.106	0.352	54.92	0.405	0.441	716	759	-0.320158	0.065876	
A/Sichuan/1/2006|EPI_ISL_	0.2654	0.2500	0.4281	0.2925	0.159	-0.084	0.364	52.77	0.427	0.450	717	759	-0.319499	0.065876	
A/Sichuan/2/2006|EPI_ISL_	0.2654	0.2500	0.4281	0.2925	0.159	-0.084	0.364	52.92	0.427	0.450	717	759	-0.319499	0.065876	
A/Sichuan/26221/2014|EPI_	0.2869	0.2354	0.4300	0.2873	0.150	-0.105	0.352	53.21	0.410	0.444	715	759	-0.323584	0.065876	
A/silkie_chicken/Dongguan	0.2869	0.2354	0.4310	0.2878	0.153	-0.104	0.353	54.30	0.409	0.443	716	759	-0.318445	0.065876	
A/Spatula_querquedula/Cho	0.2672	0.2431	0.4317	0.2954	0.155	-0.098	0.356	51.79	0.424	0.448	713	759	-0.330039	0.065876	
A/Spoonbill/HK/17-18259/2	0.2732	0.2440	0.4175	0.3028	0.154	-0.084	0.364	50.20	0.430	0.450	714	759	-0.323452	0.067194	
A/spoonbill/Taiwan/DB645/	0.2702	0.2461	0.4192	0.3028	0.154	-0.092	0.360	50.24	0.431	0.450	714	759	-0.319368	0.067194	
A/spot_billed_duck/Ningxi	0.2702	0.2478	0.4293	0.2899	0.151	-0.106	0.352	49.72	0.423	0.447	714	759	-0.314097	0.065876	
A/spot-billed_duck/Ningxi	0.2698	0.2474	0.4218	0.2991	0.157	-0.080	0.366	50.39	0.429	0.448	715	759	-0.311067	0.067194	
A/Streptopelia_decaocto/J	0.2560	0.2509	0.4182	0.3138	0.145	-0.106	0.352	52.16	0.444	0.456	714	759	-0.317391	0.067194	
A/Streptopelia_decaocto/J	0.2609	0.2504	0.4226	0.3042	0.149	-0.113	0.348	50.04	0.437	0.451	712	759	-0.358893	0.064559	
A/Streptopelia_decaocto/J	0.2500	0.2534	0.4154	0.3181	0.143	-0.111	0.346	52.07	0.450	0.457	716	759	-0.306324	0.064559	
A/swan_goose/Jilin/JL01/2	0.2830	0.2401	0.4276	0.2891	0.150	-0.103	0.353	53.82	0.415	0.446	716	759	-0.320158	0.065876	
A/swan/China/ST/2016|EPI_	0.2741	0.2431	0.4158	0.3059	0.158	-0.078	0.368	52.30	0.431	0.451	714	759	-0.335178	0.065876	
A/swan/Hebei/B01/2021|EPI	0.2796	0.2384	0.4209	0.2978	0.150	-0.101	0.354	49.93	0.422	0.446	714	759	-0.319104	0.067194	
A/swan/Shandong/W3762/202	0.2724	0.2431	0.4401	0.2831	0.161	-0.075	0.370	52.15	0.413	0.446	714	759	-0.328327	0.065876	
A/swine/China/RZ/2018|EPI	0.2763	0.2314	0.4602	0.2712	0.155	-0.097	0.358	52.00	0.394	0.438	713	759	-0.330830	0.065876	
A/swine/Guangdong/1/2014|	0.2869	0.2354	0.4343	0.2847	0.153	-0.102	0.355	54.03	0.406	0.443	716	759	-0.314756	0.065876	
A/swine/Guangdong/2/2014|	0.2874	0.2358	0.4327	0.2865	0.153	-0.105	0.353	54.09	0.408	0.442	716	759	-0.317259	0.065876	
A/swine/Guangdong/G3/2015	0.2887	0.2320	0.4209	0.3019	0.150	-0.107	0.352	54.41	0.416	0.445	716	759	-0.310672	0.065876	
A/swine/Shandong/SD1/2014	0.2759	0.2379	0.4276	0.2972	0.159	-0.092	0.360	53.25	0.420	0.449	714	759	-0.324769	0.065876	
A/Syrrhaptes_paradoxus/Gu	0.2768	0.2318	0.4671	0.2615	0.157	-0.090	0.362	50.72	0.387	0.437	713	759	-0.332411	0.065876	
A/Taiwan/DV413/2006|EPI_I	0.2654	0.2449	0.4476	0.2796	0.154	-0.092	0.360	51.74	0.412	0.446	714	759	-0.304611	0.065876	
A/Taiwan/DV518/2006|EPI_I	0.2637	0.2432	0.4510	0.2796	0.154	-0.094	0.359	51.76	0.410	0.445	714	759	-0.304611	0.065876	
A/thrush/Taiwan/15120021/	0.2879	0.2345	0.4291	0.2878	0.153	-0.103	0.353	50.98	0.410	0.440	713	759	-0.327668	0.065876	
A/tiger/Yunnan/tig1404/20	0.2882	0.2367	0.4293	0.2860	0.152	-0.106	0.352	54.08	0.409	0.443	716	759	-0.308300	0.065876	
A/tiger/Yunnan/tig1412/20	0.2899	0.2298	0.4394	0.2799	0.153	-0.109	0.351	52.91	0.399	0.441	716	759	-0.326087	0.065876	
A/tiger/Yunnan/tig1508/20	0.2586	0.2483	0.4216	0.3107	0.146	-0.122	0.342	50.73	0.439	0.452	713	759	-0.329644	0.065876	
A/tundra_swan/Fujian/SD12	0.2595	0.2560	0.4235	0.2967	0.145	-0.118	0.343	50.06	0.436	0.453	714	759	-0.312648	0.065876	
A/tundra_swan/Hubei/BQ3/2	0.2813	0.2350	0.4226	0.2967	0.152	-0.096	0.357	50.34	0.419	0.447	714	759	-0.314493	0.067194	
A/tundra_swan/Hubei/BQ4/2	0.2830	0.2333	0.4226	0.2972	0.150	-0.096	0.357	50.26	0.417	0.446	714	759	-0.319499	0.067194	
A/tundra_swan/Hubei/BQ6/2	0.2830	0.2350	0.4175	0.3009	0.151	-0.096	0.357	50.37	0.422	0.447	714	759	-0.319499	0.067194	
A/tundra_swan/Hubei/BQ7/2	0.2830	0.2350	0.4175	0.3009	0.150	-0.098	0.356	50.28	0.422	0.447	714	759	-0.319499	0.067194	
A/tundra_swan/Hubei/BQ8/2	0.2813	0.2350	0.4175	0.3022	0.150	-0.100	0.354	51.47	0.423	0.448	714	759	-0.320290	0.065876	
A/tundra_swan/Hubei/BQ9/2	0.2791	0.2363	0.4209	0.2991	0.150	-0.095	0.357	50.11	0.422	0.448	714	759	-0.320290	0.067194	
A/turkey/Changhua/1601001	0.2845	0.2362	0.4175	0.3020	0.155	-0.096	0.357	51.44	0.422	0.445	714	759	-0.311594	0.065876	
A/turkey/Chiayi/17020092-	0.2724	0.2345	0.4098	0.3223	0.146	-0.127	0.339	51.02	0.438	0.452	713	759	-0.332675	0.065876	
A/turkey/Chiayi/18010013-	0.2781	0.2401	0.4274	0.2923	0.154	-0.105	0.353	51.97	0.419	0.444	712	759	-0.320158	0.065876	
A/turkey/Yunlin/15060049-	0.2832	0.2349	0.4233	0.2989	0.151	-0.112	0.348	51.01	0.418	0.443	713	759	-0.317391	0.065876	
A/turkey/Yunlin/18020020-	0.2781	0.2401	0.4240	0.2960	0.155	-0.103	0.354	51.93	0.421	0.445	712	759	-0.320158	0.065876	
A/turkey/Yunlin/18110001-	0.2781	0.2401	0.4223	0.3002	0.150	-0.118	0.345	51.92	0.424	0.444	713	759	-0.327273	0.065876	
A/turkey/Yunlin/18120005-	0.2806	0.2392	0.4192	0.2991	0.155	-0.092	0.360	52.48	0.423	0.448	714	759	-0.325955	0.065876	
A/turtle_dove/Guangdong/3	0.2654	0.2483	0.4314	0.2901	0.158	-0.094	0.358	52.64	0.424	0.449	717	759	-0.312121	0.065876	
A/turtle_dove/Hunan/S4004	0.2587	0.2465	0.4317	0.3028	0.146	-0.123	0.343	50.22	0.431	0.448	712	759	-0.333860	0.065876	
A/Waterfowl/Hubei/Chenhu1	0.2821	0.2376	0.4293	0.2891	0.147	-0.110	0.349	53.29	0.413	0.447	716	759	-0.321212	0.065876	
A/Waterfowl/Hubei/Chenhu1	0.2838	0.2359	0.4293	0.2891	0.146	-0.112	0.348	53.33	0.412	0.446	716	759	-0.321739	0.065876	
A/whiskered_tern/Hubei/BQ	0.2825	0.2346	0.4185	0.2991	0.150	-0.097	0.356	50.36	0.420	0.447	714	759	-0.309354	0.067194	
A/white_naped_crane/China	0.2781	0.2349	0.4611	0.2624	0.160	-0.079	0.369	50.22	0.391	0.440	713	759	-0.336759	0.065876	
A/White-eyed_Pochard/Ning	0.2887	0.2337	0.4336	0.2836	0.152	-0.111	0.349	55.01	0.405	0.441	716	759	-0.320158	0.065876	
A/whooper_swan/Henan/8/20	0.2655	0.2448	0.4435	0.2821	0.154	-0.100	0.355	51.01	0.415	0.446	713	759	-0.329381	0.065876	
A/whooper_swan/Henan/14/2	0.2655	0.2448	0.4435	0.2821	0.154	-0.103	0.353	50.96	0.415	0.446	713	759	-0.326482	0.065876	
A/whooper_swan/Henan/44/2	0.2655	0.2448	0.4435	0.2821	0.154	-0.100	0.355	51.01	0.415	0.446	713	759	-0.329381	0.065876	
A/whooper_swan/Henan/45/2	0.2655	0.2448	0.4435	0.2821	0.154	-0.100	0.355	51.01	0.415	0.446	713	759	-0.329381	0.065876	
A/whooper_swan/Henan/46/2	0.2655	0.2448	0.4435	0.2821	0.154	-0.100	0.355	51.01	0.415	0.446	713	759	-0.329381	0.065876	
A/whooper_swan/Henan/424/	0.2655	0.2448	0.4401	0.2857	0.154	-0.100	0.355	51.33	0.418	0.447	713	759	-0.329381	0.065876	
A/whooper_swan/Henan/SM1/	0.2813	0.2350	0.4209	0.2991	0.150	-0.101	0.354	50.20	0.420	0.446	714	759	-0.319499	0.067194	
A/whooper_swan/Henan/SM16	0.2813	0.2367	0.4192	0.2991	0.149	-0.101	0.354	50.24	0.422	0.447	714	759	-0.319499	0.067194	
A/whooper_swan/Henan/SM31	0.2813	0.2367	0.4192	0.2991	0.149	-0.101	0.354	50.24	0.422	0.447	714	759	-0.319499	0.067194	
A/whooper_swan/Henan/SM61	0.2830	0.2350	0.4192	0.2991	0.150	-0.098	0.356	50.20	0.420	0.446	714	759	-0.319499	0.067194	
A/whooper_swan/Henan/SM76	0.2818	0.2354	0.4209	0.2991	0.153	-0.096	0.357	50.46	0.420	0.446	714	759	-0.312648	0.067194	
A/whooper_swan/Henan/SM86	0.2830	0.2350	0.4175	0.3009	0.151	-0.096	0.357	50.20	0.422	0.447	714	759	-0.319499	0.067194	
A/whooper_swan/Henan/SM11	0.2830	0.2350	0.4192	0.2991	0.151	-0.096	0.357	50.28	0.420	0.447	714	759	-0.319499	0.067194	
A/whooper_swan/Henan/SMQ5	0.2830	0.2350	0.4192	0.2991	0.151	-0.096	0.357	50.28	0.420	0.447	714	759	-0.319499	0.067194	
A/whooper_swan/Henan/SMQ7	0.2830	0.2350	0.4192	0.2991	0.150	-0.098	0.356	50.20	0.420	0.446	714	759	-0.319499	0.067194	
A/whooper_swan/Henan/SMQ9	0.2830	0.2350	0.4175	0.3009	0.150	-0.098	0.356	50.28	0.422	0.447	714	759	-0.319499	0.067194	
A/whooper_swan/Henan/SMQ1	0.2830	0.2350	0.4175	0.3009	0.151	-0.096	0.357	50.37	0.422	0.447	714	759	-0.319499	0.067194	
A/whooper_swan/Henan/SMX1	0.2621	0.2483	0.4218	0.3047	0.144	-0.127	0.339	49.66	0.436	0.451	714	759	-0.325033	0.064559	
A/whooper_swan/Henan/SMX3	0.2625	0.2487	0.4242	0.3016	0.145	-0.124	0.341	49.70	0.433	0.451	713	759	-0.328063	0.064559	
A/whooper_swan/Henan/SMX4	0.2647	0.2474	0.4233	0.3016	0.144	-0.128	0.338	49.66	0.433	0.451	712	759	-0.331489	0.064559	
A/whooper_swan/Henan/SMX9	0.2608	0.2487	0.4228	0.3024	0.144	-0.123	0.341	49.59	0.435	0.452	713	759	-0.323716	0.063241	
A/whooper_swan/Henan/T578	0.2749	0.2320	0.4209	0.3095	0.154	-0.096	0.357	52.02	0.426	0.449	714	759	-0.326878	0.065876	
A/whooper_swan/Henan/T874	0.2749	0.2320	0.4209	0.3095	0.154	-0.096	0.357	52.02	0.426	0.449	714	759	-0.326878	0.065876	
A/whooper_swan/Henan/T880	0.2749	0.2320	0.4209	0.3095	0.154	-0.096	0.357	52.02	0.426	0.449	714	759	-0.326878	0.065876	
A/whooper_swan/Henan/T886	0.2749	0.2320	0.4209	0.3095	0.154	-0.096	0.357	52.02	0.426	0.449	714	759	-0.326878	0.065876	
A/whooper_swan/Henan/T888	0.2749	0.2320	0.4209	0.3095	0.154	-0.096	0.357	52.02	0.426	0.449	714	759	-0.326878	0.065876	
A/whooper_swan/Henan/Y120	0.2749	0.2320	0.4209	0.3095	0.154	-0.096	0.357	52.02	0.426	0.449	714	759	-0.326878	0.065876	
A/whooper_swan/Inner_Mong	0.2830	0.2350	0.4209	0.2972	0.151	-0.094	0.359	50.25	0.419	0.446	714	759	-0.319499	0.067194	
A/Whooper_Swan/Sanmenxia/	0.2759	0.2414	0.4158	0.3059	0.157	-0.080	0.367	52.04	0.430	0.450	714	759	-0.335178	0.065876	
A/Whooper_swan/Sanmenxia/	0.2813	0.2333	0.4192	0.3028	0.149	-0.099	0.356	50.47	0.422	0.447	714	759	-0.317918	0.067194	
A/Whooper_swan/Sanmenxia/	0.2864	0.2316	0.4242	0.2930	0.148	-0.105	0.352	49.81	0.413	0.444	714	759	-0.319895	0.067194	
A/Whooper_swan/Sanmenxia/	0.2830	0.2350	0.4175	0.3009	0.150	-0.098	0.356	50.28	0.422	0.447	714	759	-0.319499	0.067194	
A/Whooper_swan/Sanmenxia/	0.2864	0.2316	0.4242	0.2930	0.148	-0.105	0.352	49.81	0.413	0.444	714	759	-0.319895	0.067194	
A/Whooper_swan/Sanmenxia/	0.2830	0.2350	0.4192	0.2991	0.150	-0.098	0.356	50.20	0.420	0.446	714	759	-0.319499	0.067194	
A/Whooper_swan/Sanmenxia/	0.2813	0.2350	0.4175	0.3033	0.150	-0.099	0.356	50.62	0.423	0.447	714	759	-0.317523	0.067194	
A/Whooper_swan/Sanmenxia/	0.2813	0.2367	0.4175	0.3009	0.150	-0.096	0.357	50.29	0.423	0.447	714	759	-0.319499	0.067194	
A/Whooper_swan/Sanmenxia/	0.2830	0.2350	0.4192	0.2991	0.150	-0.098	0.356	50.20	0.420	0.446	714	759	-0.319499	0.067194	
A/Whooper_swan/Sanmenxia/	0.2847	0.2333	0.4209	0.2967	0.151	-0.098	0.356	50.20	0.417	0.446	714	759	-0.319895	0.067194	
A/Whooper_swan/Sanmenxia/	0.2847	0.2350	0.4158	0.3009	0.150	-0.097	0.357	50.50	0.422	0.446	714	759	-0.318445	0.067194	
A/Whooper_swan/Sanmenxia/	0.2830	0.2350	0.4175	0.3009	0.150	-0.098	0.356	50.28	0.422	0.447	714	759	-0.319499	0.067194	
A/Whooper_swan/Sanmenxia/	0.2813	0.2333	0.4192	0.3028	0.149	-0.099	0.356	50.47	0.422	0.447	714	759	-0.317918	0.067194	
A/Whooper_swan/Sanmenxia/	0.2830	0.2350	0.4192	0.2991	0.150	-0.098	0.356	50.20	0.420	0.446	714	759	-0.319499	0.067194	
A/Whooper_swan/Sanmenxia/	0.2830	0.2350	0.4192	0.2991	0.150	-0.098	0.356	50.31	0.420	0.446	714	759	-0.319499	0.067194	
A/Whooper_swan/Sanmenxia/	0.2830	0.2350	0.4192	0.2991	0.150	-0.098	0.356	50.20	0.420	0.446	714	759	-0.319499	0.067194	
A/Whooper_swan/Sanmenxia/	0.2813	0.2367	0.4192	0.2991	0.149	-0.101	0.354	50.24	0.422	0.447	714	759	-0.319499	0.067194	
A/Whooper_swan/Sanmenxia/	0.2830	0.2350	0.4192	0.2991	0.150	-0.098	0.356	50.20	0.420	0.446	714	759	-0.319499	0.067194	
A/Whooper_swan/Sanmenxia/	0.2813	0.2367	0.4192	0.2991	0.149	-0.101	0.354	50.24	0.422	0.447	714	759	-0.319499	0.067194	
A/Whooper_swan/Sanmenxia/	0.2830	0.2350	0.4192	0.2991	0.150	-0.099	0.356	50.12	0.420	0.446	714	759	-0.314624	0.067194	
A/Whooper_swan/Sanmenxia/	0.2813	0.2367	0.4192	0.2991	0.149	-0.101	0.354	50.24	0.422	0.447	714	759	-0.319499	0.067194	
A/Whooper_swan/Sanmenxia/	0.2830	0.2350	0.4175	0.3009	0.150	-0.098	0.356	50.28	0.422	0.447	714	759	-0.319499	0.067194	
A/Whooper_swan/Sanmenxia/	0.2818	0.2354	0.4226	0.2972	0.151	-0.101	0.354	50.09	0.419	0.445	714	759	-0.318709	0.067194	
A/Whooper_swan/Sanmenxia/	0.2830	0.2350	0.4192	0.2991	0.150	-0.098	0.356	50.20	0.420	0.446	714	759	-0.319499	0.067194	
A/whooper_swan/Shaanxi/SX	0.2835	0.2354	0.4175	0.3009	0.151	-0.096	0.357	50.36	0.422	0.446	714	759	-0.318709	0.067194	
A/whooper_swan/Shaanxi/SX	0.2830	0.2350	0.4175	0.3009	0.151	-0.096	0.357	50.37	0.422	0.447	714	759	-0.319499	0.067194	
A/whooper_swan/Shaanxi/SX	0.2830	0.2350	0.4192	0.2991	0.151	-0.096	0.357	50.28	0.420	0.447	714	759	-0.319499	0.067194	
A/whooper_swan/Shandong/S	0.2825	0.2329	0.4192	0.3009	0.148	-0.101	0.354	51.67	0.420	0.446	714	759	-0.319236	0.067194	
A/whooper_swan/Shandong/S	0.2825	0.2312	0.4182	0.3051	0.147	-0.104	0.353	51.75	0.422	0.446	714	759	-0.326746	0.067194	
A/whooper_swan/Shandong/S	0.2825	0.2329	0.4192	0.3009	0.148	-0.101	0.354	51.67	0.420	0.446	714	759	-0.319236	0.067194	
A/whooper_swan/Shandong/S	0.2685	0.2444	0.4276	0.2972	0.152	-0.105	0.352	51.35	0.426	0.448	714	759	-0.318445	0.065876	
A/whooper_swan/Shandong/S	0.2791	0.2380	0.4175	0.3009	0.149	-0.094	0.359	50.39	0.424	0.447	714	759	-0.322530	0.067194	
A/whooper_swan/Shandong/S	0.2808	0.2363	0.4175	0.3009	0.148	-0.098	0.356	50.42	0.423	0.447	714	759	-0.315415	0.067194	
A/whooper_swan/Shandong/S	0.2825	0.2346	0.4175	0.3009	0.148	-0.101	0.354	51.81	0.422	0.447	714	759	-0.315415	0.067194	
A/whooper_swan/Shanxi/4-1	0.2813	0.2367	0.4192	0.2991	0.149	-0.101	0.354	50.24	0.422	0.447	714	759	-0.319499	0.067194	
A/whooper_swan/Shanxi/4-2	0.2813	0.2367	0.4192	0.2991	0.149	-0.101	0.354	50.24	0.422	0.447	714	759	-0.319499	0.067194	
A/whooper_swan/Shanxi/14/	0.2655	0.2448	0.4435	0.2821	0.154	-0.100	0.355	51.01	0.415	0.446	713	759	-0.329381	0.065876	
A/whooper_swan/Shanxi/20/	0.2655	0.2448	0.4435	0.2821	0.154	-0.100	0.355	51.01	0.415	0.446	713	759	-0.329381	0.065876	
A/whooper_swan/Shanxi/RC0	0.2776	0.2414	0.4151	0.3035	0.158	-0.078	0.368	52.12	0.429	0.450	714	759	-0.331620	0.065876	
A/whooper_swan/Shanxi/SX1	0.2830	0.2350	0.4192	0.2985	0.150	-0.096	0.357	50.21	0.420	0.447	714	759	-0.326350	0.067194	
A/whooper_swan/Shanxi/SX3	0.2847	0.2333	0.4199	0.2996	0.151	-0.097	0.357	50.22	0.419	0.446	714	759	-0.320817	0.068511	
A/whooper_swan/Shanxi/SX5	0.2830	0.2350	0.4192	0.2985	0.150	-0.096	0.357	50.21	0.420	0.447	714	759	-0.326350	0.067194	
A/whooper_swan/Shanxi/SX1	0.2852	0.2337	0.4199	0.2991	0.152	-0.097	0.357	50.15	0.419	0.445	714	759	-0.331884	0.068511	
A/whooper_swan/Shanxi/SX1	0.2914	0.2172	0.4394	0.2899	0.145	-0.137	0.333	50.51	0.398	0.439	714	759	-0.318313	0.065876	
A/whooper_swan/Shanxi/SX1	0.2830	0.2350	0.4192	0.2991	0.151	-0.096	0.357	50.28	0.420	0.447	714	759	-0.319499	0.067194	
A/whooper_swan/Shanxi/SX2	0.2830	0.2350	0.4192	0.2991	0.150	-0.098	0.356	50.19	0.420	0.446	714	759	-0.320026	0.067194	
A/whooper_swan/Shanxi/SX2	0.2830	0.2350	0.4192	0.2991	0.150	-0.098	0.356	50.24	0.420	0.447	714	759	-0.319499	0.067194	
A/whooper_swan/Shanxi/SX2	0.2830	0.2350	0.4192	0.2991	0.151	-0.096	0.357	50.28	0.420	0.447	714	759	-0.319499	0.067194	
A/whooper_swan/Shanxi/SX2	0.2830	0.2333	0.4209	0.2991	0.150	-0.098	0.356	50.14	0.419	0.446	714	759	-0.319499	0.067194	
A/whooper_swan/Shanxi/SX2	0.2830	0.2316	0.4226	0.2991	0.150	-0.098	0.356	50.13	0.417	0.446	714	759	-0.319499	0.067194	
A/whooper_swan/Shanxi/SX2	0.2830	0.2350	0.4192	0.2991	0.151	-0.096	0.357	50.28	0.420	0.447	714	759	-0.319499	0.067194	
A/whooper_swan/Shanxi/SX3	0.2830	0.2333	0.4192	0.3009	0.151	-0.096	0.357	50.27	0.420	0.447	714	759	-0.318972	0.067194	
A/Wigeon/Ningxia/476-12/2	0.2887	0.2354	0.4303	0.2855	0.152	-0.109	0.351	55.14	0.408	0.442	716	759	-0.320158	0.065876	
A/wild_bird/Eastern_China	0.2801	0.2285	0.4293	0.2985	0.153	-0.103	0.353	50.96	0.415	0.446	714	759	-0.326746	0.065876	
A/wild_bird/Eastern_China	0.2766	0.2320	0.4293	0.2985	0.153	-0.098	0.356	51.01	0.417	0.447	714	759	-0.326746	0.065876	
A/wild_bird/Eastern_China	0.2801	0.2285	0.4293	0.2985	0.153	-0.103	0.353	50.96	0.415	0.446	714	759	-0.326746	0.065876	
A/wild_bird/Hubei/12.12_L	0.2707	0.2431	0.4259	0.2991	0.156	-0.085	0.364	51.00	0.426	0.448	714	759	-0.328195	0.065876	
A/wild_bird/Hunan/01.14_Y	0.2781	0.2280	0.4687	0.2643	0.157	-0.087	0.363	50.52	0.386	0.435	713	759	-0.333201	0.065876	
A/wild_bird/Hunan/01.14_Y	0.2867	0.2142	0.4585	0.2804	0.153	-0.111	0.349	51.75	0.387	0.435	713	759	-0.333597	0.065876	
A/wild_bird/Hunan/02.24_Y	0.2759	0.2293	0.4721	0.2606	0.156	-0.085	0.365	50.57	0.384	0.435	713	759	-0.333992	0.065876	
A/wild_bird/Hunan/02.24_Y	0.2759	0.2293	0.4721	0.2606	0.156	-0.085	0.365	50.57	0.384	0.435	713	759	-0.333992	0.065876	
A/wild_bird/Hunan/03.08_D	0.2759	0.2293	0.4721	0.2606	0.156	-0.085	0.365	50.57	0.384	0.435	713	759	-0.333992	0.065876	
A/wild_bird/Taipei/04WB12	0.2660	0.2366	0.4226	0.3162	0.150	-0.114	0.347	50.35	0.433	0.450	714	759	-0.314624	0.067194	
A/wild_bird/Zhejiang/NBXS	0.2766	0.2337	0.4501	0.2766	0.150	-0.112	0.347	51.60	0.402	0.443	714	759	-0.333333	0.067194	
A/wild_duck/Fujian/1/2011	0.2821	0.2376	0.4259	0.2941	0.150	-0.106	0.351	52.61	0.417	0.447	717	759	-0.338208	0.067194	
A/wild_duck/Fujian/2/2011	0.2842	0.2363	0.4242	0.2965	0.152	-0.103	0.354	52.65	0.417	0.446	717	759	-0.335968	0.067194	
A/wild_duck/Hebei/SD012/2	0.2624	0.2504	0.4195	0.3040	0.143	-0.127	0.338	49.98	0.436	0.453	715	759	-0.312385	0.065876	
A/wild_duck/Hunan/12.28_D	0.2759	0.2379	0.4054	0.3217	0.149	-0.123	0.342	50.76	0.439	0.453	713	759	-0.330830	0.067194	
A/wild_duck/Jiangsu/SD019	0.2813	0.2350	0.4226	0.2978	0.148	-0.102	0.354	49.92	0.419	0.445	714	759	-0.318050	0.067194	
A/wild_duck/Jilin/HF/2011	0.2624	0.2573	0.4351	0.2844	0.166	-0.046	0.387	53.55	0.426	0.450	716	759	-0.322925	0.065876	
A/wild_duck/Jilin/ZF/2011	0.2710	0.2470	0.4310	0.2891	0.157	-0.078	0.368	53.34	0.421	0.447	715	759	-0.314097	0.065876	
A/wild_duck/Shandong/1/20	0.2702	0.2496	0.4428	0.2752	0.161	-0.074	0.369	54.24	0.413	0.446	715	759	-0.313571	0.065876	
A/wild_duck/Shandong/2/20	0.2727	0.2453	0.4353	0.2834	0.161	-0.070	0.373	53.06	0.416	0.447	716	759	-0.328590	0.064559	
A/wild_duck/Shandong/628/	0.2568	0.2517	0.4446	0.2826	0.159	-0.094	0.358	51.18	0.420	0.449	716	759	-0.301976	0.065876	
A/wild_duck/Shandong/SC17	0.2825	0.2329	0.4192	0.3009	0.148	-0.101	0.354	51.67	0.420	0.446	714	759	-0.319236	0.067194	
A/wild_goose/Shandong/SC1	0.2808	0.2363	0.4175	0.3009	0.149	-0.096	0.357	50.42	0.423	0.447	714	759	-0.319236	0.067194	
A/wild_pigeon/Jilin/CC01/	0.2955	0.2354	0.4202	0.2897	0.151	-0.107	0.352	54.58	0.411	0.443	716	759	-0.334387	0.064559	
A/wildfowl/China/472/2014	0.2832	0.2228	0.4360	0.2963	0.151	-0.092	0.358	53.56	0.406	0.441	712	759	-0.291304	0.065876	
A/Xinjiang/1/2006|EPI_ISL	0.2702	0.2513	0.4403	0.2752	0.159	-0.084	0.365	52.33	0.414	0.445	715	759	-0.322793	0.065876	
A/Xinjiang/1/2009|EPI_ISL	0.2676	0.2521	0.4312	0.2852	0.160	-0.065	0.376	53.43	0.423	0.449	716	759	-0.325692	0.065876	
A/Yunnan/14563/2015|EPI_I	0.2719	0.2444	0.4101	0.3138	0.151	-0.094	0.358	51.68	0.438	0.451	715	759	-0.297101	0.065876	
A/Yunnan/DQ002/2015(H5N6)	0.2685	0.2461	0.4067	0.3193	0.150	-0.097	0.357	51.65	0.443	0.453	715	759	-0.300264	0.065876	
A/Zhejiang/1/2006|EPI_ISL	0.2654	0.2500	0.4264	0.2933	0.159	-0.091	0.360	52.76	0.428	0.451	717	759	-0.326746	0.065876	
A/Anas_platyrhynchos/jiuj	0.2672	0.2431	0.4317	0.2954	0.155	-0.098	0.356	51.79	0.424	0.448	713	759	-0.330039	0.065876	
A/Anas_crecca/Hubei/Chenh	0.2838	0.2359	0.4317	0.2878	0.148	-0.111	0.349	53.35	0.411	0.445	716	759	-0.331225	0.065876	
A/Anhui/1/2006_H5N1|GCA_0	0.2729	0.2470	0.4283	0.2910	0.156	-0.084	0.365	54.22	0.422	0.451	713	759	-0.314361	0.065876	
A/Anhui/1/2007_H5N1|GCA_0	0.2651	0.2530	0.4310	0.2875	0.160	-0.085	0.364	52.90	0.426	0.452	714	759	-0.309750	0.065876	
A/Anhui/2/2005_H5N1|GCA_0	0.2620	0.2534	0.4338	0.2870	0.159	-0.087	0.363	52.69	0.425	0.450	717	759	-0.321739	0.067194	
A/Anser_cygnoides/China/P	0.2887	0.2337	0.4343	0.2841	0.150	-0.114	0.348	54.18	0.405	0.442	716	759	-0.318445	0.065876	
A/Anser_cygnoides/Hubei/F	0.2698	0.2440	0.4250	0.3002	0.155	-0.087	0.363	50.98	0.427	0.448	714	759	-0.317128	0.065876	
A/Anser_fabalis/jiujiang/	0.2672	0.2431	0.4317	0.2954	0.155	-0.098	0.356	51.79	0.424	0.448	713	759	-0.330039	0.065876	
A/Anser_fabalis/jiujiang/	0.2672	0.2431	0.4317	0.2954	0.155	-0.098	0.356	51.79	0.424	0.448	713	759	-0.330039	0.065876	
A/Anser_fabalis/jiujiang/	0.2672	0.2431	0.4317	0.2954	0.155	-0.098	0.356	51.79	0.424	0.448	713	759	-0.330039	0.065876	
A/Bulbul/Taiwan/01156/201	0.2685	0.2427	0.3983	0.3291	0.146	-0.125	0.340	51.31	0.450	0.456	714	759	-0.330040	0.064559	
A/Changsha/1/2014_H5N6|GC	0.2921	0.2302	0.4303	0.2873	0.151	-0.112	0.349	54.08	0.405	0.443	716	759	-0.313966	0.064559	
A/China/Original/2018_H5N	0.2729	0.2314	0.4627	0.2717	0.155	-0.096	0.358	51.44	0.395	0.439	712	759	-0.336891	0.065876	
A/Chlidonias_hybrida/Hube	0.2830	0.2298	0.4158	0.3077	0.153	-0.093	0.359	50.54	0.423	0.448	714	759	-0.322793	0.065876	
A/Commom_Teal/Ningxia/474	0.2887	0.2354	0.4303	0.2855	0.152	-0.109	0.351	55.14	0.408	0.442	716	759	-0.320158	0.065876	
A/Copsychus_saularis/Guan	0.2887	0.2354	0.4310	0.2860	0.150	-0.114	0.348	54.35	0.408	0.443	716	759	-0.318445	0.065876	
A/Cygnus_atratus/Hubei/2Z	0.2771	0.2392	0.4158	0.3047	0.156	-0.082	0.366	52.24	0.429	0.451	714	759	-0.337286	0.065876	
A/Cygnus_atratus/Hubei/HF	0.2771	0.2392	0.4141	0.3066	0.156	-0.082	0.366	52.13	0.430	0.451	714	759	-0.337286	0.065876	
A/Cygnus_columbianus/Hube	0.2791	0.2363	0.4209	0.2985	0.150	-0.098	0.356	50.08	0.422	0.448	714	759	-0.320685	0.067194	
A/Cygnus_columbianus/Hube	0.2813	0.2367	0.4192	0.2991	0.149	-0.101	0.354	50.21	0.422	0.447	714	759	-0.314098	0.067194	
A/Cygnus_columbianus/Hube	0.2813	0.2350	0.4226	0.2972	0.150	-0.098	0.356	50.17	0.419	0.446	714	759	-0.319499	0.067194	
A/Cygnus_columbianus/Hube	0.2830	0.2333	0.4226	0.2972	0.149	-0.098	0.356	50.17	0.417	0.445	714	759	-0.319499	0.067194	
A/Cygnus_columbianus/Hube	0.2830	0.2350	0.4192	0.2991	0.150	-0.098	0.356	50.20	0.420	0.446	714	759	-0.319499	0.067194	
A/Cygnus_columbianus/Hube	0.2813	0.2350	0.4175	0.3022	0.149	-0.103	0.353	50.23	0.423	0.448	714	759	-0.319895	0.067194	
A/Cygnus_columbianus/Hube	0.2796	0.2384	0.4199	0.2996	0.150	-0.097	0.357	50.19	0.423	0.447	714	759	-0.329644	0.067194	
A/Duck/Dongting/D76-1/201	0.2759	0.2379	0.4054	0.3217	0.149	-0.123	0.342	50.76	0.439	0.453	713	759	-0.330830	0.067194	
A/Duck/Jiangxi/631/2024_H	0.2793	0.2276	0.4476	0.2836	0.144	-0.135	0.335	51.33	0.401	0.440	713	759	-0.327800	0.065876	
A/Falcated_Duck/Ningxia/4	0.2887	0.2320	0.4319	0.2873	0.151	-0.111	0.349	54.88	0.406	0.442	716	759	-0.320158	0.065876	
A/Ferruginous_Pochard/Nin	0.2887	0.2337	0.4336	0.2836	0.152	-0.111	0.349	55.01	0.405	0.441	716	759	-0.320158	0.065876	
A/Gadwall/Ningxia/472-7/2	0.2887	0.2354	0.4303	0.2855	0.152	-0.106	0.352	54.84	0.408	0.442	716	759	-0.320158	0.065876	
A/Gallinula_chloropus/Gua	0.2904	0.2337	0.4310	0.2860	0.150	-0.116	0.346	54.33	0.406	0.442	716	759	-0.318445	0.065876	
A/Guangdong/1/2008_H5N1|G	0.2763	0.2453	0.4435	0.2721	0.158	-0.080	0.367	53.33	0.407	0.446	713	759	-0.321476	0.067194	
A/Guangdong/2/2006_H5N1|G	0.2651	0.2547	0.4310	0.2875	0.161	-0.077	0.369	52.56	0.427	0.450	715	759	-0.317655	0.065876	
A/Guangdong/lgf/2021_H5N6	0.2847	0.2316	0.4226	0.2978	0.148	-0.098	0.356	49.89	0.416	0.444	714	759	-0.313175	0.067194	
A/Guangxi/1/2005_H5N1|GCA	0.2655	0.2534	0.4293	0.2888	0.161	-0.079	0.368	52.44	0.427	0.450	714	759	-0.337418	0.065876	
A/Guangxi/1/2008_H5N1|GCA	0.2702	0.2444	0.4269	0.2972	0.156	-0.094	0.359	52.88	0.425	0.449	715	759	-0.318972	0.065876	
A/Guangzhou/39715/2014_H5	0.2796	0.2419	0.4319	0.2873	0.153	-0.101	0.356	54.10	0.414	0.445	717	759	-0.322398	0.065876	
A/Guizhou/1/2009_H5N1|GCA	0.2707	0.2500	0.4418	0.2739	0.158	-0.072	0.372	52.01	0.412	0.447	713	759	-0.326087	0.064559	
A/Hunan/1/2008_H5N1|GCA_0	0.2815	0.2349	0.4384	0.2831	0.156	-0.102	0.355	53.51	0.407	0.445	713	759	-0.322398	0.067194	
A/Hunan/2/2009_H5N1|GCA_0	0.2729	0.2504	0.4401	0.2744	0.158	-0.075	0.370	52.23	0.412	0.446	713	759	-0.325428	0.064559	
A/Japanese_white-eye/Taoy	0.2740	0.2414	0.4266	0.2978	0.153	-0.105	0.352	53.57	0.423	0.450	716	759	-0.338472	0.065876	
A/Nanjing/1/2015_H5N1|GCA	0.2561	0.2491	0.4223	0.3125	0.145	-0.127	0.340	50.71	0.441	0.452	712	759	-0.331752	0.065876	
A/Northern_Shoveler/Ningx	0.2887	0.2337	0.4336	0.2836	0.153	-0.106	0.352	54.92	0.405	0.441	716	759	-0.320158	0.065876	
A/Pavo_cristatus/China/JS	0.2781	0.2349	0.4611	0.2624	0.160	-0.079	0.369	50.22	0.391	0.440	713	759	-0.336759	0.065876	
A/Pavo_cristatus/China/K1	0.2781	0.2349	0.4611	0.2624	0.160	-0.079	0.369	50.22	0.391	0.440	713	759	-0.336759	0.065876	
A/Pavo_cristatus/Jiangxi/	0.2763	0.2297	0.4704	0.2620	0.157	-0.087	0.363	50.51	0.386	0.436	713	759	-0.333597	0.065876	
A/Rattus_norvegicus/China	0.2845	0.2293	0.4610	0.2638	0.158	-0.075	0.370	50.16	0.387	0.437	713	759	-0.330303	0.065876	
A/Shandong/1/2009_H5N1|GC	0.2810	0.2397	0.4384	0.2781	0.154	-0.087	0.363	53.64	0.407	0.446	713	759	-0.321607	0.065876	
A/Spatula_querquedula/cho	0.2672	0.2431	0.4317	0.2954	0.155	-0.098	0.356	51.79	0.424	0.448	713	759	-0.330039	0.065876	
A/Syrrhaptes_paradoxus/Gu	0.2768	0.2318	0.4671	0.2615	0.157	-0.090	0.362	50.72	0.387	0.437	713	759	-0.332411	0.065876	
A/Taiwan/DV413/2006_H5N2|	0.2654	0.2449	0.4476	0.2796	0.154	-0.092	0.360	51.74	0.412	0.446	714	759	-0.304611	0.065876	
A/Taiwan/DV518/2006_H5N2|	0.2637	0.2432	0.4510	0.2796	0.154	-0.094	0.359	51.76	0.410	0.445	714	759	-0.304611	0.065876	
A/Whooper_Swan/Sanmenxia/	0.2759	0.2414	0.4158	0.3059	0.157	-0.080	0.367	52.04	0.430	0.450	714	759	-0.335178	0.065876	
A/Wild_bird/Huadong/CIXI2	0.2818	0.2354	0.4192	0.3009	0.151	-0.101	0.354	50.30	0.422	0.445	714	759	-0.306719	0.067194	
A/Wild_bird/Huadong/CM120	0.2630	0.2439	0.4240	0.3088	0.145	-0.124	0.341	50.74	0.434	0.450	712	759	-0.331752	0.065876	
A/Wild_bird/Huadong/DF10/	0.2724	0.2397	0.4636	0.2625	0.157	-0.080	0.367	51.34	0.394	0.439	713	759	-0.330171	0.065876	
A/Wild_bird/Huadong/DT10/	0.2707	0.2379	0.4192	0.3119	0.149	-0.128	0.338	51.50	0.431	0.449	714	759	-0.297760	0.065876	
A/Wild_bird/Huadong/GY116	0.2702	0.2410	0.4636	0.2625	0.156	-0.080	0.367	51.36	0.396	0.440	713	759	-0.326087	0.065876	
A/Wild_bird/Huadong/GY183	0.2874	0.2220	0.4688	0.2601	0.154	-0.091	0.361	50.26	0.378	0.432	715	759	-0.326746	0.065876	
A/Wild_bird/Huadong/GY999	0.2776	0.2362	0.4679	0.2541	0.157	-0.074	0.370	50.23	0.386	0.437	713	759	-0.336627	0.067194	
A/Wild_bird/Huadong/JYWB4	0.2791	0.2380	0.4266	0.2965	0.155	-0.089	0.362	53.46	0.419	0.448	716	759	-0.338076	0.065876	
A/Wild_bird/Huadong/QP10/	0.2806	0.2272	0.4662	0.2625	0.154	-0.091	0.360	50.50	0.384	0.436	713	759	-0.324374	0.065876	
A/Wild_bird/Huadong/SH17/	0.2724	0.2397	0.4636	0.2625	0.157	-0.080	0.367	51.34	0.394	0.439	713	759	-0.330171	0.065876	
A/Wild_bird/Huadong/SSW7/	0.2798	0.2280	0.4738	0.2565	0.157	-0.085	0.365	50.94	0.380	0.434	713	759	-0.333597	0.065876	
A/Wild_bird/Huadong/SZ111	0.2806	0.2272	0.4662	0.2625	0.154	-0.091	0.360	50.50	0.384	0.436	713	759	-0.324374	0.065876	
A/Wild_bird/Huadong/YC148	0.2798	0.2280	0.4738	0.2565	0.157	-0.085	0.365	50.94	0.380	0.434	713	759	-0.333597	0.065876	
A/Wild_bird/Huadong/YX68/	0.2724	0.2397	0.4636	0.2625	0.157	-0.080	0.367	51.34	0.394	0.439	713	759	-0.330171	0.065876	
A/Xinjiang/1/2009_H5N1|GC	0.2676	0.2521	0.4312	0.2852	0.160	-0.065	0.376	53.43	0.423	0.449	716	759	-0.325692	0.065876	
A/Yangzhou/125/2022_H5N6|	0.2543	0.2440	0.4672	0.2702	0.146	-0.117	0.345	50.57	0.404	0.443	715	759	-0.328722	0.065876	
A/avian/Hong_Kong/0719/20	0.2685	0.2461	0.4319	0.2912	0.155	-0.093	0.359	52.60	0.422	0.449	715	759	-0.323847	0.065876	
A/avian/Hong_Kong/1993/20	0.2690	0.2466	0.4336	0.2894	0.158	-0.089	0.362	52.64	0.421	0.448	715	759	-0.321871	0.065876	
A/avian/Hong_Kong/2372/20	0.2690	0.2466	0.4353	0.2875	0.158	-0.089	0.362	52.45	0.420	0.448	715	759	-0.321871	0.065876	
A/baikal_teal/Xianghai/42	0.2612	0.2405	0.4175	0.3193	0.148	-0.112	0.349	50.40	0.440	0.455	714	759	-0.333597	0.065876	
A/bar-headed_goose/Qingha	0.2715	0.2509	0.4377	0.2755	0.160	-0.080	0.366	52.51	0.415	0.448	715	759	-0.338999	0.065876	
A/bar-headed_goose/Tibet/	0.2630	0.2595	0.4420	0.2747	0.162	-0.079	0.369	52.64	0.420	0.446	715	759	-0.330435	0.067194	
A/black_chicken/Jiangxi/1	0.2864	0.2350	0.4310	0.2868	0.151	-0.102	0.355	53.30	0.409	0.445	716	759	-0.327009	0.065876	
A/brown-headed_gull/Qingh	0.2779	0.2384	0.4394	0.2802	0.160	-0.074	0.371	52.97	0.408	0.445	715	759	-0.319895	0.067194	
A/brown-headed_gull/Qingh	0.2713	0.2474	0.4351	0.2831	0.161	-0.064	0.376	52.56	0.418	0.448	716	759	-0.309486	0.064559	
A/canvasback/Xianghai/428	0.2633	0.2513	0.3973	0.3278	0.149	-0.109	0.350	51.74	0.455	0.459	714	759	-0.331884	0.065876	
A/cat/Sichuan/SC18/2014_H	0.2869	0.2354	0.4334	0.2836	0.150	-0.105	0.352	53.10	0.407	0.444	715	759	-0.323584	0.065876	
A/cat/Zhejiang/C1/2016_H5	0.2607	0.2436	0.4346	0.2985	0.150	-0.102	0.352	50.72	0.426	0.449	716	759	-0.300132	0.065876	
A/cat/Zhejiang/C2/2016_H5	0.2612	0.2440	0.4346	0.2980	0.151	-0.108	0.349	50.77	0.426	0.449	716	759	-0.306324	0.065876	
A/chicken/Anhui/MZ33/2016	0.2702	0.2392	0.4252	0.3040	0.151	-0.098	0.355	50.98	0.427	0.449	715	759	-0.309354	0.065876	
A/chicken/Anhui/MZ34/2016	0.2702	0.2392	0.4252	0.3040	0.151	-0.098	0.355	50.98	0.427	0.449	715	759	-0.309354	0.065876	
A/chicken/Beijing/BJ7/201	0.2762	0.2316	0.4223	0.3105	0.147	-0.115	0.345	50.44	0.424	0.447	714	759	-0.303821	0.065876	
A/chicken/CH/a556/2015_H5	0.2934	0.2326	0.4510	0.2615	0.163	-0.100	0.355	49.96	0.388	0.436	712	759	-0.309091	0.065876	
A/chicken/Changhua/150101	0.2867	0.2349	0.4216	0.2965	0.153	-0.105	0.352	51.21	0.417	0.443	713	759	-0.317786	0.065876	
A/chicken/Changhua/150102	0.2862	0.2345	0.4240	0.2952	0.151	-0.112	0.348	51.03	0.415	0.442	713	759	-0.320685	0.065876	
A/chicken/Changhua/150103	0.2889	0.2318	0.4240	0.2952	0.152	-0.109	0.350	51.16	0.413	0.442	712	759	-0.320290	0.065876	
A/chicken/Changhua/150103	0.2850	0.2349	0.4257	0.2952	0.152	-0.107	0.351	50.78	0.415	0.442	713	759	-0.321476	0.065876	
A/chicken/Changhua/150103	0.2850	0.2366	0.4266	0.2910	0.152	-0.110	0.349	50.82	0.414	0.442	713	759	-0.318313	0.065876	
A/chicken/Changhua/150103	0.2828	0.2379	0.4250	0.2928	0.151	-0.106	0.351	51.26	0.417	0.443	713	759	-0.316074	0.064559	
A/chicken/Changhua/150400	0.2568	0.2517	0.4579	0.2689	0.156	-0.105	0.351	49.69	0.410	0.445	715	759	-0.308564	0.065876	
A/chicken/Changhua/150400	0.2564	0.2513	0.4596	0.2670	0.155	-0.112	0.347	49.49	0.408	0.445	715	759	-0.306061	0.065876	
A/chicken/Changhua/150400	0.2568	0.2517	0.4579	0.2689	0.157	-0.108	0.350	49.53	0.410	0.445	715	759	-0.305270	0.065876	
A/chicken/Changhua/150400	0.2568	0.2517	0.4579	0.2689	0.157	-0.108	0.350	49.53	0.410	0.445	715	759	-0.305270	0.065876	
A/chicken/Changhua/150500	0.2879	0.2328	0.4223	0.2970	0.151	-0.112	0.348	51.27	0.415	0.443	713	759	-0.317391	0.065876	
A/chicken/Changhua/150500	0.2551	0.2534	0.4562	0.2707	0.155	-0.112	0.347	49.58	0.413	0.446	715	759	-0.305270	0.065876	
A/chicken/Changhua/150600	0.2879	0.2328	0.4223	0.2970	0.151	-0.112	0.348	51.27	0.415	0.443	713	759	-0.317391	0.065876	
A/chicken/Changhua/150600	0.2564	0.2530	0.4512	0.2744	0.155	-0.112	0.347	49.86	0.415	0.448	715	759	-0.301054	0.065876	
A/chicken/Changhua/150600	0.2879	0.2328	0.4223	0.2970	0.151	-0.112	0.348	51.27	0.415	0.443	713	759	-0.317391	0.065876	
A/chicken/Changhua/151200	0.2850	0.2383	0.4216	0.2952	0.155	-0.098	0.356	51.20	0.418	0.444	713	759	-0.314624	0.065876	
A/chicken/Changhua/160100	0.2828	0.2345	0.4274	0.2952	0.151	-0.112	0.348	50.88	0.415	0.442	713	759	-0.318445	0.065876	
A/chicken/Changhua/170600	0.2936	0.2228	0.4250	0.2978	0.147	-0.127	0.339	50.49	0.408	0.440	713	759	-0.325296	0.065876	
A/chicken/Changhua/180400	0.2803	0.2388	0.4257	0.2965	0.155	-0.109	0.351	51.93	0.419	0.444	713	759	-0.322661	0.065876	
A/chicken/Chiayi/15010287	0.2862	0.2345	0.4240	0.2952	0.151	-0.112	0.348	51.03	0.415	0.442	713	759	-0.320685	0.065876	
A/chicken/Chiayi/15010409	0.2837	0.2370	0.4291	0.2897	0.153	-0.109	0.350	50.65	0.413	0.442	712	759	-0.309354	0.065876	
A/chicken/Chiayi/15010454	0.2568	0.2517	0.4562	0.2707	0.155	-0.112	0.347	49.59	0.411	0.446	715	759	-0.305270	0.065876	
A/chicken/Chiayi/17040009	0.2798	0.2383	0.4223	0.3002	0.153	-0.113	0.348	51.70	0.422	0.444	713	759	-0.324506	0.065876	
A/chicken/Chiayi/18120003	0.2810	0.2362	0.4233	0.2978	0.153	-0.094	0.359	51.90	0.419	0.446	713	759	-0.328985	0.065876	
A/chicken/China/007/2019_	0.2741	0.2328	0.4578	0.2731	0.153	-0.101	0.355	51.65	0.397	0.440	713	759	-0.335310	0.065876	
A/chicken/China/1101/2019	0.2754	0.2324	0.4602	0.2699	0.151	-0.095	0.358	51.07	0.394	0.440	713	759	-0.333729	0.065876	
A/chicken/China/Cangzhou0	0.2685	0.2427	0.4334	0.2923	0.152	-0.103	0.353	51.29	0.421	0.448	713	759	-0.335441	0.065876	
A/chicken/China/E93/2012_	0.2719	0.2496	0.4435	0.2744	0.162	-0.065	0.375	53.89	0.411	0.444	715	759	-0.308696	0.065876	
A/chicken/China/E96/2012_	0.2724	0.2483	0.4428	0.2762	0.160	-0.070	0.372	53.94	0.411	0.444	715	759	-0.308696	0.065876	
A/chicken/Chiping/0321/20	0.2710	0.2350	0.4216	0.3112	0.147	-0.111	0.347	50.51	0.429	0.449	714	759	-0.310935	0.065876	
A/chicken/Dongguan/2690/2	0.2887	0.2337	0.4327	0.2860	0.151	-0.111	0.349	54.36	0.406	0.442	716	759	-0.315283	0.065876	
A/chicken/Dongguan/3363/2	0.2904	0.2320	0.4327	0.2860	0.151	-0.109	0.351	54.18	0.405	0.441	716	759	-0.321739	0.065876	
A/chicken/Dongguan/4259/2	0.2921	0.2302	0.4293	0.2891	0.151	-0.116	0.346	54.22	0.406	0.443	716	759	-0.318840	0.065876	
A/chicken/Eastern_China/H	0.2737	0.2392	0.4178	0.3095	0.153	-0.090	0.360	51.24	0.430	0.449	716	759	-0.311199	0.065876	
A/chicken/Eastern_China/Q	0.2759	0.2362	0.4195	0.3090	0.154	-0.095	0.358	50.96	0.427	0.448	716	759	-0.313966	0.065876	
A/chicken/Eastern_China/Z	0.2732	0.2509	0.4274	0.2857	0.164	-0.067	0.375	53.56	0.423	0.452	714	759	-0.328195	0.065876	
A/chicken/Eastern_China/Z	0.2746	0.2487	0.4343	0.2797	0.163	-0.069	0.374	53.02	0.416	0.448	714	759	-0.330830	0.065876	
A/chicken/Fujian/1/2007_H	0.2621	0.2603	0.4358	0.2799	0.163	-0.068	0.374	53.29	0.425	0.449	713	759	-0.325560	0.065876	
A/chicken/Fujian/11.23_FZ	0.2793	0.2328	0.4645	0.2587	0.157	-0.085	0.365	50.05	0.387	0.439	713	759	-0.327273	0.065876	
A/chicken/GY/a451/2015_H5	0.2929	0.2288	0.4527	0.2638	0.160	-0.102	0.354	49.87	0.386	0.436	712	759	-0.309486	0.065876	
A/chicken/Gansu/5/2012_H5	0.2719	0.2496	0.4418	0.2739	0.161	-0.072	0.370	54.06	0.412	0.445	714	759	-0.307246	0.065876	
A/chicken/Gansu/6/2012_H5	0.2690	0.2517	0.4411	0.2771	0.162	-0.063	0.376	54.35	0.415	0.446	715	759	-0.316074	0.065876	
A/chicken/Ganzhou/GZ27/20	0.2702	0.2513	0.4266	0.2904	0.159	-0.078	0.368	53.94	0.426	0.450	714	759	-0.324374	0.065876	
A/chicken/Guangdong/1/200	0.2690	0.2483	0.4428	0.2771	0.158	-0.091	0.361	52.37	0.413	0.445	714	759	-0.320685	0.065876	
A/chicken/Guangdong/GD160	0.2672	0.2414	0.4245	0.3053	0.150	-0.100	0.354	50.98	0.429	0.450	715	759	-0.309354	0.065876	
A/chicken/Guangxi/16/2019	0.2953	0.2176	0.4576	0.2704	0.157	-0.080	0.367	50.33	0.381	0.433	713	759	-0.327141	0.065876	
A/chicken/Guangxi/S2039/2	0.2740	0.2449	0.4226	0.2972	0.155	-0.093	0.359	53.58	0.426	0.451	716	759	-0.327800	0.065876	
A/chicken/Guizhou/7/2008_	0.2646	0.2560	0.4238	0.2896	0.158	-0.079	0.368	53.19	0.431	0.454	715	759	-0.314361	0.065876	
A/chicken/Hebei/1102-MA/2	0.2776	0.2293	0.4148	0.3180	0.150	-0.112	0.348	50.90	0.429	0.449	713	759	-0.314625	0.065876	
A/chicken/Hebei/1102/2010	0.2776	0.2293	0.4148	0.3180	0.149	-0.115	0.346	50.90	0.429	0.450	713	759	-0.314098	0.065876	
A/chicken/Hebei/3/2013_H5	0.2698	0.2405	0.4223	0.3081	0.152	-0.100	0.354	51.20	0.430	0.448	714	759	-0.307905	0.065876	
A/chicken/Hebei/A-8/2009_	0.2664	0.2578	0.4195	0.2972	0.162	-0.067	0.375	54.58	0.435	0.451	715	759	-0.309618	0.065876	
A/chicken/Heilongjiang/S7	0.2899	0.2316	0.4327	0.2865	0.149	-0.114	0.348	54.36	0.405	0.441	716	759	-0.318841	0.065876	
A/chicken/Henan/A-7/2006_	0.2638	0.2552	0.4379	0.2802	0.162	-0.081	0.366	52.45	0.421	0.447	715	759	-0.313175	0.064559	
A/chicken/Henan/Q7/2013_H	0.2732	0.2337	0.4216	0.3112	0.148	-0.109	0.349	50.37	0.427	0.448	714	759	-0.310145	0.065876	
A/chicken/Henan/YB0597/20	0.2698	0.2371	0.4228	0.3090	0.149	-0.106	0.351	51.32	0.429	0.450	716	759	-0.306324	0.065876	
A/chicken/Hsinchu/1608000	0.2828	0.2362	0.4274	0.2939	0.150	-0.117	0.345	50.79	0.415	0.441	713	759	-0.318050	0.065876	
A/chicken/Huadong/4/2008_	0.2672	0.2552	0.4151	0.3016	0.164	-0.077	0.368	54.50	0.438	0.453	715	759	-0.320026	0.065876	
A/chicken/Hubei/2856/2007	0.2685	0.2444	0.4007	0.3266	0.148	-0.097	0.357	53.06	0.448	0.457	714	759	-0.325428	0.065876	
A/chicken/Hubei/ZYSJF11/2	0.2668	0.2410	0.4245	0.3071	0.150	-0.104	0.352	51.14	0.430	0.450	716	759	-0.305533	0.065876	
A/chicken/Hubei/ZYSJF16/2	0.2668	0.2410	0.4245	0.3071	0.150	-0.104	0.352	51.14	0.430	0.450	716	759	-0.305533	0.065876	
A/chicken/Hubei/ZYSJF38/2	0.2668	0.2410	0.4245	0.3071	0.150	-0.104	0.352	51.14	0.430	0.450	716	759	-0.305533	0.065876	
A/chicken/Hunan/02.06_YYG	0.2729	0.2349	0.4687	0.2625	0.154	-0.095	0.359	50.87	0.390	0.436	713	759	-0.333201	0.065876	
A/chicken/Hunan/03.07_YYG	0.2741	0.2310	0.4653	0.2675	0.157	-0.087	0.363	51.13	0.391	0.438	713	759	-0.334914	0.065876	
A/chicken/Hunan/12.27_YYG	0.2773	0.2357	0.4721	0.2528	0.160	-0.083	0.367	50.74	0.383	0.436	712	759	-0.336100	0.065876	
A/chicken/Hunan/12.27_YYG	0.2754	0.2392	0.4729	0.2495	0.157	-0.074	0.370	50.60	0.384	0.436	713	759	-0.342556	0.065876	
A/chicken/Hunan/1793/2007	0.2769	0.2410	0.4281	0.2938	0.158	-0.092	0.361	54.23	0.419	0.449	720	767	-0.298175	0.067797	
A/chicken/Hunan/21/2005_H	0.2659	0.2487	0.4338	0.2870	0.157	-0.090	0.360	52.60	0.422	0.449	716	759	-0.324506	0.065876	
A/chicken/Hunan/3/2007_H5	0.2637	0.2551	0.4338	0.2823	0.162	-0.057	0.381	53.77	0.424	0.450	717	759	-0.334651	0.065876	
A/chicken/Hunan/3157/2006	0.2646	0.2440	0.4024	0.3284	0.146	-0.101	0.354	52.91	0.450	0.457	714	759	-0.333465	0.065876	
A/chicken/Hunan/8/2008_H5	0.2707	0.2500	0.4362	0.2815	0.162	-0.069	0.374	53.26	0.418	0.446	716	759	-0.332806	0.065876	
A/chicken/Jiangsu/1001/20	0.2630	0.2457	0.4223	0.3118	0.153	-0.085	0.363	52.11	0.436	0.449	713	759	-0.307642	0.065876	
A/chicken/Jiangsu/18/2008	0.2638	0.2569	0.4211	0.2956	0.164	-0.073	0.371	54.69	0.435	0.453	715	759	-0.315942	0.065876	
A/chicken/Jiangsu/2477/20	0.2604	0.2500	0.4206	0.3083	0.147	-0.121	0.343	49.86	0.439	0.451	711	759	-0.328722	0.065876	
A/chicken/Jiangsu/927/201	0.2828	0.2328	0.4327	0.2894	0.152	-0.104	0.353	50.71	0.410	0.443	714	759	-0.334914	0.065876	
A/chicken/Jiangsu/XZ216/2	0.2705	0.2363	0.4148	0.3168	0.147	-0.110	0.347	50.68	0.434	0.451	714	759	-0.311726	0.065876	
A/chicken/Jiangsu/YB7/201	0.2561	0.2491	0.4223	0.3125	0.143	-0.131	0.337	50.50	0.441	0.452	712	759	-0.336232	0.065876	
A/chicken/Jiangsu/k0402/2	0.2727	0.2453	0.4303	0.2894	0.161	-0.072	0.372	53.24	0.420	0.448	716	759	-0.326746	0.065876	
A/chicken/Jiangxi/25/2011	0.2877	0.2346	0.4293	0.2878	0.152	-0.094	0.359	52.43	0.409	0.443	716	759	-0.326614	0.065876	
A/chicken/Jiangxi/NCDZT11	0.2904	0.2388	0.4235	0.2873	0.152	-0.100	0.356	54.39	0.412	0.444	716	759	-0.334783	0.064559	
A/chicken/Jiangxi/NCDZT11	0.2887	0.2320	0.4310	0.2897	0.151	-0.106	0.352	53.75	0.408	0.441	716	759	-0.323847	0.065876	
A/chicken/Jiangyin/JY0907	0.2694	0.2366	0.4652	0.2690	0.156	-0.090	0.362	51.48	0.396	0.438	712	759	-0.338604	0.065876	
A/chicken/Kaohsiung/16010	0.2724	0.2362	0.4108	0.3211	0.148	-0.114	0.347	52.01	0.437	0.451	714	759	-0.331225	0.065876	
A/chicken/Kaohsiung/16020	0.2737	0.2358	0.4091	0.3205	0.147	-0.120	0.343	51.19	0.437	0.452	714	759	-0.329249	0.065876	
A/chicken/Kaohsiung/16040	0.2724	0.2362	0.4108	0.3211	0.147	-0.121	0.343	51.34	0.437	0.452	714	759	-0.326746	0.064559	
A/chicken/Kaohsiung/16070	0.2741	0.2345	0.4108	0.3205	0.149	-0.113	0.347	51.26	0.436	0.451	714	759	-0.333465	0.065876	
A/chicken/Kaohsiung/16120	0.2749	0.2337	0.4067	0.3230	0.147	-0.120	0.343	51.38	0.438	0.453	715	759	-0.329908	0.065876	
A/chicken/Kaohsiung/16MB0	0.2724	0.2362	0.4108	0.3211	0.147	-0.121	0.343	51.34	0.437	0.452	714	759	-0.326746	0.064559	
A/chicken/Kaohsiung/17030	0.2771	0.2358	0.4125	0.3132	0.147	-0.119	0.343	51.03	0.431	0.450	714	759	-0.326087	0.065876	
A/chicken/Kaohsiung/17040	0.2798	0.2383	0.4223	0.3002	0.152	-0.115	0.346	51.60	0.422	0.444	713	759	-0.324506	0.065876	
A/chicken/Kaohsiung/17100	0.2815	0.2366	0.4283	0.2941	0.152	-0.121	0.343	51.53	0.416	0.442	714	759	-0.320685	0.065876	
A/chicken/Kaohsiung/18080	0.2785	0.2370	0.4247	0.3013	0.152	-0.099	0.357	51.46	0.421	0.445	712	759	-0.333992	0.065876	
A/chicken/Kaohsiung/18080	0.2785	0.2370	0.4247	0.3013	0.152	-0.099	0.357	51.46	0.421	0.445	712	759	-0.333992	0.065876	
A/chicken/Liaoning/23/200	0.2698	0.2509	0.4430	0.2729	0.158	-0.080	0.367	52.37	0.412	0.444	716	759	-0.327536	0.064559	
A/chicken/Liaoning/A-1/20	0.2565	0.2599	0.4279	0.2936	0.154	-0.096	0.357	53.47	0.435	0.452	715	759	-0.309486	0.063241	
A/chicken/Liaoning/S4092/	0.2672	0.2517	0.4368	0.2821	0.162	-0.071	0.371	54.18	0.420	0.448	714	759	-0.317391	0.065876	
A/chicken/Miaoli/15010421	0.2551	0.2534	0.4596	0.2670	0.155	-0.112	0.347	49.57	0.410	0.445	715	759	-0.305270	0.065876	
A/chicken/Nantou/16110023	0.2732	0.2337	0.4091	0.3223	0.147	-0.127	0.339	51.06	0.437	0.452	714	759	-0.322266	0.065876	
A/chicken/New_Taipei_City	0.2759	0.2362	0.4132	0.3138	0.147	-0.122	0.342	51.09	0.432	0.450	713	759	-0.328590	0.065876	
A/chicken/New_Taipei_City	0.2754	0.2358	0.4158	0.3114	0.147	-0.122	0.342	50.98	0.430	0.449	714	759	-0.326087	0.065876	
A/chicken/New_Taipei_City	0.2781	0.2401	0.4274	0.2947	0.150	-0.127	0.339	51.81	0.419	0.443	713	759	-0.324506	0.065876	
A/chicken/New_Taipei_City	0.2769	0.2291	0.4179	0.3131	0.142	-0.132	0.337	51.09	0.426	0.450	713	759	-0.335705	0.065876	
A/chicken/New_Taipei_City	0.2791	0.2295	0.4136	0.3161	0.142	-0.128	0.338	51.39	0.428	0.450	712	759	-0.331884	0.065876	
A/chicken/New_Taipei_City	0.2786	0.2291	0.4129	0.3168	0.143	-0.129	0.338	51.62	0.429	0.451	713	759	-0.335705	0.065876	
A/chicken/New_Taipei_City	0.2786	0.2291	0.4115	0.3162	0.142	-0.127	0.339	51.63	0.429	0.451	713	759	-0.327141	0.065876	
A/chicken/New_Taipei_City	0.2810	0.2379	0.4341	0.2844	0.152	-0.105	0.352	51.85	0.411	0.442	713	759	-0.332543	0.065876	
A/chicken/Ningxia/2/2012_	0.2724	0.2500	0.4418	0.2734	0.162	-0.071	0.371	54.26	0.412	0.446	714	759	-0.316469	0.065876	
A/chicken/Ningxia/222/201	0.2712	0.2504	0.4428	0.2729	0.163	-0.069	0.373	54.26	0.412	0.446	714	759	-0.316996	0.065876	
A/chicken/Ningxia/24/2006	0.2629	0.2560	0.4319	0.2857	0.157	-0.089	0.361	53.26	0.427	0.451	715	759	-0.308037	0.064559	
A/chicken/North_China/k06	0.2776	0.2431	0.4358	0.2831	0.163	-0.068	0.374	52.92	0.413	0.446	714	759	-0.322661	0.065876	
A/chicken/PH/A2821/2013_H	0.2759	0.2310	0.4596	0.2689	0.160	-0.105	0.352	48.38	0.393	0.439	713	759	-0.304084	0.065876	
A/chicken/PT/a158/2015_H5	0.2941	0.2301	0.4478	0.2647	0.160	-0.110	0.349	49.98	0.388	0.437	713	759	-0.299605	0.065876	
A/chicken/Pingtung/150500	0.2867	0.2332	0.4250	0.2947	0.153	-0.107	0.351	51.24	0.414	0.443	713	759	-0.317786	0.065876	
A/chicken/Pingtung/160200	0.2914	0.2293	0.4172	0.3031	0.152	-0.100	0.355	51.67	0.417	0.443	713	759	-0.321739	0.065876	
A/chicken/Pingtung/180100	0.2815	0.2366	0.4189	0.3039	0.150	-0.125	0.341	51.46	0.424	0.444	713	759	-0.327931	0.065876	
A/chicken/Pingtung/180200	0.2793	0.2397	0.4341	0.2844	0.152	-0.105	0.352	51.64	0.412	0.443	713	759	-0.332543	0.065876	
A/chicken/Qingdao/1/2014_	0.2684	0.2342	0.4182	0.3173	0.146	-0.112	0.346	50.65	0.433	0.451	714	759	-0.289723	0.065876	
A/chicken/SC/a688/2015_H5	0.2867	0.2193	0.4722	0.2555	0.163	-0.095	0.358	48.95	0.374	0.433	712	759	-0.306588	0.065876	
A/chicken/Shandong/A-10/2	0.2577	0.2612	0.4178	0.2998	0.159	-0.081	0.365	53.39	0.442	0.455	715	759	-0.307773	0.064559	
A/chicken/Shandong/S3/201	0.2693	0.2350	0.4182	0.3168	0.147	-0.108	0.349	50.65	0.433	0.451	714	759	-0.310935	0.065876	
A/chicken/Shantou/3744/20	0.2663	0.2509	0.4218	0.2991	0.157	-0.097	0.357	53.02	0.432	0.452	715	759	-0.313966	0.065876	
A/chicken/Shanxi/04.28_TG	0.2741	0.2362	0.4788	0.2472	0.156	-0.081	0.366	51.07	0.380	0.435	713	759	-0.340184	0.065876	
A/chicken/Shanxi/10/2006_	0.2642	0.2660	0.4242	0.2873	0.163	-0.069	0.373	54.02	0.434	0.450	715	759	-0.316996	0.065876	
A/chicken/Shanxi/12.01_TG	0.2872	0.2249	0.4627	0.2667	0.156	-0.093	0.360	49.92	0.384	0.434	713	759	-0.327931	0.065876	
A/chicken/Sheny/0606/2008	0.2690	0.2534	0.4242	0.2923	0.159	-0.087	0.363	53.79	0.429	0.449	714	759	-0.304348	0.064559	
A/chicken/Shenzhen/1061/2	0.2938	0.2302	0.4360	0.2804	0.151	-0.116	0.346	53.94	0.399	0.440	716	759	-0.318445	0.065876	
A/chicken/Shenzhen/1845/2	0.2842	0.2363	0.4327	0.2844	0.149	-0.101	0.355	53.02	0.409	0.446	716	759	-0.328722	0.065876	
A/chicken/Shenzhen/2269/2	0.2904	0.2320	0.4276	0.2915	0.151	-0.112	0.349	54.36	0.409	0.443	716	759	-0.318445	0.065876	
A/chicken/Shenzhen/2396/2	0.2877	0.2312	0.4303	0.2928	0.153	-0.105	0.352	53.93	0.409	0.443	718	759	-0.319631	0.067194	
A/chicken/Shenzhen/2464/2	0.2877	0.2329	0.4312	0.2886	0.152	-0.107	0.351	54.06	0.408	0.443	718	759	-0.316205	0.065876	
A/chicken/Shenzhen/433/20	0.2864	0.2350	0.4343	0.2841	0.151	-0.112	0.348	53.86	0.406	0.442	716	759	-0.305665	0.065876	
A/chicken/Shenzhen/552/20	0.2894	0.2312	0.4295	0.2904	0.152	-0.105	0.352	54.27	0.408	0.443	718	759	-0.312912	0.065876	
A/chicken/Shenzhen/715/20	0.2864	0.2350	0.4343	0.2841	0.151	-0.112	0.348	53.86	0.406	0.442	716	759	-0.305665	0.065876	
A/chicken/Shijiazhuang/12	0.2785	0.2284	0.4266	0.3081	0.149	-0.114	0.346	48.95	0.419	0.444	713	759	-0.312648	0.067194	
A/chicken/Sichuan/81/2005	0.2654	0.2500	0.4298	0.2901	0.158	-0.089	0.361	52.77	0.425	0.450	717	759	-0.323056	0.065876	
A/chicken/Sichuan/NCJPL1/	0.2869	0.2354	0.4317	0.2855	0.150	-0.105	0.352	53.09	0.408	0.444	715	759	-0.323584	0.065876	
A/chicken/Sichuan/k141/20	0.2746	0.2314	0.4687	0.2634	0.158	-0.085	0.365	50.57	0.388	0.437	713	759	-0.333992	0.065876	
A/chicken/TC/a504/2015_H5	0.2936	0.2297	0.4471	0.2665	0.161	-0.106	0.352	49.99	0.389	0.437	714	759	-0.299473	0.065876	
A/chicken/TY/a665/2015_H5	0.2907	0.2336	0.4503	0.2638	0.160	-0.103	0.353	50.06	0.390	0.436	713	759	-0.306061	0.065876	
A/chicken/Taichung/150103	0.2850	0.2349	0.4266	0.2928	0.152	-0.110	0.349	50.90	0.414	0.442	713	759	-0.317786	0.065876	
A/chicken/Taichung/160400	0.2823	0.2392	0.4216	0.2976	0.155	-0.094	0.359	51.64	0.420	0.444	714	759	-0.313834	0.065876	
A/chicken/Taichung/160500	0.2793	0.2414	0.4151	0.3039	0.155	-0.091	0.360	51.99	0.427	0.447	714	759	-0.307510	0.065876	
A/chicken/Taichung/161100	0.2543	0.2526	0.4562	0.2726	0.156	-0.112	0.347	49.83	0.413	0.446	714	759	-0.308300	0.065876	
A/chicken/Tainan/15020214	0.2737	0.2392	0.4024	0.3242	0.148	-0.118	0.345	51.45	0.443	0.454	714	759	-0.324374	0.065876	
A/chicken/Tainan/16040035	0.2845	0.2379	0.4274	0.2897	0.155	-0.098	0.356	51.31	0.414	0.442	713	759	-0.318182	0.065876	
A/chicken/Tainan/17030058	0.2741	0.2362	0.4165	0.3114	0.148	-0.117	0.345	51.18	0.431	0.451	713	759	-0.329381	0.065876	
A/chicken/Taipei_City/170	0.2769	0.2308	0.4095	0.3204	0.141	-0.135	0.335	51.67	0.433	0.453	713	759	-0.338340	0.065876	
A/chicken/Taipei_City/180	0.2798	0.2401	0.4213	0.3000	0.155	-0.103	0.354	51.89	0.423	0.444	712	759	-0.311726	0.065876	
A/chicken/Taipei_City/180	0.2803	0.2370	0.4264	0.2970	0.153	-0.115	0.347	51.57	0.419	0.443	712	759	-0.319499	0.065876	
A/chicken/Taipei/16060022	0.2737	0.2341	0.4108	0.3205	0.148	-0.118	0.345	51.13	0.436	0.451	714	759	-0.329249	0.065876	
A/chicken/Taipei/16060023	0.2737	0.2341	0.4091	0.3223	0.148	-0.118	0.345	51.31	0.437	0.452	714	759	-0.329249	0.065876	
A/chicken/Taipei/16120021	0.2732	0.2371	0.4050	0.3242	0.148	-0.116	0.345	51.24	0.441	0.453	715	759	-0.325823	0.065876	
A/chicken/Taipei/17050005	0.2769	0.2291	0.4162	0.3149	0.142	-0.132	0.337	50.94	0.428	0.451	713	759	-0.335705	0.065876	
A/chicken/Taipei/17050008	0.2769	0.2291	0.4146	0.3168	0.142	-0.134	0.335	51.01	0.429	0.451	713	759	-0.335705	0.065876	
A/chicken/Taipei/17050009	0.2769	0.2291	0.4129	0.3186	0.142	-0.134	0.335	51.20	0.431	0.451	713	759	-0.335705	0.065876	
A/chicken/Taishun/TS2/201	0.2638	0.2397	0.4303	0.3064	0.151	-0.101	0.354	50.50	0.428	0.449	715	759	-0.307642	0.065876	
A/chicken/Taishun/TS90/20	0.2599	0.2478	0.4252	0.3059	0.152	-0.094	0.358	50.70	0.435	0.451	715	759	-0.305534	0.065876	
A/chicken/Taiwan/0101/201	0.2803	0.2266	0.4613	0.2651	0.162	-0.084	0.365	51.03	0.388	0.439	712	759	-0.310935	0.064559	
A/chicken/Taiwan/01174/20	0.2685	0.2427	0.4040	0.3242	0.147	-0.123	0.342	51.05	0.445	0.455	714	759	-0.332411	0.065876	
A/chicken/Taiwan/0502/201	0.2732	0.2320	0.4606	0.2674	0.159	-0.096	0.357	48.99	0.393	0.441	715	759	-0.297101	0.063241	
A/chicken/Taiwan/1682/201	0.2759	0.2276	0.4480	0.2860	0.150	-0.109	0.349	52.10	0.402	0.438	714	759	-0.302635	0.067194	
A/chicken/Taiwan/1692/201	0.2759	0.2276	0.4480	0.2860	0.150	-0.109	0.349	52.05	0.402	0.439	714	759	-0.303689	0.067194	
A/chicken/Taiwan/1704/201	0.2759	0.2276	0.4480	0.2860	0.150	-0.109	0.349	52.10	0.402	0.438	714	759	-0.302635	0.067194	
A/chicken/Taiwan/1711/201	0.2759	0.2259	0.4497	0.2860	0.149	-0.112	0.347	52.05	0.401	0.437	714	759	-0.302635	0.067194	
A/chicken/Taiwan/2593/201	0.2773	0.2340	0.4497	0.2771	0.163	-0.093	0.360	49.74	0.401	0.441	714	759	-0.301318	0.065876	
A/chicken/Taiwan/2948/201	0.2773	0.2340	0.4497	0.2771	0.163	-0.093	0.360	49.74	0.401	0.441	714	759	-0.301318	0.065876	
A/chicken/Taiwan/4443/201	0.2820	0.2284	0.4539	0.2724	0.163	-0.095	0.358	49.59	0.393	0.439	715	759	-0.298946	0.065876	
A/chicken/Taiwan/683/2012	0.2790	0.2270	0.4680	0.2606	0.164	-0.097	0.357	48.74	0.383	0.437	712	759	-0.302767	0.065876	
A/chicken/Taiwan/7350/201	0.2837	0.2284	0.4472	0.2779	0.164	-0.092	0.359	49.86	0.397	0.440	715	759	-0.298946	0.065876	
A/chicken/Taiwan/8988/201	0.2778	0.2344	0.4487	0.2776	0.164	-0.092	0.360	50.00	0.401	0.441	713	759	-0.304348	0.065876	
A/chicken/Taiwan/8994/201	0.2778	0.2344	0.4487	0.2781	0.162	-0.092	0.360	49.97	0.401	0.440	713	759	-0.303953	0.065876	
A/chicken/Taiwan/8996/201	0.2778	0.2344	0.4487	0.2776	0.164	-0.092	0.360	50.00	0.401	0.441	713	759	-0.304348	0.065876	
A/chicken/Taiwan/A1/2019_	0.2948	0.2172	0.4637	0.2601	0.156	-0.111	0.348	49.17	0.374	0.431	713	759	-0.309354	0.065876	
A/chicken/Taiwan/A1997/20	0.2812	0.2205	0.4814	0.2541	0.157	-0.102	0.354	49.56	0.372	0.429	712	759	-0.330962	0.067194	
A/chicken/Taiwan/D2/2019_	0.2788	0.2341	0.4300	0.2970	0.150	-0.099	0.356	51.39	0.416	0.444	714	759	-0.328327	0.065876	
A/chicken/Taiwan/D9/2019_	0.2788	0.2341	0.4300	0.2970	0.150	-0.099	0.356	51.39	0.416	0.444	714	759	-0.328327	0.065876	
A/chicken/Tibet/LZ01/2010	0.2732	0.2491	0.4218	0.2920	0.164	-0.078	0.368	53.55	0.427	0.454	715	759	-0.310013	0.065876	
A/chicken/Wuhan/HAQL07/20	0.2543	0.2491	0.4240	0.3125	0.146	-0.122	0.343	50.21	0.441	0.452	712	759	-0.331752	0.065876	
A/chicken/Wuhan/HAQL16/20	0.2561	0.2491	0.4223	0.3125	0.145	-0.122	0.343	50.31	0.441	0.452	712	759	-0.331752	0.065876	
A/chicken/Wuhan/WHJF/2014	0.2719	0.2410	0.4259	0.2985	0.153	-0.085	0.364	51.88	0.424	0.448	714	759	-0.332411	0.065876	
A/chicken/Wuhan/WHYJ01/20	0.2899	0.2298	0.4293	0.2921	0.147	-0.125	0.341	53.97	0.408	0.440	716	759	-0.316206	0.065876	
A/chicken/Wuxi/WX-32/2013	0.2857	0.2306	0.4351	0.2862	0.152	-0.102	0.354	50.22	0.406	0.442	714	759	-0.331620	0.065876	
A/chicken/Wuxi/WX-33/2013	0.2840	0.2289	0.4334	0.2917	0.150	-0.109	0.350	50.60	0.409	0.444	714	759	-0.334914	0.067194	
A/chicken/Xinjiang/17/200	0.2672	0.2500	0.4377	0.2844	0.158	-0.093	0.359	52.62	0.420	0.448	715	759	-0.310408	0.065876	
A/chicken/Xinjiang/27/200	0.2698	0.2509	0.4353	0.2826	0.159	-0.086	0.363	53.03	0.419	0.448	716	759	-0.305006	0.065876	
A/chicken/Xinjiang/53/200	0.2702	0.2513	0.4336	0.2844	0.158	-0.092	0.360	53.11	0.420	0.448	716	759	-0.299868	0.065876	
A/chicken/Xinjiang/54/200	0.2698	0.2474	0.4377	0.2826	0.160	-0.084	0.364	52.60	0.417	0.447	715	759	-0.310804	0.065876	
A/chicken/Xinjiang/67/200	0.2702	0.2547	0.4303	0.2839	0.158	-0.084	0.365	53.55	0.423	0.450	716	759	-0.316864	0.067194	
A/chicken/Xinjiang/68/200	0.2651	0.2513	0.4327	0.2899	0.158	-0.090	0.361	52.97	0.425	0.450	715	759	-0.317128	0.065876	
A/chicken/Xuzhou/XZ6/2016	0.2916	0.2298	0.4252	0.2947	0.150	-0.110	0.350	54.21	0.410	0.444	717	759	-0.320290	0.065876	
A/chicken/YL/A3190/2014_H	0.2773	0.2288	0.4739	0.2574	0.153	-0.108	0.349	50.51	0.381	0.433	713	759	-0.314493	0.065876	
A/chicken/Yangzhou/YD1/20	0.2830	0.2384	0.4310	0.2873	0.150	-0.106	0.352	53.79	0.412	0.445	716	759	-0.323057	0.065876	
A/chicken/Yuhang/1/2013_H	0.2746	0.2349	0.4317	0.2972	0.149	-0.117	0.345	51.11	0.418	0.446	713	759	-0.312253	0.067194	
A/chicken/Yuhang/2/2013_H	0.2763	0.2418	0.4122	0.3107	0.152	-0.109	0.349	51.52	0.433	0.450	713	759	-0.318972	0.065876	
A/chicken/Yunlin/15020048	0.2815	0.2383	0.4283	0.2910	0.153	-0.102	0.353	50.86	0.415	0.443	713	759	-0.317786	0.065876	
A/chicken/Yunlin/15040002	0.2850	0.2349	0.4216	0.2983	0.152	-0.105	0.352	51.12	0.418	0.443	713	759	-0.321080	0.065876	
A/chicken/Yunlin/15040027	0.2867	0.2332	0.4233	0.2965	0.152	-0.110	0.349	51.06	0.415	0.443	713	759	-0.317786	0.065876	
A/chicken/Yunlin/15050012	0.2551	0.2534	0.4613	0.2652	0.156	-0.108	0.350	49.58	0.408	0.445	715	759	-0.305270	0.065876	
A/chicken/Yunlin/15050037	0.2867	0.2332	0.4216	0.2983	0.152	-0.107	0.351	51.17	0.417	0.443	713	759	-0.317786	0.065876	
A/chicken/Yunlin/15050039	0.2850	0.2332	0.4250	0.2965	0.150	-0.114	0.346	51.03	0.415	0.443	713	759	-0.317786	0.065876	
A/chicken/Yunlin/15060014	0.2832	0.2349	0.4266	0.2947	0.151	-0.110	0.349	51.19	0.415	0.443	713	759	-0.317786	0.065876	
A/chicken/Yunlin/15080024	0.2850	0.2366	0.4216	0.2970	0.154	-0.105	0.352	51.60	0.418	0.443	713	759	-0.320685	0.065876	
A/chicken/Yunlin/16010001	0.2887	0.2320	0.4196	0.2989	0.151	-0.119	0.344	51.18	0.417	0.444	713	759	-0.318577	0.065876	
A/chicken/Yunlin/16010008	0.2879	0.2345	0.4274	0.2902	0.152	-0.103	0.353	51.13	0.411	0.440	713	759	-0.327273	0.065876	
A/chicken/Yunlin/16020038	0.2586	0.2500	0.4512	0.2762	0.156	-0.108	0.350	49.96	0.414	0.447	715	759	-0.308169	0.065876	
A/chicken/Yunlin/16050053	0.2818	0.2388	0.4209	0.2994	0.154	-0.095	0.358	51.53	0.421	0.444	715	759	-0.310408	0.065876	
A/chicken/Yunlin/17010001	0.2509	0.2577	0.4555	0.2721	0.159	-0.098	0.355	49.09	0.417	0.447	715	759	-0.305007	0.065876	
A/chicken/Yunlin/17010014	0.2776	0.2397	0.4172	0.3057	0.152	-0.113	0.348	51.80	0.428	0.446	713	759	-0.320421	0.065876	
A/chicken/Yunlin/17020094	0.2845	0.2362	0.4223	0.2965	0.152	-0.108	0.351	51.90	0.418	0.443	713	759	-0.325296	0.065876	
A/chicken/Yunlin/17020095	0.2737	0.2444	0.4257	0.2952	0.150	-0.109	0.349	51.25	0.424	0.444	713	759	-0.312253	0.065876	
A/chicken/Yunlin/17030001	0.2806	0.2358	0.4250	0.2983	0.151	-0.115	0.346	51.41	0.419	0.443	714	759	-0.321871	0.065876	
A/chicken/Yunlin/17030007	0.2850	0.2349	0.4220	0.3002	0.151	-0.120	0.344	51.16	0.419	0.443	713	759	-0.338999	0.065876	
A/chicken/Yunlin/17030010	0.2781	0.2401	0.4274	0.2947	0.151	-0.120	0.344	51.67	0.419	0.443	713	759	-0.324506	0.065876	
A/chicken/Yunlin/17030014	0.2798	0.2366	0.4199	0.3033	0.151	-0.112	0.348	51.63	0.424	0.445	713	759	-0.325692	0.065876	
A/chicken/Yunlin/17030020	0.2823	0.2358	0.4240	0.2965	0.151	-0.110	0.349	51.83	0.418	0.444	713	759	-0.321212	0.065876	
A/chicken/Yunlin/17030021	0.2810	0.2362	0.4223	0.3007	0.151	-0.114	0.346	51.48	0.421	0.444	713	759	-0.318445	0.065876	
A/chicken/Yunlin/17030032	0.2835	0.2320	0.4266	0.2970	0.149	-0.110	0.349	50.87	0.415	0.441	714	759	-0.319236	0.065876	
A/chicken/Yunlin/17030065	0.2759	0.2414	0.4257	0.2960	0.152	-0.110	0.349	51.11	0.422	0.445	713	759	-0.325692	0.065876	
A/chicken/Yunlin/17040003	0.2832	0.2366	0.4228	0.3019	0.152	-0.115	0.346	51.08	0.421	0.442	713	759	-0.323847	0.067194	
A/chicken/Yunlin/17040004	0.2810	0.2362	0.4257	0.2970	0.152	-0.110	0.349	51.34	0.418	0.442	713	759	-0.325428	0.065876	
A/chicken/Yunlin/17040011	0.2810	0.2362	0.4257	0.2965	0.151	-0.115	0.346	51.43	0.418	0.443	713	759	-0.325296	0.065876	
A/chicken/Yunlin/17060019	0.2815	0.2349	0.4307	0.2928	0.151	-0.115	0.346	51.70	0.414	0.442	713	759	-0.324506	0.065876	
A/chicken/Yunlin/17070010	0.2759	0.2397	0.4276	0.2954	0.153	-0.110	0.349	51.64	0.420	0.445	714	759	-0.319367	0.065876	
A/chicken/Yunlin/18010001	0.2751	0.2439	0.4274	0.2947	0.154	-0.104	0.353	51.90	0.422	0.444	713	759	-0.323715	0.065876	
A/chicken/Yunlin/18010023	0.2862	0.2414	0.4264	0.2860	0.152	-0.113	0.348	51.84	0.414	0.442	713	759	-0.309750	0.065876	
A/chicken/Yunlin/18020003	0.2798	0.2435	0.4264	0.2915	0.152	-0.118	0.345	51.77	0.419	0.444	713	759	-0.322661	0.065876	
A/chicken/Yunlin/18020004	0.2798	0.2435	0.4264	0.2915	0.152	-0.118	0.345	51.77	0.419	0.444	713	759	-0.322661	0.065876	
A/chicken/Yunlin/18020005	0.2815	0.2418	0.4264	0.2915	0.152	-0.116	0.346	51.78	0.418	0.443	713	759	-0.322661	0.065876	
A/chicken/Yunlin/18020008	0.2867	0.2418	0.4264	0.2860	0.152	-0.111	0.349	51.81	0.414	0.442	713	759	-0.319894	0.065876	
A/chicken/Yunlin/18030002	0.2850	0.2383	0.4264	0.2915	0.153	-0.111	0.349	51.97	0.415	0.443	713	759	-0.322661	0.065876	
A/chicken/Yunlin/18050013	0.2897	0.2362	0.4298	0.2841	0.152	-0.115	0.346	52.14	0.408	0.442	713	759	-0.320158	0.065876	
A/chicken/Yunlin/18060001	0.2845	0.2397	0.4281	0.2884	0.153	-0.110	0.349	52.30	0.414	0.443	713	759	-0.313175	0.065876	
A/chicken/Yunlin/18080006	0.2749	0.2423	0.4257	0.2947	0.156	-0.093	0.359	52.24	0.422	0.446	713	759	-0.303821	0.065876	
A/chicken/Yunnan/1/2014_H	0.2928	0.2312	0.4339	0.2862	0.149	-0.120	0.344	54.46	0.404	0.440	716	759	-0.301976	0.068511	
A/chicken/Yunnan/207/2004	0.2693	0.2487	0.4319	0.2868	0.156	-0.088	0.362	53.33	0.421	0.450	715	759	-0.310804	0.065876	
A/chicken/Yunnan/5686/200	0.2698	0.2491	0.4310	0.2868	0.157	-0.087	0.363	53.39	0.422	0.450	714	759	-0.317523	0.065876	
A/chicken/Yunnan/6797/200	0.2676	0.2504	0.4319	0.2868	0.156	-0.085	0.364	53.41	0.422	0.450	715	759	-0.314097	0.065876	
A/chicken/Yunnan/6885/200	0.2688	0.2483	0.4346	0.2849	0.154	-0.088	0.362	53.52	0.419	0.448	716	759	-0.310672	0.065876	
A/chicken/Zhejiang/102637	0.2763	0.2383	0.4729	0.2509	0.160	-0.072	0.372	51.01	0.384	0.436	713	759	-0.341897	0.065876	
A/chicken/Zhejiang/13160/	0.2680	0.2354	0.4286	0.3059	0.151	-0.098	0.355	50.21	0.425	0.449	715	759	-0.309618	0.065876	
A/chicken/Zhejiang/194/20	0.2776	0.2259	0.4747	0.2601	0.153	-0.092	0.360	51.04	0.381	0.435	714	759	-0.334519	0.065876	
A/chicken/Zhejiang/209/20	0.2496	0.2598	0.4605	0.2657	0.156	-0.107	0.351	49.50	0.413	0.446	716	759	-0.304084	0.065876	
A/chicken/Zhejiang/217/20	0.2776	0.2259	0.4764	0.2583	0.153	-0.090	0.361	51.02	0.380	0.434	714	759	-0.334519	0.065876	
A/chicken/Zhejiang/232/20	0.2530	0.2581	0.4504	0.2754	0.158	-0.094	0.358	50.23	0.419	0.448	716	759	-0.297365	0.065876	
A/chicken/Zhejiang/514135	0.2768	0.2353	0.4661	0.2611	0.158	-0.092	0.361	50.71	0.389	0.434	712	759	-0.327404	0.067194	
A/chicken/Zhejiang/528127	0.2746	0.2401	0.4712	0.2528	0.160	-0.075	0.370	51.11	0.387	0.436	713	759	-0.341897	0.065876	
A/chicken/Zhejiang/6107/2	0.2629	0.2405	0.4279	0.3071	0.149	-0.103	0.352	50.93	0.430	0.450	716	759	-0.306324	0.065876	
A/chicken/Zhejiang/6C2/20	0.2847	0.2350	0.4327	0.2868	0.150	-0.109	0.351	53.20	0.409	0.445	716	759	-0.327009	0.065876	
A/chicken/Zhejiang/727022	0.2894	0.2312	0.4303	0.2891	0.149	-0.112	0.349	54.25	0.407	0.443	717	759	-0.333729	0.065876	
A/chicken/Zhejiang/727026	0.2911	0.2329	0.4276	0.2897	0.149	-0.116	0.346	54.55	0.409	0.444	717	759	-0.334783	0.065876	
A/chicken/Zhejiang/727079	0.2911	0.2329	0.4269	0.2878	0.147	-0.112	0.346	54.55	0.408	0.444	716	759	-0.332016	0.064559	
A/chicken/Zhejiang/727155	0.2933	0.2298	0.4288	0.2855	0.149	-0.113	0.346	54.48	0.404	0.442	716	759	-0.299868	0.064559	
A/chicken/Zhejiang/727159	0.2911	0.2329	0.4269	0.2878	0.147	-0.112	0.346	54.55	0.408	0.444	716	759	-0.332016	0.064559	
A/chicken/Zhejiang/7450/2	0.2470	0.2624	0.4604	0.2662	0.157	-0.088	0.361	49.59	0.416	0.447	714	759	-0.300922	0.065876	
A/chicken/Zhejiang/81643/	0.2487	0.2624	0.4570	0.2680	0.158	-0.085	0.363	49.82	0.417	0.447	714	759	-0.300922	0.065876	
A/common_mallard/Ningxia/	0.2680	0.2491	0.4218	0.2985	0.157	-0.080	0.366	50.40	0.431	0.449	715	759	-0.322925	0.067194	
A/condor/Guangdong/139/20	0.2526	0.2612	0.4454	0.2771	0.149	-0.102	0.354	51.01	0.424	0.450	715	759	-0.318841	0.065876	
A/domestic_green-winged_t	0.2603	0.2448	0.4394	0.2941	0.158	-0.085	0.364	51.79	0.423	0.448	714	759	-0.321080	0.065876	
A/duck/Anhui/56/2005_H5N1	0.2751	0.2388	0.4368	0.2886	0.159	-0.087	0.363	53.71	0.414	0.448	713	759	-0.325823	0.065876	
A/duck/Anhui/S4/2016_H5N6	0.2776	0.2259	0.4713	0.2638	0.157	-0.089	0.361	50.27	0.384	0.435	714	759	-0.331884	0.065876	
A/duck/Changhua/15A03431-	0.2832	0.2349	0.4283	0.2923	0.153	-0.105	0.352	50.82	0.414	0.443	713	759	-0.318182	0.065876	
A/duck/Changhua/15A03473-	0.2850	0.2349	0.4233	0.2970	0.151	-0.109	0.349	51.01	0.417	0.442	713	759	-0.314361	0.065876	
A/duck/Chiayi/15080023/20	0.2551	0.2534	0.4495	0.2781	0.155	-0.112	0.347	50.28	0.418	0.448	715	759	-0.305270	0.065876	
A/duck/China/0935/2017_H5	0.2582	0.2513	0.4233	0.3070	0.145	-0.129	0.338	48.99	0.438	0.450	712	759	-0.324901	0.065876	
A/duck/China/0936/2017_H5	0.2712	0.2297	0.4679	0.2684	0.156	-0.085	0.365	51.03	0.391	0.438	713	759	-0.333729	0.065876	
A/duck/China/0938/2017_H5	0.2582	0.2513	0.4266	0.3033	0.145	-0.126	0.340	48.97	0.435	0.449	712	759	-0.324901	0.065876	
A/duck/China/1033/2017_H5	0.2530	0.2565	0.4250	0.3051	0.145	-0.126	0.340	49.06	0.441	0.451	712	759	-0.324901	0.065876	
A/duck/China/E26/2012_H5N	0.2943	0.2410	0.4416	0.2588	0.154	-0.084	0.365	52.60	0.393	0.434	712	759	-0.340053	0.065876	
A/duck/China/E53/2012_H5N	0.2705	0.2483	0.4158	0.3051	0.155	-0.091	0.360	53.38	0.434	0.452	716	759	-0.327404	0.065876	
A/duck/China/YD1516/2016_	0.2556	0.2573	0.4562	0.2675	0.159	-0.096	0.357	49.68	0.413	0.446	715	759	-0.296970	0.065876	
A/duck/Chongqing/S4362/20	0.2582	0.2530	0.4115	0.3180	0.149	-0.100	0.354	49.65	0.448	0.455	714	759	-0.328985	0.065876	
A/duck/Dongguan/2685/2013	0.2887	0.2337	0.4360	0.2823	0.152	-0.107	0.352	54.21	0.404	0.441	716	759	-0.320949	0.064559	
A/duck/Eastern_China/008/	0.2599	0.2496	0.4435	0.2860	0.157	-0.096	0.357	51.93	0.420	0.446	714	759	-0.304875	0.065876	
A/duck/Eastern_China/031/	0.2582	0.2513	0.4384	0.2915	0.157	-0.096	0.357	51.81	0.426	0.448	714	759	-0.304875	0.065876	
A/duck/Eastern_China/057/	0.2663	0.2526	0.4379	0.2797	0.163	-0.060	0.378	53.27	0.419	0.448	716	759	-0.323979	0.065876	
A/duck/Eastern_China/108/	0.2599	0.2496	0.4435	0.2860	0.157	-0.096	0.357	51.93	0.420	0.446	714	759	-0.304875	0.065876	
A/duck/Eastern_China/1111	0.2646	0.2457	0.4437	0.2807	0.160	-0.094	0.357	52.14	0.415	0.446	714	759	-0.281555	0.065876	
A/duck/Eastern_China/909/	0.2599	0.2496	0.4384	0.2915	0.157	-0.098	0.356	51.90	0.424	0.448	714	759	-0.304875	0.065876	
A/duck/Eastern_China/JY/2	0.2577	0.2474	0.4168	0.3163	0.145	-0.110	0.348	52.60	0.443	0.455	715	759	-0.328327	0.065876	
A/duck/Eastern_China/L023	0.2577	0.2509	0.4512	0.2752	0.161	-0.085	0.363	52.05	0.415	0.446	714	759	-0.294862	0.065876	
A/duck/Eastern_China/L032	0.2621	0.2466	0.4504	0.2776	0.158	-0.101	0.354	51.79	0.412	0.444	714	759	-0.296443	0.065876	
A/duck/Eastern_China/L040	0.2573	0.2521	0.4437	0.2831	0.159	-0.096	0.357	51.09	0.421	0.449	715	759	-0.299736	0.065876	
A/duck/Eastern_China/L042	0.2590	0.2521	0.4454	0.2789	0.159	-0.096	0.357	51.60	0.418	0.448	715	759	-0.300132	0.065876	
A/duck/Eastern_China/L061	0.2573	0.2521	0.4454	0.2807	0.158	-0.098	0.355	51.55	0.420	0.449	715	759	-0.300132	0.065876	
A/duck/Eastern_China/L072	0.2556	0.2521	0.4454	0.2826	0.159	-0.096	0.357	51.18	0.421	0.449	715	759	-0.300132	0.065876	
A/duck/Eastern_China/L102	0.2556	0.2539	0.4454	0.2807	0.158	-0.096	0.357	51.70	0.421	0.450	715	759	-0.300132	0.065876	
A/duck/Eastern_China/L112	0.2556	0.2521	0.4428	0.2873	0.158	-0.103	0.352	51.03	0.424	0.449	715	759	-0.300132	0.065876	
A/duck/Eastern_China/S013	0.2701	0.2427	0.4216	0.3063	0.161	-0.095	0.358	54.02	0.430	0.451	716	759	-0.289064	0.065876	
A/duck/Eastern_China/S021	0.2599	0.2478	0.4132	0.3187	0.144	-0.108	0.350	52.58	0.445	0.455	714	759	-0.329908	0.065876	
A/duck/Eastern_China/S032	0.2899	0.2333	0.4384	0.2768	0.150	-0.119	0.345	53.87	0.400	0.442	715	759	-0.307773	0.065876	
A/duck/Eastern_China/S071	0.2842	0.2380	0.4242	0.2923	0.147	-0.112	0.349	52.79	0.416	0.448	716	759	-0.314229	0.065876	
A/duck/Eastern_China/S080	0.2702	0.2478	0.4396	0.2794	0.161	-0.084	0.364	51.43	0.414	0.444	715	759	-0.283926	0.065876	
A/duck/Eastern_China/S090	0.2869	0.2371	0.4411	0.2744	0.153	-0.106	0.352	54.16	0.401	0.441	716	759	-0.310277	0.065876	
A/duck/Eastern_China/S110	0.2616	0.2478	0.4108	0.3181	0.146	-0.104	0.353	52.66	0.445	0.456	714	759	-0.320421	0.065876	
A/duck/Eastern_China/S121	0.2595	0.2491	0.4218	0.3077	0.144	-0.112	0.348	52.50	0.438	0.453	715	759	-0.316601	0.065876	
A/duck/Fujian/1.17_FZHX01	0.3012	0.2134	0.4654	0.2541	0.156	-0.105	0.352	49.94	0.368	0.433	714	759	-0.330039	0.065876	
A/duck/Fujian/10.26_FZHX0	0.2776	0.2345	0.4621	0.2619	0.160	-0.078	0.368	50.06	0.391	0.440	714	759	-0.323452	0.065876	
A/duck/Fujian/10.26_FZHX0	0.2798	0.2332	0.4628	0.2606	0.159	-0.083	0.366	50.22	0.388	0.439	713	759	-0.326482	0.065876	
A/duck/Fujian/11.23_FZHX0	0.2793	0.2328	0.4621	0.2619	0.160	-0.081	0.367	50.11	0.389	0.439	714	759	-0.323452	0.065876	
A/duck/Fujian/11.23_FZHX0	0.2798	0.2332	0.4645	0.2587	0.158	-0.083	0.366	50.15	0.387	0.438	713	759	-0.329249	0.065876	
A/duck/Fujian/11.23_FZHX0	0.2798	0.2332	0.4645	0.2587	0.158	-0.083	0.366	50.15	0.387	0.438	713	759	-0.329249	0.065876	
A/duck/Fujian/11.3_FZHX11	0.2810	0.2293	0.4755	0.2495	0.157	-0.097	0.357	49.85	0.377	0.434	714	759	-0.328458	0.065876	
A/duck/Fujian/11.3_FZHX11	0.2810	0.2293	0.4755	0.2495	0.158	-0.094	0.359	49.77	0.377	0.434	714	759	-0.328458	0.065876	
A/duck/Fujian/12.7_FZHX12	0.2845	0.2241	0.4696	0.2592	0.155	-0.106	0.352	50.02	0.380	0.435	714	759	-0.332016	0.065876	
A/duck/Fujian/12.7_FZHX12	0.2828	0.2276	0.4789	0.2459	0.157	-0.097	0.357	49.55	0.373	0.433	714	759	-0.328458	0.065876	
A/duck/Fujian/12.7_FZHX12	0.2828	0.2276	0.4789	0.2459	0.157	-0.097	0.357	49.55	0.373	0.433	714	759	-0.328458	0.065876	
A/duck/Fujian/12.7_FZHX12	0.2828	0.2276	0.4797	0.2463	0.156	-0.099	0.356	49.50	0.373	0.433	714	759	-0.332147	0.065876	
A/duck/Guangdong/11.18_SZ	0.2781	0.2332	0.4578	0.2689	0.155	-0.091	0.360	50.88	0.394	0.439	713	759	-0.320290	0.065876	
A/duck/Guangdong/11.18_SZ	0.2781	0.2332	0.4578	0.2689	0.155	-0.091	0.360	50.88	0.394	0.439	713	759	-0.320290	0.065876	
A/duck/Guangdong/11.18_SZ	0.2781	0.2332	0.4578	0.2684	0.155	-0.092	0.360	50.93	0.394	0.440	713	759	-0.327141	0.065876	
A/duck/Guangdong/23/2004_	0.2633	0.2530	0.4413	0.2794	0.157	-0.090	0.361	53.41	0.418	0.447	715	759	-0.314229	0.064559	
A/duck/Guangdong/GD01/201	0.2887	0.2320	0.4336	0.2855	0.150	-0.111	0.349	54.06	0.405	0.442	716	759	-0.319236	0.065876	
A/duck/Guangdong/s14044/2	0.2556	0.2521	0.4463	0.2831	0.157	-0.107	0.349	50.95	0.420	0.446	716	759	-0.288142	0.065876	
A/duck/Guangdong/wy11/200	0.2616	0.2478	0.4370	0.2923	0.163	-0.087	0.362	51.48	0.424	0.449	715	759	-0.294993	0.065876	
A/duck/Guangdong/wy19/200	0.2638	0.2500	0.4360	0.2891	0.164	-0.077	0.368	51.84	0.423	0.448	714	759	-0.317655	0.065876	
A/duck/Guangdong/wy24/200	0.2667	0.2427	0.4413	0.2849	0.158	-0.093	0.358	51.59	0.415	0.447	716	759	-0.288406	0.065876	
A/duck/Guangzhou/018/2014	0.2921	0.2302	0.4310	0.2878	0.151	-0.114	0.348	54.30	0.405	0.442	716	759	-0.318445	0.065876	
A/duck/Guangzhou/021/2014	0.2899	0.2316	0.4310	0.2878	0.150	-0.113	0.348	54.09	0.406	0.443	716	759	-0.319236	0.065876	
A/duck/Guangzhou/41227/20	0.2781	0.2418	0.4435	0.2754	0.156	-0.076	0.370	51.23	0.405	0.442	713	759	-0.322793	0.065876	
A/duck/Guizhou/7.27_ZYLJJ	0.2828	0.2293	0.4553	0.2689	0.159	-0.087	0.363	50.84	0.391	0.438	713	759	-0.325823	0.065876	
A/duck/Guizhou/8.26_ZYLJJ	0.2759	0.2328	0.4628	0.2657	0.160	-0.080	0.367	50.77	0.391	0.438	713	759	-0.329908	0.065876	
A/duck/Guizhou/8.26_ZYLJJ	0.2759	0.2328	0.4645	0.2643	0.158	-0.085	0.365	50.73	0.390	0.437	713	759	-0.332806	0.065876	
A/duck/Hainan/12.29_HKPL0	0.2793	0.2310	0.4628	0.2638	0.157	-0.090	0.362	50.88	0.388	0.437	713	759	-0.329908	0.065876	
A/duck/Hebei/0908/2009_H5	0.2847	0.2281	0.4034	0.3229	0.146	-0.114	0.347	52.35	0.432	0.450	715	759	-0.326877	0.064559	
A/duck/Hong_Kong/342/1978	0.2724	0.2431	0.4242	0.2996	0.151	-0.106	0.352	53.49	0.426	0.449	714	759	-0.317918	0.065876	
A/duck/Hsinchu/15020216/2	0.2867	0.2332	0.4233	0.2965	0.152	-0.110	0.349	51.06	0.415	0.443	713	759	-0.317786	0.065876	
A/duck/HuBei/03/2010_H5N5	0.2693	0.2470	0.4322	0.2870	0.161	-0.084	0.365	53.14	0.420	0.450	716	759	-0.321871	0.065876	
A/duck/Hubei/2911/2007_H5	0.2646	0.2440	0.4000	0.3297	0.148	-0.099	0.356	52.33	0.451	0.458	714	759	-0.306456	0.065876	
A/duck/Hubei/49/2005_H5N1	0.2620	0.2534	0.4331	0.2860	0.158	-0.093	0.358	52.81	0.425	0.450	717	759	-0.320290	0.065876	
A/duck/Hubei/SZY250/2016_	0.2543	0.2509	0.4587	0.2722	0.153	-0.107	0.350	50.15	0.411	0.445	715	759	-0.298946	0.065876	
A/duck/Hubei/xn/2007_H5N1	0.2654	0.2500	0.4298	0.2901	0.157	-0.094	0.358	52.99	0.425	0.451	717	759	-0.316074	0.065876	
A/duck/Hunan/01.12_YYGK82	0.2820	0.2284	0.4678	0.2606	0.158	-0.089	0.362	51.31	0.383	0.435	712	759	-0.325692	0.065876	
A/duck/Hunan/03.07_YYGK25	0.2729	0.2349	0.4687	0.2625	0.154	-0.095	0.359	50.87	0.390	0.436	713	759	-0.333201	0.065876	
A/duck/Hunan/03.07_YYGK4L	0.2715	0.2371	0.4704	0.2583	0.153	-0.084	0.364	50.37	0.389	0.437	714	759	-0.349934	0.065876	
A/duck/Hunan/03.24_YYGK17	0.2820	0.2266	0.4746	0.2556	0.155	-0.098	0.357	50.19	0.378	0.432	712	759	-0.336495	0.065876	
A/duck/Hunan/03.24_YYGK17	0.2820	0.2284	0.4729	0.2556	0.154	-0.098	0.357	50.39	0.379	0.432	712	759	-0.336495	0.065876	
A/duck/Hunan/03.24_YYGK18	0.2815	0.2280	0.4737	0.2560	0.155	-0.096	0.358	50.37	0.379	0.432	712	759	-0.336100	0.065876	
A/duck/Hunan/03.24_YYGK21	0.2820	0.2266	0.4746	0.2556	0.155	-0.098	0.357	50.19	0.378	0.432	712	759	-0.336495	0.065876	
A/duck/Hunan/1.12_YYGK68H	0.2759	0.2345	0.4627	0.2657	0.160	-0.085	0.365	50.78	0.393	0.438	713	759	-0.336100	0.067194	
A/duck/Hunan/1.12_YYGK72H	0.2759	0.2345	0.4627	0.2657	0.160	-0.085	0.365	50.49	0.393	0.438	713	759	-0.336100	0.067194	
A/duck/Hunan/1.12_YYGK74H	0.2820	0.2284	0.4678	0.2606	0.158	-0.089	0.362	51.31	0.383	0.435	712	759	-0.325692	0.065876	
A/duck/Hunan/1.17_YYGKK80	0.2754	0.2392	0.4729	0.2495	0.157	-0.074	0.370	50.60	0.384	0.436	713	759	-0.342556	0.065876	
A/duck/Hunan/11.30_YYGK59	0.2781	0.2349	0.4645	0.2587	0.159	-0.083	0.366	50.18	0.388	0.439	713	759	-0.329644	0.065876	
A/duck/Hunan/11.30_YYGK62	0.2734	0.2370	0.4559	0.2746	0.156	-0.089	0.362	51.53	0.400	0.439	712	759	-0.329381	0.065876	
A/duck/Hunan/11.30_YYGK63	0.2738	0.2374	0.4567	0.2732	0.157	-0.088	0.363	51.46	0.399	0.439	711	759	-0.320949	0.065876	
A/duck/Hunan/11.30_YYGK74	0.2741	0.2431	0.4141	0.3071	0.157	-0.078	0.368	50.80	0.433	0.451	714	759	-0.335573	0.065876	
A/duck/Hunan/11.30_YYGK75	0.2741	0.2431	0.4141	0.3071	0.157	-0.078	0.368	50.80	0.433	0.451	714	759	-0.335573	0.065876	
A/duck/Hunan/12.27_YYGK10	0.2754	0.2375	0.4746	0.2495	0.158	-0.074	0.370	50.42	0.383	0.435	713	759	-0.342556	0.065876	
A/duck/Hunan/12.27_YYGK60	0.2773	0.2357	0.4704	0.2546	0.160	-0.083	0.367	50.65	0.385	0.436	712	759	-0.336100	0.065876	
A/duck/Hunan/12.27_YYGK71	0.2754	0.2375	0.4746	0.2495	0.158	-0.074	0.370	50.42	0.383	0.435	713	759	-0.342556	0.065876	
A/duck/Hunan/12.27_YYGK73	0.2773	0.2357	0.4721	0.2528	0.160	-0.083	0.367	50.74	0.383	0.436	712	759	-0.336100	0.065876	
A/duck/Hunan/12.27_YYGK81	0.2754	0.2375	0.4746	0.2495	0.158	-0.074	0.370	50.42	0.383	0.435	713	759	-0.342556	0.065876	
A/duck/Hunan/12.27_YYGK86	0.2773	0.2357	0.4721	0.2528	0.159	-0.085	0.365	50.55	0.383	0.436	712	759	-0.336100	0.065876	
A/duck/Hunan/12.27_YYGK89	0.2754	0.2375	0.4746	0.2495	0.158	-0.074	0.370	50.42	0.383	0.435	713	759	-0.342556	0.065876	
A/duck/Hunan/12.27_YYGK91	0.2754	0.2375	0.4746	0.2495	0.158	-0.074	0.370	50.42	0.383	0.435	713	759	-0.342556	0.065876	
A/duck/Hunan/12.27_YYGK93	0.2754	0.2375	0.4746	0.2495	0.158	-0.074	0.370	50.42	0.383	0.435	713	759	-0.342556	0.065876	
A/duck/Hunan/12.27_YYGK95	0.2754	0.2375	0.4746	0.2495	0.158	-0.074	0.370	50.42	0.383	0.435	713	759	-0.342556	0.065876	
A/duck/Hunan/12.27_YYGK96	0.2754	0.2375	0.4746	0.2495	0.158	-0.074	0.370	50.42	0.383	0.435	713	759	-0.342556	0.065876	
A/duck/Hunan/12.27_YYGK97	0.2754	0.2375	0.4746	0.2495	0.158	-0.074	0.370	50.42	0.383	0.435	713	759	-0.342556	0.065876	
A/duck/Hunan/2.06_YYGK77J	0.2729	0.2349	0.4687	0.2625	0.154	-0.095	0.359	50.87	0.390	0.436	713	759	-0.333201	0.065876	
A/duck/Hunan/2.06_YYGK78J	0.2793	0.2328	0.4720	0.2551	0.156	-0.094	0.359	50.38	0.383	0.435	713	759	-0.333597	0.067194	
A/duck/Hunan/2.06_YYGK84J	0.2724	0.2345	0.4687	0.2625	0.152	-0.097	0.358	50.75	0.390	0.437	713	759	-0.333992	0.065876	
A/duck/Hunan/2.06_YYGK92J	0.2729	0.2349	0.4687	0.2625	0.154	-0.095	0.359	50.87	0.390	0.436	713	759	-0.333201	0.065876	
A/duck/Hunan/3/2007_H5N1|	0.2663	0.2526	0.4379	0.2797	0.163	-0.060	0.378	53.34	0.419	0.447	716	759	-0.323979	0.065876	
A/duck/Hunan/316/2005_H5N	0.2741	0.2379	0.4446	0.2807	0.157	-0.095	0.358	52.06	0.407	0.443	715	759	-0.322134	0.065876	
A/duck/Hunan/3315/2006_H5	0.2763	0.2383	0.4293	0.2936	0.156	-0.096	0.358	54.28	0.418	0.449	713	759	-0.318182	0.065876	
A/duck/Hunan/689/2006_H5N	0.2651	0.2444	0.4024	0.3284	0.146	-0.098	0.356	52.70	0.450	0.456	714	759	-0.332148	0.065876	
A/duck/Hunan/7.21_YYGK41Y	0.2754	0.2272	0.4746	0.2606	0.156	-0.089	0.362	50.09	0.383	0.436	713	759	-0.333860	0.065876	
A/duck/Hunan/733/2004_H5N	0.2749	0.2423	0.4279	0.2914	0.160	-0.091	0.360	53.01	0.420	0.451	716	759	-0.318182	0.065876	
A/duck/Hunan/8/2008_H5N1|	0.2732	0.2543	0.4252	0.2834	0.164	-0.059	0.379	52.79	0.424	0.450	715	759	-0.322134	0.065876	
A/duck/Hunan/S4020/2008_H	0.2744	0.2453	0.4336	0.2839	0.162	-0.070	0.373	53.39	0.416	0.448	716	759	-0.316864	0.065876	
A/duck/Hunan/S4030/2011_H	0.2723	0.2500	0.4266	0.2910	0.151	-0.110	0.349	54.42	0.425	0.448	716	759	-0.327800	0.065876	
A/duck/Hunan/S4101/2011_H	0.2793	0.2310	0.4185	0.3101	0.145	-0.113	0.347	52.16	0.424	0.447	714	759	-0.325165	0.065876	
A/duck/Hunan/S4120/2011_H	0.2737	0.2358	0.4242	0.3046	0.146	-0.108	0.350	51.71	0.424	0.448	714	759	-0.325560	0.065876	
A/duck/Hunan/S4150/2011_H	0.2732	0.2474	0.4245	0.2925	0.160	-0.070	0.373	53.71	0.425	0.449	716	759	-0.322398	0.065876	
A/duck/Hunan/S4220/2011_H	0.2847	0.2367	0.4259	0.2928	0.153	-0.099	0.356	53.55	0.415	0.446	716	759	-0.322925	0.065876	
A/duck/Jiangsu/m234/2012_	0.2624	0.2470	0.4454	0.2826	0.159	-0.098	0.355	51.00	0.416	0.447	716	759	-0.310277	0.065876	
A/duck/Jiangxi/01.11_NCNP	0.2741	0.2276	0.4721	0.2638	0.156	-0.089	0.362	50.52	0.386	0.436	713	759	-0.334387	0.065876	
A/duck/Jiangxi/10160/2014	0.2864	0.2350	0.4310	0.2868	0.151	-0.102	0.355	53.30	0.409	0.445	716	759	-0.327009	0.065876	
A/duck/Jiangxi/11.17_NCNP	0.2798	0.2263	0.4670	0.2657	0.158	-0.090	0.362	50.60	0.386	0.435	713	759	-0.334256	0.065876	
A/duck/Jiangxi/11.17_NCNP	0.2798	0.2263	0.4670	0.2657	0.158	-0.090	0.362	50.60	0.386	0.435	713	759	-0.334256	0.065876	
A/duck/Jiangxi/11.29_NCDZ	0.2729	0.2332	0.4755	0.2565	0.160	-0.069	0.374	50.70	0.384	0.435	713	759	-0.332543	0.065876	
A/duck/Jiangxi/11.29_NCNP	0.2754	0.2386	0.4658	0.2570	0.163	-0.076	0.371	51.10	0.390	0.440	703	749	-0.334980	0.066756	
A/duck/Jiangxi/11.29_NCNP	0.2707	0.2276	0.4729	0.2680	0.153	-0.094	0.359	50.83	0.388	0.436	713	759	-0.337945	0.065876	
A/duck/Jiangxi/120/2011_H	0.2754	0.2461	0.4334	0.2815	0.161	-0.081	0.367	53.07	0.416	0.449	714	759	-0.322661	0.065876	
A/duck/Jiangxi/130/2011_H	0.2710	0.2487	0.4235	0.2943	0.161	-0.068	0.374	53.47	0.427	0.450	716	759	-0.338603	0.065876	
A/duck/Jiangxi/13469/2014	0.2830	0.2384	0.4276	0.2910	0.148	-0.109	0.351	52.82	0.415	0.446	716	759	-0.326614	0.065876	
A/duck/Jiangxi/13475/2014	0.2830	0.2401	0.4259	0.2910	0.149	-0.107	0.352	52.86	0.416	0.447	716	759	-0.326614	0.065876	
A/duck/Jiangxi/13484/2014	0.2830	0.2401	0.4259	0.2910	0.148	-0.110	0.351	52.83	0.416	0.446	716	759	-0.325560	0.065876	
A/duck/Jiangxi/2.28NCNP23	0.2746	0.2332	0.4636	0.2680	0.155	-0.095	0.359	51.01	0.393	0.437	713	759	-0.333201	0.065876	
A/duck/Jiangxi/2.28_NCNP2	0.2746	0.2332	0.4636	0.2680	0.155	-0.095	0.359	51.01	0.393	0.437	713	759	-0.333201	0.065876	
A/duck/Jiangxi/34/2011_H5	0.2911	0.2329	0.4274	0.2907	0.152	-0.102	0.355	52.57	0.409	0.443	716	759	-0.321080	0.065876	
A/duck/Jiangxi/35/2011_H5	0.2877	0.2329	0.4276	0.2915	0.151	-0.099	0.356	52.69	0.411	0.445	716	759	-0.326219	0.065876	
A/duck/Jiangxi/44/2011_H5	0.2832	0.2263	0.4941	0.2329	0.155	-0.076	0.370	49.54	0.360	0.426	714	759	-0.326351	0.065876	
A/duck/Jiangxi/5.26_NCDZT	0.2741	0.2259	0.4670	0.2712	0.154	-0.092	0.360	50.65	0.390	0.437	713	759	-0.334387	0.065876	
A/duck/Jiangxi/80/2005_H5	0.2663	0.2491	0.4444	0.2761	0.159	-0.086	0.364	52.43	0.414	0.448	715	759	-0.313702	0.065876	
A/duck/Jilin/JL-SIV/2013_	0.2785	0.2388	0.4469	0.2749	0.158	-0.076	0.370	53.75	0.403	0.444	713	759	-0.322925	0.065876	
A/duck/Kaohsiung/15010213	0.2850	0.2349	0.4233	0.2965	0.151	-0.112	0.348	51.12	0.417	0.443	713	759	-0.317786	0.065876	
A/duck/Kaohsiung/15WB3298	0.2702	0.2358	0.4057	0.3297	0.151	-0.101	0.354	51.37	0.443	0.454	714	759	-0.315810	0.067194	
A/duck/Kaohsiung/20WB0242	0.2719	0.2427	0.4259	0.2972	0.158	-0.075	0.370	50.24	0.424	0.447	714	759	-0.324506	0.065876	
A/duck/Liaoning/LN/2011_H	0.2699	0.2439	0.4377	0.2881	0.162	-0.083	0.366	52.87	0.417	0.447	714	759	-0.330962	0.065876	
A/duck/Nanchang/9789/2013	0.2803	0.2376	0.4310	0.2902	0.150	-0.111	0.349	53.02	0.413	0.445	716	759	-0.326087	0.065876	
A/duck/Nantou/15A3437/201	0.2850	0.2349	0.4233	0.2970	0.151	-0.109	0.349	51.01	0.417	0.442	713	759	-0.314361	0.065876	
A/duck/Nantou/17A0243/201	0.2815	0.2366	0.4223	0.3002	0.151	-0.118	0.345	51.53	0.421	0.444	713	759	-0.324506	0.065876	
A/duck/Pingtung/15010180/	0.2702	0.2410	0.3983	0.3291	0.146	-0.128	0.339	51.13	0.448	0.456	714	759	-0.337154	0.064559	
A/duck/Pingtung/15010444/	0.2850	0.2349	0.4266	0.2928	0.152	-0.110	0.349	51.16	0.414	0.442	713	759	-0.317786	0.065876	
A/duck/Pingtung/17A0160/2	0.2798	0.2383	0.4223	0.3002	0.152	-0.115	0.346	51.60	0.422	0.444	713	759	-0.324506	0.065876	
A/duck/Pingtung/18A00003-	0.2815	0.2366	0.4172	0.3057	0.150	-0.127	0.339	51.97	0.425	0.444	713	759	-0.327931	0.065876	
A/duck/Pingtung/18A00076-	0.2879	0.2328	0.4155	0.3050	0.149	-0.120	0.344	51.19	0.421	0.442	713	759	-0.320817	0.065876	
A/duck/Pingtung/18X00077/	0.2803	0.2353	0.4247	0.3013	0.150	-0.103	0.354	51.45	0.420	0.445	712	759	-0.333992	0.065876	
A/duck/Shandong/009/2008_	0.2565	0.2513	0.4237	0.3100	0.147	-0.116	0.346	50.10	0.440	0.452	711	759	-0.325955	0.065876	
A/duck/Shandong/Q1/2013_H	0.2556	0.2521	0.4478	0.2818	0.158	-0.100	0.354	51.18	0.420	0.448	715	759	-0.302240	0.065876	
A/duck/Shandong/SD0261/20	0.2867	0.2321	0.4192	0.2978	0.149	-0.098	0.355	50.38	0.417	0.445	715	759	-0.320685	0.067194	
A/duck/Shandong/SD0263/20	0.2855	0.2342	0.4192	0.2978	0.151	-0.094	0.358	50.47	0.418	0.445	715	759	-0.319368	0.067194	
A/duck/Sichuan/NCXJ15/201	0.2887	0.2337	0.4351	0.2818	0.150	-0.105	0.352	52.72	0.404	0.443	715	759	-0.323584	0.065876	
A/duck/Sichuan/NCXJ16/201	0.2869	0.2354	0.4317	0.2855	0.150	-0.105	0.352	53.09	0.408	0.444	715	759	-0.323584	0.065876	
A/duck/Sichuan/NCXN10/201	0.2916	0.2281	0.4319	0.2897	0.149	-0.115	0.347	54.00	0.404	0.441	717	759	-0.315151	0.065876	
A/duck/Sichuan/NCXN11/201	0.2887	0.2320	0.4293	0.2915	0.150	-0.114	0.348	54.10	0.409	0.443	716	759	-0.318445	0.065876	
A/duck/Sichuan/SC4822/202	0.2690	0.2310	0.4579	0.2799	0.149	-0.118	0.345	50.55	0.401	0.441	714	759	-0.319763	0.065876	
A/duck/Sichuan/SC5698/202	0.2690	0.2310	0.4562	0.2818	0.149	-0.120	0.343	50.52	0.402	0.442	714	759	-0.319763	0.065876	
A/duck/Taichung/15010400-	0.2832	0.2366	0.4266	0.2928	0.152	-0.107	0.351	50.89	0.415	0.443	713	759	-0.317786	0.065876	
A/duck/Tainan/15010403/20	0.2586	0.2500	0.4579	0.2689	0.156	-0.110	0.348	49.55	0.408	0.445	715	759	-0.305270	0.065876	
A/duck/Tainan/16010020-1/	0.2867	0.2383	0.4216	0.2934	0.156	-0.098	0.356	51.52	0.417	0.444	713	759	-0.314097	0.065876	
A/duck/Tainan/16WB3443-15	0.2582	0.2530	0.4091	0.3199	0.151	-0.094	0.359	50.20	0.450	0.456	714	759	-0.328590	0.065876	
A/duck/Taipei/05WB830-1-5	0.2737	0.2358	0.4209	0.3088	0.144	-0.128	0.339	52.35	0.427	0.449	714	759	-0.325165	0.065876	
A/duck/Taipei/18WB0120-1-	0.2676	0.2367	0.4242	0.3077	0.153	-0.098	0.356	51.35	0.429	0.451	714	759	-0.327536	0.065876	
A/duck/Taipei/19WB0235-14	0.2702	0.2427	0.4202	0.3059	0.152	-0.103	0.354	51.99	0.431	0.451	715	759	-0.328195	0.065876	
A/duck/Taiwan/01006/2015_	0.2867	0.2349	0.4233	0.2947	0.152	-0.107	0.351	51.22	0.415	0.442	713	759	-0.314624	0.065876	
A/duck/Taiwan/11213/2013_	0.2543	0.2509	0.4168	0.3157	0.150	-0.102	0.354	51.38	0.446	0.456	715	759	-0.328063	0.065876	
A/duck/Taiwan/11254/2013_	0.2560	0.2491	0.4185	0.3144	0.151	-0.100	0.355	50.97	0.443	0.455	715	759	-0.327668	0.065876	
A/duck/Taiwan/A3400/2015_	0.2707	0.2397	0.4040	0.3260	0.148	-0.120	0.343	51.30	0.444	0.454	714	759	-0.325033	0.065876	
A/duck/Taiwan/DV1238/2009	0.2552	0.2517	0.4266	0.3040	0.147	-0.105	0.352	51.72	0.438	0.452	713	759	-0.329381	0.065876	
A/duck/Taiwan/DV1241/2009	0.2552	0.2517	0.4266	0.3040	0.147	-0.105	0.352	51.72	0.438	0.452	713	759	-0.329381	0.065876	
A/duck/Taiwan/DV1242/2009	0.2552	0.2517	0.4266	0.3040	0.147	-0.105	0.352	51.72	0.438	0.452	713	759	-0.329381	0.065876	
A/duck/Taoyuan/16010023-1	0.2872	0.2353	0.4240	0.2939	0.154	-0.097	0.357	51.41	0.414	0.442	712	759	-0.317128	0.065876	
A/duck/Wenzhou/YJYF33/201	0.2561	0.2474	0.4223	0.3143	0.145	-0.124	0.341	50.25	0.441	0.452	712	759	-0.331752	0.065876	
A/duck/Wuhan/JXYFB22/2015	0.2904	0.2320	0.4235	0.2947	0.152	-0.100	0.356	53.98	0.412	0.444	716	759	-0.314361	0.065876	
A/duck/Wuhan/WHYF02/2015_	0.2911	0.2295	0.4274	0.2944	0.147	-0.120	0.344	53.79	0.409	0.440	716	759	-0.323715	0.065876	
A/duck/Xinjiang/12.18_WLM	0.2737	0.2410	0.4269	0.2967	0.157	-0.084	0.365	51.42	0.422	0.448	715	759	-0.325033	0.065876	
A/duck/Yilan/17A0092/2017	0.2845	0.2328	0.4240	0.2989	0.150	-0.115	0.346	51.93	0.417	0.443	713	759	-0.332016	0.065876	
A/duck/Yunlin/15010244-1/	0.2832	0.2366	0.4266	0.2928	0.152	-0.107	0.351	50.91	0.415	0.443	713	759	-0.317786	0.065876	
A/duck/Yunlin/15010277/20	0.2564	0.2513	0.4596	0.2670	0.156	-0.109	0.348	49.66	0.408	0.445	715	759	-0.302767	0.065876	
A/duck/Yunlin/15010310-4/	0.2832	0.2366	0.4250	0.2947	0.152	-0.107	0.351	51.09	0.417	0.443	713	759	-0.317786	0.065876	
A/duck/Yunlin/15010318-2/	0.2850	0.2349	0.4233	0.2965	0.152	-0.107	0.351	51.10	0.417	0.443	713	759	-0.317786	0.065876	
A/duck/Yunlin/15010369-1/	0.2832	0.2366	0.4266	0.2928	0.152	-0.107	0.351	50.91	0.415	0.443	713	759	-0.317786	0.065876	
A/duck/Yunlin/15010458-1/	0.2568	0.2517	0.4613	0.2652	0.156	-0.110	0.348	49.63	0.407	0.444	715	759	-0.305270	0.065876	
A/duck/Yunlin/15070002-2/	0.2850	0.2366	0.4216	0.2970	0.154	-0.103	0.353	51.28	0.418	0.443	713	759	-0.317391	0.065876	
A/duck/Yunlin/15A5019/201	0.2828	0.2379	0.4226	0.2970	0.153	-0.101	0.354	51.37	0.419	0.443	714	759	-0.313966	0.065876	
A/duck/Yunlin/17110001/20	0.2759	0.2414	0.4247	0.2970	0.154	-0.102	0.354	51.82	0.423	0.445	712	759	-0.313834	0.065876	
A/duck/Yunlin/17A0086/201	0.2845	0.2345	0.4223	0.2983	0.151	-0.112	0.348	51.83	0.418	0.443	713	759	-0.325296	0.065876	
A/duck/Yunlin/17A0686/201	0.2803	0.2388	0.4291	0.2928	0.152	-0.121	0.344	51.56	0.417	0.442	713	759	-0.323188	0.065876	
A/duck/Yunlin/18060007-3/	0.2744	0.2419	0.4257	0.2947	0.153	-0.100	0.355	52.12	0.422	0.446	713	759	-0.303030	0.065876	
A/duck/Yunlin/18X00007-3/	0.2855	0.2353	0.4307	0.2873	0.159	-0.078	0.368	51.00	0.410	0.444	712	759	-0.324374	0.065876	
A/duck/Yunnan/4072/2003_H	0.2710	0.2487	0.4303	0.2868	0.156	-0.088	0.362	53.46	0.421	0.449	715	759	-0.314097	0.065876	
A/duck/Yunnan/426/2004_H5	0.2710	0.2470	0.4327	0.2873	0.158	-0.077	0.368	53.44	0.420	0.448	715	759	-0.320026	0.064559	
A/duck/Yunnan/4645/2003_H	0.2710	0.2487	0.4303	0.2868	0.156	-0.086	0.364	53.47	0.421	0.449	715	759	-0.313044	0.065876	
A/duck/Yunnan/47/2006_H5N	0.2621	0.2552	0.4310	0.2899	0.162	-0.068	0.374	52.81	0.429	0.451	714	759	-0.324638	0.065876	
A/duck/Yunnan/485/2004_H5	0.2693	0.2487	0.4319	0.2868	0.156	-0.088	0.362	53.33	0.421	0.450	715	759	-0.310804	0.065876	
A/duck/Yunnan/4873/2006_H	0.2633	0.2547	0.4286	0.2912	0.160	-0.077	0.369	53.04	0.429	0.451	715	759	-0.322661	0.065876	
A/duck/Yunnan/5090/2003_H	0.2710	0.2487	0.4303	0.2868	0.156	-0.088	0.362	53.46	0.421	0.449	715	759	-0.314097	0.065876	
A/duck/Yunnan/5169/2003_H	0.2710	0.2487	0.4303	0.2868	0.156	-0.088	0.362	53.46	0.421	0.449	715	759	-0.314097	0.065876	
A/duck/Yunnan/522/2004_H5	0.2727	0.2470	0.4310	0.2873	0.159	-0.075	0.369	53.56	0.420	0.448	715	759	-0.320026	0.064559	
A/duck/Yunnan/5310/2006_H	0.2637	0.2534	0.4214	0.2974	0.157	-0.088	0.361	53.78	0.434	0.452	717	759	-0.316732	0.065876	
A/duck/Yunnan/5948/2003_H	0.2710	0.2487	0.4303	0.2868	0.157	-0.083	0.365	53.44	0.421	0.450	715	759	-0.314097	0.065876	
A/duck/Yunnan/6080/2003_H	0.2688	0.2483	0.4329	0.2868	0.155	-0.088	0.362	53.33	0.420	0.449	716	759	-0.310672	0.065876	
A/duck/Yunnan/6603/2003_H	0.2698	0.2474	0.4346	0.2844	0.156	-0.088	0.362	53.23	0.418	0.448	715	759	-0.314097	0.065876	
A/duck/Zhejiang/1026109/2	0.2534	0.2568	0.4587	0.2675	0.158	-0.089	0.361	49.71	0.413	0.445	715	759	-0.306061	0.067194	
A/duck/Zhejiang/1220092/2	0.2622	0.2483	0.4216	0.3059	0.146	-0.122	0.342	49.84	0.436	0.451	711	759	-0.322925	0.065876	
A/duck/Zhejiang/213/2011_	0.2638	0.2500	0.4343	0.2899	0.155	-0.090	0.361	51.98	0.424	0.451	714	759	-0.319763	0.065876	
A/duck/Zhejiang/224/2011_	0.2882	0.2264	0.4319	0.2928	0.150	-0.115	0.346	52.25	0.406	0.441	716	759	-0.322398	0.065876	
A/duck/Zhejiang/2242/2011	0.2882	0.2264	0.4319	0.2928	0.150	-0.115	0.346	52.25	0.406	0.441	716	759	-0.322398	0.065876	
A/duck/Zhejiang/2243/2011	0.2882	0.2264	0.4319	0.2928	0.150	-0.115	0.346	52.25	0.406	0.441	716	759	-0.322398	0.065876	
A/duck/Zhejiang/2244/2011	0.2882	0.2264	0.4319	0.2928	0.150	-0.115	0.346	52.25	0.406	0.441	716	759	-0.322398	0.065876	
A/duck/Zhejiang/2245/2011	0.2707	0.2466	0.4336	0.2852	0.162	-0.078	0.368	51.98	0.419	0.448	714	759	-0.320290	0.065876	
A/duck/Zhejiang/2248/2011	0.2882	0.2264	0.4319	0.2928	0.150	-0.115	0.346	52.25	0.406	0.441	716	759	-0.322398	0.065876	
A/duck/Zhejiang/6D18/2013	0.2595	0.2457	0.4185	0.3150	0.144	-0.109	0.350	52.24	0.441	0.453	715	759	-0.322003	0.065876	
A/duck/Zhejiang/6D2/2013_	0.2847	0.2350	0.4327	0.2868	0.150	-0.109	0.351	53.20	0.409	0.445	716	759	-0.327009	0.065876	
A/duck/Zhejiang/6DK19/201	0.2847	0.2350	0.4327	0.2868	0.150	-0.109	0.351	53.20	0.409	0.445	716	759	-0.327009	0.065876	
A/duck/Zhejiang/727041/20	0.2926	0.2289	0.4266	0.2934	0.150	-0.112	0.350	54.17	0.408	0.443	715	759	-0.328458	0.065876	
A/duck/Zhejiang/727158/20	0.2899	0.2316	0.4310	0.2884	0.149	-0.111	0.349	54.35	0.406	0.442	716	759	-0.318841	0.065876	
A/duck/Zhejiang/77138/201	0.2938	0.2251	0.4259	0.2952	0.151	-0.112	0.348	52.68	0.407	0.444	715	759	-0.312912	0.065876	
A/duck/Zhejiang/925019/20	0.2590	0.2521	0.4165	0.3107	0.146	-0.101	0.354	51.86	0.443	0.455	714	759	-0.325033	0.065876	
A/duck/Zhejiang/925169/20	0.2624	0.2504	0.4155	0.3112	0.146	-0.099	0.354	52.05	0.441	0.454	714	759	-0.318445	0.065876	
A/duck/Zhejiang/W24/2013_	0.2595	0.2491	0.4132	0.3168	0.145	-0.107	0.350	52.19	0.445	0.455	714	759	-0.330698	0.065876	
A/egret/Zhejiang/W15/2017	0.2872	0.2215	0.4595	0.2707	0.153	-0.103	0.353	49.65	0.386	0.436	713	759	-0.331093	0.065876	
A/egret/Zhejiang/W18/2017	0.2629	0.2405	0.4262	0.3090	0.148	-0.103	0.352	51.09	0.432	0.451	716	759	-0.306324	0.065876	
A/equine/China/61/2010_H5	0.2651	0.2547	0.4303	0.2875	0.161	-0.072	0.372	53.08	0.427	0.451	715	759	-0.322661	0.065876	
A/equine/China/67/2010_H5	0.2651	0.2547	0.4269	0.2912	0.161	-0.072	0.372	53.25	0.429	0.451	715	759	-0.322661	0.065876	
A/equine/China/68/2010_H5	0.2729	0.2487	0.4327	0.2834	0.163	-0.079	0.368	52.85	0.419	0.448	714	759	-0.329117	0.065876	
A/eurasian_coot/Shandong/	0.2830	0.2350	0.4175	0.3009	0.150	-0.099	0.356	50.43	0.422	0.446	714	759	-0.318445	0.067194	
A/eurasian_coot/Shandong/	0.2830	0.2350	0.4175	0.3009	0.150	-0.099	0.356	50.43	0.422	0.446	714	759	-0.318445	0.067194	
A/eurasian_coot/Shandong/	0.2830	0.2350	0.4175	0.3009	0.150	-0.099	0.356	50.43	0.422	0.446	714	759	-0.318445	0.067194	
A/eurasian_coot/Shandong/	0.2830	0.2350	0.4175	0.3009	0.150	-0.099	0.356	50.43	0.422	0.446	714	759	-0.318445	0.067194	
A/feline/Guangdong/2/2015	0.2781	0.2314	0.4636	0.2657	0.157	-0.090	0.362	50.51	0.390	0.437	713	759	-0.330303	0.065876	
A/gadwall/Ningxia/YG61/20	0.2680	0.2491	0.4202	0.3004	0.157	-0.080	0.366	50.51	0.432	0.450	715	759	-0.322925	0.067194	
A/goose/Changhua/15040008	0.2832	0.2366	0.4250	0.2941	0.151	-0.112	0.348	50.74	0.417	0.443	713	759	-0.327931	0.065876	
A/goose/Chiayi/15010008-3	0.2850	0.2332	0.4317	0.2891	0.152	-0.107	0.351	51.02	0.410	0.441	713	759	-0.317786	0.065876	
A/goose/Chiayi/15010016-1	0.2850	0.2349	0.4233	0.2965	0.151	-0.110	0.349	51.22	0.417	0.443	713	759	-0.317786	0.065876	
A/goose/Chiayi/15020022/2	0.2568	0.2517	0.4596	0.2670	0.156	-0.108	0.350	49.62	0.408	0.445	715	759	-0.305270	0.065876	
A/goose/Chiayi/16010017-2	0.2850	0.2418	0.4199	0.2934	0.157	-0.093	0.359	51.55	0.419	0.445	713	759	-0.314097	0.065876	
A/goose/Chiayi/16040003-1	0.2867	0.2349	0.4209	0.2989	0.154	-0.106	0.352	51.03	0.417	0.442	714	759	-0.310408	0.065876	
A/goose/Chiayi/16040005/2	0.2867	0.2349	0.4209	0.2989	0.154	-0.106	0.352	51.03	0.417	0.442	714	759	-0.310408	0.065876	
A/goose/Chiayi/17020027-1	0.2815	0.2366	0.4233	0.2978	0.152	-0.112	0.348	51.54	0.419	0.444	713	759	-0.311067	0.065876	
A/goose/Chiayi/17040014/2	0.2897	0.2310	0.4257	0.2944	0.149	-0.107	0.351	51.00	0.411	0.441	713	759	-0.310804	0.065876	
A/goose/Chiayi/18010006/2	0.2741	0.2431	0.4264	0.2952	0.153	-0.100	0.355	51.64	0.423	0.444	712	759	-0.313834	0.065876	
A/goose/Chiayi/18020014-1	0.2719	0.2444	0.4230	0.3002	0.152	-0.105	0.352	52.22	0.428	0.447	713	759	-0.314756	0.065876	
A/goose/Chiayi/18020014-2	0.2719	0.2444	0.4230	0.3002	0.152	-0.105	0.352	52.22	0.428	0.447	713	759	-0.314756	0.065876	
A/goose/China/0701/2018_H	0.2746	0.2332	0.4602	0.2712	0.155	-0.097	0.358	52.09	0.396	0.439	713	759	-0.330830	0.065876	
A/goose/China/1/2021_H5N8	0.2842	0.2329	0.4209	0.2985	0.150	-0.104	0.352	50.14	0.418	0.444	715	759	-0.310145	0.068511	
A/goose/China/1106/2016_H	0.2547	0.2496	0.4587	0.2717	0.156	-0.103	0.352	48.99	0.410	0.445	714	759	-0.287088	0.065876	
A/goose/China/E43/2012_H5	0.2894	0.2312	0.4209	0.3007	0.151	-0.110	0.350	52.57	0.416	0.444	717	759	-0.327009	0.067194	
A/goose/China/M14/2016_H5	0.2693	0.2367	0.4262	0.3053	0.148	-0.110	0.348	50.91	0.426	0.449	716	759	-0.307114	0.065876	
A/goose/Eastern_China/111	0.2612	0.2474	0.4495	0.2771	0.161	-0.087	0.361	51.93	0.413	0.445	714	759	-0.294862	0.065876	
A/goose/Eastern_China/223	0.2569	0.2603	0.4327	0.2875	0.161	-0.071	0.373	52.61	0.431	0.451	714	759	-0.332806	0.065876	
A/goose/Eastern_China/CZ/	0.2612	0.2474	0.4148	0.3156	0.144	-0.108	0.350	52.13	0.443	0.454	714	759	-0.330303	0.065876	
A/goose/Eastern_China/L12	0.2556	0.2521	0.4478	0.2823	0.158	-0.103	0.352	50.88	0.420	0.447	715	759	-0.299209	0.065876	
A/goose/Eastern_China/L12	0.2715	0.2268	0.4341	0.3068	0.143	-0.124	0.341	49.52	0.418	0.447	713	759	-0.321080	0.065876	
A/goose/Eastern_China/S04	0.2663	0.2423	0.4185	0.3114	0.146	-0.107	0.351	52.83	0.435	0.452	715	759	-0.316601	0.065876	
A/goose/Eastern_China/S05	0.2869	0.2354	0.4353	0.2818	0.150	-0.109	0.351	53.78	0.405	0.443	716	759	-0.313834	0.065876	
A/goose/Fujian/10.11_FZHX	0.2810	0.2293	0.4755	0.2495	0.158	-0.094	0.359	49.77	0.377	0.434	714	759	-0.328458	0.065876	
A/goose/Fujian/10.26_FZHX	0.2798	0.2332	0.4645	0.2587	0.159	-0.083	0.366	50.17	0.387	0.438	713	759	-0.326482	0.065876	
A/goose/Fujian/10.26_FZHX	0.2798	0.2332	0.4645	0.2587	0.158	-0.083	0.366	50.15	0.387	0.438	713	759	-0.329249	0.065876	
A/goose/Fujian/10.26_FZHX	0.2798	0.2332	0.4645	0.2587	0.159	-0.083	0.366	50.17	0.387	0.438	713	759	-0.326482	0.065876	
A/goose/Fujian/10.26_FZHX	0.2798	0.2332	0.4645	0.2587	0.159	-0.083	0.366	50.17	0.387	0.438	713	759	-0.326482	0.065876	
A/goose/Fujian/10.26_FZHX	0.2798	0.2332	0.4645	0.2587	0.159	-0.083	0.366	50.17	0.387	0.438	713	759	-0.326482	0.065876	
A/goose/Fujian/10.26_FZHX	0.2798	0.2332	0.4645	0.2587	0.159	-0.083	0.366	50.17	0.387	0.438	713	759	-0.326482	0.065876	
A/goose/Fujian/10.26_FZHX	0.2798	0.2332	0.4645	0.2587	0.159	-0.083	0.366	50.17	0.387	0.438	713	759	-0.326482	0.065876	
A/goose/Fujian/10.26_FZHX	0.2798	0.2332	0.4645	0.2587	0.159	-0.083	0.366	50.17	0.387	0.438	713	759	-0.326482	0.065876	
A/goose/Fujian/10.26_FZHX	0.2798	0.2332	0.4645	0.2587	0.159	-0.083	0.366	50.17	0.387	0.438	713	759	-0.326482	0.065876	
A/goose/Fujian/11.3_FZHX1	0.2810	0.2293	0.4722	0.2532	0.158	-0.094	0.359	49.92	0.380	0.435	714	759	-0.328458	0.065876	
A/goose/Fujian/3.15_FZHX0	0.2759	0.2293	0.4653	0.2675	0.154	-0.099	0.356	50.90	0.390	0.437	713	759	-0.334387	0.065876	
A/goose/Fujian/3.15_FZHX0	0.2759	0.2293	0.4636	0.2694	0.154	-0.099	0.356	50.88	0.391	0.438	713	759	-0.334387	0.065876	
A/goose/Fujian/3.15_FZHX0	0.2741	0.2345	0.4653	0.2638	0.158	-0.084	0.365	50.77	0.391	0.438	713	759	-0.334387	0.065876	
A/goose/Fujian/3.15_FZHX0	0.2759	0.2293	0.4636	0.2694	0.155	-0.094	0.359	50.89	0.391	0.438	713	759	-0.334387	0.065876	
A/goose/Fujian/3.15_FZHX0	0.2805	0.2300	0.4606	0.2654	0.157	-0.097	0.358	50.94	0.389	0.438	704	749	-0.329640	0.066756	
A/goose/GuangDong/1189/20	0.2840	0.2203	0.4519	0.2818	0.143	-0.138	0.333	50.75	0.394	0.437	714	759	-0.323847	0.065876	
A/goose/Guangdong/7.20_DG	0.2746	0.2332	0.4619	0.2699	0.156	-0.090	0.362	51.47	0.394	0.437	713	759	-0.333729	0.065876	
A/goose/Guangdong/72/2004	0.2677	0.2522	0.4394	0.2807	0.160	-0.084	0.365	53.13	0.418	0.444	715	759	-0.323715	0.065876	
A/goose/Guangdong/QY01/20	0.2781	0.2263	0.4671	0.2647	0.158	-0.087	0.363	50.95	0.386	0.437	713	759	-0.326350	0.065876	
A/goose/Guangdong/k0103/2	0.2646	0.2440	0.4461	0.2836	0.156	-0.103	0.352	51.73	0.414	0.444	715	759	-0.301844	0.065876	
A/goose/Guangdong/s13124/	0.2556	0.2521	0.4463	0.2831	0.157	-0.107	0.349	50.95	0.420	0.446	716	759	-0.288142	0.065876	
A/goose/Hebei/HG12/2021_H	0.2830	0.2350	0.4175	0.3009	0.150	-0.099	0.356	50.36	0.422	0.447	714	759	-0.315152	0.067194	
A/goose/Henan/01.01_LYGL0	0.2781	0.2332	0.4585	0.2699	0.157	-0.093	0.360	50.44	0.394	0.438	713	759	-0.325165	0.065876	
A/goose/Hong_Kong/23/1978	0.2612	0.2474	0.4428	0.2862	0.157	-0.083	0.365	52.31	0.420	0.449	715	759	-0.321739	0.065876	
A/goose/Hubei/65/2005_H5N	0.2654	0.2500	0.4298	0.2907	0.158	-0.084	0.364	52.94	0.425	0.450	717	759	-0.319499	0.065876	
A/goose/Inner_Mongolia/IM	0.2788	0.2358	0.4209	0.3028	0.156	-0.090	0.361	51.78	0.423	0.448	714	759	-0.328722	0.065876	
A/goose/Jiangsu/QD5/2014_	0.2547	0.2496	0.4216	0.3138	0.142	-0.115	0.346	52.14	0.443	0.454	714	759	-0.329117	0.065876	
A/goose/Jiangsu/k0403/201	0.2732	0.2474	0.4327	0.2844	0.161	-0.062	0.378	52.98	0.418	0.446	715	759	-0.320026	0.065876	
A/goose/Pingtung/15010007	0.2850	0.2349	0.4250	0.2947	0.152	-0.110	0.349	51.09	0.415	0.443	713	759	-0.317786	0.065876	
A/goose/Pingtung/15010037	0.2850	0.2349	0.4233	0.2965	0.151	-0.110	0.349	51.27	0.417	0.443	713	759	-0.317786	0.065876	
A/goose/Pingtung/15050014	0.2719	0.2392	0.4050	0.3242	0.148	-0.116	0.345	51.34	0.442	0.453	715	759	-0.325033	0.065876	
A/goose/Pingtung/16010061	0.2754	0.2341	0.4091	0.3205	0.147	-0.120	0.343	51.14	0.436	0.451	714	759	-0.329249	0.065876	
A/goose/Shantou/1763/2014	0.2955	0.2285	0.4209	0.2965	0.152	-0.109	0.351	54.40	0.411	0.444	716	759	-0.318840	0.065876	
A/goose/Tainan/16040018-1	0.2737	0.2358	0.4098	0.3211	0.147	-0.120	0.343	51.07	0.437	0.451	714	759	-0.324506	0.067194	
A/goose/Tainan/16070002/2	0.2754	0.2358	0.4091	0.3187	0.148	-0.118	0.345	51.35	0.436	0.451	714	759	-0.329249	0.065876	
A/goose/Tainan/17030022-1	0.2793	0.2379	0.4257	0.2965	0.149	-0.117	0.345	51.50	0.419	0.444	713	759	-0.325296	0.065876	
A/goose/Tainan/17030024-1	0.2798	0.2366	0.4274	0.2965	0.154	-0.109	0.351	51.57	0.418	0.443	713	759	-0.330962	0.065876	
A/goose/Tainan/18010022-1	0.2781	0.2418	0.4223	0.2960	0.155	-0.103	0.354	52.04	0.423	0.446	712	759	-0.320158	0.065876	
A/goose/Tainan/18050014-1	0.2798	0.2366	0.4250	0.2978	0.153	-0.113	0.348	51.94	0.419	0.444	713	759	-0.311726	0.065876	
A/goose/Taiwan/01019/2015	0.2560	0.2509	0.4555	0.2721	0.155	-0.112	0.346	49.65	0.412	0.447	716	759	-0.303557	0.065876	
A/goose/Taiwan/01022/2015	0.2832	0.2366	0.4259	0.2923	0.152	-0.105	0.352	50.98	0.415	0.443	713	759	-0.313702	0.065876	
A/goose/Taiwan/01023/2015	0.2850	0.2349	0.4233	0.2965	0.152	-0.110	0.349	51.31	0.417	0.443	713	759	-0.317786	0.065876	
A/goose/Taiwan/01031/2015	0.2832	0.2366	0.4250	0.2947	0.152	-0.107	0.351	51.03	0.417	0.443	713	759	-0.317786	0.065876	
A/goose/Taiwan/01038/2015	0.2685	0.2427	0.4017	0.3254	0.147	-0.121	0.343	51.30	0.447	0.455	714	759	-0.328722	0.065876	
A/goose/Taiwan/01039/2015	0.2568	0.2517	0.4579	0.2689	0.156	-0.108	0.350	49.68	0.410	0.445	715	759	-0.305270	0.065876	
A/goose/Taiwan/01040/2015	0.2862	0.2345	0.4257	0.2934	0.151	-0.112	0.348	50.98	0.414	0.442	713	759	-0.317391	0.065876	
A/goose/Taiwan/TNC1/2015_	0.2603	0.2500	0.4545	0.2707	0.157	-0.108	0.350	49.72	0.410	0.445	715	759	-0.300395	0.065876	
A/goose/Taiwan/TNC10/2015	0.2603	0.2500	0.4545	0.2707	0.157	-0.108	0.350	49.72	0.410	0.445	715	759	-0.300395	0.065876	
A/goose/Taiwan/TNC11/2015	0.2586	0.2500	0.4579	0.2689	0.156	-0.110	0.348	49.46	0.408	0.445	715	759	-0.305270	0.065876	
A/goose/Taiwan/TNC12/2015	0.2603	0.2500	0.4545	0.2707	0.157	-0.108	0.350	49.72	0.410	0.445	715	759	-0.300395	0.065876	
A/goose/Taiwan/TNC14/2015	0.2603	0.2500	0.4545	0.2707	0.157	-0.108	0.350	49.72	0.410	0.445	715	759	-0.300395	0.065876	
A/goose/Taiwan/TNC3/2015_	0.2586	0.2500	0.4579	0.2689	0.157	-0.108	0.350	49.62	0.408	0.445	715	759	-0.305270	0.065876	
A/goose/Taiwan/TNC7/2015_	0.2603	0.2500	0.4545	0.2707	0.157	-0.108	0.350	49.72	0.410	0.445	715	759	-0.300395	0.065876	
A/goose/Taiwan/TNC9/2015_	0.2586	0.2500	0.4562	0.2707	0.156	-0.108	0.350	49.59	0.410	0.445	715	759	-0.305270	0.065876	
A/goose/Taiwan/TNO15/2015	0.2568	0.2517	0.4562	0.2707	0.155	-0.112	0.347	49.59	0.411	0.446	715	759	-0.305270	0.065876	
A/goose/Taiwan/TNO3/2015_	0.2568	0.2517	0.4579	0.2684	0.156	-0.107	0.350	49.60	0.410	0.446	715	759	-0.305665	0.065876	
A/goose/Taiwan/TNO9/2015_	0.2568	0.2517	0.4579	0.2689	0.156	-0.110	0.348	49.59	0.410	0.445	715	759	-0.305270	0.065876	
A/goose/Taoyuan/15010041/	0.2551	0.2534	0.4596	0.2670	0.155	-0.112	0.347	49.57	0.410	0.445	715	759	-0.305270	0.065876	
A/goose/Taoyuan/18120002-	0.2771	0.2410	0.4199	0.2991	0.156	-0.087	0.363	51.67	0.425	0.448	713	759	-0.325823	0.065876	
A/goose/Xinjiang/12.18_WL	0.2660	0.2435	0.4293	0.3009	0.151	-0.102	0.353	48.25	0.427	0.449	714	759	-0.309091	0.065876	
A/goose/Xinjiang/12.18_WL	0.2660	0.2435	0.4293	0.3004	0.150	-0.104	0.352	48.25	0.427	0.450	714	759	-0.309486	0.065876	
A/goose/Xinjiang/12.18_WL	0.2737	0.2410	0.4202	0.3040	0.155	-0.088	0.362	51.64	0.428	0.449	715	759	-0.328327	0.065876	
A/goose/Xinjiang/12.18_WL	0.2737	0.2410	0.4218	0.3022	0.156	-0.088	0.362	51.49	0.427	0.449	715	759	-0.328327	0.065876	
A/goose/Xinjiang/12.18_WL	0.2737	0.2410	0.4218	0.3022	0.156	-0.088	0.362	51.49	0.427	0.449	715	759	-0.328327	0.065876	
A/goose/Xinjiang/12.18_WL	0.2737	0.2410	0.4218	0.3022	0.156	-0.088	0.362	51.49	0.427	0.449	715	759	-0.328327	0.065876	
A/goose/Yangzhou/0420/201	0.2547	0.2513	0.4192	0.3132	0.143	-0.115	0.346	52.59	0.444	0.455	714	759	-0.325428	0.065876	
A/goose/Yangzhou/YZ587/20	0.2729	0.2366	0.4721	0.2569	0.156	-0.089	0.362	50.95	0.387	0.436	713	759	-0.341897	0.065876	
A/goose/Yunlin/15010005/2	0.2862	0.2345	0.4223	0.2965	0.152	-0.109	0.349	51.00	0.417	0.444	713	759	-0.317786	0.065876	
A/goose/Yunlin/15010009-1	0.2850	0.2349	0.4233	0.2965	0.151	-0.110	0.349	50.88	0.417	0.443	713	759	-0.312912	0.065876	
A/goose/Yunlin/15010010-2	0.2862	0.2345	0.4223	0.2970	0.151	-0.112	0.348	51.01	0.417	0.443	713	759	-0.317391	0.065876	
A/goose/Yunlin/15010011-1	0.2862	0.2345	0.4240	0.2952	0.152	-0.110	0.349	50.80	0.415	0.443	713	759	-0.317391	0.065876	
A/goose/Yunlin/15010029-1	0.2862	0.2345	0.4240	0.2952	0.152	-0.110	0.349	51.00	0.415	0.443	713	759	-0.317391	0.065876	
A/goose/Yunlin/15040040/2	0.2551	0.2534	0.4562	0.2707	0.156	-0.108	0.350	49.55	0.413	0.447	715	759	-0.305270	0.065876	
A/goose/Yunlin/16020008-4	0.2810	0.2397	0.4192	0.3007	0.155	-0.098	0.356	51.55	0.423	0.445	714	759	-0.311199	0.065876	
A/goose/Yunlin/16020011-1	0.2862	0.2345	0.4175	0.3020	0.155	-0.096	0.357	51.55	0.420	0.444	714	759	-0.311594	0.065876	
A/goose/Yunlin/16040002-2	0.2823	0.2392	0.4216	0.2976	0.155	-0.094	0.359	51.64	0.420	0.444	714	759	-0.313834	0.065876	
A/goose/Yunlin/17100005/2	0.2815	0.2366	0.4223	0.3007	0.152	-0.115	0.346	51.39	0.421	0.444	713	759	-0.320817	0.065876	
A/goose/Yunlin/18030020-2	0.2779	0.2298	0.4195	0.3108	0.143	-0.135	0.334	50.91	0.425	0.447	716	759	-0.320026	0.065876	
A/goose/Yunlin/18030020-3	0.2779	0.2298	0.4195	0.3108	0.143	-0.135	0.334	50.91	0.425	0.447	716	759	-0.320026	0.065876	
A/goose/Yunlin/18040002-3	0.2832	0.2332	0.4223	0.3015	0.151	-0.122	0.342	51.92	0.419	0.444	713	759	-0.321212	0.065876	
A/goose/Yunlin/18040018-2	0.2842	0.2357	0.4264	0.2952	0.155	-0.106	0.353	51.99	0.416	0.442	712	759	-0.328985	0.065876	
A/goose/Yunlin/18090002-3	0.2785	0.2388	0.4281	0.2970	0.154	-0.106	0.352	51.96	0.419	0.444	713	759	-0.329512	0.065876	
A/goose/Yunlin/18090006-1	0.2766	0.2320	0.4310	0.3007	0.151	-0.093	0.359	51.00	0.417	0.444	715	759	-0.324901	0.065876	
A/goose/Yunlin/18110002-3	0.2806	0.2392	0.4158	0.3028	0.155	-0.090	0.361	52.26	0.426	0.448	714	759	-0.328459	0.064559	
A/goose/Yunnan/3798/2006_	0.2651	0.2530	0.4235	0.2967	0.160	-0.079	0.368	53.10	0.432	0.452	715	759	-0.325955	0.065876	
A/goose/Yunnan/4371/2006_	0.2633	0.2547	0.4286	0.2912	0.160	-0.077	0.369	53.04	0.429	0.451	715	759	-0.322661	0.065876	
A/goose/Yunnan/4389/2006_	0.2633	0.2547	0.4286	0.2912	0.160	-0.077	0.369	53.04	0.429	0.451	715	759	-0.322661	0.065876	
A/goose/Yunnan/4985/2006_	0.2633	0.2547	0.4286	0.2912	0.160	-0.077	0.369	53.04	0.429	0.451	715	759	-0.322661	0.065876	
A/goose/Yunnan/5141/2006_	0.2616	0.2547	0.4303	0.2912	0.159	-0.080	0.368	52.99	0.429	0.451	715	759	-0.329249	0.065876	
A/goose/Yunnan/5769/2006_	0.2654	0.2517	0.4197	0.2993	0.158	-0.083	0.364	53.91	0.434	0.451	717	759	-0.314229	0.067194	
A/goose/Yunnan/5979/2006_	0.2654	0.2517	0.4197	0.2993	0.158	-0.083	0.364	53.91	0.434	0.451	717	759	-0.314229	0.067194	
A/goose/Yunnan/6193/2006_	0.2663	0.2491	0.4396	0.2797	0.160	-0.076	0.369	52.90	0.417	0.448	715	759	-0.319895	0.065876	
A/goose/Zhejiang/1120132/	0.2810	0.2431	0.4286	0.2862	0.152	-0.102	0.354	53.19	0.415	0.448	715	759	-0.329776	0.065876	
A/goose/Zhejiang/112071/2	0.2608	0.2487	0.4185	0.3108	0.147	-0.112	0.347	50.03	0.440	0.451	714	759	-0.320290	0.065876	
A/goose/Zhejiang/112080/2	0.2897	0.2276	0.4327	0.2915	0.154	-0.096	0.358	53.58	0.406	0.442	715	759	-0.316205	0.065876	
A/goose/Zhejiang/727092/2	0.2899	0.2316	0.4310	0.2884	0.149	-0.111	0.349	54.34	0.406	0.441	716	759	-0.319368	0.065876	
A/goose/Zhejiang/727098/2	0.2823	0.2341	0.4336	0.2875	0.152	-0.100	0.355	50.82	0.410	0.443	715	759	-0.331489	0.065876	
A/goose/Zhejiang/727110/2	0.2869	0.2354	0.4310	0.2884	0.150	-0.108	0.351	54.21	0.409	0.441	716	759	-0.319763	0.065876	
A/goose/Zhejiang/77166/20	0.2921	0.2268	0.4259	0.2952	0.152	-0.110	0.350	52.76	0.408	0.444	715	759	-0.312912	0.065876	
A/goose/Zhejiang/77167/20	0.2938	0.2251	0.4259	0.2952	0.151	-0.112	0.348	52.68	0.407	0.444	715	759	-0.312912	0.065876	
A/goose/Zhejiang/77168/20	0.2938	0.2251	0.4259	0.2952	0.151	-0.112	0.348	52.68	0.407	0.444	715	759	-0.312912	0.065876	
A/goose/Zhejiang/925036/2	0.2899	0.2384	0.4293	0.2841	0.150	-0.110	0.350	54.38	0.409	0.441	717	759	-0.311462	0.064559	
A/goose/Zhejiang/925037/2	0.2659	0.2487	0.4115	0.3125	0.148	-0.094	0.357	52.51	0.441	0.455	714	759	-0.314361	0.065876	
A/goose/Zhejiang/925104/2	0.2590	0.2521	0.4118	0.3120	0.143	-0.115	0.345	52.71	0.445	0.458	714	759	-0.315942	0.064559	
A/goose/Zhejiang/925105/2	0.2904	0.2388	0.4300	0.2799	0.150	-0.110	0.350	53.73	0.407	0.446	715	759	-0.330962	0.067194	
A/goose/Zhejiang/925106/2	0.2556	0.2590	0.4129	0.3125	0.146	-0.106	0.352	52.51	0.450	0.458	714	759	-0.327273	0.067194	
A/goose/Zhejiang/925108/2	0.2911	0.2380	0.4286	0.2807	0.150	-0.109	0.350	53.49	0.407	0.444	717	759	-0.315810	0.064559	
A/great_black-headed_gull	0.2744	0.2419	0.4387	0.2815	0.160	-0.067	0.374	52.95	0.412	0.446	716	759	-0.323847	0.065876	
A/great_crested-grebe/Qin	0.2744	0.2419	0.4360	0.2844	0.163	-0.054	0.382	52.92	0.414	0.446	715	759	-0.320685	0.065876	
A/great_egret/Hong_Kong/8	0.2744	0.2470	0.4319	0.2839	0.161	-0.068	0.374	53.31	0.418	0.448	716	759	-0.323452	0.065876	
A/great_tit/Panjing/PJ-66	0.2784	0.2268	0.4195	0.3132	0.148	-0.127	0.338	50.90	0.424	0.448	715	759	-0.300527	0.065876	
A/green-winged_teal/Xiang	0.2702	0.2392	0.4141	0.3150	0.150	-0.102	0.354	51.69	0.436	0.453	714	759	-0.332411	0.065876	
A/grey_heron/Hong_Kong/10	0.2727	0.2470	0.4303	0.2875	0.159	-0.075	0.370	53.61	0.420	0.448	716	759	-0.323452	0.065876	
A/grey_heron/Hong_Kong/30	0.2727	0.2487	0.4319	0.2834	0.160	-0.068	0.374	53.40	0.419	0.448	716	759	-0.330303	0.065876	
A/heron/Kaohsiung/15WB328	0.2806	0.2358	0.4226	0.2980	0.156	-0.089	0.361	50.28	0.420	0.447	714	759	-0.332806	0.065876	
A/heron/Yilan/17DB0001/20	0.2793	0.2379	0.4206	0.3026	0.149	-0.124	0.341	51.05	0.424	0.444	713	759	-0.313439	0.065876	
A/hill_myna/Heilongjiang/	0.2740	0.2432	0.4233	0.2996	0.154	-0.101	0.355	53.68	0.426	0.451	716	759	-0.338472	0.065876	
A/lesser_kestrel/Heilongj	0.2668	0.2427	0.4007	0.3284	0.148	-0.096	0.358	51.08	0.449	0.458	713	759	-0.307773	0.067194	
A/lion/Hubei/1-2/2016_H5N	0.2647	0.2405	0.4216	0.3125	0.143	-0.141	0.331	50.23	0.434	0.449	712	759	-0.331094	0.065876	
A/little_egret/Hong_Kong/	0.2676	0.2556	0.4269	0.2875	0.160	-0.063	0.377	53.74	0.427	0.450	716	759	-0.323452	0.065876	
A/little_grebe/Xianghai/4	0.2867	0.2142	0.4680	0.2689	0.154	-0.098	0.357	47.50	0.378	0.434	714	759	-0.323057	0.065876	
A/magpie_robin/Hong_Kong/	0.2723	0.2466	0.4279	0.2907	0.160	-0.073	0.371	53.40	0.423	0.449	717	759	-0.320421	0.065876	
A/magpie_robin/Hong_Kong/	0.2723	0.2466	0.4295	0.2888	0.161	-0.070	0.372	53.26	0.421	0.449	717	759	-0.320421	0.065876	
A/mallard/Shanghai/SH-9/2	0.2612	0.2474	0.4132	0.3168	0.144	-0.110	0.349	52.15	0.444	0.455	714	759	-0.330698	0.065876	
A/meerkat/Shanghai/SH-1/2	0.2850	0.2349	0.4300	0.2886	0.151	-0.106	0.352	50.64	0.411	0.443	713	759	-0.327800	0.065876	
A/migratory_waterfowl/Hub	0.2821	0.2376	0.4293	0.2891	0.147	-0.110	0.349	53.29	0.413	0.447	716	759	-0.321212	0.065876	
A/migratory_waterfowl/Hub	0.2838	0.2359	0.4293	0.2891	0.146	-0.112	0.348	53.33	0.412	0.446	716	759	-0.321739	0.065876	
A/mink/China/181/2019_H5N	0.2712	0.2332	0.4619	0.2736	0.152	-0.107	0.352	51.24	0.397	0.439	713	759	-0.333202	0.065876	
A/mink/China/183/2019_H5N	0.2741	0.2310	0.4602	0.2759	0.153	-0.095	0.359	51.48	0.396	0.437	714	759	-0.333992	0.065876	
A/mink/China/191/2019_H5N	0.2741	0.2310	0.4602	0.2759	0.153	-0.095	0.359	51.57	0.396	0.437	714	759	-0.333992	0.065876	
A/mink/China/456/2018_H5N	0.2754	0.2289	0.4645	0.2694	0.154	-0.090	0.361	51.55	0.391	0.438	714	759	-0.330962	0.065876	
A/mink/China/G/2015_H5N1|	0.2901	0.2287	0.4360	0.2812	0.153	-0.101	0.355	52.33	0.401	0.443	716	759	-0.316337	0.065876	
A/mink/China/XB/2015_H5N1	0.2578	0.2474	0.4291	0.3051	0.145	-0.124	0.341	50.09	0.434	0.450	712	759	-0.331752	0.065876	
A/mink/Eastern_China/006/	0.2741	0.2483	0.4226	0.2925	0.159	-0.071	0.373	51.10	0.426	0.449	714	759	-0.338867	0.065876	
A/mink/Eastern_China/0712	0.2449	0.2654	0.4495	0.2781	0.150	-0.093	0.359	50.76	0.427	0.445	716	759	-0.322925	0.065876	
A/mink/Eastern_China/149/	0.2699	0.2301	0.4721	0.2657	0.154	-0.089	0.362	51.06	0.389	0.437	712	759	-0.337418	0.065876	
A/mink/Eastern_China/528/	0.2765	0.2522	0.4310	0.2834	0.165	-0.055	0.383	51.88	0.420	0.441	715	759	-0.331357	0.065876	
A/mink/Eastern_China/571/	0.2734	0.2318	0.4662	0.2670	0.153	-0.099	0.356	52.40	0.391	0.438	713	759	-0.330830	0.065876	
A/mink/Northern_China/110	0.2712	0.2487	0.4185	0.2993	0.157	-0.075	0.370	51.28	0.431	0.451	714	759	-0.335573	0.065876	
A/night_heron/Taiwan/A289	0.2857	0.2341	0.4233	0.2970	0.150	-0.113	0.347	51.18	0.416	0.442	714	759	-0.317259	0.065876	
A/oriental_magpie_robin/H	0.2599	0.2427	0.4218	0.3150	0.153	-0.096	0.357	50.73	0.438	0.453	715	759	-0.308959	0.065876	
A/ostrich/Suzhou/097/2003	0.2707	0.2448	0.4377	0.2868	0.160	-0.078	0.368	52.12	0.417	0.447	715	759	-0.326350	0.065876	
A/parrot/Guangdong/258/20	0.2612	0.2526	0.4336	0.2875	0.143	-0.111	0.349	50.20	0.426	0.451	714	759	-0.324374	0.065876	
A/parrot/Guangdong/C99/20	0.2737	0.2478	0.4269	0.2899	0.158	-0.088	0.362	53.54	0.422	0.449	715	759	-0.318577	0.065876	
A/partridge/Shantou/2886/	0.2729	0.2401	0.4403	0.2862	0.156	-0.103	0.354	52.24	0.413	0.445	715	759	-0.313175	0.065876	
A/peacock/Yunnan/1/2015_H	0.2578	0.2491	0.4283	0.3039	0.147	-0.122	0.343	50.39	0.434	0.449	712	759	-0.328590	0.065876	
A/peacock/Yunnan/3/2015_H	0.2573	0.2504	0.4266	0.3044	0.145	-0.121	0.343	50.41	0.435	0.449	712	759	-0.318577	0.065876	
A/peregrine_falcon/Hong_K	0.2719	0.2478	0.4343	0.2821	0.160	-0.069	0.373	53.14	0.417	0.448	714	759	-0.317786	0.065876	
A/pheasant/Shantou/3535/2	0.2737	0.2444	0.4362	0.2839	0.158	-0.096	0.358	52.93	0.415	0.448	716	759	-0.298551	0.065876	
A/pheasant/Shantou/4567/2	0.2707	0.2466	0.4303	0.2917	0.158	-0.083	0.365	53.06	0.422	0.449	715	759	-0.327931	0.065876	
A/pied_megpie/Liaoning/7/	0.2719	0.2496	0.4403	0.2752	0.158	-0.084	0.365	52.32	0.413	0.444	715	759	-0.328195	0.065876	
A/pigeon/Fujian/1.17_FZHX	0.2793	0.2310	0.4730	0.2537	0.160	-0.089	0.361	49.79	0.381	0.435	714	759	-0.332016	0.065876	
A/pigeon/Hainan/1.14_HKPL	0.2738	0.2340	0.4619	0.2699	0.156	-0.092	0.361	51.03	0.395	0.438	712	759	-0.336232	0.065876	
A/pigeon/Hubei/RP25/2012_	0.2732	0.2440	0.4362	0.2810	0.161	-0.074	0.371	53.37	0.414	0.449	715	759	-0.308432	0.065876	
A/pigeon/Sichuan/NCXN29/2	0.2904	0.2302	0.4310	0.2897	0.151	-0.112	0.349	53.43	0.406	0.442	716	759	-0.318445	0.065876	
A/pigeon/Zhejiang/112089/	0.2586	0.2500	0.4154	0.3133	0.144	-0.118	0.344	50.36	0.443	0.453	715	759	-0.332674	0.065876	
A/pigeon/Zhejiang/112090/	0.2622	0.2483	0.4216	0.3059	0.146	-0.122	0.342	49.84	0.436	0.451	711	759	-0.322925	0.065876	
A/pigeon/Zhejiang/727097/	0.2828	0.2345	0.4336	0.2875	0.152	-0.098	0.357	50.89	0.410	0.442	715	759	-0.335573	0.065876	
A/plateau_pika/Qinghai/04	0.2650	0.2444	0.4431	0.2888	0.158	-0.083	0.366	52.62	0.417	0.444	721	765	-0.318824	0.067974	
A/quail/Guangxi/11/2002_H	0.2763	0.2366	0.4305	0.2943	0.155	-0.107	0.351	53.00	0.417	0.448	715	759	-0.313307	0.065876	
A/quail/Guangxi/12/2002_H	0.2746	0.2366	0.4329	0.2925	0.154	-0.103	0.353	52.96	0.416	0.448	714	759	-0.317523	0.065876	
A/quail/Guangxi/13/2002_H	0.2746	0.2383	0.4288	0.2962	0.156	-0.104	0.352	53.06	0.420	0.449	715	759	-0.313307	0.065876	
A/quail/Jiangsu/k0104/201	0.2699	0.2422	0.4377	0.2894	0.160	-0.090	0.361	52.05	0.417	0.447	714	759	-0.331357	0.065876	
A/quail/Nanchang/6631/201	0.2786	0.2393	0.4310	0.2886	0.151	-0.106	0.352	53.01	0.415	0.447	716	759	-0.334783	0.065876	
A/shrike/Tibet/13/2006_H5	0.2668	0.2599	0.4331	0.2774	0.164	-0.070	0.372	53.72	0.423	0.447	717	759	-0.313834	0.065876	
A/silkie_chicken/Dongguan	0.2869	0.2354	0.4310	0.2878	0.153	-0.104	0.353	54.30	0.409	0.443	716	759	-0.318445	0.065876	
A/silky_chicken/Shantou/4	0.2694	0.2522	0.4327	0.2817	0.159	-0.086	0.364	53.89	0.420	0.449	707	749	-0.307210	0.066756	
A/spot-billed_duck/Ningxi	0.2612	0.2474	0.4252	0.3051	0.150	-0.106	0.351	51.67	0.434	0.450	715	759	-0.315679	0.067194	
A/spot-billed_duck/Ningxi	0.2702	0.2478	0.4293	0.2899	0.151	-0.106	0.352	49.72	0.423	0.447	714	759	-0.314097	0.065876	
A/spot-billed_duck/Ningxi	0.2698	0.2474	0.4218	0.2991	0.157	-0.080	0.366	50.39	0.429	0.448	715	759	-0.311067	0.067194	
A/spot-billed_duck/Xiangh	0.2616	0.2427	0.4182	0.3180	0.150	-0.110	0.350	50.26	0.440	0.454	714	759	-0.327273	0.065876	
A/swan_goose/Jilin/JL01/2	0.2830	0.2401	0.4276	0.2891	0.150	-0.103	0.353	53.82	0.415	0.446	716	759	-0.320158	0.065876	
A/swan/China/ST/2016_H5N8	0.2741	0.2431	0.4158	0.3059	0.158	-0.078	0.368	52.30	0.431	0.451	714	759	-0.335178	0.065876	
A/swan/Shandong/W3762/202	0.2724	0.2431	0.4401	0.2831	0.161	-0.075	0.370	52.15	0.413	0.446	714	759	-0.328327	0.065876	
A/swan/Shanghai/10/2009_H	0.2663	0.2595	0.4226	0.2899	0.162	-0.054	0.382	53.61	0.432	0.451	715	759	-0.320026	0.065876	
A/swine/China/RZ/2018_H5N	0.2763	0.2314	0.4602	0.2712	0.155	-0.097	0.358	52.00	0.394	0.438	713	759	-0.330830	0.065876	
A/swine/Guangdong/1/2014_	0.2869	0.2354	0.4343	0.2847	0.153	-0.102	0.355	54.03	0.406	0.443	716	759	-0.314756	0.065876	
A/swine/Guangdong/2/2014_	0.2874	0.2358	0.4327	0.2865	0.153	-0.105	0.353	54.09	0.408	0.442	716	759	-0.317259	0.065876	
A/swine/Guangxi/592/2011_	0.2860	0.2329	0.4310	0.2891	0.153	-0.101	0.355	52.05	0.409	0.444	716	759	-0.327009	0.065876	
A/swine/Jiangsu/1/2008_H5	0.2630	0.2595	0.4178	0.2998	0.166	-0.068	0.373	54.80	0.439	0.453	715	759	-0.306851	0.065876	
A/swine/Jiangsu/2/2009_H5	0.2803	0.2439	0.4392	0.2768	0.158	-0.078	0.369	53.62	0.408	0.444	713	759	-0.325560	0.065876	
A/swine/Shandong/SD1/2014	0.2759	0.2379	0.4276	0.2972	0.159	-0.092	0.360	53.25	0.420	0.449	714	759	-0.324769	0.065876	
A/swine/Zhejiang/SW57/201	0.2840	0.2324	0.4329	0.2870	0.151	-0.103	0.354	50.84	0.408	0.442	715	759	-0.327931	0.065876	
A/thrush/Taipei_City/1512	0.2879	0.2345	0.4291	0.2878	0.153	-0.103	0.353	50.98	0.410	0.440	713	759	-0.327668	0.065876	
A/thrush/Taiwan/A234/2015	0.2879	0.2328	0.4223	0.2970	0.151	-0.114	0.346	51.00	0.415	0.443	713	759	-0.317391	0.065876	
A/tiger/Yunnan/tig1404/20	0.2882	0.2367	0.4293	0.2860	0.152	-0.106	0.352	54.08	0.409	0.443	716	759	-0.308300	0.065876	
A/tiger/Yunnan/tig1412/20	0.2899	0.2298	0.4394	0.2799	0.153	-0.109	0.351	52.91	0.399	0.441	716	759	-0.326087	0.065876	
A/tiger/Yunnan/tig1508/20	0.2586	0.2483	0.4216	0.3107	0.146	-0.122	0.342	50.73	0.439	0.452	713	759	-0.329644	0.065876	
A/turkey/Changhua/1601001	0.2845	0.2362	0.4175	0.3020	0.155	-0.096	0.357	51.44	0.422	0.445	714	759	-0.311594	0.065876	
A/turkey/Chiayi/17020092-	0.2724	0.2345	0.4098	0.3223	0.146	-0.127	0.339	51.02	0.438	0.452	713	759	-0.332675	0.065876	
A/turkey/Chiayi/18010013-	0.2781	0.2401	0.4274	0.2923	0.154	-0.105	0.353	51.97	0.419	0.444	712	759	-0.320158	0.065876	
A/turkey/Yunlin/15060049-	0.2832	0.2349	0.4233	0.2989	0.151	-0.112	0.348	51.01	0.418	0.443	713	759	-0.317391	0.065876	
A/turkey/Yunlin/18020020-	0.2781	0.2401	0.4240	0.2960	0.155	-0.103	0.354	51.93	0.421	0.445	712	759	-0.320158	0.065876	
A/turkey/Yunlin/18110001-	0.2781	0.2401	0.4223	0.3002	0.150	-0.118	0.345	51.92	0.424	0.444	713	759	-0.327273	0.065876	
A/turkey/Yunlin/18120005-	0.2806	0.2392	0.4192	0.2991	0.155	-0.092	0.360	52.48	0.423	0.448	714	759	-0.325955	0.065876	
A/turtle_dove/Guangdong/3	0.2654	0.2483	0.4314	0.2901	0.158	-0.094	0.358	52.64	0.424	0.449	717	759	-0.312121	0.065876	
A/turtledove/Wuhan/HKBJ43	0.2899	0.2298	0.4293	0.2921	0.147	-0.125	0.341	53.97	0.408	0.440	716	759	-0.316206	0.065876	
A/turtledove/Wuhan/WHBJ12	0.2911	0.2295	0.4274	0.2944	0.147	-0.120	0.344	53.79	0.409	0.440	716	759	-0.323715	0.065876	
A/turtledove/Wuhan/WHBJ28	0.2911	0.2295	0.4274	0.2944	0.147	-0.120	0.344	53.79	0.409	0.440	716	759	-0.323715	0.065876	
A/waterfowl/Hong_Kong/378	0.2719	0.2410	0.4343	0.2928	0.157	-0.091	0.361	52.86	0.418	0.447	715	759	-0.325165	0.065876	
A/white-naped_crane/China	0.2781	0.2349	0.4611	0.2624	0.160	-0.079	0.369	50.22	0.391	0.440	713	759	-0.336759	0.065876	
A/whooper_swan/Shanxi/RC0	0.2776	0.2414	0.4151	0.3035	0.158	-0.078	0.368	52.12	0.429	0.450	714	759	-0.331620	0.065876	
A/wild_bird/Eastern_China	0.2801	0.2285	0.4293	0.2985	0.153	-0.103	0.353	50.96	0.415	0.446	714	759	-0.326746	0.065876	
A/wild_bird/Eastern_China	0.2766	0.2320	0.4293	0.2985	0.153	-0.098	0.356	51.01	0.417	0.447	714	759	-0.326746	0.065876	
A/wild_bird/Eastern_China	0.2801	0.2285	0.4293	0.2985	0.153	-0.103	0.353	50.96	0.415	0.446	714	759	-0.326746	0.065876	
A/wild_bird/Taipei/04WB12	0.2660	0.2366	0.4226	0.3162	0.150	-0.114	0.347	50.35	0.433	0.450	714	759	-0.314624	0.067194	
A/wild_duck/Fujian/1/2011	0.2821	0.2376	0.4259	0.2941	0.150	-0.106	0.351	52.61	0.417	0.447	717	759	-0.338208	0.067194	
A/wild_duck/Fujian/2/2011	0.2842	0.2363	0.4242	0.2965	0.152	-0.103	0.354	52.65	0.417	0.446	717	759	-0.335968	0.067194	
A/wild_duck/Jilin/HF/2011	0.2624	0.2573	0.4351	0.2844	0.166	-0.046	0.387	53.55	0.426	0.450	716	759	-0.322925	0.065876	
A/wild_duck/Jilin/ZF/2011	0.2710	0.2470	0.4310	0.2891	0.157	-0.078	0.368	53.34	0.421	0.447	715	759	-0.314097	0.065876	
A/wild_duck/Liaoning/8/20	0.2685	0.2565	0.4396	0.2706	0.158	-0.077	0.368	52.90	0.415	0.445	715	759	-0.338603	0.064559	
A/wild_duck/Shandong/1/20	0.2702	0.2496	0.4428	0.2752	0.161	-0.074	0.369	54.24	0.413	0.446	715	759	-0.313571	0.065876	
A/wild_duck/Shandong/2/20	0.2727	0.2453	0.4353	0.2834	0.161	-0.070	0.373	53.06	0.416	0.447	716	759	-0.328590	0.064559	
A/wild_duck/Shandong/628/	0.2568	0.2517	0.4446	0.2826	0.159	-0.094	0.358	51.18	0.420	0.449	716	759	-0.301976	0.065876	
A/wild_duck/Shandong/W358	0.2813	0.2350	0.4226	0.2972	0.150	-0.101	0.354	50.12	0.419	0.445	714	759	-0.319499	0.067194	
A/wild_pigeon/Jilin/CC01/	0.2955	0.2354	0.4202	0.2897	0.151	-0.107	0.352	54.58	0.411	0.443	716	759	-0.334387	0.064559	
A/Eurasian_Wigeon/Ningxia	0.2887	0.2354	0.4303	0.2855	0.152	-0.109	0.351	55.14	0.408	0.442	716	759	-0.320158	0.065876	
