1_A/Anser_cygnoides/Hu 6	4	11	7	11	6	13	8	9	10	1	0	5	3	0	0	9	4	9	1	10	4	7	0	7	10	8	0	11	2	9	1	14	6	26	10	8	9	21	7	19	11	23	16	13	3	15	6	9	10	12	6	7	1	13	1	5	14	26	16	12	4	14	15	
2_A/bar_headed_goose/T 5	2	10	7	12	7	14	8	8	12	1	0	6	2	0	0	9	4	10	1	10	3	5	0	9	11	8	0	9	2	9	1	15	8	26	10	6	9	22	7	19	8	22	15	15	2	15	7	8	9	14	4	8	1	12	3	6	15	25	16	10	6	14	16	
3_A/Bar-headed_Goose/Q 6	4	12	7	11	6	12	8	9	10	1	0	5	3	0	0	9	4	9	1	10	4	7	0	7	10	8	0	11	2	9	1	14	6	28	9	8	9	20	7	19	11	21	16	13	3	17	6	9	10	12	6	7	1	13	1	5	16	26	15	12	2	14	16	
4_A/Bar-headed_Goose/Q 6	4	12	7	11	6	12	8	10	10	1	0	5	3	0	0	9	4	8	1	10	4	8	0	6	10	8	0	11	2	9	1	14	6	28	9	8	9	20	7	19	11	21	16	13	3	17	6	9	10	12	6	7	1	13	1	5	16	26	15	12	2	14	16	
5_A/Bar-headed_Goose/Q 6	4	12	7	11	6	12	8	9	10	1	0	5	3	0	0	9	4	9	1	10	5	7	0	7	10	8	0	11	2	9	1	14	6	28	9	8	8	20	7	19	11	21	16	13	3	17	6	9	10	12	6	7	1	13	1	5	16	26	15	12	2	14	16	
6_A/Bar-headed_Goose/Q 6	4	12	7	11	6	12	8	9	10	1	0	5	3	0	0	9	4	9	1	10	4	7	0	7	10	8	0	11	2	9	1	14	6	28	9	8	9	20	7	19	11	21	16	13	3	17	6	9	10	12	6	7	1	13	1	5	16	26	15	12	2	14	16	
7_A/Bar-headed_Goose/Q 6	4	12	7	11	6	12	8	9	10	1	0	5	3	0	0	9	4	9	1	10	4	7	0	7	10	8	0	11	2	9	1	14	6	28	9	8	9	20	7	19	11	22	15	13	3	17	6	9	10	12	6	7	1	13	1	5	16	26	15	12	2	14	16	
8_A/Bar-headed_Goose/Q 6	4	12	7	11	6	12	8	9	10	1	0	5	3	0	0	9	4	8	1	10	4	8	0	7	10	8	0	11	2	9	1	14	6	29	8	8	9	20	7	19	11	21	16	13	3	17	6	9	10	12	6	7	1	13	1	5	16	26	15	12	2	14	16	
9_A/Bar-headed_Goose/Q 6	4	12	7	11	6	12	8	8	10	1	0	5	3	0	0	9	4	9	1	10	5	6	0	7	10	8	0	11	3	9	1	14	5	28	9	8	10	20	7	20	10	20	17	13	3	18	5	9	10	12	6	7	1	12	2	4	16	26	15	13	1	14	16	
10_A/Bar-headed_Goose/Q 6	4	12	7	11	6	12	8	9	10	1	0	5	3	0	0	9	4	9	0	10	4	7	1	7	10	8	0	11	2	9	1	14	6	28	9	8	9	20	7	19	12	22	14	13	3	17	6	9	10	12	6	7	1	13	1	5	16	26	15	12	2	14	16	
11_A/Bar-headed_Goose/Q 6	4	12	7	11	6	12	8	9	10	1	0	5	3	0	0	9	4	9	1	10	4	7	0	7	10	8	0	11	2	9	1	14	6	28	9	8	9	20	7	19	11	22	15	13	3	17	6	9	10	12	6	7	1	13	1	5	16	26	15	12	2	14	16	
12_A/Bar-headed_Goose/Q 6	4	12	7	11	6	12	8	9	10	1	0	5	3	0	0	9	4	9	1	10	4	7	0	7	10	8	0	11	2	9	1	14	6	28	9	8	9	20	7	19	12	21	16	13	3	17	6	9	10	12	6	7	1	13	1	5	15	26	15	12	2	14	16	
13_A/Bar-headed_Goose/Q 6	4	12	7	11	6	12	8	9	10	1	0	6	2	0	0	10	4	9	1	9	6	6	0	7	10	8	0	11	2	9	1	14	6	28	9	8	9	21	6	19	10	20	16	13	3	18	6	8	10	12	6	7	1	13	1	6	16	26	15	12	2	14	16	
14_A/Bar-headed_Goose/Q 6	4	12	7	11	6	12	8	9	10	1	0	5	3	0	0	9	4	9	1	10	4	7	0	7	10	8	0	11	2	9	1	14	6	28	9	8	9	20	7	19	11	21	16	13	3	17	7	9	10	12	6	7	1	13	1	5	16	26	15	12	2	14	16	
15_A/Bar-headed_Goose/Q 7	4	12	7	11	6	12	8	9	10	1	0	6	2	0	0	9	4	9	1	10	4	7	0	7	10	8	0	11	3	9	1	13	6	28	9	8	11	20	7	19	8	20	16	13	2	18	6	9	10	12	6	7	1	12	2	5	17	26	15	12	2	14	16	
16_A/Bar-headed_Goose/Q 6	4	12	7	11	6	12	8	10	10	1	0	5	3	0	0	9	4	9	1	10	4	7	0	6	10	8	0	11	2	9	1	14	6	28	9	8	9	20	7	19	11	21	16	13	3	17	6	9	10	12	6	7	1	13	1	5	16	26	15	12	2	14	16	
17_A/Bar-headed_Goose/Q 6	4	12	7	11	6	12	8	9	10	1	0	5	3	0	0	9	4	8	1	10	4	8	0	7	10	8	0	11	2	9	1	14	6	28	9	8	9	20	7	19	11	21	16	13	3	17	6	9	10	12	6	7	1	13	1	5	16	26	15	12	2	14	16	
18_A/Bar-headed_Goose/Q 6	4	12	7	11	6	12	8	9	10	1	0	5	3	0	0	9	4	9	1	10	4	7	0	7	10	8	0	11	2	9	1	13	6	28	9	9	9	20	7	19	11	21	16	13	3	17	6	9	10	12	6	7	1	13	1	5	16	26	15	12	2	14	16	
19_A/Bar-headed_Goose/Q 6	4	12	7	11	6	12	8	9	10	1	0	5	3	0	0	8	5	9	1	10	4	7	0	7	10	9	0	11	2	9	1	14	6	27	10	8	9	22	7	19	11	19	16	13	3	17	6	9	10	11	6	7	1	13	1	5	16	26	15	12	2	14	16	
20_A/Bar-headed_Goose/Q 6	4	12	7	11	6	12	8	10	11	1	0	5	2	0	0	9	4	9	1	10	4	7	0	6	10	8	0	11	3	9	1	14	6	27	10	8	9	21	7	19	11	21	16	13	2	17	6	9	10	11	6	7	1	13	1	5	16	26	15	12	2	14	16	
21_A/Bar-headed_Goose/Q 6	4	12	7	11	6	12	8	9	11	1	0	5	2	0	0	9	4	9	1	10	4	7	0	7	10	8	0	12	2	9	1	14	6	27	10	8	9	21	7	19	11	21	16	13	3	17	6	9	10	11	6	7	1	13	1	5	16	27	15	11	2	13	16	
22_A/Bar-headed_Goose/Q 6	4	12	7	11	6	12	8	9	10	1	0	6	2	0	0	9	4	9	1	10	4	7	0	7	10	8	0	11	3	9	1	13	6	28	8	9	9	21	6	19	11	21	16	13	2	17	7	9	10	12	6	7	1	13	1	5	16	26	15	12	2	14	15	
23_A/Bar-headed_Goose/Q 6	4	12	7	11	6	12	8	9	10	1	0	5	3	0	0	9	4	8	1	10	4	8	0	7	10	8	0	11	2	9	1	14	6	28	9	8	10	19	7	19	11	21	16	13	3	17	6	9	10	12	6	7	1	13	1	5	16	26	15	12	2	14	16	
24_A/Bar-headed_Goose/Q 6	4	12	7	11	6	12	8	9	10	1	0	5	3	0	0	9	4	9	1	10	4	7	0	7	10	8	0	11	2	9	1	14	6	28	9	8	9	20	7	19	11	22	15	13	3	17	6	9	10	12	6	7	1	13	1	5	16	26	15	12	2	14	16	
25_A/Bar-headed_Goose/Q 6	4	12	7	11	6	12	6	9	10	1	0	5	2	0	0	10	4	9	1	9	4	7	1	7	11	8	0	11	2	9	1	14	6	29	9	8	9	19	7	19	10	20	16	14	2	18	6	9	10	12	6	7	2	13	2	5	16	26	15	12	2	13	16	
26_A/Bar-headed_Goose/Q 6	4	11	6	11	6	13	9	9	10	1	0	5	3	0	0	8	4	9	0	11	4	7	0	7	10	8	0	11	2	9	2	13	6	25	10	9	9	23	7	19	11	20	15	13	3	17	7	8	10	12	6	8	1	13	1	6	15	26	16	11	3	14	15	
27_A/Bar-headed_Goose/Q 6	4	11	6	11	6	13	9	9	10	1	0	5	3	0	0	8	4	9	0	11	4	7	0	7	10	8	0	11	2	9	2	14	6	25	10	9	9	23	7	19	11	20	14	13	3	17	8	7	10	12	6	8	1	13	1	6	15	26	16	11	3	14	15	
28_A/Bar-headed_Goose/Q 6	4	11	6	11	6	13	9	9	10	1	0	5	3	0	0	7	4	10	0	11	4	7	0	7	10	9	0	11	2	9	2	13	6	25	10	9	9	23	7	19	11	19	15	13	3	17	7	8	10	12	6	7	2	13	1	5	15	26	16	12	3	14	15	
29_A/Bar-headed_Goose/Q 6	4	11	6	11	6	13	9	10	10	1	0	5	3	0	0	8	4	9	0	11	4	7	0	6	10	8	0	11	2	9	2	13	6	25	10	9	9	23	7	19	11	20	15	13	3	17	7	9	10	12	6	7	1	13	1	6	15	26	16	11	3	14	15	
30_A/Bar-headed_Goose/Q 6	4	11	6	11	6	13	9	9	10	1	0	5	3	0	0	8	4	9	0	11	4	7	0	7	10	8	0	11	2	9	2	13	6	25	10	9	9	23	7	19	11	20	15	13	3	17	7	8	10	12	6	8	1	13	1	6	15	26	16	11	3	14	15	
31_A/Bar-headed_Goose/Q 6	4	12	7	11	6	12	8	10	11	1	0	5	2	0	0	9	4	9	1	10	4	7	0	6	10	8	0	11	2	9	1	14	6	27	10	8	9	21	7	19	11	21	16	13	3	17	6	9	10	11	6	7	1	13	1	5	16	26	15	12	2	14	16	
32_A/Bar-headed_Goose/Q 6	4	12	7	11	6	12	8	9	10	1	0	5	3	0	0	9	4	9	1	10	4	7	0	7	10	8	0	11	2	9	1	13	6	28	9	9	9	20	7	19	11	21	16	13	3	17	6	9	10	12	6	7	1	13	1	5	16	26	15	12	2	14	16	
33_A/Bar-headed_Goose/Q 8	4	12	7	11	7	11	8	9	10	1	0	5	3	0	0	7	4	9	1	10	5	7	0	7	10	8	0	11	2	9	1	13	6	28	9	9	8	20	7	19	11	21	16	13	3	17	6	9	10	12	6	7	1	13	1	5	16	26	15	12	2	14	16	
34_A/Bar-headed_Goose/Q 6	4	12	7	11	6	12	8	9	10	1	0	5	3	0	0	9	4	9	1	10	4	7	0	7	10	8	0	11	2	9	1	14	5	29	9	8	9	20	7	19	11	22	16	13	3	16	6	9	10	12	6	7	1	13	1	5	16	26	15	12	2	14	16	
35_A/Bar-headed_Goose/Q 6	4	12	7	11	6	12	8	9	10	1	0	5	3	0	0	9	4	9	1	10	4	7	0	7	10	8	0	11	2	9	1	13	6	28	9	9	9	20	7	19	11	21	16	13	3	17	6	9	10	12	6	7	1	13	1	5	16	26	15	12	2	14	16	
36_A/Bar-headed_Goose/Q 6	4	12	7	11	6	12	8	9	10	1	0	5	3	0	0	9	4	9	1	10	4	7	0	7	10	8	0	11	2	9	1	14	6	27	10	8	9	21	7	19	11	21	16	13	3	17	6	9	10	11	6	7	1	13	1	5	16	26	15	12	2	14	16	
37_A/Bar-headed_Goose/Q 6	4	11	6	11	6	13	9	9	10	1	0	5	3	0	0	7	4	9	1	11	4	7	0	7	10	8	0	11	2	9	2	14	6	25	10	9	9	23	7	19	11	20	14	13	3	17	8	7	10	12	6	8	1	13	1	6	15	26	16	11	3	14	15	
38_A/Bar-headed_Goose/Q 6	4	12	7	11	6	12	8	9	10	1	0	5	3	0	0	9	4	9	1	10	4	7	0	7	10	8	0	11	2	9	1	14	6	27	10	8	9	21	7	19	11	21	16	13	3	17	6	9	10	11	6	7	1	13	1	5	16	26	15	12	2	14	16	
39_A/Bar-headed_Goose/Q 6	4	12	7	11	6	12	8	9	10	1	0	5	3	0	0	9	4	9	1	10	4	7	0	7	10	8	0	11	2	9	1	13	6	28	9	9	9	20	7	19	11	21	16	13	3	17	6	9	10	12	6	7	1	13	1	5	16	26	15	12	2	14	16	
40_A/Bar-headed_Goose/Q 6	4	12	7	11	6	12	8	9	10	1	0	5	3	0	0	9	4	9	1	10	4	7	0	7	10	8	0	11	2	9	1	13	6	28	9	9	9	20	7	19	11	21	16	13	3	17	6	9	10	12	6	7	1	13	1	5	16	26	15	12	2	14	16	
41_A/Bar-headed_Goose/Q 6	4	12	7	11	6	12	8	9	10	1	0	5	3	0	0	9	4	9	1	10	4	7	0	7	10	8	0	11	2	9	1	14	6	27	10	8	9	21	7	19	11	21	15	13	3	17	7	9	10	11	6	7	1	13	1	5	16	26	15	12	2	14	16	
42_A/Bar-headed_Goose/Q 6	4	12	7	11	6	12	8	9	10	1	0	5	3	0	0	9	4	9	1	10	4	7	0	7	10	8	0	11	2	9	1	14	6	27	10	8	9	21	7	19	11	21	15	13	3	17	7	9	10	11	6	7	1	13	1	5	16	26	15	12	2	14	16	
43_A/Bar-headed_Goose/Q 6	4	12	7	11	6	12	8	9	10	1	0	5	3	0	0	9	4	9	1	10	4	7	0	7	10	8	0	11	2	9	1	14	6	27	10	8	9	21	7	19	11	21	15	13	3	17	7	9	10	11	6	7	1	13	1	5	16	26	15	12	2	14	16	
44_A/Bar-headed_Goose/Q 6	4	12	7	11	6	12	8	9	10	1	0	5	3	0	0	9	4	9	1	10	4	7	0	7	10	8	0	11	2	9	1	14	6	27	10	8	9	21	7	19	11	21	15	13	3	17	7	9	10	11	6	7	1	13	1	5	16	26	15	12	2	14	16	
45_A/Bar-headed_Goose/Q 6	4	12	7	11	6	12	8	9	10	1	0	5	3	0	0	9	4	9	1	10	4	7	0	7	10	8	0	11	2	9	1	14	6	27	10	8	9	21	7	19	11	22	16	13	3	17	6	9	10	11	6	7	1	13	1	5	16	25	15	12	2	14	16	
46_A/Bar-headed_Goose/Q 6	4	12	7	11	6	12	8	9	10	1	0	5	3	0	0	9	4	9	1	10	4	7	0	7	10	8	0	11	2	9	1	14	6	28	9	8	9	20	7	19	11	21	16	13	3	17	6	9	10	12	6	7	1	13	1	5	16	26	15	12	2	14	16	
47_A/Bar-headed_Goose/Q 6	4	12	7	11	6	12	8	9	10	1	0	5	3	0	0	9	4	9	1	10	4	7	0	7	10	8	0	11	2	9	1	14	6	28	9	8	9	20	7	19	11	21	16	13	3	17	6	9	10	12	6	7	1	13	1	5	16	26	15	12	2	14	16	
48_A/Bar-headed_Goose/Q 6	4	12	7	11	6	12	8	9	10	1	0	5	3	0	0	9	4	9	1	10	4	7	0	7	10	8	0	11	2	9	1	14	6	28	9	8	9	20	7	19	11	21	16	13	3	17	6	9	10	12	6	7	1	13	1	5	16	26	15	12	2	14	16	
49_A/Bar-headed_Goose/Q 6	4	12	7	11	6	12	8	9	10	1	0	5	3	0	0	9	4	9	1	10	4	7	0	7	10	8	0	11	2	9	1	14	6	28	9	8	9	20	7	19	11	21	16	13	3	17	6	9	10	12	6	7	1	13	1	5	16	26	15	12	2	14	16	
50_A/Bar-headed_Goose/Q 6	4	12	7	11	6	12	8	9	10	1	0	5	3	0	0	9	4	9	1	10	4	7	0	7	10	8	0	11	2	9	1	14	6	28	9	8	9	20	7	19	11	21	16	13	3	17	6	9	10	12	6	7	1	13	1	5	16	26	15	12	2	14	16	
51_A/Bar-headed_Goose/Q 6	4	12	7	11	6	12	8	9	10	1	0	5	3	0	0	9	4	9	1	10	4	7	0	7	10	8	0	11	2	9	1	14	6	27	10	8	9	21	7	19	11	21	16	13	3	17	6	9	10	11	6	7	1	13	1	5	16	26	15	12	2	14	16	
52_A/Bar-headed_Goose/Q 6	4	12	7	11	6	12	8	9	10	1	0	5	3	0	0	9	4	9	1	10	4	7	0	7	10	8	0	11	2	9	1	14	6	27	10	8	9	21	7	19	11	21	16	13	3	17	6	9	10	11	6	7	1	13	1	5	16	26	15	12	2	14	16	
53_A/Bar-headed_Goose/Q 6	4	12	7	11	6	12	8	9	10	1	0	5	3	0	0	9	4	9	1	10	4	7	0	7	10	8	0	11	2	9	1	14	6	27	10	8	9	20	7	19	11	21	16	13	2	17	6	9	10	12	6	7	1	13	1	5	16	26	15	12	3	14	16	
54_A/Bar-headed_Goose/Q 6	4	12	7	11	6	12	8	9	10	1	0	5	3	0	0	9	4	9	1	10	4	7	0	7	10	8	0	11	2	9	1	14	6	27	10	8	9	20	7	19	11	21	16	13	2	17	6	9	10	12	6	7	1	13	1	5	16	26	15	12	3	14	16	
55_A/Bar-headed_Goose/Q 6	4	12	7	11	6	12	8	9	10	1	0	5	3	0	0	9	4	9	1	10	4	7	0	7	10	8	0	11	2	9	1	14	6	28	9	8	9	20	7	19	11	21	16	13	3	17	6	9	10	12	6	7	1	13	1	5	16	26	15	12	2	14	16	
56_A/Bar-headed_Goose/Q 6	4	12	7	11	6	12	8	9	10	1	0	5	3	0	0	9	4	9	1	10	4	7	0	7	10	8	0	11	2	9	1	14	6	28	9	8	9	20	7	19	11	21	16	13	3	17	6	9	10	12	6	7	1	13	1	5	16	26	15	12	2	14	16	
57_A/Bar-headed_Goose/Q 6	4	12	7	11	6	12	8	9	10	1	0	5	3	0	0	9	4	9	1	10	4	7	0	7	10	8	0	11	2	9	1	14	6	28	9	8	9	20	7	19	11	21	16	13	3	17	6	9	10	12	7	7	1	13	1	5	16	26	14	12	2	14	16	
58_A/Bar-headed_Goose/Q 6	4	12	7	11	6	12	8	9	10	1	0	5	3	0	0	9	4	9	1	10	4	7	0	7	10	8	0	11	2	9	1	14	6	28	9	8	9	20	7	19	11	21	16	13	3	17	6	9	10	12	7	7	1	13	1	5	16	26	14	12	2	14	16	
59_A/Bar-headed_Goose/Q 6	4	12	7	11	6	12	8	9	10	1	0	5	3	0	0	9	4	9	1	10	4	7	0	7	10	8	0	11	2	9	1	14	6	27	10	8	9	21	7	19	11	22	15	13	3	17	6	9	10	11	6	7	1	13	1	5	16	26	15	12	2	14	16	
60_A/Bar-headed_Goose/Q 6	4	12	7	11	6	12	8	9	10	1	0	5	3	0	0	9	4	9	1	10	4	7	0	7	10	8	0	11	2	9	1	14	6	27	10	8	9	21	7	19	11	21	16	13	3	17	6	9	10	11	6	7	1	13	1	5	16	26	15	12	2	14	16	
61_A/Bar-headed_Goose/Q 6	4	12	7	11	6	12	8	9	10	1	0	5	3	0	0	9	4	9	1	10	4	7	0	7	10	8	0	11	2	9	1	14	6	28	9	8	9	20	7	19	11	21	16	13	3	17	6	9	10	12	6	7	1	13	1	5	16	26	15	12	2	14	16	
62_A/Bar-headed_Goose/Q 6	4	12	7	11	6	12	8	9	10	1	0	5	3	0	0	9	4	9	1	10	4	7	0	7	10	8	0	11	2	9	1	14	6	28	9	8	9	20	7	19	11	21	16	13	3	17	6	9	10	12	6	7	1	13	1	5	16	26	15	12	2	14	16	
63_A/Bar-headed_Goose/Q 6	4	12	7	11	6	12	8	9	10	1	0	5	3	0	0	9	4	9	1	10	4	7	0	7	10	8	0	11	2	9	1	14	6	28	9	9	9	20	7	19	11	21	16	13	3	17	6	9	10	12	6	6	1	13	1	5	16	26	15	12	2	14	16	
64_A/Bar-headed_Goose/Q 6	4	12	7	11	6	12	8	9	9	1	0	5	4	0	0	9	4	9	1	10	4	7	0	7	10	7	0	11	2	10	1	14	6	28	9	9	9	20	7	19	11	21	16	13	3	16	6	9	10	12	6	6	1	13	1	5	16	26	15	12	2	15	16	
65_A/Bar-headed_Goose/Q 6	4	12	7	11	6	12	8	9	10	1	0	5	3	0	0	9	4	9	1	10	4	7	0	7	10	8	0	11	2	9	1	13	6	28	9	9	9	20	7	19	11	21	16	13	3	16	6	9	10	12	6	7	1	13	1	5	16	26	15	12	2	15	16	
66_A/Bar-headed_Goose/Q 7	4	12	7	10	6	12	8	9	10	1	0	5	3	0	0	9	4	9	1	10	4	7	0	7	10	8	0	11	2	9	1	13	6	27	10	9	9	20	7	19	11	21	16	13	3	17	6	9	10	12	6	7	1	13	1	5	16	26	15	12	2	14	16	
67_A/Bar-headed_Goose/Q 6	4	12	7	11	6	12	8	9	10	1	0	5	3	0	0	9	4	9	1	10	4	7	0	7	10	8	0	11	2	9	1	14	6	28	9	8	9	20	7	19	11	21	16	13	3	16	6	9	10	12	6	7	1	13	1	5	16	26	15	12	2	15	16	
68_A/Bar-headed_Goose/Q 6	4	12	7	11	6	12	8	9	10	1	0	5	3	0	0	9	4	9	1	10	4	7	0	7	10	8	0	11	2	9	1	14	6	28	9	8	9	20	7	19	11	21	16	13	3	17	6	9	10	12	6	7	1	13	1	5	16	26	15	12	2	14	16	
69_A/Bar-headed_Goose/Q 6	4	12	7	11	6	12	8	9	10	1	0	5	3	0	0	9	4	9	1	10	4	7	0	7	10	8	0	11	2	9	1	14	6	27	10	8	9	21	7	19	11	21	16	13	3	17	6	9	10	11	6	7	1	13	1	5	16	26	15	12	2	14	16	
70_A/Bar-headed_Goose/Q 6	4	12	7	11	6	12	8	9	10	1	0	5	3	0	0	9	4	9	1	10	4	7	0	7	10	8	0	11	2	9	1	14	6	27	10	8	9	21	7	19	11	21	16	13	3	17	6	9	10	11	6	7	1	13	1	5	16	26	15	12	2	14	16	
71_A/Bar-headed_Goose/Q 6	4	12	7	11	6	12	8	9	10	1	0	5	3	0	0	9	4	9	1	10	4	7	0	7	10	8	0	11	2	9	1	14	6	28	9	8	9	20	7	19	11	21	16	13	3	17	6	9	10	12	6	7	1	13	1	5	16	26	15	12	2	14	16	
72_A/Bar-headed_Goose/Q 6	4	12	7	11	6	12	8	9	10	1	0	5	3	0	0	9	4	9	1	10	5	7	0	7	10	8	0	11	2	9	1	14	6	28	9	8	8	20	7	19	11	21	16	13	3	17	6	9	10	12	6	7	1	13	1	5	16	26	15	12	2	14	16	
73_A/Bar-headed_Goose/Q 6	4	12	7	11	6	12	8	9	10	1	0	5	3	0	0	9	4	8	1	10	4	8	0	7	10	8	0	11	2	9	1	14	6	29	8	8	9	20	7	19	11	21	16	13	3	17	6	9	10	12	6	7	1	13	1	5	16	26	15	12	2	14	16	
74_A/Bar-headed_Goose/Q 6	4	11	7	11	6	12	8	9	10	1	0	5	3	0	0	9	4	10	1	10	4	7	0	7	10	8	0	11	2	9	1	14	6	28	9	8	9	20	7	19	11	22	16	13	3	17	6	8	10	12	7	7	1	13	1	5	16	25	15	12	2	14	16	
75_A/Bar-headed_Goose/Q 6	4	12	7	11	6	12	8	9	11	1	0	5	2	0	0	9	4	9	1	10	4	7	0	7	10	8	0	11	2	9	1	14	6	27	10	8	9	21	7	19	11	21	16	13	3	17	6	9	10	11	6	7	1	13	1	5	16	26	15	12	2	14	16	
76_A/Bar-headed_Goose/Q 6	4	12	7	11	6	12	8	9	11	1	0	6	2	0	0	9	4	9	1	10	4	7	0	7	10	7	0	10	2	10	1	14	6	27	10	8	9	21	7	19	11	20	16	13	3	18	6	9	10	11	6	7	1	13	1	5	16	26	15	11	2	14	17	
77_A/Bar-headed_Goose/Q 6	4	12	7	11	6	12	8	9	10	1	0	5	3	0	0	9	4	9	1	10	4	7	0	7	10	8	0	11	2	9	1	14	6	28	9	8	10	20	6	19	11	21	16	13	3	17	6	8	10	13	6	7	1	13	1	5	16	26	15	12	2	14	16	
78_A/Bar-headed_Goose/Q 6	4	12	7	11	6	12	8	10	10	1	0	5	3	0	0	8	4	10	1	10	4	7	0	6	10	8	0	11	2	9	1	14	6	28	9	8	9	20	7	18	11	22	16	13	3	17	6	9	10	12	6	7	1	13	1	5	16	26	15	12	2	14	16	
79_A/Bar-headed_Goose/Q 6	4	12	7	11	6	12	8	9	10	1	0	5	3	0	0	9	4	9	1	10	4	7	0	7	10	8	0	11	2	9	1	14	6	28	9	8	9	21	7	18	11	21	16	13	3	17	6	9	10	12	6	7	1	13	1	5	16	26	15	12	2	13	17	
80_A/Bar-headed_Goose/Q 6	4	12	7	11	6	12	8	9	10	1	0	5	3	0	0	9	4	9	1	10	4	7	0	7	10	8	0	11	2	9	1	14	6	28	9	8	9	20	7	19	11	21	16	13	3	17	6	9	10	12	6	7	1	13	1	5	16	26	15	12	2	14	16	
81_A/Bar-headed_Goose/Q 6	4	12	7	11	6	12	8	9	10	1	0	5	3	0	0	9	4	8	1	10	4	8	0	7	10	8	0	11	2	9	1	14	6	28	10	8	9	20	6	19	11	21	16	13	3	17	6	9	10	12	6	7	1	13	1	5	16	26	15	12	2	14	16	
82_A/Bar-headed_Goose/Q 6	4	12	7	11	6	12	8	9	10	1	0	5	3	0	0	9	4	9	1	10	4	7	0	7	10	8	0	11	2	9	1	14	6	28	9	8	9	20	7	19	11	21	16	13	3	17	6	9	10	12	6	7	1	13	1	5	16	26	15	12	2	14	16	
83_A/Bar-headed_Goose/Q 6	4	12	7	11	6	12	8	9	10	1	0	5	3	0	0	9	4	9	0	10	4	7	0	7	10	8	0	11	2	9	2	14	6	26	9	8	9	21	7	19	11	20	16	13	3	18	6	9	10	12	7	7	1	13	1	5	15	26	16	12	3	14	15	
84_A/Bar-headed_Goose/T 5	2	10	7	12	7	14	8	8	12	1	0	5	2	0	0	9	4	10	1	10	3	5	0	9	11	8	0	10	2	9	1	15	7	26	10	6	9	22	7	20	9	21	14	14	2	16	8	9	9	14	4	6	1	12	3	7	15	26	16	10	6	13	16	
85_A/Bar-headed_Goose/T 6	2	10	7	11	7	14	8	8	12	1	0	6	2	0	0	9	4	10	1	10	3	5	0	9	11	8	0	9	2	9	1	15	8	26	10	6	9	22	7	21	8	22	15	14	2	15	7	8	9	14	4	8	1	12	3	5	15	25	16	10	6	14	16	
86_A/Bar-headed_Goose/T 5	2	10	6	12	7	14	9	8	12	1	0	6	2	0	0	9	4	10	1	10	4	5	0	9	11	8	0	9	2	9	1	15	8	26	10	6	8	22	7	21	8	22	15	14	2	15	7	8	9	14	4	8	1	12	3	5	15	25	16	10	6	14	16	
87_A/Bar-headed_Goose/T 5	2	10	7	12	7	14	8	8	12	1	0	5	2	0	0	9	4	10	1	10	3	5	0	9	11	8	0	10	2	9	1	15	7	26	10	6	9	22	7	21	9	21	14	14	2	16	8	9	9	14	4	6	1	12	3	6	15	26	16	10	6	13	16	
88_A/Bar-headed_Goose/T 5	2	10	7	12	7	14	8	8	12	1	0	6	2	0	0	9	4	10	1	10	3	5	0	9	11	8	0	9	2	9	1	15	8	26	10	6	9	22	7	19	8	22	15	15	2	15	7	8	9	14	4	8	1	12	3	6	15	25	16	10	6	14	16	
89_A/Bar-headed_Goose/T 5	2	10	7	12	7	14	8	8	12	1	0	6	2	0	0	9	4	10	1	10	3	5	0	9	11	8	0	9	2	9	1	15	8	26	10	6	9	22	7	20	8	22	15	14	2	15	7	8	9	14	4	8	1	12	3	6	15	25	16	10	6	14	16	
90_A/Bar-headed_Goose/T 5	2	10	7	12	7	14	8	8	12	1	0	6	2	0	0	9	4	10	1	10	3	5	0	9	11	8	0	9	2	9	1	15	8	26	10	6	9	22	7	20	8	22	15	14	2	15	7	8	9	14	4	8	1	12	3	6	15	25	16	10	6	14	16	
91_A/Bar-headed_Goose/T 5	2	10	7	12	7	14	8	8	12	1	0	6	2	0	0	9	4	10	1	10	3	5	0	8	11	8	0	9	2	9	1	15	8	26	10	6	9	22	7	22	8	22	15	14	2	15	7	8	9	14	4	8	1	12	3	5	15	25	16	10	6	14	16	
92_A/Bar-headed_Goose/T 5	2	10	7	12	7	14	8	8	12	1	0	6	2	0	0	9	4	10	1	10	3	5	0	9	11	8	0	9	2	9	1	15	8	26	10	6	9	22	7	21	8	22	15	14	2	15	7	8	9	14	4	8	1	12	3	5	15	25	16	10	6	14	16	
93_A/Bar-headed_Goose/T 5	2	10	7	12	7	14	8	8	12	1	0	5	2	0	0	9	4	10	1	10	3	5	0	9	11	8	0	10	2	9	1	15	7	26	10	6	9	22	7	21	9	21	14	14	2	16	8	9	9	14	4	6	1	12	3	6	15	26	16	10	6	13	16	
94_A/Bar-headed_Goose/T 5	2	10	7	12	7	14	8	8	12	1	0	5	2	0	0	9	4	10	1	10	3	5	0	9	11	8	0	10	2	9	1	15	7	26	10	6	9	22	7	20	9	21	14	14	2	16	8	9	9	14	4	6	1	12	3	7	15	26	16	10	6	13	16	
95_A/Bar-headed_Goose/T 5	2	10	7	12	7	14	8	8	12	1	0	5	2	0	0	9	4	10	1	10	3	5	0	9	11	8	0	10	2	9	1	15	7	26	10	6	9	22	7	21	9	21	14	14	2	16	8	9	9	14	4	6	1	12	3	6	14	26	16	10	7	13	16	
96_A/bean_goose/Hubei/B 5	2	10	7	12	7	14	8	8	12	1	0	5	2	0	0	9	4	10	1	10	3	6	0	9	11	7	0	10	2	10	1	15	7	26	10	7	9	21	7	20	9	21	15	14	2	16	7	9	9	14	4	7	1	12	3	4	15	25	16	11	6	14	16	
97_A/Bean_Goose/Hubei/c 13	6	11	6	6	6	13	9	2	13	1	0	5	1	0	0	12	4	8	0	8	4	6	0	12	9	11	2	8	3	8	0	14	13	26	11	7	3	23	6	16	11	16	9	14	1	18	10	7	7	17	8	9	4	11	3	7	18	25	20	10	1	14	9	
98_A/Bean_goose/Hubei/C 6	4	12	7	11	6	12	8	9	10	1	0	5	3	0	0	9	4	8	1	10	4	8	0	7	10	9	0	11	2	9	1	14	6	28	9	8	9	21	7	19	11	19	16	13	3	17	6	9	10	12	6	7	1	13	1	5	16	26	15	12	2	14	16	
99_A/Bean_goose/Hubei/C 6	4	12	7	11	6	12	7	10	10	1	0	5	3	0	0	9	4	8	1	10	6	6	0	7	10	9	0	10	2	9	1	15	6	28	9	8	9	21	8	18	10	19	16	13	3	17	6	9	10	12	6	7	2	12	2	5	16	25	16	12	2	14	16	
100_A/Bean_goose/Hubei/C 6	4	12	7	11	6	12	8	9	10	1	0	5	3	0	0	8	4	9	1	10	4	8	0	7	10	8	0	11	2	9	1	14	6	28	9	8	9	21	7	19	11	20	16	13	3	17	6	9	10	12	6	7	1	13	1	5	15	27	15	12	2	14	16	
101_A/black_swan/Beijing 6	2	10	7	11	8	14	8	8	11	1	0	5	2	0	0	9	4	9	1	10	3	7	0	9	11	7	0	10	2	10	1	15	7	26	10	5	9	21	7	20	9	21	15	14	2	16	7	9	9	14	4	9	1	12	3	5	15	26	16	10	6	13	16	
102_A/black-backed_gull/ 6	2	10	7	11	8	14	8	8	11	1	0	5	2	0	0	9	4	9	1	10	3	7	0	9	11	7	0	10	2	10	1	15	7	27	9	7	9	20	7	20	9	21	15	14	2	16	7	9	9	14	5	7	1	12	3	5	15	26	16	10	6	13	16	
103_A/Brown-headed_Gull/ 6	4	12	7	11	6	12	8	9	10	1	0	5	3	0	0	9	4	9	1	10	4	7	0	7	10	8	0	11	2	9	1	14	6	28	9	8	9	20	7	19	11	21	16	13	3	17	6	9	11	10	7	7	1	13	1	5	16	26	14	12	2	14	17	
104_A/Brown-headed_Gull/ 6	4	12	7	11	6	12	8	9	10	1	0	5	3	0	0	9	4	9	1	10	4	7	0	7	10	8	0	11	2	9	1	14	6	28	9	8	9	20	7	19	11	21	16	13	3	17	6	9	11	11	6	7	1	13	1	5	16	26	15	12	2	14	16	
105_A/Brown-headed_Gull/ 6	4	12	7	11	6	11	8	9	10	1	0	5	3	0	0	9	4	9	1	10	4	7	0	7	10	8	0	11	2	9	1	14	6	28	9	8	9	20	7	19	11	21	16	13	3	17	7	9	10	12	6	8	1	13	1	5	16	26	15	12	2	14	15	
106_A/Brown-headed_Gull/ 6	4	12	7	11	6	12	8	9	10	1	0	5	3	0	0	9	4	9	1	10	4	7	0	7	10	8	0	11	2	9	1	14	6	28	9	8	9	20	7	19	11	21	16	13	3	17	6	9	10	12	6	7	1	13	1	5	16	26	15	12	2	14	16	
107_A/Brown-headed_Gull/ 6	4	12	7	11	6	12	8	9	10	1	0	5	3	0	0	9	4	9	1	10	4	7	0	7	10	8	0	11	2	9	1	14	6	28	9	8	9	20	7	19	11	21	16	13	3	17	6	9	10	12	6	7	1	13	1	5	16	26	15	12	2	14	16	
108_A/Brown-headed_Gull/ 6	4	12	7	11	6	12	7	9	10	1	0	5	3	0	0	9	4	9	1	10	5	7	1	7	10	8	0	11	2	9	1	14	6	27	10	8	8	21	7	19	11	21	16	13	3	17	6	8	10	11	6	8	1	13	1	5	16	26	15	12	2	14	16	
109_A/Brown-headed_Gull/ 6	4	12	7	11	6	12	8	9	10	1	0	5	3	0	0	9	4	9	1	10	4	7	0	7	10	8	0	11	2	9	1	14	6	28	10	8	9	21	7	19	11	21	16	13	3	17	6	9	10	10	6	7	1	13	1	5	16	26	15	12	2	14	16	
110_A/Brown-headed_Gull/ 6	4	12	7	11	6	12	8	9	10	1	0	5	3	0	0	9	4	9	1	10	4	7	0	7	10	8	0	11	2	9	1	14	6	28	9	8	9	20	7	19	11	21	16	13	2	18	6	8	10	12	6	8	1	13	1	5	17	26	15	12	1	14	16	
111_A/Brown-headed_Gull/ 6	4	12	7	11	6	12	8	9	10	1	0	5	3	0	0	9	4	9	1	10	4	7	0	7	10	8	0	11	2	9	1	14	6	28	9	8	9	20	7	19	11	21	16	13	3	17	6	9	10	12	6	7	1	13	1	5	16	27	14	12	2	14	16	
112_A/brown-headed_gull/ 5	2	10	7	12	7	14	8	8	12	1	0	5	2	0	0	9	4	10	1	10	3	5	0	9	11	8	0	10	2	9	1	15	7	26	10	5	9	22	7	20	9	22	15	14	2	15	7	9	9	14	4	8	1	12	3	6	15	26	16	10	6	13	16	
113_A/Brown-headed_Gull/ 5	2	10	7	12	7	14	8	8	12	1	0	5	2	0	0	9	4	10	1	10	3	5	0	9	11	8	0	10	2	9	1	15	7	26	10	6	9	22	7	21	9	21	14	14	2	16	8	9	9	14	4	6	1	12	3	6	15	26	16	10	6	13	16	
114_A/Brown-headed_Gull/ 5	2	11	7	12	7	13	8	8	12	1	0	5	2	0	0	9	4	10	1	10	3	5	0	9	11	7	0	10	2	10	1	15	7	26	10	6	9	22	7	21	9	22	15	14	2	15	7	9	9	14	4	7	1	12	3	5	15	26	16	10	6	13	16	
115_A/Brown-headed_Gull/ 5	2	11	7	12	7	13	8	8	12	1	0	5	2	0	0	9	4	10	1	10	3	5	0	9	11	8	0	10	2	9	1	15	7	26	10	6	9	22	7	21	9	22	15	14	2	15	7	9	9	14	4	7	1	12	3	5	15	26	16	10	6	13	16	
116_A/chicken/Changhua/1 7	5	12	7	10	6	12	8	11	12	1	0	3	1	0	0	11	3	9	0	9	4	7	0	10	9	8	0	7	3	8	2	12	9	27	7	10	7	20	9	20	11	24	17	13	2	14	5	7	8	14	5	7	3	13	1	5	17	21	15	13	3	17	17	
117_A/chicken/Changhua/1 7	5	12	7	10	6	12	8	11	12	1	0	3	1	0	0	11	3	9	0	9	4	7	0	9	10	8	0	8	2	8	2	12	10	28	7	10	6	20	9	20	11	24	16	13	2	14	6	7	8	13	5	7	3	13	1	5	17	21	16	13	3	17	16	
118_A/chicken/Changhua/1 7	5	12	7	10	6	12	8	11	12	1	0	3	1	0	0	11	3	9	0	9	4	7	0	9	9	8	0	8	3	8	2	12	10	29	7	10	6	20	9	20	11	24	16	13	2	14	6	7	8	12	5	7	3	13	1	5	17	21	16	13	3	17	16	
119_A/chicken/Changhua/1 7	5	12	7	10	6	12	8	11	12	1	0	3	1	0	0	11	3	9	0	9	4	7	0	9	9	8	0	8	3	8	2	12	10	28	7	10	6	20	9	20	11	24	16	13	2	14	6	7	8	13	5	7	3	13	1	5	17	21	15	13	3	17	17	
120_A/chicken/Changhua/1 7	5	12	7	10	6	12	8	11	12	1	0	3	1	0	0	12	4	9	0	9	3	7	0	9	9	8	1	7	3	8	2	12	10	28	8	10	6	19	9	20	11	24	15	13	2	14	6	7	8	12	5	7	3	14	1	5	17	20	16	13	3	18	16	
121_A/chicken/Changhua/1 7	5	12	7	10	6	12	8	10	12	1	0	4	1	0	0	12	4	9	0	9	3	7	0	9	9	8	1	7	3	8	2	12	10	27	8	10	6	20	9	20	12	23	15	13	2	13	6	7	8	11	5	7	3	15	1	5	17	21	16	12	4	18	16	
122_A/chicken/Chiayi/150 7	5	12	7	10	6	12	8	11	12	1	0	3	1	0	0	12	4	9	0	9	3	7	0	9	9	8	1	7	3	8	2	12	10	27	8	10	6	20	9	20	11	24	15	13	2	14	6	7	8	12	5	7	3	14	1	5	17	22	16	13	3	16	16	
123_A/chicken/Kaohsiung/ 7	5	11	5	10	6	13	10	10	12	1	0	5	1	0	0	11	3	9	0	9	4	7	0	9	9	8	0	7	3	8	2	12	10	28	7	10	7	20	9	21	11	24	16	14	2	13	6	7	7	11	5	7	3	15	1	7	16	21	15	11	3	17	17	
124_A/chicken/Kaohsiung/ 7	5	12	6	10	6	12	9	10	12	1	0	5	1	0	0	11	3	9	0	9	4	7	0	9	9	8	0	7	3	8	2	12	11	28	7	10	5	20	9	21	10	24	16	14	2	12	7	7	7	12	5	7	4	14	1	7	17	21	15	11	3	17	17	
125_A/chicken/Kaohsiung/ 7	5	12	6	10	6	12	9	10	12	1	0	5	1	0	0	11	3	9	0	9	4	7	0	9	9	8	0	7	3	8	2	13	10	28	7	9	7	20	9	21	10	24	16	14	2	13	6	8	7	12	5	6	3	14	1	7	17	21	15	11	3	17	17	
126_A/chicken/Kaohsiung/ 7	5	11	5	10	6	13	10	10	12	1	0	5	1	0	0	11	3	9	0	9	4	7	0	9	9	8	0	7	3	8	2	12	10	28	7	10	7	20	9	21	11	24	16	14	2	13	6	7	7	11	5	7	3	15	1	7	16	21	15	11	3	17	17	
127_A/chicken/Kaohsiung/ 7	5	12	6	10	6	12	9	10	12	1	0	5	1	0	0	11	3	9	0	9	4	7	0	9	9	8	0	7	3	8	2	12	10	28	7	10	7	19	9	21	10	24	16	14	2	13	6	7	7	11	5	7	3	16	1	6	17	21	15	12	3	17	17	
128_A/chicken/Kaohsiung/ 7	5	12	6	10	6	12	9	10	12	1	0	5	1	0	0	11	3	10	0	9	4	6	0	8	9	8	0	8	3	8	2	12	10	29	7	10	7	19	9	21	10	24	16	14	2	13	6	7	7	12	5	7	3	14	1	8	17	22	15	10	3	16	17	
129_A/chicken/Kaohsiung/ 8	5	12	6	9	6	12	9	10	12	1	0	4	1	0	0	11	3	9	0	9	4	7	0	9	9	8	0	8	3	8	2	12	10	28	7	10	7	20	9	20	11	27	16	14	2	12	5	7	7	12	5	7	3	14	1	7	16	21	14	10	4	17	18	
130_A/chicken/Miaoli/150 7	5	12	7	10	6	12	8	11	12	1	0	3	1	0	0	11	3	9	0	9	4	7	0	9	9	8	0	8	3	8	2	12	10	27	8	10	6	20	9	20	11	24	16	13	2	14	6	7	8	13	5	7	3	13	1	5	17	21	16	13	3	17	16	
131_A/chicken/Nantou/161 7	5	12	5	10	6	12	10	10	12	1	0	5	1	0	0	11	3	9	0	8	4	7	0	10	9	8	0	7	3	8	2	12	10	28	8	10	7	19	8	21	10	24	16	14	2	13	6	7	7	11	5	7	3	16	1	6	17	20	14	12	3	18	18	
132_A/chicken/New_Taipei 8	5	12	6	9	5	12	9	10	13	1	0	5	1	0	0	11	3	10	0	9	4	6	0	8	10	8	0	8	2	8	2	12	10	29	7	10	7	19	9	20	10	25	16	15	2	13	5	7	7	12	5	7	3	14	1	7	17	22	15	11	3	16	17	
133_A/chicken/New_Taipei 8	5	12	6	9	5	12	9	10	13	1	0	5	1	0	0	11	3	10	0	9	4	6	0	9	10	8	0	7	2	8	2	12	10	29	7	10	7	19	9	22	10	25	16	14	2	13	5	7	7	12	5	7	3	14	1	6	18	21	15	11	3	16	17	
134_A/chicken/New_Taipei 7	5	12	6	10	6	12	9	10	13	1	0	7	1	0	0	11	4	9	0	9	3	7	0	9	9	8	0	5	2	8	2	12	11	27	9	10	6	20	8	20	11	25	17	14	2	13	4	6	7	12	6	8	3	14	1	6	17	22	15	12	3	16	16	
135_A/chicken/New_Taipei 7	5	12	7	10	6	12	8	11	13	1	0	7	1	0	0	11	4	9	0	9	3	7	0	8	9	8	0	5	2	8	2	12	11	27	10	10	6	20	8	20	11	24	17	14	2	13	3	6	8	12	6	8	2	14	1	6	17	23	15	12	3	16	16	
136_A/chicken/New_Taipei 7	5	12	7	10	6	12	8	11	13	1	0	7	1	0	0	11	4	9	0	9	3	7	0	8	9	8	0	5	2	8	2	12	11	27	10	10	6	20	8	20	11	25	17	14	2	13	3	6	8	12	6	8	2	14	1	6	17	22	15	12	3	16	16	
137_A/chicken/New_Taipei 7	5	12	7	10	6	12	8	11	13	1	0	7	1	0	0	11	4	9	0	9	3	7	0	8	9	8	0	5	2	8	2	12	11	27	10	10	6	20	8	20	11	25	17	14	2	13	3	6	8	12	6	8	2	14	1	6	17	22	15	12	3	16	16	
138_A/chicken/Shandong/K 6	4	11	7	11	6	13	8	10	9	1	0	3	3	0	0	10	4	8	1	9	4	9	0	12	10	8	1	8	2	8	1	14	9	28	10	8	8	19	7	20	11	23	14	13	2	15	7	7	7	14	5	7	3	11	1	5	19	25	16	10	3	14	16	
139_A/chicken/Taichung/1 7	5	12	7	10	6	12	8	11	12	1	0	3	2	0	0	12	4	9	0	9	3	7	0	9	9	8	1	7	2	8	2	12	10	27	7	10	6	20	10	20	10	25	15	13	2	12	6	8	8	12	5	7	3	14	1	6	18	22	16	11	3	17	16	
140_A/chicken/Tainan/150 7	5	12	7	10	6	12	8	10	12	1	0	5	1	0	0	11	3	10	0	9	4	6	0	9	9	8	0	7	3	8	2	13	10	28	7	10	6	20	9	19	11	23	16	14	2	14	6	7	8	12	5	7	3	14	1	5	17	21	15	13	3	17	17	
141_A/chicken/Tainan/170 7	5	12	6	10	6	12	9	11	11	1	0	4	2	0	0	10	3	9	0	10	4	7	0	9	9	6	1	7	3	9	2	13	11	28	7	9	7	20	9	21	10	25	16	14	1	12	6	6	7	11	5	8	3	15	1	7	17	21	14	11	3	17	18	
142_A/chicken/Taipei_Cit 7	5	12	7	10	6	12	8	11	13	1	0	7	1	0	0	10	4	9	0	10	3	7	0	8	9	8	0	5	2	8	2	13	11	27	10	9	6	20	8	20	11	24	18	14	2	13	3	6	7	12	6	8	3	14	1	6	17	22	16	12	3	16	15	
143_A/chicken/Taipei/160 8	5	12	6	9	6	12	9	11	12	1	0	5	1	0	0	11	3	9	0	9	4	7	0	8	9	8	0	7	3	8	2	12	10	28	8	10	7	19	8	21	10	24	16	14	2	13	6	7	7	11	5	7	3	16	1	6	17	21	15	12	3	17	17	
144_A/chicken/Taipei/160 8	5	12	6	9	6	12	9	11	12	1	0	5	1	0	0	11	3	9	0	9	4	7	0	8	9	8	0	7	3	8	2	12	10	28	8	10	7	19	8	21	10	24	16	14	2	13	6	7	7	11	5	7	3	16	1	6	17	21	15	12	3	17	17	
145_A/chicken/Taipei/161 7	5	12	7	10	6	12	8	10	12	1	0	6	1	0	0	11	3	10	0	9	4	6	0	8	9	8	0	7	4	8	2	12	10	27	6	10	7	21	10	20	10	24	17	14	2	13	5	7	7	12	5	7	3	14	1	8	17	22	15	10	3	16	17	
146_A/chicken/Taipei/170 7	5	12	6	10	6	12	9	10	13	1	0	7	1	0	0	11	4	9	0	9	3	7	0	9	9	8	0	5	2	8	2	12	10	27	9	10	7	21	8	21	11	25	17	14	2	13	4	6	6	12	6	8	4	13	1	5	17	22	15	12	3	16	16	
147_A/chicken/Taipei/170 7	5	12	6	10	6	12	9	10	13	1	0	7	1	0	0	11	4	9	0	9	3	7	0	9	9	8	0	5	2	8	2	12	11	27	9	10	6	20	8	21	11	25	17	14	2	13	4	6	7	12	6	8	3	14	1	5	17	23	15	12	3	15	16	
148_A/chicken/Taipei/170 7	5	11	6	10	5	13	9	10	12	1	0	7	1	0	0	11	4	9	0	9	4	7	0	9	10	8	0	5	2	8	2	12	10	27	9	10	7	21	8	20	11	25	17	14	2	13	4	6	6	12	6	8	4	13	1	6	17	22	15	12	3	16	16	
149_A/chicken/Taiwan/x37 8	5	11	6	9	6	13	9	10	12	1	0	5	1	0	0	11	3	9	0	9	4	7	0	9	9	8	0	7	3	8	2	12	10	29	7	10	7	19	9	21	11	24	16	14	1	13	6	6	6	14	5	8	3	12	1	8	18	20	14	10	4	17	18	
150_A/chicken/Yunlin/150 7	5	12	7	10	6	12	8	11	12	1	0	3	1	0	0	11	3	9	0	9	4	7	0	10	9	8	0	7	3	8	2	12	9	28	7	10	7	20	9	21	10	24	16	13	2	14	6	7	8	13	5	7	3	13	1	4	18	20	16	13	3	17	17	
151_A/chicken/Yunlin/160 7	5	12	7	10	6	12	8	11	11	1	0	3	2	0	0	12	4	9	1	9	3	7	0	9	8	8	1	7	3	8	2	12	10	27	7	10	6	19	9	19	12	23	15	14	2	15	6	7	9	12	6	7	2	15	1	5	17	20	16	13	3	18	15	
152_A/chicken/Yunlin/170 7	5	11	6	10	6	13	9	11	12	1	0	3	2	0	0	13	3	9	0	8	4	7	0	8	9	8	1	8	2	8	2	13	10	28	7	10	6	20	10	20	10	23	16	13	2	13	6	7	8	11	5	7	3	14	1	7	19	20	16	10	2	19	16	
153_A/Chlidonias_hybrida 5	2	10	7	12	7	14	8	8	12	1	0	5	2	0	0	9	4	10	1	10	3	6	0	9	11	7	0	10	2	10	1	15	7	26	10	7	9	21	7	20	9	21	15	14	2	16	7	9	9	14	4	7	1	12	3	5	15	26	16	10	6	13	16	
154_A/common_coot/Shando 6	2	10	7	11	8	14	8	8	11	1	0	5	2	0	0	9	4	9	1	10	3	7	0	9	11	7	0	10	2	10	1	15	6	27	10	7	10	20	7	20	9	21	15	14	2	16	7	9	8	14	4	7	1	12	3	5	15	26	16	10	7	13	16	
155_A/common_crane/Yunna 5	2	10	7	12	8	14	8	8	11	1	0	5	2	0	0	9	4	10	1	10	3	6	0	9	11	7	0	10	2	10	1	15	6	26	10	7	10	21	7	19	10	20	15	14	2	17	7	9	9	14	4	7	1	12	3	5	15	26	16	10	6	13	16	
156_A/common_pochard/Nin 4	4	11	8	13	6	14	7	9	10	1	0	7	3	0	0	10	3	9	0	9	4	7	0	7	11	8	0	10	1	9	2	13	7	28	10	8	9	22	6	19	9	21	14	13	4	16	8	9	8	12	6	8	1	11	1	6	16	28	14	11	3	13	17	
157_A/common_teal/Ningxi 5	2	10	7	12	7	14	8	8	12	1	0	5	2	0	0	9	4	9	1	10	3	7	0	9	11	7	0	10	2	10	1	15	7	26	10	7	9	21	7	21	9	21	15	14	2	16	7	9	9	14	4	7	1	12	3	3	15	26	16	11	6	13	16	
158_A/common_teal/Ningxi 4	4	11	8	13	6	14	7	9	10	1	0	7	3	0	0	9	4	9	0	9	4	7	0	7	11	8	0	10	1	9	2	13	7	28	10	8	9	22	6	19	9	21	14	13	4	16	8	9	8	12	6	8	1	11	1	6	16	28	14	11	3	13	17	
159_A/common_teal/Ningxi 4	4	11	8	13	6	14	7	9	10	1	0	7	3	0	0	9	4	9	0	9	4	7	0	7	11	8	0	10	1	9	2	13	7	28	10	8	9	22	6	19	9	21	14	13	4	16	8	9	8	12	6	8	1	11	1	6	16	28	14	11	3	13	17	
160_A/common_teal/Ningxi 4	4	11	8	13	6	14	7	9	10	1	0	7	3	0	0	9	4	9	0	9	4	7	0	7	11	8	0	10	1	9	2	13	7	28	10	8	9	22	6	19	9	21	14	13	4	16	8	9	8	12	6	8	1	11	1	6	16	28	14	11	3	13	17	
161_A/common_teal/Ningxi 4	4	11	8	13	6	14	7	9	10	1	0	7	3	0	0	9	4	9	0	9	4	7	0	7	11	8	0	10	1	9	2	13	7	28	10	8	9	22	6	19	9	21	14	13	4	16	8	9	8	12	6	8	1	11	1	6	16	28	14	11	3	13	17	
162_A/common_teal/Ningxi 4	4	11	8	13	6	14	7	9	10	1	0	7	3	0	0	9	4	9	0	9	4	7	0	7	11	8	0	10	1	9	2	13	7	28	10	8	9	22	6	19	9	21	14	13	4	16	8	9	8	12	6	8	1	11	1	6	16	28	14	11	3	13	17	
163_A/common_teal/Shaanx 5	2	10	7	12	7	14	8	8	12	1	0	5	2	0	0	9	4	9	1	10	3	7	0	9	11	7	0	10	2	10	1	15	7	26	10	7	9	21	7	21	9	21	15	14	2	16	7	9	9	14	4	7	1	12	3	3	15	26	16	11	6	13	16	
164_A/Cygnus_atratus/Hub 6	4	11	8	11	6	13	7	9	10	1	0	5	3	0	0	9	3	10	1	10	5	6	0	7	10	8	0	11	2	9	1	14	6	26	10	8	9	22	7	19	11	22	15	13	3	16	6	10	9	11	6	7	1	14	1	5	15	26	15	12	3	14	16	
165_A/Cygnus_atratus/Hub 6	4	11	7	11	6	13	8	9	10	1	0	5	3	0	0	9	3	10	1	10	5	6	0	7	10	8	0	11	2	9	1	14	6	26	10	8	9	21	7	19	11	23	15	13	3	16	6	10	9	11	6	7	1	14	1	5	15	26	15	12	3	14	16	
166_A/Cygnus_columbianus 5	2	10	7	12	6	14	8	8	13	1	0	5	2	0	0	9	4	10	1	10	3	6	0	9	11	7	0	10	2	10	1	15	7	26	10	7	9	21	7	20	9	21	15	14	2	16	7	9	9	14	4	7	1	12	3	5	15	26	16	10	6	13	16	
167_A/Cygnus_columbianus 6	2	10	7	11	8	14	8	8	11	1	0	5	2	0	0	9	4	10	1	10	3	6	0	9	11	7	0	10	2	10	1	15	7	26	10	7	8	21	7	19	11	21	15	14	2	16	7	10	9	14	4	6	1	12	3	5	15	26	16	10	6	13	16	
168_A/Cygnus_columbianus 5	2	10	7	12	7	14	8	8	12	1	0	5	2	0	0	9	4	10	1	10	3	6	0	9	11	7	0	10	2	10	1	15	7	26	10	7	9	21	7	20	9	21	15	14	2	16	7	9	9	15	4	7	1	11	3	5	15	25	16	10	6	14	16	
169_A/Cygnus_columbianus 6	2	10	7	12	7	14	8	8	12	1	0	5	2	0	0	8	4	10	1	10	3	6	0	9	11	7	0	10	2	10	1	15	7	26	10	7	9	21	7	20	9	21	15	14	2	16	7	9	9	14	4	7	1	12	3	5	15	26	16	10	6	13	16	
170_A/Cygnus_columbianus 5	2	10	7	12	7	14	8	8	12	1	0	5	2	0	0	9	4	10	1	10	3	6	0	9	11	7	0	10	2	10	1	15	7	26	10	7	9	21	7	20	9	21	15	14	2	16	7	9	9	14	4	7	1	12	3	5	15	26	16	10	6	13	16	
171_A/Cygnus_columbianus 5	2	10	7	12	7	14	8	8	12	1	0	5	2	0	0	9	4	10	1	10	3	6	0	9	11	7	0	10	2	10	1	15	8	26	10	7	9	21	7	20	8	21	15	14	2	16	7	9	9	14	4	7	1	12	3	5	15	26	16	10	6	13	16	
172_A/Cygnus_columbianus 5	2	10	7	12	7	14	8	8	12	1	0	5	2	0	0	9	4	10	1	10	3	6	0	9	11	7	0	10	2	10	1	15	8	25	10	7	8	22	7	20	9	22	15	14	2	16	7	9	9	14	4	7	1	12	3	5	15	26	16	10	6	12	16	
173_A/duck/Chiayi/150800 7	5	12	7	10	6	12	8	11	12	1	0	3	1	0	0	12	4	9	0	9	3	7	0	8	9	8	1	8	3	8	2	12	10	29	8	10	6	19	9	20	11	23	15	13	2	15	6	7	8	11	5	7	3	14	1	5	17	22	16	13	3	16	16	
174_A/duck/Eastern_China 7	4	11	7	10	7	13	8	11	9	1	0	3	3	0	0	9	4	9	1	10	4	7	0	10	10	7	1	9	2	10	1	12	8	26	9	8	7	20	8	18	11	21	14	13	3	17	7	10	8	15	6	7	3	11	1	7	16	25	13	11	3	14	18	
175_A/duck/Eastern_China 6	4	12	6	11	7	12	9	11	9	1	0	3	3	0	0	10	4	8	1	9	4	8	0	10	10	8	1	8	2	9	1	13	8	27	9	8	7	20	7	21	11	24	16	12	3	14	5	9	8	14	5	7	3	12	1	5	17	25	16	12	2	14	16	
176_A/duck/Eastern_China 6	4	11	7	11	7	13	8	11	9	1	0	3	3	0	0	10	4	8	1	9	4	8	0	10	10	8	1	8	2	9	1	13	8	27	10	8	7	19	7	20	12	23	16	13	2	15	5	9	8	14	5	7	3	12	1	6	16	25	16	11	3	14	16	
177_A/duck/Eastern_China 6	4	11	7	11	7	13	8	11	9	1	0	3	3	0	0	10	4	8	1	9	4	8	0	10	10	8	1	8	2	9	1	13	8	26	10	8	7	20	7	20	11	23	15	13	3	16	6	8	8	14	5	7	3	12	1	7	16	24	15	11	3	14	17	
178_A/duck/Eastern_China 6	4	11	8	11	7	13	7	11	9	1	0	3	3	0	0	10	4	8	1	9	4	8	0	10	10	9	1	8	2	8	1	13	8	28	9	8	7	19	7	20	12	22	16	13	2	16	5	9	8	14	5	7	3	12	1	6	16	24	16	11	3	15	16	
179_A/duck/Eastern_China 6	4	11	7	11	7	13	8	11	9	1	0	3	3	0	0	10	4	9	1	9	4	7	0	10	10	7	1	8	2	10	1	12	8	27	10	8	7	19	7	20	11	22	15	13	3	16	6	10	8	14	5	7	3	12	1	6	16	25	15	11	3	14	17	
180_A/duck/Eastern_China 6	4	11	7	11	7	13	8	12	9	1	0	3	3	0	0	10	4	7	1	9	4	9	0	10	10	8	1	8	2	9	1	13	8	26	10	8	7	20	7	19	11	24	15	13	3	13	7	9	7	15	5	7	3	11	1	6	17	25	16	11	3	14	16	
181_A/duck/Eastern_China 6	4	11	7	11	7	13	8	8	9	1	0	6	3	0	0	10	4	9	1	9	4	7	0	9	10	6	1	9	2	11	1	13	8	28	10	8	7	19	7	19	11	21	14	13	3	17	7	9	9	12	6	7	3	13	1	7	15	26	15	11	3	13	16	
182_A/duck/Eastern_China 6	4	11	7	11	6	13	8	9	10	1	0	5	3	0	0	10	4	9	1	9	4	7	0	7	10	7	0	11	2	10	1	13	6	27	10	8	9	20	7	19	11	20	16	13	3	18	6	10	9	12	6	7	3	13	1	5	15	26	14	12	3	13	17	
183_A/duck/Eastern_China 6	4	11	7	11	7	13	8	11	9	1	0	4	3	0	0	10	4	9	1	9	4	7	0	9	10	7	1	9	2	10	1	12	8	27	10	8	7	19	7	18	11	22	14	13	3	16	7	9	8	14	6	8	3	12	1	7	16	28	14	11	3	11	17	
184_A/duck/Guangdong/KGZ 5	2	10	7	12	7	14	8	7	12	1	0	6	2	0	0	9	4	11	1	10	3	5	0	9	11	7	0	10	2	10	1	15	7	27	11	7	9	20	7	21	9	21	14	13	2	16	7	9	9	13	5	6	1	13	2	6	15	26	16	10	6	13	16	
185_A/duck/Guangdong/KGZ 5	2	10	7	12	7	14	8	8	12	1	0	5	2	0	0	9	4	11	1	10	3	6	0	10	11	7	0	9	2	9	1	15	7	27	10	7	9	21	7	19	9	22	14	15	2	16	7	10	9	13	4	7	2	12	3	5	14	26	16	9	6	13	16	
186_A/duck/Guangdong/S12 5	2	10	7	12	7	14	8	7	12	1	0	6	2	0	0	9	4	11	1	10	3	5	0	9	11	7	1	10	2	10	1	15	7	27	10	7	9	19	7	21	9	21	14	13	2	16	7	9	9	14	4	6	1	13	3	6	15	25	16	10	6	14	16	
187_A/duck/Guangdong/s14 6	4	11	7	11	7	13	8	11	9	1	0	3	3	0	0	11	4	9	1	7	4	7	0	11	10	8	1	8	2	9	1	13	8	27	10	7	7	20	7	21	11	23	15	13	2	16	6	9	7	14	6	7	3	11	1	6	17	23	15	11	3	16	16	
188_A/duck/Guangxi/S1009 5	2	10	7	12	6	14	8	8	13	1	0	6	2	0	0	9	4	10	1	10	3	6	0	9	11	7	0	9	2	10	1	15	7	26	10	7	9	21	7	22	9	21	14	14	2	16	7	9	9	13	5	7	2	12	3	4	14	26	16	10	6	13	16	
189_A/duck/Guangxi/S1026 5	2	10	7	12	7	14	8	8	12	1	0	6	2	0	0	9	4	10	1	10	3	6	0	9	11	7	0	9	2	10	1	15	7	26	10	7	9	21	7	20	9	21	15	14	2	16	7	9	9	13	5	7	2	12	3	5	14	26	16	10	6	13	16	
190_A/duck/Guangxi/S1104 5	3	10	7	12	6	14	8	8	12	1	0	5	2	0	0	9	4	10	1	10	3	6	0	9	11	7	0	10	2	10	1	15	7	26	10	7	9	21	7	20	9	20	15	14	2	17	7	9	9	14	4	7	2	12	3	5	14	27	16	10	6	12	16	
191_A/duck/Guangxi/S2119 5	2	10	7	12	7	14	8	8	12	1	0	5	2	0	0	10	4	10	1	10	3	6	0	10	11	7	0	9	2	10	1	15	6	27	10	7	9	21	7	20	9	20	15	14	2	17	7	9	9	13	4	7	2	12	3	5	13	26	16	10	7	13	16	
192_A/duck/Hebei/S1070/2 6	2	10	7	11	8	15	8	8	11	1	0	5	2	0	0	10	4	9	1	9	3	7	0	9	11	7	0	11	2	10	1	15	7	25	10	7	9	22	6	20	9	21	15	14	2	17	7	9	9	13	4	7	1	12	3	5	15	26	15	9	6	13	17	
193_A/duck/Henan/S1381/2 6	2	10	7	11	8	14	8	8	11	1	0	5	2	0	0	9	4	9	1	10	3	7	0	9	11	7	0	10	2	11	1	16	7	27	10	7	10	21	6	20	9	21	15	14	2	16	7	8	9	13	4	7	1	12	3	5	15	26	16	10	6	12	16	
194_A/duck/Hunan/11.30_Y 6	4	11	7	11	6	13	8	9	10	1	0	5	3	0	0	9	3	10	1	10	5	6	0	7	10	8	0	11	2	9	1	14	6	26	10	8	9	22	7	19	11	23	15	13	3	15	6	9	10	12	6	7	1	13	1	5	16	26	15	12	2	14	16	
195_A/duck/Jiangxi/S1025 6	2	10	8	11	8	14	7	8	11	1	0	5	2	0	0	9	4	10	1	10	3	7	0	9	11	7	0	10	2	9	1	15	7	26	10	7	9	21	7	20	9	22	17	14	2	15	5	9	9	14	4	7	1	12	3	5	15	26	16	10	6	13	16	
196_A/duck/Shandong/11.1 6	4	11	7	11	6	13	8	9	10	1	0	4	3	0	0	10	3	9	1	9	5	7	0	11	10	7	1	9	2	10	1	12	9	27	11	8	7	19	6	18	11	21	14	13	3	17	7	10	7	14	6	7	3	12	1	7	16	26	14	11	3	13	17	
197_A/duck/Shandong/11.1 6	4	11	7	11	6	13	8	9	10	1	0	4	3	0	0	10	3	9	1	9	5	7	0	11	10	7	1	9	2	10	1	12	9	27	11	8	7	19	6	18	11	21	14	13	3	17	7	10	7	14	6	7	3	12	1	7	16	26	14	11	3	13	17	
198_A/duck/Shandong/Q1/2 6	4	11	7	11	7	13	8	11	10	1	0	3	2	0	0	10	5	7	1	9	4	9	0	10	9	8	1	8	2	9	1	13	8	27	10	8	7	19	7	20	11	23	16	14	2	14	7	8	7	14	5	8	3	12	1	7	17	26	17	9	3	13	15	
199_A/duck/Tainan/150104 7	5	12	7	10	6	12	8	11	12	1	0	3	1	0	0	12	4	9	0	9	3	7	0	9	9	8	1	7	3	8	2	12	10	27	8	10	6	20	9	20	11	24	15	13	2	14	6	7	8	12	5	7	3	14	1	5	17	22	15	13	3	16	17	
200_A/duck/Taiwan/a068/2 7	5	12	7	10	6	12	8	10	12	1	0	5	1	0	0	11	3	9	0	9	4	7	0	9	9	8	0	7	3	8	2	12	10	27	8	10	6	20	9	20	11	24	16	14	2	13	6	7	8	12	5	7	3	14	1	5	17	21	15	13	3	17	17	
201_A/duck/Taiwan/A3400/ 7	5	12	7	10	6	12	8	10	12	1	0	5	1	0	0	11	3	9	0	9	4	7	0	9	9	8	0	7	3	8	2	12	10	27	8	10	6	21	9	20	11	23	17	14	2	14	5	7	8	12	5	7	3	14	1	5	17	21	15	13	3	17	17	
202_A/duck/Xinjiang/12.1 7	4	11	7	11	6	13	8	9	10	1	0	5	3	0	0	8	4	10	1	10	4	6	0	7	10	8	0	11	2	9	1	14	6	26	10	8	9	22	7	19	11	23	15	13	3	15	6	10	10	12	6	7	1	13	1	5	15	26	17	11	3	14	14	
203_A/duck/Yunlin/150102 7	5	12	7	10	6	12	8	11	12	1	0	3	1	0	0	11	3	9	0	9	4	7	0	9	9	9	0	8	3	7	2	12	10	28	8	10	6	19	9	20	11	24	16	13	2	14	6	7	8	12	5	7	3	14	1	5	17	21	16	13	3	17	16	
204_A/duck/Yunlin/150104 7	5	12	7	10	6	12	8	11	12	1	0	3	1	0	0	11	3	9	0	9	4	7	0	9	9	8	0	8	3	8	2	12	10	26	9	10	6	20	9	20	11	24	16	13	2	14	6	7	8	13	5	7	3	13	1	5	17	21	16	13	3	17	16	
205_A/duck/Zhejiang/6D18 6	4	11	7	11	7	13	8	11	9	1	0	3	3	0	0	9	4	9	1	9	4	7	0	10	9	7	1	9	3	10	1	14	8	26	10	7	7	20	7	19	11	21	14	13	3	17	7	10	8	14	6	7	3	12	1	7	16	26	13	10	3	13	18	
206_A/duck/Zhejiang/9250 6	3	12	7	11	8	12	8	10	9	1	0	4	3	0	0	10	4	9	1	10	3	7	0	9	10	7	1	9	2	10	1	13	8	27	10	7	7	19	7	19	11	23	12	13	3	15	9	10	8	14	7	7	3	12	1	7	15	27	13	9	3	13	19	
207_A/duck/Zhejiang/9251 6	4	12	7	11	7	12	8	10	9	1	0	4	3	0	0	10	4	9	1	10	3	7	0	9	10	7	1	9	2	10	1	13	8	27	10	7	7	19	7	19	11	23	12	13	3	15	9	10	8	14	7	7	3	12	1	7	15	27	13	10	3	13	18	
208_A/duck/Zhejiang/W24/ 6	4	11	6	11	7	13	9	10	9	1	0	4	3	0	0	10	4	9	1	10	3	7	0	9	10	7	1	9	2	10	1	12	8	27	10	8	7	19	7	20	11	22	13	13	3	17	7	9	8	14	6	7	3	12	1	7	16	26	13	11	3	13	18	
209_A/egret/Jiangsu/SD02 6	2	10	7	11	8	14	8	8	11	1	0	5	2	0	0	9	4	9	1	10	3	7	0	9	11	7	0	10	2	10	1	15	7	26	10	7	9	21	7	20	9	22	15	14	2	16	7	9	9	14	4	7	1	12	3	5	15	25	16	10	6	13	16	
210_A/eurasian_eagle-owl 5	2	10	7	12	7	14	8	8	12	1	0	5	2	0	0	9	4	9	1	10	3	7	0	9	11	7	0	10	2	10	1	15	7	26	10	7	9	21	7	21	9	21	15	13	2	16	7	9	9	14	4	7	1	12	3	3	15	26	16	12	6	13	16	
211_A/goose/Chiayi/15020 7	5	12	7	10	6	12	8	11	12	1	0	3	1	0	0	11	3	9	0	9	4	7	0	9	9	8	0	8	3	8	2	12	10	27	8	10	6	20	9	20	11	24	16	13	2	14	6	7	8	12	5	7	3	14	1	5	17	21	16	13	3	17	16	
212_A/goose/China/1/2021 6	4	11	6	11	6	13	9	9	11	1	0	5	2	0	0	9	4	10	1	10	4	6	0	8	10	7	0	10	2	10	1	15	7	26	10	7	9	21	7	20	10	21	15	14	3	16	7	9	9	14	4	7	1	12	3	3	15	26	15	11	5	13	17	
213_A/goose/Eastern_Chin 7	4	11	7	10	7	13	8	10	9	1	0	4	3	0	0	10	4	9	1	10	3	7	0	9	10	7	1	9	2	10	1	12	9	27	10	8	6	19	7	19	11	22	13	13	3	17	7	10	8	14	6	7	3	12	1	7	16	26	13	11	3	13	18	
214_A/goose/Eastern_Chin 6	4	11	7	11	6	13	8	11	9	1	0	3	3	0	0	10	4	7	1	9	4	9	0	10	10	8	1	8	2	9	1	13	8	26	10	8	8	20	7	20	11	23	15	13	3	14	7	9	7	14	5	7	3	12	1	6	17	25	15	11	3	14	17	
215_A/goose/Eastern_Chin 7	4	11	7	10	7	13	8	10	9	1	0	4	3	0	0	11	4	8	1	8	4	8	0	10	10	9	1	9	2	7	1	12	9	26	10	8	7	21	6	19	11	22	17	15	2	15	5	9	8	14	5	7	3	12	1	5	16	25	16	12	3	14	16	
216_A/goose/Eastern_Chin 6	4	11	7	11	7	13	8	11	9	1	0	3	3	0	0	9	4	9	1	9	4	7	0	10	10	7	1	9	2	10	1	13	8	27	9	8	7	20	7	18	11	21	14	13	3	17	7	10	8	14	6	7	3	12	1	8	16	26	13	10	3	13	18	
217_A/goose/Guangdong/s1 6	4	11	7	11	7	13	8	11	9	1	0	3	3	0	0	11	4	9	1	7	4	7	0	11	10	8	1	8	2	9	1	13	8	27	10	7	7	20	7	21	11	23	15	13	2	16	6	9	7	14	6	7	3	11	1	6	17	23	15	11	3	16	16	
218_A/goose/Guangxi/S206 5	3	10	7	12	7	14	8	8	12	1	0	5	2	0	0	9	5	10	1	10	3	6	0	10	11	7	0	9	2	10	1	15	7	25	10	7	9	21	7	20	9	22	15	14	2	16	7	9	8	13	4	7	2	12	3	5	14	26	16	10	6	13	16	
219_A/goose/Henan/S1315/ 6	2	10	7	11	8	14	8	8	11	1	0	5	2	0	0	9	4	10	1	10	3	6	0	8	11	7	0	11	2	10	1	14	7	27	10	7	9	22	7	20	9	22	15	14	2	15	7	9	9	13	4	7	1	12	3	5	15	26	16	10	6	13	16	
220_A/goose/Hunan/S11288 5	2	11	7	12	7	13	8	8	12	1	0	5	2	0	0	9	4	10	1	9	3	6	0	10	11	7	0	10	2	10	1	15	6	26	10	7	9	21	7	20	9	21	15	14	3	16	7	9	9	14	4	7	1	12	3	5	15	26	16	10	6	13	16	
221_A/goose/Jiangsu/QD5/ 7	4	11	7	10	7	13	8	11	9	1	0	3	3	0	0	10	4	10	1	9	4	6	0	10	10	7	1	9	2	10	1	12	8	27	10	8	7	19	7	18	11	21	14	13	3	17	7	10	8	14	6	6	3	12	1	8	16	26	13	11	3	13	18	
222_A/goose/Jiangsu/S138 6	2	10	7	11	8	14	8	8	11	1	0	5	2	0	0	9	4	9	1	10	3	7	0	9	10	7	0	10	3	10	1	15	7	26	10	7	9	21	7	20	9	22	15	14	2	15	7	9	9	14	4	7	1	12	3	5	15	26	16	10	6	13	16	
223_A/goose/Liaoning/S12 6	2	10	7	11	8	14	8	8	11	1	0	5	2	0	0	9	4	9	1	10	3	7	0	9	11	7	0	10	2	10	1	15	7	25	11	7	9	23	6	20	9	21	15	15	2	16	7	9	9	14	4	7	1	12	3	4	15	26	15	10	6	12	17	
224_A/goose/Pingtung/150 7	5	12	6	10	6	12	9	10	12	1	0	5	1	0	0	11	3	9	0	9	4	7	0	9	9	8	0	7	3	8	2	12	10	28	7	10	6	20	9	21	10	24	16	14	2	13	6	7	8	12	5	7	3	14	1	6	17	21	15	12	3	17	17	
225_A/goose/Pingtung/160 7	5	12	6	10	6	12	9	10	12	1	0	5	1	0	0	11	3	9	0	9	4	7	0	9	9	8	0	7	3	8	2	12	11	28	7	10	6	20	9	21	10	24	16	14	2	13	6	7	7	12	5	7	3	14	1	7	17	21	15	11	3	17	17	
226_A/goose/Shandong/05. 6	4	11	6	11	7	13	9	9	9	1	0	5	3	0	0	11	3	9	1	8	5	7	0	9	10	7	1	9	2	10	1	13	8	28	10	8	7	19	7	19	11	21	14	13	3	17	7	9	9	12	6	7	3	13	1	7	15	26	15	11	3	13	16	
227_A/goose/Shandong/05. 6	4	11	6	11	7	13	9	9	9	1	0	5	3	0	0	11	4	9	1	8	4	7	0	9	10	7	1	9	2	10	1	13	8	28	10	8	7	19	7	19	11	21	14	13	3	17	7	9	9	12	6	7	3	13	1	7	15	26	15	11	3	13	16	
228_A/goose/Shandong/06. 6	4	11	7	11	7	13	8	9	9	1	0	5	3	0	0	10	4	9	1	9	4	7	0	9	10	7	1	9	2	10	1	13	8	28	9	8	7	19	8	19	11	21	14	13	3	17	7	9	9	12	6	7	3	13	1	7	16	26	15	11	2	13	16	
229_A/goose/Shandong/12. 6	3	10	7	11	7	14	8	10	9	1	0	3	3	0	0	10	4	9	1	9	4	7	0	11	10	7	1	9	2	10	1	11	9	27	9	8	7	19	8	18	10	21	13	13	4	17	8	10	8	14	5	7	3	12	1	6	17	25	11	12	3	14	21	
230_A/Goose/Shandong/211 6	2	10	7	11	8	14	8	8	11	1	0	5	2	0	0	9	4	9	1	10	3	7	0	9	11	7	0	10	2	10	1	15	7	26	10	7	9	21	7	20	9	21	15	14	2	16	7	9	9	14	4	7	1	12	3	5	15	26	16	10	6	13	16	
231_A/goose/Shandong/GD- 6	4	11	7	11	7	13	8	9	10	1	0	5	3	0	0	10	4	9	1	10	3	7	0	9	10	7	1	9	2	11	0	13	8	27	10	8	7	19	7	19	11	22	13	13	3	17	7	9	8	12	6	7	3	12	1	7	15	28	14	11	3	13	17	
232_A/goose/Shandong/LQ0 6	4	11	7	11	7	13	8	10	9	1	0	3	3	0	0	10	4	8	1	9	4	9	0	12	10	8	1	8	2	8	1	14	9	28	10	8	7	19	7	20	11	23	14	13	2	15	7	7	7	14	5	7	3	11	1	5	19	25	16	10	3	14	16	
233_A/goose/Tainan/16040 7	5	12	6	10	6	12	9	10	12	1	0	5	1	0	0	11	3	9	0	9	4	7	0	9	8	8	0	7	4	8	2	12	10	28	7	10	7	20	9	21	10	23	16	14	2	13	6	7	7	12	5	7	3	14	1	7	17	22	15	11	3	17	17	
234_A/goose/Tainan/16070 7	5	12	6	10	6	12	9	10	12	1	0	5	1	0	0	11	3	9	0	9	4	7	0	9	8	8	0	7	4	8	2	12	10	28	7	10	7	20	8	21	10	23	17	14	2	13	6	7	7	12	5	7	3	14	1	7	17	22	15	11	3	17	17	
235_A/goose/Taiwan/01019 7	5	12	7	10	6	12	8	11	12	1	0	3	1	0	0	12	4	9	0	9	3	7	0	9	9	8	1	7	3	8	2	12	10	26	8	10	6	20	9	20	11	24	15	13	2	14	6	7	8	13	5	7	3	14	1	5	17	22	15	13	3	16	17	
236_A/goose/Taiwan/01039 7	5	12	7	10	6	12	8	11	12	1	0	3	1	0	0	11	3	9	0	9	4	7	0	9	9	8	0	8	3	8	2	12	10	27	8	10	6	21	8	21	11	24	16	13	2	14	6	7	8	12	5	7	3	14	1	4	17	21	15	13	3	17	17	
237_A/goose/Taiwan/a015/ 7	5	12	7	10	6	12	8	11	12	1	0	3	1	0	0	12	4	9	0	9	3	7	0	9	9	8	1	7	3	8	2	12	10	27	8	10	6	20	9	20	11	24	15	13	2	14	6	7	8	12	5	7	3	14	1	5	17	22	16	13	3	16	16	
238_A/goose/Taiwan/TNC1/ 7	5	12	7	10	6	12	8	11	12	1	0	3	1	0	0	10	4	9	0	9	4	7	0	9	9	8	0	8	3	8	2	12	10	27	7	10	6	20	9	20	11	24	17	13	2	14	6	7	8	12	5	7	3	14	1	5	17	21	16	13	3	17	16	
239_A/goose/Taiwan/TNC3/ 7	5	13	7	10	6	11	8	11	12	1	0	3	1	0	0	11	3	9	0	9	4	7	0	9	9	8	0	8	3	8	2	12	10	27	8	10	6	20	9	20	11	24	16	13	2	15	5	7	8	12	5	7	3	14	1	5	17	21	16	13	3	17	16	
240_A/goose/Taiwan/TNC4/ 7	5	12	7	10	6	12	8	11	12	1	0	3	1	0	0	12	4	9	0	9	3	7	0	9	9	8	1	7	3	8	2	12	10	27	8	10	6	20	9	20	11	24	15	13	2	14	6	7	8	12	5	7	3	14	1	5	17	22	15	13	3	16	17	
241_A/goose/Taiwan/TNC9/ 7	5	13	7	10	6	11	8	11	12	1	0	3	1	0	0	11	3	9	0	9	4	7	0	9	9	8	0	8	3	8	2	12	10	27	8	10	6	20	9	20	11	24	16	13	2	15	5	7	8	12	5	7	3	14	1	5	17	21	16	13	3	17	16	
242_A/goose/Taiwan/TNC10 7	5	12	7	10	6	12	8	11	12	1	0	3	1	0	0	11	3	9	0	9	4	7	0	9	9	8	0	8	3	8	2	12	10	27	7	10	6	20	9	20	11	24	17	13	2	14	6	7	8	12	5	7	3	14	1	5	17	21	16	13	3	17	16	
243_A/goose/Taiwan/TNC12 7	5	12	7	10	6	12	8	11	12	1	0	3	1	0	0	11	3	9	0	9	4	7	0	9	9	8	0	8	3	8	2	12	10	27	7	10	6	20	9	20	11	24	17	13	2	14	6	7	8	12	5	7	3	14	1	5	17	21	16	13	3	17	16	
244_A/goose/Taiwan/TNC14 7	5	12	7	10	6	12	8	11	12	1	0	3	1	0	0	11	3	9	0	9	4	7	0	9	9	8	0	8	3	8	2	12	10	27	7	10	6	20	9	20	11	24	17	13	2	14	6	7	8	12	5	7	3	14	1	5	17	21	16	13	3	17	16	
245_A/goose/Taiwan/TNO3/ 7	5	12	7	10	6	12	8	11	12	1	0	3	1	0	0	11	3	9	0	9	4	7	0	9	9	8	0	8	3	8	2	12	10	26	8	10	6	21	9	20	11	24	16	13	2	14	6	7	8	12	5	7	3	14	1	5	17	21	15	13	3	17	17	
246_A/goose/Taiwan/TNO9/ 7	5	12	7	10	6	12	8	11	12	1	0	3	1	0	0	12	4	9	0	9	3	7	0	9	9	8	1	7	3	8	2	12	10	27	8	10	6	20	9	20	11	24	15	13	2	14	6	7	8	12	5	7	3	14	1	5	17	22	15	13	3	16	17	
247_A/goose/Taiwan/TNO15 7	5	12	7	10	6	12	8	11	12	1	0	3	1	0	0	12	4	9	0	9	3	7	0	9	9	8	1	7	3	8	2	12	10	27	8	10	6	20	9	20	11	24	15	13	2	14	6	7	8	12	5	7	3	14	1	5	17	22	15	13	3	16	17	
248_A/goose/Taiwan/TNO17 7	5	12	7	10	6	12	8	11	12	1	0	3	1	0	0	11	3	9	0	9	4	7	0	9	9	8	0	8	3	8	2	12	10	27	7	10	6	20	9	20	11	24	17	13	2	14	6	7	8	12	5	7	3	14	1	5	17	21	16	13	3	17	16	
249_A/goose/Taoyuan/1501 7	5	12	7	10	6	12	8	11	12	1	0	3	1	0	0	11	3	9	0	9	4	7	0	9	9	8	0	8	3	8	2	12	10	27	8	10	6	20	9	20	11	24	16	13	2	14	6	7	8	13	5	7	3	13	1	5	17	21	16	13	3	17	16	
250_A/goose/Xinjiang/12. 7	4	11	7	11	6	13	8	9	10	1	0	5	3	0	0	8	4	10	1	10	4	6	0	7	10	8	0	11	2	9	1	14	6	27	10	8	9	22	7	19	10	23	15	13	4	15	6	10	10	11	6	7	1	13	1	5	15	26	16	11	3	14	15	
251_A/goose/Xinjiang/12. 7	4	11	7	11	6	13	8	9	10	1	0	5	3	0	0	8	4	10	1	10	4	6	0	7	10	8	0	11	2	9	1	14	6	27	10	8	9	22	7	19	10	23	15	13	4	15	6	10	10	11	6	7	1	13	1	5	15	26	16	11	3	14	15	
252_A/goose/Xinjiang/12. 7	4	11	7	11	6	13	8	9	10	1	0	5	3	0	0	8	4	10	1	10	4	6	0	7	10	8	0	11	2	9	1	14	6	27	10	8	9	22	7	19	10	23	15	13	4	15	6	10	10	11	6	7	1	13	1	5	15	26	16	11	3	14	15	
253_A/goose/Xinjiang/12. 7	4	11	7	11	6	13	8	9	10	1	0	5	3	0	0	8	4	10	1	10	4	6	0	7	10	8	0	11	2	9	1	14	6	27	10	8	9	22	7	19	10	23	15	13	4	15	6	10	10	11	6	7	1	13	1	5	15	26	16	11	3	14	15	
254_A/goose/Yangzhou/042 6	4	11	7	11	6	13	8	11	9	1	0	3	3	0	0	10	4	9	1	9	4	7	0	10	11	7	1	9	1	10	1	12	8	29	9	8	7	19	7	18	11	21	14	13	3	17	7	11	8	13	6	6	4	12	1	7	15	26	13	11	4	13	18	
255_A/goose/Yunlin/15040 7	5	12	7	10	6	12	8	11	12	1	0	3	1	0	0	12	4	9	0	9	3	7	0	9	9	8	1	7	3	8	2	12	10	27	8	10	6	20	9	20	11	24	15	13	2	14	6	7	8	12	5	7	3	14	1	5	17	22	16	13	3	16	16	
256_A/goose/Zhejiang/925 6	4	11	7	11	7	13	8	9	9	1	0	5	3	0	0	10	4	9	1	9	4	7	0	9	10	7	1	9	2	10	1	13	8	28	10	8	7	19	7	19	11	21	14	13	3	17	7	9	9	12	6	7	3	13	1	7	15	26	15	11	3	13	16	
257_A/goose/Zhejiang/925 6	4	11	7	11	7	13	8	9	9	1	0	5	3	0	0	10	4	9	1	9	4	7	0	9	10	7	1	9	2	10	1	13	8	28	10	8	7	19	7	19	11	21	14	13	3	17	7	9	9	12	6	7	3	13	1	7	15	26	15	11	3	13	16	
258_A/goose/Zhejiang/S12 6	2	10	7	11	8	14	8	8	11	1	0	5	2	0	0	9	4	9	1	10	3	7	0	9	11	7	0	10	2	10	1	15	7	26	10	7	9	21	7	20	9	21	14	14	2	16	8	9	9	14	4	7	1	12	3	5	15	26	15	10	6	13	17	
259_A/Great_Black-headed 6	4	12	7	11	6	12	8	9	10	1	0	5	3	0	0	9	4	9	1	10	4	7	0	7	10	8	0	11	2	9	1	14	6	27	10	8	9	21	7	19	11	20	16	13	3	17	6	9	10	11	6	7	1	13	1	5	16	26	15	12	2	15	16	
260_A/Great_Cormorant/Qi 6	4	12	7	11	6	12	8	9	10	1	0	6	3	0	0	9	4	9	1	10	4	7	0	6	10	9	0	11	2	9	1	14	6	29	9	8	9	20	7	18	11	19	16	14	3	17	6	9	10	12	6	7	1	13	1	5	16	27	15	12	2	13	16	
261_A/Great_Cormorant/Qi 6	4	12	7	11	6	12	8	9	10	1	0	5	3	0	0	9	4	9	1	10	4	7	0	7	10	8	0	11	2	9	1	14	6	28	9	8	9	21	7	19	11	20	16	13	3	17	6	9	10	12	6	7	1	13	1	5	16	26	15	12	2	14	16	
262_A/Great_Cormorant/Qi 6	4	12	7	11	6	12	8	9	10	1	0	6	3	0	0	9	4	9	1	10	4	7	0	6	10	9	0	11	2	9	1	14	6	29	9	8	9	20	7	18	11	19	16	14	3	17	6	9	10	12	6	7	1	13	1	5	16	27	15	12	2	13	16	
263_A/Great_Crested_Greb 6	4	11	6	11	6	13	9	9	10	1	0	5	3	0	0	8	4	9	0	11	4	7	0	7	10	8	0	11	2	9	2	13	6	25	10	9	9	23	7	19	11	20	15	13	3	17	7	9	10	12	6	7	1	13	1	6	15	26	16	11	3	14	15	
264_A/grebe/Ningxia/SD00 5	2	11	7	12	7	13	8	8	12	1	0	5	2	0	0	9	3	10	1	10	4	6	0	9	11	7	0	10	2	10	1	15	7	25	10	6	9	22	7	20	9	21	15	14	2	16	7	9	9	14	4	8	1	12	3	5	15	26	16	10	6	13	16	
265_A/grebe/Shaanxi/SD00 5	3	10	7	12	6	14	8	9	12	1	0	5	2	0	0	10	3	10	1	9	4	6	0	9	11	7	0	10	2	10	1	15	7	25	10	6	9	22	7	20	9	21	15	14	2	16	7	9	9	14	4	8	1	12	3	4	15	26	16	10	6	13	16	
266_A/grebe/Shandong/SC1 6	2	10	7	11	8	14	8	9	11	1	0	5	2	0	0	9	4	9	1	10	3	7	0	8	11	7	0	10	2	10	1	15	7	26	10	7	9	21	7	20	9	20	14	14	2	17	8	9	9	14	4	7	1	12	3	5	15	25	16	10	6	14	16	
267_A/green-winged_teal/ 6	2	10	7	11	8	14	8	8	11	1	0	5	2	0	0	9	4	10	1	10	3	6	0	9	11	7	0	10	2	10	1	16	7	26	10	6	9	21	7	19	10	21	15	14	2	16	7	9	9	14	4	7	1	12	3	5	15	26	16	10	6	13	16	
268_A/Herring_Gull/Hubei 6	4	12	7	11	6	12	8	9	10	1	0	5	3	0	0	9	4	8	1	10	4	8	0	7	10	9	0	11	2	9	1	14	6	28	9	8	9	21	7	19	11	19	16	13	3	17	6	9	10	12	6	7	1	13	1	5	16	26	15	12	2	14	16	
269_A/mallard_duck/Shang 6	4	11	7	11	7	13	8	10	9	1	0	4	3	0	0	10	4	9	1	10	3	7	0	9	10	8	1	9	2	9	1	13	9	27	10	8	7	19	7	19	11	22	13	13	3	17	7	7	8	14	6	8	3	12	1	7	16	27	13	11	3	12	18	
270_A/mallard/Ningxia/17 4	4	11	8	13	6	14	7	9	10	1	0	7	3	0	0	9	4	9	0	9	4	7	0	7	11	8	0	10	1	9	2	13	7	28	10	8	9	22	6	19	9	21	14	13	4	16	8	9	8	12	6	8	1	11	1	6	16	28	14	11	3	13	17	
271_A/mallard/Ningxia/17 4	4	11	8	13	6	14	7	9	10	1	0	7	3	0	0	9	4	9	0	9	4	7	0	7	11	8	0	10	1	9	2	13	7	28	10	8	9	22	6	18	9	22	14	13	4	16	8	9	8	12	6	8	1	11	1	6	16	28	14	11	3	13	17	
272_A/mallard/Ningxia/23 4	4	11	8	13	6	14	7	9	10	1	0	7	3	0	0	10	3	9	0	9	4	7	0	7	11	8	0	10	1	9	2	13	7	28	10	8	9	22	6	19	9	21	14	13	4	16	8	9	8	12	6	8	1	11	1	6	16	28	14	11	3	13	17	
273_A/mallard/Ningxia/24 4	4	11	8	13	6	14	7	9	10	1	0	7	3	0	0	9	4	9	0	9	4	7	0	7	11	8	0	10	1	9	2	13	7	28	10	8	9	22	6	19	9	21	14	13	4	16	8	9	8	12	6	8	1	11	1	6	16	28	14	11	3	13	17	
274_A/mallard/Ningxia/24 4	4	11	8	13	6	14	7	9	10	1	0	7	3	0	0	9	4	9	0	9	4	7	0	7	11	8	0	10	1	9	2	13	7	28	10	8	9	22	6	19	9	21	14	13	4	16	8	9	8	12	6	8	1	11	1	6	16	28	14	11	3	13	17	
275_A/mallard/Ningxia/24 4	4	11	8	13	6	14	7	9	10	1	0	7	3	0	0	10	3	9	0	9	4	7	0	7	11	8	0	10	1	9	2	13	7	28	10	8	9	22	6	19	9	21	14	13	4	16	8	9	8	12	6	8	1	11	1	6	16	28	14	11	3	13	17	
276_A/mute_swan/Inner_Mo 5	2	10	7	11	7	14	8	8	12	1	0	5	2	0	0	9	4	10	1	11	3	6	0	9	11	7	0	10	2	10	1	15	6	26	10	7	10	21	7	20	9	21	15	14	2	17	6	9	9	14	4	7	1	12	3	4	15	25	16	11	6	14	16	
277_A/mute_swan/Shandong 5	2	10	7	12	7	14	8	8	12	1	0	5	2	0	0	9	4	10	1	10	3	6	0	9	11	6	0	10	2	11	1	15	7	26	10	7	9	21	7	19	8	21	15	15	3	16	7	9	9	14	4	6	1	12	3	6	15	26	16	10	6	13	16	
278_A/Peregrine_Falcon/H 5	2	10	7	12	7	14	8	8	12	1	0	5	2	0	0	9	4	10	1	10	3	6	0	9	11	7	0	10	2	10	1	15	7	26	10	7	9	21	7	20	9	21	15	14	2	16	7	9	9	13	4	7	2	13	3	5	14	26	16	10	6	13	16	
279_A/pheasant/Hebei/B02 6	2	10	7	11	8	14	8	8	11	1	0	5	2	0	0	9	4	9	1	10	3	7	0	9	11	7	0	10	2	10	1	15	7	26	9	7	9	21	8	19	10	21	15	14	2	16	7	9	9	14	4	7	1	12	3	5	15	27	16	10	6	12	16	
280_A/swan/China/ST/2016 6	4	11	7	11	6	13	8	9	10	1	0	5	3	0	0	9	3	10	1	10	5	6	0	7	10	8	0	11	2	9	1	14	6	26	10	8	9	22	7	19	11	22	15	13	3	16	6	9	10	12	6	7	1	13	1	5	15	26	15	12	3	14	16	
281_A/swan/Hebei/B01/202 5	2	10	7	12	7	14	8	8	12	1	0	5	2	0	0	9	4	10	1	9	3	6	0	10	11	7	0	10	2	10	1	15	7	25	11	8	8	21	7	20	10	22	15	14	2	15	7	9	9	14	4	7	1	12	3	5	14	26	17	10	6	13	15	
282_A/swan/Shandong/W376 5	4	11	8	12	6	14	7	9	10	1	0	7	3	0	0	9	4	9	0	9	4	7	0	7	11	8	0	10	1	9	2	13	7	28	10	8	9	22	6	19	9	21	15	13	4	16	7	9	8	12	6	8	1	11	1	8	16	28	14	9	3	13	17	
283_A/tundra_swan/Hubei/ 6	2	10	7	11	8	14	8	8	11	1	0	5	2	0	0	9	4	10	1	10	3	6	0	9	11	7	0	10	2	10	1	15	7	27	10	7	8	21	7	19	11	21	15	14	2	15	7	10	9	14	4	6	1	12	3	4	15	26	16	11	6	13	16	
284_A/tundra_swan/Hubei/ 5	2	10	7	12	7	14	8	8	12	1	0	5	2	0	0	9	4	10	1	10	3	6	0	9	11	7	0	10	2	10	1	15	7	26	10	7	9	21	7	20	9	21	15	14	2	16	7	9	9	15	4	7	1	11	3	4	15	25	16	11	6	14	16	
285_A/tundra_swan/Hubei/ 5	3	10	7	12	7	14	8	8	12	1	0	5	2	0	0	9	3	10	1	10	3	6	0	9	11	7	0	10	2	10	1	15	8	26	10	7	9	21	7	20	8	21	15	13	2	16	7	9	9	14	4	7	1	12	3	4	15	26	16	12	6	13	16	
286_A/tundra_swan/Hubei/ 5	2	10	7	12	7	14	8	8	12	1	0	5	2	0	0	9	4	10	1	10	3	6	0	9	11	7	0	10	2	10	1	15	7	26	10	7	9	21	7	20	9	21	15	13	2	16	7	9	9	14	4	7	1	12	3	4	15	26	16	12	6	13	16	
287_A/tundra_swan/Hubei/ 5	2	10	7	12	7	14	8	8	12	1	0	5	2	0	0	9	4	10	1	10	3	6	0	9	11	7	0	10	2	10	1	15	7	27	10	7	9	21	7	20	9	21	15	13	2	16	7	9	9	13	4	7	1	12	3	4	15	26	16	12	6	13	16	
288_A/tundra_swan/Hubei/ 5	2	10	7	12	7	14	8	8	12	1	0	5	2	0	0	9	4	10	1	10	3	6	0	9	11	7	0	10	2	10	1	15	8	25	10	7	8	22	7	20	9	21	15	14	2	16	7	9	9	14	4	7	1	12	3	4	15	27	16	11	6	12	16	
289_A/turkey/Chiayi/1702 7	5	12	6	10	6	12	9	10	12	1	0	5	1	0	0	11	3	9	0	9	4	7	0	9	9	8	0	7	3	8	2	12	10	28	7	10	7	19	9	21	10	24	16	14	2	13	6	7	7	11	5	7	3	16	1	6	16	21	15	12	4	17	17	
290_A/whiskered_tern/Hub 5	3	10	7	12	6	14	8	8	12	1	0	5	2	0	0	9	4	10	1	10	3	6	0	9	11	7	0	10	2	10	1	15	8	26	10	7	9	21	7	20	8	21	15	13	2	16	7	9	9	14	4	7	1	12	3	4	15	26	16	12	6	13	16	
291_A/whooper_swan/Henan 5	2	10	7	12	7	14	8	8	12	1	0	5	2	0	0	9	4	10	1	10	3	6	0	9	11	7	0	10	2	10	1	15	7	26	10	7	9	21	7	20	9	21	15	14	2	16	7	9	9	14	4	7	1	12	3	4	15	26	16	11	6	13	16	
292_A/whooper_swan/Henan 5	2	10	7	12	7	14	8	8	12	1	0	5	2	0	0	9	3	10	1	10	4	6	0	9	11	7	0	10	2	10	1	15	7	26	10	7	9	21	7	21	9	22	15	14	2	15	7	9	9	14	4	7	1	12	3	3	15	26	16	11	6	13	16	
293_A/whooper_swan/Henan 5	2	10	7	12	7	14	8	8	12	1	0	5	2	0	0	9	3	10	1	10	4	6	0	9	11	7	0	10	2	10	1	15	7	26	10	7	9	21	7	21	9	22	15	13	2	16	7	9	9	14	4	7	1	12	3	3	15	26	16	11	6	13	16	
294_A/whooper_swan/Henan 5	2	10	7	12	7	14	8	9	12	1	0	4	2	0	0	9	4	10	1	10	3	6	0	8	11	7	0	11	2	10	1	15	7	26	10	7	9	21	7	20	9	21	15	13	2	16	7	9	9	14	4	7	1	12	3	4	15	26	16	12	6	13	16	
295_A/whooper_swan/Henan 5	2	10	7	12	7	14	8	8	12	1	0	5	2	0	0	9	4	10	1	10	3	6	0	9	11	7	0	10	2	10	1	15	7	26	10	7	9	21	7	20	9	21	15	13	2	16	7	9	9	14	4	7	1	12	3	4	15	26	16	12	6	13	16	
296_A/whooper_swan/Henan 5	2	10	7	12	7	14	8	9	12	1	0	4	2	0	0	9	4	10	1	9	3	6	0	9	11	7	0	10	2	10	1	15	7	26	10	8	9	21	7	20	9	21	15	14	2	16	7	9	9	14	4	7	1	12	3	4	15	26	16	11	6	13	16	
297_A/whooper_swan/Henan 5	2	10	7	12	7	14	8	8	12	1	0	5	2	0	0	9	4	10	1	10	3	6	0	9	11	7	0	10	2	10	1	15	7	26	10	7	9	21	7	20	9	21	15	13	2	16	7	9	9	14	4	7	1	12	3	4	15	26	16	12	6	13	16	
298_A/whooper_swan/Henan 5	3	10	7	12	6	14	8	8	12	1	0	5	2	0	0	9	4	10	1	10	3	6	0	9	11	7	0	10	2	10	1	15	7	26	10	7	9	21	7	20	9	21	15	14	2	16	7	9	9	14	4	7	1	12	3	4	15	26	16	11	6	13	16	
299_A/whooper_swan/Henan 5	2	10	7	12	7	14	8	8	12	1	0	5	2	0	0	9	4	10	1	10	3	6	0	9	11	7	0	10	2	10	1	15	7	26	10	7	9	21	7	20	9	21	15	14	2	16	7	9	9	14	4	7	1	12	3	5	15	26	16	10	6	13	16	
300_A/whooper_swan/Henan 5	2	10	7	12	7	14	8	8	12	1	0	5	2	0	0	9	4	9	1	10	3	7	0	9	11	7	0	10	2	10	1	15	7	26	10	7	9	21	7	21	9	21	15	13	2	16	7	9	9	14	4	7	1	12	3	3	15	26	16	12	6	13	16	
301_A/whooper_swan/Henan 5	2	10	7	12	7	14	8	8	12	1	0	5	2	0	0	9	4	9	1	10	3	7	0	9	11	7	0	10	2	10	1	15	7	26	10	7	9	21	7	21	9	21	15	14	2	16	7	9	9	14	4	7	1	12	3	3	15	26	16	11	6	13	16	
302_A/whooper_swan/Inner 5	2	10	7	12	7	14	8	8	12	1	0	5	2	0	0	9	4	10	1	10	3	6	0	9	11	8	0	10	2	9	1	15	6	26	10	7	10	21	7	20	9	21	15	13	2	16	7	9	9	14	4	7	1	12	3	4	15	25	16	13	5	14	16	
303_A/Whooper_Swan/Sanme 6	4	11	7	11	6	13	8	9	10	1	0	5	3	0	0	9	3	10	1	10	5	6	0	7	10	8	0	11	2	9	1	14	6	26	10	8	9	22	7	19	11	22	15	13	3	16	6	9	10	12	6	7	1	13	1	5	16	26	15	12	2	14	16	
304_A/Whooper_swan/Sanme 6	2	10	7	11	8	14	8	8	11	1	0	5	2	0	0	9	4	9	1	10	3	7	0	9	11	7	0	10	2	10	1	15	6	27	10	7	9	21	7	20	9	21	15	14	2	16	7	9	9	14	4	7	1	12	3	5	15	26	16	10	6	13	16	
305_A/Whooper_swan/Sanme 6	2	10	7	11	8	14	8	8	11	1	0	5	2	0	0	9	4	10	1	10	3	6	0	9	10	7	0	10	3	10	1	15	7	27	10	7	9	19	7	19	10	21	15	14	2	17	7	9	9	13	4	7	1	13	3	5	16	27	16	10	5	12	16	
306_A/Whooper_swan/Sanme 5	2	10	7	12	7	14	8	8	12	1	0	5	2	0	0	9	4	9	1	10	3	7	0	9	11	7	0	10	2	10	1	15	7	26	10	7	9	21	7	21	9	21	15	14	2	16	7	9	9	14	4	7	1	12	3	4	15	26	16	10	6	13	16	
307_A/Whooper_swan/Sanme 6	2	10	7	11	8	14	8	8	11	1	0	5	2	0	0	9	4	10	1	10	3	6	0	9	10	7	0	10	3	10	1	15	7	27	10	7	9	19	7	19	10	21	15	14	2	17	7	9	9	13	4	7	1	13	3	5	16	27	16	10	5	12	16	
308_A/Whooper_swan/Sanme 5	2	10	7	12	7	14	8	8	12	1	0	5	2	0	0	9	4	10	1	10	3	6	0	9	11	7	0	10	2	10	1	15	7	26	10	7	9	21	7	20	9	21	15	14	2	16	7	9	9	14	4	7	1	12	3	5	15	26	16	10	6	13	16	
309_A/Whooper_swan/Sanme 6	2	10	7	11	8	14	8	8	11	1	0	5	2	0	0	9	4	9	1	10	3	7	0	9	11	7	0	10	2	10	1	15	7	26	10	7	9	21	7	20	9	21	15	14	2	16	7	9	9	14	4	7	1	12	3	5	15	26	16	10	6	13	16	
310_A/Whooper_swan/Sanme 5	2	10	7	12	7	14	8	8	12	1	0	5	2	0	0	9	4	10	1	10	3	6	0	9	11	7	0	10	2	10	1	15	7	26	10	7	9	21	7	19	9	21	15	15	2	16	7	9	9	14	4	7	1	12	3	5	15	26	16	10	6	13	16	
311_A/Whooper_swan/Sanme 5	2	10	7	12	7	14	8	8	12	1	0	5	2	0	0	9	4	10	1	10	3	6	0	9	11	7	0	10	2	10	1	15	7	26	10	7	9	21	7	20	9	21	15	14	2	16	7	9	9	14	4	7	1	12	3	5	15	26	16	10	6	13	16	
312_A/Whooper_swan/Sanme 5	2	10	7	12	7	14	8	9	11	1	0	5	2	0	0	9	4	10	1	10	3	6	0	9	11	7	0	10	2	10	1	15	7	26	10	7	9	21	7	20	9	21	15	14	2	16	7	9	9	14	4	7	1	12	3	5	15	26	16	10	6	13	16	
313_A/Whooper_swan/Sanme 6	2	10	7	11	8	14	8	8	11	1	0	5	2	0	0	9	4	9	1	10	3	7	0	9	11	7	0	10	2	10	1	15	7	26	10	7	9	21	7	20	9	21	15	14	2	16	7	9	9	14	4	7	1	12	3	5	15	26	17	10	6	13	15	
314_A/Whooper_swan/Sanme 5	2	10	7	12	7	14	8	8	12	1	0	5	2	0	0	9	4	9	1	10	3	7	0	9	11	7	0	10	2	10	1	15	7	26	10	7	9	21	7	21	9	21	15	14	2	16	7	9	9	14	4	7	1	12	3	4	15	26	16	10	6	13	16	
315_A/Whooper_swan/Sanme 6	2	10	7	11	8	14	8	8	11	1	0	5	2	0	0	9	4	9	1	10	3	7	0	9	11	7	0	10	2	10	1	15	6	27	10	7	9	21	7	20	9	21	15	14	2	16	7	9	9	14	4	7	1	12	3	5	15	26	16	10	6	13	16	
316_A/Whooper_swan/Sanme 5	2	10	7	12	7	14	8	8	12	1	0	5	2	0	0	9	4	10	1	10	4	6	0	9	10	7	0	10	2	10	1	15	7	26	10	7	9	21	7	20	9	21	15	14	2	16	7	9	9	14	4	7	1	12	3	5	15	26	16	10	6	13	16	
317_A/Whooper_swan/Sanme 5	2	11	7	12	7	13	8	8	12	1	0	5	2	0	0	9	4	10	1	10	3	5	0	9	11	7	0	10	2	10	1	15	7	26	10	7	9	22	7	20	9	21	15	14	2	16	7	9	9	14	4	7	1	12	3	5	15	26	16	10	6	13	16	
318_A/Whooper_swan/Sanme 5	2	10	7	12	7	14	8	8	12	1	0	5	2	0	0	9	4	10	1	10	3	6	0	9	11	7	0	10	2	10	1	15	7	26	10	7	9	21	7	20	9	21	15	14	2	16	7	9	9	14	4	7	1	12	3	5	15	26	16	10	6	13	16	
319_A/Whooper_swan/Sanme 5	2	10	7	12	7	14	8	8	12	1	0	5	2	0	0	9	3	10	1	10	4	6	0	9	11	7	0	10	2	10	1	15	7	26	10	7	9	21	7	21	9	22	15	14	2	15	7	9	9	14	4	7	1	12	3	4	15	26	16	10	6	13	16	
320_A/Whooper_swan/Sanme 5	2	10	7	12	7	14	8	8	12	1	0	5	2	0	0	9	4	10	1	10	4	6	0	9	10	7	0	10	2	10	1	15	7	26	10	7	9	21	7	20	9	21	15	14	2	16	7	9	9	14	4	7	1	12	3	5	15	26	16	10	6	13	16	
321_A/Whooper_swan/Sanme 5	2	10	7	12	7	14	8	8	12	1	0	5	2	0	0	9	3	10	1	10	4	6	0	9	11	7	0	10	2	10	1	15	7	26	10	7	9	21	7	21	9	22	15	14	2	15	7	9	9	14	4	7	1	12	3	4	15	26	16	10	6	13	16	
322_A/Whooper_swan/Sanme 5	2	10	7	12	7	14	8	8	12	1	0	5	2	0	0	9	4	10	1	10	3	6	0	9	11	7	0	10	2	10	1	15	7	27	10	7	9	21	7	20	9	21	15	14	2	15	7	9	9	14	4	7	1	12	3	5	15	26	16	10	6	13	16	
323_A/Whooper_swan/Sanme 5	2	10	7	12	7	14	8	8	12	1	0	5	2	0	0	9	3	10	1	10	4	6	0	9	11	7	0	10	2	10	1	15	7	26	10	7	9	21	7	21	9	22	15	14	2	15	7	9	9	14	4	7	1	12	3	4	15	26	16	10	6	13	16	
324_A/Whooper_swan/Sanme 5	2	10	7	12	7	14	8	8	12	1	0	5	2	0	0	9	4	9	1	10	3	7	0	9	11	7	0	10	2	10	1	15	7	26	10	7	9	21	7	21	9	21	15	14	2	16	7	9	9	14	4	7	1	12	3	4	15	26	16	10	6	13	16	
325_A/Whooper_swan/Sanme 6	2	10	7	11	8	14	8	8	11	1	0	5	2	0	0	9	4	10	1	10	3	6	0	9	11	7	0	10	2	10	1	15	7	26	10	7	9	20	7	19	10	20	15	14	2	17	7	9	9	15	4	7	1	12	3	5	15	26	16	10	6	13	16	
326_A/Whooper_swan/Sanme 5	2	10	7	12	7	14	8	8	12	1	0	5	2	0	0	9	4	10	1	10	3	6	0	9	11	7	0	10	2	10	1	15	7	26	10	7	9	21	7	20	9	21	15	14	2	16	7	9	9	14	4	7	1	12	3	5	15	26	16	10	6	13	16	
327_A/whooper_swan/Shaan 5	2	10	7	12	7	14	8	8	12	1	0	5	2	0	0	9	4	9	1	10	3	7	0	9	11	7	0	10	2	10	1	15	7	26	10	7	9	21	7	21	9	21	15	14	2	16	7	9	9	14	4	7	1	12	3	3	15	26	16	11	6	13	16	
328_A/whooper_swan/Shaan 5	2	10	7	12	7	14	8	8	12	1	0	5	2	0	0	9	4	10	1	10	3	6	0	9	11	7	0	10	2	10	1	15	7	26	10	7	9	21	7	20	9	21	15	14	2	16	7	9	9	14	4	7	1	12	3	4	15	26	16	11	6	13	16	
329_A/whooper_swan/Shaan 5	2	10	7	12	7	14	8	8	12	1	0	5	2	0	0	9	4	10	1	10	3	6	0	9	11	7	0	10	2	10	1	15	7	26	10	7	9	21	7	20	9	21	15	14	2	16	7	9	9	14	4	7	1	12	3	4	15	26	16	11	6	13	16	
330_A/whooper_swan/Shand 6	2	10	7	11	8	14	8	9	11	1	0	4	2	0	0	9	4	9	1	10	3	7	0	9	11	7	0	10	2	10	1	15	6	26	11	7	9	21	7	20	9	21	15	14	2	16	7	9	8	14	4	7	1	12	3	5	15	26	16	10	7	13	16	
331_A/whooper_swan/Shand 6	2	10	7	11	8	14	8	9	11	1	0	4	2	0	0	9	4	9	1	10	3	7	0	9	11	7	0	10	2	10	1	15	7	26	10	7	9	21	7	20	9	21	15	14	2	16	7	9	8	14	4	7	1	12	3	5	15	26	16	10	7	13	16	
332_A/whooper_swan/Shand 6	2	10	7	11	8	14	8	8	11	1	0	5	2	0	0	9	4	9	1	10	3	7	0	9	11	7	0	10	2	10	1	15	7	26	10	7	9	21	7	20	9	21	15	14	2	16	7	9	8	14	4	7	1	12	3	5	15	26	16	10	7	13	16	
333_A/whooper_swan/Shand 5	4	11	8	12	6	14	7	9	10	1	0	7	3	0	0	9	4	9	0	9	4	7	0	7	11	8	0	10	1	9	2	13	7	28	10	8	9	22	6	19	9	21	15	13	4	16	7	9	8	12	6	8	1	11	1	7	16	28	14	10	3	13	17	
334_A/whooper_swan/Shand 6	2	10	7	11	8	14	8	8	11	1	0	5	2	0	0	9	4	9	1	10	3	7	0	9	11	7	0	10	2	10	1	15	7	26	10	7	9	21	7	20	9	20	16	14	2	16	7	9	8	14	4	7	1	12	3	5	15	26	16	10	7	13	16	
335_A/whooper_swan/Shand 6	2	10	7	11	8	14	8	8	11	1	0	5	2	0	0	9	4	9	1	10	3	7	0	9	11	7	0	10	2	10	1	15	6	26	10	7	10	21	7	20	9	21	15	14	2	16	7	9	8	14	4	7	1	12	3	5	15	26	16	10	7	13	16	
336_A/whooper_swan/Shand 6	2	10	7	11	8	14	8	8	11	1	0	5	2	0	0	9	4	9	1	10	3	7	0	9	11	7	0	10	2	10	1	15	7	26	10	7	9	21	7	20	9	20	15	14	2	17	7	9	8	14	4	7	1	12	3	5	15	26	16	10	7	13	16	
337_A/whooper_swan/Shanx 5	2	10	7	12	7	14	8	8	12	1	0	5	2	0	0	9	4	10	1	10	4	6	0	9	10	7	0	10	2	10	1	15	7	26	10	7	9	21	7	20	9	21	15	14	2	16	7	9	9	14	4	7	1	12	3	5	15	26	16	10	6	13	16	
338_A/whooper_swan/Shanx 5	2	10	7	12	7	14	8	8	12	1	0	5	2	0	0	9	4	10	1	10	4	6	0	9	10	7	0	10	2	10	1	15	7	26	10	7	9	21	7	20	9	21	15	14	2	16	7	9	9	14	4	7	1	12	3	5	15	26	16	10	6	13	16	
339_A/whooper_swan/Shanx 6	4	11	7	11	6	13	8	9	10	1	0	5	3	0	0	9	3	10	1	10	5	6	0	7	10	8	0	11	2	9	1	14	6	27	9	9	9	22	7	18	11	22	15	13	3	15	6	9	10	12	7	7	1	13	1	5	15	26	15	12	3	14	16	
340_A/whooper_swan/Shanx 5	2	10	7	12	7	14	8	8	12	1	0	5	2	0	0	9	4	9	1	10	3	6	0	9	11	8	0	10	2	10	1	15	7	26	10	7	9	21	7	19	10	21	15	13	2	16	7	9	9	14	4	7	1	12	3	4	15	26	15	12	6	13	17	
341_A/whooper_swan/Shanx 5	2	10	7	12	7	14	8	8	12	1	0	5	2	0	0	9	4	10	1	10	4	6	0	9	10	7	0	10	2	10	1	15	7	26	10	7	9	21	7	20	9	21	15	13	2	16	7	9	9	14	4	7	1	12	3	4	15	26	16	12	6	13	16	
342_A/whooper_swan/Shanx 5	2	10	7	12	7	14	8	8	12	1	0	5	2	0	0	9	4	9	1	10	3	6	0	9	11	8	0	10	2	10	1	15	7	26	10	7	9	21	7	19	10	21	15	13	2	16	7	9	9	14	4	7	1	12	3	4	15	26	15	12	6	13	17	
343_A/whooper_swan/Shanx 5	2	10	7	12	7	14	8	8	12	1	0	5	2	0	0	9	4	10	1	10	4	6	0	9	10	7	0	10	2	10	1	15	7	26	10	7	9	21	7	20	9	21	15	14	2	16	7	9	9	14	4	7	1	12	3	4	15	26	16	11	6	13	16	
344_A/whooper_swan/Shanx 5	2	10	7	12	7	14	8	9	12	1	0	4	2	0	0	9	4	10	1	10	3	6	0	9	11	7	0	10	2	10	1	15	7	26	10	7	9	21	7	20	9	21	15	13	2	16	7	9	9	14	4	7	1	12	3	4	15	26	16	13	5	13	16	
345_A/whooper_swan/Shanx 5	2	10	7	12	7	14	8	9	12	1	0	4	2	0	0	9	4	10	1	10	3	6	0	9	11	7	0	10	2	10	1	15	7	26	10	7	9	21	7	20	9	21	15	13	2	16	7	9	9	14	4	7	1	12	3	4	15	26	16	12	6	13	16	
346_A/whooper_swan/Shanx 5	2	10	7	12	7	14	8	9	12	1	0	4	2	0	0	9	4	10	1	10	3	6	0	9	11	7	0	10	2	10	1	15	7	26	10	7	9	21	7	20	9	21	15	14	2	16	7	9	9	14	4	7	1	12	3	4	15	26	16	11	6	13	16	
347_A/whooper_swan/Shanx 5	2	10	7	12	7	14	8	9	12	1	0	4	2	0	0	9	4	10	1	10	3	6	0	9	11	7	0	10	2	10	1	14	7	26	10	7	9	21	7	21	9	21	15	14	2	16	7	9	9	14	4	7	1	12	3	4	15	26	16	11	6	13	16	
348_A/whooper_swan/Shanx 5	2	10	7	12	7	14	8	8	12	1	0	5	2	0	0	9	4	10	1	10	3	6	0	9	11	7	0	10	2	10	1	15	7	26	10	7	9	21	7	20	9	21	15	14	2	16	7	9	9	14	4	7	1	12	3	4	15	26	16	11	6	13	16	
349_A/whooper_swan/Shanx 5	2	10	7	12	7	14	8	8	12	1	0	5	2	0	0	9	4	10	1	10	3	6	0	9	11	7	0	10	2	10	1	15	7	26	10	7	9	21	7	20	9	21	15	14	2	16	7	9	9	14	4	7	1	12	3	4	15	27	16	11	6	12	16	
350_A/whooper_swan/Shanx 5	2	10	7	12	7	14	8	9	12	1	0	4	2	0	0	9	4	10	1	10	3	6	0	9	11	7	0	10	2	10	1	15	7	26	10	7	9	21	7	20	9	21	15	14	2	16	7	9	9	14	4	7	1	12	3	4	15	26	16	11	6	13	16	
351_A/whooper_swan/Shanx 5	2	10	7	12	7	14	8	8	12	1	0	5	2	0	0	9	4	10	1	10	3	6	0	9	11	7	0	10	2	10	1	15	7	26	10	7	9	21	7	20	9	21	15	14	2	16	7	9	9	14	4	7	1	12	3	4	15	26	17	11	6	13	15	
352_A/wild_bird/Hubei/12 6	4	11	7	11	6	13	8	9	10	1	0	5	3	0	0	9	4	9	1	10	4	7	0	7	10	8	0	11	2	9	1	14	6	26	10	8	9	22	6	19	11	22	16	13	3	15	6	9	10	12	6	7	1	13	2	5	14	26	16	12	4	14	15	
353_A/wild_duck/Jiangsu/ 6	2	10	7	11	8	14	8	8	11	1	0	5	2	0	0	9	4	9	1	10	3	7	0	9	11	7	0	10	2	10	1	16	7	26	10	7	9	21	7	20	9	21	15	14	2	16	7	8	9	14	4	7	1	12	3	6	15	25	16	10	6	13	16	
354_A/wild_duck/Shandong 6	2	10	7	11	8	14	8	8	11	1	0	5	2	0	0	9	4	9	1	10	3	7	0	9	11	7	0	10	2	10	1	15	7	26	10	7	9	21	7	20	9	21	15	14	2	16	7	9	8	14	4	7	1	12	3	5	15	26	16	10	7	13	16	
355_A/wild_goose/Shandon 6	2	10	7	11	8	14	8	8	11	1	0	5	2	0	0	9	4	9	1	10	3	7	0	9	11	7	0	10	2	10	1	15	6	26	10	7	10	21	7	20	9	21	15	14	2	16	7	9	8	14	4	7	1	12	3	5	15	26	16	10	7	13	16	
356_A/Anser_cygnoides/Hu 6	4	11	7	11	6	13	8	9	10	1	0	5	3	0	0	9	4	9	1	10	4	7	0	7	10	8	0	11	2	9	1	14	6	26	10	8	9	21	7	19	11	23	16	13	3	15	6	9	10	12	6	7	1	13	1	5	14	26	16	12	4	14	15	
357_A/Chlidonias_hybrida 5	2	10	7	12	7	14	8	8	12	1	0	5	2	0	0	9	4	10	1	10	3	6	0	9	11	7	0	10	2	10	1	15	7	26	10	7	9	21	7	20	9	21	15	14	2	16	7	9	9	14	4	7	1	12	3	5	15	26	16	10	6	13	16	
358_A/Cygnus_atratus/Hub 6	4	11	8	11	6	13	7	9	10	1	0	5	3	0	0	9	3	10	1	10	5	6	0	7	10	8	0	11	2	9	1	14	6	26	10	8	9	22	7	19	11	22	15	13	3	16	6	10	9	11	6	7	1	14	1	5	15	26	15	12	3	14	16	
359_A/Cygnus_atratus/Hub 6	4	11	7	11	6	13	8	9	10	1	0	5	3	0	0	9	3	10	1	10	5	6	0	7	10	8	0	11	2	9	1	14	6	26	10	8	9	21	7	19	11	23	15	13	3	16	6	10	9	11	6	7	1	14	1	5	15	26	15	12	3	14	16	
360_A/Cygnus_columbianus 5	2	10	7	12	7	14	8	8	12	1	0	5	2	0	0	9	4	10	1	10	3	6	0	9	11	7	0	10	2	10	1	15	8	25	10	7	8	22	7	20	9	22	15	14	2	16	7	9	9	14	4	7	1	12	3	5	15	26	16	10	6	12	16	
361_A/Cygnus_columbianus 5	2	10	7	12	6	14	8	8	13	1	0	5	2	0	0	9	4	10	1	10	3	6	0	9	11	7	0	10	2	10	1	15	7	26	10	7	9	21	7	20	9	21	15	14	2	16	7	9	9	14	4	7	1	12	3	5	15	26	16	10	6	13	16	
362_A/Cygnus_columbianus 6	2	10	7	11	8	14	8	8	11	1	0	5	2	0	0	9	4	10	1	10	3	6	0	9	11	7	0	10	2	10	1	15	7	26	10	7	8	21	7	19	11	21	15	14	2	16	7	10	9	14	4	6	1	12	3	5	15	26	16	10	6	13	16	
363_A/Cygnus_columbianus 5	2	10	7	12	7	14	8	8	12	1	0	5	2	0	0	9	4	10	1	10	3	6	0	9	11	7	0	10	2	10	1	15	7	26	10	7	9	21	7	20	9	21	15	14	2	16	7	9	9	15	4	7	1	11	3	5	15	25	16	10	6	14	16	
364_A/Cygnus_columbianus 6	2	10	7	12	7	14	8	8	12	1	0	5	2	0	0	8	4	10	1	10	3	6	0	9	11	7	0	10	2	10	1	15	7	26	10	7	9	21	7	20	9	21	15	14	2	16	7	9	9	14	4	7	1	12	3	5	15	26	16	10	6	13	16	
365_A/Cygnus_columbianus 5	2	10	7	12	7	14	8	8	12	1	0	5	2	0	0	9	4	10	1	10	3	6	0	9	11	7	0	10	2	10	1	15	7	26	10	7	9	21	7	20	9	21	15	14	2	16	7	9	9	14	4	7	1	12	3	5	15	26	16	10	6	13	16	
366_A/Cygnus_columbianus 5	2	10	7	12	7	14	8	8	12	1	0	5	2	0	0	9	4	10	1	10	3	6	0	9	11	7	0	10	2	10	1	15	8	26	10	7	9	21	7	20	8	21	15	14	2	16	7	9	9	14	4	7	1	12	3	5	15	26	16	10	6	13	16	
367_A/Whooper_Swan/Sanme 6	4	11	7	11	6	13	8	9	10	1	0	5	3	0	0	9	3	10	1	10	5	6	0	7	10	8	0	11	2	9	1	14	6	26	10	8	9	22	7	19	11	22	15	13	3	16	6	9	10	12	6	7	1	13	1	5	16	26	15	12	2	14	16	
368_A/Wild_bird/Huadong/ 7	3	10	7	11	7	14	8	8	11	1	0	5	2	0	0	7	4	9	1	10	3	7	1	9	11	7	0	10	2	10	1	15	7	26	10	7	9	21	7	20	9	21	15	14	2	16	7	9	9	14	4	7	1	12	4	4	14	26	16	11	6	13	16	
369_A/chicken/Changhua/1 7	5	12	7	10	6	12	8	11	12	1	0	3	1	0	0	11	3	9	0	9	4	7	0	10	9	8	0	7	3	8	2	12	9	27	7	10	7	20	9	20	11	24	17	13	2	14	5	7	8	14	5	7	3	13	1	5	17	21	15	13	3	17	17	
370_A/chicken/Changhua/1 7	5	12	7	10	6	12	8	11	12	1	0	3	1	0	0	11	3	9	0	9	4	7	0	9	10	8	0	8	2	8	2	12	10	28	7	10	6	20	9	20	11	24	16	13	2	14	6	7	8	13	5	7	3	13	1	5	17	21	16	13	3	17	16	
371_A/chicken/Changhua/1 7	5	12	7	10	6	12	8	11	12	1	0	3	1	0	0	11	3	9	0	9	4	7	0	9	9	8	0	8	3	8	2	12	10	29	7	10	6	20	9	20	11	24	16	13	2	14	6	7	8	12	5	7	3	13	1	5	17	21	16	13	3	17	16	
372_A/chicken/Changhua/1 7	5	12	7	10	6	12	8	11	12	1	0	3	1	0	0	11	3	9	0	9	4	7	0	9	9	8	0	8	3	8	2	12	10	28	7	10	6	20	9	20	11	24	16	13	2	14	6	7	8	13	5	7	3	13	1	5	17	21	15	13	3	17	17	
373_A/chicken/Changhua/1 7	5	12	7	10	6	12	8	11	12	1	0	3	1	0	0	12	4	9	0	9	3	7	0	9	9	8	1	7	3	8	2	12	10	28	8	10	6	19	9	20	11	24	15	13	2	14	6	7	8	12	5	7	3	14	1	5	17	20	16	13	3	18	16	
374_A/chicken/Changhua/1 7	5	12	7	10	6	12	8	10	12	1	0	4	1	0	0	12	4	9	0	9	3	7	0	9	9	8	1	7	3	8	2	12	10	27	8	10	6	20	9	20	12	23	15	13	2	13	6	7	8	11	5	7	3	15	1	5	17	21	16	12	4	18	16	
375_A/chicken/Chiayi/150 7	5	12	7	10	6	12	8	11	12	1	0	3	1	0	0	12	4	9	0	9	3	7	0	9	9	8	1	7	3	8	2	12	10	27	8	10	6	20	9	20	11	24	15	13	2	14	6	7	8	12	5	7	3	14	1	5	17	22	16	13	3	16	16	
376_A/chicken/Kaohsiung/ 7	5	12	6	10	6	12	9	10	12	1	0	5	1	0	0	11	3	9	0	9	4	7	0	9	9	8	0	7	3	8	2	12	11	28	7	10	5	20	9	21	10	24	16	14	2	12	7	7	7	12	5	7	4	14	1	7	17	21	15	11	3	17	17	
377_A/chicken/Kaohsiung/ 7	5	12	6	10	6	12	9	10	12	1	0	5	1	0	0	11	3	9	0	9	4	7	0	9	9	8	0	7	3	8	2	13	10	28	7	9	7	20	9	21	10	24	16	14	2	13	6	8	7	12	5	6	3	14	1	7	17	21	15	11	3	17	17	
378_A/chicken/Kaohsiung/ 7	5	11	5	10	6	13	10	10	12	1	0	5	1	0	0	11	3	9	0	9	4	7	0	9	9	8	0	7	3	8	2	12	10	28	7	10	7	20	9	21	11	24	16	14	2	13	6	7	7	11	5	7	3	15	1	7	16	21	15	11	3	17	17	
379_A/chicken/Kaohsiung/ 7	5	12	6	10	6	12	9	10	12	1	0	5	1	0	0	11	3	9	0	9	4	7	0	9	9	8	0	7	3	8	2	12	10	28	7	10	7	19	9	21	10	24	16	14	2	13	6	7	7	11	5	7	3	16	1	6	17	21	15	12	3	17	17	
380_A/chicken/Kaohsiung/ 7	5	12	6	10	6	12	9	10	12	1	0	5	1	0	0	11	3	10	0	9	4	6	0	8	9	8	0	8	3	8	2	12	10	29	7	10	7	19	9	21	10	24	16	14	2	13	6	7	7	12	5	7	3	14	1	8	17	22	15	10	3	16	17	
381_A/chicken/Kaohsiung/ 7	5	11	5	10	6	13	10	10	12	1	0	5	1	0	0	11	3	9	0	9	4	7	0	9	9	8	0	7	3	8	2	12	10	28	7	10	7	20	9	21	11	24	16	14	2	13	6	7	7	11	5	7	3	15	1	7	16	21	15	11	3	17	17	
382_A/chicken/Kaohsiung/ 8	5	12	6	9	6	12	9	10	12	1	0	4	1	0	0	11	3	9	0	9	4	7	0	9	9	8	0	8	3	8	2	12	10	28	7	10	7	20	9	20	11	27	16	14	2	12	5	7	7	12	5	7	3	14	1	7	16	21	14	10	4	17	18	
383_A/chicken/Miaoli/150 7	5	12	7	10	6	12	8	11	12	1	0	3	1	0	0	11	3	9	0	9	4	7	0	9	9	8	0	8	3	8	2	12	10	27	8	10	6	20	9	20	11	24	16	13	2	14	6	7	8	13	5	7	3	13	1	5	17	21	16	13	3	17	16	
384_A/chicken/Nantou/161 7	5	12	5	10	6	12	10	10	12	1	0	5	1	0	0	11	3	9	0	8	4	7	0	10	9	8	0	7	3	8	2	12	10	28	8	10	7	19	8	21	10	24	16	14	2	13	6	7	7	11	5	7	3	16	1	6	17	20	14	12	3	18	18	
385_A/chicken/New_Taipei 8	5	12	6	9	5	12	9	10	13	1	0	5	1	0	0	11	3	10	0	9	4	6	0	8	10	8	0	8	2	8	2	12	10	29	7	10	7	19	9	20	10	25	16	15	2	13	5	7	7	12	5	7	3	14	1	7	17	22	15	11	3	16	17	
386_A/chicken/New_Taipei 8	5	12	6	9	5	12	9	10	13	1	0	5	1	0	0	11	3	10	0	9	4	6	0	9	10	8	0	7	2	8	2	12	10	29	7	10	7	19	9	22	10	25	16	14	2	13	5	7	7	12	5	7	3	14	1	6	18	21	15	11	3	16	17	
387_A/chicken/New_Taipei 7	5	12	6	10	6	12	9	10	13	1	0	7	1	0	0	11	4	9	0	9	3	7	0	9	9	8	0	5	2	8	2	12	11	27	9	10	6	20	8	20	11	25	17	14	2	13	4	6	7	12	6	8	3	14	1	6	17	22	15	12	3	16	16	
388_A/chicken/New_Taipei 7	5	12	7	10	6	12	8	11	13	1	0	7	1	0	0	11	4	9	0	9	3	7	0	8	9	8	0	5	2	8	2	12	11	27	10	10	6	20	8	20	11	24	17	14	2	13	3	6	8	12	6	8	2	14	1	6	17	23	15	12	3	16	16	
389_A/chicken/New_Taipei 7	5	12	7	10	6	12	8	11	13	1	0	7	1	0	0	11	4	9	0	9	3	7	0	8	9	8	0	5	2	8	2	12	11	27	10	10	6	20	8	20	11	25	17	14	2	13	3	6	8	12	6	8	2	14	1	6	17	22	15	12	3	16	16	
390_A/chicken/New_Taipei 7	5	12	7	10	6	12	8	11	13	1	0	7	1	0	0	11	4	9	0	9	3	7	0	8	9	8	0	5	2	8	2	12	11	27	10	10	6	20	8	20	11	25	17	14	2	13	3	6	8	12	6	8	2	14	1	6	17	22	15	12	3	16	16	
391_A/chicken/Taichung/1 7	5	12	7	10	6	12	8	11	12	1	0	3	2	0	0	12	4	9	0	9	3	7	0	9	9	8	1	7	2	8	2	12	10	27	7	10	6	20	10	20	10	25	15	13	2	12	6	8	8	12	5	7	3	14	1	6	18	22	16	11	3	17	16	
392_A/chicken/Tainan/150 7	5	12	7	10	6	12	8	10	12	1	0	5	1	0	0	11	3	10	0	9	4	6	0	9	9	8	0	7	3	8	2	13	10	28	7	10	6	20	9	19	11	23	16	14	2	14	6	7	8	12	5	7	3	14	1	5	17	21	15	13	3	17	17	
393_A/chicken/Tainan/170 7	5	12	6	10	6	12	9	11	11	1	0	4	2	0	0	10	3	9	0	10	4	7	0	9	9	6	1	7	3	9	2	13	11	28	7	9	7	20	9	21	10	25	16	14	1	12	6	6	7	11	5	8	3	15	1	7	17	21	14	11	3	17	18	
394_A/chicken/Taipei_Cit 7	5	12	7	10	6	12	8	11	13	1	0	7	1	0	0	10	4	9	0	10	3	7	0	8	9	8	0	5	2	8	2	13	11	27	10	9	6	20	8	20	11	24	18	14	2	13	3	6	7	12	6	8	3	14	1	6	17	22	16	12	3	16	15	
395_A/chicken/Taipei/160 8	5	12	6	9	6	12	9	11	12	1	0	5	1	0	0	11	3	9	0	9	4	7	0	8	9	8	0	7	3	8	2	12	10	28	8	10	7	19	8	21	10	24	16	14	2	13	6	7	7	11	5	7	3	16	1	6	17	21	15	12	3	17	17	
396_A/chicken/Taipei/160 8	5	12	6	9	6	12	9	11	12	1	0	5	1	0	0	11	3	9	0	9	4	7	0	8	9	8	0	7	3	8	2	12	10	28	8	10	7	19	8	21	10	24	16	14	2	13	6	7	7	11	5	7	3	16	1	6	17	21	15	12	3	17	17	
397_A/chicken/Taipei/161 7	5	12	7	10	6	12	8	10	12	1	0	6	1	0	0	11	3	10	0	9	4	6	0	8	9	8	0	7	4	8	2	12	10	27	6	10	7	21	10	20	10	24	17	14	2	13	5	7	7	12	5	7	3	14	1	8	17	22	15	10	3	16	17	
398_A/chicken/Taipei/170 7	5	12	6	10	6	12	9	10	13	1	0	7	1	0	0	11	4	9	0	9	3	7	0	9	9	8	0	5	2	8	2	12	10	27	9	10	7	21	8	21	11	25	17	14	2	13	4	6	6	12	6	8	4	13	1	5	17	22	15	12	3	16	16	
399_A/chicken/Taipei/170 7	5	12	6	10	6	12	9	10	13	1	0	7	1	0	0	11	4	9	0	9	3	7	0	9	9	8	0	5	2	8	2	12	11	27	9	10	6	20	8	21	11	25	17	14	2	13	4	6	7	12	6	8	3	14	1	5	17	23	15	12	3	15	16	
400_A/chicken/Taipei/170 7	5	11	6	10	5	13	9	10	12	1	0	7	1	0	0	11	4	9	0	9	4	7	0	9	10	8	0	5	2	8	2	12	10	27	9	10	7	21	8	20	11	25	17	14	2	13	4	6	6	12	6	8	4	13	1	6	17	22	15	12	3	16	16	
401_A/chicken/Yunlin/150 7	5	12	7	10	6	12	8	11	12	1	0	3	1	0	0	11	3	9	0	9	4	7	0	10	9	8	0	7	3	8	2	12	9	28	7	10	7	20	9	21	10	24	16	13	2	14	6	7	8	13	5	7	3	13	1	4	18	20	16	13	3	17	17	
402_A/chicken/Yunlin/160 7	5	12	7	10	6	12	8	11	11	1	0	3	2	0	0	12	4	9	1	9	3	7	0	9	8	8	1	7	3	8	2	12	10	27	7	10	6	19	9	19	12	23	15	14	2	15	6	7	9	12	6	7	2	15	1	5	17	20	16	13	3	18	15	
403_A/chicken/Yunlin/170 7	5	11	6	10	6	13	9	11	12	1	0	3	2	0	0	13	3	9	0	8	4	7	0	8	9	8	1	8	2	8	2	13	10	28	7	10	6	20	10	20	10	23	16	13	2	13	6	7	8	11	5	7	3	14	1	7	19	20	16	10	2	19	16	
404_A/duck/Chiayi/150800 7	5	12	7	10	6	12	8	11	12	1	0	3	1	0	0	12	4	9	0	9	3	7	0	8	9	8	1	8	3	8	2	12	10	29	8	10	6	19	9	20	11	23	15	13	2	15	6	7	8	11	5	7	3	14	1	5	17	22	16	13	3	16	16	
405_A/duck/Eastern_China 7	4	11	7	10	7	13	8	11	9	1	0	3	3	0	0	9	4	9	1	10	4	7	0	10	10	7	1	9	2	10	1	12	8	26	9	8	7	20	8	18	11	21	14	13	3	17	7	10	8	15	6	7	3	11	1	7	16	25	13	11	3	14	18	
406_A/duck/Eastern_China 6	4	12	6	11	7	12	9	11	9	1	0	3	3	0	0	10	4	8	1	9	4	8	0	10	10	8	1	8	2	9	1	13	8	27	9	8	7	20	7	21	11	24	16	12	3	14	5	9	8	14	5	7	3	12	1	5	17	25	16	12	2	14	16	
407_A/duck/Eastern_China 6	4	11	7	11	7	13	8	11	9	1	0	3	3	0	0	10	4	8	1	9	4	8	0	10	10	8	1	8	2	9	1	13	8	27	10	8	7	19	7	20	12	23	16	13	2	15	5	9	8	14	5	7	3	12	1	6	16	25	16	11	3	14	16	
408_A/duck/Eastern_China 6	4	11	7	11	7	13	8	11	9	1	0	3	3	0	0	10	4	8	1	9	4	8	0	10	10	8	1	8	2	9	1	13	8	26	10	8	7	20	7	20	11	23	15	13	3	16	6	8	8	14	5	7	3	12	1	7	16	24	15	11	3	14	17	
409_A/duck/Eastern_China 6	4	11	8	11	7	13	7	11	9	1	0	3	3	0	0	10	4	8	1	9	4	8	0	10	10	9	1	8	2	8	1	13	8	28	9	8	7	19	7	20	12	22	16	13	2	16	5	9	8	14	5	7	3	12	1	6	16	24	16	11	3	15	16	
410_A/duck/Eastern_China 6	4	11	7	11	7	13	8	11	9	1	0	3	3	0	0	10	4	9	1	9	4	7	0	10	10	7	1	8	2	10	1	12	8	27	10	8	7	19	7	20	11	22	15	13	3	16	6	10	8	14	5	7	3	12	1	6	16	25	15	11	3	14	17	
411_A/duck/Eastern_China 6	4	11	7	11	7	13	8	12	9	1	0	3	3	0	0	10	4	7	1	9	4	9	0	10	10	8	1	8	2	9	1	13	8	26	10	8	7	20	7	19	11	24	15	13	3	13	7	9	7	15	5	7	3	11	1	6	17	25	16	11	3	14	16	
412_A/duck/Eastern_China 6	4	11	7	11	7	13	8	8	9	1	0	6	3	0	0	10	4	9	1	9	4	7	0	9	10	6	1	9	2	11	1	13	8	28	10	8	7	19	7	19	11	21	14	13	3	17	7	9	9	12	6	7	3	13	1	7	15	26	15	11	3	13	16	
413_A/duck/Eastern_China 6	4	11	7	11	6	13	8	9	10	1	0	5	3	0	0	10	4	9	1	9	4	7	0	7	10	7	0	11	2	10	1	13	6	27	10	8	9	20	7	19	11	20	16	13	3	18	6	10	9	12	6	7	3	13	1	5	15	26	14	12	3	13	17	
414_A/duck/Eastern_China 6	4	11	7	11	7	13	8	11	9	1	0	4	3	0	0	10	4	9	1	9	4	7	0	9	10	7	1	9	2	10	1	12	8	27	10	8	7	19	7	18	11	22	14	13	3	16	7	9	8	14	6	8	3	12	1	7	16	28	14	11	3	11	17	
415_A/duck/Guangdong/s14 6	4	11	7	11	7	13	8	11	9	1	0	3	3	0	0	11	4	9	1	7	4	7	0	11	10	8	1	8	2	9	1	13	8	27	10	7	7	20	7	21	11	23	15	13	2	16	6	9	7	14	6	7	3	11	1	6	17	23	15	11	3	16	16	
416_A/duck/Hunan/11.30_Y 6	4	11	7	11	6	13	8	9	10	1	0	5	3	0	0	9	3	10	1	10	5	6	0	7	10	8	0	11	2	9	1	14	6	26	10	8	9	22	7	19	11	23	15	13	3	15	6	9	10	12	6	7	1	13	1	5	16	26	15	12	2	14	16	
417_A/duck/Shandong/Q1/2 6	4	11	7	11	7	13	8	11	10	1	0	3	2	0	0	10	5	7	1	9	4	9	0	10	9	8	1	8	2	9	1	13	8	27	10	8	7	19	7	20	11	23	16	14	2	14	7	8	7	14	5	8	3	12	1	7	17	26	17	9	3	13	15	
418_A/duck/Tainan/150104 7	5	12	7	10	6	12	8	11	12	1	0	3	1	0	0	12	4	9	0	9	3	7	0	9	9	8	1	7	3	8	2	12	10	27	8	10	6	20	9	20	11	24	15	13	2	14	6	7	8	12	5	7	3	14	1	5	17	22	15	13	3	16	17	
419_A/duck/Taiwan/A3400/ 7	5	12	7	10	6	12	8	10	12	1	0	5	1	0	0	11	3	9	0	9	4	7	0	9	9	8	0	7	3	8	2	12	10	27	8	10	6	21	9	20	11	23	17	14	2	14	5	7	8	12	5	7	3	14	1	5	17	21	15	13	3	17	17	
420_A/duck/Xinjiang/12.1 7	4	11	7	11	6	13	8	9	10	1	0	5	3	0	0	8	4	10	1	10	4	6	0	7	10	8	0	11	2	9	1	14	6	26	10	8	9	22	7	19	11	23	15	13	3	15	6	10	10	12	6	7	1	13	1	5	15	26	17	11	3	14	14	
421_A/duck/Yunlin/150102 7	5	12	7	10	6	12	8	11	12	1	0	3	1	0	0	11	3	9	0	9	4	7	0	9	9	9	0	8	3	7	2	12	10	28	8	10	6	19	9	20	11	24	16	13	2	14	6	7	8	12	5	7	3	14	1	5	17	21	16	13	3	17	16	
422_A/duck/Yunlin/150104 7	5	12	7	10	6	12	8	11	12	1	0	3	1	0	0	11	3	9	0	9	4	7	0	9	9	8	0	8	3	8	2	12	10	26	9	10	6	20	9	20	11	24	16	13	2	14	6	7	8	13	5	7	3	13	1	5	17	21	16	13	3	17	16	
423_A/duck/Zhejiang/6D18 6	4	11	7	11	7	13	8	11	9	1	0	3	3	0	0	9	4	9	1	9	4	7	0	10	9	7	1	9	3	10	1	14	8	26	10	7	7	20	7	19	11	21	14	13	3	17	7	10	8	14	6	7	3	12	1	7	16	26	13	10	3	13	18	
424_A/duck/Zhejiang/9250 6	3	12	7	11	8	12	8	10	9	1	0	4	3	0	0	10	4	9	1	10	3	7	0	9	10	7	1	9	2	10	1	13	8	27	10	7	7	19	7	19	11	23	12	13	3	15	9	10	8	14	7	7	3	12	1	7	15	27	13	9	3	13	19	
425_A/duck/Zhejiang/9251 6	4	12	7	11	7	12	8	10	9	1	0	4	3	0	0	10	4	9	1	10	3	7	0	9	10	7	1	9	2	10	1	13	8	27	10	7	7	19	7	19	11	23	12	13	3	15	9	10	8	14	7	7	3	12	1	7	15	27	13	10	3	13	18	
426_A/duck/Zhejiang/W24/ 6	4	11	6	11	7	13	9	10	9	1	0	4	3	0	0	10	4	9	1	10	3	7	0	9	10	7	1	9	2	10	1	12	8	27	10	8	7	19	7	20	11	22	13	13	3	17	7	9	8	14	6	7	3	12	1	7	16	26	13	11	3	13	18	
427_A/eurasian_coot/Shan 6	2	10	7	11	8	14	8	10	11	1	0	4	2	0	0	9	4	9	1	10	3	7	0	7	11	7	0	11	2	10	1	15	7	27	10	7	9	20	7	20	9	21	15	14	2	16	7	9	9	14	4	7	1	12	3	5	15	26	16	10	6	13	16	
428_A/eurasian_coot/Shan 6	2	10	7	11	8	14	8	9	11	1	0	4	2	0	0	9	4	9	1	10	3	7	0	8	11	7	0	11	2	10	1	15	7	26	10	7	9	21	7	20	9	21	15	14	2	16	7	9	9	14	4	7	1	12	3	5	15	26	16	10	6	13	16	
429_A/eurasian_coot/Shan 6	2	10	7	11	8	14	8	9	11	1	0	4	2	0	0	9	4	9	1	10	3	7	0	8	11	7	0	11	2	10	1	15	7	26	10	7	10	21	6	20	9	21	15	14	2	16	7	9	9	14	4	7	1	12	3	5	15	26	16	10	6	13	16	
430_A/eurasian_coot/Shan 6	2	10	7	11	8	14	8	10	11	1	0	4	2	0	0	9	4	9	1	10	3	7	0	7	11	7	0	11	2	10	1	15	7	27	10	7	9	20	7	20	9	21	15	14	2	16	7	9	9	14	4	7	1	12	3	5	15	26	16	10	6	13	16	
431_A/goose/Chiayi/15020 7	5	12	7	10	6	12	8	11	12	1	0	3	1	0	0	11	3	9	0	9	4	7	0	9	9	8	0	8	3	8	2	12	10	27	8	10	6	20	9	20	11	24	16	13	2	14	6	7	8	12	5	7	3	14	1	5	17	21	16	13	3	17	16	
432_A/goose/China/1/2021 6	4	11	6	11	6	13	9	9	11	1	0	5	2	0	0	9	4	10	1	10	4	6	0	8	10	7	0	10	2	10	1	15	7	26	10	7	9	21	7	20	10	21	15	14	3	16	7	9	9	14	4	7	1	12	3	3	15	26	15	11	5	13	17	
433_A/goose/Eastern_Chin 7	4	11	7	10	7	13	8	10	9	1	0	4	3	0	0	10	4	9	1	10	3	7	0	9	10	7	1	9	2	10	1	12	9	27	10	8	6	19	7	19	11	22	13	13	3	17	7	10	8	14	6	7	3	12	1	7	16	26	13	11	3	13	18	
434_A/goose/Eastern_Chin 6	4	11	7	11	6	13	8	11	9	1	0	3	3	0	0	10	4	7	1	9	4	9	0	10	10	8	1	8	2	9	1	13	8	26	10	8	8	20	7	20	11	23	15	13	3	14	7	9	7	14	5	7	3	12	1	6	17	25	15	11	3	14	17	
435_A/goose/Eastern_Chin 7	4	11	7	10	7	13	8	10	9	1	0	4	3	0	0	11	4	8	1	8	4	8	0	10	10	9	1	9	2	7	1	12	9	26	10	8	7	21	6	19	11	22	17	15	2	15	5	9	8	14	5	7	3	12	1	5	16	25	16	12	3	14	16	
436_A/goose/Eastern_Chin 6	4	11	7	11	7	13	8	11	9	1	0	3	3	0	0	9	4	9	1	9	4	7	0	10	10	7	1	9	2	10	1	13	8	27	9	8	7	20	7	18	11	21	14	13	3	17	7	10	8	14	6	7	3	12	1	8	16	26	13	10	3	13	18	
437_A/goose/Guangdong/s1 6	4	11	7	11	7	13	8	11	9	1	0	3	3	0	0	11	4	9	1	7	4	7	0	11	10	8	1	8	2	9	1	13	8	27	10	7	7	20	7	21	11	23	15	13	2	16	6	9	7	14	6	7	3	11	1	6	17	23	15	11	3	16	16	
438_A/goose/Hebei/HG12/2 6	2	10	7	11	8	14	8	8	11	1	0	5	2	0	0	9	4	9	1	10	3	7	0	9	11	7	0	10	2	10	1	15	7	26	10	7	9	21	7	20	9	21	15	14	2	16	7	9	9	14	4	7	1	12	3	5	15	26	16	10	6	13	16	
439_A/goose/Jiangsu/QD5/ 7	4	11	7	10	7	13	8	10	9	1	0	4	3	0	0	10	4	10	1	9	4	6	0	10	10	8	1	9	2	9	1	12	8	27	10	8	7	19	7	18	11	21	14	13	3	17	7	10	7	14	6	6	4	12	1	8	16	26	13	11	3	13	18	
440_A/goose/Pingtung/150 7	5	12	6	10	6	12	9	10	12	1	0	5	1	0	0	11	3	9	0	9	4	7	0	9	9	8	0	7	3	8	2	12	10	28	7	10	6	20	9	21	10	24	16	14	2	13	6	7	8	12	5	7	3	14	1	6	17	21	15	12	3	17	17	
441_A/goose/Pingtung/160 7	5	12	6	10	6	12	9	10	12	1	0	5	1	0	0	11	3	9	0	9	4	7	0	9	9	8	0	7	3	8	2	12	11	28	7	10	6	20	9	21	10	24	16	14	2	13	6	7	7	12	5	7	3	14	1	7	17	21	15	11	3	17	17	
442_A/goose/Tainan/16040 7	5	12	6	10	6	12	9	10	12	1	0	5	1	0	0	11	3	9	0	9	4	7	0	9	8	8	0	7	4	8	2	12	10	28	7	10	7	20	9	21	10	23	16	14	2	13	6	7	7	12	5	7	3	14	1	7	17	22	15	11	3	17	17	
443_A/goose/Tainan/16070 7	5	12	6	10	6	12	9	10	12	1	0	5	1	0	0	11	3	9	0	9	4	7	0	9	8	8	0	7	4	8	2	12	10	28	7	10	7	20	8	21	10	23	17	14	2	13	6	7	7	12	5	7	3	14	1	7	17	22	15	11	3	17	17	
444_A/goose/Taiwan/01019 7	5	12	7	10	6	12	8	11	12	1	0	3	1	0	0	12	4	9	0	9	3	7	0	9	9	8	1	7	3	8	2	12	10	26	8	10	6	20	9	20	11	24	15	13	2	14	6	7	8	13	5	7	3	14	1	5	17	22	15	13	3	16	17	
445_A/goose/Taiwan/01039 7	5	12	7	10	6	12	8	11	12	1	0	3	1	0	0	11	3	9	0	9	4	7	0	9	9	8	0	8	3	8	2	12	10	27	8	10	6	21	8	21	11	24	16	13	2	14	6	7	8	12	5	7	3	14	1	4	17	21	15	13	3	17	17	
446_A/goose/Taiwan/TNC1/ 7	5	12	7	10	6	12	8	11	12	1	0	3	1	0	0	10	4	9	0	9	4	7	0	9	9	8	0	8	3	8	2	12	10	27	7	10	6	20	9	20	11	24	17	13	2	14	6	7	8	12	5	7	3	14	1	5	17	21	16	13	3	17	16	
447_A/goose/Taiwan/TNC10 7	5	12	7	10	6	12	8	11	12	1	0	3	1	0	0	11	3	9	0	9	4	7	0	9	9	8	0	8	3	8	2	12	10	27	7	10	6	20	9	20	11	24	17	13	2	14	6	7	8	12	5	7	3	14	1	5	17	21	16	13	3	17	16	
448_A/goose/Taiwan/TNC11 7	5	12	7	10	6	12	8	11	12	1	0	3	1	0	0	12	4	9	0	9	3	7	0	9	9	8	1	7	3	8	2	12	10	27	8	10	6	20	9	20	11	24	15	13	2	14	6	7	8	12	5	7	3	14	1	5	17	22	15	13	3	16	17	
449_A/goose/Taiwan/TNC12 7	5	12	7	10	6	12	8	11	12	1	0	3	1	0	0	11	3	9	0	9	4	7	0	9	9	8	0	8	3	8	2	12	10	27	7	10	6	20	9	20	11	24	17	13	2	14	6	7	8	12	5	7	3	14	1	5	17	21	16	13	3	17	16	
450_A/goose/Taiwan/TNC14 7	5	12	7	10	6	12	8	11	12	1	0	3	1	0	0	11	3	9	0	9	4	7	0	9	9	8	0	8	3	8	2	12	10	27	7	10	6	20	9	20	11	24	17	13	2	14	6	7	8	12	5	7	3	14	1	5	17	21	16	13	3	17	16	
451_A/goose/Taiwan/TNC3/ 7	5	13	7	10	6	11	8	11	12	1	0	3	1	0	0	11	3	9	0	9	4	7	0	9	9	8	0	8	3	8	2	12	10	27	8	10	6	20	9	20	11	24	16	13	2	15	5	7	8	12	5	7	3	14	1	5	17	21	16	13	3	17	16	
452_A/goose/Taiwan/TNC7/ 7	5	12	7	10	6	12	8	11	12	1	0	3	1	0	0	11	3	9	0	9	4	7	0	9	9	8	0	8	3	8	2	12	10	27	7	10	6	20	9	20	11	24	17	13	2	14	6	7	8	12	5	7	3	14	1	5	17	21	16	13	3	17	16	
453_A/goose/Taiwan/TNC9/ 7	5	13	7	10	6	11	8	11	12	1	0	3	1	0	0	11	3	9	0	9	4	7	0	9	9	8	0	8	3	8	2	12	10	27	8	10	6	20	9	20	11	24	16	13	2	15	5	7	8	12	5	7	3	14	1	5	17	21	16	13	3	17	16	
454_A/goose/Taiwan/TNO15 7	5	12	7	10	6	12	8	11	12	1	0	3	1	0	0	12	4	9	0	9	3	7	0	9	9	8	1	7	3	8	2	12	10	27	8	10	6	20	9	20	11	24	15	13	2	14	6	7	8	12	5	7	3	14	1	5	17	22	15	13	3	16	17	
455_A/goose/Taiwan/TNO3/ 7	5	12	7	10	6	12	8	11	12	1	0	3	1	0	0	11	3	9	0	9	4	7	0	9	9	8	0	8	3	8	2	12	10	26	8	10	6	21	9	20	11	24	16	13	2	14	6	7	8	12	5	7	3	14	1	5	17	21	15	13	3	17	17	
456_A/goose/Taiwan/TNO9/ 7	5	12	7	10	6	12	8	11	12	1	0	3	1	0	0	12	4	9	0	9	3	7	0	9	9	8	1	7	3	8	2	12	10	27	8	10	6	20	9	20	11	24	15	13	2	14	6	7	8	12	5	7	3	14	1	5	17	22	15	13	3	16	17	
457_A/goose/Taoyuan/1501 7	5	12	7	10	6	12	8	11	12	1	0	3	1	0	0	11	3	9	0	9	4	7	0	9	9	8	0	8	3	8	2	12	10	27	8	10	6	20	9	20	11	24	16	13	2	14	6	7	8	13	5	7	3	13	1	5	17	21	16	13	3	17	16	
458_A/goose/Xinjiang/12. 7	4	11	7	11	6	13	8	9	10	1	0	5	3	0	0	8	4	10	1	10	4	6	0	7	10	8	0	11	2	9	1	14	6	27	10	8	9	22	7	19	10	23	15	13	4	15	6	10	10	11	6	7	1	13	1	5	15	26	16	11	3	14	15	
459_A/goose/Xinjiang/12. 7	4	11	7	11	6	13	8	9	10	1	0	5	3	0	0	8	4	10	1	10	4	6	0	7	10	8	0	11	2	9	1	14	6	27	10	8	9	22	7	19	10	23	15	13	4	15	6	10	10	11	6	7	1	13	1	5	15	26	16	11	3	14	15	
460_A/goose/Xinjiang/12. 7	4	11	7	11	6	13	8	9	10	1	0	5	3	0	0	8	4	10	1	10	4	6	0	7	10	8	0	11	2	9	1	14	6	27	10	8	9	22	7	19	10	23	15	13	4	15	6	10	10	11	6	7	1	13	1	5	15	26	16	11	3	14	15	
461_A/goose/Xinjiang/12. 7	4	11	7	11	6	13	8	9	10	1	0	5	3	0	0	8	4	10	1	10	4	6	0	7	10	8	0	11	2	9	1	14	6	27	10	8	9	22	7	19	10	23	15	13	4	15	6	10	10	11	6	7	1	13	1	5	15	26	16	11	3	14	15	
462_A/goose/Yangzhou/042 6	4	11	7	11	6	13	8	11	9	1	0	3	3	0	0	10	4	9	1	9	4	7	0	10	11	7	1	9	1	10	1	12	8	29	9	8	7	19	7	18	11	21	14	13	3	17	7	11	8	13	6	6	4	12	1	7	15	26	13	11	4	13	18	
463_A/goose/Yunlin/15040 7	5	12	7	10	6	12	8	11	12	1	0	3	1	0	0	12	4	9	0	9	3	7	0	9	9	8	1	7	3	8	2	12	10	27	8	10	6	20	9	20	11	24	15	13	2	14	6	7	8	12	5	7	3	14	1	5	17	22	16	13	3	16	16	
464_A/goose/Zhejiang/925 6	4	11	7	11	7	13	8	9	9	1	0	5	3	0	0	10	4	9	1	9	4	7	0	9	10	7	1	9	2	10	1	13	8	28	10	8	7	19	7	19	11	21	14	13	3	17	7	9	9	12	6	7	3	13	1	7	15	26	15	11	3	13	16	
465_A/goose/Zhejiang/925 6	4	11	7	11	7	13	8	9	9	1	0	5	3	0	0	10	4	9	1	9	4	7	0	9	10	7	1	9	2	10	1	13	8	28	10	8	7	19	7	19	11	21	14	13	3	17	7	9	9	12	6	7	3	13	1	7	15	26	15	11	3	13	16	
466_A/mallard/Shanghai/S 6	4	11	7	11	7	13	8	10	9	1	0	4	3	0	0	10	4	9	1	10	3	7	0	9	10	8	1	9	2	9	1	13	9	27	10	8	7	19	7	19	11	22	13	13	3	17	7	7	8	14	6	8	3	12	1	7	16	27	13	11	3	12	18	
467_A/swan/China/ST/2016 6	4	11	7	11	6	13	8	9	10	1	0	5	3	0	0	9	3	10	1	10	5	6	0	7	10	8	0	11	2	9	1	14	6	26	10	8	9	22	7	19	11	22	15	13	3	16	6	9	10	12	6	7	1	13	1	5	15	26	15	12	3	14	16	
468_A/swan/Shandong/W376 5	4	11	8	12	6	14	7	9	10	1	0	7	3	0	0	9	4	9	0	9	4	7	0	7	11	8	0	10	1	9	2	13	7	28	10	8	9	22	6	19	9	21	15	13	4	16	7	9	8	12	6	8	1	11	1	8	16	28	14	9	3	13	17	
469_A/turkey/Chiayi/1702 7	5	12	6	10	6	12	9	10	12	1	0	5	1	0	0	11	3	9	0	9	4	7	0	9	9	8	0	7	3	8	2	12	10	28	7	10	7	19	9	21	10	24	16	14	2	13	6	7	7	11	5	7	3	16	1	6	16	21	15	12	4	17	17	
470_A/whooper_swan/Shanx 6	4	11	7	11	6	13	8	9	10	1	0	5	3	0	0	9	3	10	1	10	5	6	0	7	10	8	0	11	2	9	1	14	6	27	9	9	9	22	7	18	11	22	15	13	3	15	6	9	10	12	7	7	1	13	1	5	15	26	15	12	3	14	16	
471_A/wild_duck/Shandong 5	2	10	7	12	8	14	8	8	11	1	0	5	2	0	0	9	4	10	1	10	3	6	0	9	11	7	0	10	2	10	1	15	7	26	10	7	9	21	7	19	10	21	15	14	2	16	7	9	9	14	4	7	1	12	3	5	15	26	16	10	6	13	16	
472_A/Anser_cygnoides/Hu 4	2	0	3	3	1	5	0	2	4	0	1	3	1	0	0	4	2	4	1	7	2	1	1	4	3	2	2	7	1	13	2	3	4	4	8	4	9	6	1	3	4	5	8	12	3	6	5	3	9	5	3	5	7	2	2	0	7	8	5	8	3	9	6	
473_A/bar_headed_goose/T 3	2	0	3	3	1	5	0	0	4	0	1	4	1	0	0	5	2	4	1	7	2	1	1	5	3	4	2	7	1	11	2	3	3	4	8	4	10	6	1	3	3	5	8	12	3	6	5	3	8	5	3	5	8	2	2	0	8	8	7	8	3	9	4	
474_A/Bar-headed_Goose/Q 3	2	0	3	3	1	5	0	1	4	0	1	3	1	0	0	5	2	3	1	7	2	2	1	5	3	2	2	6	1	13	2	3	3	4	8	4	9	6	2	3	4	6	6	13	3	6	6	3	9	5	3	5	7	2	2	0	6	8	5	8	4	9	6	
475_A/Bar-headed_Goose/Q 3	2	0	3	3	1	5	0	1	4	0	1	3	1	0	0	5	2	3	1	7	2	2	1	4	3	2	2	6	1	13	2	3	3	4	8	4	10	6	1	4	4	6	6	13	3	6	6	3	9	5	3	5	7	2	2	0	6	8	5	8	4	9	6	
476_A/Bar-headed_Goose/Q 3	2	0	3	3	1	5	0	2	4	0	1	3	1	0	0	5	2	3	1	7	2	2	1	4	3	2	2	6	1	13	2	3	3	4	7	4	10	6	1	3	4	6	6	13	3	6	6	3	9	5	4	5	7	2	2	0	6	8	5	8	4	9	6	
477_A/Bar-headed_Goose/Q 3	2	0	3	4	1	5	0	1	4	0	1	3	1	0	0	6	2	3	1	6	2	2	1	4	3	2	2	6	1	13	2	4	3	4	7	3	10	6	1	3	4	6	6	13	3	6	6	4	9	5	4	4	7	2	2	0	6	8	5	8	4	9	6	
478_A/Bar-headed_Goose/Q 4	1	0	3	3	1	5	0	2	4	0	1	3	1	0	0	7	2	3	1	6	2	2	1	3	3	2	2	5	2	13	2	4	2	4	8	4	10	6	1	3	4	6	6	13	3	6	6	3	9	5	3	5	7	2	2	0	6	8	5	8	4	9	6	
479_A/Bar-headed_Goose/Q 3	2	0	3	3	1	5	0	1	4	0	1	3	1	0	0	5	2	3	1	7	2	2	1	5	3	2	2	6	1	13	2	3	3	4	7	4	10	6	1	3	4	6	6	13	3	6	6	3	9	5	4	5	7	2	2	0	6	8	5	8	4	9	6	
480_A/Bar-headed_Goose/Q 6	1	0	3	3	1	5	0	2	4	0	1	3	1	0	0	5	2	3	1	6	2	2	1	3	3	2	2	6	1	13	2	3	3	4	8	4	10	6	1	3	4	6	6	13	3	6	6	3	9	5	3	5	7	2	2	0	6	8	5	8	4	9	6	
481_A/Bar-headed_Goose/Q 3	2	0	3	3	1	5	0	1	4	0	1	3	1	0	0	5	2	3	1	7	2	2	1	6	3	1	2	5	1	14	2	3	3	4	7	4	10	6	1	3	4	6	6	13	3	6	6	3	9	5	4	5	7	2	2	0	6	8	5	8	4	9	6	
482_A/Bar-headed_Goose/Q 3	2	0	3	3	1	5	0	1	4	0	1	3	1	0	0	5	2	3	1	7	2	2	1	5	3	2	2	6	1	13	2	3	3	4	8	4	10	6	1	3	4	6	6	13	3	6	6	3	9	5	3	5	7	2	2	0	6	8	5	8	4	9	6	
483_A/Bar-headed_Goose/Q 3	2	0	3	4	1	5	0	1	4	0	1	3	1	0	0	6	2	3	1	6	2	2	1	4	3	2	2	6	1	13	2	3	3	4	8	3	10	6	1	4	4	6	6	13	3	6	6	3	9	5	3	5	7	2	2	0	6	8	5	8	4	9	6	
484_A/Bar-headed_Goose/Q 3	2	0	3	4	1	5	0	1	4	0	1	3	1	0	0	5	2	3	1	6	2	2	1	5	3	2	2	6	1	13	2	3	3	4	8	3	10	6	1	4	4	6	6	13	3	6	6	3	9	5	3	5	7	2	2	0	6	8	5	8	4	9	6	
485_A/Bar-headed_Goose/Q 4	2	0	3	3	1	5	0	1	4	0	1	3	1	0	0	5	2	3	1	6	2	2	1	5	3	2	2	6	1	13	2	4	3	4	8	2	10	6	1	4	4	6	6	13	3	6	6	3	9	5	3	5	7	2	2	0	6	7	6	8	4	9	6	
486_A/Bar-headed_Goose/Q 4	2	0	3	3	1	5	0	1	4	0	1	3	1	0	0	5	2	3	1	6	2	2	1	5	3	2	2	6	1	13	2	3	3	4	8	3	10	6	1	4	4	6	6	13	3	6	6	3	9	5	3	5	7	2	2	0	6	8	5	8	4	9	6	
487_A/Bar-headed_Goose/Q 4	2	0	3	3	1	5	0	1	4	0	1	3	1	0	0	5	2	3	1	6	2	2	1	5	3	2	2	6	1	13	2	3	3	4	8	3	10	6	1	4	4	6	6	13	3	6	6	3	9	5	3	5	7	2	2	0	6	8	5	8	4	9	6	
488_A/Bar-headed_Goose/Q 4	1	0	3	3	1	5	0	1	4	0	1	3	1	0	0	6	2	3	1	6	2	2	1	5	3	2	2	6	1	13	2	4	3	4	8	3	10	6	1	3	4	6	6	13	3	6	6	3	9	5	3	5	7	2	2	0	6	8	5	8	4	9	6	
489_A/Bar-headed_Goose/Q 4	1	0	3	3	1	5	0	1	4	0	1	3	1	0	0	5	2	3	1	7	2	2	1	5	3	2	2	6	1	13	2	4	3	4	7	3	10	6	1	4	4	6	6	13	3	6	6	3	9	5	3	5	7	2	2	0	6	8	5	8	4	9	6	
490_A/Bar-headed_Goose/Q 3	2	0	3	3	1	5	0	1	4	0	1	3	1	0	0	6	2	3	1	7	2	2	1	5	3	2	2	5	1	13	2	3	3	4	8	4	10	6	1	3	4	6	6	13	3	6	6	3	9	5	3	5	7	2	2	0	6	8	5	8	4	9	6	
491_A/Bar-headed_Goose/Q 3	2	0	3	3	1	5	0	1	4	0	1	3	1	0	0	5	2	3	1	7	2	2	1	6	3	2	2	5	1	13	2	3	3	4	8	4	10	6	1	3	4	6	6	13	3	6	6	3	9	5	3	5	7	2	2	0	6	8	5	8	4	9	6	
492_A/Bar-headed_Goose/Q 4	2	0	3	3	1	5	0	1	4	0	1	3	1	0	0	5	2	3	1	6	2	2	1	6	3	2	2	5	1	13	2	3	3	4	8	4	10	6	1	3	4	6	6	13	3	6	6	3	9	5	3	5	7	2	2	0	6	8	5	8	4	9	6	
493_A/Bar-headed_Goose/Q 3	2	0	3	4	1	5	0	1	4	0	1	3	1	0	0	5	2	3	1	6	2	2	1	5	3	2	2	6	1	13	2	3	3	4	8	4	10	6	1	3	4	6	6	13	3	6	6	3	9	5	3	5	7	2	2	0	6	8	5	8	4	9	6	
494_A/Bar-headed_Goose/Q 3	2	0	3	3	1	5	0	1	4	0	1	3	1	0	0	7	2	3	1	6	2	2	1	4	3	2	2	6	1	13	2	3	3	4	8	4	10	6	1	3	4	6	6	13	3	6	6	3	9	5	3	5	7	2	2	0	6	8	5	8	4	9	6	
495_A/Bar-headed_Goose/Q 4	3	0	3	3	1	5	0	1	4	0	1	3	1	0	0	6	1	3	1	6	2	2	1	4	3	2	2	6	1	13	2	3	3	4	8	4	10	6	1	3	4	6	6	13	3	6	6	3	9	5	3	5	7	2	2	0	6	8	5	8	4	9	6	
496_A/Bar-headed_Goose/Q 4	2	0	3	3	1	5	0	1	4	0	1	3	1	0	0	6	2	3	1	6	2	2	1	4	3	2	2	6	1	13	2	3	3	4	8	3	9	6	1	3	4	6	6	14	4	6	6	3	9	5	3	5	7	2	2	0	6	8	5	8	4	9	6	
497_A/Bar-headed_Goose/Q 3	2	0	3	3	1	5	0	1	4	0	1	3	1	0	0	5	2	4	1	6	2	1	1	5	3	2	2	7	1	13	2	3	3	4	8	5	9	6	2	2	4	5	8	13	3	6	5	3	10	5	3	5	7	2	2	2	6	7	5	6	3	10	6	
498_A/Bar-headed_Goose/Q 3	2	0	3	3	1	5	0	1	4	0	1	3	1	0	0	5	2	4	1	6	2	1	1	5	3	2	2	7	1	13	2	3	3	4	8	5	10	6	1	2	4	5	8	13	3	6	5	3	10	5	3	5	7	2	2	2	6	7	5	6	3	10	6	
499_A/Bar-headed_Goose/Q 4	1	0	3	3	1	5	0	1	4	0	1	3	1	0	0	7	2	4	1	5	2	1	1	4	3	2	2	7	1	13	2	3	3	4	7	5	10	6	1	2	4	5	8	13	3	6	5	4	10	5	4	4	7	2	2	2	6	7	5	6	3	10	6	
500_A/Bar-headed_Goose/Q 3	2	0	3	3	1	5	0	1	4	0	1	3	1	0	0	4	3	4	1	6	2	1	1	5	3	2	2	7	1	13	2	3	3	4	8	5	10	6	1	2	4	5	8	13	3	6	5	3	10	5	3	5	7	2	2	2	6	7	5	6	3	10	6	
501_A/Bar-headed_Goose/Q 7	1	0	3	3	1	5	0	2	4	0	1	3	1	0	0	4	2	4	1	5	2	1	1	4	3	2	2	7	1	13	2	3	3	4	8	4	10	6	1	2	4	5	8	13	3	6	5	4	10	5	3	3	7	2	2	2	6	7	5	7	3	10	6	
502_A/Bar-headed_Goose/Q 3	2	0	3	3	1	5	0	1	4	0	1	3	1	0	0	5	2	3	1	7	2	2	1	6	3	2	2	5	1	13	2	3	3	4	8	4	10	6	1	3	4	6	6	13	3	6	6	3	9	5	3	5	7	2	2	0	6	8	5	8	4	9	6	
503_A/Bar-headed_Goose/Q 3	2	0	3	3	1	5	0	1	4	0	1	3	1	0	0	5	2	3	1	7	2	2	1	5	3	2	2	6	1	13	2	3	3	4	8	4	10	6	1	3	4	6	6	13	3	6	6	3	9	5	3	5	7	2	2	0	6	8	5	8	4	9	6	
504_A/Bar-headed_Goose/Q 3	2	0	3	3	1	5	0	1	4	0	1	3	1	0	0	5	2	3	1	8	2	2	1	4	3	2	2	6	1	13	2	3	3	4	8	4	10	6	1	3	4	6	6	13	3	6	6	3	9	5	3	5	7	2	2	0	6	8	5	8	4	9	6	
505_A/Bar-headed_Goose/Q 3	2	0	3	3	1	5	0	1	4	0	1	3	1	0	0	5	2	3	1	7	2	2	1	5	3	2	2	6	1	13	2	3	3	4	8	4	10	6	1	3	4	6	6	13	3	6	6	3	9	5	3	5	7	2	2	0	6	8	5	8	4	9	6	
506_A/Bar-headed_Goose/Q 3	2	0	3	3	1	5	0	2	4	0	1	3	1	0	0	5	2	3	1	7	2	2	1	4	3	2	2	6	1	13	2	3	3	4	8	4	10	6	1	3	4	6	6	13	3	6	6	3	9	5	3	5	7	2	2	0	6	8	5	8	4	9	6	
507_A/Bar-headed_Goose/Q 3	2	0	3	3	1	5	0	1	4	0	1	3	1	0	0	6	2	3	1	6	2	2	1	6	3	2	2	5	1	13	2	4	3	4	7	4	10	6	1	3	4	6	6	13	3	6	6	3	9	5	3	5	7	2	2	0	6	8	5	8	4	9	6	
508_A/Bar-headed_Goose/Q 3	2	0	3	3	1	5	0	1	4	0	1	3	1	0	0	5	2	4	1	6	2	1	1	5	3	2	2	7	1	13	2	3	3	4	8	5	9	6	2	2	4	5	8	13	3	6	5	3	10	5	3	5	7	2	2	2	6	7	5	6	3	10	6	
509_A/Bar-headed_Goose/Q 3	2	0	3	3	1	5	0	1	4	0	1	3	1	0	0	4	2	3	2	7	2	2	1	6	3	2	2	5	1	13	2	3	3	4	8	5	9	6	1	3	4	6	6	13	2	6	6	3	9	5	3	5	7	2	2	0	6	8	5	8	5	9	6	
510_A/Bar-headed_Goose/Q 3	2	0	3	3	1	5	0	1	4	0	1	3	1	0	0	5	2	3	1	7	2	2	1	5	3	2	3	6	1	13	2	3	3	4	8	5	9	6	1	3	4	6	6	13	3	6	6	3	9	5	4	4	7	2	2	0	6	8	5	8	4	8	6	
511_A/Bar-headed_Goose/Q 3	2	0	3	3	1	5	0	1	4	0	1	3	1	0	0	4	2	3	2	7	2	2	1	5	3	2	2	6	1	13	2	3	3	4	8	5	9	6	1	3	4	6	6	13	3	6	6	3	9	5	3	5	7	2	2	0	6	8	5	8	4	9	6	
512_A/Bar-headed_Goose/Q 3	2	0	3	3	1	5	0	1	4	0	1	3	1	0	0	4	2	3	2	7	2	2	1	6	3	2	2	5	1	13	2	3	3	4	8	5	9	6	1	3	4	6	6	13	3	6	6	3	9	5	3	5	7	2	2	0	6	8	5	8	4	9	6	
513_A/Bar-headed_Goose/Q 3	2	0	3	3	1	5	0	1	4	0	1	3	1	0	0	5	2	3	1	7	2	2	1	6	3	2	2	5	1	13	2	3	3	4	8	5	9	6	1	3	4	6	6	13	3	6	6	3	9	5	3	5	7	2	2	0	6	8	5	8	4	9	6	
514_A/Bar-headed_Goose/Q 3	2	0	3	3	1	5	0	1	4	0	1	3	1	0	0	5	2	3	1	7	2	2	1	6	3	2	2	5	1	13	2	3	3	4	8	4	10	6	1	3	4	6	6	12	3	6	6	3	9	5	3	5	7	2	2	0	6	8	5	9	4	9	6	
515_A/Bar-headed_Goose/Q 3	2	0	3	3	1	5	0	1	4	0	1	3	1	0	0	5	2	3	2	7	2	2	1	6	3	2	2	5	1	13	2	3	3	4	7	4	10	6	1	3	4	6	6	13	3	6	6	3	9	5	3	5	7	2	2	0	6	8	5	8	4	9	6	
516_A/Bar-headed_Goose/Q 3	2	0	3	3	1	5	0	1	4	0	1	3	1	0	0	4	2	3	2	7	2	2	1	6	3	2	2	5	1	13	2	3	3	4	7	5	9	6	1	3	4	6	6	13	2	6	6	3	9	5	4	5	7	2	2	0	6	8	5	8	5	9	6	
517_A/Bar-headed_Goose/Q 3	2	0	3	3	1	5	0	1	4	0	1	3	1	0	0	3	2	3	2	7	2	2	1	5	3	2	2	6	1	13	2	3	3	4	8	5	9	6	1	3	4	6	6	13	2	6	6	4	9	5	3	5	7	2	2	0	6	8	5	8	5	9	6	
518_A/Bar-headed_Goose/Q 3	2	0	3	3	1	5	0	1	4	0	1	3	1	0	0	4	2	3	2	7	2	2	1	5	3	2	2	6	1	13	2	3	3	4	8	5	9	6	1	3	4	6	6	13	2	6	6	3	9	5	3	5	7	2	2	0	6	8	5	8	5	9	6	
519_A/Bar-headed_Goose/Q 3	2	0	3	3	1	5	0	1	4	0	1	3	1	0	0	5	2	3	1	7	2	2	1	5	3	2	2	6	1	13	2	3	3	4	8	4	9	6	1	3	5	6	6	13	3	6	6	3	9	5	3	5	7	2	2	0	6	8	5	8	4	9	6	
520_A/Bar-headed_Goose/Q 3	2	0	3	3	1	5	0	1	4	0	1	3	1	0	0	5	2	3	1	7	2	2	1	5	3	2	2	6	1	13	2	3	3	4	8	4	10	6	1	3	4	6	6	13	3	6	6	3	9	5	3	5	7	2	2	0	6	8	5	8	4	9	6	
521_A/Bar-headed_Goose/Q 3	2	0	3	3	1	5	0	1	4	0	1	3	1	0	0	5	2	3	1	7	2	2	1	5	3	2	2	6	1	13	2	3	3	4	8	5	9	6	1	3	4	6	6	13	3	6	6	3	9	5	3	5	7	2	2	0	6	8	5	8	4	9	6	
522_A/Bar-headed_Goose/Q 3	2	0	3	3	1	5	0	1	4	0	1	3	1	0	0	4	2	3	1	7	2	2	1	6	3	2	2	5	1	13	2	3	3	4	7	4	10	6	1	3	4	6	6	13	3	6	6	4	9	5	4	5	7	2	2	0	6	8	5	8	4	9	6	
523_A/Bar-headed_Goose/Q 3	2	0	3	3	1	5	0	1	4	0	1	3	1	0	0	5	2	3	1	7	2	2	1	6	3	2	2	5	1	13	2	3	3	4	8	4	10	6	1	3	4	6	6	13	3	6	6	3	9	5	3	5	7	2	2	0	6	8	5	8	4	9	6	
524_A/Bar-headed_Goose/Q 3	1	0	3	3	2	5	0	1	4	0	1	3	1	0	0	4	2	3	2	7	2	2	1	5	3	2	2	6	1	13	2	3	3	4	8	5	9	6	1	3	4	6	6	13	3	6	6	3	9	5	3	5	7	2	2	0	6	8	5	8	4	9	6	
525_A/Bar-headed_Goose/Q 3	1	0	3	3	2	5	0	1	4	0	1	3	1	0	0	4	2	3	2	7	2	2	1	5	3	2	2	6	1	13	2	3	3	4	8	5	9	6	1	3	4	6	6	13	3	6	6	3	9	5	3	5	7	2	2	0	6	8	5	8	4	9	6	
526_A/Bar-headed_Goose/Q 3	2	0	3	3	1	5	0	1	4	0	1	3	1	0	0	5	2	3	1	7	2	2	1	5	3	2	2	6	1	13	2	3	3	4	8	4	10	6	1	3	4	6	6	13	3	6	6	3	9	5	3	4	7	2	2	1	6	8	5	8	4	9	6	
527_A/Bar-headed_Goose/Q 3	2	0	3	3	1	5	0	1	4	0	1	3	1	0	0	4	2	3	2	7	2	2	1	5	3	2	2	6	1	13	2	3	3	4	8	4	9	6	2	3	4	6	6	13	3	6	6	3	9	5	3	5	7	2	2	0	6	8	5	8	4	9	6	
528_A/Bar-headed_Goose/Q 3	2	0	3	3	1	5	0	1	4	0	1	3	1	0	0	4	2	3	2	7	2	2	1	5	3	2	2	6	1	13	2	3	3	4	8	4	9	6	2	3	4	6	6	13	3	6	6	3	9	5	3	5	7	2	2	0	6	8	5	8	4	9	6	
529_A/Bar-headed_Goose/Q 3	2	0	3	3	1	5	0	1	4	0	1	3	1	0	0	5	2	3	1	7	2	2	1	5	3	2	2	6	1	13	2	3	3	4	8	4	10	6	1	3	4	6	6	13	3	6	6	3	9	5	3	5	7	2	2	0	6	8	5	8	4	9	6	
530_A/Bar-headed_Goose/Q 3	2	0	2	3	1	5	1	1	4	0	1	3	1	0	0	4	2	3	2	7	2	2	1	6	3	2	2	5	1	13	2	3	3	4	8	5	9	6	1	3	4	6	6	13	3	6	6	3	9	5	3	5	7	2	2	0	6	8	5	8	4	9	6	
531_A/Bar-headed_Goose/Q 3	2	0	2	3	1	5	1	1	4	0	1	3	1	0	0	5	2	3	1	7	2	2	1	6	3	2	2	5	1	13	2	3	4	4	7	4	10	6	1	3	4	6	6	13	3	6	6	3	9	5	3	5	7	2	2	0	6	8	5	8	4	9	6	
532_A/Bar-headed_Goose/Q 3	2	0	3	3	1	5	0	1	4	0	1	3	1	0	0	5	2	3	1	7	2	2	1	5	3	2	2	6	1	13	2	3	3	4	8	4	9	6	2	3	4	6	6	13	3	6	6	3	9	5	3	5	7	2	2	0	6	8	5	8	4	9	6	
533_A/Bar-headed_Goose/Q 3	2	0	3	3	1	5	0	1	4	0	1	3	1	0	0	5	2	3	1	7	2	2	1	5	3	2	2	6	1	13	2	3	3	4	8	4	10	6	1	3	4	6	6	13	3	6	6	2	9	5	3	5	7	2	2	1	6	8	5	8	4	9	6	
534_A/Bar-headed_Goose/Q 3	2	0	3	3	1	5	0	1	4	0	1	3	1	0	0	5	2	3	1	7	2	2	1	5	3	2	2	6	1	13	2	3	3	4	8	4	9	6	2	3	4	6	6	13	3	6	6	3	9	5	3	5	7	2	2	0	6	8	5	8	4	9	6	
535_A/Bar-headed_Goose/Q 3	2	0	3	3	1	5	0	1	4	0	1	3	1	0	0	5	2	3	1	7	2	2	1	5	3	2	2	6	1	13	2	3	3	4	8	4	9	6	2	3	4	6	6	13	3	6	6	3	9	5	3	5	7	2	2	0	6	8	5	8	4	9	6	
536_A/Bar-headed_Goose/Q 3	2	0	3	3	1	5	0	1	4	0	1	3	1	0	0	4	2	3	2	7	2	2	1	5	3	2	2	6	1	13	2	3	3	4	8	4	9	6	2	3	4	6	6	13	3	6	6	3	9	5	3	5	7	2	2	0	6	8	5	8	4	9	6	
537_A/Bar-headed_Goose/Q 3	2	0	3	3	1	5	0	1	4	0	1	3	1	0	0	5	2	3	1	7	2	2	1	5	3	2	2	6	1	13	2	3	3	4	8	4	10	6	1	3	4	6	6	13	3	6	6	3	9	5	3	5	7	2	2	0	6	8	5	8	4	9	6	
538_A/Bar-headed_Goose/Q 2	2	0	3	3	1	5	0	1	4	0	1	3	1	0	0	5	2	3	1	7	2	2	1	5	3	3	3	6	1	12	2	3	3	4	8	5	10	5	1	3	4	6	6	13	3	6	6	4	9	5	4	4	7	2	2	0	6	8	5	8	4	8	6	
539_A/Bar-headed_Goose/Q 2	2	0	3	3	1	5	0	1	4	0	1	3	1	0	0	5	2	3	1	7	2	2	1	5	3	3	2	6	1	12	2	3	3	4	8	4	11	5	1	3	4	6	6	13	3	6	6	4	9	5	3	5	7	2	2	0	6	8	5	8	4	9	6	
540_A/Bar-headed_Goose/Q 3	2	0	3	3	1	5	0	1	4	0	1	3	1	0	0	4	2	3	2	7	2	2	1	6	3	2	2	5	1	13	2	3	3	4	8	5	9	6	1	3	4	6	6	13	3	6	6	3	9	5	3	5	7	2	2	0	6	8	5	8	4	9	6	
541_A/Bar-headed_Goose/Q 3	2	0	3	3	1	5	0	1	4	0	1	3	1	0	0	5	2	3	1	7	2	2	1	6	3	2	2	5	1	13	2	3	3	4	8	4	10	6	1	3	4	6	6	13	3	6	6	3	9	5	3	5	7	2	2	0	6	8	5	8	4	9	6	
542_A/Bar-headed_Goose/Q 3	2	0	3	3	1	5	0	1	4	0	1	3	1	0	0	5	2	3	1	7	2	2	1	5	3	2	2	6	1	13	2	3	3	4	8	4	9	7	1	3	5	6	6	13	2	6	6	3	9	5	3	5	7	2	2	0	6	8	5	8	4	9	6	
543_A/Bar-headed_Goose/Q 3	2	0	3	3	1	5	0	1	4	0	1	3	1	0	0	5	2	3	1	7	2	2	1	5	3	2	2	6	1	13	2	3	3	4	8	4	10	6	1	3	5	6	6	13	2	6	6	3	9	5	3	5	7	2	2	0	6	8	5	8	4	9	6	
544_A/Bar-headed_Goose/Q 3	2	0	3	3	1	5	0	1	4	0	1	3	1	0	0	6	2	3	1	7	2	2	1	4	3	2	2	6	1	13	2	3	3	4	8	4	10	6	1	3	4	6	6	13	3	6	6	3	9	5	3	5	7	2	2	0	6	8	5	8	4	9	6	
545_A/Bar-headed_Goose/Q 4	1	0	3	5	1	5	0	1	4	0	1	3	1	0	0	6	2	3	1	5	2	2	1	4	3	2	2	6	1	13	2	3	3	4	8	3	10	6	1	4	4	6	6	13	3	6	6	3	9	5	3	5	7	2	2	0	6	8	5	8	4	9	6	
546_A/Bar-headed_Goose/Q 4	2	0	3	3	1	5	0	1	4	0	1	3	1	0	0	5	2	3	1	6	2	2	1	6	3	2	2	5	1	13	2	3	3	4	8	4	10	6	1	3	4	6	6	13	3	6	6	3	9	5	3	5	7	2	2	0	6	8	5	8	4	9	6	
547_A/Bar-headed_Goose/Q 4	1	0	3	3	1	5	0	1	4	0	1	3	1	0	0	6	2	3	1	7	2	2	1	5	3	2	2	5	1	13	2	3	3	4	8	4	10	6	1	3	4	6	6	13	3	6	6	3	9	5	3	5	7	2	2	0	6	8	5	8	4	9	6	
548_A/Bar-headed_Goose/Q 3	2	0	3	3	1	5	0	1	4	0	1	3	1	0	0	5	2	3	1	7	2	2	1	5	3	2	2	6	1	13	2	3	3	4	7	4	10	6	1	3	4	6	6	13	3	6	6	3	9	5	4	5	7	2	2	0	6	8	5	8	4	9	6	
549_A/Bar-headed_Goose/Q 3	2	0	3	3	1	5	0	1	4	0	1	3	1	0	0	5	2	3	1	7	2	2	1	5	3	2	2	6	1	13	2	3	3	4	8	4	10	6	1	3	4	6	6	13	3	6	6	3	9	5	3	5	7	2	2	0	6	8	5	8	4	9	6	
550_A/Bar-headed_Goose/Q 4	1	0	3	3	1	5	0	1	4	0	1	3	1	0	0	6	2	3	1	6	2	2	1	5	3	2	2	6	1	13	2	3	3	4	8	3	10	6	1	4	4	6	6	13	3	6	6	3	9	5	3	5	7	2	2	0	6	8	5	8	4	9	6	
551_A/Bar-headed_Goose/Q 3	2	0	3	3	1	5	0	1	4	0	1	3	1	0	0	5	2	3	1	8	2	2	1	4	3	2	2	6	1	13	2	3	3	4	8	4	10	6	1	3	4	6	6	13	3	6	6	3	9	5	3	5	7	2	2	0	6	8	5	8	4	9	6	
552_A/Bar-headed_Goose/Q 3	2	0	3	3	1	5	0	2	4	0	1	3	1	0	0	5	2	3	1	7	2	2	1	4	3	2	2	6	1	13	2	4	3	4	8	3	10	6	1	3	4	6	6	13	3	6	6	3	9	5	3	5	7	2	2	0	6	8	5	8	4	9	6	
553_A/Bar-headed_Goose/Q 3	2	0	3	3	1	5	0	1	4	0	1	3	1	0	0	5	2	3	1	8	2	2	1	4	3	2	2	6	1	13	2	3	3	4	8	4	10	6	1	3	5	6	6	13	2	6	6	3	9	5	3	5	7	2	2	0	6	8	5	8	4	9	6	
554_A/Bar-headed_Goose/Q 4	2	0	3	3	1	5	0	1	4	0	1	3	1	0	0	4	2	3	1	7	2	2	1	5	3	2	2	6	1	13	2	3	3	4	8	4	10	6	1	3	5	6	6	13	2	6	6	3	9	5	3	5	7	2	2	0	6	8	5	8	4	9	6	
555_A/Bar-headed_Goose/T 3	2	0	3	3	1	5	0	1	4	0	1	3	1	0	0	5	2	4	1	7	2	1	1	5	3	4	2	7	1	11	2	3	3	4	8	4	10	6	1	3	3	5	8	12	3	6	5	3	8	5	3	5	8	2	2	0	8	8	7	8	3	9	4	
556_A/Bar-headed_Goose/T 3	2	0	3	3	1	5	0	0	4	0	1	4	1	0	0	5	2	4	1	7	2	1	1	5	3	4	2	7	1	11	2	3	3	4	8	4	10	6	1	3	3	5	8	12	3	6	5	3	8	5	3	5	8	2	2	0	8	8	7	8	3	9	4	
557_A/Bar-headed_Goose/T 3	2	0	3	3	1	5	0	0	4	0	1	4	1	0	0	5	2	4	1	7	2	1	1	5	3	4	2	7	1	11	2	3	3	3	8	4	10	7	1	3	3	5	8	12	3	6	5	3	8	5	3	5	8	2	2	0	8	8	7	8	3	9	4	
558_A/Bar-headed_Goose/T 3	2	0	3	3	1	5	0	1	4	0	1	3	1	0	0	5	2	4	1	7	2	1	1	5	3	4	2	7	1	11	2	3	3	4	8	4	10	6	1	3	3	5	8	12	3	6	5	3	8	5	3	5	8	2	2	0	8	8	7	8	3	9	4	
559_A/Bar-headed_Goose/T 3	2	0	3	3	1	5	0	0	4	0	1	4	1	0	0	5	2	4	1	7	2	1	1	5	3	4	2	7	1	11	2	3	3	4	8	4	10	6	1	3	3	5	8	12	3	6	5	3	8	5	3	5	8	2	2	0	8	8	7	8	3	9	4	
560_A/Bar-headed_Goose/T 3	2	0	3	3	1	5	0	0	4	0	1	4	1	0	0	5	2	4	1	7	2	1	1	5	3	4	2	7	1	11	2	3	3	4	8	4	10	6	1	3	3	5	8	12	3	6	5	3	8	5	3	5	8	2	2	0	8	8	7	8	3	9	4	
561_A/Bar-headed_Goose/T 3	2	0	3	3	1	5	0	0	4	0	1	4	1	0	0	5	2	4	1	7	2	1	1	5	3	4	2	7	1	11	2	3	3	4	8	4	10	6	1	3	3	5	8	12	3	6	5	3	8	5	3	5	8	2	2	0	8	8	7	8	3	9	4	
562_A/Bar-headed_Goose/T 3	2	0	3	3	1	5	0	0	4	0	1	4	1	0	0	5	2	4	1	7	2	1	1	5	3	4	2	7	1	11	2	3	3	4	8	4	10	6	1	3	3	5	8	12	3	6	5	3	8	5	3	5	8	2	2	0	8	8	7	8	3	9	4	
563_A/Bar-headed_Goose/T 3	2	0	3	3	1	5	0	0	4	0	1	4	1	0	0	5	2	4	1	7	2	1	1	5	3	4	2	7	1	11	2	3	3	4	8	4	10	6	1	3	3	5	8	12	3	6	5	3	8	5	3	5	8	2	2	0	8	8	7	8	3	9	4	
564_A/Bar-headed_Goose/T 3	2	0	3	3	1	5	0	1	4	0	1	3	1	0	0	5	2	4	1	7	2	1	1	5	3	4	2	7	1	11	2	3	3	4	8	4	10	6	1	3	3	5	8	12	3	6	5	3	8	5	3	5	8	2	2	0	8	8	7	8	3	9	4	
565_A/Bar-headed_Goose/T 3	2	0	3	3	1	5	0	1	4	0	1	3	1	0	0	5	2	4	1	7	2	1	1	5	3	4	2	7	1	11	2	3	3	4	8	4	10	6	1	3	3	5	8	12	3	6	5	3	8	5	3	5	8	2	2	0	8	8	7	8	3	9	4	
566_A/Bar-headed_Goose/T 3	2	0	3	3	1	5	0	1	4	0	1	3	1	0	0	5	2	4	1	7	2	1	1	5	3	4	2	7	1	11	2	3	3	4	8	4	10	6	1	3	3	5	8	12	3	6	5	3	8	5	3	5	8	2	2	0	8	8	7	8	3	9	4	
567_A/bean_goose/Hubei/B 3	2	0	3	3	1	5	0	0	4	0	1	4	1	0	0	5	2	4	1	7	2	1	1	5	3	4	2	7	1	11	2	3	3	4	8	4	10	6	1	3	3	5	8	12	3	6	5	3	8	5	3	5	8	2	2	0	8	8	7	8	3	9	4	
568_A/Bean_Goose/Hubei/c 4	2	0	3	3	1	5	0	1	4	0	1	2	1	0	0	6	2	3	1	6	2	2	1	6	3	2	2	5	1	13	2	3	4	4	7	4	9	6	2	2	3	6	6	14	4	6	6	3	9	5	3	5	7	2	2	1	5	8	4	8	4	9	7	
569_A/Bean_goose/Hubei/C 3	2	0	3	3	1	5	0	1	4	0	1	3	1	0	0	5	2	3	1	7	2	2	1	5	3	2	2	6	1	13	2	3	3	4	8	4	9	6	2	3	4	6	6	13	3	6	6	3	9	5	3	5	7	2	2	0	6	8	5	8	4	9	6	
570_A/Bean_goose/Hubei/C 4	1	0	3	3	1	5	0	1	4	0	1	3	1	0	0	5	2	3	1	7	2	2	1	5	3	2	2	6	1	13	2	3	3	4	8	4	10	6	1	3	4	6	6	13	3	6	6	3	9	5	3	5	7	2	2	0	6	8	5	8	4	9	6	
571_A/Bean_goose/Hubei/C 5	1	0	3	3	1	5	0	1	4	0	1	3	1	0	0	5	2	3	1	6	2	2	1	5	3	2	2	6	1	13	2	4	3	4	8	3	10	6	1	3	4	6	6	13	3	6	6	3	9	5	3	5	7	2	2	0	6	8	5	8	4	9	6	
572_A/black_swan/Beijing 3	2	0	3	3	1	5	0	0	4	0	1	4	1	0	0	5	2	4	1	7	2	1	1	5	3	4	2	7	1	11	2	2	3	4	8	4	10	6	1	4	3	5	8	12	3	6	5	3	8	4	3	5	8	3	2	0	8	8	7	8	3	9	4	
573_A/black-backed_gull/ 3	2	0	3	3	1	5	0	0	4	0	1	4	1	0	0	5	2	4	1	7	2	1	1	5	3	4	2	7	1	11	2	3	3	4	8	4	10	6	1	3	3	5	8	12	3	6	5	2	8	5	3	6	8	2	2	0	8	8	7	8	3	9	4	
574_A/Brown-headed_Gull/ 5	1	0	3	3	1	5	0	2	4	0	1	3	1	0	0	4	2	3	1	7	2	2	1	4	3	2	2	6	1	13	2	3	3	4	8	4	10	6	1	3	4	6	6	13	3	6	6	3	9	5	3	5	7	2	2	0	6	8	5	8	4	9	6	
575_A/Brown-headed_Gull/ 3	2	0	3	3	1	5	0	1	4	0	1	3	1	0	0	5	2	3	1	7	2	2	1	5	3	2	2	6	1	13	2	3	3	4	8	4	10	6	1	3	4	6	6	13	3	6	6	3	9	5	3	5	7	2	2	0	6	8	5	8	4	9	6	
576_A/Brown-headed_Gull/ 3	2	0	3	3	1	5	0	1	4	0	1	3	1	0	0	5	2	3	1	7	2	2	1	5	3	2	2	6	1	13	2	3	3	4	8	4	10	6	1	3	4	6	6	13	3	6	6	3	9	5	3	5	7	2	2	0	6	8	5	8	4	9	6	
577_A/Brown-headed_Gull/ 3	2	0	3	4	1	5	0	1	4	0	1	3	1	0	0	5	2	3	1	6	2	2	1	5	3	2	2	6	1	13	2	3	3	4	8	4	10	6	1	3	4	6	6	13	3	6	6	3	9	5	3	5	7	2	2	0	6	8	5	8	4	9	6	
578_A/Brown-headed_Gull/ 3	2	0	3	3	1	5	0	1	4	0	1	3	1	0	0	4	2	3	2	7	2	2	1	5	3	2	2	6	1	13	2	4	3	4	8	4	9	6	2	2	4	6	6	13	3	6	6	3	9	5	3	5	7	2	2	0	6	7	6	8	4	9	6	
579_A/Brown-headed_Gull/ 3	2	0	3	3	2	4	0	1	4	0	1	3	1	0	0	5	2	3	1	7	2	2	1	6	3	2	2	5	1	13	2	3	3	4	8	4	10	6	1	3	4	6	7	13	3	6	6	4	9	5	3	4	7	2	2	0	6	7	5	8	4	9	6	
580_A/Brown-headed_Gull/ 3	2	0	3	3	1	5	0	1	4	0	1	3	1	0	0	5	2	3	1	7	2	2	1	6	3	2	2	5	1	13	2	3	3	4	8	4	10	6	1	3	4	6	6	13	3	6	6	2	9	5	3	5	7	2	2	1	6	8	5	8	4	9	6	
581_A/Brown-headed_Gull/ 3	2	1	3	3	1	4	0	1	4	0	1	3	1	0	0	5	2	3	1	7	2	2	1	5	3	2	2	6	1	13	2	3	3	4	8	4	10	6	1	3	4	6	6	13	3	6	6	3	9	5	3	5	7	2	2	0	6	8	5	8	4	9	6	
582_A/Brown-headed_Gull/ 3	2	0	3	3	1	5	0	1	4	0	1	3	1	0	0	5	2	3	1	6	2	2	1	5	3	2	2	6	1	13	2	3	3	4	8	5	10	6	1	3	4	6	6	13	3	6	6	2	9	5	3	5	7	2	2	1	6	8	5	8	4	9	6	
583_A/brown-headed_gull/ 3	2	0	3	3	1	5	0	0	4	0	1	4	1	0	0	5	2	4	1	7	2	1	1	5	3	4	2	7	1	11	2	3	3	5	8	5	10	5	1	3	3	5	8	12	3	6	5	3	8	5	3	4	8	2	2	0	8	8	7	8	3	9	4	
584_A/Brown-headed_Gull/ 3	2	0	3	3	1	5	0	1	4	0	1	3	1	0	0	5	2	4	1	7	2	1	1	5	3	4	2	7	1	11	2	3	3	4	8	4	10	6	1	3	3	5	8	12	3	6	5	3	8	5	3	5	8	2	2	0	8	8	7	8	3	9	4	
585_A/Brown-headed_Gull/ 3	2	0	3	3	1	5	0	0	4	0	1	5	1	0	0	5	2	4	1	7	2	1	1	5	3	4	2	6	1	11	2	3	3	4	8	4	10	6	1	3	3	5	9	12	3	6	4	3	8	5	3	5	8	2	2	0	8	8	7	8	3	9	4	
586_A/Brown-headed_Gull/ 3	2	0	3	3	1	5	0	0	4	0	1	5	1	0	0	5	2	4	1	7	2	1	1	5	3	4	2	6	1	11	2	3	3	4	8	4	10	6	1	3	3	5	9	12	3	6	4	3	8	5	3	5	8	2	2	0	8	8	7	8	3	9	4	
587_A/chicken/Changhua/1 3	2	1	2	4	1	4	1	1	6	0	1	2	0	0	0	6	2	4	1	6	2	1	1	6	3	0	3	5	1	15	1	3	5	9	3	6	6	5	4	2	5	4	7	14	3	8	4	3	6	6	3	4	9	0	2	1	9	5	6	7	1	12	5	
588_A/chicken/Changhua/1 3	2	1	2	4	1	4	1	1	6	0	1	2	0	0	0	6	2	4	1	6	2	1	1	5	3	0	3	6	1	15	1	3	5	9	3	6	6	5	4	2	5	4	7	14	3	8	4	3	6	6	3	4	9	0	2	1	9	5	6	7	1	12	5	
589_A/chicken/Changhua/1 3	2	1	2	4	1	4	1	1	6	0	1	2	0	0	0	6	2	4	1	6	2	1	1	5	3	0	3	6	1	15	1	3	5	9	3	6	6	5	4	2	5	4	7	14	3	8	4	3	6	6	3	4	9	0	2	1	9	5	6	7	1	12	5	
590_A/chicken/Changhua/1 3	2	1	2	4	1	4	1	1	6	0	1	2	0	0	0	6	2	4	1	6	2	1	1	5	3	0	3	6	1	15	1	3	5	9	3	6	6	5	4	2	5	4	7	14	3	8	4	3	6	6	3	4	9	0	2	1	9	5	6	7	1	12	5	
591_A/chicken/Changhua/1 3	2	1	2	4	1	4	1	1	6	0	1	2	0	0	0	6	1	4	1	6	3	1	1	5	3	0	3	6	1	15	1	3	5	9	2	6	6	5	5	2	5	4	8	14	3	8	3	3	6	6	3	4	9	0	2	1	9	5	6	7	1	12	5	
592_A/chicken/Changhua/1 3	2	1	2	4	1	4	1	1	6	0	1	2	0	0	0	6	1	4	1	6	3	1	1	5	3	0	3	6	1	15	1	3	5	9	2	6	6	5	5	2	5	4	8	14	3	8	3	3	6	6	3	4	9	0	2	1	9	5	6	7	1	12	5	
593_A/chicken/Chiayi/150 3	2	1	2	4	1	4	1	1	6	0	1	2	0	0	0	6	2	4	1	6	2	1	1	5	3	0	3	6	1	15	1	3	5	9	3	6	6	5	4	2	5	4	8	14	3	8	3	3	6	6	3	4	9	0	2	1	9	5	6	7	1	12	5	
594_A/chicken/Kaohsiung/ 3	2	1	2	4	1	4	1	1	6	0	1	2	0	0	0	5	2	4	1	7	2	1	1	5	3	0	3	6	1	15	1	4	5	9	3	5	6	5	4	2	5	4	8	14	3	8	3	3	6	6	3	4	9	0	2	1	9	5	6	7	1	12	5	
595_A/chicken/Kaohsiung/ 3	2	1	2	4	2	4	1	1	6	0	1	2	0	0	0	5	2	4	1	7	2	1	1	5	3	0	3	6	1	15	1	3	5	9	3	6	6	5	4	2	5	4	8	14	3	8	3	3	6	6	3	3	8	0	2	2	9	5	6	7	1	12	5	
596_A/chicken/Kaohsiung/ 3	2	1	2	4	1	4	1	1	6	0	1	2	0	0	0	5	2	4	1	7	2	1	1	5	3	0	3	6	1	15	1	3	5	9	3	6	6	5	4	2	5	4	8	14	3	8	3	3	6	6	3	4	9	0	2	1	9	5	6	7	1	12	5	
597_A/chicken/Kaohsiung/ 3	2	1	2	4	1	4	1	1	6	0	1	2	0	0	0	5	2	4	1	7	2	1	1	5	3	0	3	6	1	15	1	4	5	9	3	5	6	5	4	2	5	4	8	14	3	8	3	3	6	6	3	4	9	0	2	1	9	5	6	7	1	12	5	
598_A/chicken/Kaohsiung/ 3	2	1	2	4	1	4	1	1	6	0	1	2	0	0	0	5	2	4	1	7	2	1	1	5	3	0	3	6	1	15	1	4	5	9	3	5	6	5	4	2	5	4	7	14	3	8	4	3	6	6	3	4	9	0	2	1	9	5	6	7	1	12	5	
599_A/chicken/Kaohsiung/ 3	2	1	2	4	1	4	1	1	6	0	1	2	0	0	0	5	2	4	1	7	2	1	1	5	3	0	3	6	1	15	1	3	5	9	3	6	6	5	4	2	5	4	7	14	3	8	4	3	6	6	3	4	9	0	2	1	9	5	5	7	1	12	6	
600_A/chicken/Kaohsiung/ 3	2	1	2	4	1	4	1	1	6	0	1	2	0	0	0	5	2	4	1	7	2	1	1	5	3	0	3	5	1	15	1	3	5	9	3	6	6	5	4	2	5	4	8	15	3	8	3	3	6	6	3	4	9	0	2	1	9	5	6	7	1	12	5	
601_A/chicken/Miaoli/150 3	2	1	2	4	1	4	1	1	6	0	1	2	0	0	0	6	2	4	1	6	2	1	1	5	3	0	3	6	1	15	1	3	5	9	3	6	6	5	4	2	5	4	7	14	3	8	4	3	6	6	3	4	9	0	2	1	9	5	6	7	1	12	5	
602_A/chicken/Nantou/161 3	2	1	2	4	1	4	1	1	6	0	1	2	0	0	0	5	2	4	1	7	2	1	1	5	3	0	3	6	1	15	1	4	5	9	3	5	6	5	4	2	5	4	8	14	3	8	3	3	6	6	3	4	9	0	2	1	9	5	6	7	1	12	5	
603_A/chicken/New_Taipei 3	2	1	2	4	1	4	1	1	6	0	1	2	0	0	0	5	2	4	1	7	2	1	1	5	3	0	3	6	1	15	1	3	5	9	3	6	6	5	4	2	5	4	8	14	3	8	3	3	6	6	3	4	9	0	2	1	9	5	6	7	1	12	5	
604_A/chicken/New_Taipei 3	2	1	2	4	1	4	1	1	6	0	1	2	0	0	0	5	2	4	1	7	2	1	1	5	3	0	3	6	1	15	1	3	5	9	3	6	6	5	4	2	5	4	8	14	3	8	3	3	6	6	3	4	9	0	2	1	9	5	6	7	1	12	5	
605_A/chicken/New_Taipei 3	2	1	2	4	1	4	1	1	6	0	1	2	0	0	0	5	2	4	1	7	2	1	0	5	3	0	4	6	1	15	1	3	5	9	3	6	6	5	4	2	6	4	8	14	2	8	3	3	6	6	3	4	9	0	2	1	9	5	6	7	1	12	5	
606_A/chicken/New_Taipei 3	2	1	2	4	1	4	1	1	6	0	1	2	0	0	0	5	2	4	1	7	2	1	0	5	3	0	4	6	1	15	1	3	5	9	3	6	6	5	4	2	6	4	8	14	2	8	3	3	6	6	3	4	9	0	2	1	9	5	6	7	1	12	5	
607_A/chicken/New_Taipei 3	2	1	2	4	1	4	1	1	6	0	1	2	0	0	0	5	2	4	1	7	2	1	0	5	3	0	4	6	1	15	1	3	5	9	3	6	6	5	4	2	6	4	8	14	2	8	3	3	6	6	3	4	9	0	2	1	9	5	6	7	1	12	5	
608_A/chicken/New_Taipei 3	2	1	2	4	1	4	1	1	6	0	1	2	0	0	0	5	2	4	1	7	2	1	0	5	3	0	4	6	1	15	1	3	5	9	3	6	6	5	4	2	6	4	8	14	2	8	3	3	6	6	3	4	9	0	2	1	9	5	6	7	1	12	5	
609_A/chicken/Shandong/K 4	3	1	2	3	0	4	1	1	5	0	1	2	0	0	0	6	2	2	1	7	2	3	1	4	3	0	3	6	1	15	1	3	4	8	5	6	7	6	2	2	4	4	5	14	4	8	6	3	7	6	3	4	8	0	2	3	6	8	7	6	4	9	4	
610_A/chicken/Taichung/1 3	2	1	2	4	1	4	1	1	6	0	1	2	0	0	0	6	1	4	1	6	3	1	1	5	4	1	4	6	0	14	0	3	5	9	2	6	6	5	5	2	5	5	8	14	3	7	3	3	7	6	3	4	7	0	2	2	10	4	6	6	1	13	5	
611_A/chicken/Tainan/150 3	2	1	2	4	1	4	1	1	6	0	1	2	0	0	0	6	2	4	1	6	2	1	1	5	3	0	3	6	1	15	1	3	5	9	3	6	6	5	4	2	5	4	8	14	3	8	3	3	6	6	3	4	9	0	2	1	9	5	6	7	1	12	5	
612_A/chicken/Tainan/170 3	2	1	2	4	1	4	1	1	6	0	1	2	0	0	0	5	2	4	1	7	2	1	1	5	3	0	3	6	1	15	1	3	5	8	5	6	6	5	3	2	5	5	7	14	3	8	3	3	6	6	3	4	9	0	2	1	9	5	6	7	1	12	5	
613_A/chicken/Taipei_Cit 3	2	1	1	4	1	4	2	1	6	0	1	2	0	0	0	5	2	4	1	7	2	1	0	5	3	0	4	6	1	15	1	3	5	9	3	6	6	5	4	2	6	4	8	14	2	8	3	3	6	6	3	4	9	0	2	1	9	5	6	7	1	12	5	
614_A/chicken/Taipei/160 3	2	1	2	4	1	4	1	1	6	0	1	2	0	0	0	5	2	4	1	7	2	1	1	5	3	0	3	6	1	15	1	4	5	9	3	5	6	5	4	2	5	4	8	14	3	8	3	3	6	6	3	4	9	0	2	1	9	5	6	7	1	12	5	
615_A/chicken/Taipei/160 3	2	1	2	4	1	4	1	1	6	0	1	2	0	0	0	5	2	4	1	7	2	1	1	5	3	0	3	6	1	15	1	4	5	9	3	5	6	5	4	2	5	4	8	14	3	8	3	3	6	6	3	4	9	0	2	1	9	5	6	7	1	12	5	
616_A/chicken/Taipei/161 3	2	1	2	4	1	4	1	1	6	0	1	2	0	0	0	5	2	4	1	7	2	1	1	5	3	1	3	6	1	14	1	3	5	9	3	6	6	5	4	2	5	4	7	14	3	8	4	3	6	6	3	4	9	0	2	1	9	5	6	7	1	12	5	
617_A/chicken/Taipei/170 3	2	1	2	4	1	4	1	1	6	0	1	2	0	0	0	5	2	4	1	7	2	1	0	5	3	0	4	6	1	15	1	3	5	9	3	6	6	5	4	2	6	4	8	14	2	8	3	3	6	6	3	4	9	0	2	1	9	5	6	7	1	12	5	
618_A/chicken/Taipei/170 3	2	1	2	4	1	4	1	1	6	0	1	2	0	0	0	5	2	4	1	7	2	1	0	5	3	0	4	6	1	15	1	3	5	9	3	6	6	5	4	2	6	4	8	14	2	8	3	3	6	6	3	4	9	0	2	1	9	5	6	7	1	12	5	
619_A/chicken/Taipei/170 3	2	1	2	4	1	4	1	1	6	0	1	2	0	0	0	5	2	4	1	7	2	1	0	5	3	0	3	6	1	15	1	3	5	9	3	6	6	5	4	2	6	4	9	14	2	8	3	3	6	6	3	4	9	0	2	1	9	5	6	7	1	12	5	
620_A/chicken/Taiwan/x37 3	2	2	2	4	1	3	1	1	6	0	1	2	0	0	0	5	2	5	1	7	2	1	1	5	2	0	3	6	2	14	1	4	5	9	3	5	6	5	4	2	5	4	8	14	3	8	3	3	6	6	3	4	9	0	2	1	9	5	6	7	1	12	5	
621_A/chicken/Yunlin/150 3	2	1	2	4	1	4	1	1	6	0	1	2	0	0	0	6	2	4	1	6	2	1	1	6	3	0	3	5	1	15	1	3	5	9	3	6	6	5	4	2	5	4	7	14	3	8	4	3	6	6	3	4	9	0	2	1	9	5	6	7	1	12	5	
622_A/chicken/Yunlin/160 3	2	1	2	4	1	4	1	1	6	0	1	2	0	0	0	6	1	4	1	6	3	1	1	5	3	0	3	6	1	15	1	3	5	9	2	6	6	5	5	2	5	4	8	14	3	8	3	3	6	6	3	4	9	0	2	1	9	4	6	7	1	13	5	
623_A/chicken/Yunlin/170 3	2	1	2	4	1	4	1	1	6	0	1	2	0	0	0	6	1	4	1	6	3	1	1	5	3	0	4	6	1	15	0	3	5	9	2	6	6	5	5	2	5	4	8	14	3	8	3	3	7	6	3	4	8	0	2	1	9	5	6	7	1	12	5	
624_A/Chlidonias_hybrida 3	2	0	3	3	1	5	0	0	4	0	1	4	1	0	0	5	2	4	1	7	2	1	1	5	3	4	2	7	1	11	2	3	3	4	8	4	10	6	1	3	3	5	8	12	3	6	5	3	8	5	3	5	8	2	2	0	8	8	7	8	3	9	4	
625_A/common_coot/Shando 3	2	0	3	3	1	5	0	0	4	0	1	4	1	0	0	5	2	4	1	7	2	1	1	5	3	4	2	7	1	11	2	3	3	4	8	4	10	6	1	3	3	5	8	12	3	6	5	3	8	5	2	5	8	2	2	0	8	8	6	8	3	9	6	
626_A/common_crane/Yunna 3	2	0	3	3	1	5	0	0	4	0	1	4	1	0	0	5	2	4	1	7	2	1	1	5	3	4	2	7	1	11	2	3	3	4	8	5	9	6	1	3	3	5	8	12	3	6	5	3	8	5	3	5	8	2	2	0	8	8	7	8	3	9	4	
627_A/common_pochard/Nin 3	1	0	3	3	2	5	0	1	4	0	1	3	1	0	0	4	2	4	1	7	2	1	1	5	3	2	2	7	1	13	2	4	4	4	8	5	9	6	1	2	4	5	8	12	3	6	5	2	9	5	3	5	7	2	2	2	8	8	5	7	2	9	6	
628_A/common_teal/Ningxi 3	2	0	3	3	1	5	0	0	4	0	1	4	1	0	0	5	2	4	1	7	2	1	1	5	3	4	2	7	1	11	2	3	3	4	7	4	10	6	2	3	3	5	8	12	3	6	5	3	8	5	3	5	8	2	2	0	8	8	7	8	3	9	4	
629_A/common_teal/Ningxi 3	1	0	3	3	2	5	0	1	4	0	1	3	1	0	0	4	2	4	1	7	2	1	1	5	3	2	2	7	1	13	2	4	4	4	8	5	9	6	1	2	4	5	8	12	3	6	5	2	9	5	3	5	7	2	2	2	8	8	5	7	2	9	6	
630_A/common_teal/Ningxi 3	1	0	3	3	2	5	0	1	4	0	1	3	1	0	0	4	2	4	1	7	2	1	1	5	3	2	2	7	1	13	2	4	4	4	8	5	9	6	1	2	4	5	8	12	3	6	5	2	9	5	3	5	7	2	2	2	8	8	5	7	2	9	6	
631_A/common_teal/Ningxi 3	1	0	3	3	2	5	0	1	4	0	1	3	1	0	0	4	2	4	1	7	2	1	1	5	3	2	2	7	1	13	2	4	4	4	8	5	9	6	1	2	4	5	8	12	3	6	5	2	9	5	3	5	7	2	2	2	8	8	5	7	2	9	6	
632_A/common_teal/Ningxi 3	1	0	3	3	2	5	0	1	4	0	1	3	1	0	0	4	2	4	1	7	2	1	1	5	3	2	2	7	1	13	2	4	4	4	8	5	9	6	1	2	4	5	8	12	3	6	5	2	9	5	3	5	7	2	2	2	8	8	5	7	2	9	6	
633_A/common_teal/Ningxi 3	1	0	3	3	2	5	0	1	4	0	1	3	1	0	0	4	2	4	1	7	2	1	1	5	3	2	2	7	1	13	2	4	4	4	8	5	9	6	1	2	4	5	8	12	3	6	5	2	9	5	3	5	7	2	2	2	8	8	5	7	2	9	6	
634_A/common_teal/Shaanx 3	2	0	3	3	1	5	0	0	4	0	1	4	1	0	0	5	2	4	1	7	2	1	1	5	3	4	2	7	1	11	2	3	3	4	7	4	10	6	2	3	3	5	8	12	3	6	5	3	8	5	3	5	8	2	2	0	8	8	7	8	3	9	4	
635_A/Cygnus_atratus/Hub 3	2	0	3	3	1	5	0	1	4	0	1	3	1	0	0	5	2	4	1	7	2	1	1	5	3	2	2	7	1	13	2	3	5	4	8	5	8	6	1	2	4	5	7	13	3	6	6	3	9	5	3	4	7	2	2	1	6	8	6	8	3	9	5	
636_A/Cygnus_atratus/Hub 3	2	0	3	3	1	5	0	2	4	0	1	3	1	0	0	5	2	4	1	7	2	1	1	4	3	2	2	7	1	13	2	3	4	4	8	4	9	6	1	3	4	5	8	12	3	6	5	3	9	5	3	5	7	2	2	0	7	8	6	8	3	9	5	
637_A/Cygnus_columbianus 3	2	0	3	3	1	5	0	0	4	0	1	4	1	0	0	5	2	4	1	7	2	1	1	5	3	4	2	7	1	11	2	3	3	4	8	4	10	6	1	3	3	5	8	12	3	6	5	3	8	5	3	5	8	2	2	0	8	8	7	8	3	9	4	
638_A/Cygnus_columbianus 3	2	0	3	3	1	5	0	0	4	0	1	4	1	0	0	5	2	4	1	7	2	1	1	5	3	4	2	7	1	11	2	3	3	4	8	4	10	6	1	3	3	5	8	12	3	6	5	3	8	5	3	5	8	2	2	0	8	8	6	8	3	9	5	
639_A/Cygnus_columbianus 3	2	0	3	3	1	5	0	0	4	0	1	4	1	0	0	5	2	4	1	7	2	1	1	5	3	4	2	7	1	11	2	3	3	4	8	4	10	6	1	3	3	5	8	12	3	6	5	3	8	5	3	5	8	2	2	0	8	8	7	8	3	9	4	
640_A/Cygnus_columbianus 3	2	0	3	3	1	5	0	0	4	0	1	4	1	0	0	5	2	4	1	7	2	1	1	5	3	4	2	7	1	11	2	3	3	4	8	4	10	6	1	3	3	5	9	12	3	6	4	3	8	5	3	5	8	2	2	0	8	8	7	8	3	9	4	
641_A/Cygnus_columbianus 3	2	0	3	3	1	5	0	0	4	0	1	4	1	0	0	5	2	4	1	7	2	1	1	5	3	4	2	7	1	11	2	3	3	4	8	4	10	6	1	3	3	5	8	12	3	6	5	3	8	5	3	5	8	2	2	0	8	8	7	8	3	9	4	
642_A/Cygnus_columbianus 3	2	0	3	3	1	5	0	0	4	0	1	4	1	0	0	5	2	4	1	7	2	1	1	5	3	4	2	7	1	11	2	3	3	4	8	4	10	6	1	3	3	5	8	12	3	6	5	3	8	5	3	5	8	2	2	0	8	8	7	8	3	9	4	
643_A/Cygnus_columbianus 3	2	0	3	3	1	5	0	0	4	0	1	4	1	0	0	5	2	4	1	7	2	1	1	5	3	4	2	7	1	11	2	3	3	4	8	4	10	6	1	3	3	5	8	12	3	6	5	3	8	5	3	5	8	2	2	0	8	8	7	8	3	9	4	
644_A/duck/Chiayi/150800 3	2	1	2	4	1	4	1	1	6	0	1	2	0	0	0	6	1	4	1	6	3	1	1	5	3	0	3	6	1	15	1	3	5	9	2	6	6	5	5	2	5	4	8	14	3	8	3	3	6	6	3	4	9	0	2	1	9	5	6	7	1	12	5	
645_A/duck/Eastern_China 4	2	1	2	3	1	4	1	1	5	0	1	2	0	0	0	6	2	4	1	6	2	1	1	5	3	0	3	6	1	15	1	3	5	8	6	6	6	6	1	2	5	4	5	14	3	8	6	2	7	6	3	4	8	0	2	3	8	7	7	6	3	10	4	
646_A/duck/Eastern_China 4	3	1	2	3	0	4	1	1	5	0	1	2	0	0	0	6	2	4	1	6	2	1	1	5	3	1	3	6	1	14	1	4	5	10	6	5	6	4	1	2	4	4	5	14	4	8	6	3	7	6	3	4	8	0	2	2	7	7	7	6	4	10	4	
647_A/duck/Eastern_China 4	3	1	2	3	0	4	1	1	5	0	1	2	0	0	0	6	2	4	1	6	2	1	1	5	3	1	3	6	1	14	1	3	5	9	6	6	6	5	1	2	4	4	5	14	4	8	6	3	7	6	3	4	8	0	2	2	7	7	7	6	4	10	4	
648_A/duck/Eastern_China 4	3	1	2	3	0	4	1	0	5	0	1	2	0	0	0	6	2	4	1	6	2	1	1	6	3	0	3	6	1	15	1	3	5	9	6	6	6	5	1	2	4	4	5	14	4	8	6	3	7	6	3	4	8	0	2	2	7	7	7	6	4	10	4	
649_A/duck/Eastern_China 4	3	1	2	3	0	4	1	1	4	0	1	2	1	0	0	6	2	5	1	6	2	1	1	5	3	0	3	7	1	14	1	3	5	8	6	6	6	6	1	2	4	3	5	14	4	7	7	3	7	6	3	4	8	0	2	2	7	7	7	6	4	10	4	
650_A/duck/Eastern_China 4	3	1	2	3	0	3	1	1	4	0	1	2	1	0	0	6	2	4	1	5	3	1	1	5	3	0	3	6	1	15	1	3	5	8	6	6	6	6	1	2	4	4	5	14	4	8	6	1	7	6	5	4	8	0	2	3	8	7	7	6	3	10	4	
651_A/duck/Eastern_China 4	3	1	2	3	0	4	1	1	5	0	1	2	0	0	0	6	2	2	1	7	2	3	1	4	3	0	3	6	1	15	1	3	5	8	5	6	6	6	2	2	4	4	5	14	4	8	6	3	7	6	3	4	8	0	2	2	6	7	7	6	5	10	4	
652_A/duck/Eastern_China 4	2	1	2	3	1	4	1	1	5	0	1	2	0	0	0	6	2	4	1	6	2	1	1	5	3	0	3	6	1	15	1	3	5	7	6	6	6	7	1	2	5	4	5	14	3	8	6	2	7	6	3	4	8	0	2	3	8	7	7	6	3	10	4	
653_A/duck/Eastern_China 4	2	1	2	3	1	4	1	1	5	0	1	1	0	0	0	6	2	4	1	6	2	1	1	5	3	0	3	6	1	15	1	3	5	6	6	6	6	8	1	2	5	4	5	14	3	8	6	2	7	6	3	4	8	0	2	3	8	7	7	6	3	10	4	
654_A/duck/Eastern_China 4	2	1	2	3	1	4	1	1	5	0	1	2	0	0	0	6	2	4	1	6	2	1	1	5	3	0	3	6	1	15	1	3	5	8	6	5	6	6	1	3	5	4	5	14	3	8	6	2	7	5	3	4	8	1	2	3	8	7	7	6	3	10	4	
655_A/duck/Guangdong/KGZ 3	2	0	3	3	1	5	0	0	4	0	1	4	1	0	0	5	2	4	1	7	2	1	1	5	3	4	2	7	1	11	2	3	3	4	8	4	10	6	1	3	3	4	8	12	3	6	6	3	8	5	3	5	8	2	2	0	8	8	7	8	3	9	4	
656_A/duck/Guangdong/KGZ 3	2	0	3	3	1	5	0	0	5	0	1	4	0	0	0	5	2	4	1	7	2	1	1	5	3	5	2	7	1	10	2	3	3	4	8	4	10	6	1	3	3	5	8	12	3	6	5	3	8	5	3	5	8	2	2	0	8	8	7	8	3	9	4	
657_A/duck/Guangdong/S12 3	2	0	3	3	1	5	0	0	4	0	1	4	1	0	0	5	2	4	1	7	2	1	1	5	3	4	2	7	1	11	2	3	3	4	8	4	10	6	1	3	3	4	8	12	3	7	5	3	8	5	3	5	8	2	2	0	8	8	7	8	3	9	4	
658_A/duck/Guangdong/s14 4	3	1	2	3	0	4	1	1	5	0	1	2	0	0	0	6	2	2	1	7	2	3	1	4	3	0	3	6	1	15	1	3	5	8	5	6	6	6	2	3	3	4	5	14	4	8	6	3	7	4	3	4	8	1	2	4	5	8	7	5	5	10	4	
659_A/duck/Guangxi/S1009 3	2	0	3	3	1	5	0	0	5	0	1	4	0	0	0	5	2	4	1	7	2	1	1	5	3	5	2	7	1	10	2	3	3	4	8	4	10	6	1	3	3	5	8	12	3	6	5	3	8	5	3	5	8	2	2	0	8	8	7	8	3	9	4	
660_A/duck/Guangxi/S1026 3	2	0	3	3	1	5	0	0	5	0	1	4	0	0	0	5	2	4	1	7	2	1	1	5	3	5	2	7	1	10	2	3	3	4	8	4	10	6	1	3	3	5	8	12	3	6	5	3	8	5	3	5	8	2	2	0	8	8	7	8	3	9	4	
661_A/duck/Guangxi/S1104 3	2	0	3	3	1	5	0	0	4	0	1	4	1	0	0	5	2	4	1	7	2	1	1	5	3	4	2	7	1	11	2	3	3	4	8	4	10	6	1	3	3	5	8	12	3	6	5	3	8	5	3	5	8	2	2	0	8	8	7	8	3	9	4	
662_A/duck/Guangxi/S2119 3	2	0	3	3	1	5	0	0	5	0	1	4	0	0	0	5	2	4	1	7	2	1	1	5	3	5	2	7	1	10	2	3	3	4	8	4	10	6	1	3	4	5	8	12	3	6	5	3	8	5	3	5	8	2	2	0	7	8	7	8	3	9	4	
663_A/duck/Hebei/S1070/2 3	2	0	3	3	1	5	0	0	4	0	1	4	1	0	0	5	2	4	1	7	2	1	1	5	3	4	2	7	1	11	2	3	3	4	8	4	10	6	1	3	3	5	8	12	3	6	5	3	8	5	3	5	8	2	2	0	8	8	7	8	3	9	4	
664_A/duck/Henan/S1381/2 3	2	0	3	3	1	5	0	0	4	0	1	4	1	0	0	5	2	4	1	7	2	1	1	5	3	4	2	7	1	11	2	3	3	4	8	4	10	6	1	3	3	5	8	12	3	7	4	3	8	5	3	5	8	2	2	0	8	8	7	8	3	9	4	
665_A/duck/Hunan/11.30_Y 3	2	0	2	3	1	5	1	1	4	0	1	3	1	0	0	5	2	3	1	7	2	2	1	5	3	3	2	7	1	12	2	3	3	4	7	4	9	6	2	3	5	6	8	12	3	5	5	3	9	5	3	5	7	2	2	0	7	8	6	8	3	9	5	
666_A/duck/Jiangxi/S1025 3	2	0	3	3	1	5	0	0	4	0	1	4	1	0	0	5	2	4	1	7	2	1	1	5	3	4	2	7	1	11	2	3	3	4	8	4	10	6	1	3	3	5	8	12	3	6	5	3	8	5	3	5	8	2	2	0	8	8	7	8	3	9	4	
667_A/duck/Shandong/11.1 4	2	1	2	3	1	4	1	1	5	0	1	2	0	0	0	6	2	4	1	6	2	1	1	5	3	0	3	6	1	15	1	3	5	8	6	6	6	6	1	2	5	4	5	14	3	8	6	2	7	6	3	4	8	0	2	3	8	7	7	6	3	10	4	
668_A/duck/Shandong/11.1 4	2	1	2	3	1	4	1	1	5	0	1	2	0	0	0	6	2	4	1	6	2	1	1	5	3	0	3	6	1	15	1	3	5	8	6	6	6	6	1	2	5	4	5	14	3	8	6	2	7	6	3	4	8	0	2	3	8	7	7	6	3	10	4	
669_A/duck/Shandong/Q1/2 4	3	1	2	3	0	4	1	1	5	0	1	2	0	0	0	6	2	2	1	7	2	3	1	4	3	0	3	6	1	15	1	3	5	8	5	6	6	6	2	2	4	4	5	14	4	8	6	3	7	6	3	4	8	0	2	2	5	7	7	6	6	10	4	
670_A/duck/Tainan/150104 3	2	1	2	4	1	4	1	1	6	0	1	2	0	0	0	6	2	4	1	6	2	1	1	5	3	0	3	6	1	15	1	3	5	9	3	6	6	5	4	2	5	4	8	14	3	8	3	3	6	6	3	4	9	0	2	1	9	5	6	7	1	12	5	
671_A/duck/Taiwan/a068/2 3	2	1	2	4	1	4	1	1	6	0	1	2	0	0	0	6	2	4	1	6	2	1	1	5	3	0	3	6	1	15	1	3	5	9	3	6	6	5	4	2	5	4	8	14	3	8	3	3	6	6	3	4	9	0	2	1	9	5	6	7	1	12	5	
672_A/duck/Taiwan/A3400/ 3	2	1	2	4	1	4	1	1	6	0	1	2	0	0	0	6	2	4	1	6	2	1	1	5	3	0	3	6	1	15	1	3	5	9	3	6	6	5	4	2	5	4	8	14	3	8	3	3	6	6	3	4	9	0	2	1	9	5	6	7	1	12	5	
673_A/duck/Xinjiang/12.1 3	2	0	3	3	1	5	0	1	4	0	1	3	1	0	0	5	2	4	1	7	2	1	1	5	3	2	2	7	1	13	2	3	3	4	8	4	10	6	1	3	3	5	8	12	3	6	5	3	9	5	3	5	7	2	2	1	8	8	7	7	3	9	4	
674_A/duck/Yunlin/150102 3	2	1	2	4	1	4	1	1	6	0	1	2	0	0	0	6	2	4	1	6	2	1	1	5	3	0	3	6	1	15	1	3	5	9	3	6	6	5	4	2	5	4	7	14	3	8	4	3	6	6	3	4	9	0	2	1	9	5	6	7	1	12	5	
675_A/duck/Yunlin/150104 3	2	1	2	4	1	4	1	1	6	0	1	2	0	0	0	6	2	4	1	6	2	1	1	5	3	0	3	6	1	15	1	3	5	9	3	6	6	5	4	2	5	4	7	14	3	8	4	3	6	6	3	4	9	0	2	1	9	5	6	7	1	12	5	
676_A/duck/Zhejiang/6D18 4	2	1	2	3	1	4	1	1	5	0	1	2	0	0	0	6	2	4	1	6	2	1	1	6	3	0	3	5	1	15	1	3	5	8	6	6	6	6	1	2	5	4	5	14	3	8	6	2	7	6	3	4	8	0	2	3	8	7	7	6	3	10	4	
677_A/duck/Zhejiang/9250 4	2	1	2	3	1	4	1	1	5	0	1	2	0	0	0	6	2	4	1	6	2	1	1	5	3	0	3	6	1	15	1	3	5	7	6	6	6	7	1	2	5	4	5	14	3	8	6	2	7	6	3	4	8	0	2	3	8	7	7	6	3	10	4	
678_A/duck/Zhejiang/9251 4	2	1	2	3	1	4	1	1	5	0	1	2	0	0	0	6	2	4	1	6	2	1	1	5	3	0	3	6	1	15	1	3	5	7	6	6	6	7	1	2	5	4	5	14	3	8	6	2	7	6	3	4	8	0	2	3	8	7	7	6	3	10	4	
679_A/duck/Zhejiang/W24/ 4	2	1	2	3	1	4	1	1	5	0	1	2	0	0	0	6	2	4	1	6	2	1	1	5	3	0	3	6	1	15	1	3	5	8	6	6	6	6	1	2	5	4	5	14	3	8	6	2	7	6	3	4	8	0	2	3	8	7	7	6	3	10	4	
680_A/egret/Jiangsu/SD02 3	2	0	3	3	1	5	0	0	4	0	1	4	1	0	0	5	2	4	1	7	2	1	1	5	3	4	3	7	1	11	1	3	3	4	8	4	10	6	1	3	3	5	8	12	3	6	5	3	8	5	3	5	8	2	2	0	8	8	7	8	3	9	4	
681_A/eurasian_eagle-owl 3	2	0	3	3	1	5	0	0	4	0	1	4	1	0	0	5	2	4	1	7	2	1	1	5	3	4	2	7	1	11	2	3	3	4	8	4	10	6	1	3	3	5	8	12	3	6	5	3	8	5	3	5	8	2	2	0	8	8	7	8	3	9	4	
682_A/goose/Chiayi/15020 3	2	1	2	4	1	4	1	1	6	0	1	2	0	0	0	6	2	4	1	6	2	1	1	5	3	0	3	6	1	15	1	4	4	9	3	5	7	5	4	2	5	4	7	14	3	8	4	3	6	6	3	4	9	0	2	1	9	5	6	7	1	12	5	
683_A/goose/China/1/2021 3	2	0	3	3	1	5	0	0	4	0	1	4	1	0	0	5	2	4	1	7	2	1	1	5	3	4	2	7	1	11	2	3	3	4	9	4	10	6	1	3	2	5	8	12	3	6	5	3	8	4	3	5	8	2	2	0	9	8	7	8	3	9	4	
684_A/goose/Eastern_Chin 4	2	1	2	3	1	4	1	1	5	0	1	2	0	0	0	6	2	4	1	6	2	1	1	5	3	0	3	6	1	15	1	3	5	8	6	6	6	6	1	2	5	4	5	14	3	8	6	2	8	6	2	4	8	0	3	3	8	8	7	6	2	9	4	
685_A/goose/Eastern_Chin 4	3	1	2	3	0	4	1	1	5	0	1	2	0	0	0	6	2	2	1	7	2	3	1	4	3	0	3	6	1	15	1	3	5	8	5	6	6	6	2	2	4	4	5	14	4	8	6	3	7	6	3	4	8	0	2	2	6	8	7	6	5	9	4	
686_A/goose/Eastern_Chin 4	3	1	2	3	0	4	1	1	5	0	1	2	0	0	0	6	2	2	1	7	2	3	1	4	3	0	3	6	1	15	1	3	5	8	5	6	6	6	2	2	4	4	5	14	4	8	6	3	7	6	3	4	8	0	2	2	6	8	7	6	5	9	4	
687_A/goose/Eastern_Chin 4	2	1	2	3	1	4	1	1	5	0	1	2	0	0	0	6	2	4	1	6	2	1	1	6	3	0	3	5	1	15	1	3	5	8	6	6	6	6	1	2	5	5	5	14	3	7	6	2	7	6	3	4	8	0	2	3	8	7	7	6	3	10	4	
688_A/goose/Guangdong/s1 4	3	1	2	3	0	4	1	1	5	0	1	2	0	0	0	6	2	3	1	6	2	2	1	5	3	0	3	6	1	15	1	3	5	9	5	6	6	5	2	3	3	4	5	14	4	8	6	3	7	5	3	4	8	0	2	2	6	8	7	6	5	10	4	
689_A/goose/Guangxi/S206 3	2	0	3	3	1	5	0	0	5	0	1	4	0	0	0	5	2	4	1	7	2	1	1	5	3	5	2	7	1	10	2	3	3	4	8	4	10	6	1	3	3	5	8	12	3	6	5	3	8	5	3	5	8	2	2	0	8	8	7	8	3	9	4	
690_A/goose/Henan/S1315/ 3	2	0	3	3	1	5	0	0	4	0	1	4	1	0	0	5	2	4	1	7	2	1	1	5	3	4	2	7	1	11	2	3	3	4	8	4	10	6	1	3	3	5	8	12	3	6	5	3	8	5	3	5	8	2	2	0	8	8	7	8	3	9	4	
691_A/goose/Hunan/S11288 3	2	0	3	3	1	5	0	0	4	0	1	4	1	0	0	5	2	4	1	7	2	1	1	5	3	4	2	7	1	11	2	3	3	4	7	4	10	6	1	3	3	5	8	12	3	6	5	3	8	5	4	5	8	2	2	0	8	8	7	8	3	9	4	
692_A/goose/Jiangsu/QD5/ 4	2	1	2	3	1	4	1	1	5	0	1	2	0	0	0	6	2	4	1	6	2	1	1	5	3	0	3	6	1	15	1	3	5	8	6	6	6	6	1	2	5	4	5	14	3	8	6	2	7	6	3	4	8	0	2	3	8	7	7	6	3	10	4	
693_A/goose/Jiangsu/S138 3	1	0	3	3	2	5	0	0	4	0	1	4	1	0	0	5	2	4	1	7	2	1	1	5	3	4	2	7	1	11	2	3	3	4	8	4	10	6	1	3	3	5	8	12	3	6	5	3	8	5	3	5	8	2	2	0	8	8	8	8	3	9	3	
694_A/goose/Liaoning/S12 3	2	0	3	3	1	5	0	0	4	0	1	4	1	0	0	5	2	4	1	7	2	1	1	5	3	4	2	7	1	11	2	3	3	4	8	4	10	6	1	4	3	5	8	12	3	6	5	3	8	5	3	5	8	2	2	0	8	8	7	7	3	9	4	
695_A/goose/Pingtung/150 3	2	1	2	4	1	4	1	1	6	0	1	2	0	0	0	5	2	4	1	7	2	1	1	5	3	0	3	6	1	15	1	3	5	9	3	6	6	5	4	2	5	4	8	14	3	8	3	3	6	6	3	4	9	0	2	1	9	5	6	7	1	12	5	
696_A/goose/Pingtung/160 3	2	1	2	4	1	4	1	1	6	0	1	2	0	0	0	5	2	4	1	7	2	1	1	5	3	0	3	6	1	15	1	3	5	9	3	6	6	5	4	2	5	4	8	14	3	8	3	3	6	6	3	4	9	0	2	1	9	5	7	7	1	12	4	
697_A/goose/Shandong/05. 4	2	1	2	3	1	4	1	1	5	0	1	2	0	0	0	6	2	4	1	6	2	1	1	5	3	0	3	6	1	15	1	3	5	7	6	6	6	7	1	2	5	4	5	14	3	8	6	2	7	6	3	4	8	0	2	3	8	7	7	6	3	10	4	
698_A/goose/Shandong/05. 4	2	1	2	3	1	4	1	1	5	0	1	2	0	0	0	6	2	4	1	6	2	1	1	5	3	0	3	6	1	15	1	3	5	7	6	6	6	7	1	2	5	4	5	14	3	8	6	2	7	6	3	4	8	0	2	3	8	7	7	6	3	10	4	
699_A/goose/Shandong/06. 4	2	1	2	3	1	4	1	1	5	0	1	2	0	0	0	6	2	4	1	6	2	1	1	5	3	0	3	6	1	15	1	3	5	7	6	6	6	7	1	2	5	4	5	14	3	8	6	2	7	6	3	4	8	0	2	3	8	7	7	6	3	10	4	
700_A/goose/Shandong/12. 4	2	1	2	3	2	4	1	1	4	0	1	2	0	0	0	6	2	4	1	6	2	1	1	5	3	1	3	6	1	14	1	3	6	7	6	5	6	6	1	3	5	4	5	14	3	8	6	2	7	6	3	4	8	0	2	3	8	7	7	6	3	10	4	
701_A/Goose/Shandong/211 3	2	0	3	3	1	5	0	0	4	0	1	4	1	0	0	5	2	4	1	7	2	1	1	5	3	4	2	7	1	11	2	3	3	4	8	4	10	6	1	3	3	5	8	12	3	6	5	3	8	5	3	5	8	2	2	0	8	8	7	8	3	9	4	
702_A/goose/Shandong/GD- 4	2	1	2	3	1	4	1	1	5	0	1	2	0	0	0	6	2	4	1	6	2	1	1	5	3	0	3	6	1	15	1	3	5	8	6	6	6	6	1	2	5	4	5	14	3	8	6	2	7	6	3	4	8	0	3	3	8	7	6	6	3	10	4	
703_A/goose/Shandong/LQ0 4	3	1	2	3	0	4	1	1	5	0	1	2	0	0	0	6	2	2	1	7	2	3	1	4	3	0	3	6	1	15	1	3	4	8	5	6	7	6	2	2	4	4	5	14	4	8	6	3	7	6	3	4	8	0	2	3	5	8	7	6	5	9	4	
704_A/goose/Tainan/16040 3	2	1	2	4	1	4	1	1	6	0	1	2	0	0	0	6	2	4	1	6	2	1	1	5	3	0	3	6	1	15	1	3	5	9	3	6	6	5	4	2	5	4	8	14	3	8	3	3	6	6	3	4	10	0	2	1	8	5	6	7	1	12	5	
705_A/goose/Tainan/16070 3	2	1	2	4	1	4	1	1	6	0	1	2	0	0	0	6	2	4	1	6	2	1	1	5	3	1	3	6	1	14	1	3	5	9	3	6	6	5	4	2	5	4	8	14	3	8	3	3	6	6	3	4	10	0	2	1	8	5	6	7	1	12	5	
706_A/goose/Taiwan/01019 3	2	1	2	4	1	4	1	1	6	0	1	2	0	0	0	6	2	4	1	6	2	1	1	5	3	0	3	6	1	15	1	3	5	9	3	6	6	5	4	2	5	4	8	14	3	8	3	3	6	6	3	4	9	0	2	1	9	5	6	7	1	12	5	
707_A/goose/Taiwan/01039 3	2	1	2	4	1	4	1	1	6	0	1	2	0	0	0	6	2	4	1	6	2	1	1	5	3	0	3	5	2	15	1	3	5	9	3	6	6	5	4	2	5	5	8	14	3	7	3	3	6	6	3	4	9	0	2	1	9	5	6	7	1	12	5	
708_A/goose/Taiwan/a015/ 3	2	1	2	4	1	4	1	1	6	0	1	2	0	0	0	6	2	4	1	6	2	1	1	5	3	0	3	6	1	15	1	3	5	9	3	6	6	5	4	2	5	4	8	14	3	8	3	3	6	6	3	4	9	0	2	1	9	5	6	7	1	12	5	
709_A/goose/Taiwan/TNC1/ 3	2	1	2	4	1	4	1	1	6	0	1	2	0	0	0	6	2	4	1	6	2	1	1	5	3	0	3	6	1	15	1	3	5	9	3	6	6	5	4	2	5	4	7	14	3	8	4	3	6	6	3	4	9	0	2	2	9	5	6	6	1	12	5	
710_A/goose/Taiwan/TNC3/ 3	2	1	2	4	1	4	1	1	6	0	1	2	0	0	0	6	2	4	1	6	2	1	1	5	3	0	3	6	1	15	1	3	5	9	3	6	6	5	4	2	5	4	7	14	3	8	4	3	6	6	3	4	9	0	2	1	9	5	6	7	1	12	5	
711_A/goose/Taiwan/TNC4/ 3	2	1	2	4	1	4	1	1	6	0	1	2	0	0	0	6	2	4	1	6	2	1	1	5	3	0	3	6	1	15	1	3	5	9	3	6	6	5	4	2	5	4	8	14	3	8	3	3	6	6	3	4	9	0	2	1	9	5	6	7	1	12	5	
712_A/goose/Taiwan/TNC9/ 3	2	1	2	4	1	4	1	1	6	0	1	2	0	0	0	6	2	4	1	6	2	1	1	5	3	0	3	6	1	15	1	3	5	9	3	6	6	5	4	2	5	4	7	14	3	8	4	3	6	6	3	4	9	0	2	1	9	5	6	7	1	12	5	
713_A/goose/Taiwan/TNC10 3	2	1	2	4	1	4	1	1	6	0	1	2	0	0	0	6	2	4	1	6	2	1	1	5	3	0	3	6	1	15	1	3	5	9	3	6	6	5	4	2	5	4	7	14	3	8	4	3	6	6	3	4	9	0	2	2	9	5	6	6	1	12	5	
714_A/goose/Taiwan/TNC12 3	2	1	2	4	1	4	1	1	6	0	1	2	0	0	0	6	2	4	1	6	2	1	1	5	3	0	3	6	1	15	1	3	5	9	3	6	6	5	4	2	5	4	7	14	3	8	4	3	6	6	3	4	9	0	2	2	9	5	6	6	1	12	5	
715_A/goose/Taiwan/TNC14 3	2	1	2	4	1	4	1	1	6	0	1	2	0	0	0	6	2	4	1	6	2	1	1	5	3	0	3	6	1	15	1	3	5	9	3	6	6	5	4	2	5	4	7	14	3	8	4	3	6	6	3	4	9	0	2	2	9	5	6	6	1	12	5	
716_A/goose/Taiwan/TNO3/ 3	2	1	2	4	1	4	1	1	6	0	1	2	0	0	0	6	2	4	1	6	2	1	1	5	3	0	3	6	1	15	1	3	5	9	3	6	6	5	4	2	5	4	8	14	3	8	3	3	6	6	3	4	9	0	2	1	9	5	6	7	1	12	5	
717_A/goose/Taiwan/TNO9/ 3	2	1	2	4	1	4	1	1	6	0	1	2	0	0	0	6	2	4	1	6	2	1	1	5	3	0	3	6	1	15	1	3	5	9	3	6	6	5	4	2	5	4	8	14	3	8	3	3	6	6	3	4	9	0	2	1	9	5	6	7	1	12	5	
718_A/goose/Taiwan/TNO15 3	2	1	2	4	1	4	1	1	6	0	1	2	0	0	0	6	2	4	1	6	2	1	1	5	3	0	3	6	1	15	1	3	5	9	3	6	6	5	4	2	5	4	8	14	3	8	3	3	6	6	3	4	9	0	2	1	9	5	6	7	1	12	5	
719_A/goose/Taiwan/TNO17 3	2	1	2	4	1	4	1	1	6	0	1	2	0	0	0	6	2	4	1	6	2	1	1	5	3	0	3	6	1	15	1	3	5	9	3	6	6	5	4	2	5	4	7	14	3	8	4	3	6	6	3	4	9	0	2	2	9	5	6	6	1	12	5	
720_A/goose/Taoyuan/1501 3	2	1	2	4	1	4	1	1	6	0	1	2	0	0	0	6	2	4	1	6	2	1	1	5	3	0	3	6	1	15	1	3	5	9	3	6	6	5	4	2	5	4	7	14	3	8	4	3	6	6	3	4	9	0	2	1	9	5	6	7	1	12	5	
721_A/goose/Xinjiang/12. 3	2	0	3	3	1	5	0	1	4	0	1	3	1	0	0	5	2	4	1	7	2	1	1	5	3	2	2	7	1	13	2	3	3	4	8	4	10	6	1	3	3	5	8	12	3	6	5	3	9	5	3	5	7	2	2	0	8	8	7	8	3	9	4	
722_A/goose/Xinjiang/12. 3	2	0	3	3	1	5	0	1	4	0	1	3	1	0	0	5	2	4	1	7	2	1	1	5	3	2	2	7	1	13	2	3	3	4	8	4	10	6	1	3	3	5	8	12	3	6	5	3	9	5	3	5	7	2	2	0	8	8	7	8	3	9	4	
723_A/goose/Xinjiang/12. 3	2	0	3	3	1	5	0	1	4	0	1	3	1	0	0	5	2	4	1	7	2	1	1	5	3	2	2	7	1	13	2	3	3	4	8	4	10	6	1	3	3	5	8	12	3	6	5	3	9	5	3	5	7	2	2	0	8	8	7	8	3	9	4	
724_A/goose/Xinjiang/12. 3	2	0	3	3	1	5	0	1	5	0	1	3	0	0	0	5	2	4	1	7	2	1	1	5	3	2	2	7	1	13	2	3	3	4	8	4	10	6	1	3	3	5	8	12	3	6	5	3	9	5	3	5	7	2	2	0	8	8	7	8	3	9	4	
725_A/goose/Yangzhou/042 4	2	1	2	3	2	4	1	1	5	0	1	2	0	0	0	6	2	4	1	6	2	1	1	5	3	1	3	6	1	14	1	3	5	8	6	5	6	6	1	3	5	4	5	14	3	8	6	2	7	6	3	4	8	0	2	3	7	7	7	6	3	10	4	
726_A/goose/Yunlin/15040 3	2	1	2	4	1	4	1	1	6	0	1	2	0	0	0	6	1	4	1	6	3	1	1	5	3	0	2	6	1	15	2	3	5	9	2	6	6	5	5	2	5	4	8	14	3	8	3	3	6	6	3	4	9	0	2	1	9	5	6	7	1	12	5	
727_A/goose/Zhejiang/925 4	2	1	2	3	1	4	1	1	5	0	1	2	0	0	0	6	2	4	1	6	2	1	1	5	3	0	3	6	1	15	1	3	5	7	6	6	6	7	1	2	5	4	5	14	3	8	6	2	7	6	3	4	8	0	2	3	8	7	7	6	3	10	4	
728_A/goose/Zhejiang/925 4	2	1	2	3	1	4	1	1	5	0	1	2	0	0	0	6	2	4	1	6	2	1	1	5	3	0	3	6	1	15	1	3	5	7	6	6	6	7	1	2	5	4	5	14	3	8	6	2	7	6	3	4	8	0	2	3	8	7	7	6	3	10	4	
729_A/goose/Zhejiang/S12 3	2	0	3	3	1	5	0	0	4	0	1	4	1	0	0	5	2	4	1	7	2	1	1	5	3	5	2	7	1	10	2	3	3	4	8	4	10	6	1	3	3	5	8	12	3	6	5	3	8	5	3	5	8	2	2	0	8	8	7	8	3	9	4	
730_A/Great_Black-headed 3	2	0	3	3	1	5	0	1	4	0	1	3	1	0	0	5	2	3	1	7	2	2	1	6	3	2	2	5	1	13	2	3	3	4	7	5	9	6	1	3	4	6	6	13	3	6	6	3	9	5	4	5	7	2	2	0	6	8	5	8	4	9	6	
731_A/Great_Cormorant/Qi 3	2	0	3	3	1	5	0	1	4	0	1	3	1	0	0	5	2	3	1	7	2	2	1	5	3	2	2	6	1	13	2	3	3	4	8	4	10	6	1	3	4	6	6	13	3	6	6	3	9	5	3	5	7	2	2	0	6	8	5	8	4	9	6	
732_A/Great_Cormorant/Qi 3	2	0	3	3	1	5	0	1	4	0	1	3	1	0	0	5	2	3	1	7	2	2	1	5	3	2	2	6	1	13	2	3	3	4	8	4	10	6	1	3	4	6	6	13	3	6	6	3	9	5	3	5	7	2	2	0	6	8	5	8	4	9	6	
733_A/Great_Cormorant/Qi 4	2	0	3	3	1	5	0	1	4	0	1	3	1	0	0	5	2	3	1	6	2	2	1	5	3	2	2	6	1	13	2	3	3	4	8	4	10	6	1	3	4	6	6	13	3	6	6	3	9	5	3	5	7	2	2	0	6	8	5	8	4	9	6	
734_A/Great_Crested_Greb 3	2	0	3	3	1	5	0	1	4	0	1	3	1	0	0	5	2	4	1	6	2	1	1	5	3	2	2	7	1	13	2	3	3	4	8	5	10	6	1	2	4	5	8	13	3	6	5	3	10	5	3	5	7	2	2	2	6	7	5	6	3	10	6	
735_A/grebe/Ningxia/SD00 3	2	0	3	3	1	5	0	1	4	0	1	4	1	0	0	5	2	4	1	7	2	1	1	4	3	4	2	7	1	11	2	3	3	4	8	4	10	6	1	3	3	4	9	12	3	6	5	3	8	5	3	5	7	2	2	0	9	8	7	8	3	9	4	
736_A/grebe/Shaanxi/SD00 3	2	0	3	3	1	5	0	1	4	0	1	4	1	0	0	5	2	4	1	7	2	1	1	4	3	4	2	7	1	11	2	3	3	4	8	4	10	6	1	3	3	6	7	12	3	6	5	3	8	5	3	5	7	2	2	0	9	8	7	8	3	9	4	
737_A/grebe/Shandong/SC1 3	2	0	3	3	1	5	0	0	4	0	1	4	1	0	0	5	2	4	1	7	2	1	1	5	3	4	2	7	1	11	2	3	3	4	8	4	10	6	1	3	3	5	8	12	3	6	5	3	8	5	3	5	8	2	2	0	8	8	7	8	3	9	4	
738_A/green-winged_teal/ 3	2	0	3	3	1	5	0	0	4	0	1	4	1	0	0	5	2	4	1	7	2	1	1	5	3	4	2	7	1	11	2	3	3	4	8	4	10	6	1	3	3	5	8	12	3	6	5	3	8	5	3	5	8	2	2	0	8	8	7	8	3	9	4	
739_A/Herring_Gull/Hubei 3	2	0	3	3	1	5	0	1	4	0	1	3	1	0	0	5	2	3	1	7	2	2	1	5	3	2	2	6	1	13	2	3	3	4	8	4	9	6	2	3	4	6	6	13	3	6	6	3	9	5	3	5	7	2	2	0	6	8	5	8	4	9	6	
740_A/mallard_duck/Shang 4	2	1	2	3	1	4	1	1	5	0	1	2	0	0	0	6	2	3	1	6	2	2	1	4	3	1	3	6	1	14	2	3	5	8	6	6	6	6	1	2	5	4	5	14	3	8	6	2	8	6	3	4	7	0	2	3	8	7	7	6	3	10	4	
741_A/mallard/Ningxia/17 3	1	0	3	3	2	5	0	1	4	0	1	3	1	0	0	4	2	4	1	7	2	1	1	5	3	2	2	7	1	13	2	4	4	4	8	5	9	6	1	2	4	5	8	12	3	6	5	2	9	5	3	5	7	2	2	2	8	8	5	7	2	9	6	
742_A/mallard/Ningxia/17 3	1	0	3	3	2	5	0	1	4	0	1	3	1	0	0	4	2	4	1	7	2	1	1	5	3	2	2	7	1	13	2	4	4	4	8	5	9	6	1	2	4	5	8	12	3	6	5	2	9	5	3	5	7	2	2	2	8	8	5	7	2	9	6	
743_A/mallard/Ningxia/23 3	1	0	3	3	2	5	0	1	4	0	1	3	1	0	0	4	2	4	1	7	2	1	1	5	3	2	2	7	1	13	2	4	4	4	8	5	9	6	1	2	4	5	8	12	3	6	5	2	9	5	3	5	7	2	2	2	8	8	5	7	2	9	6	
744_A/mallard/Ningxia/24 3	1	0	3	3	2	5	0	1	4	0	1	3	1	0	0	4	2	4	1	7	2	1	1	5	3	2	2	7	1	13	2	4	4	4	8	5	9	6	1	2	4	5	8	12	3	6	5	2	9	5	3	5	7	2	2	2	8	8	5	7	2	9	6	
745_A/mallard/Ningxia/24 3	1	0	3	3	2	5	0	1	4	0	1	3	1	0	0	4	2	4	1	7	2	1	1	5	3	2	2	7	1	13	2	4	4	4	8	5	9	6	1	2	4	5	8	12	3	6	5	2	9	5	3	5	7	2	2	2	8	8	5	7	2	9	6	
746_A/mallard/Ningxia/24 3	1	0	3	3	2	5	0	1	4	0	1	3	1	0	0	4	2	4	1	7	2	1	1	5	3	2	2	7	1	13	2	4	4	4	8	5	9	6	1	2	4	5	8	12	3	6	5	2	9	5	3	5	7	2	2	2	8	8	5	7	2	9	6	
747_A/mute_swan/Inner_Mo 3	2	0	3	3	1	5	0	0	4	0	1	4	1	0	0	5	2	4	1	7	2	1	1	5	3	4	2	7	1	11	2	3	3	4	8	4	10	6	1	3	3	5	8	12	3	6	5	3	8	5	3	5	8	2	2	0	8	8	6	8	3	9	5	
748_A/mute_swan/Shandong 3	2	0	3	3	1	5	0	0	4	0	1	4	1	0	0	5	2	4	1	7	3	1	1	5	2	4	2	7	1	11	2	3	3	4	8	4	10	6	1	3	3	5	8	12	3	6	5	3	8	5	3	5	8	2	2	0	8	8	7	8	3	9	4	
749_A/Peregrine_Falcon/H 3	2	0	3	3	1	5	0	0	5	0	1	4	0	0	0	5	2	4	1	7	2	1	1	5	3	5	2	7	1	10	2	3	3	4	8	4	10	6	1	3	3	5	8	12	3	6	5	3	8	5	3	5	8	2	2	0	8	8	7	8	3	9	4	
750_A/pheasant/Hebei/B02 3	2	0	3	3	1	5	0	0	4	0	1	4	1	0	0	5	2	4	1	7	2	1	1	5	3	4	2	7	1	11	2	3	3	4	8	4	9	6	1	3	3	5	8	12	3	6	5	3	8	5	3	5	9	2	2	0	8	8	7	8	3	9	4	
751_A/swan/China/ST/2016 3	2	0	3	3	1	5	0	1	4	0	1	3	1	0	0	5	2	4	1	7	2	1	1	5	3	2	2	7	1	13	2	3	3	4	8	4	10	6	1	3	4	5	8	12	3	6	5	3	9	5	3	5	7	2	2	0	7	8	6	8	3	9	5	
752_A/swan/Hebei/B01/202 3	2	0	3	3	1	5	0	0	5	0	1	4	1	0	0	5	2	4	1	7	2	1	1	5	3	4	2	7	1	11	2	3	3	4	8	4	10	6	1	3	3	5	8	12	3	6	5	3	8	5	3	5	8	2	2	0	7	7	7	8	3	10	4	
753_A/swan/Shandong/W376 3	2	0	3	3	1	5	0	1	4	0	1	3	1	0	0	5	2	4	1	6	2	1	1	5	3	2	2	7	1	13	2	4	4	4	8	5	9	6	1	2	4	5	8	12	3	6	5	2	9	5	3	5	7	2	2	2	8	8	5	7	2	9	6	
754_A/tundra_swan/Hubei/ 3	2	0	3	3	1	5	0	0	4	0	1	4	1	0	0	5	2	4	1	7	2	1	1	5	3	4	2	7	1	11	2	3	3	4	8	4	10	6	1	3	3	5	8	12	3	6	5	3	8	5	3	5	8	2	2	0	8	8	6	8	3	9	5	
755_A/tundra_swan/Hubei/ 3	2	0	3	3	1	5	0	0	4	0	1	4	1	0	0	5	2	4	1	7	2	1	1	5	3	4	2	7	1	11	2	3	3	4	8	4	10	6	1	3	3	5	8	12	3	6	5	3	8	5	3	5	8	2	2	0	8	8	7	8	3	9	4	
756_A/tundra_swan/Hubei/ 3	2	0	3	3	1	5	0	0	4	0	1	4	1	0	0	5	2	4	1	7	2	1	1	5	3	4	2	7	1	11	2	3	3	4	8	4	10	6	1	3	3	5	8	12	3	6	5	3	8	5	3	5	8	2	2	0	8	8	7	8	3	9	4	
757_A/tundra_swan/Hubei/ 3	2	0	3	3	1	5	0	0	4	0	1	4	1	0	0	5	2	4	1	7	2	1	1	5	3	4	2	7	1	11	2	3	3	4	8	4	10	6	1	3	3	5	9	12	3	6	4	3	8	5	3	5	8	2	2	0	8	8	7	8	3	9	4	
758_A/tundra_swan/Hubei/ 3	2	0	3	3	1	5	0	0	4	0	1	4	1	0	0	5	2	4	1	7	2	1	1	5	3	4	2	7	1	11	2	3	3	4	8	4	10	6	1	3	3	5	8	12	3	6	5	3	8	5	3	5	8	2	2	0	8	8	7	8	3	9	4	
759_A/tundra_swan/Hubei/ 3	2	0	3	3	1	5	0	0	4	0	1	4	1	0	0	5	2	4	1	7	2	1	1	5	3	4	2	7	1	11	2	3	3	4	8	4	10	6	1	3	3	5	8	12	3	6	5	3	8	5	3	5	8	2	2	0	8	8	7	8	3	9	4	
760_A/turkey/Chiayi/1702 3	2	1	2	4	1	4	1	1	6	0	1	2	0	0	0	5	2	4	1	7	2	1	1	5	3	0	3	6	1	15	1	4	5	9	3	5	6	5	4	2	5	4	8	14	3	8	3	3	6	5	3	4	9	1	2	1	9	5	6	7	1	12	5	
761_A/whiskered_tern/Hub 3	2	0	3	3	1	5	0	0	4	0	1	4	1	0	0	5	2	4	1	7	2	1	1	5	3	4	2	7	1	11	2	3	3	4	8	4	10	6	1	3	3	5	8	12	3	6	5	3	8	5	3	5	8	2	2	0	8	8	7	8	3	9	4	
762_A/whooper_swan/Henan 3	2	0	3	3	1	5	0	0	4	0	1	4	1	0	0	5	2	4	1	7	2	1	1	5	3	4	2	7	1	11	2	3	3	4	7	4	10	6	2	3	3	5	9	12	3	6	4	3	8	5	3	5	8	2	2	0	8	8	7	8	3	9	4	
763_A/whooper_swan/Henan 3	2	0	3	3	1	5	0	0	4	0	1	4	1	0	0	5	2	4	1	7	2	1	1	5	3	4	2	7	1	11	2	3	3	4	8	4	10	6	1	3	3	5	8	12	3	6	5	3	8	5	3	5	8	2	2	0	8	8	7	8	3	9	4	
764_A/whooper_swan/Henan 3	2	0	3	3	1	5	0	0	4	0	1	4	1	0	0	5	2	4	1	7	2	1	1	5	3	4	2	7	1	11	2	3	3	4	8	4	10	6	1	3	3	5	8	12	3	6	5	3	8	5	3	5	8	2	2	0	8	8	7	8	3	9	4	
765_A/whooper_swan/Henan 3	2	0	3	3	1	5	0	0	4	0	1	4	1	0	0	5	2	4	1	7	2	1	1	5	3	4	2	7	1	11	2	3	3	4	8	4	10	6	1	3	3	5	8	12	3	6	5	3	8	5	3	5	8	2	2	0	8	8	7	8	3	9	4	
766_A/whooper_swan/Henan 3	2	0	3	3	1	5	0	0	4	0	1	4	1	0	0	5	2	4	1	7	2	1	1	5	3	4	2	7	1	11	2	3	3	4	8	4	10	6	1	3	3	5	9	12	3	6	4	3	8	5	3	5	8	2	2	0	8	8	7	8	3	9	4	
767_A/whooper_swan/Henan 3	2	0	3	3	1	5	0	0	4	0	1	4	1	0	0	5	2	4	1	7	2	1	0	5	3	4	3	7	1	11	2	3	3	4	8	4	10	6	1	3	3	5	8	12	3	6	5	3	8	5	3	5	8	2	2	0	8	8	7	8	3	9	4	
768_A/whooper_swan/Henan 3	2	0	3	3	1	5	0	0	4	0	1	4	1	0	0	5	2	4	1	7	2	1	1	5	3	4	2	7	1	11	2	3	3	4	8	4	10	6	1	3	3	5	9	12	3	6	4	3	8	5	3	5	8	2	2	0	8	8	7	8	3	9	4	
769_A/whooper_swan/Henan 3	2	0	3	3	1	5	0	0	4	0	1	4	1	0	0	5	2	4	1	7	2	1	1	5	3	4	2	7	1	11	2	3	3	4	7	4	10	6	2	3	3	5	9	12	3	6	4	3	8	5	3	5	8	2	2	0	8	8	7	8	3	9	4	
770_A/whooper_swan/Henan 3	2	0	3	3	1	5	0	0	4	0	1	4	1	0	0	5	2	4	1	7	2	1	1	5	3	4	2	7	1	11	2	3	3	4	7	4	10	6	2	3	3	5	9	12	3	6	4	3	8	5	3	5	8	2	2	0	8	8	7	8	3	9	4	
771_A/whooper_swan/Henan 3	2	0	3	3	1	5	0	0	4	0	1	4	1	0	0	5	2	4	1	7	2	1	1	5	3	4	2	7	1	11	2	3	3	4	8	4	10	6	1	3	3	5	8	12	3	6	5	3	8	5	3	5	8	2	2	0	8	8	7	8	3	9	4	
772_A/whooper_swan/Henan 3	2	0	3	3	1	5	0	0	4	0	1	4	1	0	0	5	2	4	1	7	2	1	1	5	3	4	2	7	1	11	2	3	3	4	8	4	10	6	1	3	3	5	8	12	3	6	5	3	8	5	3	5	8	2	2	0	8	8	7	8	3	9	4	
773_A/whooper_swan/Inner 3	2	0	3	3	1	5	0	0	4	0	1	4	1	0	0	5	2	4	1	7	2	1	1	5	3	4	2	7	1	11	2	3	3	4	8	4	10	6	1	3	3	5	8	12	3	6	5	3	8	5	3	5	8	2	2	0	8	8	6	8	3	9	5	
774_A/Whooper_Swan/Sanme 3	2	0	3	3	1	5	0	1	4	0	1	3	1	0	0	5	2	4	1	7	2	1	1	5	3	2	2	7	1	13	2	3	3	4	8	4	10	6	1	3	4	5	8	12	3	6	5	3	9	5	3	5	7	2	2	0	7	8	6	8	3	9	5	
775_A/Whooper_swan/Sanme 3	2	0	3	3	1	5	0	0	4	0	1	4	1	0	0	5	2	4	1	7	2	1	1	5	3	4	2	7	1	11	2	3	3	4	8	4	10	6	1	3	3	5	8	12	3	6	5	3	8	5	3	5	8	2	2	0	8	8	7	8	3	9	4	
776_A/Whooper_swan/Sanme 3	2	0	3	3	1	5	0	0	4	0	1	5	1	0	0	5	2	4	1	7	2	1	1	5	3	4	2	6	1	11	2	3	3	4	8	4	10	6	1	3	3	5	8	12	3	6	5	3	8	5	3	5	8	2	2	0	8	8	7	8	3	9	4	
777_A/Whooper_swan/Sanme 3	2	0	3	3	1	5	0	0	4	0	1	4	1	0	0	5	2	4	1	7	2	1	1	5	3	4	2	7	1	11	2	3	3	4	8	4	10	6	1	3	3	5	8	12	3	6	5	3	8	5	3	5	8	2	2	0	8	8	7	8	3	9	4	
778_A/Whooper_swan/Sanme 3	2	0	3	3	1	5	0	0	4	0	1	5	1	0	0	5	2	4	1	7	2	1	1	5	3	4	2	6	1	11	2	3	3	4	8	4	10	6	1	3	3	5	8	12	3	6	5	3	8	5	3	5	8	2	2	0	8	8	7	8	3	9	4	
779_A/Whooper_swan/Sanme 3	2	0	3	3	1	5	0	0	4	0	1	4	1	0	0	5	2	4	1	7	2	1	1	5	3	4	2	7	1	11	2	3	3	4	8	4	10	6	1	3	3	5	8	12	3	6	5	3	7	5	3	5	9	2	2	0	8	8	7	8	3	9	4	
780_A/Whooper_swan/Sanme 3	2	0	3	3	1	5	0	0	4	0	1	4	1	0	0	5	2	4	1	7	2	1	1	5	3	4	1	7	1	11	2	3	3	4	8	4	10	6	1	3	3	5	9	12	3	6	5	3	8	5	3	5	8	2	2	0	8	8	7	8	3	9	4	
781_A/Whooper_swan/Sanme 3	2	0	3	3	1	5	0	0	4	0	1	4	1	0	0	5	2	4	1	7	2	1	1	5	3	4	2	7	1	11	2	3	3	4	8	4	10	6	1	3	3	5	8	12	3	6	5	3	8	5	3	5	8	2	2	0	8	8	7	8	3	9	4	
782_A/Whooper_swan/Sanme 3	2	0	3	3	1	5	0	0	4	0	1	4	1	0	0	5	2	4	1	7	2	1	1	5	3	4	2	7	1	11	2	3	3	4	8	4	10	6	1	3	3	5	8	12	3	6	5	3	8	5	3	5	8	2	2	0	8	8	7	8	3	9	4	
783_A/Whooper_swan/Sanme 3	2	0	3	3	1	5	0	0	4	0	1	3	1	0	0	5	2	4	1	7	2	1	1	5	3	4	2	8	1	11	2	3	3	4	8	4	10	6	1	3	3	5	8	12	3	6	5	3	8	5	3	5	8	2	2	0	8	8	7	8	3	9	4	
784_A/Whooper_swan/Sanme 3	2	0	3	3	1	5	0	0	4	0	1	4	1	0	0	5	2	4	1	7	2	1	1	5	3	4	2	7	1	11	2	3	3	4	8	4	10	6	1	3	3	4	8	12	3	7	5	3	8	5	3	5	8	2	2	0	8	8	7	8	3	9	4	
785_A/Whooper_swan/Sanme 3	2	0	3	3	1	5	0	0	4	0	1	4	1	0	0	5	2	4	1	7	2	1	1	5	3	4	2	7	1	11	2	3	3	4	8	4	10	6	1	3	3	5	8	12	3	6	5	3	8	5	3	5	8	2	2	0	8	8	7	8	3	9	4	
786_A/Whooper_swan/Sanme 3	2	0	3	3	1	5	0	0	4	0	1	4	1	0	0	5	2	4	1	7	2	1	1	5	3	4	2	7	1	11	2	3	3	4	8	4	10	6	1	3	3	5	8	12	3	6	5	3	8	5	3	5	8	2	2	0	8	8	7	8	3	9	4	
787_A/Whooper_swan/Sanme 3	2	0	3	3	1	5	0	0	4	0	1	4	1	0	0	5	2	4	1	7	2	1	1	5	3	4	2	7	1	11	2	3	3	4	8	4	10	6	1	3	3	5	8	12	3	6	5	3	8	5	3	5	8	2	2	0	8	8	7	8	3	9	4	
788_A/Whooper_swan/Sanme 3	2	0	3	3	1	5	0	0	4	0	1	4	1	0	0	5	2	4	1	7	2	1	1	5	3	4	2	7	1	11	2	3	3	4	8	4	10	6	1	3	3	5	8	12	3	6	5	3	8	5	3	5	8	2	2	0	8	8	7	8	3	9	4	
789_A/Whooper_swan/Sanme 3	2	0	3	3	1	5	0	0	4	0	1	4	1	0	0	5	2	4	1	7	2	1	1	5	3	4	2	7	1	11	2	3	3	4	8	4	10	6	1	3	3	5	8	12	3	6	5	3	8	5	3	5	8	2	2	0	8	8	7	8	3	9	4	
790_A/Whooper_swan/Sanme 3	2	0	3	3	1	5	0	0	4	0	1	4	1	0	0	5	2	4	1	7	2	1	1	5	3	4	2	7	1	11	2	3	3	4	8	4	10	6	1	3	3	5	8	12	3	6	5	3	8	5	3	5	8	2	2	0	8	8	7	8	3	9	4	
791_A/Whooper_swan/Sanme 3	2	0	3	3	1	5	0	0	4	0	1	4	1	0	0	5	2	4	1	7	2	1	1	5	3	4	2	7	1	11	2	3	3	4	8	4	10	6	1	3	3	5	8	12	3	6	5	3	8	5	3	5	8	2	2	0	8	8	7	8	3	9	4	
792_A/Whooper_swan/Sanme 3	2	0	3	3	1	5	0	0	4	0	1	4	1	0	0	5	2	4	1	7	2	1	1	5	3	4	2	7	1	11	2	3	3	4	8	4	10	6	1	3	3	5	8	12	3	6	5	3	8	5	3	5	8	2	2	0	8	8	7	8	3	9	4	
793_A/Whooper_swan/Sanme 3	2	0	3	3	1	5	0	0	4	0	1	4	1	0	0	5	2	4	1	7	2	1	1	5	3	4	2	7	1	11	2	3	3	3	8	4	10	7	1	3	3	5	8	12	3	6	5	3	8	5	3	5	8	2	2	0	8	8	7	8	3	9	4	
794_A/Whooper_swan/Sanme 3	2	0	3	3	1	5	0	0	4	0	1	4	1	0	0	5	2	4	1	7	2	1	1	5	3	4	2	7	1	11	2	3	3	4	8	4	10	6	1	3	3	5	8	12	3	6	5	3	8	5	3	5	8	2	2	0	8	8	7	8	3	9	4	
795_A/Whooper_swan/Sanme 3	2	0	3	3	1	5	0	0	4	0	1	4	1	0	0	5	2	4	1	7	2	1	1	5	3	4	2	7	1	11	2	3	3	4	8	4	10	6	1	3	3	5	8	12	3	6	5	3	8	5	3	5	8	2	2	0	8	8	7	8	3	9	4	
796_A/Whooper_swan/Sanme 3	2	0	3	3	1	5	0	0	4	0	1	4	1	0	0	5	2	4	1	7	2	1	1	5	3	4	2	7	1	11	2	3	3	5	7	4	10	6	1	3	3	5	8	12	3	6	5	3	8	5	3	5	8	2	2	0	8	8	7	8	3	9	4	
797_A/Whooper_swan/Sanme 3	2	0	3	3	1	5	0	0	4	0	1	4	1	0	0	5	2	4	1	7	2	1	1	5	3	4	2	7	1	11	2	3	3	4	8	4	10	6	1	3	3	5	9	12	3	6	4	3	8	5	3	5	8	2	2	0	8	8	7	8	3	9	4	
798_A/whooper_swan/Shaan 3	2	0	3	3	1	5	0	0	4	0	1	4	1	0	0	5	2	4	1	7	2	1	1	5	3	4	2	7	1	11	2	3	3	4	8	4	10	6	1	3	3	5	8	12	3	6	5	3	8	5	3	5	8	2	2	0	8	8	7	8	3	9	4	
799_A/whooper_swan/Shaan 3	2	0	3	3	1	5	0	0	4	0	1	4	1	0	0	5	2	4	1	7	2	1	1	5	3	4	2	7	1	11	2	3	3	4	8	4	10	6	1	3	3	5	9	12	3	6	4	3	8	5	3	5	8	2	2	0	8	8	7	8	3	9	4	
800_A/whooper_swan/Shaan 3	2	0	3	3	1	5	0	0	4	0	1	4	1	0	0	5	2	4	1	7	2	1	1	5	3	4	2	7	1	11	2	3	3	4	8	4	10	6	1	3	3	5	9	12	3	6	4	3	8	5	3	5	8	2	2	0	8	8	7	8	3	9	4	
801_A/whooper_swan/Shand 3	2	0	3	3	1	5	0	0	4	0	1	4	1	0	0	5	2	4	1	7	2	1	1	5	3	4	2	7	1	11	2	3	3	4	7	4	10	5	2	3	3	5	8	12	3	6	5	3	8	5	4	5	8	2	2	0	8	8	6	8	3	9	5	
802_A/whooper_swan/Shand 3	2	0	3	3	1	5	0	0	4	0	1	4	1	0	0	5	2	4	1	7	2	1	1	5	3	4	2	7	1	11	2	3	3	4	7	4	10	5	2	3	3	5	8	12	3	6	5	3	8	5	4	5	8	2	2	0	8	8	6	8	3	9	5	
803_A/whooper_swan/Shand 3	2	0	3	3	1	5	0	0	4	0	1	4	1	0	0	5	2	4	1	7	2	1	1	5	3	4	2	7	1	11	2	3	3	4	7	4	10	5	2	3	3	5	8	12	3	6	5	3	8	5	4	5	8	2	2	0	8	8	6	8	3	9	5	
804_A/whooper_swan/Shand 3	2	0	3	3	1	5	0	1	4	0	1	3	1	0	0	5	2	4	1	6	2	1	1	5	3	2	2	7	1	13	2	4	4	4	8	5	9	6	1	2	4	5	8	12	3	6	5	2	9	5	3	5	7	2	2	2	8	8	6	7	2	9	5	
805_A/whooper_swan/Shand 3	2	0	3	3	1	5	0	0	4	0	1	4	1	0	0	5	2	4	1	7	2	1	1	5	3	4	2	7	1	11	2	3	3	4	8	4	10	6	1	3	3	5	8	12	3	6	5	3	8	5	3	5	8	2	2	0	8	9	6	8	3	8	5	
806_A/whooper_swan/Shand 3	2	0	3	3	1	5	0	0	4	0	1	4	1	0	0	5	2	4	1	7	2	1	1	5	3	4	2	7	1	11	2	3	3	4	8	4	10	6	1	3	3	5	8	12	3	6	5	3	8	5	3	5	8	2	2	0	8	8	6	8	3	9	5	
807_A/whooper_swan/Shand 3	2	0	3	3	1	5	0	0	4	0	1	4	1	0	0	5	2	4	1	7	2	1	1	5	3	4	2	7	1	11	2	3	3	4	7	4	10	6	1	3	3	5	8	12	3	6	5	3	8	5	4	5	8	2	2	0	8	8	6	8	3	9	5	
808_A/whooper_swan/Shanx 3	2	0	3	3	1	5	0	0	4	0	1	4	1	0	0	5	2	4	1	7	2	1	1	5	3	4	2	7	1	11	2	3	3	4	8	4	10	6	1	3	3	5	8	12	3	6	5	3	8	5	3	5	8	2	2	0	8	8	7	8	3	9	4	
809_A/whooper_swan/Shanx 3	2	0	3	3	1	5	0	0	4	0	1	4	1	0	0	5	2	4	1	7	2	1	1	5	3	4	2	7	1	11	2	3	3	4	8	4	10	6	1	3	3	5	8	12	3	6	5	3	8	5	3	5	8	2	2	0	8	8	7	8	3	9	4	
810_A/whooper_swan/Shanx 3	2	0	3	3	1	5	0	1	4	0	1	3	1	0	0	5	2	4	1	7	2	1	1	5	3	2	2	7	1	13	2	3	3	4	8	4	10	6	1	3	4	5	8	12	3	6	5	3	9	5	3	5	7	2	2	0	7	8	6	8	3	9	5	
811_A/whooper_swan/Shanx 3	2	0	3	3	1	5	0	0	4	0	1	4	1	0	0	5	2	4	1	7	2	1	1	5	3	4	2	7	1	11	2	3	3	4	8	4	10	6	1	3	3	5	8	12	3	6	5	3	8	5	3	5	8	2	2	0	8	8	7	8	3	9	4	
812_A/whooper_swan/Shanx 3	2	0	3	3	1	5	0	0	4	0	1	4	1	0	0	5	2	4	1	7	2	1	1	5	3	4	2	7	1	11	2	3	3	4	8	4	10	6	1	3	3	5	8	12	3	6	5	3	7	5	3	5	8	2	2	0	9	8	7	8	3	9	4	
813_A/whooper_swan/Shanx 3	2	0	3	3	1	5	0	0	4	0	1	4	1	0	0	5	2	4	1	7	2	1	1	5	3	4	2	7	1	11	2	3	3	4	8	4	10	6	1	3	3	5	8	12	3	6	5	3	8	5	3	5	8	2	2	0	8	8	7	8	3	9	4	
814_A/whooper_swan/Shanx 3	2	0	3	3	1	5	0	0	4	0	1	4	1	0	0	5	2	4	1	7	2	1	1	5	3	4	2	7	1	11	2	3	3	4	8	4	10	6	1	3	3	5	8	12	3	6	5	3	8	5	3	5	8	2	2	0	8	8	7	8	3	9	4	
815_A/whooper_swan/Shanx 3	2	0	3	3	1	5	0	0	4	0	1	4	1	0	0	5	2	4	1	7	2	1	1	5	3	4	2	7	1	11	2	3	3	4	8	4	10	6	1	3	3	5	8	12	3	6	5	3	8	5	3	5	8	2	2	0	8	8	7	8	3	9	4	
816_A/whooper_swan/Shanx 3	2	0	3	3	1	5	0	0	4	0	1	4	1	0	0	5	2	4	1	7	2	1	1	5	3	4	2	7	1	11	2	3	3	4	8	4	10	6	1	3	3	5	8	12	3	6	5	3	8	5	3	5	8	2	2	0	8	8	7	8	3	9	4	
817_A/whooper_swan/Shanx 3	2	0	3	3	1	5	0	0	4	0	1	4	1	0	0	5	2	4	1	7	2	1	1	5	3	4	2	7	1	11	2	3	3	4	8	4	10	6	1	3	3	5	8	12	3	6	5	3	8	5	3	5	8	2	2	0	8	8	7	8	3	9	4	
818_A/whooper_swan/Shanx 3	2	0	3	3	1	5	0	0	4	0	1	4	1	0	0	4	2	4	1	7	2	1	1	5	3	4	2	7	1	11	2	3	3	4	8	4	10	6	1	3	3	5	8	12	3	6	5	4	8	5	3	5	8	2	2	0	8	8	7	8	3	9	4	
819_A/whooper_swan/Shanx 3	2	0	3	3	1	5	0	0	4	0	1	4	1	0	0	5	2	4	1	7	2	1	1	5	3	4	2	7	1	11	2	3	3	4	8	4	10	6	1	3	3	5	8	12	3	6	5	3	8	5	3	5	8	2	2	0	8	8	7	8	3	9	4	
820_A/whooper_swan/Shanx 3	2	0	3	3	1	5	0	0	4	0	1	4	1	0	0	5	2	4	1	7	2	1	1	5	3	4	2	7	1	11	2	3	3	4	8	4	10	6	1	3	3	5	8	12	3	6	5	3	8	5	3	5	8	2	2	0	8	8	7	8	3	9	4	
821_A/whooper_swan/Shanx 3	2	0	3	3	1	5	0	0	4	0	1	4	1	0	0	5	2	4	1	7	2	1	1	5	3	4	2	7	1	11	2	3	3	4	8	4	10	6	1	3	3	5	8	12	3	6	5	3	8	5	3	5	8	2	2	0	8	8	7	8	3	9	4	
822_A/whooper_swan/Shanx 3	2	0	3	3	1	5	0	0	4	0	1	4	1	0	0	5	2	4	1	7	2	1	1	5	3	4	2	7	1	11	2	3	3	4	8	4	10	6	1	3	3	5	8	12	3	6	5	3	8	5	3	5	8	2	2	0	8	8	7	8	3	9	4	
823_A/wild_bird/Hubei/12 3	2	0	3	3	1	5	0	1	4	0	1	3	1	0	0	5	2	4	1	7	2	1	1	5	3	2	2	7	1	13	2	3	4	4	8	4	9	6	1	3	4	5	8	12	3	6	5	3	9	5	3	5	7	2	2	0	7	8	5	8	3	9	6	
824_A/wild_duck/Jiangsu/ 3	2	0	3	3	1	5	0	0	4	0	1	4	1	0	0	5	2	4	1	7	2	1	1	5	3	4	3	7	1	11	1	3	3	4	8	4	10	6	1	3	3	5	8	12	3	6	5	3	8	5	3	5	8	2	2	0	8	8	7	8	3	9	4	
825_A/wild_duck/Shandong 3	2	0	3	3	1	5	0	0	4	0	1	4	1	0	0	5	2	4	1	7	2	1	1	5	3	4	2	7	1	11	2	3	3	4	7	4	10	5	2	3	3	5	8	12	3	6	5	3	8	5	4	5	8	2	2	0	8	8	6	8	3	9	5	
826_A/wild_goose/Shandon 3	2	0	3	3	1	5	0	0	4	0	1	4	1	0	0	5	2	4	1	7	2	1	1	5	3	4	2	7	1	11	2	3	3	4	8	4	10	6	1	3	3	5	8	12	3	6	5	3	8	5	3	5	8	2	2	0	8	8	6	8	3	9	5	
827_A/Anser_cygnoides/Hu 4	2	0	3	3	1	5	0	2	4	0	1	3	1	0	0	4	2	4	1	7	2	1	1	4	3	2	2	7	1	13	2	3	4	4	8	4	9	6	1	3	4	5	8	12	3	6	5	3	9	5	3	5	7	2	2	0	7	8	5	8	3	9	6	
828_A/Chlidonias_hybrida 3	2	0	3	3	1	5	0	0	4	0	1	4	1	0	0	5	2	4	1	7	2	1	1	5	3	4	2	7	1	11	2	3	3	4	8	4	10	6	1	3	3	5	8	12	3	6	5	3	8	5	3	5	8	2	2	0	8	8	7	8	3	9	4	
829_A/Cygnus_atratus/Hub 3	2	0	3	3	1	5	0	1	4	0	1	3	1	0	0	5	2	4	1	7	2	1	1	5	3	2	2	7	1	13	2	3	5	4	8	5	8	6	1	2	4	5	7	13	3	6	6	3	9	5	3	4	7	2	2	1	6	8	6	8	3	9	5	
830_A/Cygnus_atratus/Hub 3	2	0	3	3	1	5	0	2	4	0	1	3	1	0	0	5	2	4	1	7	2	1	1	4	3	2	2	7	1	13	2	3	4	4	8	4	9	6	1	3	4	5	8	12	3	6	5	3	9	5	3	5	7	2	2	0	7	8	6	8	3	9	5	
831_A/Cygnus_columbianus 3	2	0	3	3	1	5	0	0	4	0	1	4	1	0	0	5	2	4	1	7	2	1	1	5	3	4	2	7	1	11	2	3	3	4	8	4	10	6	1	3	3	5	8	12	3	6	5	3	8	5	3	5	8	2	2	0	8	8	7	8	3	9	4	
832_A/Cygnus_columbianus 3	2	0	3	3	1	5	0	0	4	0	1	4	1	0	0	5	2	4	1	7	2	1	1	5	3	4	2	7	1	11	2	3	3	4	8	4	10	6	1	3	3	5	8	12	3	6	5	3	8	5	3	5	8	2	2	0	8	8	7	8	3	9	4	
833_A/Cygnus_columbianus 3	2	0	3	3	1	5	0	0	4	0	1	4	1	0	0	5	2	4	1	7	2	1	1	5	3	4	2	7	1	11	2	3	3	4	8	4	10	6	1	3	3	5	8	12	3	6	5	3	8	5	3	5	8	2	2	0	8	8	6	8	3	9	5	
834_A/Cygnus_columbianus 3	2	0	3	3	1	5	0	0	4	0	1	4	1	0	0	5	2	4	1	7	2	1	1	5	3	4	2	7	1	11	2	3	3	4	8	4	10	6	1	3	3	5	8	12	3	6	5	3	8	5	3	5	8	2	2	0	8	8	7	8	3	9	4	
835_A/Cygnus_columbianus 3	2	0	3	3	1	5	0	0	4	0	1	4	1	0	0	5	2	4	1	7	2	1	1	5	3	4	2	7	1	11	2	3	3	4	8	4	10	6	1	3	3	5	9	12	3	6	4	3	8	5	3	5	8	2	2	0	8	8	7	8	3	9	4	
836_A/Cygnus_columbianus 3	2	0	3	3	1	5	0	0	4	0	1	4	1	0	0	5	2	4	1	7	2	1	1	5	3	4	2	7	1	11	2	3	3	4	8	4	10	6	1	3	3	5	8	12	3	6	5	3	8	5	3	5	8	2	2	0	8	8	7	8	3	9	4	
837_A/Cygnus_columbianus 3	2	0	3	3	1	5	0	0	4	0	1	4	1	0	0	5	2	4	1	7	2	1	1	5	3	4	2	7	1	11	2	3	3	4	8	4	10	6	1	3	3	5	8	12	3	6	5	3	8	5	3	5	8	2	2	0	8	8	7	8	3	9	4	
838_A/Whooper_Swan/Sanme 3	2	0	3	3	1	5	0	1	4	0	1	3	1	0	0	5	2	4	1	7	2	1	1	5	3	2	2	7	1	13	2	3	3	4	8	4	10	6	1	3	4	5	8	12	3	6	5	3	9	5	3	5	7	2	2	0	7	8	6	8	3	9	5	
839_A/Wild_bird/Huadong/ 3	2	0	3	3	1	5	0	0	4	0	1	4	1	0	0	5	2	4	1	7	2	1	1	5	3	4	2	7	1	11	2	3	3	4	8	4	10	6	1	3	3	5	8	12	3	6	5	3	8	5	3	5	8	2	2	0	8	8	7	8	3	9	4	
840_A/chicken/Changhua/1 3	2	1	2	4	1	4	1	1	6	0	1	2	0	0	0	6	2	4	1	6	2	1	1	6	3	0	3	5	1	15	1	3	5	9	3	6	6	5	4	2	5	4	7	14	3	8	4	3	6	6	3	4	9	0	2	1	9	5	6	7	1	12	5	
841_A/chicken/Changhua/1 3	2	1	2	4	1	4	1	1	6	0	1	2	0	0	0	6	2	4	1	6	2	1	1	5	3	0	3	6	1	15	1	3	5	9	3	6	6	5	4	2	5	4	7	14	3	8	4	3	6	6	3	4	9	0	2	1	9	5	6	7	1	12	5	
842_A/chicken/Changhua/1 3	2	1	2	4	1	4	1	1	6	0	1	2	0	0	0	6	2	4	1	6	2	1	1	5	3	0	3	6	1	15	1	3	5	9	3	6	6	5	4	2	5	4	7	14	3	8	4	3	6	6	3	4	9	0	2	1	9	5	6	7	1	12	5	
843_A/chicken/Changhua/1 3	2	1	2	4	1	4	1	1	6	0	1	2	0	0	0	6	2	4	1	6	2	1	1	5	3	0	3	6	1	15	1	3	5	9	3	6	6	5	4	2	5	4	7	14	3	8	4	3	6	6	3	4	9	0	2	1	9	5	6	7	1	12	5	
844_A/chicken/Changhua/1 3	2	1	2	4	1	4	1	1	6	0	1	2	0	0	0	6	1	4	1	6	3	1	1	5	3	0	3	6	1	15	1	3	5	9	2	6	6	5	5	2	5	4	8	14	3	8	3	3	6	6	3	4	9	0	2	1	9	5	6	7	1	12	5	
845_A/chicken/Changhua/1 3	2	1	2	4	1	4	1	1	6	0	1	2	0	0	0	6	1	4	1	6	3	1	1	5	3	0	3	6	1	15	1	3	5	9	2	6	6	5	5	2	5	4	8	14	3	8	3	3	6	6	3	4	9	0	2	1	9	5	6	7	1	12	5	
846_A/chicken/Chiayi/150 3	2	1	2	4	1	4	1	1	6	0	1	2	0	0	0	6	2	4	1	6	2	1	1	5	3	0	3	6	1	15	1	3	5	9	3	6	6	5	4	2	5	4	8	14	3	8	3	3	6	6	3	4	9	0	2	1	9	5	6	7	1	12	5	
847_A/chicken/Kaohsiung/ 3	2	1	2	4	2	4	1	1	6	0	1	2	0	0	0	5	2	4	1	7	2	1	1	5	3	0	3	6	1	15	1	3	5	9	3	6	6	5	4	2	5	4	8	14	3	8	3	3	6	6	3	3	8	0	2	2	9	5	6	7	1	12	5	
848_A/chicken/Kaohsiung/ 3	2	1	2	4	1	4	1	1	6	0	1	2	0	0	0	5	2	4	1	7	2	1	1	5	3	0	3	6	1	15	1	3	5	9	3	6	6	5	4	2	5	4	8	14	3	8	3	3	6	6	3	4	9	0	2	1	9	5	6	7	1	12	5	
849_A/chicken/Kaohsiung/ 3	2	1	2	4	1	4	1	1	6	0	1	2	0	0	0	5	2	4	1	7	2	1	1	5	3	0	3	6	1	15	1	4	5	9	3	5	6	5	4	2	5	4	8	14	3	8	3	3	6	6	3	4	9	0	2	1	9	5	6	7	1	12	5	
850_A/chicken/Kaohsiung/ 3	2	1	2	4	1	4	1	1	6	0	1	2	0	0	0	5	2	4	1	7	2	1	1	5	3	0	3	6	1	15	1	4	5	9	3	5	6	5	4	2	5	4	7	14	3	8	4	3	6	6	3	4	9	0	2	1	9	5	6	7	1	12	5	
851_A/chicken/Kaohsiung/ 3	2	1	2	4	1	4	1	1	6	0	1	2	0	0	0	5	2	4	1	7	2	1	1	5	3	0	3	6	1	15	1	3	5	9	3	6	6	5	4	2	5	4	7	14	3	8	4	3	6	6	3	4	9	0	2	1	9	5	5	7	1	12	6	
852_A/chicken/Kaohsiung/ 3	2	1	2	4	1	4	1	1	6	0	1	2	0	0	0	5	2	4	1	7	2	1	1	5	3	0	3	6	1	15	1	4	5	9	3	5	6	5	4	2	5	4	8	14	3	8	3	3	6	6	3	4	9	0	2	1	9	5	6	7	1	12	5	
853_A/chicken/Kaohsiung/ 3	2	1	2	4	1	4	1	1	6	0	1	2	0	0	0	5	2	4	1	7	2	1	1	5	3	0	3	5	1	15	1	3	5	9	3	6	6	5	4	2	5	4	8	15	3	8	3	3	6	6	3	4	9	0	2	1	9	5	6	7	1	12	5	
854_A/chicken/Miaoli/150 3	2	1	2	4	1	4	1	1	6	0	1	2	0	0	0	6	2	4	1	6	2	1	1	5	3	0	3	6	1	15	1	3	5	9	3	6	6	5	4	2	5	4	7	14	3	8	4	3	6	6	3	4	9	0	2	1	9	5	6	7	1	12	5	
855_A/chicken/Nantou/161 3	2	1	2	4	1	4	1	1	6	0	1	2	0	0	0	5	2	4	1	7	2	1	1	5	3	0	3	6	1	15	1	4	5	9	3	5	6	5	4	2	5	4	8	14	3	8	3	3	6	6	3	4	9	0	2	1	9	5	6	7	1	12	5	
856_A/chicken/New_Taipei 3	2	1	2	4	1	4	1	1	6	0	1	2	0	0	0	5	2	4	1	7	2	1	1	5	3	0	3	6	1	15	1	3	5	9	3	6	6	5	4	2	5	4	8	14	3	8	3	3	6	6	3	4	9	0	2	1	9	5	6	7	1	12	5	
857_A/chicken/New_Taipei 3	2	1	2	4	1	4	1	1	6	0	1	2	0	0	0	5	2	4	1	7	2	1	1	5	3	0	3	6	1	15	1	3	5	9	3	6	6	5	4	2	5	4	8	14	3	8	3	3	6	6	3	4	9	0	2	1	9	5	6	7	1	12	5	
858_A/chicken/New_Taipei 3	2	1	2	4	1	4	1	1	6	0	1	2	0	0	0	5	2	4	1	7	2	1	0	5	3	0	4	6	1	15	1	3	5	9	3	6	6	5	4	2	6	4	8	14	2	8	3	3	6	6	3	4	9	0	2	1	9	5	6	7	1	12	5	
859_A/chicken/New_Taipei 3	2	1	2	4	1	4	1	1	6	0	1	2	0	0	0	5	2	4	1	7	2	1	0	5	3	0	4	6	1	15	1	3	5	9	3	6	6	5	4	2	6	4	8	14	2	8	3	3	6	6	3	4	9	0	2	1	9	5	6	7	1	12	5	
860_A/chicken/New_Taipei 3	2	1	2	4	1	4	1	1	6	0	1	2	0	0	0	5	2	4	1	7	2	1	0	5	3	0	4	6	1	15	1	3	5	9	3	6	6	5	4	2	6	4	8	14	2	8	3	3	6	6	3	4	9	0	2	1	9	5	6	7	1	12	5	
861_A/chicken/New_Taipei 3	2	1	2	4	1	4	1	1	6	0	1	2	0	0	0	5	2	4	1	7	2	1	0	5	3	0	4	6	1	15	1	3	5	9	3	6	6	5	4	2	6	4	8	14	2	8	3	3	6	6	3	4	9	0	2	1	9	5	6	7	1	12	5	
862_A/chicken/Taichung/1 3	2	1	2	4	1	4	1	1	6	0	1	2	0	0	0	6	1	4	1	6	3	1	1	5	4	1	4	6	0	14	0	3	5	9	2	6	6	5	5	2	5	5	8	14	3	7	3	3	7	6	3	4	7	0	2	2	10	4	6	6	1	13	5	
863_A/chicken/Tainan/150 3	2	1	2	4	1	4	1	1	6	0	1	2	0	0	0	6	2	4	1	6	2	1	1	5	3	0	3	6	1	15	1	3	5	9	3	6	6	5	4	2	5	4	8	14	3	8	3	3	6	6	3	4	9	0	2	1	9	5	6	7	1	12	5	
864_A/chicken/Tainan/170 3	2	1	2	4	1	4	1	1	6	0	1	2	0	0	0	5	2	4	1	7	2	1	1	5	3	0	3	6	1	15	1	3	5	8	5	6	6	5	3	2	5	5	7	14	3	8	3	3	6	6	3	4	9	0	2	1	9	5	6	7	1	12	5	
865_A/chicken/Taipei_Cit 3	2	1	1	4	1	4	2	1	6	0	1	2	0	0	0	5	2	4	1	7	2	1	0	5	3	0	4	6	1	15	1	3	5	9	3	6	6	5	4	2	6	4	8	14	2	8	3	3	6	6	3	4	9	0	2	1	9	5	6	7	1	12	5	
866_A/chicken/Taipei/160 3	2	1	2	4	1	4	1	1	6	0	1	2	0	0	0	5	2	4	1	7	2	1	1	5	3	0	3	6	1	15	1	4	5	9	3	5	6	5	4	2	5	4	8	14	3	8	3	3	6	6	3	4	9	0	2	1	9	5	6	7	1	12	5	
867_A/chicken/Taipei/160 3	2	1	2	4	1	4	1	1	6	0	1	2	0	0	0	5	2	4	1	7	2	1	1	5	3	0	3	6	1	15	1	4	5	9	3	5	6	5	4	2	5	4	8	14	3	8	3	3	6	6	3	4	9	0	2	1	9	5	6	7	1	12	5	
868_A/chicken/Taipei/161 3	2	1	2	4	1	4	1	1	6	0	1	2	0	0	0	5	2	4	1	7	2	1	1	5	3	1	3	6	1	14	1	3	5	9	3	6	6	5	4	2	5	4	7	14	3	8	4	3	6	6	3	4	9	0	2	1	9	5	6	7	1	12	5	
869_A/chicken/Taipei/170 3	2	1	2	4	1	4	1	1	6	0	1	2	0	0	0	5	2	4	1	7	2	1	0	5	3	0	4	6	1	15	1	3	5	9	3	6	6	5	4	2	6	4	8	14	2	8	3	3	6	6	3	4	9	0	2	1	9	5	6	7	1	12	5	
870_A/chicken/Taipei/170 3	2	1	2	4	1	4	1	1	6	0	1	2	0	0	0	5	2	4	1	7	2	1	0	5	3	0	4	6	1	15	1	3	5	9	3	6	6	5	4	2	6	4	8	14	2	8	3	3	6	6	3	4	9	0	2	1	9	5	6	7	1	12	5	
871_A/chicken/Taipei/170 3	2	1	2	4	1	4	1	1	6	0	1	2	0	0	0	5	2	4	1	7	2	1	0	5	3	0	3	6	1	15	1	3	5	9	3	6	6	5	4	2	6	4	9	14	2	8	3	3	6	6	3	4	9	0	2	1	9	5	6	7	1	12	5	
872_A/chicken/Yunlin/150 3	2	1	2	4	1	4	1	1	6	0	1	2	0	0	0	6	2	4	1	6	2	1	1	6	3	0	3	5	1	15	1	3	5	9	3	6	6	5	4	2	5	4	7	14	3	8	4	3	6	6	3	4	9	0	2	1	9	5	6	7	1	12	5	
873_A/chicken/Yunlin/160 3	2	1	2	4	1	4	1	1	6	0	1	2	0	0	0	6	1	4	1	6	3	1	1	5	3	0	3	6	1	15	1	3	5	9	2	6	6	5	5	2	5	4	8	14	3	8	3	3	6	6	3	4	9	0	2	1	9	4	6	7	1	13	5	
874_A/chicken/Yunlin/170 3	2	1	2	4	1	4	1	1	6	0	1	2	0	0	0	6	1	4	1	6	3	1	1	5	3	0	4	6	1	15	0	3	5	9	2	6	6	5	5	2	5	4	8	14	3	8	3	3	7	6	3	4	8	0	2	1	9	5	6	7	1	12	5	
875_A/duck/Chiayi/150800 3	2	1	2	4	1	4	1	1	6	0	1	2	0	0	0	6	1	4	1	6	3	1	1	5	3	0	3	6	1	15	1	3	5	9	2	6	6	5	5	2	5	4	8	14	3	8	3	3	6	6	3	4	9	0	2	1	9	5	6	7	1	12	5	
876_A/duck/Eastern_China 4	2	1	2	3	1	4	1	1	5	0	1	2	0	0	0	6	2	4	1	6	2	1	1	5	3	0	3	6	1	15	1	3	5	8	6	6	6	6	1	2	5	4	5	14	3	8	6	2	7	6	3	4	8	0	2	3	8	7	7	6	3	10	4	
877_A/duck/Eastern_China 4	3	1	2	3	0	4	1	1	5	0	1	2	0	0	0	6	2	4	1	6	2	1	1	5	3	1	3	6	1	14	1	4	5	10	6	5	6	4	1	2	4	4	5	14	4	8	6	3	7	6	3	4	8	0	2	2	7	7	7	6	4	10	4	
878_A/duck/Eastern_China 4	3	1	2	3	0	4	1	1	5	0	1	2	0	0	0	6	2	4	1	6	2	1	1	5	3	1	3	6	1	14	1	3	5	9	6	6	6	5	1	2	4	4	5	14	4	8	6	3	7	6	3	4	8	0	2	2	7	7	7	6	4	10	4	
879_A/duck/Eastern_China 4	3	1	2	3	0	4	1	0	5	0	1	2	0	0	0	6	2	4	1	6	2	1	1	6	3	0	3	6	1	15	1	3	5	9	6	6	6	5	1	2	4	4	5	14	4	8	6	3	7	6	3	4	8	0	2	2	7	7	7	6	4	10	4	
880_A/duck/Eastern_China 4	3	1	2	3	0	4	1	1	4	0	1	2	1	0	0	6	2	5	1	6	2	1	1	5	3	0	3	7	1	14	1	3	5	8	6	6	6	6	1	2	4	3	5	14	4	7	7	3	7	6	3	4	8	0	2	2	7	7	7	6	4	10	4	
881_A/duck/Eastern_China 4	3	1	2	3	0	3	1	1	4	0	1	2	1	0	0	6	2	4	1	5	3	1	1	5	3	0	3	6	1	15	1	3	5	8	6	6	6	6	1	2	4	4	5	14	4	8	6	1	7	6	5	4	8	0	2	3	8	7	7	6	3	10	4	
882_A/duck/Eastern_China 4	3	1	2	3	0	4	1	1	5	0	1	2	0	0	0	6	2	2	1	7	2	3	1	4	3	0	3	6	1	15	1	3	5	8	5	6	6	6	2	2	4	4	5	14	4	8	6	3	7	6	3	4	8	0	2	2	6	7	7	6	5	10	4	
883_A/duck/Eastern_China 4	2	1	2	3	1	4	1	1	5	0	1	2	0	0	0	6	2	4	1	6	2	1	1	5	3	0	3	6	1	15	1	3	5	7	6	6	6	7	1	2	5	4	5	14	3	8	6	2	7	6	3	4	8	0	2	3	8	7	7	6	3	10	4	
884_A/duck/Eastern_China 4	2	1	2	3	1	4	1	1	5	0	1	1	0	0	0	6	2	4	1	6	2	1	1	5	3	0	3	6	1	15	1	3	5	6	6	6	6	8	1	2	5	4	5	14	3	8	6	2	7	6	3	4	8	0	2	3	8	7	7	6	3	10	4	
885_A/duck/Eastern_China 4	2	1	2	3	1	4	1	1	5	0	1	2	0	0	0	6	2	4	1	6	2	1	1	5	3	0	3	6	1	15	1	3	5	8	6	5	6	6	1	3	5	4	5	14	3	8	6	2	7	5	3	4	8	1	2	3	8	7	7	6	3	10	4	
886_A/duck/Guangdong/s14 4	3	1	2	3	0	4	1	1	5	0	1	2	0	0	0	6	2	2	1	7	2	3	1	4	3	0	3	6	1	15	1	3	5	8	5	6	6	6	2	3	3	4	5	14	4	8	6	3	7	4	3	4	8	1	2	4	5	8	7	5	5	10	4	
887_A/duck/Hunan/11.30_Y 3	2	0	2	3	1	5	1	1	4	0	1	3	1	0	0	5	2	3	1	7	2	2	1	5	3	3	2	7	1	12	2	3	3	4	7	4	9	6	2	3	5	6	8	12	3	5	5	3	9	5	3	5	7	2	2	0	7	8	6	8	3	9	5	
888_A/duck/Shandong/Q1/2 4	3	1	2	3	0	4	1	1	5	0	1	2	0	0	0	6	2	2	1	7	2	3	1	4	3	0	3	6	1	15	1	3	5	8	5	6	6	6	2	2	4	4	5	14	4	8	6	3	7	6	3	4	8	0	2	2	5	7	7	6	6	10	4	
889_A/duck/Tainan/150104 3	2	1	2	4	1	4	1	1	6	0	1	2	0	0	0	6	2	4	1	6	2	1	1	5	3	0	3	6	1	15	1	3	5	9	3	6	6	5	4	2	5	4	8	14	3	8	3	3	6	6	3	4	9	0	2	1	9	5	6	7	1	12	5	
890_A/duck/Taiwan/A3400/ 3	2	1	2	4	1	4	1	1	6	0	1	2	0	0	0	6	2	4	1	6	2	1	1	5	3	0	3	6	1	15	1	3	5	9	3	6	6	5	4	2	5	4	8	14	3	8	3	3	6	6	3	4	9	0	2	1	9	5	6	7	1	12	5	
891_A/duck/Xinjiang/12.1 3	2	0	3	3	1	5	0	1	4	0	1	3	1	0	0	5	2	4	1	7	2	1	1	5	3	2	2	7	1	13	2	3	3	4	8	4	10	6	1	3	3	5	8	12	3	6	5	3	9	5	3	5	7	2	2	1	8	8	7	7	3	9	4	
892_A/duck/Yunlin/150102 3	2	1	2	4	1	4	1	1	6	0	1	2	0	0	0	6	2	4	1	6	2	1	1	5	3	0	3	6	1	15	1	3	5	9	3	6	6	5	4	2	5	4	7	14	3	8	4	3	6	6	3	4	9	0	2	1	9	5	6	7	1	12	5	
893_A/duck/Yunlin/150104 3	2	1	2	4	1	4	1	1	6	0	1	2	0	0	0	6	2	4	1	6	2	1	1	5	3	0	3	6	1	15	1	3	5	9	3	6	6	5	4	2	5	4	7	14	3	8	4	3	6	6	3	4	9	0	2	1	9	5	6	7	1	12	5	
894_A/duck/Zhejiang/6D18 4	2	1	2	3	1	4	1	1	5	0	1	2	0	0	0	6	2	4	1	6	2	1	1	6	3	0	3	5	1	15	1	3	5	8	6	6	6	6	1	2	5	4	5	14	3	8	6	2	7	6	3	4	8	0	2	3	8	7	7	6	3	10	4	
895_A/duck/Zhejiang/9250 4	2	1	2	3	1	4	1	1	5	0	1	2	0	0	0	6	2	4	1	6	2	1	1	5	3	0	3	6	1	15	1	3	5	7	6	6	6	7	1	2	5	4	5	14	3	8	6	2	7	6	3	4	8	0	2	3	8	7	7	6	3	10	4	
896_A/duck/Zhejiang/9251 4	2	1	2	3	1	4	1	1	5	0	1	2	0	0	0	6	2	4	1	6	2	1	1	5	3	0	3	6	1	15	1	3	5	7	6	6	6	7	1	2	5	4	5	14	3	8	6	2	7	6	3	4	8	0	2	3	8	7	7	6	3	10	4	
897_A/duck/Zhejiang/W24/ 4	2	1	2	3	1	4	1	1	5	0	1	2	0	0	0	6	2	4	1	6	2	1	1	5	3	0	3	6	1	15	1	3	5	8	6	6	6	6	1	2	5	4	5	14	3	8	6	2	7	6	3	4	8	0	2	3	8	7	7	6	3	10	4	
898_A/eurasian_coot/Shan 3	2	0	3	3	1	5	0	0	4	0	1	4	1	0	0	5	2	4	1	7	2	1	1	5	3	4	2	7	1	11	2	3	3	4	8	4	10	6	1	3	3	5	8	12	3	6	5	3	8	5	3	5	8	2	2	0	8	8	7	8	3	9	4	
899_A/eurasian_coot/Shan 3	2	0	3	3	1	5	0	0	4	0	1	4	1	0	0	5	2	4	1	7	2	1	1	5	3	4	2	7	1	11	2	3	3	4	8	4	10	6	1	3	3	5	8	12	3	6	5	3	8	5	3	5	8	2	2	0	8	8	7	8	3	9	4	
900_A/eurasian_coot/Shan 3	2	0	3	3	1	5	0	0	4	0	1	4	1	0	0	5	2	4	1	7	2	1	1	5	3	4	2	7	1	11	2	3	3	4	8	4	10	6	1	3	3	5	8	12	3	6	5	3	8	5	3	5	8	2	2	0	8	8	7	8	3	9	4	
901_A/eurasian_coot/Shan 3	2	0	3	3	1	5	0	0	4	0	1	4	1	0	0	5	2	4	1	7	2	1	1	5	3	4	2	7	1	11	2	3	3	4	8	4	10	6	1	3	3	5	8	12	3	6	5	3	8	5	3	5	8	2	2	0	8	8	7	8	3	9	4	
902_A/goose/Chiayi/15020 3	2	1	2	4	1	4	1	1	6	0	1	2	0	0	0	6	2	4	1	6	2	1	1	5	3	0	3	6	1	15	1	4	4	9	3	5	7	5	4	2	5	4	7	14	3	8	4	3	6	6	3	4	9	0	2	1	9	5	6	7	1	12	5	
903_A/goose/China/1/2021 3	2	0	3	3	1	5	0	0	4	0	1	4	1	0	0	5	2	4	1	7	2	1	1	5	3	4	2	7	1	11	2	3	3	4	9	4	10	6	1	3	2	5	8	12	3	6	5	3	8	4	3	5	8	2	2	0	9	8	7	8	3	9	4	
904_A/goose/Eastern_Chin 4	2	1	2	3	1	4	1	1	5	0	1	2	0	0	0	6	2	4	1	6	2	1	1	5	3	0	3	6	1	15	1	3	5	8	6	6	6	6	1	2	5	4	5	14	3	8	6	2	8	6	2	4	8	0	3	3	8	8	7	6	2	9	4	
905_A/goose/Eastern_Chin 4	3	1	2	3	0	4	1	1	5	0	1	2	0	0	0	6	2	2	1	7	2	3	1	4	3	0	3	6	1	15	1	3	5	8	5	6	6	6	2	2	4	4	5	14	4	8	6	3	7	6	3	4	8	0	2	2	6	8	7	6	5	9	4	
906_A/goose/Eastern_Chin 4	3	1	2	3	0	4	1	1	5	0	1	2	0	0	0	6	2	2	1	7	2	3	1	4	3	0	3	6	1	15	1	3	5	8	5	6	6	6	2	2	4	4	5	14	4	8	6	3	7	6	3	4	8	0	2	2	6	8	7	6	5	9	4	
907_A/goose/Eastern_Chin 4	2	1	2	3	1	4	1	1	5	0	1	2	0	0	0	6	2	4	1	6	2	1	1	6	3	0	3	5	1	15	1	3	5	8	6	6	6	6	1	2	5	5	5	14	3	7	6	2	7	6	3	4	8	0	2	3	8	7	7	6	3	10	4	
908_A/goose/Guangdong/s1 4	3	1	2	3	0	4	1	1	5	0	1	2	0	0	0	6	2	3	1	6	2	2	1	5	3	0	3	6	1	15	1	3	5	9	5	6	6	5	2	3	3	4	5	14	4	8	6	3	7	5	3	4	8	0	2	2	6	8	7	6	5	10	4	
909_A/goose/Hebei/HG12/2 3	2	0	3	3	1	5	0	0	4	0	1	4	1	0	0	5	2	4	1	7	2	1	1	5	3	4	1	7	1	11	3	3	3	4	8	4	10	6	1	3	3	5	8	12	3	6	5	3	8	5	3	5	8	2	2	0	8	8	7	8	3	9	4	
910_A/goose/Jiangsu/QD5/ 4	2	1	2	3	1	4	1	1	5	0	1	2	0	0	0	6	2	4	1	6	2	1	1	5	3	0	3	6	1	15	1	3	5	8	6	6	6	6	1	2	5	4	5	14	3	8	6	2	7	6	3	4	8	0	2	3	8	7	7	6	3	10	4	
911_A/goose/Pingtung/150 3	2	1	2	4	1	4	1	1	6	0	1	2	0	0	0	5	2	4	1	7	2	1	1	5	3	0	3	6	1	15	1	3	5	9	3	6	6	5	4	2	5	4	8	14	3	8	3	3	6	6	3	4	9	0	2	1	9	5	6	7	1	12	5	
912_A/goose/Pingtung/160 3	2	1	2	4	1	4	1	1	6	0	1	2	0	0	0	5	2	4	1	7	2	1	1	5	3	0	3	6	1	15	1	3	5	9	3	6	6	5	4	2	5	4	8	14	3	8	3	3	6	6	3	4	9	0	2	1	9	5	7	7	1	12	4	
913_A/goose/Tainan/16040 3	2	1	2	4	1	4	1	1	6	0	1	2	0	0	0	6	2	4	1	6	2	1	1	5	3	0	3	6	1	15	1	3	5	9	3	6	6	5	4	2	5	4	8	14	3	8	3	3	6	6	3	4	10	0	2	1	8	5	6	7	1	12	5	
914_A/goose/Tainan/16070 3	2	1	2	4	1	4	1	1	6	0	1	2	0	0	0	6	2	4	1	6	2	1	1	5	3	1	3	6	1	14	1	3	5	9	3	6	6	5	4	2	5	4	8	14	3	8	3	3	6	6	3	4	10	0	2	1	8	5	6	7	1	12	5	
915_A/goose/Taiwan/01019 3	2	1	2	4	1	4	1	1	6	0	1	2	0	0	0	6	2	4	1	6	2	1	1	5	3	0	3	6	1	15	1	3	5	9	3	6	6	5	4	2	5	4	8	14	3	8	3	3	6	6	3	4	9	0	2	1	9	5	6	7	1	12	5	
916_A/goose/Taiwan/01039 3	2	1	2	4	1	4	1	1	6	0	1	2	0	0	0	6	2	4	1	6	2	1	1	5	3	0	3	5	2	15	1	3	5	9	3	6	6	5	4	2	5	5	8	14	3	7	3	3	6	6	3	4	9	0	2	1	9	5	6	7	1	12	5	
917_A/goose/Taiwan/TNC1/ 3	2	1	2	4	1	4	1	1	6	0	1	2	0	0	0	6	2	4	1	6	2	1	1	5	3	0	3	6	1	15	1	3	5	9	3	6	6	5	4	2	5	4	7	14	3	8	4	3	6	6	3	4	9	0	2	2	9	5	6	6	1	12	5	
918_A/goose/Taiwan/TNC10 3	2	1	2	4	1	4	1	1	6	0	1	2	0	0	0	6	2	4	1	6	2	1	1	5	3	0	3	6	1	15	1	3	5	9	3	6	6	5	4	2	5	4	7	14	3	8	4	3	6	6	3	4	9	0	2	2	9	5	6	6	1	12	5	
919_A/goose/Taiwan/TNC11 3	2	1	2	4	1	4	1	1	6	0	1	2	0	0	0	6	2	4	1	6	2	1	1	5	3	0	3	6	1	15	1	3	5	9	3	6	6	5	4	2	5	4	8	14	3	8	3	3	6	6	3	4	9	0	2	1	9	5	6	7	1	12	5	
920_A/goose/Taiwan/TNC12 3	2	1	2	4	1	4	1	1	6	0	1	2	0	0	0	6	2	4	1	6	2	1	1	5	3	0	3	6	1	15	1	3	5	9	3	6	6	5	4	2	5	4	7	14	3	8	4	3	6	6	3	4	9	0	2	2	9	5	6	6	1	12	5	
921_A/goose/Taiwan/TNC14 3	2	1	2	4	1	4	1	1	6	0	1	2	0	0	0	6	2	4	1	6	2	1	1	5	3	0	3	6	1	15	1	3	5	9	3	6	6	5	4	2	5	4	7	14	3	8	4	3	6	6	3	4	9	0	2	2	9	5	6	6	1	12	5	
922_A/goose/Taiwan/TNC3/ 3	2	1	2	4	1	4	1	1	6	0	1	2	0	0	0	6	2	4	1	6	2	1	1	5	3	0	3	6	1	15	1	3	5	9	3	6	6	5	4	2	5	4	7	14	3	8	4	3	6	6	3	4	9	0	2	1	9	5	6	7	1	12	5	
923_A/goose/Taiwan/TNC7/ 3	2	1	2	4	1	4	1	1	6	0	1	2	0	0	0	6	2	4	1	6	2	1	1	5	3	0	3	6	1	15	1	3	5	9	3	6	6	5	4	2	5	4	7	14	3	8	4	3	6	6	3	4	9	0	2	2	9	5	6	6	1	12	5	
924_A/goose/Taiwan/TNC9/ 3	2	1	2	4	1	4	1	1	6	0	1	2	0	0	0	6	2	4	1	6	2	1	1	5	3	0	3	6	1	15	1	3	5	9	3	6	6	5	4	2	5	4	7	14	3	8	4	3	6	6	3	4	9	0	2	1	9	5	6	7	1	12	5	
925_A/goose/Taiwan/TNO15 3	2	1	2	4	1	4	1	1	6	0	1	2	0	0	0	6	2	4	1	6	2	1	1	5	3	0	3	6	1	15	1	3	5	9	3	6	6	5	4	2	5	4	8	14	3	8	3	3	6	6	3	4	9	0	2	1	9	5	6	7	1	12	5	
926_A/goose/Taiwan/TNO3/ 3	2	1	2	4	1	4	1	1	6	0	1	2	0	0	0	6	2	4	1	6	2	1	1	5	3	0	3	6	1	15	1	3	5	9	3	6	6	5	4	2	5	4	8	14	3	8	3	3	6	6	3	4	9	0	2	1	9	5	6	7	1	12	5	
927_A/goose/Taiwan/TNO9/ 3	2	1	2	4	1	4	1	1	6	0	1	2	0	0	0	6	2	4	1	6	2	1	1	5	3	0	3	6	1	15	1	3	5	9	3	6	6	5	4	2	5	4	8	14	3	8	3	3	6	6	3	4	9	0	2	1	9	5	6	7	1	12	5	
928_A/goose/Taoyuan/1501 3	2	1	2	4	1	4	1	1	6	0	1	2	0	0	0	6	2	4	1	6	2	1	1	5	3	0	3	6	1	15	1	3	5	9	3	6	6	5	4	2	5	4	7	14	3	8	4	3	6	6	3	4	9	0	2	1	9	5	6	7	1	12	5	
929_A/goose/Xinjiang/12. 3	2	0	3	3	1	5	0	1	4	0	1	3	1	0	0	5	2	4	1	7	2	1	1	5	3	2	2	7	1	13	2	3	3	4	8	4	10	6	1	3	3	5	8	12	3	6	5	3	9	5	3	5	7	2	2	0	8	8	7	8	3	9	4	
930_A/goose/Xinjiang/12. 3	2	0	3	3	1	5	0	1	4	0	1	3	1	0	0	5	2	4	1	7	2	1	1	5	3	2	2	7	1	13	2	3	3	4	8	4	10	6	1	3	3	5	8	12	3	6	5	3	9	5	3	5	7	2	2	0	8	8	7	8	3	9	4	
931_A/goose/Xinjiang/12. 3	2	0	3	3	1	5	0	1	4	0	1	3	1	0	0	5	2	4	1	7	2	1	1	5	3	2	2	7	1	13	2	3	3	4	8	4	10	6	1	3	3	5	8	12	3	6	5	3	9	5	3	5	7	2	2	0	8	8	7	8	3	9	4	
932_A/goose/Xinjiang/12. 3	2	0	3	3	1	5	0	1	5	0	1	3	0	0	0	5	2	4	1	7	2	1	1	5	3	2	2	7	1	13	2	3	3	4	8	4	10	6	1	3	3	5	8	12	3	6	5	3	9	5	3	5	7	2	2	0	8	8	7	8	3	9	4	
933_A/goose/Yangzhou/042 4	2	1	2	3	2	4	1	1	5	0	1	2	0	0	0	6	2	4	1	6	2	1	1	5	3	1	3	6	1	14	1	3	5	8	6	5	6	6	1	3	5	4	5	14	3	8	6	2	7	6	3	4	8	0	2	3	7	7	7	6	3	10	4	
934_A/goose/Yunlin/15040 3	2	1	2	4	1	4	1	1	6	0	1	2	0	0	0	6	1	4	1	6	3	1	1	5	3	0	2	6	1	15	2	3	5	9	2	6	6	5	5	2	5	4	8	14	3	8	3	3	6	6	3	4	9	0	2	1	9	5	6	7	1	12	5	
935_A/goose/Zhejiang/925 4	2	1	2	3	1	4	1	1	5	0	1	2	0	0	0	6	2	4	1	6	2	1	1	5	3	0	3	6	1	15	1	3	5	7	6	6	6	7	1	2	5	4	5	14	3	8	6	2	7	6	3	4	8	0	2	3	8	7	7	6	3	10	4	
936_A/goose/Zhejiang/925 4	2	1	2	3	1	4	1	1	5	0	1	2	0	0	0	6	2	4	1	6	2	1	1	5	3	0	3	6	1	15	1	3	5	7	6	6	6	7	1	2	5	4	5	14	3	8	6	2	7	6	3	4	8	0	2	3	8	7	7	6	3	10	4	
937_A/mallard/Shanghai/S 4	2	1	2	3	1	4	1	1	5	0	1	2	0	0	0	6	2	3	1	6	2	2	1	4	3	1	3	6	1	14	2	3	5	8	6	6	6	6	1	2	5	4	5	14	3	8	6	2	8	6	3	4	7	0	2	3	8	7	7	6	3	10	4	
938_A/swan/China/ST/2016 3	2	0	3	3	1	5	0	1	4	0	1	3	1	0	0	5	2	4	1	7	2	1	1	5	3	2	2	7	1	13	2	3	3	4	8	4	10	6	1	3	4	5	8	12	3	6	5	3	9	5	3	5	7	2	2	0	7	8	6	8	3	9	5	
939_A/swan/Shandong/W376 3	2	0	3	3	1	5	0	1	4	0	1	3	1	0	0	5	2	4	1	6	2	1	1	5	3	2	2	7	1	13	2	4	4	4	8	5	9	6	1	2	4	5	8	12	3	6	5	2	9	5	3	5	7	2	2	2	8	8	5	7	2	9	6	
940_A/turkey/Chiayi/1702 3	2	1	2	4	1	4	1	1	6	0	1	2	0	0	0	5	2	4	1	7	2	1	1	5	3	0	3	6	1	15	1	4	5	9	3	5	6	5	4	2	5	4	8	14	3	8	3	3	6	5	3	4	9	1	2	1	9	5	6	7	1	12	5	
941_A/whooper_swan/Shanx 3	2	0	3	3	1	5	0	1	4	0	1	3	1	0	0	5	2	4	1	7	2	1	1	5	3	2	2	7	1	13	2	3	3	4	8	4	10	6	1	3	4	5	8	12	3	6	5	3	9	5	3	5	7	2	2	0	7	8	6	8	3	9	5	
942_A/wild_duck/Shandong 3	2	0	3	3	1	5	0	0	4	0	1	4	1	0	0	5	2	4	1	7	2	1	1	5	3	4	2	7	1	11	2	3	3	4	8	4	10	6	1	3	3	5	8	12	3	6	5	3	8	5	3	5	8	2	2	0	8	8	7	8	3	9	4	
943_A/Anser_cygnoides/Hu 10	8	10	12	7	6	4	5	7	10	1	0	4	1	0	0	1	6	7	0	4	5	2	0	3	9	8	3	3	1	8	1	13	14	19	9	5	4	7	5	13	8	12	10	9	3	7	13	12	5	17	8	9	5	7	8	14	8	18	17	13	2	5	12	
944_A/bar_headed_goose/T 10	7	9	11	7	7	5	6	5	9	1	0	6	3	0	0	1	5	8	0	4	6	2	0	4	9	6	2	2	1	11	2	13	13	15	9	8	6	9	5	15	7	11	11	11	2	6	12	9	4	14	9	9	5	9	7	11	9	18	18	12	3	6	12	
945_A/Bar-headed_Goose/Q 10	8	9	12	7	6	5	5	7	9	1	0	4	2	0	0	1	6	7	0	4	5	2	0	3	9	8	2	2	1	9	1	13	15	18	9	5	4	7	5	14	8	11	11	8	4	7	13	11	5	16	8	10	5	7	8	14	8	18	17	13	2	6	12	
946_A/Bar-headed_Goose/Q 10	7	10	12	7	6	5	5	7	9	1	0	4	2	0	0	0	6	7	0	4	5	2	0	3	9	8	2	2	1	9	1	13	15	18	9	5	4	7	5	14	8	12	10	8	4	7	13	12	5	16	8	10	5	7	8	14	8	18	18	13	2	6	11	
947_A/Bar-headed_Goose/Q 10	8	9	12	7	6	4	5	7	9	1	0	4	2	0	0	1	6	7	0	4	5	2	0	3	9	8	2	2	1	9	1	13	15	18	9	5	4	8	5	14	8	11	11	8	4	7	13	11	5	16	8	10	5	7	8	14	8	18	17	13	2	6	12	
948_A/Bar-headed_Goose/Q 10	8	9	12	7	6	5	5	7	9	1	0	4	2	0	0	1	6	7	0	4	5	2	0	3	9	8	2	2	1	9	1	13	15	18	9	5	4	7	5	14	8	11	11	8	4	7	13	11	5	16	8	10	5	7	8	14	8	18	17	13	2	6	12	
949_A/Bar-headed_Goose/Q 10	8	9	12	7	6	5	5	7	9	1	0	4	2	0	0	1	6	7	0	4	5	2	0	3	9	8	2	2	1	9	1	13	15	18	9	5	4	7	5	14	8	11	11	8	4	7	13	11	5	16	8	10	5	7	8	14	8	18	17	13	2	6	12	
950_A/Bar-headed_Goose/Q 9	8	9	12	7	6	5	5	7	9	1	0	5	2	0	0	1	6	7	0	4	5	2	0	3	9	7	2	2	1	10	1	13	15	18	9	5	4	8	5	14	8	11	11	8	4	7	13	11	5	16	8	10	5	6	8	14	8	18	17	13	2	6	12	
951_A/Bar-headed_Goose/Q 9	8	9	12	7	6	6	5	7	9	1	0	4	2	0	0	2	6	7	0	4	5	2	0	3	9	7	2	2	1	10	1	13	15	18	9	5	4	7	5	14	8	11	11	8	4	7	13	11	5	16	8	10	5	6	8	14	8	18	17	13	2	6	12	
952_A/Bar-headed_Goose/Q 10	8	9	12	7	6	5	5	7	9	1	0	4	2	0	0	1	6	7	0	4	5	2	0	3	9	7	2	2	1	10	1	13	15	18	9	5	4	7	5	14	8	11	11	8	4	7	13	11	5	16	8	10	5	7	8	14	8	18	17	13	2	6	12	
953_A/Bar-headed_Goose/Q 10	8	9	12	7	6	5	5	7	9	1	0	4	2	0	0	1	6	7	0	4	5	2	0	3	9	8	2	2	1	9	1	13	15	18	9	5	4	7	5	14	8	11	11	8	4	7	13	11	5	16	8	10	5	7	8	14	8	18	17	13	2	6	12	
954_A/Bar-headed_Goose/Q 9	8	9	12	7	6	5	5	7	9	1	0	4	2	0	0	1	6	7	0	4	5	2	0	3	9	8	2	2	1	9	1	14	15	18	8	5	4	7	5	14	8	11	11	8	4	7	13	11	5	16	9	10	5	7	8	14	8	18	17	13	2	6	12	
955_A/Bar-headed_Goose/Q 9	8	9	12	7	6	5	5	7	9	1	0	4	2	0	0	2	6	7	0	4	5	2	0	3	9	8	2	2	1	9	1	13	15	18	9	5	4	7	5	14	8	11	11	8	4	7	13	11	5	16	8	10	5	7	8	14	8	18	17	13	2	6	12	
956_A/Bar-headed_Goose/Q 10	8	9	12	7	6	5	5	7	9	1	0	4	2	0	0	1	6	7	0	4	5	2	0	3	9	8	2	2	1	9	1	13	15	18	9	5	4	7	5	14	8	11	11	8	4	7	13	11	5	16	8	10	5	7	8	14	8	18	17	13	2	6	12	
957_A/Bar-headed_Goose/Q 10	8	9	12	7	6	5	5	7	9	1	0	4	2	0	0	1	6	7	0	4	5	2	0	3	9	8	2	2	1	9	1	13	15	18	9	5	4	7	5	14	8	11	11	8	4	7	13	11	5	16	8	10	5	7	8	14	8	18	17	13	2	6	12	
958_A/Bar-headed_Goose/Q 10	8	9	12	7	6	5	5	7	9	1	0	4	2	0	0	1	6	7	0	4	5	2	0	3	9	8	2	2	1	9	1	13	15	18	9	5	4	7	5	14	8	11	11	8	4	7	13	11	5	16	8	10	5	7	8	14	8	18	17	13	2	6	12	
959_A/Bar-headed_Goose/Q 9	8	9	12	7	6	5	5	7	9	1	0	5	2	0	0	1	6	8	0	4	5	2	0	3	9	7	2	2	1	9	1	13	15	18	9	5	4	8	5	14	8	10	12	8	4	7	13	11	5	16	8	10	5	6	8	14	8	18	18	13	2	6	11	
960_A/Bar-headed_Goose/Q 10	8	9	12	7	6	5	5	7	9	1	0	4	2	0	0	1	6	7	0	4	5	2	0	3	9	8	2	2	1	9	1	13	15	18	9	5	4	7	5	14	8	11	11	8	4	7	13	11	5	16	8	10	5	7	8	14	8	18	17	13	2	6	12	
961_A/Bar-headed_Goose/Q 10	8	9	12	7	6	5	5	7	9	1	0	4	2	0	0	1	6	7	0	4	5	2	0	3	9	7	2	2	1	10	1	12	15	18	9	5	4	8	5	14	8	11	11	8	4	7	13	12	5	16	8	10	5	6	8	14	8	18	17	12	3	6	12	
962_A/Bar-headed_Goose/Q 10	8	9	12	7	6	5	5	7	9	1	0	4	2	0	0	1	6	7	0	4	5	2	0	3	9	8	2	2	1	9	1	13	15	18	9	5	4	7	5	14	8	11	11	8	4	7	13	11	5	16	8	10	5	7	8	14	8	18	17	13	2	6	12	
963_A/Bar-headed_Goose/Q 10	8	9	12	7	6	5	5	7	9	1	0	4	2	0	0	1	6	7	0	4	5	2	0	3	9	8	2	2	1	9	1	13	15	18	9	5	4	7	5	14	8	11	11	8	4	7	13	11	5	16	8	10	5	7	8	14	8	18	17	13	2	6	12	
964_A/Bar-headed_Goose/Q 10	8	9	12	7	6	5	5	7	9	1	0	4	2	0	0	1	6	7	1	4	5	2	0	3	9	8	2	2	1	9	0	13	15	18	9	5	4	7	5	14	8	11	11	8	4	7	13	11	5	16	8	10	5	7	7	14	8	18	17	13	2	6	13	
965_A/Bar-headed_Goose/Q 10	8	9	12	7	6	4	5	7	9	1	0	4	2	0	0	1	6	7	0	4	5	2	0	3	9	8	2	2	1	9	1	13	15	18	9	5	4	8	5	14	8	11	11	8	4	7	13	11	5	16	8	10	5	7	8	14	8	18	18	13	2	6	11	
966_A/Bar-headed_Goose/Q 10	8	9	12	7	6	5	5	7	9	1	0	4	2	0	0	1	6	7	0	4	5	2	0	3	9	8	2	2	1	9	1	13	15	18	9	5	4	7	5	14	8	11	11	8	4	7	13	11	5	16	8	10	5	7	8	14	8	18	17	13	2	6	12	
967_A/Bar-headed_Goose/Q 10	8	9	12	7	6	5	5	7	9	1	0	4	2	0	0	1	6	7	0	4	5	2	0	3	9	8	2	2	1	9	1	13	15	18	9	5	4	7	5	14	8	11	11	8	4	7	13	11	5	16	8	10	5	7	8	14	8	18	17	13	2	6	12	
968_A/Bar-headed_Goose/Q 10	8	9	12	7	6	5	5	7	9	1	0	4	2	0	0	1	6	7	0	4	5	2	0	3	9	8	2	2	1	9	1	13	15	17	9	5	4	8	5	14	8	11	11	8	3	9	11	11	5	16	8	10	5	6	9	14	8	18	17	14	2	6	12	
969_A/Bar-headed_Goose/Q 10	8	9	12	7	6	5	5	7	9	1	0	4	2	0	0	1	6	7	0	4	5	2	0	3	9	8	2	2	1	9	1	13	15	17	9	5	4	8	5	14	8	11	11	8	3	9	11	11	5	16	8	10	5	6	9	14	8	18	17	14	2	6	12	
970_A/Bar-headed_Goose/Q 10	8	9	12	7	6	5	5	7	9	1	0	4	2	0	0	1	6	7	0	4	5	2	0	3	9	8	2	2	1	9	1	13	15	17	9	5	4	8	5	14	8	11	11	8	3	9	11	11	5	16	8	10	5	6	9	14	8	18	17	14	2	6	12	
971_A/Bar-headed_Goose/Q 10	8	9	12	8	6	5	5	6	8	1	0	4	2	0	0	1	6	7	0	4	5	2	0	3	10	8	2	2	1	9	1	12	16	17	9	5	4	8	5	14	8	11	11	8	3	9	11	11	5	16	8	10	5	6	9	14	8	18	17	14	2	6	12	
972_A/Bar-headed_Goose/Q 10	8	9	12	7	6	5	5	7	9	1	0	4	2	0	0	1	6	7	0	4	5	2	0	3	9	8	2	2	1	9	1	13	15	17	9	5	4	8	5	14	8	11	11	8	3	9	11	11	5	16	8	10	5	6	9	14	8	18	17	14	2	6	12	
973_A/Bar-headed_Goose/Q 10	8	9	12	7	6	5	5	7	9	1	0	4	2	0	0	1	6	7	0	4	5	2	0	3	9	8	2	2	1	9	1	12	15	18	9	5	4	7	5	14	8	11	11	8	4	7	13	12	5	16	8	10	5	7	8	14	8	18	17	13	2	6	12	
974_A/Bar-headed_Goose/Q 10	8	9	12	7	6	5	5	7	9	1	0	4	2	0	0	1	6	7	1	4	5	2	0	3	9	8	2	2	1	9	0	13	15	18	9	4	5	7	5	14	8	11	11	8	4	7	13	11	5	16	8	10	5	7	8	14	8	18	17	13	2	6	12	
975_A/Bar-headed_Goose/Q 10	8	9	12	7	6	5	5	7	9	1	0	4	2	0	0	1	6	7	1	4	5	2	0	3	9	8	2	2	1	9	0	13	15	17	10	5	4	7	5	14	8	11	11	8	4	7	13	11	5	16	8	10	5	7	8	14	8	18	17	13	2	6	12	
976_A/Bar-headed_Goose/Q 11	7	9	12	7	6	5	5	7	9	1	0	4	2	0	0	1	6	7	0	4	5	2	0	3	9	8	2	2	1	9	1	13	15	18	9	5	4	7	5	14	8	11	11	8	4	7	13	11	5	16	8	10	5	7	8	14	8	18	17	13	2	6	12	
977_A/Bar-headed_Goose/Q 10	8	9	12	7	6	5	5	7	9	1	0	4	2	0	0	1	6	7	1	4	5	2	0	3	9	8	2	2	1	9	0	13	15	18	9	5	4	7	5	14	8	11	11	8	4	7	13	11	5	16	8	10	5	7	8	14	8	18	17	13	2	6	12	
978_A/Bar-headed_Goose/Q 10	8	9	12	7	6	5	5	7	9	1	0	4	2	0	0	1	6	7	0	4	5	2	0	3	9	8	2	2	1	9	1	13	15	18	9	5	4	7	5	14	8	11	11	8	4	7	13	11	5	16	8	10	5	7	8	14	8	18	17	13	2	6	12	
979_A/Bar-headed_Goose/Q 10	8	9	12	7	6	5	5	7	9	1	0	4	2	0	0	1	6	7	0	4	5	2	0	3	9	8	2	2	1	9	1	13	15	17	9	5	4	8	5	14	8	11	11	8	3	9	11	11	5	16	8	10	5	6	9	14	8	18	17	14	2	6	12	
980_A/Bar-headed_Goose/Q 10	8	9	12	7	6	5	5	7	9	1	0	4	2	0	0	1	6	7	0	4	5	2	0	3	9	8	2	2	1	9	1	13	15	18	9	5	4	7	5	14	8	11	11	8	4	7	13	11	5	16	8	10	5	7	8	14	8	18	17	13	2	6	12	
981_A/Bar-headed_Goose/Q 10	8	9	12	7	6	5	5	7	9	1	0	4	2	0	0	1	6	7	0	4	5	2	0	3	9	8	2	2	1	9	1	13	15	18	9	5	4	7	5	14	8	11	11	8	4	7	13	11	5	16	8	10	5	7	8	14	8	18	17	13	2	6	12	
982_A/Bar-headed_Goose/Q 10	8	9	12	7	6	5	5	7	9	1	0	4	2	0	0	1	6	7	0	4	5	2	0	3	9	8	2	2	1	9	1	13	15	18	9	5	4	7	5	14	8	11	11	8	4	7	13	11	5	16	8	10	5	7	8	14	8	18	17	13	2	6	12	
983_A/Bar-headed_Goose/Q 10	8	9	12	7	6	5	5	7	9	1	0	4	2	0	0	1	6	7	0	4	5	2	0	3	9	8	2	2	1	9	1	13	14	18	9	5	5	7	5	14	8	10	12	8	4	7	13	11	5	16	8	10	5	7	8	14	8	18	17	13	2	6	12	
984_A/Bar-headed_Goose/Q 10	8	9	12	7	6	5	5	7	9	1	0	4	2	0	0	1	6	7	0	4	5	2	0	3	9	8	2	2	1	9	1	13	14	18	9	5	5	7	5	14	8	11	11	8	4	7	13	11	5	16	8	10	5	7	8	14	8	18	17	13	2	6	12	
985_A/Bar-headed_Goose/Q 10	8	9	12	7	6	5	5	7	9	1	0	4	2	0	0	1	6	7	0	4	5	2	0	3	9	8	2	2	1	9	1	13	14	18	9	5	5	7	5	14	8	11	11	8	4	7	13	11	5	16	8	10	5	7	8	14	8	18	17	13	2	6	12	
986_A/Bar-headed_Goose/Q 10	8	9	12	7	6	5	5	7	9	1	0	4	2	0	0	1	6	7	0	4	5	2	0	3	9	8	2	2	1	9	1	13	14	18	9	5	5	7	5	14	8	11	11	8	4	7	13	11	5	16	8	10	5	7	8	14	8	18	17	13	2	6	12	
987_A/Bar-headed_Goose/Q 10	8	9	12	7	6	5	5	7	9	1	0	4	2	0	0	1	6	7	0	4	5	2	0	3	9	8	2	2	1	9	1	13	15	18	9	5	4	7	5	14	8	11	11	8	4	7	13	11	5	16	8	10	5	7	8	14	8	18	17	13	2	6	12	
988_A/Bar-headed_Goose/Q 10	8	9	12	7	6	5	5	7	9	1	0	4	2	0	0	1	6	7	0	4	5	2	0	3	9	8	2	2	1	9	1	13	15	18	9	5	4	7	5	14	8	11	11	8	4	7	13	11	5	16	8	10	5	7	8	14	8	18	17	13	2	6	12	
989_A/Bar-headed_Goose/Q 10	8	9	12	7	6	5	5	7	9	1	0	4	2	0	0	1	7	7	0	4	5	2	0	3	8	7	2	2	1	10	1	12	14	18	10	5	4	7	5	14	8	11	11	8	4	7	13	12	5	16	8	11	5	6	8	14	8	18	17	13	2	6	12	
990_A/Bar-headed_Goose/Q 10	8	9	12	7	6	5	5	7	9	1	0	4	2	0	0	1	6	7	0	4	5	2	0	3	9	8	2	2	1	9	1	13	15	18	9	5	4	7	5	14	8	11	11	8	4	7	13	12	5	15	8	9	5	7	8	14	8	19	17	13	2	6	12	
991_A/Bar-headed_Goose/Q 10	8	9	12	8	6	5	5	6	8	1	0	4	2	0	0	1	6	7	0	4	5	2	0	3	10	8	2	2	1	9	1	13	15	18	9	5	4	7	5	14	8	11	11	8	4	7	13	11	5	16	8	10	5	7	8	14	8	18	17	13	2	6	12	
992_A/Bar-headed_Goose/Q 10	8	9	12	7	6	5	5	7	8	1	0	4	2	0	0	1	6	7	0	4	5	2	0	3	9	9	2	2	1	9	1	13	15	18	9	5	4	7	5	14	7	11	11	8	4	7	13	11	5	16	8	10	5	7	8	15	8	18	17	13	2	6	12	
993_A/Bar-headed_Goose/Q 10	8	9	12	8	6	5	5	6	8	1	0	4	2	0	0	1	6	7	0	4	5	2	0	3	9	9	2	2	1	9	1	13	15	18	9	5	4	7	5	14	8	11	11	8	4	7	13	11	5	16	8	10	5	7	8	14	8	18	17	13	2	6	12	
994_A/Bar-headed_Goose/Q 10	8	9	12	7	6	5	5	7	9	1	0	4	2	0	0	1	6	7	0	4	5	2	0	3	9	8	2	2	1	9	1	13	15	18	9	5	4	7	5	14	8	11	11	8	4	7	13	11	5	16	8	10	5	7	8	14	8	18	17	13	2	6	12	
995_A/Bar-headed_Goose/Q 10	8	9	12	7	6	5	5	7	9	1	0	4	2	0	0	1	6	7	0	4	5	2	0	3	9	8	2	2	1	9	1	13	15	18	9	5	4	7	5	14	8	11	11	8	4	7	13	11	5	16	8	10	5	7	8	14	8	18	17	13	2	6	12	
996_A/Bar-headed_Goose/Q 10	8	9	12	7	6	5	5	7	9	1	0	4	2	0	0	1	6	7	0	4	5	2	0	3	9	8	2	2	1	9	1	13	15	18	9	5	4	7	5	14	8	11	11	8	4	7	13	11	5	16	8	10	5	7	8	14	8	18	17	13	2	6	12	
997_A/Bar-headed_Goose/Q 10	8	9	12	7	6	5	5	7	9	1	0	4	2	0	0	1	6	7	0	4	5	2	0	3	9	8	2	2	1	9	1	13	15	18	9	5	4	7	5	14	8	11	11	8	4	7	13	11	5	16	8	10	5	7	8	14	8	18	17	13	2	6	12	
998_A/Bar-headed_Goose/Q 10	8	9	12	7	6	5	5	7	9	1	0	4	2	0	0	1	6	7	0	4	5	2	0	3	9	8	2	2	1	9	1	13	15	18	9	5	4	7	5	14	8	11	11	8	4	7	13	11	5	15	8	10	5	7	8	14	8	19	17	13	2	6	12	
999_A/Bar-headed_Goose/Q 10	8	9	12	7	6	5	5	7	9	1	0	4	2	0	0	1	6	7	0	4	5	2	0	3	9	8	2	2	1	9	1	13	15	18	9	5	4	7	5	14	8	11	11	8	4	7	13	10	5	16	8	11	5	7	8	14	8	18	16	13	2	6	13	
1000_A/Bar-headed_Goose/Q 10	8	9	12	7	6	5	5	7	9	1	0	4	2	0	0	1	6	7	0	4	5	2	0	3	9	8	2	2	1	9	1	13	15	18	9	5	4	7	5	14	8	11	11	8	4	7	13	10	5	16	8	11	5	7	8	14	8	18	17	13	2	6	12	
1001_A/Bar-headed_Goose/Q 10	8	9	12	7	6	5	5	7	9	1	0	4	2	0	0	1	6	7	0	4	5	2	0	3	9	8	2	2	1	9	1	13	15	18	9	5	4	7	5	14	8	11	11	8	4	7	13	11	5	16	8	10	5	7	8	14	8	18	17	13	2	6	12	
1002_A/Bar-headed_Goose/Q 10	8	9	12	7	6	5	5	7	9	1	0	4	2	0	0	1	6	7	0	4	5	2	0	3	9	8	2	2	1	9	1	13	15	18	9	5	4	7	5	14	8	11	11	8	4	7	13	11	5	16	8	10	5	7	8	14	8	18	17	13	2	6	12	
1003_A/Bar-headed_Goose/Q 10	8	9	12	7	6	5	5	7	9	1	0	4	2	0	0	1	6	7	0	4	5	2	0	3	9	8	2	2	1	9	1	13	15	18	9	5	4	7	5	14	8	11	11	8	4	7	13	11	5	16	8	10	5	7	8	14	8	18	17	13	2	6	12	
1004_A/Bar-headed_Goose/Q 10	8	9	12	7	6	5	5	7	9	1	0	4	2	0	0	1	6	7	0	4	5	2	0	3	9	8	2	2	1	9	1	13	15	18	9	5	4	7	5	14	8	11	11	8	4	7	12	11	5	16	8	10	5	7	8	14	8	18	17	13	2	6	13	
1005_A/Bar-headed_Goose/Q 10	8	9	12	7	6	5	5	7	9	1	0	4	2	0	0	1	6	7	0	4	5	2	0	3	9	8	2	2	1	9	1	13	15	18	9	5	4	7	5	14	8	11	11	8	4	7	13	11	5	16	8	10	5	7	8	14	8	18	17	13	2	6	12	
1006_A/Bar-headed_Goose/Q 10	8	9	12	7	6	5	5	7	9	1	0	4	2	0	0	1	6	7	0	4	5	2	0	3	9	8	2	2	1	9	1	13	15	18	9	5	4	7	5	14	8	11	11	8	4	7	13	11	5	16	8	10	5	7	8	14	8	18	17	13	2	6	12	
1007_A/Bar-headed_Goose/Q 10	8	9	12	7	6	5	5	7	9	1	0	4	2	0	0	1	6	7	0	4	5	2	0	3	9	8	2	2	1	9	1	13	15	18	9	5	4	7	5	14	8	11	11	8	4	7	13	11	5	16	9	10	5	7	8	14	8	18	17	13	2	6	11	
1008_A/Bar-headed_Goose/Q 10	8	9	12	7	6	5	5	7	9	1	0	4	2	0	0	1	6	7	0	4	5	2	0	3	9	7	2	2	1	10	1	13	15	18	9	5	4	7	5	14	8	11	11	8	4	7	13	11	5	16	9	10	5	7	8	14	8	18	17	13	2	6	11	
1009_A/Bar-headed_Goose/Q 10	8	9	12	7	6	5	5	7	9	1	0	4	2	0	0	1	6	7	0	4	5	2	0	3	9	8	2	2	1	9	1	13	15	18	9	5	4	7	5	14	8	11	11	8	4	7	13	11	5	16	8	10	5	7	8	14	8	18	17	13	2	6	12	
1010_A/Bar-headed_Goose/Q 10	8	9	12	7	6	5	5	7	9	1	0	4	2	0	0	1	6	7	0	4	5	2	0	3	9	8	2	2	1	9	1	13	15	18	9	5	4	7	5	14	8	11	11	8	4	7	13	11	5	16	8	10	5	7	8	14	8	18	17	13	2	6	12	
1011_A/Bar-headed_Goose/Q 10	8	9	12	7	6	5	5	7	9	1	0	4	2	0	0	1	6	7	0	4	5	2	0	3	9	8	2	2	1	9	1	13	15	18	9	5	4	7	5	14	8	11	11	8	4	7	13	11	5	16	8	10	5	7	8	14	8	18	17	13	2	6	12	
1012_A/Bar-headed_Goose/Q 10	8	9	12	7	6	5	5	7	9	1	0	4	2	0	0	1	6	7	0	4	5	2	0	3	9	8	2	2	1	9	1	13	15	18	9	5	4	7	5	14	8	11	11	8	4	7	13	11	5	15	8	10	5	7	8	14	8	19	17	13	2	6	12	
1013_A/Bar-headed_Goose/Q 10	8	9	12	7	6	5	5	7	9	1	0	4	2	0	0	1	6	7	0	4	5	2	0	3	9	8	2	2	1	9	1	13	15	18	9	5	4	7	5	14	8	11	11	8	4	7	13	11	5	16	8	10	5	7	8	14	8	18	17	13	2	6	12	
1014_A/Bar-headed_Goose/Q 10	8	9	12	7	6	5	5	7	9	1	0	4	2	0	0	1	6	7	0	4	5	2	0	3	9	8	2	2	1	9	1	13	15	18	9	5	4	7	5	14	8	11	11	8	4	7	13	11	5	16	8	10	5	7	8	14	8	18	17	13	2	6	12	
1015_A/Bar-headed_Goose/Q 10	8	9	12	7	6	5	5	7	9	1	0	4	2	0	0	1	6	7	0	4	5	2	0	3	9	8	2	2	1	9	1	13	15	18	9	5	4	7	5	14	8	11	11	8	4	7	13	11	5	16	8	10	5	7	8	14	8	18	17	13	2	6	12	
1016_A/Bar-headed_Goose/Q 10	8	9	12	7	6	5	5	7	9	1	0	4	2	0	0	1	6	7	0	4	5	2	0	3	9	8	2	2	1	9	1	13	15	18	9	5	4	7	5	14	8	11	11	8	4	7	13	11	5	16	8	10	5	7	8	14	8	18	17	13	2	6	12	
1017_A/Bar-headed_Goose/Q 10	8	9	12	7	6	5	5	7	9	1	0	4	2	0	0	1	6	7	0	4	5	2	0	3	9	8	2	2	1	9	1	13	15	18	9	5	4	7	5	14	8	11	11	8	4	7	13	11	5	16	8	10	5	7	8	14	8	18	17	13	2	6	12	
1018_A/Bar-headed_Goose/Q 10	8	9	12	7	6	4	5	7	9	1	0	4	2	0	0	2	6	6	0	4	5	2	0	3	9	8	2	2	1	9	1	13	15	18	9	5	4	8	5	14	8	11	11	8	4	7	13	11	5	16	8	10	5	7	8	14	8	18	17	13	2	6	12	
1019_A/Bar-headed_Goose/Q 9	8	9	12	7	6	5	5	7	9	1	0	5	2	0	0	1	6	7	0	4	5	2	0	3	9	7	2	2	1	10	1	13	15	18	9	5	4	8	5	14	8	11	11	8	4	7	13	11	5	16	8	10	5	6	8	14	8	18	17	13	2	6	12	
1020_A/Bar-headed_Goose/Q 11	7	9	12	7	6	5	5	7	9	1	0	4	2	0	0	1	6	7	0	4	5	2	0	3	9	8	2	2	1	9	1	13	15	17	9	5	4	7	5	14	8	10	11	8	4	7	13	11	5	17	8	10	5	7	8	14	8	19	17	13	2	6	12	
1021_A/Bar-headed_Goose/Q 10	8	9	12	7	6	5	5	7	9	1	0	4	2	0	0	1	6	7	0	4	5	2	0	3	9	8	2	2	1	9	1	13	15	18	9	5	4	7	5	14	8	11	11	8	4	7	13	11	5	16	8	10	5	7	8	14	8	18	17	13	2	6	12	
1022_A/Bar-headed_Goose/Q 10	8	9	12	7	6	5	5	7	9	1	0	4	2	0	0	1	6	7	0	4	5	2	0	3	9	8	2	2	1	9	1	13	15	19	9	5	4	6	5	14	8	11	11	8	4	7	13	11	5	16	8	10	5	7	8	14	8	18	17	13	2	6	12	
1023_A/Bar-headed_Goose/Q 9	8	9	12	7	6	5	5	7	9	1	0	5	2	0	0	1	6	7	0	4	5	2	0	3	9	7	2	2	1	10	1	13	15	18	9	5	4	8	5	14	8	11	11	8	4	7	13	11	5	16	8	10	5	6	8	14	8	18	18	13	2	6	11	
1024_A/Bar-headed_Goose/Q 10	8	9	12	7	6	5	5	7	9	1	0	4	2	0	0	1	6	7	0	4	5	2	0	3	9	7	2	2	1	10	1	13	15	18	9	5	4	7	5	14	8	11	11	8	4	7	13	11	5	16	8	10	5	7	8	14	8	18	17	13	2	6	12	
1025_A/Bar-headed_Goose/Q 10	8	9	12	7	6	5	5	7	9	1	0	4	2	0	0	1	6	7	0	4	5	2	0	3	9	8	2	2	1	9	1	13	15	18	9	5	4	7	5	14	8	11	11	8	4	7	13	11	5	16	8	10	5	7	8	14	8	18	17	13	2	6	12	
1026_A/Bar-headed_Goose/T 10	8	8	11	7	6	5	6	6	9	1	0	5	3	0	0	1	5	8	0	4	6	2	0	4	9	6	2	2	1	11	2	13	14	16	9	7	5	9	5	15	7	12	11	12	2	6	10	9	4	14	9	10	5	9	7	11	9	18	18	12	3	6	12	
1027_A/Bar-headed_Goose/T 10	7	9	11	7	7	5	6	5	9	1	0	6	3	0	0	1	5	8	0	4	6	2	0	4	9	6	2	2	1	11	2	13	14	15	9	8	5	9	5	15	7	11	11	11	2	6	12	9	4	14	9	9	5	9	7	11	9	18	18	12	3	6	12	
1028_A/Bar-headed_Goose/T 10	7	9	11	7	7	5	6	5	9	1	0	6	3	0	0	1	5	8	0	4	6	2	0	4	9	6	2	2	1	11	2	13	14	15	9	8	5	9	5	15	7	11	11	11	2	6	12	9	4	14	9	9	5	9	7	11	9	18	18	12	3	6	12	
1029_A/Bar-headed_Goose/T 10	7	8	11	7	7	5	6	6	9	1	0	5	3	0	0	1	5	8	0	4	6	2	0	4	9	6	2	2	1	11	2	13	14	16	9	7	5	9	5	15	7	12	11	12	2	6	10	9	4	14	9	10	5	9	7	11	9	18	18	12	3	6	12	
1030_A/Bar-headed_Goose/T 10	7	9	11	7	7	5	6	5	9	1	0	6	3	0	0	1	5	8	0	4	6	2	0	4	9	6	2	2	1	11	2	13	13	15	9	8	6	9	5	15	7	11	11	11	2	6	12	9	4	14	9	9	5	9	7	11	9	18	18	12	3	6	12	
1031_A/Bar-headed_Goose/T 10	7	9	11	7	7	5	6	5	9	1	0	6	3	0	0	1	5	8	0	4	6	2	0	4	9	6	2	2	1	11	2	13	14	15	9	8	5	9	5	15	7	11	11	11	2	6	12	9	4	14	9	9	5	9	7	11	9	18	18	12	3	6	12	
1032_A/Bar-headed_Goose/T 10	7	9	11	7	7	5	6	5	9	1	0	6	3	0	0	1	5	8	0	4	6	2	0	4	9	6	2	2	1	11	2	13	14	15	9	8	5	9	5	15	7	11	11	11	2	6	12	9	4	14	9	9	5	9	7	11	9	18	18	12	3	6	12	
1033_A/Bar-headed_Goose/T 10	7	9	11	7	7	5	6	5	9	1	0	6	3	0	0	1	5	8	0	4	6	2	0	4	9	6	2	2	1	11	2	13	14	15	9	8	5	9	5	15	7	11	11	11	2	6	12	9	4	14	9	9	5	9	7	11	9	18	18	12	3	6	12	
1034_A/Bar-headed_Goose/T 10	7	9	11	7	7	5	6	5	9	1	0	6	3	0	0	1	5	8	0	4	6	2	0	4	9	6	2	2	1	11	2	13	14	15	9	8	5	9	5	15	7	11	11	11	2	6	12	9	4	14	9	9	5	9	7	11	9	18	18	12	3	6	12	
1035_A/Bar-headed_Goose/T 10	7	8	11	7	7	5	6	6	9	1	0	5	3	0	0	1	5	8	0	4	6	2	0	4	9	6	2	2	1	11	2	13	14	16	9	7	5	9	5	15	7	12	11	11	2	6	11	9	4	14	9	10	5	9	7	11	9	18	18	12	3	6	12	
1036_A/Bar-headed_Goose/T 10	7	8	11	7	7	5	6	6	9	1	0	5	3	0	0	1	5	8	0	4	6	2	0	4	9	6	2	2	1	11	2	13	14	16	9	7	5	9	5	15	7	12	11	12	2	6	10	9	4	14	9	10	5	9	7	11	9	18	18	12	3	6	12	
1037_A/Bar-headed_Goose/T 10	8	8	11	7	6	5	6	6	9	1	0	5	3	0	0	1	5	8	0	4	6	2	0	4	9	6	2	2	1	11	2	13	14	16	9	7	5	9	5	15	7	12	11	12	2	6	10	9	4	14	9	10	5	9	7	11	9	18	18	12	3	6	12	
1038_A/bean_goose/Hubei/B 10	7	8	11	7	7	5	6	6	8	1	0	5	4	0	0	1	5	8	0	4	6	2	0	4	9	6	2	2	1	11	2	13	14	16	9	7	5	9	5	15	7	11	11	11	2	7	12	9	4	14	9	10	5	9	7	11	9	18	18	12	3	6	11	
1039_A/Bean_Goose/Hubei/c 9	7	5	10	10	7	7	7	4	8	1	0	3	4	0	0	1	7	5	0	4	5	4	0	2	7	9	1	6	1	8	2	10	15	19	7	5	3	7	5	13	11	9	12	10	3	10	9	17	5	20	8	7	3	5	9	15	8	14	10	12	2	9	21	
1040_A/Bean_goose/Hubei/C 9	8	9	12	7	6	5	5	7	8	1	0	5	2	0	0	1	6	7	0	4	5	2	0	3	9	8	2	2	1	10	1	13	15	18	9	5	4	8	5	14	8	11	11	8	4	7	13	11	5	16	8	10	5	6	8	14	8	18	18	13	2	6	11	
1041_A/Bean_goose/Hubei/C 9	8	9	13	7	6	5	5	7	8	1	0	4	3	0	0	1	6	7	0	4	5	2	0	3	9	7	2	2	1	10	1	13	15	18	9	5	4	8	5	14	8	11	11	8	4	7	13	11	5	16	8	10	5	6	8	14	8	18	18	13	2	6	11	
1042_A/Bean_goose/Hubei/C 10	8	9	12	7	6	5	5	7	9	1	0	4	2	0	0	1	6	7	0	4	5	2	0	3	9	8	2	2	1	9	1	13	15	18	9	5	4	7	5	14	8	11	11	8	4	7	13	11	5	16	8	10	5	7	8	14	8	18	18	13	2	6	11	
1043_A/black_swan/Beijing 9	7	8	12	8	7	5	5	6	8	1	0	5	4	0	0	1	5	8	0	4	6	2	0	4	9	6	2	2	1	11	2	13	13	16	8	7	6	9	6	15	7	11	11	11	2	6	12	8	4	14	9	10	6	9	7	9	11	18	18	12	3	6	12	
1044_A/black-backed_gull/ 10	7	8	11	7	7	5	6	6	8	1	0	5	4	0	0	1	5	8	0	4	6	2	0	4	9	6	2	2	1	11	2	13	15	16	9	7	4	9	5	15	7	11	12	11	2	6	11	9	4	14	9	10	5	9	7	11	9	18	18	12	3	6	12	
1045_A/Brown-headed_Gull/ 10	8	9	12	7	6	5	5	7	9	1	0	4	2	0	0	1	6	7	0	4	5	2	0	3	9	8	2	2	1	9	1	13	15	18	10	5	4	7	5	14	8	11	11	8	4	7	12	11	5	16	8	10	5	7	8	14	8	19	17	13	2	5	12	
1046_A/Brown-headed_Gull/ 10	8	9	12	7	6	5	5	7	9	1	0	4	2	0	0	1	6	7	0	4	5	2	0	3	9	8	2	2	1	9	1	13	15	18	9	5	4	7	5	14	8	11	11	8	4	7	13	11	5	16	8	10	5	7	8	14	8	18	17	13	2	6	12	
1047_A/Brown-headed_Gull/ 10	8	9	12	7	6	5	5	7	9	1	0	4	2	0	0	1	6	7	0	4	5	2	0	3	9	8	2	2	1	9	1	13	15	18	9	5	4	7	5	14	8	11	11	8	4	7	13	11	5	16	8	10	5	7	8	14	8	18	17	13	2	6	12	
1048_A/Brown-headed_Gull/ 10	8	9	12	7	6	5	5	7	9	1	0	4	2	0	0	1	6	7	0	4	5	2	0	3	9	8	2	2	1	9	1	13	15	18	9	5	4	7	5	14	8	11	11	8	4	7	13	11	5	16	8	10	5	7	8	14	8	18	17	13	2	6	12	
1049_A/Brown-headed_Gull/ 10	8	9	12	7	6	5	5	7	9	1	0	4	2	0	0	1	6	7	0	4	5	2	0	3	9	8	2	2	1	9	1	13	15	18	9	5	4	7	5	14	8	10	12	8	4	7	13	11	5	16	8	10	5	7	8	14	8	18	17	13	2	6	12	
1050_A/Brown-headed_Gull/ 10	8	9	12	7	6	5	5	7	9	1	0	4	2	0	0	1	6	7	0	4	5	2	0	3	9	8	2	2	1	9	1	13	15	18	9	5	4	7	5	14	8	11	11	8	4	7	13	11	5	16	8	10	5	7	8	14	8	18	17	13	2	6	12	
1051_A/Brown-headed_Gull/ 10	8	9	12	7	6	5	5	7	9	1	0	4	2	0	0	1	6	7	0	4	5	2	0	3	9	8	2	2	1	9	1	13	15	18	9	5	4	7	5	14	8	10	11	8	4	7	13	11	5	16	8	10	5	7	8	14	8	19	17	13	2	6	12	
1052_A/Brown-headed_Gull/ 10	8	9	12	7	6	5	5	7	9	1	0	4	2	0	0	1	6	7	0	4	5	2	0	3	9	8	2	2	1	9	1	13	15	18	9	5	4	7	5	14	8	11	11	8	4	7	13	11	5	16	8	10	5	7	8	14	8	18	17	13	2	6	12	
1053_A/Brown-headed_Gull/ 10	8	9	12	7	6	5	5	7	9	1	0	4	2	0	0	1	6	7	0	4	5	2	0	3	9	8	2	2	1	9	1	13	15	18	9	5	4	7	5	14	8	11	11	8	4	7	13	12	5	16	8	9	5	7	8	14	8	18	17	13	2	6	12	
1054_A/brown-headed_gull/ 10	7	8	11	7	7	5	6	5	9	1	0	6	3	0	0	1	5	8	0	4	6	2	0	4	9	6	2	2	1	11	2	13	14	16	9	7	5	9	5	15	7	11	11	11	2	7	12	9	4	14	9	10	5	9	7	11	9	18	18	12	3	6	11	
1055_A/Brown-headed_Gull/ 10	7	8	11	7	7	5	6	6	9	1	0	5	3	0	0	1	5	8	0	4	6	2	0	4	9	6	2	2	1	11	2	13	14	16	9	7	5	9	5	15	7	12	11	12	2	6	10	9	4	14	9	10	5	9	7	11	9	18	18	12	3	6	12	
1056_A/Brown-headed_Gull/ 9	7	8	11	8	7	5	6	6	8	1	0	5	4	0	0	1	5	8	0	4	6	2	0	4	9	6	2	2	1	11	2	14	14	15	9	7	5	9	5	15	7	11	11	11	2	6	12	8	4	15	9	9	6	9	7	11	9	18	18	12	3	6	12	
1057_A/Brown-headed_Gull/ 10	7	8	11	7	7	5	6	6	8	1	0	5	4	0	0	1	5	8	0	4	6	2	0	4	9	6	2	2	1	11	2	14	14	15	8	7	5	9	5	15	7	11	11	11	2	6	12	8	4	15	10	10	5	9	7	11	9	18	18	12	3	6	12	
1058_A/chicken/Changhua/1 10	8	9	12	7	6	5	5	6	9	1	0	4	3	0	0	1	6	6	0	4	5	3	0	3	9	7	3	2	1	9	1	14	18	17	8	5	4	8	6	12	8	11	16	8	2	8	7	13	2	15	9	7	6	8	7	13	10	16	15	15	1	7	16	
1059_A/chicken/Changhua/1 11	8	9	12	6	6	5	5	7	9	1	0	3	3	0	0	1	6	6	0	4	5	3	0	3	9	7	3	2	1	9	1	14	18	17	8	5	4	8	6	13	8	10	17	8	2	8	7	13	2	14	9	7	5	9	7	12	11	16	15	15	1	7	16	
1060_A/chicken/Changhua/1 10	8	9	12	7	6	5	5	8	9	1	0	3	3	0	0	1	6	6	0	4	5	3	0	4	9	7	3	1	1	9	1	14	18	17	8	5	4	8	6	13	8	10	16	8	2	8	8	13	2	14	9	7	6	9	7	12	10	16	15	14	1	7	16	
1061_A/chicken/Changhua/1 10	8	9	12	7	6	5	5	8	9	1	0	2	3	0	0	1	6	6	0	4	5	3	0	4	9	7	3	1	1	9	1	14	18	17	8	5	4	8	6	13	8	10	17	8	2	8	7	13	2	14	9	7	6	9	7	12	10	16	15	15	1	7	16	
1062_A/chicken/Changhua/1 10	8	9	11	7	6	5	6	6	9	1	0	4	3	0	0	1	6	6	0	4	4	3	0	3	10	7	3	2	1	9	1	14	17	17	8	5	5	9	6	12	8	10	17	8	2	8	7	13	2	14	8	7	6	8	7	13	10	16	16	15	1	7	16	
1063_A/chicken/Changhua/1 10	8	9	12	7	6	5	5	6	9	1	0	4	3	0	0	1	6	6	0	4	4	3	0	3	10	7	3	2	1	9	1	14	17	17	8	5	5	9	6	12	8	10	17	8	2	8	7	13	2	14	9	7	6	8	6	13	10	16	16	15	1	7	16	
1064_A/chicken/Chiayi/150 10	8	9	12	7	6	5	5	6	9	1	0	4	3	0	0	1	6	6	0	4	5	3	0	3	9	7	3	2	1	9	1	14	18	16	8	5	4	10	6	12	8	10	17	8	2	8	7	13	2	14	8	7	6	8	7	13	10	16	16	15	1	7	16	
1065_A/chicken/Kaohsiung/ 11	8	8	10	6	6	6	7	6	9	1	0	5	3	0	0	1	6	6	0	4	5	3	0	3	9	7	3	2	1	9	1	14	18	16	9	5	4	9	6	12	8	10	17	8	2	8	6	14	2	14	7	6	6	8	8	13	10	16	16	15	1	7	17	
1066_A/chicken/Kaohsiung/ 11	8	9	12	6	6	5	5	5	9	1	0	5	3	0	0	1	6	6	0	4	5	3	0	4	9	7	3	2	1	9	1	14	17	17	8	5	4	9	6	12	9	9	17	8	2	9	7	13	3	14	7	7	6	8	9	12	9	15	16	16	1	8	15	
1067_A/chicken/Kaohsiung/ 11	8	8	11	6	6	6	6	6	9	1	0	5	3	0	0	1	6	6	0	4	5	3	0	3	9	7	3	2	1	9	1	14	18	16	9	6	4	9	6	12	8	10	17	8	2	8	7	13	2	14	7	6	6	8	8	13	10	16	16	15	1	7	16	
1068_A/chicken/Kaohsiung/ 11	8	8	10	6	6	6	7	6	9	1	0	5	3	0	0	1	6	6	0	4	5	3	0	3	9	7	3	2	1	9	1	14	18	16	9	5	4	9	6	12	8	10	17	8	2	8	6	14	2	14	7	6	6	8	8	13	10	16	16	15	1	7	17	
1069_A/chicken/Kaohsiung/ 11	8	8	10	6	6	6	7	6	9	1	0	5	3	0	0	1	6	6	0	4	5	3	0	3	9	7	3	2	1	9	1	14	18	16	9	5	4	9	6	11	9	9	17	8	2	9	7	14	2	14	7	6	6	8	8	14	10	15	16	15	1	7	16	
1070_A/chicken/Kaohsiung/ 11	8	8	11	6	6	6	6	6	10	1	0	5	2	0	0	1	6	6	0	4	5	3	0	3	9	7	3	2	1	9	1	14	19	17	9	5	4	8	6	12	7	10	17	8	2	8	7	13	2	14	8	7	6	8	8	13	10	16	16	15	1	7	15	
1071_A/chicken/Kaohsiung/ 10	8	7	11	7	6	7	6	6	10	1	0	5	2	0	0	1	6	6	0	4	5	3	0	3	9	7	3	2	1	9	1	16	18	16	9	5	4	9	6	12	8	11	17	8	2	8	7	11	2	14	7	7	6	8	8	13	10	15	17	15	1	7	15	
1072_A/chicken/Miaoli/150 10	8	9	12	7	6	5	5	6	9	1	0	4	3	0	0	1	6	6	0	4	5	3	0	3	9	7	3	2	1	9	1	14	18	17	8	5	4	9	6	12	8	10	17	8	2	8	7	13	2	14	9	7	6	8	7	13	10	16	15	15	1	7	16	
1073_A/chicken/Nantou/161 11	9	8	10	6	5	6	7	6	9	1	0	5	3	0	0	1	6	6	0	4	5	3	0	3	9	7	3	2	1	9	1	15	19	16	9	5	4	9	6	11	8	10	16	8	2	8	8	13	2	14	7	6	6	8	8	13	10	15	16	16	1	7	16	
1074_A/chicken/New_Taipei 10	8	8	11	7	6	6	6	5	9	1	0	6	3	0	0	1	6	6	0	4	5	3	0	3	9	7	3	2	1	9	1	14	18	16	9	5	4	9	6	12	8	12	17	8	2	7	7	13	2	14	7	7	6	8	8	13	10	15	16	15	1	7	16	
1075_A/chicken/New_Taipei 10	8	7	11	7	6	6	6	6	9	0	0	5	3	1	0	1	6	7	0	4	5	3	0	3	9	7	3	2	1	9	1	14	18	16	9	5	4	9	6	12	8	12	17	8	2	7	7	13	2	14	7	7	6	8	8	13	10	15	16	15	1	7	16	
1076_A/chicken/New_Taipei 11	8	8	11	6	6	6	6	7	9	1	0	4	3	0	0	1	6	7	0	4	5	2	0	3	9	7	3	2	1	9	1	14	19	15	9	5	4	9	6	12	7	10	17	8	2	10	6	14	2	14	7	6	6	8	8	13	10	16	15	15	1	7	17	
1077_A/chicken/New_Taipei 11	8	8	11	6	6	6	6	6	10	1	0	5	3	0	0	1	6	7	0	4	5	2	0	3	7	7	3	2	2	9	0	14	18	15	9	6	4	9	6	12	8	10	17	8	2	10	7	14	2	14	7	5	6	8	8	13	10	16	15	15	1	7	17	
1078_A/chicken/New_Taipei 11	8	8	11	6	6	6	6	6	10	1	0	5	3	0	0	1	6	7	0	4	5	2	0	3	7	7	3	2	2	9	1	14	18	15	9	6	4	9	6	12	8	10	17	8	2	10	6	14	2	14	7	5	6	8	8	12	10	16	15	16	1	7	17	
1079_A/chicken/New_Taipei 11	8	8	11	6	6	6	6	6	10	1	0	5	3	0	0	1	6	7	0	4	5	2	0	3	7	7	3	2	2	9	0	14	18	15	9	6	4	9	6	12	8	10	17	8	2	10	7	14	2	14	7	5	6	8	8	13	10	16	15	15	1	7	17	
1080_A/chicken/Shandong/K 10	9	10	12	7	7	5	5	7	8	1	0	4	2	0	0	1	7	5	0	4	5	4	0	2	8	8	2	3	1	9	1	13	15	19	9	6	3	6	5	11	9	10	12	8	3	7	12	15	4	15	8	6	7	7	8	15	8	18	19	14	1	6	10	
1081_A/chicken/Taichung/1 10	8	8	12	7	6	6	5	6	9	1	0	4	3	0	0	1	6	6	0	4	4	3	0	3	10	7	3	2	1	9	1	13	17	16	9	5	5	9	6	11	9	10	17	8	2	8	6	13	1	14	9	8	6	7	7	12	11	16	16	15	2	6	18	
1082_A/chicken/Tainan/150 10	8	9	12	7	6	5	5	6	9	1	0	4	3	0	0	1	6	6	0	4	5	3	0	3	9	7	3	2	1	9	1	14	18	17	8	5	4	9	6	12	8	10	17	8	2	8	7	13	2	14	8	7	6	8	7	13	10	16	16	15	1	7	16	
1083_A/chicken/Tainan/170 10	8	8	11	7	6	6	6	7	9	1	0	5	3	0	0	1	6	6	0	4	5	3	0	2	9	8	3	2	1	8	1	14	18	15	10	5	4	10	5	11	9	12	17	8	2	6	7	14	3	14	7	6	6	8	8	13	9	16	16	15	1	7	16	
1084_A/chicken/Taipei_Cit 11	8	8	10	6	6	6	7	6	10	1	0	5	3	0	0	1	6	7	0	4	5	2	0	3	7	7	3	2	2	9	1	14	18	15	9	6	4	9	6	12	8	10	17	8	2	10	6	14	2	14	6	5	6	8	9	13	10	16	15	15	1	7	17	
1085_A/chicken/Taipei/160 11	8	8	10	6	6	6	7	6	9	1	0	5	3	0	0	1	6	6	0	4	5	3	0	3	9	7	3	2	1	9	1	14	18	16	9	5	4	9	6	12	8	10	17	8	2	8	7	14	2	14	7	6	6	8	8	14	10	15	16	15	1	7	16	
1086_A/chicken/Taipei/160 11	8	8	10	6	6	6	7	6	9	1	0	5	3	0	0	1	6	6	0	4	5	3	0	3	9	7	3	2	1	9	1	14	18	16	9	5	4	9	6	12	8	10	17	8	2	8	7	14	2	14	7	6	6	8	8	14	10	15	16	15	1	7	16	
1087_A/chicken/Taipei/161 11	8	8	11	6	6	6	6	6	10	1	0	5	2	0	0	1	6	6	0	4	5	3	0	3	9	7	3	2	1	9	1	14	19	17	9	5	4	8	6	12	7	10	16	8	2	8	8	13	2	14	9	7	6	8	7	13	10	16	15	15	1	7	16	
1088_A/chicken/Taipei/170 11	8	8	11	6	6	6	6	6	8	1	0	5	3	0	0	1	6	7	0	4	5	2	0	3	10	7	3	2	1	9	1	14	19	15	9	5	4	9	6	12	7	11	16	8	2	10	6	15	2	14	7	6	6	8	8	12	10	16	15	15	1	7	17	
1089_A/chicken/Taipei/170 11	8	8	11	6	6	6	6	6	9	1	0	5	3	0	0	1	6	7	0	4	5	2	0	3	9	7	3	2	1	9	1	14	19	15	9	5	4	9	6	12	7	10	17	8	2	10	6	14	2	14	7	6	6	8	9	13	10	16	15	15	1	7	16	
1090_A/chicken/Taipei/170 11	8	8	11	6	6	6	6	6	9	1	0	5	3	0	0	1	6	7	0	4	5	2	0	3	9	7	3	2	1	9	1	14	19	15	9	5	4	9	6	12	7	10	17	8	2	10	6	15	2	14	6	6	6	8	9	12	10	16	15	15	1	7	17	
1091_A/chicken/Taiwan/x37 11	8	8	11	6	5	6	6	5	8	1	0	5	3	0	0	1	6	6	0	4	5	3	0	3	8	7	3	2	1	8	1	12	16	13	9	5	5	10	6	11	8	9	16	7	1	9	8	13	3	14	7	7	6	8	7	12	9	15	14	15	1	8	17	
1092_A/chicken/Yunlin/150 10	8	9	12	7	6	5	5	6	9	1	0	4	3	0	0	1	6	6	0	4	5	3	0	3	9	7	3	2	1	9	0	14	18	17	8	5	4	8	6	12	8	11	16	8	2	8	8	13	2	15	9	7	6	8	7	13	10	16	15	15	1	7	16	
1093_A/chicken/Yunlin/160 10	8	9	12	7	6	5	5	6	9	1	0	4	3	0	0	1	6	6	0	4	4	3	0	3	10	7	3	3	1	9	1	14	17	16	8	5	5	9	7	12	8	10	17	7	2	8	7	13	2	14	8	7	6	8	7	13	10	16	17	15	1	7	15	
1094_A/chicken/Yunlin/170 10	8	8	11	7	6	5	7	6	9	1	0	4	3	0	0	1	7	6	0	4	3	3	0	3	10	7	3	2	1	9	1	14	15	17	8	5	7	9	6	10	9	10	17	8	2	8	6	14	1	14	9	7	6	7	7	13	10	16	16	15	2	6	18	
1095_A/Chlidonias_hybrida 10	7	8	11	7	7	5	6	6	8	1	0	5	4	0	0	1	5	8	0	4	6	2	0	4	9	6	2	2	1	11	2	13	14	16	9	7	5	9	5	15	7	11	11	11	2	6	12	9	4	14	9	10	5	9	7	11	9	18	18	12	3	6	12	
1096_A/common_coot/Shando 10	7	8	11	7	7	5	6	6	8	1	0	5	4	0	0	1	5	8	0	4	6	2	0	4	9	6	2	2	1	11	2	13	14	16	9	7	5	9	5	15	7	11	11	11	2	6	12	9	4	14	9	10	5	9	7	11	9	18	18	12	3	6	12	
1097_A/common_crane/Yunna 10	7	8	11	7	7	5	6	6	8	1	0	5	4	0	0	1	5	8	0	4	6	2	0	4	9	6	2	2	1	11	2	13	14	16	9	7	5	9	5	14	7	10	12	11	2	6	12	9	4	14	9	10	5	9	7	13	9	18	19	11	3	6	11	
1098_A/common_pochard/Nin 10	8	9	11	7	6	5	6	7	10	1	0	4	1	0	0	2	6	7	0	3	5	2	0	3	9	7	2	2	0	11	0	12	14	16	10	7	3	8	5	14	10	12	10	10	3	6	15	12	5	16	7	10	5	7	9	13	8	18	16	11	2	6	13	
1099_A/common_teal/Ningxi 10	7	9	11	7	7	5	6	6	8	1	0	6	4	0	0	1	5	7	0	4	6	2	0	4	9	6	2	2	1	11	2	13	14	16	9	7	5	9	5	15	7	11	11	11	2	7	12	9	4	14	9	10	5	9	7	11	9	18	18	11	3	6	11	
1100_A/common_teal/Ningxi 10	8	9	11	7	6	5	6	7	10	1	0	4	1	0	0	2	6	7	0	3	5	2	0	3	9	7	2	2	0	11	0	12	14	16	10	7	3	8	5	14	10	12	10	10	3	6	15	12	5	16	7	10	5	7	9	13	8	18	16	11	2	6	13	
1101_A/common_teal/Ningxi 10	8	9	11	7	6	5	6	7	10	1	0	4	1	0	0	2	6	7	0	3	5	2	0	3	9	7	2	2	0	11	0	12	14	16	10	7	3	8	5	14	10	12	10	10	3	6	15	12	5	16	7	10	5	7	9	13	8	18	16	11	2	6	13	
1102_A/common_teal/Ningxi 10	8	9	11	7	6	5	6	7	10	1	0	4	1	0	0	2	6	7	0	3	5	2	0	3	9	7	2	2	0	11	0	12	14	16	10	7	3	8	5	14	10	12	10	10	3	6	15	12	5	16	7	10	5	7	9	13	8	18	16	11	2	6	13	
1103_A/common_teal/Ningxi 10	8	9	11	7	6	5	6	7	10	1	0	4	1	0	0	2	6	7	0	3	5	2	0	3	9	7	2	2	0	11	0	12	14	16	10	7	3	8	5	14	10	12	10	10	3	6	15	12	5	16	7	10	5	7	9	13	8	18	16	11	2	6	13	
1104_A/common_teal/Ningxi 10	8	9	11	7	6	5	6	7	10	1	0	4	1	0	0	2	6	7	0	3	5	2	0	3	9	7	2	2	0	11	0	12	14	16	10	7	3	8	5	14	10	12	10	10	3	6	15	12	5	16	7	10	5	7	9	13	8	18	16	11	2	6	13	
1105_A/common_teal/Shaanx 10	7	8	11	7	7	5	6	6	8	1	0	6	4	0	0	1	5	8	0	4	6	2	0	4	9	6	2	2	1	11	2	13	14	16	9	7	5	9	5	15	7	11	11	11	2	7	12	9	4	14	9	10	5	9	7	11	9	18	18	11	3	6	11	
1106_A/Cygnus_atratus/Hub 10	8	9	12	7	6	5	5	7	9	1	0	4	2	0	0	1	6	7	0	4	5	2	0	3	9	8	3	3	1	8	1	12	15	18	9	5	4	7	5	15	8	11	10	9	3	7	13	12	5	17	8	10	5	7	8	13	8	18	17	13	2	5	12	
1107_A/Cygnus_atratus/Hub 10	8	9	12	7	6	5	5	7	9	1	0	4	2	0	0	1	6	7	0	4	5	2	0	3	9	8	3	3	1	8	1	12	15	18	9	5	4	7	5	15	8	11	10	9	3	7	13	12	5	17	8	10	5	7	8	13	8	18	17	13	2	5	12	
1108_A/Cygnus_columbianus 10	7	8	11	7	7	5	6	6	8	1	0	5	4	0	0	1	5	8	0	4	6	2	0	4	9	6	2	2	1	11	2	13	14	17	8	7	5	9	5	15	7	11	11	11	2	6	12	9	4	14	9	10	5	9	7	11	9	18	18	12	3	6	12	
1109_A/Cygnus_columbianus 10	7	8	11	7	6	5	6	6	8	1	0	5	4	0	0	1	5	8	0	4	7	2	0	4	9	6	2	2	1	11	2	13	14	16	9	7	5	9	5	15	7	11	11	11	2	6	12	10	4	14	9	9	5	9	7	11	9	18	18	12	3	6	12	
1110_A/Cygnus_columbianus 10	7	8	11	7	7	5	6	6	8	1	0	5	4	0	0	1	5	8	0	4	6	2	0	4	9	6	2	2	1	11	2	13	14	16	9	7	5	9	5	15	7	11	11	11	2	6	12	9	4	14	9	10	5	9	7	11	9	18	18	12	3	6	12	
1111_A/Cygnus_columbianus 10	7	8	11	7	7	5	6	6	8	1	0	5	4	0	0	1	5	8	0	4	6	2	0	4	9	6	2	2	1	11	2	13	14	16	9	7	5	9	5	16	7	11	11	11	2	6	12	9	4	14	9	10	5	9	8	10	9	18	17	13	3	6	11	
1112_A/Cygnus_columbianus 10	7	8	11	7	7	5	6	6	8	1	0	5	4	0	0	1	5	8	0	4	6	2	0	4	9	6	2	2	1	11	2	13	14	16	9	7	5	9	5	15	7	11	11	11	2	6	12	10	4	14	10	9	5	9	7	11	9	17	19	12	3	6	11	
1113_A/Cygnus_columbianus 10	7	8	11	7	7	5	6	6	8	1	0	5	4	0	0	1	5	8	0	4	6	2	0	4	9	6	2	2	1	11	2	13	14	17	8	7	5	9	5	15	7	11	11	11	2	6	12	9	4	13	9	10	5	10	7	11	9	18	18	12	3	6	12	
1114_A/Cygnus_columbianus 10	7	8	11	7	7	5	6	6	8	1	0	5	4	0	0	1	5	8	0	4	6	2	0	4	9	6	1	2	1	11	2	13	14	16	9	7	5	9	5	15	7	11	12	11	2	6	12	9	4	14	9	10	5	9	7	11	9	18	18	12	3	6	12	
1115_A/duck/Chiayi/150800 10	8	9	11	7	6	5	6	6	9	1	0	4	3	0	0	1	6	6	0	4	4	3	0	3	10	7	3	2	1	9	1	14	17	16	8	5	5	10	6	12	8	10	17	8	2	8	7	13	2	14	8	7	6	8	7	13	10	16	16	15	1	7	16	
1116_A/duck/Eastern_China 10	8	8	12	6	6	8	5	6	8	1	0	5	3	0	0	1	7	6	0	4	5	2	0	3	8	8	1	2	1	9	1	12	16	19	9	6	4	6	4	13	8	10	13	9	4	8	12	15	4	16	8	8	6	6	9	14	8	17	17	12	1	7	12	
1117_A/duck/Eastern_China 10	9	10	12	7	6	5	5	6	9	1	0	5	2	0	0	1	7	5	0	4	5	3	0	2	8	8	2	3	1	9	1	12	16	21	9	6	4	5	5	13	9	10	12	8	3	7	12	14	3	16	8	7	6	6	8	14	8	17	19	14	1	7	11	
1118_A/duck/Eastern_China 9	9	10	12	7	6	5	5	6	9	1	0	5	2	0	0	1	8	6	0	4	5	2	0	2	8	8	2	3	1	9	1	12	16	21	9	5	4	5	5	14	9	11	12	8	3	7	12	14	3	16	8	7	6	5	8	14	8	17	19	14	1	7	11	
1119_A/duck/Eastern_China 10	9	10	12	7	6	5	5	5	9	1	0	6	2	0	0	1	7	6	0	4	5	2	0	2	8	8	2	3	1	9	1	13	16	21	9	5	4	5	5	14	9	10	12	8	3	7	12	14	3	16	8	7	6	6	8	13	8	17	19	14	1	7	11	
1120_A/duck/Eastern_China 10	9	10	12	7	6	5	5	6	9	1	0	5	2	0	0	1	7	6	0	4	5	2	0	2	8	8	2	3	1	9	1	12	16	21	9	6	4	5	5	13	9	10	12	8	3	7	12	14	3	16	8	7	6	6	8	14	8	17	19	14	1	7	11	
1121_A/duck/Eastern_China 10	9	10	12	7	6	5	5	6	9	1	0	5	2	0	0	1	7	6	0	4	5	2	0	2	8	8	2	3	1	9	1	14	17	20	9	4	3	6	5	13	9	10	12	8	3	7	12	14	3	16	8	7	6	6	9	14	8	17	17	14	1	7	12	
1122_A/duck/Eastern_China 11	8	10	12	7	7	5	5	7	8	1	0	4	2	0	0	1	7	5	0	4	5	4	0	2	8	8	2	3	1	9	1	13	16	20	9	6	4	5	5	11	9	10	12	8	3	7	12	14	3	15	8	7	6	7	8	15	8	18	18	14	1	6	11	
1123_A/duck/Eastern_China 10	8	9	12	7	6	5	5	7	9	1	0	4	2	0	0	1	7	7	0	4	5	2	0	3	8	9	2	2	1	8	1	13	16	18	9	5	4	7	5	13	8	11	11	8	3	8	13	12	4	16	8	9	6	6	9	14	8	17	17	14	1	7	12	
1124_A/duck/Eastern_China 10	8	9	12	7	6	5	5	7	9	1	0	4	2	0	0	1	6	7	0	4	5	2	0	3	8	8	2	2	2	9	1	13	16	18	9	5	4	7	5	14	8	11	10	8	4	7	14	11	4	16	8	10	6	6	9	13	8	18	17	14	1	6	12	
1125_A/duck/Eastern_China 10	8	10	12	7	6	5	5	6	9	1	0	5	2	0	0	1	7	6	0	4	5	3	0	3	8	7	2	2	1	9	1	13	16	20	9	5	4	5	5	14	8	10	12	9	4	8	12	14	4	16	8	6	6	6	9	14	8	17	16	13	1	7	13	
1126_A/duck/Guangdong/KGZ 10	7	8	11	7	7	5	6	6	8	1	0	5	4	0	0	2	5	7	0	4	6	2	0	4	9	6	2	2	1	11	2	13	14	16	9	7	5	9	5	15	7	11	11	11	1	6	12	9	4	14	9	10	5	9	7	11	9	18	18	12	4	6	12	
1127_A/duck/Guangdong/KGZ 10	7	8	11	7	7	5	6	6	8	1	0	5	4	0	0	1	5	8	0	4	6	2	0	4	9	5	2	2	1	12	2	13	13	16	9	7	5	9	5	15	7	11	11	11	3	6	12	9	4	14	9	10	4	10	7	11	9	18	18	12	3	6	12	
1128_A/duck/Guangdong/S12 10	7	8	11	7	7	5	6	6	8	1	0	5	4	0	0	2	5	7	0	4	6	2	0	4	10	7	2	2	0	10	2	12	14	16	9	7	5	9	5	15	7	11	11	11	2	6	12	10	4	14	9	10	5	9	7	11	9	18	18	12	3	6	12	
1129_A/duck/Guangdong/s14 10	9	10	12	7	8	5	5	7	8	1	0	4	2	0	0	1	6	5	0	4	6	4	0	2	8	8	2	3	1	9	2	13	16	20	9	8	4	5	5	12	8	11	12	8	3	7	10	15	3	16	8	5	5	6	8	14	9	18	19	14	0	6	10	
1130_A/duck/Guangxi/S1009 10	7	8	11	7	7	5	6	6	8	1	0	5	4	0	0	1	5	9	0	4	6	2	0	3	9	5	2	2	1	12	2	13	13	16	9	7	5	8	5	15	7	11	11	11	3	7	12	9	4	13	9	10	5	10	7	12	9	18	18	12	3	6	11	
1131_A/duck/Guangxi/S1026 10	7	8	11	7	7	5	6	6	8	1	0	5	4	0	0	1	5	8	0	4	6	2	0	4	9	5	2	2	1	12	2	13	13	16	9	7	5	8	5	15	7	11	11	11	3	6	12	9	4	14	9	10	5	10	7	11	9	18	18	12	3	6	12	
1132_A/duck/Guangxi/S1104 10	7	8	11	7	7	5	6	7	8	1	0	4	4	0	0	1	5	8	0	4	6	2	0	4	9	5	2	2	1	12	2	13	13	15	9	7	5	9	5	15	7	11	11	11	3	6	12	9	4	15	9	10	5	9	7	11	9	18	18	12	3	6	12	
1133_A/duck/Guangxi/S2119 10	7	8	11	7	7	5	6	6	8	1	0	5	4	0	0	1	5	8	0	4	6	2	0	4	9	5	2	2	1	12	2	12	13	16	9	7	5	9	5	15	7	11	11	11	3	6	12	9	4	14	9	11	5	9	7	11	9	18	18	12	3	6	12	
1134_A/duck/Hebei/S1070/2 10	7	8	11	7	7	5	6	6	8	1	0	5	4	0	0	1	5	8	0	4	6	2	0	4	9	6	2	2	1	11	2	13	13	17	9	7	5	9	5	15	7	12	11	11	2	6	12	9	4	13	9	10	5	9	7	11	9	18	18	12	3	6	12	
1135_A/duck/Henan/S1381/2 10	7	8	11	7	7	5	6	6	8	1	0	5	4	0	0	1	5	8	0	4	6	2	0	4	9	6	2	2	1	11	2	13	14	16	9	7	5	9	5	15	7	11	11	11	2	6	12	9	4	14	9	10	5	9	7	11	9	18	18	12	3	6	12	
1136_A/duck/Hunan/11.30_Y 10	8	9	12	7	6	5	5	7	9	1	0	4	2	0	0	1	6	7	0	4	5	2	0	3	9	7	3	3	1	9	1	13	15	17	9	5	4	7	5	15	8	11	10	9	3	7	13	11	5	18	8	10	5	7	8	13	9	18	17	13	1	5	12	
1137_A/duck/Jiangxi/S1025 10	7	9	11	7	7	5	6	6	8	1	0	5	4	0	0	1	5	7	0	4	6	2	0	4	9	6	2	2	1	11	2	13	14	16	9	7	5	9	5	15	7	11	11	11	2	6	12	9	4	14	9	10	5	9	7	10	9	18	18	13	3	7	11	
1138_A/duck/Shandong/11.1 10	8	10	11	7	6	5	6	8	9	1	0	3	2	0	0	1	7	5	1	4	5	2	0	3	8	8	2	2	1	9	1	13	17	20	8	5	4	6	5	13	8	10	12	8	4	8	12	13	4	16	8	8	5	6	9	14	8	17	17	14	1	7	12	
1139_A/duck/Shandong/11.1 10	8	10	11	7	6	5	6	8	9	1	0	3	2	0	0	1	7	5	1	4	5	2	0	3	8	8	2	2	1	9	1	13	17	20	8	5	4	6	5	13	8	10	12	8	4	8	12	13	4	16	8	8	5	6	9	14	8	17	17	14	1	7	12	
1140_A/duck/Shandong/Q1/2 10	9	10	12	7	6	5	5	6	9	1	0	5	2	0	0	1	7	5	0	4	5	4	0	2	8	8	2	3	1	9	1	13	16	20	9	6	3	5	5	13	9	10	12	8	2	7	12	15	3	15	8	6	7	7	8	13	8	18	19	14	2	6	11	
1141_A/duck/Tainan/150104 10	8	9	12	7	6	5	5	6	9	1	0	4	3	0	0	1	6	6	0	4	5	3	0	3	9	7	3	2	1	9	1	14	18	17	8	5	4	9	6	12	8	10	17	8	2	8	7	13	2	14	8	7	6	8	7	13	10	16	16	15	1	7	16	
1142_A/duck/Taiwan/a068/2 10	8	9	12	7	6	5	5	6	9	1	0	4	3	0	0	1	6	6	0	4	5	3	0	3	9	7	3	2	1	9	1	14	18	17	8	5	4	9	6	12	8	10	17	8	2	8	7	13	2	14	7	7	6	8	8	13	10	16	16	15	1	7	16	
1143_A/duck/Taiwan/A3400/ 10	7	9	12	7	6	5	5	6	9	1	0	4	3	0	0	1	7	6	0	4	5	3	0	3	9	7	3	2	1	9	1	14	18	17	8	5	4	9	6	12	8	10	17	8	2	8	7	13	2	14	7	7	6	8	8	13	10	16	16	15	1	7	16	
1144_A/duck/Xinjiang/12.1 10	8	9	12	7	6	5	5	7	9	1	0	4	2	0	0	1	6	6	0	4	5	3	0	3	9	7	3	3	1	9	1	13	15	18	9	5	4	7	5	15	8	11	10	9	3	7	13	11	5	17	8	10	5	7	8	13	8	18	17	13	2	5	12	
1145_A/duck/Yunlin/150102 10	8	9	12	7	6	5	5	6	9	1	0	4	3	0	0	1	6	6	0	4	5	3	0	3	9	7	3	2	1	9	1	14	18	17	8	5	4	9	6	12	8	10	17	8	2	8	7	13	2	14	9	7	6	8	7	13	10	16	15	15	1	7	16	
1146_A/duck/Yunlin/150104 10	8	9	12	7	6	5	5	6	9	1	0	4	3	0	0	1	6	6	0	4	5	3	0	3	9	7	3	2	1	9	1	14	18	17	8	5	4	9	6	12	8	10	17	8	2	8	7	13	2	14	9	7	6	8	7	13	10	16	15	15	1	7	16	
1147_A/duck/Zhejiang/6D18 10	8	10	12	7	6	5	5	6	9	1	0	5	2	0	0	1	7	6	0	4	5	2	0	3	8	7	1	2	1	10	1	13	16	19	9	5	3	6	5	14	8	10	13	8	4	7	12	13	4	16	8	8	7	6	9	14	8	17	17	13	1	8	12	
1148_A/duck/Zhejiang/9250 10	8	11	12	7	6	4	5	7	9	1	0	3	2	0	0	1	7	6	0	4	5	2	0	3	8	8	2	3	1	9	1	13	16	19	8	5	4	6	6	13	9	10	12	9	3	8	12	13	4	16	8	8	6	6	9	14	8	17	15	13	1	7	14	
1149_A/duck/Zhejiang/9251 10	8	11	12	7	6	4	5	7	9	1	0	3	2	0	0	1	7	6	0	4	5	2	0	3	8	8	2	3	1	9	1	13	16	19	8	5	4	6	6	13	9	9	12	9	3	9	12	13	4	16	8	8	6	6	9	14	8	17	15	13	1	7	14	
1150_A/duck/Zhejiang/W24/ 10	7	10	12	7	7	5	5	6	9	1	0	5	2	0	0	1	7	6	0	4	5	2	0	3	8	7	2	2	1	10	1	13	15	19	10	6	3	6	4	14	8	10	12	8	4	8	12	14	4	16	8	7	7	6	9	14	8	17	17	13	1	7	12	
1151_A/egret/Jiangsu/SD02 10	7	8	11	7	7	5	6	5	8	1	0	6	4	0	0	1	5	8	0	4	6	2	0	4	9	6	2	2	1	11	2	13	13	16	9	7	6	9	5	15	7	11	12	11	2	6	11	9	4	14	9	10	5	9	7	11	9	18	18	12	3	6	12	
1152_A/eurasian_eagle-owl 10	7	8	11	7	7	5	6	6	8	1	0	6	4	0	0	1	5	8	0	4	6	2	0	4	9	6	2	2	1	11	2	13	14	16	9	7	5	9	5	15	7	11	11	11	2	7	12	9	4	14	9	10	5	9	7	11	9	18	18	11	3	6	11	
1153_A/goose/Chiayi/15020 10	8	9	12	7	6	5	5	6	9	1	0	4	3	0	0	1	6	6	0	4	5	3	0	3	9	7	3	2	1	9	1	14	18	17	8	5	4	9	6	12	8	10	17	8	2	8	7	13	2	14	9	7	6	8	7	13	10	16	15	15	1	7	16	
1154_A/goose/China/1/2021 10	7	9	11	7	7	5	6	6	8	1	0	5	4	0	0	1	5	7	0	4	6	2	0	4	9	6	2	2	1	11	2	12	14	16	9	7	5	9	5	15	8	11	10	11	2	6	13	10	4	14	9	11	5	9	7	10	8	18	19	12	3	6	11	
1155_A/goose/Eastern_Chin 10	8	10	12	7	6	5	5	6	9	1	0	5	2	0	0	1	7	6	0	4	5	2	0	3	8	8	1	2	1	9	1	13	16	19	9	5	4	6	5	13	8	10	13	9	4	8	12	13	4	16	8	8	6	6	9	13	8	17	17	14	1	7	12	
1156_A/goose/Eastern_Chin 10	9	10	12	7	7	5	5	7	8	1	0	4	2	0	0	1	7	4	0	4	5	4	0	2	8	8	2	3	1	9	1	13	16	21	9	6	4	5	5	11	9	10	12	8	3	7	12	15	3	15	8	6	6	7	8	15	8	18	19	14	1	6	10	
1157_A/goose/Eastern_Chin 10	9	10	12	7	6	5	5	6	9	0	0	5	2	1	0	1	7	5	0	4	5	3	0	2	8	8	2	3	1	9	1	12	16	21	9	6	4	5	5	12	9	10	14	8	3	7	10	15	3	18	8	7	5	4	8	15	9	17	21	13	1	7	9	
1158_A/goose/Eastern_Chin 9	8	11	12	7	7	5	6	6	9	1	0	5	2	0	0	1	7	6	0	4	5	2	0	3	8	8	1	2	1	9	1	15	16	20	8	5	4	6	6	13	8	11	13	9	4	7	12	11	4	15	8	8	5	6	9	14	8	16	17	13	1	8	12	
1159_A/goose/Guangdong/s1 10	9	10	12	7	8	5	5	7	8	1	0	4	2	0	0	1	6	6	0	4	6	3	0	2	8	8	2	3	1	9	2	13	16	20	9	8	4	5	5	12	8	11	12	8	3	7	10	15	3	16	8	5	5	6	8	14	9	18	19	14	0	6	10	
1160_A/goose/Guangxi/S206 10	7	7	11	7	7	6	6	6	8	1	0	5	4	0	0	1	5	8	0	4	6	2	0	4	9	5	2	2	1	12	2	13	13	16	9	7	5	9	5	15	7	11	11	11	3	6	12	9	4	14	9	10	5	9	7	11	9	18	18	12	3	6	12	
1161_A/goose/Henan/S1315/ 10	7	8	11	7	7	5	6	6	8	1	0	5	4	0	0	1	5	8	0	4	6	2	0	4	9	6	2	2	1	11	2	13	14	16	9	7	5	9	5	15	7	11	11	11	2	6	12	9	4	14	9	10	5	9	7	11	9	18	18	12	3	6	12	
1162_A/goose/Hunan/S11288 10	7	8	11	7	7	5	6	6	9	1	0	5	4	0	0	1	5	8	0	4	6	2	0	4	8	6	2	2	1	11	2	13	14	16	9	6	6	9	5	15	7	10	12	11	2	6	12	9	4	13	10	10	5	9	7	12	8	18	18	12	3	6	12	
1163_A/goose/Jiangsu/QD5/ 10	8	10	12	7	6	5	5	5	9	1	0	5	2	0	0	1	7	6	0	4	5	2	0	4	8	8	1	2	1	9	1	13	16	19	9	5	4	6	5	12	9	10	13	9	4	8	12	13	5	16	8	7	6	6	9	14	8	17	17	13	1	7	12	
1164_A/goose/Jiangsu/S138 10	8	9	11	7	7	5	6	6	7	1	0	5	4	0	0	1	5	7	0	4	6	2	0	4	9	6	2	2	1	11	2	13	14	16	9	7	5	9	5	15	7	10	11	11	2	7	12	9	4	14	8	10	5	9	8	11	9	18	18	12	3	7	11	
1165_A/goose/Liaoning/S12 10	7	8	11	7	7	5	6	6	8	1	0	5	4	0	0	1	5	8	0	4	6	2	0	4	9	6	2	2	1	11	2	12	14	17	9	7	5	9	5	14	8	11	11	11	2	5	12	10	4	14	9	10	5	9	7	11	9	18	19	12	3	6	11	
1166_A/goose/Pingtung/150 10	8	9	12	7	6	5	5	6	9	1	0	5	3	0	0	1	6	6	0	4	5	3	0	3	9	7	3	2	1	9	1	14	18	17	8	5	4	9	6	12	8	10	17	8	2	8	7	13	2	14	7	7	6	8	8	13	10	16	16	15	1	7	16	
1167_A/goose/Pingtung/160 11	8	9	11	6	6	5	6	6	9	1	0	5	3	0	0	1	6	5	1	4	5	3	0	3	9	7	3	2	1	9	1	14	18	17	8	5	4	9	6	12	8	10	17	8	2	8	7	13	2	14	7	7	6	8	8	13	10	16	16	15	1	7	16	
1168_A/goose/Shandong/05. 10	8	9	12	7	5	5	5	6	8	1	0	4	2	0	0	1	7	7	0	4	5	2	0	3	7	7	2	2	1	9	1	11	15	16	9	5	4	7	5	12	8	10	11	7	4	7	13	12	4	16	8	9	6	6	8	14	8	17	17	13	1	7	11	
1169_A/goose/Shandong/05. 10	8	9	12	7	6	5	5	7	9	1	0	4	2	0	0	1	7	7	0	4	5	2	0	3	8	8	2	2	1	9	1	13	15	18	9	5	5	7	5	13	8	11	11	8	4	7	13	12	4	16	8	9	6	6	9	14	8	17	17	14	1	7	12	
1170_A/goose/Shandong/06. 10	8	9	12	7	6	5	5	7	9	1	0	4	2	0	0	1	6	7	0	4	5	2	0	3	8	8	2	2	2	9	1	13	16	18	9	5	4	7	5	13	8	11	11	8	4	7	13	12	4	16	8	9	6	6	9	14	8	17	18	14	1	7	11	
1171_A/goose/Shandong/12. 10	8	10	12	7	6	5	5	6	9	1	0	5	2	0	0	1	7	5	2	4	5	2	0	3	8	8	1	2	1	9	0	14	16	19	9	5	4	6	5	13	8	10	13	9	4	8	12	12	3	16	8	8	7	6	9	14	8	17	17	13	1	7	12	
1172_A/Goose/Shandong/211 10	7	8	11	9	6	5	6	5	8	1	0	5	4	0	0	1	5	8	1	4	6	2	0	5	9	6	2	2	1	11	1	13	14	16	9	6	5	9	5	15	7	11	11	11	2	7	12	9	4	14	9	10	5	9	7	11	9	18	18	12	3	6	11	
1173_A/goose/Shandong/GD- 10	7	10	12	7	7	5	5	6	9	1	0	5	2	0	0	1	8	6	0	5	4	2	0	3	8	8	2	2	1	9	1	11	17	19	9	4	4	6	5	13	8	10	12	9	4	8	12	15	4	16	8	7	6	6	8	14	8	17	18	13	1	7	12	
1174_A/goose/Shandong/LQ0 10	9	10	12	7	7	5	5	7	8	1	0	4	2	0	0	1	7	5	0	4	5	4	0	2	8	8	2	3	1	9	1	13	15	19	9	6	3	6	5	11	9	10	12	8	3	7	12	15	4	15	8	6	7	7	8	15	8	18	19	14	1	6	10	
1175_A/goose/Tainan/16040 11	8	8	11	6	6	6	6	6	9	1	0	5	3	0	0	1	6	6	0	4	5	3	0	3	9	7	3	2	1	9	1	14	18	16	9	5	4	9	6	12	8	10	16	8	2	8	7	13	2	14	7	7	6	8	8	12	10	16	17	16	1	7	16	
1176_A/goose/Tainan/16070 11	8	8	11	6	6	6	6	7	9	1	0	4	3	0	0	1	6	6	0	4	5	3	0	3	9	7	3	2	1	9	1	14	18	16	10	5	4	9	5	12	8	10	16	8	2	8	7	13	2	14	7	7	6	8	8	12	10	16	17	16	1	7	16	
1177_A/goose/Taiwan/01019 10	8	8	12	7	6	6	5	6	9	1	0	4	3	0	0	1	6	6	0	4	5	3	0	3	9	7	3	2	1	9	1	14	18	17	8	5	4	9	6	12	8	10	17	8	2	8	7	14	1	14	8	7	6	8	7	13	10	16	16	15	1	7	16	
1178_A/goose/Taiwan/01039 10	8	9	12	6	6	5	5	6	9	1	0	4	3	0	0	1	6	6	0	4	5	3	0	3	8	7	3	2	2	9	1	14	18	17	8	5	4	9	6	12	8	10	17	8	2	8	7	12	2	14	8	8	7	8	7	13	10	16	17	15	1	7	15	
1179_A/goose/Taiwan/a015/ 10	8	9	12	7	6	5	5	6	9	1	0	4	3	0	0	1	6	6	0	4	5	3	0	3	9	7	3	2	1	9	1	14	18	17	8	5	4	9	6	12	8	10	17	8	2	8	7	13	2	14	8	7	6	8	7	13	10	16	16	15	1	7	16	
1180_A/goose/Taiwan/TNC1/ 10	8	9	12	7	6	5	5	6	9	1	0	4	3	0	0	1	6	6	0	4	5	3	0	3	9	7	3	2	1	9	1	15	18	17	8	5	4	9	6	12	8	10	17	8	1	8	8	12	2	14	8	7	6	8	7	13	10	16	16	15	1	7	16	
1181_A/goose/Taiwan/TNC3/ 10	8	9	12	7	6	5	5	6	9	1	0	4	3	0	0	1	6	6	0	4	5	3	0	3	9	7	3	2	1	9	1	14	18	17	8	5	4	9	6	12	8	10	17	8	1	8	8	13	2	14	8	7	6	8	7	13	10	16	16	15	1	7	16	
1182_A/goose/Taiwan/TNC4/ 10	8	9	12	7	6	5	5	6	9	1	0	4	3	0	0	1	6	6	0	4	5	3	0	3	9	7	3	2	1	9	1	14	18	17	8	5	4	9	6	12	8	10	17	8	2	8	7	13	2	14	8	7	6	8	7	13	10	16	16	15	1	7	16	
1183_A/goose/Taiwan/TNC9/ 10	8	9	12	7	6	5	5	6	9	1	0	4	3	0	0	1	6	6	0	4	5	3	0	3	9	7	3	2	1	9	1	14	18	17	8	5	4	9	6	12	8	10	17	8	1	8	8	13	2	14	8	7	6	8	7	13	10	16	16	15	1	7	16	
1184_A/goose/Taiwan/TNC10 10	8	9	12	7	6	5	5	6	9	1	0	4	3	0	0	1	6	6	0	4	5	3	0	3	9	7	3	2	1	9	1	15	18	17	8	5	4	9	6	12	8	10	17	8	1	8	8	12	2	14	8	7	6	8	7	13	10	16	16	15	1	7	16	
1185_A/goose/Taiwan/TNC12 10	8	9	12	7	6	5	5	6	9	1	0	4	3	0	0	1	6	6	0	4	5	3	0	3	9	7	3	2	1	9	1	15	18	17	8	5	4	9	6	12	8	10	17	8	1	8	8	12	2	14	8	7	6	8	7	13	10	16	16	15	1	7	16	
1186_A/goose/Taiwan/TNC14 10	8	9	12	7	6	5	5	6	9	1	0	4	3	0	0	1	5	6	0	4	6	3	0	3	9	7	3	2	1	9	1	15	18	17	8	5	4	9	6	12	8	10	17	8	1	8	8	12	2	14	8	7	6	8	7	13	10	16	16	15	1	7	16	
1187_A/goose/Taiwan/TNO3/ 10	8	9	12	7	6	5	5	7	9	1	0	3	3	0	0	1	6	6	0	4	5	3	0	3	9	7	3	2	1	9	1	14	18	17	8	5	4	9	6	12	8	10	17	8	2	8	7	13	2	14	8	7	6	8	7	13	10	16	16	15	1	7	16	
1188_A/goose/Taiwan/TNO9/ 10	8	9	12	7	6	5	5	6	9	1	0	4	3	0	0	1	6	6	0	4	5	3	0	3	9	7	3	2	1	9	1	14	18	17	8	5	4	9	6	12	8	10	17	8	2	8	7	13	2	14	8	7	6	8	7	13	10	16	16	15	1	7	16	
1189_A/goose/Taiwan/TNO15 10	8	9	12	7	6	5	5	6	9	1	0	4	3	0	0	1	6	6	0	4	5	3	0	3	9	7	3	2	1	9	1	14	18	17	8	5	4	9	6	12	8	10	17	8	2	8	7	13	2	14	8	7	6	8	7	13	10	16	16	15	1	7	16	
1190_A/goose/Taiwan/TNO17 10	8	9	12	7	6	5	5	6	9	1	0	4	3	0	0	1	6	6	0	4	5	3	0	3	9	7	3	2	1	9	1	15	18	17	8	5	4	9	6	12	8	10	17	8	1	8	8	12	2	14	8	7	6	8	7	13	10	16	16	15	1	7	16	
1191_A/goose/Taoyuan/1501 10	8	9	12	7	6	5	5	6	9	1	0	4	3	0	0	1	6	6	0	4	5	3	0	3	9	7	3	2	1	9	1	14	18	17	8	5	4	9	6	12	8	10	17	8	2	8	7	13	2	14	9	7	6	8	7	13	10	16	15	15	1	7	16	
1192_A/goose/Xinjiang/12. 10	8	9	12	7	6	5	5	7	9	1	0	4	2	0	0	1	6	6	0	4	5	3	0	3	9	7	3	3	1	9	1	13	15	18	9	5	4	7	5	15	8	11	10	9	3	7	13	11	5	17	8	10	5	7	8	13	8	18	17	13	2	5	12	
1193_A/goose/Xinjiang/12. 10	8	9	12	7	6	5	5	7	9	1	0	4	2	0	0	1	6	6	0	4	5	3	0	3	9	7	3	3	1	9	1	13	15	18	9	5	4	7	5	15	8	11	10	9	3	7	13	11	5	17	8	10	5	7	8	13	8	18	17	13	2	5	12	
1194_A/goose/Xinjiang/12. 10	8	9	12	7	6	5	5	7	9	1	0	4	2	0	0	1	6	6	0	4	5	3	0	3	9	7	3	3	1	9	1	13	15	18	9	5	4	7	5	15	8	11	10	9	3	7	13	11	5	17	8	10	5	6	9	13	8	18	17	13	2	5	12	
1195_A/goose/Xinjiang/12. 10	8	9	12	7	6	5	5	7	9	1	0	4	2	0	0	1	6	6	0	4	5	3	0	3	9	7	3	3	1	9	1	13	15	18	9	5	4	7	5	15	8	11	10	9	3	7	13	11	5	17	8	10	5	7	8	13	8	18	17	13	2	5	12	
1196_A/goose/Yangzhou/042 9	8	11	12	7	5	5	5	6	10	1	0	5	2	0	0	1	7	6	0	4	5	2	0	3	8	7	1	2	1	10	1	13	16	19	9	5	4	6	5	14	8	10	14	10	4	8	11	13	4	16	8	8	6	6	9	13	8	17	17	12	1	7	12	
1197_A/goose/Yunlin/15040 10	8	9	12	7	6	5	5	6	9	1	0	4	3	0	0	1	6	6	0	4	4	3	0	3	10	7	3	2	1	9	1	14	17	17	8	5	5	9	6	12	8	10	17	8	2	8	7	13	2	14	8	7	6	8	7	13	10	16	16	15	1	7	16	
1198_A/goose/Zhejiang/925 10	8	9	12	7	6	5	5	7	10	1	0	4	1	0	0	1	7	7	0	4	5	2	0	3	8	8	2	2	1	9	1	13	15	19	8	5	5	7	5	13	9	11	11	8	3	7	13	12	4	16	8	9	6	6	9	14	8	17	17	14	1	7	12	
1199_A/goose/Zhejiang/925 11	7	9	12	7	8	5	5	6	10	1	0	4	1	0	0	1	7	7	0	4	4	2	0	3	8	8	2	2	1	9	1	13	15	19	8	5	5	7	5	13	9	11	11	8	3	7	13	13	4	16	8	8	6	6	9	14	8	17	17	14	1	7	12	
1200_A/goose/Zhejiang/S12 10	7	8	11	7	7	5	6	6	8	1	0	5	4	0	0	1	5	8	0	4	6	2	0	4	9	6	2	2	1	11	2	13	14	16	9	7	5	9	5	14	8	11	11	11	2	6	12	9	4	14	9	10	5	9	7	12	9	18	18	11	3	6	12	
1201_A/Great_Black-headed 10	8	9	12	7	6	5	5	7	9	1	0	4	2	0	0	1	6	7	0	4	5	2	0	3	9	8	2	2	1	9	1	13	15	18	9	5	4	7	4	14	8	11	12	8	4	7	13	11	4	16	8	10	6	7	8	14	8	18	17	13	2	6	12	
1202_A/Great_Cormorant/Qi 10	8	9	12	7	6	4	5	7	9	1	0	4	2	0	0	2	6	6	1	4	5	2	0	3	9	8	2	2	1	9	0	13	15	18	9	5	4	8	5	14	8	11	11	7	4	7	14	11	5	16	8	10	5	7	8	14	8	18	17	13	2	6	12	
1203_A/Great_Cormorant/Qi 10	8	10	12	7	6	5	5	7	9	1	0	4	2	0	0	1	6	6	0	4	5	2	0	3	9	7	2	2	1	10	1	13	14	18	9	5	5	7	5	14	8	11	11	8	4	7	13	11	5	16	8	10	5	7	8	14	8	18	17	13	2	6	12	
1204_A/Great_Cormorant/Qi 10	8	9	12	7	6	6	5	7	9	1	0	4	2	0	0	1	6	7	0	4	5	2	0	3	9	8	2	2	1	9	1	13	15	18	9	5	4	7	5	14	8	11	11	9	4	7	13	11	5	16	9	10	5	6	7	14	8	18	17	12	2	6	12	
1205_A/Great_Crested_Greb 10	8	9	12	7	6	5	5	7	9	1	0	4	2	0	0	1	6	7	0	4	5	2	0	3	9	8	2	2	1	9	1	13	15	17	9	5	4	8	5	14	8	11	11	8	3	9	11	11	5	16	8	10	5	6	9	14	8	18	17	14	2	6	12	
1206_A/grebe/Ningxia/SD00 10	7	8	11	7	7	5	6	5	8	1	0	5	4	0	0	1	5	8	0	4	6	2	0	5	9	6	2	2	1	11	2	13	14	16	9	7	5	9	5	15	7	11	11	11	2	6	12	8	5	13	9	11	4	10	7	11	9	18	18	12	3	6	12	
1207_A/grebe/Shaanxi/SD00 10	7	8	11	7	7	5	6	5	8	1	0	5	4	0	0	1	5	8	0	4	6	2	0	6	8	6	2	2	1	11	2	13	14	16	9	7	5	9	5	15	7	12	11	11	2	6	12	8	5	13	9	11	4	10	7	11	9	17	18	12	3	6	12	
1208_A/grebe/Shandong/SC1 10	7	8	11	7	7	5	6	6	8	1	0	5	4	0	0	1	5	8	0	4	6	2	0	4	9	6	2	2	1	11	2	13	14	16	9	7	5	9	5	15	7	11	11	11	2	7	12	9	4	14	9	10	5	9	7	11	9	18	18	12	3	6	11	
1209_A/green-winged_teal/ 10	7	8	11	7	7	5	6	6	8	1	0	5	4	0	0	1	5	7	0	4	6	3	0	4	9	6	2	2	1	11	3	13	14	15	9	7	5	10	5	14	7	11	12	11	2	6	11	9	4	14	9	10	5	9	7	13	9	18	18	11	3	7	11	
1210_A/Herring_Gull/Hubei 9	8	9	12	7	6	5	5	7	9	1	0	5	2	0	0	1	6	7	0	4	5	2	0	3	9	7	2	2	1	10	1	13	15	18	9	5	4	8	5	14	8	11	11	8	4	7	13	11	5	16	8	10	5	6	8	14	8	18	18	13	2	6	11	
1211_A/mallard_duck/Shang 10	9	10	12	7	6	5	5	7	8	1	0	4	2	0	0	1	7	6	0	4	5	2	0	3	8	7	2	2	1	10	1	13	16	19	9	6	3	6	5	14	8	11	12	8	4	8	11	13	4	16	8	7	7	6	9	15	8	16	17	13	1	7	12	
1212_A/mallard/Ningxia/17 10	8	9	11	7	6	5	6	7	10	1	0	4	1	0	0	2	6	7	0	3	5	2	0	3	9	7	2	2	0	11	0	12	14	16	10	7	3	8	5	14	10	12	10	10	3	6	15	12	5	16	7	10	5	7	9	13	8	18	16	11	2	6	13	
1213_A/mallard/Ningxia/17 10	8	9	11	7	6	5	6	7	10	1	0	4	1	0	0	2	6	7	0	3	5	2	0	3	9	7	2	2	0	11	0	12	14	16	10	7	3	8	5	14	10	12	10	10	3	5	16	12	5	16	7	10	5	7	9	13	8	18	16	11	2	6	13	
1214_A/mallard/Ningxia/23 10	8	9	11	7	6	5	6	7	10	1	0	4	1	0	0	2	6	7	0	3	5	2	0	3	9	7	2	2	0	11	0	12	14	16	10	7	3	8	5	14	10	12	10	10	3	6	15	12	5	16	7	10	5	7	9	13	8	18	16	11	2	6	13	
1215_A/mallard/Ningxia/24 10	8	9	11	7	6	5	6	7	10	1	0	4	1	0	0	2	6	7	0	3	5	2	0	3	9	7	2	2	0	11	0	12	14	16	10	7	3	8	5	14	10	12	9	10	3	6	15	12	5	16	8	10	5	7	9	13	8	18	16	11	2	6	13	
1216_A/mallard/Ningxia/24 10	8	9	11	7	6	5	6	7	10	1	0	4	1	0	0	2	6	7	0	3	5	2	0	3	9	7	2	2	0	11	0	12	14	16	10	7	3	8	5	14	10	12	10	10	3	6	15	12	5	16	7	10	5	7	9	13	8	18	16	11	2	6	13	
1217_A/mallard/Ningxia/24 10	8	9	11	7	6	5	6	7	10	1	0	4	1	0	0	2	6	7	0	3	5	2	0	3	9	8	2	2	0	10	0	12	14	16	10	7	3	8	5	14	10	12	10	10	3	6	15	12	5	16	7	10	5	7	9	13	8	18	16	11	2	6	13	
1218_A/mute_swan/Inner_Mo 10	7	8	11	7	7	5	6	6	8	1	0	5	4	0	0	1	5	8	0	4	6	2	0	4	9	6	2	2	1	11	2	13	14	16	9	7	5	9	5	15	7	11	11	11	2	7	12	9	4	14	9	10	5	9	7	11	9	18	18	12	3	6	11	
1219_A/mute_swan/Shandong 10	7	8	11	7	7	5	6	6	8	1	0	5	4	0	0	1	5	8	0	4	6	2	0	4	9	6	2	2	1	11	2	13	14	15	9	7	6	9	5	14	7	11	11	11	2	6	12	9	5	14	9	10	5	8	7	12	8	19	18	12	3	6	12	
1220_A/Peregrine_Falcon/H 10	7	8	11	7	7	5	6	6	8	1	0	5	4	0	0	1	5	8	0	4	6	2	0	4	9	5	2	2	1	12	2	13	13	16	9	7	5	9	5	15	7	11	11	11	3	6	12	9	4	14	9	10	5	9	7	11	9	18	18	12	3	6	12	
1221_A/pheasant/Hebei/B02 10	7	8	11	7	7	5	6	5	8	1	0	6	4	0	0	1	5	8	0	4	6	2	0	4	9	6	2	2	1	11	3	13	14	16	9	7	5	9	5	15	7	11	9	11	2	6	13	9	4	14	9	10	5	9	7	11	9	18	18	12	3	6	12	
1222_A/swan/China/ST/2016 10	8	9	12	7	6	5	5	7	9	1	0	4	2	0	0	1	6	7	0	4	5	2	0	3	9	8	3	3	1	8	1	13	15	18	9	5	4	7	5	15	8	11	10	9	2	8	13	11	5	17	8	10	5	7	8	13	8	18	17	13	2	5	12	
1223_A/swan/Hebei/B01/202 10	6	9	11	7	8	5	6	6	8	1	0	4	4	0	0	1	5	7	0	4	6	2	0	4	9	7	2	3	1	10	2	12	14	16	9	7	5	8	5	15	7	10	11	11	2	6	12	10	4	14	9	10	5	9	7	11	9	19	17	12	3	7	13	
1224_A/swan/Shandong/W376 10	8	9	11	7	6	5	6	8	10	1	0	3	1	0	0	2	6	7	0	3	5	2	0	3	9	7	2	2	0	11	0	11	13	16	10	7	4	8	5	15	10	12	10	10	3	6	15	12	5	16	7	10	5	7	9	13	8	18	16	11	2	6	13	
1225_A/tundra_swan/Hubei/ 10	7	8	11	7	6	5	6	6	8	1	0	5	4	0	0	1	5	8	0	4	7	2	0	4	9	6	2	2	1	11	2	13	14	16	9	7	5	9	5	15	7	11	11	11	2	7	12	10	4	14	9	9	5	9	7	11	9	18	18	12	3	6	11	
1226_A/tundra_swan/Hubei/ 10	7	8	11	7	6	5	6	6	8	1	0	5	4	0	0	1	5	8	0	4	7	2	0	4	9	6	2	2	1	11	2	13	14	16	9	7	5	9	5	15	7	11	11	11	2	7	12	10	4	14	9	9	5	9	7	11	9	18	18	12	3	6	11	
1227_A/tundra_swan/Hubei/ 10	7	8	11	7	7	5	6	6	8	1	0	5	4	0	0	1	5	8	0	4	6	2	0	4	9	6	2	2	1	11	2	13	14	17	8	7	5	9	5	15	7	11	11	11	2	7	13	9	4	14	9	10	5	9	7	11	9	18	18	12	3	6	10	
1228_A/tundra_swan/Hubei/ 10	7	8	11	7	7	5	6	6	8	1	0	5	4	0	0	1	5	8	0	4	6	2	0	4	9	6	2	2	1	11	2	13	14	16	9	7	5	9	5	16	7	11	11	11	2	7	12	9	4	14	9	10	5	9	8	10	9	18	17	13	3	6	10	
1229_A/tundra_swan/Hubei/ 10	7	8	11	7	7	5	6	6	8	1	0	5	4	0	0	1	5	8	0	4	6	2	0	4	9	6	2	2	1	11	2	13	14	16	9	7	5	9	5	15	7	11	11	11	2	7	12	10	4	14	10	9	5	9	7	11	9	17	19	12	3	6	10	
1230_A/tundra_swan/Hubei/ 10	7	8	11	7	7	5	6	6	8	1	0	5	4	0	0	1	5	8	0	4	6	2	0	4	9	6	1	2	1	11	2	13	14	16	9	7	5	9	5	15	7	11	12	11	2	7	12	9	4	14	9	10	5	9	7	11	9	18	18	12	3	6	11	
1231_A/turkey/Chiayi/1702 11	8	9	10	6	6	5	7	6	9	1	0	5	3	0	0	1	6	6	0	4	5	3	0	3	8	7	3	2	2	9	1	14	19	16	9	5	4	9	6	12	9	10	17	8	2	8	7	14	2	14	8	6	6	8	7	13	8	15	16	15	2	7	16	
1232_A/whiskered_tern/Hub 10	7	8	11	7	7	5	6	6	8	1	0	5	4	0	0	1	5	8	0	4	6	2	0	4	9	6	2	2	1	11	2	13	14	17	8	7	5	9	5	15	7	11	11	11	2	6	12	9	4	13	9	10	5	10	7	11	9	18	18	12	3	7	11	
1233_A/whooper_swan/Henan 10	7	8	11	7	7	5	6	6	8	1	0	5	4	0	0	1	5	8	0	4	6	2	0	4	9	6	2	2	1	11	2	13	14	16	9	7	5	9	5	15	7	11	11	11	2	7	12	9	4	14	9	10	5	8	8	11	9	18	18	12	3	6	11	
1234_A/whooper_swan/Henan 10	7	8	11	7	7	5	6	7	8	1	0	5	4	0	0	1	5	8	0	4	6	2	0	3	9	6	2	2	1	11	2	13	14	16	9	7	5	9	5	15	7	11	11	11	2	7	12	9	4	14	9	10	5	9	7	11	9	18	18	12	3	5	12	
1235_A/whooper_swan/Henan 10	7	8	11	7	7	5	6	6	8	1	0	5	4	0	0	1	5	8	0	4	6	2	0	4	9	6	2	2	1	11	2	14	14	16	9	6	5	9	5	15	7	11	11	11	2	7	12	9	4	14	9	10	5	9	7	11	9	18	18	12	3	5	12	
1236_A/whooper_swan/Henan 10	7	8	11	7	7	5	6	7	8	1	0	5	4	0	0	1	5	8	0	4	6	2	0	3	9	6	2	2	1	11	2	14	14	16	9	6	5	9	5	15	7	11	11	12	1	7	12	9	4	14	9	10	5	9	7	11	9	18	18	12	3	6	11	
1237_A/whooper_swan/Henan 10	7	8	11	7	7	5	6	6	8	1	0	5	4	0	0	1	5	8	0	4	6	2	0	4	9	6	2	2	1	11	2	13	14	16	9	7	5	9	5	15	7	11	11	11	2	6	12	9	4	14	9	10	5	8	8	11	9	18	18	12	3	7	11	
1238_A/whooper_swan/Henan 10	7	8	11	7	7	5	6	6	8	1	0	5	4	0	0	1	5	8	0	4	5	2	0	4	10	6	2	2	1	11	2	13	14	16	9	7	5	9	5	15	7	11	11	11	2	7	12	9	4	14	9	10	5	9	7	11	9	18	19	12	3	6	10	
1239_A/whooper_swan/Henan 10	7	8	11	7	8	5	6	6	8	1	0	5	4	0	0	1	5	8	0	4	5	2	0	4	9	6	2	2	1	11	2	13	14	16	9	7	5	9	5	15	7	11	11	11	2	6	12	9	4	14	9	10	5	8	8	11	9	18	18	12	4	6	11	
1240_A/whooper_swan/Henan 10	7	8	11	7	7	5	6	6	8	1	0	5	4	0	0	1	5	8	0	4	6	2	0	4	9	6	2	2	1	11	2	13	14	16	9	7	5	9	5	15	7	11	11	11	2	7	12	9	4	14	9	10	5	9	7	11	9	18	18	12	3	6	11	
1241_A/whooper_swan/Henan 10	7	8	11	7	7	5	6	6	8	1	0	5	4	0	0	1	5	8	0	4	6	2	0	4	9	6	2	2	1	11	2	13	14	16	9	7	5	9	5	15	7	11	11	11	2	6	12	9	4	14	9	10	5	8	8	11	9	18	18	12	3	7	11	
1242_A/whooper_swan/Henan 10	7	8	11	7	7	5	6	6	8	1	0	6	4	0	0	1	5	8	0	4	6	2	0	4	9	6	2	2	1	11	2	13	14	16	9	7	5	9	5	15	7	11	11	11	2	7	12	9	4	14	9	10	5	9	7	11	9	18	18	11	3	6	11	
1243_A/whooper_swan/Henan 10	7	8	11	7	7	5	6	6	8	1	0	6	4	0	0	1	5	8	0	4	6	2	0	4	9	6	2	2	1	11	2	13	14	16	9	7	5	9	5	15	7	11	11	11	2	6	12	9	4	14	9	10	5	9	7	11	9	19	18	11	3	6	11	
1244_A/whooper_swan/Inner 10	7	8	11	7	7	5	6	6	8	1	0	5	4	0	0	1	5	8	0	4	6	2	0	4	9	6	2	2	1	11	2	14	14	16	9	6	5	9	5	15	7	11	11	11	2	7	12	9	4	14	9	10	5	9	7	11	9	18	18	12	3	6	11	
1245_A/Whooper_Swan/Sanme 10	8	9	12	7	6	5	5	7	9	1	0	4	2	0	0	1	6	7	0	4	5	2	0	3	9	7	3	3	1	9	1	13	15	17	9	5	4	7	5	15	8	11	10	9	2	8	13	11	5	18	8	10	5	7	8	13	8	18	17	13	2	5	12	
1246_A/Whooper_swan/Sanme 10	7	8	11	7	7	5	6	6	8	1	0	5	4	0	0	1	5	8	0	4	6	2	0	4	9	6	2	2	1	11	2	13	14	16	9	7	5	9	5	15	7	11	11	11	2	5	13	9	4	14	9	10	5	9	7	11	9	18	18	12	3	6	12	
1247_A/Whooper_swan/Sanme 10	7	9	11	7	7	5	6	6	8	1	0	5	4	0	0	1	6	7	0	4	5	2	0	4	9	8	2	2	1	9	2	13	15	16	9	7	4	9	5	15	7	11	11	11	2	6	12	10	4	14	9	10	5	9	7	11	9	18	19	11	3	6	11	
1248_A/Whooper_swan/Sanme 10	7	8	11	7	7	5	6	6	8	1	0	6	4	0	0	1	5	8	0	4	6	2	0	4	9	6	2	2	1	11	2	13	14	16	9	7	5	9	5	15	7	11	11	11	2	6	12	9	4	14	9	10	5	9	7	11	9	18	18	11	3	6	12	
1249_A/Whooper_swan/Sanme 10	7	9	11	7	7	5	6	6	8	1	0	5	4	0	0	1	6	7	0	4	5	2	0	4	9	8	2	2	1	9	2	13	15	16	9	7	4	9	5	15	7	11	11	11	2	6	12	10	4	14	9	10	5	9	7	11	9	18	19	11	3	6	11	
1250_A/Whooper_swan/Sanme 10	7	8	11	7	7	5	6	6	8	1	0	5	4	0	0	1	5	8	0	4	6	2	0	4	9	6	1	2	1	11	3	13	14	16	9	7	5	9	5	15	7	11	11	11	2	6	12	9	4	14	9	10	5	9	7	11	9	18	18	12	3	6	12	
1251_A/Whooper_swan/Sanme 10	7	8	11	7	7	5	6	6	8	1	0	5	4	0	0	1	5	8	0	4	6	2	0	4	9	6	2	2	1	11	2	13	14	16	9	7	5	9	5	15	7	11	11	11	2	5	13	9	4	14	9	10	5	9	7	11	9	18	18	12	3	6	12	
1252_A/Whooper_swan/Sanme 10	7	8	11	7	7	5	6	6	8	1	0	5	4	0	0	1	5	8	0	4	6	2	0	4	9	6	2	2	1	11	2	13	14	18	9	7	5	7	5	15	7	11	11	11	2	6	12	9	4	14	9	10	5	9	7	11	9	18	18	12	3	6	12	
1253_A/Whooper_swan/Sanme 10	7	8	11	7	7	5	6	6	8	1	0	5	4	0	0	1	5	8	0	4	6	2	0	4	9	6	2	2	1	11	2	13	14	16	9	7	5	9	5	15	7	11	11	11	2	6	12	9	4	14	9	10	5	9	7	11	9	18	18	12	3	6	12	
1254_A/Whooper_swan/Sanme 10	7	8	11	7	7	5	6	6	8	1	0	5	4	0	0	1	5	8	0	4	6	2	0	4	9	6	2	2	1	11	2	13	14	16	9	7	5	9	5	15	7	11	11	11	2	6	12	9	4	14	9	10	5	9	7	11	9	18	18	12	3	6	12	
1255_A/Whooper_swan/Sanme 10	7	7	11	7	7	6	6	6	8	1	0	5	4	0	0	1	5	8	0	4	6	2	0	4	9	7	2	2	1	10	2	13	14	17	9	7	5	8	5	15	7	11	11	11	2	6	12	9	4	14	9	10	5	9	7	11	9	18	18	12	3	6	12	
1256_A/Whooper_swan/Sanme 10	7	8	11	7	7	5	6	6	8	1	0	6	4	0	0	1	5	8	0	4	6	2	0	4	9	6	2	2	1	11	2	13	14	16	9	7	5	9	5	15	7	11	11	11	2	6	12	9	4	14	9	10	5	9	7	11	9	18	18	11	3	6	12	
1257_A/Whooper_swan/Sanme 10	7	8	11	7	7	5	6	6	8	1	0	5	4	0	0	1	5	8	0	4	6	2	0	4	9	6	2	2	1	11	2	13	14	16	9	7	5	9	5	15	7	11	11	11	2	5	13	9	4	14	9	10	5	9	7	11	9	18	18	12	3	6	12	
1258_A/Whooper_swan/Sanme 10	7	8	11	7	7	5	6	6	8	1	0	5	4	0	0	1	5	8	0	4	6	2	0	4	9	6	2	2	1	11	2	13	14	16	9	7	5	9	5	15	7	11	11	11	2	6	12	9	4	14	9	10	5	9	7	12	9	18	18	11	3	6	12	
1259_A/Whooper_swan/Sanme 10	7	7	11	7	7	5	6	6	8	1	0	5	4	0	0	1	5	9	0	4	6	2	0	4	9	6	2	2	1	11	2	13	14	16	9	7	5	9	5	15	7	11	11	11	2	6	12	9	4	14	9	10	5	9	7	11	9	18	18	12	3	6	12	
1260_A/Whooper_swan/Sanme 10	7	8	11	7	7	5	6	6	8	1	0	5	4	0	0	1	5	8	0	4	6	2	0	4	9	6	2	2	1	11	2	13	14	16	9	7	5	9	5	15	7	11	11	11	2	6	12	9	4	14	9	10	5	9	7	11	9	18	18	12	3	6	12	
1261_A/Whooper_swan/Sanme 10	7	8	11	7	7	5	6	6	8	1	0	5	4	0	0	1	5	8	0	4	6	2	0	4	9	6	2	2	1	11	2	13	14	16	9	7	5	9	5	15	7	11	11	11	2	6	12	9	4	14	9	10	5	9	7	11	9	18	18	12	3	5	13	
1262_A/Whooper_swan/Sanme 10	7	8	11	7	7	5	6	6	8	1	0	5	4	0	0	1	5	8	0	4	6	2	0	4	9	6	2	2	1	11	2	13	14	16	9	7	5	9	5	15	7	11	11	11	2	6	12	9	4	14	9	10	5	9	7	12	9	18	18	11	3	6	12	
1263_A/Whooper_swan/Sanme 10	7	8	11	7	7	5	6	6	8	1	0	5	4	0	0	1	5	8	0	4	6	2	0	4	9	6	2	2	1	11	2	13	14	16	9	7	5	9	5	15	7	11	11	11	2	6	12	9	4	14	9	10	5	9	7	11	9	18	18	12	3	5	13	
1264_A/Whooper_swan/Sanme 10	7	8	10	7	7	5	7	6	8	1	0	5	4	0	0	1	5	8	0	4	6	2	0	4	9	6	2	2	1	11	2	13	14	16	9	7	6	9	5	16	7	11	11	11	2	6	12	9	4	14	9	10	4	9	7	10	9	18	18	12	3	6	12	
1265_A/Whooper_swan/Sanme 10	7	8	11	7	7	5	6	6	8	1	0	5	4	0	0	1	5	8	0	4	6	2	0	4	9	6	2	2	1	11	2	13	14	16	9	7	5	9	5	15	7	11	11	11	2	6	12	9	4	14	9	10	5	9	7	11	9	18	18	12	3	5	13	
1266_A/Whooper_swan/Sanme 10	7	8	11	7	7	5	6	6	8	1	0	6	4	0	0	1	5	8	0	4	6	2	0	4	9	6	2	2	1	11	2	13	14	16	9	7	5	9	5	15	7	11	11	11	2	6	12	9	4	14	9	10	5	9	7	11	9	18	18	11	3	6	12	
1267_A/Whooper_swan/Sanme 10	7	8	11	7	7	5	6	6	8	1	0	5	4	0	0	1	5	8	0	4	6	2	0	4	9	6	2	2	1	11	2	12	14	16	9	7	4	9	5	16	7	11	10	11	2	6	13	10	4	13	9	10	6	10	7	10	9	18	18	12	3	6	12	
1268_A/Whooper_swan/Sanme 10	7	8	11	7	7	5	6	6	8	1	0	5	4	0	0	1	5	8	0	4	6	2	0	4	9	6	2	2	1	11	2	13	14	16	9	7	5	9	5	15	7	11	11	11	2	6	12	9	4	14	9	10	5	8	8	11	9	18	18	12	3	6	12	
1269_A/whooper_swan/Shaan 10	7	8	11	7	7	5	6	6	8	1	0	6	4	0	0	1	5	8	0	4	6	2	0	4	9	6	2	2	1	11	2	13	14	16	9	7	5	9	5	14	7	12	11	11	2	7	12	9	4	14	9	10	5	9	7	11	9	18	18	11	3	6	11	
1270_A/whooper_swan/Shaan 10	7	8	11	7	8	5	6	6	8	1	0	5	4	0	0	1	5	7	0	4	5	2	0	4	9	6	2	2	1	11	2	13	14	17	9	7	5	9	5	15	7	11	11	11	2	7	12	9	4	14	9	10	5	8	8	11	9	18	18	12	3	6	11	
1271_A/whooper_swan/Shaan 10	7	8	11	7	7	5	6	6	8	1	0	5	4	0	0	1	5	8	0	4	6	2	0	4	9	6	2	2	1	11	2	13	14	16	9	7	5	9	5	15	7	11	11	11	2	7	12	9	4	13	10	10	5	8	8	11	9	18	18	12	3	6	11	
1272_A/whooper_swan/Shand 10	7	8	11	7	6	5	6	6	9	1	0	5	4	0	0	1	5	8	0	4	6	2	0	4	9	6	2	2	1	11	2	13	14	16	9	7	5	9	5	15	7	11	11	11	2	6	12	9	4	14	9	10	5	9	7	11	9	18	18	12	3	6	12	
1273_A/whooper_swan/Shand 10	7	8	11	7	6	5	6	6	9	1	0	5	4	0	0	1	5	8	0	4	6	2	0	4	9	6	2	2	1	11	2	13	14	16	9	7	5	9	5	15	7	11	11	11	2	6	12	9	4	14	9	10	5	9	7	11	9	18	18	12	3	6	12	
1274_A/whooper_swan/Shand 10	7	8	11	7	6	5	6	6	9	1	0	5	4	0	0	1	5	8	0	4	6	2	0	4	9	6	2	2	1	11	2	13	14	16	9	7	5	9	5	15	7	11	11	11	2	6	12	9	4	14	9	10	5	9	7	11	9	18	18	12	3	6	12	
1275_A/whooper_swan/Shand 10	8	8	12	7	6	5	6	7	10	1	0	4	1	0	0	2	6	7	0	3	5	2	0	3	9	7	2	2	0	11	0	12	13	16	10	9	4	8	5	13	11	12	10	9	3	6	15	12	5	16	7	10	4	7	9	13	8	18	16	11	2	5	14	
1276_A/whooper_swan/Shand 10	7	8	11	7	7	5	6	6	8	1	0	5	4	0	0	1	5	8	0	4	6	2	0	4	9	6	2	2	1	11	2	13	14	16	9	7	5	9	5	15	7	12	11	11	2	5	12	9	4	14	9	10	5	9	7	11	9	18	18	12	3	6	12	
1277_A/whooper_swan/Shand 10	7	8	11	7	7	5	6	6	9	1	0	5	4	0	0	1	5	8	0	4	6	2	0	4	8	6	2	2	1	11	2	13	14	16	9	7	5	9	5	15	7	11	11	11	2	6	12	9	4	14	9	10	5	9	7	11	9	18	18	12	3	6	12	
1278_A/whooper_swan/Shand 10	7	8	10	7	6	5	7	6	9	1	0	5	4	0	0	1	5	8	0	4	6	2	0	4	9	6	2	2	1	11	2	13	14	16	9	7	6	9	4	15	7	11	11	11	2	6	12	9	4	14	9	10	5	9	7	11	9	18	18	12	3	6	12	
1279_A/whooper_swan/Shanx 10	7	8	11	7	7	5	6	6	8	1	0	5	4	0	0	1	5	8	0	4	6	2	0	4	9	6	2	2	1	11	2	13	14	16	9	7	5	9	5	15	7	11	11	11	2	6	12	9	4	14	9	10	5	9	7	12	9	18	18	11	3	6	12	
1280_A/whooper_swan/Shanx 10	7	8	11	7	7	5	6	6	8	1	0	5	4	0	0	1	5	8	0	4	6	2	0	4	9	6	2	2	1	11	2	13	14	16	9	7	5	9	5	15	7	11	11	11	2	6	12	9	4	14	9	10	5	9	7	12	9	18	18	11	3	7	11	
1281_A/whooper_swan/Shanx 10	8	9	12	7	6	5	5	7	9	1	0	4	2	0	0	1	6	7	0	4	5	2	0	3	9	7	3	3	1	9	1	13	15	17	9	5	4	7	5	14	8	11	10	10	2	7	14	11	5	18	8	10	5	7	8	12	8	18	17	14	2	5	12	
1282_A/whooper_swan/Shanx 10	7	8	11	7	7	5	6	6	8	1	0	5	4	0	0	1	5	8	0	4	6	2	0	4	9	6	2	2	1	11	2	13	14	16	9	7	5	9	5	15	7	11	11	11	2	7	12	9	4	14	9	10	5	9	7	11	9	18	18	12	3	6	11	
1283_A/whooper_swan/Shanx 10	7	8	11	7	7	5	6	7	8	1	0	5	4	0	0	1	5	8	0	4	6	2	0	3	9	6	2	2	1	11	2	15	14	16	9	6	5	9	5	15	7	11	11	11	2	7	12	8	4	14	9	10	5	9	7	11	9	18	18	12	3	6	11	
1284_A/whooper_swan/Shanx 10	7	8	11	7	7	5	6	6	8	1	0	5	4	0	0	1	5	8	0	4	6	2	0	4	9	6	2	2	1	11	2	13	14	16	9	7	5	9	5	15	7	11	11	11	2	7	12	9	5	14	9	10	4	9	7	11	9	18	18	12	3	6	11	
1285_A/whooper_swan/Shanx 10	7	8	11	8	6	5	6	6	8	1	0	5	4	0	0	1	5	8	0	4	6	2	0	4	9	6	2	2	1	11	2	13	14	16	9	7	5	9	5	15	7	11	11	11	2	7	12	9	4	14	9	10	5	9	7	11	9	18	18	12	3	6	11	
1286_A/whooper_swan/Shanx 10	7	8	11	7	7	5	6	6	8	1	0	5	4	0	0	1	5	8	0	4	6	2	0	4	9	6	2	2	1	11	2	13	14	16	9	7	5	9	5	15	7	11	11	12	1	7	12	9	4	14	9	10	5	9	7	11	9	18	18	12	3	6	11	
1287_A/whooper_swan/Shanx 10	7	8	11	7	7	5	6	7	8	1	0	5	4	0	0	1	5	8	0	4	6	2	0	3	9	6	2	2	1	11	2	14	14	16	9	6	5	9	5	15	7	11	11	12	1	7	12	9	4	14	9	10	5	9	7	11	9	18	18	12	3	6	11	
1288_A/whooper_swan/Shanx 10	7	8	11	7	7	5	6	6	8	1	0	5	4	0	0	1	5	8	0	4	6	2	0	4	9	6	2	2	1	11	2	13	14	16	9	7	5	9	5	15	7	11	11	12	1	7	12	9	4	14	9	10	5	9	7	11	9	18	18	12	3	6	11	
1289_A/whooper_swan/Shanx 10	7	8	11	7	7	5	6	6	8	1	0	5	4	0	0	1	5	8	0	4	6	2	0	4	9	6	2	2	1	11	2	13	14	16	9	7	5	9	5	15	7	11	11	12	1	7	12	9	4	14	9	10	5	9	7	11	9	18	18	12	3	6	11	
1290_A/whooper_swan/Shanx 10	7	8	10	7	7	5	7	6	8	1	0	5	4	0	0	1	5	8	0	4	6	2	0	4	9	6	2	2	1	11	2	13	14	16	9	7	6	9	5	16	7	11	11	11	2	7	12	9	4	14	9	10	4	9	7	10	9	18	18	12	3	6	11	
1291_A/whooper_swan/Shanx 10	7	8	10	7	7	5	7	6	8	1	0	5	4	0	0	1	5	8	0	4	6	2	0	4	9	6	2	2	1	11	2	13	14	16	9	7	6	9	5	16	7	11	11	11	2	7	12	9	4	14	9	10	4	9	7	10	9	18	18	12	3	6	11	
1292_A/whooper_swan/Shanx 10	7	8	11	7	7	5	6	6	8	1	0	5	4	0	0	1	5	8	0	4	6	2	0	4	9	6	2	2	1	11	2	13	14	16	9	7	4	9	6	15	7	11	11	12	1	7	12	9	4	14	9	10	5	9	7	11	9	18	18	12	3	6	11	
1293_A/whooper_swan/Shanx 10	7	8	11	7	7	5	6	7	8	1	0	5	4	0	0	1	5	8	0	4	6	2	0	3	9	6	2	2	1	11	2	13	14	16	9	7	5	9	5	15	7	11	11	11	2	7	12	9	4	14	9	10	5	9	7	11	9	18	18	12	3	6	11	
1294_A/wild_bird/Hubei/12 10	8	10	12	7	6	4	5	7	10	1	0	4	1	0	0	1	6	7	0	4	5	2	0	3	9	7	3	3	1	9	1	13	14	19	9	5	4	7	5	13	9	11	10	9	3	7	13	12	5	17	8	9	5	7	8	14	8	18	17	13	2	5	12	
1295_A/wild_duck/Jiangsu/ 10	7	8	11	7	7	5	6	5	8	1	0	6	4	0	0	1	5	8	0	4	6	2	0	4	9	6	2	2	1	11	2	13	13	16	9	7	5	9	5	15	7	11	12	11	2	6	11	9	4	14	9	10	6	9	7	11	9	18	18	12	3	6	12	
1296_A/wild_duck/Shandong 10	7	8	11	7	6	5	6	6	9	1	0	5	4	0	0	1	5	8	0	4	6	2	0	4	9	6	2	2	1	11	2	13	14	16	9	7	5	9	5	15	7	11	11	11	2	6	12	9	4	14	9	10	5	9	7	11	9	18	18	12	3	6	12	
1297_A/wild_goose/Shandon 10	7	8	11	7	7	5	6	6	8	1	0	5	4	0	0	1	5	8	0	4	6	2	0	4	9	6	2	2	1	11	2	13	14	16	9	7	5	9	5	15	7	11	11	11	2	6	12	9	4	14	9	10	5	9	7	11	9	18	18	12	3	6	12	
1298_A/Anser_cygnoides/Hu 10	8	10	12	7	6	4	5	7	10	1	0	4	1	0	0	1	6	7	0	4	5	2	0	3	9	8	3	3	1	8	1	13	14	19	9	5	4	7	5	13	8	12	10	9	3	7	13	12	5	17	8	9	5	7	8	14	8	18	17	13	2	5	12	
1299_A/Chlidonias_hybrida 10	7	8	11	7	7	5	6	6	8	1	0	5	4	0	0	1	5	8	0	4	6	2	0	4	9	6	2	2	1	11	2	13	14	16	9	7	5	9	5	15	7	11	11	11	2	6	12	9	4	14	9	10	5	9	7	11	9	18	18	12	3	6	12	
1300_A/Cygnus_atratus/Hub 10	8	9	12	7	6	5	5	7	9	1	0	4	2	0	0	1	6	7	0	4	5	2	0	3	9	8	3	3	1	8	1	12	15	18	9	5	4	7	5	15	8	11	10	9	3	7	13	12	5	17	8	10	5	7	8	13	8	18	17	13	2	5	12	
1301_A/Cygnus_atratus/Hub 10	8	9	12	7	6	5	5	7	9	1	0	4	2	0	0	1	6	7	0	4	5	2	0	3	9	8	3	3	1	8	1	12	15	18	9	5	4	7	5	15	8	11	10	9	3	7	13	12	5	17	8	10	5	7	8	13	8	18	17	13	2	5	12	
1302_A/Cygnus_columbianus 10	7	8	11	7	7	5	6	6	8	1	0	5	4	0	0	1	5	8	0	4	6	2	0	4	9	6	1	2	1	11	2	13	14	16	9	7	5	9	5	15	7	11	12	11	2	6	12	9	4	14	9	10	5	9	7	11	9	18	18	12	3	6	12	
1303_A/Cygnus_columbianus 10	7	8	11	7	7	5	6	6	8	1	0	5	4	0	0	1	5	8	0	4	6	2	0	4	9	6	2	2	1	11	2	13	14	17	8	7	5	9	5	15	7	11	11	11	2	6	12	9	4	14	9	10	5	9	7	11	9	18	18	12	3	6	12	
1304_A/Cygnus_columbianus 10	7	8	11	7	6	5	6	6	8	1	0	5	4	0	0	1	5	8	0	4	7	2	0	4	9	6	2	2	1	11	2	13	14	16	9	7	5	9	5	15	7	11	11	11	2	6	12	10	4	14	9	9	5	9	7	11	9	18	18	12	3	6	12	
1305_A/Cygnus_columbianus 10	7	8	11	7	7	5	6	6	8	1	0	5	4	0	0	1	5	8	0	4	6	2	0	4	9	6	2	2	1	11	2	13	14	16	9	7	5	9	5	15	7	11	11	11	2	6	12	9	4	14	9	10	5	9	7	11	9	18	18	12	3	6	12	
1306_A/Cygnus_columbianus 10	7	8	11	7	7	5	6	6	8	1	0	5	4	0	0	1	5	8	0	4	6	2	0	4	9	6	2	2	1	11	2	13	14	16	9	7	5	9	5	16	7	11	11	11	2	6	12	9	4	14	9	10	5	9	8	10	9	18	17	13	3	6	11	
1307_A/Cygnus_columbianus 10	7	8	11	7	7	5	6	6	8	1	0	5	4	0	0	1	5	8	0	4	6	2	0	4	9	6	2	2	1	11	2	13	14	16	9	7	5	9	5	15	7	11	11	11	2	6	12	10	4	14	10	9	5	9	7	11	9	17	19	12	3	6	11	
1308_A/Cygnus_columbianus 10	7	8	11	7	7	5	6	6	8	1	0	5	4	0	0	1	5	8	0	4	6	2	0	4	9	6	2	2	1	11	2	13	14	17	8	7	5	9	5	15	7	11	11	11	2	6	12	9	4	13	9	10	5	10	7	11	9	18	18	12	3	6	12	
1309_A/Whooper_Swan/Sanme 10	8	9	12	7	6	5	5	7	9	1	0	4	2	0	0	1	6	7	0	4	5	2	0	3	9	7	3	3	1	9	1	13	15	17	9	5	4	7	5	15	8	11	10	9	2	8	13	11	5	18	8	10	5	7	8	13	8	18	17	13	2	5	12	
1310_A/Wild_bird/Huadong/ 10	7	8	11	7	7	5	6	6	8	1	0	5	4	0	0	1	5	8	0	4	6	2	0	4	9	6	2	2	1	11	2	13	14	16	9	7	5	9	5	15	7	11	11	11	2	6	12	9	4	14	9	10	5	9	7	11	9	18	18	12	3	6	12	
1311_A/chicken/Changhua/1 10	8	9	12	7	6	5	5	6	9	1	0	4	3	0	0	1	6	6	0	4	5	3	0	3	9	7	3	2	1	9	1	14	18	17	8	5	4	8	6	12	8	11	16	8	2	8	7	13	2	15	9	7	6	8	7	13	10	16	15	15	1	7	16	
1312_A/chicken/Changhua/1 11	8	9	12	6	6	5	5	7	9	1	0	3	3	0	0	1	6	6	0	4	5	3	0	3	9	7	3	2	1	9	1	14	18	17	8	5	4	8	6	13	8	10	17	8	2	8	7	13	2	14	9	7	5	9	7	12	11	16	15	15	1	7	16	
1313_A/chicken/Changhua/1 10	8	9	12	7	6	5	5	8	9	1	0	3	3	0	0	1	6	6	0	4	5	3	0	4	9	7	3	1	1	9	1	14	18	17	8	5	4	8	6	13	8	10	16	8	2	8	8	13	2	14	9	7	6	9	7	12	10	16	15	14	1	7	16	
1314_A/chicken/Changhua/1 10	8	9	12	7	6	5	5	8	9	1	0	2	3	0	0	1	6	6	0	4	5	3	0	4	9	7	3	1	1	9	1	14	18	17	8	5	4	8	6	13	8	10	17	8	2	8	7	13	2	14	9	7	6	9	7	12	10	16	15	15	1	7	16	
1315_A/chicken/Changhua/1 10	8	9	11	7	6	5	6	6	9	1	0	4	3	0	0	1	6	6	0	4	4	3	0	3	10	7	3	2	1	9	1	14	17	17	8	5	5	9	6	12	8	10	17	8	2	8	7	13	2	14	8	7	6	8	7	13	10	16	16	15	1	7	16	
1316_A/chicken/Changhua/1 10	8	9	12	7	6	5	5	6	9	1	0	4	3	0	0	1	6	6	0	4	4	3	0	3	10	7	3	2	1	9	1	14	17	17	8	5	5	9	6	12	8	10	17	8	2	8	7	13	2	14	9	7	6	8	6	13	10	16	16	15	1	7	16	
1317_A/chicken/Chiayi/150 10	8	9	12	7	6	5	5	6	9	1	0	4	3	0	0	1	6	6	0	4	5	3	0	3	9	7	3	2	1	9	1	14	18	16	8	5	4	10	6	12	8	10	17	8	2	8	7	13	2	14	8	7	6	8	7	13	10	16	16	15	1	7	16	
1318_A/chicken/Kaohsiung/ 11	8	9	12	6	6	5	5	5	9	1	0	5	3	0	0	1	6	6	0	4	5	3	0	4	9	7	3	2	1	9	1	14	17	17	8	5	4	9	6	12	9	9	17	8	2	9	7	13	3	14	7	7	6	8	9	12	9	15	16	16	1	8	15	
1319_A/chicken/Kaohsiung/ 11	8	8	11	6	6	6	6	6	9	1	0	5	3	0	0	1	6	6	0	4	5	3	0	3	9	7	3	2	1	9	1	14	18	16	9	6	4	9	6	12	8	10	17	8	2	8	7	13	2	14	7	6	6	8	8	13	10	16	16	15	1	7	16	
1320_A/chicken/Kaohsiung/ 11	8	8	10	6	6	6	7	6	9	1	0	5	3	0	0	1	6	6	0	4	5	3	0	3	9	7	3	2	1	9	1	14	18	16	9	5	4	9	6	12	8	10	17	8	2	8	6	14	2	14	7	6	6	8	8	13	10	16	16	15	1	7	17	
1321_A/chicken/Kaohsiung/ 11	8	8	10	6	6	6	7	6	9	1	0	5	3	0	0	1	6	6	0	4	5	3	0	3	9	7	3	2	1	9	1	14	18	16	9	5	4	9	6	11	9	9	17	8	2	9	7	14	2	14	7	6	6	8	8	14	10	15	16	15	1	7	16	
1322_A/chicken/Kaohsiung/ 11	8	8	11	6	6	6	6	6	10	1	0	5	2	0	0	1	6	6	0	4	5	3	0	3	9	7	3	2	1	9	1	14	19	17	9	5	4	8	6	12	7	10	17	8	2	8	7	13	2	14	8	7	6	8	8	13	10	16	16	15	1	7	15	
1323_A/chicken/Kaohsiung/ 11	8	8	10	6	6	6	7	6	9	1	0	5	3	0	0	1	6	6	0	4	5	3	0	3	9	7	3	2	1	9	1	14	18	16	9	5	4	9	6	12	8	10	17	8	2	8	6	14	2	14	7	6	6	8	8	13	10	16	16	15	1	7	17	
1324_A/chicken/Kaohsiung/ 10	8	7	11	7	6	7	6	6	10	1	0	5	2	0	0	1	6	6	0	4	5	3	0	3	9	7	3	2	1	9	1	16	18	16	9	5	4	9	6	12	8	11	17	8	2	8	7	11	2	14	7	7	6	8	8	13	10	15	17	15	1	7	15	
1325_A/chicken/Miaoli/150 10	8	9	12	7	6	5	5	6	9	1	0	4	3	0	0	1	6	6	0	4	5	3	0	3	9	7	3	2	1	9	1	14	18	17	8	5	4	9	6	12	8	10	17	8	2	8	7	13	2	14	9	7	6	8	7	13	10	16	15	15	1	7	16	
1326_A/chicken/Nantou/161 11	9	8	10	6	5	6	7	6	9	1	0	5	3	0	0	1	6	6	0	4	5	3	0	3	9	7	3	2	1	9	1	15	19	16	9	5	4	9	6	11	8	10	16	8	2	8	8	13	2	14	7	6	6	8	8	13	10	15	16	16	1	7	16	
1327_A/chicken/New_Taipei 10	8	8	11	7	6	6	6	5	9	1	0	6	3	0	0	1	6	6	0	4	5	3	0	3	9	7	3	2	1	9	1	14	18	16	9	5	4	9	6	12	8	12	17	8	2	7	7	13	2	14	7	7	6	8	8	13	10	15	16	15	1	7	16	
1328_A/chicken/New_Taipei 10	8	7	11	7	6	6	6	6	9	0	0	5	3	1	0	1	6	7	0	4	5	3	0	3	9	7	3	2	1	9	1	14	18	16	9	5	4	9	6	12	8	12	17	8	2	7	7	13	2	14	7	7	6	8	8	13	10	15	16	15	1	7	16	
1329_A/chicken/New_Taipei 11	8	8	11	6	6	6	6	7	9	1	0	4	3	0	0	1	6	7	0	4	5	2	0	3	9	7	3	2	1	9	1	14	19	15	9	5	4	9	6	12	7	10	17	8	2	10	6	14	2	14	7	6	6	8	8	13	10	16	15	15	1	7	17	
1330_A/chicken/New_Taipei 11	8	8	11	6	6	6	6	6	10	1	0	5	3	0	0	1	6	7	0	4	5	2	0	3	7	7	3	2	2	9	0	14	18	15	9	6	4	9	6	12	8	10	17	8	2	10	7	14	2	14	7	5	6	8	8	13	10	16	15	15	1	7	17	
1331_A/chicken/New_Taipei 11	8	8	11	6	6	6	6	6	10	1	0	5	3	0	0	1	6	7	0	4	5	2	0	3	7	7	3	2	2	9	1	14	18	15	9	6	4	9	6	12	8	10	17	8	2	10	6	14	2	14	7	5	6	8	8	12	10	16	15	16	1	7	17	
1332_A/chicken/New_Taipei 11	8	8	11	6	6	6	6	6	10	1	0	5	3	0	0	1	6	7	0	4	5	2	0	3	7	7	3	2	2	9	0	14	18	15	9	6	4	9	6	12	8	10	17	8	2	10	7	14	2	14	7	5	6	8	8	13	10	16	15	15	1	7	17	
1333_A/chicken/Taichung/1 10	8	8	12	7	6	6	5	6	9	1	0	4	3	0	0	1	6	6	0	4	4	3	0	3	10	7	3	2	1	9	1	13	17	16	9	5	5	9	6	11	9	10	17	8	2	8	6	13	1	14	9	8	6	7	7	12	11	16	16	15	2	6	18	
1334_A/chicken/Tainan/150 10	8	9	12	7	6	5	5	6	9	1	0	4	3	0	0	1	6	6	0	4	5	3	0	3	9	7	3	2	1	9	1	14	18	17	8	5	4	9	6	12	8	10	17	8	2	8	7	13	2	14	8	7	6	8	7	13	10	16	16	15	1	7	16	
1335_A/chicken/Tainan/170 10	8	8	11	7	6	6	6	7	9	1	0	5	3	0	0	1	6	6	0	4	5	3	0	2	9	8	3	2	1	8	1	14	18	15	10	5	4	10	5	11	9	12	17	8	2	6	7	14	3	14	7	6	6	8	8	13	9	16	16	15	1	7	16	
1336_A/chicken/Taipei_Cit 11	8	8	10	6	6	6	7	6	10	1	0	5	3	0	0	1	6	7	0	4	5	2	0	3	7	7	3	2	2	9	1	14	18	15	9	6	4	9	6	12	8	10	17	8	2	10	6	14	2	14	6	5	6	8	9	13	10	16	15	15	1	7	17	
1337_A/chicken/Taipei/160 11	8	8	10	6	6	6	7	6	9	1	0	5	3	0	0	1	6	6	0	4	5	3	0	3	9	7	3	2	1	9	1	14	18	16	9	5	4	9	6	12	8	10	17	8	2	8	7	14	2	14	7	6	6	8	8	14	10	15	16	15	1	7	16	
1338_A/chicken/Taipei/160 11	8	8	10	6	6	6	7	6	9	1	0	5	3	0	0	1	6	6	0	4	5	3	0	3	9	7	3	2	1	9	1	14	18	16	9	5	4	9	6	12	8	10	17	8	2	8	7	14	2	14	7	6	6	8	8	14	10	15	16	15	1	7	16	
1339_A/chicken/Taipei/161 11	8	8	11	6	6	6	6	6	10	1	0	5	2	0	0	1	6	6	0	4	5	3	0	3	9	7	3	2	1	9	1	14	19	17	9	5	4	8	6	12	7	10	16	8	2	8	8	13	2	14	9	7	6	8	7	13	10	16	15	15	1	7	16	
1340_A/chicken/Taipei/170 11	8	8	11	6	6	6	6	6	8	1	0	5	3	0	0	1	6	7	0	4	5	2	0	3	10	7	3	2	1	9	1	14	19	15	9	5	4	9	6	12	7	11	16	8	2	10	6	15	2	14	7	6	6	8	8	12	10	16	15	15	1	7	17	
1341_A/chicken/Taipei/170 11	8	8	11	6	6	6	6	6	9	1	0	5	3	0	0	1	6	7	0	4	5	2	0	3	9	7	3	2	1	9	1	14	19	15	9	5	4	9	6	12	7	10	17	8	2	10	6	14	2	14	7	6	6	8	9	13	10	16	15	15	1	7	16	
1342_A/chicken/Taipei/170 11	8	8	11	6	6	6	6	6	9	1	0	5	3	0	0	1	6	7	0	4	5	2	0	3	9	7	3	2	1	9	1	14	19	15	9	5	4	9	6	12	7	10	17	8	2	10	6	15	2	14	6	6	6	8	9	12	10	16	15	15	1	7	17	
1343_A/chicken/Yunlin/150 10	8	9	12	7	6	5	5	6	9	1	0	4	3	0	0	1	6	6	0	4	5	3	0	3	9	7	3	2	1	9	0	14	18	17	8	5	4	8	6	12	8	11	16	8	2	8	8	13	2	15	9	7	6	8	7	13	10	16	15	15	1	7	16	
1344_A/chicken/Yunlin/160 10	8	9	12	7	6	5	5	6	9	1	0	4	3	0	0	1	6	6	0	4	4	3	0	3	10	7	3	3	1	9	1	14	17	16	8	5	5	9	7	12	8	10	17	7	2	8	7	13	2	14	8	7	6	8	7	13	10	16	17	15	1	7	15	
1345_A/chicken/Yunlin/170 10	8	8	11	7	6	5	7	6	9	1	0	4	3	0	0	1	7	6	0	4	3	3	0	3	10	7	3	2	1	9	1	14	15	17	8	5	7	9	6	10	9	10	17	8	2	8	6	14	1	14	9	7	6	7	7	13	10	16	16	15	2	6	18	
1346_A/duck/Chiayi/150800 10	8	9	11	7	6	5	6	6	9	1	0	4	3	0	0	1	6	6	0	4	4	3	0	3	10	7	3	2	1	9	1	14	17	16	8	5	5	10	6	12	8	10	17	8	2	8	7	13	2	14	8	7	6	8	7	13	10	16	16	15	1	7	16	
1347_A/duck/Eastern_China 10	8	8	12	6	6	8	5	6	8	1	0	5	3	0	0	1	7	6	0	4	5	2	0	3	8	8	1	2	1	9	1	12	16	19	9	6	4	6	4	13	8	10	13	9	4	8	12	15	4	16	8	8	6	6	9	14	8	17	17	12	1	7	12	
1348_A/duck/Eastern_China 10	9	10	12	7	6	5	5	6	9	1	0	5	2	0	0	1	7	5	0	4	5	3	0	2	8	8	2	3	1	9	1	12	16	21	9	6	4	5	5	13	9	10	12	8	3	7	12	14	3	16	8	7	6	6	8	14	8	17	19	14	1	7	11	
1349_A/duck/Eastern_China 9	9	10	12	7	6	5	5	6	9	1	0	5	2	0	0	1	8	6	0	4	5	2	0	2	8	8	2	3	1	9	1	12	16	21	9	5	4	5	5	14	9	11	12	8	3	7	12	14	3	16	8	7	6	5	8	14	8	17	19	14	1	7	11	
1350_A/duck/Eastern_China 10	9	10	12	7	6	5	5	5	9	1	0	6	2	0	0	1	7	6	0	4	5	2	0	2	8	8	2	3	1	9	1	13	16	21	9	5	4	5	5	14	9	10	12	8	3	7	12	14	3	16	8	7	6	6	8	13	8	17	19	14	1	7	11	
1351_A/duck/Eastern_China 10	9	10	12	7	6	5	5	6	9	1	0	5	2	0	0	1	7	6	0	4	5	2	0	2	8	8	2	3	1	9	1	12	16	21	9	6	4	5	5	13	9	10	12	8	3	7	12	14	3	16	8	7	6	6	8	14	8	17	19	14	1	7	11	
1352_A/duck/Eastern_China 10	9	10	12	7	6	5	5	6	9	1	0	5	2	0	0	1	7	6	0	4	5	2	0	2	8	8	2	3	1	9	1	14	17	20	9	4	3	6	5	13	9	10	12	8	3	7	12	14	3	16	8	7	6	6	9	14	8	17	17	14	1	7	12	
1353_A/duck/Eastern_China 11	8	10	12	7	7	5	5	7	8	1	0	4	2	0	0	1	7	5	0	4	5	4	0	2	8	8	2	3	1	9	1	13	16	20	9	6	4	5	5	11	9	10	12	8	3	7	12	14	3	15	8	7	6	7	8	15	8	18	18	14	1	6	11	
1354_A/duck/Eastern_China 10	8	9	12	7	6	5	5	7	9	1	0	4	2	0	0	1	7	7	0	4	5	2	0	3	8	9	2	2	1	8	1	13	16	18	9	5	4	7	5	13	8	11	11	8	3	8	13	12	4	16	8	9	6	6	9	14	8	17	17	14	1	7	12	
1355_A/duck/Eastern_China 10	8	9	12	7	6	5	5	7	9	1	0	4	2	0	0	1	6	7	0	4	5	2	0	3	8	8	2	2	2	9	1	13	16	18	9	5	4	7	5	14	8	11	10	8	4	7	14	11	4	16	8	10	6	6	9	13	8	18	17	14	1	6	12	
1356_A/duck/Eastern_China 10	8	10	12	7	6	5	5	6	9	1	0	5	2	0	0	1	7	6	0	4	5	3	0	3	8	7	2	2	1	9	1	13	16	20	9	5	4	5	5	14	8	10	12	9	4	8	12	14	4	16	8	6	6	6	9	14	8	17	16	13	1	7	13	
1357_A/duck/Guangdong/s14 10	9	10	12	7	8	5	5	7	8	1	0	4	2	0	0	1	6	5	0	4	6	4	0	2	8	8	2	3	1	9	2	13	16	20	9	8	4	5	5	12	8	11	12	8	3	7	10	15	3	16	8	5	5	6	8	14	9	18	19	14	0	6	10	
1358_A/duck/Hunan/11.30_Y 10	8	9	12	7	6	5	5	7	9	1	0	4	2	0	0	1	6	7	0	4	5	2	0	3	9	7	3	3	1	9	1	13	15	17	9	5	4	7	5	15	8	11	10	9	3	7	13	11	5	18	8	10	5	7	8	13	9	18	17	13	1	5	12	
1359_A/duck/Shandong/Q1/2 10	9	10	12	7	6	5	5	6	9	1	0	5	2	0	0	1	7	5	0	4	5	4	0	2	8	8	2	3	1	9	1	13	16	20	9	6	3	5	5	13	9	10	12	8	2	7	12	15	3	15	8	6	7	7	8	13	8	18	19	14	2	6	11	
1360_A/duck/Tainan/150104 10	8	9	12	7	6	5	5	6	9	1	0	4	3	0	0	1	6	6	0	4	5	3	0	3	9	7	3	2	1	9	1	14	18	17	8	5	4	9	6	12	8	10	17	8	2	8	7	13	2	14	8	7	6	8	7	13	10	16	16	15	1	7	16	
1361_A/duck/Taiwan/A3400/ 10	7	9	12	7	6	5	5	6	9	1	0	4	3	0	0	1	7	6	0	4	5	3	0	3	9	7	3	2	1	9	1	14	18	17	8	5	4	9	6	12	8	10	17	8	2	8	7	13	2	14	7	7	6	8	8	13	10	16	16	15	1	7	16	
1362_A/duck/Xinjiang/12.1 10	8	9	12	7	6	5	5	7	9	1	0	4	2	0	0	1	6	6	0	4	5	3	0	3	9	7	3	3	1	9	1	13	15	18	9	5	4	7	5	15	8	11	10	9	3	7	13	11	5	17	8	10	5	7	8	13	8	18	17	13	2	5	12	
1363_A/duck/Yunlin/150102 10	8	9	12	7	6	5	5	6	9	1	0	4	3	0	0	1	6	6	0	4	5	3	0	3	9	7	3	2	1	9	1	14	18	17	8	5	4	9	6	12	8	10	17	8	2	8	7	13	2	14	9	7	6	8	7	13	10	16	15	15	1	7	16	
1364_A/duck/Yunlin/150104 10	8	9	12	7	6	5	5	6	9	1	0	4	3	0	0	1	6	6	0	4	5	3	0	3	9	7	3	2	1	9	1	14	18	17	8	5	4	9	6	12	8	10	17	8	2	8	7	13	2	14	9	7	6	8	7	13	10	16	15	15	1	7	16	
1365_A/duck/Zhejiang/6D18 10	8	10	12	7	6	5	5	6	9	1	0	5	2	0	0	1	7	6	0	4	5	2	0	3	8	7	1	2	1	10	1	13	16	19	9	5	3	6	5	14	8	10	13	8	4	7	12	13	4	16	8	8	7	6	9	14	8	17	17	13	1	8	12	
1366_A/duck/Zhejiang/9250 10	8	11	12	7	6	4	5	7	9	1	0	3	2	0	0	1	7	6	0	4	5	2	0	3	8	8	2	3	1	9	1	13	16	19	8	5	4	6	6	13	9	10	12	9	3	8	12	13	4	16	8	8	6	6	9	14	8	17	15	13	1	7	14	
1367_A/duck/Zhejiang/9251 10	8	11	12	7	6	4	5	7	9	1	0	3	2	0	0	1	7	6	0	4	5	2	0	3	8	8	2	3	1	9	1	13	16	19	8	5	4	6	6	13	9	9	12	9	3	9	12	13	4	16	8	8	6	6	9	14	8	17	15	13	1	7	14	
1368_A/duck/Zhejiang/W24/ 10	7	10	12	7	7	5	5	6	9	1	0	5	2	0	0	1	7	6	0	4	5	2	0	3	8	7	2	2	1	10	1	13	15	19	10	6	3	6	4	14	8	10	12	8	4	8	12	14	4	16	8	7	7	6	9	14	8	17	17	13	1	7	12	
1369_A/eurasian_coot/Shan 10	7	8	11	7	7	5	6	6	8	1	0	5	4	0	0	1	5	8	0	4	6	2	0	4	9	6	2	2	1	11	2	13	14	16	9	7	5	9	5	15	7	11	11	11	2	6	12	9	4	14	9	10	5	9	7	11	9	18	18	12	3	6	12	
1370_A/eurasian_coot/Shan 10	7	8	11	7	7	5	6	6	8	1	0	5	4	0	0	1	5	8	0	4	6	2	0	4	9	6	2	2	1	11	2	13	14	16	9	7	5	9	5	15	7	11	11	11	2	6	12	9	4	14	9	10	5	9	7	11	9	18	18	12	3	6	12	
1371_A/eurasian_coot/Shan 10	7	8	11	7	7	5	6	6	8	1	0	5	4	0	0	1	5	8	0	4	6	2	0	4	9	6	2	2	1	11	2	13	14	16	9	7	5	9	5	15	7	11	11	11	2	6	12	9	4	14	9	10	5	9	7	11	9	18	18	12	3	6	12	
1372_A/eurasian_coot/Shan 10	7	8	11	7	7	5	6	6	8	1	0	5	4	0	0	1	5	8	0	4	6	2	0	4	9	6	2	2	1	11	2	13	14	16	9	7	5	9	5	15	7	11	11	11	2	6	12	9	4	14	9	10	5	9	7	11	9	18	18	12	3	6	12	
1373_A/goose/Chiayi/15020 10	8	9	12	7	6	5	5	6	9	1	0	4	3	0	0	1	6	6	0	4	5	3	0	3	9	7	3	2	1	9	1	14	18	17	8	5	4	9	6	12	8	10	17	8	2	8	7	13	2	14	9	7	6	8	7	13	10	16	15	15	1	7	16	
1374_A/goose/China/1/2021 10	7	9	11	7	7	5	6	6	8	1	0	5	4	0	0	1	5	7	0	4	6	2	0	4	9	6	2	2	1	11	2	12	14	16	9	7	5	9	5	15	8	11	10	11	2	6	13	10	4	14	9	11	5	9	7	10	8	18	19	12	3	6	11	
1375_A/goose/Eastern_Chin 10	8	10	12	7	6	5	5	6	9	1	0	5	2	0	0	1	7	6	0	4	5	2	0	3	8	8	1	2	1	9	1	13	16	19	9	5	4	6	5	13	8	10	13	9	4	8	12	13	4	16	8	8	6	6	9	13	8	17	17	14	1	7	12	
1376_A/goose/Eastern_Chin 10	9	10	12	7	7	5	5	7	8	1	0	4	2	0	0	1	7	4	0	4	5	4	0	2	8	8	2	3	1	9	1	13	16	21	9	6	4	5	5	11	9	10	12	8	3	7	12	15	3	15	8	6	6	7	8	15	8	18	19	14	1	6	10	
1377_A/goose/Eastern_Chin 10	9	10	12	7	6	5	5	6	9	0	0	5	2	1	0	1	7	5	0	4	5	3	0	2	8	8	2	3	1	9	1	12	16	21	9	6	4	5	5	12	9	10	14	8	3	7	10	15	3	18	8	7	5	4	8	15	9	17	21	13	1	7	9	
1378_A/goose/Eastern_Chin 9	8	11	12	7	7	5	6	6	9	1	0	5	2	0	0	1	7	6	0	4	5	2	0	3	8	8	1	2	1	9	1	15	16	20	8	5	4	6	6	13	8	11	13	9	4	7	12	11	4	15	8	8	5	6	9	14	8	16	17	13	1	8	12	
1379_A/goose/Guangdong/s1 10	9	10	12	7	8	5	5	7	8	1	0	4	2	0	0	1	6	6	0	4	6	3	0	2	8	8	2	3	1	9	2	13	16	20	9	8	4	5	5	12	8	11	12	8	3	7	10	15	3	16	8	5	5	6	8	14	9	18	19	14	0	6	10	
1380_A/goose/Hebei/HG12/2 10	7	8	11	7	7	5	6	6	8	1	0	6	3	0	0	1	5	8	0	4	6	2	0	4	9	6	2	2	1	11	2	13	14	16	9	7	5	9	5	15	7	11	11	11	2	6	12	9	4	14	9	10	5	9	7	11	9	18	18	12	3	6	12	
1381_A/goose/Jiangsu/QD5/ 10	8	10	12	7	6	5	5	6	9	1	0	5	2	0	0	1	7	6	0	3	5	2	0	4	8	8	1	2	1	9	1	13	16	19	9	5	4	6	5	13	8	10	13	9	4	8	12	13	4	16	8	8	6	6	9	14	8	17	17	13	1	7	12	
1382_A/goose/Pingtung/150 10	8	9	12	7	6	5	5	6	9	1	0	5	3	0	0	1	6	6	0	4	5	3	0	3	9	7	3	2	1	9	1	14	18	17	8	5	4	9	6	12	8	10	17	8	2	8	7	13	2	14	7	7	6	8	8	13	10	16	16	15	1	7	16	
1383_A/goose/Pingtung/160 11	8	9	11	6	6	5	6	6	9	1	0	5	3	0	0	1	6	5	1	4	5	3	0	3	9	7	3	2	1	9	1	14	18	17	8	5	4	9	6	12	8	10	17	8	2	8	7	13	2	14	7	7	6	8	8	13	10	16	16	15	1	7	16	
1384_A/goose/Tainan/16040 11	8	8	11	6	6	6	6	6	9	1	0	5	3	0	0	1	6	6	0	4	5	3	0	3	9	7	3	2	1	9	1	14	18	16	9	5	4	9	6	12	8	10	16	8	2	8	7	13	2	14	7	7	6	8	8	12	10	16	17	16	1	7	16	
1385_A/goose/Tainan/16070 11	8	8	11	6	6	6	6	7	9	1	0	4	3	0	0	1	6	6	0	4	5	3	0	3	9	7	3	2	1	9	1	14	18	16	10	5	4	9	5	12	8	10	16	8	2	8	7	13	2	14	7	7	6	8	8	12	10	16	17	16	1	7	16	
1386_A/goose/Taiwan/01019 10	8	8	12	7	6	6	5	6	9	1	0	4	3	0	0	1	6	6	0	4	5	3	0	3	9	7	3	2	1	9	1	14	18	17	8	5	4	9	6	12	8	10	17	8	2	8	7	14	1	14	8	7	6	8	7	13	10	16	16	15	1	7	16	
1387_A/goose/Taiwan/01039 10	8	9	12	6	6	5	5	6	9	1	0	4	3	0	0	1	6	6	0	4	5	3	0	3	8	7	3	2	2	9	1	14	18	17	8	5	4	9	6	12	8	10	17	8	2	8	7	12	2	14	8	8	7	8	7	13	10	16	17	15	1	7	15	
1388_A/goose/Taiwan/TNC1/ 10	8	9	12	7	6	5	5	6	9	1	0	4	3	0	0	1	6	6	0	4	5	3	0	3	9	7	3	2	1	9	1	15	18	17	8	5	4	9	6	12	8	10	17	8	1	8	8	12	2	14	8	7	6	8	7	13	10	16	16	15	1	7	16	
1389_A/goose/Taiwan/TNC10 10	8	9	12	7	6	5	5	6	9	1	0	4	3	0	0	1	6	6	0	4	5	3	0	3	9	7	3	2	1	9	1	15	18	17	8	5	4	9	6	12	8	10	17	8	1	8	8	12	2	14	8	7	6	8	7	13	10	16	16	15	1	7	16	
1390_A/goose/Taiwan/TNC11 10	8	9	12	7	6	5	5	6	9	1	0	4	3	0	0	1	6	6	0	4	5	3	0	3	9	7	3	2	1	9	1	14	18	17	8	5	4	9	6	12	8	10	17	8	2	8	7	13	2	14	8	7	6	8	7	13	10	16	16	15	1	7	16	
1391_A/goose/Taiwan/TNC12 10	8	9	12	7	6	5	5	6	9	1	0	4	3	0	0	1	6	6	0	4	5	3	0	3	9	7	3	2	1	9	1	15	18	17	8	5	4	9	6	12	8	10	17	8	1	8	8	12	2	14	8	7	6	8	7	13	10	16	16	15	1	7	16	
1392_A/goose/Taiwan/TNC14 10	8	9	12	7	6	5	5	6	9	1	0	4	3	0	0	1	5	6	0	4	6	3	0	3	9	7	3	2	1	9	1	15	18	17	8	5	4	9	6	12	8	10	17	8	1	8	8	12	2	14	8	7	6	8	7	13	10	16	16	15	1	7	16	
1393_A/goose/Taiwan/TNC3/ 10	8	9	12	7	6	5	5	6	9	1	0	4	3	0	0	1	6	6	0	4	5	3	0	3	9	7	3	2	1	9	1	14	18	17	8	5	4	9	6	12	8	10	17	8	1	8	8	13	2	14	8	7	6	8	7	13	10	16	16	15	1	7	16	
1394_A/goose/Taiwan/TNC7/ 10	8	9	12	7	6	5	5	6	9	1	0	4	3	0	0	1	6	6	0	4	5	3	0	3	9	7	3	2	1	9	1	15	18	17	8	5	4	9	6	12	8	10	17	8	1	8	8	12	2	14	8	7	6	8	7	13	10	16	16	15	1	7	16	
1395_A/goose/Taiwan/TNC9/ 10	8	9	12	7	6	5	5	6	9	1	0	4	3	0	0	1	6	6	0	4	5	3	0	3	9	7	3	2	1	9	1	14	18	17	8	5	4	9	6	12	8	10	17	8	1	8	8	13	2	14	8	7	6	8	7	13	10	16	16	15	1	7	16	
1396_A/goose/Taiwan/TNO15 10	8	9	12	7	6	5	5	6	9	1	0	4	3	0	0	1	6	6	0	4	5	3	0	3	9	7	3	2	1	9	1	14	18	17	8	5	4	9	6	12	8	10	17	8	2	8	7	13	2	14	8	7	6	8	7	13	10	16	16	15	1	7	16	
1397_A/goose/Taiwan/TNO3/ 10	8	9	12	7	6	5	5	7	9	1	0	3	3	0	0	1	6	6	0	4	5	3	0	3	9	7	3	2	1	9	1	14	18	17	8	5	4	9	6	12	8	10	17	8	2	8	7	13	2	14	8	7	6	8	7	13	10	16	16	15	1	7	16	
1398_A/goose/Taiwan/TNO9/ 10	8	9	12	7	6	5	5	6	9	1	0	4	3	0	0	1	6	6	0	4	5	3	0	3	9	7	3	2	1	9	1	14	18	17	8	5	4	9	6	12	8	10	17	8	2	8	7	13	2	14	8	7	6	8	7	13	10	16	16	15	1	7	16	
1399_A/goose/Taoyuan/1501 10	8	9	12	7	6	5	5	6	9	1	0	4	3	0	0	1	6	6	0	4	5	3	0	3	9	7	3	2	1	9	1	14	18	17	8	5	4	9	6	12	8	10	17	8	2	8	7	13	2	14	9	7	6	8	7	13	10	16	15	15	1	7	16	
1400_A/goose/Xinjiang/12. 10	8	9	12	7	6	5	5	7	9	1	0	4	2	0	0	1	6	6	0	4	5	3	0	3	9	7	3	3	1	9	1	13	15	18	9	5	4	7	5	15	8	11	10	9	3	7	13	11	5	17	8	10	5	7	8	13	8	18	17	13	2	5	12	
1401_A/goose/Xinjiang/12. 10	8	9	12	7	6	5	5	7	9	1	0	4	2	0	0	1	6	6	0	4	5	3	0	3	9	7	3	3	1	9	1	13	15	18	9	5	4	7	5	15	8	11	10	9	3	7	13	11	5	17	8	10	5	7	8	13	8	18	17	13	2	5	12	
1402_A/goose/Xinjiang/12. 10	8	9	12	7	6	5	5	7	9	1	0	4	2	0	0	1	6	6	0	4	5	3	0	3	9	7	3	3	1	9	1	13	15	18	9	5	4	7	5	15	8	11	10	9	3	7	13	11	5	17	8	10	5	6	9	13	8	18	17	13	2	5	12	
1403_A/goose/Xinjiang/12. 10	8	9	12	7	6	5	5	7	9	1	0	4	2	0	0	1	6	6	0	4	5	3	0	3	9	7	3	3	1	9	1	13	15	18	9	5	4	7	5	15	8	11	10	9	3	7	13	11	5	17	8	10	5	7	8	13	8	18	17	13	2	5	12	
1404_A/goose/Yangzhou/042 9	8	11	12	7	5	5	5	6	10	1	0	5	2	0	0	1	7	6	0	4	5	2	0	3	8	7	1	2	1	10	1	13	16	19	9	5	4	6	5	14	8	10	14	10	4	8	11	13	4	16	8	8	6	6	9	13	8	17	17	12	1	7	12	
1405_A/goose/Yunlin/15040 10	8	9	12	7	6	5	5	6	9	1	0	4	3	0	0	1	6	6	0	4	4	3	0	3	10	7	3	2	1	9	1	14	17	17	8	5	5	9	6	12	8	10	17	8	2	8	7	13	2	14	8	7	6	8	7	13	10	16	16	15	1	7	16	
1406_A/goose/Zhejiang/925 10	8	9	12	7	6	5	5	7	10	1	0	4	1	0	0	1	7	7	0	4	5	2	0	3	8	8	2	2	1	9	1	13	15	19	8	5	5	7	5	13	9	11	11	8	3	7	13	12	4	16	8	9	6	6	9	14	8	17	17	14	1	7	12	
1407_A/goose/Zhejiang/925 11	7	9	12	7	8	5	5	6	10	1	0	4	1	0	0	1	7	7	0	4	4	2	0	3	8	8	2	2	1	9	1	13	15	19	8	5	5	7	5	13	9	11	11	8	3	7	13	13	4	16	8	8	6	6	9	14	8	17	17	14	1	7	12	
1408_A/mallard/Shanghai/S 10	9	10	12	7	6	5	5	7	8	1	0	4	2	0	0	1	7	6	0	4	5	2	0	3	8	7	2	2	1	10	1	13	16	19	9	6	3	6	5	14	8	11	12	8	4	8	11	13	4	16	8	7	7	6	9	15	8	16	17	13	1	7	12	
1409_A/swan/China/ST/2016 10	8	9	12	7	6	5	5	7	9	1	0	4	2	0	0	1	6	7	0	4	5	2	0	3	9	8	3	3	1	8	1	13	15	18	9	5	4	7	5	15	8	11	10	9	2	8	13	11	5	17	8	10	5	7	8	13	8	18	17	13	2	5	12	
1410_A/swan/Shandong/W376 10	8	9	11	7	6	5	6	8	10	1	0	3	1	0	0	2	6	7	0	3	5	2	0	3	9	7	2	2	0	11	0	11	13	16	10	7	4	8	5	15	10	12	10	10	3	6	15	12	5	16	7	10	5	7	9	13	8	18	16	11	2	6	13	
1411_A/turkey/Chiayi/1702 11	8	9	10	6	6	5	7	6	9	1	0	5	3	0	0	1	6	6	0	4	5	3	0	3	8	7	3	2	2	9	1	14	19	16	9	5	4	9	6	12	9	10	17	8	2	8	7	14	2	14	8	6	6	8	7	13	8	15	16	15	2	7	16	
1412_A/whooper_swan/Shanx 10	8	9	12	7	6	5	5	7	9	1	0	4	2	0	0	1	6	7	0	4	5	2	0	3	9	7	3	3	1	9	1	13	15	17	9	5	4	7	5	14	8	11	10	10	2	7	14	11	5	18	8	10	5	7	8	12	8	18	17	14	2	5	12	
1413_A/wild_duck/Shandong 10	7	8	11	7	7	5	6	6	8	1	0	5	4	0	0	1	5	8	0	4	6	2	0	4	9	6	2	2	1	11	2	13	14	16	9	7	5	9	5	14	7	11	12	11	2	7	11	9	4	14	9	10	5	9	7	13	8	18	18	11	4	6	11	
1414_A/Anser_cygnoides/Hu 5	11	9	1	13	7	5	5	0	4	1	0	1	2	0	0	5	5	3	2	11	3	3	2	6	5	11	4	9	3	11	5	10	11	16	9	12	7	10	6	7	8	9	33	24	3	6	9	5	10	9	4	5	5	12	4	3	19	24	25	10	3	13	10	
1415_A/bar_headed_goose/T 6	9	7	2	13	8	6	4	0	4	1	0	2	3	0	0	3	3	4	3	12	5	2	1	4	6	12	5	11	2	10	4	11	11	15	11	13	5	12	6	8	9	9	30	22	3	6	12	7	10	9	5	4	5	14	4	5	18	20	22	9	6	16	10	
1416_A/Bar-headed_Goose/Q 5	12	9	1	13	6	5	5	0	7	1	0	2	1	0	0	5	5	4	2	11	3	2	2	4	3	11	4	11	3	11	6	10	12	18	8	14	6	10	7	6	9	9	27	25	2	6	14	5	11	6	5	5	5	16	4	3	17	25	25	10	5	12	8	
1417_A/Bar-headed_Goose/Q 5	12	9	1	13	6	5	5	0	5	1	0	2	1	0	0	5	5	4	2	11	3	2	2	4	5	11	4	11	3	11	5	11	12	19	8	14	6	9	7	7	9	9	28	24	2	6	14	4	11	6	5	5	5	16	4	3	17	26	24	10	5	11	9	
1418_A/Bar-headed_Goose/Q 5	12	9	1	13	6	5	5	0	5	1	0	2	1	0	0	5	5	4	2	11	3	2	2	4	6	11	4	11	2	11	5	11	12	19	8	14	6	9	7	7	9	9	27	24	2	6	15	4	11	6	5	5	5	16	4	3	17	26	24	10	5	11	9	
1419_A/Bar-headed_Goose/Q 5	12	9	1	12	6	5	5	0	5	1	0	2	1	0	0	5	5	4	2	12	3	2	2	4	6	11	4	11	2	11	5	11	12	19	8	14	6	9	7	7	9	9	27	24	2	6	15	4	11	6	5	5	5	16	4	3	17	26	24	10	5	11	9	
1420_A/Bar-headed_Goose/Q 5	12	9	1	13	6	5	5	0	5	1	0	2	1	0	0	5	5	4	2	11	3	2	2	4	6	11	4	11	2	11	5	11	12	19	8	14	6	9	7	7	9	9	27	24	2	6	15	4	11	6	5	5	5	16	4	3	17	26	24	10	5	11	9	
1421_A/Bar-headed_Goose/Q 5	12	9	1	13	6	5	5	0	5	1	0	2	1	0	0	5	5	4	2	11	3	2	2	4	5	11	4	11	3	11	5	11	12	19	8	14	6	9	7	7	9	9	27	24	2	6	15	4	11	6	5	5	5	16	4	3	17	26	24	10	5	11	9	
1422_A/Bar-headed_Goose/Q 5	12	9	1	13	6	5	5	0	5	1	0	2	1	0	0	5	5	4	2	11	3	2	2	4	6	11	4	11	2	11	5	11	12	20	7	14	6	9	7	7	9	9	27	24	2	6	15	4	11	6	5	5	5	16	4	3	17	26	24	10	5	11	9	
1423_A/Bar-headed_Goose/Q 5	12	9	1	13	6	5	5	0	5	1	0	2	1	0	0	5	5	4	2	11	3	2	2	4	5	11	4	11	3	11	5	10	12	17	9	14	6	9	7	6	9	9	27	25	2	7	15	5	11	6	5	5	5	16	4	3	17	26	24	10	5	11	9	
1424_A/Bar-headed_Goose/Q 5	12	9	1	13	6	5	5	0	5	1	0	2	1	0	0	5	5	4	2	11	3	2	2	4	6	11	4	11	2	11	5	11	12	19	8	14	6	9	7	7	9	9	27	24	2	6	15	4	11	6	5	5	5	16	4	3	17	26	24	10	5	11	9	
1425_A/Bar-headed_Goose/Q 5	12	9	1	13	6	5	5	0	5	1	0	2	1	0	0	6	5	4	2	10	3	2	2	4	6	11	4	11	2	11	5	11	12	19	8	14	6	9	7	7	9	9	27	24	2	6	15	4	11	6	5	5	5	16	4	3	17	26	24	10	5	11	9	
1426_A/Bar-headed_Goose/Q 5	12	9	1	13	6	5	5	0	5	1	0	2	1	0	0	6	5	4	2	10	3	2	2	4	6	11	4	11	2	11	5	10	12	19	8	15	6	9	7	7	9	9	27	24	2	6	15	4	11	6	5	5	5	16	4	3	17	26	24	10	5	11	9	
1427_A/Bar-headed_Goose/Q 5	12	9	1	13	6	5	5	0	5	1	0	2	1	0	0	6	5	4	2	10	3	2	2	4	6	11	4	11	2	11	5	11	12	19	8	14	6	9	7	7	9	9	27	24	2	6	15	4	11	6	5	5	5	16	4	3	17	26	24	10	5	11	9	
1428_A/Bar-headed_Goose/Q 5	12	9	1	13	6	5	5	0	5	1	0	2	1	0	0	6	5	4	2	10	3	2	2	4	6	11	4	11	2	11	5	11	12	19	8	14	6	9	7	7	9	9	27	24	2	6	15	4	11	6	5	5	5	16	4	3	17	26	24	10	5	11	9	
1429_A/Bar-headed_Goose/Q 5	12	9	1	13	6	5	5	0	6	1	0	2	1	0	0	6	5	4	2	10	3	2	2	4	6	11	4	11	2	11	5	11	12	19	8	14	6	9	7	7	8	9	27	24	2	6	15	4	11	6	5	5	5	16	4	3	17	26	24	10	5	11	9	
1430_A/Bar-headed_Goose/Q 5	12	9	1	13	6	5	5	0	5	1	0	2	1	0	0	5	5	4	2	11	3	2	2	4	5	11	4	11	3	11	5	11	12	19	8	14	6	9	7	7	9	9	28	24	2	6	14	4	11	6	5	5	5	16	4	3	17	26	24	10	5	11	9	
1431_A/Bar-headed_Goose/Q 5	12	9	1	13	6	5	5	0	5	1	0	2	1	0	0	6	5	4	2	10	3	2	2	4	6	11	4	11	2	11	5	11	12	19	8	14	6	9	7	7	9	9	27	24	2	6	15	4	11	6	5	5	5	16	4	3	17	26	24	10	5	11	9	
1432_A/Bar-headed_Goose/Q 5	12	9	1	13	6	5	5	0	5	1	0	2	1	0	0	5	5	4	2	11	3	2	2	4	5	11	4	11	3	11	5	10	12	17	9	14	6	10	7	6	9	9	27	25	2	7	15	5	11	6	5	5	5	16	4	3	17	25	24	10	5	11	9	
1433_A/Bar-headed_Goose/Q 5	12	9	1	13	6	5	5	0	5	1	0	3	1	0	0	5	5	4	2	11	3	2	2	4	5	11	4	11	3	11	5	10	12	17	9	14	6	10	7	6	9	9	27	24	2	6	15	5	11	6	5	5	5	16	4	3	17	26	24	10	5	11	9	
1434_A/Bar-headed_Goose/Q 5	12	9	1	13	6	5	5	0	5	1	0	2	1	0	0	5	5	4	2	11	3	2	2	4	5	11	4	11	3	11	5	10	12	17	9	14	6	10	7	6	9	9	27	25	2	6	15	5	11	6	5	5	5	16	4	3	17	26	24	10	5	11	9	
1435_A/Bar-headed_Goose/Q 5	12	9	1	13	6	5	5	0	5	1	0	2	1	0	0	5	5	4	2	11	3	2	2	4	6	11	4	11	2	11	5	11	12	19	8	14	6	9	7	7	9	9	27	24	2	6	15	4	11	6	5	5	5	16	4	3	17	26	24	10	5	11	9	
1436_A/Bar-headed_Goose/Q 5	12	9	1	13	6	5	5	0	5	1	0	2	1	0	0	5	5	4	2	11	3	2	2	4	5	11	4	11	3	11	5	11	12	19	8	14	6	9	7	7	9	9	28	24	2	6	14	4	11	6	5	5	5	16	4	3	17	26	24	10	5	11	9	
1437_A/Bar-headed_Goose/Q 5	12	9	1	13	6	5	5	0	5	1	0	2	1	0	0	5	5	4	2	11	3	2	2	4	6	11	4	11	2	11	5	11	12	19	8	14	6	9	7	7	9	9	27	24	2	6	15	4	11	6	5	5	5	16	4	3	17	26	24	10	5	11	9	
1438_A/Bar-headed_Goose/Q 5	12	9	1	13	6	5	5	0	7	1	0	2	1	0	0	5	5	4	2	11	3	2	2	4	3	11	4	11	3	11	6	10	12	18	8	14	6	10	7	6	9	9	27	25	2	6	14	5	11	6	5	5	5	16	4	3	17	26	25	10	5	11	8	
1439_A/Bar-headed_Goose/Q 5	12	9	2	13	6	5	4	1	5	1	0	1	1	0	0	5	5	3	2	11	3	3	2	5	5	11	4	10	3	11	5	10	11	18	11	14	7	10	6	7	8	9	31	25	3	6	11	5	10	8	3	5	5	13	4	3	19	24	25	9	4	13	9	
1440_A/Bar-headed_Goose/Q 5	12	9	2	13	6	5	4	1	4	1	0	1	2	0	0	5	5	3	2	11	3	3	2	5	5	11	4	10	3	11	5	10	11	18	11	14	7	10	6	7	8	9	31	24	3	6	11	5	10	8	3	5	5	13	4	3	19	24	25	10	4	13	9	
1441_A/Bar-headed_Goose/Q 5	12	9	2	13	6	5	4	1	5	1	0	1	1	0	0	5	5	3	2	11	3	3	2	5	5	11	4	10	3	11	5	10	11	18	11	14	7	10	6	7	8	9	31	25	3	6	11	5	10	8	3	5	5	13	4	3	19	24	25	9	4	13	9	
1442_A/Bar-headed_Goose/Q 5	12	9	2	13	6	5	4	1	5	1	0	1	1	0	0	5	5	3	2	11	3	3	2	5	5	11	4	10	3	11	5	10	11	18	11	14	7	10	6	7	8	9	31	25	3	6	11	5	10	8	3	5	5	13	4	3	19	24	25	9	4	13	9	
1443_A/Bar-headed_Goose/Q 5	12	9	2	13	6	5	4	1	5	1	0	1	1	0	0	5	5	3	2	11	3	3	2	5	5	11	4	10	3	11	5	10	11	18	11	14	7	10	6	7	8	9	31	25	3	6	11	5	10	8	3	5	5	13	4	3	19	24	25	9	4	13	9	
1444_A/Bar-headed_Goose/Q 5	12	9	1	13	6	5	5	0	5	1	0	2	1	0	0	5	5	4	2	11	3	2	2	4	5	11	4	11	3	11	5	10	12	17	9	14	6	10	7	6	9	9	27	25	2	6	15	5	11	6	5	5	5	16	4	3	17	26	24	10	5	11	9	
1445_A/Bar-headed_Goose/Q 5	12	9	1	13	6	5	5	0	5	1	0	2	1	0	0	5	5	4	2	11	3	2	2	4	6	11	4	11	2	11	5	11	12	19	8	14	6	9	7	7	9	9	27	24	2	6	15	4	11	6	5	5	5	16	4	3	17	26	24	10	5	11	9	
1446_A/Bar-headed_Goose/Q 5	12	9	1	13	6	5	5	0	5	1	0	2	1	0	0	5	5	4	2	11	3	2	2	4	6	11	4	11	2	11	5	11	12	19	8	14	6	9	7	7	9	9	27	24	2	6	15	4	11	6	5	5	5	16	4	3	17	26	24	10	5	11	9	
1447_A/Bar-headed_Goose/Q 5	12	9	1	12	6	5	5	0	5	1	0	2	1	0	0	5	5	4	2	12	3	2	2	4	5	11	5	11	3	11	5	11	12	19	8	14	6	9	7	7	9	9	26	24	2	6	15	4	11	6	5	5	5	16	4	3	17	26	24	10	5	11	9	
1448_A/Bar-headed_Goose/Q 5	12	9	1	13	6	5	5	0	5	1	0	2	1	0	0	5	5	4	2	11	3	2	2	4	6	11	4	11	2	11	5	11	12	19	8	14	6	9	7	7	9	9	27	24	2	6	15	4	11	6	5	5	5	16	4	3	17	26	24	10	5	11	9	
1449_A/Bar-headed_Goose/Q 5	12	9	1	13	6	5	5	0	5	1	0	2	1	0	0	5	5	4	2	11	3	2	2	4	5	11	4	11	3	11	5	10	12	17	9	14	6	9	7	6	9	9	27	25	2	7	15	5	11	6	5	5	5	16	4	3	17	26	24	10	5	11	9	
1450_A/Bar-headed_Goose/Q 5	12	9	2	13	6	5	4	1	4	1	0	1	2	0	0	5	5	3	2	11	3	3	2	5	5	11	4	10	3	11	5	10	11	18	11	14	7	10	6	7	8	9	31	24	3	6	11	5	10	8	3	5	5	13	4	3	19	24	25	10	4	13	9	
1451_A/Bar-headed_Goose/Q 5	12	9	1	13	6	5	5	0	5	1	0	2	1	0	0	5	5	4	2	11	3	2	2	4	5	11	4	11	3	11	5	10	12	17	9	14	6	10	7	6	9	9	27	25	2	6	15	5	11	6	5	5	5	16	4	3	17	26	24	10	5	11	9	
1452_A/Bar-headed_Goose/Q 5	12	9	1	12	6	5	5	0	5	1	0	2	1	0	0	5	5	4	2	12	3	2	2	4	6	11	4	11	2	11	5	10	12	19	8	15	6	9	7	7	9	9	27	24	2	6	15	4	11	6	5	5	5	16	4	3	17	26	24	10	5	11	9	
1453_A/Bar-headed_Goose/Q 5	12	9	1	13	6	5	5	0	5	1	0	2	1	0	0	5	5	4	2	11	3	2	2	4	6	11	4	11	2	11	5	11	12	19	8	14	6	9	7	7	9	9	27	24	2	6	15	4	11	6	5	5	5	16	4	3	17	26	24	10	5	11	9	
1454_A/Bar-headed_Goose/Q 5	12	9	1	13	6	5	5	0	5	1	0	2	1	0	0	5	5	4	2	11	3	2	2	4	5	11	4	11	3	11	5	10	12	17	9	14	6	10	7	6	9	9	27	25	2	6	15	5	11	6	5	6	5	16	4	2	17	26	24	10	5	11	9	
1455_A/Bar-headed_Goose/Q 5	12	9	1	13	6	5	5	0	5	1	0	2	1	0	0	5	5	4	2	11	3	2	2	4	5	11	4	11	3	11	5	10	12	17	9	14	6	10	7	6	9	9	27	25	2	6	15	5	11	6	5	5	5	16	4	3	17	26	24	10	5	11	9	
1456_A/Bar-headed_Goose/Q 5	12	9	1	13	6	5	5	0	5	1	0	2	1	0	0	5	5	4	2	11	3	2	2	4	5	11	4	11	3	11	5	10	12	17	9	14	6	10	7	6	9	9	27	25	2	6	15	5	11	6	5	5	5	16	4	3	17	26	24	10	5	11	9	
1457_A/Bar-headed_Goose/Q 6	12	9	1	12	6	5	5	0	5	1	0	2	1	0	0	5	5	4	2	11	3	2	2	4	5	11	4	11	3	11	5	10	12	17	9	14	6	10	7	6	9	9	27	25	2	6	15	5	11	6	5	5	5	16	4	3	17	26	24	10	5	11	9	
1458_A/Bar-headed_Goose/Q 5	12	9	1	13	6	5	5	0	5	1	0	2	1	0	0	5	5	4	2	11	3	2	2	4	5	11	4	11	3	11	5	10	12	17	9	14	6	10	7	6	9	9	27	25	2	6	15	5	11	6	5	5	5	16	4	3	17	26	24	10	5	11	9	
1459_A/Bar-headed_Goose/Q 5	12	9	1	12	6	5	5	0	5	1	0	2	1	0	0	5	5	4	2	12	3	2	2	4	6	11	4	11	2	11	5	11	12	19	8	14	6	9	7	7	9	9	28	24	2	6	14	4	11	6	5	5	5	16	4	3	17	26	24	10	5	11	9	
1460_A/Bar-headed_Goose/Q 5	12	9	1	12	6	5	5	0	5	1	0	2	1	0	0	5	5	4	2	12	3	2	2	4	6	11	4	11	2	11	5	10	12	19	8	15	6	9	7	7	9	9	27	24	2	6	15	4	11	6	5	5	5	16	4	3	17	26	24	10	5	11	9	
1461_A/Bar-headed_Goose/Q 5	12	9	1	13	6	5	5	0	7	1	0	2	1	0	0	5	5	4	2	11	3	2	2	4	3	11	4	11	3	11	6	10	12	18	8	14	6	10	7	6	9	9	27	25	2	6	14	5	11	6	5	5	5	16	4	3	17	26	25	10	5	11	8	
1462_A/Bar-headed_Goose/Q 5	12	9	1	13	6	5	5	0	7	1	0	2	1	0	0	5	5	4	2	11	3	2	2	4	3	11	4	11	3	11	6	10	12	18	8	14	6	10	7	6	9	9	27	25	2	6	14	5	11	6	5	5	5	16	4	3	17	26	25	10	5	11	8	
1463_A/Bar-headed_Goose/Q 5	12	9	1	13	6	5	5	0	7	1	0	2	1	0	0	5	5	4	2	11	3	2	2	4	3	11	4	11	3	11	6	10	12	18	8	14	6	10	7	6	9	9	27	25	2	6	14	5	11	6	5	5	5	16	4	3	17	26	25	10	5	11	8	
1464_A/Bar-headed_Goose/Q 5	12	9	1	12	6	5	5	0	5	1	0	2	1	0	0	5	5	4	2	12	3	2	2	4	5	11	4	11	3	11	5	10	12	16	8	14	6	10	7	6	9	10	27	25	2	6	16	5	11	6	5	4	6	15	4	3	17	25	24	10	5	13	9	
1465_A/Bar-headed_Goose/Q 5	12	9	1	13	6	5	5	0	5	1	0	2	1	0	0	5	5	4	2	11	3	2	2	4	5	11	4	11	3	11	5	10	12	17	9	14	6	10	7	6	9	9	27	25	2	6	15	5	11	6	5	4	6	16	4	3	17	26	24	10	5	11	9	
1466_A/Bar-headed_Goose/Q 5	11	10	1	13	6	5	5	0	5	1	0	2	1	0	0	5	5	4	2	11	3	2	2	4	5	11	4	11	3	11	5	10	12	17	9	14	6	10	7	6	9	9	27	25	2	6	15	5	11	6	5	5	5	16	4	3	17	26	24	10	5	11	9	
1467_A/Bar-headed_Goose/Q 5	12	9	1	13	6	5	5	0	5	1	0	2	1	0	0	5	5	4	2	11	3	2	2	4	5	11	4	11	3	11	5	10	12	17	9	14	6	10	7	6	9	9	27	25	2	6	15	5	11	6	5	5	5	16	4	3	17	26	24	10	5	11	9	
1468_A/Bar-headed_Goose/Q 5	12	9	1	13	6	5	5	0	5	1	0	2	1	0	0	5	5	4	2	11	3	2	2	4	6	11	4	11	2	11	5	10	12	19	8	15	6	9	7	7	9	9	27	24	2	6	15	4	11	6	5	5	5	16	4	3	17	26	24	10	5	11	9	
1469_A/Bar-headed_Goose/Q 5	11	10	1	13	6	5	5	0	5	1	0	2	1	0	0	5	5	4	2	11	3	2	2	4	6	11	4	11	2	11	5	11	12	19	8	14	6	9	7	7	9	9	27	24	2	6	15	4	11	6	5	5	5	16	4	3	17	26	24	10	5	11	9	
1470_A/Bar-headed_Goose/Q 5	12	9	1	13	6	5	5	0	5	1	0	2	1	0	0	5	5	4	2	11	3	2	2	4	6	11	4	11	2	11	5	11	12	20	7	14	6	9	7	7	9	9	27	24	2	6	15	4	11	6	5	5	5	16	4	3	17	26	24	10	5	11	9	
1471_A/Bar-headed_Goose/Q 5	12	9	1	13	6	5	5	0	5	1	0	2	1	0	0	5	5	4	2	11	3	2	2	4	6	11	4	11	2	11	5	11	12	20	7	14	6	9	7	7	9	9	27	24	2	6	15	4	11	6	5	5	5	16	4	3	17	26	24	10	5	11	9	
1472_A/Bar-headed_Goose/Q 5	12	9	1	13	6	5	5	0	5	1	0	2	1	0	0	5	5	4	2	11	3	2	2	4	5	11	4	11	3	11	5	10	12	17	9	14	6	10	7	6	9	9	27	25	2	6	15	5	11	6	5	5	5	16	4	3	17	26	24	10	5	11	9	
1473_A/Bar-headed_Goose/Q 5	12	9	1	13	6	5	5	0	5	1	0	2	1	0	0	5	5	4	2	11	3	2	2	4	5	11	4	11	3	11	5	10	12	17	9	14	6	10	7	6	9	9	27	25	2	6	15	5	11	6	5	5	5	16	4	3	17	26	24	10	5	11	9	
1474_A/Bar-headed_Goose/Q 5	12	9	1	13	6	5	5	0	5	1	0	2	1	0	0	5	5	4	2	11	3	2	2	4	6	11	4	11	2	11	5	11	12	19	8	14	6	9	7	7	9	9	27	24	2	6	15	4	11	6	5	5	5	16	4	3	17	26	24	10	5	11	9	
1475_A/Bar-headed_Goose/Q 5	12	9	1	12	6	5	5	0	5	1	0	2	1	0	0	5	5	4	2	12	3	2	2	4	6	11	4	11	2	11	5	10	12	19	8	15	6	9	7	7	9	9	27	24	2	6	15	4	11	7	5	5	5	16	4	3	17	25	24	10	5	11	9	
1476_A/Bar-headed_Goose/Q 5	12	9	1	13	6	5	5	0	5	1	0	2	1	0	0	5	5	4	2	11	3	2	2	4	6	11	4	11	2	11	5	10	12	19	8	15	6	9	7	7	9	9	27	24	2	6	15	4	11	6	5	5	5	16	4	3	17	26	24	10	5	11	9	
1477_A/Bar-headed_Goose/Q 5	12	9	1	13	6	5	5	0	5	1	0	2	1	0	0	5	5	4	2	11	3	2	2	4	6	11	4	11	2	11	5	11	12	19	8	14	6	9	7	7	9	9	27	24	2	6	15	4	11	6	5	5	5	16	4	3	17	26	24	10	5	11	9	
1478_A/Bar-headed_Goose/Q 5	12	9	1	13	6	5	5	0	5	1	0	2	1	0	0	5	5	4	2	11	3	2	2	4	6	11	4	11	2	11	5	10	12	19	8	15	6	9	7	7	9	9	27	24	2	6	15	4	11	6	5	5	5	16	4	3	17	26	24	10	5	11	9	
1479_A/Bar-headed_Goose/Q 5	12	9	1	13	6	5	5	0	5	1	0	2	1	0	0	5	5	4	2	11	3	2	2	4	6	11	4	11	2	11	5	10	12	19	8	15	6	9	7	7	9	9	27	24	2	6	15	4	11	6	5	5	5	16	4	3	17	26	24	10	5	11	9	
1480_A/Bar-headed_Goose/Q 5	12	9	1	13	6	5	5	0	7	1	0	2	1	0	0	5	5	4	2	11	3	2	2	4	3	11	4	11	3	11	6	10	12	18	8	14	6	10	7	6	9	9	27	25	2	6	14	5	11	6	5	5	5	16	4	3	17	26	25	10	5	11	8	
1481_A/Bar-headed_Goose/Q 5	12	9	1	13	6	5	5	0	7	1	0	2	1	0	0	5	5	4	2	11	3	2	2	4	3	11	4	11	3	11	6	10	12	18	8	14	6	10	7	6	9	9	27	25	2	6	14	5	11	6	5	5	5	16	4	3	17	26	25	10	5	11	8	
1482_A/Bar-headed_Goose/Q 5	12	9	1	13	6	5	5	0	5	1	0	2	1	0	0	5	5	4	2	11	3	2	2	4	5	11	4	10	3	11	5	10	12	17	8	12	6	9	7	6	9	9	27	25	2	6	15	5	11	6	5	5	5	15	4	3	17	26	24	10	5	11	9	
1483_A/Bar-headed_Goose/Q 5	13	9	1	12	6	5	5	0	5	1	0	2	1	0	0	5	5	4	2	11	3	2	2	4	5	11	4	11	3	11	5	10	12	17	9	14	6	10	7	6	9	9	27	25	2	6	15	5	11	6	5	5	5	16	4	3	17	25	24	10	5	12	9	
1484_A/Bar-headed_Goose/Q 5	12	9	1	12	6	5	5	0	5	1	0	2	1	0	0	5	5	4	2	12	3	2	2	4	6	11	4	11	2	11	5	10	12	19	8	15	6	9	7	7	9	9	27	24	2	6	15	4	11	6	5	5	5	16	4	3	17	26	24	10	5	11	9	
1485_A/Bar-headed_Goose/Q 5	12	9	1	13	6	5	5	0	5	1	0	2	1	0	0	5	5	4	2	11	3	2	2	4	6	11	4	11	2	11	5	11	12	19	8	14	6	9	7	7	9	9	27	24	2	6	15	4	11	6	5	5	5	16	4	3	17	26	24	10	5	11	9	
1486_A/Bar-headed_Goose/Q 5	12	9	1	13	6	5	5	0	5	1	0	2	1	0	0	5	5	4	2	11	3	2	2	4	5	11	4	11	3	11	5	11	12	19	8	14	6	9	7	7	9	9	27	24	2	6	15	4	11	6	5	5	5	16	4	3	17	26	24	10	5	11	9	
1487_A/Bar-headed_Goose/Q 5	12	9	1	13	6	5	5	0	5	1	0	2	1	0	0	6	5	4	2	10	3	2	2	4	6	11	4	11	2	11	5	11	12	19	8	14	6	9	7	7	9	9	27	24	2	6	15	4	11	6	5	5	5	16	4	3	17	26	24	10	5	11	9	
1488_A/Bar-headed_Goose/Q 5	12	9	1	13	6	5	5	0	5	1	0	2	1	0	0	5	5	4	2	11	3	2	2	4	5	11	4	11	3	11	5	10	12	17	9	14	6	10	7	6	9	9	27	24	2	6	15	5	11	6	5	5	5	16	4	3	17	26	24	10	5	11	9	
1489_A/Bar-headed_Goose/Q 5	12	9	1	13	6	5	5	0	5	1	0	2	1	0	0	5	5	4	2	11	3	2	2	4	5	11	4	11	3	11	5	10	12	17	9	14	6	10	7	6	9	9	27	25	2	6	15	5	11	6	5	5	5	16	4	3	17	26	24	10	5	11	9	
1490_A/Bar-headed_Goose/Q 5	12	9	1	13	6	5	5	0	5	1	0	2	1	0	0	5	5	4	2	11	3	2	2	4	6	11	4	11	2	11	5	11	12	19	8	14	6	9	7	7	9	9	27	24	2	6	15	4	11	6	5	5	5	16	4	3	17	26	24	10	5	11	9	
1491_A/Bar-headed_Goose/Q 6	11	9	1	13	6	5	5	1	5	1	0	2	1	0	0	5	5	4	2	11	3	2	2	3	6	11	4	11	2	11	5	11	12	19	8	14	6	9	7	7	9	9	27	24	2	6	15	4	11	6	5	5	5	16	4	3	17	26	24	10	5	11	9	
1492_A/Bar-headed_Goose/Q 5	12	9	1	13	6	5	5	0	5	1	0	2	1	0	0	6	5	4	2	10	3	2	2	4	6	11	4	11	2	11	5	11	12	19	8	14	6	9	7	7	9	9	27	24	2	6	15	4	11	6	5	5	5	16	4	3	17	26	24	10	5	11	9	
1493_A/Bar-headed_Goose/Q 5	12	9	1	13	6	5	5	0	5	1	0	2	1	0	0	5	5	4	2	11	3	2	2	4	6	11	4	10	2	11	5	11	12	19	7	12	6	8	7	7	9	9	27	24	2	6	15	4	11	6	5	5	5	15	4	3	17	26	24	10	5	11	9	
1494_A/Bar-headed_Goose/Q 5	12	9	1	13	6	5	5	1	5	1	0	2	1	0	0	5	5	4	2	11	3	2	2	3	5	11	4	11	3	11	5	11	12	19	8	14	6	9	7	7	9	9	28	24	2	6	14	4	11	6	5	5	5	16	4	3	17	26	24	10	5	11	9	
1495_A/Bar-headed_Goose/Q 5	12	9	1	13	6	5	5	0	5	1	0	2	1	0	0	5	5	4	2	11	3	2	2	4	6	11	4	11	2	11	5	11	12	19	8	14	6	9	7	7	9	9	27	24	2	6	15	4	11	6	5	5	5	16	4	3	17	26	24	10	5	11	9	
1496_A/Bar-headed_Goose/Q 5	12	9	1	13	6	5	5	0	5	1	0	2	1	0	0	5	5	4	2	11	3	2	2	4	6	11	4	11	2	11	5	11	12	19	8	14	6	9	7	7	9	9	27	24	2	6	15	4	11	6	5	5	5	16	4	3	17	26	24	10	5	11	9	
1497_A/Bar-headed_Goose/T 6	9	7	2	13	8	6	4	0	4	1	0	2	3	0	0	3	3	4	3	12	5	2	1	4	6	12	5	10	2	10	4	11	11	15	10	10	5	11	6	9	9	9	27	22	3	6	15	7	10	8	5	4	5	13	4	5	18	21	22	9	6	16	10	
1498_A/Bar-headed_Goose/T 6	9	7	2	13	8	6	4	0	4	1	0	2	3	0	0	3	3	4	3	12	5	2	1	4	6	12	5	10	2	10	4	11	11	15	10	11	5	11	6	8	9	9	29	22	3	6	13	7	10	9	5	4	5	13	4	5	18	20	22	9	6	16	10	
1499_A/Bar-headed_Goose/T 6	9	7	2	13	8	6	4	0	4	1	0	2	3	0	0	3	3	4	3	12	5	2	1	4	6	12	5	10	2	10	4	11	11	15	10	11	5	11	6	8	9	9	30	22	3	6	12	7	10	9	5	4	5	13	4	5	18	20	22	9	6	16	10	
1500_A/Bar-headed_Goose/T 6	9	7	2	13	8	6	4	0	4	1	0	2	3	0	0	3	3	4	3	12	5	2	1	4	6	12	5	10	2	10	4	11	11	15	10	10	5	11	6	9	9	9	27	22	3	6	15	7	10	8	5	4	5	13	4	5	18	21	22	9	6	16	10	
1501_A/Bar-headed_Goose/T 6	9	7	2	13	8	6	4	0	4	1	0	2	3	0	0	3	3	4	3	12	5	2	1	4	6	12	5	10	2	10	4	11	11	15	10	11	5	11	6	8	9	9	30	22	3	6	12	7	10	9	5	4	5	13	4	5	18	20	22	9	6	16	10	
1502_A/Bar-headed_Goose/T 6	9	7	2	13	8	6	4	0	4	1	0	2	3	0	0	3	3	4	3	12	5	2	1	4	6	12	5	10	2	10	4	11	11	15	10	11	5	11	6	8	9	9	30	22	3	6	12	7	10	9	5	4	5	13	4	5	18	20	22	9	6	16	10	
1503_A/Bar-headed_Goose/T 6	9	7	2	13	8	6	4	0	4	1	0	2	3	0	0	3	3	4	3	12	5	2	1	4	6	12	5	10	2	10	4	11	11	15	10	11	5	11	6	8	9	9	30	22	3	6	12	7	10	9	5	4	5	13	4	5	18	20	22	9	6	16	10	
1504_A/Bar-headed_Goose/T 6	9	7	2	13	8	6	4	0	4	1	0	2	3	0	0	3	3	4	3	12	5	2	1	4	6	12	5	10	2	10	4	11	11	15	10	11	5	11	6	8	9	9	30	22	3	6	12	7	10	9	5	4	5	13	4	5	18	20	22	9	6	16	10	
1505_A/Bar-headed_Goose/T 6	9	7	2	13	8	6	4	0	4	1	0	2	3	0	0	3	3	4	3	12	5	2	1	4	6	12	5	10	2	10	4	11	11	15	10	11	5	11	6	8	9	9	30	22	3	6	12	7	10	9	5	4	5	13	4	5	18	20	22	9	6	16	10	
1506_A/Bar-headed_Goose/T 6	9	7	2	13	8	6	4	0	4	1	0	2	3	0	0	3	3	4	3	12	5	2	1	4	6	12	5	10	2	10	4	11	11	15	10	11	5	11	6	8	9	9	27	22	3	6	15	7	10	8	5	4	5	13	4	5	18	21	22	9	6	16	10	
1507_A/Bar-headed_Goose/T 6	9	7	2	13	8	6	4	0	4	1	0	2	3	0	0	3	3	4	3	12	5	2	1	4	6	12	5	10	2	10	4	11	11	15	10	10	5	11	6	9	9	9	27	22	3	6	15	7	10	8	5	4	5	13	4	5	18	21	22	9	6	16	10	
1508_A/Bar-headed_Goose/T 6	9	7	2	13	8	6	4	0	4	1	0	2	3	0	0	3	3	4	3	12	5	2	1	4	6	12	5	10	2	10	4	11	11	15	10	10	5	11	6	9	9	9	27	22	3	6	15	7	10	8	5	4	5	13	4	5	18	21	22	9	6	16	10	
1509_A/bean_goose/Hubei/B 6	9	7	2	13	8	6	4	0	4	1	0	2	3	0	0	3	3	4	3	12	5	2	1	4	6	12	5	10	2	10	4	11	11	14	11	11	5	11	6	8	9	9	28	22	3	6	14	7	10	8	5	4	5	13	4	5	18	21	22	9	6	16	10	
1510_A/Bean_Goose/Hubei/c 5	11	9	1	13	6	5	5	0	6	1	0	1	1	0	0	5	5	4	2	11	3	2	2	5	5	12	4	11	3	10	5	7	12	17	9	16	7	10	7	6	8	9	28	25	2	6	14	4	10	7	4	6	5	15	4	3	19	26	22	10	5	11	12	
1511_A/Bean_goose/Hubei/C 5	12	9	1	13	6	5	5	0	5	1	0	2	1	0	0	5	5	4	2	11	3	2	2	4	5	11	4	11	3	11	5	11	12	19	8	14	6	9	7	7	9	9	28	24	2	6	14	4	11	6	5	5	5	16	4	3	17	26	24	10	5	11	9	
1512_A/Bean_goose/Hubei/C 5	11	9	1	13	6	5	5	0	5	1	0	4	1	0	0	6	4	4	2	11	3	2	3	4	6	10	4	9	3	11	5	11	12	19	8	14	6	9	7	7	9	9	28	24	2	6	14	4	11	6	5	5	5	16	4	3	17	25	24	10	5	12	9	
1513_A/Bean_goose/Hubei/C 5	12	9	1	13	6	5	5	0	5	1	0	2	1	0	0	5	5	4	2	11	3	2	2	4	5	11	4	10	3	11	5	11	12	19	7	12	6	8	7	7	9	9	28	24	2	6	14	4	11	6	5	5	5	15	4	3	17	26	24	10	5	11	9	
1514_A/black_swan/Beijing 6	9	7	2	13	8	6	4	0	4	1	0	2	3	0	0	3	3	5	3	12	5	1	1	4	6	12	5	10	2	10	4	12	11	15	10	9	5	11	6	9	9	9	28	22	3	6	14	7	10	8	5	4	5	13	4	5	19	21	22	9	5	16	10	
1515_A/black-backed_gull/ 6	9	7	2	13	8	6	4	0	4	1	0	2	3	0	0	3	3	5	3	12	5	1	1	4	6	12	5	10	2	10	4	12	11	15	10	10	5	11	6	8	9	9	28	22	4	6	14	7	10	8	5	4	5	13	4	5	18	21	22	9	5	16	10	
1516_A/Brown-headed_Gull/ 5	12	10	1	12	6	4	5	0	5	1	0	2	1	0	0	5	5	4	2	12	3	2	2	4	5	11	4	11	3	11	5	11	12	19	8	14	6	9	7	8	8	9	27	24	2	6	15	4	11	6	5	5	5	16	4	3	17	26	24	10	5	11	9	
1517_A/Brown-headed_Gull/ 5	12	10	1	13	6	4	5	0	5	1	0	2	1	0	0	5	5	4	2	11	3	2	2	4	5	11	4	11	3	11	5	11	12	19	8	14	6	9	7	7	9	9	27	24	2	6	15	4	11	6	5	5	5	16	4	3	17	26	24	10	5	11	9	
1518_A/Brown-headed_Gull/ 5	12	9	1	13	6	5	5	0	5	1	0	2	1	0	0	5	5	4	2	11	3	2	2	4	6	11	4	11	2	11	5	10	12	19	8	15	6	9	7	7	9	9	27	24	2	6	15	4	11	6	5	5	5	16	4	3	17	26	24	10	5	11	9	
1519_A/Brown-headed_Gull/ 5	12	9	1	12	6	5	5	0	5	1	0	2	1	0	0	5	5	4	2	12	3	2	2	4	6	11	4	11	2	11	5	11	12	19	8	14	6	9	7	7	9	9	27	24	2	6	15	4	11	6	5	5	5	16	4	3	17	26	24	10	5	11	9	
1520_A/Brown-headed_Gull/ 5	12	9	1	12	6	5	5	0	5	1	0	2	1	0	0	5	5	4	2	12	3	2	2	4	6	11	4	11	2	11	5	11	12	19	8	14	6	9	7	7	9	9	27	24	2	6	15	4	11	6	5	5	5	16	4	3	17	26	23	10	5	11	10	
1521_A/Brown-headed_Gull/ 5	12	9	1	12	6	5	5	0	5	1	0	2	1	0	0	5	5	4	2	12	3	2	2	4	5	11	4	11	3	11	5	10	12	17	9	14	6	10	7	6	9	9	27	25	2	6	15	5	11	6	5	5	5	16	4	3	17	26	24	10	5	11	9	
1522_A/Brown-headed_Gull/ 5	12	9	1	13	6	5	5	0	5	1	0	2	1	0	0	5	5	4	2	11	3	2	2	4	5	11	4	11	3	11	5	10	12	17	9	14	6	10	7	6	9	9	27	25	2	6	15	5	11	6	5	5	5	16	4	3	17	26	24	10	5	11	9	
1523_A/Brown-headed_Gull/ 5	12	9	1	13	6	5	5	0	5	1	0	2	1	0	0	5	5	4	2	11	3	2	2	4	6	11	4	11	2	11	5	11	12	19	8	14	6	9	7	7	9	9	27	24	2	6	15	4	11	6	5	5	5	16	4	3	17	26	24	10	5	11	9	
1524_A/Brown-headed_Gull/ 5	12	9	1	13	6	5	5	0	7	1	0	2	1	0	0	5	5	4	2	11	3	2	2	4	3	11	4	11	3	11	6	10	12	18	8	14	6	10	7	6	9	9	27	25	2	6	14	5	11	6	5	5	5	16	4	3	17	26	25	10	5	11	8	
1525_A/brown-headed_gull/ 6	9	7	2	13	8	6	4	0	4	1	0	2	3	0	0	3	3	4	3	12	5	2	1	4	6	12	5	10	2	10	4	11	11	15	10	11	5	11	6	8	9	9	30	22	3	6	12	7	10	8	5	4	5	13	4	5	18	21	22	9	6	16	10	
1526_A/Brown-headed_Gull/ 6	9	7	2	13	8	6	4	0	4	1	0	2	3	0	0	3	3	4	3	12	5	2	1	4	6	12	5	10	2	10	4	11	11	15	10	10	5	11	6	9	9	9	27	22	3	6	15	7	10	8	5	4	5	13	4	5	18	21	22	9	6	16	10	
1527_A/Brown-headed_Gull/ 6	8	7	2	13	8	6	4	0	5	1	0	2	3	0	0	3	3	4	3	12	5	2	1	4	6	12	5	10	2	10	4	12	11	15	11	11	5	11	5	8	9	9	29	22	3	6	13	6	10	8	5	4	5	13	4	5	18	21	22	9	6	16	10	
1528_A/Brown-headed_Gull/ 6	8	7	2	13	8	6	4	0	5	1	0	2	3	0	0	3	3	4	3	12	5	2	1	4	6	12	5	10	2	10	4	11	11	15	11	11	5	11	5	8	9	9	29	22	3	6	13	7	10	8	5	4	5	13	4	5	18	21	22	9	6	16	10	
1529_A/chicken/Changhua/1 9	12	8	2	9	5	6	4	0	6	1	0	3	2	0	0	4	4	4	2	11	4	2	2	1	7	13	3	14	0	9	3	9	10	13	8	15	8	13	9	7	9	10	29	24	1	7	14	5	9	9	5	5	6	13	3	6	18	27	25	7	6	10	9	
1530_A/chicken/Changhua/1 9	12	8	2	9	5	6	4	0	6	1	0	3	1	0	0	4	4	4	2	11	4	2	2	1	7	13	3	14	1	9	3	10	10	14	7	15	8	13	9	7	10	9	30	24	1	7	14	4	9	9	5	5	6	13	3	6	17	27	25	7	6	10	9	
1531_A/chicken/Changhua/1 9	12	8	2	9	5	6	4	0	6	1	0	3	1	0	0	4	4	4	2	11	4	2	2	1	7	13	3	14	1	9	3	10	10	13	8	15	8	13	9	7	9	10	29	24	1	7	14	4	9	9	5	5	6	13	3	6	18	27	25	7	6	10	9	
1532_A/chicken/Changhua/1 9	12	8	2	9	5	6	4	0	6	1	0	3	1	0	0	4	4	4	2	11	4	2	2	1	7	13	3	14	1	9	3	10	10	13	8	15	8	13	9	7	9	10	29	24	1	7	14	4	9	9	5	5	6	13	3	6	18	27	25	7	6	10	9	
1533_A/chicken/Changhua/1 5	12	9	1	13	5	5	5	1	5	1	0	1	1	0	0	5	5	4	2	11	3	2	2	4	5	11	4	12	3	11	5	8	12	17	10	16	6	10	6	7	9	9	27	23	2	6	15	5	10	8	5	5	5	14	4	3	19	24	20	11	4	13	13	
1534_A/chicken/Changhua/1 5	12	9	1	13	4	5	5	1	5	1	0	1	1	0	0	5	5	4	2	11	4	2	2	4	5	11	5	12	3	11	4	8	12	17	10	16	6	10	6	7	8	9	27	24	2	6	15	5	10	8	5	5	5	14	4	3	20	24	20	10	4	13	13	
1535_A/chicken/Chiayi/150 5	12	9	1	13	5	5	5	0	6	1	0	1	1	0	0	5	5	4	2	11	3	2	2	4	5	11	4	12	3	11	5	8	12	17	10	16	6	10	6	7	8	9	27	24	2	6	15	5	10	7	5	5	5	15	4	3	20	24	20	10	4	13	13	
1536_A/chicken/Kaohsiung/ 7	12	9	1	11	6	5	5	0	5	1	0	1	1	0	0	7	5	4	2	9	3	2	2	5	5	12	5	11	3	10	4	10	13	15	11	14	5	11	6	7	8	9	27	24	2	6	15	4	10	9	4	6	5	13	4	3	20	24	22	10	4	13	12	
1537_A/chicken/Kaohsiung/ 6	12	9	1	12	6	5	5	0	5	1	0	1	1	0	0	7	5	4	2	9	3	2	2	5	5	11	5	11	3	11	4	10	13	15	11	14	5	11	6	7	8	9	27	23	2	6	15	4	10	9	4	6	5	13	4	3	20	24	22	11	4	13	12	
1538_A/chicken/Kaohsiung/ 6	12	9	1	12	6	5	5	0	5	1	0	1	1	0	0	7	5	4	2	9	3	2	2	5	5	12	5	11	3	10	4	10	13	15	12	14	5	11	5	7	8	9	27	24	2	6	15	4	10	9	4	6	5	12	4	3	20	25	22	10	4	13	12	
1539_A/chicken/Kaohsiung/ 7	12	9	1	11	6	5	5	0	5	1	0	1	1	0	0	7	5	4	2	9	3	2	2	5	5	12	5	11	3	10	4	10	13	15	11	14	5	11	6	7	8	9	27	24	2	6	15	4	10	9	4	6	5	13	4	3	20	24	22	10	4	13	12	
1540_A/chicken/Kaohsiung/ 6	12	9	1	12	6	5	5	0	5	1	0	1	1	0	0	7	5	4	2	9	3	2	2	5	5	13	5	10	4	9	4	10	13	15	11	14	5	11	6	7	8	9	27	24	2	6	15	4	10	9	4	6	5	13	4	3	20	24	22	10	4	13	12	
1541_A/chicken/Kaohsiung/ 6	12	8	1	12	6	5	5	0	5	1	0	1	1	0	0	7	5	5	2	9	3	2	2	5	5	12	5	11	3	10	4	10	13	14	11	14	5	12	6	7	8	9	27	22	2	6	15	4	10	9	4	6	5	13	4	4	20	24	21	11	4	13	13	
1542_A/chicken/Kaohsiung/ 6	11	9	1	13	7	5	5	0	5	1	0	1	1	0	0	7	5	4	2	9	2	2	2	5	6	12	5	11	3	10	4	9	13	15	11	14	5	11	6	7	8	9	27	24	2	6	15	4	10	9	4	6	5	13	4	3	20	24	22	10	4	13	12	
1543_A/chicken/Miaoli/150 9	12	8	2	9	5	6	4	0	6	1	0	3	1	0	0	4	4	4	2	11	4	2	2	1	7	13	3	14	1	9	3	10	10	13	8	15	8	13	9	7	9	10	29	24	1	7	14	4	9	9	5	5	6	13	3	6	18	27	25	7	6	10	9	
1544_A/chicken/Nantou/161 5	12	9	1	13	6	5	5	0	5	1	0	1	1	0	0	7	6	4	2	9	2	2	2	5	5	12	5	11	3	10	4	9	14	15	11	14	5	11	6	8	8	9	27	23	2	6	15	4	10	9	4	6	5	13	4	3	20	24	22	10	4	13	12	
1545_A/chicken/New_Taipei 6	12	9	1	12	6	5	5	0	5	1	0	1	1	0	0	7	5	4	2	9	3	2	2	5	5	12	5	11	3	10	4	10	13	15	11	14	5	11	6	7	8	9	27	24	2	6	15	4	10	9	4	6	5	13	4	3	20	24	22	10	4	13	12	
1546_A/chicken/New_Taipei 6	12	9	1	12	6	5	5	0	5	1	0	1	1	0	0	7	5	4	2	9	3	2	2	5	5	12	5	11	3	10	4	10	13	15	11	14	5	11	6	8	8	9	27	22	2	6	15	4	10	9	4	6	5	13	4	3	20	24	22	11	4	13	12	
1547_A/chicken/New_Taipei 5	12	8	1	13	6	5	5	0	5	1	0	1	1	0	0	7	5	5	2	8	3	2	2	6	5	12	6	11	3	10	3	10	12	15	11	14	5	11	6	7	7	9	28	24	3	6	14	4	9	9	4	6	5	12	5	3	22	25	21	10	4	12	13	
1548_A/chicken/New_Taipei 4	12	9	1	14	6	5	5	0	5	1	0	1	1	0	0	7	5	4	2	8	3	2	2	6	5	12	5	11	3	10	4	10	12	15	12	14	5	10	6	7	7	9	28	23	3	6	14	4	9	9	4	6	5	13	4	3	22	25	22	11	4	12	12	
1549_A/chicken/New_Taipei 4	12	9	1	14	6	5	5	0	5	1	0	1	1	0	0	7	5	4	2	8	3	2	2	6	5	12	5	11	3	10	4	10	12	15	13	14	5	10	5	7	7	9	28	24	3	6	14	4	9	9	4	6	5	13	4	3	22	25	22	10	4	12	12	
1550_A/chicken/New_Taipei 4	12	9	1	14	6	5	5	0	5	1	0	1	1	0	0	7	5	4	2	8	3	2	2	6	5	12	5	11	3	10	4	10	12	15	12	14	5	10	6	7	7	9	28	23	3	6	14	4	9	9	4	6	5	13	4	3	22	25	23	11	4	12	11	
1551_A/chicken/Shandong/K 8	11	7	1	10	6	7	5	1	6	1	0	3	1	0	0	4	5	5	2	11	3	1	2	0	7	12	4	13	1	10	4	9	9	14	6	14	8	12	9	7	10	9	26	24	1	7	16	4	9	9	5	4	8	12	3	6	18	28	22	7	5	9	12	
1552_A/chicken/Taichung/1 5	12	9	1	13	5	5	5	1	5	1	0	1	1	0	0	5	5	4	2	10	3	2	2	5	5	11	4	12	3	11	5	7	12	18	10	17	6	10	5	6	8	9	27	24	2	6	15	5	10	8	5	5	5	14	5	3	20	24	19	11	4	13	13	
1553_A/chicken/Tainan/150 6	12	9	1	12	6	5	5	0	5	1	0	1	1	0	0	7	5	4	2	9	3	2	2	5	5	11	5	11	3	11	4	10	13	15	11	14	5	11	6	7	8	9	27	24	2	6	15	5	10	9	4	5	5	12	4	3	20	24	21	10	4	14	13	
1554_A/chicken/Tainan/170 6	12	9	1	12	7	5	5	0	4	1	0	1	1	0	0	7	5	4	2	9	3	2	2	5	5	11	4	11	3	11	5	10	12	16	10	13	5	11	6	7	8	9	28	24	2	6	14	4	9	9	4	7	6	12	4	3	21	25	22	10	4	13	12	
1555_A/chicken/Taipei_Cit 4	12	9	1	14	6	5	5	0	5	1	0	1	1	0	0	7	5	4	2	8	3	2	2	6	5	12	5	11	3	10	4	9	12	16	11	14	5	10	6	7	7	9	28	25	3	6	14	4	9	9	5	6	5	13	3	3	22	25	22	10	4	12	12	
1556_A/chicken/Taipei/160 6	12	9	1	12	6	5	5	0	5	1	0	1	1	0	0	7	5	4	2	9	3	2	2	5	5	12	5	11	3	10	4	10	13	15	11	14	5	11	6	6	8	9	27	25	2	6	15	4	10	9	4	6	5	13	4	3	20	24	22	10	4	13	12	
1557_A/chicken/Taipei/160 6	12	9	1	12	6	5	5	0	5	1	0	1	1	0	0	7	5	4	2	9	3	2	2	5	5	12	5	11	3	10	4	10	13	15	11	14	5	11	6	6	8	9	27	25	2	6	15	4	10	9	4	6	5	13	4	3	20	24	22	10	4	13	12	
1558_A/chicken/Taipei/161 6	12	9	1	12	6	5	5	0	5	1	0	1	2	0	0	7	5	4	2	9	3	2	2	5	5	12	5	11	2	10	4	10	13	15	11	14	5	11	6	7	8	10	26	24	2	6	15	4	10	10	4	6	5	13	4	4	20	23	21	9	4	13	13	
1559_A/chicken/Taipei/170 5	12	9	1	13	6	5	5	0	5	1	0	1	1	0	0	7	5	4	2	8	3	2	2	6	5	12	5	11	3	10	4	10	12	15	11	14	5	11	6	7	7	9	28	23	3	6	14	4	9	9	4	6	5	13	4	3	22	25	22	11	4	12	12	
1560_A/chicken/Taipei/170 5	12	9	1	13	6	5	5	0	5	1	0	1	1	0	0	7	5	4	2	8	3	2	2	6	5	12	6	11	3	10	3	10	12	15	11	14	5	11	6	7	7	9	28	24	3	6	14	4	9	9	4	6	5	13	4	3	22	25	21	10	4	12	13	
1561_A/chicken/Taipei/170 5	12	9	1	13	6	5	5	0	5	1	0	1	1	0	0	7	5	4	2	8	3	2	2	6	5	12	5	11	3	10	4	10	12	15	11	14	5	11	6	7	7	9	28	24	3	6	14	4	9	9	4	6	5	14	4	3	22	24	22	10	4	12	12	
1562_A/chicken/Taiwan/x37 6	12	10	1	12	6	4	5	0	5	1	0	1	1	0	0	7	4	4	2	9	3	2	3	5	6	12	5	11	3	10	4	9	13	15	11	15	5	11	6	7	8	9	27	24	2	6	14	4	10	9	5	6	5	13	3	3	19	24	21	10	5	13	13	
1563_A/chicken/Yunlin/150 9	12	8	2	9	5	6	4	0	6	1	0	3	1	0	0	4	4	4	2	11	4	2	2	1	7	13	3	14	1	9	3	10	10	13	8	15	8	13	9	7	9	10	29	24	1	7	14	4	9	9	5	5	6	13	3	6	18	27	25	7	6	10	9	
1564_A/chicken/Yunlin/160 5	12	9	1	13	5	5	5	1	5	1	0	1	1	0	0	5	5	4	2	11	3	2	2	4	5	12	4	12	3	10	5	9	12	17	10	15	6	10	6	7	8	9	27	24	2	6	15	5	10	8	5	5	5	14	4	3	20	24	21	10	4	13	12	
1565_A/chicken/Yunlin/170 5	12	9	1	13	5	5	5	1	5	1	0	1	1	0	0	5	5	4	2	11	3	2	2	4	5	11	4	12	3	11	5	8	12	17	11	16	6	10	5	6	8	9	27	25	2	6	15	5	10	8	5	5	5	14	4	3	20	24	22	10	4	13	11	
1566_A/Chlidonias_hybrida 6	9	7	2	13	8	6	4	0	4	1	0	2	3	0	0	3	3	4	3	12	5	2	1	4	6	12	5	11	2	10	4	11	11	15	11	13	5	12	6	8	9	9	28	22	3	6	14	7	10	8	5	4	5	14	4	5	18	21	23	9	6	16	9	
1567_A/common_coot/Shando 6	9	7	2	13	8	6	4	0	4	1	0	2	3	0	0	3	3	5	3	11	5	1	1	5	6	12	5	10	2	10	4	12	11	15	10	10	5	11	6	8	9	9	28	22	3	6	14	7	10	8	5	4	5	13	4	5	18	21	22	9	6	16	10	
1568_A/common_crane/Yunna 6	9	7	2	13	8	6	4	0	4	1	0	2	3	0	0	3	3	4	3	12	5	2	1	4	6	12	5	11	2	10	4	12	11	15	11	12	5	12	6	8	9	9	28	22	3	6	14	7	10	8	5	4	5	14	4	5	18	20	22	9	6	17	10	
1569_A/common_pochard/Nin 5	12	9	2	13	6	5	4	0	4	1	0	2	2	0	0	3	3	3	4	13	5	3	1	4	7	10	4	11	1	12	4	9	11	15	8	11	6	11	7	9	9	9	25	22	2	6	17	6	10	8	5	5	4	13	4	5	20	20	21	8	5	17	12	
1570_A/common_teal/Ningxi 6	9	7	2	13	8	6	4	0	4	1	0	2	3	0	0	3	3	4	3	12	5	2	1	4	6	12	5	10	2	10	4	11	11	15	10	11	5	11	6	8	9	9	28	22	3	6	14	7	10	8	5	4	5	13	4	5	18	21	22	9	6	16	10	
1571_A/common_teal/Ningxi 5	12	9	2	13	6	5	4	0	4	1	0	2	2	0	0	3	3	3	4	13	5	3	1	4	7	10	4	11	1	12	4	9	11	15	8	11	6	11	7	9	9	9	25	22	2	6	17	6	10	8	5	5	4	13	4	5	20	20	21	8	5	17	12	
1572_A/common_teal/Ningxi 5	12	9	2	13	6	5	4	0	4	1	0	2	2	0	0	3	3	3	4	13	5	3	1	4	7	11	4	11	1	11	4	9	11	15	8	11	6	11	7	9	9	9	25	22	2	6	17	6	10	8	5	5	4	13	4	5	20	21	21	8	5	16	12	
1573_A/common_teal/Ningxi 5	12	9	2	13	6	5	4	0	4	1	0	2	2	0	0	3	3	3	4	13	5	3	1	4	7	10	4	11	1	12	4	9	11	15	8	11	6	11	7	9	9	9	25	22	2	6	17	6	10	8	5	5	4	12	5	5	20	21	21	8	5	16	12	
1574_A/common_teal/Ningxi 5	12	9	2	13	6	5	4	0	4	1	0	2	2	0	0	3	3	3	4	13	5	3	1	4	7	11	4	11	1	11	4	9	12	15	8	11	5	11	7	9	9	9	25	22	2	6	17	6	10	8	5	5	4	13	4	5	20	21	21	8	5	16	12	
1575_A/common_teal/Ningxi 5	12	9	2	13	6	5	4	0	4	1	0	2	2	0	0	3	3	3	4	13	5	3	1	4	7	11	4	11	1	11	4	9	12	15	8	11	5	11	7	9	9	9	25	22	2	6	17	6	10	8	5	5	4	13	4	5	20	21	21	8	5	16	12	
1576_A/common_teal/Shaanx 6	9	7	2	13	8	6	4	0	4	1	0	2	3	0	0	3	3	4	3	12	5	2	1	4	6	12	5	10	2	10	4	11	11	15	10	11	5	11	6	8	9	9	28	22	3	6	14	7	10	8	5	4	5	13	4	5	18	21	22	9	6	16	10	
1577_A/Cygnus_atratus/Hub 5	11	8	1	13	6	5	5	0	6	1	0	2	1	0	0	6	5	5	2	11	3	2	2	4	5	10	4	9	3	12	5	10	12	17	8	12	6	9	7	6	9	9	27	25	2	6	15	5	11	6	5	5	5	15	4	3	17	25	25	10	5	12	8	
1578_A/Cygnus_atratus/Hub 5	11	8	1	13	6	5	5	0	6	1	0	2	1	0	0	6	5	5	2	11	3	2	2	4	5	10	4	9	3	12	5	10	12	17	8	12	6	9	7	6	9	9	27	25	2	6	15	6	11	6	5	4	5	15	4	3	17	25	25	10	5	12	8	
1579_A/Cygnus_columbianus 6	9	7	2	13	8	6	4	0	4	1	0	2	3	0	0	3	4	4	3	12	5	2	1	4	6	12	5	11	1	10	4	11	11	15	11	13	5	12	6	8	9	9	28	22	3	6	14	7	10	8	5	4	5	14	4	5	18	21	23	9	6	16	9	
1580_A/Cygnus_columbianus 6	10	7	2	13	7	6	4	0	4	1	0	2	3	0	0	3	3	4	3	12	5	2	1	4	6	12	5	11	2	10	4	12	11	15	11	12	5	12	6	8	9	9	28	22	3	6	14	7	10	8	5	4	5	14	4	5	18	21	22	9	6	16	10	
1581_A/Cygnus_columbianus 6	9	7	2	13	8	6	4	0	4	1	0	2	3	0	0	3	3	4	3	12	5	2	1	4	6	12	6	11	2	10	3	11	11	15	11	13	5	12	6	8	9	9	28	22	3	6	14	7	10	8	5	4	5	14	4	5	18	21	22	9	6	16	10	
1582_A/Cygnus_columbianus 6	9	7	2	13	8	6	4	0	4	1	0	2	3	0	0	3	3	4	3	12	5	2	1	4	6	12	5	11	2	10	4	11	11	15	11	13	5	12	6	8	9	9	28	22	3	6	14	7	10	8	5	4	5	14	4	5	18	21	23	9	6	16	9	
1583_A/Cygnus_columbianus 6	9	7	2	13	8	6	4	0	4	1	0	2	3	0	0	3	3	4	3	12	5	2	1	4	6	12	5	11	2	10	4	11	11	15	11	13	5	12	6	8	9	9	28	22	3	6	14	7	10	8	5	4	5	14	4	5	18	21	23	9	6	16	9	
1584_A/Cygnus_columbianus 6	9	7	2	13	8	6	4	0	4	1	0	2	3	0	0	3	3	4	3	12	5	2	1	4	6	12	5	11	2	10	4	11	11	15	11	13	5	12	6	8	9	9	28	22	3	6	14	7	10	8	5	3	6	14	4	5	18	21	23	9	6	16	9	
1585_A/Cygnus_columbianus 6	9	7	2	13	8	6	4	0	4	1	0	2	3	0	0	3	3	4	3	12	5	2	1	4	6	12	5	11	2	10	4	11	11	15	11	13	5	12	6	8	9	9	28	22	3	6	14	7	10	8	5	4	5	14	4	5	18	21	23	9	6	16	9	
1586_A/duck/Chiayi/150800 5	12	9	1	13	5	5	5	1	5	1	0	1	1	0	0	5	5	4	2	11	3	2	2	4	5	11	4	12	3	11	5	9	12	17	10	16	6	10	6	6	8	9	27	24	2	6	15	5	10	8	5	5	5	14	4	3	20	24	20	10	4	13	13	
1587_A/duck/Eastern_China 8	12	7	1	10	6	7	5	1	4	1	0	4	2	0	0	4	5	5	2	11	3	1	2	1	7	13	4	11	1	9	4	8	11	15	7	14	8	10	8	7	10	9	26	23	1	7	16	5	8	9	5	5	6	12	3	6	19	27	23	8	5	9	12	
1588_A/duck/Eastern_China 8	11	7	1	10	6	7	5	1	6	0	1	3	1	0	0	4	5	5	2	11	3	1	2	0	7	12	4	13	1	10	4	9	10	14	7	13	7	12	8	7	10	9	28	24	1	7	14	5	9	9	5	5	6	12	3	6	19	28	24	7	5	9	10	
1589_A/duck/Eastern_China 8	11	7	1	10	6	7	5	1	6	0	1	3	1	0	0	4	5	5	2	11	3	1	2	0	7	12	4	13	1	10	4	8	10	14	7	14	7	12	8	7	10	9	27	24	1	7	15	5	9	9	5	5	6	12	3	6	19	28	24	7	5	9	10	
1590_A/duck/Eastern_China 8	11	7	1	10	6	7	5	1	6	0	1	5	1	0	0	4	5	5	2	11	3	1	2	0	7	12	4	11	1	10	4	8	10	13	7	14	7	13	8	7	10	9	27	24	1	7	15	5	9	9	5	5	6	12	3	6	19	28	25	7	5	9	9	
1591_A/duck/Eastern_China 8	11	7	1	10	6	7	5	1	6	0	1	3	1	0	0	4	5	5	2	11	3	1	2	0	7	12	4	13	1	10	4	8	9	14	7	14	8	12	8	7	10	9	26	24	1	7	16	6	9	9	5	4	6	12	3	6	19	28	24	7	5	9	10	
1592_A/duck/Eastern_China 8	11	7	1	10	6	7	5	1	5	0	1	4	2	0	0	4	5	5	2	11	3	1	2	0	7	12	4	12	1	10	4	8	10	14	7	14	8	11	8	7	10	9	26	24	1	7	16	5	9	9	5	5	6	12	3	6	19	28	23	7	5	9	11	
1593_A/duck/Eastern_China 8	11	7	2	10	6	7	4	1	6	0	1	3	1	0	0	4	5	5	2	11	3	1	2	0	7	12	4	13	1	10	4	8	10	15	6	14	8	11	9	7	9	9	27	24	1	7	15	5	9	9	5	4	8	12	3	6	18	28	23	7	5	9	11	
1594_A/duck/Eastern_China 8	12	7	1	10	6	7	5	1	4	0	1	4	2	0	0	4	5	5	2	11	3	1	2	0	7	13	4	12	1	9	4	8	11	14	7	14	7	11	8	7	9	9	26	23	1	7	16	4	8	9	5	6	7	11	4	6	20	28	23	8	5	9	11	
1595_A/duck/Eastern_China 8	12	7	1	10	6	7	5	1	4	1	0	5	2	0	0	4	4	5	2	11	4	1	2	2	7	13	4	9	1	9	4	9	11	14	6	12	8	11	9	8	10	9	26	23	1	7	16	5	8	9	5	4	7	12	3	6	19	28	22	8	5	9	12	
1596_A/duck/Eastern_China 8	12	7	1	10	6	7	5	1	4	1	0	4	2	0	0	4	5	5	2	11	3	1	2	1	7	13	4	11	1	9	4	8	11	14	8	14	8	11	7	7	10	9	26	23	1	7	16	5	7	10	5	5	6	11	3	6	19	28	23	8	6	9	11	
1597_A/duck/Guangdong/KGZ 6	9	7	2	13	8	6	4	0	4	1	0	2	3	0	0	3	3	4	3	12	5	2	1	5	6	11	5	9	2	11	4	11	10	14	10	11	6	12	6	8	10	9	28	22	2	6	14	7	10	8	5	4	5	13	4	6	18	21	21	8	6	16	11	
1598_A/duck/Guangdong/KGZ 6	9	7	2	13	8	6	4	0	4	1	0	1	3	0	0	3	2	4	3	12	6	2	1	5	6	12	6	10	2	10	3	11	10	15	10	11	6	11	6	8	8	9	28	22	3	6	14	7	10	8	5	4	4	13	4	6	20	21	22	8	6	16	10	
1599_A/duck/Guangdong/S12 6	9	7	2	13	8	6	4	0	4	1	0	2	3	0	0	3	3	4	3	12	5	2	1	5	6	12	5	9	2	11	4	11	10	15	10	11	6	11	6	8	9	8	28	22	3	6	14	7	10	8	5	4	5	13	4	5	18	21	22	9	6	16	10	
1600_A/duck/Guangdong/s14 8	11	7	2	10	6	7	4	1	6	1	0	3	1	0	0	4	5	5	2	11	3	1	2	2	7	12	4	11	1	10	4	9	9	13	5	13	7	12	10	7	10	10	27	23	1	7	15	5	9	9	5	4	10	12	3	6	18	29	23	8	4	8	11	
1601_A/duck/Guangxi/S1009 6	9	7	2	13	8	6	4	0	4	1	0	1	3	0	0	3	2	4	3	12	6	2	1	5	6	12	5	10	2	10	4	11	11	15	10	11	5	11	6	8	9	9	28	22	3	6	14	7	10	8	5	4	5	13	4	6	18	21	22	8	6	16	10	
1602_A/duck/Guangxi/S1026 6	9	7	2	13	8	6	4	0	4	1	0	1	3	0	0	3	2	4	3	12	6	2	1	5	6	12	5	10	2	10	4	11	11	15	10	11	5	11	6	8	9	9	27	22	3	6	15	7	10	8	5	4	5	13	4	6	18	21	22	8	6	16	10	
1603_A/duck/Guangxi/S1104 6	9	7	2	13	8	6	4	0	4	1	0	1	3	0	0	3	2	4	3	12	6	2	1	5	6	12	5	10	2	10	4	11	11	15	10	11	5	11	6	8	9	9	28	22	3	6	14	7	10	8	5	4	5	13	4	6	18	20	22	8	6	17	10	
1604_A/duck/Guangxi/S2119 6	9	7	2	13	8	6	4	0	4	1	0	1	3	0	0	3	2	4	3	12	6	2	1	5	6	12	6	11	2	10	3	11	11	15	10	11	5	11	6	8	9	9	28	21	3	6	14	7	10	8	5	4	4	13	4	6	19	21	22	8	6	16	10	
1605_A/duck/Hebei/S1070/2 6	9	7	2	13	8	6	4	0	4	1	0	2	3	0	0	3	3	5	3	12	5	1	1	4	6	12	5	10	2	10	4	11	11	15	10	10	5	11	6	8	9	9	28	22	3	6	14	8	10	8	5	4	5	13	4	5	18	21	22	9	6	16	10	
1606_A/duck/Henan/S1381/2 6	9	7	2	13	8	6	4	0	4	1	0	2	3	0	0	3	3	5	3	12	5	1	1	4	6	12	5	10	2	10	4	12	11	15	10	10	5	11	6	8	10	9	28	22	2	6	14	7	10	8	5	4	5	13	4	5	18	21	22	9	6	16	10	
1607_A/duck/Hunan/11.30_Y 5	11	8	1	13	6	5	5	0	6	1	0	2	1	0	0	6	4	5	2	11	3	2	2	4	6	10	4	9	3	12	5	10	12	17	8	12	6	9	7	6	9	9	27	25	2	6	15	5	11	6	5	5	5	15	4	3	17	25	25	10	5	12	8	
1608_A/duck/Jiangxi/S1025 6	9	7	2	13	8	6	4	0	4	1	0	2	3	0	0	3	3	5	3	12	5	1	1	4	6	12	5	10	2	10	4	13	11	15	10	10	5	11	6	8	9	9	28	22	3	6	14	6	10	8	5	4	5	13	4	5	18	21	22	9	6	16	10	
1609_A/duck/Shandong/11.1 8	11	8	1	10	6	6	5	1	5	1	0	4	2	0	0	4	5	5	2	11	3	1	2	0	7	13	4	13	1	9	4	8	11	14	8	16	7	12	8	7	10	9	26	23	1	7	16	5	9	9	5	5	6	13	3	6	19	28	23	8	5	9	11	
1610_A/duck/Shandong/11.1 8	11	8	1	10	6	6	5	1	5	1	0	4	2	0	0	4	5	5	2	11	3	1	2	0	7	13	4	13	1	9	4	8	11	14	8	16	7	12	8	7	10	9	26	23	1	7	16	5	9	9	5	5	6	13	3	6	19	28	23	8	5	9	11	
1611_A/duck/Shandong/Q1/2 7	11	6	3	9	6	7	4	1	6	1	0	4	1	0	0	4	5	5	2	11	3	2	2	0	7	14	4	13	1	9	4	8	9	14	6	14	8	12	9	7	10	9	27	23	1	7	15	5	8	9	5	4	9	10	3	8	18	28	23	7	5	9	11	
1612_A/duck/Tainan/150104 5	12	9	1	13	5	5	5	0	6	1	0	1	1	0	0	5	5	4	2	11	3	2	2	4	5	11	4	12	3	11	5	8	12	17	10	16	6	10	6	7	8	9	27	24	2	6	15	5	10	7	5	5	5	15	4	3	20	24	20	10	4	13	13	
1613_A/duck/Taiwan/a068/2 6	12	9	1	12	6	5	5	0	5	1	0	2	1	0	0	7	5	4	2	9	3	2	2	5	5	11	5	10	3	11	4	10	13	15	11	14	5	11	6	8	8	9	27	24	2	6	15	5	10	9	4	5	5	13	4	2	20	24	21	10	4	13	13	
1614_A/duck/Taiwan/A3400/ 6	12	9	1	12	6	5	5	0	5	1	0	1	1	0	0	7	5	4	2	9	3	2	2	5	5	11	5	11	3	11	4	10	13	15	11	14	5	11	6	7	8	9	27	24	2	6	15	5	10	9	4	5	5	13	4	3	20	24	21	10	4	13	13	
1615_A/duck/Xinjiang/12.1 6	11	9	1	12	6	5	5	0	4	1	0	1	3	0	0	5	5	3	2	11	3	3	2	6	5	10	4	10	3	12	5	10	11	16	10	14	7	11	6	7	8	9	33	24	2	6	9	5	10	9	4	5	5	13	4	3	19	25	24	10	5	12	10	
1616_A/duck/Yunlin/150102 9	12	8	2	9	5	6	4	0	6	1	0	3	1	0	0	4	4	4	2	11	4	2	2	1	7	13	3	14	1	9	3	10	10	13	8	15	8	13	9	7	9	10	29	24	1	7	14	4	9	9	5	5	6	13	3	6	17	27	25	7	7	10	9	
1617_A/duck/Yunlin/150104 9	12	8	2	9	5	6	4	0	6	1	0	3	1	0	0	4	4	4	2	11	4	2	2	1	7	13	3	14	1	9	3	10	10	13	8	15	8	13	9	7	9	10	29	24	1	7	14	4	9	9	5	5	6	13	3	6	18	27	25	7	6	10	9	
1618_A/duck/Zhejiang/6D18 8	12	7	1	10	6	7	5	1	4	1	0	4	2	0	0	4	5	5	2	11	3	2	2	1	7	12	4	11	1	9	4	8	11	15	7	14	8	10	8	7	10	9	26	23	1	7	16	5	8	9	5	5	6	12	3	6	19	28	22	8	5	9	12	
1619_A/duck/Zhejiang/9250 8	13	6	1	10	5	8	5	1	4	1	0	4	2	0	0	4	5	5	2	11	3	1	2	1	7	13	4	10	1	9	4	7	12	13	7	14	6	11	8	9	10	9	27	23	1	7	16	5	8	9	5	5	8	12	3	4	16	28	23	9	7	9	12	
1620_A/duck/Zhejiang/9251 8	13	6	1	10	5	8	5	1	4	1	0	4	2	0	0	5	5	5	2	11	3	1	2	1	7	13	4	11	1	9	4	8	12	13	7	13	6	11	8	7	10	9	27	23	1	7	16	5	8	9	5	5	7	12	3	4	17	28	23	9	7	9	12	
1621_A/duck/Zhejiang/W24/ 8	12	8	1	10	6	5	5	1	4	1	0	4	2	0	0	4	5	5	2	10	3	2	2	2	7	13	4	11	1	9	4	8	11	14	7	14	7	11	8	7	10	10	25	23	1	7	16	5	8	9	5	5	7	12	3	6	20	28	23	8	4	9	11	
1622_A/egret/Jiangsu/SD02 6	9	7	2	13	8	6	4	0	4	1	0	2	3	0	0	3	3	5	3	12	5	1	1	4	6	12	5	10	2	10	4	12	11	15	10	10	5	11	6	8	9	9	28	22	3	6	14	7	10	8	5	4	5	13	4	5	18	21	22	9	6	16	10	
1623_A/eurasian_eagle-owl 6	9	7	2	13	8	6	4	0	4	1	0	2	3	0	0	3	3	4	3	12	5	2	1	4	6	12	5	10	2	10	4	11	11	15	10	11	5	11	6	8	9	9	28	22	3	6	14	7	10	8	5	4	5	13	4	5	18	21	22	9	6	16	10	
1624_A/goose/Chiayi/15020 9	12	8	2	9	5	6	4	0	6	1	0	3	1	0	0	4	4	4	2	11	4	2	2	1	7	13	3	14	1	9	3	10	10	13	8	15	8	13	9	7	9	11	29	24	1	6	14	4	9	9	5	5	6	13	3	6	18	27	25	7	6	10	9	
1625_A/goose/China/1/2021 6	9	6	2	13	8	7	4	0	4	1	0	2	3	0	0	3	3	5	3	12	5	1	1	4	6	12	5	10	2	10	4	12	11	15	10	10	5	11	6	8	9	9	28	22	3	6	14	7	10	8	5	4	5	13	4	5	18	21	22	9	6	16	10	
1626_A/goose/Eastern_Chin 8	11	7	1	10	7	7	5	1	4	1	0	4	2	0	0	4	5	5	2	11	3	1	2	1	7	13	4	11	1	9	4	8	11	14	7	14	8	11	8	7	10	9	26	23	1	7	16	5	8	9	5	5	6	12	3	6	19	28	22	8	5	9	12	
1627_A/goose/Eastern_Chin 8	11	7	2	10	6	7	4	1	6	0	1	3	1	0	0	4	5	5	2	11	3	1	2	0	7	12	4	13	1	10	4	8	9	14	6	14	8	12	9	7	10	9	27	24	1	7	15	5	9	9	5	4	8	12	3	6	18	28	23	7	5	9	11	
1628_A/goose/Eastern_Chin 8	11	7	2	10	6	7	4	0	5	0	1	3	2	0	0	4	4	5	2	11	5	1	2	1	6	12	4	13	1	10	4	9	10	14	6	13	7	12	9	7	10	9	28	24	1	7	14	5	9	9	5	5	6	12	3	6	19	28	23	7	5	9	11	
1629_A/goose/Eastern_Chin 8	12	7	1	10	6	7	5	1	4	0	1	4	2	0	0	4	5	5	2	11	3	2	2	1	7	12	4	11	1	9	4	8	11	14	7	14	8	11	8	7	10	9	26	23	1	7	16	5	8	9	5	5	6	12	3	6	19	28	22	8	5	9	12	
1630_A/goose/Guangdong/s1 8	11	7	2	10	6	7	4	1	6	1	0	3	1	0	0	4	5	5	2	11	3	1	2	2	7	12	4	11	1	10	4	9	9	13	5	13	7	12	10	7	10	10	27	23	1	7	15	5	9	9	5	4	10	12	3	6	18	29	23	8	4	8	11	
1631_A/goose/Guangxi/S206 6	9	7	2	13	8	6	4	0	4	1	0	1	3	0	0	3	2	4	3	12	6	2	1	5	7	12	5	10	1	10	4	11	11	15	10	11	5	11	6	8	9	9	28	22	3	6	14	7	10	8	5	4	4	13	4	6	19	21	22	8	6	16	10	
1632_A/goose/Henan/S1315/ 6	9	7	2	13	8	6	4	0	4	1	0	2	3	0	0	3	3	5	3	12	5	1	1	4	6	12	5	10	2	10	4	12	11	15	10	10	5	11	6	8	10	9	27	22	2	6	15	7	10	8	5	4	5	14	4	5	18	20	23	9	6	16	9	
1633_A/goose/Hunan/S11288 6	9	7	2	13	8	6	4	0	4	1	0	2	3	0	0	3	3	4	3	12	5	2	1	4	6	12	5	10	2	10	4	11	11	15	10	11	5	11	6	8	9	9	28	22	3	6	14	7	10	8	5	4	5	13	4	5	18	21	22	9	6	16	10	
1634_A/goose/Jiangsu/QD5/ 8	12	7	1	10	6	7	5	1	4	1	0	4	2	0	0	4	5	5	2	11	3	1	2	1	7	13	4	11	1	9	4	8	11	14	7	13	8	11	8	8	10	9	26	23	1	8	15	5	9	9	5	5	6	12	3	6	18	28	22	8	5	9	12	
1635_A/goose/Jiangsu/S138 6	9	7	2	13	8	6	4	0	4	1	0	2	3	0	0	3	3	4	3	12	5	2	1	4	6	12	5	10	2	10	4	11	11	15	10	10	5	11	6	8	9	9	28	22	3	6	14	8	10	8	5	4	5	13	4	5	18	21	22	9	6	16	10	
1636_A/goose/Liaoning/S12 6	9	7	2	13	8	6	4	0	3	1	0	2	4	0	0	3	3	5	3	12	5	1	1	4	6	12	5	10	2	10	4	12	11	15	10	10	5	11	6	8	9	9	28	22	3	6	14	7	10	8	5	4	5	13	4	5	18	21	22	9	6	16	10	
1637_A/goose/Pingtung/150 6	12	9	1	12	6	5	5	0	5	1	0	1	1	0	0	7	5	4	2	9	3	2	2	5	5	11	5	11	3	11	4	10	13	15	11	14	5	11	6	7	8	9	27	24	2	6	15	4	10	9	4	6	5	13	4	3	20	24	21	10	4	13	13	
1638_A/goose/Pingtung/160 6	12	9	1	12	6	5	5	0	5	1	0	1	1	0	0	7	5	4	2	9	3	2	2	6	5	11	5	10	3	11	4	10	13	15	11	14	5	11	6	7	8	9	27	24	2	6	15	4	10	10	4	6	5	12	4	3	20	24	21	10	4	13	13	
1639_A/goose/Shandong/05. 8	12	7	1	10	6	7	5	1	4	1	0	4	2	0	0	4	5	5	2	11	3	1	2	0	7	13	4	13	1	9	4	8	11	14	8	15	8	12	8	7	9	9	26	23	1	7	16	4	8	9	5	6	7	12	4	6	20	28	24	8	5	9	10	
1640_A/goose/Shandong/05. 8	12	7	1	10	6	7	5	1	4	1	0	4	2	0	0	4	5	5	2	11	3	1	2	0	7	13	4	13	1	9	4	8	11	14	8	15	8	12	8	7	9	9	26	23	1	7	16	4	8	9	5	6	7	12	4	6	20	28	24	8	5	9	10	
1641_A/goose/Shandong/06. 8	12	7	1	10	6	7	5	1	4	1	0	4	2	0	0	4	6	5	2	11	3	1	2	0	6	13	4	13	1	9	4	8	11	14	8	15	8	12	8	7	9	9	26	23	1	7	16	4	8	9	5	6	7	12	4	6	20	28	24	8	5	9	10	
1642_A/goose/Shandong/12. 9	12	7	1	9	6	7	5	1	4	1	0	5	2	0	0	4	3	5	2	11	5	1	2	1	7	13	4	10	1	9	4	9	11	14	7	12	8	11	8	8	10	9	26	23	1	7	16	5	8	9	5	4	7	12	3	6	19	28	23	8	5	9	11	
1643_A/Goose/Shandong/211 6	9	7	2	13	8	6	4	0	4	1	0	2	3	0	0	3	3	5	3	12	5	1	1	5	6	12	5	9	2	10	4	13	11	15	10	10	5	11	6	8	9	9	28	22	3	6	14	6	10	7	5	4	5	14	4	5	18	21	22	9	6	16	10	
1644_A/goose/Shandong/GD- 8	12	7	1	10	6	7	5	1	3	1	0	4	3	0	0	4	5	5	2	11	3	1	2	0	7	15	4	13	1	7	4	8	11	15	8	15	7	11	8	7	10	9	26	23	1	7	16	5	8	9	5	6	7	13	3	6	19	28	23	8	5	9	11	
1645_A/goose/Shandong/LQ0 9	10	7	1	10	6	7	5	1	6	1	0	3	1	0	0	4	5	5	2	11	3	1	2	0	7	12	4	13	1	10	4	9	9	14	6	14	8	12	9	7	10	9	26	24	1	7	16	4	9	9	5	4	8	12	3	6	18	28	22	7	5	9	12	
1646_A/goose/Tainan/16040 6	12	9	1	12	6	5	5	0	5	1	0	1	1	0	0	7	5	4	2	9	3	2	2	5	5	12	5	11	3	10	4	10	13	15	11	14	5	11	6	7	8	9	27	24	2	6	15	4	10	9	4	6	5	13	4	3	20	24	22	10	4	13	12	
1647_A/goose/Tainan/16070 6	12	9	1	12	6	5	5	0	5	1	0	1	1	0	0	7	5	4	2	9	3	2	2	5	5	12	5	11	3	10	4	10	13	15	11	14	5	11	6	7	8	9	27	24	2	6	15	4	10	10	4	6	5	12	4	3	20	24	22	10	4	13	12	
1648_A/goose/Taiwan/01019 5	12	9	1	13	5	5	5	0	6	1	0	1	1	0	0	5	5	4	2	11	3	2	2	4	5	11	4	12	3	11	5	8	12	17	10	16	6	10	6	7	8	8	27	24	2	6	16	5	10	7	5	5	5	15	4	3	20	24	20	10	4	13	13	
1649_A/goose/Taiwan/01039 9	12	8	2	9	5	6	4	0	6	1	0	3	1	0	0	4	4	4	2	11	4	2	2	1	7	13	3	14	1	9	3	10	10	13	8	15	8	13	8	7	9	10	30	24	1	7	14	4	9	9	5	6	5	13	3	6	18	27	25	7	6	10	9	
1650_A/goose/Taiwan/a015/ 5	12	9	1	13	5	5	5	1	5	1	0	1	1	0	0	5	5	4	2	11	3	2	2	4	5	11	4	12	3	11	5	8	12	17	10	16	6	10	6	7	8	9	27	24	2	6	15	5	10	7	5	5	5	15	4	3	20	24	20	10	4	13	13	
1651_A/goose/Taiwan/TNC1/ 9	12	8	2	9	5	6	4	0	6	1	0	3	1	0	0	4	4	4	2	11	4	2	2	1	7	13	3	13	1	9	3	10	10	13	7	13	8	12	9	7	9	10	29	24	1	7	14	4	9	9	5	5	6	12	3	6	18	27	25	7	6	10	9	
1652_A/goose/Taiwan/TNC3/ 9	12	8	2	9	5	6	4	0	6	1	0	3	1	0	0	4	4	4	2	11	4	2	2	1	7	13	3	13	1	9	3	10	10	13	7	13	8	12	9	7	9	10	29	24	1	7	14	4	9	9	5	5	6	12	3	6	17	27	25	7	7	10	9	
1653_A/goose/Taiwan/TNC4/ 5	12	9	1	13	5	5	5	0	6	1	0	1	1	0	0	5	5	4	2	11	3	2	2	4	5	11	4	11	3	11	5	8	12	17	9	14	6	9	6	7	8	9	27	24	2	6	15	5	10	7	5	5	5	14	4	3	20	24	20	10	4	13	13	
1654_A/goose/Taiwan/TNC9/ 9	12	8	2	9	5	6	4	0	6	1	0	3	1	0	0	4	4	4	2	11	4	2	2	1	7	13	3	13	1	9	3	10	10	13	7	13	8	12	9	7	9	10	29	24	1	7	14	4	9	9	5	5	6	12	3	6	17	27	25	7	7	10	9	
1655_A/goose/Taiwan/TNC10 9	12	8	2	9	5	6	4	0	6	1	0	3	1	0	0	4	4	4	2	11	4	2	2	1	7	13	3	13	1	9	3	10	10	13	7	13	8	12	9	7	9	10	29	24	1	7	14	4	9	9	5	5	6	12	3	6	18	27	25	7	6	10	9	
1656_A/goose/Taiwan/TNC12 9	12	8	2	9	5	6	4	0	6	1	0	3	1	0	0	4	4	4	2	11	4	2	2	1	7	13	3	13	1	9	3	10	10	13	7	13	8	12	9	7	9	10	29	24	1	7	14	4	9	9	5	5	6	12	3	6	18	27	25	7	6	10	9	
1657_A/goose/Taiwan/TNC14 9	12	8	2	9	5	6	4	0	6	1	0	3	1	0	0	4	4	4	2	11	4	2	2	1	7	13	3	13	1	9	3	10	10	13	7	13	8	12	9	7	9	10	29	24	1	7	14	4	9	9	5	5	6	12	3	6	18	27	25	7	6	10	9	
1658_A/goose/Taiwan/TNO3/ 9	12	8	2	9	5	6	4	0	6	1	0	3	1	0	0	3	4	4	2	12	4	2	2	1	7	13	3	13	1	9	3	10	10	13	7	13	8	13	8	7	9	10	29	24	1	7	14	4	9	9	5	6	5	12	3	6	18	27	25	7	6	10	9	
1659_A/goose/Taiwan/TNO9/ 5	12	9	1	13	5	5	5	0	6	1	0	1	1	0	0	5	5	4	2	11	3	2	2	4	5	11	4	11	3	11	5	8	12	17	9	14	6	9	6	7	8	9	27	24	2	6	15	5	10	7	5	5	5	14	4	3	20	24	20	10	4	13	13	
1660_A/goose/Taiwan/TNO15 5	12	9	1	13	5	5	5	0	6	1	0	1	1	0	0	5	5	4	2	11	3	2	2	4	5	11	4	11	3	11	5	8	12	17	9	14	6	9	6	7	8	9	27	24	2	6	15	5	10	7	5	5	5	14	4	3	20	24	20	10	4	13	13	
1661_A/goose/Taiwan/TNO17 9	12	8	2	9	5	6	4	0	6	1	0	3	1	0	0	4	4	4	2	11	4	2	2	1	7	13	3	13	1	9	3	10	10	13	7	13	8	12	9	7	9	10	29	24	1	7	14	4	9	9	5	5	6	12	3	6	18	27	25	7	6	10	9	
1662_A/goose/Taoyuan/1501 9	12	8	2	9	5	6	4	0	6	1	0	3	1	0	0	4	4	4	2	11	4	2	2	1	7	13	3	14	1	9	3	10	10	13	8	15	8	13	9	7	9	10	29	24	1	7	14	4	9	9	5	5	6	13	3	6	18	27	25	7	6	10	9	
1663_A/goose/Xinjiang/12. 5	11	9	1	13	6	5	5	0	4	1	0	1	3	0	0	5	5	3	2	11	3	3	2	6	5	10	4	10	3	12	5	10	11	16	10	14	7	11	6	7	8	9	33	24	2	6	9	5	10	9	4	5	5	13	4	3	19	25	24	10	5	12	10	
1664_A/goose/Xinjiang/12. 5	11	9	1	13	6	5	5	0	4	1	0	1	3	0	0	5	5	3	2	11	3	3	2	6	5	10	4	10	3	12	5	10	11	16	10	14	7	11	6	7	8	9	33	24	2	6	9	5	10	9	4	5	5	13	4	3	19	25	24	10	5	12	10	
1665_A/goose/Xinjiang/12. 5	11	9	1	13	6	5	5	0	4	1	0	1	3	0	0	5	5	3	2	11	3	3	2	6	5	10	4	10	3	12	5	10	11	16	10	14	7	11	6	7	8	9	33	24	2	6	9	5	10	9	4	5	5	13	4	3	19	25	24	10	5	12	10	
1666_A/goose/Xinjiang/12. 5	11	9	1	13	6	5	5	0	4	1	0	1	3	0	0	5	5	3	2	11	3	3	2	6	5	10	4	10	3	12	5	10	11	16	10	14	7	11	6	7	8	9	33	24	2	6	9	5	10	9	4	5	5	13	4	3	19	25	24	10	5	12	10	
1667_A/goose/Yangzhou/042 8	12	7	1	10	6	7	5	1	4	1	0	5	2	0	0	4	4	5	2	11	4	1	2	1	7	13	4	10	1	9	4	8	11	14	7	13	8	11	8	8	10	9	25	23	1	7	17	5	8	9	5	4	7	12	3	6	19	28	22	8	5	9	12	
1668_A/goose/Yunlin/15040 5	12	9	1	13	5	5	5	1	5	1	0	1	1	0	0	5	5	4	2	11	3	2	2	4	5	11	4	12	3	11	5	8	12	17	10	16	6	10	6	7	8	9	27	24	2	6	15	5	10	7	5	5	5	15	4	3	20	24	20	10	4	13	13	
1669_A/goose/Zhejiang/925 7	13	9	2	11	5	5	4	0	5	1	0	3	1	0	0	4	5	5	2	11	3	1	2	3	7	10	4	11	1	12	4	9	12	14	8	14	5	11	7	8	9	8	28	22	1	8	15	3	9	10	5	5	6	10	4	4	21	25	26	10	4	12	9	
1670_A/goose/Zhejiang/925 8	13	7	1	10	5	7	5	1	4	1	0	4	2	0	0	4	5	5	2	11	3	1	2	1	7	13	4	11	1	9	4	8	11	13	7	14	7	11	8	8	9	9	27	22	1	7	16	4	8	9	5	6	7	11	4	4	19	27	24	9	6	10	11	
1671_A/goose/Zhejiang/S12 6	9	7	2	13	8	6	4	0	5	1	0	2	2	0	0	3	3	5	3	12	5	1	1	4	6	12	5	10	2	10	4	12	11	15	10	10	5	11	6	8	9	9	28	22	3	6	14	7	10	8	5	4	5	13	4	5	18	20	22	9	6	17	10	
1672_A/Great_Black-headed 5	12	9	1	13	6	5	5	0	5	1	0	2	1	0	0	5	5	4	2	11	3	2	2	4	5	11	4	11	3	11	5	10	12	17	9	14	6	10	7	6	9	9	27	25	2	6	15	5	11	6	5	4	6	16	4	3	17	26	24	10	5	11	9	
1673_A/Great_Cormorant/Qi 5	12	9	1	13	6	5	5	0	5	1	0	3	1	0	0	5	5	4	2	11	3	2	2	3	6	11	4	11	2	11	5	11	12	19	8	14	6	9	7	8	9	10	26	23	2	6	15	4	11	6	5	5	5	16	4	3	17	26	24	10	5	11	9	
1674_A/Great_Cormorant/Qi 5	12	9	1	13	6	5	5	0	5	1	0	2	1	0	0	5	5	4	2	11	3	2	2	4	6	11	4	11	2	11	5	11	12	19	8	14	6	9	7	7	9	9	27	24	2	6	15	4	11	6	5	5	5	16	4	3	17	26	24	10	5	11	9	
1675_A/Great_Cormorant/Qi 5	12	9	1	13	6	5	5	0	5	1	0	2	1	0	0	5	5	4	2	11	3	2	2	4	6	11	4	11	2	11	5	11	12	18	8	14	6	9	7	7	9	9	27	24	2	7	15	4	11	6	5	5	5	16	4	3	17	26	23	10	5	11	10	
1676_A/Great_Crested_Greb 5	12	9	2	13	6	5	4	1	5	1	0	1	1	0	0	5	5	3	2	11	3	3	2	5	5	10	4	10	3	12	5	10	11	18	11	14	7	10	6	7	8	9	31	25	3	6	11	5	10	8	3	5	5	13	4	3	19	24	25	9	4	13	9	
1677_A/grebe/Ningxia/SD00 6	9	7	2	13	8	6	4	0	4	1	0	2	3	0	0	3	3	4	3	12	5	2	1	3	6	12	5	10	2	10	4	11	11	15	10	11	5	11	6	9	9	9	28	21	3	7	14	7	10	8	5	4	5	13	4	5	17	21	22	9	6	17	10	
1678_A/grebe/Shaanxi/SD00 6	9	7	2	13	8	6	4	0	4	1	0	2	3	0	0	3	3	4	3	12	5	2	1	3	6	12	5	10	2	10	4	11	11	14	11	11	5	11	6	9	9	9	28	21	3	7	14	7	10	8	5	4	5	13	4	5	18	20	22	9	6	17	10	
1679_A/grebe/Shandong/SC1 6	9	7	2	13	8	6	4	0	4	1	0	2	3	0	0	3	3	5	3	12	5	1	1	4	6	12	5	10	2	10	4	12	11	15	10	10	5	11	6	8	9	9	28	22	3	6	14	7	10	7	5	3	5	14	4	6	18	21	22	9	6	16	10	
1680_A/green-winged_teal/ 6	9	7	2	13	8	6	4	0	4	1	0	2	3	0	0	3	3	4	3	12	5	2	1	4	6	12	5	10	2	10	4	12	11	15	10	10	5	11	6	8	9	9	28	22	3	6	14	7	10	7	5	4	5	14	4	5	19	20	22	9	5	17	10	
1681_A/Herring_Gull/Hubei 5	12	9	1	13	6	5	5	0	5	1	0	2	1	0	0	5	5	4	2	11	3	2	2	4	5	11	4	11	3	11	5	11	12	19	8	14	6	9	7	7	9	9	28	24	2	6	14	4	11	6	5	5	5	16	4	3	17	26	24	10	5	11	9	
1682_A/mallard_duck/Shang 7	12	7	1	11	6	7	5	1	4	1	0	4	2	0	0	4	5	5	2	11	3	1	2	1	7	13	4	11	1	9	4	8	11	13	8	14	7	11	8	7	10	9	25	23	1	7	17	5	8	9	5	5	7	12	3	6	19	28	23	8	5	9	11	
1683_A/mallard/Ningxia/17 5	12	9	2	13	6	5	4	0	4	1	0	2	2	0	0	3	3	3	4	13	5	3	1	4	7	10	4	11	1	12	4	9	12	15	8	11	5	11	7	9	9	9	25	22	2	6	17	6	10	8	5	5	4	13	4	5	20	20	21	8	5	17	12	
1684_A/mallard/Ningxia/17 5	12	9	2	13	6	5	4	0	4	1	0	2	2	0	0	3	3	3	4	13	5	3	1	4	7	10	4	11	1	12	4	9	12	15	8	11	5	11	7	9	9	9	25	22	2	6	17	6	10	8	5	5	4	13	4	5	20	20	21	8	5	17	12	
1685_A/mallard/Ningxia/23 5	12	9	2	13	6	5	4	1	4	1	0	2	2	0	0	3	3	3	4	12	5	3	1	4	7	10	4	11	1	12	4	9	12	15	8	11	5	11	7	9	9	9	25	22	2	6	17	6	9	8	6	5	4	13	4	5	20	21	21	8	5	16	12	
1686_A/mallard/Ningxia/24 5	12	9	2	13	6	5	4	0	4	1	0	2	2	0	0	3	3	3	4	13	5	3	1	4	7	10	4	11	1	12	4	9	12	15	8	11	5	11	7	9	9	9	25	22	2	6	17	6	10	8	5	5	4	13	4	5	20	21	21	8	5	16	12	
1687_A/mallard/Ningxia/24 5	12	9	2	13	6	5	4	0	4	1	0	2	2	0	0	3	3	3	4	13	5	3	1	4	7	10	4	11	1	12	4	9	12	15	8	11	5	11	7	9	9	9	25	22	2	6	17	6	10	8	5	5	4	13	4	5	20	21	21	8	5	16	12	
1688_A/mallard/Ningxia/24 6	12	9	2	12	6	5	4	0	4	1	0	2	2	0	0	3	3	3	4	13	5	3	1	4	7	11	4	11	1	11	4	9	12	15	8	11	5	11	7	8	9	9	25	22	2	6	17	6	10	8	5	5	4	13	4	6	20	21	21	8	5	16	12	
1689_A/mute_swan/Inner_Mo 6	9	7	2	13	8	6	4	0	4	1	0	2	3	0	0	3	3	4	3	12	5	2	1	4	6	12	5	10	2	10	4	11	11	15	10	11	5	11	6	8	9	9	28	22	3	6	14	7	10	8	5	4	5	13	4	5	18	21	22	9	6	16	10	
1690_A/mute_swan/Shandong 6	8	7	2	13	8	6	4	0	5	1	0	2	3	0	0	3	3	4	3	12	5	2	1	4	6	12	5	10	2	10	4	11	11	15	10	11	5	11	6	8	9	9	28	23	3	6	14	7	10	8	5	4	5	13	4	5	18	21	22	8	6	16	10	
1691_A/Peregrine_Falcon/H 6	9	7	2	13	8	6	4	0	4	1	0	1	3	0	0	3	2	4	3	12	6	2	1	5	6	12	5	11	2	10	4	11	11	15	11	13	5	12	6	8	9	9	28	22	3	6	14	7	10	8	5	4	5	14	4	6	18	21	22	8	6	16	10	
1692_A/pheasant/Hebei/B02 6	10	7	2	13	7	6	4	0	4	1	0	2	3	0	0	3	3	5	3	12	5	1	1	4	6	12	5	10	2	10	4	12	11	15	10	10	5	11	6	8	9	9	28	22	3	6	14	7	9	8	5	4	6	13	4	5	18	21	22	9	6	16	10	
1693_A/swan/China/ST/2016 5	11	8	1	13	6	5	5	0	6	1	0	2	1	0	0	6	5	5	2	11	3	2	2	4	5	10	4	9	3	12	5	10	12	17	8	12	6	9	7	5	9	9	27	25	2	6	15	5	11	6	5	5	5	15	4	4	17	25	26	10	5	12	7	
1694_A/swan/Hebei/B01/202 6	9	7	2	13	8	6	4	0	4	1	0	2	3	0	0	3	3	4	3	12	5	2	1	4	6	12	5	10	2	10	4	11	11	17	8	11	5	11	6	8	9	9	28	22	3	6	14	7	10	8	5	4	5	13	4	5	18	21	23	9	6	16	9	
1695_A/swan/Shandong/W376 4	12	10	2	14	6	4	4	0	4	1	0	4	2	0	0	4	5	4	4	12	3	2	1	4	6	11	6	8	2	11	3	9	13	16	7	13	4	10	8	7	9	7	24	23	2	8	17	7	9	8	5	3	5	13	4	4	19	22	25	10	6	15	8	
1696_A/tundra_swan/Hubei/ 6	9	7	2	13	8	6	4	0	4	1	0	2	3	0	0	3	3	4	3	12	5	2	1	4	6	12	5	10	2	10	4	12	11	15	10	10	5	11	6	8	9	9	28	22	3	6	14	7	10	8	5	4	5	13	4	5	18	21	22	9	6	16	10	
1697_A/tundra_swan/Hubei/ 6	9	7	2	13	8	6	4	0	4	1	0	2	3	0	0	3	3	4	3	12	5	2	1	4	6	12	6	10	2	10	3	11	11	15	10	11	5	11	6	8	9	9	28	22	3	6	14	7	10	8	5	4	5	13	4	5	18	21	22	9	6	16	10	
1698_A/tundra_swan/Hubei/ 6	9	7	2	13	8	6	4	0	4	1	0	2	3	0	0	3	3	4	3	12	5	2	1	4	6	12	5	10	2	10	4	11	11	15	10	11	5	11	6	8	9	9	28	22	3	6	14	7	10	8	5	4	5	13	4	5	18	21	23	9	6	16	9	
1699_A/tundra_swan/Hubei/ 6	9	7	2	13	8	6	4	0	4	1	0	2	3	0	0	3	3	4	3	12	5	2	1	4	6	12	5	10	2	10	4	11	11	15	10	11	5	11	6	8	9	9	28	22	3	6	14	7	10	8	5	4	5	13	4	5	18	21	23	9	6	16	9	
1700_A/tundra_swan/Hubei/ 6	9	7	2	13	8	6	4	0	4	1	0	2	3	0	0	3	3	4	3	12	5	2	1	4	6	12	5	10	2	10	4	11	11	15	10	11	5	11	6	8	9	9	28	22	3	6	14	7	10	8	5	4	5	13	4	5	18	21	23	9	6	16	9	
1701_A/tundra_swan/Hubei/ 6	9	7	2	13	8	6	4	0	4	1	0	2	3	0	0	3	3	4	3	12	5	2	1	4	6	12	5	10	2	10	4	11	11	15	10	11	5	11	6	8	9	9	28	22	3	6	14	7	10	8	5	4	5	13	4	5	18	21	23	9	6	16	9	
1702_A/turkey/Chiayi/1702 6	13	9	1	12	6	5	5	0	5	1	0	1	1	0	0	7	5	4	2	9	3	2	2	5	5	12	5	11	3	10	4	10	13	15	11	13	6	11	6	7	8	9	26	24	2	6	16	4	9	9	4	6	5	13	4	3	20	24	22	10	4	13	12	
1703_A/whiskered_tern/Hub 6	9	7	2	13	8	6	4	0	4	1	0	2	3	0	0	3	3	4	3	12	5	2	1	4	6	12	5	10	2	10	4	11	11	15	10	11	5	11	6	8	9	9	28	22	3	6	14	7	10	8	5	4	5	13	4	5	18	21	23	9	6	16	9	
1704_A/whooper_swan/Henan 6	9	7	2	13	8	6	4	0	4	1	0	2	3	0	0	3	3	4	3	12	5	2	1	4	6	12	5	10	2	10	4	11	11	15	10	11	5	11	6	8	9	9	28	22	3	6	14	7	10	8	5	4	5	13	4	5	18	21	23	9	6	16	9	
1705_A/whooper_swan/Henan 6	9	7	2	13	8	6	4	1	4	1	0	2	3	0	0	3	3	4	3	12	5	2	1	4	6	12	5	10	2	10	4	11	11	15	10	11	5	11	6	8	9	9	28	22	3	6	14	7	10	8	5	4	5	13	4	4	18	21	23	9	6	16	9	
1706_A/whooper_swan/Henan 6	9	7	2	13	8	6	4	1	4	1	0	2	3	0	0	3	3	4	3	12	5	2	1	4	6	12	5	10	2	10	4	11	11	15	10	11	5	11	6	8	9	9	28	22	3	6	14	7	10	8	5	4	5	13	4	4	18	21	23	9	6	16	9	
1707_A/whooper_swan/Henan 6	9	7	2	13	8	6	4	0	4	1	0	2	3	0	0	3	3	4	2	12	5	2	2	4	6	12	5	10	2	10	4	11	11	15	10	11	5	11	6	8	9	9	28	22	3	6	14	7	10	8	5	4	5	13	4	5	18	21	23	9	6	16	9	
1708_A/whooper_swan/Henan 6	9	7	2	13	8	6	4	0	4	1	0	2	3	0	0	3	3	4	3	12	5	2	1	4	6	12	5	10	2	10	4	11	11	15	10	11	5	11	6	8	9	9	28	22	3	6	14	7	10	8	5	4	5	13	4	5	18	21	23	9	6	16	9	
1709_A/whooper_swan/Henan 6	9	7	2	13	8	6	4	0	4	1	0	2	3	0	0	3	3	4	2	12	5	2	2	4	6	12	5	10	2	10	4	11	11	15	10	11	5	11	6	8	9	9	28	22	3	6	14	7	10	8	5	4	5	13	4	5	18	21	22	9	6	16	10	
1710_A/whooper_swan/Henan 6	9	7	2	13	8	6	4	0	4	1	0	2	3	0	0	3	3	4	3	12	5	2	1	4	6	12	5	10	2	10	4	11	11	15	10	11	5	11	6	8	9	9	28	22	3	6	14	7	10	8	5	4	5	13	4	5	18	21	23	9	6	16	9	
1711_A/whooper_swan/Henan 6	9	7	2	13	8	6	4	0	4	1	0	2	3	0	0	3	3	4	3	12	5	2	1	4	6	12	5	10	2	10	4	11	12	15	10	11	5	11	6	8	9	9	28	22	3	6	14	7	9	9	5	4	5	12	4	5	18	21	23	9	6	16	9	
1712_A/whooper_swan/Henan 6	9	7	2	13	8	6	4	0	4	1	0	2	3	0	0	3	3	4	3	12	5	2	1	4	6	12	5	10	2	10	4	11	12	15	10	11	5	11	6	8	9	9	28	22	3	6	14	7	9	8	5	4	5	13	4	5	18	21	23	9	6	16	9	
1713_A/whooper_swan/Henan 6	9	7	2	13	8	6	4	0	4	1	0	2	3	0	0	3	3	4	3	12	5	2	1	4	6	12	5	10	2	10	4	11	11	15	10	11	5	11	6	8	9	9	28	22	3	6	14	7	10	8	5	4	5	13	4	5	18	21	22	9	6	16	10	
1714_A/whooper_swan/Henan 6	9	7	2	13	8	6	4	0	4	1	0	2	3	0	0	3	3	4	3	12	5	2	1	4	6	12	5	10	2	10	4	11	11	15	10	11	5	11	6	8	9	9	28	22	3	6	14	7	10	8	5	4	5	13	4	5	18	21	22	9	6	16	10	
1715_A/whooper_swan/Inner 6	9	7	2	13	8	6	4	0	4	1	0	2	3	0	0	3	3	4	3	12	5	2	1	4	6	12	5	10	2	10	4	11	11	15	10	11	5	11	6	8	9	9	28	22	3	6	14	7	10	8	5	4	5	13	4	5	18	21	22	9	6	16	10	
1716_A/Whooper_Swan/Sanme 5	11	8	1	13	6	5	5	0	6	1	0	2	1	0	0	6	5	5	2	11	3	2	2	4	5	10	4	10	3	12	5	10	12	17	9	14	6	10	7	6	9	9	27	25	2	6	15	5	11	6	5	5	5	16	4	3	17	25	26	10	5	12	7	
1717_A/Whooper_swan/Sanme 6	9	7	2	13	8	6	4	0	4	1	0	3	3	0	0	3	3	5	3	12	5	1	1	4	6	12	5	11	2	10	4	12	11	15	11	12	5	12	6	8	9	9	28	21	3	6	14	7	10	8	5	4	5	14	4	5	18	21	22	9	6	16	10	
1718_A/Whooper_swan/Sanme 6	9	8	2	13	8	5	4	0	4	1	0	2	3	0	0	3	3	4	3	13	5	2	1	4	6	12	5	10	2	10	4	12	11	16	12	11	5	11	5	8	9	9	28	23	3	6	14	7	10	8	5	4	5	14	4	5	18	21	22	9	6	16	10	
1719_A/Whooper_swan/Sanme 6	9	7	2	13	8	6	4	0	4	1	0	2	3	0	0	3	3	4	3	12	5	2	1	4	6	12	5	11	2	10	4	11	11	15	11	13	5	12	6	8	9	9	28	22	3	6	14	7	10	8	5	4	5	14	4	5	18	21	22	9	6	16	10	
1720_A/Whooper_swan/Sanme 6	9	8	2	13	8	5	4	0	4	1	0	2	3	0	0	3	3	4	3	13	5	2	1	4	6	12	5	10	2	10	4	12	11	16	12	11	5	11	5	8	9	9	28	23	3	6	14	7	10	8	5	4	5	14	4	5	18	21	22	9	6	16	10	
1721_A/Whooper_swan/Sanme 6	9	7	2	13	8	6	4	0	4	1	0	2	3	0	0	3	3	4	3	12	5	2	1	4	6	12	5	11	2	10	4	11	11	15	11	13	5	12	6	8	9	9	28	22	3	6	14	7	10	8	5	4	5	14	4	5	18	21	23	9	6	16	9	
1722_A/Whooper_swan/Sanme 6	9	7	2	13	8	6	4	0	4	1	0	3	3	0	0	3	3	5	3	12	5	1	1	4	6	12	5	11	2	10	4	12	11	15	11	12	5	12	6	8	9	9	28	21	3	6	14	7	10	8	5	4	5	14	4	5	18	21	22	9	6	16	10	
1723_A/Whooper_swan/Sanme 6	9	7	2	13	8	6	4	0	4	1	0	2	3	0	0	3	3	4	3	12	5	2	1	4	6	12	5	11	2	10	4	12	11	15	11	12	5	12	6	8	9	9	28	22	3	6	14	7	10	8	5	4	5	14	4	5	18	21	23	9	6	16	9	
1724_A/Whooper_swan/Sanme 6	9	7	2	13	8	6	4	0	4	1	0	2	3	0	0	3	3	4	3	12	5	2	1	4	6	12	5	11	2	10	4	11	11	15	11	13	5	12	6	8	9	9	28	22	3	6	14	7	10	8	5	4	5	14	4	5	18	21	22	9	6	16	10	
1725_A/Whooper_swan/Sanme 6	9	7	2	13	8	6	4	0	4	1	0	2	3	0	0	3	3	4	3	12	5	2	1	4	6	12	5	11	2	10	4	11	11	15	11	13	5	12	6	8	9	9	28	22	3	6	14	7	10	8	5	4	5	14	4	5	18	21	23	9	6	16	9	
1726_A/Whooper_swan/Sanme 7	9	7	2	12	8	6	4	0	4	1	0	2	3	0	0	3	3	4	3	12	5	2	1	4	6	12	5	11	2	10	4	12	11	15	11	12	5	12	6	8	9	9	28	22	4	6	14	7	10	8	5	4	5	14	4	5	18	21	22	9	5	16	10	
1727_A/Whooper_swan/Sanme 6	9	7	2	13	8	6	4	0	4	1	0	2	3	0	0	3	3	4	3	12	5	2	1	4	6	12	5	11	2	10	4	11	11	15	11	13	5	12	6	8	9	9	28	22	3	6	14	7	10	8	5	4	5	14	4	5	18	21	22	9	6	16	10	
1728_A/Whooper_swan/Sanme 6	9	7	2	13	8	6	4	0	4	1	0	3	3	0	0	3	3	5	3	12	5	1	1	4	6	12	5	11	2	10	4	12	11	15	11	12	5	12	6	8	9	9	28	21	3	6	14	7	10	8	5	4	5	14	4	5	18	21	22	9	6	16	10	
1729_A/Whooper_swan/Sanme 6	9	7	2	13	8	6	4	0	4	1	0	2	3	0	0	3	3	4	3	12	5	2	1	4	6	12	5	11	2	10	4	11	11	15	11	13	5	12	6	8	9	9	28	22	3	6	14	7	10	8	5	4	5	14	4	5	18	21	23	9	6	16	9	
1730_A/Whooper_swan/Sanme 6	9	6	2	13	8	7	4	0	4	1	0	2	3	0	0	3	3	4	3	12	5	2	1	4	6	12	5	11	2	10	4	11	11	15	11	13	5	12	6	8	9	9	27	22	3	6	15	7	10	8	5	4	5	14	4	5	18	21	22	9	6	16	10	
1731_A/Whooper_swan/Sanme 6	9	7	2	13	8	6	4	0	4	1	0	2	3	0	0	3	3	4	3	12	5	2	1	4	6	12	5	11	2	10	4	11	11	15	11	13	5	12	6	8	9	9	28	22	3	6	14	7	10	8	5	4	5	14	4	5	18	21	22	9	6	16	10	
1732_A/Whooper_swan/Sanme 6	9	7	2	13	8	6	4	1	4	1	0	2	3	0	0	3	3	4	3	12	5	2	1	4	6	12	5	11	2	10	4	11	11	15	11	13	5	12	6	8	9	9	28	22	3	6	14	7	10	8	5	4	5	14	4	4	18	21	23	9	6	16	9	
1733_A/Whooper_swan/Sanme 6	9	7	2	13	8	6	4	0	4	1	0	2	3	0	0	3	3	4	3	12	5	2	1	4	6	12	5	11	2	10	4	11	11	15	11	13	5	12	6	8	9	9	28	22	3	6	14	7	10	8	5	4	5	14	4	5	18	21	23	9	6	16	9	
1734_A/Whooper_swan/Sanme 6	9	7	2	13	8	6	4	0	4	1	0	2	3	0	0	3	3	4	3	12	5	2	1	4	6	12	5	11	2	10	4	11	11	15	11	13	5	12	6	8	9	9	28	22	3	6	14	7	10	8	5	4	5	14	4	5	18	21	23	9	6	16	9	
1735_A/Whooper_swan/Sanme 6	9	7	3	13	8	6	3	0	4	1	0	2	3	0	0	3	3	4	3	12	5	2	1	4	6	12	5	11	2	10	4	11	11	15	11	13	5	12	6	8	9	9	28	22	3	6	14	7	10	8	5	4	5	14	4	5	18	21	22	9	6	16	10	
1736_A/Whooper_swan/Sanme 6	9	7	2	13	8	6	4	1	4	1	0	2	3	0	0	3	3	4	3	12	5	2	1	4	6	12	5	11	2	10	4	11	11	15	11	13	5	12	6	8	9	9	28	22	3	6	14	7	10	8	5	4	5	14	4	4	18	21	23	9	6	16	9	
1737_A/Whooper_swan/Sanme 6	9	7	2	13	8	6	4	0	4	1	0	2	3	0	0	3	3	4	3	12	5	2	1	4	6	12	5	11	2	10	4	11	11	15	11	13	5	12	6	8	9	9	28	22	3	6	14	7	10	8	5	4	5	14	4	5	18	21	22	9	6	16	10	
1738_A/Whooper_swan/Sanme 6	9	7	2	13	8	6	4	0	4	1	0	2	3	0	0	3	3	4	3	12	5	2	1	4	6	12	5	11	2	10	4	12	11	15	11	12	5	12	6	8	9	9	28	22	3	6	14	6	10	8	5	5	5	14	4	5	18	20	22	9	6	17	10	
1739_A/Whooper_swan/Sanme 6	9	7	2	13	8	6	4	0	4	1	0	2	3	0	0	3	3	4	3	12	5	2	1	4	6	12	5	11	2	10	4	11	11	15	11	13	5	12	6	8	9	9	28	22	3	6	14	7	10	8	5	4	5	14	4	5	18	21	23	9	6	16	9	
1740_A/whooper_swan/Shaan 6	9	7	2	13	8	6	4	0	4	1	0	2	3	0	0	3	3	4	3	12	5	2	1	4	6	12	5	10	2	10	4	11	11	15	10	11	5	11	6	8	9	9	28	22	3	6	14	7	10	8	5	4	5	13	4	5	18	21	22	9	6	16	10	
1741_A/whooper_swan/Shaan 6	9	7	2	13	8	6	4	0	4	1	0	2	3	0	0	3	3	4	3	12	5	2	1	4	6	12	5	10	2	10	4	11	11	15	10	11	5	11	6	8	9	9	28	22	3	6	14	7	10	8	5	4	5	13	4	5	18	21	23	9	6	16	9	
1742_A/whooper_swan/Shaan 6	9	7	2	13	8	6	4	0	4	1	0	2	3	0	0	3	3	4	3	12	5	2	1	4	6	12	5	10	2	10	4	11	11	15	10	11	5	11	6	8	9	9	28	22	3	6	14	7	10	8	5	4	5	13	4	5	18	21	23	9	6	16	9	
1743_A/whooper_swan/Shand 6	9	7	2	13	8	6	4	0	4	1	0	2	3	0	0	3	3	5	3	11	5	1	1	5	6	12	5	10	2	10	4	12	11	15	10	10	5	11	6	8	10	9	28	22	2	6	14	7	11	8	5	4	5	13	4	5	18	21	22	9	5	16	10	
1744_A/whooper_swan/Shand 6	9	7	2	13	8	6	4	0	4	1	0	2	3	0	0	3	3	5	3	11	5	1	1	5	6	12	5	10	2	10	4	12	11	15	10	10	5	11	6	8	10	9	28	22	2	6	14	7	11	8	5	4	5	13	4	5	18	21	22	9	5	16	10	
1745_A/whooper_swan/Shand 6	9	7	2	13	8	6	4	0	4	1	0	2	3	0	0	3	3	5	3	11	5	1	1	5	6	12	5	10	2	10	4	12	11	15	10	10	5	11	6	8	10	9	28	22	2	6	14	7	11	8	5	4	5	13	4	5	18	21	22	9	5	16	10	
1746_A/whooper_swan/Shand 5	12	10	2	13	6	4	4	0	4	1	0	4	2	0	0	4	5	4	4	12	3	2	1	4	6	10	6	8	2	12	3	9	13	16	7	12	4	10	8	7	9	7	24	23	2	8	17	7	8	9	5	4	5	13	4	4	21	22	25	10	5	14	8	
1747_A/whooper_swan/Shand 6	9	7	2	13	8	6	4	0	4	1	0	2	3	0	0	3	3	5	3	11	5	1	1	5	6	12	5	10	2	10	4	12	11	15	10	10	5	11	6	8	9	9	28	22	3	6	14	7	10	8	5	4	5	13	4	5	18	21	21	9	6	16	11	
1748_A/whooper_swan/Shand 6	9	7	2	13	8	6	4	0	4	1	0	2	3	0	0	3	3	5	3	11	5	1	1	5	6	12	5	10	2	10	4	12	11	15	10	10	5	11	6	8	9	9	28	22	3	6	14	7	10	8	5	4	5	13	4	5	18	21	22	9	6	16	10	
1749_A/whooper_swan/Shand 6	9	7	2	13	8	6	4	0	4	1	0	2	3	0	0	3	3	5	3	11	5	1	1	5	6	12	5	10	2	10	4	12	11	15	10	10	5	11	6	8	9	9	28	22	3	6	14	7	10	8	5	4	5	13	4	5	18	21	22	9	6	16	10	
1750_A/whooper_swan/Shanx 6	9	7	2	13	8	6	4	0	4	1	0	2	3	0	0	3	3	4	3	12	5	2	1	4	6	12	5	10	2	10	4	11	11	15	10	11	5	11	6	8	9	9	28	22	3	6	14	7	10	8	5	4	5	13	4	5	18	21	23	9	6	16	9	
1751_A/whooper_swan/Shanx 6	9	7	2	13	8	6	4	0	4	1	0	2	3	0	0	3	3	4	3	12	5	2	1	4	6	12	5	10	2	10	4	11	11	15	10	11	5	11	6	8	9	9	28	22	3	6	14	7	10	8	5	4	5	13	4	5	18	21	23	9	6	16	9	
1752_A/whooper_swan/Shanx 5	11	8	1	13	6	5	5	0	6	1	0	2	1	0	0	6	5	5	2	11	3	2	2	4	5	10	4	10	3	12	5	10	12	17	9	14	6	10	7	6	9	9	27	25	2	6	15	5	11	6	4	5	5	16	4	3	17	25	27	10	5	12	7	
1753_A/whooper_swan/Shanx 6	9	7	2	13	8	6	4	0	4	1	0	2	3	0	0	3	3	4	3	12	5	2	1	4	6	12	5	10	2	10	4	11	11	15	10	11	5	11	6	8	9	9	28	22	3	6	14	7	10	8	5	4	5	13	4	5	18	21	23	9	6	16	9	
1754_A/whooper_swan/Shanx 6	9	7	2	13	8	6	4	0	4	1	0	2	3	0	0	3	3	4	3	12	5	2	1	4	6	12	5	10	2	10	4	11	11	14	10	11	5	11	6	8	9	10	28	22	3	6	14	7	10	8	5	4	5	13	4	5	18	21	23	9	6	16	9	
1755_A/whooper_swan/Shanx 6	9	8	2	13	8	5	4	0	4	1	0	2	3	0	0	3	3	4	3	12	5	2	1	4	6	12	5	10	2	10	4	11	11	15	10	11	5	11	6	8	9	9	28	22	3	6	14	7	10	8	5	4	5	13	4	5	18	21	22	9	6	16	10	
1756_A/whooper_swan/Shanx 6	9	7	2	13	8	6	4	0	4	1	0	2	3	0	0	3	3	4	3	12	5	2	1	4	6	12	5	10	2	10	4	11	11	15	10	11	5	11	6	8	9	9	28	22	3	6	14	7	10	8	5	4	5	13	4	5	18	21	23	9	6	16	9	
1757_A/whooper_swan/Shanx 6	9	7	2	13	8	6	4	0	4	1	0	2	3	0	0	3	3	4	2	12	5	2	2	4	6	12	5	10	2	10	4	11	11	15	10	11	5	11	6	8	9	9	28	22	3	6	14	7	10	8	5	4	5	13	4	5	18	21	22	9	6	16	10	
1758_A/whooper_swan/Shanx 6	9	7	2	13	8	6	4	0	4	1	0	2	3	0	0	3	3	4	2	12	5	2	2	4	6	12	5	10	2	10	4	11	11	15	10	11	5	11	6	8	9	9	28	22	3	6	14	7	10	8	5	4	5	13	4	5	18	21	22	9	6	16	10	
1759_A/whooper_swan/Shanx 6	9	7	2	13	8	6	4	0	4	1	0	2	3	0	0	3	3	4	2	12	5	2	2	4	6	12	5	10	2	10	4	11	11	15	10	11	5	11	6	8	9	9	28	22	3	6	14	7	10	7	5	4	5	14	4	5	18	21	22	9	6	16	10	
1760_A/whooper_swan/Shanx 6	9	7	2	13	8	6	4	0	4	1	0	2	3	0	0	3	3	4	2	12	5	2	2	4	6	12	5	10	2	10	4	10	11	15	10	12	5	11	6	8	9	9	28	22	3	6	14	7	10	8	5	4	5	13	4	5	18	21	22	9	6	16	10	
1761_A/whooper_swan/Shanx 6	9	7	2	13	8	6	4	0	4	1	0	2	3	0	0	3	3	4	3	12	5	2	1	4	6	12	5	10	2	10	4	11	11	15	10	11	5	11	6	8	9	9	28	22	3	6	14	7	10	8	5	4	5	13	4	5	18	21	22	9	6	16	10	
1762_A/whooper_swan/Shanx 6	9	7	2	13	8	6	4	0	4	1	0	2	3	0	0	3	3	4	2	12	5	2	2	4	6	12	5	10	2	10	4	12	11	15	10	10	5	11	6	8	9	9	27	22	3	6	15	7	10	8	5	4	5	13	4	5	18	21	22	9	6	16	10	
1763_A/whooper_swan/Shanx 6	9	7	2	13	8	6	4	0	4	1	0	2	3	0	0	3	3	4	2	12	5	2	2	4	6	12	5	10	2	10	4	11	11	15	10	11	5	11	6	8	9	9	28	22	3	6	14	7	10	8	5	4	5	13	4	5	18	21	21	9	6	16	11	
1764_A/whooper_swan/Shanx 6	9	7	2	13	8	6	4	0	4	1	0	2	3	0	0	3	3	4	3	12	5	2	1	4	6	12	5	10	2	10	4	11	11	15	10	11	5	11	6	8	9	9	28	22	3	6	14	7	10	8	5	4	5	13	4	5	18	20	22	9	6	17	10	
1765_A/wild_bird/Hubei/12 5	11	9	1	13	7	5	5	0	4	1	0	1	2	0	0	5	5	3	2	11	3	3	2	6	5	11	4	9	3	11	5	10	11	16	9	12	7	10	6	7	8	9	33	24	3	6	9	5	10	9	4	5	5	12	4	3	19	24	25	10	4	13	9	
1766_A/wild_duck/Jiangsu/ 6	9	7	2	13	8	6	4	0	4	1	0	2	3	0	0	3	3	5	3	12	5	1	1	4	6	12	5	10	2	10	4	12	11	15	10	10	5	11	6	8	9	9	28	22	3	6	14	7	10	8	5	4	5	13	4	5	18	21	22	9	6	16	10	
1767_A/wild_duck/Shandong 7	8	7	2	13	8	6	4	0	4	1	0	2	3	0	0	3	3	5	3	11	5	1	1	5	6	12	5	10	2	10	4	12	11	15	10	10	5	11	6	8	10	9	28	22	2	7	13	7	11	8	4	4	5	13	5	5	18	21	22	9	5	16	10	
1768_A/wild_goose/Shandon 6	9	7	2	13	8	6	4	0	4	1	0	2	3	0	0	3	3	5	3	11	5	1	1	5	6	12	5	10	2	10	4	12	11	15	10	10	5	11	6	8	9	9	28	22	3	6	14	7	10	8	5	4	5	13	4	5	18	21	22	9	6	16	10	
1769_A/Anser_cygnoides/Hu 5	11	9	1	13	7	5	5	0	4	1	0	1	2	0	0	5	5	3	2	11	3	3	2	6	5	11	4	9	3	11	5	10	11	16	9	12	7	10	6	7	8	9	33	24	3	6	9	5	10	9	4	5	5	12	4	3	19	24	25	10	3	13	10	
1770_A/Chlidonias_hybrida 6	9	7	2	13	8	6	4	0	4	1	0	2	3	0	0	3	3	4	3	12	5	2	1	4	6	12	5	11	2	10	4	11	11	15	11	13	5	12	6	8	9	9	28	22	3	6	14	7	10	8	5	4	5	14	4	5	18	21	23	9	6	16	9	
1771_A/Cygnus_atratus/Hub 5	11	8	1	13	6	5	5	0	6	1	0	2	1	0	0	6	5	5	2	11	3	2	2	4	5	10	4	9	3	12	5	10	12	17	8	12	6	9	7	6	9	9	27	25	2	6	15	5	11	6	5	5	5	15	4	3	17	25	25	10	5	12	8	
1772_A/Cygnus_atratus/Hub 5	11	8	1	13	6	5	5	0	6	1	0	2	1	0	0	6	5	5	2	11	3	2	2	4	5	10	4	9	3	12	5	10	12	17	8	12	6	9	7	6	9	9	27	25	2	6	15	6	11	6	5	4	5	15	4	3	17	25	25	10	5	12	8	
1773_A/Cygnus_columbianus 6	9	7	2	13	8	6	4	0	4	1	0	2	3	0	0	3	3	4	3	12	5	2	1	4	6	12	5	11	2	10	4	11	11	15	11	13	5	12	6	8	9	9	28	22	3	6	14	7	10	8	5	4	5	14	4	5	18	21	23	9	6	16	9	
1774_A/Cygnus_columbianus 6	9	7	2	13	8	6	4	0	4	1	0	2	3	0	0	3	4	4	3	12	5	2	1	4	6	12	5	11	1	10	4	11	11	15	11	13	5	12	6	8	9	9	28	22	3	6	14	7	10	8	5	4	5	14	4	5	18	21	23	9	6	16	9	
1775_A/Cygnus_columbianus 6	10	7	2	13	7	6	4	0	4	1	0	2	3	0	0	3	3	4	3	12	5	2	1	4	6	12	5	11	2	10	4	12	11	15	11	12	5	12	6	8	9	9	28	22	3	6	14	7	10	8	5	4	5	14	4	5	18	21	22	9	6	16	10	
1776_A/Cygnus_columbianus 6	9	7	2	13	8	6	4	0	4	1	0	2	3	0	0	3	3	4	3	12	5	2	1	4	6	12	6	11	2	10	3	11	11	15	11	13	5	12	6	8	9	9	28	22	3	6	14	7	10	8	5	4	5	14	4	5	18	21	22	9	6	16	10	
1777_A/Cygnus_columbianus 6	9	7	2	13	8	6	4	0	4	1	0	2	3	0	0	3	3	4	3	12	5	2	1	4	6	12	5	11	2	10	4	11	11	15	11	13	5	12	6	8	9	9	28	22	3	6	14	7	10	8	5	4	5	14	4	5	18	21	23	9	6	16	9	
1778_A/Cygnus_columbianus 6	9	7	2	13	8	6	4	0	4	1	0	2	3	0	0	3	3	4	3	12	5	2	1	4	6	12	5	11	2	10	4	11	11	15	11	13	5	12	6	8	9	9	28	22	3	6	14	7	10	8	5	4	5	14	4	5	18	21	23	9	6	16	9	
1779_A/Cygnus_columbianus 6	9	7	2	13	8	6	4	0	4	1	0	2	3	0	0	3	3	4	3	12	5	2	1	4	6	12	5	11	2	10	4	11	11	15	11	13	5	12	6	8	9	9	28	22	3	6	14	7	10	8	5	3	6	14	4	5	18	21	23	9	6	16	9	
1780_A/Whooper_Swan/Sanme 5	11	8	1	13	6	5	5	0	6	1	0	2	1	0	0	6	5	5	2	11	3	2	2	4	5	10	4	10	3	12	5	10	12	17	9	14	6	10	7	6	9	9	27	25	2	6	15	5	11	6	5	5	5	16	4	3	17	25	26	10	5	12	7	
1781_A/Wild_bird/Huadong/ 6	9	7	2	13	8	6	4	0	4	1	0	2	3	0	0	3	3	5	3	12	5	1	1	4	6	12	5	10	2	10	4	12	11	15	10	10	5	11	6	8	9	9	28	22	3	6	14	7	10	8	5	4	5	13	4	5	18	21	22	9	6	16	10	
1782_A/chicken/Changhua/1 9	12	8	2	9	5	6	4	0	6	1	0	3	2	0	0	4	4	4	2	11	4	2	2	1	7	13	3	14	0	9	3	9	10	13	8	15	8	13	9	7	9	10	29	24	1	7	14	5	9	9	5	5	6	13	3	6	18	27	25	7	6	10	9	
1783_A/chicken/Changhua/1 9	12	8	2	9	5	6	4	0	6	1	0	3	1	0	0	4	4	4	2	11	4	2	2	1	7	13	3	14	1	9	3	10	10	14	7	15	8	13	9	7	10	9	30	24	1	7	14	4	9	9	5	5	6	13	3	6	17	27	25	7	6	10	9	
1784_A/chicken/Changhua/1 9	12	8	2	9	5	6	4	0	6	1	0	3	1	0	0	4	4	4	2	11	4	2	2	1	7	13	3	14	1	9	3	10	10	13	8	15	8	13	9	7	9	10	29	24	1	7	14	4	9	9	5	5	6	13	3	6	18	27	25	7	6	10	9	
1785_A/chicken/Changhua/1 9	12	8	2	9	5	6	4	0	6	1	0	3	1	0	0	4	4	4	2	11	4	2	2	1	7	13	3	14	1	9	3	10	10	13	8	15	8	13	9	7	9	10	29	24	1	7	14	4	9	9	5	5	6	13	3	6	18	27	25	7	6	10	9	
1786_A/chicken/Changhua/1 5	12	9	1	13	5	5	5	1	5	1	0	1	1	0	0	5	5	4	2	11	3	2	2	4	5	11	4	12	3	11	5	8	12	17	10	16	6	10	6	7	9	9	27	23	2	6	15	5	10	8	5	5	5	14	4	3	19	24	20	11	4	13	13	
1787_A/chicken/Changhua/1 5	12	9	1	13	4	5	5	1	5	1	0	1	1	0	0	5	5	4	2	11	4	2	2	4	5	11	5	12	3	11	4	8	12	17	10	16	6	10	6	7	8	9	27	24	2	6	15	5	10	8	5	5	5	14	4	3	20	24	20	10	4	13	13	
1788_A/chicken/Chiayi/150 5	12	9	1	13	5	5	5	0	6	1	0	1	1	0	0	5	5	4	2	11	3	2	2	4	5	11	4	12	3	11	5	8	12	17	10	16	6	10	6	7	8	9	27	24	2	6	15	5	10	7	5	5	5	15	4	3	20	24	20	10	4	13	13	
1789_A/chicken/Kaohsiung/ 6	12	9	1	12	6	5	5	0	5	1	0	1	1	0	0	7	5	4	2	9	3	2	2	5	5	11	5	11	3	11	4	10	13	15	11	14	5	11	6	7	8	9	27	23	2	6	15	4	10	9	4	6	5	13	4	3	20	24	22	11	4	13	12	
1790_A/chicken/Kaohsiung/ 6	12	9	1	12	6	5	5	0	5	1	0	1	1	0	0	7	5	4	2	9	3	2	2	5	5	12	5	11	3	10	4	10	13	15	12	14	5	11	5	7	8	9	27	24	2	6	15	4	10	9	4	6	5	12	4	3	20	25	22	10	4	13	12	
1791_A/chicken/Kaohsiung/ 7	12	9	1	11	6	5	5	0	5	1	0	1	1	0	0	7	5	4	2	9	3	2	2	5	5	12	5	11	3	10	4	10	13	15	11	14	5	11	6	7	8	9	27	24	2	6	15	4	10	9	4	6	5	13	4	3	20	24	22	10	4	13	12	
1792_A/chicken/Kaohsiung/ 6	12	9	1	12	6	5	5	0	5	1	0	1	1	0	0	7	5	4	2	9	3	2	2	5	5	13	5	10	4	9	4	10	13	15	11	14	5	11	6	7	8	9	27	24	2	6	15	4	10	9	4	6	5	13	4	3	20	24	22	10	4	13	12	
1793_A/chicken/Kaohsiung/ 6	12	8	1	12	6	5	5	0	5	1	0	1	1	0	0	7	5	5	2	9	3	2	2	5	5	12	5	11	3	10	4	10	13	14	11	14	5	12	6	7	8	9	27	22	2	6	15	4	10	9	4	6	5	13	4	4	20	24	21	11	4	13	13	
1794_A/chicken/Kaohsiung/ 7	12	9	1	11	6	5	5	0	5	1	0	1	1	0	0	7	5	4	2	9	3	2	2	5	5	12	5	11	3	10	4	10	13	15	11	14	5	11	6	7	8	9	27	24	2	6	15	4	10	9	4	6	5	13	4	3	20	24	22	10	4	13	12	
1795_A/chicken/Kaohsiung/ 6	11	9	1	13	7	5	5	0	5	1	0	1	1	0	0	7	5	4	2	9	2	2	2	5	6	12	5	11	3	10	4	9	13	15	11	14	5	11	6	7	8	9	27	24	2	6	15	4	10	9	4	6	5	13	4	3	20	24	22	10	4	13	12	
1796_A/chicken/Miaoli/150 9	12	8	2	9	5	6	4	0	6	1	0	3	1	0	0	4	4	4	2	11	4	2	2	1	7	13	3	14	1	9	3	10	10	13	8	15	8	13	9	7	9	10	29	24	1	7	14	4	9	9	5	5	6	13	3	6	18	27	25	7	6	10	9	
1797_A/chicken/Nantou/161 5	12	9	1	13	6	5	5	0	5	1	0	1	1	0	0	7	6	4	2	9	2	2	2	5	5	12	5	11	3	10	4	9	14	15	11	14	5	11	6	8	8	9	27	23	2	6	15	4	10	9	4	6	5	13	4	3	20	24	22	10	4	13	12	
1798_A/chicken/New_Taipei 6	12	9	1	12	6	5	5	0	5	1	0	1	1	0	0	7	5	4	2	9	3	2	2	5	5	12	5	11	3	10	4	10	13	15	11	14	5	11	6	7	8	9	27	24	2	6	15	4	10	9	4	6	5	13	4	3	20	24	22	10	4	13	12	
1799_A/chicken/New_Taipei 6	12	9	1	12	6	5	5	0	5	1	0	1	1	0	0	7	5	4	2	9	3	2	2	5	5	12	5	11	3	10	4	10	13	15	11	14	5	11	6	8	8	9	27	22	2	6	15	4	10	9	4	6	5	13	4	3	20	24	22	11	4	13	12	
1800_A/chicken/New_Taipei 5	12	8	1	13	6	5	5	0	5	1	0	1	1	0	0	7	5	5	2	8	3	2	2	6	5	12	6	11	3	10	3	10	12	15	11	14	5	11	6	7	7	9	28	24	3	6	14	4	9	9	4	6	5	12	5	3	22	25	21	10	4	12	13	
1801_A/chicken/New_Taipei 4	12	9	1	14	6	5	5	0	5	1	0	1	1	0	0	7	5	4	2	8	3	2	2	6	5	12	5	11	3	10	4	10	12	15	12	14	5	10	6	7	7	9	28	23	3	6	14	4	9	9	4	6	5	13	4	3	22	25	22	11	4	12	12	
1802_A/chicken/New_Taipei 4	12	9	1	14	6	5	5	0	5	1	0	1	1	0	0	7	5	4	2	8	3	2	2	6	5	12	5	11	3	10	4	10	12	15	13	14	5	10	5	7	7	9	28	24	3	6	14	4	9	9	4	6	5	13	4	3	22	25	22	10	4	12	12	
1803_A/chicken/New_Taipei 4	12	9	1	14	6	5	5	0	5	1	0	1	1	0	0	7	5	4	2	8	3	2	2	6	5	12	5	11	3	10	4	10	12	15	12	14	5	10	6	7	7	9	28	23	3	6	14	4	9	9	4	6	5	13	4	3	22	25	23	11	4	12	11	
1804_A/chicken/Taichung/1 5	12	9	1	13	5	5	5	1	5	1	0	1	1	0	0	5	5	4	2	10	3	2	2	5	5	11	4	12	3	11	5	7	12	18	10	17	6	10	5	6	8	9	27	24	2	6	15	5	10	8	5	5	5	14	5	3	20	24	19	11	4	13	13	
1805_A/chicken/Tainan/150 6	12	9	1	12	6	5	5	0	5	1	0	1	1	0	0	7	5	4	2	9	3	2	2	5	5	11	5	11	3	11	4	10	13	15	11	14	5	11	6	7	8	9	27	24	2	6	15	5	10	9	4	5	5	12	4	3	20	24	21	10	4	14	13	
1806_A/chicken/Tainan/170 6	12	9	1	12	7	5	5	0	4	1	0	1	1	0	0	7	5	4	2	9	3	2	2	5	5	11	4	11	3	11	5	10	12	16	10	13	5	11	6	7	8	9	28	24	2	6	14	4	9	9	4	7	6	12	4	3	21	25	22	10	4	13	12	
1807_A/chicken/Taipei_Cit 4	12	9	1	14	6	5	5	0	5	1	0	1	1	0	0	7	5	4	2	8	3	2	2	6	5	12	5	11	3	10	4	9	12	16	11	14	5	10	6	7	7	9	28	25	3	6	14	4	9	9	5	6	5	13	3	3	22	25	22	10	4	12	12	
1808_A/chicken/Taipei/160 6	12	9	1	12	6	5	5	0	5	1	0	1	1	0	0	7	5	4	2	9	3	2	2	5	5	12	5	11	3	10	4	10	13	15	11	14	5	11	6	6	8	9	27	25	2	6	15	4	10	9	4	6	5	13	4	3	20	24	22	10	4	13	12	
1809_A/chicken/Taipei/160 6	12	9	1	12	6	5	5	0	5	1	0	1	1	0	0	7	5	4	2	9	3	2	2	5	5	12	5	11	3	10	4	10	13	15	11	14	5	11	6	6	8	9	27	25	2	6	15	4	10	9	4	6	5	13	4	3	20	24	22	10	4	13	12	
1810_A/chicken/Taipei/161 6	12	9	1	12	6	5	5	0	5	1	0	1	2	0	0	7	5	4	2	9	3	2	2	5	5	12	5	11	2	10	4	10	13	15	11	14	5	11	6	7	8	10	26	24	2	6	15	4	10	10	4	6	5	13	4	4	20	23	21	9	4	13	13	
1811_A/chicken/Taipei/170 5	12	9	1	13	6	5	5	0	5	1	0	1	1	0	0	7	5	4	2	8	3	2	2	6	5	12	5	11	3	10	4	10	12	15	11	14	5	11	6	7	7	9	28	23	3	6	14	4	9	9	4	6	5	13	4	3	22	25	22	11	4	12	12	
1812_A/chicken/Taipei/170 5	12	9	1	13	6	5	5	0	5	1	0	1	1	0	0	7	5	4	2	8	3	2	2	6	5	12	6	11	3	10	3	10	12	15	11	14	5	11	6	7	7	9	28	24	3	6	14	4	9	9	4	6	5	13	4	3	22	25	21	10	4	12	13	
1813_A/chicken/Taipei/170 5	12	9	1	13	6	5	5	0	5	1	0	1	1	0	0	7	5	4	2	8	3	2	2	6	5	12	5	11	3	10	4	10	12	15	11	14	5	11	6	7	7	9	28	24	3	6	14	4	9	9	4	6	5	14	4	3	22	24	22	10	4	12	12	
1814_A/chicken/Yunlin/150 9	12	8	2	9	5	6	4	0	6	1	0	3	1	0	0	4	4	4	2	11	4	2	2	1	7	13	3	14	1	9	3	10	10	13	8	15	8	13	9	7	9	10	29	24	1	7	14	4	9	9	5	5	6	13	3	6	18	27	25	7	6	10	9	
1815_A/chicken/Yunlin/160 5	12	9	1	13	5	5	5	1	5	1	0	1	1	0	0	5	5	4	2	11	3	2	2	4	5	12	4	12	3	10	5	9	12	17	10	15	6	10	6	7	8	9	27	24	2	6	15	5	10	8	5	5	5	14	4	3	20	24	21	10	4	13	12	
1816_A/chicken/Yunlin/170 5	12	9	1	13	5	5	5	1	5	1	0	1	1	0	0	5	5	4	2	11	3	2	2	4	5	11	4	12	3	11	5	8	12	17	11	16	6	10	5	6	8	9	27	25	2	6	15	5	10	8	5	5	5	14	4	3	20	24	22	10	4	13	11	
1817_A/duck/Chiayi/150800 5	12	9	1	13	5	5	5	1	5	1	0	1	1	0	0	5	5	4	2	11	3	2	2	4	5	11	4	12	3	11	5	9	12	17	10	16	6	10	6	6	8	9	27	24	2	6	15	5	10	8	5	5	5	14	4	3	20	24	20	10	4	13	13	
1818_A/duck/Eastern_China 8	12	7	1	10	6	7	5	1	4	1	0	4	2	0	0	4	5	5	2	11	3	1	2	1	7	13	4	11	1	9	4	8	11	15	7	14	8	10	8	7	10	9	26	23	1	7	16	5	8	9	5	5	6	12	3	6	19	27	23	8	5	9	12	
1819_A/duck/Eastern_China 8	11	7	1	10	6	7	5	1	6	0	1	3	1	0	0	4	5	5	2	11	3	1	2	0	7	12	4	13	1	10	4	9	10	14	7	13	7	12	8	7	10	9	28	24	1	7	14	5	9	9	5	5	6	12	3	6	19	28	24	7	5	9	10	
1820_A/duck/Eastern_China 8	11	7	1	10	6	7	5	1	6	0	1	3	1	0	0	4	5	5	2	11	3	1	2	0	7	12	4	13	1	10	4	8	10	14	7	14	7	12	8	7	10	9	27	24	1	7	15	5	9	9	5	5	6	12	3	6	19	28	24	7	5	9	10	
1821_A/duck/Eastern_China 8	11	7	1	10	6	7	5	1	6	0	1	5	1	0	0	4	5	5	2	11	3	1	2	0	7	12	4	11	1	10	4	8	10	13	7	14	7	13	8	7	10	9	27	24	1	7	15	5	9	9	5	5	6	12	3	6	19	28	25	7	5	9	9	
1822_A/duck/Eastern_China 8	11	7	1	10	6	7	5	1	6	0	1	3	1	0	0	4	5	5	2	11	3	1	2	0	7	12	4	13	1	10	4	8	9	14	7	14	8	12	8	7	10	9	26	24	1	7	16	6	9	9	5	4	6	12	3	6	19	28	24	7	5	9	10	
1823_A/duck/Eastern_China 8	11	7	1	10	6	7	5	1	5	0	1	4	2	0	0	4	5	5	2	11	3	1	2	0	7	12	4	12	1	10	4	8	10	14	7	14	8	11	8	7	10	9	26	24	1	7	16	5	9	9	5	5	6	12	3	6	19	28	23	7	5	9	11	
1824_A/duck/Eastern_China 8	11	7	2	10	6	7	4	1	6	0	1	3	1	0	0	4	5	5	2	11	3	1	2	0	7	12	4	13	1	10	4	8	10	15	6	14	8	11	9	7	9	9	27	24	1	7	15	5	9	9	5	4	8	12	3	6	18	28	23	7	5	9	11	
1825_A/duck/Eastern_China 8	12	7	1	10	6	7	5	1	4	0	1	4	2	0	0	4	5	5	2	11	3	1	2	0	7	13	4	12	1	9	4	8	11	14	7	14	7	11	8	7	9	9	26	23	1	7	16	4	8	9	5	6	7	11	4	6	20	28	23	8	5	9	11	
1826_A/duck/Eastern_China 8	12	7	1	10	6	7	5	1	4	1	0	5	2	0	0	4	4	5	2	11	4	1	2	2	7	13	4	9	1	9	4	9	11	14	6	12	8	11	9	8	10	9	26	23	1	7	16	5	8	9	5	4	7	12	3	6	19	28	22	8	5	9	12	
1827_A/duck/Eastern_China 8	12	7	1	10	6	7	5	1	4	1	0	4	2	0	0	4	5	5	2	11	3	1	2	1	7	13	4	11	1	9	4	8	11	14	8	14	8	11	7	7	10	9	26	23	1	7	16	5	7	10	5	5	6	11	3	6	19	28	23	8	6	9	11	
1828_A/duck/Guangdong/s14 8	11	7	2	10	6	7	4	1	6	1	0	3	1	0	0	4	5	5	2	11	3	1	2	2	7	12	4	11	1	10	4	9	9	13	5	13	7	12	10	7	10	10	27	23	1	7	15	5	9	9	5	4	10	12	3	6	18	29	23	8	4	8	11	
1829_A/duck/Hunan/11.30_Y 5	11	8	1	13	6	5	5	0	6	1	0	2	1	0	0	6	4	5	2	11	3	2	2	4	6	10	4	9	3	12	5	10	12	17	8	12	6	9	7	6	9	9	27	25	2	6	15	5	11	6	5	5	5	15	4	3	17	25	25	10	5	12	8	
1830_A/duck/Shandong/Q1/2 7	11	6	3	9	6	7	4	1	6	1	0	4	1	0	0	4	5	5	2	11	3	2	2	0	7	14	4	13	1	9	4	8	9	14	6	14	8	12	9	7	10	9	27	23	1	7	15	5	8	9	5	4	9	10	3	8	18	28	23	7	5	9	11	
1831_A/duck/Tainan/150104 5	12	9	1	13	5	5	5	0	6	1	0	1	1	0	0	5	5	4	2	11	3	2	2	4	5	11	4	12	3	11	5	8	12	17	10	16	6	10	6	7	8	9	27	24	2	6	15	5	10	7	5	5	5	15	4	3	20	24	20	10	4	13	13	
1832_A/duck/Taiwan/A3400/ 6	12	9	1	12	6	5	5	0	5	1	0	1	1	0	0	7	5	4	2	9	3	2	2	5	5	11	5	11	3	11	4	10	13	15	11	14	5	11	6	7	8	9	27	24	2	6	15	5	10	9	4	5	5	13	4	3	20	24	21	10	4	13	13	
1833_A/duck/Xinjiang/12.1 6	11	9	1	12	6	5	5	0	4	1	0	1	3	0	0	5	5	3	2	11	3	3	2	6	5	10	4	10	3	12	5	10	11	16	10	14	7	11	6	7	8	9	33	24	2	6	9	5	10	9	4	5	5	13	4	3	19	25	24	10	5	12	10	
1834_A/duck/Yunlin/150102 9	12	8	2	9	5	6	4	0	6	1	0	3	1	0	0	4	4	4	2	11	4	2	2	1	7	13	3	14	1	9	3	10	10	13	8	15	8	13	9	7	9	10	29	24	1	7	14	4	9	9	5	5	6	13	3	6	17	27	25	7	7	10	9	
1835_A/duck/Yunlin/150104 9	12	8	2	9	5	6	4	0	6	1	0	3	1	0	0	4	4	4	2	11	4	2	2	1	7	13	3	14	1	9	3	10	10	13	8	15	8	13	9	7	9	10	29	24	1	7	14	4	9	9	5	5	6	13	3	6	18	27	25	7	6	10	9	
1836_A/duck/Zhejiang/6D18 8	12	7	1	10	6	7	5	1	4	1	0	4	2	0	0	4	5	5	2	11	3	2	2	1	7	12	4	11	1	9	4	8	11	15	7	14	8	10	8	7	10	9	26	23	1	7	16	5	8	9	5	5	6	12	3	6	19	28	22	8	5	9	12	
1837_A/duck/Zhejiang/9250 8	13	6	1	10	5	8	5	1	4	1	0	4	2	0	0	4	5	5	2	11	3	1	2	1	7	13	4	10	1	9	4	7	12	13	7	14	6	11	8	9	10	9	27	23	1	7	16	5	8	9	5	5	8	12	3	4	16	28	23	9	7	9	12	
1838_A/duck/Zhejiang/9251 8	13	6	1	10	5	8	5	1	4	1	0	4	2	0	0	5	5	5	2	11	3	1	2	1	7	13	4	11	1	9	4	8	12	13	7	13	6	11	8	7	10	9	27	23	1	7	16	5	8	9	5	5	7	12	3	4	17	28	23	9	7	9	12	
1839_A/duck/Zhejiang/W24/ 8	12	8	1	10	6	5	5	1	4	1	0	4	2	0	0	4	5	5	2	10	3	2	2	2	7	13	4	11	1	9	4	8	11	14	7	14	7	11	8	7	10	10	25	23	1	7	16	5	8	9	5	5	7	12	3	6	20	28	23	8	4	9	11	
1840_A/eurasian_coot/Shan 6	9	7	2	13	8	6	4	0	4	1	0	2	3	0	0	4	3	5	3	11	5	1	1	4	6	12	5	10	2	10	4	12	11	15	10	10	5	11	6	8	9	9	28	22	3	6	14	7	10	8	5	4	5	13	4	5	18	21	22	9	6	16	10	
1841_A/eurasian_coot/Shan 6	9	7	2	13	8	6	4	0	4	1	0	2	3	0	0	4	3	5	3	11	5	1	1	4	6	12	5	10	2	10	4	12	11	15	10	10	5	11	6	8	9	9	28	22	3	6	14	7	10	8	5	4	5	13	4	5	18	21	22	9	6	16	10	
1842_A/eurasian_coot/Shan 6	9	7	2	13	8	6	4	0	4	1	0	2	3	0	0	3	3	5	3	12	5	1	1	4	6	12	5	10	2	10	4	12	11	15	10	10	5	11	6	8	9	9	28	22	3	6	14	7	10	8	5	4	5	13	4	5	18	21	22	9	6	16	10	
1843_A/eurasian_coot/Shan 6	9	7	2	13	8	6	4	0	4	1	0	2	3	0	0	4	3	5	3	11	5	1	1	4	6	12	5	10	2	10	4	12	11	15	10	10	5	11	6	8	9	9	28	22	3	6	14	7	10	8	5	4	5	13	4	5	18	21	22	9	6	16	10	
1844_A/goose/Chiayi/15020 9	12	8	2	9	5	6	4	0	6	1	0	3	1	0	0	4	4	4	2	11	4	2	2	1	7	13	3	14	1	9	3	10	10	13	8	15	8	13	9	7	9	11	29	24	1	6	14	4	9	9	5	5	6	13	3	6	18	27	25	7	6	10	9	
1845_A/goose/China/1/2021 6	9	6	2	13	8	7	4	0	4	1	0	2	3	0	0	3	3	5	3	12	5	1	1	4	6	12	5	10	2	10	4	12	11	15	10	10	5	11	6	8	9	9	28	22	3	6	14	7	10	8	5	4	5	13	4	5	18	21	22	9	6	16	10	
1846_A/goose/Eastern_Chin 8	11	7	1	10	7	7	5	1	4	1	0	4	2	0	0	4	5	5	2	11	3	1	2	1	7	13	4	11	1	9	4	8	11	14	7	14	8	11	8	7	10	9	26	23	1	7	16	5	8	9	5	5	6	12	3	6	19	28	22	8	5	9	12	
1847_A/goose/Eastern_Chin 8	11	7	2	10	6	7	4	1	6	0	1	3	1	0	0	4	5	5	2	11	3	1	2	0	7	12	4	13	1	10	4	8	9	14	6	14	8	12	9	7	10	9	27	24	1	7	15	5	9	9	5	4	8	12	3	6	18	28	23	7	5	9	11	
1848_A/goose/Eastern_Chin 8	11	7	2	10	6	7	4	0	5	0	1	3	2	0	0	4	4	5	2	11	5	1	2	1	6	12	4	13	1	10	4	9	10	14	6	13	7	12	9	7	10	9	28	24	1	7	14	5	9	9	5	5	6	12	3	6	19	28	23	7	5	9	11	
1849_A/goose/Eastern_Chin 8	12	7	1	10	6	7	5	1	4	0	1	4	2	0	0	4	5	5	2	11	3	2	2	1	7	12	4	11	1	9	4	8	11	14	7	14	8	11	8	7	10	9	26	23	1	7	16	5	8	9	5	5	6	12	3	6	19	28	22	8	5	9	12	
1850_A/goose/Guangdong/s1 8	11	7	2	10	6	7	4	1	6	1	0	3	1	0	0	4	5	5	2	11	3	1	2	2	7	12	4	11	1	10	4	9	9	13	5	13	7	12	10	7	10	10	27	23	1	7	15	5	9	9	5	4	10	12	3	6	18	29	23	8	4	8	11	
1851_A/goose/Hebei/HG12/2 6	9	7	2	13	8	6	4	0	4	1	0	2	3	0	0	3	3	5	3	12	6	1	1	4	5	12	5	11	2	10	4	12	11	16	10	12	5	12	6	8	9	9	28	22	3	6	14	7	9	8	5	4	6	14	4	5	18	22	22	9	6	15	10	
1852_A/goose/Jiangsu/QD5/ 8	12	7	1	10	6	7	5	1	4	1	0	4	2	0	0	4	5	5	2	11	3	1	2	1	7	13	4	11	1	9	4	8	11	14	7	13	8	11	8	8	10	9	26	23	1	8	15	5	9	9	5	5	6	12	3	6	18	28	22	8	5	9	12	
1853_A/goose/Pingtung/150 6	12	9	1	12	6	5	5	0	5	1	0	1	1	0	0	7	5	4	2	9	3	2	2	5	5	11	5	11	3	11	4	10	13	15	11	14	5	11	6	7	8	9	27	24	2	6	15	4	10	9	4	6	5	13	4	3	20	24	21	10	4	13	13	
1854_A/goose/Pingtung/160 6	12	9	1	12	6	5	5	0	5	1	0	1	1	0	0	7	5	4	2	9	3	2	2	6	5	11	5	10	3	11	4	10	13	15	11	14	5	11	6	7	8	9	27	24	2	6	15	4	10	10	4	6	5	12	4	3	20	24	21	10	4	13	13	
1855_A/goose/Tainan/16040 6	12	9	1	12	6	5	5	0	5	1	0	1	1	0	0	7	5	4	2	9	3	2	2	5	5	12	5	11	3	10	4	10	13	15	11	14	5	11	6	7	8	9	27	24	2	6	15	4	10	9	4	6	5	13	4	3	20	24	22	10	4	13	12	
1856_A/goose/Tainan/16070 6	12	9	1	12	6	5	5	0	5	1	0	1	1	0	0	7	5	4	2	9	3	2	2	5	5	12	5	11	3	10	4	10	13	15	11	14	5	11	6	7	8	9	27	24	2	6	15	4	10	10	4	6	5	12	4	3	20	24	22	10	4	13	12	
1857_A/goose/Taiwan/01019 5	12	9	1	13	5	5	5	0	6	1	0	1	1	0	0	5	5	4	2	11	3	2	2	4	5	11	4	12	3	11	5	8	12	17	10	16	6	10	6	7	8	8	27	24	2	6	16	5	10	7	5	5	5	15	4	3	20	24	20	10	4	13	13	
1858_A/goose/Taiwan/01039 9	12	8	2	9	5	6	4	0	6	1	0	3	1	0	0	4	4	4	2	11	4	2	2	1	7	13	3	14	1	9	3	10	10	13	8	15	8	13	8	7	9	10	30	24	1	7	14	4	9	9	5	6	5	13	3	6	18	27	25	7	6	10	9	
1859_A/goose/Taiwan/TNC1/ 9	12	8	2	9	5	6	4	0	6	1	0	3	1	0	0	4	4	4	2	11	4	2	2	1	7	13	3	13	1	9	3	10	10	13	7	13	8	12	9	7	9	10	29	24	1	7	14	4	9	9	5	5	6	12	3	6	18	27	25	7	6	10	9	
1860_A/goose/Taiwan/TNC10 9	12	8	2	9	5	6	4	0	6	1	0	3	1	0	0	4	4	4	2	11	4	2	2	1	7	13	3	13	1	9	3	10	10	13	7	13	8	12	9	7	9	10	29	24	1	7	14	4	9	9	5	5	6	12	3	6	18	27	25	7	6	10	9	
1861_A/goose/Taiwan/TNC11 5	12	9	1	13	5	5	5	0	6	1	0	1	1	0	0	5	5	4	2	11	3	2	2	4	5	11	4	11	3	11	5	8	12	17	9	14	6	9	6	7	8	9	27	24	2	6	15	5	10	7	5	5	5	14	4	3	20	24	20	10	4	13	13	
1862_A/goose/Taiwan/TNC12 9	12	8	2	9	5	6	4	0	6	1	0	3	1	0	0	4	4	4	2	11	4	2	2	1	7	13	3	13	1	9	3	10	10	13	7	13	8	12	9	7	9	10	29	24	1	7	14	4	9	9	5	5	6	12	3	6	18	27	25	7	6	10	9	
1863_A/goose/Taiwan/TNC14 9	12	8	2	9	5	6	4	0	6	1	0	3	1	0	0	4	4	4	2	11	4	2	2	1	7	13	3	13	1	9	3	10	10	13	7	13	8	12	9	7	9	10	29	24	1	7	14	4	9	9	5	5	6	12	3	6	18	27	25	7	6	10	9	
1864_A/goose/Taiwan/TNC3/ 9	12	8	2	9	5	6	4	0	6	1	0	3	1	0	0	4	4	4	2	11	4	2	2	1	7	13	3	13	1	9	3	10	10	13	7	13	8	12	9	7	9	10	29	24	1	7	14	4	9	9	5	5	6	12	3	6	17	27	25	7	7	10	9	
1865_A/goose/Taiwan/TNC7/ 9	12	8	2	9	5	6	4	0	6	1	0	3	1	0	0	4	4	4	2	11	4	2	2	1	7	13	3	13	1	9	3	10	10	13	7	13	8	12	9	7	9	10	29	24	1	7	14	4	9	9	5	5	6	12	3	6	18	27	25	7	6	10	9	
1866_A/goose/Taiwan/TNC9/ 9	12	8	2	9	5	6	4	0	6	1	0	3	1	0	0	4	4	4	2	11	4	2	2	1	7	13	3	13	1	9	3	10	10	13	7	13	8	12	9	7	9	10	29	24	1	7	14	4	9	9	5	5	6	12	3	6	17	27	25	7	7	10	9	
1867_A/goose/Taiwan/TNO15 5	12	9	1	13	5	5	5	0	6	1	0	1	1	0	0	5	5	4	2	11	3	2	2	4	5	11	4	11	3	11	5	8	12	17	9	14	6	9	6	7	8	9	27	24	2	6	15	5	10	7	5	5	5	14	4	3	20	24	20	10	4	13	13	
1868_A/goose/Taiwan/TNO3/ 9	12	8	2	9	5	6	4	0	6	1	0	3	1	0	0	3	4	4	2	12	4	2	2	1	7	13	3	13	1	9	3	10	10	13	7	13	8	13	8	7	9	10	29	24	1	7	14	4	9	9	5	6	5	12	3	6	18	27	25	7	6	10	9	
1869_A/goose/Taiwan/TNO9/ 5	12	9	1	13	5	5	5	0	6	1	0	1	1	0	0	5	5	4	2	11	3	2	2	4	5	11	4	11	3	11	5	8	12	17	9	14	6	9	6	7	8	9	27	24	2	6	15	5	10	7	5	5	5	14	4	3	20	24	20	10	4	13	13	
1870_A/goose/Taoyuan/1501 9	12	8	2	9	5	6	4	0	6	1	0	3	1	0	0	4	4	4	2	11	4	2	2	1	7	13	3	14	1	9	3	10	10	13	8	15	8	13	9	7	9	10	29	24	1	7	14	4	9	9	5	5	6	13	3	6	18	27	25	7	6	10	9	
1871_A/goose/Xinjiang/12. 5	11	9	1	13	6	5	5	0	4	1	0	1	3	0	0	5	5	3	2	11	3	3	2	6	5	10	4	10	3	12	5	10	11	16	10	14	7	11	6	7	8	9	33	24	2	6	9	5	10	9	4	5	5	13	4	3	19	25	24	10	5	12	10	
1872_A/goose/Xinjiang/12. 5	11	9	1	13	6	5	5	0	4	1	0	1	3	0	0	5	5	3	2	11	3	3	2	6	5	10	4	10	3	12	5	10	11	16	10	14	7	11	6	7	8	9	33	24	2	6	9	5	10	9	4	5	5	13	4	3	19	25	24	10	5	12	10	
1873_A/goose/Xinjiang/12. 5	11	9	1	13	6	5	5	0	4	1	0	1	3	0	0	5	5	3	2	11	3	3	2	6	5	10	4	10	3	12	5	10	11	16	10	14	7	11	6	7	8	9	33	24	2	6	9	5	10	9	4	5	5	13	4	3	19	25	24	10	5	12	10	
1874_A/goose/Xinjiang/12. 5	11	9	1	13	6	5	5	0	4	1	0	1	3	0	0	5	5	3	2	11	3	3	2	6	5	10	4	10	3	12	5	10	11	16	10	14	7	11	6	7	8	9	33	24	2	6	9	5	10	9	4	5	5	13	4	3	19	25	24	10	5	12	10	
1875_A/goose/Yangzhou/042 8	12	7	1	10	6	7	5	1	4	1	0	5	2	0	0	4	4	5	2	11	4	1	2	1	7	13	4	10	1	9	4	8	11	14	7	13	8	11	8	8	10	9	25	23	1	7	17	5	8	9	5	4	7	12	3	6	19	28	22	8	5	9	12	
1876_A/goose/Yunlin/15040 5	12	9	1	13	5	5	5	1	5	1	0	1	1	0	0	5	5	4	2	11	3	2	2	4	5	11	4	12	3	11	5	8	12	17	10	16	6	10	6	7	8	9	27	24	2	6	15	5	10	7	5	5	5	15	4	3	20	24	20	10	4	13	13	
1877_A/goose/Zhejiang/925 7	13	9	2	11	5	5	4	0	5	1	0	3	1	0	0	4	5	5	2	11	3	1	2	3	7	10	4	11	1	12	4	9	12	14	8	14	5	11	7	8	9	8	28	22	1	8	15	3	9	10	5	5	6	10	4	4	21	25	26	10	4	12	9	
1878_A/goose/Zhejiang/925 8	13	7	1	10	5	7	5	1	4	1	0	4	2	0	0	4	5	5	2	11	3	1	2	1	7	13	4	11	1	9	4	8	11	13	7	14	7	11	8	8	9	9	27	22	1	7	16	4	8	9	5	6	7	11	4	4	19	27	24	9	6	10	11	
1879_A/mallard/Shanghai/S 7	12	7	1	11	6	7	5	1	4	1	0	4	2	0	0	4	5	5	2	11	3	1	2	1	7	13	4	11	1	9	4	8	11	13	8	14	7	11	8	7	10	9	25	23	1	7	17	5	8	9	5	5	7	12	3	6	19	28	23	8	5	9	11	
1880_A/swan/China/ST/2016 5	11	8	1	13	6	5	5	0	6	1	0	2	1	0	0	6	5	5	2	11	3	2	2	4	5	10	4	9	3	12	5	10	12	17	8	12	6	9	7	5	9	9	27	25	2	6	15	5	11	6	5	5	5	15	4	4	17	25	26	10	5	12	7	
1881_A/swan/Shandong/W376 4	12	10	2	14	6	4	4	0	4	1	0	4	2	0	0	4	5	4	4	12	3	2	1	4	6	11	6	8	2	11	3	9	13	16	7	13	4	10	8	7	9	7	24	23	2	8	17	7	9	8	5	3	5	13	4	4	19	22	25	10	6	15	8	
1882_A/turkey/Chiayi/1702 6	13	9	1	12	6	5	5	0	5	1	0	1	1	0	0	7	5	4	2	9	3	2	2	5	5	12	5	11	3	10	4	10	13	15	11	13	6	11	6	7	8	9	26	24	2	6	16	4	9	9	4	6	5	13	4	3	20	24	22	10	4	13	12	
1883_A/whooper_swan/Shanx 5	11	8	1	13	6	5	5	0	6	1	0	2	1	0	0	6	5	5	2	11	3	2	2	4	5	10	4	10	3	12	5	10	12	17	9	14	6	10	7	6	9	9	27	25	2	6	15	5	11	6	4	5	5	16	4	3	17	25	27	10	5	12	7	
1884_A/wild_duck/Shandong 6	9	7	2	13	8	6	4	0	4	1	0	2	3	0	0	3	3	4	3	12	5	2	1	4	6	12	5	10	2	10	4	12	11	15	10	10	5	11	6	8	9	9	28	22	3	6	14	7	10	8	5	4	5	13	4	5	18	20	22	9	6	17	10	
1885_A/Anser_cygnoides/Hu 4	5	1	1	6	2	1	1	4	6	0	1	1	0	0	0	9	3	1	2	3	1	0	3	3	2	1	3	4	3	7	3	5	8	3	3	4	0	6	3	5	4	10	7	10	0	3	1	3	5	9	3	4	1	5	2	2	7	13	7	3	2	5	3	
1886_A/bar_headed_goose/T 3	5	1	1	7	0	1	1	2	5	0	0	1	0	1	0	9	4	1	1	3	2	0	3	5	3	1	4	4	2	5	4	5	8	2	3	5	1	6	2	4	2	8	5	9	0	5	1	2	5	10	3	4	1	5	1	2	8	10	6	3	0	6	3	
1887_A/Bar-headed_Goose/Q 4	5	1	1	6	2	1	0	3	6	0	1	1	0	0	0	9	3	1	1	3	1	0	3	4	2	1	3	4	3	7	4	5	8	3	3	5	0	6	3	3	5	10	7	10	0	3	1	3	5	9	3	4	1	6	2	2	7	13	7	3	2	5	3	
1888_A/Bar-headed_Goose/Q 4	5	1	1	6	2	1	0	3	6	0	1	1	0	0	0	9	3	1	1	3	1	0	3	4	2	1	3	4	3	7	4	5	8	3	3	5	0	6	3	3	5	10	7	10	0	3	1	3	5	9	3	4	1	6	2	2	7	13	7	3	2	5	3	
1889_A/Bar-headed_Goose/Q 4	5	1	1	6	2	1	0	3	6	0	1	1	0	0	0	9	3	1	1	3	1	0	3	4	2	1	3	4	3	7	4	5	8	3	2	5	0	6	3	3	5	10	7	10	0	3	1	3	5	9	3	4	1	6	2	2	7	13	7	4	2	5	3	
1890_A/Bar-headed_Goose/Q 4	5	1	1	6	2	1	0	3	5	0	1	1	0	0	0	9	3	1	1	3	1	0	3	4	3	1	3	4	3	7	4	5	8	3	3	5	0	6	3	3	5	10	7	10	0	3	1	3	5	9	3	4	1	6	2	2	7	13	7	3	2	5	3	
1891_A/Bar-headed_Goose/Q 4	5	1	1	6	2	1	0	3	6	0	1	1	0	0	0	9	3	1	1	3	1	0	3	4	2	1	3	4	3	7	4	5	8	3	3	5	0	6	3	3	5	10	7	10	0	3	1	3	5	9	3	4	1	6	2	2	7	13	7	3	2	5	3	
1892_A/Bar-headed_Goose/Q 4	5	1	1	6	2	1	0	3	6	0	1	1	0	0	0	9	3	1	1	3	1	0	3	4	2	1	3	4	3	7	4	5	8	3	3	5	0	6	3	3	5	10	7	10	0	3	1	3	5	9	3	4	1	6	2	2	7	13	7	3	2	5	3	
1893_A/Bar-headed_Goose/Q 4	5	1	1	6	2	1	0	3	6	0	1	1	0	0	0	9	3	1	1	3	1	0	3	4	2	1	3	4	3	7	4	5	8	3	3	5	0	6	3	3	5	10	7	10	0	3	1	3	5	9	3	4	1	6	2	2	7	13	7	3	2	5	3	
1894_A/Bar-headed_Goose/Q 4	5	1	1	6	2	1	1	3	6	0	1	1	0	0	0	9	3	1	1	3	1	0	3	4	2	1	3	4	3	7	4	5	8	3	3	5	0	6	2	3	5	10	7	10	0	3	1	3	5	9	3	4	1	6	2	2	7	13	7	3	2	5	3	
1895_A/Bar-headed_Goose/Q 4	5	1	1	6	2	1	0	3	6	0	1	1	0	0	0	9	3	1	1	3	1	0	3	4	2	1	3	4	3	7	4	5	8	3	3	5	0	6	3	3	5	10	7	10	0	3	1	3	5	9	3	4	1	6	2	2	7	13	7	3	2	5	3	
1896_A/Bar-headed_Goose/Q 4	5	1	1	6	2	1	0	3	6	0	1	1	0	0	0	9	3	1	1	3	1	0	3	4	2	1	3	4	3	7	4	5	8	3	3	5	0	6	3	3	5	10	7	10	0	3	1	3	5	9	3	4	1	6	2	2	7	13	7	3	2	5	3	
1897_A/Bar-headed_Goose/Q 4	5	1	1	6	2	1	0	3	6	0	1	1	0	0	0	9	3	1	1	3	1	0	3	4	2	1	3	4	3	7	4	5	8	3	3	5	0	6	3	3	5	10	7	10	0	3	1	3	5	9	3	4	1	6	2	2	7	13	7	3	2	5	3	
1898_A/Bar-headed_Goose/Q 4	5	1	1	6	2	1	0	3	6	0	1	1	0	0	0	9	3	1	1	3	1	0	3	4	2	1	3	4	3	7	4	5	8	3	3	5	0	6	3	3	5	10	7	10	0	3	1	3	5	9	3	4	1	6	2	2	7	13	7	3	2	5	3	
1899_A/Bar-headed_Goose/Q 4	5	1	1	6	2	1	0	3	6	0	1	1	0	0	0	9	3	1	1	3	1	0	3	4	2	1	3	4	3	7	4	5	8	3	3	5	0	6	3	3	5	10	7	10	0	3	1	3	5	9	3	4	1	6	2	2	7	13	7	3	2	5	3	
1900_A/Bar-headed_Goose/Q 4	5	1	1	6	2	1	0	3	6	0	1	1	0	0	0	9	3	1	1	3	1	0	3	4	2	1	3	4	3	7	4	5	8	3	2	5	0	6	3	3	5	10	7	10	0	3	1	3	5	9	3	4	1	6	2	2	7	13	7	4	2	5	3	
1901_A/Bar-headed_Goose/Q 4	5	1	1	6	2	1	0	3	6	0	1	1	0	0	0	9	3	1	1	3	1	0	3	4	2	1	3	4	3	7	4	5	8	3	3	5	0	6	3	3	5	10	7	10	0	3	1	3	5	9	3	4	1	6	2	2	7	13	7	3	2	5	3	
1902_A/Bar-headed_Goose/Q 4	5	1	1	6	2	1	0	3	6	0	1	1	0	0	0	9	3	1	1	3	1	0	3	3	2	1	3	5	3	7	4	4	7	3	3	5	1	4	4	3	5	9	7	10	0	3	1	4	5	9	3	3	1	6	3	2	7	13	8	3	3	5	3	
1903_A/Bar-headed_Goose/Q 4	5	1	1	6	2	1	1	3	6	0	1	1	0	0	0	9	3	1	1	3	1	0	3	4	2	1	3	4	3	7	4	5	8	3	3	5	0	6	2	3	5	10	7	10	0	3	1	3	5	9	3	4	1	6	2	2	7	13	7	3	2	5	3	
1904_A/Bar-headed_Goose/Q 4	5	1	1	6	2	1	1	3	6	0	1	1	0	0	0	9	3	1	1	3	1	0	3	4	2	1	3	4	3	7	4	5	8	3	3	5	0	6	2	3	5	10	7	10	0	3	1	3	5	9	3	4	1	6	2	2	7	13	7	3	2	5	3	
1905_A/Bar-headed_Goose/Q 4	5	1	1	6	2	1	1	3	6	0	1	1	0	0	0	9	3	1	1	3	1	0	3	4	2	1	3	4	3	7	4	5	8	3	2	5	0	6	2	3	5	10	7	10	0	3	1	3	5	9	3	4	1	6	2	2	7	13	7	4	2	5	3	
1906_A/Bar-headed_Goose/Q 4	5	1	1	6	2	1	0	3	6	0	1	1	0	0	0	9	3	1	1	3	1	0	3	4	2	1	3	4	3	7	4	5	8	3	3	5	0	6	3	3	5	10	7	10	0	3	1	3	5	9	3	4	1	6	2	2	7	13	7	3	2	5	3	
1907_A/Bar-headed_Goose/Q 4	5	1	1	6	2	1	0	3	6	0	1	1	0	0	0	9	3	1	1	3	1	0	3	4	2	1	3	4	3	7	4	5	8	3	3	5	0	6	3	3	5	10	7	10	0	3	1	3	5	9	3	4	1	6	2	2	7	13	7	3	2	5	3	
1908_A/Bar-headed_Goose/Q 4	5	1	1	6	2	1	0	3	6	0	1	1	0	0	0	9	3	1	1	3	1	0	3	4	2	1	3	4	3	7	4	5	8	3	3	5	0	6	3	3	5	10	7	10	0	3	1	3	5	9	3	4	1	6	2	2	7	13	7	3	2	5	3	
1909_A/Bar-headed_Goose/Q 4	5	1	1	6	2	1	0	3	6	0	1	1	0	0	0	9	3	1	1	3	1	0	3	4	2	1	3	4	3	7	4	5	8	3	2	5	0	6	3	3	5	10	7	10	0	3	1	3	5	9	3	4	1	6	2	2	7	13	7	4	2	5	3	
1910_A/Bar-headed_Goose/Q 4	5	1	0	6	2	1	2	3	6	0	1	1	0	0	0	9	3	1	2	3	1	0	3	4	2	1	3	4	3	7	3	6	8	3	3	4	0	6	3	5	4	10	7	9	0	3	1	3	5	9	3	4	1	6	1	2	7	13	7	3	2	5	3	
1911_A/Bar-headed_Goose/Q 4	5	1	0	6	2	1	2	3	6	0	1	1	0	0	0	9	3	1	2	3	1	0	3	4	2	1	3	4	3	7	3	6	8	3	3	4	0	6	3	5	4	10	7	9	0	3	1	3	5	9	3	4	1	6	1	2	7	13	7	3	2	5	3	
1912_A/Bar-headed_Goose/Q 4	5	1	0	6	2	1	2	3	6	0	1	1	0	0	0	9	3	1	2	3	1	0	3	4	2	1	3	4	3	7	3	6	8	3	3	4	0	6	3	5	5	10	7	9	0	3	1	3	5	9	3	4	1	6	1	2	6	13	7	3	2	5	3	
1913_A/Bar-headed_Goose/Q 4	5	1	0	6	2	1	2	3	6	0	1	1	0	0	0	9	3	1	2	3	1	0	3	4	2	1	3	4	3	7	3	6	8	3	3	4	0	6	3	5	4	10	7	9	0	3	1	3	5	9	3	4	1	6	1	2	7	13	7	3	2	5	3	
1914_A/Bar-headed_Goose/Q 4	5	1	0	6	2	1	2	3	6	0	1	1	0	0	0	9	3	1	2	3	1	0	3	4	2	1	3	4	3	7	3	6	8	3	3	4	0	6	3	5	4	10	7	9	0	3	1	3	5	9	3	4	1	6	1	2	7	13	7	3	2	5	3	
1915_A/Bar-headed_Goose/Q 4	5	1	1	6	2	1	1	3	6	0	1	1	0	0	0	9	3	1	1	3	1	0	3	4	2	1	3	4	3	7	4	5	8	3	3	5	0	6	2	3	5	10	7	10	0	3	1	3	5	9	3	4	1	6	2	2	7	13	7	3	2	5	3	
1916_A/Bar-headed_Goose/Q 4	5	1	1	6	2	1	0	3	6	0	1	1	0	0	0	9	3	1	1	3	1	0	3	4	2	1	3	4	3	7	4	5	8	3	3	5	0	6	3	3	5	10	7	10	0	3	1	3	5	9	3	4	1	6	2	2	7	13	7	3	2	5	3	
1917_A/Bar-headed_Goose/Q 4	5	1	1	6	2	1	0	3	6	0	1	1	0	0	0	9	3	1	1	3	1	0	3	4	2	1	3	4	3	7	4	5	8	3	3	5	0	6	3	3	5	10	7	10	0	3	1	3	5	9	3	4	1	6	2	2	7	13	7	3	2	5	3	
1918_A/Bar-headed_Goose/Q 4	5	1	1	6	2	1	0	3	6	0	1	1	0	0	0	9	3	1	1	3	1	0	3	4	2	1	3	4	3	7	4	5	8	3	3	5	0	6	3	3	5	10	7	10	0	3	1	3	5	9	3	4	1	6	2	2	7	13	7	3	2	5	3	
1919_A/Bar-headed_Goose/Q 4	5	1	1	6	2	1	0	3	6	0	1	1	0	0	0	9	3	1	1	3	1	0	3	4	2	1	3	4	3	7	4	5	8	3	3	5	0	6	3	3	5	10	7	10	0	3	1	3	5	9	3	4	1	6	2	2	7	13	7	3	2	5	3	
1920_A/Bar-headed_Goose/Q 4	5	1	1	6	2	1	1	3	6	0	1	1	0	0	0	9	3	1	1	3	1	0	3	4	2	1	3	4	3	7	4	5	8	3	2	5	0	6	2	3	5	10	7	10	0	3	1	3	5	9	3	4	1	6	2	2	7	13	7	4	2	5	3	
1921_A/Bar-headed_Goose/Q 4	5	1	0	6	2	1	2	3	6	0	1	1	0	0	0	9	3	1	2	3	1	0	3	4	2	1	3	4	3	7	3	6	8	3	3	4	0	6	3	5	4	10	7	9	0	3	1	3	5	9	3	4	1	6	1	2	7	13	7	3	2	5	3	
1922_A/Bar-headed_Goose/Q 4	5	1	1	6	2	1	1	3	6	0	1	1	0	0	0	9	3	1	1	3	1	0	3	4	2	1	3	4	3	7	4	5	8	3	3	5	0	6	2	3	5	10	7	10	0	3	1	3	5	9	3	4	1	6	2	2	7	13	7	3	2	5	3	
1923_A/Bar-headed_Goose/Q 4	5	1	1	6	2	1	0	3	6	0	1	1	0	0	0	9	3	1	1	3	1	0	3	4	2	1	3	4	3	7	4	5	8	3	3	5	0	6	3	3	5	10	7	10	0	3	1	3	5	9	3	4	1	6	2	2	7	13	7	3	2	5	3	
1924_A/Bar-headed_Goose/Q 4	5	1	1	6	2	1	0	3	6	0	1	1	0	0	0	9	3	1	1	3	1	0	3	4	2	1	3	4	3	7	4	5	8	3	3	5	0	6	3	3	5	10	7	10	0	3	1	3	5	9	3	4	1	6	2	2	7	13	7	3	2	5	3	
1925_A/Bar-headed_Goose/Q 4	5	1	1	6	2	1	1	3	6	0	1	1	0	0	0	9	3	1	1	3	1	0	3	4	2	1	3	4	3	7	4	5	8	3	3	5	0	6	2	3	5	10	7	10	0	3	1	3	5	9	3	4	1	6	2	2	7	13	7	3	2	5	3	
1926_A/Bar-headed_Goose/Q 4	5	1	1	6	2	1	1	3	6	0	1	1	0	0	0	9	3	1	1	3	1	0	3	4	2	1	3	4	3	7	4	5	8	3	3	5	0	6	2	3	5	10	7	10	0	3	1	3	5	9	3	4	1	6	2	2	7	13	7	3	2	5	3	
1927_A/Bar-headed_Goose/Q 4	5	1	1	6	2	1	1	3	6	0	1	1	0	0	0	9	3	1	1	3	1	0	3	4	2	1	3	4	3	7	4	5	8	3	3	5	0	6	2	3	5	10	7	10	0	3	1	3	5	9	3	4	1	6	2	2	7	13	7	3	2	5	3	
1928_A/Bar-headed_Goose/Q 4	5	1	1	6	2	1	1	3	6	0	1	1	0	0	0	9	3	1	1	3	1	0	3	4	2	1	3	4	3	7	4	5	8	3	3	5	0	6	2	3	5	10	7	10	0	3	1	3	5	9	3	4	1	6	2	2	7	13	7	3	2	5	3	
1929_A/Bar-headed_Goose/Q 4	5	1	1	6	2	1	1	3	6	0	1	1	0	0	0	9	3	1	1	3	1	0	3	4	2	1	3	4	3	7	4	5	8	3	3	5	0	6	2	3	5	10	7	10	0	3	1	3	5	9	3	4	1	6	2	2	7	13	7	3	2	5	3	
1930_A/Bar-headed_Goose/Q 4	5	1	1	6	2	1	0	3	6	0	1	1	0	0	0	9	3	1	1	3	1	0	3	4	2	1	3	4	3	7	4	5	8	3	3	5	0	6	3	3	5	10	7	11	0	3	1	3	5	9	3	4	1	6	2	2	7	13	7	2	2	5	3	
1931_A/Bar-headed_Goose/Q 4	5	1	1	6	2	1	0	3	6	0	1	1	0	0	0	9	3	1	1	3	1	0	3	4	2	1	3	4	3	7	4	5	8	3	3	5	0	6	3	3	5	10	7	11	0	3	1	3	5	9	3	4	1	6	2	2	7	13	7	2	2	5	3	
1932_A/Bar-headed_Goose/Q 4	5	1	1	6	2	1	0	3	6	0	1	1	0	0	0	9	4	1	0	3	1	0	3	4	2	1	3	4	3	7	4	5	8	3	3	5	0	6	3	3	5	10	7	10	0	3	1	3	5	9	3	4	1	6	2	2	7	13	7	3	2	5	3	
1933_A/Bar-headed_Goose/Q 4	5	1	1	6	2	1	0	3	6	0	1	1	0	0	0	9	3	1	1	3	1	0	3	4	2	1	3	4	3	7	4	5	8	3	3	5	0	6	3	3	5	10	7	10	0	3	1	3	5	9	3	4	1	6	2	2	7	13	7	3	2	5	3	
1934_A/Bar-headed_Goose/Q 4	5	1	1	6	2	1	0	3	6	0	1	1	0	0	0	9	3	1	1	3	1	0	3	4	2	1	3	4	3	7	4	5	8	3	3	5	0	6	3	3	5	10	7	10	0	3	1	3	5	9	3	4	1	6	2	2	7	13	7	3	2	5	3	
1935_A/Bar-headed_Goose/Q 4	5	1	1	6	2	1	1	3	6	0	1	1	0	0	0	9	3	1	1	3	1	0	3	4	2	1	3	4	3	7	4	5	8	3	3	5	0	6	2	3	5	10	7	10	0	3	1	3	5	9	3	4	1	6	2	2	7	13	7	3	2	5	3	
1936_A/Bar-headed_Goose/Q 4	5	1	1	6	2	1	1	3	6	0	1	1	0	0	0	9	3	1	1	3	1	0	3	4	2	1	3	4	3	7	4	5	8	3	3	5	0	6	2	3	5	10	7	10	0	3	1	3	5	9	3	4	1	6	2	2	7	13	7	3	2	5	3	
1937_A/Bar-headed_Goose/Q 4	5	1	1	6	2	1	1	3	6	0	1	1	0	0	0	9	3	1	1	3	1	0	3	4	2	1	3	4	3	7	4	5	8	3	3	5	0	6	2	3	5	10	7	10	0	3	1	3	5	9	3	4	1	6	2	2	7	13	7	3	2	5	3	
1938_A/Bar-headed_Goose/Q 4	5	1	1	6	2	1	1	3	6	0	1	1	0	0	0	9	3	1	1	3	1	0	3	4	2	1	3	4	3	7	4	5	8	3	3	5	0	6	2	3	5	10	7	10	0	3	1	3	5	9	3	4	1	6	2	2	7	13	7	3	2	5	3	
1939_A/Bar-headed_Goose/Q 4	5	1	1	6	2	1	0	3	6	0	1	1	0	0	0	9	3	1	1	3	1	0	3	4	2	1	3	4	3	7	4	5	8	3	3	5	0	6	3	3	5	10	7	10	0	3	1	3	5	9	3	4	1	6	2	2	7	13	7	3	2	5	3	
1940_A/Bar-headed_Goose/Q 4	5	1	1	6	2	1	0	3	6	0	1	1	0	0	0	9	3	1	1	3	1	0	3	4	2	1	3	4	3	7	4	5	8	3	3	5	0	6	3	3	5	10	7	10	0	3	1	3	5	9	3	4	1	6	2	2	7	13	7	3	2	5	3	
1941_A/Bar-headed_Goose/Q 4	5	1	1	6	2	1	0	3	6	0	1	1	0	0	0	9	3	1	1	3	1	0	3	4	2	1	3	4	3	6	4	5	8	3	3	5	0	6	3	3	5	10	7	10	0	4	1	3	5	9	3	4	1	6	2	2	7	13	7	3	2	5	3	
1942_A/Bar-headed_Goose/Q 4	5	1	1	6	2	1	0	3	6	0	1	1	0	0	0	9	3	1	1	3	1	0	3	4	2	1	3	4	3	7	4	5	8	3	3	5	0	6	3	3	5	10	7	10	0	3	1	3	5	9	3	4	1	6	2	2	7	13	7	3	2	5	3	
1943_A/Bar-headed_Goose/Q 4	5	1	1	6	2	1	1	3	6	0	1	1	0	0	0	9	3	1	1	3	1	0	3	4	2	1	3	4	3	7	4	5	8	3	3	5	0	6	2	3	5	10	7	10	0	3	1	3	5	9	3	4	1	6	2	2	7	13	7	3	2	5	3	
1944_A/Bar-headed_Goose/Q 4	5	1	1	6	2	1	1	3	6	0	1	1	0	0	0	9	3	1	1	3	1	0	3	4	2	1	3	4	3	7	4	5	8	3	3	5	0	6	2	3	5	10	7	10	0	3	1	3	5	9	3	4	1	6	2	2	7	13	7	3	2	5	3	
1945_A/Bar-headed_Goose/Q 4	5	1	1	6	2	1	0	3	6	0	1	1	0	0	0	9	3	1	1	3	1	0	3	4	2	1	3	4	3	7	4	5	8	3	3	5	0	6	3	3	5	10	7	10	0	3	1	3	5	9	3	4	1	6	2	2	7	13	7	3	2	5	3	
1946_A/Bar-headed_Goose/Q 4	5	1	1	6	2	1	0	3	6	0	1	1	0	0	0	9	3	1	1	3	1	0	3	4	2	1	3	4	3	6	4	5	8	3	3	5	0	6	3	3	5	10	7	10	0	4	1	3	5	9	3	4	1	6	2	2	7	13	7	3	2	5	3	
1947_A/Bar-headed_Goose/Q 4	5	1	1	6	2	1	0	3	6	0	1	1	0	0	0	9	3	1	1	3	1	0	3	4	2	1	3	4	3	7	4	5	7	3	3	5	0	6	3	3	5	10	7	10	0	3	1	3	6	9	3	4	1	6	2	2	7	13	7	3	2	5	3	
1948_A/Bar-headed_Goose/Q 5	5	1	1	6	2	1	0	2	6	0	1	1	0	0	0	9	3	1	1	3	1	0	4	4	2	1	3	4	3	7	4	5	7	3	3	5	0	6	2	3	5	10	7	10	0	3	1	3	6	9	3	4	1	6	2	2	7	13	7	3	2	5	3	
1949_A/Bar-headed_Goose/Q 4	5	1	1	6	2	1	0	3	6	0	1	1	0	0	0	9	3	1	1	3	1	0	3	4	2	1	3	4	3	6	4	5	8	4	3	5	0	5	3	3	5	10	7	11	0	4	1	3	5	9	3	4	1	6	2	2	7	13	7	2	2	5	3	
1950_A/Bar-headed_Goose/Q 4	5	1	1	6	2	1	0	3	6	0	1	1	0	0	0	9	3	1	1	3	1	0	3	4	2	1	3	4	3	7	4	5	8	3	3	5	0	6	3	3	5	10	7	11	0	3	1	3	5	9	3	4	1	6	2	2	7	13	7	2	2	5	3	
1951_A/Bar-headed_Goose/Q 4	5	1	1	6	2	1	0	3	6	0	1	1	0	0	0	9	3	1	1	3	1	0	3	4	2	1	3	4	3	7	4	5	8	3	3	5	0	6	3	3	5	10	7	10	0	3	1	3	5	9	3	4	1	6	2	2	7	13	7	3	2	5	3	
1952_A/Bar-headed_Goose/Q 4	5	1	1	6	2	1	0	3	6	0	1	1	0	0	0	9	3	1	1	3	1	0	3	4	2	1	3	4	3	7	4	5	8	3	3	5	0	6	3	3	5	10	7	10	0	3	1	3	5	9	3	4	1	6	2	2	7	13	7	3	2	5	3	
1953_A/Bar-headed_Goose/Q 4	5	1	1	6	2	1	1	3	6	0	1	1	0	0	0	9	3	1	1	3	1	0	3	4	2	1	3	4	3	7	4	5	8	3	3	5	0	6	2	3	5	10	7	10	0	3	1	3	5	9	3	4	1	6	2	2	7	13	7	3	2	5	3	
1954_A/Bar-headed_Goose/Q 4	5	1	1	6	2	1	1	3	6	0	1	1	0	0	0	9	3	1	1	3	1	0	3	4	2	1	3	4	3	7	4	5	8	3	3	5	0	6	2	3	5	10	7	10	0	3	1	3	5	9	3	4	1	6	2	2	7	13	7	3	2	5	3	
1955_A/Bar-headed_Goose/Q 4	5	1	1	6	2	1	0	3	6	0	1	1	0	0	0	9	3	1	1	3	1	0	3	4	2	1	3	4	3	7	4	5	8	3	3	5	0	6	3	3	5	10	7	10	0	3	1	3	5	9	3	4	1	6	2	2	7	13	7	3	2	5	3	
1956_A/Bar-headed_Goose/Q 4	5	1	1	6	2	1	0	3	6	0	1	1	0	0	0	9	3	1	1	3	1	0	3	4	2	1	3	4	3	7	4	5	8	3	3	5	0	6	3	3	5	10	7	10	0	3	1	3	5	9	3	4	1	6	2	2	7	13	7	3	2	5	3	
1957_A/Bar-headed_Goose/Q 4	5	1	1	6	2	1	0	3	6	0	1	1	0	0	0	9	3	1	1	3	1	0	3	4	2	1	3	4	3	7	4	5	8	3	3	5	0	6	3	3	5	10	7	10	0	3	1	3	5	9	3	4	1	6	2	2	7	13	7	3	2	5	3	
1958_A/Bar-headed_Goose/Q 4	5	1	1	6	2	1	0	3	6	0	1	1	0	0	0	9	3	1	1	3	1	0	3	4	2	1	3	4	3	7	4	5	8	3	2	5	0	6	3	3	5	10	7	10	0	3	1	3	5	9	3	4	1	6	2	2	7	13	7	4	2	5	3	
1959_A/Bar-headed_Goose/Q 4	5	1	1	6	2	1	1	3	6	0	1	1	0	0	0	9	3	1	1	3	1	0	3	4	2	1	3	4	3	7	4	5	8	3	3	5	0	6	2	3	5	10	7	10	0	3	1	3	5	9	3	4	1	6	2	2	7	13	7	3	2	5	3	
1960_A/Bar-headed_Goose/Q 4	5	1	1	6	2	1	1	3	6	0	1	1	0	0	0	9	3	1	1	3	1	0	3	4	2	1	3	4	3	7	4	5	8	3	3	5	0	6	2	3	5	10	7	10	0	3	1	3	5	9	3	4	1	6	2	2	7	13	7	3	2	5	3	
1961_A/Bar-headed_Goose/Q 4	5	1	1	6	2	1	0	3	6	0	1	1	0	0	0	9	3	1	1	3	1	0	3	4	2	1	3	4	3	7	4	5	8	3	3	5	0	6	3	3	5	10	7	10	0	3	1	3	5	9	3	4	1	6	2	2	7	13	7	3	2	5	3	
1962_A/Bar-headed_Goose/Q 4	5	1	1	6	2	1	0	3	6	0	1	1	0	0	0	9	3	1	1	3	1	0	3	4	2	1	3	4	3	7	4	5	8	3	3	5	0	6	3	3	5	10	7	10	0	3	1	3	5	9	3	4	1	6	2	2	7	13	7	3	2	5	3	
1963_A/Bar-headed_Goose/Q 4	5	1	1	6	2	1	0	3	6	0	1	1	0	0	0	9	3	1	1	3	1	0	3	4	2	1	3	4	3	7	4	5	8	3	3	5	0	6	3	3	5	10	7	10	0	3	1	3	5	9	3	4	1	6	2	2	7	13	7	3	2	5	3	
1964_A/Bar-headed_Goose/Q 4	5	1	1	6	2	1	0	3	6	0	1	1	0	0	0	9	3	1	1	3	1	0	3	4	2	1	3	4	3	7	4	5	8	3	3	5	0	6	3	3	5	10	7	10	0	3	1	3	5	9	3	4	1	6	2	2	7	13	7	3	2	5	3	
1965_A/Bar-headed_Goose/Q 4	5	1	1	6	2	1	0	3	6	0	1	1	0	0	0	9	3	1	1	3	1	0	3	4	2	1	3	4	3	7	4	5	8	3	3	5	0	6	3	3	5	10	7	10	0	3	1	3	5	9	3	4	1	6	2	2	7	13	7	3	2	5	3	
1966_A/Bar-headed_Goose/Q 4	5	1	1	6	2	1	0	3	6	0	1	1	0	0	0	9	3	1	1	3	1	0	3	4	2	1	3	4	3	7	4	5	8	3	3	5	0	6	3	3	5	10	7	10	0	3	1	3	5	9	3	4	1	6	2	2	7	13	7	3	2	5	3	
1967_A/Bar-headed_Goose/Q 4	5	1	1	6	2	1	0	3	6	0	1	1	0	0	0	9	3	1	1	3	1	0	3	4	2	1	3	4	3	7	4	5	8	3	3	5	0	6	3	3	5	10	7	10	0	3	1	3	5	9	3	4	1	6	2	2	7	13	7	3	2	5	3	
1968_A/Bar-headed_Goose/T 3	6	1	1	7	0	1	1	2	5	0	0	1	0	1	0	9	4	1	1	3	2	0	3	4	3	1	3	4	2	5	5	5	8	2	2	5	1	6	2	4	2	7	6	9	0	5	1	2	5	10	4	4	1	5	1	2	8	10	6	3	0	6	3	
1969_A/Bar-headed_Goose/T 3	5	1	1	7	0	1	1	2	5	0	0	1	0	1	0	9	4	1	1	3	2	0	3	5	3	1	4	4	2	5	4	5	8	2	3	5	1	6	2	4	2	8	5	9	0	5	1	2	5	10	3	4	1	5	1	2	8	10	6	3	0	6	3	
1970_A/Bar-headed_Goose/T 3	5	1	1	7	0	1	1	3	5	0	0	1	0	1	0	9	4	1	1	3	2	0	3	4	3	1	4	4	2	5	4	5	8	2	3	5	1	6	2	4	2	8	5	9	0	5	1	2	5	10	3	4	1	5	1	2	8	10	6	3	0	6	3	
1971_A/Bar-headed_Goose/T 3	5	1	1	7	0	1	1	2	5	0	0	1	0	1	0	9	4	1	1	3	2	0	3	5	3	1	3	4	2	5	5	5	8	2	2	5	1	6	2	4	2	7	6	9	0	5	1	2	5	10	4	4	1	5	1	2	8	10	6	3	0	6	3	
1972_A/Bar-headed_Goose/T 3	5	1	1	7	1	1	1	2	5	0	0	1	0	1	0	9	4	1	1	3	1	0	3	5	3	1	4	4	2	5	4	5	8	2	3	5	1	6	2	4	2	8	5	9	0	5	1	2	5	10	3	4	1	5	1	2	8	10	6	3	0	6	3	
1973_A/Bar-headed_Goose/T 3	5	1	1	7	1	1	1	2	5	0	0	1	0	1	0	9	4	1	1	3	1	0	3	5	3	1	4	4	2	5	4	5	8	2	3	5	1	6	2	4	2	8	5	9	0	5	1	2	5	10	3	4	1	5	1	2	8	10	6	3	0	6	3	
1974_A/Bar-headed_Goose/T 3	5	1	1	7	0	1	1	2	5	0	0	1	0	1	0	9	4	1	1	3	2	0	3	5	3	1	4	4	2	5	4	5	8	2	3	5	1	6	2	4	2	8	5	9	0	5	1	2	5	10	3	4	1	5	1	2	8	10	6	3	0	6	3	
1975_A/Bar-headed_Goose/T 3	5	1	1	7	0	1	1	2	5	0	0	1	0	1	0	9	4	1	1	3	2	0	3	5	3	1	4	4	2	5	4	5	8	2	3	5	1	6	2	4	2	8	5	9	0	5	1	2	5	10	3	4	1	5	1	2	8	10	6	3	0	6	3	
1976_A/Bar-headed_Goose/T 3	5	1	1	7	0	1	1	2	5	0	0	1	0	1	0	9	4	1	1	3	2	0	3	5	3	1	4	4	2	5	4	5	8	2	3	5	1	6	2	4	2	8	5	9	0	5	1	2	5	10	3	4	1	5	1	2	8	10	6	3	0	6	3	
1977_A/Bar-headed_Goose/T 3	5	1	1	7	0	1	1	2	5	0	0	1	0	1	0	9	4	1	1	3	2	0	3	5	3	1	3	4	2	5	5	5	8	2	2	5	1	6	2	4	2	8	5	9	0	5	1	2	5	10	4	4	1	5	1	2	8	10	6	3	0	6	3	
1978_A/Bar-headed_Goose/T 3	5	1	1	7	0	1	1	2	5	0	0	1	0	1	0	9	4	1	1	3	2	0	3	5	3	1	3	4	2	5	5	5	8	2	2	5	1	6	2	4	2	7	6	9	0	5	1	2	5	10	4	4	1	5	1	2	8	10	6	3	0	6	3	
1979_A/Bar-headed_Goose/T 3	5	1	1	7	0	1	1	2	5	0	0	1	0	1	0	9	4	1	1	3	2	0	3	5	3	1	3	4	2	5	5	5	8	2	2	5	1	6	2	4	2	7	6	9	0	5	1	2	5	10	4	4	1	5	1	2	8	10	6	3	0	6	3	
1980_A/bean_goose/Hubei/B 3	5	1	1	7	1	1	1	3	5	0	0	1	0	1	0	9	4	1	1	3	1	0	3	4	3	1	4	4	2	5	4	4	8	3	2	5	1	6	2	4	2	8	5	9	0	5	1	2	5	10	4	4	1	5	1	2	8	10	6	3	0	6	3	
1981_A/Bean_Goose/Hubei/c 4	3	0	0	5	3	1	2	2	6	0	1	0	0	0	0	10	3	2	1	3	1	0	3	4	5	1	3	5	1	7	3	6	8	3	2	5	1	4	3	4	4	9	8	9	0	3	1	2	5	9	3	4	1	8	1	1	7	11	7	6	2	8	2	
1982_A/Bean_goose/Hubei/C 4	5	1	1	6	2	1	0	3	6	0	1	1	0	0	0	9	3	1	1	3	1	0	3	4	2	1	3	4	3	7	4	5	8	3	3	5	0	6	3	3	5	10	7	10	0	3	1	3	5	9	3	4	1	6	2	2	7	13	7	3	2	5	3	
1983_A/Bean_goose/Hubei/C 4	5	1	1	6	2	1	0	3	6	0	1	1	0	0	0	9	3	1	1	3	1	0	3	4	2	1	3	4	3	7	4	5	8	3	3	5	0	6	3	3	5	10	7	10	0	3	1	3	5	9	3	4	1	6	2	2	7	13	7	3	2	5	3	
1984_A/Bean_goose/Hubei/C 4	5	1	1	6	2	1	0	3	6	0	1	1	0	0	0	9	3	1	1	3	1	0	3	4	2	1	3	4	3	7	4	5	8	3	3	5	0	6	3	3	5	10	7	10	0	3	1	3	5	9	3	4	1	6	2	2	7	13	7	3	2	5	3	
1985_A/black_swan/Beijing 3	5	1	1	7	0	1	1	3	5	0	0	1	0	1	0	9	4	1	1	3	2	0	3	4	3	1	4	4	2	5	4	4	8	4	2	4	1	5	2	4	2	8	5	9	0	5	1	2	5	10	4	5	1	5	1	2	8	10	6	3	0	6	3	
1986_A/black-backed_gull/ 3	5	1	1	7	0	1	1	3	5	0	0	1	0	1	0	9	4	1	1	3	2	0	3	4	3	1	4	4	2	5	4	4	8	4	2	5	1	5	2	4	2	8	5	9	0	5	1	2	5	10	4	4	1	5	1	2	8	10	6	3	0	6	3	
1987_A/Brown-headed_Gull/ 4	5	1	1	6	2	1	0	3	6	0	1	1	0	0	0	9	3	1	1	3	1	0	3	4	2	1	3	4	3	7	4	5	8	3	3	5	0	6	3	3	5	10	7	10	0	3	1	3	5	9	3	4	1	6	2	2	7	13	7	3	2	5	3	
1988_A/Brown-headed_Gull/ 4	5	1	1	6	2	1	0	3	6	0	1	1	0	0	0	9	3	1	1	3	1	0	3	4	2	1	3	4	3	7	4	5	8	3	3	5	0	6	3	3	5	10	7	10	0	3	1	3	5	9	3	4	1	6	2	2	7	13	7	3	2	5	3	
1989_A/Brown-headed_Gull/ 4	5	1	1	6	2	1	0	3	6	0	1	1	0	0	0	9	3	1	1	3	1	0	3	4	2	1	3	4	3	7	4	5	8	3	3	5	0	6	3	3	5	10	7	10	0	3	1	3	5	9	3	4	1	6	2	2	7	13	7	3	2	5	3	
1990_A/Brown-headed_Gull/ 4	5	1	1	6	2	1	0	3	6	0	1	1	0	0	0	9	3	1	1	3	1	0	3	4	2	1	3	4	3	7	4	5	8	3	3	5	0	6	3	3	5	10	7	10	0	3	1	3	5	9	3	4	1	6	2	2	7	13	7	3	2	5	3	
1991_A/Brown-headed_Gull/ 4	5	1	1	6	2	1	0	3	6	0	1	1	0	0	0	9	3	1	1	3	1	0	3	4	2	1	3	4	3	7	4	5	8	3	3	5	0	6	3	3	5	10	7	10	0	3	1	3	5	9	3	4	1	6	2	2	7	13	7	3	2	5	3	
1992_A/Brown-headed_Gull/ 4	5	1	1	6	2	1	1	3	6	0	1	1	0	0	0	9	3	1	1	3	1	0	3	4	2	1	3	4	3	7	4	5	8	3	3	5	0	6	2	3	5	10	7	10	0	3	1	3	5	9	3	4	1	6	2	2	7	13	7	3	2	5	3	
1993_A/Brown-headed_Gull/ 4	5	1	1	6	2	1	1	3	6	0	1	1	0	0	0	9	3	1	1	3	1	0	3	4	2	1	3	4	3	7	4	5	8	3	3	5	0	6	2	3	5	10	7	10	0	3	1	3	5	9	3	4	1	6	2	2	7	13	7	3	2	5	3	
1994_A/Brown-headed_Gull/ 4	5	1	1	6	2	1	0	3	6	0	1	1	0	0	0	9	3	1	1	3	1	0	3	4	2	1	3	4	3	7	4	5	8	3	3	5	0	6	3	3	5	10	7	10	0	3	1	3	5	9	3	4	1	6	2	2	7	13	7	3	2	5	3	
1995_A/Brown-headed_Gull/ 5	5	1	1	6	2	1	0	2	6	0	1	1	0	0	0	9	3	1	1	3	1	0	3	4	2	1	3	4	3	7	4	5	8	3	3	5	0	6	3	3	5	10	7	10	0	3	1	3	5	9	3	4	1	6	2	2	7	13	7	3	2	5	3	
1996_A/brown-headed_gull/ 3	5	1	1	7	0	1	1	2	5	0	0	1	0	1	0	9	4	1	1	3	2	0	3	5	3	1	4	4	2	5	4	5	8	2	2	5	1	6	2	4	2	8	5	9	0	5	1	2	5	10	4	4	1	5	1	2	8	10	6	3	0	6	3	
1997_A/Brown-headed_Gull/ 3	5	1	1	7	0	1	1	2	5	0	0	1	0	1	0	9	4	1	1	3	2	0	3	5	3	1	3	4	2	5	5	5	8	2	2	5	1	6	2	4	2	7	6	9	0	5	1	2	5	10	4	4	1	5	1	2	8	10	6	3	0	6	3	
1998_A/Brown-headed_Gull/ 3	5	1	1	7	0	1	1	2	5	0	0	1	0	1	0	9	4	1	1	3	2	0	3	5	3	1	4	4	2	5	4	5	8	2	2	5	1	6	2	4	2	8	5	9	0	5	1	2	5	10	4	4	1	6	1	2	8	9	6	3	0	6	3	
1999_A/Brown-headed_Gull/ 3	5	1	1	7	0	1	1	2	5	0	0	1	0	1	0	9	4	1	1	3	2	0	3	5	3	1	4	4	2	5	4	5	8	2	2	5	1	6	2	4	2	8	5	9	0	5	1	2	5	10	4	4	1	6	1	2	8	9	6	3	0	6	3	
2000_A/chicken/Changhua/1 4	5	0	0	5	2	1	2	2	7	0	1	0	0	0	0	9	3	2	1	4	1	0	3	4	3	2	5	5	1	6	3	7	9	5	2	5	2	2	3	4	4	10	8	10	0	4	0	2	4	9	3	4	1	9	1	3	7	13	7	4	2	5	4	
2001_A/chicken/Changhua/1 4	5	0	0	5	2	1	2	2	7	0	1	0	0	0	0	8	3	2	1	5	1	0	3	4	3	2	4	5	1	6	4	7	9	5	2	5	2	2	3	4	4	10	8	10	0	4	0	2	4	9	3	4	1	9	1	3	7	13	6	4	2	5	5	
2002_A/chicken/Changhua/1 4	5	0	0	5	2	1	2	2	7	0	1	0	0	0	0	9	3	2	1	4	1	0	3	4	3	2	4	5	1	6	4	7	9	5	3	5	2	2	2	4	4	10	8	10	0	4	0	2	4	9	3	4	1	9	1	3	7	13	6	4	2	5	5	
2003_A/chicken/Changhua/1 4	5	0	0	5	2	1	2	2	7	0	1	0	0	0	0	9	3	2	1	4	1	0	3	4	3	2	4	5	1	6	4	7	9	5	3	4	3	2	2	4	4	10	8	10	0	4	0	2	4	9	3	4	1	9	1	3	7	13	6	4	2	5	5	
2004_A/chicken/Changhua/1 4	5	0	0	5	2	1	2	2	7	0	1	0	0	0	0	9	3	2	1	4	1	0	3	4	3	2	4	5	1	6	4	7	9	5	2	5	2	2	3	4	4	10	8	11	0	4	0	2	4	8	4	4	1	9	1	3	6	13	7	3	3	5	4	
2005_A/chicken/Changhua/1 4	5	0	0	5	2	1	2	2	7	0	1	0	0	0	0	9	3	2	1	4	1	0	3	4	3	2	4	5	1	6	4	7	9	4	2	5	2	2	3	4	4	10	8	11	0	4	0	2	4	10	3	4	1	9	1	3	6	13	6	3	3	5	5	
2006_A/chicken/Chiayi/150 4	5	0	0	5	2	1	2	2	7	0	1	0	0	0	0	9	3	2	1	4	1	0	3	4	3	2	4	5	1	6	4	7	9	5	2	5	2	2	3	4	4	10	8	10	0	4	0	2	4	9	3	4	1	9	1	3	7	13	7	4	2	5	4	
2007_A/chicken/Kaohsiung/ 4	4	0	0	5	2	1	2	1	6	0	1	2	0	0	0	10	3	2	1	3	1	0	3	5	4	3	3	4	2	5	4	6	7	4	2	5	1	4	3	2	5	10	7	9	0	2	2	2	6	9	3	4	1	8	1	2	7	10	6	5	1	9	3	
2008_A/chicken/Kaohsiung/ 4	4	0	0	5	2	1	2	1	6	0	1	2	0	0	0	10	3	2	1	3	1	0	3	5	4	3	3	4	2	5	4	6	7	4	2	5	1	4	3	3	3	11	7	9	0	2	2	2	5	10	3	4	1	7	1	2	7	10	6	5	2	9	3	
2009_A/chicken/Kaohsiung/ 4	4	0	0	5	2	1	2	1	6	0	1	2	0	0	0	10	3	2	1	3	1	0	3	5	4	3	3	4	2	5	4	6	7	4	2	5	1	4	3	3	4	10	7	9	0	2	2	2	5	9	3	4	1	8	1	2	7	10	6	5	2	9	3	
2010_A/chicken/Kaohsiung/ 4	4	0	0	5	2	1	2	1	6	0	1	2	0	0	0	10	3	2	1	3	1	0	3	5	4	3	3	4	2	5	4	6	7	4	2	5	1	4	3	2	5	10	7	9	0	2	2	2	6	9	3	4	1	8	1	2	7	10	6	5	1	9	3	
2011_A/chicken/Kaohsiung/ 4	4	0	0	5	2	1	2	1	6	0	1	2	0	0	0	10	3	2	1	3	1	0	3	5	4	2	3	4	2	6	4	6	7	4	2	5	1	4	3	2	5	10	6	9	0	2	3	2	5	10	2	4	1	8	1	2	8	10	6	5	1	9	3	
2012_A/chicken/Kaohsiung/ 4	4	0	1	5	2	1	1	2	7	0	1	2	0	0	0	10	3	2	1	3	1	0	3	4	3	3	3	4	2	5	4	6	7	4	2	5	2	3	3	3	4	10	7	9	0	2	2	2	5	9	3	4	1	8	1	2	7	10	6	5	2	9	3	
2013_A/chicken/Kaohsiung/ 4	4	0	0	5	2	1	2	1	6	0	1	2	0	0	0	10	3	2	1	3	1	0	3	5	4	3	4	4	2	5	3	6	7	6	2	4	1	4	3	5	4	10	7	9	0	2	2	2	4	5	5	4	2	8	1	2	7	10	6	4	2	9	3	
2014_A/chicken/Miaoli/150 4	5	0	0	5	2	1	2	2	7	0	1	0	0	0	0	9	3	2	1	4	1	0	3	4	3	2	3	5	1	6	4	7	9	4	2	5	2	2	3	4	4	10	8	9	0	4	0	2	3	8	3	4	1	9	1	3	7	13	6	4	2	4	4	
2015_A/chicken/Nantou/161 4	4	0	0	5	1	1	2	1	6	0	1	2	0	0	0	10	3	2	1	3	2	0	3	5	4	3	3	4	2	5	4	6	7	5	2	5	1	4	3	2	5	10	6	9	0	2	3	2	5	8	3	4	1	8	1	2	8	10	6	5	1	9	3	
2016_A/chicken/New_Taipei 4	4	0	0	5	2	1	2	1	5	0	1	2	1	0	0	11	2	2	1	3	1	0	3	5	4	3	3	4	2	5	4	6	7	4	3	4	1	4	3	4	4	10	7	10	0	2	2	2	5	8	3	4	1	8	1	2	7	10	6	4	2	9	3	
2017_A/chicken/New_Taipei 4	4	0	0	5	2	1	2	1	5	0	1	2	1	0	0	10	3	2	1	3	1	0	3	5	4	3	3	4	2	5	4	6	7	4	3	4	1	4	3	4	4	10	7	10	0	2	2	2	5	8	3	4	1	8	1	2	7	10	6	4	2	9	3	
2018_A/chicken/New_Taipei 4	4	1	0	5	2	0	2	1	6	0	1	2	0	0	0	10	2	2	1	3	1	0	3	6	4	2	3	4	2	6	3	6	7	5	2	5	1	3	3	2	4	9	7	9	1	3	3	2	5	8	3	4	2	8	1	2	7	11	7	5	2	8	2	
2019_A/chicken/New_Taipei 4	4	1	0	5	2	0	2	1	7	0	1	2	0	0	0	10	3	2	1	3	1	0	3	4	4	2	3	4	2	6	3	5	7	5	2	6	2	3	3	2	4	9	7	9	1	3	3	2	5	8	3	4	1	8	1	2	7	11	6	5	2	8	3	
2020_A/chicken/New_Taipei 4	4	1	0	5	2	0	2	2	6	0	1	2	0	0	0	11	3	2	1	2	1	0	3	4	4	2	3	4	2	6	3	6	7	5	2	5	2	3	3	2	4	9	7	9	1	3	3	2	5	8	3	4	1	8	1	2	7	11	6	5	2	8	3	
2021_A/chicken/New_Taipei 4	4	1	0	5	2	0	2	1	7	0	1	2	0	0	0	10	3	2	1	3	1	0	3	4	4	2	3	4	2	6	3	6	7	5	2	5	2	3	3	2	4	9	7	9	1	3	3	2	5	8	3	4	1	8	1	2	7	11	6	5	2	8	3	
2022_A/chicken/Shandong/K 3	2	0	0	5	2	2	2	2	4	0	1	1	0	0	0	11	3	2	1	3	1	0	3	4	6	1	3	3	1	7	3	7	6	4	2	7	2	5	2	3	6	7	8	9	0	5	1	2	2	9	4	3	2	7	2	1	6	9	7	5	2	9	1	
2023_A/chicken/Taichung/1 4	3	0	1	5	3	1	1	1	7	0	1	1	0	0	0	9	3	3	0	4	1	0	3	4	5	1	4	4	1	8	3	5	9	3	2	5	1	4	3	4	4	9	8	9	0	3	1	4	3	9	3	4	1	7	2	1	7	13	7	6	1	6	2	
2024_A/chicken/Tainan/150 4	4	0	0	5	2	1	2	1	6	0	1	1	0	0	0	10	3	2	1	3	1	0	3	5	4	3	3	4	2	5	4	6	8	3	2	5	1	4	3	3	4	10	7	9	0	2	2	2	5	10	3	4	1	7	1	2	7	9	6	6	2	10	3	
2025_A/chicken/Tainan/170 4	4	0	0	5	2	1	2	1	5	0	1	2	0	0	0	9	3	2	1	4	1	0	3	5	5	3	3	4	2	5	4	5	7	4	2	6	1	4	3	4	4	10	7	9	0	2	2	2	4	9	4	4	2	7	1	1	7	10	6	5	2	9	3	
2026_A/chicken/Taipei_Cit 4	4	1	0	5	2	0	2	2	6	0	1	2	0	0	0	10	3	2	2	3	1	0	2	4	4	2	3	4	2	6	3	6	7	5	2	5	2	3	3	2	4	9	7	9	1	3	3	2	5	8	3	4	1	8	1	2	7	11	6	5	2	8	3	
2027_A/chicken/Taipei/160 4	4	0	0	5	2	1	2	1	6	0	1	2	0	0	0	10	3	2	1	3	1	0	3	5	4	3	3	4	2	5	4	6	7	4	2	5	1	4	3	2	5	10	6	9	0	2	3	2	5	9	3	4	1	8	1	2	8	10	6	5	1	9	3	
2028_A/chicken/Taipei/160 4	4	0	0	5	2	1	2	1	6	0	1	2	0	0	0	10	3	2	1	3	1	0	3	5	4	3	3	4	2	5	4	6	7	4	2	5	1	4	3	2	5	10	6	9	0	2	3	2	5	9	3	4	1	8	1	2	8	10	6	5	1	9	3	
2029_A/chicken/Taipei/161 4	4	0	0	5	2	1	2	2	7	0	1	2	0	0	0	10	3	2	1	3	1	0	3	5	2	3	3	4	2	5	4	6	7	4	2	5	1	4	3	3	4	10	7	9	0	2	2	2	5	9	3	4	1	8	1	2	7	10	6	5	2	9	3	
2030_A/chicken/Taipei/170 4	4	1	0	5	2	0	2	1	6	0	1	2	0	0	0	10	3	2	1	3	1	0	3	5	4	2	3	4	2	6	3	6	7	5	2	5	2	3	3	2	4	10	5	9	1	3	4	2	5	8	3	4	1	8	1	2	7	11	6	5	2	8	3	
2031_A/chicken/Taipei/170 4	4	1	0	5	2	0	2	1	6	0	1	2	0	0	0	10	3	2	1	3	1	0	3	5	4	2	3	4	2	6	3	6	7	5	2	5	2	3	3	2	4	9	7	9	1	3	3	2	5	8	3	4	1	8	1	2	7	11	6	5	2	9	2	
2032_A/chicken/Taipei/170 4	4	1	0	5	2	0	2	1	6	0	1	2	0	0	0	10	3	3	0	3	1	0	3	5	4	2	2	4	2	6	4	6	7	5	2	5	2	3	3	2	4	9	6	9	1	3	4	2	5	8	3	4	1	8	1	2	7	11	6	5	2	8	3	
2033_A/chicken/Taiwan/x37 4	4	0	0	5	2	1	2	1	6	0	1	2	0	0	0	10	3	2	1	3	1	0	3	5	5	3	3	4	1	5	4	6	7	4	2	5	1	4	3	3	4	10	7	9	0	2	2	2	5	9	3	4	1	8	1	2	8	10	6	5	1	9	3	
2034_A/chicken/Yunlin/150 4	5	0	0	5	2	1	2	2	7	0	1	0	0	0	0	9	3	2	1	4	1	0	3	4	3	2	5	5	1	6	3	7	9	5	2	5	2	2	3	4	4	10	9	10	0	4	0	2	4	9	3	4	1	9	1	3	7	13	6	4	2	5	4	
2035_A/chicken/Yunlin/160 4	5	0	0	5	2	1	2	2	7	0	1	0	0	0	0	8	3	2	1	5	1	0	3	4	3	2	4	5	1	6	4	7	9	5	1	5	2	3	3	4	4	10	8	11	0	4	0	2	4	9	3	4	1	9	1	3	6	13	7	3	3	5	4	
2036_A/chicken/Yunlin/170 4	3	0	1	5	3	1	1	1	7	0	1	1	0	0	0	10	3	2	0	3	1	0	3	4	5	1	4	4	1	7	5	6	8	3	2	5	1	4	3	4	4	9	8	9	0	3	1	3	4	9	3	4	1	8	1	1	7	13	7	6	1	6	2	
2037_A/Chlidonias_hybrida 3	5	1	1	7	0	1	1	2	5	0	0	1	0	1	0	9	4	1	1	3	2	0	3	5	3	1	5	4	2	5	3	4	8	3	2	5	1	6	2	4	2	8	6	9	0	5	0	2	5	10	4	4	1	5	1	2	8	10	6	3	0	6	3	
2038_A/common_coot/Shando 3	5	1	1	7	0	1	1	3	5	0	0	1	0	1	0	9	4	1	1	3	2	0	3	4	3	1	4	4	2	5	4	4	8	4	1	5	1	5	2	4	2	8	6	9	0	5	1	2	5	10	4	4	1	5	1	2	8	10	6	3	0	6	3	
2039_A/common_crane/Yunna 3	5	1	1	7	0	1	1	3	5	0	0	1	0	1	0	9	4	1	1	3	2	0	3	4	3	1	4	4	2	5	4	4	8	3	2	5	1	6	2	4	2	8	5	9	0	5	1	2	5	10	4	4	1	5	1	2	8	10	6	3	0	6	3	
2040_A/common_pochard/Nin 4	5	1	1	6	2	1	1	3	7	0	1	1	0	0	0	9	3	1	1	3	1	1	2	5	2	1	2	2	3	7	5	6	6	4	3	5	0	4	3	4	4	10	6	9	0	4	1	3	6	9	3	4	1	6	2	1	7	13	7	5	2	6	2	
2041_A/common_teal/Ningxi 3	5	1	1	7	0	1	1	2	5	0	0	1	0	1	0	9	4	1	1	3	2	0	3	5	3	1	4	4	2	5	4	4	8	3	2	5	1	6	2	4	2	8	5	9	0	5	1	2	5	10	4	4	1	5	1	2	8	10	6	3	0	6	3	
2042_A/common_teal/Ningxi 4	5	1	1	6	2	1	1	3	7	0	1	2	0	0	0	9	3	1	1	3	1	1	2	5	2	1	2	2	3	7	5	6	6	4	3	5	0	5	3	5	4	10	6	9	0	5	1	3	6	9	4	4	1	7	2	1	7	13	7	5	2	6	3	
2043_A/common_teal/Ningxi 4	5	1	1	6	2	1	1	3	7	0	1	1	0	0	0	9	3	1	1	3	1	1	2	5	2	1	2	2	3	7	5	6	6	4	3	5	0	4	3	4	4	10	6	9	0	4	1	3	6	9	3	4	1	6	2	1	7	13	7	5	2	6	2	
2044_A/common_teal/Ningxi 4	5	1	1	6	2	1	1	3	7	0	1	1	0	0	0	9	3	1	1	3	1	1	2	5	2	1	2	2	3	7	5	6	6	4	3	5	0	4	3	4	4	10	6	9	0	4	1	3	6	9	3	4	1	6	2	1	7	13	7	5	2	6	2	
2045_A/common_teal/Ningxi 4	5	1	1	6	2	1	1	3	7	0	1	1	0	0	0	9	3	1	1	3	1	1	2	5	2	1	2	2	3	7	5	6	6	4	3	5	0	4	3	4	4	10	6	9	0	4	1	3	6	9	3	4	1	6	2	1	7	13	7	5	2	6	2	
2046_A/common_teal/Ningxi 4	5	1	1	6	2	1	1	3	7	0	1	1	0	0	0	9	3	1	1	3	1	1	2	5	2	1	2	2	3	7	5	6	6	4	3	5	0	4	3	4	4	10	6	9	0	4	1	3	6	9	3	4	1	6	2	1	7	13	7	5	2	6	2	
2047_A/common_teal/Shaanx 3	5	1	1	7	1	1	1	2	5	0	0	1	0	1	0	9	4	1	1	3	1	0	3	5	3	1	4	4	2	5	4	4	8	3	2	5	1	6	2	4	2	8	5	9	0	5	1	2	5	10	4	4	1	5	1	2	8	10	6	3	0	6	3	
2048_A/Cygnus_atratus/Hub 6	5	1	1	6	2	1	1	3	6	0	1	1	0	0	0	8	3	1	1	3	1	0	3	4	2	1	3	4	3	7	4	4	8	3	3	5	0	6	2	4	4	10	7	10	0	3	1	3	5	9	3	4	1	6	2	2	7	13	7	3	2	5	3	
2049_A/Cygnus_atratus/Hub 6	5	1	1	6	2	1	1	3	6	0	1	1	0	0	0	8	3	1	1	3	1	0	3	4	2	1	3	4	3	7	4	4	8	3	3	5	0	6	2	4	4	10	7	10	0	3	1	3	5	9	3	4	1	6	2	2	7	13	7	3	2	5	3	
2050_A/Cygnus_columbianus 3	5	1	1	7	0	1	1	2	5	0	0	1	0	1	0	9	4	1	1	3	2	0	3	5	3	1	5	4	2	5	3	4	8	3	2	5	1	6	2	4	2	8	6	9	0	5	0	2	5	10	4	4	1	5	1	2	8	10	6	3	0	6	3	
2051_A/Cygnus_columbianus 3	5	1	1	7	0	1	1	3	5	0	0	1	0	1	0	9	4	1	1	3	2	0	3	4	3	1	4	4	2	5	4	4	8	3	2	5	1	6	2	4	2	8	5	9	0	5	1	2	5	10	4	4	1	5	1	2	8	10	6	3	0	6	3	
2052_A/Cygnus_columbianus 3	5	1	1	7	0	1	1	2	5	0	0	1	0	1	0	9	4	1	1	3	2	0	3	5	3	1	4	4	2	5	4	4	8	3	2	5	1	6	2	4	2	8	5	9	0	5	1	2	5	10	4	4	1	5	1	2	8	10	6	3	0	6	3	
2053_A/Cygnus_columbianus 3	5	1	1	7	0	1	1	2	5	0	0	1	0	1	0	9	4	1	1	3	2	0	3	5	3	1	5	4	2	5	3	4	8	3	2	5	1	6	2	4	2	8	6	9	0	5	0	2	5	10	4	4	1	5	1	2	8	10	6	3	0	6	3	
2054_A/Cygnus_columbianus 3	5	1	1	7	0	1	1	2	5	0	0	1	0	1	0	9	4	1	1	3	2	0	3	5	3	1	5	4	2	5	3	4	8	3	2	5	1	6	2	4	2	8	6	9	0	5	0	2	5	10	4	4	1	5	1	2	8	10	6	3	0	6	3	
2055_A/Cygnus_columbianus 3	5	1	1	7	0	1	1	2	5	0	0	1	0	1	0	9	4	1	1	3	2	0	3	5	3	1	5	4	2	5	3	4	8	3	2	5	1	6	2	4	2	8	6	9	0	5	0	2	5	10	4	4	1	5	1	2	8	10	6	3	0	6	3	
2056_A/Cygnus_columbianus 3	5	1	1	7	0	1	1	2	5	0	0	1	0	1	0	9	4	1	1	3	2	0	3	5	3	1	5	4	2	5	3	5	8	3	2	5	1	6	2	4	2	8	6	9	0	5	0	1	5	10	4	4	1	5	1	2	8	10	6	3	0	6	3	
2057_A/duck/Chiayi/150800 4	5	0	0	5	2	1	2	2	7	0	1	0	0	0	0	9	3	2	1	4	1	0	3	4	3	2	4	5	1	6	4	7	9	5	2	5	2	2	3	4	4	10	8	11	0	4	0	2	4	9	3	4	1	9	1	3	6	13	7	3	3	5	4	
2058_A/duck/Eastern_China 5	6	1	1	5	1	1	2	3	6	0	1	1	0	0	0	9	3	1	0	3	1	0	3	4	2	1	3	4	3	7	4	5	9	3	2	5	0	5	3	4	4	10	7	10	0	4	1	3	4	8	3	4	1	8	1	3	7	13	7	3	2	5	2	
2059_A/duck/Eastern_China 3	2	0	0	5	2	2	2	2	4	0	1	1	0	0	0	10	3	2	1	4	1	0	3	3	6	1	3	4	1	7	3	6	7	3	2	7	2	5	2	3	6	8	7	9	0	5	1	2	2	10	4	3	2	7	2	1	6	9	7	5	2	9	1	
2060_A/duck/Eastern_China 3	2	0	0	5	2	2	2	2	4	0	1	1	0	0	0	10	3	2	1	4	1	0	3	3	6	1	3	4	1	7	3	6	7	3	2	7	2	5	2	3	6	8	7	9	0	5	1	2	2	10	4	3	2	7	2	1	6	9	7	5	2	9	1	
2061_A/duck/Eastern_China 3	2	0	0	5	2	2	2	2	4	0	1	1	0	0	0	10	3	2	1	4	1	0	3	3	6	1	3	4	1	7	3	6	7	3	2	7	2	5	2	3	6	7	8	9	0	5	1	2	2	10	4	3	2	7	2	1	6	9	7	5	2	9	1	
2062_A/duck/Eastern_China 3	3	0	0	5	1	2	2	2	4	0	1	1	0	0	0	10	3	2	1	4	1	0	3	3	6	1	3	4	1	7	3	6	7	3	3	7	2	5	2	3	6	8	7	9	0	5	1	2	2	10	3	3	2	7	2	1	6	9	7	5	2	9	1	
2063_A/duck/Eastern_China 3	2	0	0	5	2	2	2	2	4	0	1	2	0	0	0	10	3	2	1	4	1	0	3	3	6	1	3	3	1	7	3	6	7	3	2	7	2	5	2	3	6	8	6	9	0	5	2	2	2	10	4	3	2	7	2	1	6	9	7	5	2	9	1	
2064_A/duck/Eastern_China 3	2	0	0	5	2	2	2	2	4	0	1	1	0	0	0	11	3	2	1	3	1	0	3	4	6	1	3	3	1	7	3	6	7	4	2	7	2	5	2	3	5	7	8	9	1	5	1	2	2	9	4	3	2	7	2	1	6	9	7	5	2	9	1	
2065_A/duck/Eastern_China 6	6	1	0	5	1	1	2	3	6	0	1	1	0	0	0	8	3	1	1	3	1	0	3	5	2	1	3	3	3	7	4	5	8	3	2	5	0	5	3	4	4	10	7	10	0	3	1	3	5	9	3	4	1	7	1	2	7	13	7	4	2	6	2	
2066_A/duck/Eastern_China 4	5	1	1	6	2	1	1	3	6	0	1	1	0	0	0	9	3	1	1	3	1	0	3	4	2	1	3	4	3	7	4	5	8	3	2	6	0	6	2	4	4	10	7	10	0	3	1	3	5	9	3	4	1	7	1	2	7	13	7	3	2	5	3	
2067_A/duck/Eastern_China 5	6	1	0	5	1	1	2	2	6	0	1	1	0	0	0	9	3	1	1	3	1	0	3	5	2	1	3	4	3	7	4	5	9	3	2	5	0	5	3	5	4	11	7	9	0	2	1	3	4	9	3	4	1	7	1	3	7	13	7	3	2	6	2	
2068_A/duck/Guangdong/KGZ 3	4	1	1	7	1	1	1	1	6	0	1	1	0	0	0	9	4	1	1	3	2	0	3	5	3	1	3	4	2	6	6	5	7	3	2	5	0	6	2	4	4	10	6	9	0	3	1	2	4	11	3	4	1	5	1	3	7	13	6	4	1	5	4	
2069_A/duck/Guangdong/KGZ 3	2	0	0	5	3	1	2	2	4	0	1	1	1	0	0	10	3	2	2	5	1	0	2	2	5	3	2	5	1	6	5	4	7	4	3	6	1	3	2	5	3	10	5	8	0	2	2	2	4	9	4	4	1	6	4	1	7	12	7	6	2	7	2	
2070_A/duck/Guangdong/S12 3	5	1	1	7	0	1	1	2	5	0	0	1	0	1	0	9	4	1	1	3	2	0	3	5	3	1	4	4	2	5	4	4	8	3	2	5	1	6	2	4	2	8	5	9	0	5	1	2	5	10	4	4	1	5	1	2	8	10	6	3	0	6	3	
2071_A/duck/Guangdong/s14 3	2	0	0	5	2	2	2	2	4	0	1	1	0	0	0	11	3	3	0	3	1	0	3	4	6	1	4	3	1	7	2	6	6	4	2	8	2	6	2	3	6	7	8	9	0	5	1	2	2	9	4	3	2	6	2	1	6	9	7	5	2	9	1	
2072_A/duck/Guangxi/S1009 3	5	1	1	7	0	1	1	2	5	0	0	1	0	1	0	9	4	1	1	3	2	0	3	5	3	1	4	4	2	5	4	4	8	3	2	5	1	6	2	4	2	8	5	9	0	5	1	2	5	10	4	4	1	5	1	2	8	10	6	3	0	6	3	
2073_A/duck/Guangxi/S1026 3	5	1	1	7	0	1	1	2	5	0	0	1	0	1	0	9	4	1	1	3	2	0	3	5	3	1	4	4	2	5	4	4	8	3	2	5	1	6	2	4	2	8	5	9	0	5	1	2	5	10	4	4	1	5	1	2	8	10	6	3	0	6	3	
2074_A/duck/Guangxi/S1104 3	5	1	1	7	0	1	1	2	5	0	0	1	0	1	0	9	4	1	1	3	2	0	3	5	3	1	4	4	2	5	4	4	8	3	2	5	1	6	2	4	2	8	5	9	0	5	1	2	5	10	4	4	1	5	1	2	8	10	6	3	0	6	3	
2075_A/duck/Guangxi/S2119 3	5	1	1	7	0	1	1	2	5	0	0	1	0	1	0	9	4	1	1	3	2	0	3	5	3	1	4	4	2	5	4	4	8	3	2	5	1	6	2	4	2	8	5	9	0	5	1	2	5	10	4	4	1	5	1	2	8	10	6	3	0	6	3	
2076_A/duck/Hebei/S1070/2 3	5	1	1	7	0	1	1	3	5	0	0	1	0	1	0	9	4	1	1	3	2	0	3	4	3	1	4	4	2	5	4	4	8	4	2	5	1	5	2	4	2	8	5	9	0	5	1	2	5	10	4	4	1	5	1	2	8	10	6	3	0	6	3	
2077_A/duck/Henan/S1381/2 3	5	1	1	7	0	1	1	3	5	0	0	1	0	1	0	9	4	1	1	3	2	0	3	4	3	1	4	4	2	5	4	4	8	4	2	5	1	5	2	4	2	8	5	9	0	5	1	2	5	10	4	4	1	5	1	2	8	10	6	3	0	6	3	
2078_A/duck/Hunan/11.30_Y 6	5	1	1	6	2	1	1	2	6	0	1	2	0	0	0	8	3	1	1	3	1	0	3	4	2	1	3	4	3	7	4	4	8	3	3	5	0	6	2	4	4	10	7	10	0	3	1	3	5	8	4	4	1	6	2	2	7	13	7	3	2	5	3	
2079_A/duck/Jiangxi/S1025 3	5	1	1	7	0	1	1	3	5	0	0	1	0	1	0	9	4	1	1	3	2	0	3	4	3	1	4	4	2	5	4	4	8	4	2	5	1	5	2	4	2	8	5	9	0	5	1	2	5	10	4	4	2	5	1	2	7	10	6	3	0	6	3	
2080_A/duck/Shandong/11.1 5	6	1	0	5	1	1	2	3	6	0	1	1	0	0	0	9	3	1	1	3	1	0	3	4	2	1	3	4	3	7	4	5	8	4	2	5	0	4	3	4	5	10	7	10	0	3	1	3	5	8	3	4	1	8	1	2	6	13	7	4	2	6	2	
2081_A/duck/Shandong/11.1 5	6	1	0	5	1	1	2	3	6	0	1	1	0	0	0	9	3	1	1	3	1	0	3	4	2	1	3	4	3	7	4	5	8	4	2	5	0	4	3	4	5	10	7	10	0	3	1	3	5	8	3	4	1	8	1	2	6	13	7	4	2	6	2	
2082_A/duck/Shandong/Q1/2 3	2	0	0	5	2	2	2	2	4	0	1	1	0	0	0	11	3	2	1	3	1	0	3	4	6	1	3	3	1	7	3	6	7	4	2	7	2	5	2	3	6	7	8	9	0	5	1	2	3	9	3	3	2	7	2	1	6	9	6	5	2	9	2	
2083_A/duck/Tainan/150104 4	5	0	0	5	2	1	2	2	7	0	1	0	0	0	0	9	3	2	1	4	1	0	3	4	3	2	4	5	1	6	4	7	9	5	2	5	2	2	3	4	4	10	8	10	0	4	0	2	4	9	3	4	1	9	1	3	7	13	7	4	2	5	4	
2084_A/duck/Taiwan/a068/2 4	4	0	0	5	2	1	2	1	6	0	1	1	0	0	0	10	3	2	1	3	1	0	3	5	4	3	3	4	2	5	4	6	8	3	2	5	1	4	3	3	4	10	7	9	0	2	2	2	5	10	3	4	1	7	1	2	7	10	6	6	2	9	3	
2085_A/duck/Taiwan/A3400/ 4	4	0	0	5	2	1	2	1	6	0	1	1	0	0	0	10	3	2	1	3	1	0	3	5	4	3	3	4	2	5	4	6	8	3	2	5	1	4	3	3	4	10	7	9	0	2	2	2	5	10	3	4	1	7	1	2	7	10	6	6	2	9	3	
2086_A/duck/Xinjiang/12.1 4	5	1	1	6	2	1	1	4	6	0	1	1	0	0	0	9	3	1	1	3	1	0	3	3	2	1	3	5	2	7	4	5	8	4	3	5	0	6	2	3	4	10	7	10	0	3	1	3	5	8	3	4	1	6	2	3	7	13	7	3	2	5	3	
2087_A/duck/Yunlin/150102 4	5	0	0	5	2	1	2	2	7	0	1	0	0	0	0	9	3	2	1	4	1	0	3	4	3	2	4	5	1	6	4	7	9	5	2	5	2	2	3	4	4	10	8	10	0	4	0	2	4	9	3	4	1	9	1	3	7	13	7	4	2	5	4	
2088_A/duck/Yunlin/150104 4	5	0	0	5	2	1	2	2	7	0	1	0	0	0	0	9	3	2	1	4	1	0	3	4	3	2	4	5	1	6	4	7	9	5	2	5	2	2	3	4	4	10	8	10	0	4	0	2	4	10	3	4	1	8	1	3	7	13	7	4	2	5	4	
2089_A/duck/Zhejiang/6D18 5	6	1	0	5	1	1	2	3	6	0	1	1	0	0	0	9	3	1	1	3	1	0	3	4	2	1	4	4	3	7	3	5	8	3	2	4	0	5	3	4	4	10	7	10	0	3	1	3	5	10	3	5	1	7	1	2	8	12	7	4	1	6	2	
2090_A/duck/Zhejiang/9250 6	4	1	0	5	0	1	2	3	8	0	1	1	0	0	0	9	4	1	1	3	1	0	3	3	2	1	3	4	3	7	4	6	8	5	2	5	0	4	3	4	4	9	7	9	0	4	1	2	5	8	3	4	1	7	1	2	7	12	7	5	2	7	2	
2091_A/duck/Zhejiang/9251 6	4	1	0	5	1	1	2	3	7	0	1	1	0	0	0	9	4	1	1	3	1	0	3	3	2	1	3	4	3	7	4	6	8	5	2	5	0	4	3	4	4	9	7	9	0	4	1	3	5	7	3	4	1	7	1	2	7	12	7	5	2	7	2	
2092_A/duck/Zhejiang/W24/ 5	6	1	0	5	1	1	2	4	6	0	1	1	0	0	0	9	3	1	1	3	1	0	3	3	2	1	3	4	3	7	4	5	8	3	2	5	0	5	3	4	4	10	7	10	0	3	1	3	5	9	3	4	1	7	1	2	7	13	7	4	2	6	2	
2093_A/egret/Jiangsu/SD02 3	5	1	1	7	0	1	1	3	5	0	0	1	0	1	0	9	4	1	2	3	2	0	3	4	3	1	4	4	2	5	4	4	8	4	1	5	1	5	2	4	2	8	5	9	0	5	1	2	5	10	4	4	1	5	1	2	8	10	6	3	0	6	3	
2094_A/eurasian_eagle-owl 3	5	1	1	7	1	1	1	2	5	0	0	1	0	1	0	9	4	1	1	3	1	0	3	5	3	1	4	4	2	5	4	4	8	3	2	5	1	6	2	4	2	8	5	9	0	5	1	2	5	10	4	4	1	5	1	2	8	10	6	3	0	6	3	
2095_A/goose/Chiayi/15020 4	5	0	0	5	2	1	2	2	7	0	1	0	0	0	0	9	3	2	1	4	1	0	3	4	3	2	4	5	1	6	4	7	9	5	2	5	2	2	3	4	4	10	8	10	0	4	0	2	4	9	3	4	1	9	1	3	7	13	7	4	2	5	4	
2096_A/goose/China/1/2021 3	5	1	1	7	0	1	1	3	5	0	0	1	0	1	0	9	4	1	1	3	2	0	3	4	3	1	4	4	2	5	4	4	8	4	2	5	1	5	2	4	2	8	5	9	0	5	1	2	5	10	4	4	1	5	1	2	8	10	6	3	0	6	3	
2097_A/goose/Eastern_Chin 5	6	1	0	5	1	1	2	4	6	0	1	1	0	0	0	8	3	1	1	4	1	0	3	3	2	1	3	4	3	7	4	5	8	3	2	5	0	5	3	4	4	10	7	10	0	3	1	3	5	9	3	4	1	7	1	2	7	13	6	4	2	6	3	
2098_A/goose/Eastern_Chin 3	2	0	0	5	2	2	2	2	4	0	1	1	0	0	0	11	3	2	1	3	1	0	3	4	6	1	3	3	1	7	3	6	7	4	2	7	2	5	2	3	6	7	8	9	0	5	1	2	2	9	4	3	2	7	2	1	6	9	7	5	2	9	1	
2099_A/goose/Eastern_Chin 4	4	0	0	5	2	1	2	2	8	0	1	0	1	0	0	9	3	2	1	4	1	0	3	4	3	2	1	5	0	7	4	6	11	2	2	5	1	4	3	4	5	9	7	9	0	4	1	2	2	6	3	4	2	11	1	4	6	13	7	3	2	5	3	
2100_A/goose/Eastern_Chin 5	6	1	0	5	1	1	2	4	5	0	1	1	0	0	0	9	3	1	1	3	1	0	3	4	2	2	3	4	3	6	4	5	8	3	2	5	0	5	3	4	4	10	7	10	0	3	1	3	5	10	3	4	1	7	1	2	8	12	7	4	1	6	2	
2101_A/goose/Guangdong/s1 3	2	0	0	5	2	2	2	2	4	0	1	1	0	0	0	11	3	3	0	3	1	0	3	4	6	1	4	3	1	7	2	6	6	4	2	8	2	6	2	3	6	7	8	9	0	5	1	2	2	9	4	3	2	6	2	1	6	9	7	5	2	9	1	
2102_A/goose/Guangxi/S206 3	5	1	1	7	0	1	1	2	5	0	0	1	0	1	0	9	4	1	1	3	2	0	3	5	3	1	4	4	2	5	4	4	8	3	2	5	1	6	2	4	2	8	5	9	0	5	1	1	5	10	4	4	2	5	1	2	7	10	6	3	1	6	3	
2103_A/goose/Henan/S1315/ 3	5	1	1	7	0	1	1	3	5	0	0	1	0	1	0	9	4	1	1	3	2	0	3	4	3	1	4	4	2	5	4	4	7	4	2	5	3	4	2	4	2	8	5	9	0	5	1	2	5	10	3	4	1	5	1	2	8	10	6	3	0	6	4	
2104_A/goose/Hunan/S11288 3	5	1	1	7	0	1	1	3	4	0	0	1	0	1	0	9	4	1	1	3	2	0	3	6	3	1	4	3	2	5	4	4	8	3	2	5	1	6	2	4	2	8	5	9	0	5	1	2	5	10	4	4	1	5	1	2	8	10	5	3	0	6	4	
2105_A/goose/Jiangsu/QD5/ 5	6	1	0	5	1	1	2	3	6	0	1	1	0	0	0	9	3	1	1	3	1	0	3	4	2	1	3	4	3	7	4	5	8	3	2	5	0	5	3	4	4	10	7	10	0	3	1	3	5	9	3	4	1	7	1	2	7	13	7	4	2	6	2	
2106_A/goose/Jiangsu/S138 3	5	1	1	7	0	1	1	3	5	0	0	1	0	1	0	9	4	1	1	3	2	0	3	4	3	1	4	4	2	5	4	4	8	4	2	5	1	5	2	5	2	8	5	8	0	5	1	2	5	10	4	4	1	5	1	2	8	10	6	3	0	6	3	
2107_A/goose/Liaoning/S12 4	5	1	1	6	0	1	1	3	5	0	0	1	0	1	0	9	4	1	1	3	2	0	3	4	3	1	4	4	2	5	4	4	8	4	2	5	1	5	2	4	2	8	5	9	0	5	1	2	5	10	4	4	1	5	1	2	8	10	6	3	0	6	3	
2108_A/goose/Pingtung/150 4	4	0	0	5	2	1	2	1	6	0	1	1	0	0	0	10	3	2	1	3	1	0	3	5	4	3	3	4	2	5	4	6	7	4	2	5	1	4	3	3	4	10	7	9	0	2	2	2	5	9	3	4	1	8	1	2	7	10	6	6	2	9	3	
2109_A/goose/Pingtung/160 4	4	0	0	5	2	1	2	1	6	0	1	2	0	0	0	10	3	2	1	3	1	0	3	5	4	3	3	4	2	5	4	5	7	4	2	5	1	4	3	4	4	10	7	9	0	2	2	2	5	9	3	5	1	8	1	2	6	10	6	5	2	9	3	
2110_A/goose/Shandong/05. 5	6	1	0	5	1	1	2	3	6	0	1	1	0	0	0	9	3	2	1	3	1	0	3	5	2	1	3	3	3	6	4	5	8	3	2	5	0	5	3	4	4	10	7	10	0	3	1	3	5	9	3	4	1	7	1	2	7	13	7	4	2	6	2	
2111_A/goose/Shandong/05. 5	6	1	0	5	1	1	2	3	6	0	1	1	0	0	0	9	3	1	1	3	1	0	3	5	2	1	3	3	3	7	4	5	8	3	2	5	0	5	3	4	4	10	7	10	0	3	1	3	5	9	3	4	1	7	1	2	7	13	7	4	2	6	2	
2112_A/goose/Shandong/06. 5	6	1	0	5	1	1	2	3	6	0	1	1	0	0	0	9	3	1	1	3	1	0	3	4	2	1	3	4	3	7	4	5	8	3	2	5	0	5	3	4	4	10	7	10	0	3	1	3	5	9	3	4	1	7	1	2	7	13	6	4	2	6	3	
2113_A/goose/Shandong/12. 5	7	1	1	4	1	1	1	3	6	0	1	1	0	0	0	9	3	1	1	4	1	0	3	4	2	1	4	4	3	7	3	5	7	3	3	5	1	6	1	4	4	9	8	10	0	3	1	3	3	9	3	4	1	7	1	2	7	13	7	4	3	5	3	
2114_A/Goose/Shandong/211 3	5	1	1	7	0	1	1	3	5	0	0	1	0	1	0	9	4	1	1	3	1	0	3	4	3	1	4	4	2	5	4	4	7	4	2	5	1	4	2	4	2	8	5	8	0	5	1	2	5	9	4	4	1	5	1	2	8	10	6	3	0	6	3	
2115_A/goose/Shandong/GD- 5	6	1	0	5	1	1	2	4	6	0	1	1	0	0	0	9	4	1	1	3	1	0	3	3	2	1	3	4	2	7	4	5	8	3	2	5	0	5	3	5	4	10	7	9	0	3	1	3	5	9	3	4	1	7	1	2	7	13	7	4	2	6	2	
2116_A/goose/Shandong/LQ0 3	2	0	0	5	2	2	2	2	4	0	1	1	0	0	0	11	3	2	1	3	1	0	3	4	6	1	3	3	1	7	3	7	6	4	2	7	2	5	2	3	6	7	8	9	0	5	1	2	2	9	4	3	2	7	2	1	6	9	7	5	2	9	1	
2117_A/goose/Tainan/16040 4	4	0	0	5	2	1	2	1	7	0	1	2	0	0	0	10	3	2	1	3	1	0	3	5	3	3	3	4	2	5	4	5	7	4	2	5	1	4	3	2	5	11	7	9	0	2	2	3	5	8	3	4	1	8	1	2	7	10	6	5	2	9	3	
2118_A/goose/Tainan/16070 4	4	0	0	5	2	1	2	1	7	0	1	2	0	0	0	10	3	2	1	3	1	0	3	5	3	3	3	4	2	5	4	5	7	4	2	5	1	4	3	2	5	10	7	9	0	2	2	3	5	9	3	4	1	8	1	2	7	10	6	5	2	9	3	
2119_A/goose/Taiwan/01019 4	5	0	0	5	2	1	2	2	7	0	1	0	0	0	0	9	3	2	1	4	1	0	3	4	3	2	4	5	1	6	4	7	9	5	2	5	2	2	3	4	4	10	8	10	0	4	0	2	4	9	3	4	1	9	1	3	7	13	7	4	2	5	4	
2120_A/goose/Taiwan/01039 4	5	0	0	5	2	1	2	2	7	0	1	0	0	0	0	9	3	2	1	4	1	0	3	4	3	2	4	5	1	6	4	6	9	5	2	5	2	2	3	4	4	10	8	10	0	4	0	3	4	9	3	4	1	9	1	3	7	13	7	4	2	5	4	
2121_A/goose/Taiwan/a015/ 4	5	0	0	5	2	1	2	2	7	0	1	0	0	0	0	9	3	2	1	4	1	0	3	4	3	2	4	5	1	6	4	7	9	5	2	5	2	2	3	4	4	10	8	10	0	4	0	2	4	9	3	4	1	9	1	3	7	13	7	4	2	5	4	
2122_A/goose/Taiwan/TNC1/ 4	5	0	0	5	2	1	2	2	7	0	1	0	0	0	0	9	3	2	1	4	1	0	3	4	3	2	4	5	1	6	4	7	9	5	2	5	2	2	3	4	4	10	8	10	0	4	0	2	4	9	3	4	1	9	1	3	7	13	7	4	2	5	4	
2123_A/goose/Taiwan/TNC3/ 4	5	0	0	5	2	1	2	2	7	0	1	0	0	0	0	9	3	2	1	4	1	0	3	4	3	2	4	5	1	6	4	7	9	6	2	5	2	2	3	4	4	10	8	10	0	4	0	2	4	8	3	4	1	9	1	3	7	13	7	4	2	5	4	
2124_A/goose/Taiwan/TNC4/ 4	5	0	0	5	2	1	2	2	7	0	1	0	0	0	0	9	3	2	1	4	1	0	3	4	3	2	4	5	1	6	4	7	9	5	2	5	2	2	3	4	4	10	8	10	0	4	0	2	4	9	3	4	1	9	1	3	7	13	7	4	2	5	4	
2125_A/goose/Taiwan/TNC9/ 4	5	0	0	5	2	1	2	2	7	0	1	0	0	0	0	9	3	2	1	4	1	0	3	4	3	2	4	5	1	6	4	7	9	5	2	5	2	2	3	4	4	10	8	10	0	4	0	2	4	9	3	4	1	9	1	3	7	13	7	4	2	5	4	
2126_A/goose/Taiwan/TNC10 4	5	0	0	5	2	1	2	2	7	0	1	0	0	0	0	9	3	2	1	4	1	0	3	4	3	2	4	5	1	6	4	7	9	5	2	5	2	2	3	4	4	10	8	10	0	4	0	2	4	9	3	4	1	9	1	3	7	13	7	4	2	5	4	
2127_A/goose/Taiwan/TNC12 4	5	0	0	5	2	1	2	2	7	0	1	0	0	0	0	9	3	2	1	4	1	0	3	4	3	2	4	5	1	6	4	7	9	5	2	5	2	2	3	4	4	10	8	10	0	4	0	2	4	9	3	4	1	9	1	3	7	13	7	4	2	5	4	
2128_A/goose/Taiwan/TNC14 4	5	0	0	5	2	1	2	2	7	0	1	0	0	0	0	9	3	2	1	4	1	0	3	4	3	2	4	5	1	6	4	7	9	5	2	5	2	2	3	4	4	10	8	10	0	4	0	2	4	9	3	4	1	9	1	3	7	13	7	4	2	5	4	
2129_A/goose/Taiwan/TNO3/ 4	5	0	0	5	2	1	2	2	7	0	1	0	0	0	0	9	3	2	1	4	1	0	3	4	3	2	4	5	1	6	4	7	9	5	2	5	2	2	3	4	4	9	9	10	0	4	0	2	4	9	3	4	1	9	1	3	7	13	7	4	2	5	4	
2130_A/goose/Taiwan/TNO9/ 4	5	0	0	5	2	1	2	2	7	0	1	0	0	0	0	9	3	2	1	4	1	0	3	4	3	2	4	5	1	6	4	7	9	5	2	5	2	2	3	4	4	10	8	10	0	4	0	2	4	9	3	4	1	9	1	3	7	13	7	4	2	5	4	
2131_A/goose/Taiwan/TNO15 4	5	0	0	5	2	1	2	2	7	0	1	0	0	0	0	9	3	2	1	4	1	0	3	4	3	2	4	5	1	6	4	7	9	5	2	5	2	2	3	4	4	10	8	10	0	4	0	2	4	9	3	4	1	9	1	3	7	13	7	4	2	5	4	
2132_A/goose/Taiwan/TNO17 4	5	0	0	5	2	1	2	2	7	0	1	0	0	0	0	9	3	2	1	4	1	0	3	4	3	2	4	5	1	6	4	7	9	5	2	5	2	2	3	4	4	10	8	10	0	4	0	2	4	9	3	4	1	9	1	3	7	13	7	4	2	5	4	
2133_A/goose/Taoyuan/1501 4	5	0	0	5	2	1	2	2	7	0	1	0	0	0	0	9	3	2	1	4	1	0	3	4	3	2	3	5	1	6	4	7	9	4	2	5	2	2	3	4	4	10	8	9	0	4	0	2	3	8	3	4	1	9	1	3	7	13	6	4	2	4	4	
2134_A/goose/Xinjiang/12. 4	5	1	1	6	2	1	1	4	6	0	1	1	0	0	0	9	3	1	1	3	1	0	3	3	2	1	3	5	2	7	4	5	8	4	3	5	0	6	2	3	4	10	7	10	0	3	1	3	5	8	3	4	1	6	2	3	7	13	7	3	2	5	3	
2135_A/goose/Xinjiang/12. 4	5	1	1	6	2	1	1	4	6	0	1	1	0	0	0	9	3	1	1	3	1	0	3	3	2	1	3	5	2	7	4	5	8	4	3	5	0	6	2	3	4	10	7	10	0	3	1	3	5	8	3	4	1	6	2	3	7	13	7	3	2	5	3	
2136_A/goose/Xinjiang/12. 4	5	1	1	6	2	1	1	4	6	0	1	1	0	0	0	9	3	1	1	3	1	0	3	3	2	1	3	5	2	7	4	5	8	4	3	5	0	6	2	3	4	10	7	10	0	3	1	3	5	8	3	4	1	6	2	3	7	13	7	3	2	5	3	
2137_A/goose/Xinjiang/12. 4	5	1	1	6	2	1	1	4	6	0	1	1	0	0	0	9	3	1	1	3	1	0	3	3	2	1	3	5	2	7	4	5	8	4	3	5	0	6	2	3	4	10	7	10	0	3	1	3	5	8	3	4	1	6	2	3	7	13	7	3	2	5	3	
2138_A/goose/Yangzhou/042 5	6	1	1	5	1	1	1	3	6	0	1	1	0	0	0	9	3	1	1	3	1	0	3	4	2	1	3	4	3	7	4	5	8	3	2	5	0	6	2	4	4	10	7	10	0	3	1	3	5	8	3	4	1	8	1	2	7	13	7	4	2	5	3	
2139_A/goose/Yunlin/15040 4	5	0	0	5	2	1	2	2	7	0	1	0	0	0	0	9	3	2	1	4	1	0	3	4	3	2	4	5	1	6	4	7	9	5	2	5	2	2	3	4	4	10	8	11	0	4	0	2	4	9	3	4	1	9	1	3	6	13	7	3	3	5	4	
2140_A/goose/Zhejiang/925 5	6	1	0	5	0	1	1	2	8	0	1	1	0	0	0	9	3	1	1	3	1	0	3	5	2	1	3	3	3	7	4	5	8	4	2	5	0	4	3	4	4	10	7	9	0	3	1	3	5	9	3	4	1	7	2	2	7	13	7	5	2	6	2	
2141_A/goose/Zhejiang/925 5	6	1	0	5	1	1	1	2	7	0	1	1	0	0	0	9	3	1	1	3	1	0	3	5	2	1	3	3	3	7	4	5	8	4	2	5	0	4	3	4	4	10	7	9	0	3	1	3	5	9	3	4	1	7	2	2	7	13	7	5	2	6	2	
2142_A/goose/Zhejiang/S12 3	5	1	1	7	0	1	1	3	5	0	0	1	0	1	0	9	4	1	1	3	2	0	3	4	3	1	4	4	2	5	4	4	8	4	2	5	1	5	2	3	2	8	5	10	0	5	1	2	5	10	4	4	1	5	1	2	8	10	6	3	0	6	3	
2143_A/Great_Black-headed 4	5	1	1	6	2	1	1	3	6	0	1	1	0	0	0	9	3	1	1	3	1	0	3	4	2	1	3	4	3	7	4	5	8	3	3	5	0	6	2	3	5	10	7	10	0	3	1	3	5	9	3	4	1	6	2	2	7	13	7	3	2	5	3	
2144_A/Great_Cormorant/Qi 4	5	1	1	6	2	1	0	3	6	0	1	1	0	0	0	9	3	1	1	3	1	0	3	4	2	1	3	4	3	7	4	5	8	3	3	5	0	6	3	3	5	10	7	10	0	3	1	3	5	9	3	4	1	6	2	2	7	13	7	3	2	5	3	
2145_A/Great_Cormorant/Qi 4	5	1	1	6	2	1	0	3	6	0	1	1	0	0	0	9	3	1	1	3	1	0	3	4	2	1	3	4	3	7	4	5	7	3	3	5	0	6	3	3	5	10	7	10	0	3	1	3	6	9	3	4	1	6	2	2	7	13	7	3	2	5	3	
2146_A/Great_Cormorant/Qi 4	5	1	1	6	2	1	0	3	6	0	1	1	0	0	0	9	3	1	1	3	1	0	3	4	2	1	3	4	3	7	4	5	8	3	3	5	0	6	3	3	5	10	7	10	0	3	1	3	5	9	3	4	1	6	2	2	7	13	7	3	2	5	3	
2147_A/Great_Crested_Greb 4	5	1	0	6	2	1	2	3	6	0	1	1	0	0	0	9	3	1	2	3	1	0	3	4	2	1	3	4	3	7	3	6	8	3	3	4	0	6	3	5	4	10	7	9	0	3	1	3	5	9	3	4	1	6	1	2	7	13	7	3	2	5	3	
2148_A/grebe/Ningxia/SD00 3	5	1	1	7	0	1	1	2	5	0	0	1	0	1	0	9	4	1	1	3	2	0	3	5	3	1	4	4	2	5	4	4	8	4	2	5	2	5	2	5	2	9	5	9	0	4	1	2	5	10	3	4	1	5	1	1	8	10	7	3	0	6	2	
2149_A/grebe/Shaanxi/SD00 3	5	1	1	7	0	1	1	2	5	0	0	1	0	1	0	9	4	1	1	3	2	0	3	5	3	1	4	4	2	5	4	4	8	4	2	5	2	5	2	5	2	9	5	9	0	4	1	2	5	10	3	4	1	5	1	1	8	10	7	3	0	6	2	
2150_A/grebe/Shandong/SC1 3	5	1	1	7	0	1	1	3	5	0	0	1	0	1	0	9	4	1	1	3	2	0	3	4	3	1	4	4	2	5	4	4	8	4	2	5	1	5	2	4	2	8	5	9	0	5	1	2	5	10	4	4	1	5	1	2	8	10	6	4	0	5	3	
2151_A/green-winged_teal/ 3	5	1	1	7	0	1	1	3	5	0	0	1	0	1	0	9	4	1	1	3	2	0	3	4	3	2	3	4	2	5	4	4	8	3	2	5	1	6	2	5	2	8	5	9	0	5	1	2	5	10	4	4	1	5	1	1	8	10	6	3	0	6	3	
2152_A/Herring_Gull/Hubei 4	6	1	1	6	1	1	0	3	6	0	1	1	0	0	0	9	3	1	1	3	1	0	3	4	2	1	3	4	3	7	4	5	8	3	3	5	0	6	3	3	5	10	7	10	0	3	1	3	5	9	3	4	1	6	2	2	7	13	7	3	2	5	3	
2153_A/mallard_duck/Shang 5	6	1	0	5	1	1	2	3	7	0	1	1	0	0	0	9	3	1	1	3	1	0	3	2	2	1	3	4	3	7	4	5	8	3	2	5	0	5	3	5	4	10	7	10	0	3	1	3	5	10	3	4	1	6	1	2	7	13	7	4	2	6	2	
2154_A/mallard/Ningxia/17 4	5	1	1	6	2	1	1	3	7	0	1	1	0	0	0	9	3	1	1	3	1	1	2	5	2	1	2	2	3	7	5	6	6	4	3	5	0	4	3	4	4	10	6	9	0	4	1	3	6	9	3	4	1	6	2	1	7	13	7	5	2	6	2	
2155_A/mallard/Ningxia/17 4	5	1	1	6	2	1	1	3	7	0	1	1	0	0	0	9	3	1	1	3	1	1	2	5	2	1	2	2	3	7	5	6	6	4	3	5	0	4	3	4	4	10	6	9	0	4	1	3	6	9	3	4	1	6	2	1	7	13	7	5	2	6	2	
2156_A/mallard/Ningxia/23 4	5	1	1	6	2	1	1	3	7	0	1	1	0	0	0	9	3	1	1	3	1	1	2	5	2	1	2	2	3	7	5	6	6	4	3	5	0	4	3	4	4	10	6	9	0	4	1	3	6	9	3	4	1	6	2	1	7	13	7	5	2	6	2	
2157_A/mallard/Ningxia/24 4	5	1	1	6	2	1	1	3	7	0	1	1	0	0	0	9	3	1	1	3	1	1	2	5	2	1	2	2	3	7	5	6	6	4	3	5	0	4	3	4	4	10	6	9	0	4	1	3	6	9	3	4	1	6	2	1	7	13	7	5	2	6	2	
2158_A/mallard/Ningxia/24 4	5	1	1	6	2	1	1	3	7	0	1	2	0	0	0	9	3	1	1	3	1	1	2	5	2	2	2	2	3	8	5	6	6	4	3	5	0	5	3	5	4	11	6	9	0	5	1	3	6	9	4	4	1	7	2	1	7	13	7	5	2	6	2	
2159_A/mallard/Ningxia/24 4	5	1	1	6	2	1	1	3	7	0	1	1	0	0	0	9	3	1	1	3	1	1	2	5	2	1	2	2	3	7	5	6	6	4	3	5	0	4	3	4	4	10	6	9	0	4	1	3	6	9	3	4	1	6	2	1	7	13	7	5	2	6	2	
2160_A/mute_swan/Inner_Mo 3	5	1	1	7	1	1	1	2	5	0	0	1	0	1	0	9	4	1	1	3	1	0	3	5	3	1	4	4	2	5	4	4	8	3	2	5	1	6	2	4	2	8	5	9	0	5	1	2	5	10	4	4	1	5	1	2	8	10	6	3	0	6	3	
2161_A/mute_swan/Shandong 3	5	1	1	7	0	1	1	2	5	0	0	1	0	1	0	8	4	1	1	4	2	0	3	5	3	1	4	4	2	5	4	4	7	3	2	5	2	6	2	4	2	8	5	9	0	5	1	2	6	10	4	4	1	5	1	2	7	10	6	3	0	6	3	
2162_A/Peregrine_Falcon/H 3	5	1	1	7	0	1	1	2	5	0	0	1	0	1	0	9	4	1	1	3	2	0	3	5	3	1	4	4	2	5	4	4	8	3	2	5	1	6	2	4	2	8	5	9	0	5	1	2	5	10	4	4	1	5	1	2	8	10	6	3	0	6	3	
2163_A/pheasant/Hebei/B02 3	5	1	1	7	0	1	1	3	5	0	0	1	0	1	0	9	4	1	1	3	2	0	3	4	3	1	4	4	2	5	4	5	8	5	1	4	1	5	2	4	2	8	5	9	0	5	1	2	5	10	4	4	1	5	1	2	8	10	6	3	0	6	3	
2164_A/swan/China/ST/2016 6	5	1	1	6	2	1	1	3	6	0	1	1	0	0	0	8	3	1	1	3	1	0	3	4	2	1	3	4	3	7	4	4	8	3	3	5	0	6	2	4	4	10	6	10	0	3	2	3	5	9	3	4	1	6	2	2	7	13	7	3	2	5	3	
2165_A/swan/Hebei/B01/202 3	4	1	1	7	0	1	1	1	6	0	0	1	0	1	0	9	5	1	1	3	2	0	3	5	3	1	5	4	2	5	3	4	8	3	2	5	1	5	3	4	2	8	6	9	0	5	0	2	5	10	4	4	1	5	1	2	8	10	6	3	0	6	3	
2166_A/swan/Shandong/W376 4	5	1	1	6	2	1	1	3	7	0	1	1	0	0	0	9	3	1	1	3	1	1	2	5	2	1	2	2	3	7	5	6	6	4	3	5	0	4	3	4	4	10	6	9	0	4	1	3	6	9	3	4	1	6	2	1	7	13	7	5	2	5	3	
2167_A/tundra_swan/Hubei/ 3	5	1	1	7	1	1	1	3	5	0	0	1	0	1	0	9	4	1	1	3	1	0	3	4	3	1	4	4	2	5	4	4	8	3	2	5	1	6	2	4	2	8	5	9	0	5	1	2	5	10	4	4	1	5	1	2	8	10	6	3	0	6	3	
2168_A/tundra_swan/Hubei/ 3	5	1	1	7	0	1	1	2	5	0	0	1	0	1	0	9	4	1	1	3	2	0	3	5	3	1	4	4	2	5	4	4	8	3	2	5	1	6	2	4	2	8	5	9	0	5	1	2	5	10	4	4	1	5	1	2	8	10	6	3	0	6	3	
2169_A/tundra_swan/Hubei/ 3	5	1	1	7	0	1	1	2	5	0	0	1	0	1	0	9	4	1	1	3	2	0	3	5	3	1	5	4	2	5	3	4	8	3	2	5	1	6	2	4	2	8	6	9	0	5	0	2	5	10	4	4	1	5	1	2	8	10	6	3	0	6	3	
2170_A/tundra_swan/Hubei/ 3	5	1	2	7	0	1	0	2	5	0	0	1	0	1	0	9	4	1	1	3	2	0	3	5	3	1	5	4	2	5	3	4	8	3	2	5	1	6	2	4	2	8	6	9	0	5	0	2	5	10	4	4	1	5	1	2	8	10	6	3	0	6	3	
2171_A/tundra_swan/Hubei/ 3	5	1	1	7	0	1	1	2	5	0	0	1	0	1	0	9	4	1	1	3	2	0	3	5	3	1	5	4	2	5	3	4	8	3	2	5	1	6	2	4	2	8	6	9	0	5	0	2	5	10	4	4	1	5	1	2	8	10	6	3	0	6	3	
2172_A/tundra_swan/Hubei/ 3	5	1	1	7	0	1	1	2	5	0	0	1	0	1	0	9	4	1	1	3	2	0	3	5	3	1	5	4	2	5	3	5	8	3	2	5	1	6	2	4	2	8	6	9	0	5	0	1	5	10	4	4	1	5	1	2	8	10	6	3	0	6	3	
2173_A/turkey/Chiayi/1702 4	4	0	0	5	2	1	2	1	6	0	1	2	0	0	0	10	3	2	1	3	1	0	3	5	4	3	3	4	2	5	4	5	8	5	2	5	1	4	3	2	5	10	6	9	0	2	4	2	5	8	3	4	1	8	1	2	8	10	6	5	1	8	3	
2174_A/whiskered_tern/Hub 3	5	1	1	7	1	1	1	2	5	0	0	1	0	1	0	9	4	1	1	3	1	0	3	5	3	1	5	4	2	5	3	4	8	3	2	5	1	6	2	4	2	8	6	9	0	5	0	2	5	10	4	4	1	5	1	2	8	10	6	3	0	6	3	
2175_A/whooper_swan/Henan 3	5	1	1	7	0	1	1	2	5	0	0	1	0	1	0	9	4	1	1	3	2	0	3	5	3	1	5	4	2	5	3	4	8	3	2	5	1	6	2	4	2	8	6	9	0	5	0	2	5	10	4	4	1	5	1	2	8	10	6	3	0	6	3	
2176_A/whooper_swan/Henan 3	5	1	1	7	1	1	1	2	5	0	0	1	0	1	0	9	4	1	1	3	1	0	3	5	3	1	5	4	2	5	3	4	8	3	2	5	1	5	3	4	2	8	6	9	0	5	0	2	5	10	4	4	1	5	1	2	8	10	6	3	0	6	3	
2177_A/whooper_swan/Henan 3	5	1	1	7	0	1	1	2	5	0	0	1	0	1	0	9	4	1	1	3	2	0	3	5	3	1	5	4	2	5	3	4	8	3	2	5	1	5	3	4	2	8	6	9	0	5	0	2	5	10	4	4	1	5	1	2	8	10	6	3	0	6	3	
2178_A/whooper_swan/Henan 3	5	1	1	7	0	1	1	2	5	0	0	1	0	1	0	9	4	1	1	3	2	0	3	5	3	1	4	4	2	5	4	4	8	3	2	5	1	6	2	4	2	8	5	9	0	5	1	2	5	10	4	4	1	5	1	2	8	10	6	3	0	6	3	
2179_A/whooper_swan/Henan 3	5	1	1	7	0	1	1	2	5	0	0	1	0	1	0	9	4	1	1	3	2	0	3	5	3	1	5	4	2	5	3	4	8	3	2	5	1	6	2	4	2	8	6	9	0	5	0	2	5	10	4	4	1	5	1	2	8	10	6	3	0	6	3	
2180_A/whooper_swan/Henan 3	5	1	1	7	1	1	1	2	5	0	0	1	0	1	0	9	4	1	1	3	1	0	3	5	3	1	4	4	2	5	4	4	8	4	2	5	1	6	2	4	2	8	5	9	0	5	1	2	5	9	4	4	1	5	1	2	8	10	6	3	0	6	3	
2181_A/whooper_swan/Henan 3	5	1	1	7	1	1	1	2	5	0	0	1	0	1	0	9	4	1	1	3	1	0	3	5	3	1	5	4	2	5	3	4	8	3	2	5	1	6	2	4	2	8	6	9	0	5	0	2	5	10	4	4	1	5	1	2	8	10	6	3	0	6	3	
2182_A/whooper_swan/Henan 3	5	1	1	7	1	1	1	3	5	0	0	1	0	1	0	9	4	1	1	3	1	0	3	4	3	1	5	4	2	5	3	4	8	3	2	5	1	6	2	4	2	8	6	9	0	5	0	2	5	10	4	4	1	5	1	2	8	10	6	3	0	6	3	
2183_A/whooper_swan/Henan 3	5	1	1	7	0	1	1	2	5	0	0	1	0	1	0	9	4	1	1	3	2	0	3	5	3	1	5	4	2	5	3	4	8	3	2	5	1	6	2	4	2	8	6	9	0	5	0	2	5	10	4	4	1	5	1	2	8	10	6	3	0	6	3	
2184_A/whooper_swan/Henan 3	5	1	1	7	1	1	1	3	5	0	0	1	0	1	0	9	4	1	1	3	1	0	3	4	3	1	4	4	2	5	4	4	8	3	2	5	1	6	2	4	2	8	5	9	0	5	1	2	5	10	4	4	1	5	1	2	8	10	6	3	0	6	3	
2185_A/whooper_swan/Henan 3	5	1	1	7	0	1	1	2	5	0	0	1	0	1	0	9	4	1	1	3	2	0	3	5	3	1	4	4	2	5	4	4	8	3	2	5	1	6	2	4	2	8	5	9	0	5	1	2	5	10	4	4	1	5	1	2	8	10	6	3	0	6	3	
2186_A/whooper_swan/Inner 3	5	1	1	7	0	1	1	2	5	0	0	1	0	1	0	9	4	1	1	3	2	0	3	5	3	1	4	4	2	5	4	4	8	3	2	5	1	6	2	4	2	8	5	9	0	5	1	2	5	10	4	4	1	5	1	2	8	10	6	3	0	6	3	
2187_A/Whooper_Swan/Sanme 6	5	1	1	6	2	1	1	3	6	0	1	1	0	0	0	8	3	1	1	3	1	0	3	4	2	1	3	4	3	7	4	4	8	3	3	5	0	6	2	4	4	10	7	10	0	3	1	3	5	9	3	4	1	6	2	2	7	13	7	3	2	5	3	
2188_A/Whooper_swan/Sanme 3	5	1	1	7	0	1	1	3	5	0	0	1	0	1	0	9	4	1	1	3	2	0	3	4	3	1	4	4	2	5	4	4	8	4	2	5	1	5	2	4	2	8	5	9	0	5	1	2	5	9	4	4	1	6	1	2	8	10	6	3	0	6	3	
2189_A/Whooper_swan/Sanme 3	5	1	1	7	0	1	1	3	5	0	0	1	0	1	0	9	4	1	1	3	2	0	3	4	3	1	4	4	2	5	4	4	8	3	2	5	1	6	2	4	2	8	5	9	0	5	1	2	5	10	4	4	1	5	1	2	8	11	6	3	0	5	3	
2190_A/Whooper_swan/Sanme 3	5	1	1	7	0	1	1	2	5	0	0	1	0	1	0	9	4	1	1	3	2	0	3	5	3	1	4	4	2	5	4	4	8	3	2	5	1	6	2	4	2	8	5	9	0	5	1	2	5	10	4	4	1	5	1	2	8	10	6	3	0	6	3	
2191_A/Whooper_swan/Sanme 3	5	1	1	7	0	1	1	3	5	0	0	1	0	1	0	9	4	1	1	3	2	0	3	4	3	1	4	4	2	5	4	4	8	3	2	5	1	6	2	4	2	8	5	9	0	5	1	2	5	10	4	4	1	5	1	2	8	11	6	3	0	5	3	
2192_A/Whooper_swan/Sanme 3	5	1	1	7	0	1	1	2	5	0	0	1	0	1	0	9	4	1	1	3	2	0	3	5	3	1	5	4	2	5	3	4	8	3	2	5	1	6	2	4	2	8	6	9	0	5	0	2	5	10	4	4	1	5	1	2	8	10	6	3	0	6	3	
2193_A/Whooper_swan/Sanme 3	5	1	1	7	0	1	1	3	5	0	0	1	0	1	0	9	4	1	1	3	2	0	3	4	3	1	4	4	2	5	4	4	8	4	2	5	1	5	2	4	2	8	5	9	0	5	1	2	5	9	4	4	1	6	1	2	8	10	6	3	0	6	3	
2194_A/Whooper_swan/Sanme 3	5	1	1	7	0	1	1	2	5	0	0	1	0	1	0	9	4	1	1	3	2	0	3	5	3	1	5	4	2	5	3	4	8	3	2	5	1	6	2	4	2	8	6	9	0	5	0	2	5	10	4	4	1	5	1	2	8	10	6	3	0	6	3	
2195_A/Whooper_swan/Sanme 3	5	1	1	7	0	1	1	2	5	0	0	1	0	1	0	9	4	1	1	3	2	0	3	5	3	1	4	4	2	5	4	4	8	3	2	5	1	6	2	4	2	8	6	9	0	5	0	2	5	10	4	4	1	5	1	2	8	10	6	3	0	6	3	
2196_A/Whooper_swan/Sanme 3	5	1	1	7	0	1	1	2	5	0	0	1	0	1	0	9	4	1	1	3	2	0	3	5	3	1	5	4	2	5	3	4	8	3	2	5	1	6	2	4	2	8	6	9	0	5	0	2	5	10	4	4	1	5	1	2	8	10	6	3	0	6	3	
2197_A/Whooper_swan/Sanme 3	5	1	1	7	0	1	1	3	5	0	0	1	0	1	0	9	4	1	1	3	2	0	3	4	3	1	4	4	2	5	4	4	8	4	2	5	1	5	2	4	2	8	5	9	0	5	1	2	5	10	4	4	1	5	1	2	8	10	6	3	0	6	3	
2198_A/Whooper_swan/Sanme 3	5	1	1	7	0	1	1	2	5	0	0	1	0	1	0	9	4	1	1	3	2	0	3	5	3	1	4	4	2	5	4	4	8	3	2	5	1	6	2	4	2	8	5	9	0	5	1	2	5	10	4	4	1	5	1	2	8	10	6	3	0	6	3	
2199_A/Whooper_swan/Sanme 3	5	1	1	7	0	1	1	3	5	0	0	1	0	1	0	9	4	1	1	3	2	0	3	4	3	1	4	4	2	5	4	4	8	4	2	5	1	5	2	4	2	8	5	9	0	5	1	2	5	9	4	4	1	6	1	2	8	10	6	3	0	6	3	
2200_A/Whooper_swan/Sanme 3	5	1	1	7	0	1	1	2	5	0	0	1	0	1	0	9	4	1	1	3	2	0	3	5	3	1	5	4	2	5	3	3	8	3	2	6	1	6	2	4	2	8	6	9	0	5	0	2	5	10	4	4	1	5	1	2	8	10	6	3	0	6	3	
2201_A/Whooper_swan/Sanme 3	5	1	1	7	0	1	1	2	5	0	0	1	0	1	0	9	4	1	1	3	2	0	3	5	3	1	4	4	2	5	4	4	8	3	2	5	1	6	2	4	2	8	5	9	0	5	1	2	5	10	4	4	1	5	1	2	8	10	6	3	0	6	3	
2202_A/Whooper_swan/Sanme 3	5	1	1	7	0	1	1	2	5	0	0	1	0	1	0	9	4	1	1	3	2	0	3	5	3	1	4	4	2	5	4	4	8	3	2	5	1	6	2	4	2	8	6	9	0	5	0	2	5	10	4	4	1	5	1	2	8	10	6	3	0	6	3	
2203_A/Whooper_swan/Sanme 3	5	1	1	7	0	1	1	2	5	0	0	1	0	1	0	9	4	1	1	3	2	0	3	5	3	1	5	4	2	5	3	4	8	3	2	5	1	5	3	4	2	8	6	9	0	5	0	2	5	10	4	4	1	5	1	2	8	10	6	3	0	6	3	
2204_A/Whooper_swan/Sanme 3	5	1	1	7	0	1	1	2	5	0	0	1	0	1	0	9	4	1	1	3	2	0	3	5	3	1	5	4	2	5	3	3	8	3	2	5	1	6	2	5	2	8	6	9	0	5	0	2	5	10	4	4	1	5	1	2	8	10	6	3	0	6	3	
2205_A/Whooper_swan/Sanme 3	5	1	1	7	0	1	1	2	5	0	0	1	0	1	0	9	4	1	1	3	2	0	3	5	3	1	5	4	2	5	3	4	8	3	2	5	1	5	3	4	2	8	6	9	0	5	0	2	5	10	4	4	1	5	1	2	8	10	6	3	0	6	3	
2206_A/Whooper_swan/Sanme 3	5	1	1	7	0	1	1	2	5	0	0	1	0	1	0	9	4	1	1	3	2	0	3	5	3	1	4	4	2	5	4	4	7	3	2	5	2	6	2	4	2	8	6	9	0	5	0	2	5	10	4	4	1	5	1	2	8	10	6	3	0	6	3	
2207_A/Whooper_swan/Sanme 3	5	1	1	7	0	1	1	2	5	0	0	1	0	1	0	9	4	1	1	3	2	0	3	5	3	1	5	4	2	5	3	4	8	3	2	5	1	5	3	4	2	8	6	9	0	5	0	2	5	10	4	4	1	5	1	2	8	10	6	3	0	6	3	
2208_A/Whooper_swan/Sanme 3	5	1	1	7	0	1	1	2	5	0	0	1	0	1	0	9	4	1	1	3	2	0	3	5	3	1	4	4	2	5	4	4	8	3	2	5	1	6	2	4	2	8	5	9	0	5	1	2	5	10	4	4	1	5	1	2	8	10	6	3	0	6	3	
2209_A/Whooper_swan/Sanme 3	5	1	1	7	0	1	1	3	5	0	0	1	0	1	0	9	4	1	1	3	2	0	3	4	3	1	4	4	2	5	4	4	8	3	2	5	1	6	2	4	2	8	5	9	0	5	1	2	5	10	4	4	1	5	1	2	8	10	6	3	0	6	3	
2210_A/Whooper_swan/Sanme 3	5	1	1	7	0	1	1	2	5	0	0	1	0	1	0	9	4	1	1	3	2	0	3	5	3	1	5	4	2	5	3	4	8	3	2	5	1	6	2	4	2	8	6	9	0	5	0	2	5	10	4	4	1	5	1	2	8	10	6	3	0	6	3	
2211_A/whooper_swan/Shaan 3	5	1	1	7	1	1	1	2	5	0	0	1	0	1	0	9	4	1	1	3	1	0	3	5	3	1	4	4	2	5	4	4	8	3	2	5	1	6	2	4	2	8	5	9	0	5	1	2	5	10	4	4	1	5	1	2	8	10	6	3	0	6	3	
2212_A/whooper_swan/Shaan 3	5	1	1	7	1	1	1	2	5	0	0	1	0	1	0	9	4	1	1	3	1	0	3	5	3	1	5	4	2	5	3	4	8	3	2	5	1	6	2	4	2	8	6	9	0	5	0	2	5	10	4	4	1	5	1	2	8	10	6	3	0	6	3	
2213_A/whooper_swan/Shaan 3	5	1	1	7	1	1	1	2	5	0	0	1	0	1	0	9	4	1	1	3	1	0	3	5	3	1	5	4	2	5	3	4	8	3	2	5	1	6	2	4	2	8	6	9	0	5	0	2	5	10	4	4	1	5	1	2	8	10	6	3	0	6	3	
2214_A/whooper_swan/Shand 3	5	1	1	7	0	1	1	3	5	0	0	1	0	1	0	9	4	1	1	3	2	0	3	4	3	1	4	4	2	5	4	4	8	4	2	5	1	5	2	4	2	8	5	9	0	5	1	2	5	10	4	4	1	5	1	2	8	10	6	3	0	6	3	
2215_A/whooper_swan/Shand 3	5	1	1	7	0	1	1	3	5	0	0	1	0	1	0	9	4	1	1	3	2	0	3	4	3	1	4	4	2	5	4	4	8	4	2	5	1	5	2	4	2	8	5	9	0	5	1	2	5	10	4	4	1	5	1	2	8	10	6	3	0	6	3	
2216_A/whooper_swan/Shand 3	5	1	1	7	0	1	1	3	5	0	0	1	0	1	0	9	4	1	1	3	2	0	3	4	3	1	4	4	2	5	4	4	8	4	2	5	1	5	2	4	2	8	5	9	0	5	1	2	5	10	4	4	1	5	1	2	8	10	6	3	0	6	3	
2217_A/whooper_swan/Shand 4	5	1	1	6	2	1	1	3	7	0	1	1	0	0	0	9	3	1	1	3	1	1	2	5	2	1	2	2	3	7	5	6	6	4	3	5	0	4	3	4	4	10	6	9	0	4	1	3	6	9	3	4	1	6	2	1	7	13	7	5	2	5	3	
2218_A/whooper_swan/Shand 3	5	1	1	7	0	1	1	3	5	0	0	1	0	1	0	9	4	1	1	3	2	0	3	4	3	1	4	4	2	5	4	4	8	4	2	5	1	5	2	4	2	8	5	9	0	5	1	2	5	10	4	4	1	5	1	2	8	10	6	3	0	6	3	
2219_A/whooper_swan/Shand 3	5	1	1	7	0	1	1	3	5	0	0	1	0	1	0	9	4	1	1	3	2	0	3	4	3	1	4	4	2	5	4	4	8	4	2	5	1	5	2	4	2	8	5	9	0	5	1	2	5	10	4	4	1	5	1	2	8	10	6	3	0	6	3	
2220_A/whooper_swan/Shand 3	5	1	1	7	0	1	1	3	5	0	0	1	0	1	0	9	4	1	1	3	2	0	3	4	3	1	4	4	2	5	4	4	8	4	2	5	1	5	2	4	2	8	5	9	0	5	1	2	5	10	4	4	1	5	1	2	8	10	6	3	0	6	3	
2221_A/whooper_swan/Shanx 3	5	1	1	7	0	1	1	2	5	0	0	1	0	1	0	9	4	1	1	3	2	0	3	5	3	1	5	4	2	5	3	3	8	3	2	6	1	6	2	4	2	8	6	9	0	5	0	2	5	10	4	4	1	5	1	2	8	10	6	3	0	6	3	
2222_A/whooper_swan/Shanx 3	5	1	1	7	0	1	1	2	5	0	0	1	0	1	0	9	4	1	1	3	2	0	3	5	3	1	5	4	2	5	3	3	8	3	2	6	1	6	2	4	2	8	6	9	0	5	0	2	5	10	4	4	1	5	1	2	8	10	6	3	0	6	3	
2223_A/whooper_swan/Shanx 6	5	1	1	6	2	1	1	3	6	0	1	1	0	0	0	8	3	1	1	3	1	0	3	4	2	1	3	4	3	7	4	4	8	3	3	5	0	6	2	4	4	10	7	10	0	3	1	3	5	9	3	4	1	6	2	2	7	13	7	3	2	5	3	
2224_A/whooper_swan/Shanx 3	5	1	1	7	0	1	1	2	5	0	0	1	0	1	0	9	4	1	1	3	2	0	3	5	3	1	4	4	2	5	4	4	8	3	2	5	1	6	2	4	2	8	5	9	0	5	1	2	5	9	4	4	1	6	1	2	8	10	6	3	0	6	3	
2225_A/whooper_swan/Shanx 2	5	1	1	8	1	1	1	2	5	0	0	1	0	1	0	9	4	1	1	3	1	0	3	5	3	1	5	4	2	5	3	4	8	3	2	5	1	6	2	4	2	8	6	9	0	5	0	2	5	10	4	4	1	5	1	2	8	10	6	3	0	6	3	
2226_A/whooper_swan/Shanx 3	5	1	1	7	1	1	1	3	5	0	0	1	0	1	0	9	4	1	1	3	1	0	3	4	3	1	4	4	2	5	4	4	8	3	2	5	1	6	2	4	2	8	5	9	0	5	1	2	5	9	4	4	1	6	1	2	8	10	6	3	0	6	3	
2227_A/whooper_swan/Shanx 2	5	1	1	8	1	1	1	2	5	0	0	1	0	1	0	9	4	1	1	3	1	0	3	5	3	1	5	4	2	5	3	4	8	3	2	5	1	6	2	4	2	8	6	9	0	5	0	2	5	10	4	4	1	5	1	2	8	10	6	3	0	6	3	
2228_A/whooper_swan/Shanx 3	5	1	1	7	1	1	1	2	5	0	0	1	0	1	0	9	4	1	1	3	1	0	3	5	3	1	4	4	2	5	4	4	8	3	2	5	1	6	2	4	2	8	5	9	0	5	1	2	5	10	4	4	1	5	1	2	8	10	6	3	0	6	3	
2229_A/whooper_swan/Shanx 3	5	1	1	7	1	1	1	3	5	0	0	1	0	1	0	9	4	1	1	3	1	0	3	4	3	1	4	4	2	5	4	4	8	3	2	5	1	6	2	4	2	8	5	9	0	5	1	2	5	10	4	4	1	5	1	2	8	10	6	3	0	6	3	
2230_A/whooper_swan/Shanx 3	5	1	1	7	0	1	1	2	5	0	0	1	0	1	0	9	4	1	1	3	2	0	3	5	3	1	4	4	2	5	4	4	8	3	2	5	1	6	2	4	2	8	5	9	0	5	1	2	5	10	4	4	1	5	1	2	8	10	6	3	0	6	3	
2231_A/whooper_swan/Shanx 3	5	1	1	7	0	1	1	2	5	0	0	1	0	1	0	9	4	1	1	3	1	0	3	5	3	1	4	4	2	5	4	4	8	3	2	5	2	6	2	4	2	8	5	9	0	5	1	2	5	10	4	4	1	5	1	2	8	10	6	3	0	6	3	
2232_A/whooper_swan/Shanx 3	5	1	1	7	0	1	1	2	5	0	0	1	0	1	0	9	4	1	1	3	2	0	3	5	3	1	4	4	2	5	4	4	7	3	2	5	2	6	2	4	2	8	6	9	0	5	0	2	5	10	4	4	1	5	1	2	8	10	6	3	0	6	3	
2233_A/whooper_swan/Shanx 3	5	1	1	7	1	1	1	3	5	0	0	1	0	1	0	9	4	1	1	3	1	0	3	4	3	1	4	4	2	5	4	4	7	3	2	5	2	6	2	4	2	8	6	9	0	5	0	2	5	10	4	4	1	5	1	2	8	10	6	3	0	6	3	
2234_A/whooper_swan/Shanx 3	5	1	1	7	1	1	1	2	5	0	0	1	0	1	0	9	4	1	1	3	1	0	3	5	3	1	4	4	2	5	4	4	8	4	2	5	1	5	2	4	2	8	5	9	0	5	1	2	5	10	4	4	1	5	1	2	8	10	6	3	0	6	3	
2235_A/whooper_swan/Shanx 3	5	1	1	7	0	1	1	2	5	0	0	1	0	1	0	8	4	1	1	3	2	0	3	5	3	1	4	4	2	5	4	5	8	3	2	5	1	6	2	4	2	8	5	9	0	5	1	2	5	10	4	4	1	5	1	2	8	10	6	3	0	6	3	
2236_A/wild_bird/Hubei/12 4	5	1	1	6	2	1	1	4	6	0	1	1	0	0	0	9	3	1	2	3	1	0	3	3	2	1	3	4	3	7	3	5	8	3	3	4	0	6	3	5	4	10	7	10	0	3	1	3	5	9	3	4	1	5	2	2	7	13	7	3	2	5	3	
2237_A/wild_duck/Jiangsu/ 3	5	1	1	7	0	1	1	3	5	0	0	1	0	1	0	9	4	1	1	3	2	0	3	4	3	1	4	4	2	5	4	4	8	4	2	5	1	5	2	4	2	8	5	9	0	5	1	2	5	10	4	4	1	5	1	2	8	10	6	3	0	6	3	
2238_A/wild_duck/Shandong 3	5	1	1	7	0	1	1	3	5	0	0	1	0	1	0	9	4	1	1	3	2	0	3	4	3	1	4	4	2	5	4	4	8	4	2	5	1	5	2	4	2	8	5	9	0	5	1	2	5	10	4	4	1	5	1	2	8	10	6	3	0	6	3	
2239_A/wild_goose/Shandon 3	5	1	1	7	0	1	1	3	5	0	0	1	0	1	0	9	4	1	1	3	2	0	3	4	3	1	4	4	2	5	4	4	8	4	2	5	1	5	2	4	2	8	5	9	0	5	1	2	5	10	4	4	1	5	1	2	8	10	6	3	0	6	3	
2240_A/Anser_cygnoides/Hu 4	5	1	1	6	2	1	1	4	6	0	1	1	0	0	0	9	3	1	2	3	1	0	3	3	2	1	3	4	3	7	3	5	8	3	3	4	0	6	3	5	4	10	7	10	0	3	1	3	5	9	3	4	1	5	2	2	7	13	7	3	2	5	3	
2241_A/Chlidonias_hybrida 3	5	1	1	7	0	1	1	2	5	0	0	1	0	1	0	9	4	1	1	3	2	0	3	5	3	1	5	4	2	5	3	4	8	3	2	5	1	6	2	4	2	8	6	9	0	5	0	2	5	10	4	4	1	5	1	2	8	10	6	3	0	6	3	
2242_A/Cygnus_atratus/Hub 6	5	1	1	6	2	1	1	3	6	0	1	1	0	0	0	8	3	1	1	3	1	0	3	4	2	1	3	4	3	7	4	4	8	3	3	5	0	6	2	4	4	10	7	10	0	3	1	3	5	9	3	4	1	6	2	2	7	13	7	3	2	5	3	
2243_A/Cygnus_atratus/Hub 6	5	1	1	6	2	1	1	3	6	0	1	1	0	0	0	8	3	1	1	3	1	0	3	4	2	1	3	4	3	7	4	4	8	3	3	5	0	6	2	4	4	10	7	10	0	3	1	3	5	9	3	4	1	6	2	2	7	13	7	3	2	5	3	
2244_A/Cygnus_columbianus 3	5	1	1	7	0	1	1	2	5	0	0	1	0	1	0	9	4	1	1	3	2	0	3	5	3	1	5	4	2	5	3	5	8	3	2	5	1	6	2	4	2	8	6	9	0	5	0	1	5	10	4	4	1	5	1	2	8	10	6	3	0	6	3	
2245_A/Cygnus_columbianus 3	5	1	1	7	0	1	1	2	5	0	0	1	0	1	0	9	4	1	1	3	2	0	3	5	3	1	5	4	2	5	3	4	8	3	2	5	1	6	2	4	2	8	6	9	0	5	0	2	5	10	4	4	1	5	1	2	8	10	6	3	0	6	3	
2246_A/Cygnus_columbianus 3	5	1	1	7	0	1	1	3	5	0	0	1	0	1	0	9	4	1	1	3	2	0	3	4	3	1	4	4	2	5	4	4	8	3	2	5	1	6	2	4	2	8	5	9	0	5	1	2	5	10	4	4	1	5	1	2	8	10	6	3	0	6	3	
2247_A/Cygnus_columbianus 3	5	1	1	7	0	1	1	2	5	0	0	1	0	1	0	9	4	1	1	3	2	0	3	5	3	1	4	4	2	5	4	4	8	3	2	5	1	6	2	4	2	8	5	9	0	5	1	2	5	10	4	4	1	5	1	2	8	10	6	3	0	6	3	
2248_A/Cygnus_columbianus 3	5	1	1	7	0	1	1	2	5	0	0	1	0	1	0	9	4	1	1	3	2	0	3	5	3	1	5	4	2	5	3	4	8	3	2	5	1	6	2	4	2	8	6	9	0	5	0	2	5	10	4	4	1	5	1	2	8	10	6	3	0	6	3	
2249_A/Cygnus_columbianus 3	5	1	1	7	0	1	1	2	5	0	0	1	0	1	0	9	4	1	1	3	2	0	3	5	3	1	5	4	2	5	3	4	8	3	2	5	1	6	2	4	2	8	6	9	0	5	0	2	5	10	4	4	1	5	1	2	8	10	6	3	0	6	3	
2250_A/Cygnus_columbianus 3	5	1	1	7	0	1	1	2	5	0	0	1	0	1	0	9	4	1	1	3	2	0	3	5	3	1	5	4	2	5	3	4	8	3	2	5	1	6	2	4	2	8	6	9	0	5	0	2	5	10	4	4	1	5	1	2	8	10	6	3	0	6	3	
2251_A/Whooper_Swan/Sanme 6	5	1	1	6	2	1	1	3	6	0	1	1	0	0	0	8	3	1	1	3	1	0	3	4	2	1	3	4	3	7	4	4	8	3	3	5	0	6	2	4	4	10	7	10	0	3	1	3	5	9	3	4	1	6	2	2	7	13	7	3	2	5	3	
2252_A/Wild_bird/Huadong/ 2	5	1	1	7	0	1	1	3	5	0	0	1	0	1	0	10	4	1	1	4	2	0	3	4	3	1	4	4	2	5	4	4	8	4	2	5	1	5	2	4	2	8	5	9	0	5	1	2	5	10	4	3	1	5	1	2	8	10	6	3	0	6	3	
2253_A/chicken/Changhua/1 4	5	0	0	5	2	1	2	2	7	0	1	0	0	0	0	9	3	2	1	4	1	0	3	4	3	2	5	5	1	6	3	7	9	5	2	5	2	2	3	4	4	10	8	10	0	4	0	2	4	9	3	4	1	9	1	3	7	13	7	4	2	5	4	
2254_A/chicken/Changhua/1 4	5	0	0	5	2	1	2	2	7	0	1	0	0	0	0	8	3	2	1	5	1	0	3	4	3	2	4	5	1	6	4	7	9	5	2	5	2	2	3	4	4	10	8	10	0	4	0	2	4	9	3	4	1	9	1	3	7	13	6	4	2	5	5	
2255_A/chicken/Changhua/1 4	5	0	0	5	2	1	2	2	7	0	1	0	0	0	0	9	3	2	1	4	1	0	3	4	3	2	4	5	1	6	4	7	9	5	3	5	2	2	2	4	4	10	8	10	0	4	0	2	4	9	3	4	1	9	1	3	7	13	6	4	2	5	5	
2256_A/chicken/Changhua/1 4	5	0	0	5	2	1	2	2	7	0	1	0	0	0	0	9	3	2	1	4	1	0	3	4	3	2	4	5	1	6	4	7	9	5	3	4	3	2	2	4	4	10	8	10	0	4	0	2	4	9	3	4	1	9	1	3	7	13	6	4	2	5	5	
2257_A/chicken/Changhua/1 4	5	0	0	5	2	1	2	2	7	0	1	0	0	0	0	9	3	2	1	4	1	0	3	4	3	2	4	5	1	6	4	7	9	5	2	5	2	2	3	4	4	10	8	11	0	4	0	2	4	8	4	4	1	9	1	3	6	13	7	3	3	5	4	
2258_A/chicken/Changhua/1 4	5	0	0	5	2	1	2	2	7	0	1	0	0	0	0	9	3	2	1	4	1	0	3	4	3	2	4	5	1	6	4	7	9	4	2	5	2	2	3	4	4	10	8	11	0	4	0	2	4	10	3	4	1	9	1	3	6	13	6	3	3	5	5	
2259_A/chicken/Chiayi/150 4	5	0	0	5	2	1	2	2	7	0	1	0	0	0	0	9	3	2	1	4	1	0	3	4	3	2	4	5	1	6	4	7	9	5	2	5	2	2	3	4	4	10	8	10	0	4	0	2	4	9	3	4	1	9	1	3	7	13	7	4	2	5	4	
2260_A/chicken/Kaohsiung/ 4	4	0	0	5	2	1	2	1	6	0	1	2	0	0	0	10	3	2	1	3	1	0	3	5	4	3	3	4	2	5	4	6	7	4	2	5	1	4	3	3	3	11	7	9	0	2	2	2	5	10	3	4	1	7	1	2	7	10	6	5	2	9	3	
2261_A/chicken/Kaohsiung/ 4	4	0	0	5	2	1	2	1	6	0	1	2	0	0	0	10	3	2	1	3	1	0	3	5	4	3	3	4	2	5	4	6	7	4	2	5	1	4	3	3	4	10	7	9	0	2	2	2	5	9	3	4	1	8	1	2	7	10	6	5	2	9	3	
2262_A/chicken/Kaohsiung/ 4	4	0	0	5	2	1	2	1	6	0	1	2	0	0	0	10	3	2	1	3	1	0	3	5	4	3	3	4	2	5	4	6	7	4	2	5	1	4	3	2	5	10	7	9	0	2	2	2	6	9	3	4	1	8	1	2	7	10	6	5	1	9	3	
2263_A/chicken/Kaohsiung/ 4	4	0	0	5	2	1	2	1	6	0	1	2	0	0	0	10	3	2	1	3	1	0	3	5	4	2	3	4	2	6	4	6	7	4	2	5	1	4	3	2	5	10	6	9	0	2	3	2	5	10	2	4	1	8	1	2	8	10	6	5	1	9	3	
2264_A/chicken/Kaohsiung/ 4	4	0	1	5	2	1	1	2	7	0	1	2	0	0	0	10	3	2	1	3	1	0	3	4	3	3	3	4	2	5	4	6	7	4	2	5	2	3	3	3	4	10	7	9	0	2	2	2	5	9	3	4	1	8	1	2	7	10	6	5	2	9	3	
2265_A/chicken/Kaohsiung/ 4	4	0	0	5	2	1	2	1	6	0	1	2	0	0	0	10	3	2	1	3	1	0	3	5	4	3	3	4	2	5	4	6	7	4	2	5	1	4	3	2	5	10	7	9	0	2	2	2	6	9	3	4	1	8	1	2	7	10	6	5	1	9	3	
2266_A/chicken/Kaohsiung/ 4	4	0	0	5	2	1	2	1	6	0	1	2	0	0	0	10	3	2	1	3	1	0	3	5	4	3	4	4	2	5	3	6	7	6	2	4	1	4	3	5	4	10	7	9	0	2	2	2	4	5	5	4	2	8	1	2	7	10	6	4	2	9	3	
2267_A/chicken/Miaoli/150 4	5	0	0	5	2	1	2	2	7	0	1	0	0	0	0	9	3	2	1	4	1	0	3	4	3	2	3	5	1	6	4	7	9	4	2	5	2	2	3	4	4	10	8	9	0	4	0	2	3	8	3	4	1	9	1	3	7	13	6	4	2	4	4	
2268_A/chicken/Nantou/161 4	4	0	0	5	1	1	2	1	6	0	1	2	0	0	0	10	3	2	1	3	2	0	3	5	4	3	3	4	2	5	4	6	7	5	2	5	1	4	3	2	5	10	6	9	0	2	3	2	5	8	3	4	1	8	1	2	8	10	6	5	1	9	3	
2269_A/chicken/New_Taipei 4	4	0	0	5	2	1	2	1	5	0	1	2	1	0	0	11	2	2	1	3	1	0	3	5	4	3	3	4	2	5	4	6	7	4	3	4	1	4	3	4	4	10	7	10	0	2	2	2	5	8	3	4	1	8	1	2	7	10	6	4	2	9	3	
2270_A/chicken/New_Taipei 4	4	0	0	5	2	1	2	1	5	0	1	2	1	0	0	10	3	2	1	3	1	0	3	5	4	3	3	4	2	5	4	6	7	4	3	4	1	4	3	4	4	10	7	10	0	2	2	2	5	8	3	4	1	8	1	2	7	10	6	4	2	9	3	
2271_A/chicken/New_Taipei 4	4	1	0	5	2	0	2	1	6	0	1	2	0	0	0	10	2	2	1	3	1	0	3	6	4	2	3	4	2	6	3	6	7	5	2	5	1	3	3	2	4	9	7	9	1	3	3	2	5	8	3	4	2	8	1	2	7	11	7	5	2	8	2	
2272_A/chicken/New_Taipei 4	4	1	0	5	2	0	2	1	7	0	1	2	0	0	0	10	3	2	1	3	1	0	3	4	4	2	3	4	2	6	3	5	7	5	2	6	2	3	3	2	4	9	7	9	1	3	3	2	5	8	3	4	1	8	1	2	7	11	6	5	2	8	3	
2273_A/chicken/New_Taipei 4	4	1	0	5	2	0	2	2	6	0	1	2	0	0	0	11	3	2	1	2	1	0	3	4	4	2	3	4	2	6	3	6	7	5	2	5	2	3	3	2	4	9	7	9	1	3	3	2	5	8	3	4	1	8	1	2	7	11	6	5	2	8	3	
2274_A/chicken/New_Taipei 4	4	1	0	5	2	0	2	1	7	0	1	2	0	0	0	10	3	2	1	3	1	0	3	4	4	2	3	4	2	6	3	6	7	5	2	5	2	3	3	2	4	9	7	9	1	3	3	2	5	8	3	4	1	8	1	2	7	11	6	5	2	8	3	
2275_A/chicken/Taichung/1 4	3	0	1	5	3	1	1	1	7	0	1	1	0	0	0	9	3	3	0	4	1	0	3	4	5	1	4	4	1	8	3	5	9	3	2	5	1	4	3	4	4	9	8	9	0	3	1	4	3	9	3	4	1	7	2	1	7	13	7	6	1	6	2	
2276_A/chicken/Tainan/150 4	4	0	0	5	2	1	2	1	6	0	1	1	0	0	0	10	3	2	1	3	1	0	3	5	4	3	3	4	2	5	4	6	8	3	2	5	1	4	3	3	4	10	7	9	0	2	2	2	5	10	3	4	1	7	1	2	7	9	6	6	2	10	3	
2277_A/chicken/Tainan/170 4	4	0	0	5	2	1	2	1	5	0	1	2	0	0	0	9	3	2	1	4	1	0	3	5	5	3	3	4	2	5	4	5	7	4	2	6	1	4	3	4	4	10	7	9	0	2	2	2	4	9	4	4	2	7	1	1	7	10	6	5	2	9	3	
2278_A/chicken/Taipei_Cit 4	4	1	0	5	2	0	2	2	6	0	1	2	0	0	0	10	3	2	2	3	1	0	2	4	4	2	3	4	2	6	3	6	7	5	2	5	2	3	3	2	4	9	7	9	1	3	3	2	5	8	3	4	1	8	1	2	7	11	6	5	2	8	3	
2279_A/chicken/Taipei/160 4	4	0	0	5	2	1	2	1	6	0	1	2	0	0	0	10	3	2	1	3	1	0	3	5	4	3	3	4	2	5	4	6	7	4	2	5	1	4	3	2	5	10	6	9	0	2	3	2	5	9	3	4	1	8	1	2	8	10	6	5	1	9	3	
2280_A/chicken/Taipei/160 4	4	0	0	5	2	1	2	1	6	0	1	2	0	0	0	10	3	2	1	3	1	0	3	5	4	3	3	4	2	5	4	6	7	4	2	5	1	4	3	2	5	10	6	9	0	2	3	2	5	9	3	4	1	8	1	2	8	10	6	5	1	9	3	
2281_A/chicken/Taipei/161 4	4	0	0	5	2	1	2	2	7	0	1	2	0	0	0	10	3	2	1	3	1	0	3	5	2	3	3	4	2	5	4	6	7	4	2	5	1	4	3	3	4	10	7	9	0	2	2	2	5	9	3	4	1	8	1	2	7	10	6	5	2	9	3	
2282_A/chicken/Taipei/170 4	4	1	0	5	2	0	2	1	6	0	1	2	0	0	0	10	3	2	1	3	1	0	3	5	4	2	3	4	2	6	3	6	7	5	2	5	2	3	3	2	4	10	5	9	1	3	4	2	5	8	3	4	1	8	1	2	7	11	6	5	2	8	3	
2283_A/chicken/Taipei/170 4	4	1	0	5	2	0	2	1	6	0	1	2	0	0	0	10	3	2	1	3	1	0	3	5	4	2	3	4	2	6	3	6	7	5	2	5	2	3	3	2	4	9	7	9	1	3	3	2	5	8	3	4	1	8	1	2	7	11	6	5	2	9	2	
2284_A/chicken/Taipei/170 4	4	1	0	5	2	0	2	1	6	0	1	2	0	0	0	10	3	3	0	3	1	0	3	5	4	2	2	4	2	6	4	6	7	5	2	5	2	3	3	2	4	9	6	9	1	3	4	2	5	8	3	4	1	8	1	2	7	11	6	5	2	8	3	
2285_A/chicken/Yunlin/150 4	5	0	0	5	2	1	2	2	7	0	1	0	0	0	0	9	3	2	1	4	1	0	3	4	3	2	5	5	1	6	3	7	9	5	2	5	2	2	3	4	4	10	9	10	0	4	0	2	4	9	3	4	1	9	1	3	7	13	6	4	2	5	4	
2286_A/chicken/Yunlin/160 4	5	0	0	5	2	1	2	2	7	0	1	0	0	0	0	8	3	2	1	5	1	0	3	4	3	2	4	5	1	6	4	7	9	5	1	5	2	3	3	4	4	10	8	11	0	4	0	2	4	9	3	4	1	9	1	3	6	13	7	3	3	5	4	
2287_A/chicken/Yunlin/170 4	3	0	1	5	3	1	1	1	7	0	1	1	0	0	0	10	3	2	0	3	1	0	3	4	5	1	4	4	1	7	5	6	8	3	2	5	1	4	3	4	4	9	8	9	0	3	1	3	4	9	3	4	1	8	1	1	7	13	7	6	1	6	2	
2288_A/duck/Chiayi/150800 4	5	0	0	5	2	1	2	2	7	0	1	0	0	0	0	9	3	2	1	4	1	0	3	4	3	2	4	5	1	6	4	7	9	5	2	5	2	2	3	4	4	10	8	11	0	4	0	2	4	9	3	4	1	9	1	3	6	13	7	3	3	5	4	
2289_A/duck/Eastern_China 5	6	1	1	5	1	1	2	3	6	0	1	1	0	0	0	9	3	1	0	3	1	0	3	4	2	1	3	4	3	7	4	5	9	3	2	5	0	5	3	4	4	10	7	10	0	4	1	3	4	8	3	4	1	8	1	3	7	13	7	3	2	5	2	
2290_A/duck/Eastern_China 3	2	0	0	5	2	2	2	2	4	0	1	1	0	0	0	10	3	2	1	4	1	0	3	3	6	1	3	4	1	7	3	6	7	3	2	7	2	5	2	3	6	8	7	9	0	5	1	2	2	10	4	3	2	7	2	1	6	9	7	5	2	9	1	
2291_A/duck/Eastern_China 3	2	0	0	5	2	2	2	2	4	0	1	1	0	0	0	10	3	2	1	4	1	0	3	3	6	1	3	4	1	7	3	6	7	3	2	7	2	5	2	3	6	8	7	9	0	5	1	2	2	10	4	3	2	7	2	1	6	9	7	5	2	9	1	
2292_A/duck/Eastern_China 3	2	0	0	5	2	2	2	2	4	0	1	1	0	0	0	10	3	2	1	4	1	0	3	3	6	1	3	4	1	7	3	6	7	3	2	7	2	5	2	3	6	7	8	9	0	5	1	2	2	10	4	3	2	7	2	1	6	9	7	5	2	9	1	
2293_A/duck/Eastern_China 3	3	0	0	5	1	2	2	2	4	0	1	1	0	0	0	10	3	2	1	4	1	0	3	3	6	1	3	4	1	7	3	6	7	3	3	7	2	5	2	3	6	8	7	9	0	5	1	2	2	10	3	3	2	7	2	1	6	9	7	5	2	9	1	
2294_A/duck/Eastern_China 3	2	0	0	5	2	2	2	2	4	0	1	2	0	0	0	10	3	2	1	4	1	0	3	3	6	1	3	3	1	7	3	6	7	3	2	7	2	5	2	3	6	8	6	9	0	5	2	2	2	10	4	3	2	7	2	1	6	9	7	5	2	9	1	
2295_A/duck/Eastern_China 3	2	0	0	5	2	2	2	2	4	0	1	1	0	0	0	11	3	2	1	3	1	0	3	4	6	1	3	3	1	7	3	6	7	4	2	7	2	5	2	3	5	7	8	9	1	5	1	2	2	9	4	3	2	7	2	1	6	9	7	5	2	9	1	
2296_A/duck/Eastern_China 6	6	1	0	5	1	1	2	3	6	0	1	1	0	0	0	8	3	1	1	3	1	0	3	5	2	1	3	3	3	7	4	5	8	3	2	5	0	5	3	4	4	10	7	10	0	3	1	3	5	9	3	4	1	7	1	2	7	13	7	4	2	6	2	
2297_A/duck/Eastern_China 4	5	1	1	6	2	1	1	3	6	0	1	1	0	0	0	9	3	1	1	3	1	0	3	4	2	1	3	4	3	7	4	5	8	3	2	6	0	6	2	4	4	10	7	10	0	3	1	3	5	9	3	4	1	7	1	2	7	13	7	3	2	5	3	
2298_A/duck/Eastern_China 5	6	1	0	5	1	1	2	2	6	0	1	1	0	0	0	9	3	1	1	3	1	0	3	5	2	1	3	4	3	7	4	5	9	3	2	5	0	5	3	5	4	11	7	9	0	2	1	3	4	9	3	4	1	7	1	3	7	13	7	3	2	6	2	
2299_A/duck/Guangdong/s14 3	2	0	0	5	2	2	2	2	4	0	1	1	0	0	0	11	3	3	0	3	1	0	3	4	6	1	4	3	1	7	2	6	6	4	2	8	2	6	2	3	6	7	8	9	0	5	1	2	2	9	4	3	2	6	2	1	6	9	7	5	2	9	1	
2300_A/duck/Hunan/11.30_Y 6	5	1	1	6	2	1	1	2	6	0	1	2	0	0	0	8	3	1	1	3	1	0	3	4	2	1	3	4	3	7	4	4	8	3	3	5	0	6	2	4	4	10	7	10	0	3	1	3	5	8	4	4	1	6	2	2	7	13	7	3	2	5	3	
2301_A/duck/Shandong/Q1/2 3	2	0	0	5	2	2	2	2	4	0	1	1	0	0	0	11	3	2	1	3	1	0	3	4	6	1	3	3	1	7	3	6	7	4	2	7	2	5	2	3	6	7	8	9	0	5	1	2	3	9	3	3	2	7	2	1	6	9	6	5	2	9	2	
2302_A/duck/Tainan/150104 4	5	0	0	5	2	1	2	2	7	0	1	0	0	0	0	9	3	2	1	4	1	0	3	4	3	2	4	5	1	6	4	7	9	5	2	5	2	2	3	4	4	10	8	10	0	4	0	2	4	9	3	4	1	9	1	3	7	13	7	4	2	5	4	
2303_A/duck/Taiwan/A3400/ 4	4	0	0	5	2	1	2	1	6	0	1	1	0	0	0	10	3	2	1	3	1	0	3	5	4	3	3	4	2	5	4	6	8	3	2	5	1	4	3	3	4	10	7	9	0	2	2	2	5	10	3	4	1	7	1	2	7	10	6	6	2	9	3	
2304_A/duck/Xinjiang/12.1 4	5	1	1	6	2	1	1	4	6	0	1	1	0	0	0	9	3	1	1	3	1	0	3	3	2	1	3	5	2	7	4	5	8	4	3	5	0	6	2	3	4	10	7	10	0	3	1	3	5	8	3	4	1	6	2	3	7	13	7	3	2	5	3	
2305_A/duck/Yunlin/150102 4	5	0	0	5	2	1	2	2	7	0	1	0	0	0	0	9	3	2	1	4	1	0	3	4	3	2	4	5	1	6	4	7	9	5	2	5	2	2	3	4	4	10	8	10	0	4	0	2	4	9	3	4	1	9	1	3	7	13	7	4	2	5	4	
2306_A/duck/Yunlin/150104 4	5	0	0	5	2	1	2	2	7	0	1	0	0	0	0	9	3	2	1	4	1	0	3	4	3	2	4	5	1	6	4	7	9	5	2	5	2	2	3	4	4	10	8	10	0	4	0	2	4	10	3	4	1	8	1	3	7	13	7	4	2	5	4	
2307_A/duck/Zhejiang/6D18 5	6	1	0	5	1	1	2	3	6	0	1	1	0	0	0	9	3	1	1	3	1	0	3	4	2	1	4	4	3	7	3	5	8	3	2	4	0	5	3	4	4	10	7	10	0	3	1	3	5	10	3	5	1	7	1	2	8	12	7	4	1	6	2	
2308_A/duck/Zhejiang/9250 6	4	1	0	5	0	1	2	3	8	0	1	1	0	0	0	9	4	1	1	3	1	0	3	3	2	1	3	4	3	7	4	6	8	5	2	5	0	4	3	4	4	9	7	9	0	4	1	2	5	8	3	4	1	7	1	2	7	12	7	5	2	7	2	
2309_A/duck/Zhejiang/9251 6	4	1	0	5	1	1	2	3	7	0	1	1	0	0	0	9	4	1	1	3	1	0	3	3	2	1	3	4	3	7	4	6	8	5	2	5	0	4	3	4	4	9	7	9	0	4	1	3	5	7	3	4	1	7	1	2	7	12	7	5	2	7	2	
2310_A/duck/Zhejiang/W24/ 5	6	1	0	5	1	1	2	4	6	0	1	1	0	0	0	9	3	1	1	3	1	0	3	3	2	1	3	4	3	7	4	5	8	3	2	5	0	5	3	4	4	10	7	10	0	3	1	3	5	9	3	4	1	7	1	2	7	13	7	4	2	6	2	
2311_A/eurasian_coot/Shan 3	5	1	1	7	0	1	1	3	5	0	0	1	0	1	0	9	4	1	1	3	2	0	3	4	3	1	4	4	2	5	4	4	8	4	2	6	0	5	2	4	2	8	5	9	0	5	1	2	5	10	4	4	1	5	1	2	8	11	6	3	0	5	3	
2312_A/eurasian_coot/Shan 3	5	1	1	7	0	1	1	3	5	0	0	1	0	1	0	9	4	1	1	3	2	0	3	4	3	1	4	4	2	5	4	4	8	4	2	6	0	5	2	4	2	8	5	9	0	5	1	2	5	10	4	4	1	5	1	2	8	11	6	3	0	5	3	
2313_A/eurasian_coot/Shan 3	5	1	1	7	0	1	1	3	5	0	0	1	0	1	0	9	4	1	1	3	2	0	3	4	3	1	4	4	2	5	4	4	8	4	2	6	0	5	2	4	2	8	5	9	0	5	1	2	5	10	4	4	1	5	1	2	8	11	6	3	0	5	3	
2314_A/eurasian_coot/Shan 3	5	1	1	7	0	1	1	3	5	0	0	1	0	1	0	9	4	1	1	3	2	0	3	4	3	1	4	4	2	5	4	4	8	4	2	6	0	5	2	4	2	8	5	9	0	5	1	2	5	10	4	4	1	5	1	2	8	11	6	3	0	5	3	
2315_A/goose/Chiayi/15020 4	5	0	0	5	2	1	2	2	7	0	1	0	0	0	0	9	3	2	1	4	1	0	3	4	3	2	4	5	1	6	4	7	9	5	2	5	2	2	3	4	4	10	8	10	0	4	0	2	4	9	3	4	1	9	1	3	7	13	7	4	2	5	4	
2316_A/goose/China/1/2021 3	5	1	1	7	0	1	1	3	5	0	0	1	0	1	0	9	4	1	1	3	2	0	3	4	3	1	4	4	2	5	4	4	8	4	2	5	1	5	2	4	2	8	5	9	0	5	1	2	5	10	4	4	1	5	1	2	8	10	6	3	0	6	3	
2317_A/goose/Eastern_Chin 5	6	1	0	5	1	1	2	4	6	0	1	1	0	0	0	8	3	1	1	4	1	0	3	3	2	1	3	4	3	7	4	5	8	3	2	5	0	5	3	4	4	10	7	10	0	3	1	3	5	9	3	4	1	7	1	2	7	13	6	4	2	6	3	
2318_A/goose/Eastern_Chin 3	2	0	0	5	2	2	2	2	4	0	1	1	0	0	0	11	3	2	1	3	1	0	3	4	6	1	3	3	1	7	3	6	7	4	2	7	2	5	2	3	6	7	8	9	0	5	1	2	2	9	4	3	2	7	2	1	6	9	7	5	2	9	1	
2319_A/goose/Eastern_Chin 4	4	0	0	5	2	1	2	2	8	0	1	0	1	0	0	9	3	2	1	4	1	0	3	4	3	2	1	5	0	7	4	6	11	2	2	5	1	4	3	4	5	9	7	9	0	4	1	2	2	6	3	4	2	11	1	4	6	13	7	3	2	5	3	
2320_A/goose/Eastern_Chin 5	6	1	0	5	1	1	2	4	5	0	1	1	0	0	0	9	3	1	1	3	1	0	3	4	2	2	3	4	3	6	4	5	8	3	2	5	0	5	3	4	4	10	7	10	0	3	1	3	5	10	3	4	1	7	1	2	8	12	7	4	1	6	2	
2321_A/goose/Guangdong/s1 3	2	0	0	5	2	2	2	2	4	0	1	1	0	0	0	11	3	3	0	3	1	0	3	4	6	1	4	3	1	7	2	6	6	4	2	8	2	6	2	3	6	7	8	9	0	5	1	2	2	9	4	3	2	6	2	1	6	9	7	5	2	9	1	
2322_A/goose/Hebei/HG12/2 3	5	1	1	7	0	1	1	3	5	0	0	1	0	1	0	9	4	1	1	3	2	0	3	4	3	1	4	4	2	5	4	4	8	4	2	5	1	5	2	4	2	8	5	9	0	5	1	2	5	10	4	4	1	5	1	2	8	10	6	3	0	6	3	
2323_A/goose/Jiangsu/QD5/ 5	6	1	0	5	1	1	2	3	6	0	1	1	0	0	0	9	3	1	1	3	1	0	3	4	2	1	3	4	3	7	4	5	8	3	2	5	0	5	3	4	4	10	7	10	0	3	1	3	5	9	3	4	1	7	1	2	7	13	7	4	2	6	2	
2324_A/goose/Pingtung/150 4	4	0	0	5	2	1	2	1	6	0	1	1	0	0	0	10	3	2	1	3	1	0	3	5	4	3	3	4	2	5	4	6	7	4	2	5	1	4	3	3	4	10	7	9	0	2	2	2	5	9	3	4	1	8	1	2	7	10	6	6	2	9	3	
2325_A/goose/Pingtung/160 4	4	0	0	5	2	1	2	1	6	0	1	2	0	0	0	10	3	2	1	3	1	0	3	5	4	3	3	4	2	5	4	5	7	4	2	5	1	4	3	4	4	10	7	9	0	2	2	2	5	9	3	5	1	8	1	2	6	10	6	5	2	9	3	
2326_A/goose/Tainan/16040 4	4	0	0	5	2	1	2	1	7	0	1	2	0	0	0	10	3	2	1	3	1	0	3	5	3	3	3	4	2	5	4	5	7	4	2	5	1	4	3	2	5	11	7	9	0	2	2	3	5	8	3	4	1	8	1	2	7	10	6	5	2	9	3	
2327_A/goose/Tainan/16070 4	4	0	0	5	2	1	2	1	7	0	1	2	0	0	0	10	3	2	1	3	1	0	3	5	3	3	3	4	2	5	4	5	7	4	2	5	1	4	3	2	5	10	7	9	0	2	2	3	5	9	3	4	1	8	1	2	7	10	6	5	2	9	3	
2328_A/goose/Taiwan/01019 4	5	0	0	5	2	1	2	2	7	0	1	0	0	0	0	9	3	2	1	4	1	0	3	4	3	2	4	5	1	6	4	7	9	5	2	5	2	2	3	4	4	10	8	10	0	4	0	2	4	9	3	4	1	9	1	3	7	13	7	4	2	5	4	
2329_A/goose/Taiwan/01039 4	5	0	0	5	2	1	2	2	7	0	1	0	0	0	0	9	3	2	1	4	1	0	3	4	3	2	4	5	1	6	4	6	9	5	2	5	2	2	3	4	4	10	8	10	0	4	0	3	4	9	3	4	1	9	1	3	7	13	7	4	2	5	4	
2330_A/goose/Taiwan/TNC1/ 4	5	0	0	5	2	1	2	2	7	0	1	0	0	0	0	9	3	2	1	4	1	0	3	4	3	2	4	5	1	6	4	7	9	5	2	5	2	2	3	4	4	10	8	10	0	4	0	2	4	9	3	4	1	9	1	3	7	13	7	4	2	5	4	
2331_A/goose/Taiwan/TNC10 4	5	0	0	5	2	1	2	2	7	0	1	0	0	0	0	9	3	2	1	4	1	0	3	4	3	2	4	5	1	6	4	7	9	5	2	5	2	2	3	4	4	10	8	10	0	4	0	2	4	9	3	4	1	9	1	3	7	13	7	4	2	5	4	
2332_A/goose/Taiwan/TNC11 4	5	0	0	5	2	1	2	2	7	0	1	0	0	0	0	9	3	2	1	4	1	0	3	4	3	2	4	5	1	6	4	7	9	5	2	5	2	2	3	4	4	10	8	10	0	4	0	2	4	9	3	4	1	9	1	3	7	13	7	4	2	5	4	
2333_A/goose/Taiwan/TNC12 4	5	0	0	5	2	1	2	2	7	0	1	0	0	0	0	9	3	2	1	4	1	0	3	4	3	2	4	5	1	6	4	7	9	5	2	5	2	2	3	4	4	10	8	10	0	4	0	2	4	9	3	4	1	9	1	3	7	13	7	4	2	5	4	
2334_A/goose/Taiwan/TNC14 4	5	0	0	5	2	1	2	2	7	0	1	0	0	0	0	9	3	2	1	4	1	0	3	4	3	2	4	5	1	6	4	7	9	5	2	5	2	2	3	4	4	10	8	10	0	4	0	2	4	9	3	4	1	9	1	3	7	13	7	4	2	5	4	
2335_A/goose/Taiwan/TNC3/ 4	5	0	0	5	2	1	2	2	7	0	1	0	0	0	0	9	3	2	1	4	1	0	3	4	3	2	4	5	1	6	4	7	9	6	2	5	2	2	3	4	4	10	8	10	0	4	0	2	4	8	3	4	1	9	1	3	7	13	7	4	2	5	4	
2336_A/goose/Taiwan/TNC7/ 4	5	0	0	5	2	1	2	2	7	0	1	0	0	0	0	9	3	2	1	4	1	0	3	4	3	2	4	5	1	6	4	7	9	5	2	5	2	2	3	4	4	10	8	10	0	4	0	2	4	9	3	4	1	9	1	3	7	13	7	4	2	5	4	
2337_A/goose/Taiwan/TNC9/ 4	5	0	0	5	2	1	2	2	7	0	1	0	0	0	0	9	3	2	1	4	1	0	3	4	3	2	4	5	1	6	4	7	9	5	2	5	2	2	3	4	4	10	8	10	0	4	0	2	4	9	3	4	1	9	1	3	7	13	7	4	2	5	4	
2338_A/goose/Taiwan/TNO15 4	5	0	0	5	2	1	2	2	7	0	1	0	0	0	0	9	3	2	1	4	1	0	3	4	3	2	4	5	1	6	4	7	9	5	2	5	2	2	3	4	4	10	8	10	0	4	0	2	4	9	3	4	1	9	1	3	7	13	7	4	2	5	4	
2339_A/goose/Taiwan/TNO3/ 4	5	0	0	5	2	1	2	2	7	0	1	0	0	0	0	9	3	2	1	4	1	0	3	4	3	2	4	5	1	6	4	7	9	5	2	5	2	2	3	4	4	9	9	10	0	4	0	2	4	9	3	4	1	9	1	3	7	13	7	4	2	5	4	
2340_A/goose/Taiwan/TNO9/ 4	5	0	0	5	2	1	2	2	7	0	1	0	0	0	0	9	3	2	1	4	1	0	3	4	3	2	4	5	1	6	4	7	9	5	2	5	2	2	3	4	4	10	8	10	0	4	0	2	4	9	3	4	1	9	1	3	7	13	7	4	2	5	4	
2341_A/goose/Taoyuan/1501 4	5	0	0	5	2	1	2	2	7	0	1	0	0	0	0	9	3	2	1	4	1	0	3	4	3	2	3	5	1	6	4	7	9	4	2	5	2	2	3	4	4	10	8	9	0	4	0	2	3	8	3	4	1	9	1	3	7	13	6	4	2	4	4	
2342_A/goose/Xinjiang/12. 4	5	1	1	6	2	1	1	4	6	0	1	1	0	0	0	9	3	1	1	3	1	0	3	3	2	1	3	5	2	7	4	5	8	4	3	5	0	6	2	3	4	10	7	10	0	3	1	3	5	8	3	4	1	6	2	3	7	13	7	3	2	5	3	
2343_A/goose/Xinjiang/12. 4	5	1	1	6	2	1	1	4	6	0	1	1	0	0	0	9	3	1	1	3	1	0	3	3	2	1	3	5	2	7	4	5	8	4	3	5	0	6	2	3	4	10	7	10	0	3	1	3	5	8	3	4	1	6	2	3	7	13	7	3	2	5	3	
2344_A/goose/Xinjiang/12. 4	5	1	1	6	2	1	1	4	6	0	1	1	0	0	0	9	3	1	1	3	1	0	3	3	2	1	3	5	2	7	4	5	8	4	3	5	0	6	2	3	4	10	7	10	0	3	1	3	5	8	3	4	1	6	2	3	7	13	7	3	2	5	3	
2345_A/goose/Xinjiang/12. 4	5	1	1	6	2	1	1	4	6	0	1	1	0	0	0	9	3	1	1	3	1	0	3	3	2	1	3	5	2	7	4	5	8	4	3	5	0	6	2	3	4	10	7	10	0	3	1	3	5	8	3	4	1	6	2	3	7	13	7	3	2	5	3	
2346_A/goose/Yangzhou/042 5	6	1	1	5	1	1	1	3	6	0	1	1	0	0	0	9	3	1	1	3	1	0	3	4	2	1	3	4	3	7	4	5	8	3	2	5	0	6	2	4	4	10	7	10	0	3	1	3	5	8	3	4	1	8	1	2	7	13	7	4	2	5	3	
2347_A/goose/Yunlin/15040 4	5	0	0	5	2	1	2	2	7	0	1	0	0	0	0	9	3	2	1	4	1	0	3	4	3	2	4	5	1	6	4	7	9	5	2	5	2	2	3	4	4	10	8	11	0	4	0	2	4	9	3	4	1	9	1	3	6	13	7	3	3	5	4	
2348_A/goose/Zhejiang/925 5	6	1	0	5	0	1	1	2	8	0	1	1	0	0	0	9	3	1	1	3	1	0	3	5	2	1	3	3	3	7	4	5	8	4	2	5	0	4	3	4	4	10	7	9	0	3	1	3	5	9	3	4	1	7	2	2	7	13	7	5	2	6	2	
2349_A/goose/Zhejiang/925 5	6	1	0	5	1	1	1	2	7	0	1	1	0	0	0	9	3	1	1	3	1	0	3	5	2	1	3	3	3	7	4	5	8	4	2	5	0	4	3	4	4	10	7	9	0	3	1	3	5	9	3	4	1	7	2	2	7	13	7	5	2	6	2	
2350_A/mallard/Shanghai/S 5	6	1	0	5	1	1	2	3	7	0	1	1	0	0	0	9	3	1	1	3	1	0	3	2	2	1	3	4	3	7	4	5	8	3	2	5	0	5	3	5	4	10	7	10	0	3	1	3	5	10	3	4	1	6	1	2	7	13	7	4	2	6	2	
2351_A/swan/China/ST/2016 6	5	1	1	6	2	1	1	3	6	0	1	1	0	0	0	8	3	1	1	3	1	0	3	4	2	1	3	4	3	7	4	4	8	3	3	5	0	6	2	4	4	10	6	10	0	3	2	3	5	9	3	4	1	6	2	2	7	13	7	3	2	5	3	
2352_A/swan/Shandong/W376 4	5	1	1	6	2	1	1	3	7	0	1	1	0	0	0	9	3	1	1	3	1	1	2	5	2	1	2	2	3	7	5	6	6	4	3	5	0	4	3	4	4	10	6	9	0	4	1	3	6	9	3	4	1	6	2	1	7	13	7	5	2	5	3	
2353_A/turkey/Chiayi/1702 4	4	0	0	5	2	1	2	1	6	0	1	2	0	0	0	10	3	2	1	3	1	0	3	5	4	3	3	4	2	5	4	5	8	5	2	5	1	4	3	2	5	10	6	9	0	2	4	2	5	8	3	4	1	8	1	2	8	10	6	5	1	8	3	
2354_A/whooper_swan/Shanx 6	5	1	1	6	2	1	1	3	6	0	1	1	0	0	0	8	3	1	1	3	1	0	3	4	2	1	3	4	3	7	4	4	8	3	3	5	0	6	2	4	4	10	7	10	0	3	1	3	5	9	3	4	1	6	2	2	7	13	7	3	2	5	3	
2355_A/wild_duck/Shandong 3	5	1	1	7	0	1	1	3	5	0	0	1	0	1	0	9	4	1	1	3	2	0	3	4	3	1	3	4	2	5	4	4	8	3	2	5	1	6	2	4	2	8	5	9	0	4	2	2	5	10	4	4	1	5	1	2	8	10	7	3	0	6	3	
2356_A/Anser_cygnoides/Hu 13	10	13	5	23	10	7	11	4	8	0	0	9	5	1	0	15	6	4	1	10	5	8	2	10	14	11	7	13	7	7	3	24	7	13	7	10	9	17	12	16	19	33	17	25	1	20	12	6	3	21	2	4	12	17	11	5	20	44	12	15	5	33	11	
2357_A/bar_headed_goose/T 15	10	10	5	21	9	9	11	4	11	0	0	9	3	1	0	19	6	6	1	9	6	7	2	10	13	12	7	12	6	6	3	23	7	11	7	7	9	21	10	17	20	24	19	25	2	27	12	5	7	20	4	4	11	17	10	5	17	51	10	17	4	27	12	
2358_A/Bar-headed_Goose/Q 14	10	12	3	22	10	7	13	5	8	0	0	10	5	1	0	15	6	6	1	10	3	8	2	10	14	13	9	12	9	5	2	24	5	13	5	8	12	18	12	17	19	33	14	25	2	20	14	5	5	20	3	5	9	18	10	8	19	42	12	12	5	34	12	
2359_A/Bar-headed_Goose/Q 14	10	12	3	22	10	7	13	5	8	0	0	10	5	1	0	15	6	6	1	10	3	8	2	10	14	13	9	12	9	5	2	24	5	13	5	8	12	18	12	17	19	33	14	25	2	20	14	5	5	20	3	5	9	18	10	8	19	42	12	12	5	34	12	
2360_A/Bar-headed_Goose/Q 14	10	12	3	22	10	7	13	5	9	0	0	10	4	1	0	15	6	6	1	10	3	8	2	10	14	13	9	12	9	5	2	24	5	13	5	8	12	18	12	17	20	33	14	25	1	20	14	5	5	20	3	5	9	18	10	8	19	42	12	12	5	34	12	
2361_A/Bar-headed_Goose/Q 14	10	12	3	22	10	7	13	5	8	0	0	10	5	1	0	15	6	6	1	10	3	8	2	10	14	13	9	12	9	5	2	24	5	13	4	8	12	18	13	17	20	33	14	25	1	20	14	5	5	20	3	5	9	18	10	8	19	42	12	12	5	34	12	
2362_A/Bar-headed_Goose/Q 14	10	12	3	22	10	7	13	5	8	0	0	10	5	1	0	15	6	6	1	10	3	8	2	10	14	13	9	12	9	5	2	24	5	13	5	8	12	18	12	17	20	33	14	25	1	20	14	5	5	20	3	5	9	18	10	8	19	42	12	12	5	34	12	
2363_A/Bar-headed_Goose/Q 14	10	12	3	22	10	7	13	5	8	0	0	10	5	1	0	15	6	6	1	10	3	8	2	10	14	13	9	12	9	5	2	24	5	13	5	8	12	18	12	17	19	33	14	25	2	20	14	5	5	20	3	5	9	18	10	8	19	42	12	12	5	34	12	
2364_A/Bar-headed_Goose/Q 14	10	12	3	22	10	7	13	5	8	0	0	10	5	1	0	15	6	6	1	10	3	8	2	10	14	13	9	12	9	5	2	24	5	13	5	8	12	19	12	17	19	32	14	25	2	20	14	5	5	20	3	5	9	18	10	8	19	42	12	12	5	34	12	
2365_A/Bar-headed_Goose/Q 13	10	12	3	22	10	7	13	5	8	0	0	10	5	1	0	15	6	6	1	10	4	8	2	10	13	13	9	12	9	5	2	24	5	13	5	8	11	18	12	17	19	33	14	25	2	20	14	6	5	20	3	5	10	18	10	8	19	41	11	12	5	35	13	
2366_A/Bar-headed_Goose/Q 14	10	12	3	22	10	7	13	5	8	0	0	10	5	1	0	15	6	6	1	10	3	8	2	10	14	13	9	12	9	5	2	24	5	13	5	8	12	18	12	17	20	33	14	25	1	20	14	5	5	20	3	5	9	18	10	8	19	42	12	12	5	34	12	
2367_A/Bar-headed_Goose/Q 14	10	12	3	22	10	7	13	5	8	0	0	10	5	1	0	15	6	6	1	10	3	8	2	10	14	13	9	12	9	5	2	25	5	13	5	8	12	18	12	17	20	33	14	25	1	20	14	4	5	20	3	5	9	18	10	8	19	42	12	12	5	34	12	
2368_A/Bar-headed_Goose/Q 14	10	12	3	22	10	7	13	5	8	0	0	10	5	1	0	15	6	6	1	10	3	8	2	10	14	13	9	12	9	5	2	24	5	13	5	8	12	18	12	17	20	33	14	25	1	20	14	5	5	20	3	5	9	18	10	8	19	42	12	12	5	34	12	
2369_A/Bar-headed_Goose/Q 14	10	12	3	22	10	7	13	5	8	0	0	10	5	1	0	15	6	6	1	10	3	8	2	10	14	13	9	12	9	5	2	24	5	13	5	8	12	18	12	17	20	33	14	25	1	20	14	5	5	20	3	5	9	18	10	8	19	42	12	12	5	34	12	
2370_A/Bar-headed_Goose/Q 14	10	12	3	22	10	7	13	5	8	0	0	10	5	1	0	15	6	6	1	10	3	8	2	10	14	13	9	12	9	5	2	24	5	13	5	8	12	18	12	17	20	33	14	25	1	20	14	5	5	20	3	5	9	18	10	8	19	42	12	12	5	34	12	
2371_A/Bar-headed_Goose/Q 14	10	12	3	22	10	7	13	5	8	0	0	10	5	1	0	15	6	6	1	10	3	8	2	10	14	13	9	12	9	5	2	24	5	13	5	8	12	18	12	17	20	33	14	25	1	20	14	5	5	20	3	5	9	18	10	8	19	42	12	12	5	34	12	
2372_A/Bar-headed_Goose/Q 14	10	12	3	22	10	7	13	5	8	0	0	10	5	1	0	15	6	6	1	10	3	8	2	10	14	13	9	12	9	5	2	24	5	13	5	8	12	18	12	17	19	33	14	25	2	20	14	5	5	20	3	5	9	18	10	8	19	42	12	12	5	34	12	
2373_A/Bar-headed_Goose/Q 14	10	12	3	22	10	7	13	5	8	0	0	10	5	1	0	15	6	6	1	10	3	8	2	10	14	13	9	12	9	5	2	24	5	13	5	8	12	18	12	17	20	33	14	25	1	20	14	5	5	20	3	5	9	18	10	8	19	42	12	12	5	34	12	
2374_A/Bar-headed_Goose/Q 14	10	12	3	22	10	7	13	5	8	0	0	10	5	1	0	15	6	6	1	10	4	8	2	10	13	13	9	12	9	5	2	24	5	13	5	8	11	18	12	17	19	33	14	25	2	19	15	5	5	20	3	5	10	18	10	8	19	41	11	12	5	35	13	
2375_A/Bar-headed_Goose/Q 14	10	12	3	22	10	7	13	5	8	0	0	10	5	1	0	15	6	6	1	10	4	8	2	10	13	13	9	12	9	5	2	24	5	13	5	8	11	18	12	17	19	33	14	25	2	19	15	5	5	20	3	5	10	18	10	8	19	41	11	12	5	35	13	
2376_A/Bar-headed_Goose/Q 13	10	12	3	22	10	7	13	5	8	0	0	11	5	1	0	15	6	6	1	10	4	8	2	10	13	13	9	12	9	5	2	24	5	13	5	8	11	18	12	17	19	33	14	25	2	19	15	5	5	20	3	5	10	18	10	8	19	41	11	12	5	35	13	
2377_A/Bar-headed_Goose/Q 14	10	12	3	22	10	7	13	5	8	0	0	10	5	1	0	15	6	6	1	10	3	8	2	10	14	13	9	12	9	5	2	24	5	13	5	8	12	18	12	17	20	33	14	25	1	20	14	5	5	20	3	5	9	18	10	8	19	42	12	12	5	34	12	
2378_A/Bar-headed_Goose/Q 14	10	12	3	22	10	7	13	5	8	0	0	10	5	1	0	15	6	6	1	10	3	8	2	10	14	13	9	12	9	5	2	24	5	13	5	8	12	18	12	17	19	33	14	25	2	20	14	5	5	20	3	5	9	18	10	8	19	42	12	12	5	34	12	
2379_A/Bar-headed_Goose/Q 14	10	12	3	22	10	7	13	5	8	0	0	10	5	1	0	15	6	6	1	10	3	8	2	10	14	13	9	12	9	5	2	24	5	13	5	8	12	18	12	17	20	33	14	25	1	20	14	5	5	20	3	5	9	18	10	8	19	42	12	12	5	34	12	
2380_A/Bar-headed_Goose/Q 14	10	12	3	22	10	7	13	5	8	0	0	10	5	1	0	15	6	6	1	10	3	8	2	10	14	13	9	12	9	5	2	24	5	13	5	8	12	18	12	17	19	33	14	25	2	20	14	5	5	20	3	5	9	18	10	8	19	42	12	12	5	34	12	
2381_A/Bar-headed_Goose/Q 14	10	13	3	22	10	6	13	4	8	0	0	8	5	1	0	15	6	4	1	10	5	9	2	10	14	11	7	13	7	7	3	25	7	13	7	10	9	18	11	16	19	33	17	25	1	20	12	6	4	21	2	4	12	17	11	5	20	44	12	15	4	33	11	
2382_A/Bar-headed_Goose/Q 14	10	13	3	22	10	6	13	4	8	0	0	8	5	1	0	15	6	4	1	10	5	9	2	10	14	11	7	13	7	7	3	25	7	13	7	10	9	18	11	16	19	33	17	25	1	20	12	6	4	21	2	4	12	17	11	5	20	44	12	15	4	33	11	
2383_A/Bar-headed_Goose/Q 14	10	13	3	22	10	6	13	4	8	0	0	8	5	1	0	15	6	4	1	10	5	9	2	10	14	11	7	13	7	7	3	25	7	13	7	10	9	18	11	16	19	33	17	25	1	20	12	6	4	21	2	4	12	17	11	5	20	44	12	15	4	33	11	
2384_A/Bar-headed_Goose/Q 14	10	13	3	22	10	6	13	4	8	0	0	8	5	1	0	15	6	4	1	10	5	9	2	10	14	11	7	13	7	7	3	25	7	13	7	10	9	18	11	16	19	33	17	25	1	20	12	6	4	21	2	4	12	17	11	5	20	44	12	15	4	33	11	
2385_A/Bar-headed_Goose/Q 14	10	13	3	22	10	6	13	4	8	0	0	8	5	1	0	15	6	4	1	10	5	9	2	10	14	11	7	13	7	7	3	25	7	13	7	10	9	18	11	16	19	33	17	25	1	20	12	6	4	21	2	4	12	17	11	5	20	44	12	15	4	33	11	
2386_A/Bar-headed_Goose/Q 14	10	12	3	22	10	7	13	5	8	0	0	10	5	1	0	15	6	6	1	10	4	8	2	10	13	13	9	12	9	5	2	24	5	13	5	8	11	18	12	17	19	33	14	25	2	19	15	5	5	20	3	5	10	18	10	8	19	41	11	12	5	35	13	
2387_A/Bar-headed_Goose/Q 14	10	12	3	22	10	7	13	5	8	0	0	10	5	1	0	15	6	6	1	10	3	8	2	10	14	13	9	12	9	5	2	24	5	13	5	8	12	18	12	17	20	33	14	25	1	20	14	5	5	20	3	5	9	18	10	8	19	42	12	12	5	34	12	
2388_A/Bar-headed_Goose/Q 14	10	12	3	22	10	7	13	5	8	0	0	10	5	1	0	15	6	6	1	10	3	8	2	10	14	13	9	12	9	5	2	24	5	13	5	8	12	18	12	17	20	33	14	25	1	20	14	5	5	20	3	5	9	18	10	8	19	42	12	12	5	34	12	
2389_A/Bar-headed_Goose/Q 14	10	12	3	22	10	7	13	5	8	0	0	10	5	1	0	15	6	6	1	10	3	8	2	10	14	13	9	12	9	5	2	24	5	13	5	8	12	18	12	17	19	33	14	25	2	20	14	5	5	20	3	5	9	18	10	8	19	42	12	12	5	34	12	
2390_A/Bar-headed_Goose/Q 14	10	12	3	22	10	7	13	5	8	0	0	10	5	1	0	15	6	6	1	10	3	8	2	10	14	13	9	12	9	5	2	24	5	13	5	8	12	18	12	17	20	33	14	25	1	20	14	5	5	20	3	5	9	18	10	8	19	42	12	12	5	34	12	
2391_A/Bar-headed_Goose/Q 14	10	12	3	22	10	7	13	5	8	0	0	10	5	1	0	15	6	6	1	10	4	8	2	10	13	13	9	12	9	5	2	24	5	13	5	8	11	18	12	17	19	33	14	25	2	19	15	5	5	20	3	5	10	18	10	8	19	41	11	12	5	35	13	
2392_A/Bar-headed_Goose/Q 14	10	13	3	22	10	6	13	4	8	0	0	8	5	1	0	15	6	4	1	10	5	9	2	10	14	11	7	13	7	7	3	25	7	13	7	10	9	18	11	16	19	33	17	25	1	20	12	6	4	21	2	4	12	17	11	5	20	44	12	15	4	33	11	
2393_A/Bar-headed_Goose/Q 14	10	12	3	22	10	7	13	5	8	0	0	10	5	1	0	15	6	6	1	10	4	8	2	10	13	13	9	12	9	5	2	24	5	13	5	8	11	18	12	17	19	33	14	25	2	20	14	5	5	20	3	5	10	18	10	8	19	41	11	12	5	35	13	
2394_A/Bar-headed_Goose/Q 14	10	12	3	22	10	7	13	5	8	0	0	10	5	1	0	15	6	6	1	10	3	8	2	10	14	13	9	12	9	5	2	24	5	13	5	8	12	18	12	17	20	33	14	25	1	20	14	5	5	20	3	5	9	18	10	8	19	42	12	12	5	34	12	
2395_A/Bar-headed_Goose/Q 14	10	12	3	22	10	7	13	5	8	0	0	10	5	1	0	15	6	6	1	10	3	8	2	10	14	13	9	12	9	5	2	24	5	13	5	8	12	18	12	17	20	33	14	25	1	20	14	5	5	20	3	5	9	18	10	8	19	42	12	12	5	34	12	
2396_A/Bar-headed_Goose/Q 14	10	12	3	22	10	7	13	5	8	0	0	10	5	1	0	15	6	6	1	10	4	8	2	10	13	13	9	12	9	5	2	24	5	13	5	8	11	18	12	17	19	33	14	25	2	20	14	5	5	20	3	5	10	18	10	9	19	41	11	11	5	35	13	
2397_A/Bar-headed_Goose/Q 14	10	12	3	22	10	7	13	5	8	0	0	10	5	1	0	15	6	6	1	10	4	8	2	10	13	13	9	12	9	5	2	24	5	13	5	8	11	18	12	17	19	33	14	25	2	20	14	5	5	20	3	5	10	18	10	9	19	41	11	11	5	35	13	
2398_A/Bar-headed_Goose/Q 14	10	12	3	22	10	7	13	5	8	0	0	10	5	1	0	15	6	6	1	10	4	8	2	10	13	13	9	12	9	5	2	24	5	13	5	8	11	18	12	17	19	33	14	25	2	20	14	5	5	20	3	5	10	18	10	9	19	41	11	11	5	35	13	
2399_A/Bar-headed_Goose/Q 14	10	12	3	22	10	7	13	5	8	0	0	10	5	1	0	15	6	6	1	10	4	8	2	10	13	13	9	12	9	5	2	24	5	13	5	8	11	18	12	17	19	33	14	25	2	20	14	5	5	20	3	5	10	18	10	9	19	41	11	11	5	35	13	
2400_A/Bar-headed_Goose/Q 14	10	12	3	22	10	7	13	5	8	0	0	10	5	1	0	15	6	6	1	10	4	8	2	10	13	13	9	12	9	5	2	24	5	13	5	8	11	18	12	17	19	33	14	25	2	20	14	5	5	20	3	5	10	18	10	8	19	41	11	12	5	35	13	
2401_A/Bar-headed_Goose/Q 14	10	12	3	22	10	7	13	5	8	0	0	10	5	1	0	15	6	6	1	10	3	8	2	10	14	13	9	12	9	5	2	24	5	13	5	8	12	18	12	17	20	33	14	25	1	20	14	5	5	20	3	5	9	18	10	8	19	42	12	12	5	34	12	
2402_A/Bar-headed_Goose/Q 14	10	12	3	22	10	7	13	5	8	0	0	10	5	1	0	15	6	6	1	10	3	8	2	10	14	13	9	12	9	5	2	24	5	13	5	8	12	18	12	17	20	33	14	25	1	20	14	5	5	20	3	5	9	18	10	8	19	42	12	12	5	34	12	
2403_A/Bar-headed_Goose/Q 14	10	12	3	22	10	7	13	5	8	0	0	10	5	1	0	15	6	6	1	10	3	8	2	10	14	13	9	12	9	5	2	24	5	13	5	8	12	18	12	17	19	33	14	25	2	20	14	5	5	20	3	5	9	18	10	8	19	42	12	12	5	34	12	
2404_A/Bar-headed_Goose/Q 14	10	12	3	22	10	7	13	5	8	0	0	10	5	1	0	15	6	6	1	10	3	8	2	10	14	13	9	12	9	5	2	24	5	13	5	8	12	18	12	17	19	33	14	25	2	20	14	5	5	20	3	5	9	18	10	8	19	42	12	12	5	34	12	
2405_A/Bar-headed_Goose/Q 14	10	12	3	22	10	7	13	5	8	0	0	10	5	1	0	15	6	6	1	10	3	8	2	10	14	13	9	12	9	5	2	24	5	13	5	8	12	18	12	17	19	33	14	25	2	20	14	5	5	20	3	5	9	18	10	8	19	42	12	12	5	34	12	
2406_A/Bar-headed_Goose/Q 14	10	12	3	22	10	7	13	5	8	0	0	10	5	1	0	15	6	6	1	10	4	8	2	10	13	13	9	12	9	5	2	24	5	13	5	8	11	18	12	17	19	33	14	25	2	20	14	5	4	20	3	5	11	18	10	8	19	41	11	12	5	35	13	
2407_A/Bar-headed_Goose/Q 14	10	12	3	22	10	7	13	5	8	0	0	10	5	1	0	15	6	6	1	10	4	8	2	10	13	13	9	12	9	5	2	24	5	13	5	8	11	18	12	17	19	33	14	25	2	20	14	5	4	20	3	5	11	18	10	8	19	41	11	12	5	35	13	
2408_A/Bar-headed_Goose/Q 14	10	12	3	22	10	7	13	5	8	0	0	10	5	1	0	15	6	6	1	10	3	8	2	10	14	13	9	12	9	5	2	24	5	13	5	8	11	18	12	17	19	33	14	25	2	20	14	5	5	20	3	5	10	18	10	8	19	41	11	12	5	35	13	
2409_A/Bar-headed_Goose/Q 14	10	12	3	22	10	7	13	5	8	0	0	10	5	1	0	15	6	6	1	10	3	8	2	10	14	13	9	12	9	5	2	24	5	13	5	8	11	18	12	17	19	33	14	25	2	20	14	5	5	20	3	5	10	18	10	8	19	41	11	12	5	35	13	
2410_A/Bar-headed_Goose/Q 14	10	12	3	22	10	7	13	5	8	0	0	10	5	1	0	15	6	6	1	10	3	8	2	10	14	13	9	12	9	5	2	24	5	13	5	8	12	18	12	17	20	33	14	25	1	20	14	5	5	20	3	5	9	18	10	8	19	42	12	12	5	34	12	
2411_A/Bar-headed_Goose/Q 14	10	12	3	22	10	7	13	5	8	0	0	10	5	1	0	15	6	6	1	10	3	8	2	10	14	13	9	12	9	5	2	24	5	13	5	8	12	18	12	17	20	33	14	25	1	20	14	5	5	20	3	5	9	18	10	8	19	42	12	12	5	34	12	
2412_A/Bar-headed_Goose/Q 14	10	12	3	22	10	7	13	5	8	0	0	10	5	1	0	15	6	6	1	10	3	8	2	10	14	13	9	12	9	5	2	24	5	13	5	8	12	18	12	17	19	33	14	25	2	20	14	5	5	20	3	5	9	18	10	8	19	42	12	12	5	34	12	
2413_A/Bar-headed_Goose/Q 14	10	12	3	22	10	7	13	5	8	0	0	10	5	1	0	15	6	6	1	10	3	8	2	10	14	13	9	12	9	5	2	24	5	13	5	8	12	18	12	17	19	33	14	25	2	20	14	5	5	20	3	5	9	18	10	8	19	42	12	12	5	34	12	
2414_A/Bar-headed_Goose/Q 14	10	12	3	22	10	7	13	5	8	0	0	10	5	1	0	15	6	6	1	10	4	8	2	10	13	14	9	12	9	5	2	24	5	13	5	8	11	18	12	17	19	32	14	25	2	20	14	5	5	20	3	5	10	18	10	8	19	41	11	12	5	35	13	
2415_A/Bar-headed_Goose/Q 14	10	12	3	22	10	7	13	5	8	0	0	10	5	1	0	15	6	6	1	10	4	8	2	10	13	14	9	12	9	5	2	24	5	13	5	8	11	18	12	17	19	32	14	25	2	20	14	5	5	20	3	5	10	18	10	8	19	41	11	12	5	35	13	
2416_A/Bar-headed_Goose/Q 14	10	12	3	22	10	7	13	5	9	0	0	10	4	1	0	15	6	6	1	10	3	8	2	10	14	13	9	12	9	5	2	24	5	13	5	8	12	18	12	17	20	33	14	25	1	20	14	5	5	20	3	5	9	18	10	8	19	42	12	12	5	34	12	
2417_A/Bar-headed_Goose/Q 14	10	12	3	22	10	7	13	5	9	0	0	10	4	1	0	15	6	6	1	10	3	8	2	10	14	13	9	12	9	5	2	24	5	13	5	8	12	18	12	17	20	33	14	25	1	20	14	5	5	20	3	5	9	18	10	8	19	42	12	12	5	34	12	
2418_A/Bar-headed_Goose/Q 14	10	12	3	22	10	7	13	5	8	0	0	10	5	1	0	15	6	6	1	10	3	8	2	10	14	13	9	12	9	5	2	24	5	13	5	8	12	18	12	17	19	33	14	25	2	20	14	5	5	20	3	5	9	18	10	8	19	42	12	12	5	34	12	
2419_A/Bar-headed_Goose/Q 14	10	12	3	22	10	7	13	5	8	0	0	10	5	1	0	15	6	6	1	10	3	8	2	10	14	13	9	12	9	5	2	24	5	13	5	8	12	18	12	17	19	33	14	25	2	20	14	5	5	20	3	5	9	18	10	8	18	42	13	12	5	34	12	
2420_A/Bar-headed_Goose/Q 14	10	12	3	22	10	7	13	5	8	0	0	10	5	1	0	15	6	6	1	9	3	8	2	10	14	13	9	12	9	5	2	24	5	13	5	9	12	18	12	17	20	33	14	25	1	20	14	5	5	20	3	5	9	18	10	8	19	42	12	12	5	34	12	
2421_A/Bar-headed_Goose/Q 14	10	12	3	22	10	7	13	6	8	0	0	9	5	1	0	15	6	5	2	10	3	8	2	10	14	13	9	12	9	5	2	24	5	13	5	8	12	18	12	17	20	33	14	25	1	20	14	5	5	20	3	5	9	18	10	8	19	42	12	12	5	34	12	
2422_A/Bar-headed_Goose/Q 14	10	12	3	22	10	7	13	5	8	0	0	10	5	1	0	16	6	6	1	10	3	8	2	10	14	13	9	11	9	5	2	24	5	13	5	8	12	18	12	17	19	33	14	25	2	20	14	5	5	20	3	5	9	18	10	8	18	42	13	12	5	34	12	
2423_A/Bar-headed_Goose/Q 14	10	12	3	22	10	7	13	5	8	0	0	10	5	1	0	15	6	6	1	10	3	8	2	10	14	13	9	12	9	5	2	24	5	13	5	8	12	18	12	17	19	33	14	25	2	20	14	5	5	20	3	5	9	18	10	8	19	42	12	12	5	34	12	
2424_A/Bar-headed_Goose/Q 14	10	12	3	22	10	7	13	5	8	0	0	10	5	1	0	15	6	5	1	10	4	8	2	10	13	13	9	12	9	6	2	24	5	13	5	8	11	18	12	17	19	33	14	25	2	20	14	5	5	20	3	5	10	18	10	8	19	41	11	12	5	35	13	
2425_A/Bar-headed_Goose/Q 14	10	12	3	22	10	7	13	5	8	0	0	10	5	1	0	15	6	6	1	10	4	8	2	10	13	13	9	12	9	5	2	24	5	13	5	8	11	18	12	17	19	33	14	25	2	20	14	5	5	20	3	5	10	18	10	8	19	41	11	12	5	35	13	
2426_A/Bar-headed_Goose/Q 14	10	12	3	22	10	8	13	5	8	0	0	10	5	1	0	15	6	6	1	10	3	8	2	10	14	13	9	12	9	5	2	24	5	13	5	8	12	18	12	18	20	33	14	24	1	20	14	5	5	20	3	5	9	17	10	8	19	42	12	12	5	34	12	
2427_A/Bar-headed_Goose/Q 14	10	12	3	22	10	8	13	5	8	0	0	10	5	1	0	15	6	6	1	10	3	8	2	10	14	13	9	12	9	5	2	24	5	13	5	8	12	18	12	18	20	33	14	24	1	20	14	5	5	20	3	5	9	17	10	8	19	42	12	12	5	34	12	
2428_A/Bar-headed_Goose/Q 14	10	12	3	22	10	7	13	5	8	0	0	10	5	1	0	15	6	6	1	10	3	8	2	10	14	13	9	12	9	5	2	24	5	13	5	8	12	18	12	17	19	33	14	25	2	20	14	5	5	20	3	5	9	18	10	8	19	42	12	12	5	34	12	
2429_A/Bar-headed_Goose/Q 14	10	12	3	22	10	7	13	5	8	0	0	10	5	1	0	15	6	6	1	10	3	8	2	10	14	13	9	12	9	5	2	24	5	13	5	8	12	18	12	17	20	33	14	25	1	20	14	5	5	20	3	5	9	18	10	8	19	42	12	12	5	34	12	
2430_A/Bar-headed_Goose/Q 14	10	12	3	22	10	7	13	5	8	0	0	10	5	1	0	15	6	6	1	10	4	8	2	10	13	13	9	12	9	5	2	24	5	13	5	8	11	18	12	17	19	33	14	25	2	19	15	5	5	20	3	5	10	18	10	8	19	41	11	12	5	35	13	
2431_A/Bar-headed_Goose/Q 14	10	12	3	22	10	7	13	5	8	0	0	10	5	1	0	15	6	6	1	10	4	8	2	10	13	13	9	12	9	5	2	24	5	13	5	8	11	18	12	17	19	33	14	25	2	19	15	5	5	20	3	5	10	18	10	8	19	41	11	12	5	35	13	
2432_A/Bar-headed_Goose/Q 14	10	12	3	22	10	7	13	5	9	0	0	10	4	1	0	15	6	6	1	10	3	8	2	10	14	13	9	12	9	5	2	24	5	13	5	8	12	18	12	17	20	33	14	25	1	20	14	5	5	20	3	5	9	18	10	8	19	42	12	12	5	34	12	
2433_A/Bar-headed_Goose/Q 14	10	12	3	22	10	7	13	5	9	0	0	10	4	1	0	15	6	6	1	10	3	8	2	10	14	13	9	12	9	5	2	24	5	13	5	8	12	18	12	17	20	33	14	25	1	20	14	5	5	20	3	5	9	18	10	8	19	42	12	12	5	34	12	
2434_A/Bar-headed_Goose/Q 14	10	12	3	22	10	7	13	5	8	0	0	10	5	1	0	15	6	6	1	10	3	8	2	10	14	13	9	12	9	5	2	24	5	13	5	8	12	18	12	17	20	33	14	25	1	20	14	5	5	20	3	5	9	18	10	8	19	42	12	12	5	34	12	
2435_A/Bar-headed_Goose/Q 14	10	12	3	22	10	7	13	5	9	0	0	10	4	1	0	15	6	6	1	10	3	8	2	10	14	13	9	12	9	5	2	24	5	13	5	8	12	18	12	17	20	33	14	25	1	20	14	5	5	20	3	5	9	18	10	8	19	42	12	12	5	34	12	
2436_A/Bar-headed_Goose/Q 14	10	12	3	22	10	7	13	5	8	0	0	10	5	1	0	15	6	6	1	10	3	8	2	10	14	13	9	12	9	5	2	24	5	13	5	8	12	18	12	17	19	33	14	25	2	20	14	5	5	20	3	5	9	18	10	8	19	42	12	12	5	34	12	
2437_A/Bar-headed_Goose/Q 14	10	12	3	22	10	8	13	5	8	0	0	10	5	1	0	15	6	6	1	10	3	8	2	10	14	13	9	12	9	5	2	24	5	13	5	8	12	18	12	18	20	33	14	24	1	20	14	5	5	20	3	5	9	17	10	8	19	42	12	12	5	34	12	
2438_A/Bar-headed_Goose/Q 14	10	12	3	22	10	8	13	5	8	0	0	10	5	1	0	15	6	6	1	10	3	8	2	10	14	13	9	12	9	5	2	24	5	13	5	8	12	18	12	18	20	33	14	24	1	20	14	5	5	20	3	5	9	17	10	8	19	42	12	12	5	34	12	
2439_A/Bar-headed_Goose/T 14	10	10	5	22	9	9	11	5	11	0	0	8	3	1	0	19	6	6	1	9	6	7	2	10	13	12	7	12	6	6	3	23	7	11	7	7	9	21	10	17	20	24	20	25	2	27	11	5	7	20	4	4	11	17	10	5	17	51	10	17	4	27	12	
2440_A/Bar-headed_Goose/T 15	10	10	5	21	9	9	11	4	11	0	0	9	3	1	0	19	6	6	1	9	6	7	2	10	13	12	7	12	6	6	3	23	7	11	7	7	9	21	10	17	20	24	19	25	2	27	12	5	7	20	4	4	11	17	10	5	17	51	10	17	4	27	12	
2441_A/Bar-headed_Goose/T 15	10	10	5	21	9	9	11	4	11	0	0	9	3	1	0	19	6	6	1	9	6	7	2	10	13	12	7	12	6	6	3	23	7	11	7	7	9	21	10	17	20	24	19	25	2	27	12	5	7	20	4	4	11	17	10	5	17	52	10	17	4	26	12	
2442_A/Bar-headed_Goose/T 14	10	10	5	22	9	9	11	5	11	0	0	8	3	1	0	19	6	6	1	9	6	7	2	10	13	12	7	12	6	6	3	23	7	11	7	7	9	21	10	17	20	24	20	25	2	27	11	5	7	20	4	4	11	17	10	5	17	51	10	17	4	27	12	
2443_A/Bar-headed_Goose/T 15	10	10	5	21	9	9	11	4	11	0	0	9	3	1	0	19	6	6	1	9	6	7	2	10	13	12	7	12	6	6	3	23	7	11	7	7	9	21	10	17	20	24	19	25	2	27	12	5	7	20	4	4	11	17	10	5	17	51	10	17	4	27	12	
2444_A/Bar-headed_Goose/T 15	10	10	5	21	9	9	11	4	11	0	0	9	3	1	0	19	6	6	1	9	6	7	2	10	13	12	7	12	6	6	3	23	7	11	7	7	9	21	10	17	20	24	19	25	2	27	12	5	7	20	4	4	11	17	10	5	17	51	10	17	4	27	12	
2445_A/Bar-headed_Goose/T 15	10	10	5	21	9	9	11	4	11	0	0	9	3	1	0	19	6	6	1	9	6	7	2	10	13	12	7	12	6	6	3	23	7	11	7	7	9	21	10	17	20	24	19	25	2	27	12	5	7	20	4	4	11	17	10	5	17	51	10	17	4	27	12	
2446_A/Bar-headed_Goose/T 15	10	10	5	21	9	9	11	4	11	0	0	9	3	1	0	19	6	6	1	9	6	7	2	10	13	12	7	12	6	6	3	23	7	11	7	7	9	21	10	17	20	24	19	25	2	27	12	5	7	20	4	4	11	17	10	5	17	51	10	17	4	27	12	
2447_A/Bar-headed_Goose/T 15	10	10	5	21	9	9	11	4	11	0	0	9	3	1	0	19	6	6	1	9	6	7	2	10	13	12	7	12	6	6	3	23	7	11	7	7	9	21	10	17	20	24	19	25	2	27	12	5	7	20	4	4	11	17	10	5	17	51	10	17	4	27	12	
2448_A/Bar-headed_Goose/T 14	10	10	5	22	9	9	11	4	11	0	0	9	3	1	0	19	6	6	1	9	6	7	2	10	13	12	7	12	6	6	3	23	7	11	7	7	9	21	10	17	20	24	20	25	2	27	11	5	7	20	4	4	11	17	10	5	17	51	10	17	4	27	12	
2449_A/Bar-headed_Goose/T 14	10	10	5	22	9	9	11	5	11	0	0	8	3	1	0	19	6	6	1	9	6	7	2	10	13	12	7	12	6	6	3	23	7	11	7	7	9	21	10	17	20	24	20	25	2	27	11	5	7	20	4	4	11	17	10	5	17	51	10	17	4	27	12	
2450_A/Bar-headed_Goose/T 14	10	10	5	22	9	9	11	5	11	0	0	8	3	1	0	19	6	6	1	9	6	7	2	10	13	12	7	12	6	6	3	23	7	11	7	7	9	21	10	17	20	23	21	25	2	27	11	5	7	20	4	4	11	17	10	5	17	51	10	17	4	27	12	
2451_A/bean_goose/Hubei/B 15	10	10	5	21	9	9	11	4	11	0	0	9	3	1	0	18	7	6	1	9	6	7	2	10	13	12	7	12	6	6	3	23	7	11	7	7	9	21	10	17	20	25	19	25	2	26	12	5	7	20	4	4	11	17	10	6	17	51	10	16	4	27	12	
2452_A/Bean_Goose/Hubei/c 18	12	13	6	18	9	6	10	3	7	0	0	8	4	1	0	16	7	9	4	11	6	4	3	7	11	11	3	17	8	8	3	22	9	14	10	10	11	18	8	17	16	26	19	25	1	26	10	5	9	24	6	5	7	11	8	8	20	49	13	12	3	29	11	
2453_A/Bean_goose/Hubei/C 14	10	12	3	22	10	7	13	5	8	0	0	10	5	1	0	15	6	6	1	10	3	8	2	10	14	13	9	12	9	5	2	24	5	13	5	8	12	18	12	17	19	33	14	25	2	20	14	5	5	20	3	5	9	18	10	8	19	42	12	12	5	34	12	
2454_A/Bean_goose/Hubei/C 14	10	12	3	22	10	7	13	5	8	0	0	10	5	1	0	15	6	6	1	10	3	8	2	10	14	13	9	12	9	5	2	24	5	13	5	8	12	18	12	17	19	33	14	25	2	20	14	5	5	20	3	5	9	18	10	8	19	42	12	12	5	34	12	
2455_A/Bean_goose/Hubei/C 14	10	12	3	22	11	6	13	5	8	0	0	10	5	1	0	15	6	6	1	10	5	8	2	10	14	13	9	12	9	5	2	24	5	13	5	8	11	18	12	17	19	33	14	25	2	20	14	5	5	20	3	5	8	18	10	8	19	42	12	12	5	34	12	
2456_A/black_swan/Beijing 15	10	10	5	21	9	9	11	5	11	0	0	8	2	1	0	17	7	6	1	10	6	7	2	10	13	11	7	12	6	7	3	23	7	11	7	7	9	21	10	17	20	24	19	25	3	27	12	5	7	21	4	4	11	16	10	6	17	51	10	16	4	27	12	
2457_A/black-backed_gull/ 15	10	10	5	21	9	9	11	4	11	0	0	9	3	1	0	18	7	6	1	9	6	7	2	10	13	11	7	12	6	7	3	23	7	11	7	8	9	21	10	17	20	24	19	25	2	27	12	5	7	20	3	3	11	17	11	6	17	51	10	16	4	27	12	
2458_A/Brown-headed_Gull/ 14	10	12	3	22	10	7	13	5	8	0	0	10	5	1	0	15	6	6	1	10	3	8	2	10	14	13	9	12	9	5	2	24	5	13	5	8	12	18	12	17	19	33	14	25	2	20	14	5	5	20	3	5	9	18	10	8	19	42	12	12	5	34	12	
2459_A/Brown-headed_Gull/ 14	10	12	3	22	10	7	13	5	8	0	0	10	5	1	0	15	6	6	1	10	3	8	2	10	14	13	9	12	9	5	2	24	5	13	5	8	12	18	12	17	19	33	14	25	2	20	14	5	5	20	3	5	9	18	10	8	19	42	12	12	5	34	12	
2460_A/Brown-headed_Gull/ 14	10	12	3	22	10	7	13	5	8	0	0	10	5	1	0	15	6	6	1	10	3	8	2	10	14	13	9	12	9	5	2	24	5	13	5	8	12	18	12	17	20	33	14	25	1	20	14	5	5	20	3	5	9	18	10	8	19	42	12	12	5	34	12	
2461_A/Brown-headed_Gull/ 14	10	12	3	22	10	7	13	5	8	0	0	10	5	1	0	15	6	6	1	10	3	8	2	10	14	13	9	12	9	5	2	24	5	13	5	8	12	18	12	17	20	33	14	25	1	20	14	5	5	20	3	5	9	18	10	8	19	42	12	12	5	34	12	
2462_A/Brown-headed_Gull/ 14	10	12	3	22	10	7	13	5	8	0	0	10	5	1	0	15	6	6	1	10	3	8	2	10	14	13	9	12	9	5	2	24	5	13	5	8	12	18	12	17	20	33	14	25	1	20	14	5	5	20	3	5	9	18	10	8	19	42	12	12	5	34	12	
2463_A/Brown-headed_Gull/ 14	10	12	3	22	10	7	13	5	8	0	0	10	5	1	0	15	6	6	1	10	4	8	2	10	13	14	9	12	9	5	2	24	5	13	5	8	11	18	12	17	19	32	14	25	2	20	14	5	5	19	4	5	10	18	10	8	19	41	11	12	5	35	13	
2464_A/Brown-headed_Gull/ 14	10	12	3	22	10	7	13	5	8	0	0	10	5	1	0	15	6	6	1	10	4	8	2	10	13	14	9	12	9	5	2	24	5	13	5	8	11	18	12	17	19	32	14	25	2	20	14	5	5	19	4	5	10	18	10	8	19	41	11	12	5	35	13	
2465_A/Brown-headed_Gull/ 14	10	12	3	22	10	7	13	5	8	0	0	10	5	1	0	15	6	6	1	10	3	8	2	10	14	13	9	12	9	5	2	24	5	13	5	8	12	18	12	17	20	33	14	25	1	20	14	5	5	20	3	5	9	18	10	8	19	42	12	12	5	34	12	
2466_A/Brown-headed_Gull/ 14	10	12	3	22	10	7	13	5	8	0	0	10	5	1	0	15	6	6	1	10	3	8	2	10	14	13	9	12	9	5	2	24	5	13	5	8	12	18	12	17	19	33	14	25	2	20	14	5	5	20	3	5	9	18	10	8	19	42	12	12	5	34	12	
2467_A/brown-headed_gull/ 14	10	10	5	22	9	9	11	4	11	0	0	9	3	1	0	19	6	6	1	9	6	7	2	10	13	12	7	12	6	6	3	23	7	11	7	7	9	21	10	17	20	24	19	25	2	27	12	5	7	20	4	4	11	17	10	5	17	51	10	17	4	27	12	
2468_A/Brown-headed_Gull/ 14	10	10	5	22	9	9	11	5	11	0	0	8	3	1	0	19	6	6	1	9	6	7	2	10	13	12	7	12	6	6	3	23	7	11	7	7	9	21	10	17	20	24	20	25	2	27	11	5	7	20	4	4	11	17	10	5	17	51	10	17	4	27	12	
2469_A/Brown-headed_Gull/ 15	9	10	5	21	10	9	11	4	11	0	0	9	3	1	0	19	6	6	1	9	6	7	2	10	13	12	7	12	6	6	3	23	7	11	8	7	9	21	9	17	20	24	19	25	2	27	12	5	7	20	4	4	11	17	10	5	17	52	10	17	4	26	12	
2470_A/Brown-headed_Gull/ 15	10	10	5	21	9	9	11	4	11	0	0	9	3	1	0	19	6	6	1	9	6	7	2	10	13	12	7	12	6	6	3	23	7	11	8	7	9	21	9	17	20	24	19	25	2	27	12	5	7	20	4	4	11	17	10	5	17	52	10	17	4	26	12	
2471_A/chicken/Changhua/1 15	11	14	4	22	10	5	12	10	11	0	0	9	4	1	0	16	8	5	1	11	4	8	2	8	15	13	6	7	5	5	3	23	7	20	4	11	11	13	14	15	19	31	18	24	4	22	13	7	6	23	5	4	6	14	8	8	19	44	10	12	3	30	12	
2472_A/chicken/Changhua/1 15	11	14	4	22	10	5	12	10	11	0	0	9	4	1	0	16	8	5	1	11	4	8	2	7	15	13	6	8	5	5	3	22	8	20	4	11	10	13	14	14	19	31	18	25	4	22	13	8	6	24	5	4	6	13	8	8	19	43	10	12	3	31	12	
2473_A/chicken/Changhua/1 15	11	14	4	22	10	5	12	10	11	0	0	9	4	1	0	16	8	5	1	11	4	8	2	7	15	13	6	8	5	5	3	23	7	20	4	11	10	13	14	14	19	31	18	25	4	22	13	7	6	24	5	4	7	13	8	8	19	43	10	12	3	31	12	
2474_A/chicken/Changhua/1 15	11	14	4	22	10	5	12	10	11	0	0	9	4	1	0	16	8	5	1	11	4	8	2	7	15	13	6	8	5	5	3	23	7	20	4	11	10	13	14	14	19	30	18	25	4	24	13	7	6	24	5	4	7	13	8	8	19	43	10	12	3	30	12	
2475_A/chicken/Changhua/1 14	11	13	4	23	10	6	12	9	11	0	0	10	4	1	0	16	8	5	1	11	4	8	2	7	15	13	6	8	5	5	3	22	7	20	4	11	10	14	14	14	19	31	18	26	4	22	13	7	6	23	5	3	8	13	8	8	19	43	10	12	3	31	12	
2476_A/chicken/Changhua/1 14	11	14	4	23	10	5	12	9	11	0	0	10	4	1	0	16	8	5	1	11	4	8	2	7	15	13	6	8	5	5	3	22	7	20	4	11	10	14	14	14	19	30	19	26	4	22	13	7	6	23	5	3	8	13	8	8	19	42	11	12	3	31	12	
2477_A/chicken/Chiayi/150 14	11	14	4	23	10	5	12	9	11	0	0	10	4	1	0	16	8	5	1	11	4	8	2	7	15	13	6	8	5	5	3	22	7	20	4	11	10	14	14	14	19	31	18	26	4	22	13	7	6	23	5	4	7	13	8	8	19	43	10	12	3	31	12	
2478_A/chicken/Kaohsiung/ 14	11	14	4	23	10	5	12	8	11	0	0	10	4	1	0	15	8	5	1	12	4	8	2	8	15	14	6	8	5	4	3	21	7	20	5	11	9	12	13	15	22	32	18	26	3	23	12	8	6	23	5	3	7	14	7	8	18	44	11	12	3	30	12	
2479_A/chicken/Kaohsiung/ 14	12	14	4	23	10	5	12	8	11	0	0	10	4	1	0	16	7	5	1	11	5	9	1	8	15	13	6	8	5	5	3	22	7	20	5	11	10	13	13	14	21	30	20	26	3	23	11	8	5	23	5	3	7	14	8	8	18	43	11	12	3	31	11	
2480_A/chicken/Kaohsiung/ 14	11	14	4	23	10	5	12	8	11	0	0	10	4	1	0	16	8	5	1	11	4	8	2	8	15	13	6	8	5	5	3	22	7	20	5	11	9	13	13	14	22	31	19	26	3	23	11	8	6	23	5	3	7	14	7	8	18	44	11	12	3	30	12	
2481_A/chicken/Kaohsiung/ 14	11	14	4	23	10	5	12	8	11	0	0	10	4	1	0	15	8	5	1	12	4	8	2	8	15	14	6	8	5	4	3	21	7	20	5	11	9	12	13	15	22	32	18	26	3	23	12	8	6	23	5	3	7	14	7	8	18	44	11	12	3	30	12	
2482_A/chicken/Kaohsiung/ 14	11	14	4	23	10	5	12	8	11	0	0	10	4	1	0	15	8	5	1	12	4	8	2	8	16	13	6	8	4	5	3	21	7	20	5	12	9	12	13	14	22	32	18	25	3	23	12	8	6	24	5	3	7	13	7	8	18	44	11	13	3	30	12	
2483_A/chicken/Kaohsiung/ 14	10	14	4	23	11	5	12	8	11	0	0	10	4	1	0	16	8	5	1	11	4	8	2	8	15	13	5	8	5	5	4	21	7	20	5	11	9	13	13	15	21	30	17	25	3	24	13	9	6	23	5	3	7	14	7	8	18	42	11	13	3	32	12	
2484_A/chicken/Kaohsiung/ 14	11	15	4	23	10	4	12	8	11	0	0	10	4	1	0	16	8	5	2	11	4	8	1	8	15	13	6	8	5	5	3	20	7	20	5	12	9	13	12	14	21	32	17	26	4	20	15	9	6	23	5	3	7	14	8	8	18	43	12	12	3	31	11	
2485_A/chicken/Miaoli/150 15	11	14	4	22	10	5	12	10	11	0	0	9	4	1	0	16	8	5	1	11	4	8	2	8	15	13	6	7	5	5	3	22	7	20	4	11	10	13	14	14	19	31	18	26	4	22	13	7	6	23	5	4	7	14	8	8	19	43	10	12	3	31	12	
2486_A/chicken/Nantou/161 14	11	13	4	23	10	7	12	8	12	0	0	10	3	1	0	15	7	5	1	12	5	7	2	8	15	13	6	8	5	5	3	21	7	21	5	11	9	11	13	15	22	32	19	25	3	23	11	8	6	23	5	3	7	14	7	8	18	44	11	13	3	30	12	
2487_A/chicken/New_Taipei 14	11	15	4	23	10	4	12	9	11	0	0	9	4	1	0	16	8	5	2	11	4	8	1	8	15	13	6	8	5	5	3	20	7	20	5	12	9	13	12	14	21	31	16	26	4	23	14	9	6	23	5	3	7	14	8	8	18	44	12	12	3	30	11	
2488_A/chicken/New_Taipei 14	11	15	4	23	10	4	12	9	11	0	0	9	4	1	0	16	8	5	1	11	4	8	2	8	15	13	6	8	5	5	3	19	7	20	5	13	9	13	12	14	21	31	17	26	4	23	13	10	6	23	5	3	7	14	8	8	18	43	12	11	3	31	11	
2489_A/chicken/New_Taipei 14	11	14	4	23	10	5	12	9	11	0	0	9	4	1	0	15	8	5	1	11	4	8	2	8	14	14	6	8	6	4	3	24	7	19	5	10	9	14	13	14	22	30	18	26	3	24	12	8	6	22	6	3	7	15	7	8	16	44	11	12	5	30	11	
2490_A/chicken/New_Taipei 14	11	14	4	23	10	5	12	9	11	0	0	9	4	1	0	15	8	5	1	11	4	8	2	8	14	14	6	8	6	4	3	24	7	18	5	10	9	15	13	14	22	29	19	26	3	24	11	8	6	22	6	3	7	15	7	8	16	45	12	12	5	30	10	
2491_A/chicken/New_Taipei 14	11	15	4	23	10	4	12	9	11	0	0	9	4	1	0	15	8	5	1	11	4	8	2	8	14	14	6	8	6	4	3	24	7	19	5	10	9	14	13	14	22	30	19	26	3	24	11	8	6	22	6	3	7	15	7	8	16	44	12	12	5	31	9	
2492_A/chicken/New_Taipei 14	11	14	4	23	10	5	12	9	11	0	0	9	4	1	0	15	8	5	1	11	4	8	2	8	14	14	6	8	6	4	3	24	7	19	5	10	9	14	13	14	22	30	19	26	3	24	11	8	6	22	6	3	7	15	7	8	16	44	12	12	5	30	10	
2493_A/chicken/Shandong/K 16	10	13	4	21	9	6	12	8	12	0	0	8	2	1	0	16	7	5	1	9	6	8	2	10	15	14	8	9	5	4	2	22	9	16	5	12	10	16	13	13	19	31	19	26	1	21	12	6	8	23	5	4	6	14	7	6	22	45	12	15	3	30	11	
2494_A/chicken/Taichung/1 13	8	11	3	23	11	8	13	3	11	0	0	11	3	1	0	15	5	6	1	10	8	7	2	12	17	14	7	11	3	5	2	21	9	12	5	10	8	19	13	17	19	30	18	25	2	24	11	7	7	21	3	3	8	17	10	6	18	47	11	14	5	29	12	
2495_A/chicken/Tainan/150 14	11	14	4	23	10	5	12	9	11	0	0	10	4	1	0	16	8	5	1	11	4	8	2	7	15	13	6	8	5	5	3	22	7	20	4	11	10	13	14	13	20	31	18	27	4	22	13	7	6	23	5	4	7	14	8	8	18	43	10	12	3	31	12	
2496_A/chicken/Tainan/170 14	11	13	4	23	10	5	12	8	11	0	0	10	4	1	0	16	9	6	1	11	4	8	2	8	15	13	6	8	4	5	3	22	6	21	5	11	10	12	13	14	21	31	20	26	4	22	11	8	6	24	5	3	7	13	7	8	18	44	12	12	3	30	11	
2497_A/chicken/Taipei_Cit 14	11	14	4	23	10	5	12	9	11	0	0	9	4	1	0	15	8	5	1	11	4	8	2	8	14	14	6	8	6	4	3	24	7	19	5	10	9	14	13	14	22	30	19	26	3	24	11	8	6	22	6	3	7	15	7	8	16	44	12	12	5	30	10	
2498_A/chicken/Taipei/160 14	11	14	4	23	10	5	12	8	11	0	0	10	4	1	0	15	8	5	1	12	4	8	2	8	15	13	5	8	5	5	4	20	7	20	5	13	9	12	13	14	22	31	18	25	3	24	12	8	6	23	5	3	7	14	7	9	17	44	11	13	3	30	12	
2499_A/chicken/Taipei/160 14	11	14	4	23	10	5	12	8	11	0	0	10	4	1	0	15	8	5	1	12	4	8	2	8	15	13	5	8	5	5	4	20	7	20	5	13	9	12	13	14	22	31	18	25	3	24	12	8	6	23	5	3	7	14	7	8	18	44	11	13	3	30	12	
2500_A/chicken/Taipei/161 14	10	14	4	23	12	5	12	9	10	0	0	10	4	1	0	16	8	5	1	11	4	8	2	7	15	13	6	8	5	5	3	21	8	19	6	10	9	13	13	16	22	30	16	25	3	24	14	9	5	23	5	3	7	14	7	7	18	44	11	13	3	30	12	
2501_A/chicken/Taipei/170 14	11	14	4	23	10	5	12	9	11	0	0	9	4	1	0	15	8	5	1	11	4	8	2	8	14	14	6	8	6	4	3	23	7	19	5	10	9	14	13	14	22	30	19	26	3	24	11	9	6	22	6	3	7	15	7	8	16	44	11	12	5	30	11	
2502_A/chicken/Taipei/170 14	11	14	4	23	10	5	12	9	11	0	0	9	4	1	0	15	8	5	1	11	4	8	2	8	14	14	6	8	6	4	3	24	7	17	5	10	9	15	13	14	22	31	19	27	3	24	11	8	6	22	6	3	7	15	7	8	16	44	11	11	5	30	11	
2503_A/chicken/Taipei/170 14	11	14	4	23	10	5	12	9	11	0	0	9	4	1	0	15	8	5	1	11	4	8	2	8	14	14	6	8	6	4	3	24	7	19	5	10	9	14	13	14	22	30	19	26	3	24	11	8	6	22	6	3	7	15	7	8	16	44	11	12	5	30	11	
2504_A/chicken/Taiwan/x37 13	11	14	4	21	10	5	11	8	11	0	0	12	4	1	0	16	8	5	1	12	4	7	2	8	15	13	6	7	4	5	2	20	6	19	5	12	11	13	13	14	21	31	17	24	3	23	13	9	6	23	5	2	8	13	7	8	18	43	10	11	3	30	13	
2505_A/chicken/Yunlin/150 15	11	14	4	22	10	5	12	10	11	0	0	9	4	1	0	16	8	5	1	11	4	8	2	7	15	13	6	8	5	5	3	23	7	20	4	11	10	13	14	14	19	31	18	25	4	22	13	7	6	23	5	4	7	14	8	8	19	43	10	12	3	31	12	
2506_A/chicken/Yunlin/160 14	11	14	5	23	10	5	11	9	11	0	0	10	4	1	0	16	7	5	1	11	4	8	2	7	16	13	6	8	5	5	3	22	6	19	4	10	11	15	14	16	19	31	18	25	4	22	13	7	6	22	4	3	8	14	9	8	19	43	10	12	3	31	12	
2507_A/chicken/Yunlin/170 14	11	14	4	23	10	5	12	8	11	0	0	11	4	1	0	16	7	6	1	11	4	8	2	7	16	12	6	8	5	5	3	22	6	21	4	11	11	14	14	15	18	28	20	26	4	24	13	7	6	24	5	3	7	12	8	6	18	43	9	13	4	31	13	
2508_A/Chlidonias_hybrida 15	10	10	5	21	9	9	11	4	10	0	0	9	4	1	0	18	6	6	1	9	6	7	2	10	13	12	7	12	7	6	3	23	7	11	7	7	9	21	10	17	20	26	19	25	2	25	12	5	7	20	4	4	11	17	10	6	17	52	10	16	4	26	12	
2509_A/common_coot/Shando 15	10	10	5	20	9	9	11	4	12	0	0	9	3	1	0	18	7	6	1	9	6	7	2	10	12	11	7	12	6	7	3	23	7	11	7	7	9	21	10	17	20	24	18	25	2	27	13	5	7	20	4	4	11	17	10	6	18	51	10	16	4	27	12	
2510_A/common_crane/Yunna 14	10	10	5	20	9	9	10	4	11	0	0	9	3	1	0	18	7	6	1	9	6	7	2	10	13	11	6	12	5	6	3	23	8	10	7	7	9	21	10	17	19	25	19	24	2	26	12	5	8	22	4	4	10	14	10	6	17	50	10	15	4	27	12	
2511_A/common_pochard/Nin 13	10	15	3	23	9	4	13	4	8	0	0	9	6	1	0	16	6	4	1	10	5	9	2	9	15	12	8	12	6	7	4	24	6	14	9	9	8	16	10	16	22	30	16	25	0	20	14	6	4	19	3	4	12	19	10	6	21	49	10	14	4	29	12	
2512_A/common_teal/Ningxi 15	10	10	5	21	9	9	11	4	11	0	0	9	3	1	0	18	7	6	1	9	6	7	2	10	13	12	7	12	6	6	3	23	7	11	7	7	9	21	10	17	20	24	19	25	2	27	12	5	7	20	5	4	11	17	9	6	17	51	10	16	4	27	12	
2513_A/common_teal/Ningxi 13	10	15	3	23	9	4	13	4	8	0	0	9	6	1	0	16	6	4	1	10	5	9	2	9	15	13	7	12	6	7	4	24	6	14	9	9	8	16	10	16	22	30	16	25	0	20	14	6	4	19	3	4	12	19	10	6	21	49	10	14	4	29	12	
2514_A/common_teal/Ningxi 13	10	15	3	23	9	4	13	4	8	0	0	9	6	1	0	16	6	4	1	10	5	9	2	9	15	12	8	12	6	7	4	24	6	14	9	9	8	16	10	16	22	30	16	25	0	20	14	6	4	19	3	4	12	19	10	6	21	49	10	14	4	29	12	
2515_A/common_teal/Ningxi 13	10	15	3	23	9	4	13	4	8	0	0	9	6	1	0	16	6	4	1	10	5	9	2	9	15	11	8	12	6	7	4	24	6	15	9	9	8	16	10	16	22	30	16	25	0	20	14	6	4	19	3	4	12	19	10	7	20	48	10	14	5	29	12	
2516_A/common_teal/Ningxi 13	10	15	3	23	9	4	13	4	8	0	0	9	6	1	0	16	6	4	1	10	5	9	2	9	15	11	8	12	6	7	4	24	6	14	9	9	8	16	10	16	22	31	16	25	0	21	13	6	4	19	3	4	12	19	10	6	21	49	10	14	4	29	12	
2517_A/common_teal/Ningxi 13	10	15	3	23	9	4	13	4	8	0	0	9	6	1	0	16	6	4	1	10	5	9	2	9	15	12	7	12	6	7	4	24	6	14	9	9	8	16	10	16	22	30	17	25	0	20	14	6	4	19	3	4	12	19	10	6	21	49	10	14	4	29	12	
2518_A/common_teal/Shaanx 15	10	10	5	21	9	9	11	4	11	0	0	9	3	1	0	18	7	6	1	9	6	7	2	10	14	12	7	12	5	6	3	23	7	11	7	7	9	21	10	17	20	24	19	25	2	27	12	5	7	20	5	4	11	17	9	6	17	51	10	16	4	27	12	
2519_A/Cygnus_atratus/Hub 14	10	12	3	22	10	7	13	5	8	0	0	11	5	1	0	15	7	6	1	10	3	8	2	10	13	13	9	12	9	5	2	24	5	13	6	8	11	18	11	17	19	33	14	24	2	20	14	6	5	20	3	4	9	18	10	8	20	43	11	12	5	33	13	
2520_A/Cygnus_atratus/Hub 14	10	12	3	22	10	7	13	5	8	0	0	11	5	1	0	15	7	6	1	10	3	8	2	10	13	13	9	12	9	5	2	24	5	13	6	8	11	18	11	17	19	33	14	24	2	20	14	5	5	20	3	5	9	18	10	8	20	43	11	12	5	33	13	
2521_A/Cygnus_columbianus 15	10	10	5	21	9	9	11	4	11	0	0	9	3	1	0	18	7	6	1	9	6	7	2	10	13	13	7	12	6	5	3	23	7	11	7	7	9	21	10	17	20	24	19	25	2	27	12	5	7	20	5	4	11	17	9	6	17	51	11	16	4	27	11	
2522_A/Cygnus_columbianus 15	10	10	5	21	9	9	11	4	11	0	0	9	3	1	0	18	7	6	1	9	6	7	2	10	13	12	8	12	6	6	2	23	7	11	7	7	9	21	10	17	20	24	19	25	2	27	12	5	7	20	4	4	11	17	10	6	17	51	10	16	4	27	12	
2523_A/Cygnus_columbianus 15	10	10	5	21	9	9	11	4	11	0	0	9	3	1	0	18	7	6	1	9	6	7	2	10	13	12	7	12	6	6	3	23	7	11	6	7	9	21	11	17	20	24	19	25	2	27	12	5	7	20	4	4	11	17	10	6	17	52	10	16	4	26	12	
2524_A/Cygnus_columbianus 15	10	10	5	21	9	9	11	4	11	0	0	9	3	1	0	18	7	6	1	9	6	7	2	10	13	12	7	12	6	6	3	23	7	11	7	7	9	21	10	17	20	24	19	25	2	27	12	5	8	20	4	4	10	17	10	6	17	51	10	16	4	27	12	
2525_A/Cygnus_columbianus 15	10	10	5	21	9	9	11	4	11	0	0	9	3	1	0	18	7	6	1	9	6	7	2	10	13	12	7	12	6	6	3	23	7	11	7	7	9	21	10	17	20	24	19	25	2	27	12	5	7	20	4	4	11	17	10	6	17	50	10	16	4	28	12	
2526_A/Cygnus_columbianus 15	11	10	5	21	9	9	11	4	10	0	0	9	3	1	0	18	7	6	1	9	6	7	2	10	13	12	7	12	6	6	3	23	7	11	7	7	9	21	10	17	20	24	19	25	2	27	12	5	7	20	4	4	11	16	11	6	17	51	10	16	4	27	12	
2527_A/Cygnus_columbianus 15	10	10	5	21	9	9	11	4	11	0	0	9	3	1	0	18	7	6	1	9	6	7	2	10	13	12	7	12	6	6	3	23	7	11	7	7	9	21	10	17	20	24	19	25	2	27	12	5	7	20	4	4	11	17	10	6	17	51	10	16	4	27	12	
2528_A/duck/Chiayi/150800 14	11	14	4	23	10	5	12	9	11	0	0	10	4	1	0	16	8	5	1	11	4	8	2	7	15	13	6	8	5	5	3	22	7	20	4	11	10	15	14	14	19	30	18	26	4	23	13	7	6	23	5	3	8	12	8	8	19	45	10	12	3	29	12	
2529_A/duck/Eastern_China 15	10	14	4	22	9	5	12	8	12	0	0	8	2	1	0	15	8	5	1	10	5	8	2	9	15	13	8	9	5	5	2	22	9	17	4	12	10	15	14	13	18	31	18	26	1	21	13	5	9	24	6	5	6	13	6	6	21	43	14	17	3	32	9	
2530_A/duck/Eastern_China 15	10	14	4	22	9	5	12	8	12	0	0	8	2	1	0	17	8	5	1	9	5	8	2	10	15	13	8	8	5	5	2	22	8	17	5	12	10	16	13	12	19	31	18	27	1	22	12	6	8	25	5	4	6	13	7	6	20	42	12	15	5	32	11	
2531_A/duck/Eastern_China 16	10	14	4	21	9	5	12	8	12	0	0	9	2	1	0	16	8	5	1	9	5	8	2	10	15	13	8	8	5	5	2	22	8	17	5	12	10	16	13	12	19	31	18	27	1	22	12	6	8	25	5	4	6	13	7	6	20	41	13	15	5	32	11	
2532_A/duck/Eastern_China 16	10	14	4	21	9	5	12	8	12	0	0	9	2	1	0	16	8	5	1	9	5	8	2	10	15	13	8	8	5	5	2	22	8	16	5	12	10	17	12	12	19	30	19	27	1	22	12	6	8	25	5	4	6	13	8	6	20	42	12	15	5	32	11	
2533_A/duck/Eastern_China 16	10	14	4	21	9	5	12	8	12	0	0	9	2	1	0	16	8	5	1	9	5	8	2	10	15	13	8	8	5	5	2	22	9	17	5	12	9	16	13	12	19	31	18	27	1	22	12	6	8	25	5	4	6	13	7	6	20	42	12	15	5	32	11	
2534_A/duck/Eastern_China 13	8	12	4	23	12	7	12	6	10	0	0	10	3	1	0	17	6	5	1	10	7	8	2	9	15	14	6	9	5	4	3	23	8	16	5	11	9	17	12	13	20	31	18	27	1	22	13	6	7	23	5	4	8	15	8	6	19	46	15	15	4	27	9	
2535_A/duck/Eastern_China 16	10	14	4	21	9	5	12	8	12	0	0	8	2	1	0	15	8	5	1	10	5	8	2	10	15	13	7	9	5	5	2	22	9	16	5	12	10	16	13	13	19	31	19	26	2	21	13	6	8	24	5	4	6	13	7	6	22	44	12	15	2	31	11	
2536_A/duck/Eastern_China 12	10	12	4	24	8	7	12	7	11	0	0	10	3	1	0	17	11	5	1	9	3	8	2	9	16	13	6	9	4	5	3	23	7	15	6	10	11	16	12	12	18	30	17	26	4	24	13	7	7	23	5	6	8	13	7	6	21	50	15	16	1	25	9	
2537_A/duck/Eastern_China 14	10	14	4	23	10	5	12	7	13	0	0	11	2	1	0	15	7	5	1	10	5	8	2	11	16	13	8	6	5	5	2	23	9	16	5	12	9	16	13	12	20	32	18	25	1	20	13	5	9	24	5	5	5	13	8	6	19	44	13	16	4	31	9	
2538_A/duck/Eastern_China 15	10	14	4	22	9	5	12	8	12	0	0	8	2	1	0	14	8	5	1	11	5	8	2	10	15	13	8	9	5	5	2	22	9	16	4	12	10	17	13	11	18	33	17	25	2	20	13	6	9	24	5	5	6	13	7	7	21	42	15	16	3	32	9	
2539_A/duck/Guangdong/KGZ 15	11	9	5	21	9	10	11	5	11	0	0	9	3	1	0	18	6	6	1	9	6	7	2	9	13	14	7	12	6	4	3	22	8	12	7	8	8	20	10	18	20	24	19	25	2	27	12	5	7	20	4	4	11	17	10	5	17	49	11	16	4	29	11	
2540_A/duck/Guangdong/KGZ 15	9	12	4	21	11	7	12	6	10	0	0	12	4	1	0	13	9	5	1	13	4	8	1	8	13	13	9	11	6	5	4	24	6	15	7	7	12	14	13	17	20	28	14	24	1	26	13	7	8	23	3	5	7	17	10	5	21	45	10	14	3	27	12	
2541_A/duck/Guangdong/S12 15	10	9	5	21	9	10	11	4	11	0	0	9	3	1	0	18	7	6	1	9	6	7	2	10	13	12	7	12	6	6	3	23	7	12	7	7	9	20	10	17	20	23	20	25	2	27	12	5	7	20	4	4	11	17	10	6	17	50	11	16	4	28	11	
2542_A/duck/Guangdong/s14 16	11	14	5	21	8	5	11	8	12	0	0	8	2	1	0	16	8	5	1	9	5	8	2	10	15	13	8	9	5	5	2	22	9	16	5	12	10	16	13	14	19	32	18	25	1	20	13	6	8	22	5	4	6	15	7	6	22	45	12	15	3	30	11	
2543_A/duck/Guangxi/S1009 14	10	10	5	21	9	8	12	4	11	0	0	10	3	1	0	18	7	6	1	9	6	7	2	10	13	12	7	11	6	6	3	24	8	11	7	7	10	21	10	17	18	24	18	25	2	27	13	5	7	20	4	4	11	17	10	6	17	50	10	16	4	28	12	
2544_A/duck/Guangxi/S1026 15	10	10	5	21	9	8	12	4	11	0	0	10	3	1	0	18	7	6	1	9	6	7	2	10	13	12	7	11	6	6	3	23	8	11	7	7	10	21	10	17	18	24	19	25	2	27	12	5	7	20	4	4	11	17	10	6	17	50	10	16	4	28	12	
2545_A/duck/Guangxi/S1104 15	10	10	5	21	9	8	12	4	11	0	0	9	3	1	0	18	7	6	1	9	6	7	2	10	13	12	7	12	6	6	3	23	7	11	7	7	9	21	10	17	20	25	19	25	2	26	12	5	7	20	4	4	11	17	10	6	18	50	10	16	4	27	12	
2546_A/duck/Guangxi/S2119 15	10	10	5	21	9	8	12	4	11	0	0	9	3	1	0	19	7	6	1	8	6	7	2	10	14	12	7	12	5	6	3	23	7	11	7	7	10	21	10	17	19	24	19	25	2	27	12	5	7	20	4	4	10	17	11	6	16	51	10	16	5	27	12	
2547_A/duck/Hebei/S1070/2 15	10	10	5	21	9	9	11	4	11	0	0	9	3	1	0	18	7	6	1	9	6	7	2	10	13	11	7	12	6	7	3	23	7	12	7	7	9	20	10	17	20	25	18	25	2	27	12	5	7	20	4	4	11	17	10	6	16	51	10	16	5	27	12	
2548_A/duck/Henan/S1381/2 15	10	10	5	21	9	9	11	4	11	0	0	9	3	1	0	17	7	6	1	10	6	7	2	10	13	11	7	13	6	7	3	23	7	11	7	7	9	21	10	17	20	24	19	25	2	27	12	5	7	21	4	4	11	17	10	6	17	50	10	15	4	27	12	
2549_A/duck/Hunan/11.30_Y 13	10	12	4	23	10	7	13	6	8	0	0	10	5	1	0	15	7	6	1	9	3	8	2	11	13	12	9	12	9	6	2	24	5	13	5	8	11	18	11	18	19	33	14	23	2	20	14	5	5	20	3	5	9	18	10	8	20	43	11	12	5	33	13	
2550_A/duck/Jiangxi/S1025 15	10	10	5	21	8	9	11	4	12	0	0	9	3	1	0	18	7	6	1	9	6	7	2	10	13	11	7	12	6	7	3	23	8	11	8	7	9	21	9	17	19	24	19	25	2	27	12	5	7	20	4	4	11	17	10	6	17	51	8	16	4	27	14	
2551_A/duck/Shandong/11.1 15	10	15	4	22	9	4	12	8	12	0	0	8	2	1	0	16	8	5	1	9	5	8	2	10	15	13	8	9	5	5	2	22	9	16	4	12	10	16	14	12	18	31	18	25	2	21	13	6	9	24	5	5	6	13	7	6	21	44	14	16	3	31	9	
2552_A/duck/Shandong/11.1 15	10	15	4	22	9	4	12	8	12	0	0	8	2	1	0	16	8	5	1	9	5	8	2	10	15	13	8	9	5	5	2	22	9	16	4	12	10	16	14	12	18	31	18	25	2	21	13	6	9	24	5	5	6	13	7	6	21	44	14	16	3	31	9	
2553_A/duck/Shandong/Q1/2 16	10	14	4	21	9	5	12	8	12	0	0	8	2	1	0	16	7	5	1	9	6	8	2	10	15	13	8	9	5	5	2	22	9	16	5	12	10	16	13	13	19	31	18	26	1	21	13	6	8	23	5	4	6	14	7	6	20	44	12	15	5	31	11	
2554_A/duck/Tainan/150104 14	11	14	4	23	10	5	12	9	11	0	0	10	4	1	0	15	8	5	1	11	4	8	2	7	15	13	6	8	5	5	3	23	7	20	4	11	10	13	14	14	19	31	18	26	4	22	13	7	6	23	5	4	7	14	8	8	19	43	10	12	3	31	12	
2555_A/duck/Taiwan/a068/2 13	11	14	4	22	10	5	11	9	11	0	0	10	4	1	0	16	8	5	1	11	4	8	2	7	14	12	6	8	5	5	2	22	7	19	4	11	10	13	14	14	19	31	18	25	4	22	13	7	6	23	5	4	7	13	8	8	19	42	10	11	3	31	12	
2556_A/duck/Taiwan/A3400/ 14	11	14	4	23	10	5	12	9	11	0	0	10	4	1	0	16	9	5	1	11	3	8	2	7	15	13	6	8	5	5	3	22	7	20	5	11	10	13	13	15	19	31	18	25	4	22	13	7	6	23	5	4	7	14	8	8	19	43	10	12	3	31	12	
2557_A/duck/Xinjiang/12.1 14	10	12	3	22	10	7	13	5	8	0	0	11	5	1	0	15	6	6	1	10	3	8	2	10	14	12	9	12	9	6	2	24	5	13	5	8	11	18	12	17	18	32	14	24	3	21	14	5	6	22	3	5	10	16	10	8	18	42	12	12	5	34	12	
2558_A/duck/Yunlin/150102 15	11	14	4	22	10	5	12	10	11	0	0	9	4	1	0	16	8	5	1	11	4	8	2	7	15	13	6	8	5	5	3	22	7	20	4	11	10	13	14	14	19	31	18	26	4	22	13	7	6	23	5	4	7	14	8	8	19	43	10	12	3	31	12	
2559_A/duck/Yunlin/150104 15	11	14	4	22	10	5	12	10	11	0	0	9	4	1	0	16	8	5	1	11	4	8	2	7	15	13	6	8	5	5	3	22	7	20	4	11	10	13	14	14	19	31	18	26	4	22	13	7	6	23	5	4	7	14	8	8	19	43	10	12	3	31	12	
2560_A/duck/Zhejiang/6D18 15	10	13	4	22	9	6	12	8	11	0	0	8	3	1	0	15	8	6	1	10	5	8	2	10	14	12	8	9	6	5	2	22	9	16	4	12	10	16	14	12	17	31	19	25	3	20	13	6	9	24	5	5	6	13	7	6	21	43	14	16	3	32	9	
2561_A/duck/Zhejiang/9250 14	9	14	4	23	9	5	12	7	12	0	0	9	3	1	0	15	8	5	1	10	5	8	2	10	15	13	8	9	5	5	2	23	9	16	4	11	10	16	14	12	19	29	17	24	1	23	14	6	10	23	5	5	6	13	7	6	20	46	13	17	3	30	10	
2562_A/duck/Zhejiang/9251 14	9	14	4	23	9	5	12	7	12	0	0	9	3	1	0	15	8	5	1	10	6	8	2	10	15	13	8	9	5	5	2	23	8	15	4	11	10	17	14	12	19	29	17	24	1	23	14	6	10	24	5	5	6	13	7	6	20	45	13	17	3	30	10	
2563_A/duck/Zhejiang/W24/ 15	10	14	4	22	9	5	12	8	12	0	0	8	2	1	0	15	8	5	1	10	5	8	2	10	15	13	8	9	5	5	2	23	8	17	4	11	11	15	14	12	18	31	18	25	2	21	13	6	9	24	5	5	6	13	7	6	21	44	14	16	3	31	9	
2564_A/egret/Jiangsu/SD02 15	10	10	5	21	9	9	11	4	11	0	0	9	3	1	0	18	7	6	1	9	6	7	2	10	13	11	7	12	6	7	3	23	7	11	7	7	9	21	10	17	20	24	19	25	2	27	12	5	7	20	4	4	11	17	10	6	17	50	10	16	4	28	12	
2565_A/eurasian_eagle-owl 15	10	10	5	21	9	9	11	4	11	0	0	9	3	1	0	18	7	6	1	9	6	7	2	10	13	12	7	12	6	6	3	23	7	11	7	7	9	21	10	17	20	24	19	25	2	27	12	5	7	20	5	4	11	17	9	6	17	51	10	16	4	27	12	
2566_A/goose/Chiayi/15020 15	11	14	4	22	10	5	12	10	11	0	0	9	4	1	0	16	8	5	1	11	4	8	2	7	15	13	6	8	5	5	3	22	8	20	4	11	9	13	14	14	19	31	18	26	4	22	13	7	6	23	5	4	7	14	8	8	19	43	10	12	3	31	12	
2567_A/goose/China/1/2021 15	10	10	5	21	9	9	11	5	11	0	0	8	3	1	0	18	7	6	1	9	6	8	1	10	13	11	7	12	6	7	3	23	7	11	6	7	9	21	11	17	21	25	18	25	2	27	12	5	7	19	4	4	11	18	10	6	17	51	9	16	4	26	13	
2568_A/goose/Eastern_Chin 15	10	14	4	22	9	5	12	8	12	0	0	8	2	1	0	15	8	5	1	10	5	8	2	10	15	13	7	9	5	5	3	23	9	16	4	11	10	16	14	12	18	31	18	25	2	21	13	6	9	24	4	5	6	13	8	6	21	44	14	16	3	31	9	
2569_A/goose/Eastern_Chin 16	10	14	4	21	10	5	12	8	12	0	0	8	2	1	0	16	8	5	1	9	5	8	2	10	15	13	8	9	5	5	2	22	9	16	5	12	10	16	13	13	19	31	18	26	1	21	13	6	8	24	5	4	5	13	7	6	22	43	13	15	3	31	11	
2570_A/goose/Eastern_Chin 16	10	14	4	21	9	5	12	7	12	0	0	8	2	1	0	17	8	5	1	9	5	8	2	11	15	13	8	8	5	5	2	23	8	18	7	11	10	14	12	12	19	32	18	26	1	21	12	6	8	25	5	4	6	13	7	7	20	43	13	15	5	30	11	
2571_A/goose/Eastern_Chin 16	10	13	4	21	9	6	12	7	12	0	0	8	2	1	0	15	8	5	1	10	5	8	2	11	14	13	8	9	6	5	2	22	10	16	4	12	10	16	14	12	17	31	18	25	2	21	13	6	9	25	5	5	6	12	7	6	21	42	15	16	3	32	9	
2572_A/goose/Guangdong/s1 16	11	14	5	21	8	5	11	8	12	0	0	8	2	1	0	16	8	5	1	9	5	8	2	10	15	13	8	9	5	5	2	22	9	16	5	12	10	16	13	14	19	32	18	25	1	20	13	6	8	22	5	4	6	15	7	6	22	45	12	15	3	30	11	
2573_A/goose/Guangxi/S206 15	10	10	5	21	9	8	12	4	11	0	0	9	3	1	0	19	7	6	1	8	6	7	2	10	14	12	7	12	5	6	3	23	7	11	7	7	10	21	10	17	19	25	18	25	2	26	13	5	7	20	4	4	10	17	11	6	17	51	10	16	4	27	12	
2574_A/goose/Henan/S1315/ 15	10	10	5	21	9	9	11	4	11	0	0	9	3	1	0	17	8	6	1	10	6	7	2	10	13	11	7	13	5	7	3	23	7	11	7	7	9	21	10	17	20	24	19	25	2	27	12	5	7	21	4	4	11	17	10	6	17	50	10	15	4	27	12	
2575_A/goose/Hunan/S11288 15	10	10	5	21	9	9	10	5	11	0	0	8	3	1	0	17	7	6	1	10	6	7	2	10	13	12	7	12	6	6	3	23	6	11	7	7	9	21	11	17	20	24	19	25	3	27	12	5	7	20	4	3	12	17	10	5	17	50	10	17	4	28	12	
2576_A/goose/Jiangsu/QD5/ 15	9	14	4	22	9	5	12	8	13	0	0	8	2	1	0	15	8	5	1	10	4	8	2	11	16	13	8	8	5	5	2	23	9	16	4	11	10	16	14	12	18	31	18	25	2	21	13	6	9	24	5	5	6	13	7	6	21	43	14	16	3	32	9	
2577_A/goose/Jiangsu/S138 15	10	10	5	21	9	9	11	4	11	0	0	9	3	1	0	18	7	5	1	9	6	8	3	10	13	11	6	12	6	7	3	23	7	11	7	7	9	21	10	17	20	25	19	25	2	26	12	5	6	20	4	4	12	17	10	6	17	51	10	16	4	27	12	
2578_A/goose/Liaoning/S12 15	10	11	5	21	9	8	11	5	11	0	0	9	3	1	0	18	7	6	1	9	6	7	1	10	13	11	8	11	6	7	3	23	7	12	7	7	9	20	10	17	20	23	20	25	2	27	11	5	7	20	4	4	11	17	10	6	17	52	9	16	4	27	13	
2579_A/goose/Pingtung/150 14	11	14	4	23	10	5	12	9	11	0	0	10	4	1	0	16	8	5	1	11	4	8	2	7	15	13	6	8	5	5	3	22	7	20	4	11	10	13	14	14	20	31	18	26	4	22	13	7	6	23	5	4	7	14	8	8	18	44	10	12	3	30	12	
2580_A/goose/Pingtung/160 14	10	14	4	23	11	5	12	8	11	0	0	11	4	1	0	16	7	6	1	11	5	7	2	8	15	13	6	7	5	5	3	22	7	20	5	11	9	13	13	14	22	30	19	26	3	23	12	8	6	23	5	3	7	14	8	8	18	44	10	12	3	30	12	
2581_A/goose/Shandong/05. 15	9	14	4	22	9	5	12	8	12	0	0	8	2	1	0	16	8	6	1	9	5	8	2	10	15	13	7	9	5	5	3	22	9	16	4	10	10	16	14	12	18	32	18	25	2	20	13	6	9	24	5	7	6	13	7	6	21	44	14	16	3	31	9	
2582_A/goose/Shandong/05. 15	9	14	4	22	9	5	12	8	12	0	0	8	2	1	0	16	8	6	1	9	5	8	2	10	15	13	7	9	5	5	3	22	9	16	4	11	10	16	14	12	18	32	18	25	2	20	13	6	9	24	5	6	6	13	7	6	21	44	14	16	3	31	9	
2583_A/goose/Shandong/06. 15	9	14	4	22	9	5	12	8	12	0	0	8	2	1	0	16	9	5	1	9	5	8	2	10	15	13	7	9	5	5	3	22	9	16	4	11	10	16	14	12	18	32	18	25	2	20	13	6	9	24	5	6	6	13	7	5	21	44	14	17	3	31	9	
2584_A/goose/Shandong/12. 13	10	14	4	22	9	5	11	9	12	0	0	8	2	1	0	14	7	5	1	11	6	8	2	10	14	12	7	8	5	5	2	23	9	15	4	13	10	16	14	12	17	31	18	24	2	21	13	5	10	24	5	4	6	12	8	6	21	42	14	15	3	32	8	
2585_A/Goose/Shandong/211 15	10	10	5	21	9	9	11	5	11	0	0	9	3	1	0	17	7	6	1	10	6	7	2	9	13	11	7	12	6	8	3	23	6	11	7	7	9	21	10	17	21	25	18	25	2	27	13	5	7	20	4	4	11	16	10	6	17	50	10	16	4	27	12	
2586_A/goose/Shandong/GD- 15	10	14	4	22	9	5	12	8	12	0	0	8	2	1	0	15	8	5	1	10	5	8	2	10	15	13	8	9	5	5	2	22	9	16	4	12	10	16	14	12	18	31	18	25	2	21	13	6	9	24	5	5	6	13	7	6	21	45	14	16	3	31	8	
2587_A/goose/Shandong/LQ0 16	10	13	4	21	9	6	12	8	12	0	0	8	2	1	0	16	7	5	1	9	6	8	2	10	15	14	7	9	5	4	3	22	9	16	5	12	10	16	13	13	19	31	19	26	1	21	12	6	8	24	5	4	6	13	7	6	22	45	12	15	3	30	11	
2588_A/goose/Tainan/16040 14	11	14	4	23	10	5	12	7	11	0	0	11	4	1	0	16	8	6	1	11	4	7	2	8	15	13	6	8	5	5	3	22	7	20	5	11	9	13	13	14	22	31	18	26	3	22	13	8	6	23	5	3	7	14	7	8	18	44	11	12	3	30	12	
2589_A/goose/Tainan/16070 14	11	14	4	23	10	5	12	8	11	0	0	10	4	1	0	17	8	6	1	10	4	7	2	8	15	13	6	8	5	5	3	22	7	21	5	11	9	12	13	14	22	31	18	26	3	22	13	8	6	23	5	3	7	14	7	8	18	44	11	12	3	30	12	
2590_A/goose/Taiwan/01019 15	10	15	4	22	10	5	12	9	11	0	0	10	4	1	0	16	8	5	1	12	4	8	2	7	15	13	6	8	5	5	3	22	7	19	4	11	10	13	14	14	19	31	18	26	4	22	13	7	6	23	5	4	7	14	8	8	19	42	10	12	3	32	12	
2591_A/goose/Taiwan/01039 13	12	14	4	23	10	5	12	9	11	0	0	10	4	1	0	16	8	5	1	11	4	8	2	7	15	13	6	8	5	5	3	22	7	20	4	11	10	13	14	14	20	31	18	26	3	22	13	7	6	23	5	4	7	14	8	8	19	43	10	12	3	31	12	
2592_A/goose/Taiwan/a015/ 13	11	14	4	22	10	5	11	9	11	0	0	10	4	1	0	16	8	5	1	11	4	8	2	7	14	12	6	8	5	5	2	22	7	19	4	11	10	14	14	14	19	31	18	25	4	22	13	7	6	23	5	4	7	12	8	8	19	42	10	11	3	31	12	
2593_A/goose/Taiwan/TNC1/ 15	11	14	4	22	10	5	12	9	11	0	0	10	4	1	0	16	8	5	1	11	4	8	2	7	15	13	6	8	5	5	3	22	7	21	4	11	10	12	14	14	19	31	18	26	4	22	13	7	6	23	5	4	7	14	8	8	19	43	10	12	3	31	12	
2594_A/goose/Taiwan/TNC3/ 15	11	14	4	22	10	5	12	9	11	0	0	10	4	1	0	16	8	5	1	11	4	8	2	7	15	13	6	8	5	5	3	22	7	20	4	11	10	13	14	14	19	31	18	26	4	22	13	7	6	23	5	4	7	14	8	8	19	43	10	12	3	31	12	
2595_A/goose/Taiwan/TNC4/ 14	11	14	4	23	10	5	12	9	11	0	0	10	4	1	0	16	8	5	1	11	4	8	2	7	15	13	6	8	5	5	3	22	7	20	4	11	10	13	14	14	19	31	18	26	4	22	13	7	6	23	5	4	7	14	8	8	19	43	10	12	3	31	12	
2596_A/goose/Taiwan/TNC9/ 15	11	14	4	22	10	5	12	9	11	0	0	10	4	1	0	16	8	5	1	11	4	8	2	7	15	13	6	8	5	5	3	22	7	20	4	11	10	13	14	14	19	31	18	26	4	22	13	7	6	23	5	4	7	14	8	8	19	43	10	12	3	31	12	
2597_A/goose/Taiwan/TNC10 15	11	14	4	22	10	5	12	9	11	0	0	10	4	1	0	16	8	5	1	11	4	8	2	7	15	13	6	8	5	5	3	22	7	21	4	11	10	12	14	14	19	31	18	26	4	22	13	7	6	23	5	4	7	14	8	8	19	43	10	12	3	31	12	
2598_A/goose/Taiwan/TNC12 15	11	14	4	22	10	5	12	9	11	0	0	10	4	1	0	16	8	5	1	11	4	8	2	7	15	13	6	8	5	5	3	22	7	21	4	11	10	12	14	14	19	31	18	26	4	22	13	7	6	23	5	4	7	14	8	8	19	43	10	12	3	31	12	
2599_A/goose/Taiwan/TNC14 15	11	14	4	22	10	5	12	9	11	0	0	10	4	1	0	16	8	5	1	11	4	8	2	7	15	13	6	8	5	5	3	22	7	21	4	11	10	12	14	14	19	31	18	26	4	22	13	7	6	23	5	4	7	14	8	8	19	43	10	12	3	31	12	
2600_A/goose/Taiwan/TNO3/ 14	11	14	4	23	10	5	12	9	10	0	0	10	5	1	0	16	8	5	1	11	4	8	2	7	15	13	6	8	5	5	3	22	7	20	4	11	10	13	14	14	19	31	18	26	4	22	13	7	6	23	5	4	7	14	8	8	19	43	10	12	3	31	12	
2601_A/goose/Taiwan/TNO9/ 14	11	14	4	23	10	5	12	9	11	0	0	10	4	1	0	16	8	5	1	11	4	8	2	7	15	13	6	8	5	5	3	22	7	20	4	11	10	13	14	14	19	31	18	26	4	22	13	7	6	23	5	4	7	14	8	8	19	43	10	12	3	31	12	
2602_A/goose/Taiwan/TNO15 13	11	14	4	23	10	5	12	9	11	0	0	10	4	1	0	17	8	5	1	11	4	8	2	7	15	13	6	8	5	5	3	22	7	20	4	11	10	13	14	14	19	31	18	26	4	22	13	7	6	23	5	4	7	14	8	8	19	43	10	12	3	31	12	
2603_A/goose/Taiwan/TNO17 15	11	14	4	22	10	5	12	9	11	0	0	10	4	1	0	16	8	5	1	11	4	8	2	7	15	13	6	8	5	5	3	22	7	21	4	11	10	12	14	14	19	31	18	26	4	22	13	7	6	23	5	4	7	14	8	8	19	43	10	12	3	31	12	
2604_A/goose/Taoyuan/1501 15	11	14	4	22	10	5	12	10	11	0	0	9	4	1	0	16	8	5	1	11	4	8	2	8	15	13	6	7	5	5	3	22	7	20	4	11	10	13	14	14	19	31	18	26	4	22	13	7	6	23	5	4	7	14	8	8	19	43	10	12	3	31	12	
2605_A/goose/Xinjiang/12. 14	10	12	3	22	10	7	13	5	8	0	0	11	5	1	0	15	6	6	1	10	3	8	2	10	14	12	9	12	9	6	2	24	5	13	5	8	11	18	12	17	18	32	14	24	3	21	14	5	5	22	3	5	10	17	10	8	19	42	12	12	5	33	12	
2606_A/goose/Xinjiang/12. 14	10	12	3	22	10	7	13	5	8	0	0	11	5	1	0	15	6	6	1	10	3	8	2	10	14	12	9	12	9	6	2	24	5	13	5	8	11	18	12	17	18	32	14	24	3	21	14	5	5	21	3	5	10	17	10	8	19	42	12	12	5	34	12	
2607_A/goose/Xinjiang/12. 14	10	12	3	22	10	7	13	5	8	0	0	11	5	1	0	15	6	6	1	10	3	8	2	10	14	12	9	12	9	6	2	24	5	13	5	8	11	18	12	17	18	32	14	24	3	21	14	5	5	21	3	5	10	17	10	8	19	42	12	12	5	34	12	
2608_A/goose/Xinjiang/12. 14	10	12	3	22	10	7	13	5	8	0	0	11	5	1	0	15	6	6	1	10	3	8	2	10	14	12	9	12	9	6	2	24	5	13	5	8	11	18	12	17	18	32	14	24	3	21	14	5	5	21	3	5	10	17	10	8	19	42	12	12	5	34	12	
2609_A/goose/Yangzhou/042 15	10	14	4	22	9	5	12	8	12	0	0	8	2	1	0	15	8	5	1	10	5	8	2	11	15	12	8	8	5	6	2	22	9	16	4	12	10	16	14	12	17	32	18	25	2	21	13	6	9	25	5	5	6	13	8	6	21	44	14	16	3	30	8	
2610_A/goose/Yunlin/15040 14	11	14	4	23	10	5	12	9	11	0	0	10	4	1	0	16	8	5	1	11	4	8	2	7	15	13	6	8	5	5	3	22	7	20	4	11	10	14	14	14	19	30	19	26	4	22	13	6	6	23	5	5	7	13	8	8	19	43	10	12	3	31	12	
2611_A/goose/Zhejiang/925 15	10	12	2	22	9	7	14	3	11	0	0	10	2	1	0	15	6	5	2	9	7	8	1	10	16	12	9	14	5	6	2	24	9	13	5	9	10	19	13	16	17	31	21	24	1	20	9	4	7	25	3	6	9	13	8	4	19	49	12	15	5	28	11	
2612_A/goose/Zhejiang/925 15	9	14	4	22	9	5	12	8	12	0	0	9	2	1	0	16	8	6	1	9	5	9	2	10	15	12	7	9	5	5	3	22	9	16	4	11	10	16	14	12	17	33	18	25	2	20	13	6	9	23	5	6	6	13	7	5	21	45	13	16	3	31	9	
2613_A/goose/Zhejiang/S12 15	10	10	6	21	9	9	10	3	11	0	0	10	3	1	0	17	7	6	1	9	6	7	2	11	13	11	7	12	6	7	3	24	7	11	7	7	9	21	10	17	20	24	19	25	2	27	12	4	7	20	4	4	11	17	10	6	17	51	10	16	4	27	12	
2614_A/Great_Black-headed 14	10	12	3	22	10	7	13	5	8	0	0	10	6	1	0	15	6	6	1	10	4	8	2	10	13	13	9	12	8	5	2	24	5	13	5	8	11	18	12	17	19	33	14	25	2	20	14	5	4	20	3	5	11	18	10	8	19	41	11	12	5	35	13	
2615_A/Great_Cormorant/Qi 14	10	12	3	22	10	7	13	5	8	0	0	10	5	1	0	15	6	6	1	10	3	8	2	10	14	13	9	12	9	5	2	24	5	13	5	8	12	18	12	17	20	33	14	25	1	20	14	5	5	20	3	5	9	18	10	8	19	42	12	12	5	34	12	
2616_A/Great_Cormorant/Qi 14	10	12	3	22	10	7	13	5	8	0	0	10	5	1	0	15	6	6	1	10	3	8	2	10	14	13	9	12	9	5	2	24	5	13	5	8	12	18	12	17	19	33	14	25	2	20	14	5	5	20	3	5	9	18	10	8	20	41	12	12	5	34	12	
2617_A/Great_Cormorant/Qi 14	10	12	3	22	10	7	13	5	8	0	0	10	5	1	0	15	6	6	1	10	3	8	2	9	14	13	9	13	9	5	2	24	5	13	5	8	12	18	12	16	19	33	14	26	2	20	14	5	5	21	3	5	9	17	10	8	19	42	12	12	5	34	12	
2618_A/Great_Crested_Greb 14	10	13	3	22	10	6	13	4	8	0	0	8	5	1	0	15	6	4	1	10	5	9	2	10	14	11	7	13	7	7	3	25	7	13	7	10	9	18	11	16	19	33	17	25	1	20	12	6	4	21	2	4	12	17	11	5	20	44	12	15	4	33	11	
2619_A/grebe/Ningxia/SD00 15	10	10	5	21	9	9	11	4	11	0	0	9	3	1	0	18	7	6	1	8	6	7	2	10	13	12	7	12	6	6	2	22	7	12	7	8	9	21	10	18	19	24	19	25	2	26	13	6	7	20	4	4	11	17	10	6	16	52	9	16	5	26	13	
2620_A/grebe/Shaanxi/SD00 15	10	10	5	21	9	9	11	5	11	0	0	8	3	1	0	18	7	6	1	8	6	7	2	10	12	12	6	13	7	6	3	23	7	12	7	8	9	21	10	18	19	24	19	25	2	26	13	5	7	20	4	4	11	17	10	5	16	52	10	16	5	26	12	
2621_A/grebe/Shandong/SC1 15	10	10	5	21	9	9	11	3	11	0	0	9	3	1	0	18	6	7	1	9	6	7	2	11	13	11	7	12	6	7	3	23	7	11	7	7	9	21	10	17	20	24	19	25	2	27	12	5	8	20	4	3	12	17	10	6	16	51	10	16	4	27	12	
2622_A/green-winged_teal/ 15	10	10	5	21	9	9	11	3	11	0	0	9	3	1	0	18	7	6	1	9	6	7	2	12	13	12	7	11	6	6	3	22	8	11	7	7	10	21	10	17	19	25	19	25	2	26	12	5	8	21	3	4	10	16	11	6	17	51	10	16	4	27	12	
2623_A/Herring_Gull/Hubei 14	10	12	3	22	10	7	13	5	8	0	0	10	5	1	0	15	6	6	1	10	3	8	2	10	14	13	8	12	9	5	2	24	5	13	5	8	12	18	12	17	19	33	14	25	2	20	14	5	5	20	3	5	9	18	10	8	19	42	13	12	5	34	12	
2624_A/mallard_duck/Shang 15	10	14	4	22	9	5	12	8	12	0	0	8	2	1	0	15	8	5	1	10	5	8	2	10	15	13	8	9	5	5	2	23	9	16	4	11	10	16	14	12	18	31	18	25	1	21	13	6	9	24	6	5	6	13	6	6	21	43	14	16	4	32	9	
2625_A/mallard/Ningxia/17 13	10	15	3	23	9	4	13	4	8	0	0	9	6	1	0	16	6	4	1	10	5	9	2	9	15	12	8	12	6	7	4	24	6	14	9	9	8	16	10	16	22	30	16	25	0	20	14	6	4	19	3	4	12	19	10	6	20	49	10	14	5	29	12	
2626_A/mallard/Ningxia/17 13	10	15	3	23	9	4	13	4	8	0	0	9	6	1	0	16	6	4	1	10	5	9	2	9	15	12	8	12	6	7	4	24	6	14	9	9	8	16	10	16	22	30	16	25	0	20	14	6	4	19	3	4	12	19	10	6	21	49	10	14	4	29	12	
2627_A/mallard/Ningxia/23 13	10	15	3	23	9	4	13	4	8	0	0	9	6	1	0	16	6	4	1	10	5	9	2	9	15	11	8	12	6	7	4	24	6	14	9	9	8	16	10	16	22	31	16	25	0	20	14	6	4	19	3	4	12	19	10	6	21	49	10	14	4	29	12	
2628_A/mallard/Ningxia/24 13	10	15	3	23	9	4	13	4	8	0	0	9	6	1	0	16	6	4	1	10	5	9	2	9	15	11	8	12	6	7	4	24	6	14	9	9	8	16	10	16	22	31	16	25	0	21	13	6	4	19	3	4	12	19	10	6	21	49	10	14	4	29	12	
2629_A/mallard/Ningxia/24 13	10	15	3	23	9	4	13	4	8	0	0	9	6	1	0	16	6	4	1	10	5	9	2	9	15	12	8	12	6	7	4	24	6	14	9	9	8	16	10	16	22	30	16	25	0	20	14	6	4	19	3	4	12	19	10	6	21	49	10	14	4	29	12	
2630_A/mallard/Ningxia/24 13	10	15	3	23	9	4	13	4	8	0	0	9	6	1	0	16	6	4	1	10	5	9	2	9	15	11	8	12	6	7	4	24	6	14	9	9	8	16	10	16	22	31	16	25	0	21	13	6	4	19	3	4	12	19	10	6	21	49	10	14	4	29	12	
2631_A/mute_swan/Inner_Mo 15	10	10	5	21	9	9	11	4	11	0	0	9	3	1	0	18	7	6	1	9	6	7	2	10	12	12	7	12	6	6	3	23	7	11	7	7	10	21	10	17	20	24	19	25	2	27	12	5	7	20	4	4	11	17	10	6	17	51	10	16	4	27	12	
2632_A/mute_swan/Shandong 15	10	10	5	21	9	9	11	4	11	0	0	9	3	1	0	18	7	6	1	9	6	7	2	10	13	12	7	12	6	6	3	23	7	10	7	7	9	22	10	17	20	23	19	25	2	28	12	5	7	20	4	4	11	17	10	6	18	51	10	16	3	27	12	
2633_A/Peregrine_Falcon/H 15	10	10	5	21	9	8	12	4	12	0	0	9	2	1	0	19	7	6	1	8	6	7	2	10	12	12	7	12	7	6	3	23	7	11	7	7	9	21	10	17	20	24	19	25	2	27	12	5	7	19	4	4	11	18	10	6	17	51	10	16	4	27	12	
2634_A/pheasant/Hebei/B02 15	10	10	5	21	9	9	11	4	11	0	0	9	3	1	0	18	7	5	1	9	6	8	2	10	13	11	7	12	6	7	3	23	7	11	7	7	9	21	10	17	20	24	18	25	2	27	12	5	7	19	4	4	11	18	10	6	17	51	11	16	4	27	12	
2635_A/swan/China/ST/2016 14	10	12	3	22	10	7	12	5	8	0	0	11	5	1	0	14	7	6	1	9	3	8	2	11	13	13	9	13	9	5	2	25	5	12	6	8	11	18	11	17	19	33	14	23	2	21	14	5	5	20	3	4	10	18	11	8	20	43	11	12	5	32	13	
2636_A/swan/Hebei/B01/202 15	10	10	5	21	8	9	11	4	11	0	0	9	3	1	0	19	7	6	1	8	6	7	2	11	11	12	7	12	7	6	3	23	6	12	7	6	11	20	10	17	20	23	19	25	2	28	12	5	7	20	4	4	12	17	10	6	17	51	10	16	4	27	12	
2637_A/swan/Shandong/W376 13	10	15	3	23	9	4	13	4	8	0	0	9	6	1	0	16	6	4	1	10	5	9	2	9	15	12	7	12	6	8	3	24	8	14	8	9	7	17	10	16	21	30	17	25	0	20	14	6	4	19	3	4	12	19	10	6	22	48	10	14	3	30	12	
2638_A/tundra_swan/Hubei/ 15	10	10	5	21	9	9	11	4	11	0	0	9	3	1	0	18	7	6	1	9	6	7	2	10	13	12	8	12	6	6	2	23	7	11	7	7	9	21	10	17	20	24	19	25	2	27	12	5	7	20	4	4	11	17	10	6	17	51	10	16	4	27	12	
2639_A/tundra_swan/Hubei/ 15	10	10	5	21	9	9	11	4	11	0	0	9	3	1	0	18	7	6	1	9	6	7	2	11	13	12	7	11	6	6	3	23	7	11	6	7	9	21	11	17	20	24	19	25	2	27	12	5	7	20	4	4	11	17	10	6	17	52	10	16	4	26	12	
2640_A/tundra_swan/Hubei/ 15	11	10	5	21	9	9	11	4	10	0	0	9	3	1	0	18	7	6	1	9	6	7	2	10	13	12	7	12	6	6	3	23	7	11	7	7	9	21	10	17	20	24	19	25	2	27	12	5	7	20	4	4	11	17	10	6	17	51	10	16	4	27	12	
2641_A/tundra_swan/Hubei/ 15	10	10	5	21	9	9	11	4	11	0	0	9	3	1	0	18	7	6	1	9	6	7	2	10	13	12	7	12	6	6	3	23	7	11	7	7	9	21	10	17	20	24	19	25	2	27	12	5	8	20	4	4	10	17	10	6	17	51	10	16	4	27	12	
2642_A/tundra_swan/Hubei/ 15	10	10	5	21	9	9	11	4	11	0	0	9	3	1	0	18	7	6	1	9	6	7	2	10	13	12	7	12	6	6	3	23	7	11	7	7	9	21	10	17	20	24	19	25	2	27	12	5	7	20	4	4	11	17	10	6	17	50	10	16	4	28	12	
2643_A/tundra_swan/Hubei/ 15	10	10	5	21	9	9	11	4	11	0	0	9	3	1	0	18	7	6	1	9	6	7	2	10	13	12	7	12	6	6	3	23	7	11	7	7	9	21	10	17	20	24	19	25	2	27	12	5	7	20	4	4	11	17	10	6	17	51	10	16	4	27	12	
2644_A/turkey/Chiayi/1702 13	11	14	4	24	10	5	12	8	12	0	0	10	3	1	0	15	8	5	1	12	4	8	2	8	15	13	7	8	5	5	2	21	7	19	5	11	9	13	13	15	22	31	19	25	3	23	12	8	6	24	4	3	8	13	7	8	17	44	11	13	3	30	13	
2645_A/whiskered_tern/Hub 15	11	10	5	21	9	9	11	4	10	0	0	9	3	1	0	18	7	6	1	9	6	7	2	11	13	12	7	11	6	6	3	23	7	11	7	7	9	21	10	17	20	24	19	25	2	27	12	5	7	20	4	4	11	17	10	7	17	50	10	16	4	27	12	
2646_A/whooper_swan/Henan 16	9	10	5	21	9	9	11	5	11	0	0	9	3	1	0	18	7	6	1	9	6	7	2	9	13	12	8	12	6	6	2	23	7	11	7	7	9	21	10	17	20	24	19	25	2	27	12	5	6	20	4	4	12	17	10	6	17	51	10	16	4	27	12	
2647_A/whooper_swan/Henan 15	9	10	5	21	10	9	11	4	11	0	0	9	3	1	0	18	7	6	1	9	6	7	2	10	13	12	7	12	6	6	3	23	7	11	7	7	9	21	10	17	20	24	19	25	2	27	12	5	7	20	4	4	11	17	10	6	17	51	10	16	4	27	12	
2648_A/whooper_swan/Henan 15	9	10	5	21	10	9	11	4	11	0	0	9	3	1	0	18	7	6	1	9	6	7	2	10	13	12	7	12	6	6	3	23	7	11	7	7	9	21	10	17	20	24	19	25	2	27	12	5	7	20	4	4	11	17	10	6	17	51	10	16	4	27	12	
2649_A/whooper_swan/Henan 15	10	10	5	21	9	9	11	4	11	0	0	9	3	1	0	18	7	6	1	9	6	7	2	10	13	12	7	12	6	6	3	23	7	11	7	7	9	21	10	17	20	24	19	25	2	27	12	5	7	20	4	4	11	17	10	6	17	51	10	16	4	27	12	
2650_A/whooper_swan/Henan 15	10	10	4	21	9	9	12	4	11	0	0	9	3	1	0	18	7	6	1	9	7	7	2	10	12	12	8	12	6	6	2	23	7	11	7	7	9	21	10	17	20	24	19	25	2	27	12	5	7	20	4	4	11	17	10	6	17	51	10	16	4	27	12	
2651_A/whooper_swan/Henan 15	10	10	5	21	9	9	11	4	11	0	0	9	3	1	0	18	7	6	1	9	6	7	2	10	13	12	7	12	6	6	3	23	7	11	7	7	9	21	10	17	20	24	19	25	2	27	12	5	7	20	4	4	11	17	10	6	17	51	10	16	4	27	12	
2652_A/whooper_swan/Henan 15	10	10	5	21	9	9	11	4	11	0	0	9	3	1	0	18	7	6	1	9	6	7	2	10	13	12	8	12	6	6	2	23	7	11	7	7	9	21	10	17	20	24	19	25	2	27	12	5	7	20	4	4	11	17	10	6	17	51	10	16	4	27	12	
2653_A/whooper_swan/Henan 15	10	10	5	21	9	9	11	4	11	0	0	10	3	1	0	18	7	6	1	9	6	7	2	10	13	12	8	11	6	6	2	23	7	11	7	7	9	21	10	17	20	24	19	25	2	27	12	5	7	20	4	4	11	17	10	6	17	51	10	16	4	27	12	
2654_A/whooper_swan/Henan 15	10	10	5	21	9	9	11	4	10	0	0	9	3	1	0	18	7	6	1	9	6	7	2	10	13	12	8	12	6	6	2	23	7	11	7	7	9	21	10	17	21	25	19	25	1	26	12	5	7	20	4	4	11	17	10	6	18	51	10	16	4	27	12	
2655_A/whooper_swan/Henan 15	10	10	5	21	9	9	11	4	11	0	0	9	3	1	0	18	7	6	1	9	6	7	2	10	13	12	7	12	6	6	3	23	7	11	7	7	9	21	10	17	20	24	19	25	2	27	12	5	7	20	5	4	11	17	9	6	17	51	10	16	4	27	12	
2656_A/whooper_swan/Henan 15	10	10	5	21	9	9	11	4	11	0	0	9	3	1	0	18	7	6	1	9	6	7	2	10	13	12	7	12	6	6	3	23	7	11	7	7	9	21	10	17	20	24	19	25	2	27	12	5	7	20	5	4	11	17	9	6	17	51	10	16	4	27	12	
2657_A/whooper_swan/Inner 15	10	10	5	21	9	9	11	4	11	0	0	9	3	1	0	18	7	6	1	9	6	7	2	10	13	12	7	12	6	6	3	23	7	11	7	7	9	21	10	17	20	24	19	25	2	27	12	5	7	20	4	4	11	17	10	6	17	51	10	16	4	27	12	
2658_A/Whooper_Swan/Sanme 14	10	12	3	22	10	7	13	5	8	0	0	11	5	1	0	15	7	6	1	10	3	8	2	10	13	13	9	12	9	5	2	24	5	13	6	8	12	17	11	17	19	33	14	24	2	20	14	5	5	20	3	5	9	18	10	8	20	43	11	12	5	33	13	
2659_A/Whooper_swan/Sanme 15	10	10	5	21	9	9	11	4	11	0	0	9	3	1	0	18	7	6	1	9	6	7	2	10	13	11	7	12	6	7	3	23	7	11	7	7	9	21	10	17	20	24	19	25	2	27	12	5	7	20	4	4	11	17	10	6	17	51	10	16	4	27	12	
2660_A/Whooper_swan/Sanme 15	11	10	5	21	9	9	11	4	11	0	0	10	3	1	0	18	6	6	1	9	6	7	2	10	13	12	7	11	6	6	3	23	7	11	7	7	9	21	10	17	20	24	19	25	2	27	12	5	7	20	4	4	11	17	10	6	17	51	10	16	4	27	12	
2661_A/Whooper_swan/Sanme 15	10	10	5	21	9	9	11	4	11	0	0	9	3	1	0	18	7	6	1	9	6	7	2	10	13	12	7	12	6	6	3	23	7	11	7	7	9	21	10	17	20	24	19	25	2	27	12	5	7	20	5	4	11	17	9	6	17	51	10	16	4	27	12	
2662_A/Whooper_swan/Sanme 15	11	10	5	21	9	9	11	4	11	0	0	10	3	1	0	18	6	6	1	9	6	7	2	10	13	12	7	11	6	6	3	23	7	11	7	7	9	21	10	17	20	24	19	25	2	27	12	5	7	20	4	4	11	17	10	6	17	51	10	16	4	27	12	
2663_A/Whooper_swan/Sanme 14	10	10	5	21	9	9	11	4	11	0	0	10	3	1	0	18	7	6	1	9	6	7	2	10	13	12	7	12	6	6	3	24	7	11	7	6	9	22	10	17	21	25	19	25	2	26	12	5	7	20	4	4	11	16	10	6	15	51	10	16	5	27	12	
2664_A/Whooper_swan/Sanme 15	10	10	5	21	9	9	11	4	11	0	0	9	3	1	0	19	6	6	1	9	6	7	2	10	13	11	6	12	6	7	4	23	7	11	7	7	9	21	10	17	20	24	19	25	2	27	12	5	7	20	4	4	11	17	10	6	17	51	10	16	4	27	12	
2665_A/Whooper_swan/Sanme 15	10	10	5	21	9	9	11	4	11	0	0	9	3	1	0	18	7	6	1	9	6	7	2	10	13	12	7	12	6	6	3	23	7	11	7	7	9	21	10	17	20	24	19	25	2	27	12	5	7	20	4	3	12	17	10	6	17	51	10	16	4	27	12	
2666_A/Whooper_swan/Sanme 15	10	10	5	21	9	9	11	4	11	0	0	9	3	1	0	18	7	6	1	9	6	7	2	10	13	12	7	12	6	6	3	23	7	11	7	7	9	21	9	17	20	23	19	25	2	28	12	5	7	20	4	4	11	17	11	6	17	51	10	16	4	27	12	
2667_A/Whooper_swan/Sanme 15	10	10	5	21	9	9	11	4	11	0	0	9	3	1	0	18	7	6	1	9	6	7	2	10	13	12	7	12	6	6	3	23	7	11	7	7	9	21	10	17	20	24	19	25	2	27	12	5	7	20	4	4	11	17	10	6	17	51	10	16	4	27	12	
2668_A/Whooper_swan/Sanme 15	10	10	5	21	9	9	11	4	11	0	0	9	3	1	0	18	7	6	1	9	6	7	2	10	13	11	7	12	6	7	3	23	7	11	7	7	9	21	10	17	20	25	19	25	2	26	12	5	7	20	4	4	11	17	10	6	17	51	10	16	4	27	12	
2669_A/Whooper_swan/Sanme 15	10	10	5	21	9	9	11	4	11	0	0	9	3	1	0	18	7	6	1	9	6	7	2	10	13	12	7	12	6	6	3	23	7	11	7	7	9	21	10	17	20	24	19	25	2	27	12	5	7	20	5	4	11	17	9	6	17	51	10	16	4	27	12	
2670_A/Whooper_swan/Sanme 15	10	10	5	21	9	9	11	4	11	0	0	9	3	1	0	18	7	6	1	9	6	7	2	10	13	11	7	12	6	7	3	23	7	11	7	7	9	21	10	17	20	24	19	25	2	27	12	5	7	20	4	4	11	17	10	6	17	51	10	16	4	27	12	
2671_A/Whooper_swan/Sanme 15	10	10	5	21	9	9	11	5	11	0	0	9	3	1	0	18	7	6	1	9	6	7	2	9	13	12	7	12	6	6	3	23	7	11	7	7	9	21	10	17	20	24	19	25	2	27	12	5	7	20	4	4	11	17	10	6	17	51	10	16	4	27	12	
2672_A/Whooper_swan/Sanme 15	10	10	5	21	9	9	11	4	11	0	0	9	3	1	0	18	7	6	1	9	6	7	2	10	13	12	7	12	6	6	3	23	7	11	7	7	9	21	10	17	20	24	19	25	2	27	12	5	7	20	4	4	11	17	10	6	17	51	10	16	4	27	12	
2673_A/Whooper_swan/Sanme 15	10	10	5	21	9	9	11	4	11	0	0	9	3	1	0	18	7	6	1	9	6	7	2	10	13	12	7	12	6	6	3	23	7	11	7	7	9	21	9	17	20	23	19	25	2	28	12	5	7	20	4	4	11	17	11	6	17	51	10	16	4	27	12	
2674_A/Whooper_swan/Sanme 15	9	10	5	21	10	9	11	4	11	0	0	9	3	1	0	18	7	6	1	9	6	7	2	10	13	12	7	12	6	6	3	23	7	11	7	7	9	21	10	17	20	24	19	25	2	27	12	5	7	20	4	4	11	17	10	6	17	51	10	16	4	27	12	
2675_A/Whooper_swan/Sanme 15	10	10	5	21	9	9	11	4	11	0	0	9	3	1	0	18	7	6	1	9	6	7	2	10	13	12	7	12	6	6	3	23	7	11	7	7	9	21	10	17	20	24	19	25	2	27	12	5	7	20	4	4	11	17	10	6	17	51	10	16	4	27	12	
2676_A/Whooper_swan/Sanme 15	9	10	5	21	10	9	11	4	11	0	0	9	3	1	0	18	7	6	1	9	6	7	2	10	13	12	7	12	6	6	3	23	7	11	7	7	9	21	10	17	20	24	19	25	2	27	12	5	7	20	4	4	11	17	10	6	17	51	10	16	4	27	12	
2677_A/Whooper_swan/Sanme 15	10	10	5	21	9	9	11	4	11	0	0	9	3	1	0	18	7	6	1	9	6	7	2	10	13	12	7	12	6	6	3	23	7	11	7	7	9	21	10	17	19	24	19	25	3	27	12	5	7	20	4	4	11	17	10	7	17	51	10	15	4	27	12	
2678_A/Whooper_swan/Sanme 15	9	10	5	21	10	9	11	4	11	0	0	9	3	1	0	18	7	6	1	9	6	7	2	10	13	12	7	12	6	6	3	23	7	11	7	7	9	21	10	17	20	24	19	25	2	27	12	5	7	20	4	4	11	17	10	6	17	51	10	16	4	27	12	
2679_A/Whooper_swan/Sanme 15	10	10	5	21	9	9	11	4	11	0	0	9	3	1	0	18	7	6	1	9	6	7	2	10	13	12	7	12	6	6	3	23	7	11	7	7	9	21	10	17	20	24	19	25	2	27	12	5	7	20	5	4	11	17	9	6	17	51	10	16	4	27	12	
2680_A/Whooper_swan/Sanme 15	11	10	5	21	9	9	11	4	11	0	0	9	3	1	0	18	6	6	1	10	6	7	2	9	13	12	7	12	6	6	3	23	7	11	7	7	9	21	10	17	20	24	19	25	2	27	12	5	7	20	4	4	11	17	10	6	17	51	10	16	4	27	12	
2681_A/Whooper_swan/Sanme 15	10	10	5	21	9	9	11	4	11	0	0	9	3	1	0	18	7	6	1	9	6	7	2	10	13	12	8	12	6	6	2	23	7	11	7	7	9	21	10	17	20	24	19	25	2	27	12	5	7	20	4	4	11	17	10	6	17	51	10	16	4	27	12	
2682_A/whooper_swan/Shaan 15	10	10	5	21	9	9	11	4	11	0	0	9	3	1	0	18	7	6	1	9	6	7	2	10	13	12	7	12	6	6	3	23	7	11	7	7	9	21	10	17	20	24	19	25	2	27	12	5	7	20	5	4	11	17	9	6	17	51	10	16	4	27	12	
2683_A/whooper_swan/Shaan 15	10	10	5	21	9	9	11	4	11	0	0	10	3	1	0	18	7	6	1	9	6	7	2	10	13	12	8	11	6	6	2	23	7	11	7	7	9	21	10	17	20	24	19	25	2	27	12	5	7	20	3	4	11	17	10	6	17	51	11	16	4	27	12	
2684_A/whooper_swan/Shaan 15	10	10	5	21	9	9	11	4	11	0	0	10	3	1	0	18	7	6	1	9	6	7	2	10	13	12	8	11	6	6	2	23	7	11	7	7	9	21	10	17	20	24	19	25	2	27	12	5	7	20	4	4	11	17	10	6	17	51	10	16	4	27	12	
2685_A/whooper_swan/Shand 15	9	10	5	21	10	9	11	4	11	0	0	9	3	1	0	18	7	6	1	9	6	7	2	10	13	11	7	11	7	7	3	23	7	11	7	7	9	21	10	17	20	24	18	25	2	27	13	5	7	20	4	3	11	17	10	6	18	51	10	16	4	27	12	
2686_A/whooper_swan/Shand 15	10	10	5	21	9	9	11	4	11	0	0	9	3	1	0	18	7	6	1	9	6	7	2	10	13	11	7	12	6	7	3	23	7	11	7	7	9	21	10	17	20	24	18	25	2	27	13	5	7	20	4	3	11	17	10	6	18	51	10	16	4	27	12	
2687_A/whooper_swan/Shand 15	10	10	5	21	9	9	11	4	11	0	0	9	3	1	0	18	7	6	1	9	6	7	2	10	13	11	7	12	6	7	3	23	7	11	7	7	9	21	10	17	20	24	18	25	2	26	13	5	7	20	4	3	11	17	10	6	18	51	10	16	4	28	12	
2688_A/whooper_swan/Shand 13	11	13	5	22	9	7	11	4	11	0	0	10	2	1	0	15	7	6	1	11	5	7	2	13	13	11	8	9	7	7	3	23	7	13	6	9	10	18	10	17	20	28	17	26	1	24	12	7	3	23	3	3	12	14	11	5	20	47	11	14	4	31	12	
2689_A/whooper_swan/Shand 15	10	10	5	21	9	9	11	4	11	0	0	9	3	1	0	18	7	6	1	9	6	7	2	10	13	11	7	12	6	7	3	23	7	11	7	7	9	21	10	17	20	24	18	25	2	27	13	5	7	20	4	3	12	17	10	6	17	51	10	16	4	27	12	
2690_A/whooper_swan/Shand 15	10	10	5	21	9	9	11	4	11	0	0	9	3	1	0	18	7	6	1	9	6	7	2	10	13	11	7	12	6	7	3	23	7	11	7	7	9	21	10	17	20	24	18	25	2	27	13	5	7	20	4	3	11	17	10	6	18	51	10	16	4	27	12	
2691_A/whooper_swan/Shand 15	10	10	5	21	9	9	11	4	11	0	0	9	3	1	0	18	7	6	1	9	6	7	2	10	13	11	7	12	6	7	3	23	7	11	7	7	9	21	10	17	20	24	18	25	2	27	13	5	7	20	4	3	11	17	10	6	18	51	10	16	4	27	12	
2692_A/whooper_swan/Shanx 15	10	10	5	21	9	9	11	4	11	0	0	9	3	1	0	18	7	6	1	9	6	7	2	10	13	12	7	12	6	6	3	23	7	11	7	7	9	21	10	17	20	24	19	25	2	27	12	5	7	20	4	4	11	17	10	6	17	51	10	16	4	27	12	
2693_A/whooper_swan/Shanx 15	10	10	5	21	9	9	11	4	11	0	0	9	3	1	0	18	7	6	1	9	6	7	2	10	13	12	7	12	6	6	3	23	7	11	7	7	9	21	10	17	20	24	19	25	2	27	12	5	7	20	4	4	11	17	10	6	17	51	10	16	4	27	12	
2694_A/whooper_swan/Shanx 14	10	12	3	22	10	7	13	5	8	0	0	11	5	1	0	15	7	6	1	10	3	7	2	10	13	14	9	12	9	5	2	24	5	13	6	8	11	18	11	17	19	33	14	24	2	20	14	5	5	20	3	5	9	18	10	8	20	43	11	12	5	33	13	
2695_A/whooper_swan/Shanx 16	10	10	5	20	9	9	11	4	11	0	0	9	3	1	0	18	7	6	1	9	6	7	2	10	13	12	7	12	6	6	3	23	7	11	7	7	9	21	10	17	20	24	19	25	2	27	12	4	7	20	4	5	11	17	10	6	17	51	10	16	4	27	12	
2696_A/whooper_swan/Shanx 15	10	10	5	21	9	9	11	4	11	0	0	9	3	1	0	18	7	6	1	9	6	7	2	10	13	12	7	12	6	6	3	23	7	11	7	7	9	21	10	17	20	24	19	25	2	27	12	5	7	20	4	4	11	17	10	6	17	51	10	16	4	27	12	
2697_A/whooper_swan/Shanx 15	10	10	6	20	9	9	11	4	11	0	0	10	3	1	0	18	7	6	1	9	6	7	2	10	13	12	7	11	6	6	3	23	7	11	7	7	9	21	10	17	20	25	19	25	2	26	12	4	7	20	4	5	11	17	10	6	17	51	10	16	4	27	12	
2698_A/whooper_swan/Shanx 15	10	10	5	21	9	9	11	4	11	0	0	9	3	1	0	18	7	6	1	9	6	7	2	10	13	12	7	12	6	6	3	23	7	11	7	7	9	21	10	17	20	24	19	25	2	27	12	5	7	20	4	4	11	17	10	6	17	51	10	16	4	27	12	
2699_A/whooper_swan/Shanx 15	10	10	5	21	9	9	11	4	11	0	0	9	3	1	0	18	7	6	1	9	6	7	2	10	13	12	7	12	6	6	3	23	7	11	7	7	9	21	10	17	20	24	19	25	2	27	12	5	7	20	4	4	11	17	10	6	17	51	10	16	4	27	12	
2700_A/whooper_swan/Shanx 15	10	10	5	21	9	9	11	4	11	0	0	10	3	1	0	18	7	6	1	9	6	7	2	10	13	12	7	11	6	6	3	23	7	11	7	7	9	21	10	17	20	24	19	25	2	27	12	5	7	20	4	4	11	17	10	6	17	51	10	16	4	27	12	
2701_A/whooper_swan/Shanx 15	10	10	5	21	9	9	11	4	11	0	0	9	3	1	0	18	7	6	1	9	6	7	2	10	13	12	7	12	6	6	3	23	7	11	7	7	9	21	10	17	20	24	19	25	2	27	12	5	7	20	4	4	11	17	10	6	17	51	10	16	4	27	12	
2702_A/whooper_swan/Shanx 15	10	10	5	21	9	9	11	4	11	0	0	9	3	1	0	18	7	6	1	9	6	7	2	10	13	12	7	13	6	6	3	23	7	11	7	7	9	21	10	17	20	24	19	24	2	27	12	5	7	20	4	4	11	17	10	6	17	51	10	16	4	27	12	
2703_A/whooper_swan/Shanx 15	10	10	5	21	9	9	11	4	10	0	0	9	3	1	0	18	7	6	1	9	6	7	2	10	13	12	7	12	6	6	3	22	7	11	7	7	9	21	10	17	19	24	19	26	3	27	12	5	7	20	4	4	11	17	10	7	18	51	10	15	4	27	12	
2704_A/whooper_swan/Shanx 15	10	10	5	21	9	9	11	4	11	0	0	9	3	1	0	18	7	6	1	9	6	7	2	10	13	12	7	11	6	7	3	23	7	11	7	7	9	21	10	17	19	24	19	25	3	27	12	5	7	20	4	4	11	17	10	7	17	51	10	15	4	27	12	
2705_A/whooper_swan/Shanx 16	10	10	5	20	9	9	11	4	11	0	0	9	3	1	0	18	7	5	1	9	6	8	2	10	13	12	7	12	6	6	3	23	7	11	7	7	9	21	10	17	20	24	19	25	2	27	12	5	7	20	4	4	11	17	10	6	17	51	10	16	4	27	12	
2706_A/whooper_swan/Shanx 15	10	10	5	21	9	9	11	4	11	0	0	9	3	1	0	19	7	6	1	8	6	7	2	10	13	12	7	12	6	6	3	23	7	11	7	7	9	21	10	17	20	24	19	25	2	27	12	5	7	21	4	5	10	16	10	6	17	51	10	16	4	27	12	
2707_A/wild_bird/Hubei/12 13	10	13	5	23	10	7	11	4	8	0	0	9	5	1	0	15	6	4	1	10	5	8	2	10	14	11	7	13	7	7	3	24	7	13	7	10	9	17	12	16	19	33	17	25	1	20	12	6	3	21	2	4	12	17	11	5	20	45	12	15	5	32	11	
2708_A/wild_duck/Jiangsu/ 15	10	10	5	22	9	9	10	4	11	0	0	9	3	1	0	18	7	6	1	9	6	7	2	10	13	11	7	12	6	7	3	23	7	11	7	7	9	21	10	17	20	24	19	25	2	27	12	5	7	20	4	4	11	17	10	6	17	50	10	16	4	28	12	
2709_A/wild_duck/Shandong 15	10	10	5	21	9	9	11	4	11	0	0	9	3	1	0	18	7	6	1	9	6	7	2	10	13	11	7	12	6	7	3	23	7	11	7	7	9	21	10	17	20	24	18	25	2	27	13	5	7	20	4	3	11	17	10	6	18	51	10	16	4	27	12	
2710_A/wild_goose/Shandon 15	10	10	5	21	9	9	11	4	11	0	0	9	3	1	0	18	7	6	1	9	6	7	2	10	13	11	7	12	6	7	3	23	7	11	7	7	9	21	10	17	20	24	18	25	2	27	13	5	7	20	4	3	11	17	10	6	18	51	10	16	4	27	12	
2711_A/Anser_cygnoides/Hu 13	10	13	5	23	10	7	11	4	8	0	0	9	5	1	0	15	6	4	1	10	5	8	2	10	14	11	7	13	7	7	3	24	7	13	7	10	9	17	12	16	19	33	17	25	1	20	12	6	3	21	2	4	12	17	11	5	20	44	12	15	5	33	11	
2712_A/Chlidonias_hybrida 15	10	10	5	21	9	9	11	4	10	0	0	9	4	1	0	18	6	6	1	9	6	7	2	10	13	12	7	12	7	6	3	23	7	11	7	7	9	21	10	17	20	26	19	25	2	25	12	5	7	20	4	4	11	17	10	6	17	52	10	16	4	26	12	
2713_A/Cygnus_atratus/Hub 14	10	12	3	22	10	7	13	5	8	0	0	11	5	1	0	15	7	6	1	10	3	8	2	10	13	13	9	12	9	5	2	24	5	13	6	8	11	18	11	17	19	33	14	24	2	20	14	6	5	20	3	4	9	18	10	8	20	43	11	12	5	33	13	
2714_A/Cygnus_atratus/Hub 14	10	12	3	22	10	7	13	5	8	0	0	11	5	1	0	15	7	6	1	10	3	8	2	10	13	13	9	12	9	5	2	24	5	13	6	8	11	18	11	17	19	33	14	24	2	20	14	5	5	20	3	5	9	18	10	8	20	43	11	12	5	33	13	
2715_A/Cygnus_columbianus 15	10	10	5	21	9	9	11	4	11	0	0	9	3	1	0	18	7	6	1	9	6	7	2	10	13	12	7	12	6	6	3	23	7	11	7	7	9	21	10	17	20	24	19	25	2	27	12	5	7	20	4	4	11	17	10	6	17	51	10	16	4	27	12	
2716_A/Cygnus_columbianus 15	10	10	5	21	9	9	11	4	11	0	0	9	3	1	0	18	7	6	1	9	6	7	2	10	13	13	7	12	6	5	3	23	7	11	7	7	9	21	10	17	20	24	19	25	2	27	12	5	7	20	5	4	11	17	9	6	17	51	11	16	4	27	11	
2717_A/Cygnus_columbianus 15	10	10	5	21	9	9	11	4	11	0	0	9	3	1	0	18	7	6	1	9	6	7	2	10	13	12	8	12	6	6	2	23	7	11	7	7	9	21	10	17	20	24	19	25	2	27	12	5	7	20	4	4	11	17	10	6	17	51	10	16	4	27	12	
2718_A/Cygnus_columbianus 15	10	10	5	21	9	9	11	4	11	0	0	9	3	1	0	18	7	6	1	9	6	7	2	10	13	12	7	12	6	6	3	23	7	11	6	7	9	21	11	17	20	24	19	25	2	27	12	5	7	20	4	4	11	17	10	6	17	52	10	16	4	26	12	
2719_A/Cygnus_columbianus 15	10	10	5	21	9	9	11	4	11	0	0	9	3	1	0	18	7	6	1	9	6	7	2	10	13	12	7	12	6	6	3	23	7	11	7	7	9	21	10	17	20	24	19	25	2	27	12	5	8	20	4	4	10	17	10	6	17	51	10	16	4	27	12	
2720_A/Cygnus_columbianus 15	10	10	5	21	9	9	11	4	11	0	0	9	3	1	0	18	7	6	1	9	6	7	2	10	13	12	7	12	6	6	3	23	7	11	7	7	9	21	10	17	20	24	19	25	2	27	12	5	7	20	4	4	11	17	10	6	17	50	10	16	4	28	12	
2721_A/Cygnus_columbianus 15	11	10	5	21	9	9	11	4	10	0	0	9	3	1	0	18	7	6	1	9	6	7	2	10	13	12	7	12	6	6	3	23	7	11	7	7	9	21	10	17	20	24	19	25	2	27	12	5	7	20	4	4	11	16	11	6	17	51	10	16	4	27	12	
2722_A/Whooper_Swan/Sanme 14	10	12	3	22	10	7	13	5	8	0	0	11	5	1	0	15	7	6	1	10	3	8	2	10	13	13	9	12	9	5	2	24	5	13	6	8	12	17	11	17	19	33	14	24	2	20	14	5	5	20	3	5	9	18	10	8	20	43	11	12	5	33	13	
2723_A/Wild_bird/Huadong/ 15	10	10	5	21	9	9	11	4	11	0	0	9	3	1	0	18	7	6	1	9	6	7	2	10	13	11	6	12	6	7	3	22	7	11	7	7	9	21	10	17	20	24	20	25	2	27	12	6	7	20	4	4	11	17	10	6	17	51	10	16	4	27	12	
2724_A/chicken/Changhua/1 15	11	14	4	22	10	5	12	10	11	0	0	9	4	1	0	16	8	5	1	11	4	8	2	8	15	13	6	7	5	5	3	23	7	20	4	11	11	13	14	15	19	31	18	24	4	22	13	7	6	23	5	4	6	14	8	8	19	44	10	12	3	30	12	
2725_A/chicken/Changhua/1 15	11	14	4	22	10	5	12	10	11	0	0	9	4	1	0	16	8	5	1	11	4	8	2	7	15	13	6	8	5	5	3	22	8	20	4	11	10	13	14	14	19	31	18	25	4	22	13	8	6	24	5	4	6	13	8	8	19	43	10	12	3	31	12	
2726_A/chicken/Changhua/1 15	11	14	4	22	10	5	12	10	11	0	0	9	4	1	0	16	8	5	1	11	4	8	2	7	15	13	6	8	5	5	3	23	7	20	4	11	10	13	14	14	19	31	18	25	4	22	13	7	6	24	5	4	7	13	8	8	19	43	10	12	3	31	12	
2727_A/chicken/Changhua/1 15	11	14	4	22	10	5	12	10	11	0	0	9	4	1	0	16	8	5	1	11	4	8	2	7	15	13	6	8	5	5	3	23	7	20	4	11	10	13	14	14	19	30	18	25	4	24	13	7	6	24	5	4	7	13	8	8	19	43	10	12	3	30	12	
2728_A/chicken/Changhua/1 14	11	13	4	23	10	6	12	9	11	0	0	10	4	1	0	16	8	5	1	11	4	8	2	7	15	13	6	8	5	5	3	22	7	20	4	11	10	14	14	14	19	31	18	26	4	22	13	7	6	23	5	3	8	13	8	8	19	43	10	12	3	31	12	
2729_A/chicken/Changhua/1 14	11	14	4	23	10	5	12	9	11	0	0	10	4	1	0	16	8	5	1	11	4	8	2	7	15	13	6	8	5	5	3	22	7	20	4	11	10	14	14	14	19	30	19	26	4	22	13	7	6	23	5	3	8	13	8	8	19	42	11	12	3	31	12	
2730_A/chicken/Chiayi/150 14	11	14	4	23	10	5	12	9	11	0	0	10	4	1	0	16	8	5	1	11	4	8	2	7	15	13	6	8	5	5	3	22	7	20	4	11	10	14	14	14	19	31	18	26	4	22	13	7	6	23	5	4	7	13	8	8	19	43	10	12	3	31	12	
2731_A/chicken/Kaohsiung/ 14	12	14	4	23	10	5	12	8	11	0	0	10	4	1	0	16	7	5	1	11	5	9	1	8	15	13	6	8	5	5	3	22	7	20	5	11	10	13	13	14	21	30	20	26	3	23	11	8	5	23	5	3	7	14	8	8	18	43	11	12	3	31	11	
2732_A/chicken/Kaohsiung/ 14	11	14	4	23	10	5	12	8	11	0	0	10	4	1	0	16	8	5	1	11	4	8	2	8	15	13	6	8	5	5	3	22	7	20	5	11	9	13	13	14	22	31	19	26	3	23	11	8	6	23	5	3	7	14	7	8	18	44	11	12	3	30	12	
2733_A/chicken/Kaohsiung/ 14	11	14	4	23	10	5	12	8	11	0	0	10	4	1	0	15	8	5	1	12	4	8	2	8	15	14	6	8	5	4	3	21	7	20	5	11	9	12	13	15	22	32	18	26	3	23	12	8	6	23	5	3	7	14	7	8	18	44	11	12	3	30	12	
2734_A/chicken/Kaohsiung/ 14	11	14	4	23	10	5	12	8	11	0	0	10	4	1	0	15	8	5	1	12	4	8	2	8	16	13	6	8	4	5	3	21	7	20	5	12	9	12	13	14	22	32	18	25	3	23	12	8	6	24	5	3	7	13	7	8	18	44	11	13	3	30	12	
2735_A/chicken/Kaohsiung/ 14	10	14	4	23	11	5	12	8	11	0	0	10	4	1	0	16	8	5	1	11	4	8	2	8	15	13	5	8	5	5	4	21	7	20	5	11	9	13	13	15	21	30	17	25	3	24	13	9	6	23	5	3	7	14	7	8	18	42	11	13	3	32	12	
2736_A/chicken/Kaohsiung/ 14	11	14	4	23	10	5	12	8	11	0	0	10	4	1	0	15	8	5	1	12	4	8	2	8	15	14	6	8	5	4	3	21	7	20	5	11	9	12	13	15	22	32	18	26	3	23	12	8	6	23	5	3	7	14	7	8	18	44	11	12	3	30	12	
2737_A/chicken/Kaohsiung/ 14	11	15	4	23	10	4	12	8	11	0	0	10	4	1	0	16	8	5	2	11	4	8	1	8	15	13	6	8	5	5	3	20	7	20	5	12	9	13	12	14	21	32	17	26	4	20	15	9	6	23	5	3	7	14	8	8	18	43	12	12	3	31	11	
2738_A/chicken/Miaoli/150 15	11	14	4	22	10	5	12	10	11	0	0	9	4	1	0	16	8	5	1	11	4	8	2	8	15	13	6	7	5	5	3	22	7	20	4	11	10	13	14	14	19	31	18	26	4	22	13	7	6	23	5	4	7	14	8	8	19	43	10	12	3	31	12	
2739_A/chicken/Nantou/161 14	11	13	4	23	10	7	12	8	12	0	0	10	3	1	0	15	7	5	1	12	5	7	2	8	15	13	6	8	5	5	3	21	7	21	5	11	9	11	13	15	22	32	19	25	3	23	11	8	6	23	5	3	7	14	7	8	18	44	11	13	3	30	12	
2740_A/chicken/New_Taipei 14	11	15	4	23	10	4	12	9	11	0	0	9	4	1	0	16	8	5	2	11	4	8	1	8	15	13	6	8	5	5	3	20	7	20	5	12	9	13	12	14	21	31	16	26	4	23	14	9	6	23	5	3	7	14	8	8	18	44	12	12	3	30	11	
2741_A/chicken/New_Taipei 14	11	15	4	23	10	4	12	9	11	0	0	9	4	1	0	16	8	5	1	11	4	8	2	8	15	13	6	8	5	5	3	19	7	20	5	13	9	13	12	14	21	31	17	26	4	23	13	10	6	23	5	3	7	14	8	8	18	43	12	11	3	31	11	
2742_A/chicken/New_Taipei 14	11	14	4	23	10	5	12	9	11	0	0	9	4	1	0	15	8	5	1	11	4	8	2	8	14	14	6	8	6	4	3	24	7	19	5	10	9	14	13	14	22	30	18	26	3	24	12	8	6	22	6	3	7	15	7	8	16	44	11	12	5	30	11	
2743_A/chicken/New_Taipei 14	11	14	4	23	10	5	12	9	11	0	0	9	4	1	0	15	8	5	1	11	4	8	2	8	14	14	6	8	6	4	3	24	7	18	5	10	9	15	13	14	22	29	19	26	3	24	11	8	6	22	6	3	7	15	7	8	16	45	12	12	5	30	10	
2744_A/chicken/New_Taipei 14	11	15	4	23	10	4	12	9	11	0	0	9	4	1	0	15	8	5	1	11	4	8	2	8	14	14	6	8	6	4	3	24	7	19	5	10	9	14	13	14	22	30	19	26	3	24	11	8	6	22	6	3	7	15	7	8	16	44	12	12	5	31	9	
2745_A/chicken/New_Taipei 14	11	14	4	23	10	5	12	9	11	0	0	9	4	1	0	15	8	5	1	11	4	8	2	8	14	14	6	8	6	4	3	24	7	19	5	10	9	14	13	14	22	30	19	26	3	24	11	8	6	22	6	3	7	15	7	8	16	44	12	12	5	30	10	
2746_A/chicken/Taichung/1 13	8	11	3	23	11	8	13	3	11	0	0	11	3	1	0	15	5	6	1	10	8	7	2	12	17	14	7	11	3	5	2	21	9	12	5	10	8	19	13	17	19	30	18	25	2	24	11	7	7	21	3	3	8	17	10	6	18	47	11	14	5	29	12	
2747_A/chicken/Tainan/150 14	11	14	4	23	10	5	12	9	11	0	0	10	4	1	0	16	8	5	1	11	4	8	2	7	15	13	6	8	5	5	3	22	7	20	4	11	10	13	14	13	20	31	18	27	4	22	13	7	6	23	5	4	7	14	8	8	18	43	10	12	3	31	12	
2748_A/chicken/Tainan/170 14	11	13	4	23	10	5	12	8	11	0	0	10	4	1	0	16	9	6	1	11	4	8	2	8	15	13	6	8	4	5	3	22	6	21	5	11	10	12	13	14	21	31	20	26	4	22	11	8	6	24	5	3	7	13	7	8	18	44	12	12	3	30	11	
2749_A/chicken/Taipei_Cit 14	11	14	4	23	10	5	12	9	11	0	0	9	4	1	0	15	8	5	1	11	4	8	2	8	14	14	6	8	6	4	3	24	7	19	5	10	9	14	13	14	22	30	19	26	3	24	11	8	6	22	6	3	7	15	7	8	16	44	12	12	5	30	10	
2750_A/chicken/Taipei/160 14	11	14	4	23	10	5	12	8	11	0	0	10	4	1	0	15	8	5	1	12	4	8	2	8	15	13	5	8	5	5	4	20	7	20	5	13	9	12	13	14	22	31	18	25	3	24	12	8	6	23	5	3	7	14	7	9	17	44	11	13	3	30	12	
2751_A/chicken/Taipei/160 14	11	14	4	23	10	5	12	8	11	0	0	10	4	1	0	15	8	5	1	12	4	8	2	8	15	13	5	8	5	5	4	20	7	20	5	13	9	12	13	14	22	31	18	25	3	24	12	8	6	23	5	3	7	14	7	8	18	44	11	13	3	30	12	
2752_A/chicken/Taipei/161 14	10	14	4	23	12	5	12	9	10	0	0	10	4	1	0	16	8	5	1	11	4	8	2	7	15	13	6	8	5	5	3	21	8	19	6	10	9	13	13	16	22	30	16	25	3	24	14	9	5	23	5	3	7	14	7	7	18	44	11	13	3	30	12	
2753_A/chicken/Taipei/170 14	11	14	4	23	10	5	12	9	11	0	0	9	4	1	0	15	8	5	1	11	4	8	2	8	14	14	6	8	6	4	3	23	7	19	5	10	9	14	13	14	22	30	19	26	3	24	11	9	6	22	6	3	7	15	7	8	16	44	11	12	5	30	11	
2754_A/chicken/Taipei/170 14	11	14	4	23	10	5	12	9	11	0	0	9	4	1	0	15	8	5	1	11	4	8	2	8	14	14	6	8	6	4	3	24	7	17	5	10	9	15	13	14	22	31	19	27	3	24	11	8	6	22	6	3	7	15	7	8	16	44	11	11	5	30	11	
2755_A/chicken/Taipei/170 14	11	14	4	23	10	5	12	9	11	0	0	9	4	1	0	15	8	5	1	11	4	8	2	8	14	14	6	8	6	4	3	24	7	19	5	10	9	14	13	14	22	30	19	26	3	24	11	8	6	22	6	3	7	15	7	8	16	44	11	12	5	30	11	
2756_A/chicken/Yunlin/150 15	11	14	4	22	10	5	12	10	11	0	0	9	4	1	0	16	8	5	1	11	4	8	2	7	15	13	6	8	5	5	3	23	7	20	4	11	10	13	14	14	19	31	18	25	4	22	13	7	6	23	5	4	7	14	8	8	19	43	10	12	3	31	12	
2757_A/chicken/Yunlin/160 14	11	14	5	23	10	5	11	9	11	0	0	10	4	1	0	16	7	5	1	11	4	8	2	7	16	13	6	8	5	5	3	22	6	19	4	10	11	15	14	16	19	31	18	25	4	22	13	7	6	22	4	3	8	14	9	8	19	43	10	12	3	31	12	
2758_A/chicken/Yunlin/170 14	11	14	4	23	10	5	12	8	11	0	0	11	4	1	0	16	7	6	1	11	4	8	2	7	16	12	6	8	5	5	3	22	6	21	4	11	11	14	14	15	18	28	20	26	4	24	13	7	6	24	5	3	7	12	8	6	18	43	9	13	4	31	13	
2759_A/duck/Chiayi/150800 14	11	14	4	23	10	5	12	9	11	0	0	10	4	1	0	16	8	5	1	11	4	8	2	7	15	13	6	8	5	5	3	22	7	20	4	11	10	15	14	14	19	30	18	26	4	23	13	7	6	23	5	3	8	12	8	8	19	45	10	12	3	29	12	
2760_A/duck/Eastern_China 15	10	14	4	22	9	5	12	8	12	0	0	8	2	1	0	15	8	5	1	10	5	8	2	9	15	13	8	9	5	5	2	22	9	17	4	12	10	15	14	13	18	31	18	26	1	21	13	5	9	24	6	5	6	13	6	6	21	43	14	17	3	32	9	
2761_A/duck/Eastern_China 15	10	14	4	22	9	5	12	8	12	0	0	8	2	1	0	17	8	5	1	9	5	8	2	10	15	13	8	8	5	5	2	22	8	17	5	12	10	16	13	12	19	31	18	27	1	22	12	6	8	25	5	4	6	13	7	6	20	42	12	15	5	32	11	
2762_A/duck/Eastern_China 16	10	14	4	21	9	5	12	8	12	0	0	9	2	1	0	16	8	5	1	9	5	8	2	10	15	13	8	8	5	5	2	22	8	17	5	12	10	16	13	12	19	31	18	27	1	22	12	6	8	25	5	4	6	13	7	6	20	41	13	15	5	32	11	
2763_A/duck/Eastern_China 16	10	14	4	21	9	5	12	8	12	0	0	9	2	1	0	16	8	5	1	9	5	8	2	10	15	13	8	8	5	5	2	22	8	16	5	12	10	17	12	12	19	30	19	27	1	22	12	6	8	25	5	4	6	13	8	6	20	42	12	15	5	32	11	
2764_A/duck/Eastern_China 16	10	14	4	21	9	5	12	8	12	0	0	9	2	1	0	16	8	5	1	9	5	8	2	10	15	13	8	8	5	5	2	22	9	17	5	12	9	16	13	12	19	31	18	27	1	22	12	6	8	25	5	4	6	13	7	6	20	42	12	15	5	32	11	
2765_A/duck/Eastern_China 13	8	12	4	23	12	7	12	6	10	0	0	10	3	1	0	17	6	5	1	10	7	8	2	9	15	14	6	9	5	4	3	23	8	16	5	11	9	17	12	13	20	31	18	27	1	22	13	6	7	23	5	4	8	15	8	6	19	46	15	15	4	27	9	
2766_A/duck/Eastern_China 16	10	14	4	21	9	5	12	8	12	0	0	8	2	1	0	15	8	5	1	10	5	8	2	10	15	13	7	9	5	5	2	22	9	16	5	12	10	16	13	13	19	31	19	26	2	21	13	6	8	24	5	4	6	13	7	6	22	44	12	15	2	31	11	
2767_A/duck/Eastern_China 12	10	12	4	24	8	7	12	7	11	0	0	10	3	1	0	17	11	5	1	9	3	8	2	9	16	13	6	9	4	5	3	23	7	15	6	10	11	16	12	12	18	30	17	26	4	24	13	7	7	23	5	6	8	13	7	6	21	50	15	16	1	25	9	
2768_A/duck/Eastern_China 14	10	14	4	23	10	5	12	7	13	0	0	11	2	1	0	15	7	5	1	10	5	8	2	11	16	13	8	6	5	5	2	23	9	16	5	12	9	16	13	12	20	32	18	25	1	20	13	5	9	24	5	5	5	13	8	6	19	44	13	16	4	31	9	
2769_A/duck/Eastern_China 15	10	14	4	22	9	5	12	8	12	0	0	8	2	1	0	14	8	5	1	11	5	8	2	10	15	13	8	9	5	5	2	22	9	16	4	12	10	17	13	11	18	33	17	25	2	20	13	6	9	24	5	5	6	13	7	7	21	42	15	16	3	32	9	
2770_A/duck/Guangdong/s14 16	11	14	5	21	8	5	11	8	12	0	0	8	2	1	0	16	8	5	1	9	5	8	2	10	15	13	8	9	5	5	2	22	9	16	5	12	10	16	13	14	19	32	18	25	1	20	13	6	8	22	5	4	6	15	7	6	22	45	12	15	3	30	11	
2771_A/duck/Hunan/11.30_Y 13	10	12	4	23	10	7	13	6	8	0	0	10	5	1	0	15	7	6	1	9	3	8	2	11	13	12	9	12	9	6	2	24	5	13	5	8	11	18	11	18	19	33	14	23	2	20	14	5	5	20	3	5	9	18	10	8	20	43	11	12	5	33	13	
2772_A/duck/Shandong/Q1/2 16	10	14	4	21	9	5	12	8	12	0	0	8	2	1	0	16	7	5	1	9	6	8	2	10	15	13	8	9	5	5	2	22	9	16	5	12	10	16	13	13	19	31	18	26	1	21	13	6	8	23	5	4	6	14	7	6	20	44	12	15	5	31	11	
2773_A/duck/Tainan/150104 14	11	14	4	23	10	5	12	9	11	0	0	10	4	1	0	15	8	5	1	11	4	8	2	7	15	13	6	8	5	5	3	23	7	20	4	11	10	13	14	14	19	31	18	26	4	22	13	7	6	23	5	4	7	14	8	8	19	43	10	12	3	31	12	
2774_A/duck/Taiwan/A3400/ 14	11	14	4	23	10	5	12	9	11	0	0	10	4	1	0	16	9	5	1	11	3	8	2	7	15	13	6	8	5	5	3	22	7	20	5	11	10	13	13	15	19	31	18	25	4	22	13	7	6	23	5	4	7	14	8	8	19	43	10	12	3	31	12	
2775_A/duck/Xinjiang/12.1 14	10	12	3	22	10	7	13	5	8	0	0	11	5	1	0	15	6	6	1	10	3	8	2	10	14	12	9	12	9	6	2	24	5	13	5	8	11	18	12	17	18	32	14	24	3	21	14	5	6	22	3	5	10	16	10	8	18	42	12	12	5	34	12	
2776_A/duck/Yunlin/150102 15	11	14	4	22	10	5	12	10	11	0	0	9	4	1	0	16	8	5	1	11	4	8	2	7	15	13	6	8	5	5	3	22	7	20	4	11	10	13	14	14	19	31	18	26	4	22	13	7	6	23	5	4	7	14	8	8	19	43	10	12	3	31	12	
2777_A/duck/Yunlin/150104 15	11	14	4	22	10	5	12	10	11	0	0	9	4	1	0	16	8	5	1	11	4	8	2	7	15	13	6	8	5	5	3	22	7	20	4	11	10	13	14	14	19	31	18	26	4	22	13	7	6	23	5	4	7	14	8	8	19	43	10	12	3	31	12	
2778_A/duck/Zhejiang/6D18 15	10	13	4	22	9	6	12	8	11	0	0	8	3	1	0	15	8	6	1	10	5	8	2	10	14	12	8	9	6	5	2	22	9	16	4	12	10	16	14	12	17	31	19	25	3	20	13	6	9	24	5	5	6	13	7	6	21	43	14	16	3	32	9	
2779_A/duck/Zhejiang/9250 14	9	14	4	23	9	5	12	7	12	0	0	9	3	1	0	15	8	5	1	10	5	8	2	10	15	13	8	9	5	5	2	23	9	16	4	11	10	16	14	12	19	29	17	24	1	23	14	6	10	23	5	5	6	13	7	6	20	46	13	17	3	30	10	
2780_A/duck/Zhejiang/9251 14	9	14	4	23	9	5	12	7	12	0	0	9	3	1	0	15	8	5	1	10	6	8	2	10	15	13	8	9	5	5	2	23	8	15	4	11	10	17	14	12	19	29	17	24	1	23	14	6	10	24	5	5	6	13	7	6	20	45	13	17	3	30	10	
2781_A/duck/Zhejiang/W24/ 15	10	14	4	22	9	5	12	8	12	0	0	8	2	1	0	15	8	5	1	10	5	8	2	10	15	13	8	9	5	5	2	23	8	17	4	11	11	15	14	12	18	31	18	25	2	21	13	6	9	24	5	5	6	13	7	6	21	44	14	16	3	31	9	
2782_A/eurasian_coot/Shan 15	10	10	5	21	9	9	11	4	11	0	0	9	3	1	0	18	7	6	1	9	6	7	2	10	12	11	7	12	7	7	3	23	7	12	7	7	9	20	10	17	20	24	19	25	2	27	12	5	7	20	4	4	11	18	10	6	17	51	10	16	4	26	12	
2783_A/eurasian_coot/Shan 15	10	10	5	21	9	9	11	4	11	0	0	9	3	1	0	18	7	6	1	9	6	7	2	10	12	11	7	12	7	7	3	23	7	12	7	7	9	20	10	17	20	24	19	25	2	27	12	5	7	20	4	4	11	18	10	6	17	51	10	16	4	26	12	
2784_A/eurasian_coot/Shan 15	10	10	5	21	9	9	11	4	11	0	0	9	3	1	0	18	7	6	1	9	6	7	2	10	12	11	7	12	7	7	3	23	7	12	7	7	9	20	10	17	20	24	19	25	2	27	12	5	7	20	4	4	11	18	10	6	17	51	10	16	4	26	12	
2785_A/eurasian_coot/Shan 15	10	10	5	21	9	9	11	4	11	0	0	9	3	1	0	18	7	6	1	9	6	7	2	10	12	11	7	12	7	7	3	23	7	12	7	7	9	20	10	17	20	24	19	25	2	27	12	5	7	20	4	4	11	18	10	6	17	51	10	16	4	26	12	
2786_A/goose/Chiayi/15020 15	11	14	4	22	10	5	12	10	11	0	0	9	4	1	0	16	8	5	1	11	4	8	2	7	15	13	6	8	5	5	3	22	8	20	4	11	9	13	14	14	19	31	18	26	4	22	13	7	6	23	5	4	7	14	8	8	19	43	10	12	3	31	12	
2787_A/goose/China/1/2021 15	10	10	5	21	9	9	11	5	11	0	0	8	3	1	0	18	7	6	1	9	6	8	1	10	13	11	7	12	6	7	3	23	7	11	6	7	9	21	11	17	21	25	18	25	2	27	12	5	7	19	4	4	11	18	10	6	17	51	9	16	4	26	13	
2788_A/goose/Eastern_Chin 15	10	14	4	22	9	5	12	8	12	0	0	8	2	1	0	15	8	5	1	10	5	8	2	10	15	13	7	9	5	5	3	23	9	16	4	11	10	16	14	12	18	31	18	25	2	21	13	6	9	24	4	5	6	13	8	6	21	44	14	16	3	31	9	
2789_A/goose/Eastern_Chin 16	10	14	4	21	10	5	12	8	12	0	0	8	2	1	0	16	8	5	1	9	5	8	2	10	15	13	8	9	5	5	2	22	9	16	5	12	10	16	13	13	19	31	18	26	1	21	13	6	8	24	5	4	5	13	7	6	22	43	13	15	3	31	11	
2790_A/goose/Eastern_Chin 16	10	14	4	21	9	5	12	7	12	0	0	8	2	1	0	17	8	5	1	9	5	8	2	11	15	13	8	8	5	5	2	23	8	18	7	11	10	14	12	12	19	32	18	26	1	21	12	6	8	25	5	4	6	13	7	7	20	43	13	15	5	30	11	
2791_A/goose/Eastern_Chin 16	10	13	4	21	9	6	12	7	12	0	0	8	2	1	0	15	8	5	1	10	5	8	2	11	14	13	8	9	6	5	2	22	10	16	4	12	10	16	14	12	17	31	18	25	2	21	13	6	9	25	5	5	6	12	7	6	21	42	15	16	3	32	9	
2792_A/goose/Guangdong/s1 16	11	14	5	21	8	5	11	8	12	0	0	8	2	1	0	16	8	5	1	9	5	8	2	10	15	13	8	9	5	5	2	22	9	16	5	12	10	16	13	14	19	32	18	25	1	20	13	6	8	22	5	4	6	15	7	6	22	45	12	15	3	30	11	
2793_A/goose/Hebei/HG12/2 15	10	10	5	21	9	9	11	4	11	0	0	9	3	1	0	18	7	5	1	9	6	8	2	10	13	11	7	12	6	7	3	23	7	11	7	7	9	21	10	16	20	24	18	25	2	27	12	5	7	20	4	4	11	17	10	7	17	52	11	16	4	26	12	
2794_A/goose/Jiangsu/QD5/ 15	9	14	4	22	9	5	12	8	13	0	0	8	2	1	0	15	8	5	1	10	4	8	2	11	16	13	8	8	5	5	2	23	9	16	4	11	10	16	14	12	18	31	18	25	2	21	13	6	9	24	5	5	6	13	7	6	21	43	14	16	3	32	9	
2795_A/goose/Pingtung/150 14	11	14	4	23	10	5	12	9	11	0	0	10	4	1	0	16	8	5	1	11	4	8	2	7	15	13	6	8	5	5	3	22	7	20	4	11	10	13	14	14	20	31	18	26	4	22	13	7	6	23	5	4	7	14	8	8	18	44	10	12	3	30	12	
2796_A/goose/Pingtung/160 14	10	14	4	23	11	5	12	8	11	0	0	11	4	1	0	16	7	6	1	11	5	7	2	8	15	13	6	7	5	5	3	22	7	20	5	11	9	13	13	14	22	30	19	26	3	23	12	8	6	23	5	3	7	14	8	8	18	44	10	12	3	30	12	
2797_A/goose/Tainan/16040 14	11	14	4	23	10	5	12	7	11	0	0	11	4	1	0	16	8	6	1	11	4	7	2	8	15	13	6	8	5	5	3	22	7	20	5	11	9	13	13	14	22	31	18	26	3	22	13	8	6	23	5	3	7	14	7	8	18	44	11	12	3	30	12	
2798_A/goose/Tainan/16070 14	11	14	4	23	10	5	12	8	11	0	0	10	4	1	0	17	8	6	1	10	4	7	2	8	15	13	6	8	5	5	3	22	7	21	5	11	9	12	13	14	22	31	18	26	3	22	13	8	6	23	5	3	7	14	7	8	18	44	11	12	3	30	12	
2799_A/goose/Taiwan/01019 15	10	15	4	22	10	5	12	9	11	0	0	10	4	1	0	16	8	5	1	12	4	8	2	7	15	13	6	8	5	5	3	22	7	19	4	11	10	13	14	14	19	31	18	26	4	22	13	7	6	23	5	4	7	14	8	8	19	42	10	12	3	32	12	
2800_A/goose/Taiwan/01039 13	12	14	4	23	10	5	12	9	11	0	0	10	4	1	0	16	8	5	1	11	4	8	2	7	15	13	6	8	5	5	3	22	7	20	4	11	10	13	14	14	20	31	18	26	3	22	13	7	6	23	5	4	7	14	8	8	19	43	10	12	3	31	12	
2801_A/goose/Taiwan/TNC1/ 15	11	14	4	22	10	5	12	9	11	0	0	10	4	1	0	16	8	5	1	11	4	8	2	7	15	13	6	8	5	5	3	22	7	21	4	11	10	12	14	14	19	31	18	26	4	22	13	7	6	23	5	4	7	14	8	8	19	43	10	12	3	31	12	
2802_A/goose/Taiwan/TNC10 15	11	14	4	22	10	5	12	9	11	0	0	10	4	1	0	16	8	5	1	11	4	8	2	7	15	13	6	8	5	5	3	22	7	21	4	11	10	12	14	14	19	31	18	26	4	22	13	7	6	23	5	4	7	14	8	8	19	43	10	12	3	31	12	
2803_A/goose/Taiwan/TNC11 14	11	14	4	23	10	5	12	9	11	0	0	10	4	1	0	16	8	5	1	11	4	8	2	7	15	13	6	8	5	5	3	22	7	20	4	11	10	13	14	14	19	31	18	26	4	22	13	7	6	23	5	4	7	14	8	8	19	43	10	12	3	31	12	
2804_A/goose/Taiwan/TNC12 15	11	14	4	22	10	5	12	9	11	0	0	10	4	1	0	16	8	5	1	11	4	8	2	7	15	13	6	8	5	5	3	22	7	21	4	11	10	12	14	14	19	31	18	26	4	22	13	7	6	23	5	4	7	14	8	8	19	43	10	12	3	31	12	
2805_A/goose/Taiwan/TNC14 15	11	14	4	22	10	5	12	9	11	0	0	10	4	1	0	16	8	5	1	11	4	8	2	7	15	13	6	8	5	5	3	22	7	21	4	11	10	12	14	14	19	31	18	26	4	22	13	7	6	23	5	4	7	14	8	8	19	43	10	12	3	31	12	
2806_A/goose/Taiwan/TNC3/ 15	11	14	4	22	10	5	12	9	11	0	0	10	4	1	0	16	8	5	1	11	4	8	2	7	15	13	6	8	5	5	3	22	7	20	4	11	10	13	14	14	19	31	18	26	4	22	13	7	6	23	5	4	7	14	8	8	19	43	10	12	3	31	12	
2807_A/goose/Taiwan/TNC7/ 15	11	14	4	22	10	5	12	9	11	0	0	10	4	1	0	16	8	5	1	11	4	8	2	7	15	13	6	8	5	5	3	22	7	21	4	11	10	12	14	14	19	31	18	26	4	22	13	7	6	23	5	4	7	14	8	8	19	43	10	12	3	31	12	
2808_A/goose/Taiwan/TNC9/ 15	11	14	4	22	10	5	12	9	11	0	0	10	4	1	0	16	8	5	1	11	4	8	2	7	15	13	6	8	5	5	3	22	7	20	4	11	10	13	14	14	19	31	18	26	4	22	13	7	6	23	5	4	7	14	8	8	19	43	10	12	3	31	12	
2809_A/goose/Taiwan/TNO15 13	11	14	4	23	10	5	12	9	11	0	0	10	4	1	0	17	8	5	1	11	4	8	2	7	15	13	6	8	5	5	3	22	7	20	4	11	10	13	14	14	19	31	18	26	4	22	13	7	6	23	5	4	7	14	8	8	19	43	10	12	3	31	12	
2810_A/goose/Taiwan/TNO3/ 14	11	14	4	23	10	5	12	9	10	0	0	10	5	1	0	16	8	5	1	11	4	8	2	7	15	13	6	8	5	5	3	22	7	20	4	11	10	13	14	14	19	31	18	26	4	22	13	7	6	23	5	4	7	14	8	8	19	43	10	12	3	31	12	
2811_A/goose/Taiwan/TNO9/ 14	11	14	4	23	10	5	12	9	11	0	0	10	4	1	0	16	8	5	1	11	4	8	2	7	15	13	6	8	5	5	3	22	7	20	4	11	10	13	14	14	19	31	18	26	4	22	13	7	6	23	5	4	7	14	8	8	19	43	10	12	3	31	12	
2812_A/goose/Taoyuan/1501 15	11	14	4	22	10	5	12	10	11	0	0	9	4	1	0	16	8	5	1	11	4	8	2	8	15	13	6	7	5	5	3	22	7	20	4	11	10	13	14	14	19	31	18	26	4	22	13	7	6	23	5	4	7	14	8	8	19	43	10	12	3	31	12	
2813_A/goose/Xinjiang/12. 14	10	12	3	22	10	7	13	5	8	0	0	11	5	1	0	15	6	6	1	10	3	8	2	10	14	12	9	12	9	6	2	24	5	13	5	8	11	18	12	17	18	32	14	24	3	21	14	5	5	22	3	5	10	17	10	8	19	42	12	12	5	33	12	
2814_A/goose/Xinjiang/12. 14	10	12	3	22	10	7	13	5	8	0	0	11	5	1	0	15	6	6	1	10	3	8	2	10	14	12	9	12	9	6	2	24	5	13	5	8	11	18	12	17	18	32	14	24	3	21	14	5	5	21	3	5	10	17	10	8	19	42	12	12	5	34	12	
2815_A/goose/Xinjiang/12. 14	10	12	3	22	10	7	13	5	8	0	0	11	5	1	0	15	6	6	1	10	3	8	2	10	14	12	9	12	9	6	2	24	5	13	5	8	11	18	12	17	18	32	14	24	3	21	14	5	5	21	3	5	10	17	10	8	19	42	12	12	5	34	12	
2816_A/goose/Xinjiang/12. 14	10	12	3	22	10	7	13	5	8	0	0	11	5	1	0	15	6	6	1	10	3	8	2	10	14	12	9	12	9	6	2	24	5	13	5	8	11	18	12	17	18	32	14	24	3	21	14	5	5	21	3	5	10	17	10	8	19	42	12	12	5	34	12	
2817_A/goose/Yangzhou/042 15	10	14	4	22	9	5	12	8	12	0	0	8	2	1	0	15	8	5	1	10	5	8	2	11	15	12	8	8	5	6	2	22	9	16	4	12	10	16	14	12	17	32	18	25	2	21	13	6	9	25	5	5	6	13	8	6	21	44	14	16	3	30	8	
2818_A/goose/Yunlin/15040 14	11	14	4	23	10	5	12	9	11	0	0	10	4	1	0	16	8	5	1	11	4	8	2	7	15	13	6	8	5	5	3	22	7	20	4	11	10	14	14	14	19	30	19	26	4	22	13	6	6	23	5	5	7	13	8	8	19	43	10	12	3	31	12	
2819_A/goose/Zhejiang/925 15	10	12	2	22	9	7	14	3	11	0	0	10	2	1	0	15	6	5	2	9	7	8	1	10	16	12	9	14	5	6	2	24	9	13	5	9	10	19	13	16	17	31	21	24	1	20	9	4	7	25	3	6	9	13	8	4	19	49	12	15	5	28	11	
2820_A/goose/Zhejiang/925 15	9	14	4	22	9	5	12	8	12	0	0	9	2	1	0	16	8	6	1	9	5	9	2	10	15	12	7	9	5	5	3	22	9	16	4	11	10	16	14	12	17	33	18	25	2	20	13	6	9	23	5	6	6	13	7	5	21	45	13	16	3	31	9	
2821_A/mallard/Shanghai/S 15	10	14	4	22	9	5	12	8	12	0	0	8	2	1	0	15	8	5	1	10	5	8	2	10	15	13	8	9	5	5	2	23	9	16	4	11	10	16	14	12	18	31	18	25	1	21	13	6	9	24	6	5	6	13	6	6	21	43	14	16	4	32	9	
2822_A/swan/China/ST/2016 14	10	12	3	22	10	7	12	5	8	0	0	11	5	1	0	14	7	6	1	9	3	8	2	11	13	13	9	13	9	5	2	25	5	12	6	8	11	18	11	17	19	33	14	23	2	21	14	5	5	20	3	4	10	18	11	8	20	43	11	12	5	32	13	
2823_A/swan/Shandong/W376 13	10	15	3	23	9	4	13	4	8	0	0	9	6	1	0	16	6	4	1	10	5	9	2	9	15	12	7	12	6	8	3	24	8	14	8	9	7	17	10	16	21	30	17	25	0	20	14	6	4	19	3	4	12	19	10	6	22	48	10	14	3	30	12	
2824_A/turkey/Chiayi/1702 13	11	14	4	24	10	5	12	8	12	0	0	10	3	1	0	15	8	5	1	12	4	8	2	8	15	13	7	8	5	5	2	21	7	19	5	11	9	13	13	15	22	31	19	25	3	23	12	8	6	24	4	3	8	13	7	8	17	44	11	13	3	30	13	
2825_A/whooper_swan/Shanx 14	10	12	3	22	10	7	13	5	8	0	0	11	5	1	0	15	7	6	1	10	3	7	2	10	13	14	9	12	9	5	2	24	5	13	6	8	11	18	11	17	19	33	14	24	2	20	14	5	5	20	3	5	9	18	10	8	20	43	11	12	5	33	13	
2826_A/wild_duck/Shandong 15	10	10	5	21	9	9	11	4	11	0	0	9	3	1	0	18	7	6	1	9	6	7	2	10	13	12	7	12	6	6	3	23	8	11	7	7	10	20	10	17	19	25	19	25	2	26	12	5	8	20	4	4	10	17	10	6	17	51	10	16	4	27	12	
2827_A/Anser_cygnoides/Hu 12	7	8	5	20	7	17	5	9	12	0	0	10	3	1	0	8	10	6	2	10	4	4	3	5	17	24	3	16	1	7	4	19	10	22	9	11	12	27	13	15	34	22	21	38	5	25	21	7	13	22	3	9	8	10	6	7	16	26	26	13	4	24	11	
2828_A/bar_headed_goose/T 12	8	9	4	21	7	16	6	7	12	0	0	11	3	1	0	7	10	7	1	10	5	3	4	7	15	23	3	16	2	8	4	18	9	23	9	12	13	25	13	17	35	22	23	36	3	29	16	8	11	22	3	6	9	10	6	8	16	24	20	13	5	26	17	
2829_A/Bar-headed_Goose/Q 13	7	8	4	20	7	17	6	10	12	0	0	9	3	1	0	9	10	6	2	10	4	4	3	5	16	24	3	15	2	7	4	18	10	23	8	12	11	26	13	15	35	23	21	38	5	27	19	6	13	22	3	9	7	10	5	7	17	26	26	13	4	24	12	
2830_A/Bar-headed_Goose/Q 13	7	7	4	20	7	18	6	9	12	0	0	10	3	1	0	8	10	6	2	10	4	4	3	5	16	23	3	16	2	8	4	19	10	21	9	11	12	27	13	16	34	22	21	36	5	29	19	6	13	22	3	10	8	10	5	7	16	24	26	13	4	25	12	
2831_A/Bar-headed_Goose/Q 13	7	8	4	20	7	17	6	9	12	0	0	10	3	1	0	8	10	6	2	10	4	4	3	5	16	24	3	16	2	7	4	17	10	21	9	12	12	27	13	15	34	23	21	37	5	27	19	7	13	22	3	9	8	10	5	8	16	26	26	13	4	24	12	
2832_A/Bar-headed_Goose/Q 13	7	9	4	20	7	16	6	9	12	0	0	11	3	1	0	8	10	6	2	10	4	4	3	5	16	23	3	15	2	8	4	17	11	21	9	12	12	27	13	15	33	23	21	37	5	27	19	7	13	22	3	9	8	10	5	8	16	26	26	13	4	24	12	
2833_A/Bar-headed_Goose/Q 13	7	8	4	20	7	17	6	9	12	0	0	10	3	1	0	9	10	6	2	9	4	4	3	5	16	25	3	16	2	6	4	17	10	21	9	12	12	27	13	15	34	22	21	37	5	28	19	7	13	21	3	9	8	11	5	8	16	26	26	13	4	24	12	
2834_A/Bar-headed_Goose/Q 14	7	7	4	20	7	18	6	8	12	0	0	10	3	1	0	8	10	6	2	10	5	4	3	5	15	24	3	16	2	7	4	17	10	21	9	12	12	27	13	15	34	22	21	37	5	28	19	7	13	22	3	10	8	10	5	7	16	24	25	13	4	25	14	
2835_A/Bar-headed_Goose/Q 13	7	8	4	20	7	17	6	9	12	0	0	10	3	1	0	8	10	6	2	10	4	4	3	5	16	24	3	16	2	7	4	17	10	21	9	12	12	27	13	15	34	22	21	37	5	28	19	7	13	22	3	9	8	10	5	8	16	26	26	13	4	24	12	
2836_A/Bar-headed_Goose/Q 13	7	7	4	20	7	18	6	9	12	0	0	10	3	1	0	8	10	6	2	10	4	4	3	5	16	24	3	16	2	7	4	18	10	21	9	11	12	27	13	15	34	22	21	37	5	28	19	7	13	22	3	9	8	10	5	8	16	26	26	13	4	24	12	
2837_A/Bar-headed_Goose/Q 13	7	8	4	20	7	17	6	9	12	0	0	10	3	1	0	9	10	6	2	9	4	4	3	5	16	25	3	16	2	6	4	16	10	21	10	12	12	27	13	15	34	22	21	37	5	28	19	7	13	21	3	9	8	11	5	8	16	26	26	13	4	24	12	
2838_A/Bar-headed_Goose/Q 13	7	8	4	20	7	17	6	9	12	0	0	10	3	1	0	8	10	6	2	10	4	4	3	5	16	24	3	16	2	7	4	17	10	21	9	12	12	27	13	15	34	22	21	37	5	28	19	7	13	22	3	9	8	10	5	8	16	26	26	13	4	24	12	
2839_A/Bar-headed_Goose/Q 13	7	8	4	20	7	17	6	9	12	0	0	10	3	1	0	8	10	6	2	10	4	4	3	5	16	24	3	16	2	7	4	17	10	21	9	12	12	27	13	15	34	22	21	37	5	28	19	7	13	22	3	9	8	10	5	8	16	26	26	13	4	24	12	
2840_A/Bar-headed_Goose/Q 13	7	8	4	20	7	17	6	9	12	0	0	10	3	1	0	8	10	6	2	10	4	4	3	5	16	24	3	16	2	7	4	17	10	21	9	12	12	27	13	15	34	22	21	37	5	28	19	7	13	22	3	8	8	10	5	9	16	26	26	13	4	24	12	
2841_A/Bar-headed_Goose/Q 13	7	8	4	20	7	17	6	9	12	0	0	10	3	1	0	8	10	6	2	10	4	4	3	5	16	24	3	16	2	7	4	17	10	21	9	12	12	27	13	15	34	22	21	37	5	28	19	7	13	22	3	9	8	10	5	8	16	26	26	13	4	24	12	
2842_A/Bar-headed_Goose/Q 13	7	8	4	20	7	17	6	9	12	0	0	10	3	1	0	8	10	6	2	10	4	4	3	5	16	24	3	16	2	7	4	17	10	21	9	12	12	27	13	15	34	22	21	37	5	28	19	7	13	22	3	9	8	10	5	8	16	26	26	13	4	24	12	
2843_A/Bar-headed_Goose/Q 13	7	8	4	20	7	17	6	9	12	0	0	10	3	1	0	8	10	6	2	10	4	4	3	5	16	24	3	16	2	7	4	17	10	21	9	12	12	27	13	15	34	22	21	37	5	28	19	7	13	22	3	9	8	10	5	8	16	26	26	13	4	24	12	
2844_A/Bar-headed_Goose/Q 13	7	8	4	20	7	17	6	9	12	0	0	10	3	1	0	8	10	6	2	10	4	4	3	5	16	24	3	16	2	7	4	17	10	21	9	12	12	27	13	15	34	22	21	37	5	28	19	7	13	22	3	9	8	10	5	8	16	26	26	13	4	24	12	
2845_A/Bar-headed_Goose/Q 13	7	8	4	20	7	17	6	9	12	0	0	10	3	1	0	8	10	6	2	10	4	4	3	5	16	24	3	16	2	7	4	17	10	21	9	12	12	27	13	15	34	22	21	37	5	28	19	7	13	22	3	9	8	10	5	8	16	26	26	13	4	24	12	
2846_A/Bar-headed_Goose/Q 14	7	8	4	20	7	17	6	9	12	0	0	10	3	1	0	7	10	6	2	10	4	4	3	5	16	24	3	16	2	7	4	18	8	21	10	12	12	27	13	15	34	22	21	37	5	28	19	7	13	22	3	8	8	10	5	9	16	26	26	13	4	24	12	
2847_A/Bar-headed_Goose/Q 13	7	8	4	20	7	17	6	9	12	0	0	10	3	1	0	8	10	6	2	10	4	4	3	5	16	24	3	16	2	7	4	17	10	21	9	12	12	27	13	15	34	22	21	37	5	28	19	7	13	22	3	9	8	10	5	8	16	26	26	13	4	24	12	
2848_A/Bar-headed_Goose/Q 13	7	8	4	20	7	17	6	9	12	0	0	11	3	1	0	8	10	6	2	10	4	4	3	5	15	23	3	15	3	8	4	17	11	21	9	12	12	27	13	15	33	22	21	37	5	28	19	7	13	22	3	9	8	10	5	8	16	26	26	13	4	24	12	
2849_A/Bar-headed_Goose/Q 13	7	8	4	20	7	17	6	9	12	0	0	10	3	1	0	8	10	6	2	10	4	4	3	5	16	24	3	16	2	7	4	17	10	21	9	12	12	27	13	15	34	22	21	37	5	28	19	7	13	22	3	9	8	10	5	8	16	26	26	13	4	24	12	
2850_A/Bar-headed_Goose/Q 13	7	8	4	20	7	17	6	9	12	0	0	10	3	1	0	9	10	6	2	9	4	4	3	5	16	25	3	16	2	6	4	17	10	21	9	12	12	27	13	15	34	22	21	37	5	28	19	7	13	21	3	9	8	11	5	8	16	26	26	13	4	24	12	
2851_A/Bar-headed_Goose/Q 13	7	8	4	20	7	17	6	10	12	0	0	9	3	1	0	9	10	6	2	10	4	4	3	5	16	24	3	15	2	7	4	18	10	23	8	12	11	26	13	15	35	23	21	38	5	27	19	6	13	22	3	9	7	10	5	7	17	26	26	13	4	24	12	
2852_A/Bar-headed_Goose/Q 13	7	9	4	20	7	16	6	9	12	0	0	10	3	1	0	8	10	6	2	10	4	4	3	5	16	24	3	16	2	7	4	17	10	22	9	11	12	26	13	18	33	23	21	37	4	27	19	6	13	23	3	9	8	10	5	6	16	26	27	15	5	23	11	
2853_A/Bar-headed_Goose/Q 13	7	9	4	20	7	16	6	9	12	0	0	10	3	1	0	8	9	6	2	10	4	4	3	5	17	24	3	16	2	7	4	17	10	22	9	11	12	26	13	18	33	23	21	37	4	27	19	6	13	23	3	9	8	10	5	6	16	26	27	15	5	23	11	
2854_A/Bar-headed_Goose/Q 13	7	9	4	20	7	16	6	9	12	0	0	10	3	1	0	8	10	6	2	10	4	4	3	5	16	24	3	16	2	7	4	17	10	22	9	11	12	26	13	18	33	23	21	37	4	27	19	6	13	23	3	9	8	10	5	6	16	26	27	15	5	23	11	
2855_A/Bar-headed_Goose/Q 13	7	9	4	20	7	16	6	9	12	0	0	10	3	1	0	8	10	6	2	10	4	4	3	5	16	24	3	16	2	7	4	17	10	22	9	11	12	26	13	18	33	23	21	37	4	27	19	6	13	23	3	9	8	10	5	6	16	26	27	15	5	23	11	
2856_A/Bar-headed_Goose/Q 13	7	9	4	20	7	16	6	9	12	0	0	10	3	1	0	8	10	6	2	10	4	4	3	5	16	24	3	16	2	7	4	17	10	22	9	11	12	26	13	18	33	23	21	37	4	27	19	6	13	23	3	9	8	10	5	6	16	26	27	15	5	23	11	
2857_A/Bar-headed_Goose/Q 13	7	8	4	20	7	17	6	9	12	0	0	10	3	1	0	8	10	6	2	10	4	4	3	5	16	24	3	16	2	7	4	17	10	21	9	12	12	27	13	15	34	22	21	37	5	28	19	7	13	22	3	9	8	10	5	8	16	26	26	13	4	24	12	
2858_A/Bar-headed_Goose/Q 13	7	8	4	20	7	17	6	9	12	0	0	11	3	1	0	8	10	6	2	10	4	4	3	5	15	23	3	15	3	8	4	17	11	21	9	12	12	27	13	15	33	22	21	37	5	28	19	7	13	22	3	9	8	10	5	8	16	26	26	13	4	24	12	
2859_A/Bar-headed_Goose/Q 13	7	8	4	20	7	17	6	9	12	0	0	11	3	1	0	8	10	6	2	10	4	4	3	5	15	23	3	15	3	8	4	17	11	21	9	12	12	27	13	15	33	22	21	37	5	28	19	7	13	22	3	9	8	10	5	8	16	26	26	13	4	24	12	
2860_A/Bar-headed_Goose/Q 13	7	8	4	19	7	17	6	10	12	0	0	10	3	1	0	8	10	6	2	10	4	4	3	5	16	24	3	16	2	7	4	17	10	21	9	12	12	27	13	15	34	22	21	37	5	28	19	7	13	22	3	9	8	10	5	8	16	26	26	13	4	24	12	
2861_A/Bar-headed_Goose/Q 13	7	8	4	20	7	17	6	9	12	0	0	11	3	1	0	8	10	6	2	10	4	4	3	5	15	23	3	15	3	8	4	16	11	21	9	12	12	27	13	15	33	22	21	37	5	28	19	8	13	22	3	9	8	10	5	8	16	26	26	13	4	24	12	
2862_A/Bar-headed_Goose/Q 13	7	8	4	20	7	17	6	9	12	0	0	10	3	1	0	8	10	6	2	10	4	4	3	5	16	24	3	16	2	7	4	17	10	21	9	12	12	27	13	15	34	22	21	37	5	28	19	7	13	22	3	9	8	10	5	8	16	26	26	13	4	24	12	
2863_A/Bar-headed_Goose/Q 13	7	9	4	20	7	16	6	9	12	0	0	10	3	1	0	8	9	6	2	10	4	4	3	5	17	24	3	16	2	7	4	17	10	22	9	11	12	26	13	18	33	23	21	37	4	27	19	6	13	23	3	9	8	10	5	6	16	26	27	15	5	23	11	
2864_A/Bar-headed_Goose/Q 13	7	7	4	20	7	18	6	9	12	0	0	10	3	1	0	8	10	6	2	10	4	4	3	5	16	24	3	16	2	7	4	18	10	21	9	11	12	27	13	15	34	22	21	37	5	28	19	7	13	22	3	9	8	10	5	8	16	26	26	13	4	24	12	
2865_A/Bar-headed_Goose/Q 13	7	8	4	20	7	17	6	9	12	0	0	11	3	1	0	8	10	6	2	10	4	4	3	5	16	23	3	15	2	8	4	17	11	21	9	12	12	27	13	15	33	22	21	37	5	28	19	7	13	22	3	9	8	10	5	8	16	26	26	13	4	24	12	
2866_A/Bar-headed_Goose/Q 13	7	8	4	20	7	17	6	9	12	0	0	11	3	1	0	8	10	6	2	10	4	4	3	5	16	23	3	15	2	8	4	17	11	21	9	12	12	27	13	15	33	22	21	37	5	28	19	7	13	22	3	9	8	10	5	8	16	26	26	13	4	24	12	
2867_A/Bar-headed_Goose/Q 13	7	7	4	20	7	18	6	9	12	0	0	10	3	1	0	8	10	6	2	10	4	4	3	5	16	24	3	16	2	7	4	18	10	21	9	11	12	27	13	16	34	22	21	37	5	28	19	7	13	22	3	9	8	10	5	7	16	26	26	13	4	24	12	
2868_A/Bar-headed_Goose/Q 13	7	7	4	20	7	18	6	9	12	0	0	10	3	1	0	8	10	6	2	10	4	4	3	5	16	24	3	16	2	7	4	18	10	21	9	11	12	27	13	15	34	22	21	37	5	28	19	7	13	22	3	9	8	10	5	8	16	26	26	13	4	24	12	
2869_A/Bar-headed_Goose/Q 13	7	7	4	20	7	18	6	9	12	0	0	10	3	1	0	8	10	6	2	10	4	4	3	5	16	24	3	16	2	7	4	18	10	21	9	11	12	27	13	15	34	22	21	37	5	28	19	7	13	22	3	9	8	10	5	8	16	26	25	13	4	24	13	
2870_A/Bar-headed_Goose/Q 13	7	7	4	20	7	18	6	9	12	0	0	10	3	1	0	8	10	6	2	10	4	4	3	5	16	24	3	16	2	7	4	18	10	21	9	11	12	27	13	15	34	22	21	37	5	28	19	7	13	22	3	9	8	10	5	8	16	26	26	13	4	24	12	
2871_A/Bar-headed_Goose/Q 13	7	7	4	20	7	18	6	9	12	0	0	10	3	1	0	8	10	6	2	10	4	4	3	5	16	24	3	16	2	7	4	18	10	21	9	11	12	27	13	15	34	22	21	37	5	28	19	7	13	22	3	9	8	10	5	8	16	26	26	13	4	24	12	
2872_A/Bar-headed_Goose/Q 13	7	8	4	20	7	17	6	9	12	0	0	10	3	1	0	8	10	6	2	10	4	4	3	5	16	24	3	16	2	7	4	17	9	22	9	12	12	27	13	15	34	23	21	37	5	28	18	7	13	22	3	9	8	10	5	8	16	26	26	13	4	24	12	
2873_A/Bar-headed_Goose/Q 13	7	8	4	20	7	17	6	9	12	0	0	10	3	1	0	8	10	6	2	10	4	4	3	5	16	24	3	16	2	7	4	17	10	21	9	12	12	27	13	15	34	23	21	37	5	27	19	7	13	22	3	9	8	10	5	8	16	26	26	13	4	24	12	
2874_A/Bar-headed_Goose/Q 13	7	8	4	20	7	17	6	9	12	0	0	10	3	1	0	8	10	6	2	10	4	4	3	5	16	24	3	16	2	7	4	17	10	21	9	12	12	27	13	15	34	22	21	37	5	28	19	7	13	22	3	9	8	10	5	8	16	26	26	13	4	24	12	
2875_A/Bar-headed_Goose/Q 13	7	8	4	20	7	17	6	9	12	0	0	10	3	1	0	8	10	6	2	10	4	4	3	5	16	24	3	16	2	7	4	17	10	21	9	12	12	27	13	15	34	22	21	37	5	28	19	7	13	22	3	9	8	10	5	8	16	26	26	13	4	24	12	
2876_A/Bar-headed_Goose/Q 13	7	8	4	20	7	17	6	9	12	0	0	10	3	1	0	8	10	6	2	10	4	4	3	5	16	24	3	16	2	7	4	17	10	21	9	12	12	27	13	15	34	22	21	37	5	28	19	7	13	22	3	9	8	10	5	8	16	26	26	13	4	24	12	
2877_A/Bar-headed_Goose/Q 13	7	7	4	20	7	18	6	9	12	0	0	10	3	1	0	8	10	6	2	10	4	4	3	5	16	24	3	16	2	7	4	18	10	21	9	11	12	27	13	15	34	22	21	37	5	28	19	7	13	22	3	9	8	10	5	8	16	26	26	13	4	24	12	
2878_A/Bar-headed_Goose/Q 13	7	7	4	20	7	18	6	9	12	0	0	10	3	1	0	8	10	6	2	10	4	4	3	5	16	24	3	16	2	7	4	18	10	21	9	11	12	27	13	15	34	22	21	37	5	28	19	7	13	22	3	9	8	10	5	8	16	26	26	13	4	24	12	
2879_A/Bar-headed_Goose/Q 13	7	8	4	20	7	17	6	9	12	0	0	10	3	1	0	8	10	6	2	10	4	4	3	5	16	23	4	16	2	7	4	17	10	21	9	12	12	27	13	15	34	22	21	37	5	28	19	7	13	22	3	9	8	10	5	8	16	26	26	13	4	24	12	
2880_A/Bar-headed_Goose/Q 13	7	8	4	20	7	17	6	9	12	0	0	10	3	1	0	8	10	6	2	10	4	4	3	5	16	23	4	16	2	7	4	17	10	21	9	12	12	27	13	15	34	22	21	37	5	28	19	7	13	22	3	9	8	10	5	8	16	26	26	13	4	24	12	
2881_A/Bar-headed_Goose/Q 13	7	8	4	20	7	17	6	9	12	0	0	10	3	1	0	8	10	6	2	10	4	4	3	5	16	24	3	16	2	7	4	17	10	21	9	12	12	27	13	15	34	22	21	37	5	28	19	7	13	22	3	9	8	10	5	8	16	26	26	13	4	24	12	
2882_A/Bar-headed_Goose/Q 13	7	8	4	20	7	17	6	9	12	0	0	10	3	1	0	8	10	6	2	10	4	4	3	5	16	24	3	16	2	7	4	17	10	21	9	12	12	27	13	15	34	22	21	37	5	28	19	7	13	22	3	9	8	10	5	8	16	26	26	13	4	24	12	
2883_A/Bar-headed_Goose/Q 13	7	8	4	20	7	17	6	9	12	0	0	10	3	1	0	8	10	6	2	10	4	4	3	5	16	24	3	16	2	7	4	17	10	21	9	12	12	27	13	15	34	22	21	37	5	28	19	7	13	22	3	9	8	10	5	8	16	26	26	13	4	24	12	
2884_A/Bar-headed_Goose/Q 13	7	8	4	20	7	17	6	9	12	0	0	10	3	1	0	8	10	6	2	10	4	4	3	5	16	24	3	16	2	7	4	17	10	21	9	12	12	27	13	15	34	22	21	37	5	28	19	7	13	22	3	9	8	10	5	8	16	26	26	13	4	24	12	
2885_A/Bar-headed_Goose/Q 13	7	7	4	20	7	18	6	9	12	0	0	10	3	1	0	8	10	6	2	10	4	4	3	5	16	24	3	16	2	7	4	18	10	21	9	11	12	27	13	15	34	22	22	37	5	28	19	7	13	22	3	9	8	10	5	8	16	26	25	13	4	24	12	
2886_A/Bar-headed_Goose/Q 13	7	7	4	20	7	18	6	9	12	0	0	10	3	1	0	8	10	7	2	10	4	4	3	5	16	24	3	16	2	7	4	18	10	21	9	11	12	27	13	15	34	22	22	37	5	28	19	7	13	21	3	9	8	10	5	8	16	26	25	13	4	24	12	
2887_A/Bar-headed_Goose/Q 13	7	8	4	20	7	17	6	9	12	0	0	10	3	1	0	8	10	6	2	10	4	4	3	5	16	24	3	16	2	7	4	17	10	21	9	12	12	27	13	15	34	23	21	37	5	27	19	7	13	22	3	9	8	10	5	8	16	26	26	13	4	24	12	
2888_A/Bar-headed_Goose/Q 13	7	8	4	20	7	17	6	9	12	0	0	10	3	1	0	8	10	6	2	10	4	4	3	5	16	24	3	16	2	7	4	17	10	21	9	12	12	27	13	15	34	23	21	37	5	27	19	7	13	22	3	9	8	10	5	8	16	26	26	13	4	24	12	
2889_A/Bar-headed_Goose/Q 13	7	8	4	20	7	17	6	9	12	0	0	10	3	1	0	8	10	6	2	10	4	4	3	5	16	24	3	16	2	7	4	17	10	21	9	12	12	27	13	15	34	22	21	37	5	28	19	7	13	22	4	9	8	10	5	8	16	26	25	13	4	24	12	
2890_A/Bar-headed_Goose/Q 13	7	8	4	20	7	17	6	9	12	0	0	10	3	1	0	9	10	6	2	9	4	4	3	5	16	24	3	16	2	7	4	17	10	21	9	12	12	27	13	15	34	22	21	37	5	28	19	7	13	22	4	9	8	10	5	8	16	26	25	13	4	24	12	
2891_A/Bar-headed_Goose/Q 13	7	8	4	20	7	17	6	9	12	0	0	10	3	1	0	8	10	6	2	10	4	4	3	5	16	24	3	16	2	7	4	17	10	21	9	12	12	27	13	15	34	23	21	37	5	27	19	7	13	22	3	9	8	10	5	8	16	26	26	13	4	24	12	
2892_A/Bar-headed_Goose/Q 13	7	8	4	20	7	17	6	9	12	0	0	10	3	1	0	8	10	6	2	10	4	4	3	5	16	24	3	16	2	7	4	17	10	21	9	12	12	27	13	15	34	23	21	37	5	27	19	7	13	22	3	9	8	10	5	8	16	26	26	13	4	24	12	
2893_A/Bar-headed_Goose/Q 13	7	8	4	20	7	17	6	9	12	0	0	10	3	1	0	8	10	6	2	10	4	4	3	5	16	24	3	16	2	7	4	17	10	21	9	12	12	27	13	15	34	22	21	37	5	28	19	7	13	22	3	9	8	10	5	8	16	26	26	13	4	24	12	
2894_A/Bar-headed_Goose/Q 13	7	8	4	20	7	17	6	9	12	0	0	10	3	1	0	8	10	6	2	10	4	4	3	5	16	24	3	16	2	7	4	17	10	21	9	12	12	27	13	15	34	22	21	37	5	28	19	7	13	22	3	9	8	10	5	8	16	26	26	13	4	24	12	
2895_A/Bar-headed_Goose/Q 13	7	7	4	20	7	18	6	9	12	0	0	10	3	1	0	8	10	6	2	10	4	4	3	5	16	24	3	16	2	7	4	19	10	21	9	10	12	27	13	15	34	22	21	37	5	28	19	7	13	22	3	9	8	10	5	8	16	26	26	13	4	24	12	
2896_A/Bar-headed_Goose/Q 13	7	7	4	20	7	18	6	9	12	0	0	10	3	1	0	8	10	6	2	10	4	4	3	5	16	24	3	16	2	7	4	19	10	21	9	10	12	27	13	15	34	22	21	37	5	28	19	7	13	22	3	9	8	10	5	8	16	26	26	13	4	24	12	
2897_A/Bar-headed_Goose/Q 13	7	8	4	20	7	17	6	9	12	0	0	10	3	1	0	8	10	6	2	10	4	4	3	5	16	24	3	16	2	7	4	17	10	21	9	12	12	27	13	15	34	22	21	37	5	28	19	7	13	22	3	9	8	10	5	8	16	26	26	13	4	24	12	
2898_A/Bar-headed_Goose/Q 13	7	8	4	20	7	17	6	9	12	0	0	10	3	1	0	8	10	6	2	10	4	4	3	5	16	24	3	16	2	7	4	17	10	21	9	12	12	27	13	15	34	22	21	37	5	28	19	7	13	22	3	9	8	10	5	8	16	26	26	13	4	24	12	
2899_A/Bar-headed_Goose/Q 13	7	8	4	20	7	17	6	9	12	0	0	10	3	1	0	8	10	6	2	10	4	4	3	5	16	24	3	16	2	7	4	17	10	21	9	12	12	27	13	15	34	22	21	37	5	28	19	7	13	22	3	9	8	10	5	8	16	26	26	13	4	24	12	
2900_A/Bar-headed_Goose/Q 13	7	8	4	20	7	17	6	9	12	0	0	10	3	1	0	8	10	6	2	10	4	4	3	5	16	24	3	16	2	7	4	17	10	21	9	12	12	27	13	15	34	22	21	37	5	28	19	7	13	22	3	9	8	10	5	8	16	26	26	13	4	24	12	
2901_A/Bar-headed_Goose/Q 13	7	8	4	20	7	17	6	9	12	0	0	10	3	1	0	8	10	6	2	10	4	4	3	5	16	24	3	16	2	7	4	17	10	21	9	12	12	27	13	15	34	22	21	37	5	28	19	7	13	22	3	9	8	10	5	8	16	26	26	13	4	24	12	
2902_A/Bar-headed_Goose/Q 13	7	8	4	20	7	17	6	9	12	0	0	10	3	1	0	8	10	6	2	10	4	4	3	5	16	24	3	16	1	7	5	17	10	21	9	12	12	27	13	15	34	22	21	37	5	28	19	7	13	22	3	9	8	10	5	8	16	26	26	13	4	24	12	
2903_A/Bar-headed_Goose/Q 13	7	8	4	20	7	17	6	9	12	0	0	10	3	1	0	8	10	6	2	10	4	4	3	5	16	24	3	16	2	7	4	17	10	21	9	12	12	27	13	15	34	23	21	37	5	27	19	7	13	22	3	9	8	10	5	8	16	26	26	13	4	24	12	
2904_A/Bar-headed_Goose/Q 13	7	8	4	20	7	17	6	9	12	0	0	10	3	1	0	8	10	6	2	10	4	4	3	5	16	24	3	16	2	7	4	17	10	21	9	12	12	27	13	15	34	23	21	37	5	27	19	7	13	22	3	9	8	10	5	8	16	26	26	13	4	24	12	
2905_A/Bar-headed_Goose/Q 13	7	8	4	20	7	17	6	9	12	0	0	10	3	1	0	8	10	6	2	10	4	4	3	5	16	24	3	16	2	7	4	17	10	21	9	12	12	27	13	15	34	22	21	37	5	28	19	7	13	22	3	9	8	10	5	8	16	26	26	13	4	24	12	
2906_A/Bar-headed_Goose/Q 13	7	8	4	20	7	17	6	9	12	0	0	10	3	1	0	8	10	6	2	10	4	4	3	5	16	24	3	16	2	7	4	17	10	21	9	12	12	27	13	15	34	23	21	37	5	27	19	7	13	22	3	9	8	10	5	8	16	26	26	13	4	24	12	
2907_A/Bar-headed_Goose/Q 13	7	8	4	20	7	17	6	9	12	0	0	10	3	1	0	8	10	6	2	10	4	4	3	5	16	24	3	16	2	7	4	17	10	21	9	12	12	27	13	15	34	22	21	37	5	28	19	7	13	22	3	9	8	10	5	8	16	26	26	13	4	24	12	
2908_A/Bar-headed_Goose/Q 13	7	8	4	20	7	17	6	9	12	0	0	10	3	1	0	8	10	6	2	10	4	4	3	5	16	24	3	16	2	7	4	17	10	21	9	12	12	27	13	15	34	22	21	37	5	28	19	7	13	22	3	9	8	10	5	8	16	26	26	13	4	24	12	
2909_A/Bar-headed_Goose/Q 13	7	8	4	20	7	17	6	9	12	0	0	10	3	1	0	8	10	6	2	10	4	4	3	5	16	24	3	16	2	7	4	17	10	21	9	12	12	27	13	15	34	22	21	37	5	28	19	7	13	22	3	9	8	10	5	8	16	26	26	13	4	24	12	
2910_A/Bar-headed_Goose/T 13	8	9	4	20	7	16	6	7	12	0	0	11	3	1	0	7	10	7	1	10	5	3	4	6	15	25	3	17	2	8	4	18	9	23	9	12	13	25	13	17	35	22	22	36	3	28	16	8	12	21	3	6	8	11	6	7	15	24	21	14	6	26	16	
2911_A/Bar-headed_Goose/T 12	8	9	4	21	7	16	6	7	12	0	0	11	3	1	0	7	10	7	1	10	5	3	4	7	15	23	3	16	2	8	4	18	9	23	9	12	13	25	13	17	35	22	23	36	3	29	16	8	11	22	3	6	9	10	6	8	16	24	20	13	5	26	17	
2912_A/Bar-headed_Goose/T 12	8	9	4	21	7	16	6	7	12	0	0	11	3	1	0	7	10	7	1	10	5	3	4	7	15	23	3	16	2	8	4	18	9	22	9	12	13	26	13	17	35	22	23	36	3	29	16	8	11	22	3	6	9	10	6	8	16	24	20	13	5	26	17	
2913_A/Bar-headed_Goose/T 13	8	9	4	20	7	16	6	7	12	0	0	11	3	1	0	7	10	7	1	10	5	3	4	6	15	25	3	17	2	8	4	18	9	23	9	12	13	25	13	17	35	22	22	36	3	28	16	8	12	21	3	6	8	11	6	7	15	24	21	14	6	26	16	
2914_A/Bar-headed_Goose/T 12	8	9	4	21	7	16	6	7	12	0	0	11	3	1	0	7	10	7	1	10	5	3	4	7	15	23	3	16	2	8	4	18	9	23	9	12	13	25	13	17	35	22	23	36	3	29	16	8	11	22	3	6	9	10	6	8	16	24	20	13	5	26	17	
2915_A/Bar-headed_Goose/T 12	8	9	4	21	7	16	6	7	12	0	0	11	3	1	0	7	10	7	1	10	5	3	4	7	15	23	3	16	2	8	4	18	9	23	9	12	13	25	13	17	35	22	23	36	3	29	16	8	11	22	3	6	9	10	6	8	16	24	19	13	5	26	18	
2916_A/Bar-headed_Goose/T 12	8	9	4	21	7	16	6	7	12	0	0	11	3	1	0	7	10	7	1	10	5	3	4	7	15	23	3	16	2	8	4	18	9	23	9	12	13	25	13	17	35	22	23	36	3	29	16	8	11	22	3	6	9	10	6	8	16	24	19	13	5	26	18	
2917_A/Bar-headed_Goose/T 12	8	9	4	21	7	16	6	7	12	0	0	11	3	1	0	7	10	7	1	10	5	3	4	7	15	23	3	16	2	8	4	18	9	23	9	12	13	25	13	17	35	22	23	36	3	29	16	8	11	22	3	6	9	10	6	8	16	24	19	13	5	26	18	
2918_A/Bar-headed_Goose/T 12	8	9	4	21	7	16	6	7	12	0	0	11	3	1	0	7	10	7	1	10	5	3	4	7	15	23	3	16	2	8	4	18	9	23	9	12	13	25	13	17	35	22	23	36	3	29	16	8	11	22	3	6	9	10	6	8	16	24	19	13	5	26	18	
2919_A/Bar-headed_Goose/T 12	8	9	4	21	7	16	6	7	12	0	0	11	3	1	0	7	10	7	1	10	5	3	4	6	15	24	3	17	2	8	4	18	9	23	9	12	13	25	13	17	35	22	23	36	3	28	16	8	12	21	3	6	8	11	6	7	15	24	21	14	6	26	16	
2920_A/Bar-headed_Goose/T 13	8	9	4	20	7	16	6	7	12	0	0	11	3	1	0	7	10	7	1	10	5	3	4	6	15	24	3	17	2	8	4	18	9	23	9	12	13	25	13	17	35	23	22	36	3	28	16	8	12	21	3	6	8	11	6	7	15	24	21	14	6	26	16	
2921_A/Bar-headed_Goose/T 13	8	9	4	20	7	16	6	7	12	0	0	11	2	1	0	7	10	7	1	10	5	3	4	6	15	24	3	17	3	8	4	18	9	23	9	12	13	25	13	17	35	23	22	36	3	28	16	8	12	21	3	6	8	11	6	7	15	24	21	14	6	26	16	
2922_A/bean_goose/Hubei/B 12	8	9	4	21	7	16	6	7	12	0	0	11	2	1	0	7	10	7	1	10	5	3	4	6	15	23	3	17	3	8	4	17	9	23	9	13	13	25	13	16	35	23	23	37	3	28	16	8	12	22	3	6	8	10	6	7	16	24	21	14	5	26	16	
2923_A/Bean_Goose/Hubei/c 13	8	7	6	21	7	18	4	8	10	0	0	10	4	1	0	9	10	6	1	8	4	4	4	7	14	21	4	15	4	10	3	20	10	21	10	10	11	26	13	16	33	23	22	36	5	27	18	6	12	23	4	10	9	9	3	5	15	22	28	16	6	28	11	
2924_A/Bean_goose/Hubei/C 13	7	8	4	20	7	17	6	9	12	0	0	10	3	1	0	8	10	6	2	10	4	4	3	5	16	24	3	16	2	7	4	17	10	21	9	12	12	27	13	15	34	21	21	37	5	28	19	7	13	22	3	9	8	10	5	8	16	27	26	13	4	24	12	
2925_A/Bean_goose/Hubei/C 13	7	8	4	20	7	17	6	9	12	0	0	10	3	1	0	8	10	6	2	10	4	4	3	5	16	24	3	16	2	7	4	17	10	21	9	12	12	27	13	15	34	21	22	37	5	28	19	7	13	22	3	9	8	10	5	8	16	26	26	13	4	24	12	
2926_A/Bean_goose/Hubei/C 13	7	8	4	20	7	17	6	9	12	0	0	10	3	1	0	8	10	6	2	10	4	4	3	5	16	24	3	16	2	7	4	17	10	21	9	12	12	27	13	15	34	22	21	37	5	28	19	7	13	22	3	9	8	10	5	8	16	26	26	13	4	24	12	
2927_A/black_swan/Beijing 12	8	9	4	21	7	16	6	6	13	0	0	12	2	1	0	8	10	7	1	9	5	3	4	6	14	24	3	17	3	7	4	17	9	24	9	12	13	26	12	17	35	23	22	36	3	27	18	8	12	20	3	6	8	11	5	7	16	24	22	15	5	26	16	
2928_A/black-backed_gull/ 13	8	9	4	20	7	16	6	7	13	0	0	11	2	1	0	7	10	7	1	10	5	3	4	6	14	24	3	17	3	7	4	18	9	22	11	12	13	25	13	16	35	22	22	37	3	28	18	8	12	20	3	6	8	11	5	8	16	24	22	13	5	26	16	
2929_A/Brown-headed_Gull/ 13	7	8	4	19	7	17	6	10	12	0	0	10	3	1	0	8	10	6	2	10	4	4	3	5	16	24	3	16	2	7	4	17	10	21	9	12	12	27	13	15	34	22	21	37	5	28	19	7	13	22	3	9	8	10	5	8	16	26	26	13	4	24	12	
2930_A/Brown-headed_Gull/ 13	7	9	4	19	7	17	6	10	12	0	0	10	3	1	0	8	10	6	2	10	4	4	3	5	16	24	3	16	2	7	4	17	10	20	9	12	12	27	13	15	34	22	21	37	5	28	19	7	13	22	3	8	8	10	5	8	17	26	26	13	4	24	12	
2931_A/Brown-headed_Gull/ 13	7	8	4	20	7	17	6	9	12	0	0	11	3	1	0	8	10	6	2	10	4	4	3	5	16	23	3	15	2	8	4	17	11	21	9	12	12	27	13	15	33	22	21	37	5	28	19	7	13	22	3	9	8	10	5	8	16	26	26	13	4	24	12	
2932_A/Brown-headed_Gull/ 13	7	8	4	20	7	17	6	9	12	0	0	11	3	1	0	8	10	6	2	10	4	4	3	5	16	23	3	15	2	8	4	17	11	21	9	12	12	27	13	15	33	22	21	37	5	28	19	7	13	22	3	9	8	10	5	8	16	26	26	13	4	24	12	
2933_A/Brown-headed_Gull/ 13	7	8	4	20	7	17	6	9	12	0	0	11	3	1	0	8	10	6	2	10	4	4	3	5	16	23	3	15	2	8	4	17	11	21	9	12	12	27	13	15	33	22	21	37	5	28	19	7	13	22	3	9	8	10	5	9	16	26	26	12	4	24	12	
2934_A/Brown-headed_Gull/ 13	7	7	4	20	7	18	6	9	12	0	0	10	3	1	0	8	10	6	2	10	4	4	3	5	16	24	3	16	2	7	4	18	10	21	9	11	12	27	13	15	34	22	22	37	5	28	19	7	13	22	3	9	8	10	5	8	16	26	25	13	4	24	12	
2935_A/Brown-headed_Gull/ 13	7	7	4	20	7	18	6	9	12	0	0	10	3	1	0	8	10	6	2	10	4	4	3	5	16	24	3	16	2	7	4	18	10	21	9	11	12	27	13	15	34	22	22	37	5	28	19	7	13	22	3	9	8	10	5	8	16	26	25	13	4	24	12	
2936_A/Brown-headed_Gull/ 13	7	8	4	20	7	17	6	9	12	0	0	10	3	1	0	8	10	6	2	10	4	4	3	5	16	24	4	16	2	7	4	17	10	21	9	12	12	27	13	15	34	22	20	37	5	28	19	7	13	22	3	9	8	10	5	8	16	26	26	13	4	24	12	
2937_A/Brown-headed_Gull/ 13	7	8	4	20	7	17	6	9	12	0	0	10	3	1	0	8	10	6	2	10	4	4	3	5	16	24	3	16	2	7	4	17	10	21	9	12	12	27	13	15	34	22	21	37	5	28	19	7	13	22	3	9	8	10	5	8	16	26	26	13	4	24	12	
2938_A/brown-headed_gull/ 12	9	9	4	21	6	16	6	6	12	0	0	12	3	1	0	7	10	7	1	10	5	3	4	7	15	23	3	16	2	8	4	18	9	23	9	12	13	25	13	17	34	23	23	36	4	28	16	8	12	22	3	6	8	10	6	7	16	24	21	14	5	26	16	
2939_A/Brown-headed_Gull/ 13	8	9	4	20	7	16	6	7	12	0	0	11	3	1	0	7	10	7	1	10	5	3	4	6	15	24	3	17	2	8	4	18	9	23	9	12	13	25	13	17	35	23	22	36	3	28	16	8	12	21	3	6	8	11	6	7	15	24	21	14	6	26	16	
2940_A/Brown-headed_Gull/ 12	8	9	4	21	7	16	6	7	12	0	0	10	3	1	0	7	10	7	1	10	5	3	4	6	15	23	3	19	2	7	4	18	9	23	9	12	13	25	13	17	35	23	23	36	3	28	16	8	12	21	3	6	8	11	6	7	16	24	21	14	5	26	16	
2941_A/Brown-headed_Gull/ 12	8	9	4	21	7	16	6	7	12	0	0	10	3	1	0	7	10	7	1	10	5	3	4	6	15	23	3	19	2	7	4	18	9	23	9	12	13	25	13	17	35	23	23	36	3	28	16	8	12	21	3	6	8	11	6	7	16	24	21	14	5	26	16	
2942_A/chicken/Changhua/1 13	5	12	5	20	8	13	5	7	12	0	1	12	4	0	0	8	12	6	4	9	5	4	0	8	11	21	2	13	4	11	7	18	9	24	9	12	13	25	11	17	36	24	25	36	3	28	12	8	11	19	6	10	9	12	4	8	18	28	24	11	3	23	12	
2943_A/chicken/Changhua/1 13	5	12	5	20	8	13	5	7	12	0	1	11	4	0	0	9	12	6	4	8	5	4	0	8	11	21	2	14	4	11	7	18	9	26	9	12	13	23	11	17	36	24	24	36	3	28	13	8	11	19	6	10	9	12	4	8	18	28	24	11	3	23	12	
2944_A/chicken/Changhua/1 13	5	12	5	20	8	13	5	7	12	0	1	12	4	0	0	9	12	6	4	8	5	4	0	8	11	21	2	13	4	11	7	18	9	25	9	12	13	24	11	17	36	24	24	36	3	28	13	8	11	19	6	10	9	12	4	8	18	28	24	11	3	23	12	
2945_A/chicken/Changhua/1 13	5	12	5	20	8	13	5	7	12	0	1	11	4	0	0	9	12	6	4	8	5	4	0	8	11	21	2	14	4	11	7	18	9	25	9	12	13	24	11	17	36	24	24	36	3	28	13	8	11	19	6	10	9	12	4	8	18	29	24	11	3	22	12	
2946_A/chicken/Changhua/1 11	7	9	4	22	8	16	6	4	11	0	0	11	3	1	0	9	10	7	2	9	4	3	3	10	11	22	3	14	7	10	6	14	9	24	7	16	10	24	15	15	37	22	17	37	3	29	20	6	12	22	3	11	9	10	5	7	18	25	24	12	4	25	14	
2947_A/chicken/Changhua/1 11	7	9	4	22	8	16	6	4	12	0	0	11	2	1	0	10	9	7	2	9	4	3	3	10	11	22	3	14	7	10	6	14	9	24	7	16	10	24	15	15	37	22	17	37	3	29	20	6	12	22	4	11	9	10	4	7	18	25	24	12	4	25	14	
2948_A/chicken/Chiayi/150 11	7	9	4	22	8	16	6	4	11	0	0	11	3	1	0	9	10	7	2	9	4	3	3	10	11	22	3	14	7	10	6	15	9	24	7	15	10	24	15	15	37	22	17	37	3	29	20	6	12	22	4	11	9	10	4	7	18	25	24	12	4	25	14	
2949_A/chicken/Kaohsiung/ 16	8	6	5	17	5	19	5	6	13	0	0	15	3	1	0	9	8	5	2	9	5	4	4	10	14	22	3	9	5	9	4	18	9	26	9	13	12	24	12	15	33	22	20	37	6	29	19	8	13	21	2	9	7	10	6	6	17	27	28	12	5	23	10	
2950_A/chicken/Kaohsiung/ 16	8	6	5	17	5	19	5	7	13	0	0	14	3	1	0	9	8	5	2	9	5	5	3	9	14	22	3	10	5	9	4	18	10	26	9	13	11	24	12	15	33	23	20	37	6	28	19	8	13	21	3	9	7	10	5	6	16	27	28	12	6	23	10	
2951_A/chicken/Kaohsiung/ 16	8	6	5	17	5	19	5	6	13	0	0	14	3	1	0	9	8	5	2	9	5	5	3	10	14	22	3	10	5	9	4	18	9	26	9	13	12	24	12	15	33	22	20	37	6	29	19	8	13	21	3	9	7	10	5	6	17	27	28	12	5	23	10	
2952_A/chicken/Kaohsiung/ 16	8	6	5	17	5	19	5	6	13	0	0	15	3	1	0	9	8	5	2	9	5	4	4	10	14	22	3	9	5	9	4	18	9	26	9	13	12	24	12	15	33	22	20	37	6	29	19	8	13	21	2	9	7	10	6	6	17	27	28	12	5	23	10	
2953_A/chicken/Kaohsiung/ 15	8	6	5	18	5	19	5	6	13	0	0	15	3	1	0	9	8	5	2	9	5	5	3	10	14	23	2	9	5	8	5	18	9	26	9	13	13	23	12	15	32	23	21	37	6	29	18	8	13	21	2	9	7	10	6	6	17	27	27	12	5	23	11	
2954_A/chicken/Kaohsiung/ 17	8	5	5	16	5	20	5	7	13	0	0	13	3	1	0	9	8	5	2	9	5	5	3	10	14	23	3	10	5	8	4	18	8	27	8	13	11	24	13	15	33	21	20	37	6	30	19	8	13	20	3	9	8	11	5	6	17	28	28	12	5	22	10	
2955_A/chicken/Kaohsiung/ 17	8	5	5	16	5	20	5	6	13	0	0	14	3	1	0	9	8	5	2	10	5	5	3	9	15	22	3	10	4	9	4	17	10	26	10	13	12	23	12	15	32	22	20	37	7	29	19	7	13	21	3	10	7	10	5	6	17	27	26	12	5	23	12	
2956_A/chicken/Miaoli/150 13	5	12	5	20	9	13	5	7	12	0	1	12	4	0	0	9	12	6	4	8	4	4	0	8	11	21	2	13	4	11	7	18	9	25	9	12	13	24	11	17	36	24	24	36	3	28	13	8	11	19	6	10	9	12	4	8	18	28	24	11	3	23	12	
2957_A/chicken/Nantou/161 16	8	6	5	17	5	19	5	6	13	0	0	15	3	1	0	9	8	5	2	8	5	5	3	11	14	22	2	9	5	9	5	19	9	26	9	12	13	23	12	15	32	22	20	36	6	31	18	8	13	21	2	8	7	10	6	7	17	27	28	13	5	23	10	
2958_A/chicken/New_Taipei 17	8	6	5	16	5	19	5	6	13	0	0	14	3	1	0	9	8	5	2	9	5	5	3	10	15	22	3	10	4	9	4	19	9	26	9	13	12	24	12	14	33	22	20	37	6	29	19	6	13	21	3	11	7	10	5	6	17	26	28	12	5	23	11	
2959_A/chicken/New_Taipei 17	8	6	5	16	5	19	5	6	13	0	0	14	3	1	0	9	8	5	2	9	5	5	3	10	15	22	3	10	4	9	4	19	9	26	9	13	12	24	12	14	33	22	20	37	6	29	19	7	13	21	3	10	7	10	5	6	17	27	27	12	5	23	11	
2960_A/chicken/New_Taipei 16	8	6	5	17	5	19	6	5	13	0	0	15	3	1	0	9	8	5	2	8	6	5	3	11	13	22	3	10	5	9	5	18	9	26	9	13	12	24	12	15	34	23	20	37	5	28	18	8	13	21	1	9	7	10	6	7	17	27	27	11	5	23	11	
2961_A/chicken/New_Taipei 16	8	6	5	17	5	19	6	6	13	0	0	13	3	1	0	9	8	5	2	8	6	5	3	11	13	23	3	11	5	8	5	18	9	25	10	14	12	24	12	15	34	24	21	37	5	27	17	7	14	22	1	9	7	9	6	7	17	27	27	11	4	23	11	
2962_A/chicken/New_Taipei 16	8	6	5	17	5	19	6	6	13	0	0	13	3	1	0	9	8	5	2	8	6	5	3	11	13	23	3	11	5	8	5	18	9	26	9	14	12	23	12	15	34	23	21	37	5	28	17	7	14	22	1	9	7	10	6	7	17	27	27	11	4	23	11	
2963_A/chicken/New_Taipei 16	8	6	5	16	5	19	6	6	13	0	0	13	3	1	0	9	8	5	2	8	6	5	3	11	13	23	3	11	5	8	5	18	9	24	11	15	12	24	12	15	34	24	21	37	5	27	17	7	14	22	1	9	7	9	6	7	17	27	27	11	4	23	11	
2964_A/chicken/Shandong/K 13	8	8	6	21	5	17	4	5	15	0	0	12	1	1	0	9	12	6	3	9	3	4	1	8	14	19	3	14	3	12	6	17	11	27	9	13	11	21	12	16	31	26	24	36	7	26	13	9	10	22	5	8	11	11	3	10	16	29	24	9	5	21	14	
2965_A/chicken/Taichung/1 12	8	9	3	21	8	16	7	5	10	0	0	11	3	1	0	10	9	7	2	8	4	3	3	9	11	22	3	15	7	10	6	15	9	24	7	16	10	25	14	15	35	23	17	36	3	29	20	6	12	22	4	11	9	10	4	7	20	24	23	12	4	24	16	
2966_A/chicken/Tainan/150 15	8	6	5	18	6	19	5	6	12	0	0	15	3	1	0	9	8	5	2	9	5	5	3	9	14	22	3	10	5	9	4	18	10	25	9	13	11	23	13	15	33	22	20	37	6	29	19	8	13	22	3	9	7	10	5	6	16	27	27	12	6	23	11	
2967_A/chicken/Tainan/170 16	9	7	5	17	5	18	5	7	12	0	0	13	4	1	0	9	7	5	2	9	5	5	3	11	14	22	3	9	5	9	4	18	9	25	10	13	12	24	12	16	33	22	20	37	6	29	19	7	13	21	3	9	7	10	5	6	15	28	26	12	7	22	12	
2968_A/chicken/Taipei_Cit 16	8	7	5	17	5	18	6	6	13	0	0	13	3	1	0	9	8	5	2	8	6	5	3	11	13	23	3	11	5	8	5	18	9	26	9	14	12	24	12	16	34	22	20	36	5	29	18	7	14	22	2	9	7	8	7	7	17	26	26	11	4	24	11	
2969_A/chicken/Taipei/160 16	8	6	5	17	5	19	5	6	13	0	0	15	3	1	0	9	8	5	2	9	5	5	3	10	14	22	2	9	5	9	5	18	9	26	8	13	13	23	13	15	32	22	20	37	6	29	20	8	13	21	2	9	7	10	6	5	17	27	28	13	5	23	10	
2970_A/chicken/Taipei/160 16	8	6	5	17	5	19	5	6	13	0	0	15	3	1	0	9	8	5	2	9	5	5	3	10	14	22	2	9	5	9	5	18	9	26	8	13	13	23	13	15	32	22	20	37	6	29	20	8	13	21	2	9	7	10	6	5	17	27	28	13	5	23	10	
2971_A/chicken/Taipei/161 17	8	5	5	16	5	20	5	7	12	0	0	13	4	1	0	9	8	5	2	9	5	5	3	10	14	22	3	10	5	9	4	17	9	27	9	13	10	24	12	15	33	22	20	37	6	29	19	9	13	20	3	9	8	11	5	6	17	28	28	12	5	22	10	
2972_A/chicken/Taipei/170 16	8	6	5	17	5	19	6	6	13	0	0	14	3	1	0	9	8	5	2	8	6	5	3	11	13	22	3	10	5	9	5	19	9	26	9	12	12	23	12	15	34	23	20	37	5	28	18	8	13	21	1	9	7	11	6	7	17	27	27	11	5	23	11	
2973_A/chicken/Taipei/170 16	8	6	5	17	5	19	6	6	13	0	0	14	3	1	0	9	8	5	2	8	6	5	3	11	13	22	3	10	5	9	5	18	9	26	9	13	12	24	12	15	34	24	20	37	5	27	18	8	13	21	1	9	7	10	6	7	17	27	27	11	5	23	11	
2974_A/chicken/Taipei/170 16	8	6	5	17	5	19	6	6	13	0	0	14	3	1	0	9	8	5	2	8	6	5	3	11	13	22	3	10	5	9	5	19	9	26	9	12	12	23	12	15	34	23	20	37	5	28	18	8	13	21	1	9	7	11	6	7	17	27	27	11	5	23	11	
2975_A/chicken/Taiwan/x37 16	8	6	4	15	6	16	6	4	13	0	0	15	3	1	0	8	6	4	2	9	5	5	3	10	12	21	3	10	4	9	4	18	6	24	8	12	11	24	10	15	29	22	21	35	7	27	19	7	12	18	4	9	6	11	5	6	17	27	23	11	4	23	11	
2976_A/chicken/Yunlin/150 13	5	12	5	20	8	13	5	7	12	0	1	12	4	0	0	9	12	6	4	8	5	4	0	8	11	21	2	13	4	11	7	18	9	24	9	12	13	25	11	17	36	24	25	36	3	28	12	8	11	19	6	10	9	12	4	8	18	27	23	11	3	24	13	
2977_A/chicken/Yunlin/160 10	7	9	5	23	8	16	5	5	11	0	0	10	3	1	0	9	10	7	2	8	4	3	3	12	11	22	4	13	7	9	6	14	10	24	7	16	9	24	15	15	37	22	17	37	3	29	20	6	13	22	4	11	9	10	3	7	18	24	25	12	3	26	14	
2978_A/chicken/Yunlin/170 12	7	9	3	21	8	16	7	5	10	0	0	11	4	1	0	10	10	7	2	8	4	3	3	7	11	22	3	16	7	10	6	15	9	24	7	16	10	24	15	15	36	22	16	36	3	28	22	6	12	23	4	11	9	9	4	7	19	24	22	12	4	26	16	
2979_A/Chlidonias_hybrida 12	8	9	4	21	7	16	6	7	12	0	0	11	2	1	0	8	10	7	1	9	5	3	4	6	15	23	3	17	3	8	4	18	9	23	9	12	13	25	13	16	35	22	23	37	3	29	16	8	12	21	3	6	8	11	6	8	15	24	21	13	6	26	16	
2980_A/common_coot/Shando 12	8	9	4	21	7	16	6	7	13	0	0	11	2	1	0	8	9	7	1	9	6	3	4	6	14	24	3	17	3	7	4	18	9	24	9	12	13	25	13	16	35	23	22	37	3	27	18	8	12	19	4	6	8	12	4	7	16	23	22	14	5	27	16	
2981_A/common_crane/Yunna 12	8	9	4	21	7	16	6	7	12	0	0	11	2	1	0	8	10	7	1	9	5	3	4	6	15	23	3	17	3	8	4	18	9	23	9	12	13	25	13	16	35	23	24	37	3	27	16	8	12	22	3	6	8	10	5	7	16	24	23	14	5	26	15	
2982_A/common_pochard/Nin 15	6	6	5	18	8	19	5	6	11	0	0	14	4	1	0	7	8	6	3	11	6	4	2	8	13	19	2	12	5	12	5	17	7	23	8	12	14	25	14	15	33	21	21	36	6	30	18	7	12	22	3	11	10	10	5	6	16	21	26	14	4	29	12	
2983_A/common_teal/Ningxi 13	8	9	4	20	7	16	6	7	12	0	0	11	2	1	0	8	10	7	1	9	5	3	4	6	15	23	3	17	3	8	4	18	9	23	9	12	13	25	13	16	35	22	23	37	3	29	16	8	12	21	3	6	8	11	6	7	16	24	21	14	5	26	16	
2984_A/common_teal/Ningxi 14	6	6	5	19	8	19	5	6	11	0	0	14	4	1	0	7	8	6	3	11	6	4	2	8	13	19	2	12	5	12	5	17	7	24	8	12	14	24	14	15	33	21	21	36	6	30	18	7	12	22	3	11	10	10	5	6	16	21	26	14	4	29	12	
2985_A/common_teal/Ningxi 14	6	6	5	19	8	19	5	6	11	0	0	14	4	1	0	7	8	6	3	11	6	4	2	8	13	19	2	12	5	12	5	17	7	24	8	12	14	24	14	15	33	21	21	36	6	30	18	7	12	22	3	11	10	10	5	6	16	21	26	14	4	29	12	
2986_A/common_teal/Ningxi 14	6	6	5	19	8	19	5	6	11	0	0	13	4	1	0	7	8	6	3	11	6	4	2	8	13	19	2	13	5	12	5	17	7	24	8	12	14	24	14	15	33	21	21	36	6	30	18	7	12	22	3	11	10	10	5	6	16	21	26	14	4	29	12	
2987_A/common_teal/Ningxi 14	6	6	5	19	8	19	5	6	11	0	0	13	4	1	0	7	8	6	3	11	6	4	2	8	13	19	2	13	5	12	5	17	6	24	8	12	15	24	14	15	33	21	21	36	6	30	18	7	12	22	3	11	10	10	5	6	16	21	26	14	4	29	12	
2988_A/common_teal/Ningxi 16	6	6	5	18	8	19	5	5	11	0	0	13	4	1	0	7	8	6	3	11	6	4	2	8	13	19	2	13	5	12	5	17	7	24	8	12	14	24	14	15	33	21	21	36	6	30	18	7	12	22	3	11	10	10	5	6	16	21	26	14	4	29	12	
2989_A/common_teal/Shaanx 13	8	9	4	20	7	16	6	7	12	0	0	11	2	1	0	8	10	7	1	9	5	3	4	6	15	23	3	17	3	8	4	18	9	23	9	12	13	25	13	16	35	22	23	37	3	29	16	8	12	21	3	6	8	11	6	7	16	24	21	14	5	26	16	
2990_A/Cygnus_atratus/Hub 13	7	8	4	20	7	17	6	9	12	0	0	10	3	1	0	8	10	6	2	9	4	4	3	7	15	23	3	15	3	8	4	18	10	23	9	12	12	26	13	14	34	22	20	37	5	26	21	6	13	22	4	9	8	10	5	8	18	26	25	14	2	24	12	
2991_A/Cygnus_atratus/Hub 13	7	8	4	20	7	17	6	9	12	0	0	10	3	1	0	8	10	6	2	10	4	4	3	6	16	23	3	15	2	8	4	18	10	23	9	12	12	26	13	15	34	22	20	37	5	26	21	6	13	22	3	9	8	10	5	7	18	26	26	14	2	24	12	
2992_A/Cygnus_columbianus 12	8	9	4	21	7	16	6	7	12	0	0	11	2	1	0	8	10	7	1	9	5	3	4	6	15	23	3	17	3	8	4	18	9	23	9	12	13	25	13	16	35	23	23	37	3	28	16	8	12	21	3	6	8	11	6	7	16	24	21	14	5	26	16	
2993_A/Cygnus_columbianus 12	8	9	4	21	7	16	6	7	12	0	0	11	2	1	0	8	10	7	1	9	5	3	4	6	16	23	3	17	2	8	4	18	9	23	9	12	13	25	13	16	35	22	23	37	3	28	17	8	12	21	3	6	8	11	5	7	16	24	22	14	5	26	16	
2994_A/Cygnus_columbianus 12	8	9	4	21	7	16	6	6	12	0	0	11	2	1	0	7	10	7	1	10	5	3	4	7	15	23	3	17	3	8	4	17	9	23	9	13	13	25	13	16	35	23	23	37	3	28	16	8	12	22	3	6	8	10	6	7	16	24	21	14	5	26	16	
2995_A/Cygnus_columbianus 12	8	9	4	21	7	16	6	7	12	0	0	11	2	1	0	8	10	7	1	9	5	3	4	6	15	23	3	17	3	8	4	18	9	22	10	12	13	25	13	16	35	23	23	37	3	28	16	8	12	21	3	6	8	11	6	7	16	24	21	14	5	26	16	
2996_A/Cygnus_columbianus 12	8	9	4	21	7	16	6	7	12	0	0	11	2	1	0	8	10	7	1	9	5	3	4	6	15	23	3	17	3	8	4	18	9	23	9	12	13	25	13	16	35	22	23	37	3	29	16	8	12	21	3	6	8	11	6	8	15	24	21	13	6	26	16	
2997_A/Cygnus_columbianus 12	8	9	4	21	7	16	6	7	12	0	0	11	2	1	0	8	10	7	1	9	5	3	4	6	15	23	3	17	3	8	4	18	9	23	9	12	13	25	13	16	35	23	23	37	3	27	17	8	12	21	3	6	8	11	6	7	16	24	21	14	5	26	16	
2998_A/Cygnus_columbianus 12	8	9	4	21	7	16	6	7	12	0	0	11	2	1	0	8	10	7	1	9	5	3	4	6	15	23	3	17	3	8	4	17	9	23	9	13	13	25	13	16	35	23	23	37	3	28	16	8	12	21	3	6	8	11	6	7	16	24	21	14	5	26	16	
2999_A/duck/Chiayi/150800 11	7	9	4	22	8	16	6	5	11	0	0	11	3	1	0	9	10	7	2	9	4	3	3	9	11	22	3	14	7	10	6	14	9	24	7	16	10	24	15	15	38	21	17	37	3	30	20	6	12	22	3	11	9	10	5	7	17	25	24	12	4	25	14	
3000_A/duck/Eastern_China 12	8	8	6	21	5	17	4	5	15	0	0	13	1	1	0	9	12	6	3	9	3	4	1	8	14	19	3	13	3	12	6	17	12	26	9	11	11	22	12	17	34	25	24	37	4	28	12	8	9	22	5	9	12	12	3	9	17	29	24	10	4	20	14	
3001_A/duck/Eastern_China 12	8	8	6	21	5	17	4	8	15	0	1	11	1	0	0	8	12	6	3	10	4	4	1	7	14	19	3	14	2	13	6	17	11	26	9	13	11	22	12	16	35	25	25	36	3	27	13	8	11	22	5	10	9	12	3	9	19	27	26	9	3	21	12	
3002_A/duck/Eastern_China 12	8	8	6	21	5	17	4	8	15	0	1	11	1	0	0	8	12	6	3	10	4	4	1	7	14	19	3	14	2	13	6	17	11	26	9	13	11	22	12	16	35	24	25	36	3	27	13	8	11	22	4	10	9	12	4	9	19	27	26	9	3	21	13	
3003_A/duck/Eastern_China 12	8	8	6	21	5	17	4	8	15	0	1	11	1	0	0	8	12	6	3	10	5	4	1	8	13	19	3	13	2	13	6	16	11	26	9	14	11	22	12	16	35	24	25	36	3	27	13	8	11	22	5	10	9	13	3	9	19	27	26	9	3	21	12	
3004_A/duck/Eastern_China 12	8	8	6	21	5	17	4	8	15	0	1	11	1	0	0	8	12	6	3	10	4	4	1	7	14	19	3	14	2	13	6	17	11	26	9	13	11	22	12	16	35	24	25	36	3	27	13	8	11	22	5	10	9	12	3	9	19	27	26	9	3	22	12	
3005_A/duck/Eastern_China 12	7	9	5	21	6	16	5	8	15	0	1	13	1	0	0	9	11	6	3	9	5	4	2	6	12	21	3	13	4	11	5	19	10	22	10	12	12	25	13	14	33	25	21	36	5	27	16	5	11	23	5	10	9	9	4	9	19	25	27	13	3	25	10	
3006_A/duck/Eastern_China 12	8	8	6	21	5	17	4	6	15	0	1	12	1	0	0	9	12	6	3	9	3	4	1	8	14	19	3	14	3	13	6	16	11	26	9	13	11	22	12	16	34	25	24	36	4	27	13	9	10	22	5	10	11	12	3	9	16	28	24	9	5	21	14	
3007_A/duck/Eastern_China 12	9	9	6	21	4	16	4	5	15	0	1	13	1	0	0	9	12	6	3	9	2	6	1	8	14	19	3	14	3	13	6	17	12	26	9	12	11	21	12	17	34	24	24	36	4	28	13	8	10	22	5	9	11	12	3	8	16	29	24	10	5	20	14	
3008_A/duck/Eastern_China 13	7	6	5	20	8	19	5	6	11	0	1	11	3	0	0	10	9	6	2	8	5	4	3	8	14	21	4	15	4	11	3	20	10	21	9	10	11	27	13	15	33	21	22	37	6	29	18	5	13	22	4	10	8	10	3	6	16	22	29	15	5	28	10	
3009_A/duck/Eastern_China 11	6	8	4	22	8	17	6	7	13	0	1	10	2	0	0	10	11	6	2	8	4	3	3	6	15	21	3	17	2	11	6	17	10	21	8	13	10	28	14	15	39	20	22	37	1	31	15	8	11	22	4	9	10	10	4	8	16	27	30	11	5	23	8	
3010_A/duck/Guangdong/KGZ 12	7	9	3	21	7	16	7	7	12	0	0	11	3	1	0	9	10	7	1	8	5	3	4	6	15	23	3	17	3	8	4	18	9	23	10	12	13	26	12	17	35	23	24	36	3	28	15	8	11	19	3	6	9	12	6	7	16	24	23	14	5	26	14	
3011_A/duck/Guangdong/KGZ 12	7	9	4	21	8	16	6	7	13	0	0	11	2	1	0	8	10	7	1	9	5	3	4	6	14	23	3	17	3	8	4	18	10	25	9	12	12	25	13	16	35	23	23	37	3	27	17	8	13	19	3	6	7	11	6	7	16	24	21	14	5	26	16	
3012_A/duck/Guangdong/S12 12	8	9	3	21	7	16	7	7	12	0	0	11	2	1	0	9	10	7	1	10	5	3	4	6	15	23	3	16	3	8	4	17	9	24	9	12	13	25	13	16	35	23	23	37	3	28	16	8	10	19	3	6	10	12	6	7	16	24	21	14	5	26	16	
3013_A/duck/Guangdong/s14 12	8	8	6	21	5	17	4	7	15	0	0	11	1	1	0	8	12	7	3	9	3	3	1	8	14	19	3	14	3	12	6	18	11	25	9	13	11	23	12	16	34	27	23	36	4	26	13	8	10	21	5	9	11	13	3	10	16	27	24	9	5	21	15	
3014_A/duck/Guangxi/S1009 12	8	9	4	21	7	16	6	7	13	0	0	11	2	1	0	8	10	7	1	9	5	3	4	6	14	23	3	17	3	8	4	17	9	23	9	12	13	25	13	16	34	23	24	38	4	28	15	8	11	21	3	6	9	12	6	7	16	24	21	14	5	25	16	
3015_A/duck/Guangxi/S1026 12	8	9	4	21	7	16	6	7	13	0	0	11	2	1	0	8	10	7	1	9	5	3	4	6	14	23	3	17	3	8	4	17	9	23	9	12	13	25	13	16	35	23	24	38	3	28	15	8	11	21	3	6	9	11	6	7	16	24	21	14	5	26	16	
3016_A/duck/Guangxi/S1104 12	8	9	4	21	7	16	6	7	13	0	0	11	2	1	0	8	10	7	1	9	5	3	4	7	14	23	3	16	3	8	4	18	9	23	9	12	13	25	13	16	35	23	24	37	3	28	15	8	12	21	3	6	8	11	6	7	16	24	20	14	5	26	17	
3017_A/duck/Guangxi/S2119 12	8	9	4	21	7	16	6	7	13	0	0	11	2	1	0	8	10	7	1	9	5	3	4	6	14	23	3	17	3	8	4	18	9	23	9	12	13	25	13	16	35	23	24	37	3	27	16	8	12	21	3	6	8	11	6	7	16	24	21	14	5	26	16	
3018_A/duck/Hebei/S1070/2 12	7	9	4	21	7	16	6	7	14	0	0	11	2	1	0	8	10	7	1	9	5	3	4	6	14	24	3	17	3	7	4	17	9	24	9	13	13	25	13	16	35	22	23	37	3	28	17	8	12	20	3	6	8	11	5	7	16	24	22	14	5	26	16	
3019_A/duck/Henan/S1381/2 12	8	9	4	21	7	16	6	7	13	0	0	11	2	1	0	8	10	7	1	9	5	3	4	6	14	24	3	17	3	7	4	18	9	24	9	12	13	25	13	16	35	22	22	37	3	28	18	8	12	20	3	6	8	11	5	7	16	24	22	14	5	26	16	
3020_A/duck/Hunan/11.30_Y 13	7	8	4	20	7	17	6	10	12	0	0	10	3	1	0	8	10	6	2	10	4	4	3	6	15	24	3	14	3	7	4	18	10	23	9	11	12	26	13	16	34	22	20	37	5	26	21	6	13	23	3	9	8	9	5	7	17	26	26	14	3	24	12	
3021_A/duck/Jiangxi/S1025 12	8	9	4	21	7	16	6	7	13	0	0	11	2	1	0	8	10	7	1	9	5	3	4	6	14	24	3	17	3	7	4	18	9	24	9	12	13	25	13	16	35	22	22	37	3	28	18	8	12	20	3	6	8	11	5	7	16	24	22	14	5	26	16	
3022_A/duck/Shandong/11.1 12	8	9	6	21	5	16	4	5	15	0	0	13	1	1	0	9	12	6	3	9	3	4	1	8	14	19	3	14	3	12	6	17	12	26	8	12	11	22	13	17	34	24	22	36	4	28	15	8	10	22	5	8	11	12	3	9	17	28	24	10	4	21	14	
3023_A/duck/Shandong/11.1 12	8	9	6	21	5	16	4	5	15	0	0	13	1	1	0	9	12	6	3	9	3	4	1	8	14	19	3	14	3	12	6	17	12	26	8	12	11	22	13	17	34	24	22	36	4	28	15	8	10	22	5	8	11	12	3	9	17	28	24	10	4	21	14	
3024_A/duck/Shandong/Q1/2 13	8	8	6	21	5	17	4	6	14	0	0	11	2	1	0	10	12	6	3	8	3	4	1	8	14	19	3	14	3	12	6	16	11	27	9	13	11	21	12	16	34	25	23	36	4	27	14	9	10	22	5	8	10	12	3	11	17	28	24	9	5	21	14	
3025_A/duck/Tainan/150104 11	7	9	4	22	8	16	6	4	11	0	0	11	3	1	0	9	10	7	2	9	4	3	3	10	11	22	3	14	7	10	6	15	9	25	7	15	10	23	15	15	37	22	17	37	3	29	20	6	12	22	4	11	9	10	4	7	18	25	23	12	4	25	15	
3026_A/duck/Taiwan/a068/2 15	8	6	5	16	6	16	5	4	12	0	0	15	3	1	0	8	6	4	2	9	5	5	3	9	12	21	3	10	4	9	4	18	7	23	8	13	10	23	12	14	30	21	20	36	6	29	19	8	12	20	3	8	7	10	5	6	16	27	23	11	5	23	11	
3027_A/duck/Taiwan/A3400/ 15	8	6	5	18	6	19	5	6	12	0	0	15	3	1	0	9	8	5	2	9	5	5	3	9	14	22	3	10	5	9	4	18	10	25	9	13	11	23	13	15	33	22	20	37	6	29	19	8	13	22	3	9	7	10	5	6	16	27	27	12	6	23	11	
3028_A/duck/Xinjiang/12.1 13	7	8	4	20	7	17	6	10	12	0	0	10	3	1	0	8	10	6	2	10	4	4	3	5	16	24	3	15	2	7	4	19	10	21	9	11	12	28	13	15	34	23	20	37	5	25	21	6	13	22	3	9	8	10	5	7	16	25	27	14	4	25	11	
3029_A/duck/Yunlin/150102 13	5	12	5	20	9	13	5	7	12	0	1	12	4	0	0	9	12	6	4	8	4	4	0	8	11	21	2	13	4	11	7	18	9	25	9	12	13	24	11	17	37	24	24	36	3	28	13	8	11	19	6	10	9	12	4	8	17	28	24	11	3	23	12	
3030_A/duck/Yunlin/150104 13	5	12	5	20	9	13	5	7	12	0	1	12	4	0	0	9	12	6	4	8	4	4	0	8	11	21	2	13	4	11	7	18	9	25	9	12	12	24	11	17	36	24	24	36	3	28	13	8	11	19	6	10	10	12	4	8	18	28	24	11	3	23	12	
3031_A/duck/Zhejiang/6D18 12	8	9	6	21	5	16	4	5	15	0	0	13	1	1	0	9	12	5	3	9	3	5	1	8	14	19	3	14	3	12	6	17	12	26	9	11	11	22	12	17	33	24	24	36	4	28	13	9	8	21	5	9	12	13	3	10	17	30	24	10	4	19	14	
3032_A/duck/Zhejiang/9250 12	8	9	6	21	5	16	4	5	15	0	0	12	1	1	0	7	11	6	3	10	3	4	1	8	13	20	3	15	5	11	6	17	11	26	9	12	11	22	12	18	35	24	24	36	4	28	13	8	10	21	5	8	11	12	2	9	17	27	25	10	4	23	14	
3033_A/duck/Zhejiang/9251 13	8	9	6	20	5	16	4	5	16	0	0	12	1	1	0	7	11	6	3	10	2	5	1	8	14	20	3	15	4	11	6	17	11	25	9	12	11	22	13	18	35	24	25	36	4	28	12	7	10	23	5	9	11	12	2	9	17	26	26	10	3	22	13	
3034_A/duck/Zhejiang/W24/ 12	8	9	6	21	5	16	4	5	15	0	0	13	1	1	0	8	12	6	3	9	3	4	1	8	14	19	3	14	3	12	6	18	12	26	9	12	11	22	12	17	34	25	24	36	4	27	13	8	10	22	5	8	11	12	3	9	17	28	24	10	4	21	14	
3035_A/egret/Jiangsu/SD02 12	8	9	4	21	7	16	6	7	13	0	0	11	2	1	0	8	10	7	1	9	5	3	4	6	14	24	3	17	3	7	4	18	9	24	9	12	13	25	13	16	35	22	22	37	3	28	18	8	12	20	3	6	8	11	5	7	16	24	22	14	5	26	16	
3036_A/eurasian_eagle-owl 13	8	9	4	20	7	16	6	7	12	0	0	11	2	1	0	8	10	7	1	9	5	3	4	6	15	23	3	17	3	8	4	18	9	23	9	12	13	25	13	16	35	22	23	37	3	29	16	8	12	21	3	6	8	11	6	7	16	24	21	14	5	26	16	
3037_A/goose/Chiayi/15020 13	5	12	5	20	9	13	5	7	12	0	1	12	4	0	0	9	12	6	3	8	4	4	1	8	11	21	2	13	4	11	7	18	9	25	9	12	13	24	11	17	36	24	24	36	3	28	13	8	11	19	6	10	9	12	4	8	18	28	24	11	3	23	12	
3038_A/goose/China/1/2021 12	8	9	4	21	7	16	6	7	13	0	0	11	2	1	0	8	10	7	1	9	5	3	4	6	16	23	3	17	3	7	4	18	9	24	9	12	12	26	13	15	36	22	23	36	4	27	17	8	12	20	3	5	9	12	5	8	14	23	22	15	5	26	16	
3039_A/goose/Eastern_Chin 12	8	9	6	21	5	16	4	5	15	0	0	13	1	1	0	8	13	6	3	9	3	4	1	8	13	19	3	14	3	12	6	18	12	26	9	12	11	22	12	17	34	24	24	36	4	28	13	8	10	22	5	8	11	12	3	9	17	28	24	10	4	21	14	
3040_A/goose/Eastern_Chin 13	8	8	5	20	6	17	5	6	15	0	1	11	1	0	0	9	12	7	3	9	3	3	1	8	14	19	3	15	3	13	6	17	11	26	9	13	10	22	12	16	34	25	24	36	4	27	13	8	10	22	5	10	11	12	3	9	16	28	24	9	5	21	14	
3041_A/goose/Eastern_Chin 12	8	9	6	21	5	16	4	7	15	0	1	11	1	0	0	8	12	6	3	10	4	4	1	9	14	19	3	13	2	13	6	17	11	26	9	13	11	22	12	15	36	24	25	37	2	27	13	7	11	22	5	10	9	12	3	10	19	28	26	9	3	21	12	
3042_A/goose/Eastern_Chin 12	8	9	6	21	5	16	4	5	15	0	1	13	1	0	0	9	12	6	3	9	3	5	1	8	14	20	3	14	3	11	6	17	12	26	9	11	11	21	12	17	33	24	23	36	4	29	14	8	9	21	5	10	11	13	4	9	17	29	24	10	4	20	14	
3043_A/goose/Guangdong/s1 12	8	8	6	21	5	17	4	7	15	0	0	11	1	1	0	8	12	7	3	9	3	3	1	8	14	19	3	14	3	12	6	18	11	25	9	13	11	23	12	16	34	27	23	36	4	26	13	8	10	21	5	9	11	13	3	10	16	27	24	9	5	21	15	
3044_A/goose/Guangxi/S206 12	8	9	4	21	7	16	6	7	13	0	0	11	2	1	0	8	10	7	1	9	5	3	4	6	14	23	3	17	3	8	4	18	9	23	9	12	13	25	13	16	35	23	24	37	3	27	16	8	12	21	3	6	8	11	6	7	16	24	21	14	5	26	16	
3045_A/goose/Henan/S1315/ 12	8	9	4	21	7	16	6	7	13	0	0	11	2	1	0	8	10	7	1	9	5	3	4	6	14	23	3	17	3	8	4	18	9	24	10	12	13	25	12	16	35	22	22	37	3	28	18	8	12	20	3	6	8	11	5	7	16	24	22	14	5	26	16	
3046_A/goose/Hunan/S11288 13	8	9	4	20	7	16	6	7	12	0	0	11	2	1	0	7	10	7	1	10	5	3	4	6	14	23	3	17	5	7	4	17	9	24	9	13	13	25	13	17	34	22	23	36	4	28	16	8	12	21	3	6	8	11	6	7	15	24	21	14	6	26	16	
3047_A/goose/Jiangsu/QD5/ 12	8	9	6	21	5	16	4	5	15	0	0	13	1	1	0	9	12	6	3	9	3	4	1	8	14	19	3	14	3	12	6	17	12	26	9	11	11	22	12	17	34	24	24	36	4	28	13	8	9	22	5	9	12	12	3	9	17	29	25	10	4	20	13	
3048_A/goose/Jiangsu/S138 12	8	9	4	21	7	16	6	6	13	0	0	11	2	1	0	8	10	8	1	9	5	2	4	7	14	22	4	17	3	8	4	20	9	23	9	11	13	25	13	16	35	22	22	36	3	28	18	8	12	21	3	6	8	11	5	7	16	24	21	14	5	26	17	
3049_A/goose/Liaoning/S12 12	8	9	4	21	7	16	6	6	13	0	0	11	2	1	0	8	10	7	1	9	5	3	4	7	14	24	3	17	3	6	4	18	9	22	10	12	12	25	13	16	35	21	22	36	3	30	18	8	12	21	3	6	9	11	5	7	16	22	22	15	5	28	16	
3050_A/goose/Pingtung/150 15	8	6	5	18	5	19	5	6	13	0	0	15	3	1	0	9	8	5	2	9	5	5	3	9	14	22	3	10	5	9	4	18	10	26	8	13	11	24	13	16	33	22	20	37	6	29	19	8	13	21	3	9	7	10	5	5	16	27	27	12	6	23	11	
3051_A/goose/Pingtung/160 16	8	6	5	17	5	19	5	7	13	0	0	14	3	1	0	9	8	5	2	9	5	5	3	9	14	22	3	10	5	9	4	18	10	26	9	13	11	25	12	15	33	22	20	37	6	29	19	8	13	20	3	9	7	10	5	6	17	27	28	12	5	23	10	
3052_A/goose/Shandong/05. 12	8	9	6	21	5	16	4	5	15	0	0	13	1	1	0	9	11	6	3	9	3	5	1	8	14	19	3	14	3	12	6	17	12	26	9	12	11	22	12	17	34	24	24	36	4	28	13	8	10	22	5	8	11	12	3	9	17	28	25	10	4	21	13	
3053_A/goose/Shandong/05. 12	8	9	6	21	5	16	4	5	15	0	0	13	1	1	0	9	11	6	3	9	3	5	1	8	14	19	3	14	3	12	6	17	12	26	9	12	11	22	12	17	34	24	24	36	4	28	13	8	10	22	5	8	11	12	3	9	17	28	25	10	4	21	13	
3054_A/goose/Shandong/06. 12	8	9	6	21	5	16	4	5	15	0	0	13	1	1	0	9	11	6	3	9	3	5	1	8	14	19	3	14	3	12	6	16	12	26	9	12	11	22	12	17	34	24	24	36	4	29	13	9	10	22	5	8	11	12	3	9	17	28	24	10	4	20	14	
3055_A/goose/Shandong/12. 11	8	9	6	20	5	16	4	5	15	0	0	13	1	1	0	8	12	7	4	9	3	3	1	9	14	19	2	13	2	12	6	16	10	27	10	12	11	20	12	17	34	26	24	35	4	26	13	7	9	21	5	9	12	12	3	9	17	31	23	10	4	18	15	
3056_A/Goose/Shandong/211 12	8	9	4	21	7	16	6	7	13	0	0	11	2	1	0	8	10	7	1	9	5	3	4	6	14	24	3	17	3	7	4	18	9	24	9	12	13	25	13	16	36	22	23	37	2	28	17	8	12	20	3	6	8	11	5	7	16	24	22	14	5	26	16	
3057_A/goose/Shandong/GD- 12	8	9	6	21	5	16	4	5	15	0	0	13	1	1	0	7	12	5	3	10	3	5	1	8	14	19	3	14	3	12	6	18	12	26	9	12	11	22	12	17	34	24	24	36	4	28	13	8	10	22	5	8	12	12	3	9	16	28	24	10	4	21	14	
3058_A/goose/Shandong/LQ0 13	8	8	6	21	5	17	4	5	15	0	0	12	1	1	0	9	12	6	3	9	3	4	1	8	14	19	3	14	3	12	6	17	11	27	9	13	11	21	12	16	31	26	24	36	7	26	13	9	10	22	5	8	11	11	3	10	16	29	24	9	5	21	14	
3059_A/goose/Tainan/16040 16	8	6	6	17	5	19	4	6	14	0	0	14	2	1	0	9	8	5	2	9	5	5	3	10	14	22	3	10	5	9	4	18	9	26	9	12	12	24	12	15	33	24	20	37	6	27	19	8	13	21	3	10	7	10	5	6	17	26	28	12	5	24	10	
3060_A/goose/Tainan/16070 16	8	6	6	17	5	19	4	6	12	0	0	14	3	1	0	9	8	5	2	9	5	5	3	10	14	22	3	10	5	8	4	18	9	27	10	13	12	23	12	16	33	23	21	36	6	29	18	8	13	21	2	9	7	10	5	6	18	25	29	12	5	24	10	
3061_A/goose/Taiwan/01019 11	7	9	4	22	8	16	6	4	11	0	0	11	3	1	0	9	10	8	2	9	4	2	3	10	11	23	3	14	7	10	6	15	9	24	7	15	10	24	15	15	37	21	17	37	3	29	20	6	12	22	4	11	9	10	4	7	18	25	24	12	4	25	14	
3062_A/goose/Taiwan/01039 13	5	12	5	20	9	13	5	7	12	0	1	12	3	0	0	9	12	6	4	8	4	4	0	8	11	21	2	13	5	11	7	18	9	25	10	12	13	24	10	17	36	24	23	36	3	28	14	8	11	18	6	10	9	12	4	8	18	28	23	11	3	23	14	
3063_A/goose/Taiwan/a015/ 11	7	8	4	20	8	14	6	2	11	0	0	11	3	1	0	8	8	6	2	9	4	3	3	10	9	21	3	14	6	10	6	15	6	22	7	15	9	24	13	14	34	21	17	36	3	29	20	6	11	20	4	10	9	10	4	7	17	25	20	11	4	25	14	
3064_A/goose/Taiwan/TNC1/ 13	5	12	5	20	9	13	5	7	12	0	0	12	4	1	0	9	12	6	4	8	4	4	0	8	11	21	2	13	4	11	7	18	9	25	9	12	13	24	11	17	36	24	24	36	3	28	13	8	11	19	6	10	9	12	4	8	18	28	24	11	3	23	12	
3065_A/goose/Taiwan/TNC3/ 13	5	12	5	20	9	13	5	6	12	0	0	13	4	1	0	9	12	6	4	8	4	4	0	8	11	21	2	13	4	11	7	18	9	25	9	12	13	24	11	17	36	24	24	36	3	28	13	8	11	19	6	10	9	12	4	8	18	28	24	11	3	23	12	
3066_A/goose/Taiwan/TNC4/ 11	7	9	4	22	8	16	6	4	11	0	0	11	3	1	0	9	10	7	2	9	4	3	3	10	11	22	3	14	7	10	6	15	9	24	7	15	10	24	15	15	37	22	17	37	3	29	20	6	12	22	4	11	9	10	4	8	18	25	24	11	4	25	14	
3067_A/goose/Taiwan/TNC9/ 13	5	12	5	20	9	13	5	7	12	0	0	12	4	1	0	9	12	6	4	8	4	4	0	8	11	21	2	13	4	11	7	18	9	25	9	12	13	24	11	17	36	24	24	36	3	28	13	8	11	19	6	10	9	12	4	8	18	28	24	11	3	23	12	
3068_A/goose/Taiwan/TNC10 13	5	12	5	20	9	13	5	7	12	0	0	12	4	1	0	9	12	6	4	8	4	4	0	8	11	21	2	13	4	11	7	18	9	25	9	12	13	24	11	17	36	24	24	36	3	28	13	8	11	20	6	10	9	11	4	8	18	28	24	11	3	23	12	
3069_A/goose/Taiwan/TNC12 13	5	12	5	20	9	13	5	7	12	0	0	12	4	1	0	9	12	6	4	8	4	4	0	8	11	21	2	13	4	11	7	18	9	25	9	12	13	24	11	17	36	24	24	36	3	28	13	8	11	19	6	10	9	12	4	8	18	28	24	11	3	23	12	
3070_A/goose/Taiwan/TNC14 13	5	12	5	20	9	13	5	7	12	0	0	12	4	1	0	9	12	6	4	8	4	4	0	8	11	21	2	13	4	11	7	18	9	25	9	12	13	24	11	17	36	24	24	36	3	28	13	8	11	20	6	10	9	11	4	8	18	28	24	11	3	23	12	
3071_A/goose/Taiwan/TNO3/ 13	5	12	5	20	8	13	5	7	12	0	0	12	4	1	0	9	12	6	4	8	5	4	0	8	11	21	2	13	4	11	7	18	9	25	10	12	13	24	10	17	36	24	24	36	3	28	13	8	11	19	6	10	9	12	4	8	18	28	24	11	3	23	12	
3072_A/goose/Taiwan/TNO9/ 11	7	9	4	22	8	16	6	4	11	0	0	11	3	1	0	9	10	7	2	9	4	3	3	10	11	22	3	14	7	10	6	15	9	24	7	15	10	24	15	15	37	22	17	37	3	29	20	6	12	22	4	11	9	10	4	8	18	25	24	11	4	25	14	
3073_A/goose/Taiwan/TNO15 11	7	9	4	22	8	16	6	4	11	0	0	11	3	1	0	9	10	7	2	9	4	3	3	10	11	22	3	14	7	10	6	15	9	24	7	15	10	24	15	15	37	22	17	37	3	29	20	6	12	22	4	11	9	10	4	7	18	25	24	12	4	25	14	
3074_A/goose/Taiwan/TNO17 13	5	12	5	20	9	13	5	7	12	0	0	12	4	1	0	9	12	6	4	8	4	4	0	8	11	21	2	13	4	11	7	18	9	26	9	12	13	23	11	17	36	24	24	36	3	28	13	8	11	19	6	10	9	12	4	8	18	28	24	11	3	23	12	
3075_A/goose/Taoyuan/1501 13	5	12	5	20	9	13	5	7	12	0	1	12	4	0	0	9	12	6	4	8	4	4	0	8	11	21	2	13	4	11	7	18	9	25	9	12	13	24	11	17	36	24	24	36	3	28	13	8	11	19	6	10	9	12	4	8	18	28	24	11	3	23	12	
3076_A/goose/Xinjiang/12. 13	7	8	4	20	7	17	6	9	12	0	0	10	3	1	0	8	10	6	2	10	4	4	3	6	16	24	3	15	2	7	4	18	10	21	9	12	12	28	13	15	34	24	20	37	5	24	21	6	13	22	3	9	8	10	5	7	16	25	27	14	4	25	11	
3077_A/goose/Xinjiang/12. 13	7	8	4	20	7	17	6	9	12	0	0	10	3	1	0	8	10	6	2	10	4	4	3	6	16	24	3	15	2	7	4	18	10	21	9	12	12	28	13	15	34	24	20	37	5	24	21	6	13	22	3	9	8	10	5	7	16	25	27	14	4	25	11	
3078_A/goose/Xinjiang/12. 13	7	8	4	20	7	17	6	9	12	0	0	10	3	1	0	8	10	6	2	10	4	4	3	6	16	23	3	15	2	7	4	18	10	21	9	12	12	28	13	14	34	25	20	37	5	24	21	6	13	22	3	9	8	10	5	7	17	25	27	14	4	25	11	
3079_A/goose/Xinjiang/12. 13	7	8	4	20	7	17	6	9	12	0	0	10	3	1	0	8	10	6	2	10	4	4	3	6	16	24	3	15	2	7	4	18	10	21	9	12	12	28	13	15	34	24	20	37	5	24	21	6	13	22	3	9	8	10	5	7	16	25	27	14	4	25	11	
3080_A/goose/Yangzhou/042 12	8	9	6	21	5	16	4	6	15	0	0	12	1	1	0	9	12	7	3	9	3	3	1	8	14	18	3	14	3	13	6	17	12	27	9	11	11	21	12	17	34	24	24	36	4	27	14	8	9	22	5	9	12	12	3	9	17	29	23	10	4	20	15	
3081_A/goose/Yunlin/15040 11	7	9	4	22	8	16	6	4	11	0	0	11	3	1	0	9	10	7	2	9	4	3	3	10	11	22	3	14	7	10	6	15	9	24	7	15	11	24	15	15	37	22	17	37	3	29	20	6	12	22	4	11	8	10	4	7	18	25	23	12	4	25	15	
3082_A/goose/Zhejiang/925 10	7	10	6	23	6	15	4	4	14	0	0	17	2	1	0	12	10	5	3	7	3	6	1	5	14	20	3	13	4	11	6	14	11	24	10	17	9	25	11	15	36	29	23	36	4	24	13	9	9	23	7	9	10	9	2	6	21	30	28	12	2	20	9	
3083_A/goose/Zhejiang/925 12	8	9	6	21	5	16	4	5	15	0	0	14	1	1	0	9	11	6	3	9	4	5	1	8	13	20	3	13	4	11	6	17	12	26	9	12	10	22	12	17	34	24	24	36	4	28	13	8	10	21	5	8	11	12	3	9	17	29	24	10	4	21	14	
3084_A/goose/Zhejiang/S12 12	8	9	4	21	7	16	6	6	13	0	0	10	2	1	0	8	10	7	1	9	5	3	4	7	14	24	3	18	3	7	4	17	9	24	9	13	14	26	13	16	35	22	22	37	3	28	18	8	12	19	4	6	7	11	4	7	16	25	22	14	5	25	16	
3085_A/Great_Black-headed 13	7	7	4	20	7	18	6	9	12	0	0	10	3	1	0	8	10	6	2	10	4	4	3	5	16	24	3	16	2	7	4	18	10	21	9	11	12	27	13	15	35	22	21	37	4	28	19	7	13	21	3	9	8	10	5	8	16	27	26	13	4	24	12	
3086_A/Great_Cormorant/Qi 13	7	8	4	20	7	17	6	9	12	0	0	11	3	1	0	8	10	6	2	10	4	4	3	5	15	23	3	15	3	8	4	16	11	21	9	12	12	27	13	15	33	22	21	37	5	28	19	8	13	22	3	9	8	10	5	8	16	26	26	13	4	24	12	
3087_A/Great_Cormorant/Qi 13	7	8	4	20	7	17	6	9	12	0	0	10	3	1	0	8	10	6	2	10	4	4	3	5	16	24	3	16	2	7	4	17	10	21	9	12	12	27	13	15	34	22	21	37	5	28	19	7	13	22	4	9	8	10	5	8	16	26	25	13	4	24	12	
3088_A/Great_Cormorant/Qi 13	7	8	4	20	7	17	6	9	12	0	0	10	3	1	0	8	10	6	2	10	4	4	3	5	16	24	3	15	2	7	4	18	10	21	9	12	12	27	13	15	34	22	21	37	5	28	19	7	13	22	3	9	8	10	5	8	16	26	26	13	4	24	12	
3089_A/Great_Crested_Greb 13	7	9	4	20	7	16	6	9	12	0	0	10	3	1	0	8	10	6	2	10	4	4	3	5	16	24	3	16	2	7	4	17	10	22	9	11	12	26	13	18	33	23	21	37	4	27	19	6	13	23	3	9	8	10	5	6	16	26	27	15	5	23	11	
3090_A/grebe/Ningxia/SD00 12	8	10	4	21	7	15	6	7	12	0	0	11	2	1	0	8	10	7	1	9	5	3	4	7	14	23	3	16	4	8	4	18	9	21	9	12	14	26	13	16	35	21	24	37	3	28	17	8	13	21	3	6	7	11	6	7	17	24	20	14	4	26	17	
3091_A/grebe/Shaanxi/SD00 12	8	9	4	21	7	16	6	7	13	0	0	12	2	1	0	8	10	7	1	9	5	3	4	7	14	23	3	15	4	8	4	18	9	22	9	12	13	26	13	16	35	22	23	37	3	28	17	8	13	21	3	6	7	11	6	7	15	24	20	14	5	26	17	
3092_A/grebe/Shandong/SC1 12	8	9	3	21	7	16	7	7	13	0	0	12	2	1	0	8	10	7	1	9	5	3	4	6	14	24	4	16	3	7	4	18	9	24	9	12	13	25	13	16	35	23	21	37	3	27	18	8	12	20	4	6	8	11	5	7	16	24	22	14	5	26	15	
3093_A/green-winged_teal/ 11	9	8	4	20	7	17	6	8	12	0	0	11	2	1	0	8	10	7	1	9	5	3	4	6	15	22	3	17	3	9	4	18	9	23	9	12	13	25	13	16	35	22	22	37	3	28	18	8	12	21	3	6	8	11	5	7	16	24	23	14	5	26	15	
3094_A/Herring_Gull/Hubei 13	7	8	4	20	7	17	6	9	12	0	0	10	3	1	0	8	10	6	2	10	4	4	3	5	16	24	3	16	2	7	4	17	10	21	9	12	12	27	13	15	34	22	21	37	5	28	19	7	13	22	3	9	8	10	5	8	16	26	26	13	4	24	12	
3095_A/mallard_duck/Shang 13	8	9	6	21	5	16	4	4	15	0	0	13	1	1	0	8	12	6	3	9	3	4	1	8	14	19	3	14	3	12	6	18	12	27	9	12	12	21	12	17	34	24	24	36	4	28	13	8	10	22	5	8	10	12	3	9	17	30	24	10	4	19	14	
3096_A/mallard/Ningxia/17 14	6	6	5	19	8	19	5	6	11	0	0	14	4	1	0	7	8	6	3	11	6	4	2	8	13	19	2	12	5	12	5	17	7	24	8	12	14	24	14	15	33	21	21	36	6	30	18	7	12	22	3	11	10	10	5	6	16	21	26	14	4	29	12	
3097_A/mallard/Ningxia/17 15	6	6	5	18	8	19	5	6	11	0	0	13	4	1	0	7	8	6	3	11	6	4	2	8	13	19	3	13	5	12	4	17	7	24	8	12	14	24	14	15	33	21	21	36	6	30	18	7	12	22	3	11	10	10	5	6	16	21	26	14	4	29	12	
3098_A/mallard/Ningxia/23 14	6	6	5	19	8	19	5	6	11	0	0	13	4	1	0	7	8	6	3	11	6	4	2	8	13	19	2	13	5	12	5	17	7	24	8	12	14	24	14	15	33	21	21	36	6	30	18	7	12	22	3	11	10	10	5	6	16	21	26	14	4	29	12	
3099_A/mallard/Ningxia/24 14	6	6	5	19	8	19	5	6	11	0	0	13	4	1	0	7	8	6	3	11	6	4	2	8	13	19	2	13	5	12	5	17	7	24	8	12	14	24	14	15	33	21	21	36	6	30	18	7	12	22	3	11	10	10	5	6	16	21	26	14	4	29	12	
3100_A/mallard/Ningxia/24 14	6	6	5	19	8	19	5	6	11	0	0	14	4	1	0	7	8	6	3	11	6	4	2	8	13	19	2	12	5	12	5	17	7	24	8	12	14	24	14	15	33	21	21	36	6	30	18	7	12	22	3	11	10	10	5	6	16	21	26	14	4	29	12	
3101_A/mallard/Ningxia/24 14	6	6	5	19	8	19	5	6	11	0	0	13	4	1	0	7	8	6	3	11	6	4	2	8	13	19	2	13	5	12	5	17	7	23	8	12	14	25	14	15	33	21	21	36	6	30	18	7	12	22	3	11	10	10	5	6	16	21	26	14	4	29	12	
3102_A/mute_swan/Inner_Mo 12	8	9	4	21	7	16	6	7	12	0	0	11	2	1	0	8	10	7	0	9	5	3	4	7	15	23	3	16	3	8	5	18	9	22	9	12	13	26	13	16	35	23	23	37	3	28	16	8	12	21	3	6	8	11	6	7	16	24	22	14	5	26	15	
3103_A/mute_swan/Shandong 12	8	9	4	21	7	16	6	7	12	0	0	11	2	1	0	8	10	7	1	9	5	3	4	6	15	22	3	17	3	9	4	18	9	23	9	12	13	25	13	16	34	22	23	37	4	28	16	8	12	21	3	6	8	11	6	7	17	24	20	14	5	26	17	
3104_A/Peregrine_Falcon/H 12	8	9	4	21	7	16	6	7	13	0	0	11	2	1	0	8	10	7	1	9	5	3	4	6	14	23	3	17	3	8	4	18	9	23	9	12	13	25	13	16	35	23	24	37	3	28	15	8	12	21	3	6	8	11	6	7	16	24	21	14	5	26	16	
3105_A/pheasant/Hebei/B02 12	8	9	4	21	7	16	6	7	13	0	0	11	2	1	0	8	10	7	1	9	5	3	4	7	14	24	3	16	3	7	4	18	9	24	9	12	13	25	13	16	35	22	22	37	3	27	19	8	12	20	3	6	8	11	5	7	16	25	22	14	5	25	16	
3106_A/swan/China/ST/2016 13	7	8	4	20	7	17	6	9	12	0	0	10	3	1	0	9	10	6	2	9	4	4	3	6	15	24	3	15	3	7	4	18	10	24	9	12	12	25	13	15	34	22	20	37	5	26	21	6	13	22	3	9	8	10	5	7	17	26	26	14	3	24	12	
3107_A/swan/Hebei/B01/202 12	8	9	4	21	6	16	6	7	13	0	0	11	2	1	0	9	10	7	1	9	5	3	4	6	15	23	3	16	3	8	4	18	8	23	9	11	13	27	13	16	34	23	23	37	3	28	15	8	12	21	3	6	8	11	6	7	17	24	21	14	5	26	16	
3108_A/swan/Shandong/W376 13	7	7	5	20	7	18	5	6	12	0	0	8	3	1	0	9	11	7	2	9	4	3	3	8	14	23	2	18	3	8	5	15	10	25	10	14	11	24	12	16	36	25	21	37	3	25	18	5	10	21	3	12	11	13	5	4	18	24	29	15	3	24	9	
3109_A/tundra_swan/Hubei/ 12	7	9	4	21	7	16	6	7	12	0	0	11	2	1	0	8	11	7	1	9	5	3	4	6	16	23	3	17	2	8	4	18	10	23	9	12	12	25	13	16	35	22	23	37	3	28	17	8	12	21	3	6	8	11	5	7	16	24	22	14	5	26	16	
3110_A/tundra_swan/Hubei/ 12	8	9	4	21	7	16	6	7	12	0	0	11	2	1	0	7	10	7	1	10	5	3	4	6	15	23	3	17	3	8	4	17	8	23	9	13	13	25	13	16	35	23	23	37	3	28	16	8	13	22	3	6	8	10	6	7	16	24	21	14	5	26	16	
3111_A/tundra_swan/Hubei/ 12	8	9	4	21	7	16	6	7	12	0	0	11	2	1	0	8	10	7	1	9	5	3	4	6	15	23	3	17	3	8	4	18	9	23	9	12	13	25	13	16	35	23	23	37	3	28	16	8	12	21	3	6	8	11	6	7	16	24	21	14	5	26	16	
3112_A/tundra_swan/Hubei/ 12	8	9	4	21	7	16	6	7	12	0	0	11	2	1	0	8	10	7	1	9	5	3	4	6	15	23	3	17	3	8	4	18	9	23	9	12	13	25	13	15	35	23	23	37	3	28	16	8	12	21	3	6	8	11	6	8	16	24	21	14	5	26	16	
3113_A/tundra_swan/Hubei/ 12	8	9	4	21	7	16	6	7	12	0	0	11	2	1	0	8	10	7	1	9	5	3	4	6	15	23	3	17	3	8	4	18	9	23	9	12	13	25	13	16	35	22	23	37	3	29	16	8	12	21	3	6	8	11	6	8	15	24	21	13	6	26	16	
3114_A/tundra_swan/Hubei/ 12	8	9	4	21	7	16	6	7	12	0	0	11	2	1	0	8	10	7	1	9	5	3	4	6	15	23	3	17	3	8	4	17	9	23	9	13	13	25	13	16	35	23	23	37	3	28	16	8	12	21	3	6	8	11	6	7	16	24	21	14	5	26	16	
3115_A/turkey/Chiayi/1702 16	9	6	5	17	5	19	5	6	13	0	0	15	3	1	0	9	7	5	2	9	5	5	3	10	14	23	2	9	5	8	5	19	9	24	9	12	13	25	12	15	31	24	20	37	7	28	19	8	13	21	2	9	7	10	6	6	17	27	28	12	5	23	10	
3116_A/whiskered_tern/Hub 12	8	9	4	21	7	16	6	7	12	0	0	11	2	1	0	8	10	7	1	9	5	3	4	6	15	23	3	17	3	8	4	18	9	23	9	12	13	25	13	17	35	23	23	36	3	28	16	8	12	21	3	6	8	11	6	7	16	24	21	14	5	26	16	
3117_A/whooper_swan/Henan 12	8	9	4	21	7	16	6	7	12	0	0	11	2	1	0	8	10	7	1	9	5	3	4	6	15	23	3	17	3	8	4	18	9	23	9	12	13	25	13	16	35	23	23	37	3	28	16	8	12	21	3	6	8	11	6	7	16	24	21	14	5	26	16	
3118_A/whooper_swan/Henan 12	7	9	4	21	7	16	6	7	12	0	0	11	2	1	0	8	10	7	1	9	6	3	4	6	15	23	3	17	3	8	4	18	9	23	9	12	12	25	13	16	35	22	23	37	3	29	16	8	13	21	3	6	8	11	6	8	16	24	21	13	5	26	16	
3119_A/whooper_swan/Henan 12	8	9	4	21	7	16	6	7	12	0	0	11	2	1	0	8	10	7	1	9	5	3	4	6	15	23	3	17	3	8	4	18	9	23	9	12	13	25	13	16	35	22	23	37	3	29	16	8	12	21	3	6	8	11	6	8	16	24	21	13	5	26	16	
3120_A/whooper_swan/Henan 13	9	9	4	20	7	16	6	8	12	0	0	11	2	1	0	8	10	7	1	9	5	3	4	5	14	23	3	17	4	8	4	18	9	23	9	12	13	25	13	16	35	24	23	37	3	27	16	8	11	21	3	6	8	11	6	7	16	24	21	14	5	26	16	
3121_A/whooper_swan/Henan 12	8	9	4	21	7	16	6	7	12	0	0	11	2	1	0	8	10	7	1	9	5	3	4	6	15	23	3	17	3	8	4	19	9	24	9	11	13	25	13	16	35	22	23	37	3	28	16	8	12	21	3	6	8	11	6	7	16	24	21	14	5	26	16	
3122_A/whooper_swan/Henan 12	8	9	4	21	7	16	6	7	12	0	0	11	2	1	0	8	10	7	1	9	5	3	4	6	15	23	3	17	3	8	4	18	10	23	9	12	12	25	13	16	35	23	23	37	3	28	16	8	12	21	3	6	8	11	6	7	16	24	21	14	5	26	16	
3123_A/whooper_swan/Henan 12	8	9	4	21	7	16	6	7	12	0	0	11	2	1	0	8	10	7	1	9	5	3	4	6	15	23	3	17	3	8	4	19	9	23	9	11	13	25	13	16	35	23	23	37	3	28	16	8	12	21	3	6	8	11	6	7	16	24	21	14	5	26	16	
3124_A/whooper_swan/Henan 12	8	9	4	21	7	16	6	7	12	0	0	11	2	1	0	8	10	7	1	9	5	3	4	6	15	23	3	17	3	8	4	18	9	23	9	12	13	25	13	15	35	23	24	37	3	28	15	8	12	21	3	6	8	11	6	8	16	24	21	14	5	26	16	
3125_A/whooper_swan/Henan 12	7	9	4	21	7	16	6	7	12	0	0	11	2	1	0	8	10	7	1	9	5	3	4	6	15	23	3	17	3	8	4	18	10	23	9	12	12	25	13	15	35	23	23	37	3	28	16	8	13	21	3	6	8	11	6	8	16	24	21	14	5	26	16	
3126_A/whooper_swan/Henan 13	8	9	4	20	7	16	6	7	12	0	0	11	2	1	0	8	10	7	1	9	5	3	4	6	15	23	3	17	3	8	4	18	9	23	9	12	13	25	13	16	35	22	23	37	3	29	16	8	12	21	3	6	8	11	6	7	16	24	21	14	5	26	16	
3127_A/whooper_swan/Henan 13	8	9	4	20	7	16	6	7	12	0	0	11	2	1	0	8	10	7	1	9	5	3	4	6	15	23	3	17	3	8	4	18	9	23	9	12	13	25	13	16	35	22	23	37	3	29	16	8	12	21	3	6	8	11	6	7	16	24	21	14	5	26	16	
3128_A/whooper_swan/Inner 12	8	9	4	21	7	16	6	7	12	0	0	11	2	1	0	8	10	7	0	9	5	3	4	6	15	23	3	17	3	8	5	18	9	22	9	12	13	26	13	16	35	23	23	37	3	28	16	8	12	21	3	6	8	11	6	7	16	24	21	14	5	26	16	
3129_A/Whooper_Swan/Sanme 12	7	8	4	21	7	17	6	9	12	0	0	10	3	1	0	8	10	6	2	10	4	4	3	6	15	24	3	15	3	7	4	18	10	24	9	12	12	25	13	15	34	22	20	37	5	26	21	6	13	22	3	8	9	10	5	7	17	26	26	14	3	24	12	
3130_A/Whooper_swan/Sanme 12	8	9	4	21	7	16	6	7	13	0	0	11	2	1	0	8	10	7	1	10	4	3	4	6	14	24	3	17	3	7	4	18	9	24	9	12	13	25	13	16	35	22	22	37	3	28	18	8	12	20	3	6	8	11	5	7	16	24	22	14	5	26	16	
3131_A/Whooper_swan/Sanme 12	8	9	4	21	7	16	6	8	12	0	0	10	2	1	0	8	10	7	2	9	5	3	3	6	15	23	3	17	3	8	4	18	9	23	9	12	13	25	13	16	35	21	23	36	4	29	17	8	12	21	3	6	8	11	5	7	15	24	22	14	6	26	16	
3132_A/Whooper_swan/Sanme 13	8	9	4	20	7	16	6	7	12	0	0	11	2	1	0	8	10	7	1	9	5	3	4	6	15	23	3	17	3	8	4	18	9	23	9	12	13	25	13	16	35	22	23	37	3	29	16	8	12	21	3	6	8	11	6	7	16	24	21	14	5	26	16	
3133_A/Whooper_swan/Sanme 12	8	9	4	21	7	16	6	8	12	0	0	10	2	1	0	8	10	7	2	9	5	3	3	6	15	23	3	17	3	8	4	18	9	23	9	12	13	25	13	16	35	22	23	36	4	28	17	8	12	21	3	6	8	11	5	7	15	24	22	14	6	26	16	
3134_A/Whooper_swan/Sanme 12	8	9	4	21	7	16	6	7	12	0	0	11	2	1	0	8	10	7	1	9	5	3	4	6	15	23	3	17	3	8	4	18	9	23	9	12	13	25	13	16	35	23	23	37	3	27	17	8	12	21	3	6	8	11	6	7	16	24	21	14	5	26	16	
3135_A/Whooper_swan/Sanme 12	8	9	4	21	7	16	6	7	13	0	0	11	2	1	0	8	10	7	1	10	4	3	4	6	14	24	3	17	3	7	4	18	9	24	9	12	13	25	13	16	35	22	22	37	3	28	18	8	12	20	3	6	8	11	5	7	16	24	22	14	5	26	16	
3136_A/Whooper_swan/Sanme 12	8	9	4	21	7	16	6	7	12	0	0	11	2	1	0	8	10	7	1	9	5	3	4	6	15	23	3	17	3	8	4	18	9	23	9	12	13	25	13	16	35	23	23	37	3	28	16	8	12	21	3	6	8	11	6	7	16	24	21	14	5	26	16	
3137_A/Whooper_swan/Sanme 12	8	9	4	21	7	16	6	7	12	0	0	11	2	1	0	8	10	7	1	9	5	3	4	6	15	23	3	17	3	8	4	18	9	23	9	12	13	25	13	16	35	23	23	37	3	28	16	8	12	21	3	6	8	11	6	7	16	24	21	14	5	26	16	
3138_A/Whooper_swan/Sanme 12	8	9	4	21	7	16	6	7	12	0	0	11	2	1	0	8	10	7	1	8	5	3	4	7	15	23	3	17	3	8	4	18	9	24	9	12	13	24	13	16	35	23	23	37	3	28	16	8	12	20	3	6	8	12	6	7	16	24	21	14	5	26	16	
3139_A/Whooper_swan/Sanme 12	8	9	4	21	7	16	6	7	13	0	0	11	2	1	0	8	10	7	1	9	5	3	4	6	14	24	3	17	3	7	4	18	9	23	9	12	13	25	13	16	35	22	23	37	3	28	17	8	12	21	3	6	8	11	5	7	16	24	22	14	5	26	16	
3140_A/Whooper_swan/Sanme 13	8	9	4	20	7	16	6	7	12	0	0	11	2	1	0	8	10	7	1	9	5	3	4	6	15	23	3	17	3	8	4	18	9	23	9	12	13	25	13	16	35	22	23	37	3	29	16	8	12	21	3	6	8	11	6	7	16	24	21	14	5	26	16	
3141_A/Whooper_swan/Sanme 12	8	9	4	21	7	16	6	7	13	0	0	11	2	1	0	8	10	7	1	10	4	3	4	6	14	24	3	17	3	7	4	18	9	24	9	12	13	25	13	16	35	22	22	37	3	28	18	8	12	20	3	6	8	11	5	7	16	25	22	14	5	25	16	
3142_A/Whooper_swan/Sanme 12	8	9	4	21	7	16	6	7	12	0	0	11	2	1	0	8	10	7	1	9	5	3	3	6	15	23	4	17	3	8	4	18	9	22	9	12	13	25	13	16	35	23	23	37	3	28	16	8	12	22	3	6	8	11	6	7	16	24	21	14	5	26	16	
3143_A/Whooper_swan/Sanme 12	8	9	4	21	7	16	6	7	12	0	0	11	2	1	0	7	10	7	1	10	5	3	4	6	15	23	3	17	3	8	4	18	9	23	9	12	13	25	13	16	35	23	23	37	3	27	17	8	12	21	3	6	8	11	6	7	16	24	21	14	5	26	16	
3144_A/Whooper_swan/Sanme 12	8	9	4	21	7	16	6	7	12	0	0	11	2	1	0	8	10	7	1	9	5	3	4	6	15	23	3	17	3	8	4	18	9	23	9	12	13	25	13	16	35	23	23	37	3	28	16	8	12	21	3	6	8	11	6	7	16	24	21	14	5	26	16	
3145_A/Whooper_swan/Sanme 12	8	9	4	21	7	16	6	7	12	0	0	11	2	1	0	8	10	7	1	9	5	3	4	6	15	23	3	17	3	8	4	18	9	23	9	12	13	25	13	16	35	22	23	37	3	29	16	8	12	21	3	6	8	11	6	8	16	24	21	13	5	26	16	
3146_A/Whooper_swan/Sanme 12	8	9	4	21	7	16	6	7	12	0	0	11	2	1	0	8	10	7	1	9	5	3	4	6	15	23	3	17	3	8	4	18	9	23	10	12	13	25	12	16	35	23	23	37	3	28	16	8	12	21	3	6	8	11	6	7	16	24	21	14	5	26	16	
3147_A/Whooper_swan/Sanme 12	8	9	4	21	7	16	6	7	12	0	0	11	2	1	0	8	10	7	1	9	5	3	4	6	15	23	3	17	3	8	4	18	9	23	9	12	13	25	13	16	35	23	23	37	3	28	16	8	12	21	3	6	8	11	6	8	16	24	21	13	5	26	16	
3148_A/Whooper_swan/Sanme 12	8	9	4	21	7	16	6	7	12	0	0	11	2	1	0	8	10	7	1	9	5	3	4	6	15	24	3	17	3	7	4	18	9	23	9	12	13	25	13	15	35	23	23	37	3	28	16	8	12	21	3	6	8	11	6	8	16	24	21	14	5	26	16	
3149_A/Whooper_swan/Sanme 12	8	9	4	21	7	16	6	7	12	0	0	11	2	1	0	8	10	7	1	9	5	3	4	6	15	23	3	17	3	8	4	18	9	23	9	12	13	25	13	16	35	22	23	37	3	29	16	8	12	21	3	6	8	11	6	8	16	24	21	13	5	26	16	
3150_A/Whooper_swan/Sanme 13	8	9	4	20	7	16	6	7	12	0	0	11	2	1	0	8	10	7	1	9	5	3	4	6	15	23	3	17	3	8	4	18	9	23	9	12	13	25	13	16	35	22	23	37	3	29	16	8	12	21	3	6	8	11	6	7	16	24	21	14	5	26	16	
3151_A/Whooper_swan/Sanme 12	8	9	4	21	7	16	6	7	12	0	0	11	2	1	0	8	10	7	1	9	5	3	4	6	15	23	3	17	3	8	4	18	9	23	9	12	13	25	13	16	35	22	23	37	3	28	17	8	12	21	3	6	8	11	5	7	16	24	23	14	5	26	15	
3152_A/Whooper_swan/Sanme 12	8	9	4	21	7	16	6	7	12	0	0	11	2	1	0	8	10	7	1	9	5	3	4	6	15	23	3	17	3	8	4	18	9	23	9	12	13	25	13	16	35	23	23	37	3	28	16	8	12	21	3	6	8	11	6	7	16	24	21	14	5	26	16	
3153_A/whooper_swan/Shaan 13	8	9	4	20	7	16	6	7	12	0	0	11	2	1	0	8	10	7	1	9	5	3	4	6	15	23	3	17	3	8	4	18	9	23	9	12	13	25	13	16	35	22	23	37	3	29	16	8	12	21	3	6	8	11	6	7	16	24	21	14	5	26	16	
3154_A/whooper_swan/Shaan 12	8	9	4	21	7	16	6	7	12	0	0	11	2	1	0	8	10	7	1	9	5	3	4	6	15	23	3	17	3	8	4	19	9	23	9	11	13	25	13	16	35	23	23	37	3	28	16	8	12	21	3	6	8	11	6	7	16	24	21	14	5	26	16	
3155_A/whooper_swan/Shaan 12	8	9	4	21	7	16	6	7	12	0	0	11	2	1	0	8	10	7	1	9	5	3	4	6	15	23	3	17	3	8	4	19	9	23	9	11	13	25	13	16	35	23	23	37	3	28	16	8	12	21	3	6	8	11	6	7	16	24	21	14	5	26	16	
3156_A/whooper_swan/Shand 12	7	9	4	21	8	16	6	7	13	0	0	11	2	1	0	8	10	7	1	9	5	3	4	6	14	23	3	17	3	8	4	18	9	24	9	12	13	25	13	16	35	24	22	37	3	26	18	8	12	19	3	6	8	13	5	7	16	22	22	14	5	27	16	
3157_A/whooper_swan/Shand 12	7	9	4	21	8	16	6	7	13	0	0	11	2	1	0	8	10	7	1	9	5	3	4	6	14	24	3	17	3	7	4	18	9	24	9	12	13	25	13	16	35	24	22	37	3	26	18	8	12	19	3	6	8	13	5	7	16	22	22	13	6	27	16	
3158_A/whooper_swan/Shand 12	7	9	4	21	8	16	6	7	13	0	0	11	2	1	0	8	10	7	1	9	5	3	4	6	14	24	3	17	3	7	4	18	9	24	9	12	13	25	13	16	35	24	22	37	3	26	18	8	12	19	3	6	8	13	5	7	16	22	22	14	5	27	16	
3159_A/whooper_swan/Shand 15	6	6	5	18	8	19	5	7	11	0	0	14	4	1	0	7	8	6	3	11	6	4	2	8	13	19	2	12	5	12	5	17	7	26	7	12	14	23	14	14	33	21	21	36	6	30	18	7	12	22	3	11	10	10	5	6	16	21	26	14	4	29	12	
3160_A/whooper_swan/Shand 12	8	9	4	21	7	16	6	7	13	0	0	11	2	1	0	8	10	7	1	9	5	3	4	6	14	24	3	17	3	7	4	18	9	24	9	12	13	25	13	16	35	23	22	37	3	27	18	8	12	19	3	6	8	12	5	7	16	24	22	14	5	26	16	
3161_A/whooper_swan/Shand 12	8	9	4	21	7	16	6	7	13	0	0	11	2	1	0	8	10	7	1	9	5	3	4	6	14	24	3	17	3	7	4	18	9	24	9	12	13	25	13	16	35	23	22	37	3	27	18	8	12	19	4	6	8	12	4	7	16	23	22	14	5	27	16	
3162_A/whooper_swan/Shand 12	8	9	4	21	7	16	6	7	13	0	0	11	2	1	0	8	10	7	1	9	5	3	4	6	14	24	4	17	3	7	3	17	9	24	9	13	13	25	13	16	35	24	22	37	3	26	18	8	12	19	3	6	8	12	5	7	16	23	22	14	5	27	16	
3163_A/whooper_swan/Shanx 12	8	9	4	21	7	16	6	7	12	0	0	11	2	1	0	8	10	7	1	9	5	3	4	6	15	23	3	17	3	8	4	18	9	23	9	12	13	25	13	16	35	23	23	37	3	28	16	8	12	21	3	6	8	11	6	7	16	24	21	14	5	26	16	
3164_A/whooper_swan/Shanx 12	8	9	4	21	7	16	6	7	12	0	0	11	2	1	0	8	10	7	1	9	5	3	4	6	15	23	3	17	3	8	4	18	9	23	9	12	13	25	13	16	35	23	23	37	3	28	16	8	12	21	3	6	8	11	6	7	16	24	21	14	5	26	16	
3165_A/whooper_swan/Shanx 12	7	8	4	21	7	17	6	9	12	0	0	10	3	1	0	8	10	6	2	10	4	4	3	6	15	24	3	15	3	7	4	18	10	24	9	12	12	25	13	15	34	22	20	37	5	26	21	6	13	22	3	8	9	10	5	7	17	26	26	14	3	24	12	
3166_A/whooper_swan/Shanx 12	8	9	4	21	7	16	6	8	12	0	0	11	2	1	0	8	10	7	1	9	5	3	4	5	15	23	3	17	3	8	4	18	9	23	9	12	13	25	13	16	35	23	23	37	3	28	16	8	12	20	3	7	8	12	6	6	16	24	21	14	5	26	16	
3167_A/whooper_swan/Shanx 12	8	9	4	21	7	16	6	7	12	0	0	11	2	1	0	8	10	7	1	9	5	3	4	6	15	23	3	17	3	8	4	18	9	23	9	12	13	25	13	16	35	23	23	37	3	28	16	8	12	21	3	6	8	11	6	7	16	24	21	14	5	26	16	
3168_A/whooper_swan/Shanx 12	8	9	4	21	7	16	6	8	12	0	0	11	2	1	0	8	10	7	1	9	5	3	4	5	15	23	3	17	3	8	4	18	9	23	9	12	13	25	13	16	35	23	23	37	3	27	17	8	12	20	3	7	8	12	6	6	16	24	21	14	5	26	16	
3169_A/whooper_swan/Shanx 12	8	9	4	21	7	15	6	7	12	0	0	11	2	1	0	8	10	7	1	9	5	3	4	6	15	23	3	17	3	8	4	18	9	23	9	12	13	26	13	16	35	24	23	37	3	27	16	8	12	20	3	6	8	11	5	7	16	25	22	14	5	26	16	
3170_A/whooper_swan/Shanx 13	9	9	4	20	7	16	6	8	12	0	0	11	2	1	0	8	10	7	1	9	5	3	4	5	14	23	3	17	4	8	4	18	9	23	9	12	13	25	13	16	35	24	23	37	3	27	16	8	11	21	3	6	8	11	6	7	16	24	21	14	5	26	16	
3171_A/whooper_swan/Shanx 13	9	9	4	20	7	16	6	8	12	0	0	11	2	1	0	8	10	7	1	9	5	3	4	5	14	23	3	17	4	8	4	18	9	23	9	12	13	25	13	16	35	24	23	37	3	27	16	8	11	21	3	6	8	11	6	7	16	24	21	14	5	26	16	
3172_A/whooper_swan/Shanx 13	9	9	4	20	7	16	6	8	12	0	0	11	2	1	0	8	10	7	1	9	5	3	4	5	14	23	3	17	4	8	4	18	9	23	9	12	13	25	13	16	35	24	23	37	3	27	16	8	11	21	3	6	8	11	6	7	16	24	21	14	5	26	16	
3173_A/whooper_swan/Shanx 13	9	9	4	20	7	16	6	8	12	0	0	11	2	1	0	8	10	7	1	9	5	3	4	5	14	23	3	17	4	8	4	18	9	23	9	12	13	25	13	16	35	24	23	37	3	27	16	8	11	21	3	6	8	11	6	7	16	24	21	14	5	26	16	
3174_A/whooper_swan/Shanx 12	8	9	4	21	7	16	6	7	12	0	0	11	2	1	0	8	10	7	1	9	5	3	4	6	15	24	3	17	3	7	4	18	9	23	9	12	13	25	13	15	35	23	23	37	3	28	16	8	12	21	3	6	8	11	5	8	16	24	22	14	5	26	16	
3175_A/whooper_swan/Shanx 12	8	8	4	21	7	17	6	7	12	0	0	11	2	1	0	8	10	7	1	9	5	3	4	6	15	24	3	17	3	7	4	18	9	23	9	12	13	25	13	15	35	23	23	37	3	28	16	8	12	21	3	6	8	11	6	8	16	24	21	14	5	26	16	
3176_A/whooper_swan/Shanx 13	9	9	4	20	7	16	6	8	12	0	0	11	2	1	0	8	10	7	1	9	5	3	4	5	13	23	3	17	5	8	4	18	9	23	9	12	13	25	13	16	35	24	23	37	3	27	16	8	11	21	3	6	8	11	6	7	16	24	21	14	5	26	16	
3177_A/whooper_swan/Shanx 12	8	9	4	21	7	16	6	7	12	0	0	11	2	1	0	8	10	7	1	9	5	3	4	6	14	23	3	17	4	8	4	18	9	23	9	12	13	25	13	16	35	23	23	37	3	28	16	8	12	21	3	6	8	11	6	7	16	24	21	14	5	26	16	
3178_A/wild_bird/Hubei/12 12	7	8	5	20	7	17	5	9	12	0	0	10	3	1	0	8	10	6	2	10	4	4	3	5	17	24	3	16	1	7	4	19	10	22	9	11	12	27	13	15	34	22	21	38	5	25	21	7	13	22	3	9	8	10	6	7	16	26	26	13	4	24	11	
3179_A/wild_duck/Jiangsu/ 13	8	8	4	21	7	16	6	7	13	0	0	11	2	1	0	8	11	7	1	9	5	3	4	6	13	24	3	17	3	7	4	18	9	25	9	12	13	24	13	16	35	22	22	37	3	28	18	8	12	20	3	6	8	11	5	7	16	24	22	14	5	26	16	
3180_A/wild_duck/Shandong 12	7	9	4	21	8	16	6	7	13	0	0	11	2	1	0	8	10	7	1	9	5	3	4	6	14	24	3	17	3	7	4	18	9	24	9	12	13	25	13	16	35	24	22	37	3	26	18	8	12	19	3	6	8	13	5	7	16	22	22	14	5	27	16	
3181_A/wild_goose/Shandon 12	8	9	4	21	7	16	6	7	13	0	0	11	2	1	0	8	10	7	1	9	5	3	4	6	14	24	3	17	3	7	4	18	9	24	9	12	13	25	13	16	35	23	22	37	3	27	18	8	12	19	4	6	8	12	4	7	16	23	22	14	5	27	16	
3182_A/Anser_cygnoides/Hu 12	7	8	5	20	7	17	5	9	12	0	0	10	3	1	0	8	10	6	2	10	4	4	3	5	17	24	3	16	1	7	4	19	10	22	9	11	12	27	13	15	34	22	21	38	5	25	21	7	13	22	3	9	8	10	6	7	16	26	26	13	4	24	11	
3183_A/Chlidonias_hybrida 12	8	9	4	21	7	16	6	7	12	0	0	11	2	1	0	8	10	7	1	9	5	3	4	6	15	23	3	17	3	8	4	18	9	23	9	12	13	25	13	16	35	22	23	37	3	29	16	8	12	21	3	6	8	11	6	8	15	24	21	13	6	26	16	
3184_A/Cygnus_atratus/Hub 13	7	8	4	20	7	17	6	9	12	0	0	10	3	1	0	8	10	6	2	9	4	4	3	7	15	23	3	15	3	8	4	18	10	23	9	12	12	26	13	14	34	22	20	37	5	26	21	6	13	22	4	9	8	10	5	8	18	26	25	14	2	24	12	
3185_A/Cygnus_atratus/Hub 13	7	8	4	20	7	17	6	9	12	0	0	10	3	1	0	8	10	6	2	10	4	4	3	6	16	23	3	15	2	8	4	18	10	23	9	12	12	26	13	15	34	22	20	37	5	26	21	6	13	22	3	9	8	10	5	7	18	26	26	14	2	24	12	
3186_A/Cygnus_columbianus 12	8	9	4	21	7	16	6	7	12	0	0	11	2	1	0	8	10	7	1	9	5	3	4	6	15	23	3	17	3	8	4	17	9	23	9	13	13	25	13	16	35	23	23	37	3	28	16	8	12	21	3	6	8	11	6	7	16	24	21	14	5	26	16	
3187_A/Cygnus_columbianus 12	8	9	4	21	7	16	6	7	12	0	0	11	2	1	0	8	10	7	1	9	5	3	4	6	15	23	3	17	3	8	4	18	9	23	9	12	13	25	13	16	35	23	23	37	3	28	16	8	12	21	3	6	8	11	6	7	16	24	21	14	5	26	16	
3188_A/Cygnus_columbianus 12	8	9	4	21	7	16	6	7	12	0	0	11	2	1	0	8	10	7	1	9	5	3	4	6	16	23	3	17	2	8	4	18	9	23	9	12	13	25	13	16	35	22	23	37	3	28	17	8	12	21	3	6	8	11	5	7	16	24	22	14	5	26	16	
3189_A/Cygnus_columbianus 12	8	9	4	21	7	16	6	6	12	0	0	11	2	1	0	7	10	7	1	10	5	3	4	7	15	23	3	17	3	8	4	17	9	23	9	13	13	25	13	16	35	23	23	37	3	28	16	8	12	22	3	6	8	10	6	7	16	24	21	14	5	26	16	
3190_A/Cygnus_columbianus 12	8	9	4	21	7	16	6	7	12	0	0	11	2	1	0	8	10	7	1	9	5	3	4	6	15	23	3	17	3	8	4	18	9	22	10	12	13	25	13	16	35	23	23	37	3	28	16	8	12	21	3	6	8	11	6	7	16	24	21	14	5	26	16	
3191_A/Cygnus_columbianus 12	8	9	4	21	7	16	6	7	12	0	0	11	2	1	0	8	10	7	1	9	5	3	4	6	15	23	3	17	3	8	4	18	9	23	9	12	13	25	13	16	35	22	23	37	3	29	16	8	12	21	3	6	8	11	6	8	15	24	21	13	6	26	16	
3192_A/Cygnus_columbianus 12	8	9	4	21	7	16	6	7	12	0	0	11	2	1	0	8	10	7	1	9	5	3	4	6	15	23	3	17	3	8	4	18	9	23	9	12	13	25	13	16	35	23	23	37	3	27	17	8	12	21	3	6	8	11	6	7	16	24	21	14	5	26	16	
3193_A/Whooper_Swan/Sanme 12	7	8	4	21	7	17	6	9	12	0	0	10	3	1	0	8	10	6	2	10	4	4	3	6	15	24	3	15	3	7	4	18	10	24	9	12	12	25	13	15	34	22	20	37	5	26	21	6	13	22	3	8	9	10	5	7	17	26	26	14	3	24	12	
3194_A/Wild_bird/Huadong/ 12	8	9	4	21	7	16	6	7	13	0	0	11	2	1	0	8	9	7	1	9	6	3	4	6	14	24	3	17	3	7	4	18	9	24	9	12	13	25	13	16	35	22	22	37	3	28	18	8	12	20	3	6	8	11	5	7	16	24	23	14	5	26	15	
3195_A/chicken/Changhua/1 13	5	12	5	20	8	13	5	7	12	0	1	12	4	0	0	8	12	6	4	9	5	4	0	8	11	21	2	13	4	11	7	18	9	24	9	12	13	25	11	17	36	24	25	36	3	28	12	8	11	19	6	10	9	12	4	8	18	28	24	11	3	23	12	
3196_A/chicken/Changhua/1 13	5	12	5	20	8	13	5	7	12	0	1	11	4	0	0	9	12	6	4	8	5	4	0	8	11	21	2	14	4	11	7	18	9	26	9	12	13	23	11	17	36	24	24	36	3	28	13	8	11	19	6	10	9	12	4	8	18	28	24	11	3	23	12	
3197_A/chicken/Changhua/1 13	5	12	5	20	8	13	5	7	12	0	1	12	4	0	0	9	12	6	4	8	5	4	0	8	11	21	2	13	4	11	7	18	9	25	9	12	13	24	11	17	36	24	24	36	3	28	13	8	11	19	6	10	9	12	4	8	18	28	24	11	3	23	12	
3198_A/chicken/Changhua/1 13	5	12	5	20	8	13	5	7	12	0	1	11	4	0	0	9	12	6	4	8	5	4	0	8	11	21	2	14	4	11	7	18	9	25	9	12	13	24	11	17	36	24	24	36	3	28	13	8	11	19	6	10	9	12	4	8	18	29	24	11	3	22	12	
3199_A/chicken/Changhua/1 11	7	9	4	22	8	16	6	4	11	0	0	11	3	1	0	9	10	7	2	9	4	3	3	10	11	22	3	14	7	10	6	14	9	24	7	16	10	24	15	15	37	22	17	37	3	29	20	6	12	22	3	11	9	10	5	7	18	25	24	12	4	25	14	
3200_A/chicken/Changhua/1 11	7	9	4	22	8	16	6	4	12	0	0	11	2	1	0	10	9	7	2	9	4	3	3	10	11	22	3	14	7	10	6	14	9	24	7	16	10	24	15	15	37	22	17	37	3	29	20	6	12	22	4	11	9	10	4	7	18	25	24	12	4	25	14	
3201_A/chicken/Chiayi/150 11	7	9	4	22	8	16	6	4	11	0	0	11	3	1	0	9	10	7	2	9	4	3	3	10	11	22	3	14	7	10	6	15	9	24	7	15	10	24	15	15	37	22	17	37	3	29	20	6	12	22	4	11	9	10	4	7	18	25	24	12	4	25	14	
3202_A/chicken/Kaohsiung/ 16	8	6	5	17	5	19	5	7	13	0	0	14	3	1	0	9	8	5	2	9	5	5	3	9	14	22	3	10	5	9	4	18	10	26	9	13	11	24	12	15	33	23	20	37	6	28	19	8	13	21	3	9	7	10	5	6	16	27	28	12	6	23	10	
3203_A/chicken/Kaohsiung/ 16	8	6	5	17	5	19	5	6	13	0	0	14	3	1	0	9	8	5	2	9	5	5	3	10	14	22	3	10	5	9	4	18	9	26	9	13	12	24	12	15	33	22	20	37	6	29	19	8	13	21	3	9	7	10	5	6	17	27	28	12	5	23	10	
3204_A/chicken/Kaohsiung/ 16	8	6	5	17	5	19	5	6	13	0	0	15	3	1	0	9	8	5	2	9	5	4	4	10	14	22	3	9	5	9	4	18	9	26	9	13	12	24	12	15	33	22	20	37	6	29	19	8	13	21	2	9	7	10	6	6	17	27	28	12	5	23	10	
3205_A/chicken/Kaohsiung/ 15	8	6	5	18	5	19	5	6	13	0	0	15	3	1	0	9	8	5	2	9	5	5	3	10	14	23	2	9	5	8	5	18	9	26	9	13	13	23	12	15	32	23	21	37	6	29	18	8	13	21	2	9	7	10	6	6	17	27	27	12	5	23	11	
3206_A/chicken/Kaohsiung/ 17	8	5	5	16	5	20	5	7	13	0	0	13	3	1	0	9	8	5	2	9	5	5	3	10	14	23	3	10	5	8	4	18	8	27	8	13	11	24	13	15	33	21	20	37	6	30	19	8	13	20	3	9	8	11	5	6	17	28	28	12	5	22	10	
3207_A/chicken/Kaohsiung/ 16	8	6	5	17	5	19	5	6	13	0	0	15	3	1	0	9	8	5	2	9	5	4	4	10	14	22	3	9	5	9	4	18	9	26	9	13	12	24	12	15	33	22	20	37	6	29	19	8	13	21	2	9	7	10	6	6	17	27	28	12	5	23	10	
3208_A/chicken/Kaohsiung/ 17	8	5	5	16	5	20	5	6	13	0	0	14	3	1	0	9	8	5	2	10	5	5	3	9	15	22	3	10	4	9	4	17	10	26	10	13	12	23	12	15	32	22	20	37	7	29	19	7	13	21	3	10	7	10	5	6	17	27	26	12	5	23	12	
3209_A/chicken/Miaoli/150 13	5	12	5	20	9	13	5	7	12	0	1	12	4	0	0	9	12	6	4	8	4	4	0	8	11	21	2	13	4	11	7	18	9	25	9	12	13	24	11	17	36	24	24	36	3	28	13	8	11	19	6	10	9	12	4	8	18	28	24	11	3	23	12	
3210_A/chicken/Nantou/161 16	8	6	5	17	5	19	5	6	13	0	0	15	3	1	0	9	8	5	2	8	5	5	3	11	14	22	2	9	5	9	5	19	9	26	9	12	13	23	12	15	32	22	20	36	6	31	18	8	13	21	2	8	7	10	6	7	17	27	28	13	5	23	10	
3211_A/chicken/New_Taipei 17	8	6	5	16	5	19	5	6	13	0	0	14	3	1	0	9	8	5	2	9	5	5	3	10	15	22	3	10	4	9	4	19	9	26	9	13	12	24	12	14	33	22	20	37	6	29	19	6	13	21	3	11	7	10	5	6	17	26	28	12	5	23	11	
3212_A/chicken/New_Taipei 17	8	6	5	16	5	19	5	6	13	0	0	14	3	1	0	9	8	5	2	9	5	5	3	10	15	22	3	10	4	9	4	19	9	26	9	13	12	24	12	14	33	22	20	37	6	29	19	7	13	21	3	10	7	10	5	6	17	27	27	12	5	23	11	
3213_A/chicken/New_Taipei 16	8	6	5	17	5	19	6	5	13	0	0	15	3	1	0	9	8	5	2	8	6	5	3	11	13	22	3	10	5	9	5	18	9	26	9	13	12	24	12	15	34	23	20	37	5	28	18	8	13	21	1	9	7	10	6	7	17	27	27	11	5	23	11	
3214_A/chicken/New_Taipei 16	8	6	5	17	5	19	6	6	13	0	0	13	3	1	0	9	8	5	2	8	6	5	3	11	13	23	3	11	5	8	5	18	9	25	10	14	12	24	12	15	34	24	21	37	5	27	17	7	14	22	1	9	7	9	6	7	17	27	27	11	4	23	11	
3215_A/chicken/New_Taipei 16	8	6	5	17	5	19	6	6	13	0	0	13	3	1	0	9	8	5	2	8	6	5	3	11	13	23	3	11	5	8	5	18	9	26	9	14	12	23	12	15	34	23	21	37	5	28	17	7	14	22	1	9	7	10	6	7	17	27	27	11	4	23	11	
3216_A/chicken/New_Taipei 16	8	6	5	16	5	19	6	6	13	0	0	13	3	1	0	9	8	5	2	8	6	5	3	11	13	23	3	11	5	8	5	18	9	24	11	15	12	24	12	15	34	24	21	37	5	27	17	7	14	22	1	9	7	9	6	7	17	27	27	11	4	23	11	
3217_A/chicken/Taichung/1 12	8	9	3	21	8	16	7	5	10	0	0	11	3	1	0	10	9	7	2	8	4	3	3	9	11	22	3	15	7	10	6	15	9	24	7	16	10	25	14	15	35	23	17	36	3	29	20	6	12	22	4	11	9	10	4	7	20	24	23	12	4	24	16	
3218_A/chicken/Tainan/150 15	8	6	5	18	6	19	5	6	12	0	0	15	3	1	0	9	8	5	2	9	5	5	3	9	14	22	3	10	5	9	4	18	10	25	9	13	11	23	13	15	33	22	20	37	6	29	19	8	13	22	3	9	7	10	5	6	16	27	27	12	6	23	11	
3219_A/chicken/Tainan/170 16	9	7	5	17	5	18	5	7	12	0	0	13	4	1	0	9	7	5	2	9	5	5	3	11	14	22	3	9	5	9	4	18	9	25	10	13	12	24	12	16	33	22	20	37	6	29	19	7	13	21	3	9	7	10	5	6	15	28	26	12	7	22	12	
3220_A/chicken/Taipei_Cit 16	8	7	5	17	5	18	6	6	13	0	0	13	3	1	0	9	8	5	2	8	6	5	3	11	13	23	3	11	5	8	5	18	9	26	9	14	12	24	12	16	34	22	20	36	5	29	18	7	14	22	2	9	7	8	7	7	17	26	26	11	4	24	11	
3221_A/chicken/Taipei/160 16	8	6	5	17	5	19	5	6	13	0	0	15	3	1	0	9	8	5	2	9	5	5	3	10	14	22	2	9	5	9	5	18	9	26	8	13	13	23	13	15	32	22	20	37	6	29	20	8	13	21	2	9	7	10	6	5	17	27	28	13	5	23	10	
3222_A/chicken/Taipei/160 16	8	6	5	17	5	19	5	6	13	0	0	15	3	1	0	9	8	5	2	9	5	5	3	10	14	22	2	9	5	9	5	18	9	26	8	13	13	23	13	15	32	22	20	37	6	29	20	8	13	21	2	9	7	10	6	5	17	27	28	13	5	23	10	
3223_A/chicken/Taipei/161 17	8	5	5	16	5	20	5	7	12	0	0	13	4	1	0	9	8	5	2	9	5	5	3	10	14	22	3	10	5	9	4	17	9	27	9	13	10	24	12	15	33	22	20	37	6	29	19	9	13	20	3	9	8	11	5	6	17	28	28	12	5	22	10	
3224_A/chicken/Taipei/170 16	8	6	5	17	5	19	6	6	13	0	0	14	3	1	0	9	8	5	2	8	6	5	3	11	13	22	3	10	5	9	5	19	9	26	9	12	12	23	12	15	34	23	20	37	5	28	18	8	13	21	1	9	7	11	6	7	17	27	27	11	5	23	11	
3225_A/chicken/Taipei/170 16	8	6	5	17	5	19	6	6	13	0	0	14	3	1	0	9	8	5	2	8	6	5	3	11	13	22	3	10	5	9	5	18	9	26	9	13	12	24	12	15	34	24	20	37	5	27	18	8	13	21	1	9	7	10	6	7	17	27	27	11	5	23	11	
3226_A/chicken/Taipei/170 16	8	6	5	17	5	19	6	6	13	0	0	14	3	1	0	9	8	5	2	8	6	5	3	11	13	22	3	10	5	9	5	19	9	26	9	12	12	23	12	15	34	23	20	37	5	28	18	8	13	21	1	9	7	11	6	7	17	27	27	11	5	23	11	
3227_A/chicken/Yunlin/150 13	5	12	5	20	8	13	5	7	12	0	1	12	4	0	0	9	12	6	4	8	5	4	0	8	11	21	2	13	4	11	7	18	9	24	9	12	13	25	11	17	36	24	25	36	3	28	12	8	11	19	6	10	9	12	4	8	18	27	23	11	3	24	13	
3228_A/chicken/Yunlin/160 10	7	9	5	23	8	16	5	5	11	0	0	10	3	1	0	9	10	7	2	8	4	3	3	12	11	22	4	13	7	9	6	14	10	24	7	16	9	24	15	15	37	22	17	37	3	29	20	6	13	22	4	11	9	10	3	7	18	24	25	12	3	26	14	
3229_A/chicken/Yunlin/170 12	7	9	3	21	8	16	7	5	10	0	0	11	4	1	0	10	10	7	2	8	4	3	3	7	11	22	3	16	7	10	6	15	9	24	7	16	10	24	15	15	36	22	16	36	3	28	22	6	12	23	4	11	9	9	4	7	19	24	22	12	4	26	16	
3230_A/duck/Chiayi/150800 11	7	9	4	22	8	16	6	5	11	0	0	11	3	1	0	9	10	7	2	9	4	3	3	9	11	22	3	14	7	10	6	14	9	24	7	16	10	24	15	15	38	21	17	37	3	30	20	6	12	22	3	11	9	10	5	7	17	25	24	12	4	25	14	
3231_A/duck/Eastern_China 12	8	8	6	21	5	17	4	5	15	0	0	13	1	1	0	9	12	6	3	9	3	4	1	8	14	19	3	13	3	12	6	17	12	26	9	11	11	22	12	17	34	25	24	37	4	28	12	8	9	22	5	9	12	12	3	9	17	29	24	10	4	20	14	
3232_A/duck/Eastern_China 12	8	8	6	21	5	17	4	8	15	0	1	11	1	0	0	8	12	6	3	10	4	4	1	7	14	19	3	14	2	13	6	17	11	26	9	13	11	22	12	16	35	25	25	36	3	27	13	8	11	22	5	10	9	12	3	9	19	27	26	9	3	21	12	
3233_A/duck/Eastern_China 12	8	8	6	21	5	17	4	8	15	0	1	11	1	0	0	8	12	6	3	10	4	4	1	7	14	19	3	14	2	13	6	17	11	26	9	13	11	22	12	16	35	24	25	36	3	27	13	8	11	22	4	10	9	12	4	9	19	27	26	9	3	21	13	
3234_A/duck/Eastern_China 12	8	8	6	21	5	17	4	8	15	0	1	11	1	0	0	8	12	6	3	10	5	4	1	8	13	19	3	13	2	13	6	16	11	26	9	14	11	22	12	16	35	24	25	36	3	27	13	8	11	22	5	10	9	13	3	9	19	27	26	9	3	21	12	
3235_A/duck/Eastern_China 12	8	8	6	21	5	17	4	8	15	0	1	11	1	0	0	8	12	6	3	10	4	4	1	7	14	19	3	14	2	13	6	17	11	26	9	13	11	22	12	16	35	24	25	36	3	27	13	8	11	22	5	10	9	12	3	9	19	27	26	9	3	22	12	
3236_A/duck/Eastern_China 12	7	9	5	21	6	16	5	8	15	0	1	13	1	0	0	9	11	6	3	9	5	4	2	6	12	21	3	13	4	11	5	19	10	22	10	12	12	25	13	14	33	25	21	36	5	27	16	5	11	23	5	10	9	9	4	9	19	25	27	13	3	25	10	
3237_A/duck/Eastern_China 12	8	8	6	21	5	17	4	6	15	0	1	12	1	0	0	9	12	6	3	9	3	4	1	8	14	19	3	14	3	13	6	16	11	26	9	13	11	22	12	16	34	25	24	36	4	27	13	9	10	22	5	10	11	12	3	9	16	28	24	9	5	21	14	
3238_A/duck/Eastern_China 12	9	9	6	21	4	16	4	5	15	0	1	13	1	0	0	9	12	6	3	9	2	6	1	8	14	19	3	14	3	13	6	17	12	26	9	12	11	21	12	17	34	24	24	36	4	28	13	8	10	22	5	9	11	12	3	8	16	29	24	10	5	20	14	
3239_A/duck/Eastern_China 13	7	6	5	20	8	19	5	6	11	0	1	11	3	0	0	10	9	6	2	8	5	4	3	8	14	21	4	15	4	11	3	20	10	21	9	10	11	27	13	15	33	21	22	37	6	29	18	5	13	22	4	10	8	10	3	6	16	22	29	15	5	28	10	
3240_A/duck/Eastern_China 11	6	8	4	22	8	17	6	7	13	0	1	10	2	0	0	10	11	6	2	8	4	3	3	6	15	21	3	17	2	11	6	17	10	21	8	13	10	28	14	15	39	20	22	37	1	31	15	8	11	22	4	9	10	10	4	8	16	27	30	11	5	23	8	
3241_A/duck/Guangdong/s14 12	8	8	6	21	5	17	4	7	15	0	0	11	1	1	0	8	12	7	3	9	3	3	1	8	14	19	3	14	3	12	6	18	11	25	9	13	11	23	12	16	34	27	23	36	4	26	13	8	10	21	5	9	11	13	3	10	16	27	24	9	5	21	15	
3242_A/duck/Hunan/11.30_Y 13	7	8	4	20	7	17	6	10	12	0	0	10	3	1	0	8	10	6	2	10	4	4	3	6	15	24	3	14	3	7	4	18	10	23	9	11	12	26	13	16	34	22	20	37	5	26	21	6	13	23	3	9	8	9	5	7	17	26	26	14	3	24	12	
3243_A/duck/Shandong/Q1/2 13	8	8	6	21	5	17	4	6	14	0	0	11	2	1	0	10	12	6	3	8	3	4	1	8	14	19	3	14	3	12	6	16	11	27	9	13	11	21	12	16	34	25	23	36	4	27	14	9	10	22	5	8	10	12	3	11	17	28	24	9	5	21	14	
3244_A/duck/Tainan/150104 11	7	9	4	22	8	16	6	4	11	0	0	11	3	1	0	9	10	7	2	9	4	3	3	10	11	22	3	14	7	10	6	15	9	25	7	15	10	23	15	15	37	22	17	37	3	29	20	6	12	22	4	11	9	10	4	7	18	25	23	12	4	25	15	
3245_A/duck/Taiwan/A3400/ 15	8	6	5	18	6	19	5	6	12	0	0	15	3	1	0	9	8	5	2	9	5	5	3	9	14	22	3	10	5	9	4	18	10	25	9	13	11	23	13	15	33	22	20	37	6	29	19	8	13	22	3	9	7	10	5	6	16	27	27	12	6	23	11	
3246_A/duck/Xinjiang/12.1 13	7	8	4	20	7	17	6	10	12	0	0	10	3	1	0	8	10	6	2	10	4	4	3	5	16	24	3	15	2	7	4	19	10	21	9	11	12	28	13	15	34	23	20	37	5	25	21	6	13	22	3	9	8	10	5	7	16	25	27	14	4	25	11	
3247_A/duck/Yunlin/150102 13	5	12	5	20	9	13	5	7	12	0	1	12	4	0	0	9	12	6	4	8	4	4	0	8	11	21	2	13	4	11	7	18	9	25	9	12	13	24	11	17	37	24	24	36	3	28	13	8	11	19	6	10	9	12	4	8	17	28	24	11	3	23	12	
3248_A/duck/Yunlin/150104 13	5	12	5	20	9	13	5	7	12	0	1	12	4	0	0	9	12	6	4	8	4	4	0	8	11	21	2	13	4	11	7	18	9	25	9	12	12	24	11	17	36	24	24	36	3	28	13	8	11	19	6	10	10	12	4	8	18	28	24	11	3	23	12	
3249_A/duck/Zhejiang/6D18 12	8	9	6	21	5	16	4	5	15	0	0	13	1	1	0	9	12	5	3	9	3	5	1	8	14	19	3	14	3	12	6	17	12	26	9	11	11	22	12	17	33	24	24	36	4	28	13	9	8	21	5	9	12	13	3	10	17	30	24	10	4	19	14	
3250_A/duck/Zhejiang/9250 12	8	9	6	21	5	16	4	5	15	0	0	12	1	1	0	7	11	6	3	10	3	4	1	8	13	20	3	15	5	11	6	17	11	26	9	12	11	22	12	18	35	24	24	36	4	28	13	8	10	21	5	8	11	12	2	9	17	27	25	10	4	23	14	
3251_A/duck/Zhejiang/9251 13	8	9	6	20	5	16	4	5	16	0	0	12	1	1	0	7	11	6	3	10	2	5	1	8	14	20	3	15	4	11	6	17	11	25	9	12	11	22	13	18	35	24	25	36	4	28	12	7	10	23	5	9	11	12	2	9	17	26	26	10	3	22	13	
3252_A/duck/Zhejiang/W24/ 12	8	9	6	21	5	16	4	5	15	0	0	13	1	1	0	8	12	6	3	9	3	4	1	8	14	19	3	14	3	12	6	18	12	26	9	12	11	22	12	17	34	25	24	36	4	27	13	8	10	22	5	8	11	12	3	9	17	28	24	10	4	21	14	
3253_A/eurasian_coot/Shan 13	8	9	4	20	7	16	6	7	13	0	0	11	2	1	0	8	10	7	1	9	5	3	4	6	14	24	3	17	3	7	4	18	10	23	9	12	13	25	13	16	34	23	22	37	3	28	18	8	12	20	3	6	8	11	5	7	16	24	22	14	5	26	16	
3254_A/eurasian_coot/Shan 13	8	9	4	20	7	16	6	7	13	0	0	11	2	1	0	8	10	7	1	9	5	3	4	6	14	24	3	17	3	7	4	18	10	23	9	13	13	25	12	16	34	22	22	37	3	29	18	8	12	20	3	6	8	11	5	7	16	24	22	14	5	26	16	
3255_A/eurasian_coot/Shan 13	8	9	4	19	7	16	6	7	13	0	0	11	2	1	0	8	10	7	1	9	5	3	4	6	14	24	3	17	3	7	4	18	10	23	9	13	13	25	13	16	34	23	22	37	3	28	18	8	12	20	3	6	8	11	5	7	16	24	23	14	5	26	15	
3256_A/eurasian_coot/Shan 13	8	9	4	20	7	16	6	7	13	0	0	11	2	1	0	8	10	7	1	9	5	3	4	6	14	24	3	17	3	7	4	18	10	23	9	12	13	25	13	16	34	23	22	37	3	28	18	8	12	20	3	6	8	11	5	7	16	24	22	14	5	26	16	
3257_A/goose/Chiayi/15020 13	5	12	5	20	9	13	5	7	12	0	1	12	4	0	0	9	12	6	3	8	4	4	1	8	11	21	2	13	4	11	7	18	9	25	9	12	13	24	11	17	36	24	24	36	3	28	13	8	11	19	6	10	9	12	4	8	18	28	24	11	3	23	12	
3258_A/goose/China/1/2021 12	8	9	4	21	7	16	6	7	13	0	0	11	2	1	0	8	10	7	1	9	5	3	4	6	16	23	3	17	3	7	4	18	9	24	9	12	12	26	13	15	36	22	23	36	4	27	17	8	12	20	3	5	9	12	5	8	14	23	22	15	5	26	16	
3259_A/goose/Eastern_Chin 12	8	9	6	21	5	16	4	5	15	0	0	13	1	1	0	8	13	6	3	9	3	4	1	8	13	19	3	14	3	12	6	18	12	26	9	12	11	22	12	17	34	24	24	36	4	28	13	8	10	22	5	8	11	12	3	9	17	28	24	10	4	21	14	
3260_A/goose/Eastern_Chin 13	8	8	5	20	6	17	5	6	15	0	1	11	1	0	0	9	12	7	3	9	3	3	1	8	14	19	3	15	3	13	6	17	11	26	9	13	10	22	12	16	34	25	24	36	4	27	13	8	10	22	5	10	11	12	3	9	16	28	24	9	5	21	14	
3261_A/goose/Eastern_Chin 12	8	9	6	21	5	16	4	7	15	0	1	11	1	0	0	8	12	6	3	10	4	4	1	9	14	19	3	13	2	13	6	17	11	26	9	13	11	22	12	15	36	24	25	37	2	27	13	7	11	22	5	10	9	12	3	10	19	28	26	9	3	21	12	
3262_A/goose/Eastern_Chin 12	8	9	6	21	5	16	4	5	15	0	1	13	1	0	0	9	12	6	3	9	3	5	1	8	14	20	3	14	3	11	6	17	12	26	9	11	11	21	12	17	33	24	23	36	4	29	14	8	9	21	5	10	11	13	4	9	17	29	24	10	4	20	14	
3263_A/goose/Guangdong/s1 12	8	8	6	21	5	17	4	7	15	0	0	11	1	1	0	8	12	7	3	9	3	3	1	8	14	19	3	14	3	12	6	18	11	25	9	13	11	23	12	16	34	27	23	36	4	26	13	8	10	21	5	9	11	13	3	10	16	27	24	9	5	21	15	
3264_A/goose/Hebei/HG12/2 12	8	9	4	21	7	16	6	7	13	0	0	11	2	1	0	8	10	7	1	9	5	3	4	6	14	24	3	17	3	7	4	18	9	24	9	12	13	25	13	16	35	21	23	37	3	27	19	8	12	20	3	6	8	11	5	7	16	24	22	14	5	26	16	
3265_A/goose/Jiangsu/QD5/ 12	8	9	6	21	5	16	4	5	15	0	0	13	1	1	0	9	12	6	3	9	3	4	1	8	14	19	3	14	3	12	6	17	12	26	9	11	11	22	12	17	34	24	24	36	4	28	13	8	9	22	5	9	12	12	3	9	17	29	25	10	4	20	13	
3266_A/goose/Pingtung/150 15	8	6	5	18	5	19	5	6	13	0	0	15	3	1	0	9	8	5	2	9	5	5	3	9	14	22	3	10	5	9	4	18	10	26	8	13	11	24	13	16	33	22	20	37	6	29	19	8	13	21	3	9	7	10	5	5	16	27	27	12	6	23	11	
3267_A/goose/Pingtung/160 16	8	6	5	17	5	19	5	7	13	0	0	14	3	1	0	9	8	5	2	9	5	5	3	9	14	22	3	10	5	9	4	18	10	26	9	13	11	25	12	15	33	22	20	37	6	29	19	8	13	20	3	9	7	10	5	6	17	27	28	12	5	23	10	
3268_A/goose/Tainan/16040 16	8	6	6	17	5	19	4	6	14	0	0	14	2	1	0	9	8	5	2	9	5	5	3	10	14	22	3	10	5	9	4	18	9	26	9	12	12	24	12	15	33	24	20	37	6	27	19	8	13	21	3	10	7	10	5	6	17	26	28	12	5	24	10	
3269_A/goose/Tainan/16070 16	8	6	6	17	5	19	4	6	12	0	0	14	3	1	0	9	8	5	2	9	5	5	3	10	14	22	3	10	5	8	4	18	9	27	10	13	12	23	12	16	33	23	21	36	6	29	18	8	13	21	2	9	7	10	5	6	18	25	29	12	5	24	10	
3270_A/goose/Taiwan/01019 11	7	9	4	22	8	16	6	4	11	0	0	11	3	1	0	9	10	8	2	9	4	2	3	10	11	23	3	14	7	10	6	15	9	24	7	15	10	24	15	15	37	21	17	37	3	29	20	6	12	22	4	11	9	10	4	7	18	25	24	12	4	25	14	
3271_A/goose/Taiwan/01039 13	5	12	5	20	9	13	5	7	12	0	1	12	3	0	0	9	12	6	4	8	4	4	0	8	11	21	2	13	5	11	7	18	9	25	10	12	13	24	10	17	36	24	23	36	3	28	14	8	11	18	6	10	9	12	4	8	18	28	23	11	3	23	14	
3272_A/goose/Taiwan/TNC1/ 13	5	12	5	20	9	13	5	7	12	0	0	12	4	1	0	9	12	6	4	8	4	4	0	8	11	21	2	13	4	11	7	18	9	25	9	12	13	24	11	17	36	24	24	36	3	28	13	8	11	19	6	10	9	12	4	8	18	28	24	11	3	23	12	
3273_A/goose/Taiwan/TNC10 13	5	12	5	20	9	13	5	7	12	0	0	12	4	1	0	9	12	6	4	8	4	4	0	8	11	21	2	13	4	11	7	18	9	25	9	12	13	24	11	17	36	24	24	36	3	28	13	8	11	20	6	10	9	11	4	8	18	28	24	11	3	23	12	
3274_A/goose/Taiwan/TNC11 11	7	9	4	22	8	16	6	4	11	0	0	11	3	1	0	9	10	7	2	9	4	3	3	10	11	22	3	14	7	10	6	15	9	24	7	15	10	24	15	15	37	22	17	37	3	29	20	6	12	22	4	11	9	10	4	8	18	25	24	11	4	25	14	
3275_A/goose/Taiwan/TNC12 13	5	12	5	20	9	13	5	7	12	0	0	12	4	1	0	9	12	6	4	8	4	4	0	8	11	21	2	13	4	11	7	18	9	25	9	12	13	24	11	17	36	24	24	36	3	28	13	8	11	19	6	10	9	12	4	8	18	28	24	11	3	23	12	
3276_A/goose/Taiwan/TNC14 13	5	12	5	20	9	13	5	7	12	0	0	12	4	1	0	9	12	6	4	8	4	4	0	8	11	21	2	13	4	11	7	18	9	25	9	12	13	24	11	17	36	24	24	36	3	28	13	8	11	20	6	10	9	11	4	8	18	28	24	11	3	23	12	
3277_A/goose/Taiwan/TNC3/ 13	5	12	5	20	9	13	5	6	12	0	0	13	4	1	0	9	12	6	4	8	4	4	0	8	11	21	2	13	4	11	7	18	9	25	9	12	13	24	11	17	36	24	24	36	3	28	13	8	11	19	6	10	9	12	4	8	18	28	24	11	3	23	12	
3278_A/goose/Taiwan/TNC7/ 13	5	12	5	20	9	13	5	7	12	0	0	12	4	1	0	9	12	6	4	8	4	4	0	8	11	21	2	13	4	11	7	18	9	26	9	12	13	23	11	17	36	24	24	36	3	28	13	8	11	19	6	10	9	12	4	8	18	28	24	11	3	23	12	
3279_A/goose/Taiwan/TNC9/ 13	5	12	5	20	9	13	5	7	12	0	0	12	4	1	0	9	12	6	4	8	4	4	0	8	11	21	2	13	4	11	7	18	9	25	9	12	13	24	11	17	36	24	24	36	3	28	13	8	11	19	6	10	9	12	4	8	18	28	24	11	3	23	12	
3280_A/goose/Taiwan/TNO15 11	7	9	4	22	8	16	6	4	11	0	0	11	3	1	0	9	10	7	2	9	4	3	3	10	11	22	3	14	7	10	6	15	9	24	7	15	10	24	15	15	37	22	17	37	3	29	20	6	12	22	4	11	9	10	4	7	18	25	24	12	4	25	14	
3281_A/goose/Taiwan/TNO3/ 13	5	12	5	20	8	13	5	7	12	0	0	12	4	1	0	9	12	6	4	8	5	4	0	8	11	21	2	13	4	11	7	18	9	25	10	12	13	24	10	17	36	24	24	36	3	28	13	8	11	19	6	10	9	12	4	8	18	28	24	11	3	23	12	
3282_A/goose/Taiwan/TNO9/ 11	7	9	4	22	8	16	6	4	11	0	0	11	3	1	0	9	10	7	2	9	4	3	3	10	11	22	3	14	7	10	6	15	9	24	7	15	10	24	15	15	37	22	17	37	3	29	20	6	12	22	4	11	9	10	4	8	18	25	24	11	4	25	14	
3283_A/goose/Taoyuan/1501 13	5	12	5	20	9	13	5	7	12	0	1	12	4	0	0	9	12	6	4	8	4	4	0	8	11	21	2	13	4	11	7	18	9	25	9	12	13	24	11	17	36	24	24	36	3	28	13	8	11	19	6	10	9	12	4	8	18	28	24	11	3	23	12	
3284_A/goose/Xinjiang/12. 13	7	8	4	20	7	17	6	9	12	0	0	10	3	1	0	8	10	6	2	10	4	4	3	6	16	24	3	15	2	7	4	18	10	21	9	12	12	28	13	15	34	24	20	37	5	24	21	6	13	22	3	9	8	10	5	7	16	25	27	14	4	25	11	
3285_A/goose/Xinjiang/12. 13	7	8	4	20	7	17	6	9	12	0	0	10	3	1	0	8	10	6	2	10	4	4	3	6	16	24	3	15	2	7	4	18	10	21	9	12	12	28	13	15	34	24	20	37	5	24	21	6	13	22	3	9	8	10	5	7	16	25	27	14	4	25	11	
3286_A/goose/Xinjiang/12. 13	7	8	4	20	7	17	6	9	12	0	0	10	3	1	0	8	10	6	2	10	4	4	3	6	16	23	3	15	2	7	4	18	10	21	9	12	12	28	13	14	34	25	20	37	5	24	21	6	13	22	3	9	8	10	5	7	17	25	27	14	4	25	11	
3287_A/goose/Xinjiang/12. 13	7	8	4	20	7	17	6	9	12	0	0	10	3	1	0	8	10	6	2	10	4	4	3	6	16	24	3	15	2	7	4	18	10	21	9	12	12	28	13	15	34	24	20	37	5	24	21	6	13	22	3	9	8	10	5	7	16	25	27	14	4	25	11	
3288_A/goose/Yangzhou/042 12	8	9	6	21	5	16	4	6	15	0	0	12	1	1	0	9	12	7	3	9	3	3	1	8	14	18	3	14	3	13	6	17	12	27	9	11	11	21	12	17	34	24	24	36	4	27	14	8	9	22	5	9	12	12	3	9	17	29	23	10	4	20	15	
3289_A/goose/Yunlin/15040 11	7	9	4	22	8	16	6	4	11	0	0	11	3	1	0	9	10	7	2	9	4	3	3	10	11	22	3	14	7	10	6	15	9	24	7	15	11	24	15	15	37	22	17	37	3	29	20	6	12	22	4	11	8	10	4	7	18	25	23	12	4	25	15	
3290_A/goose/Zhejiang/925 10	7	10	6	23	6	15	4	4	14	0	0	17	2	1	0	12	10	5	3	7	3	6	1	5	14	20	3	13	4	11	6	14	11	24	10	17	9	25	11	15	36	29	23	36	4	24	13	9	9	23	7	9	10	9	2	6	21	30	28	12	2	20	9	
3291_A/goose/Zhejiang/925 12	8	9	6	21	5	16	4	5	15	0	0	14	1	1	0	9	11	6	3	9	4	5	1	8	13	20	3	13	4	11	6	17	12	26	9	12	10	22	12	17	34	24	24	36	4	28	13	8	10	21	5	8	11	12	3	9	17	29	24	10	4	21	14	
3292_A/mallard/Shanghai/S 13	8	9	6	21	5	16	4	4	15	0	0	13	1	1	0	8	12	6	3	9	3	4	1	8	14	19	3	14	3	12	6	18	12	27	9	12	12	21	12	17	34	24	24	36	4	28	13	8	10	22	5	8	10	12	3	9	17	30	24	10	4	19	14	
3293_A/swan/China/ST/2016 13	7	8	4	20	7	17	6	9	12	0	0	10	3	1	0	9	10	6	2	9	4	4	3	6	15	24	3	15	3	7	4	18	10	24	9	12	12	25	13	15	34	22	20	37	5	26	21	6	13	22	3	9	8	10	5	7	17	26	26	14	3	24	12	
3294_A/swan/Shandong/W376 13	7	7	5	20	7	18	5	6	12	0	0	8	3	1	0	9	11	7	2	9	4	3	3	8	14	23	2	18	3	8	5	15	10	25	10	14	11	24	12	16	36	25	21	37	3	25	18	5	10	21	3	12	11	13	5	4	18	24	29	15	3	24	9	
3295_A/turkey/Chiayi/1702 16	9	6	5	17	5	19	5	6	13	0	0	15	3	1	0	9	7	5	2	9	5	5	3	10	14	23	2	9	5	8	5	19	9	24	9	12	13	25	12	15	31	24	20	37	7	28	19	8	13	21	2	9	7	10	6	6	17	27	28	12	5	23	10	
3296_A/whooper_swan/Shanx 12	7	8	4	21	7	17	6	9	12	0	0	10	3	1	0	8	10	6	2	10	4	4	3	6	15	24	3	15	3	7	4	18	10	24	9	12	12	25	13	15	34	22	20	37	5	26	21	6	13	22	3	8	9	10	5	7	17	26	26	14	3	24	12	
3297_A/wild_duck/Shandong 12	8	9	4	21	7	16	6	7	12	0	0	11	2	1	0	8	10	7	1	9	5	3	4	6	15	23	3	17	3	8	4	18	9	23	9	12	13	25	13	16	35	23	23	37	3	26	18	8	12	21	3	6	8	11	5	7	16	24	23	14	5	26	15	
3298_A/Anser_cygnoides/Hu 12	6	10	1	12	8	6	4	7	13	0	0	17	4	1	0	7	11	7	2	9	3	3	5	6	11	15	4	15	4	21	4	15	10	18	10	12	9	13	12	23	32	26	32	35	2	18	13	11	13	16	8	11	9	19	7	12	19	30	22	29	3	22	11	
3299_A/bar_headed_goose/T 13	7	10	0	11	7	8	5	5	12	0	0	22	4	1	0	8	10	7	1	8	3	3	6	6	13	18	4	12	3	17	4	13	11	19	12	14	9	11	11	22	30	26	27	35	3	17	20	14	14	19	8	10	9	14	7	12	19	31	21	27	3	22	12	
3300_A/Bar-headed_Goose/Q 12	6	10	1	12	8	6	4	7	13	0	0	18	4	1	0	7	11	7	2	9	3	3	5	5	11	16	4	15	4	20	4	15	10	17	9	13	9	13	13	22	30	26	32	35	3	20	13	12	13	16	8	10	9	18	7	14	19	31	22	27	3	22	11	
3301_A/Bar-headed_Goose/Q 12	6	10	1	12	8	6	4	7	13	0	0	18	4	1	0	7	11	7	2	9	3	3	5	5	11	16	4	15	4	20	4	15	10	17	10	12	9	14	12	21	31	26	31	35	3	20	13	12	13	15	8	10	10	19	7	13	19	31	22	28	3	22	11	
3302_A/Bar-headed_Goose/Q 12	6	10	1	12	8	6	4	7	13	0	0	18	4	1	0	7	11	7	2	9	3	3	5	5	11	16	4	15	4	20	4	15	10	18	10	12	9	13	12	21	31	26	32	35	3	19	13	12	13	15	8	10	10	19	7	13	19	31	22	28	3	22	11	
3303_A/Bar-headed_Goose/Q 12	6	10	1	12	8	6	4	7	13	0	0	18	4	1	0	7	11	7	2	9	3	3	5	5	11	16	4	16	4	19	4	15	10	18	10	12	9	13	12	21	31	26	32	35	3	19	13	12	13	15	8	10	10	18	8	13	19	31	22	28	3	22	11	
3304_A/Bar-headed_Goose/Q 12	6	10	1	12	8	6	4	7	13	0	0	18	4	1	0	7	11	7	2	9	3	3	5	4	11	16	4	16	4	20	4	15	10	18	10	12	9	13	12	21	31	26	32	35	3	19	13	12	13	15	8	10	10	19	7	13	19	31	22	28	3	22	11	
3305_A/Bar-headed_Goose/Q 12	6	10	1	12	8	6	4	7	13	0	0	18	4	1	0	7	11	7	2	9	3	3	5	5	11	16	4	15	4	20	4	14	10	18	10	12	9	13	12	21	31	26	32	35	3	19	13	13	13	15	8	10	10	19	7	13	19	31	22	28	3	22	11	
3306_A/Bar-headed_Goose/Q 12	6	10	1	12	8	6	4	7	13	0	0	18	4	1	0	7	10	7	2	9	3	3	5	5	11	16	4	15	4	20	4	15	11	18	9	12	9	13	13	21	31	26	32	35	3	19	13	12	13	15	8	10	10	19	7	13	19	31	22	28	3	22	11	
3307_A/Bar-headed_Goose/Q 13	6	10	1	11	8	6	4	8	13	0	0	17	4	1	0	7	11	7	2	9	3	3	5	5	11	16	4	15	4	20	4	16	10	18	10	12	9	13	12	21	30	25	33	36	3	19	13	12	13	16	8	9	10	18	7	13	20	31	22	27	3	22	11	
3308_A/Bar-headed_Goose/Q 12	6	10	1	12	8	6	4	7	13	0	0	18	4	1	0	7	11	7	2	9	3	3	5	5	11	16	4	15	4	20	4	15	10	18	10	12	9	13	12	21	31	26	32	35	3	19	13	12	13	15	8	10	10	19	7	13	19	31	22	28	3	22	11	
3309_A/Bar-headed_Goose/Q 12	6	10	1	12	8	6	4	7	13	0	0	18	4	1	0	7	11	7	2	9	3	3	5	5	11	16	4	15	4	20	4	15	10	18	10	12	9	13	12	20	31	26	33	35	3	19	13	12	13	15	8	10	10	19	7	13	19	31	22	28	3	22	11	
3310_A/Bar-headed_Goose/Q 12	6	10	1	12	8	6	4	7	13	0	0	18	4	1	0	7	11	7	2	9	3	3	5	5	11	16	4	15	4	20	4	15	10	18	10	12	9	13	12	21	31	26	32	35	3	19	13	12	13	15	8	10	10	19	7	13	19	31	22	28	3	22	11	
3311_A/Bar-headed_Goose/Q 12	6	10	1	12	8	6	4	8	13	0	0	18	4	1	0	7	11	7	2	9	3	3	5	5	11	16	4	15	4	20	4	15	10	18	10	12	9	13	12	20	31	26	32	35	3	19	13	12	13	15	8	10	10	19	7	13	19	31	22	28	3	22	11	
3312_A/Bar-headed_Goose/Q 12	6	10	1	12	8	6	4	7	13	0	0	18	4	1	0	7	11	7	2	9	3	3	5	5	11	17	4	15	4	19	4	15	10	17	10	12	9	13	12	21	31	27	31	35	3	20	13	12	13	14	8	10	10	19	7	13	19	32	22	28	3	22	11	
3313_A/Bar-headed_Goose/Q 12	6	10	1	12	8	6	4	7	13	0	0	18	4	1	0	7	11	7	2	9	3	3	5	5	11	16	4	15	4	20	4	15	10	18	10	12	9	13	12	21	31	26	32	35	3	19	13	12	13	15	8	10	10	19	7	13	19	32	22	28	3	21	11	
3314_A/Bar-headed_Goose/Q 12	6	10	1	12	8	6	4	7	13	0	0	18	4	1	0	7	11	7	2	9	3	3	5	5	11	16	4	15	4	19	4	15	10	17	10	12	9	14	12	21	31	26	32	35	3	20	12	12	13	15	8	10	10	19	7	13	19	31	22	28	3	23	11	
3315_A/Bar-headed_Goose/Q 12	6	10	1	12	8	6	4	7	13	0	0	18	4	1	0	7	11	7	2	9	3	3	5	5	11	16	4	15	4	20	4	15	10	18	10	12	9	13	12	21	31	26	32	35	3	19	13	12	13	15	8	10	10	19	7	13	19	31	22	28	3	22	11	
3316_A/Bar-headed_Goose/Q 13	6	10	1	11	8	6	4	8	13	0	0	17	4	1	0	7	11	7	2	9	3	3	5	5	11	16	4	15	4	20	4	16	10	18	10	12	9	13	12	21	30	25	33	35	3	19	13	12	13	16	8	9	10	18	7	13	20	31	22	28	3	22	11	
3317_A/Bar-headed_Goose/Q 13	6	10	1	11	8	6	4	8	13	0	0	17	4	1	0	7	11	7	2	9	3	3	5	5	11	16	4	15	4	20	4	16	10	18	10	12	9	13	12	21	30	25	33	35	3	19	13	12	13	16	8	9	10	18	7	13	20	31	22	28	3	22	11	
3318_A/Bar-headed_Goose/Q 13	6	10	1	11	8	6	4	8	13	0	0	17	4	1	0	7	11	7	2	9	3	3	5	5	11	16	4	15	4	20	4	16	10	18	10	12	9	13	12	21	31	24	33	35	3	19	13	12	13	16	8	9	10	18	7	13	20	31	22	28	3	22	11	
3319_A/Bar-headed_Goose/Q 12	6	10	1	12	9	6	4	7	13	0	0	18	4	1	0	7	11	7	2	9	3	3	5	5	11	16	4	15	4	20	4	15	9	18	10	11	9	13	12	22	31	26	32	35	3	19	13	12	13	15	8	10	10	19	7	13	19	31	22	28	3	22	11	
3320_A/Bar-headed_Goose/Q 12	6	10	1	12	8	6	4	7	13	0	0	18	4	1	0	7	11	7	2	9	3	3	5	5	11	16	4	15	4	20	4	15	10	18	10	12	9	13	12	21	31	26	32	35	3	20	12	12	13	15	8	10	10	19	7	13	19	31	22	28	3	22	11	
3321_A/Bar-headed_Goose/Q 12	6	10	1	12	8	6	4	7	13	0	0	18	4	1	0	7	11	7	2	9	3	3	5	4	11	16	4	16	4	20	4	15	10	18	10	12	9	13	12	21	31	26	32	35	3	19	13	12	13	15	8	10	10	19	7	13	19	31	22	28	3	22	11	
3322_A/Bar-headed_Goose/Q 12	6	10	1	12	8	6	4	7	13	0	0	18	4	1	0	7	11	7	2	9	3	3	5	5	11	16	4	16	4	20	4	15	10	18	9	13	9	13	13	22	30	26	32	35	3	19	13	12	13	16	8	10	9	18	7	14	19	31	22	26	3	22	11	
3323_A/Bar-headed_Goose/Q 12	5	10	1	12	8	6	4	7	14	0	0	18	4	1	0	7	11	7	2	9	3	3	5	5	11	16	4	15	4	20	4	15	10	18	10	12	9	13	12	22	31	26	32	35	3	18	14	12	13	16	8	11	9	18	7	12	19	32	22	28	3	21	11	
3324_A/Bar-headed_Goose/Q 12	5	10	1	12	8	6	4	7	14	0	0	18	4	1	0	7	11	7	2	9	3	3	5	5	11	16	4	15	4	20	4	15	10	18	10	12	9	13	12	22	32	26	31	35	3	18	14	12	13	16	8	11	9	19	6	12	19	32	22	28	3	21	11	
3325_A/Bar-headed_Goose/Q 12	5	10	0	12	8	6	4	7	14	0	0	18	4	1	0	7	11	7	3	9	3	3	5	5	11	16	4	15	4	20	4	15	10	18	10	12	9	13	12	22	31	27	31	35	3	18	14	12	13	16	8	11	9	18	7	12	19	32	22	28	3	21	11	
3326_A/Bar-headed_Goose/Q 12	5	10	1	12	9	6	4	7	13	0	0	18	4	1	0	7	11	7	2	9	3	3	5	5	11	16	4	15	4	20	4	15	10	18	10	12	9	13	12	22	31	27	31	35	3	18	14	12	13	16	8	11	9	18	7	12	19	32	22	28	3	21	11	
3327_A/Bar-headed_Goose/Q 12	5	10	1	12	8	6	4	7	14	0	0	18	4	1	0	7	11	7	2	9	3	3	5	5	11	16	4	15	4	20	4	15	10	17	10	12	9	13	12	21	31	27	31	35	3	19	14	12	13	16	8	11	9	18	7	13	19	32	22	28	3	21	11	
3328_A/Bar-headed_Goose/Q 13	6	10	1	11	8	6	4	8	12	0	0	17	4	1	0	7	11	7	2	9	3	3	5	5	12	16	4	15	3	20	4	15	10	18	10	12	9	13	12	21	30	26	32	35	3	19	13	14	13	16	8	9	10	18	7	11	21	31	22	28	3	22	12	
3329_A/Bar-headed_Goose/Q 12	6	10	1	12	8	6	4	7	13	0	0	17	4	1	0	6	11	7	2	9	3	3	5	5	11	16	4	15	4	20	4	15	9	18	10	11	10	13	12	22	31	27	32	35	3	18	13	13	13	15	8	10	10	19	7	13	19	31	22	29	3	22	11	
3330_A/Bar-headed_Goose/Q 12	6	10	1	12	8	6	4	7	13	0	0	18	4	1	0	7	11	7	2	9	3	3	5	5	11	16	4	15	4	20	4	15	9	18	10	11	10	12	12	22	32	25	32	35	3	19	13	12	13	15	8	10	10	20	7	13	19	31	22	28	3	22	11	
3331_A/Bar-headed_Goose/Q 12	6	10	1	12	8	6	4	7	13	0	0	18	4	1	0	7	11	7	2	9	3	3	5	5	11	16	4	15	4	20	4	15	10	18	10	12	9	13	12	21	31	26	32	36	3	19	13	12	13	15	8	10	10	19	7	13	19	31	22	27	3	22	11	
3332_A/Bar-headed_Goose/Q 12	6	10	1	12	8	6	4	7	13	0	0	18	4	1	0	7	11	7	2	9	3	3	5	5	11	16	4	15	4	20	4	15	10	18	10	12	9	13	12	21	31	26	32	35	3	20	12	12	13	15	8	10	10	19	7	13	19	31	22	28	3	22	11	
3333_A/Bar-headed_Goose/Q 13	6	10	1	11	8	6	4	8	13	0	0	17	4	1	0	7	11	7	2	9	3	3	5	5	11	16	4	15	4	20	4	16	10	18	10	12	9	13	12	21	30	25	33	35	3	19	13	12	13	16	8	9	10	18	7	13	20	31	22	28	3	22	11	
3334_A/Bar-headed_Goose/Q 12	5	10	1	12	8	6	4	7	14	0	0	18	4	1	0	7	11	7	2	9	3	3	5	5	11	16	4	15	4	20	4	15	10	18	10	12	9	13	12	22	31	27	31	35	3	18	14	12	13	16	8	11	9	19	6	12	19	32	22	28	3	21	11	
3335_A/Bar-headed_Goose/Q 13	6	10	1	11	8	6	4	8	13	0	0	17	4	1	0	7	11	7	2	9	3	3	5	5	11	16	4	15	4	20	4	16	10	18	10	12	9	13	12	21	30	25	33	35	3	19	13	12	13	16	8	9	10	18	7	13	20	31	22	28	3	22	11	
3336_A/Bar-headed_Goose/Q 12	6	10	1	12	8	6	4	7	13	0	0	18	4	1	0	7	11	7	2	9	3	3	5	5	11	16	4	15	4	20	4	15	10	18	10	11	9	13	12	22	31	26	32	35	3	19	13	12	13	15	8	10	10	19	7	13	19	31	22	28	3	22	11	
3337_A/Bar-headed_Goose/Q 12	6	10	1	12	8	6	4	7	13	0	0	18	4	1	0	7	11	7	2	9	3	3	5	5	11	16	4	15	4	20	4	15	10	17	10	11	9	14	12	22	31	26	32	35	3	19	13	12	13	15	8	10	10	19	7	13	19	31	22	28	3	22	11	
3338_A/Bar-headed_Goose/Q 13	6	10	1	11	8	6	4	8	13	0	0	17	4	1	0	7	11	7	2	9	3	3	5	5	11	16	4	15	4	20	4	16	10	17	10	12	9	13	12	21	30	25	33	35	3	20	13	12	13	16	8	9	10	18	7	13	20	31	22	28	3	22	11	
3339_A/Bar-headed_Goose/Q 13	6	10	1	11	8	6	4	8	13	0	0	17	4	1	0	7	11	7	2	9	3	3	5	5	11	16	4	15	4	20	4	16	10	17	11	12	9	13	12	21	31	24	33	35	3	19	13	12	13	16	8	9	10	18	7	13	20	31	22	28	3	22	11	
3340_A/Bar-headed_Goose/Q 13	6	10	1	11	8	6	4	8	13	0	0	17	4	1	0	7	11	7	2	9	3	3	6	5	11	16	4	15	4	20	4	16	10	18	10	12	9	13	12	21	30	25	33	35	3	19	13	12	13	16	8	9	9	18	7	13	20	31	22	28	3	22	11	
3341_A/Bar-headed_Goose/Q 13	6	10	1	11	8	6	4	8	13	0	0	17	4	1	0	7	11	7	2	9	3	3	5	5	11	16	4	15	4	20	4	16	10	18	10	12	9	13	12	21	30	25	33	35	3	19	13	12	13	16	8	9	10	18	7	13	20	31	22	28	3	22	11	
3342_A/Bar-headed_Goose/Q 13	6	10	1	11	8	6	4	8	13	0	0	17	4	1	0	7	11	7	2	9	3	3	5	5	11	16	4	15	4	20	4	16	10	18	10	12	9	13	12	21	30	25	32	35	3	19	14	12	13	16	8	9	10	18	7	13	20	31	22	28	3	22	11	
3343_A/Bar-headed_Goose/Q 12	6	10	1	12	8	6	4	7	13	0	0	18	4	1	0	7	11	7	2	9	3	3	5	5	11	16	4	15	4	20	4	15	10	17	10	12	9	13	12	21	31	26	32	35	3	20	13	12	13	15	8	10	10	19	7	13	19	31	22	28	3	22	11	
3344_A/Bar-headed_Goose/Q 12	6	10	1	12	8	6	4	7	13	0	0	18	4	1	0	7	11	7	2	9	3	3	5	5	11	16	4	15	4	20	4	15	10	18	10	12	9	13	12	21	31	26	32	35	3	19	13	12	13	15	8	10	10	19	7	13	19	31	22	28	3	22	11	
3345_A/Bar-headed_Goose/Q 12	6	10	1	12	8	6	4	7	13	0	0	18	4	1	0	7	11	7	2	9	3	3	5	5	11	16	4	15	4	20	4	15	10	18	9	12	9	13	13	21	31	26	32	35	3	19	13	12	13	15	8	10	10	19	7	13	19	31	22	28	3	22	11	
3346_A/Bar-headed_Goose/Q 12	6	10	1	12	8	6	4	7	13	0	0	18	4	1	0	7	11	7	2	9	3	3	5	5	11	16	4	15	4	20	4	15	10	18	9	12	9	13	13	21	31	26	32	35	3	19	13	12	13	15	8	10	10	19	7	13	19	31	22	28	3	22	11	
3347_A/Bar-headed_Goose/Q 12	6	10	1	12	8	6	4	7	13	0	0	18	4	1	0	7	11	7	2	9	3	3	5	5	11	16	4	15	4	20	4	15	10	18	10	12	9	13	13	21	31	26	31	35	3	19	13	12	13	15	8	11	9	19	7	13	19	31	22	28	3	22	11	
3348_A/Bar-headed_Goose/Q 13	6	10	1	11	8	6	4	8	13	0	0	17	4	1	0	7	11	7	2	9	3	3	5	5	11	16	4	15	4	20	4	16	10	18	10	12	9	13	12	21	30	25	33	35	3	19	13	12	13	16	8	9	10	18	7	13	20	31	22	28	3	22	11	
3349_A/Bar-headed_Goose/Q 13	6	10	1	11	8	6	4	8	13	0	0	17	4	1	0	7	11	7	2	9	3	3	5	5	11	16	4	15	4	20	4	16	10	18	10	12	9	13	12	21	30	25	33	35	3	19	13	12	13	16	8	9	10	18	7	13	20	31	22	28	3	22	11	
3350_A/Bar-headed_Goose/Q 12	6	10	1	12	8	6	4	7	13	0	0	18	4	1	0	7	11	7	2	9	3	3	5	5	11	16	4	14	4	20	4	15	9	18	10	13	10	13	12	21	32	25	32	36	3	18	14	12	13	16	8	9	10	18	7	13	19	31	22	28	3	22	11	
3351_A/Bar-headed_Goose/Q 12	6	10	1	12	8	6	4	7	13	0	0	18	4	1	0	7	11	7	2	9	3	3	5	5	11	16	4	14	4	20	4	15	9	17	11	13	10	13	12	21	32	25	32	36	3	18	14	12	13	16	8	9	10	18	7	13	19	31	22	28	3	22	11	
3352_A/Bar-headed_Goose/Q 12	6	10	1	12	8	6	4	7	13	0	0	18	4	1	0	7	11	7	2	9	3	3	5	5	11	16	4	15	4	20	4	15	10	18	10	12	9	13	12	22	31	25	32	35	3	19	13	12	13	15	8	10	10	19	7	13	19	31	22	28	3	22	11	
3353_A/Bar-headed_Goose/Q 12	6	10	1	12	8	6	4	7	13	0	0	18	4	1	0	7	11	7	2	9	3	3	5	5	11	16	4	15	4	20	4	15	10	17	10	12	9	13	12	21	31	26	32	35	3	20	13	12	13	15	8	10	10	19	7	13	19	31	22	28	3	22	11	
3354_A/Bar-headed_Goose/Q 12	6	10	1	12	8	6	4	7	13	0	0	18	4	1	0	7	11	7	2	9	3	3	5	5	11	16	4	15	4	20	4	15	10	17	10	12	9	13	13	21	31	25	33	35	3	19	13	12	13	15	8	10	10	19	7	13	19	31	22	28	3	22	11	
3355_A/Bar-headed_Goose/Q 12	6	10	1	12	8	6	4	7	13	0	0	18	4	1	0	7	11	7	2	9	3	3	5	5	11	16	4	15	4	20	4	15	10	18	9	12	9	13	13	21	31	25	33	35	3	19	13	12	13	15	8	10	10	19	7	13	19	31	22	28	3	22	11	
3356_A/Bar-headed_Goose/Q 13	6	10	1	11	8	6	4	8	13	0	0	17	4	1	0	7	11	7	2	9	3	3	5	5	11	16	4	15	4	20	4	16	10	18	10	12	9	13	12	21	30	26	32	35	3	19	13	12	13	16	8	9	10	18	7	13	20	31	22	28	3	21	12	
3357_A/Bar-headed_Goose/Q 13	6	10	1	11	8	6	4	8	13	0	0	17	4	1	0	7	11	7	2	9	3	3	5	5	11	16	4	15	4	20	4	16	10	18	10	12	9	13	12	21	30	26	32	35	3	19	13	12	13	16	8	9	10	18	7	13	20	31	22	28	3	21	12	
3358_A/Bar-headed_Goose/Q 12	6	10	1	12	8	6	4	7	13	0	0	18	4	1	0	7	11	7	2	9	3	3	5	5	11	16	4	15	4	20	4	15	10	18	10	12	9	13	12	21	31	26	32	35	3	19	13	12	13	15	8	10	10	19	7	13	19	31	22	28	3	22	11	
3359_A/Bar-headed_Goose/Q 12	6	10	1	12	8	6	4	7	13	0	0	18	4	1	0	7	11	7	2	9	3	3	5	5	11	16	4	15	4	20	4	15	10	17	10	12	9	14	12	21	31	26	32	35	3	19	13	12	13	15	8	10	10	19	7	13	19	31	22	28	3	22	11	
3360_A/Bar-headed_Goose/Q 12	6	10	1	12	8	6	4	7	13	0	0	18	4	1	0	7	11	7	2	9	3	3	5	5	11	16	4	15	4	20	4	15	10	18	10	12	9	13	12	21	31	26	32	35	3	19	13	11	13	15	8	11	10	19	7	13	19	31	22	28	3	22	11	
3361_A/Bar-headed_Goose/Q 12	6	10	1	12	8	6	4	7	13	0	0	18	4	1	0	7	11	7	2	9	3	3	5	5	11	16	4	15	4	20	4	15	11	17	10	12	9	13	12	21	32	25	32	35	3	19	13	12	13	15	8	10	10	19	7	13	19	31	22	28	3	22	11	
3362_A/Bar-headed_Goose/Q 12	6	10	1	12	8	6	4	7	13	0	0	18	4	1	0	7	11	7	2	9	3	3	5	5	11	16	4	15	4	20	4	15	10	18	10	12	9	13	12	21	31	25	33	35	3	19	13	12	13	15	8	10	10	19	7	13	19	31	22	28	3	22	11	
3363_A/Bar-headed_Goose/Q 12	6	10	1	12	8	6	4	7	13	0	0	18	4	1	0	7	11	7	2	9	3	3	5	5	11	16	4	15	4	20	4	15	10	17	11	12	9	13	12	21	32	25	32	35	3	19	13	12	13	15	8	10	10	19	7	13	19	31	22	28	3	22	11	
3364_A/Bar-headed_Goose/Q 12	6	10	1	12	8	6	4	7	13	0	0	18	4	1	0	7	11	7	2	9	3	3	5	5	11	16	4	15	4	20	4	15	10	18	9	12	9	13	13	21	31	25	33	35	3	19	13	12	13	15	8	10	10	19	7	13	19	31	22	28	3	22	11	
3365_A/Bar-headed_Goose/Q 12	6	10	1	12	8	6	4	7	13	0	0	18	4	1	0	7	11	7	2	9	3	3	5	5	11	16	4	15	4	20	4	15	10	18	9	12	9	13	13	21	32	25	32	35	3	19	13	12	13	15	8	10	10	19	7	13	19	31	22	28	3	22	11	
3366_A/Bar-headed_Goose/Q 13	6	10	1	11	8	6	4	8	13	0	0	17	4	1	0	7	11	7	2	9	3	3	5	5	11	16	4	15	4	20	4	16	10	18	10	12	9	13	12	21	31	24	33	35	3	19	13	12	13	16	8	9	10	18	7	13	20	31	22	28	3	22	11	
3367_A/Bar-headed_Goose/Q 13	6	10	1	11	8	6	4	8	13	0	0	17	4	1	0	7	11	7	2	9	3	3	5	5	11	16	4	15	4	20	4	16	10	17	11	12	9	13	12	21	30	24	34	35	3	19	13	12	13	16	8	9	10	18	7	13	20	31	22	28	3	22	11	
3368_A/Bar-headed_Goose/Q 12	5	11	1	12	8	6	4	7	13	0	0	18	4	1	0	7	11	7	2	9	3	3	5	5	11	16	4	15	4	20	4	15	10	18	10	12	9	13	12	21	31	25	33	35	3	19	13	12	13	15	8	10	10	19	7	13	19	31	22	28	3	22	11	
3369_A/Bar-headed_Goose/Q 12	5	11	1	12	8	6	4	7	13	0	0	18	4	1	0	7	11	7	2	9	3	3	5	5	11	16	4	15	4	20	4	15	10	18	10	12	9	13	12	21	32	25	32	35	3	19	13	12	13	15	8	10	10	19	7	13	19	31	22	28	3	22	11	
3370_A/Bar-headed_Goose/Q 12	6	10	1	12	8	6	4	7	13	0	0	18	4	1	0	7	11	7	2	9	3	3	5	5	11	16	4	15	4	20	4	14	10	18	10	12	9	13	12	21	31	26	32	35	3	19	13	13	13	15	8	10	10	19	7	13	19	31	22	28	3	22	11	
3371_A/Bar-headed_Goose/Q 12	6	10	1	12	8	6	4	7	13	0	0	18	4	1	0	7	11	7	2	9	3	3	5	5	11	16	4	15	4	20	4	15	10	18	10	12	9	13	12	21	31	26	32	35	3	19	13	12	13	15	8	10	10	19	7	13	19	31	22	28	3	22	11	
3372_A/Bar-headed_Goose/Q 13	6	10	1	11	8	6	4	8	13	0	0	17	4	1	0	7	11	7	2	9	3	3	5	5	11	16	4	15	4	20	4	16	9	18	10	12	10	13	12	21	30	25	33	35	3	19	13	12	13	16	8	9	10	18	7	13	20	31	22	28	3	22	11	
3373_A/Bar-headed_Goose/Q 13	6	10	1	11	8	6	4	8	13	0	0	17	4	1	0	7	11	7	2	9	3	3	5	5	11	16	4	15	4	20	4	16	10	18	10	12	9	13	12	21	30	25	33	35	3	19	13	12	13	16	8	9	10	18	7	13	20	31	22	28	3	22	11	
3374_A/Bar-headed_Goose/Q 12	6	10	1	12	8	6	4	7	13	0	0	18	4	1	0	7	11	7	2	9	3	3	5	5	11	17	4	15	4	20	4	15	10	17	9	12	9	13	12	21	31	26	32	35	3	20	13	12	13	15	9	10	10	19	7	13	19	30	22	28	3	22	11	
3375_A/Bar-headed_Goose/Q 12	6	10	1	12	8	6	4	7	13	0	0	18	4	1	0	7	11	7	2	9	3	3	5	5	11	16	4	15	4	20	4	15	10	18	10	12	9	13	12	21	31	26	32	35	3	19	13	12	13	15	8	10	10	19	7	13	19	31	22	28	3	22	11	
3376_A/Bar-headed_Goose/Q 12	6	10	1	12	8	6	4	7	13	0	0	18	4	1	0	7	11	7	2	9	3	3	5	5	11	16	4	15	4	20	4	15	10	17	10	12	9	13	12	21	31	26	32	35	3	20	13	12	13	15	8	10	10	19	7	13	19	31	22	28	3	22	11	
3377_A/Bar-headed_Goose/Q 12	6	10	1	12	8	6	4	7	13	0	0	18	4	1	0	7	11	7	2	9	3	3	5	5	11	16	4	15	4	20	4	15	10	18	10	12	9	13	12	21	31	26	32	35	3	19	13	12	13	15	8	10	10	19	7	13	19	31	22	28	3	22	11	
3378_A/Bar-headed_Goose/Q 12	6	10	1	12	8	6	4	7	13	0	0	18	4	1	0	7	11	7	2	9	3	3	5	5	11	16	4	15	4	20	4	15	10	18	10	12	9	13	12	21	31	26	32	35	3	20	12	12	13	15	8	10	10	19	7	13	19	31	22	28	3	22	11	
3379_A/Bar-headed_Goose/Q 12	6	10	1	12	8	6	4	7	13	0	0	18	4	1	0	7	11	7	2	9	3	3	5	5	11	16	4	15	4	20	4	15	10	18	10	12	9	13	12	21	31	26	32	35	3	19	13	12	13	15	8	10	10	19	7	13	19	31	22	28	3	22	11	
3380_A/Bar-headed_Goose/Q 12	6	10	1	12	8	6	4	7	13	0	0	18	4	1	0	7	11	7	2	9	3	3	5	5	11	16	4	15	4	20	4	15	10	18	10	12	9	13	12	21	31	26	32	35	3	19	13	12	13	15	8	10	10	19	7	13	19	31	22	28	3	22	11	
3381_A/Bar-headed_Goose/T 13	8	10	0	11	7	8	5	6	11	0	0	21	4	1	0	9	10	7	1	8	3	3	6	6	13	18	4	11	3	17	4	13	11	19	12	14	9	11	11	22	30	26	28	35	3	17	19	14	14	18	8	10	9	15	7	12	19	31	21	27	3	22	12	
3382_A/Bar-headed_Goose/T 13	7	10	0	11	7	8	5	5	12	0	0	22	4	1	0	8	10	7	1	8	3	3	6	6	13	18	4	12	3	17	4	13	11	19	12	14	9	11	11	22	30	26	28	35	3	17	19	14	14	19	8	10	9	14	7	12	19	31	21	27	3	22	12	
3383_A/Bar-headed_Goose/T 13	7	10	0	11	7	8	5	5	12	0	0	22	4	1	0	8	10	7	1	8	3	3	6	6	13	18	4	12	3	17	4	13	11	19	12	14	9	11	11	22	30	26	29	35	3	17	18	14	14	19	8	10	9	14	7	12	19	31	21	27	3	22	12	
3384_A/Bar-headed_Goose/T 13	8	10	0	11	7	8	5	5	11	0	0	22	4	1	0	9	10	7	1	8	3	3	6	6	13	18	4	11	3	17	4	13	11	19	12	14	9	11	11	22	30	26	28	35	3	17	19	14	14	18	8	10	9	15	7	12	19	31	21	27	3	22	12	
3385_A/Bar-headed_Goose/T 13	7	10	0	11	7	8	5	5	12	0	0	22	4	1	0	8	10	7	1	8	3	3	6	6	13	18	4	12	3	17	4	13	11	19	12	14	9	11	11	22	30	26	28	35	3	17	19	14	14	19	8	10	9	14	7	12	19	31	21	27	3	22	12	
3386_A/Bar-headed_Goose/T 13	7	10	0	11	7	8	5	5	12	0	0	22	4	1	0	8	10	7	1	8	3	3	6	6	13	18	4	12	3	17	4	13	11	19	12	14	9	11	11	21	31	26	28	35	3	17	19	14	14	19	8	10	9	14	7	12	19	31	21	27	3	22	12	
3387_A/Bar-headed_Goose/T 13	7	10	0	11	7	8	5	5	12	0	0	22	4	1	0	8	10	7	1	8	3	3	6	6	13	18	4	12	3	17	4	13	11	19	12	14	9	11	11	21	31	26	28	35	3	17	19	14	14	19	8	10	9	14	7	12	19	31	21	27	3	22	12	
3388_A/Bar-headed_Goose/T 13	7	10	0	11	7	8	5	5	12	0	0	22	4	1	0	8	10	7	1	8	3	3	6	6	13	18	4	12	3	17	4	13	11	19	12	14	9	11	11	21	31	26	28	35	3	17	19	14	14	19	8	10	9	14	7	12	19	31	21	27	3	22	12	
3389_A/Bar-headed_Goose/T 13	7	10	0	11	7	8	5	5	12	0	0	22	4	1	0	8	10	7	1	8	3	3	6	6	13	18	4	12	3	17	4	13	11	19	12	14	9	11	11	21	31	26	28	35	3	17	19	14	14	19	8	10	9	14	7	12	19	31	21	27	3	22	12	
3390_A/Bar-headed_Goose/T 13	8	10	0	11	7	8	5	5	11	0	0	22	4	1	0	8	10	7	1	8	3	3	6	6	13	18	4	12	3	17	4	13	11	19	12	14	9	11	11	22	30	26	28	35	3	17	19	14	14	18	8	10	9	15	7	12	19	31	21	27	3	22	12	
3391_A/Bar-headed_Goose/T 13	8	10	0	11	7	8	5	5	11	0	0	22	4	1	0	9	10	7	1	8	3	3	6	6	13	18	4	11	3	17	4	13	11	19	12	14	9	11	11	22	30	26	28	35	3	17	19	14	14	18	8	10	9	15	7	12	19	31	21	27	3	22	12	
3392_A/Bar-headed_Goose/T 13	8	10	0	11	7	8	5	6	11	0	0	21	4	1	0	9	10	7	1	8	3	3	6	6	13	18	4	11	3	17	4	13	11	19	12	14	9	11	11	22	30	26	28	35	3	17	19	14	14	18	8	10	9	15	7	12	19	31	21	27	3	22	12	
3393_A/bean_goose/Hubei/B 13	7	9	0	11	7	8	5	6	12	0	0	20	4	1	0	8	10	8	1	8	3	3	5	6	13	18	5	13	3	17	4	13	11	19	12	14	9	11	11	22	30	27	28	35	3	16	19	14	14	18	8	10	9	15	7	12	19	31	22	27	3	22	11	
3394_A/Bean_Goose/Hubei/c 10	9	11	1	14	4	5	4	6	14	0	0	20	3	1	0	7	10	7	2	9	3	3	5	8	10	19	4	11	6	17	4	15	11	17	13	14	9	14	9	20	29	25	33	35	4	19	13	12	14	18	8	13	7	17	7	12	21	33	22	26	4	18	11	
3395_A/Bean_goose/Hubei/C 12	6	10	1	12	8	6	4	7	13	0	0	18	4	1	0	7	11	7	2	9	3	3	5	5	11	16	4	15	4	20	4	14	10	18	10	13	9	13	12	21	31	26	32	35	3	20	12	12	13	15	8	10	10	19	7	13	19	31	22	28	3	22	11	
3396_A/Bean_goose/Hubei/C 12	6	10	1	12	8	6	4	7	13	0	0	18	4	1	0	7	11	7	2	9	3	3	5	5	11	16	4	15	4	20	4	15	10	18	10	12	9	13	12	21	32	25	32	35	3	20	12	12	13	14	8	10	10	20	7	13	19	31	22	28	3	22	11	
3397_A/Bean_goose/Hubei/C 12	6	10	1	12	8	6	4	7	13	0	0	18	4	1	0	7	11	7	2	9	3	3	5	5	11	16	4	15	4	20	4	15	10	18	10	12	9	13	12	21	32	25	32	35	3	20	12	12	13	14	8	10	10	20	7	13	19	31	22	28	3	21	12	
3398_A/black_swan/Beijing 13	7	9	0	11	7	8	5	6	13	0	0	21	4	1	0	8	10	8	1	8	3	3	6	6	12	18	4	12	3	17	4	13	11	19	12	14	9	11	11	22	29	26	28	35	4	16	20	14	14	17	8	10	9	16	6	12	19	30	23	27	3	23	11	
3399_A/black-backed_gull/ 13	7	9	0	11	7	8	5	6	13	0	0	21	4	1	0	8	10	8	1	8	3	3	6	6	12	18	4	12	3	17	4	13	11	19	12	14	9	11	11	22	29	27	27	35	4	16	20	14	14	18	8	10	9	15	7	12	19	31	22	27	3	22	11	
3400_A/Brown-headed_Gull/ 12	6	11	1	12	8	5	4	7	13	0	0	18	4	1	0	7	11	7	2	9	3	3	5	5	11	16	4	15	4	20	4	15	10	18	10	12	9	13	12	21	31	25	33	35	3	19	13	12	13	15	8	10	10	19	7	13	19	31	21	28	3	22	12	
3401_A/Brown-headed_Gull/ 12	6	11	1	12	8	5	4	7	13	0	0	18	4	1	0	7	11	7	2	9	3	3	5	5	11	16	4	15	4	20	4	15	10	18	10	12	9	13	12	21	31	25	33	35	3	19	13	12	13	15	8	10	10	19	7	13	19	31	22	28	3	22	11	
3402_A/Brown-headed_Gull/ 12	6	10	1	12	8	6	4	7	13	0	0	18	4	1	0	7	11	7	2	9	3	3	5	5	11	16	4	15	4	20	4	15	10	18	10	12	9	13	12	21	32	25	32	35	3	19	13	12	13	15	8	10	10	19	7	13	19	31	22	28	3	22	11	
3403_A/Brown-headed_Gull/ 12	6	10	1	12	8	6	4	7	13	0	0	18	4	1	0	7	11	7	2	9	3	3	5	5	11	16	4	15	4	20	4	15	10	18	10	12	9	13	12	21	32	25	32	35	3	19	13	12	13	15	8	10	10	19	7	13	19	31	22	28	3	22	11	
3404_A/Brown-headed_Gull/ 12	6	10	1	12	8	6	4	7	13	0	0	18	4	1	0	7	11	7	2	9	3	3	5	5	11	16	4	15	4	20	4	15	10	18	10	12	9	13	12	21	31	26	32	35	3	19	13	12	13	15	8	10	10	19	7	13	19	32	22	28	3	21	11	
3405_A/Brown-headed_Gull/ 13	6	10	1	11	8	6	4	8	13	0	0	17	4	1	0	7	11	7	2	9	3	3	5	5	11	16	4	15	4	20	4	16	10	18	10	12	9	13	12	21	30	26	32	35	3	19	13	12	13	16	8	9	10	18	7	13	20	31	22	28	3	21	12	
3406_A/Brown-headed_Gull/ 13	6	10	1	11	8	6	4	8	13	0	0	17	4	1	0	7	11	7	2	9	3	3	5	5	11	16	4	15	4	20	4	16	10	18	10	12	9	13	12	21	31	25	32	35	3	19	13	12	13	16	8	9	10	18	7	13	20	31	22	28	3	21	12	
3407_A/Brown-headed_Gull/ 12	6	10	1	12	8	6	4	7	13	0	0	18	4	1	0	7	11	7	2	9	3	3	5	5	11	16	4	15	4	20	4	15	10	18	10	12	9	13	12	21	30	26	32	35	3	19	13	12	13	15	8	10	10	19	7	13	20	31	22	28	3	22	11	
3408_A/Brown-headed_Gull/ 12	6	10	1	12	8	6	4	7	13	0	0	18	4	1	0	7	11	7	2	9	3	3	5	5	11	16	4	15	4	20	4	15	10	18	9	12	9	13	13	21	32	25	32	35	3	19	13	12	13	15	8	10	10	19	7	13	19	31	22	28	3	22	11	
3409_A/brown-headed_gull/ 13	7	10	0	11	7	8	5	5	12	0	0	22	4	1	0	9	10	7	1	8	3	3	6	6	13	18	3	12	3	17	4	12	11	19	12	14	9	11	11	22	30	26	28	35	3	17	19	14	14	19	8	10	9	14	7	12	19	31	22	27	3	22	12	
3410_A/Brown-headed_Gull/ 13	8	10	0	11	7	8	5	5	11	0	0	22	4	1	0	9	10	7	1	8	3	3	6	6	13	18	4	11	3	17	4	13	11	19	12	14	9	11	11	22	30	26	28	35	3	17	19	14	14	18	8	10	9	15	7	12	19	31	21	27	3	22	12	
3411_A/Brown-headed_Gull/ 13	7	10	0	11	7	8	5	5	12	0	0	22	4	1	0	8	10	7	1	8	3	3	6	5	13	18	4	13	3	17	4	13	11	19	12	14	9	11	11	23	30	27	28	35	3	16	19	13	14	18	8	11	9	15	7	11	19	31	21	27	3	22	12	
3412_A/Brown-headed_Gull/ 12	7	10	0	12	7	8	5	5	12	0	0	22	4	1	0	8	10	7	1	8	3	3	6	5	13	18	4	13	3	17	4	13	11	19	12	14	9	11	11	23	30	27	28	35	3	17	19	13	14	18	8	11	9	15	7	11	19	31	21	27	3	21	12	
3413_A/chicken/Changhua/1 9	6	7	0	15	8	9	5	7	15	0	0	13	1	1	0	7	8	7	2	7	5	4	5	11	13	24	5	17	3	11	4	19	12	20	9	13	7	11	13	19	30	28	33	34	4	16	12	10	8	18	8	12	8	16	9	18	24	27	18	23	4	25	13	
3414_A/chicken/Changhua/1 10	6	7	0	14	8	9	5	7	15	0	0	13	1	1	0	7	8	7	2	7	5	4	5	11	13	25	5	17	3	10	4	19	11	20	9	13	9	11	13	19	28	27	35	34	4	16	11	10	8	18	8	12	8	16	8	18	25	27	18	23	4	25	14	
3415_A/chicken/Changhua/1 10	6	7	0	14	8	9	5	7	15	0	0	13	1	1	0	7	8	7	2	7	5	4	5	10	13	25	5	18	3	10	4	19	11	20	9	13	9	11	13	19	28	28	34	34	4	16	11	10	8	18	8	12	8	16	8	18	25	27	18	23	4	25	14	
3416_A/chicken/Changhua/1 10	6	7	0	14	8	9	5	7	15	0	0	13	1	1	0	7	8	7	2	7	5	4	5	10	13	25	5	18	3	10	4	19	11	20	9	13	9	11	13	19	28	28	34	34	4	16	11	10	8	18	8	12	8	16	8	18	25	27	18	23	4	25	14	
3417_A/chicken/Changhua/1 10	6	7	0	14	8	9	5	7	15	0	0	13	1	1	0	7	8	7	2	7	5	4	5	11	13	25	5	17	3	10	4	19	11	20	9	13	9	11	13	19	28	27	34	34	4	17	11	10	8	18	7	12	8	16	9	17	25	27	18	24	4	25	14	
3418_A/chicken/Changhua/1 10	6	7	0	14	8	9	5	7	15	0	0	13	1	1	0	7	9	7	2	7	5	4	5	11	12	24	5	17	3	11	4	19	11	20	9	13	9	11	13	19	28	27	34	34	5	16	11	10	8	18	7	12	8	16	9	17	25	26	18	24	4	26	14	
3419_A/chicken/Chiayi/150 10	6	7	0	14	8	9	5	7	15	0	0	13	1	1	0	7	8	7	2	7	5	4	5	11	13	25	5	17	3	10	4	19	11	20	9	13	9	11	13	19	28	27	34	34	4	17	11	10	8	18	8	12	8	16	8	17	25	27	18	24	4	25	14	
3420_A/chicken/Kaohsiung/ 9	9	11	2	15	5	4	3	6	14	0	0	19	2	1	0	10	9	9	2	6	4	2	5	9	12	16	2	11	4	21	5	16	9	19	12	11	10	12	10	22	30	24	30	35	4	20	16	10	9	16	6	13	10	18	9	9	20	30	20	31	6	23	13	
3421_A/chicken/Kaohsiung/ 9	9	11	2	15	5	5	3	6	14	0	0	19	2	1	0	10	10	8	2	6	4	2	4	9	11	15	4	11	4	21	5	16	9	19	12	12	10	12	10	21	31	25	29	35	4	20	16	10	9	16	6	13	9	18	9	9	20	30	20	30	7	23	13	
3422_A/chicken/Kaohsiung/ 9	9	11	2	15	5	5	3	6	14	0	0	19	2	1	0	10	10	9	2	6	4	1	5	9	11	15	3	11	4	21	5	16	9	19	12	11	10	12	10	21	31	24	30	35	4	20	16	10	9	16	6	14	9	18	9	9	20	30	20	31	6	23	13	
3423_A/chicken/Kaohsiung/ 9	9	11	2	15	5	4	3	6	14	0	0	19	2	1	0	10	9	9	2	6	4	2	5	9	12	16	2	11	4	21	5	16	9	19	12	11	10	12	10	22	30	24	30	35	4	20	16	10	9	16	6	13	10	18	9	9	20	30	20	31	6	23	13	
3424_A/chicken/Kaohsiung/ 9	9	11	2	15	5	5	3	6	14	0	0	18	2	1	0	10	9	9	2	6	4	1	5	9	12	15	3	12	4	21	5	16	9	19	12	11	10	12	10	21	30	25	30	35	4	20	16	10	10	16	6	14	8	18	9	9	20	30	20	31	6	23	13	
3425_A/chicken/Kaohsiung/ 9	9	11	2	15	5	5	3	6	14	0	0	19	2	1	0	10	10	9	2	6	4	1	5	9	11	14	4	11	4	22	5	15	9	20	12	11	10	11	10	21	31	24	29	34	5	20	16	11	9	16	6	14	9	18	9	9	20	30	20	32	5	23	13	
3426_A/chicken/Kaohsiung/ 9	9	11	2	15	5	5	3	6	14	0	0	19	2	1	0	10	10	9	2	6	4	1	5	9	11	16	3	11	4	20	5	16	10	19	12	11	10	12	10	21	31	24	30	35	3	20	16	10	10	16	6	15	8	18	9	9	20	30	21	31	5	23	12	
3427_A/chicken/Miaoli/150 10	6	7	0	14	8	9	5	7	15	0	0	13	1	1	0	7	8	7	2	7	5	4	5	11	13	25	5	17	3	10	4	19	11	20	9	13	9	11	13	19	28	28	34	34	4	16	11	9	8	18	8	13	8	16	8	18	25	27	18	23	4	25	14	
3428_A/chicken/Nantou/161 9	9	11	2	15	5	5	3	6	14	0	0	19	2	1	0	10	9	9	2	6	4	1	5	9	12	15	3	11	4	21	5	16	9	19	12	11	10	12	10	21	31	24	30	35	4	20	16	9	10	17	6	15	8	17	9	9	21	28	20	31	6	24	13	
3429_A/chicken/New_Taipei 9	9	11	2	15	5	5	3	6	14	0	0	18	2	1	0	10	10	9	2	6	4	1	5	9	11	16	3	11	4	20	5	16	9	19	12	11	10	12	10	21	32	24	29	36	3	20	17	10	10	16	6	15	8	18	9	9	20	30	21	31	5	23	12	
3430_A/chicken/New_Taipei 9	9	11	2	15	5	5	3	6	14	0	0	19	2	1	0	10	10	9	2	6	4	1	5	9	11	16	3	11	4	20	5	16	9	19	12	11	10	12	10	21	32	24	30	35	3	20	16	10	10	16	6	15	8	18	9	10	20	30	21	30	5	23	12	
3431_A/chicken/New_Taipei 10	9	11	2	14	5	5	3	6	14	0	0	19	2	1	0	10	10	9	2	6	4	1	5	9	10	15	3	10	5	21	5	16	10	19	12	10	9	12	10	22	32	25	31	36	4	17	17	9	8	19	6	14	10	17	9	10	20	29	21	30	6	21	13	
3432_A/chicken/New_Taipei 10	9	11	2	14	5	5	3	6	14	0	0	19	2	1	0	10	10	8	2	6	4	2	5	9	10	15	3	10	5	21	5	16	10	20	12	11	9	11	10	22	32	24	31	37	3	18	17	9	9	19	6	14	9	17	9	8	20	29	21	31	6	21	13	
3433_A/chicken/New_Taipei 10	9	11	2	14	5	5	3	6	14	0	0	19	2	1	0	10	10	8	2	6	4	2	5	9	10	15	3	10	5	21	5	16	10	20	12	11	9	11	10	21	32	24	31	36	4	18	17	9	9	19	6	14	9	17	9	9	20	29	21	31	6	21	13	
3434_A/chicken/New_Taipei 10	9	11	2	14	5	5	3	6	14	0	0	19	2	1	0	10	10	8	2	6	4	2	5	9	10	15	3	10	5	21	5	16	10	20	12	11	9	11	10	22	32	24	31	36	4	18	17	9	9	18	7	14	9	16	10	8	20	29	21	31	6	21	13	
3435_A/chicken/Shandong/K 10	7	6	1	14	7	10	4	8	15	0	0	12	1	1	0	7	8	5	2	7	5	5	4	7	10	26	6	21	6	10	3	19	12	21	9	12	8	11	12	20	27	28	34	34	5	16	11	12	8	18	6	11	8	16	9	13	25	24	20	28	3	29	13	
3436_A/chicken/Taichung/1 10	6	7	0	14	8	9	5	7	14	0	0	13	2	1	0	7	8	7	2	7	5	4	4	10	13	25	6	17	3	10	4	18	12	19	9	14	8	11	13	19	28	27	34	35	4	18	11	10	8	18	7	12	8	16	9	18	25	27	18	23	4	25	14	
3437_A/chicken/Tainan/150 9	9	11	2	15	5	5	3	6	14	0	0	19	2	1	0	10	10	9	2	6	4	1	5	9	11	15	3	11	4	21	5	16	9	18	12	11	11	13	10	21	30	24	29	35	4	21	16	11	9	16	6	14	9	18	9	8	20	28	21	31	6	24	13	
3438_A/chicken/Tainan/170 9	9	11	2	15	5	5	3	5	14	0	0	19	2	1	0	10	10	9	2	6	4	1	5	10	11	15	3	11	4	21	5	15	8	19	12	12	10	12	10	20	31	24	30	36	4	20	16	10	10	17	6	14	9	17	9	11	20	31	22	29	6	22	11	
3439_A/chicken/Taipei_Cit 10	9	11	2	14	5	5	3	6	14	0	0	19	2	1	0	10	10	8	2	6	4	2	5	9	10	15	3	10	5	21	5	16	10	20	12	10	9	11	9	22	32	23	31	36	4	19	17	8	9	19	6	15	10	17	10	8	19	29	21	31	7	21	13	
3440_A/chicken/Taipei/160 9	9	11	2	15	5	5	3	6	14	0	0	19	2	1	0	10	9	9	2	6	4	1	5	9	12	15	3	11	4	21	5	16	9	19	12	11	10	12	10	21	31	24	30	35	4	20	16	10	10	16	6	14	8	18	9	9	20	30	20	31	6	23	13	
3441_A/chicken/Taipei/160 9	9	11	2	15	5	5	3	6	14	0	0	19	2	1	0	10	9	9	2	6	4	1	5	9	12	15	3	11	4	21	5	16	9	19	12	11	10	12	10	21	30	24	30	35	5	20	16	10	10	16	6	14	8	18	9	9	20	30	20	31	6	23	13	
3442_A/chicken/Taipei/161 9	9	11	2	15	5	5	3	6	14	0	0	19	2	1	0	10	10	9	2	6	4	1	5	9	11	14	3	11	4	22	5	16	9	19	12	12	10	12	10	21	31	24	30	34	4	20	16	10	9	16	6	14	9	18	9	9	20	30	19	31	6	23	14	
3443_A/chicken/Taipei/170 10	9	11	2	14	5	5	3	5	14	0	0	19	2	1	0	10	10	9	2	6	4	1	5	10	10	15	3	10	5	21	5	16	10	19	12	10	9	12	10	22	32	25	31	36	4	17	17	9	8	19	6	14	10	17	9	9	20	29	21	31	6	21	13	
3444_A/chicken/Taipei/170 10	9	11	2	14	5	5	3	6	14	0	0	19	2	1	0	10	10	9	2	6	4	1	5	9	10	15	3	10	5	21	5	16	10	19	12	10	9	12	10	22	32	24	31	36	4	18	17	9	8	19	6	14	10	17	9	9	20	29	21	31	6	21	13	
3445_A/chicken/Taipei/170 10	9	11	2	14	5	5	3	6	14	0	0	19	2	1	0	10	10	9	2	6	4	1	5	9	10	15	3	10	5	21	5	16	10	19	12	10	9	12	10	22	31	24	31	36	5	18	17	9	8	19	6	14	10	17	9	9	20	29	21	31	6	21	13	
3446_A/chicken/Taiwan/x37 9	9	11	2	15	5	5	3	6	14	0	0	19	2	1	0	10	10	9	2	6	4	1	5	10	11	15	3	10	4	21	5	17	9	18	12	10	10	13	10	20	30	24	29	35	5	20	17	10	9	16	6	14	9	18	9	10	20	30	20	31	6	23	13	
3447_A/chicken/Yunlin/150 9	6	7	0	15	8	9	5	7	15	0	0	13	1	1	0	7	8	7	2	7	5	4	5	11	13	25	5	17	3	10	4	19	11	20	9	13	8	11	13	19	29	28	33	34	4	16	12	10	8	18	8	12	8	16	9	18	25	27	19	23	4	25	12	
3448_A/chicken/Yunlin/160 10	6	7	0	14	9	9	5	7	15	0	0	13	1	1	0	7	8	7	2	7	5	4	5	11	13	25	5	17	3	10	4	19	11	20	9	13	9	11	13	19	27	26	33	34	5	17	12	11	8	18	8	11	7	16	8	17	25	28	17	24	4	25	15	
3449_A/chicken/Yunlin/170 10	6	7	0	14	8	9	5	6	15	0	0	13	1	1	0	7	8	7	2	7	5	4	5	11	13	25	4	18	3	10	4	18	12	18	8	14	8	12	14	19	29	29	34	34	3	17	11	10	8	18	7	12	8	16	9	16	25	27	18	25	4	25	14	
3450_A/Chlidonias_hybrida 13	7	8	0	11	7	8	5	6	12	0	0	21	4	1	0	9	9	8	1	7	3	3	6	5	13	18	4	13	4	17	4	14	11	19	12	13	9	11	11	21	29	26	28	35	4	17	19	13	13	19	9	11	8	15	6	12	20	33	20	28	4	20	13	
3451_A/common_coot/Shando 13	7	9	0	11	7	8	5	6	13	0	0	21	4	1	0	8	10	8	1	8	3	3	6	6	12	18	4	12	3	17	4	13	11	19	12	14	9	11	11	22	29	26	28	35	4	16	20	14	14	17	8	10	9	16	7	12	19	31	22	27	3	22	11	
3452_A/common_crane/Yunna 13	7	9	0	11	7	8	5	6	12	0	0	21	4	1	0	8	10	8	1	8	3	3	6	6	13	18	4	12	3	17	4	13	10	20	11	14	9	12	11	22	31	26	29	35	3	17	18	13	14	18	8	10	9	14	7	13	19	31	22	27	3	22	11	
3453_A/common_pochard/Nin 13	8	10	2	11	7	6	3	7	13	0	0	17	4	1	0	7	12	7	2	8	3	3	4	7	12	15	4	15	2	21	5	17	11	18	11	11	10	13	11	21	29	29	29	35	2	16	16	12	13	20	8	12	12	13	7	11	18	31	25	28	2	21	9	
3454_A/common_teal/Ningxi 13	7	9	0	11	7	8	5	6	12	0	0	20	4	1	0	8	10	8	1	8	3	3	6	6	13	18	4	13	3	17	4	13	11	19	12	14	9	11	11	22	30	26	28	35	3	17	19	15	14	18	8	9	9	15	7	12	19	31	21	27	3	22	12	
3455_A/common_teal/Ningxi 13	8	10	2	11	7	6	3	7	13	0	0	17	4	1	0	7	12	7	2	8	3	3	4	7	12	15	4	15	2	21	5	17	11	18	11	11	10	13	11	21	29	29	29	35	2	16	16	12	13	20	8	12	12	13	7	11	18	31	25	28	2	21	9	
3456_A/common_teal/Ningxi 13	8	11	2	11	7	5	3	7	13	0	0	17	4	1	0	7	12	7	2	8	3	3	4	7	12	17	4	15	2	19	5	17	11	18	11	11	10	13	11	21	29	29	29	35	2	16	16	12	13	20	8	12	12	13	7	11	18	31	25	28	2	21	9	
3457_A/common_teal/Ningxi 13	8	10	2	11	7	6	3	7	13	0	0	17	4	1	0	7	12	7	2	8	3	3	4	7	12	15	4	15	2	21	5	17	11	18	11	11	10	13	11	21	29	29	29	35	2	16	16	12	13	20	8	12	12	13	7	11	18	31	25	28	2	21	9	
3458_A/common_teal/Ningxi 13	8	10	2	11	7	6	3	7	13	0	0	17	4	1	0	7	12	7	2	8	3	3	4	7	12	16	4	15	2	21	5	17	11	18	11	11	10	13	11	21	29	28	29	35	2	16	16	12	13	20	8	12	12	13	7	11	18	31	25	28	2	21	9	
3459_A/common_teal/Ningxi 13	8	10	2	11	7	6	3	7	13	0	0	17	4	1	0	7	12	7	2	8	3	3	4	7	12	15	4	15	2	21	5	17	11	18	11	11	10	13	11	21	29	29	29	35	2	16	16	12	13	20	8	12	12	13	7	11	18	31	25	28	2	21	9	
3460_A/common_teal/Shaanx 13	7	9	0	11	7	8	5	6	12	0	0	20	4	1	0	8	10	8	1	8	3	3	6	6	13	18	4	13	3	17	4	13	11	19	12	14	9	11	11	22	30	26	28	35	3	17	19	14	14	18	8	10	9	15	7	12	19	31	21	27	3	22	12	
3461_A/Cygnus_atratus/Hub 12	6	10	1	12	9	6	4	6	13	0	0	18	4	1	0	8	11	7	2	8	3	3	5	6	11	15	5	15	4	20	5	15	10	18	10	10	9	13	12	21	30	26	30	35	4	19	14	14	13	16	8	12	8	18	7	12	19	31	22	27	4	22	11	
3462_A/Cygnus_atratus/Hub 12	6	10	1	12	9	6	4	6	13	0	0	18	4	1	0	8	11	7	2	8	3	3	5	6	11	15	4	15	4	20	5	15	10	18	10	10	9	13	12	21	30	26	30	35	4	19	15	14	13	16	8	12	8	18	7	12	19	31	22	27	4	22	11	
3463_A/Cygnus_columbianus 14	7	8	0	11	7	8	5	6	12	0	0	21	4	1	0	8	10	8	1	8	3	3	6	6	13	18	4	12	3	17	4	13	11	19	12	14	9	11	11	22	30	26	28	35	3	17	19	13	14	18	8	11	9	15	7	12	19	31	22	27	3	22	11	
3464_A/Cygnus_columbianus 13	7	9	0	11	7	8	5	6	12	0	0	21	4	1	0	8	10	8	1	8	3	3	6	6	13	18	4	12	3	17	4	13	11	19	12	14	9	11	11	22	30	27	28	35	3	16	19	13	14	18	8	10	9	15	7	13	19	31	22	27	3	22	11	
3465_A/Cygnus_columbianus 13	7	9	0	11	7	8	5	6	12	0	0	21	4	1	0	8	10	8	1	8	3	3	5	6	13	18	5	12	3	17	4	13	11	19	12	14	9	11	11	22	30	27	28	35	3	16	19	14	14	18	8	10	9	15	7	12	19	31	22	27	3	22	11	
3466_A/Cygnus_columbianus 13	7	9	0	11	7	8	5	6	12	0	0	21	4	1	0	8	10	8	1	8	3	3	6	6	13	18	4	12	3	17	4	13	11	19	12	14	9	11	11	22	30	26	28	35	3	17	19	14	14	18	8	10	9	15	7	12	19	31	22	27	3	22	11	
3467_A/Cygnus_columbianus 13	7	9	0	11	7	8	5	6	12	0	0	21	4	1	0	8	10	8	1	8	3	3	6	6	13	18	4	12	3	17	4	13	11	19	12	13	9	11	11	22	30	26	28	35	3	17	19	13	14	18	8	11	9	15	7	12	19	31	21	28	3	22	12	
3468_A/Cygnus_columbianus 12	7	9	0	12	7	8	5	6	12	0	0	21	4	1	0	8	10	8	1	8	3	3	6	6	13	18	4	12	3	17	4	13	11	19	12	14	9	11	11	22	30	26	28	35	3	17	19	13	14	18	8	10	9	16	7	12	19	31	22	27	3	22	11	
3469_A/Cygnus_columbianus 13	7	9	0	11	7	8	5	6	12	0	0	21	4	1	0	8	9	8	1	8	3	3	6	6	14	18	4	12	3	17	4	13	11	19	11	14	9	11	12	21	30	25	29	35	3	17	19	14	14	18	8	10	9	15	7	13	19	31	22	27	3	22	11	
3470_A/duck/Chiayi/150800 10	6	7	0	14	8	9	5	7	15	0	0	13	1	1	0	7	8	7	2	7	5	4	5	11	12	25	5	17	4	10	4	19	11	20	9	13	9	12	13	19	28	26	32	34	4	18	13	10	8	18	7	12	8	15	9	17	25	27	18	24	4	25	14	
3471_A/duck/Eastern_China 10	7	9	1	14	6	7	4	7	13	0	0	18	3	1	0	10	9	6	4	6	5	4	4	11	12	15	4	9	4	21	4	11	8	21	10	14	10	11	10	23	28	23	28	34	7	21	18	8	12	16	8	16	7	17	9	9	22	31	22	32	4	22	10	
3472_A/duck/Eastern_China 9	7	7	1	15	7	9	4	7	15	0	0	13	1	1	0	7	8	5	2	7	5	5	5	8	11	25	5	20	5	11	3	19	11	21	9	13	9	11	13	19	27	27	34	34	5	16	11	12	9	17	6	10	9	16	9	15	24	26	21	26	3	27	13	
3473_A/duck/Eastern_China 9	7	7	1	15	7	9	4	7	15	0	0	14	1	1	0	7	8	5	2	7	5	5	5	9	11	25	5	18	5	11	3	18	11	20	9	13	9	11	13	19	27	27	33	34	5	16	12	13	9	18	7	10	9	16	9	16	24	26	21	25	3	27	12	
3474_A/duck/Eastern_China 9	7	7	1	15	7	9	4	7	15	0	0	14	1	1	0	7	8	5	2	7	5	5	5	9	11	25	5	18	5	11	3	18	11	20	9	13	9	11	13	19	27	27	33	34	5	16	12	13	9	18	6	10	9	16	9	16	24	26	21	25	3	27	13	
3475_A/duck/Eastern_China 9	7	7	1	15	7	9	4	7	15	0	0	14	1	1	0	6	8	5	2	7	5	5	5	9	11	25	5	19	5	11	3	18	11	20	9	13	9	11	13	19	27	27	34	34	5	16	11	13	9	18	6	10	9	16	9	15	24	26	21	26	3	27	13	
3476_A/duck/Eastern_China 9	7	7	1	15	7	9	4	8	15	0	0	13	1	1	0	7	8	5	2	7	5	5	5	9	11	25	5	18	5	11	4	18	10	20	9	13	10	11	13	19	27	27	33	34	5	16	11	13	9	18	6	10	9	16	9	15	24	27	20	26	3	26	14	
3477_A/duck/Eastern_China 9	7	6	1	15	7	10	4	8	15	0	0	13	1	1	0	7	8	5	2	7	5	5	5	7	11	25	5	20	5	11	3	18	12	21	9	13	8	11	12	20	27	27	34	34	5	16	11	12	8	18	6	11	9	16	9	16	24	24	20	25	3	29	14	
3478_A/duck/Eastern_China 10	7	9	1	14	6	7	4	6	14	0	0	19	3	1	0	10	9	6	3	6	5	4	4	12	10	15	4	8	5	21	4	11	10	20	11	13	9	12	10	23	28	24	26	35	6	20	20	9	11	16	8	16	8	18	8	8	22	31	22	32	4	22	10	
3479_A/duck/Eastern_China 11	7	9	1	13	6	7	4	6	14	0	0	18	3	1	0	10	9	6	3	6	5	4	4	12	10	15	4	9	5	21	4	12	10	20	11	13	9	12	10	22	28	24	26	35	6	20	19	9	11	14	9	16	8	19	8	7	22	31	23	33	4	22	10	
3480_A/duck/Eastern_China 10	7	9	1	14	7	7	4	6	14	0	0	18	2	1	0	10	8	6	3	6	5	4	4	14	12	15	4	7	4	21	4	12	9	20	11	14	9	12	10	23	28	22	27	34	7	22	18	8	13	16	8	16	7	17	9	10	21	32	23	30	4	21	10	
3481_A/duck/Guangdong/KGZ 13	7	9	0	11	7	8	5	6	12	0	0	21	4	1	0	8	9	8	1	8	4	3	6	7	13	18	4	11	3	17	4	13	11	19	12	14	9	11	11	22	30	25	29	35	3	17	19	14	15	18	8	10	8	15	7	12	18	31	21	27	4	22	12	
3482_A/duck/Guangdong/KGZ 11	7	8	0	13	7	9	5	7	13	0	0	20	3	1	0	9	10	8	1	8	4	3	6	6	12	20	5	12	3	15	3	14	12	17	13	11	9	13	11	23	29	24	25	35	3	19	21	16	13	16	8	10	9	16	7	14	19	31	22	25	3	22	11	
3483_A/duck/Guangdong/S12 13	7	9	0	11	7	8	5	7	12	0	0	21	4	1	0	8	9	8	1	8	4	3	6	6	13	18	4	12	3	17	4	13	11	19	12	15	8	11	11	21	30	25	30	35	3	18	17	14	15	18	8	10	8	15	7	12	19	31	23	27	3	22	10	
3484_A/duck/Guangdong/s14 9	7	6	1	15	7	10	4	9	15	0	0	12	1	1	0	7	8	5	1	7	5	5	6	8	12	25	5	19	4	11	3	19	12	21	10	13	8	11	12	20	27	28	34	33	4	16	11	12	8	17	6	11	9	16	8	18	23	24	18	25	3	29	16	
3485_A/duck/Guangxi/S1009 13	7	9	0	11	7	8	5	6	12	0	0	21	4	1	0	9	10	8	1	7	3	3	6	6	13	18	4	12	3	17	4	13	11	19	12	14	9	11	11	22	30	26	27	35	3	17	20	14	14	18	8	10	9	15	7	12	19	31	22	27	3	22	11	
3486_A/duck/Guangxi/S1026 13	7	9	0	11	7	8	5	6	12	0	0	21	4	1	0	9	10	8	1	7	3	3	6	6	13	18	4	12	3	17	4	13	11	19	12	14	9	11	11	22	29	26	27	35	4	17	20	14	14	18	8	10	9	15	7	12	19	31	22	27	3	22	11	
3487_A/duck/Guangxi/S1104 13	7	9	0	11	7	8	5	6	12	0	0	21	4	1	0	8	10	9	1	8	3	2	7	6	13	18	4	12	3	17	4	13	11	18	12	14	9	11	11	22	30	26	27	35	3	17	20	14	14	18	8	10	9	15	7	12	19	31	22	27	3	22	11	
3488_A/duck/Guangxi/S2119 13	7	9	0	11	7	8	5	7	12	0	0	21	4	1	0	9	10	8	1	7	3	3	6	5	13	18	4	12	3	17	4	14	11	19	12	13	9	11	11	22	30	26	27	35	3	17	20	14	14	18	8	10	9	15	8	12	19	29	22	27	3	24	10	
3489_A/duck/Hebei/S1070/2 13	7	9	0	11	7	8	5	6	13	0	0	21	4	1	0	8	10	8	1	8	3	3	6	5	12	18	4	13	3	17	4	13	11	19	12	15	9	11	11	22	29	26	27	35	4	17	20	14	15	18	8	9	8	15	7	13	18	32	22	26	4	21	11	
3490_A/duck/Henan/S1381/2 13	7	9	0	11	7	8	5	6	13	0	0	21	4	1	0	8	9	8	1	8	4	3	6	6	12	18	4	12	3	17	4	13	11	19	12	14	9	11	11	22	29	26	28	35	4	17	19	14	14	18	8	10	9	15	7	12	19	31	22	27	3	22	11	
3491_A/duck/Hunan/11.30_Y 12	6	10	0	12	9	6	5	6	13	0	0	19	4	1	0	7	11	7	2	9	3	3	5	6	11	15	5	14	4	21	4	14	10	18	10	12	9	13	12	21	30	27	29	35	4	18	15	14	13	17	8	11	8	17	7	12	19	30	22	27	4	23	11	
3492_A/duck/Jiangxi/S1025 13	7	9	0	11	7	9	5	6	13	0	0	20	4	1	0	8	10	8	1	8	3	2	6	6	12	18	4	13	3	17	4	13	12	18	12	14	9	12	11	22	29	26	28	35	3	17	19	14	14	17	8	10	9	16	7	12	19	32	22	27	3	21	11	
3493_A/duck/Shandong/11.1 10	7	9	1	14	6	7	4	7	14	0	0	19	3	1	0	10	9	6	3	6	5	4	4	10	10	15	4	8	5	21	4	11	9	20	11	16	11	10	11	23	28	23	28	35	6	21	18	8	12	16	8	15	7	18	8	7	22	31	22	32	5	22	10	
3494_A/duck/Shandong/11.1 10	7	9	1	14	6	7	4	7	14	0	0	19	3	1	0	10	9	6	3	6	5	4	4	10	10	15	4	8	5	21	4	11	9	20	11	16	11	10	11	23	28	23	28	35	6	21	18	8	12	16	8	15	7	18	8	7	22	31	22	32	5	22	10	
3495_A/duck/Shandong/Q1/2 9	7	6	1	15	7	10	4	8	15	1	0	12	1	0	0	7	8	5	2	7	5	5	5	8	11	25	5	20	5	11	3	18	11	21	9	13	8	11	12	20	27	27	35	34	5	16	11	12	9	18	6	11	9	16	9	18	24	25	18	23	3	28	15	
3496_A/duck/Tainan/150104 10	6	7	0	14	8	9	5	7	15	0	0	13	1	1	0	8	8	7	2	6	5	4	5	11	13	25	5	17	3	10	4	19	11	20	9	13	9	11	13	19	28	28	34	34	4	16	11	10	8	18	8	12	8	16	8	17	25	27	18	24	4	25	14	
3497_A/duck/Taiwan/a068/2 9	9	11	2	15	5	5	3	6	14	0	0	19	2	1	0	10	10	9	2	6	4	1	5	9	11	15	3	11	4	21	5	16	9	18	12	11	11	13	10	21	30	24	29	35	4	21	16	10	9	16	6	14	9	18	9	8	20	29	20	32	6	24	13	
3498_A/duck/Taiwan/A3400/ 9	8	11	2	15	5	5	3	6	14	0	0	19	2	1	0	10	10	9	2	6	4	1	5	9	11	15	3	11	4	21	5	16	10	18	12	11	11	13	10	21	29	24	29	35	4	21	16	10	9	16	5	14	9	18	9	8	21	29	21	32	6	24	13	
3499_A/duck/Xinjiang/12.1 12	6	10	1	12	8	6	4	6	13	0	0	18	4	1	0	7	11	7	2	9	3	3	5	6	11	15	5	15	4	21	3	16	10	18	10	11	9	13	12	22	30	27	31	34	3	18	14	13	11	17	8	11	10	17	7	12	21	33	22	27	4	20	11	
3500_A/duck/Yunlin/150102 10	6	7	0	14	8	9	5	7	15	0	0	13	1	1	0	7	8	7	2	7	5	4	5	11	13	25	5	17	4	9	4	19	11	20	9	13	9	11	13	19	28	28	34	34	4	16	11	10	8	18	8	12	8	16	8	18	25	27	18	23	4	25	14	
3501_A/duck/Yunlin/150104 10	6	7	0	14	8	9	5	8	15	0	0	12	1	1	0	7	8	7	2	7	5	4	5	11	13	25	5	17	3	10	4	19	11	20	9	13	9	11	13	19	28	28	34	34	4	16	11	10	8	18	8	12	8	16	8	18	25	27	18	23	4	25	14	
3502_A/duck/Zhejiang/6D18 10	7	9	1	14	6	7	4	6	14	0	0	19	3	1	0	10	9	6	3	6	5	4	4	12	11	15	4	8	4	21	4	11	8	20	11	14	10	12	10	24	28	24	28	34	7	20	18	9	12	16	9	15	7	17	8	8	22	31	22	32	4	22	10	
3503_A/duck/Zhejiang/9250 10	7	9	1	14	6	7	4	6	13	0	0	19	3	1	0	9	9	7	3	7	5	3	4	12	10	15	4	7	6	21	4	12	10	20	11	14	11	11	11	23	29	23	28	35	4	20	18	8	12	15	8	15	7	20	8	8	23	31	22	32	4	21	10	
3504_A/duck/Zhejiang/9251 10	7	9	1	14	6	7	4	6	13	0	0	19	3	1	0	11	9	7	3	6	5	3	4	12	12	15	4	8	5	20	4	12	10	20	11	14	10	12	10	23	27	24	27	35	4	20	19	8	12	15	8	15	7	20	9	8	23	31	21	32	4	21	10	
3505_A/duck/Zhejiang/W24/ 9	7	9	1	15	6	7	4	6	14	0	0	19	3	1	0	10	9	7	3	6	5	3	4	12	10	15	4	8	5	21	4	12	9	20	11	14	10	12	10	21	28	23	28	35	6	20	19	8	12	16	8	16	7	18	8	9	22	31	22	32	4	22	10	
3506_A/egret/Jiangsu/SD02 13	7	9	0	11	7	8	5	6	13	0	0	21	4	1	0	8	10	8	1	8	3	3	6	6	13	18	4	12	2	17	4	13	10	19	12	14	9	11	11	23	30	27	28	35	4	16	19	14	14	18	8	10	9	15	7	11	19	31	22	27	3	22	11	
3507_A/eurasian_eagle-owl 13	7	9	0	11	7	8	5	6	12	0	0	21	4	1	0	8	10	8	1	8	3	3	6	6	13	18	4	12	3	17	4	13	11	19	12	14	9	11	11	22	30	26	28	35	3	17	19	14	14	18	8	10	9	15	7	12	19	31	21	27	3	22	12	
3508_A/goose/Chiayi/15020 10	6	7	0	14	8	9	5	7	15	0	0	13	1	1	0	8	8	7	2	6	5	4	5	11	13	25	5	17	3	10	4	18	11	20	9	14	9	11	13	19	28	28	34	34	4	16	11	10	8	18	8	12	8	16	8	18	25	27	18	23	4	25	14	
3509_A/goose/China/1/2021 13	7	9	0	12	7	8	5	6	13	0	0	22	4	1	0	8	10	8	1	8	3	3	6	6	12	18	4	12	3	17	4	13	11	19	13	13	9	11	11	22	30	26	28	34	3	17	18	13	14	19	8	10	9	14	7	14	18	31	22	27	3	22	11	
3510_A/goose/Eastern_Chin 10	7	9	1	14	6	7	4	6	14	0	0	19	3	1	0	10	9	7	3	6	5	3	4	12	10	15	4	8	5	21	4	12	9	20	11	14	10	12	10	22	28	24	28	35	6	19	19	8	12	16	8	16	7	18	8	8	22	31	22	32	4	22	10	
3511_A/goose/Eastern_Chin 9	7	6	1	15	7	10	4	8	15	0	0	13	1	1	0	6	8	5	2	7	5	5	5	8	11	25	5	19	5	11	3	19	12	21	9	13	8	11	12	20	27	27	35	34	5	16	10	12	8	18	6	11	9	16	9	16	24	25	20	25	3	28	14	
3512_A/goose/Eastern_Chin 10	7	9	0	14	6	7	5	7	13	0	0	15	4	1	0	12	11	8	2	3	3	2	5	11	9	20	3	13	6	16	4	16	9	23	14	13	8	9	7	22	30	23	29	36	5	19	19	9	8	11	9	11	10	23	6	13	22	31	24	28	5	22	10	
3513_A/goose/Eastern_Chin 10	7	9	1	14	6	7	4	6	14	0	0	18	3	1	0	10	9	6	3	6	5	4	4	13	11	14	4	8	4	22	4	12	8	20	13	14	10	12	8	23	28	23	27	34	7	21	18	10	13	16	8	14	7	17	9	11	21	32	22	29	4	21	11	
3514_A/goose/Guangdong/s1 9	7	6	1	15	7	10	4	9	15	0	0	12	1	1	0	7	8	5	1	7	5	5	6	8	12	25	5	19	4	11	3	19	12	21	10	13	8	11	12	20	27	28	34	33	4	16	11	12	8	17	6	11	9	16	8	18	23	24	18	25	3	29	16	
3515_A/goose/Guangxi/S206 13	7	9	0	11	7	8	5	7	12	0	0	21	4	1	0	9	10	8	1	7	3	3	6	5	13	18	4	12	3	17	4	14	11	19	12	13	9	11	11	22	30	26	27	35	3	17	20	14	14	18	8	10	9	15	7	12	19	31	22	27	3	22	11	
3516_A/goose/Henan/S1315/ 13	7	9	0	11	7	8	5	6	13	0	0	22	4	1	0	8	10	8	1	8	3	3	6	6	12	18	4	11	3	17	4	13	11	19	12	14	9	11	11	22	29	26	27	35	4	17	20	14	14	18	9	10	9	15	6	12	19	31	23	27	3	22	10	
3517_A/goose/Hunan/S11288 13	7	9	0	11	7	8	5	6	12	0	0	21	4	1	0	8	10	8	1	8	3	3	6	5	13	18	4	12	3	17	4	13	11	19	12	14	9	11	11	22	30	26	29	35	3	16	19	14	14	18	8	10	9	15	7	13	19	31	22	27	3	22	11	
3518_A/goose/Jiangsu/QD5/ 10	7	9	1	14	6	7	4	6	14	0	0	19	3	1	0	10	9	6	3	6	5	4	4	12	11	16	4	8	4	20	4	11	8	20	11	13	9	13	10	24	28	23	28	35	7	21	18	8	12	16	7	16	7	17	10	8	22	32	22	32	4	21	10	
3519_A/goose/Jiangsu/S138 13	7	9	0	11	7	8	5	6	13	0	0	21	4	1	0	8	10	8	2	8	3	3	5	6	12	18	4	12	3	17	4	13	11	19	12	14	9	11	11	22	30	25	28	35	3	19	18	14	14	18	8	10	9	15	7	12	19	31	22	26	4	22	11	
3520_A/goose/Liaoning/S12 13	7	9	0	11	7	8	5	6	13	0	0	21	4	1	0	8	10	8	1	8	3	3	6	6	12	18	4	12	3	17	4	13	11	19	12	14	9	11	11	22	29	27	28	35	4	16	19	14	14	19	8	10	9	14	7	14	18	30	22	26	3	23	11	
3521_A/goose/Pingtung/150 9	9	11	2	15	5	5	3	6	14	0	0	19	2	1	0	10	10	9	2	6	4	1	5	9	11	15	3	11	4	21	5	16	9	18	12	11	11	13	10	22	30	24	29	34	4	21	16	10	9	16	6	14	9	18	9	8	20	30	20	32	6	23	13	
3522_A/goose/Pingtung/160 9	9	11	2	15	5	5	3	6	14	0	0	19	2	1	0	11	10	9	2	5	4	1	5	9	11	15	3	11	4	21	5	16	9	19	12	11	10	12	10	21	31	24	30	35	4	20	16	10	9	16	6	14	9	18	9	9	20	30	20	31	6	23	13	
3523_A/goose/Shandong/05. 10	7	9	1	14	6	7	4	6	13	0	0	19	4	1	0	10	9	6	3	6	5	4	4	11	10	16	4	8	5	20	4	12	10	20	10	13	9	12	11	21	29	24	24	33	6	19	20	9	11	14	8	16	8	19	8	8	22	31	22	32	4	20	10	
3524_A/goose/Shandong/05. 10	7	9	1	14	6	7	4	6	13	0	0	19	4	1	0	10	9	6	3	6	5	4	4	11	10	16	4	8	5	20	4	12	10	20	10	13	9	12	11	21	29	24	24	33	6	19	20	9	11	14	8	16	8	19	8	8	22	30	22	32	4	21	10	
3525_A/goose/Shandong/06. 10	7	9	1	14	6	7	4	6	14	0	0	19	3	1	0	10	9	6	3	6	5	4	3	12	10	16	5	8	5	20	4	12	10	20	11	13	9	12	10	22	29	26	25	35	5	18	21	9	11	16	8	16	8	19	8	8	22	31	23	32	4	21	9	
3526_A/goose/Shandong/12. 10	6	9	1	14	6	7	4	6	15	0	0	19	3	1	0	10	9	6	3	6	4	4	4	11	11	16	4	8	4	20	4	11	8	19	11	14	11	13	10	22	29	21	26	34	7	22	18	8	13	15	6	16	8	17	11	8	20	30	22	31	4	21	10	
3527_A/Goose/Shandong/211 13	7	9	0	11	7	8	5	7	13	0	0	20	4	1	0	8	10	8	1	8	3	3	6	6	12	18	4	12	3	17	4	13	12	19	12	14	9	11	11	22	28	27	28	35	4	16	19	13	14	18	8	11	9	16	7	12	19	31	22	27	3	21	11	
3528_A/goose/Shandong/GD- 10	7	9	1	14	6	7	4	6	14	0	0	19	3	1	0	10	9	6	3	6	5	4	4	11	10	15	3	8	5	21	4	12	9	20	12	14	10	11	10	21	28	22	27	34	6	20	19	6	12	15	8	17	8	18	8	8	22	30	21	32	4	21	11	
3529_A/goose/Shandong/LQ0 10	7	6	1	14	7	10	4	8	15	0	0	12	1	1	0	7	8	5	2	7	5	5	4	7	10	26	6	21	6	10	3	19	12	21	9	12	8	11	12	20	27	28	34	34	5	16	11	12	8	18	6	11	8	16	9	13	25	24	20	28	3	29	13	
3530_A/goose/Tainan/16040 9	9	11	2	16	4	5	3	6	14	0	0	19	2	1	0	10	10	9	2	6	4	1	5	9	11	15	3	11	4	21	5	16	9	19	12	11	10	12	10	21	31	24	30	35	4	20	16	10	9	16	6	14	9	18	9	9	20	30	20	31	6	23	13	
3531_A/goose/Tainan/16070 9	10	11	2	15	5	5	3	6	13	0	0	19	2	1	0	10	10	9	2	6	4	1	5	9	11	15	3	11	4	21	5	16	9	19	12	11	10	12	10	21	31	24	30	35	4	20	16	10	9	16	6	14	9	18	9	10	20	30	20	30	6	23	13	
3532_A/goose/Taiwan/01019 10	6	7	0	14	8	9	5	7	15	0	0	13	1	1	0	7	8	7	2	7	5	4	5	11	13	25	5	17	3	9	5	19	11	20	9	13	9	11	13	19	28	28	34	33	4	16	11	10	8	18	8	12	8	16	8	17	25	27	17	25	4	25	15	
3533_A/goose/Taiwan/01039 10	6	7	0	14	8	9	5	8	15	0	0	12	1	1	0	7	8	7	2	7	5	4	5	11	13	24	5	17	3	11	4	19	11	20	9	13	9	11	13	19	28	28	34	34	4	16	11	10	8	18	8	12	8	16	8	17	25	27	18	24	4	25	14	
3534_A/goose/Taiwan/a015/ 10	6	7	0	14	8	9	5	7	15	0	0	13	1	1	0	7	8	7	2	7	5	4	5	11	13	25	5	17	3	10	4	19	11	20	9	13	9	11	13	19	28	27	34	34	4	17	11	10	8	18	8	12	8	16	8	17	25	27	18	24	4	25	14	
3535_A/goose/Taiwan/TNC1/ 10	6	7	0	14	8	9	5	7	15	0	0	13	1	1	0	7	8	7	2	7	5	4	5	11	13	25	5	17	3	10	4	19	11	20	10	13	9	11	13	19	28	28	33	34	4	16	11	11	8	18	8	11	8	16	8	17	25	27	17	24	4	25	15	
3536_A/goose/Taiwan/TNC3/ 10	6	7	0	14	8	9	5	7	15	0	0	13	1	1	0	7	8	7	2	7	5	4	5	11	13	25	5	17	3	10	4	19	11	20	9	13	9	11	13	19	28	28	34	34	4	16	11	11	8	18	8	11	8	16	8	18	25	27	17	23	4	25	15	
3537_A/goose/Taiwan/TNC4/ 10	6	7	0	14	8	9	5	7	15	0	0	13	1	1	0	7	9	7	2	7	4	4	5	11	13	25	5	17	3	10	4	19	11	20	9	13	9	11	13	19	28	28	34	34	4	16	11	10	8	18	8	12	8	16	8	17	25	27	18	24	4	25	14	
3538_A/goose/Taiwan/TNC9/ 10	6	7	0	14	8	9	5	7	15	0	0	13	1	1	0	7	8	7	2	7	5	4	5	11	13	25	5	17	3	10	4	19	11	20	9	13	9	11	13	19	28	28	34	34	4	16	11	11	8	18	8	11	8	16	8	17	25	27	17	24	4	25	15	
3539_A/goose/Taiwan/TNC10 10	6	7	0	14	8	9	5	7	15	0	0	13	1	1	0	7	8	7	2	7	5	4	5	11	13	25	5	17	3	10	4	19	11	20	10	13	9	11	13	19	28	28	33	34	4	16	11	11	8	18	8	11	8	16	8	17	25	27	17	24	4	25	15	
3540_A/goose/Taiwan/TNC12 10	6	7	0	14	8	9	5	7	15	0	0	13	1	1	0	7	8	7	2	7	5	4	5	11	13	25	5	17	3	10	4	19	11	20	10	13	9	11	13	19	28	28	33	34	4	16	11	11	8	18	8	11	8	16	8	17	25	27	17	24	4	25	15	
3541_A/goose/Taiwan/TNC14 10	6	7	0	14	8	9	5	7	15	0	0	13	1	1	0	7	8	7	2	7	5	4	5	11	13	25	5	17	3	10	4	19	11	20	10	13	9	11	13	19	28	28	33	34	4	16	11	11	8	18	8	11	8	16	8	17	25	27	17	24	4	25	15	
3542_A/goose/Taiwan/TNO3/ 10	6	7	0	14	8	9	5	7	15	0	0	13	1	1	0	7	8	7	2	7	5	4	5	11	13	25	5	17	3	10	4	18	11	20	9	13	9	11	13	19	28	28	34	34	4	16	11	11	8	18	8	12	8	16	8	17	25	27	18	24	4	25	14	
3543_A/goose/Taiwan/TNO9/ 10	6	7	0	14	8	9	5	7	15	0	0	13	1	1	0	7	8	7	2	7	5	4	5	11	13	25	5	17	3	10	4	19	11	20	9	13	9	12	13	19	28	28	34	34	4	16	11	10	8	18	8	12	8	15	8	17	25	27	18	24	4	25	14	
3544_A/goose/Taiwan/TNO15 10	6	7	0	14	8	9	5	7	15	0	0	13	1	1	0	7	8	7	2	7	5	4	5	11	13	25	5	17	3	10	4	19	11	20	9	13	9	11	13	19	28	27	34	34	4	17	11	10	8	18	8	12	8	16	8	17	25	27	18	24	4	25	14	
3545_A/goose/Taiwan/TNO17 10	6	7	0	14	8	9	5	7	15	0	0	13	1	1	0	7	8	7	2	7	5	4	5	11	13	25	5	17	3	10	4	19	11	20	10	13	9	11	13	19	28	28	33	34	4	16	11	11	8	18	8	11	8	16	8	17	25	27	17	24	4	25	15	
3546_A/goose/Taoyuan/1501 10	6	7	0	14	8	9	5	7	15	0	0	13	1	1	0	7	8	7	2	7	5	4	5	11	13	25	5	17	3	10	4	19	11	20	9	13	9	11	13	19	28	28	34	34	4	16	11	9	8	18	8	13	8	16	8	18	25	27	18	23	4	25	14	
3547_A/goose/Xinjiang/12. 12	6	10	1	12	8	6	4	6	13	0	0	18	4	1	0	7	11	7	2	9	3	3	5	6	11	15	4	15	4	21	4	16	10	19	10	11	9	13	12	22	31	26	30	34	3	19	15	13	11	16	8	11	10	17	7	12	20	32	22	27	4	21	11	
3548_A/goose/Xinjiang/12. 12	6	10	1	12	8	6	4	6	13	0	0	18	4	1	0	7	11	7	2	9	3	3	5	6	11	15	4	15	4	21	4	16	10	18	10	11	9	13	12	22	31	26	31	34	3	19	14	13	11	17	8	11	10	17	7	12	20	32	22	27	4	21	11	
3549_A/goose/Xinjiang/12. 12	6	10	1	12	8	6	4	6	13	0	0	18	4	1	0	7	11	7	2	9	3	3	5	6	11	15	4	15	4	21	4	16	10	18	10	11	9	13	12	22	31	26	31	34	3	19	14	13	11	17	8	11	10	17	7	12	20	32	22	27	4	21	11	
3550_A/goose/Xinjiang/12. 12	6	10	1	12	8	6	4	6	13	0	0	18	4	1	0	7	11	7	2	9	3	3	5	6	11	15	4	15	4	21	4	16	10	18	10	11	9	13	12	22	31	26	31	34	3	19	14	13	11	17	8	11	10	17	7	12	20	32	22	27	4	21	11	
3551_A/goose/Yangzhou/042 10	6	9	1	14	6	7	4	6	15	0	0	19	3	1	0	10	9	6	3	6	5	4	4	12	11	16	5	8	4	20	4	11	8	20	11	14	10	12	10	23	28	22	27	35	7	22	18	8	13	16	7	16	7	17	10	9	21	32	22	31	4	21	10	
3552_A/goose/Yunlin/15040 10	6	7	0	14	8	9	5	7	15	0	0	12	1	1	0	7	8	7	2	7	5	4	5	11	13	25	5	18	3	10	4	19	11	20	9	13	9	11	13	19	28	27	34	34	4	17	11	10	8	17	8	12	8	17	8	17	25	27	18	24	4	25	14	
3553_A/goose/Zhejiang/925 10	7	9	1	14	6	7	4	6	13	0	0	19	3	1	0	11	9	7	3	6	5	3	4	12	13	15	4	8	5	20	4	12	10	20	11	14	11	11	11	23	25	25	26	35	6	19	19	9	12	16	8	14	7	19	9	8	22	31	21	32	4	21	10	
3554_A/goose/Zhejiang/925 10	7	9	1	14	7	6	4	6	14	0	0	19	3	1	0	10	9	7	3	6	6	4	4	12	13	16	4	8	5	19	4	12	10	20	11	13	9	11	10	22	25	25	26	35	6	19	20	8	11	15	8	17	10	18	8	8	22	30	22	32	4	22	10	
3555_A/goose/Zhejiang/S12 13	7	9	0	11	7	8	5	7	13	0	0	20	4	1	0	8	10	8	1	8	3	3	6	6	12	18	4	12	3	17	4	13	11	19	12	14	9	11	11	22	29	27	28	35	4	16	19	14	14	18	8	10	9	15	7	12	19	30	22	27	3	23	11	
3556_A/Great_Black-headed 13	6	10	1	11	8	6	4	8	13	0	0	17	4	1	0	7	11	7	2	9	3	3	5	5	11	16	4	15	4	20	4	16	10	18	10	12	9	13	12	21	30	25	33	35	3	19	13	12	13	16	8	9	10	18	7	13	20	30	23	28	3	22	11	
3557_A/Great_Cormorant/Qi 12	6	10	1	12	8	6	4	7	13	0	0	18	4	1	0	7	11	7	2	9	3	3	5	5	11	16	4	15	4	20	4	15	9	18	10	11	10	13	12	22	31	26	33	35	3	19	12	12	13	15	8	10	10	19	7	13	19	31	22	28	3	22	11	
3558_A/Great_Cormorant/Qi 12	6	10	1	12	8	6	4	7	13	0	0	18	4	1	0	7	11	7	2	9	3	3	5	5	11	16	4	15	4	20	4	15	10	17	10	12	9	13	12	21	31	26	32	35	3	20	13	12	13	15	8	10	10	19	7	13	19	31	22	28	3	22	11	
3559_A/Great_Cormorant/Qi 12	6	10	1	12	8	6	4	7	13	0	0	18	4	1	0	7	11	7	2	9	3	3	5	5	11	16	3	15	4	20	4	15	10	18	9	12	9	13	13	21	31	26	33	35	3	19	13	12	13	16	8	10	10	18	7	13	19	31	22	28	3	22	11	
3560_A/Great_Crested_Greb 12	5	10	1	12	8	6	4	7	14	0	0	18	4	1	0	7	11	7	2	9	3	3	5	5	11	16	4	15	4	20	4	15	10	18	10	12	9	13	12	21	31	27	31	35	3	18	14	12	13	16	8	11	9	18	7	13	19	32	22	28	3	21	11	
3561_A/grebe/Ningxia/SD00 13	6	9	0	12	8	8	5	7	12	0	0	21	4	1	0	8	10	8	1	7	3	3	6	5	13	18	4	13	3	16	4	13	11	19	12	14	9	11	11	22	30	24	29	35	3	18	19	14	14	19	8	10	9	14	7	12	19	32	20	27	3	22	12	
3562_A/grebe/Shaanxi/SD00 13	7	9	0	11	7	8	5	7	12	0	0	21	4	1	0	8	10	8	1	8	3	3	6	5	13	18	4	12	3	17	4	13	11	19	12	14	9	11	11	22	30	24	29	35	3	18	19	14	14	19	8	10	9	14	7	11	19	32	20	28	3	22	12	
3563_A/grebe/Shandong/SC1 13	7	9	0	11	7	8	5	6	13	0	0	21	4	1	0	8	10	8	1	8	3	3	6	6	12	18	4	12	3	17	4	13	11	19	12	14	9	11	11	22	29	27	27	35	4	17	19	14	14	18	8	10	8	15	7	12	20	31	22	27	3	22	11	
3564_A/green-winged_teal/ 13	7	9	0	11	7	8	5	7	12	0	0	21	4	1	0	8	10	8	1	8	3	3	6	6	13	18	5	12	3	17	3	13	12	19	12	14	9	12	11	22	30	26	29	35	2	17	18	13	15	18	8	10	9	14	7	12	19	31	23	27	2	22	10	
3565_A/Herring_Gull/Hubei 12	6	10	1	12	8	6	4	7	13	0	0	18	4	1	0	7	11	7	2	9	3	3	5	5	11	16	4	15	4	20	4	14	10	18	10	13	9	13	12	21	31	25	33	35	3	20	12	12	13	15	8	10	10	19	7	13	19	31	22	28	3	22	11	
3566_A/mallard_duck/Shang 10	7	9	1	14	6	7	4	6	15	0	0	19	2	1	0	10	9	6	3	6	5	4	4	12	10	14	4	8	5	22	4	12	9	20	12	13	10	12	9	22	28	23	28	35	6	20	19	8	12	16	8	17	7	18	8	8	22	31	22	32	4	22	10	
3567_A/mallard/Ningxia/17 13	8	10	2	11	7	6	3	7	13	0	0	17	4	1	0	7	12	7	2	8	4	3	4	7	12	15	4	15	2	21	5	17	11	18	11	11	9	13	11	21	29	29	29	35	2	16	16	12	13	20	8	12	12	13	7	11	18	31	25	28	2	21	9	
3568_A/mallard/Ningxia/17 13	8	10	2	11	7	6	3	7	13	0	0	17	4	1	0	7	12	7	2	8	3	3	4	7	12	15	4	15	2	21	5	17	11	18	11	11	10	13	11	21	29	29	29	35	2	16	16	12	13	20	8	12	12	13	7	11	18	31	25	28	2	21	9	
3569_A/mallard/Ningxia/23 13	8	10	2	11	7	6	3	7	13	0	0	17	4	1	0	7	12	7	2	8	3	3	4	7	12	15	4	15	2	21	5	17	11	18	11	11	10	13	11	21	29	29	29	35	2	16	16	12	13	20	8	12	12	13	7	11	18	31	25	28	2	21	9	
3570_A/mallard/Ningxia/24 13	8	10	2	11	7	6	3	7	13	0	0	17	4	1	0	7	12	7	2	8	3	3	4	7	12	15	4	15	2	21	5	17	11	18	11	11	10	13	11	21	29	29	29	35	2	16	16	12	13	20	8	12	12	13	7	11	18	31	25	28	2	21	9	
3571_A/mallard/Ningxia/24 13	8	10	2	11	7	6	3	7	13	0	0	17	4	1	0	7	12	7	2	8	3	3	4	7	12	15	4	15	2	21	5	17	11	18	11	11	10	13	11	21	29	29	29	35	2	16	16	12	13	20	8	12	12	13	7	11	18	31	25	28	2	21	9	
3572_A/mallard/Ningxia/24 13	8	10	2	11	7	6	3	7	13	0	0	17	4	1	0	7	12	7	2	8	3	3	4	7	12	15	4	15	2	21	5	17	11	18	11	11	10	13	11	21	29	29	29	35	2	16	16	12	13	20	8	12	12	13	7	11	18	31	25	28	2	21	9	
3573_A/mute_swan/Inner_Mo 13	7	9	0	11	7	8	5	6	12	0	0	20	4	1	0	8	10	8	1	8	3	3	6	6	13	18	4	13	3	17	4	13	11	19	12	14	9	11	11	22	30	27	28	35	3	16	19	14	14	18	8	10	9	15	7	12	19	31	22	27	3	22	11	
3574_A/mute_swan/Shandong 13	6	9	0	11	7	8	5	6	12	0	0	21	4	1	0	9	10	8	1	7	3	3	6	6	13	18	4	12	3	17	4	13	12	19	12	14	9	11	11	22	30	26	28	34	3	17	19	14	14	18	8	10	9	16	7	12	19	30	22	28	3	22	11	
3575_A/Peregrine_Falcon/H 13	7	9	0	11	7	8	5	6	12	0	0	21	4	1	0	9	10	8	1	7	3	3	6	6	13	18	4	12	3	17	4	13	11	19	12	14	9	11	12	22	30	26	27	35	3	17	20	14	14	18	8	10	9	15	6	12	19	31	22	27	3	22	11	
3576_A/pheasant/Hebei/B02 13	8	9	0	11	7	8	5	6	13	0	0	21	4	1	0	8	9	8	1	8	3	3	6	6	12	18	4	12	3	17	4	14	11	19	12	14	9	11	11	22	29	26	28	34	4	17	19	14	14	19	8	10	9	14	7	12	19	31	22	27	3	22	11	
3577_A/swan/China/ST/2016 12	6	10	1	12	9	6	4	6	13	0	0	18	4	1	0	7	11	6	2	9	3	4	5	6	11	15	5	15	4	21	4	16	10	18	10	11	9	13	12	21	30	26	30	35	4	19	14	13	13	16	8	11	8	18	7	12	19	31	22	27	4	22	11	
3578_A/swan/Hebei/B01/202 13	6	9	0	11	8	8	5	6	12	0	0	21	4	1	0	8	10	8	1	8	3	3	6	6	14	18	4	12	2	17	4	13	11	19	12	15	9	11	11	22	30	26	28	35	3	17	19	14	13	18	8	9	10	15	7	12	19	31	22	27	3	22	11	
3579_A/swan/Shandong/W376 9	8	7	1	15	4	9	4	8	16	0	0	12	2	1	0	8	8	7	2	7	5	3	5	9	11	23	4	17	5	13	5	14	14	21	8	15	8	11	13	20	26	29	29	35	5	16	15	16	13	16	6	9	6	18	9	16	23	24	23	22	3	29	10	
3580_A/tundra_swan/Hubei/ 13	7	9	0	11	7	8	5	6	12	0	0	20	4	1	0	8	10	8	1	8	3	3	6	6	13	18	4	13	3	17	4	13	11	19	12	14	9	11	11	21	30	27	27	35	3	16	19	13	14	18	8	10	9	15	7	14	19	31	23	27	3	22	11	
3581_A/tundra_swan/Hubei/ 13	7	9	0	11	7	8	5	6	12	0	0	20	4	1	0	8	10	8	1	8	3	3	5	6	13	18	5	13	3	17	4	13	11	19	12	14	9	11	11	22	30	27	28	35	3	16	19	14	14	18	8	10	9	15	7	12	19	31	22	27	3	22	11	
3582_A/tundra_swan/Hubei/ 13	7	9	0	11	7	8	5	6	12	0	0	20	4	1	0	8	10	8	1	8	3	3	6	6	13	18	4	13	3	17	4	13	11	19	12	14	9	11	11	22	30	26	28	35	3	17	19	14	14	18	8	10	9	15	7	12	19	31	21	27	3	22	12	
3583_A/tundra_swan/Hubei/ 13	7	9	0	11	7	8	5	6	12	0	0	21	4	1	0	8	10	8	1	8	3	3	6	6	13	18	4	12	3	17	4	13	11	19	12	14	9	11	11	22	30	26	28	35	3	17	19	14	14	18	8	10	9	15	7	12	19	31	21	27	3	22	12	
3584_A/tundra_swan/Hubei/ 12	7	9	1	11	7	8	5	6	12	0	0	20	4	1	0	8	10	8	1	8	3	3	6	6	13	18	4	13	3	17	4	13	11	19	12	13	9	11	11	22	30	26	28	35	3	17	19	13	14	18	8	11	9	15	7	12	19	31	21	28	3	22	12	
3585_A/tundra_swan/Hubei/ 13	7	9	0	11	7	8	5	6	12	0	0	20	4	1	0	8	9	8	1	8	3	3	6	6	14	18	4	13	3	17	4	13	11	19	11	14	9	11	12	22	30	25	29	35	3	17	19	14	14	18	8	10	9	15	7	12	19	31	22	27	3	22	11	
3586_A/turkey/Chiayi/1702 9	9	11	2	15	5	5	3	6	14	0	0	19	2	1	0	10	9	9	2	6	4	1	5	9	12	16	3	11	4	20	5	16	9	19	12	11	9	12	10	20	31	24	30	36	5	20	16	9	10	16	6	15	8	18	9	8	20	29	21	32	6	24	12	
3587_A/whiskered_tern/Hub 13	7	9	0	11	7	8	5	6	12	0	0	20	4	1	0	8	10	8	1	8	4	3	6	6	13	18	4	13	3	17	4	14	11	18	12	14	9	11	11	22	30	26	28	35	3	17	19	14	14	18	8	10	8	15	7	12	19	30	23	27	3	22	11	
3588_A/whooper_swan/Henan 13	7	9	0	11	7	8	5	6	12	0	0	21	4	1	0	8	10	8	1	8	3	3	6	6	13	18	4	12	3	17	4	13	11	19	12	14	9	11	11	22	30	26	28	35	3	17	19	13	14	18	8	10	9	15	7	13	19	31	22	27	3	22	11	
3589_A/whooper_swan/Henan 13	7	9	0	11	7	8	5	6	12	0	0	21	4	1	0	8	10	8	1	8	3	3	6	6	13	18	4	12	3	17	4	13	11	19	12	14	9	11	11	22	30	26	28	35	3	17	19	14	13	18	8	10	10	15	7	12	19	31	22	27	3	22	11	
3590_A/whooper_swan/Henan 13	7	9	0	11	7	8	5	6	12	0	0	21	4	1	0	8	10	8	1	8	3	3	6	6	13	18	4	12	3	17	4	13	11	19	12	14	9	11	11	22	30	26	28	35	3	17	19	14	13	18	8	10	10	15	7	12	19	31	22	27	3	22	11	
3591_A/whooper_swan/Henan 13	7	9	0	11	7	8	5	6	12	0	0	21	4	1	0	8	10	8	1	8	3	3	6	6	13	18	4	12	3	17	4	13	11	19	12	14	9	11	11	22	30	26	28	35	3	17	19	14	14	18	8	10	9	15	7	12	19	31	22	27	3	22	11	
3592_A/whooper_swan/Henan 13	7	9	0	11	7	8	5	6	12	0	0	20	4	1	0	8	10	8	1	8	3	3	6	6	13	18	4	13	3	17	4	13	11	19	12	14	9	11	11	22	30	27	27	35	3	17	19	13	14	18	8	10	9	15	7	14	19	31	21	27	3	22	11	
3593_A/whooper_swan/Henan 13	7	9	0	11	7	8	5	6	12	0	0	20	4	1	0	8	10	8	1	8	3	3	6	6	13	18	4	13	3	17	4	13	11	19	12	14	9	11	11	22	30	26	28	35	3	17	19	14	14	18	8	10	9	15	7	11	19	31	22	28	3	22	11	
3594_A/whooper_swan/Henan 13	7	9	0	11	7	8	5	6	12	0	0	20	4	1	0	8	10	8	1	8	3	3	6	6	13	18	4	13	3	17	4	13	11	19	12	14	9	11	11	22	30	26	28	35	3	17	19	14	14	18	8	10	9	15	7	12	19	31	22	27	3	22	11	
3595_A/whooper_swan/Henan 13	7	9	0	11	7	8	5	6	12	0	0	20	4	1	0	8	10	8	1	8	3	3	6	6	13	18	4	13	3	17	4	13	11	19	12	14	9	11	11	22	30	26	28	35	3	17	19	14	14	18	8	10	9	15	7	12	19	31	22	27	3	22	11	
3596_A/whooper_swan/Henan 13	7	9	0	11	7	8	5	6	12	0	0	21	4	1	0	8	10	8	1	8	3	3	6	6	13	18	4	12	3	17	4	13	11	19	12	14	9	11	11	22	30	26	28	35	3	17	19	14	14	18	8	10	9	15	7	12	19	31	22	27	3	22	11	
3597_A/whooper_swan/Henan 13	7	9	0	11	7	8	5	6	12	0	0	21	4	1	0	8	10	8	1	8	3	3	6	6	13	18	4	12	3	17	4	13	11	19	12	14	9	11	11	22	30	26	28	35	3	17	19	14	14	18	8	10	9	15	7	12	19	31	21	27	3	22	12	
3598_A/whooper_swan/Henan 13	7	9	0	11	7	8	5	6	12	0	0	20	4	1	0	8	10	8	1	8	3	3	6	6	13	18	4	13	3	17	4	13	11	19	12	14	9	11	11	22	30	26	28	35	3	17	19	14	14	18	8	10	9	15	7	12	19	31	21	27	3	22	12	
3599_A/whooper_swan/Inner 13	7	9	0	11	7	8	5	6	12	0	0	20	4	1	0	8	10	8	1	8	3	3	6	6	13	18	4	13	3	17	4	13	11	19	12	14	9	11	11	22	30	27	28	35	3	16	19	14	14	18	8	10	9	15	7	12	19	31	22	27	3	22	11	
3600_A/Whooper_Swan/Sanme 12	6	10	1	12	9	6	4	6	13	0	0	18	4	1	0	7	11	7	2	9	3	3	5	6	11	15	5	15	4	21	4	16	10	18	10	11	9	13	12	21	30	26	30	35	4	19	14	13	13	16	8	11	8	18	7	12	19	31	22	27	4	22	11	
3601_A/Whooper_swan/Sanme 13	7	9	0	11	7	8	5	6	13	0	0	21	4	1	0	8	10	8	1	8	3	3	6	6	12	18	4	12	3	17	4	13	11	19	11	14	9	11	11	22	29	26	28	35	4	17	19	14	13	18	9	10	9	15	6	12	19	31	23	27	4	22	11	
3602_A/Whooper_swan/Sanme 13	8	9	0	11	7	8	5	6	12	0	0	22	3	1	0	8	11	8	1	8	3	3	6	6	12	18	4	11	3	17	4	13	11	19	12	13	9	11	11	22	30	26	29	35	3	17	18	13	14	19	8	11	9	14	6	13	19	32	23	27	3	21	11	
3603_A/Whooper_swan/Sanme 13	7	9	0	11	7	8	5	6	12	0	0	21	4	1	0	8	10	8	1	8	3	3	6	6	13	18	4	12	3	17	4	13	11	19	12	14	9	11	11	22	30	26	28	35	3	17	19	14	14	18	8	10	9	15	7	12	19	31	21	27	3	22	12	
3604_A/Whooper_swan/Sanme 13	8	9	0	11	7	8	5	6	12	0	0	22	3	1	0	8	11	8	1	8	3	3	6	6	12	18	4	11	3	17	4	13	11	19	12	13	9	11	11	22	30	26	29	35	3	17	18	13	14	19	8	11	9	14	6	13	19	32	23	27	3	21	11	
3605_A/Whooper_swan/Sanme 13	7	9	0	11	7	8	5	6	12	0	0	21	4	1	0	8	10	8	1	8	3	3	6	6	13	18	4	12	3	17	4	13	11	19	12	14	9	11	11	22	30	26	28	35	3	17	19	14	14	18	8	10	9	15	7	12	19	31	22	27	3	22	11	
3606_A/Whooper_swan/Sanme 13	7	9	0	11	7	8	5	6	13	0	0	21	4	1	0	8	10	8	1	8	3	3	6	6	12	18	4	12	3	17	4	14	11	19	11	14	9	11	11	22	29	26	28	35	4	17	19	13	13	18	9	10	9	15	7	12	19	31	22	27	4	22	11	
3607_A/Whooper_swan/Sanme 13	7	9	0	11	7	8	5	6	12	0	0	21	4	1	0	8	10	8	1	8	3	3	6	6	13	18	4	12	3	17	4	13	11	19	12	14	9	11	11	22	30	26	27	35	3	17	20	14	14	17	8	10	9	16	7	12	19	31	22	27	3	22	11	
3608_A/Whooper_swan/Sanme 13	7	9	0	11	7	8	5	6	12	0	0	21	4	1	0	8	10	8	1	8	3	3	6	6	13	18	4	12	3	17	4	13	11	19	12	14	9	11	11	22	30	26	28	35	3	17	19	14	14	18	8	10	9	15	7	12	19	31	22	27	3	22	11	
3609_A/Whooper_swan/Sanme 14	7	9	0	10	7	8	5	6	12	0	0	21	4	1	0	8	10	8	1	8	3	3	6	6	13	18	4	12	3	17	4	13	11	19	12	14	9	11	11	21	30	26	28	35	3	17	19	14	14	18	8	10	9	15	7	13	19	32	22	27	3	21	11	
3610_A/Whooper_swan/Sanme 13	8	9	0	11	7	8	5	6	12	0	0	21	4	1	0	8	10	8	1	8	3	3	6	6	12	18	4	12	3	17	4	13	11	19	12	14	9	11	11	22	29	26	28	35	4	17	19	14	14	18	8	10	9	15	7	12	19	31	22	27	3	22	11	
3611_A/Whooper_swan/Sanme 13	7	9	0	11	7	8	5	6	12	0	0	21	4	1	0	8	10	8	1	8	3	3	6	6	13	18	4	12	3	17	4	13	11	19	12	14	9	11	11	22	30	26	28	35	3	17	19	14	14	18	8	10	9	15	7	12	19	31	21	27	3	22	12	
3612_A/Whooper_swan/Sanme 13	7	9	0	11	7	8	5	6	13	0	0	21	4	1	0	8	10	8	1	8	3	3	6	6	12	18	4	12	3	17	4	13	11	19	11	14	9	11	11	22	29	26	28	35	4	17	19	14	13	18	9	10	9	15	6	12	19	31	23	27	4	22	11	
3613_A/Whooper_swan/Sanme 13	7	9	0	11	7	8	5	6	12	0	0	21	4	1	0	8	10	8	1	8	3	3	6	6	13	18	4	12	3	17	4	13	11	19	12	14	9	11	11	22	30	26	28	35	3	17	19	14	14	18	8	10	9	15	7	12	19	31	22	27	3	22	11	
3614_A/Whooper_swan/Sanme 13	7	9	0	11	7	8	5	6	13	0	0	21	3	1	0	8	10	8	1	8	3	3	6	6	13	18	4	12	3	17	4	13	11	19	12	14	9	11	11	22	30	26	27	35	3	17	20	14	14	18	8	10	9	15	7	13	19	31	21	26	3	22	12	
3615_A/Whooper_swan/Sanme 13	7	9	0	11	7	8	5	6	12	0	0	21	4	1	0	8	10	8	1	8	3	3	6	6	13	18	4	12	3	17	4	13	11	19	12	14	9	11	11	22	30	26	28	35	3	17	19	14	14	18	8	10	9	15	7	12	19	31	22	27	3	22	11	
3616_A/Whooper_swan/Sanme 13	7	9	0	11	7	8	5	6	12	0	0	21	4	1	0	8	10	8	1	8	3	3	6	6	13	18	4	12	3	17	4	13	11	19	12	14	9	11	11	22	30	26	28	35	3	17	19	14	13	18	8	10	10	15	7	12	19	31	22	27	3	22	11	
3617_A/Whooper_swan/Sanme 13	7	9	0	11	7	8	5	6	12	0	0	21	4	1	0	8	10	8	1	8	3	3	6	6	13	18	4	12	3	17	4	13	11	19	12	14	9	11	11	22	30	26	28	35	3	17	19	14	14	18	8	10	9	15	7	12	19	31	22	27	3	22	11	
3618_A/Whooper_swan/Sanme 13	7	9	0	11	7	8	5	6	12	0	0	21	4	1	0	8	10	8	1	8	3	3	6	6	13	18	4	12	3	17	4	13	11	19	12	14	9	11	11	22	30	26	28	35	3	17	19	14	13	18	8	10	10	15	7	12	19	31	22	27	3	22	11	
3619_A/Whooper_swan/Sanme 13	7	9	0	11	7	8	5	6	12	0	0	21	4	1	0	8	10	8	1	8	3	3	6	6	13	18	4	12	3	17	4	13	11	19	12	14	9	11	12	22	30	26	27	35	3	17	19	14	14	18	8	10	9	15	6	12	19	31	23	27	3	22	11	
3620_A/Whooper_swan/Sanme 13	7	9	0	11	7	8	5	6	12	0	0	21	4	1	0	8	10	8	1	8	3	3	6	6	13	18	4	12	3	17	4	13	11	19	12	14	9	11	11	22	30	26	28	35	3	17	19	14	13	18	8	10	10	15	7	12	19	31	22	27	3	22	11	
3621_A/Whooper_swan/Sanme 13	7	9	0	11	7	8	5	6	12	0	0	21	4	1	0	8	10	8	1	8	3	3	6	6	13	18	4	12	3	17	4	13	11	19	12	14	9	11	11	22	30	26	28	35	3	17	19	14	14	18	8	10	9	15	7	12	19	31	21	27	3	22	12	
3622_A/Whooper_swan/Sanme 13	7	9	0	11	7	8	5	6	12	0	0	21	4	1	0	8	10	8	1	8	3	3	6	6	13	18	4	12	3	17	4	13	11	19	12	14	9	11	11	22	30	26	29	35	3	18	17	13	14	18	8	10	9	15	7	13	19	31	22	27	3	22	11	
3623_A/Whooper_swan/Sanme 13	7	9	0	11	7	8	5	6	12	0	0	21	4	1	0	8	10	8	1	8	3	3	6	6	13	18	4	12	3	17	4	13	11	19	12	14	9	11	11	22	30	26	28	35	3	17	19	14	14	18	8	10	9	15	7	12	19	31	22	27	3	22	11	
3624_A/whooper_swan/Shaan 13	7	9	0	11	7	8	5	6	12	0	0	21	4	1	0	8	10	8	1	8	3	3	6	6	13	18	4	12	3	17	4	13	11	19	12	14	9	11	11	22	30	27	27	35	3	17	19	14	14	18	8	10	9	15	7	12	19	31	21	27	3	22	12	
3625_A/whooper_swan/Shaan 13	7	9	0	11	7	8	5	6	12	0	0	20	4	1	0	8	10	8	1	8	3	3	6	6	13	18	4	13	3	17	4	13	11	19	12	14	9	11	11	22	30	26	28	35	3	17	19	14	14	18	8	10	9	15	7	12	19	31	21	27	3	22	12	
3626_A/whooper_swan/Shaan 13	7	9	0	11	7	8	5	6	12	0	0	20	4	1	0	8	10	8	1	8	3	3	6	6	13	18	4	13	3	17	4	13	11	19	12	14	9	11	11	22	30	26	28	35	3	17	19	14	14	18	8	10	9	15	7	12	19	31	22	27	3	22	11	
3627_A/whooper_swan/Shand 13	7	9	1	11	7	8	4	6	13	0	0	21	4	1	0	8	10	8	1	8	3	3	6	6	12	18	4	12	3	17	4	13	11	19	12	14	9	11	11	22	29	26	28	35	4	16	20	14	14	17	8	10	9	16	6	12	19	31	23	27	3	22	11	
3628_A/whooper_swan/Shand 13	7	9	1	11	7	8	4	6	13	0	0	21	4	1	0	8	9	9	1	8	3	3	6	6	12	18	4	12	3	17	5	13	11	19	12	14	9	11	11	22	29	26	28	35	4	16	20	14	14	17	8	10	9	16	5	12	19	31	22	27	3	22	12	
3629_A/whooper_swan/Shand 13	7	9	1	11	7	8	4	6	13	0	0	21	4	1	0	8	10	8	1	8	3	3	6	6	12	18	4	12	3	17	4	13	11	19	12	14	9	11	11	22	29	26	28	35	4	16	20	14	14	17	8	10	9	16	6	12	19	31	23	27	3	22	11	
3630_A/whooper_swan/Shand 12	6	9	1	12	8	7	4	6	11	0	0	19	4	1	0	7	9	7	2	8	5	3	5	7	11	18	4	13	4	18	4	16	9	20	12	13	9	11	10	20	32	25	34	35	3	19	12	12	11	16	7	11	10	18	8	13	20	32	21	29	4	21	12	
3631_A/whooper_swan/Shand 13	7	9	0	11	7	8	5	6	13	0	0	21	4	1	0	8	10	8	1	8	3	3	6	6	12	18	4	12	3	17	4	12	11	19	12	15	9	11	11	22	30	26	28	35	4	16	20	14	14	17	8	10	9	16	7	12	18	31	22	27	3	22	11	
3632_A/whooper_swan/Shand 13	7	9	0	11	7	8	5	6	13	0	0	21	4	1	0	8	10	8	1	8	4	3	5	6	12	18	4	12	3	17	4	13	11	19	12	14	9	11	11	22	29	26	28	35	4	16	20	14	14	17	8	10	9	16	7	12	19	31	22	27	3	22	11	
3633_A/whooper_swan/Shand 13	7	9	1	11	7	8	4	6	13	0	0	21	4	1	0	8	10	8	1	8	4	3	5	6	12	18	4	12	3	17	4	13	11	19	12	14	9	11	11	22	29	26	28	35	4	16	20	14	14	17	8	10	9	16	7	12	19	31	22	27	3	22	11	
3634_A/whooper_swan/Shanx 13	7	9	0	11	7	8	5	6	12	0	0	21	4	1	0	8	10	8	1	8	3	3	6	6	13	18	4	12	3	17	4	13	11	19	12	14	9	11	11	22	30	26	28	35	3	17	19	14	13	18	8	10	10	15	7	12	19	31	22	27	3	22	11	
3635_A/whooper_swan/Shanx 13	7	9	0	11	7	8	5	6	12	0	0	21	4	1	0	8	10	8	1	8	3	3	6	6	13	18	4	12	3	17	4	13	11	19	12	14	9	11	11	22	30	26	28	35	3	17	19	14	13	18	8	10	10	15	7	12	19	31	22	27	3	22	11	
3636_A/whooper_swan/Shanx 12	6	10	1	12	9	6	4	6	13	0	0	18	4	1	0	7	11	7	2	9	3	3	5	6	11	15	5	15	4	21	4	16	10	17	11	11	9	13	12	21	30	26	30	35	4	19	14	14	13	16	8	11	8	18	7	12	19	31	22	26	4	22	11	
3637_A/whooper_swan/Shanx 13	8	9	0	11	6	8	5	6	12	0	0	21	4	1	0	8	10	8	1	8	3	3	6	6	13	18	4	12	3	17	4	12	12	19	12	14	9	11	11	22	30	26	28	35	3	17	19	14	14	18	7	10	9	15	8	12	19	31	22	27	3	22	11	
3638_A/whooper_swan/Shanx 14	7	9	0	11	7	8	5	6	12	0	0	20	4	1	0	8	10	8	1	7	3	3	6	6	13	18	4	13	3	17	4	13	11	19	12	14	9	11	11	22	30	26	28	35	3	17	19	14	14	18	8	10	9	15	7	12	19	31	22	27	3	22	11	
3639_A/whooper_swan/Shanx 13	8	9	0	11	6	8	5	6	12	0	0	21	4	1	0	8	10	8	1	8	3	3	6	6	13	18	4	12	3	17	4	12	12	19	12	14	9	11	11	22	30	26	28	35	3	17	19	14	14	18	7	10	9	15	8	12	19	31	22	27	3	22	11	
3640_A/whooper_swan/Shanx 14	7	9	0	11	7	8	5	6	12	0	0	21	4	1	0	8	10	8	1	7	3	3	6	6	13	18	4	12	3	17	4	13	11	19	12	14	9	11	11	21	30	27	28	35	3	17	19	14	14	18	8	10	9	15	7	12	19	31	22	27	3	22	11	
3641_A/whooper_swan/Shanx 13	7	9	0	11	7	8	5	6	12	0	0	20	4	1	0	8	10	8	1	8	3	3	6	6	13	18	4	13	3	17	4	13	11	19	12	14	9	11	11	22	30	26	28	35	3	17	19	14	14	18	8	10	9	15	7	12	19	31	22	27	3	22	11	
3642_A/whooper_swan/Shanx 13	7	9	0	11	7	8	5	6	12	0	0	21	4	1	0	8	10	8	1	8	3	3	6	6	13	18	4	12	3	17	4	13	11	19	12	14	9	11	11	22	30	27	28	35	3	17	19	14	14	18	8	10	9	15	7	12	19	30	22	27	3	22	11	
3643_A/whooper_swan/Shanx 13	7	10	0	11	7	7	5	6	12	0	0	20	4	1	0	8	10	8	1	8	3	3	6	6	13	18	4	13	3	17	4	13	11	19	12	14	9	11	11	22	30	26	28	35	3	17	19	14	14	18	7	10	9	15	8	12	19	31	22	27	3	22	11	
3644_A/whooper_swan/Shanx 13	7	9	0	11	7	8	5	6	12	0	0	20	4	1	0	8	10	8	1	8	3	3	6	6	13	18	4	13	3	17	4	13	11	19	12	14	9	11	11	22	30	26	28	35	3	17	19	14	14	18	8	10	9	15	7	12	19	31	22	27	3	22	11	
3645_A/whooper_swan/Shanx 13	7	9	0	11	7	8	5	6	12	0	0	20	4	1	0	8	10	8	1	8	3	3	6	6	13	18	4	13	3	17	4	13	11	19	12	14	9	11	11	22	30	26	28	35	3	17	19	14	14	18	8	10	9	15	6	12	19	31	23	27	3	22	11	
3646_A/whooper_swan/Shanx 13	7	9	0	11	7	8	5	6	12	0	0	20	4	1	0	8	10	8	1	8	3	3	6	6	13	18	4	13	3	17	4	13	11	19	12	14	9	11	11	22	30	26	28	35	3	17	19	14	14	18	8	9	9	15	6	13	19	31	23	27	3	22	11	
3647_A/whooper_swan/Shanx 13	7	9	0	11	7	8	5	6	12	0	0	20	4	1	0	8	10	8	1	8	3	3	6	6	13	18	4	13	3	17	4	13	11	19	12	14	9	11	11	22	30	26	28	35	3	17	19	14	14	18	8	10	9	15	7	12	19	31	22	27	3	22	11	
3648_A/whooper_swan/Shanx 13	7	9	0	11	7	8	5	6	12	0	0	20	4	1	0	8	10	8	1	8	2	3	6	6	13	19	4	13	4	17	4	13	11	19	12	14	9	11	11	22	30	25	28	35	3	17	19	14	14	18	8	10	9	15	7	12	19	31	22	27	3	22	11	
3649_A/wild_bird/Hubei/12 12	6	10	1	12	8	6	4	7	13	0	0	17	4	1	0	7	11	7	2	9	3	3	5	6	11	15	4	15	4	21	4	15	10	18	10	12	9	13	12	22	32	27	32	35	2	18	13	11	13	16	8	11	9	18	7	12	19	31	22	29	3	22	11	
3650_A/wild_duck/Jiangsu/ 13	7	9	0	11	7	8	5	6	13	0	0	21	4	1	0	8	10	8	1	8	3	3	6	6	13	18	4	12	2	17	4	13	10	19	12	14	9	11	11	23	30	27	28	35	4	16	19	14	14	18	8	10	9	15	7	11	19	31	22	27	3	22	11	
3651_A/wild_duck/Shandong 13	7	9	1	11	7	8	4	6	13	0	0	21	4	1	0	8	10	8	1	8	3	3	6	6	12	18	4	12	3	17	4	13	11	19	12	14	9	11	11	22	29	26	28	35	4	16	20	14	14	17	8	10	9	16	6	12	19	31	23	27	3	22	11	
3652_A/wild_goose/Shandon 13	7	9	0	11	7	8	5	6	13	0	0	21	4	1	0	8	10	8	1	8	3	3	6	6	12	18	4	12	3	17	4	13	11	19	12	14	9	11	11	22	29	26	28	35	4	16	20	14	14	17	8	10	9	16	7	12	19	31	22	27	3	22	11	
3653_A/Anser_cygnoides/Hu 12	6	10	1	12	8	6	4	7	13	0	0	17	4	1	0	7	11	7	2	9	3	3	5	6	11	15	4	15	4	21	4	15	10	18	10	12	9	13	12	23	32	26	32	35	2	18	13	11	13	16	8	11	9	19	7	12	19	30	22	29	3	22	11	
3654_A/Chlidonias_hybrida 13	7	8	0	11	7	8	5	6	12	0	0	21	4	1	0	9	9	8	1	7	3	3	6	5	13	18	4	13	4	17	4	14	11	19	12	13	9	11	11	21	29	26	28	35	4	17	19	13	13	19	9	11	8	15	6	12	20	33	20	28	4	20	13	
3655_A/Cygnus_atratus/Hub 12	6	10	1	12	9	6	4	6	13	0	0	18	4	1	0	8	11	7	2	8	3	3	5	6	11	15	5	15	4	20	5	15	10	18	10	10	9	13	12	21	30	26	30	35	4	19	14	14	13	16	8	12	8	18	7	12	19	31	22	27	4	22	11	
3656_A/Cygnus_atratus/Hub 12	6	10	1	12	9	6	4	6	13	0	0	18	4	1	0	8	11	7	2	8	3	3	5	6	11	15	4	15	4	20	5	15	10	18	10	10	9	13	12	21	30	26	30	35	4	19	15	14	13	16	8	12	8	18	7	12	19	31	22	27	4	22	11	
3657_A/Cygnus_columbianus 13	7	9	0	11	7	8	5	6	12	0	0	21	4	1	0	8	9	8	1	8	3	3	6	6	14	18	4	12	3	17	4	13	11	19	11	14	9	11	12	21	30	25	29	35	3	17	19	14	14	18	8	10	9	15	7	13	19	31	22	27	3	22	11	
3658_A/Cygnus_columbianus 14	7	8	0	11	7	8	5	6	12	0	0	21	4	1	0	8	10	8	1	8	3	3	6	6	13	18	4	12	3	17	4	13	11	19	12	14	9	11	11	22	30	26	28	35	3	17	19	13	14	18	8	11	9	15	7	12	19	31	22	27	3	22	11	
3659_A/Cygnus_columbianus 13	7	9	0	11	7	8	5	6	12	0	0	21	4	1	0	8	10	8	1	8	3	3	6	6	13	18	4	12	3	17	4	13	11	19	12	14	9	11	11	22	30	27	28	35	3	16	19	13	14	18	8	10	9	15	7	13	19	31	22	27	3	22	11	
3660_A/Cygnus_columbianus 13	7	9	0	11	7	8	5	6	12	0	0	21	4	1	0	8	10	8	1	8	3	3	5	6	13	18	5	12	3	17	4	13	11	19	12	14	9	11	11	22	30	27	28	35	3	16	19	14	14	18	8	10	9	15	7	12	19	31	22	27	3	22	11	
3661_A/Cygnus_columbianus 13	7	9	0	11	7	8	5	6	12	0	0	21	4	1	0	8	10	8	1	8	3	3	6	6	13	18	4	12	3	17	4	13	11	19	12	14	9	11	11	22	30	26	28	35	3	17	19	14	14	18	8	10	9	15	7	12	19	31	22	27	3	22	11	
3662_A/Cygnus_columbianus 13	7	9	0	11	7	8	5	6	12	0	0	21	4	1	0	8	10	8	1	8	3	3	6	6	13	18	4	12	3	17	4	13	11	19	12	13	9	11	11	22	30	26	28	35	3	17	19	13	14	18	8	11	9	15	7	12	19	31	21	28	3	22	12	
3663_A/Cygnus_columbianus 12	7	9	0	12	7	8	5	6	12	0	0	21	4	1	0	8	10	8	1	8	3	3	6	6	13	18	4	12	3	17	4	13	11	19	12	14	9	11	11	22	30	26	28	35	3	17	19	13	14	18	8	10	9	16	7	12	19	31	22	27	3	22	11	
3664_A/Whooper_Swan/Sanme 12	6	10	1	12	9	6	4	6	13	0	0	18	4	1	0	7	11	7	2	9	3	3	5	6	11	15	5	15	4	21	4	16	10	18	10	11	9	13	12	21	30	26	30	35	4	19	14	13	13	16	8	11	8	18	7	12	19	31	22	27	4	22	11	
3665_A/Wild_bird/Huadong/ 13	7	9	0	11	7	8	5	6	13	0	0	21	4	1	0	7	10	8	1	10	3	3	5	6	12	18	4	12	3	17	4	13	11	19	12	14	9	11	11	22	29	26	28	35	4	18	18	14	14	18	8	9	9	15	7	13	19	31	22	27	3	22	11	
3666_A/chicken/Changhua/1 9	6	7	0	15	8	9	5	7	15	0	0	13	1	1	0	7	8	7	2	7	5	4	5	11	13	24	5	17	3	11	4	19	12	20	9	13	7	11	13	19	30	28	33	34	4	16	12	10	8	18	8	12	8	16	9	18	24	27	18	23	4	25	13	
3667_A/chicken/Changhua/1 10	6	7	0	14	8	9	5	7	15	0	0	13	1	1	0	7	8	7	2	7	5	4	5	11	13	25	5	17	3	10	4	19	11	20	9	13	9	11	13	19	28	27	35	34	4	16	11	10	8	18	8	12	8	16	8	18	25	27	18	23	4	25	14	
3668_A/chicken/Changhua/1 10	6	7	0	14	8	9	5	7	15	0	0	13	1	1	0	7	8	7	2	7	5	4	5	10	13	25	5	18	3	10	4	19	11	20	9	13	9	11	13	19	28	28	34	34	4	16	11	10	8	18	8	12	8	16	8	18	25	27	18	23	4	25	14	
3669_A/chicken/Changhua/1 10	6	7	0	14	8	9	5	7	15	0	0	13	1	1	0	7	8	7	2	7	5	4	5	10	13	25	5	18	3	10	4	19	11	20	9	13	9	11	13	19	28	28	34	34	4	16	11	10	8	18	8	12	8	16	8	18	25	27	18	23	4	25	14	
3670_A/chicken/Changhua/1 10	6	7	0	14	8	9	5	7	15	0	0	13	1	1	0	7	8	7	2	7	5	4	5	11	13	25	5	17	3	10	4	19	11	20	9	13	9	11	13	19	28	27	34	34	4	17	11	10	8	18	7	12	8	16	9	17	25	27	18	24	4	25	14	
3671_A/chicken/Changhua/1 10	6	7	0	14	8	9	5	7	15	0	0	13	1	1	0	7	9	7	2	7	5	4	5	11	12	24	5	17	3	11	4	19	11	20	9	13	9	11	13	19	28	27	34	34	5	16	11	10	8	18	7	12	8	16	9	17	25	26	18	24	4	26	14	
3672_A/chicken/Chiayi/150 10	6	7	0	14	8	9	5	7	15	0	0	13	1	1	0	7	8	7	2	7	5	4	5	11	13	25	5	17	3	10	4	19	11	20	9	13	9	11	13	19	28	27	34	34	4	17	11	10	8	18	8	12	8	16	8	17	25	27	18	24	4	25	14	
3673_A/chicken/Kaohsiung/ 9	9	11	2	15	5	5	3	6	14	0	0	19	2	1	0	10	10	8	2	6	4	2	4	9	11	15	4	11	4	21	5	16	9	19	12	12	10	12	10	21	31	25	29	35	4	20	16	10	9	16	6	13	9	18	9	9	20	30	20	30	7	23	13	
3674_A/chicken/Kaohsiung/ 9	9	11	2	15	5	5	3	6	14	0	0	19	2	1	0	10	10	9	2	6	4	1	5	9	11	15	3	11	4	21	5	16	9	19	12	11	10	12	10	21	31	24	30	35	4	20	16	10	9	16	6	14	9	18	9	9	20	30	20	31	6	23	13	
3675_A/chicken/Kaohsiung/ 9	9	11	2	15	5	4	3	6	14	0	0	19	2	1	0	10	9	9	2	6	4	2	5	9	12	16	2	11	4	21	5	16	9	19	12	11	10	12	10	22	30	24	30	35	4	20	16	10	9	16	6	13	10	18	9	9	20	30	20	31	6	23	13	
3676_A/chicken/Kaohsiung/ 9	9	11	2	15	5	5	3	6	14	0	0	18	2	1	0	10	9	9	2	6	4	1	5	9	12	15	3	12	4	21	5	16	9	19	12	11	10	12	10	21	30	25	30	35	4	20	16	10	10	16	6	14	8	18	9	9	20	30	20	31	6	23	13	
3677_A/chicken/Kaohsiung/ 9	9	11	2	15	5	5	3	6	14	0	0	19	2	1	0	10	10	9	2	6	4	1	5	9	11	14	4	11	4	22	5	15	9	20	12	11	10	11	10	21	31	24	29	34	5	20	16	11	9	16	6	14	9	18	9	9	20	30	20	32	5	23	13	
3678_A/chicken/Kaohsiung/ 9	9	11	2	15	5	4	3	6	14	0	0	19	2	1	0	10	9	9	2	6	4	2	5	9	12	16	2	11	4	21	5	16	9	19	12	11	10	12	10	22	30	24	30	35	4	20	16	10	9	16	6	13	10	18	9	9	20	30	20	31	6	23	13	
3679_A/chicken/Kaohsiung/ 9	9	11	2	15	5	5	3	6	14	0	0	19	2	1	0	10	10	9	2	6	4	1	5	9	11	16	3	11	4	20	5	16	10	19	12	11	10	12	10	21	31	24	30	35	3	20	16	10	10	16	6	15	8	18	9	9	20	30	21	31	5	23	12	
3680_A/chicken/Miaoli/150 10	6	7	0	14	8	9	5	7	15	0	0	13	1	1	0	7	8	7	2	7	5	4	5	11	13	25	5	17	3	10	4	19	11	20	9	13	9	11	13	19	28	28	34	34	4	16	11	9	8	18	8	13	8	16	8	18	25	27	18	23	4	25	14	
3681_A/chicken/Nantou/161 9	9	11	2	15	5	5	3	6	14	0	0	19	2	1	0	10	9	9	2	6	4	1	5	9	12	15	3	11	4	21	5	16	9	19	12	11	10	12	10	21	31	24	30	35	4	20	16	9	10	17	6	15	8	17	9	9	21	28	20	31	6	24	13	
3682_A/chicken/New_Taipei 9	9	11	2	15	5	5	3	6	14	0	0	18	2	1	0	10	10	9	2	6	4	1	5	9	11	16	3	11	4	20	5	16	9	19	12	11	10	12	10	21	32	24	29	36	3	20	17	10	10	16	6	15	8	18	9	9	20	30	21	31	5	23	12	
3683_A/chicken/New_Taipei 9	9	11	2	15	5	5	3	6	14	0	0	19	2	1	0	10	10	9	2	6	4	1	5	9	11	16	3	11	4	20	5	16	9	19	12	11	10	12	10	21	32	24	30	35	3	20	16	10	10	16	6	15	8	18	9	10	20	30	21	30	5	23	12	
3684_A/chicken/New_Taipei 10	9	11	2	14	5	5	3	6	14	0	0	19	2	1	0	10	10	9	2	6	4	1	5	9	10	15	3	10	5	21	5	16	10	19	12	10	9	12	10	22	32	25	31	36	4	17	17	9	8	19	6	14	10	17	9	10	20	29	21	30	6	21	13	
3685_A/chicken/New_Taipei 10	9	11	2	14	5	5	3	6	14	0	0	19	2	1	0	10	10	8	2	6	4	2	5	9	10	15	3	10	5	21	5	16	10	20	12	11	9	11	10	22	32	24	31	37	3	18	17	9	9	19	6	14	9	17	9	8	20	29	21	31	6	21	13	
3686_A/chicken/New_Taipei 10	9	11	2	14	5	5	3	6	14	0	0	19	2	1	0	10	10	8	2	6	4	2	5	9	10	15	3	10	5	21	5	16	10	20	12	11	9	11	10	21	32	24	31	36	4	18	17	9	9	19	6	14	9	17	9	9	20	29	21	31	6	21	13	
3687_A/chicken/New_Taipei 10	9	11	2	14	5	5	3	6	14	0	0	19	2	1	0	10	10	8	2	6	4	2	5	9	10	15	3	10	5	21	5	16	10	20	12	11	9	11	10	22	32	24	31	36	4	18	17	9	9	18	7	14	9	16	10	8	20	29	21	31	6	21	13	
3688_A/chicken/Taichung/1 10	6	7	0	14	8	9	5	7	14	0	0	13	2	1	0	7	8	7	2	7	5	4	4	10	13	25	6	17	3	10	4	18	12	19	9	14	8	11	13	19	28	27	34	35	4	18	11	10	8	18	7	12	8	16	9	18	25	27	18	23	4	25	14	
3689_A/chicken/Tainan/150 9	9	11	2	15	5	5	3	6	14	0	0	19	2	1	0	10	10	9	2	6	4	1	5	9	11	15	3	11	4	21	5	16	9	18	12	11	11	13	10	21	30	24	29	35	4	21	16	11	9	16	6	14	9	18	9	8	20	28	21	31	6	24	13	
3690_A/chicken/Tainan/170 9	9	11	2	15	5	5	3	5	14	0	0	19	2	1	0	10	10	9	2	6	4	1	5	10	11	15	3	11	4	21	5	15	8	19	12	12	10	12	10	20	31	24	30	36	4	20	16	10	10	17	6	14	9	17	9	11	20	31	22	29	6	22	11	
3691_A/chicken/Taipei_Cit 10	9	11	2	14	5	5	3	6	14	0	0	19	2	1	0	10	10	8	2	6	4	2	5	9	10	15	3	10	5	21	5	16	10	20	12	10	9	11	9	22	32	23	31	36	4	19	17	8	9	19	6	15	10	17	10	8	19	29	21	31	7	21	13	
3692_A/chicken/Taipei/160 9	9	11	2	15	5	5	3	6	14	0	0	19	2	1	0	10	9	9	2	6	4	1	5	9	12	15	3	11	4	21	5	16	9	19	12	11	10	12	10	21	31	24	30	35	4	20	16	10	10	16	6	14	8	18	9	9	20	30	20	31	6	23	13	
3693_A/chicken/Taipei/160 9	9	11	2	15	5	5	3	6	14	0	0	19	2	1	0	10	9	9	2	6	4	1	5	9	12	15	3	11	4	21	5	16	9	19	12	11	10	12	10	21	30	24	30	35	5	20	16	10	10	16	6	14	8	18	9	9	20	30	20	31	6	23	13	
3694_A/chicken/Taipei/161 9	9	11	2	15	5	5	3	6	14	0	0	19	2	1	0	10	10	9	2	6	4	1	5	9	11	14	3	11	4	22	5	16	9	19	12	12	10	12	10	21	31	24	30	34	4	20	16	10	9	16	6	14	9	18	9	9	20	30	19	31	6	23	14	
3695_A/chicken/Taipei/170 10	9	11	2	14	5	5	3	5	14	0	0	19	2	1	0	10	10	9	2	6	4	1	5	10	10	15	3	10	5	21	5	16	10	19	12	10	9	12	10	22	32	25	31	36	4	17	17	9	8	19	6	14	10	17	9	9	20	29	21	31	6	21	13	
3696_A/chicken/Taipei/170 10	9	11	2	14	5	5	3	6	14	0	0	19	2	1	0	10	10	9	2	6	4	1	5	9	10	15	3	10	5	21	5	16	10	19	12	10	9	12	10	22	32	24	31	36	4	18	17	9	8	19	6	14	10	17	9	9	20	29	21	31	6	21	13	
3697_A/chicken/Taipei/170 10	9	11	2	14	5	5	3	6	14	0	0	19	2	1	0	10	10	9	2	6	4	1	5	9	10	15	3	10	5	21	5	16	10	19	12	10	9	12	10	22	31	24	31	36	5	18	17	9	8	19	6	14	10	17	9	9	20	29	21	31	6	21	13	
3698_A/chicken/Yunlin/150 9	6	7	0	15	8	9	5	7	15	0	0	13	1	1	0	7	8	7	2	7	5	4	5	11	13	25	5	17	3	10	4	19	11	20	9	13	8	11	13	19	29	28	33	34	4	16	12	10	8	18	8	12	8	16	9	18	25	27	19	23	4	25	12	
3699_A/chicken/Yunlin/160 10	6	7	0	14	9	9	5	7	15	0	0	13	1	1	0	7	8	7	2	7	5	4	5	11	13	25	5	17	3	10	4	19	11	20	9	13	9	11	13	19	27	26	33	34	5	17	12	11	8	18	8	11	7	16	8	17	25	28	17	24	4	25	15	
3700_A/chicken/Yunlin/170 10	6	7	0	14	8	9	5	6	15	0	0	13	1	1	0	7	8	7	2	7	5	4	5	11	13	25	4	18	3	10	4	18	12	18	8	14	8	12	14	19	29	29	34	34	3	17	11	10	8	18	7	12	8	16	9	16	25	27	18	25	4	25	14	
3701_A/duck/Chiayi/150800 10	6	7	0	14	8	9	5	7	15	0	0	13	1	1	0	7	8	7	2	7	5	4	5	11	12	25	5	17	4	10	4	19	11	20	9	13	9	12	13	19	28	26	32	34	4	18	13	10	8	18	7	12	8	15	9	17	25	27	18	24	4	25	14	
3702_A/duck/Eastern_China 10	7	9	1	14	6	7	4	7	13	0	0	18	3	1	0	10	9	6	4	6	5	4	4	11	12	15	4	9	4	21	4	11	8	21	10	14	10	11	10	23	28	23	28	34	7	21	18	8	12	16	8	16	7	17	9	9	22	31	22	32	4	22	10	
3703_A/duck/Eastern_China 9	7	7	1	15	7	9	4	7	15	0	0	13	1	1	0	7	8	5	2	7	5	5	5	8	11	25	5	20	5	11	3	19	11	21	9	13	9	11	13	19	27	27	34	34	5	16	11	12	9	17	6	10	9	16	9	15	24	26	21	26	3	27	13	
3704_A/duck/Eastern_China 9	7	7	1	15	7	9	4	7	15	0	0	14	1	1	0	7	8	5	2	7	5	5	5	9	11	25	5	18	5	11	3	18	11	20	9	13	9	11	13	19	27	27	33	34	5	16	12	13	9	18	7	10	9	16	9	16	24	26	21	25	3	27	12	
3705_A/duck/Eastern_China 9	7	7	1	15	7	9	4	7	15	0	0	14	1	1	0	7	8	5	2	7	5	5	5	9	11	25	5	18	5	11	3	18	11	20	9	13	9	11	13	19	27	27	33	34	5	16	12	13	9	18	6	10	9	16	9	16	24	26	21	25	3	27	13	
3706_A/duck/Eastern_China 9	7	7	1	15	7	9	4	7	15	0	0	14	1	1	0	6	8	5	2	7	5	5	5	9	11	25	5	19	5	11	3	18	11	20	9	13	9	11	13	19	27	27	34	34	5	16	11	13	9	18	6	10	9	16	9	15	24	26	21	26	3	27	13	
3707_A/duck/Eastern_China 9	7	7	1	15	7	9	4	8	15	0	0	13	1	1	0	7	8	5	2	7	5	5	5	9	11	25	5	18	5	11	4	18	10	20	9	13	10	11	13	19	27	27	33	34	5	16	11	13	9	18	6	10	9	16	9	15	24	27	20	26	3	26	14	
3708_A/duck/Eastern_China 9	7	6	1	15	7	10	4	8	15	0	0	13	1	1	0	7	8	5	2	7	5	5	5	7	11	25	5	20	5	11	3	18	12	21	9	13	8	11	12	20	27	27	34	34	5	16	11	12	8	18	6	11	9	16	9	16	24	24	20	25	3	29	14	
3709_A/duck/Eastern_China 10	7	9	1	14	6	7	4	6	14	0	0	19	3	1	0	10	9	6	3	6	5	4	4	12	10	15	4	8	5	21	4	11	10	20	11	13	9	12	10	23	28	24	26	35	6	20	20	9	11	16	8	16	8	18	8	8	22	31	22	32	4	22	10	
3710_A/duck/Eastern_China 11	7	9	1	13	6	7	4	6	14	0	0	18	3	1	0	10	9	6	3	6	5	4	4	12	10	15	4	9	5	21	4	12	10	20	11	13	9	12	10	22	28	24	26	35	6	20	19	9	11	14	9	16	8	19	8	7	22	31	23	33	4	22	10	
3711_A/duck/Eastern_China 10	7	9	1	14	7	7	4	6	14	0	0	18	2	1	0	10	8	6	3	6	5	4	4	14	12	15	4	7	4	21	4	12	9	20	11	14	9	12	10	23	28	22	27	34	7	22	18	8	13	16	8	16	7	17	9	10	21	32	23	30	4	21	10	
3712_A/duck/Guangdong/s14 9	7	6	1	15	7	10	4	9	15	0	0	12	1	1	0	7	8	5	1	7	5	5	6	8	12	25	5	19	4	11	3	19	12	21	10	13	8	11	12	20	27	28	34	33	4	16	11	12	8	17	6	11	9	16	8	18	23	24	18	25	3	29	16	
3713_A/duck/Hunan/11.30_Y 12	6	10	0	12	9	6	5	6	13	0	0	19	4	1	0	7	11	7	2	9	3	3	5	6	11	15	5	14	4	21	4	14	10	18	10	12	9	13	12	21	30	27	29	35	4	18	15	14	13	17	8	11	8	17	7	12	19	30	22	27	4	23	11	
3714_A/duck/Shandong/Q1/2 9	7	6	1	15	7	10	4	8	15	1	0	12	1	0	0	7	8	5	2	7	5	5	5	8	11	25	5	20	5	11	3	18	11	21	9	13	8	11	12	20	27	27	35	34	5	16	11	12	9	18	6	11	9	16	9	18	24	25	18	23	3	28	15	
3715_A/duck/Tainan/150104 10	6	7	0	14	8	9	5	7	15	0	0	13	1	1	0	8	8	7	2	6	5	4	5	11	13	25	5	17	3	10	4	19	11	20	9	13	9	11	13	19	28	28	34	34	4	16	11	10	8	18	8	12	8	16	8	17	25	27	18	24	4	25	14	
3716_A/duck/Taiwan/A3400/ 9	8	11	2	15	5	5	3	6	14	0	0	19	2	1	0	10	10	9	2	6	4	1	5	9	11	15	3	11	4	21	5	16	10	18	12	11	11	13	10	21	29	24	29	35	4	21	16	10	9	16	5	14	9	18	9	8	21	29	21	32	6	24	13	
3717_A/duck/Xinjiang/12.1 12	6	10	1	12	8	6	4	6	13	0	0	18	4	1	0	7	11	7	2	9	3	3	5	6	11	15	5	15	4	21	3	16	10	18	10	11	9	13	12	22	30	27	31	34	3	18	14	13	11	17	8	11	10	17	7	12	21	33	22	27	4	20	11	
3718_A/duck/Yunlin/150102 10	6	7	0	14	8	9	5	7	15	0	0	13	1	1	0	7	8	7	2	7	5	4	5	11	13	25	5	17	4	9	4	19	11	20	9	13	9	11	13	19	28	28	34	34	4	16	11	10	8	18	8	12	8	16	8	18	25	27	18	23	4	25	14	
3719_A/duck/Yunlin/150104 10	6	7	0	14	8	9	5	8	15	0	0	12	1	1	0	7	8	7	2	7	5	4	5	11	13	25	5	17	3	10	4	19	11	20	9	13	9	11	13	19	28	28	34	34	4	16	11	10	8	18	8	12	8	16	8	18	25	27	18	23	4	25	14	
3720_A/duck/Zhejiang/6D18 10	7	9	1	14	6	7	4	6	14	0	0	19	3	1	0	10	9	6	3	6	5	4	4	12	11	15	4	8	4	21	4	11	8	20	11	14	10	12	10	24	28	24	28	34	7	20	18	9	12	16	9	15	7	17	8	8	22	31	22	32	4	22	10	
3721_A/duck/Zhejiang/9250 10	7	9	1	14	6	7	4	6	13	0	0	19	3	1	0	9	9	7	3	7	5	3	4	12	10	15	4	7	6	21	4	12	10	20	11	14	11	11	11	23	29	23	28	35	4	20	18	8	12	15	8	15	7	20	8	8	23	31	22	32	4	21	10	
3722_A/duck/Zhejiang/9251 10	7	9	1	14	6	7	4	6	13	0	0	19	3	1	0	11	9	7	3	6	5	3	4	12	12	15	4	8	5	20	4	12	10	20	11	14	10	12	10	23	27	24	27	35	4	20	19	8	12	15	8	15	7	20	9	8	23	31	21	32	4	21	10	
3723_A/duck/Zhejiang/W24/ 9	7	9	1	15	6	7	4	6	14	0	0	19	3	1	0	10	9	7	3	6	5	3	4	12	10	15	4	8	5	21	4	12	9	20	11	14	10	12	10	21	28	23	28	35	6	20	19	8	12	16	8	16	7	18	8	9	22	31	22	32	4	22	10	
3724_A/eurasian_coot/Shan 13	7	9	0	11	7	8	5	6	13	0	0	21	4	1	0	8	10	8	1	8	3	3	6	6	12	18	4	12	3	17	4	13	11	19	12	14	9	11	11	22	29	26	28	35	4	17	19	14	14	18	8	10	9	15	7	12	19	31	22	27	3	22	11	
3725_A/eurasian_coot/Shan 13	7	9	0	11	7	8	5	6	13	0	0	21	4	1	0	8	10	8	1	8	3	3	6	6	12	18	4	12	3	17	4	13	11	19	12	14	9	11	11	22	29	26	28	35	4	17	19	14	14	18	8	10	9	15	7	12	19	31	22	27	3	22	11	
3726_A/eurasian_coot/Shan 13	7	9	0	11	7	8	5	6	13	0	0	21	4	1	0	8	10	8	1	8	3	3	6	6	12	18	4	12	3	17	4	13	11	19	12	14	9	11	11	22	29	26	28	35	4	17	19	14	14	18	8	10	9	15	7	12	19	31	22	27	3	22	11	
3727_A/eurasian_coot/Shan 13	7	9	0	11	7	8	5	6	13	0	0	21	4	1	0	8	10	8	1	8	3	3	6	6	12	18	4	12	3	17	4	13	11	19	12	14	9	11	11	22	29	26	28	35	4	17	19	14	14	18	8	10	9	15	7	12	19	31	22	27	3	22	11	
3728_A/goose/Chiayi/15020 10	6	7	0	14	8	9	5	7	15	0	0	13	1	1	0	8	8	7	2	6	5	4	5	11	13	25	5	17	3	10	4	18	11	20	9	14	9	11	13	19	28	28	34	34	4	16	11	10	8	18	8	12	8	16	8	18	25	27	18	23	4	25	14	
3729_A/goose/China/1/2021 13	7	9	0	12	7	8	5	6	13	0	0	22	4	1	0	8	10	8	1	8	3	3	6	6	12	18	4	12	3	17	4	13	11	19	13	13	9	11	11	22	30	26	28	34	3	17	18	13	14	19	8	10	9	14	7	14	18	31	22	27	3	22	11	
3730_A/goose/Eastern_Chin 10	7	9	1	14	6	7	4	6	14	0	0	19	3	1	0	10	9	7	3	6	5	3	4	12	10	15	4	8	5	21	4	12	9	20	11	14	10	12	10	22	28	24	28	35	6	19	19	8	12	16	8	16	7	18	8	8	22	31	22	32	4	22	10	
3731_A/goose/Eastern_Chin 9	7	6	1	15	7	10	4	8	15	0	0	13	1	1	0	6	8	5	2	7	5	5	5	8	11	25	5	19	5	11	3	19	12	21	9	13	8	11	12	20	27	27	35	34	5	16	10	12	8	18	6	11	9	16	9	16	24	25	20	25	3	28	14	
3732_A/goose/Eastern_Chin 10	7	9	0	14	6	7	5	7	13	0	0	15	4	1	0	12	11	8	2	3	3	2	5	11	9	20	3	13	6	16	4	16	9	23	14	13	8	9	7	22	30	23	29	36	5	19	19	9	8	11	9	11	10	23	6	13	22	31	24	28	5	22	10	
3733_A/goose/Eastern_Chin 10	7	9	1	14	6	7	4	6	14	0	0	18	3	1	0	10	9	6	3	6	5	4	4	13	11	14	4	8	4	22	4	12	8	20	13	14	10	12	8	23	28	23	27	34	7	21	18	10	13	16	8	14	7	17	9	11	21	32	22	29	4	21	11	
3734_A/goose/Guangdong/s1 9	7	6	1	15	7	10	4	9	15	0	0	12	1	1	0	7	8	5	1	7	5	5	6	8	12	25	5	19	4	11	3	19	12	21	10	13	8	11	12	20	27	28	34	33	4	16	11	12	8	17	6	11	9	16	8	18	23	24	18	25	3	29	16	
3735_A/goose/Hebei/HG12/2 13	7	9	0	11	7	8	5	6	13	0	0	21	4	1	0	8	10	8	1	8	3	3	6	6	12	18	4	12	3	17	4	13	10	19	12	14	9	11	11	22	29	26	28	35	4	17	19	14	15	18	8	10	9	15	7	12	19	31	22	27	3	22	11	
3736_A/goose/Jiangsu/QD5/ 10	7	9	1	14	6	7	4	6	14	0	0	19	3	1	0	10	9	6	3	6	5	4	4	12	11	16	4	8	4	20	4	11	8	20	11	13	9	13	10	24	28	23	28	35	7	21	18	8	12	16	7	16	7	17	10	8	22	32	22	32	4	21	10	
3737_A/goose/Pingtung/150 9	9	11	2	15	5	5	3	6	14	0	0	19	2	1	0	10	10	9	2	6	4	1	5	9	11	15	3	11	4	21	5	16	9	18	12	11	11	13	10	22	30	24	29	34	4	21	16	10	9	16	6	14	9	18	9	8	20	30	20	32	6	23	13	
3738_A/goose/Pingtung/160 9	9	11	2	15	5	5	3	6	14	0	0	19	2	1	0	11	10	9	2	5	4	1	5	9	11	15	3	11	4	21	5	16	9	19	12	11	10	12	10	21	31	24	30	35	4	20	16	10	9	16	6	14	9	18	9	9	20	30	20	31	6	23	13	
3739_A/goose/Tainan/16040 9	9	11	2	16	4	5	3	6	14	0	0	19	2	1	0	10	10	9	2	6	4	1	5	9	11	15	3	11	4	21	5	16	9	19	12	11	10	12	10	21	31	24	30	35	4	20	16	10	9	16	6	14	9	18	9	9	20	30	20	31	6	23	13	
3740_A/goose/Tainan/16070 9	10	11	2	15	5	5	3	6	13	0	0	19	2	1	0	10	10	9	2	6	4	1	5	9	11	15	3	11	4	21	5	16	9	19	12	11	10	12	10	21	31	24	30	35	4	20	16	10	9	16	6	14	9	18	9	10	20	30	20	30	6	23	13	
3741_A/goose/Taiwan/01019 10	6	7	0	14	8	9	5	7	15	0	0	13	1	1	0	7	8	7	2	7	5	4	5	11	13	25	5	17	3	9	5	19	11	20	9	13	9	11	13	19	28	28	34	33	4	16	11	10	8	18	8	12	8	16	8	17	25	27	17	25	4	25	15	
3742_A/goose/Taiwan/01039 10	6	7	0	14	8	9	5	8	15	0	0	12	1	1	0	7	8	7	2	7	5	4	5	11	13	24	5	17	3	11	4	19	11	20	9	13	9	11	13	19	28	28	34	34	4	16	11	10	8	18	8	12	8	16	8	17	25	27	18	24	4	25	14	
3743_A/goose/Taiwan/TNC1/ 10	6	7	0	14	8	9	5	7	15	0	0	13	1	1	0	7	8	7	2	7	5	4	5	11	13	25	5	17	3	10	4	19	11	20	10	13	9	11	13	19	28	28	33	34	4	16	11	11	8	18	8	11	8	16	8	17	25	27	17	24	4	25	15	
3744_A/goose/Taiwan/TNC10 10	6	7	0	14	8	9	5	7	15	0	0	13	1	1	0	7	8	7	2	7	5	4	5	11	13	25	5	17	3	10	4	19	11	20	10	13	9	11	13	19	28	28	33	34	4	16	11	11	8	18	8	11	8	16	8	17	25	27	17	24	4	25	15	
3745_A/goose/Taiwan/TNC11 10	6	7	0	14	8	9	5	7	15	0	0	13	1	1	0	7	9	7	2	7	4	4	5	11	13	25	5	17	3	10	4	19	11	20	9	13	9	11	13	19	28	28	34	34	4	16	11	10	8	18	8	12	8	16	8	17	25	27	18	24	4	25	14	
3746_A/goose/Taiwan/TNC12 10	6	7	0	14	8	9	5	7	15	0	0	13	1	1	0	7	8	7	2	7	5	4	5	11	13	25	5	17	3	10	4	19	11	20	10	13	9	11	13	19	28	28	33	34	4	16	11	11	8	18	8	11	8	16	8	17	25	27	17	24	4	25	15	
3747_A/goose/Taiwan/TNC14 10	6	7	0	14	8	9	5	7	15	0	0	13	1	1	0	7	8	7	2	7	5	4	5	11	13	25	5	17	3	10	4	19	11	20	10	13	9	11	13	19	28	28	33	34	4	16	11	11	8	18	8	11	8	16	8	17	25	27	17	24	4	25	15	
3748_A/goose/Taiwan/TNC3/ 10	6	7	0	14	8	9	5	7	15	0	0	13	1	1	0	7	8	7	2	7	5	4	5	11	13	25	5	17	3	10	4	19	11	20	9	13	9	11	13	19	28	28	34	34	4	16	11	11	8	18	8	11	8	16	8	18	25	27	17	23	4	25	15	
3749_A/goose/Taiwan/TNC7/ 10	6	7	0	14	8	9	5	7	15	0	0	13	1	1	0	7	8	7	2	7	5	4	5	11	13	25	5	17	3	10	4	19	11	20	10	13	9	11	13	19	28	28	33	34	4	16	11	11	8	18	8	11	8	16	8	17	25	27	17	24	4	25	15	
3750_A/goose/Taiwan/TNC9/ 10	6	7	0	14	8	9	5	7	15	0	0	13	1	1	0	7	8	7	2	7	5	4	5	11	13	25	5	17	3	10	4	19	11	20	9	13	9	11	13	19	28	28	34	34	4	16	11	11	8	18	8	11	8	16	8	17	25	27	17	24	4	25	15	
3751_A/goose/Taiwan/TNO15 10	6	7	0	14	8	9	5	7	15	0	0	13	1	1	0	7	8	7	2	7	5	4	5	11	13	25	5	17	3	10	4	19	11	20	9	13	9	11	13	19	28	27	34	34	4	17	11	10	8	18	8	12	8	16	8	17	25	27	18	24	4	25	14	
3752_A/goose/Taiwan/TNO3/ 10	6	7	0	14	8	9	5	7	15	0	0	13	1	1	0	7	8	7	2	7	5	4	5	11	13	25	5	17	3	10	4	18	11	20	9	13	9	11	13	19	28	28	34	34	4	16	11	11	8	18	8	12	8	16	8	17	25	27	18	24	4	25	14	
3753_A/goose/Taiwan/TNO9/ 10	6	7	0	14	8	9	5	7	15	0	0	13	1	1	0	7	8	7	2	7	5	4	5	11	13	25	5	17	3	10	4	19	11	20	9	13	9	12	13	19	28	28	34	34	4	16	11	10	8	18	8	12	8	15	8	17	25	27	18	24	4	25	14	
3754_A/goose/Taoyuan/1501 10	6	7	0	14	8	9	5	7	15	0	0	13	1	1	0	7	8	7	2	7	5	4	5	11	13	25	5	17	3	10	4	19	11	20	9	13	9	11	13	19	28	28	34	34	4	16	11	9	8	18	8	13	8	16	8	18	25	27	18	23	4	25	14	
3755_A/goose/Xinjiang/12. 12	6	10	1	12	8	6	4	6	13	0	0	18	4	1	0	7	11	7	2	9	3	3	5	6	11	15	4	15	4	21	4	16	10	19	10	11	9	13	12	22	31	26	30	34	3	19	15	13	11	16	8	11	10	17	7	12	20	32	22	27	4	21	11	
3756_A/goose/Xinjiang/12. 12	6	10	1	12	8	6	4	6	13	0	0	18	4	1	0	7	11	7	2	9	3	3	5	6	11	15	4	15	4	21	4	16	10	18	10	11	9	13	12	22	31	26	31	34	3	19	14	13	11	17	8	11	10	17	7	12	20	32	22	27	4	21	11	
3757_A/goose/Xinjiang/12. 12	6	10	1	12	8	6	4	6	13	0	0	18	4	1	0	7	11	7	2	9	3	3	5	6	11	15	4	15	4	21	4	16	10	18	10	11	9	13	12	22	31	26	31	34	3	19	14	13	11	17	8	11	10	17	7	12	20	32	22	27	4	21	11	
3758_A/goose/Xinjiang/12. 12	6	10	1	12	8	6	4	6	13	0	0	18	4	1	0	7	11	7	2	9	3	3	5	6	11	15	4	15	4	21	4	16	10	18	10	11	9	13	12	22	31	26	31	34	3	19	14	13	11	17	8	11	10	17	7	12	20	32	22	27	4	21	11	
3759_A/goose/Yangzhou/042 10	6	9	1	14	6	7	4	6	15	0	0	19	3	1	0	10	9	6	3	6	5	4	4	12	11	16	5	8	4	20	4	11	8	20	11	14	10	12	10	23	28	22	27	35	7	22	18	8	13	16	7	16	7	17	10	9	21	32	22	31	4	21	10	
3760_A/goose/Yunlin/15040 10	6	7	0	14	8	9	5	7	15	0	0	12	1	1	0	7	8	7	2	7	5	4	5	11	13	25	5	18	3	10	4	19	11	20	9	13	9	11	13	19	28	27	34	34	4	17	11	10	8	17	8	12	8	17	8	17	25	27	18	24	4	25	14	
3761_A/goose/Zhejiang/925 10	7	9	1	14	6	7	4	6	13	0	0	19	3	1	0	11	9	7	3	6	5	3	4	12	13	15	4	8	5	20	4	12	10	20	11	14	11	11	11	23	25	25	26	35	6	19	19	9	12	16	8	14	7	19	9	8	22	31	21	32	4	21	10	
3762_A/goose/Zhejiang/925 10	7	9	1	14	7	6	4	6	14	0	0	19	3	1	0	10	9	7	3	6	6	4	4	12	13	16	4	8	5	19	4	12	10	20	11	13	9	11	10	22	25	25	26	35	6	19	20	8	11	15	8	17	10	18	8	8	22	30	22	32	4	22	10	
3763_A/mallard/Shanghai/S 10	7	9	1	14	6	7	4	6	15	0	0	19	2	1	0	10	9	6	3	6	5	4	4	12	10	14	4	8	5	22	4	12	9	20	12	13	10	12	9	22	28	23	28	35	6	20	19	8	12	16	8	17	7	18	8	8	22	31	22	32	4	22	10	
3764_A/swan/China/ST/2016 12	6	10	1	12	9	6	4	6	13	0	0	18	4	1	0	7	11	6	2	9	3	4	5	6	11	15	5	15	4	21	4	16	10	18	10	11	9	13	12	21	30	26	30	35	4	19	14	13	13	16	8	11	8	18	7	12	19	31	22	27	4	22	11	
3765_A/swan/Shandong/W376 9	8	7	1	15	4	9	4	8	16	0	0	12	2	1	0	8	8	7	2	7	5	3	5	9	11	23	4	17	5	13	5	14	14	21	8	15	8	11	13	20	26	29	29	35	5	16	15	16	13	16	6	9	6	18	9	16	23	24	23	22	3	29	10	
3766_A/turkey/Chiayi/1702 9	9	11	2	15	5	5	3	6	14	0	0	19	2	1	0	10	9	9	2	6	4	1	5	9	12	16	3	11	4	20	5	16	9	19	12	11	9	12	10	20	31	24	30	36	5	20	16	9	10	16	6	15	8	18	9	8	20	29	21	32	6	24	12	
3767_A/whooper_swan/Shanx 12	6	10	1	12	9	6	4	6	13	0	0	18	4	1	0	7	11	7	2	9	3	3	5	6	11	15	5	15	4	21	4	16	10	17	11	11	9	13	12	21	30	26	30	35	4	19	14	14	13	16	8	11	8	18	7	12	19	31	22	26	4	22	11	
3768_A/wild_duck/Shandong 13	7	9	0	11	7	8	5	6	12	0	0	21	4	1	0	8	10	8	1	8	3	3	6	6	13	18	4	12	3	17	4	13	11	19	12	14	9	12	11	22	30	26	29	35	3	17	18	13	14	18	8	10	9	14	7	13	19	31	22	27	3	22	11	
