title                    	
A/Anser_cygnoides/Hubei/F	
A/bar_headed_goose/Tibet/	
A/Bar-headed_Goose/Qingha	
A/Bar-headed_Goose/Qingha	
A/Bar-headed_Goose/Qingha	
A/Bar-headed_Goose/Qingha	
A/Bar-headed_Goose/Qingha	
A/Bar-headed_Goose/Qingha	
A/Bar-headed_Goose/Qingha	
A/Bar-headed_Goose/Qingha	
A/Bar-headed_Goose/Qingha	
A/Bar-headed_Goose/Qingha	
A/Bar-headed_Goose/Qingha	
A/Bar-headed_Goose/Qingha	
A/Bar-headed_Goose/Qingha	
A/Bar-headed_Goose/Qingha	
A/Bar-headed_Goose/Qingha	
A/Bar-headed_Goose/Qingha	
A/Bar-headed_Goose/Qingha	
A/Bar-headed_Goose/Qingha	
A/Bar-headed_Goose/Qingha	
A/Bar-headed_Goose/Qingha	
A/Bar-headed_Goose/Qingha	
A/Bar-headed_Goose/Qingha	
A/Bar-headed_Goose/Qingha	
A/Bar-headed_Goose/Qingha	
A/Bar-headed_Goose/Qingha	
A/Bar-headed_Goose/Qingha	
A/Bar-headed_Goose/Qingha	
A/Bar-headed_Goose/Qingha	
A/Bar-headed_Goose/Qingha	
A/Bar-headed_Goose/Qingha	
A/Bar-headed_Goose/Qingha	
A/Bar-headed_Goose/Qingha	
A/Bar-headed_Goose/Qingha	
A/Bar-headed_Goose/Qingha	
A/Bar-headed_Goose/Qingha	
A/Bar-headed_Goose/Qingha	
A/Bar-headed_Goose/Qingha	
A/Bar-headed_Goose/Qingha	
A/Bar-headed_Goose/Qingha	
A/Bar-headed_Goose/Qingha	
A/Bar-headed_Goose/Qingha	
A/Bar-headed_Goose/Qingha	
A/Bar-headed_Goose/Qingha	
A/Bar-headed_Goose/Qingha	
A/Bar-headed_Goose/Qingha	
A/Bar-headed_Goose/Qingha	
A/Bar-headed_Goose/Qingha	
A/Bar-headed_Goose/Qingha	
A/Bar-headed_Goose/Qingha	
A/Bar-headed_Goose/Qingha	
A/Bar-headed_Goose/Qingha	
A/Bar-headed_Goose/Qingha	
A/Bar-headed_Goose/Qingha	
A/Bar-headed_Goose/Qingha	
A/Bar-headed_Goose/Qingha	
A/Bar-headed_Goose/Qingha	
A/Bar-headed_Goose/Qingha	
A/Bar-headed_Goose/Qingha	
A/Bar-headed_Goose/Qingha	
A/Bar-headed_Goose/Qingha	
A/Bar-headed_Goose/Qingha	
A/Bar-headed_Goose/Qingha	
A/Bar-headed_Goose/Qingha	
A/Bar-headed_Goose/Qingha	
A/Bar-headed_Goose/Qingha	
A/Bar-headed_Goose/Qingha	
A/Bar-headed_Goose/Qingha	
A/Bar-headed_Goose/Qingha	
A/Bar-headed_Goose/Qingha	
A/Bar-headed_Goose/Qingha	
A/Bar-headed_Goose/Qingha	
A/Bar-headed_Goose/Qingha	
A/Bar-headed_Goose/Qingha	
A/Bar-headed_Goose/Qingha	
A/Bar-headed_Goose/Qingha	
A/Bar-headed_Goose/Qingha	
A/Bar-headed_Goose/Qingha	
A/Bar-headed_Goose/Qingha	
A/Bar-headed_Goose/Qingha	
A/Bar-headed_Goose/Qingha	
A/Bar-headed_Goose/Qingha	
A/Bar-headed_Goose/Tibet/	
A/Bar-headed_Goose/Tibet/	
A/Bar-headed_Goose/Tibet/	
A/Bar-headed_Goose/Tibet/	
A/Bar-headed_Goose/Tibet/	
A/Bar-headed_Goose/Tibet/	
A/Bar-headed_Goose/Tibet/	
A/Bar-headed_Goose/Tibet/	
A/Bar-headed_Goose/Tibet/	
A/Bar-headed_Goose/Tibet/	
A/Bar-headed_Goose/Tibet/	
A/Bar-headed_Goose/Tibet/	
A/bean_goose/Hubei/BQ11/2	
A/Bean_Goose/Hubei/chenhu	
A/Bean_goose/Hubei/CH-i11	
A/Bean_goose/Hubei/CH-i12	
A/Bean_goose/Hubei/CH-i32	
A/black_swan/Beijing/1/20	
A/black-backed_gull/Shand	
A/Brown-headed_Gull/Qingh	
A/Brown-headed_Gull/Qingh	
A/Brown-headed_Gull/Qingh	
A/Brown-headed_Gull/Qingh	
A/Brown-headed_Gull/Qingh	
A/Brown-headed_Gull/Qingh	
A/Brown-headed_Gull/Qingh	
A/Brown-headed_Gull/Qingh	
A/Brown-headed_Gull/Qingh	
A/brown-headed_gull/Tibet	
A/Brown-headed_Gull/Tibet	
A/Brown-headed_Gull/Tibet	
A/Brown-headed_Gull/Tibet	
A/chicken/Changhua/150400	
A/chicken/Changhua/150400	
A/chicken/Changhua/150400	
A/chicken/Changhua/150400	
A/chicken/Changhua/150500	
A/chicken/Changhua/150600	
A/chicken/Chiayi/15010454	
A/chicken/Kaohsiung/16MB0	
A/chicken/Kaohsiung/16010	
A/chicken/Kaohsiung/16020	
A/chicken/Kaohsiung/16040	
A/chicken/Kaohsiung/16070	
A/chicken/Kaohsiung/16120	
A/chicken/Kaohsiung/17030	
A/chicken/Miaoli/15010421	
A/chicken/Nantou/16110023	
A/chicken/New_Taipei_City	
A/chicken/New_Taipei_City	
A/chicken/New_Taipei_City	
A/chicken/New_Taipei_City	
A/chicken/New_Taipei_City	
A/chicken/New_Taipei_City	
A/chicken/Shandong/KD0269	
A/chicken/Taichung/161100	
A/chicken/Tainan/15020214	
A/chicken/Tainan/17030058	
A/chicken/Taipei_City/170	
A/chicken/Taipei/16060022	
A/chicken/Taipei/16060023	
A/chicken/Taipei/16120021	
A/chicken/Taipei/17050005	
A/chicken/Taipei/17050008	
A/chicken/Taipei/17050009	
A/chicken/Taiwan/x37/2016	
A/chicken/Yunlin/15050012	
A/chicken/Yunlin/16020038	
A/chicken/Yunlin/17010001	
A/Chlidonias_hybrida/Hube	
A/common_coot/Shandong/SC	
A/common_crane/Yunnan-Hui	
A/common_pochard/Ningxia/	
A/common_teal/Ningxia/105	
A/common_teal/Ningxia/181	
A/common_teal/Ningxia/189	
A/common_teal/Ningxia/237	
A/common_teal/Ningxia/245	
A/common_teal/Ningxia/253	
A/common_teal/Shaanxi/SXY	
A/Cygnus_atratus/Hubei/2Z	
A/Cygnus_atratus/Hubei/HF	
A/Cygnus_columbianus/Hube	
A/Cygnus_columbianus/Hube	
A/Cygnus_columbianus/Hube	
A/Cygnus_columbianus/Hube	
A/Cygnus_columbianus/Hube	
A/Cygnus_columbianus/Hube	
A/Cygnus_columbianus/Hube	
A/duck/Chiayi/15080023/20	
A/duck/Eastern_China/JY/2	
A/duck/Eastern_China/L040	
A/duck/Eastern_China/L042	
A/duck/Eastern_China/L061	
A/duck/Eastern_China/L072	
A/duck/Eastern_China/L102	
A/duck/Eastern_China/L112	
A/duck/Eastern_China/S021	
A/duck/Eastern_China/S110	
A/duck/Eastern_China/S121	
A/duck/Guangdong/KGZ15783	
A/duck/Guangdong/KGZ16015	
A/duck/Guangdong/S1269/20	
A/duck/Guangdong/s14044/2	
A/duck/Guangxi/S10099/202	
A/duck/Guangxi/S10263/202	
A/duck/Guangxi/S11043/202	
A/duck/Guangxi/S21194/202	
A/duck/Hebei/S1070/2021|E	
A/duck/Henan/S1381/2021|E	
A/duck/Hunan/11.30_YYGK74	
A/duck/Jiangxi/S10252/202	
A/duck/Shandong/11.14_DL-	
A/duck/Shandong/11.14_RD/	
A/duck/Shandong/Q1/2013|E	
A/duck/Tainan/15010403/20	
A/duck/Taiwan/a068/2015|E	
A/duck/Taiwan/A3400/2015|	
A/duck/Xinjiang/12.18_WLM	
A/duck/Yunlin/15010277/20	
A/duck/Yunlin/15010458-1/	
A/duck/Zhejiang/6D18/2013	
A/duck/Zhejiang/925019/20	
A/duck/Zhejiang/925169/20	
A/duck/Zhejiang/W24/2013|	
A/egret/Jiangsu/SD021/202	
A/eurasian_eagle-owl/Hena	
A/goose/Chiayi/15020022/2	
A/goose/China/1/2021|EPI_	
A/goose/Eastern_China/CZ/	
A/goose/Eastern_China/L12	
A/goose/Eastern_China/L12	
A/goose/Eastern_China/S04	
A/goose/Guangdong/s13124/	
A/goose/Guangxi/S20601/20	
A/goose/Henan/S1315/2021|	
A/goose/Hunan/S11288/2021	
A/goose/Jiangsu/QD5/2014|	
A/goose/Jiangsu/S1385/202	
A/goose/Liaoning/S1266/20	
A/goose/Pingtung/15050014	
A/goose/Pingtung/16010061	
A/goose/Shandong/05.23_AY	
A/goose/Shandong/05.23_DT	
A/goose/Shandong/06.14_HZ	
A/goose/Shandong/12.08_YG	
A/Goose/Shandong/21153-3/	
A/goose/Shandong/GD-GS/20	
A/goose/Shandong/LQ01694/	
A/goose/Tainan/16040018-1	
A/goose/Tainan/16070002/2	
A/goose/Taiwan/01019/2015	
A/goose/Taiwan/01039/2015	
A/goose/Taiwan/a015/2015|	
A/goose/Taiwan/TNC1/2015|	
A/goose/Taiwan/TNC3/2015|	
A/goose/Taiwan/TNC4/2015|	
A/goose/Taiwan/TNC9/2015|	
A/goose/Taiwan/TNC10/2015	
A/goose/Taiwan/TNC12/2015	
A/goose/Taiwan/TNC14/2015	
A/goose/Taiwan/TNO3/2015|	
A/goose/Taiwan/TNO9/2015|	
A/goose/Taiwan/TNO15/2015	
A/goose/Taiwan/TNO17/2015	
A/goose/Taoyuan/15010041/	
A/goose/Xinjiang/12.18_WL	
A/goose/Xinjiang/12.18_WL	
A/goose/Xinjiang/12.18_WL	
A/goose/Xinjiang/12.18_WL	
A/goose/Yangzhou/0420/201	
A/goose/Yunlin/15040040/2	
A/goose/Zhejiang/925037/2	
A/goose/Zhejiang/925104/2	
A/goose/Zhejiang/S1266/20	
A/Great_Black-headed_Gull	
A/Great_Cormorant/Qinghai	
A/Great_Cormorant/Qinghai	
A/Great_Cormorant/Qinghai	
A/Great_Crested_Grebe/Qin	
A/grebe/Ningxia/SD001/202	
A/grebe/Shaanxi/SD001/202	
A/grebe/Shandong/SC184/20	
A/green-winged_teal/Guang	
A/Herring_Gull/Hubei/CH-i	
A/mallard_duck/Shanghai/S	
A/mallard/Ningxia/175/202	
A/mallard/Ningxia/176/202	
A/mallard/Ningxia/239/202	
A/mallard/Ningxia/241/202	
A/mallard/Ningxia/247/202	
A/mallard/Ningxia/249/202	
A/mute_swan/Inner_Mongoli	
A/mute_swan/Shandong/1/20	
A/Peregrine_Falcon/Hong_K	
A/pheasant/Hebei/B02/2021	
A/swan/China/ST/2016|EPI_	
A/swan/Hebei/B01/2021|EPI	
A/swan/Shandong/W3762/202	
A/tundra_swan/Hubei/BQ3/2	
A/tundra_swan/Hubei/BQ4/2	
A/tundra_swan/Hubei/BQ6/2	
A/tundra_swan/Hubei/BQ7/2	
A/tundra_swan/Hubei/BQ8/2	
A/tundra_swan/Hubei/BQ9/2	
A/turkey/Chiayi/17020092-	
A/whiskered_tern/Hubei/BQ	
A/whooper_swan/Henan/SM1/	
A/whooper_swan/Henan/SM16	
A/whooper_swan/Henan/SM31	
A/whooper_swan/Henan/SM61	
A/whooper_swan/Henan/SM76	
A/whooper_swan/Henan/SM86	
A/whooper_swan/Henan/SM11	
A/whooper_swan/Henan/SMQ5	
A/whooper_swan/Henan/SMQ7	
A/whooper_swan/Henan/SMQ9	
A/whooper_swan/Henan/SMQ1	
A/whooper_swan/Inner_Mong	
A/Whooper_Swan/Sanmenxia/	
A/Whooper_swan/Sanmenxia/	
A/Whooper_swan/Sanmenxia/	
A/Whooper_swan/Sanmenxia/	
A/Whooper_swan/Sanmenxia/	
A/Whooper_swan/Sanmenxia/	
A/Whooper_swan/Sanmenxia/	
A/Whooper_swan/Sanmenxia/	
A/Whooper_swan/Sanmenxia/	
A/Whooper_swan/Sanmenxia/	
A/Whooper_swan/Sanmenxia/	
A/Whooper_swan/Sanmenxia/	
A/Whooper_swan/Sanmenxia/	
A/Whooper_swan/Sanmenxia/	
A/Whooper_swan/Sanmenxia/	
A/Whooper_swan/Sanmenxia/	
A/Whooper_swan/Sanmenxia/	
A/Whooper_swan/Sanmenxia/	
A/Whooper_swan/Sanmenxia/	
A/Whooper_swan/Sanmenxia/	
A/Whooper_swan/Sanmenxia/	
A/Whooper_swan/Sanmenxia/	
A/Whooper_swan/Sanmenxia/	
A/Whooper_swan/Sanmenxia/	
A/whooper_swan/Shaanxi/SX	
A/whooper_swan/Shaanxi/SX	
A/whooper_swan/Shaanxi/SX	
A/whooper_swan/Shandong/S	
A/whooper_swan/Shandong/S	
A/whooper_swan/Shandong/S	
A/whooper_swan/Shandong/S	
A/whooper_swan/Shandong/S	
A/whooper_swan/Shandong/S	
A/whooper_swan/Shandong/S	
A/whooper_swan/Shanxi/4-1	
A/whooper_swan/Shanxi/4-2	
A/whooper_swan/Shanxi/RC0	
A/whooper_swan/Shanxi/SX1	
A/whooper_swan/Shanxi/SX3	
A/whooper_swan/Shanxi/SX5	
A/whooper_swan/Shanxi/SX1	
A/whooper_swan/Shanxi/SX1	
A/whooper_swan/Shanxi/SX2	
A/whooper_swan/Shanxi/SX2	
A/whooper_swan/Shanxi/SX2	
A/whooper_swan/Shanxi/SX2	
A/whooper_swan/Shanxi/SX2	
A/whooper_swan/Shanxi/SX2	
A/whooper_swan/Shanxi/SX3	
A/wild_bird/Hubei/12.12_L	
A/wild_duck/Jiangsu/SD019	
A/wild_duck/Shandong/SC17	
A/wild_goose/Shandong/SC1	
A/Anser_cygnoides/Hubei/F	
A/Chlidonias_hybrida/Hube	
A/Cygnus_atratus/Hubei/2Z	
A/Cygnus_atratus/Hubei/HF	
A/Cygnus_columbianus/Hube	
A/Cygnus_columbianus/Hube	
A/Cygnus_columbianus/Hube	
A/Cygnus_columbianus/Hube	
A/Cygnus_columbianus/Hube	
A/Cygnus_columbianus/Hube	
A/Cygnus_columbianus/Hube	
A/Whooper_Swan/Sanmenxia/	
A/Wild_bird/Huadong/CIXI2	
A/chicken/Changhua/150400	
A/chicken/Changhua/150400	
A/chicken/Changhua/150400	
A/chicken/Changhua/150400	
A/chicken/Changhua/150500	
A/chicken/Changhua/150600	
A/chicken/Chiayi/15010454	
A/chicken/Kaohsiung/16010	
A/chicken/Kaohsiung/16020	
A/chicken/Kaohsiung/16040	
A/chicken/Kaohsiung/16070	
A/chicken/Kaohsiung/16120	
A/chicken/Kaohsiung/16MB0	
A/chicken/Kaohsiung/17030	
A/chicken/Miaoli/15010421	
A/chicken/Nantou/16110023	
A/chicken/New_Taipei_City	
A/chicken/New_Taipei_City	
A/chicken/New_Taipei_City	
A/chicken/New_Taipei_City	
A/chicken/New_Taipei_City	
A/chicken/New_Taipei_City	
A/chicken/Taichung/161100	
A/chicken/Tainan/15020214	
A/chicken/Tainan/17030058	
A/chicken/Taipei_City/170	
A/chicken/Taipei/16060022	
A/chicken/Taipei/16060023	
A/chicken/Taipei/16120021	
A/chicken/Taipei/17050005	
A/chicken/Taipei/17050008	
A/chicken/Taipei/17050009	
A/chicken/Yunlin/15050012	
A/chicken/Yunlin/16020038	
A/chicken/Yunlin/17010001	
A/duck/Chiayi/15080023/20	
A/duck/Eastern_China/JY/2	
A/duck/Eastern_China/L040	
A/duck/Eastern_China/L042	
A/duck/Eastern_China/L061	
A/duck/Eastern_China/L072	
A/duck/Eastern_China/L102	
A/duck/Eastern_China/L112	
A/duck/Eastern_China/S021	
A/duck/Eastern_China/S110	
A/duck/Eastern_China/S121	
A/duck/Guangdong/s14044/2	
A/duck/Hunan/11.30_YYGK74	
A/duck/Shandong/Q1/2013_H	
A/duck/Tainan/15010403/20	
A/duck/Taiwan/A3400/2015_	
A/duck/Xinjiang/12.18_WLM	
A/duck/Yunlin/15010277/20	
A/duck/Yunlin/15010458-1/	
A/duck/Zhejiang/6D18/2013	
A/duck/Zhejiang/925019/20	
A/duck/Zhejiang/925169/20	
A/duck/Zhejiang/W24/2013_	
A/eurasian_coot/Shandong/	
A/eurasian_coot/Shandong/	
A/eurasian_coot/Shandong/	
A/eurasian_coot/Shandong/	
A/goose/Chiayi/15020022/2	
A/goose/China/1/2021_H5N8	
A/goose/Eastern_China/CZ/	
A/goose/Eastern_China/L12	
A/goose/Eastern_China/L12	
A/goose/Eastern_China/S04	
A/goose/Guangdong/s13124/	
A/goose/Hebei/HG12/2021_H	
A/goose/Jiangsu/QD5/2014_	
A/goose/Pingtung/15050014	
A/goose/Pingtung/16010061	
A/goose/Tainan/16040018-1	
A/goose/Tainan/16070002/2	
A/goose/Taiwan/01019/2015	
A/goose/Taiwan/01039/2015	
A/goose/Taiwan/TNC1/2015_	
A/goose/Taiwan/TNC10/2015	
A/goose/Taiwan/TNC11/2015	
A/goose/Taiwan/TNC12/2015	
A/goose/Taiwan/TNC14/2015	
A/goose/Taiwan/TNC3/2015_	
A/goose/Taiwan/TNC7/2015_	
A/goose/Taiwan/TNC9/2015_	
A/goose/Taiwan/TNO15/2015	
A/goose/Taiwan/TNO3/2015_	
A/goose/Taiwan/TNO9/2015_	
A/goose/Taoyuan/15010041/	
A/goose/Xinjiang/12.18_WL	
A/goose/Xinjiang/12.18_WL	
A/goose/Xinjiang/12.18_WL	
A/goose/Xinjiang/12.18_WL	
A/goose/Yangzhou/0420/201	
A/goose/Yunlin/15040040/2	
A/goose/Zhejiang/925037/2	
A/goose/Zhejiang/925104/2	
A/mallard/Shanghai/SH-9/2	
A/swan/China/ST/2016_H5N8	
A/swan/Shandong/W3762/202	
A/turkey/Chiayi/17020092-	
A/whooper_swan/Shanxi/RC0	
A/wild_duck/Shandong/W358	
A/Anser_cygnoides/Hubei/F	
A/bar_headed_goose/Tibet/	
A/Bar-headed_Goose/Qingha	
A/Bar-headed_Goose/Qingha	
A/Bar-headed_Goose/Qingha	
A/Bar-headed_Goose/Qingha	
A/Bar-headed_Goose/Qingha	
A/Bar-headed_Goose/Qingha	
A/Bar-headed_Goose/Qingha	
A/Bar-headed_Goose/Qingha	
A/Bar-headed_Goose/Qingha	
A/Bar-headed_Goose/Qingha	
A/Bar-headed_Goose/Qingha	
A/Bar-headed_Goose/Qingha	
A/Bar-headed_Goose/Qingha	
A/Bar-headed_Goose/Qingha	
A/Bar-headed_Goose/Qingha	
A/Bar-headed_Goose/Qingha	
A/Bar-headed_Goose/Qingha	
A/Bar-headed_Goose/Qingha	
A/Bar-headed_Goose/Qingha	
A/Bar-headed_Goose/Qingha	
A/Bar-headed_Goose/Qingha	
A/Bar-headed_Goose/Qingha	
A/Bar-headed_Goose/Qingha	
A/Bar-headed_Goose/Qingha	
A/Bar-headed_Goose/Qingha	
A/Bar-headed_Goose/Qingha	
A/Bar-headed_Goose/Qingha	
A/Bar-headed_Goose/Qingha	
A/Bar-headed_Goose/Qingha	
A/Bar-headed_Goose/Qingha	
A/Bar-headed_Goose/Qingha	
A/Bar-headed_Goose/Qingha	
A/Bar-headed_Goose/Qingha	
A/Bar-headed_Goose/Qingha	
A/Bar-headed_Goose/Qingha	
A/Bar-headed_Goose/Qingha	
A/Bar-headed_Goose/Qingha	
A/Bar-headed_Goose/Qingha	
A/Bar-headed_Goose/Qingha	
A/Bar-headed_Goose/Qingha	
A/Bar-headed_Goose/Qingha	
A/Bar-headed_Goose/Qingha	
A/Bar-headed_Goose/Qingha	
A/Bar-headed_Goose/Qingha	
A/Bar-headed_Goose/Qingha	
A/Bar-headed_Goose/Qingha	
A/Bar-headed_Goose/Qingha	
A/Bar-headed_Goose/Qingha	
A/Bar-headed_Goose/Qingha	
A/Bar-headed_Goose/Qingha	
A/Bar-headed_Goose/Qingha	
A/Bar-headed_Goose/Qingha	
A/Bar-headed_Goose/Qingha	
A/Bar-headed_Goose/Qingha	
A/Bar-headed_Goose/Qingha	
A/Bar-headed_Goose/Qingha	
A/Bar-headed_Goose/Qingha	
A/Bar-headed_Goose/Qingha	
A/Bar-headed_Goose/Qingha	
A/Bar-headed_Goose/Qingha	
A/Bar-headed_Goose/Qingha	
A/Bar-headed_Goose/Qingha	
A/Bar-headed_Goose/Qingha	
A/Bar-headed_Goose/Qingha	
A/Bar-headed_Goose/Qingha	
A/Bar-headed_Goose/Qingha	
A/Bar-headed_Goose/Qingha	
A/Bar-headed_Goose/Qingha	
A/Bar-headed_Goose/Qingha	
A/Bar-headed_Goose/Qingha	
A/Bar-headed_Goose/Qingha	
A/Bar-headed_Goose/Qingha	
A/Bar-headed_Goose/Qingha	
A/Bar-headed_Goose/Qingha	
A/Bar-headed_Goose/Qingha	
A/Bar-headed_Goose/Qingha	
A/Bar-headed_Goose/Qingha	
A/Bar-headed_Goose/Qingha	
A/Bar-headed_Goose/Qingha	
A/Bar-headed_Goose/Qingha	
A/Bar-headed_Goose/Qingha	
A/Bar-headed_Goose/Tibet/	
A/Bar-headed_Goose/Tibet/	
A/Bar-headed_Goose/Tibet/	
A/Bar-headed_Goose/Tibet/	
A/Bar-headed_Goose/Tibet/	
A/Bar-headed_Goose/Tibet/	
A/Bar-headed_Goose/Tibet/	
A/Bar-headed_Goose/Tibet/	
A/Bar-headed_Goose/Tibet/	
A/Bar-headed_Goose/Tibet/	
A/Bar-headed_Goose/Tibet/	
A/Bar-headed_Goose/Tibet/	
A/bean_goose/Hubei/BQ11/2	
A/Bean_Goose/Hubei/chenhu	
A/Bean_goose/Hubei/CH-i11	
A/Bean_goose/Hubei/CH-i12	
A/Bean_goose/Hubei/CH-i32	
A/black_swan/Beijing/1/20	
A/black-backed_gull/Shand	
A/Brown-headed_Gull/Qingh	
A/Brown-headed_Gull/Qingh	
A/Brown-headed_Gull/Qingh	
A/Brown-headed_Gull/Qingh	
A/Brown-headed_Gull/Qingh	
A/Brown-headed_Gull/Qingh	
A/Brown-headed_Gull/Qingh	
A/Brown-headed_Gull/Qingh	
A/Brown-headed_Gull/Qingh	
A/brown-headed_gull/Tibet	
A/Brown-headed_Gull/Tibet	
A/Brown-headed_Gull/Tibet	
A/Brown-headed_Gull/Tibet	
A/chicken/Changhua/150400	
A/chicken/Changhua/150400	
A/chicken/Changhua/150400	
A/chicken/Changhua/150400	
A/chicken/Changhua/150500	
A/chicken/Changhua/150600	
A/chicken/Chiayi/15010454	
A/chicken/Kaohsiung/16MB0	
A/chicken/Kaohsiung/16010	
A/chicken/Kaohsiung/16020	
A/chicken/Kaohsiung/16040	
A/chicken/Kaohsiung/16070	
A/chicken/Kaohsiung/16120	
A/chicken/Kaohsiung/17030	
A/chicken/Miaoli/15010421	
A/chicken/Nantou/16110023	
A/chicken/New_Taipei_City	
A/chicken/New_Taipei_City	
A/chicken/New_Taipei_City	
A/chicken/New_Taipei_City	
A/chicken/New_Taipei_City	
A/chicken/New_Taipei_City	
A/chicken/Shandong/KD0269	
A/chicken/Taichung/161100	
A/chicken/Tainan/15020214	
A/chicken/Tainan/17030058	
A/chicken/Taipei_City/170	
A/chicken/Taipei/16060022	
A/chicken/Taipei/16060023	
A/chicken/Taipei/16120021	
A/chicken/Taipei/17050005	
A/chicken/Taipei/17050008	
A/chicken/Taipei/17050009	
A/chicken/Taiwan/x37/2016	
A/chicken/Yunlin/15050012	
A/chicken/Yunlin/16020038	
A/chicken/Yunlin/17010001	
A/Chlidonias_hybrida/Hube	
A/common_coot/Shandong/SC	
A/common_crane/Yunnan-Hui	
A/common_pochard/Ningxia/	
A/common_teal/Ningxia/105	
A/common_teal/Ningxia/181	
A/common_teal/Ningxia/189	
A/common_teal/Ningxia/237	
A/common_teal/Ningxia/245	
A/common_teal/Ningxia/253	
A/common_teal/Shaanxi/SXY	
A/Cygnus_atratus/Hubei/2Z	
A/Cygnus_atratus/Hubei/HF	
A/Cygnus_columbianus/Hube	
A/Cygnus_columbianus/Hube	
A/Cygnus_columbianus/Hube	
A/Cygnus_columbianus/Hube	
A/Cygnus_columbianus/Hube	
A/Cygnus_columbianus/Hube	
A/Cygnus_columbianus/Hube	
A/duck/Chiayi/15080023/20	
A/duck/Eastern_China/JY/2	
A/duck/Eastern_China/L040	
A/duck/Eastern_China/L042	
A/duck/Eastern_China/L061	
A/duck/Eastern_China/L072	
A/duck/Eastern_China/L102	
A/duck/Eastern_China/L112	
A/duck/Eastern_China/S021	
A/duck/Eastern_China/S110	
A/duck/Eastern_China/S121	
A/duck/Guangdong/KGZ15783	
A/duck/Guangdong/KGZ16015	
A/duck/Guangdong/S1269/20	
A/duck/Guangdong/s14044/2	
A/duck/Guangxi/S10099/202	
A/duck/Guangxi/S10263/202	
A/duck/Guangxi/S11043/202	
A/duck/Guangxi/S21194/202	
A/duck/Hebei/S1070/2021|E	
A/duck/Henan/S1381/2021|E	
A/duck/Hunan/11.30_YYGK74	
A/duck/Jiangxi/S10252/202	
A/duck/Shandong/11.14_DL-	
A/duck/Shandong/11.14_RD/	
A/duck/Shandong/Q1/2013|E	
A/duck/Tainan/15010403/20	
A/duck/Taiwan/a068/2015|E	
A/duck/Taiwan/A3400/2015|	
A/duck/Xinjiang/12.18_WLM	
A/duck/Yunlin/15010277/20	
A/duck/Yunlin/15010458-1/	
A/duck/Zhejiang/6D18/2013	
A/duck/Zhejiang/925019/20	
A/duck/Zhejiang/925169/20	
A/duck/Zhejiang/W24/2013|	
A/egret/Jiangsu/SD021/202	
A/eurasian_eagle-owl/Hena	
A/goose/Chiayi/15020022/2	
A/goose/China/1/2021|EPI_	
A/goose/Eastern_China/CZ/	
A/goose/Eastern_China/L12	
A/goose/Eastern_China/L12	
A/goose/Eastern_China/S04	
A/goose/Guangdong/s13124/	
A/goose/Guangxi/S20601/20	
A/goose/Henan/S1315/2021|	
A/goose/Hunan/S11288/2021	
A/goose/Jiangsu/QD5/2014|	
A/goose/Jiangsu/S1385/202	
A/goose/Liaoning/S1266/20	
A/goose/Pingtung/15050014	
A/goose/Pingtung/16010061	
A/goose/Shandong/05.23_AY	
A/goose/Shandong/05.23_DT	
A/goose/Shandong/06.14_HZ	
A/goose/Shandong/12.08_YG	
A/Goose/Shandong/21153-3/	
A/goose/Shandong/GD-GS/20	
A/goose/Shandong/LQ01694/	
A/goose/Tainan/16040018-1	
A/goose/Tainan/16070002/2	
A/goose/Taiwan/01019/2015	
A/goose/Taiwan/01039/2015	
A/goose/Taiwan/a015/2015|	
A/goose/Taiwan/TNC1/2015|	
A/goose/Taiwan/TNC3/2015|	
A/goose/Taiwan/TNC4/2015|	
A/goose/Taiwan/TNC9/2015|	
A/goose/Taiwan/TNC10/2015	
A/goose/Taiwan/TNC12/2015	
A/goose/Taiwan/TNC14/2015	
A/goose/Taiwan/TNO3/2015|	
A/goose/Taiwan/TNO9/2015|	
A/goose/Taiwan/TNO15/2015	
A/goose/Taiwan/TNO17/2015	
A/goose/Taoyuan/15010041/	
A/goose/Xinjiang/12.18_WL	
A/goose/Xinjiang/12.18_WL	
A/goose/Xinjiang/12.18_WL	
A/goose/Xinjiang/12.18_WL	
A/goose/Yangzhou/0420/201	
A/goose/Yunlin/15040040/2	
A/goose/Zhejiang/925037/2	
A/goose/Zhejiang/925104/2	
A/goose/Zhejiang/S1266/20	
A/Great_Black-headed_Gull	
A/Great_Cormorant/Qinghai	
A/Great_Cormorant/Qinghai	
A/Great_Cormorant/Qinghai	
A/Great_Crested_Grebe/Qin	
A/grebe/Ningxia/SD001/202	
A/grebe/Shaanxi/SD001/202	
A/grebe/Shandong/SC184/20	
A/green-winged_teal/Guang	
A/Herring_Gull/Hubei/CH-i	
A/mallard_duck/Shanghai/S	
A/mallard/Ningxia/175/202	
A/mallard/Ningxia/176/202	
A/mallard/Ningxia/239/202	
A/mallard/Ningxia/241/202	
A/mallard/Ningxia/247/202	
A/mallard/Ningxia/249/202	
A/mute_swan/Inner_Mongoli	
A/mute_swan/Shandong/1/20	
A/Peregrine_Falcon/Hong_K	
A/pheasant/Hebei/B02/2021	
A/swan/China/ST/2016|EPI_	
A/swan/Hebei/B01/2021|EPI	
A/swan/Shandong/W3762/202	
A/tundra_swan/Hubei/BQ3/2	
A/tundra_swan/Hubei/BQ4/2	
A/tundra_swan/Hubei/BQ6/2	
A/tundra_swan/Hubei/BQ7/2	
A/tundra_swan/Hubei/BQ8/2	
A/tundra_swan/Hubei/BQ9/2	
A/turkey/Chiayi/17020092-	
A/whiskered_tern/Hubei/BQ	
A/whooper_swan/Henan/SM1/	
A/whooper_swan/Henan/SM16	
A/whooper_swan/Henan/SM31	
A/whooper_swan/Henan/SM61	
A/whooper_swan/Henan/SM76	
A/whooper_swan/Henan/SM86	
A/whooper_swan/Henan/SM11	
A/whooper_swan/Henan/SMQ5	
A/whooper_swan/Henan/SMQ7	
A/whooper_swan/Henan/SMQ9	
A/whooper_swan/Henan/SMQ1	
A/whooper_swan/Inner_Mong	
A/Whooper_Swan/Sanmenxia/	
A/Whooper_swan/Sanmenxia/	
A/Whooper_swan/Sanmenxia/	
A/Whooper_swan/Sanmenxia/	
A/Whooper_swan/Sanmenxia/	
A/Whooper_swan/Sanmenxia/	
A/Whooper_swan/Sanmenxia/	
A/Whooper_swan/Sanmenxia/	
A/Whooper_swan/Sanmenxia/	
A/Whooper_swan/Sanmenxia/	
A/Whooper_swan/Sanmenxia/	
A/Whooper_swan/Sanmenxia/	
A/Whooper_swan/Sanmenxia/	
A/Whooper_swan/Sanmenxia/	
A/Whooper_swan/Sanmenxia/	
A/Whooper_swan/Sanmenxia/	
A/Whooper_swan/Sanmenxia/	
A/Whooper_swan/Sanmenxia/	
A/Whooper_swan/Sanmenxia/	
A/Whooper_swan/Sanmenxia/	
A/Whooper_swan/Sanmenxia/	
A/Whooper_swan/Sanmenxia/	
A/Whooper_swan/Sanmenxia/	
A/Whooper_swan/Sanmenxia/	
A/whooper_swan/Shaanxi/SX	
A/whooper_swan/Shaanxi/SX	
A/whooper_swan/Shaanxi/SX	
A/whooper_swan/Shandong/S	
A/whooper_swan/Shandong/S	
A/whooper_swan/Shandong/S	
A/whooper_swan/Shandong/S	
A/whooper_swan/Shandong/S	
A/whooper_swan/Shandong/S	
A/whooper_swan/Shandong/S	
A/whooper_swan/Shanxi/4-1	
A/whooper_swan/Shanxi/4-2	
A/whooper_swan/Shanxi/RC0	
A/whooper_swan/Shanxi/SX1	
A/whooper_swan/Shanxi/SX3	
A/whooper_swan/Shanxi/SX5	
A/whooper_swan/Shanxi/SX1	
A/whooper_swan/Shanxi/SX1	
A/whooper_swan/Shanxi/SX2	
A/whooper_swan/Shanxi/SX2	
A/whooper_swan/Shanxi/SX2	
A/whooper_swan/Shanxi/SX2	
A/whooper_swan/Shanxi/SX2	
A/whooper_swan/Shanxi/SX2	
A/whooper_swan/Shanxi/SX3	
A/wild_bird/Hubei/12.12_L	
A/wild_duck/Jiangsu/SD019	
A/wild_duck/Shandong/SC17	
A/wild_goose/Shandong/SC1	
A/Anser_cygnoides/Hubei/F	
A/Chlidonias_hybrida/Hube	
A/Cygnus_atratus/Hubei/2Z	
A/Cygnus_atratus/Hubei/HF	
A/Cygnus_columbianus/Hube	
A/Cygnus_columbianus/Hube	
A/Cygnus_columbianus/Hube	
A/Cygnus_columbianus/Hube	
A/Cygnus_columbianus/Hube	
A/Cygnus_columbianus/Hube	
A/Cygnus_columbianus/Hube	
A/Whooper_Swan/Sanmenxia/	
A/Wild_bird/Huadong/CIXI2	
A/chicken/Changhua/150400	
A/chicken/Changhua/150400	
A/chicken/Changhua/150400	
A/chicken/Changhua/150400	
A/chicken/Changhua/150500	
A/chicken/Changhua/150600	
A/chicken/Chiayi/15010454	
A/chicken/Kaohsiung/16010	
A/chicken/Kaohsiung/16020	
A/chicken/Kaohsiung/16040	
A/chicken/Kaohsiung/16070	
A/chicken/Kaohsiung/16120	
A/chicken/Kaohsiung/16MB0	
A/chicken/Kaohsiung/17030	
A/chicken/Miaoli/15010421	
A/chicken/Nantou/16110023	
A/chicken/New_Taipei_City	
A/chicken/New_Taipei_City	
A/chicken/New_Taipei_City	
A/chicken/New_Taipei_City	
A/chicken/New_Taipei_City	
A/chicken/New_Taipei_City	
A/chicken/Taichung/161100	
A/chicken/Tainan/15020214	
A/chicken/Tainan/17030058	
A/chicken/Taipei_City/170	
A/chicken/Taipei/16060022	
A/chicken/Taipei/16060023	
A/chicken/Taipei/16120021	
A/chicken/Taipei/17050005	
A/chicken/Taipei/17050008	
A/chicken/Taipei/17050009	
A/chicken/Yunlin/15050012	
A/chicken/Yunlin/16020038	
A/chicken/Yunlin/17010001	
A/duck/Chiayi/15080023/20	
A/duck/Eastern_China/JY/2	
A/duck/Eastern_China/L040	
A/duck/Eastern_China/L042	
A/duck/Eastern_China/L061	
A/duck/Eastern_China/L072	
A/duck/Eastern_China/L102	
A/duck/Eastern_China/L112	
A/duck/Eastern_China/S021	
A/duck/Eastern_China/S110	
A/duck/Eastern_China/S121	
A/duck/Guangdong/s14044/2	
A/duck/Hunan/11.30_YYGK74	
A/duck/Shandong/Q1/2013_H	
A/duck/Tainan/15010403/20	
A/duck/Taiwan/A3400/2015_	
A/duck/Xinjiang/12.18_WLM	
A/duck/Yunlin/15010277/20	
A/duck/Yunlin/15010458-1/	
A/duck/Zhejiang/6D18/2013	
A/duck/Zhejiang/925019/20	
A/duck/Zhejiang/925169/20	
A/duck/Zhejiang/W24/2013_	
A/eurasian_coot/Shandong/	
A/eurasian_coot/Shandong/	
A/eurasian_coot/Shandong/	
A/eurasian_coot/Shandong/	
A/goose/Chiayi/15020022/2	
A/goose/China/1/2021_H5N8	
A/goose/Eastern_China/CZ/	
A/goose/Eastern_China/L12	
A/goose/Eastern_China/L12	
A/goose/Eastern_China/S04	
A/goose/Guangdong/s13124/	
A/goose/Hebei/HG12/2021_H	
A/goose/Jiangsu/QD5/2014_	
A/goose/Pingtung/15050014	
A/goose/Pingtung/16010061	
A/goose/Tainan/16040018-1	
A/goose/Tainan/16070002/2	
A/goose/Taiwan/01019/2015	
A/goose/Taiwan/01039/2015	
A/goose/Taiwan/TNC1/2015_	
A/goose/Taiwan/TNC10/2015	
A/goose/Taiwan/TNC11/2015	
A/goose/Taiwan/TNC12/2015	
A/goose/Taiwan/TNC14/2015	
A/goose/Taiwan/TNC3/2015_	
A/goose/Taiwan/TNC7/2015_	
A/goose/Taiwan/TNC9/2015_	
A/goose/Taiwan/TNO15/2015	
A/goose/Taiwan/TNO3/2015_	
A/goose/Taiwan/TNO9/2015_	
A/goose/Taoyuan/15010041/	
A/goose/Xinjiang/12.18_WL	
A/goose/Xinjiang/12.18_WL	
A/goose/Xinjiang/12.18_WL	
A/goose/Xinjiang/12.18_WL	
A/goose/Yangzhou/0420/201	
A/goose/Yunlin/15040040/2	
A/goose/Zhejiang/925037/2	
A/goose/Zhejiang/925104/2	
A/mallard/Shanghai/SH-9/2	
A/swan/China/ST/2016_H5N8	
A/swan/Shandong/W3762/202	
A/turkey/Chiayi/17020092-	
A/whooper_swan/Shanxi/RC0	
A/wild_duck/Shandong/W358	
A/Anser_cygnoides/Hubei/F	
A/bar_headed_goose/Tibet/	
A/Bar-headed_Goose/Qingha	
A/Bar-headed_Goose/Qingha	
A/Bar-headed_Goose/Qingha	
A/Bar-headed_Goose/Qingha	
A/Bar-headed_Goose/Qingha	
A/Bar-headed_Goose/Qingha	
A/Bar-headed_Goose/Qingha	
A/Bar-headed_Goose/Qingha	
A/Bar-headed_Goose/Qingha	
A/Bar-headed_Goose/Qingha	
A/Bar-headed_Goose/Qingha	
A/Bar-headed_Goose/Qingha	
A/Bar-headed_Goose/Qingha	
A/Bar-headed_Goose/Qingha	
A/Bar-headed_Goose/Qingha	
A/Bar-headed_Goose/Qingha	
A/Bar-headed_Goose/Qingha	
A/Bar-headed_Goose/Qingha	
A/Bar-headed_Goose/Qingha	
A/Bar-headed_Goose/Qingha	
A/Bar-headed_Goose/Qingha	
A/Bar-headed_Goose/Qingha	
A/Bar-headed_Goose/Qingha	
A/Bar-headed_Goose/Qingha	
A/Bar-headed_Goose/Qingha	
A/Bar-headed_Goose/Qingha	
A/Bar-headed_Goose/Qingha	
A/Bar-headed_Goose/Qingha	
A/Bar-headed_Goose/Qingha	
A/Bar-headed_Goose/Qingha	
A/Bar-headed_Goose/Qingha	
A/Bar-headed_Goose/Qingha	
A/Bar-headed_Goose/Qingha	
A/Bar-headed_Goose/Qingha	
A/Bar-headed_Goose/Qingha	
A/Bar-headed_Goose/Qingha	
A/Bar-headed_Goose/Qingha	
A/Bar-headed_Goose/Qingha	
A/Bar-headed_Goose/Qingha	
A/Bar-headed_Goose/Qingha	
A/Bar-headed_Goose/Qingha	
A/Bar-headed_Goose/Qingha	
A/Bar-headed_Goose/Qingha	
A/Bar-headed_Goose/Qingha	
A/Bar-headed_Goose/Qingha	
A/Bar-headed_Goose/Qingha	
A/Bar-headed_Goose/Qingha	
A/Bar-headed_Goose/Qingha	
A/Bar-headed_Goose/Qingha	
A/Bar-headed_Goose/Qingha	
A/Bar-headed_Goose/Qingha	
A/Bar-headed_Goose/Qingha	
A/Bar-headed_Goose/Qingha	
A/Bar-headed_Goose/Qingha	
A/Bar-headed_Goose/Qingha	
A/Bar-headed_Goose/Qingha	
A/Bar-headed_Goose/Qingha	
A/Bar-headed_Goose/Qingha	
A/Bar-headed_Goose/Qingha	
A/Bar-headed_Goose/Qingha	
A/Bar-headed_Goose/Qingha	
A/Bar-headed_Goose/Qingha	
A/Bar-headed_Goose/Qingha	
A/Bar-headed_Goose/Qingha	
A/Bar-headed_Goose/Qingha	
A/Bar-headed_Goose/Qingha	
A/Bar-headed_Goose/Qingha	
A/Bar-headed_Goose/Qingha	
A/Bar-headed_Goose/Qingha	
A/Bar-headed_Goose/Qingha	
A/Bar-headed_Goose/Qingha	
A/Bar-headed_Goose/Qingha	
A/Bar-headed_Goose/Qingha	
A/Bar-headed_Goose/Qingha	
A/Bar-headed_Goose/Qingha	
A/Bar-headed_Goose/Qingha	
A/Bar-headed_Goose/Qingha	
A/Bar-headed_Goose/Qingha	
A/Bar-headed_Goose/Qingha	
A/Bar-headed_Goose/Qingha	
A/Bar-headed_Goose/Qingha	
A/Bar-headed_Goose/Tibet/	
A/Bar-headed_Goose/Tibet/	
A/Bar-headed_Goose/Tibet/	
A/Bar-headed_Goose/Tibet/	
A/Bar-headed_Goose/Tibet/	
A/Bar-headed_Goose/Tibet/	
A/Bar-headed_Goose/Tibet/	
A/Bar-headed_Goose/Tibet/	
A/Bar-headed_Goose/Tibet/	
A/Bar-headed_Goose/Tibet/	
A/Bar-headed_Goose/Tibet/	
A/Bar-headed_Goose/Tibet/	
A/bean_goose/Hubei/BQ11/2	
A/Bean_Goose/Hubei/chenhu	
A/Bean_goose/Hubei/CH-i11	
A/Bean_goose/Hubei/CH-i12	
A/Bean_goose/Hubei/CH-i32	
A/black_swan/Beijing/1/20	
A/black-backed_gull/Shand	
A/Brown-headed_Gull/Qingh	
A/Brown-headed_Gull/Qingh	
A/Brown-headed_Gull/Qingh	
A/Brown-headed_Gull/Qingh	
A/Brown-headed_Gull/Qingh	
A/Brown-headed_Gull/Qingh	
A/Brown-headed_Gull/Qingh	
A/Brown-headed_Gull/Qingh	
A/Brown-headed_Gull/Qingh	
A/brown-headed_gull/Tibet	
A/Brown-headed_Gull/Tibet	
A/Brown-headed_Gull/Tibet	
A/Brown-headed_Gull/Tibet	
A/chicken/Changhua/150400	
A/chicken/Changhua/150400	
A/chicken/Changhua/150400	
A/chicken/Changhua/150400	
A/chicken/Changhua/150500	
A/chicken/Changhua/150600	
A/chicken/Chiayi/15010454	
A/chicken/Kaohsiung/16MB0	
A/chicken/Kaohsiung/16010	
A/chicken/Kaohsiung/16020	
A/chicken/Kaohsiung/16040	
A/chicken/Kaohsiung/16070	
A/chicken/Kaohsiung/16120	
A/chicken/Kaohsiung/17030	
A/chicken/Miaoli/15010421	
A/chicken/Nantou/16110023	
A/chicken/New_Taipei_City	
A/chicken/New_Taipei_City	
A/chicken/New_Taipei_City	
A/chicken/New_Taipei_City	
A/chicken/New_Taipei_City	
A/chicken/New_Taipei_City	
A/chicken/Shandong/KD0269	
A/chicken/Taichung/161100	
A/chicken/Tainan/15020214	
A/chicken/Tainan/17030058	
A/chicken/Taipei_City/170	
A/chicken/Taipei/16060022	
A/chicken/Taipei/16060023	
A/chicken/Taipei/16120021	
A/chicken/Taipei/17050005	
A/chicken/Taipei/17050008	
A/chicken/Taipei/17050009	
A/chicken/Taiwan/x37/2016	
A/chicken/Yunlin/15050012	
A/chicken/Yunlin/16020038	
A/chicken/Yunlin/17010001	
A/Chlidonias_hybrida/Hube	
A/common_coot/Shandong/SC	
A/common_crane/Yunnan-Hui	
A/common_pochard/Ningxia/	
A/common_teal/Ningxia/105	
A/common_teal/Ningxia/181	
A/common_teal/Ningxia/189	
A/common_teal/Ningxia/237	
A/common_teal/Ningxia/245	
A/common_teal/Ningxia/253	
A/common_teal/Shaanxi/SXY	
A/Cygnus_atratus/Hubei/2Z	
A/Cygnus_atratus/Hubei/HF	
A/Cygnus_columbianus/Hube	
A/Cygnus_columbianus/Hube	
A/Cygnus_columbianus/Hube	
A/Cygnus_columbianus/Hube	
A/Cygnus_columbianus/Hube	
A/Cygnus_columbianus/Hube	
A/Cygnus_columbianus/Hube	
A/duck/Chiayi/15080023/20	
A/duck/Eastern_China/JY/2	
A/duck/Eastern_China/L040	
A/duck/Eastern_China/L042	
A/duck/Eastern_China/L061	
A/duck/Eastern_China/L072	
A/duck/Eastern_China/L102	
A/duck/Eastern_China/L112	
A/duck/Eastern_China/S021	
A/duck/Eastern_China/S110	
A/duck/Eastern_China/S121	
A/duck/Guangdong/KGZ15783	
A/duck/Guangdong/KGZ16015	
A/duck/Guangdong/S1269/20	
A/duck/Guangdong/s14044/2	
A/duck/Guangxi/S10099/202	
A/duck/Guangxi/S10263/202	
A/duck/Guangxi/S11043/202	
A/duck/Guangxi/S21194/202	
A/duck/Hebei/S1070/2021|E	
A/duck/Henan/S1381/2021|E	
A/duck/Hunan/11.30_YYGK74	
A/duck/Jiangxi/S10252/202	
A/duck/Shandong/11.14_DL-	
A/duck/Shandong/11.14_RD/	
A/duck/Shandong/Q1/2013|E	
A/duck/Tainan/15010403/20	
A/duck/Taiwan/a068/2015|E	
A/duck/Taiwan/A3400/2015|	
A/duck/Xinjiang/12.18_WLM	
A/duck/Yunlin/15010277/20	
A/duck/Yunlin/15010458-1/	
A/duck/Zhejiang/6D18/2013	
A/duck/Zhejiang/925019/20	
A/duck/Zhejiang/925169/20	
A/duck/Zhejiang/W24/2013|	
A/egret/Jiangsu/SD021/202	
A/eurasian_eagle-owl/Hena	
A/goose/Chiayi/15020022/2	
A/goose/China/1/2021|EPI_	
A/goose/Eastern_China/CZ/	
A/goose/Eastern_China/L12	
A/goose/Eastern_China/L12	
A/goose/Eastern_China/S04	
A/goose/Guangdong/s13124/	
A/goose/Guangxi/S20601/20	
A/goose/Henan/S1315/2021|	
A/goose/Hunan/S11288/2021	
A/goose/Jiangsu/QD5/2014|	
A/goose/Jiangsu/S1385/202	
A/goose/Liaoning/S1266/20	
A/goose/Pingtung/15050014	
A/goose/Pingtung/16010061	
A/goose/Shandong/05.23_AY	
A/goose/Shandong/05.23_DT	
A/goose/Shandong/06.14_HZ	
A/goose/Shandong/12.08_YG	
A/Goose/Shandong/21153-3/	
A/goose/Shandong/GD-GS/20	
A/goose/Shandong/LQ01694/	
A/goose/Tainan/16040018-1	
A/goose/Tainan/16070002/2	
A/goose/Taiwan/01019/2015	
A/goose/Taiwan/01039/2015	
A/goose/Taiwan/a015/2015|	
A/goose/Taiwan/TNC1/2015|	
A/goose/Taiwan/TNC3/2015|	
A/goose/Taiwan/TNC4/2015|	
A/goose/Taiwan/TNC9/2015|	
A/goose/Taiwan/TNC10/2015	
A/goose/Taiwan/TNC12/2015	
A/goose/Taiwan/TNC14/2015	
A/goose/Taiwan/TNO3/2015|	
A/goose/Taiwan/TNO9/2015|	
A/goose/Taiwan/TNO15/2015	
A/goose/Taiwan/TNO17/2015	
A/goose/Taoyuan/15010041/	
A/goose/Xinjiang/12.18_WL	
A/goose/Xinjiang/12.18_WL	
A/goose/Xinjiang/12.18_WL	
A/goose/Xinjiang/12.18_WL	
A/goose/Yangzhou/0420/201	
A/goose/Yunlin/15040040/2	
A/goose/Zhejiang/925037/2	
A/goose/Zhejiang/925104/2	
A/goose/Zhejiang/S1266/20	
A/Great_Black-headed_Gull	
A/Great_Cormorant/Qinghai	
A/Great_Cormorant/Qinghai	
A/Great_Cormorant/Qinghai	
A/Great_Crested_Grebe/Qin	
A/grebe/Ningxia/SD001/202	
A/grebe/Shaanxi/SD001/202	
A/grebe/Shandong/SC184/20	
A/green-winged_teal/Guang	
A/Herring_Gull/Hubei/CH-i	
A/mallard_duck/Shanghai/S	
A/mallard/Ningxia/175/202	
A/mallard/Ningxia/176/202	
A/mallard/Ningxia/239/202	
A/mallard/Ningxia/241/202	
A/mallard/Ningxia/247/202	
A/mallard/Ningxia/249/202	
A/mute_swan/Inner_Mongoli	
A/mute_swan/Shandong/1/20	
A/Peregrine_Falcon/Hong_K	
A/pheasant/Hebei/B02/2021	
A/swan/China/ST/2016|EPI_	
A/swan/Hebei/B01/2021|EPI	
A/swan/Shandong/W3762/202	
A/tundra_swan/Hubei/BQ3/2	
A/tundra_swan/Hubei/BQ4/2	
A/tundra_swan/Hubei/BQ6/2	
A/tundra_swan/Hubei/BQ7/2	
A/tundra_swan/Hubei/BQ8/2	
A/tundra_swan/Hubei/BQ9/2	
A/turkey/Chiayi/17020092-	
A/whiskered_tern/Hubei/BQ	
A/whooper_swan/Henan/SM1/	
A/whooper_swan/Henan/SM16	
A/whooper_swan/Henan/SM31	
A/whooper_swan/Henan/SM61	
A/whooper_swan/Henan/SM76	
A/whooper_swan/Henan/SM86	
A/whooper_swan/Henan/SM11	
A/whooper_swan/Henan/SMQ5	
A/whooper_swan/Henan/SMQ7	
A/whooper_swan/Henan/SMQ9	
A/whooper_swan/Henan/SMQ1	
A/whooper_swan/Inner_Mong	
A/Whooper_Swan/Sanmenxia/	
A/Whooper_swan/Sanmenxia/	
A/Whooper_swan/Sanmenxia/	
A/Whooper_swan/Sanmenxia/	
A/Whooper_swan/Sanmenxia/	
A/Whooper_swan/Sanmenxia/	
A/Whooper_swan/Sanmenxia/	
A/Whooper_swan/Sanmenxia/	
A/Whooper_swan/Sanmenxia/	
A/Whooper_swan/Sanmenxia/	
A/Whooper_swan/Sanmenxia/	
A/Whooper_swan/Sanmenxia/	
A/Whooper_swan/Sanmenxia/	
A/Whooper_swan/Sanmenxia/	
A/Whooper_swan/Sanmenxia/	
A/Whooper_swan/Sanmenxia/	
A/Whooper_swan/Sanmenxia/	
A/Whooper_swan/Sanmenxia/	
A/Whooper_swan/Sanmenxia/	
A/Whooper_swan/Sanmenxia/	
A/Whooper_swan/Sanmenxia/	
A/Whooper_swan/Sanmenxia/	
A/Whooper_swan/Sanmenxia/	
A/Whooper_swan/Sanmenxia/	
A/whooper_swan/Shaanxi/SX	
A/whooper_swan/Shaanxi/SX	
A/whooper_swan/Shaanxi/SX	
A/whooper_swan/Shandong/S	
A/whooper_swan/Shandong/S	
A/whooper_swan/Shandong/S	
A/whooper_swan/Shandong/S	
A/whooper_swan/Shandong/S	
A/whooper_swan/Shandong/S	
A/whooper_swan/Shandong/S	
A/whooper_swan/Shanxi/4-1	
A/whooper_swan/Shanxi/4-2	
A/whooper_swan/Shanxi/RC0	
A/whooper_swan/Shanxi/SX1	
A/whooper_swan/Shanxi/SX3	
A/whooper_swan/Shanxi/SX5	
A/whooper_swan/Shanxi/SX1	
A/whooper_swan/Shanxi/SX1	
A/whooper_swan/Shanxi/SX2	
A/whooper_swan/Shanxi/SX2	
A/whooper_swan/Shanxi/SX2	
A/whooper_swan/Shanxi/SX2	
A/whooper_swan/Shanxi/SX2	
A/whooper_swan/Shanxi/SX2	
A/whooper_swan/Shanxi/SX3	
A/wild_bird/Hubei/12.12_L	
A/wild_duck/Jiangsu/SD019	
A/wild_duck/Shandong/SC17	
A/wild_goose/Shandong/SC1	
A/Anser_cygnoides/Hubei/F	
A/Chlidonias_hybrida/Hube	
A/Cygnus_atratus/Hubei/2Z	
A/Cygnus_atratus/Hubei/HF	
A/Cygnus_columbianus/Hube	
A/Cygnus_columbianus/Hube	
A/Cygnus_columbianus/Hube	
A/Cygnus_columbianus/Hube	
A/Cygnus_columbianus/Hube	
A/Cygnus_columbianus/Hube	
A/Cygnus_columbianus/Hube	
A/Whooper_Swan/Sanmenxia/	
A/Wild_bird/Huadong/CIXI2	
A/chicken/Changhua/150400	
A/chicken/Changhua/150400	
A/chicken/Changhua/150400	
A/chicken/Changhua/150400	
A/chicken/Changhua/150500	
A/chicken/Changhua/150600	
A/chicken/Chiayi/15010454	
A/chicken/Kaohsiung/16010	
A/chicken/Kaohsiung/16020	
A/chicken/Kaohsiung/16040	
A/chicken/Kaohsiung/16070	
A/chicken/Kaohsiung/16120	
A/chicken/Kaohsiung/16MB0	
A/chicken/Kaohsiung/17030	
A/chicken/Miaoli/15010421	
A/chicken/Nantou/16110023	
A/chicken/New_Taipei_City	
A/chicken/New_Taipei_City	
A/chicken/New_Taipei_City	
A/chicken/New_Taipei_City	
A/chicken/New_Taipei_City	
A/chicken/New_Taipei_City	
A/chicken/Taichung/161100	
A/chicken/Tainan/15020214	
A/chicken/Tainan/17030058	
A/chicken/Taipei_City/170	
A/chicken/Taipei/16060022	
A/chicken/Taipei/16060023	
A/chicken/Taipei/16120021	
A/chicken/Taipei/17050005	
A/chicken/Taipei/17050008	
A/chicken/Taipei/17050009	
A/chicken/Yunlin/15050012	
A/chicken/Yunlin/16020038	
A/chicken/Yunlin/17010001	
A/duck/Chiayi/15080023/20	
A/duck/Eastern_China/JY/2	
A/duck/Eastern_China/L040	
A/duck/Eastern_China/L042	
A/duck/Eastern_China/L061	
A/duck/Eastern_China/L072	
A/duck/Eastern_China/L102	
A/duck/Eastern_China/L112	
A/duck/Eastern_China/S021	
A/duck/Eastern_China/S110	
A/duck/Eastern_China/S121	
A/duck/Guangdong/s14044/2	
A/duck/Hunan/11.30_YYGK74	
A/duck/Shandong/Q1/2013_H	
A/duck/Tainan/15010403/20	
A/duck/Taiwan/A3400/2015_	
A/duck/Xinjiang/12.18_WLM	
A/duck/Yunlin/15010277/20	
A/duck/Yunlin/15010458-1/	
A/duck/Zhejiang/6D18/2013	
A/duck/Zhejiang/925019/20	
A/duck/Zhejiang/925169/20	
A/duck/Zhejiang/W24/2013_	
A/eurasian_coot/Shandong/	
A/eurasian_coot/Shandong/	
A/eurasian_coot/Shandong/	
A/eurasian_coot/Shandong/	
A/goose/Chiayi/15020022/2	
A/goose/China/1/2021_H5N8	
A/goose/Eastern_China/CZ/	
A/goose/Eastern_China/L12	
A/goose/Eastern_China/L12	
A/goose/Eastern_China/S04	
A/goose/Guangdong/s13124/	
A/goose/Hebei/HG12/2021_H	
A/goose/Jiangsu/QD5/2014_	
A/goose/Pingtung/15050014	
A/goose/Pingtung/16010061	
A/goose/Tainan/16040018-1	
A/goose/Tainan/16070002/2	
A/goose/Taiwan/01019/2015	
A/goose/Taiwan/01039/2015	
A/goose/Taiwan/TNC1/2015_	
A/goose/Taiwan/TNC10/2015	
A/goose/Taiwan/TNC11/2015	
A/goose/Taiwan/TNC12/2015	
A/goose/Taiwan/TNC14/2015	
A/goose/Taiwan/TNC3/2015_	
A/goose/Taiwan/TNC7/2015_	
A/goose/Taiwan/TNC9/2015_	
A/goose/Taiwan/TNO15/2015	
A/goose/Taiwan/TNO3/2015_	
A/goose/Taiwan/TNO9/2015_	
A/goose/Taoyuan/15010041/	
A/goose/Xinjiang/12.18_WL	
A/goose/Xinjiang/12.18_WL	
A/goose/Xinjiang/12.18_WL	
A/goose/Xinjiang/12.18_WL	
A/goose/Yangzhou/0420/201	
A/goose/Yunlin/15040040/2	
A/goose/Zhejiang/925037/2	
A/goose/Zhejiang/925104/2	
A/mallard/Shanghai/SH-9/2	
A/swan/China/ST/2016_H5N8	
A/swan/Shandong/W3762/202	
A/turkey/Chiayi/17020092-	
A/whooper_swan/Shanxi/RC0	
A/wild_duck/Shandong/W358	
A/Anser_cygnoides/Hubei/F	
A/bar_headed_goose/Tibet/	
A/Bar-headed_Goose/Qingha	
A/Bar-headed_Goose/Qingha	
A/Bar-headed_Goose/Qingha	
A/Bar-headed_Goose/Qingha	
A/Bar-headed_Goose/Qingha	
A/Bar-headed_Goose/Qingha	
A/Bar-headed_Goose/Qingha	
A/Bar-headed_Goose/Qingha	
A/Bar-headed_Goose/Qingha	
A/Bar-headed_Goose/Qingha	
A/Bar-headed_Goose/Qingha	
A/Bar-headed_Goose/Qingha	
A/Bar-headed_Goose/Qingha	
A/Bar-headed_Goose/Qingha	
A/Bar-headed_Goose/Qingha	
A/Bar-headed_Goose/Qingha	
A/Bar-headed_Goose/Qingha	
A/Bar-headed_Goose/Qingha	
A/Bar-headed_Goose/Qingha	
A/Bar-headed_Goose/Qingha	
A/Bar-headed_Goose/Qingha	
A/Bar-headed_Goose/Qingha	
A/Bar-headed_Goose/Qingha	
A/Bar-headed_Goose/Qingha	
A/Bar-headed_Goose/Qingha	
A/Bar-headed_Goose/Qingha	
A/Bar-headed_Goose/Qingha	
A/Bar-headed_Goose/Qingha	
A/Bar-headed_Goose/Qingha	
A/Bar-headed_Goose/Qingha	
A/Bar-headed_Goose/Qingha	
A/Bar-headed_Goose/Qingha	
A/Bar-headed_Goose/Qingha	
A/Bar-headed_Goose/Qingha	
A/Bar-headed_Goose/Qingha	
A/Bar-headed_Goose/Qingha	
A/Bar-headed_Goose/Qingha	
A/Bar-headed_Goose/Qingha	
A/Bar-headed_Goose/Qingha	
A/Bar-headed_Goose/Qingha	
A/Bar-headed_Goose/Qingha	
A/Bar-headed_Goose/Qingha	
A/Bar-headed_Goose/Qingha	
A/Bar-headed_Goose/Qingha	
A/Bar-headed_Goose/Qingha	
A/Bar-headed_Goose/Qingha	
A/Bar-headed_Goose/Qingha	
A/Bar-headed_Goose/Qingha	
A/Bar-headed_Goose/Qingha	
A/Bar-headed_Goose/Qingha	
A/Bar-headed_Goose/Qingha	
A/Bar-headed_Goose/Qingha	
A/Bar-headed_Goose/Qingha	
A/Bar-headed_Goose/Qingha	
A/Bar-headed_Goose/Qingha	
A/Bar-headed_Goose/Qingha	
A/Bar-headed_Goose/Qingha	
A/Bar-headed_Goose/Qingha	
A/Bar-headed_Goose/Qingha	
A/Bar-headed_Goose/Qingha	
A/Bar-headed_Goose/Qingha	
A/Bar-headed_Goose/Qingha	
A/Bar-headed_Goose/Qingha	
A/Bar-headed_Goose/Qingha	
A/Bar-headed_Goose/Qingha	
A/Bar-headed_Goose/Qingha	
A/Bar-headed_Goose/Qingha	
A/Bar-headed_Goose/Qingha	
A/Bar-headed_Goose/Qingha	
A/Bar-headed_Goose/Qingha	
A/Bar-headed_Goose/Qingha	
A/Bar-headed_Goose/Qingha	
A/Bar-headed_Goose/Qingha	
A/Bar-headed_Goose/Qingha	
A/Bar-headed_Goose/Qingha	
A/Bar-headed_Goose/Qingha	
A/Bar-headed_Goose/Qingha	
A/Bar-headed_Goose/Qingha	
A/Bar-headed_Goose/Qingha	
A/Bar-headed_Goose/Qingha	
A/Bar-headed_Goose/Qingha	
A/Bar-headed_Goose/Tibet/	
A/Bar-headed_Goose/Tibet/	
A/Bar-headed_Goose/Tibet/	
A/Bar-headed_Goose/Tibet/	
A/Bar-headed_Goose/Tibet/	
A/Bar-headed_Goose/Tibet/	
A/Bar-headed_Goose/Tibet/	
A/Bar-headed_Goose/Tibet/	
A/Bar-headed_Goose/Tibet/	
A/Bar-headed_Goose/Tibet/	
A/Bar-headed_Goose/Tibet/	
A/Bar-headed_Goose/Tibet/	
A/bean_goose/Hubei/BQ11/2	
A/Bean_Goose/Hubei/chenhu	
A/Bean_goose/Hubei/CH-i11	
A/Bean_goose/Hubei/CH-i12	
A/Bean_goose/Hubei/CH-i32	
A/black_swan/Beijing/1/20	
A/black-backed_gull/Shand	
A/Brown-headed_Gull/Qingh	
A/Brown-headed_Gull/Qingh	
A/Brown-headed_Gull/Qingh	
A/Brown-headed_Gull/Qingh	
A/Brown-headed_Gull/Qingh	
A/Brown-headed_Gull/Qingh	
A/Brown-headed_Gull/Qingh	
A/Brown-headed_Gull/Qingh	
A/Brown-headed_Gull/Qingh	
A/brown-headed_gull/Tibet	
A/Brown-headed_Gull/Tibet	
A/Brown-headed_Gull/Tibet	
A/Brown-headed_Gull/Tibet	
A/chicken/Changhua/150400	
A/chicken/Changhua/150400	
A/chicken/Changhua/150400	
A/chicken/Changhua/150400	
A/chicken/Changhua/150500	
A/chicken/Changhua/150600	
A/chicken/Chiayi/15010454	
A/chicken/Kaohsiung/16MB0	
A/chicken/Kaohsiung/16010	
A/chicken/Kaohsiung/16020	
A/chicken/Kaohsiung/16040	
A/chicken/Kaohsiung/16070	
A/chicken/Kaohsiung/16120	
A/chicken/Kaohsiung/17030	
A/chicken/Miaoli/15010421	
A/chicken/Nantou/16110023	
A/chicken/New_Taipei_City	
A/chicken/New_Taipei_City	
A/chicken/New_Taipei_City	
A/chicken/New_Taipei_City	
A/chicken/New_Taipei_City	
A/chicken/New_Taipei_City	
A/chicken/Shandong/KD0269	
A/chicken/Taichung/161100	
A/chicken/Tainan/15020214	
A/chicken/Tainan/17030058	
A/chicken/Taipei_City/170	
A/chicken/Taipei/16060022	
A/chicken/Taipei/16060023	
A/chicken/Taipei/16120021	
A/chicken/Taipei/17050005	
A/chicken/Taipei/17050008	
A/chicken/Taipei/17050009	
A/chicken/Taiwan/x37/2016	
A/chicken/Yunlin/15050012	
A/chicken/Yunlin/16020038	
A/chicken/Yunlin/17010001	
A/Chlidonias_hybrida/Hube	
A/common_coot/Shandong/SC	
A/common_crane/Yunnan-Hui	
A/common_pochard/Ningxia/	
A/common_teal/Ningxia/105	
A/common_teal/Ningxia/181	
A/common_teal/Ningxia/189	
A/common_teal/Ningxia/237	
A/common_teal/Ningxia/245	
A/common_teal/Ningxia/253	
A/common_teal/Shaanxi/SXY	
A/Cygnus_atratus/Hubei/2Z	
A/Cygnus_atratus/Hubei/HF	
A/Cygnus_columbianus/Hube	
A/Cygnus_columbianus/Hube	
A/Cygnus_columbianus/Hube	
A/Cygnus_columbianus/Hube	
A/Cygnus_columbianus/Hube	
A/Cygnus_columbianus/Hube	
A/Cygnus_columbianus/Hube	
A/duck/Chiayi/15080023/20	
A/duck/Eastern_China/JY/2	
A/duck/Eastern_China/L040	
A/duck/Eastern_China/L042	
A/duck/Eastern_China/L061	
A/duck/Eastern_China/L072	
A/duck/Eastern_China/L102	
A/duck/Eastern_China/L112	
A/duck/Eastern_China/S021	
A/duck/Eastern_China/S110	
A/duck/Eastern_China/S121	
A/duck/Guangdong/KGZ15783	
A/duck/Guangdong/KGZ16015	
A/duck/Guangdong/S1269/20	
A/duck/Guangdong/s14044/2	
A/duck/Guangxi/S10099/202	
A/duck/Guangxi/S10263/202	
A/duck/Guangxi/S11043/202	
A/duck/Guangxi/S21194/202	
A/duck/Hebei/S1070/2021|E	
A/duck/Henan/S1381/2021|E	
A/duck/Hunan/11.30_YYGK74	
A/duck/Jiangxi/S10252/202	
A/duck/Shandong/11.14_DL-	
A/duck/Shandong/11.14_RD/	
A/duck/Shandong/Q1/2013|E	
A/duck/Tainan/15010403/20	
A/duck/Taiwan/a068/2015|E	
A/duck/Taiwan/A3400/2015|	
A/duck/Xinjiang/12.18_WLM	
A/duck/Yunlin/15010277/20	
A/duck/Yunlin/15010458-1/	
A/duck/Zhejiang/6D18/2013	
A/duck/Zhejiang/925019/20	
A/duck/Zhejiang/925169/20	
A/duck/Zhejiang/W24/2013|	
A/egret/Jiangsu/SD021/202	
A/eurasian_eagle-owl/Hena	
A/goose/Chiayi/15020022/2	
A/goose/China/1/2021|EPI_	
A/goose/Eastern_China/CZ/	
A/goose/Eastern_China/L12	
A/goose/Eastern_China/L12	
A/goose/Eastern_China/S04	
A/goose/Guangdong/s13124/	
A/goose/Guangxi/S20601/20	
A/goose/Henan/S1315/2021|	
A/goose/Hunan/S11288/2021	
A/goose/Jiangsu/QD5/2014|	
A/goose/Jiangsu/S1385/202	
A/goose/Liaoning/S1266/20	
A/goose/Pingtung/15050014	
A/goose/Pingtung/16010061	
A/goose/Shandong/05.23_AY	
A/goose/Shandong/05.23_DT	
A/goose/Shandong/06.14_HZ	
A/goose/Shandong/12.08_YG	
A/Goose/Shandong/21153-3/	
A/goose/Shandong/GD-GS/20	
A/goose/Shandong/LQ01694/	
A/goose/Tainan/16040018-1	
A/goose/Tainan/16070002/2	
A/goose/Taiwan/01019/2015	
A/goose/Taiwan/01039/2015	
A/goose/Taiwan/a015/2015|	
A/goose/Taiwan/TNC1/2015|	
A/goose/Taiwan/TNC3/2015|	
A/goose/Taiwan/TNC4/2015|	
A/goose/Taiwan/TNC9/2015|	
A/goose/Taiwan/TNC10/2015	
A/goose/Taiwan/TNC12/2015	
A/goose/Taiwan/TNC14/2015	
A/goose/Taiwan/TNO3/2015|	
A/goose/Taiwan/TNO9/2015|	
A/goose/Taiwan/TNO15/2015	
A/goose/Taiwan/TNO17/2015	
A/goose/Taoyuan/15010041/	
A/goose/Xinjiang/12.18_WL	
A/goose/Xinjiang/12.18_WL	
A/goose/Xinjiang/12.18_WL	
A/goose/Xinjiang/12.18_WL	
A/goose/Yangzhou/0420/201	
A/goose/Yunlin/15040040/2	
A/goose/Zhejiang/925037/2	
A/goose/Zhejiang/925104/2	
A/goose/Zhejiang/S1266/20	
A/Great_Black-headed_Gull	
A/Great_Cormorant/Qinghai	
A/Great_Cormorant/Qinghai	
A/Great_Cormorant/Qinghai	
A/Great_Crested_Grebe/Qin	
A/grebe/Ningxia/SD001/202	
A/grebe/Shaanxi/SD001/202	
A/grebe/Shandong/SC184/20	
A/green-winged_teal/Guang	
A/Herring_Gull/Hubei/CH-i	
A/mallard_duck/Shanghai/S	
A/mallard/Ningxia/175/202	
A/mallard/Ningxia/176/202	
A/mallard/Ningxia/239/202	
A/mallard/Ningxia/241/202	
A/mallard/Ningxia/247/202	
A/mallard/Ningxia/249/202	
A/mute_swan/Inner_Mongoli	
A/mute_swan/Shandong/1/20	
A/Peregrine_Falcon/Hong_K	
A/pheasant/Hebei/B02/2021	
A/swan/China/ST/2016|EPI_	
A/swan/Hebei/B01/2021|EPI	
A/swan/Shandong/W3762/202	
A/tundra_swan/Hubei/BQ3/2	
A/tundra_swan/Hubei/BQ4/2	
A/tundra_swan/Hubei/BQ6/2	
A/tundra_swan/Hubei/BQ7/2	
A/tundra_swan/Hubei/BQ8/2	
A/tundra_swan/Hubei/BQ9/2	
A/turkey/Chiayi/17020092-	
A/whiskered_tern/Hubei/BQ	
A/whooper_swan/Henan/SM1/	
A/whooper_swan/Henan/SM16	
A/whooper_swan/Henan/SM31	
A/whooper_swan/Henan/SM61	
A/whooper_swan/Henan/SM76	
A/whooper_swan/Henan/SM86	
A/whooper_swan/Henan/SM11	
A/whooper_swan/Henan/SMQ5	
A/whooper_swan/Henan/SMQ7	
A/whooper_swan/Henan/SMQ9	
A/whooper_swan/Henan/SMQ1	
A/whooper_swan/Inner_Mong	
A/Whooper_Swan/Sanmenxia/	
A/Whooper_swan/Sanmenxia/	
A/Whooper_swan/Sanmenxia/	
A/Whooper_swan/Sanmenxia/	
A/Whooper_swan/Sanmenxia/	
A/Whooper_swan/Sanmenxia/	
A/Whooper_swan/Sanmenxia/	
A/Whooper_swan/Sanmenxia/	
A/Whooper_swan/Sanmenxia/	
A/Whooper_swan/Sanmenxia/	
A/Whooper_swan/Sanmenxia/	
A/Whooper_swan/Sanmenxia/	
A/Whooper_swan/Sanmenxia/	
A/Whooper_swan/Sanmenxia/	
A/Whooper_swan/Sanmenxia/	
A/Whooper_swan/Sanmenxia/	
A/Whooper_swan/Sanmenxia/	
A/Whooper_swan/Sanmenxia/	
A/Whooper_swan/Sanmenxia/	
A/Whooper_swan/Sanmenxia/	
A/Whooper_swan/Sanmenxia/	
A/Whooper_swan/Sanmenxia/	
A/Whooper_swan/Sanmenxia/	
A/Whooper_swan/Sanmenxia/	
A/whooper_swan/Shaanxi/SX	
A/whooper_swan/Shaanxi/SX	
A/whooper_swan/Shaanxi/SX	
A/whooper_swan/Shandong/S	
A/whooper_swan/Shandong/S	
A/whooper_swan/Shandong/S	
A/whooper_swan/Shandong/S	
A/whooper_swan/Shandong/S	
A/whooper_swan/Shandong/S	
A/whooper_swan/Shandong/S	
A/whooper_swan/Shanxi/4-1	
A/whooper_swan/Shanxi/4-2	
A/whooper_swan/Shanxi/RC0	
A/whooper_swan/Shanxi/SX1	
A/whooper_swan/Shanxi/SX3	
A/whooper_swan/Shanxi/SX5	
A/whooper_swan/Shanxi/SX1	
A/whooper_swan/Shanxi/SX1	
A/whooper_swan/Shanxi/SX2	
A/whooper_swan/Shanxi/SX2	
A/whooper_swan/Shanxi/SX2	
A/whooper_swan/Shanxi/SX2	
A/whooper_swan/Shanxi/SX2	
A/whooper_swan/Shanxi/SX2	
A/whooper_swan/Shanxi/SX3	
A/wild_bird/Hubei/12.12_L	
A/wild_duck/Jiangsu/SD019	
A/wild_duck/Shandong/SC17	
A/wild_goose/Shandong/SC1	
A/Anser_cygnoides/Hubei/F	
A/Chlidonias_hybrida/Hube	
A/Cygnus_atratus/Hubei/2Z	
A/Cygnus_atratus/Hubei/HF	
A/Cygnus_columbianus/Hube	
A/Cygnus_columbianus/Hube	
A/Cygnus_columbianus/Hube	
A/Cygnus_columbianus/Hube	
A/Cygnus_columbianus/Hube	
A/Cygnus_columbianus/Hube	
A/Cygnus_columbianus/Hube	
A/Whooper_Swan/Sanmenxia/	
A/Wild_bird/Huadong/CIXI2	
A/chicken/Changhua/150400	
A/chicken/Changhua/150400	
A/chicken/Changhua/150400	
A/chicken/Changhua/150400	
A/chicken/Changhua/150500	
A/chicken/Changhua/150600	
A/chicken/Chiayi/15010454	
A/chicken/Kaohsiung/16010	
A/chicken/Kaohsiung/16020	
A/chicken/Kaohsiung/16040	
A/chicken/Kaohsiung/16070	
A/chicken/Kaohsiung/16120	
A/chicken/Kaohsiung/16MB0	
A/chicken/Kaohsiung/17030	
A/chicken/Miaoli/15010421	
A/chicken/Nantou/16110023	
A/chicken/New_Taipei_City	
A/chicken/New_Taipei_City	
A/chicken/New_Taipei_City	
A/chicken/New_Taipei_City	
A/chicken/New_Taipei_City	
A/chicken/New_Taipei_City	
A/chicken/Taichung/161100	
A/chicken/Tainan/15020214	
A/chicken/Tainan/17030058	
A/chicken/Taipei_City/170	
A/chicken/Taipei/16060022	
A/chicken/Taipei/16060023	
A/chicken/Taipei/16120021	
A/chicken/Taipei/17050005	
A/chicken/Taipei/17050008	
A/chicken/Taipei/17050009	
A/chicken/Yunlin/15050012	
A/chicken/Yunlin/16020038	
A/chicken/Yunlin/17010001	
A/duck/Chiayi/15080023/20	
A/duck/Eastern_China/JY/2	
A/duck/Eastern_China/L040	
A/duck/Eastern_China/L042	
A/duck/Eastern_China/L061	
A/duck/Eastern_China/L072	
A/duck/Eastern_China/L102	
A/duck/Eastern_China/L112	
A/duck/Eastern_China/S021	
A/duck/Eastern_China/S110	
A/duck/Eastern_China/S121	
A/duck/Guangdong/s14044/2	
A/duck/Hunan/11.30_YYGK74	
A/duck/Shandong/Q1/2013_H	
A/duck/Tainan/15010403/20	
A/duck/Taiwan/A3400/2015_	
A/duck/Xinjiang/12.18_WLM	
A/duck/Yunlin/15010277/20	
A/duck/Yunlin/15010458-1/	
A/duck/Zhejiang/6D18/2013	
A/duck/Zhejiang/925019/20	
A/duck/Zhejiang/925169/20	
A/duck/Zhejiang/W24/2013_	
A/eurasian_coot/Shandong/	
A/eurasian_coot/Shandong/	
A/eurasian_coot/Shandong/	
A/eurasian_coot/Shandong/	
A/goose/Chiayi/15020022/2	
A/goose/China/1/2021_H5N8	
A/goose/Eastern_China/CZ/	
A/goose/Eastern_China/L12	
A/goose/Eastern_China/L12	
A/goose/Eastern_China/S04	
A/goose/Guangdong/s13124/	
A/goose/Hebei/HG12/2021_H	
A/goose/Jiangsu/QD5/2014_	
A/goose/Pingtung/15050014	
A/goose/Pingtung/16010061	
A/goose/Tainan/16040018-1	
A/goose/Tainan/16070002/2	
A/goose/Taiwan/01019/2015	
A/goose/Taiwan/01039/2015	
A/goose/Taiwan/TNC1/2015_	
A/goose/Taiwan/TNC10/2015	
A/goose/Taiwan/TNC11/2015	
A/goose/Taiwan/TNC12/2015	
A/goose/Taiwan/TNC14/2015	
A/goose/Taiwan/TNC3/2015_	
A/goose/Taiwan/TNC7/2015_	
A/goose/Taiwan/TNC9/2015_	
A/goose/Taiwan/TNO15/2015	
A/goose/Taiwan/TNO3/2015_	
A/goose/Taiwan/TNO9/2015_	
A/goose/Taoyuan/15010041/	
A/goose/Xinjiang/12.18_WL	
A/goose/Xinjiang/12.18_WL	
A/goose/Xinjiang/12.18_WL	
A/goose/Xinjiang/12.18_WL	
A/goose/Yangzhou/0420/201	
A/goose/Yunlin/15040040/2	
A/goose/Zhejiang/925037/2	
A/goose/Zhejiang/925104/2	
A/mallard/Shanghai/SH-9/2	
A/swan/China/ST/2016_H5N8	
A/swan/Shandong/W3762/202	
A/turkey/Chiayi/17020092-	
A/whooper_swan/Shanxi/RC0	
A/wild_duck/Shandong/W358	
A/Anser_cygnoides/Hubei/F	
A/bar_headed_goose/Tibet/	
A/Bar-headed_Goose/Qingha	
A/Bar-headed_Goose/Qingha	
A/Bar-headed_Goose/Qingha	
A/Bar-headed_Goose/Qingha	
A/Bar-headed_Goose/Qingha	
A/Bar-headed_Goose/Qingha	
A/Bar-headed_Goose/Qingha	
A/Bar-headed_Goose/Qingha	
A/Bar-headed_Goose/Qingha	
A/Bar-headed_Goose/Qingha	
A/Bar-headed_Goose/Qingha	
A/Bar-headed_Goose/Qingha	
A/Bar-headed_Goose/Qingha	
A/Bar-headed_Goose/Qingha	
A/Bar-headed_Goose/Qingha	
A/Bar-headed_Goose/Qingha	
A/Bar-headed_Goose/Qingha	
A/Bar-headed_Goose/Qingha	
A/Bar-headed_Goose/Qingha	
A/Bar-headed_Goose/Qingha	
A/Bar-headed_Goose/Qingha	
A/Bar-headed_Goose/Qingha	
A/Bar-headed_Goose/Qingha	
A/Bar-headed_Goose/Qingha	
A/Bar-headed_Goose/Qingha	
A/Bar-headed_Goose/Qingha	
A/Bar-headed_Goose/Qingha	
A/Bar-headed_Goose/Qingha	
A/Bar-headed_Goose/Qingha	
A/Bar-headed_Goose/Qingha	
A/Bar-headed_Goose/Qingha	
A/Bar-headed_Goose/Qingha	
A/Bar-headed_Goose/Qingha	
A/Bar-headed_Goose/Qingha	
A/Bar-headed_Goose/Qingha	
A/Bar-headed_Goose/Qingha	
A/Bar-headed_Goose/Qingha	
A/Bar-headed_Goose/Qingha	
A/Bar-headed_Goose/Qingha	
A/Bar-headed_Goose/Qingha	
A/Bar-headed_Goose/Qingha	
A/Bar-headed_Goose/Qingha	
A/Bar-headed_Goose/Qingha	
A/Bar-headed_Goose/Qingha	
A/Bar-headed_Goose/Qingha	
A/Bar-headed_Goose/Qingha	
A/Bar-headed_Goose/Qingha	
A/Bar-headed_Goose/Qingha	
A/Bar-headed_Goose/Qingha	
A/Bar-headed_Goose/Qingha	
A/Bar-headed_Goose/Qingha	
A/Bar-headed_Goose/Qingha	
A/Bar-headed_Goose/Qingha	
A/Bar-headed_Goose/Qingha	
A/Bar-headed_Goose/Qingha	
A/Bar-headed_Goose/Qingha	
A/Bar-headed_Goose/Qingha	
A/Bar-headed_Goose/Qingha	
A/Bar-headed_Goose/Qingha	
A/Bar-headed_Goose/Qingha	
A/Bar-headed_Goose/Qingha	
A/Bar-headed_Goose/Qingha	
A/Bar-headed_Goose/Qingha	
A/Bar-headed_Goose/Qingha	
A/Bar-headed_Goose/Qingha	
A/Bar-headed_Goose/Qingha	
A/Bar-headed_Goose/Qingha	
A/Bar-headed_Goose/Qingha	
A/Bar-headed_Goose/Qingha	
A/Bar-headed_Goose/Qingha	
A/Bar-headed_Goose/Qingha	
A/Bar-headed_Goose/Qingha	
A/Bar-headed_Goose/Qingha	
A/Bar-headed_Goose/Qingha	
A/Bar-headed_Goose/Qingha	
A/Bar-headed_Goose/Qingha	
A/Bar-headed_Goose/Qingha	
A/Bar-headed_Goose/Qingha	
A/Bar-headed_Goose/Qingha	
A/Bar-headed_Goose/Qingha	
A/Bar-headed_Goose/Qingha	
A/Bar-headed_Goose/Tibet/	
A/Bar-headed_Goose/Tibet/	
A/Bar-headed_Goose/Tibet/	
A/Bar-headed_Goose/Tibet/	
A/Bar-headed_Goose/Tibet/	
A/Bar-headed_Goose/Tibet/	
A/Bar-headed_Goose/Tibet/	
A/Bar-headed_Goose/Tibet/	
A/Bar-headed_Goose/Tibet/	
A/Bar-headed_Goose/Tibet/	
A/Bar-headed_Goose/Tibet/	
A/Bar-headed_Goose/Tibet/	
A/bean_goose/Hubei/BQ11/2	
A/Bean_Goose/Hubei/chenhu	
A/Bean_goose/Hubei/CH-i11	
A/Bean_goose/Hubei/CH-i12	
A/Bean_goose/Hubei/CH-i32	
A/black_swan/Beijing/1/20	
A/black-backed_gull/Shand	
A/Brown-headed_Gull/Qingh	
A/Brown-headed_Gull/Qingh	
A/Brown-headed_Gull/Qingh	
A/Brown-headed_Gull/Qingh	
A/Brown-headed_Gull/Qingh	
A/Brown-headed_Gull/Qingh	
A/Brown-headed_Gull/Qingh	
A/Brown-headed_Gull/Qingh	
A/Brown-headed_Gull/Qingh	
A/brown-headed_gull/Tibet	
A/Brown-headed_Gull/Tibet	
A/Brown-headed_Gull/Tibet	
A/Brown-headed_Gull/Tibet	
A/chicken/Changhua/150400	
A/chicken/Changhua/150400	
A/chicken/Changhua/150400	
A/chicken/Changhua/150400	
A/chicken/Changhua/150500	
A/chicken/Changhua/150600	
A/chicken/Chiayi/15010454	
A/chicken/Kaohsiung/16MB0	
A/chicken/Kaohsiung/16010	
A/chicken/Kaohsiung/16020	
A/chicken/Kaohsiung/16040	
A/chicken/Kaohsiung/16070	
A/chicken/Kaohsiung/16120	
A/chicken/Kaohsiung/17030	
A/chicken/Miaoli/15010421	
A/chicken/Nantou/16110023	
A/chicken/New_Taipei_City	
A/chicken/New_Taipei_City	
A/chicken/New_Taipei_City	
A/chicken/New_Taipei_City	
A/chicken/New_Taipei_City	
A/chicken/New_Taipei_City	
A/chicken/Shandong/KD0269	
A/chicken/Taichung/161100	
A/chicken/Tainan/15020214	
A/chicken/Tainan/17030058	
A/chicken/Taipei_City/170	
A/chicken/Taipei/16060022	
A/chicken/Taipei/16060023	
A/chicken/Taipei/16120021	
A/chicken/Taipei/17050005	
A/chicken/Taipei/17050008	
A/chicken/Taipei/17050009	
A/chicken/Taiwan/x37/2016	
A/chicken/Yunlin/15050012	
A/chicken/Yunlin/16020038	
A/chicken/Yunlin/17010001	
A/Chlidonias_hybrida/Hube	
A/common_coot/Shandong/SC	
A/common_crane/Yunnan-Hui	
A/common_pochard/Ningxia/	
A/common_teal/Ningxia/105	
A/common_teal/Ningxia/181	
A/common_teal/Ningxia/189	
A/common_teal/Ningxia/237	
A/common_teal/Ningxia/245	
A/common_teal/Ningxia/253	
A/common_teal/Shaanxi/SXY	
A/Cygnus_atratus/Hubei/2Z	
A/Cygnus_atratus/Hubei/HF	
A/Cygnus_columbianus/Hube	
A/Cygnus_columbianus/Hube	
A/Cygnus_columbianus/Hube	
A/Cygnus_columbianus/Hube	
A/Cygnus_columbianus/Hube	
A/Cygnus_columbianus/Hube	
A/Cygnus_columbianus/Hube	
A/duck/Chiayi/15080023/20	
A/duck/Eastern_China/JY/2	
A/duck/Eastern_China/L040	
A/duck/Eastern_China/L042	
A/duck/Eastern_China/L061	
A/duck/Eastern_China/L072	
A/duck/Eastern_China/L102	
A/duck/Eastern_China/L112	
A/duck/Eastern_China/S021	
A/duck/Eastern_China/S110	
A/duck/Eastern_China/S121	
A/duck/Guangdong/KGZ15783	
A/duck/Guangdong/KGZ16015	
A/duck/Guangdong/S1269/20	
A/duck/Guangdong/s14044/2	
A/duck/Guangxi/S10099/202	
A/duck/Guangxi/S10263/202	
A/duck/Guangxi/S11043/202	
A/duck/Guangxi/S21194/202	
A/duck/Hebei/S1070/2021|E	
A/duck/Henan/S1381/2021|E	
A/duck/Hunan/11.30_YYGK74	
A/duck/Jiangxi/S10252/202	
A/duck/Shandong/11.14_DL-	
A/duck/Shandong/11.14_RD/	
A/duck/Shandong/Q1/2013|E	
A/duck/Tainan/15010403/20	
A/duck/Taiwan/a068/2015|E	
A/duck/Taiwan/A3400/2015|	
A/duck/Xinjiang/12.18_WLM	
A/duck/Yunlin/15010277/20	
A/duck/Yunlin/15010458-1/	
A/duck/Zhejiang/6D18/2013	
A/duck/Zhejiang/925019/20	
A/duck/Zhejiang/925169/20	
A/duck/Zhejiang/W24/2013|	
A/egret/Jiangsu/SD021/202	
A/eurasian_eagle-owl/Hena	
A/goose/Chiayi/15020022/2	
A/goose/China/1/2021|EPI_	
A/goose/Eastern_China/CZ/	
A/goose/Eastern_China/L12	
A/goose/Eastern_China/L12	
A/goose/Eastern_China/S04	
A/goose/Guangdong/s13124/	
A/goose/Guangxi/S20601/20	
A/goose/Henan/S1315/2021|	
A/goose/Hunan/S11288/2021	
A/goose/Jiangsu/QD5/2014|	
A/goose/Jiangsu/S1385/202	
A/goose/Liaoning/S1266/20	
A/goose/Pingtung/15050014	
A/goose/Pingtung/16010061	
A/goose/Shandong/05.23_AY	
A/goose/Shandong/05.23_DT	
A/goose/Shandong/06.14_HZ	
A/goose/Shandong/12.08_YG	
A/Goose/Shandong/21153-3/	
A/goose/Shandong/GD-GS/20	
A/goose/Shandong/LQ01694/	
A/goose/Tainan/16040018-1	
A/goose/Tainan/16070002/2	
A/goose/Taiwan/01019/2015	
A/goose/Taiwan/01039/2015	
A/goose/Taiwan/a015/2015|	
A/goose/Taiwan/TNC1/2015|	
A/goose/Taiwan/TNC3/2015|	
A/goose/Taiwan/TNC4/2015|	
A/goose/Taiwan/TNC9/2015|	
A/goose/Taiwan/TNC10/2015	
A/goose/Taiwan/TNC12/2015	
A/goose/Taiwan/TNC14/2015	
A/goose/Taiwan/TNO3/2015|	
A/goose/Taiwan/TNO9/2015|	
A/goose/Taiwan/TNO15/2015	
A/goose/Taiwan/TNO17/2015	
A/goose/Taoyuan/15010041/	
A/goose/Xinjiang/12.18_WL	
A/goose/Xinjiang/12.18_WL	
A/goose/Xinjiang/12.18_WL	
A/goose/Xinjiang/12.18_WL	
A/goose/Yangzhou/0420/201	
A/goose/Yunlin/15040040/2	
A/goose/Zhejiang/925037/2	
A/goose/Zhejiang/925104/2	
A/goose/Zhejiang/S1266/20	
A/Great_Black-headed_Gull	
A/Great_Cormorant/Qinghai	
A/Great_Cormorant/Qinghai	
A/Great_Cormorant/Qinghai	
A/Great_Crested_Grebe/Qin	
A/grebe/Ningxia/SD001/202	
A/grebe/Shaanxi/SD001/202	
A/grebe/Shandong/SC184/20	
A/green-winged_teal/Guang	
A/Herring_Gull/Hubei/CH-i	
A/mallard_duck/Shanghai/S	
A/mallard/Ningxia/175/202	
A/mallard/Ningxia/176/202	
A/mallard/Ningxia/239/202	
A/mallard/Ningxia/241/202	
A/mallard/Ningxia/247/202	
A/mallard/Ningxia/249/202	
A/mute_swan/Inner_Mongoli	
A/mute_swan/Shandong/1/20	
A/Peregrine_Falcon/Hong_K	
A/pheasant/Hebei/B02/2021	
A/swan/China/ST/2016|EPI_	
A/swan/Hebei/B01/2021|EPI	
A/swan/Shandong/W3762/202	
A/tundra_swan/Hubei/BQ3/2	
A/tundra_swan/Hubei/BQ4/2	
A/tundra_swan/Hubei/BQ6/2	
A/tundra_swan/Hubei/BQ7/2	
A/tundra_swan/Hubei/BQ8/2	
A/tundra_swan/Hubei/BQ9/2	
A/turkey/Chiayi/17020092-	
A/whiskered_tern/Hubei/BQ	
A/whooper_swan/Henan/SM1/	
A/whooper_swan/Henan/SM16	
A/whooper_swan/Henan/SM31	
A/whooper_swan/Henan/SM61	
A/whooper_swan/Henan/SM76	
A/whooper_swan/Henan/SM86	
A/whooper_swan/Henan/SM11	
A/whooper_swan/Henan/SMQ5	
A/whooper_swan/Henan/SMQ7	
A/whooper_swan/Henan/SMQ9	
A/whooper_swan/Henan/SMQ1	
A/whooper_swan/Inner_Mong	
A/Whooper_Swan/Sanmenxia/	
A/Whooper_swan/Sanmenxia/	
A/Whooper_swan/Sanmenxia/	
A/Whooper_swan/Sanmenxia/	
A/Whooper_swan/Sanmenxia/	
A/Whooper_swan/Sanmenxia/	
A/Whooper_swan/Sanmenxia/	
A/Whooper_swan/Sanmenxia/	
A/Whooper_swan/Sanmenxia/	
A/Whooper_swan/Sanmenxia/	
A/Whooper_swan/Sanmenxia/	
A/Whooper_swan/Sanmenxia/	
A/Whooper_swan/Sanmenxia/	
A/Whooper_swan/Sanmenxia/	
A/Whooper_swan/Sanmenxia/	
A/Whooper_swan/Sanmenxia/	
A/Whooper_swan/Sanmenxia/	
A/Whooper_swan/Sanmenxia/	
A/Whooper_swan/Sanmenxia/	
A/Whooper_swan/Sanmenxia/	
A/Whooper_swan/Sanmenxia/	
A/Whooper_swan/Sanmenxia/	
A/Whooper_swan/Sanmenxia/	
A/Whooper_swan/Sanmenxia/	
A/whooper_swan/Shaanxi/SX	
A/whooper_swan/Shaanxi/SX	
A/whooper_swan/Shaanxi/SX	
A/whooper_swan/Shandong/S	
A/whooper_swan/Shandong/S	
A/whooper_swan/Shandong/S	
A/whooper_swan/Shandong/S	
A/whooper_swan/Shandong/S	
A/whooper_swan/Shandong/S	
A/whooper_swan/Shandong/S	
A/whooper_swan/Shanxi/4-1	
A/whooper_swan/Shanxi/4-2	
A/whooper_swan/Shanxi/RC0	
A/whooper_swan/Shanxi/SX1	
A/whooper_swan/Shanxi/SX3	
A/whooper_swan/Shanxi/SX5	
A/whooper_swan/Shanxi/SX1	
A/whooper_swan/Shanxi/SX1	
A/whooper_swan/Shanxi/SX2	
A/whooper_swan/Shanxi/SX2	
A/whooper_swan/Shanxi/SX2	
A/whooper_swan/Shanxi/SX2	
A/whooper_swan/Shanxi/SX2	
A/whooper_swan/Shanxi/SX2	
A/whooper_swan/Shanxi/SX3	
A/wild_bird/Hubei/12.12_L	
A/wild_duck/Jiangsu/SD019	
A/wild_duck/Shandong/SC17	
A/wild_goose/Shandong/SC1	
A/Anser_cygnoides/Hubei/F	
A/Chlidonias_hybrida/Hube	
A/Cygnus_atratus/Hubei/2Z	
A/Cygnus_atratus/Hubei/HF	
A/Cygnus_columbianus/Hube	
A/Cygnus_columbianus/Hube	
A/Cygnus_columbianus/Hube	
A/Cygnus_columbianus/Hube	
A/Cygnus_columbianus/Hube	
A/Cygnus_columbianus/Hube	
A/Cygnus_columbianus/Hube	
A/Whooper_Swan/Sanmenxia/	
A/Wild_bird/Huadong/CIXI2	
A/chicken/Changhua/150400	
A/chicken/Changhua/150400	
A/chicken/Changhua/150400	
A/chicken/Changhua/150400	
A/chicken/Changhua/150500	
A/chicken/Changhua/150600	
A/chicken/Chiayi/15010454	
A/chicken/Kaohsiung/16010	
A/chicken/Kaohsiung/16020	
A/chicken/Kaohsiung/16040	
A/chicken/Kaohsiung/16070	
A/chicken/Kaohsiung/16120	
A/chicken/Kaohsiung/16MB0	
A/chicken/Kaohsiung/17030	
A/chicken/Miaoli/15010421	
A/chicken/Nantou/16110023	
A/chicken/New_Taipei_City	
A/chicken/New_Taipei_City	
A/chicken/New_Taipei_City	
A/chicken/New_Taipei_City	
A/chicken/New_Taipei_City	
A/chicken/New_Taipei_City	
A/chicken/Taichung/161100	
A/chicken/Tainan/15020214	
A/chicken/Tainan/17030058	
A/chicken/Taipei_City/170	
A/chicken/Taipei/16060022	
A/chicken/Taipei/16060023	
A/chicken/Taipei/16120021	
A/chicken/Taipei/17050005	
A/chicken/Taipei/17050008	
A/chicken/Taipei/17050009	
A/chicken/Yunlin/15050012	
A/chicken/Yunlin/16020038	
A/chicken/Yunlin/17010001	
A/duck/Chiayi/15080023/20	
A/duck/Eastern_China/JY/2	
A/duck/Eastern_China/L040	
A/duck/Eastern_China/L042	
A/duck/Eastern_China/L061	
A/duck/Eastern_China/L072	
A/duck/Eastern_China/L102	
A/duck/Eastern_China/L112	
A/duck/Eastern_China/S021	
A/duck/Eastern_China/S110	
A/duck/Eastern_China/S121	
A/duck/Guangdong/s14044/2	
A/duck/Hunan/11.30_YYGK74	
A/duck/Shandong/Q1/2013_H	
A/duck/Tainan/15010403/20	
A/duck/Taiwan/A3400/2015_	
A/duck/Xinjiang/12.18_WLM	
A/duck/Yunlin/15010277/20	
A/duck/Yunlin/15010458-1/	
A/duck/Zhejiang/6D18/2013	
A/duck/Zhejiang/925019/20	
A/duck/Zhejiang/925169/20	
A/duck/Zhejiang/W24/2013_	
A/eurasian_coot/Shandong/	
A/eurasian_coot/Shandong/	
A/eurasian_coot/Shandong/	
A/eurasian_coot/Shandong/	
A/goose/Chiayi/15020022/2	
A/goose/China/1/2021_H5N8	
A/goose/Eastern_China/CZ/	
A/goose/Eastern_China/L12	
A/goose/Eastern_China/L12	
A/goose/Eastern_China/S04	
A/goose/Guangdong/s13124/	
A/goose/Hebei/HG12/2021_H	
A/goose/Jiangsu/QD5/2014_	
A/goose/Pingtung/15050014	
A/goose/Pingtung/16010061	
A/goose/Tainan/16040018-1	
A/goose/Tainan/16070002/2	
A/goose/Taiwan/01019/2015	
A/goose/Taiwan/01039/2015	
A/goose/Taiwan/TNC1/2015_	
A/goose/Taiwan/TNC10/2015	
A/goose/Taiwan/TNC11/2015	
A/goose/Taiwan/TNC12/2015	
A/goose/Taiwan/TNC14/2015	
A/goose/Taiwan/TNC3/2015_	
A/goose/Taiwan/TNC7/2015_	
A/goose/Taiwan/TNC9/2015_	
A/goose/Taiwan/TNO15/2015	
A/goose/Taiwan/TNO3/2015_	
A/goose/Taiwan/TNO9/2015_	
A/goose/Taoyuan/15010041/	
A/goose/Xinjiang/12.18_WL	
A/goose/Xinjiang/12.18_WL	
A/goose/Xinjiang/12.18_WL	
A/goose/Xinjiang/12.18_WL	
A/goose/Yangzhou/0420/201	
A/goose/Yunlin/15040040/2	
A/goose/Zhejiang/925037/2	
A/goose/Zhejiang/925104/2	
A/mallard/Shanghai/SH-9/2	
A/swan/China/ST/2016_H5N8	
A/swan/Shandong/W3762/202	
A/turkey/Chiayi/17020092-	
A/whooper_swan/Shanxi/RC0	
A/wild_duck/Shandong/W358	
A/Anser_cygnoides/Hubei/F	
A/bar_headed_goose/Tibet/	
A/Bar-headed_Goose/Qingha	
A/Bar-headed_Goose/Qingha	
A/Bar-headed_Goose/Qingha	
A/Bar-headed_Goose/Qingha	
A/Bar-headed_Goose/Qingha	
A/Bar-headed_Goose/Qingha	
A/Bar-headed_Goose/Qingha	
A/Bar-headed_Goose/Qingha	
A/Bar-headed_Goose/Qingha	
A/Bar-headed_Goose/Qingha	
A/Bar-headed_Goose/Qingha	
A/Bar-headed_Goose/Qingha	
A/Bar-headed_Goose/Qingha	
A/Bar-headed_Goose/Qingha	
A/Bar-headed_Goose/Qingha	
A/Bar-headed_Goose/Qingha	
A/Bar-headed_Goose/Qingha	
A/Bar-headed_Goose/Qingha	
A/Bar-headed_Goose/Qingha	
A/Bar-headed_Goose/Qingha	
A/Bar-headed_Goose/Qingha	
A/Bar-headed_Goose/Qingha	
A/Bar-headed_Goose/Qingha	
A/Bar-headed_Goose/Qingha	
A/Bar-headed_Goose/Qingha	
A/Bar-headed_Goose/Qingha	
A/Bar-headed_Goose/Qingha	
A/Bar-headed_Goose/Qingha	
A/Bar-headed_Goose/Qingha	
A/Bar-headed_Goose/Qingha	
A/Bar-headed_Goose/Qingha	
A/Bar-headed_Goose/Qingha	
A/Bar-headed_Goose/Qingha	
A/Bar-headed_Goose/Qingha	
A/Bar-headed_Goose/Qingha	
A/Bar-headed_Goose/Qingha	
A/Bar-headed_Goose/Qingha	
A/Bar-headed_Goose/Qingha	
A/Bar-headed_Goose/Qingha	
A/Bar-headed_Goose/Qingha	
A/Bar-headed_Goose/Qingha	
A/Bar-headed_Goose/Qingha	
A/Bar-headed_Goose/Qingha	
A/Bar-headed_Goose/Qingha	
A/Bar-headed_Goose/Qingha	
A/Bar-headed_Goose/Qingha	
A/Bar-headed_Goose/Qingha	
A/Bar-headed_Goose/Qingha	
A/Bar-headed_Goose/Qingha	
A/Bar-headed_Goose/Qingha	
A/Bar-headed_Goose/Qingha	
A/Bar-headed_Goose/Qingha	
A/Bar-headed_Goose/Qingha	
A/Bar-headed_Goose/Qingha	
A/Bar-headed_Goose/Qingha	
A/Bar-headed_Goose/Qingha	
A/Bar-headed_Goose/Qingha	
A/Bar-headed_Goose/Qingha	
A/Bar-headed_Goose/Qingha	
A/Bar-headed_Goose/Qingha	
A/Bar-headed_Goose/Qingha	
A/Bar-headed_Goose/Qingha	
A/Bar-headed_Goose/Qingha	
A/Bar-headed_Goose/Qingha	
A/Bar-headed_Goose/Qingha	
A/Bar-headed_Goose/Qingha	
A/Bar-headed_Goose/Qingha	
A/Bar-headed_Goose/Qingha	
A/Bar-headed_Goose/Qingha	
A/Bar-headed_Goose/Qingha	
A/Bar-headed_Goose/Qingha	
A/Bar-headed_Goose/Qingha	
A/Bar-headed_Goose/Qingha	
A/Bar-headed_Goose/Qingha	
A/Bar-headed_Goose/Qingha	
A/Bar-headed_Goose/Qingha	
A/Bar-headed_Goose/Qingha	
A/Bar-headed_Goose/Qingha	
A/Bar-headed_Goose/Qingha	
A/Bar-headed_Goose/Qingha	
A/Bar-headed_Goose/Qingha	
A/Bar-headed_Goose/Tibet/	
A/Bar-headed_Goose/Tibet/	
A/Bar-headed_Goose/Tibet/	
A/Bar-headed_Goose/Tibet/	
A/Bar-headed_Goose/Tibet/	
A/Bar-headed_Goose/Tibet/	
A/Bar-headed_Goose/Tibet/	
A/Bar-headed_Goose/Tibet/	
A/Bar-headed_Goose/Tibet/	
A/Bar-headed_Goose/Tibet/	
A/Bar-headed_Goose/Tibet/	
A/Bar-headed_Goose/Tibet/	
A/bean_goose/Hubei/BQ11/2	
A/Bean_Goose/Hubei/chenhu	
A/Bean_goose/Hubei/CH-i11	
A/Bean_goose/Hubei/CH-i12	
A/Bean_goose/Hubei/CH-i32	
A/black_swan/Beijing/1/20	
A/black-backed_gull/Shand	
A/Brown-headed_Gull/Qingh	
A/Brown-headed_Gull/Qingh	
A/Brown-headed_Gull/Qingh	
A/Brown-headed_Gull/Qingh	
A/Brown-headed_Gull/Qingh	
A/Brown-headed_Gull/Qingh	
A/Brown-headed_Gull/Qingh	
A/Brown-headed_Gull/Qingh	
A/Brown-headed_Gull/Qingh	
A/brown-headed_gull/Tibet	
A/Brown-headed_Gull/Tibet	
A/Brown-headed_Gull/Tibet	
A/Brown-headed_Gull/Tibet	
A/chicken/Changhua/150400	
A/chicken/Changhua/150400	
A/chicken/Changhua/150400	
A/chicken/Changhua/150400	
A/chicken/Changhua/150500	
A/chicken/Changhua/150600	
A/chicken/Chiayi/15010454	
A/chicken/Kaohsiung/16MB0	
A/chicken/Kaohsiung/16010	
A/chicken/Kaohsiung/16020	
A/chicken/Kaohsiung/16040	
A/chicken/Kaohsiung/16070	
A/chicken/Kaohsiung/16120	
A/chicken/Kaohsiung/17030	
A/chicken/Miaoli/15010421	
A/chicken/Nantou/16110023	
A/chicken/New_Taipei_City	
A/chicken/New_Taipei_City	
A/chicken/New_Taipei_City	
A/chicken/New_Taipei_City	
A/chicken/New_Taipei_City	
A/chicken/New_Taipei_City	
A/chicken/Shandong/KD0269	
A/chicken/Taichung/161100	
A/chicken/Tainan/15020214	
A/chicken/Tainan/17030058	
A/chicken/Taipei_City/170	
A/chicken/Taipei/16060022	
A/chicken/Taipei/16060023	
A/chicken/Taipei/16120021	
A/chicken/Taipei/17050005	
A/chicken/Taipei/17050008	
A/chicken/Taipei/17050009	
A/chicken/Taiwan/x37/2016	
A/chicken/Yunlin/15050012	
A/chicken/Yunlin/16020038	
A/chicken/Yunlin/17010001	
A/Chlidonias_hybrida/Hube	
A/common_coot/Shandong/SC	
A/common_crane/Yunnan-Hui	
A/common_pochard/Ningxia/	
A/common_teal/Ningxia/105	
A/common_teal/Ningxia/181	
A/common_teal/Ningxia/189	
A/common_teal/Ningxia/237	
A/common_teal/Ningxia/245	
A/common_teal/Ningxia/253	
A/common_teal/Shaanxi/SXY	
A/Cygnus_atratus/Hubei/2Z	
A/Cygnus_atratus/Hubei/HF	
A/Cygnus_columbianus/Hube	
A/Cygnus_columbianus/Hube	
A/Cygnus_columbianus/Hube	
A/Cygnus_columbianus/Hube	
A/Cygnus_columbianus/Hube	
A/Cygnus_columbianus/Hube	
A/Cygnus_columbianus/Hube	
A/duck/Chiayi/15080023/20	
A/duck/Eastern_China/JY/2	
A/duck/Eastern_China/L040	
A/duck/Eastern_China/L042	
A/duck/Eastern_China/L061	
A/duck/Eastern_China/L072	
A/duck/Eastern_China/L102	
A/duck/Eastern_China/L112	
A/duck/Eastern_China/S021	
A/duck/Eastern_China/S110	
A/duck/Eastern_China/S121	
A/duck/Guangdong/KGZ15783	
A/duck/Guangdong/KGZ16015	
A/duck/Guangdong/S1269/20	
A/duck/Guangdong/s14044/2	
A/duck/Guangxi/S10099/202	
A/duck/Guangxi/S10263/202	
A/duck/Guangxi/S11043/202	
A/duck/Guangxi/S21194/202	
A/duck/Hebei/S1070/2021|E	
A/duck/Henan/S1381/2021|E	
A/duck/Hunan/11.30_YYGK74	
A/duck/Jiangxi/S10252/202	
A/duck/Shandong/11.14_DL-	
A/duck/Shandong/11.14_RD/	
A/duck/Shandong/Q1/2013|E	
A/duck/Tainan/15010403/20	
A/duck/Taiwan/a068/2015|E	
A/duck/Taiwan/A3400/2015|	
A/duck/Xinjiang/12.18_WLM	
A/duck/Yunlin/15010277/20	
A/duck/Yunlin/15010458-1/	
A/duck/Zhejiang/6D18/2013	
A/duck/Zhejiang/925019/20	
A/duck/Zhejiang/925169/20	
A/duck/Zhejiang/W24/2013|	
A/egret/Jiangsu/SD021/202	
A/eurasian_eagle-owl/Hena	
A/goose/Chiayi/15020022/2	
A/goose/China/1/2021|EPI_	
A/goose/Eastern_China/CZ/	
A/goose/Eastern_China/L12	
A/goose/Eastern_China/L12	
A/goose/Eastern_China/S04	
A/goose/Guangdong/s13124/	
A/goose/Guangxi/S20601/20	
A/goose/Henan/S1315/2021|	
A/goose/Hunan/S11288/2021	
A/goose/Jiangsu/QD5/2014|	
A/goose/Jiangsu/S1385/202	
A/goose/Liaoning/S1266/20	
A/goose/Pingtung/15050014	
A/goose/Pingtung/16010061	
A/goose/Shandong/05.23_AY	
A/goose/Shandong/05.23_DT	
A/goose/Shandong/06.14_HZ	
A/goose/Shandong/12.08_YG	
A/Goose/Shandong/21153-3/	
A/goose/Shandong/GD-GS/20	
A/goose/Shandong/LQ01694/	
A/goose/Tainan/16040018-1	
A/goose/Tainan/16070002/2	
A/goose/Taiwan/01019/2015	
A/goose/Taiwan/01039/2015	
A/goose/Taiwan/a015/2015|	
A/goose/Taiwan/TNC1/2015|	
A/goose/Taiwan/TNC3/2015|	
A/goose/Taiwan/TNC4/2015|	
A/goose/Taiwan/TNC9/2015|	
A/goose/Taiwan/TNC10/2015	
A/goose/Taiwan/TNC12/2015	
A/goose/Taiwan/TNC14/2015	
A/goose/Taiwan/TNO3/2015|	
A/goose/Taiwan/TNO9/2015|	
A/goose/Taiwan/TNO15/2015	
A/goose/Taiwan/TNO17/2015	
A/goose/Taoyuan/15010041/	
A/goose/Xinjiang/12.18_WL	
A/goose/Xinjiang/12.18_WL	
A/goose/Xinjiang/12.18_WL	
A/goose/Xinjiang/12.18_WL	
A/goose/Yangzhou/0420/201	
A/goose/Yunlin/15040040/2	
A/goose/Zhejiang/925037/2	
A/goose/Zhejiang/925104/2	
A/goose/Zhejiang/S1266/20	
A/Great_Black-headed_Gull	
A/Great_Cormorant/Qinghai	
A/Great_Cormorant/Qinghai	
A/Great_Cormorant/Qinghai	
A/Great_Crested_Grebe/Qin	
A/grebe/Ningxia/SD001/202	
A/grebe/Shaanxi/SD001/202	
A/grebe/Shandong/SC184/20	
A/green-winged_teal/Guang	
A/Herring_Gull/Hubei/CH-i	
A/mallard_duck/Shanghai/S	
A/mallard/Ningxia/175/202	
A/mallard/Ningxia/176/202	
A/mallard/Ningxia/239/202	
A/mallard/Ningxia/241/202	
A/mallard/Ningxia/247/202	
A/mallard/Ningxia/249/202	
A/mute_swan/Inner_Mongoli	
A/mute_swan/Shandong/1/20	
A/Peregrine_Falcon/Hong_K	
A/pheasant/Hebei/B02/2021	
A/swan/China/ST/2016|EPI_	
A/swan/Hebei/B01/2021|EPI	
A/swan/Shandong/W3762/202	
A/tundra_swan/Hubei/BQ3/2	
A/tundra_swan/Hubei/BQ4/2	
A/tundra_swan/Hubei/BQ6/2	
A/tundra_swan/Hubei/BQ7/2	
A/tundra_swan/Hubei/BQ8/2	
A/tundra_swan/Hubei/BQ9/2	
A/turkey/Chiayi/17020092-	
A/whiskered_tern/Hubei/BQ	
A/whooper_swan/Henan/SM1/	
A/whooper_swan/Henan/SM16	
A/whooper_swan/Henan/SM31	
A/whooper_swan/Henan/SM61	
A/whooper_swan/Henan/SM76	
A/whooper_swan/Henan/SM86	
A/whooper_swan/Henan/SM11	
A/whooper_swan/Henan/SMQ5	
A/whooper_swan/Henan/SMQ7	
A/whooper_swan/Henan/SMQ9	
A/whooper_swan/Henan/SMQ1	
A/whooper_swan/Inner_Mong	
A/Whooper_Swan/Sanmenxia/	
A/Whooper_swan/Sanmenxia/	
A/Whooper_swan/Sanmenxia/	
A/Whooper_swan/Sanmenxia/	
A/Whooper_swan/Sanmenxia/	
A/Whooper_swan/Sanmenxia/	
A/Whooper_swan/Sanmenxia/	
A/Whooper_swan/Sanmenxia/	
A/Whooper_swan/Sanmenxia/	
A/Whooper_swan/Sanmenxia/	
A/Whooper_swan/Sanmenxia/	
A/Whooper_swan/Sanmenxia/	
A/Whooper_swan/Sanmenxia/	
A/Whooper_swan/Sanmenxia/	
A/Whooper_swan/Sanmenxia/	
A/Whooper_swan/Sanmenxia/	
A/Whooper_swan/Sanmenxia/	
A/Whooper_swan/Sanmenxia/	
A/Whooper_swan/Sanmenxia/	
A/Whooper_swan/Sanmenxia/	
A/Whooper_swan/Sanmenxia/	
A/Whooper_swan/Sanmenxia/	
A/Whooper_swan/Sanmenxia/	
A/Whooper_swan/Sanmenxia/	
A/whooper_swan/Shaanxi/SX	
A/whooper_swan/Shaanxi/SX	
A/whooper_swan/Shaanxi/SX	
A/whooper_swan/Shandong/S	
A/whooper_swan/Shandong/S	
A/whooper_swan/Shandong/S	
A/whooper_swan/Shandong/S	
A/whooper_swan/Shandong/S	
A/whooper_swan/Shandong/S	
A/whooper_swan/Shandong/S	
A/whooper_swan/Shanxi/4-1	
A/whooper_swan/Shanxi/4-2	
A/whooper_swan/Shanxi/RC0	
A/whooper_swan/Shanxi/SX1	
A/whooper_swan/Shanxi/SX3	
A/whooper_swan/Shanxi/SX5	
A/whooper_swan/Shanxi/SX1	
A/whooper_swan/Shanxi/SX1	
A/whooper_swan/Shanxi/SX2	
A/whooper_swan/Shanxi/SX2	
A/whooper_swan/Shanxi/SX2	
A/whooper_swan/Shanxi/SX2	
A/whooper_swan/Shanxi/SX2	
A/whooper_swan/Shanxi/SX2	
A/whooper_swan/Shanxi/SX3	
A/wild_bird/Hubei/12.12_L	
A/wild_duck/Jiangsu/SD019	
A/wild_duck/Shandong/SC17	
A/wild_goose/Shandong/SC1	
A/Anser_cygnoides/Hubei/F	
A/Chlidonias_hybrida/Hube	
A/Cygnus_atratus/Hubei/2Z	
A/Cygnus_atratus/Hubei/HF	
A/Cygnus_columbianus/Hube	
A/Cygnus_columbianus/Hube	
A/Cygnus_columbianus/Hube	
A/Cygnus_columbianus/Hube	
A/Cygnus_columbianus/Hube	
A/Cygnus_columbianus/Hube	
A/Cygnus_columbianus/Hube	
A/Whooper_Swan/Sanmenxia/	
A/Wild_bird/Huadong/CIXI2	
A/chicken/Changhua/150400	
A/chicken/Changhua/150400	
A/chicken/Changhua/150400	
A/chicken/Changhua/150400	
A/chicken/Changhua/150500	
A/chicken/Changhua/150600	
A/chicken/Chiayi/15010454	
A/chicken/Kaohsiung/16010	
A/chicken/Kaohsiung/16020	
A/chicken/Kaohsiung/16040	
A/chicken/Kaohsiung/16070	
A/chicken/Kaohsiung/16120	
A/chicken/Kaohsiung/16MB0	
A/chicken/Kaohsiung/17030	
A/chicken/Miaoli/15010421	
A/chicken/Nantou/16110023	
A/chicken/New_Taipei_City	
A/chicken/New_Taipei_City	
A/chicken/New_Taipei_City	
A/chicken/New_Taipei_City	
A/chicken/New_Taipei_City	
A/chicken/New_Taipei_City	
A/chicken/Taichung/161100	
A/chicken/Tainan/15020214	
A/chicken/Tainan/17030058	
A/chicken/Taipei_City/170	
A/chicken/Taipei/16060022	
A/chicken/Taipei/16060023	
A/chicken/Taipei/16120021	
A/chicken/Taipei/17050005	
A/chicken/Taipei/17050008	
A/chicken/Taipei/17050009	
A/chicken/Yunlin/15050012	
A/chicken/Yunlin/16020038	
A/chicken/Yunlin/17010001	
A/duck/Chiayi/15080023/20	
A/duck/Eastern_China/JY/2	
A/duck/Eastern_China/L040	
A/duck/Eastern_China/L042	
A/duck/Eastern_China/L061	
A/duck/Eastern_China/L072	
A/duck/Eastern_China/L102	
A/duck/Eastern_China/L112	
A/duck/Eastern_China/S021	
A/duck/Eastern_China/S110	
A/duck/Eastern_China/S121	
A/duck/Guangdong/s14044/2	
A/duck/Hunan/11.30_YYGK74	
A/duck/Shandong/Q1/2013_H	
A/duck/Tainan/15010403/20	
A/duck/Taiwan/A3400/2015_	
A/duck/Xinjiang/12.18_WLM	
A/duck/Yunlin/15010277/20	
A/duck/Yunlin/15010458-1/	
A/duck/Zhejiang/6D18/2013	
A/duck/Zhejiang/925019/20	
A/duck/Zhejiang/925169/20	
A/duck/Zhejiang/W24/2013_	
A/eurasian_coot/Shandong/	
A/eurasian_coot/Shandong/	
A/eurasian_coot/Shandong/	
A/eurasian_coot/Shandong/	
A/goose/Chiayi/15020022/2	
A/goose/China/1/2021_H5N8	
A/goose/Eastern_China/CZ/	
A/goose/Eastern_China/L12	
A/goose/Eastern_China/L12	
A/goose/Eastern_China/S04	
A/goose/Guangdong/s13124/	
A/goose/Hebei/HG12/2021_H	
A/goose/Jiangsu/QD5/2014_	
A/goose/Pingtung/15050014	
A/goose/Pingtung/16010061	
A/goose/Tainan/16040018-1	
A/goose/Tainan/16070002/2	
A/goose/Taiwan/01019/2015	
A/goose/Taiwan/01039/2015	
A/goose/Taiwan/TNC1/2015_	
A/goose/Taiwan/TNC10/2015	
A/goose/Taiwan/TNC11/2015	
A/goose/Taiwan/TNC12/2015	
A/goose/Taiwan/TNC14/2015	
A/goose/Taiwan/TNC3/2015_	
A/goose/Taiwan/TNC7/2015_	
A/goose/Taiwan/TNC9/2015_	
A/goose/Taiwan/TNO15/2015	
A/goose/Taiwan/TNO3/2015_	
A/goose/Taiwan/TNO9/2015_	
A/goose/Taoyuan/15010041/	
A/goose/Xinjiang/12.18_WL	
A/goose/Xinjiang/12.18_WL	
A/goose/Xinjiang/12.18_WL	
A/goose/Xinjiang/12.18_WL	
A/goose/Yangzhou/0420/201	
A/goose/Yunlin/15040040/2	
A/goose/Zhejiang/925037/2	
A/goose/Zhejiang/925104/2	
A/mallard/Shanghai/SH-9/2	
A/swan/China/ST/2016_H5N8	
A/swan/Shandong/W3762/202	
A/turkey/Chiayi/17020092-	
A/whooper_swan/Shanxi/RC0	
A/wild_duck/Shandong/W358	
A/Anser_cygnoides/Hubei/F	
A/bar_headed_goose/Tibet/	
A/Bar-headed_Goose/Qingha	
A/Bar-headed_Goose/Qingha	
A/Bar-headed_Goose/Qingha	
A/Bar-headed_Goose/Qingha	
A/Bar-headed_Goose/Qingha	
A/Bar-headed_Goose/Qingha	
A/Bar-headed_Goose/Qingha	
A/Bar-headed_Goose/Qingha	
A/Bar-headed_Goose/Qingha	
A/Bar-headed_Goose/Qingha	
A/Bar-headed_Goose/Qingha	
A/Bar-headed_Goose/Qingha	
A/Bar-headed_Goose/Qingha	
A/Bar-headed_Goose/Qingha	
A/Bar-headed_Goose/Qingha	
A/Bar-headed_Goose/Qingha	
A/Bar-headed_Goose/Qingha	
A/Bar-headed_Goose/Qingha	
A/Bar-headed_Goose/Qingha	
A/Bar-headed_Goose/Qingha	
A/Bar-headed_Goose/Qingha	
A/Bar-headed_Goose/Qingha	
A/Bar-headed_Goose/Qingha	
A/Bar-headed_Goose/Qingha	
A/Bar-headed_Goose/Qingha	
A/Bar-headed_Goose/Qingha	
A/Bar-headed_Goose/Qingha	
A/Bar-headed_Goose/Qingha	
A/Bar-headed_Goose/Qingha	
A/Bar-headed_Goose/Qingha	
A/Bar-headed_Goose/Qingha	
A/Bar-headed_Goose/Qingha	
A/Bar-headed_Goose/Qingha	
A/Bar-headed_Goose/Qingha	
A/Bar-headed_Goose/Qingha	
A/Bar-headed_Goose/Qingha	
A/Bar-headed_Goose/Qingha	
A/Bar-headed_Goose/Qingha	
A/Bar-headed_Goose/Qingha	
A/Bar-headed_Goose/Qingha	
A/Bar-headed_Goose/Qingha	
A/Bar-headed_Goose/Qingha	
A/Bar-headed_Goose/Qingha	
A/Bar-headed_Goose/Qingha	
A/Bar-headed_Goose/Qingha	
A/Bar-headed_Goose/Qingha	
A/Bar-headed_Goose/Qingha	
A/Bar-headed_Goose/Qingha	
A/Bar-headed_Goose/Qingha	
A/Bar-headed_Goose/Qingha	
A/Bar-headed_Goose/Qingha	
A/Bar-headed_Goose/Qingha	
A/Bar-headed_Goose/Qingha	
A/Bar-headed_Goose/Qingha	
A/Bar-headed_Goose/Qingha	
A/Bar-headed_Goose/Qingha	
A/Bar-headed_Goose/Qingha	
A/Bar-headed_Goose/Qingha	
A/Bar-headed_Goose/Qingha	
A/Bar-headed_Goose/Qingha	
A/Bar-headed_Goose/Qingha	
A/Bar-headed_Goose/Qingha	
A/Bar-headed_Goose/Qingha	
A/Bar-headed_Goose/Qingha	
A/Bar-headed_Goose/Qingha	
A/Bar-headed_Goose/Qingha	
A/Bar-headed_Goose/Qingha	
A/Bar-headed_Goose/Qingha	
A/Bar-headed_Goose/Qingha	
A/Bar-headed_Goose/Qingha	
A/Bar-headed_Goose/Qingha	
A/Bar-headed_Goose/Qingha	
A/Bar-headed_Goose/Qingha	
A/Bar-headed_Goose/Qingha	
A/Bar-headed_Goose/Qingha	
A/Bar-headed_Goose/Qingha	
A/Bar-headed_Goose/Qingha	
A/Bar-headed_Goose/Qingha	
A/Bar-headed_Goose/Qingha	
A/Bar-headed_Goose/Qingha	
A/Bar-headed_Goose/Qingha	
A/Bar-headed_Goose/Tibet/	
A/Bar-headed_Goose/Tibet/	
A/Bar-headed_Goose/Tibet/	
A/Bar-headed_Goose/Tibet/	
A/Bar-headed_Goose/Tibet/	
A/Bar-headed_Goose/Tibet/	
A/Bar-headed_Goose/Tibet/	
A/Bar-headed_Goose/Tibet/	
A/Bar-headed_Goose/Tibet/	
A/Bar-headed_Goose/Tibet/	
A/Bar-headed_Goose/Tibet/	
A/Bar-headed_Goose/Tibet/	
A/bean_goose/Hubei/BQ11/2	
A/Bean_Goose/Hubei/chenhu	
A/Bean_goose/Hubei/CH-i11	
A/Bean_goose/Hubei/CH-i12	
A/Bean_goose/Hubei/CH-i32	
A/black_swan/Beijing/1/20	
A/black-backed_gull/Shand	
A/Brown-headed_Gull/Qingh	
A/Brown-headed_Gull/Qingh	
A/Brown-headed_Gull/Qingh	
A/Brown-headed_Gull/Qingh	
A/Brown-headed_Gull/Qingh	
A/Brown-headed_Gull/Qingh	
A/Brown-headed_Gull/Qingh	
A/Brown-headed_Gull/Qingh	
A/Brown-headed_Gull/Qingh	
A/brown-headed_gull/Tibet	
A/Brown-headed_Gull/Tibet	
A/Brown-headed_Gull/Tibet	
A/Brown-headed_Gull/Tibet	
A/chicken/Changhua/150400	
A/chicken/Changhua/150400	
A/chicken/Changhua/150400	
A/chicken/Changhua/150400	
A/chicken/Changhua/150500	
A/chicken/Changhua/150600	
A/chicken/Chiayi/15010454	
A/chicken/Kaohsiung/16MB0	
A/chicken/Kaohsiung/16010	
A/chicken/Kaohsiung/16020	
A/chicken/Kaohsiung/16040	
A/chicken/Kaohsiung/16070	
A/chicken/Kaohsiung/16120	
A/chicken/Kaohsiung/17030	
A/chicken/Miaoli/15010421	
A/chicken/Nantou/16110023	
A/chicken/New_Taipei_City	
A/chicken/New_Taipei_City	
A/chicken/New_Taipei_City	
A/chicken/New_Taipei_City	
A/chicken/New_Taipei_City	
A/chicken/New_Taipei_City	
A/chicken/Shandong/KD0269	
A/chicken/Taichung/161100	
A/chicken/Tainan/15020214	
A/chicken/Tainan/17030058	
A/chicken/Taipei_City/170	
A/chicken/Taipei/16060022	
A/chicken/Taipei/16060023	
A/chicken/Taipei/16120021	
A/chicken/Taipei/17050005	
A/chicken/Taipei/17050008	
A/chicken/Taipei/17050009	
A/chicken/Taiwan/x37/2016	
A/chicken/Yunlin/15050012	
A/chicken/Yunlin/16020038	
A/chicken/Yunlin/17010001	
A/Chlidonias_hybrida/Hube	
A/common_coot/Shandong/SC	
A/common_crane/Yunnan-Hui	
A/common_pochard/Ningxia/	
A/common_teal/Ningxia/105	
A/common_teal/Ningxia/181	
A/common_teal/Ningxia/189	
A/common_teal/Ningxia/237	
A/common_teal/Ningxia/245	
A/common_teal/Ningxia/253	
A/common_teal/Shaanxi/SXY	
A/Cygnus_atratus/Hubei/2Z	
A/Cygnus_atratus/Hubei/HF	
A/Cygnus_columbianus/Hube	
A/Cygnus_columbianus/Hube	
A/Cygnus_columbianus/Hube	
A/Cygnus_columbianus/Hube	
A/Cygnus_columbianus/Hube	
A/Cygnus_columbianus/Hube	
A/Cygnus_columbianus/Hube	
A/duck/Chiayi/15080023/20	
A/duck/Eastern_China/JY/2	
A/duck/Eastern_China/L040	
A/duck/Eastern_China/L042	
A/duck/Eastern_China/L061	
A/duck/Eastern_China/L072	
A/duck/Eastern_China/L102	
A/duck/Eastern_China/L112	
A/duck/Eastern_China/S021	
A/duck/Eastern_China/S110	
A/duck/Eastern_China/S121	
A/duck/Guangdong/KGZ15783	
A/duck/Guangdong/KGZ16015	
A/duck/Guangdong/S1269/20	
A/duck/Guangdong/s14044/2	
A/duck/Guangxi/S10099/202	
A/duck/Guangxi/S10263/202	
A/duck/Guangxi/S11043/202	
A/duck/Guangxi/S21194/202	
A/duck/Hebei/S1070/2021|E	
A/duck/Henan/S1381/2021|E	
A/duck/Hunan/11.30_YYGK74	
A/duck/Jiangxi/S10252/202	
A/duck/Shandong/11.14_DL-	
A/duck/Shandong/11.14_RD/	
A/duck/Shandong/Q1/2013|E	
A/duck/Tainan/15010403/20	
A/duck/Taiwan/a068/2015|E	
A/duck/Taiwan/A3400/2015|	
A/duck/Xinjiang/12.18_WLM	
A/duck/Yunlin/15010277/20	
A/duck/Yunlin/15010458-1/	
A/duck/Zhejiang/6D18/2013	
A/duck/Zhejiang/925019/20	
A/duck/Zhejiang/925169/20	
A/duck/Zhejiang/W24/2013|	
A/egret/Jiangsu/SD021/202	
A/eurasian_eagle-owl/Hena	
A/goose/Chiayi/15020022/2	
A/goose/China/1/2021|EPI_	
A/goose/Eastern_China/CZ/	
A/goose/Eastern_China/L12	
A/goose/Eastern_China/L12	
A/goose/Eastern_China/S04	
A/goose/Guangdong/s13124/	
A/goose/Guangxi/S20601/20	
A/goose/Henan/S1315/2021|	
A/goose/Hunan/S11288/2021	
A/goose/Jiangsu/QD5/2014|	
A/goose/Jiangsu/S1385/202	
A/goose/Liaoning/S1266/20	
A/goose/Pingtung/15050014	
A/goose/Pingtung/16010061	
A/goose/Shandong/05.23_AY	
A/goose/Shandong/05.23_DT	
A/goose/Shandong/06.14_HZ	
A/goose/Shandong/12.08_YG	
A/Goose/Shandong/21153-3/	
A/goose/Shandong/GD-GS/20	
A/goose/Shandong/LQ01694/	
A/goose/Tainan/16040018-1	
A/goose/Tainan/16070002/2	
A/goose/Taiwan/01019/2015	
A/goose/Taiwan/01039/2015	
A/goose/Taiwan/a015/2015|	
A/goose/Taiwan/TNC1/2015|	
A/goose/Taiwan/TNC3/2015|	
A/goose/Taiwan/TNC4/2015|	
A/goose/Taiwan/TNC9/2015|	
A/goose/Taiwan/TNC10/2015	
A/goose/Taiwan/TNC12/2015	
A/goose/Taiwan/TNC14/2015	
A/goose/Taiwan/TNO3/2015|	
A/goose/Taiwan/TNO9/2015|	
A/goose/Taiwan/TNO15/2015	
A/goose/Taiwan/TNO17/2015	
A/goose/Taoyuan/15010041/	
A/goose/Xinjiang/12.18_WL	
A/goose/Xinjiang/12.18_WL	
A/goose/Xinjiang/12.18_WL	
A/goose/Xinjiang/12.18_WL	
A/goose/Yangzhou/0420/201	
A/goose/Yunlin/15040040/2	
A/goose/Zhejiang/925037/2	
A/goose/Zhejiang/925104/2	
A/goose/Zhejiang/S1266/20	
A/Great_Black-headed_Gull	
A/Great_Cormorant/Qinghai	
A/Great_Cormorant/Qinghai	
A/Great_Cormorant/Qinghai	
A/Great_Crested_Grebe/Qin	
A/grebe/Ningxia/SD001/202	
A/grebe/Shaanxi/SD001/202	
A/grebe/Shandong/SC184/20	
A/green-winged_teal/Guang	
A/Herring_Gull/Hubei/CH-i	
A/mallard_duck/Shanghai/S	
A/mallard/Ningxia/175/202	
A/mallard/Ningxia/176/202	
A/mallard/Ningxia/239/202	
A/mallard/Ningxia/241/202	
A/mallard/Ningxia/247/202	
A/mallard/Ningxia/249/202	
A/mute_swan/Inner_Mongoli	
A/mute_swan/Shandong/1/20	
A/Peregrine_Falcon/Hong_K	
A/pheasant/Hebei/B02/2021	
A/swan/China/ST/2016|EPI_	
A/swan/Hebei/B01/2021|EPI	
A/swan/Shandong/W3762/202	
A/tundra_swan/Hubei/BQ3/2	
A/tundra_swan/Hubei/BQ4/2	
A/tundra_swan/Hubei/BQ6/2	
A/tundra_swan/Hubei/BQ7/2	
A/tundra_swan/Hubei/BQ8/2	
A/tundra_swan/Hubei/BQ9/2	
A/turkey/Chiayi/17020092-	
A/whiskered_tern/Hubei/BQ	
A/whooper_swan/Henan/SM1/	
A/whooper_swan/Henan/SM16	
A/whooper_swan/Henan/SM31	
A/whooper_swan/Henan/SM61	
A/whooper_swan/Henan/SM76	
A/whooper_swan/Henan/SM86	
A/whooper_swan/Henan/SM11	
A/whooper_swan/Henan/SMQ5	
A/whooper_swan/Henan/SMQ7	
A/whooper_swan/Henan/SMQ9	
A/whooper_swan/Henan/SMQ1	
A/whooper_swan/Inner_Mong	
A/Whooper_Swan/Sanmenxia/	
A/Whooper_swan/Sanmenxia/	
A/Whooper_swan/Sanmenxia/	
A/Whooper_swan/Sanmenxia/	
A/Whooper_swan/Sanmenxia/	
A/Whooper_swan/Sanmenxia/	
A/Whooper_swan/Sanmenxia/	
A/Whooper_swan/Sanmenxia/	
A/Whooper_swan/Sanmenxia/	
A/Whooper_swan/Sanmenxia/	
A/Whooper_swan/Sanmenxia/	
A/Whooper_swan/Sanmenxia/	
A/Whooper_swan/Sanmenxia/	
A/Whooper_swan/Sanmenxia/	
A/Whooper_swan/Sanmenxia/	
A/Whooper_swan/Sanmenxia/	
A/Whooper_swan/Sanmenxia/	
A/Whooper_swan/Sanmenxia/	
A/Whooper_swan/Sanmenxia/	
A/Whooper_swan/Sanmenxia/	
A/Whooper_swan/Sanmenxia/	
A/Whooper_swan/Sanmenxia/	
A/Whooper_swan/Sanmenxia/	
A/Whooper_swan/Sanmenxia/	
A/whooper_swan/Shaanxi/SX	
A/whooper_swan/Shaanxi/SX	
A/whooper_swan/Shaanxi/SX	
A/whooper_swan/Shandong/S	
A/whooper_swan/Shandong/S	
A/whooper_swan/Shandong/S	
A/whooper_swan/Shandong/S	
A/whooper_swan/Shandong/S	
A/whooper_swan/Shandong/S	
A/whooper_swan/Shandong/S	
A/whooper_swan/Shanxi/4-1	
A/whooper_swan/Shanxi/4-2	
A/whooper_swan/Shanxi/RC0	
A/whooper_swan/Shanxi/SX1	
A/whooper_swan/Shanxi/SX3	
A/whooper_swan/Shanxi/SX5	
A/whooper_swan/Shanxi/SX1	
A/whooper_swan/Shanxi/SX1	
A/whooper_swan/Shanxi/SX2	
A/whooper_swan/Shanxi/SX2	
A/whooper_swan/Shanxi/SX2	
A/whooper_swan/Shanxi/SX2	
A/whooper_swan/Shanxi/SX2	
A/whooper_swan/Shanxi/SX2	
A/whooper_swan/Shanxi/SX3	
A/wild_bird/Hubei/12.12_L	
A/wild_duck/Jiangsu/SD019	
A/wild_duck/Shandong/SC17	
A/wild_goose/Shandong/SC1	
A/Anser_cygnoides/Hubei/F	
A/Chlidonias_hybrida/Hube	
A/Cygnus_atratus/Hubei/2Z	
A/Cygnus_atratus/Hubei/HF	
A/Cygnus_columbianus/Hube	
A/Cygnus_columbianus/Hube	
A/Cygnus_columbianus/Hube	
A/Cygnus_columbianus/Hube	
A/Cygnus_columbianus/Hube	
A/Cygnus_columbianus/Hube	
A/Cygnus_columbianus/Hube	
A/Whooper_Swan/Sanmenxia/	
A/Wild_bird/Huadong/CIXI2	
A/chicken/Changhua/150400	
A/chicken/Changhua/150400	
A/chicken/Changhua/150400	
A/chicken/Changhua/150400	
A/chicken/Changhua/150500	
A/chicken/Changhua/150600	
A/chicken/Chiayi/15010454	
A/chicken/Kaohsiung/16010	
A/chicken/Kaohsiung/16020	
A/chicken/Kaohsiung/16040	
A/chicken/Kaohsiung/16070	
A/chicken/Kaohsiung/16120	
A/chicken/Kaohsiung/16MB0	
A/chicken/Kaohsiung/17030	
A/chicken/Miaoli/15010421	
A/chicken/Nantou/16110023	
A/chicken/New_Taipei_City	
A/chicken/New_Taipei_City	
A/chicken/New_Taipei_City	
A/chicken/New_Taipei_City	
A/chicken/New_Taipei_City	
A/chicken/New_Taipei_City	
A/chicken/Taichung/161100	
A/chicken/Tainan/15020214	
A/chicken/Tainan/17030058	
A/chicken/Taipei_City/170	
A/chicken/Taipei/16060022	
A/chicken/Taipei/16060023	
A/chicken/Taipei/16120021	
A/chicken/Taipei/17050005	
A/chicken/Taipei/17050008	
A/chicken/Taipei/17050009	
A/chicken/Yunlin/15050012	
A/chicken/Yunlin/16020038	
A/chicken/Yunlin/17010001	
A/duck/Chiayi/15080023/20	
A/duck/Eastern_China/JY/2	
A/duck/Eastern_China/L040	
A/duck/Eastern_China/L042	
A/duck/Eastern_China/L061	
A/duck/Eastern_China/L072	
A/duck/Eastern_China/L102	
A/duck/Eastern_China/L112	
A/duck/Eastern_China/S021	
A/duck/Eastern_China/S110	
A/duck/Eastern_China/S121	
A/duck/Guangdong/s14044/2	
A/duck/Hunan/11.30_YYGK74	
A/duck/Shandong/Q1/2013_H	
A/duck/Tainan/15010403/20	
A/duck/Taiwan/A3400/2015_	
A/duck/Xinjiang/12.18_WLM	
A/duck/Yunlin/15010277/20	
A/duck/Yunlin/15010458-1/	
A/duck/Zhejiang/6D18/2013	
A/duck/Zhejiang/925019/20	
A/duck/Zhejiang/925169/20	
A/duck/Zhejiang/W24/2013_	
A/eurasian_coot/Shandong/	
A/eurasian_coot/Shandong/	
A/eurasian_coot/Shandong/	
A/eurasian_coot/Shandong/	
A/goose/Chiayi/15020022/2	
A/goose/China/1/2021_H5N8	
A/goose/Eastern_China/CZ/	
A/goose/Eastern_China/L12	
A/goose/Eastern_China/L12	
A/goose/Eastern_China/S04	
A/goose/Guangdong/s13124/	
A/goose/Hebei/HG12/2021_H	
A/goose/Jiangsu/QD5/2014_	
A/goose/Pingtung/15050014	
A/goose/Pingtung/16010061	
A/goose/Tainan/16040018-1	
A/goose/Tainan/16070002/2	
A/goose/Taiwan/01019/2015	
A/goose/Taiwan/01039/2015	
A/goose/Taiwan/TNC1/2015_	
A/goose/Taiwan/TNC10/2015	
A/goose/Taiwan/TNC11/2015	
A/goose/Taiwan/TNC12/2015	
A/goose/Taiwan/TNC14/2015	
A/goose/Taiwan/TNC3/2015_	
A/goose/Taiwan/TNC7/2015_	
A/goose/Taiwan/TNC9/2015_	
A/goose/Taiwan/TNO15/2015	
A/goose/Taiwan/TNO3/2015_	
A/goose/Taiwan/TNO9/2015_	
A/goose/Taoyuan/15010041/	
A/goose/Xinjiang/12.18_WL	
A/goose/Xinjiang/12.18_WL	
A/goose/Xinjiang/12.18_WL	
A/goose/Xinjiang/12.18_WL	
A/goose/Yangzhou/0420/201	
A/goose/Yunlin/15040040/2	
A/goose/Zhejiang/925037/2	
A/goose/Zhejiang/925104/2	
A/mallard/Shanghai/SH-9/2	
A/swan/China/ST/2016_H5N8	
A/swan/Shandong/W3762/202	
A/turkey/Chiayi/17020092-	
A/whooper_swan/Shanxi/RC0	
A/wild_duck/Shandong/W358	
A/Anser_cygnoides/Hubei/F	
A/bar_headed_goose/Tibet/	
A/Bar-headed_Goose/Qingha	
A/Bar-headed_Goose/Qingha	
A/Bar-headed_Goose/Qingha	
A/Bar-headed_Goose/Qingha	
A/Bar-headed_Goose/Qingha	
A/Bar-headed_Goose/Qingha	
A/Bar-headed_Goose/Qingha	
A/Bar-headed_Goose/Qingha	
A/Bar-headed_Goose/Qingha	
A/Bar-headed_Goose/Qingha	
A/Bar-headed_Goose/Qingha	
A/Bar-headed_Goose/Qingha	
A/Bar-headed_Goose/Qingha	
A/Bar-headed_Goose/Qingha	
A/Bar-headed_Goose/Qingha	
A/Bar-headed_Goose/Qingha	
A/Bar-headed_Goose/Qingha	
A/Bar-headed_Goose/Qingha	
A/Bar-headed_Goose/Qingha	
A/Bar-headed_Goose/Qingha	
A/Bar-headed_Goose/Qingha	
A/Bar-headed_Goose/Qingha	
A/Bar-headed_Goose/Qingha	
A/Bar-headed_Goose/Qingha	
A/Bar-headed_Goose/Qingha	
A/Bar-headed_Goose/Qingha	
A/Bar-headed_Goose/Qingha	
A/Bar-headed_Goose/Qingha	
A/Bar-headed_Goose/Qingha	
A/Bar-headed_Goose/Qingha	
A/Bar-headed_Goose/Qingha	
A/Bar-headed_Goose/Qingha	
A/Bar-headed_Goose/Qingha	
A/Bar-headed_Goose/Qingha	
A/Bar-headed_Goose/Qingha	
A/Bar-headed_Goose/Qingha	
A/Bar-headed_Goose/Qingha	
A/Bar-headed_Goose/Qingha	
A/Bar-headed_Goose/Qingha	
A/Bar-headed_Goose/Qingha	
A/Bar-headed_Goose/Qingha	
A/Bar-headed_Goose/Qingha	
A/Bar-headed_Goose/Qingha	
A/Bar-headed_Goose/Qingha	
A/Bar-headed_Goose/Qingha	
A/Bar-headed_Goose/Qingha	
A/Bar-headed_Goose/Qingha	
A/Bar-headed_Goose/Qingha	
A/Bar-headed_Goose/Qingha	
A/Bar-headed_Goose/Qingha	
A/Bar-headed_Goose/Qingha	
A/Bar-headed_Goose/Qingha	
A/Bar-headed_Goose/Qingha	
A/Bar-headed_Goose/Qingha	
A/Bar-headed_Goose/Qingha	
A/Bar-headed_Goose/Qingha	
A/Bar-headed_Goose/Qingha	
A/Bar-headed_Goose/Qingha	
A/Bar-headed_Goose/Qingha	
A/Bar-headed_Goose/Qingha	
A/Bar-headed_Goose/Qingha	
A/Bar-headed_Goose/Qingha	
A/Bar-headed_Goose/Qingha	
A/Bar-headed_Goose/Qingha	
A/Bar-headed_Goose/Qingha	
A/Bar-headed_Goose/Qingha	
A/Bar-headed_Goose/Qingha	
A/Bar-headed_Goose/Qingha	
A/Bar-headed_Goose/Qingha	
A/Bar-headed_Goose/Qingha	
A/Bar-headed_Goose/Qingha	
A/Bar-headed_Goose/Qingha	
A/Bar-headed_Goose/Qingha	
A/Bar-headed_Goose/Qingha	
A/Bar-headed_Goose/Qingha	
A/Bar-headed_Goose/Qingha	
A/Bar-headed_Goose/Qingha	
A/Bar-headed_Goose/Qingha	
A/Bar-headed_Goose/Qingha	
A/Bar-headed_Goose/Qingha	
A/Bar-headed_Goose/Qingha	
A/Bar-headed_Goose/Tibet/	
A/Bar-headed_Goose/Tibet/	
A/Bar-headed_Goose/Tibet/	
A/Bar-headed_Goose/Tibet/	
A/Bar-headed_Goose/Tibet/	
A/Bar-headed_Goose/Tibet/	
A/Bar-headed_Goose/Tibet/	
A/Bar-headed_Goose/Tibet/	
A/Bar-headed_Goose/Tibet/	
A/Bar-headed_Goose/Tibet/	
A/Bar-headed_Goose/Tibet/	
A/Bar-headed_Goose/Tibet/	
A/bean_goose/Hubei/BQ11/2	
A/Bean_Goose/Hubei/chenhu	
A/Bean_goose/Hubei/CH-i11	
A/Bean_goose/Hubei/CH-i12	
A/Bean_goose/Hubei/CH-i32	
A/black_swan/Beijing/1/20	
A/black-backed_gull/Shand	
A/Brown-headed_Gull/Qingh	
A/Brown-headed_Gull/Qingh	
A/Brown-headed_Gull/Qingh	
A/Brown-headed_Gull/Qingh	
A/Brown-headed_Gull/Qingh	
A/Brown-headed_Gull/Qingh	
A/Brown-headed_Gull/Qingh	
A/Brown-headed_Gull/Qingh	
A/Brown-headed_Gull/Qingh	
A/brown-headed_gull/Tibet	
A/Brown-headed_Gull/Tibet	
A/Brown-headed_Gull/Tibet	
A/Brown-headed_Gull/Tibet	
A/chicken/Changhua/150400	
A/chicken/Changhua/150400	
A/chicken/Changhua/150400	
A/chicken/Changhua/150400	
A/chicken/Changhua/150500	
A/chicken/Changhua/150600	
A/chicken/Chiayi/15010454	
A/chicken/Kaohsiung/16MB0	
A/chicken/Kaohsiung/16010	
A/chicken/Kaohsiung/16020	
A/chicken/Kaohsiung/16040	
A/chicken/Kaohsiung/16070	
A/chicken/Kaohsiung/16120	
A/chicken/Kaohsiung/17030	
A/chicken/Miaoli/15010421	
A/chicken/Nantou/16110023	
A/chicken/New_Taipei_City	
A/chicken/New_Taipei_City	
A/chicken/New_Taipei_City	
A/chicken/New_Taipei_City	
A/chicken/New_Taipei_City	
A/chicken/New_Taipei_City	
A/chicken/Shandong/KD0269	
A/chicken/Taichung/161100	
A/chicken/Tainan/15020214	
A/chicken/Tainan/17030058	
A/chicken/Taipei_City/170	
A/chicken/Taipei/16060022	
A/chicken/Taipei/16060023	
A/chicken/Taipei/16120021	
A/chicken/Taipei/17050005	
A/chicken/Taipei/17050008	
A/chicken/Taipei/17050009	
A/chicken/Taiwan/x37/2016	
A/chicken/Yunlin/15050012	
A/chicken/Yunlin/16020038	
A/chicken/Yunlin/17010001	
A/Chlidonias_hybrida/Hube	
A/common_coot/Shandong/SC	
A/common_crane/Yunnan-Hui	
A/common_pochard/Ningxia/	
A/common_teal/Ningxia/105	
A/common_teal/Ningxia/181	
A/common_teal/Ningxia/189	
A/common_teal/Ningxia/237	
A/common_teal/Ningxia/245	
A/common_teal/Ningxia/253	
A/common_teal/Shaanxi/SXY	
A/Cygnus_atratus/Hubei/2Z	
A/Cygnus_atratus/Hubei/HF	
A/Cygnus_columbianus/Hube	
A/Cygnus_columbianus/Hube	
A/Cygnus_columbianus/Hube	
A/Cygnus_columbianus/Hube	
A/Cygnus_columbianus/Hube	
A/Cygnus_columbianus/Hube	
A/Cygnus_columbianus/Hube	
A/duck/Chiayi/15080023/20	
A/duck/Eastern_China/JY/2	
A/duck/Eastern_China/L040	
A/duck/Eastern_China/L042	
A/duck/Eastern_China/L061	
A/duck/Eastern_China/L072	
A/duck/Eastern_China/L102	
A/duck/Eastern_China/L112	
A/duck/Eastern_China/S021	
A/duck/Eastern_China/S110	
A/duck/Eastern_China/S121	
A/duck/Guangdong/KGZ15783	
A/duck/Guangdong/KGZ16015	
A/duck/Guangdong/S1269/20	
A/duck/Guangdong/s14044/2	
A/duck/Guangxi/S10099/202	
A/duck/Guangxi/S10263/202	
A/duck/Guangxi/S11043/202	
A/duck/Guangxi/S21194/202	
A/duck/Hebei/S1070/2021|E	
A/duck/Henan/S1381/2021|E	
A/duck/Hunan/11.30_YYGK74	
A/duck/Jiangxi/S10252/202	
A/duck/Shandong/11.14_DL-	
A/duck/Shandong/11.14_RD/	
A/duck/Shandong/Q1/2013|E	
A/duck/Tainan/15010403/20	
A/duck/Taiwan/a068/2015|E	
A/duck/Taiwan/A3400/2015|	
A/duck/Xinjiang/12.18_WLM	
A/duck/Yunlin/15010277/20	
A/duck/Yunlin/15010458-1/	
A/duck/Zhejiang/6D18/2013	
A/duck/Zhejiang/925019/20	
A/duck/Zhejiang/925169/20	
A/duck/Zhejiang/W24/2013|	
A/egret/Jiangsu/SD021/202	
A/eurasian_eagle-owl/Hena	
A/goose/Chiayi/15020022/2	
A/goose/China/1/2021|EPI_	
A/goose/Eastern_China/CZ/	
A/goose/Eastern_China/L12	
A/goose/Eastern_China/L12	
A/goose/Eastern_China/S04	
A/goose/Guangdong/s13124/	
A/goose/Guangxi/S20601/20	
A/goose/Henan/S1315/2021|	
A/goose/Hunan/S11288/2021	
A/goose/Jiangsu/QD5/2014|	
A/goose/Jiangsu/S1385/202	
A/goose/Liaoning/S1266/20	
A/goose/Pingtung/15050014	
A/goose/Pingtung/16010061	
A/goose/Shandong/05.23_AY	
A/goose/Shandong/05.23_DT	
A/goose/Shandong/06.14_HZ	
A/goose/Shandong/12.08_YG	
A/Goose/Shandong/21153-3/	
A/goose/Shandong/GD-GS/20	
A/goose/Shandong/LQ01694/	
A/goose/Tainan/16040018-1	
A/goose/Tainan/16070002/2	
A/goose/Taiwan/01019/2015	
A/goose/Taiwan/01039/2015	
A/goose/Taiwan/a015/2015|	
A/goose/Taiwan/TNC1/2015|	
A/goose/Taiwan/TNC3/2015|	
A/goose/Taiwan/TNC4/2015|	
A/goose/Taiwan/TNC9/2015|	
A/goose/Taiwan/TNC10/2015	
A/goose/Taiwan/TNC12/2015	
A/goose/Taiwan/TNC14/2015	
A/goose/Taiwan/TNO3/2015|	
A/goose/Taiwan/TNO9/2015|	
A/goose/Taiwan/TNO15/2015	
A/goose/Taiwan/TNO17/2015	
A/goose/Taoyuan/15010041/	
A/goose/Xinjiang/12.18_WL	
A/goose/Xinjiang/12.18_WL	
A/goose/Xinjiang/12.18_WL	
A/goose/Xinjiang/12.18_WL	
A/goose/Yangzhou/0420/201	
A/goose/Yunlin/15040040/2	
A/goose/Zhejiang/925037/2	
A/goose/Zhejiang/925104/2	
A/goose/Zhejiang/S1266/20	
A/Great_Black-headed_Gull	
A/Great_Cormorant/Qinghai	
A/Great_Cormorant/Qinghai	
A/Great_Cormorant/Qinghai	
A/Great_Crested_Grebe/Qin	
A/grebe/Ningxia/SD001/202	
A/grebe/Shaanxi/SD001/202	
A/grebe/Shandong/SC184/20	
A/green-winged_teal/Guang	
A/Herring_Gull/Hubei/CH-i	
A/mallard_duck/Shanghai/S	
A/mallard/Ningxia/175/202	
A/mallard/Ningxia/176/202	
A/mallard/Ningxia/239/202	
A/mallard/Ningxia/241/202	
A/mallard/Ningxia/247/202	
A/mallard/Ningxia/249/202	
A/mute_swan/Inner_Mongoli	
A/mute_swan/Shandong/1/20	
A/Peregrine_Falcon/Hong_K	
A/pheasant/Hebei/B02/2021	
A/swan/China/ST/2016|EPI_	
A/swan/Hebei/B01/2021|EPI	
A/swan/Shandong/W3762/202	
A/tundra_swan/Hubei/BQ3/2	
A/tundra_swan/Hubei/BQ4/2	
A/tundra_swan/Hubei/BQ6/2	
A/tundra_swan/Hubei/BQ7/2	
A/tundra_swan/Hubei/BQ8/2	
A/tundra_swan/Hubei/BQ9/2	
A/turkey/Chiayi/17020092-	
A/whiskered_tern/Hubei/BQ	
A/whooper_swan/Henan/SM1/	
A/whooper_swan/Henan/SM16	
A/whooper_swan/Henan/SM31	
A/whooper_swan/Henan/SM61	
A/whooper_swan/Henan/SM76	
A/whooper_swan/Henan/SM86	
A/whooper_swan/Henan/SM11	
A/whooper_swan/Henan/SMQ5	
A/whooper_swan/Henan/SMQ7	
A/whooper_swan/Henan/SMQ9	
A/whooper_swan/Henan/SMQ1	
A/whooper_swan/Inner_Mong	
A/Whooper_Swan/Sanmenxia/	
A/Whooper_swan/Sanmenxia/	
A/Whooper_swan/Sanmenxia/	
A/Whooper_swan/Sanmenxia/	
A/Whooper_swan/Sanmenxia/	
A/Whooper_swan/Sanmenxia/	
A/Whooper_swan/Sanmenxia/	
A/Whooper_swan/Sanmenxia/	
A/Whooper_swan/Sanmenxia/	
A/Whooper_swan/Sanmenxia/	
A/Whooper_swan/Sanmenxia/	
A/Whooper_swan/Sanmenxia/	
A/Whooper_swan/Sanmenxia/	
A/Whooper_swan/Sanmenxia/	
A/Whooper_swan/Sanmenxia/	
A/Whooper_swan/Sanmenxia/	
A/Whooper_swan/Sanmenxia/	
A/Whooper_swan/Sanmenxia/	
A/Whooper_swan/Sanmenxia/	
A/Whooper_swan/Sanmenxia/	
A/Whooper_swan/Sanmenxia/	
A/Whooper_swan/Sanmenxia/	
A/Whooper_swan/Sanmenxia/	
A/Whooper_swan/Sanmenxia/	
A/whooper_swan/Shaanxi/SX	
A/whooper_swan/Shaanxi/SX	
A/whooper_swan/Shaanxi/SX	
A/whooper_swan/Shandong/S	
A/whooper_swan/Shandong/S	
A/whooper_swan/Shandong/S	
A/whooper_swan/Shandong/S	
A/whooper_swan/Shandong/S	
A/whooper_swan/Shandong/S	
A/whooper_swan/Shandong/S	
A/whooper_swan/Shanxi/4-1	
A/whooper_swan/Shanxi/4-2	
A/whooper_swan/Shanxi/RC0	
A/whooper_swan/Shanxi/SX1	
A/whooper_swan/Shanxi/SX3	
A/whooper_swan/Shanxi/SX5	
A/whooper_swan/Shanxi/SX1	
A/whooper_swan/Shanxi/SX1	
A/whooper_swan/Shanxi/SX2	
A/whooper_swan/Shanxi/SX2	
A/whooper_swan/Shanxi/SX2	
A/whooper_swan/Shanxi/SX2	
A/whooper_swan/Shanxi/SX2	
A/whooper_swan/Shanxi/SX2	
A/whooper_swan/Shanxi/SX3	
A/wild_bird/Hubei/12.12_L	
A/wild_duck/Jiangsu/SD019	
A/wild_duck/Shandong/SC17	
A/wild_goose/Shandong/SC1	
A/Anser_cygnoides/Hubei/F	
A/Chlidonias_hybrida/Hube	
A/Cygnus_atratus/Hubei/2Z	
A/Cygnus_atratus/Hubei/HF	
A/Cygnus_columbianus/Hube	
A/Cygnus_columbianus/Hube	
A/Cygnus_columbianus/Hube	
A/Cygnus_columbianus/Hube	
A/Cygnus_columbianus/Hube	
A/Cygnus_columbianus/Hube	
A/Cygnus_columbianus/Hube	
A/Whooper_Swan/Sanmenxia/	
A/Wild_bird/Huadong/CIXI2	
A/chicken/Changhua/150400	
A/chicken/Changhua/150400	
A/chicken/Changhua/150400	
A/chicken/Changhua/150400	
A/chicken/Changhua/150500	
A/chicken/Changhua/150600	
A/chicken/Chiayi/15010454	
A/chicken/Kaohsiung/16010	
A/chicken/Kaohsiung/16020	
A/chicken/Kaohsiung/16040	
A/chicken/Kaohsiung/16070	
A/chicken/Kaohsiung/16120	
A/chicken/Kaohsiung/16MB0	
A/chicken/Kaohsiung/17030	
A/chicken/Miaoli/15010421	
A/chicken/Nantou/16110023	
A/chicken/New_Taipei_City	
A/chicken/New_Taipei_City	
A/chicken/New_Taipei_City	
A/chicken/New_Taipei_City	
A/chicken/New_Taipei_City	
A/chicken/New_Taipei_City	
A/chicken/Taichung/161100	
A/chicken/Tainan/15020214	
A/chicken/Tainan/17030058	
A/chicken/Taipei_City/170	
A/chicken/Taipei/16060022	
A/chicken/Taipei/16060023	
A/chicken/Taipei/16120021	
A/chicken/Taipei/17050005	
A/chicken/Taipei/17050008	
A/chicken/Taipei/17050009	
A/chicken/Yunlin/15050012	
A/chicken/Yunlin/16020038	
A/chicken/Yunlin/17010001	
A/duck/Chiayi/15080023/20	
A/duck/Eastern_China/JY/2	
A/duck/Eastern_China/L040	
A/duck/Eastern_China/L042	
A/duck/Eastern_China/L061	
A/duck/Eastern_China/L072	
A/duck/Eastern_China/L102	
A/duck/Eastern_China/L112	
A/duck/Eastern_China/S021	
A/duck/Eastern_China/S110	
A/duck/Eastern_China/S121	
A/duck/Guangdong/s14044/2	
A/duck/Hunan/11.30_YYGK74	
A/duck/Shandong/Q1/2013_H	
A/duck/Tainan/15010403/20	
A/duck/Taiwan/A3400/2015_	
A/duck/Xinjiang/12.18_WLM	
A/duck/Yunlin/15010277/20	
A/duck/Yunlin/15010458-1/	
A/duck/Zhejiang/6D18/2013	
A/duck/Zhejiang/925019/20	
A/duck/Zhejiang/925169/20	
A/duck/Zhejiang/W24/2013_	
A/eurasian_coot/Shandong/	
A/eurasian_coot/Shandong/	
A/eurasian_coot/Shandong/	
A/eurasian_coot/Shandong/	
A/goose/Chiayi/15020022/2	
A/goose/China/1/2021_H5N8	
A/goose/Eastern_China/CZ/	
A/goose/Eastern_China/L12	
A/goose/Eastern_China/L12	
A/goose/Eastern_China/S04	
A/goose/Guangdong/s13124/	
A/goose/Hebei/HG12/2021_H	
A/goose/Jiangsu/QD5/2014_	
A/goose/Pingtung/15050014	
A/goose/Pingtung/16010061	
A/goose/Tainan/16040018-1	
A/goose/Tainan/16070002/2	
A/goose/Taiwan/01019/2015	
A/goose/Taiwan/01039/2015	
A/goose/Taiwan/TNC1/2015_	
A/goose/Taiwan/TNC10/2015	
A/goose/Taiwan/TNC11/2015	
A/goose/Taiwan/TNC12/2015	
A/goose/Taiwan/TNC14/2015	
A/goose/Taiwan/TNC3/2015_	
A/goose/Taiwan/TNC7/2015_	
A/goose/Taiwan/TNC9/2015_	
A/goose/Taiwan/TNO15/2015	
A/goose/Taiwan/TNO3/2015_	
A/goose/Taiwan/TNO9/2015_	
A/goose/Taoyuan/15010041/	
A/goose/Xinjiang/12.18_WL	
A/goose/Xinjiang/12.18_WL	
A/goose/Xinjiang/12.18_WL	
A/goose/Xinjiang/12.18_WL	
A/goose/Yangzhou/0420/201	
A/goose/Yunlin/15040040/2	
A/goose/Zhejiang/925037/2	
A/goose/Zhejiang/925104/2	
A/mallard/Shanghai/SH-9/2	
A/swan/China/ST/2016_H5N8	
A/swan/Shandong/W3762/202	
A/turkey/Chiayi/17020092-	
A/whooper_swan/Shanxi/RC0	
A/wild_duck/Shandong/W358	
