Index,Seq_name,title                    ,T3s,C3s,A3s,G3s,CAI,CBI,Fop,Nc,GC3s,GC,L_sym,L_aa,Gravy,Aromo,Subtype,Host
1,A/Indonesia/5/2005,A/Indonesia/5/2005,0.3115,0.2711,0.4139,0.2742,0.173,-0.075,0.38,52.91,0.419,0.444,3990,4224,-0.409849,0.081439,H5N1,Human
2,A/Hong_Kong/483/1997,A/Hong_Kong/483/1997,0.3053,0.2781,0.4123,0.2742,0.166,-0.077,0.378,52.84,0.425,0.446,3995,4231,-0.412692,0.082014,H5N1,Human
3,A/Hong_Kong/482/97,A/Hong_Kong/482/97,0.3044,0.2776,0.4165,0.2703,0.167,-0.078,0.378,52.4,0.422,0.445,3996,4231,-0.41541,0.081777,H5N1,Human
4,A/Chicken/HongKong/FY150/01,A/Chicken/HongKong/FY150/,0.3091,0.2733,0.4072,0.2829,0.171,-0.073,0.381,52.99,0.427,0.446,4014,4244,-0.408412,0.082234,H5N1,Avian
5,A/Chicken/HongKong/YU822.2/01,A/Chicken/HongKong/YU822.,0.3143,0.2692,0.407,0.2811,0.17,-0.078,0.379,53.55,0.422,0.445,4010,4244,-0.414515,0.081998,H5N1,Avian
6,A/Chicken/HongKong/YU562/01,A/Chicken/HongKong/YU562/,0.3143,0.2677,0.4058,0.285,0.172,-0.075,0.38,53.31,0.424,0.446,4009,4244,-0.412394,0.082469,H5N1,Avian
7,A/Pheasant/Hong_Kong/FY155/01,A/Pheasant/Hong_Kong/FY15,0.311,0.27,0.4033,0.2883,0.171,-0.077,0.379,53.02,0.428,0.447,4013,4244,-0.412818,0.082469,H5N1,Avian
8,A/Hong_Kong/486/97,A/Hong_Kong/486/97,0.3039,0.2783,0.4162,0.2702,0.167,-0.076,0.379,52.42,0.423,0.446,3995,4231,-0.416261,0.081777,H5N1,Human
9,A/Thailand/16/2004,A/Thailand/16/2004,0.3113,0.2697,0.4095,0.282,0.172,-0.078,0.378,52.99,0.423,0.445,3993,4224,-0.41205,0.081676,H5N1,Human
10,A/Hong_Kong/538/97,A/Hong_Kong/538/97,0.3042,0.2789,0.4168,0.27,0.167,-0.076,0.379,52.41,0.423,0.445,4001,4237,-0.41409,0.082134,H5N1,Human
11,A/chicken/Indonesia/7/2003,A/chicken/Indonesia/7/200,0.3143,0.2677,0.4102,0.2792,0.172,-0.076,0.38,53.15,0.42,0.444,3991,4224,-0.417921,0.081439,H5N1,Avian
12,A/chicken/Korea/ES/03,A/chicken/Korea/ES/03,0.3043,0.2753,0.4108,0.2788,0.171,-0.072,0.382,53.02,0.427,0.447,3994,4223,-0.412195,0.081222,H5N1,Avian
13,A/Hong_Kong/156/97,A/Hong_Kong/156/97,0.3053,0.2772,0.4161,0.2707,0.166,-0.078,0.378,52.52,0.422,0.445,4001,4237,-0.412438,0.081662,H5N1,Human
14,A/whooper_swan/Mongolia/244/2005,A/whooper_swan/Mongolia/2,0.3114,0.2692,0.4143,0.2757,0.172,-0.075,0.38,52.66,0.419,0.443,3993,4224,-0.414725,0.081913,H5N1,Avian
15,A/Vietnam/UT3062/2004,A/Vietnam/UT3062/2004,0.3096,0.2719,0.4071,0.2838,0.173,-0.073,0.382,53.27,0.426,0.446,3994,4224,-0.411671,0.081913,H5N1,Human
16,A/Anas_crecca/Hubei/Chenhu1623-5/2014_H5N6|EPI_ISL_217941,A/Anas_crecca/Hubei/Chenh,0.2973,0.2721,0.4239,0.2805,0.164,-0.084,0.374,52.69,0.423,0.445,4015,4244,-0.414562,0.078464,H5N6,Avian
17,A/Anas_crecca/Hubei/Chenhu1623-5/2014|EPI_ISL_179644,A/Anas_crecca/Hubei/Chenh,0.2989,0.271,0.4245,0.2795,0.163,-0.086,0.373,52.66,0.421,0.444,4015,4244,-0.414043,0.078464,H5N6,Avian
18,A/Anas_platyrhynchos/Chongming/H5N1_1/2024|EPI_ISL_19890771,A/Anas_platyrhynchos/Chon,0.2994,0.2803,0.3994,0.2927,0.169,-0.075,0.38,52.94,0.44,0.449,4019,4254,-0.405078,0.081805,H5N1,Avian
19,A/Anas_platyrhynchos/Jiujiang/H5N1/2024|EPI_ISL_19890474,A/Anas_platyrhynchos/Jiuj,0.3,0.2803,0.3995,0.2913,0.168,-0.077,0.379,53.02,0.439,0.449,4018,4254,-0.403573,0.08157,H5N1,Avian
20,A/Anhui/1/2005|EPI_ISL_24603,A/Anhui/1/2005|EPI_ISL_24,0.3083,0.2701,0.4143,0.2797,0.17,-0.074,0.381,52.82,0.422,0.444,3995,4223,-0.413403,0.081695,H5N1,Human
21,A/Anhui/1/2006|EPI_ISL_73320,A/Anhui/1/2006|EPI_ISL_73,0.3106,0.2684,0.4142,0.2789,0.17,-0.074,0.38,52.96,0.42,0.444,3989,4223,-0.409922,0.081695,H5N1,Human
22,A/Anhui/2/2005|EPI_ISL_24606,A/Anhui/2/2005|EPI_ISL_24,0.3066,0.2712,0.4158,0.2786,0.171,-0.071,0.383,52.69,0.422,0.444,3994,4223,-0.411532,0.082169,H5N1,Human
23,A/Anhui/2021-00011/2020|EPI_ISL_1081370,A/Anhui/2021-00011/2020|E,0.2991,0.2656,0.4328,0.2738,0.162,-0.09,0.37,52.35,0.414,0.442,4002,4232,-0.415596,0.078922,H5N6,Human
24,A/Anhui/33163/2016|EPI_ISL_284651,A/Anhui/33163/2016|EPI_IS,0.286,0.2762,0.4319,0.2776,0.167,-0.071,0.381,51.62,0.426,0.446,3995,4225,-0.416402,0.079053,H5N6,Human
25,A/Anser_albifrons/Hubei/Chenhu586/2013_H5N3|EPI_ISL_217933,A/Anser_albifrons/Hubei/C,0.2995,0.2786,0.4118,0.2833,0.167,-0.075,0.38,52.97,0.431,0.447,4019,4251,-0.414444,0.080922,Others,Avian
26,A/Anser_cygnoides/China/P126/2015|EPI_ISL_503036,A/Anser_cygnoides/China/P,0.3137,0.2653,0.4115,0.281,0.165,-0.085,0.374,52.96,0.419,0.444,3993,4223,-0.40071,0.081459,H5N1,Avian
27,A/Anser_cygnoides/Hubei/FW44/2016|EPI_ISL_295492,A/Anser_cygnoides/Hubei/F,0.3042,0.2706,0.414,0.2787,0.169,-0.07,0.382,52.66,0.423,0.446,4017,4249,-0.400376,0.081666,H5N8,Avian
28,A/Anser_fabalis/Hunan/03.09__YYDTH0007/2015(H5N6)|EPI_ISL_199110,A/Anser_fabalis/Hunan/03.,0.302,0.2715,0.422,0.2795,0.166,-0.081,0.376,52.84,0.421,0.444,3999,4230,-0.412719,0.078723,H5N6,Avian
29,A/Anser_fabalis/Jiujiang/H5N1/2024|EPI_ISL_19886139,A/Anser_fabalis/Jiujiang/,0.3,0.2806,0.3992,0.2913,0.168,-0.077,0.379,53.03,0.439,0.449,4018,4254,-0.403573,0.08157,H5N1,Avian
30,A/bar_headed_goose/Tibet/T1707/2021|EPI_ISL_14822756,A/bar_headed_goose/Tibet/,0.3025,0.2731,0.4061,0.2868,0.166,-0.077,0.377,52.89,0.431,0.449,4011,4242,-0.392244,0.082037,H5N8,Avian
31,A/Bar-headed_Goose/Qinghai/A11/2016|EPI_ISL_292496,A/Bar-headed_Goose/Qingha,0.3026,0.272,0.4114,0.2833,0.17,-0.067,0.384,53.15,0.427,0.447,4022,4255,-0.405923,0.081316,H5N8,Avian
32,A/Bar-headed_Goose/Qinghai/A13/2016|EPI_ISL_292183,A/Bar-headed_Goose/Qingha,0.3018,0.2733,0.4096,0.285,0.17,-0.066,0.384,53.16,0.43,0.447,4025,4255,-0.405241,0.081551,H5N8,Avian
33,A/Bar-headed_Goose/Qinghai/a15/2016|EPI_ISL_292237,A/Bar-headed_Goose/Qingha,0.302,0.2723,0.4115,0.283,0.17,-0.066,0.384,53.07,0.428,0.447,4024,4255,-0.405711,0.081081,H5N8,Avian
34,A/Bar-headed_Goose/Qinghai/A16/2016|EPI_ISL_292182,A/Bar-headed_Goose/Qingha,0.3035,0.2717,0.4101,0.2832,0.17,-0.065,0.384,53.08,0.427,0.447,4024,4255,-0.403901,0.081316,H5N8,Avian
35,A/Bar-headed_Goose/Qinghai/A17/2016|EPI_ISL_292176,A/Bar-headed_Goose/Qingha,0.303,0.2721,0.4107,0.2835,0.17,-0.067,0.383,53.1,0.428,0.447,4024,4255,-0.405311,0.081551,H5N8,Avian
36,A/Bar-headed_Goose/Qinghai/A19/2016|EPI_ISL_292181,A/Bar-headed_Goose/Qingha,0.3016,0.2735,0.4081,0.2857,0.17,-0.065,0.384,53.24,0.431,0.448,4024,4255,-0.406134,0.081316,H5N8,Avian
37,A/Bar-headed_Goose/Qinghai/A20/2016|EPI_ISL_292177,A/Bar-headed_Goose/Qingha,0.3023,0.2729,0.4093,0.2847,0.17,-0.067,0.384,53.1,0.429,0.447,4023,4255,-0.405029,0.082256,H5N8,Avian
38,A/Bar-headed_Goose/Qinghai/A22/2016|EPI_ISL_292170,A/Bar-headed_Goose/Qingha,0.3029,0.2723,0.4089,0.2846,0.17,-0.066,0.384,53.24,0.429,0.448,4022,4255,-0.403596,0.081081,H5N8,Avian
39,A/Bar-headed_Goose/Qinghai/A23/2016|EPI_ISL_292192,A/Bar-headed_Goose/Qingha,0.3024,0.2724,0.4112,0.2829,0.17,-0.067,0.384,53.09,0.428,0.447,4024,4255,-0.407356,0.081316,H5N8,Avian
40,A/Bar-headed_Goose/Qinghai/a24/2016|EPI_ISL_292236,A/Bar-headed_Goose/Qingha,0.3029,0.2717,0.4108,0.2834,0.17,-0.067,0.383,53.04,0.427,0.447,4024,4255,-0.408625,0.081316,H5N8,Avian
41,A/Bar-headed_Goose/Qinghai/a26/2016|EPI_ISL_292330,A/Bar-headed_Goose/Qingha,0.3023,0.272,0.4108,0.2836,0.169,-0.067,0.383,53.09,0.428,0.447,4024,4255,-0.40564,0.081316,H5N8,Avian
42,A/Bar-headed_Goose/Qinghai/a27/2016|EPI_ISL_292329,A/Bar-headed_Goose/Qingha,0.3031,0.2707,0.4115,0.2836,0.169,-0.068,0.383,53.06,0.427,0.447,4025,4255,-0.406768,0.081316,H5N8,Avian
43,A/Bar-headed_Goose/Qinghai/a32/2016|EPI_ISL_292196,A/Bar-headed_Goose/Qingha,0.3026,0.2723,0.4107,0.2835,0.17,-0.066,0.384,53.13,0.428,0.447,4024,4255,-0.404653,0.081786,H5N8,Avian
44,A/Bar-headed_Goose/Qinghai/a43/2016|EPI_ISL_292235,A/Bar-headed_Goose/Qingha,0.3026,0.2714,0.4116,0.2834,0.17,-0.067,0.383,53.06,0.427,0.447,4024,4255,-0.405335,0.081551,H5N8,Avian
45,A/Bar-headed_Goose/Qinghai/a45/2016|EPI_ISL_292328,A/Bar-headed_Goose/Qingha,0.3022,0.2723,0.4107,0.2837,0.17,-0.067,0.383,53.1,0.428,0.447,4024,4255,-0.4051,0.081316,H5N8,Avian
46,A/Bar-headed_Goose/Qinghai/a61/2016|EPI_ISL_292231,A/Bar-headed_Goose/Qingha,0.3019,0.272,0.4107,0.2839,0.17,-0.066,0.384,53.09,0.428,0.448,4024,4255,-0.402609,0.081551,H5N8,Avian
47,A/Bar-headed_Goose/Qinghai/a88/2016|EPI_ISL_292194,A/Bar-headed_Goose/Qingha,0.3028,0.2725,0.4084,0.2846,0.17,-0.067,0.383,53.23,0.429,0.448,4023,4255,-0.405734,0.081316,H5N8,Avian
48,A/Bar-headed_Goose/Qinghai/a91/2016|EPI_ISL_292233,A/Bar-headed_Goose/Qingha,0.3025,0.2719,0.4102,0.284,0.17,-0.068,0.383,53.16,0.428,0.447,4024,4255,-0.402726,0.081551,H5N8,Avian
49,A/Bar-headed_Goose/Qinghai/a92/2016|EPI_ISL_292234,A/Bar-headed_Goose/Qingha,0.3021,0.2719,0.4102,0.2839,0.17,-0.067,0.383,53.16,0.428,0.448,4023,4255,-0.402092,0.081316,H5N8,Avian
50,A/Bar-headed_Goose/Qinghai/a93/2016|EPI_ISL_292230,A/Bar-headed_Goose/Qingha,0.3021,0.2724,0.4106,0.2843,0.17,-0.065,0.385,53.11,0.429,0.447,4023,4255,-0.407262,0.081786,H5N8,Avian
51,A/Bar-headed_Goose/Qinghai/a113/2016|EPI_ISL_292229,A/Bar-headed_Goose/Qingha,0.3027,0.2724,0.4104,0.2832,0.17,-0.066,0.384,53.13,0.428,0.447,4024,4255,-0.405969,0.081081,H5N8,Avian
52,A/Bar-headed_Goose/Qinghai/a114/2016|EPI_ISL_292331,A/Bar-headed_Goose/Qingha,0.303,0.2721,0.4107,0.2834,0.17,-0.066,0.384,53.08,0.428,0.447,4024,4255,-0.406157,0.081551,H5N8,Avian
53,A/Bar-headed_Goose/Qinghai/a115/2016|EPI_ISL_292198,A/Bar-headed_Goose/Qingha,0.3039,0.2709,0.4115,0.2828,0.17,-0.067,0.383,53.18,0.426,0.447,4019,4255,-0.406275,0.081786,H5N8,Avian
54,A/Bar-headed_Goose/Qinghai/a210/2017|EPI_ISL_292498,A/Bar-headed_Goose/Qingha,0.3022,0.2735,0.4126,0.2803,0.169,-0.069,0.382,52.72,0.426,0.446,4024,4255,-0.397368,0.081316,H5N8,Avian
55,A/Bar-headed_Goose/Qinghai/a218/2017|EPI_ISL_292341,A/Bar-headed_Goose/Qingha,0.3018,0.2734,0.4123,0.2815,0.169,-0.069,0.382,52.74,0.427,0.447,4025,4255,-0.396569,0.081316,H5N8,Avian
56,A/Bar-headed_Goose/Qinghai/a237/2017|EPI_ISL_292476,A/Bar-headed_Goose/Qingha,0.3032,0.2729,0.4121,0.2808,0.17,-0.068,0.383,52.78,0.426,0.446,4024,4255,-0.400611,0.081551,H5N8,Avian
57,A/Bar-headed_Goose/Qinghai/a765/2017|EPI_ISL_292478,A/Bar-headed_Goose/Qingha,0.3026,0.2739,0.4121,0.2803,0.17,-0.067,0.383,52.75,0.427,0.447,4024,4255,-0.400117,0.081551,H5N8,Avian
58,A/Bar-headed_Goose/Qinghai/a893/2017|EPI_ISL_292479,A/Bar-headed_Goose/Qingha,0.303,0.2724,0.413,0.2811,0.17,-0.069,0.382,52.76,0.426,0.446,4024,4255,-0.397391,0.082256,H5N8,Avian
59,A/Bar-headed_Goose/Qinghai/B11/2016|EPI_ISL_292495,A/Bar-headed_Goose/Qingha,0.3029,0.2723,0.4096,0.2834,0.17,-0.066,0.384,53.16,0.428,0.448,4023,4255,-0.404395,0.081316,H5N8,Avian
60,A/Bar-headed_Goose/Qinghai/B12/2016|EPI_ISL_292191,A/Bar-headed_Goose/Qingha,0.3023,0.2726,0.4105,0.2832,0.17,-0.065,0.385,53.13,0.428,0.447,4024,4255,-0.407285,0.081316,H5N8,Avian
61,A/Bar-headed_Goose/Qinghai/B34/2016|EPI_ISL_292186,A/Bar-headed_Goose/Qingha,0.3022,0.2729,0.4099,0.2836,0.17,-0.067,0.384,53.15,0.429,0.448,4024,4255,-0.405429,0.081551,H5N8,Avian
62,A/Bar-headed_Goose/Qinghai/B44/2016|EPI_ISL_291952,A/Bar-headed_Goose/Qingha,0.3024,0.2721,0.411,0.2834,0.169,-0.067,0.383,53.2,0.428,0.447,4023,4255,-0.406134,0.081081,H5N8,Avian
63,A/Bar-headed_Goose/Qinghai/B51/2016|EPI_ISL_292184,A/Bar-headed_Goose/Qingha,0.3027,0.2727,0.4099,0.2836,0.171,-0.065,0.385,53.15,0.428,0.447,4024,4255,-0.406181,0.081316,H5N8,Avian
64,A/Bar-headed_Goose/Qinghai/B54/2016|EPI_ISL_292173,A/Bar-headed_Goose/Qingha,0.3026,0.2717,0.4094,0.2846,0.17,-0.068,0.383,53.19,0.429,0.448,4023,4255,-0.401598,0.081316,H5N8,Avian
65,A/Bar-headed_Goose/Qinghai/B655/2017|EPI_ISL_292334,A/Bar-headed_Goose/Qingha,0.3019,0.2735,0.4123,0.2815,0.169,-0.069,0.382,52.78,0.427,0.447,4025,4255,-0.399295,0.081316,H5N8,Avian
66,A/Bar-headed_Goose/Qinghai/BTY1-B/2016|EPI_ISL_224704,A/Bar-headed_Goose/Qingha,0.3026,0.2723,0.4096,0.284,0.17,-0.067,0.384,53.22,0.429,0.448,4023,4255,-0.403925,0.081316,H5N8,Avian
67,A/Bar-headed_Goose/Qinghai/BTY2/2015_H5N1|EPI_ISL_200998,A/Bar-headed_Goose/Qingha,0.3042,0.2715,0.4184,0.2782,0.166,-0.085,0.374,52.41,0.422,0.444,3993,4223,-0.416031,0.082169,H5N1,Avian
68,A/Bar-headed_Goose/Qinghai/BTY2-B/2016|EPI_ISL_224707,A/Bar-headed_Goose/Qingha,0.3022,0.2723,0.4107,0.2833,0.17,-0.066,0.384,53.14,0.428,0.447,4024,4255,-0.40611,0.081081,H5N8,Avian
69,A/Bar-headed_Goose/Qinghai/BTY2-LU/2016|EPI_ISL_224708,A/Bar-headed_Goose/Qingha,0.302,0.2726,0.4105,0.2837,0.17,-0.066,0.384,53.14,0.428,0.447,4024,4255,-0.40698,0.081316,H5N8,Avian
70,A/Bar-headed_Goose/Qinghai/BTY3-B/2016|EPI_ISL_224709,A/Bar-headed_Goose/Qingha,0.302,0.2729,0.4091,0.2843,0.169,-0.067,0.383,53.24,0.429,0.448,4023,4255,-0.404677,0.081316,H5N8,Avian
71,A/Bar-headed_Goose/Qinghai/BTY3-LU/2016|EPI_ISL_224710,A/Bar-headed_Goose/Qingha,0.3022,0.2726,0.4094,0.2839,0.17,-0.068,0.383,53.21,0.429,0.448,4023,4255,-0.401175,0.081316,H5N8,Avian
72,A/Bar-headed_Goose/Qinghai/BTY4-B/2016|EPI_ISL_224711,A/Bar-headed_Goose/Qingha,0.3022,0.2726,0.4091,0.2845,0.17,-0.067,0.383,53.25,0.429,0.448,4024,4255,-0.404724,0.081316,H5N8,Avian
73,A/Bar-headed_Goose/Qinghai/BTY4-LU/2016|EPI_ISL_224712,A/Bar-headed_Goose/Qingha,0.3026,0.2723,0.4096,0.2839,0.17,-0.067,0.383,53.28,0.429,0.448,4023,4255,-0.404653,0.081316,H5N8,Avian
74,A/Bar-headed_Goose/Qinghai/BTY5-B/2016|EPI_ISL_224713,A/Bar-headed_Goose/Qingha,0.3026,0.2723,0.4093,0.2843,0.17,-0.066,0.384,53.26,0.429,0.448,4023,4255,-0.403925,0.081316,H5N8,Avian
75,A/Bar-headed_Goose/Qinghai/BTY6-B/2016|EPI_ISL_224714,A/Bar-headed_Goose/Qingha,0.3023,0.2726,0.4115,0.2827,0.17,-0.066,0.384,53.09,0.428,0.447,4023,4255,-0.407215,0.081081,H5N8,Avian
76,A/Bar-headed_Goose/Qinghai/BTY6-LU/2016|EPI_ISL_224715,A/Bar-headed_Goose/Qingha,0.3024,0.2727,0.4104,0.2829,0.17,-0.065,0.384,53.14,0.428,0.447,4023,4255,-0.404982,0.081081,H5N8,Avian
77,A/Bar-headed_Goose/Qinghai/BTY7-B/2016|EPI_ISL_224716,A/Bar-headed_Goose/Qingha,0.3019,0.2725,0.4108,0.2835,0.17,-0.065,0.385,53.13,0.428,0.447,4023,4255,-0.405875,0.081316,H5N8,Avian
78,A/Bar-headed_Goose/Qinghai/BTY7-LU1/2016|EPI_ISL_224717,A/Bar-headed_Goose/Qingha,0.3018,0.2733,0.4102,0.2836,0.17,-0.065,0.385,53.17,0.429,0.448,4023,4255,-0.40698,0.081551,H5N8,Avian
79,A/Bar-headed_Goose/Qinghai/BTY7-LU2/2016|EPI_ISL_224718,A/Bar-headed_Goose/Qingha,0.3022,0.2731,0.41,0.2836,0.17,-0.065,0.385,53.22,0.429,0.447,4023,4255,-0.403384,0.081316,H5N8,Avian
80,A/Bar-headed_Goose/Qinghai/BTY8-B/2016|EPI_ISL_224719,A/Bar-headed_Goose/Qingha,0.302,0.2729,0.409,0.2847,0.17,-0.068,0.383,53.23,0.43,0.448,4023,4255,-0.405758,0.081316,H5N8,Avian
81,A/Bar-headed_Goose/Qinghai/BTY8-LU/2016|EPI_ISL_224720,A/Bar-headed_Goose/Qingha,0.3023,0.2726,0.4096,0.2839,0.17,-0.068,0.383,53.2,0.429,0.448,4023,4255,-0.404348,0.081316,H5N8,Avian
82,A/Bar-headed_Goose/Qinghai/BTY9-B/2016|EPI_ISL_224721,A/Bar-headed_Goose/Qingha,0.3016,0.2729,0.4095,0.2845,0.17,-0.066,0.384,53.22,0.429,0.448,4022,4255,-0.404559,0.081551,H5N8,Avian
83,A/Bar-headed_Goose/Qinghai/BTY9-LU/2016|EPI_ISL_224722,A/Bar-headed_Goose/Qingha,0.3016,0.2729,0.4093,0.2843,0.17,-0.066,0.384,53.22,0.429,0.448,4022,4255,-0.403807,0.081316,H5N8,Avian
84,A/Bar-headed_Goose/Qinghai/BTY10-B/2016|EPI_ISL_224723,A/Bar-headed_Goose/Qingha,0.3019,0.2723,0.4112,0.2834,0.17,-0.067,0.383,53.08,0.428,0.447,4024,4255,-0.404277,0.081316,H5N8,Avian
85,A/Bar-headed_Goose/Qinghai/BTY10-LU/2016|EPI_ISL_224724,A/Bar-headed_Goose/Qingha,0.3019,0.2725,0.411,0.2836,0.17,-0.066,0.384,53.1,0.428,0.447,4024,4255,-0.408437,0.081551,H5N8,Avian
86,A/Bar-headed_Goose/Qinghai/BTY11-B/2016|EPI_ISL_224725,A/Bar-headed_Goose/Qingha,0.3019,0.2729,0.4099,0.284,0.17,-0.067,0.383,53.15,0.429,0.448,4024,4255,-0.408461,0.081316,H5N8,Avian
87,A/Bar-headed_Goose/Qinghai/BTY11-LU/2016|EPI_ISL_224726,A/Bar-headed_Goose/Qingha,0.3019,0.2729,0.4103,0.2837,0.17,-0.067,0.383,53.11,0.429,0.447,4024,4255,-0.407027,0.081316,H5N8,Avian
88,A/Bar-headed_Goose/Qinghai/BTY12-B/2016|EPI_ISL_224727,A/Bar-headed_Goose/Qingha,0.3024,0.2727,0.4096,0.284,0.17,-0.066,0.384,53.24,0.429,0.448,4023,4255,-0.404371,0.081316,H5N8,Avian
89,A/Bar-headed_Goose/Qinghai/BTY12-LU/2016|EPI_ISL_224728,A/Bar-headed_Goose/Qingha,0.3023,0.2726,0.4096,0.2839,0.17,-0.067,0.384,53.18,0.429,0.448,4023,4255,-0.40369,0.081316,H5N8,Avian
90,A/Bar-headed_Goose/Qinghai/BTY13-B/2016|EPI_ISL_224729,A/Bar-headed_Goose/Qingha,0.3023,0.2723,0.4115,0.2826,0.17,-0.066,0.384,53.04,0.427,0.447,4024,4255,-0.406275,0.081316,H5N8,Avian
91,A/Bar-headed_Goose/Qinghai/BTY13-LU/2016|EPI_ISL_224730,A/Bar-headed_Goose/Qingha,0.3016,0.2729,0.4115,0.2826,0.17,-0.067,0.383,53.06,0.428,0.447,4024,4255,-0.405147,0.081081,H5N8,Avian
92,A/Bar-headed_Goose/Qinghai/BTY14-B/2016|EPI_ISL_224731,A/Bar-headed_Goose/Qingha,0.302,0.2729,0.4102,0.2837,0.17,-0.066,0.384,53.12,0.429,0.447,4024,4255,-0.405617,0.081316,H5N8,Avian
93,A/Bar-headed_Goose/Qinghai/BTY14-LU/2016|EPI_ISL_224732,A/Bar-headed_Goose/Qingha,0.3031,0.272,0.4093,0.2844,0.17,-0.066,0.384,53.17,0.428,0.448,4024,4255,-0.405734,0.081551,H5N8,Avian
94,A/Bar-headed_Goose/Qinghai/BTY15-B/2016|EPI_ISL_224733,A/Bar-headed_Goose/Qingha,0.3023,0.2726,0.4113,0.2825,0.17,-0.065,0.384,53.12,0.428,0.447,4023,4255,-0.408743,0.081316,H5N8,Avian
95,A/Bar-headed_Goose/Qinghai/BTY15-LU/2016|EPI_ISL_224734,A/Bar-headed_Goose/Qingha,0.3023,0.2726,0.4109,0.2821,0.17,-0.065,0.385,53.15,0.428,0.447,4023,4255,-0.405076,0.081316,H5N8,Avian
96,A/Bar-headed_Goose/Qinghai/BTY16-B/2016|EPI_ISL_224735,A/Bar-headed_Goose/Qingha,0.3022,0.2726,0.4107,0.2824,0.17,-0.065,0.384,53.22,0.428,0.448,4023,4255,-0.406228,0.081081,H5N8,Avian
97,A/Bar-headed_Goose/Qinghai/BTY16-LU/2016|EPI_ISL_224736,A/Bar-headed_Goose/Qingha,0.3017,0.2729,0.4104,0.283,0.17,-0.065,0.384,53.19,0.429,0.448,4023,4255,-0.404818,0.081081,H5N8,Avian
98,A/Bar-headed_Goose/Qinghai/BTY17-B/2016|EPI_ISL_224737,A/Bar-headed_Goose/Qingha,0.3029,0.2713,0.41,0.2841,0.169,-0.069,0.382,53.21,0.428,0.448,4017,4249,-0.405578,0.081431,H5N8,Avian
99,A/Bar-headed_Goose/Qinghai/BTY17-LU/2016|EPI_ISL_224738,A/Bar-headed_Goose/Qingha,0.3029,0.2717,0.4092,0.2839,0.169,-0.068,0.383,53.17,0.428,0.448,4023,4255,-0.404136,0.081081,H5N8,Avian
100,A/Bar-headed_Goose/Qinghai/BTY18-B/2016|EPI_ISL_224739,A/Bar-headed_Goose/Qingha,0.3018,0.2725,0.4115,0.2831,0.169,-0.068,0.383,53.02,0.428,0.447,4025,4255,-0.405805,0.081551,H5N8,Avian
101,A/Bar-headed_Goose/Qinghai/BTY18-LU/2016|EPI_ISL_224740,A/Bar-headed_Goose/Qingha,0.3021,0.2722,0.4115,0.2831,0.169,-0.068,0.383,53.04,0.428,0.447,4025,4255,-0.4047,0.081786,H5N8,Avian
102,A/Bar-headed_Goose/Qinghai/HDT001/2016|EPI_ISL_292232,A/Bar-headed_Goose/Qingha,0.3023,0.2726,0.41,0.284,0.17,-0.065,0.384,53.16,0.429,0.447,4024,4255,-0.406957,0.081316,H5N8,Avian
103,A/Bar-headed_Goose/Qinghai/p2/2016|EPI_ISL_292327,A/Bar-headed_Goose/Qingha,0.3026,0.2717,0.4112,0.2839,0.17,-0.067,0.383,53.05,0.428,0.447,4024,4255,-0.406322,0.081786,H5N8,Avian
104,A/Bar-headed_Goose/Qinghai/p9/2016|EPI_ISL_292239,A/Bar-headed_Goose/Qingha,0.3025,0.2723,0.41,0.2836,0.17,-0.068,0.383,53.18,0.428,0.448,4023,4255,-0.404818,0.081786,H5N8,Avian
105,A/Bar-headed_Goose/Qinghai/p18/2016|EPI_ISL_292238,A/Bar-headed_Goose/Qingha,0.3028,0.2723,0.4089,0.2842,0.169,-0.069,0.382,53.22,0.429,0.448,4023,4255,-0.403713,0.081316,H5N8,Avian
106,A/Bar-headed_goose/Qinghai/X402/2015_H5N6|EPI_ISL_218200,A/Bar-headed_goose/Qingha,0.2981,0.2673,0.4299,0.2765,0.164,-0.086,0.373,51.88,0.417,0.444,3994,4226,-0.419356,0.079035,H5N6,Avian
107,A/Bar-headed_goose/Qinghai/X417/2015_H5N6|EPI_ISL_218201,A/Bar-headed_goose/Qingha,0.2976,0.2674,0.4303,0.2767,0.164,-0.085,0.373,51.91,0.417,0.443,4000,4233,-0.423317,0.078668,H5N6,Avian
108,A/Bar-headed_goose/Qinghai/X418-1/2015_H5N6|EPI_ISL_218202,A/Bar-headed_goose/Qingha,0.2976,0.2677,0.4311,0.2758,0.165,-0.085,0.373,51.86,0.417,0.443,4000,4233,-0.421592,0.078904,H5N6,Avian
109,A/Bar-headed_goose/Qinghai/X418-2/2015_H5N6|EPI_ISL_218203,A/Bar-headed_goose/Qingha,0.2978,0.2671,0.4307,0.2763,0.164,-0.086,0.373,51.88,0.417,0.443,4000,4233,-0.419206,0.078904,H5N6,Avian
110,A/Bar-headed_goose/Qinghai/X424/2015_H5N6|EPI_ISL_218204,A/Bar-headed_goose/Qingha,0.2976,0.2672,0.4309,0.2761,0.164,-0.086,0.373,51.88,0.417,0.443,4000,4233,-0.418899,0.078904,H5N6,Avian
111,A/Bar-headed_goose/Qinghai/X428/2015_H5N6|EPI_ISL_218205,A/Bar-headed_goose/Qingha,0.2977,0.2673,0.4309,0.2761,0.164,-0.086,0.373,51.85,0.417,0.443,4000,4233,-0.422325,0.078904,H5N6,Avian
112,A/Bar-headed_goose/Qinghai/X430/2015_H5N6|EPI_ISL_218206,A/Bar-headed_goose/Qingha,0.2981,0.2671,0.4305,0.2764,0.164,-0.086,0.373,51.87,0.417,0.443,4000,4233,-0.422892,0.078904,H5N6,Avian
113,A/Bar-headed_goose/Qinghai/X437/2015_H5N6|EPI_ISL_218207,A/Bar-headed_goose/Qingha,0.2979,0.2666,0.4308,0.2758,0.164,-0.087,0.372,51.87,0.416,0.443,4000,4233,-0.418781,0.078431,H5N6,Avian
114,A/Bar-headed_Goose/Qinghai/XX13/2016|EPI_ISL_292179,A/Bar-headed_Goose/Qingha,0.3018,0.2724,0.411,0.2836,0.17,-0.066,0.384,53.08,0.428,0.447,4024,4255,-0.407709,0.081081,H5N8,Avian
115,A/Bar-headed_Goose/Qinghai/XX22/2016|EPI_ISL_292180,A/Bar-headed_Goose/Qingha,0.3024,0.2724,0.4119,0.2828,0.17,-0.067,0.383,53.04,0.427,0.447,4024,4255,-0.408085,0.081786,H5N8,Avian
116,A/Bar-headed_Goose/Qinghai/XX76/2016|EPI_ISL_292193,A/Bar-headed_Goose/Qingha,0.3026,0.2717,0.411,0.2836,0.17,-0.067,0.383,53.08,0.428,0.447,4024,4255,-0.406651,0.081551,H5N8,Avian
117,A/Bar-headed_Goose/Qinghai/XX111/2016|EPI_ISL_292190,A/Bar-headed_Goose/Qingha,0.3029,0.2716,0.4117,0.2825,0.17,-0.068,0.383,53.03,0.427,0.447,4018,4249,-0.408002,0.081431,H5N8,Avian
118,A/Bar-headed_Goose/Qinghai/XX446/2016|EPI_ISL_292175,A/Bar-headed_Goose/Qingha,0.3024,0.2721,0.4104,0.2839,0.17,-0.066,0.384,53.11,0.428,0.447,4024,4255,-0.405875,0.081081,H5N8,Avian
119,A/Bar-headed_Goose/Qinghai/XX782/2016|EPI_ISL_292187,A/Bar-headed_Goose/Qingha,0.3022,0.2726,0.4107,0.2833,0.17,-0.066,0.384,53.03,0.428,0.447,4025,4255,-0.405123,0.081551,H5N8,Avian
120,A/Bar-headed_Goose/Qinghai/XXI122/2016|EPI_ISL_292497,A/Bar-headed_Goose/Qingha,0.3016,0.2726,0.411,0.2836,0.17,-0.067,0.384,53.07,0.428,0.447,4025,4255,-0.40463,0.081786,H5N8,Avian
121,A/Bar-headed_Goose/Tibet/XZ6/2021|EPI_ISL_8215658,A/Bar-headed_Goose/Tibet/,0.3039,0.2713,0.4077,0.2855,0.166,-0.076,0.378,52.94,0.429,0.448,4005,4236,-0.393107,0.081917,H5N8,Avian
122,A/Bar-headed_Goose/Tibet/XZ71/2021|EPI_ISL_8215659,A/Bar-headed_Goose/Tibet/,0.3033,0.2717,0.4068,0.2868,0.165,-0.079,0.376,52.88,0.43,0.448,4006,4236,-0.393296,0.082153,H5N8,Avian
123,A/Bar-headed_Goose/Tibet/XZ81/2021|EPI_ISL_8215660,A/Bar-headed_Goose/Tibet/,0.3021,0.2729,0.4077,0.2857,0.166,-0.077,0.377,52.81,0.43,0.448,4006,4236,-0.393508,0.082153,H5N8,Avian
124,A/Bar-headed_Goose/Tibet/XZ181/2021|EPI_ISL_8215661,A/Bar-headed_Goose/Tibet/,0.3033,0.2716,0.4077,0.286,0.166,-0.076,0.378,52.93,0.429,0.448,4005,4236,-0.39195,0.081917,H5N8,Avian
125,A/Bar-headed_Goose/Tibet/XZ901/2021|EPI_ISL_8215688,A/Bar-headed_Goose/Tibet/,0.2965,0.2822,0.3995,0.2931,0.17,-0.072,0.382,52.87,0.442,0.451,4015,4248,-0.405532,0.081921,H5N1,Avian
126,A/Bar-headed_Goose/Tibet/XZ1131/2021|EPI_ISL_8215689,A/Bar-headed_Goose/Tibet/,0.2968,0.2822,0.3999,0.2924,0.17,-0.072,0.382,52.86,0.442,0.45,4015,4248,-0.407109,0.082156,H5N1,Avian
127,A/Bar-headed_Goose/Tibet/XZQ5-1/2021|EPI_ISL_8215653,A/Bar-headed_Goose/Tibet/,0.3028,0.2724,0.4069,0.2863,0.166,-0.078,0.377,52.85,0.43,0.449,4005,4236,-0.393791,0.082153,H5N8,Avian
128,A/Bar-headed_Goose/Tibet/XZQ7/2021|EPI_ISL_8215654,A/Bar-headed_Goose/Tibet/,0.303,0.272,0.4068,0.2866,0.166,-0.078,0.376,52.84,0.43,0.449,4006,4236,-0.394405,0.082153,H5N8,Avian
129,A/Bar-headed_Goose/Tibet/XZQ8-1/2021|EPI_ISL_8215655,A/Bar-headed_Goose/Tibet/,0.303,0.272,0.4068,0.2866,0.166,-0.079,0.376,52.86,0.43,0.449,4006,4236,-0.394594,0.082153,H5N8,Avian
130,A/Bar-headed_Goose/Tibet/XZQ9-1/2021|EPI_ISL_8215656,A/Bar-headed_Goose/Tibet/,0.303,0.272,0.4068,0.2868,0.166,-0.079,0.376,52.84,0.43,0.448,4006,4236,-0.394358,0.082153,H5N8,Avian
131,A/Bar-headed_Goose/Tibet/XZQ10-1/2021|EPI_ISL_8215657,A/Bar-headed_Goose/Tibet/,0.303,0.272,0.4068,0.2867,0.166,-0.079,0.376,52.85,0.43,0.449,4006,4236,-0.394523,0.082153,H5N8,Avian
132,A/Bar-headed_Goose/Tibet/XZQ13-1/2021|EPI_ISL_8215662,A/Bar-headed_Goose/Tibet/,0.3026,0.2722,0.407,0.2869,0.166,-0.074,0.379,52.92,0.43,0.449,4006,4236,-0.393555,0.081917,H5N8,Avian
133,A/Bar-headed_Goose/Tibet/XZQ17-1/2021|EPI_ISL_8215685,A/Bar-headed_Goose/Tibet/,0.3033,0.2716,0.4077,0.2859,0.166,-0.076,0.378,52.94,0.429,0.448,4005,4236,-0.392115,0.081917,H5N8,Avian
134,A/Bar-headed_Goose/Tibet/XZQ18-1/2021|EPI_ISL_8215686,A/Bar-headed_Goose/Tibet/,0.3035,0.2713,0.4077,0.286,0.166,-0.075,0.378,52.95,0.429,0.448,4005,4236,-0.392375,0.081917,H5N8,Avian
135,A/bean_goose/Hubei/BQ11/2020|EPI_ISL_2713372,A/bean_goose/Hubei/BQ11/2,0.3026,0.2723,0.4074,0.2861,0.167,-0.073,0.379,52.9,0.43,0.449,4005,4236,-0.398135,0.081681,H5N8,Avian
136,A/Bean_Goose/Hubei/chenhu__XVI311-2_/2016_H5N8|EPI_ISL_217879,A/Bean_Goose/Hubei/chenhu,0.3199,0.2632,0.4004,0.2855,0.172,-0.075,0.379,52.95,0.422,0.448,4017,4252,-0.4004,0.082079,H5N8,Avian
137,A/Bean_goose/Hubei/CH-i119/2017|EPI_ISL_266821,A/Bean_goose/Hubei/CH-i11,0.3015,0.2733,0.4102,0.284,0.17,-0.065,0.384,53.13,0.429,0.448,4024,4255,-0.406251,0.081081,H5N8,Avian
138,A/Bean_goose/Hubei/CH-i122/2017_H5N8|EPI_ISL_266820,A/Bean_goose/Hubei/CH-i12,0.3014,0.2735,0.409,0.2838,0.169,-0.069,0.382,53.22,0.43,0.448,4024,4255,-0.401669,0.081316,H5N8,Avian
139,A/Bean_goose/Hubei/CH-I225/2017|EPI_ISL_266825,A/Bean_goose/Hubei/CH-I22,0.2939,0.2686,0.4303,0.2789,0.165,-0.082,0.375,52.3,0.42,0.445,4002,4233,-0.414056,0.07914,H5N6,Avian
140,A/Bean_goose/Hubei/CH-i320/2017_H5N8|EPI_ISL_266824,A/Bean_goose/Hubei/CH-i32,0.3025,0.2718,0.4114,0.2834,0.169,-0.068,0.383,53.14,0.428,0.447,4018,4249,-0.409461,0.081666,H5N8,Avian
141,A/black_chicken/Jiangxi/10129/2014|EPI_ISL_173482,A/black_chicken/Jiangxi/1,0.3018,0.2683,0.4242,0.2807,0.164,-0.086,0.374,52.66,0.42,0.443,4013,4244,-0.415245,0.078699,H5N6,Avian
142,A/Black_faced_Spoonbill/AFCD-HKU-22-21944-01009/2022|EPI_ISL_19135474,A/Black_faced_Spoonbill/A,0.3034,0.2804,0.405,0.2818,0.17,-0.068,0.384,52.9,0.432,0.449,4019,4254,-0.407734,0.08204,H5N1,Avian
143,A/Black_Faced_Spoonbill/Hong_Kong/AFCD-HKU-21-17198.01012/2021|EPI_ISL_19287787,A/Black_Faced_Spoonbill/H,0.2979,0.2816,0.3963,0.296,0.169,-0.067,0.385,53.08,0.444,0.451,4020,4254,-0.410602,0.08204,H5N1,Avian
144,A/Black_Faced_Spoonbill/Hong_Kong/AFCD-HKU-22-21429-01012/2022|EPI_ISL_19258148,A/Black_Faced_Spoonbill/H,0.3014,0.2814,0.4079,0.2803,0.17,-0.066,0.385,52.71,0.432,0.448,4021,4254,-0.405548,0.082511,H5N1,Avian
145,A/black_swan/Beijing/1/2021|EPI_ISL_5260418,A/black_swan/Beijing/1/20,0.3014,0.2719,0.4079,0.287,0.165,-0.078,0.376,52.92,0.431,0.449,4006,4236,-0.400024,0.081681,H5N8,Avian
146,A/black-backed_gull/Shandong/SC189/2021|EPI_ISL_5260416,A/black-backed_gull/Shand,0.3037,0.2712,0.4066,0.2865,0.166,-0.077,0.378,53.04,0.429,0.449,4005,4236,-0.397049,0.081681,H5N8,Avian
147,A/Black-necked_Grebe/Inner_Mongolia/Anal_swab4/2015_H5N1|EPI_ISL_201010,A/Black-necked_Grebe/Inne,0.3065,0.2698,0.4174,0.2787,0.165,-0.089,0.372,52.42,0.421,0.443,3992,4223,-0.410419,0.081695,H5N1,Avian
148,A/Black-necked_Grebe/Inner_Mongolia/Brain1/2015_H5N1|EPI_ISL_201001,A/Black-necked_Grebe/Inne,0.3042,0.2718,0.4168,0.2801,0.165,-0.085,0.374,52.49,0.423,0.444,3994,4223,-0.412361,0.081695,H5N1,Avian
149,A/Black-necked_Grebe/Inner_Mongolia/Brain3/2015_H5N1|EPI_ISL_201006,A/Black-necked_Grebe/Inne,0.3043,0.2716,0.4167,0.2802,0.166,-0.083,0.375,52.49,0.423,0.443,3994,4223,-0.411816,0.081459,H5N1,Avian
150,A/Black-necked_Grebe/Inner_Mongolia/Liver3/2015_H5N1|EPI_ISL_201005,A/Black-necked_Grebe/Inne,0.3045,0.2715,0.4165,0.2804,0.166,-0.084,0.375,52.5,0.423,0.444,3994,4223,-0.411153,0.081695,H5N1,Avian
151,A/Black-necked_Grebe/Inner_Mongolia/Lung2/2015_H5N1|EPI_ISL_201003,A/Black-necked_Grebe/Inne,0.3039,0.2721,0.4165,0.2804,0.166,-0.084,0.375,52.5,0.424,0.444,3994,4223,-0.411343,0.081695,H5N1,Avian
152,A/Black-necked_Grebe/Inner_Mongolia/Lung3-2/2015_H5N1|EPI_ISL_201007,A/Black-necked_Grebe/Inne,0.3045,0.2715,0.4165,0.2804,0.166,-0.084,0.375,52.5,0.423,0.444,3994,4223,-0.411153,0.081695,H5N1,Avian
153,A/Black-necked_Grebe/Inner_Mongolia/Oropharynx_swab3/2015_H5N1|EPI_ISL_201008,A/Black-necked_Grebe/Inne,0.3043,0.2716,0.4167,0.2802,0.166,-0.083,0.375,52.5,0.423,0.444,3994,4223,-0.412906,0.081459,H5N1,Avian
154,A/Black-necked_Grebe/Inner_Mongolia/Trachea3/2015_H5N1|EPI_ISL_201009,A/Black-necked_Grebe/Inne,0.3039,0.2718,0.4166,0.2801,0.166,-0.084,0.375,52.47,0.423,0.444,3994,4223,-0.410798,0.081459,H5N1,Avian
155,A/Brown-headed_Gull/Qinghai/ZTO1-B/2016|EPI_ISL_224742,A/Brown-headed_Gull/Qingh,0.3031,0.2714,0.4099,0.2839,0.17,-0.067,0.383,53.17,0.428,0.447,4024,4255,-0.401246,0.081316,H5N8,Avian
156,A/Brown-headed_Gull/Qinghai/ZTO1-LU/2016|EPI_ISL_224743,A/Brown-headed_Gull/Qingh,0.3028,0.271,0.4106,0.2838,0.17,-0.068,0.383,53.11,0.427,0.447,4024,4255,-0.404959,0.081316,H5N8,Avian
157,A/Brown-headed_Gull/Qinghai/ZTO3-B/2016|EPI_ISL_224744,A/Brown-headed_Gull/Qingh,0.3022,0.2726,0.4101,0.2836,0.17,-0.067,0.383,53.1,0.428,0.447,4024,4255,-0.40517,0.081081,H5N8,Avian
158,A/Brown-headed_Gull/Qinghai/ZTO3-LU/2016|EPI_ISL_224745,A/Brown-headed_Gull/Qingh,0.3025,0.2723,0.4102,0.2836,0.17,-0.067,0.383,53.09,0.428,0.447,4024,4255,-0.405499,0.081316,H5N8,Avian
159,A/Brown-headed_Gull/Qinghai/ZTO4-B/2016|EPI_ISL_224746,A/Brown-headed_Gull/Qingh,0.3028,0.2722,0.4101,0.2832,0.17,-0.067,0.383,53.12,0.428,0.447,4024,4255,-0.407403,0.081081,H5N8,Avian
160,A/Brown-headed_Gull/Qinghai/ZTO5-B/2016|EPI_ISL_224747,A/Brown-headed_Gull/Qingh,0.3025,0.2723,0.4091,0.2835,0.169,-0.068,0.383,53.25,0.429,0.448,4023,4255,-0.404794,0.080846,H5N8,Avian
161,A/Brown-headed_Gull/Qinghai/ZTO5-K/2016|EPI_ISL_224748,A/Brown-headed_Gull/Qingh,0.3022,0.2723,0.4098,0.2838,0.17,-0.068,0.383,53.2,0.429,0.448,4023,4255,-0.402209,0.081316,H5N8,Avian
162,A/Brown-headed_Gull/Qinghai/ZTO6-MU/2016|EPI_ISL_224751,A/Brown-headed_Gull/Qingh,0.3024,0.2724,0.4112,0.283,0.17,-0.068,0.383,53.07,0.428,0.447,4024,4255,-0.406416,0.081316,H5N8,Avian
163,A/Brown-headed_Gull/Qinghai/ZTO6-SP/2016|EPI_ISL_224750,A/Brown-headed_Gull/Qingh,0.3021,0.2727,0.4105,0.2837,0.171,-0.065,0.385,53.19,0.429,0.447,4023,4255,-0.406604,0.081551,H5N8,Avian
164,A/brown-headed_gull/Tibet/1-1/2021|EPI_ISL_5260417,A/brown-headed_gull/Tibet,0.3035,0.2713,0.4076,0.286,0.166,-0.076,0.377,52.78,0.429,0.448,4006,4236,-0.393886,0.081917,H5N8,Avian
165,A/Brown-headed_Gull/Tibet/XZ19/2021|EPI_ISL_8215687,A/Brown-headed_Gull/Tibet,0.3033,0.2716,0.4077,0.286,0.166,-0.076,0.378,52.93,0.429,0.448,4005,4236,-0.392044,0.081917,H5N8,Avian
166,A/Brown-headed_Gull/Tibet/XZQ15-2/2021|EPI_ISL_8215663,A/Brown-headed_Gull/Tibet,0.302,0.2722,0.408,0.2863,0.166,-0.076,0.378,52.77,0.43,0.449,4006,4236,-0.392422,0.081917,H5N8,Avian
167,A/Brown-headed_Gull/Tibet/XZQ16-2/2021|EPI_ISL_8215684,A/Brown-headed_Gull/Tibet,0.3023,0.2719,0.4084,0.2858,0.166,-0.076,0.378,52.79,0.429,0.448,4006,4236,-0.391926,0.081917,H5N8,Avian
168,A/canine/China/GX30/2023|EPI_ISL_18090351,A/canine/China/GX30/2023|,0.2938,0.2732,0.419,0.2846,0.166,-0.073,0.38,51.95,0.428,0.447,4027,4255,-0.40886,0.079671,H5N6,Nonhuman Mammal
169,A/cat/Sichuan/SC18/2014|EPI_ISL_177761,A/cat/Sichuan/SC18/2014|E,0.299,0.2716,0.4233,0.2805,0.165,-0.08,0.377,52.79,0.422,0.444,4012,4244,-0.417413,0.078464,H5N6,Nonhuman Mammal
170,A/cat/Zhejiang/C1/2016|EPI_ISL_278204,A/cat/Zhejiang/C1/2016|EP,0.2835,0.2774,0.4315,0.2801,0.166,-0.08,0.376,51.57,0.429,0.446,3995,4224,-0.419153,0.079309,H5N6,Nonhuman Mammal
171,A/cat/Zhejiang/C2/2016|EPI_ISL_278205,A/cat/Zhejiang/C2/2016|EP,0.2866,0.2735,0.4307,0.2806,0.166,-0.083,0.374,51.35,0.426,0.446,3996,4224,-0.414702,0.079072,H5N6,Nonhuman Mammal
172,A/Changsha/1/2014|EPI_ISL_217025,A/Changsha/1/2014|EPI_ISL,0.2978,0.2692,0.4248,0.2802,0.163,-0.093,0.369,52.07,0.422,0.445,4002,4232,-0.410397,0.078922,H5N6,Human
173,A/chicken/Anhui/S1740/2022(H5N1)|EPI_ISL_12572652,A/chicken/Anhui/S1740/202,0.307,0.2763,0.4028,0.285,0.169,-0.07,0.383,53.08,0.431,0.448,4001,4235,-0.398678,0.083117,H5N1,Avian
174,A/chicken/Beijing/BJ7/2014|EPI_ISL_295146,A/chicken/Beijing/BJ7/201,0.3036,0.2738,0.4128,0.2836,0.169,-0.072,0.381,52.45,0.427,0.443,4004,4232,-0.408129,0.080813,H5N2,Avian
175,A/chicken/CH/a556/2015|EPI_ISL_179537,A/chicken/CH/a556/2015|EP,0.323,0.2583,0.432,0.2563,0.169,-0.082,0.376,51.93,0.395,0.434,3989,4225,-0.409562,0.080237,H5N2,Avian
176,A/chicken/Changhua/15010120-1/2015|EPI_ISL_4032097,A/chicken/Changhua/150101,0.2988,0.281,0.4145,0.2766,0.168,-0.081,0.376,51.91,0.429,0.446,4023,4254,-0.406488,0.080395,H5N2,Avian
177,A/chicken/Changhua/15010288/2015|EPI_ISL_4032098,A/chicken/Changhua/150102,0.2991,0.2807,0.4141,0.2769,0.168,-0.081,0.376,51.92,0.429,0.445,4023,4254,-0.406464,0.080395,H5N2,Avian
178,A/chicken/Changhua/15010324-2/2015|EPI_ISL_4032099,A/chicken/Changhua/150103,0.2995,0.2804,0.4138,0.2775,0.168,-0.081,0.376,51.96,0.429,0.445,4022,4254,-0.407663,0.080395,H5N2,Avian
179,A/chicken/Changhua/15010361-1/2015|EPI_ISL_4032104,A/chicken/Changhua/150103,0.299,0.2809,0.4143,0.2767,0.168,-0.08,0.377,51.92,0.429,0.446,4023,4254,-0.406817,0.08063,H5N2,Avian
180,A/chicken/Changhua/15010362-2/2015|EPI_ISL_4032148,A/chicken/Changhua/150103,0.2987,0.2815,0.4143,0.2765,0.168,-0.081,0.376,51.98,0.429,0.445,4023,4254,-0.405947,0.080395,H5N2,Avian
181,A/chicken/Changhua/15010363-2/2015|EPI_ISL_4032190,A/chicken/Changhua/150103,0.2985,0.2813,0.4148,0.2761,0.168,-0.08,0.376,51.97,0.429,0.445,4024,4254,-0.403385,0.08016,H5N2,Avian
182,A/chicken/Changhua/15040036-1/2015|EPI_ISL_4032194,A/chicken/Changhua/150400,0.3067,0.2686,0.4267,0.2662,0.168,-0.086,0.373,52.13,0.412,0.441,4034,4263,-0.400352,0.081163,H5N8,Avian
183,A/chicken/Changhua/15040037-2/2015|EPI_ISL_4032196,A/chicken/Changhua/150400,0.308,0.2667,0.4257,0.2678,0.168,-0.088,0.371,52,0.412,0.441,4033,4263,-0.402135,0.081163,H5N8,Avian
184,A/chicken/Changhua/15040042/2015|EPI_ISL_4032197,A/chicken/Changhua/150400,0.3079,0.2674,0.4249,0.2681,0.168,-0.088,0.372,52.18,0.412,0.441,4033,4263,-0.40007,0.081163,H5N8,Avian
185,A/chicken/Changhua/15040043-1/2015|EPI_ISL_4032195,A/chicken/Changhua/150400,0.3079,0.2674,0.4249,0.268,0.168,-0.087,0.372,52.13,0.412,0.441,4033,4263,-0.40129,0.081163,H5N8,Avian
186,A/chicken/Changhua/15050013-1/2015|EPI_ISL_4032198,A/chicken/Changhua/150500,0.2987,0.2812,0.4145,0.2762,0.168,-0.079,0.377,52.01,0.429,0.446,4023,4254,-0.405078,0.080395,H5N2,Avian
187,A/chicken/Changhua/15050038-1/2015|EPI_ISL_4032199,A/chicken/Changhua/150500,0.3021,0.2725,0.4161,0.2775,0.168,-0.083,0.374,52.49,0.424,0.446,4030,4262,-0.401619,0.081183,H5N8,Avian
188,A/chicken/Changhua/15060027-2/2015|EPI_ISL_4032200,A/chicken/Changhua/150600,0.2983,0.2808,0.4143,0.2765,0.168,-0.079,0.377,51.96,0.429,0.446,4024,4254,-0.402727,0.080395,H5N2,Avian
189,A/chicken/Changhua/15060029/2015|EPI_ISL_4032201,A/chicken/Changhua/150600,0.3027,0.2716,0.4157,0.2777,0.168,-0.084,0.374,52.52,0.423,0.446,4029,4262,-0.399601,0.081183,H5N8,Avian
190,A/chicken/Changhua/15060037-1/2015|EPI_ISL_4032202,A/chicken/Changhua/150600,0.2979,0.2813,0.4132,0.2787,0.167,-0.081,0.376,52.06,0.431,0.446,4023,4254,-0.403714,0.080395,H5N2,Avian
191,A/chicken/Changhua/15120008/2015|EPI_ISL_4032203,A/chicken/Changhua/151200,0.3,0.2807,0.4156,0.2742,0.168,-0.078,0.378,52.07,0.427,0.445,4022,4254,-0.403268,0.080395,H5N2,Avian
192,A/chicken/Changhua/16010060-2/2016|EPI_ISL_4032204,A/chicken/Changhua/160100,0.2971,0.2802,0.4167,0.2764,0.166,-0.083,0.375,51.84,0.428,0.445,4022,4254,-0.405078,0.080395,H5N2,Avian
193,A/chicken/Changhua/17060006/2017|EPI_ISL_4032207,A/chicken/Changhua/170600,0.3027,0.2756,0.4157,0.2764,0.167,-0.08,0.376,51.81,0.424,0.444,4029,4261,-0.405046,0.080498,H5N2,Avian
194,A/chicken/Changhua/18040008-1/2018|EPI_ISL_4032212,A/chicken/Changhua/180400,0.2973,0.2801,0.4123,0.2816,0.167,-0.08,0.376,52.26,0.432,0.446,4024,4254,-0.401316,0.08016,H5N2,Avian
195,A/chicken/Chiayi/15010287-2/2015|EPI_ISL_4032213,A/chicken/Chiayi/15010287,0.299,0.2809,0.4139,0.277,0.168,-0.08,0.377,51.94,0.429,0.446,4023,4254,-0.406582,0.080395,H5N2,Avian
196,A/chicken/Chiayi/15010409-2/2015|EPI_ISL_4032214,A/chicken/Chiayi/15010409,0.2984,0.2812,0.4159,0.2756,0.168,-0.081,0.376,51.88,0.428,0.445,4023,4254,-0.40174,0.080395,H5N2,Avian
197,A/chicken/Chiayi/15010454-1/2015|EPI_ISL_4032215,A/chicken/Chiayi/15010454,0.3036,0.2713,0.4168,0.2766,0.168,-0.083,0.374,52.46,0.422,0.445,4030,4262,-0.402276,0.081183,H5N8,Avian
198,A/chicken/Chiayi/17040009-2/2017|EPI_ISL_4032217,A/chicken/Chiayi/17040009,0.2975,0.2806,0.4148,0.2788,0.168,-0.076,0.379,52.02,0.43,0.445,4022,4254,-0.403503,0.08063,H5N2,Avian
199,A/chicken/Chiayi/18120003-1/2018|EPI_ISL_4032218,A/chicken/Chiayi/18120003,0.302,0.2763,0.407,0.2866,0.17,-0.07,0.382,52.68,0.432,0.447,4024,4254,-0.399765,0.08016,H5N2,Avian
200,A/chicken/China/007/2019|EPI_ISL_14174187,A/chicken/China/007/2019|,0.2955,0.2693,0.4285,0.277,0.164,-0.09,0.37,52.2,0.42,0.445,4000,4232,-0.410822,0.078922,H5N6,Avian
201,A/chicken/China/Cangzhou03/2023|EPI_ISL_19592785,A/chicken/China/Cangzhou0,0.2992,0.2811,0.3982,0.2937,0.168,-0.077,0.379,52.91,0.441,0.45,4018,4254,-0.407076,0.08204,H5N1,Avian
202,A/chicken/China/E93/2012|EPI_ISL_278507,A/chicken/China/E93/2012|,0.3097,0.2715,0.4167,0.2743,0.17,-0.069,0.383,53.17,0.419,0.442,3992,4223,-0.403528,0.081932,H5N1,Avian
203,A/chicken/China/E96/2012|EPI_ISL_278508,A/chicken/China/E96/2012|,0.31,0.2709,0.4163,0.2744,0.17,-0.074,0.38,53.09,0.419,0.442,3992,4223,-0.398911,0.081695,H5N1,Avian
204,A/chicken/Chiping/0321/2014|EPI_ISL_175616,A/chicken/Chiping/0321/20,0.3029,0.2728,0.4145,0.2834,0.167,-0.078,0.377,52.61,0.426,0.443,4003,4232,-0.411578,0.080577,H5N2,Avian
205,A/chicken/chongqing/H1/2021|EPI_ISL_6914131,A/chicken/chongqing/H1/20,0.2915,0.2754,0.4329,0.2684,0.165,-0.08,0.376,52.1,0.419,0.445,4009,4238,-0.407622,0.078103,H5N6,Avian
206,A/chicken/Chongqing/SD001/2021|EPI_ISL_9637828,A/chicken/Chongqing/SD001,0.2902,0.2744,0.4346,0.2707,0.165,-0.081,0.376,51.95,0.419,0.444,4009,4238,-0.412199,0.078339,H5N6,Avian
207,A/chicken/Dongguan/2690/2013|EPI_ISL_181668,A/chicken/Dongguan/2690/2,0.2985,0.2684,0.4243,0.2817,0.163,-0.092,0.369,52.36,0.422,0.445,4002,4233,-0.414765,0.078904,H5N6,Avian
208,A/chicken/Dongguan/3363/2013|EPI_ISL_181669,A/chicken/Dongguan/3363/2,0.2991,0.2681,0.427,0.2779,0.163,-0.091,0.37,52.18,0.419,0.444,4002,4233,-0.414836,0.078904,H5N6,Avian
209,A/chicken/Dongguan/4259/2013|EPI_ISL_182067,A/chicken/Dongguan/4259/2,0.2983,0.2688,0.4238,0.2813,0.163,-0.091,0.37,52.4,0.422,0.445,4003,4233,-0.41545,0.078904,H5N6,Avian
210,A/chicken/Fujian/05.07_FZHC11K-O/2015(Mixed)|EPI_ISL_201364,A/chicken/Fujian/05.07_FZ,0.301,0.2709,0.4192,0.2821,0.165,-0.085,0.374,52.67,0.424,0.445,3973,4201,-0.418543,0.079505,H5N6,Avian
211,A/chicken/Fujian/09.16_GT101/2014(Mixed)|EPI_ISL_201376,A/chicken/Fujian/09.16_GT,0.3004,0.2695,0.4207,0.2822,0.164,-0.087,0.372,52.58,0.423,0.445,3982,4212,-0.415432,0.079535,H5N6,Avian
212,A/chicken/Fujian/10.08_FZH102/2014(Mixed)|EPI_ISL_201377,A/chicken/Fujian/10.08_FZ,0.2983,0.269,0.4275,0.277,0.162,-0.091,0.37,52.08,0.419,0.444,3993,4224,-0.416454,0.078598,H5N6,Avian
213,A/chicken/Fujian/11.23_FZHX0007-O/2017|EPI_ISL_699204,A/chicken/Fujian/11.23_FZ,0.2895,0.2751,0.4303,0.2776,0.167,-0.078,0.378,51.75,0.425,0.445,4000,4233,-0.421616,0.078904,H5N6,Avian
214,A/chicken/Gansu/5/2012|EPI_ISL_234320,A/chicken/Gansu/5/2012|EP,0.3101,0.2716,0.417,0.272,0.171,-0.071,0.382,52.99,0.418,0.443,3991,4223,-0.406157,0.081932,H5N1,Avian
215,A/chicken/Gansu/6/2012|EPI_ISL_234321,A/chicken/Gansu/6/2012|EP,0.3096,0.2714,0.4155,0.2753,0.169,-0.072,0.382,53.33,0.42,0.443,3992,4223,-0.403149,0.081932,H5N1,Avian
216,A/chicken/Ganzhou/GZ27/2015|EPI_ISL_244535,A/chicken/Ganzhou/GZ27/20,0.2928,0.2749,0.4235,0.2801,0.166,-0.077,0.378,52.35,0.426,0.447,3999,4232,-0.409995,0.079159,H5N6,Avian
217,A/chicken/Guangdong/04.15_SZBAXQ019/2015(H5N6)|EPI_ISL_199446,A/chicken/Guangdong/04.15,0.2847,0.2789,0.4311,0.278,0.168,-0.073,0.381,51.88,0.428,0.447,3952,4179,-0.426011,0.080402,H5N6,Avian
218,A/chicken/Guangdong/10.16_SZLGKQHY-072/2015|EPI_ISL_221885,A/chicken/Guangdong/10.16,0.2856,0.2777,0.431,0.2776,0.166,-0.078,0.377,51.87,0.427,0.446,4000,4230,-0.415366,0.079196,H5N6,Avian
219,A/chicken/Guangdong/GD1602/2016|EPI_ISL_282397,A/chicken/Guangdong/GD160,0.2861,0.2763,0.4256,0.2838,0.166,-0.078,0.377,51.64,0.431,0.447,3995,4224,-0.40928,0.079545,H5N6,Avian
220,A/chicken/Guangdong/MG170989/2021|EPI_ISL_19209543,A/chicken/Guangdong/MG170,0.2957,0.271,0.4293,0.2736,0.166,-0.078,0.377,52.2,0.419,0.445,4006,4233,-0.40978,0.078431,H5N6,Avian
221,A/chicken/Guangdong/MG171127/2021|EPI_ISL_19209578,A/chicken/Guangdong/MG171,0.2957,0.271,0.4295,0.2736,0.166,-0.077,0.378,52.16,0.419,0.445,4006,4233,-0.410607,0.078431,H5N6,Avian
222,A/chicken/Guangdong/MG171361/2021|EPI_ISL_19210552,A/chicken/Guangdong/MG171,0.2957,0.271,0.4277,0.2758,0.165,-0.079,0.377,52.33,0.42,0.445,4005,4233,-0.41271,0.077959,H5N6,Avian
223,A/chicken/Guangdong/MG171771/2021|EPI_ISL_19210553,A/chicken/Guangdong/MG171,0.2938,0.2734,0.4269,0.2755,0.166,-0.079,0.377,52.15,0.422,0.446,4005,4238,-0.414582,0.079283,H5N6,Avian
224,A/chicken/Guangdong/MG173168/2022|EPI_ISL_19210554,A/chicken/Guangdong/MG173,0.2991,0.2614,0.4379,0.2737,0.163,-0.092,0.37,51.6,0.41,0.441,4009,4236,-0.411804,0.079792,H5N6,Avian
225,A/chicken/Guangdong/MG173169/2022|EPI_ISL_19210555,A/chicken/Guangdong/MG173,0.296,0.2712,0.4201,0.284,0.166,-0.076,0.379,51.81,0.426,0.446,4021,4249,-0.408826,0.079313,H5N6,Avian
226,A/chicken/Guangxi/04.10_NM140/2015(H5N6)|EPI_ISL_199444,A/chicken/Guangxi/04.10_N,0.296,0.2717,0.4212,0.2854,0.164,-0.089,0.371,52.26,0.427,0.446,3963,4190,-0.416277,0.079475,H5N6,Avian
227,A/chicken/Guangxi/16/2019|EPI_ISL_16833870,A/chicken/Guangxi/16/2019,0.2991,0.2682,0.4358,0.2698,0.167,-0.078,0.378,52.25,0.413,0.441,3999,4233,-0.42438,0.07914,H5N6,Avian
228,A/chicken/Guangxi/S2039/2009|EPI_ISL_206302,A/chicken/Guangxi/S2039/2,0.3075,0.2676,0.4147,0.2828,0.168,-0.081,0.376,52.87,0.422,0.444,3994,4224,-0.412311,0.081913,H5N1,Avian
229,A/chicken/Guizhou/8.26_ZYLJJ014-O/2018|EPI_ISL_697833,A/chicken/Guizhou/8.26_ZY,0.2826,0.2804,0.4291,0.2799,0.166,-0.072,0.381,52.42,0.431,0.446,3993,4224,-0.417164,0.079072,H5N6,Avian
230,A/chicken/GY/a451/2015|EPI_ISL_179535,A/chicken/GY/a451/2015|EP,0.3212,0.2592,0.4313,0.2582,0.17,-0.078,0.379,51.84,0.397,0.435,3991,4225,-0.410769,0.08071,H5N2,Avian
231,A/Chicken/Hangzhou/E1149/2021|EPI_ISL_8518268,A/Chicken/Hangzhou/E1149/,0.2851,0.2745,0.4242,0.2875,0.162,-0.086,0.372,52.39,0.431,0.449,4012,4236,-0.409844,0.078612,H5N6,Avian
232,A/chicken/Hebei/3/2013|EPI_ISL_234322,A/chicken/Hebei/3/2013|EP,0.3048,0.2744,0.4138,0.2819,0.17,-0.069,0.383,52.7,0.426,0.442,4011,4238,-0.413096,0.080698,H5N2,Avian
233,A/chicken/Heilongjiang/S7/2014|EPI_ISL_234323,A/chicken/Heilongjiang/S7,0.3142,0.2684,0.4146,0.2762,0.165,-0.086,0.373,52.86,0.417,0.441,4011,4240,-0.40441,0.080425,H5N2,Avian
234,A/chicken/Henan/Q7/2013|EPI_ISL_156386,A/chicken/Henan/Q7/2013|E,0.3043,0.2733,0.4118,0.2854,0.168,-0.076,0.379,52.63,0.428,0.443,4004,4232,-0.41094,0.080813,H5N2,Avian
235,A/chicken/Hsinchu/16080004-2/2016|EPI_ISL_4032219,A/chicken/Hsinchu/1608000,0.2952,0.2813,0.416,0.2784,0.166,-0.083,0.375,52,0.43,0.446,4025,4254,-0.403761,0.08016,H5N2,Avian
236,A/chicken/Hubei/03.06__WHWTZ0115-O/2015(H5N6)|EPI_ISL_199011,A/chicken/Hubei/03.06__WH,0.2857,0.2777,0.4267,0.2817,0.167,-0.074,0.38,51.3,0.43,0.447,3946,4173,-0.421543,0.079319,H5N6,Avian
237,A/chicken/Hubei/03.06__WHWTZ0148-O/2015(H5N6)|EPI_ISL_199017,A/chicken/Hubei/03.06__WH,0.3027,0.2698,0.4226,0.2798,0.166,-0.083,0.375,52.77,0.42,0.443,4014,4244,-0.412111,0.078464,H5N6,Avian
238,A/chicken/Hubei/2856/2007|EPI_ISL_29184,A/chicken/Hubei/2856/2007,0.3078,0.2705,0.4069,0.2879,0.17,-0.067,0.385,53.07,0.428,0.445,3994,4223,-0.410135,0.081932,H5N1,Avian
239,A/chicken/Hubei/ZYSJF11/2016|EPI_ISL_244528,A/chicken/Hubei/ZYSJF11/2,0.2848,0.2778,0.4283,0.2816,0.167,-0.077,0.377,51.64,0.43,0.447,4001,4231,-0.417112,0.079177,H5N6,Avian
240,A/chicken/Hubei/ZYSJF16/2016|EPI_ISL_244529,A/chicken/Hubei/ZYSJF16/2,0.2846,0.2782,0.4285,0.2811,0.167,-0.076,0.378,51.69,0.43,0.447,4001,4231,-0.415576,0.079177,H5N6,Avian
241,A/chicken/Hubei/ZYSJF38/2016|EPI_ISL_244531,A/chicken/Hubei/ZYSJF38/2,0.284,0.2788,0.4288,0.2808,0.167,-0.076,0.378,51.72,0.43,0.447,4001,4231,-0.415576,0.079177,H5N6,Avian
242,A/Chicken/Huizhou/16274/2016(H5N6)|EPI_ISL_278026,A/Chicken/Huizhou/16274/2,0.2945,0.2708,0.4268,0.2799,0.165,-0.082,0.375,52.08,0.423,0.446,4001,4233,-0.412592,0.07914,H5N6,Avian
243,A/chicken/Hunan/02.06_YYGK37J3-OC/2018|EPI_ISL_699429,A/chicken/Hunan/02.06_YYG,0.2933,0.2726,0.427,0.278,0.165,-0.085,0.373,51.82,0.423,0.445,4001,4231,-0.409785,0.078941,H5N6,Avian
244,A/chicken/Hunan/03.07_YYGK40L3-OC/2018|EPI_ISL_696766,A/chicken/Hunan/03.07_YYG,0.2883,0.2767,0.4291,0.2778,0.164,-0.082,0.375,52.19,0.426,0.445,3995,4224,-0.415767,0.079072,H5N6,Avian
245,A/chicken/Hunan/03.07_YYGK74L3-OC/2018|EPI_ISL_696739,A/chicken/Hunan/03.07_YYG,0.292,0.2724,0.4303,0.2775,0.166,-0.077,0.378,51.89,0.422,0.445,3995,4223,-0.414752,0.078854,H5N6,Avian
246,A/chicken/Hunan/3.07_YYGK81L3-OC/2018|EPI_ISL_697885,A/chicken/Hunan/3.07_YYGK,0.2883,0.2767,0.4293,0.2779,0.164,-0.082,0.375,52.22,0.426,0.445,3995,4224,-0.41553,0.079072,H5N6,Avian
247,A/chicken/Hunan/04.14_YYGK607-P/2015(H5N6)|EPI_ISL_199130,A/chicken/Hunan/04.14_YYG,0.2988,0.2684,0.4234,0.2816,0.162,-0.091,0.37,52.46,0.422,0.445,4002,4233,-0.417411,0.078904,H5N6,Avian
248,A/chicken/Hunan/04.14_YYKG0533-Z-O/2015(H5N6)|EPI_ISL_198861,A/chicken/Hunan/04.14_YYK,0.3005,0.2689,0.4244,0.2809,0.164,-0.085,0.375,52.8,0.42,0.443,3944,4168,-0.4232,0.078455,H5N6,Avian
249,A/chicken/Hunan/04.14_YYXS0812-O/2015(Mixed)|EPI_ISL_200267,A/chicken/Hunan/04.14_YYX,0.2987,0.2667,0.4298,0.2767,0.164,-0.085,0.373,51.97,0.417,0.443,4000,4233,-0.421805,0.078904,H5N6,Avian
250,A/chicken/Hunan/12.07__YYGK114-P/2013(H5N6)|EPI_ISL_198761,A/chicken/Hunan/12.07__YY,0.3032,0.2683,0.4229,0.2791,0.163,-0.088,0.373,52.74,0.419,0.443,3985,4211,-0.418618,0.079079,H5N6,Avian
251,A/chicken/Hunan/12.07_YYGKY67-P/2013(Mixed)|EPI_ISL_200261,A/chicken/Hunan/12.07_YYG,0.3022,0.2694,0.4246,0.2769,0.165,-0.08,0.377,52.82,0.419,0.443,3983,4210,-0.416009,0.078385,H5N6,Avian
252,A/chicken/Hunan/12.27_YYGK19J2-C/2016|EPI_ISL_697851,A/chicken/Hunan/12.27_YYG,0.2855,0.2748,0.4317,0.28,0.164,-0.084,0.374,51.89,0.426,0.446,3993,4224,-0.419152,0.079072,H5N6,Avian
253,A/chicken/Hunan/12.27_YYGK55J2-O/2016|EPI_ISL_699451,A/chicken/Hunan/12.27_YYG,0.2982,0.2684,0.437,0.267,0.166,-0.08,0.376,51.8,0.412,0.442,3999,4233,-0.415167,0.07914,H5N6,Avian
254,A/chicken/Hunan/12.27_YYGKK148-OC/2016|EPI_ISL_699454,A/chicken/Hunan/12.27_YYG,0.2956,0.2688,0.4392,0.2661,0.166,-0.081,0.376,51.71,0.412,0.443,3997,4232,-0.420321,0.078922,H5N6,Avian
255,A/chicken/Hunan/12.28_YYGK034-P/2013(H5N6)|EPI_ISL_198762,A/chicken/Hunan/12.28_YYG,0.2989,0.2694,0.4229,0.2824,0.163,-0.089,0.371,52.35,0.423,0.445,3973,4203,-0.422531,0.079229,H5N6,Avian
256,A/chicken/Hunan/1793/2007|EPI_ISL_29180,A/chicken/Hunan/1793/2007,0.313,0.2674,0.4085,0.2842,0.171,-0.074,0.381,53,0.423,0.444,3996,4231,-0.404231,0.082014,H5N1,Avian
257,A/chicken/Hunan/3157/2006|EPI_ISL_29187,A/chicken/Hunan/3157/2006,0.3089,0.2689,0.4069,0.2879,0.17,-0.069,0.384,53.03,0.427,0.446,3991,4223,-0.415984,0.082169,H5N1,Avian
258,A/chicken/Hunan/HN40/2015|EPI_ISL_255469,A/chicken/Hunan/HN40/2015,0.2967,0.2712,0.4217,0.2827,0.162,-0.091,0.37,52.63,0.425,0.446,4003,4233,-0.415899,0.078904,H5N6,Avian
259,A/chicken/Hunan/HN58/2015|EPI_ISL_255470,A/chicken/Hunan/HN58/2015,0.2959,0.2716,0.4223,0.2826,0.163,-0.088,0.371,52.54,0.425,0.446,4003,4233,-0.413584,0.078904,H5N6,Avian
260,A/chicken/Hunan/HN75/2015|EPI_ISL_255489,A/chicken/Hunan/HN75/2015,0.3,0.2696,0.425,0.2781,0.164,-0.087,0.372,52.41,0.42,0.444,4002,4233,-0.409355,0.078904,H5N6,Avian
261,A/chicken/Hunan/HN158/2015|EPI_ISL_255412,A/chicken/Hunan/HN158/201,0.2952,0.2687,0.4293,0.2795,0.164,-0.083,0.375,51.78,0.421,0.445,3999,4233,-0.420293,0.078904,H5N6,Avian
262,A/chicken/Hunan/HN244/2015|EPI_ISL_255413,A/chicken/Hunan/HN244/201,0.2953,0.2691,0.4279,0.2801,0.164,-0.086,0.373,51.81,0.421,0.445,4000,4233,-0.418757,0.078668,H5N6,Avian
263,A/chicken/Hunan/HN245/2015|EPI_ISL_255414,A/chicken/Hunan/HN245/201,0.2942,0.2704,0.4269,0.2811,0.165,-0.084,0.374,51.78,0.423,0.445,3999,4233,-0.422088,0.07914,H5N6,Avian
264,A/chicken/Hunan/HN247/2015|EPI_ISL_255415,A/chicken/Hunan/HN247/201,0.294,0.2699,0.4276,0.2805,0.165,-0.083,0.375,51.73,0.423,0.445,4001,4233,-0.420151,0.078668,H5N6,Avian
265,A/chicken/Hunan/HN248/2015|EPI_ISL_255416,A/chicken/Hunan/HN248/201,0.2936,0.2711,0.4279,0.2798,0.165,-0.085,0.374,51.85,0.423,0.446,3999,4233,-0.418261,0.078904,H5N6,Avian
266,A/chicken/Hunan/HN249/2015|EPI_ISL_255417,A/chicken/Hunan/HN249/201,0.2962,0.2682,0.4279,0.2801,0.164,-0.087,0.372,51.79,0.421,0.445,4000,4233,-0.418757,0.078668,H5N6,Avian
267,A/chicken/Hunan/HN250/2015|EPI_ISL_255418,A/chicken/Hunan/HN250/201,0.2948,0.2698,0.4261,0.2817,0.165,-0.084,0.374,51.75,0.423,0.446,3999,4233,-0.421427,0.07914,H5N6,Avian
268,A/chicken/Hunan/HN251/2015|EPI_ISL_255419,A/chicken/Hunan/HN251/201,0.2956,0.2688,0.4277,0.2806,0.164,-0.086,0.373,51.84,0.421,0.445,4000,4233,-0.417978,0.07914,H5N6,Avian
269,A/chicken/Hunan/HN252/2015|EPI_ISL_255420,A/chicken/Hunan/HN252/201,0.2957,0.2689,0.4285,0.2801,0.165,-0.084,0.374,51.8,0.421,0.444,4000,4233,-0.417316,0.079376,H5N6,Avian
270,A/chicken/Hunan/HN254/2015|EPI_ISL_255421,A/chicken/Hunan/HN254/201,0.2951,0.2695,0.4276,0.2806,0.165,-0.083,0.375,51.81,0.422,0.445,4000,4233,-0.418049,0.078904,H5N6,Avian
271,A/chicken/Hunan/HN255/2015|EPI_ISL_255423,A/chicken/Hunan/HN255/201,0.2941,0.2703,0.4273,0.2809,0.165,-0.084,0.374,51.76,0.423,0.445,4000,4233,-0.418687,0.078668,H5N6,Avian
272,A/chicken/Hunan/HN263/2015|EPI_ISL_255422,A/chicken/Hunan/HN263/201,0.2925,0.2736,0.4287,0.278,0.165,-0.081,0.375,51.89,0.423,0.445,4000,4233,-0.41708,0.078904,H5N6,Avian
273,A/chicken/Hunan/HN264/2015|EPI_ISL_255424,A/chicken/Hunan/HN264/201,0.2923,0.2738,0.4293,0.2772,0.165,-0.08,0.376,51.91,0.423,0.445,3999,4233,-0.416797,0.078668,H5N6,Avian
274,A/chicken/Hunan/HN265/2015|EPI_ISL_255425,A/chicken/Hunan/HN265/201,0.2923,0.2734,0.4288,0.2784,0.165,-0.081,0.376,51.91,0.423,0.445,3999,4233,-0.416395,0.078904,H5N6,Avian
275,A/chicken/Hunan/HN266/2015|EPI_ISL_255426,A/chicken/Hunan/HN266/201,0.2922,0.2734,0.4298,0.2773,0.165,-0.081,0.375,51.86,0.423,0.445,3999,4233,-0.417222,0.078904,H5N6,Avian
276,A/chicken/Hunan/HN301/2015|EPI_ISL_255427,A/chicken/Hunan/HN301/201,0.2967,0.2677,0.4291,0.2775,0.164,-0.085,0.373,52.19,0.419,0.444,3998,4233,-0.413915,0.079613,H5N6,Avian
277,A/chicken/Hunan/HN302/2015|EPI_ISL_255428,A/chicken/Hunan/HN302/201,0.2956,0.2688,0.4287,0.2778,0.165,-0.082,0.375,52.26,0.42,0.445,4001,4233,-0.418191,0.078904,H5N6,Avian
278,A/chicken/Hunan/HN303/2015|EPI_ISL_255429,A/chicken/Hunan/HN303/201,0.2958,0.2687,0.4288,0.2775,0.164,-0.082,0.374,52.18,0.42,0.445,4001,4233,-0.418191,0.078904,H5N6,Avian
279,A/chicken/Hunan/HN304/2015|EPI_ISL_255430,A/chicken/Hunan/HN304/201,0.2955,0.269,0.4288,0.2775,0.165,-0.082,0.375,52.18,0.42,0.445,4001,4233,-0.418191,0.078904,H5N6,Avian
280,A/chicken/Hunan/HN305/2015|EPI_ISL_255433,A/chicken/Hunan/HN305/201,0.2953,0.2691,0.429,0.2774,0.165,-0.082,0.375,52.22,0.42,0.445,4001,4233,-0.418191,0.078904,H5N6,Avian
281,A/chicken/Hunan/HN306/2015|EPI_ISL_255466,A/chicken/Hunan/HN306/201,0.2959,0.2688,0.4282,0.2787,0.165,-0.081,0.375,52.11,0.42,0.445,4001,4233,-0.417954,0.078904,H5N6,Avian
282,A/chicken/Hunan/HN307/2015|EPI_ISL_255467,A/chicken/Hunan/HN307/201,0.2957,0.2686,0.4288,0.2784,0.164,-0.085,0.373,52.18,0.42,0.445,4000,4233,-0.420387,0.078904,H5N6,Avian
283,A/chicken/Hunan/HN308/2015|EPI_ISL_255468,A/chicken/Hunan/HN308/201,0.2954,0.2692,0.4279,0.2785,0.165,-0.082,0.374,52.26,0.421,0.445,4000,4233,-0.417127,0.078904,H5N6,Avian
284,A/chicken/Hunan/S10029/2018(H5N1)|EPI_ISL_18513214,A/chicken/Hunan/S10029/20,0.3098,0.2702,0.4214,0.2711,0.167,-0.079,0.377,53.22,0.415,0.441,3995,4223,-0.411414,0.081695,H5N1,Avian
285,A/chicken/Jiangsu/03.17_WX006-P/2015(H5N1)|EPI_ISL_199164,A/chicken/Jiangsu/03.17_W,0.3026,0.2702,0.4062,0.2942,0.165,-0.089,0.372,52.9,0.433,0.446,3988,4223,-0.410514,0.081932,H5N1,Avian
286,A/chicken/Jiangsu/927/2013|EPI_ISL_190702,A/chicken/Jiangsu/927/201,0.3119,0.2659,0.4183,0.2761,0.168,-0.079,0.378,52.34,0.415,0.442,3998,4228,-0.408633,0.081599,H5N1,Avian
287,A/chicken/Jiangsu/1001/2013|EPI_ISL_143131,A/chicken/Jiangsu/1001/20,0.2998,0.2786,0.4185,0.2763,0.17,-0.066,0.384,52.53,0.426,0.443,4005,4232,-0.407325,0.080577,H5N2,Avian
288,A/chicken/Jiangsu/2477/2014|EPI_ISL_190703,A/chicken/Jiangsu/2477/20,0.3043,0.2708,0.4163,0.2815,0.165,-0.086,0.373,52.4,0.423,0.444,3992,4223,-0.412835,0.081695,H5N1,Avian
289,A/chicken/Jiangsu/k0402/2010|EPI_ISL_123949,A/chicken/Jiangsu/k0402/2,0.2995,0.2766,0.4114,0.2856,0.171,-0.064,0.386,53.06,0.431,0.446,3993,4223,-0.41068,0.081695,H5N1,Avian
290,A/chicken/Jiangsu/SE2228/2017(H5N1)|EPI_ISL_18513215,A/chicken/Jiangsu/SE2228/,0.3053,0.2705,0.4156,0.2815,0.167,-0.081,0.376,52.26,0.423,0.444,3994,4223,-0.409448,0.081459,H5N1,Avian
291,A/chicken/Jiangsu/WXBING2/2014|EPI_ISL_196591,A/chicken/Jiangsu/WXBING2,0.2995,0.2688,0.4278,0.2762,0.161,-0.097,0.366,52.12,0.418,0.444,4000,4233,-0.41571,0.078668,H5N6,Avian
292,A/chicken/Jiangsu/WXS7393/2014|EPI_ISL_196573,A/chicken/Jiangsu/WXS7393,0.2988,0.2693,0.428,0.2761,0.161,-0.097,0.366,52.16,0.418,0.444,4001,4233,-0.414482,0.078668,H5N6,Avian
293,A/chicken/Jiangsu/XZ216/2014|EPI_ISL_295145,A/chicken/Jiangsu/XZ216/2,0.3024,0.2747,0.4115,0.2855,0.169,-0.072,0.381,52.67,0.429,0.444,4004,4233,-0.405055,0.080558,H5N2,Avian
294,A/chicken/Jiangsu/YB7/2015|EPI_ISL_266437,A/chicken/Jiangsu/YB7/201,0.2995,0.2729,0.406,0.2953,0.164,-0.088,0.373,52.99,0.435,0.447,3988,4223,-0.411698,0.081932,H5N1,Avian
295,A/chicken/Jiangxi/01.14_NCJD125-P/2015(H5N6)|EPI_ISL_199397,A/chicken/Jiangxi/01.14_N,0.2827,0.279,0.4291,0.2809,0.167,-0.074,0.38,51.51,0.431,0.448,3980,4206,-0.416215,0.079173,H5N6,Avian
296,A/chicken/Jiangxi/02.05_YGYXG023-P/2015(H5N6)|EPI_ISL_199401,A/chicken/Jiangxi/02.05_Y,0.3005,0.2663,0.4273,0.2778,0.162,-0.093,0.369,52.15,0.417,0.444,3991,4223,-0.413711,0.079091,H5N6,Avian
297,A/chicken/Jiangxi/02.05_YGYXG035-P/2015(H5N6)|EPI_ISL_199400,A/chicken/Jiangxi/02.05_Y,0.2837,0.2809,0.4287,0.2793,0.169,-0.07,0.382,51.57,0.431,0.448,3949,4178,-0.424581,0.079943,H5N6,Avian
298,A/chicken/Jiangxi/04.01__NCDZT0040-O/2015(H5N6)|EPI_ISL_198856,A/chicken/Jiangxi/04.01__,0.2844,0.2789,0.4304,0.2787,0.168,-0.072,0.381,51.48,0.429,0.447,3967,4197,-0.423279,0.079581,H5N6,Avian
299,A/chicken/Jiangxi/04.01__NCDZT0042-O/2015(H5N6)|EPI_ISL_198976,A/chicken/Jiangxi/04.01__,0.2837,0.2788,0.4303,0.2789,0.167,-0.075,0.379,51.46,0.429,0.447,3985,4215,-0.412883,0.079241,H5N6,Avian
300,A/chicken/Jiangxi/04.01__NCDZT0175-P/2015(H5N6)|EPI_ISL_198924,A/chicken/Jiangxi/04.01__,0.2841,0.278,0.4309,0.2779,0.167,-0.075,0.379,51.48,0.428,0.447,3986,4216,-0.412785,0.079222,H5N6,Avian
301,A/chicken/Jiangxi/04.01__NCDZT0291-P/2015(H5N6)|EPI_ISL_198934,A/chicken/Jiangxi/04.01__,0.2839,0.2787,0.4299,0.279,0.167,-0.075,0.379,51.5,0.429,0.447,3985,4215,-0.41089,0.079241,H5N6,Avian
302,A/chicken/Jiangxi/04.01__NCJD0119-O/2015(H5N6)|EPI_ISL_198917,A/chicken/Jiangxi/04.01__,0.299,0.271,0.4223,0.2813,0.164,-0.085,0.374,52.7,0.423,0.445,4005,4234,-0.414667,0.078649,H5N6,Avian
303,A/chicken/Jiangxi/04.01__NCJD0137-O/2015(H5N6)|EPI_ISL_198920,A/chicken/Jiangxi/04.01__,0.2874,0.2775,0.4246,0.2836,0.166,-0.077,0.378,52.17,0.431,0.447,3957,4185,-0.425687,0.080048,H5N6,Avian
304,A/chicken/Jiangxi/04.01_NCDZT0192-P/2015(H5N6)|EPI_ISL_198926,A/chicken/Jiangxi/04.01_N,0.2836,0.2787,0.4303,0.2789,0.167,-0.075,0.379,51.47,0.429,0.447,3985,4215,-0.411601,0.079241,H5N6,Avian
305,A/chicken/Jiangxi/04.01_NCDZT0203-P/2015(H5N6)|EPI_ISL_198927,A/chicken/Jiangxi/04.01_N,0.2831,0.2785,0.4311,0.2789,0.167,-0.074,0.379,51.44,0.429,0.447,3994,4225,-0.415148,0.079053,H5N6,Avian
306,A/chicken/Jiangxi/04.01_NCDZT0238-P/2015(H5N6)|EPI_ISL_198930,A/chicken/Jiangxi/04.01_N,0.2837,0.2776,0.4298,0.2808,0.167,-0.077,0.378,51.49,0.429,0.447,3994,4224,-0.415128,0.079072,H5N6,Avian
307,A/chicken/Jiangxi/04.01_NCDZT0279-P/2015(H5N6)|EPI_ISL_198932,A/chicken/Jiangxi/04.01_N,0.2839,0.2799,0.4285,0.28,0.168,-0.073,0.38,51.52,0.431,0.448,3959,4187,-0.420898,0.079532,H5N6,Avian
308,A/chicken/Jiangxi/04.01_NCDZT0285-P/2015(H5N6)|EPI_ISL_198933,A/chicken/Jiangxi/04.01_N,0.2826,0.2796,0.4301,0.2792,0.167,-0.074,0.38,51.48,0.43,0.448,3986,4215,-0.412123,0.079004,H5N6,Avian
309,A/chicken/Jiangxi/04.01_NCDZT0299-P/2015(Mixed)|EPI_ISL_200410,A/chicken/Jiangxi/04.01_N,0.289,0.278,0.4284,0.2768,0.168,-0.07,0.382,51.89,0.427,0.447,3964,4191,-0.438082,0.081603,Others,Avian
310,A/chicken/Jiangxi/04.01_NCJD131-1-O/2015(H5N6)|EPI_ISL_198758,A/chicken/Jiangxi/04.01_N,0.2814,0.2832,0.4253,0.2833,0.168,-0.069,0.383,51.77,0.435,0.449,3951,4178,-0.424581,0.079703,H5N6,Avian
311,A/chicken/Jiangxi/05.06__NCDZT0039B-P/2015(H5N6)|EPI_ISL_198971,A/chicken/Jiangxi/05.06__,0.2853,0.2785,0.4283,0.2801,0.167,-0.072,0.381,51.58,0.43,0.448,3957,4187,-0.420803,0.079771,H5N6,Avian
312,A/chicken/Jiangxi/10.30_NCDZT17B3-OC/2017|EPI_ISL_696762,A/chicken/Jiangxi/10.30_N,0.3057,0.2699,0.4189,0.2773,0.164,-0.09,0.371,52.4,0.42,0.443,3996,4231,-0.412385,0.07965,H5N6,Avian
313,A/chicken/Jiangxi/12.05_NCDZT007/2014(H5N6)|EPI_ISL_198890,A/chicken/Jiangxi/12.05_N,0.2809,0.284,0.4233,0.2852,0.168,-0.071,0.381,51.69,0.437,0.45,3960,4187,-0.42534,0.079771,H5N6,Avian
314,A/chicken/Jiangxi/12.05_NCDZT0012/2014(H5N6)|EPI_ISL_198884,A/chicken/Jiangxi/12.05_N,0.2836,0.2811,0.426,0.2829,0.166,-0.075,0.379,51.91,0.433,0.448,3958,4187,-0.424648,0.08001,H5N6,Avian
315,A/chicken/Jiangxi/12.05_NCDZT0020/2014(H5N6)|EPI_ISL_198885,A/chicken/Jiangxi/12.05_N,0.2801,0.2826,0.4266,0.2834,0.167,-0.072,0.38,51.61,0.435,0.449,3995,4224,-0.416738,0.079072,H5N6,Avian
316,A/chicken/Jiangxi/12.05_NCDZT0032/2014(H5N6)|EPI_ISL_198888,A/chicken/Jiangxi/12.05_N,0.2884,0.2783,0.4193,0.2876,0.167,-0.081,0.376,52.04,0.434,0.449,3965,4196,-0.419709,0.079838,H5N6,Avian
317,A/chicken/Jiangxi/12.05_NCNP006/2014(H5N6)|EPI_ISL_199010,A/chicken/Jiangxi/12.05_N,0.2825,0.2801,0.4291,0.2811,0.165,-0.077,0.378,51.82,0.431,0.447,3993,4224,-0.417282,0.079309,H5N6,Avian
318,A/chicken/Jiangxi/25/2011|EPI_ISL_369824,A/chicken/Jiangxi/25/2011,0.3096,0.2654,0.4185,0.2781,0.169,-0.073,0.381,52.7,0.417,0.443,3995,4224,-0.407718,0.081676,H5N1,Avian
319,A/Chicken/Jiangxi/45093/2016|EPI_ISL_354562,A/Chicken/Jiangxi/45093/2,0.2853,0.2774,0.4295,0.2798,0.166,-0.077,0.378,51.47,0.428,0.446,4002,4231,-0.410754,0.079177,H5N6,Avian
320,A/chicken/Jiangxi/S40653/2021(H5N1)|EPI_ISL_12572653,A/chicken/Jiangxi/S40653/,0.3075,0.2762,0.4032,0.284,0.169,-0.071,0.382,53.06,0.43,0.448,4002,4235,-0.39634,0.082881,H5N1,Avian
321,A/chicken/Jilin/04.11_CCHSL007/2015(Mixed)|EPI_ISL_200263,A/chicken/Jilin/04.11_CCH,0.3005,0.2678,0.4238,0.2802,0.163,-0.092,0.37,52.46,0.42,0.445,3985,4214,-0.414618,0.079022,H5N6,Avian
322,A/chicken/Jilin/04.12_MHK001-O/2015(H5N1)|EPI_ISL_198845,A/chicken/Jilin/04.12_MHK,0.3032,0.2721,0.4149,0.2826,0.165,-0.085,0.374,52.6,0.425,0.444,3995,4223,-0.411816,0.081695,H5N1,Avian
323,A/chicken/Jilin/04.12_MHK002-O/2015(H5N1)|EPI_ISL_198846,A/chicken/Jilin/04.12_MHK,0.3032,0.2718,0.4148,0.2828,0.164,-0.086,0.373,52.59,0.425,0.445,3995,4224,-0.411198,0.081913,H5N1,Avian
324,A/chicken/Jilin/04.12_MHK003-O/2015(H5N1)|EPI_ISL_198837,A/chicken/Jilin/04.12_MHK,0.3032,0.2721,0.4148,0.2825,0.165,-0.085,0.374,52.59,0.425,0.445,3995,4223,-0.411177,0.081695,H5N1,Avian
325,A/chicken/Jilin/04.12_MHK004-O/2015(Mixed)|EPI_ISL_200387,A/chicken/Jilin/04.12_MHK,0.3032,0.2721,0.4148,0.2826,0.165,-0.085,0.374,52.59,0.425,0.444,3995,4223,-0.409946,0.081695,H5N1,Avian
326,A/chicken/Jilin/04.25_MHK009/2015(H5N1)|EPI_ISL_198840,A/chicken/Jilin/04.25_MHK,0.3041,0.2714,0.4152,0.2819,0.164,-0.086,0.373,52.62,0.424,0.444,3995,4223,-0.410656,0.081695,H5N1,Avian
327,A/chicken/Jilin/S1255/2019(H5N1)|EPI_ISL_18513216,A/chicken/Jilin/S1255/201,0.3053,0.272,0.4162,0.279,0.166,-0.086,0.374,52.69,0.423,0.444,3992,4223,-0.407886,0.081459,H5N1,Avian
328,A/chicken/Jilin/S1271/2019(H5N1)|EPI_ISL_18513217,A/chicken/Jilin/S1271/201,0.3051,0.2718,0.4175,0.2782,0.166,-0.084,0.374,52.73,0.422,0.444,3992,4223,-0.409046,0.081222,H5N1,Avian
329,A/chicken/Kaohsiung/16MB0889/2016|EPI_ISL_4032226,A/chicken/Kaohsiung/16MB0,0.3077,0.2654,0.4129,0.2829,0.164,-0.092,0.369,52.43,0.422,0.444,4023,4255,-0.404089,0.080846,H5N8,Avian
330,A/chicken/Kaohsiung/16010047/2016|EPI_ISL_4032220,A/chicken/Kaohsiung/16010,0.3096,0.2639,0.4111,0.285,0.164,-0.091,0.37,52.56,0.422,0.444,4024,4255,-0.4051,0.081081,H5N8,Avian
331,A/chicken/Kaohsiung/16020017-2/2016|EPI_ISL_4032221,A/chicken/Kaohsiung/16020,0.3097,0.2635,0.4124,0.2834,0.164,-0.092,0.369,52.45,0.421,0.443,4023,4255,-0.40322,0.081081,H5N8,Avian
332,A/chicken/Kaohsiung/16040021-1/2016|EPI_ISL_4032222,A/chicken/Kaohsiung/16040,0.3077,0.2654,0.4129,0.2829,0.164,-0.092,0.369,52.43,0.422,0.444,4023,4255,-0.404089,0.080846,H5N8,Avian
333,A/chicken/Kaohsiung/16070003/2016|EPI_ISL_4032223,A/chicken/Kaohsiung/16070,0.3079,0.265,0.4117,0.2844,0.165,-0.092,0.369,52.4,0.423,0.444,4024,4255,-0.406322,0.081081,H5N8,Avian
334,A/chicken/Kaohsiung/16120012/2016|EPI_ISL_4032224,A/chicken/Kaohsiung/16120,0.3093,0.264,0.4098,0.2857,0.164,-0.093,0.368,52.64,0.423,0.444,4027,4255,-0.400305,0.080846,H5N8,Avian
335,A/chicken/Kaohsiung/17030023/2017|EPI_ISL_4032227,A/chicken/Kaohsiung/17030,0.3085,0.2653,0.4134,0.2811,0.164,-0.091,0.37,52.54,0.421,0.444,4022,4255,-0.405828,0.081316,H5N8,Avian
336,A/chicken/Kaohsiung/17040007/2017|EPI_ISL_4032229,A/chicken/Kaohsiung/17040,0.2978,0.28,0.4147,0.278,0.167,-0.079,0.377,51.87,0.429,0.445,4024,4254,-0.402398,0.080395,H5N2,Avian
337,A/chicken/Kaohsiung/17100002/2017|EPI_ISL_4032230,A/chicken/Kaohsiung/17100,0.2983,0.2799,0.4118,0.2812,0.167,-0.081,0.376,52.02,0.431,0.446,4025,4254,-0.400188,0.080395,H5N2,Avian
338,A/chicken/Kaohsiung/18080004-1/2018|EPI_ISL_4032235,A/chicken/Kaohsiung/18080,0.3019,0.2735,0.4204,0.2747,0.165,-0.081,0.376,51.8,0.422,0.444,4023,4254,-0.409309,0.08016,H5N2,Avian
339,A/chicken/Kaohsiung/18080004-2/2018|EPI_ISL_4032236,A/chicken/Kaohsiung/18080,0.3016,0.2738,0.4207,0.2743,0.165,-0.082,0.376,51.83,0.422,0.444,4023,4254,-0.409285,0.08016,H5N2,Avian
340,A/chicken/Liaoning/S4092/2011|EPI_ISL_234324,A/chicken/Liaoning/S4092/,0.31,0.2723,0.4138,0.2758,0.172,-0.07,0.383,53.18,0.421,0.443,3990,4223,-0.404428,0.081695,H5N1,Avian
341,A/chicken/Liaoning/SD035/2018(H5N1)|EPI_ISL_18513219,A/chicken/Liaoning/SD035/,0.3043,0.2723,0.4152,0.2807,0.166,-0.081,0.376,52.76,0.424,0.444,3994,4223,-0.411556,0.081695,H5N1,Avian
342,A/chicken/Miaoli/15010421-1/2015|EPI_ISL_4032237,A/chicken/Miaoli/15010421,0.3063,0.2688,0.4251,0.2676,0.169,-0.086,0.372,52.09,0.413,0.441,4026,4256,-0.397744,0.081297,H5N8,Avian
343,A/chicken/Nantou/16110023-1/2016|EPI_ISL_4032239,A/chicken/Nantou/16110023,0.3083,0.2632,0.4113,0.2859,0.164,-0.094,0.367,52.32,0.423,0.444,4026,4255,-0.401927,0.081316,H5N8,Avian
344,A/chicken/New_Taipei_City/16110019-1/2016|EPI_ISL_4032240,A/chicken/New_Taipei_City,0.3102,0.2636,0.4128,0.282,0.164,-0.094,0.368,52.45,0.42,0.443,4020,4255,-0.401622,0.081081,H5N8,Avian
345,A/chicken/New_Taipei_City/16110020-2/2016|EPI_ISL_4032241,A/chicken/New_Taipei_City,0.3099,0.2636,0.4142,0.2809,0.164,-0.094,0.368,52.42,0.419,0.443,4024,4255,-0.400541,0.080846,H5N8,Avian
346,A/chicken/New_Taipei_City/17040002-2/2017|EPI_ISL_4032242,A/chicken/New_Taipei_City,0.2963,0.2824,0.4137,0.2784,0.167,-0.082,0.375,52.07,0.431,0.446,4024,4254,-0.406253,0.080395,H5N2,Avian
347,A/chicken/New_Taipei_City/17050004-2/2017|EPI_ISL_4032243,A/chicken/New_Taipei_City,0.3096,0.2627,0.4154,0.2805,0.164,-0.094,0.368,52.45,0.418,0.443,4022,4255,-0.401645,0.080846,H5N8,Avian
348,A/chicken/New_Taipei_City/17090001/2017|EPI_ISL_4032244,A/chicken/New_Taipei_City,0.3105,0.2627,0.4153,0.2797,0.165,-0.092,0.369,52.34,0.417,0.442,4022,4255,-0.400987,0.081081,H5N8,Avian
349,A/chicken/New_Taipei_City/17090002/2017|EPI_ISL_4032245,A/chicken/New_Taipei_City,0.3121,0.2613,0.4148,0.2804,0.165,-0.094,0.368,52.37,0.417,0.442,4022,4255,-0.402679,0.081081,H5N8,Avian
350,A/chicken/New_Taipei_City/17090003/2017|EPI_ISL_4032246,A/chicken/New_Taipei_City,0.311,0.262,0.4149,0.2793,0.165,-0.093,0.369,52.37,0.417,0.442,4023,4255,-0.399295,0.080846,H5N8,Avian
351,A/chicken/New_Taipei_City/18010021-3/2018|EPI_ISL_4032247,A/chicken/New_Taipei_City,0.2993,0.2779,0.4124,0.2802,0.167,-0.082,0.375,52.21,0.429,0.446,4024,4254,-0.406112,0.08016,H5N2,Avian
352,A/chicken/Ningxia/2/2012|EPI_ISL_234325,A/chicken/Ningxia/2/2012|,0.3113,0.2707,0.417,0.2722,0.17,-0.071,0.382,53.13,0.417,0.442,3992,4223,-0.406228,0.081932,H5N1,Avian
353,A/chicken/Ningxia/222/2012|EPI_ISL_148405,A/chicken/Ningxia/222/201,0.3109,0.2706,0.4173,0.2719,0.17,-0.071,0.382,53.11,0.417,0.442,3993,4223,-0.404712,0.081695,H5N1,Avian
354,A/chicken/PH/A2821/2013|EPI_ISL_179540,A/chicken/PH/A2821/2013|E,0.3215,0.2554,0.4375,0.2539,0.166,-0.09,0.371,51.45,0.392,0.434,3991,4225,-0.411692,0.08,H5N2,Avian
355,A/chicken/Pingtung/15050006-1/2015|EPI_ISL_4032264,A/chicken/Pingtung/150500,0.2991,0.281,0.4141,0.2763,0.168,-0.079,0.378,52.03,0.429,0.446,4023,4254,-0.408016,0.080395,H5N2,Avian
356,A/chicken/Pingtung/16020009-3/2016|EPI_ISL_4032266,A/chicken/Pingtung/160200,0.3017,0.2785,0.4118,0.2787,0.167,-0.077,0.378,52.21,0.428,0.445,4025,4254,-0.401058,0.08063,H5N2,Avian
357,A/chicken/Pingtung/18010017-1/2018|EPI_ISL_4032267,A/chicken/Pingtung/180100,0.2987,0.2788,0.4142,0.2789,0.168,-0.079,0.377,51.89,0.429,0.445,4024,4254,-0.405336,0.080395,H5N2,Avian
358,A/chicken/Pingtung/18020015-1/2018|EPI_ISL_4032269,A/chicken/Pingtung/180200,0.2983,0.2786,0.4125,0.2802,0.166,-0.084,0.374,52.22,0.43,0.446,4019,4248,-0.40911,0.080273,H5N2,Avian
359,A/chicken/PT/a158/2015|EPI_ISL_179534,A/chicken/PT/a158/2015|EP,0.324,0.2583,0.4306,0.2566,0.169,-0.084,0.375,51.89,0.395,0.434,3990,4225,-0.403172,0.080237,H5N2,Avian
360,A/chicken/Qingdao/1/2014|EPI_ISL_176997,A/chicken/Qingdao/1/2014|,0.3016,0.2734,0.4155,0.2834,0.168,-0.076,0.378,52.7,0.427,0.443,4005,4232,-0.408648,0.08034,H5N2,Avian
361,A/chicken/SC/a688/2015|EPI_ISL_179539,A/chicken/SC/a688/2015|EP,0.3211,0.2567,0.4341,0.2572,0.169,-0.084,0.375,51.75,0.395,0.435,3990,4225,-0.407811,0.080237,H5N2,Avian
362,A/chicken/Shaanxi/SD001/2021|EPI_ISL_9637827,A/chicken/Shaanxi/SD001/2,0.2908,0.2735,0.4346,0.2708,0.165,-0.08,0.376,51.94,0.419,0.444,4009,4238,-0.411066,0.078339,H5N6,Avian
363,A/chicken/Shandong/12.03_YA-CK/2014(H5N1)|EPI_ISL_199154,A/chicken/Shandong/12.03_,0.3007,0.2711,0.4054,0.2963,0.165,-0.088,0.373,52.99,0.435,0.446,3991,4223,-0.41068,0.081932,H5N1,Avian
364,A/Chicken/Shandong/J01/2009|EPI_ISL_169392,A/Chicken/Shandong/J01/20,0.3092,0.268,0.416,0.2805,0.169,-0.077,0.379,52.76,0.42,0.443,3992,4223,-0.412171,0.081932,H5N1,Avian
365,A/Chicken/Shandong/J02/2009|EPI_ISL_169393,A/Chicken/Shandong/J02/20,0.3089,0.2728,0.414,0.2764,0.17,-0.07,0.383,53.38,0.422,0.443,3990,4223,-0.408406,0.081695,H5N1,Avian
366,A/Chicken/Shandong/J03/2009|EPI_ISL_169416,A/Chicken/Shandong/J03/20,0.3095,0.271,0.4168,0.2739,0.17,-0.075,0.38,52.96,0.419,0.443,3992,4223,-0.402628,0.081459,H5N1,Avian
367,A/Chicken/Shandong/J04/2009|EPI_ISL_169417,A/Chicken/Shandong/J04/20,0.3086,0.2725,0.4147,0.2759,0.17,-0.078,0.378,53.06,0.421,0.444,3991,4224,-0.406463,0.081439,H5N1,Avian
368,A/Chicken/Shandong/J06/2009|EPI_ISL_169419,A/Chicken/Shandong/J06/20,0.3066,0.2697,0.4144,0.2819,0.17,-0.07,0.383,53.16,0.423,0.444,3993,4223,-0.405683,0.081695,H5N1,Avian
369,A/chicken/Shandong/KD02699/2013|EPI_ISL_237552,A/chicken/Shandong/KD0269,0.3082,0.2672,0.4229,0.2712,0.17,-0.08,0.376,52.48,0.414,0.443,4012,4244,-0.401437,0.082469,H5N8,Avian
370,A/chicken/Shandong/S3/2014|EPI_ISL_234326,A/chicken/Shandong/S3/201,0.3023,0.2732,0.4151,0.2837,0.168,-0.077,0.378,52.67,0.427,0.443,4005,4232,-0.413658,0.080577,H5N2,Avian
371,A/chicken/Shanghai/S1123/2019(H5N1)|EPI_ISL_18513220,A/chicken/Shanghai/S1123/,0.3054,0.2709,0.4155,0.281,0.166,-0.088,0.372,52.43,0.423,0.444,3996,4223,-0.410419,0.081459,H5N1,Avian
372,A/chicken/Shanghai/S4030/2017(H5N1)|EPI_ISL_18513221,A/chicken/Shanghai/S4030/,0.3051,0.2712,0.4163,0.2813,0.167,-0.082,0.376,52.3,0.423,0.444,3993,4223,-0.411272,0.082169,H5N1,Avian
373,A/chicken/Shanxi/04.28_TGRL024-O/2018|EPI_ISL_696630,A/chicken/Shanxi/04.28_TG,0.292,0.269,0.443,0.2667,0.164,-0.084,0.374,51.57,0.412,0.442,3964,4198,-0.424226,0.079323,H5N6,Avian
374,A/chicken/Shanxi/12.01_TGYL014-C/2016|EPI_ISL_707363,A/chicken/Shanxi/12.01_TG,0.3004,0.2635,0.4354,0.2723,0.165,-0.085,0.374,51.78,0.411,0.441,3998,4232,-0.419211,0.078686,H5N6,Avian
375,A/chicken/Shenzhen/433/2013|EPI_ISL_182059,A/chicken/Shenzhen/433/20,0.2991,0.2686,0.4248,0.2797,0.163,-0.091,0.37,52.35,0.421,0.445,4002,4233,-0.413938,0.078668,H5N6,Avian
376,A/chicken/Shenzhen/552/2013|EPI_ISL_182086,A/chicken/Shenzhen/552/20,0.2977,0.2688,0.4242,0.2822,0.163,-0.09,0.37,52.33,0.422,0.445,4005,4233,-0.413229,0.078904,H5N6,Avian
377,A/chicken/Shenzhen/715/2013|EPI_ISL_181665,A/chicken/Shenzhen/715/20,0.2991,0.2686,0.4248,0.2797,0.163,-0.091,0.37,52.35,0.421,0.445,4002,4233,-0.413938,0.078668,H5N6,Avian
378,A/chicken/Shenzhen/1061/2013|EPI_ISL_181666,A/chicken/Shenzhen/1061/2,0.2985,0.2696,0.4263,0.278,0.164,-0.09,0.37,52.33,0.42,0.444,4002,4233,-0.41408,0.078904,H5N6,Avian
379,A/chicken/Shenzhen/1845/2013|EPI_ISL_182061,A/chicken/Shenzhen/1845/2,0.3024,0.2677,0.4244,0.2786,0.164,-0.084,0.374,52.75,0.418,0.443,4014,4244,-0.411829,0.078464,H5N6,Avian
380,A/chicken/Shenzhen/2269/2013|EPI_ISL_181667,A/chicken/Shenzhen/2269/2,0.2998,0.2669,0.4235,0.2831,0.162,-0.093,0.369,52.33,0.421,0.445,4002,4233,-0.414411,0.078904,H5N6,Avian
381,A/chicken/Shenzhen/2396/2013|EPI_ISL_182062,A/chicken/Shenzhen/2396/2,0.2974,0.2686,0.4242,0.2825,0.163,-0.089,0.371,52.25,0.422,0.445,4004,4233,-0.412473,0.078668,H5N6,Avian
382,A/chicken/Shenzhen/2464/2013|EPI_ISL_182063,A/chicken/Shenzhen/2464/2,0.2977,0.2691,0.4242,0.2818,0.163,-0.09,0.37,52.3,0.422,0.445,4004,4233,-0.4146,0.078904,H5N6,Avian
383,A/chicken/Shijiazhuang/1209/2013|EPI_ISL_175618,A/chicken/Shijiazhuang/12,0.3065,0.2715,0.4151,0.2815,0.168,-0.081,0.376,52.39,0.423,0.441,4001,4232,-0.411555,0.081049,H5N2,Avian
384,A/chicken/Sichuan/k141/2017|EPI_ISL_505073,A/chicken/Sichuan/k141/20,0.2895,0.2737,0.4321,0.2755,0.165,-0.087,0.372,51.58,0.422,0.446,3999,4232,-0.419683,0.078922,H5N6,Avian
385,A/chicken/Sichuan/NCJPL1/2014|EPI_ISL_179645,A/chicken/Sichuan/NCJPL1/,0.2994,0.2705,0.4234,0.2809,0.164,-0.081,0.376,52.7,0.422,0.444,4013,4244,-0.4127,0.078464,H5N6,Avian
386,A/Chicken/Suzhou/j5/2019|EPI_ISL_353285,A/Chicken/Suzhou/j5/2019|,0.2962,0.2682,0.4279,0.2782,0.164,-0.088,0.372,52.11,0.42,0.445,4001,4232,-0.410421,0.078922,H5N6,Avian
387,A/Chicken/Suzhou/j6/2019|EPI_ISL_353618,A/Chicken/Suzhou/j6/2019|,0.2962,0.2682,0.4279,0.2782,0.164,-0.088,0.371,52.12,0.42,0.445,4001,4232,-0.409806,0.078922,H5N6,Avian
388,A/chicken/Taichung/15010399/2015|EPI_ISL_4032272,A/chicken/Taichung/150103,0.2988,0.281,0.4153,0.2757,0.168,-0.08,0.377,51.96,0.428,0.445,4023,4254,-0.405054,0.08016,H5N2,Avian
389,A/chicken/Taichung/16040032-3/2016|EPI_ISL_4032273,A/chicken/Taichung/160400,0.3004,0.2802,0.4155,0.2745,0.168,-0.078,0.378,52.17,0.427,0.445,4024,4254,-0.397485,0.080395,H5N2,Avian
390,A/chicken/Taichung/16050044-2/2016|EPI_ISL_4032274,A/chicken/Taichung/160500,0.2993,0.2809,0.4156,0.275,0.168,-0.076,0.379,52.26,0.427,0.444,4025,4254,-0.398966,0.080395,H5N2,Avian
391,A/chicken/Taichung/16110017-3/2016|EPI_ISL_4032275,A/chicken/Taichung/161100,0.2961,0.2762,0.4198,0.276,0.17,-0.075,0.379,52.18,0.426,0.448,4025,4255,-0.397368,0.081081,H5N8,Avian
392,A/chicken/Tainan/15020214/2015|EPI_ISL_4032276,A/chicken/Tainan/15020214,0.311,0.2641,0.4056,0.288,0.165,-0.091,0.369,52.58,0.425,0.445,4021,4255,-0.40416,0.081316,H5N8,Avian
393,A/chicken/Tainan/16040035-1/2016|EPI_ISL_4032277,A/chicken/Tainan/16040035,0.2986,0.2821,0.4109,0.2787,0.168,-0.077,0.378,52.17,0.431,0.446,4025,4254,-0.402421,0.08063,H5N2,Avian
394,A/chicken/Tainan/17030058-1/2017|EPI_ISL_4032278,A/chicken/Tainan/17030058,0.3085,0.2653,0.4136,0.2807,0.164,-0.09,0.37,52.59,0.42,0.444,4022,4255,-0.403196,0.080846,H5N8,Avian
395,A/chicken/Taipei_City/17090004/2017|EPI_ISL_4032280,A/chicken/Taipei_City/170,0.3104,0.2626,0.4138,0.2814,0.164,-0.096,0.367,52.45,0.419,0.443,4022,4255,-0.402468,0.081081,H5N8,Avian
396,A/chicken/Taipei_City/18010007-3/2018|EPI_ISL_4032281,A/chicken/Taipei_City/180,0.2974,0.2805,0.4121,0.2808,0.167,-0.079,0.377,52.24,0.432,0.446,4022,4254,-0.40315,0.080395,H5N2,Avian
397,A/chicken/Taipei_City/18010008-3/2018|EPI_ISL_4032282,A/chicken/Taipei_City/180,0.2968,0.2805,0.4122,0.2813,0.167,-0.081,0.376,52.03,0.432,0.446,4022,4254,-0.405759,0.080395,H5N2,Avian
398,A/chicken/Taipei/16060022-4/2016|EPI_ISL_4032285,A/chicken/Taipei/16060022,0.3078,0.2649,0.4101,0.2858,0.164,-0.092,0.369,52.46,0.424,0.445,4023,4255,-0.402538,0.081081,H5N8,Avian
399,A/chicken/Taipei/16060023-1/2016|EPI_ISL_4032286,A/chicken/Taipei/16060023,0.3078,0.2649,0.4098,0.2861,0.165,-0.092,0.369,52.47,0.424,0.445,4023,4255,-0.403102,0.081081,H5N8,Avian
400,A/chicken/Taipei/16120021/2016|EPI_ISL_4032287,A/chicken/Taipei/16120021,0.3098,0.2644,0.4099,0.2849,0.165,-0.091,0.37,52.73,0.423,0.444,4025,4255,-0.40188,0.081081,H5N8,Avian
401,A/chicken/Taipei/17050005-1/2017|EPI_ISL_4032288,A/chicken/Taipei/17050005,0.3099,0.2631,0.4141,0.2816,0.164,-0.093,0.369,52.45,0.419,0.443,4023,4255,-0.403149,0.081081,H5N8,Avian
402,A/chicken/Taipei/17050008-3/2017|EPI_ISL_4032291,A/chicken/Taipei/17050008,0.3095,0.2635,0.4155,0.28,0.164,-0.092,0.369,52.43,0.418,0.443,4021,4255,-0.405076,0.081081,H5N8,Avian
403,A/chicken/Taipei/17050009-3/2017|EPI_ISL_4032292,A/chicken/Taipei/17050009,0.3092,0.2638,0.4133,0.2826,0.164,-0.095,0.367,52.37,0.42,0.443,4022,4255,-0.403854,0.081081,H5N8,Avian
404,A/chicken/Taishun/TS2/2016|EPI_ISL_244534,A/chicken/Taishun/TS2/201,0.2903,0.2705,0.43,0.2808,0.165,-0.083,0.374,51.74,0.423,0.445,4005,4231,-0.413567,0.079414,H5N6,Avian
405,A/chicken/Taishun/TS90/2016|EPI_ISL_244533,A/chicken/Taishun/TS90/20,0.2838,0.2777,0.4281,0.2814,0.168,-0.074,0.38,51.58,0.43,0.448,4002,4231,-0.416285,0.079177,H5N6,Avian
406,A/chicken/Taiwan/0101/2012|EPI_ISL_143459,A/chicken/Taiwan/0101/201,0.3096,0.2647,0.4337,0.262,0.17,-0.073,0.381,51.79,0.405,0.438,3980,4212,-0.407906,0.080959,H5N2,Avian
407,A/chicken/Taiwan/0502/2012|EPI_ISL_162475,A/chicken/Taiwan/0502/201,0.3163,0.2581,0.4379,0.2557,0.168,-0.08,0.377,51.63,0.395,0.435,3993,4226,-0.410577,0.079981,H5N2,Avian
408,A/chicken/Taiwan/683/2012|EPI_ISL_158000,A/chicken/Taiwan/683/2012,0.3184,0.2575,0.4338,0.2588,0.168,-0.085,0.374,51.61,0.397,0.437,3989,4225,-0.415408,0.080237,H5N2,Avian
409,A/chicken/Taiwan/01174/2015|EPI_ISL_219873,A/chicken/Taiwan/01174/20,0.3045,0.2725,0.4106,0.2853,0.166,-0.085,0.374,53.03,0.428,0.444,4030,4261,-0.409904,0.080732,Others,Avian
410,A/chicken/Taiwan/1682/2013|EPI_ISL_158004,A/chicken/Taiwan/1682/201,0.3143,0.2582,0.43,0.2664,0.165,-0.089,0.372,52.31,0.403,0.438,3981,4212,-0.415052,0.081434,H5N2,Avian
411,A/chicken/Taiwan/1692/2013|EPI_ISL_158005,A/chicken/Taiwan/1692/201,0.3144,0.2582,0.4302,0.2659,0.165,-0.089,0.372,52.33,0.403,0.438,3981,4212,-0.416572,0.081434,H5N2,Avian
412,A/chicken/Taiwan/1704/2013|EPI_ISL_158006,A/chicken/Taiwan/1704/201,0.3145,0.2578,0.4305,0.2656,0.165,-0.089,0.372,52.33,0.403,0.438,3981,4212,-0.415503,0.081434,H5N2,Avian
413,A/chicken/Taiwan/1711/2013|EPI_ISL_158007,A/chicken/Taiwan/1711/201,0.3143,0.2576,0.4304,0.2662,0.164,-0.09,0.371,52.34,0.403,0.438,3981,4212,-0.415408,0.081197,H5N2,Avian
414,A/chicken/Taiwan/2593/2012|EPI_ISL_158024,A/chicken/Taiwan/2593/201,0.3188,0.2575,0.4302,0.2628,0.169,-0.081,0.377,51.92,0.4,0.437,3991,4225,-0.409894,0.080473,H5N2,Avian
415,A/chicken/Taiwan/2948/2013|EPI_ISL_158008,A/chicken/Taiwan/2948/201,0.3197,0.2566,0.4315,0.2613,0.168,-0.082,0.376,51.99,0.398,0.436,3991,4225,-0.412284,0.080473,H5N2,Avian
416,A/chicken/Taiwan/4443/2013|EPI_ISL_158014,A/chicken/Taiwan/4443/201,0.3208,0.255,0.4316,0.2622,0.168,-0.086,0.374,51.89,0.397,0.436,3992,4225,-0.411905,0.080473,H5N2,Avian
417,A/chicken/Taiwan/7350/2013|EPI_ISL_158009,A/chicken/Taiwan/7350/201,0.321,0.2555,0.4298,0.263,0.167,-0.086,0.374,51.94,0.398,0.436,3994,4225,-0.409018,0.080237,H5N2,Avian
418,A/chicken/Taiwan/8988/2013|EPI_ISL_158010,A/chicken/Taiwan/8988/201,0.318,0.2588,0.43,0.2623,0.169,-0.08,0.378,52.03,0.401,0.437,3990,4225,-0.415124,0.080473,H5N2,Avian
419,A/chicken/Taiwan/8994/2013|EPI_ISL_158011,A/chicken/Taiwan/8994/201,0.3173,0.2582,0.4293,0.2644,0.168,-0.081,0.377,52.03,0.402,0.438,3956,4190,-0.422076,0.080668,H5N2,Avian
420,A/chicken/Taiwan/8996/2013|EPI_ISL_158013,A/chicken/Taiwan/8996/201,0.3173,0.2582,0.4299,0.2636,0.168,-0.08,0.378,52,0.401,0.438,3956,4190,-0.422053,0.080668,H5N2,Avian
421,A/chicken/Taiwan/A1/2019|EPI_ISL_502392,A/chicken/Taiwan/A1/2019|,0.325,0.2509,0.4355,0.2573,0.166,-0.097,0.367,51.53,0.39,0.433,3991,4225,-0.407787,0.080237,H5N2,Avian
422,A/chicken/Taiwan/a174/2015|EPI_ISL_179025,A/chicken/Taiwan/a174/201,0.304,0.2728,0.4088,0.2877,0.166,-0.085,0.374,53.12,0.43,0.444,3983,4211,-0.414248,0.080028,Others,Avian
423,A/chicken/Taiwan/A1997/2012|EPI_ISL_143460,A/chicken/Taiwan/A1997/20,0.3179,0.2585,0.4361,0.2562,0.169,-0.075,0.38,51.76,0.396,0.435,3991,4226,-0.416588,0.081164,H5N2,Avian
424,A/chicken/Taiwan/D2/2019|EPI_ISL_502396,A/chicken/Taiwan/D2/2019|,0.3024,0.2731,0.42,0.2749,0.165,-0.083,0.375,51.8,0.421,0.443,4026,4254,-0.40536,0.08016,H5N2,Avian
425,A/chicken/Taiwan/D9/2019|EPI_ISL_502397,A/chicken/Taiwan/D9/2019|,0.3024,0.2731,0.42,0.2749,0.165,-0.084,0.374,51.8,0.421,0.443,4026,4254,-0.40536,0.08016,H5N2,Avian
426,A/chicken/Taiwan/u7/2016|EPI_ISL_256396,A/chicken/Taiwan/u7/2016|,0.2993,0.2785,0.4142,0.2788,0.167,-0.082,0.375,51.92,0.428,0.445,4024,4254,-0.402139,0.080395,H5N2,Avian
427,A/chicken/Taiwan/x37/2016|EPI_ISL_256398,A/chicken/Taiwan/x37/2016,0.3074,0.2653,0.4086,0.2874,0.164,-0.094,0.367,52.67,0.425,0.445,3962,4189,-0.406804,0.080449,H5N8,Avian
428,A/chicken/TC/a504/2015|EPI_ISL_179536,A/chicken/TC/a504/2015|EP,0.3236,0.2582,0.4306,0.2566,0.169,-0.083,0.375,51.78,0.395,0.435,3991,4225,-0.407006,0.080237,H5N2,Avian
429,A/chicken/TY/a665/2015|EPI_ISL_179538,A/chicken/TY/a665/2015|EP,0.3231,0.2581,0.4312,0.2568,0.169,-0.084,0.375,51.81,0.395,0.434,3991,4225,-0.406225,0.08,H5N2,Avian
430,A/chicken/Wuxi/7157/2015|EPI_ISL_277040,A/chicken/Wuxi/7157/2015|,0.2986,0.2654,0.4329,0.2745,0.163,-0.09,0.37,52.18,0.414,0.443,4001,4233,-0.412804,0.078904,H5N6,Avian
431,A/chicken/Wuxi/7765/2016|EPI_ISL_277042,A/chicken/Wuxi/7765/2016|,0.2979,0.2705,0.4253,0.2784,0.163,-0.088,0.371,52.39,0.421,0.445,4001,4233,-0.412993,0.078904,H5N6,Avian
432,A/chicken/Wuxi/SC7393/2015|EPI_ISL_223364,A/chicken/Wuxi/SC7393/201,0.2988,0.269,0.4283,0.2761,0.161,-0.097,0.366,52.16,0.418,0.444,4001,4233,-0.414482,0.078668,H5N6,Avian
433,A/chicken/Wuxi/WX-32/2013|EPI_ISL_376084,A/chicken/Wuxi/WX-32/2013,0.3115,0.2672,0.417,0.2767,0.167,-0.081,0.377,52.45,0.417,0.442,3993,4223,-0.411864,0.081932,H5N1,Avian
434,A/chicken/Wuxi/WX-33/2013|EPI_ISL_376085,A/chicken/Wuxi/WX-33/2013,0.3122,0.2659,0.4179,0.2765,0.167,-0.082,0.376,52.43,0.416,0.442,3993,4223,-0.41274,0.082643,H5N1,Avian
435,A/chicken/Xinjiang/S1016/2019(H5N1)|EPI_ISL_18513222,A/chicken/Xinjiang/S1016/,0.3051,0.2712,0.416,0.2806,0.166,-0.087,0.373,52.4,0.423,0.444,3997,4223,-0.41274,0.080985,H5N1,Avian
436,A/chicken/Xinjiang/S1081/2019(H5N1)|EPI_ISL_18513223,A/chicken/Xinjiang/S1081/,0.3051,0.2715,0.4179,0.2779,0.165,-0.088,0.372,52.39,0.421,0.444,3998,4223,-0.412219,0.081459,H5N1,Avian
437,A/chicken/Xinjiang/S1170/2019(H5N1)|EPI_ISL_18513224,A/chicken/Xinjiang/S1170/,0.3052,0.2713,0.4161,0.2804,0.166,-0.088,0.372,52.37,0.423,0.444,3996,4223,-0.411153,0.081459,H5N1,Avian
438,A/Chicken/Xuzhou/470/2017|EPI_ISL_315237,A/Chicken/Xuzhou/470/2017,0.2978,0.268,0.4253,0.2792,0.164,-0.086,0.372,52.18,0.42,0.446,4002,4232,-0.40827,0.07845,H5N6,Avian
439,A/chicken/Xuzhou/XZ6/2016|EPI_ISL_282395,A/chicken/Xuzhou/XZ6/2016,0.2966,0.2692,0.4232,0.2832,0.163,-0.088,0.372,52.41,0.424,0.446,4006,4233,-0.407087,0.078904,H5N6,Avian
440,A/Chicken/Yangzhou/f6/2018|EPI_ISL_347752,A/Chicken/Yangzhou/f6/201,0.2963,0.2701,0.4217,0.284,0.163,-0.087,0.372,51.99,0.425,0.446,4000,4234,-0.411502,0.079121,H5N6,Avian
441,A/Chicken/Yangzhou/f9/2018|EPI_ISL_347754,A/Chicken/Yangzhou/f9/201,0.2966,0.271,0.4246,0.2794,0.165,-0.08,0.376,51.88,0.422,0.445,4003,4234,-0.409447,0.079358,H5N6,Avian
442,A/Chicken/Yangzhou/f14/2018|EPI_ISL_347757,A/Chicken/Yangzhou/f14/20,0.296,0.2707,0.4226,0.2827,0.163,-0.087,0.372,52,0.424,0.446,4000,4232,-0.410633,0.079159,H5N6,Avian
443,A/chicken/Yangzhou/YD1/2014|EPI_ISL_295144,A/chicken/Yangzhou/YD1/20,0.3014,0.2683,0.4237,0.2806,0.163,-0.086,0.374,52.62,0.42,0.443,4013,4244,-0.415104,0.078228,H5N6,Avian
444,A/chicken/YL/A3190/2014|EPI_ISL_179541,A/chicken/YL/A3190/2014|E,0.31,0.264,0.4379,0.2566,0.167,-0.078,0.378,51.32,0.401,0.437,3995,4228,-0.416935,0.080653,H5N2,Avian
445,A/chicken/Yuhang/1/2013|EPI_ISL_213833,A/chicken/Yuhang/1/2013|E,0.2831,0.2852,0.4207,0.2864,0.167,-0.068,0.384,52.32,0.438,0.448,4007,4239,-0.430809,0.081151,Others,Avian
446,A/chicken/Yuhang/2/2013|EPI_ISL_213834,A/chicken/Yuhang/2/2013|E,0.2841,0.2841,0.4234,0.2842,0.169,-0.061,0.388,52.31,0.436,0.448,4006,4239,-0.432248,0.080915,Others,Avian
447,A/chicken/Yunlin/15020048-1/2015|EPI_ISL_4032293,A/chicken/Yunlin/15020048,0.2979,0.2816,0.4159,0.2758,0.168,-0.079,0.377,51.91,0.429,0.445,4023,4254,-0.405501,0.08063,H5N2,Avian
448,A/chicken/Yunlin/15040002-2/2015|EPI_ISL_4032294,A/chicken/Yunlin/15040002,0.3008,0.2791,0.4129,0.2781,0.168,-0.081,0.376,52,0.428,0.445,4023,4254,-0.406135,0.080395,H5N2,Avian
449,A/chicken/Yunlin/15040027/2015|EPI_ISL_4032295,A/chicken/Yunlin/15040027,0.3014,0.2778,0.4152,0.2767,0.167,-0.084,0.374,51.92,0.426,0.445,4017,4248,-0.40572,0.080508,H5N2,Avian
450,A/chicken/Yunlin/15050012/2015|EPI_ISL_4032296,A/chicken/Yunlin/15050012,0.3067,0.2686,0.4256,0.2674,0.168,-0.088,0.372,52.12,0.413,0.441,4033,4263,-0.399484,0.081163,H5N8,Avian
451,A/chicken/Yunlin/15050037-2/2015|EPI_ISL_4032297,A/chicken/Yunlin/15050037,0.3021,0.2776,0.414,0.2777,0.167,-0.085,0.374,51.9,0.427,0.444,4023,4254,-0.403808,0.080395,H5N2,Avian
452,A/chicken/Yunlin/15050039-2/2015|EPI_ISL_4032298,A/chicken/Yunlin/15050039,0.3008,0.2785,0.4143,0.2775,0.167,-0.084,0.374,51.89,0.427,0.445,4023,4254,-0.405783,0.08016,H5N2,Avian
453,A/chicken/Yunlin/15060014-1/2015|EPI_ISL_4032299,A/chicken/Yunlin/15060014,0.3009,0.2789,0.4141,0.2771,0.168,-0.082,0.375,51.99,0.427,0.445,4023,4254,-0.404278,0.080395,H5N2,Avian
454,A/chicken/Yunlin/15080024/2015|EPI_ISL_4032300,A/chicken/Yunlin/15080024,0.2996,0.2809,0.4142,0.276,0.168,-0.077,0.378,52.09,0.428,0.445,4023,4254,-0.402092,0.080395,H5N2,Avian
455,A/chicken/Yunlin/16010001-1/2016|EPI_ISL_4032301,A/chicken/Yunlin/16010001,0.298,0.2805,0.414,0.2781,0.167,-0.081,0.376,52.03,0.43,0.446,4022,4254,-0.404372,0.080395,H5N2,Avian
456,A/chicken/Yunlin/16010008-1/2016|EPI_ISL_4032302,A/chicken/Yunlin/16010008,0.2992,0.2817,0.413,0.2771,0.168,-0.078,0.378,52.19,0.43,0.445,4024,4254,-0.404067,0.080865,H5N2,Avian
457,A/chicken/Yunlin/16020038/2016|EPI_ISL_4032303,A/chicken/Yunlin/16020038,0.3026,0.2712,0.4171,0.2772,0.168,-0.083,0.374,52.63,0.423,0.446,4030,4262,-0.403261,0.081183,H5N8,Avian
458,A/chicken/Yunlin/16050053/2016|EPI_ISL_4032304,A/chicken/Yunlin/16050053,0.3006,0.2798,0.4161,0.2743,0.168,-0.079,0.377,52.06,0.426,0.445,4025,4254,-0.396568,0.080395,H5N2,Avian
459,A/chicken/Yunlin/17010001/2017|EPI_ISL_4032305,A/chicken/Yunlin/17010001,0.3013,0.2723,0.4131,0.2814,0.169,-0.082,0.375,52.23,0.427,0.447,4024,4255,-0.40235,0.081081,H5N8,Avian
460,A/chicken/Yunlin/17010014/2017|EPI_ISL_4032306,A/chicken/Yunlin/17010014,0.2979,0.2801,0.412,0.2806,0.168,-0.078,0.377,52.08,0.431,0.446,4024,4254,-0.404419,0.080395,H5N2,Avian
461,A/chicken/Yunlin/17020094-1/2017|EPI_ISL_4032308,A/chicken/Yunlin/17020094,0.2994,0.2792,0.4122,0.2801,0.167,-0.081,0.376,51.95,0.43,0.445,4024,4254,-0.402468,0.0811,H5N2,Avian
462,A/chicken/Yunlin/17020095-2/2017|EPI_ISL_4032309,A/chicken/Yunlin/17020095,0.2957,0.2809,0.4186,0.2745,0.165,-0.086,0.373,51.81,0.428,0.445,4017,4248,-0.402849,0.080979,H5N2,Avian
463,A/chicken/Yunlin/17030001-1/2017|EPI_ISL_4032310,A/chicken/Yunlin/17030001,0.2977,0.2793,0.413,0.28,0.167,-0.081,0.376,52.04,0.43,0.446,4025,4254,-0.403221,0.080395,H5N2,Avian
464,A/chicken/Yunlin/17030007-1/2017|EPI_ISL_4032311,A/chicken/Yunlin/17030007,0.3005,0.2778,0.4128,0.2793,0.166,-0.085,0.373,51.9,0.428,0.445,4026,4254,-0.400776,0.08016,H5N2,Avian
465,A/chicken/Yunlin/17030010-1/2017|EPI_ISL_4032312,A/chicken/Yunlin/17030010,0.2965,0.2817,0.4131,0.2796,0.167,-0.081,0.376,51.95,0.432,0.446,4024,4254,-0.405665,0.080395,H5N2,Avian
466,A/chicken/Yunlin/17030014-1/2017|EPI_ISL_4032313,A/chicken/Yunlin/17030014,0.2967,0.2801,0.4132,0.2804,0.167,-0.081,0.376,51.97,0.431,0.446,4024,4254,-0.405971,0.08016,H5N2,Avian
467,A/chicken/Yunlin/17030020-2/2017|EPI_ISL_4032314,A/chicken/Yunlin/17030020,0.2986,0.2799,0.4131,0.2793,0.167,-0.082,0.375,51.92,0.43,0.445,4024,4254,-0.402515,0.08063,H5N2,Avian
468,A/chicken/Yunlin/17030021-1/2017|EPI_ISL_4032315,A/chicken/Yunlin/17030021,0.2971,0.2799,0.4122,0.2812,0.167,-0.081,0.376,52.01,0.432,0.446,4025,4254,-0.404137,0.08016,H5N2,Avian
469,A/chicken/Yunlin/17030032-2/2017|EPI_ISL_4032316,A/chicken/Yunlin/17030032,0.299,0.2781,0.4174,0.2741,0.164,-0.085,0.373,51.65,0.425,0.445,4017,4248,-0.402754,0.080273,H5N2,Avian
470,A/chicken/Yunlin/17030065-2/2017|EPI_ISL_4032317,A/chicken/Yunlin/17030065,0.2969,0.2809,0.4125,0.2802,0.168,-0.077,0.378,52.09,0.432,0.446,4024,4254,-0.404984,0.080395,H5N2,Avian
471,A/chicken/Yunlin/17040003-1/2017|EPI_ISL_4032318,A/chicken/Yunlin/17040003,0.302,0.2772,0.4142,0.2779,0.167,-0.082,0.375,51.91,0.426,0.444,4026,4254,-0.399577,0.0811,H5N2,Avian
472,A/chicken/Yunlin/17040004-2/2017|EPI_ISL_4032319,A/chicken/Yunlin/17040004,0.2977,0.2796,0.4129,0.2795,0.167,-0.081,0.375,52.03,0.43,0.446,4025,4254,-0.403456,0.080395,H5N2,Avian
473,A/chicken/Yunlin/17040011-1/2017|EPI_ISL_4032322,A/chicken/Yunlin/17040011,0.2981,0.2791,0.4137,0.2787,0.167,-0.082,0.375,51.95,0.429,0.446,4024,4254,-0.403268,0.080395,H5N2,Avian
474,A/chicken/Yunlin/17060019/2017|EPI_ISL_4032324,A/chicken/Yunlin/17060019,0.298,0.2784,0.4128,0.2813,0.167,-0.079,0.377,52.01,0.43,0.446,4024,4254,-0.403597,0.080395,H5N2,Avian
475,A/chicken/Yunlin/17070010/2017|EPI_ISL_4032325,A/chicken/Yunlin/17070010,0.2978,0.2794,0.4118,0.2817,0.167,-0.083,0.374,51.95,0.431,0.446,4027,4255,-0.400117,0.080141,H5N2,Avian
476,A/chicken/Yunlin/18010001-2/2018|EPI_ISL_4032326,A/chicken/Yunlin/18010001,0.2969,0.2823,0.4108,0.281,0.168,-0.08,0.377,52.28,0.433,0.446,4021,4254,-0.40268,0.080395,H5N2,Avian
477,A/chicken/Yunlin/18010003-3/2018|EPI_ISL_4032327,A/chicken/Yunlin/18010003,0.2973,0.2813,0.4118,0.2803,0.168,-0.08,0.376,52.12,0.432,0.446,4022,4254,-0.402915,0.080395,H5N2,Avian
478,A/chicken/Yunlin/18010023-1/2018|EPI_ISL_4032328,A/chicken/Yunlin/18010023,0.2986,0.282,0.4113,0.2789,0.168,-0.079,0.377,52.26,0.431,0.446,4023,4254,-0.397297,0.08016,H5N2,Avian
479,A/chicken/Yunlin/18020003-2/2018|EPI_ISL_4032330,A/chicken/Yunlin/18020003,0.2991,0.2795,0.4119,0.2802,0.167,-0.081,0.376,52.16,0.43,0.446,4024,4254,-0.398002,0.080395,H5N2,Avian
480,A/chicken/Yunlin/18020004-1/2018|EPI_ISL_4032331,A/chicken/Yunlin/18020004,0.2993,0.2788,0.4127,0.2795,0.166,-0.081,0.376,52.12,0.429,0.445,4024,4254,-0.397555,0.080395,H5N2,Avian
481,A/chicken/Yunlin/18020005-2/2018|EPI_ISL_4032332,A/chicken/Yunlin/18020005,0.2985,0.2801,0.4119,0.28,0.167,-0.079,0.377,52.16,0.431,0.446,4024,4254,-0.398707,0.080395,H5N2,Avian
482,A/chicken/Yunlin/18020008-2/2018|EPI_ISL_4032333,A/chicken/Yunlin/18020008,0.2993,0.2821,0.411,0.2786,0.168,-0.079,0.377,52.3,0.431,0.446,4023,4254,-0.399741,0.080395,H5N2,Avian
483,A/chicken/Yunlin/18030002-1/2018|EPI_ISL_4032335,A/chicken/Yunlin/18030002,0.3008,0.2779,0.411,0.2802,0.167,-0.078,0.377,52.25,0.429,0.446,4024,4254,-0.397297,0.080395,H5N2,Avian
484,A/chicken/Yunlin/18050013-1/2018|EPI_ISL_4032337,A/chicken/Yunlin/18050013,0.3018,0.2782,0.4111,0.2791,0.167,-0.08,0.376,52.38,0.429,0.446,4023,4254,-0.398261,0.080395,H5N2,Avian
485,A/chicken/Yunlin/18060001-2/2018|EPI_ISL_4032338,A/chicken/Yunlin/18060001,0.3006,0.2786,0.4113,0.2797,0.167,-0.078,0.377,52.38,0.429,0.446,4023,4254,-0.397015,0.080395,H5N2,Avian
486,A/chicken/Yunlin/18080006-1/2018|EPI_ISL_4032419,A/chicken/Yunlin/18080006,0.2995,0.2787,0.4157,0.2771,0.168,-0.076,0.379,52.07,0.427,0.445,4020,4254,-0.402304,0.080865,H5N2,Avian
487,A/chicken/Yunnan/1/2014|EPI_ISL_205856,A/chicken/Yunnan/1/2014|E,0.3158,0.2638,0.4096,0.2829,0.166,-0.087,0.373,53.08,0.419,0.443,3995,4223,-0.397679,0.081222,H5N1,Avian
488,A/chicken/Yunnan/02.09_DQXY008L/2015(H5N6)|EPI_ISL_200819,A/chicken/Yunnan/02.09_DQ,0.2863,0.2765,0.4278,0.2825,0.165,-0.079,0.377,52.06,0.429,0.446,3993,4224,-0.42223,0.079309,H5N6,Avian
489,A/chicken/Yunnan/03.15_DQJT0054-Z-P/2015(H5N6)|EPI_ISL_199085,A/chicken/Yunnan/03.15_DQ,0.2993,0.2684,0.4236,0.2808,0.163,-0.086,0.373,52.42,0.421,0.446,3978,4208,-0.42645,0.079135,H5N6,Avian
490,A/chicken/Yunnan/03.16__DQJT0068-O/2015(H5N6)|EPI_ISL_199034,A/chicken/Yunnan/03.16__D,0.2874,0.2778,0.4238,0.2839,0.166,-0.077,0.378,52.25,0.431,0.447,3957,4185,-0.424349,0.080048,H5N6,Avian
491,A/chicken/Yunnan/03.16_DQJT069-O/2015(H5N6)|EPI_ISL_199109,A/chicken/Yunnan/03.16_DQ,0.2987,0.2664,0.4311,0.2757,0.164,-0.086,0.373,51.84,0.416,0.443,4000,4233,-0.421805,0.078904,H5N6,Avian
492,A/chicken/Yunnan/03.16_DQXYL0034-O/2015(H5N6)|EPI_ISL_198880,A/chicken/Yunnan/03.16_DQ,0.2855,0.2779,0.4261,0.2825,0.166,-0.079,0.377,52.04,0.431,0.447,3985,4216,-0.416532,0.079459,H5N6,Avian
493,A/chicken/Yunnan/03.16_DQXYL057-O/2015(H5N6)|EPI_ISL_199106,A/chicken/Yunnan/03.16_DQ,0.2987,0.2664,0.4308,0.276,0.164,-0.086,0.373,51.87,0.416,0.443,4000,4233,-0.421805,0.078904,H5N6,Avian
494,A/chicken/Yunnan/07.11_DQENM005/2015(H5N6)|EPI_ISL_200829,A/chicken/Yunnan/07.11_DQ,0.2974,0.2672,0.4285,0.2794,0.164,-0.086,0.373,51.96,0.419,0.444,3998,4233,-0.421758,0.07914,H5N6,Avian
495,A/Chicken/Yunnan/YN-8/2016__(H5N6)|EPI_ISL_283965,A/Chicken/Yunnan/YN-8/201,0.2964,0.2678,0.4249,0.2836,0.163,-0.096,0.367,51.95,0.423,0.445,4002,4240,-0.41375,0.079009,H5N6,Avian
496,A/Chicken/Yunnan/YN-11/2016__(H5N6)|EPI_ISL_283968,A/Chicken/Yunnan/YN-11/20,0.2939,0.2698,0.4327,0.2755,0.164,-0.094,0.369,51.57,0.419,0.444,3997,4232,-0.417817,0.079159,H5N6,Avian
497,A/Chicken/Yunnan/YN-12/2016__(H5N6)|EPI_ISL_283969,A/Chicken/Yunnan/YN-12/20,0.2966,0.27,0.4223,0.2829,0.163,-0.095,0.368,52.06,0.424,0.446,3994,4225,-0.413041,0.078817,H5N6,Avian
498,A/chicken/Zhejiang/194/2016|EPI_ISL_253029,A/chicken/Zhejiang/194/20,0.3122,0.2662,0.4249,0.2678,0.169,-0.069,0.383,52.21,0.41,0.441,4013,4243,-0.415461,0.080132,H5N2,Avian
499,A/chicken/Zhejiang/209/2016|EPI_ISL_253030,A/chicken/Zhejiang/209/20,0.3034,0.2743,0.4291,0.2628,0.174,-0.066,0.385,51.85,0.414,0.441,4017,4248,-0.413842,0.080508,H5N2,Avian
500,A/chicken/Zhejiang/217/2016|EPI_ISL_253031,A/chicken/Zhejiang/217/20,0.3156,0.2622,0.4298,0.2637,0.167,-0.075,0.379,52.04,0.404,0.439,4013,4243,-0.419727,0.080368,H5N2,Avian
501,A/chicken/Zhejiang/232/2016|EPI_ISL_253032,A/chicken/Zhejiang/232/20,0.3031,0.2747,0.4292,0.2633,0.173,-0.068,0.383,51.74,0.414,0.441,4019,4248,-0.414242,0.080508,H5N2,Avian
502,A/chicken/Zhejiang/7450/2015|EPI_ISL_279180,A/chicken/Zhejiang/7450/2,0.3054,0.2737,0.4272,0.2634,0.172,-0.066,0.385,51.97,0.413,0.441,4017,4248,-0.40718,0.080744,H5N2,Avian
503,A/chicken/Zhejiang/81643/2015|EPI_ISL_279179,A/chicken/Zhejiang/81643/,0.3048,0.2731,0.4259,0.2654,0.171,-0.068,0.383,52.01,0.415,0.442,4017,4248,-0.41064,0.080273,H5N2,Avian
504,A/chicken/Zhejiang/514135/2015|EPI_ISL_279181,A/chicken/Zhejiang/514135,0.3091,0.2721,0.4282,0.2624,0.171,-0.065,0.386,51.59,0.411,0.441,4010,4243,-0.419986,0.080839,H5N2,Avian
505,A/chicken/Zhejiang/727022/2014|EPI_ISL_203747,A/chicken/Zhejiang/727022,0.3002,0.2659,0.4258,0.2817,0.162,-0.095,0.368,52.31,0.419,0.444,4005,4233,-0.414127,0.079849,H5N6,Avian
506,A/chicken/Zhejiang/727026/2014|EPI_ISL_203748,A/chicken/Zhejiang/727026,0.3,0.2666,0.4257,0.2813,0.162,-0.095,0.368,52.31,0.419,0.444,4005,4233,-0.413938,0.079613,H5N6,Avian
507,A/chicken/Zhejiang/727079/2014|EPI_ISL_203737,A/chicken/Zhejiang/727079,0.311,0.2726,0.4102,0.2796,0.168,-0.067,0.383,53.01,0.423,0.445,4015,4243,-0.420386,0.080132,H5N2,Avian
508,A/chicken/Zhejiang/727155/2014|EPI_ISL_203749,A/chicken/Zhejiang/727155,0.3006,0.2663,0.4241,0.2812,0.161,-0.095,0.367,52.44,0.42,0.445,4004,4233,-0.409733,0.078904,H5N6,Avian
509,A/chicken/Zhejiang/727159/2014|EPI_ISL_203736,A/chicken/Zhejiang/727159,0.3165,0.2672,0.414,0.275,0.164,-0.083,0.374,52.64,0.415,0.442,4017,4243,-0.415555,0.080368,H5N2,Avian
510,A/chickenl/Jiangxi/E84/2014_(H5N6)|EPI_ISL_386929,A/chickenl/Jiangxi/E84/20,0.3,0.2679,0.4258,0.2777,0.163,-0.092,0.37,52.11,0.419,0.444,3984,4214,-0.414499,0.079022,H5N6,Avian
511,A/Chlidonias_hybrida/Hubei/55/2020|EPI_ISL_2555536,A/Chlidonias_hybrida/Hube,0.3023,0.272,0.4073,0.287,0.168,-0.07,0.381,53.01,0.43,0.449,4011,4242,-0.396983,0.08133,H5N8,Avian
512,A/Commom_Teal/Ningxia/474-9/2015|EPI_ISL_295496,A/Commom_Teal/Ningxia/474,0.2958,0.2705,0.4217,0.2836,0.163,-0.093,0.369,52.65,0.425,0.446,4003,4233,-0.414269,0.078904,H5N6,Avian
513,A/common_coot/Shandong/SC197/2021|EPI_ISL_5260464,A/common_coot/Shandong/SC,0.3021,0.2711,0.4065,0.2885,0.165,-0.076,0.378,53.06,0.431,0.449,4005,4236,-0.398961,0.081445,H5N8,Avian
514,A/common_crane/Yunnan-Huize/27/2021(H5N8)|EPI_ISL_15435511,A/common_crane/Yunnan-Hui,0.3035,0.2713,0.4081,0.2848,0.166,-0.076,0.378,52.8,0.428,0.448,4001,4231,-0.397022,0.081305,H5N8,Avian
515,A/common_pochard/Ningxia/243/2020|EPI_ISL_2820479,A/common_pochard/Ningxia/,0.3037,0.2718,0.4043,0.2891,0.167,-0.078,0.377,53.11,0.432,0.449,4021,4249,-0.398706,0.081666,H5N8,Avian
516,A/common_teal/Ningxia/105/2020|EPI_ISL_2815336,A/common_teal/Ningxia/105,0.3033,0.272,0.4063,0.2873,0.167,-0.073,0.379,52.99,0.43,0.449,4005,4236,-0.398536,0.081917,H5N8,Avian
517,A/common_teal/Ningxia/181/2020|EPI_ISL_2820259,A/common_teal/Ningxia/181,0.3035,0.272,0.404,0.2897,0.167,-0.078,0.377,53.1,0.432,0.449,4028,4256,-0.399882,0.081532,H5N8,Avian
518,A/common_teal/Ningxia/189/2020|EPI_ISL_2820261,A/common_teal/Ningxia/189,0.304,0.2715,0.4055,0.2877,0.166,-0.08,0.376,53.11,0.43,0.448,4021,4249,-0.399977,0.081666,H5N8,Avian
519,A/common_teal/Ningxia/237/2020|EPI_ISL_2820262,A/common_teal/Ningxia/237,0.3038,0.2717,0.404,0.2891,0.167,-0.077,0.377,53.14,0.432,0.449,4021,4249,-0.397435,0.081666,H5N8,Avian
520,A/common_teal/Ningxia/245/2020|EPI_ISL_2820480,A/common_teal/Ningxia/245,0.3038,0.2719,0.4049,0.2884,0.167,-0.078,0.377,53.1,0.431,0.449,4021,4249,-0.399835,0.081666,H5N8,Avian
521,A/common_teal/Ningxia/253/2020|EPI_ISL_2820504,A/common_teal/Ningxia/253,0.3046,0.2712,0.4047,0.2885,0.167,-0.078,0.377,53.05,0.431,0.448,4021,4249,-0.400212,0.081902,H5N8,Avian
522,A/common_teal/Shaanxi/SXY1-1/2020|EPI_ISL_1760448,A/common_teal/Shaanxi/SXY,0.3029,0.2723,0.4066,0.287,0.167,-0.074,0.379,52.92,0.43,0.449,4005,4236,-0.398796,0.081681,H5N8,Avian
523,A/condor/Guangdong/139/2003|EPI_ISL_123967,A/condor/Guangdong/139/20,0.3076,0.2728,0.4118,0.2798,0.169,-0.078,0.379,53.04,0.424,0.445,3994,4224,-0.412997,0.081913,H5N1,Avian
524,A/Copsychus_saularis/Guangdong/SW8/2014|EPI_ISL_234670,A/Copsychus_saularis/Guan,0.298,0.2694,0.4264,0.2784,0.162,-0.094,0.368,52.33,0.42,0.445,4002,4233,-0.41356,0.078904,H5N6,Avian
525,A/Curlew/Hong_Kong/AFCD-HKU-22-01095.01009/2022|EPI_ISL_19258146,A/Curlew/Hong_Kong/AFCD-H,0.2973,0.2816,0.3985,0.2943,0.169,-0.069,0.383,52.99,0.442,0.451,4019,4254,-0.409168,0.08204,H5N1,Avian
526,A/Cygnus_atratus/Hubei/2Z2-O/2016|EPI_ISL_295493,A/Cygnus_atratus/Hubei/2Z,0.3055,0.2691,0.4095,0.2843,0.17,-0.066,0.384,53.3,0.426,0.447,4017,4249,-0.403036,0.081666,H5N8,Avian
527,A/Cygnus_atratus/Hubei/HF-1/2016|EPI_ISL_295494,A/Cygnus_atratus/Hubei/HF,0.3045,0.2697,0.4102,0.2838,0.169,-0.067,0.383,53.14,0.427,0.447,4018,4249,-0.403083,0.081666,H5N8,Avian
528,A/Cygnus_columbianus/Hubei/49/2020|EPI_ISL_2556113,A/Cygnus_columbianus/Hube,0.3029,0.2726,0.4087,0.2844,0.166,-0.075,0.378,52.87,0.429,0.448,4011,4242,-0.396063,0.081565,H5N8,Avian
529,A/Cygnus_columbianus/Hubei/50/2020|EPI_ISL_2555543,A/Cygnus_columbianus/Hube,0.3037,0.271,0.4077,0.2859,0.166,-0.075,0.378,52.88,0.429,0.449,4011,4242,-0.397949,0.081565,H5N8,Avian
530,A/Cygnus_columbianus/Hubei/51/2020|EPI_ISL_2555542,A/Cygnus_columbianus/Hube,0.3023,0.2729,0.4077,0.2857,0.167,-0.073,0.379,52.93,0.43,0.449,4011,4242,-0.396393,0.081565,H5N8,Avian
531,A/Cygnus_columbianus/Hubei/52/2020|EPI_ISL_2555541,A/Cygnus_columbianus/Hube,0.3029,0.2729,0.4077,0.2851,0.167,-0.072,0.38,52.88,0.43,0.449,4011,4242,-0.394838,0.081801,H5N8,Avian
532,A/Cygnus_columbianus/Hubei/53/2020|EPI_ISL_2555538,A/Cygnus_columbianus/Hube,0.3028,0.2725,0.4067,0.2863,0.167,-0.074,0.379,52.96,0.43,0.449,4011,4242,-0.395733,0.081565,H5N8,Avian
533,A/Cygnus_columbianus/Hubei/56/2020|EPI_ISL_2555534,A/Cygnus_columbianus/Hube,0.3022,0.2737,0.4071,0.2854,0.167,-0.071,0.38,52.94,0.431,0.449,4011,4242,-0.398821,0.081565,H5N8,Avian
534,A/Cygnus_columbianus/Hubei/116/2020|EPI_ISL_2555532,A/Cygnus_columbianus/Hube,0.3016,0.2734,0.4083,0.285,0.167,-0.072,0.38,52.82,0.43,0.449,4011,4242,-0.396629,0.081565,H5N8,Avian
535,A/Cygnus_columbianus/Hubei/117/2021|EPI_ISL_11633613,A/Cygnus_columbianus/Hube,0.3021,0.2804,0.4037,0.2845,0.171,-0.067,0.384,52.87,0.434,0.449,4022,4253,-0.409875,0.08206,H5N1,Avian
536,A/Cygnus_columbianus/Hubei/121/2021|EPI_ISL_11633614,A/Cygnus_columbianus/Hube,0.3002,0.2802,0.4019,0.2877,0.17,-0.067,0.385,52.86,0.437,0.451,4020,4253,-0.406936,0.081825,H5N1,Avian
537,A/Cygnus_columbianus/Hubei/123/2021|EPI_ISL_11633616,A/Cygnus_columbianus/Hube,0.3019,0.2807,0.4034,0.2846,0.171,-0.066,0.385,52.87,0.435,0.449,4021,4253,-0.408112,0.08206,H5N1,Avian
538,A/Cygnus_columbianus/Hubei/128/2021|EPI_ISL_11633709,A/Cygnus_columbianus/Hube,0.3019,0.2807,0.4034,0.2845,0.171,-0.067,0.384,52.88,0.435,0.449,4021,4253,-0.409335,0.08206,H5N1,Avian
539,A/domestic_green-winged_teal/Hunan/3450/2006|EPI_ISL_138602,A/domestic_green-winged_t,0.306,0.2725,0.4134,0.2801,0.169,-0.073,0.382,52.89,0.424,0.445,3999,4234,-0.412659,0.081719,H5N1,Avian
540,A/duck/Anhui/AH328/2015|EPI_ISL_255491,A/duck/Anhui/AH328/2015|E,0.2978,0.2671,0.4299,0.2763,0.165,-0.084,0.374,52.18,0.417,0.445,4002,4233,-0.412025,0.078904,H5N6,Avian
541,A/duck/Anhui/S4/2016|EPI_ISL_282396,A/duck/Anhui/S4/2016|EPI_,0.2979,0.266,0.4312,0.2764,0.165,-0.085,0.373,52.12,0.416,0.444,4002,4233,-0.412284,0.078904,H5N6,Avian
542,A/duck/Changhua/15A03431-1-20T/2015|EPI_ISL_4032420,A/duck/Changhua/15A03431-,0.2982,0.281,0.4143,0.2772,0.167,-0.081,0.376,51.98,0.429,0.446,4023,4254,-0.403597,0.08063,H5N2,Avian
543,A/duck/Changhua/15A03473-1-20T/2015|EPI_ISL_4032421,A/duck/Changhua/15A03473-,0.2986,0.2811,0.414,0.2772,0.167,-0.084,0.374,51.92,0.429,0.445,4023,4254,-0.405783,0.08063,H5N2,Avian
544,A/duck/Chiayi/15080023/2015|EPI_ISL_4032422,A/duck/Chiayi/15080023/20,0.3024,0.2726,0.4147,0.2787,0.169,-0.082,0.375,52.58,0.425,0.446,4029,4262,-0.402886,0.081183,H5N8,Avian
545,A/duck/China/0936/2017|EPI_ISL_503024,A/duck/China/0936/2017|EP,0.2973,0.266,0.4325,0.2749,0.165,-0.086,0.373,51.75,0.416,0.444,3997,4231,-0.41749,0.078941,H5N6,Avian
546,A/duck/China/0938/2017|EPI_ISL_503027,A/duck/China/0938/2017|EP,0.2904,0.2739,0.4342,0.2757,0.165,-0.087,0.373,51.55,0.421,0.443,4001,4232,-0.422755,0.079868,H5N6,Avian
547,A/duck/China/DK87/2016|EPI_ISL_19477875,A/duck/China/DK87/2016|EP,0.2984,0.2677,0.4283,0.2779,0.166,-0.081,0.376,52.11,0.418,0.443,4001,4232,-0.415028,0.078922,H5N6,Avian
548,A/duck/China/E26/2012|EPI_ISL_278504,A/duck/China/E26/2012|EPI,0.3138,0.2665,0.4137,0.278,0.166,-0.078,0.378,52.86,0.418,0.441,3990,4223,-0.412006,0.082169,H5N1,Avian
549,A/duck/China/E53/2012|EPI_ISL_278506,A/duck/China/E53/2012|EPI,0.3058,0.2701,0.418,0.2799,0.167,-0.082,0.376,52.86,0.421,0.443,3994,4223,-0.413427,0.081932,H5N1,Avian
550,A/Duck/China/H5N6/2020|EPI_ISL_17760585,A/Duck/China/H5N6/2020|EP,0.3009,0.2659,0.4201,0.2845,0.162,-0.091,0.37,52.23,0.422,0.445,4003,4232,-0.412382,0.078922,H5N6,Avian
551,A/duck/China/YD1516/2016|EPI_ISL_379683,A/duck/China/YD1516/2016|,0.306,0.2727,0.4283,0.2633,0.172,-0.072,0.381,51.93,0.412,0.44,4018,4248,-0.409981,0.080979,H5N2,Avian
552,A/duck/Chongqing/S4362/2017|EPI_ISL_372784,A/duck/Chongqing/S4362/20,0.3015,0.2797,0.4107,0.2835,0.166,-0.08,0.377,53.15,0.431,0.446,4013,4245,-0.411496,0.081272,Others,Avian
553,A/duck/Dongguan/2685/2013|EPI_ISL_182064,A/duck/Dongguan/2685/2013,0.2991,0.2687,0.4253,0.2793,0.163,-0.091,0.37,52.37,0.42,0.445,4002,4233,-0.418214,0.078668,H5N6,Avian
554,A/Duck/Dongting/D76-1/2016|EPI_ISL_295495,A/Duck/Dongting/D76-1/201,0.2961,0.2837,0.4065,0.2854,0.17,-0.077,0.379,52.42,0.438,0.45,4015,4247,-0.42098,0.080292,Others,Avian
555,A/duck/Eastern_China/008/2008|EPI_ISL_94329,A/duck/Eastern_China/008/,0.2971,0.2743,0.4251,0.2757,0.17,-0.077,0.378,52.29,0.422,0.443,4022,4253,-0.396967,0.081354,Others,Avian
556,A/duck/Eastern_China/031/2009|EPI_ISL_94330,A/duck/Eastern_China/031/,0.3002,0.2735,0.4276,0.27,0.17,-0.075,0.379,52.18,0.418,0.442,4019,4253,-0.402069,0.081589,Others,Avian
557,A/duck/Eastern_China/108/2008|EPI_ISL_94331,A/duck/Eastern_China/108/,0.3054,0.2697,0.4208,0.277,0.17,-0.074,0.381,52.72,0.419,0.443,3994,4230,-0.410709,0.082033,H5N1,Avian
558,A/duck/Eastern_China/909/2009|EPI_ISL_94332,A/duck/Eastern_China/909/,0.3065,0.2702,0.4163,0.28,0.171,-0.079,0.377,52.07,0.422,0.444,3999,4230,-0.408251,0.08227,H5N1,Avian
559,A/duck/Eastern_China/JY/2014|EPI_ISL_222132,A/duck/Eastern_China/JY/2,0.3108,0.2637,0.4158,0.2784,0.167,-0.082,0.374,52.86,0.417,0.444,4017,4249,-0.401177,0.082137,H5N8,Avian
560,A/duck/Eastern_China/L0230/2010|EPI_ISL_208823,A/duck/Eastern_China/L023,0.3032,0.2732,0.4227,0.2705,0.17,-0.075,0.379,52.54,0.419,0.443,4016,4249,-0.406096,0.080725,H5N2,Avian
561,A/duck/Eastern_China/L0321/2010|EPI_ISL_208822,A/duck/Eastern_China/L032,0.306,0.2703,0.424,0.2703,0.167,-0.083,0.375,52.32,0.416,0.44,4019,4249,-0.406237,0.080254,H5N2,Avian
562,A/duck/Eastern_China/L0405/2010|EPI_ISL_208824,A/duck/Eastern_China/L040,0.3108,0.2649,0.425,0.2685,0.169,-0.084,0.373,52.1,0.411,0.441,4014,4245,-0.403581,0.081979,H5N8,Avian
563,A/duck/Eastern_China/L0423/2011|EPI_ISL_208825,A/duck/Eastern_China/L042,0.3105,0.2646,0.4247,0.2685,0.169,-0.085,0.373,52.23,0.411,0.442,4013,4245,-0.403204,0.081743,H5N8,Avian
564,A/duck/Eastern_China/L0611/2011|EPI_ISL_208826,A/duck/Eastern_China/L061,0.3091,0.2663,0.4232,0.2703,0.168,-0.085,0.373,52.35,0.413,0.442,4013,4245,-0.403746,0.081979,H5N8,Avian
565,A/duck/Eastern_China/L0722/2012|EPI_ISL_208827,A/duck/Eastern_China/L072,0.3109,0.2642,0.423,0.271,0.169,-0.085,0.373,52.25,0.412,0.442,4013,4245,-0.402521,0.081979,H5N8,Avian
566,A/duck/Eastern_China/L1021/2012|EPI_ISL_208828,A/duck/Eastern_China/L102,0.3061,0.27,0.4178,0.2743,0.169,-0.083,0.374,52.7,0.419,0.445,4013,4245,-0.40205,0.081508,H5N8,Avian
567,A/duck/Eastern_China/L1120/2012|EPI_ISL_208829,A/duck/Eastern_China/L112,0.3077,0.2683,0.4212,0.2717,0.17,-0.079,0.376,52.49,0.416,0.443,4013,4245,-0.403204,0.08245,H5N8,Avian
568,A/duck/Eastern_China/S0131/2014|EPI_ISL_208834,A/duck/Eastern_China/S013,0.3086,0.2693,0.4239,0.2685,0.173,-0.069,0.383,52.42,0.414,0.441,4019,4249,-0.405978,0.080725,H5N2,Avian
569,A/duck/Eastern_China/S0215/2014|EPI_ISL_208835,A/duck/Eastern_China/S021,0.3107,0.2645,0.4143,0.2794,0.168,-0.08,0.376,52.81,0.419,0.444,4019,4250,-0.401318,0.081882,H5N8,Avian
570,A/duck/Eastern_China/S0322/2014|EPI_ISL_208839,A/duck/Eastern_China/S032,0.3012,0.2665,0.4345,0.269,0.164,-0.091,0.37,52.01,0.411,0.442,4003,4235,-0.418205,0.079103,H5N6,Avian
571,A/duck/Eastern_China/S0711/2014|EPI_ISL_208836,A/duck/Eastern_China/S071,0.3015,0.2702,0.4197,0.2823,0.163,-0.088,0.372,52.73,0.423,0.445,4015,4245,-0.411378,0.078445,H5N6,Avian
572,A/duck/Eastern_China/S0808/2014|EPI_ISL_208837,A/duck/Eastern_China/S080,0.3095,0.271,0.4259,0.2639,0.17,-0.078,0.378,52.39,0.412,0.44,4017,4249,-0.405342,0.081196,H5N2,Avian
573,A/duck/Eastern_China/S0908/2014|EPI_ISL_208838,A/duck/Eastern_China/S090,0.3,0.2677,0.4276,0.2763,0.163,-0.089,0.371,52.21,0.417,0.444,4003,4235,-0.409492,0.07863,H5N6,Avian
574,A/duck/Eastern_China/S1109/2014|EPI_ISL_208841,A/duck/Eastern_China/S110,0.3051,0.2687,0.41,0.285,0.167,-0.08,0.376,52.99,0.426,0.447,4018,4250,-0.404165,0.082118,H5N8,Avian
575,A/duck/Eastern_China/S1210/2013|EPI_ISL_208832,A/duck/Eastern_China/S121,0.3072,0.2668,0.4187,0.2754,0.168,-0.078,0.377,52.83,0.418,0.444,4020,4250,-0.400823,0.082118,H5N8,Avian
576,A/duck/Fujian/1.17_FZHX0123-C/2017|EPI_ISL_707384,A/duck/Fujian/1.17_FZHX01,0.2956,0.2712,0.4344,0.2698,0.167,-0.078,0.378,51.86,0.416,0.444,3995,4232,-0.425165,0.079159,H5N6,Avian
577,A/duck/Fujian/03.18_GTFJ-15-10/2015(Mixed)|EPI_ISL_201372,A/duck/Fujian/03.18_GTFJ-,0.297,0.2702,0.4289,0.276,0.163,-0.087,0.372,52.25,0.419,0.444,3994,4224,-0.419105,0.078835,H5N6,Avian
578,A/duck/Fujian/05.07_FZHMD4K-O/2015(Mixed)|EPI_ISL_201356,A/duck/Fujian/05.07_FZHMD,0.3002,0.2692,0.4216,0.2812,0.164,-0.088,0.371,52.58,0.422,0.445,3994,4223,-0.410656,0.079091,H5N6,Avian
579,A/duck/Fujian/05.07_FZHMD12AK-O/2015(Mixed)|EPI_ISL_201358,A/duck/Fujian/05.07_FZHMD,0.301,0.2701,0.4197,0.282,0.165,-0.086,0.373,52.66,0.423,0.445,3974,4202,-0.415255,0.079486,H5N6,Avian
580,A/duck/Fujian/05.07_FZHMDK14-O/2015(H5N6)|EPI_ISL_201355,A/duck/Fujian/05.07_FZHMD,0.301,0.2701,0.4197,0.282,0.165,-0.086,0.373,52.66,0.423,0.445,3974,4202,-0.415255,0.079486,H5N6,Avian
581,A/duck/Fujian/10.26_FZHX0002-O/2017|EPI_ISL_707414,A/duck/Fujian/10.26_FZHX0,0.2958,0.2693,0.4287,0.2778,0.166,-0.077,0.378,51.82,0.42,0.444,4001,4232,-0.419896,0.078922,H5N6,Avian
582,A/duck/Fujian/10.26_FZHX0010-O/2017|EPI_ISL_707415,A/duck/Fujian/10.26_FZHX0,0.2951,0.2695,0.4302,0.2765,0.165,-0.08,0.376,51.8,0.419,0.444,4000,4232,-0.420747,0.078922,H5N6,Avian
583,A/duck/Fujian/11.3_FZHX1132-O/2016|EPI_ISL_707421,A/duck/Fujian/11.3_FZHX11,0.2961,0.2662,0.4381,0.2701,0.165,-0.089,0.371,51.44,0.413,0.443,3997,4232,-0.422566,0.079159,H5N6,Avian
584,A/duck/Fujian/11.3_FZHX1141-C/2016|EPI_ISL_707422,A/duck/Fujian/11.3_FZHX11,0.2946,0.2678,0.4377,0.2704,0.165,-0.085,0.373,51.59,0.414,0.443,3998,4232,-0.419353,0.078922,H5N6,Avian
585,A/duck/Fujian/11.23_FZHX0009-C/2017|EPI_ISL_707417,A/duck/Fujian/11.23_FZHX0,0.3014,0.2652,0.4271,0.2775,0.168,-0.073,0.38,51.94,0.417,0.444,4001,4232,-0.424527,0.078922,H5N6,Avian
586,A/duck/Fujian/11.23_FZHX0014-C/2017|EPI_ISL_707418,A/duck/Fujian/11.23_FZHX0,0.2975,0.2671,0.4328,0.2726,0.166,-0.081,0.376,51.65,0.415,0.443,4007,4238,-0.420835,0.078339,H5N6,Avian
587,A/duck/Fujian/11.23_FZHX0015-C/2017|EPI_ISL_707419,A/duck/Fujian/11.23_FZHX0,0.295,0.2685,0.43,0.2776,0.165,-0.081,0.376,51.8,0.42,0.444,4002,4233,-0.421356,0.078668,H5N6,Avian
588,A/duck/Fujian/12.7_FZHX1202-O/2016|EPI_ISL_707425,A/duck/Fujian/12.7_FZHX12,0.2953,0.2678,0.4392,0.27,0.164,-0.089,0.372,51.62,0.413,0.442,3984,4219,-0.423655,0.080114,H5N6,Avian
589,A/duck/Fujian/12.7_FZHX1218-C/2016|EPI_ISL_707426,A/duck/Fujian/12.7_FZHX12,0.2966,0.2668,0.4406,0.2673,0.165,-0.086,0.373,51.49,0.41,0.442,3998,4233,-0.423317,0.07914,H5N6,Avian
590,A/duck/Fujian/12.7_FZHX1219-O/2016|EPI_ISL_707427,A/duck/Fujian/12.7_FZHX12,0.2971,0.2666,0.4402,0.2672,0.165,-0.086,0.373,51.4,0.41,0.441,3997,4232,-0.422613,0.078922,H5N6,Avian
591,A/duck/Fujian/12.7_FZHX1221-C/2016|EPI_ISL_707428,A/duck/Fujian/12.7_FZHX12,0.2973,0.2668,0.4398,0.2673,0.165,-0.086,0.373,51.42,0.411,0.442,3997,4232,-0.42181,0.079159,H5N6,Avian
592,A/duck/Fujian/S1233/2018(H5N1)|EPI_ISL_18513226,A/duck/Fujian/S1233/2018(,0.3091,0.2676,0.4226,0.2735,0.168,-0.078,0.378,52.54,0.415,0.442,3994,4223,-0.412195,0.081222,H5N1,Avian
593,A/duck/Fujian/S1273/2018(H5N1)|EPI_ISL_18513227,A/duck/Fujian/S1273/2018(,0.3082,0.2675,0.4253,0.2724,0.167,-0.083,0.376,52.2,0.414,0.44,3987,4215,-0.416394,0.081851,H5N1,Avian
594,A/Duck/Fujian/S4146/2010|EPI_ISL_138181,A/Duck/Fujian/S4146/2010|,0.3081,0.2679,0.4166,0.2794,0.168,-0.078,0.378,52.95,0.42,0.444,3996,4224,-0.406723,0.081676,H5N1,Avian
595,A/duck/Guangdong/01.01_SZSGXJK001-G/2016|EPI_ISL_221706,A/duck/Guangdong/01.01_SZ,0.2994,0.2655,0.4324,0.2746,0.165,-0.086,0.373,51.91,0.415,0.442,3999,4232,-0.419069,0.078922,H5N6,Avian
596,A/duck/Guangdong/01.01_SZSGXJK001-Y_/2016|EPI_ISL_221705,A/duck/Guangdong/01.01_SZ,0.3,0.2652,0.433,0.2736,0.165,-0.085,0.374,51.9,0.414,0.442,3999,4232,-0.419164,0.078922,H5N6,Avian
597,A/duck/Guangdong/01.01_SZSGXJK002-G/2016|EPI_ISL_221708,A/duck/Guangdong/01.01_SZ,0.2986,0.2672,0.4308,0.2756,0.165,-0.085,0.374,51.95,0.417,0.443,3999,4232,-0.419022,0.078922,H5N6,Avian
598,A/duck/Guangdong/01.01_SZSGXJK002-Y/2016|EPI_ISL_221707,A/duck/Guangdong/01.01_SZ,0.299,0.2661,0.4324,0.2746,0.165,-0.085,0.373,51.92,0.415,0.442,4000,4232,-0.419683,0.078922,H5N6,Avian
599,A/duck/Guangdong/01.01_SZSGXJK003-G/2016|EPI_ISL_221709,A/duck/Guangdong/01.01_SZ,0.2998,0.2653,0.4332,0.2742,0.165,-0.087,0.373,51.97,0.414,0.442,3999,4232,-0.417935,0.079159,H5N6,Avian
600,A/duck/Guangdong/01.01_SZSGXJK004-Y/2016|EPI_ISL_221710,A/duck/Guangdong/01.01_SZ,0.2995,0.2656,0.433,0.2739,0.165,-0.086,0.373,51.9,0.414,0.442,3999,4232,-0.419022,0.078922,H5N6,Avian
601,A/duck/Guangdong/01.01_SZSGXJK005-G_/2016|EPI_ISL_221713,A/duck/Guangdong/01.01_SZ,0.2997,0.2652,0.4327,0.2747,0.165,-0.086,0.373,51.85,0.414,0.442,4000,4232,-0.41914,0.078922,H5N6,Avian
602,A/duck/Guangdong/01.01_SZSGXJK005-Y/2016|EPI_ISL_221712,A/duck/Guangdong/01.01_SZ,0.2992,0.2659,0.4328,0.2743,0.165,-0.086,0.373,51.9,0.415,0.442,3999,4232,-0.419589,0.079159,H5N6,Avian
603,A/duck/Guangdong/01.01_SZSGXJK006-G/2016|EPI_ISL_221715,A/duck/Guangdong/01.01_SZ,0.2995,0.265,0.4328,0.2752,0.165,-0.087,0.372,51.89,0.414,0.442,3999,4232,-0.419069,0.078922,H5N6,Avian
604,A/duck/Guangdong/01.01_SZSGXJK006-Y/2016|EPI_ISL_221714,A/duck/Guangdong/01.01_SZ,0.2992,0.2659,0.4332,0.2742,0.165,-0.086,0.373,51.91,0.414,0.442,3999,4232,-0.418053,0.078922,H5N6,Avian
605,A/duck/Guangdong/02.11_DGCP092-P/2015(Mixed)|EPI_ISL_199435,A/duck/Guangdong/02.11_DG,0.295,0.2688,0.429,0.2791,0.164,-0.088,0.372,51.81,0.421,0.445,3995,4224,-0.421094,0.078598,H5N6,Avian
606,A/duck/Guangdong/02.11_DGCP093-P/2015(Mixed)|EPI_ISL_199436,A/duck/Guangdong/02.11_DG,0.295,0.2692,0.4291,0.2791,0.164,-0.086,0.372,51.82,0.421,0.445,4003,4233,-0.419419,0.078668,H5N6,Avian
607,A/duck/Guangdong/02.11_DGCP094-P/2015(Mixed)|EPI_ISL_199437,A/duck/Guangdong/02.11_DG,0.2955,0.2691,0.4283,0.279,0.164,-0.087,0.372,51.87,0.421,0.445,4003,4233,-0.419088,0.078668,H5N6,Avian
608,A/duck/Guangdong/02.11_DGCP102-P/2015(Mixed)|EPI_ISL_199421,A/duck/Guangdong/02.11_DG,0.2948,0.2692,0.4291,0.2792,0.164,-0.087,0.372,51.78,0.421,0.445,3995,4224,-0.422064,0.078835,H5N6,Avian
609,A/duck/Guangdong/02.11_DGCP103-P/2015(Mixed)|EPI_ISL_199422,A/duck/Guangdong/02.11_DG,0.295,0.2695,0.4288,0.2791,0.164,-0.088,0.372,51.89,0.421,0.445,4003,4233,-0.419466,0.078904,H5N6,Avian
610,A/duck/Guangdong/02.11_DGCP104-P/2015(Mixed)|EPI_ISL_199423,A/duck/Guangdong/02.11_DG,0.2956,0.2689,0.4289,0.2793,0.164,-0.088,0.372,51.8,0.42,0.445,4003,4233,-0.420057,0.078904,H5N6,Avian
611,A/duck/Guangdong/03.26_DGCP062-P/2015(H5N6)|EPI_ISL_199403,A/duck/Guangdong/03.26_DG,0.2991,0.267,0.4286,0.2775,0.165,-0.085,0.373,52.04,0.418,0.445,3992,4224,-0.424905,0.079072,H5N6,Avian
612,A/duck/Guangdong/03.26_DGCP066-O/2015(H5N6)|EPI_ISL_199175,A/duck/Guangdong/03.26_DG,0.2995,0.267,0.4279,0.2777,0.165,-0.084,0.374,52.1,0.418,0.445,4000,4233,-0.421332,0.07914,H5N6,Avian
613,A/duck/Guangdong/03.26_DGCP074-O/2015(H5N6)|EPI_ISL_199178,A/duck/Guangdong/03.26_DG,0.2993,0.2671,0.4298,0.2761,0.165,-0.084,0.374,52.03,0.417,0.444,3999,4233,-0.421167,0.07914,H5N6,Avian
614,A/duck/Guangdong/03.26_DGCP075-O/2015(Mixed)|EPI_ISL_199408,A/duck/Guangdong/03.26_DG,0.2982,0.2667,0.4353,0.2727,0.165,-0.081,0.376,51.68,0.414,0.442,3990,4224,-0.424479,0.078835,H5N6,Avian
615,A/duck/Guangdong/03.26_DGCP076-O/2015(H5N6)|EPI_ISL_199181,A/duck/Guangdong/03.26_DG,0.2977,0.2672,0.4313,0.2756,0.164,-0.086,0.373,51.98,0.417,0.444,3957,4189,-0.43058,0.079255,H5N6,Avian
616,A/duck/Guangdong/03.26_DGCP076-P/2015(H5N6)|EPI_ISL_199406,A/duck/Guangdong/03.26_DG,0.2995,0.2668,0.4295,0.2759,0.165,-0.084,0.374,52.04,0.417,0.444,3989,4222,-0.420867,0.078873,H5N6,Avian
617,A/duck/Guangdong/03.26_DGCP077-O/2015(H5N6)|EPI_ISL_199407,A/duck/Guangdong/03.26_DG,0.2894,0.274,0.4378,0.2701,0.166,-0.069,0.382,51.63,0.418,0.443,3969,4203,-0.431002,0.079229,H5N6,Avian
618,A/duck/Guangdong/03.26_DGCP078-P/2015(H5N6)|EPI_ISL_199189,A/duck/Guangdong/03.26_DG,0.3,0.2678,0.4283,0.2765,0.165,-0.082,0.375,52.1,0.418,0.444,3979,4212,-0.425071,0.079535,H5N6,Avian
619,A/duck/Guangdong/03.26_DGCP080-P/2015(H5N6)|EPI_ISL_199195,A/duck/Guangdong/03.26_DG,0.3008,0.2644,0.4318,0.275,0.162,-0.092,0.369,51.84,0.414,0.442,3991,4224,-0.421544,0.078835,H5N6,Avian
620,A/duck/Guangdong/03.26_DGCP082-O/2015(H5N6)|EPI_ISL_199409,A/duck/Guangdong/03.26_DG,0.3008,0.2649,0.4313,0.2744,0.162,-0.093,0.369,51.86,0.414,0.442,3968,4200,-0.421262,0.07881,H5N6,Avian
621,A/duck/Guangdong/03.26_DGCP084-P/2015(H5N6)|EPI_ISL_199200,A/duck/Guangdong/03.26_DG,0.3002,0.2676,0.428,0.2763,0.165,-0.081,0.376,52.11,0.417,0.444,3969,4201,-0.426113,0.079267,H5N6,Avian
622,A/duck/Guangdong/03.26_DGCP709-P/2015(H5N6)|EPI_ISL_199185,A/duck/Guangdong/03.26_DG,0.2991,0.2668,0.4301,0.2763,0.165,-0.085,0.374,51.99,0.417,0.444,3991,4224,-0.423177,0.079072,H5N6,Avian
623,A/duck/Guangdong/03.26_DGCPLB007-O/2015(H5N6)|EPI_ISL_199404,A/duck/Guangdong/03.26_DG,0.3003,0.2671,0.4288,0.2757,0.165,-0.082,0.375,52.07,0.417,0.444,3961,4192,-0.427242,0.079198,H5N6,Avian
624,A/duck/Guangdong/03.26_DGCPLB007-P/2015(H5N6)|EPI_ISL_199192,A/duck/Guangdong/03.26_DG,0.2998,0.2665,0.4297,0.2756,0.165,-0.084,0.374,52.05,0.416,0.444,3989,4222,-0.419967,0.078873,H5N6,Avian
625,A/duck/Guangdong/03.26_DGCPLB019-P/2015(H5N6)|EPI_ISL_199188,A/duck/Guangdong/03.26_DG,0.3,0.2674,0.4279,0.2767,0.165,-0.081,0.375,52.03,0.418,0.444,3961,4192,-0.425811,0.079198,H5N6,Avian
626,A/duck/Guangdong/03.26_DGCPLB021-O/2015(H5N6)|EPI_ISL_199174,A/duck/Guangdong/03.26_DG,0.3002,0.267,0.4278,0.2775,0.165,-0.084,0.374,52.04,0.418,0.445,3971,4203,-0.428741,0.079467,H5N6,Avian
627,A/duck/Guangdong/03.26_DGCPLB022-O/2015(H5N6)|EPI_ISL_199405,A/duck/Guangdong/03.26_DG,0.3004,0.2676,0.4272,0.2774,0.165,-0.083,0.375,52.09,0.418,0.445,3979,4212,-0.426116,0.079535,H5N6,Avian
628,A/duck/Guangdong/03.26_DGCPLB022-P/2015(H5N6)|EPI_ISL_199186,A/duck/Guangdong/03.26_DG,0.2993,0.2667,0.429,0.277,0.165,-0.085,0.373,52.02,0.417,0.444,3999,4233,-0.421474,0.07914,H5N6,Avian
629,A/duck/Guangdong/03.26_DGCPLB023-O/2015(H5N6)|EPI_ISL_199415,A/duck/Guangdong/03.26_DG,0.3003,0.2668,0.4282,0.2766,0.165,-0.083,0.374,52.07,0.417,0.444,3961,4192,-0.429031,0.079198,H5N6,Avian
630,A/duck/Guangdong/03.26_DGCPLB023-P/2015(H5N6)|EPI_ISL_199187,A/duck/Guangdong/03.26_DG,0.2993,0.2671,0.4293,0.2764,0.165,-0.083,0.374,52.03,0.417,0.444,3999,4233,-0.420813,0.07914,H5N6,Avian
631,A/duck/Guangdong/03.26_DGCPLB024-O/2015(H5N6)|EPI_ISL_199416,A/duck/Guangdong/03.26_DG,0.2995,0.2665,0.429,0.2771,0.165,-0.086,0.373,51.98,0.417,0.444,3991,4224,-0.424077,0.079072,H5N6,Avian
632,A/duck/Guangdong/03.27_DGQTSJ129-O/2015(Mixed)|EPI_ISL_199391,A/duck/Guangdong/03.27_DG,0.2945,0.27,0.4267,0.2809,0.164,-0.087,0.372,51.87,0.423,0.445,3984,4213,-0.420722,0.078566,H5N6,Avian
633,A/duck/Guangdong/03.27_DGQTSJ131-O/2015(Mixed)|EPI_ISL_199367,A/duck/Guangdong/03.27_DG,0.2984,0.2694,0.4277,0.2769,0.165,-0.083,0.375,51.95,0.419,0.444,3980,4212,-0.423077,0.079535,H5N6,Avian
634,A/duck/Guangdong/03.27_DGQTSJ133-O/2015(Mixed)|EPI_ISL_200251,A/duck/Guangdong/03.27_DG,0.2946,0.2705,0.427,0.2806,0.164,-0.087,0.372,51.87,0.423,0.445,4002,4233,-0.418616,0.078904,H5N6,Avian
635,A/duck/Guangdong/03.27_DGQTSJ134-O/2015(Mixed)|EPI_ISL_200249,A/duck/Guangdong/03.27_DG,0.2982,0.2664,0.4319,0.2745,0.163,-0.087,0.372,51.68,0.415,0.443,3982,4213,-0.420555,0.078804,H5N6,Avian
636,A/duck/Guangdong/03.27_DGQTXC203-O/2015(Mixed)|EPI_ISL_199374,A/duck/Guangdong/03.27_DG,0.2941,0.2706,0.4277,0.2804,0.164,-0.087,0.372,51.83,0.423,0.445,3994,4224,-0.421212,0.078835,H5N6,Avian
637,A/duck/Guangdong/04.15_SZBAXQ019/2015(Mixed)|EPI_ISL_200259,A/duck/Guangdong/04.15_SZ,0.2925,0.2724,0.4284,0.2794,0.165,-0.081,0.376,51.91,0.424,0.446,3937,4168,-0.434621,0.079655,H5N6,Avian
638,A/duck/Guangdong/04.15_SZBAXQ020/2015(H5N6)|EPI_ISL_199451,A/duck/Guangdong/04.15_SZ,0.2975,0.2683,0.428,0.2784,0.165,-0.079,0.377,52.18,0.419,0.445,3973,4203,-0.421675,0.079229,H5N6,Avian
639,A/duck/Guangdong/04.15_SZBAXQ021/2015(H5N6)|EPI_ISL_199452,A/duck/Guangdong/04.15_SZ,0.2972,0.267,0.4306,0.2758,0.165,-0.079,0.376,52.06,0.417,0.444,3985,4213,-0.417351,0.078566,H5N6,Avian
640,A/duck/Guangdong/04.16_LGDBL001/2015(Mixed)|EPI_ISL_199381,A/duck/Guangdong/04.16_LG,0.2983,0.2662,0.4314,0.276,0.165,-0.088,0.372,51.83,0.416,0.444,3981,4213,-0.42573,0.078804,H5N6,Avian
641,A/duck/Guangdong/04.16_SZLGDBL005/2015(H5N6)|EPI_ISL_199461,A/duck/Guangdong/04.16_SZ,0.3006,0.2662,0.4293,0.2761,0.163,-0.088,0.371,51.98,0.416,0.443,3969,4201,-0.422614,0.079267,H5N6,Avian
642,A/duck/Guangdong/04.16_SZLGDBL009/2015(H5N6)|EPI_ISL_199462,A/duck/Guangdong/04.16_SZ,0.2986,0.2663,0.4314,0.2765,0.165,-0.087,0.372,51.87,0.416,0.444,3991,4224,-0.425947,0.079072,H5N6,Avian
643,A/duck/Guangdong/04.16_SZLGDBL013/2015(H5N6)|EPI_ISL_199458,A/duck/Guangdong/04.16_SZ,0.2971,0.2682,0.4289,0.2782,0.164,-0.087,0.372,52.08,0.419,0.445,3952,4185,-0.426356,0.07957,H5N6,Avian
644,A/duck/Guangdong/04.16_SZLGWL002/2015(H5N6)|EPI_ISL_199463,A/duck/Guangdong/04.16_SZ,0.2942,0.2701,0.4283,0.2799,0.165,-0.083,0.375,51.75,0.422,0.445,3993,4224,-0.421188,0.078835,H5N6,Avian
645,A/duck/Guangdong/04.22_DGCP068-O/2015(H5N6)|EPI_ISL_199209,A/duck/Guangdong/04.22_DG,0.2964,0.2687,0.4288,0.2772,0.165,-0.084,0.374,51.91,0.419,0.444,3990,4222,-0.41838,0.078636,H5N6,Avian
646,A/duck/Guangdong/04.22_DGCP071-P/2015(Mixed)|EPI_ISL_200255,A/duck/Guangdong/04.22_DG,0.2958,0.2687,0.4294,0.2779,0.165,-0.085,0.373,51.88,0.42,0.445,3992,4224,-0.421283,0.078835,H5N6,Avian
647,A/duck/Guangdong/04.22_DGCP079-O/2015(H5N6)|EPI_ISL_199250,A/duck/Guangdong/04.22_DG,0.2949,0.2699,0.4273,0.2809,0.163,-0.088,0.372,51.85,0.422,0.445,3994,4224,-0.421117,0.078835,H5N6,Avian
648,A/duck/Guangdong/04.22_DGCP083-O/2015(Mixed)|EPI_ISL_200247,A/duck/Guangdong/04.22_DG,0.2952,0.2699,0.4265,0.2808,0.164,-0.087,0.372,51.91,0.423,0.445,4002,4233,-0.417316,0.078904,H5N6,Avian
649,A/duck/Guangdong/04.22_DGCP084-O/2015(H5N6)|EPI_ISL_199303,A/duck/Guangdong/04.22_DG,0.295,0.2697,0.427,0.2811,0.163,-0.088,0.372,51.85,0.422,0.445,3994,4224,-0.420644,0.078835,H5N6,Avian
650,A/duck/Guangdong/04.22_DGCPLB018-O/2015(H5N6)|EPI_ISL_199230,A/duck/Guangdong/04.22_DG,0.2921,0.275,0.4217,0.2833,0.165,-0.081,0.376,52.47,0.429,0.447,3994,4223,-0.421904,0.079091,H5N6,Avian
651,A/duck/Guangdong/04.22_DGCPLB020-O/2015(H5N6)|EPI_ISL_199252,A/duck/Guangdong/04.22_DG,0.2952,0.2687,0.4298,0.2784,0.164,-0.087,0.372,51.75,0.42,0.445,3992,4224,-0.420952,0.078835,H5N6,Avian
652,A/duck/Guangdong/04.22_DGCPLB022-O/2015(Mixed)|EPI_ISL_199232,A/duck/Guangdong/04.22_DG,0.2943,0.2696,0.4298,0.2784,0.164,-0.086,0.373,51.79,0.421,0.445,3992,4224,-0.42133,0.078835,H5N6,Avian
653,A/duck/Guangdong/04.22_DGCPLB041-P/2015(H5N6)|EPI_ISL_199304,A/duck/Guangdong/04.22_DG,0.2919,0.2749,0.4212,0.2848,0.165,-0.081,0.376,52.51,0.429,0.447,3957,4184,-0.42249,0.078633,H5N6,Avian
654,A/duck/Guangdong/04.22_DGCPLB044-P/2015(H5N6)|EPI_ISL_199305,A/duck/Guangdong/04.22_DG,0.293,0.2741,0.4222,0.2825,0.165,-0.082,0.375,52.47,0.427,0.447,3994,4223,-0.422946,0.078854,H5N6,Avian
655,A/duck/Guangdong/04.23_DGQTSJ121-O/2015(Mixed)|EPI_ISL_200245,A/duck/Guangdong/04.23_DG,0.2981,0.2697,0.428,0.2764,0.165,-0.082,0.375,51.99,0.419,0.444,3980,4212,-0.424312,0.079535,H5N6,Avian
656,A/duck/Guangdong/04.23_DGQTSJ123-O/2015(Mixed)|EPI_ISL_199365,A/duck/Guangdong/04.23_DG,0.2988,0.2689,0.4278,0.2762,0.165,-0.084,0.374,51.97,0.418,0.444,3986,4219,-0.419649,0.079403,H5N6,Avian
657,A/duck/Guangdong/04.23_DGQTSJ127-O/2015(Mixed)|EPI_ISL_200240,A/duck/Guangdong/04.23_DG,0.2914,0.2711,0.4332,0.2772,0.164,-0.079,0.377,51.74,0.421,0.444,3961,4189,-0.432752,0.079255,H5N6,Avian
658,A/duck/Guangdong/04.23_DGQTSJ128-O/2015(Mixed)|EPI_ISL_199368,A/duck/Guangdong/04.23_DG,0.2929,0.2708,0.4291,0.2798,0.163,-0.088,0.372,51.85,0.422,0.445,3960,4189,-0.428957,0.079255,H5N6,Avian
659,A/duck/Guangdong/04.23_DGQTSJ134-O/2015(Mixed)|EPI_ISL_199366,A/duck/Guangdong/04.23_DG,0.2974,0.2677,0.4282,0.278,0.164,-0.086,0.373,51.98,0.419,0.445,3983,4213,-0.421054,0.078566,H5N6,Avian
660,A/duck/Guangdong/04.23_DGQTSJ135-O/2015(Mixed)|EPI_ISL_199372,A/duck/Guangdong/04.23_DG,0.2947,0.27,0.4293,0.2786,0.164,-0.086,0.373,51.78,0.421,0.445,3994,4224,-0.421212,0.078835,H5N6,Avian
661,A/duck/Guangdong/04.23_DGQTSJ135-P/2015(Mixed)|EPI_ISL_199371,A/duck/Guangdong/04.23_DG,0.2942,0.27,0.4277,0.2803,0.164,-0.086,0.373,51.88,0.422,0.445,3984,4213,-0.420745,0.078566,H5N6,Avian
662,A/duck/Guangdong/04.23_DGQTSJ138-O/2015(Mixed)|EPI_ISL_199375,A/duck/Guangdong/04.23_DG,0.2944,0.2703,0.4277,0.2804,0.164,-0.087,0.372,51.83,0.422,0.445,3994,4224,-0.421212,0.078835,H5N6,Avian
663,A/duck/Guangdong/04.23_DGQTSJ138-P/2015(Mixed)|EPI_ISL_199373,A/duck/Guangdong/04.23_DG,0.2959,0.2705,0.4264,0.2803,0.164,-0.084,0.374,51.97,0.422,0.445,3982,4212,-0.423813,0.079297,H5N6,Avian
664,A/duck/Guangdong/04.23_DGQTSJ144-O/2015(Mixed)|EPI_ISL_200253,A/duck/Guangdong/04.23_DG,0.2988,0.2671,0.4309,0.2749,0.165,-0.084,0.374,52.05,0.416,0.444,3991,4224,-0.422775,0.079072,H5N6,Avian
665,A/duck/Guangdong/04.23_DGQTSJ145-O/2015(H5N6)|EPI_ISL_199235,A/duck/Guangdong/04.23_DG,0.2964,0.2675,0.429,0.2785,0.164,-0.085,0.373,51.95,0.419,0.445,3994,4224,-0.418655,0.078835,H5N6,Avian
666,A/duck/Guangdong/04.23_DGQTSJ146-O/2015(Mixed)|EPI_ISL_199362,A/duck/Guangdong/04.23_DG,0.2945,0.27,0.4275,0.2803,0.164,-0.087,0.372,51.81,0.422,0.445,3984,4213,-0.422122,0.078804,H5N6,Avian
667,A/duck/Guangdong/04.23_DGQTSJ147-O/2015(Mixed)|EPI_ISL_200256,A/duck/Guangdong/04.23_DG,0.2964,0.2675,0.4289,0.2784,0.164,-0.085,0.373,51.97,0.419,0.445,3994,4224,-0.418016,0.078835,H5N6,Avian
668,A/duck/Guangdong/04.23_DGQTSJ148-O/2015(Mixed)|EPI_ISL_200252,A/duck/Guangdong/04.23_DG,0.2969,0.2674,0.4279,0.2789,0.165,-0.084,0.373,52.02,0.42,0.445,4002,4233,-0.415426,0.078904,H5N6,Avian
669,A/duck/Guangdong/04.23_DGQTXC183-O/2015(Mixed)|EPI_ISL_199369,A/duck/Guangdong/04.23_DG,0.2991,0.2668,0.4293,0.2769,0.165,-0.084,0.374,51.99,0.417,0.444,3991,4224,-0.423414,0.079072,H5N6,Avian
670,A/duck/Guangdong/04.23_DGQTXC185-O/2015(Mixed)|EPI_ISL_200241,A/duck/Guangdong/04.23_DG,0.2998,0.2674,0.4279,0.2768,0.165,-0.081,0.375,52.12,0.418,0.444,3985,4219,-0.422019,0.079403,H5N6,Avian
671,A/duck/Guangdong/04.23_DGQTXC186-O/2015(Mixed)|EPI_ISL_199358,A/duck/Guangdong/04.23_DG,0.2995,0.2668,0.4287,0.2765,0.165,-0.083,0.375,52.04,0.417,0.444,3989,4222,-0.420512,0.078873,H5N6,Avian
672,A/duck/Guangdong/04.23_DGQTXC187-O/2015(Mixed)|EPI_ISL_199360,A/duck/Guangdong/04.23_DG,0.2994,0.2683,0.4269,0.2774,0.166,-0.08,0.376,52.13,0.419,0.445,3961,4192,-0.427791,0.079198,H5N6,Avian
673,A/duck/Guangdong/04.23_DGQTXC187-P/2015(Mixed)|EPI_ISL_199376,A/duck/Guangdong/04.23_DG,0.3002,0.2673,0.4278,0.2773,0.165,-0.082,0.375,52.1,0.418,0.445,3971,4203,-0.428075,0.079467,H5N6,Avian
674,A/duck/Guangdong/04.23_DGQTXC188-O/2015(Mixed)|EPI_ISL_200248,A/duck/Guangdong/04.23_DG,0.2937,0.2711,0.4279,0.2801,0.164,-0.087,0.372,51.86,0.423,0.445,3990,4220,-0.422299,0.07891,H5N6,Avian
675,A/duck/Guangdong/04.23_DGQTXC188-P/2015(Mixed)|EPI_ISL_199379,A/duck/Guangdong/04.23_DG,0.2987,0.2693,0.4274,0.2769,0.165,-0.082,0.375,51.98,0.419,0.444,3980,4212,-0.422626,0.079535,H5N6,Avian
676,A/duck/Guangdong/04.23_DGQTXC201-O/2015(Mixed)|EPI_ISL_199378,A/duck/Guangdong/04.23_DG,0.3006,0.2671,0.4276,0.2767,0.165,-0.082,0.375,52.06,0.417,0.444,3961,4192,-0.427791,0.079198,H5N6,Avian
677,A/duck/Guangdong/04.23_DGQTXC202-O/2015(H5N6)|EPI_ISL_199214,A/duck/Guangdong/04.23_DG,0.2967,0.2675,0.431,0.2748,0.163,-0.086,0.373,51.69,0.417,0.444,3989,4222,-0.416769,0.078873,H5N6,Avian
678,A/duck/Guangdong/04.23_DGQTXC202-O/2015(Mixed)|EPI_ISL_199355,A/duck/Guangdong/04.23_DG,0.2944,0.2703,0.428,0.28,0.164,-0.087,0.373,51.88,0.422,0.445,3994,4224,-0.42178,0.078835,H5N6,Avian
679,A/duck/Guangdong/04.23_DGQTXC203-O/2015(H5N6)|EPI_ISL_199222,A/duck/Guangdong/04.23_DG,0.2992,0.2682,0.4277,0.2773,0.165,-0.081,0.375,52.12,0.418,0.445,3931,4162,-0.426333,0.078808,H5N6,Avian
680,A/duck/Guangdong/04.23_DGQTXC204-O/2015(Mixed)|EPI_ISL_199370,A/duck/Guangdong/04.23_DG,0.2944,0.2703,0.4278,0.2805,0.164,-0.087,0.372,51.81,0.422,0.445,3994,4224,-0.420526,0.078835,H5N6,Avian
681,A/duck/Guangdong/04.23_DGQTXC204-P/2015(Mixed)|EPI_ISL_199363,A/duck/Guangdong/04.23_DG,0.2963,0.269,0.431,0.2754,0.164,-0.087,0.373,51.91,0.418,0.444,3966,4198,-0.427394,0.079562,H5N6,Avian
682,A/duck/Guangdong/04.23_DGQTXC205-O/2015(Mixed)|EPI_ISL_199356,A/duck/Guangdong/04.23_DG,0.2978,0.2682,0.4289,0.2763,0.164,-0.085,0.373,51.89,0.418,0.444,3990,4222,-0.418143,0.078873,H5N6,Avian
683,A/duck/Guangdong/04.23_DGQTXC206-O/2015(Mixed)|EPI_ISL_199364,A/duck/Guangdong/04.23_DG,0.2999,0.2676,0.4275,0.2776,0.165,-0.082,0.375,52.1,0.418,0.445,3971,4203,-0.428075,0.079467,H5N6,Avian
684,A/duck/Guangdong/04.23_DGQTXC207-O/2015(Mixed)|EPI_ISL_199354,A/duck/Guangdong/04.23_DG,0.2984,0.2694,0.428,0.2765,0.165,-0.084,0.374,51.91,0.419,0.444,3980,4212,-0.423077,0.079535,H5N6,Avian
685,A/duck/Guangdong/04.23_DGQTXC207-P/2015(Mixed)|EPI_ISL_199353,A/duck/Guangdong/04.23_DG,0.2985,0.2687,0.4281,0.2763,0.164,-0.085,0.374,51.86,0.418,0.444,3970,4201,-0.422923,0.079267,H5N6,Avian
686,A/duck/Guangdong/04.23_DGQTXC213-O/2015(H5N6)|EPI_ISL_199291,A/duck/Guangdong/04.23_DG,0.2933,0.2714,0.4289,0.2776,0.165,-0.081,0.375,51.68,0.422,0.445,3999,4233,-0.414836,0.07914,H5N6,Avian
687,A/duck/Guangdong/04.23_DGQTXC213-P/2015(H5N6)|EPI_ISL_199289,A/duck/Guangdong/04.23_DG,0.2914,0.2717,0.4307,0.2771,0.164,-0.082,0.375,51.64,0.422,0.446,3947,4178,-0.426711,0.079225,H5N6,Avian
688,A/duck/Guangdong/04.23_DGQTXC227-P/2015(Mixed)|EPI_ISL_200236,A/duck/Guangdong/04.23_DG,0.2976,0.2683,0.4261,0.2797,0.165,-0.082,0.374,52.1,0.421,0.446,3982,4212,-0.420038,0.079297,H5N6,Avian
689,A/duck/Guangdong/04.23_DGQTXC229-P/2015(H5N6)|EPI_ISL_199234,A/duck/Guangdong/04.23_DG,0.2961,0.2678,0.4286,0.2787,0.164,-0.085,0.373,51.98,0.42,0.445,3994,4224,-0.418016,0.078835,H5N6,Avian
690,A/duck/Guangdong/04.23_DGQTXC230-P/2015(Mixed)|EPI_ISL_200254,A/duck/Guangdong/04.23_DG,0.2949,0.2693,0.4279,0.2791,0.165,-0.083,0.374,52.02,0.421,0.446,3994,4224,-0.418016,0.078835,H5N6,Avian
691,A/duck/Guangdong/04.23_DGQTXC231-O/2015(H5N6)|EPI_ISL_199236,A/duck/Guangdong/04.23_DG,0.2964,0.2675,0.4289,0.2784,0.164,-0.085,0.373,51.97,0.419,0.445,3994,4224,-0.418016,0.078835,H5N6,Avian
692,A/duck/Guangdong/04.23_DGQTXC231-P/2015(Mixed)|EPI_ISL_200243,A/duck/Guangdong/04.23_DG,0.2964,0.2675,0.4289,0.2784,0.164,-0.085,0.373,51.97,0.419,0.445,3994,4224,-0.418016,0.078835,H5N6,Avian
693,A/duck/Guangdong/04.23_DGQTXC232-P/2015(H5N6)|EPI_ISL_199292,A/duck/Guangdong/04.23_DG,0.2969,0.2669,0.4283,0.2785,0.164,-0.085,0.373,51.99,0.419,0.445,3984,4213,-0.417707,0.078566,H5N6,Avian
694,A/duck/Guangdong/04.23_DGQTXC233-P/2015(Mixed)|EPI_ISL_200246,A/duck/Guangdong/04.23_DG,0.2976,0.2678,0.4261,0.2796,0.165,-0.083,0.374,52.07,0.42,0.446,3964,4192,-0.422352,0.07896,H5N6,Avian
695,A/duck/Guangdong/04.23_DGQTXC235-O/2015(H5N6)|EPI_ISL_199297,A/duck/Guangdong/04.23_DG,0.2955,0.2688,0.4276,0.2791,0.164,-0.083,0.375,52.09,0.421,0.446,3930,4157,-0.430166,0.079384,H5N6,Avian
696,A/duck/Guangdong/04.23_DGQTXC236-P/2015(H5N6)|EPI_ISL_199290,A/duck/Guangdong/04.23_DG,0.2957,0.2689,0.4311,0.276,0.164,-0.084,0.374,51.81,0.418,0.444,4001,4233,-0.417954,0.078904,H5N6,Avian
697,A/duck/Guangdong/11.18_SZBJ003-C/2016|EPI_ISL_707453,A/duck/Guangdong/11.18_SZ,0.2963,0.2695,0.4291,0.278,0.165,-0.084,0.375,52.25,0.42,0.444,3999,4233,-0.418497,0.078904,H5N6,Avian
698,A/duck/Guangdong/11.18_SZBJ003-O/2016|EPI_ISL_707454,A/duck/Guangdong/11.18_SZ,0.2963,0.2695,0.4291,0.278,0.165,-0.084,0.375,52.25,0.42,0.444,3999,4233,-0.418497,0.078904,H5N6,Avian
699,A/duck/Guangdong/11.18_SZBJ007-O/2016|EPI_ISL_707455,A/duck/Guangdong/11.18_SZ,0.2965,0.2691,0.4291,0.2779,0.165,-0.084,0.374,52.22,0.42,0.444,3999,4233,-0.418993,0.078904,H5N6,Avian
700,A/duck/Guangdong/KGZ15783/2021|EPI_ISL_19210571,A/duck/Guangdong/KGZ15783,0.3008,0.2717,0.4094,0.2863,0.165,-0.075,0.378,52.86,0.43,0.449,4015,4244,-0.39696,0.081527,H5N8,Avian
701,A/duck/Guangdong/KGZ16007/2021|EPI_ISL_19210557,A/duck/Guangdong/KGZ16007,0.295,0.2722,0.4296,0.273,0.166,-0.075,0.379,52.16,0.419,0.445,4006,4233,-0.409993,0.078668,H5N6,Avian
702,A/duck/Guangdong/KGZ16008/2021|EPI_ISL_19210558,A/duck/Guangdong/KGZ16008,0.295,0.2722,0.4296,0.2729,0.166,-0.074,0.379,52.16,0.419,0.445,4006,4233,-0.410064,0.078668,H5N6,Avian
703,A/duck/Guangdong/KGZ16009/2021|EPI_ISL_19210559,A/duck/Guangdong/KGZ16009,0.2945,0.2717,0.4307,0.2728,0.166,-0.075,0.379,52.13,0.419,0.445,4006,4233,-0.409922,0.078668,H5N6,Avian
704,A/duck/Guangdong/KGZ16012/2021|EPI_ISL_19210561,A/duck/Guangdong/KGZ16012,0.295,0.2722,0.4296,0.273,0.166,-0.074,0.379,52.15,0.419,0.445,4006,4233,-0.409993,0.078668,H5N6,Avian
705,A/duck/Guangdong/KGZ16015/2021|EPI_ISL_19210562,A/duck/Guangdong/KGZ16015,0.3018,0.2739,0.4076,0.2837,0.166,-0.074,0.379,53.04,0.43,0.449,4014,4244,-0.39001,0.08082,H5N8,Avian
706,A/Duck/Guangdong/PO17281256/MZH/2017-8-21|EPI_ISL_340789,A/Duck/Guangdong/PO172812,0.2963,0.2689,0.4285,0.2774,0.164,-0.086,0.373,52.15,0.419,0.445,4000,4232,-0.414036,0.078922,H5N6,Avian
707,A/Duck/Guangdong/PO17281388/MZH/2017-10-24|EPI_ISL_340792,A/Duck/Guangdong/PO172813,0.2971,0.2679,0.428,0.2791,0.164,-0.087,0.373,52.18,0.419,0.445,3962,4193,-0.415311,0.078703,H5N6,Avian
708,A/Duck/Guangdong/PO17284260/YJ/2017-7-12|EPI_ISL_340857,A/Duck/Guangdong/PO172842,0.2941,0.2688,0.4326,0.2754,0.165,-0.082,0.375,51.89,0.418,0.444,3998,4232,-0.419943,0.078922,H5N6,Avian
709,A/Duck/Guangdong/PO1707260017/GZH/2017-08-02|EPI_ISL_340834,A/Duck/Guangdong/PO170726,0.2987,0.2654,0.4292,0.2765,0.163,-0.091,0.37,51.96,0.416,0.444,3949,4177,-0.417716,0.078525,H5N6,Avian
710,A/Duck/Guangdong/PY501/2014(H5N6)|EPI_ISL_205962,A/Duck/Guangdong/PY501/20,0.3,0.2677,0.42,0.2869,0.163,-0.088,0.372,52.39,0.424,0.444,4014,4244,-0.410273,0.078464,H5N6,Avian
711,A/Duck/Guangdong/PY503/2014(H5N6)|EPI_ISL_205963,A/Duck/Guangdong/PY503/20,0.3005,0.2679,0.4258,0.2788,0.164,-0.082,0.375,52.5,0.419,0.443,4015,4244,-0.410368,0.078228,H5N6,Avian
712,A/duck/Guangdong/S1269/2021|EPI_ISL_5260419,A/duck/Guangdong/S1269/20,0.3018,0.2729,0.4079,0.2852,0.165,-0.078,0.376,52.87,0.43,0.449,4006,4236,-0.39509,0.081681,H5N8,Avian
713,A/duck/Guangdong/S1330/2016|EPI_ISL_5260813,A/duck/Guangdong/S1330/20,0.2977,0.2678,0.4314,0.2757,0.165,-0.086,0.373,51.9,0.417,0.443,3998,4232,-0.416942,0.079159,H5N6,Avian
714,A/duck/Guangdong/S4518/2021(H5N1)|EPI_ISL_12572654,A/duck/Guangdong/S4518/20,0.2968,0.2823,0.3972,0.2953,0.17,-0.068,0.384,52.98,0.444,0.451,4016,4248,-0.406568,0.082156,H5N1,Avian
715,A/duck/Guangdong/S4525/2021(H5N1)|EPI_ISL_12572655,A/duck/Guangdong/S4525/20,0.2974,0.2816,0.3975,0.2952,0.17,-0.068,0.384,52.95,0.443,0.451,4014,4248,-0.409463,0.082156,H5N1,Avian
716,A/duck/Guangdong/S4879/2020|EPI_ISL_9637645,A/duck/Guangdong/S4879/20,0.2879,0.2766,0.4208,0.2846,0.165,-0.079,0.377,52.25,0.432,0.449,3997,4225,-0.410107,0.07929,H5N6,Avian
717,A/duck/Guangdong/s14044/2014|EPI_ISL_201799,A/duck/Guangdong/s14044/2,0.3077,0.2679,0.4259,0.268,0.17,-0.079,0.376,52.45,0.412,0.441,4015,4244,-0.394062,0.082234,H5N8,Avian
718,A/duck/Guangdong/SE195/2021|EPI_ISL_9637825,A/duck/Guangdong/SE195/20,0.3004,0.266,0.4317,0.2734,0.165,-0.084,0.374,52.32,0.414,0.442,3995,4225,-0.413539,0.079053,H5N6,Avian
719,A/Duck/Guangdong/SS1A1/2014(H5N6)|EPI_ISL_205959,A/Duck/Guangdong/SS1A1/20,0.3015,0.268,0.4248,0.2795,0.164,-0.084,0.374,52.52,0.419,0.443,4011,4244,-0.414656,0.078464,H5N6,Avian
720,A/duck/Guangdong/wy11/2008|EPI_ISL_152085,A/duck/Guangdong/wy11/200,0.2991,0.2733,0.4272,0.2724,0.171,-0.078,0.378,52.03,0.419,0.443,4021,4253,-0.401434,0.081825,Others,Avian
721,A/duck/Guangdong/wy19/2008|EPI_ISL_152086,A/duck/Guangdong/wy19/200,0.2995,0.2734,0.4265,0.2713,0.171,-0.076,0.379,52.12,0.419,0.443,4021,4253,-0.397766,0.081119,Others,Avian
722,A/duck/Guangdong/wy24/2008|EPI_ISL_152087,A/duck/Guangdong/wy24/200,0.3026,0.2723,0.4283,0.2665,0.17,-0.082,0.375,52.03,0.415,0.442,4020,4254,-0.398919,0.08157,Others,Avian
723,A/Duck/Guangdong/Yangjiang/PO18284009/2018-01-09|EPI_ISL_340847,A/Duck/Guangdong/Yangjian,0.2959,0.2691,0.4286,0.2777,0.164,-0.087,0.372,51.93,0.42,0.445,4002,4232,-0.409688,0.078922,H5N6,Avian
724,A/duck/Guangxi/12.25_GLGX-14-08/2014(Mixed)|EPI_ISL_201370,A/duck/Guangxi/12.25_GLGX,0.3005,0.2682,0.424,0.2796,0.163,-0.091,0.37,52.27,0.42,0.444,3992,4223,-0.41004,0.079327,H5N6,Avian
725,A/duck/Guangxi/S10099/2021|EPI_ISL_5260420,A/duck/Guangxi/S10099/202,0.3023,0.2732,0.4066,0.2864,0.166,-0.075,0.378,53.1,0.431,0.449,4004,4236,-0.394995,0.081209,H5N8,Avian
726,A/duck/Guangxi/S10263/2021|EPI_ISL_5260421,A/duck/Guangxi/S10263/202,0.3023,0.2732,0.4063,0.2865,0.166,-0.075,0.378,53.12,0.431,0.449,4004,4236,-0.396931,0.081445,H5N8,Avian
727,A/duck/Guangxi/S11043/2021|EPI_ISL_5260422,A/duck/Guangxi/S11043/202,0.3025,0.2724,0.4074,0.2858,0.166,-0.075,0.378,53.03,0.43,0.449,4005,4236,-0.396034,0.081445,H5N8,Avian
728,A/duck/Guangxi/S21194/2021|EPI_ISL_5260426,A/duck/Guangxi/S21194/202,0.3027,0.2723,0.4071,0.286,0.166,-0.075,0.378,53.03,0.43,0.449,4006,4236,-0.39686,0.081445,H5N8,Avian
729,A/duck/Guangxi/S31116/2021(H5N6)|EPI_ISL_11208194,A/duck/Guangxi/S31116/202,0.2876,0.2755,0.4257,0.2809,0.163,-0.077,0.377,52.42,0.428,0.448,4004,4233,-0.411221,0.078668,H5N6,Avian
730,A/duck/Guangzhou/018/2014|EPI_ISL_224984,A/duck/Guangzhou/018/2014,0.2985,0.2684,0.4243,0.2809,0.163,-0.092,0.369,52.28,0.421,0.445,4002,4233,-0.416537,0.078904,H5N6,Avian
731,A/duck/Guangzhou/021/2014|EPI_ISL_224985,A/duck/Guangzhou/021/2014,0.2993,0.2676,0.4242,0.281,0.162,-0.093,0.369,52.27,0.421,0.445,4002,4233,-0.414103,0.078904,H5N6,Avian
732,A/duck/Guizhou/7.27_ZYLJJ017-O/2018|EPI_ISL_696807,A/duck/Guizhou/7.27_ZYLJJ,0.2962,0.2694,0.4277,0.2771,0.165,-0.085,0.374,52.02,0.42,0.445,3992,4223,-0.416623,0.079327,H5N6,Avian
733,A/duck/Guizhou/8.26_ZYLJJ016-O/2018|EPI_ISL_696813,A/duck/Guizhou/8.26_ZYLJJ,0.2974,0.2682,0.4272,0.278,0.165,-0.082,0.375,52.29,0.419,0.445,3993,4223,-0.418968,0.079091,H5N6,Avian
734,A/duck/Guizhou/8.26_ZYLJJ017-O/2018|EPI_ISL_707465,A/duck/Guizhou/8.26_ZYLJJ,0.2939,0.2714,0.427,0.2785,0.164,-0.083,0.374,52.12,0.422,0.446,4001,4232,-0.413563,0.079159,H5N6,Avian
735,A/duck/Guizhou/S1321/2022(H5N1)|EPI_ISL_12572656,A/duck/Guizhou/S1321/2022,0.2957,0.2839,0.398,0.2939,0.17,-0.064,0.386,53.08,0.444,0.451,4015,4248,-0.405202,0.082156,H5N1,Avian
736,A/duck/Guizhou/S1711/2024(H5N1)|EPI_ISL_19616579,A/duck/Guizhou/S1711/2024,0.3074,0.2734,0.4034,0.2868,0.169,-0.068,0.384,52.79,0.43,0.447,4015,4248,-0.407957,0.082392,H5N1,Avian
737,A/duck/Guizhou/S4702/2021(H5N6)|EPI_ISL_11208195,A/duck/Guizhou/S4702/2021,0.2851,0.2754,0.4307,0.2797,0.164,-0.081,0.375,51.9,0.427,0.448,4006,4233,-0.411103,0.078431,H5N6,Avian
738,A/duck/Hainan/12.29_HKPL002-C/2017|EPI_ISL_707469,A/duck/Hainan/12.29_HKPL0,0.2984,0.2674,0.4281,0.2769,0.164,-0.085,0.373,52.17,0.418,0.444,4002,4234,-0.415966,0.078885,H5N6,Avian
739,A/duck/Hebei/3/2011|EPI_ISL_137255,A/duck/Hebei/3/2011|EPI_I,0.3043,0.275,0.426,0.2634,0.172,-0.065,0.385,52.14,0.415,0.442,4022,4254,-0.402633,0.08063,H5N2,Avian
740,A/duck/Hebei/S1070/2021|EPI_ISL_5260445,A/duck/Hebei/S1070/2021|E,0.3033,0.2711,0.4063,0.2883,0.167,-0.072,0.38,53.09,0.43,0.449,4005,4236,-0.39882,0.081917,H5N8,Avian
741,A/duck/Henan/01.01_LYGL003-O/2017|EPI_ISL_697837,A/duck/Henan/01.01_LYGL00,0.284,0.2785,0.4285,0.2819,0.166,-0.08,0.376,52.19,0.43,0.447,3998,4230,-0.4174,0.07896,H5N6,Avian
742,A/duck/Henan/S1381/2021|EPI_ISL_5260435,A/duck/Henan/S1381/2021|E,0.3034,0.2718,0.4064,0.2871,0.166,-0.076,0.378,52.99,0.43,0.449,4005,4236,-0.397757,0.081681,H5N8,Avian
743,A/duck/Hsinchu/15020216/2015|EPI_ISL_4032423,A/duck/Hsinchu/15020216/2,0.3002,0.2794,0.4143,0.2771,0.168,-0.082,0.376,51.93,0.428,0.445,4023,4254,-0.405477,0.080395,H5N2,Avian
744,A/duck/Hubei/03.06__WHWTZ0107-O/2015(Mixed)|EPI_ISL_200427,A/duck/Hubei/03.06__WHWTZ,0.3064,0.2751,0.4191,0.2721,0.172,-0.067,0.384,52.67,0.42,0.443,4012,4244,-0.411027,0.08082,H5N2,Avian
745,A/duck/Hubei/03.06__WHWTZ0111-O/2015(Mixed)|EPI_ISL_200276,A/duck/Hubei/03.06__WHWTZ,0.3023,0.2706,0.4232,0.2791,0.165,-0.084,0.375,52.78,0.42,0.443,4012,4244,-0.410933,0.078464,H5N6,Avian
746,A/duck/Hubei/03.06__WHWTZ0123-O/2015(H5N6)|EPI_ISL_199026,A/duck/Hubei/03.06__WHWTZ,0.302,0.2715,0.422,0.2795,0.166,-0.081,0.376,52.84,0.421,0.444,3999,4230,-0.412719,0.078723,H5N6,Avian
747,A/duck/Hubei/03.06__WHWTZ0125-O/2015(H5N6)|EPI_ISL_199030,A/duck/Hubei/03.06__WHWTZ,0.3016,0.2709,0.4235,0.279,0.165,-0.083,0.375,52.75,0.42,0.443,4012,4244,-0.41164,0.078464,H5N6,Avian
748,A/duck/Hubei/03.06__WHWTZ0129-P/2015(H5N6)|EPI_ISL_199015,A/duck/Hubei/03.06__WHWTZ,0.3027,0.2709,0.4223,0.2791,0.166,-0.082,0.376,52.8,0.421,0.443,3999,4230,-0.413806,0.078723,H5N6,Avian
749,A/duck/Hubei/03.06__WHWTZ0150-P/2015(Mixed)|EPI_ISL_200277,A/duck/Hubei/03.06__WHWTZ,0.3012,0.2674,0.4349,0.2695,0.164,-0.083,0.375,52.36,0.412,0.441,4009,4244,-0.413407,0.079171,H5N6,Avian
750,A/duck/Hubei/03.06__WHWTZ0155-P/2015(H5N1)|EPI_ISL_199019,A/duck/Hubei/03.06__WHWTZ,0.2985,0.2728,0.4084,0.2947,0.165,-0.087,0.373,52.77,0.434,0.446,3989,4223,-0.406891,0.081695,H5N1,Avian
751,A/duck/HuBei/03.06__WHWTZ0158-P/2015(H5N6)|EPI_ISL_199029,A/duck/HuBei/03.06__WHWTZ,0.302,0.2715,0.422,0.2795,0.166,-0.081,0.376,52.84,0.421,0.444,3999,4230,-0.412719,0.078723,H5N6,Avian
752,A/duck/Hubei/03.06_WHWTZ0124-O/2015(H5N6)|EPI_ISL_199028,A/duck/Hubei/03.06_WHWTZ0,0.3016,0.2712,0.4232,0.279,0.165,-0.083,0.375,52.76,0.421,0.443,4012,4244,-0.412158,0.078464,H5N6,Avian
753,A/duck/Hubei/03.06_WHWTZ0130-O/2015(H5N6)|EPI_ISL_199031,A/duck/Hubei/03.06_WHWTZ0,0.302,0.2706,0.4235,0.279,0.165,-0.084,0.375,52.76,0.42,0.443,4012,4244,-0.41164,0.078464,H5N6,Avian
754,A/duck/Hubei/46/2009|EPI_ISL_71945,A/duck/Hubei/46/2009|EPI_,0.3022,0.2763,0.4064,0.2838,0.173,-0.062,0.387,53.01,0.431,0.449,3998,4229,-0.413597,0.081343,H5N1,Avian
755,A/duck/Hubei/2911/2007|EPI_ISL_29185,A/duck/Hubei/2911/2007|EP,0.3078,0.2685,0.4048,0.2905,0.168,-0.076,0.38,52.78,0.429,0.447,3991,4223,-0.406749,0.081459,H5N1,Avian
756,A/duck/Hubei/S4465/2021(H5N1)|EPI_ISL_12572657,A/duck/Hubei/S4465/2021(H,0.3075,0.276,0.4041,0.2825,0.168,-0.072,0.382,53.06,0.429,0.448,4002,4235,-0.398512,0.082881,H5N1,Avian
757,A/duck/Hubei/SE128/2022(H5N1)|EPI_ISL_12572658,A/duck/Hubei/SE128/2022(H,0.307,0.2766,0.4031,0.2842,0.169,-0.069,0.383,53.11,0.431,0.448,4002,4235,-0.395561,0.082881,H5N1,Avian
758,A/duck/Hubei/SE220/2022(H5N1)|EPI_ISL_12572659,A/duck/Hubei/SE220/2022(H,0.2986,0.2807,0.3961,0.2957,0.169,-0.069,0.384,53.15,0.443,0.451,4015,4248,-0.410546,0.082156,H5N1,Avian
759,A/duck/Hubei/SZY250/2016|EPI_ISL_231747,A/duck/Hubei/SZY250/2016|,0.3029,0.2745,0.4296,0.2624,0.171,-0.072,0.382,52.23,0.414,0.44,4018,4248,-0.418668,0.080744,H5N2,Avian
760,A/duck/Hubei/xn/2007|EPI_ISL_155694,A/duck/Hubei/xn/2007|EPI_,0.3044,0.2699,0.4172,0.2815,0.169,-0.077,0.379,52.72,0.423,0.444,3994,4223,-0.409898,0.082169,H5N1,Avian
761,A/duck/Hunan/1.12_YYGK68H3-OC/2018|EPI_ISL_707489,A/duck/Hunan/1.12_YYGK68H,0.2994,0.2671,0.4269,0.2775,0.165,-0.084,0.374,52.18,0.418,0.444,4002,4232,-0.417958,0.078922,H5N6,Avian
762,A/duck/Hunan/1.12_YYGK72H3-OC/2018|EPI_ISL_707490,A/duck/Hunan/1.12_YYGK72H,0.2994,0.2671,0.4261,0.2787,0.165,-0.084,0.374,52.12,0.419,0.445,4002,4232,-0.417415,0.078922,H5N6,Avian
763,A/duck/Hunan/1.12_YYGK74H3-OC/2018|EPI_ISL_707491,A/duck/Hunan/1.12_YYGK74H,0.294,0.2714,0.4292,0.2776,0.167,-0.077,0.378,52.23,0.421,0.445,4001,4232,-0.410633,0.078922,H5N6,Avian
764,A/duck/Hunan/01.12_YYGK82H3-OC/2018|EPI_ISL_707475,A/duck/Hunan/01.12_YYGK82,0.2943,0.2711,0.4292,0.2776,0.167,-0.076,0.379,52.23,0.421,0.445,4001,4232,-0.410633,0.078922,H5N6,Avian
765,A/duck/Hunan/01.16_YYFQH128-P/2014(Mixed)|EPI_ISL_200262,A/duck/Hunan/01.16_YYFQH1,0.3013,0.2688,0.4254,0.2782,0.163,-0.086,0.373,52.7,0.419,0.443,4014,4244,-0.413996,0.078699,H5N6,Avian
766,A/duck/Hunan/01.16_YYFQH185-P/2014(H5N6)|EPI_ISL_198783,A/duck/Hunan/01.16_YYFQH1,0.3017,0.2687,0.4238,0.2794,0.163,-0.088,0.373,52.61,0.42,0.443,3997,4225,-0.41503,0.07858,H5N6,Avian
767,A/duck/Hunan/01.16_YYFQH299-P/2014(H5N6)|EPI_ISL_198816,A/duck/Hunan/01.16_YYFQH2,0.2981,0.2716,0.421,0.2831,0.164,-0.084,0.374,52.68,0.425,0.445,4005,4234,-0.412282,0.078649,H5N6,Avian
768,A/duck/Hunan/01.16_YYFQH303-P/2014(H5N6)|EPI_ISL_198819,A/duck/Hunan/01.16_YYFQH3,0.2991,0.2708,0.4223,0.2815,0.164,-0.086,0.373,52.65,0.423,0.445,3997,4225,-0.417255,0.07858,H5N6,Avian
769,A/duck/Hunan/01.16_YYFQH304-P/2014(H5N6)|EPI_ISL_198820,A/duck/Hunan/01.16_YYFQH3,0.2992,0.27,0.4237,0.2806,0.163,-0.087,0.373,52.66,0.422,0.444,4006,4235,-0.417922,0.078394,H5N6,Avian
770,A/duck/Hunan/01.16_YYFQH305-P/2014(H5N6)|EPI_ISL_198821,A/duck/Hunan/01.16_YYFQH3,0.2993,0.271,0.4219,0.2811,0.164,-0.086,0.373,52.65,0.423,0.445,4005,4234,-0.4141,0.078649,H5N6,Avian
771,A/duck/Hunan/01.16_YYFQH306-P/2014(H5N6)|EPI_ISL_198822,A/duck/Hunan/01.16_YYFQH3,0.2996,0.2707,0.4222,0.2808,0.164,-0.086,0.373,52.66,0.422,0.445,4005,4234,-0.4141,0.078649,H5N6,Avian
772,A/duck/Hunan/01.16_YYFQH309-P/2014(H5N6)|EPI_ISL_198825,A/duck/Hunan/01.16_YYFQH3,0.2993,0.271,0.422,0.2813,0.164,-0.086,0.374,52.69,0.423,0.445,4005,4234,-0.414667,0.078649,H5N6,Avian
773,A/duck/Hunan/01.16_YYFQH317-P/2014(H5N6)|EPI_ISL_198829,A/duck/Hunan/01.16_YYFQH3,0.2993,0.271,0.4223,0.281,0.164,-0.086,0.373,52.65,0.423,0.444,4005,4234,-0.414667,0.078649,H5N6,Avian
774,A/duck/Hunan/01.16_YYFQH319-P/2014(H5N6)|EPI_ISL_198831,A/duck/Hunan/01.16_YYFQH3,0.2989,0.2703,0.4238,0.2808,0.163,-0.086,0.373,52.66,0.422,0.444,4006,4235,-0.418489,0.078394,H5N6,Avian
775,A/duck/Hunan/01.16_YYGK218-P/2014(H5N6)|EPI_ISL_198785,A/duck/Hunan/01.16_YYGK21,0.2993,0.271,0.4219,0.2811,0.164,-0.086,0.373,52.69,0.423,0.445,4005,4234,-0.41351,0.078649,H5N6,Avian
776,A/duck/Hunan/1.17_YYGKK80-OC/2017|EPI_ISL_707493,A/duck/Hunan/1.17_YYGKK80,0.2974,0.2664,0.4389,0.2673,0.164,-0.085,0.373,51.74,0.411,0.442,3997,4232,-0.420109,0.078922,H5N6,Avian
777,A/duck/Hunan/01.21_YYFQH009-O/2015(H5N6)|EPI_ISL_199083,A/duck/Hunan/01.21_YYFQH0,0.3019,0.2693,0.4216,0.282,0.165,-0.084,0.375,52.76,0.422,0.444,4013,4244,-0.411381,0.078464,H5N6,Avian
778,A/duck/Hunan/01.21_YYFQH019-P/2015(H5N6)|EPI_ISL_199056,A/duck/Hunan/01.21_YYFQH0,0.298,0.2714,0.4219,0.2819,0.165,-0.083,0.375,52.29,0.424,0.445,3999,4230,-0.415887,0.07896,H5N6,Avian
779,A/duck/Hunan/01.21_YYFQH024-P/2015(H5N6)|EPI_ISL_199065,A/duck/Hunan/01.21_YYFQH0,0.3018,0.2691,0.4215,0.2822,0.166,-0.085,0.374,52.57,0.422,0.444,4003,4234,-0.40829,0.078649,H5N6,Avian
780,A/duck/Hunan/01.21_YYFQH025-P/2015(H5N6)|EPI_ISL_199066,A/duck/Hunan/01.21_YYFQH0,0.303,0.2684,0.4221,0.2815,0.166,-0.083,0.375,52.88,0.42,0.443,3991,4220,-0.410877,0.07891,H5N6,Avian
781,A/duck/Hunan/01.21_YYFQH030-O/2015(H5N6)|EPI_ISL_199070,A/duck/Hunan/01.21_YYFQH0,0.3019,0.2692,0.4227,0.2808,0.165,-0.086,0.374,52.72,0.421,0.444,3996,4225,-0.413302,0.07858,H5N6,Avian
782,A/duck/Hunan/2.06_YYGK77J3-OC/2018|EPI_ISL_707523,A/duck/Hunan/2.06_YYGK77J,0.2939,0.2726,0.4272,0.2777,0.165,-0.085,0.373,51.77,0.423,0.445,4002,4232,-0.410326,0.078922,H5N6,Avian
783,A/duck/Hunan/2.06_YYGK78J3-OC/2018|EPI_ISL_707524,A/duck/Hunan/2.06_YYGK78J,0.2988,0.2681,0.4314,0.2727,0.165,-0.085,0.374,52.06,0.415,0.443,4011,4243,-0.415107,0.078954,H5N6,Avian
784,A/duck/Hunan/2.06_YYGK84J3-OC/2018|EPI_ISL_707525,A/duck/Hunan/2.06_YYGK84J,0.2932,0.2725,0.427,0.278,0.164,-0.086,0.373,51.8,0.423,0.446,4001,4231,-0.409927,0.078941,H5N6,Avian
785,A/duck/Hunan/2.06_YYGK92J3-OC/2018|EPI_ISL_707527,A/duck/Hunan/2.06_YYGK92J,0.2932,0.2728,0.427,0.278,0.165,-0.085,0.373,51.82,0.423,0.445,4002,4232,-0.410515,0.078922,H5N6,Avian
786,A/duck/Hunan/02.07__YYFQHY12Y-O/2015(H5N6)|EPI_ISL_199049,A/duck/Hunan/02.07__YYFQH,0.3017,0.2673,0.4271,0.2785,0.165,-0.086,0.373,52.73,0.417,0.442,4012,4244,-0.414255,0.078464,H5N6,Avian
787,A/duck/Hunan/02.07__YYFQHY20Y-O/2015(H5N6)|EPI_ISL_199058,A/duck/Hunan/02.07__YYFQH,0.3014,0.2685,0.4249,0.28,0.165,-0.085,0.374,52.79,0.419,0.443,4012,4244,-0.412323,0.078464,H5N6,Avian
788,A/duck/Hunan/02.07_YYFQH026-O/2015(H5N6)|EPI_ISL_199067,A/duck/Hunan/02.07_YYFQH0,0.2979,0.2709,0.4224,0.2819,0.165,-0.085,0.374,52.22,0.424,0.445,3996,4226,-0.415665,0.078798,H5N6,Avian
789,A/duck/Hunan/02.07_YYFQH029-O/2015(H5N6)|EPI_ISL_199069,A/duck/Hunan/02.07_YYFQH0,0.3018,0.2684,0.4234,0.2812,0.165,-0.086,0.373,52.76,0.42,0.443,3995,4225,-0.413657,0.07858,H5N6,Avian
790,A/duck/Hunan/02.07_YYFQH032-O/2015(H5N6)|EPI_ISL_199072,A/duck/Hunan/02.07_YYFQH0,0.2977,0.2705,0.4234,0.2816,0.164,-0.085,0.374,52.17,0.423,0.445,4004,4235,-0.417899,0.07863,H5N6,Avian
791,A/duck/Hunan/02.16_YYGK281-P/2014(H5N6)|EPI_ISL_198805,A/duck/Hunan/02.16_YYGK28,0.299,0.27,0.4231,0.2807,0.163,-0.087,0.373,52.67,0.422,0.445,3996,4224,-0.417022,0.078125,H5N6,Avian
792,A/duck/Hunan/02.26__YYFQH293-P/2014(H5N6)|EPI_ISL_198811,A/duck/Hunan/02.26__YYFQH,0.299,0.271,0.4225,0.2808,0.164,-0.086,0.373,52.64,0.423,0.445,4005,4234,-0.413581,0.078649,H5N6,Avian
793,A/duck/Hunan/02.26__YYFQH320-P/2014(H5N6)|EPI_ISL_198832,A/duck/Hunan/02.26__YYFQH,0.2994,0.2713,0.421,0.2816,0.164,-0.085,0.374,52.76,0.424,0.445,3992,4220,-0.413554,0.07891,H5N6,Avian
794,A/duck/Hunan/02.26__YYGK251-P/2014(H5N6)|EPI_ISL_198792,A/duck/Hunan/02.26__YYGK2,0.2994,0.2713,0.4211,0.2818,0.164,-0.084,0.374,52.73,0.424,0.445,3992,4220,-0.415806,0.07891,H5N6,Avian
795,A/duck/Hunan/02.26__YYGK0255-P/2014(H5N6)|EPI_ISL_198794,A/duck/Hunan/02.26__YYGK0,0.2999,0.2704,0.4228,0.2802,0.163,-0.087,0.373,52.74,0.422,0.444,4014,4244,-0.414703,0.078464,H5N6,Avian
796,A/duck/Hunan/02.26_YYFQH290-P/2014(H5N6)|EPI_ISL_198809,A/duck/Hunan/02.26_YYFQH2,0.3023,0.2696,0.4226,0.279,0.164,-0.085,0.374,52.69,0.42,0.444,3992,4220,-0.412939,0.07891,H5N6,Avian
797,A/duck/Hunan/02.26_YYFQH294-P/2014(H5N6)|EPI_ISL_198812,A/duck/Hunan/02.26_YYFQH2,0.2991,0.2708,0.4223,0.2815,0.164,-0.086,0.373,52.65,0.423,0.445,3997,4225,-0.417255,0.07858,H5N6,Avian
798,A/duck/Hunan/02.26_YYFQH308-P/2014(H5N6)|EPI_ISL_198824,A/duck/Hunan/02.26_YYFQH3,0.2993,0.271,0.422,0.2812,0.164,-0.085,0.374,52.68,0.423,0.445,4005,4234,-0.41599,0.078649,H5N6,Avian
799,A/duck/Hunan/02.26_YYFQHY291-P/2014(H5N6)|EPI_ISL_198810,A/duck/Hunan/02.26_YYFQHY,0.3026,0.2685,0.4222,0.2816,0.166,-0.084,0.375,52.87,0.421,0.443,3982,4211,-0.415578,0.078841,H5N6,Avian
800,A/duck/Hunan/02.26_YYGK250-P/2014(H5N6)|EPI_ISL_198791,A/duck/Hunan/02.26_YYGK25,0.3034,0.2677,0.4244,0.278,0.163,-0.089,0.372,52.63,0.418,0.443,3998,4225,-0.418035,0.078817,H5N6,Avian
801,A/duck/Hunan/02.26_YYGK254-P/2014(H5N6)|EPI_ISL_198793,A/duck/Hunan/02.26_YYGK25,0.3,0.2708,0.4221,0.2808,0.163,-0.088,0.372,52.68,0.422,0.445,4010,4241,-0.418557,0.078519,H5N6,Avian
802,A/duck/Hunan/02.26_YYGK263-P/2014(H5N6)|EPI_ISL_198795,A/duck/Hunan/02.26_YYGK26,0.3032,0.2687,0.4239,0.278,0.164,-0.087,0.373,52.68,0.418,0.443,4005,4234,-0.413085,0.078885,H5N6,Avian
803,A/duck/Hunan/02.26_YYGK267-P/2014(H5N6)|EPI_ISL_198801,A/duck/Hunan/02.26_YYGK26,0.3036,0.2679,0.4239,0.2785,0.163,-0.088,0.373,52.63,0.418,0.443,3997,4225,-0.415669,0.078817,H5N6,Avian
804,A/duck/Hunan/02.26_YYGK271-P/2014(H5N6)|EPI_ISL_198802,A/duck/Hunan/02.26_YYGK27,0.3028,0.269,0.4239,0.278,0.164,-0.087,0.373,52.7,0.419,0.443,4005,4234,-0.412329,0.078885,H5N6,Avian
805,A/duck/Hunan/02.26_YYGK276-P/2014(H5N6)|EPI_ISL_198804,A/duck/Hunan/02.26_YYGK27,0.3029,0.2682,0.4254,0.2773,0.163,-0.087,0.373,52.69,0.418,0.442,4014,4244,-0.414326,0.078699,H5N6,Avian
806,A/duck/Hunan/02.26_YYGKY298-P/2014(H5N6)|EPI_ISL_198815,A/duck/Hunan/02.26_YYGKY2,0.299,0.271,0.4223,0.2813,0.164,-0.086,0.374,52.67,0.423,0.445,4005,4234,-0.414147,0.078649,H5N6,Avian
807,A/duck/Hunan/02.26_YYGQH295-P/2014(H5N6)|EPI_ISL_198813,A/duck/Hunan/02.26_YYGQH2,0.2991,0.2708,0.4223,0.2815,0.163,-0.087,0.373,52.65,0.423,0.445,3997,4225,-0.417255,0.07858,H5N6,Avian
808,A/duck/Hunan/03.07_YYGK1L3-OC/2018|EPI_ISL_697879,A/duck/Hunan/03.07_YYGK1L,0.3042,0.2734,0.4313,0.2649,0.171,-0.066,0.385,52.27,0.413,0.439,3990,4215,-0.408659,0.083511,H5N1,Avian
809,A/duck/Hunan/03.07_YYGK4L3-OC/2018|EPI_ISL_707477,A/duck/Hunan/03.07_YYGK4L,0.2955,0.2693,0.4363,0.2708,0.165,-0.082,0.375,51.82,0.415,0.443,3999,4233,-0.421592,0.078668,H5N6,Avian
810,A/duck/Hunan/03.07_YYGK25L3-OC/2018|EPI_ISL_696689,A/duck/Hunan/03.07_YYGK25,0.293,0.2728,0.4275,0.2776,0.165,-0.086,0.373,51.71,0.423,0.445,3983,4211,-0.413346,0.078841,H5N6,Avian
811,A/duck/Hunan/03.07_YYGK31L3-OC/2018|EPI_ISL_696764,A/duck/Hunan/03.07_YYGK31,0.3094,0.2668,0.4205,0.2744,0.166,-0.078,0.378,52.07,0.415,0.442,4002,4230,-0.409527,0.079669,H5N6,Avian
812,A/duck/Hunan/03.09_YYFQH0036-P/2015(Mixed)|EPI_ISL_200279,A/duck/Hunan/03.09_YYFQH0,0.2906,0.2777,0.4203,0.2863,0.167,-0.075,0.38,52.61,0.432,0.446,3986,4213,-0.417683,0.078329,H5N6,Avian
813,A/duck/Hunan/03.09_YYFQH0046-O/2015(Mixed)|EPI_ISL_200280,A/duck/Hunan/03.09_YYFQH0,0.2975,0.2683,0.4272,0.2783,0.165,-0.084,0.374,51.91,0.42,0.444,4000,4234,-0.421139,0.078885,H5N6,Avian
814,A/duck/Hunan/03.09_YYFQH0047-O/2015(H5N6)|EPI_ISL_199051,A/duck/Hunan/03.09_YYFQH0,0.3007,0.2706,0.4233,0.2783,0.165,-0.086,0.373,52.41,0.421,0.444,3973,4202,-0.413184,0.079724,H5N6,Avian
815,A/duck/Hunan/03.24_YYGK18M2-O/2017|EPI_ISL_707480,A/duck/Hunan/03.24_YYGK18,0.299,0.2652,0.4328,0.2743,0.164,-0.09,0.37,51.99,0.414,0.443,3998,4232,-0.419116,0.078686,H5N6,Avian
816,A/duck/Hunan/03.24_YYGK21M2-O/2017|EPI_ISL_707481,A/duck/Hunan/03.24_YYGK21,0.2991,0.2653,0.4327,0.2742,0.164,-0.09,0.37,51.99,0.414,0.443,3998,4232,-0.418738,0.078922,H5N6,Avian
817,A/duck/Hunan/03.24_YYGK174M2-C/2017|EPI_ISL_707478,A/duck/Hunan/03.24_YYGK17,0.299,0.2652,0.4333,0.2739,0.164,-0.09,0.37,51.97,0.414,0.443,3999,4232,-0.418785,0.078922,H5N6,Avian
818,A/duck/Hunan/03.24_YYGK178M2-C/2017|EPI_ISL_707479,A/duck/Hunan/03.24_YYGK17,0.2988,0.2659,0.4327,0.2738,0.164,-0.09,0.37,52.02,0.414,0.443,3998,4232,-0.418738,0.078922,H5N6,Avian
819,A/duck/Hunan/04.14_YYGK067-O/2015(Mixed)|EPI_ISL_200287,A/duck/Hunan/04.14_YYGK06,0.3023,0.2702,0.422,0.28,0.165,-0.086,0.373,52.7,0.421,0.443,3988,4217,-0.413042,0.078966,H5N6,Avian
820,A/duck/Hunan/04.14_YYGK0439-Z-P/2015(Mixed)|EPI_ISL_200264,A/duck/Hunan/04.14_YYGK04,0.3026,0.2682,0.4255,0.2782,0.165,-0.08,0.377,52.82,0.418,0.443,3902,4128,-0.423207,0.078246,H5N6,Avian
821,A/duck/Hunan/04.14_YYGK451-1-O/2015(Mixed)|EPI_ISL_200285,A/duck/Hunan/04.14_YYGK45,0.3027,0.2695,0.4221,0.2805,0.165,-0.085,0.374,52.72,0.421,0.443,4007,4235,-0.414427,0.078394,H5N6,Avian
822,A/duck/Hunan/04.14_YYGK460-O/2015(H5N6)|EPI_ISL_199119,A/duck/Hunan/04.14_YYGK46,0.3031,0.2707,0.421,0.2799,0.166,-0.08,0.377,52.86,0.421,0.444,4001,4230,-0.41104,0.078723,H5N6,Avian
823,A/duck/Hunan/04.14_YYGK464-O/2015(H5N6)|EPI_ISL_199120,A/duck/Hunan/04.14_YYGK46,0.3025,0.2693,0.4239,0.2788,0.164,-0.088,0.372,52.61,0.419,0.443,4001,4231,-0.41255,0.078705,H5N6,Avian
824,A/duck/Hunan/04.14_YYGK468-O/2015(H5N6)|EPI_ISL_199122,A/duck/Hunan/04.14_YYGK46,0.302,0.2705,0.422,0.28,0.165,-0.085,0.374,52.7,0.421,0.443,3988,4217,-0.413042,0.078966,H5N6,Avian
825,A/duck/Hunan/04.14_YYGK472-O/2015(Mixed)|EPI_ISL_200288,A/duck/Hunan/04.14_YYGK47,0.3023,0.2702,0.4227,0.2793,0.164,-0.086,0.373,52.69,0.421,0.443,3988,4217,-0.413042,0.078966,H5N6,Avian
826,A/duck/Hunan/04.14_YYGK0878-P/2015(H5N6)|EPI_ISL_199138,A/duck/Hunan/04.14_YYGK08,0.3024,0.2709,0.4209,0.2806,0.166,-0.081,0.376,52.84,0.422,0.444,4002,4230,-0.412246,0.078723,H5N6,Avian
827,A/duck/Hunan/04.14_YYXS877-P/2015(H5N6)|EPI_ISL_199137,A/duck/Hunan/04.14_YYXS87,0.3024,0.2709,0.4209,0.2806,0.166,-0.081,0.376,52.84,0.422,0.444,4002,4230,-0.412246,0.078723,H5N6,Avian
828,A/duck/Hunan/04.22_LDDX037-P/2015(H5N6)|EPI_ISL_199038,A/duck/Hunan/04.22_LDDX03,0.2951,0.2704,0.4283,0.2784,0.165,-0.081,0.376,51.87,0.421,0.445,4000,4233,-0.418285,0.078904,H5N6,Avian
829,A/duck/Hunan/7.21_YYGK41Y1-C/2016|EPI_ISL_696707,A/duck/Hunan/7.21_YYGK41Y,0.2919,0.2702,0.4328,0.2759,0.165,-0.081,0.376,52.07,0.42,0.445,3992,4224,-0.419934,0.078835,H5N6,Avian
830,A/duck/Hunan/11.30_YYGK59E3-OC/2017|EPI_ISL_707500,A/duck/Hunan/11.30_YYGK59,0.2954,0.2689,0.4308,0.2762,0.166,-0.08,0.377,51.8,0.419,0.444,4000,4232,-0.420865,0.078922,H5N6,Avian
831,A/duck/Hunan/11.30_YYGK62E3-OC/2017|EPI_ISL_707501,A/duck/Hunan/11.30_YYGK62,0.2967,0.2693,0.4273,0.2784,0.164,-0.088,0.372,52.03,0.42,0.445,4000,4232,-0.408578,0.078922,H5N6,Avian
832,A/duck/Hunan/11.30_YYGK63E3-OC/2017|EPI_ISL_707502,A/duck/Hunan/11.30_YYGK63,0.2971,0.269,0.4273,0.278,0.165,-0.087,0.372,52.04,0.42,0.445,3999,4232,-0.408719,0.078922,H5N6,Avian
833,A/duck/Hunan/11.30_YYGK74E3-OC/2017|EPI_ISL_707503,A/duck/Hunan/11.30_YYGK74,0.3023,0.2708,0.4124,0.2831,0.169,-0.066,0.384,53.14,0.427,0.447,4019,4249,-0.401059,0.081666,H5N8,Avian
834,A/duck/Hunan/11.30_YYGK75E3-OC/2017|EPI_ISL_696740,A/duck/Hunan/11.30_YYGK75,0.2852,0.2782,0.4197,0.2881,0.168,-0.067,0.384,52.53,0.435,0.449,4000,4227,-0.4141,0.079252,H5N6,Avian
835,A/duck/Hunan/12.07__YYGK44-P/2013(Mixed)|EPI_ISL_200375,A/duck/Hunan/12.07__YYGK4,0.3086,0.2709,0.4179,0.2753,0.168,-0.077,0.379,53.06,0.419,0.443,3969,4196,-0.420782,0.082221,H5N1,Avian
836,A/duck/Hunan/12.07__YYGK97-P/2013(H5N1)|EPI_ISL_198776,A/duck/Hunan/12.07__YYGK9,0.3046,0.2724,0.4155,0.2813,0.167,-0.08,0.377,53.18,0.424,0.445,3976,4201,-0.424304,0.082361,H5N1,Avian
837,A/duck/Hunan/12.07__YYGK110-P/2013(H5N6)|EPI_ISL_198766,A/duck/Hunan/12.07__YYGK1,0.2989,0.2696,0.4225,0.282,0.164,-0.087,0.372,52.39,0.423,0.445,3993,4223,-0.411224,0.079091,H5N6,Avian
838,A/duck/Hunan/12.07__YYGK111-P/2013(H5N6)|EPI_ISL_198767,A/duck/Hunan/12.07__YYGK1,0.297,0.2695,0.4238,0.2826,0.162,-0.088,0.371,52.35,0.423,0.445,3993,4223,-0.412503,0.079091,H5N6,Avian
839,A/duck/Hunan/12.07__YYGK118-P/2013(H5N6)|EPI_ISL_198770,A/duck/Hunan/12.07__YYGK1,0.3016,0.2701,0.4221,0.2802,0.164,-0.087,0.373,52.72,0.421,0.443,3992,4220,-0.410403,0.079147,H5N6,Avian
840,A/duck/Hunan/12.07_YGK098-P/2013(H5N6)|EPI_ISL_198777,A/duck/Hunan/12.07_YGK098,0.298,0.2691,0.4237,0.2825,0.164,-0.088,0.371,52.41,0.423,0.445,4002,4233,-0.411883,0.078904,H5N6,Avian
841,A/duck/Hunan/12.07_YYGK007-P/2013(H5N1)|EPI_ISL_198774,A/duck/Hunan/12.07_YYGK00,0.3048,0.2716,0.4161,0.2812,0.167,-0.081,0.376,53.16,0.423,0.444,3996,4223,-0.415913,0.081932,H5N1,Avian
842,A/duck/Hunan/12.07_YYGK032-P/2013(H5N6)|EPI_ISL_198771,A/duck/Hunan/12.07_YYGK03,0.3011,0.2688,0.4242,0.28,0.164,-0.084,0.375,52.66,0.42,0.443,4006,4235,-0.416859,0.078394,H5N6,Avian
843,A/duck/Hunan/12.07_YYGK68-P/2013(H5N6)|EPI_ISL_198773,A/duck/Hunan/12.07_YYGK68,0.3024,0.2674,0.4253,0.2787,0.164,-0.086,0.373,52.58,0.418,0.443,4006,4235,-0.416269,0.07863,H5N6,Avian
844,A/duck/Hunan/12.07_YYGK100-P/2013(H5N1)|EPI_ISL_198764,A/duck/Hunan/12.07_YYGK10,0.3093,0.2702,0.4167,0.2759,0.169,-0.073,0.381,53.22,0.419,0.444,3986,4213,-0.416592,0.081889,H5N1,Avian
845,A/duck/Hunan/12.07_YYGK108-P/2013(H5N6)|EPI_ISL_198765,A/duck/Hunan/12.07_YYGK10,0.2985,0.2684,0.4249,0.2808,0.163,-0.09,0.37,52.32,0.421,0.445,4002,4233,-0.417198,0.078904,H5N6,Avian
846,A/duck/Hunan/12.07_YYGK113-P/2013(H5N6)|EPI_ISL_198769,A/duck/Hunan/12.07_YYGK11,0.2995,0.2669,0.4249,0.2816,0.162,-0.091,0.37,52.34,0.42,0.444,4002,4233,-0.416064,0.078904,H5N6,Avian
847,A/duck/Hunan/12.17__YYFQH0046-1-O/2014(Mixed)|EPI_ISL_200265,A/duck/Hunan/12.17__YYFQH,0.2961,0.2699,0.4289,0.2774,0.165,-0.084,0.374,51.83,0.42,0.444,4001,4234,-0.42017,0.078885,H5N6,Avian
848,A/duck/Hunan/12.17__YYFQH0072-O/2014(Mixed)|EPI_ISL_200268,A/duck/Hunan/12.17__YYFQH,0.2967,0.2693,0.4288,0.2775,0.165,-0.084,0.374,51.79,0.419,0.444,4000,4233,-0.419442,0.078904,H5N6,Avian
849,A/duck/Hunan/12.17__YYGK0066-P/2014(H5N6)|EPI_ISL_198911,A/duck/Hunan/12.17__YYGK0,0.3001,0.2706,0.4259,0.2777,0.165,-0.083,0.375,52.77,0.42,0.443,4013,4244,-0.41442,0.078464,H5N6,Avian
850,A/duck/Hunan/12.17_YYGK014/2014(H5N6)|EPI_ISL_198833,A/duck/Hunan/12.17_YYGK01,0.3035,0.2686,0.421,0.2805,0.165,-0.087,0.373,52.78,0.421,0.444,3995,4225,-0.414722,0.07858,H5N6,Avian
851,A/duck/Hunan/12.17_YYGK040/2014(H5N6)|EPI_ISL_198857,A/duck/Hunan/12.17_YYGK04,0.3042,0.2676,0.4239,0.2779,0.164,-0.09,0.371,52.84,0.418,0.443,4003,4235,-0.416812,0.078394,H5N6,Avian
852,A/duck/Hunan/12.17_YYGK056/2014(H5N6)|EPI_ISL_198862,A/duck/Hunan/12.17_YYGK05,0.2993,0.2713,0.4229,0.2791,0.164,-0.09,0.37,52.37,0.422,0.445,3963,4193,-0.420081,0.079418,H5N6,Avian
853,A/duck/Hunan/12.17_YYGK0056/2014(H5N6)|EPI_ISL_198909,A/duck/Hunan/12.17_YYGK00,0.3018,0.2683,0.4245,0.2804,0.165,-0.085,0.374,52.8,0.419,0.443,4012,4244,-0.412182,0.078464,H5N6,Avian
854,A/duck/Hunan/12.17_YYGK0057/2014(H5N6)|EPI_ISL_198863,A/duck/Hunan/12.17_YYGK00,0.3047,0.2684,0.4221,0.2784,0.165,-0.089,0.372,52.87,0.419,0.443,4002,4234,-0.412022,0.078649,H5N6,Avian
855,A/duck/Hunan/12.17_YYGK0063-O/2014(H5N6)|EPI_ISL_198908,A/duck/Hunan/12.17_YYGK00,0.2967,0.2693,0.4286,0.2778,0.165,-0.084,0.374,51.8,0.42,0.444,4001,4234,-0.42017,0.078885,H5N6,Avian
856,A/duck/Hunan/12.17_YYGK079-1/2014(H5N6)|EPI_ISL_198873,A/duck/Hunan/12.17_YYGK07,0.3028,0.2683,0.4251,0.2778,0.165,-0.083,0.375,52.78,0.418,0.443,4005,4235,-0.416009,0.078394,H5N6,Avian
857,A/duck/Hunan/12.17_YYGK082/2014(H5N6)|EPI_ISL_198876,A/duck/Hunan/12.17_YYGK08,0.2996,0.271,0.4222,0.2802,0.164,-0.088,0.372,52.35,0.423,0.445,3964,4193,-0.417553,0.079657,H5N6,Avian
858,A/duck/Hunan/12.27_YYGK60J2-C/2016|EPI_ISL_707506,A/duck/Hunan/12.27_YYGK60,0.2982,0.2687,0.4366,0.2669,0.166,-0.08,0.376,51.87,0.412,0.442,3999,4233,-0.414718,0.07914,H5N6,Avian
859,A/duck/Hunan/12.27_YYGK71J2-O/2016|EPI_ISL_707507,A/duck/Hunan/12.27_YYGK71,0.2969,0.2674,0.4388,0.2669,0.165,-0.083,0.374,51.73,0.411,0.442,3997,4232,-0.41836,0.078922,H5N6,Avian
860,A/duck/Hunan/12.27_YYGK73J2-O/2016|EPI_ISL_707508,A/duck/Hunan/12.27_YYGK73,0.2982,0.2684,0.4369,0.2669,0.166,-0.08,0.376,51.8,0.412,0.442,3999,4233,-0.414529,0.07914,H5N6,Avian
861,A/duck/Hunan/12.27_YYGK81J2-O/2016|EPI_ISL_707510,A/duck/Hunan/12.27_YYGK81,0.2969,0.2674,0.4388,0.2671,0.165,-0.083,0.374,51.74,0.411,0.442,3997,4232,-0.416966,0.078922,H5N6,Avian
862,A/duck/Hunan/12.27_YYGK86J2-C/2016|EPI_ISL_707512,A/duck/Hunan/12.27_YYGK86,0.2979,0.2687,0.4371,0.2665,0.166,-0.08,0.376,51.87,0.412,0.442,3999,4233,-0.414482,0.078904,H5N6,Avian
863,A/duck/Hunan/12.27_YYGK89J2-O/2016|EPI_ISL_707515,A/duck/Hunan/12.27_YYGK89,0.2966,0.2677,0.4388,0.267,0.165,-0.083,0.375,51.75,0.411,0.442,3997,4232,-0.418195,0.078922,H5N6,Avian
864,A/duck/Hunan/12.27_YYGK91J2-O/2016|EPI_ISL_707516,A/duck/Hunan/12.27_YYGK91,0.2969,0.2674,0.4388,0.2669,0.165,-0.083,0.374,51.74,0.411,0.442,3997,4232,-0.41836,0.078922,H5N6,Avian
865,A/duck/Hunan/12.27_YYGK93J2-O/2016|EPI_ISL_707517,A/duck/Hunan/12.27_YYGK93,0.2966,0.2677,0.4388,0.267,0.165,-0.083,0.375,51.75,0.411,0.442,3997,4232,-0.418195,0.078922,H5N6,Avian
866,A/duck/Hunan/12.27_YYGK95J2-O/2016|EPI_ISL_707519,A/duck/Hunan/12.27_YYGK95,0.2966,0.2674,0.4391,0.2669,0.165,-0.083,0.374,51.72,0.411,0.442,3997,4232,-0.41836,0.078922,H5N6,Avian
867,A/duck/Hunan/12.27_YYGK96J2-O/2016|EPI_ISL_707520,A/duck/Hunan/12.27_YYGK96,0.2966,0.2677,0.4388,0.2669,0.165,-0.083,0.374,51.75,0.411,0.442,3997,4232,-0.41784,0.079159,H5N6,Avian
868,A/duck/Hunan/12.27_YYGK97J2-O/2016|EPI_ISL_707521,A/duck/Hunan/12.27_YYGK97,0.2969,0.2674,0.4391,0.2666,0.165,-0.083,0.374,51.74,0.411,0.442,3997,4232,-0.41836,0.078922,H5N6,Avian
869,A/duck/Hunan/12.27_YYGK100J2-C/2016|EPI_ISL_707504,A/duck/Hunan/12.27_YYGK10,0.2966,0.2677,0.4391,0.2666,0.165,-0.083,0.375,51.74,0.411,0.442,3997,4232,-0.41836,0.078922,H5N6,Avian
870,A/duck/Hunan/193/2014|EPI_ISL_255492,A/duck/Hunan/193/2014|EPI,0.2971,0.2703,0.4216,0.283,0.162,-0.09,0.37,52.48,0.425,0.446,4004,4233,-0.416702,0.078668,H5N6,Avian
871,A/duck/Hunan/233/2014|EPI_ISL_255493,A/duck/Hunan/233/2014|EPI,0.3002,0.2677,0.4273,0.2766,0.164,-0.09,0.37,52.2,0.418,0.443,4002,4233,-0.409686,0.078904,H5N6,Avian
872,A/duck/Hunan/316/2005|EPI_ISL_181276,A/duck/Hunan/316/2005|EPI,0.312,0.2655,0.4174,0.2779,0.17,-0.078,0.379,52.73,0.416,0.442,3991,4223,-0.410727,0.081459,H5N1,Avian
873,A/duck/Hunan/689/2006|EPI_ISL_29174,A/duck/Hunan/689/2006|EPI,0.3085,0.2693,0.4059,0.2895,0.169,-0.073,0.381,52.99,0.428,0.446,3990,4223,-0.416908,0.081932,H5N1,Avian
874,A/duck/Hunan/3315/2006|EPI_ISL_29188,A/duck/Hunan/3315/2006|EP,0.3086,0.2694,0.4105,0.2836,0.17,-0.073,0.381,53.17,0.424,0.445,3988,4223,-0.408738,0.081695,H5N1,Avian
875,A/duck/Hunan/HN05/2014|EPI_ISL_255509,A/duck/Hunan/HN05/2014|EP,0.2976,0.2696,0.423,0.2821,0.163,-0.089,0.371,52.4,0.423,0.446,4001,4233,-0.413348,0.078904,H5N6,Avian
876,A/duck/Hunan/HN13/2015|EPI_ISL_255529,A/duck/Hunan/HN13/2015|EP,0.299,0.2711,0.4224,0.28,0.164,-0.09,0.37,52.39,0.423,0.445,4021,4253,-0.409922,0.079003,H5N6,Avian
877,A/duck/Hunan/HN16/2015|EPI_ISL_255530,A/duck/Hunan/HN16/2015|EP,0.2983,0.2691,0.4245,0.2804,0.162,-0.092,0.369,52.44,0.421,0.445,4001,4233,-0.410773,0.078904,H5N6,Avian
878,A/duck/Hunan/HN29/2015|EPI_ISL_255755,A/duck/Hunan/HN29/2015|EP,0.2984,0.2689,0.4223,0.2829,0.161,-0.095,0.367,52.54,0.423,0.446,4003,4233,-0.416135,0.078904,H5N6,Avian
879,A/duck/Hunan/HN42/2015|EPI_ISL_255764,A/duck/Hunan/HN42/2015|EP,0.3015,0.2677,0.428,0.2753,0.164,-0.09,0.37,52.27,0.416,0.442,4002,4233,-0.408623,0.078668,H5N6,Avian
880,A/duck/Hunan/HN45/2015|EPI_ISL_255765,A/duck/Hunan/HN45/2015|EP,0.2983,0.2691,0.422,0.2829,0.161,-0.094,0.368,52.55,0.423,0.446,4003,4233,-0.416584,0.078904,H5N6,Avian
881,A/duck/Hunan/HN53/2015|EPI_ISL_255766,A/duck/Hunan/HN53/2015|EP,0.2978,0.2698,0.4214,0.2836,0.162,-0.094,0.368,52.52,0.424,0.446,4003,4233,-0.416537,0.078904,H5N6,Avian
882,A/duck/Hunan/HN54/2015|EPI_ISL_255768,A/duck/Hunan/HN54/2015|EP,0.298,0.2694,0.4236,0.2811,0.161,-0.093,0.368,52.52,0.422,0.446,4003,4233,-0.416773,0.078904,H5N6,Avian
883,A/duck/Hunan/HN59/2015|EPI_ISL_255769,A/duck/Hunan/HN59/2015|EP,0.2985,0.2687,0.422,0.283,0.161,-0.094,0.368,52.55,0.423,0.446,4003,4233,-0.414623,0.078904,H5N6,Avian
884,A/duck/Hunan/HN60/2015|EPI_ISL_255770,A/duck/Hunan/HN60/2015|EP,0.2986,0.2688,0.4219,0.2833,0.161,-0.095,0.367,52.51,0.423,0.446,4004,4233,-0.415663,0.078904,H5N6,Avian
885,A/duck/Hunan/HN61/2015|EPI_ISL_255771,A/duck/Hunan/HN61/2015|EP,0.2989,0.2685,0.4218,0.283,0.161,-0.095,0.368,52.53,0.423,0.446,4002,4233,-0.417269,0.078904,H5N6,Avian
886,A/duck/Hunan/HN64/2015|EPI_ISL_255772,A/duck/Hunan/HN64/2015|EP,0.298,0.2694,0.4223,0.2825,0.161,-0.094,0.368,52.54,0.423,0.446,4003,4233,-0.416773,0.078904,H5N6,Avian
887,A/duck/Hunan/HN66/2015|EPI_ISL_255773,A/duck/Hunan/HN66/2015|EP,0.2988,0.2684,0.4227,0.2823,0.162,-0.093,0.368,52.5,0.422,0.446,4003,4233,-0.417316,0.078668,H5N6,Avian
888,A/duck/Hunan/HN67/2015|EPI_ISL_255774,A/duck/Hunan/HN67/2015|EP,0.2988,0.2687,0.4216,0.2838,0.161,-0.095,0.367,52.56,0.423,0.445,4003,4233,-0.417435,0.078904,H5N6,Avian
889,A/duck/Hunan/HN71/2015|EPI_ISL_255775,A/duck/Hunan/HN71/2015|EP,0.3016,0.2674,0.4269,0.2766,0.164,-0.09,0.37,52.35,0.417,0.443,4002,4233,-0.409426,0.078904,H5N6,Avian
890,A/duck/Hunan/HN72/2015|EPI_ISL_255816,A/duck/Hunan/HN72/2015|EP,0.2987,0.2689,0.4254,0.2792,0.163,-0.091,0.37,52.41,0.42,0.444,4001,4233,-0.411458,0.078904,H5N6,Avian
891,A/duck/Hunan/HN74/2015|EPI_ISL_255817,A/duck/Hunan/HN74/2015|EP,0.3009,0.2677,0.4285,0.2752,0.164,-0.089,0.371,52.26,0.416,0.442,4002,4233,-0.409521,0.078904,H5N6,Avian
892,A/duck/Hunan/HN76/2015|EPI_ISL_255818,A/duck/Hunan/HN76/2015|EP,0.2986,0.2691,0.4251,0.2792,0.162,-0.091,0.369,52.39,0.421,0.445,4001,4233,-0.411529,0.078904,H5N6,Avian
893,A/duck/Hunan/HN78/2015|EPI_ISL_255819,A/duck/Hunan/HN78/2015|EP,0.2985,0.2687,0.4215,0.2831,0.161,-0.094,0.368,52.53,0.423,0.446,4003,4233,-0.416182,0.078904,H5N6,Avian
894,A/duck/Hunan/HN80/2015|EPI_ISL_255820,A/duck/Hunan/HN80/2015|EP,0.3003,0.2684,0.427,0.277,0.163,-0.09,0.37,52.39,0.418,0.443,4002,4233,-0.410158,0.078904,H5N6,Avian
895,A/duck/Hunan/HN162/2015|EPI_ISL_255534,A/duck/Hunan/HN162/2015|E,0.2944,0.27,0.4271,0.2812,0.165,-0.084,0.374,51.84,0.423,0.445,4000,4233,-0.419679,0.07914,H5N6,Avian
896,A/duck/Hunan/HN163/2015|EPI_ISL_255559,A/duck/Hunan/HN163/2015|E,0.2966,0.2682,0.4298,0.2782,0.165,-0.083,0.375,51.75,0.419,0.444,3998,4233,-0.419395,0.07914,H5N6,Avian
897,A/duck/Hunan/HN167/2015|EPI_ISL_255561,A/duck/Hunan/HN167/2015|E,0.296,0.2689,0.4273,0.2799,0.165,-0.084,0.373,51.84,0.421,0.445,4000,4233,-0.416702,0.078904,H5N6,Avian
898,A/duck/Hunan/HN171/2015|EPI_ISL_255562,A/duck/Hunan/HN171/2015|E,0.2942,0.2699,0.4278,0.2806,0.164,-0.086,0.373,51.78,0.423,0.445,4002,4233,-0.422301,0.078904,H5N6,Avian
899,A/duck/Hunan/HN172/2015|EPI_ISL_255563,A/duck/Hunan/HN172/2015|E,0.2932,0.2712,0.4269,0.2811,0.165,-0.084,0.374,51.75,0.424,0.445,4000,4233,-0.419442,0.078904,H5N6,Avian
900,A/duck/Hunan/HN174/2015|EPI_ISL_255564,A/duck/Hunan/HN174/2015|E,0.2934,0.2708,0.4271,0.281,0.165,-0.084,0.374,51.7,0.424,0.445,4001,4233,-0.417623,0.078904,H5N6,Avian
901,A/duck/Hunan/HN176/2015|EPI_ISL_255587,A/duck/Hunan/HN176/2015|E,0.2967,0.2684,0.4326,0.2738,0.164,-0.089,0.371,51.59,0.416,0.443,4000,4233,-0.418356,0.07914,H5N6,Avian
902,A/duck/Hunan/HN177/2015|EPI_ISL_255592,A/duck/Hunan/HN177/2015|E,0.2938,0.2707,0.4268,0.2812,0.165,-0.084,0.374,51.79,0.424,0.445,3999,4233,-0.419017,0.078904,H5N6,Avian
903,A/duck/Hunan/HN178/2015|EPI_ISL_255597,A/duck/Hunan/HN178/2015|E,0.2944,0.27,0.4273,0.2807,0.164,-0.085,0.373,51.73,0.423,0.445,4000,4233,-0.419442,0.078904,H5N6,Avian
904,A/duck/Hunan/HN182/2015|EPI_ISL_255599,A/duck/Hunan/HN182/2015|E,0.2951,0.2695,0.4271,0.2808,0.164,-0.087,0.372,51.75,0.422,0.445,3999,4233,-0.419395,0.078904,H5N6,Avian
905,A/duck/Hunan/HN183/2015|EPI_ISL_255600,A/duck/Hunan/HN183/2015|E,0.2938,0.2697,0.4281,0.281,0.165,-0.083,0.375,51.8,0.423,0.445,4001,4233,-0.419726,0.07914,H5N6,Avian
906,A/duck/Hunan/HN186/2015|EPI_ISL_255603,A/duck/Hunan/HN186/2015|E,0.2944,0.27,0.4274,0.2807,0.165,-0.084,0.374,51.79,0.423,0.445,4000,4233,-0.41975,0.07914,H5N6,Avian
907,A/duck/Hunan/HN190/2015|EPI_ISL_255605,A/duck/Hunan/HN190/2015|E,0.2935,0.2712,0.4262,0.2813,0.165,-0.084,0.374,51.76,0.424,0.446,4000,4233,-0.418805,0.078904,H5N6,Avian
908,A/duck/Hunan/HN191/2015|EPI_ISL_255607,A/duck/Hunan/HN191/2015|E,0.2946,0.2697,0.4287,0.2795,0.165,-0.085,0.374,51.7,0.421,0.445,3998,4233,-0.418805,0.078904,H5N6,Avian
909,A/duck/Hunan/HN192/2015|EPI_ISL_255609,A/duck/Hunan/HN192/2015|E,0.2938,0.2706,0.4268,0.281,0.164,-0.085,0.373,51.74,0.423,0.445,4000,4233,-0.418805,0.078904,H5N6,Avian
910,A/duck/Hunan/HN194/2015|EPI_ISL_255610,A/duck/Hunan/HN194/2015|E,0.2938,0.2703,0.4274,0.2813,0.164,-0.086,0.373,51.74,0.423,0.445,4000,4233,-0.419395,0.07914,H5N6,Avian
911,A/duck/Hunan/HN195/2015|EPI_ISL_255612,A/duck/Hunan/HN195/2015|E,0.2938,0.2703,0.4269,0.2814,0.164,-0.086,0.373,51.75,0.423,0.445,4000,4233,-0.419442,0.078904,H5N6,Avian
912,A/duck/Hunan/HN197/2015|EPI_ISL_255613,A/duck/Hunan/HN197/2015|E,0.2941,0.2706,0.4268,0.2812,0.165,-0.083,0.375,51.81,0.423,0.445,4000,4233,-0.419679,0.07914,H5N6,Avian
913,A/duck/Hunan/HN201/2015|EPI_ISL_255614,A/duck/Hunan/HN201/2015|E,0.2948,0.2698,0.4274,0.2805,0.165,-0.084,0.374,51.78,0.422,0.445,4000,4233,-0.416891,0.078904,H5N6,Avian
914,A/duck/Hunan/HN204/2015|EPI_ISL_255615,A/duck/Hunan/HN204/2015|E,0.2953,0.2697,0.4272,0.2803,0.164,-0.087,0.373,51.75,0.422,0.445,3999,4233,-0.418261,0.078904,H5N6,Avian
915,A/duck/Hunan/HN205/2015|EPI_ISL_255616,A/duck/Hunan/HN205/2015|E,0.2935,0.2709,0.4269,0.2811,0.165,-0.083,0.375,51.88,0.424,0.445,4000,4233,-0.421498,0.078904,H5N6,Avian
916,A/duck/Hunan/HN206/2015|EPI_ISL_255617,A/duck/Hunan/HN206/2015|E,0.2914,0.2725,0.4284,0.2798,0.165,-0.083,0.374,51.85,0.424,0.446,4001,4233,-0.418521,0.078904,H5N6,Avian
917,A/duck/Hunan/HN207/2015|EPI_ISL_255618,A/duck/Hunan/HN207/2015|E,0.2944,0.2694,0.4266,0.2821,0.165,-0.085,0.373,51.91,0.423,0.445,4000,4233,-0.419206,0.07914,H5N6,Avian
918,A/duck/Hunan/HN208/2015|EPI_ISL_255619,A/duck/Hunan/HN208/2015|E,0.2945,0.2698,0.4271,0.2816,0.165,-0.085,0.374,51.82,0.423,0.445,4000,4233,-0.418663,0.079376,H5N6,Avian
919,A/duck/Hunan/HN209/2015|EPI_ISL_255620,A/duck/Hunan/HN209/2015|E,0.2938,0.2706,0.4266,0.2813,0.165,-0.084,0.374,51.78,0.424,0.445,4000,4233,-0.420671,0.078904,H5N6,Avian
920,A/duck/Hunan/HN210/2015|EPI_ISL_255621,A/duck/Hunan/HN210/2015|E,0.2938,0.2706,0.4262,0.2817,0.165,-0.085,0.373,51.79,0.424,0.446,4000,4233,-0.418781,0.078904,H5N6,Avian
921,A/duck/Hunan/HN212/2015|EPI_ISL_255624,A/duck/Hunan/HN212/2015|E,0.2938,0.2703,0.4273,0.2811,0.164,-0.085,0.373,51.72,0.423,0.445,4000,4233,-0.419442,0.078904,H5N6,Avian
922,A/duck/Hunan/HN214/2015|EPI_ISL_255689,A/duck/Hunan/HN214/2015|E,0.2978,0.2671,0.4354,0.2703,0.165,-0.08,0.376,51.75,0.413,0.442,3999,4233,-0.417316,0.07914,H5N6,Avian
923,A/duck/Hunan/HN215/2015|EPI_ISL_255691,A/duck/Hunan/HN215/2015|E,0.2947,0.2697,0.4263,0.2818,0.165,-0.085,0.373,51.78,0.423,0.445,4001,4233,-0.418096,0.078668,H5N6,Avian
924,A/duck/Hunan/HN216/2015|EPI_ISL_255692,A/duck/Hunan/HN216/2015|E,0.2931,0.2709,0.4311,0.2767,0.165,-0.081,0.376,51.81,0.421,0.445,3999,4233,-0.419915,0.078904,H5N6,Avian
925,A/duck/Hunan/HN217/2015|EPI_ISL_255694,A/duck/Hunan/HN217/2015|E,0.2945,0.2693,0.4292,0.2794,0.165,-0.085,0.374,51.73,0.421,0.445,3999,4233,-0.418852,0.078904,H5N6,Avian
926,A/duck/Hunan/HN220/2015|EPI_ISL_255695,A/duck/Hunan/HN220/2015|E,0.2942,0.2696,0.4272,0.2809,0.165,-0.084,0.374,51.78,0.423,0.445,4001,4233,-0.418332,0.078904,H5N6,Avian
927,A/duck/Hunan/HN221/2015|EPI_ISL_255698,A/duck/Hunan/HN221/2015|E,0.2931,0.2712,0.4273,0.2807,0.164,-0.086,0.373,51.73,0.424,0.445,4000,4233,-0.419584,0.078904,H5N6,Avian
928,A/duck/Hunan/HN224/2015|EPI_ISL_255699,A/duck/Hunan/HN224/2015|E,0.2948,0.2695,0.4274,0.2809,0.164,-0.087,0.373,51.78,0.422,0.445,3999,4233,-0.418261,0.078904,H5N6,Avian
929,A/duck/Hunan/HN227/2015|EPI_ISL_255701,A/duck/Hunan/HN227/2015|E,0.2928,0.2712,0.4276,0.2807,0.164,-0.085,0.373,51.72,0.424,0.445,4000,4233,-0.419537,0.078904,H5N6,Avian
930,A/duck/Hunan/HN230/2015|EPI_ISL_255702,A/duck/Hunan/HN230/2015|E,0.2937,0.2702,0.4268,0.2813,0.164,-0.086,0.373,51.74,0.423,0.446,4000,4233,-0.418049,0.078904,H5N6,Avian
931,A/duck/Hunan/HN232/2015|EPI_ISL_255890,A/duck/Hunan/HN232/2015|E,0.2882,0.2736,0.4251,0.2863,0.164,-0.091,0.371,52.35,0.429,0.446,4005,4233,-0.418285,0.079376,H5N6,Avian
932,A/duck/Hunan/HN234/2015|EPI_ISL_255703,A/duck/Hunan/HN234/2015|E,0.2953,0.2706,0.437,0.2699,0.166,-0.085,0.374,51.87,0.414,0.441,4000,4233,-0.421427,0.079849,H5N6,Avian
933,A/duck/Hunan/HN236/2015|EPI_ISL_255738,A/duck/Hunan/HN236/2015|E,0.297,0.2675,0.4367,0.2695,0.165,-0.08,0.376,51.72,0.413,0.442,3999,4233,-0.418568,0.078904,H5N6,Avian
934,A/duck/Hunan/HN238/2015|EPI_ISL_255741,A/duck/Hunan/HN238/2015|E,0.2976,0.2678,0.4367,0.2692,0.164,-0.084,0.374,51.64,0.412,0.442,3999,4233,-0.419372,0.07914,H5N6,Avian
935,A/duck/Hunan/HN239/2015|EPI_ISL_255742,A/duck/Hunan/HN239/2015|E,0.2978,0.2695,0.4237,0.282,0.163,-0.09,0.371,52.51,0.423,0.445,4003,4233,-0.411363,0.07914,H5N6,Avian
936,A/duck/Hunan/HN240/2015|EPI_ISL_255743,A/duck/Hunan/HN240/2015|E,0.2943,0.2681,0.4379,0.271,0.166,-0.075,0.38,51.72,0.414,0.442,4002,4233,-0.414765,0.07914,H5N6,Avian
937,A/duck/Hunan/HN241/2015|EPI_ISL_255744,A/duck/Hunan/HN241/2015|E,0.2964,0.2699,0.4256,0.281,0.162,-0.091,0.37,52.49,0.422,0.445,4003,4233,-0.414741,0.078904,H5N6,Avian
938,A/duck/Hunan/HN242/2015|EPI_ISL_255746,A/duck/Hunan/HN242/2015|E,0.2975,0.2677,0.4359,0.2698,0.165,-0.08,0.377,51.77,0.413,0.442,3999,4233,-0.417057,0.07914,H5N6,Avian
939,A/duck/Hunan/HN278/2015|EPI_ISL_255751,A/duck/Hunan/HN278/2015|E,0.2974,0.2691,0.4229,0.2835,0.163,-0.091,0.37,52.3,0.423,0.445,4004,4233,-0.407229,0.07914,H5N6,Avian
940,A/duck/Hunan/HN285/2015|EPI_ISL_255752,A/duck/Hunan/HN285/2015|E,0.2983,0.2684,0.4221,0.2843,0.162,-0.094,0.368,52.19,0.423,0.445,4003,4233,-0.403166,0.078904,H5N6,Avian
941,A/duck/Hunan/HN288/2015|EPI_ISL_255754,A/duck/Hunan/HN288/2015|E,0.298,0.2682,0.4205,0.2863,0.163,-0.093,0.369,52.33,0.425,0.446,4004,4233,-0.406827,0.078904,H5N6,Avian
942,A/duck/Hunan/HN333/2015|EPI_ISL_255756,A/duck/Hunan/HN333/2015|E,0.294,0.2727,0.4275,0.2787,0.165,-0.081,0.376,51.98,0.423,0.445,3998,4233,-0.416537,0.078904,H5N6,Avian
943,A/duck/Hunan/HN334/2015|EPI_ISL_255757,A/duck/Hunan/HN334/2015|E,0.2932,0.2731,0.4287,0.2776,0.165,-0.08,0.376,51.95,0.423,0.445,3999,4233,-0.415757,0.078904,H5N6,Avian
944,A/duck/Hunan/HN335/2015|EPI_ISL_255758,A/duck/Hunan/HN335/2015|E,0.295,0.2692,0.4306,0.278,0.165,-0.084,0.374,51.97,0.42,0.444,4001,4233,-0.414907,0.07914,H5N6,Avian
945,A/duck/Hunan/HN336/2015|EPI_ISL_255759,A/duck/Hunan/HN336/2015|E,0.2924,0.2738,0.4298,0.277,0.165,-0.081,0.376,51.89,0.423,0.445,3999,4233,-0.417151,0.078904,H5N6,Avian
946,A/duck/Hunan/HN339/2015|EPI_ISL_255760,A/duck/Hunan/HN339/2015|E,0.2935,0.2721,0.4271,0.2796,0.164,-0.084,0.374,52,0.423,0.445,3999,4233,-0.414056,0.078668,H5N6,Avian
947,A/duck/Hunan/HN341/2015|EPI_ISL_255761,A/duck/Hunan/HN341/2015|E,0.2941,0.2721,0.4293,0.2769,0.165,-0.082,0.375,51.91,0.421,0.444,3999,4233,-0.41649,0.078904,H5N6,Avian
948,A/duck/Hunan/HN342/2015|EPI_ISL_255762,A/duck/Hunan/HN342/2015|E,0.2932,0.2728,0.4296,0.2769,0.165,-0.081,0.376,51.91,0.422,0.445,3999,4233,-0.415757,0.078904,H5N6,Avian
949,A/duck/Hunan/HN343/2015|EPI_ISL_255763,A/duck/Hunan/HN343/2015|E,0.2924,0.2732,0.4299,0.2772,0.165,-0.081,0.376,51.88,0.422,0.445,3999,4233,-0.416891,0.078904,H5N6,Avian
950,A/duck/Hunan/S4020/2008|EPI_ISL_206101,A/duck/Hunan/S4020/2008|E,0.3067,0.2712,0.4144,0.2817,0.171,-0.074,0.381,52.92,0.423,0.444,3993,4223,-0.408667,0.081695,H5N1,Avian
951,A/duck/Hunan/S4030/2011|EPI_ISL_143941,A/duck/Hunan/S4030/2011|E,0.304,0.2723,0.417,0.28,0.167,-0.084,0.375,52.73,0.423,0.444,3992,4223,-0.411508,0.081695,H5N1,Avian
952,A/duck/Hunan/S4101/2011|EPI_ISL_143942,A/duck/Hunan/S4101/2011|E,0.3241,0.2582,0.4201,0.2695,0.168,-0.09,0.372,52.53,0.404,0.437,4005,4233,-0.412686,0.080321,H5N2,Avian
953,A/duck/Hunan/S4120/2011|EPI_ISL_143944,A/duck/Hunan/S4120/2011|E,0.3222,0.26,0.4209,0.2686,0.168,-0.088,0.373,52.49,0.405,0.438,4005,4233,-0.411316,0.080558,H5N2,Avian
954,A/duck/Hunan/S4150/2011|EPI_ISL_143947,A/duck/Hunan/S4150/2011|E,0.306,0.2709,0.4054,0.2911,0.169,-0.072,0.382,53.47,0.431,0.447,3992,4223,-0.40978,0.081695,H5N1,Avian
955,A/duck/Hunan/S4220/2011|EPI_ISL_143948,A/duck/Hunan/S4220/2011|E,0.309,0.269,0.4142,0.2805,0.168,-0.078,0.378,53.05,0.421,0.444,3994,4223,-0.40682,0.081695,H5N1,Avian
956,A/duck/Hunan/S40199/2021(H5N6)|EPI_ISL_11208196,A/duck/Hunan/S40199/2021(,0.2953,0.2719,0.4262,0.2755,0.164,-0.08,0.376,52.18,0.421,0.446,4005,4238,-0.416399,0.079283,H5N6,Avian
957,A/duck/Hunan/S40268/2021(H5N6)|EPI_ISL_11208197,A/duck/Hunan/S40268/2021(,0.2848,0.2757,0.4323,0.278,0.164,-0.084,0.373,51.91,0.425,0.447,4006,4233,-0.405929,0.078195,H5N6,Avian
958,A/duck/Jiangsu/m234/2012|EPI_ISL_130380,A/duck/Jiangsu/m234/2012|,0.3071,0.2714,0.4229,0.2689,0.171,-0.077,0.379,52.12,0.416,0.442,4018,4248,-0.403743,0.080744,H5N2,Avian
959,A/duck/Jiangsu/S4439/2017(H5N1)|EPI_ISL_18513230,A/duck/Jiangsu/S4439/2017,0.3067,0.2691,0.4191,0.2788,0.166,-0.086,0.374,52.04,0.42,0.443,3991,4223,-0.410869,0.082169,H5N1,Avian
960,A/duck/Jiangsu/SE1128/2018(H5N1)|EPI_ISL_18513231,A/duck/Jiangsu/SE1128/201,0.3055,0.2701,0.4186,0.2795,0.167,-0.084,0.375,52.08,0.421,0.443,3993,4223,-0.410561,0.082169,H5N1,Avian
961,A/duck/Jiangxi/01.11_NCNP101G2-OC/2017|EPI_ISL_707533,A/duck/Jiangxi/01.11_NCNP,0.298,0.2675,0.4275,0.2783,0.165,-0.085,0.373,52.02,0.419,0.445,3998,4232,-0.414957,0.078922,H5N6,Avian
962,A/duck/Jiangxi/01.14_NCJD034-P/2015(Mixed)|EPI_ISL_200238,A/duck/Jiangxi/01.14_NCJD,0.2897,0.2799,0.4287,0.2708,0.168,-0.067,0.384,52.08,0.424,0.446,3993,4222,-0.411345,0.078873,H5N6,Avian
963,A/duck/Jiangxi/01.14_NCJD054-P/2015(H5N6)|EPI_ISL_199337,A/duck/Jiangxi/01.14_NCJD,0.3013,0.2656,0.4271,0.2777,0.162,-0.093,0.369,52.16,0.417,0.443,3992,4224,-0.413352,0.078835,H5N6,Avian
964,A/duck/Jiangxi/01.14_NCJD064-P/2015(Mixed)|EPI_ISL_199340,A/duck/Jiangxi/01.14_NCJD,0.3001,0.2668,0.426,0.2787,0.162,-0.093,0.369,52.14,0.418,0.444,3991,4223,-0.413569,0.078854,H5N6,Avian
965,A/duck/Jiangxi/02.05_YGYXG038-P/2015(H5N6)|EPI_ISL_199402,A/duck/Jiangxi/02.05_YGYX,0.3006,0.2658,0.4278,0.2771,0.162,-0.093,0.369,52.2,0.417,0.444,3992,4224,-0.41437,0.079072,H5N6,Avian
966,A/duck/Jiangxi/02.06_NCJD036-P/2015(H5N6)|EPI_ISL_199399,A/duck/Jiangxi/02.06_NCJD,0.3013,0.2653,0.4273,0.2778,0.162,-0.094,0.368,52.2,0.416,0.443,3991,4223,-0.412977,0.079091,H5N6,Avian
967,A/duck/Jiangxi/02.06_NCJD039-P/2015(H5N6)|EPI_ISL_199398,A/duck/Jiangxi/02.06_NCJD,0.3025,0.2664,0.4276,0.2766,0.164,-0.09,0.37,52.04,0.416,0.443,3984,4214,-0.415354,0.07926,H5N6,Avian
968,A/duck/Jiangxi/2.28_NCNP25K3-OC/2018|EPI_ISL_707555,A/duck/Jiangxi/2.28_NCNP2,0.2962,0.2685,0.4293,0.2776,0.164,-0.088,0.371,51.86,0.419,0.444,4002,4232,-0.411248,0.078922,H5N6,Avian
969,A/duck/Jiangxi/2.28NCNP23K3-OC/2018|EPI_ISL_707554,A/duck/Jiangxi/2.28NCNP23,0.2962,0.2685,0.4293,0.2776,0.164,-0.088,0.371,51.86,0.419,0.444,4002,4232,-0.411248,0.078922,H5N6,Avian
970,A/duck/Jiangxi/03.11_NCHJX-15-06/2015(Mixed)|EPI_ISL_201371,A/duck/Jiangxi/03.11_NCHJ,0.3013,0.2666,0.4245,0.2796,0.162,-0.093,0.369,52.41,0.419,0.444,3999,4233,-0.412781,0.078904,H5N6,Avian
971,A/duck/Jiangxi/04.01__NCDZT0312-O/2015(H5N6)|EPI_ISL_198937,A/duck/Jiangxi/04.01__NCD,0.2792,0.2835,0.4268,0.2826,0.167,-0.072,0.381,51.66,0.435,0.449,3996,4225,-0.418391,0.078817,H5N6,Avian
972,A/duck/Jiangxi/04.01__NCDZT0334-P/2015(H5N6)|EPI_ISL_198939,A/duck/Jiangxi/04.01__NCD,0.2794,0.2834,0.4256,0.2837,0.167,-0.073,0.38,51.7,0.436,0.45,3980,4207,-0.418754,0.078916,H5N6,Avian
973,A/duck/Jiangxi/04.01_NCDZT0304-O/2015(Mixed)|EPI_ISL_200272,A/duck/Jiangxi/04.01_NCDZ,0.3001,0.2722,0.4245,0.2771,0.166,-0.073,0.381,52.93,0.421,0.444,4020,4250,-0.412518,0.078353,H5N6,Avian
974,A/duck/Jiangxi/05.07__NCJD0067A-P/2015(H5N6)|EPI_ISL_198991,A/duck/Jiangxi/05.07__NCJ,0.2813,0.2804,0.4299,0.2797,0.167,-0.075,0.38,51.47,0.431,0.448,3913,4138,-0.428975,0.079265,H5N6,Avian
975,A/duck/Jiangxi/5.26_NCDZT80Q2-OC/2017|EPI_ISL_707570,A/duck/Jiangxi/5.26_NCDZT,0.293,0.2729,0.4233,0.283,0.165,-0.084,0.374,52.35,0.427,0.447,3998,4232,-0.416092,0.078922,H5N6,Avian
976,A/duck/Jiangxi/11.17_NCNP30Y2-O/2016|EPI_ISL_707543,A/duck/Jiangxi/11.17_NCNP,0.2972,0.2673,0.4281,0.2802,0.165,-0.087,0.372,52.22,0.42,0.445,3999,4233,-0.419466,0.078904,H5N6,Avian
977,A/duck/Jiangxi/11.17_NCNP48Y2-C/2016|EPI_ISL_707544,A/duck/Jiangxi/11.17_NCNP,0.2972,0.2673,0.4281,0.2802,0.165,-0.087,0.372,52.21,0.42,0.445,3999,4233,-0.41949,0.078904,H5N6,Avian
978,A/duck/Jiangxi/11.29_NCDZT71H2-O/2016|EPI_ISL_707546,A/duck/Jiangxi/11.29_NCDZ,0.2977,0.2675,0.4345,0.2709,0.166,-0.08,0.377,51.83,0.414,0.443,3997,4232,-0.41758,0.078922,H5N6,Avian
979,A/duck/Jiangxi/11.29_NCNP22D3-OC/2017|EPI_ISL_696686,A/duck/Jiangxi/11.29_NCNP,0.2966,0.2695,0.4365,0.2662,0.167,-0.077,0.378,51.84,0.413,0.443,3991,4223,-0.410017,0.079327,H5N6,Avian
980,A/duck/Jiangxi/11.29_NCNP39D3-OC/2017|EPI_ISL_696703,A/duck/Jiangxi/11.29_NCNP,0.2941,0.27,0.4312,0.276,0.163,-0.084,0.374,52.13,0.419,0.445,3992,4223,-0.418707,0.078854,H5N6,Avian
981,A/duck/Jiangxi/34/2011|EPI_ISL_369827,A/duck/Jiangxi/34/2011|EP,0.3107,0.2655,0.415,0.2806,0.168,-0.077,0.378,53.15,0.419,0.443,3996,4224,-0.401515,0.081676,H5N1,Avian
982,A/duck/Jiangxi/35/2011|EPI_ISL_369828,A/duck/Jiangxi/35/2011|EP,0.309,0.2687,0.4108,0.2832,0.169,-0.073,0.381,52.87,0.423,0.445,3996,4224,-0.399834,0.081913,H5N1,Avian
983,A/duck/Jiangxi/44/2011|EPI_ISL_369829,A/duck/Jiangxi/44/2011|EP,0.3048,0.2651,0.4345,0.2663,0.167,-0.072,0.382,52.08,0.408,0.44,3986,4216,-0.407187,0.082543,H5N1,Avian
984,A/duck/Jiangxi/95/2014|EPI_ISL_161972,A/duck/Jiangxi/95/2014|EP,0.2981,0.2689,0.4249,0.2805,0.163,-0.091,0.37,52.42,0.421,0.445,4002,4233,-0.414481,0.078904,H5N6,Avian
985,A/duck/Jiangxi/120/2011|EPI_ISL_369825,A/duck/Jiangxi/120/2011|E,0.305,0.276,0.4147,0.2755,0.171,-0.073,0.381,52.86,0.424,0.444,3993,4224,-0.414631,0.081913,H5N1,Avian
986,A/duck/Jiangxi/130/2011|EPI_ISL_369826,A/duck/Jiangxi/130/2011|E,0.3064,0.2701,0.4068,0.2908,0.17,-0.068,0.385,53.3,0.429,0.446,3994,4224,-0.414347,0.081439,H5N1,Avian
987,A/duck/Jiangxi/13469/2014|EPI_ISL_173478,A/duck/Jiangxi/13469/2014,0.3016,0.2699,0.4221,0.2801,0.164,-0.086,0.373,52.67,0.421,0.443,4014,4244,-0.412865,0.078464,H5N6,Avian
988,A/duck/Jiangxi/13475/2014|EPI_ISL_173479,A/duck/Jiangxi/13475/2014,0.3013,0.2702,0.4224,0.2797,0.164,-0.086,0.373,52.66,0.421,0.443,4014,4244,-0.412865,0.078464,H5N6,Avian
989,A/duck/Jiangxi/13484/2014|EPI_ISL_173480,A/duck/Jiangxi/13484/2014,0.3013,0.2702,0.4221,0.2801,0.164,-0.087,0.373,52.66,0.421,0.443,4014,4244,-0.412677,0.078464,H5N6,Avian
990,A/Duck/Jiangxi/50446/2016|EPI_ISL_354556,A/Duck/Jiangxi/50446/2016,0.3003,0.2643,0.4293,0.2785,0.164,-0.086,0.373,52.13,0.416,0.444,3998,4232,-0.420865,0.078922,H5N6,Avian
991,A/Duck/Jiangxi/50455/2016|EPI_ISL_354553,A/Duck/Jiangxi/50455/2016,0.2968,0.2673,0.429,0.2781,0.164,-0.088,0.372,52.22,0.419,0.445,4002,4233,-0.413536,0.078668,H5N6,Avian
992,A/duck/Jiangxi/E7/2014_(H5N6)|EPI_ISL_386928,A/duck/Jiangxi/E7/2014_(H,0.3001,0.2671,0.4267,0.2777,0.162,-0.093,0.369,52.11,0.418,0.444,3993,4224,-0.415743,0.078835,H5N6,Avian
993,A/duck/Jiangxi/F31/2014(H5N6)|EPI_ISL_386930,A/duck/Jiangxi/F31/2014(H,0.2992,0.2682,0.4258,0.2785,0.162,-0.091,0.37,52.24,0.419,0.445,3929,4157,-0.428506,0.079384,H5N6,Avian
994,A/duck/Jiangxi/NCDZT1123/2014|EPI_ISL_179634,A/duck/Jiangxi/NCDZT1123/,0.3004,0.2672,0.4257,0.2777,0.161,-0.093,0.369,52.19,0.418,0.444,4002,4233,-0.413536,0.078904,H5N6,Avian
995,A/duck/Jiangxi/NCDZT1126/2014|EPI_ISL_179635,A/duck/Jiangxi/NCDZT1126/,0.2991,0.2665,0.4268,0.2783,0.162,-0.092,0.369,52.03,0.418,0.444,4000,4233,-0.416348,0.078431,H5N6,Avian
996,A/duck/Jiangxi/S10252/2021|EPI_ISL_5260444,A/duck/Jiangxi/S10252/202,0.3046,0.2712,0.4064,0.2864,0.166,-0.075,0.378,52.94,0.429,0.448,4005,4236,-0.397592,0.082153,H5N8,Avian
997,A/duck/Jiangxi/S40833/2021(H5N1)|EPI_ISL_12572660,A/duck/Jiangxi/S40833/202,0.3078,0.2756,0.4029,0.2848,0.168,-0.072,0.382,53.05,0.43,0.447,4002,4235,-0.396765,0.082881,H5N1,Avian
998,A/duck/Jilin/04.04_SY002-O/2015(Mixed)|EPI_ISL_200384,A/duck/Jilin/04.04_SY002-,0.3057,0.2709,0.4174,0.2781,0.165,-0.083,0.375,52.63,0.421,0.443,3990,4223,-0.414042,0.081695,H5N1,Avian
999,A/duck/Jilin/JL-SIV/2013|EPI_ISL_376086,A/duck/Jilin/JL-SIV/2013|,0.3143,0.2678,0.4176,0.2743,0.17,-0.074,0.381,52.8,0.415,0.441,3988,4223,-0.40727,0.082406,H5N1,Avian
1000,A/duck/Jilin/S1261/2019(H5N1)|EPI_ISL_18513232,A/duck/Jilin/S1261/2019(H,0.3049,0.2716,0.4167,0.2792,0.166,-0.085,0.374,52.67,0.422,0.444,3993,4223,-0.407151,0.081459,H5N1,Avian
1001,A/duck/Jilin/S4171/2019(H5N1)|EPI_ISL_18513234,A/duck/Jilin/S4171/2019(H,0.3033,0.2731,0.4145,0.282,0.166,-0.082,0.376,52.76,0.426,0.445,3994,4223,-0.40708,0.081695,H5N1,Avian
1002,A/duck/Kaohsiung/15WB3298-1-5/2015|EPI_ISL_19226372,A/duck/Kaohsiung/15WB3298,0.3055,0.2743,0.409,0.2846,0.168,-0.074,0.381,53.24,0.429,0.447,4021,4251,-0.413338,0.081628,Others,Avian
1003,A/duck/Kaohsiung/20WB0242-154/2020|EPI_ISL_19226348,A/duck/Kaohsiung/20WB0242,0.2978,0.2826,0.4187,0.2733,0.169,-0.067,0.385,52.61,0.428,0.447,4023,4251,-0.416914,0.081157,Others,Avian
1004,A/duck/Kaohsiung/15010213/2015|EPI_ISL_4032424,A/duck/Kaohsiung/15010213,0.2991,0.281,0.4129,0.2774,0.167,-0.082,0.375,51.99,0.43,0.446,4023,4254,-0.402844,0.08063,H5N2,Avian
1005,A/duck/Liaoning/LN/2011|EPI_ISL_290070,A/duck/Liaoning/LN/2011|E,0.2983,0.2748,0.4274,0.2706,0.171,-0.076,0.379,52.29,0.419,0.443,4015,4246,-0.403038,0.081959,Others,Avian
1006,A/duck/Nanchang/9789/2013|EPI_ISL_181417,A/duck/Nanchang/9789/2013,0.3102,0.2651,0.4182,0.2782,0.164,-0.085,0.374,52.91,0.416,0.443,3994,4224,-0.407055,0.081439,H5N1,Avian
1007,A/duck/Nantou/15A3437/2015|EPI_ISL_4032425,A/duck/Nantou/15A3437/201,0.2986,0.2811,0.414,0.2772,0.167,-0.084,0.374,51.92,0.429,0.445,4023,4254,-0.405783,0.08063,H5N2,Avian
1008,A/duck/Nantou/17A0243/2017|EPI_ISL_4032426,A/duck/Nantou/17A0243/201,0.2981,0.28,0.4141,0.2785,0.168,-0.078,0.378,52.02,0.43,0.445,4023,4254,-0.403291,0.080395,H5N2,Avian
1009,A/duck/Ningxia/YG61/2017|EPI_ISL_505061,A/duck/Ningxia/YG61/2017|,0.2917,0.2802,0.4135,0.285,0.168,-0.075,0.379,52.66,0.435,0.45,4003,4233,-0.40867,0.079849,H5N6,Avian
1010,A/duck/Ningxia/YG71/2017|EPI_ISL_505062,A/duck/Ningxia/YG71/2017|,0.2891,0.2791,0.4165,0.2848,0.167,-0.072,0.38,52.59,0.434,0.449,4008,4236,-0.406704,0.07932,H5N6,Avian
1011,A/duck/Ningxia/YG83/2017|EPI_ISL_505063,A/duck/Ningxia/YG83/2017|,0.2891,0.2776,0.4148,0.2891,0.165,-0.08,0.376,52.4,0.436,0.449,4008,4236,-0.403801,0.079792,H5N6,Avian
1012,A/duck/Pingtung/17A0160/2017|EPI_ISL_4032435,A/duck/Pingtung/17A0160/2,0.2963,0.2812,0.4149,0.2783,0.167,-0.079,0.377,52.01,0.43,0.445,4025,4255,-0.403972,0.080376,H5N2,Avian
1013,A/duck/Pingtung/18A00003-11-20T/2018|EPI_ISL_4032436,A/duck/Pingtung/18A00003-,0.2979,0.2792,0.4146,0.2788,0.168,-0.078,0.378,51.93,0.429,0.445,4023,4254,-0.406394,0.080395,H5N2,Avian
1014,A/duck/Pingtung/18A00076-11-20T/2018|EPI_ISL_4032437,A/duck/Pingtung/18A00076-,0.3014,0.2766,0.4113,0.2811,0.167,-0.082,0.375,52.07,0.429,0.445,4023,4254,-0.402656,0.08063,H5N2,Avian
1015,A/duck/Pingtung/18X00077/2018|EPI_ISL_4032438,A/duck/Pingtung/18X00077/,0.3019,0.2735,0.4208,0.275,0.165,-0.083,0.375,51.8,0.422,0.444,4023,4254,-0.408345,0.08063,H5N2,Avian
1016,A/duck/Pingtung/15010180/2015|EPI_ISL_4032429,A/duck/Pingtung/15010180/,0.3045,0.2722,0.4098,0.2872,0.165,-0.086,0.373,53.06,0.429,0.444,4031,4261,-0.415701,0.080498,Others,Avian
1017,A/duck/Pingtung/15010444/2015|EPI_ISL_4032430,A/duck/Pingtung/15010444/,0.2997,0.2813,0.413,0.2766,0.168,-0.081,0.376,52.06,0.429,0.445,4023,4254,-0.402045,0.080395,H5N2,Avian
1018,A/duck/Shandong/009/2008|EPI_ISL_95061,A/duck/Shandong/009/2008|,0.2947,0.285,0.4073,0.2866,0.17,-0.063,0.387,52.86,0.439,0.449,3998,4229,-0.411728,0.081816,H5N1,Avian
1019,A/duck/Shandong/11.14_DL-DKd11/2013(H5N8)|EPI_ISL_199151,A/duck/Shandong/11.14_DL-,0.3118,0.2628,0.4141,0.2798,0.168,-0.079,0.376,52.94,0.418,0.444,4025,4255,-0.402562,0.082021,H5N8,Avian
1020,A/duck/Shandong/11.14_RD/2013(H5N8)|EPI_ISL_199412,A/duck/Shandong/11.14_RD/,0.3118,0.2628,0.4141,0.2798,0.168,-0.079,0.376,52.94,0.418,0.444,4025,4255,-0.402562,0.082021,H5N8,Avian
1021,A/duck/Shandong/Q1/2013|EPI_ISL_167178,A/duck/Shandong/Q1/2013|E,0.3074,0.2668,0.4239,0.2703,0.169,-0.078,0.376,52.58,0.414,0.443,4013,4244,-0.400589,0.081527,H5N8,Avian
1022,A/duck/Shandong/SD0261/2021|EPI_ISL_18058053,A/duck/Shandong/SD0261/20,0.2919,0.2751,0.4183,0.2854,0.167,-0.076,0.378,52.42,0.431,0.448,3995,4225,-0.412095,0.08,H5N6,Avian
1023,A/duck/Shandong/SD0263/2021|EPI_ISL_18058054,A/duck/Shandong/SD0263/20,0.2914,0.2755,0.4182,0.2851,0.167,-0.075,0.379,52.41,0.431,0.448,3995,4225,-0.41342,0.079527,H5N6,Avian
1024,A/Duck/Shandong/Y01/2009|EPI_ISL_169420,A/Duck/Shandong/Y01/2009|,0.3067,0.2696,0.4113,0.2851,0.17,-0.067,0.384,53.13,0.425,0.445,3995,4226,-0.410435,0.082111,H5N1,Avian
1025,A/Duck/Shandong/Y02/2009|EPI_ISL_169421,A/Duck/Shandong/Y02/2009|,0.3077,0.2693,0.4119,0.2839,0.171,-0.068,0.384,53.12,0.424,0.444,3993,4223,-0.40888,0.081932,H5N1,Avian
1026,A/duck/Sichuan/04.27_NBXJ71/2014(H5N6)|EPI_ISL_198868,A/duck/Sichuan/04.27_NBXJ,0.2989,0.2715,0.4236,0.2806,0.166,-0.08,0.377,52.63,0.422,0.444,4013,4244,-0.411946,0.078464,H5N6,Avian
1027,A/duck/Sichuan/04.27_NBXJ79/2014(H5N6)|EPI_ISL_198872,A/duck/Sichuan/04.27_NBXJ,0.2991,0.2714,0.422,0.282,0.165,-0.081,0.377,52.65,0.423,0.444,4004,4234,-0.411738,0.078649,H5N6,Avian
1028,A/duck/Sichuan/04.27_NBXJ711/2014(Mixed)|EPI_ISL_200266,A/duck/Sichuan/04.27_NBXJ,0.2999,0.2708,0.4229,0.2806,0.165,-0.079,0.378,52.59,0.422,0.444,3996,4225,-0.415432,0.07858,H5N6,Avian
1029,A/duck/Sichuan/04.27_NBXJ717/2014(H5N6)|EPI_ISL_198866,A/duck/Sichuan/04.27_NBXJ,0.2992,0.2709,0.4232,0.2813,0.165,-0.081,0.377,52.67,0.422,0.444,4013,4244,-0.413502,0.078464,H5N6,Avian
1030,A/duck/Sichuan/04.27_NBXJ720/2014(H5N6)|EPI_ISL_198869,A/duck/Sichuan/04.27_NBXJ,0.3006,0.2707,0.4214,0.2817,0.165,-0.081,0.376,52.55,0.423,0.444,4004,4234,-0.410959,0.078649,H5N6,Avian
1031,A/duck/Sichuan/04.27_NCXJ073/2014(H5N6)|EPI_ISL_198871,A/duck/Sichuan/04.27_NCXJ,0.2995,0.272,0.4219,0.2812,0.166,-0.08,0.377,52.64,0.423,0.444,4004,4234,-0.41188,0.078649,H5N6,Avian
1032,A/duck/Sichuan/NCXJ15/2014|EPI_ISL_179647,A/duck/Sichuan/NCXJ15/201,0.2995,0.2712,0.4233,0.2806,0.165,-0.081,0.377,52.64,0.422,0.444,4013,4244,-0.413054,0.078464,H5N6,Avian
1033,A/duck/Sichuan/NCXJ24/2014|EPI_ISL_179648,A/duck/Sichuan/NCXJ24/201,0.2992,0.2709,0.4232,0.2813,0.165,-0.081,0.377,52.67,0.422,0.444,4013,4244,-0.413502,0.078464,H5N6,Avian
1034,A/duck/Sichuan/NCXN10/2014|EPI_ISL_179651,A/duck/Sichuan/NCXN10/201,0.3131,0.2659,0.4141,0.2793,0.167,-0.081,0.376,52.77,0.418,0.443,3996,4223,-0.403718,0.081222,H5N1,Avian
1035,A/duck/Sichuan/NCXN11/2014|EPI_ISL_179652,A/duck/Sichuan/NCXN11/201,0.3129,0.2666,0.4119,0.2805,0.166,-0.082,0.375,52.89,0.419,0.443,3995,4223,-0.403292,0.080985,H5N1,Avian
1036,A/duck/Sichuan/S1805/2021|EPI_ISL_9637826,A/duck/Sichuan/S1805/2021,0.2908,0.2728,0.4351,0.2709,0.165,-0.081,0.375,51.85,0.418,0.444,4011,4238,-0.410925,0.078103,H5N6,Avian
1037,A/duck/Sichuan/SC4822/2021|EPI_ISL_18058055,A/duck/Sichuan/SC4822/202,0.2903,0.2742,0.4352,0.2699,0.165,-0.078,0.377,51.99,0.418,0.444,4010,4238,-0.411491,0.078103,H5N6,Avian
1038,A/duck/Sichuan/SC5698/2021|EPI_ISL_18058056,A/duck/Sichuan/SC5698/202,0.2893,0.2753,0.4352,0.2701,0.165,-0.078,0.377,52.02,0.419,0.445,4010,4238,-0.411963,0.078103,H5N6,Avian
1039,A/duck/Sichuan/SD002/2021|EPI_ISL_9638154,A/duck/Sichuan/SD002/2021,0.2892,0.2758,0.4324,0.2722,0.165,-0.08,0.376,52,0.422,0.446,4008,4238,-0.411562,0.078339,H5N6,Avian
1040,A/duck/Taichung/15010400-1/2015|EPI_ISL_4032439,A/duck/Taichung/15010400-,0.2984,0.2812,0.4153,0.2762,0.168,-0.081,0.376,51.97,0.429,0.445,4023,4254,-0.404513,0.08063,H5N2,Avian
1041,A/duck/Tainan/16WB3443-156-160/2016|EPI_ISL_19226395,A/duck/Tainan/16WB3443-15,0.3019,0.281,0.405,0.2863,0.17,-0.07,0.383,53.07,0.435,0.449,4021,4251,-0.413409,0.081157,Others,Avian
1042,A/duck/Tainan/15010403/2015|EPI_ISL_4032440,A/duck/Tainan/15010403/20,0.3045,0.2704,0.4165,0.277,0.168,-0.084,0.374,52.45,0.422,0.445,4030,4262,-0.402112,0.081183,H5N8,Avian
1043,A/duck/Tainan/16010024-1/2016|EPI_ISL_4032442,A/duck/Tainan/16010024-1/,0.2998,0.2817,0.4139,0.2749,0.169,-0.076,0.379,52.13,0.428,0.446,4023,4254,-0.402116,0.080395,H5N2,Avian
1044,A/duck/Taipei/05WB830-1-5-E2/2005|EPI_ISL_19226243,A/duck/Taipei/05WB830-1-5,0.3051,0.28,0.4055,0.2821,0.166,-0.085,0.374,52.93,0.431,0.447,4020,4251,-0.411903,0.081393,H5N2,Avian
1045,A/duck/Taipei/18WB0120-1-5-E1/2018|EPI_ISL_19226269,A/duck/Taipei/18WB0120-1-,0.2966,0.2809,0.412,0.2836,0.17,-0.072,0.382,52.94,0.433,0.448,4024,4251,-0.413785,0.080922,Others,Avian
1046,A/duck/Taipei/19WB0235-14-16/2019|EPI_ISL_19226280,A/duck/Taipei/19WB0235-14,0.3008,0.2824,0.4169,0.2724,0.165,-0.084,0.375,52.81,0.426,0.446,4021,4251,-0.413832,0.081157,Others,Avian
1047,A/duck/Taiwan/01006/2015|EPI_ISL_219878,A/duck/Taiwan/01006/2015|,0.2994,0.2807,0.4132,0.2771,0.167,-0.081,0.376,52.1,0.429,0.446,4023,4254,-0.405501,0.080395,H5N2,Avian
1048,A/duck/Taiwan/11213/2013|EPI_ISL_158026,A/duck/Taiwan/11213/2013|,0.3058,0.2736,0.4119,0.2809,0.167,-0.085,0.375,52.35,0.426,0.445,4008,4244,-0.415811,0.081291,H5N2,Avian
1049,A/duck/Taiwan/11254/2013|EPI_ISL_158027,A/duck/Taiwan/11254/2013|,0.3065,0.2733,0.4116,0.2813,0.167,-0.084,0.375,52.31,0.425,0.445,4008,4244,-0.416682,0.081291,H5N2,Avian
1050,A/duck/Taiwan/a043/2015|EPI_ISL_179024,A/duck/Taiwan/a043/2015|E,0.2986,0.2801,0.4136,0.2786,0.167,-0.082,0.375,51.93,0.43,0.446,3953,4181,-0.414757,0.079646,H5N2,Avian
1051,A/duck/Taiwan/a068/2015|EPI_ISL_179026,A/duck/Taiwan/a068/2015|E,0.3093,0.2652,0.4056,0.2889,0.165,-0.09,0.37,52.63,0.426,0.445,3974,4205,-0.404185,0.080618,H5N8,Avian
1052,A/duck/Taiwan/A3400/2015|EPI_ISL_219874,A/duck/Taiwan/A3400/2015|,0.3099,0.2645,0.4073,0.2873,0.165,-0.091,0.369,52.54,0.424,0.445,4024,4256,-0.402749,0.081297,H5N8,Avian
1053,A/duck/Taiwan/DV1238/2009|EPI_ISL_139237,A/duck/Taiwan/DV1238/2009,0.3072,0.2748,0.4085,0.2816,0.166,-0.089,0.372,52.76,0.427,0.446,4012,4245,-0.413805,0.081037,H5N2,Avian
1054,A/duck/Taiwan/DV1241/2009|EPI_ISL_139236,A/duck/Taiwan/DV1241/2009,0.3071,0.2746,0.4083,0.2819,0.166,-0.089,0.372,52.82,0.427,0.446,4013,4245,-0.414134,0.081037,H5N2,Avian
1055,A/duck/Taiwan/DV1242/2009|EPI_ISL_139231,A/duck/Taiwan/DV1242/2009,0.3071,0.2746,0.4087,0.2816,0.166,-0.089,0.372,52.76,0.427,0.446,4013,4245,-0.412556,0.081037,H5N2,Avian
1056,A/duck/Taoyuan/16010023-1/2016|EPI_ISL_4032443,A/duck/Taoyuan/16010023-1,0.3011,0.2791,0.4156,0.2747,0.167,-0.079,0.378,52.13,0.426,0.444,4022,4254,-0.400682,0.080395,H5N2,Avian
1057,A/duck/Wuxi/7249/2015|EPI_ISL_277041,A/duck/Wuxi/7249/2015|EPI,0.2975,0.2671,0.4318,0.2753,0.163,-0.087,0.372,52.29,0.416,0.443,4001,4233,-0.411103,0.078195,H5N6,Avian
1058,A/duck/Xinjiang/12.18_WLMQXL001-C/2016|EPI_ISL_707581,A/duck/Xinjiang/12.18_WLM,0.3032,0.2709,0.4138,0.2805,0.169,-0.067,0.383,53,0.425,0.446,4026,4255,-0.395723,0.081551,H5N8,Avian
1059,A/duck/Xinjiang/S1066/2019(H5N1)|EPI_ISL_18513235,A/duck/Xinjiang/S1066/201,0.3054,0.2709,0.4158,0.2814,0.166,-0.089,0.372,52.4,0.423,0.444,3996,4223,-0.412029,0.081459,H5N1,Avian
1060,A/duck/Xinjiang/S1126/2019(H5N1)|EPI_ISL_18513236,A/duck/Xinjiang/S1126/201,0.3053,0.2711,0.416,0.2801,0.166,-0.088,0.372,52.36,0.423,0.444,3997,4223,-0.409946,0.081459,H5N1,Avian
1061,A/duck/Yilan/17A0092/2017|EPI_ISL_4032444,A/duck/Yilan/17A0092/2017,0.2994,0.2786,0.4128,0.2796,0.167,-0.081,0.376,51.93,0.429,0.445,4024,4254,-0.403808,0.08016,H5N2,Avian
1062,A/duck/Yunlin/15A5019/2015|EPI_ISL_4032535,A/duck/Yunlin/15A5019/201,0.2995,0.2811,0.4144,0.2754,0.168,-0.079,0.378,51.91,0.428,0.445,4023,4254,-0.40134,0.080395,H5N2,Avian
1063,A/duck/Yunlin/17A0086/2017|EPI_ISL_4032537,A/duck/Yunlin/17A0086/201,0.2998,0.279,0.4123,0.2797,0.167,-0.082,0.375,51.99,0.43,0.445,4023,4254,-0.405524,0.08063,H5N2,Avian
1064,A/duck/Yunlin/17A0686/2017|EPI_ISL_4032538,A/duck/Yunlin/17A0686/201,0.2976,0.2807,0.4121,0.2809,0.167,-0.082,0.375,52,0.432,0.446,4024,4254,-0.403573,0.080395,H5N2,Avian
1065,A/duck/Yunlin/18X00007-3/2018|EPI_ISL_4032542,A/duck/Yunlin/18X00007-3/,0.3056,0.2745,0.4174,0.2735,0.169,-0.079,0.376,52.28,0.421,0.443,4024,4254,-0.401669,0.080395,H5N2,Avian
1066,A/duck/Yunlin/15010244-1/2015|EPI_ISL_4032446,A/duck/Yunlin/15010244-1/,0.2992,0.2808,0.4151,0.2759,0.167,-0.081,0.376,51.93,0.428,0.445,4023,4254,-0.405336,0.080395,H5N2,Avian
1067,A/duck/Yunlin/15010277/2015|EPI_ISL_4032447,A/duck/Yunlin/15010277/20,0.307,0.268,0.4249,0.2679,0.168,-0.086,0.373,52.17,0.413,0.441,4032,4263,-0.399977,0.081163,H5N8,Avian
1068,A/duck/Yunlin/15010310-4/2015|EPI_ISL_4032448,A/duck/Yunlin/15010310-4/,0.2985,0.2816,0.4146,0.2765,0.168,-0.079,0.377,52,0.429,0.445,4023,4254,-0.405313,0.080395,H5N2,Avian
1069,A/duck/Yunlin/15010318-2/2015|EPI_ISL_4032449,A/duck/Yunlin/15010318-2/,0.2991,0.2804,0.4145,0.2771,0.168,-0.08,0.377,51.92,0.429,0.445,4023,4254,-0.407381,0.080395,H5N2,Avian
1070,A/duck/Yunlin/15010369-1/2015|EPI_ISL_4032468,A/duck/Yunlin/15010369-1/,0.2981,0.2818,0.4146,0.2764,0.168,-0.079,0.377,51.98,0.429,0.446,4023,4254,-0.40543,0.080395,H5N2,Avian
1071,A/duck/Yunlin/15010458-1/2015|EPI_ISL_4032522,A/duck/Yunlin/15010458-1/,0.3074,0.2678,0.4251,0.2675,0.169,-0.087,0.372,52.12,0.412,0.441,4032,4263,-0.398616,0.081163,H5N8,Avian
1072,A/duck/Yunlin/15070002-2/2015|EPI_ISL_4032532,A/duck/Yunlin/15070002-2/,0.2991,0.2816,0.4136,0.276,0.168,-0.078,0.378,51.95,0.429,0.446,4023,4254,-0.401222,0.080395,H5N2,Avian
1073,A/duck/Yunlin/17110001/2017|EPI_ISL_4032536,A/duck/Yunlin/17110001/20,0.2994,0.2777,0.4148,0.2792,0.168,-0.077,0.378,52.03,0.428,0.445,4023,4254,-0.401857,0.080395,H5N2,Avian
1074,A/duck/Yunlin/18060007-3/2018|EPI_ISL_4032541,A/duck/Yunlin/18060007-3/,0.2986,0.2784,0.4165,0.2772,0.167,-0.078,0.378,52.16,0.427,0.445,4023,4254,-0.404631,0.08016,H5N2,Avian
1075,A/duck/Yunnan/03.15_DQWGH005-O/2015(H5N6)|EPI_ISL_198883,A/duck/Yunnan/03.15_DQWGH,0.2998,0.2676,0.4274,0.2777,0.165,-0.084,0.374,52.03,0.418,0.444,3971,4202,-0.425226,0.079486,H5N6,Avian
1076,A/duck/Yunnan/03.16_DQXYL003-O/2015(H5N6)|EPI_ISL_199042,A/duck/Yunnan/03.16_DQXYL,0.2981,0.268,0.4295,0.2768,0.165,-0.084,0.374,52.04,0.418,0.444,3937,4167,-0.432517,0.079914,H5N6,Avian
1077,A/duck/Yunnan/03.16_DQXYL007-O/2015(Mixed)|EPI_ISL_200278,A/duck/Yunnan/03.16_DQXYL,0.2832,0.281,0.4231,0.2853,0.166,-0.076,0.379,52.32,0.435,0.448,3978,4205,-0.417931,0.079191,H5N6,Avian
1078,A/duck/Yunnan/03.16_DQXYL022-O/2015(H5N6)|EPI_ISL_199044,A/duck/Yunnan/03.16_DQXYL,0.2998,0.2676,0.4287,0.2763,0.165,-0.084,0.374,51.98,0.417,0.444,3971,4202,-0.425202,0.079486,H5N6,Avian
1079,A/duck/Yunnan/03.16_DQXYL0039-O/2015(H5N6)|EPI_ISL_198882,A/duck/Yunnan/03.16_DQXYL,0.2982,0.2665,0.4312,0.2762,0.164,-0.087,0.372,51.84,0.416,0.443,3992,4224,-0.424408,0.078835,H5N6,Avian
1080,A/duck/Yunnan/07.15_DQNPH124/2015(H5N6)|EPI_ISL_200822,A/duck/Yunnan/07.15_DQNPH,0.2975,0.2686,0.4274,0.2788,0.164,-0.086,0.373,52.02,0.42,0.444,3999,4233,-0.423104,0.079376,H5N6,Avian
1081,A/duck/Yunnan/07.15_DQNPH125/2015(H5N6)|EPI_ISL_200823,A/duck/Yunnan/07.15_DQNPH,0.2974,0.2684,0.4272,0.2796,0.164,-0.087,0.372,51.92,0.42,0.444,3998,4233,-0.424356,0.079376,H5N6,Avian
1082,A/duck/Yunnan/07.15_DQNPH127/2015(H5N6)|EPI_ISL_200824,A/duck/Yunnan/07.15_DQNPH,0.2984,0.2674,0.4271,0.2797,0.164,-0.087,0.372,51.95,0.42,0.444,3999,4233,-0.42275,0.079376,H5N6,Avian
1083,A/duck/Yunnan/07.15_DQNPH129/2015(H5N6)|EPI_ISL_200825,A/duck/Yunnan/07.15_DQNPH,0.2978,0.268,0.4271,0.2791,0.164,-0.086,0.373,52.01,0.42,0.444,3999,4233,-0.42197,0.07914,H5N6,Avian
1084,A/duck/Yunnan/S4318/2021(H5N6)|EPI_ISL_11208198,A/duck/Yunnan/S4318/2021(,0.2894,0.2752,0.4365,0.2683,0.164,-0.078,0.377,51.78,0.418,0.444,4011,4238,-0.411397,0.078339,H5N6,Avian
1085,A/Duck/Yunnan/YN-2/2016_(H5N6)|EPI_ISL_283702,A/Duck/Yunnan/YN-2/2016_(,0.3002,0.2672,0.4293,0.2765,0.165,-0.082,0.375,52.19,0.417,0.443,3996,4233,-0.418521,0.079613,H5N6,Avian
1086,A/Duck/Yunnan/YN-4/2015__(H5N6)|EPI_ISL_283704,A/Duck/Yunnan/YN-4/2015__,0.2947,0.2718,0.4303,0.2773,0.164,-0.087,0.373,52.35,0.42,0.443,4000,4233,-0.417505,0.079376,H5N6,Avian
1087,A/Duck/Yunnan/YN-9/2016__(H5N6)|EPI_ISL_283966,A/Duck/Yunnan/YN-9/2016__,0.2999,0.2678,0.4269,0.2775,0.163,-0.092,0.369,52.03,0.418,0.444,4009,4240,-0.419764,0.078774,H5N6,Avian
1088,A/Duck/Zhanjiang/15577/2015|EPI_ISL_278025,A/Duck/Zhanjiang/15577/20,0.2928,0.2706,0.4322,0.278,0.164,-0.082,0.375,51.77,0.421,0.444,4001,4233,-0.418828,0.079613,H5N6,Avian
1089,A/duck/Zhejiang/02.28_JHZJ-15-04/2015(Mixed)|EPI_ISL_201373,A/duck/Zhejiang/02.28_JHZ,0.3022,0.2653,0.4252,0.2788,0.162,-0.093,0.369,52.29,0.417,0.444,3999,4232,-0.410326,0.078922,H5N6,Avian
1090,A/duck/Zhejiang/6D18/2013|EPI_ISL_162301,A/duck/Zhejiang/6D18/2013,0.311,0.2632,0.4157,0.2785,0.167,-0.081,0.375,52.95,0.417,0.444,4020,4249,-0.399247,0.082137,H5N8,Avian
1091,A/duck/Zhejiang/77138/2014|EPI_ISL_203731,A/duck/Zhejiang/77138/201,0.3156,0.2632,0.4192,0.2736,0.165,-0.085,0.374,52.72,0.411,0.441,4015,4243,-0.404077,0.080132,H5N2,Avian
1092,A/duck/Zhejiang/727041/2014|EPI_ISL_203732,A/duck/Zhejiang/727041/20,0.3191,0.2621,0.414,0.2763,0.166,-0.086,0.373,52.84,0.413,0.442,4012,4243,-0.411101,0.080839,H5N2,Avian
1093,A/duck/Zhejiang/727158/2014|EPI_ISL_203738,A/duck/Zhejiang/727158/20,0.2994,0.2663,0.4251,0.2829,0.162,-0.094,0.368,52.31,0.42,0.444,4004,4233,-0.4103,0.079613,H5N6,Avian
1094,A/duck/Zhejiang/925019/2014|EPI_ISL_203750,A/duck/Zhejiang/925019/20,0.3103,0.263,0.4136,0.2822,0.166,-0.082,0.375,52.95,0.419,0.445,4020,4249,-0.404542,0.082372,H5N8,Avian
1095,A/duck/Zhejiang/925169/2014|EPI_ISL_203751,A/duck/Zhejiang/925169/20,0.3115,0.2627,0.4133,0.2813,0.167,-0.083,0.374,52.85,0.419,0.444,4020,4249,-0.401365,0.082372,H5N8,Avian
1096,A/duck/Zhejiang/1026109/2015|EPI_ISL_279178,A/duck/Zhejiang/1026109/2,0.307,0.2717,0.4267,0.2646,0.173,-0.067,0.384,51.87,0.413,0.441,4019,4248,-0.409628,0.080979,H5N2,Avian
1097,A/duck/Zhejiang/1220092/2014|EPI_ISL_203728,A/duck/Zhejiang/1220092/2,0.3062,0.2683,0.4163,0.2807,0.164,-0.089,0.372,52.6,0.421,0.444,3986,4223,-0.414871,0.081459,H5N1,Avian
1098,A/duck/Zhejiang/S4091/2017(H5N1)|EPI_ISL_18513237,A/duck/Zhejiang/S4091/201,0.3046,0.271,0.4157,0.2826,0.166,-0.086,0.374,52.2,0.424,0.444,3991,4223,-0.413024,0.081459,H5N1,Avian
1099,A/duck/Zhejiang/S4854/2021(H5N6)|EPI_ISL_11208199,A/duck/Zhejiang/S4854/202,0.2863,0.2744,0.4247,0.286,0.162,-0.087,0.372,52.46,0.43,0.448,4007,4233,-0.413182,0.077959,H5N6,Avian
1100,A/duck/Zhejiang/W24/2013|EPI_ISL_162300,A/duck/Zhejiang/W24/2013|,0.3119,0.2624,0.4159,0.279,0.168,-0.082,0.374,52.84,0.417,0.443,4019,4249,-0.399388,0.081902,H5N8,Avian
1101,A/egret/Jiangsu/SD021/2021|EPI_ISL_5260465,A/egret/Jiangsu/SD021/202,0.3031,0.2715,0.4072,0.2867,0.165,-0.076,0.378,52.96,0.43,0.449,4005,4236,-0.398796,0.081681,H5N8,Avian
1102,A/Egret/Shangdong/JN529/2023|EPI_ISL_19433139,A/Egret/Shangdong/JN529/2,0.2855,0.2773,0.4342,0.2738,0.165,-0.075,0.379,51.88,0.424,0.447,4004,4232,-0.419258,0.07845,H5N6,Avian
1103,A/environment/Hunan/HN261/2015|EPI_ISL_255821,A/environment/Hunan/HN261,0.3006,0.2684,0.4275,0.2759,0.163,-0.091,0.37,52.23,0.417,0.443,4002,4233,-0.408646,0.078904,H5N6,Avian
1104,A/Environment/Shandong/WS15/2022|EPI_ISL_19433135,A/Environment/Shandong/WS,0.2994,0.2747,0.4261,0.2705,0.167,-0.074,0.38,52.25,0.419,0.443,4011,4240,-0.408443,0.079245,H5N2,Avian
1105,A/Environment/Shandong/WS16/2022|EPI_ISL_19433136,A/Environment/Shandong/WS,0.2999,0.2728,0.4263,0.2726,0.167,-0.076,0.379,52.15,0.419,0.443,4011,4240,-0.40592,0.079481,H5N2,Avian
1106,A/Environment/Shandong/WS19/2022|EPI_ISL_19433137,A/Environment/Shandong/WS,0.298,0.2768,0.4244,0.2716,0.166,-0.076,0.379,52.3,0.421,0.444,4012,4240,-0.404811,0.079953,H5N2,Avian
1107,A/equine/China/61/2010|EPI_ISL_16837240,A/equine/China/61/2010|EP,0.3069,0.2721,0.4149,0.2784,0.171,-0.072,0.382,52.9,0.422,0.444,3992,4223,-0.40978,0.081695,H5N1,Nonhuman Mammal
1108,A/equine/China/67/2010|EPI_ISL_16837243,A/equine/China/67/2010|EP,0.3062,0.2723,0.4143,0.2789,0.17,-0.07,0.383,52.9,0.423,0.445,3992,4223,-0.407435,0.081695,H5N1,Nonhuman Mammal
1109,A/equine/China/68/2010|EPI_ISL_16837242,A/equine/China/68/2010|EP,0.3083,0.2704,0.4147,0.2784,0.17,-0.074,0.381,52.83,0.421,0.444,3991,4223,-0.410324,0.081459,H5N1,Nonhuman Mammal
1110,A/eurasian_eagle-owl/Henan/SMQ11/2020|EPI_ISL_1939617,A/eurasian_eagle-owl/Hena,0.3032,0.2719,0.4061,0.2876,0.166,-0.074,0.379,52.95,0.431,0.449,4006,4236,-0.398253,0.081681,H5N8,Avian
1111,A/Eurasian_Teal/Hong_Kong/AFCD-HKU-23-14009-01020/2023|EPI_ISL_19258154,A/Eurasian_Teal/Hong_Kong,0.2995,0.2841,0.4049,0.2821,0.17,-0.065,0.385,52.73,0.436,0.45,4022,4254,-0.401457,0.08204,H5N1,Avian
1112,A/Eurasian_Teal/Hong_Kong/AFCD-HKU-23-14383-02001/2023|EPI_ISL_19258151,A/Eurasian_Teal/Hong_Kong,0.2996,0.2842,0.4041,0.2822,0.171,-0.067,0.384,52.66,0.436,0.45,4023,4254,-0.399224,0.08204,H5N1,Avian
1113,A/Eurasian_Wigeon/Hong_Kong/AFCD-HKU-23-14484-01001/2023|EPI_ISL_19258152,A/Eurasian_Wigeon/Hong_Ko,0.2993,0.2845,0.4036,0.2825,0.171,-0.066,0.385,52.67,0.437,0.45,4022,4254,-0.399976,0.08204,H5N1,Avian
1114,A/Eurasian_Wigeon/Hong_Kong/AFCD-HKU-23-14524-01009/2023|EPI_ISL_19258150,A/Eurasian_Wigeon/Hong_Ko,0.299,0.2848,0.4036,0.2825,0.171,-0.065,0.385,52.67,0.437,0.451,4022,4254,-0.399976,0.08204,H5N1,Avian
1115,A/Falcated_Duck/Ningxia/484-29/2015|EPI_ISL_295504,A/Falcated_Duck/Ningxia/4,0.2966,0.2677,0.4236,0.2833,0.163,-0.095,0.367,52.48,0.423,0.446,4002,4233,-0.415757,0.078904,H5N6,Avian
1116,A/Falco_peregrinus/Beijing/1/_2022|EPI_ISL_17414669,A/Falco_peregrinus/Beijin,0.3013,0.2792,0.4075,0.2819,0.168,-0.074,0.38,52.74,0.432,0.449,4020,4254,-0.407076,0.08204,H5N1,Avian
1117,A/feline/Guangdong/2/2014(H5N6)|EPI_ISL_176841,A/feline/Guangdong/2/2014,0.2937,0.2702,0.4303,0.2778,0.164,-0.085,0.373,51.61,0.421,0.445,4000,4233,-0.42138,0.078904,H5N6,Nonhuman Mammal
1118,A/Fujian/1/2005|EPI_ISL_24607,A/Fujian/1/2005|EPI_ISL_2,0.3114,0.2683,0.4141,0.2787,0.172,-0.074,0.381,52.89,0.419,0.443,3991,4223,-0.407033,0.081932,H5N1,Human
1119,A/Fujian/1/2007|EPI_ISL_79682,A/Fujian/1/2007|EPI_ISL_7,0.3094,0.2703,0.4138,0.2782,0.171,-0.074,0.38,52.67,0.421,0.444,3991,4223,-0.404854,0.081459,H5N1,Human
1120,A/Fujian/1/2024(H5N6)|EPI_ISL_19132453,A/Fujian/1/2024(H5N6)|EPI,0.2975,0.2698,0.432,0.269,0.162,-0.087,0.372,52.34,0.415,0.443,4008,4243,-0.413033,0.079425,H5N6,Human
1121,A/Fujian/2/2024(H5N6)|EPI_ISL_19145644,A/Fujian/2/2024(H5N6)|EPI,0.2985,0.2688,0.4328,0.2679,0.162,-0.089,0.371,52.23,0.414,0.442,4009,4243,-0.412397,0.079425,H5N6,Human
1122,A/Fujian-Sanyuan/21099/2017_x_PR8_(CNIC-21099)|EPI_ISL_341294,A/Fujian-Sanyuan/21099/20,0.3138,0.2662,0.4216,0.2698,0.165,-0.091,0.37,52.39,0.411,0.439,4003,4241,-0.408489,0.079227,H5N6,Human
1123,A/Fujian-Sanyuan/21099/2017|EPI_ISL_304404,A/Fujian-Sanyuan/21099/20,0.2845,0.2809,0.4162,0.2903,0.168,-0.071,0.382,52.58,0.439,0.45,4007,4238,-0.41949,0.079519,H5N6,Human
1124,A/Gadwall/Ningxia/472-7/2015|EPI_ISL_295503,A/Gadwall/Ningxia/472-7/2,0.2981,0.2683,0.4238,0.2811,0.162,-0.094,0.368,52.64,0.422,0.446,4002,4233,-0.415497,0.078904,H5N6,Avian
1125,A/Gallinago_Stenura/Hong_Kong/AFCD-HKU-23-14383-01014/2023|EPI_ISL_19258153,A/Gallinago_Stenura/Hong_,0.2993,0.2845,0.4039,0.2822,0.171,-0.065,0.385,52.67,0.436,0.45,4022,4254,-0.399976,0.08204,H5N1,Avian
1126,A/Gallinula_chloropus/Guangdong/GZ174/2014|EPI_ISL_234671,A/Gallinula_chloropus/Gua,0.2975,0.2692,0.427,0.2783,0.161,-0.094,0.367,52.28,0.42,0.445,4003,4233,-0.412899,0.078904,H5N6,Avian
1127,A/Goose/_Guangdong_/JG125/2013(H5N6)|EPI_ISL_205961,A/Goose/_Guangdong_/JG125,0.2997,0.2677,0.4244,0.281,0.162,-0.093,0.369,52.28,0.421,0.445,4002,4233,-0.41597,0.078904,H5N6,Avian
1128,A/Goose/_Guangdong_/SSLBY/2015(H5N6)|EPI_ISL_205966,A/Goose/_Guangdong_/SSLBY,0.2972,0.2705,0.4261,0.2788,0.163,-0.088,0.372,52.26,0.421,0.445,4003,4233,-0.419773,0.078668,H5N6,Avian
1129,A/Goose/_Guangdong_/SSZYP/2015(H5N6)|EPI_ISL_205967,A/Goose/_Guangdong_/SSZYP,0.2988,0.2681,0.4246,0.281,0.163,-0.093,0.369,52.17,0.421,0.445,4002,4233,-0.413017,0.07914,H5N6,Avian
1130,A/goose/Anhui/AH350/2015|EPI_ISL_255822,A/goose/Anhui/AH350/2015|,0.2975,0.2677,0.4307,0.2749,0.164,-0.085,0.373,51.84,0.417,0.444,4002,4233,-0.412639,0.079376,H5N6,Avian
1131,A/goose/Changhua/15040008/2015|EPI_ISL_4032545,A/goose/Changhua/15040008,0.2995,0.2808,0.4145,0.2759,0.167,-0.08,0.377,51.96,0.428,0.445,4024,4254,-0.406041,0.080395,H5N2,Avian
1132,A/goose/Chiayi/15010008-3/2015|EPI_ISL_4032546,A/goose/Chiayi/15010008-3,0.2984,0.2812,0.4145,0.2767,0.167,-0.081,0.376,51.99,0.429,0.446,4023,4254,-0.404631,0.080395,H5N2,Avian
1133,A/goose/Chiayi/15010016-1/2015|EPI_ISL_4032547,A/goose/Chiayi/15010016-1,0.2993,0.2812,0.4129,0.2773,0.168,-0.081,0.376,52.02,0.43,0.446,4023,4254,-0.404795,0.080395,H5N2,Avian
1134,A/goose/Chiayi/15020022/2015|EPI_ISL_4032548,A/goose/Chiayi/15020022/2,0.3068,0.2684,0.4252,0.2676,0.169,-0.085,0.373,52.12,0.413,0.441,4032,4263,-0.399836,0.081163,H5N8,Avian
1135,A/goose/Chiayi/16010017-2/2016|EPI_ISL_4032549,A/goose/Chiayi/16010017-2,0.2999,0.2818,0.4134,0.275,0.169,-0.075,0.38,52.13,0.429,0.446,4023,4254,-0.401998,0.080395,H5N2,Avian
1136,A/goose/Chiayi/16040003-1/2016|EPI_ISL_4032550,A/goose/Chiayi/16040003-1,0.3007,0.2811,0.4153,0.274,0.168,-0.079,0.377,52.1,0.427,0.445,4023,4254,-0.401199,0.080395,H5N2,Avian
1137,A/goose/Chiayi/16040005/2016|EPI_ISL_4032551,A/goose/Chiayi/16040005/2,0.3007,0.2811,0.4148,0.2748,0.168,-0.079,0.377,52.09,0.427,0.445,4023,4254,-0.401646,0.080395,H5N2,Avian
1138,A/goose/Chiayi/17020027-1/2017|EPI_ISL_4032553,A/goose/Chiayi/17020027-1,0.298,0.2787,0.4141,0.2796,0.167,-0.08,0.376,51.88,0.429,0.445,4024,4254,-0.396874,0.080395,H5N2,Avian
1139,A/goose/Chiayi/17040014/2017|EPI_ISL_4032554,A/goose/Chiayi/17040014/2,0.3003,0.2798,0.412,0.2801,0.166,-0.082,0.376,51.87,0.43,0.445,4020,4254,-0.404396,0.080865,H5N2,Avian
1140,A/goose/Chiayi/18010006/2018|EPI_ISL_4032555,A/goose/Chiayi/18010006/2,0.2992,0.2787,0.4147,0.2792,0.167,-0.078,0.377,52.01,0.429,0.444,4022,4254,-0.403503,0.080865,H5N2,Avian
1141,A/goose/Chiayi/18020014-2/2018|EPI_ISL_4032558,A/goose/Chiayi/18020014-2,0.2997,0.2783,0.4149,0.2781,0.167,-0.08,0.376,52.04,0.428,0.445,4023,4254,-0.400258,0.080395,H5N2,Avian
1142,A/goose/China/1/2021|EPI_ISL_17088884,A/goose/China/1/2021|EPI_,0.3035,0.2714,0.4061,0.287,0.166,-0.076,0.378,52.97,0.43,0.449,4007,4236,-0.396978,0.082153,H5N8,Avian
1143,A/goose/China/0701/2018|EPI_ISL_14174306,A/goose/China/0701/2018|E,0.2973,0.2678,0.4284,0.2769,0.164,-0.089,0.371,52.04,0.418,0.445,4003,4232,-0.408767,0.078922,H5N6,Avian
1144,A/goose/China/1106/2016|EPI_ISL_379682,A/goose/China/1106/2016|E,0.3078,0.2694,0.4271,0.2653,0.171,-0.074,0.38,51.93,0.412,0.44,4016,4248,-0.40944,0.081215,H5N2,Avian
1145,A/goose/China/E43/2012|EPI_ISL_278505,A/goose/China/E43/2012|EP,0.3121,0.2641,0.4146,0.2808,0.167,-0.083,0.375,52.76,0.418,0.443,3996,4224,-0.408144,0.081913,H5N1,Avian
1146,A/goose/Chongqing/SD003/2021|EPI_ISL_9638156,A/goose/Chongqing/SD003/2,0.2899,0.2747,0.4343,0.2706,0.165,-0.081,0.376,52.02,0.42,0.445,4009,4238,-0.412176,0.078339,H5N6,Avian
1147,A/goose/Eastern_China/CZ/2013|EPI_ISL_222134,A/goose/Eastern_China/CZ/,0.3125,0.263,0.4138,0.2796,0.168,-0.081,0.375,52.82,0.418,0.443,4018,4249,-0.402095,0.082137,H5N8,Avian
1148,A/goose/Eastern_China/L1204/2012|EPI_ISL_208831,A/goose/Eastern_China/L12,0.3076,0.2679,0.4226,0.2705,0.17,-0.078,0.377,52.45,0.415,0.443,4013,4245,-0.403015,0.082214,H5N8,Avian
1149,A/goose/Eastern_China/L1214/2012|EPI_ISL_208830,A/goose/Eastern_China/L12,0.3138,0.2596,0.4259,0.2685,0.166,-0.086,0.373,52.31,0.407,0.441,4014,4250,-0.402424,0.081882,H5N8,Avian
1150,A/goose/Eastern_China/S0408/2014|EPI_ISL_208840,A/goose/Eastern_China/S04,0.3123,0.2633,0.416,0.2772,0.167,-0.082,0.375,53.01,0.416,0.443,4021,4250,-0.4008,0.081882,H5N8,Avian
1151,A/goose/Eastern_China/S0513/2013|EPI_ISL_208833,A/goose/Eastern_China/S05,0.2991,0.2674,0.4292,0.2759,0.164,-0.087,0.372,52.08,0.417,0.444,4005,4235,-0.414451,0.079103,H5N6,Avian
1152,A/goose/Fujian/3.15_FZHX0001-O/2018|EPI_ISL_696991,A/goose/Fujian/3.15_FZHX0,0.2962,0.2678,0.4297,0.2767,0.164,-0.087,0.372,52.13,0.418,0.444,3990,4221,-0.412627,0.078654,H5N6,Avian
1153,A/goose/Fujian/3.15_FZHX0005-C/2018|EPI_ISL_696994,A/goose/Fujian/3.15_FZHX0,0.2965,0.2675,0.429,0.2774,0.164,-0.087,0.372,52.18,0.419,0.445,3990,4221,-0.411561,0.078654,H5N6,Avian
1154,A/goose/Fujian/3.15_FZHX0007-C/2018|EPI_ISL_696995,A/goose/Fujian/3.15_FZHX0,0.3007,0.2659,0.4254,0.2787,0.164,-0.085,0.373,52.22,0.418,0.444,3991,4221,-0.417366,0.078891,H5N6,Avian
1155,A/goose/Fujian/3.15_FZHX0008-C/2018|EPI_ISL_707653,A/goose/Fujian/3.15_FZHX0,0.299,0.2664,0.4293,0.2764,0.164,-0.086,0.373,52.13,0.417,0.444,4001,4232,-0.41224,0.078922,H5N6,Avian
1156,A/goose/Fujian/3.15_FZHX0010-O/2018|EPI_ISL_696993,A/goose/Fujian/3.15_FZHX0,0.2987,0.2676,0.4267,0.2777,0.163,-0.087,0.372,52.29,0.419,0.444,3993,4222,-0.414448,0.079109,H5N6,Avian
1157,A/goose/Fujian/10.11_FZHX1001-C/2016|EPI_ISL_707641,A/goose/Fujian/10.11_FZHX,0.2946,0.2675,0.4381,0.2704,0.165,-0.088,0.372,51.63,0.414,0.443,3998,4232,-0.421314,0.079159,H5N6,Avian
1158,A/goose/Fujian/10.26_FZHX0002-C/2017|EPI_ISL_707643,A/goose/Fujian/10.26_FZHX,0.2958,0.2687,0.4307,0.2762,0.165,-0.081,0.376,51.82,0.418,0.444,4000,4232,-0.420983,0.078922,H5N6,Avian
1159,A/goose/Fujian/10.26_FZHX0002-O/2017|EPI_ISL_707644,A/goose/Fujian/10.26_FZHX,0.2958,0.2687,0.4307,0.2762,0.165,-0.081,0.376,51.82,0.418,0.444,4000,4232,-0.421479,0.078922,H5N6,Avian
1160,A/goose/Fujian/10.26_FZHX0004-C/2017|EPI_ISL_707645,A/goose/Fujian/10.26_FZHX,0.2962,0.2684,0.4315,0.2753,0.165,-0.08,0.377,51.8,0.418,0.444,3999,4232,-0.421456,0.078922,H5N6,Avian
1161,A/goose/Fujian/10.26_FZHX0004-O/2017|EPI_ISL_707646,A/goose/Fujian/10.26_FZHX,0.2964,0.268,0.4318,0.2749,0.165,-0.079,0.377,51.8,0.417,0.443,4000,4232,-0.4207,0.078686,H5N6,Avian
1162,A/goose/Fujian/10.26_FZHX0006-C/2017|EPI_ISL_707647,A/goose/Fujian/10.26_FZHX,0.2962,0.2684,0.4315,0.2753,0.165,-0.08,0.377,51.8,0.418,0.444,3999,4232,-0.421456,0.078922,H5N6,Avian
1163,A/goose/Fujian/10.26_FZHX0006-O/2017|EPI_ISL_707648,A/goose/Fujian/10.26_FZHX,0.2962,0.2684,0.4315,0.2753,0.165,-0.08,0.377,51.8,0.418,0.444,3999,4232,-0.421456,0.078922,H5N6,Avian
1164,A/goose/Fujian/10.26_FZHX0007-O/2017|EPI_ISL_707649,A/goose/Fujian/10.26_FZHX,0.2957,0.2686,0.4309,0.2761,0.165,-0.081,0.376,51.81,0.418,0.444,4001,4233,-0.421072,0.078904,H5N6,Avian
1165,A/goose/Fujian/10.26_FZHX0008-C/2017|EPI_ISL_707650,A/goose/Fujian/10.26_FZHX,0.2962,0.2684,0.4315,0.2753,0.165,-0.08,0.377,51.8,0.418,0.444,3999,4232,-0.421456,0.078922,H5N6,Avian
1166,A/goose/Fujian/10.26_FZHX0014-O/2017|EPI_ISL_707651,A/goose/Fujian/10.26_FZHX,0.2958,0.2687,0.4307,0.2762,0.165,-0.081,0.376,51.82,0.418,0.444,4000,4232,-0.420983,0.078922,H5N6,Avian
1167,A/goose/Fujian/11.3_FZHX1102-C/2016|EPI_ISL_707652,A/goose/Fujian/11.3_FZHX1,0.2939,0.268,0.4375,0.271,0.165,-0.086,0.373,51.57,0.415,0.443,3999,4233,-0.419324,0.078904,H5N6,Avian
1168,A/goose/Guangdong/03.27_DGQTSJ180-O/2015(Mixed)|EPI_ISL_200250,A/goose/Guangdong/03.27_D,0.2975,0.2684,0.4266,0.2783,0.164,-0.085,0.373,52.1,0.42,0.445,3969,4199,-0.421624,0.078828,H5N6,Avian
1169,A/goose/Guangdong/04.22_DGCP117-O/2015(H5N6)|EPI_ISL_199207,A/goose/Guangdong/04.22_D,0.2948,0.2691,0.4285,0.2793,0.164,-0.084,0.374,51.79,0.421,0.445,3984,4213,-0.420342,0.078566,H5N6,Avian
1170,A/goose/Guangdong/04.22_DGCP118-P/2015(H5N6)|EPI_ISL_199268,A/goose/Guangdong/04.22_D,0.2914,0.2756,0.4213,0.2846,0.165,-0.081,0.376,52.51,0.43,0.447,3956,4184,-0.423638,0.078633,H5N6,Avian
1171,A/goose/Guangdong/04.22_DGCP120-P/2015(H5N6)|EPI_ISL_199244,A/goose/Guangdong/04.22_D,0.292,0.275,0.4207,0.2853,0.165,-0.082,0.375,52.55,0.43,0.447,3956,4184,-0.42304,0.078633,H5N6,Avian
1172,A/goose/Guangdong/04.22_DGCPLB045-O/2015(H5N6)|EPI_ISL_199260,A/goose/Guangdong/04.22_D,0.2931,0.2756,0.4202,0.2837,0.166,-0.079,0.377,52.56,0.429,0.447,3974,4202,-0.425964,0.079486,H5N6,Avian
1173,A/goose/Guangdong/04.23_DGQTXC216-O/2015(Mixed)|EPI_ISL_200235,A/goose/Guangdong/04.23_D,0.2941,0.2699,0.4271,0.2809,0.163,-0.088,0.372,51.83,0.423,0.445,3984,4213,-0.420176,0.078566,H5N6,Avian
1174,A/goose/Guangdong/04.23_DGQTXC216-P/2015(H5N6)|EPI_ISL_199269,A/goose/Guangdong/04.23_D,0.2941,0.2703,0.4273,0.2811,0.164,-0.088,0.372,51.82,0.423,0.445,3994,4224,-0.421212,0.078835,H5N6,Avian
1175,A/goose/Guangdong/04.23_DGQTXC237-O1/2015(H5N6)|EPI_ISL_199301,A/goose/Guangdong/04.23_D,0.2961,0.2678,0.4286,0.2787,0.164,-0.085,0.373,51.98,0.42,0.445,3994,4224,-0.418016,0.078835,H5N6,Avian
1176,A/goose/Guangdong/04.23_DGQTXC237-O/2015(Mixed)|EPI_ISL_200242,A/goose/Guangdong/04.23_D,0.2911,0.2664,0.4421,0.2708,0.165,-0.077,0.378,51.36,0.413,0.442,3995,4224,-0.423982,0.079072,H5N6,Avian
1177,A/goose/Guangdong/7.20_DGCP010-C/2017|EPI_ISL_707658,A/goose/Guangdong/7.20_DG,0.2961,0.2693,0.4295,0.2762,0.164,-0.085,0.373,52.14,0.419,0.445,4001,4232,-0.411508,0.078922,H5N6,Avian
1178,A/goose/Guangdong/k0103/2010|EPI_ISL_139384,A/goose/Guangdong/k0103/2,0.3018,0.2722,0.4282,0.2691,0.169,-0.084,0.374,52.21,0.416,0.442,4014,4247,-0.402425,0.080527,Others,Avian
1179,A/Goose/Guangdong/PO1707260055/GZH/2017-08-02|EPI_ISL_340852,A/Goose/Guangdong/PO17072,0.2974,0.2669,0.4291,0.2774,0.164,-0.085,0.373,52.07,0.418,0.444,3954,4182,-0.414778,0.078431,H5N6,Avian
1180,A/goose/Guangdong/QY01/2016|EPI_ISL_272740,A/goose/Guangdong/QY01/20,0.2972,0.2662,0.4303,0.2764,0.165,-0.084,0.374,51.9,0.417,0.445,3998,4232,-0.416044,0.078686,H5N6,Avian
1181,A/goose/Guangdong/S230/2021|EPI_ISL_19293707,A/goose/Guangdong/S230/20,0.2976,0.2663,0.4286,0.2787,0.163,-0.092,0.369,52.16,0.418,0.444,4004,4232,-0.41094,0.078922,H5N6,Avian
1182,A/goose/Guangdong/S4751/2021(H5N6)|EPI_ISL_11208200,A/goose/Guangdong/S4751/2,0.2938,0.2726,0.4272,0.2756,0.165,-0.078,0.378,52.1,0.422,0.446,4007,4238,-0.413733,0.079283,H5N6,Avian
1183,A/goose/Guangdong/s13124/2013|EPI_ISL_201798,A/goose/Guangdong/s13124/,0.3089,0.2664,0.4259,0.2684,0.17,-0.081,0.375,52.38,0.411,0.441,4015,4244,-0.394628,0.082234,H5N8,Avian
1184,A/goose/Guangdong/SH7/2013(H5N1)|EPI_ISL_259927,A/goose/Guangdong/SH7/201,0.3119,0.2671,0.412,0.2807,0.166,-0.081,0.376,52.94,0.42,0.444,3993,4223,-0.40161,0.081459,H5N1,Avian
1185,A/goose/Guangdong/YJD/2014|EPI_ISL_295143,A/goose/Guangdong/YJD/201,0.3029,0.2658,0.422,0.2826,0.163,-0.09,0.371,52.37,0.42,0.444,4001,4233,-0.41734,0.078431,H5N6,Avian
1186,A/goose/Guangxi/S20601/2021|EPI_ISL_5260446,A/goose/Guangxi/S20601/20,0.3022,0.2725,0.4085,0.2846,0.166,-0.074,0.379,52.97,0.429,0.449,4005,4236,-0.398536,0.081445,H5N8,Avian
1187,A/goose/Guizhou/S1541/2022(H5N1)|EPI_ISL_12572661,A/goose/Guizhou/S1541/202,0.296,0.2839,0.3977,0.2939,0.17,-0.063,0.387,53.17,0.444,0.451,4015,4248,-0.405108,0.082156,H5N1,Avian
1188,A/goose/Henan/01.01_LYGL001-O/2017|EPI_ISL_707659,A/goose/Henan/01.01_LYGL0,0.2956,0.2678,0.4348,0.2724,0.165,-0.085,0.374,51.78,0.415,0.443,3996,4232,-0.415572,0.078922,H5N6,Avian
1189,A/goose/Henan/S1315/2021|EPI_ISL_5260447,A/goose/Henan/S1315/2021|,0.3038,0.2713,0.4059,0.2873,0.165,-0.077,0.378,52.94,0.43,0.449,4005,4236,-0.399221,0.081681,H5N8,Avian
1190,A/goose/Hubei/113/2014|EPI_ISL_255823,A/goose/Hubei/113/2014|EP,0.3013,0.2672,0.4287,0.2751,0.163,-0.09,0.37,52.26,0.416,0.442,4002,4233,-0.410158,0.078904,H5N6,Avian
1191,A/goose/HuBei/117/2014|EPI_ISL_255824,A/goose/HuBei/117/2014|EP,0.301,0.2678,0.4275,0.2759,0.163,-0.089,0.371,52.21,0.417,0.443,4001,4233,-0.408883,0.07914,H5N6,Avian
1192,A/goose/Hunan/81/2014|EPI_ISL_255834,A/goose/Hunan/81/2014|EPI,0.2985,0.269,0.4209,0.2841,0.162,-0.095,0.367,52.47,0.424,0.446,4003,4233,-0.41623,0.078668,H5N6,Avian
1193,A/goose/Hunan/82/2014|EPI_ISL_255835,A/goose/Hunan/82/2014|EPI,0.2981,0.2689,0.4218,0.2831,0.161,-0.094,0.368,52.4,0.424,0.446,4002,4233,-0.410961,0.078904,H5N6,Avian
1194,A/goose/Hunan/107/2014|EPI_ISL_255825,A/goose/Hunan/107/2014|EP,0.3011,0.2676,0.4294,0.2743,0.163,-0.089,0.371,52.23,0.416,0.442,4002,4233,-0.407654,0.078904,H5N6,Avian
1195,A/goose/Hunan/109/2014|EPI_ISL_255826,A/goose/Hunan/109/2014|EP,0.3004,0.2675,0.429,0.2753,0.164,-0.088,0.371,52.2,0.416,0.442,4002,4233,-0.411151,0.078904,H5N6,Avian
1196,A/goose/Hunan/110/2014|EPI_ISL_255827,A/goose/Hunan/110/2014|EP,0.3013,0.2672,0.4285,0.2754,0.163,-0.09,0.37,52.26,0.416,0.442,4002,4233,-0.410607,0.078904,H5N6,Avian
1197,A/goose/Hunan/111/2014|EPI_ISL_255828,A/goose/Hunan/111/2014|EP,0.3004,0.2689,0.4297,0.2752,0.164,-0.089,0.371,52.25,0.417,0.442,4001,4233,-0.411339,0.079376,H5N6,Avian
1198,A/goose/Hunan/115/2014|EPI_ISL_255829,A/goose/Hunan/115/2014|EP,0.3016,0.2669,0.4275,0.2771,0.164,-0.088,0.371,52.17,0.417,0.443,4002,4233,-0.409898,0.078904,H5N6,Avian
1199,A/goose/Hunan/116/2014|EPI_ISL_255830,A/goose/Hunan/116/2014|EP,0.3031,0.2659,0.4307,0.2729,0.163,-0.092,0.369,52.11,0.413,0.441,4002,4233,-0.409331,0.078904,H5N6,Avian
1200,A/goose/Hunan/155/2014|EPI_ISL_255831,A/goose/Hunan/155/2014|EP,0.2982,0.2708,0.4218,0.2822,0.163,-0.091,0.37,52.6,0.424,0.446,4002,4233,-0.415048,0.078904,H5N6,Avian
1201,A/goose/Hunan/159/2014|EPI_ISL_255832,A/goose/Hunan/159/2014|EP,0.2979,0.2699,0.4226,0.282,0.162,-0.092,0.369,52.53,0.423,0.446,4003,4233,-0.416301,0.07914,H5N6,Avian
1202,A/goose/Hunan/160/2014|EPI_ISL_255833,A/goose/Hunan/160/2014|EP,0.2986,0.2691,0.4221,0.2826,0.162,-0.093,0.368,52.48,0.423,0.446,4003,4233,-0.415663,0.078904,H5N6,Avian
1203,A/goose/Hunan/161/2014|EPI_ISL_255388,A/goose/Hunan/161/2014|EP,0.2976,0.2702,0.4231,0.2816,0.162,-0.093,0.369,52.52,0.423,0.446,4002,4233,-0.418663,0.078904,H5N6,Avian
1204,A/goose/Hunan/HN11/2015|EPI_ISL_255836,A/goose/Hunan/HN11/2015|E,0.2972,0.2677,0.4286,0.2788,0.165,-0.081,0.375,51.84,0.419,0.444,4000,4233,-0.416253,0.078904,H5N6,Avian
1205,A/goose/Hunan/HN22/2015|EPI_ISL_255837,A/goose/Hunan/HN22/2015|E,0.2966,0.2702,0.4223,0.2831,0.163,-0.088,0.371,52.58,0.424,0.446,4003,4233,-0.413655,0.078668,H5N6,Avian
1206,A/goose/Hunan/HN57/2015|EPI_ISL_255847,A/goose/Hunan/HN57/2015|E,0.296,0.2714,0.4226,0.2826,0.163,-0.089,0.371,52.52,0.425,0.446,4003,4233,-0.414765,0.078668,H5N6,Avian
1207,A/goose/Hunan/HN88/2015|EPI_ISL_255848,A/goose/Hunan/HN88/2015|E,0.3009,0.268,0.4286,0.2749,0.163,-0.09,0.37,52.22,0.416,0.442,4002,4233,-0.408835,0.078904,H5N6,Avian
1208,A/goose/Hunan/HN90/2015|EPI_ISL_255849,A/goose/Hunan/HN90/2015|E,0.3012,0.2677,0.4285,0.2748,0.163,-0.09,0.37,52.25,0.416,0.442,4002,4233,-0.40952,0.078904,H5N6,Avian
1209,A/goose/Hunan/HN310/2015|EPI_ISL_255838,A/goose/Hunan/HN310/2015|,0.2914,0.2741,0.4298,0.2777,0.165,-0.08,0.376,51.88,0.423,0.445,3999,4233,-0.416395,0.078904,H5N6,Avian
1210,A/goose/Hunan/HN311/2015|EPI_ISL_255839,A/goose/Hunan/HN311/2015|,0.2945,0.2722,0.4256,0.281,0.163,-0.085,0.373,51.96,0.424,0.445,4001,4233,-0.410395,0.078668,H5N6,Avian
1211,A/goose/Hunan/HN314/2015|EPI_ISL_255840,A/goose/Hunan/HN314/2015|,0.297,0.2677,0.4287,0.2776,0.165,-0.082,0.375,52.35,0.419,0.445,3999,4233,-0.418001,0.078904,H5N6,Avian
1212,A/goose/Hunan/HN315/2015|EPI_ISL_255841,A/goose/Hunan/HN315/2015|,0.2972,0.2677,0.4291,0.277,0.165,-0.081,0.375,52.25,0.418,0.445,3999,4233,-0.419064,0.078904,H5N6,Avian
1213,A/goose/Hunan/HN316/2015|EPI_ISL_255842,A/goose/Hunan/HN316/2015|,0.2966,0.2689,0.4283,0.2778,0.165,-0.08,0.375,52.3,0.42,0.445,4000,4233,-0.420765,0.078904,H5N6,Avian
1214,A/goose/Hunan/HN317/2015|EPI_ISL_255843,A/goose/Hunan/HN317/2015|,0.2973,0.2677,0.4287,0.2776,0.165,-0.082,0.375,52.24,0.419,0.445,4000,4233,-0.419324,0.078904,H5N6,Avian
1215,A/goose/Hunan/HN318/2015|EPI_ISL_255844,A/goose/Hunan/HN318/2015|,0.2937,0.2702,0.4319,0.2762,0.165,-0.082,0.375,51.94,0.42,0.444,4001,4233,-0.41871,0.078904,H5N6,Avian
1216,A/goose/Hunan/HN319/2015|EPI_ISL_255845,A/goose/Hunan/HN319/2015|,0.2968,0.2685,0.4288,0.277,0.165,-0.082,0.375,52.21,0.419,0.445,4000,4233,-0.419372,0.078904,H5N6,Avian
1217,A/goose/Hunan/S11288/2021|EPI_ISL_5260448,A/goose/Hunan/S11288/2021,0.3018,0.2718,0.4063,0.2877,0.165,-0.075,0.378,53.18,0.431,0.45,4006,4236,-0.397073,0.081681,H5N8,Avian
1218,A/goose/Hunan/SE284/2022(H5N1)|EPI_ISL_12572662,A/goose/Hunan/SE284/2022(,0.3013,0.2798,0.406,0.2833,0.169,-0.071,0.382,52.78,0.433,0.449,4015,4248,-0.407086,0.081921,H5N1,Avian
1219,A/goose/Inner_Mongolia/IM-192/2014|EPI_ISL_329599,A/goose/Inner_Mongolia/IM,0.3063,0.2763,0.403,0.2872,0.172,-0.065,0.386,52.87,0.432,0.447,4015,4248,-0.411464,0.082627,H5N1,Avian
1220,A/goose/Jiangsu/k0403/2010|EPI_ISL_123950,A/goose/Jiangsu/k0403/201,0.2989,0.2803,0.4121,0.2828,0.171,-0.064,0.386,53.05,0.432,0.445,3991,4223,-0.410159,0.081932,H5N1,Avian
1221,A/goose/Jiangsu/QD5/2014|EPI_ISL_206490,A/goose/Jiangsu/QD5/2014|,0.312,0.2613,0.4179,0.2775,0.167,-0.085,0.373,52.76,0.415,0.443,4018,4249,-0.405342,0.082137,H5N8,Avian
1222,A/goose/Jiangsu/S1385/2021|EPI_ISL_5260449,A/goose/Jiangsu/S1385/202,0.3036,0.272,0.4054,0.2875,0.166,-0.074,0.379,53.14,0.431,0.449,4007,4236,-0.397686,0.081917,H5N8,Avian
1223,A/goose/Jiangxi/01.09_NFJX-15-01/2015(Mixed)|EPI_ISL_201374,A/goose/Jiangxi/01.09_NFJ,0.3013,0.2672,0.4285,0.2755,0.164,-0.088,0.372,52.21,0.416,0.442,4002,4233,-0.408788,0.078904,H5N6,Avian
1224,A/goose/Jilin/04.04_SY003-O/2015(H5N6)|EPI_ISL_198757,A/goose/Jilin/04.04_SY003,0.3006,0.2691,0.4217,0.2813,0.164,-0.091,0.37,52.43,0.422,0.446,3975,4202,-0.415612,0.079486,H5N6,Avian
1225,A/goose/Jilin/S4034/2019(H5N1)|EPI_ISL_18513241,A/goose/Jilin/S4034/2019(,0.3054,0.2706,0.4167,0.2792,0.167,-0.081,0.376,52.8,0.422,0.444,3993,4223,-0.409519,0.081459,H5N1,Avian
1226,A/goose/Liaoning/S1266/2021|EPI_ISL_5260451,A/goose/Liaoning/S1266/20,0.305,0.2698,0.4061,0.2872,0.165,-0.08,0.376,53.06,0.429,0.449,4005,4236,-0.397238,0.081681,H5N8,Avian
1227,A/goose/Pingtung/15010007-4/2015|EPI_ISL_4032560,A/goose/Pingtung/15010007,0.2996,0.2809,0.4132,0.2771,0.167,-0.082,0.376,51.99,0.429,0.445,4023,4254,-0.404725,0.080395,H5N2,Avian
1228,A/goose/Pingtung/15010037-1/2015|EPI_ISL_4032561,A/goose/Pingtung/15010037,0.2996,0.2809,0.4129,0.2774,0.167,-0.081,0.376,52.02,0.429,0.446,4023,4254,-0.404725,0.080395,H5N2,Avian
1229,A/goose/Pingtung/15050014/2015|EPI_ISL_4032562,A/goose/Pingtung/15050014,0.308,0.266,0.4085,0.287,0.165,-0.089,0.371,52.59,0.425,0.445,4024,4255,-0.402562,0.081081,H5N8,Avian
1230,A/goose/Pingtung/16010061/2016|EPI_ISL_4032563,A/goose/Pingtung/16010061,0.3093,0.2642,0.4116,0.2837,0.164,-0.092,0.368,52.53,0.422,0.444,4023,4255,-0.403807,0.081081,H5N8,Avian
1231,A/Goose/Qingyuan/16875/2016|EPI_ISL_278027,A/Goose/Qingyuan/16875/20,0.2989,0.2657,0.4308,0.2766,0.165,-0.089,0.371,52.04,0.416,0.443,4001,4233,-0.417553,0.078904,H5N6,Avian
1232,A/goose/Shandong/01.01_JY-GS/2015(H5N2)|EPI_ISL_199160,A/goose/Shandong/01.01_JY,0.3051,0.2735,0.4278,0.2632,0.172,-0.069,0.383,51.97,0.413,0.44,3997,4227,-0.40123,0.081382,H5N2,Avian
1233,A/goose/Shandong/01.07_JQ-GS/2015(H5N2)|EPI_ISL_199161,A/goose/Shandong/01.07_JQ,0.3045,0.2753,0.4272,0.2632,0.173,-0.068,0.383,51.98,0.415,0.441,3997,4227,-0.40045,0.081145,H5N2,Avian
1234,A/goose/Shandong/02.16_YG-GS/2015(H5N6)|EPI_ISL_199163,A/goose/Shandong/02.16_YG,0.2979,0.2699,0.4224,0.2822,0.163,-0.09,0.37,52.45,0.423,0.446,4001,4233,-0.409142,0.079376,H5N6,Avian
1235,A/goose/Shandong/02.26_GD/2015(H5N6)|EPI_ISL_199414,A/goose/Shandong/02.26_GD,0.2983,0.2688,0.4242,0.2817,0.163,-0.09,0.37,52.42,0.422,0.445,4002,4233,-0.412166,0.078904,H5N6,Avian
1236,A/goose/Shandong/03.10_HZ/2015(H5N1)|EPI_ISL_199411,A/goose/Shandong/03.10_HZ,0.3039,0.2712,0.4188,0.2794,0.166,-0.087,0.373,52.26,0.422,0.444,3993,4223,-0.411887,0.081695,H5N1,Avian
1237,A/goose/Shandong/03.16_JNRe-5/2014(H5N6)|EPI_ISL_199410,A/goose/Shandong/03.16_JN,0.3019,0.2705,0.4234,0.2775,0.165,-0.08,0.377,52.7,0.42,0.443,4001,4230,-0.41331,0.078723,H5N6,Avian
1238,A/goose/Shandong/04.22_GT/2015(H5N2)|EPI_ISL_199196,A/goose/Shandong/04.22_GT,0.3051,0.2738,0.4272,0.2635,0.172,-0.069,0.383,51.94,0.414,0.441,3997,4227,-0.401609,0.080908,H5N2,Avian
1239,A/goose/Shandong/05.23_AY-GS/2015(Mixed)|EPI_ISL_200468,A/goose/Shandong/05.23_AY,0.3097,0.2665,0.4146,0.2778,0.168,-0.078,0.377,52.98,0.419,0.445,4003,4230,-0.402908,0.08227,H5N8,Avian
1240,A/goose/Shandong/05.23_DT-GS/2014(H5N8)|EPI_ISL_199158,A/goose/Shandong/05.23_DT,0.3098,0.2661,0.4143,0.2782,0.168,-0.078,0.377,52.98,0.419,0.445,4018,4246,-0.400377,0.081959,H5N8,Avian
1241,A/goose/Shandong/06.14_HZ-GS/2014(Mixed)|EPI_ISL_200458,A/goose/Shandong/06.14_HZ,0.3102,0.2651,0.4155,0.2776,0.168,-0.078,0.377,52.9,0.418,0.444,4025,4255,-0.40181,0.081786,H5N8,Avian
1242,A/goose/Shandong/11.02_CQ-GS/2014(H5N6)|EPI_ISL_199153,A/goose/Shandong/11.02_CQ,0.2979,0.2722,0.4222,0.2822,0.164,-0.083,0.375,52.81,0.424,0.445,3996,4225,-0.412095,0.07858,H5N6,Avian
1243,A/goose/Shandong/12.05_YG-GS/2014(H5N6)|EPI_ISL_199155,A/goose/Shandong/12.05_YG,0.2987,0.2682,0.4226,0.283,0.163,-0.091,0.37,52.39,0.422,0.445,3993,4224,-0.411648,0.079309,H5N6,Avian
1244,A/goose/Shandong/12.08_YG-GS/2014(H5N8)|EPI_ISL_199156,A/goose/Shandong/12.08_YG,0.3082,0.2658,0.4145,0.2782,0.166,-0.086,0.373,53.04,0.42,0.445,3992,4220,-0.404171,0.081517,H5N8,Avian
1245,A/Goose/Shandong/21153-3/2021(H5N8)|EPI_ISL_7380500,A/Goose/Shandong/21153-3/,0.3029,0.2719,0.4081,0.2859,0.166,-0.076,0.378,52.96,0.429,0.448,4001,4231,-0.397022,0.08225,H5N8,Avian
1246,A/goose/Shandong/GD-GS/2014(H5N8)|EPI_ISL_199159,A/goose/Shandong/GD-GS/20,0.3115,0.265,0.4133,0.2787,0.168,-0.08,0.376,52.89,0.419,0.444,4017,4246,-0.399388,0.082195,H5N8,Avian
1247,A/goose/Shandong/GS/2013(H5N1)|EPI_ISL_199413,A/goose/Shandong/GS/2013(,0.3109,0.2672,0.4169,0.2768,0.169,-0.075,0.38,52.54,0.417,0.443,3995,4223,-0.41139,0.081695,H5N1,Avian
1248,A/goose/Shandong/LQ01694/2013|EPI_ISL_237551,A/goose/Shandong/LQ01694/,0.3085,0.2669,0.4224,0.272,0.17,-0.08,0.376,52.51,0.415,0.443,4012,4244,-0.400613,0.082705,H5N8,Avian
1249,A/goose/Tainan/16040018-1/2016|EPI_ISL_4032566,A/goose/Tainan/16040018-1,0.3093,0.264,0.4116,0.2838,0.164,-0.092,0.369,52.49,0.422,0.444,4023,4255,-0.402797,0.081316,H5N8,Avian
1250,A/goose/Tainan/16070002/2016|EPI_ISL_4032567,A/goose/Tainan/16070002/2,0.3112,0.2619,0.4124,0.2829,0.163,-0.096,0.367,52.47,0.419,0.443,4024,4255,-0.402585,0.081081,H5N8,Avian
1251,A/goose/Tainan/17030022-1/2017|EPI_ISL_4032568,A/goose/Tainan/17030022-1,0.2984,0.2794,0.4141,0.2786,0.167,-0.08,0.376,51.94,0.429,0.445,4024,4254,-0.402045,0.080395,H5N2,Avian
1252,A/goose/Tainan/17030024-1/2017|EPI_ISL_4032569,A/goose/Tainan/17030024-1,0.2997,0.2786,0.4134,0.2784,0.167,-0.083,0.374,51.93,0.428,0.445,4022,4254,-0.401293,0.080395,H5N2,Avian
1253,A/goose/Tainan/18010022-1/2018|EPI_ISL_4032570,A/goose/Tainan/18010022-1,0.2964,0.2816,0.4108,0.2818,0.168,-0.079,0.377,52.31,0.433,0.447,4022,4254,-0.400329,0.08016,H5N2,Avian
1254,A/goose/Tainan/18050014-1/2018|EPI_ISL_4032571,A/goose/Tainan/18050014-1,0.2981,0.2788,0.4134,0.2813,0.167,-0.083,0.375,52.28,0.43,0.445,4025,4254,-0.401058,0.080395,H5N2,Avian
1255,A/goose/Taiwan/01019/2015|EPI_ISL_219875,A/goose/Taiwan/01019/2015,0.3036,0.2707,0.4157,0.2778,0.168,-0.085,0.373,52.47,0.423,0.446,4031,4262,-0.399859,0.081417,H5N8,Avian
1256,A/goose/Taiwan/01022/2015|EPI_ISL_219879,A/goose/Taiwan/01022/2015,0.298,0.282,0.4139,0.2762,0.168,-0.079,0.377,52.01,0.43,0.446,4023,4254,-0.40322,0.08016,H5N2,Avian
1257,A/goose/Taiwan/01023/2015|EPI_ISL_219880,A/goose/Taiwan/01023/2015,0.2991,0.2807,0.4132,0.2777,0.168,-0.081,0.376,51.97,0.429,0.446,4024,4254,-0.403926,0.080395,H5N2,Avian
1258,A/goose/Taiwan/01031/2015|EPI_ISL_219881,A/goose/Taiwan/01031/2015,0.2986,0.282,0.4131,0.277,0.168,-0.079,0.377,51.99,0.43,0.446,4024,4254,-0.402468,0.080395,H5N2,Avian
1259,A/goose/Taiwan/01038/2015|EPI_ISL_219872,A/goose/Taiwan/01038/2015,0.3037,0.273,0.4099,0.2856,0.165,-0.085,0.374,53.11,0.429,0.445,4031,4261,-0.415701,0.080263,Others,Avian
1260,A/goose/Taiwan/01039/2015|EPI_ISL_219877,A/goose/Taiwan/01039/2015,0.3059,0.2684,0.4247,0.2688,0.168,-0.085,0.373,52.14,0.414,0.442,4032,4263,-0.40258,0.080694,H5N8,Avian
1261,A/goose/Taiwan/01040/2015|EPI_ISL_219882,A/goose/Taiwan/01040/2015,0.298,0.2817,0.4146,0.2763,0.167,-0.082,0.376,51.91,0.429,0.446,4023,4254,-0.40811,0.080395,H5N2,Avian
1262,A/goose/Taiwan/a015/2015|EPI_ISL_179023,A/goose/Taiwan/a015/2015|,0.3034,0.2713,0.4155,0.2782,0.168,-0.083,0.374,52.55,0.423,0.445,3982,4212,-0.402374,0.080484,H5N8,Avian
1263,A/goose/Taiwan/TNC1/2015|EPI_ISL_206456,A/goose/Taiwan/TNC1/2015|,0.3073,0.2671,0.4251,0.2686,0.168,-0.088,0.372,52.08,0.413,0.441,4026,4257,-0.403665,0.081278,H5N8,Avian
1264,A/goose/Taiwan/TNC3/2015|EPI_ISL_206458,A/goose/Taiwan/TNC3/2015|,0.3074,0.2672,0.4245,0.2692,0.168,-0.087,0.372,52.11,0.413,0.441,4026,4257,-0.402326,0.081278,H5N8,Avian
1265,A/goose/Taiwan/TNC4/2015|EPI_ISL_206459,A/goose/Taiwan/TNC4/2015|,0.3044,0.27,0.4177,0.2761,0.168,-0.084,0.374,52.44,0.421,0.445,4024,4256,-0.404018,0.081297,H5N8,Avian
1266,A/goose/Taiwan/TNC9/2015|EPI_ISL_206464,A/goose/Taiwan/TNC9/2015|,0.3074,0.2672,0.4245,0.2692,0.168,-0.087,0.372,52.1,0.413,0.441,4026,4257,-0.402326,0.081278,H5N8,Avian
1267,A/goose/Taiwan/TNC10/2015|EPI_ISL_206465,A/goose/Taiwan/TNC10/2015,0.3076,0.2668,0.4251,0.2686,0.168,-0.088,0.371,52.07,0.412,0.441,4026,4257,-0.402396,0.081278,H5N8,Avian
1268,A/goose/Taiwan/TNC12/2015|EPI_ISL_206467,A/goose/Taiwan/TNC12/2015,0.3073,0.2671,0.4251,0.2686,0.168,-0.088,0.372,52.08,0.413,0.441,4026,4257,-0.402396,0.081278,H5N8,Avian
1269,A/goose/Taiwan/TNC14/2015|EPI_ISL_206469,A/goose/Taiwan/TNC14/2015,0.3073,0.2671,0.4251,0.2686,0.168,-0.088,0.371,52.09,0.413,0.441,4026,4257,-0.402396,0.081278,H5N8,Avian
1270,A/goose/Taiwan/TNO3/2015|EPI_ISL_206472,A/goose/Taiwan/TNO3/2015|,0.306,0.2682,0.4253,0.2685,0.168,-0.087,0.372,52.08,0.414,0.442,4026,4257,-0.402044,0.081278,H5N8,Avian
1271,A/goose/Taiwan/TNO9/2015|EPI_ISL_206478,A/goose/Taiwan/TNO9/2015|,0.3041,0.2703,0.4177,0.2761,0.168,-0.084,0.374,52.46,0.421,0.445,4024,4256,-0.404018,0.081297,H5N8,Avian
1272,A/goose/Taiwan/TNO15/2015|EPI_ISL_206484,A/goose/Taiwan/TNO15/2015,0.3041,0.2703,0.4169,0.2766,0.168,-0.085,0.373,52.44,0.421,0.446,4024,4256,-0.403783,0.081062,H5N8,Avian
1273,A/goose/Taiwan/TNO17/2015|EPI_ISL_206486,A/goose/Taiwan/TNO17/2015,0.3076,0.2668,0.4251,0.2686,0.168,-0.088,0.371,52.07,0.412,0.441,4026,4257,-0.402396,0.081278,H5N8,Avian
1274,A/goose/Taoyuan/15010041/2015|EPI_ISL_4032572,A/goose/Taoyuan/15010041/,0.3063,0.2688,0.4251,0.2676,0.169,-0.086,0.372,52.09,0.413,0.441,4026,4256,-0.397744,0.081297,H5N8,Avian
1275,A/goose/Taoyuan/18120002-2/2018|EPI_ISL_4032573,A/goose/Taoyuan/18120002-,0.3009,0.277,0.4075,0.2867,0.17,-0.07,0.382,52.61,0.433,0.447,4023,4254,-0.405007,0.080395,H5N2,Avian
1276,A/goose/Xinjiang/12.18_WLMQXL001-C/2016|EPI_ISL_707661,A/goose/Xinjiang/12.18_WL,0.296,0.2689,0.4229,0.2845,0.162,-0.094,0.368,52.01,0.424,0.446,4001,4233,-0.409922,0.07914,H5N6,Avian
1277,A/goose/Xinjiang/12.18_WLMQXL002-O/2016|EPI_ISL_707662,A/goose/Xinjiang/12.18_WL,0.296,0.2689,0.4229,0.2844,0.161,-0.094,0.367,52.02,0.424,0.446,4001,4233,-0.410867,0.07914,H5N6,Avian
1278,A/goose/Xinjiang/12.18_WLMQXL003-C/2016|EPI_ISL_707663,A/goose/Xinjiang/12.18_WL,0.3022,0.2717,0.4124,0.2823,0.169,-0.067,0.383,53.05,0.427,0.447,4026,4255,-0.39631,0.081551,H5N8,Avian
1279,A/goose/Xinjiang/12.18_WLMQXL003-O/2016|EPI_ISL_707664,A/goose/Xinjiang/12.18_WL,0.302,0.2718,0.4125,0.2822,0.169,-0.067,0.383,53.03,0.427,0.447,4026,4255,-0.39631,0.081551,H5N8,Avian
1280,A/goose/Xinjiang/12.18_WLMQXL004-C/2016|EPI_ISL_707665,A/goose/Xinjiang/12.18_WL,0.302,0.2718,0.4124,0.282,0.17,-0.066,0.384,53.03,0.427,0.447,4026,4255,-0.39631,0.081551,H5N8,Avian
1281,A/goose/Xinjiang/12.18_WLMQXL004-O/2016|EPI_ISL_707666,A/goose/Xinjiang/12.18_WL,0.302,0.2718,0.4129,0.2819,0.169,-0.067,0.383,53.01,0.426,0.447,4026,4255,-0.39631,0.081551,H5N8,Avian
1282,A/goose/Yangzhou/0420/2014|EPI_ISL_206492,A/goose/Yangzhou/0420/201,0.3115,0.2627,0.417,0.2776,0.166,-0.084,0.374,52.94,0.416,0.443,4017,4249,-0.406472,0.082137,H5N8,Avian
1283,A/goose/Yangzhou/YZ587/2016|EPI_ISL_282394,A/goose/Yangzhou/YZ587/20,0.2954,0.2689,0.4357,0.2716,0.164,-0.085,0.373,51.81,0.415,0.442,4000,4233,-0.415167,0.078904,H5N6,Avian
1284,A/goose/Yunlin/15010005/2015|EPI_ISL_4032574,A/goose/Yunlin/15010005/2,0.2991,0.281,0.4144,0.2764,0.168,-0.081,0.376,51.92,0.429,0.445,4022,4254,-0.407146,0.080395,H5N2,Avian
1285,A/goose/Yunlin/15010009-1/2015|EPI_ISL_4032575,A/goose/Yunlin/15010009-1,0.2992,0.2807,0.4143,0.2767,0.168,-0.082,0.376,51.92,0.429,0.445,4022,4254,-0.406253,0.080395,H5N2,Avian
1286,A/goose/Yunlin/15010010-2/2015|EPI_ISL_4032576,A/goose/Yunlin/15010010-2,0.299,0.2809,0.414,0.2771,0.168,-0.081,0.376,51.93,0.429,0.446,4023,4254,-0.406441,0.080395,H5N2,Avian
1287,A/goose/Yunlin/15010011-1/2015|EPI_ISL_4032577,A/goose/Yunlin/15010011-1,0.299,0.2809,0.4143,0.2767,0.168,-0.081,0.376,51.88,0.429,0.445,4023,4254,-0.406535,0.080395,H5N2,Avian
1288,A/goose/Yunlin/15040040/2015|EPI_ISL_4055115,A/goose/Yunlin/15040040/2,0.3024,0.2722,0.4163,0.2773,0.168,-0.082,0.375,52.47,0.423,0.446,4029,4262,-0.402464,0.081183,H5N8,Avian
1289,A/goose/Yunlin/16020008-4/2016|EPI_ISL_4055116,A/goose/Yunlin/16020008-4,0.2994,0.2816,0.4145,0.2757,0.169,-0.077,0.379,52.18,0.428,0.445,4024,4254,-0.401222,0.080395,H5N2,Avian
1290,A/goose/Yunlin/16020011-1/2016|EPI_ISL_4055117,A/goose/Yunlin/16020011-1,0.3014,0.2799,0.4153,0.2746,0.169,-0.077,0.378,52.19,0.426,0.444,4023,4254,-0.401575,0.08063,H5N2,Avian
1291,A/goose/Yunlin/16040002-2/2016|EPI_ISL_4055119,A/goose/Yunlin/16040002-2,0.3002,0.2803,0.4156,0.2751,0.169,-0.078,0.378,52.14,0.427,0.445,4024,4254,-0.401763,0.08063,H5N2,Avian
1292,A/goose/Yunlin/17100005/2017|EPI_ISL_4055120,A/goose/Yunlin/17100005/2,0.3006,0.2771,0.4177,0.2755,0.167,-0.081,0.376,51.87,0.425,0.444,4023,4254,-0.403221,0.08063,H5N2,Avian
1293,A/goose/Yunlin/18030020-2/2018|EPI_ISL_4055122,A/goose/Yunlin/18030020-2,0.3008,0.2754,0.4121,0.2819,0.165,-0.083,0.375,52.38,0.428,0.446,4026,4254,-0.406229,0.08016,H5N2,Avian
1294,A/goose/Yunlin/18030020-3/2018|EPI_ISL_4055123,A/goose/Yunlin/18030020-3,0.3009,0.2755,0.4126,0.2815,0.165,-0.084,0.374,52.31,0.428,0.445,4025,4254,-0.406394,0.08016,H5N2,Avian
1295,A/goose/Yunlin/18040002-3/2018|EPI_ISL_4055124,A/goose/Yunlin/18040002-3,0.2984,0.2779,0.4117,0.2823,0.168,-0.079,0.377,52.24,0.431,0.446,4023,4254,-0.399224,0.079925,H5N2,Avian
1296,A/goose/Yunlin/18040018-2/2018|EPI_ISL_4055125,A/goose/Yunlin/18040018-2,0.2978,0.2794,0.4123,0.2817,0.167,-0.08,0.376,52.18,0.431,0.446,4023,4254,-0.400799,0.079925,H5N2,Avian
1297,A/goose/Yunlin/18090002-3/2018|EPI_ISL_4055127,A/goose/Yunlin/18090002-3,0.2965,0.2796,0.4132,0.2825,0.165,-0.082,0.375,52.37,0.432,0.445,4023,4254,-0.400823,0.08016,H5N2,Avian
1298,A/goose/Yunlin/18090006-1/2018|EPI_ISL_4055128,A/goose/Yunlin/18090006-1,0.3018,0.2731,0.419,0.277,0.166,-0.079,0.377,51.76,0.423,0.444,4029,4254,-0.404678,0.080395,H5N2,Avian
1299,A/goose/Yunlin/18110002-3/2018|EPI_ISL_4055129,A/goose/Yunlin/18110002-3,0.3008,0.2781,0.4046,0.288,0.17,-0.072,0.381,52.74,0.435,0.448,4024,4253,-0.405243,0.080179,H5N2,Avian
1300,A/goose/Yunnan/07.14_DQWCK119/2015(H5N6)|EPI_ISL_200820,A/goose/Yunnan/07.14_DQWC,0.297,0.2687,0.4276,0.2792,0.164,-0.086,0.373,51.95,0.42,0.444,3999,4233,-0.423057,0.07914,H5N6,Avian
1301,A/goose/Yunnan/07.14_DQWCK122/2015(H5N6)|EPI_ISL_200821,A/goose/Yunnan/07.14_DQWC,0.2969,0.2689,0.4276,0.2788,0.164,-0.086,0.373,52.02,0.42,0.444,3999,4233,-0.422797,0.07914,H5N6,Avian
1302,A/goose/Zhejiang/77166/2014|EPI_ISL_203733,A/goose/Zhejiang/77166/20,0.316,0.2636,0.4152,0.2759,0.165,-0.087,0.372,52.8,0.414,0.443,4014,4243,-0.402993,0.080132,H5N2,Avian
1303,A/goose/Zhejiang/77167/2014|EPI_ISL_203734,A/goose/Zhejiang/77167/20,0.3155,0.2631,0.4192,0.2736,0.165,-0.084,0.374,52.72,0.411,0.441,4015,4243,-0.405161,0.079896,H5N2,Avian
1304,A/goose/Zhejiang/77168/2014|EPI_ISL_203735,A/goose/Zhejiang/77168/20,0.3152,0.2634,0.4195,0.2732,0.165,-0.084,0.374,52.72,0.411,0.441,4015,4243,-0.405751,0.079896,H5N2,Avian
1305,A/goose/Zhejiang/112071/2014|EPI_ISL_203729,A/goose/Zhejiang/112071/2,0.3075,0.2702,0.4157,0.2788,0.165,-0.083,0.375,52.7,0.421,0.443,3994,4223,-0.412006,0.081459,H5N1,Avian
1306,A/goose/Zhejiang/112080/2014|EPI_ISL_203745,A/goose/Zhejiang/112080/2,0.2999,0.2673,0.4255,0.2815,0.165,-0.084,0.375,52.33,0.42,0.443,4012,4244,-0.409684,0.078464,H5N6,Avian
1307,A/goose/Zhejiang/727092/2014|EPI_ISL_203739,A/goose/Zhejiang/727092/2,0.2997,0.2669,0.4251,0.281,0.162,-0.093,0.369,52.39,0.42,0.444,4004,4233,-0.413229,0.078904,H5N6,Avian
1308,A/goose/Zhejiang/727098/2014|EPI_ISL_203730,A/goose/Zhejiang/727098/2,0.3126,0.2656,0.4173,0.2778,0.168,-0.079,0.378,52.52,0.416,0.441,3993,4223,-0.414847,0.082879,H5N1,Avian
1309,A/goose/Zhejiang/727110/2014|EPI_ISL_203740,A/goose/Zhejiang/727110/2,0.2991,0.2687,0.4261,0.2798,0.162,-0.094,0.368,52.27,0.42,0.444,4004,4233,-0.412025,0.079849,H5N6,Avian
1310,A/goose/Zhejiang/925036/2014|EPI_ISL_203741,A/goose/Zhejiang/925036/2,0.2987,0.2695,0.4272,0.2758,0.163,-0.091,0.37,52.26,0.419,0.445,4002,4233,-0.409095,0.078668,H5N6,Avian
1311,A/goose/Zhejiang/925037/2014|EPI_ISL_203752,A/goose/Zhejiang/925037/2,0.3096,0.2647,0.4178,0.2771,0.169,-0.075,0.379,52.43,0.417,0.444,4021,4249,-0.402424,0.082137,H5N8,Avian
1312,A/goose/Zhejiang/925104/2014|EPI_ISL_203753,A/goose/Zhejiang/925104/2,0.3102,0.265,0.4145,0.2784,0.167,-0.082,0.375,52.95,0.419,0.445,4020,4249,-0.403766,0.082137,H5N8,Avian
1313,A/goose/Zhejiang/925105/2014|EPI_ISL_203742,A/goose/Zhejiang/925105/2,0.3034,0.2672,0.4271,0.276,0.164,-0.085,0.374,52.6,0.416,0.442,4013,4244,-0.412182,0.078464,H5N6,Avian
1314,A/goose/Zhejiang/925106/2014|EPI_ISL_203743,A/goose/Zhejiang/925106/2,0.2926,0.2732,0.4256,0.2792,0.166,-0.08,0.377,52.36,0.425,0.446,4008,4238,-0.419136,0.079991,H5N6,Avian
1315,A/goose/Zhejiang/925108/2014|EPI_ISL_203744,A/goose/Zhejiang/925108/2,0.304,0.2666,0.4262,0.2769,0.164,-0.086,0.373,52.65,0.416,0.442,4016,4244,-0.41164,0.077992,H5N6,Avian
1316,A/goose/Zhejiang/1120132/2014|EPI_ISL_203746,A/goose/Zhejiang/1120132/,0.2998,0.2697,0.4261,0.2782,0.166,-0.083,0.375,52.44,0.419,0.443,4013,4244,-0.413713,0.078228,H5N6,Avian
1317,A/goose/Zhejiang/S1266/2021|EPI_ISL_5260450,A/goose/Zhejiang/S1266/20,0.3035,0.2713,0.4067,0.2869,0.166,-0.076,0.378,53.04,0.43,0.449,4004,4236,-0.40026,0.081681,H5N8,Avian
1318,A/Great_black-headed_Gull/Qinghai/YO1/2015_H5N1|EPI_ISL_200999,A/Great_black-headed_Gull,0.304,0.272,0.4179,0.2784,0.166,-0.086,0.374,52.42,0.422,0.444,3993,4223,-0.409567,0.082169,H5N1,Avian
1319,A/Great_Black-headed_Gull/Qinghai/YO1-B/2016|EPI_ISL_224752,A/Great_Black-headed_Gull,0.3017,0.2726,0.4101,0.2839,0.169,-0.069,0.382,53.16,0.429,0.448,4023,4255,-0.402891,0.081316,H5N8,Avian
1320,A/Great_black-headed_Gull/Qinghai/YO6/2015_H5N1|EPI_ISL_201000,A/Great_black-headed_Gull,0.3042,0.2712,0.4184,0.2787,0.165,-0.086,0.374,52.41,0.422,0.444,3993,4223,-0.414966,0.082169,H5N1,Avian
1321,A/Great_Cormorant/Hubei/chenhu_V2/2015_mixed|EPI_ISL_302495,A/Great_Cormorant/Hubei/c,0.2857,0.2757,0.4172,0.2941,0.164,-0.083,0.375,52.26,0.437,0.448,4000,4233,-0.418025,0.078904,H5N6,Avian
1322,A/Great_Cormorant/Hubei/chenhu_V9/2015|EPI_ISL_302706,A/Great_Cormorant/Hubei/c,0.2986,0.273,0.4059,0.2955,0.165,-0.086,0.374,53.05,0.436,0.447,3990,4223,-0.410064,0.081695,H5N1,Avian
1323,A/Great_Cormorant/Hubei/chenhu_V10/2015|EPI_ISL_302707,A/Great_Cormorant/Hubei/c,0.2989,0.2727,0.4057,0.2959,0.166,-0.086,0.374,53.06,0.436,0.447,3990,4223,-0.410703,0.081695,H5N1,Avian
1324,A/Great_Cormorant/Hubei/chenhu_V11/2015|EPI_ISL_302708,A/Great_Cormorant/Hubei/c,0.2848,0.2781,0.4198,0.2893,0.164,-0.083,0.375,52.2,0.436,0.448,4002,4233,-0.420694,0.078904,H5N6,Avian
1325,A/Great_Cormorant/Hubei/VI128/2015_H5N1|EPI_ISL_212420,A/Great_Cormorant/Hubei/V,0.3,0.2728,0.4065,0.2942,0.166,-0.083,0.376,52.84,0.434,0.446,3991,4223,-0.410703,0.081695,H5N1,Avian
1326,A/Great_Cormorant/Hubei/VI132/2015_H5N1|EPI_ISL_212421,A/Great_Cormorant/Hubei/V,0.2991,0.2734,0.4069,0.2937,0.166,-0.083,0.375,52.83,0.435,0.446,3991,4223,-0.409496,0.081695,H5N1,Avian
1327,A/Great_Cormorant/Hubei/VI133/2015_H5N1|EPI_ISL_212422,A/Great_Cormorant/Hubei/V,0.3006,0.2716,0.4071,0.2941,0.165,-0.085,0.375,52.82,0.433,0.446,3991,4223,-0.411272,0.081695,H5N1,Avian
1328,A/Great_Cormorant/Qinghai/a51/2016|EPI_ISL_292326,A/Great_Cormorant/Qinghai,0.3028,0.2723,0.4098,0.2838,0.17,-0.066,0.384,53.14,0.428,0.447,4025,4255,-0.406369,0.081081,H5N8,Avian
1329,A/Great_Cormorant/Qinghai/B82/2016|EPI_ISL_292188,A/Great_Cormorant/Qinghai,0.3019,0.2729,0.4096,0.2843,0.17,-0.066,0.384,53.13,0.429,0.448,4024,4255,-0.403972,0.081551,H5N8,Avian
1330,A/Great_Cormorant/Qinghai/Y01/2016|EPI_ISL_292185,A/Great_Cormorant/Qinghai,0.3038,0.2717,0.4095,0.2843,0.17,-0.068,0.383,53.06,0.428,0.447,4021,4255,-0.407474,0.081786,H5N8,Avian
1331,A/Great_Crested_Grebe/Qinghai/a737/2017|EPI_ISL_292477,A/Great_Crested_Grebe/Qin,0.3026,0.2733,0.4123,0.2806,0.17,-0.068,0.383,52.76,0.426,0.446,4024,4255,-0.397274,0.081316,H5N8,Avian
1332,A/grebe/Ningxia/SD001/2021|EPI_ISL_5260468,A/grebe/Ningxia/SD001/202,0.3022,0.2721,0.4066,0.2874,0.166,-0.074,0.379,52.93,0.431,0.449,4006,4236,-0.398395,0.081917,H5N8,Avian
1333,A/grebe/Shaanxi/SD001/2021|EPI_ISL_5260467,A/grebe/Shaanxi/SD001/202,0.3031,0.2718,0.4055,0.2885,0.166,-0.073,0.38,53.02,0.431,0.449,4006,4236,-0.397781,0.081681,H5N8,Avian
1334,A/grebe/Shandong/SC184/2021|EPI_ISL_5260466,A/grebe/Shandong/SC184/20,0.3038,0.2713,0.4061,0.2877,0.166,-0.075,0.379,53.08,0.43,0.449,4005,4236,-0.39771,0.081681,H5N8,Avian
1335,A/green-winged_teal/Guangdong/SD004/2021|EPI_ISL_5260452,A/green-winged_teal/Guang,0.3032,0.2722,0.4087,0.2836,0.166,-0.074,0.379,52.9,0.428,0.449,4006,4236,-0.402786,0.080973,H5N8,Avian
1336,A/Guangdong/1/2006|EPI_ISL_79678,A/Guangdong/1/2006|EPI_IS,0.3089,0.2697,0.4145,0.2785,0.17,-0.073,0.381,52.99,0.421,0.444,3989,4223,-0.407862,0.082169,H5N1,Human
1337,A/Guangdong/1/2008|EPI_ISL_73306,A/Guangdong/1/2008|EPI_IS,0.3082,0.2712,0.419,0.2747,0.17,-0.073,0.381,52.87,0.419,0.443,3990,4223,-0.411556,0.082169,H5N1,Human
1338,A/Guangdong/2/2006|EPI_ISL_73299,A/Guangdong/2/2006|EPI_IS,0.3088,0.2691,0.4147,0.2801,0.171,-0.071,0.383,52.67,0.421,0.444,3992,4223,-0.410064,0.081932,H5N1,Human
1339,A/Guangdong/18SF020/2018-09-30|EPI_ISL_340796,A/Guangdong/18SF020/2018-,0.2986,0.2673,0.4277,0.2778,0.164,-0.088,0.372,52.14,0.419,0.445,3963,4197,-0.424089,0.080057,H5N6,Human
1340,A/Guangdong/12903/2021|EPI_ISL_10792672,A/Guangdong/12903/2021|EP,0.287,0.2773,0.4264,0.2787,0.165,-0.076,0.379,52.1,0.428,0.447,4013,4244,-0.411805,0.079171,H5N6,Human
1341,A/Guangdong/lgf/2021|EPI_ISL_16208999,A/Guangdong/lgf/2021|EPI_,0.2878,0.2768,0.4259,0.2789,0.165,-0.078,0.377,52.16,0.428,0.447,4006,4238,-0.415385,0.079283,H5N6,Human
1342,A/Guangxi/1/2005|EPI_ISL_24608,A/Guangxi/1/2005|EPI_ISL_,0.307,0.2713,0.418,0.2756,0.17,-0.074,0.381,52.57,0.42,0.443,3993,4223,-0.412669,0.082169,H5N1,Human
1343,A/Guangxi/1/2005|EPI_ISL_73304,A/Guangxi/1/2005|EPI_ISL_,0.3075,0.2687,0.418,0.2787,0.17,-0.071,0.383,52.68,0.42,0.443,3950,4181,-0.419923,0.082277,H5N1,Human
1344,A/Guangxi/1/2008|EPI_ISL_73305,A/Guangxi/1/2008|EPI_ISL_,0.3095,0.2695,0.412,0.2813,0.17,-0.08,0.377,53.1,0.422,0.444,3993,4223,-0.408454,0.081932,H5N1,Human
1345,A/Guangxi/32797/2018|EPI_ISL_337276,A/Guangxi/32797/2018|EPI_,0.2967,0.269,0.4274,0.2775,0.164,-0.085,0.373,52.09,0.42,0.445,4000,4232,-0.413563,0.079395,H5N6,Human
1346,A/Guangxi/55726/2016|EPI_ISL_240704,A/Guangxi/55726/2016|EPI_,0.2992,0.2685,0.4291,0.2736,0.164,-0.089,0.371,52.1,0.417,0.444,4000,4233,-0.420671,0.078668,H5N6,Human
1347,A/Guangzhou/39715/2014|EPI_ISL_175335,A/Guangzhou/39715/2014|EP,0.2978,0.2695,0.4238,0.2814,0.163,-0.091,0.37,52.38,0.422,0.445,4003,4233,-0.420364,0.078904,H5N6,Human
1348,A/Guizhou/1/2009|EPI_ISL_73309,A/Guizhou/1/2009|EPI_ISL_,0.3068,0.271,0.4174,0.2766,0.17,-0.063,0.387,52.86,0.42,0.444,3991,4223,-0.409519,0.081695,H5N1,Human
1349,A/GX-guilin/11151/2021|EPI_ISL_3770740,A/GX-guilin/11151/2021|EP,0.2858,0.2779,0.4253,0.2815,0.164,-0.079,0.376,52.2,0.43,0.448,4013,4239,-0.406275,0.078084,H5N6,Human
1350,A/GX-hechi/01/2021|EPI_ISL_3770721,A/GX-hechi/01/2021|EPI_IS,0.2913,0.2681,0.4331,0.2789,0.164,-0.089,0.371,51.78,0.42,0.444,4001,4232,-0.412311,0.07845,H5N6,Human
1351,A/Hangzhou/01/2021|EPI_ISL_7983813,A/Hangzhou/01/2021|EPI_IS,0.2852,0.2746,0.4239,0.2878,0.162,-0.086,0.372,52.42,0.432,0.449,4012,4236,-0.409797,0.078612,H5N6,Human
1352,A/HeFei04171/2024|EPI_ISL_19356984,A/HeFei04171/2024|EPI_ISL,0.2923,0.2753,0.4218,0.2828,0.166,-0.081,0.376,52.32,0.429,0.448,4001,4230,-0.416998,0.079905,H5N6,Human
1353,A/heron/Kaohsiung/15WB3284-1-5/2015|EPI_ISL_19226439,A/heron/Kaohsiung/15WB328,0.3006,0.2788,0.4131,0.2806,0.169,-0.07,0.383,52.95,0.43,0.447,4023,4251,-0.413362,0.081157,Others,Avian
1354,A/heron/Taiwan/17DB0001/2017|EPI_ISL_4055130,A/heron/Taiwan/17DB0001/2,0.2973,0.2804,0.4114,0.2811,0.167,-0.081,0.376,52.16,0.432,0.446,4026,4254,-0.404984,0.080395,H5N2,Avian
1355,A/Herring_Gull/Hubei/CH-i149/2017_H5N8|EPI_ISL_266822,A/Herring_Gull/Hubei/CH-i,0.3016,0.2729,0.4102,0.284,0.17,-0.066,0.384,53.06,0.429,0.447,4024,4255,-0.404888,0.081081,H5N8,Avian
1356,A/hill_myna/Heilongjiang/0704/2012|EPI_ISL_162442,A/hill_myna/Heilongjiang/,0.3069,0.2703,0.4164,0.2792,0.167,-0.08,0.377,53.02,0.421,0.444,3995,4223,-0.415913,0.081695,H5N1,Avian
1357,A/Hong_Kong/5923/2012|EPI_ISL_121190,A/Hong_Kong/5923/2012|EPI,0.3099,0.267,0.4182,0.2769,0.165,-0.085,0.374,52.79,0.417,0.443,3996,4224,-0.40483,0.081913,H5N1,Human
1358,A/Hubei/29578/2016_x_PR8__(CNIC-HB29578)|EPI_ISL_341293,A/Hubei/29578/2016_x_PR8_,0.3161,0.2631,0.4257,0.2654,0.163,-0.097,0.367,52.11,0.406,0.438,4002,4240,-0.405755,0.079245,H5N6,Human
1359,A/Hubei/29578/2016|EPI_ISL_256213,A/Hubei/29578/2016|EPI_IS,0.2865,0.2728,0.4293,0.284,0.165,-0.082,0.375,51.92,0.427,0.446,3998,4224,-0.411151,0.079072,H5N6,Human
1360,A/Hunan/1/2006|EPI_ISL_79677,A/Hunan/1/2006|EPI_ISL_79,0.306,0.2718,0.415,0.2791,0.172,-0.069,0.384,52.92,0.423,0.445,3992,4223,-0.40869,0.081932,H5N1,Human
1361,A/Hunan/1/2008|EPI_ISL_73303,A/Hunan/1/2008|EPI_ISL_73,0.315,0.266,0.4083,0.2848,0.172,-0.076,0.38,53.03,0.422,0.443,3988,4223,-0.411343,0.082169,H5N1,Human
1362,A/Hunan/2/2009|EPI_ISL_79687,A/Hunan/2/2009|EPI_ISL_79,0.309,0.2696,0.4163,0.2772,0.171,-0.064,0.386,52.99,0.42,0.444,3992,4223,-0.408454,0.081932,H5N1,Human
1363,A/Japanese_white-eye/Taoyuan/Q454/2012|EPI_ISL_154971,A/Japanese_white-eye/Taoy,0.3078,0.2691,0.4164,0.2799,0.167,-0.082,0.376,53.02,0.421,0.444,3996,4223,-0.415676,0.081695,H5N1,Avian
1364,A/Jiangsu/1/2007|EPI_ISL_79683,A/Jiangsu/1/2007|EPI_ISL_,0.3095,0.2703,0.4158,0.278,0.17,-0.073,0.381,52.93,0.42,0.443,3990,4223,-0.413166,0.081932,H5N1,Human
1365,A/Jiangsu/1/2018|EPI_ISL_332400,A/Jiangsu/1/2018|EPI_ISL_,0.2952,0.2702,0.427,0.2795,0.167,-0.079,0.377,51.98,0.422,0.445,4004,4234,-0.409518,0.078649,H5N6,Human
1366,A/Jiangsu/1/2018|EPI_ISL_332402,A/Jiangsu/1/2018|EPI_ISL_,0.2954,0.2704,0.4273,0.279,0.167,-0.079,0.377,51.98,0.421,0.445,4002,4232,-0.410988,0.078686,H5N6,Human
1367,A/Jiangsu/1/2020_(H5N6)|EPI_ISL_718225,A/Jiangsu/1/2020_(H5N6)|E,0.2906,0.2753,0.4186,0.2897,0.165,-0.09,0.371,51.93,0.433,0.447,3998,4231,-0.414961,0.078941,H5N6,Human
1368,A/Jiangsu/1/2020(H5N6)|EPI_ISL_718266,A/Jiangsu/1/2020(H5N6)|EP,0.2906,0.2753,0.4186,0.2897,0.165,-0.09,0.371,51.93,0.433,0.447,3998,4231,-0.414961,0.078941,H5N6,Human
1369,A/Jiangsu/2/2007|EPI_ISL_79684,A/Jiangsu/2/2007|EPI_ISL_,0.3095,0.2703,0.4158,0.278,0.17,-0.073,0.381,52.93,0.42,0.443,3990,4223,-0.413166,0.081932,H5N1,Human
1370,A/Jiangsu/JSSZ01/2018|EPI_ISL_368368,A/Jiangsu/JSSZ01/2018|EPI,0.2955,0.2701,0.4268,0.2797,0.167,-0.079,0.377,51.97,0.422,0.445,4001,4232,-0.410113,0.078686,H5N6,Human
1371,A/Jiangxi/1/2005|EPI_ISL_24609,A/Jiangxi/1/2005|EPI_ISL_,0.3113,0.2703,0.4061,0.2854,0.172,-0.075,0.381,53.42,0.426,0.446,3992,4223,-0.411793,0.082169,H5N1,Human
1372,A/Jiangxi/16791/2022|EPI_ISL_18000337,A/Jiangxi/16791/2022|EPI_,0.2844,0.2786,0.4271,0.2803,0.164,-0.079,0.376,52.27,0.43,0.448,4011,4239,-0.405733,0.078084,H5N6,Human
1373,A/lesser_kestrel/Heilongjiang/194/2007|EPI_ISL_63521,A/lesser_kestrel/Heilongj,0.31,0.2679,0.4051,0.2896,0.169,-0.077,0.38,52.95,0.427,0.446,3990,4223,-0.405731,0.082169,H5N1,Avian
1374,A/lion/Hubei/1-2/2016|EPI_ISL_244744,A/lion/Hubei/1-2/2016|EPI,0.3015,0.2703,0.4072,0.2946,0.165,-0.087,0.373,52.78,0.433,0.445,3990,4223,-0.408099,0.081932,H5N1,Nonhuman Mammal
1375,A/Luscinia_cyane/Jiangxi/U2/2016_(H5N6)|EPI_ISL_386922,A/Luscinia_cyane/Jiangxi/,0.2925,0.2725,0.4257,0.2787,0.166,-0.082,0.375,52.46,0.424,0.446,4013,4244,-0.412889,0.079642,H5N6,Avian
1376,A/mallard_duck/Shanghai/SH-9/2013|EPI_ISL_156815,A/mallard_duck/Shanghai/S,0.3133,0.2621,0.4152,0.2784,0.168,-0.082,0.375,52.88,0.416,0.443,4019,4249,-0.401906,0.082372,H5N8,Avian
1377,A/mallard/Heilongjiang/HLJ-69/2013|EPI_ISL_378284,A/mallard/Heilongjiang/HL,0.2993,0.2746,0.4055,0.2947,0.169,-0.071,0.382,53.02,0.436,0.448,3993,4223,-0.414776,0.081695,H5N1,Avian
1378,A/Mallard/Jiangxi/JXH9/2014_(H5N6)|EPI_ISL_386927,A/Mallard/Jiangxi/JXH9/20,0.2939,0.273,0.4151,0.2886,0.164,-0.089,0.371,52.57,0.432,0.449,4017,4253,-0.410675,0.077827,H5N6,Avian
1379,A/Mallard/Jiangxi/JXH22/2014_(H5N6)|EPI_ISL_386926,A/Mallard/Jiangxi/JXH22/2,0.2949,0.2714,0.4186,0.2876,0.164,-0.089,0.371,52.43,0.429,0.446,3999,4233,-0.413915,0.078904,H5N6,Avian
1380,A/mallard/Ningxia/175/2020|EPI_ISL_2815374,A/mallard/Ningxia/175/202,0.304,0.2715,0.404,0.2894,0.166,-0.078,0.377,53.14,0.432,0.449,4021,4249,-0.400188,0.081666,H5N8,Avian
1381,A/mallard/Ningxia/176/2020|EPI_ISL_2820250,A/mallard/Ningxia/176/202,0.3043,0.2712,0.4046,0.2886,0.167,-0.078,0.377,53.1,0.431,0.449,4021,4249,-0.402095,0.081666,H5N8,Avian
1382,A/mallard/Ningxia/239/2020|EPI_ISL_2820288,A/mallard/Ningxia/239/202,0.304,0.2712,0.4049,0.2887,0.167,-0.077,0.378,53.1,0.431,0.448,4021,4249,-0.399317,0.081666,H5N8,Avian
1383,A/mallard/Ningxia/241/2020|EPI_ISL_2820465,A/mallard/Ningxia/241/202,0.3044,0.2716,0.4043,0.2887,0.167,-0.077,0.378,53.12,0.431,0.449,4021,4249,-0.398964,0.081666,H5N8,Avian
1384,A/mallard/Ningxia/247/2020|EPI_ISL_2820501,A/mallard/Ningxia/247/202,0.3038,0.2717,0.4046,0.2891,0.167,-0.077,0.377,53.12,0.432,0.448,4030,4258,-0.402396,0.081494,H5N8,Avian
1385,A/mallard/Ningxia/249/2020|EPI_ISL_2820503,A/mallard/Ningxia/249/202,0.3041,0.2716,0.4052,0.2879,0.167,-0.078,0.377,53.12,0.431,0.448,4021,4249,-0.398729,0.081666,H5N8,Avian
1386,A/mandarin_duck/Heilongjiang/HL-1/2021|EPI_ISL_13352712,A/mandarin_duck/Heilongji,0.295,0.284,0.3984,0.294,0.17,-0.066,0.385,53.17,0.444,0.451,3977,4209,-0.412212,0.08173,H5N1,Avian
1387,A/mandarin_duck/Henan/426/2021|EPI_ISL_13352728,A/mandarin_duck/Henan/426,0.3011,0.28,0.4063,0.2836,0.17,-0.07,0.383,52.85,0.433,0.449,3976,4209,-0.41062,0.08173,H5N1,Avian
1388,A/meerkat/Shanghai/SH-1/2012|EPI_ISL_378627,A/meerkat/Shanghai/SH-1/2,0.31,0.2685,0.4131,0.2813,0.167,-0.079,0.378,52.7,0.421,0.444,3993,4223,-0.413119,0.081695,H5N1,Nonhuman Mammal
1389,A/migratory_waterfowl/Hubei/Chenhu1306/2014|EPI_ISL_234376,A/migratory_waterfowl/Hub,0.2988,0.2708,0.424,0.2799,0.163,-0.087,0.372,52.64,0.422,0.444,4014,4244,-0.414043,0.078464,H5N6,Avian
1390,A/migratory_waterfowl/Hubei/Chenhu1347/2014|EPI_ISL_234377,A/migratory_waterfowl/Hub,0.2991,0.2705,0.424,0.2799,0.163,-0.088,0.372,52.66,0.422,0.444,4014,4244,-0.414138,0.078464,H5N6,Avian
1391,A/mink/China/181/2019|EPI_ISL_14174436,A/mink/China/181/2019|EPI,0.2972,0.2683,0.4307,0.2745,0.164,-0.09,0.37,51.93,0.417,0.444,4001,4232,-0.40716,0.078922,H5N6,Nonhuman Mammal
1392,A/mink/China/183/2019|EPI_ISL_14174437,A/mink/China/183/2019|EPI,0.2982,0.266,0.4279,0.2797,0.163,-0.09,0.37,51.86,0.419,0.444,4002,4232,-0.414414,0.079159,H5N6,Nonhuman Mammal
1393,A/mink/China/191/2019|EPI_ISL_14174476,A/mink/China/191/2019|EPI,0.2984,0.2655,0.4275,0.2795,0.164,-0.089,0.371,51.93,0.418,0.445,4003,4232,-0.411697,0.078922,H5N6,Nonhuman Mammal
1394,A/mink/China/456/2018|EPI_ISL_14174522,A/mink/China/456/2018|EPI,0.2926,0.2722,0.4268,0.2808,0.166,-0.074,0.38,52.22,0.424,0.446,4005,4232,-0.412713,0.078686,H5N6,Nonhuman Mammal
1395,A/mink/China/G/2015|EPI_ISL_243347,A/mink/China/G/2015|EPI_I,0.3113,0.2629,0.4224,0.2744,0.167,-0.079,0.377,52.71,0.412,0.442,3996,4224,-0.404072,0.081439,H5N1,Nonhuman Mammal
1396,A/mink/China/XB/2015|EPI_ISL_243348,A/mink/China/XB/2015|EPI_,0.2999,0.2709,0.4066,0.2956,0.165,-0.085,0.374,52.88,0.434,0.446,3989,4223,-0.411059,0.081459,H5N1,Nonhuman Mammal
1397,A/mink/Eastern_China/006/2018|EPI_ISL_502201,A/mink/Eastern_China/006/,0.2857,0.2793,0.427,0.2785,0.166,-0.077,0.379,52.51,0.429,0.447,4005,4237,-0.423885,0.079537,H5N6,Nonhuman Mammal
1398,A/mink/Eastern_China/149/2018|EPI_ISL_502204,A/mink/Eastern_China/149/,0.2945,0.2702,0.4293,0.2781,0.164,-0.084,0.374,52.14,0.421,0.445,4000,4232,-0.417202,0.078922,H5N6,Nonhuman Mammal
1399,A/mink/Eastern_China/528/2018|EPI_ISL_502205,A/mink/Eastern_China/528/,0.2866,0.2799,0.4283,0.2765,0.167,-0.075,0.38,52.62,0.428,0.446,4006,4237,-0.422044,0.079301,H5N6,Nonhuman Mammal
1400,A/mink/Eastern_China/571/2018|EPI_ISL_502208,A/mink/Eastern_China/571/,0.297,0.2678,0.4312,0.275,0.164,-0.088,0.371,52.08,0.417,0.444,4002,4232,-0.411224,0.078922,H5N6,Nonhuman Mammal
1401,A/mink/Eastern_China/0712/2018|EPI_ISL_502207,A/mink/Eastern_China/0712,0.3165,0.2615,0.4412,0.2512,0.16,-0.101,0.365,51.77,0.394,0.432,4006,4236,-0.409183,0.082153,H5N1,Nonhuman Mammal
1402,A/mink/Northern_China/110/2018|EPI_ISL_502203,A/mink/Northern_China/110,0.2857,0.2818,0.4227,0.2814,0.17,-0.061,0.387,52.3,0.433,0.448,4007,4238,-0.421779,0.079283,H5N6,Nonhuman Mammal
1403,A/Muscovy_duck/China/FJFZ21/H5N6/2020|EPI_ISL_833248,A/Muscovy_duck/China/FJFZ,0.2959,0.2689,0.4307,0.2756,0.162,-0.087,0.372,52.32,0.418,0.443,4004,4232,-0.410681,0.079395,H5N6,Avian
1404,A/Muscovy_duck/China/H5N6/2020|EPI_ISL_4071932,A/Muscovy_duck/China/H5N6,0.296,0.2689,0.4307,0.2756,0.162,-0.087,0.372,52.34,0.418,0.443,4004,4232,-0.410539,0.079395,H5N6,Avian
1405,A/muscovy/duck/Hunan/85/2014|EPI_ISL_255866,A/muscovy/duck/Hunan/85/2,0.2975,0.2701,0.4216,0.2836,0.162,-0.091,0.37,52.52,0.425,0.446,4002,4233,-0.416678,0.078904,H5N6,Avian
1406,A/muscovy/duck/Hunan/88/2014|EPI_ISL_255867,A/muscovy/duck/Hunan/88/2,0.2972,0.2702,0.4227,0.2824,0.162,-0.091,0.37,52.46,0.424,0.446,4002,4233,-0.414104,0.07914,H5N6,Avian
1407,A/muscovy/duck/Hunan/89/2014|EPI_ISL_255868,A/muscovy/duck/Hunan/89/2,0.2977,0.2697,0.4221,0.2831,0.162,-0.092,0.369,52.52,0.424,0.446,4003,4233,-0.419324,0.078904,H5N6,Avian
1408,A/muscovy/duck/Hunan/90/2014|EPI_ISL_255869,A/muscovy/duck/Hunan/90/2,0.2976,0.2699,0.4224,0.2826,0.162,-0.09,0.37,52.51,0.424,0.446,4003,4233,-0.417175,0.078904,H5N6,Avian
1409,A/muscovy/duck/Hunan/93/2014|EPI_ISL_255870,A/muscovy/duck/Hunan/93/2,0.2967,0.2708,0.4226,0.282,0.162,-0.091,0.37,52.5,0.424,0.446,4003,4233,-0.418994,0.078668,H5N6,Avian
1410,A/muscovy/duck/Hunan/94/2014|EPI_ISL_255871,A/muscovy/duck/Hunan/94/2,0.2961,0.2708,0.4226,0.283,0.162,-0.09,0.37,52.47,0.425,0.446,4003,4233,-0.412143,0.07914,H5N6,Avian
1411,A/muscovy/duck/Hunan/101/2014|EPI_ISL_255851,A/muscovy/duck/Hunan/101/,0.3002,0.2673,0.4287,0.2756,0.163,-0.09,0.37,52.16,0.416,0.443,4003,4233,-0.409071,0.078904,H5N6,Avian
1412,A/muscovy/duck/Hunan/102/2014|EPI_ISL_255852,A/muscovy/duck/Hunan/102/,0.3012,0.265,0.4295,0.2758,0.162,-0.094,0.367,52.08,0.415,0.442,4003,4233,-0.409331,0.078904,H5N6,Avian
1413,A/muscovy/duck/Hunan/103/2014|EPI_ISL_255853,A/muscovy/duck/Hunan/103/,0.2996,0.2674,0.4279,0.2767,0.164,-0.089,0.371,52.19,0.417,0.443,4003,4233,-0.409898,0.078904,H5N6,Avian
1414,A/muscovy/duck/Hunan/104/2014|EPI_ISL_255854,A/muscovy/duck/Hunan/104/,0.3009,0.2677,0.4269,0.2762,0.164,-0.089,0.371,52.19,0.417,0.443,4002,4233,-0.411458,0.078904,H5N6,Avian
1415,A/muscovy/duck/Hunan/125/2014|EPI_ISL_255857,A/muscovy/duck/Hunan/125/,0.3016,0.2669,0.4288,0.2752,0.163,-0.091,0.37,52.31,0.416,0.442,4002,4233,-0.409379,0.078904,H5N6,Avian
1416,A/muscovy/duck/Hunan/147/2014|EPI_ISL_255858,A/muscovy/duck/Hunan/147/,0.3009,0.268,0.4282,0.2752,0.164,-0.089,0.371,52.22,0.417,0.442,4002,4233,-0.408575,0.078904,H5N6,Avian
1417,A/muscovy/duck/Hunan/148/2014|EPI_ISL_255859,A/muscovy/duck/Hunan/148/,0.2997,0.2683,0.4324,0.272,0.164,-0.085,0.373,52.17,0.414,0.442,4001,4233,-0.411599,0.078904,H5N6,Avian
1418,A/muscovy/duck/Hunan/167/2014|EPI_ISL_255860,A/muscovy/duck/Hunan/167/,0.3012,0.2667,0.4269,0.2769,0.163,-0.09,0.37,52.24,0.417,0.443,4002,4233,-0.409142,0.078904,H5N6,Avian
1419,A/muscovy/duck/Hunan/183/2014|EPI_ISL_255861,A/muscovy/duck/Hunan/183/,0.2972,0.2692,0.4221,0.2842,0.162,-0.09,0.37,52.33,0.424,0.446,4002,4233,-0.413371,0.078904,H5N6,Avian
1420,A/muscovy/duck/Hunan/216/2014|EPI_ISL_255863,A/muscovy/duck/Hunan/216/,0.3003,0.2671,0.4277,0.277,0.163,-0.09,0.37,52.21,0.417,0.443,4002,4233,-0.411646,0.078904,H5N6,Avian
1421,A/muscovy/duck/Hunan/229/2014|EPI_ISL_255864,A/muscovy/duck/Hunan/229/,0.3005,0.2671,0.4279,0.2761,0.163,-0.09,0.37,52.19,0.417,0.443,4002,4233,-0.409827,0.078904,H5N6,Avian
1422,A/muscovy/duck/Hunan/232/2014|EPI_ISL_255865,A/muscovy/duck/Hunan/232/,0.2987,0.2692,0.4224,0.282,0.162,-0.093,0.369,52.43,0.423,0.445,4002,4233,-0.414127,0.078904,H5N6,Avian
1423,A/muscovy/duck/Hunan/HN346/2015|EPI_ISL_255872,A/muscovy/duck/Hunan/HN34,0.293,0.2735,0.428,0.2783,0.165,-0.081,0.376,51.96,0.423,0.445,3999,4233,-0.416986,0.078904,H5N6,Avian
1424,A/muscovy/duck/Hunan/HN347/2015|EPI_ISL_255873,A/muscovy/duck/Hunan/HN34,0.2935,0.2728,0.4293,0.2769,0.165,-0.082,0.375,51.89,0.422,0.444,3999,4233,-0.416348,0.078904,H5N6,Avian
1425,A/muscovy/duck/Hunan/HN348/2015|EPI_ISL_255874,A/muscovy/duck/Hunan/HN34,0.2929,0.2728,0.4299,0.2774,0.165,-0.082,0.375,51.86,0.422,0.444,3999,4233,-0.417222,0.07914,H5N6,Avian
1426,A/muscovy/duck/Hunan/HN349/2015|EPI_ISL_255875,A/muscovy/duck/Hunan/HN34,0.2942,0.2719,0.4293,0.2772,0.165,-0.083,0.374,51.85,0.421,0.444,3999,4233,-0.415757,0.078904,H5N6,Avian
1427,A/muscovy/duck/Hunan/HN351/2015|EPI_ISL_255877,A/muscovy/duck/Hunan/HN35,0.2932,0.2731,0.429,0.2772,0.165,-0.082,0.375,51.91,0.422,0.445,3999,4233,-0.415757,0.078904,H5N6,Avian
1428,A/muscovy/duck/Hunan/HN352/2015|EPI_ISL_255878,A/muscovy/duck/Hunan/HN35,0.2942,0.2723,0.4304,0.2758,0.165,-0.082,0.375,51.89,0.421,0.444,3999,4233,-0.418167,0.078904,H5N6,Avian
1429,A/muscovy/duck/Hunan/HN353/2015|EPI_ISL_255879,A/muscovy/duck/Hunan/HN35,0.2954,0.2716,0.4269,0.2785,0.164,-0.084,0.374,51.91,0.422,0.445,3999,4233,-0.416395,0.078904,H5N6,Avian
1430,A/muscovy/duck/Hunan/HN354/2015|EPI_ISL_255880,A/muscovy/duck/Hunan/HN35,0.2923,0.2738,0.4298,0.277,0.165,-0.081,0.375,51.87,0.423,0.445,3999,4233,-0.416986,0.078904,H5N6,Avian
1431,A/muscovy/duck/Hunan/HN355/2015|EPI_ISL_255881,A/muscovy/duck/Hunan/HN35,0.2923,0.2738,0.4294,0.2772,0.165,-0.082,0.375,51.91,0.423,0.445,3999,4233,-0.417246,0.078904,H5N6,Avian
1432,A/muscovy/duck/Hunan/HN356/2015|EPI_ISL_255882,A/muscovy/duck/Hunan/HN35,0.2929,0.2734,0.4283,0.2779,0.165,-0.081,0.376,51.96,0.423,0.445,3999,4233,-0.416348,0.078904,H5N6,Avian
1433,A/muscovy/duck/Hunan/HN358/2015|EPI_ISL_255883,A/muscovy/duck/Hunan/HN35,0.2923,0.2741,0.4298,0.2766,0.166,-0.08,0.376,51.88,0.423,0.445,3999,4233,-0.416301,0.078904,H5N6,Avian
1434,A/muscovy/duck/Hunan/HN359/2015|EPI_ISL_255884,A/muscovy/duck/Hunan/HN35,0.2942,0.2726,0.4234,0.2834,0.165,-0.083,0.374,52.45,0.426,0.446,4000,4233,-0.416513,0.078904,H5N6,Avian
1435,A/muscovy/duck/Hunan/HN360/2015|EPI_ISL_255885,A/muscovy/duck/Hunan/HN36,0.2923,0.2738,0.4298,0.277,0.165,-0.081,0.375,51.87,0.423,0.445,3999,4233,-0.416395,0.078904,H5N6,Avian
1436,A/muscovy/duck/Hunan/HN364/2015|EPI_ISL_255886,A/muscovy/duck/Hunan/HN36,0.2928,0.2737,0.4282,0.278,0.165,-0.081,0.376,51.96,0.423,0.445,4000,4233,-0.41467,0.078668,H5N6,Avian
1437,A/muscovy/duck/Hunan/HN365/2015|EPI_ISL_255887,A/muscovy/duck/Hunan/HN36,0.2923,0.2734,0.4294,0.2776,0.165,-0.081,0.375,51.96,0.423,0.445,3999,4233,-0.416655,0.078904,H5N6,Avian
1438,A/muscovy/duck/Hunan/HN366/2015|EPI_ISL_255888,A/muscovy/duck/Hunan/HN36,0.2933,0.2726,0.4287,0.2783,0.165,-0.083,0.375,51.94,0.423,0.445,3999,4233,-0.416962,0.078904,H5N6,Avian
1439,A/muscovy/duck/Hunan/HN368/2015|EPI_ISL_255889,A/muscovy/duck/Hunan/HN36,0.2932,0.2728,0.4291,0.2777,0.165,-0.083,0.375,51.93,0.422,0.445,3999,4233,-0.416986,0.078904,H5N6,Avian
1440,A/mute_swan/Inner_Mongolia/w2-1/2020|EPI_ISL_625672,A/mute_swan/Inner_Mongoli,0.3021,0.2733,0.4068,0.2865,0.167,-0.074,0.379,52.94,0.431,0.449,4005,4236,-0.398182,0.081445,H5N8,Avian
1441,A/mute_swan/Shandong/1/2021|EPI_ISL_5260453,A/mute_swan/Shandong/1/20,0.3022,0.2731,0.405,0.2877,0.167,-0.073,0.379,53.05,0.432,0.45,4004,4236,-0.396789,0.081681,H5N8,Avian
1442,A/Nanjing/1/2015|EPI_ISL_379574,A/Nanjing/1/2015|EPI_ISL_,0.2994,0.2716,0.4071,0.2955,0.165,-0.086,0.374,52.91,0.434,0.447,3991,4223,-0.415439,0.081459,H5N1,Human
1443,A/Northern_Pintail/HK/MP692/2016|EPI_ISL_885147,A/Northern_Pintail/HK/MP6,0.2941,0.2685,0.4391,0.2698,0.166,-0.078,0.377,52.1,0.413,0.442,4000,4234,-0.418541,0.078885,H5N6,Avian
1444,A/oriental_magpie_robin/HK/6154/2015|EPI_ISL_278041,A/oriental_magpie_robin/H,0.284,0.2785,0.4332,0.2765,0.167,-0.074,0.38,51.82,0.427,0.446,4000,4230,-0.412624,0.079433,H5N6,Avian
1445,A/ostrich/Suzhou/097/2003|EPI_ISL_89462,A/ostrich/Suzhou/097/2003,0.3098,0.2722,0.4066,0.2848,0.172,-0.075,0.38,53.47,0.427,0.446,3993,4224,-0.414844,0.081676,H5N1,Avian
1446,A/parrot/Guangdong/258/2004|EPI_ISL_124534,A/parrot/Guangdong/258/20,0.3024,0.2778,0.4143,0.2796,0.167,-0.076,0.38,52.43,0.427,0.445,4018,4251,-0.409457,0.081393,H5N2,Avian
1447,A/parrot/Guangdong/C99/2005|EPI_ISL_124331,A/parrot/Guangdong/C99/20,0.3112,0.2706,0.4074,0.2823,0.172,-0.076,0.38,53.21,0.424,0.446,3993,4224,-0.411198,0.081913,H5N1,Avian
1448,A/Pavo_cristatus/China/JS02/2018|EPI_ISL_370414,A/Pavo_cristatus/China/JS,0.2963,0.2683,0.4307,0.276,0.165,-0.08,0.377,51.79,0.418,0.444,4000,4232,-0.420723,0.078922,H5N6,Avian
1449,A/Pavo_cristatus/China/K10/2018|EPI_ISL_370416,A/Pavo_cristatus/China/K1,0.2963,0.2683,0.4307,0.276,0.165,-0.08,0.377,51.79,0.418,0.444,4000,4232,-0.420723,0.078922,H5N6,Avian
1450,A/Pavo_cristatus/Jiangxi/JA1/2016|EPI_ISL_257657,A/Pavo_cristatus/Jiangxi/,0.2946,0.2702,0.4297,0.2767,0.164,-0.083,0.374,51.84,0.42,0.445,3999,4232,-0.413942,0.078922,H5N6,Avian
1451,A/peacock/Yunnan/1/2015|EPI_ISL_221724,A/peacock/Yunnan/1/2015|E,0.3007,0.2711,0.4075,0.2941,0.166,-0.085,0.374,52.91,0.433,0.446,3988,4223,-0.413687,0.081932,H5N1,Avian
1452,A/peacock/Yunnan/3/2015|EPI_ISL_221725,A/peacock/Yunnan/3/2015|E,0.3,0.2719,0.4072,0.2945,0.166,-0.084,0.374,52.86,0.434,0.445,3988,4223,-0.408833,0.081932,H5N1,Avian
1453,A/Peregrine_Falcon/Hong_Kong/AFCD-HKU-21-013-27/2021|EPI_ISL_19258149,A/Peregrine_Falcon/Hong_K,0.302,0.2735,0.4073,0.2857,0.167,-0.072,0.38,53.01,0.431,0.449,4011,4242,-0.395403,0.08133,H5N8,Avian
1454,A/Phalacrocorax/Hubei/01.09_V5/2015(H5N6)|EPI_ISL_199062,A/Phalacrocorax/Hubei/01.,0.2853,0.2759,0.418,0.2934,0.164,-0.084,0.374,52.23,0.437,0.448,4001,4233,-0.41819,0.078904,H5N6,Avian
1455,A/Phalacrocorax/Hubei/01.09_V7/2015(H5N6)|EPI_ISL_199063,A/Phalacrocorax/Hubei/01.,0.286,0.2768,0.4162,0.294,0.165,-0.081,0.376,52.29,0.438,0.449,3981,4212,-0.425878,0.079297,H5N6,Avian
1456,A/pheasant/Hebei/B02/2021|EPI_ISL_18012466,A/pheasant/Hebei/B02/2021,0.3035,0.2713,0.4063,0.2872,0.166,-0.076,0.378,53.11,0.43,0.449,4006,4236,-0.397545,0.081681,H5N8,Avian
1457,A/pigeon/Fujian/1.17_FZHX0104-O/2017|EPI_ISL_707676,A/pigeon/Fujian/1.17_FZHX,0.2929,0.2692,0.4403,0.2676,0.166,-0.084,0.374,51.46,0.413,0.443,4003,4237,-0.417914,0.078829,H5N6,Avian
1458,A/pigeon/Guangdong/04.15_SZBAXQ004/2015(H5N6)|EPI_ISL_199456,A/pigeon/Guangdong/04.15_,0.2971,0.2676,0.4289,0.2773,0.166,-0.08,0.376,52.14,0.418,0.445,3975,4203,-0.417107,0.078753,H5N6,Avian
1459,A/pigeon/Guangdong/04.16_SZLGWL006/2015(H5N6)|EPI_ISL_199465,A/pigeon/Guangdong/04.16_,0.2971,0.2683,0.4293,0.2765,0.165,-0.082,0.376,52.01,0.418,0.445,3972,4203,-0.424054,0.078515,H5N6,Avian
1460,A/pigeon/Guangdong/04.23_DGQTXC197-O/2015(H5N6)|EPI_ISL_199296,A/pigeon/Guangdong/04.23_,0.2966,0.2677,0.4279,0.279,0.164,-0.084,0.374,52.08,0.42,0.445,3954,4183,-0.418695,0.078174,H5N6,Avian
1461,A/pigeon/Hainan/1.14_HKPL006-C/2018|EPI_ISL_696843,A/pigeon/Hainan/1.14_HKPL,0.2966,0.2685,0.4275,0.2781,0.165,-0.086,0.373,51.96,0.42,0.445,3990,4221,-0.413338,0.078654,H5N6,Avian
1462,A/pigeon/Hubei/RP25/2012|EPI_ISL_198176,A/pigeon/Hubei/RP25/2012|,0.3027,0.2771,0.4149,0.2755,0.171,-0.069,0.384,52.86,0.425,0.445,3992,4223,-0.414634,0.081459,H5N1,Avian
1463,A/Pigeon/Hunan/04.14_YYXS0912-O/2015(Mixed)|EPI_ISL_200289,A/Pigeon/Hunan/04.14_YYXS,0.301,0.2699,0.4235,0.2804,0.165,-0.084,0.375,52.74,0.421,0.444,4014,4241,-0.415044,0.078048,H5N6,Avian
1464,A/pigeon/Jiangsu/12.22_TCCX053-P/2014(Mixed)|EPI_ISL_200523,A/pigeon/Jiangsu/12.22_TC,0.3078,0.269,0.4134,0.2824,0.165,-0.086,0.373,52.69,0.423,0.444,3994,4223,-0.411816,0.081932,H5N1,Avian
1465,A/Pigeon/Jiangxi/02.10__NCDZT0017-P/2015(H5N6)|EPI_ISL_198799,A/Pigeon/Jiangxi/02.10__N,0.2809,0.2828,0.4281,0.2806,0.167,-0.07,0.382,51.68,0.433,0.448,3994,4224,-0.414607,0.079072,H5N6,Avian
1466,A/Pigeon/Jiangxi/04.01__NCDZT0352-O/2015(H5N6)|EPI_ISL_198967,A/Pigeon/Jiangxi/04.01__N,0.2844,0.2794,0.4283,0.2802,0.168,-0.072,0.381,51.54,0.43,0.448,3959,4188,-0.42235,0.079752,H5N6,Avian
1467,A/pigeon/Jiangxi/S40784/2021(H5N1)|EPI_ISL_12572663,A/pigeon/Jiangxi/S40784/2,0.3078,0.2759,0.4032,0.284,0.169,-0.071,0.382,53.08,0.43,0.447,4002,4235,-0.39693,0.082881,H5N1,Avian
1468,A/pigeon/Jilin/04.25_CCHL018-O/2015(H5N6)|EPI_ISL_198849,A/pigeon/Jilin/04.25_CCHL,0.2993,0.2667,0.4226,0.2838,0.162,-0.096,0.367,52.3,0.422,0.445,3994,4224,-0.412287,0.078835,H5N6,Avian
1469,A/pigeon/Jilin/04.25_CCHL019-O/2015(H5N1)|EPI_ISL_198892,A/pigeon/Jilin/04.25_CCHL,0.3029,0.2727,0.4145,0.2836,0.166,-0.084,0.374,52.33,0.426,0.445,3993,4223,-0.412408,0.081695,H5N1,Avian
1470,A/pigeon/Jilin/S4176/2019(H5N1)|EPI_ISL_18513242,A/pigeon/Jilin/S4176/2019,0.3032,0.2727,0.4149,0.2821,0.165,-0.081,0.376,52.81,0.425,0.445,3994,4223,-0.408359,0.081695,H5N1,Avian
1471,A/Pigeon/Shandong/WS17/2022|EPI_ISL_19432673,A/Pigeon/Shandong/WS17/20,0.2995,0.2755,0.4231,0.272,0.166,-0.076,0.379,52.31,0.421,0.444,4011,4240,-0.402358,0.079717,H5N2,Avian
1472,A/pigeon/Sichuan/04.27_NBXJ743/2014(H5N6)|EPI_ISL_198893,A/pigeon/Sichuan/04.27_NB,0.2995,0.2726,0.4207,0.2817,0.166,-0.078,0.378,52.73,0.424,0.445,3991,4220,-0.412441,0.07891,H5N6,Avian
1473,A/pigeon/Sichuan/NCXN29/2014|EPI_ISL_179653,A/pigeon/Sichuan/NCXN29/2,0.3128,0.2668,0.4124,0.2804,0.167,-0.081,0.376,52.84,0.419,0.443,3993,4223,-0.405494,0.081222,H5N1,Avian
1474,A/pigeon/Zhejiang/112089/2014|EPI_ISL_203755,A/pigeon/Zhejiang/112089/,0.3055,0.271,0.4134,0.2822,0.165,-0.085,0.374,52.83,0.424,0.445,3995,4223,-0.415155,0.081459,H5N1,Avian
1475,A/pigeon/Zhejiang/112090/2014|EPI_ISL_203756,A/pigeon/Zhejiang/112090/,0.3043,0.2713,0.4179,0.2796,0.166,-0.086,0.374,52.38,0.422,0.444,3992,4223,-0.412835,0.081695,H5N1,Avian
1476,A/pigeon/Zhejiang/727097/2014|EPI_ISL_203754,A/pigeon/Zhejiang/727097/,0.3134,0.2654,0.4168,0.2779,0.168,-0.079,0.378,52.56,0.416,0.441,3992,4223,-0.414966,0.082879,H5N1,Avian
1477,A/plateau_pika/Qinghai/04/2007|EPI_ISL_63586,A/plateau_pika/Qinghai/04,0.3047,0.2746,0.4134,0.2787,0.171,-0.069,0.384,53.03,0.425,0.446,3996,4227,-0.415685,0.082564,H5N1,Nonhuman Mammal
1478,A/Quail/Guangxi/GX-2/2017__(H5N6)|EPI_ISL_283971,A/Quail/Guangxi/GX-2/2017,0.2972,0.2648,0.4317,0.2764,0.163,-0.089,0.37,52.21,0.416,0.443,3985,4220,-0.404905,0.078436,H5N6,Avian
1479,A/quail/Jiangsu/k0104/2010|EPI_ISL_139386,A/quail/Jiangsu/k0104/201,0.2985,0.2748,0.4271,0.272,0.17,-0.079,0.377,52.23,0.42,0.443,4019,4253,-0.404726,0.08253,Others,Avian
1480,A/quail/Jiangxi/B9/2015_(H5N6)|EPI_ISL_386925,A/quail/Jiangxi/B9/2015_(,0.2934,0.2705,0.4262,0.2791,0.165,-0.086,0.373,52.31,0.423,0.446,4000,4229,-0.411208,0.079215,H5N6,Avian
1481,A/quail/Nanchang/6631/2013|EPI_ISL_181416,A/quail/Nanchang/6631/201,0.3094,0.2661,0.4177,0.2785,0.165,-0.082,0.376,52.87,0.418,0.443,3994,4224,-0.409257,0.081439,H5N1,Avian
1482,A/Quail/Zhanjiang/16887/2016|EPI_ISL_278031,A/Quail/Zhanjiang/16887/2,0.2981,0.2664,0.4392,0.2676,0.165,-0.085,0.373,51.55,0.41,0.441,3998,4233,-0.417482,0.079376,H5N6,Avian
1483,A/Quanzhou/2/2024|EPI_ISL_19661712,A/Quanzhou/2/2024|EPI_ISL,0.2988,0.268,0.4335,0.2675,0.161,-0.09,0.371,52.24,0.413,0.442,4002,4237,-0.414869,0.079773,H5N6,Human
1484,A/Shandong/1/2009|EPI_ISL_73312,A/Shandong/1/2009|EPI_ISL,0.3122,0.2679,0.4168,0.2757,0.17,-0.073,0.382,52.71,0.417,0.442,3989,4223,-0.414895,0.082169,H5N1,Human
1485,A/Shenzhen/1/2015|EPI_ISL_205313,A/Shenzhen/1/2015|EPI_ISL,0.2876,0.2745,0.4324,0.2779,0.166,-0.076,0.378,51.93,0.424,0.445,3993,4224,-0.416477,0.079309,H5N6,Human
1486,A/Shenzhen/1/2016|EPI_ISL_206036,A/Shenzhen/1/2016|EPI_ISL,0.2862,0.277,0.4329,0.2757,0.167,-0.077,0.378,51.87,0.425,0.446,3994,4224,-0.418277,0.079309,H5N6,Human
1487,A/Shenzhen/TH001/2015_(H5N6)|EPI_ISL_205503,A/Shenzhen/TH001/2015_(H5,0.2874,0.2752,0.4322,0.2777,0.166,-0.076,0.379,51.9,0.425,0.445,3999,4230,-0.414705,0.079196,H5N6,Human
1488,A/Shenzhen/TH003/2016(H5N6)|EPI_ISL_207048,A/Shenzhen/TH003/2016(H5N,0.2809,0.28,0.4323,0.2798,0.168,-0.073,0.38,51.95,0.43,0.447,3997,4224,-0.417045,0.079072,H5N6,Human
1489,A/Shoveller/Ningxia/488-53/2015|EPI_ISL_295521,A/Shoveller/Ningxia/488-5,0.2984,0.2673,0.4246,0.2812,0.161,-0.094,0.368,52.66,0.421,0.445,4003,4233,-0.414316,0.078904,H5N6,Avian
1490,A/Sichuan/1/2006|EPI_ISL_24604,A/Sichuan/1/2006|EPI_ISL_,0.3088,0.2691,0.4144,0.28,0.17,-0.075,0.38,52.76,0.421,0.444,3994,4223,-0.414066,0.081695,H5N1,Human
1491,A/Sichuan/2/2006|EPI_ISL_24605,A/Sichuan/2/2006|EPI_ISL_,0.3083,0.2701,0.4138,0.2807,0.171,-0.072,0.382,52.89,0.422,0.444,3994,4223,-0.412669,0.081695,H5N1,Human
1492,A/Sichuan/26221/2014|EPI_ISL_163493,A/Sichuan/26221/2014|EPI_,0.2989,0.2715,0.423,0.2811,0.165,-0.081,0.376,52.74,0.423,0.444,4012,4244,-0.413902,0.078464,H5N6,Human
1493,A/silkie_chicken/Dongguan/2809/2013|EPI_ISL_182065,A/silkie_chicken/Dongguan,0.2959,0.2712,0.427,0.2778,0.163,-0.089,0.371,52.18,0.421,0.445,4001,4233,-0.414883,0.078904,H5N6,Avian
1494,A/Spatula_querquedula/Chongming/H5N1_1/2024|EPI_ISL_19890773,A/Spatula_querquedula/Cho,0.3001,0.2807,0.3983,0.2929,0.169,-0.077,0.379,52.89,0.44,0.449,4018,4254,-0.403385,0.081805,H5N1,Avian
1495,A/Spoonbill/HK/17-18259/2017|EPI_ISL_885145,A/Spoonbill/HK/17-18259/2,0.2886,0.2786,0.417,0.2853,0.166,-0.074,0.379,52.46,0.434,0.449,4008,4236,-0.402668,0.079556,H5N6,Avian
1496,A/spoonbill/Taiwan/DB645/2017|EPI_ISL_287800,A/spoonbill/Taiwan/DB645/,0.2869,0.281,0.4157,0.2864,0.167,-0.071,0.381,52.68,0.437,0.449,3953,4178,-0.407444,0.078985,H5N6,Avian
1497,A/spot_billed_duck/Ningxia/YG87/2017|EPI_ISL_505064,A/spot_billed_duck/Ningxi,0.2911,0.2774,0.4177,0.2831,0.166,-0.076,0.378,52.47,0.431,0.448,4007,4236,-0.402172,0.079084,H5N6,Avian
1498,A/spot-billed_duck/Ningxia/YG93/2017|EPI_ISL_505065,A/spot-billed_duck/Ningxi,0.29,0.2787,0.4146,0.2871,0.168,-0.068,0.382,52.75,0.435,0.449,4008,4236,-0.404061,0.07932,H5N6,Avian
1499,A/Streptopelia_decaocto/Jiangxi/E1/2015(H5N6)|EPI_ISL_386923,A/Streptopelia_decaocto/J,0.2855,0.2781,0.4149,0.2932,0.165,-0.084,0.374,52.42,0.439,0.451,4001,4233,-0.409733,0.07914,H5N6,Avian
1500,A/Streptopelia_decaocto/Jiangxi/G6/2016(H5N6)|EPI_ISL_364289,A/Streptopelia_decaocto/J,0.2921,0.2738,0.4254,0.2826,0.164,-0.09,0.371,52.16,0.426,0.446,4000,4233,-0.424994,0.07914,H5N6,Avian
1501,A/Streptopelia_decaocto/Jiangxi/J8/2015_(H5N6)|EPI_ISL_386924,A/Streptopelia_decaocto/J,0.285,0.2786,0.4126,0.2956,0.162,-0.089,0.371,52.42,0.441,0.451,3978,4213,-0.412058,0.078804,H5N6,Avian
1502,A/swan_goose/Jilin/JL01/2014|EPI_ISL_177762,A/swan_goose/Jilin/JL01/2,0.3057,0.2647,0.4248,0.28,0.161,-0.094,0.368,52.56,0.416,0.44,4013,4244,-0.403181,0.079171,H5N6,Avian
1503,A/swan/China/ST/2016|EPI_ISL_503037,A/swan/China/ST/2016|EPI_,0.304,0.2701,0.41,0.2844,0.169,-0.067,0.383,53.24,0.427,0.448,4018,4249,-0.404048,0.081902,H5N8,Avian
1504,A/swan/Hebei/B01/2021|EPI_ISL_18012465,A/swan/Hebei/B01/2021|EPI,0.3024,0.2723,0.4091,0.2849,0.166,-0.077,0.377,52.93,0.429,0.449,4004,4236,-0.399292,0.082153,H5N8,Avian
1505,A/swan/Shandong/W3762/2020|EPI_ISL_14770166,A/swan/Shandong/W3762/202,0.3037,0.2709,0.4164,0.2782,0.169,-0.072,0.38,52.85,0.423,0.446,4019,4249,-0.402448,0.081666,H5N8,Avian
1506,A/swine/China/RZ/2018|EPI_ISL_14174523,A/swine/China/RZ/2018|EPI,0.297,0.2681,0.4288,0.2775,0.164,-0.088,0.371,52.07,0.419,0.444,4003,4232,-0.411437,0.078922,H5N6,Nonhuman Mammal
1507,A/swine/Guangdong/1/2014|EPI_ISL_196100,A/swine/Guangdong/1/2014|,0.2969,0.2701,0.4243,0.2811,0.163,-0.089,0.371,52.36,0.423,0.446,4000,4233,-0.412922,0.079376,H5N6,Nonhuman Mammal
1508,A/swine/Guangdong/2/2014|EPI_ISL_196101,A/swine/Guangdong/2/2014|,0.2982,0.269,0.4251,0.2799,0.163,-0.09,0.37,52.33,0.421,0.445,4002,4233,-0.41382,0.078904,H5N6,Nonhuman Mammal
1509,A/swine/Guangdong/G3/2015|EPI_ISL_266596,A/swine/Guangdong/G3/2015,0.2969,0.271,0.4248,0.2814,0.164,-0.086,0.373,52.54,0.423,0.445,4004,4233,-0.412473,0.078904,H5N6,Nonhuman Mammal
1510,A/swine/Shandong/SD1/2014|EPI_ISL_226073,A/swine/Shandong/SD1/2014,0.3111,0.2719,0.4077,0.282,0.172,-0.075,0.381,53.23,0.425,0.446,4016,4250,-0.415271,0.082118,H5N1,Nonhuman Mammal
1511,A/Syrrhaptes_paradoxus/Guangdong/ZH283/2015|EPI_ISL_234679,A/Syrrhaptes_paradoxus/Gu,0.2957,0.2698,0.4295,0.2773,0.163,-0.087,0.372,52.15,0.42,0.445,4000,4233,-0.416962,0.078904,H5N6,Avian
1512,A/Taiwan/DV413/2006|EPI_ISL_175337,A/Taiwan/DV413/2006|EPI_I,0.3111,0.2709,0.4123,0.2768,0.165,-0.087,0.372,52.84,0.421,0.444,4011,4238,-0.407881,0.08117,H5N2,Avian
1513,A/Taiwan/DV518/2006|EPI_ISL_175338,A/Taiwan/DV518/2006|EPI_I,0.312,0.27,0.4117,0.2774,0.164,-0.089,0.371,52.87,0.42,0.444,4011,4238,-0.409556,0.080934,H5N2,Avian
1514,A/thrush/Taiwan/15120021/2015|EPI_ISL_4055131,A/thrush/Taiwan/15120021/,0.2995,0.2811,0.4135,0.2766,0.168,-0.079,0.378,52.13,0.429,0.445,4024,4254,-0.403714,0.08063,H5N2,Avian
1515,A/tiger/Yunnan/tig1404/2014|EPI_ISL_221723,A/tiger/Yunnan/tig1404/20,0.314,0.2665,0.4122,0.2786,0.166,-0.081,0.376,52.75,0.418,0.443,3993,4223,-0.398627,0.081222,H5N1,Nonhuman Mammal
1516,A/tiger/Yunnan/tig1412/2014|EPI_ISL_221726,A/tiger/Yunnan/tig1412/20,0.313,0.2637,0.4178,0.2774,0.165,-0.084,0.375,52.92,0.415,0.442,3995,4224,-0.405871,0.081439,H5N1,Nonhuman Mammal
1517,A/tiger/Yunnan/tig1508/2015|EPI_ISL_221722,A/tiger/Yunnan/tig1508/20,0.3027,0.2683,0.406,0.296,0.165,-0.088,0.373,52.93,0.432,0.445,3993,4225,-0.40755,0.081657,H5N1,Nonhuman Mammal
1518,A/tundra_swan/Fujian/SD121/2023(H5N1)|EPI_ISL_19616578,A/tundra_swan/Fujian/SD12,0.2998,0.2834,0.4043,0.2823,0.17,-0.066,0.384,52.76,0.436,0.45,4017,4248,-0.403225,0.082156,H5N1,Avian
1519,A/tundra_swan/Hubei/BQ3/2020|EPI_ISL_2685846,A/tundra_swan/Hubei/BQ3/2,0.3043,0.2703,0.408,0.2858,0.167,-0.075,0.378,52.87,0.428,0.449,4005,4236,-0.399528,0.081681,H5N8,Avian
1520,A/tundra_swan/Hubei/BQ4/2020|EPI_ISL_2685847,A/tundra_swan/Hubei/BQ4/2,0.3029,0.272,0.4082,0.2855,0.166,-0.074,0.379,52.92,0.429,0.449,4005,4236,-0.39856,0.081681,H5N8,Avian
1521,A/tundra_swan/Hubei/BQ6/2020|EPI_ISL_2685848,A/tundra_swan/Hubei/BQ6/2,0.3035,0.2722,0.4069,0.2862,0.167,-0.073,0.38,52.9,0.43,0.449,4006,4236,-0.399835,0.081681,H5N8,Avian
1522,A/tundra_swan/Hubei/BQ7/2020|EPI_ISL_2685900,A/tundra_swan/Hubei/BQ7/2,0.3035,0.2719,0.4074,0.2858,0.167,-0.074,0.379,52.87,0.429,0.449,4006,4236,-0.397332,0.081681,H5N8,Avian
1523,A/tundra_swan/Hubei/BQ8/2020|EPI_ISL_2685947,A/tundra_swan/Hubei/BQ8/2,0.3031,0.2718,0.4068,0.2867,0.166,-0.075,0.378,52.92,0.43,0.449,4006,4236,-0.397828,0.081445,H5N8,Avian
1524,A/tundra_swan/Hubei/BQ9/2020|EPI_ISL_2713170,A/tundra_swan/Hubei/BQ9/2,0.3019,0.2728,0.4085,0.2853,0.167,-0.073,0.38,52.78,0.43,0.449,4005,4236,-0.399032,0.081681,H5N8,Avian
1525,A/turkey/Changhua/16010011-1/2016|EPI_ISL_4055132,A/turkey/Changhua/1601001,0.3011,0.2802,0.415,0.275,0.169,-0.078,0.378,52.15,0.427,0.445,4023,4254,-0.402562,0.080395,H5N2,Avian
1526,A/turkey/Chiayi/17020092-2/2017|EPI_ISL_4055135,A/turkey/Chiayi/17020092-,0.3071,0.2651,0.4107,0.2852,0.164,-0.091,0.37,52.53,0.424,0.445,4023,4255,-0.407944,0.081081,H5N8,Avian
1527,A/turkey/Chiayi/18010013-3/2018|EPI_ISL_4055136,A/turkey/Chiayi/18010013-,0.2957,0.2818,0.4125,0.2801,0.168,-0.079,0.377,52.29,0.432,0.447,4022,4254,-0.401857,0.08016,H5N2,Avian
1528,A/turkey/Yunlin/15060049-1/2015|EPI_ISL_4055138,A/turkey/Yunlin/15060049-,0.3011,0.2785,0.4131,0.2786,0.167,-0.084,0.375,51.94,0.428,0.445,4023,4254,-0.405595,0.08016,H5N2,Avian
1529,A/turkey/Yunlin/18020020-2/2018|EPI_ISL_4055139,A/turkey/Yunlin/18020020-,0.2955,0.2822,0.4122,0.2803,0.168,-0.077,0.378,52.18,0.433,0.447,4022,4254,-0.398425,0.08016,H5N2,Avian
1530,A/turkey/Yunlin/18110001-3/2018|EPI_ISL_4055142,A/turkey/Yunlin/18110001-,0.2987,0.2776,0.4132,0.2818,0.166,-0.087,0.372,52.23,0.43,0.445,4022,4254,-0.4004,0.079925,H5N2,Avian
1531,A/turkey/Yunlin/18120005-2/2018|EPI_ISL_4055143,A/turkey/Yunlin/18120005-,0.3005,0.2782,0.4041,0.2889,0.17,-0.073,0.38,52.76,0.436,0.448,4025,4254,-0.403009,0.080395,H5N2,Avian
1532,A/turtle_dove/Guangdong/300/2005|EPI_ISL_222486,A/turtle_dove/Guangdong/3,0.3094,0.271,0.4136,0.2789,0.172,-0.069,0.384,52.84,0.422,0.444,3999,4229,-0.410688,0.08158,H5N1,Avian
1533,A/turtle_dove/Hunan/S4004/2020(H5N1)|EPI_ISL_18513243,A/turtle_dove/Hunan/S4004,0.3011,0.2696,0.411,0.2913,0.165,-0.088,0.373,52.81,0.43,0.445,3994,4223,-0.412906,0.081932,H5N1,Avian
1534,A/Waterfowl/Hubei/Chenhu1306/2014_H5N6|EPI_ISL_217939,A/Waterfowl/Hubei/Chenhu1,0.2988,0.2708,0.424,0.2799,0.163,-0.087,0.372,52.64,0.422,0.444,4014,4244,-0.414043,0.078464,H5N6,Avian
1535,A/Waterfowl/Hubei/Chenhu1347/2014_H5N6|EPI_ISL_217940,A/Waterfowl/Hubei/Chenhu1,0.2991,0.2705,0.424,0.2799,0.163,-0.088,0.372,52.66,0.422,0.444,4014,4244,-0.414138,0.078464,H5N6,Avian
1536,A/whiskered_tern/Hubei/BQ10/2020|EPI_ISL_2713314,A/whiskered_tern/Hubei/BQ,0.3032,0.2719,0.4076,0.2855,0.166,-0.073,0.379,52.9,0.429,0.449,4007,4236,-0.394523,0.081681,H5N8,Avian
1537,A/white_naped_crane/China/YA3/2018|EPI_ISL_505356,A/white_naped_crane/China,0.2955,0.2693,0.4298,0.2769,0.166,-0.08,0.377,51.88,0.419,0.444,4000,4232,-0.419612,0.079159,H5N6,Avian
1538,A/White-eyed_Pochard/Ningxia/480-17/2015|EPI_ISL_297327,A/White-eyed_Pochard/Ning,0.2969,0.268,0.4225,0.2841,0.162,-0.099,0.365,52.53,0.424,0.446,4002,4233,-0.414978,0.078904,H5N6,Avian
1539,A/whooper_swan/Henan/8/2021|EPI_ISL_13352718,A/whooper_swan/Henan/8/20,0.3011,0.28,0.407,0.2831,0.17,-0.07,0.383,52.81,0.433,0.449,3976,4209,-0.409812,0.08173,H5N1,Avian
1540,A/whooper_swan/Henan/14/2021|EPI_ISL_13352726,A/whooper_swan/Henan/14/2,0.3012,0.2804,0.4074,0.2822,0.17,-0.07,0.383,52.78,0.432,0.449,3975,4209,-0.409741,0.08173,H5N1,Avian
1541,A/whooper_swan/Henan/44/2021|EPI_ISL_13352720,A/whooper_swan/Henan/44/2,0.3011,0.2803,0.4073,0.2823,0.17,-0.069,0.383,52.79,0.433,0.449,3976,4209,-0.411048,0.08173,H5N1,Avian
1542,A/whooper_swan/Henan/45/2021|EPI_ISL_13352721,A/whooper_swan/Henan/45/2,0.3011,0.2803,0.4073,0.2824,0.17,-0.069,0.383,52.79,0.433,0.449,3976,4209,-0.409812,0.08173,H5N1,Avian
1543,A/whooper_swan/Henan/46/2021|EPI_ISL_13352722,A/whooper_swan/Henan/46/2,0.3011,0.28,0.4073,0.2828,0.17,-0.07,0.383,52.78,0.433,0.449,3976,4209,-0.409812,0.08173,H5N1,Avian
1544,A/whooper_swan/Henan/424/2021|EPI_ISL_13352723,A/whooper_swan/Henan/424/,0.3011,0.28,0.4063,0.2837,0.17,-0.07,0.383,52.85,0.433,0.449,3976,4209,-0.410454,0.08173,H5N1,Avian
1545,A/whooper_swan/Henan/SM1/2020|EPI_ISL_1937884,A/whooper_swan/Henan/SM1/,0.302,0.2729,0.4088,0.2848,0.166,-0.075,0.378,52.89,0.429,0.449,4005,4236,-0.39738,0.081917,H5N8,Avian
1546,A/whooper_swan/Henan/SM16/2020|EPI_ISL_1937889,A/whooper_swan/Henan/SM16,0.3019,0.2731,0.408,0.2852,0.166,-0.075,0.379,52.91,0.43,0.449,4005,4236,-0.397025,0.081681,H5N8,Avian
1547,A/whooper_swan/Henan/SM31/2020|EPI_ISL_1937890,A/whooper_swan/Henan/SM31,0.3022,0.2728,0.4079,0.2854,0.166,-0.075,0.378,52.9,0.43,0.449,4006,4236,-0.398985,0.081681,H5N8,Avian
1548,A/whooper_swan/Henan/SM61/2020|EPI_ISL_1937891,A/whooper_swan/Henan/SM61,0.3033,0.272,0.4072,0.2862,0.167,-0.074,0.379,52.92,0.43,0.449,4005,4236,-0.398418,0.081681,H5N8,Avian
1549,A/whooper_swan/Henan/SM76/2020|EPI_ISL_1937892,A/whooper_swan/Henan/SM76,0.3029,0.2725,0.408,0.2851,0.167,-0.074,0.379,52.9,0.429,0.449,4006,4236,-0.39627,0.081681,H5N8,Avian
1550,A/whooper_swan/Henan/SM86/2020|EPI_ISL_1938307,A/whooper_swan/Henan/SM86,0.3029,0.2716,0.4079,0.2863,0.167,-0.074,0.379,52.85,0.429,0.449,4005,4236,-0.398607,0.081681,H5N8,Avian
1551,A/whooper_swan/Henan/SM111/2020|EPI_ISL_1938309,A/whooper_swan/Henan/SM11,0.3031,0.2718,0.4082,0.285,0.167,-0.073,0.379,52.83,0.429,0.449,4006,4236,-0.395963,0.081681,H5N8,Avian
1552,A/whooper_swan/Henan/SMQ5/2020|EPI_ISL_1829205,A/whooper_swan/Henan/SMQ5,0.3033,0.272,0.4088,0.2844,0.167,-0.074,0.379,52.83,0.428,0.448,4005,4236,-0.399433,0.081681,H5N8,Avian
1553,A/whooper_swan/Henan/SMQ7/2020|EPI_ISL_1937883,A/whooper_swan/Henan/SMQ7,0.3029,0.2723,0.4093,0.2836,0.167,-0.073,0.379,52.86,0.428,0.449,4005,4236,-0.397568,0.081681,H5N8,Avian
1554,A/whooper_swan/Henan/SMQ9/2020|EPI_ISL_1938478,A/whooper_swan/Henan/SMQ9,0.3032,0.2719,0.4061,0.2876,0.166,-0.074,0.379,52.96,0.431,0.449,4006,4236,-0.398253,0.081681,H5N8,Avian
1555,A/whooper_swan/Henan/SMQ10/2020|EPI_ISL_1939080,A/whooper_swan/Henan/SMQ1,0.3033,0.272,0.4066,0.287,0.166,-0.074,0.379,52.97,0.43,0.449,4005,4236,-0.39889,0.081681,H5N8,Avian
1556,A/whooper_swan/Henan/SMX1/2015(H5N1)|EPI_ISL_171121,A/whooper_swan/Henan/SMX1,0.3044,0.2715,0.4166,0.2802,0.166,-0.086,0.373,52.49,0.423,0.444,3995,4223,-0.41113,0.081695,H5N1,Avian
1557,A/whooper_swan/Henan/SMX3/2015(H5N1)|EPI_ISL_171141,A/whooper_swan/Henan/SMX3,0.305,0.2715,0.4162,0.28,0.166,-0.085,0.374,52.52,0.423,0.444,3994,4223,-0.41158,0.081695,H5N1,Avian
1558,A/whooper_swan/Henan/SMX4/2015(H5N1)|EPI_ISL_171165,A/whooper_swan/Henan/SMX4,0.3057,0.2712,0.4163,0.2793,0.166,-0.085,0.374,52.49,0.422,0.444,3993,4223,-0.412195,0.081695,H5N1,Avian
1559,A/whooper_swan/Henan/SMX9/2015(H5N1)|EPI_ISL_171186,A/whooper_swan/Henan/SMX9,0.3044,0.2715,0.4162,0.2801,0.165,-0.085,0.374,52.49,0.423,0.444,3994,4223,-0.412053,0.081459,H5N1,Avian
1560,A/whooper_swan/Henan/T578/2019|EPI_ISL_3161955,A/whooper_swan/Henan/T578,0.3072,0.2757,0.4102,0.2787,0.166,-0.086,0.373,52.93,0.426,0.446,4012,4245,-0.412156,0.080565,H5N2,Avian
1561,A/whooper_swan/Henan/T874/2018|EPI_ISL_3204257,A/whooper_swan/Henan/T874,0.3072,0.2757,0.4102,0.2787,0.166,-0.086,0.373,52.93,0.426,0.446,4012,4245,-0.412156,0.080565,H5N2,Avian
1562,A/whooper_swan/Henan/T880/2018|EPI_ISL_3205004,A/whooper_swan/Henan/T880,0.3072,0.2761,0.4097,0.2789,0.166,-0.085,0.374,52.93,0.426,0.446,4018,4251,-0.410398,0.080452,H5N2,Avian
1563,A/whooper_swan/Henan/T886/2018|EPI_ISL_3221222,A/whooper_swan/Henan/T886,0.3072,0.2757,0.4102,0.2787,0.166,-0.086,0.373,52.93,0.426,0.446,4012,4245,-0.412156,0.080565,H5N2,Avian
1564,A/whooper_swan/Henan/T888/2018|EPI_ISL_3226331,A/whooper_swan/Henan/T888,0.3072,0.2761,0.4097,0.2789,0.166,-0.085,0.374,52.93,0.426,0.446,4018,4251,-0.410398,0.080452,H5N2,Avian
1565,A/whooper_swan/Henan/Y120/2018|EPI_ISL_3228312,A/whooper_swan/Henan/Y120,0.3069,0.2757,0.4106,0.2785,0.166,-0.086,0.373,52.95,0.426,0.446,4011,4245,-0.412839,0.080565,H5N2,Avian
1566,A/whooper_swan/Inner_Mongolia/w1-1/2020|EPI_ISL_625671,A/whooper_swan/Inner_Mong,0.3022,0.2725,0.4068,0.2871,0.166,-0.075,0.378,52.88,0.431,0.449,4006,4236,-0.397852,0.081681,H5N8,Avian
1567,A/Whooper_Swan/Sanmenxia/01/2016|EPI_ISL_378634,A/Whooper_Swan/Sanmenxia/,0.3038,0.2714,0.4096,0.2839,0.169,-0.066,0.384,53.14,0.428,0.448,4024,4255,-0.402021,0.081551,H5N8,Avian
1568,A/Whooper_swan/Sanmenxia/G2/2020|EPI_ISL_14823425,A/Whooper_swan/Sanmenxia/,0.3026,0.2717,0.4061,0.2881,0.166,-0.075,0.378,53.01,0.431,0.449,4012,4242,-0.395144,0.081565,H5N8,Avian
1569,A/Whooper_swan/Sanmenxia/G13/2020|EPI_ISL_14823812,A/Whooper_swan/Sanmenxia/,0.3059,0.2696,0.4085,0.2839,0.165,-0.078,0.376,52.96,0.426,0.448,4011,4242,-0.398515,0.081801,H5N8,Avian
1570,A/Whooper_swan/Sanmenxia/G15/2020|EPI_ISL_14824026,A/Whooper_swan/Sanmenxia/,0.3029,0.2726,0.4061,0.2871,0.166,-0.073,0.379,53,0.431,0.449,4011,4242,-0.396417,0.081565,H5N8,Avian
1571,A/Whooper_swan/Sanmenxia/G28/2020|EPI_ISL_14836079,A/Whooper_swan/Sanmenxia/,0.3059,0.2696,0.4088,0.2835,0.166,-0.078,0.377,52.96,0.426,0.447,4011,4242,-0.398515,0.081801,H5N8,Avian
1572,A/Whooper_swan/Sanmenxia/H1/2020|EPI_ISL_14835960,A/Whooper_swan/Sanmenxia/,0.3022,0.2728,0.4072,0.2859,0.166,-0.073,0.379,52.93,0.43,0.449,4011,4242,-0.396888,0.08133,H5N8,Avian
1573,A/Whooper_swan/Sanmenxia/H735/2020|EPI_ISL_14835964,A/Whooper_swan/Sanmenxia/,0.3026,0.272,0.4053,0.2884,0.166,-0.074,0.379,52.98,0.431,0.449,4012,4242,-0.39314,0.081565,H5N8,Avian
1574,A/Whooper_swan/Sanmenxia/H810/2020|EPI_ISL_14835965,A/Whooper_swan/Sanmenxia/,0.3033,0.2724,0.4071,0.2857,0.167,-0.074,0.379,52.93,0.43,0.449,4010,4242,-0.397572,0.081565,H5N8,Avian
1575,A/Whooper_swan/Sanmenxia/Y10/2020|EPI_ISL_14823646,A/Whooper_swan/Sanmenxia/,0.3026,0.2729,0.4067,0.2864,0.167,-0.073,0.379,52.93,0.431,0.449,4011,4242,-0.396299,0.081565,H5N8,Avian
1576,A/Whooper_swan/Sanmenxia/Y11/2020|EPI_ISL_14823672,A/Whooper_swan/Sanmenxia/,0.3029,0.2723,0.4083,0.2849,0.167,-0.072,0.38,52.94,0.429,0.449,4011,4242,-0.39538,0.081565,H5N8,Avian
1577,A/Whooper_swan/Sanmenxia/Y12/2020|EPI_ISL_14823811,A/Whooper_swan/Sanmenxia/,0.3037,0.2719,0.4064,0.2864,0.166,-0.075,0.378,53.03,0.43,0.449,4011,4242,-0.396747,0.081565,H5N8,Avian
1578,A/Whooper_swan/Sanmenxia/Y15/2020|EPI_ISL_14824091,A/Whooper_swan/Sanmenxia/,0.3029,0.2726,0.4061,0.2871,0.166,-0.073,0.379,53,0.431,0.449,4011,4242,-0.396417,0.081565,H5N8,Avian
1579,A/Whooper_swan/Sanmenxia/Y18/2020|EPI_ISL_14835974,A/Whooper_swan/Sanmenxia/,0.3026,0.2717,0.4064,0.2877,0.166,-0.074,0.379,53,0.431,0.449,4012,4242,-0.395144,0.081565,H5N8,Avian
1580,A/Whooper_swan/Sanmenxia/Y19/2020|EPI_ISL_14836024,A/Whooper_swan/Sanmenxia/,0.3023,0.2732,0.408,0.285,0.167,-0.073,0.379,52.96,0.43,0.449,4011,4242,-0.396393,0.081565,H5N8,Avian
1581,A/Whooper_swan/Sanmenxia/Y20/2020|EPI_ISL_14836025,A/Whooper_swan/Sanmenxia/,0.3022,0.2731,0.4064,0.2867,0.167,-0.073,0.379,52.95,0.431,0.449,4011,4242,-0.397053,0.08133,H5N8,Avian
1582,A/Whooper_swan/Sanmenxia/Y21/2020|EPI_ISL_14836026,A/Whooper_swan/Sanmenxia/,0.3026,0.2729,0.4067,0.2864,0.167,-0.073,0.379,52.93,0.431,0.449,4011,4242,-0.396299,0.081565,H5N8,Avian
1583,A/Whooper_swan/Sanmenxia/Y23-2/2020|EPI_ISL_14836077,A/Whooper_swan/Sanmenxia/,0.3016,0.2737,0.4078,0.285,0.166,-0.073,0.379,52.93,0.43,0.449,4011,4242,-0.39505,0.081565,H5N8,Avian
1584,A/Whooper_swan/Sanmenxia/Y27/2020|EPI_ISL_14836082,A/Whooper_swan/Sanmenxia/,0.3026,0.2729,0.408,0.285,0.167,-0.073,0.379,52.95,0.43,0.449,4011,4242,-0.396393,0.081565,H5N8,Avian
1585,A/Whooper_swan/Sanmenxia/Y36/2020|EPI_ISL_14836086,A/Whooper_swan/Sanmenxia/,0.3016,0.2737,0.4082,0.2846,0.166,-0.073,0.379,52.93,0.43,0.449,4011,4242,-0.394955,0.081565,H5N8,Avian
1586,A/Whooper_swan/Sanmenxia/Y48A/2020|EPI_ISL_14836088,A/Whooper_swan/Sanmenxia/,0.3022,0.2734,0.4075,0.2854,0.167,-0.073,0.38,52.96,0.43,0.449,4011,4242,-0.396016,0.081565,H5N8,Avian
1587,A/Whooper_swan/Sanmenxia/Y48B/2020|EPI_ISL_14836369,A/Whooper_swan/Sanmenxia/,0.3016,0.2737,0.4078,0.285,0.166,-0.073,0.379,52.93,0.43,0.449,4011,4242,-0.39505,0.081565,H5N8,Avian
1588,A/Whooper_swan/Sanmenxia/Y52/2020|EPI_ISL_14824122,A/Whooper_swan/Sanmenxia/,0.3029,0.2726,0.4061,0.2871,0.166,-0.073,0.379,53,0.431,0.449,4011,4242,-0.396417,0.081565,H5N8,Avian
1589,A/Whooper_swan/Sanmenxia/Y56/2020|EPI_ISL_14835976,A/Whooper_swan/Sanmenxia/,0.3026,0.2729,0.4062,0.287,0.166,-0.076,0.378,52.93,0.431,0.449,4011,4242,-0.397478,0.081565,H5N8,Avian
1590,A/Whooper_swan/Sanmenxia/Y57/2020|EPI_ISL_14836101,A/Whooper_swan/Sanmenxia/,0.3026,0.2729,0.4082,0.2845,0.167,-0.073,0.379,52.89,0.429,0.449,4011,4242,-0.395663,0.081565,H5N8,Avian
1591,A/whooper_swan/Shaanxi/SXY2-1/2020|EPI_ISL_1760450,A/whooper_swan/Shaanxi/SX,0.3034,0.2721,0.4063,0.2872,0.167,-0.074,0.379,52.99,0.43,0.449,4005,4236,-0.400638,0.081681,H5N8,Avian
1592,A/whooper_swan/Shaanxi/SXY26/2020|EPI_ISL_1760446,A/whooper_swan/Shaanxi/SX,0.3029,0.272,0.4084,0.2851,0.167,-0.074,0.379,52.83,0.429,0.448,4005,4236,-0.397923,0.081681,H5N8,Avian
1593,A/whooper_swan/Shaanxi/SXY66/2020|EPI_ISL_1760447,A/whooper_swan/Shaanxi/SX,0.3033,0.272,0.4082,0.2846,0.167,-0.074,0.379,52.86,0.429,0.449,4005,4236,-0.397309,0.081681,H5N8,Avian
1594,A/whooper_swan/Shandong/SC176/2021|EPI_ISL_5260455,A/whooper_swan/Shandong/S,0.3026,0.271,0.4072,0.2872,0.165,-0.076,0.378,53.04,0.43,0.449,4005,4236,-0.399174,0.081681,H5N8,Avian
1595,A/whooper_swan/Shandong/SC185/2021|EPI_ISL_5260456,A/whooper_swan/Shandong/S,0.3029,0.2704,0.4073,0.2877,0.165,-0.076,0.378,53.05,0.43,0.449,4005,4236,-0.399788,0.081681,H5N8,Avian
1596,A/whooper_swan/Shandong/SC188/2021|EPI_ISL_5260461,A/whooper_swan/Shandong/S,0.3029,0.2707,0.4072,0.2872,0.165,-0.076,0.378,53.01,0.43,0.449,4005,4236,-0.397781,0.081681,H5N8,Avian
1597,A/whooper_swan/Shandong/SC195/2021|EPI_ISL_5260457,A/whooper_swan/Shandong/S,0.3033,0.2709,0.407,0.288,0.166,-0.083,0.374,53.1,0.43,0.448,4020,4249,-0.398541,0.081431,H5N8,Avian
1598,A/whooper_swan/Shandong/SC198/2021|EPI_ISL_5260458,A/whooper_swan/Shandong/S,0.3023,0.2716,0.4066,0.2876,0.166,-0.074,0.379,53.06,0.431,0.449,4005,4236,-0.399339,0.081681,H5N8,Avian
1599,A/whooper_swan/Shandong/SC199/2021|EPI_ISL_5260459,A/whooper_swan/Shandong/S,0.3027,0.2711,0.4063,0.2883,0.165,-0.076,0.378,53.05,0.431,0.449,4005,4236,-0.397734,0.081681,H5N8,Avian
1600,A/whooper_swan/Shandong/SC200/2021|EPI_ISL_5260460,A/whooper_swan/Shandong/S,0.3024,0.2711,0.4069,0.2879,0.166,-0.075,0.378,53.05,0.43,0.449,4005,4236,-0.397805,0.081681,H5N8,Avian
1601,A/whooper_swan/Shanxi/4-1/2020|EPI_ISL_5260462,A/whooper_swan/Shanxi/4-1,0.3022,0.2731,0.4082,0.2848,0.166,-0.074,0.379,52.97,0.43,0.449,4005,4236,-0.398135,0.081681,H5N8,Avian
1602,A/whooper_swan/Shanxi/4-2/2020|EPI_ISL_5260463,A/whooper_swan/Shanxi/4-2,0.3023,0.2732,0.4082,0.2848,0.166,-0.074,0.379,52.97,0.43,0.449,4005,4236,-0.398867,0.081681,H5N8,Avian
1603,A/whooper_swan/Shanxi/14/2021|EPI_ISL_13352717,A/whooper_swan/Shanxi/14/,0.3011,0.28,0.4073,0.2828,0.17,-0.069,0.383,52.78,0.433,0.449,3976,4209,-0.409812,0.08173,H5N1,Avian
1604,A/whooper_swan/Shanxi/20/2021|EPI_ISL_13352704,A/whooper_swan/Shanxi/20/,0.3014,0.28,0.4073,0.2824,0.17,-0.069,0.383,52.79,0.432,0.449,3976,4209,-0.409812,0.08173,H5N1,Avian
1605,A/whooper_swan/Shanxi/RC01/2016|EPI_ISL_378362,A/whooper_swan/Shanxi/RC0,0.3041,0.2714,0.4091,0.2839,0.169,-0.065,0.384,53.13,0.428,0.448,4023,4255,-0.402679,0.081551,H5N8,Avian
1606,A/whooper_swan/Shanxi/SX16/2020|EPI_ISL_1760451,A/whooper_swan/Shanxi/SX1,0.302,0.2732,0.4066,0.2865,0.167,-0.074,0.379,52.94,0.431,0.449,4006,4236,-0.400945,0.081681,H5N8,Avian
1607,A/whooper_swan/Shanxi/SX31/2020|EPI_ISL_1760452,A/whooper_swan/Shanxi/SX3,0.3026,0.2723,0.408,0.2859,0.167,-0.074,0.379,52.86,0.43,0.449,4006,4236,-0.398489,0.081917,H5N8,Avian
1608,A/whooper_swan/Shanxi/SX56/2020|EPI_ISL_1760453,A/whooper_swan/Shanxi/SX5,0.3026,0.2725,0.4066,0.2865,0.167,-0.074,0.379,52.95,0.431,0.449,4006,4236,-0.400968,0.081445,H5N8,Avian
1609,A/whooper_swan/Shanxi/SX106/2020|EPI_ISL_1760454,A/whooper_swan/Shanxi/SX1,0.3028,0.2724,0.4086,0.2852,0.167,-0.073,0.38,52.87,0.429,0.448,4005,4236,-0.400661,0.081917,H5N8,Avian
1610,A/whooper_swan/Shanxi/SX116/2020|EPI_ISL_1760455,A/whooper_swan/Shanxi/SX1,0.3063,0.2696,0.4116,0.2848,0.168,-0.08,0.376,52.61,0.425,0.445,4020,4248,-0.409016,0.080979,H5N2,Avian
1611,A/whooper_swan/Shanxi/SX166/2020|EPI_ISL_1822592,A/whooper_swan/Shanxi/SX1,0.3029,0.2723,0.4072,0.2862,0.167,-0.073,0.379,52.9,0.43,0.449,4005,4236,-0.397663,0.081681,H5N8,Avian
1612,A/whooper_swan/Shanxi/SX206/2020|EPI_ISL_1822593,A/whooper_swan/Shanxi/SX2,0.3033,0.272,0.4072,0.2862,0.167,-0.074,0.379,52.94,0.43,0.448,4005,4236,-0.398324,0.081681,H5N8,Avian
1613,A/whooper_swan/Shanxi/SX216/2020|EPI_ISL_1822594,A/whooper_swan/Shanxi/SX2,0.3027,0.2726,0.4073,0.286,0.167,-0.073,0.379,52.96,0.43,0.449,4004,4236,-0.398961,0.081681,H5N8,Avian
1614,A/whooper_swan/Shanxi/SX231/2020|EPI_ISL_1822595,A/whooper_swan/Shanxi/SX2,0.3023,0.2726,0.4075,0.2862,0.167,-0.072,0.38,52.95,0.43,0.449,4005,4236,-0.398206,0.081681,H5N8,Avian
1615,A/whooper_swan/Shanxi/SX251/2020|EPI_ISL_1822596,A/whooper_swan/Shanxi/SX2,0.3021,0.2723,0.4083,0.2859,0.167,-0.074,0.379,52.87,0.43,0.449,4004,4236,-0.399551,0.081681,H5N8,Avian
1616,A/whooper_swan/Shanxi/SX276/2020|EPI_ISL_1822597,A/whooper_swan/Shanxi/SX2,0.3021,0.2726,0.4082,0.2859,0.167,-0.073,0.38,52.9,0.43,0.449,4005,4236,-0.401086,0.081681,H5N8,Avian
1617,A/whooper_swan/Shanxi/SX291/2020|EPI_ISL_1822598,A/whooper_swan/Shanxi/SX2,0.3033,0.272,0.4067,0.2867,0.167,-0.073,0.38,53.02,0.43,0.449,4004,4236,-0.398796,0.081681,H5N8,Avian
1618,A/whooper_swan/Shanxi/SX346/2020|EPI_ISL_1822599,A/whooper_swan/Shanxi/SX3,0.3036,0.2713,0.4066,0.2873,0.167,-0.074,0.379,52.95,0.43,0.449,4005,4236,-0.398135,0.081681,H5N8,Avian
1619,A/Wigeon/Ningxia/476-12/2015|EPI_ISL_295498,A/Wigeon/Ningxia/476-12/2,0.2977,0.2673,0.4247,0.282,0.162,-0.096,0.367,52.6,0.422,0.445,4002,4233,-0.416253,0.078904,H5N6,Avian
1620,A/wild_bird/Eastern_China/1754/2017|EPI_ISL_378249,A/wild_bird/Eastern_China,0.2993,0.2793,0.4077,0.2874,0.167,-0.076,0.379,53.43,0.435,0.449,4018,4245,-0.41404,0.081037,Others,Avian
1621,A/wild_bird/Eastern_China/1758/2017|EPI_ISL_378250,A/wild_bird/Eastern_China,0.2991,0.28,0.4085,0.286,0.168,-0.076,0.379,53.47,0.434,0.449,4017,4245,-0.416608,0.081272,Others,Avian
1622,A/wild_bird/Eastern_China/1759/2017|EPI_ISL_378251,A/wild_bird/Eastern_China,0.2991,0.2797,0.4076,0.2872,0.167,-0.075,0.38,53.47,0.435,0.449,4016,4245,-0.415972,0.081272,Others,Avian
1623,A/wild_bird/Hubei/12.12_LGHF2W44/2016(H5N8)|EPI_ISL_363770,A/wild_bird/Hubei/12.12_L,0.3042,0.2706,0.4139,0.2785,0.169,-0.068,0.382,52.67,0.423,0.446,4017,4249,-0.400659,0.081431,H5N8,Avian
1624,A/wild_bird/Hunan/01.14_YYDTHF2-20-2/2016(H5N6)|EPI_ISL_363818,A/wild_bird/Hunan/01.14_Y,0.2972,0.2658,0.4318,0.2767,0.165,-0.085,0.373,52.09,0.416,0.444,4000,4233,-0.420033,0.078668,H5N6,Avian
1625,A/wild_bird/Hunan/01.14_YYDTHF2-25-2/2016(H5N6)|EPI_ISL_363823,A/wild_bird/Hunan/01.14_Y,0.2972,0.2651,0.427,0.2837,0.164,-0.092,0.37,52.21,0.421,0.445,3986,4220,-0.418033,0.07891,H5N6,Avian
1626,A/wild_bird/Hunan/02.24_YYDTHF2-114-2/2016(H5N6)|EPI_ISL_363805,A/wild_bird/Hunan/02.24_Y,0.2964,0.2672,0.4303,0.2775,0.165,-0.084,0.373,52.24,0.418,0.444,4003,4233,-0.411836,0.078904,H5N6,Avian
1627,A/wild_bird/Hunan/02.24_YYDTHF3-112/2016(H5N6)|EPI_ISL_2727646,A/wild_bird/Hunan/02.24_Y,0.296,0.2675,0.4303,0.2775,0.165,-0.083,0.374,52.24,0.418,0.444,4003,4233,-0.411836,0.078904,H5N6,Avian
1628,A/wild_bird/Hunan/03.08_DTHF2E3-2/2018(H5N6)|EPI_ISL_363803,A/wild_bird/Hunan/03.08_D,0.296,0.2675,0.4303,0.2775,0.165,-0.083,0.374,52.24,0.418,0.445,4003,4233,-0.411836,0.078904,H5N6,Avian
1629,A/wild_bird/Taipei/04WB12-522-11-15/2004|EPI_ISL_19226227,A/wild_bird/Taipei/04WB12,0.2919,0.2803,0.4087,0.2924,0.164,-0.095,0.368,52.88,0.439,0.45,4018,4252,-0.405997,0.079727,H5N6,Avian
1630,A/wild_bird/Zhejiang/NBXS-1/2024|EPI_ISL_19371693,A/wild_bird/Zhejiang/NBXS,0.2894,0.276,0.4209,0.284,0.165,-0.081,0.375,52.14,0.431,0.45,3998,4225,-0.41574,0.08,H5N6,Avian
1631,A/wild_duck/Fujian/1/2011|EPI_ISL_148129,A/wild_duck/Fujian/1/2011,0.3102,0.2658,0.4161,0.2794,0.167,-0.078,0.377,52.93,0.418,0.444,3998,4224,-0.40928,0.081439,H5N1,Avian
1632,A/wild_duck/Fujian/2/2011|EPI_ISL_148130,A/wild_duck/Fujian/2/2011,0.3107,0.2654,0.4152,0.2802,0.168,-0.076,0.379,52.96,0.418,0.444,3999,4224,-0.408736,0.081439,H5N1,Avian
1633,A/wild_duck/Hebei/SD012/2021(H5N1)|EPI_ISL_12572664,A/wild_duck/Hebei/SD012/2,0.2996,0.2814,0.4035,0.2857,0.169,-0.068,0.384,52.79,0.436,0.45,4018,4248,-0.40306,0.081921,H5N1,Avian
1634,A/wild_duck/Hunan/12.28_DTHD76-1/2016(H5N7)|EPI_ISL_2727644,A/wild_duck/Hunan/12.28_D,0.2961,0.2837,0.4075,0.2843,0.17,-0.078,0.379,52.36,0.437,0.45,4015,4247,-0.422063,0.080292,Others,Avian
1635,A/wild_duck/Jiangsu/SD019/2021|EPI_ISL_5260469,A/wild_duck/Jiangsu/SD019,0.3036,0.2711,0.4069,0.2868,0.165,-0.079,0.376,52.95,0.429,0.448,4005,4236,-0.394311,0.081917,H5N8,Avian
1636,A/wild_duck/Jilin/HF/2011|EPI_ISL_148127,A/wild_duck/Jilin/HF/2011,0.3014,0.2749,0.4114,0.2858,0.171,-0.066,0.385,53.18,0.43,0.446,3995,4223,-0.406938,0.081932,H5N1,Avian
1637,A/wild_duck/Jilin/ZF/2011|EPI_ISL_148128,A/wild_duck/Jilin/ZF/2011,0.2983,0.2787,0.412,0.2857,0.171,-0.066,0.385,52.88,0.432,0.446,3994,4223,-0.410609,0.081932,H5N1,Avian
1638,A/wild_duck/Shandong/1/2011|EPI_ISL_148124,A/wild_duck/Shandong/1/20,0.3055,0.2774,0.4176,0.2703,0.172,-0.063,0.387,53.22,0.421,0.443,3990,4224,-0.403646,0.082623,H5N1,Avian
1639,A/wild_duck/Shandong/2/2011|EPI_ISL_148125,A/wild_duck/Shandong/2/20,0.3082,0.2691,0.4146,0.2812,0.17,-0.069,0.384,53.13,0.422,0.443,3991,4223,-0.415818,0.081695,H5N1,Avian
1640,A/wild_duck/Shandong/628/2011|EPI_ISL_148126,A/wild_duck/Shandong/628/,0.3071,0.2699,0.4234,0.2691,0.171,-0.075,0.38,52.1,0.415,0.442,3997,4228,-0.405535,0.081362,H5N1,Avian
1641,A/wild_duck/Shandong/SC177/2021|EPI_ISL_5260454,A/wild_duck/Shandong/SC17,0.3027,0.2711,0.4073,0.2873,0.166,-0.076,0.378,53.01,0.43,0.449,4005,4236,-0.396884,0.081917,H5N8,Avian
1642,A/wild_goose/Shandong/SC196/2021|EPI_ISL_5260470,A/wild_goose/Shandong/SC1,0.3027,0.2711,0.4063,0.2883,0.166,-0.075,0.378,53.06,0.431,0.449,4005,4236,-0.398607,0.081681,H5N8,Avian
1643,A/wild_pigeon/Jilin/CC01/2014|EPI_ISL_243344,A/wild_pigeon/Jilin/CC01/,0.3016,0.2676,0.4248,0.2778,0.162,-0.093,0.369,52.45,0.418,0.444,4002,4233,-0.413844,0.078904,H5N6,Avian
1644,A/wildfowl/China/472/2014|EPI_ISL_201792,A/wildfowl/China/472/2014,0.3067,0.2651,0.415,0.2867,0.168,-0.085,0.374,52.97,0.422,0.441,4007,4232,-0.390761,0.080104,H5N2,Avian
1645,A/Xinjiang/1/2006|EPI_ISL_79681,A/Xinjiang/1/2006|EPI_ISL,0.3112,0.27,0.4113,0.2783,0.17,-0.077,0.379,52.82,0.421,0.444,3993,4224,-0.415009,0.081676,H5N1,Human
1646,A/Xinjiang/1/2009|EPI_ISL_73313,A/Xinjiang/1/2009|EPI_ISL,0.3077,0.2705,0.4209,0.272,0.17,-0.07,0.383,52.6,0.417,0.443,3995,4223,-0.410656,0.081695,H5N1,Human
1647,A/Yunnan/14563/2015|EPI_ISL_178261,A/Yunnan/14563/2015|EPI_I,0.2867,0.2763,0.4267,0.2834,0.165,-0.08,0.376,52.08,0.43,0.446,3993,4224,-0.421544,0.079309,H5N6,Human
1648,A/Yunnan/DQ002/2015(H5N6)|EPI_ISL_200838,A/Yunnan/DQ002/2015(H5N6),0.2883,0.2758,0.4259,0.2826,0.165,-0.08,0.376,52.11,0.429,0.446,3991,4224,-0.422846,0.079309,H5N6,Human
1649,A/Zhejiang/1/2006|EPI_ISL_73294,A/Zhejiang/1/2006|EPI_ISL,0.3079,0.2704,0.4135,0.2806,0.171,-0.074,0.381,52.86,0.423,0.444,3994,4223,-0.412953,0.081695,H5N1,Human
1650,A/Anas_platyrhynchos/jiujiang/H5N1/2024_H5N1|GCA_050792265.1,A/Anas_platyrhynchos/jiuj,0.3,0.2803,0.3995,0.2913,0.168,-0.077,0.379,53.02,0.439,0.449,4018,4254,-0.403573,0.08157,H5N1,Avian
1651,A/Anas_crecca/Hubei/Chenhu1623-5/2014_H5N6|GCA_038725345.1,A/Anas_crecca/Hubei/Chenh,0.2989,0.271,0.4245,0.2795,0.163,-0.086,0.373,52.66,0.421,0.444,4015,4244,-0.414043,0.078464,H5N6,Avian
1652,A/Anhui/1/2006_H5N1|GCA_038285345.1,A/Anhui/1/2006_H5N1|GCA_0,0.3107,0.2664,0.4168,0.2785,0.17,-0.075,0.38,52.8,0.418,0.443,3935,4167,-0.419294,0.082313,H5N1,Human
1653,A/Anhui/1/2007_H5N1|GCA_038462475.1,A/Anhui/1/2007_H5N1|GCA_0,0.3093,0.2673,0.4168,0.2797,0.169,-0.081,0.377,52.99,0.419,0.444,3949,4181,-0.418369,0.082277,H5N1,Human
1654,A/Anhui/2/2005_H5N1|GCA_038248155.1,A/Anhui/2/2005_H5N1|GCA_0,0.3071,0.2708,0.4161,0.2786,0.171,-0.071,0.382,52.68,0.421,0.443,3994,4223,-0.410419,0.082169,H5N1,Human
1655,A/Anser_cygnoides/China/P126/2015_H5N1|GCA_038767415.1,A/Anser_cygnoides/China/P,0.3137,0.2653,0.4115,0.281,0.165,-0.085,0.374,52.96,0.419,0.444,3993,4223,-0.40071,0.081459,H5N1,Avian
1656,A/Anser_cygnoides/Hubei/FW44/2016_H5N8|GCA_038932195.1,A/Anser_cygnoides/Hubei/F,0.3042,0.2706,0.414,0.2787,0.169,-0.07,0.382,52.66,0.423,0.446,4017,4249,-0.400376,0.081666,H5N8,Avian
1657,A/Anser_fabalis/jiujiang/H5N1/2024_H5N1|GCA_050791665.1,A/Anser_fabalis/jiujiang/,0.3001,0.2804,0.3991,0.292,0.169,-0.076,0.38,52.94,0.44,0.449,4018,4254,-0.403362,0.081805,H5N1,Avian
1658,A/Anser_fabalis/jiujiang/H5N1/2024_H5N1|GCA_050791675.1,A/Anser_fabalis/jiujiang/,0.299,0.2811,0.3998,0.2913,0.168,-0.075,0.38,53.02,0.44,0.449,4019,4254,-0.405289,0.08157,H5N1,Avian
1659,A/Anser_fabalis/jiujiang/H5N1/2024_H5N1|GCA_050791655.1,A/Anser_fabalis/jiujiang/,0.3,0.2806,0.3992,0.2913,0.168,-0.077,0.379,53.03,0.439,0.449,4018,4254,-0.403573,0.08157,H5N1,Avian
1660,A/Bulbul/Taiwan/01156/2015_H5N3|GCA_038768815.1,A/Bulbul/Taiwan/01156/201,0.3043,0.2729,0.4089,0.2874,0.166,-0.084,0.374,53.13,0.429,0.444,4031,4261,-0.41157,0.080498,Others,Avian
1661,A/Changsha/1/2014_H5N6|GCA_038721495.1,A/Changsha/1/2014_H5N6|GC,0.2978,0.2692,0.4248,0.2802,0.163,-0.093,0.369,52.07,0.422,0.445,4002,4232,-0.410397,0.078922,H5N6,Human
1662,A/China/Original/2018_H5N6|GCA_039095745.1,A/China/Original/2018_H5N,0.2955,0.2701,0.4268,0.2797,0.167,-0.079,0.377,51.97,0.422,0.445,4001,4232,-0.410113,0.078686,H5N6,Human
1663,A/Chlidonias_hybrida/Hubei/55/2020_H5N8|GCA_039227835.1,A/Chlidonias_hybrida/Hube,0.3023,0.272,0.4073,0.287,0.168,-0.07,0.381,53.01,0.43,0.449,4011,4242,-0.396983,0.08133,H5N8,Avian
1664,A/Commom_Teal/Ningxia/474-9/2015_H5N6|GCA_038800685.1,A/Commom_Teal/Ningxia/474,0.2958,0.2705,0.4217,0.2836,0.163,-0.093,0.369,52.65,0.425,0.446,4003,4233,-0.414269,0.078904,H5N6,Avian
1665,A/Copsychus_saularis/Guangdong/SW8/2014_H5N6|GCA_038741795.1,A/Copsychus_saularis/Guan,0.298,0.2694,0.4264,0.2784,0.162,-0.094,0.368,52.33,0.42,0.445,4002,4233,-0.41356,0.078904,H5N6,Avian
1666,A/Cygnus_atratus/Hubei/2Z2-O/2016_H5N8|GCA_038936895.1,A/Cygnus_atratus/Hubei/2Z,0.3055,0.2691,0.4095,0.2843,0.17,-0.066,0.384,53.3,0.426,0.447,4017,4249,-0.403036,0.081666,H5N8,Avian
1667,A/Cygnus_atratus/Hubei/HF-1/2016_H5N8|GCA_038933985.1,A/Cygnus_atratus/Hubei/HF,0.3045,0.2697,0.4102,0.2838,0.169,-0.067,0.383,53.14,0.427,0.447,4018,4249,-0.403083,0.081666,H5N8,Avian
1668,A/Cygnus_columbianus/Hubei/116/2020_H5N8|GCA_039227075.1,A/Cygnus_columbianus/Hube,0.3016,0.2734,0.4083,0.285,0.167,-0.072,0.38,52.82,0.43,0.449,4011,4242,-0.396629,0.081565,H5N8,Avian
1669,A/Cygnus_columbianus/Hubei/49/2020_H5N8|GCA_039226965.1,A/Cygnus_columbianus/Hube,0.3029,0.2726,0.4087,0.2844,0.166,-0.075,0.378,52.87,0.429,0.448,4011,4242,-0.396063,0.081565,H5N8,Avian
1670,A/Cygnus_columbianus/Hubei/50/2020_H5N8|GCA_039227715.1,A/Cygnus_columbianus/Hube,0.3037,0.271,0.4077,0.2859,0.166,-0.075,0.378,52.88,0.429,0.449,4011,4242,-0.397949,0.081565,H5N8,Avian
1671,A/Cygnus_columbianus/Hubei/51/2020_H5N8|GCA_039226985.1,A/Cygnus_columbianus/Hube,0.3023,0.2729,0.4077,0.2857,0.167,-0.073,0.379,52.93,0.43,0.449,4011,4242,-0.396393,0.081565,H5N8,Avian
1672,A/Cygnus_columbianus/Hubei/52/2020_H5N8|GCA_039227815.1,A/Cygnus_columbianus/Hube,0.3029,0.2729,0.4077,0.2851,0.167,-0.072,0.38,52.88,0.43,0.449,4011,4242,-0.394838,0.081801,H5N8,Avian
1673,A/Cygnus_columbianus/Hubei/53/2020_H5N8|GCA_039227085.1,A/Cygnus_columbianus/Hube,0.3028,0.2725,0.4067,0.2863,0.167,-0.074,0.379,52.96,0.43,0.449,4011,4242,-0.395733,0.081565,H5N8,Avian
1674,A/Cygnus_columbianus/Hubei/56/2020_H5N8|GCA_039226645.1,A/Cygnus_columbianus/Hube,0.3022,0.2737,0.4071,0.2854,0.167,-0.071,0.38,52.94,0.431,0.449,4011,4242,-0.398821,0.081565,H5N8,Avian
1675,A/Duck/Dongting/D76-1/2016_H5N7|GCA_038937065.1,A/Duck/Dongting/D76-1/201,0.2961,0.2837,0.4065,0.2854,0.17,-0.077,0.379,52.42,0.438,0.45,4015,4247,-0.42098,0.080292,Others,Avian
1676,A/Duck/Jiangxi/631/2024_H5N1|GCA_042167585.1,A/Duck/Jiangxi/631/2024_H,0.3069,0.2741,0.401,0.2894,0.168,-0.075,0.38,52.78,0.433,0.448,4002,4235,-0.406871,0.082409,H5N1,Avian
1677,A/Falcated_Duck/Ningxia/484-29/2015_H5N6|GCA_038799475.1,A/Falcated_Duck/Ningxia/4,0.2966,0.2677,0.4236,0.2833,0.163,-0.095,0.367,52.48,0.423,0.446,4002,4233,-0.415757,0.078904,H5N6,Avian
1678,A/Ferruginous_Pochard/Ningxia/480-17/2015_H5N6|GCA_038799515.1,A/Ferruginous_Pochard/Nin,0.2969,0.268,0.4225,0.2841,0.162,-0.099,0.365,52.53,0.424,0.446,4002,4233,-0.414978,0.078904,H5N6,Avian
1679,A/Gadwall/Ningxia/472-7/2015_H5N6|GCA_038800765.1,A/Gadwall/Ningxia/472-7/2,0.2981,0.2683,0.4238,0.2811,0.162,-0.094,0.368,52.64,0.422,0.446,4002,4233,-0.415497,0.078904,H5N6,Avian
1680,A/Gallinula_chloropus/Guangdong/GZ174/2014_H5N6|GCA_038745415.1,A/Gallinula_chloropus/Gua,0.2975,0.2692,0.427,0.2783,0.161,-0.094,0.367,52.28,0.42,0.445,4003,4233,-0.412899,0.078904,H5N6,Avian
1681,A/Guangdong/1/2008_H5N1|GCA_038477485.1,A/Guangdong/1/2008_H5N1|G,0.3084,0.2689,0.4213,0.2751,0.169,-0.075,0.381,52.73,0.417,0.442,3949,4181,-0.418465,0.082516,H5N1,Human
1682,A/Guangdong/2/2006_H5N1|GCA_038273265.1,A/Guangdong/2/2006_H5N1|G,0.3091,0.2668,0.4172,0.2802,0.171,-0.072,0.382,52.53,0.419,0.443,3951,4181,-0.416957,0.082277,H5N1,Human
1683,A/Guangdong/lgf/2021_H5N6|GCA_039237745.1,A/Guangdong/lgf/2021_H5N6,0.2878,0.2768,0.4259,0.2789,0.165,-0.078,0.377,52.16,0.428,0.447,4006,4238,-0.415385,0.079283,H5N6,Human
1684,A/Guangxi/1/2005_H5N1|GCA_038247645.1,A/Guangxi/1/2005_H5N1|GCA,0.3072,0.2718,0.4137,0.2803,0.171,-0.071,0.383,52.79,0.423,0.445,3991,4223,-0.418541,0.081695,H5N1,Human
1685,A/Guangxi/1/2008_H5N1|GCA_038477145.1,A/Guangxi/1/2008_H5N1|GCA,0.3098,0.2673,0.4144,0.2818,0.169,-0.081,0.377,53,0.421,0.443,3952,4181,-0.415977,0.082277,H5N1,Human
1686,A/Guangzhou/39715/2014_H5N6|GCA_038761735.1,A/Guangzhou/39715/2014_H5,0.2978,0.2695,0.4238,0.2814,0.163,-0.091,0.37,52.38,0.422,0.445,4003,4233,-0.420364,0.078904,H5N6,Human
1687,A/Guizhou/1/2009_H5N1|GCA_038505375.1,A/Guizhou/1/2009_H5N1|GCA,0.3064,0.2697,0.4197,0.2766,0.17,-0.063,0.387,52.74,0.419,0.443,3950,4181,-0.416408,0.082038,H5N1,Human
1688,A/Hunan/1/2008_H5N1|GCA_038476645.1,A/Hunan/1/2008_H5N1|GCA_0,0.3154,0.2636,0.4108,0.285,0.171,-0.078,0.379,52.9,0.42,0.442,3947,4181,-0.418249,0.082516,H5N1,Human
1689,A/Hunan/2/2009_H5N1|GCA_038506045.1,A/Hunan/2/2009_H5N1|GCA_0,0.309,0.2679,0.4184,0.2771,0.17,-0.065,0.386,52.86,0.418,0.443,3951,4181,-0.415092,0.082038,H5N1,Human
1690,A/Japanese_white-eye/Taoyuan/Q454/2012_H5N1|GCA_038651525.1,A/Japanese_white-eye/Taoy,0.3078,0.2691,0.4164,0.2799,0.167,-0.082,0.376,53.02,0.421,0.444,3996,4223,-0.415676,0.081695,H5N1,Avian
1691,A/Nanjing/1/2015_H5N1|GCA_038770935.1,A/Nanjing/1/2015_H5N1|GCA,0.2994,0.2716,0.4071,0.2955,0.165,-0.086,0.374,52.91,0.434,0.447,3991,4223,-0.415439,0.081459,H5N1,Human
1692,A/Northern_Shoveler/Ningxia/488-53/2015_H5N6|GCA_038800455.1,A/Northern_Shoveler/Ningx,0.2984,0.2673,0.4246,0.2812,0.161,-0.094,0.368,52.66,0.421,0.445,4003,4233,-0.414316,0.078904,H5N6,Avian
1693,A/Pavo_cristatus/China/JS02/2018_H5N6|GCA_039039145.1,A/Pavo_cristatus/China/JS,0.2963,0.2683,0.4307,0.276,0.165,-0.08,0.377,51.79,0.418,0.444,4000,4232,-0.420723,0.078922,H5N6,Avian
1694,A/Pavo_cristatus/China/K10/2018_H5N6|GCA_039038635.1,A/Pavo_cristatus/China/K1,0.2963,0.2683,0.4307,0.276,0.165,-0.08,0.377,51.79,0.418,0.444,4000,4232,-0.420723,0.078922,H5N6,Avian
1695,A/Pavo_cristatus/Jiangxi/JA1/2016_H5N6|GCA_038827365.1,A/Pavo_cristatus/Jiangxi/,0.2946,0.2702,0.4297,0.2767,0.164,-0.083,0.374,51.84,0.42,0.445,3999,4232,-0.413942,0.078922,H5N6,Avian
1696,A/Rattus_norvegicus/China/FS21/2021_H5N6|GCA_039238605.1,A/Rattus_norvegicus/China,0.3023,0.2625,0.4339,0.2723,0.164,-0.091,0.371,51.66,0.411,0.441,4004,4232,-0.414721,0.079159,H5N6,Nonhuman Mammal
1697,A/Shandong/1/2009_H5N1|GCA_038504355.1,A/Shandong/1/2009_H5N1|GC,0.3125,0.2656,0.4191,0.276,0.169,-0.075,0.381,52.56,0.415,0.442,3948,4181,-0.421837,0.082516,H5N1,Human
1698,A/Spatula_querquedula/chongming/H5N1/2024_H5N1|GCA_050792285.1,A/Spatula_querquedula/cho,0.3001,0.2807,0.3983,0.2929,0.169,-0.077,0.379,52.89,0.44,0.449,4018,4254,-0.403385,0.081805,H5N1,Avian
1699,A/Syrrhaptes_paradoxus/Guangdong/ZH283/2015_H5N6|GCA_038774035.1,A/Syrrhaptes_paradoxus/Gu,0.2957,0.2698,0.4295,0.2773,0.163,-0.087,0.372,52.15,0.42,0.445,4000,4233,-0.416962,0.078904,H5N6,Avian
1700,A/Taiwan/DV413/2006_H5N2|GCA_038275325.1,A/Taiwan/DV413/2006_H5N2|,0.3111,0.2709,0.4123,0.2768,0.165,-0.087,0.372,52.84,0.421,0.444,4011,4238,-0.407881,0.08117,H5N2,Avian
1701,A/Taiwan/DV518/2006_H5N2|GCA_038278775.1,A/Taiwan/DV518/2006_H5N2|,0.312,0.27,0.4117,0.2774,0.164,-0.089,0.371,52.87,0.42,0.444,4011,4238,-0.409556,0.080934,H5N2,Avian
1702,A/Whooper_Swan/Sanmenxia/01/2016_H5N8|GCA_038925235.1,A/Whooper_Swan/Sanmenxia/,0.3038,0.2714,0.4096,0.2839,0.169,-0.066,0.384,53.14,0.428,0.448,4024,4255,-0.402021,0.081551,H5N8,Avian
1703,A/Wild_bird/Huadong/CIXI20/2020_H5N8|GCA_057733595.1,A/Wild_bird/Huadong/CIXI2,0.3032,0.2719,0.4063,0.2871,0.166,-0.075,0.378,52.96,0.43,0.449,4005,4236,-0.398442,0.081681,H5N8,Avian
1704,A/Wild_bird/Huadong/CM120/2017_H5N1|GCA_057733485.1,A/Wild_bird/Huadong/CM120,0.3001,0.2723,0.4067,0.2948,0.165,-0.086,0.374,53.08,0.434,0.446,3988,4223,-0.411272,0.081932,H5N1,Avian
1705,A/Wild_bird/Huadong/DF10/2019_H5N6|GCA_057733565.1,A/Wild_bird/Huadong/DF10/,0.298,0.2682,0.4251,0.2786,0.163,-0.086,0.373,52.47,0.42,0.445,4003,4232,-0.410161,0.079395,H5N6,Avian
1706,A/Wild_bird/Huadong/DT10/2019_H5N1|GCA_057733585.1,A/Wild_bird/Huadong/DT10/,0.3039,0.2713,0.4173,0.2799,0.166,-0.084,0.374,52.72,0.423,0.444,3995,4223,-0.407341,0.081695,H5N1,Avian
1707,A/Wild_bird/Huadong/GY116/2019_H5N6|GCA_057733535.1,A/Wild_bird/Huadong/GY116,0.2976,0.2688,0.4246,0.2789,0.163,-0.086,0.373,52.46,0.421,0.446,4003,4232,-0.40983,0.079631,H5N6,Avian
1708,A/Wild_bird/Huadong/GY183/2017_H5N6|GCA_057733495.1,A/Wild_bird/Huadong/GY183,0.3004,0.2644,0.4373,0.2698,0.166,-0.082,0.376,51.83,0.41,0.44,3999,4232,-0.417439,0.078922,H5N6,Avian
1709,A/Wild_bird/Huadong/GY999/2017_H5N6|GCA_057733505.1,A/Wild_bird/Huadong/GY999,0.2968,0.2703,0.4302,0.2732,0.164,-0.086,0.373,51.73,0.418,0.444,3997,4231,-0.419097,0.079177,H5N6,Avian
1710,A/Wild_bird/Huadong/JYWB4/2013_H5N1|GCA_057733455.1,A/Wild_bird/Huadong/JYWB4,0.3087,0.2682,0.4139,0.2827,0.168,-0.078,0.378,52.92,0.422,0.444,3997,4223,-0.413971,0.081695,H5N1,Avian
1711,A/Wild_bird/Huadong/QP10/2016_H5N6|GCA_057733475.1,A/Wild_bird/Huadong/QP10/,0.2963,0.2704,0.4322,0.2734,0.165,-0.082,0.375,52.11,0.417,0.444,3999,4232,-0.42155,0.079395,H5N6,Avian
1712,A/Wild_bird/Huadong/SH17/2019_H5N6|GCA_057733575.1,A/Wild_bird/Huadong/SH17/,0.2985,0.2681,0.4248,0.2787,0.163,-0.086,0.372,52.4,0.42,0.445,4004,4232,-0.409239,0.079395,H5N6,Avian
1713,A/Wild_bird/Huadong/SSW7/2017_H5N6|GCA_057733525.1,A/Wild_bird/Huadong/SSW7/,0.2996,0.2664,0.4334,0.2721,0.165,-0.087,0.372,51.86,0.413,0.442,3996,4231,-0.416852,0.079414,H5N6,Avian
1714,A/Wild_bird/Huadong/SZ1111/2016_H5N6|GCA_057733465.1,A/Wild_bird/Huadong/SZ111,0.2945,0.272,0.4315,0.2736,0.164,-0.082,0.375,52.12,0.419,0.444,4004,4233,-0.417316,0.079613,H5N6,Avian
1715,A/Wild_bird/Huadong/YC148/2019_H5N6|GCA_057733545.1,A/Wild_bird/Huadong/YC148,0.2996,0.2664,0.4339,0.2718,0.165,-0.087,0.373,51.81,0.413,0.442,3997,4232,-0.416564,0.079159,H5N6,Avian
1716,A/Wild_bird/Huadong/YX68/2019_H5N6|GCA_057733555.1,A/Wild_bird/Huadong/YX68/,0.2982,0.2684,0.4248,0.2786,0.163,-0.086,0.373,52.48,0.42,0.445,4004,4232,-0.410255,0.079395,H5N6,Avian
1717,A/Xinjiang/1/2009_H5N1|GCA_038505015.1,A/Xinjiang/1/2009_H5N1|GC,0.308,0.2682,0.4235,0.272,0.17,-0.071,0.383,52.46,0.415,0.442,3954,4181,-0.417556,0.082038,H5N1,Human
1718,A/Yangzhou/125/2022_H5N6|GCA_039266715.1,A/Yangzhou/125/2022_H5N6|,0.2857,0.2741,0.4233,0.289,0.162,-0.087,0.372,52.51,0.432,0.449,4007,4233,-0.412804,0.078668,H5N6,Human
1719,A/avian/Hong_Kong/0719/2007_H5N1|GCA_038453415.1,A/avian/Hong_Kong/0719/20,0.3062,0.2714,0.4151,0.279,0.169,-0.077,0.379,52.76,0.422,0.445,3993,4223,-0.410467,0.081932,H5N1,Avian
1720,A/avian/Hong_Kong/1993/2007_H5N1|GCA_038453435.1,A/avian/Hong_Kong/1993/20,0.307,0.2709,0.4148,0.2794,0.169,-0.077,0.379,52.84,0.422,0.444,3993,4223,-0.410751,0.081932,H5N1,Avian
1721,A/avian/Hong_Kong/2372/2007_H5N1|GCA_038452855.1,A/avian/Hong_Kong/2372/20,0.3078,0.2702,0.4154,0.2783,0.17,-0.077,0.379,52.79,0.421,0.444,3993,4223,-0.408951,0.081932,H5N1,Avian
1722,A/baikal_teal/Xianghai/426/2011_H5N2|GCA_038623835.1,A/baikal_teal/Xianghai/42,0.3011,0.2784,0.4033,0.289,0.17,-0.075,0.38,52.39,0.436,0.45,4014,4245,-0.413899,0.080801,H5N2,Avian
1723,A/bar-headed_goose/Qinghai/1-HVRI/2006_H5N1|GCA_038266165.1,A/bar-headed_goose/Qingha,0.3065,0.2733,0.416,0.2741,0.171,-0.074,0.38,52.79,0.421,0.445,3993,4224,-0.424172,0.081913,H5N1,Avian
1724,A/bar-headed_goose/Tibet/8/2006_H5N1|GCA_038266245.1,A/bar-headed_goose/Tibet/,0.3079,0.2733,0.4155,0.2747,0.172,-0.075,0.38,52.81,0.421,0.444,3994,4224,-0.419579,0.082386,H5N1,Avian
1725,A/black_chicken/Jiangxi/10129/2014_H5N6|GCA_038718415.1,A/black_chicken/Jiangxi/1,0.3018,0.2683,0.4242,0.2807,0.164,-0.086,0.374,52.66,0.42,0.443,4013,4244,-0.415245,0.078699,H5N6,Avian
1726,A/brown-headed_gull/Qinghai/19/2009_H5N1|GCA_038534815.1,A/brown-headed_gull/Qingh,0.3059,0.2711,0.4142,0.2821,0.17,-0.071,0.383,53.06,0.424,0.445,3990,4223,-0.414563,0.082406,H5N1,Avian
1727,A/brown-headed_gull/Qinghai/9/2009_H5N1|GCA_038535675.1,A/brown-headed_gull/Qingh,0.3063,0.2716,0.4137,0.2816,0.17,-0.072,0.382,52.98,0.424,0.445,3992,4223,-0.406844,0.081932,H5N1,Avian
1728,A/canvasback/Xianghai/428/2011_H5N2|GCA_038624105.1,A/canvasback/Xianghai/428,0.3011,0.2817,0.3989,0.2897,0.17,-0.072,0.382,52.87,0.439,0.451,4015,4245,-0.41477,0.080801,H5N2,Avian
1729,A/cat/Sichuan/SC18/2014_H5N6|GCA_038734245.1,A/cat/Sichuan/SC18/2014_H,0.299,0.2716,0.4233,0.2805,0.165,-0.08,0.377,52.79,0.422,0.444,4012,4244,-0.417413,0.078464,H5N6,Nonhuman Mammal
1730,A/cat/Zhejiang/C1/2016_H5N6|GCA_038809425.1,A/cat/Zhejiang/C1/2016_H5,0.2835,0.2774,0.4315,0.2801,0.166,-0.08,0.376,51.57,0.429,0.446,3995,4224,-0.419153,0.079309,H5N6,Nonhuman Mammal
1731,A/cat/Zhejiang/C2/2016_H5N6|GCA_038810535.1,A/cat/Zhejiang/C2/2016_H5,0.2866,0.2735,0.4307,0.2806,0.166,-0.083,0.374,51.35,0.426,0.446,3996,4224,-0.414702,0.079072,H5N6,Nonhuman Mammal
1732,A/chicken/Anhui/MZ33/2016_H5N6|GCA_038814295.1,A/chicken/Anhui/MZ33/2016,0.2861,0.2757,0.4294,0.2802,0.165,-0.08,0.376,51.59,0.428,0.446,3995,4224,-0.408878,0.079309,H5N6,Avian
1733,A/chicken/Anhui/MZ34/2016_H5N6|GCA_038815495.1,A/chicken/Anhui/MZ34/2016,0.2856,0.2759,0.4296,0.2799,0.165,-0.08,0.376,51.57,0.428,0.446,3995,4224,-0.408428,0.079309,H5N6,Avian
1734,A/chicken/Beijing/BJ7/2014_H5N2|GCA_038749135.1,A/chicken/Beijing/BJ7/201,0.3036,0.2738,0.4128,0.2836,0.169,-0.072,0.381,52.45,0.427,0.443,4004,4232,-0.408129,0.080813,H5N2,Avian
1735,A/chicken/CH/a556/2015_H5N2|GCA_038770985.1,A/chicken/CH/a556/2015_H5,0.323,0.2583,0.432,0.2563,0.169,-0.082,0.376,51.93,0.395,0.434,3989,4225,-0.409562,0.080237,H5N2,Avian
1736,A/chicken/Changhua/15010120-1/2015_H5N2|GCA_038768655.1,A/chicken/Changhua/150101,0.2988,0.281,0.4145,0.2766,0.168,-0.081,0.376,51.91,0.429,0.446,4023,4254,-0.406488,0.080395,H5N2,Avian
1737,A/chicken/Changhua/15010288/2015_H5N2|GCA_038770355.1,A/chicken/Changhua/150102,0.2991,0.2807,0.4141,0.2769,0.168,-0.081,0.376,51.92,0.429,0.445,4023,4254,-0.406464,0.080395,H5N2,Avian
1738,A/chicken/Changhua/15010324-2/2015_H5N2|GCA_038769645.1,A/chicken/Changhua/150103,0.2995,0.2804,0.4138,0.2775,0.168,-0.081,0.376,51.96,0.429,0.445,4022,4254,-0.407663,0.080395,H5N2,Avian
1739,A/chicken/Changhua/15010361-1/2015_H5N2|GCA_038769725.1,A/chicken/Changhua/150103,0.299,0.2809,0.4143,0.2767,0.168,-0.08,0.377,51.92,0.429,0.446,4023,4254,-0.406817,0.08063,H5N2,Avian
1740,A/chicken/Changhua/15010362-2/2015_H5N2|GCA_038770655.1,A/chicken/Changhua/150103,0.2987,0.2815,0.4143,0.2765,0.168,-0.081,0.376,51.98,0.429,0.445,4023,4254,-0.405947,0.080395,H5N2,Avian
1741,A/chicken/Changhua/15010363-2/2015_H5N2|GCA_038769745.1,A/chicken/Changhua/150103,0.2985,0.2813,0.4148,0.2761,0.168,-0.08,0.376,51.97,0.429,0.445,4024,4254,-0.403385,0.08016,H5N2,Avian
1742,A/chicken/Changhua/15040036-1/2015_H5N8|GCA_038778885.1,A/chicken/Changhua/150400,0.3067,0.2686,0.4267,0.2662,0.168,-0.086,0.373,52.13,0.412,0.441,4034,4263,-0.400352,0.081163,H5N8,Avian
1743,A/chicken/Changhua/15040037-2/2015_H5N8|GCA_038779715.1,A/chicken/Changhua/150400,0.308,0.2667,0.4257,0.2678,0.168,-0.088,0.371,52,0.412,0.441,4033,4263,-0.402135,0.081163,H5N8,Avian
1744,A/chicken/Changhua/15040042/2015_H5N8|GCA_038779815.1,A/chicken/Changhua/150400,0.3079,0.2674,0.4249,0.2681,0.168,-0.088,0.372,52.18,0.412,0.441,4033,4263,-0.40007,0.081163,H5N8,Avian
1745,A/chicken/Changhua/15040043-1/2015_H5N8|GCA_038778905.1,A/chicken/Changhua/150400,0.3079,0.2674,0.4249,0.268,0.168,-0.087,0.372,52.13,0.412,0.441,4033,4263,-0.40129,0.081163,H5N8,Avian
1746,A/chicken/Changhua/15050013-1/2015_H5N2|GCA_038780715.1,A/chicken/Changhua/150500,0.2987,0.2812,0.4145,0.2762,0.168,-0.079,0.377,52.01,0.429,0.446,4023,4254,-0.405078,0.080395,H5N2,Avian
1747,A/chicken/Changhua/15050038-1/2015_H5N8|GCA_038781625.1,A/chicken/Changhua/150500,0.3021,0.2725,0.4161,0.2775,0.168,-0.083,0.374,52.49,0.424,0.446,4030,4262,-0.401619,0.081183,H5N8,Avian
1748,A/chicken/Changhua/15060027-2/2015_H5N2|GCA_038784005.1,A/chicken/Changhua/150600,0.2983,0.2808,0.4143,0.2765,0.168,-0.079,0.377,51.96,0.429,0.446,4024,4254,-0.402727,0.080395,H5N2,Avian
1749,A/chicken/Changhua/15060029/2015_H5N8|GCA_038784035.1,A/chicken/Changhua/150600,0.3027,0.2716,0.4157,0.2777,0.168,-0.084,0.374,52.52,0.423,0.446,4029,4262,-0.399601,0.081183,H5N8,Avian
1750,A/chicken/Changhua/15060037-1/2015_H5N2|GCA_038784185.1,A/chicken/Changhua/150600,0.2979,0.2813,0.4132,0.2787,0.167,-0.081,0.376,52.06,0.431,0.446,4023,4254,-0.403714,0.080395,H5N2,Avian
1751,A/chicken/Changhua/15120008/2015_H5N2|GCA_038802965.1,A/chicken/Changhua/151200,0.3,0.2807,0.4156,0.2742,0.168,-0.078,0.378,52.07,0.427,0.445,4022,4254,-0.403268,0.080395,H5N2,Avian
1752,A/chicken/Changhua/16010060-2/2016_H5N2|GCA_038813715.1,A/chicken/Changhua/160100,0.2971,0.2802,0.4167,0.2764,0.166,-0.083,0.375,51.84,0.428,0.445,4022,4254,-0.405078,0.080395,H5N2,Avian
1753,A/chicken/Changhua/17060006/2017_H5N2|GCA_039012655.1,A/chicken/Changhua/170600,0.3027,0.2756,0.4157,0.2764,0.167,-0.08,0.376,51.81,0.424,0.444,4029,4261,-0.405046,0.080498,H5N2,Avian
1754,A/chicken/Changhua/18040008-1/2018_H5N2|GCA_039069925.1,A/chicken/Changhua/180400,0.2973,0.2801,0.4123,0.2816,0.167,-0.08,0.376,52.26,0.432,0.446,4024,4254,-0.401316,0.08016,H5N2,Avian
1755,A/chicken/Chiayi/15010287-2/2015_H5N2|GCA_038770275.1,A/chicken/Chiayi/15010287,0.299,0.2809,0.4139,0.277,0.168,-0.08,0.377,51.94,0.429,0.446,4023,4254,-0.406582,0.080395,H5N2,Avian
1756,A/chicken/Chiayi/15010409-2/2015_H5N2|GCA_038770685.1,A/chicken/Chiayi/15010409,0.2984,0.2812,0.4159,0.2756,0.168,-0.081,0.376,51.88,0.428,0.445,4023,4254,-0.40174,0.080395,H5N2,Avian
1757,A/chicken/Chiayi/15010454-1/2015_H5N8|GCA_038770995.1,A/chicken/Chiayi/15010454,0.3036,0.2713,0.4168,0.2766,0.168,-0.083,0.374,52.46,0.422,0.445,4030,4262,-0.402276,0.081183,H5N8,Avian
1758,A/chicken/Chiayi/17040009-2/2017_H5N2|GCA_038965355.1,A/chicken/Chiayi/17040009,0.2975,0.2806,0.4148,0.2788,0.168,-0.076,0.379,52.02,0.43,0.445,4022,4254,-0.403503,0.08063,H5N2,Avian
1759,A/chicken/Chiayi/18120003-1/2018_H5N2|GCA_039108445.1,A/chicken/Chiayi/18120003,0.302,0.2763,0.407,0.2866,0.17,-0.07,0.382,52.68,0.432,0.447,4024,4254,-0.399765,0.08016,H5N2,Avian
1760,A/chicken/China/007/2019_H5N6|GCA_039172645.1,A/chicken/China/007/2019_,0.2955,0.2693,0.4285,0.277,0.164,-0.09,0.37,52.2,0.42,0.445,4000,4232,-0.410822,0.078922,H5N6,Avian
1761,A/chicken/China/1101/2019_H5N6|GCA_039182745.1,A/chicken/China/1101/2019,0.2975,0.2683,0.423,0.2819,0.162,-0.091,0.369,52.58,0.423,0.446,4002,4232,-0.414981,0.078686,H5N6,Avian
1762,A/chicken/China/Cangzhou03/2023_H5N1|GCA_046428445.1,A/chicken/China/Cangzhou0,0.2992,0.2811,0.3982,0.2937,0.168,-0.077,0.379,52.91,0.441,0.45,4018,4254,-0.407076,0.08204,H5N1,Avian
1763,A/chicken/China/E93/2012_H5N1|GCA_038651365.1,A/chicken/China/E93/2012_,0.3097,0.2715,0.4167,0.2743,0.17,-0.069,0.383,53.17,0.419,0.442,3992,4223,-0.403528,0.081932,H5N1,Avian
1764,A/chicken/China/E96/2012_H5N1|GCA_038650715.1,A/chicken/China/E96/2012_,0.31,0.2709,0.4163,0.2744,0.17,-0.074,0.38,53.09,0.419,0.442,3992,4223,-0.398911,0.081695,H5N1,Avian
1765,A/chicken/Chiping/0321/2014_H5N2|GCA_038725355.1,A/chicken/Chiping/0321/20,0.3029,0.2728,0.4145,0.2834,0.167,-0.078,0.377,52.61,0.426,0.443,4003,4232,-0.411578,0.080577,H5N2,Avian
1766,A/chicken/Dongguan/2690/2013_H5N6|GCA_038707865.1,A/chicken/Dongguan/2690/2,0.2985,0.2684,0.4243,0.2817,0.163,-0.092,0.369,52.36,0.422,0.445,4002,4233,-0.414765,0.078904,H5N6,Avian
1767,A/chicken/Dongguan/3363/2013_H5N6|GCA_038707155.1,A/chicken/Dongguan/3363/2,0.2991,0.2681,0.427,0.2779,0.163,-0.091,0.37,52.18,0.419,0.444,4002,4233,-0.414836,0.078904,H5N6,Avian
1768,A/chicken/Dongguan/4259/2013_H5N6|GCA_038707895.1,A/chicken/Dongguan/4259/2,0.2983,0.2688,0.4238,0.2813,0.163,-0.091,0.37,52.4,0.422,0.445,4003,4233,-0.41545,0.078904,H5N6,Avian
1769,A/chicken/Eastern_China/HF9/2018_H5N2|GCA_039006675.1,A/chicken/Eastern_China/H,0.2994,0.2784,0.4221,0.274,0.17,-0.068,0.384,52.45,0.424,0.442,4002,4232,-0.422732,0.080577,H5N2,Avian
1770,A/chicken/Eastern_China/QY5/2018_H5N2|GCA_039002175.1,A/chicken/Eastern_China/Q,0.2998,0.2779,0.4225,0.274,0.17,-0.068,0.384,52.43,0.423,0.442,4002,4232,-0.421976,0.080577,H5N2,Avian
1771,A/chicken/Eastern_China/ZG16/2010_H5N1|GCA_038602145.1,A/chicken/Eastern_China/Z,0.3049,0.2774,0.4124,0.277,0.171,-0.071,0.382,52.88,0.426,0.445,3991,4223,-0.414871,0.081222,H5N1,Avian
1772,A/chicken/Eastern_China/ZG56/2011_H5N1|GCA_038635575.1,A/chicken/Eastern_China/Z,0.3088,0.2733,0.4157,0.2734,0.171,-0.071,0.382,53.05,0.42,0.443,3990,4223,-0.412929,0.081222,H5N1,Avian
1773,A/chicken/Fujian/1/2007_H5N1|GCA_038453255.1,A/chicken/Fujian/1/2007_H,0.3082,0.2704,0.4149,0.2774,0.172,-0.072,0.381,52.73,0.421,0.445,3990,4223,-0.404476,0.082169,H5N1,Avian
1774,A/chicken/Fujian/11.23_FZHX0007-O/2017_H5N6|GCA_038993015.1,A/chicken/Fujian/11.23_FZ,0.2895,0.2751,0.4303,0.2776,0.167,-0.078,0.378,51.75,0.425,0.445,4000,4233,-0.421616,0.078904,H5N6,Avian
1775,A/chicken/GY/a451/2015_H5N2|GCA_038770305.1,A/chicken/GY/a451/2015_H5,0.3212,0.2592,0.4313,0.2582,0.17,-0.078,0.379,51.84,0.397,0.435,3991,4225,-0.410769,0.08071,H5N2,Avian
1776,A/chicken/Gansu/5/2012_H5N1|GCA_038647695.1,A/chicken/Gansu/5/2012_H5,0.3101,0.2716,0.417,0.272,0.171,-0.071,0.382,52.99,0.418,0.443,3991,4223,-0.406157,0.081932,H5N1,Avian
1777,A/chicken/Gansu/6/2012_H5N1|GCA_038647835.1,A/chicken/Gansu/6/2012_H5,0.3096,0.2714,0.4155,0.2753,0.169,-0.072,0.382,53.33,0.42,0.443,3992,4223,-0.403149,0.081932,H5N1,Avian
1778,A/chicken/Ganzhou/GZ27/2015_H5N6|GCA_038805055.1,A/chicken/Ganzhou/GZ27/20,0.2928,0.2749,0.4235,0.2801,0.166,-0.077,0.378,52.35,0.426,0.447,3999,4232,-0.409995,0.079159,H5N6,Avian
1779,A/chicken/Guangdong/1/2005_H5N1|GCA_038246505.1,A/chicken/Guangdong/1/200,0.3128,0.2697,0.4113,0.2781,0.172,-0.079,0.378,52.92,0.421,0.444,4023,4258,-0.419399,0.081259,H5N1,Avian
1780,A/chicken/Guangdong/GD1602/2016_H5N6|GCA_038837635.1,A/chicken/Guangdong/GD160,0.2861,0.2763,0.4256,0.2838,0.166,-0.078,0.377,51.64,0.431,0.447,3995,4224,-0.40928,0.079545,H5N6,Avian
1781,A/chicken/Guangxi/16/2019_H5N6|GCA_039178775.1,A/chicken/Guangxi/16/2019,0.2991,0.2682,0.4358,0.2698,0.167,-0.078,0.378,52.25,0.413,0.441,3999,4233,-0.42438,0.07914,H5N6,Avian
1782,A/chicken/Guangxi/S2039/2009_H5N1|GCA_038520835.1,A/chicken/Guangxi/S2039/2,0.3075,0.2676,0.4147,0.2828,0.168,-0.081,0.376,52.87,0.422,0.444,3994,4224,-0.412311,0.081913,H5N1,Avian
1783,A/chicken/Guizhou/7/2008_H5N1|GCA_038474115.1,A/chicken/Guizhou/7/2008_,0.3061,0.2738,0.4111,0.2798,0.17,-0.065,0.386,52.89,0.425,0.446,3992,4223,-0.412621,0.082406,H5N1,Avian
1784,A/chicken/Hebei/1102-MA/2010_H5N2|GCA_038582765.1,A/chicken/Hebei/1102-MA/2,0.2983,0.2737,0.4175,0.2847,0.168,-0.078,0.378,52.38,0.428,0.443,4010,4239,-0.412338,0.080444,H5N2,Avian
1785,A/chicken/Hebei/1102/2010_H5N2|GCA_038602515.1,A/chicken/Hebei/1102/2010,0.2985,0.2729,0.4179,0.2844,0.167,-0.08,0.376,52.37,0.427,0.444,4004,4233,-0.413584,0.080558,H5N2,Avian
1786,A/chicken/Hebei/3/2013_H5N2|GCA_038709345.1,A/chicken/Hebei/3/2013_H5,0.3048,0.2744,0.4138,0.2819,0.17,-0.069,0.383,52.7,0.426,0.442,4011,4238,-0.413096,0.080698,H5N2,Avian
1787,A/chicken/Hebei/A-8/2009_H5N1|GCA_038503615.1,A/chicken/Hebei/A-8/2009_,0.3025,0.2769,0.4102,0.2822,0.168,-0.073,0.381,53.21,0.429,0.445,3992,4223,-0.408193,0.081695,H5N1,Avian
1788,A/chicken/Heilongjiang/S7/2014_H5N2|GCA_038742155.1,A/chicken/Heilongjiang/S7,0.3142,0.2684,0.4146,0.2762,0.165,-0.086,0.373,52.86,0.417,0.441,4011,4240,-0.40441,0.080425,H5N2,Avian
1789,A/chicken/Henan/A-7/2006_H5N1|GCA_038266105.1,A/chicken/Henan/A-7/2006_,0.3046,0.2755,0.4116,0.279,0.171,-0.072,0.382,53.27,0.426,0.446,3992,4224,-0.407339,0.081439,H5N1,Avian
1790,A/chicken/Henan/Q7/2013_H5N2|GCA_038691675.1,A/chicken/Henan/Q7/2013_H,0.3043,0.2733,0.4118,0.2854,0.168,-0.076,0.379,52.63,0.428,0.443,4004,4232,-0.41094,0.080813,H5N2,Avian
1791,A/chicken/Henan/YB0597/2016_H5N6|GCA_038826625.1,A/chicken/Henan/YB0597/20,0.2852,0.2764,0.4286,0.2816,0.165,-0.079,0.376,51.66,0.429,0.447,3996,4225,-0.411763,0.07929,H5N6,Avian
1792,A/chicken/Hsinchu/16080004-2/2016_H5N2|GCA_038864525.1,A/chicken/Hsinchu/1608000,0.2952,0.2813,0.416,0.2784,0.166,-0.083,0.375,52,0.43,0.446,4025,4254,-0.403761,0.08016,H5N2,Avian
1793,A/chicken/Huadong/4/2008_H5N1|GCA_038500405.1,A/chicken/Huadong/4/2008_,0.3066,0.2754,0.4103,0.28,0.17,-0.073,0.381,53.46,0.426,0.445,3995,4224,-0.400189,0.081439,H5N1,Avian
1794,A/chicken/Hubei/2856/2007_H5N1|GCA_038457595.1,A/chicken/Hubei/2856/2007,0.3078,0.2705,0.4069,0.2879,0.17,-0.067,0.385,53.07,0.428,0.445,3994,4223,-0.410135,0.081932,H5N1,Avian
1795,A/chicken/Hubei/ZYSJF11/2016_H5N6|GCA_038822095.1,A/chicken/Hubei/ZYSJF11/2,0.2848,0.2778,0.4283,0.2816,0.167,-0.077,0.377,51.64,0.43,0.447,4001,4231,-0.417112,0.079177,H5N6,Avian
1796,A/chicken/Hubei/ZYSJF16/2016_H5N6|GCA_038824025.1,A/chicken/Hubei/ZYSJF16/2,0.2846,0.2782,0.4285,0.2811,0.167,-0.076,0.378,51.69,0.43,0.447,4001,4231,-0.415576,0.079177,H5N6,Avian
1797,A/chicken/Hubei/ZYSJF38/2016_H5N6|GCA_038824065.1,A/chicken/Hubei/ZYSJF38/2,0.284,0.2788,0.4288,0.2808,0.167,-0.076,0.378,51.72,0.43,0.447,4001,4231,-0.415576,0.079177,H5N6,Avian
1798,A/chicken/Hunan/02.06_YYGK37J3-OC/2018_H5N6|GCA_039046875.1,A/chicken/Hunan/02.06_YYG,0.2933,0.2726,0.427,0.278,0.165,-0.085,0.373,51.82,0.423,0.445,4001,4231,-0.409785,0.078941,H5N6,Avian
1799,A/chicken/Hunan/03.07_YYGK74L3-OC/2018_H5N6|GCA_039061455.1,A/chicken/Hunan/03.07_YYG,0.292,0.2724,0.4303,0.2775,0.166,-0.077,0.378,51.89,0.422,0.445,3995,4223,-0.414752,0.078854,H5N6,Avian
1800,A/chicken/Hunan/12.27_YYGK55J2-O/2016_H5N6|GCA_038936135.1,A/chicken/Hunan/12.27_YYG,0.2982,0.2684,0.437,0.267,0.166,-0.08,0.376,51.8,0.412,0.442,3999,4233,-0.415167,0.07914,H5N6,Avian
1801,A/chicken/Hunan/12.27_YYGKK148-OC/2016_H5N6|GCA_038936455.1,A/chicken/Hunan/12.27_YYG,0.2956,0.2688,0.4392,0.2661,0.166,-0.081,0.376,51.71,0.412,0.443,3997,4232,-0.420321,0.078922,H5N6,Avian
1802,A/chicken/Hunan/1793/2007_H5N1|GCA_038456395.1,A/chicken/Hunan/1793/2007,0.313,0.2674,0.4085,0.2842,0.171,-0.074,0.381,53,0.423,0.444,3996,4231,-0.404231,0.082014,H5N1,Avian
1803,A/chicken/Hunan/21/2005_H5N1|GCA_038388155.1,A/chicken/Hunan/21/2005_H,0.3081,0.2705,0.4158,0.2777,0.171,-0.071,0.382,52.72,0.421,0.443,3992,4223,-0.408525,0.081932,H5N1,Avian
1804,A/chicken/Hunan/3/2007_H5N1|GCA_038470475.1,A/chicken/Hunan/3/2007_H5,0.3056,0.2708,0.4189,0.2772,0.17,-0.071,0.383,52.9,0.42,0.443,3991,4223,-0.417168,0.082169,H5N1,Avian
1805,A/chicken/Hunan/3157/2006_H5N1|GCA_038284845.1,A/chicken/Hunan/3157/2006,0.3089,0.2689,0.4069,0.2879,0.17,-0.069,0.384,53.03,0.427,0.446,3991,4223,-0.415984,0.082169,H5N1,Avian
1806,A/chicken/Hunan/8/2008_H5N1|GCA_038496995.1,A/chicken/Hunan/8/2008_H5,0.3068,0.2692,0.4171,0.28,0.171,-0.066,0.385,53.04,0.421,0.444,3993,4223,-0.415416,0.081695,H5N1,Avian
1807,A/chicken/Jiangsu/1001/2013_H5N2|GCA_038686695.1,A/chicken/Jiangsu/1001/20,0.2998,0.2786,0.4185,0.2763,0.17,-0.066,0.384,52.53,0.426,0.443,4005,4232,-0.407325,0.080577,H5N2,Avian
1808,A/chicken/Jiangsu/18/2008_H5N1|GCA_038474135.1,A/chicken/Jiangsu/18/2008,0.304,0.278,0.4126,0.2763,0.171,-0.067,0.384,53.73,0.426,0.445,3993,4224,-0.402723,0.081913,H5N1,Avian
1809,A/chicken/Jiangsu/2477/2014_H5N1|GCA_038737445.1,A/chicken/Jiangsu/2477/20,0.3043,0.2708,0.4163,0.2815,0.165,-0.086,0.373,52.4,0.423,0.444,3992,4223,-0.412835,0.081695,H5N1,Avian
1810,A/chicken/Jiangsu/927/2013_H5N1|GCA_038703735.1,A/chicken/Jiangsu/927/201,0.3119,0.2659,0.4183,0.2761,0.168,-0.079,0.378,52.34,0.415,0.442,3998,4228,-0.408633,0.081599,H5N1,Avian
1811,A/chicken/Jiangsu/XZ216/2014_H5N2|GCA_038725595.1,A/chicken/Jiangsu/XZ216/2,0.3024,0.2747,0.4115,0.2855,0.169,-0.072,0.381,52.67,0.429,0.444,4004,4233,-0.405055,0.080558,H5N2,Avian
1812,A/chicken/Jiangsu/YB7/2015_H5N1|GCA_038774685.1,A/chicken/Jiangsu/YB7/201,0.2995,0.2729,0.406,0.2953,0.164,-0.088,0.373,52.99,0.435,0.447,3988,4223,-0.411698,0.081932,H5N1,Avian
1813,A/chicken/Jiangsu/k0402/2010_H5N1|GCA_038580305.1,A/chicken/Jiangsu/k0402/2,0.2995,0.2766,0.4114,0.2856,0.171,-0.064,0.386,53.06,0.431,0.446,3993,4223,-0.41068,0.081695,H5N1,Avian
1814,A/chicken/Jiangxi/25/2011_H5N1|GCA_038635255.1,A/chicken/Jiangxi/25/2011,0.3096,0.2654,0.4185,0.2781,0.169,-0.073,0.381,52.7,0.417,0.443,3995,4224,-0.407718,0.081676,H5N1,Avian
1815,A/chicken/Jiangxi/NCDZT1123/2014_H5N6|GCA_038738505.1,A/chicken/Jiangxi/NCDZT11,0.3004,0.2672,0.4257,0.2777,0.161,-0.093,0.369,52.19,0.418,0.444,4002,4233,-0.413536,0.078904,H5N6,Avian
1816,A/chicken/Jiangxi/NCDZT1126/2014_H5N6|GCA_038737435.1,A/chicken/Jiangxi/NCDZT11,0.2991,0.2665,0.4268,0.2783,0.162,-0.092,0.369,52.03,0.418,0.444,4000,4233,-0.416348,0.078431,H5N6,Avian
1817,A/chicken/Jiangyin/JY090718/2019_H5N6|GCA_056605465.1,A/chicken/Jiangyin/JY0907,0.2921,0.2732,0.4291,0.2778,0.168,-0.078,0.378,52.14,0.423,0.446,4001,4232,-0.414721,0.078686,H5N6,Avian
1818,A/chicken/Kaohsiung/16010047/2016_H5N8|GCA_038811875.1,A/chicken/Kaohsiung/16010,0.3096,0.2639,0.4111,0.285,0.164,-0.091,0.37,52.56,0.422,0.444,4024,4255,-0.4051,0.081081,H5N8,Avian
1819,A/chicken/Kaohsiung/16020017-2/2016_H5N8|GCA_038822355.1,A/chicken/Kaohsiung/16020,0.3097,0.2635,0.4124,0.2834,0.164,-0.092,0.369,52.45,0.421,0.443,4023,4255,-0.40322,0.081081,H5N8,Avian
1820,A/chicken/Kaohsiung/16040021-1/2016_H5N8|GCA_038845835.1,A/chicken/Kaohsiung/16040,0.3077,0.2654,0.4129,0.2829,0.164,-0.092,0.369,52.43,0.422,0.444,4023,4255,-0.404089,0.080846,H5N8,Avian
1821,A/chicken/Kaohsiung/16070003/2016_H5N8|GCA_038859925.1,A/chicken/Kaohsiung/16070,0.3079,0.265,0.4117,0.2844,0.165,-0.092,0.369,52.4,0.423,0.444,4024,4255,-0.406322,0.081081,H5N8,Avian
1822,A/chicken/Kaohsiung/16120012/2016_H5N8|GCA_038930925.1,A/chicken/Kaohsiung/16120,0.3093,0.264,0.4098,0.2857,0.164,-0.093,0.368,52.64,0.423,0.444,4027,4255,-0.400305,0.080846,H5N8,Avian
1823,A/chicken/Kaohsiung/16MB0889/2016_H5N8|GCA_038847945.1,A/chicken/Kaohsiung/16MB0,0.3077,0.2654,0.4129,0.2829,0.164,-0.092,0.369,52.43,0.422,0.444,4023,4255,-0.404089,0.080846,H5N8,Avian
1824,A/chicken/Kaohsiung/17030023/2017_H5N8|GCA_038959395.1,A/chicken/Kaohsiung/17030,0.3085,0.2653,0.4134,0.2811,0.164,-0.091,0.37,52.54,0.421,0.444,4022,4255,-0.405828,0.081316,H5N8,Avian
1825,A/chicken/Kaohsiung/17040007/2017_H5N2|GCA_038964805.1,A/chicken/Kaohsiung/17040,0.2978,0.28,0.4147,0.278,0.167,-0.079,0.377,51.87,0.429,0.445,4024,4254,-0.402398,0.080395,H5N2,Avian
1826,A/chicken/Kaohsiung/17100002/2017_H5N2|GCA_038983395.1,A/chicken/Kaohsiung/17100,0.2983,0.2799,0.4118,0.2812,0.167,-0.081,0.376,52.02,0.431,0.446,4025,4254,-0.400188,0.080395,H5N2,Avian
1827,A/chicken/Kaohsiung/18080004-1/2018_H5N2|GCA_039082715.1,A/chicken/Kaohsiung/18080,0.3019,0.2735,0.4204,0.2747,0.165,-0.081,0.376,51.8,0.422,0.444,4023,4254,-0.409309,0.08016,H5N2,Avian
1828,A/chicken/Kaohsiung/18080004-2/2018_H5N2|GCA_039081885.1,A/chicken/Kaohsiung/18080,0.3016,0.2738,0.4207,0.2743,0.165,-0.082,0.376,51.83,0.422,0.444,4023,4254,-0.409285,0.08016,H5N2,Avian
1829,A/chicken/Liaoning/23/2005_H5N1|GCA_038248125.1,A/chicken/Liaoning/23/200,0.3112,0.2706,0.412,0.2767,0.171,-0.076,0.38,52.86,0.421,0.444,3994,4224,-0.416785,0.080966,H5N1,Avian
1830,A/chicken/Liaoning/A-1/2007_H5N1|GCA_038452735.1,A/chicken/Liaoning/A-1/20,0.3081,0.2723,0.4072,0.2835,0.17,-0.07,0.383,53.55,0.427,0.446,3991,4225,-0.415384,0.081657,H5N1,Avian
1831,A/chicken/Liaoning/S4092/2011_H5N1|GCA_038633635.1,A/chicken/Liaoning/S4092/,0.31,0.2723,0.4138,0.2758,0.172,-0.07,0.383,53.18,0.421,0.443,3990,4223,-0.404428,0.081695,H5N1,Avian
1832,A/chicken/Miaoli/15010421-1/2015_H5N8|GCA_038770005.1,A/chicken/Miaoli/15010421,0.3063,0.2688,0.4251,0.2676,0.169,-0.086,0.372,52.09,0.413,0.441,4026,4256,-0.397744,0.081297,H5N8,Avian
1833,A/chicken/Nantou/16110023-1/2016_H5N8|GCA_038926695.1,A/chicken/Nantou/16110023,0.3083,0.2632,0.4113,0.2859,0.164,-0.094,0.367,52.32,0.423,0.444,4026,4255,-0.401927,0.081316,H5N8,Avian
1834,A/chicken/New_Taipei_City/16110019-1/2016_H5N8|GCA_038926045.1,A/chicken/New_Taipei_City,0.3102,0.2636,0.4128,0.282,0.164,-0.094,0.368,52.45,0.42,0.443,4020,4255,-0.401622,0.081081,H5N8,Avian
1835,A/chicken/New_Taipei_City/16110020-2/2016_H5N8|GCA_038925805.1,A/chicken/New_Taipei_City,0.3099,0.2636,0.4142,0.2809,0.164,-0.094,0.368,52.42,0.419,0.443,4024,4255,-0.400541,0.080846,H5N8,Avian
1836,A/chicken/New_Taipei_City/17040002-2/2017_H5N2|GCA_038965105.1,A/chicken/New_Taipei_City,0.2963,0.2824,0.4137,0.2784,0.167,-0.082,0.375,52.07,0.431,0.446,4024,4254,-0.406253,0.080395,H5N2,Avian
1837,A/chicken/New_Taipei_City/17050004-2/2017_H5N8|GCA_038968485.1,A/chicken/New_Taipei_City,0.3096,0.2627,0.4154,0.2805,0.164,-0.094,0.368,52.45,0.418,0.443,4022,4255,-0.401645,0.080846,H5N8,Avian
1838,A/chicken/New_Taipei_City/17090001/2017_H5N8|GCA_038973775.1,A/chicken/New_Taipei_City,0.3105,0.2627,0.4153,0.2797,0.165,-0.092,0.369,52.34,0.417,0.442,4022,4255,-0.400987,0.081081,H5N8,Avian
1839,A/chicken/New_Taipei_City/17090002/2017_H5N8|GCA_038978085.1,A/chicken/New_Taipei_City,0.3121,0.2613,0.4148,0.2804,0.165,-0.094,0.368,52.37,0.417,0.442,4022,4255,-0.402679,0.081081,H5N8,Avian
1840,A/chicken/New_Taipei_City/17090003/2017_H5N8|GCA_038973795.1,A/chicken/New_Taipei_City,0.311,0.262,0.4149,0.2793,0.165,-0.093,0.369,52.37,0.417,0.442,4023,4255,-0.399295,0.080846,H5N8,Avian
1841,A/chicken/New_Taipei_City/18010021-3/2018_H5N2|GCA_039041045.1,A/chicken/New_Taipei_City,0.2993,0.2779,0.4124,0.2802,0.167,-0.082,0.375,52.21,0.429,0.446,4024,4254,-0.406112,0.08016,H5N2,Avian
1842,A/chicken/Ningxia/2/2012_H5N1|GCA_038644085.1,A/chicken/Ningxia/2/2012_,0.3113,0.2707,0.417,0.2722,0.17,-0.071,0.382,53.13,0.417,0.442,3992,4223,-0.406228,0.081932,H5N1,Avian
1843,A/chicken/Ningxia/222/2012_H5N1|GCA_038646215.1,A/chicken/Ningxia/222/201,0.3109,0.2706,0.4173,0.2719,0.17,-0.071,0.382,53.11,0.417,0.442,3993,4223,-0.404712,0.081695,H5N1,Avian
1844,A/chicken/Ningxia/24/2006_H5N1|GCA_038265655.1,A/chicken/Ningxia/24/2006,0.3072,0.2739,0.4136,0.2758,0.169,-0.073,0.381,53.36,0.423,0.444,3991,4224,-0.410701,0.081676,H5N1,Avian
1845,A/chicken/North_China/k0604/2010_H5N1|GCA_038587065.1,A/chicken/North_China/k06,0.3058,0.2765,0.4162,0.2735,0.171,-0.07,0.383,52.87,0.423,0.443,3989,4223,-0.416244,0.081222,H5N1,Avian
1846,A/chicken/PH/A2821/2013_H5N2|GCA_038688545.1,A/chicken/PH/A2821/2013_H,0.3215,0.2554,0.4375,0.2539,0.166,-0.09,0.371,51.45,0.392,0.434,3991,4225,-0.411692,0.08,H5N2,Avian
1847,A/chicken/PT/a158/2015_H5N2|GCA_038769555.1,A/chicken/PT/a158/2015_H5,0.324,0.2583,0.4306,0.2566,0.169,-0.084,0.375,51.89,0.395,0.434,3990,4225,-0.403172,0.080237,H5N2,Avian
1848,A/chicken/Pingtung/15050006-1/2015_H5N2|GCA_038779665.1,A/chicken/Pingtung/150500,0.2991,0.281,0.4141,0.2763,0.168,-0.079,0.378,52.03,0.429,0.446,4023,4254,-0.408016,0.080395,H5N2,Avian
1849,A/chicken/Pingtung/16020009-3/2016_H5N2|GCA_038820085.1,A/chicken/Pingtung/160200,0.3017,0.2785,0.4118,0.2787,0.167,-0.077,0.378,52.21,0.428,0.445,4025,4254,-0.401058,0.08063,H5N2,Avian
1850,A/chicken/Pingtung/18010017-1/2018_H5N2|GCA_039035945.1,A/chicken/Pingtung/180100,0.2987,0.2788,0.4142,0.2789,0.168,-0.079,0.377,51.89,0.429,0.445,4024,4254,-0.405336,0.080395,H5N2,Avian
1851,A/chicken/Pingtung/18020015-1/2018_H5N2|GCA_039051165.1,A/chicken/Pingtung/180200,0.2983,0.2786,0.4125,0.2802,0.166,-0.084,0.374,52.22,0.43,0.446,4019,4248,-0.40911,0.080273,H5N2,Avian
1852,A/chicken/Qingdao/1/2014_H5N2|GCA_038713205.1,A/chicken/Qingdao/1/2014_,0.3016,0.2734,0.4155,0.2834,0.168,-0.076,0.378,52.7,0.427,0.443,4005,4232,-0.408648,0.08034,H5N2,Avian
1853,A/chicken/SC/a688/2015_H5N2|GCA_038771565.1,A/chicken/SC/a688/2015_H5,0.3211,0.2567,0.4341,0.2572,0.169,-0.084,0.375,51.75,0.395,0.435,3990,4225,-0.407811,0.080237,H5N2,Avian
1854,A/chicken/Shandong/A-10/2006_H5N1|GCA_038266185.1,A/chicken/Shandong/A-10/2,0.3061,0.2734,0.409,0.2803,0.171,-0.065,0.385,53.39,0.426,0.447,3993,4224,-0.403078,0.081203,H5N1,Avian
1855,A/chicken/Shandong/S3/2014_H5N2|GCA_038714765.1,A/chicken/Shandong/S3/201,0.3023,0.2732,0.4151,0.2837,0.168,-0.077,0.378,52.67,0.427,0.443,4005,4232,-0.413658,0.080577,H5N2,Avian
1856,A/chicken/Shantou/3744/2003_H5N1|GCA_038206795.1,A/chicken/Shantou/3744/20,0.3038,0.2766,0.4093,0.2814,0.171,-0.075,0.38,53.15,0.429,0.448,3994,4224,-0.412524,0.081439,H5N1,Avian
1857,A/chicken/Shanxi/04.28_TGRL001-O/2018_H5N6|GCA_039072505.1,A/chicken/Shanxi/04.28_TG,0.292,0.269,0.443,0.2667,0.164,-0.084,0.374,51.57,0.412,0.442,3964,4198,-0.424226,0.079323,H5N6,Avian
1858,A/chicken/Shanxi/10/2006_H5N1|GCA_038265735.1,A/chicken/Shanxi/10/2006_,0.3086,0.2746,0.4104,0.2773,0.171,-0.068,0.384,53.36,0.424,0.444,3991,4224,-0.418253,0.081203,H5N1,Avian
1859,A/chicken/Shanxi/12.01_TGYL014-C/2016_H5N6|GCA_038928185.1,A/chicken/Shanxi/12.01_TG,0.3004,0.2635,0.4354,0.2723,0.165,-0.085,0.374,51.78,0.411,0.441,3998,4232,-0.419211,0.078686,H5N6,Avian
1860,A/chicken/Sheny/0606/2008_H5N1|GCA_038481525.1,A/chicken/Sheny/0606/2008,0.3077,0.2737,0.4088,0.2818,0.17,-0.073,0.382,53.56,0.426,0.446,3988,4224,-0.409612,0.082386,H5N1,Avian
1861,A/chicken/Shenzhen/1061/2013_H5N6|GCA_038705475.1,A/chicken/Shenzhen/1061/2,0.2985,0.2696,0.4263,0.278,0.164,-0.09,0.37,52.33,0.42,0.444,4002,4233,-0.41408,0.078904,H5N6,Avian
1862,A/chicken/Shenzhen/1845/2013_H5N6|GCA_038705895.1,A/chicken/Shenzhen/1845/2,0.3024,0.2677,0.4244,0.2786,0.164,-0.084,0.374,52.75,0.418,0.443,4014,4244,-0.411829,0.078464,H5N6,Avian
1863,A/chicken/Shenzhen/2269/2013_H5N6|GCA_038706865.1,A/chicken/Shenzhen/2269/2,0.2998,0.2669,0.4235,0.2831,0.162,-0.093,0.369,52.33,0.421,0.445,4002,4233,-0.414411,0.078904,H5N6,Avian
1864,A/chicken/Shenzhen/2396/2013_H5N6|GCA_038706905.1,A/chicken/Shenzhen/2396/2,0.2974,0.2686,0.4242,0.2825,0.163,-0.089,0.371,52.25,0.422,0.445,4004,4233,-0.412473,0.078668,H5N6,Avian
1865,A/chicken/Shenzhen/2464/2013_H5N6|GCA_038706965.1,A/chicken/Shenzhen/2464/2,0.2977,0.2691,0.4242,0.2818,0.163,-0.09,0.37,52.3,0.422,0.445,4004,4233,-0.4146,0.078904,H5N6,Avian
1866,A/chicken/Shenzhen/433/2013_H5N6|GCA_038705195.1,A/chicken/Shenzhen/433/20,0.2991,0.2686,0.4248,0.2797,0.163,-0.091,0.37,52.35,0.421,0.445,4002,4233,-0.413938,0.078668,H5N6,Avian
1867,A/chicken/Shenzhen/552/2013_H5N6|GCA_038705235.1,A/chicken/Shenzhen/552/20,0.2977,0.2688,0.4242,0.2822,0.163,-0.09,0.37,52.33,0.422,0.445,4005,4233,-0.413229,0.078904,H5N6,Avian
1868,A/chicken/Shenzhen/715/2013_H5N6|GCA_038705275.1,A/chicken/Shenzhen/715/20,0.2991,0.2686,0.4248,0.2797,0.163,-0.091,0.37,52.35,0.421,0.445,4002,4233,-0.413938,0.078668,H5N6,Avian
1869,A/chicken/Shijiazhuang/1209/2013_H5N2|GCA_038704925.1,A/chicken/Shijiazhuang/12,0.3065,0.2715,0.4151,0.2815,0.168,-0.081,0.376,52.39,0.423,0.441,4001,4232,-0.411555,0.081049,H5N2,Avian
1870,A/chicken/Sichuan/81/2005_H5N1|GCA_038388175.1,A/chicken/Sichuan/81/2005,0.3081,0.2697,0.4143,0.2794,0.17,-0.075,0.38,52.78,0.421,0.444,3993,4222,-0.410445,0.081478,H5N1,Avian
1871,A/chicken/Sichuan/NCJPL1/2014_H5N6|GCA_038732945.1,A/chicken/Sichuan/NCJPL1/,0.2994,0.2705,0.4234,0.2809,0.164,-0.081,0.376,52.7,0.422,0.444,4013,4244,-0.4127,0.078464,H5N6,Avian
1872,A/chicken/Sichuan/k141/2017_H5N6|GCA_038944375.1,A/chicken/Sichuan/k141/20,0.2895,0.2737,0.4321,0.2755,0.165,-0.087,0.372,51.58,0.422,0.446,3999,4232,-0.419683,0.078922,H5N6,Avian
1873,A/chicken/TC/a504/2015_H5N2|GCA_038770605.1,A/chicken/TC/a504/2015_H5,0.3236,0.2582,0.4306,0.2566,0.169,-0.083,0.375,51.78,0.395,0.435,3991,4225,-0.407006,0.080237,H5N2,Avian
1874,A/chicken/TY/a665/2015_H5N2|GCA_038772285.1,A/chicken/TY/a665/2015_H5,0.3231,0.2581,0.4312,0.2568,0.169,-0.084,0.375,51.81,0.395,0.434,3991,4225,-0.406225,0.08,H5N2,Avian
1875,A/chicken/Taichung/15010399/2015_H5N2|GCA_038770735.1,A/chicken/Taichung/150103,0.2988,0.281,0.4153,0.2757,0.168,-0.08,0.377,51.96,0.428,0.445,4023,4254,-0.405054,0.08016,H5N2,Avian
1876,A/chicken/Taichung/16040032-3/2016_H5N2|GCA_038848055.1,A/chicken/Taichung/160400,0.3004,0.2802,0.4155,0.2745,0.168,-0.078,0.378,52.17,0.427,0.445,4024,4254,-0.397485,0.080395,H5N2,Avian
1877,A/chicken/Taichung/16050044-2/2016_H5N2|GCA_038853545.1,A/chicken/Taichung/160500,0.2993,0.2809,0.4156,0.275,0.168,-0.076,0.379,52.26,0.427,0.444,4025,4254,-0.398966,0.080395,H5N2,Avian
1878,A/chicken/Taichung/16110017-3/2016_H5N8|GCA_038923075.1,A/chicken/Taichung/161100,0.2961,0.2762,0.4198,0.276,0.17,-0.075,0.379,52.18,0.426,0.448,4025,4255,-0.397368,0.081081,H5N8,Avian
1879,A/chicken/Tainan/15020214/2015_H5N8|GCA_038774675.1,A/chicken/Tainan/15020214,0.311,0.2641,0.4056,0.288,0.165,-0.091,0.369,52.58,0.425,0.445,4021,4255,-0.40416,0.081316,H5N8,Avian
1880,A/chicken/Tainan/16040035-1/2016_H5N2|GCA_038848235.1,A/chicken/Tainan/16040035,0.2986,0.2821,0.4109,0.2787,0.168,-0.077,0.378,52.17,0.431,0.446,4025,4254,-0.402421,0.08063,H5N2,Avian
1881,A/chicken/Tainan/17030058-1/2017_H5N8|GCA_038963365.1,A/chicken/Tainan/17030058,0.3085,0.2653,0.4136,0.2807,0.164,-0.09,0.37,52.59,0.42,0.444,4022,4255,-0.403196,0.080846,H5N8,Avian
1882,A/chicken/Taipei_City/17090004/2017_H5N8|GCA_038978105.1,A/chicken/Taipei_City/170,0.3104,0.2626,0.4138,0.2814,0.164,-0.096,0.367,52.45,0.419,0.443,4022,4255,-0.402468,0.081081,H5N8,Avian
1883,A/chicken/Taipei_City/18010007-3/2018_H5N2|GCA_039006115.1,A/chicken/Taipei_City/180,0.2974,0.2805,0.4121,0.2808,0.167,-0.079,0.377,52.24,0.432,0.446,4022,4254,-0.40315,0.080395,H5N2,Avian
1884,A/chicken/Taipei_City/18010008-3/2018_H5N2|GCA_039008875.1,A/chicken/Taipei_City/180,0.2968,0.2805,0.4122,0.2813,0.167,-0.081,0.376,52.03,0.432,0.446,4022,4254,-0.405759,0.080395,H5N2,Avian
1885,A/chicken/Taipei/16060022-4/2016_H5N8|GCA_038856665.1,A/chicken/Taipei/16060022,0.3078,0.2649,0.4101,0.2858,0.164,-0.092,0.369,52.46,0.424,0.445,4023,4255,-0.402538,0.081081,H5N8,Avian
1886,A/chicken/Taipei/16060023-1/2016_H5N8|GCA_038858515.1,A/chicken/Taipei/16060023,0.3078,0.2649,0.4098,0.2861,0.165,-0.092,0.369,52.47,0.424,0.445,4023,4255,-0.403102,0.081081,H5N8,Avian
1887,A/chicken/Taipei/16120021/2016_H5N8|GCA_038931165.1,A/chicken/Taipei/16120021,0.3098,0.2644,0.4099,0.2849,0.165,-0.091,0.37,52.73,0.423,0.444,4025,4255,-0.40188,0.081081,H5N8,Avian
1888,A/chicken/Taipei/17050005-1/2017_H5N8|GCA_038968955.1,A/chicken/Taipei/17050005,0.3099,0.2631,0.4141,0.2816,0.164,-0.093,0.369,52.45,0.419,0.443,4023,4255,-0.403149,0.081081,H5N8,Avian
1889,A/chicken/Taipei/17050008-3/2017_H5N8|GCA_038969015.1,A/chicken/Taipei/17050008,0.3095,0.2635,0.4155,0.28,0.164,-0.092,0.369,52.43,0.418,0.443,4021,4255,-0.405076,0.081081,H5N8,Avian
1890,A/chicken/Taipei/17050009-3/2017_H5N8|GCA_038968565.1,A/chicken/Taipei/17050009,0.3092,0.2638,0.4133,0.2826,0.164,-0.095,0.367,52.37,0.42,0.443,4022,4255,-0.403854,0.081081,H5N8,Avian
1891,A/chicken/Taishun/TS2/2016_H5N6|GCA_038823315.1,A/chicken/Taishun/TS2/201,0.2903,0.2705,0.43,0.2808,0.165,-0.083,0.374,51.74,0.423,0.445,4005,4231,-0.413567,0.079414,H5N6,Avian
1892,A/chicken/Taishun/TS90/2016_H5N6|GCA_038821405.1,A/chicken/Taishun/TS90/20,0.2838,0.2777,0.4281,0.2814,0.168,-0.074,0.38,51.58,0.43,0.448,4002,4231,-0.416285,0.079177,H5N6,Avian
1893,A/chicken/Taiwan/0101/2012_H5N2|GCA_038638535.1,A/chicken/Taiwan/0101/201,0.3096,0.2647,0.4337,0.262,0.17,-0.073,0.381,51.79,0.405,0.438,3980,4212,-0.407906,0.080959,H5N2,Avian
1894,A/chicken/Taiwan/01174/2015_H5N3|GCA_038769715.1,A/chicken/Taiwan/01174/20,0.3045,0.2725,0.4106,0.2853,0.166,-0.085,0.374,53.03,0.428,0.444,4030,4261,-0.409904,0.080732,Others,Avian
1895,A/chicken/Taiwan/0502/2012_H5N2|GCA_038647165.1,A/chicken/Taiwan/0502/201,0.3163,0.2581,0.4379,0.2557,0.168,-0.08,0.377,51.63,0.395,0.435,3993,4226,-0.410577,0.079981,H5N2,Avian
1896,A/chicken/Taiwan/1682/2013_H5N2|GCA_038676205.1,A/chicken/Taiwan/1682/201,0.3143,0.2582,0.43,0.2664,0.165,-0.089,0.372,52.31,0.403,0.438,3981,4212,-0.415052,0.081434,H5N2,Avian
1897,A/chicken/Taiwan/1692/2013_H5N2|GCA_038676895.1,A/chicken/Taiwan/1692/201,0.3144,0.2582,0.4302,0.2659,0.165,-0.089,0.372,52.33,0.403,0.438,3981,4212,-0.416572,0.081434,H5N2,Avian
1898,A/chicken/Taiwan/1704/2013_H5N2|GCA_038676225.1,A/chicken/Taiwan/1704/201,0.3145,0.2578,0.4305,0.2656,0.165,-0.089,0.372,52.33,0.403,0.438,3981,4212,-0.415503,0.081434,H5N2,Avian
1899,A/chicken/Taiwan/1711/2013_H5N2|GCA_038676915.1,A/chicken/Taiwan/1711/201,0.3143,0.2576,0.4304,0.2662,0.164,-0.09,0.371,52.34,0.403,0.438,3981,4212,-0.415408,0.081197,H5N2,Avian
1900,A/chicken/Taiwan/2593/2012_H5N2|GCA_038664595.1,A/chicken/Taiwan/2593/201,0.3188,0.2575,0.4302,0.2628,0.169,-0.081,0.377,51.92,0.4,0.437,3991,4225,-0.409894,0.080473,H5N2,Avian
1901,A/chicken/Taiwan/2948/2013_H5N2|GCA_038682205.1,A/chicken/Taiwan/2948/201,0.3197,0.2566,0.4315,0.2613,0.168,-0.082,0.376,51.99,0.398,0.436,3991,4225,-0.412284,0.080473,H5N2,Avian
1902,A/chicken/Taiwan/4443/2013_H5N2|GCA_038687875.1,A/chicken/Taiwan/4443/201,0.3208,0.255,0.4316,0.2622,0.168,-0.086,0.374,51.89,0.397,0.436,3992,4225,-0.411905,0.080473,H5N2,Avian
1903,A/chicken/Taiwan/683/2012_H5N2|GCA_038661325.1,A/chicken/Taiwan/683/2012,0.3184,0.2575,0.4338,0.2588,0.168,-0.085,0.374,51.61,0.397,0.437,3989,4225,-0.415408,0.080237,H5N2,Avian
1904,A/chicken/Taiwan/7350/2013_H5N2|GCA_038683895.1,A/chicken/Taiwan/7350/201,0.321,0.2555,0.4298,0.263,0.167,-0.086,0.374,51.94,0.398,0.436,3994,4225,-0.409018,0.080237,H5N2,Avian
1905,A/chicken/Taiwan/8988/2013_H5N2|GCA_038684125.1,A/chicken/Taiwan/8988/201,0.318,0.2588,0.43,0.2623,0.169,-0.08,0.378,52.03,0.401,0.437,3990,4225,-0.415124,0.080473,H5N2,Avian
1906,A/chicken/Taiwan/8994/2013_H5N2|GCA_038683325.1,A/chicken/Taiwan/8994/201,0.3173,0.2582,0.4293,0.2644,0.168,-0.081,0.377,52.03,0.402,0.438,3956,4190,-0.422076,0.080668,H5N2,Avian
1907,A/chicken/Taiwan/8996/2013_H5N2|GCA_038683345.1,A/chicken/Taiwan/8996/201,0.3173,0.2582,0.4299,0.2636,0.168,-0.08,0.378,52,0.401,0.438,3956,4190,-0.422053,0.080668,H5N2,Avian
1908,A/chicken/Taiwan/A1/2019_H5N2|GCA_039152805.1,A/chicken/Taiwan/A1/2019_,0.325,0.2509,0.4355,0.2573,0.166,-0.097,0.367,51.53,0.39,0.433,3991,4225,-0.407787,0.080237,H5N2,Avian
1909,A/chicken/Taiwan/A1997/2012_H5N2|GCA_038642135.1,A/chicken/Taiwan/A1997/20,0.3179,0.2585,0.4361,0.2562,0.169,-0.075,0.38,51.76,0.396,0.435,3991,4226,-0.416588,0.081164,H5N2,Avian
1910,A/chicken/Taiwan/D2/2019_H5N2|GCA_039141495.1,A/chicken/Taiwan/D2/2019_,0.3024,0.2731,0.42,0.2749,0.165,-0.083,0.375,51.8,0.421,0.443,4026,4254,-0.40536,0.08016,H5N2,Avian
1911,A/chicken/Taiwan/D9/2019_H5N2|GCA_039141095.1,A/chicken/Taiwan/D9/2019_,0.3024,0.2731,0.42,0.2749,0.165,-0.084,0.374,51.8,0.421,0.443,4026,4254,-0.40536,0.08016,H5N2,Avian
1912,A/chicken/Tibet/LZ01/2010_H5N2|GCA_038602165.1,A/chicken/Tibet/LZ01/2010,0.3012,0.2781,0.4155,0.2779,0.171,-0.063,0.387,52.91,0.427,0.445,4009,4240,-0.420259,0.080189,H5N2,Avian
1913,A/chicken/Wuhan/HAQL07/2014_H5N1|GCA_038759035.1,A/chicken/Wuhan/HAQL07/20,0.2989,0.2726,0.4066,0.2958,0.165,-0.087,0.374,52.96,0.435,0.446,3988,4223,-0.409069,0.082169,H5N1,Avian
1914,A/chicken/Wuhan/HAQL16/2014_H5N1|GCA_038758015.1,A/chicken/Wuhan/HAQL16/20,0.2992,0.2726,0.406,0.296,0.165,-0.087,0.374,52.97,0.436,0.447,3988,4223,-0.410372,0.082169,H5N1,Avian
1915,A/chicken/Wuhan/WHJF/2014_H5N2|GCA_038759055.1,A/chicken/Wuhan/WHJF/2014,0.3095,0.272,0.4071,0.2829,0.17,-0.075,0.38,52.7,0.426,0.447,4016,4251,-0.414608,0.081157,H5N2,Avian
1916,A/chicken/Wuhan/WHYJ01/2015_H5N6|GCA_038766615.1,A/chicken/Wuhan/WHYJ01/20,0.302,0.2658,0.4234,0.281,0.161,-0.096,0.367,52.5,0.419,0.444,4000,4233,-0.419135,0.078904,H5N6,Avian
1917,A/chicken/Wuxi/WX-32/2013_H5N1|GCA_038684205.1,A/chicken/Wuxi/WX-32/2013,0.3115,0.2672,0.417,0.2767,0.167,-0.081,0.377,52.45,0.417,0.442,3993,4223,-0.411864,0.081932,H5N1,Avian
1918,A/chicken/Wuxi/WX-33/2013_H5N1|GCA_038687525.1,A/chicken/Wuxi/WX-33/2013,0.3122,0.2659,0.4179,0.2765,0.167,-0.082,0.376,52.43,0.416,0.442,3993,4223,-0.41274,0.082643,H5N1,Avian
1919,A/chicken/Xinjiang/17/2005_H5N1|GCA_038388205.1,A/chicken/Xinjiang/17/200,0.3036,0.2794,0.4107,0.2778,0.171,-0.066,0.385,53.29,0.428,0.447,3991,4224,-0.417187,0.081439,H5N1,Avian
1920,A/chicken/Xinjiang/27/2006_H5N1|GCA_038265775.1,A/chicken/Xinjiang/27/200,0.305,0.2778,0.4098,0.2789,0.173,-0.068,0.384,53.25,0.428,0.447,3990,4224,-0.409044,0.081676,H5N1,Avian
1921,A/chicken/Xinjiang/53/2005_H5N1|GCA_038250695.1,A/chicken/Xinjiang/53/200,0.3052,0.2779,0.4111,0.2777,0.172,-0.069,0.384,53.1,0.427,0.446,3992,4224,-0.409754,0.081676,H5N1,Avian
1922,A/chicken/Xinjiang/54/2005_H5N1|GCA_038388255.1,A/chicken/Xinjiang/54/200,0.3039,0.2785,0.409,0.2804,0.172,-0.068,0.384,53.26,0.43,0.447,3990,4224,-0.415483,0.081676,H5N1,Avian
1923,A/chicken/Xinjiang/67/2005_H5N1|GCA_038250755.1,A/chicken/Xinjiang/67/200,0.3049,0.2786,0.4088,0.2792,0.172,-0.067,0.385,53.15,0.429,0.447,3994,4224,-0.412027,0.081913,H5N1,Avian
1924,A/chicken/Xinjiang/68/2005_H5N1|GCA_038388265.1,A/chicken/Xinjiang/68/200,0.3033,0.2785,0.4104,0.2794,0.171,-0.073,0.381,53.23,0.429,0.447,3989,4224,-0.415625,0.081439,H5N1,Avian
1925,A/chicken/Xuzhou/XZ6/2016_H5N6|GCA_038820665.1,A/chicken/Xuzhou/XZ6/2016,0.2966,0.2692,0.4232,0.2832,0.163,-0.088,0.372,52.41,0.424,0.446,4006,4233,-0.407087,0.078904,H5N6,Avian
1926,A/chicken/YL/A3190/2014_H5N2|GCA_038732485.1,A/chicken/YL/A3190/2014_H,0.31,0.264,0.4379,0.2566,0.167,-0.078,0.378,51.32,0.401,0.437,3995,4228,-0.416935,0.080653,H5N2,Avian
1927,A/chicken/Yangzhou/YD1/2014_H5N6|GCA_038744805.1,A/chicken/Yangzhou/YD1/20,0.3014,0.2683,0.4237,0.2806,0.163,-0.086,0.374,52.62,0.42,0.443,4013,4244,-0.415104,0.078228,H5N6,Avian
1928,A/chicken/Yuhang/1/2013_H5N9|GCA_038685605.1,A/chicken/Yuhang/1/2013_H,0.2831,0.2852,0.4207,0.2864,0.167,-0.068,0.384,52.32,0.438,0.448,4007,4239,-0.430809,0.081151,Others,Avian
1929,A/chicken/Yuhang/2/2013_H5N9|GCA_038686415.1,A/chicken/Yuhang/2/2013_H,0.2841,0.2841,0.4234,0.2842,0.169,-0.061,0.388,52.31,0.436,0.448,4006,4239,-0.432248,0.080915,Others,Avian
1930,A/chicken/Yunlin/15020048-1/2015_H5N2|GCA_038772355.1,A/chicken/Yunlin/15020048,0.2979,0.2816,0.4159,0.2758,0.168,-0.079,0.377,51.91,0.429,0.445,4023,4254,-0.405501,0.08063,H5N2,Avian
1931,A/chicken/Yunlin/15040002-2/2015_H5N2|GCA_038777935.1,A/chicken/Yunlin/15040002,0.3008,0.2791,0.4129,0.2781,0.168,-0.081,0.376,52,0.428,0.445,4023,4254,-0.406135,0.080395,H5N2,Avian
1932,A/chicken/Yunlin/15040027/2015_H5N2|GCA_038779375.1,A/chicken/Yunlin/15040027,0.3014,0.2778,0.4152,0.2767,0.167,-0.084,0.374,51.92,0.426,0.445,4017,4248,-0.40572,0.080508,H5N2,Avian
1933,A/chicken/Yunlin/15050012/2015_H5N8|GCA_038779825.1,A/chicken/Yunlin/15050012,0.3067,0.2686,0.4256,0.2674,0.168,-0.088,0.372,52.12,0.413,0.441,4033,4263,-0.399484,0.081163,H5N8,Avian
1934,A/chicken/Yunlin/15050037-2/2015_H5N2|GCA_038780755.1,A/chicken/Yunlin/15050037,0.3021,0.2776,0.414,0.2777,0.167,-0.085,0.374,51.9,0.427,0.444,4023,4254,-0.403808,0.080395,H5N2,Avian
1935,A/chicken/Yunlin/15050039-2/2015_H5N2|GCA_038780835.1,A/chicken/Yunlin/15050039,0.3008,0.2785,0.4143,0.2775,0.167,-0.084,0.374,51.89,0.427,0.445,4023,4254,-0.405783,0.08016,H5N2,Avian
1936,A/chicken/Yunlin/15060014-1/2015_H5N2|GCA_038783305.1,A/chicken/Yunlin/15060014,0.3009,0.2789,0.4141,0.2771,0.168,-0.082,0.375,51.99,0.427,0.445,4023,4254,-0.404278,0.080395,H5N2,Avian
1937,A/chicken/Yunlin/15080024/2015_H5N2|GCA_038789515.1,A/chicken/Yunlin/15080024,0.2996,0.2809,0.4142,0.276,0.168,-0.077,0.378,52.09,0.428,0.445,4023,4254,-0.402092,0.080395,H5N2,Avian
1938,A/chicken/Yunlin/16010001-1/2016_H5N2|GCA_038808645.1,A/chicken/Yunlin/16010001,0.298,0.2805,0.414,0.2781,0.167,-0.081,0.376,52.03,0.43,0.446,4022,4254,-0.404372,0.080395,H5N2,Avian
1939,A/chicken/Yunlin/16010008-1/2016_H5N2|GCA_038807915.1,A/chicken/Yunlin/16010008,0.2992,0.2817,0.413,0.2771,0.168,-0.078,0.378,52.19,0.43,0.445,4024,4254,-0.404067,0.080865,H5N2,Avian
1940,A/chicken/Yunlin/16020038/2016_H5N8|GCA_038824985.1,A/chicken/Yunlin/16020038,0.3026,0.2712,0.4171,0.2772,0.168,-0.083,0.374,52.63,0.423,0.446,4030,4262,-0.403261,0.081183,H5N8,Avian
1941,A/chicken/Yunlin/16050053/2016_H5N2|GCA_038853745.1,A/chicken/Yunlin/16050053,0.3006,0.2798,0.4161,0.2743,0.168,-0.079,0.377,52.06,0.426,0.445,4025,4254,-0.396568,0.080395,H5N2,Avian
1942,A/chicken/Yunlin/17010001/2017_H5N8|GCA_038941205.1,A/chicken/Yunlin/17010001,0.3013,0.2723,0.4131,0.2814,0.169,-0.082,0.375,52.23,0.427,0.447,4024,4255,-0.40235,0.081081,H5N8,Avian
1943,A/chicken/Yunlin/17010014/2017_H5N2|GCA_038945005.1,A/chicken/Yunlin/17010014,0.2979,0.2801,0.412,0.2806,0.168,-0.078,0.377,52.08,0.431,0.446,4024,4254,-0.404419,0.080395,H5N2,Avian
1944,A/chicken/Yunlin/17020094-1/2017_H5N2|GCA_038957835.1,A/chicken/Yunlin/17020094,0.2994,0.2792,0.4122,0.2801,0.167,-0.081,0.376,51.95,0.43,0.445,4024,4254,-0.402468,0.0811,H5N2,Avian
1945,A/chicken/Yunlin/17020095-2/2017_H5N2|GCA_038958125.1,A/chicken/Yunlin/17020095,0.2957,0.2809,0.4186,0.2745,0.165,-0.086,0.373,51.81,0.428,0.445,4017,4248,-0.402849,0.080979,H5N2,Avian
1946,A/chicken/Yunlin/17030001-1/2017_H5N2|GCA_038958215.1,A/chicken/Yunlin/17030001,0.2977,0.2793,0.413,0.28,0.167,-0.081,0.376,52.04,0.43,0.446,4025,4254,-0.403221,0.080395,H5N2,Avian
1947,A/chicken/Yunlin/17030007-1/2017_H5N2|GCA_038959055.1,A/chicken/Yunlin/17030007,0.3005,0.2778,0.4128,0.2793,0.166,-0.085,0.373,51.9,0.428,0.445,4026,4254,-0.400776,0.08016,H5N2,Avian
1948,A/chicken/Yunlin/17030010-1/2017_H5N2|GCA_038958835.1,A/chicken/Yunlin/17030010,0.2965,0.2817,0.4131,0.2796,0.167,-0.081,0.376,51.95,0.432,0.446,4024,4254,-0.405665,0.080395,H5N2,Avian
1949,A/chicken/Yunlin/17030014-1/2017_H5N2|GCA_038959325.1,A/chicken/Yunlin/17030014,0.2967,0.2801,0.4132,0.2804,0.167,-0.081,0.376,51.97,0.431,0.446,4024,4254,-0.405971,0.08016,H5N2,Avian
1950,A/chicken/Yunlin/17030020-2/2017_H5N2|GCA_038959465.1,A/chicken/Yunlin/17030020,0.2986,0.2799,0.4131,0.2793,0.167,-0.082,0.375,51.92,0.43,0.445,4024,4254,-0.402515,0.08063,H5N2,Avian
1951,A/chicken/Yunlin/17030021-1/2017_H5N2|GCA_038959175.1,A/chicken/Yunlin/17030021,0.2971,0.2799,0.4122,0.2812,0.167,-0.081,0.376,52.01,0.432,0.446,4025,4254,-0.404137,0.08016,H5N2,Avian
1952,A/chicken/Yunlin/17030032-2/2017_H5N2|GCA_038960485.1,A/chicken/Yunlin/17030032,0.299,0.2781,0.4174,0.2741,0.164,-0.085,0.373,51.65,0.425,0.445,4017,4248,-0.402754,0.080273,H5N2,Avian
1953,A/chicken/Yunlin/17030065-2/2017_H5N2|GCA_038964015.1,A/chicken/Yunlin/17030065,0.2969,0.2809,0.4125,0.2802,0.168,-0.077,0.378,52.09,0.432,0.446,4024,4254,-0.404984,0.080395,H5N2,Avian
1954,A/chicken/Yunlin/17040003-1/2017_H5N2|GCA_038964455.1,A/chicken/Yunlin/17040003,0.302,0.2772,0.4142,0.2779,0.167,-0.082,0.375,51.91,0.426,0.444,4026,4254,-0.399577,0.0811,H5N2,Avian
1955,A/chicken/Yunlin/17040004-2/2017_H5N2|GCA_038964735.1,A/chicken/Yunlin/17040004,0.2977,0.2796,0.4129,0.2795,0.167,-0.081,0.375,52.03,0.43,0.446,4025,4254,-0.403456,0.080395,H5N2,Avian
1956,A/chicken/Yunlin/17040011-1/2017_H5N2|GCA_038965595.1,A/chicken/Yunlin/17040011,0.2981,0.2791,0.4137,0.2787,0.167,-0.082,0.375,51.95,0.429,0.446,4024,4254,-0.403268,0.080395,H5N2,Avian
1957,A/chicken/Yunlin/17060019/2017_H5N2|GCA_039014265.1,A/chicken/Yunlin/17060019,0.298,0.2784,0.4128,0.2813,0.167,-0.079,0.377,52.01,0.43,0.446,4024,4254,-0.403597,0.080395,H5N2,Avian
1958,A/chicken/Yunlin/17070010/2017_H5N2|GCA_039017175.1,A/chicken/Yunlin/17070010,0.2978,0.2794,0.4118,0.2817,0.167,-0.083,0.374,51.95,0.431,0.446,4027,4255,-0.400117,0.080141,H5N2,Avian
1959,A/chicken/Yunlin/18010001-2/2018_H5N2|GCA_039002565.1,A/chicken/Yunlin/18010001,0.2969,0.2823,0.4108,0.281,0.168,-0.08,0.377,52.28,0.433,0.446,4021,4254,-0.40268,0.080395,H5N2,Avian
1960,A/chicken/Yunlin/18010023-1/2018_H5N2|GCA_039041605.1,A/chicken/Yunlin/18010023,0.2986,0.282,0.4113,0.2789,0.168,-0.079,0.377,52.26,0.431,0.446,4023,4254,-0.397297,0.08016,H5N2,Avian
1961,A/chicken/Yunlin/18020003-2/2018_H5N2|GCA_039043485.1,A/chicken/Yunlin/18020003,0.2991,0.2795,0.4119,0.2802,0.167,-0.081,0.376,52.16,0.43,0.446,4024,4254,-0.398002,0.080395,H5N2,Avian
1962,A/chicken/Yunlin/18020004-1/2018_H5N2|GCA_039042795.1,A/chicken/Yunlin/18020004,0.2993,0.2788,0.4127,0.2795,0.166,-0.081,0.376,52.12,0.429,0.445,4024,4254,-0.397555,0.080395,H5N2,Avian
1963,A/chicken/Yunlin/18020005-2/2018_H5N2|GCA_039043505.1,A/chicken/Yunlin/18020005,0.2985,0.2801,0.4119,0.28,0.167,-0.079,0.377,52.16,0.431,0.446,4024,4254,-0.398707,0.080395,H5N2,Avian
1964,A/chicken/Yunlin/18020008-2/2018_H5N2|GCA_039046765.1,A/chicken/Yunlin/18020008,0.2993,0.2821,0.411,0.2786,0.168,-0.079,0.377,52.3,0.431,0.446,4023,4254,-0.399741,0.080395,H5N2,Avian
1965,A/chicken/Yunlin/18030002-1/2018_H5N2|GCA_039058255.1,A/chicken/Yunlin/18030002,0.3008,0.2779,0.411,0.2802,0.167,-0.078,0.377,52.25,0.429,0.446,4024,4254,-0.397297,0.080395,H5N2,Avian
1966,A/chicken/Yunlin/18050013-1/2018_H5N2|GCA_039073545.1,A/chicken/Yunlin/18050013,0.3018,0.2782,0.4111,0.2791,0.167,-0.08,0.376,52.38,0.429,0.446,4023,4254,-0.398261,0.080395,H5N2,Avian
1967,A/chicken/Yunlin/18060001-2/2018_H5N2|GCA_039075865.1,A/chicken/Yunlin/18060001,0.3006,0.2786,0.4113,0.2797,0.167,-0.078,0.377,52.38,0.429,0.446,4023,4254,-0.397015,0.080395,H5N2,Avian
1968,A/chicken/Yunlin/18080006-1/2018_H5N2|GCA_039082625.1,A/chicken/Yunlin/18080006,0.2995,0.2787,0.4157,0.2771,0.168,-0.076,0.379,52.07,0.427,0.445,4020,4254,-0.402304,0.080865,H5N2,Avian
1969,A/chicken/Yunnan/1/2014_H5N1|GCA_038718885.1,A/chicken/Yunnan/1/2014_H,0.3158,0.2638,0.4096,0.2829,0.166,-0.087,0.373,53.08,0.419,0.443,3995,4223,-0.397679,0.081222,H5N1,Avian
1970,A/chicken/Yunnan/207/2004_H5N1|GCA_038225325.1,A/chicken/Yunnan/207/2004,0.3126,0.2679,0.4096,0.2812,0.171,-0.077,0.379,53.01,0.422,0.445,3992,4223,-0.409306,0.081695,H5N1,Avian
1971,A/chicken/Yunnan/5686/2003_H5N1|GCA_038206895.1,A/chicken/Yunnan/5686/200,0.3118,0.2696,0.41,0.2797,0.172,-0.075,0.38,53.03,0.422,0.445,3991,4223,-0.414066,0.081695,H5N1,Avian
1972,A/chicken/Yunnan/6797/2003_H5N1|GCA_038206265.1,A/chicken/Yunnan/6797/200,0.3103,0.2706,0.4092,0.2808,0.172,-0.074,0.381,53.04,0.424,0.445,3992,4223,-0.410585,0.081695,H5N1,Avian
1973,A/chicken/Yunnan/6885/2003_H5N1|GCA_038206975.1,A/chicken/Yunnan/6885/200,0.3109,0.2694,0.4107,0.2802,0.171,-0.076,0.379,53.02,0.422,0.445,3993,4223,-0.409756,0.081695,H5N1,Avian
1974,A/chicken/Zhejiang/102637/2016_H5N6|GCA_038912095.1,A/chicken/Zhejiang/102637,0.2971,0.2679,0.434,0.2714,0.166,-0.08,0.376,52.01,0.415,0.442,3997,4233,-0.414458,0.07914,H5N6,Avian
1975,A/chicken/Zhejiang/13160/2016_H5N6|GCA_038912115.1,A/chicken/Zhejiang/13160/,0.2857,0.2759,0.4309,0.279,0.167,-0.071,0.381,51.69,0.427,0.447,3994,4224,-0.415956,0.079072,H5N6,Avian
1976,A/chicken/Zhejiang/194/2016_H5N2|GCA_038815195.1,A/chicken/Zhejiang/194/20,0.3122,0.2662,0.4249,0.2678,0.169,-0.069,0.383,52.21,0.41,0.441,4013,4243,-0.415461,0.080132,H5N2,Avian
1977,A/chicken/Zhejiang/209/2016_H5N2|GCA_038814075.1,A/chicken/Zhejiang/209/20,0.3034,0.2743,0.4291,0.2628,0.174,-0.066,0.385,51.85,0.414,0.441,4017,4248,-0.413842,0.080508,H5N2,Avian
1978,A/chicken/Zhejiang/217/2016_H5N2|GCA_038815225.1,A/chicken/Zhejiang/217/20,0.3156,0.2622,0.4298,0.2637,0.167,-0.075,0.379,52.04,0.404,0.439,4013,4243,-0.419727,0.080368,H5N2,Avian
1979,A/chicken/Zhejiang/232/2016_H5N2|GCA_038815275.1,A/chicken/Zhejiang/232/20,0.3031,0.2747,0.4292,0.2633,0.173,-0.068,0.383,51.74,0.414,0.441,4019,4248,-0.414242,0.080508,H5N2,Avian
1980,A/chicken/Zhejiang/514135/2015_H5N2|GCA_038781465.1,A/chicken/Zhejiang/514135,0.3091,0.2721,0.4282,0.2624,0.171,-0.065,0.386,51.59,0.411,0.441,4010,4243,-0.419986,0.080839,H5N2,Avian
1981,A/chicken/Zhejiang/528127/2016_H5N6|GCA_038850565.1,A/chicken/Zhejiang/528127,0.2967,0.2699,0.4344,0.271,0.165,-0.082,0.375,51.7,0.415,0.442,3999,4233,-0.415332,0.07914,H5N6,Avian
1982,A/chicken/Zhejiang/6107/2016_H5N6|GCA_038815545.1,A/chicken/Zhejiang/6107/2,0.2847,0.2765,0.4316,0.2791,0.165,-0.081,0.375,51.42,0.427,0.446,3996,4224,-0.412311,0.079072,H5N6,Avian
1983,A/chicken/Zhejiang/6C2/2013_H5N6|GCA_038706295.1,A/chicken/Zhejiang/6C2/20,0.3011,0.2694,0.4255,0.2777,0.164,-0.087,0.373,52.7,0.419,0.443,4013,4244,-0.417484,0.078464,H5N6,Avian
1984,A/chicken/Zhejiang/727022/2014_H5N6|GCA_038739995.1,A/chicken/Zhejiang/727022,0.3002,0.2659,0.4258,0.2817,0.162,-0.095,0.368,52.31,0.419,0.444,4005,4233,-0.414127,0.079849,H5N6,Avian
1985,A/chicken/Zhejiang/727026/2014_H5N6|GCA_038740015.1,A/chicken/Zhejiang/727026,0.3,0.2666,0.4257,0.2813,0.162,-0.095,0.368,52.31,0.419,0.444,4005,4233,-0.413938,0.079613,H5N6,Avian
1986,A/chicken/Zhejiang/727079/2014_H5N2|GCA_038740105.1,A/chicken/Zhejiang/727079,0.311,0.2726,0.4102,0.2796,0.168,-0.067,0.383,53.01,0.423,0.445,4015,4243,-0.420386,0.080132,H5N2,Avian
1987,A/chicken/Zhejiang/727155/2014_H5N6|GCA_038741255.1,A/chicken/Zhejiang/727155,0.3006,0.2663,0.4241,0.2812,0.161,-0.095,0.367,52.44,0.42,0.445,4004,4233,-0.409733,0.078904,H5N6,Avian
1988,A/chicken/Zhejiang/727159/2014_H5N2|GCA_038740125.1,A/chicken/Zhejiang/727159,0.3165,0.2672,0.414,0.275,0.164,-0.083,0.374,52.64,0.415,0.442,4017,4243,-0.415555,0.080368,H5N2,Avian
1989,A/chicken/Zhejiang/7450/2015_H5N2|GCA_038784975.1,A/chicken/Zhejiang/7450/2,0.3054,0.2737,0.4272,0.2634,0.172,-0.066,0.385,51.97,0.413,0.441,4017,4248,-0.40718,0.080744,H5N2,Avian
1990,A/chicken/Zhejiang/81643/2015_H5N2|GCA_038789035.1,A/chicken/Zhejiang/81643/,0.3048,0.2731,0.4259,0.2654,0.171,-0.068,0.383,52.01,0.415,0.442,4017,4248,-0.41064,0.080273,H5N2,Avian
1991,A/common_mallard/Ningxia/YG71/2017_H5N6|GCA_038986325.1,A/common_mallard/Ningxia/,0.2891,0.2791,0.4165,0.2848,0.167,-0.072,0.38,52.59,0.434,0.449,4008,4236,-0.406704,0.07932,H5N6,Avian
1992,A/condor/Guangdong/139/2003_H5N1|GCA_038210975.1,A/condor/Guangdong/139/20,0.3076,0.2728,0.4118,0.2798,0.169,-0.078,0.379,53.04,0.424,0.445,3994,4224,-0.412997,0.081913,H5N1,Avian
1993,A/domestic_green-winged_teal/Hunan/3450/2006_H5N1|GCA_038270485.1,A/domestic_green-winged_t,0.306,0.2725,0.4134,0.2801,0.169,-0.073,0.382,52.89,0.424,0.445,3999,4234,-0.412659,0.081719,H5N1,Avian
1994,A/duck/Anhui/56/2005_H5N1|GCA_038247105.1,A/duck/Anhui/56/2005_H5N1,0.312,0.2685,0.412,0.2808,0.173,-0.071,0.382,52.99,0.421,0.444,3991,4223,-0.411627,0.081932,H5N1,Avian
1995,A/duck/Anhui/S4/2016_H5N6|GCA_038810135.1,A/duck/Anhui/S4/2016_H5N6,0.2979,0.266,0.4312,0.2764,0.165,-0.085,0.373,52.12,0.416,0.444,4002,4233,-0.412284,0.078904,H5N6,Avian
1996,A/duck/Changhua/15A03431-1-20T/2015_H5N2|GCA_038772945.1,A/duck/Changhua/15A03431-,0.2982,0.281,0.4143,0.2772,0.167,-0.081,0.376,51.98,0.429,0.446,4023,4254,-0.403597,0.08063,H5N2,Avian
1997,A/duck/Changhua/15A03473-1-20T/2015_H5N2|GCA_038773095.1,A/duck/Changhua/15A03473-,0.2986,0.2811,0.414,0.2772,0.167,-0.084,0.374,51.92,0.429,0.445,4023,4254,-0.405783,0.08063,H5N2,Avian
1998,A/duck/Chiayi/15080023/2015_H5N8|GCA_038789395.1,A/duck/Chiayi/15080023/20,0.3024,0.2726,0.4147,0.2787,0.169,-0.082,0.375,52.58,0.425,0.446,4029,4262,-0.402886,0.081183,H5N8,Avian
1999,A/duck/China/0935/2017_H5N1|GCA_038981425.1,A/duck/China/0935/2017_H5,0.308,0.2683,0.4199,0.2775,0.166,-0.089,0.372,52.05,0.418,0.442,3990,4223,-0.415889,0.082169,H5N1,Avian
2000,A/duck/China/0936/2017_H5N6|GCA_038977135.1,A/duck/China/0936/2017_H5,0.2973,0.266,0.4325,0.2749,0.165,-0.086,0.373,51.75,0.416,0.444,3997,4231,-0.41749,0.078941,H5N6,Avian
2001,A/duck/China/0938/2017_H5N6|GCA_038981445.1,A/duck/China/0938/2017_H5,0.2904,0.2739,0.4342,0.2757,0.165,-0.087,0.373,51.55,0.421,0.443,4001,4232,-0.422755,0.079868,H5N6,Avian
2002,A/duck/China/1033/2017_H5N1|GCA_038981775.1,A/duck/China/1033/2017_H5,0.305,0.2716,0.4167,0.2803,0.167,-0.084,0.375,52.28,0.423,0.444,3991,4223,-0.412408,0.082169,H5N1,Avian
2003,A/duck/China/E26/2012_H5N1|GCA_038647205.1,A/duck/China/E26/2012_H5N,0.3138,0.2665,0.4137,0.278,0.166,-0.078,0.378,52.86,0.418,0.441,3990,4223,-0.412006,0.082169,H5N1,Avian
2004,A/duck/China/E53/2012_H5N1|GCA_038646875.1,A/duck/China/E53/2012_H5N,0.3058,0.2701,0.418,0.2799,0.167,-0.082,0.376,52.86,0.421,0.443,3994,4223,-0.413427,0.081932,H5N1,Avian
2005,A/duck/China/YD1516/2016_H5N2|GCA_038808625.1,A/duck/China/YD1516/2016_,0.306,0.2727,0.4283,0.2633,0.172,-0.072,0.381,51.93,0.412,0.44,4018,4248,-0.409981,0.080979,H5N2,Avian
2006,A/duck/Chongqing/S4362/2017_H5N3|GCA_038992995.1,A/duck/Chongqing/S4362/20,0.3015,0.2797,0.4107,0.2835,0.166,-0.08,0.377,53.15,0.431,0.446,4013,4245,-0.411496,0.081272,Others,Avian
2007,A/duck/Dongguan/2685/2013_H5N6|GCA_038708145.1,A/duck/Dongguan/2685/2013,0.2991,0.2687,0.4253,0.2793,0.163,-0.091,0.37,52.37,0.42,0.445,4002,4233,-0.418214,0.078668,H5N6,Avian
2008,A/duck/Eastern_China/008/2008_H5N5|GCA_038500815.1,A/duck/Eastern_China/008/,0.2971,0.2743,0.4251,0.2757,0.17,-0.077,0.378,52.29,0.422,0.443,4022,4253,-0.396967,0.081354,Others,Avian
2009,A/duck/Eastern_China/031/2009_H5N5|GCA_038504765.1,A/duck/Eastern_China/031/,0.3002,0.2735,0.4276,0.27,0.17,-0.075,0.379,52.18,0.418,0.442,4019,4253,-0.402069,0.081589,Others,Avian
2010,A/duck/Eastern_China/057/2007_H5N1|GCA_038465965.1,A/duck/Eastern_China/057/,0.3067,0.2749,0.4156,0.274,0.172,-0.064,0.386,53.07,0.422,0.444,3992,4223,-0.413663,0.081695,H5N1,Avian
2011,A/duck/Eastern_China/108/2008_H5N1|GCA_038501435.1,A/duck/Eastern_China/108/,0.3054,0.2697,0.4208,0.277,0.17,-0.074,0.381,52.72,0.419,0.443,3994,4230,-0.410709,0.082033,H5N1,Avian
2012,A/duck/Eastern_China/1111/2011_H5N2|GCA_038605805.1,A/duck/Eastern_China/1111,0.3079,0.2707,0.4231,0.2691,0.168,-0.081,0.376,52.5,0.415,0.44,4019,4249,-0.400612,0.080725,H5N2,Avian
2013,A/duck/Eastern_China/909/2009_H5N1|GCA_038505355.1,A/duck/Eastern_China/909/,0.3065,0.2702,0.4163,0.28,0.171,-0.079,0.377,52.07,0.422,0.444,3999,4230,-0.408251,0.08227,H5N1,Avian
2014,A/duck/Eastern_China/JY/2014_H5N8|GCA_038713025.1,A/duck/Eastern_China/JY/2,0.3108,0.2637,0.4158,0.2784,0.167,-0.082,0.374,52.86,0.417,0.444,4017,4249,-0.401177,0.082137,H5N8,Avian
2015,A/duck/Eastern_China/L0230/2010_H5N2|GCA_038581335.1,A/duck/Eastern_China/L023,0.3032,0.2732,0.4227,0.2705,0.17,-0.075,0.379,52.54,0.419,0.443,4016,4249,-0.406096,0.080725,H5N2,Avian
2016,A/duck/Eastern_China/L0321/2010_H5N2|GCA_038582295.1,A/duck/Eastern_China/L032,0.306,0.2703,0.424,0.2703,0.167,-0.083,0.375,52.32,0.416,0.44,4019,4249,-0.406237,0.080254,H5N2,Avian
2017,A/duck/Eastern_China/L0405/2010_H5N8|GCA_038582755.1,A/duck/Eastern_China/L040,0.3108,0.2649,0.425,0.2685,0.169,-0.084,0.373,52.1,0.411,0.441,4014,4245,-0.403581,0.081979,H5N8,Avian
2018,A/duck/Eastern_China/L0423/2011_H5N8|GCA_038613485.1,A/duck/Eastern_China/L042,0.3105,0.2646,0.4247,0.2685,0.169,-0.085,0.373,52.23,0.411,0.442,4013,4245,-0.403204,0.081743,H5N8,Avian
2019,A/duck/Eastern_China/L0611/2011_H5N8|GCA_038614645.1,A/duck/Eastern_China/L061,0.3091,0.2663,0.4232,0.2703,0.168,-0.085,0.373,52.35,0.413,0.442,4013,4245,-0.403746,0.081979,H5N8,Avian
2020,A/duck/Eastern_China/L0722/2012_H5N8|GCA_038651775.1,A/duck/Eastern_China/L072,0.3109,0.2642,0.423,0.271,0.169,-0.085,0.373,52.25,0.412,0.442,4013,4245,-0.402521,0.081979,H5N8,Avian
2021,A/duck/Eastern_China/L1021/2012_H5N8|GCA_038657365.1,A/duck/Eastern_China/L102,0.3061,0.27,0.4178,0.2743,0.169,-0.083,0.374,52.7,0.419,0.445,4013,4245,-0.40205,0.081508,H5N8,Avian
2022,A/duck/Eastern_China/L1120/2012_H5N8|GCA_038659075.1,A/duck/Eastern_China/L112,0.3077,0.2683,0.4212,0.2717,0.17,-0.079,0.376,52.49,0.416,0.443,4013,4245,-0.403204,0.08245,H5N8,Avian
2023,A/duck/Eastern_China/S0131/2014_H5N2|GCA_038716925.1,A/duck/Eastern_China/S013,0.3086,0.2693,0.4239,0.2685,0.173,-0.069,0.383,52.42,0.414,0.441,4019,4249,-0.405978,0.080725,H5N2,Avian
2024,A/duck/Eastern_China/S0215/2014_H5N8|GCA_038718135.1,A/duck/Eastern_China/S021,0.3107,0.2645,0.4143,0.2794,0.168,-0.08,0.376,52.81,0.419,0.444,4019,4250,-0.401318,0.081882,H5N8,Avian
2025,A/duck/Eastern_China/S0322/2014__H5N6|GCA_038725405.1,A/duck/Eastern_China/S032,0.3012,0.2665,0.4345,0.269,0.164,-0.091,0.37,52.01,0.411,0.442,4003,4235,-0.418205,0.079103,H5N6,Avian
2026,A/duck/Eastern_China/S0711/2014_H5N6|GCA_038739925.1,A/duck/Eastern_China/S071,0.3015,0.2702,0.4197,0.2823,0.163,-0.088,0.372,52.73,0.423,0.445,4015,4245,-0.411378,0.078445,H5N6,Avian
2027,A/duck/Eastern_China/S0808/2014_H5N2|GCA_038742195.1,A/duck/Eastern_China/S080,0.3095,0.271,0.4259,0.2639,0.17,-0.078,0.378,52.39,0.412,0.44,4017,4249,-0.405342,0.081196,H5N2,Avian
2028,A/duck/Eastern_China/S0908/2014_H5N6|GCA_038744365.1,A/duck/Eastern_China/S090,0.3,0.2677,0.4276,0.2763,0.163,-0.089,0.371,52.21,0.417,0.444,4003,4235,-0.409492,0.07863,H5N6,Avian
2029,A/duck/Eastern_China/S1109/2014_H5N8|GCA_038755785.1,A/duck/Eastern_China/S110,0.3051,0.2687,0.41,0.285,0.167,-0.08,0.376,52.99,0.426,0.447,4018,4250,-0.404165,0.082118,H5N8,Avian
2030,A/duck/Eastern_China/S1210/2013_H5N8|GCA_038706185.1,A/duck/Eastern_China/S121,0.3072,0.2668,0.4187,0.2754,0.168,-0.078,0.377,52.83,0.418,0.444,4020,4250,-0.400823,0.082118,H5N8,Avian
2031,A/duck/Fujian/1.17_FZHX0123-C/2017_H5N6|GCA_038946025.1,A/duck/Fujian/1.17_FZHX01,0.2956,0.2712,0.4344,0.2698,0.167,-0.078,0.378,51.86,0.416,0.444,3995,4232,-0.425165,0.079159,H5N6,Avian
2032,A/duck/Fujian/10.26_FZHX0002-O/2017_H5N6|GCA_054192225.1,A/duck/Fujian/10.26_FZHX0,0.2958,0.2693,0.4287,0.2778,0.166,-0.077,0.378,51.82,0.42,0.444,4001,4232,-0.419896,0.078922,H5N6,Avian
2033,A/duck/Fujian/10.26_FZHX0010-O/2017_H5N6|GCA_038987405.1,A/duck/Fujian/10.26_FZHX0,0.2951,0.2695,0.4302,0.2765,0.165,-0.08,0.376,51.8,0.419,0.444,4000,4232,-0.420747,0.078922,H5N6,Avian
2034,A/duck/Fujian/11.23_FZHX0009-C/2017_H5N6|GCA_038993035.1,A/duck/Fujian/11.23_FZHX0,0.3014,0.2652,0.4271,0.2775,0.168,-0.073,0.38,51.94,0.417,0.444,4001,4232,-0.424527,0.078922,H5N6,Avian
2035,A/duck/Fujian/11.23_FZHX0014-C/2017_H5N6|GCA_038993055.1,A/duck/Fujian/11.23_FZHX0,0.2975,0.2671,0.4328,0.2726,0.166,-0.081,0.376,51.65,0.415,0.443,4007,4238,-0.420835,0.078339,H5N6,Avian
2036,A/duck/Fujian/11.23_FZHX0015-C/2017_H5N6|GCA_038993075.1,A/duck/Fujian/11.23_FZHX0,0.295,0.2685,0.43,0.2776,0.165,-0.081,0.376,51.8,0.42,0.444,4002,4233,-0.421356,0.078668,H5N6,Avian
2037,A/duck/Fujian/11.3_FZHX1132-O/2016_H5N6|GCA_038920095.1,A/duck/Fujian/11.3_FZHX11,0.2961,0.2662,0.4381,0.2701,0.165,-0.089,0.371,51.44,0.413,0.443,3997,4232,-0.422566,0.079159,H5N6,Avian
2038,A/duck/Fujian/11.3_FZHX1141-C/2016_H5N6|GCA_038919555.1,A/duck/Fujian/11.3_FZHX11,0.2946,0.2678,0.4377,0.2704,0.165,-0.085,0.373,51.59,0.414,0.443,3998,4232,-0.419353,0.078922,H5N6,Avian
2039,A/duck/Fujian/12.7_FZHX1202-O/2016_H5N6|GCA_038930535.1,A/duck/Fujian/12.7_FZHX12,0.2953,0.2678,0.4392,0.27,0.164,-0.089,0.372,51.62,0.413,0.442,3984,4219,-0.423655,0.080114,H5N6,Avian
2040,A/duck/Fujian/12.7_FZHX1218-C/2016_H5N6|GCA_038930555.1,A/duck/Fujian/12.7_FZHX12,0.2966,0.2668,0.4406,0.2673,0.165,-0.086,0.373,51.49,0.41,0.442,3998,4233,-0.423317,0.07914,H5N6,Avian
2041,A/duck/Fujian/12.7_FZHX1219-O/2016_H5N6|GCA_038930625.1,A/duck/Fujian/12.7_FZHX12,0.2971,0.2666,0.4402,0.2672,0.165,-0.086,0.373,51.4,0.41,0.441,3997,4232,-0.422613,0.078922,H5N6,Avian
2042,A/duck/Fujian/12.7_FZHX1221-C/2016_H5N6|GCA_038930585.1,A/duck/Fujian/12.7_FZHX12,0.2973,0.2668,0.4398,0.2673,0.165,-0.086,0.373,51.42,0.411,0.442,3997,4232,-0.42181,0.079159,H5N6,Avian
2043,A/duck/Guangdong/11.18_SZBJ003-C/2016_H5N6|GCA_038923895.1,A/duck/Guangdong/11.18_SZ,0.2963,0.2695,0.4291,0.278,0.165,-0.084,0.375,52.25,0.42,0.444,3999,4233,-0.418497,0.078904,H5N6,Avian
2044,A/duck/Guangdong/11.18_SZBJ003-O/2016_H5N6|GCA_038923635.1,A/duck/Guangdong/11.18_SZ,0.2963,0.2695,0.4291,0.278,0.165,-0.084,0.375,52.25,0.42,0.444,3999,4233,-0.418497,0.078904,H5N6,Avian
2045,A/duck/Guangdong/11.18_SZBJ007-O/2016_H5N6|GCA_038923905.1,A/duck/Guangdong/11.18_SZ,0.2965,0.2691,0.4291,0.2779,0.165,-0.084,0.374,52.22,0.42,0.444,3999,4233,-0.418993,0.078904,H5N6,Avian
2046,A/duck/Guangdong/23/2004_H5N1|GCA_038226145.1,A/duck/Guangdong/23/2004_,0.3084,0.272,0.4112,0.2799,0.171,-0.075,0.38,53.28,0.424,0.446,3989,4224,-0.417945,0.080492,H5N1,Avian
2047,A/duck/Guangdong/GD01/2014_H5N6|GCA_038723425.1,A/duck/Guangdong/GD01/201,0.3001,0.2666,0.4258,0.2791,0.162,-0.092,0.369,52.25,0.419,0.444,4003,4233,-0.414576,0.078668,H5N6,Avian
2048,A/duck/Guangdong/s14044/2014_H5N8|GCA_038713185.1,A/duck/Guangdong/s14044/2,0.3077,0.2679,0.4259,0.268,0.17,-0.079,0.376,52.45,0.412,0.441,4015,4244,-0.394062,0.082234,H5N8,Avian
2049,A/duck/Guangdong/wy11/2008_H5N5|GCA_038482195.1,A/duck/Guangdong/wy11/200,0.2991,0.2733,0.4272,0.2724,0.171,-0.078,0.378,52.03,0.419,0.443,4021,4253,-0.401434,0.081825,Others,Avian
2050,A/duck/Guangdong/wy19/2008_H5N5|GCA_038481545.1,A/duck/Guangdong/wy19/200,0.2995,0.2734,0.4265,0.2713,0.171,-0.076,0.379,52.12,0.419,0.443,4021,4253,-0.397766,0.081119,Others,Avian
2051,A/duck/Guangdong/wy24/2008_H5N5|GCA_038482215.1,A/duck/Guangdong/wy24/200,0.3026,0.2723,0.4283,0.2665,0.17,-0.082,0.375,52.03,0.415,0.442,4020,4254,-0.398919,0.08157,Others,Avian
2052,A/duck/Guangzhou/018/2014_H5N6|GCA_038713075.1,A/duck/Guangzhou/018/2014,0.2985,0.2684,0.4243,0.2809,0.163,-0.092,0.369,52.28,0.421,0.445,4002,4233,-0.416537,0.078904,H5N6,Avian
2053,A/duck/Guangzhou/021/2014_H5N6|GCA_038714225.1,A/duck/Guangzhou/021/2014,0.2993,0.2676,0.4242,0.281,0.162,-0.093,0.369,52.27,0.421,0.445,4002,4233,-0.414103,0.078904,H5N6,Avian
2054,A/duck/Guangzhou/41227/2014_H5N6|GCA_038764855.1,A/duck/Guangzhou/41227/20,0.297,0.2699,0.4252,0.2804,0.163,-0.085,0.373,51.91,0.422,0.445,4000,4233,-0.413914,0.078904,H5N6,Avian
2055,A/duck/Guizhou/7.27_ZYLJJ017-O/2018_H5N6|GCA_039081265.1,A/duck/Guizhou/7.27_ZYLJJ,0.2962,0.2694,0.4277,0.2771,0.165,-0.085,0.374,52.02,0.42,0.445,3992,4223,-0.416623,0.079327,H5N6,Avian
2056,A/duck/Guizhou/8.26_ZYLJJ016-O/2018_H5N6|GCA_039082565.1,A/duck/Guizhou/8.26_ZYLJJ,0.2974,0.2682,0.4272,0.278,0.165,-0.082,0.375,52.29,0.419,0.445,3993,4223,-0.418968,0.079091,H5N6,Avian
2057,A/duck/Guizhou/8.26_ZYLJJ017-O/2018_H5N6|GCA_039082585.1,A/duck/Guizhou/8.26_ZYLJJ,0.2939,0.2714,0.427,0.2785,0.164,-0.083,0.374,52.12,0.422,0.446,4001,4232,-0.413563,0.079159,H5N6,Avian
2058,A/duck/Hainan/12.29_HKPL002-C/2017_H5N6|GCA_038998405.1,A/duck/Hainan/12.29_HKPL0,0.2984,0.2674,0.4281,0.2769,0.164,-0.085,0.373,52.17,0.418,0.444,4002,4234,-0.415966,0.078885,H5N6,Avian
2059,A/duck/Hebei/0908/2009_H5N2|GCA_038548285.1,A/duck/Hebei/0908/2009_H5,0.31,0.2691,0.4141,0.2768,0.168,-0.073,0.381,52.64,0.42,0.444,4018,4249,-0.400306,0.080254,H5N2,Avian
2060,A/duck/Hong_Kong/342/1978_H5N2|GCA_037928915.1,A/duck/Hong_Kong/342/1978,0.3078,0.2808,0.401,0.2836,0.168,-0.078,0.378,52.98,0.433,0.447,4019,4252,-0.415452,0.080433,H5N2,Avian
2061,A/duck/Hsinchu/15020216/2015_H5N2|GCA_038773755.1,A/duck/Hsinchu/15020216/2,0.3002,0.2794,0.4143,0.2771,0.168,-0.082,0.376,51.93,0.428,0.445,4023,4254,-0.405477,0.080395,H5N2,Avian
2062,A/duck/HuBei/03/2010_H5N5|GCA_038582495.1,A/duck/HuBei/03/2010_H5N5,0.2997,0.2744,0.4163,0.2812,0.171,-0.073,0.381,52.79,0.427,0.446,4015,4246,-0.40285,0.081959,Others,Avian
2063,A/duck/Hubei/2911/2007_H5N1|GCA_038457615.1,A/duck/Hubei/2911/2007_H5,0.3078,0.2685,0.4048,0.2905,0.168,-0.076,0.38,52.78,0.429,0.447,3991,4223,-0.406749,0.081459,H5N1,Avian
2064,A/duck/Hubei/49/2005_H5N1|GCA_038388125.1,A/duck/Hubei/49/2005_H5N1,0.3078,0.2705,0.4163,0.2775,0.171,-0.072,0.382,52.83,0.421,0.443,3994,4223,-0.412598,0.081932,H5N1,Avian
2065,A/duck/Hubei/SZY250/2016_H5N2|GCA_038848485.1,A/duck/Hubei/SZY250/2016_,0.3029,0.2745,0.4296,0.2624,0.171,-0.072,0.382,52.23,0.414,0.44,4018,4248,-0.418668,0.080744,H5N2,Avian
2066,A/duck/Hubei/xn/2007_H5N1|GCA_038473135.1,A/duck/Hubei/xn/2007_H5N1,0.3044,0.2699,0.4172,0.2815,0.169,-0.077,0.379,52.72,0.423,0.444,3994,4223,-0.409898,0.082169,H5N1,Avian
2067,A/duck/Hunan/01.12_YYGK82H3-OC/2018_H5N6|GCA_039008605.1,A/duck/Hunan/01.12_YYGK82,0.2943,0.2711,0.4292,0.2776,0.167,-0.076,0.379,52.23,0.421,0.445,4001,4232,-0.410633,0.078922,H5N6,Avian
2068,A/duck/Hunan/03.07_YYGK25L3-OC/2018_H5N6|GCA_039061415.1,A/duck/Hunan/03.07_YYGK25,0.293,0.2728,0.4275,0.2776,0.165,-0.086,0.373,51.71,0.423,0.445,3983,4211,-0.413346,0.078841,H5N6,Avian
2069,A/duck/Hunan/03.07_YYGK4L3-OC/2018_H5N6|GCA_039060495.1,A/duck/Hunan/03.07_YYGK4L,0.2955,0.2693,0.4363,0.2708,0.165,-0.082,0.375,51.82,0.415,0.443,3999,4233,-0.421592,0.078668,H5N6,Avian
2070,A/duck/Hunan/03.24_YYGK174M2-C/2017_H5N6|GCA_038963135.1,A/duck/Hunan/03.24_YYGK17,0.299,0.2652,0.4333,0.2739,0.164,-0.09,0.37,51.97,0.414,0.443,3999,4232,-0.418785,0.078922,H5N6,Avian
2071,A/duck/Hunan/03.24_YYGK178M2-C/2017_H5N6|GCA_038963525.1,A/duck/Hunan/03.24_YYGK17,0.2988,0.2659,0.4327,0.2738,0.164,-0.09,0.37,52.02,0.414,0.443,3998,4232,-0.418738,0.078922,H5N6,Avian
2072,A/duck/Hunan/03.24_YYGK18M2-O/2017_H5N6|GCA_038963545.1,A/duck/Hunan/03.24_YYGK18,0.299,0.2652,0.4328,0.2743,0.164,-0.09,0.37,51.99,0.414,0.443,3998,4232,-0.419116,0.078686,H5N6,Avian
2073,A/duck/Hunan/03.24_YYGK21M2-O/2017_H5N6|GCA_038963175.1,A/duck/Hunan/03.24_YYGK21,0.2991,0.2653,0.4327,0.2742,0.164,-0.09,0.37,51.99,0.414,0.443,3998,4232,-0.418738,0.078922,H5N6,Avian
2074,A/duck/Hunan/1.12_YYGK68H3-OC/2018_H5N6|GCA_039005615.1,A/duck/Hunan/1.12_YYGK68H,0.2994,0.2671,0.4269,0.2775,0.165,-0.084,0.374,52.18,0.418,0.444,4002,4232,-0.417958,0.078922,H5N6,Avian
2075,A/duck/Hunan/1.12_YYGK72H3-OC/2018_H5N6|GCA_039008625.1,A/duck/Hunan/1.12_YYGK72H,0.2994,0.2671,0.4261,0.2787,0.165,-0.084,0.374,52.12,0.419,0.445,4002,4232,-0.417415,0.078922,H5N6,Avian
2076,A/duck/Hunan/1.12_YYGK74H3-OC/2018_H5N6|GCA_039005635.1,A/duck/Hunan/1.12_YYGK74H,0.294,0.2714,0.4292,0.2776,0.167,-0.077,0.378,52.23,0.421,0.445,4001,4232,-0.410633,0.078922,H5N6,Avian
2077,A/duck/Hunan/1.17_YYGKK80-OC/2017_H5N6|GCA_038945855.1,A/duck/Hunan/1.17_YYGKK80,0.2974,0.2664,0.4389,0.2673,0.164,-0.085,0.373,51.74,0.411,0.442,3997,4232,-0.420109,0.078922,H5N6,Avian
2078,A/duck/Hunan/11.30_YYGK59E3-OC/2017_H5N6|GCA_038988965.1,A/duck/Hunan/11.30_YYGK59,0.2954,0.2689,0.4308,0.2762,0.166,-0.08,0.377,51.8,0.419,0.444,4000,4232,-0.420865,0.078922,H5N6,Avian
2079,A/duck/Hunan/11.30_YYGK62E3-OC/2017_H5N6|GCA_038984705.1,A/duck/Hunan/11.30_YYGK62,0.2967,0.2693,0.4273,0.2784,0.164,-0.088,0.372,52.03,0.42,0.445,4000,4232,-0.408578,0.078922,H5N6,Avian
2080,A/duck/Hunan/11.30_YYGK63E3-OC/2017_H5N6|GCA_038988985.1,A/duck/Hunan/11.30_YYGK63,0.2971,0.269,0.4273,0.278,0.165,-0.087,0.372,52.04,0.42,0.445,3999,4232,-0.408719,0.078922,H5N6,Avian
2081,A/duck/Hunan/11.30_YYGK74E3-OC/2017_H5N8|GCA_038984725.1,A/duck/Hunan/11.30_YYGK74,0.3023,0.2708,0.4124,0.2831,0.169,-0.066,0.384,53.14,0.427,0.447,4019,4249,-0.401059,0.081666,H5N8,Avian
2082,A/duck/Hunan/11.30_YYGK75E3-OC/2017_H5N6|GCA_038989005.1,A/duck/Hunan/11.30_YYGK75,0.2852,0.2782,0.4197,0.2881,0.168,-0.067,0.384,52.53,0.435,0.449,4000,4227,-0.4141,0.079252,H5N6,Avian
2083,A/duck/Hunan/12.27_YYGK100J2-C/2016_H5N6|GCA_038936035.1,A/duck/Hunan/12.27_YYGK10,0.2966,0.2677,0.4391,0.2666,0.165,-0.083,0.375,51.74,0.411,0.442,3997,4232,-0.41836,0.078922,H5N6,Avian
2084,A/duck/Hunan/12.27_YYGK60J2-C/2016_H5N6|GCA_038936165.1,A/duck/Hunan/12.27_YYGK60,0.2982,0.2687,0.4366,0.2669,0.166,-0.08,0.376,51.87,0.412,0.442,3999,4233,-0.414718,0.07914,H5N6,Avian
2085,A/duck/Hunan/12.27_YYGK71J2-O/2016_H5N6|GCA_038936085.1,A/duck/Hunan/12.27_YYGK71,0.2969,0.2674,0.4388,0.2669,0.165,-0.083,0.374,51.73,0.411,0.442,3997,4232,-0.41836,0.078922,H5N6,Avian
2086,A/duck/Hunan/12.27_YYGK73J2-O/2016_H5N6|GCA_038936195.1,A/duck/Hunan/12.27_YYGK73,0.2982,0.2684,0.4369,0.2669,0.166,-0.08,0.376,51.8,0.412,0.442,3999,4233,-0.414529,0.07914,H5N6,Avian
2087,A/duck/Hunan/12.27_YYGK81J2-O/2016_H5N6|GCA_038936145.1,A/duck/Hunan/12.27_YYGK81,0.2969,0.2674,0.4388,0.2671,0.165,-0.083,0.374,51.74,0.411,0.442,3997,4232,-0.416966,0.078922,H5N6,Avian
2088,A/duck/Hunan/12.27_YYGK86J2-C/2016_H5N6|GCA_038936355.1,A/duck/Hunan/12.27_YYGK86,0.2979,0.2687,0.4371,0.2665,0.166,-0.08,0.376,51.87,0.412,0.442,3999,4233,-0.414482,0.078904,H5N6,Avian
2089,A/duck/Hunan/12.27_YYGK89J2-O/2016_H5N6|GCA_038936185.1,A/duck/Hunan/12.27_YYGK89,0.2966,0.2677,0.4388,0.267,0.165,-0.083,0.375,51.75,0.411,0.442,3997,4232,-0.418195,0.078922,H5N6,Avian
2090,A/duck/Hunan/12.27_YYGK91J2-O/2016_H5N6|GCA_038936395.1,A/duck/Hunan/12.27_YYGK91,0.2969,0.2674,0.4388,0.2669,0.165,-0.083,0.374,51.74,0.411,0.442,3997,4232,-0.41836,0.078922,H5N6,Avian
2091,A/duck/Hunan/12.27_YYGK93J2-O/2016_H5N6|GCA_038936205.1,A/duck/Hunan/12.27_YYGK93,0.2966,0.2677,0.4388,0.267,0.165,-0.083,0.375,51.75,0.411,0.442,3997,4232,-0.418195,0.078922,H5N6,Avian
2092,A/duck/Hunan/12.27_YYGK95J2-O/2016_H5N6|GCA_038936415.1,A/duck/Hunan/12.27_YYGK95,0.2966,0.2674,0.4391,0.2669,0.165,-0.083,0.374,51.72,0.411,0.442,3997,4232,-0.41836,0.078922,H5N6,Avian
2093,A/duck/Hunan/12.27_YYGK96J2-O/2016_H5N6|GCA_038936265.1,A/duck/Hunan/12.27_YYGK96,0.2966,0.2677,0.4388,0.2669,0.165,-0.083,0.374,51.75,0.411,0.442,3997,4232,-0.41784,0.079159,H5N6,Avian
2094,A/duck/Hunan/12.27_YYGK97J2-O/2016_H5N6|GCA_038936435.1,A/duck/Hunan/12.27_YYGK97,0.2969,0.2674,0.4391,0.2666,0.165,-0.083,0.374,51.74,0.411,0.442,3997,4232,-0.41836,0.078922,H5N6,Avian
2095,A/duck/Hunan/2.06_YYGK77J3-OC/2018_H5N6|GCA_039046885.1,A/duck/Hunan/2.06_YYGK77J,0.2939,0.2726,0.4272,0.2777,0.165,-0.085,0.373,51.77,0.423,0.445,4002,4232,-0.410326,0.078922,H5N6,Avian
2096,A/duck/Hunan/2.06_YYGK78J3-OC/2018_H5N6|GCA_039047925.1,A/duck/Hunan/2.06_YYGK78J,0.2988,0.2681,0.4314,0.2727,0.165,-0.085,0.374,52.06,0.415,0.443,4011,4243,-0.415107,0.078954,H5N6,Avian
2097,A/duck/Hunan/2.06_YYGK84J3-OC/2018_H5N6|GCA_039046955.1,A/duck/Hunan/2.06_YYGK84J,0.2932,0.2725,0.427,0.278,0.164,-0.086,0.373,51.8,0.423,0.446,4001,4231,-0.409927,0.078941,H5N6,Avian
2098,A/duck/Hunan/2.06_YYGK92J3-OC/2018_H5N6|GCA_039047025.1,A/duck/Hunan/2.06_YYGK92J,0.2932,0.2728,0.427,0.278,0.165,-0.085,0.373,51.82,0.423,0.445,4002,4232,-0.410515,0.078922,H5N6,Avian
2099,A/duck/Hunan/3/2007_H5N1|GCA_038471155.1,A/duck/Hunan/3/2007_H5N1|,0.3057,0.2706,0.4191,0.2766,0.17,-0.07,0.383,52.88,0.42,0.443,3991,4223,-0.415345,0.081459,H5N1,Avian
2100,A/duck/Hunan/316/2005_H5N1|GCA_038257385.1,A/duck/Hunan/316/2005_H5N,0.312,0.2655,0.4174,0.2779,0.17,-0.078,0.379,52.73,0.416,0.442,3991,4223,-0.410727,0.081459,H5N1,Avian
2101,A/duck/Hunan/3315/2006_H5N1|GCA_038284025.1,A/duck/Hunan/3315/2006_H5,0.3086,0.2694,0.4105,0.2836,0.17,-0.073,0.381,53.17,0.424,0.445,3988,4223,-0.408738,0.081695,H5N1,Avian
2102,A/duck/Hunan/689/2006_H5N1|GCA_038284915.1,A/duck/Hunan/689/2006_H5N,0.3085,0.2693,0.4059,0.2895,0.169,-0.073,0.381,52.99,0.428,0.446,3990,4223,-0.416908,0.081932,H5N1,Avian
2103,A/duck/Hunan/7.21_YYGK41Y1-C/2016_H5N6|GCA_038861085.1,A/duck/Hunan/7.21_YYGK41Y,0.2919,0.2702,0.4328,0.2759,0.165,-0.081,0.376,52.07,0.42,0.445,3992,4224,-0.419934,0.078835,H5N6,Avian
2104,A/duck/Hunan/733/2004_H5N1|GCA_038225465.1,A/duck/Hunan/733/2004_H5N,0.3116,0.2692,0.4075,0.2837,0.172,-0.079,0.378,52.98,0.424,0.446,3994,4223,-0.413166,0.081459,H5N1,Avian
2105,A/duck/Hunan/8/2008_H5N1|GCA_038497435.1,A/duck/Hunan/8/2008_H5N1|,0.2972,0.2804,0.4134,0.2804,0.172,-0.062,0.387,52.98,0.431,0.448,4000,4229,-0.414259,0.08158,H5N1,Avian
2106,A/duck/Hunan/S4020/2008_H5N1|GCA_038499705.1,A/duck/Hunan/S4020/2008_H,0.3067,0.2712,0.4144,0.2817,0.171,-0.074,0.381,52.92,0.423,0.444,3993,4223,-0.408667,0.081695,H5N1,Avian
2107,A/duck/Hunan/S4030/2011_H5N1|GCA_038633355.1,A/duck/Hunan/S4030/2011_H,0.304,0.2723,0.417,0.28,0.167,-0.084,0.375,52.73,0.423,0.444,3992,4223,-0.411508,0.081695,H5N1,Avian
2108,A/duck/Hunan/S4101/2011_H5N2|GCA_038634205.1,A/duck/Hunan/S4101/2011_H,0.3241,0.2582,0.4201,0.2695,0.168,-0.09,0.372,52.53,0.404,0.437,4005,4233,-0.412686,0.080321,H5N2,Avian
2109,A/duck/Hunan/S4120/2011_H5N2|GCA_038634225.1,A/duck/Hunan/S4120/2011_H,0.3222,0.26,0.4209,0.2686,0.168,-0.088,0.373,52.49,0.405,0.438,4005,4233,-0.411316,0.080558,H5N2,Avian
2110,A/duck/Hunan/S4150/2011_H5N1|GCA_038633695.1,A/duck/Hunan/S4150/2011_H,0.306,0.2709,0.4054,0.2911,0.169,-0.072,0.382,53.47,0.431,0.447,3992,4223,-0.40978,0.081695,H5N1,Avian
2111,A/duck/Hunan/S4220/2011_H5N1|GCA_038633855.1,A/duck/Hunan/S4220/2011_H,0.309,0.269,0.4142,0.2805,0.168,-0.078,0.378,53.05,0.421,0.444,3994,4223,-0.40682,0.081695,H5N1,Avian
2112,A/duck/Jiangsu/m234/2012_H5N2|GCA_038639545.1,A/duck/Jiangsu/m234/2012_,0.3071,0.2714,0.4229,0.2689,0.171,-0.077,0.379,52.12,0.416,0.442,4018,4248,-0.403743,0.080744,H5N2,Avian
2113,A/duck/Jiangxi/01.11_NCNP101G2-OC/2017_H5N6|GCA_038944105.1,A/duck/Jiangxi/01.11_NCNP,0.298,0.2675,0.4275,0.2783,0.165,-0.085,0.373,52.02,0.419,0.445,3998,4232,-0.414957,0.078922,H5N6,Avian
2114,A/duck/Jiangxi/10160/2014_H5N6|GCA_038719765.1,A/duck/Jiangxi/10160/2014,0.3015,0.2686,0.4238,0.2806,0.164,-0.086,0.374,52.67,0.42,0.443,4012,4243,-0.413057,0.078482,H5N6,Avian
2115,A/duck/Jiangxi/11.17_NCNP30Y2-O/2016_H5N6|GCA_038923195.1,A/duck/Jiangxi/11.17_NCNP,0.2972,0.2673,0.4281,0.2802,0.165,-0.087,0.372,52.22,0.42,0.445,3999,4233,-0.419466,0.078904,H5N6,Avian
2116,A/duck/Jiangxi/11.17_NCNP48Y2-C/2016_H5N6|GCA_038923485.1,A/duck/Jiangxi/11.17_NCNP,0.2972,0.2673,0.4281,0.2802,0.165,-0.087,0.372,52.21,0.42,0.445,3999,4233,-0.41949,0.078904,H5N6,Avian
2117,A/duck/Jiangxi/11.29_NCDZT71H2-O/2016_H5N6|GCA_038927175.1,A/duck/Jiangxi/11.29_NCDZ,0.2977,0.2675,0.4345,0.2709,0.166,-0.08,0.377,51.83,0.414,0.443,3997,4232,-0.41758,0.078922,H5N6,Avian
2118,A/duck/Jiangxi/11.29_NCNP22D3-OC/2017_H5N6|GCA_038994985.1,A/duck/Jiangxi/11.29_NCNP,0.2966,0.2695,0.4365,0.2662,0.167,-0.077,0.378,51.84,0.413,0.443,3991,4223,-0.410017,0.079327,H5N6,Avian
2119,A/duck/Jiangxi/11.29_NCNP39D3-OC/2017_H5N6|GCA_038990055.1,A/duck/Jiangxi/11.29_NCNP,0.2941,0.27,0.4312,0.276,0.163,-0.084,0.374,52.13,0.419,0.445,3992,4223,-0.418707,0.078854,H5N6,Avian
2120,A/duck/Jiangxi/120/2011_H5N1|GCA_038635235.1,A/duck/Jiangxi/120/2011_H,0.305,0.276,0.4147,0.2755,0.171,-0.073,0.381,52.86,0.424,0.444,3993,4224,-0.414631,0.081913,H5N1,Avian
2121,A/duck/Jiangxi/130/2011_H5N1|GCA_038635815.1,A/duck/Jiangxi/130/2011_H,0.3064,0.2701,0.4068,0.2908,0.17,-0.068,0.385,53.3,0.429,0.446,3994,4224,-0.414347,0.081439,H5N1,Avian
2122,A/duck/Jiangxi/13469/2014_H5N6|GCA_038730455.1,A/duck/Jiangxi/13469/2014,0.3016,0.2699,0.4221,0.2801,0.164,-0.086,0.373,52.67,0.421,0.443,4014,4244,-0.412865,0.078464,H5N6,Avian
2123,A/duck/Jiangxi/13475/2014_H5N6|GCA_038729825.1,A/duck/Jiangxi/13475/2014,0.3013,0.2702,0.4224,0.2797,0.164,-0.086,0.373,52.66,0.421,0.443,4014,4244,-0.412865,0.078464,H5N6,Avian
2124,A/duck/Jiangxi/13484/2014_H5N6|GCA_038730495.1,A/duck/Jiangxi/13484/2014,0.3013,0.2702,0.4221,0.2801,0.164,-0.087,0.373,52.66,0.421,0.443,4014,4244,-0.412677,0.078464,H5N6,Avian
2125,A/duck/Jiangxi/2.28NCNP23K3-OC/2018_H5N6|GCA_039058365.1,A/duck/Jiangxi/2.28NCNP23,0.2962,0.2685,0.4293,0.2776,0.164,-0.088,0.371,51.86,0.419,0.444,4002,4232,-0.411248,0.078922,H5N6,Avian
2126,A/duck/Jiangxi/2.28_NCNP25K3-OC/2018_H5N6|GCA_039058525.1,A/duck/Jiangxi/2.28_NCNP2,0.2962,0.2685,0.4293,0.2776,0.164,-0.088,0.371,51.86,0.419,0.444,4002,4232,-0.411248,0.078922,H5N6,Avian
2127,A/duck/Jiangxi/34/2011_H5N1|GCA_038635835.1,A/duck/Jiangxi/34/2011_H5,0.3107,0.2655,0.415,0.2806,0.168,-0.077,0.378,53.15,0.419,0.443,3996,4224,-0.401515,0.081676,H5N1,Avian
2128,A/duck/Jiangxi/35/2011_H5N1|GCA_038635275.1,A/duck/Jiangxi/35/2011_H5,0.309,0.2687,0.4108,0.2832,0.169,-0.073,0.381,52.87,0.423,0.445,3996,4224,-0.399834,0.081913,H5N1,Avian
2129,A/duck/Jiangxi/44/2011_H5N1|GCA_038635855.1,A/duck/Jiangxi/44/2011_H5,0.3048,0.2651,0.4345,0.2663,0.167,-0.072,0.382,52.08,0.408,0.44,3986,4216,-0.407187,0.082543,H5N1,Avian
2130,A/duck/Jiangxi/5.26_NCDZT80Q2-OC/2017_H5N6|GCA_039010495.1,A/duck/Jiangxi/5.26_NCDZT,0.293,0.2729,0.4233,0.283,0.165,-0.084,0.374,52.35,0.427,0.447,3998,4232,-0.416092,0.078922,H5N6,Avian
2131,A/duck/Jiangxi/80/2005_H5N1|GCA_038250035.1,A/duck/Jiangxi/80/2005_H5,0.3078,0.2714,0.4144,0.279,0.171,-0.072,0.382,52.97,0.422,0.444,3992,4224,-0.412855,0.081439,H5N1,Avian
2132,A/duck/Jilin/JL-SIV/2013_H5N1|GCA_038685295.1,A/duck/Jilin/JL-SIV/2013_,0.3143,0.2678,0.4176,0.2743,0.17,-0.074,0.381,52.8,0.415,0.441,3988,4223,-0.40727,0.082406,H5N1,Avian
2133,A/duck/Kaohsiung/15010213/2015_H5N2|GCA_038768995.1,A/duck/Kaohsiung/15010213,0.2991,0.281,0.4129,0.2774,0.167,-0.082,0.375,51.99,0.43,0.446,4023,4254,-0.402844,0.08063,H5N2,Avian
2134,A/duck/Kaohsiung/15WB3298-1-5/2015_H5N3|GCA_040483655.1,A/duck/Kaohsiung/15WB3298,0.3055,0.2743,0.409,0.2846,0.168,-0.074,0.381,53.24,0.429,0.447,4021,4251,-0.413338,0.081628,Others,Avian
2135,A/duck/Kaohsiung/20WB0242-154/2020_H5N3|GCA_040487115.1,A/duck/Kaohsiung/20WB0242,0.2978,0.2826,0.4187,0.2733,0.169,-0.067,0.385,52.61,0.428,0.447,4023,4251,-0.416914,0.081157,Others,Avian
2136,A/duck/Liaoning/LN/2011_H5N5|GCA_038611925.1,A/duck/Liaoning/LN/2011_H,0.2983,0.2748,0.4274,0.2706,0.171,-0.076,0.379,52.29,0.419,0.443,4015,4246,-0.403038,0.081959,Others,Avian
2137,A/duck/Nanchang/9789/2013_H5N1|GCA_038700315.1,A/duck/Nanchang/9789/2013,0.3102,0.2651,0.4182,0.2782,0.164,-0.085,0.374,52.91,0.416,0.443,3994,4224,-0.407055,0.081439,H5N1,Avian
2138,A/duck/Nantou/15A3437/2015_H5N2|GCA_038773175.1,A/duck/Nantou/15A3437/201,0.2986,0.2811,0.414,0.2772,0.167,-0.084,0.374,51.92,0.429,0.445,4023,4254,-0.405783,0.08063,H5N2,Avian
2139,A/duck/Nantou/17A0243/2017_H5N2|GCA_038963595.1,A/duck/Nantou/17A0243/201,0.2981,0.28,0.4141,0.2785,0.168,-0.078,0.378,52.02,0.43,0.445,4023,4254,-0.403291,0.080395,H5N2,Avian
2140,A/duck/Pingtung/15010180/2015_H5N3|GCA_038768675.1,A/duck/Pingtung/15010180/,0.3045,0.2722,0.4098,0.2872,0.165,-0.086,0.373,53.06,0.429,0.444,4031,4261,-0.415701,0.080498,Others,Avian
2141,A/duck/Pingtung/15010444/2015_H5N2|GCA_038769465.1,A/duck/Pingtung/15010444/,0.2997,0.2813,0.413,0.2766,0.168,-0.081,0.376,52.06,0.429,0.445,4023,4254,-0.402045,0.080395,H5N2,Avian
2142,A/duck/Pingtung/17A0160/2017_H5N2|GCA_038959745.1,A/duck/Pingtung/17A0160/2,0.2963,0.2812,0.4149,0.2783,0.167,-0.079,0.377,52.01,0.43,0.445,4025,4255,-0.403972,0.080376,H5N2,Avian
2143,A/duck/Pingtung/18A00003-11-20T/2018_H5N2|GCA_039004315.1,A/duck/Pingtung/18A00003-,0.2979,0.2792,0.4146,0.2788,0.168,-0.078,0.378,51.93,0.429,0.445,4023,4254,-0.406394,0.080395,H5N2,Avian
2144,A/duck/Pingtung/18A00076-11-20T/2018_H5N2|GCA_039043675.1,A/duck/Pingtung/18A00076-,0.3014,0.2766,0.4113,0.2811,0.167,-0.082,0.375,52.07,0.429,0.445,4023,4254,-0.402656,0.08063,H5N2,Avian
2145,A/duck/Pingtung/18X00077/2018_H5N2|GCA_039102465.1,A/duck/Pingtung/18X00077/,0.3019,0.2735,0.4208,0.275,0.165,-0.083,0.375,51.8,0.422,0.444,4023,4254,-0.408345,0.08063,H5N2,Avian
2146,A/duck/Shandong/009/2008_H5N1|GCA_038500835.1,A/duck/Shandong/009/2008_,0.2947,0.285,0.4073,0.2866,0.17,-0.063,0.387,52.86,0.439,0.449,3998,4229,-0.411728,0.081816,H5N1,Avian
2147,A/duck/Shandong/Q1/2013_H5N8|GCA_038686665.1,A/duck/Shandong/Q1/2013_H,0.3074,0.2668,0.4239,0.2703,0.169,-0.078,0.376,52.58,0.414,0.443,4013,4244,-0.400589,0.081527,H5N8,Avian
2148,A/duck/Shandong/SD0261/2021_H5N6|GCA_039231315.1,A/duck/Shandong/SD0261/20,0.2919,0.2751,0.4183,0.2854,0.167,-0.076,0.378,52.42,0.431,0.448,3995,4225,-0.412095,0.08,H5N6,Avian
2149,A/duck/Shandong/SD0263/2021_H5N6|GCA_039231285.1,A/duck/Shandong/SD0263/20,0.2914,0.2755,0.4182,0.2851,0.167,-0.075,0.379,52.41,0.431,0.448,3995,4225,-0.41342,0.079527,H5N6,Avian
2150,A/duck/Sichuan/NCXJ15/2014_H5N6|GCA_038732985.1,A/duck/Sichuan/NCXJ15/201,0.2995,0.2712,0.4233,0.2806,0.165,-0.081,0.377,52.64,0.422,0.444,4013,4244,-0.413054,0.078464,H5N6,Avian
2151,A/duck/Sichuan/NCXJ16/2014_H5N6|GCA_038733795.1,A/duck/Sichuan/NCXJ16/201,0.2992,0.2709,0.4232,0.2813,0.165,-0.081,0.377,52.67,0.422,0.444,4013,4244,-0.413502,0.078464,H5N6,Avian
2152,A/duck/Sichuan/NCXN10/2014_H5N1|GCA_038733835.1,A/duck/Sichuan/NCXN10/201,0.3131,0.2659,0.4141,0.2793,0.167,-0.081,0.376,52.77,0.418,0.443,3996,4223,-0.403718,0.081222,H5N1,Avian
2153,A/duck/Sichuan/NCXN11/2014_H5N1|GCA_038733045.1,A/duck/Sichuan/NCXN11/201,0.3129,0.2666,0.4119,0.2805,0.166,-0.082,0.375,52.89,0.419,0.443,3995,4223,-0.403292,0.080985,H5N1,Avian
2154,A/duck/Sichuan/SC4822/2021_H5N6|GCA_039232765.1,A/duck/Sichuan/SC4822/202,0.2903,0.2742,0.4352,0.2699,0.165,-0.078,0.377,51.99,0.418,0.444,4010,4238,-0.411491,0.078103,H5N6,Avian
2155,A/duck/Sichuan/SC5698/2021_H5N6|GCA_039232175.1,A/duck/Sichuan/SC5698/202,0.2893,0.2753,0.4352,0.2701,0.165,-0.078,0.377,52.02,0.419,0.445,4010,4238,-0.411963,0.078103,H5N6,Avian
2156,A/duck/Taichung/15010400-1/2015_H5N2|GCA_038770025.1,A/duck/Taichung/15010400-,0.2984,0.2812,0.4153,0.2762,0.168,-0.081,0.376,51.97,0.429,0.445,4023,4254,-0.404513,0.08063,H5N2,Avian
2157,A/duck/Tainan/15010403/2015_H5N8|GCA_038769785.1,A/duck/Tainan/15010403/20,0.3045,0.2704,0.4165,0.277,0.168,-0.084,0.374,52.45,0.422,0.445,4030,4262,-0.402112,0.081183,H5N8,Avian
2158,A/duck/Tainan/16010020-1/2016_H5N2|GCA_038810375.1,A/duck/Tainan/16010020-1/,0.2998,0.2817,0.4139,0.2749,0.169,-0.076,0.379,52.13,0.428,0.446,4023,4254,-0.402116,0.080395,H5N2,Avian
2159,A/duck/Tainan/16WB3443-156-160/2016_H5N3|GCA_040484015.1,A/duck/Tainan/16WB3443-15,0.3019,0.281,0.405,0.2863,0.17,-0.07,0.383,53.07,0.435,0.449,4021,4251,-0.413409,0.081157,Others,Avian
2160,A/duck/Taipei/05WB830-1-5-E2/2005_H5N2|GCA_040484025.1,A/duck/Taipei/05WB830-1-5,0.3051,0.28,0.4055,0.2821,0.166,-0.085,0.374,52.93,0.431,0.447,4020,4251,-0.411903,0.081393,H5N2,Avian
2161,A/duck/Taipei/18WB0120-1-5-E1/2018_H5N3|GCA_040484915.1,A/duck/Taipei/18WB0120-1-,0.2966,0.2809,0.412,0.2836,0.17,-0.072,0.382,52.94,0.433,0.448,4024,4251,-0.413785,0.080922,Others,Avian
2162,A/duck/Taipei/19WB0235-14-16/2019_H5N3|GCA_040485735.1,A/duck/Taipei/19WB0235-14,0.3008,0.2824,0.4169,0.2724,0.165,-0.084,0.375,52.81,0.426,0.446,4021,4251,-0.413832,0.081157,Others,Avian
2163,A/duck/Taiwan/01006/2015_H5N2|GCA_038768845.1,A/duck/Taiwan/01006/2015_,0.2994,0.2807,0.4132,0.2771,0.167,-0.081,0.376,52.1,0.429,0.446,4023,4254,-0.405501,0.080395,H5N2,Avian
2164,A/duck/Taiwan/11213/2013_H5N2|GCA_038692945.1,A/duck/Taiwan/11213/2013_,0.3058,0.2736,0.4119,0.2809,0.167,-0.085,0.375,52.35,0.426,0.445,4008,4244,-0.415811,0.081291,H5N2,Avian
2165,A/duck/Taiwan/11254/2013_H5N2|GCA_038693795.1,A/duck/Taiwan/11254/2013_,0.3065,0.2733,0.4116,0.2813,0.167,-0.084,0.375,52.31,0.425,0.445,4008,4244,-0.416682,0.081291,H5N2,Avian
2166,A/duck/Taiwan/A3400/2015_H5N8|GCA_038773885.1,A/duck/Taiwan/A3400/2015_,0.3099,0.2645,0.4073,0.2873,0.165,-0.091,0.369,52.54,0.424,0.445,4024,4256,-0.402749,0.081297,H5N8,Avian
2167,A/duck/Taiwan/DV1238/2009_H5N2|GCA_038504495.1,A/duck/Taiwan/DV1238/2009,0.3072,0.2748,0.4085,0.2816,0.166,-0.089,0.372,52.76,0.427,0.446,4012,4245,-0.413805,0.081037,H5N2,Avian
2168,A/duck/Taiwan/DV1241/2009_H5N2|GCA_038504955.1,A/duck/Taiwan/DV1241/2009,0.3071,0.2746,0.4083,0.2819,0.166,-0.089,0.372,52.82,0.427,0.446,4013,4245,-0.414134,0.081037,H5N2,Avian
2169,A/duck/Taiwan/DV1242/2009_H5N2|GCA_038504515.1,A/duck/Taiwan/DV1242/2009,0.3071,0.2746,0.4087,0.2816,0.166,-0.089,0.372,52.76,0.427,0.446,4013,4245,-0.412556,0.081037,H5N2,Avian
2170,A/duck/Taoyuan/16010023-1/2016_H5N2|GCA_038810555.1,A/duck/Taoyuan/16010023-1,0.3011,0.2791,0.4156,0.2747,0.167,-0.079,0.378,52.13,0.426,0.444,4022,4254,-0.400682,0.080395,H5N2,Avian
2171,A/duck/Wenzhou/YJYF33/2015_H5N1|GCA_038765865.1,A/duck/Wenzhou/YJYF33/201,0.3002,0.2715,0.4041,0.2979,0.164,-0.089,0.372,52.93,0.436,0.447,3990,4223,-0.410798,0.082169,H5N1,Avian
2172,A/duck/Wuhan/JXYFB22/2015_H5N6|GCA_038765885.1,A/duck/Wuhan/JXYFB22/2015,0.3016,0.2666,0.4215,0.283,0.163,-0.091,0.37,52.31,0.421,0.444,4001,4233,-0.412119,0.07914,H5N6,Avian
2173,A/duck/Wuhan/WHYF02/2015_H5N6|GCA_038766715.1,A/duck/Wuhan/WHYF02/2015_,0.3019,0.2657,0.4229,0.2826,0.162,-0.094,0.368,52.37,0.42,0.444,4000,4233,-0.419962,0.078904,H5N6,Avian
2174,A/duck/Xinjiang/12.18_WLMQXL001-C/2016_H5N8|GCA_054191505.1,A/duck/Xinjiang/12.18_WLM,0.3032,0.2709,0.4138,0.2805,0.169,-0.067,0.383,53,0.425,0.446,4026,4255,-0.395723,0.081551,H5N8,Avian
2175,A/duck/Yilan/17A0092/2017_H5N2|GCA_038956825.1,A/duck/Yilan/17A0092/2017,0.2994,0.2786,0.4128,0.2796,0.167,-0.081,0.376,51.93,0.429,0.445,4024,4254,-0.403808,0.08016,H5N2,Avian
2176,A/duck/Yunlin/15010244-1/2015_H5N2|GCA_038769735.1,A/duck/Yunlin/15010244-1/,0.2992,0.2808,0.4151,0.2759,0.167,-0.081,0.376,51.93,0.428,0.445,4023,4254,-0.405336,0.080395,H5N2,Avian
2177,A/duck/Yunlin/15010277/2015_H5N8|GCA_038770295.1,A/duck/Yunlin/15010277/20,0.307,0.268,0.4249,0.2679,0.168,-0.086,0.373,52.17,0.413,0.441,4032,4263,-0.399977,0.081163,H5N8,Avian
2178,A/duck/Yunlin/15010310-4/2015_H5N2|GCA_038769545.1,A/duck/Yunlin/15010310-4/,0.2985,0.2816,0.4146,0.2765,0.168,-0.079,0.377,52,0.429,0.445,4023,4254,-0.405313,0.080395,H5N2,Avian
2179,A/duck/Yunlin/15010318-2/2015_H5N2|GCA_038770375.1,A/duck/Yunlin/15010318-2/,0.2991,0.2804,0.4145,0.2771,0.168,-0.08,0.377,51.92,0.429,0.445,4023,4254,-0.407381,0.080395,H5N2,Avian
2180,A/duck/Yunlin/15010369-1/2015_H5N2|GCA_038770795.1,A/duck/Yunlin/15010369-1/,0.2981,0.2818,0.4146,0.2764,0.168,-0.079,0.377,51.98,0.429,0.446,4023,4254,-0.40543,0.080395,H5N2,Avian
2181,A/duck/Yunlin/15010458-1/2015_H5N8|GCA_038771035.1,A/duck/Yunlin/15010458-1/,0.3074,0.2678,0.4251,0.2675,0.169,-0.087,0.372,52.12,0.412,0.441,4032,4263,-0.398616,0.081163,H5N8,Avian
2182,A/duck/Yunlin/15070002-2/2015_H5N2|GCA_038784565.1,A/duck/Yunlin/15070002-2/,0.2991,0.2816,0.4136,0.276,0.168,-0.078,0.378,51.95,0.429,0.446,4023,4254,-0.401222,0.080395,H5N2,Avian
2183,A/duck/Yunlin/15A5019/2015_H5N2|GCA_038798835.1,A/duck/Yunlin/15A5019/201,0.2995,0.2811,0.4144,0.2754,0.168,-0.079,0.378,51.91,0.428,0.445,4023,4254,-0.40134,0.080395,H5N2,Avian
2184,A/duck/Yunlin/17110001/2017_H5N2|GCA_038988565.1,A/duck/Yunlin/17110001/20,0.2994,0.2777,0.4148,0.2792,0.168,-0.077,0.378,52.03,0.428,0.445,4023,4254,-0.401857,0.080395,H5N2,Avian
2185,A/duck/Yunlin/17A0086/2017_H5N2|GCA_038956915.1,A/duck/Yunlin/17A0086/201,0.2998,0.279,0.4123,0.2797,0.167,-0.082,0.375,51.99,0.43,0.445,4023,4254,-0.405524,0.08063,H5N2,Avian
2186,A/duck/Yunlin/17A0686/2017_H5N2|GCA_038976265.1,A/duck/Yunlin/17A0686/201,0.2976,0.2807,0.4121,0.2809,0.167,-0.082,0.375,52,0.432,0.446,4024,4254,-0.403573,0.080395,H5N2,Avian
2187,A/duck/Yunlin/18060007-3/2018_H5N2|GCA_039077835.1,A/duck/Yunlin/18060007-3/,0.2986,0.2784,0.4165,0.2772,0.167,-0.078,0.378,52.16,0.427,0.445,4023,4254,-0.404631,0.08016,H5N2,Avian
2188,A/duck/Yunlin/18X00007-3/2018_H5N2|GCA_039075115.1,A/duck/Yunlin/18X00007-3/,0.3056,0.2745,0.4174,0.2735,0.169,-0.079,0.376,52.28,0.421,0.443,4024,4254,-0.401669,0.080395,H5N2,Avian
2189,A/duck/Yunnan/4072/2003_H5N1|GCA_038206845.1,A/duck/Yunnan/4072/2003_H,0.3109,0.2706,0.4085,0.2815,0.172,-0.076,0.38,53.03,0.424,0.445,3992,4223,-0.411011,0.081459,H5N1,Avian
2190,A/duck/Yunnan/426/2004_H5N1|GCA_038224975.1,A/duck/Yunnan/426/2004_H5,0.3122,0.2685,0.4094,0.2812,0.172,-0.075,0.38,52.97,0.422,0.445,3992,4223,-0.410751,0.081459,H5N1,Avian
2191,A/duck/Yunnan/4645/2003_H5N1|GCA_038207615.1,A/duck/Yunnan/4645/2003_H,0.3103,0.2706,0.4084,0.2822,0.172,-0.076,0.38,53.02,0.424,0.446,3991,4223,-0.414019,0.081695,H5N1,Avian
2192,A/duck/Yunnan/47/2006_H5N1|GCA_038265795.1,A/duck/Yunnan/47/2006_H5N,0.3076,0.2724,0.4115,0.2808,0.172,-0.066,0.385,52.99,0.424,0.445,3992,4224,-0.409351,0.081913,H5N1,Avian
2193,A/duck/Yunnan/485/2004_H5N1|GCA_038225705.1,A/duck/Yunnan/485/2004_H5,0.3127,0.268,0.4096,0.2812,0.171,-0.076,0.38,53.03,0.422,0.445,3992,4223,-0.409164,0.081695,H5N1,Avian
2194,A/duck/Yunnan/4873/2006_H5N1|GCA_038265225.1,A/duck/Yunnan/4873/2006_H,0.3073,0.2716,0.4141,0.2795,0.171,-0.073,0.381,52.82,0.422,0.444,3991,4223,-0.405304,0.081459,H5N1,Avian
2195,A/duck/Yunnan/5090/2003_H5N1|GCA_038206865.1,A/duck/Yunnan/5090/2003_H,0.3111,0.2707,0.4095,0.2803,0.172,-0.074,0.381,53.03,0.423,0.445,3990,4223,-0.411343,0.081695,H5N1,Avian
2196,A/duck/Yunnan/5169/2003_H5N1|GCA_038207655.1,A/duck/Yunnan/5169/2003_H,0.311,0.2706,0.4094,0.2805,0.172,-0.075,0.381,53.05,0.423,0.445,3991,4223,-0.411958,0.081695,H5N1,Avian
2197,A/duck/Yunnan/522/2004_H5N1|GCA_038225055.1,A/duck/Yunnan/522/2004_H5,0.3125,0.2685,0.4094,0.2809,0.172,-0.073,0.381,53.03,0.422,0.445,3992,4223,-0.410751,0.081459,H5N1,Avian
2198,A/duck/Yunnan/5310/2006_H5N1|GCA_038265665.1,A/duck/Yunnan/5310/2006_H,0.3085,0.2707,0.4106,0.2822,0.171,-0.072,0.381,52.9,0.424,0.444,3994,4223,-0.410443,0.081695,H5N1,Avian
2199,A/duck/Yunnan/5948/2003_H5N1|GCA_038206905.1,A/duck/Yunnan/5948/2003_H,0.3114,0.2699,0.4096,0.2804,0.172,-0.075,0.38,53.01,0.423,0.445,3992,4223,-0.411579,0.081695,H5N1,Avian
2200,A/duck/Yunnan/6080/2003_H5N1|GCA_038207675.1,A/duck/Yunnan/6080/2003_H,0.3112,0.2691,0.4101,0.2808,0.171,-0.077,0.379,53.01,0.422,0.445,3993,4223,-0.409827,0.081695,H5N1,Avian
2201,A/duck/Yunnan/6603/2003_H5N1|GCA_038207005.1,A/duck/Yunnan/6603/2003_H,0.3111,0.2689,0.4113,0.2801,0.172,-0.076,0.38,52.96,0.422,0.445,3992,4223,-0.411982,0.081695,H5N1,Avian
2202,A/duck/Zhejiang/1026109/2015_H5N2|GCA_038797245.1,A/duck/Zhejiang/1026109/2,0.307,0.2717,0.4267,0.2646,0.173,-0.067,0.384,51.87,0.413,0.441,4019,4248,-0.409628,0.080979,H5N2,Avian
2203,A/duck/Zhejiang/1220092/2014_H5N1|GCA_038762415.1,A/duck/Zhejiang/1220092/2,0.3062,0.2683,0.4163,0.2807,0.164,-0.089,0.372,52.6,0.421,0.444,3986,4223,-0.414871,0.081459,H5N1,Avian
2204,A/duck/Zhejiang/213/2011_H5N1|GCA_038608435.1,A/duck/Zhejiang/213/2011_,0.3072,0.2675,0.42,0.2777,0.168,-0.078,0.378,52.64,0.418,0.443,3992,4224,-0.406321,0.081439,H5N1,Avian
2205,A/duck/Zhejiang/224/2011_H5N1|GCA_038608795.1,A/duck/Zhejiang/224/2011_,0.3107,0.265,0.4177,0.2787,0.168,-0.078,0.378,52.76,0.417,0.442,3994,4224,-0.404924,0.081676,H5N1,Avian
2206,A/duck/Zhejiang/2242/2011_H5N1|GCA_038608455.1,A/duck/Zhejiang/2242/2011,0.3106,0.2648,0.4174,0.2795,0.168,-0.08,0.377,52.78,0.417,0.442,3995,4224,-0.406392,0.081439,H5N1,Avian
2207,A/duck/Zhejiang/2243/2011_H5N1|GCA_038608815.1,A/duck/Zhejiang/2243/2011,0.3099,0.2654,0.4175,0.2793,0.168,-0.079,0.378,52.75,0.417,0.442,3994,4224,-0.403812,0.081676,H5N1,Avian
2208,A/duck/Zhejiang/2244/2011_H5N1|GCA_038608475.1,A/duck/Zhejiang/2244/2011,0.3104,0.2653,0.4173,0.2793,0.168,-0.079,0.378,52.79,0.417,0.443,3993,4224,-0.406723,0.081676,H5N1,Avian
2209,A/duck/Zhejiang/2245/2011_H5N1|GCA_038608835.1,A/duck/Zhejiang/2245/2011,0.3031,0.274,0.4126,0.282,0.172,-0.069,0.384,52.61,0.427,0.446,4017,4249,-0.40579,0.082843,H5N1,Avian
2210,A/duck/Zhejiang/2248/2011_H5N1|GCA_038608495.1,A/duck/Zhejiang/2248/2011,0.3101,0.2653,0.4178,0.2794,0.168,-0.079,0.377,52.75,0.417,0.442,3994,4224,-0.404711,0.081913,H5N1,Avian
2211,A/duck/Zhejiang/6D18/2013_H5N8|GCA_038706315.1,A/duck/Zhejiang/6D18/2013,0.311,0.2632,0.4157,0.2785,0.167,-0.081,0.375,52.95,0.417,0.444,4020,4249,-0.399247,0.082137,H5N8,Avian
2212,A/duck/Zhejiang/6D2/2013_H5N6|GCA_038707195.1,A/duck/Zhejiang/6D2/2013_,0.3011,0.2697,0.4259,0.2771,0.164,-0.087,0.373,52.7,0.419,0.443,4013,4244,-0.41713,0.078464,H5N6,Avian
2213,A/duck/Zhejiang/6DK19/2013_H5N2|GCA_038705225.1,A/duck/Zhejiang/6DK19/201,0.3124,0.2684,0.4203,0.2719,0.168,-0.074,0.38,52.63,0.414,0.44,4016,4244,-0.409025,0.080113,H5N2,Avian
2214,A/duck/Zhejiang/727041/2014_H5N2|GCA_038740185.1,A/duck/Zhejiang/727041/20,0.3191,0.2621,0.414,0.2763,0.166,-0.086,0.373,52.84,0.413,0.442,4012,4243,-0.411101,0.080839,H5N2,Avian
2215,A/duck/Zhejiang/727158/2014_H5N6|GCA_038740225.1,A/duck/Zhejiang/727158/20,0.2994,0.2663,0.4251,0.2829,0.162,-0.094,0.368,52.31,0.42,0.444,4004,4233,-0.4103,0.079613,H5N6,Avian
2216,A/duck/Zhejiang/77138/2014_H5N2|GCA_038739435.1,A/duck/Zhejiang/77138/201,0.3156,0.2632,0.4192,0.2736,0.165,-0.085,0.374,52.72,0.411,0.441,4015,4243,-0.404077,0.080132,H5N2,Avian
2217,A/duck/Zhejiang/925019/2014_H5N8|GCA_038748265.1,A/duck/Zhejiang/925019/20,0.3103,0.263,0.4136,0.2822,0.166,-0.082,0.375,52.95,0.419,0.445,4020,4249,-0.404542,0.082372,H5N8,Avian
2218,A/duck/Zhejiang/925169/2014_H5N8|GCA_038747215.1,A/duck/Zhejiang/925169/20,0.3115,0.2627,0.4133,0.2813,0.167,-0.083,0.374,52.85,0.419,0.444,4020,4249,-0.401365,0.082372,H5N8,Avian
2219,A/duck/Zhejiang/W24/2013_H5N8|GCA_038703555.1,A/duck/Zhejiang/W24/2013_,0.3119,0.2624,0.4159,0.279,0.168,-0.082,0.374,52.84,0.417,0.443,4019,4249,-0.399388,0.081902,H5N8,Avian
2220,A/egret/Zhejiang/W15/2017_H5N6|GCA_038995395.1,A/egret/Zhejiang/W15/2017,0.2995,0.2638,0.4362,0.2723,0.165,-0.086,0.373,51.75,0.411,0.441,3999,4233,-0.415615,0.07914,H5N6,Avian
2221,A/egret/Zhejiang/W18/2017_H5N6|GCA_038990475.1,A/egret/Zhejiang/W18/2017,0.2835,0.2813,0.4188,0.2894,0.168,-0.068,0.383,51.92,0.438,0.451,3999,4232,-0.416352,0.078922,H5N6,Avian
2222,A/equine/China/61/2010_H5N1|GCA_038578875.1,A/equine/China/61/2010_H5,0.3069,0.2721,0.4149,0.2784,0.171,-0.072,0.382,52.9,0.422,0.444,3992,4223,-0.40978,0.081695,H5N1,Nonhuman Mammal
2223,A/equine/China/67/2010_H5N1|GCA_038579415.1,A/equine/China/67/2010_H5,0.3062,0.2723,0.4143,0.2789,0.17,-0.07,0.383,52.9,0.423,0.445,3992,4223,-0.407435,0.081695,H5N1,Nonhuman Mammal
2224,A/equine/China/68/2010_H5N1|GCA_038578895.1,A/equine/China/68/2010_H5,0.3083,0.2704,0.4147,0.2784,0.17,-0.074,0.381,52.83,0.421,0.444,3991,4223,-0.410324,0.081459,H5N1,Nonhuman Mammal
2225,A/eurasian_coot/Shandong/W5611/2020_H5N8|GCA_039228605.1,A/eurasian_coot/Shandong/,0.3049,0.2703,0.4063,0.287,0.166,-0.075,0.379,53.07,0.429,0.448,4005,4236,-0.396766,0.081681,H5N8,Avian
2226,A/eurasian_coot/Shandong/W6137/2020_H5N8|GCA_039229355.1,A/eurasian_coot/Shandong/,0.3046,0.2706,0.406,0.2874,0.166,-0.075,0.379,53.07,0.429,0.448,4005,4236,-0.395515,0.081681,H5N8,Avian
2227,A/eurasian_coot/Shandong/W6143/2020_H5N8|GCA_039228625.1,A/eurasian_coot/Shandong/,0.3043,0.2709,0.4065,0.2867,0.166,-0.074,0.379,53.07,0.429,0.448,4005,4236,-0.396341,0.081445,H5N8,Avian
2228,A/eurasian_coot/Shandong/W6150/2020_H5N8|GCA_039229375.1,A/eurasian_coot/Shandong/,0.3049,0.2703,0.4063,0.287,0.166,-0.075,0.379,53.07,0.429,0.448,4005,4236,-0.396766,0.081681,H5N8,Avian
2229,A/feline/Guangdong/2/2015_H5N6|GCA_038769285.1,A/feline/Guangdong/2/2015,0.2937,0.2702,0.4303,0.2778,0.164,-0.085,0.373,51.61,0.421,0.445,4000,4233,-0.42138,0.078904,H5N6,Nonhuman Mammal
2230,A/gadwall/Ningxia/YG61/2017_H5N6|GCA_038981945.1,A/gadwall/Ningxia/YG61/20,0.2917,0.2802,0.4135,0.285,0.168,-0.075,0.379,52.66,0.435,0.45,4003,4233,-0.40867,0.079849,H5N6,Avian
2231,A/goose/Changhua/15040008/2015_H5N2|GCA_038777225.1,A/goose/Changhua/15040008,0.2995,0.2808,0.4145,0.2759,0.167,-0.08,0.377,51.96,0.428,0.445,4024,4254,-0.406041,0.080395,H5N2,Avian
2232,A/goose/Chiayi/15010008-3/2015_H5N2|GCA_038768115.1,A/goose/Chiayi/15010008-3,0.2984,0.2812,0.4145,0.2767,0.167,-0.081,0.376,51.99,0.429,0.446,4023,4254,-0.404631,0.080395,H5N2,Avian
2233,A/goose/Chiayi/15010016-1/2015_H5N2|GCA_038768865.1,A/goose/Chiayi/15010016-1,0.2993,0.2812,0.4129,0.2773,0.168,-0.081,0.376,52.02,0.43,0.446,4023,4254,-0.404795,0.080395,H5N2,Avian
2234,A/goose/Chiayi/15020022/2015_H5N8|GCA_038771855.1,A/goose/Chiayi/15020022/2,0.3068,0.2684,0.4252,0.2676,0.169,-0.085,0.373,52.12,0.413,0.441,4032,4263,-0.399836,0.081163,H5N8,Avian
2235,A/goose/Chiayi/16010017-2/2016_H5N2|GCA_038809735.1,A/goose/Chiayi/16010017-2,0.2999,0.2818,0.4134,0.275,0.169,-0.075,0.38,52.13,0.429,0.446,4023,4254,-0.401998,0.080395,H5N2,Avian
2236,A/goose/Chiayi/16040003-1/2016_H5N2|GCA_038842625.1,A/goose/Chiayi/16040003-1,0.3007,0.2811,0.4153,0.274,0.168,-0.079,0.377,52.1,0.427,0.445,4023,4254,-0.401199,0.080395,H5N2,Avian
2237,A/goose/Chiayi/16040005/2016_H5N2|GCA_038844265.1,A/goose/Chiayi/16040005/2,0.3007,0.2811,0.4148,0.2748,0.168,-0.079,0.377,52.09,0.427,0.445,4023,4254,-0.401646,0.080395,H5N2,Avian
2238,A/goose/Chiayi/17020027-1/2017_H5N2|GCA_038954895.1,A/goose/Chiayi/17020027-1,0.298,0.2787,0.4141,0.2796,0.167,-0.08,0.376,51.88,0.429,0.445,4024,4254,-0.396874,0.080395,H5N2,Avian
2239,A/goose/Chiayi/17040014/2017_H5N2|GCA_038966165.1,A/goose/Chiayi/17040014/2,0.3003,0.2798,0.412,0.2801,0.166,-0.082,0.376,51.87,0.43,0.445,4020,4254,-0.404396,0.080865,H5N2,Avian
2240,A/goose/Chiayi/18010006/2018_H5N2|GCA_039004975.1,A/goose/Chiayi/18010006/2,0.2992,0.2787,0.4147,0.2792,0.167,-0.078,0.377,52.01,0.429,0.444,4022,4254,-0.403503,0.080865,H5N2,Avian
2241,A/goose/Chiayi/18020014-1/2018_H5N2|GCA_039050395.1,A/goose/Chiayi/18020014-1,0.2997,0.2783,0.4149,0.2781,0.167,-0.08,0.376,52.04,0.428,0.445,4023,4254,-0.400846,0.080395,H5N2,Avian
2242,A/goose/Chiayi/18020014-2/2018_H5N2|GCA_039051145.1,A/goose/Chiayi/18020014-2,0.2997,0.2783,0.4149,0.2781,0.167,-0.08,0.376,52.04,0.428,0.445,4023,4254,-0.400258,0.080395,H5N2,Avian
2243,A/goose/China/0701/2018_H5N6|GCA_039079155.1,A/goose/China/0701/2018_H,0.2973,0.2678,0.4284,0.2769,0.164,-0.089,0.371,52.04,0.418,0.445,4003,4232,-0.408767,0.078922,H5N6,Avian
2244,A/goose/China/1/2021_H5N8|GCA_039229645.1,A/goose/China/1/2021_H5N8,0.3035,0.2714,0.4061,0.287,0.166,-0.076,0.378,52.97,0.43,0.449,4007,4236,-0.396978,0.082153,H5N8,Avian
2245,A/goose/China/1106/2016_H5N2|GCA_038814825.1,A/goose/China/1106/2016_H,0.3078,0.2694,0.4271,0.2653,0.171,-0.074,0.38,51.93,0.412,0.44,4016,4248,-0.40944,0.081215,H5N2,Avian
2246,A/goose/China/E43/2012_H5N1|GCA_038647645.1,A/goose/China/E43/2012_H5,0.3121,0.2641,0.4146,0.2808,0.167,-0.083,0.375,52.76,0.418,0.443,3996,4224,-0.408144,0.081913,H5N1,Avian
2247,A/goose/China/M14/2016_H5N6|GCA_048666285.1,A/goose/China/M14/2016_H5,0.2858,0.2751,0.4291,0.2814,0.165,-0.082,0.374,51.56,0.428,0.446,3996,4224,-0.410251,0.079072,H5N6,Avian
2248,A/goose/Eastern_China/1112/2011_H5N2|GCA_038605825.1,A/goose/Eastern_China/111,0.3031,0.274,0.4227,0.2703,0.171,-0.073,0.381,52.47,0.419,0.443,4016,4249,-0.404895,0.080725,H5N2,Avian
2249,A/goose/Eastern_China/223/2008_H5N1|GCA_038476145.1,A/goose/Eastern_China/223,0.298,0.2837,0.412,0.2776,0.173,-0.064,0.387,52.87,0.432,0.446,3989,4223,-0.408809,0.081222,H5N1,Avian
2250,A/goose/Eastern_China/CZ/2013_H5N8|GCA_038704145.1,A/goose/Eastern_China/CZ/,0.3125,0.263,0.4138,0.2796,0.168,-0.081,0.375,52.82,0.418,0.443,4018,4249,-0.402095,0.082137,H5N8,Avian
2251,A/goose/Eastern_China/L1204/2012_H5N8|GCA_038661065.1,A/goose/Eastern_China/L12,0.3076,0.2679,0.4226,0.2705,0.17,-0.078,0.377,52.45,0.415,0.443,4013,4245,-0.403015,0.082214,H5N8,Avian
2252,A/goose/Eastern_China/L1214/2012_H5N8|GCA_038661495.1,A/goose/Eastern_China/L12,0.3138,0.2596,0.4259,0.2685,0.166,-0.086,0.373,52.31,0.407,0.441,4014,4250,-0.402424,0.081882,H5N8,Avian
2253,A/goose/Eastern_China/S0408/2014_H5N8|GCA_038731965.1,A/goose/Eastern_China/S04,0.3123,0.2633,0.416,0.2772,0.167,-0.082,0.375,53.01,0.416,0.443,4021,4250,-0.4008,0.081882,H5N8,Avian
2254,A/goose/Eastern_China/S0513/2013_H5N6|GCA_038688245.1,A/goose/Eastern_China/S05,0.2991,0.2674,0.4292,0.2759,0.164,-0.087,0.372,52.08,0.417,0.444,4005,4235,-0.414451,0.079103,H5N6,Avian
2255,A/goose/Fujian/10.11_FZHX1001-C/2016_H5N6|GCA_038913145.1,A/goose/Fujian/10.11_FZHX,0.2946,0.2675,0.4381,0.2704,0.165,-0.088,0.372,51.63,0.414,0.443,3998,4232,-0.421314,0.079159,H5N6,Avian
2256,A/goose/Fujian/10.26_FZHX0002-C/2017_H5N6|GCA_038982945.1,A/goose/Fujian/10.26_FZHX,0.2958,0.2687,0.4307,0.2762,0.165,-0.081,0.376,51.82,0.418,0.444,4000,4232,-0.420983,0.078922,H5N6,Avian
2257,A/goose/Fujian/10.26_FZHX0002-O/2017_H5N6|GCA_054192245.1,A/goose/Fujian/10.26_FZHX,0.2958,0.2687,0.4307,0.2762,0.165,-0.081,0.376,51.82,0.418,0.444,4000,4232,-0.421479,0.078922,H5N6,Avian
2258,A/goose/Fujian/10.26_FZHX0004-C/2017_H5N6|GCA_054192255.1,A/goose/Fujian/10.26_FZHX,0.2962,0.2684,0.4315,0.2753,0.165,-0.08,0.377,51.8,0.418,0.444,3999,4232,-0.421456,0.078922,H5N6,Avian
2259,A/goose/Fujian/10.26_FZHX0004-O/2017_H5N6|GCA_038982965.1,A/goose/Fujian/10.26_FZHX,0.2964,0.268,0.4318,0.2749,0.165,-0.079,0.377,51.8,0.417,0.443,4000,4232,-0.4207,0.078686,H5N6,Avian
2260,A/goose/Fujian/10.26_FZHX0006-C/2017_H5N6|GCA_038987365.1,A/goose/Fujian/10.26_FZHX,0.2962,0.2684,0.4315,0.2753,0.165,-0.08,0.377,51.8,0.418,0.444,3999,4232,-0.421456,0.078922,H5N6,Avian
2261,A/goose/Fujian/10.26_FZHX0006-O/2017_H5N6|GCA_038982985.1,A/goose/Fujian/10.26_FZHX,0.2962,0.2684,0.4315,0.2753,0.165,-0.08,0.377,51.8,0.418,0.444,3999,4232,-0.421456,0.078922,H5N6,Avian
2262,A/goose/Fujian/10.26_FZHX0007-O/2017_H5N6|GCA_038987385.1,A/goose/Fujian/10.26_FZHX,0.2957,0.2686,0.4309,0.2761,0.165,-0.081,0.376,51.81,0.418,0.444,4001,4233,-0.421072,0.078904,H5N6,Avian
2263,A/goose/Fujian/10.26_FZHX0008-C/2017_H5N6|GCA_038983005.1,A/goose/Fujian/10.26_FZHX,0.2962,0.2684,0.4315,0.2753,0.165,-0.08,0.377,51.8,0.418,0.444,3999,4232,-0.421456,0.078922,H5N6,Avian
2264,A/goose/Fujian/10.26_FZHX0014-O/2017_H5N6|GCA_038983025.1,A/goose/Fujian/10.26_FZHX,0.2958,0.2687,0.4307,0.2762,0.165,-0.081,0.376,51.82,0.418,0.444,4000,4232,-0.420983,0.078922,H5N6,Avian
2265,A/goose/Fujian/11.3_FZHX1102-C/2016_H5N6|GCA_038920035.1,A/goose/Fujian/11.3_FZHX1,0.2939,0.268,0.4375,0.271,0.165,-0.086,0.373,51.57,0.415,0.443,3999,4233,-0.419324,0.078904,H5N6,Avian
2266,A/goose/Fujian/3.15_FZHX0001-O/2018_H5N6|GCA_039063525.1,A/goose/Fujian/3.15_FZHX0,0.2962,0.2678,0.4297,0.2767,0.164,-0.087,0.372,52.13,0.418,0.444,3990,4221,-0.412627,0.078654,H5N6,Avian
2267,A/goose/Fujian/3.15_FZHX0005-C/2018_H5N6|GCA_039064515.1,A/goose/Fujian/3.15_FZHX0,0.2965,0.2675,0.429,0.2774,0.164,-0.087,0.372,52.18,0.419,0.445,3990,4221,-0.411561,0.078654,H5N6,Avian
2268,A/goose/Fujian/3.15_FZHX0007-C/2018_H5N6|GCA_039064535.1,A/goose/Fujian/3.15_FZHX0,0.3007,0.2659,0.4254,0.2787,0.164,-0.085,0.373,52.22,0.418,0.444,3991,4221,-0.417366,0.078891,H5N6,Avian
2269,A/goose/Fujian/3.15_FZHX0008-C/2018_H5N6|GCA_039063625.1,A/goose/Fujian/3.15_FZHX0,0.299,0.2664,0.4293,0.2764,0.164,-0.086,0.373,52.13,0.417,0.444,4001,4232,-0.41224,0.078922,H5N6,Avian
2270,A/goose/Fujian/3.15_FZHX0010-O/2018_H5N6|GCA_039064635.1,A/goose/Fujian/3.15_FZHX0,0.2987,0.2676,0.4267,0.2777,0.163,-0.087,0.372,52.29,0.419,0.444,3993,4222,-0.414448,0.079109,H5N6,Avian
2271,A/goose/GuangDong/1189/2023_H5N1|GCA_041199045.1,A/goose/GuangDong/1189/20,0.3112,0.2663,0.4141,0.2793,0.167,-0.075,0.38,52.41,0.419,0.445,4004,4235,-0.409563,0.082881,H5N1,Avian
2272,A/goose/Guangdong/7.20_DGCP010-C/2017_H5N6|GCA_039015605.1,A/goose/Guangdong/7.20_DG,0.2961,0.2693,0.4295,0.2762,0.164,-0.085,0.373,52.14,0.419,0.445,4001,4232,-0.411508,0.078922,H5N6,Avian
2273,A/goose/Guangdong/72/2004_H5N1|GCA_038225495.1,A/goose/Guangdong/72/2004,0.3119,0.27,0.4084,0.2804,0.172,-0.077,0.379,53.27,0.423,0.446,3991,4224,-0.409683,0.081439,H5N1,Avian
2274,A/goose/Guangdong/QY01/2016_H5N6|GCA_038915705.1,A/goose/Guangdong/QY01/20,0.2972,0.2662,0.4303,0.2764,0.165,-0.084,0.374,51.9,0.417,0.445,3998,4232,-0.416044,0.078686,H5N6,Avian
2275,A/goose/Guangdong/k0103/2010_H5N5|GCA_038579115.1,A/goose/Guangdong/k0103/2,0.3018,0.2722,0.4282,0.2691,0.169,-0.084,0.374,52.21,0.416,0.442,4014,4247,-0.402425,0.080527,Others,Avian
2276,A/goose/Guangdong/s13124/2013_H5N8|GCA_038705655.1,A/goose/Guangdong/s13124/,0.3089,0.2664,0.4259,0.2684,0.17,-0.081,0.375,52.38,0.411,0.441,4015,4244,-0.394628,0.082234,H5N8,Avian
2277,A/goose/Hebei/HG12/2021_H5N8|GCA_039229515.1,A/goose/Hebei/HG12/2021_H,0.3026,0.2726,0.4059,0.287,0.166,-0.074,0.379,53.07,0.431,0.449,4011,4242,-0.394507,0.081565,H5N8,Avian
2278,A/goose/Henan/01.01_LYGL001-O/2017_H5N6|GCA_038941375.1,A/goose/Henan/01.01_LYGL0,0.2956,0.2678,0.4348,0.2724,0.165,-0.085,0.374,51.78,0.415,0.443,3996,4232,-0.415572,0.078922,H5N6,Avian
2279,A/goose/Hong_Kong/23/1978_H5N3|GCA_037928935.1,A/goose/Hong_Kong/23/1978,0.3018,0.2788,0.4104,0.283,0.168,-0.078,0.378,52.37,0.431,0.447,4024,4252,-0.417615,0.081373,Others,Avian
2280,A/goose/Hubei/65/2005_H5N1|GCA_038247805.1,A/goose/Hubei/65/2005_H5N,0.3087,0.2687,0.414,0.2807,0.17,-0.074,0.38,52.9,0.421,0.443,3994,4223,-0.411153,0.081459,H5N1,Avian
2281,A/goose/Inner_Mongolia/IM-192/2014_H5N1|GCA_038752275.1,A/goose/Inner_Mongolia/IM,0.3063,0.2763,0.403,0.2872,0.172,-0.065,0.386,52.87,0.432,0.447,4015,4248,-0.411464,0.082627,H5N1,Avian
2282,A/goose/Jiangsu/QD5/2014_H5N8|GCA_038723245.1,A/goose/Jiangsu/QD5/2014_,0.3114,0.2616,0.4182,0.2775,0.166,-0.086,0.372,52.77,0.415,0.443,4018,4249,-0.403554,0.082137,H5N8,Avian
2283,A/goose/Jiangsu/k0403/2010_H5N1|GCA_038580855.1,A/goose/Jiangsu/k0403/201,0.2989,0.2803,0.4121,0.2828,0.171,-0.064,0.386,53.05,0.432,0.445,3991,4223,-0.410159,0.081932,H5N1,Avian
2284,A/goose/Pingtung/15010007-4/2015_H5N2|GCA_038767775.1,A/goose/Pingtung/15010007,0.2996,0.2809,0.4132,0.2771,0.167,-0.082,0.376,51.99,0.429,0.445,4023,4254,-0.404725,0.080395,H5N2,Avian
2285,A/goose/Pingtung/15010037-1/2015_H5N2|GCA_038769025.1,A/goose/Pingtung/15010037,0.2996,0.2809,0.4129,0.2774,0.167,-0.081,0.376,52.02,0.429,0.446,4023,4254,-0.404725,0.080395,H5N2,Avian
2286,A/goose/Pingtung/15050014/2015_H5N8|GCA_038779905.1,A/goose/Pingtung/15050014,0.308,0.266,0.4085,0.287,0.165,-0.089,0.371,52.59,0.425,0.445,4024,4255,-0.402562,0.081081,H5N8,Avian
2287,A/goose/Pingtung/16010061/2016_H5N8|GCA_038813835.1,A/goose/Pingtung/16010061,0.3093,0.2642,0.4116,0.2837,0.164,-0.092,0.368,52.53,0.422,0.444,4023,4255,-0.403807,0.081081,H5N8,Avian
2288,A/goose/Shantou/1763/2014_H5N6|GCA_038724575.1,A/goose/Shantou/1763/2014,0.3006,0.2665,0.4232,0.2834,0.163,-0.092,0.369,52.26,0.421,0.444,4002,4233,-0.414741,0.078904,H5N6,Avian
2289,A/goose/Tainan/16040018-1/2016_H5N8|GCA_038847575.1,A/goose/Tainan/16040018-1,0.3093,0.264,0.4116,0.2838,0.164,-0.092,0.369,52.49,0.422,0.444,4023,4255,-0.402797,0.081316,H5N8,Avian
2290,A/goose/Tainan/16070002/2016_H5N8|GCA_038857185.1,A/goose/Tainan/16070002/2,0.3112,0.2619,0.4124,0.2829,0.163,-0.096,0.367,52.47,0.419,0.443,4024,4255,-0.402585,0.081081,H5N8,Avian
2291,A/goose/Tainan/17030022-1/2017_H5N2|GCA_038959535.1,A/goose/Tainan/17030022-1,0.2984,0.2794,0.4141,0.2786,0.167,-0.08,0.376,51.94,0.429,0.445,4024,4254,-0.402045,0.080395,H5N2,Avian
2292,A/goose/Tainan/17030024-1/2017_H5N2|GCA_038959415.1,A/goose/Tainan/17030024-1,0.2997,0.2786,0.4134,0.2784,0.167,-0.083,0.374,51.93,0.428,0.445,4022,4254,-0.401293,0.080395,H5N2,Avian
2293,A/goose/Tainan/18010022-1/2018_H5N2|GCA_039040535.1,A/goose/Tainan/18010022-1,0.2964,0.2816,0.4108,0.2818,0.168,-0.079,0.377,52.31,0.433,0.447,4022,4254,-0.400329,0.08016,H5N2,Avian
2294,A/goose/Tainan/18050014-1/2018_H5N2|GCA_039074285.1,A/goose/Tainan/18050014-1,0.2981,0.2788,0.4134,0.2813,0.167,-0.083,0.375,52.28,0.43,0.445,4025,4254,-0.401058,0.080395,H5N2,Avian
2295,A/goose/Taiwan/01019/2015_H5N8|GCA_038768275.1,A/goose/Taiwan/01019/2015,0.3036,0.2707,0.4157,0.2778,0.168,-0.085,0.373,52.47,0.423,0.446,4031,4262,-0.399859,0.081417,H5N8,Avian
2296,A/goose/Taiwan/01022/2015_H5N2|GCA_038768375.1,A/goose/Taiwan/01022/2015,0.298,0.282,0.4139,0.2762,0.168,-0.079,0.377,52.01,0.43,0.446,4023,4254,-0.40322,0.08016,H5N2,Avian
2297,A/goose/Taiwan/01023/2015_H5N2|GCA_038769125.1,A/goose/Taiwan/01023/2015,0.2991,0.2807,0.4132,0.2777,0.168,-0.081,0.376,51.97,0.429,0.446,4024,4254,-0.403926,0.080395,H5N2,Avian
2298,A/goose/Taiwan/01031/2015_H5N2|GCA_038769145.1,A/goose/Taiwan/01031/2015,0.2986,0.282,0.4131,0.277,0.168,-0.079,0.377,51.99,0.43,0.446,4024,4254,-0.402468,0.080395,H5N2,Avian
2299,A/goose/Taiwan/01038/2015_H5N3|GCA_038768415.1,A/goose/Taiwan/01038/2015,0.3037,0.273,0.4099,0.2856,0.165,-0.085,0.374,53.11,0.429,0.445,4031,4261,-0.415701,0.080263,Others,Avian
2300,A/goose/Taiwan/01039/2015_H5N8|GCA_038769165.1,A/goose/Taiwan/01039/2015,0.3059,0.2684,0.4247,0.2688,0.168,-0.085,0.373,52.14,0.414,0.442,4032,4263,-0.40258,0.080694,H5N8,Avian
2301,A/goose/Taiwan/01040/2015_H5N2|GCA_038768435.1,A/goose/Taiwan/01040/2015,0.298,0.2817,0.4146,0.2763,0.167,-0.082,0.376,51.91,0.429,0.446,4023,4254,-0.40811,0.080395,H5N2,Avian
2302,A/goose/Taiwan/TNC1/2015_H5N8|GCA_038769095.1,A/goose/Taiwan/TNC1/2015_,0.3073,0.2671,0.4251,0.2686,0.168,-0.088,0.372,52.08,0.413,0.441,4026,4257,-0.403665,0.081278,H5N8,Avian
2303,A/goose/Taiwan/TNC10/2015_H5N8|GCA_038769835.1,A/goose/Taiwan/TNC10/2015,0.3076,0.2668,0.4251,0.2686,0.168,-0.088,0.371,52.07,0.412,0.441,4026,4257,-0.402396,0.081278,H5N8,Avian
2304,A/goose/Taiwan/TNC11/2015_H5N8|GCA_038769115.1,A/goose/Taiwan/TNC11/2015,0.3044,0.27,0.4177,0.2761,0.168,-0.084,0.374,52.44,0.421,0.445,4024,4256,-0.404018,0.081297,H5N8,Avian
2305,A/goose/Taiwan/TNC12/2015_H5N8|GCA_038769855.1,A/goose/Taiwan/TNC12/2015,0.3073,0.2671,0.4251,0.2686,0.168,-0.088,0.372,52.08,0.413,0.441,4026,4257,-0.402396,0.081278,H5N8,Avian
2306,A/goose/Taiwan/TNC14/2015_H5N8|GCA_038769875.1,A/goose/Taiwan/TNC14/2015,0.3073,0.2671,0.4251,0.2686,0.168,-0.088,0.371,52.09,0.413,0.441,4026,4257,-0.402396,0.081278,H5N8,Avian
2307,A/goose/Taiwan/TNC3/2015_H5N8|GCA_038769895.1,A/goose/Taiwan/TNC3/2015_,0.3074,0.2672,0.4245,0.2692,0.168,-0.087,0.372,52.11,0.413,0.441,4026,4257,-0.402326,0.081278,H5N8,Avian
2308,A/goose/Taiwan/TNC7/2015_H5N8|GCA_038769935.1,A/goose/Taiwan/TNC7/2015_,0.3076,0.2668,0.4251,0.2686,0.168,-0.088,0.371,52.07,0.412,0.441,4026,4257,-0.402396,0.081278,H5N8,Avian
2309,A/goose/Taiwan/TNC9/2015_H5N8|GCA_038769955.1,A/goose/Taiwan/TNC9/2015_,0.3074,0.2672,0.4245,0.2692,0.168,-0.087,0.372,52.1,0.413,0.441,4026,4257,-0.402326,0.081278,H5N8,Avian
2310,A/goose/Taiwan/TNO15/2015_H5N8|GCA_038769295.1,A/goose/Taiwan/TNO15/2015,0.3041,0.2703,0.4169,0.2766,0.168,-0.085,0.373,52.44,0.421,0.446,4024,4256,-0.403783,0.081062,H5N8,Avian
2311,A/goose/Taiwan/TNO3/2015_H5N8|GCA_038770095.1,A/goose/Taiwan/TNO3/2015_,0.306,0.2682,0.4253,0.2685,0.168,-0.087,0.372,52.08,0.414,0.442,4026,4257,-0.402044,0.081278,H5N8,Avian
2312,A/goose/Taiwan/TNO9/2015_H5N8|GCA_038770215.1,A/goose/Taiwan/TNO9/2015_,0.3041,0.2703,0.4177,0.2761,0.168,-0.084,0.374,52.46,0.421,0.445,4024,4256,-0.404018,0.081297,H5N8,Avian
2313,A/goose/Taoyuan/15010041/2015_H5N8|GCA_038769185.1,A/goose/Taoyuan/15010041/,0.3063,0.2688,0.4251,0.2676,0.169,-0.086,0.372,52.09,0.413,0.441,4026,4256,-0.397744,0.081297,H5N8,Avian
2314,A/goose/Taoyuan/18120002-2/2018_H5N2|GCA_039107915.1,A/goose/Taoyuan/18120002-,0.3009,0.277,0.4075,0.2867,0.17,-0.07,0.382,52.61,0.433,0.447,4023,4254,-0.405007,0.080395,H5N2,Avian
2315,A/goose/Xinjiang/12.18_WLMQXL001-C/2016_H5N6|GCA_054191515.1,A/goose/Xinjiang/12.18_WL,0.296,0.2689,0.4229,0.2845,0.162,-0.094,0.368,52.01,0.424,0.446,4001,4233,-0.409922,0.07914,H5N6,Avian
2316,A/goose/Xinjiang/12.18_WLMQXL002-O/2016_H5N6|GCA_038933505.1,A/goose/Xinjiang/12.18_WL,0.296,0.2689,0.4229,0.2844,0.161,-0.094,0.367,52.02,0.424,0.446,4001,4233,-0.410867,0.07914,H5N6,Avian
2317,A/goose/Xinjiang/12.18_WLMQXL003-C/2016_H5N8|GCA_038933575.1,A/goose/Xinjiang/12.18_WL,0.3022,0.2717,0.4124,0.2823,0.169,-0.067,0.383,53.05,0.427,0.447,4026,4255,-0.39631,0.081551,H5N8,Avian
2318,A/goose/Xinjiang/12.18_WLMQXL003-O/2016_H5N8|GCA_038933525.1,A/goose/Xinjiang/12.18_WL,0.302,0.2718,0.4125,0.2822,0.169,-0.067,0.383,53.03,0.427,0.447,4026,4255,-0.39631,0.081551,H5N8,Avian
2319,A/goose/Xinjiang/12.18_WLMQXL004-C/2016_H5N8|GCA_038933595.1,A/goose/Xinjiang/12.18_WL,0.302,0.2718,0.4124,0.282,0.17,-0.066,0.384,53.03,0.427,0.447,4026,4255,-0.39631,0.081551,H5N8,Avian
2320,A/goose/Xinjiang/12.18_WLMQXL004-O/2016_H5N8|GCA_038933545.1,A/goose/Xinjiang/12.18_WL,0.302,0.2718,0.4129,0.2819,0.169,-0.067,0.383,53.01,0.426,0.447,4026,4255,-0.39631,0.081551,H5N8,Avian
2321,A/goose/Yangzhou/0420/2014_H5N8|GCA_038733295.1,A/goose/Yangzhou/0420/201,0.3115,0.2627,0.417,0.2776,0.166,-0.084,0.374,52.94,0.416,0.443,4017,4249,-0.406472,0.082137,H5N8,Avian
2322,A/goose/Yangzhou/YZ587/2016_H5N6|GCA_038851595.1,A/goose/Yangzhou/YZ587/20,0.2954,0.2689,0.4357,0.2716,0.164,-0.085,0.373,51.81,0.415,0.442,4000,4233,-0.415167,0.078904,H5N6,Avian
2323,A/goose/Yunlin/15010005/2015_H5N2|GCA_038768625.1,A/goose/Yunlin/15010005/2,0.2991,0.281,0.4144,0.2764,0.168,-0.081,0.376,51.92,0.429,0.445,4022,4254,-0.407146,0.080395,H5N2,Avian
2324,A/goose/Yunlin/15010009-1/2015_H5N2|GCA_038768135.1,A/goose/Yunlin/15010009-1,0.2992,0.2807,0.4143,0.2767,0.168,-0.082,0.376,51.92,0.429,0.445,4022,4254,-0.406253,0.080395,H5N2,Avian
2325,A/goose/Yunlin/15010010-2/2015_H5N2|GCA_038768885.1,A/goose/Yunlin/15010010-2,0.299,0.2809,0.414,0.2771,0.168,-0.081,0.376,51.93,0.429,0.446,4023,4254,-0.406441,0.080395,H5N2,Avian
2326,A/goose/Yunlin/15010011-1/2015_H5N2|GCA_038768155.1,A/goose/Yunlin/15010011-1,0.299,0.2809,0.4143,0.2767,0.168,-0.081,0.376,51.88,0.429,0.445,4023,4254,-0.406535,0.080395,H5N2,Avian
2327,A/goose/Yunlin/15010029-1/2015_H5N2|GCA_038768295.1,A/goose/Yunlin/15010029-1,0.2989,0.2808,0.4143,0.2767,0.167,-0.081,0.376,51.88,0.429,0.446,4023,4254,-0.406676,0.080395,H5N2,Avian
2328,A/goose/Yunlin/15040040/2015_H5N8|GCA_038779735.1,A/goose/Yunlin/15040040/2,0.3024,0.2722,0.4163,0.2773,0.168,-0.082,0.375,52.47,0.423,0.446,4029,4262,-0.402464,0.081183,H5N8,Avian
2329,A/goose/Yunlin/16020008-4/2016_H5N2|GCA_038817505.1,A/goose/Yunlin/16020008-4,0.2994,0.2816,0.4145,0.2757,0.169,-0.077,0.379,52.18,0.428,0.445,4024,4254,-0.401222,0.080395,H5N2,Avian
2330,A/goose/Yunlin/16020011-1/2016_H5N2|GCA_038818795.1,A/goose/Yunlin/16020011-1,0.3014,0.2799,0.4153,0.2746,0.169,-0.077,0.378,52.19,0.426,0.444,4023,4254,-0.401575,0.08063,H5N2,Avian
2331,A/goose/Yunlin/16040002-2/2016_H5N2|GCA_038838985.1,A/goose/Yunlin/16040002-2,0.3002,0.2803,0.4156,0.2751,0.169,-0.078,0.378,52.14,0.427,0.445,4024,4254,-0.401763,0.08063,H5N2,Avian
2332,A/goose/Yunlin/17100005/2017_H5N2|GCA_038983105.1,A/goose/Yunlin/17100005/2,0.3006,0.2771,0.4177,0.2755,0.167,-0.081,0.376,51.87,0.425,0.444,4023,4254,-0.403221,0.08063,H5N2,Avian
2333,A/goose/Yunlin/18030020-2/2018_H5N2|GCA_039068475.1,A/goose/Yunlin/18030020-2,0.3008,0.2754,0.4121,0.2819,0.165,-0.083,0.375,52.38,0.428,0.446,4026,4254,-0.406229,0.08016,H5N2,Avian
2334,A/goose/Yunlin/18030020-3/2018_H5N2|GCA_039067995.1,A/goose/Yunlin/18030020-3,0.3009,0.2755,0.4126,0.2815,0.165,-0.084,0.374,52.31,0.428,0.445,4025,4254,-0.406394,0.08016,H5N2,Avian
2335,A/goose/Yunlin/18040002-3/2018_H5N2|GCA_039068415.1,A/goose/Yunlin/18040002-3,0.2984,0.2779,0.4117,0.2823,0.168,-0.079,0.377,52.24,0.431,0.446,4023,4254,-0.399224,0.079925,H5N2,Avian
2336,A/goose/Yunlin/18040018-2/2018_H5N2|GCA_039071675.1,A/goose/Yunlin/18040018-2,0.2978,0.2794,0.4123,0.2817,0.167,-0.08,0.376,52.18,0.431,0.446,4023,4254,-0.400799,0.079925,H5N2,Avian
2337,A/goose/Yunlin/18090002-3/2018_H5N2|GCA_039083785.1,A/goose/Yunlin/18090002-3,0.2965,0.2796,0.4132,0.2825,0.165,-0.082,0.375,52.37,0.432,0.445,4023,4254,-0.400823,0.08016,H5N2,Avian
2338,A/goose/Yunlin/18090006-1/2018_H5N2|GCA_039086885.1,A/goose/Yunlin/18090006-1,0.3018,0.2731,0.419,0.277,0.166,-0.079,0.377,51.76,0.423,0.444,4029,4254,-0.404678,0.080395,H5N2,Avian
2339,A/goose/Yunlin/18110002-3/2018_H5N2|GCA_039099465.1,A/goose/Yunlin/18110002-3,0.3008,0.2781,0.4046,0.288,0.17,-0.072,0.381,52.74,0.435,0.448,4024,4253,-0.405243,0.080179,H5N2,Avian
2340,A/goose/Yunnan/3798/2006_H5N1|GCA_038265685.1,A/goose/Yunnan/3798/2006_,0.3083,0.2706,0.4146,0.2791,0.17,-0.073,0.381,52.79,0.421,0.444,3991,4223,-0.404026,0.081695,H5N1,Avian
2341,A/goose/Yunnan/4371/2006_H5N1|GCA_038265265.1,A/goose/Yunnan/4371/2006_,0.3071,0.2716,0.4135,0.2799,0.171,-0.072,0.382,52.88,0.423,0.444,3990,4223,-0.406867,0.081459,H5N1,Avian
2342,A/goose/Yunnan/4389/2006_H5N1|GCA_038265705.1,A/goose/Yunnan/4389/2006_,0.3068,0.2716,0.4138,0.2799,0.171,-0.073,0.381,52.86,0.423,0.444,3990,4223,-0.406962,0.081459,H5N1,Avian
2343,A/goose/Yunnan/4985/2006_H5N1|GCA_038265285.1,A/goose/Yunnan/4985/2006_,0.3074,0.2716,0.4136,0.2799,0.171,-0.072,0.382,52.87,0.423,0.444,3990,4223,-0.405352,0.081459,H5N1,Avian
2344,A/goose/Yunnan/5141/2006_H5N1|GCA_038265725.1,A/goose/Yunnan/5141/2006_,0.3062,0.2711,0.4161,0.2789,0.17,-0.074,0.38,52.68,0.422,0.444,3958,4188,-0.41521,0.082139,H5N1,Avian
2345,A/goose/Yunnan/5769/2006_H5N1|GCA_038265325.1,A/goose/Yunnan/5769/2006_,0.3091,0.2704,0.4109,0.2819,0.17,-0.074,0.381,53.05,0.424,0.444,3994,4223,-0.409946,0.082169,H5N1,Avian
2346,A/goose/Yunnan/5979/2006_H5N1|GCA_038265765.1,A/goose/Yunnan/5979/2006_,0.3091,0.2707,0.4108,0.2815,0.171,-0.073,0.381,53.06,0.424,0.444,3994,4223,-0.409212,0.082169,H5N1,Avian
2347,A/goose/Yunnan/6193/2006_H5N1|GCA_038265345.1,A/goose/Yunnan/6193/2006_,0.307,0.2715,0.416,0.2771,0.171,-0.068,0.384,52.89,0.421,0.444,3991,4223,-0.407791,0.081695,H5N1,Avian
2348,A/goose/Zhejiang/1120132/2014_H5N6|GCA_038756335.1,A/goose/Zhejiang/1120132/,0.2998,0.2697,0.4261,0.2782,0.166,-0.083,0.375,52.44,0.419,0.443,4013,4244,-0.413713,0.078228,H5N6,Avian
2349,A/goose/Zhejiang/112071/2014_H5N1|GCA_038757565.1,A/goose/Zhejiang/112071/2,0.3075,0.2702,0.4157,0.2788,0.165,-0.083,0.375,52.7,0.421,0.443,3994,4223,-0.412006,0.081459,H5N1,Avian
2350,A/goose/Zhejiang/112080/2014_H5N6|GCA_038756355.1,A/goose/Zhejiang/112080/2,0.2999,0.2673,0.4255,0.2815,0.165,-0.084,0.375,52.33,0.42,0.443,4012,4244,-0.409684,0.078464,H5N6,Avian
2351,A/goose/Zhejiang/727092/2014_H5N6|GCA_038741415.1,A/goose/Zhejiang/727092/2,0.2997,0.2669,0.4251,0.281,0.162,-0.093,0.369,52.39,0.42,0.444,4004,4233,-0.413229,0.078904,H5N6,Avian
2352,A/goose/Zhejiang/727098/2014_H5N1|GCA_038740265.1,A/goose/Zhejiang/727098/2,0.3126,0.2656,0.4173,0.2778,0.168,-0.079,0.378,52.52,0.416,0.441,3993,4223,-0.414847,0.082879,H5N1,Avian
2353,A/goose/Zhejiang/727110/2014_H5N6|GCA_038741455.1,A/goose/Zhejiang/727110/2,0.2991,0.2687,0.4261,0.2798,0.162,-0.094,0.368,52.27,0.42,0.444,4004,4233,-0.412025,0.079849,H5N6,Avian
2354,A/goose/Zhejiang/77166/2014_H5N2|GCA_038738375.1,A/goose/Zhejiang/77166/20,0.316,0.2636,0.4152,0.2759,0.165,-0.087,0.372,52.8,0.414,0.443,4014,4243,-0.402993,0.080132,H5N2,Avian
2355,A/goose/Zhejiang/77167/2014_H5N2|GCA_038739515.1,A/goose/Zhejiang/77167/20,0.3155,0.2631,0.4192,0.2736,0.165,-0.084,0.374,52.72,0.411,0.441,4015,4243,-0.405161,0.079896,H5N2,Avian
2356,A/goose/Zhejiang/77168/2014_H5N2|GCA_038738415.1,A/goose/Zhejiang/77168/20,0.3152,0.2634,0.4195,0.2732,0.165,-0.084,0.374,52.72,0.411,0.441,4015,4243,-0.405751,0.079896,H5N2,Avian
2357,A/goose/Zhejiang/925036/2014_H5N6|GCA_038747225.1,A/goose/Zhejiang/925036/2,0.2987,0.2695,0.4272,0.2758,0.163,-0.091,0.37,52.26,0.419,0.445,4002,4233,-0.409095,0.078668,H5N6,Avian
2358,A/goose/Zhejiang/925037/2014_H5N8|GCA_038748485.1,A/goose/Zhejiang/925037/2,0.3096,0.2647,0.4178,0.2771,0.169,-0.075,0.379,52.43,0.417,0.444,4021,4249,-0.402424,0.082137,H5N8,Avian
2359,A/goose/Zhejiang/925104/2014_H5N8|GCA_038747265.1,A/goose/Zhejiang/925104/2,0.3102,0.265,0.4145,0.2784,0.167,-0.082,0.375,52.95,0.419,0.445,4020,4249,-0.403766,0.082137,H5N8,Avian
2360,A/goose/Zhejiang/925105/2014_H5N6|GCA_038748505.1,A/goose/Zhejiang/925105/2,0.3034,0.2672,0.4271,0.276,0.164,-0.085,0.374,52.6,0.416,0.442,4013,4244,-0.412182,0.078464,H5N6,Avian
2361,A/goose/Zhejiang/925106/2014_H5N6|GCA_038747325.1,A/goose/Zhejiang/925106/2,0.2926,0.2732,0.4256,0.2792,0.166,-0.08,0.377,52.36,0.425,0.446,4008,4238,-0.419136,0.079991,H5N6,Avian
2362,A/goose/Zhejiang/925108/2014_H5N6|GCA_038748545.1,A/goose/Zhejiang/925108/2,0.304,0.2666,0.4262,0.2769,0.164,-0.086,0.373,52.65,0.416,0.442,4016,4244,-0.41164,0.077992,H5N6,Avian
2363,A/great_black-headed_gull/Qinghai/8/2009_H5N1|GCA_038534835.1,A/great_black-headed_gull,0.3053,0.2723,0.4133,0.2827,0.171,-0.067,0.385,53.05,0.425,0.445,3992,4223,-0.410348,0.081695,H5N1,Avian
2364,A/great_crested-grebe/Qinghai/1/2009_H5N1|GCA_038525135.1,A/great_crested-grebe/Qin,0.3055,0.272,0.4173,0.279,0.171,-0.064,0.386,52.9,0.422,0.443,3996,4229,-0.413455,0.081816,H5N1,Avian
2365,A/great_egret/Hong_Kong/807/2008_H5N1|GCA_038475285.1,A/great_egret/Hong_Kong/8,0.3091,0.2685,0.4163,0.2786,0.17,-0.074,0.381,52.95,0.42,0.443,3992,4224,-0.415885,0.081913,H5N1,Avian
2366,A/great_tit/Panjing/PJ-66/2013_H5N1|GCA_038701375.1,A/great_tit/Panjing/PJ-66,0.2993,0.2746,0.4055,0.2947,0.169,-0.071,0.382,53.02,0.436,0.448,3993,4223,-0.414776,0.081695,H5N1,Avian
2367,A/green-winged_teal/Xianghai/430/2011_H5N2|GCA_038623855.1,A/green-winged_teal/Xiang,0.302,0.2802,0.4029,0.2861,0.17,-0.075,0.38,52.63,0.435,0.45,4014,4245,-0.415383,0.081037,H5N2,Avian
2368,A/grey_heron/Hong_Kong/1046/2008_H5N1|GCA_038474245.1,A/grey_heron/Hong_Kong/10,0.3087,0.2685,0.4167,0.2784,0.17,-0.075,0.38,52.89,0.419,0.443,3993,4224,-0.416098,0.081913,H5N1,Avian
2369,A/grey_heron/Hong_Kong/3088/2007_H5N1|GCA_038453515.1,A/grey_heron/Hong_Kong/30,0.3072,0.2705,0.4162,0.2787,0.17,-0.074,0.381,52.93,0.421,0.444,3991,4224,-0.4192,0.081913,H5N1,Avian
2370,A/heron/Kaohsiung/15WB3284-1-5/2015_H5N3|GCA_040483535.1,A/heron/Kaohsiung/15WB328,0.3006,0.2788,0.4131,0.2806,0.169,-0.07,0.383,52.95,0.43,0.447,4023,4251,-0.413362,0.081157,Others,Avian
2371,A/heron/Yilan/17DB0001/2017_H5N2|GCA_038944005.1,A/heron/Yilan/17DB0001/20,0.2973,0.2804,0.4114,0.2811,0.167,-0.081,0.376,52.16,0.432,0.446,4026,4254,-0.404984,0.080395,H5N2,Avian
2372,A/hill_myna/Heilongjiang/0704/2012_H5N1|GCA_038650565.1,A/hill_myna/Heilongjiang/,0.3069,0.2703,0.4164,0.2792,0.167,-0.08,0.377,53.02,0.421,0.444,3995,4223,-0.415913,0.081695,H5N1,Avian
2373,A/lesser_kestrel/Heilongjiang/194/2007_H5N1|GCA_038455555.1,A/lesser_kestrel/Heilongj,0.31,0.2679,0.4051,0.2896,0.169,-0.077,0.38,52.95,0.427,0.446,3990,4223,-0.405731,0.082169,H5N1,Avian
2374,A/lion/Hubei/1-2/2016_H5N1|GCA_038843765.1,A/lion/Hubei/1-2/2016_H5N,0.3015,0.2703,0.4072,0.2946,0.165,-0.087,0.373,52.78,0.433,0.445,3990,4223,-0.408099,0.081932,H5N1,Nonhuman Mammal
2375,A/little_egret/Hong_Kong/8550/2007_H5N1|GCA_038453555.1,A/little_egret/Hong_Kong/,0.3088,0.2673,0.4138,0.2825,0.169,-0.081,0.377,52.69,0.422,0.443,3992,4223,-0.413071,0.082169,H5N1,Avian
2376,A/little_grebe/Xianghai/429/2011_H5N2|GCA_038624125.1,A/little_grebe/Xianghai/4,0.3054,0.2747,0.4178,0.2726,0.17,-0.071,0.382,52.17,0.421,0.446,4003,4232,-0.407396,0.081285,H5N2,Avian
2377,A/magpie_robin/Hong_Kong/1097/2008_H5N1|GCA_038475305.1,A/magpie_robin/Hong_Kong/,0.3085,0.2695,0.4151,0.2799,0.171,-0.075,0.38,52.9,0.421,0.444,3993,4224,-0.416383,0.081676,H5N1,Avian
2378,A/magpie_robin/Hong_Kong/1897/2008_H5N1|GCA_038474285.1,A/magpie_robin/Hong_Kong/,0.3082,0.2704,0.4148,0.2793,0.171,-0.073,0.381,52.91,0.422,0.444,3994,4224,-0.414939,0.081676,H5N1,Avian
2379,A/mallard/Shanghai/SH-9/2013_H5N8|GCA_038703435.1,A/mallard/Shanghai/SH-9/2,0.3133,0.2621,0.4152,0.2784,0.168,-0.082,0.375,52.88,0.416,0.443,4019,4249,-0.401906,0.082372,H5N8,Avian
2380,A/meerkat/Shanghai/SH-1/2012_H5N1|GCA_038646905.1,A/meerkat/Shanghai/SH-1/2,0.31,0.2685,0.4131,0.2813,0.167,-0.079,0.378,52.7,0.421,0.444,3993,4223,-0.413119,0.081695,H5N1,Avian
2381,A/migratory_waterfowl/Hubei/Chenhu1306/2014_H5N6|GCA_038721775.1,A/migratory_waterfowl/Hub,0.2988,0.2708,0.424,0.2799,0.163,-0.087,0.372,52.64,0.422,0.444,4014,4244,-0.414043,0.078464,H5N6,Avian
2382,A/migratory_waterfowl/Hubei/Chenhu1347/2014_H5N6|GCA_038723085.1,A/migratory_waterfowl/Hub,0.2991,0.2705,0.424,0.2799,0.163,-0.088,0.372,52.66,0.422,0.444,4014,4244,-0.414138,0.078464,H5N6,Avian
2383,A/mink/China/181/2019_H5N6|GCA_039171935.1,A/mink/China/181/2019_H5N,0.2972,0.2683,0.4307,0.2745,0.164,-0.09,0.37,51.93,0.417,0.444,4001,4232,-0.40716,0.078922,H5N6,Nonhuman Mammal
2384,A/mink/China/183/2019_H5N6|GCA_039172665.1,A/mink/China/183/2019_H5N,0.2982,0.266,0.4279,0.2797,0.163,-0.09,0.37,51.86,0.419,0.444,4002,4232,-0.414414,0.079159,H5N6,Nonhuman Mammal
2385,A/mink/China/191/2019_H5N6|GCA_039172745.1,A/mink/China/191/2019_H5N,0.2984,0.2655,0.4275,0.2795,0.164,-0.089,0.371,51.93,0.418,0.445,4003,4232,-0.411697,0.078922,H5N6,Nonhuman Mammal
2386,A/mink/China/456/2018_H5N6|GCA_039069545.1,A/mink/China/456/2018_H5N,0.2926,0.2722,0.4268,0.2808,0.166,-0.074,0.38,52.22,0.424,0.446,4005,4232,-0.412713,0.078686,H5N6,Nonhuman Mammal
2387,A/mink/China/G/2015_H5N1|GCA_038785215.1,A/mink/China/G/2015_H5N1|,0.3113,0.2629,0.4224,0.2744,0.167,-0.079,0.377,52.71,0.412,0.442,3996,4224,-0.404072,0.081439,H5N1,Nonhuman Mammal
2388,A/mink/China/XB/2015_H5N1|GCA_038783695.1,A/mink/China/XB/2015_H5N1,0.2999,0.2709,0.4066,0.2956,0.165,-0.085,0.374,52.88,0.434,0.446,3989,4223,-0.411059,0.081459,H5N1,Nonhuman Mammal
2389,A/mink/Eastern_China/006/2018_H5N6|GCA_039007265.1,A/mink/Eastern_China/006/,0.2857,0.2793,0.427,0.2785,0.166,-0.077,0.379,52.51,0.429,0.447,4005,4237,-0.423885,0.079537,H5N6,Nonhuman Mammal
2390,A/mink/Eastern_China/0712/2018_H5N1|GCA_039080085.1,A/mink/Eastern_China/0712,0.3165,0.2615,0.4412,0.2512,0.16,-0.101,0.365,51.77,0.394,0.432,4006,4236,-0.409183,0.082153,H5N1,Nonhuman Mammal
2391,A/mink/Eastern_China/149/2018_H5N6|GCA_039055455.1,A/mink/Eastern_China/149/,0.2945,0.2702,0.4293,0.2781,0.164,-0.084,0.374,52.14,0.421,0.445,4000,4232,-0.417202,0.078922,H5N6,Nonhuman Mammal
2392,A/mink/Eastern_China/528/2018_H5N6|GCA_039076985.1,A/mink/Eastern_China/528/,0.2866,0.2799,0.4283,0.2765,0.167,-0.075,0.38,52.62,0.428,0.446,4006,4237,-0.422044,0.079301,H5N6,Nonhuman Mammal
2393,A/mink/Eastern_China/571/2018_H5N6|GCA_039077255.1,A/mink/Eastern_China/571/,0.297,0.2678,0.4312,0.275,0.164,-0.088,0.371,52.08,0.417,0.444,4002,4232,-0.411224,0.078922,H5N6,Nonhuman Mammal
2394,A/mink/Northern_China/110/2018_H5N6|GCA_039040235.1,A/mink/Northern_China/110,0.2857,0.2818,0.4227,0.2814,0.17,-0.061,0.387,52.3,0.433,0.448,4007,4238,-0.421779,0.079283,H5N6,Nonhuman Mammal
2395,A/night_heron/Taiwan/A289/2015_H5N2|GCA_038770475.1,A/night_heron/Taiwan/A289,0.2996,0.2806,0.4136,0.2768,0.168,-0.08,0.376,51.93,0.429,0.445,4024,4254,-0.406135,0.080395,H5N2,Avian
2396,A/oriental_magpie_robin/HK/6154/2015_H5N6|GCA_038779405.1,A/oriental_magpie_robin/H,0.284,0.2785,0.4332,0.2765,0.167,-0.074,0.38,51.82,0.427,0.446,4000,4230,-0.412624,0.079433,H5N6,Avian
2397,A/ostrich/Suzhou/097/2003_H5N1|GCA_038212365.1,A/ostrich/Suzhou/097/2003,0.3098,0.2722,0.4066,0.2848,0.172,-0.075,0.38,53.47,0.427,0.446,3993,4224,-0.414844,0.081676,H5N1,Avian
2398,A/parrot/Guangdong/258/2004_H5N2|GCA_038245025.1,A/parrot/Guangdong/258/20,0.3024,0.2778,0.4143,0.2796,0.167,-0.076,0.38,52.43,0.427,0.445,4018,4251,-0.409457,0.081393,H5N2,Avian
2399,A/parrot/Guangdong/C99/2005_H5N1|GCA_038255625.1,A/parrot/Guangdong/C99/20,0.3112,0.2706,0.4074,0.2823,0.172,-0.076,0.38,53.21,0.424,0.446,3993,4224,-0.411198,0.081913,H5N1,Avian
2400,A/partridge/Shantou/2886/2003_H5N1|GCA_038207105.1,A/partridge/Shantou/2886/,0.3126,0.2695,0.4166,0.2744,0.171,-0.076,0.38,52.84,0.417,0.442,3996,4229,-0.401963,0.08158,H5N1,Avian
2401,A/peacock/Yunnan/1/2015_H5N1|GCA_038782235.1,A/peacock/Yunnan/1/2015_H,0.3007,0.2711,0.4075,0.2941,0.166,-0.085,0.374,52.91,0.433,0.446,3988,4223,-0.413687,0.081932,H5N1,Avian
2402,A/peacock/Yunnan/3/2015_H5N1|GCA_038783145.1,A/peacock/Yunnan/3/2015_H,0.3,0.2719,0.4072,0.2945,0.166,-0.084,0.374,52.86,0.434,0.445,3988,4223,-0.408833,0.081932,H5N1,Avian
2403,A/peregrine_falcon/Hong_Kong/2142/2008_H5N1|GCA_038475325.1,A/peregrine_falcon/Hong_K,0.3025,0.2793,0.4131,0.2759,0.173,-0.064,0.386,52.91,0.427,0.446,3991,4223,-0.41023,0.081459,H5N1,Avian
2404,A/pheasant/Shantou/3535/2003_H5N1|GCA_038207875.1,A/pheasant/Shantou/3535/2,0.3154,0.2691,0.4081,0.2813,0.171,-0.085,0.375,53.28,0.421,0.444,4012,4244,-0.403275,0.082234,H5N1,Avian
2405,A/pheasant/Shantou/4567/2002_H5N1|GCA_038194275.1,A/pheasant/Shantou/4567/2,0.3101,0.2704,0.4101,0.2813,0.171,-0.077,0.379,53.11,0.423,0.445,3994,4224,-0.412027,0.081676,H5N1,Avian
2406,A/pied_megpie/Liaoning/7/2006_H5N1|GCA_038265635.1,A/pied_megpie/Liaoning/7/,0.3121,0.2705,0.4113,0.2773,0.171,-0.074,0.381,52.99,0.421,0.444,3993,4224,-0.421378,0.081913,H5N1,Avian
2407,A/pigeon/Fujian/1.17_FZHX0104-O/2017_H5N6|GCA_038945635.1,A/pigeon/Fujian/1.17_FZHX,0.2929,0.2692,0.4403,0.2676,0.166,-0.084,0.374,51.46,0.413,0.443,4003,4237,-0.417914,0.078829,H5N6,Avian
2408,A/pigeon/Hainan/1.14_HKPL006-C/2018_H5N6|GCA_039008845.1,A/pigeon/Hainan/1.14_HKPL,0.2966,0.2685,0.4275,0.2781,0.165,-0.086,0.373,51.96,0.42,0.445,3990,4221,-0.413338,0.078654,H5N6,Avian
2409,A/pigeon/Hubei/RP25/2012_H5N1|GCA_038662765.1,A/pigeon/Hubei/RP25/2012_,0.3027,0.2771,0.4149,0.2755,0.171,-0.069,0.384,52.86,0.425,0.445,3992,4223,-0.414634,0.081459,H5N1,Avian
2410,A/pigeon/Sichuan/NCXN29/2014_H5N1|GCA_038733875.1,A/pigeon/Sichuan/NCXN29/2,0.3128,0.2668,0.4124,0.2804,0.167,-0.081,0.376,52.84,0.419,0.443,3993,4223,-0.405494,0.081222,H5N1,Avian
2411,A/pigeon/Zhejiang/112089/2014_H5N1|GCA_038756375.1,A/pigeon/Zhejiang/112089/,0.3055,0.271,0.4134,0.2822,0.165,-0.085,0.374,52.83,0.424,0.445,3995,4223,-0.415155,0.081459,H5N1,Avian
2412,A/pigeon/Zhejiang/112090/2014_H5N1|GCA_038757665.1,A/pigeon/Zhejiang/112090/,0.3043,0.2713,0.4179,0.2796,0.166,-0.086,0.374,52.38,0.422,0.444,3992,4223,-0.412835,0.081695,H5N1,Avian
2413,A/pigeon/Zhejiang/727097/2014_H5N1|GCA_038741515.1,A/pigeon/Zhejiang/727097/,0.3134,0.2654,0.4168,0.2779,0.168,-0.079,0.378,52.56,0.416,0.441,3992,4223,-0.414966,0.082879,H5N1,Avian
2414,A/plateau_pika/Qinghai/04/2007_H5N1|GCA_038462505.1,A/plateau_pika/Qinghai/04,0.3047,0.2746,0.4134,0.2787,0.171,-0.069,0.384,53.03,0.425,0.446,3996,4227,-0.415685,0.082564,H5N1,Nonhuman Mammal
2415,A/quail/Guangxi/11/2002_H5N1|GCA_038201935.1,A/quail/Guangxi/11/2002_H,0.3155,0.2662,0.4093,0.2829,0.171,-0.079,0.379,53.38,0.42,0.444,4013,4244,-0.412158,0.082941,H5N1,Avian
2416,A/quail/Guangxi/12/2002_H5N1|GCA_038202605.1,A/quail/Guangxi/12/2002_H,0.3159,0.2662,0.4105,0.2814,0.171,-0.078,0.379,53.52,0.419,0.443,4012,4244,-0.411993,0.082705,H5N1,Avian
2417,A/quail/Guangxi/13/2002_H5N1|GCA_038201975.1,A/quail/Guangxi/13/2002_H,0.3154,0.2661,0.4084,0.284,0.171,-0.078,0.379,53.36,0.421,0.444,4013,4244,-0.412465,0.082941,H5N1,Avian
2418,A/quail/Jiangsu/k0104/2010_H5N5|GCA_038578365.1,A/quail/Jiangsu/k0104/201,0.2985,0.2748,0.4271,0.272,0.17,-0.079,0.377,52.23,0.42,0.443,4019,4253,-0.404726,0.08253,Others,Avian
2419,A/quail/Nanchang/6631/2013_H5N1|GCA_038701355.1,A/quail/Nanchang/6631/201,0.3094,0.2661,0.4177,0.2785,0.165,-0.082,0.376,52.87,0.418,0.443,3994,4224,-0.409257,0.081439,H5N1,Avian
2420,A/shrike/Tibet/13/2006_H5N1|GCA_038266265.1,A/shrike/Tibet/13/2006_H5,0.3085,0.2718,0.4137,0.2782,0.172,-0.068,0.384,53.01,0.422,0.443,3993,4223,-0.409898,0.081695,H5N1,Avian
2421,A/silkie_chicken/Dongguan/2809/2013_H5N6|GCA_038708175.1,A/silkie_chicken/Dongguan,0.2959,0.2712,0.427,0.2778,0.163,-0.089,0.371,52.18,0.421,0.445,4001,4233,-0.414883,0.078904,H5N6,Avian
2422,A/silky_chicken/Shantou/475/2004_H5N1|GCA_038225235.1,A/silky_chicken/Shantou/4,0.3107,0.2706,0.409,0.282,0.173,-0.073,0.381,53.16,0.424,0.445,3985,4213,-0.40686,0.081652,H5N1,Avian
2423,A/spot-billed_duck/Ningxia/YG83/2017_H5N6|GCA_038986345.1,A/spot-billed_duck/Ningxi,0.2891,0.2776,0.4148,0.2891,0.165,-0.08,0.376,52.4,0.436,0.449,4008,4236,-0.403801,0.079792,H5N6,Avian
2424,A/spot-billed_duck/Ningxia/YG87/2017_H5N6|GCA_038981965.1,A/spot-billed_duck/Ningxi,0.2911,0.2774,0.4177,0.2831,0.166,-0.076,0.378,52.47,0.431,0.448,4007,4236,-0.402172,0.079084,H5N6,Avian
2425,A/spot-billed_duck/Ningxia/YG93/2017_H5N6|GCA_038986365.1,A/spot-billed_duck/Ningxi,0.29,0.2787,0.4146,0.2871,0.168,-0.068,0.382,52.75,0.435,0.449,4008,4236,-0.404061,0.07932,H5N6,Avian
2426,A/spot-billed_duck/Xianghai/427/2011_H5N2|GCA_038623875.1,A/spot-billed_duck/Xiangh,0.2999,0.2796,0.4043,0.288,0.17,-0.072,0.381,52.35,0.436,0.45,4014,4245,-0.414653,0.080801,H5N2,Avian
2427,A/swan_goose/Jilin/JL01/2014_H5N6|GCA_038736745.1,A/swan_goose/Jilin/JL01/2,0.3057,0.2647,0.4248,0.28,0.161,-0.094,0.368,52.56,0.416,0.44,4013,4244,-0.403181,0.079171,H5N6,Avian
2428,A/swan/China/ST/2016_H5N8|GCA_038933555.1,A/swan/China/ST/2016_H5N8,0.304,0.2701,0.41,0.2844,0.169,-0.067,0.383,53.24,0.427,0.448,4018,4249,-0.404048,0.081902,H5N8,Avian
2429,A/swan/Shandong/W3762/2020_H5N8|GCA_039227365.1,A/swan/Shandong/W3762/202,0.3037,0.2709,0.4164,0.2782,0.169,-0.072,0.38,52.85,0.423,0.446,4019,4249,-0.402448,0.081666,H5N8,Avian
2430,A/swan/Shanghai/10/2009_H5N1|GCA_038504095.1,A/swan/Shanghai/10/2009_H,0.3038,0.2736,0.4151,0.2803,0.17,-0.07,0.383,53.11,0.425,0.445,3991,4224,-0.406629,0.080966,H5N1,Avian
2431,A/swine/China/RZ/2018_H5N6|GCA_039078945.1,A/swine/China/RZ/2018_H5N,0.297,0.2681,0.4288,0.2775,0.164,-0.088,0.371,52.07,0.419,0.444,4003,4232,-0.411437,0.078922,H5N6,Nonhuman Mammal
2432,A/swine/Guangdong/1/2014_H5N6|GCA_038736535.1,A/swine/Guangdong/1/2014_,0.2969,0.2701,0.4243,0.2811,0.163,-0.089,0.371,52.36,0.423,0.446,4000,4233,-0.412922,0.079376,H5N6,Nonhuman Mammal
2433,A/swine/Guangdong/2/2014_H5N6|GCA_038737565.1,A/swine/Guangdong/2/2014_,0.2982,0.269,0.4251,0.2799,0.163,-0.09,0.37,52.33,0.421,0.445,4002,4233,-0.41382,0.078904,H5N6,Nonhuman Mammal
2434,A/swine/Guangxi/592/2011_H5N1|GCA_038611535.1,A/swine/Guangxi/592/2011_,0.3087,0.2669,0.4175,0.2789,0.168,-0.079,0.377,52.77,0.419,0.443,3995,4224,-0.406061,0.081676,H5N1,Nonhuman Mammal
2435,A/swine/Jiangsu/1/2008_H5N1|GCA_038500055.1,A/swine/Jiangsu/1/2008_H5,0.3045,0.2779,0.4127,0.278,0.17,-0.073,0.381,53.43,0.427,0.444,3995,4224,-0.396662,0.081913,H5N1,Nonhuman Mammal
2436,A/swine/Jiangsu/2/2009_H5N1|GCA_038504465.1,A/swine/Jiangsu/2/2009_H5,0.3131,0.2678,0.4182,0.2754,0.17,-0.075,0.38,52.99,0.416,0.441,3990,4223,-0.413474,0.081695,H5N1,Nonhuman Mammal
2437,A/swine/Shandong/SD1/2014_H5N1|GCA_038751305.1,A/swine/Shandong/SD1/2014,0.3111,0.2719,0.4077,0.282,0.172,-0.075,0.381,53.23,0.425,0.446,4016,4250,-0.415271,0.082118,H5N1,Nonhuman Mammal
2438,A/swine/Zhejiang/SW57/2015_H5N1|GCA_038766735.1,A/swine/Zhejiang/SW57/201,0.3126,0.2656,0.4166,0.2773,0.168,-0.079,0.378,52.5,0.416,0.442,3993,4223,-0.415226,0.081932,H5N1,Nonhuman Mammal
2439,A/thrush/Taipei_City/15120021/2015_H5N2|GCA_038805275.1,A/thrush/Taipei_City/1512,0.2995,0.2811,0.4135,0.2766,0.168,-0.079,0.378,52.13,0.429,0.445,4024,4254,-0.403714,0.08063,H5N2,Avian
2440,A/thrush/Taiwan/A234/2015_H5N2|GCA_038769445.1,A/thrush/Taiwan/A234/2015,0.2995,0.2799,0.4142,0.2763,0.167,-0.081,0.376,51.94,0.428,0.446,4023,4254,-0.404866,0.08016,H5N2,Avian
2441,A/tiger/Yunnan/tig1404/2014_H5N1|GCA_038731105.1,A/tiger/Yunnan/tig1404/20,0.314,0.2665,0.4122,0.2786,0.166,-0.081,0.376,52.75,0.418,0.443,3993,4223,-0.398627,0.081222,H5N1,Nonhuman Mammal
2442,A/tiger/Yunnan/tig1412/2014_H5N1|GCA_038760765.1,A/tiger/Yunnan/tig1412/20,0.313,0.2637,0.4178,0.2774,0.165,-0.084,0.375,52.92,0.415,0.442,3995,4224,-0.405871,0.081439,H5N1,Nonhuman Mammal
2443,A/tiger/Yunnan/tig1508/2015_H5N1|GCA_038787575.1,A/tiger/Yunnan/tig1508/20,0.3027,0.2683,0.406,0.296,0.165,-0.088,0.373,52.93,0.432,0.445,3993,4225,-0.40755,0.081657,H5N1,Nonhuman Mammal
2444,A/turkey/Changhua/16010011-1/2016_H5N2|GCA_038809005.1,A/turkey/Changhua/1601001,0.3011,0.2802,0.415,0.275,0.169,-0.078,0.378,52.15,0.427,0.445,4023,4254,-0.402562,0.080395,H5N2,Avian
2445,A/turkey/Chiayi/17020092-2/2017_H5N8|GCA_038957545.1,A/turkey/Chiayi/17020092-,0.3071,0.2651,0.4107,0.2852,0.164,-0.091,0.37,52.53,0.424,0.445,4023,4255,-0.407944,0.081081,H5N8,Avian
2446,A/turkey/Chiayi/18010013-3/2018_H5N2|GCA_039006745.1,A/turkey/Chiayi/18010013-,0.2957,0.2818,0.4125,0.2801,0.168,-0.079,0.377,52.29,0.432,0.447,4022,4254,-0.401857,0.08016,H5N2,Avian
2447,A/turkey/Yunlin/15060049-1/2015_H5N2|GCA_038783635.1,A/turkey/Yunlin/15060049-,0.3011,0.2785,0.4131,0.2786,0.167,-0.084,0.375,51.94,0.428,0.445,4023,4254,-0.405595,0.08016,H5N2,Avian
2448,A/turkey/Yunlin/18020020-2/2018_H5N2|GCA_039056465.1,A/turkey/Yunlin/18020020-,0.2955,0.2822,0.4122,0.2803,0.168,-0.077,0.378,52.18,0.433,0.447,4022,4254,-0.398425,0.08016,H5N2,Avian
2449,A/turkey/Yunlin/18110001-3/2018_H5N2|GCA_039095645.1,A/turkey/Yunlin/18110001-,0.2987,0.2776,0.4132,0.2818,0.166,-0.087,0.372,52.23,0.43,0.445,4022,4254,-0.4004,0.079925,H5N2,Avian
2450,A/turkey/Yunlin/18120005-2/2018_H5N2|GCA_039112165.1,A/turkey/Yunlin/18120005-,0.3005,0.2782,0.4041,0.2889,0.17,-0.073,0.38,52.76,0.436,0.448,4025,4254,-0.403009,0.080395,H5N2,Avian
2451,A/turtle_dove/Guangdong/300/2005_H5N1|GCA_038264315.1,A/turtle_dove/Guangdong/3,0.3094,0.271,0.4136,0.2789,0.172,-0.069,0.384,52.84,0.422,0.444,3999,4229,-0.410688,0.08158,H5N1,Avian
2452,A/turtledove/Wuhan/HKBJ43/2015_H5N6|GCA_038765945.1,A/turtledove/Wuhan/HKBJ43,0.2999,0.2683,0.4227,0.2824,0.162,-0.093,0.369,52.48,0.422,0.445,4001,4233,-0.422207,0.078904,H5N6,Avian
2453,A/turtledove/Wuhan/WHBJ12/2014_H5N6|GCA_038759095.1,A/turtledove/Wuhan/WHBJ12,0.2998,0.2684,0.422,0.2832,0.161,-0.093,0.369,52.49,0.423,0.445,4001,4233,-0.422821,0.078904,H5N6,Avian
2454,A/turtledove/Wuhan/WHBJ28/2014_H5N6|GCA_038759115.1,A/turtledove/Wuhan/WHBJ28,0.3001,0.2678,0.4224,0.2829,0.161,-0.093,0.369,52.46,0.422,0.445,4000,4233,-0.42145,0.078904,H5N6,Avian
2455,A/waterfowl/Hong_Kong/378.5/2001_H5N1|GCA_038185205.1,A/waterfowl/Hong_Kong/378,0.3129,0.2683,0.4093,0.2831,0.17,-0.074,0.381,53.28,0.422,0.444,4019,4250,-0.414376,0.082353,H5N1,Avian
2456,A/white-naped_crane/China/ya3/2018_H5N6|GCA_039081355.1,A/white-naped_crane/China,0.2955,0.2693,0.4298,0.2769,0.166,-0.08,0.377,51.88,0.419,0.444,4000,4232,-0.419612,0.079159,H5N6,Avian
2457,A/whooper_swan/Shanxi/RC01/2016_H5N8|GCA_038934035.1,A/whooper_swan/Shanxi/RC0,0.3041,0.2714,0.4091,0.2839,0.169,-0.065,0.384,53.13,0.428,0.448,4023,4255,-0.402679,0.081551,H5N8,Avian
2458,A/wild_bird/Eastern_China/1754/2017_H5N3|GCA_038989725.1,A/wild_bird/Eastern_China,0.2993,0.2793,0.4077,0.2874,0.167,-0.076,0.379,53.43,0.435,0.449,4018,4245,-0.41404,0.081037,Others,Avian
2459,A/wild_bird/Eastern_China/1758/2017_H5N3|GCA_038985435.1,A/wild_bird/Eastern_China,0.2991,0.28,0.4085,0.286,0.168,-0.076,0.379,53.47,0.434,0.449,4017,4245,-0.416608,0.081272,Others,Avian
2460,A/wild_bird/Eastern_China/1759/2017_H5N3|GCA_038989745.1,A/wild_bird/Eastern_China,0.2991,0.2797,0.4076,0.2872,0.167,-0.075,0.38,53.47,0.435,0.449,4016,4245,-0.415972,0.081272,Others,Avian
2461,A/wild_bird/Taipei/04WB12-522-11-15/2004_H5N6|GCA_040482775.1,A/wild_bird/Taipei/04WB12,0.2919,0.2803,0.4087,0.2924,0.164,-0.095,0.368,52.88,0.439,0.45,4018,4252,-0.405997,0.079727,H5N6,Avian
2462,A/wild_duck/Fujian/1/2011_H5N1|GCA_038612095.1,A/wild_duck/Fujian/1/2011,0.3102,0.2658,0.4161,0.2794,0.167,-0.078,0.377,52.93,0.418,0.444,3998,4224,-0.40928,0.081439,H5N1,Avian
2463,A/wild_duck/Fujian/2/2011_H5N1|GCA_038612115.1,A/wild_duck/Fujian/2/2011,0.3107,0.2654,0.4152,0.2802,0.168,-0.076,0.379,52.96,0.418,0.444,3999,4224,-0.408736,0.081439,H5N1,Avian
2464,A/wild_duck/Jilin/HF/2011_H5N1|GCA_038613775.1,A/wild_duck/Jilin/HF/2011,0.3014,0.2749,0.4114,0.2858,0.171,-0.066,0.385,53.18,0.43,0.446,3995,4223,-0.406938,0.081932,H5N1,Avian
2465,A/wild_duck/Jilin/ZF/2011_H5N1|GCA_038613795.1,A/wild_duck/Jilin/ZF/2011,0.2983,0.2787,0.412,0.2857,0.171,-0.066,0.385,52.88,0.432,0.446,3994,4223,-0.410609,0.081932,H5N1,Avian
2466,A/wild_duck/Liaoning/8/2006_H5N1|GCA_038266145.1,A/wild_duck/Liaoning/8/20,0.3121,0.2724,0.4118,0.2738,0.172,-0.07,0.382,53.06,0.42,0.444,3995,4224,-0.422964,0.081913,H5N1,Avian
2467,A/wild_duck/Shandong/1/2011_H5N1|GCA_038613515.1,A/wild_duck/Shandong/1/20,0.3055,0.2774,0.4176,0.2703,0.172,-0.063,0.387,53.22,0.421,0.443,3990,4224,-0.403646,0.082623,H5N1,Avian
2468,A/wild_duck/Shandong/2/2011_H5N1|GCA_038613555.1,A/wild_duck/Shandong/2/20,0.3082,0.2691,0.4146,0.2812,0.17,-0.069,0.384,53.13,0.422,0.443,3991,4223,-0.415818,0.081695,H5N1,Avian
2469,A/wild_duck/Shandong/628/2011_H5N1|GCA_038613315.1,A/wild_duck/Shandong/628/,0.3071,0.2699,0.4234,0.2691,0.171,-0.075,0.38,52.1,0.415,0.442,3997,4228,-0.405535,0.081362,H5N1,Avian
2470,A/wild_duck/Shandong/W3580/2020_H5N8|GCA_039227025.1,A/wild_duck/Shandong/W358,0.3033,0.2714,0.408,0.2849,0.166,-0.074,0.379,52.89,0.429,0.449,4005,4236,-0.399056,0.081681,H5N8,Avian
2471,A/wild_pigeon/Jilin/CC01/2014_H5N6|GCA_038737665.1,A/wild_pigeon/Jilin/CC01/,0.3016,0.2676,0.4248,0.2778,0.162,-0.093,0.369,52.45,0.418,0.444,4002,4233,-0.413844,0.078904,H5N6,Avian
2472,A/Eurasian_Wigeon/Ningxia/476-12/2015_H5N6|GCA_038800705.1,A/Eurasian_Wigeon/Ningxia,0.2977,0.2673,0.4247,0.282,0.162,-0.096,0.367,52.6,0.422,0.445,4002,4233,-0.416253,0.078904,H5N6,Avian
