Index,Seq_name,title                    ,T3s,C3s,A3s,G3s,CAI,CBI,Fop,Nc,GC3s,GC,L_sym,L_aa,Gravy,Aromo,Subtype,Host
1,A/Indonesia/5/2005,A/Indonesia/5/2005       ,0.3043,0.3043,0.4118,0.2917,0.203,-0.041,0.402,53.23,0.443,0.44,679,716,-0.47933,0.093575,H5N1,Human
2,A/Hong_Kong/483/1997,A/Hong_Kong/483/1997     ,0.2828,0.3258,0.4107,0.2942,0.196,-0.009,0.419,51.25,0.461,0.444,677,716,-0.476257,0.094972,H5N1,Human
3,A/Hong_Kong/482/97,A/Hong_Kong/482/97       ,0.2865,0.3127,0.4149,0.2981,0.198,0,0.423,51.5,0.454,0.444,678,716,-0.478492,0.093575,H5N1,Human
4,A/Chicken/HongKong/FY150/01,A/Chicken/HongKong/FY150/,0.2981,0.3151,0.4034,0.2938,0.2,-0.028,0.408,53.57,0.454,0.444,679,716,-0.466341,0.093575,H5N1,Avian
5,A/Chicken/HongKong/YU822.2/01,A/Chicken/HongKong/YU822.,0.3038,0.3075,0.4106,0.2881,0.197,-0.03,0.407,53.83,0.444,0.441,678,716,-0.495112,0.094972,H5N1,Avian
6,A/Chicken/HongKong/YU562/01,A/Chicken/HongKong/YU562/,0.2981,0.3075,0.4099,0.2965,0.2,-0.03,0.406,53.23,0.449,0.444,679,716,-0.464386,0.093575,H5N1,Avian
7,A/Pheasant/Hong_Kong/FY155/01,A/Pheasant/Hong_Kong/FY15,0.2981,0.3132,0.4004,0.3013,0.2,-0.021,0.412,53.25,0.457,0.444,679,716,-0.475698,0.093575,H5N1,Avian
8,A/Hong_Kong/486/97,A/Hong_Kong/486/97       ,0.2846,0.3146,0.413,0.3002,0.2,0.005,0.426,51.41,0.457,0.445,678,716,-0.478492,0.093575,H5N1,Human
9,A/Thailand/16/2004,A/Thailand/16/2004       ,0.3006,0.3062,0.4118,0.2938,0.205,-0.032,0.406,53.76,0.446,0.442,679,716,-0.485754,0.093575,H5N1,Human
10,A/Hong_Kong/538/97,A/Hong_Kong/538/97       ,0.2871,0.3133,0.4168,0.296,0.2,-0.001,0.423,51.38,0.453,0.443,678,716,-0.477654,0.093575,H5N1,Human
11,A/chicken/Indonesia/7/2003,A/chicken/Indonesia/7/200,0.3144,0.2992,0.4087,0.2902,0.204,-0.033,0.407,53.24,0.438,0.439,678,716,-0.487291,0.093575,H5N1,Avian
12,A/chicken/Korea/ES/03,A/chicken/Korea/ES/03    ,0.2698,0.334,0.4259,0.2786,0.2,-0.011,0.419,51.98,0.459,0.447,678,716,-0.500419,0.094972,H5N1,Avian
13,A/Hong_Kong/156/97,A/Hong_Kong/156/97       ,0.2865,0.3127,0.413,0.3002,0.198,-0.003,0.422,51.57,0.456,0.445,678,716,-0.477933,0.093575,H5N1,Human
14,A/whooper_swan/Mongolia/244/2005,A/whooper_swan/Mongolia/2,0.3051,0.3013,0.4202,0.2839,0.203,-0.03,0.408,53.18,0.436,0.438,679,716,-0.48324,0.093575,H5N1,Avian
15,A/Vietnam/UT3062/2004,A/Vietnam/UT3062/2004    ,0.3025,0.3043,0.4118,0.2938,0.204,-0.035,0.405,53.9,0.445,0.442,679,716,-0.483659,0.093575,H5N1,Human
16,A/Anas_crecca/Hubei/Chenhu1623-5/2014_H5N6|EPI_ISL_217941,A/Anas_crecca/Hubei/Chenh,0.2957,0.3051,0.4297,0.2788,0.189,-0.051,0.395,52.96,0.435,0.437,678,716,-0.473464,0.093575,H5N6,Avian
17,A/Anas_crecca/Hubei/Chenhu1623-5/2014|EPI_ISL_179644,A/Anas_crecca/Hubei/Chenh,0.2957,0.3051,0.4297,0.2788,0.189,-0.051,0.395,52.96,0.435,0.437,678,716,-0.473464,0.093575,H5N6,Avian
18,A/Anas_platyrhynchos/Chongming/H5N1_1/2024|EPI_ISL_19890771,A/Anas_platyrhynchos/Chon,0.275,0.3239,0.4023,0.3117,0.199,-0.044,0.399,53.17,0.473,0.449,679,716,-0.468436,0.093575,H5N1,Avian
19,A/Anas_platyrhynchos/Jiujiang/H5N1/2024|EPI_ISL_19890474,A/Anas_platyrhynchos/Jiuj,0.275,0.3239,0.4023,0.3117,0.199,-0.044,0.399,53.17,0.473,0.449,679,716,-0.468436,0.093575,H5N1,Avian
20,A/Anhui/1/2005|EPI_ISL_24603,A/Anhui/1/2005|EPI_ISL_24,0.2911,0.31,0.44,0.271,0.198,-0.031,0.407,53.05,0.432,0.436,678,716,-0.479888,0.093575,H5N1,Human
21,A/Anhui/1/2006|EPI_ISL_73320,A/Anhui/1/2006|EPI_ISL_73,0.293,0.3081,0.4392,0.2704,0.198,-0.028,0.409,52.04,0.431,0.435,678,716,-0.480726,0.093575,H5N1,Human
22,A/Anhui/2/2005|EPI_ISL_24606,A/Anhui/2/2005|EPI_ISL_24,0.2925,0.3075,0.4392,0.2725,0.2,-0.026,0.409,52.84,0.432,0.435,679,716,-0.472207,0.093575,H5N1,Human
23,A/Anhui/2021-00011/2020|EPI_ISL_1081370,A/Anhui/2021-00011/2020|E,0.311,0.2905,0.4283,0.2779,0.183,-0.065,0.386,53.08,0.424,0.435,679,716,-0.467318,0.094972,H5N6,Human
24,A/Anhui/33163/2016|EPI_ISL_284651,A/Anhui/33163/2016|EPI_IS,0.2726,0.3289,0.4286,0.2824,0.214,0.038,0.446,53.83,0.456,0.446,680,716,-0.489944,0.092179,H5N6,Human
25,A/Anser_albifrons/Hubei/Chenhu586/2013_H5N3|EPI_ISL_217933,A/Anser_albifrons/Hubei/C,0.2768,0.3202,0.4345,0.2803,0.194,-0.022,0.412,52.56,0.447,0.441,680,716,-0.480866,0.093575,Others,Avian
26,A/Anser_cygnoides/China/P126/2015|EPI_ISL_503036,A/Anser_cygnoides/China/P,0.2959,0.3034,0.4229,0.2851,0.184,-0.066,0.386,52.77,0.44,0.44,678,716,-0.462291,0.093575,H5N1,Avian
27,A/Anser_cygnoides/Hubei/FW44/2016|EPI_ISL_295492,A/Anser_cygnoides/Hubei/F,0.2825,0.3164,0.4175,0.2956,0.197,-0.034,0.405,53.26,0.455,0.445,679,716,-0.461872,0.094972,H5N8,Avian
28,A/Anser_fabalis/Hunan/03.09__YYDTH0007/2015(H5N6)|EPI_ISL_199110,A/Anser_fabalis/Hunan/03.,0.2943,0.3094,0.4307,0.2735,0.193,-0.038,0.403,53.22,0.435,0.438,678,716,-0.465084,0.093575,H5N6,Avian
29,A/Anser_fabalis/Jiujiang/H5N1/2024|EPI_ISL_19886139,A/Anser_fabalis/Jiujiang/,0.275,0.3239,0.4023,0.3117,0.199,-0.044,0.399,53.17,0.473,0.449,679,716,-0.468436,0.093575,H5N1,Avian
30,A/bar_headed_goose/Tibet/T1707/2021|EPI_ISL_14822756,A/bar_headed_goose/Tibet/,0.2932,0.3064,0.4183,0.2923,0.191,-0.046,0.398,53.18,0.446,0.443,679,716,-0.478352,0.093575,H5N8,Avian
31,A/Bar-headed_Goose/Qinghai/A11/2016|EPI_ISL_292496,A/Bar-headed_Goose/Qingha,0.2763,0.3139,0.4248,0.2983,0.195,-0.034,0.405,53.67,0.455,0.445,679,716,-0.475279,0.093575,H5N8,Avian
32,A/Bar-headed_Goose/Qinghai/A13/2016|EPI_ISL_292183,A/Bar-headed_Goose/Qingha,0.2763,0.3139,0.4248,0.2983,0.195,-0.034,0.405,53.67,0.455,0.445,679,716,-0.475279,0.093575,H5N8,Avian
33,A/Bar-headed_Goose/Qinghai/a15/2016|EPI_ISL_292237,A/Bar-headed_Goose/Qingha,0.2763,0.3139,0.4286,0.2941,0.196,-0.034,0.405,53.31,0.452,0.444,679,716,-0.475279,0.093575,H5N8,Avian
34,A/Bar-headed_Goose/Qinghai/A16/2016|EPI_ISL_292182,A/Bar-headed_Goose/Qingha,0.2744,0.3158,0.4267,0.2962,0.196,-0.031,0.406,53.23,0.455,0.445,679,716,-0.475279,0.093575,H5N8,Avian
35,A/Bar-headed_Goose/Qinghai/A17/2016|EPI_ISL_292176,A/Bar-headed_Goose/Qingha,0.2763,0.3139,0.4267,0.2962,0.195,-0.034,0.405,53.39,0.454,0.444,679,716,-0.475279,0.093575,H5N8,Avian
36,A/Bar-headed_Goose/Qinghai/A19/2016|EPI_ISL_292181,A/Bar-headed_Goose/Qingha,0.2763,0.3139,0.4248,0.2983,0.195,-0.034,0.405,53.67,0.455,0.445,679,716,-0.475279,0.093575,H5N8,Avian
37,A/Bar-headed_Goose/Qinghai/A20/2016|EPI_ISL_292177,A/Bar-headed_Goose/Qingha,0.2758,0.3152,0.4237,0.2989,0.195,-0.034,0.405,53.67,0.457,0.445,679,716,-0.474721,0.093575,H5N8,Avian
38,A/Bar-headed_Goose/Qinghai/A22/2016|EPI_ISL_292170,A/Bar-headed_Goose/Qingha,0.2763,0.3158,0.4183,0.3019,0.194,-0.036,0.404,53.95,0.459,0.447,679,716,-0.469832,0.092179,H5N8,Avian
39,A/Bar-headed_Goose/Qinghai/A23/2016|EPI_ISL_292192,A/Bar-headed_Goose/Qingha,0.2763,0.3139,0.4267,0.2962,0.195,-0.034,0.405,53.39,0.454,0.444,679,716,-0.475279,0.093575,H5N8,Avian
40,A/Bar-headed_Goose/Qinghai/a24/2016|EPI_ISL_292236,A/Bar-headed_Goose/Qingha,0.2763,0.3139,0.4267,0.2968,0.195,-0.036,0.404,53.27,0.454,0.444,679,716,-0.47486,0.093575,H5N8,Avian
41,A/Bar-headed_Goose/Qinghai/a26/2016|EPI_ISL_292330,A/Bar-headed_Goose/Qingha,0.2763,0.3139,0.4267,0.2962,0.195,-0.034,0.405,53.39,0.454,0.444,679,716,-0.475279,0.093575,H5N8,Avian
42,A/Bar-headed_Goose/Qinghai/a27/2016|EPI_ISL_292329,A/Bar-headed_Goose/Qingha,0.2763,0.3139,0.4267,0.2962,0.195,-0.034,0.405,53.39,0.454,0.444,679,716,-0.475279,0.093575,H5N8,Avian
43,A/Bar-headed_Goose/Qinghai/a32/2016|EPI_ISL_292196,A/Bar-headed_Goose/Qingha,0.2763,0.3139,0.4267,0.2962,0.195,-0.034,0.405,53.39,0.454,0.444,679,716,-0.475279,0.093575,H5N8,Avian
44,A/Bar-headed_Goose/Qinghai/a43/2016|EPI_ISL_292235,A/Bar-headed_Goose/Qingha,0.2763,0.3139,0.4267,0.2962,0.195,-0.034,0.405,53.39,0.454,0.444,679,716,-0.475279,0.093575,H5N8,Avian
45,A/Bar-headed_Goose/Qinghai/a45/2016|EPI_ISL_292328,A/Bar-headed_Goose/Qingha,0.2763,0.3139,0.4248,0.2983,0.195,-0.034,0.405,53.67,0.455,0.445,679,716,-0.475279,0.093575,H5N8,Avian
46,A/Bar-headed_Goose/Qinghai/a61/2016|EPI_ISL_292231,A/Bar-headed_Goose/Qingha,0.2763,0.3139,0.4267,0.2962,0.195,-0.034,0.405,53.39,0.454,0.444,679,716,-0.475279,0.093575,H5N8,Avian
47,A/Bar-headed_Goose/Qinghai/a88/2016|EPI_ISL_292194,A/Bar-headed_Goose/Qingha,0.2758,0.3152,0.419,0.3025,0.192,-0.038,0.402,53.79,0.459,0.447,679,716,-0.472626,0.093575,H5N8,Avian
48,A/Bar-headed_Goose/Qinghai/a91/2016|EPI_ISL_292233,A/Bar-headed_Goose/Qingha,0.2758,0.3152,0.419,0.3025,0.192,-0.038,0.402,53.79,0.459,0.447,679,716,-0.472626,0.093575,H5N8,Avian
49,A/Bar-headed_Goose/Qinghai/a92/2016|EPI_ISL_292234,A/Bar-headed_Goose/Qingha,0.2739,0.3152,0.4183,0.304,0.192,-0.037,0.402,53.77,0.461,0.447,679,716,-0.471229,0.092179,H5N8,Avian
50,A/Bar-headed_Goose/Qinghai/a93/2016|EPI_ISL_292230,A/Bar-headed_Goose/Qingha,0.2763,0.3139,0.4267,0.2962,0.195,-0.034,0.405,53.39,0.454,0.444,679,716,-0.475279,0.093575,H5N8,Avian
51,A/Bar-headed_Goose/Qinghai/a113/2016|EPI_ISL_292229,A/Bar-headed_Goose/Qingha,0.2763,0.3139,0.4248,0.2983,0.195,-0.034,0.405,53.67,0.455,0.445,679,716,-0.475279,0.093575,H5N8,Avian
52,A/Bar-headed_Goose/Qinghai/a114/2016|EPI_ISL_292331,A/Bar-headed_Goose/Qingha,0.2763,0.3139,0.4267,0.2962,0.195,-0.034,0.405,53.39,0.454,0.444,679,716,-0.475279,0.093575,H5N8,Avian
53,A/Bar-headed_Goose/Qinghai/a115/2016|EPI_ISL_292198,A/Bar-headed_Goose/Qingha,0.2763,0.3139,0.4248,0.2983,0.195,-0.034,0.405,53.67,0.455,0.445,679,716,-0.475279,0.093575,H5N8,Avian
54,A/Bar-headed_Goose/Qinghai/a210/2017|EPI_ISL_292498,A/Bar-headed_Goose/Qingha,0.2844,0.3183,0.4183,0.2926,0.198,-0.032,0.406,52.63,0.454,0.445,679,716,-0.467318,0.093575,H5N8,Avian
55,A/Bar-headed_Goose/Qinghai/a218/2017|EPI_ISL_292341,A/Bar-headed_Goose/Qingha,0.2844,0.3183,0.4183,0.2926,0.198,-0.032,0.406,52.63,0.454,0.445,679,716,-0.467318,0.093575,H5N8,Avian
56,A/Bar-headed_Goose/Qinghai/a237/2017|EPI_ISL_292476,A/Bar-headed_Goose/Qingha,0.2844,0.3183,0.4183,0.2926,0.198,-0.032,0.406,52.63,0.454,0.445,679,716,-0.467318,0.093575,H5N8,Avian
57,A/Bar-headed_Goose/Qinghai/a765/2017|EPI_ISL_292478,A/Bar-headed_Goose/Qingha,0.2844,0.3183,0.4183,0.2926,0.198,-0.032,0.406,52.63,0.454,0.445,679,716,-0.467318,0.093575,H5N8,Avian
58,A/Bar-headed_Goose/Qinghai/a893/2017|EPI_ISL_292479,A/Bar-headed_Goose/Qingha,0.2844,0.3183,0.4183,0.2926,0.198,-0.032,0.406,52.63,0.454,0.445,679,716,-0.467318,0.093575,H5N8,Avian
59,A/Bar-headed_Goose/Qinghai/B11/2016|EPI_ISL_292495,A/Bar-headed_Goose/Qingha,0.2758,0.3152,0.419,0.3025,0.192,-0.038,0.402,53.79,0.459,0.447,679,716,-0.472626,0.093575,H5N8,Avian
60,A/Bar-headed_Goose/Qinghai/B12/2016|EPI_ISL_292191,A/Bar-headed_Goose/Qingha,0.2763,0.3139,0.4267,0.2962,0.195,-0.034,0.405,53.39,0.454,0.444,679,716,-0.475279,0.093575,H5N8,Avian
61,A/Bar-headed_Goose/Qinghai/B34/2016|EPI_ISL_292186,A/Bar-headed_Goose/Qingha,0.2763,0.3139,0.4267,0.2962,0.195,-0.034,0.405,53.39,0.454,0.444,679,716,-0.475279,0.093575,H5N8,Avian
62,A/Bar-headed_Goose/Qinghai/B44/2016|EPI_ISL_291952,A/Bar-headed_Goose/Qingha,0.2763,0.3139,0.4248,0.2983,0.195,-0.034,0.405,53.67,0.455,0.445,679,716,-0.475279,0.093575,H5N8,Avian
63,A/Bar-headed_Goose/Qinghai/B51/2016|EPI_ISL_292184,A/Bar-headed_Goose/Qingha,0.2763,0.3139,0.4267,0.2962,0.195,-0.034,0.405,53.39,0.454,0.444,679,716,-0.475279,0.093575,H5N8,Avian
64,A/Bar-headed_Goose/Qinghai/B54/2016|EPI_ISL_292173,A/Bar-headed_Goose/Qingha,0.2758,0.3152,0.419,0.3025,0.192,-0.038,0.402,53.79,0.459,0.447,679,716,-0.472626,0.093575,H5N8,Avian
65,A/Bar-headed_Goose/Qinghai/B655/2017|EPI_ISL_292334,A/Bar-headed_Goose/Qingha,0.2844,0.3183,0.4183,0.2926,0.198,-0.032,0.406,52.63,0.454,0.445,679,716,-0.467318,0.093575,H5N8,Avian
66,A/Bar-headed_Goose/Qinghai/BTY1-B/2016|EPI_ISL_224704,A/Bar-headed_Goose/Qingha,0.2763,0.3158,0.419,0.3025,0.194,-0.039,0.402,53.91,0.459,0.446,679,716,-0.471788,0.093575,H5N8,Avian
67,A/Bar-headed_Goose/Qinghai/BTY2/2015_H5N1|EPI_ISL_200998,A/Bar-headed_Goose/Qingha,0.2938,0.2994,0.4592,0.2521,0.182,-0.058,0.391,52.44,0.413,0.432,678,716,-0.493855,0.093575,H5N1,Avian
68,A/Bar-headed_Goose/Qinghai/BTY2-B/2016|EPI_ISL_224707,A/Bar-headed_Goose/Qingha,0.2763,0.3139,0.4267,0.2962,0.195,-0.034,0.405,53.39,0.454,0.444,679,716,-0.475279,0.093575,H5N8,Avian
69,A/Bar-headed_Goose/Qinghai/BTY2-LU/2016|EPI_ISL_224708,A/Bar-headed_Goose/Qingha,0.2763,0.3139,0.4267,0.2962,0.195,-0.034,0.405,53.39,0.454,0.444,679,716,-0.475279,0.093575,H5N8,Avian
70,A/Bar-headed_Goose/Qinghai/BTY3-B/2016|EPI_ISL_224709,A/Bar-headed_Goose/Qingha,0.2763,0.3158,0.421,0.3004,0.194,-0.039,0.402,53.99,0.458,0.446,679,716,-0.471788,0.093575,H5N8,Avian
71,A/Bar-headed_Goose/Qinghai/BTY3-LU/2016|EPI_ISL_224710,A/Bar-headed_Goose/Qingha,0.2763,0.3158,0.421,0.3004,0.194,-0.039,0.402,53.99,0.458,0.446,679,716,-0.471788,0.093575,H5N8,Avian
72,A/Bar-headed_Goose/Qinghai/BTY4-B/2016|EPI_ISL_224711,A/Bar-headed_Goose/Qingha,0.2763,0.3158,0.421,0.3004,0.194,-0.039,0.402,53.99,0.458,0.446,679,716,-0.471788,0.093575,H5N8,Avian
73,A/Bar-headed_Goose/Qinghai/BTY4-LU/2016|EPI_ISL_224712,A/Bar-headed_Goose/Qingha,0.2763,0.3158,0.421,0.3004,0.194,-0.039,0.402,53.99,0.458,0.446,679,716,-0.471788,0.093575,H5N8,Avian
74,A/Bar-headed_Goose/Qinghai/BTY5-B/2016|EPI_ISL_224713,A/Bar-headed_Goose/Qingha,0.2763,0.3158,0.419,0.3025,0.194,-0.039,0.402,53.91,0.459,0.446,679,716,-0.471788,0.093575,H5N8,Avian
75,A/Bar-headed_Goose/Qinghai/BTY6-B/2016|EPI_ISL_224714,A/Bar-headed_Goose/Qingha,0.2763,0.3139,0.4267,0.2962,0.195,-0.034,0.405,53.39,0.454,0.444,679,716,-0.475279,0.093575,H5N8,Avian
76,A/Bar-headed_Goose/Qinghai/BTY6-LU/2016|EPI_ISL_224715,A/Bar-headed_Goose/Qingha,0.2763,0.3139,0.4267,0.2962,0.195,-0.034,0.405,53.39,0.454,0.444,679,716,-0.475279,0.093575,H5N8,Avian
77,A/Bar-headed_Goose/Qinghai/BTY7-B/2016|EPI_ISL_224716,A/Bar-headed_Goose/Qingha,0.2763,0.3139,0.4248,0.2983,0.195,-0.034,0.405,53.67,0.455,0.445,679,716,-0.475279,0.093575,H5N8,Avian
78,A/Bar-headed_Goose/Qinghai/BTY7-LU1/2016|EPI_ISL_224717,A/Bar-headed_Goose/Qingha,0.2763,0.3139,0.4248,0.2983,0.195,-0.034,0.405,53.67,0.455,0.445,679,716,-0.475279,0.093575,H5N8,Avian
79,A/Bar-headed_Goose/Qinghai/BTY7-LU2/2016|EPI_ISL_224718,A/Bar-headed_Goose/Qingha,0.2763,0.3139,0.4248,0.2983,0.195,-0.034,0.405,53.67,0.455,0.445,679,716,-0.475279,0.093575,H5N8,Avian
80,A/Bar-headed_Goose/Qinghai/BTY8-B/2016|EPI_ISL_224719,A/Bar-headed_Goose/Qingha,0.2744,0.3177,0.419,0.3025,0.193,-0.041,0.401,53.82,0.461,0.447,679,716,-0.471788,0.093575,H5N8,Avian
81,A/Bar-headed_Goose/Qinghai/BTY8-LU/2016|EPI_ISL_224720,A/Bar-headed_Goose/Qingha,0.2744,0.3177,0.419,0.3025,0.193,-0.041,0.401,53.82,0.461,0.447,679,716,-0.471788,0.093575,H5N8,Avian
82,A/Bar-headed_Goose/Qinghai/BTY9-B/2016|EPI_ISL_224721,A/Bar-headed_Goose/Qingha,0.2763,0.3139,0.421,0.3025,0.194,-0.039,0.402,53.68,0.458,0.446,679,716,-0.471788,0.093575,H5N8,Avian
83,A/Bar-headed_Goose/Qinghai/BTY9-LU/2016|EPI_ISL_224722,A/Bar-headed_Goose/Qingha,0.2763,0.3139,0.421,0.3025,0.194,-0.039,0.402,53.68,0.458,0.446,679,716,-0.471788,0.093575,H5N8,Avian
84,A/Bar-headed_Goose/Qinghai/BTY10-B/2016|EPI_ISL_224723,A/Bar-headed_Goose/Qingha,0.2763,0.3139,0.4267,0.2962,0.195,-0.034,0.405,53.39,0.454,0.444,679,716,-0.475279,0.093575,H5N8,Avian
85,A/Bar-headed_Goose/Qinghai/BTY10-LU/2016|EPI_ISL_224724,A/Bar-headed_Goose/Qingha,0.2763,0.3139,0.4267,0.2962,0.195,-0.034,0.405,53.39,0.454,0.444,679,716,-0.475279,0.093575,H5N8,Avian
86,A/Bar-headed_Goose/Qinghai/BTY11-B/2016|EPI_ISL_224725,A/Bar-headed_Goose/Qingha,0.2763,0.3139,0.4248,0.2983,0.195,-0.034,0.405,53.67,0.455,0.445,679,716,-0.475279,0.093575,H5N8,Avian
87,A/Bar-headed_Goose/Qinghai/BTY11-LU/2016|EPI_ISL_224726,A/Bar-headed_Goose/Qingha,0.2763,0.3139,0.4248,0.2983,0.195,-0.034,0.405,53.67,0.455,0.445,679,716,-0.475279,0.093575,H5N8,Avian
88,A/Bar-headed_Goose/Qinghai/BTY12-B/2016|EPI_ISL_224727,A/Bar-headed_Goose/Qingha,0.2763,0.3158,0.419,0.3025,0.193,-0.041,0.401,53.87,0.459,0.447,679,716,-0.471229,0.093575,H5N8,Avian
89,A/Bar-headed_Goose/Qinghai/BTY12-LU/2016|EPI_ISL_224728,A/Bar-headed_Goose/Qingha,0.2763,0.3158,0.419,0.3025,0.193,-0.041,0.401,53.87,0.459,0.447,679,716,-0.471229,0.093575,H5N8,Avian
90,A/Bar-headed_Goose/Qinghai/BTY13-B/2016|EPI_ISL_224729,A/Bar-headed_Goose/Qingha,0.2763,0.3139,0.4286,0.2941,0.196,-0.034,0.405,53.31,0.452,0.444,679,716,-0.475279,0.093575,H5N8,Avian
91,A/Bar-headed_Goose/Qinghai/BTY13-LU/2016|EPI_ISL_224730,A/Bar-headed_Goose/Qingha,0.2763,0.3139,0.4286,0.2941,0.196,-0.034,0.405,53.31,0.452,0.444,679,716,-0.475279,0.093575,H5N8,Avian
92,A/Bar-headed_Goose/Qinghai/BTY14-B/2016|EPI_ISL_224731,A/Bar-headed_Goose/Qingha,0.2763,0.3139,0.4248,0.2983,0.195,-0.034,0.405,53.67,0.455,0.445,679,716,-0.475279,0.093575,H5N8,Avian
93,A/Bar-headed_Goose/Qinghai/BTY14-LU/2016|EPI_ISL_224732,A/Bar-headed_Goose/Qingha,0.2763,0.3139,0.4248,0.2983,0.194,-0.034,0.405,53.74,0.455,0.445,679,716,-0.478352,0.093575,H5N8,Avian
94,A/Bar-headed_Goose/Qinghai/BTY15-B/2016|EPI_ISL_224733,A/Bar-headed_Goose/Qingha,0.2763,0.3139,0.4267,0.2968,0.196,-0.032,0.406,53.44,0.454,0.444,679,716,-0.474302,0.093575,H5N8,Avian
95,A/Bar-headed_Goose/Qinghai/BTY15-LU/2016|EPI_ISL_224734,A/Bar-headed_Goose/Qingha,0.2763,0.3139,0.4278,0.2935,0.195,-0.031,0.406,53.68,0.452,0.444,679,716,-0.477095,0.093575,H5N8,Avian
96,A/Bar-headed_Goose/Qinghai/BTY16-B/2016|EPI_ISL_224735,A/Bar-headed_Goose/Qingha,0.2782,0.3139,0.4248,0.2962,0.193,-0.036,0.404,53.69,0.454,0.444,679,716,-0.478352,0.093575,H5N8,Avian
97,A/Bar-headed_Goose/Qinghai/BTY16-LU/2016|EPI_ISL_224736,A/Bar-headed_Goose/Qingha,0.2763,0.3139,0.4248,0.2983,0.195,-0.034,0.405,53.67,0.455,0.445,679,716,-0.475279,0.093575,H5N8,Avian
98,A/Bar-headed_Goose/Qinghai/BTY17-B/2016|EPI_ISL_224737,A/Bar-headed_Goose/Qingha,0.275,0.3164,0.4183,0.304,0.194,-0.036,0.404,53.97,0.461,0.447,679,716,-0.472207,0.093575,H5N8,Avian
99,A/Bar-headed_Goose/Qinghai/BTY17-LU/2016|EPI_ISL_224738,A/Bar-headed_Goose/Qingha,0.2763,0.3158,0.419,0.3025,0.194,-0.039,0.402,53.91,0.459,0.446,679,716,-0.471788,0.093575,H5N8,Avian
100,A/Bar-headed_Goose/Qinghai/BTY18-B/2016|EPI_ISL_224739,A/Bar-headed_Goose/Qingha,0.2758,0.3133,0.4278,0.2962,0.194,-0.034,0.404,53.45,0.453,0.443,680,716,-0.468575,0.094972,H5N8,Avian
101,A/Bar-headed_Goose/Qinghai/BTY18-LU/2016|EPI_ISL_224740,A/Bar-headed_Goose/Qingha,0.2758,0.3133,0.4278,0.2962,0.194,-0.034,0.404,53.45,0.453,0.443,680,716,-0.468575,0.094972,H5N8,Avian
102,A/Bar-headed_Goose/Qinghai/HDT001/2016|EPI_ISL_292232,A/Bar-headed_Goose/Qingha,0.2763,0.3139,0.4248,0.2983,0.195,-0.034,0.405,53.67,0.455,0.445,679,716,-0.475279,0.093575,H5N8,Avian
103,A/Bar-headed_Goose/Qinghai/p2/2016|EPI_ISL_292327,A/Bar-headed_Goose/Qingha,0.2763,0.3139,0.4267,0.2962,0.195,-0.034,0.405,53.39,0.454,0.444,679,716,-0.475279,0.093575,H5N8,Avian
104,A/Bar-headed_Goose/Qinghai/p9/2016|EPI_ISL_292239,A/Bar-headed_Goose/Qingha,0.2758,0.3152,0.419,0.3025,0.192,-0.038,0.402,53.79,0.459,0.447,679,716,-0.472626,0.093575,H5N8,Avian
105,A/Bar-headed_Goose/Qinghai/p18/2016|EPI_ISL_292238,A/Bar-headed_Goose/Qingha,0.2758,0.3152,0.419,0.3025,0.192,-0.038,0.402,53.79,0.459,0.447,679,716,-0.472626,0.093575,H5N8,Avian
106,A/Bar-headed_goose/Qinghai/X402/2015_H5N6|EPI_ISL_218200,A/Bar-headed_goose/Qingha,0.3077,0.2983,0.4226,0.28,0.187,-0.063,0.388,52.87,0.431,0.436,677,716,-0.472765,0.093575,H5N6,Avian
107,A/Bar-headed_goose/Qinghai/X417/2015_H5N6|EPI_ISL_218201,A/Bar-headed_goose/Qingha,0.3058,0.3002,0.4226,0.28,0.186,-0.063,0.388,52.91,0.433,0.437,677,716,-0.472765,0.093575,H5N6,Avian
108,A/Bar-headed_goose/Qinghai/X418-1/2015_H5N6|EPI_ISL_218202,A/Bar-headed_goose/Qingha,0.3021,0.3039,0.4226,0.28,0.186,-0.06,0.39,53.02,0.436,0.438,677,716,-0.472765,0.093575,H5N6,Avian
109,A/Bar-headed_goose/Qinghai/X418-2/2015_H5N6|EPI_ISL_218203,A/Bar-headed_goose/Qingha,0.3077,0.2983,0.4226,0.28,0.187,-0.063,0.388,52.87,0.431,0.436,677,716,-0.472765,0.093575,H5N6,Avian
110,A/Bar-headed_goose/Qinghai/X424/2015_H5N6|EPI_ISL_218204,A/Bar-headed_goose/Qingha,0.3058,0.3002,0.4234,0.2806,0.186,-0.063,0.388,52.87,0.433,0.436,677,716,-0.476536,0.093575,H5N6,Avian
111,A/Bar-headed_goose/Qinghai/X428/2015_H5N6|EPI_ISL_218205,A/Bar-headed_goose/Qingha,0.3058,0.3002,0.4234,0.2806,0.186,-0.063,0.388,52.87,0.433,0.436,677,716,-0.476536,0.093575,H5N6,Avian
112,A/Bar-headed_goose/Qinghai/X430/2015_H5N6|EPI_ISL_218206,A/Bar-headed_goose/Qingha,0.3077,0.2983,0.4226,0.28,0.187,-0.063,0.388,52.87,0.431,0.436,677,716,-0.472765,0.093575,H5N6,Avian
113,A/Bar-headed_goose/Qinghai/X437/2015_H5N6|EPI_ISL_218207,A/Bar-headed_goose/Qingha,0.3077,0.2983,0.4226,0.28,0.187,-0.063,0.388,52.87,0.431,0.436,677,716,-0.472765,0.093575,H5N6,Avian
114,A/Bar-headed_Goose/Qinghai/XX13/2016|EPI_ISL_292179,A/Bar-headed_Goose/Qingha,0.2763,0.3139,0.4286,0.2941,0.196,-0.034,0.405,53.31,0.452,0.444,679,716,-0.475279,0.093575,H5N8,Avian
115,A/Bar-headed_Goose/Qinghai/XX22/2016|EPI_ISL_292180,A/Bar-headed_Goose/Qingha,0.2763,0.3139,0.4286,0.2941,0.196,-0.034,0.405,53.31,0.452,0.444,679,716,-0.475279,0.093575,H5N8,Avian
116,A/Bar-headed_Goose/Qinghai/XX76/2016|EPI_ISL_292193,A/Bar-headed_Goose/Qingha,0.2763,0.3139,0.4267,0.2962,0.195,-0.034,0.405,53.39,0.454,0.444,679,716,-0.475279,0.093575,H5N8,Avian
117,A/Bar-headed_Goose/Qinghai/XX111/2016|EPI_ISL_292190,A/Bar-headed_Goose/Qingha,0.2763,0.3139,0.4286,0.2941,0.196,-0.034,0.405,53.31,0.452,0.444,679,716,-0.475279,0.093575,H5N8,Avian
118,A/Bar-headed_Goose/Qinghai/XX446/2016|EPI_ISL_292175,A/Bar-headed_Goose/Qingha,0.2763,0.3139,0.4248,0.2983,0.195,-0.034,0.405,53.67,0.455,0.445,679,716,-0.475279,0.093575,H5N8,Avian
119,A/Bar-headed_Goose/Qinghai/XX782/2016|EPI_ISL_292187,A/Bar-headed_Goose/Qingha,0.2758,0.3133,0.4278,0.2962,0.194,-0.034,0.404,53.45,0.453,0.443,680,716,-0.468575,0.094972,H5N8,Avian
120,A/Bar-headed_Goose/Qinghai/XXI122/2016|EPI_ISL_292497,A/Bar-headed_Goose/Qingha,0.2758,0.3133,0.4278,0.2962,0.194,-0.034,0.404,53.45,0.453,0.443,680,716,-0.468575,0.094972,H5N8,Avian
121,A/Bar-headed_Goose/Tibet/XZ6/2021|EPI_ISL_8215658,A/Bar-headed_Goose/Tibet/,0.2914,0.3083,0.4221,0.2881,0.192,-0.043,0.399,53,0.445,0.443,679,716,-0.478352,0.093575,H5N8,Avian
122,A/Bar-headed_Goose/Tibet/XZ71/2021|EPI_ISL_8215659,A/Bar-headed_Goose/Tibet/,0.2932,0.3064,0.4183,0.2923,0.191,-0.046,0.398,53.18,0.446,0.443,679,716,-0.478352,0.093575,H5N8,Avian
123,A/Bar-headed_Goose/Tibet/XZ81/2021|EPI_ISL_8215660,A/Bar-headed_Goose/Tibet/,0.2932,0.3064,0.4202,0.2902,0.192,-0.043,0.399,53.15,0.445,0.443,679,716,-0.478352,0.093575,H5N8,Avian
124,A/Bar-headed_Goose/Tibet/XZ181/2021|EPI_ISL_8215661,A/Bar-headed_Goose/Tibet/,0.2914,0.3083,0.4221,0.2881,0.192,-0.043,0.399,53,0.445,0.443,679,716,-0.478352,0.093575,H5N8,Avian
125,A/Bar-headed_Goose/Tibet/XZ901/2021|EPI_ISL_8215688,A/Bar-headed_Goose/Tibet/,0.2787,0.3183,0.4118,0.304,0.194,-0.045,0.399,54.14,0.462,0.445,679,716,-0.466341,0.093575,H5N1,Avian
126,A/Bar-headed_Goose/Tibet/XZ1131/2021|EPI_ISL_8215689,A/Bar-headed_Goose/Tibet/,0.2787,0.3183,0.4118,0.304,0.194,-0.045,0.399,54.14,0.462,0.445,679,716,-0.466341,0.093575,H5N1,Avian
127,A/Bar-headed_Goose/Tibet/XZQ5-1/2021|EPI_ISL_8215653,A/Bar-headed_Goose/Tibet/,0.2932,0.3064,0.4183,0.2923,0.191,-0.046,0.398,53.18,0.446,0.443,679,716,-0.478352,0.093575,H5N8,Avian
128,A/Bar-headed_Goose/Tibet/XZQ7/2021|EPI_ISL_8215654,A/Bar-headed_Goose/Tibet/,0.2932,0.3064,0.4183,0.2923,0.191,-0.046,0.398,53.18,0.446,0.443,679,716,-0.478352,0.093575,H5N8,Avian
129,A/Bar-headed_Goose/Tibet/XZQ8-1/2021|EPI_ISL_8215655,A/Bar-headed_Goose/Tibet/,0.2932,0.3064,0.4183,0.2923,0.191,-0.046,0.398,53.18,0.446,0.443,679,716,-0.478352,0.093575,H5N8,Avian
130,A/Bar-headed_Goose/Tibet/XZQ9-1/2021|EPI_ISL_8215656,A/Bar-headed_Goose/Tibet/,0.2932,0.3064,0.4183,0.2923,0.191,-0.046,0.398,53.18,0.446,0.443,679,716,-0.478352,0.093575,H5N8,Avian
131,A/Bar-headed_Goose/Tibet/XZQ10-1/2021|EPI_ISL_8215657,A/Bar-headed_Goose/Tibet/,0.2932,0.3064,0.4183,0.2923,0.191,-0.046,0.398,53.18,0.446,0.443,679,716,-0.478352,0.093575,H5N8,Avian
132,A/Bar-headed_Goose/Tibet/XZQ13-1/2021|EPI_ISL_8215662,A/Bar-headed_Goose/Tibet/,0.2914,0.3083,0.4202,0.2902,0.192,-0.043,0.399,52.95,0.446,0.443,679,716,-0.478352,0.093575,H5N8,Avian
133,A/Bar-headed_Goose/Tibet/XZQ17-1/2021|EPI_ISL_8215685,A/Bar-headed_Goose/Tibet/,0.2914,0.3083,0.4221,0.2881,0.192,-0.043,0.399,53,0.445,0.443,679,716,-0.478352,0.093575,H5N8,Avian
134,A/Bar-headed_Goose/Tibet/XZQ18-1/2021|EPI_ISL_8215686,A/Bar-headed_Goose/Tibet/,0.2908,0.3077,0.4221,0.2881,0.19,-0.045,0.398,52.83,0.445,0.443,679,716,-0.47919,0.093575,H5N8,Avian
135,A/bean_goose/Hubei/BQ11/2020|EPI_ISL_2713372,A/bean_goose/Hubei/BQ11/2,0.2932,0.3064,0.4221,0.2881,0.192,-0.043,0.399,53.58,0.443,0.443,679,716,-0.485894,0.093575,H5N8,Avian
136,A/Bean_Goose/Hubei/chenhu__XVI311-2_/2016_H5N8|EPI_ISL_217879,A/Bean_Goose/Hubei/chenhu,0.3472,0.2736,0.3977,0.2923,0.207,-0.041,0.401,54.56,0.42,0.436,679,716,-0.467318,0.093575,H5N8,Avian
137,A/Bean_goose/Hubei/CH-i119/2017|EPI_ISL_266821,A/Bean_goose/Hubei/CH-i11,0.2763,0.3139,0.4248,0.2983,0.195,-0.034,0.405,53.67,0.455,0.445,679,716,-0.475279,0.093575,H5N8,Avian
138,A/Bean_goose/Hubei/CH-i122/2017_H5N8|EPI_ISL_266820,A/Bean_goose/Hubei/CH-i12,0.2763,0.3139,0.4248,0.2983,0.195,-0.034,0.405,53.67,0.455,0.445,679,716,-0.475279,0.093575,H5N8,Avian
139,A/Bean_goose/Hubei/CH-I225/2017|EPI_ISL_266825,A/Bean_goose/Hubei/CH-I22,0.3109,0.2884,0.421,0.2872,0.185,-0.079,0.379,53.31,0.429,0.437,678,716,-0.465224,0.093575,H5N6,Avian
140,A/Bean_goose/Hubei/CH-i320/2017_H5N8|EPI_ISL_266824,A/Bean_goose/Hubei/CH-i32,0.2763,0.3139,0.424,0.2977,0.193,-0.035,0.404,53.7,0.455,0.446,679,716,-0.480587,0.092179,H5N8,Avian
141,A/black_chicken/Jiangxi/10129/2014|EPI_ISL_173482,A/black_chicken/Jiangxi/1,0.3,0.3,0.4373,0.2725,0.189,-0.051,0.395,52.94,0.426,0.434,678,716,-0.471508,0.093575,H5N6,Avian
142,A/Black_faced_Spoonbill/AFCD-HKU-22-21944-01009/2022|EPI_ISL_19135474,A/Black_faced_Spoonbill/A,0.286,0.3182,0.4297,0.2765,0.196,-0.03,0.407,53.08,0.444,0.443,678,716,-0.485196,0.094972,H5N1,Avian
143,A/Black_Faced_Spoonbill/Hong_Kong/AFCD-HKU-21-17198.01012/2021|EPI_ISL_19287787,A/Black_Faced_Spoonbill/H,0.2838,0.312,0.4175,0.2965,0.193,-0.032,0.406,54.21,0.454,0.445,679,716,-0.475419,0.093575,H5N1,Avian
144,A/Black_Faced_Spoonbill/Hong_Kong/AFCD-HKU-22-21429-01012/2022|EPI_ISL_19258148,A/Black_Faced_Spoonbill/H,0.2841,0.3182,0.4373,0.2708,0.195,-0.028,0.409,52.57,0.44,0.44,678,716,-0.484218,0.094972,H5N1,Avian
145,A/black_swan/Beijing/1/2021|EPI_ISL_5260418,A/black_swan/Beijing/1/20,0.2932,0.3064,0.4202,0.2902,0.192,-0.046,0.398,53.88,0.445,0.443,679,716,-0.485754,0.093575,H5N8,Avian
146,A/black-backed_gull/Shandong/SC189/2021|EPI_ISL_5260416,A/black-backed_gull/Shand,0.2914,0.3083,0.4183,0.2929,0.193,-0.041,0.401,53.48,0.448,0.444,679,716,-0.485475,0.093575,H5N8,Avian
147,A/Black-necked_Grebe/Inner_Mongolia/Anal_swab4/2015_H5N1|EPI_ISL_201010,A/Black-necked_Grebe/Inne,0.2927,0.3021,0.458,0.2547,0.182,-0.056,0.392,52.31,0.416,0.432,678,716,-0.49609,0.094972,H5N1,Avian
148,A/Black-necked_Grebe/Inner_Mongolia/Brain1/2015_H5N1|EPI_ISL_201001,A/Black-necked_Grebe/Inne,0.2938,0.3013,0.4582,0.2526,0.184,-0.058,0.391,51.97,0.414,0.431,678,716,-0.488408,0.093575,H5N1,Avian
149,A/Black-necked_Grebe/Inner_Mongolia/Brain3/2015_H5N1|EPI_ISL_201006,A/Black-necked_Grebe/Inne,0.2925,0.3019,0.4592,0.2516,0.184,-0.055,0.392,51.94,0.414,0.431,678,716,-0.498743,0.092179,H5N1,Avian
150,A/Black-necked_Grebe/Inner_Mongolia/Liver3/2015_H5N1|EPI_ISL_201005,A/Black-necked_Grebe/Inne,0.2938,0.3013,0.4582,0.2526,0.184,-0.058,0.391,51.97,0.414,0.431,678,716,-0.488408,0.093575,H5N1,Avian
151,A/Black-necked_Grebe/Inner_Mongolia/Lung2/2015_H5N1|EPI_ISL_201003,A/Black-necked_Grebe/Inne,0.2938,0.3013,0.4582,0.2526,0.184,-0.058,0.391,51.97,0.414,0.431,678,716,-0.488408,0.093575,H5N1,Avian
152,A/Black-necked_Grebe/Inner_Mongolia/Lung3-2/2015_H5N1|EPI_ISL_201007,A/Black-necked_Grebe/Inne,0.2938,0.3013,0.4582,0.2526,0.184,-0.058,0.391,51.97,0.414,0.431,678,716,-0.488408,0.093575,H5N1,Avian
153,A/Black-necked_Grebe/Inner_Mongolia/Oropharynx_swab3/2015_H5N1|EPI_ISL_201008,A/Black-necked_Grebe/Inne,0.2925,0.3019,0.4592,0.2516,0.184,-0.055,0.392,51.94,0.414,0.431,678,716,-0.498743,0.092179,H5N1,Avian
154,A/Black-necked_Grebe/Inner_Mongolia/Trachea3/2015_H5N1|EPI_ISL_201009,A/Black-necked_Grebe/Inne,0.2925,0.3019,0.4583,0.251,0.184,-0.056,0.391,52.04,0.414,0.431,678,716,-0.488967,0.092179,H5N1,Avian
155,A/Brown-headed_Gull/Qinghai/ZTO1-B/2016|EPI_ISL_224742,A/Brown-headed_Gull/Qingh,0.2763,0.3139,0.4248,0.2983,0.195,-0.034,0.405,53.67,0.455,0.445,679,716,-0.475279,0.093575,H5N8,Avian
156,A/Brown-headed_Gull/Qinghai/ZTO1-LU/2016|EPI_ISL_224743,A/Brown-headed_Gull/Qingh,0.2763,0.3139,0.4248,0.2983,0.195,-0.034,0.405,53.67,0.455,0.445,679,716,-0.475279,0.093575,H5N8,Avian
157,A/Brown-headed_Gull/Qinghai/ZTO3-B/2016|EPI_ISL_224744,A/Brown-headed_Gull/Qingh,0.2763,0.3139,0.4267,0.2962,0.195,-0.034,0.405,53.39,0.454,0.444,679,716,-0.475279,0.093575,H5N8,Avian
158,A/Brown-headed_Gull/Qinghai/ZTO3-LU/2016|EPI_ISL_224745,A/Brown-headed_Gull/Qingh,0.2763,0.3139,0.4267,0.2962,0.195,-0.034,0.405,53.39,0.454,0.444,679,716,-0.475279,0.093575,H5N8,Avian
159,A/Brown-headed_Gull/Qinghai/ZTO4-B/2016|EPI_ISL_224746,A/Brown-headed_Gull/Qingh,0.2763,0.3139,0.4267,0.2962,0.195,-0.034,0.405,53.39,0.454,0.444,679,716,-0.475279,0.093575,H5N8,Avian
160,A/Brown-headed_Gull/Qinghai/ZTO5-B/2016|EPI_ISL_224747,A/Brown-headed_Gull/Qingh,0.2763,0.3158,0.4183,0.3019,0.193,-0.039,0.402,53.99,0.459,0.447,679,716,-0.466899,0.093575,H5N8,Avian
161,A/Brown-headed_Gull/Qinghai/ZTO5-K/2016|EPI_ISL_224748,A/Brown-headed_Gull/Qingh,0.2763,0.3158,0.4183,0.3019,0.193,-0.039,0.402,53.99,0.459,0.447,679,716,-0.466899,0.093575,H5N8,Avian
162,A/Brown-headed_Gull/Qinghai/ZTO6-MU/2016|EPI_ISL_224751,A/Brown-headed_Gull/Qingh,0.2763,0.3139,0.4267,0.2962,0.195,-0.034,0.405,53.39,0.454,0.444,679,716,-0.475279,0.093575,H5N8,Avian
163,A/Brown-headed_Gull/Qinghai/ZTO6-SP/2016|EPI_ISL_224750,A/Brown-headed_Gull/Qingh,0.2763,0.3139,0.4248,0.2983,0.195,-0.034,0.405,53.67,0.455,0.445,679,716,-0.475279,0.093575,H5N8,Avian
164,A/brown-headed_gull/Tibet/1-1/2021|EPI_ISL_5260417,A/brown-headed_gull/Tibet,0.2914,0.3083,0.4183,0.2923,0.192,-0.043,0.399,53.14,0.448,0.444,679,716,-0.478352,0.093575,H5N8,Avian
165,A/Brown-headed_Gull/Tibet/XZ19/2021|EPI_ISL_8215687,A/Brown-headed_Gull/Tibet,0.2914,0.3083,0.4221,0.2881,0.192,-0.043,0.399,53,0.445,0.443,679,716,-0.478352,0.093575,H5N8,Avian
166,A/Brown-headed_Gull/Tibet/XZQ15-2/2021|EPI_ISL_8215663,A/Brown-headed_Gull/Tibet,0.2932,0.3064,0.4202,0.2902,0.191,-0.046,0.398,53.19,0.445,0.443,679,716,-0.478352,0.093575,H5N8,Avian
167,A/Brown-headed_Gull/Tibet/XZQ16-2/2021|EPI_ISL_8215684,A/Brown-headed_Gull/Tibet,0.2951,0.3045,0.4202,0.2902,0.191,-0.046,0.398,53.19,0.443,0.442,679,716,-0.478352,0.093575,H5N8,Avian
168,A/canine/China/GX30/2023|EPI_ISL_18090351,A/canine/China/GX30/2023|,0.3062,0.3062,0.4231,0.2767,0.222,0.026,0.439,51.75,0.433,0.438,679,716,-0.486313,0.093575,H5N6,Nonhuman Mammal
169,A/cat/Sichuan/SC18/2014|EPI_ISL_177761,A/cat/Sichuan/SC18/2014|E,0.2962,0.3057,0.4326,0.2729,0.191,-0.047,0.398,52.98,0.432,0.439,678,716,-0.475279,0.093575,H5N6,Nonhuman Mammal
170,A/cat/Zhejiang/C1/2016|EPI_ISL_278204,A/cat/Zhejiang/C1/2016|EP,0.2768,0.3315,0.4256,0.2782,0.211,0.017,0.433,53.28,0.455,0.445,679,716,-0.495112,0.093575,H5N6,Nonhuman Mammal
171,A/cat/Zhejiang/C2/2016|EPI_ISL_278205,A/cat/Zhejiang/C2/2016|EP,0.275,0.3296,0.4198,0.2887,0.211,0.03,0.44,52.72,0.461,0.447,679,716,-0.49176,0.093575,H5N6,Nonhuman Mammal
172,A/Changsha/1/2014|EPI_ISL_217025,A/Changsha/1/2014|EPI_ISL,0.3015,0.3015,0.4321,0.2737,0.186,-0.066,0.386,52.04,0.429,0.435,678,716,-0.464525,0.094972,H5N6,Human
173,A/chicken/Anhui/S1740/2022(H5N1)|EPI_ISL_12572652,A/chicken/Anhui/S1740/202,0.29,0.3126,0.4171,0.2902,0.194,-0.043,0.4,53.45,0.45,0.446,678,716,-0.488129,0.094972,H5N1,Avian
174,A/chicken/Beijing/BJ7/2014|EPI_ISL_295146,A/chicken/Beijing/BJ7/201,0.2736,0.3321,0.4313,0.2794,0.213,0.037,0.446,54.62,0.454,0.44,680,716,-0.498883,0.094972,H5N2,Avian
175,A/chicken/CH/a556/2015|EPI_ISL_179537,A/chicken/CH/a556/2015|EP,0.3225,0.2767,0.4476,0.2716,0.195,-0.05,0.397,52.08,0.404,0.423,678,716,-0.494553,0.093575,H5N2,Avian
176,A/chicken/Changhua/15010120-1/2015|EPI_ISL_4032097,A/chicken/Changhua/150101,0.265,0.3383,0.4152,0.2954,0.194,-0.033,0.406,52.9,0.471,0.448,679,716,-0.468436,0.094972,H5N2,Avian
177,A/chicken/Changhua/15010288/2015|EPI_ISL_4032098,A/chicken/Changhua/150102,0.2674,0.3352,0.4163,0.2947,0.192,-0.038,0.404,52.99,0.468,0.447,679,716,-0.468855,0.094972,H5N2,Avian
178,A/chicken/Changhua/15010324-2/2015|EPI_ISL_4032099,A/chicken/Changhua/150103,0.2669,0.3365,0.4152,0.2954,0.194,-0.035,0.405,52.89,0.47,0.448,679,716,-0.468436,0.094972,H5N2,Avian
179,A/chicken/Changhua/15010361-1/2015|EPI_ISL_4032104,A/chicken/Changhua/150103,0.2669,0.3365,0.4163,0.292,0.195,-0.032,0.406,53.04,0.468,0.448,679,716,-0.461872,0.096369,H5N2,Avian
180,A/chicken/Changhua/15010362-2/2015|EPI_ISL_4032148,A/chicken/Changhua/150103,0.2669,0.3365,0.4133,0.2975,0.194,-0.035,0.405,53.15,0.471,0.449,679,716,-0.467877,0.094972,H5N2,Avian
181,A/chicken/Changhua/15010363-2/2015|EPI_ISL_4032190,A/chicken/Changhua/150103,0.2669,0.3365,0.4171,0.2932,0.194,-0.033,0.406,52.88,0.468,0.447,679,716,-0.468436,0.094972,H5N2,Avian
182,A/chicken/Changhua/15040036-1/2015|EPI_ISL_4032194,A/chicken/Changhua/150400,0.3159,0.2897,0.4324,0.271,0.188,-0.068,0.385,53.01,0.418,0.426,680,716,-0.486732,0.094972,H5N8,Avian
183,A/chicken/Changhua/15040037-2/2015|EPI_ISL_4032196,A/chicken/Changhua/150400,0.3202,0.2865,0.4275,0.2746,0.19,-0.067,0.386,53.06,0.418,0.427,679,716,-0.490782,0.094972,H5N8,Avian
184,A/chicken/Changhua/15040042/2015|EPI_ISL_4032197,A/chicken/Changhua/150400,0.3184,0.2884,0.4275,0.2752,0.189,-0.072,0.383,53.04,0.42,0.427,679,716,-0.486871,0.094972,H5N8,Avian
185,A/chicken/Changhua/15040043-1/2015|EPI_ISL_4032195,A/chicken/Changhua/150400,0.3184,0.2884,0.4256,0.2773,0.189,-0.075,0.381,53.06,0.421,0.427,679,716,-0.48743,0.094972,H5N8,Avian
186,A/chicken/Changhua/15050013-1/2015|EPI_ISL_4032198,A/chicken/Changhua/150500,0.2688,0.3346,0.4163,0.2926,0.196,-0.028,0.409,52.99,0.467,0.448,679,716,-0.464665,0.094972,H5N2,Avian
187,A/chicken/Changhua/15050038-1/2015|EPI_ISL_4032199,A/chicken/Changhua/150500,0.3114,0.2946,0.4264,0.2773,0.191,-0.065,0.388,53.22,0.426,0.43,678,716,-0.493855,0.094972,H5N8,Avian
188,A/chicken/Changhua/15060027-2/2015|EPI_ISL_4032200,A/chicken/Changhua/150600,0.265,0.3346,0.4221,0.2905,0.193,-0.03,0.408,52.91,0.465,0.447,679,716,-0.464665,0.094972,H5N2,Avian
189,A/chicken/Changhua/15060029/2015|EPI_ISL_4032201,A/chicken/Changhua/150600,0.3121,0.2916,0.4264,0.2773,0.187,-0.072,0.383,52.9,0.425,0.43,678,716,-0.490363,0.094972,H5N8,Avian
190,A/chicken/Changhua/15060037-1/2015|EPI_ISL_4032202,A/chicken/Changhua/150600,0.2688,0.3327,0.4163,0.2947,0.194,-0.03,0.408,52.85,0.467,0.447,679,716,-0.464665,0.094972,H5N2,Avian
191,A/chicken/Changhua/15120008/2015|EPI_ISL_4032203,A/chicken/Changhua/151200,0.2674,0.3352,0.419,0.2905,0.19,-0.037,0.404,53.22,0.466,0.447,678,716,-0.468296,0.094972,H5N2,Avian
192,A/chicken/Changhua/16010060-2/2016|EPI_ISL_4032204,A/chicken/Changhua/160100,0.2669,0.3346,0.4202,0.2918,0.194,-0.026,0.411,52.56,0.465,0.446,679,716,-0.46271,0.094972,H5N2,Avian
193,A/chicken/Changhua/17060006/2017|EPI_ISL_4032207,A/chicken/Changhua/170600,0.2726,0.3308,0.424,0.2848,0.196,-0.025,0.411,52.98,0.458,0.445,679,716,-0.463687,0.094972,H5N2,Avian
194,A/chicken/Changhua/18040008-1/2018|EPI_ISL_4032212,A/chicken/Changhua/180400,0.2637,0.339,0.419,0.2939,0.196,-0.015,0.417,52.33,0.47,0.447,679,716,-0.475419,0.094972,H5N2,Avian
195,A/chicken/Chiayi/15010287-2/2015|EPI_ISL_4032213,A/chicken/Chiayi/15010287,0.2669,0.3365,0.4152,0.2954,0.194,-0.035,0.405,53.03,0.47,0.448,679,716,-0.468436,0.094972,H5N2,Avian
196,A/chicken/Chiayi/15010409-2/2015|EPI_ISL_4032214,A/chicken/Chiayi/15010409,0.2693,0.3333,0.4183,0.2932,0.194,-0.033,0.406,52.91,0.465,0.446,679,716,-0.467458,0.094972,H5N2,Avian
197,A/chicken/Chiayi/15010454-1/2015|EPI_ISL_4032215,A/chicken/Chiayi/15010454,0.3133,0.2927,0.4264,0.2773,0.19,-0.066,0.386,53.09,0.425,0.429,678,716,-0.490503,0.094972,H5N8,Avian
198,A/chicken/Chiayi/17040009-2/2017|EPI_ISL_4032217,A/chicken/Chiayi/17040009,0.2693,0.3333,0.4163,0.2954,0.196,-0.02,0.414,52.77,0.467,0.447,679,716,-0.468156,0.094972,H5N2,Avian
199,A/chicken/Chiayi/18120003-1/2018|EPI_ISL_4032218,A/chicken/Chiayi/18120003,0.2892,0.3138,0.4061,0.3033,0.198,-0.033,0.404,54.42,0.459,0.446,678,716,-0.447207,0.093575,H5N2,Avian
200,A/chicken/China/007/2019|EPI_ISL_14174187,A/chicken/China/007/2019|,0.2985,0.306,0.4095,0.292,0.18,-0.073,0.382,52.35,0.447,0.443,678,716,-0.45824,0.093575,H5N6,Avian
201,A/chicken/China/Cangzhou03/2023|EPI_ISL_19592785,A/chicken/China/Cangzhou0,0.2755,0.3245,0.4042,0.3096,0.199,-0.041,0.401,53.27,0.471,0.448,679,716,-0.473324,0.093575,H5N1,Avian
202,A/chicken/China/E93/2012|EPI_ISL_278507,A/chicken/China/E93/2012|,0.2876,0.3158,0.44,0.263,0.193,-0.015,0.416,51.34,0.434,0.437,678,716,-0.505866,0.093575,H5N1,Avian
203,A/chicken/China/E96/2012|EPI_ISL_278508,A/chicken/China/E96/2012|,0.2857,0.3158,0.4381,0.2672,0.193,-0.022,0.412,50.95,0.437,0.439,678,716,-0.502235,0.093575,H5N1,Avian
204,A/chicken/Chiping/0321/2014|EPI_ISL_175616,A/chicken/Chiping/0321/20,0.2708,0.3371,0.4286,0.2788,0.21,0.015,0.433,55.58,0.458,0.442,679,716,-0.497905,0.093575,H5N2,Avian
205,A/chicken/chongqing/H1/2021|EPI_ISL_6914131,A/chicken/chongqing/H1/20,0.3045,0.3026,0.443,0.2552,0.196,-0.032,0.406,52.92,0.417,0.435,678,716,-0.466341,0.093575,H5N6,Avian
206,A/chicken/Chongqing/SD001/2021|EPI_ISL_9637828,A/chicken/Chongqing/SD001,0.3045,0.3008,0.4449,0.2552,0.195,-0.035,0.404,52.69,0.416,0.435,678,716,-0.466341,0.093575,H5N6,Avian
207,A/chicken/Dongguan/2690/2013|EPI_ISL_181668,A/chicken/Dongguan/2690/2,0.3052,0.2978,0.4237,0.2815,0.185,-0.071,0.383,52.93,0.432,0.438,678,716,-0.469553,0.093575,H5N6,Avian
208,A/chicken/Dongguan/3363/2013|EPI_ISL_181669,A/chicken/Dongguan/3363/2,0.3015,0.3015,0.4294,0.2752,0.186,-0.063,0.388,52.73,0.431,0.437,678,716,-0.469553,0.093575,H5N6,Avian
209,A/chicken/Dongguan/4259/2013|EPI_ISL_182067,A/chicken/Dongguan/4259/2,0.3034,0.3015,0.4218,0.2815,0.186,-0.071,0.383,52.61,0.435,0.438,678,716,-0.469553,0.093575,H5N6,Avian
210,A/chicken/Fujian/05.07_FZHC11K-O/2015(Mixed)|EPI_ISL_201364,A/chicken/Fujian/05.07_FZ,0.3096,0.2946,0.4218,0.2836,0.188,-0.064,0.388,53.21,0.431,0.437,678,716,-0.479749,0.093575,H5N6,Avian
211,A/chicken/Fujian/09.16_GT101/2014(Mixed)|EPI_ISL_201376,A/chicken/Fujian/09.16_GT,0.309,0.2959,0.4245,0.28,0.186,-0.068,0.385,53.36,0.429,0.436,678,716,-0.464525,0.094972,H5N6,Avian
212,A/chicken/Fujian/10.08_FZH102/2014(Mixed)|EPI_ISL_201377,A/chicken/Fujian/10.08_FZ,0.3065,0.2991,0.4171,0.283,0.185,-0.065,0.386,53.28,0.435,0.439,678,716,-0.46662,0.093575,H5N6,Avian
213,A/chicken/Fujian/11.23_FZHX0007-O/2017|EPI_ISL_699204,A/chicken/Fujian/11.23_FZ,0.2974,0.2993,0.4207,0.2932,0.19,-0.044,0.399,52.49,0.441,0.439,680,716,-0.470671,0.093575,H5N6,Avian
214,A/chicken/Gansu/5/2012|EPI_ISL_234320,A/chicken/Gansu/5/2012|EP,0.282,0.3195,0.44,0.2646,0.195,-0.015,0.416,51.09,0.438,0.439,678,716,-0.502654,0.093575,H5N1,Avian
215,A/chicken/Gansu/6/2012|EPI_ISL_234321,A/chicken/Gansu/6/2012|EP,0.2895,0.3139,0.44,0.263,0.192,-0.02,0.413,51.23,0.432,0.436,678,716,-0.505866,0.093575,H5N1,Avian
216,A/chicken/Ganzhou/GZ27/2015|EPI_ISL_244535,A/chicken/Ganzhou/GZ27/20,0.2978,0.3052,0.4226,0.2842,0.186,-0.061,0.389,52.52,0.44,0.439,678,716,-0.470391,0.093575,H5N6,Avian
217,A/chicken/Guangdong/04.15_SZBAXQ019/2015(H5N6)|EPI_ISL_199446,A/chicken/Guangdong/04.15,0.2782,0.3233,0.4552,0.2531,0.21,0.031,0.441,53.53,0.431,0.437,680,716,-0.483659,0.094972,H5N6,Avian
218,A/chicken/Guangdong/10.16_SZLGKQHY-072/2015|EPI_ISL_221885,A/chicken/Guangdong/10.16,0.2795,0.3208,0.4476,0.2615,0.206,0.021,0.435,53.77,0.435,0.439,680,716,-0.48757,0.093575,H5N6,Avian
219,A/chicken/Guangdong/GD1602/2016|EPI_ISL_282397,A/chicken/Guangdong/GD160,0.2702,0.3321,0.4256,0.2836,0.208,0.03,0.44,53.11,0.459,0.447,679,716,-0.483939,0.093575,H5N6,Avian
220,A/chicken/Guangdong/MG170989/2021|EPI_ISL_19209543,A/chicken/Guangdong/MG170,0.2998,0.3017,0.4137,0.2902,0.188,-0.059,0.39,53.66,0.443,0.44,680,716,-0.456006,0.093575,H5N6,Avian
221,A/chicken/Guangdong/MG171127/2021|EPI_ISL_19209578,A/chicken/Guangdong/MG171,0.2998,0.2998,0.4175,0.2881,0.189,-0.057,0.391,53.44,0.44,0.439,680,716,-0.456006,0.093575,H5N6,Avian
222,A/chicken/Guangdong/MG171361/2021|EPI_ISL_19210552,A/chicken/Guangdong/MG171,0.2998,0.3017,0.4156,0.2881,0.188,-0.059,0.39,53.45,0.441,0.439,680,716,-0.456006,0.093575,H5N6,Avian
223,A/chicken/Guangdong/MG171771/2021|EPI_ISL_19210553,A/chicken/Guangdong/MG171,0.2946,0.3039,0.4183,0.2923,0.19,-0.048,0.396,53.7,0.445,0.444,679,716,-0.487291,0.093575,H5N6,Avian
224,A/chicken/Guangdong/MG173168/2022|EPI_ISL_19210554,A/chicken/Guangdong/MG173,0.3195,0.282,0.4464,0.2648,0.198,-0.031,0.407,52.91,0.406,0.427,678,716,-0.500978,0.093575,H5N6,Avian
225,A/chicken/Guangdong/MG173169/2022|EPI_ISL_19210555,A/chicken/Guangdong/MG173,0.3025,0.3081,0.4288,0.2725,0.219,0.023,0.437,51.94,0.432,0.438,679,716,-0.473743,0.093575,H5N6,Avian
226,A/chicken/Guangxi/04.10_NM140/2015(H5N6)|EPI_ISL_199444,A/chicken/Guangxi/04.10_N,0.3065,0.2953,0.4226,0.2881,0.184,-0.064,0.387,52.72,0.433,0.435,679,716,-0.464805,0.093575,H5N6,Avian
227,A/chicken/Guangxi/16/2019|EPI_ISL_16833870,A/chicken/Guangxi/16/2019,0.3047,0.3009,0.419,0.2809,0.187,-0.057,0.391,52.51,0.435,0.438,678,716,-0.461453,0.093575,H5N6,Avian
228,A/chicken/Guangxi/S2039/2009|EPI_ISL_206302,A/chicken/Guangxi/S2039/2,0.2906,0.3057,0.4497,0.2615,0.192,-0.046,0.398,51.45,0.423,0.433,678,716,-0.476816,0.094972,H5N1,Avian
229,A/chicken/Guizhou/8.26_ZYLJJ014-O/2018|EPI_ISL_697833,A/chicken/Guizhou/8.26_ZY,0.2782,0.3158,0.4438,0.2752,0.199,-0.007,0.419,53.49,0.44,0.436,680,716,-0.490363,0.093575,H5N6,Avian
230,A/chicken/GY/a451/2015|EPI_ISL_179535,A/chicken/GY/a451/2015|EP,0.3206,0.2786,0.4493,0.2727,0.198,-0.046,0.4,51.3,0.406,0.422,678,716,-0.497346,0.096369,H5N2,Avian
231,A/Chicken/Hangzhou/E1149/2021|EPI_ISL_8518268,A/Chicken/Hangzhou/E1149/,0.2879,0.3125,0.3951,0.3201,0.189,-0.046,0.398,54.99,0.468,0.446,679,716,-0.481704,0.093575,H5N6,Avian
232,A/chicken/Hebei/3/2013|EPI_ISL_234322,A/chicken/Hebei/3/2013|EP,0.2736,0.3321,0.4313,0.2794,0.213,0.037,0.446,54.62,0.454,0.44,680,716,-0.498883,0.094972,H5N2,Avian
233,A/chicken/Heilongjiang/S7/2014|EPI_ISL_234323,A/chicken/Heilongjiang/S7,0.3071,0.2978,0.4218,0.2821,0.188,-0.061,0.389,52.96,0.432,0.438,678,716,-0.468576,0.093575,H5N2,Avian
234,A/chicken/Henan/Q7/2013|EPI_ISL_156386,A/chicken/Henan/Q7/2013|E,0.2722,0.3346,0.4313,0.2794,0.215,0.034,0.444,55.12,0.456,0.441,680,716,-0.497905,0.094972,H5N2,Avian
235,A/chicken/Hsinchu/16080004-2/2016|EPI_ISL_4032219,A/chicken/Hsinchu/1608000,0.265,0.3365,0.4183,0.2932,0.194,-0.025,0.411,52.74,0.468,0.448,679,716,-0.463687,0.094972,H5N2,Avian
236,A/chicken/Hubei/03.06__WHWTZ0115-O/2015(H5N6)|EPI_ISL_199011,A/chicken/Hubei/03.06__WH,0.272,0.3314,0.4288,0.277,0.211,0.033,0.442,52.99,0.454,0.445,669,705,-0.497163,0.09078,H5N6,Avian
237,A/chicken/Hubei/03.06__WHWTZ0148-O/2015(H5N6)|EPI_ISL_199017,A/chicken/Hubei/03.06__WH,0.2962,0.3075,0.4269,0.2777,0.193,-0.041,0.401,53.09,0.437,0.439,678,716,-0.465084,0.093575,H5N6,Avian
238,A/chicken/Hubei/2856/2007|EPI_ISL_29184,A/chicken/Hubei/2856/2007,0.2825,0.3145,0.4451,0.2667,0.201,-0.012,0.418,53.82,0.434,0.438,680,716,-0.48324,0.093575,H5N1,Avian
239,A/chicken/Hubei/ZYSJF11/2016|EPI_ISL_244528,A/chicken/Hubei/ZYSJF11/2,0.2712,0.3333,0.4275,0.2815,0.21,0.03,0.44,53.52,0.458,0.446,679,716,-0.48743,0.093575,H5N6,Avian
240,A/chicken/Hubei/ZYSJF16/2016|EPI_ISL_244529,A/chicken/Hubei/ZYSJF16/2,0.2712,0.3333,0.4275,0.2815,0.21,0.03,0.44,53.52,0.458,0.446,679,716,-0.48743,0.093575,H5N6,Avian
241,A/chicken/Hubei/ZYSJF38/2016|EPI_ISL_244531,A/chicken/Hubei/ZYSJF38/2,0.2712,0.3333,0.4275,0.2815,0.21,0.03,0.44,53.52,0.458,0.446,679,716,-0.48743,0.093575,H5N6,Avian
242,A/Chicken/Huizhou/16274/2016(H5N6)|EPI_ISL_278026,A/Chicken/Huizhou/16274/2,0.2991,0.3084,0.4111,0.2905,0.186,-0.058,0.391,53.32,0.447,0.442,678,716,-0.474162,0.093575,H5N6,Avian
243,A/chicken/Hunan/02.06_YYGK37J3-OC/2018|EPI_ISL_699429,A/chicken/Hunan/02.06_YYG,0.3065,0.2972,0.4046,0.3004,0.183,-0.07,0.383,52.32,0.445,0.441,678,716,-0.470391,0.093575,H5N6,Avian
244,A/chicken/Hunan/03.07_YYGK40L3-OC/2018|EPI_ISL_696766,A/chicken/Hunan/03.07_YYG,0.2863,0.3239,0.4275,0.2773,0.203,-0.001,0.424,54.11,0.447,0.439,680,716,-0.487151,0.093575,H5N6,Avian
245,A/chicken/Hunan/03.07_YYGK74L3-OC/2018|EPI_ISL_696739,A/chicken/Hunan/03.07_YYG,0.2881,0.3145,0.4099,0.3004,0.198,-0.019,0.414,53.65,0.457,0.444,679,716,-0.472207,0.093575,H5N6,Avian
246,A/chicken/Hunan/3.07_YYGK81L3-OC/2018|EPI_ISL_697885,A/chicken/Hunan/3.07_YYGK,0.2863,0.3239,0.4275,0.2773,0.203,-0.001,0.424,54.03,0.447,0.439,680,716,-0.487151,0.093575,H5N6,Avian
247,A/chicken/Hunan/04.14_YYGK607-P/2015(H5N6)|EPI_ISL_199130,A/chicken/Hunan/04.14_YYG,0.3052,0.2978,0.4198,0.2857,0.185,-0.071,0.383,53.48,0.435,0.438,678,716,-0.469553,0.093575,H5N6,Avian
248,A/chicken/Hunan/04.14_YYKG0533-Z-O/2015(H5N6)|EPI_ISL_198861,A/chicken/Hunan/04.14_YYK,0.2989,0.3065,0.4272,0.2722,0.191,-0.046,0.398,53.37,0.433,0.438,668,705,-0.463972,0.092199,H5N6,Avian
249,A/chicken/Hunan/04.14_YYXS0812-O/2015(Mixed)|EPI_ISL_200267,A/chicken/Hunan/04.14_YYX,0.3077,0.2983,0.4226,0.28,0.187,-0.063,0.388,52.87,0.431,0.436,677,716,-0.472765,0.093575,H5N6,Avian
250,A/chicken/Hunan/12.07__YYGK114-P/2013(H5N6)|EPI_ISL_198761,A/chicken/Hunan/12.07__YY,0.2962,0.3057,0.4326,0.2735,0.19,-0.046,0.398,53.11,0.432,0.437,678,716,-0.468715,0.093575,H5N6,Avian
251,A/chicken/Hunan/12.07_YYGKY67-P/2013(Mixed)|EPI_ISL_200261,A/chicken/Hunan/12.07_YYG,0.3015,0.3034,0.4368,0.2605,0.189,-0.049,0.396,52.81,0.423,0.435,669,705,-0.469078,0.092199,H5N6,Avian
252,A/chicken/Hunan/12.27_YYGK19J2-C/2016|EPI_ISL_697851,A/chicken/Hunan/12.27_YYG,0.2833,0.3152,0.4447,0.2689,0.201,-0.007,0.419,53.03,0.435,0.436,680,716,-0.494832,0.093575,H5N6,Avian
253,A/chicken/Hunan/12.27_YYGK55J2-O/2016|EPI_ISL_699451,A/chicken/Hunan/12.27_YYG,0.3028,0.3028,0.4234,0.2806,0.189,-0.047,0.397,53.26,0.435,0.437,678,716,-0.467598,0.093575,H5N6,Avian
254,A/chicken/Hunan/12.27_YYGKK148-OC/2016|EPI_ISL_699454,A/chicken/Hunan/12.27_YYG,0.2978,0.3034,0.4286,0.2767,0.188,-0.056,0.392,52.96,0.434,0.439,678,716,-0.468296,0.093575,H5N6,Avian
255,A/chicken/Hunan/12.28_YYGK034-P/2013(H5N6)|EPI_ISL_198762,A/chicken/Hunan/12.28_YYG,0.3039,0.3002,0.4226,0.2821,0.184,-0.07,0.384,53.01,0.434,0.438,677,716,-0.472765,0.093575,H5N6,Avian
256,A/chicken/Hunan/1793/2007|EPI_ISL_29180,A/chicken/Hunan/1793/2007,0.3036,0.3074,0.4118,0.2902,0.201,-0.039,0.404,53.66,0.444,0.44,678,716,-0.47486,0.093575,H5N1,Avian
257,A/chicken/Hunan/3157/2006|EPI_ISL_29187,A/chicken/Hunan/3157/2006,0.2906,0.3094,0.4392,0.2737,0.195,-0.031,0.406,52.62,0.433,0.435,679,716,-0.480587,0.093575,H5N1,Avian
258,A/chicken/Hunan/HN40/2015|EPI_ISL_255469,A/chicken/Hunan/HN40/2015,0.3034,0.2996,0.4218,0.2836,0.185,-0.066,0.386,53.03,0.435,0.439,678,716,-0.469553,0.093575,H5N6,Avian
259,A/chicken/Hunan/HN58/2015|EPI_ISL_255470,A/chicken/Hunan/HN58/2015,0.3052,0.2996,0.4198,0.2836,0.187,-0.058,0.391,53.13,0.435,0.438,678,716,-0.473045,0.093575,H5N6,Avian
260,A/chicken/Hunan/HN75/2015|EPI_ISL_255489,A/chicken/Hunan/HN75/2015,0.3077,0.2964,0.4267,0.2767,0.185,-0.066,0.386,52.03,0.428,0.436,678,716,-0.469553,0.093575,H5N6,Avian
261,A/chicken/Hunan/HN158/2015|EPI_ISL_255412,A/chicken/Hunan/HN158/201,0.3058,0.2964,0.4171,0.2893,0.184,-0.073,0.382,52.75,0.437,0.439,678,716,-0.466062,0.093575,H5N6,Avian
262,A/chicken/Hunan/HN244/2015|EPI_ISL_255413,A/chicken/Hunan/HN244/201,0.3052,0.2996,0.4103,0.2935,0.185,-0.076,0.381,53.05,0.442,0.441,678,716,-0.473324,0.093575,H5N6,Avian
263,A/chicken/Hunan/HN245/2015|EPI_ISL_255414,A/chicken/Hunan/HN245/201,0.3058,0.3002,0.4111,0.2914,0.187,-0.076,0.381,53.22,0.442,0.441,677,716,-0.476955,0.093575,H5N6,Avian
264,A/chicken/Hunan/HN247/2015|EPI_ISL_255415,A/chicken/Hunan/HN247/201,0.3052,0.2978,0.4141,0.2914,0.186,-0.068,0.385,52.98,0.44,0.44,678,716,-0.481983,0.093575,H5N6,Avian
265,A/chicken/Hunan/HN248/2015|EPI_ISL_255416,A/chicken/Hunan/HN248/201,0.3052,0.2996,0.4103,0.2935,0.185,-0.076,0.381,53.05,0.442,0.441,678,716,-0.473324,0.093575,H5N6,Avian
266,A/chicken/Hunan/HN249/2015|EPI_ISL_255417,A/chicken/Hunan/HN249/201,0.3052,0.2996,0.4103,0.2935,0.185,-0.076,0.381,53.05,0.442,0.441,678,716,-0.473324,0.093575,H5N6,Avian
267,A/chicken/Hunan/HN250/2015|EPI_ISL_255418,A/chicken/Hunan/HN250/201,0.3058,0.3002,0.4073,0.2956,0.187,-0.076,0.381,53.09,0.445,0.442,677,716,-0.476955,0.093575,H5N6,Avian
268,A/chicken/Hunan/HN251/2015|EPI_ISL_255419,A/chicken/Hunan/HN251/201,0.3071,0.2978,0.4103,0.2935,0.185,-0.079,0.379,53.14,0.441,0.44,678,716,-0.473324,0.093575,H5N6,Avian
269,A/chicken/Hunan/HN252/2015|EPI_ISL_255420,A/chicken/Hunan/HN252/201,0.3096,0.2964,0.4179,0.2857,0.187,-0.071,0.383,53.11,0.434,0.437,678,716,-0.468715,0.093575,H5N6,Avian
270,A/chicken/Hunan/HN254/2015|EPI_ISL_255421,A/chicken/Hunan/HN254/201,0.3096,0.2964,0.416,0.2878,0.188,-0.069,0.385,53.27,0.435,0.437,678,716,-0.468715,0.093575,H5N6,Avian
271,A/chicken/Hunan/HN255/2015|EPI_ISL_255423,A/chicken/Hunan/HN255/201,0.3052,0.2996,0.4122,0.292,0.184,-0.074,0.382,52.94,0.441,0.44,678,716,-0.472905,0.093575,H5N6,Avian
272,A/chicken/Hunan/HN263/2015|EPI_ISL_255422,A/chicken/Hunan/HN263/201,0.306,0.2929,0.419,0.2899,0.184,-0.074,0.381,52.7,0.434,0.438,679,716,-0.462151,0.093575,H5N6,Avian
273,A/chicken/Hunan/HN264/2015|EPI_ISL_255424,A/chicken/Hunan/HN264/201,0.3065,0.2935,0.4179,0.2899,0.185,-0.073,0.382,52.52,0.435,0.439,678,716,-0.468436,0.092179,H5N6,Avian
274,A/chicken/Hunan/HN265/2015|EPI_ISL_255425,A/chicken/Hunan/HN265/201,0.3065,0.2935,0.4179,0.2899,0.185,-0.073,0.382,52.69,0.435,0.438,678,716,-0.465782,0.093575,H5N6,Avian
275,A/chicken/Hunan/HN266/2015|EPI_ISL_255426,A/chicken/Hunan/HN266/201,0.3065,0.2935,0.4179,0.2899,0.185,-0.073,0.382,52.69,0.435,0.438,678,716,-0.465782,0.093575,H5N6,Avian
276,A/chicken/Hunan/HN301/2015|EPI_ISL_255427,A/chicken/Hunan/HN301/201,0.2991,0.3047,0.4179,0.2857,0.184,-0.058,0.391,53.36,0.441,0.441,678,716,-0.470391,0.093575,H5N6,Avian
277,A/chicken/Hunan/HN302/2015|EPI_ISL_255428,A/chicken/Hunan/HN302/201,0.2991,0.3047,0.4179,0.2857,0.184,-0.058,0.391,53.36,0.441,0.441,678,716,-0.470391,0.093575,H5N6,Avian
278,A/chicken/Hunan/HN303/2015|EPI_ISL_255429,A/chicken/Hunan/HN303/201,0.3009,0.3028,0.4179,0.2857,0.184,-0.06,0.389,53.26,0.44,0.441,678,716,-0.470391,0.093575,H5N6,Avian
279,A/chicken/Hunan/HN304/2015|EPI_ISL_255430,A/chicken/Hunan/HN304/201,0.2991,0.3047,0.4179,0.2857,0.184,-0.058,0.391,53.36,0.441,0.441,678,716,-0.470391,0.093575,H5N6,Avian
280,A/chicken/Hunan/HN305/2015|EPI_ISL_255433,A/chicken/Hunan/HN305/201,0.2991,0.3047,0.4179,0.2857,0.184,-0.058,0.391,53.36,0.441,0.441,678,716,-0.470391,0.093575,H5N6,Avian
281,A/chicken/Hunan/HN306/2015|EPI_ISL_255466,A/chicken/Hunan/HN306/201,0.2991,0.3047,0.416,0.2878,0.184,-0.058,0.391,53.48,0.442,0.442,678,716,-0.470391,0.093575,H5N6,Avian
282,A/chicken/Hunan/HN307/2015|EPI_ISL_255467,A/chicken/Hunan/HN307/201,0.3028,0.2991,0.4198,0.2857,0.183,-0.065,0.386,53.07,0.437,0.44,678,716,-0.470391,0.093575,H5N6,Avian
283,A/chicken/Hunan/HN308/2015|EPI_ISL_255468,A/chicken/Hunan/HN308/201,0.2991,0.3047,0.4179,0.2857,0.185,-0.058,0.391,53.43,0.441,0.442,678,716,-0.469832,0.093575,H5N6,Avian
284,A/chicken/Hunan/S10029/2018(H5N1)|EPI_ISL_18513214,A/chicken/Hunan/S10029/20,0.3,0.2962,0.4497,0.2615,0.188,-0.058,0.391,51.27,0.416,0.432,678,716,-0.485196,0.093575,H5N1,Avian
285,A/chicken/Jiangsu/03.17_WX006-P/2015(H5N1)|EPI_ISL_199164,A/chicken/Jiangsu/03.17_W,0.283,0.3057,0.4367,0.2848,0.197,-0.025,0.41,53.06,0.44,0.438,680,716,-0.47905,0.093575,H5N1,Avian
286,A/chicken/Jiangsu/927/2013|EPI_ISL_190702,A/chicken/Jiangsu/927/201,0.2919,0.3032,0.4487,0.2642,0.185,-0.048,0.397,51.44,0.423,0.433,678,716,-0.488268,0.093575,H5N1,Avian
287,A/chicken/Jiangsu/1001/2013|EPI_ISL_143131,A/chicken/Jiangsu/1001/20,0.2712,0.3333,0.4305,0.2767,0.211,0.034,0.443,54.7,0.455,0.442,679,716,-0.478771,0.093575,H5N2,Avian
288,A/chicken/Jiangsu/2477/2014|EPI_ISL_190703,A/chicken/Jiangsu/2477/20,0.297,0.297,0.4563,0.2558,0.183,-0.058,0.391,52.03,0.413,0.431,678,716,-0.484916,0.093575,H5N1,Avian
289,A/chicken/Jiangsu/k0402/2010|EPI_ISL_123949,A/chicken/Jiangsu/k0402/2,0.2782,0.312,0.4375,0.2797,0.197,-0.018,0.414,52.18,0.442,0.441,679,716,-0.465503,0.093575,H5N1,Avian
290,A/chicken/Jiangsu/SE2228/2017(H5N1)|EPI_ISL_18513215,A/chicken/Jiangsu/SE2228/,0.2994,0.2957,0.4582,0.2537,0.187,-0.048,0.397,51.71,0.41,0.43,678,716,-0.482682,0.093575,H5N1,Avian
291,A/chicken/Jiangsu/WXBING2/2014|EPI_ISL_196591,A/chicken/Jiangsu/WXBING2,0.3127,0.2921,0.4267,0.2767,0.185,-0.077,0.38,52.46,0.424,0.434,679,716,-0.465503,0.093575,H5N6,Avian
292,A/chicken/Jiangsu/WXS7393/2014|EPI_ISL_196573,A/chicken/Jiangsu/WXS7393,0.3109,0.2959,0.4283,0.2737,0.186,-0.074,0.382,52.58,0.425,0.434,678,716,-0.468157,0.093575,H5N6,Avian
293,A/chicken/Jiangsu/XZ216/2014|EPI_ISL_295145,A/chicken/Jiangsu/XZ216/2,0.2717,0.334,0.4213,0.2854,0.212,0.028,0.44,55.24,0.462,0.445,680,716,-0.490782,0.093575,H5N2,Avian
294,A/chicken/Jiangsu/YB7/2015|EPI_ISL_266437,A/chicken/Jiangsu/YB7/201,0.2768,0.3145,0.4329,0.2854,0.193,-0.023,0.412,53.37,0.447,0.44,680,716,-0.473743,0.093575,H5N1,Avian
295,A/chicken/Jiangxi/01.14_NCJD125-P/2015(H5N6)|EPI_ISL_199397,A/chicken/Jiangxi/01.14_N,0.272,0.3302,0.4297,0.2809,0.212,0.033,0.442,52.34,0.455,0.445,681,716,-0.487989,0.093575,H5N6,Avian
296,A/chicken/Jiangxi/02.05_YGYXG023-P/2015(H5N6)|EPI_ISL_199401,A/chicken/Jiangxi/02.05_Y,0.309,0.294,0.4237,0.2815,0.187,-0.066,0.386,52.85,0.429,0.437,678,716,-0.469553,0.093575,H5N6,Avian
297,A/chicken/Jiangxi/02.05_YGYXG035-P/2015(H5N6)|EPI_ISL_199400,A/chicken/Jiangxi/02.05_Y,0.2731,0.3315,0.4313,0.2773,0.213,0.034,0.443,52.84,0.454,0.445,679,716,-0.494274,0.093575,H5N6,Avian
298,A/chicken/Jiangxi/04.01__NCDZT0040-O/2015(H5N6)|EPI_ISL_198856,A/chicken/Jiangxi/04.01__,0.2712,0.3333,0.4313,0.2767,0.212,0.037,0.445,52.97,0.455,0.446,679,716,-0.494693,0.093575,H5N6,Avian
299,A/chicken/Jiangxi/04.01__NCDZT0042-O/2015(H5N6)|EPI_ISL_198976,A/chicken/Jiangxi/04.01__,0.2712,0.3333,0.4294,0.2788,0.212,0.037,0.445,52.96,0.457,0.446,679,716,-0.494693,0.093575,H5N6,Avian
300,A/chicken/Jiangxi/04.01__NCDZT0175-P/2015(H5N6)|EPI_ISL_198924,A/chicken/Jiangxi/04.01__,0.2712,0.3333,0.4313,0.2767,0.212,0.037,0.445,52.97,0.455,0.446,679,716,-0.494693,0.093575,H5N6,Avian
301,A/chicken/Jiangxi/04.01__NCDZT0291-P/2015(H5N6)|EPI_ISL_198934,A/chicken/Jiangxi/04.01__,0.2712,0.3333,0.4313,0.2767,0.212,0.037,0.445,52.97,0.455,0.446,679,716,-0.494693,0.093575,H5N6,Avian
302,A/chicken/Jiangxi/04.01__NCJD0119-O/2015(H5N6)|EPI_ISL_198917,A/chicken/Jiangxi/04.01__,0.2957,0.3051,0.4288,0.2782,0.189,-0.051,0.395,52.96,0.435,0.438,678,716,-0.469134,0.093575,H5N6,Avian
303,A/chicken/Jiangxi/04.01__NCJD0137-O/2015(H5N6)|EPI_ISL_198920,A/chicken/Jiangxi/04.01__,0.275,0.3296,0.419,0.2914,0.214,0.04,0.447,53.88,0.462,0.447,680,716,-0.497067,0.093575,H5N6,Avian
304,A/chicken/Jiangxi/04.01_NCDZT0192-P/2015(H5N6)|EPI_ISL_198926,A/chicken/Jiangxi/04.01_N,0.2712,0.3333,0.4313,0.2767,0.212,0.037,0.445,52.97,0.455,0.446,679,716,-0.494693,0.093575,H5N6,Avian
305,A/chicken/Jiangxi/04.01_NCDZT0203-P/2015(H5N6)|EPI_ISL_198927,A/chicken/Jiangxi/04.01_N,0.2712,0.3333,0.4313,0.2767,0.212,0.037,0.445,52.97,0.455,0.446,679,716,-0.494693,0.093575,H5N6,Avian
306,A/chicken/Jiangxi/04.01_NCDZT0238-P/2015(H5N6)|EPI_ISL_198930,A/chicken/Jiangxi/04.01_N,0.2712,0.3333,0.4313,0.2767,0.212,0.037,0.445,52.97,0.455,0.446,679,716,-0.494693,0.093575,H5N6,Avian
307,A/chicken/Jiangxi/04.01_NCDZT0279-P/2015(H5N6)|EPI_ISL_198932,A/chicken/Jiangxi/04.01_N,0.2712,0.3333,0.4313,0.2767,0.212,0.037,0.445,53.07,0.455,0.446,679,716,-0.497347,0.092179,H5N6,Avian
308,A/chicken/Jiangxi/04.01_NCDZT0285-P/2015(H5N6)|EPI_ISL_198933,A/chicken/Jiangxi/04.01_N,0.2693,0.3352,0.4313,0.2767,0.213,0.039,0.446,53.1,0.457,0.446,679,716,-0.497347,0.092179,H5N6,Avian
309,A/chicken/Jiangxi/04.01_NCDZT0299-P/2015(Mixed)|EPI_ISL_200410,A/chicken/Jiangxi/04.01_N,0.2712,0.3333,0.4313,0.2767,0.212,0.037,0.445,52.97,0.455,0.446,679,716,-0.494693,0.093575,Others,Avian
310,A/chicken/Jiangxi/04.01_NCJD131-1-O/2015(H5N6)|EPI_ISL_198758,A/chicken/Jiangxi/04.01_N,0.2726,0.3308,0.4324,0.2773,0.212,0.033,0.443,52.36,0.453,0.444,680,716,-0.490643,0.093575,H5N6,Avian
311,A/chicken/Jiangxi/05.06__NCDZT0039B-P/2015(H5N6)|EPI_ISL_198971,A/chicken/Jiangxi/05.06__,0.2712,0.3315,0.4332,0.2767,0.211,0.034,0.443,52.88,0.454,0.445,679,716,-0.494693,0.093575,H5N6,Avian
312,A/chicken/Jiangxi/10.30_NCDZT17B3-OC/2017|EPI_ISL_696762,A/chicken/Jiangxi/10.30_N,0.2876,0.312,0.44,0.2725,0.197,-0.004,0.421,53.39,0.435,0.436,680,716,-0.484497,0.092179,H5N6,Avian
313,A/chicken/Jiangxi/12.05_NCDZT007/2014(H5N6)|EPI_ISL_198890,A/chicken/Jiangxi/12.05_N,0.2707,0.3327,0.4286,0.2815,0.211,0.031,0.441,52.56,0.457,0.446,680,716,-0.490643,0.093575,H5N6,Avian
314,A/chicken/Jiangxi/12.05_NCDZT0012/2014(H5N6)|EPI_ISL_198884,A/chicken/Jiangxi/12.05_N,0.2854,0.3195,0.4387,0.2722,0.199,0.001,0.425,53.62,0.44,0.437,678,716,-0.497626,0.094972,H5N6,Avian
315,A/chicken/Jiangxi/12.05_NCDZT0020/2014(H5N6)|EPI_ISL_198885,A/chicken/Jiangxi/12.05_N,0.2707,0.3327,0.4324,0.2773,0.212,0.036,0.444,52.48,0.454,0.445,680,716,-0.490643,0.093575,H5N6,Avian
316,A/chicken/Jiangxi/12.05_NCDZT0032/2014(H5N6)|EPI_ISL_198888,A/chicken/Jiangxi/12.05_N,0.3071,0.2978,0.4237,0.28,0.187,-0.066,0.386,53.08,0.431,0.437,678,716,-0.468576,0.093575,H5N6,Avian
317,A/chicken/Jiangxi/12.05_NCNP006/2014(H5N6)|EPI_ISL_199010,A/chicken/Jiangxi/12.05_N,0.2854,0.3195,0.4387,0.2722,0.199,0.001,0.425,53.62,0.44,0.437,678,716,-0.497626,0.094972,H5N6,Avian
318,A/chicken/Jiangxi/25/2011|EPI_ISL_369824,A/chicken/Jiangxi/25/2011,0.3038,0.2962,0.4489,0.2562,0.193,-0.043,0.4,52.37,0.413,0.432,678,716,-0.469553,0.093575,H5N1,Avian
319,A/Chicken/Jiangxi/45093/2016|EPI_ISL_354562,A/Chicken/Jiangxi/45093/2,0.2707,0.3327,0.4256,0.2836,0.208,0.027,0.439,53.08,0.459,0.446,679,716,-0.488268,0.093575,H5N6,Avian
320,A/chicken/Jiangxi/S40653/2021(H5N1)|EPI_ISL_12572653,A/chicken/Jiangxi/S40653/,0.2914,0.3102,0.4163,0.2923,0.192,-0.046,0.398,53.5,0.449,0.445,679,716,-0.485894,0.093575,H5N1,Avian
321,A/chicken/Jilin/04.11_CCHSL007/2015(Mixed)|EPI_ISL_200263,A/chicken/Jilin/04.11_CCH,0.3071,0.2978,0.4179,0.2851,0.191,-0.059,0.391,53.4,0.435,0.439,678,716,-0.476257,0.093575,H5N6,Avian
322,A/chicken/Jilin/04.12_MHK001-O/2015(H5N1)|EPI_ISL_198845,A/chicken/Jilin/04.12_MHK,0.2908,0.3002,0.4525,0.2642,0.18,-0.066,0.386,51.58,0.421,0.432,679,716,-0.485475,0.093575,H5N1,Avian
323,A/chicken/Jilin/04.12_MHK002-O/2015(H5N1)|EPI_ISL_198846,A/chicken/Jilin/04.12_MHK,0.2908,0.3002,0.4516,0.2636,0.18,-0.066,0.386,51.67,0.421,0.433,679,716,-0.481704,0.093575,H5N1,Avian
324,A/chicken/Jilin/04.12_MHK003-O/2015(H5N1)|EPI_ISL_198837,A/chicken/Jilin/04.12_MHK,0.2908,0.3002,0.4516,0.2636,0.18,-0.066,0.386,51.67,0.421,0.433,679,716,-0.481704,0.093575,H5N1,Avian
325,A/chicken/Jilin/04.12_MHK004-O/2015(Mixed)|EPI_ISL_200387,A/chicken/Jilin/04.12_MHK,0.2908,0.3002,0.4516,0.2636,0.18,-0.066,0.386,51.67,0.421,0.433,679,716,-0.481704,0.093575,H5N1,Avian
326,A/chicken/Jilin/04.25_MHK009/2015(H5N1)|EPI_ISL_198840,A/chicken/Jilin/04.25_MHK,0.2932,0.2989,0.4506,0.2642,0.18,-0.06,0.389,52.04,0.42,0.433,678,716,-0.484916,0.093575,H5N1,Avian
327,A/chicken/Jilin/S1255/2019(H5N1)|EPI_ISL_18513216,A/chicken/Jilin/S1255/201,0.2976,0.3013,0.4516,0.2547,0.186,-0.052,0.394,52.67,0.416,0.432,678,716,-0.479888,0.093575,H5N1,Avian
328,A/chicken/Jilin/S1271/2019(H5N1)|EPI_ISL_18513217,A/chicken/Jilin/S1271/201,0.2981,0.3019,0.4516,0.2547,0.188,-0.05,0.395,52.79,0.416,0.432,678,716,-0.47905,0.093575,H5N1,Avian
329,A/chicken/Kaohsiung/16MB0889/2016|EPI_ISL_4032226,A/chicken/Kaohsiung/16MB0,0.3145,0.2863,0.4389,0.2704,0.187,-0.072,0.383,52.61,0.414,0.426,678,716,-0.493715,0.094972,H5N8,Avian
330,A/chicken/Kaohsiung/16010047/2016|EPI_ISL_4032220,A/chicken/Kaohsiung/16010,0.3152,0.2908,0.433,0.2716,0.189,-0.069,0.385,52.19,0.419,0.426,678,716,-0.49581,0.094972,H5N8,Avian
331,A/chicken/Kaohsiung/16020017-2/2016|EPI_ISL_4032221,A/chicken/Kaohsiung/16020,0.3177,0.2857,0.4359,0.271,0.189,-0.069,0.385,52.55,0.414,0.426,678,716,-0.493156,0.094972,H5N8,Avian
332,A/chicken/Kaohsiung/16040021-1/2016|EPI_ISL_4032222,A/chicken/Kaohsiung/16040,0.3145,0.2863,0.4389,0.2704,0.187,-0.072,0.383,52.61,0.414,0.426,678,716,-0.493715,0.094972,H5N8,Avian
333,A/chicken/Kaohsiung/16070003/2016|EPI_ISL_4032223,A/chicken/Kaohsiung/16070,0.3158,0.2857,0.4362,0.272,0.189,-0.073,0.383,52.47,0.415,0.426,679,716,-0.490503,0.094972,H5N8,Avian
334,A/chicken/Kaohsiung/16120012/2016|EPI_ISL_4032224,A/chicken/Kaohsiung/16120,0.3152,0.2871,0.4237,0.2851,0.187,-0.074,0.381,53.07,0.426,0.429,679,716,-0.483101,0.094972,H5N8,Avian
335,A/chicken/Kaohsiung/17030023/2017|EPI_ISL_4032227,A/chicken/Kaohsiung/17030,0.3184,0.2828,0.4321,0.2746,0.187,-0.066,0.386,52.99,0.416,0.428,678,716,-0.494693,0.094972,H5N8,Avian
336,A/chicken/Kaohsiung/17040007/2017|EPI_ISL_4032229,A/chicken/Kaohsiung/17040,0.2726,0.3308,0.4183,0.2911,0.195,-0.022,0.412,52.83,0.462,0.446,679,716,-0.469413,0.094972,H5N2,Avian
337,A/chicken/Kaohsiung/17100002/2017|EPI_ISL_4032230,A/chicken/Kaohsiung/17100,0.2763,0.3271,0.4125,0.2975,0.195,-0.025,0.411,52.48,0.464,0.447,679,716,-0.463268,0.094972,H5N2,Avian
338,A/chicken/Kaohsiung/18080004-1/2018|EPI_ISL_4032235,A/chicken/Kaohsiung/18080,0.2906,0.3094,0.4278,0.283,0.198,-0.028,0.409,52.64,0.441,0.439,678,716,-0.47109,0.093575,H5N2,Avian
339,A/chicken/Kaohsiung/18080004-2/2018|EPI_ISL_4032236,A/chicken/Kaohsiung/18080,0.2887,0.3113,0.4278,0.283,0.197,-0.028,0.409,52.59,0.442,0.44,678,716,-0.47109,0.093575,H5N2,Avian
340,A/chicken/Liaoning/S4092/2011|EPI_ISL_234324,A/chicken/Liaoning/S4092/,0.2873,0.3176,0.4381,0.2672,0.199,-0.013,0.417,51.24,0.437,0.438,678,716,-0.496229,0.093575,H5N1,Avian
341,A/chicken/Liaoning/SD035/2018(H5N1)|EPI_ISL_18513219,A/chicken/Liaoning/SD035/,0.2994,0.2994,0.4525,0.2552,0.186,-0.055,0.392,52.79,0.414,0.431,678,716,-0.486732,0.093575,H5N1,Avian
342,A/chicken/Miaoli/15010421-1/2015|EPI_ISL_4032237,A/chicken/Miaoli/15010421,0.3152,0.2908,0.4302,0.2731,0.188,-0.072,0.383,53.14,0.42,0.428,678,716,-0.490503,0.094972,H5N8,Avian
343,A/chicken/Nantou/16110023-1/2016|EPI_ISL_4032239,A/chicken/Nantou/16110023,0.312,0.2876,0.44,0.2699,0.188,-0.07,0.384,52.72,0.415,0.426,679,716,-0.487849,0.096369,H5N8,Avian
344,A/chicken/New_Taipei_City/16110019-1/2016|EPI_ISL_4032240,A/chicken/New_Taipei_City,0.3195,0.2838,0.4321,0.2746,0.19,-0.067,0.386,53.23,0.416,0.427,678,716,-0.493017,0.094972,H5N8,Avian
345,A/chicken/New_Taipei_City/16110020-2/2016|EPI_ISL_4032241,A/chicken/New_Taipei_City,0.3177,0.2876,0.4321,0.2725,0.19,-0.064,0.388,53.26,0.417,0.427,678,716,-0.493017,0.094972,H5N8,Avian
346,A/chicken/New_Taipei_City/17040002-2/2017|EPI_ISL_4032242,A/chicken/New_Taipei_City,0.2669,0.3346,0.4183,0.2932,0.195,-0.025,0.411,52.81,0.467,0.447,679,716,-0.463687,0.094972,H5N2,Avian
347,A/chicken/New_Taipei_City/17050004-2/2017|EPI_ISL_4032243,A/chicken/New_Taipei_City,0.3177,0.2876,0.4302,0.2758,0.191,-0.062,0.389,53.44,0.419,0.426,678,716,-0.492179,0.094972,H5N8,Avian
348,A/chicken/New_Taipei_City/17090001/2017|EPI_ISL_4032244,A/chicken/New_Taipei_City,0.3158,0.2895,0.434,0.2716,0.192,-0.06,0.391,53.25,0.417,0.426,678,716,-0.49162,0.094972,H5N8,Avian
349,A/chicken/New_Taipei_City/17090002/2017|EPI_ISL_4032245,A/chicken/New_Taipei_City,0.3202,0.2863,0.434,0.2716,0.191,-0.065,0.388,53.05,0.414,0.425,678,716,-0.496509,0.094972,H5N8,Avian
350,A/chicken/New_Taipei_City/17090003/2017|EPI_ISL_4032246,A/chicken/New_Taipei_City,0.3177,0.2876,0.434,0.2716,0.191,-0.062,0.389,53.22,0.416,0.426,678,716,-0.492179,0.094972,H5N8,Avian
351,A/chicken/New_Taipei_City/18010021-3/2018|EPI_ISL_4032247,A/chicken/New_Taipei_City,0.2763,0.3252,0.4183,0.2932,0.194,-0.031,0.408,52.95,0.459,0.446,679,716,-0.467039,0.094972,H5N2,Avian
352,A/chicken/Ningxia/2/2012|EPI_ISL_234325,A/chicken/Ningxia/2/2012|,0.282,0.3195,0.4419,0.2625,0.194,-0.017,0.414,51.06,0.437,0.439,678,716,-0.502654,0.093575,H5N1,Avian
353,A/chicken/Ningxia/222/2012|EPI_ISL_148405,A/chicken/Ningxia/222/201,0.282,0.3195,0.4419,0.2625,0.194,-0.017,0.414,51.06,0.437,0.439,678,716,-0.502654,0.093575,H5N1,Avian
354,A/chicken/PH/A2821/2013|EPI_ISL_179540,A/chicken/PH/A2821/2013|E,0.3169,0.2808,0.4476,0.2689,0.19,-0.051,0.395,50.63,0.407,0.425,678,716,-0.492877,0.093575,H5N2,Avian
355,A/chicken/Pingtung/15050006-1/2015|EPI_ISL_4032264,A/chicken/Pingtung/150500,0.2669,0.3365,0.4152,0.2947,0.195,-0.033,0.406,53.03,0.47,0.449,679,716,-0.472207,0.094972,H5N2,Avian
356,A/chicken/Pingtung/16020009-3/2016|EPI_ISL_4032266,A/chicken/Pingtung/160200,0.2645,0.334,0.4163,0.2962,0.193,-0.032,0.406,53.09,0.47,0.449,679,716,-0.464246,0.094972,H5N2,Avian
357,A/chicken/Pingtung/18010017-1/2018|EPI_ISL_4032267,A/chicken/Pingtung/180100,0.2726,0.3289,0.4183,0.2932,0.196,-0.022,0.412,52.28,0.462,0.445,679,716,-0.461871,0.094972,H5N2,Avian
358,A/chicken/Pingtung/18020015-1/2018|EPI_ISL_4032269,A/chicken/Pingtung/180200,0.2744,0.3271,0.4183,0.2932,0.195,-0.029,0.409,52.73,0.461,0.446,679,716,-0.463547,0.094972,H5N2,Avian
359,A/chicken/PT/a158/2015|EPI_ISL_179534,A/chicken/PT/a158/2015|EP,0.3225,0.2767,0.4514,0.2679,0.196,-0.05,0.397,50.83,0.401,0.422,678,716,-0.489525,0.093575,H5N2,Avian
360,A/chicken/Qingdao/1/2014|EPI_ISL_176997,A/chicken/Qingdao/1/2014|,0.266,0.3396,0.4267,0.2824,0.21,0.024,0.438,55.23,0.463,0.446,680,716,-0.50419,0.092179,H5N2,Avian
361,A/chicken/SC/a688/2015|EPI_ISL_179539,A/chicken/SC/a688/2015|EP,0.3225,0.2786,0.4514,0.2653,0.196,-0.047,0.398,50.87,0.401,0.421,678,716,-0.49581,0.093575,H5N2,Avian
362,A/chicken/Shaanxi/SD001/2021|EPI_ISL_9637827,A/chicken/Shaanxi/SD001/2,0.3002,0.3039,0.4459,0.2547,0.195,-0.03,0.406,53.1,0.418,0.436,679,716,-0.463687,0.093575,H5N6,Avian
363,A/chicken/Shandong/12.03_YA-CK/2014(H5N1)|EPI_ISL_199154,A/chicken/Shandong/12.03_,0.2844,0.3051,0.431,0.289,0.196,-0.025,0.41,52.98,0.443,0.439,680,716,-0.474162,0.093575,H5N1,Avian
364,A/Chicken/Shandong/J01/2009|EPI_ISL_169392,A/Chicken/Shandong/J01/20,0.2932,0.3045,0.4542,0.2547,0.188,-0.056,0.391,50.62,0.418,0.432,677,716,-0.475838,0.093575,H5N1,Avian
365,A/Chicken/Shandong/J02/2009|EPI_ISL_169393,A/Chicken/Shandong/J02/20,0.2806,0.322,0.44,0.2651,0.196,-0.013,0.417,50.76,0.44,0.44,678,716,-0.488966,0.094972,H5N1,Avian
366,A/Chicken/Shandong/J03/2009|EPI_ISL_169416,A/Chicken/Shandong/J03/20,0.2844,0.3164,0.44,0.2672,0.196,-0.018,0.414,50.66,0.437,0.439,678,716,-0.501397,0.093575,H5N1,Avian
367,A/Chicken/Shandong/J04/2009|EPI_ISL_169417,A/Chicken/Shandong/J04/20,0.2844,0.3145,0.4381,0.2708,0.193,-0.022,0.412,51.02,0.438,0.439,678,716,-0.498883,0.093575,H5N1,Avian
368,A/Chicken/Shandong/J06/2009|EPI_ISL_169419,A/Chicken/Shandong/J06/20,0.2825,0.3089,0.4383,0.2777,0.195,-0.027,0.409,52.1,0.438,0.441,678,716,-0.465503,0.093575,H5N1,Avian
369,A/chicken/Shandong/KD02699/2013|EPI_ISL_237552,A/chicken/Shandong/KD0269,0.3114,0.2908,0.4466,0.2579,0.194,-0.056,0.392,52.08,0.41,0.43,678,716,-0.484497,0.094972,H5N8,Avian
370,A/chicken/Shandong/S3/2014|EPI_ISL_234326,A/chicken/Shandong/S3/201,0.2655,0.339,0.4267,0.2824,0.209,0.022,0.437,55.16,0.463,0.446,680,716,-0.496788,0.093575,H5N2,Avian
371,A/chicken/Shanghai/S1123/2019(H5N1)|EPI_ISL_18513220,A/chicken/Shanghai/S1123/,0.2925,0.3075,0.4544,0.2537,0.189,-0.048,0.397,51.53,0.419,0.432,678,716,-0.48743,0.092179,H5N1,Avian
372,A/chicken/Shanghai/S4030/2017(H5N1)|EPI_ISL_18513221,A/chicken/Shanghai/S4030/,0.2919,0.2976,0.4564,0.261,0.185,-0.056,0.392,51.42,0.417,0.432,679,716,-0.486313,0.093575,H5N1,Avian
373,A/chicken/Shanxi/04.28_TGRL024-O/2018|EPI_ISL_696630,A/chicken/Shanxi/04.28_TG,0.2985,0.2966,0.4198,0.292,0.184,-0.063,0.388,53.21,0.44,0.44,678,716,-0.46662,0.093575,H5N6,Avian
374,A/chicken/Shanxi/12.01_TGYL014-C/2016|EPI_ISL_707363,A/chicken/Shanxi/12.01_TG,0.3034,0.2996,0.4218,0.2836,0.187,-0.065,0.386,52.97,0.435,0.437,678,716,-0.464386,0.093575,H5N6,Avian
375,A/chicken/Shenzhen/433/2013|EPI_ISL_182059,A/chicken/Shenzhen/433/20,0.3034,0.3015,0.4256,0.2773,0.186,-0.066,0.386,52.97,0.432,0.438,678,716,-0.469553,0.093575,H5N6,Avian
376,A/chicken/Shenzhen/552/2013|EPI_ISL_182086,A/chicken/Shenzhen/552/20,0.3034,0.2996,0.4256,0.2794,0.184,-0.071,0.383,52.84,0.432,0.438,678,716,-0.469553,0.093575,H5N6,Avian
377,A/chicken/Shenzhen/715/2013|EPI_ISL_181665,A/chicken/Shenzhen/715/20,0.3034,0.3015,0.4256,0.2773,0.186,-0.066,0.386,52.97,0.432,0.438,678,716,-0.469553,0.093575,H5N6,Avian
378,A/chicken/Shenzhen/1061/2013|EPI_ISL_181666,A/chicken/Shenzhen/1061/2,0.3021,0.3002,0.4267,0.2788,0.186,-0.064,0.388,52.45,0.432,0.437,678,716,-0.468436,0.093575,H5N6,Avian
379,A/chicken/Shenzhen/1845/2013|EPI_ISL_182061,A/chicken/Shenzhen/1845/2,0.3019,0.3,0.4326,0.2735,0.189,-0.051,0.395,53.08,0.428,0.435,678,716,-0.468715,0.093575,H5N6,Avian
380,A/chicken/Shenzhen/2269/2013|EPI_ISL_181667,A/chicken/Shenzhen/2269/2,0.3052,0.2959,0.4198,0.2878,0.183,-0.079,0.379,52.8,0.435,0.439,678,716,-0.469553,0.093575,H5N6,Avian
381,A/chicken/Shenzhen/2396/2013|EPI_ISL_182062,A/chicken/Shenzhen/2396/2,0.3015,0.2996,0.424,0.2809,0.183,-0.066,0.385,52.87,0.434,0.438,678,716,-0.459497,0.090782,H5N6,Avian
382,A/chicken/Shenzhen/2464/2013|EPI_ISL_182063,A/chicken/Shenzhen/2464/2,0.3034,0.2996,0.4237,0.2809,0.186,-0.068,0.385,52.95,0.434,0.439,678,716,-0.469972,0.093575,H5N6,Avian
383,A/chicken/Shijiazhuang/1209/2013|EPI_ISL_175618,A/chicken/Shijiazhuang/12,0.2779,0.3289,0.4316,0.2773,0.215,0.031,0.443,55.04,0.45,0.44,680,716,-0.489525,0.094972,H5N2,Avian
384,A/chicken/Sichuan/k141/2017|EPI_ISL_505073,A/chicken/Sichuan/k141/20,0.2966,0.3078,0.4125,0.2887,0.186,-0.058,0.39,54.02,0.446,0.442,679,716,-0.475419,0.093575,H5N6,Avian
385,A/chicken/Sichuan/NCJPL1/2014|EPI_ISL_179645,A/chicken/Sichuan/NCJPL1/,0.2981,0.3038,0.4307,0.2756,0.19,-0.049,0.397,53.14,0.432,0.438,678,716,-0.472067,0.093575,H5N6,Avian
386,A/Chicken/Suzhou/j5/2019|EPI_ISL_353285,A/Chicken/Suzhou/j5/2019|,0.3022,0.3022,0.4076,0.2941,0.181,-0.071,0.383,52.39,0.445,0.443,678,716,-0.45824,0.093575,H5N6,Avian
387,A/Chicken/Suzhou/j6/2019|EPI_ISL_353618,A/Chicken/Suzhou/j6/2019|,0.3022,0.3022,0.4076,0.2941,0.181,-0.071,0.383,52.39,0.445,0.443,678,716,-0.45824,0.093575,H5N6,Avian
388,A/chicken/Taichung/15010399/2015|EPI_ISL_4032272,A/chicken/Taichung/150103,0.2674,0.3352,0.4183,0.2926,0.194,-0.033,0.406,52.86,0.467,0.447,679,716,-0.468436,0.094972,H5N2,Avian
389,A/chicken/Taichung/16040032-3/2016|EPI_ISL_4032273,A/chicken/Taichung/160400,0.2674,0.3333,0.4248,0.2878,0.192,-0.036,0.405,52.89,0.462,0.446,679,716,-0.45824,0.094972,H5N2,Avian
390,A/chicken/Taichung/16050044-2/2016|EPI_ISL_4032274,A/chicken/Taichung/160500,0.2693,0.3333,0.4221,0.2884,0.191,-0.041,0.402,52.84,0.462,0.445,679,716,-0.463827,0.094972,H5N2,Avian
391,A/chicken/Taichung/16110017-3/2016|EPI_ISL_4032275,A/chicken/Taichung/161100,0.2774,0.3208,0.4373,0.2762,0.194,-0.029,0.408,52.31,0.445,0.441,679,716,-0.483938,0.093575,H5N8,Avian
392,A/chicken/Tainan/15020214/2015|EPI_ISL_4032276,A/chicken/Tainan/15020214,0.3139,0.2932,0.4253,0.2773,0.191,-0.066,0.387,53.1,0.425,0.429,677,716,-0.497626,0.094972,H5N8,Avian
393,A/chicken/Tainan/16040035-1/2016|EPI_ISL_4032277,A/chicken/Tainan/16040035,0.2697,0.3333,0.4099,0.2996,0.189,-0.036,0.404,52.92,0.471,0.447,680,716,-0.457402,0.094972,H5N2,Avian
394,A/chicken/Tainan/17030058-1/2017|EPI_ISL_4032278,A/chicken/Tainan/17030058,0.3208,0.2833,0.4379,0.2668,0.186,-0.077,0.381,52.48,0.41,0.425,678,716,-0.496648,0.093575,H5N8,Avian
395,A/chicken/Taipei_City/17090004/2017|EPI_ISL_4032280,A/chicken/Taipei_City/170,0.3177,0.2876,0.434,0.2716,0.191,-0.062,0.389,53.22,0.416,0.426,678,716,-0.492179,0.094972,H5N8,Avian
396,A/chicken/Taipei_City/18010007-3/2018|EPI_ISL_4032281,A/chicken/Taipei_City/180,0.2744,0.3271,0.4095,0.3044,0.193,-0.029,0.409,53.23,0.468,0.448,679,716,-0.473464,0.094972,H5N2,Avian
397,A/chicken/Taipei_City/18010008-3/2018|EPI_ISL_4032282,A/chicken/Taipei_City/180,0.272,0.3302,0.4183,0.2911,0.193,-0.022,0.412,51.78,0.462,0.446,679,716,-0.464525,0.094972,H5N2,Avian
398,A/chicken/Taipei/16060022-4/2016|EPI_ISL_4032285,A/chicken/Taipei/16060022,0.312,0.2895,0.4305,0.2782,0.19,-0.067,0.386,53.03,0.423,0.428,679,716,-0.487151,0.094972,H5N8,Avian
399,A/chicken/Taipei/16060023-1/2016|EPI_ISL_4032286,A/chicken/Taipei/16060023,0.312,0.2895,0.4305,0.2782,0.19,-0.067,0.386,52.9,0.423,0.428,679,716,-0.490503,0.094972,H5N8,Avian
400,A/chicken/Taipei/16120021/2016|EPI_ISL_4032287,A/chicken/Taipei/16120021,0.3152,0.2871,0.4267,0.2803,0.187,-0.07,0.384,52.93,0.423,0.428,679,716,-0.489665,0.094972,H5N8,Avian
401,A/chicken/Taipei/17050005-1/2017|EPI_ISL_4032288,A/chicken/Taipei/17050005,0.3177,0.2876,0.4321,0.2731,0.191,-0.059,0.391,53.29,0.417,0.426,678,716,-0.492598,0.094972,H5N8,Avian
402,A/chicken/Taipei/17050008-3/2017|EPI_ISL_4032291,A/chicken/Taipei/17050008,0.3151,0.2906,0.434,0.2716,0.193,-0.057,0.393,53.35,0.418,0.426,677,716,-0.49595,0.094972,H5N8,Avian
403,A/chicken/Taipei/17050009-3/2017|EPI_ISL_4032292,A/chicken/Taipei/17050009,0.3177,0.2876,0.4321,0.2737,0.191,-0.062,0.389,53.24,0.417,0.426,678,716,-0.492179,0.094972,H5N8,Avian
404,A/chicken/Taishun/TS2/2016|EPI_ISL_244534,A/chicken/Taishun/TS2/201,0.2825,0.3164,0.4324,0.2836,0.205,0.007,0.428,53.74,0.446,0.439,680,716,-0.487849,0.093575,H5N6,Avian
405,A/chicken/Taishun/TS90/2016|EPI_ISL_244533,A/chicken/Taishun/TS90/20,0.2763,0.3271,0.4313,0.2773,0.21,0.034,0.443,52.69,0.451,0.445,679,716,-0.499581,0.093575,H5N6,Avian
406,A/chicken/Taiwan/0101/2012|EPI_ISL_143459,A/chicken/Taiwan/0101/201,0.2992,0.2917,0.4552,0.2695,0.195,-0.047,0.398,50.41,0.415,0.426,679,716,-0.499022,0.094972,H5N2,Avian
407,A/chicken/Taiwan/0502/2012|EPI_ISL_162475,A/chicken/Taiwan/0502/201,0.3029,0.2933,0.4506,0.2683,0.192,-0.041,0.401,50.49,0.416,0.426,678,716,-0.49567,0.093575,H5N2,Avian
408,A/chicken/Taiwan/683/2012|EPI_ISL_158000,A/chicken/Taiwan/683/2012,0.3225,0.2786,0.4478,0.2657,0.192,-0.062,0.389,50.67,0.403,0.423,678,716,-0.489805,0.092179,H5N2,Avian
409,A/chicken/Taiwan/01174/2015|EPI_ISL_219873,A/chicken/Taiwan/01174/20,0.3133,0.2927,0.4283,0.2752,0.19,-0.066,0.386,53.09,0.423,0.429,678,716,-0.490503,0.094972,Others,Avian
410,A/chicken/Taiwan/1682/2013|EPI_ISL_158004,A/chicken/Taiwan/1682/201,0.3062,0.2817,0.4525,0.2697,0.197,-0.051,0.395,51.3,0.411,0.431,679,716,-0.500559,0.096369,H5N2,Avian
411,A/chicken/Taiwan/1692/2013|EPI_ISL_158005,A/chicken/Taiwan/1692/201,0.3062,0.2817,0.4516,0.2692,0.197,-0.048,0.396,51.42,0.411,0.432,679,716,-0.502374,0.096369,H5N2,Avian
412,A/chicken/Taiwan/1704/2013|EPI_ISL_158006,A/chicken/Taiwan/1704/201,0.3081,0.2798,0.4516,0.2692,0.198,-0.048,0.396,51.43,0.409,0.431,679,716,-0.502374,0.096369,H5N2,Avian
413,A/chicken/Taiwan/1711/2013|EPI_ISL_158007,A/chicken/Taiwan/1711/201,0.3062,0.2817,0.4516,0.2692,0.197,-0.048,0.396,51.42,0.411,0.432,679,716,-0.502374,0.096369,H5N2,Avian
414,A/chicken/Taiwan/2593/2012|EPI_ISL_158024,A/chicken/Taiwan/2593/201,0.3168,0.2824,0.4525,0.2642,0.193,-0.052,0.395,50.74,0.404,0.423,678,716,-0.491201,0.093575,H5N2,Avian
415,A/chicken/Taiwan/2948/2013|EPI_ISL_158008,A/chicken/Taiwan/2948/201,0.3206,0.2786,0.4544,0.2621,0.193,-0.055,0.394,51.01,0.4,0.421,678,716,-0.491201,0.093575,H5N2,Avian
416,A/chicken/Taiwan/4443/2013|EPI_ISL_158014,A/chicken/Taiwan/4443/201,0.3162,0.2819,0.4487,0.2683,0.193,-0.05,0.397,50.57,0.407,0.425,678,716,-0.495391,0.093575,H5N2,Avian
417,A/chicken/Taiwan/7350/2013|EPI_ISL_158009,A/chicken/Taiwan/7350/201,0.3162,0.2819,0.4525,0.2642,0.192,-0.054,0.394,50.17,0.404,0.423,678,716,-0.492039,0.093575,H5N2,Avian
418,A/chicken/Taiwan/8988/2013|EPI_ISL_158010,A/chicken/Taiwan/8988/201,0.3124,0.2857,0.4535,0.261,0.193,-0.047,0.398,50.73,0.406,0.425,678,716,-0.495391,0.093575,H5N2,Avian
419,A/chicken/Taiwan/8994/2013|EPI_ISL_158011,A/chicken/Taiwan/8994/201,0.3124,0.2857,0.4535,0.261,0.193,-0.047,0.398,50.73,0.406,0.425,678,716,-0.495391,0.093575,H5N2,Avian
420,A/chicken/Taiwan/8996/2013|EPI_ISL_158013,A/chicken/Taiwan/8996/201,0.3124,0.2857,0.4535,0.261,0.193,-0.047,0.398,50.73,0.406,0.425,678,716,-0.495391,0.093575,H5N2,Avian
421,A/chicken/Taiwan/A1/2019|EPI_ISL_502392,A/chicken/Taiwan/A1/2019|,0.3283,0.2713,0.4533,0.2594,0.187,-0.084,0.376,49.94,0.394,0.421,678,716,-0.489805,0.093575,H5N2,Avian
422,A/chicken/Taiwan/a174/2015|EPI_ISL_179025,A/chicken/Taiwan/a174/201,0.3143,0.2914,0.4247,0.276,0.19,-0.067,0.386,53.15,0.424,0.429,668,705,-0.489787,0.093617,Others,Avian
423,A/chicken/Taiwan/A1997/2012|EPI_ISL_143460,A/chicken/Taiwan/A1997/20,0.3151,0.2943,0.4351,0.2722,0.202,-0.013,0.418,52.78,0.419,0.429,680,716,-0.478631,0.094972,H5N2,Avian
424,A/chicken/Taiwan/D2/2019|EPI_ISL_502396,A/chicken/Taiwan/D2/2019|,0.2887,0.3132,0.4286,0.2815,0.199,-0.026,0.41,52.18,0.442,0.44,678,716,-0.475419,0.093575,H5N2,Avian
425,A/chicken/Taiwan/D9/2019|EPI_ISL_502397,A/chicken/Taiwan/D9/2019|,0.2868,0.3151,0.4286,0.2815,0.2,-0.023,0.412,52.16,0.444,0.44,678,716,-0.475419,0.093575,H5N2,Avian
426,A/chicken/Taiwan/u7/2016|EPI_ISL_256396,A/chicken/Taiwan/u7/2016|,0.2707,0.3327,0.4183,0.2918,0.194,-0.028,0.409,52.84,0.464,0.446,679,716,-0.456425,0.094972,H5N2,Avian
427,A/chicken/Taiwan/x37/2016|EPI_ISL_256398,A/chicken/Taiwan/x37/2016,0.3149,0.2882,0.428,0.2737,0.187,-0.072,0.383,52.77,0.42,0.428,669,705,-0.492624,0.092199,H5N8,Avian
428,A/chicken/TC/a504/2015|EPI_ISL_179536,A/chicken/TC/a504/2015|EP,0.3244,0.2748,0.4476,0.2722,0.196,-0.05,0.397,51.17,0.403,0.421,678,716,-0.493575,0.093575,H5N2,Avian
429,A/chicken/TY/a665/2015|EPI_ISL_179538,A/chicken/TY/a665/2015|EP,0.3244,0.2748,0.4495,0.27,0.196,-0.05,0.397,51.01,0.401,0.421,678,716,-0.493575,0.093575,H5N2,Avian
430,A/chicken/Wuxi/7157/2015|EPI_ISL_277040,A/chicken/Wuxi/7157/2015|,0.3052,0.2921,0.4283,0.2771,0.184,-0.068,0.384,52.39,0.426,0.436,679,716,-0.477933,0.090782,H5N6,Avian
431,A/chicken/Wuxi/7765/2016|EPI_ISL_277042,A/chicken/Wuxi/7765/2016|,0.3039,0.2983,0.4305,0.2746,0.186,-0.058,0.391,52.23,0.428,0.436,678,716,-0.469553,0.093575,H5N6,Avian
432,A/chicken/Wuxi/SC7393/2015|EPI_ISL_223364,A/chicken/Wuxi/SC7393/201,0.3109,0.2959,0.4283,0.2737,0.186,-0.074,0.382,52.58,0.425,0.434,678,716,-0.468157,0.093575,H5N6,Avian
433,A/chicken/Wuxi/WX-32/2013|EPI_ISL_376084,A/chicken/Wuxi/WX-32/2013,0.2895,0.3045,0.4516,0.2594,0.185,-0.058,0.391,51.27,0.422,0.433,678,716,-0.485754,0.093575,H5N1,Avian
434,A/chicken/Wuxi/WX-33/2013|EPI_ISL_376085,A/chicken/Wuxi/WX-33/2013,0.29,0.3051,0.4525,0.26,0.186,-0.056,0.392,51.26,0.422,0.432,678,716,-0.488408,0.093575,H5N1,Avian
435,A/chicken/Xinjiang/S1016/2019(H5N1)|EPI_ISL_18513222,A/chicken/Xinjiang/S1016/,0.2925,0.3075,0.4563,0.2516,0.188,-0.051,0.395,51.28,0.417,0.432,678,716,-0.48743,0.092179,H5N1,Avian
436,A/chicken/Xinjiang/S1081/2019(H5N1)|EPI_ISL_18513223,A/chicken/Xinjiang/S1081/,0.2906,0.3094,0.4601,0.2474,0.188,-0.051,0.395,51.21,0.416,0.431,678,716,-0.48743,0.092179,H5N1,Avian
437,A/chicken/Xinjiang/S1170/2019(H5N1)|EPI_ISL_18513224,A/chicken/Xinjiang/S1170/,0.2925,0.3075,0.4563,0.2516,0.188,-0.051,0.395,51.28,0.417,0.432,678,716,-0.48743,0.092179,H5N1,Avian
438,A/Chicken/Xuzhou/470/2017|EPI_ISL_315237,A/Chicken/Xuzhou/470/2017,0.3065,0.2972,0.4065,0.2983,0.181,-0.078,0.379,52.58,0.444,0.442,678,716,-0.470391,0.093575,H5N6,Avian
439,A/chicken/Xuzhou/XZ6/2016|EPI_ISL_282395,A/chicken/Xuzhou/XZ6/2016,0.3034,0.2978,0.4305,0.2767,0.189,-0.062,0.389,52.94,0.429,0.436,679,716,-0.466062,0.093575,H5N6,Avian
440,A/Chicken/Yangzhou/f6/2018|EPI_ISL_347752,A/Chicken/Yangzhou/f6/201,0.3052,0.3015,0.4084,0.2941,0.181,-0.078,0.379,52.8,0.444,0.441,678,716,-0.477793,0.093575,H5N6,Avian
441,A/Chicken/Yangzhou/f9/2018|EPI_ISL_347754,A/Chicken/Yangzhou/f9/201,0.3102,0.3064,0.4183,0.2741,0.19,-0.043,0.399,52.49,0.433,0.434,679,716,-0.468436,0.094972,H5N6,Avian
442,A/Chicken/Yangzhou/f14/2018|EPI_ISL_347757,A/Chicken/Yangzhou/f14/20,0.3052,0.3034,0.4084,0.292,0.181,-0.078,0.379,52.8,0.444,0.441,678,716,-0.477793,0.093575,H5N6,Avian
443,A/chicken/Yangzhou/YD1/2014|EPI_ISL_295144,A/chicken/Yangzhou/YD1/20,0.3058,0.2983,0.4302,0.2737,0.186,-0.068,0.386,52.72,0.427,0.436,677,716,-0.472765,0.093575,H5N6,Avian
444,A/chicken/YL/A3190/2014|EPI_ISL_179541,A/chicken/YL/A3190/2014|E,0.2973,0.2973,0.4514,0.2668,0.193,-0.036,0.404,49.24,0.419,0.429,678,716,-0.492598,0.093575,H5N2,Avian
445,A/chicken/Yuhang/1/2013|EPI_ISL_213833,A/chicken/Yuhang/1/2013|E,0.2683,0.3171,0.4362,0.2905,0.192,-0.029,0.408,51.77,0.452,0.443,679,716,-0.464804,0.093575,Others,Avian
446,A/chicken/Yuhang/2/2013|EPI_ISL_213834,A/chicken/Yuhang/2/2013|E,0.2683,0.3171,0.4362,0.2905,0.192,-0.029,0.408,51.77,0.452,0.443,679,716,-0.464804,0.093575,Others,Avian
447,A/chicken/Yunlin/15020048-1/2015|EPI_ISL_4032293,A/chicken/Yunlin/15020048,0.2688,0.3346,0.4171,0.2932,0.194,-0.035,0.405,52.8,0.467,0.447,679,716,-0.468436,0.094972,H5N2,Avian
448,A/chicken/Yunlin/15040002-2/2015|EPI_ISL_4032294,A/chicken/Yunlin/15040002,0.2715,0.3315,0.4122,0.2981,0.192,-0.037,0.404,52.8,0.468,0.448,679,716,-0.468855,0.094972,H5N2,Avian
449,A/chicken/Yunlin/15040027/2015|EPI_ISL_4032295,A/chicken/Yunlin/15040027,0.272,0.3302,0.4133,0.2975,0.192,-0.043,0.401,52.93,0.467,0.448,679,716,-0.464106,0.094972,H5N2,Avian
450,A/chicken/Yunlin/15050012/2015|EPI_ISL_4032296,A/chicken/Yunlin/15050012,0.3165,0.2903,0.4275,0.2752,0.19,-0.07,0.384,53.1,0.421,0.428,679,716,-0.486871,0.094972,H5N8,Avian
451,A/chicken/Yunlin/15050037-2/2015|EPI_ISL_4032297,A/chicken/Yunlin/15050037,0.2683,0.334,0.4133,0.2975,0.192,-0.04,0.402,52.78,0.47,0.448,679,716,-0.464106,0.094972,H5N2,Avian
452,A/chicken/Yunlin/15050039-2/2015|EPI_ISL_4032298,A/chicken/Yunlin/15050039,0.2702,0.3321,0.4133,0.2975,0.193,-0.04,0.402,52.96,0.468,0.449,679,716,-0.46676,0.093575,H5N2,Avian
453,A/chicken/Yunlin/15060014-1/2015|EPI_ISL_4032299,A/chicken/Yunlin/15060014,0.272,0.3302,0.4125,0.2968,0.192,-0.042,0.401,52.81,0.467,0.448,679,716,-0.456983,0.094972,H5N2,Avian
454,A/chicken/Yunlin/15080024/2015|EPI_ISL_4032300,A/chicken/Yunlin/15080024,0.2707,0.3327,0.4183,0.2899,0.192,-0.038,0.404,52.88,0.464,0.446,679,716,-0.465084,0.094972,H5N2,Avian
455,A/chicken/Yunlin/16010001-1/2016|EPI_ISL_4032301,A/chicken/Yunlin/16010001,0.2655,0.339,0.4144,0.2932,0.195,-0.022,0.413,52.7,0.471,0.449,678,716,-0.456145,0.094972,H5N2,Avian
456,A/chicken/Yunlin/16010008-1/2016|EPI_ISL_4032302,A/chicken/Yunlin/16010008,0.272,0.3302,0.4133,0.2975,0.194,-0.033,0.406,53.04,0.467,0.448,679,716,-0.462011,0.094972,H5N2,Avian
457,A/chicken/Yunlin/16020038/2016|EPI_ISL_4032303,A/chicken/Yunlin/16020038,0.3052,0.2959,0.4313,0.2773,0.188,-0.068,0.386,53.02,0.427,0.43,679,716,-0.490223,0.094972,H5N8,Avian
458,A/chicken/Yunlin/16050053/2016|EPI_ISL_4032304,A/chicken/Yunlin/16050053,0.2693,0.3315,0.4248,0.2878,0.192,-0.039,0.404,52.87,0.461,0.446,679,716,-0.45824,0.094972,H5N2,Avian
459,A/chicken/Yunlin/17010001/2017|EPI_ISL_4032305,A/chicken/Yunlin/17010001,0.314,0.2897,0.4165,0.2918,0.185,-0.074,0.382,52.61,0.432,0.431,678,716,-0.506564,0.094972,H5N8,Avian
460,A/chicken/Yunlin/17010014/2017|EPI_ISL_4032306,A/chicken/Yunlin/17010014,0.2726,0.3308,0.4144,0.2954,0.195,-0.028,0.409,52.86,0.465,0.447,679,716,-0.469413,0.094972,H5N2,Avian
461,A/chicken/Yunlin/17020094-1/2017|EPI_ISL_4032308,A/chicken/Yunlin/17020094,0.2739,0.3265,0.4183,0.2932,0.194,-0.032,0.406,52.94,0.461,0.446,679,716,-0.452933,0.094972,H5N2,Avian
462,A/chicken/Yunlin/17020095-2/2017|EPI_ISL_4032309,A/chicken/Yunlin/17020095,0.2664,0.334,0.4213,0.2884,0.193,-0.025,0.411,52.76,0.464,0.447,679,716,-0.460196,0.094972,H5N2,Avian
463,A/chicken/Yunlin/17030001-1/2017|EPI_ISL_4032310,A/chicken/Yunlin/17030001,0.2707,0.3327,0.4118,0.2962,0.196,-0.022,0.412,52.99,0.468,0.449,679,716,-0.465922,0.094972,H5N2,Avian
464,A/chicken/Yunlin/17030007-1/2017|EPI_ISL_4032311,A/chicken/Yunlin/17030007,0.2777,0.3246,0.4186,0.2893,0.193,-0.037,0.403,52.54,0.457,0.446,680,716,-0.456564,0.093575,H5N2,Avian
465,A/chicken/Yunlin/17030010-1/2017|EPI_ISL_4032312,A/chicken/Yunlin/17030010,0.2669,0.3346,0.4183,0.2932,0.195,-0.025,0.411,52.81,0.467,0.447,679,716,-0.463687,0.094972,H5N2,Avian
466,A/chicken/Yunlin/17030014-1/2017|EPI_ISL_4032313,A/chicken/Yunlin/17030014,0.265,0.3346,0.4194,0.2926,0.194,-0.02,0.414,52.76,0.467,0.448,679,716,-0.465503,0.094972,H5N2,Avian
467,A/chicken/Yunlin/17030020-2/2017|EPI_ISL_4032314,A/chicken/Yunlin/17030020,0.2726,0.3289,0.4194,0.2905,0.194,-0.03,0.408,52.88,0.461,0.445,679,716,-0.453352,0.094972,H5N2,Avian
468,A/chicken/Yunlin/17030021-1/2017|EPI_ISL_4032315,A/chicken/Yunlin/17030021,0.2664,0.334,0.4167,0.2941,0.195,-0.02,0.413,52.61,0.468,0.448,680,716,-0.462291,0.094972,H5N2,Avian
469,A/chicken/Yunlin/17030032-2/2017|EPI_ISL_4032316,A/chicken/Yunlin/17030032,0.2613,0.3383,0.4278,0.2842,0.192,-0.025,0.411,52.68,0.464,0.447,679,716,-0.464106,0.094972,H5N2,Avian
470,A/chicken/Yunlin/17030065-2/2017|EPI_ISL_4032317,A/chicken/Yunlin/17030065,0.2726,0.3308,0.4144,0.2954,0.198,-0.018,0.415,52.61,0.465,0.447,679,716,-0.463687,0.094972,H5N2,Avian
471,A/chicken/Yunlin/17040003-1/2017|EPI_ISL_4032318,A/chicken/Yunlin/17040003,0.2782,0.3271,0.4202,0.2863,0.197,-0.028,0.409,52.32,0.457,0.446,679,716,-0.463967,0.094972,H5N2,Avian
472,A/chicken/Yunlin/17040004-2/2017|EPI_ISL_4032319,A/chicken/Yunlin/17040004,0.2763,0.3289,0.4118,0.2941,0.194,-0.027,0.409,52.9,0.464,0.447,679,716,-0.465922,0.094972,H5N2,Avian
473,A/chicken/Yunlin/17040011-1/2017|EPI_ISL_4032322,A/chicken/Yunlin/17040011,0.2744,0.3271,0.4156,0.2941,0.194,-0.03,0.408,53.16,0.462,0.447,679,716,-0.465922,0.094972,H5N2,Avian
474,A/chicken/Yunlin/17060019/2017|EPI_ISL_4032324,A/chicken/Yunlin/17060019,0.2702,0.3302,0.4152,0.2981,0.194,-0.033,0.406,52.68,0.467,0.447,679,716,-0.463687,0.094972,H5N2,Avian
475,A/chicken/Yunlin/17070010/2017|EPI_ISL_4032325,A/chicken/Yunlin/17070010,0.2731,0.3296,0.4144,0.2975,0.193,-0.032,0.406,52.59,0.465,0.446,679,716,-0.462849,0.094972,H5N2,Avian
476,A/chicken/Yunlin/18010001-2/2018|EPI_ISL_4032326,A/chicken/Yunlin/18010001,0.2731,0.3315,0.4057,0.3038,0.192,-0.04,0.403,52.88,0.472,0.449,678,716,-0.47081,0.094972,H5N2,Avian
477,A/chicken/Yunlin/18010003-3/2018|EPI_ISL_4032327,A/chicken/Yunlin/18010003,0.2707,0.3327,0.4057,0.3038,0.191,-0.04,0.403,52.62,0.473,0.45,678,716,-0.475,0.094972,H5N2,Avian
478,A/chicken/Yunlin/18010023-1/2018|EPI_ISL_4032328,A/chicken/Yunlin/18010023,0.2744,0.3289,0.4144,0.2966,0.193,-0.028,0.409,53.19,0.464,0.446,679,716,-0.455866,0.094972,H5N2,Avian
479,A/chicken/Yunlin/18020003-2/2018|EPI_ISL_4032330,A/chicken/Yunlin/18020003,0.2744,0.3289,0.4144,0.2954,0.193,-0.028,0.409,52.16,0.464,0.446,679,716,-0.464246,0.094972,H5N2,Avian
480,A/chicken/Yunlin/18020004-1/2018|EPI_ISL_4032331,A/chicken/Yunlin/18020004,0.275,0.3277,0.4156,0.2947,0.193,-0.028,0.409,52.13,0.462,0.446,679,716,-0.464246,0.094972,H5N2,Avian
481,A/chicken/Yunlin/18020005-2/2018|EPI_ISL_4032332,A/chicken/Yunlin/18020005,0.2726,0.3308,0.4144,0.2954,0.193,-0.025,0.411,52.18,0.465,0.447,679,716,-0.464246,0.094972,H5N2,Avian
482,A/chicken/Yunlin/18020008-2/2018|EPI_ISL_4032333,A/chicken/Yunlin/18020008,0.2744,0.3308,0.4163,0.2918,0.195,-0.021,0.414,52.86,0.462,0.446,679,716,-0.463268,0.094972,H5N2,Avian
483,A/chicken/Yunlin/18030002-1/2018|EPI_ISL_4032335,A/chicken/Yunlin/18030002,0.2739,0.3283,0.4144,0.2954,0.191,-0.03,0.408,52.14,0.464,0.447,679,716,-0.459916,0.094972,H5N2,Avian
484,A/chicken/Yunlin/18050013-1/2018|EPI_ISL_4032337,A/chicken/Yunlin/18050013,0.2774,0.3283,0.4133,0.296,0.193,-0.033,0.407,52.29,0.463,0.446,678,716,-0.467737,0.094972,H5N2,Avian
485,A/chicken/Yunlin/18060001-2/2018|EPI_ISL_4032338,A/chicken/Yunlin/18060001,0.2774,0.3283,0.4133,0.296,0.193,-0.03,0.409,52.18,0.463,0.446,678,716,-0.467737,0.094972,H5N2,Avian
486,A/chicken/Yunlin/18080006-1/2018|EPI_ISL_4032419,A/chicken/Yunlin/18080006,0.2726,0.3271,0.4068,0.3087,0.188,-0.04,0.402,52.94,0.471,0.447,679,716,-0.459916,0.094972,H5N2,Avian
487,A/chicken/Yunnan/1/2014|EPI_ISL_205856,A/chicken/Yunnan/1/2014|E,0.2972,0.3028,0.4221,0.2851,0.185,-0.066,0.386,52.51,0.439,0.44,679,716,-0.457961,0.093575,H5N1,Avian
488,A/chicken/Yunnan/02.09_DQXY008L/2015(H5N6)|EPI_ISL_200819,A/chicken/Yunnan/02.09_DQ,0.2731,0.3296,0.421,0.2914,0.215,0.04,0.447,53.72,0.462,0.447,680,716,-0.497067,0.093575,H5N6,Avian
489,A/chicken/Yunnan/03.15_DQJT0054-Z-P/2015(H5N6)|EPI_ISL_199085,A/chicken/Yunnan/03.15_DQ,0.2996,0.3015,0.4256,0.2815,0.187,-0.058,0.391,53.62,0.435,0.438,678,716,-0.469553,0.093575,H5N6,Avian
490,A/chicken/Yunnan/03.16__DQJT0068-O/2015(H5N6)|EPI_ISL_199034,A/chicken/Yunnan/03.16__D,0.2768,0.3277,0.421,0.2893,0.215,0.04,0.447,53.82,0.459,0.446,680,716,-0.497067,0.093575,H5N6,Avian
491,A/chicken/Yunnan/03.16_DQJT069-O/2015(H5N6)|EPI_ISL_199109,A/chicken/Yunnan/03.16_DQ,0.3077,0.2983,0.4226,0.28,0.187,-0.063,0.388,52.87,0.431,0.436,677,716,-0.472765,0.093575,H5N6,Avian
492,A/chicken/Yunnan/03.16_DQXYL0034-O/2015(H5N6)|EPI_ISL_198880,A/chicken/Yunnan/03.16_DQ,0.2736,0.3302,0.4179,0.2935,0.216,0.041,0.448,53.36,0.464,0.448,679,716,-0.500698,0.093575,H5N6,Avian
493,A/chicken/Yunnan/03.16_DQXYL057-O/2015(H5N6)|EPI_ISL_199106,A/chicken/Yunnan/03.16_DQ,0.3077,0.2983,0.4226,0.28,0.187,-0.063,0.388,52.87,0.431,0.436,677,716,-0.472765,0.093575,H5N6,Avian
494,A/chicken/Yunnan/07.11_DQENM005/2015(H5N6)|EPI_ISL_200829,A/chicken/Yunnan/07.11_DQ,0.3058,0.2983,0.4226,0.2821,0.185,-0.065,0.387,52.76,0.433,0.436,677,716,-0.472765,0.093575,H5N6,Avian
495,A/Chicken/Yunnan/YN-8/2016__(H5N6)|EPI_ISL_283965,A/Chicken/Yunnan/YN-8/201,0.3034,0.2996,0.4275,0.2773,0.191,-0.057,0.392,52.82,0.431,0.438,678,716,-0.475279,0.093575,H5N6,Avian
496,A/Chicken/Yunnan/YN-11/2016__(H5N6)|EPI_ISL_283968,A/Chicken/Yunnan/YN-11/20,0.2996,0.3015,0.4294,0.2773,0.186,-0.063,0.388,52.48,0.432,0.437,678,716,-0.476117,0.093575,H5N6,Avian
497,A/Chicken/Yunnan/YN-12/2016__(H5N6)|EPI_ISL_283969,A/Chicken/Yunnan/YN-12/20,0.3034,0.2978,0.4305,0.2746,0.191,-0.05,0.395,52.82,0.428,0.437,678,716,-0.465224,0.093575,H5N6,Avian
498,A/chicken/Zhejiang/194/2016|EPI_ISL_253029,A/chicken/Zhejiang/194/20,0.2938,0.3107,0.4436,0.2648,0.198,-0.005,0.422,52.56,0.428,0.433,678,716,-0.490223,0.093575,H5N2,Avian
499,A/chicken/Zhejiang/209/2016|EPI_ISL_253030,A/chicken/Zhejiang/209/20,0.2994,0.2994,0.4438,0.2683,0.213,0.007,0.429,51.27,0.423,0.432,679,716,-0.473743,0.094972,H5N2,Avian
500,A/chicken/Zhejiang/217/2016|EPI_ISL_253031,A/chicken/Zhejiang/217/20,0.2938,0.3107,0.4436,0.2648,0.198,-0.005,0.422,52.56,0.428,0.433,678,716,-0.490223,0.093575,H5N2,Avian
501,A/chicken/Zhejiang/232/2016|EPI_ISL_253032,A/chicken/Zhejiang/232/20,0.2994,0.3032,0.44,0.2683,0.212,0.002,0.426,51.1,0.426,0.433,679,716,-0.473324,0.094972,H5N2,Avian
502,A/chicken/Zhejiang/7450/2015|EPI_ISL_279180,A/chicken/Zhejiang/7450/2,0.3096,0.2852,0.4381,0.2779,0.197,-0.02,0.412,52.39,0.418,0.428,679,716,-0.478631,0.096369,H5N2,Avian
503,A/chicken/Zhejiang/81643/2015|EPI_ISL_279179,A/chicken/Zhejiang/81643/,0.3109,0.2846,0.4324,0.2821,0.196,-0.025,0.409,52.24,0.421,0.43,679,716,-0.475419,0.096369,H5N2,Avian
504,A/chicken/Zhejiang/514135/2015|EPI_ISL_279181,A/chicken/Zhejiang/514135,0.2795,0.3265,0.4389,0.2658,0.208,0.024,0.439,51.62,0.442,0.441,679,716,-0.482262,0.094972,H5N2,Avian
505,A/chicken/Zhejiang/727022/2014|EPI_ISL_203747,A/chicken/Zhejiang/727022,0.3071,0.2978,0.4198,0.2842,0.187,-0.066,0.386,52.98,0.434,0.438,678,716,-0.468576,0.093575,H5N6,Avian
506,A/chicken/Zhejiang/727026/2014|EPI_ISL_203748,A/chicken/Zhejiang/727026,0.3071,0.2978,0.4218,0.2821,0.186,-0.066,0.386,53.03,0.432,0.437,678,716,-0.468576,0.093575,H5N6,Avian
507,A/chicken/Zhejiang/727079/2014|EPI_ISL_203737,A/chicken/Zhejiang/727079,0.2744,0.3289,0.4264,0.2842,0.21,0.032,0.442,53.38,0.457,0.446,679,716,-0.493715,0.093575,H5N2,Avian
508,A/chicken/Zhejiang/727155/2014|EPI_ISL_203749,A/chicken/Zhejiang/727155,0.3071,0.2978,0.4179,0.2857,0.187,-0.066,0.386,53.07,0.435,0.439,678,716,-0.468994,0.093575,H5N6,Avian
509,A/chicken/Zhejiang/727159/2014|EPI_ISL_203736,A/chicken/Zhejiang/727159,0.294,0.3127,0.4179,0.2863,0.187,-0.059,0.39,52.09,0.446,0.441,679,716,-0.465224,0.093575,H5N2,Avian
510,A/chickenl/Jiangxi/E84/2014_(H5N6)|EPI_ISL_386929,A/chickenl/Jiangxi/E84/20,0.3071,0.2959,0.4218,0.2836,0.185,-0.071,0.383,52.97,0.432,0.438,678,716,-0.469553,0.093575,H5N6,Avian
511,A/Chlidonias_hybrida/Hubei/55/2020|EPI_ISL_2555536,A/Chlidonias_hybrida/Hube,0.2914,0.3064,0.424,0.2881,0.193,-0.036,0.404,53.68,0.443,0.443,679,716,-0.485894,0.093575,H5N8,Avian
512,A/Commom_Teal/Ningxia/474-9/2015|EPI_ISL_295496,A/Commom_Teal/Ningxia/474,0.3034,0.2996,0.4237,0.2809,0.183,-0.073,0.382,53.47,0.434,0.439,678,716,-0.47109,0.093575,H5N6,Avian
513,A/common_coot/Shandong/SC197/2021|EPI_ISL_5260464,A/common_coot/Shandong/SC,0.2932,0.3045,0.4175,0.2938,0.192,-0.046,0.398,53.83,0.446,0.444,679,716,-0.486173,0.092179,H5N8,Avian
514,A/common_crane/Yunnan-Huize/27/2021(H5N8)|EPI_ISL_15435511,A/common_crane/Yunnan-Hui,0.3015,0.2996,0.4184,0.2869,0.192,-0.046,0.398,53.73,0.438,0.441,669,705,-0.485107,0.092199,H5N8,Avian
515,A/common_pochard/Ningxia/243/2020|EPI_ISL_2820479,A/common_pochard/Ningxia/,0.2876,0.3064,0.4288,0.2866,0.19,-0.047,0.398,52.08,0.442,0.444,679,716,-0.485335,0.093575,H5N8,Avian
516,A/common_teal/Ningxia/105/2020|EPI_ISL_2815336,A/common_teal/Ningxia/105,0.2951,0.3045,0.4202,0.2902,0.192,-0.046,0.398,53.66,0.443,0.443,679,716,-0.485894,0.093575,H5N8,Avian
517,A/common_teal/Ningxia/181/2020|EPI_ISL_2820259,A/common_teal/Ningxia/181,0.2881,0.307,0.4288,0.2866,0.191,-0.047,0.398,51.93,0.442,0.444,679,716,-0.483939,0.093575,H5N8,Avian
518,A/common_teal/Ningxia/189/2020|EPI_ISL_2820261,A/common_teal/Ningxia/189,0.2876,0.3064,0.4288,0.2866,0.19,-0.047,0.398,52.08,0.442,0.444,679,716,-0.485335,0.093575,H5N8,Avian
519,A/common_teal/Ningxia/237/2020|EPI_ISL_2820262,A/common_teal/Ningxia/237,0.2884,0.3052,0.4259,0.2893,0.19,-0.046,0.398,52.37,0.443,0.444,679,716,-0.474581,0.093575,H5N8,Avian
520,A/common_teal/Ningxia/245/2020|EPI_ISL_2820480,A/common_teal/Ningxia/245,0.2881,0.307,0.4288,0.2866,0.192,-0.045,0.399,52.18,0.442,0.443,679,716,-0.485056,0.093575,H5N8,Avian
521,A/common_teal/Ningxia/253/2020|EPI_ISL_2820504,A/common_teal/Ningxia/253,0.2876,0.3064,0.4288,0.2866,0.19,-0.047,0.398,51.84,0.442,0.444,679,716,-0.485335,0.093575,H5N8,Avian
522,A/common_teal/Shaanxi/SXY1-1/2020|EPI_ISL_1760448,A/common_teal/Shaanxi/SXY,0.2951,0.3045,0.4221,0.2881,0.191,-0.048,0.396,53.48,0.442,0.442,679,716,-0.485894,0.093575,H5N8,Avian
523,A/condor/Guangdong/139/2003|EPI_ISL_123967,A/condor/Guangdong/139/20,0.3081,0.2987,0.4186,0.2872,0.198,-0.028,0.409,53.95,0.434,0.436,679,716,-0.47919,0.093575,H5N1,Avian
524,A/Copsychus_saularis/Guangdong/SW8/2014|EPI_ISL_234670,A/Copsychus_saularis/Guan,0.3009,0.2991,0.4305,0.2767,0.185,-0.064,0.387,52.42,0.43,0.437,679,716,-0.473324,0.093575,H5N6,Avian
525,A/Curlew/Hong_Kong/AFCD-HKU-22-01095.01009/2022|EPI_ISL_19258146,A/Curlew/Hong_Kong/AFCD-H,0.2863,0.307,0.4213,0.2965,0.192,-0.045,0.399,53.45,0.449,0.443,679,716,-0.474581,0.093575,H5N1,Avian
526,A/Cygnus_atratus/Hubei/2Z2-O/2016|EPI_ISL_295493,A/Cygnus_atratus/Hubei/2Z,0.2814,0.3077,0.424,0.2998,0.195,-0.034,0.404,53.78,0.451,0.444,680,716,-0.469134,0.093575,H5N8,Avian
527,A/Cygnus_atratus/Hubei/HF-1/2016|EPI_ISL_295494,A/Cygnus_atratus/Hubei/HF,0.2795,0.3096,0.424,0.2998,0.194,-0.037,0.403,53.8,0.453,0.444,680,716,-0.469134,0.093575,H5N8,Avian
528,A/Cygnus_columbianus/Hubei/49/2020|EPI_ISL_2556113,A/Cygnus_columbianus/Hube,0.2951,0.3045,0.424,0.286,0.191,-0.048,0.396,53.51,0.44,0.442,679,716,-0.485894,0.093575,H5N8,Avian
529,A/Cygnus_columbianus/Hubei/50/2020|EPI_ISL_2555543,A/Cygnus_columbianus/Hube,0.2932,0.3064,0.4221,0.2881,0.192,-0.046,0.398,53.45,0.443,0.443,679,716,-0.485894,0.093575,H5N8,Avian
530,A/Cygnus_columbianus/Hubei/51/2020|EPI_ISL_2555542,A/Cygnus_columbianus/Hube,0.2914,0.3083,0.4221,0.2881,0.193,-0.041,0.401,53.47,0.445,0.443,679,716,-0.485894,0.093575,H5N8,Avian
531,A/Cygnus_columbianus/Hubei/52/2020|EPI_ISL_2555541,A/Cygnus_columbianus/Hube,0.2951,0.3045,0.4202,0.2902,0.192,-0.043,0.399,53.62,0.443,0.443,679,716,-0.485894,0.093575,H5N8,Avian
532,A/Cygnus_columbianus/Hubei/53/2020|EPI_ISL_2555538,A/Cygnus_columbianus/Hube,0.2932,0.3064,0.4183,0.2923,0.191,-0.048,0.396,53.6,0.446,0.444,679,716,-0.485894,0.093575,H5N8,Avian
533,A/Cygnus_columbianus/Hubei/56/2020|EPI_ISL_2555534,A/Cygnus_columbianus/Hube,0.2951,0.3064,0.4175,0.2896,0.192,-0.043,0.399,53.55,0.445,0.444,679,716,-0.481564,0.093575,H5N8,Avian
534,A/Cygnus_columbianus/Hubei/116/2020|EPI_ISL_2555532,A/Cygnus_columbianus/Hube,0.2932,0.3064,0.4202,0.2902,0.192,-0.046,0.398,53.57,0.445,0.443,679,716,-0.485894,0.093575,H5N8,Avian
535,A/Cygnus_columbianus/Hubei/117/2021|EPI_ISL_11633613,A/Cygnus_columbianus/Hube,0.2917,0.3125,0.4267,0.2812,0.193,-0.048,0.397,53.06,0.442,0.442,678,716,-0.487989,0.094972,H5N1,Avian
536,A/Cygnus_columbianus/Hubei/121/2021|EPI_ISL_11633614,A/Cygnus_columbianus/Hube,0.286,0.3163,0.4221,0.2875,0.192,-0.048,0.397,53.1,0.45,0.444,678,716,-0.484218,0.094972,H5N1,Avian
537,A/Cygnus_columbianus/Hubei/123/2021|EPI_ISL_11633616,A/Cygnus_columbianus/Hube,0.2917,0.3125,0.4259,0.2807,0.193,-0.048,0.397,53.17,0.442,0.442,678,716,-0.484637,0.094972,H5N1,Avian
538,A/Cygnus_columbianus/Hubei/128/2021|EPI_ISL_11633709,A/Cygnus_columbianus/Hube,0.2898,0.3144,0.4259,0.2807,0.193,-0.048,0.397,53.14,0.444,0.443,678,716,-0.484637,0.094972,H5N1,Avian
539,A/domestic_green-winged_teal/Hunan/3450/2006|EPI_ISL_138602,A/domestic_green-winged_t,0.2895,0.312,0.4259,0.2824,0.198,-0.032,0.406,53.81,0.443,0.442,679,716,-0.48771,0.093575,H5N1,Avian
540,A/duck/Anhui/AH328/2015|EPI_ISL_255491,A/duck/Anhui/AH328/2015|E,0.309,0.2921,0.421,0.2851,0.186,-0.073,0.382,53.32,0.431,0.438,678,716,-0.465224,0.093575,H5N6,Avian
541,A/duck/Anhui/S4/2016|EPI_ISL_282396,A/duck/Anhui/S4/2016|EPI_,0.309,0.2921,0.4229,0.283,0.185,-0.075,0.381,53.24,0.429,0.438,678,716,-0.466341,0.093575,H5N6,Avian
542,A/duck/Changhua/15A03431-1-20T/2015|EPI_ISL_4032420,A/duck/Changhua/15A03431-,0.2669,0.3365,0.4141,0.2981,0.194,-0.039,0.404,53,0.471,0.448,679,716,-0.469832,0.096369,H5N2,Avian
543,A/duck/Changhua/15A03473-1-20T/2015|EPI_ISL_4032421,A/duck/Changhua/15A03473-,0.2702,0.334,0.4152,0.2932,0.19,-0.048,0.398,52.77,0.467,0.447,679,716,-0.464106,0.094972,H5N2,Avian
544,A/duck/Chiayi/15080023/2015|EPI_ISL_4032422,A/duck/Chiayi/15080023/20,0.3133,0.2927,0.4283,0.2752,0.191,-0.065,0.388,53.02,0.423,0.428,678,716,-0.493855,0.094972,H5N8,Avian
545,A/duck/China/0936/2017|EPI_ISL_503024,A/duck/China/0936/2017|EP,0.3009,0.3028,0.4111,0.2947,0.185,-0.068,0.385,52.12,0.445,0.442,678,716,-0.475279,0.093575,H5N6,Avian
546,A/duck/China/0938/2017|EPI_ISL_503027,A/duck/China/0938/2017|EP,0.2925,0.2981,0.4592,0.2573,0.185,-0.055,0.392,51.25,0.414,0.431,678,716,-0.482682,0.093575,H5N6,Avian
547,A/duck/China/DK87/2016|EPI_ISL_19477875,A/duck/China/DK87/2016|EP,0.3054,0.2961,0.4218,0.2836,0.187,-0.061,0.389,53.24,0.433,0.438,679,716,-0.463687,0.093575,H5N6,Avian
548,A/duck/China/E26/2012|EPI_ISL_278504,A/duck/China/E26/2012|EPI,0.2814,0.3096,0.4367,0.2792,0.194,-0.029,0.407,52.35,0.44,0.44,680,716,-0.469553,0.093575,H5N1,Avian
549,A/duck/China/E53/2012|EPI_ISL_278506,A/duck/China/E53/2012|EPI,0.2906,0.3057,0.4516,0.26,0.19,-0.049,0.397,51.15,0.422,0.432,678,716,-0.479469,0.093575,H5N1,Avian
550,A/Duck/China/H5N6/2020|EPI_ISL_17760585,A/Duck/China/H5N6/2020|EP,0.314,0.2916,0.3969,0.3067,0.181,-0.086,0.375,52.43,0.445,0.442,678,716,-0.47095,0.093575,H5N6,Avian
551,A/duck/China/YD1516/2016|EPI_ISL_379683,A/duck/China/YD1516/2016|,0.3096,0.2852,0.4362,0.2806,0.197,-0.026,0.409,52.44,0.42,0.429,679,716,-0.473184,0.096369,H5N2,Avian
552,A/duck/Chongqing/S4362/2017|EPI_ISL_372784,A/duck/Chongqing/S4362/20,0.2955,0.3106,0.4087,0.3011,0.199,-0.026,0.409,55.12,0.453,0.441,678,716,-0.449302,0.093575,Others,Avian
553,A/duck/Dongguan/2685/2013|EPI_ISL_182064,A/duck/Dongguan/2685/2013,0.3052,0.2996,0.4237,0.2794,0.186,-0.063,0.388,53.01,0.432,0.438,678,716,-0.469553,0.093575,H5N6,Avian
554,A/Duck/Dongting/D76-1/2016|EPI_ISL_295495,A/Duck/Dongting/D76-1/201,0.2623,0.334,0.4171,0.3004,0.196,-0.025,0.41,53.32,0.472,0.45,678,716,-0.469134,0.093575,Others,Avian
555,A/duck/Eastern_China/008/2008|EPI_ISL_94329,A/duck/Eastern_China/008/,0.2857,0.3083,0.4183,0.3004,0.196,-0.031,0.406,53.26,0.452,0.443,679,716,-0.472626,0.093575,Others,Avian
556,A/duck/Eastern_China/031/2009|EPI_ISL_94330,A/duck/Eastern_China/031/,0.3008,0.3026,0.4359,0.2683,0.197,-0.037,0.403,52.8,0.427,0.435,677,716,-0.494693,0.094972,Others,Avian
557,A/duck/Eastern_China/108/2008|EPI_ISL_94331,A/duck/Eastern_China/108/,0.3051,0.2976,0.4406,0.2668,0.196,-0.049,0.397,52.21,0.421,0.433,677,716,-0.497486,0.094972,H5N1,Avian
558,A/duck/Eastern_China/909/2009|EPI_ISL_94332,A/duck/Eastern_China/909/,0.3021,0.2889,0.4362,0.2851,0.198,-0.051,0.396,51.52,0.426,0.434,680,716,-0.493575,0.094972,H5N1,Avian
559,A/duck/Eastern_China/JY/2014|EPI_ISL_222132,A/duck/Eastern_China/JY/2,0.3152,0.2889,0.437,0.2662,0.194,-0.061,0.389,52.03,0.414,0.431,678,716,-0.477095,0.094972,H5N8,Avian
560,A/duck/Eastern_China/L0230/2010|EPI_ISL_208823,A/duck/Eastern_China/L023,0.3064,0.2989,0.4368,0.2662,0.195,-0.053,0.394,53.58,0.422,0.434,677,716,-0.490223,0.094972,H5N2,Avian
561,A/duck/Eastern_China/L0321/2010|EPI_ISL_208822,A/duck/Eastern_China/L032,0.3164,0.29,0.431,0.2731,0.194,-0.058,0.391,52.76,0.419,0.431,677,716,-0.494693,0.094972,H5N2,Avian
562,A/duck/Eastern_China/L0405/2010|EPI_ISL_208824,A/duck/Eastern_China/L040,0.3195,0.2876,0.4338,0.2695,0.194,-0.063,0.388,52.45,0.415,0.431,677,716,-0.491201,0.094972,H5N8,Avian
563,A/duck/Eastern_China/L0423/2011|EPI_ISL_208825,A/duck/Eastern_China/L042,0.3189,0.2852,0.4338,0.2716,0.192,-0.068,0.386,52.53,0.415,0.431,677,716,-0.486871,0.094972,H5N8,Avian
564,A/duck/Eastern_China/L0611/2011|EPI_ISL_208826,A/duck/Eastern_China/L061,0.3171,0.2871,0.4338,0.2716,0.193,-0.065,0.387,52.53,0.417,0.432,677,716,-0.49148,0.094972,H5N8,Avian
565,A/duck/Eastern_China/L0722/2012|EPI_ISL_208827,A/duck/Eastern_China/L072,0.3214,0.2838,0.4338,0.2716,0.193,-0.066,0.387,52.6,0.414,0.43,677,716,-0.491201,0.094972,H5N8,Avian
566,A/duck/Eastern_China/L1021/2012|EPI_ISL_208828,A/duck/Eastern_China/L102,0.2983,0.3096,0.4368,0.2632,0.192,-0.044,0.399,52.35,0.428,0.435,677,716,-0.481145,0.093575,H5N8,Avian
567,A/duck/Eastern_China/L1120/2012|EPI_ISL_208829,A/duck/Eastern_China/L112,0.3152,0.2871,0.4408,0.2642,0.193,-0.064,0.388,51.99,0.412,0.429,678,716,-0.487989,0.094972,H5N8,Avian
568,A/duck/Eastern_China/S0131/2014|EPI_ISL_208834,A/duck/Eastern_China/S013,0.309,0.2846,0.4354,0.2794,0.195,-0.028,0.408,52.56,0.42,0.431,679,716,-0.460754,0.096369,H5N2,Avian
569,A/duck/Eastern_China/S0215/2014|EPI_ISL_208835,A/duck/Eastern_China/S021,0.3107,0.2938,0.4383,0.2614,0.195,-0.053,0.392,52.22,0.416,0.432,678,716,-0.468436,0.093575,H5N8,Avian
570,A/duck/Eastern_China/S0322/2014|EPI_ISL_208839,A/duck/Eastern_China/S032,0.3103,0.2935,0.4343,0.2678,0.189,-0.064,0.387,52.43,0.42,0.432,679,716,-0.484218,0.094972,H5N6,Avian
571,A/duck/Eastern_China/S0711/2014|EPI_ISL_208836,A/duck/Eastern_China/S071,0.2964,0.3077,0.421,0.2824,0.189,-0.056,0.392,52.82,0.441,0.441,678,716,-0.468157,0.093575,H5N6,Avian
572,A/duck/Eastern_China/S0808/2014|EPI_ISL_208837,A/duck/Eastern_China/S080,0.3245,0.2887,0.433,0.2615,0.193,-0.06,0.391,53.34,0.411,0.429,676,716,-0.482402,0.097765,H5N2,Avian
573,A/duck/Eastern_China/S0908/2014|EPI_ISL_208838,A/duck/Eastern_China/S090,0.3071,0.2921,0.4269,0.2777,0.184,-0.067,0.385,52.3,0.426,0.436,678,716,-0.459916,0.092179,H5N6,Avian
574,A/duck/Eastern_China/S1109/2014|EPI_ISL_208841,A/duck/Eastern_China/S110,0.3109,0.2921,0.4419,0.2615,0.192,-0.056,0.392,51.95,0.414,0.429,679,716,-0.488548,0.094972,H5N8,Avian
575,A/duck/Eastern_China/S1210/2013|EPI_ISL_208832,A/duck/Eastern_China/S121,0.3109,0.294,0.4389,0.263,0.197,-0.054,0.393,52.54,0.417,0.432,679,716,-0.480726,0.094972,H5N8,Avian
576,A/duck/Fujian/1.17_FZHX0123-C/2017|EPI_ISL_707384,A/duck/Fujian/1.17_FZHX01,0.2957,0.3145,0.4283,0.2716,0.195,-0.026,0.409,52.42,0.437,0.436,677,716,-0.470251,0.093575,H5N6,Avian
577,A/duck/Fujian/03.18_GTFJ-15-10/2015(Mixed)|EPI_ISL_201372,A/duck/Fujian/03.18_GTFJ-,0.3071,0.2996,0.4198,0.2815,0.187,-0.057,0.391,53.41,0.434,0.437,678,716,-0.463129,0.093575,H5N6,Avian
578,A/duck/Fujian/05.07_FZHMD4K-O/2015(Mixed)|EPI_ISL_201356,A/duck/Fujian/05.07_FZHMD,0.3109,0.2921,0.4218,0.2836,0.187,-0.066,0.386,53.27,0.429,0.437,678,716,-0.469553,0.093575,H5N6,Avian
579,A/duck/Fujian/05.07_FZHMD12AK-O/2015(Mixed)|EPI_ISL_201358,A/duck/Fujian/05.07_FZHMD,0.3109,0.2921,0.4218,0.2836,0.187,-0.066,0.386,53.27,0.429,0.437,678,716,-0.469553,0.093575,H5N6,Avian
580,A/duck/Fujian/05.07_FZHMDK14-O/2015(H5N6)|EPI_ISL_201355,A/duck/Fujian/05.07_FZHMD,0.3109,0.2921,0.4218,0.2836,0.187,-0.066,0.386,53.27,0.429,0.437,678,716,-0.469553,0.093575,H5N6,Avian
581,A/duck/Fujian/10.26_FZHX0002-O/2017|EPI_ISL_707414,A/duck/Fujian/10.26_FZHX0,0.2966,0.3022,0.419,0.292,0.19,-0.047,0.397,53.02,0.443,0.439,680,716,-0.463548,0.093575,H5N6,Avian
582,A/duck/Fujian/10.26_FZHX0010-O/2017|EPI_ISL_707415,A/duck/Fujian/10.26_FZHX0,0.2961,0.3017,0.4229,0.2878,0.188,-0.054,0.393,52.68,0.44,0.438,680,716,-0.464386,0.093575,H5N6,Avian
583,A/duck/Fujian/11.3_FZHX1132-O/2016|EPI_ISL_707421,A/duck/Fujian/11.3_FZHX11,0.3052,0.2978,0.4237,0.2821,0.187,-0.065,0.386,52.61,0.432,0.437,678,716,-0.463408,0.093575,H5N6,Avian
584,A/duck/Fujian/11.3_FZHX1141-C/2016|EPI_ISL_707422,A/duck/Fujian/11.3_FZHX11,0.3052,0.2978,0.4198,0.2857,0.188,-0.062,0.388,52.72,0.435,0.438,678,716,-0.464386,0.093575,H5N6,Avian
585,A/duck/Fujian/11.23_FZHX0009-C/2017|EPI_ISL_707417,A/duck/Fujian/11.23_FZHX0,0.3233,0.2895,0.4068,0.2914,0.202,-0.023,0.411,52.82,0.432,0.437,679,716,-0.481564,0.093575,H5N6,Avian
586,A/duck/Fujian/11.23_FZHX0014-C/2017|EPI_ISL_707418,A/duck/Fujian/11.23_FZHX0,0.3022,0.2929,0.4364,0.2756,0.191,-0.061,0.388,51.77,0.424,0.434,681,716,-0.467458,0.093575,H5N6,Avian
587,A/duck/Fujian/11.23_FZHX0015-C/2017|EPI_ISL_707419,A/duck/Fujian/11.23_FZHX0,0.2942,0.3035,0.419,0.292,0.19,-0.044,0.399,52.71,0.444,0.439,680,716,-0.464386,0.093575,H5N6,Avian
588,A/duck/Fujian/12.7_FZHX1202-O/2016|EPI_ISL_707425,A/duck/Fujian/12.7_FZHX12,0.2938,0.3107,0.4237,0.2815,0.19,-0.047,0.397,52.67,0.442,0.439,677,716,-0.466201,0.093575,H5N6,Avian
589,A/duck/Fujian/12.7_FZHX1218-C/2016|EPI_ISL_707426,A/duck/Fujian/12.7_FZHX12,0.3034,0.2996,0.4226,0.2848,0.186,-0.063,0.388,52.49,0.435,0.437,678,716,-0.467737,0.093575,H5N6,Avian
590,A/duck/Fujian/12.7_FZHX1219-O/2016|EPI_ISL_707427,A/duck/Fujian/12.7_FZHX12,0.3034,0.2996,0.4226,0.2848,0.186,-0.063,0.388,52.49,0.435,0.437,678,716,-0.467737,0.093575,H5N6,Avian
591,A/duck/Fujian/12.7_FZHX1221-C/2016|EPI_ISL_707428,A/duck/Fujian/12.7_FZHX12,0.3034,0.2996,0.4226,0.2848,0.186,-0.063,0.388,52.49,0.435,0.437,678,716,-0.467737,0.093575,H5N6,Avian
592,A/duck/Fujian/S1233/2018(H5N1)|EPI_ISL_18513226,A/duck/Fujian/S1233/2018(,0.2938,0.3032,0.4544,0.2558,0.186,-0.056,0.392,51.53,0.417,0.432,678,716,-0.495112,0.092179,H5N1,Avian
593,A/duck/Fujian/S1273/2018(H5N1)|EPI_ISL_18513227,A/duck/Fujian/S1273/2018(,0.2938,0.3032,0.4544,0.2558,0.186,-0.056,0.392,51.53,0.417,0.432,678,716,-0.495112,0.092179,H5N1,Avian
594,A/Duck/Fujian/S4146/2010|EPI_ISL_138181,A/Duck/Fujian/S4146/2010|,0.297,0.3008,0.4478,0.2594,0.189,-0.047,0.397,52.07,0.419,0.434,678,716,-0.465922,0.093575,H5N1,Avian
595,A/duck/Guangdong/01.01_SZSGXJK001-G/2016|EPI_ISL_221706,A/duck/Guangdong/01.01_SZ,0.3009,0.3009,0.4229,0.283,0.188,-0.058,0.39,53.21,0.436,0.438,679,716,-0.468017,0.093575,H5N6,Avian
596,A/duck/Guangdong/01.01_SZSGXJK001-Y_/2016|EPI_ISL_221705,A/duck/Guangdong/01.01_SZ,0.3009,0.3009,0.4248,0.2809,0.188,-0.056,0.392,53.19,0.434,0.438,679,716,-0.468017,0.093575,H5N6,Avian
597,A/duck/Guangdong/01.01_SZSGXJK002-G/2016|EPI_ISL_221708,A/duck/Guangdong/01.01_SZ,0.2991,0.3028,0.4229,0.283,0.188,-0.056,0.392,53.23,0.437,0.439,679,716,-0.468017,0.093575,H5N6,Avian
598,A/duck/Guangdong/01.01_SZSGXJK002-Y/2016|EPI_ISL_221707,A/duck/Guangdong/01.01_SZ,0.3009,0.3009,0.4229,0.283,0.188,-0.058,0.39,53.21,0.436,0.438,679,716,-0.468017,0.093575,H5N6,Avian
599,A/duck/Guangdong/01.01_SZSGXJK003-G/2016|EPI_ISL_221709,A/duck/Guangdong/01.01_SZ,0.3009,0.3009,0.4229,0.283,0.188,-0.058,0.39,53.21,0.436,0.438,679,716,-0.468017,0.093575,H5N6,Avian
600,A/duck/Guangdong/01.01_SZSGXJK004-Y/2016|EPI_ISL_221710,A/duck/Guangdong/01.01_SZ,0.3009,0.3009,0.4248,0.2809,0.188,-0.058,0.39,53.27,0.434,0.438,679,716,-0.468017,0.093575,H5N6,Avian
601,A/duck/Guangdong/01.01_SZSGXJK005-G_/2016|EPI_ISL_221713,A/duck/Guangdong/01.01_SZ,0.3009,0.3009,0.4229,0.283,0.189,-0.056,0.392,53.12,0.436,0.439,679,716,-0.468017,0.093575,H5N6,Avian
602,A/duck/Guangdong/01.01_SZSGXJK005-Y/2016|EPI_ISL_221712,A/duck/Guangdong/01.01_SZ,0.3009,0.3009,0.4229,0.283,0.188,-0.058,0.39,53.21,0.436,0.438,679,716,-0.468017,0.093575,H5N6,Avian
603,A/duck/Guangdong/01.01_SZSGXJK006-G/2016|EPI_ISL_221715,A/duck/Guangdong/01.01_SZ,0.3009,0.2972,0.4267,0.283,0.186,-0.061,0.389,53.15,0.433,0.437,679,716,-0.468017,0.093575,H5N6,Avian
604,A/duck/Guangdong/01.01_SZSGXJK006-Y/2016|EPI_ISL_221714,A/duck/Guangdong/01.01_SZ,0.3009,0.3009,0.4248,0.2809,0.188,-0.058,0.39,53.27,0.434,0.438,679,716,-0.468017,0.093575,H5N6,Avian
605,A/duck/Guangdong/02.11_DGCP092-P/2015(Mixed)|EPI_ISL_199435,A/duck/Guangdong/02.11_DG,0.3071,0.2978,0.416,0.2872,0.187,-0.069,0.385,52.9,0.437,0.439,678,716,-0.473324,0.093575,H5N6,Avian
606,A/duck/Guangdong/02.11_DGCP093-P/2015(Mixed)|EPI_ISL_199436,A/duck/Guangdong/02.11_DG,0.3034,0.2996,0.4187,0.2884,0.188,-0.063,0.388,52.98,0.438,0.439,678,716,-0.469413,0.093575,H5N6,Avian
607,A/duck/Guangdong/02.11_DGCP094-P/2015(Mixed)|EPI_ISL_199437,A/duck/Guangdong/02.11_DG,0.3071,0.2978,0.416,0.2878,0.187,-0.071,0.383,52.77,0.437,0.439,678,716,-0.466062,0.093575,H5N6,Avian
608,A/duck/Guangdong/02.11_DGCP102-P/2015(Mixed)|EPI_ISL_199421,A/duck/Guangdong/02.11_DG,0.3071,0.2959,0.4179,0.2878,0.186,-0.073,0.382,52.62,0.435,0.438,678,716,-0.466062,0.093575,H5N6,Avian
609,A/duck/Guangdong/02.11_DGCP103-P/2015(Mixed)|EPI_ISL_199422,A/duck/Guangdong/02.11_DG,0.3071,0.2959,0.4179,0.2878,0.186,-0.073,0.382,52.62,0.435,0.438,678,716,-0.466062,0.093575,H5N6,Avian
610,A/duck/Guangdong/02.11_DGCP104-P/2015(Mixed)|EPI_ISL_199423,A/duck/Guangdong/02.11_DG,0.3071,0.2959,0.4179,0.2878,0.186,-0.073,0.382,52.62,0.435,0.438,678,716,-0.466062,0.093575,H5N6,Avian
611,A/duck/Guangdong/03.26_DGCP062-P/2015(H5N6)|EPI_ISL_199403,A/duck/Guangdong/03.26_DG,0.3065,0.3009,0.4122,0.2872,0.183,-0.064,0.386,53.02,0.44,0.441,678,716,-0.464386,0.093575,H5N6,Avian
612,A/duck/Guangdong/03.26_DGCP066-O/2015(H5N6)|EPI_ISL_199175,A/duck/Guangdong/03.26_DG,0.3065,0.3009,0.4122,0.2872,0.183,-0.064,0.386,53.02,0.44,0.441,678,716,-0.464386,0.093575,H5N6,Avian
613,A/duck/Guangdong/03.26_DGCP074-O/2015(H5N6)|EPI_ISL_199178,A/duck/Guangdong/03.26_DG,0.3047,0.3009,0.416,0.2851,0.183,-0.064,0.386,53.19,0.438,0.44,678,716,-0.464386,0.093575,H5N6,Avian
614,A/duck/Guangdong/03.26_DGCP075-O/2015(Mixed)|EPI_ISL_199408,A/duck/Guangdong/03.26_DG,0.2881,0.3126,0.4379,0.2743,0.198,-0.007,0.42,52.38,0.437,0.437,678,716,-0.488129,0.093575,H5N6,Avian
615,A/duck/Guangdong/03.26_DGCP076-O/2015(H5N6)|EPI_ISL_199181,A/duck/Guangdong/03.26_DG,0.3047,0.3009,0.416,0.2851,0.183,-0.064,0.386,53.19,0.438,0.44,678,716,-0.464386,0.093575,H5N6,Avian
616,A/duck/Guangdong/03.26_DGCP076-P/2015(H5N6)|EPI_ISL_199406,A/duck/Guangdong/03.26_DG,0.3055,0.2998,0.4143,0.2839,0.182,-0.062,0.388,53.29,0.437,0.44,668,705,-0.463262,0.092199,H5N6,Avian
617,A/duck/Guangdong/03.26_DGCP077-O/2015(H5N6)|EPI_ISL_199407,A/duck/Guangdong/03.26_DG,0.2881,0.3126,0.4379,0.2743,0.198,-0.007,0.42,52.38,0.437,0.437,678,716,-0.488129,0.093575,H5N6,Avian
618,A/duck/Guangdong/03.26_DGCP078-P/2015(H5N6)|EPI_ISL_199189,A/duck/Guangdong/03.26_DG,0.3041,0.3004,0.416,0.2851,0.182,-0.064,0.386,53.12,0.438,0.441,678,716,-0.460056,0.093575,H5N6,Avian
619,A/duck/Guangdong/03.26_DGCP080-P/2015(H5N6)|EPI_ISL_199195,A/duck/Guangdong/03.26_DG,0.3009,0.3028,0.4141,0.2899,0.184,-0.063,0.388,53.54,0.442,0.442,678,716,-0.470391,0.093575,H5N6,Avian
620,A/duck/Guangdong/03.26_DGCP082-O/2015(H5N6)|EPI_ISL_199409,A/duck/Guangdong/03.26_DG,0.3017,0.3017,0.4123,0.2887,0.183,-0.06,0.389,53.68,0.442,0.442,668,705,-0.469362,0.092199,H5N6,Avian
621,A/duck/Guangdong/03.26_DGCP084-P/2015(H5N6)|EPI_ISL_199200,A/duck/Guangdong/03.26_DG,0.3055,0.2998,0.4143,0.2839,0.182,-0.062,0.388,53.29,0.437,0.44,668,705,-0.463262,0.092199,H5N6,Avian
622,A/duck/Guangdong/03.26_DGCP709-P/2015(H5N6)|EPI_ISL_199185,A/duck/Guangdong/03.26_DG,0.3047,0.3009,0.416,0.2851,0.183,-0.064,0.386,53.19,0.438,0.44,678,716,-0.464386,0.093575,H5N6,Avian
623,A/duck/Guangdong/03.26_DGCPLB007-O/2015(H5N6)|EPI_ISL_199404,A/duck/Guangdong/03.26_DG,0.3055,0.2998,0.4143,0.2839,0.182,-0.062,0.388,53.29,0.437,0.44,668,705,-0.463262,0.092199,H5N6,Avian
624,A/duck/Guangdong/03.26_DGCPLB007-P/2015(H5N6)|EPI_ISL_199192,A/duck/Guangdong/03.26_DG,0.3055,0.2998,0.4143,0.2839,0.182,-0.062,0.388,53.29,0.437,0.44,668,705,-0.463262,0.092199,H5N6,Avian
625,A/duck/Guangdong/03.26_DGCPLB019-P/2015(H5N6)|EPI_ISL_199188,A/duck/Guangdong/03.26_DG,0.3055,0.2998,0.4143,0.2839,0.182,-0.064,0.386,52.89,0.437,0.439,668,705,-0.451489,0.092199,H5N6,Avian
626,A/duck/Guangdong/03.26_DGCPLB021-O/2015(H5N6)|EPI_ISL_199174,A/duck/Guangdong/03.26_DG,0.3065,0.3009,0.4141,0.2851,0.183,-0.064,0.386,53.1,0.438,0.44,678,716,-0.464386,0.093575,H5N6,Avian
627,A/duck/Guangdong/03.26_DGCPLB022-O/2015(H5N6)|EPI_ISL_199405,A/duck/Guangdong/03.26_DG,0.3065,0.3009,0.4141,0.2851,0.183,-0.064,0.386,53.1,0.438,0.44,678,716,-0.464386,0.093575,H5N6,Avian
628,A/duck/Guangdong/03.26_DGCPLB022-P/2015(H5N6)|EPI_ISL_199186,A/duck/Guangdong/03.26_DG,0.3047,0.3009,0.416,0.2851,0.183,-0.064,0.386,53.19,0.438,0.44,678,716,-0.464386,0.093575,H5N6,Avian
629,A/duck/Guangdong/03.26_DGCPLB023-O/2015(H5N6)|EPI_ISL_199415,A/duck/Guangdong/03.26_DG,0.3074,0.2998,0.4123,0.2839,0.183,-0.062,0.388,53.2,0.437,0.44,668,705,-0.463262,0.092199,H5N6,Avian
630,A/duck/Guangdong/03.26_DGCPLB023-P/2015(H5N6)|EPI_ISL_199187,A/duck/Guangdong/03.26_DG,0.3047,0.3009,0.416,0.2851,0.183,-0.064,0.386,53.19,0.438,0.44,678,716,-0.464386,0.093575,H5N6,Avian
631,A/duck/Guangdong/03.26_DGCPLB024-O/2015(H5N6)|EPI_ISL_199416,A/duck/Guangdong/03.26_DG,0.3065,0.3009,0.4141,0.2851,0.183,-0.064,0.386,53.1,0.438,0.44,678,716,-0.464386,0.093575,H5N6,Avian
632,A/duck/Guangdong/03.27_DGQTSJ129-O/2015(Mixed)|EPI_ISL_199391,A/duck/Guangdong/03.27_DG,0.308,0.2966,0.4104,0.2909,0.186,-0.066,0.386,53.17,0.439,0.439,668,705,-0.464964,0.092199,H5N6,Avian
633,A/duck/Guangdong/03.27_DGQTSJ131-O/2015(Mixed)|EPI_ISL_199367,A/duck/Guangdong/03.27_DG,0.309,0.294,0.4103,0.2968,0.184,-0.081,0.378,52.98,0.44,0.439,678,716,-0.465643,0.093575,H5N6,Avian
634,A/duck/Guangdong/03.27_DGQTSJ133-O/2015(Mixed)|EPI_ISL_200251,A/duck/Guangdong/03.27_DG,0.3071,0.2978,0.4141,0.2899,0.186,-0.068,0.385,52.98,0.438,0.439,678,716,-0.466062,0.093575,H5N6,Avian
635,A/duck/Guangdong/03.27_DGQTSJ134-O/2015(Mixed)|EPI_ISL_200249,A/duck/Guangdong/03.27_DG,0.3099,0.2928,0.4085,0.2957,0.184,-0.079,0.379,53.16,0.439,0.438,668,705,-0.464539,0.092199,H5N6,Avian
636,A/duck/Guangdong/03.27_DGQTXC203-O/2015(Mixed)|EPI_ISL_199374,A/duck/Guangdong/03.27_DG,0.3071,0.2978,0.4141,0.2899,0.186,-0.068,0.385,52.98,0.438,0.439,678,716,-0.466062,0.093575,H5N6,Avian
637,A/duck/Guangdong/04.15_SZBAXQ019/2015(Mixed)|EPI_ISL_200259,A/duck/Guangdong/04.15_SZ,0.298,0.3035,0.4245,0.2794,0.182,-0.056,0.391,52.47,0.437,0.441,678,716,-0.469972,0.093575,H5N6,Avian
638,A/duck/Guangdong/04.15_SZBAXQ020/2015(H5N6)|EPI_ISL_199451,A/duck/Guangdong/04.15_SZ,0.3034,0.2978,0.4237,0.2836,0.186,-0.063,0.388,52.86,0.434,0.438,678,716,-0.462011,0.093575,H5N6,Avian
639,A/duck/Guangdong/04.15_SZBAXQ021/2015(H5N6)|EPI_ISL_199452,A/duck/Guangdong/04.15_SZ,0.3023,0.2985,0.4239,0.2803,0.187,-0.055,0.392,53.18,0.433,0.437,668,705,-0.474326,0.092199,H5N6,Avian
640,A/duck/Guangdong/04.16_LGDBL001/2015(Mixed)|EPI_ISL_199381,A/duck/Guangdong/04.16_LG,0.308,0.2928,0.422,0.283,0.185,-0.076,0.38,53.17,0.43,0.436,668,705,-0.468085,0.092199,H5N6,Avian
641,A/duck/Guangdong/04.16_SZLGDBL005/2015(H5N6)|EPI_ISL_199461,A/duck/Guangdong/04.16_SZ,0.3017,0.3017,0.4123,0.2887,0.183,-0.06,0.389,53.68,0.442,0.442,668,705,-0.469362,0.092199,H5N6,Avian
642,A/duck/Guangdong/04.16_SZLGDBL009/2015(H5N6)|EPI_ISL_199462,A/duck/Guangdong/04.16_SZ,0.3071,0.294,0.4237,0.2842,0.185,-0.079,0.379,53.02,0.431,0.437,678,716,-0.469134,0.093575,H5N6,Avian
643,A/duck/Guangdong/04.16_SZLGDBL013/2015(H5N6)|EPI_ISL_199458,A/duck/Guangdong/04.16_SZ,0.3047,0.2991,0.4141,0.2899,0.182,-0.072,0.382,53.1,0.44,0.44,678,716,-0.463966,0.093575,H5N6,Avian
644,A/duck/Guangdong/04.16_SZLGWL002/2015(H5N6)|EPI_ISL_199463,A/duck/Guangdong/04.16_SZ,0.3071,0.2978,0.4122,0.292,0.186,-0.071,0.383,52.99,0.44,0.439,678,716,-0.466062,0.093575,H5N6,Avian
645,A/duck/Guangdong/04.22_DGCP068-O/2015(H5N6)|EPI_ISL_199209,A/duck/Guangdong/04.22_DG,0.308,0.2966,0.4115,0.2881,0.188,-0.061,0.389,53.06,0.437,0.439,668,705,-0.464681,0.092199,H5N6,Avian
646,A/duck/Guangdong/04.22_DGCP071-P/2015(Mixed)|EPI_ISL_200255,A/duck/Guangdong/04.22_DG,0.3071,0.2978,0.4133,0.2893,0.188,-0.063,0.388,52.92,0.438,0.439,678,716,-0.465782,0.093575,H5N6,Avian
647,A/duck/Guangdong/04.22_DGCP079-O/2015(H5N6)|EPI_ISL_199250,A/duck/Guangdong/04.22_DG,0.3071,0.2978,0.4122,0.292,0.186,-0.068,0.385,53.01,0.44,0.439,678,716,-0.466062,0.093575,H5N6,Avian
648,A/duck/Guangdong/04.22_DGCP083-O/2015(Mixed)|EPI_ISL_200247,A/duck/Guangdong/04.22_DG,0.3071,0.2978,0.4114,0.2914,0.187,-0.066,0.386,53.13,0.44,0.44,678,716,-0.461732,0.093575,H5N6,Avian
649,A/duck/Guangdong/04.22_DGCP084-O/2015(H5N6)|EPI_ISL_199303,A/duck/Guangdong/04.22_DG,0.3071,0.2978,0.4122,0.292,0.186,-0.068,0.385,53.01,0.44,0.439,678,716,-0.466062,0.093575,H5N6,Avian
650,A/duck/Guangdong/04.22_DGCPLB018-O/2015(H5N6)|EPI_ISL_199230,A/duck/Guangdong/04.22_DG,0.2792,0.3321,0.4042,0.2958,0.21,0.006,0.429,53.27,0.468,0.449,679,716,-0.487291,0.093575,H5N6,Avian
651,A/duck/Guangdong/04.22_DGCPLB020-O/2015(H5N6)|EPI_ISL_199252,A/duck/Guangdong/04.22_DG,0.3071,0.2959,0.4179,0.2878,0.186,-0.07,0.383,52.57,0.435,0.438,678,716,-0.47067,0.093575,H5N6,Avian
652,A/duck/Guangdong/04.22_DGCPLB022-O/2015(Mixed)|EPI_ISL_199232,A/duck/Guangdong/04.22_DG,0.3071,0.2959,0.4179,0.2878,0.186,-0.071,0.383,52.66,0.435,0.438,678,716,-0.469553,0.093575,H5N6,Avian
653,A/duck/Guangdong/04.22_DGCPLB041-P/2015(H5N6)|EPI_ISL_199304,A/duck/Guangdong/04.22_DG,0.2792,0.3321,0.4061,0.2938,0.21,0.009,0.43,53.25,0.467,0.448,679,716,-0.487291,0.093575,H5N6,Avian
654,A/duck/Guangdong/04.22_DGCPLB044-P/2015(H5N6)|EPI_ISL_199305,A/duck/Guangdong/04.22_DG,0.2787,0.3315,0.4042,0.2958,0.208,0.004,0.427,53.09,0.468,0.449,679,716,-0.488129,0.093575,H5N6,Avian
655,A/duck/Guangdong/04.23_DGQTSJ121-O/2015(Mixed)|EPI_ISL_200245,A/duck/Guangdong/04.23_DG,0.3109,0.2921,0.4122,0.2941,0.185,-0.079,0.379,53.03,0.437,0.438,678,716,-0.466062,0.093575,H5N6,Avian
656,A/duck/Guangdong/04.23_DGQTSJ123-O/2015(Mixed)|EPI_ISL_199365,A/duck/Guangdong/04.23_DG,0.309,0.294,0.4103,0.2968,0.184,-0.081,0.378,52.98,0.44,0.439,678,716,-0.465643,0.093575,H5N6,Avian
657,A/duck/Guangdong/04.23_DGQTSJ127-O/2015(Mixed)|EPI_ISL_200240,A/duck/Guangdong/04.23_DG,0.2914,0.3064,0.4436,0.2706,0.197,-0.012,0.417,52.35,0.429,0.433,678,716,-0.492039,0.093575,H5N6,Avian
658,A/duck/Guangdong/04.23_DGQTSJ128-O/2015(Mixed)|EPI_ISL_199368,A/duck/Guangdong/04.23_DG,0.3071,0.2978,0.4141,0.2899,0.186,-0.068,0.385,52.98,0.438,0.439,678,716,-0.466062,0.093575,H5N6,Avian
659,A/duck/Guangdong/04.23_DGQTSJ134-O/2015(Mixed)|EPI_ISL_199366,A/duck/Guangdong/04.23_DG,0.3074,0.2998,0.4123,0.2839,0.183,-0.062,0.388,53.2,0.437,0.44,668,705,-0.463262,0.092199,H5N6,Avian
660,A/duck/Guangdong/04.23_DGQTSJ135-O/2015(Mixed)|EPI_ISL_199372,A/duck/Guangdong/04.23_DG,0.309,0.2959,0.4237,0.2794,0.187,-0.063,0.388,52.83,0.429,0.437,678,716,-0.466062,0.093575,H5N6,Avian
661,A/duck/Guangdong/04.23_DGQTSJ135-P/2015(Mixed)|EPI_ISL_199371,A/duck/Guangdong/04.23_DG,0.3061,0.2966,0.4123,0.2909,0.187,-0.063,0.388,53.21,0.439,0.439,668,705,-0.464964,0.092199,H5N6,Avian
662,A/duck/Guangdong/04.23_DGQTSJ138-O/2015(Mixed)|EPI_ISL_199375,A/duck/Guangdong/04.23_DG,0.3071,0.2978,0.4141,0.2899,0.186,-0.068,0.385,52.98,0.438,0.439,678,716,-0.466062,0.093575,H5N6,Avian
663,A/duck/Guangdong/04.23_DGQTSJ138-P/2015(Mixed)|EPI_ISL_199373,A/duck/Guangdong/04.23_DG,0.3052,0.2978,0.4141,0.292,0.187,-0.066,0.386,53.04,0.44,0.439,678,716,-0.466062,0.093575,H5N6,Avian
664,A/duck/Guangdong/04.23_DGQTSJ144-O/2015(Mixed)|EPI_ISL_200253,A/duck/Guangdong/04.23_DG,0.3065,0.2991,0.4198,0.2809,0.183,-0.064,0.386,53.05,0.434,0.439,678,716,-0.464386,0.093575,H5N6,Avian
665,A/duck/Guangdong/04.23_DGQTSJ145-O/2015(H5N6)|EPI_ISL_199235,A/duck/Guangdong/04.23_DG,0.2972,0.3065,0.4141,0.2893,0.184,-0.06,0.389,53.07,0.445,0.443,678,716,-0.47081,0.093575,H5N6,Avian
666,A/duck/Guangdong/04.23_DGQTSJ146-O/2015(Mixed)|EPI_ISL_199362,A/duck/Guangdong/04.23_DG,0.308,0.2966,0.4123,0.2887,0.186,-0.066,0.386,53.14,0.437,0.439,668,705,-0.464964,0.092199,H5N6,Avian
667,A/duck/Guangdong/04.23_DGQTSJ147-O/2015(Mixed)|EPI_ISL_200256,A/duck/Guangdong/04.23_DG,0.2991,0.3047,0.4141,0.2893,0.184,-0.063,0.388,53.05,0.444,0.443,678,716,-0.47081,0.093575,H5N6,Avian
668,A/duck/Guangdong/04.23_DGQTSJ148-O/2015(Mixed)|EPI_ISL_200252,A/duck/Guangdong/04.23_DG,0.2991,0.3047,0.4141,0.2893,0.184,-0.063,0.388,53.05,0.444,0.443,678,716,-0.47081,0.093575,H5N6,Avian
669,A/duck/Guangdong/04.23_DGQTXC183-O/2015(Mixed)|EPI_ISL_199369,A/duck/Guangdong/04.23_DG,0.3047,0.3009,0.416,0.2851,0.183,-0.064,0.386,53.19,0.438,0.44,678,716,-0.464386,0.093575,H5N6,Avian
670,A/duck/Guangdong/04.23_DGQTXC185-O/2015(Mixed)|EPI_ISL_200241,A/duck/Guangdong/04.23_DG,0.3047,0.3009,0.416,0.2851,0.183,-0.064,0.386,53.19,0.438,0.44,678,716,-0.464386,0.093575,H5N6,Avian
671,A/duck/Guangdong/04.23_DGQTXC186-O/2015(Mixed)|EPI_ISL_199358,A/duck/Guangdong/04.23_DG,0.3055,0.2998,0.4143,0.2839,0.182,-0.062,0.388,53.29,0.437,0.44,668,705,-0.463262,0.092199,H5N6,Avian
672,A/duck/Guangdong/04.23_DGQTXC187-O/2015(Mixed)|EPI_ISL_199360,A/duck/Guangdong/04.23_DG,0.3055,0.2998,0.4143,0.2839,0.182,-0.062,0.388,53.29,0.437,0.44,668,705,-0.463262,0.092199,H5N6,Avian
673,A/duck/Guangdong/04.23_DGQTXC187-P/2015(Mixed)|EPI_ISL_199376,A/duck/Guangdong/04.23_DG,0.3065,0.2991,0.416,0.2851,0.182,-0.067,0.385,53.51,0.437,0.44,678,716,-0.464386,0.093575,H5N6,Avian
674,A/duck/Guangdong/04.23_DGQTXC188-O/2015(Mixed)|EPI_ISL_200248,A/duck/Guangdong/04.23_DG,0.3034,0.2996,0.416,0.2899,0.187,-0.068,0.385,52.94,0.44,0.439,678,716,-0.466062,0.093575,H5N6,Avian
675,A/duck/Guangdong/04.23_DGQTXC188-P/2015(Mixed)|EPI_ISL_199379,A/duck/Guangdong/04.23_DG,0.309,0.294,0.4103,0.2968,0.184,-0.081,0.378,52.98,0.44,0.439,678,716,-0.465643,0.093575,H5N6,Avian
676,A/duck/Guangdong/04.23_DGQTXC201-O/2015(Mixed)|EPI_ISL_199378,A/duck/Guangdong/04.23_DG,0.3074,0.2998,0.4123,0.2839,0.183,-0.062,0.388,53.2,0.437,0.44,668,705,-0.463262,0.092199,H5N6,Avian
677,A/duck/Guangdong/04.23_DGQTXC202-O/2015(H5N6)|EPI_ISL_199214,A/duck/Guangdong/04.23_DG,0.3074,0.2979,0.4131,0.2872,0.183,-0.073,0.382,52.84,0.437,0.438,668,705,-0.464255,0.093617,H5N6,Avian
678,A/duck/Guangdong/04.23_DGQTXC202-O/2015(Mixed)|EPI_ISL_199355,A/duck/Guangdong/04.23_DG,0.3071,0.2978,0.4141,0.2899,0.186,-0.068,0.385,52.98,0.438,0.439,678,716,-0.466062,0.093575,H5N6,Avian
679,A/duck/Guangdong/04.23_DGQTXC203-O/2015(H5N6)|EPI_ISL_199222,A/duck/Guangdong/04.23_DG,0.3055,0.2998,0.4115,0.2854,0.182,-0.063,0.386,53.14,0.439,0.441,668,705,-0.452908,0.092199,H5N6,Avian
680,A/duck/Guangdong/04.23_DGQTXC204-O/2015(Mixed)|EPI_ISL_199370,A/duck/Guangdong/04.23_DG,0.3071,0.2978,0.4149,0.2905,0.186,-0.068,0.385,52.92,0.438,0.439,678,716,-0.462011,0.093575,H5N6,Avian
681,A/duck/Guangdong/04.23_DGQTXC204-P/2015(Mixed)|EPI_ISL_199363,A/duck/Guangdong/04.23_DG,0.309,0.294,0.4103,0.2968,0.184,-0.081,0.378,52.98,0.44,0.439,678,716,-0.465643,0.093575,H5N6,Avian
682,A/duck/Guangdong/04.23_DGQTXC205-O/2015(Mixed)|EPI_ISL_199356,A/duck/Guangdong/04.23_DG,0.3099,0.2928,0.4085,0.2957,0.184,-0.079,0.379,53.16,0.439,0.438,668,705,-0.464539,0.092199,H5N6,Avian
683,A/duck/Guangdong/04.23_DGQTXC206-O/2015(Mixed)|EPI_ISL_199364,A/duck/Guangdong/04.23_DG,0.3047,0.3009,0.416,0.2851,0.183,-0.064,0.386,53.19,0.438,0.44,678,716,-0.464386,0.093575,H5N6,Avian
684,A/duck/Guangdong/04.23_DGQTXC207-O/2015(Mixed)|EPI_ISL_199354,A/duck/Guangdong/04.23_DG,0.309,0.294,0.4103,0.2968,0.184,-0.081,0.378,52.98,0.44,0.439,678,716,-0.465643,0.093575,H5N6,Avian
685,A/duck/Guangdong/04.23_DGQTXC207-P/2015(Mixed)|EPI_ISL_199353,A/duck/Guangdong/04.23_DG,0.3099,0.2928,0.4085,0.2957,0.184,-0.079,0.379,53.16,0.439,0.438,668,705,-0.464539,0.092199,H5N6,Avian
686,A/duck/Guangdong/04.23_DGQTXC213-O/2015(H5N6)|EPI_ISL_199291,A/duck/Guangdong/04.23_DG,0.3065,0.2991,0.4149,0.2884,0.183,-0.075,0.381,52.87,0.438,0.438,678,716,-0.462011,0.094972,H5N6,Avian
687,A/duck/Guangdong/04.23_DGQTXC213-P/2015(H5N6)|EPI_ISL_199289,A/duck/Guangdong/04.23_DG,0.3074,0.2979,0.4131,0.2872,0.183,-0.073,0.382,52.84,0.437,0.438,668,705,-0.464255,0.093617,H5N6,Avian
688,A/duck/Guangdong/04.23_DGQTXC227-P/2015(Mixed)|EPI_ISL_200236,A/duck/Guangdong/04.23_DG,0.2991,0.3047,0.4141,0.2893,0.184,-0.063,0.388,53.05,0.444,0.443,678,716,-0.47081,0.093575,H5N6,Avian
689,A/duck/Guangdong/04.23_DGQTXC229-P/2015(H5N6)|EPI_ISL_199234,A/duck/Guangdong/04.23_DG,0.2991,0.3047,0.4141,0.2893,0.184,-0.063,0.388,53.05,0.444,0.443,678,716,-0.47081,0.093575,H5N6,Avian
690,A/duck/Guangdong/04.23_DGQTXC230-P/2015(Mixed)|EPI_ISL_200254,A/duck/Guangdong/04.23_DG,0.2991,0.3047,0.4141,0.2893,0.184,-0.063,0.388,53.05,0.444,0.443,678,716,-0.47081,0.093575,H5N6,Avian
691,A/duck/Guangdong/04.23_DGQTXC231-O/2015(H5N6)|EPI_ISL_199236,A/duck/Guangdong/04.23_DG,0.2991,0.3047,0.4141,0.2893,0.184,-0.063,0.388,53.05,0.444,0.443,678,716,-0.47081,0.093575,H5N6,Avian
692,A/duck/Guangdong/04.23_DGQTXC231-P/2015(Mixed)|EPI_ISL_200243,A/duck/Guangdong/04.23_DG,0.2991,0.3047,0.4141,0.2893,0.184,-0.063,0.388,53.05,0.444,0.443,678,716,-0.47081,0.093575,H5N6,Avian
693,A/duck/Guangdong/04.23_DGQTXC232-P/2015(H5N6)|EPI_ISL_199292,A/duck/Guangdong/04.23_DG,0.2998,0.3036,0.4123,0.2881,0.184,-0.06,0.389,53.16,0.443,0.443,668,705,-0.469787,0.092199,H5N6,Avian
694,A/duck/Guangdong/04.23_DGQTXC233-P/2015(Mixed)|EPI_ISL_200246,A/duck/Guangdong/04.23_DG,0.2998,0.3036,0.4123,0.2881,0.184,-0.06,0.389,53.16,0.443,0.443,668,705,-0.469787,0.092199,H5N6,Avian
695,A/duck/Guangdong/04.23_DGQTXC235-O/2015(H5N6)|EPI_ISL_199297,A/duck/Guangdong/04.23_DG,0.2998,0.3036,0.4123,0.2881,0.184,-0.06,0.389,53.16,0.443,0.443,668,705,-0.469787,0.092199,H5N6,Avian
696,A/duck/Guangdong/04.23_DGQTXC236-P/2015(H5N6)|EPI_ISL_199290,A/duck/Guangdong/04.23_DG,0.3047,0.2991,0.4229,0.2815,0.189,-0.056,0.392,52.14,0.433,0.438,679,716,-0.46243,0.093575,H5N6,Avian
697,A/duck/Guangdong/11.18_SZBJ003-C/2016|EPI_ISL_707453,A/duck/Guangdong/11.18_SZ,0.3028,0.3009,0.416,0.2899,0.188,-0.053,0.393,53.73,0.44,0.439,679,716,-0.471788,0.093575,H5N6,Avian
698,A/duck/Guangdong/11.18_SZBJ003-O/2016|EPI_ISL_707454,A/duck/Guangdong/11.18_SZ,0.3028,0.3009,0.416,0.2899,0.188,-0.053,0.393,53.73,0.44,0.439,679,716,-0.471788,0.093575,H5N6,Avian
699,A/duck/Guangdong/11.18_SZBJ007-O/2016|EPI_ISL_707455,A/duck/Guangdong/11.18_SZ,0.3041,0.2985,0.416,0.2899,0.188,-0.056,0.392,53.69,0.439,0.439,679,716,-0.467458,0.093575,H5N6,Avian
700,A/duck/Guangdong/KGZ15783/2021|EPI_ISL_19210571,A/duck/Guangdong/KGZ15783,0.2932,0.3064,0.4221,0.2887,0.189,-0.052,0.395,53.29,0.443,0.441,679,716,-0.484358,0.093575,H5N8,Avian
701,A/duck/Guangdong/KGZ16007/2021|EPI_ISL_19210557,A/duck/Guangdong/KGZ16007,0.2998,0.2998,0.4175,0.2881,0.189,-0.057,0.391,53.44,0.44,0.439,680,716,-0.456006,0.093575,H5N6,Avian
702,A/duck/Guangdong/KGZ16008/2021|EPI_ISL_19210558,A/duck/Guangdong/KGZ16008,0.2998,0.2998,0.4175,0.2881,0.189,-0.057,0.391,53.44,0.44,0.439,680,716,-0.456006,0.093575,H5N6,Avian
703,A/duck/Guangdong/KGZ16009/2021|EPI_ISL_19210559,A/duck/Guangdong/KGZ16009,0.2998,0.2998,0.4175,0.2881,0.189,-0.057,0.391,53.44,0.44,0.439,680,716,-0.456006,0.093575,H5N6,Avian
704,A/duck/Guangdong/KGZ16012/2021|EPI_ISL_19210561,A/duck/Guangdong/KGZ16012,0.2998,0.2998,0.4175,0.2881,0.189,-0.057,0.391,53.44,0.44,0.439,680,716,-0.456006,0.093575,H5N6,Avian
705,A/duck/Guangdong/KGZ16015/2021|EPI_ISL_19210562,A/duck/Guangdong/KGZ16015,0.3004,0.3022,0.4156,0.2881,0.189,-0.059,0.39,53.75,0.441,0.44,680,716,-0.456285,0.093575,H5N8,Avian
706,A/Duck/Guangdong/PO17281256/MZH/2017-8-21|EPI_ISL_340789,A/Duck/Guangdong/PO172812,0.3028,0.3009,0.4084,0.2962,0.183,-0.073,0.382,53.4,0.445,0.442,678,716,-0.473883,0.093575,H5N6,Avian
707,A/Duck/Guangdong/PO17281388/MZH/2017-10-24|EPI_ISL_340792,A/Duck/Guangdong/PO172813,0.3028,0.3009,0.4103,0.2941,0.183,-0.073,0.382,53.25,0.444,0.442,678,716,-0.473883,0.093575,H5N6,Avian
708,A/Duck/Guangdong/PO17284260/YJ/2017-7-12|EPI_ISL_340857,A/Duck/Guangdong/PO172842,0.2966,0.3022,0.421,0.2872,0.187,-0.048,0.396,54,0.44,0.439,679,716,-0.463687,0.093575,H5N6,Avian
709,A/Duck/Guangdong/PO1707260017/GZH/2017-08-02|EPI_ISL_340834,A/Duck/Guangdong/PO170726,0.3115,0.2917,0.4016,0.2969,0.178,-0.081,0.376,52.85,0.441,0.442,635,670,-0.493582,0.092537,H5N6,Avian
710,A/Duck/Guangdong/PY501/2014(H5N6)|EPI_ISL_205962,A/Duck/Guangdong/PY501/20,0.2976,0.3013,0.4288,0.2797,0.186,-0.056,0.392,53.27,0.434,0.438,678,716,-0.466062,0.093575,H5N6,Avian
711,A/Duck/Guangdong/PY503/2014(H5N6)|EPI_ISL_205963,A/Duck/Guangdong/PY503/20,0.3,0.3,0.431,0.2744,0.187,-0.05,0.395,53.22,0.429,0.437,678,716,-0.467598,0.092179,H5N6,Avian
712,A/duck/Guangdong/S1269/2021|EPI_ISL_5260419,A/duck/Guangdong/S1269/20,0.2927,0.3058,0.4202,0.2902,0.189,-0.05,0.395,53.53,0.445,0.444,679,716,-0.486732,0.093575,H5N8,Avian
713,A/duck/Guangdong/S1330/2016|EPI_ISL_5260813,A/duck/Guangdong/S1330/20,0.3028,0.2991,0.4229,0.283,0.187,-0.061,0.389,52.99,0.434,0.438,679,716,-0.468017,0.093575,H5N6,Avian
714,A/duck/Guangdong/S4518/2021(H5N1)|EPI_ISL_12572654,A/duck/Guangdong/S4518/20,0.279,0.3127,0.4216,0.2979,0.191,-0.05,0.396,53.99,0.455,0.444,682,716,-0.46676,0.093575,H5N1,Avian
715,A/duck/Guangdong/S4525/2021(H5N1)|EPI_ISL_12572655,A/duck/Guangdong/S4525/20,0.2801,0.3139,0.4213,0.2952,0.193,-0.048,0.397,54.02,0.454,0.445,680,716,-0.474441,0.093575,H5N1,Avian
716,A/duck/Guangdong/S4879/2020|EPI_ISL_9637645,A/duck/Guangdong/S4879/20,0.2927,0.3058,0.421,0.2908,0.191,-0.048,0.396,53.46,0.445,0.443,679,716,-0.482123,0.093575,H5N6,Avian
717,A/duck/Guangdong/s14044/2014|EPI_ISL_201799,A/duck/Guangdong/s14044/2,0.3165,0.2846,0.4457,0.26,0.194,-0.054,0.393,52.44,0.406,0.428,679,716,-0.480866,0.094972,H5N8,Avian
718,A/duck/Guangdong/SE195/2021|EPI_ISL_9637825,A/duck/Guangdong/SE195/20,0.3017,0.298,0.4072,0.2979,0.189,-0.053,0.393,54.12,0.446,0.441,680,716,-0.447765,0.092179,H5N6,Avian
719,A/Duck/Guangdong/SS1A1/2014(H5N6)|EPI_ISL_205959,A/Duck/Guangdong/SS1A1/20,0.3013,0.2994,0.4419,0.2636,0.192,-0.041,0.4,52,0.421,0.434,677,716,-0.466341,0.093575,H5N6,Avian
720,A/duck/Guangdong/wy11/2008|EPI_ISL_152085,A/duck/Guangdong/wy11/200,0.3064,0.2951,0.433,0.2758,0.193,-0.051,0.396,53.24,0.425,0.435,677,716,-0.498464,0.094972,Others,Avian
721,A/duck/Guangdong/wy19/2008|EPI_ISL_152086,A/duck/Guangdong/wy19/200,0.309,0.2921,0.4294,0.2762,0.194,-0.048,0.397,53.13,0.425,0.436,678,716,-0.480866,0.093575,Others,Avian
722,A/duck/Guangdong/wy24/2008|EPI_ISL_152087,A/duck/Guangdong/wy24/200,0.3075,0.3,0.4349,0.2689,0.2,-0.039,0.403,52.67,0.424,0.434,677,716,-0.482123,0.093575,Others,Avian
723,A/Duck/Guangdong/Yangjiang/PO18284009/2018-01-09|EPI_ISL_340847,A/Duck/Guangdong/Yangjian,0.3004,0.3022,0.4057,0.2998,0.182,-0.071,0.383,52.59,0.449,0.444,679,716,-0.467179,0.093575,H5N6,Avian
724,A/duck/Guangxi/12.25_GLGX-14-08/2014(Mixed)|EPI_ISL_201370,A/duck/Guangxi/12.25_GLGX,0.3058,0.2964,0.4297,0.2741,0.185,-0.063,0.388,52.26,0.426,0.435,678,716,-0.463129,0.094972,H5N6,Avian
725,A/duck/Guangxi/S10099/2021|EPI_ISL_5260420,A/duck/Guangxi/S10099/202,0.2951,0.3083,0.4118,0.2944,0.191,-0.045,0.398,53.99,0.449,0.445,679,716,-0.478212,0.090782,H5N8,Avian
726,A/duck/Guangxi/S10263/2021|EPI_ISL_5260421,A/duck/Guangxi/S10263/202,0.2951,0.3083,0.4144,0.2923,0.192,-0.046,0.398,53.89,0.448,0.444,679,716,-0.480587,0.092179,H5N8,Avian
727,A/duck/Guangxi/S11043/2021|EPI_ISL_5260422,A/duck/Guangxi/S11043/202,0.2927,0.3058,0.4221,0.2881,0.192,-0.046,0.398,53.43,0.443,0.444,679,716,-0.473184,0.092179,H5N8,Avian
728,A/duck/Guangxi/S21194/2021|EPI_ISL_5260426,A/duck/Guangxi/S21194/202,0.2951,0.3064,0.4183,0.2902,0.192,-0.041,0.401,53.51,0.445,0.444,679,716,-0.483659,0.092179,H5N8,Avian
729,A/duck/Guangxi/S31116/2021(H5N6)|EPI_ISL_11208194,A/duck/Guangxi/S31116/202,0.2951,0.3045,0.4183,0.2923,0.191,-0.051,0.395,52.93,0.445,0.443,679,716,-0.480587,0.092179,H5N6,Avian
730,A/duck/Guangzhou/018/2014|EPI_ISL_224984,A/duck/Guangzhou/018/2014,0.3034,0.2996,0.4256,0.2794,0.185,-0.068,0.385,52.49,0.432,0.437,678,716,-0.469553,0.093575,H5N6,Avian
731,A/duck/Guangzhou/021/2014|EPI_ISL_224985,A/duck/Guangzhou/021/2014,0.3034,0.2996,0.4237,0.2815,0.185,-0.068,0.385,52.84,0.434,0.438,678,716,-0.469553,0.093575,H5N6,Avian
732,A/duck/Guizhou/7.27_ZYLJJ017-O/2018|EPI_ISL_696807,A/duck/Guizhou/7.27_ZYLJJ,0.2985,0.3022,0.4103,0.2962,0.181,-0.073,0.382,52.94,0.447,0.443,678,716,-0.467598,0.094972,H5N6,Avian
733,A/duck/Guizhou/8.26_ZYLJJ016-O/2018|EPI_ISL_696813,A/duck/Guizhou/8.26_ZYLJJ,0.2966,0.306,0.4122,0.292,0.183,-0.065,0.386,52.53,0.447,0.442,678,716,-0.474721,0.093575,H5N6,Avian
734,A/duck/Guizhou/8.26_ZYLJJ017-O/2018|EPI_ISL_707465,A/duck/Guizhou/8.26_ZYLJJ,0.2966,0.306,0.4046,0.3004,0.182,-0.073,0.382,52.46,0.453,0.445,678,716,-0.47067,0.093575,H5N6,Avian
735,A/duck/Guizhou/S1321/2022(H5N1)|EPI_ISL_12572656,A/duck/Guizhou/S1321/2022,0.2825,0.3145,0.4213,0.2917,0.193,-0.045,0.399,54.07,0.452,0.444,679,716,-0.475,0.093575,H5N1,Avian
736,A/duck/Guizhou/S1711/2024(H5N1)|EPI_ISL_19616579,A/duck/Guizhou/S1711/2024,0.2962,0.3057,0.4125,0.3011,0.187,-0.067,0.386,53.69,0.449,0.441,679,716,-0.469413,0.093575,H5N1,Avian
737,A/duck/Guizhou/S4702/2021(H5N6)|EPI_ISL_11208195,A/duck/Guizhou/S4702/2021,0.2825,0.3164,0.4045,0.309,0.196,-0.027,0.409,54.62,0.465,0.448,680,716,-0.460056,0.093575,H5N6,Avian
738,A/duck/Hainan/12.29_HKPL002-C/2017|EPI_ISL_707469,A/duck/Hainan/12.29_HKPL0,0.3022,0.3004,0.4084,0.2962,0.183,-0.073,0.382,52.59,0.445,0.442,678,716,-0.471229,0.093575,H5N6,Avian
739,A/duck/Hebei/3/2011|EPI_ISL_137255,A/duck/Hebei/3/2011|EPI_I,0.3075,0.2981,0.4417,0.2621,0.197,-0.045,0.399,52.77,0.418,0.431,677,716,-0.494134,0.094972,H5N2,Avian
740,A/duck/Hebei/S1070/2021|EPI_ISL_5260445,A/duck/Hebei/S1070/2021|E,0.2957,0.3051,0.4163,0.2944,0.193,-0.041,0.401,54.12,0.446,0.443,679,716,-0.485056,0.093575,H5N8,Avian
741,A/duck/Henan/01.01_LYGL003-O/2017|EPI_ISL_697837,A/duck/Henan/01.01_LYGL00,0.2895,0.3158,0.4229,0.2845,0.211,0.016,0.432,53.73,0.447,0.442,680,716,-0.486592,0.093575,H5N6,Avian
742,A/duck/Henan/S1381/2021|EPI_ISL_5260435,A/duck/Henan/S1381/2021|E,0.2927,0.3077,0.4171,0.2929,0.192,-0.043,0.399,53.93,0.448,0.444,679,716,-0.486453,0.093575,H5N8,Avian
743,A/duck/Hsinchu/15020216/2015|EPI_ISL_4032423,A/duck/Hsinchu/15020216/2,0.2683,0.334,0.4152,0.2954,0.193,-0.034,0.405,52.99,0.468,0.447,679,716,-0.45824,0.094972,H5N2,Avian
744,A/duck/Hubei/03.06__WHWTZ0107-O/2015(Mixed)|EPI_ISL_200427,A/duck/Hubei/03.06__WHWTZ,0.283,0.3189,0.4267,0.2836,0.202,-0.01,0.419,52.79,0.448,0.442,678,716,-0.475978,0.093575,H5N2,Avian
745,A/duck/Hubei/03.06__WHWTZ0111-O/2015(Mixed)|EPI_ISL_200276,A/duck/Hubei/03.06__WHWTZ,0.2943,0.3094,0.4307,0.2735,0.193,-0.038,0.403,53.22,0.435,0.438,678,716,-0.465084,0.093575,H5N6,Avian
746,A/duck/Hubei/03.06__WHWTZ0123-O/2015(H5N6)|EPI_ISL_199026,A/duck/Hubei/03.06__WHWTZ,0.2943,0.3094,0.4307,0.2735,0.193,-0.038,0.403,53.22,0.435,0.438,678,716,-0.465084,0.093575,H5N6,Avian
747,A/duck/Hubei/03.06__WHWTZ0125-O/2015(H5N6)|EPI_ISL_199030,A/duck/Hubei/03.06__WHWTZ,0.2943,0.3094,0.4307,0.2735,0.193,-0.038,0.403,53.22,0.435,0.438,678,716,-0.465084,0.093575,H5N6,Avian
748,A/duck/Hubei/03.06__WHWTZ0129-P/2015(H5N6)|EPI_ISL_199015,A/duck/Hubei/03.06__WHWTZ,0.2943,0.3094,0.4326,0.2714,0.193,-0.038,0.403,52.95,0.434,0.437,678,716,-0.465084,0.093575,H5N6,Avian
749,A/duck/Hubei/03.06__WHWTZ0150-P/2015(Mixed)|EPI_ISL_200277,A/duck/Hubei/03.06__WHWTZ,0.2938,0.3089,0.4307,0.2735,0.191,-0.04,0.401,53.04,0.435,0.438,678,716,-0.465922,0.093575,H5N6,Avian
750,A/duck/Hubei/03.06__WHWTZ0155-P/2015(H5N1)|EPI_ISL_199019,A/duck/Hubei/03.06__WHWTZ,0.2731,0.3145,0.4375,0.286,0.195,-0.023,0.412,52.62,0.447,0.439,680,716,-0.464665,0.094972,H5N1,Avian
751,A/duck/HuBei/03.06__WHWTZ0158-P/2015(H5N6)|EPI_ISL_199029,A/duck/HuBei/03.06__WHWTZ,0.2943,0.3094,0.4307,0.2735,0.193,-0.038,0.403,53.22,0.435,0.438,678,716,-0.465084,0.093575,H5N6,Avian
752,A/duck/Hubei/03.06_WHWTZ0124-O/2015(H5N6)|EPI_ISL_199028,A/duck/Hubei/03.06_WHWTZ0,0.2943,0.3094,0.4307,0.2735,0.193,-0.038,0.403,53.22,0.435,0.438,678,716,-0.465084,0.093575,H5N6,Avian
753,A/duck/Hubei/03.06_WHWTZ0130-O/2015(H5N6)|EPI_ISL_199031,A/duck/Hubei/03.06_WHWTZ0,0.2943,0.3094,0.4307,0.2735,0.193,-0.038,0.403,53.22,0.435,0.438,678,716,-0.465084,0.093575,H5N6,Avian
754,A/duck/Hubei/46/2009|EPI_ISL_71945,A/duck/Hubei/46/2009|EPI_,0.2763,0.3233,0.4216,0.2881,0.209,0.024,0.438,53.73,0.456,0.449,680,716,-0.461732,0.093575,H5N1,Avian
755,A/duck/Hubei/2911/2007|EPI_ISL_29185,A/duck/Hubei/2911/2007|EP,0.2943,0.3038,0.4381,0.2752,0.193,-0.038,0.403,52.88,0.431,0.435,678,716,-0.475559,0.093575,H5N1,Avian
756,A/duck/Hubei/S4465/2021(H5N1)|EPI_ISL_12572657,A/duck/Hubei/S4465/2021(H,0.2895,0.312,0.4183,0.2902,0.191,-0.046,0.398,53.38,0.449,0.444,679,716,-0.489525,0.093575,H5N1,Avian
757,A/duck/Hubei/SE128/2022(H5N1)|EPI_ISL_12572658,A/duck/Hubei/SE128/2022(H,0.2895,0.312,0.4183,0.2902,0.193,-0.041,0.401,53.47,0.449,0.445,679,716,-0.485894,0.093575,H5N1,Avian
758,A/duck/Hubei/SE220/2022(H5N1)|EPI_ISL_12572659,A/duck/Hubei/SE220/2022(H,0.2787,0.3164,0.4213,0.2938,0.193,-0.048,0.398,54.16,0.455,0.445,679,716,-0.469832,0.093575,H5N1,Avian
759,A/duck/Hubei/SZY250/2016|EPI_ISL_231747,A/duck/Hubei/SZY250/2016|,0.3071,0.2865,0.4373,0.2773,0.195,-0.027,0.408,52.34,0.42,0.429,679,716,-0.472486,0.093575,H5N2,Avian
760,A/duck/Hubei/xn/2007|EPI_ISL_155694,A/duck/Hubei/xn/2007|EPI_,0.2782,0.3158,0.4392,0.2773,0.197,-0.021,0.412,51.7,0.442,0.439,679,716,-0.462849,0.093575,H5N1,Avian
761,A/duck/Hunan/1.12_YYGK68H3-OC/2018|EPI_ISL_707489,A/duck/Hunan/1.12_YYGK68H,0.3054,0.2961,0.4133,0.2914,0.182,-0.075,0.38,52.43,0.439,0.44,679,716,-0.468575,0.093575,H5N6,Avian
762,A/duck/Hunan/1.12_YYGK72H3-OC/2018|EPI_ISL_707490,A/duck/Hunan/1.12_YYGK72H,0.3054,0.2961,0.4141,0.292,0.183,-0.075,0.38,52.39,0.439,0.441,679,716,-0.468855,0.093575,H5N6,Avian
763,A/duck/Hunan/1.12_YYGK74H3-OC/2018|EPI_ISL_707491,A/duck/Hunan/1.12_YYGK74H,0.2868,0.3151,0.4156,0.2962,0.2,-0.015,0.417,53.79,0.454,0.443,679,716,-0.474721,0.093575,H5N6,Avian
764,A/duck/Hunan/01.12_YYGK82H3-OC/2018|EPI_ISL_707475,A/duck/Hunan/01.12_YYGK82,0.2868,0.3151,0.4156,0.2962,0.2,-0.015,0.417,53.79,0.454,0.443,679,716,-0.474721,0.093575,H5N6,Avian
765,A/duck/Hunan/01.16_YYFQH128-P/2014(Mixed)|EPI_ISL_200262,A/duck/Hunan/01.16_YYFQH1,0.2943,0.3057,0.4326,0.2756,0.189,-0.051,0.395,53.2,0.434,0.437,678,716,-0.468715,0.093575,H5N6,Avian
766,A/duck/Hunan/01.16_YYFQH185-P/2014(H5N6)|EPI_ISL_198783,A/duck/Hunan/01.16_YYFQH1,0.2943,0.3057,0.4326,0.2756,0.189,-0.051,0.395,53.2,0.434,0.437,678,716,-0.468715,0.093575,H5N6,Avian
767,A/duck/Hunan/01.16_YYFQH299-P/2014(H5N6)|EPI_ISL_198816,A/duck/Hunan/01.16_YYFQH2,0.2957,0.3051,0.4288,0.2782,0.189,-0.051,0.395,52.96,0.435,0.438,678,716,-0.469134,0.093575,H5N6,Avian
768,A/duck/Hunan/01.16_YYFQH303-P/2014(H5N6)|EPI_ISL_198819,A/duck/Hunan/01.16_YYFQH3,0.2957,0.3051,0.4288,0.2782,0.189,-0.051,0.395,52.96,0.435,0.438,678,716,-0.469134,0.093575,H5N6,Avian
769,A/duck/Hunan/01.16_YYFQH304-P/2014(H5N6)|EPI_ISL_198820,A/duck/Hunan/01.16_YYFQH3,0.2957,0.3051,0.4288,0.2777,0.188,-0.053,0.394,53.02,0.435,0.438,678,716,-0.469553,0.093575,H5N6,Avian
770,A/duck/Hunan/01.16_YYFQH305-P/2014(H5N6)|EPI_ISL_198821,A/duck/Hunan/01.16_YYFQH3,0.2957,0.3051,0.4288,0.2777,0.188,-0.053,0.394,53.02,0.435,0.438,678,716,-0.469553,0.093575,H5N6,Avian
771,A/duck/Hunan/01.16_YYFQH306-P/2014(H5N6)|EPI_ISL_198822,A/duck/Hunan/01.16_YYFQH3,0.2957,0.3051,0.4288,0.2777,0.188,-0.053,0.394,53.02,0.435,0.438,678,716,-0.469553,0.093575,H5N6,Avian
772,A/duck/Hunan/01.16_YYFQH309-P/2014(H5N6)|EPI_ISL_198825,A/duck/Hunan/01.16_YYFQH3,0.2957,0.3051,0.4288,0.2782,0.189,-0.051,0.395,52.96,0.435,0.438,678,716,-0.469134,0.093575,H5N6,Avian
773,A/duck/Hunan/01.16_YYFQH317-P/2014(H5N6)|EPI_ISL_198829,A/duck/Hunan/01.16_YYFQH3,0.2957,0.3051,0.4288,0.2782,0.189,-0.051,0.395,52.96,0.435,0.438,678,716,-0.469134,0.093575,H5N6,Avian
774,A/duck/Hunan/01.16_YYFQH319-P/2014(H5N6)|EPI_ISL_198831,A/duck/Hunan/01.16_YYFQH3,0.2957,0.3051,0.4288,0.2782,0.189,-0.051,0.395,52.96,0.435,0.438,678,716,-0.469134,0.093575,H5N6,Avian
775,A/duck/Hunan/01.16_YYGK218-P/2014(H5N6)|EPI_ISL_198785,A/duck/Hunan/01.16_YYGK21,0.2957,0.3051,0.4288,0.2777,0.188,-0.053,0.394,53.02,0.435,0.438,678,716,-0.469553,0.093575,H5N6,Avian
776,A/duck/Hunan/1.17_YYGKK80-OC/2017|EPI_ISL_707493,A/duck/Hunan/1.17_YYGKK80,0.309,0.2884,0.4267,0.283,0.183,-0.081,0.378,52.84,0.426,0.436,678,716,-0.468296,0.093575,H5N6,Avian
777,A/duck/Hunan/01.21_YYFQH009-O/2015(H5N6)|EPI_ISL_199083,A/duck/Hunan/01.21_YYFQH0,0.3,0.3038,0.4261,0.2771,0.19,-0.051,0.395,53,0.434,0.438,678,716,-0.457821,0.093575,H5N6,Avian
778,A/duck/Hunan/01.21_YYFQH019-P/2015(H5N6)|EPI_ISL_199056,A/duck/Hunan/01.21_YYFQH0,0.2981,0.3019,0.4345,0.2729,0.187,-0.053,0.394,53.04,0.429,0.436,678,716,-0.469134,0.093575,H5N6,Avian
779,A/duck/Hunan/01.21_YYFQH024-P/2015(H5N6)|EPI_ISL_199065,A/duck/Hunan/01.21_YYFQH0,0.3,0.3038,0.428,0.275,0.19,-0.051,0.395,53,0.432,0.438,678,716,-0.457821,0.093575,H5N6,Avian
780,A/duck/Hunan/01.21_YYFQH025-P/2015(H5N6)|EPI_ISL_199066,A/duck/Hunan/01.21_YYFQH0,0.3019,0.3,0.4307,0.2762,0.192,-0.046,0.398,52.84,0.429,0.436,678,716,-0.464665,0.093575,H5N6,Avian
781,A/duck/Hunan/01.21_YYFQH030-O/2015(H5N6)|EPI_ISL_199070,A/duck/Hunan/01.21_YYFQH0,0.3,0.3038,0.428,0.275,0.19,-0.051,0.395,53,0.432,0.438,678,716,-0.457821,0.093575,H5N6,Avian
782,A/duck/Hunan/2.06_YYGK77J3-OC/2018|EPI_ISL_707523,A/duck/Hunan/2.06_YYGK77J,0.3103,0.2953,0.4054,0.2989,0.184,-0.073,0.382,52.19,0.442,0.441,678,716,-0.470671,0.093575,H5N6,Avian
783,A/duck/Hunan/2.06_YYGK78J3-OC/2018|EPI_ISL_707524,A/duck/Hunan/2.06_YYGK78J,0.3022,0.3004,0.4122,0.292,0.182,-0.073,0.382,52.56,0.442,0.441,678,716,-0.471229,0.093575,H5N6,Avian
784,A/duck/Hunan/2.06_YYGK84J3-OC/2018|EPI_ISL_707525,A/duck/Hunan/2.06_YYGK84J,0.3065,0.2972,0.4046,0.3004,0.183,-0.07,0.383,52.32,0.445,0.441,678,716,-0.470391,0.093575,H5N6,Avian
785,A/duck/Hunan/2.06_YYGK92J3-OC/2018|EPI_ISL_707527,A/duck/Hunan/2.06_YYGK92J,0.3065,0.2972,0.4046,0.3004,0.183,-0.07,0.383,52.32,0.445,0.441,678,716,-0.470391,0.093575,H5N6,Avian
786,A/duck/Hunan/02.07__YYFQHY12Y-O/2015(H5N6)|EPI_ISL_199049,A/duck/Hunan/02.07__YYFQH,0.3019,0.3,0.4307,0.2756,0.191,-0.046,0.398,52.72,0.429,0.436,678,716,-0.472067,0.093575,H5N6,Avian
787,A/duck/Hunan/02.07__YYFQHY20Y-O/2015(H5N6)|EPI_ISL_199058,A/duck/Hunan/02.07__YYFQH,0.3019,0.3,0.4307,0.2762,0.192,-0.046,0.398,52.84,0.429,0.436,678,716,-0.464665,0.093575,H5N6,Avian
788,A/duck/Hunan/02.07_YYFQH026-O/2015(H5N6)|EPI_ISL_199067,A/duck/Hunan/02.07_YYFQH0,0.2981,0.3019,0.4345,0.2729,0.187,-0.053,0.394,53.04,0.429,0.436,678,716,-0.469134,0.093575,H5N6,Avian
789,A/duck/Hunan/02.07_YYFQH029-O/2015(H5N6)|EPI_ISL_199069,A/duck/Hunan/02.07_YYFQH0,0.3019,0.3,0.4307,0.2762,0.192,-0.046,0.398,52.84,0.429,0.436,678,716,-0.464665,0.093575,H5N6,Avian
790,A/duck/Hunan/02.07_YYFQH032-O/2015(H5N6)|EPI_ISL_199072,A/duck/Hunan/02.07_YYFQH0,0.2981,0.3019,0.4345,0.2729,0.187,-0.053,0.394,53.04,0.429,0.436,678,716,-0.469134,0.093575,H5N6,Avian
791,A/duck/Hunan/02.16_YYGK281-P/2014(H5N6)|EPI_ISL_198805,A/duck/Hunan/02.16_YYGK28,0.2964,0.304,0.4253,0.2785,0.188,-0.053,0.394,53.16,0.436,0.438,668,705,-0.468511,0.092199,H5N6,Avian
792,A/duck/Hunan/02.26__YYFQH293-P/2014(H5N6)|EPI_ISL_198811,A/duck/Hunan/02.26__YYFQH,0.2957,0.3051,0.4288,0.2777,0.188,-0.053,0.394,53.02,0.435,0.438,678,716,-0.469553,0.093575,H5N6,Avian
793,A/duck/Hunan/02.26__YYFQH320-P/2014(H5N6)|EPI_ISL_198832,A/duck/Hunan/02.26__YYFQH,0.2957,0.3051,0.4288,0.2777,0.188,-0.053,0.394,53.02,0.435,0.438,678,716,-0.469553,0.093575,H5N6,Avian
794,A/duck/Hunan/02.26__YYGK251-P/2014(H5N6)|EPI_ISL_198792,A/duck/Hunan/02.26__YYGK2,0.2957,0.3051,0.4288,0.2782,0.189,-0.051,0.395,52.96,0.435,0.438,678,716,-0.469134,0.093575,H5N6,Avian
795,A/duck/Hunan/02.26__YYGK0255-P/2014(H5N6)|EPI_ISL_198794,A/duck/Hunan/02.26__YYGK0,0.2957,0.3051,0.4288,0.2777,0.188,-0.053,0.394,53.02,0.435,0.438,678,716,-0.469553,0.093575,H5N6,Avian
796,A/duck/Hunan/02.26_YYFQH290-P/2014(H5N6)|EPI_ISL_198809,A/duck/Hunan/02.26_YYFQH2,0.2981,0.3019,0.4326,0.2756,0.188,-0.053,0.394,53.1,0.431,0.436,678,716,-0.468715,0.093575,H5N6,Avian
797,A/duck/Hunan/02.26_YYFQH294-P/2014(H5N6)|EPI_ISL_198812,A/duck/Hunan/02.26_YYFQH2,0.2957,0.3051,0.4288,0.2782,0.189,-0.051,0.395,52.96,0.435,0.438,678,716,-0.469134,0.093575,H5N6,Avian
798,A/duck/Hunan/02.26_YYFQH308-P/2014(H5N6)|EPI_ISL_198824,A/duck/Hunan/02.26_YYFQH3,0.2957,0.3051,0.4288,0.2782,0.189,-0.051,0.395,52.96,0.435,0.438,678,716,-0.469134,0.093575,H5N6,Avian
799,A/duck/Hunan/02.26_YYFQHY291-P/2014(H5N6)|EPI_ISL_198810,A/duck/Hunan/02.26_YYFQHY,0.3019,0.3,0.4307,0.2762,0.192,-0.046,0.398,52.84,0.429,0.436,678,716,-0.464665,0.093575,H5N6,Avian
800,A/duck/Hunan/02.26_YYGK250-P/2014(H5N6)|EPI_ISL_198791,A/duck/Hunan/02.26_YYGK25,0.2962,0.3057,0.4326,0.2735,0.19,-0.046,0.398,53.11,0.432,0.437,678,716,-0.468715,0.093575,H5N6,Avian
801,A/duck/Hunan/02.26_YYGK254-P/2014(H5N6)|EPI_ISL_198793,A/duck/Hunan/02.26_YYGK25,0.2957,0.3051,0.4288,0.2777,0.188,-0.053,0.394,53.02,0.435,0.438,678,716,-0.469553,0.093575,H5N6,Avian
802,A/duck/Hunan/02.26_YYGK263-P/2014(H5N6)|EPI_ISL_198795,A/duck/Hunan/02.26_YYGK26,0.2949,0.3081,0.4326,0.2735,0.191,-0.043,0.4,53.2,0.434,0.437,678,716,-0.473184,0.093575,H5N6,Avian
803,A/duck/Hunan/02.26_YYGK267-P/2014(H5N6)|EPI_ISL_198801,A/duck/Hunan/02.26_YYGK26,0.2968,0.3062,0.4326,0.2735,0.191,-0.043,0.4,53.2,0.432,0.436,678,716,-0.473184,0.093575,H5N6,Avian
804,A/duck/Hunan/02.26_YYGK271-P/2014(H5N6)|EPI_ISL_198802,A/duck/Hunan/02.26_YYGK27,0.2949,0.3081,0.4326,0.2735,0.191,-0.043,0.4,53.2,0.434,0.437,678,716,-0.473184,0.093575,H5N6,Avian
805,A/duck/Hunan/02.26_YYGK276-P/2014(H5N6)|EPI_ISL_198804,A/duck/Hunan/02.26_YYGK27,0.2949,0.3081,0.4326,0.2735,0.191,-0.043,0.4,53.2,0.434,0.437,678,716,-0.473184,0.093575,H5N6,Avian
806,A/duck/Hunan/02.26_YYGKY298-P/2014(H5N6)|EPI_ISL_198815,A/duck/Hunan/02.26_YYGKY2,0.2957,0.3051,0.4288,0.2782,0.189,-0.051,0.395,52.96,0.435,0.438,678,716,-0.469134,0.093575,H5N6,Avian
807,A/duck/Hunan/02.26_YYGQH295-P/2014(H5N6)|EPI_ISL_198813,A/duck/Hunan/02.26_YYGQH2,0.2957,0.3051,0.4269,0.2803,0.189,-0.053,0.394,52.97,0.437,0.438,678,716,-0.469134,0.093575,H5N6,Avian
808,A/duck/Hunan/03.07_YYGK1L3-OC/2018|EPI_ISL_697879,A/duck/Hunan/03.07_YYGK1L,0.2964,0.3039,0.4474,0.2643,0.198,-0.013,0.417,51.77,0.423,0.432,679,716,-0.485894,0.093575,H5N1,Avian
809,A/duck/Hunan/03.07_YYGK4L3-OC/2018|EPI_ISL_707477,A/duck/Hunan/03.07_YYGK4L,0.3071,0.2921,0.4253,0.2854,0.184,-0.074,0.383,52.9,0.43,0.436,677,716,-0.48324,0.093575,H5N6,Avian
810,A/duck/Hunan/03.07_YYGK25L3-OC/2018|EPI_ISL_696689,A/duck/Hunan/03.07_YYGK25,0.3084,0.295,0.4078,0.2959,0.183,-0.073,0.382,51.34,0.441,0.44,660,696,-0.485919,0.093391,H5N6,Avian
811,A/duck/Hunan/03.07_YYGK31L3-OC/2018|EPI_ISL_696764,A/duck/Hunan/03.07_YYGK31,0.2881,0.3145,0.4099,0.3004,0.198,-0.019,0.414,53.65,0.457,0.444,679,716,-0.472207,0.093575,H5N6,Avian
812,A/duck/Hunan/03.09_YYFQH0036-P/2015(Mixed)|EPI_ISL_200279,A/duck/Hunan/03.09_YYFQH0,0.2844,0.3168,0.4404,0.2664,0.203,0.006,0.427,53.03,0.436,0.437,670,705,-0.49688,0.092199,H5N6,Avian
813,A/duck/Hunan/03.09_YYFQH0046-O/2015(Mixed)|EPI_ISL_200280,A/duck/Hunan/03.09_YYFQH0,0.3084,0.2953,0.4122,0.292,0.184,-0.076,0.381,53.02,0.438,0.439,678,716,-0.460056,0.093575,H5N6,Avian
814,A/duck/Hunan/03.09_YYFQH0047-O/2015(H5N6)|EPI_ISL_199051,A/duck/Hunan/03.09_YYFQH0,0.3052,0.2978,0.4297,0.2741,0.186,-0.064,0.387,52.58,0.427,0.436,679,716,-0.457542,0.094972,H5N6,Avian
815,A/duck/Hunan/03.24_YYGK18M2-O/2017|EPI_ISL_707480,A/duck/Hunan/03.24_YYGK18,0.309,0.2903,0.4198,0.2893,0.189,-0.076,0.381,53.02,0.432,0.439,678,716,-0.472067,0.092179,H5N6,Avian
816,A/duck/Hunan/03.24_YYGK21M2-O/2017|EPI_ISL_707481,A/duck/Hunan/03.24_YYGK21,0.309,0.2921,0.4179,0.2893,0.19,-0.073,0.382,53.1,0.434,0.439,678,716,-0.469413,0.093575,H5N6,Avian
817,A/duck/Hunan/03.24_YYGK174M2-C/2017|EPI_ISL_707478,A/duck/Hunan/03.24_YYGK17,0.309,0.2921,0.4179,0.2893,0.19,-0.073,0.382,53.1,0.434,0.439,678,716,-0.469413,0.093575,H5N6,Avian
818,A/duck/Hunan/03.24_YYGK178M2-C/2017|EPI_ISL_707479,A/duck/Hunan/03.24_YYGK17,0.309,0.2921,0.4179,0.2893,0.19,-0.073,0.382,53.1,0.434,0.439,678,716,-0.469413,0.093575,H5N6,Avian
819,A/duck/Hunan/04.14_YYGK067-O/2015(Mixed)|EPI_ISL_200287,A/duck/Hunan/04.14_YYGK06,0.2962,0.3075,0.4326,0.2708,0.191,-0.045,0.398,52.67,0.432,0.437,678,716,-0.465503,0.093575,H5N6,Avian
820,A/duck/Hunan/04.14_YYGK0439-Z-P/2015(Mixed)|EPI_ISL_200264,A/duck/Hunan/04.14_YYGK04,0.3021,0.304,0.4338,0.2632,0.19,-0.046,0.398,52.98,0.425,0.435,668,705,-0.471773,0.092199,H5N6,Avian
821,A/duck/Hunan/04.14_YYGK451-1-O/2015(Mixed)|EPI_ISL_200285,A/duck/Hunan/04.14_YYGK45,0.2943,0.3094,0.4288,0.2756,0.194,-0.038,0.403,53.15,0.437,0.439,678,716,-0.465084,0.093575,H5N6,Avian
822,A/duck/Hunan/04.14_YYGK460-O/2015(H5N6)|EPI_ISL_199119,A/duck/Hunan/04.14_YYGK46,0.2943,0.3094,0.4269,0.2777,0.194,-0.037,0.403,53.33,0.438,0.439,678,716,-0.461732,0.093575,H5N6,Avian
823,A/duck/Hunan/04.14_YYGK464-O/2015(H5N6)|EPI_ISL_199120,A/duck/Hunan/04.14_YYGK46,0.2962,0.3075,0.4326,0.2708,0.191,-0.045,0.398,52.67,0.432,0.437,678,716,-0.465503,0.093575,H5N6,Avian
824,A/duck/Hunan/04.14_YYGK468-O/2015(H5N6)|EPI_ISL_199122,A/duck/Hunan/04.14_YYGK46,0.2962,0.3075,0.4326,0.2708,0.191,-0.045,0.398,52.67,0.432,0.437,678,716,-0.465503,0.093575,H5N6,Avian
825,A/duck/Hunan/04.14_YYGK472-O/2015(Mixed)|EPI_ISL_200288,A/duck/Hunan/04.14_YYGK47,0.2962,0.3075,0.4326,0.2708,0.191,-0.045,0.398,52.67,0.432,0.437,678,716,-0.465503,0.093575,H5N6,Avian
826,A/duck/Hunan/04.14_YYGK0878-P/2015(H5N6)|EPI_ISL_199138,A/duck/Hunan/04.14_YYGK08,0.2925,0.3113,0.4288,0.2756,0.194,-0.035,0.404,53.16,0.438,0.439,678,716,-0.465084,0.093575,H5N6,Avian
827,A/duck/Hunan/04.14_YYXS877-P/2015(H5N6)|EPI_ISL_199137,A/duck/Hunan/04.14_YYXS87,0.2925,0.3113,0.4288,0.2756,0.194,-0.035,0.404,53.16,0.438,0.439,678,716,-0.465084,0.093575,H5N6,Avian
828,A/duck/Hunan/04.22_LDDX037-P/2015(H5N6)|EPI_ISL_199038,A/duck/Hunan/04.22_LDDX03,0.3109,0.2959,0.4141,0.2884,0.185,-0.074,0.382,52.57,0.435,0.437,678,716,-0.469134,0.093575,H5N6,Avian
829,A/duck/Hunan/7.21_YYGK41Y1-C/2016|EPI_ISL_696707,A/duck/Hunan/7.21_YYGK41Y,0.2998,0.2961,0.421,0.2893,0.184,-0.063,0.387,53.42,0.437,0.44,679,716,-0.468575,0.093575,H5N6,Avian
830,A/duck/Hunan/11.30_YYGK59E3-OC/2017|EPI_ISL_707500,A/duck/Hunan/11.30_YYGK59,0.298,0.298,0.4229,0.2899,0.189,-0.051,0.394,52.74,0.438,0.438,680,716,-0.464386,0.093575,H5N6,Avian
831,A/duck/Hunan/11.30_YYGK62E3-OC/2017|EPI_ISL_707501,A/duck/Hunan/11.30_YYGK62,0.3047,0.2991,0.4084,0.2962,0.181,-0.078,0.379,52.66,0.444,0.442,678,716,-0.470391,0.093575,H5N6,Avian
832,A/duck/Hunan/11.30_YYGK63E3-OC/2017|EPI_ISL_707502,A/duck/Hunan/11.30_YYGK63,0.3047,0.2991,0.4084,0.2962,0.181,-0.078,0.379,52.66,0.444,0.442,678,716,-0.470391,0.093575,H5N6,Avian
833,A/duck/Hunan/11.30_YYGK74E3-OC/2017|EPI_ISL_707503,A/duck/Hunan/11.30_YYGK74,0.2772,0.309,0.4278,0.3004,0.194,-0.032,0.405,54.12,0.452,0.444,681,716,-0.460894,0.093575,H5N8,Avian
834,A/duck/Hunan/11.30_YYGK75E3-OC/2017|EPI_ISL_696740,A/duck/Hunan/11.30_YYGK75,0.2757,0.3099,0.4242,0.3021,0.193,-0.029,0.407,54.49,0.455,0.443,671,705,-0.455887,0.092199,H5N6,Avian
835,A/duck/Hunan/12.07__YYGK44-P/2013(Mixed)|EPI_ISL_200375,A/duck/Hunan/12.07__YYGK4,0.2906,0.3057,0.4497,0.261,0.189,-0.044,0.4,52.36,0.423,0.432,678,716,-0.491341,0.093575,H5N1,Avian
836,A/duck/Hunan/12.07__YYGK97-P/2013(H5N1)|EPI_ISL_198776,A/duck/Hunan/12.07__YYGK9,0.2825,0.3126,0.4564,0.2547,0.192,-0.043,0.399,50.41,0.424,0.434,679,716,-0.481983,0.093575,H5N1,Avian
837,A/duck/Hunan/12.07__YYGK110-P/2013(H5N6)|EPI_ISL_198766,A/duck/Hunan/12.07__YYGK1,0.3034,0.3015,0.4198,0.2836,0.186,-0.066,0.386,52.96,0.437,0.439,678,716,-0.470112,0.093575,H5N6,Avian
838,A/duck/Hunan/12.07__YYGK111-P/2013(H5N6)|EPI_ISL_198767,A/duck/Hunan/12.07__YYGK1,0.3071,0.294,0.4237,0.2836,0.183,-0.071,0.383,52.78,0.431,0.437,678,716,-0.469553,0.093575,H5N6,Avian
839,A/duck/Hunan/12.07__YYGK118-P/2013(H5N6)|EPI_ISL_198770,A/duck/Hunan/12.07__YYGK1,0.2994,0.3013,0.4326,0.2735,0.188,-0.052,0.394,53.16,0.429,0.436,678,716,-0.457961,0.093575,H5N6,Avian
840,A/duck/Hunan/12.07_YGK098-P/2013(H5N6)|EPI_ISL_198777,A/duck/Hunan/12.07_YGK098,0.3034,0.3015,0.4179,0.2857,0.187,-0.066,0.386,53.18,0.438,0.439,678,716,-0.469553,0.093575,H5N6,Avian
841,A/duck/Hunan/12.07_YYGK007-P/2013(H5N1)|EPI_ISL_198774,A/duck/Hunan/12.07_YYGK00,0.2825,0.3126,0.4564,0.2547,0.192,-0.043,0.399,50.41,0.424,0.434,679,716,-0.481983,0.093575,H5N1,Avian
842,A/duck/Hunan/12.07_YYGK032-P/2013(H5N6)|EPI_ISL_198771,A/duck/Hunan/12.07_YYGK03,0.2962,0.3057,0.4326,0.2735,0.19,-0.048,0.397,53.09,0.432,0.437,678,716,-0.468715,0.093575,H5N6,Avian
843,A/duck/Hunan/12.07_YYGK68-P/2013(H5N6)|EPI_ISL_198773,A/duck/Hunan/12.07_YYGK68,0.3,0.3019,0.4364,0.2693,0.19,-0.048,0.397,52.95,0.426,0.435,678,716,-0.468715,0.093575,H5N6,Avian
844,A/duck/Hunan/12.07_YYGK100-P/2013(H5N1)|EPI_ISL_198764,A/duck/Hunan/12.07_YYGK10,0.2895,0.3064,0.4527,0.2557,0.191,-0.036,0.404,52.39,0.421,0.433,679,716,-0.492458,0.093575,H5N1,Avian
845,A/duck/Hunan/12.07_YYGK108-P/2013(H5N6)|EPI_ISL_198765,A/duck/Hunan/12.07_YYGK10,0.3034,0.3015,0.4198,0.2836,0.186,-0.066,0.386,52.96,0.437,0.439,678,716,-0.469553,0.093575,H5N6,Avian
846,A/duck/Hunan/12.07_YYGK113-P/2013(H5N6)|EPI_ISL_198769,A/duck/Hunan/12.07_YYGK11,0.3052,0.2959,0.4237,0.2836,0.184,-0.068,0.385,52.8,0.432,0.438,678,716,-0.469553,0.093575,H5N6,Avian
847,A/duck/Hunan/12.17__YYFQH0046-1-O/2014(Mixed)|EPI_ISL_200265,A/duck/Hunan/12.17__YYFQH,0.3071,0.2959,0.419,0.2851,0.185,-0.071,0.383,52.68,0.434,0.438,678,716,-0.460615,0.093575,H5N6,Avian
848,A/duck/Hunan/12.17__YYFQH0072-O/2014(Mixed)|EPI_ISL_200268,A/duck/Hunan/12.17__YYFQH,0.309,0.294,0.419,0.2851,0.186,-0.071,0.383,52.64,0.432,0.437,678,716,-0.460615,0.093575,H5N6,Avian
849,A/duck/Hunan/12.17__YYGK0066-P/2014(H5N6)|EPI_ISL_198911,A/duck/Hunan/12.17__YYGK0,0.2943,0.3094,0.4307,0.2735,0.192,-0.035,0.404,53.08,0.435,0.438,678,716,-0.465084,0.093575,H5N6,Avian
850,A/duck/Hunan/12.17_YYGK014/2014(H5N6)|EPI_ISL_198833,A/duck/Hunan/12.17_YYGK01,0.3057,0.3,0.4326,0.2687,0.188,-0.056,0.392,52.9,0.425,0.435,678,716,-0.465503,0.093575,H5N6,Avian
851,A/duck/Hunan/12.17_YYGK040/2014(H5N6)|EPI_ISL_198857,A/duck/Hunan/12.17_YYGK04,0.3057,0.3,0.4326,0.2687,0.188,-0.055,0.392,52.9,0.425,0.434,678,716,-0.471229,0.093575,H5N6,Avian
852,A/duck/Hunan/12.17_YYGK056/2014(H5N6)|EPI_ISL_198862,A/duck/Hunan/12.17_YYGK05,0.3058,0.2983,0.4278,0.2741,0.185,-0.066,0.386,52.15,0.428,0.436,678,716,-0.465782,0.093575,H5N6,Avian
853,A/duck/Hunan/12.17_YYGK0056/2014(H5N6)|EPI_ISL_198909,A/duck/Hunan/12.17_YYGK00,0.3019,0.3,0.4307,0.2762,0.192,-0.046,0.398,52.84,0.429,0.436,678,716,-0.464665,0.093575,H5N6,Avian
854,A/duck/Hunan/12.17_YYGK0057/2014(H5N6)|EPI_ISL_198863,A/duck/Hunan/12.17_YYGK00,0.3057,0.3,0.4326,0.2687,0.188,-0.056,0.392,52.9,0.425,0.435,678,716,-0.465503,0.093575,H5N6,Avian
855,A/duck/Hunan/12.17_YYGK0063-O/2014(H5N6)|EPI_ISL_198908,A/duck/Hunan/12.17_YYGK00,0.3071,0.2959,0.419,0.2851,0.185,-0.071,0.383,52.68,0.434,0.438,678,716,-0.460615,0.093575,H5N6,Avian
856,A/duck/Hunan/12.17_YYGK079-1/2014(H5N6)|EPI_ISL_198873,A/duck/Hunan/12.17_YYGK07,0.3038,0.3019,0.4326,0.2682,0.189,-0.054,0.394,52.98,0.426,0.436,678,716,-0.472765,0.093575,H5N6,Avian
857,A/duck/Hunan/12.17_YYGK082/2014(H5N6)|EPI_ISL_198876,A/duck/Hunan/12.17_YYGK08,0.3058,0.2983,0.4286,0.2746,0.186,-0.063,0.388,52.07,0.428,0.436,678,716,-0.460754,0.094972,H5N6,Avian
858,A/duck/Hunan/12.27_YYGK60J2-C/2016|EPI_ISL_707506,A/duck/Hunan/12.27_YYGK60,0.3028,0.3047,0.4207,0.28,0.188,-0.047,0.397,53.49,0.437,0.438,678,716,-0.463827,0.093575,H5N6,Avian
859,A/duck/Hunan/12.27_YYGK71J2-O/2016|EPI_ISL_707507,A/duck/Hunan/12.27_YYGK71,0.3021,0.2983,0.4259,0.2803,0.185,-0.068,0.385,52.85,0.432,0.438,678,716,-0.465224,0.093575,H5N6,Avian
860,A/duck/Hunan/12.27_YYGK73J2-O/2016|EPI_ISL_707508,A/duck/Hunan/12.27_YYGK73,0.3028,0.3028,0.4226,0.28,0.189,-0.047,0.397,53.34,0.435,0.438,678,716,-0.463827,0.093575,H5N6,Avian
861,A/duck/Hunan/12.27_YYGK81J2-O/2016|EPI_ISL_707510,A/duck/Hunan/12.27_YYGK81,0.3021,0.2983,0.4259,0.2803,0.185,-0.068,0.385,52.85,0.432,0.438,678,716,-0.465224,0.093575,H5N6,Avian
862,A/duck/Hunan/12.27_YYGK86J2-C/2016|EPI_ISL_707512,A/duck/Hunan/12.27_YYGK86,0.3028,0.3047,0.4207,0.28,0.188,-0.047,0.397,53.49,0.437,0.438,678,716,-0.463827,0.093575,H5N6,Avian
863,A/duck/Hunan/12.27_YYGK89J2-O/2016|EPI_ISL_707515,A/duck/Hunan/12.27_YYGK89,0.3021,0.2983,0.4259,0.2803,0.185,-0.068,0.385,52.85,0.432,0.438,678,716,-0.465224,0.093575,H5N6,Avian
864,A/duck/Hunan/12.27_YYGK91J2-O/2016|EPI_ISL_707516,A/duck/Hunan/12.27_YYGK91,0.3021,0.2983,0.4259,0.2803,0.185,-0.068,0.385,52.85,0.432,0.438,678,716,-0.465224,0.093575,H5N6,Avian
865,A/duck/Hunan/12.27_YYGK93J2-O/2016|EPI_ISL_707517,A/duck/Hunan/12.27_YYGK93,0.3021,0.2983,0.4259,0.2803,0.185,-0.068,0.385,52.85,0.432,0.438,678,716,-0.465224,0.093575,H5N6,Avian
866,A/duck/Hunan/12.27_YYGK95J2-O/2016|EPI_ISL_707519,A/duck/Hunan/12.27_YYGK95,0.3021,0.2964,0.4278,0.2803,0.184,-0.071,0.383,52.87,0.431,0.438,678,716,-0.465224,0.093575,H5N6,Avian
867,A/duck/Hunan/12.27_YYGK96J2-O/2016|EPI_ISL_707520,A/duck/Hunan/12.27_YYGK96,0.3002,0.3002,0.4259,0.2803,0.186,-0.066,0.386,52.89,0.434,0.439,678,716,-0.465224,0.093575,H5N6,Avian
868,A/duck/Hunan/12.27_YYGK97J2-O/2016|EPI_ISL_707521,A/duck/Hunan/12.27_YYGK97,0.3021,0.2983,0.4259,0.2803,0.185,-0.068,0.385,52.85,0.432,0.438,678,716,-0.465224,0.093575,H5N6,Avian
869,A/duck/Hunan/12.27_YYGK100J2-C/2016|EPI_ISL_707504,A/duck/Hunan/12.27_YYGK10,0.3021,0.2983,0.4259,0.2803,0.185,-0.068,0.385,52.85,0.432,0.438,678,716,-0.465224,0.093575,H5N6,Avian
870,A/duck/Hunan/193/2014|EPI_ISL_255492,A/duck/Hunan/193/2014|EPI,0.3015,0.3015,0.419,0.2851,0.186,-0.063,0.388,53.27,0.438,0.44,678,716,-0.465224,0.093575,H5N6,Avian
871,A/duck/Hunan/233/2014|EPI_ISL_255493,A/duck/Hunan/233/2014|EPI,0.3096,0.2908,0.4307,0.2735,0.184,-0.07,0.383,52.24,0.422,0.434,678,716,-0.464386,0.092179,H5N6,Avian
872,A/duck/Hunan/316/2005|EPI_ISL_181276,A/duck/Hunan/316/2005|EPI,0.2949,0.3043,0.4332,0.2794,0.194,-0.042,0.4,53.3,0.434,0.437,677,716,-0.47905,0.092179,H5N1,Avian
873,A/duck/Hunan/689/2006|EPI_ISL_29174,A/duck/Hunan/689/2006|EPI,0.2911,0.3081,0.4381,0.2758,0.191,-0.042,0.4,52.93,0.434,0.436,678,716,-0.481704,0.093575,H5N1,Avian
874,A/duck/Hunan/3315/2006|EPI_ISL_29188,A/duck/Hunan/3315/2006|EP,0.286,0.3125,0.4362,0.2794,0.195,-0.036,0.404,52.81,0.44,0.437,678,716,-0.49148,0.093575,H5N1,Avian
875,A/duck/Hunan/HN05/2014|EPI_ISL_255509,A/duck/Hunan/HN05/2014|EP,0.3015,0.3015,0.4245,0.28,0.184,-0.064,0.387,52.68,0.434,0.439,677,716,-0.46676,0.093575,H5N6,Avian
876,A/duck/Hunan/HN13/2015|EPI_ISL_255529,A/duck/Hunan/HN13/2015|EP,0.3058,0.2964,0.421,0.2851,0.184,-0.066,0.386,52.88,0.434,0.438,678,716,-0.469693,0.093575,H5N6,Avian
877,A/duck/Hunan/HN16/2015|EPI_ISL_255530,A/duck/Hunan/HN16/2015|EP,0.3058,0.2964,0.424,0.2803,0.184,-0.063,0.388,52.52,0.431,0.437,678,716,-0.465782,0.093575,H5N6,Avian
878,A/duck/Hunan/HN29/2015|EPI_ISL_255755,A/duck/Hunan/HN29/2015|EP,0.3039,0.2983,0.419,0.2872,0.185,-0.068,0.385,53.17,0.437,0.439,678,716,-0.469553,0.093575,H5N6,Avian
879,A/duck/Hunan/HN42/2015|EPI_ISL_255764,A/duck/Hunan/HN42/2015|EP,0.3077,0.2964,0.4286,0.2746,0.186,-0.063,0.388,52.32,0.426,0.436,678,716,-0.464246,0.092179,H5N6,Avian
880,A/duck/Hunan/HN45/2015|EPI_ISL_255765,A/duck/Hunan/HN45/2015|EP,0.3034,0.2996,0.4198,0.2857,0.185,-0.066,0.386,53.16,0.437,0.439,678,716,-0.469553,0.093575,H5N6,Avian
881,A/duck/Hunan/HN53/2015|EPI_ISL_255766,A/duck/Hunan/HN53/2015|EP,0.3034,0.2996,0.4179,0.2878,0.185,-0.068,0.385,53.19,0.438,0.439,678,716,-0.469553,0.093575,H5N6,Avian
882,A/duck/Hunan/HN54/2015|EPI_ISL_255768,A/duck/Hunan/HN54/2015|EP,0.3034,0.2996,0.4198,0.2857,0.185,-0.066,0.386,53.16,0.437,0.439,678,716,-0.469553,0.093575,H5N6,Avian
883,A/duck/Hunan/HN59/2015|EPI_ISL_255769,A/duck/Hunan/HN59/2015|EP,0.3034,0.2996,0.4198,0.2857,0.185,-0.066,0.386,53.16,0.437,0.439,678,716,-0.469553,0.093575,H5N6,Avian
884,A/duck/Hunan/HN60/2015|EPI_ISL_255770,A/duck/Hunan/HN60/2015|EP,0.3034,0.2996,0.4198,0.2857,0.185,-0.066,0.386,53.16,0.437,0.439,678,716,-0.469553,0.093575,H5N6,Avian
885,A/duck/Hunan/HN61/2015|EPI_ISL_255771,A/duck/Hunan/HN61/2015|EP,0.3034,0.2996,0.4198,0.2857,0.185,-0.066,0.386,53.16,0.437,0.439,678,716,-0.469553,0.093575,H5N6,Avian
886,A/duck/Hunan/HN64/2015|EPI_ISL_255772,A/duck/Hunan/HN64/2015|EP,0.3034,0.2996,0.4198,0.2857,0.185,-0.066,0.386,53.16,0.437,0.439,678,716,-0.469553,0.093575,H5N6,Avian
887,A/duck/Hunan/HN66/2015|EPI_ISL_255773,A/duck/Hunan/HN66/2015|EP,0.3034,0.2996,0.4198,0.2857,0.185,-0.066,0.386,53.16,0.437,0.439,678,716,-0.469553,0.093575,H5N6,Avian
888,A/duck/Hunan/HN67/2015|EPI_ISL_255774,A/duck/Hunan/HN67/2015|EP,0.3034,0.2996,0.4179,0.2878,0.185,-0.068,0.385,53.19,0.438,0.439,678,716,-0.469553,0.093575,H5N6,Avian
889,A/duck/Hunan/HN71/2015|EPI_ISL_255775,A/duck/Hunan/HN71/2015|EP,0.3077,0.2964,0.4286,0.2746,0.185,-0.063,0.388,52.02,0.426,0.435,678,716,-0.469553,0.093575,H5N6,Avian
890,A/duck/Hunan/HN72/2015|EPI_ISL_255816,A/duck/Hunan/HN72/2015|EP,0.3058,0.2964,0.424,0.2803,0.185,-0.061,0.389,52.64,0.431,0.437,678,716,-0.465782,0.093575,H5N6,Avian
891,A/duck/Hunan/HN74/2015|EPI_ISL_255817,A/duck/Hunan/HN74/2015|EP,0.3058,0.2964,0.4286,0.2767,0.185,-0.063,0.388,52.12,0.428,0.436,678,716,-0.469553,0.093575,H5N6,Avian
892,A/duck/Hunan/HN76/2015|EPI_ISL_255818,A/duck/Hunan/HN76/2015|EP,0.3058,0.2964,0.424,0.2803,0.185,-0.061,0.389,52.64,0.431,0.437,678,716,-0.465782,0.093575,H5N6,Avian
893,A/duck/Hunan/HN78/2015|EPI_ISL_255819,A/duck/Hunan/HN78/2015|EP,0.3034,0.2996,0.4198,0.2857,0.185,-0.066,0.386,53.18,0.437,0.439,678,716,-0.469553,0.093575,H5N6,Avian
894,A/duck/Hunan/HN80/2015|EPI_ISL_255820,A/duck/Hunan/HN80/2015|EP,0.3077,0.2964,0.4275,0.2773,0.185,-0.066,0.386,52.01,0.428,0.435,678,716,-0.473883,0.093575,H5N6,Avian
895,A/duck/Hunan/HN162/2015|EPI_ISL_255534,A/duck/Hunan/HN162/2015|E,0.3052,0.2996,0.4103,0.2935,0.185,-0.076,0.381,53.04,0.442,0.44,678,716,-0.473324,0.093575,H5N6,Avian
896,A/duck/Hunan/HN163/2015|EPI_ISL_255559,A/duck/Hunan/HN163/2015|E,0.3096,0.2964,0.416,0.2878,0.188,-0.069,0.385,53.27,0.435,0.437,678,716,-0.468715,0.093575,H5N6,Avian
897,A/duck/Hunan/HN167/2015|EPI_ISL_255561,A/duck/Hunan/HN167/2015|E,0.3052,0.2996,0.4122,0.2914,0.186,-0.074,0.382,53.03,0.441,0.44,678,716,-0.473324,0.093575,H5N6,Avian
898,A/duck/Hunan/HN171/2015|EPI_ISL_255562,A/duck/Hunan/HN171/2015|E,0.3047,0.2991,0.4095,0.295,0.185,-0.078,0.38,53.16,0.443,0.441,679,716,-0.476955,0.093575,H5N6,Avian
899,A/duck/Hunan/HN172/2015|EPI_ISL_255563,A/duck/Hunan/HN172/2015|E,0.3052,0.2996,0.4103,0.2935,0.185,-0.076,0.381,53.04,0.442,0.44,678,716,-0.473324,0.093575,H5N6,Avian
900,A/duck/Hunan/HN174/2015|EPI_ISL_255564,A/duck/Hunan/HN174/2015|E,0.3052,0.2996,0.4103,0.2935,0.185,-0.076,0.381,52.96,0.442,0.44,678,716,-0.465782,0.093575,H5N6,Avian
901,A/duck/Hunan/HN176/2015|EPI_ISL_255587,A/duck/Hunan/HN176/2015|E,0.3052,0.2996,0.4103,0.2935,0.186,-0.077,0.381,52.78,0.442,0.44,678,716,-0.467598,0.093575,H5N6,Avian
902,A/duck/Hunan/HN177/2015|EPI_ISL_255592,A/duck/Hunan/HN177/2015|E,0.3052,0.2996,0.4103,0.2935,0.185,-0.076,0.381,53.04,0.442,0.44,678,716,-0.473324,0.093575,H5N6,Avian
903,A/duck/Hunan/HN178/2015|EPI_ISL_255597,A/duck/Hunan/HN178/2015|E,0.3052,0.2996,0.4103,0.2935,0.185,-0.076,0.381,53.04,0.442,0.44,678,716,-0.473324,0.093575,H5N6,Avian
904,A/duck/Hunan/HN182/2015|EPI_ISL_255599,A/duck/Hunan/HN182/2015|E,0.3052,0.2996,0.4103,0.2935,0.185,-0.076,0.381,53.04,0.442,0.44,678,716,-0.473324,0.093575,H5N6,Avian
905,A/duck/Hunan/HN183/2015|EPI_ISL_255600,A/duck/Hunan/HN183/2015|E,0.3052,0.2996,0.4122,0.2914,0.187,-0.066,0.386,53.02,0.441,0.44,678,716,-0.476816,0.093575,H5N6,Avian
906,A/duck/Hunan/HN186/2015|EPI_ISL_255603,A/duck/Hunan/HN186/2015|E,0.3052,0.2996,0.4122,0.2914,0.186,-0.074,0.382,53.04,0.441,0.44,678,716,-0.473324,0.093575,H5N6,Avian
907,A/duck/Hunan/HN190/2015|EPI_ISL_255605,A/duck/Hunan/HN190/2015|E,0.3052,0.2996,0.4103,0.2935,0.185,-0.076,0.381,53.04,0.442,0.44,678,716,-0.473324,0.093575,H5N6,Avian
908,A/duck/Hunan/HN191/2015|EPI_ISL_255607,A/duck/Hunan/HN191/2015|E,0.3015,0.3015,0.4084,0.2977,0.184,-0.079,0.379,52.96,0.447,0.442,678,716,-0.473324,0.093575,H5N6,Avian
909,A/duck/Hunan/HN192/2015|EPI_ISL_255609,A/duck/Hunan/HN192/2015|E,0.3052,0.2996,0.4103,0.2935,0.185,-0.076,0.381,53.04,0.442,0.44,678,716,-0.473324,0.093575,H5N6,Avian
910,A/duck/Hunan/HN194/2015|EPI_ISL_255610,A/duck/Hunan/HN194/2015|E,0.3052,0.2996,0.4103,0.2935,0.185,-0.076,0.381,53.04,0.442,0.44,678,716,-0.473324,0.093575,H5N6,Avian
911,A/duck/Hunan/HN195/2015|EPI_ISL_255612,A/duck/Hunan/HN195/2015|E,0.3052,0.2996,0.4103,0.2935,0.185,-0.076,0.381,53.04,0.442,0.44,678,716,-0.473324,0.093575,H5N6,Avian
912,A/duck/Hunan/HN197/2015|EPI_ISL_255613,A/duck/Hunan/HN197/2015|E,0.3052,0.2996,0.4103,0.2935,0.186,-0.076,0.381,53.2,0.442,0.441,678,716,-0.473324,0.093575,H5N6,Avian
913,A/duck/Hunan/HN201/2015|EPI_ISL_255614,A/duck/Hunan/HN201/2015|E,0.3096,0.2964,0.416,0.2878,0.188,-0.069,0.385,53.27,0.435,0.437,678,716,-0.468715,0.093575,H5N6,Avian
914,A/duck/Hunan/HN204/2015|EPI_ISL_255615,A/duck/Hunan/HN204/2015|E,0.3052,0.2996,0.4103,0.2935,0.185,-0.076,0.381,53.04,0.442,0.44,678,716,-0.473324,0.093575,H5N6,Avian
915,A/duck/Hunan/HN205/2015|EPI_ISL_255616,A/duck/Hunan/HN205/2015|E,0.3052,0.2996,0.4103,0.2935,0.185,-0.076,0.381,53.04,0.442,0.44,678,716,-0.473324,0.093575,H5N6,Avian
916,A/duck/Hunan/HN206/2015|EPI_ISL_255617,A/duck/Hunan/HN206/2015|E,0.3052,0.2996,0.4084,0.2956,0.186,-0.076,0.381,53,0.444,0.441,678,716,-0.473324,0.093575,H5N6,Avian
917,A/duck/Hunan/HN207/2015|EPI_ISL_255618,A/duck/Hunan/HN207/2015|E,0.3052,0.2996,0.4103,0.2935,0.186,-0.076,0.381,53.2,0.442,0.441,678,716,-0.473324,0.093575,H5N6,Avian
918,A/duck/Hunan/HN208/2015|EPI_ISL_255619,A/duck/Hunan/HN208/2015|E,0.3052,0.2996,0.4103,0.2935,0.185,-0.076,0.381,53.05,0.442,0.441,678,716,-0.473324,0.093575,H5N6,Avian
919,A/duck/Hunan/HN209/2015|EPI_ISL_255620,A/duck/Hunan/HN209/2015|E,0.3071,0.2978,0.4103,0.2935,0.186,-0.074,0.382,53.03,0.441,0.44,678,716,-0.473324,0.093575,H5N6,Avian
920,A/duck/Hunan/HN210/2015|EPI_ISL_255621,A/duck/Hunan/HN210/2015|E,0.3052,0.2996,0.4103,0.2935,0.185,-0.076,0.381,53.04,0.442,0.44,678,716,-0.473324,0.093575,H5N6,Avian
921,A/duck/Hunan/HN212/2015|EPI_ISL_255624,A/duck/Hunan/HN212/2015|E,0.3052,0.2996,0.4103,0.2935,0.185,-0.076,0.381,53.04,0.442,0.44,678,716,-0.473324,0.093575,H5N6,Avian
922,A/duck/Hunan/HN214/2015|EPI_ISL_255689,A/duck/Hunan/HN214/2015|E,0.3009,0.3028,0.4256,0.2779,0.182,-0.073,0.382,52.25,0.434,0.437,678,716,-0.473464,0.093575,H5N6,Avian
923,A/duck/Hunan/HN215/2015|EPI_ISL_255691,A/duck/Hunan/HN215/2015|E,0.3058,0.3002,0.4076,0.2956,0.186,-0.076,0.381,53.15,0.444,0.44,678,716,-0.475279,0.092179,H5N6,Avian
924,A/duck/Hunan/HN216/2015|EPI_ISL_255692,A/duck/Hunan/HN216/2015|E,0.3052,0.2996,0.4122,0.2914,0.185,-0.076,0.381,53.04,0.441,0.44,678,716,-0.473324,0.093575,H5N6,Avian
925,A/duck/Hunan/HN217/2015|EPI_ISL_255694,A/duck/Hunan/HN217/2015|E,0.3052,0.2996,0.4103,0.2935,0.185,-0.076,0.381,53.04,0.442,0.44,678,716,-0.473324,0.093575,H5N6,Avian
926,A/duck/Hunan/HN220/2015|EPI_ISL_255695,A/duck/Hunan/HN220/2015|E,0.3052,0.2996,0.4122,0.2914,0.186,-0.074,0.382,53.03,0.441,0.44,678,716,-0.473324,0.093575,H5N6,Avian
927,A/duck/Hunan/HN221/2015|EPI_ISL_255698,A/duck/Hunan/HN221/2015|E,0.3052,0.2996,0.4122,0.2914,0.184,-0.079,0.379,53.03,0.441,0.44,678,716,-0.473324,0.093575,H5N6,Avian
928,A/duck/Hunan/HN224/2015|EPI_ISL_255699,A/duck/Hunan/HN224/2015|E,0.3052,0.2996,0.4103,0.2935,0.185,-0.076,0.381,53.04,0.442,0.44,678,716,-0.473324,0.093575,H5N6,Avian
929,A/duck/Hunan/HN227/2015|EPI_ISL_255701,A/duck/Hunan/HN227/2015|E,0.3052,0.2996,0.4103,0.2935,0.185,-0.076,0.381,53.04,0.442,0.44,678,716,-0.473324,0.093575,H5N6,Avian
930,A/duck/Hunan/HN230/2015|EPI_ISL_255702,A/duck/Hunan/HN230/2015|E,0.3052,0.2996,0.4103,0.2935,0.185,-0.076,0.381,53.04,0.442,0.44,678,716,-0.473324,0.093575,H5N6,Avian
931,A/duck/Hunan/HN232/2015|EPI_ISL_255890,A/duck/Hunan/HN232/2015|E,0.2795,0.3096,0.4321,0.2869,0.195,-0.026,0.41,53.35,0.445,0.44,681,716,-0.460475,0.093575,H5N6,Avian
932,A/duck/Hunan/HN234/2015|EPI_ISL_255703,A/duck/Hunan/HN234/2015|E,0.2991,0.3047,0.4256,0.2779,0.183,-0.071,0.383,52.25,0.435,0.437,678,716,-0.473464,0.093575,H5N6,Avian
933,A/duck/Hunan/HN236/2015|EPI_ISL_255738,A/duck/Hunan/HN236/2015|E,0.2996,0.3052,0.4256,0.2779,0.183,-0.068,0.385,52.33,0.435,0.437,678,716,-0.477933,0.093575,H5N6,Avian
934,A/duck/Hunan/HN238/2015|EPI_ISL_255741,A/duck/Hunan/HN238/2015|E,0.2991,0.3047,0.4256,0.2779,0.183,-0.071,0.383,52.25,0.435,0.437,678,716,-0.473464,0.093575,H5N6,Avian
935,A/duck/Hunan/HN239/2015|EPI_ISL_255742,A/duck/Hunan/HN239/2015|E,0.3096,0.2964,0.416,0.2878,0.188,-0.069,0.385,53.27,0.435,0.437,678,716,-0.468715,0.093575,H5N6,Avian
936,A/duck/Hunan/HN240/2015|EPI_ISL_255743,A/duck/Hunan/HN240/2015|E,0.2795,0.3096,0.4321,0.2869,0.195,-0.026,0.41,53.35,0.445,0.44,681,716,-0.460475,0.093575,H5N6,Avian
937,A/duck/Hunan/HN241/2015|EPI_ISL_255744,A/duck/Hunan/HN241/2015|E,0.3034,0.2996,0.4218,0.2836,0.184,-0.073,0.382,52.83,0.435,0.438,678,716,-0.466201,0.093575,H5N6,Avian
938,A/duck/Hunan/HN242/2015|EPI_ISL_255746,A/duck/Hunan/HN242/2015|E,0.2991,0.3047,0.4248,0.2773,0.183,-0.068,0.385,52.36,0.435,0.438,678,716,-0.469134,0.093575,H5N6,Avian
939,A/duck/Hunan/HN278/2015|EPI_ISL_255751,A/duck/Hunan/HN278/2015|E,0.3064,0.2951,0.424,0.2845,0.188,-0.072,0.383,52.44,0.432,0.436,679,716,-0.470531,0.093575,H5N6,Avian
940,A/duck/Hunan/HN285/2015|EPI_ISL_255752,A/duck/Hunan/HN285/2015|E,0.3039,0.2964,0.4194,0.2908,0.184,-0.075,0.381,52.45,0.437,0.438,680,716,-0.4669,0.093575,H5N6,Avian
941,A/duck/Hunan/HN288/2015|EPI_ISL_255754,A/duck/Hunan/HN288/2015|E,0.3083,0.2932,0.4221,0.2866,0.187,-0.077,0.38,52.51,0.432,0.436,679,716,-0.470531,0.093575,H5N6,Avian
942,A/duck/Hunan/HN333/2015|EPI_ISL_255756,A/duck/Hunan/HN333/2015|E,0.3065,0.2953,0.416,0.2899,0.185,-0.073,0.382,52.87,0.437,0.439,678,716,-0.465782,0.093575,H5N6,Avian
943,A/duck/Hunan/HN334/2015|EPI_ISL_255757,A/duck/Hunan/HN334/2015|E,0.3065,0.2953,0.4179,0.2878,0.185,-0.071,0.383,52.86,0.435,0.438,678,716,-0.465782,0.093575,H5N6,Avian
944,A/duck/Hunan/HN335/2015|EPI_ISL_255758,A/duck/Hunan/HN335/2015|E,0.3084,0.2916,0.4256,0.2815,0.187,-0.073,0.382,52.91,0.428,0.436,678,716,-0.465782,0.093575,H5N6,Avian
945,A/duck/Hunan/HN336/2015|EPI_ISL_255759,A/duck/Hunan/HN336/2015|E,0.3065,0.2953,0.416,0.2899,0.185,-0.073,0.382,52.87,0.437,0.439,678,716,-0.465782,0.093575,H5N6,Avian
946,A/duck/Hunan/HN339/2015|EPI_ISL_255760,A/duck/Hunan/HN339/2015|E,0.3065,0.2916,0.4171,0.2914,0.182,-0.075,0.381,52.93,0.435,0.438,678,716,-0.473045,0.092179,H5N6,Avian
947,A/duck/Hunan/HN341/2015|EPI_ISL_255761,A/duck/Hunan/HN341/2015|E,0.3084,0.2935,0.416,0.2899,0.184,-0.076,0.381,52.77,0.435,0.438,678,716,-0.465782,0.093575,H5N6,Avian
948,A/duck/Hunan/HN342/2015|EPI_ISL_255762,A/duck/Hunan/HN342/2015|E,0.3065,0.2953,0.4179,0.2878,0.185,-0.073,0.382,53.06,0.435,0.438,678,716,-0.465782,0.093575,H5N6,Avian
949,A/duck/Hunan/HN343/2015|EPI_ISL_255763,A/duck/Hunan/HN343/2015|E,0.3065,0.2953,0.416,0.2899,0.185,-0.073,0.382,52.87,0.437,0.439,678,716,-0.465782,0.093575,H5N6,Avian
950,A/duck/Hunan/S4020/2008|EPI_ISL_206101,A/duck/Hunan/S4020/2008|E,0.2943,0.3057,0.4489,0.2594,0.193,-0.044,0.399,51.51,0.421,0.432,679,716,-0.477514,0.092179,H5N1,Avian
951,A/duck/Hunan/S4030/2011|EPI_ISL_143941,A/duck/Hunan/S4030/2011|E,0.2876,0.3064,0.4537,0.2542,0.188,-0.042,0.4,51.5,0.42,0.434,678,716,-0.480028,0.092179,H5N1,Avian
952,A/duck/Hunan/S4101/2011|EPI_ISL_143942,A/duck/Hunan/S4101/2011|E,0.3157,0.2949,0.4167,0.2833,0.199,-0.028,0.408,53.34,0.43,0.436,679,716,-0.465503,0.093575,H5N2,Avian
953,A/duck/Hunan/S4120/2011|EPI_ISL_143944,A/duck/Hunan/S4120/2011|E,0.3157,0.2949,0.4156,0.286,0.199,-0.029,0.408,53.58,0.432,0.436,679,716,-0.4669,0.094972,H5N2,Avian
954,A/duck/Hunan/S4150/2011|EPI_ISL_143947,A/duck/Hunan/S4150/2011|E,0.2787,0.3126,0.4326,0.286,0.197,-0.019,0.414,52.92,0.446,0.442,679,716,-0.467318,0.093575,H5N1,Avian
955,A/duck/Hunan/S4220/2011|EPI_ISL_143948,A/duck/Hunan/S4220/2011|E,0.297,0.3045,0.4449,0.2594,0.191,-0.043,0.4,51.82,0.422,0.434,678,716,-0.469553,0.093575,H5N1,Avian
956,A/duck/Hunan/S40199/2021(H5N6)|EPI_ISL_11208196,A/duck/Hunan/S40199/2021(,0.2964,0.3021,0.4221,0.2881,0.188,-0.056,0.392,53.2,0.44,0.442,679,716,-0.486732,0.093575,H5N6,Avian
957,A/duck/Hunan/S40268/2021(H5N6)|EPI_ISL_11208197,A/duck/Hunan/S40268/2021(,0.2838,0.3162,0.4072,0.3063,0.196,-0.03,0.408,54.3,0.462,0.447,677,716,-0.472207,0.093575,H5N6,Avian
958,A/duck/Jiangsu/m234/2012|EPI_ISL_130380,A/duck/Jiangsu/m234/2012|,0.3239,0.2844,0.4349,0.2668,0.193,-0.064,0.388,52.46,0.411,0.429,677,716,-0.487151,0.094972,H5N2,Avian
959,A/duck/Jiangsu/S4439/2017(H5N1)|EPI_ISL_18513230,A/duck/Jiangsu/S4439/2017,0.2925,0.2981,0.4668,0.249,0.186,-0.05,0.395,51.98,0.409,0.429,678,716,-0.482682,0.093575,H5N1,Avian
960,A/duck/Jiangsu/SE1128/2018(H5N1)|EPI_ISL_18513231,A/duck/Jiangsu/SE1128/201,0.2919,0.2994,0.4563,0.26,0.185,-0.055,0.392,51.47,0.417,0.432,678,716,-0.482682,0.093575,H5N1,Avian
961,A/duck/Jiangxi/01.11_NCNP101G2-OC/2017|EPI_ISL_707533,A/duck/Jiangxi/01.11_NCNP,0.3021,0.3039,0.4015,0.3025,0.186,-0.062,0.388,52.77,0.452,0.444,677,716,-0.473184,0.093575,H5N6,Avian
962,A/duck/Jiangxi/01.14_NCJD034-P/2015(Mixed)|EPI_ISL_200238,A/duck/Jiangxi/01.14_NCJD,0.2696,0.3365,0.4472,0.2527,0.206,0.014,0.432,52.13,0.441,0.442,669,705,-0.472482,0.092199,H5N6,Avian
963,A/duck/Jiangxi/01.14_NCJD054-P/2015(H5N6)|EPI_ISL_199337,A/duck/Jiangxi/01.14_NCJD,0.3109,0.2921,0.4218,0.2836,0.186,-0.068,0.385,52.98,0.429,0.437,678,716,-0.469553,0.093575,H5N6,Avian
964,A/duck/Jiangxi/01.14_NCJD064-P/2015(Mixed)|EPI_ISL_199340,A/duck/Jiangxi/01.14_NCJD,0.309,0.294,0.4198,0.2857,0.187,-0.068,0.385,53.09,0.432,0.438,678,716,-0.469553,0.093575,H5N6,Avian
965,A/duck/Jiangxi/02.05_YGYXG038-P/2015(H5N6)|EPI_ISL_199402,A/duck/Jiangxi/02.05_YGYX,0.3109,0.2921,0.4218,0.2836,0.186,-0.068,0.385,52.98,0.429,0.437,678,716,-0.469553,0.093575,H5N6,Avian
966,A/duck/Jiangxi/02.06_NCJD036-P/2015(H5N6)|EPI_ISL_199399,A/duck/Jiangxi/02.06_NCJD,0.3109,0.2921,0.4237,0.2815,0.186,-0.068,0.385,53.02,0.428,0.437,678,716,-0.469553,0.093575,H5N6,Avian
967,A/duck/Jiangxi/02.06_NCJD039-P/2015(H5N6)|EPI_ISL_199398,A/duck/Jiangxi/02.06_NCJD,0.3052,0.2978,0.4264,0.2794,0.188,-0.055,0.392,52.61,0.431,0.437,678,716,-0.464944,0.094972,H5N6,Avian
968,A/duck/Jiangxi/2.28_NCNP25K3-OC/2018|EPI_ISL_707555,A/duck/Jiangxi/2.28_NCNP2,0.3022,0.3004,0.4057,0.2998,0.181,-0.076,0.38,52.69,0.448,0.443,679,716,-0.467737,0.093575,H5N6,Avian
969,A/duck/Jiangxi/2.28NCNP23K3-OC/2018|EPI_ISL_707554,A/duck/Jiangxi/2.28NCNP23,0.3022,0.3004,0.4057,0.2998,0.181,-0.076,0.38,52.69,0.448,0.443,679,716,-0.467737,0.093575,H5N6,Avian
970,A/duck/Jiangxi/03.11_NCHJX-15-06/2015(Mixed)|EPI_ISL_201371,A/duck/Jiangxi/03.11_NCHJ,0.3109,0.294,0.4141,0.2899,0.186,-0.073,0.382,53.36,0.435,0.439,678,716,-0.469553,0.093575,H5N6,Avian
971,A/duck/Jiangxi/04.01__NCDZT0312-O/2015(H5N6)|EPI_ISL_198937,A/duck/Jiangxi/04.01__NCD,0.2726,0.3308,0.4297,0.2782,0.213,0.029,0.44,52.61,0.454,0.446,680,716,-0.488547,0.092179,H5N6,Avian
972,A/duck/Jiangxi/04.01__NCDZT0334-P/2015(H5N6)|EPI_ISL_198939,A/duck/Jiangxi/04.01__NCD,0.2726,0.3308,0.4297,0.2782,0.213,0.029,0.44,52.61,0.454,0.446,680,716,-0.488547,0.092179,H5N6,Avian
973,A/duck/Jiangxi/04.01_NCDZT0304-O/2015(Mixed)|EPI_ISL_200272,A/duck/Jiangxi/04.01_NCDZ,0.2792,0.3264,0.4335,0.2725,0.201,-0.011,0.418,52.3,0.446,0.441,679,716,-0.471927,0.093575,H5N6,Avian
974,A/duck/Jiangxi/05.07__NCJD0067A-P/2015(H5N6)|EPI_ISL_198991,A/duck/Jiangxi/05.07__NCJ,0.2715,0.3308,0.4308,0.2748,0.21,0.033,0.442,53.02,0.453,0.446,669,705,-0.495461,0.089362,H5N6,Avian
975,A/duck/Jiangxi/5.26_NCDZT80Q2-OC/2017|EPI_ISL_707570,A/duck/Jiangxi/5.26_NCDZT,0.3015,0.3052,0.4092,0.2947,0.185,-0.066,0.386,52.55,0.447,0.441,678,716,-0.473324,0.093575,H5N6,Avian
976,A/duck/Jiangxi/11.17_NCNP30Y2-O/2016|EPI_ISL_707543,A/duck/Jiangxi/11.17_NCNP,0.3041,0.2929,0.4313,0.2773,0.186,-0.06,0.389,53.1,0.426,0.438,678,716,-0.47067,0.093575,H5N6,Avian
977,A/duck/Jiangxi/11.17_NCNP48Y2-C/2016|EPI_ISL_707544,A/duck/Jiangxi/11.17_NCNP,0.3041,0.2929,0.4313,0.2773,0.186,-0.06,0.389,53,0.426,0.438,678,716,-0.47081,0.093575,H5N6,Avian
978,A/duck/Jiangxi/11.29_NCDZT71H2-O/2016|EPI_ISL_707546,A/duck/Jiangxi/11.29_NCDZ,0.2991,0.3065,0.4141,0.2872,0.185,-0.055,0.392,52.9,0.444,0.442,678,716,-0.47081,0.093575,H5N6,Avian
979,A/duck/Jiangxi/11.29_NCNP22D3-OC/2017|EPI_ISL_696686,A/duck/Jiangxi/11.29_NCNP,0.3047,0.3009,0.4294,0.271,0.188,-0.047,0.397,53.23,0.428,0.435,678,716,-0.452654,0.093575,H5N6,Avian
980,A/duck/Jiangxi/11.29_NCNP39D3-OC/2017|EPI_ISL_696703,A/duck/Jiangxi/11.29_NCNP,0.3071,0.2996,0.4084,0.2941,0.185,-0.066,0.386,52.11,0.442,0.44,678,716,-0.469553,0.093575,H5N6,Avian
981,A/duck/Jiangxi/34/2011|EPI_ISL_369827,A/duck/Jiangxi/34/2011|EP,0.3032,0.2976,0.447,0.2562,0.192,-0.045,0.398,52.29,0.414,0.432,678,716,-0.465224,0.093575,H5N1,Avian
982,A/duck/Jiangxi/35/2011|EPI_ISL_369828,A/duck/Jiangxi/35/2011|EP,0.3045,0.3008,0.4432,0.2542,0.194,-0.04,0.401,52.13,0.416,0.433,678,716,-0.460894,0.093575,H5N1,Avian
983,A/duck/Jiangxi/44/2011|EPI_ISL_369829,A/duck/Jiangxi/44/2011|EP,0.2828,0.3127,0.4487,0.2632,0.195,-0.015,0.415,52.62,0.43,0.436,679,716,-0.48743,0.092179,H5N1,Avian
984,A/duck/Jiangxi/95/2014|EPI_ISL_161972,A/duck/Jiangxi/95/2014|EP,0.3071,0.2959,0.4256,0.2794,0.185,-0.068,0.385,52.96,0.429,0.437,678,716,-0.469553,0.093575,H5N6,Avian
985,A/duck/Jiangxi/120/2011|EPI_ISL_369825,A/duck/Jiangxi/120/2011|E,0.2911,0.3138,0.4278,0.2788,0.2,-0.034,0.406,53.12,0.441,0.438,678,716,-0.478212,0.093575,H5N1,Avian
986,A/duck/Jiangxi/130/2011|EPI_ISL_369826,A/duck/Jiangxi/130/2011|E,0.2792,0.3094,0.4337,0.2881,0.2,-0.014,0.417,52.51,0.445,0.441,679,716,-0.459218,0.093575,H5N1,Avian
987,A/duck/Jiangxi/13469/2014|EPI_ISL_173478,A/duck/Jiangxi/13469/2014,0.3,0.3038,0.4288,0.2744,0.192,-0.046,0.398,53.09,0.432,0.438,678,716,-0.472905,0.093575,H5N6,Avian
988,A/duck/Jiangxi/13475/2014|EPI_ISL_173479,A/duck/Jiangxi/13475/2014,0.2981,0.3038,0.4307,0.2744,0.191,-0.048,0.397,52.91,0.432,0.438,678,716,-0.472905,0.093575,H5N6,Avian
989,A/duck/Jiangxi/13484/2014|EPI_ISL_173480,A/duck/Jiangxi/13484/2014,0.2981,0.3038,0.4307,0.2744,0.191,-0.048,0.397,52.91,0.432,0.438,678,716,-0.472905,0.093575,H5N6,Avian
990,A/Duck/Jiangxi/50446/2016|EPI_ISL_354556,A/Duck/Jiangxi/50446/2016,0.3028,0.2972,0.4256,0.2815,0.188,-0.058,0.391,52.94,0.432,0.439,678,716,-0.469274,0.093575,H5N6,Avian
991,A/Duck/Jiangxi/50455/2016|EPI_ISL_354553,A/Duck/Jiangxi/50455/2016,0.3109,0.2903,0.4179,0.2899,0.186,-0.079,0.379,53.27,0.432,0.438,678,716,-0.469553,0.093575,H5N6,Avian
992,A/duck/Jiangxi/E7/2014_(H5N6)|EPI_ISL_386928,A/duck/Jiangxi/E7/2014_(H,0.3071,0.2959,0.4198,0.2857,0.185,-0.071,0.383,53.2,0.434,0.438,678,716,-0.469553,0.093575,H5N6,Avian
993,A/duck/Jiangxi/F31/2014(H5N6)|EPI_ISL_386930,A/duck/Jiangxi/F31/2014(H,0.308,0.2947,0.42,0.2824,0.186,-0.066,0.386,53.35,0.431,0.437,668,705,-0.46851,0.092199,H5N6,Avian
994,A/duck/Jiangxi/NCDZT1123/2014|EPI_ISL_179634,A/duck/Jiangxi/NCDZT1123/,0.3065,0.2953,0.421,0.2857,0.185,-0.069,0.384,53.41,0.433,0.438,679,716,-0.465922,0.093575,H5N6,Avian
995,A/duck/Jiangxi/NCDZT1126/2014|EPI_ISL_179635,A/duck/Jiangxi/NCDZT1126/,0.3071,0.2959,0.4237,0.2821,0.186,-0.069,0.385,52.96,0.431,0.437,678,716,-0.469134,0.093575,H5N6,Avian
996,A/duck/Jiangxi/S10252/2021|EPI_ISL_5260444,A/duck/Jiangxi/S10252/202,0.297,0.3026,0.4144,0.2965,0.192,-0.046,0.398,53.73,0.446,0.444,679,716,-0.485894,0.093575,H5N8,Avian
997,A/duck/Jiangxi/S40833/2021(H5N1)|EPI_ISL_12572660,A/duck/Jiangxi/S40833/202,0.2895,0.312,0.4144,0.2944,0.192,-0.046,0.398,53.54,0.452,0.446,679,716,-0.485894,0.093575,H5N1,Avian
998,A/duck/Jilin/04.04_SY002-O/2015(Mixed)|EPI_ISL_200384,A/duck/Jilin/04.04_SY002-,0.2957,0.2994,0.4514,0.2605,0.183,-0.063,0.388,51.9,0.418,0.432,677,716,-0.48757,0.093575,H5N1,Avian
999,A/duck/Jilin/JL-SIV/2013|EPI_ISL_376086,A/duck/Jilin/JL-SIV/2013|,0.2898,0.3125,0.4419,0.2668,0.201,-0.024,0.411,52.19,0.431,0.433,677,716,-0.481285,0.094972,H5N1,Avian
1000,A/duck/Jilin/S1261/2019(H5N1)|EPI_ISL_18513232,A/duck/Jilin/S1261/2019(H,0.2976,0.3013,0.4516,0.2547,0.186,-0.052,0.394,52.67,0.416,0.432,678,716,-0.479888,0.093575,H5N1,Avian
1001,A/duck/Jilin/S4171/2019(H5N1)|EPI_ISL_18513234,A/duck/Jilin/S4171/2019(H,0.2919,0.3013,0.4563,0.2579,0.185,-0.048,0.397,52.14,0.417,0.431,678,716,-0.482682,0.093575,H5N1,Avian
1002,A/duck/Kaohsiung/15WB3298-1-5/2015|EPI_ISL_19226372,A/duck/Kaohsiung/15WB3298,0.2962,0.3,0.4326,0.2824,0.193,-0.036,0.404,53.38,0.433,0.437,679,716,-0.472765,0.093575,Others,Avian
1003,A/duck/Kaohsiung/20WB0242-154/2020|EPI_ISL_19226348,A/duck/Kaohsiung/20WB0242,0.2768,0.3202,0.4278,0.2872,0.194,-0.023,0.411,53.19,0.452,0.444,679,716,-0.472765,0.093575,Others,Avian
1004,A/duck/Kaohsiung/15010213/2015|EPI_ISL_4032424,A/duck/Kaohsiung/15010213,0.265,0.3365,0.4144,0.2968,0.192,-0.038,0.404,52.94,0.471,0.449,679,716,-0.464665,0.094972,H5N2,Avian
1005,A/duck/Liaoning/LN/2011|EPI_ISL_290070,A/duck/Liaoning/LN/2011|E,0.3032,0.2994,0.4408,0.2651,0.199,-0.04,0.401,52.24,0.422,0.433,678,716,-0.492458,0.094972,Others,Avian
1006,A/duck/Nanchang/9789/2013|EPI_ISL_181417,A/duck/Nanchang/9789/2013,0.2994,0.3013,0.4419,0.2636,0.191,-0.044,0.399,52.25,0.422,0.435,677,716,-0.466341,0.093575,H5N1,Avian
1007,A/duck/Nantou/15A3437/2015|EPI_ISL_4032425,A/duck/Nantou/15A3437/201,0.2702,0.334,0.4152,0.2932,0.19,-0.048,0.398,52.77,0.467,0.447,679,716,-0.464106,0.094972,H5N2,Avian
1008,A/duck/Nantou/17A0243/2017|EPI_ISL_4032426,A/duck/Nantou/17A0243/201,0.2707,0.3327,0.4163,0.2932,0.195,-0.022,0.412,52.86,0.465,0.446,679,716,-0.469413,0.094972,H5N2,Avian
1009,A/duck/Ningxia/YG61/2017|EPI_ISL_505061,A/duck/Ningxia/YG61/2017|,0.2844,0.3126,0.4205,0.2923,0.191,-0.049,0.396,52.66,0.451,0.445,679,716,-0.469693,0.093575,H5N6,Avian
1010,A/duck/Ningxia/YG71/2017|EPI_ISL_505062,A/duck/Ningxia/YG71/2017|,0.2838,0.3139,0.4356,0.2735,0.191,-0.038,0.402,52.19,0.439,0.441,679,716,-0.469414,0.093575,H5N6,Avian
1011,A/duck/Ningxia/YG83/2017|EPI_ISL_505063,A/duck/Ningxia/YG83/2017|,0.2857,0.312,0.4299,0.2797,0.191,-0.04,0.401,52.24,0.442,0.441,679,716,-0.470531,0.093575,H5N6,Avian
1012,A/duck/Pingtung/17A0160/2017|EPI_ISL_4032435,A/duck/Pingtung/17A0160/2,0.2688,0.3346,0.4221,0.2869,0.196,-0.017,0.415,53.05,0.462,0.446,679,716,-0.469413,0.094972,H5N2,Avian
1013,A/duck/Pingtung/18A00003-11-20T/2018|EPI_ISL_4032436,A/duck/Pingtung/18A00003-,0.2669,0.3346,0.4202,0.2911,0.196,-0.017,0.415,51.74,0.465,0.446,679,716,-0.461871,0.094972,H5N2,Avian
1014,A/duck/Pingtung/18A00076-11-20T/2018|EPI_ISL_4032437,A/duck/Pingtung/18A00076-,0.2734,0.3277,0.4183,0.2911,0.194,-0.027,0.409,52.37,0.461,0.446,679,716,-0.457821,0.094972,H5N2,Avian
1015,A/duck/Pingtung/18X00077/2018|EPI_ISL_4032438,A/duck/Pingtung/18X00077/,0.2957,0.307,0.4302,0.2806,0.198,-0.033,0.406,52.38,0.437,0.437,678,716,-0.46676,0.096369,H5N2,Avian
1016,A/duck/Pingtung/15010180/2015|EPI_ISL_4032429,A/duck/Pingtung/15010180/,0.3133,0.2927,0.4264,0.2773,0.19,-0.066,0.386,53.09,0.425,0.429,678,716,-0.490503,0.094972,Others,Avian
1017,A/duck/Pingtung/15010444/2015|EPI_ISL_4032430,A/duck/Pingtung/15010444/,0.2669,0.3365,0.4125,0.2968,0.195,-0.033,0.406,52.82,0.471,0.448,679,716,-0.464665,0.094972,H5N2,Avian
1018,A/duck/Shandong/009/2008|EPI_ISL_95061,A/duck/Shandong/009/2008|,0.2654,0.3421,0.424,0.2809,0.203,0.027,0.438,53.7,0.465,0.446,682,716,-0.48771,0.093575,H5N1,Avian
1019,A/duck/Shandong/11.14_DL-DKd11/2013(H5N8)|EPI_ISL_199151,A/duck/Shandong/11.14_DL-,0.3165,0.2884,0.4381,0.263,0.195,-0.056,0.392,52.08,0.412,0.431,679,716,-0.481704,0.094972,H5N8,Avian
1020,A/duck/Shandong/11.14_RD/2013(H5N8)|EPI_ISL_199412,A/duck/Shandong/11.14_RD/,0.3165,0.2884,0.4381,0.263,0.195,-0.056,0.392,52.08,0.412,0.431,679,716,-0.481704,0.094972,H5N8,Avian
1021,A/duck/Shandong/Q1/2013|EPI_ISL_167178,A/duck/Shandong/Q1/2013|E,0.3133,0.2889,0.437,0.2683,0.193,-0.053,0.394,52.77,0.416,0.432,678,716,-0.484497,0.094972,H5N8,Avian
1022,A/duck/Shandong/SD0261/2021|EPI_ISL_18058053,A/duck/Shandong/SD0261/20,0.2976,0.3013,0.4229,0.2881,0.191,-0.05,0.395,53.45,0.44,0.442,678,716,-0.489525,0.093575,H5N6,Avian
1023,A/duck/Shandong/SD0263/2021|EPI_ISL_18058054,A/duck/Shandong/SD0263/20,0.2976,0.3013,0.4229,0.2881,0.191,-0.05,0.395,53.45,0.44,0.442,678,716,-0.489525,0.093575,H5N6,Avian
1024,A/Duck/Shandong/Y01/2009|EPI_ISL_169420,A/Duck/Shandong/Y01/2009|,0.2801,0.3102,0.4413,0.2756,0.198,-0.018,0.414,52.33,0.437,0.44,679,716,-0.465503,0.093575,H5N1,Avian
1025,A/Duck/Shandong/Y02/2009|EPI_ISL_169421,A/Duck/Shandong/Y02/2009|,0.2838,0.3064,0.4413,0.2756,0.194,-0.028,0.408,52.2,0.434,0.439,679,716,-0.464944,0.093575,H5N1,Avian
1026,A/duck/Sichuan/04.27_NBXJ71/2014(H5N6)|EPI_ISL_198868,A/duck/Sichuan/04.27_NBXJ,0.2981,0.3038,0.4326,0.2735,0.19,-0.049,0.397,53.35,0.431,0.437,678,716,-0.472067,0.093575,H5N6,Avian
1027,A/duck/Sichuan/04.27_NBXJ79/2014(H5N6)|EPI_ISL_198872,A/duck/Sichuan/04.27_NBXJ,0.2962,0.3057,0.4307,0.2756,0.19,-0.049,0.397,53.24,0.434,0.438,678,716,-0.472067,0.093575,H5N6,Avian
1028,A/duck/Sichuan/04.27_NBXJ711/2014(Mixed)|EPI_ISL_200266,A/duck/Sichuan/04.27_NBXJ,0.2943,0.3075,0.4307,0.2756,0.19,-0.044,0.4,53.45,0.435,0.439,678,716,-0.472067,0.093575,H5N6,Avian
1029,A/duck/Sichuan/04.27_NBXJ717/2014(H5N6)|EPI_ISL_198866,A/duck/Sichuan/04.27_NBXJ,0.2962,0.3057,0.4307,0.2756,0.19,-0.049,0.397,53.24,0.434,0.438,678,716,-0.472067,0.093575,H5N6,Avian
1030,A/duck/Sichuan/04.27_NBXJ720/2014(H5N6)|EPI_ISL_198869,A/duck/Sichuan/04.27_NBXJ,0.2981,0.3038,0.4307,0.2756,0.19,-0.049,0.397,53.14,0.432,0.438,678,716,-0.472067,0.093575,H5N6,Avian
1031,A/duck/Sichuan/04.27_NCXJ073/2014(H5N6)|EPI_ISL_198871,A/duck/Sichuan/04.27_NCXJ,0.2981,0.3038,0.4326,0.2735,0.19,-0.049,0.397,53.35,0.431,0.437,678,716,-0.472067,0.093575,H5N6,Avian
1032,A/duck/Sichuan/NCXJ15/2014|EPI_ISL_179647,A/duck/Sichuan/NCXJ15/201,0.2981,0.3038,0.4326,0.2735,0.19,-0.049,0.397,53.35,0.431,0.437,678,716,-0.472067,0.093575,H5N6,Avian
1033,A/duck/Sichuan/NCXJ24/2014|EPI_ISL_179648,A/duck/Sichuan/NCXJ24/201,0.2962,0.3057,0.4307,0.2756,0.19,-0.049,0.397,53.24,0.434,0.438,678,716,-0.472067,0.093575,H5N6,Avian
1034,A/duck/Sichuan/NCXN10/2014|EPI_ISL_179651,A/duck/Sichuan/NCXN10/201,0.297,0.3045,0.4449,0.2594,0.191,-0.043,0.4,51.82,0.422,0.434,678,716,-0.469553,0.093575,H5N1,Avian
1035,A/duck/Sichuan/NCXN11/2014|EPI_ISL_179652,A/duck/Sichuan/NCXN11/201,0.3008,0.3008,0.4278,0.2782,0.188,-0.061,0.389,51.93,0.432,0.437,678,716,-0.469553,0.093575,H5N1,Avian
1036,A/duck/Sichuan/S1805/2021|EPI_ISL_9637826,A/duck/Sichuan/S1805/2021,0.3021,0.3039,0.444,0.2547,0.196,-0.03,0.406,53.05,0.418,0.436,679,716,-0.463687,0.093575,H5N6,Avian
1037,A/duck/Sichuan/SC4822/2021|EPI_ISL_18058055,A/duck/Sichuan/SC4822/202,0.3002,0.3039,0.4451,0.2542,0.195,-0.03,0.406,53.01,0.418,0.436,679,716,-0.460475,0.093575,H5N6,Avian
1038,A/duck/Sichuan/SC5698/2021|EPI_ISL_18058056,A/duck/Sichuan/SC5698/202,0.3008,0.3064,0.4432,0.2542,0.197,-0.025,0.409,53.43,0.42,0.437,679,716,-0.459078,0.093575,H5N6,Avian
1039,A/duck/Sichuan/SD002/2021|EPI_ISL_9638154,A/duck/Sichuan/SD002/2021,0.3021,0.3021,0.4451,0.2542,0.195,-0.033,0.405,53.45,0.417,0.437,679,716,-0.45419,0.093575,H5N6,Avian
1040,A/duck/Taichung/15010400-1/2015|EPI_ISL_4032439,A/duck/Taichung/15010400-,0.2693,0.3333,0.4183,0.2926,0.194,-0.033,0.406,52.98,0.465,0.446,679,716,-0.468436,0.094972,H5N2,Avian
1041,A/duck/Tainan/16WB3443-156-160/2016|EPI_ISL_19226395,A/duck/Tainan/16WB3443-15,0.293,0.31,0.4091,0.3013,0.199,-0.03,0.406,54.48,0.454,0.443,679,716,-0.461872,0.093575,Others,Avian
1042,A/duck/Tainan/15010403/2015|EPI_ISL_4032440,A/duck/Tainan/15010403/20,0.3133,0.2927,0.4264,0.2779,0.19,-0.067,0.386,53.12,0.425,0.429,678,716,-0.489525,0.094972,H5N8,Avian
1043,A/duck/Tainan/16010024-1/2016|EPI_ISL_4032442,A/duck/Tainan/16010024-1/,0.2674,0.3371,0.4163,0.292,0.192,-0.035,0.405,53.33,0.468,0.448,679,716,-0.469414,0.094972,H5N2,Avian
1044,A/duck/Taipei/05WB830-1-5-E2/2005|EPI_ISL_19226243,A/duck/Taipei/05WB830-1-5,0.2763,0.3271,0.4213,0.286,0.201,-0.009,0.419,52.33,0.457,0.446,680,716,-0.477374,0.093575,H5N2,Avian
1045,A/duck/Taipei/18WB0120-1-5-E1/2018|EPI_ISL_19226269,A/duck/Taipei/18WB0120-1-,0.2698,0.3245,0.4094,0.3056,0.2,-0.016,0.414,54.01,0.47,0.45,679,716,-0.456844,0.092179,Others,Avian
1046,A/duck/Taipei/19WB0235-14-16/2019|EPI_ISL_19226280,A/duck/Taipei/19WB0235-14,0.2838,0.3195,0.4278,0.2788,0.194,-0.036,0.404,52.53,0.446,0.443,679,716,-0.473603,0.093575,Others,Avian
1047,A/duck/Taiwan/01006/2015|EPI_ISL_219878,A/duck/Taiwan/01006/2015|,0.2664,0.3358,0.4144,0.2941,0.192,-0.035,0.405,53.1,0.47,0.449,679,716,-0.473324,0.094972,H5N2,Avian
1048,A/duck/Taiwan/11213/2013|EPI_ISL_158026,A/duck/Taiwan/11213/2013|,0.2881,0.3107,0.3947,0.3201,0.197,-0.036,0.404,53.18,0.468,0.449,679,716,-0.456844,0.093575,H5N2,Avian
1049,A/duck/Taiwan/11254/2013|EPI_ISL_158027,A/duck/Taiwan/11254/2013|,0.2881,0.3107,0.3909,0.3243,0.197,-0.035,0.404,53.07,0.471,0.451,679,716,-0.457961,0.093575,H5N2,Avian
1050,A/duck/Taiwan/a043/2015|EPI_ISL_179024,A/duck/Taiwan/a043/2015|E,0.2667,0.3333,0.4127,0.2957,0.191,-0.039,0.402,53.04,0.469,0.448,669,705,-0.46156,0.092199,H5N2,Avian
1051,A/duck/Taiwan/a068/2015|EPI_ISL_179026,A/duck/Taiwan/a068/2015|E,0.3143,0.2914,0.4247,0.276,0.19,-0.067,0.386,53.15,0.424,0.429,668,705,-0.489787,0.093617,H5N8,Avian
1052,A/duck/Taiwan/A3400/2015|EPI_ISL_219874,A/duck/Taiwan/A3400/2015|,0.3165,0.2884,0.4275,0.2773,0.189,-0.07,0.384,53.14,0.421,0.428,679,716,-0.486871,0.094972,H5N8,Avian
1053,A/duck/Taiwan/DV1238/2009|EPI_ISL_139237,A/duck/Taiwan/DV1238/2009,0.2787,0.3183,0.4183,0.2977,0.196,-0.031,0.406,53.12,0.458,0.445,679,716,-0.472765,0.093575,H5N2,Avian
1054,A/duck/Taiwan/DV1241/2009|EPI_ISL_139236,A/duck/Taiwan/DV1241/2009,0.2787,0.3183,0.4183,0.2977,0.196,-0.031,0.406,53.12,0.458,0.445,679,716,-0.472765,0.093575,H5N2,Avian
1055,A/duck/Taiwan/DV1242/2009|EPI_ISL_139231,A/duck/Taiwan/DV1242/2009,0.2787,0.3183,0.4183,0.2977,0.196,-0.031,0.406,53.12,0.458,0.445,679,716,-0.472765,0.093575,H5N2,Avian
1056,A/duck/Taoyuan/16010023-1/2016|EPI_ISL_4032443,A/duck/Taoyuan/16010023-1,0.2678,0.3333,0.419,0.2905,0.189,-0.04,0.402,52.88,0.465,0.446,679,716,-0.464386,0.094972,H5N2,Avian
1057,A/duck/Wuxi/7249/2015|EPI_ISL_277041,A/duck/Wuxi/7249/2015|EPI,0.3034,0.2959,0.4226,0.2812,0.183,-0.068,0.384,52.91,0.432,0.439,679,716,-0.469972,0.090782,H5N6,Avian
1058,A/duck/Xinjiang/12.18_WLMQXL001-C/2016|EPI_ISL_707581,A/duck/Xinjiang/12.18_WLM,0.2814,0.3096,0.4163,0.3061,0.194,-0.039,0.401,54.33,0.457,0.446,680,716,-0.469134,0.093575,H5N8,Avian
1059,A/duck/Xinjiang/S1066/2019(H5N1)|EPI_ISL_18513235,A/duck/Xinjiang/S1066/201,0.2925,0.3075,0.4563,0.2516,0.188,-0.051,0.395,51.28,0.417,0.432,678,716,-0.48743,0.092179,H5N1,Avian
1060,A/duck/Xinjiang/S1126/2019(H5N1)|EPI_ISL_18513236,A/duck/Xinjiang/S1126/201,0.2925,0.3075,0.4563,0.251,0.189,-0.048,0.397,51.38,0.417,0.432,678,716,-0.487849,0.092179,H5N1,Avian
1061,A/duck/Yilan/17A0092/2017|EPI_ISL_4032444,A/duck/Yilan/17A0092/2017,0.2744,0.3289,0.4163,0.2932,0.196,-0.023,0.412,52.75,0.462,0.446,679,716,-0.463687,0.094972,H5N2,Avian
1062,A/duck/Yunlin/15A5019/2015|EPI_ISL_4032535,A/duck/Yunlin/15A5019/201,0.2688,0.3365,0.4163,0.2905,0.192,-0.036,0.405,53.35,0.467,0.446,679,716,-0.463408,0.094972,H5N2,Avian
1063,A/duck/Yunlin/17A0086/2017|EPI_ISL_4032537,A/duck/Yunlin/17A0086/201,0.2726,0.3308,0.4152,0.2932,0.197,-0.027,0.41,52.9,0.465,0.447,678,716,-0.456564,0.094972,H5N2,Avian
1064,A/duck/Yunlin/17A0686/2017|EPI_ISL_4032538,A/duck/Yunlin/17A0686/201,0.2744,0.3289,0.4125,0.2975,0.194,-0.028,0.409,52.37,0.465,0.447,679,716,-0.463687,0.094972,H5N2,Avian
1065,A/duck/Yunlin/18X00007-3/2018|EPI_ISL_4032542,A/duck/Yunlin/18X00007-3/,0.2943,0.3094,0.4223,0.286,0.197,-0.039,0.401,53.85,0.443,0.439,680,716,-0.461872,0.093575,H5N2,Avian
1066,A/duck/Yunlin/15010244-1/2015|EPI_ISL_4032446,A/duck/Yunlin/15010244-1/,0.2669,0.3365,0.4171,0.2932,0.194,-0.033,0.406,52.99,0.468,0.447,679,716,-0.468575,0.094972,H5N2,Avian
1067,A/duck/Yunlin/15010277/2015|EPI_ISL_4032447,A/duck/Yunlin/15010277/20,0.3152,0.2908,0.4283,0.2752,0.19,-0.069,0.385,53.14,0.422,0.428,678,716,-0.490503,0.094972,H5N8,Avian
1068,A/duck/Yunlin/15010310-4/2015|EPI_ISL_4032448,A/duck/Yunlin/15010310-4/,0.2669,0.3365,0.4152,0.2954,0.194,-0.03,0.408,53.04,0.47,0.448,679,716,-0.468436,0.094972,H5N2,Avian
1069,A/duck/Yunlin/15010318-2/2015|EPI_ISL_4032449,A/duck/Yunlin/15010318-2/,0.2669,0.3365,0.4152,0.296,0.194,-0.033,0.406,52.81,0.47,0.447,679,716,-0.468017,0.094972,H5N2,Avian
1070,A/duck/Yunlin/15010369-1/2015|EPI_ISL_4032468,A/duck/Yunlin/15010369-1/,0.2669,0.3365,0.4171,0.2932,0.194,-0.033,0.406,52.88,0.468,0.447,679,716,-0.468436,0.094972,H5N2,Avian
1071,A/duck/Yunlin/15010458-1/2015|EPI_ISL_4032522,A/duck/Yunlin/15010458-1/,0.3152,0.2908,0.4283,0.2752,0.19,-0.069,0.385,53.14,0.422,0.428,678,716,-0.490503,0.094972,H5N8,Avian
1072,A/duck/Yunlin/15070002-2/2015|EPI_ISL_4032532,A/duck/Yunlin/15070002-2/,0.265,0.3383,0.4125,0.2962,0.191,-0.035,0.405,53.18,0.473,0.448,679,716,-0.465084,0.094972,H5N2,Avian
1073,A/duck/Yunlin/17110001/2017|EPI_ISL_4032536,A/duck/Yunlin/17110001/20,0.2744,0.3252,0.4106,0.3038,0.192,-0.035,0.405,53.18,0.467,0.446,679,716,-0.460335,0.094972,H5N2,Avian
1074,A/duck/Yunlin/18060007-3/2018|EPI_ISL_4032541,A/duck/Yunlin/18060007-3/,0.2707,0.3271,0.4099,0.3053,0.189,-0.035,0.405,52.96,0.47,0.447,679,716,-0.456006,0.094972,H5N2,Avian
1075,A/duck/Yunnan/03.15_DQWGH005-O/2015(H5N6)|EPI_ISL_198883,A/duck/Yunnan/03.15_DQWGH,0.3077,0.2983,0.4207,0.2821,0.186,-0.065,0.387,52.89,0.433,0.437,677,716,-0.472765,0.093575,H5N6,Avian
1076,A/duck/Yunnan/03.16_DQXYL003-O/2015(H5N6)|EPI_ISL_199042,A/duck/Yunnan/03.16_DQXYL,0.3077,0.2983,0.4226,0.28,0.187,-0.063,0.388,52.87,0.431,0.436,677,716,-0.472765,0.093575,H5N6,Avian
1077,A/duck/Yunnan/03.16_DQXYL007-O/2015(Mixed)|EPI_ISL_200278,A/duck/Yunnan/03.16_DQXYL,0.2772,0.327,0.4173,0.2903,0.214,0.036,0.445,53.98,0.46,0.446,670,705,-0.496454,0.092199,H5N6,Avian
1078,A/duck/Yunnan/03.16_DQXYL022-O/2015(H5N6)|EPI_ISL_199044,A/duck/Yunnan/03.16_DQXYL,0.3077,0.2983,0.4226,0.28,0.187,-0.063,0.388,52.87,0.431,0.436,677,716,-0.472765,0.093575,H5N6,Avian
1079,A/duck/Yunnan/03.16_DQXYL0039-O/2015(H5N6)|EPI_ISL_198882,A/duck/Yunnan/03.16_DQXYL,0.3058,0.3002,0.4226,0.28,0.186,-0.063,0.388,52.91,0.433,0.437,677,716,-0.472765,0.093575,H5N6,Avian
1080,A/duck/Yunnan/07.15_DQNPH124/2015(H5N6)|EPI_ISL_200822,A/duck/Yunnan/07.15_DQNPH,0.3052,0.3015,0.4226,0.2794,0.188,-0.065,0.388,52.61,0.434,0.437,678,716,-0.478212,0.094972,H5N6,Avian
1081,A/duck/Yunnan/07.15_DQNPH125/2015(H5N6)|EPI_ISL_200823,A/duck/Yunnan/07.15_DQNPH,0.3052,0.2996,0.4218,0.2809,0.187,-0.066,0.386,52.64,0.434,0.437,678,716,-0.476816,0.093575,H5N6,Avian
1082,A/duck/Yunnan/07.15_DQNPH127/2015(H5N6)|EPI_ISL_200824,A/duck/Yunnan/07.15_DQNPH,0.3052,0.2996,0.4218,0.2809,0.187,-0.066,0.386,52.64,0.434,0.437,678,716,-0.476816,0.093575,H5N6,Avian
1083,A/duck/Yunnan/07.15_DQNPH129/2015(H5N6)|EPI_ISL_200825,A/duck/Yunnan/07.15_DQNPH,0.3052,0.2996,0.4218,0.2809,0.187,-0.066,0.386,52.64,0.434,0.437,678,716,-0.476816,0.093575,H5N6,Avian
1084,A/duck/Yunnan/S4318/2021(H5N6)|EPI_ISL_11208198,A/duck/Yunnan/S4318/2021(,0.3021,0.3039,0.4478,0.2505,0.196,-0.027,0.408,52.75,0.415,0.435,679,716,-0.463687,0.093575,H5N6,Avian
1085,A/Duck/Yunnan/YN-2/2016_(H5N6)|EPI_ISL_283702,A/Duck/Yunnan/YN-2/2016_(,0.3109,0.294,0.421,0.2809,0.186,-0.068,0.385,52.78,0.429,0.436,678,716,-0.465782,0.093575,H5N6,Avian
1086,A/Duck/Yunnan/YN-4/2015__(H5N6)|EPI_ISL_283704,A/Duck/Yunnan/YN-4/2015__,0.3109,0.2959,0.4198,0.2815,0.185,-0.068,0.385,52.99,0.431,0.436,678,716,-0.469553,0.093575,H5N6,Avian
1087,A/Duck/Yunnan/YN-9/2016__(H5N6)|EPI_ISL_283966,A/Duck/Yunnan/YN-9/2016__,0.3109,0.294,0.4218,0.2815,0.186,-0.068,0.385,52.82,0.429,0.435,678,716,-0.469553,0.093575,H5N6,Avian
1088,A/Duck/Zhanjiang/15577/2015|EPI_ISL_278025,A/Duck/Zhanjiang/15577/20,0.3071,0.2921,0.4168,0.2947,0.18,-0.081,0.378,51.78,0.437,0.436,678,716,-0.464246,0.094972,H5N6,Avian
1089,A/duck/Zhejiang/02.28_JHZJ-15-04/2015(Mixed)|EPI_ISL_201373,A/duck/Zhejiang/02.28_JHZ,0.3127,0.2903,0.4198,0.2857,0.186,-0.071,0.383,52.98,0.429,0.437,678,716,-0.470112,0.093575,H5N6,Avian
1090,A/duck/Zhejiang/6D18/2013|EPI_ISL_162301,A/duck/Zhejiang/6D18/2013,0.3116,0.2929,0.4313,0.2699,0.195,-0.051,0.395,53.07,0.421,0.434,679,716,-0.482123,0.094972,H5N8,Avian
1091,A/duck/Zhejiang/77138/2014|EPI_ISL_203731,A/duck/Zhejiang/77138/201,0.2951,0.3064,0.4392,0.2662,0.189,-0.045,0.398,52.02,0.428,0.435,678,716,-0.469134,0.093575,H5N2,Avian
1092,A/duck/Zhejiang/727041/2014|EPI_ISL_203732,A/duck/Zhejiang/727041/20,0.3096,0.2983,0.421,0.2803,0.192,-0.054,0.393,53.36,0.432,0.438,679,716,-0.4669,0.093575,H5N2,Avian
1093,A/duck/Zhejiang/727158/2014|EPI_ISL_203738,A/duck/Zhejiang/727158/20,0.3052,0.2996,0.4179,0.2863,0.186,-0.066,0.386,52.64,0.437,0.439,678,716,-0.468576,0.093575,H5N6,Avian
1094,A/duck/Zhejiang/925019/2014|EPI_ISL_203750,A/duck/Zhejiang/925019/20,0.3109,0.2921,0.4307,0.2723,0.194,-0.054,0.393,52.36,0.422,0.434,680,716,-0.478492,0.094972,H5N8,Avian
1095,A/duck/Zhejiang/925169/2014|EPI_ISL_203751,A/duck/Zhejiang/925169/20,0.3084,0.2953,0.4297,0.2729,0.193,-0.056,0.391,52.35,0.425,0.436,680,716,-0.479749,0.094972,H5N8,Avian
1096,A/duck/Zhejiang/1026109/2015|EPI_ISL_279178,A/duck/Zhejiang/1026109/2,0.309,0.2865,0.4362,0.2779,0.197,-0.017,0.414,52.35,0.42,0.429,679,716,-0.479469,0.096369,H5N2,Avian
1097,A/duck/Zhejiang/1220092/2014|EPI_ISL_203728,A/duck/Zhejiang/1220092/2,0.2895,0.3026,0.4582,0.2558,0.184,-0.055,0.392,51.35,0.417,0.432,678,716,-0.484916,0.093575,H5N1,Avian
1098,A/duck/Zhejiang/S4091/2017(H5N1)|EPI_ISL_18513237,A/duck/Zhejiang/S4091/201,0.2938,0.2976,0.4629,0.2542,0.186,-0.053,0.394,51.06,0.412,0.429,678,716,-0.490503,0.093575,H5N1,Avian
1099,A/duck/Zhejiang/S4854/2021(H5N6)|EPI_ISL_11208199,A/duck/Zhejiang/S4854/202,0.2865,0.3131,0.3981,0.3173,0.188,-0.051,0.395,54.9,0.467,0.446,679,716,-0.479469,0.092179,H5N6,Avian
1100,A/duck/Zhejiang/W24/2013|EPI_ISL_162300,A/duck/Zhejiang/W24/2013|,0.3146,0.2903,0.4381,0.263,0.194,-0.059,0.39,52.24,0.414,0.432,679,716,-0.481704,0.094972,H5N8,Avian
1101,A/egret/Jiangsu/SD021/2021|EPI_ISL_5260465,A/egret/Jiangsu/SD021/202,0.2932,0.3064,0.4163,0.2944,0.192,-0.046,0.398,53.73,0.448,0.444,679,716,-0.485894,0.093575,H5N8,Avian
1102,A/Egret/Shangdong/JN529/2023|EPI_ISL_19433139,A/Egret/Shangdong/JN529/2,0.2844,0.3107,0.4094,0.3063,0.193,-0.031,0.406,53.73,0.459,0.447,680,716,-0.461313,0.093575,H5N6,Avian
1103,A/environment/Hunan/HN261/2015|EPI_ISL_255821,A/environment/Hunan/HN261,0.3077,0.2964,0.4267,0.2767,0.185,-0.068,0.385,51.98,0.428,0.436,678,716,-0.468994,0.093575,H5N6,Avian
1104,A/Environment/Shandong/WS15/2022|EPI_ISL_19433135,A/Environment/Shandong/WS,0.2844,0.3107,0.4113,0.3042,0.193,-0.03,0.407,53.85,0.457,0.447,680,716,-0.467598,0.093575,H5N2,Avian
1105,A/Environment/Shandong/WS16/2022|EPI_ISL_19433136,A/Environment/Shandong/WS,0.2849,0.3113,0.4121,0.3027,0.193,-0.03,0.406,53.64,0.457,0.447,679,716,-0.461453,0.094972,H5N2,Avian
1106,A/Environment/Shandong/WS19/2022|EPI_ISL_19433137,A/Environment/Shandong/WS,0.2852,0.3096,0.4102,0.3063,0.19,-0.038,0.402,53.85,0.458,0.447,681,716,-0.470391,0.094972,H5N2,Avian
1107,A/equine/China/61/2010|EPI_ISL_16837240,A/equine/China/61/2010|EP,0.2892,0.3119,0.4449,0.2642,0.197,-0.031,0.407,52.22,0.429,0.435,678,716,-0.475978,0.093575,H5N1,Nonhuman Mammal
1108,A/equine/China/67/2010|EPI_ISL_16837243,A/equine/China/67/2010|EP,0.2873,0.3138,0.4449,0.2642,0.197,-0.027,0.409,52.22,0.431,0.435,678,716,-0.472626,0.093575,H5N1,Nonhuman Mammal
1109,A/equine/China/68/2010|EPI_ISL_16837242,A/equine/China/68/2010|EP,0.2892,0.3119,0.4421,0.2657,0.196,-0.035,0.404,52.27,0.431,0.436,678,716,-0.474581,0.092179,H5N1,Nonhuman Mammal
1110,A/eurasian_eagle-owl/Henan/SMQ11/2020|EPI_ISL_1939617,A/eurasian_eagle-owl/Hena,0.2951,0.3045,0.4202,0.2902,0.192,-0.046,0.398,53.66,0.443,0.443,679,716,-0.485894,0.093575,H5N8,Avian
1111,A/Eurasian_Teal/Hong_Kong/AFCD-HKU-23-14009-01020/2023|EPI_ISL_19258154,A/Eurasian_Teal/Hong_Kong,0.2827,0.3207,0.4297,0.2786,0.197,-0.038,0.403,53.25,0.447,0.444,678,716,-0.480168,0.094972,H5N1,Avian
1112,A/Eurasian_Teal/Hong_Kong/AFCD-HKU-23-14383-02001/2023|EPI_ISL_19258151,A/Eurasian_Teal/Hong_Kong,0.2822,0.322,0.4335,0.2723,0.196,-0.033,0.406,53.03,0.444,0.444,678,716,-0.481006,0.094972,H5N1,Avian
1113,A/Eurasian_Wigeon/Hong_Kong/AFCD-HKU-23-14484-01001/2023|EPI_ISL_19258152,A/Eurasian_Wigeon/Hong_Ko,0.2822,0.322,0.4335,0.2723,0.196,-0.033,0.406,53.03,0.444,0.444,678,716,-0.481006,0.094972,H5N1,Avian
1114,A/Eurasian_Wigeon/Hong_Kong/AFCD-HKU-23-14524-01009/2023|EPI_ISL_19258150,A/Eurasian_Wigeon/Hong_Ko,0.2822,0.322,0.4335,0.2723,0.196,-0.033,0.406,53.03,0.444,0.444,678,716,-0.481006,0.094972,H5N1,Avian
1115,A/Falcated_Duck/Ningxia/484-29/2015|EPI_ISL_295504,A/Falcated_Duck/Ningxia/4,0.3034,0.2996,0.4256,0.2794,0.181,-0.073,0.382,53.37,0.432,0.439,678,716,-0.470671,0.093575,H5N6,Avian
1116,A/Falco_peregrinus/Beijing/1/_2022|EPI_ISL_17414669,A/Falco_peregrinus/Beijin,0.2898,0.3125,0.4364,0.2708,0.192,-0.044,0.398,52.5,0.435,0.439,678,716,-0.464805,0.094972,H5N1,Avian
1117,A/feline/Guangdong/2/2014(H5N6)|EPI_ISL_176841,A/feline/Guangdong/2/2014,0.3084,0.2953,0.4179,0.2857,0.184,-0.076,0.381,52.66,0.434,0.438,678,716,-0.470391,0.093575,H5N6,Nonhuman Mammal
1118,A/Fujian/1/2005|EPI_ISL_24607,A/Fujian/1/2005|EPI_ISL_2,0.303,0.3087,0.4099,0.2929,0.204,-0.039,0.404,53.51,0.446,0.441,679,716,-0.465084,0.093575,H5N1,Human
1119,A/Fujian/1/2007|EPI_ISL_79682,A/Fujian/1/2007|EPI_ISL_7,0.2992,0.3068,0.444,0.2594,0.196,-0.037,0.403,52.56,0.422,0.432,678,716,-0.47095,0.092179,H5N1,Human
1120,A/Fujian/1/2024(H5N6)|EPI_ISL_19132453,A/Fujian/1/2024(H5N6)|EPI,0.2996,0.2996,0.4267,0.2818,0.19,-0.053,0.393,52.65,0.434,0.442,679,716,-0.487151,0.093575,H5N6,Human
1121,A/Fujian/2/2024(H5N6)|EPI_ISL_19145644,A/Fujian/2/2024(H5N6)|EPI,0.2996,0.2996,0.4267,0.2818,0.19,-0.053,0.393,52.59,0.434,0.442,679,716,-0.487151,0.093575,H5N6,Human
1122,A/Fujian-Sanyuan/21099/2017_x_PR8_(CNIC-21099)|EPI_ISL_341294,A/Fujian-Sanyuan/21099/20,0.3377,0.2679,0.4324,0.2752,0.19,-0.087,0.374,50.07,0.402,0.42,679,716,-0.468576,0.094972,H5N6,Human
1123,A/Fujian-Sanyuan/21099/2017|EPI_ISL_304404,A/Fujian-Sanyuan/21099/20,0.2787,0.3164,0.4042,0.3132,0.196,-0.034,0.405,54.55,0.468,0.449,679,716,-0.479749,0.093575,H5N6,Human
1124,A/Gadwall/Ningxia/472-7/2015|EPI_ISL_295503,A/Gadwall/Ningxia/472-7/2,0.3034,0.2996,0.4256,0.2794,0.181,-0.073,0.382,53.37,0.432,0.439,678,716,-0.470671,0.093575,H5N6,Avian
1125,A/Gallinago_Stenura/Hong_Kong/AFCD-HKU-23-14383-01014/2023|EPI_ISL_19258153,A/Gallinago_Stenura/Hong_,0.2822,0.322,0.4335,0.2723,0.196,-0.033,0.406,53.03,0.444,0.444,678,716,-0.481006,0.094972,H5N1,Avian
1126,A/Gallinula_chloropus/Guangdong/GZ174/2014|EPI_ISL_234671,A/Gallinula_chloropus/Gua,0.2998,0.298,0.4297,0.2788,0.182,-0.073,0.381,52.4,0.431,0.437,680,716,-0.453352,0.093575,H5N6,Avian
1127,A/Goose/_Guangdong_/JG125/2013(H5N6)|EPI_ISL_205961,A/Goose/_Guangdong_/JG125,0.3065,0.2991,0.4207,0.2821,0.183,-0.079,0.379,52.96,0.434,0.438,678,716,-0.469553,0.093575,H5N6,Avian
1128,A/Goose/_Guangdong_/SSLBY/2015(H5N6)|EPI_ISL_205966,A/Goose/_Guangdong_/SSLBY,0.3015,0.3015,0.4275,0.2773,0.186,-0.063,0.388,52.92,0.432,0.438,678,716,-0.469134,0.093575,H5N6,Avian
1129,A/Goose/_Guangdong_/SSZYP/2015(H5N6)|EPI_ISL_205967,A/Goose/_Guangdong_/SSZYP,0.3028,0.3009,0.431,0.2743,0.187,-0.061,0.389,52.08,0.429,0.436,678,716,-0.468017,0.094972,H5N6,Avian
1130,A/goose/Anhui/AH350/2015|EPI_ISL_255822,A/goose/Anhui/AH350/2015|,0.309,0.294,0.4141,0.292,0.185,-0.076,0.381,53.39,0.437,0.439,678,716,-0.466062,0.093575,H5N6,Avian
1131,A/goose/Changhua/15040008/2015|EPI_ISL_4032545,A/goose/Changhua/15040008,0.2712,0.3315,0.4202,0.2905,0.194,-0.033,0.406,52.92,0.462,0.446,679,716,-0.468436,0.094972,H5N2,Avian
1132,A/goose/Chiayi/15010008-3/2015|EPI_ISL_4032546,A/goose/Chiayi/15010008-3,0.2669,0.3365,0.4152,0.2954,0.193,-0.038,0.404,52.99,0.47,0.448,679,716,-0.468436,0.094972,H5N2,Avian
1133,A/goose/Chiayi/15010016-1/2015|EPI_ISL_4032547,A/goose/Chiayi/15010016-1,0.2669,0.3365,0.4125,0.2968,0.193,-0.035,0.405,53.14,0.471,0.449,679,716,-0.464665,0.094972,H5N2,Avian
1134,A/goose/Chiayi/15020022/2015|EPI_ISL_4032548,A/goose/Chiayi/15020022/2,0.3171,0.2889,0.4283,0.2752,0.19,-0.069,0.385,53.17,0.42,0.428,678,716,-0.490503,0.094972,H5N8,Avian
1135,A/goose/Chiayi/16010017-2/2016|EPI_ISL_4032549,A/goose/Chiayi/16010017-2,0.2669,0.3365,0.4163,0.292,0.191,-0.035,0.405,53.3,0.468,0.448,679,716,-0.465084,0.094972,H5N2,Avian
1136,A/goose/Chiayi/16040003-1/2016|EPI_ISL_4032550,A/goose/Chiayi/16040003-1,0.2707,0.3308,0.4221,0.2872,0.191,-0.041,0.402,52.81,0.461,0.446,679,716,-0.472346,0.094972,H5N2,Avian
1137,A/goose/Chiayi/16040005/2016|EPI_ISL_4032551,A/goose/Chiayi/16040005/2,0.2707,0.3308,0.4221,0.2872,0.191,-0.041,0.402,52.81,0.461,0.446,679,716,-0.472346,0.094972,H5N2,Avian
1138,A/goose/Chiayi/17020027-1/2017|EPI_ISL_4032553,A/goose/Chiayi/17020027-1,0.2712,0.3315,0.4183,0.2932,0.196,-0.026,0.411,52.71,0.464,0.446,679,716,-0.462849,0.094972,H5N2,Avian
1139,A/goose/Chiayi/17040014/2017|EPI_ISL_4032554,A/goose/Chiayi/17040014/2,0.2758,0.3283,0.4057,0.3044,0.19,-0.041,0.402,52.23,0.47,0.447,679,716,-0.476955,0.094972,H5N2,Avian
1140,A/goose/Chiayi/18010006/2018|EPI_ISL_4032555,A/goose/Chiayi/18010006/2,0.2726,0.3271,0.4095,0.3072,0.191,-0.038,0.404,53.35,0.47,0.446,679,716,-0.454888,0.096369,H5N2,Avian
1141,A/goose/Chiayi/18020014-2/2018|EPI_ISL_4032558,A/goose/Chiayi/18020014-2,0.2739,0.3265,0.4133,0.3002,0.19,-0.04,0.402,53.08,0.465,0.446,679,716,-0.459916,0.094972,H5N2,Avian
1142,A/goose/China/1/2021|EPI_ISL_17088884,A/goose/China/1/2021|EPI_,0.2895,0.3102,0.421,0.2908,0.195,-0.036,0.404,53.35,0.448,0.443,679,716,-0.47933,0.093575,H5N8,Avian
1143,A/goose/China/0701/2018|EPI_ISL_14174306,A/goose/China/0701/2018|E,0.3035,0.298,0.4087,0.2956,0.18,-0.074,0.381,52.69,0.443,0.442,679,716,-0.455028,0.093575,H5N6,Avian
1144,A/goose/China/1106/2016|EPI_ISL_379682,A/goose/China/1106/2016|E,0.3083,0.2876,0.4362,0.2794,0.198,-0.03,0.406,52.12,0.421,0.429,679,716,-0.474162,0.096369,H5N2,Avian
1145,A/goose/China/E43/2012|EPI_ISL_278505,A/goose/China/E43/2012|EP,0.3045,0.297,0.4478,0.2552,0.192,-0.045,0.398,51.76,0.413,0.432,678,716,-0.460894,0.093575,H5N1,Avian
1146,A/goose/Chongqing/SD003/2021|EPI_ISL_9638156,A/goose/Chongqing/SD003/2,0.3021,0.3039,0.4508,0.2458,0.195,-0.028,0.408,53.09,0.412,0.434,679,716,-0.458799,0.093575,H5N6,Avian
1147,A/goose/Eastern_China/CZ/2013|EPI_ISL_222134,A/goose/Eastern_China/CZ/,0.3127,0.2921,0.4362,0.2651,0.195,-0.056,0.392,52.35,0.417,0.432,679,716,-0.481704,0.094972,H5N8,Avian
1148,A/goose/Eastern_China/L1204/2012|EPI_ISL_208831,A/goose/Eastern_China/L12,0.3165,0.2846,0.4408,0.2642,0.193,-0.061,0.389,52.02,0.41,0.43,678,716,-0.483799,0.094972,H5N8,Avian
1149,A/goose/Eastern_China/L1214/2012|EPI_ISL_208830,A/goose/Eastern_China/L12,0.3277,0.2772,0.4398,0.2621,0.191,-0.072,0.383,52.48,0.403,0.428,678,716,-0.479888,0.094972,H5N8,Avian
1150,A/goose/Eastern_China/S0408/2014|EPI_ISL_208840,A/goose/Eastern_China/S04,0.3159,0.2897,0.4324,0.2672,0.194,-0.056,0.392,52.7,0.417,0.433,679,716,-0.477374,0.094972,H5N8,Avian
1151,A/goose/Eastern_China/S0513/2013|EPI_ISL_208833,A/goose/Eastern_China/S05,0.3084,0.2935,0.4332,0.2725,0.185,-0.07,0.384,53.21,0.423,0.437,679,716,-0.482682,0.094972,H5N6,Avian
1152,A/goose/Fujian/3.15_FZHX0001-O/2018|EPI_ISL_696991,A/goose/Fujian/3.15_FZHX0,0.3011,0.2992,0.4085,0.2951,0.181,-0.075,0.38,52.6,0.445,0.442,668,705,-0.470213,0.092199,H5N6,Avian
1153,A/goose/Fujian/3.15_FZHX0005-C/2018|EPI_ISL_696994,A/goose/Fujian/3.15_FZHX0,0.3011,0.2992,0.4066,0.2972,0.18,-0.075,0.38,52.8,0.446,0.443,668,705,-0.470213,0.092199,H5N6,Avian
1154,A/goose/Fujian/3.15_FZHX0007-C/2018|EPI_ISL_696995,A/goose/Fujian/3.15_FZHX0,0.3081,0.2949,0.4058,0.2945,0.181,-0.076,0.38,52.62,0.441,0.441,669,705,-0.467518,0.092199,H5N6,Avian
1155,A/goose/Fujian/3.15_FZHX0008-C/2018|EPI_ISL_707653,A/goose/Fujian/3.15_FZHX0,0.3047,0.2972,0.4122,0.2941,0.181,-0.076,0.381,52.77,0.441,0.44,678,716,-0.473883,0.093575,H5N6,Avian
1156,A/goose/Fujian/3.15_FZHX0010-O/2018|EPI_ISL_696993,A/goose/Fujian/3.15_FZHX0,0.3041,0.2985,0.4084,0.2962,0.181,-0.078,0.379,52.67,0.444,0.442,678,716,-0.471229,0.093575,H5N6,Avian
1157,A/goose/Fujian/10.11_FZHX1001-C/2016|EPI_ISL_707641,A/goose/Fujian/10.11_FZHX,0.3052,0.2978,0.4218,0.2836,0.188,-0.06,0.389,52.7,0.434,0.437,678,716,-0.464386,0.093575,H5N6,Avian
1158,A/goose/Fujian/10.26_FZHX0002-C/2017|EPI_ISL_707643,A/goose/Fujian/10.26_FZHX,0.298,0.2998,0.4229,0.2878,0.189,-0.049,0.396,52.82,0.438,0.438,680,716,-0.464386,0.093575,H5N6,Avian
1159,A/goose/Fujian/10.26_FZHX0002-O/2017|EPI_ISL_707644,A/goose/Fujian/10.26_FZHX,0.298,0.2998,0.4229,0.2878,0.189,-0.049,0.396,52.82,0.438,0.438,680,716,-0.464386,0.093575,H5N6,Avian
1160,A/goose/Fujian/10.26_FZHX0004-C/2017|EPI_ISL_707645,A/goose/Fujian/10.26_FZHX,0.298,0.2998,0.421,0.2899,0.189,-0.046,0.397,53.1,0.44,0.438,680,716,-0.464386,0.093575,H5N6,Avian
1161,A/goose/Fujian/10.26_FZHX0004-O/2017|EPI_ISL_707646,A/goose/Fujian/10.26_FZHX,0.298,0.2998,0.421,0.2899,0.189,-0.046,0.397,53.1,0.44,0.438,680,716,-0.464386,0.093575,H5N6,Avian
1162,A/goose/Fujian/10.26_FZHX0006-C/2017|EPI_ISL_707647,A/goose/Fujian/10.26_FZHX,0.298,0.2998,0.421,0.2899,0.189,-0.046,0.397,53.1,0.44,0.438,680,716,-0.464386,0.093575,H5N6,Avian
1163,A/goose/Fujian/10.26_FZHX0006-O/2017|EPI_ISL_707648,A/goose/Fujian/10.26_FZHX,0.298,0.2998,0.421,0.2899,0.189,-0.046,0.397,53.1,0.44,0.438,680,716,-0.464386,0.093575,H5N6,Avian
1164,A/goose/Fujian/10.26_FZHX0007-O/2017|EPI_ISL_707649,A/goose/Fujian/10.26_FZHX,0.298,0.2998,0.4229,0.2878,0.189,-0.049,0.396,52.82,0.438,0.438,680,716,-0.464386,0.093575,H5N6,Avian
1165,A/goose/Fujian/10.26_FZHX0008-C/2017|EPI_ISL_707650,A/goose/Fujian/10.26_FZHX,0.298,0.2998,0.421,0.2899,0.189,-0.046,0.397,53.1,0.44,0.438,680,716,-0.464386,0.093575,H5N6,Avian
1166,A/goose/Fujian/10.26_FZHX0014-O/2017|EPI_ISL_707651,A/goose/Fujian/10.26_FZHX,0.298,0.2998,0.4229,0.2878,0.189,-0.049,0.396,52.82,0.438,0.438,680,716,-0.464386,0.093575,H5N6,Avian
1167,A/goose/Fujian/11.3_FZHX1102-C/2016|EPI_ISL_707652,A/goose/Fujian/11.3_FZHX1,0.3052,0.2978,0.4198,0.2857,0.188,-0.062,0.388,52.72,0.435,0.438,678,716,-0.464386,0.093575,H5N6,Avian
1168,A/goose/Guangdong/03.27_DGQTSJ180-O/2015(Mixed)|EPI_ISL_200250,A/goose/Guangdong/03.27_D,0.3074,0.2998,0.4123,0.2839,0.183,-0.062,0.388,53.2,0.437,0.44,668,705,-0.463262,0.092199,H5N6,Avian
1169,A/goose/Guangdong/04.22_DGCP117-O/2015(H5N6)|EPI_ISL_199207,A/goose/Guangdong/04.22_D,0.308,0.2966,0.4123,0.2881,0.187,-0.066,0.386,53.46,0.437,0.439,668,705,-0.47234,0.092199,H5N6,Avian
1170,A/goose/Guangdong/04.22_DGCP118-P/2015(H5N6)|EPI_ISL_199268,A/goose/Guangdong/04.22_D,0.2792,0.3321,0.4042,0.2958,0.21,0.006,0.429,53.27,0.468,0.449,679,716,-0.487291,0.093575,H5N6,Avian
1171,A/goose/Guangdong/04.22_DGCP120-P/2015(H5N6)|EPI_ISL_199244,A/goose/Guangdong/04.22_D,0.2792,0.3321,0.4061,0.2938,0.21,0.006,0.429,53.44,0.467,0.448,679,716,-0.487291,0.093575,H5N6,Avian
1172,A/goose/Guangdong/04.22_DGCPLB045-O/2015(H5N6)|EPI_ISL_199260,A/goose/Guangdong/04.22_D,0.2792,0.3321,0.4061,0.2938,0.21,0.009,0.43,53.25,0.467,0.448,679,716,-0.487291,0.093575,H5N6,Avian
1173,A/goose/Guangdong/04.23_DGQTXC216-O/2015(Mixed)|EPI_ISL_200235,A/goose/Guangdong/04.23_D,0.308,0.2966,0.4123,0.2887,0.187,-0.063,0.388,53.12,0.437,0.439,668,705,-0.464964,0.092199,H5N6,Avian
1174,A/goose/Guangdong/04.23_DGQTXC216-P/2015(H5N6)|EPI_ISL_199269,A/goose/Guangdong/04.23_D,0.3071,0.2978,0.4141,0.2899,0.187,-0.066,0.386,52.97,0.438,0.439,678,716,-0.466062,0.093575,H5N6,Avian
1175,A/goose/Guangdong/04.23_DGQTXC237-O1/2015(H5N6)|EPI_ISL_199301,A/goose/Guangdong/04.23_D,0.2991,0.3047,0.4141,0.2893,0.184,-0.063,0.388,53.05,0.444,0.443,678,716,-0.47081,0.093575,H5N6,Avian
1176,A/goose/Guangdong/04.23_DGQTXC237-O/2015(Mixed)|EPI_ISL_200242,A/goose/Guangdong/04.23_D,0.2981,0.2962,0.4535,0.2621,0.192,-0.033,0.405,52.78,0.415,0.429,679,716,-0.477654,0.093575,H5N6,Avian
1177,A/goose/Guangdong/7.20_DGCP010-C/2017|EPI_ISL_707658,A/goose/Guangdong/7.20_DG,0.3041,0.3004,0.4054,0.2989,0.182,-0.073,0.382,52.76,0.447,0.442,678,716,-0.475,0.093575,H5N6,Avian
1178,A/goose/Guangdong/k0103/2010|EPI_ISL_139384,A/goose/Guangdong/k0103/2,0.3026,0.3026,0.434,0.2704,0.194,-0.052,0.395,53.07,0.428,0.435,678,716,-0.494832,0.094972,Others,Avian
1179,A/Goose/Guangdong/PO1707260055/GZH/2017-08-02|EPI_ISL_340852,A/Goose/Guangdong/PO17072,0.3036,0.3017,0.4073,0.2936,0.184,-0.068,0.385,53.08,0.445,0.44,668,705,-0.464255,0.093617,H5N6,Avian
1180,A/goose/Guangdong/QY01/2016|EPI_ISL_272740,A/goose/Guangdong/QY01/20,0.2998,0.3035,0.4095,0.292,0.182,-0.065,0.386,52.82,0.445,0.443,678,716,-0.459078,0.093575,H5N6,Avian
1181,A/goose/Guangdong/S230/2021|EPI_ISL_19293707,A/goose/Guangdong/S230/20,0.305,0.2921,0.4171,0.2914,0.177,-0.086,0.373,51.98,0.436,0.438,681,716,-0.457961,0.094972,H5N6,Avian
1182,A/goose/Guangdong/S4751/2021(H5N6)|EPI_ISL_11208200,A/goose/Guangdong/S4751/2,0.2964,0.3021,0.4259,0.2839,0.19,-0.05,0.395,53.01,0.437,0.441,679,716,-0.490363,0.093575,H5N6,Avian
1183,A/goose/Guangdong/s13124/2013|EPI_ISL_201798,A/goose/Guangdong/s13124/,0.3165,0.2846,0.4457,0.26,0.194,-0.054,0.393,52.44,0.406,0.428,679,716,-0.480866,0.094972,H5N8,Avian
1184,A/goose/Guangdong/SH7/2013(H5N1)|EPI_ISL_259927,A/goose/Guangdong/SH7/201,0.2957,0.3051,0.4326,0.2735,0.188,-0.048,0.397,53.05,0.432,0.437,678,716,-0.470112,0.093575,H5N1,Avian
1185,A/goose/Guangdong/YJD/2014|EPI_ISL_295143,A/goose/Guangdong/YJD/201,0.3039,0.3021,0.4179,0.2851,0.187,-0.066,0.386,53.05,0.438,0.44,678,716,-0.465224,0.093575,H5N6,Avian
1186,A/goose/Guangxi/S20601/2021|EPI_ISL_5260446,A/goose/Guangxi/S20601/20,0.2951,0.3064,0.4202,0.2881,0.193,-0.041,0.401,53.47,0.443,0.443,679,716,-0.483659,0.092179,H5N8,Avian
1187,A/goose/Guizhou/S1541/2022(H5N1)|EPI_ISL_12572661,A/goose/Guizhou/S1541/202,0.2825,0.3145,0.4231,0.2896,0.193,-0.042,0.401,54.05,0.451,0.444,679,716,-0.475,0.093575,H5N1,Avian
1188,A/goose/Henan/01.01_LYGL001-O/2017|EPI_ISL_707659,A/goose/Henan/01.01_LYGL0,0.3034,0.2996,0.4237,0.2815,0.188,-0.055,0.392,53.06,0.434,0.438,678,716,-0.463268,0.093575,H5N6,Avian
1189,A/goose/Henan/S1315/2021|EPI_ISL_5260447,A/goose/Henan/S1315/2021|,0.2946,0.3077,0.4171,0.2908,0.192,-0.046,0.398,53.88,0.446,0.444,679,716,-0.486453,0.093575,H5N8,Avian
1190,A/goose/Hubei/113/2014|EPI_ISL_255823,A/goose/Hubei/113/2014|EP,0.3058,0.2964,0.4278,0.2762,0.185,-0.063,0.388,52.12,0.428,0.436,678,716,-0.474162,0.093575,H5N6,Avian
1191,A/goose/HuBei/117/2014|EPI_ISL_255824,A/goose/HuBei/117/2014|EP,0.3052,0.2959,0.4294,0.2773,0.186,-0.061,0.389,52.14,0.428,0.436,678,716,-0.468994,0.093575,H5N6,Avian
1192,A/goose/Hunan/81/2014|EPI_ISL_255834,A/goose/Hunan/81/2014|EPI,0.3052,0.2978,0.4198,0.2857,0.184,-0.071,0.383,53.07,0.435,0.439,678,716,-0.472626,0.092179,H5N6,Avian
1193,A/goose/Hunan/82/2014|EPI_ISL_255835,A/goose/Hunan/82/2014|EPI,0.3052,0.2978,0.4198,0.2857,0.185,-0.071,0.383,53.11,0.435,0.439,678,716,-0.463827,0.093575,H5N6,Avian
1194,A/goose/Hunan/107/2014|EPI_ISL_255825,A/goose/Hunan/107/2014|EP,0.3071,0.2959,0.4313,0.2731,0.186,-0.061,0.389,52.08,0.425,0.435,678,716,-0.469553,0.093575,H5N6,Avian
1195,A/goose/Hunan/109/2014|EPI_ISL_255826,A/goose/Hunan/109/2014|EP,0.3058,0.2946,0.4305,0.2767,0.187,-0.061,0.389,51.86,0.426,0.435,678,716,-0.469553,0.093575,H5N6,Avian
1196,A/goose/Hunan/110/2014|EPI_ISL_255827,A/goose/Hunan/110/2014|EP,0.3058,0.2964,0.4267,0.2788,0.185,-0.066,0.386,52.14,0.429,0.436,678,716,-0.469553,0.093575,H5N6,Avian
1197,A/goose/Hunan/111/2014|EPI_ISL_255828,A/goose/Hunan/111/2014|EP,0.3058,0.2964,0.4286,0.2767,0.186,-0.063,0.388,52.24,0.428,0.436,678,716,-0.468994,0.093575,H5N6,Avian
1198,A/goose/Hunan/115/2014|EPI_ISL_255829,A/goose/Hunan/115/2014|EP,0.3071,0.294,0.4259,0.2803,0.185,-0.069,0.384,52,0.429,0.436,679,716,-0.466341,0.093575,H5N6,Avian
1199,A/goose/Hunan/116/2014|EPI_ISL_255830,A/goose/Hunan/116/2014|EP,0.3058,0.2964,0.4286,0.2767,0.185,-0.063,0.388,52.12,0.428,0.436,678,716,-0.469553,0.093575,H5N6,Avian
1200,A/goose/Hunan/155/2014|EPI_ISL_255831,A/goose/Hunan/155/2014|EP,0.3058,0.3021,0.4215,0.2806,0.185,-0.073,0.383,53.32,0.434,0.438,677,716,-0.471369,0.093575,H5N6,Avian
1201,A/goose/Hunan/159/2014|EPI_ISL_255832,A/goose/Hunan/159/2014|EP,0.3052,0.2978,0.4198,0.2857,0.185,-0.071,0.383,53.03,0.435,0.439,678,716,-0.469553,0.093575,H5N6,Avian
1202,A/goose/Hunan/160/2014|EPI_ISL_255833,A/goose/Hunan/160/2014|EP,0.3052,0.2978,0.4218,0.2836,0.185,-0.068,0.385,53.03,0.434,0.438,678,716,-0.469553,0.093575,H5N6,Avian
1203,A/goose/Hunan/161/2014|EPI_ISL_255388,A/goose/Hunan/161/2014|EP,0.3052,0.2978,0.4218,0.2836,0.185,-0.068,0.385,53.01,0.434,0.438,678,716,-0.469553,0.093575,H5N6,Avian
1204,A/goose/Hunan/HN11/2015|EPI_ISL_255836,A/goose/Hunan/HN11/2015|E,0.3077,0.2946,0.421,0.2851,0.187,-0.061,0.389,52.72,0.432,0.437,678,716,-0.469553,0.093575,H5N6,Avian
1205,A/goose/Hunan/HN22/2015|EPI_ISL_255837,A/goose/Hunan/HN22/2015|E,0.3052,0.2996,0.4198,0.2836,0.187,-0.063,0.388,53.01,0.435,0.438,678,716,-0.473045,0.093575,H5N6,Avian
1206,A/goose/Hunan/HN57/2015|EPI_ISL_255847,A/goose/Hunan/HN57/2015|E,0.3052,0.2996,0.4218,0.2815,0.187,-0.061,0.389,52.98,0.434,0.438,678,716,-0.473045,0.093575,H5N6,Avian
1207,A/goose/Hunan/HN88/2015|EPI_ISL_255848,A/goose/Hunan/HN88/2015|E,0.3077,0.2964,0.4294,0.2752,0.186,-0.063,0.388,51.94,0.426,0.435,678,716,-0.465503,0.093575,H5N6,Avian
1208,A/goose/Hunan/HN90/2015|EPI_ISL_255849,A/goose/Hunan/HN90/2015|E,0.3077,0.2964,0.4286,0.2746,0.185,-0.063,0.388,52.01,0.426,0.435,678,716,-0.469553,0.093575,H5N6,Avian
1209,A/goose/Hunan/HN310/2015|EPI_ISL_255838,A/goose/Hunan/HN310/2015|,0.3065,0.2935,0.4179,0.2899,0.185,-0.073,0.382,52.69,0.435,0.438,678,716,-0.465782,0.093575,H5N6,Avian
1210,A/goose/Hunan/HN311/2015|EPI_ISL_255839,A/goose/Hunan/HN311/2015|,0.3065,0.2935,0.4179,0.2899,0.185,-0.073,0.382,52.69,0.435,0.438,678,716,-0.465782,0.093575,H5N6,Avian
1211,A/goose/Hunan/HN314/2015|EPI_ISL_255840,A/goose/Hunan/HN314/2015|,0.2996,0.3071,0.4168,0.2842,0.185,-0.055,0.393,53.57,0.442,0.441,677,716,-0.473603,0.093575,H5N6,Avian
1212,A/goose/Hunan/HN315/2015|EPI_ISL_255841,A/goose/Hunan/HN315/2015|,0.2996,0.3071,0.4168,0.2842,0.185,-0.055,0.393,53.57,0.442,0.441,677,716,-0.473603,0.093575,H5N6,Avian
1213,A/goose/Hunan/HN316/2015|EPI_ISL_255842,A/goose/Hunan/HN316/2015|,0.2996,0.3071,0.4168,0.2842,0.185,-0.055,0.393,53.57,0.442,0.441,677,716,-0.473603,0.093575,H5N6,Avian
1214,A/goose/Hunan/HN317/2015|EPI_ISL_255843,A/goose/Hunan/HN317/2015|,0.2996,0.3071,0.4168,0.2842,0.185,-0.055,0.393,53.57,0.442,0.441,677,716,-0.473603,0.093575,H5N6,Avian
1215,A/goose/Hunan/HN318/2015|EPI_ISL_255844,A/goose/Hunan/HN318/2015|,0.3065,0.2953,0.416,0.2899,0.185,-0.073,0.382,52.87,0.437,0.439,678,716,-0.465782,0.093575,H5N6,Avian
1216,A/goose/Hunan/HN319/2015|EPI_ISL_255845,A/goose/Hunan/HN319/2015|,0.2996,0.3071,0.4168,0.2842,0.185,-0.055,0.393,53.57,0.442,0.441,677,716,-0.473603,0.093575,H5N6,Avian
1217,A/goose/Hunan/S11288/2021|EPI_ISL_5260448,A/goose/Hunan/S11288/2021,0.2895,0.3083,0.4175,0.2938,0.19,-0.052,0.395,53.41,0.449,0.445,679,716,-0.493855,0.093575,H5N8,Avian
1218,A/goose/Hunan/SE284/2022(H5N1)|EPI_ISL_12572662,A/goose/Hunan/SE284/2022(,0.2817,0.3195,0.4231,0.2881,0.192,-0.044,0.399,52.96,0.452,0.445,679,716,-0.480028,0.093575,H5N1,Avian
1219,A/goose/Inner_Mongolia/IM-192/2014|EPI_ISL_329599,A/goose/Inner_Mongolia/IM,0.2881,0.3145,0.4259,0.283,0.197,-0.023,0.411,52.5,0.445,0.441,679,716,-0.468994,0.092179,H5N1,Avian
1220,A/goose/Jiangsu/k0403/2010|EPI_ISL_123950,A/goose/Jiangsu/k0403/201,0.2792,0.3208,0.4354,0.2773,0.198,-0.022,0.412,52.42,0.445,0.439,679,716,-0.475419,0.093575,H5N1,Avian
1221,A/goose/Jiangsu/QD5/2014|EPI_ISL_206490,A/goose/Jiangsu/QD5/2014|,0.3127,0.2884,0.4419,0.263,0.193,-0.064,0.387,52,0.412,0.431,679,716,-0.481704,0.094972,H5N8,Avian
1222,A/goose/Jiangsu/S1385/2021|EPI_ISL_5260449,A/goose/Jiangsu/S1385/202,0.2895,0.312,0.4183,0.2902,0.194,-0.038,0.402,53.63,0.449,0.445,679,716,-0.485894,0.093575,H5N8,Avian
1223,A/goose/Jiangxi/01.09_NFJX-15-01/2015(Mixed)|EPI_ISL_201374,A/goose/Jiangxi/01.09_NFJ,0.3077,0.2946,0.4286,0.2767,0.186,-0.061,0.389,52.11,0.426,0.435,678,716,-0.469553,0.093575,H5N6,Avian
1224,A/goose/Jilin/04.04_SY003-O/2015(H5N6)|EPI_ISL_198757,A/goose/Jilin/04.04_SY003,0.309,0.2959,0.4198,0.2842,0.188,-0.064,0.388,52.92,0.432,0.437,678,716,-0.472067,0.093575,H5N6,Avian
1225,A/goose/Jilin/S4034/2019(H5N1)|EPI_ISL_18513241,A/goose/Jilin/S4034/2019(,0.2957,0.2994,0.4516,0.2578,0.188,-0.055,0.392,52.75,0.417,0.434,678,716,-0.480168,0.093575,H5N1,Avian
1226,A/goose/Liaoning/S1266/2021|EPI_ISL_5260451,A/goose/Liaoning/S1266/20,0.297,0.3008,0.4221,0.2902,0.189,-0.053,0.393,53.41,0.44,0.442,679,716,-0.485335,0.093575,H5N8,Avian
1227,A/goose/Pingtung/15010007-4/2015|EPI_ISL_4032560,A/goose/Pingtung/15010007,0.2669,0.3365,0.4144,0.2947,0.193,-0.035,0.405,52.86,0.47,0.448,679,716,-0.464665,0.094972,H5N2,Avian
1228,A/goose/Pingtung/15010037-1/2015|EPI_ISL_4032561,A/goose/Pingtung/15010037,0.2669,0.3365,0.4125,0.2968,0.193,-0.038,0.404,52.87,0.471,0.449,679,716,-0.464665,0.094972,H5N2,Avian
1229,A/goose/Pingtung/15050014/2015|EPI_ISL_4032562,A/goose/Pingtung/15050014,0.3133,0.2927,0.4283,0.2752,0.19,-0.064,0.388,53.11,0.423,0.428,678,716,-0.493994,0.094972,H5N8,Avian
1230,A/goose/Pingtung/16010061/2016|EPI_ISL_4032563,A/goose/Pingtung/16010061,0.3152,0.2889,0.4321,0.2731,0.187,-0.074,0.382,52.76,0.419,0.427,678,716,-0.493994,0.094972,H5N8,Avian
1231,A/Goose/Qingyuan/16875/2016|EPI_ISL_278027,A/Goose/Qingyuan/16875/20,0.309,0.2921,0.4168,0.292,0.187,-0.065,0.386,53.26,0.435,0.438,678,716,-0.475419,0.093575,H5N6,Avian
1232,A/goose/Shandong/01.01_JY-GS/2015(H5N2)|EPI_ISL_199160,A/goose/Shandong/01.01_JY,0.3096,0.2852,0.4362,0.28,0.197,-0.025,0.409,52.26,0.42,0.429,679,716,-0.474581,0.096369,H5N2,Avian
1233,A/goose/Shandong/01.07_JQ-GS/2015(H5N2)|EPI_ISL_199161,A/goose/Shandong/01.07_JQ,0.3077,0.2871,0.4343,0.2821,0.197,-0.02,0.412,52.45,0.423,0.429,679,716,-0.474581,0.096369,H5N2,Avian
1234,A/goose/Shandong/02.16_YG-GS/2015(H5N6)|EPI_ISL_199163,A/goose/Shandong/02.16_YG,0.3058,0.2983,0.4207,0.2842,0.185,-0.067,0.386,52.63,0.434,0.438,677,716,-0.463268,0.094972,H5N6,Avian
1235,A/goose/Shandong/02.26_GD/2015(H5N6)|EPI_ISL_199414,A/goose/Shandong/02.26_GD,0.3034,0.2996,0.4237,0.2815,0.185,-0.068,0.385,52.88,0.434,0.438,678,716,-0.469553,0.093575,H5N6,Avian
1236,A/goose/Shandong/03.10_HZ/2015(H5N1)|EPI_ISL_199411,A/goose/Shandong/03.10_HZ,0.2914,0.3008,0.4544,0.26,0.182,-0.063,0.388,51.41,0.419,0.433,678,716,-0.484916,0.093575,H5N1,Avian
1237,A/goose/Shandong/03.16_JNRe-5/2014(H5N6)|EPI_ISL_199410,A/goose/Shandong/03.16_JN,0.3026,0.2989,0.4402,0.2646,0.193,-0.038,0.402,53.1,0.421,0.434,679,716,-0.47514,0.093575,H5N6,Avian
1238,A/goose/Shandong/04.22_GT/2015(H5N2)|EPI_ISL_199196,A/goose/Shandong/04.22_GT,0.3077,0.2871,0.4381,0.2779,0.197,-0.023,0.411,52.23,0.42,0.429,679,716,-0.474581,0.096369,H5N2,Avian
1239,A/goose/Shandong/05.23_AY-GS/2015(Mixed)|EPI_ISL_200468,A/goose/Shandong/05.23_AY,0.3146,0.2903,0.4389,0.2625,0.194,-0.058,0.39,52.5,0.414,0.432,679,716,-0.485894,0.094972,H5N8,Avian
1240,A/goose/Shandong/05.23_DT-GS/2014(H5N8)|EPI_ISL_199158,A/goose/Shandong/05.23_DT,0.3146,0.2903,0.4389,0.263,0.195,-0.056,0.392,52.47,0.414,0.432,679,716,-0.485475,0.094972,H5N8,Avian
1241,A/goose/Shandong/06.14_HZ-GS/2014(Mixed)|EPI_ISL_200458,A/goose/Shandong/06.14_HZ,0.3146,0.2903,0.4362,0.2646,0.194,-0.055,0.392,52.24,0.415,0.433,679,716,-0.48324,0.094972,H5N8,Avian
1242,A/goose/Shandong/11.02_CQ-GS/2014(H5N6)|EPI_ISL_199153,A/goose/Shandong/11.02_CQ,0.2981,0.3019,0.4326,0.275,0.19,-0.053,0.394,53.5,0.431,0.436,678,716,-0.469693,0.093575,H5N6,Avian
1243,A/goose/Shandong/12.05_YG-GS/2014(H5N6)|EPI_ISL_199155,A/goose/Shandong/12.05_YG,0.3058,0.2983,0.4207,0.2842,0.185,-0.067,0.386,52.63,0.434,0.438,677,716,-0.463268,0.094972,H5N6,Avian
1244,A/goose/Shandong/12.08_YG-GS/2014(H5N8)|EPI_ISL_199156,A/goose/Shandong/12.08_YG,0.3099,0.2985,0.4327,0.2627,0.195,-0.051,0.395,52.54,0.42,0.433,669,705,-0.476454,0.093617,H5N8,Avian
1245,A/Goose/Shandong/21153-3/2021(H5N8)|EPI_ISL_7380500,A/Goose/Shandong/21153-3/,0.29,0.307,0.4175,0.2958,0.192,-0.046,0.398,53.84,0.449,0.444,679,716,-0.486453,0.093575,H5N8,Avian
1246,A/goose/Shandong/GD-GS/2014(H5N8)|EPI_ISL_199159,A/goose/Shandong/GD-GS/20,0.3133,0.2927,0.44,0.261,0.196,-0.051,0.395,52.34,0.414,0.431,679,716,-0.486033,0.094972,H5N8,Avian
1247,A/goose/Shandong/GS/2013(H5N1)|EPI_ISL_199413,A/goose/Shandong/GS/2013(,0.2946,0.3002,0.4516,0.2589,0.187,-0.043,0.399,51.66,0.418,0.432,679,716,-0.486313,0.093575,H5N1,Avian
1248,A/goose/Shandong/LQ01694/2013|EPI_ISL_237551,A/goose/Shandong/LQ01694/,0.3133,0.2889,0.4447,0.26,0.194,-0.059,0.391,52.14,0.41,0.43,678,716,-0.484497,0.094972,H5N8,Avian
1249,A/goose/Tainan/16040018-1/2016|EPI_ISL_4032566,A/goose/Tainan/16040018-1,0.3189,0.2833,0.4321,0.2752,0.188,-0.072,0.383,52.77,0.416,0.426,678,716,-0.493994,0.094972,H5N8,Avian
1250,A/goose/Tainan/16070002/2016|EPI_ISL_4032567,A/goose/Tainan/16070002/2,0.3227,0.2795,0.434,0.2731,0.187,-0.074,0.382,52.68,0.412,0.425,678,716,-0.493994,0.094972,H5N8,Avian
1251,A/goose/Tainan/17030022-1/2017|EPI_ISL_4032568,A/goose/Tainan/17030022-1,0.2731,0.3315,0.4106,0.2996,0.198,-0.018,0.415,53.34,0.468,0.446,679,716,-0.466899,0.094972,H5N2,Avian
1252,A/goose/Tainan/17030024-1/2017|EPI_ISL_4032569,A/goose/Tainan/17030024-1,0.275,0.3315,0.4183,0.2869,0.193,-0.034,0.406,52.71,0.46,0.446,678,716,-0.466061,0.093575,H5N2,Avian
1253,A/goose/Tainan/18010022-1/2018|EPI_ISL_4032570,A/goose/Tainan/18010022-1,0.2726,0.3271,0.4087,0.3053,0.191,-0.038,0.404,53.09,0.47,0.449,679,716,-0.464106,0.094972,H5N2,Avian
1254,A/goose/Tainan/18050014-1/2018|EPI_ISL_4032571,A/goose/Tainan/18050014-1,0.2669,0.3365,0.4163,0.2954,0.196,-0.019,0.415,52.41,0.469,0.447,680,716,-0.47905,0.094972,H5N2,Avian
1255,A/goose/Taiwan/01019/2015|EPI_ISL_219875,A/goose/Taiwan/01019/2015,0.3133,0.2927,0.4245,0.2794,0.189,-0.073,0.382,53.12,0.426,0.43,678,716,-0.481005,0.096369,H5N8,Avian
1256,A/goose/Taiwan/01022/2015|EPI_ISL_219879,A/goose/Taiwan/01022/2015,0.2664,0.3358,0.4163,0.2926,0.193,-0.03,0.408,52.56,0.468,0.448,679,716,-0.460335,0.094972,H5N2,Avian
1257,A/goose/Taiwan/01023/2015|EPI_ISL_219880,A/goose/Taiwan/01023/2015,0.2669,0.3346,0.4144,0.2962,0.195,-0.036,0.405,52.86,0.47,0.449,679,716,-0.475279,0.094972,H5N2,Avian
1258,A/goose/Taiwan/01031/2015|EPI_ISL_219881,A/goose/Taiwan/01031/2015,0.2669,0.3365,0.4152,0.2954,0.194,-0.036,0.405,52.96,0.47,0.448,679,716,-0.474441,0.094972,H5N2,Avian
1259,A/goose/Taiwan/01038/2015|EPI_ISL_219872,A/goose/Taiwan/01038/2015,0.3127,0.2921,0.4256,0.2767,0.188,-0.072,0.383,53.19,0.425,0.431,678,716,-0.491201,0.093575,Others,Avian
1260,A/goose/Taiwan/01039/2015|EPI_ISL_219877,A/goose/Taiwan/01039/2015,0.3133,0.2927,0.4275,0.2746,0.19,-0.064,0.388,52.81,0.423,0.429,678,716,-0.495531,0.093575,H5N8,Avian
1261,A/goose/Taiwan/01040/2015|EPI_ISL_219882,A/goose/Taiwan/01040/2015,0.2645,0.3377,0.4152,0.2947,0.193,-0.035,0.405,52.62,0.471,0.45,679,716,-0.476117,0.094972,H5N2,Avian
1262,A/goose/Taiwan/a015/2015|EPI_ISL_179023,A/goose/Taiwan/a015/2015|,0.3143,0.2914,0.4247,0.276,0.19,-0.067,0.386,53.14,0.424,0.428,668,705,-0.489787,0.093617,H5N8,Avian
1263,A/goose/Taiwan/TNC1/2015|EPI_ISL_206456,A/goose/Taiwan/TNC1/2015|,0.3171,0.2889,0.4264,0.2773,0.189,-0.072,0.383,53.08,0.422,0.428,678,716,-0.490503,0.094972,H5N8,Avian
1264,A/goose/Taiwan/TNC3/2015|EPI_ISL_206458,A/goose/Taiwan/TNC3/2015|,0.3152,0.2908,0.4264,0.2773,0.19,-0.069,0.385,53.14,0.423,0.429,678,716,-0.490503,0.094972,H5N8,Avian
1265,A/goose/Taiwan/TNC4/2015|EPI_ISL_206459,A/goose/Taiwan/TNC4/2015|,0.3133,0.2927,0.4264,0.2773,0.19,-0.066,0.386,53.09,0.425,0.429,678,716,-0.490503,0.094972,H5N8,Avian
1266,A/goose/Taiwan/TNC9/2015|EPI_ISL_206464,A/goose/Taiwan/TNC9/2015|,0.3152,0.2908,0.4264,0.2773,0.19,-0.069,0.385,53.14,0.423,0.429,678,716,-0.490503,0.094972,H5N8,Avian
1267,A/goose/Taiwan/TNC10/2015|EPI_ISL_206465,A/goose/Taiwan/TNC10/2015,0.3171,0.2889,0.4264,0.2773,0.189,-0.072,0.383,53.08,0.422,0.428,678,716,-0.490503,0.094972,H5N8,Avian
1268,A/goose/Taiwan/TNC12/2015|EPI_ISL_206467,A/goose/Taiwan/TNC12/2015,0.3171,0.2889,0.4264,0.2773,0.189,-0.072,0.383,53.08,0.422,0.428,678,716,-0.490503,0.094972,H5N8,Avian
1269,A/goose/Taiwan/TNC14/2015|EPI_ISL_206469,A/goose/Taiwan/TNC14/2015,0.3171,0.2889,0.4264,0.2773,0.189,-0.072,0.383,53.08,0.422,0.428,678,716,-0.490503,0.094972,H5N8,Avian
1270,A/goose/Taiwan/TNO3/2015|EPI_ISL_206472,A/goose/Taiwan/TNO3/2015|,0.3133,0.2927,0.4245,0.2794,0.19,-0.066,0.386,53.19,0.426,0.43,678,716,-0.490503,0.094972,H5N8,Avian
1271,A/goose/Taiwan/TNO9/2015|EPI_ISL_206478,A/goose/Taiwan/TNO9/2015|,0.3133,0.2927,0.4264,0.2773,0.19,-0.066,0.386,53.09,0.425,0.429,678,716,-0.490503,0.094972,H5N8,Avian
1272,A/goose/Taiwan/TNO15/2015|EPI_ISL_206484,A/goose/Taiwan/TNO15/2015,0.3133,0.2927,0.4256,0.2767,0.189,-0.066,0.386,52.99,0.425,0.43,678,716,-0.489106,0.093575,H5N8,Avian
1273,A/goose/Taiwan/TNO17/2015|EPI_ISL_206486,A/goose/Taiwan/TNO17/2015,0.3171,0.2889,0.4264,0.2773,0.189,-0.072,0.383,53.08,0.422,0.428,678,716,-0.490503,0.094972,H5N8,Avian
1274,A/goose/Taoyuan/15010041/2015|EPI_ISL_4032572,A/goose/Taoyuan/15010041/,0.3152,0.2908,0.4302,0.2731,0.188,-0.072,0.383,53.14,0.42,0.428,678,716,-0.490503,0.094972,H5N8,Avian
1275,A/goose/Taoyuan/18120002-2/2018|EPI_ISL_4032573,A/goose/Taoyuan/18120002-,0.2879,0.3163,0.4087,0.3019,0.199,-0.033,0.406,54.49,0.459,0.445,678,716,-0.459358,0.094972,H5N2,Avian
1276,A/goose/Xinjiang/12.18_WLMQXL001-C/2016|EPI_ISL_707661,A/goose/Xinjiang/12.18_WL,0.309,0.294,0.416,0.2905,0.18,-0.084,0.376,53.52,0.435,0.438,678,716,-0.464944,0.093575,H5N6,Avian
1277,A/goose/Xinjiang/12.18_WLMQXL002-O/2016|EPI_ISL_707662,A/goose/Xinjiang/12.18_WL,0.309,0.294,0.416,0.2905,0.18,-0.084,0.376,53.52,0.435,0.438,678,716,-0.464944,0.093575,H5N6,Avian
1278,A/goose/Xinjiang/12.18_WLMQXL003-C/2016|EPI_ISL_707663,A/goose/Xinjiang/12.18_WL,0.279,0.3109,0.419,0.3046,0.194,-0.039,0.401,54.13,0.457,0.446,680,716,-0.469134,0.093575,H5N8,Avian
1279,A/goose/Xinjiang/12.18_WLMQXL003-O/2016|EPI_ISL_707664,A/goose/Xinjiang/12.18_WL,0.2777,0.3114,0.4183,0.3061,0.194,-0.039,0.401,54.15,0.459,0.446,680,716,-0.469134,0.093575,H5N8,Avian
1280,A/goose/Xinjiang/12.18_WLMQXL004-C/2016|EPI_ISL_707665,A/goose/Xinjiang/12.18_WL,0.2777,0.3114,0.4183,0.3061,0.194,-0.039,0.401,54.15,0.459,0.446,680,716,-0.469134,0.093575,H5N8,Avian
1281,A/goose/Xinjiang/12.18_WLMQXL004-O/2016|EPI_ISL_707666,A/goose/Xinjiang/12.18_WL,0.2777,0.3114,0.4183,0.3061,0.194,-0.039,0.401,54.15,0.459,0.446,680,716,-0.469134,0.093575,H5N8,Avian
1282,A/goose/Yangzhou/0420/2014|EPI_ISL_206492,A/goose/Yangzhou/0420/201,0.3146,0.294,0.4389,0.2594,0.196,-0.049,0.396,52.55,0.414,0.431,679,716,-0.486173,0.094972,H5N8,Avian
1283,A/goose/Yangzhou/YZ587/2016|EPI_ISL_282394,A/goose/Yangzhou/YZ587/20,0.3009,0.2972,0.4237,0.2857,0.184,-0.063,0.388,52.81,0.435,0.439,678,716,-0.470391,0.093575,H5N6,Avian
1284,A/goose/Yunlin/15010005/2015|EPI_ISL_4032574,A/goose/Yunlin/15010005/2,0.2669,0.3365,0.4171,0.2932,0.194,-0.033,0.406,52.87,0.468,0.447,679,716,-0.468436,0.094972,H5N2,Avian
1285,A/goose/Yunlin/15010009-1/2015|EPI_ISL_4032575,A/goose/Yunlin/15010009-1,0.2669,0.3365,0.4152,0.2954,0.194,-0.035,0.405,52.89,0.47,0.448,679,716,-0.468436,0.094972,H5N2,Avian
1286,A/goose/Yunlin/15010010-2/2015|EPI_ISL_4032576,A/goose/Yunlin/15010010-2,0.2669,0.3365,0.4152,0.2954,0.194,-0.035,0.405,52.89,0.47,0.448,679,716,-0.468436,0.094972,H5N2,Avian
1287,A/goose/Yunlin/15010011-1/2015|EPI_ISL_4032577,A/goose/Yunlin/15010011-1,0.2669,0.3365,0.4152,0.2954,0.194,-0.035,0.405,52.89,0.47,0.448,679,716,-0.468436,0.094972,H5N2,Avian
1288,A/goose/Yunlin/15040040/2015|EPI_ISL_4055115,A/goose/Yunlin/15040040/2,0.3109,0.294,0.4264,0.2773,0.188,-0.071,0.383,53,0.426,0.43,678,716,-0.491341,0.094972,H5N8,Avian
1289,A/goose/Yunlin/16020008-4/2016|EPI_ISL_4055116,A/goose/Yunlin/16020008-4,0.2693,0.3333,0.4221,0.2878,0.191,-0.038,0.404,52.98,0.462,0.446,679,716,-0.464246,0.094972,H5N2,Avian
1290,A/goose/Yunlin/16020011-1/2016|EPI_ISL_4055117,A/goose/Yunlin/16020011-1,0.2712,0.3315,0.4248,0.2857,0.193,-0.035,0.405,53.24,0.459,0.445,679,716,-0.468436,0.094972,H5N2,Avian
1291,A/goose/Yunlin/16040002-2/2016|EPI_ISL_4055119,A/goose/Yunlin/16040002-2,0.2674,0.3333,0.424,0.2878,0.191,-0.039,0.404,53.11,0.462,0.446,679,716,-0.467598,0.094972,H5N2,Avian
1292,A/goose/Yunlin/17100005/2017|EPI_ISL_4055120,A/goose/Yunlin/17100005/2,0.2688,0.3327,0.4183,0.2932,0.195,-0.028,0.409,52.76,0.465,0.446,679,716,-0.464246,0.094972,H5N2,Avian
1293,A/goose/Yunlin/18030020-2/2018|EPI_ISL_4055122,A/goose/Yunlin/18030020-2,0.2744,0.3252,0.4307,0.28,0.198,-0.013,0.418,52.24,0.451,0.442,679,716,-0.460475,0.094972,H5N2,Avian
1294,A/goose/Yunlin/18030020-3/2018|EPI_ISL_4055123,A/goose/Yunlin/18030020-3,0.2744,0.3252,0.4307,0.28,0.198,-0.013,0.418,52.24,0.451,0.442,679,716,-0.460475,0.094972,H5N2,Avian
1295,A/goose/Yunlin/18040002-3/2018|EPI_ISL_4055124,A/goose/Yunlin/18040002-3,0.2744,0.3252,0.4106,0.3038,0.195,-0.031,0.408,53.12,0.467,0.447,679,716,-0.463687,0.094972,H5N2,Avian
1296,A/goose/Yunlin/18040018-2/2018|EPI_ISL_4055125,A/goose/Yunlin/18040018-2,0.2669,0.3346,0.4133,0.3002,0.194,-0.025,0.411,52.54,0.471,0.448,679,716,-0.468017,0.094972,H5N2,Avian
1297,A/goose/Yunlin/18090002-3/2018|EPI_ISL_4055127,A/goose/Yunlin/18090002-3,0.2688,0.3308,0.4171,0.2981,0.192,-0.033,0.406,52.85,0.467,0.446,679,716,-0.468017,0.094972,H5N2,Avian
1298,A/goose/Yunlin/18090006-1/2018|EPI_ISL_4055128,A/goose/Yunlin/18090006-1,0.29,0.3107,0.4221,0.2887,0.199,-0.031,0.406,52.26,0.446,0.441,679,716,-0.467458,0.094972,H5N2,Avian
1299,A/goose/Yunlin/18110002-3/2018|EPI_ISL_4055129,A/goose/Yunlin/18110002-3,0.2879,0.3163,0.4068,0.3033,0.198,-0.035,0.404,54.6,0.46,0.446,678,716,-0.46676,0.094972,H5N2,Avian
1300,A/goose/Yunnan/07.14_DQWCK119/2015(H5N6)|EPI_ISL_200820,A/goose/Yunnan/07.14_DQWC,0.3052,0.2996,0.4218,0.2809,0.187,-0.066,0.386,52.64,0.434,0.437,678,716,-0.476816,0.093575,H5N6,Avian
1301,A/goose/Yunnan/07.14_DQWCK122/2015(H5N6)|EPI_ISL_200821,A/goose/Yunnan/07.14_DQWC,0.3052,0.2996,0.4218,0.2809,0.187,-0.066,0.386,52.65,0.434,0.437,678,716,-0.477374,0.093575,H5N6,Avian
1302,A/goose/Zhejiang/77166/2014|EPI_ISL_203733,A/goose/Zhejiang/77166/20,0.2951,0.3083,0.4392,0.2642,0.188,-0.048,0.397,52.01,0.428,0.435,678,716,-0.469134,0.093575,H5N2,Avian
1303,A/goose/Zhejiang/77167/2014|EPI_ISL_203734,A/goose/Zhejiang/77167/20,0.2946,0.3039,0.443,0.2642,0.19,-0.044,0.4,51.88,0.425,0.434,678,716,-0.469833,0.092179,H5N2,Avian
1304,A/goose/Zhejiang/77168/2014|EPI_ISL_203735,A/goose/Zhejiang/77168/20,0.2946,0.3039,0.443,0.2642,0.19,-0.044,0.4,51.88,0.425,0.434,678,716,-0.469833,0.092179,H5N2,Avian
1305,A/goose/Zhejiang/112071/2014|EPI_ISL_203729,A/goose/Zhejiang/112071/2,0.2951,0.2989,0.4516,0.2594,0.182,-0.058,0.391,51.65,0.417,0.433,678,716,-0.473184,0.093575,H5N1,Avian
1306,A/goose/Zhejiang/112080/2014|EPI_ISL_203745,A/goose/Zhejiang/112080/2,0.3062,0.2987,0.4324,0.2725,0.187,-0.061,0.39,53.4,0.425,0.435,677,716,-0.466481,0.093575,H5N6,Avian
1307,A/goose/Zhejiang/727092/2014|EPI_ISL_203739,A/goose/Zhejiang/727092/2,0.3071,0.2978,0.4198,0.2842,0.187,-0.066,0.386,52.98,0.434,0.438,678,716,-0.468576,0.093575,H5N6,Avian
1308,A/goose/Zhejiang/727098/2014|EPI_ISL_203730,A/goose/Zhejiang/727098/2,0.2932,0.3026,0.4476,0.2647,0.184,-0.062,0.389,51.11,0.423,0.433,678,716,-0.490503,0.094972,H5N1,Avian
1309,A/goose/Zhejiang/727110/2014|EPI_ISL_203740,A/goose/Zhejiang/727110/2,0.3052,0.2996,0.4226,0.2827,0.186,-0.066,0.386,53,0.434,0.437,678,716,-0.467458,0.093575,H5N6,Avian
1310,A/goose/Zhejiang/925036/2014|EPI_ISL_203741,A/goose/Zhejiang/925036/2,0.3028,0.2972,0.4229,0.2851,0.188,-0.063,0.387,52.82,0.434,0.439,679,716,-0.451257,0.093575,H5N6,Avian
1311,A/goose/Zhejiang/925037/2014|EPI_ISL_203752,A/goose/Zhejiang/925037/2,0.2946,0.3077,0.4389,0.2695,0.197,-0.025,0.409,51.34,0.43,0.439,679,716,-0.490223,0.096369,H5N8,Avian
1312,A/goose/Zhejiang/925104/2014|EPI_ISL_203753,A/goose/Zhejiang/925104/2,0.3139,0.2932,0.4359,0.2657,0.196,-0.047,0.397,52.57,0.417,0.432,678,716,-0.490782,0.096369,H5N8,Avian
1313,A/goose/Zhejiang/925105/2014|EPI_ISL_203742,A/goose/Zhejiang/925105/2,0.3025,0.3006,0.4307,0.2762,0.19,-0.049,0.397,53,0.429,0.436,678,716,-0.460475,0.093575,H5N6,Avian
1314,A/goose/Zhejiang/925106/2014|EPI_ISL_203743,A/goose/Zhejiang/925106/2,0.3146,0.2921,0.4313,0.2693,0.195,-0.048,0.396,52.56,0.42,0.432,679,716,-0.489665,0.094972,H5N6,Avian
1315,A/goose/Zhejiang/925108/2014|EPI_ISL_203744,A/goose/Zhejiang/925108/2,0.3025,0.3006,0.4307,0.2762,0.19,-0.049,0.397,53,0.429,0.436,678,716,-0.460475,0.093575,H5N6,Avian
1316,A/goose/Zhejiang/1120132/2014|EPI_ISL_203746,A/goose/Zhejiang/1120132/,0.303,0.303,0.4297,0.2741,0.191,-0.055,0.393,53.12,0.43,0.437,677,716,-0.467737,0.093575,H5N6,Avian
1317,A/goose/Zhejiang/S1266/2021|EPI_ISL_5260450,A/goose/Zhejiang/S1266/20,0.2932,0.3045,0.4183,0.295,0.191,-0.049,0.396,53.7,0.446,0.443,679,716,-0.485475,0.093575,H5N8,Avian
1318,A/Great_black-headed_Gull/Qinghai/YO1/2015_H5N1|EPI_ISL_200999,A/Great_black-headed_Gull,0.2938,0.2994,0.4573,0.2542,0.182,-0.06,0.389,52.48,0.414,0.433,678,716,-0.493855,0.093575,H5N1,Avian
1319,A/Great_Black-headed_Gull/Qinghai/YO1-B/2016|EPI_ISL_224752,A/Great_Black-headed_Gull,0.2744,0.3177,0.419,0.3025,0.192,-0.045,0.399,53.87,0.461,0.446,679,716,-0.47067,0.093575,H5N8,Avian
1320,A/Great_black-headed_Gull/Qinghai/YO6/2015_H5N1|EPI_ISL_201000,A/Great_black-headed_Gull,0.2938,0.2994,0.4573,0.2542,0.182,-0.06,0.389,52.48,0.414,0.433,678,716,-0.493855,0.093575,H5N1,Avian
1321,A/Great_Cormorant/Hubei/chenhu_V2/2015_mixed|EPI_ISL_302495,A/Great_Cormorant/Hubei/c,0.2782,0.312,0.4283,0.2911,0.198,-0.019,0.414,53.07,0.449,0.441,681,716,-0.470531,0.093575,H5N6,Avian
1322,A/Great_Cormorant/Hubei/chenhu_V9/2015|EPI_ISL_302706,A/Great_Cormorant/Hubei/c,0.2763,0.312,0.4358,0.2848,0.196,-0.016,0.416,52.96,0.445,0.439,681,716,-0.470531,0.093575,H5N1,Avian
1323,A/Great_Cormorant/Hubei/chenhu_V10/2015|EPI_ISL_302707,A/Great_Cormorant/Hubei/c,0.2782,0.3102,0.434,0.2869,0.195,-0.021,0.413,52.98,0.445,0.439,681,716,-0.470531,0.093575,H5N1,Avian
1324,A/Great_Cormorant/Hubei/chenhu_V11/2015|EPI_ISL_302708,A/Great_Cormorant/Hubei/c,0.2763,0.3139,0.4283,0.2911,0.198,-0.016,0.416,53.03,0.451,0.441,681,716,-0.470531,0.093575,H5N6,Avian
1325,A/Great_Cormorant/Hubei/VI128/2015_H5N1|EPI_ISL_212420,A/Great_Cormorant/Hubei/V,0.2782,0.3139,0.4264,0.2911,0.199,-0.016,0.416,53.04,0.451,0.441,681,716,-0.470531,0.093575,H5N1,Avian
1326,A/Great_Cormorant/Hubei/VI132/2015_H5N1|EPI_ISL_212421,A/Great_Cormorant/Hubei/V,0.2782,0.3139,0.4264,0.2911,0.199,-0.016,0.416,53.04,0.451,0.441,681,716,-0.470531,0.093575,H5N1,Avian
1327,A/Great_Cormorant/Hubei/VI133/2015_H5N1|EPI_ISL_212422,A/Great_Cormorant/Hubei/V,0.2801,0.3102,0.4302,0.289,0.196,-0.024,0.411,53.2,0.446,0.44,681,716,-0.470531,0.093575,H5N1,Avian
1328,A/Great_Cormorant/Qinghai/a51/2016|EPI_ISL_292326,A/Great_Cormorant/Qinghai,0.2763,0.3139,0.4267,0.2962,0.195,-0.034,0.405,53.39,0.454,0.444,679,716,-0.475279,0.093575,H5N8,Avian
1329,A/Great_Cormorant/Qinghai/B82/2016|EPI_ISL_292188,A/Great_Cormorant/Qinghai,0.2758,0.3133,0.4248,0.2983,0.195,-0.036,0.404,53.58,0.455,0.445,679,716,-0.467877,0.093575,H5N8,Avian
1330,A/Great_Cormorant/Qinghai/Y01/2016|EPI_ISL_292185,A/Great_Cormorant/Qinghai,0.2787,0.3126,0.4218,0.3004,0.198,-0.033,0.406,53.61,0.456,0.445,678,716,-0.478911,0.093575,H5N8,Avian
1331,A/Great_Crested_Grebe/Qinghai/a737/2017|EPI_ISL_292477,A/Great_Crested_Grebe/Qin,0.2844,0.3183,0.4183,0.2926,0.198,-0.032,0.406,52.63,0.454,0.445,679,716,-0.467318,0.093575,H5N8,Avian
1332,A/grebe/Ningxia/SD001/2021|EPI_ISL_5260468,A/grebe/Ningxia/SD001/202,0.2946,0.3058,0.419,0.2914,0.192,-0.035,0.404,53.77,0.445,0.442,679,716,-0.477514,0.093575,H5N8,Avian
1333,A/grebe/Shaanxi/SD001/2021|EPI_ISL_5260467,A/grebe/Shaanxi/SD001/202,0.2946,0.3058,0.4171,0.2941,0.192,-0.033,0.405,53.82,0.446,0.442,679,716,-0.477654,0.093575,H5N8,Avian
1334,A/grebe/Shandong/SC184/2021|EPI_ISL_5260466,A/grebe/Shandong/SC184/20,0.2951,0.3064,0.4171,0.2929,0.193,-0.042,0.401,53.53,0.446,0.444,679,716,-0.491481,0.093575,H5N8,Avian
1335,A/green-winged_teal/Guangdong/SD004/2021|EPI_ISL_5260452,A/green-winged_teal/Guang,0.2951,0.3064,0.4221,0.2854,0.192,-0.041,0.401,53.67,0.442,0.443,679,716,-0.493156,0.093575,H5N8,Avian
1336,A/Guangdong/1/2006|EPI_ISL_79678,A/Guangdong/1/2006|EPI_IS,0.2911,0.3081,0.443,0.2683,0.196,-0.029,0.407,52.39,0.429,0.433,678,716,-0.484218,0.094972,H5N1,Human
1337,A/Guangdong/1/2008|EPI_ISL_73306,A/Guangdong/1/2008|EPI_IS,0.2892,0.3081,0.4466,0.2679,0.197,-0.027,0.409,52.57,0.428,0.434,677,716,-0.473603,0.094972,H5N1,Human
1338,A/Guangdong/2/2006|EPI_ISL_73299,A/Guangdong/2/2006|EPI_IS,0.2949,0.3062,0.4487,0.26,0.196,-0.038,0.403,51.66,0.422,0.433,678,716,-0.475978,0.093575,H5N1,Human
1339,A/Guangdong/18SF020/2018-09-30|EPI_ISL_340796,A/Guangdong/18SF020/2018-,0.306,0.2948,0.4152,0.2914,0.184,-0.074,0.381,51.84,0.437,0.44,679,716,-0.469972,0.094972,H5N6,Human
1340,A/Guangdong/12903/2021|EPI_ISL_10792672,A/Guangdong/12903/2021|EP,0.2927,0.3058,0.4183,0.2923,0.191,-0.045,0.398,53.54,0.446,0.445,679,716,-0.486732,0.093575,H5N6,Human
1341,A/Guangdong/lgf/2021|EPI_ISL_16208999,A/Guangdong/lgf/2021|EPI_,0.2946,0.3039,0.4163,0.2944,0.191,-0.045,0.398,53.75,0.446,0.445,679,716,-0.486732,0.093575,H5N6,Human
1342,A/Guangxi/1/2005|EPI_ISL_24608,A/Guangxi/1/2005|EPI_ISL_,0.2911,0.31,0.4457,0.2647,0.198,-0.031,0.407,52.25,0.428,0.434,678,716,-0.477374,0.094972,H5N1,Human
1343,A/Guangxi/1/2005|EPI_ISL_73304,A/Guangxi/1/2005|EPI_ISL_,0.2911,0.31,0.4457,0.2647,0.198,-0.031,0.407,52.25,0.428,0.434,678,716,-0.477374,0.094972,H5N1,Human
1344,A/Guangxi/1/2008|EPI_ISL_73305,A/Guangxi/1/2008|EPI_ISL_,0.2925,0.3075,0.4497,0.2573,0.198,-0.035,0.404,52.29,0.422,0.432,678,716,-0.477374,0.092179,H5N1,Human
1345,A/Guangxi/32797/2018|EPI_ISL_337276,A/Guangxi/32797/2018|EPI_,0.3004,0.3004,0.4065,0.3004,0.179,-0.08,0.378,52.87,0.448,0.442,678,716,-0.468157,0.094972,H5N6,Human
1346,A/Guangxi/55726/2016|EPI_ISL_240704,A/Guangxi/55726/2016|EPI_,0.3109,0.2921,0.4218,0.2836,0.185,-0.071,0.383,53.42,0.429,0.435,678,716,-0.469553,0.093575,H5N6,Human
1347,A/Guangzhou/39715/2014|EPI_ISL_175335,A/Guangzhou/39715/2014|EP,0.3052,0.2978,0.4198,0.2857,0.184,-0.071,0.383,53.16,0.435,0.439,678,716,-0.468994,0.093575,H5N6,Human
1348,A/Guizhou/1/2009|EPI_ISL_73309,A/Guizhou/1/2009|EPI_ISL_,0.2892,0.31,0.4457,0.2657,0.199,-0.025,0.41,52.7,0.429,0.435,678,716,-0.480307,0.094972,H5N1,Human
1349,A/GX-guilin/11151/2021|EPI_ISL_3770740,A/GX-guilin/11151/2021|EP,0.2836,0.3176,0.3977,0.318,0.195,-0.029,0.407,54.44,0.471,0.448,680,716,-0.472626,0.093575,H5N6,Human
1350,A/GX-hechi/01/2021|EPI_ISL_3770721,A/GX-hechi/01/2021|EPI_IS,0.2827,0.3245,0.4038,0.3027,0.201,-0.013,0.417,54.42,0.465,0.445,679,716,-0.456983,0.093575,H5N6,Human
1351,A/Hangzhou/01/2021|EPI_ISL_7983813,A/Hangzhou/01/2021|EPI_IS,0.2884,0.3131,0.3951,0.3201,0.19,-0.046,0.398,55.15,0.468,0.446,679,716,-0.480866,0.093575,H5N6,Human
1352,A/HeFei04171/2024|EPI_ISL_19356984,A/HeFei04171/2024|EPI_ISL,0.2792,0.3245,0.397,0.3138,0.201,-0.027,0.409,53.34,0.474,0.452,680,716,-0.465084,0.093575,H5N6,Human
1353,A/heron/Kaohsiung/15WB3284-1-5/2015|EPI_ISL_19226439,A/heron/Kaohsiung/15WB328,0.2768,0.3202,0.424,0.292,0.193,-0.041,0.401,53.78,0.455,0.444,679,716,-0.464804,0.093575,Others,Avian
1354,A/heron/Taiwan/17DB0001/2017|EPI_ISL_4055130,A/heron/Taiwan/17DB0001/2,0.2688,0.3346,0.4137,0.2947,0.198,-0.015,0.417,53.14,0.468,0.448,679,716,-0.473464,0.094972,H5N2,Avian
1355,A/Herring_Gull/Hubei/CH-i149/2017_H5N8|EPI_ISL_266822,A/Herring_Gull/Hubei/CH-i,0.2763,0.3139,0.4248,0.2983,0.195,-0.034,0.405,53.56,0.455,0.445,679,716,-0.469553,0.093575,H5N8,Avian
1356,A/hill_myna/Heilongjiang/0704/2012|EPI_ISL_162442,A/hill_myna/Heilongjiang/,0.29,0.3051,0.4516,0.2594,0.186,-0.051,0.395,51.94,0.422,0.433,678,716,-0.483659,0.093575,H5N1,Avian
1357,A/Hong_Kong/5923/2012|EPI_ISL_121190,A/Hong_Kong/5923/2012|EPI,0.3026,0.2989,0.4392,0.2657,0.189,-0.053,0.394,52.76,0.422,0.435,678,716,-0.469553,0.093575,H5N1,Human
1358,A/Hubei/29578/2016_x_PR8__(CNIC-HB29578)|EPI_ISL_341293,A/Hubei/29578/2016_x_PR8_,0.3377,0.2679,0.4343,0.2731,0.19,-0.085,0.376,50.06,0.401,0.42,679,716,-0.468576,0.094972,H5N6,Human
1359,A/Hubei/29578/2016|EPI_ISL_256213,A/Hubei/29578/2016|EPI_IS,0.2736,0.3264,0.4286,0.2878,0.208,0.007,0.428,53.73,0.456,0.442,680,716,-0.49609,0.093575,H5N6,Human
1360,A/Hunan/1/2006|EPI_ISL_79677,A/Hunan/1/2006|EPI_ISL_79,0.2854,0.3138,0.4459,0.2636,0.197,-0.028,0.409,52.22,0.431,0.436,678,716,-0.472207,0.093575,H5N1,Human
1361,A/Hunan/1/2008|EPI_ISL_73303,A/Hunan/1/2008|EPI_ISL_73,0.3169,0.2941,0.4015,0.3021,0.201,-0.041,0.402,54.33,0.442,0.439,679,716,-0.480726,0.093575,H5N1,Human
1362,A/Hunan/2/2009|EPI_ISL_79687,A/Hunan/2/2009|EPI_ISL_79,0.2917,0.3087,0.4438,0.2678,0.202,-0.025,0.41,52.61,0.429,0.434,678,716,-0.467877,0.094972,H5N1,Human
1363,A/Japanese_white-eye/Taoyuan/Q454/2012|EPI_ISL_154971,A/Japanese_white-eye/Taoy,0.29,0.3051,0.4487,0.2642,0.185,-0.056,0.392,51.71,0.425,0.433,678,716,-0.488129,0.093575,H5N1,Avian
1364,A/Jiangsu/1/2007|EPI_ISL_79683,A/Jiangsu/1/2007|EPI_ISL_,0.2917,0.3068,0.4411,0.2737,0.2,-0.028,0.409,52.3,0.431,0.433,678,716,-0.472626,0.093575,H5N1,Human
1365,A/Jiangsu/1/2018|EPI_ISL_332400,A/Jiangsu/1/2018|EPI_ISL_,0.2887,0.3151,0.408,0.3013,0.203,-0.014,0.417,54.38,0.458,0.444,679,716,-0.467039,0.093575,H5N6,Human
1366,A/Jiangsu/1/2018|EPI_ISL_332402,A/Jiangsu/1/2018|EPI_ISL_,0.2887,0.3151,0.408,0.3013,0.203,-0.014,0.417,54.38,0.458,0.444,679,716,-0.467039,0.093575,H5N6,Human
1367,A/Jiangsu/1/2020_(H5N6)|EPI_ISL_718225,A/Jiangsu/1/2020_(H5N6)|E,0.2844,0.3183,0.4034,0.3075,0.2,-0.04,0.401,53.68,0.465,0.448,680,716,-0.465503,0.093575,H5N6,Human
1368,A/Jiangsu/1/2020(H5N6)|EPI_ISL_718266,A/Jiangsu/1/2020(H5N6)|EP,0.2844,0.3183,0.4034,0.3075,0.2,-0.04,0.401,53.68,0.465,0.448,680,716,-0.465503,0.093575,H5N6,Human
1369,A/Jiangsu/2/2007|EPI_ISL_79684,A/Jiangsu/2/2007|EPI_ISL_,0.2917,0.3068,0.4411,0.2737,0.2,-0.028,0.409,52.3,0.431,0.433,678,716,-0.472626,0.093575,H5N1,Human
1370,A/Jiangsu/JSSZ01/2018|EPI_ISL_368368,A/Jiangsu/JSSZ01/2018|EPI,0.2887,0.3151,0.408,0.3013,0.203,-0.014,0.417,54.38,0.458,0.444,679,716,-0.467039,0.093575,H5N6,Human
1371,A/Jiangxi/1/2005|EPI_ISL_24609,A/Jiangxi/1/2005|EPI_ISL_,0.303,0.3087,0.4042,0.2985,0.205,-0.036,0.405,53.59,0.451,0.443,679,716,-0.477654,0.093575,H5N1,Human
1372,A/Jiangxi/16791/2022|EPI_ISL_18000337,A/Jiangxi/16791/2022|EPI_,0.2846,0.3188,0.4042,0.3075,0.198,-0.025,0.41,54.61,0.465,0.447,678,716,-0.472207,0.093575,H5N6,Human
1373,A/lesser_kestrel/Heilongjiang/194/2007|EPI_ISL_63521,A/lesser_kestrel/Heilongj,0.29,0.307,0.4354,0.2794,0.192,-0.042,0.401,52.93,0.436,0.437,679,716,-0.478212,0.093575,H5N1,Avian
1374,A/lion/Hubei/1-2/2016|EPI_ISL_244744,A/lion/Hubei/1-2/2016|EPI,0.2809,0.3052,0.4367,0.2854,0.193,-0.026,0.41,53.07,0.441,0.439,681,716,-0.465643,0.093575,H5N1,Nonhuman Mammal
1375,A/Luscinia_cyane/Jiangxi/U2/2016_(H5N6)|EPI_ISL_386922,A/Luscinia_cyane/Jiangxi/,0.3127,0.294,0.4324,0.2672,0.196,-0.059,0.39,52.57,0.42,0.433,679,716,-0.481704,0.094972,H5N6,Avian
1376,A/mallard_duck/Shanghai/SH-9/2013|EPI_ISL_156815,A/mallard_duck/Shanghai/S,0.3165,0.2884,0.4362,0.2651,0.195,-0.056,0.392,52.29,0.414,0.432,679,716,-0.478212,0.094972,H5N8,Avian
1377,A/mallard/Heilongjiang/HLJ-69/2013|EPI_ISL_378284,A/mallard/Heilongjiang/HL,0.2679,0.3396,0.44,0.2668,0.212,0.042,0.449,54.07,0.451,0.441,680,716,-0.498324,0.093575,H5N1,Avian
1378,A/Mallard/Jiangxi/JXH9/2014_(H5N6)|EPI_ISL_386927,A/Mallard/Jiangxi/JXH9/20,0.3103,0.2953,0.4141,0.2878,0.185,-0.07,0.383,53.68,0.435,0.439,678,716,-0.471509,0.093575,H5N6,Avian
1379,A/Mallard/Jiangxi/JXH22/2014_(H5N6)|EPI_ISL_386926,A/Mallard/Jiangxi/JXH22/2,0.309,0.294,0.416,0.2899,0.185,-0.073,0.382,53.24,0.435,0.439,678,716,-0.469553,0.093575,H5N6,Avian
1380,A/mallard/Ningxia/175/2020|EPI_ISL_2815374,A/mallard/Ningxia/175/202,0.2876,0.3064,0.4269,0.2887,0.19,-0.044,0.399,52.26,0.443,0.445,679,716,-0.485335,0.093575,H5N8,Avian
1381,A/mallard/Ningxia/176/2020|EPI_ISL_2820250,A/mallard/Ningxia/176/202,0.2876,0.3064,0.4288,0.2866,0.19,-0.047,0.398,52.08,0.442,0.444,679,716,-0.485335,0.093575,H5N8,Avian
1382,A/mallard/Ningxia/239/2020|EPI_ISL_2820288,A/mallard/Ningxia/239/202,0.2876,0.3064,0.4288,0.2866,0.191,-0.044,0.399,52.11,0.442,0.444,679,716,-0.485894,0.093575,H5N8,Avian
1383,A/mallard/Ningxia/241/2020|EPI_ISL_2820465,A/mallard/Ningxia/241/202,0.2881,0.307,0.4288,0.2866,0.192,-0.045,0.399,52.18,0.442,0.443,679,716,-0.485056,0.093575,H5N8,Avian
1384,A/mallard/Ningxia/247/2020|EPI_ISL_2820501,A/mallard/Ningxia/247/202,0.2876,0.3064,0.4288,0.2866,0.19,-0.047,0.398,52.08,0.442,0.444,679,716,-0.485335,0.093575,H5N8,Avian
1385,A/mallard/Ningxia/249/2020|EPI_ISL_2820503,A/mallard/Ningxia/249/202,0.2881,0.307,0.4288,0.2866,0.192,-0.045,0.399,52.18,0.442,0.443,679,716,-0.485056,0.093575,H5N8,Avian
1386,A/mandarin_duck/Heilongjiang/HL-1/2021|EPI_ISL_13352712,A/mandarin_duck/Heilongji,0.2712,0.3277,0.4183,0.295,0.191,-0.038,0.402,53.86,0.464,0.447,679,716,-0.475279,0.093575,H5N1,Avian
1387,A/mandarin_duck/Henan/426/2021|EPI_ISL_13352728,A/mandarin_duck/Henan/426,0.2846,0.3169,0.4305,0.2818,0.193,-0.044,0.4,53,0.445,0.441,678,716,-0.487151,0.094972,H5N1,Avian
1388,A/meerkat/Shanghai/SH-1/2012|EPI_ISL_378627,A/meerkat/Shanghai/SH-1/2,0.2938,0.3013,0.4421,0.2699,0.187,-0.048,0.397,52.25,0.426,0.435,678,716,-0.481006,0.092179,H5N1,Nonhuman Mammal
1389,A/migratory_waterfowl/Hubei/Chenhu1306/2014|EPI_ISL_234376,A/migratory_waterfowl/Hub,0.2957,0.3051,0.4288,0.2782,0.189,-0.051,0.395,52.96,0.435,0.438,678,716,-0.469134,0.093575,H5N6,Avian
1390,A/migratory_waterfowl/Hubei/Chenhu1347/2014|EPI_ISL_234377,A/migratory_waterfowl/Hub,0.2957,0.3051,0.4288,0.2782,0.189,-0.051,0.395,52.96,0.435,0.438,678,716,-0.469134,0.093575,H5N6,Avian
1391,A/mink/China/181/2019|EPI_ISL_14174436,A/mink/China/181/2019|EPI,0.2985,0.306,0.408,0.2929,0.182,-0.069,0.384,52.86,0.448,0.443,679,716,-0.455587,0.093575,H5N6,Nonhuman Mammal
1392,A/mink/China/183/2019|EPI_ISL_14174437,A/mink/China/183/2019|EPI,0.3047,0.2991,0.4046,0.3032,0.184,-0.078,0.38,52.14,0.448,0.442,679,716,-0.467318,0.094972,H5N6,Nonhuman Mammal
1393,A/mink/China/191/2019|EPI_ISL_14174476,A/mink/China/191/2019|EPI,0.306,0.2966,0.403,0.3013,0.184,-0.076,0.38,52.18,0.446,0.443,679,716,-0.454609,0.093575,H5N6,Nonhuman Mammal
1394,A/mink/China/456/2018|EPI_ISL_14174522,A/mink/China/456/2018|EPI,0.2841,0.3201,0.4064,0.3021,0.201,-0.014,0.417,54.67,0.462,0.446,679,716,-0.477374,0.092179,H5N6,Nonhuman Mammal
1395,A/mink/China/G/2015|EPI_ISL_243347,A/mink/China/G/2015|EPI_I,0.2976,0.2976,0.4516,0.2583,0.193,-0.037,0.403,51.88,0.416,0.433,678,716,-0.469972,0.093575,H5N1,Nonhuman Mammal
1396,A/mink/China/XB/2015|EPI_ISL_243348,A/mink/China/XB/2015|EPI_,0.2763,0.312,0.4275,0.2925,0.193,-0.025,0.41,53.27,0.451,0.442,681,716,-0.465503,0.092179,H5N1,Nonhuman Mammal
1397,A/mink/Eastern_China/006/2018|EPI_ISL_502201,A/mink/Eastern_China/006/,0.2801,0.3102,0.4335,0.2893,0.196,-0.037,0.403,53.84,0.446,0.441,680,716,-0.468296,0.093575,H5N6,Nonhuman Mammal
1398,A/mink/Eastern_China/149/2018|EPI_ISL_502204,A/mink/Eastern_China/149/,0.3058,0.3039,0.4092,0.2926,0.186,-0.061,0.389,52.79,0.444,0.439,678,716,-0.478352,0.093575,H5N6,Nonhuman Mammal
1399,A/mink/Eastern_China/528/2018|EPI_ISL_502205,A/mink/Eastern_China/528/,0.2801,0.312,0.4335,0.2878,0.197,-0.037,0.403,53.74,0.446,0.441,680,716,-0.467877,0.093575,H5N6,Nonhuman Mammal
1400,A/mink/Eastern_China/571/2018|EPI_ISL_502208,A/mink/Eastern_China/571/,0.3022,0.3004,0.4114,0.2941,0.18,-0.074,0.381,52.65,0.443,0.441,679,716,-0.46676,0.093575,H5N6,Nonhuman Mammal
1401,A/mink/Eastern_China/0712/2018|EPI_ISL_502207,A/mink/Eastern_China/0712,0.3251,0.2833,0.4408,0.2653,0.183,-0.067,0.386,53.36,0.406,0.426,677,716,-0.471788,0.093575,H5N1,Nonhuman Mammal
1402,A/mink/Northern_China/110/2018|EPI_ISL_502203,A/mink/Northern_China/110,0.2892,0.3233,0.4345,0.2615,0.217,0.031,0.442,52.58,0.437,0.439,678,716,-0.476117,0.093575,H5N6,Nonhuman Mammal
1403,A/Muscovy_duck/China/FJFZ21/H5N6/2020|EPI_ISL_833248,A/Muscovy_duck/China/FJFZ,0.308,0.2894,0.4171,0.2899,0.18,-0.066,0.386,52.41,0.433,0.439,679,716,-0.4419,0.094972,H5N6,Avian
1404,A/Muscovy_duck/China/H5N6/2020|EPI_ISL_4071932,A/Muscovy_duck/China/H5N6,0.308,0.2894,0.4171,0.2899,0.18,-0.066,0.386,52.41,0.433,0.439,679,716,-0.4419,0.094972,H5N6,Avian
1405,A/muscovy/duck/Hunan/85/2014|EPI_ISL_255866,A/muscovy/duck/Hunan/85/2,0.3034,0.2996,0.4179,0.2878,0.185,-0.071,0.383,53.07,0.438,0.439,678,716,-0.469553,0.093575,H5N6,Avian
1406,A/muscovy/duck/Hunan/88/2014|EPI_ISL_255867,A/muscovy/duck/Hunan/88/2,0.3034,0.2996,0.4198,0.2857,0.185,-0.068,0.385,53.05,0.437,0.439,678,716,-0.469553,0.093575,H5N6,Avian
1407,A/muscovy/duck/Hunan/89/2014|EPI_ISL_255868,A/muscovy/duck/Hunan/89/2,0.3034,0.2996,0.4198,0.2857,0.185,-0.068,0.385,53.05,0.437,0.439,678,716,-0.469553,0.093575,H5N6,Avian
1408,A/muscovy/duck/Hunan/90/2014|EPI_ISL_255869,A/muscovy/duck/Hunan/90/2,0.3034,0.2996,0.4198,0.2857,0.185,-0.068,0.385,53.05,0.437,0.439,678,716,-0.469553,0.093575,H5N6,Avian
1409,A/muscovy/duck/Hunan/93/2014|EPI_ISL_255870,A/muscovy/duck/Hunan/93/2,0.3034,0.2978,0.4198,0.2878,0.186,-0.066,0.386,52.78,0.437,0.439,678,716,-0.468994,0.093575,H5N6,Avian
1410,A/muscovy/duck/Hunan/94/2014|EPI_ISL_255871,A/muscovy/duck/Hunan/94/2,0.3015,0.3015,0.4198,0.2857,0.185,-0.068,0.385,52.96,0.438,0.439,678,716,-0.469553,0.093575,H5N6,Avian
1411,A/muscovy/duck/Hunan/101/2014|EPI_ISL_255851,A/muscovy/duck/Hunan/101/,0.3052,0.294,0.4318,0.2741,0.183,-0.068,0.384,52.06,0.424,0.434,679,716,-0.460335,0.092179,H5N6,Avian
1412,A/muscovy/duck/Hunan/102/2014|EPI_ISL_255852,A/muscovy/duck/Hunan/102/,0.3096,0.2908,0.4307,0.2735,0.184,-0.07,0.383,52.24,0.422,0.434,678,716,-0.464386,0.092179,H5N6,Avian
1413,A/muscovy/duck/Hunan/103/2014|EPI_ISL_255853,A/muscovy/duck/Hunan/103/,0.3114,0.2889,0.4307,0.2735,0.184,-0.07,0.383,52.24,0.42,0.434,678,716,-0.464386,0.092179,H5N6,Avian
1414,A/muscovy/duck/Hunan/104/2014|EPI_ISL_255854,A/muscovy/duck/Hunan/104/,0.3077,0.2927,0.4307,0.2735,0.184,-0.067,0.385,52.25,0.423,0.435,678,716,-0.464386,0.092179,H5N6,Avian
1415,A/muscovy/duck/Hunan/125/2014|EPI_ISL_255857,A/muscovy/duck/Hunan/125/,0.3077,0.2946,0.4286,0.2767,0.185,-0.066,0.386,52.44,0.426,0.435,678,716,-0.469553,0.093575,H5N6,Avian
1416,A/muscovy/duck/Hunan/147/2014|EPI_ISL_255858,A/muscovy/duck/Hunan/147/,0.3039,0.2983,0.4286,0.2767,0.185,-0.061,0.389,52.13,0.429,0.436,678,716,-0.469553,0.093575,H5N6,Avian
1417,A/muscovy/duck/Hunan/148/2014|EPI_ISL_255859,A/muscovy/duck/Hunan/148/,0.3026,0.2989,0.4392,0.2657,0.188,-0.053,0.394,51.67,0.422,0.434,678,716,-0.469553,0.093575,H5N6,Avian
1418,A/muscovy/duck/Hunan/167/2014|EPI_ISL_255860,A/muscovy/duck/Hunan/167/,0.3096,0.2908,0.4307,0.2735,0.184,-0.07,0.383,52.24,0.422,0.434,678,716,-0.464386,0.092179,H5N6,Avian
1419,A/muscovy/duck/Hunan/183/2014|EPI_ISL_255861,A/muscovy/duck/Hunan/183/,0.2991,0.3028,0.4198,0.2857,0.185,-0.066,0.386,53.08,0.44,0.44,678,716,-0.465224,0.093575,H5N6,Avian
1420,A/muscovy/duck/Hunan/216/2014|EPI_ISL_255863,A/muscovy/duck/Hunan/216/,0.3077,0.2908,0.4316,0.2762,0.183,-0.073,0.382,52.1,0.423,0.434,678,716,-0.468157,0.092179,H5N6,Avian
1421,A/muscovy/duck/Hunan/229/2014|EPI_ISL_255864,A/muscovy/duck/Hunan/229/,0.3096,0.2908,0.4316,0.2735,0.184,-0.067,0.385,52.37,0.422,0.434,678,716,-0.468576,0.092179,H5N6,Avian
1422,A/muscovy/duck/Hunan/232/2014|EPI_ISL_255865,A/muscovy/duck/Hunan/232/,0.3034,0.2996,0.4198,0.2857,0.185,-0.068,0.385,53.05,0.437,0.439,678,716,-0.469553,0.093575,H5N6,Avian
1423,A/muscovy/duck/Hunan/HN346/2015|EPI_ISL_255872,A/muscovy/duck/Hunan/HN34,0.3052,0.2959,0.4171,0.2893,0.185,-0.071,0.383,52.87,0.437,0.439,678,716,-0.465782,0.093575,H5N6,Avian
1424,A/muscovy/duck/Hunan/HN347/2015|EPI_ISL_255873,A/muscovy/duck/Hunan/HN34,0.3084,0.2935,0.416,0.2899,0.184,-0.076,0.381,52.77,0.435,0.438,678,716,-0.465782,0.093575,H5N6,Avian
1425,A/muscovy/duck/Hunan/HN348/2015|EPI_ISL_255874,A/muscovy/duck/Hunan/HN34,0.3065,0.2953,0.416,0.2899,0.185,-0.073,0.382,52.87,0.437,0.439,678,716,-0.465782,0.093575,H5N6,Avian
1426,A/muscovy/duck/Hunan/HN349/2015|EPI_ISL_255875,A/muscovy/duck/Hunan/HN34,0.3084,0.2935,0.416,0.2899,0.184,-0.076,0.381,52.77,0.435,0.438,678,716,-0.465782,0.093575,H5N6,Avian
1427,A/muscovy/duck/Hunan/HN351/2015|EPI_ISL_255877,A/muscovy/duck/Hunan/HN35,0.3065,0.2953,0.416,0.2899,0.185,-0.073,0.382,52.87,0.437,0.439,678,716,-0.465782,0.093575,H5N6,Avian
1428,A/muscovy/duck/Hunan/HN352/2015|EPI_ISL_255878,A/muscovy/duck/Hunan/HN35,0.3065,0.2953,0.416,0.2899,0.185,-0.073,0.382,52.87,0.437,0.439,678,716,-0.465782,0.093575,H5N6,Avian
1429,A/muscovy/duck/Hunan/HN353/2015|EPI_ISL_255879,A/muscovy/duck/Hunan/HN35,0.3065,0.2953,0.416,0.2899,0.185,-0.073,0.382,52.87,0.437,0.438,678,716,-0.466341,0.093575,H5N6,Avian
1430,A/muscovy/duck/Hunan/HN354/2015|EPI_ISL_255880,A/muscovy/duck/Hunan/HN35,0.3065,0.2953,0.416,0.2899,0.185,-0.073,0.382,52.87,0.437,0.439,678,716,-0.465782,0.093575,H5N6,Avian
1431,A/muscovy/duck/Hunan/HN355/2015|EPI_ISL_255881,A/muscovy/duck/Hunan/HN35,0.3065,0.2953,0.416,0.2899,0.185,-0.073,0.382,52.87,0.437,0.439,678,716,-0.465782,0.093575,H5N6,Avian
1432,A/muscovy/duck/Hunan/HN356/2015|EPI_ISL_255882,A/muscovy/duck/Hunan/HN35,0.3065,0.2953,0.416,0.2899,0.185,-0.073,0.382,52.87,0.437,0.439,678,716,-0.465782,0.093575,H5N6,Avian
1433,A/muscovy/duck/Hunan/HN358/2015|EPI_ISL_255883,A/muscovy/duck/Hunan/HN35,0.3065,0.2953,0.416,0.2899,0.185,-0.073,0.382,52.87,0.437,0.439,678,716,-0.465782,0.093575,H5N6,Avian
1434,A/muscovy/duck/Hunan/HN359/2015|EPI_ISL_255884,A/muscovy/duck/Hunan/HN35,0.3065,0.2953,0.416,0.2899,0.185,-0.073,0.382,52.87,0.437,0.439,678,716,-0.465782,0.093575,H5N6,Avian
1435,A/muscovy/duck/Hunan/HN360/2015|EPI_ISL_255885,A/muscovy/duck/Hunan/HN36,0.3065,0.2953,0.416,0.2899,0.185,-0.073,0.382,52.87,0.437,0.439,678,716,-0.465782,0.093575,H5N6,Avian
1436,A/muscovy/duck/Hunan/HN364/2015|EPI_ISL_255886,A/muscovy/duck/Hunan/HN36,0.3065,0.2953,0.416,0.2899,0.185,-0.073,0.382,52.87,0.437,0.439,678,716,-0.465782,0.093575,H5N6,Avian
1437,A/muscovy/duck/Hunan/HN365/2015|EPI_ISL_255887,A/muscovy/duck/Hunan/HN36,0.3065,0.2953,0.416,0.2899,0.185,-0.073,0.382,52.87,0.437,0.439,678,716,-0.465782,0.093575,H5N6,Avian
1438,A/muscovy/duck/Hunan/HN366/2015|EPI_ISL_255888,A/muscovy/duck/Hunan/HN36,0.3065,0.2953,0.4179,0.2878,0.185,-0.073,0.382,52.73,0.435,0.438,678,716,-0.465782,0.093575,H5N6,Avian
1439,A/muscovy/duck/Hunan/HN368/2015|EPI_ISL_255889,A/muscovy/duck/Hunan/HN36,0.3065,0.2953,0.416,0.2899,0.185,-0.073,0.382,52.87,0.437,0.439,678,716,-0.465782,0.093575,H5N6,Avian
1440,A/mute_swan/Inner_Mongolia/w2-1/2020|EPI_ISL_625672,A/mute_swan/Inner_Mongoli,0.2932,0.3083,0.4183,0.2902,0.192,-0.044,0.399,53.74,0.446,0.443,679,716,-0.484637,0.093575,H5N8,Avian
1441,A/mute_swan/Shandong/1/2021|EPI_ISL_5260453,A/mute_swan/Shandong/1/20,0.2914,0.3083,0.4202,0.2902,0.192,-0.048,0.396,53.27,0.446,0.444,679,716,-0.485894,0.093575,H5N8,Avian
1442,A/Nanjing/1/2015|EPI_ISL_379574,A/Nanjing/1/2015|EPI_ISL_,0.2801,0.3064,0.4358,0.2869,0.194,-0.026,0.41,53.12,0.442,0.439,681,716,-0.473045,0.092179,H5N1,Human
1443,A/Northern_Pintail/HK/MP692/2016|EPI_ISL_885147,A/Northern_Pintail/HK/MP6,0.2712,0.3239,0.4316,0.2845,0.194,-0.033,0.405,53.33,0.454,0.446,679,716,-0.473184,0.093575,H5N6,Avian
1444,A/oriental_magpie_robin/HK/6154/2015|EPI_ISL_278041,A/oriental_magpie_robin/H,0.2777,0.3227,0.4571,0.251,0.208,0.028,0.44,53.47,0.429,0.437,680,716,-0.482402,0.093575,H5N6,Avian
1445,A/ostrich/Suzhou/097/2003|EPI_ISL_89462,A/ostrich/Suzhou/097/2003,0.3011,0.3068,0.4125,0.295,0.205,-0.021,0.414,53.4,0.446,0.44,679,716,-0.488827,0.094972,H5N1,Avian
1446,A/parrot/Guangdong/258/2004|EPI_ISL_124534,A/parrot/Guangdong/258/20,0.3226,0.2792,0.4053,0.3075,0.201,-0.035,0.404,53.45,0.434,0.439,680,716,-0.468855,0.093575,H5N2,Avian
1447,A/parrot/Guangdong/C99/2005|EPI_ISL_124331,A/parrot/Guangdong/C99/20,0.3019,0.3075,0.4118,0.2896,0.203,-0.033,0.406,53.39,0.445,0.442,679,716,-0.473324,0.094972,H5N1,Avian
1448,A/Pavo_cristatus/China/JS02/2018|EPI_ISL_370414,A/Pavo_cristatus/China/JS,0.298,0.2998,0.4248,0.2857,0.19,-0.051,0.394,52.47,0.437,0.437,680,716,-0.464246,0.093575,H5N6,Avian
1449,A/Pavo_cristatus/China/K10/2018|EPI_ISL_370416,A/Pavo_cristatus/China/K1,0.298,0.2998,0.4248,0.2857,0.19,-0.051,0.394,52.47,0.437,0.437,680,716,-0.464246,0.093575,H5N6,Avian
1450,A/Pavo_cristatus/Jiangxi/JA1/2016|EPI_ISL_257657,A/Pavo_cristatus/Jiangxi/,0.3009,0.3047,0.4122,0.2899,0.184,-0.065,0.386,52.88,0.444,0.442,678,716,-0.470391,0.093575,H5N6,Avian
1451,A/peacock/Yunnan/1/2015|EPI_ISL_221724,A/peacock/Yunnan/1/2015|E,0.2806,0.3126,0.4272,0.2896,0.198,-0.02,0.413,53.25,0.449,0.44,680,716,-0.477235,0.093575,H5N1,Avian
1452,A/peacock/Yunnan/3/2015|EPI_ISL_221725,A/peacock/Yunnan/3/2015|E,0.2787,0.3126,0.4291,0.2896,0.199,-0.02,0.413,53.11,0.449,0.44,680,716,-0.477235,0.093575,H5N1,Avian
1453,A/Peregrine_Falcon/Hong_Kong/AFCD-HKU-21-013-27/2021|EPI_ISL_19258149,A/Peregrine_Falcon/Hong_K,0.2932,0.3064,0.4202,0.2902,0.193,-0.041,0.401,53.36,0.445,0.444,679,716,-0.480587,0.092179,H5N8,Avian
1454,A/Phalacrocorax/Hubei/01.09_V5/2015(H5N6)|EPI_ISL_199062,A/Phalacrocorax/Hubei/01.,0.2782,0.312,0.4283,0.2911,0.198,-0.019,0.414,53.07,0.449,0.441,681,716,-0.470531,0.093575,H5N6,Avian
1455,A/Phalacrocorax/Hubei/01.09_V7/2015(H5N6)|EPI_ISL_199063,A/Phalacrocorax/Hubei/01.,0.2782,0.312,0.4283,0.2911,0.198,-0.019,0.414,53.07,0.449,0.441,681,716,-0.470531,0.093575,H5N6,Avian
1456,A/pheasant/Hebei/B02/2021|EPI_ISL_18012466,A/pheasant/Hebei/B02/2021,0.2895,0.3102,0.4183,0.2923,0.193,-0.039,0.402,53.76,0.449,0.445,679,716,-0.480168,0.093575,H5N8,Avian
1457,A/pigeon/Fujian/1.17_FZHX0104-O/2017|EPI_ISL_707676,A/pigeon/Fujian/1.17_FZHX,0.3052,0.2978,0.4218,0.2836,0.188,-0.06,0.389,52.7,0.434,0.437,678,716,-0.464386,0.093575,H5N6,Avian
1458,A/pigeon/Guangdong/04.15_SZBAXQ004/2015(H5N6)|EPI_ISL_199456,A/pigeon/Guangdong/04.15_,0.3023,0.2985,0.4239,0.2803,0.187,-0.055,0.392,53.18,0.433,0.437,668,705,-0.474326,0.092199,H5N6,Avian
1459,A/pigeon/Guangdong/04.16_SZLGWL006/2015(H5N6)|EPI_ISL_199465,A/pigeon/Guangdong/04.16_,0.3023,0.3023,0.4181,0.2824,0.186,-0.055,0.392,53.45,0.437,0.439,668,705,-0.46851,0.092199,H5N6,Avian
1460,A/pigeon/Guangdong/04.23_DGQTXC197-O/2015(H5N6)|EPI_ISL_199296,A/pigeon/Guangdong/04.23_,0.3036,0.2998,0.4104,0.2909,0.183,-0.063,0.388,53.19,0.442,0.442,668,705,-0.469362,0.092199,H5N6,Avian
1461,A/pigeon/Hainan/1.14_HKPL006-C/2018|EPI_ISL_696843,A/pigeon/Hainan/1.14_HKPL,0.3036,0.2998,0.4066,0.2951,0.183,-0.073,0.382,52.84,0.445,0.442,668,705,-0.468794,0.092199,H5N6,Avian
1462,A/pigeon/Hubei/RP25/2012|EPI_ISL_198176,A/pigeon/Hubei/RP25/2012|,0.2906,0.3151,0.4354,0.2689,0.198,-0.045,0.398,52.94,0.435,0.436,678,716,-0.466201,0.092179,H5N1,Avian
1463,A/Pigeon/Hunan/04.14_YYXS0912-O/2015(Mixed)|EPI_ISL_200289,A/Pigeon/Hunan/04.14_YYXS,0.3038,0.3019,0.4335,0.2699,0.194,-0.043,0.4,52.84,0.426,0.436,678,716,-0.465363,0.093575,H5N6,Avian
1464,A/pigeon/Jiangsu/12.22_TCCX053-P/2014(Mixed)|EPI_ISL_200523,A/pigeon/Jiangsu/12.22_TC,0.297,0.297,0.4489,0.2636,0.181,-0.064,0.387,52.21,0.418,0.432,679,716,-0.487011,0.094972,H5N1,Avian
1465,A/Pigeon/Jiangxi/02.10__NCDZT0017-P/2015(H5N6)|EPI_ISL_198799,A/Pigeon/Jiangxi/02.10__N,0.2726,0.3308,0.4324,0.2773,0.212,0.033,0.443,52.36,0.453,0.444,680,716,-0.490643,0.093575,H5N6,Avian
1466,A/Pigeon/Jiangxi/04.01__NCDZT0352-O/2015(H5N6)|EPI_ISL_198967,A/Pigeon/Jiangxi/04.01__N,0.2712,0.3333,0.4294,0.2788,0.212,0.037,0.445,52.96,0.457,0.446,679,716,-0.494693,0.093575,H5N6,Avian
1467,A/pigeon/Jiangxi/S40784/2021(H5N1)|EPI_ISL_12572663,A/pigeon/Jiangxi/S40784/2,0.2914,0.3102,0.4183,0.2902,0.192,-0.043,0.399,53.51,0.448,0.444,679,716,-0.485894,0.093575,H5N1,Avian
1468,A/pigeon/Jilin/04.25_CCHL018-O/2015(H5N6)|EPI_ISL_198849,A/pigeon/Jilin/04.25_CCHL,0.309,0.2959,0.4198,0.2842,0.188,-0.064,0.388,52.7,0.432,0.437,678,716,-0.472067,0.093575,H5N6,Avian
1469,A/pigeon/Jilin/04.25_CCHL019-O/2015(H5N1)|EPI_ISL_198892,A/pigeon/Jilin/04.25_CCHL,0.2871,0.3058,0.459,0.2542,0.186,-0.053,0.394,51,0.419,0.432,678,716,-0.481844,0.093575,H5N1,Avian
1470,A/pigeon/Jilin/S4176/2019(H5N1)|EPI_ISL_18513242,A/pigeon/Jilin/S4176/2019,0.2919,0.2994,0.4563,0.26,0.184,-0.05,0.395,52.11,0.417,0.431,678,716,-0.482682,0.093575,H5N1,Avian
1471,A/Pigeon/Shandong/WS17/2022|EPI_ISL_19432673,A/Pigeon/Shandong/WS17/20,0.2838,0.3102,0.4094,0.3063,0.191,-0.034,0.404,53.72,0.459,0.448,680,716,-0.456983,0.093575,H5N2,Avian
1472,A/pigeon/Sichuan/04.27_NBXJ743/2014(H5N6)|EPI_ISL_198893,A/pigeon/Sichuan/04.27_NB,0.2981,0.3038,0.4326,0.2735,0.19,-0.049,0.397,53.35,0.431,0.437,678,716,-0.472067,0.093575,H5N6,Avian
1473,A/pigeon/Sichuan/NCXN29/2014|EPI_ISL_179653,A/pigeon/Sichuan/NCXN29/2,0.3008,0.3008,0.4286,0.2788,0.188,-0.061,0.389,51.93,0.432,0.437,678,716,-0.473883,0.093575,H5N1,Avian
1474,A/pigeon/Zhejiang/112089/2014|EPI_ISL_203755,A/pigeon/Zhejiang/112089/,0.2932,0.3008,0.4506,0.2621,0.182,-0.06,0.389,51.83,0.42,0.435,678,716,-0.486173,0.093575,H5N1,Avian
1475,A/pigeon/Zhejiang/112090/2014|EPI_ISL_203756,A/pigeon/Zhejiang/112090/,0.2895,0.3026,0.4582,0.2558,0.184,-0.055,0.392,51.35,0.417,0.432,678,716,-0.484916,0.093575,H5N1,Avian
1476,A/pigeon/Zhejiang/727097/2014|EPI_ISL_203754,A/pigeon/Zhejiang/727097/,0.2951,0.3008,0.4476,0.2647,0.183,-0.064,0.388,51.12,0.422,0.432,678,716,-0.490503,0.094972,H5N1,Avian
1477,A/plateau_pika/Qinghai/04/2007|EPI_ISL_63586,A/plateau_pika/Qinghai/04,0.2983,0.3058,0.4133,0.2941,0.198,-0.021,0.412,52.64,0.446,0.44,679,716,-0.479609,0.093575,H5N1,Nonhuman Mammal
1478,A/Quail/Guangxi/GX-2/2017__(H5N6)|EPI_ISL_283971,A/Quail/Guangxi/GX-2/2017,0.306,0.2948,0.4163,0.2905,0.188,-0.057,0.39,53.54,0.436,0.438,679,716,-0.443575,0.093575,H5N6,Avian
1479,A/quail/Jiangsu/k0104/2010|EPI_ISL_139386,A/quail/Jiangsu/k0104/201,0.3043,0.3006,0.4379,0.2678,0.196,-0.043,0.4,51.84,0.424,0.434,677,716,-0.518017,0.094972,Others,Avian
1480,A/quail/Jiangxi/B9/2015_(H5N6)|EPI_ISL_386925,A/quail/Jiangxi/B9/2015_(,0.3146,0.2903,0.4324,0.2693,0.195,-0.059,0.39,52.72,0.418,0.433,679,716,-0.481704,0.094972,H5N6,Avian
1481,A/quail/Nanchang/6631/2013|EPI_ISL_181416,A/quail/Nanchang/6631/201,0.3013,0.2994,0.4419,0.2636,0.192,-0.041,0.4,52,0.421,0.434,677,716,-0.466341,0.093575,H5N1,Avian
1482,A/Quail/Zhanjiang/16887/2016|EPI_ISL_278031,A/Quail/Zhanjiang/16887/2,0.3015,0.2959,0.4286,0.2803,0.184,-0.068,0.385,53.08,0.431,0.438,678,716,-0.471229,0.093575,H5N6,Avian
1483,A/Quanzhou/2/2024|EPI_ISL_19661712,A/Quanzhou/2/2024|EPI_ISL,0.2996,0.2996,0.4275,0.2803,0.19,-0.052,0.394,52.63,0.434,0.442,678,716,-0.491341,0.094972,H5N6,Human
1484,A/Shandong/1/2009|EPI_ISL_73312,A/Shandong/1/2009|EPI_ISL,0.2973,0.3011,0.4392,0.2725,0.199,-0.024,0.411,52.52,0.427,0.434,677,716,-0.485754,0.093575,H5N1,Human
1485,A/Shenzhen/1/2015|EPI_ISL_205313,A/Shenzhen/1/2015|EPI_ISL,0.2801,0.3214,0.4552,0.2531,0.21,0.033,0.443,53.34,0.429,0.436,680,716,-0.485475,0.093575,H5N6,Human
1486,A/Shenzhen/1/2016|EPI_ISL_206036,A/Shenzhen/1/2016|EPI_ISL,0.2795,0.3227,0.4514,0.2552,0.207,0.028,0.44,53.73,0.432,0.438,680,716,-0.48757,0.093575,H5N6,Human
1487,A/Shenzhen/TH001/2015_(H5N6)|EPI_ISL_205503,A/Shenzhen/TH001/2015_(H5,0.2801,0.3214,0.4552,0.2531,0.21,0.033,0.443,53.34,0.429,0.436,680,716,-0.485475,0.093575,H5N6,Human
1488,A/Shenzhen/TH003/2016(H5N6)|EPI_ISL_207048,A/Shenzhen/TH003/2016(H5N,0.2768,0.3333,0.4381,0.2647,0.212,0.028,0.44,54.37,0.446,0.44,680,716,-0.493296,0.093575,H5N6,Human
1489,A/Shoveller/Ningxia/488-53/2015|EPI_ISL_295521,A/Shoveller/Ningxia/488-5,0.3034,0.2996,0.4237,0.2815,0.181,-0.07,0.383,53.64,0.434,0.439,678,716,-0.470671,0.093575,H5N6,Avian
1490,A/Sichuan/1/2006|EPI_ISL_24604,A/Sichuan/1/2006|EPI_ISL_,0.2949,0.3062,0.4419,0.2689,0.197,-0.035,0.404,52.87,0.428,0.434,678,716,-0.484497,0.093575,H5N1,Human
1491,A/Sichuan/2/2006|EPI_ISL_24605,A/Sichuan/2/2006|EPI_ISL_,0.2968,0.3043,0.44,0.271,0.199,-0.028,0.409,52.94,0.428,0.434,678,716,-0.48338,0.093575,H5N1,Human
1492,A/Sichuan/26221/2014|EPI_ISL_163493,A/Sichuan/26221/2014|EPI_,0.2962,0.3057,0.4326,0.2735,0.19,-0.049,0.397,52.95,0.432,0.438,678,716,-0.471508,0.093575,H5N6,Human
1493,A/silkie_chicken/Dongguan/2809/2013|EPI_ISL_182065,A/silkie_chicken/Dongguan,0.3015,0.3015,0.4294,0.2752,0.186,-0.063,0.388,52.58,0.431,0.437,678,716,-0.469553,0.093575,H5N6,Avian
1494,A/Spatula_querquedula/Chongming/H5N1_1/2024|EPI_ISL_19890773,A/Spatula_querquedula/Cho,0.275,0.3239,0.4023,0.3117,0.199,-0.044,0.399,53.17,0.473,0.449,679,716,-0.468436,0.093575,H5N1,Avian
1495,A/Spoonbill/HK/17-18259/2017|EPI_ISL_885145,A/Spoonbill/HK/17-18259/2,0.2809,0.3165,0.4272,0.2818,0.19,-0.039,0.401,53.11,0.447,0.444,680,716,-0.459078,0.093575,H5N6,Avian
1496,A/spoonbill/Taiwan/DB645/2017|EPI_ISL_287800,A/spoonbill/Taiwan/DB645/,0.2819,0.3162,0.4256,0.2806,0.19,-0.036,0.403,53.59,0.446,0.443,670,705,-0.465816,0.092199,H5N6,Avian
1497,A/spot_billed_duck/Ningxia/YG87/2017|EPI_ISL_505064,A/spot_billed_duck/Ningxi,0.2838,0.3139,0.4337,0.2756,0.191,-0.038,0.402,52.3,0.44,0.441,679,716,-0.470531,0.093575,H5N6,Avian
1498,A/spot-billed_duck/Ningxia/YG93/2017|EPI_ISL_505065,A/spot-billed_duck/Ningxi,0.2787,0.3202,0.4269,0.2845,0.198,-0.02,0.412,53.43,0.451,0.443,679,716,-0.473603,0.093575,H5N6,Avian
1499,A/Streptopelia_decaocto/Jiangxi/E1/2015(H5N6)|EPI_ISL_386923,A/Streptopelia_decaocto/J,0.3121,0.2935,0.4141,0.2878,0.186,-0.068,0.385,53.47,0.434,0.439,678,716,-0.47095,0.093575,H5N6,Avian
1500,A/Streptopelia_decaocto/Jiangxi/G6/2016(H5N6)|EPI_ISL_364289,A/Streptopelia_decaocto/J,0.3047,0.3009,0.4141,0.2878,0.187,-0.065,0.386,53.63,0.44,0.441,678,716,-0.460475,0.093575,H5N6,Avian
1501,A/Streptopelia_decaocto/Jiangxi/J8/2015_(H5N6)|EPI_ISL_386924,A/Streptopelia_decaocto/J,0.3109,0.294,0.4141,0.2899,0.186,-0.073,0.382,53.3,0.435,0.439,678,716,-0.469553,0.093575,H5N6,Avian
1502,A/swan_goose/Jilin/JL01/2014|EPI_ISL_177762,A/swan_goose/Jilin/JL01/2,0.3019,0.2981,0.4335,0.2762,0.187,-0.058,0.391,53.09,0.428,0.435,678,716,-0.471648,0.094972,H5N6,Avian
1503,A/swan/China/ST/2016|EPI_ISL_503037,A/swan/China/ST/2016|EPI_,0.2777,0.3077,0.4242,0.3013,0.195,-0.034,0.404,53.79,0.453,0.445,680,716,-0.469832,0.094972,H5N8,Avian
1504,A/swan/Hebei/B01/2021|EPI_ISL_18012465,A/swan/Hebei/B01/2021|EPI,0.2951,0.3045,0.4163,0.2938,0.19,-0.051,0.395,53.68,0.446,0.444,679,716,-0.481983,0.093575,H5N8,Avian
1505,A/swan/Shandong/W3762/2020|EPI_ISL_14770166,A/swan/Shandong/W3762/202,0.29,0.307,0.4278,0.2872,0.193,-0.045,0.399,51.69,0.442,0.443,679,716,-0.48771,0.093575,H5N8,Avian
1506,A/swine/China/RZ/2018|EPI_ISL_14174523,A/swine/China/RZ/2018|EPI,0.3022,0.3004,0.4095,0.2962,0.18,-0.074,0.381,52.71,0.445,0.441,679,716,-0.46676,0.093575,H5N6,Nonhuman Mammal
1507,A/swine/Guangdong/1/2014|EPI_ISL_196100,A/swine/Guangdong/1/2014|,0.3015,0.3015,0.4256,0.2794,0.186,-0.066,0.386,52.84,0.434,0.438,678,716,-0.469553,0.093575,H5N6,Nonhuman Mammal
1508,A/swine/Guangdong/2/2014|EPI_ISL_196101,A/swine/Guangdong/2/2014|,0.3009,0.3009,0.4256,0.2794,0.184,-0.068,0.385,52.77,0.434,0.439,678,716,-0.470391,0.093575,H5N6,Nonhuman Mammal
1509,A/swine/Guangdong/G3/2015|EPI_ISL_266596,A/swine/Guangdong/G3/2015,0.2996,0.3052,0.4256,0.2785,0.187,-0.064,0.388,52.91,0.435,0.438,678,716,-0.459916,0.092179,H5N6,Nonhuman Mammal
1510,A/swine/Shandong/SD1/2014|EPI_ISL_226073,A/swine/Shandong/SD1/2014,0.2957,0.3145,0.4038,0.2985,0.205,-0.027,0.409,54.22,0.457,0.446,679,716,-0.482821,0.093575,H5N1,Nonhuman Mammal
1511,A/Syrrhaptes_paradoxus/Guangdong/ZH283/2015|EPI_ISL_234679,A/Syrrhaptes_paradoxus/Gu,0.2978,0.3052,0.4226,0.2842,0.187,-0.061,0.389,52.97,0.44,0.44,678,716,-0.467598,0.093575,H5N6,Avian
1512,A/Taiwan/DV413/2006|EPI_ISL_175337,A/Taiwan/DV413/2006|EPI_I,0.2846,0.3146,0.4237,0.2905,0.196,-0.037,0.403,53.43,0.45,0.442,680,716,-0.47919,0.094972,H5N2,Avian
1513,A/Taiwan/DV518/2006|EPI_ISL_175338,A/Taiwan/DV518/2006|EPI_I,0.2865,0.3127,0.4179,0.2968,0.194,-0.05,0.396,53.42,0.453,0.443,680,716,-0.47919,0.094972,H5N2,Avian
1514,A/thrush/Taiwan/15120021/2015|EPI_ISL_4055131,A/thrush/Taiwan/15120021/,0.272,0.3302,0.4133,0.2975,0.195,-0.031,0.408,53.15,0.467,0.448,679,716,-0.462011,0.094972,H5N2,Avian
1515,A/tiger/Yunnan/tig1404/2014|EPI_ISL_221723,A/tiger/Yunnan/tig1404/20,0.3002,0.3002,0.4324,0.2746,0.187,-0.061,0.389,52.18,0.429,0.436,678,716,-0.469553,0.093575,H5N1,Nonhuman Mammal
1516,A/tiger/Yunnan/tig1412/2014|EPI_ISL_221726,A/tiger/Yunnan/tig1412/20,0.3008,0.2989,0.4411,0.2662,0.191,-0.042,0.4,52.26,0.422,0.433,678,716,-0.465782,0.093575,H5N1,Nonhuman Mammal
1517,A/tiger/Yunnan/tig1508/2015|EPI_ISL_221722,A/tiger/Yunnan/tig1508/20,0.2768,0.307,0.4291,0.2973,0.194,-0.03,0.407,53.32,0.45,0.441,680,716,-0.474162,0.093575,H5N1,Nonhuman Mammal
1518,A/tundra_swan/Fujian/SD121/2023(H5N1)|EPI_ISL_19616578,A/tundra_swan/Fujian/SD12,0.2841,0.3201,0.4316,0.2744,0.196,-0.032,0.406,53.18,0.444,0.444,678,716,-0.486173,0.094972,H5N1,Avian
1519,A/tundra_swan/Hubei/BQ3/2020|EPI_ISL_2685846,A/tundra_swan/Hubei/BQ3/2,0.2932,0.3064,0.4221,0.2881,0.192,-0.046,0.398,53.45,0.443,0.443,679,716,-0.485894,0.093575,H5N8,Avian
1520,A/tundra_swan/Hubei/BQ4/2020|EPI_ISL_2685847,A/tundra_swan/Hubei/BQ4/2,0.2914,0.3083,0.424,0.286,0.191,-0.043,0.399,53.48,0.443,0.443,679,716,-0.485894,0.093575,H5N8,Avian
1521,A/tundra_swan/Hubei/BQ6/2020|EPI_ISL_2685848,A/tundra_swan/Hubei/BQ6/2,0.2951,0.3064,0.4183,0.2902,0.192,-0.043,0.399,53.57,0.445,0.443,679,716,-0.485894,0.093575,H5N8,Avian
1522,A/tundra_swan/Hubei/BQ7/2020|EPI_ISL_2685900,A/tundra_swan/Hubei/BQ7/2,0.2951,0.3045,0.4202,0.2902,0.192,-0.043,0.399,53.62,0.443,0.443,679,716,-0.485894,0.093575,H5N8,Avian
1523,A/tundra_swan/Hubei/BQ8/2020|EPI_ISL_2685947,A/tundra_swan/Hubei/BQ8/2,0.2932,0.3064,0.4183,0.2923,0.191,-0.048,0.396,53.6,0.446,0.444,679,716,-0.485894,0.093575,H5N8,Avian
1524,A/tundra_swan/Hubei/BQ9/2020|EPI_ISL_2713170,A/tundra_swan/Hubei/BQ9/2,0.2932,0.3064,0.4202,0.2902,0.192,-0.046,0.398,53.57,0.445,0.443,679,716,-0.485894,0.093575,H5N8,Avian
1525,A/turkey/Changhua/16010011-1/2016|EPI_ISL_4055132,A/turkey/Changhua/1601001,0.2693,0.3333,0.4229,0.2878,0.193,-0.035,0.405,53.27,0.462,0.446,679,716,-0.468436,0.094972,H5N2,Avian
1526,A/turkey/Chiayi/17020092-2/2017|EPI_ISL_4055135,A/turkey/Chiayi/17020092-,0.3096,0.2889,0.4381,0.272,0.186,-0.072,0.383,52.34,0.418,0.427,679,716,-0.491341,0.094972,H5N8,Avian
1527,A/turkey/Chiayi/18010013-3/2018|EPI_ISL_4055136,A/turkey/Chiayi/18010013-,0.2726,0.3271,0.4099,0.3032,0.192,-0.033,0.406,53.38,0.468,0.448,679,716,-0.473464,0.094972,H5N2,Avian
1528,A/turkey/Yunlin/15060049-1/2015|EPI_ISL_4055138,A/turkey/Yunlin/15060049-,0.272,0.3302,0.4114,0.2989,0.193,-0.043,0.401,53.41,0.468,0.449,679,716,-0.474022,0.093575,H5N2,Avian
1529,A/turkey/Yunlin/18020020-2/2018|EPI_ISL_4055139,A/turkey/Yunlin/18020020-,0.2726,0.3271,0.4106,0.3032,0.193,-0.033,0.406,53.15,0.468,0.449,679,716,-0.463547,0.094972,H5N2,Avian
1530,A/turkey/Yunlin/18110001-3/2018|EPI_ISL_4055142,A/turkey/Yunlin/18110001-,0.2744,0.3271,0.4133,0.2989,0.192,-0.038,0.404,52.57,0.465,0.447,679,716,-0.465223,0.094972,H5N2,Avian
1531,A/turkey/Yunlin/18120005-2/2018|EPI_ISL_4055143,A/turkey/Yunlin/18120005-,0.2898,0.3144,0.403,0.3075,0.198,-0.043,0.4,54.56,0.462,0.446,678,716,-0.459218,0.094972,H5N2,Avian
1532,A/turtle_dove/Guangdong/300/2005|EPI_ISL_222486,A/turtle_dove/Guangdong/3,0.2911,0.31,0.4389,0.2737,0.198,-0.031,0.407,53.12,0.434,0.436,678,716,-0.483939,0.093575,H5N1,Avian
1533,A/turtle_dove/Hunan/S4004/2020(H5N1)|EPI_ISL_18513243,A/turtle_dove/Hunan/S4004,0.2782,0.3083,0.4313,0.2905,0.195,-0.021,0.413,53.42,0.446,0.44,681,716,-0.463129,0.093575,H5N1,Avian
1534,A/Waterfowl/Hubei/Chenhu1306/2014_H5N6|EPI_ISL_217939,A/Waterfowl/Hubei/Chenhu1,0.2957,0.3051,0.4288,0.2782,0.189,-0.051,0.395,52.96,0.435,0.438,678,716,-0.469134,0.093575,H5N6,Avian
1535,A/Waterfowl/Hubei/Chenhu1347/2014_H5N6|EPI_ISL_217940,A/Waterfowl/Hubei/Chenhu1,0.2957,0.3051,0.4288,0.2782,0.189,-0.051,0.395,52.96,0.435,0.438,678,716,-0.469134,0.093575,H5N6,Avian
1536,A/whiskered_tern/Hubei/BQ10/2020|EPI_ISL_2713314,A/whiskered_tern/Hubei/BQ,0.2946,0.3058,0.4202,0.2881,0.191,-0.048,0.396,53.69,0.443,0.443,679,716,-0.47514,0.093575,H5N8,Avian
1537,A/white_naped_crane/China/YA3/2018|EPI_ISL_505356,A/white_naped_crane/China,0.298,0.2998,0.4248,0.2857,0.19,-0.051,0.394,52.47,0.437,0.437,680,716,-0.464246,0.093575,H5N6,Avian
1538,A/White-eyed_Pochard/Ningxia/480-17/2015|EPI_ISL_297327,A/White-eyed_Pochard/Ning,0.3034,0.2996,0.4283,0.2779,0.181,-0.075,0.381,53.44,0.431,0.438,678,716,-0.466062,0.093575,H5N6,Avian
1539,A/whooper_swan/Henan/8/2021|EPI_ISL_13352718,A/whooper_swan/Henan/8/20,0.2846,0.3169,0.4305,0.2818,0.195,-0.041,0.401,53.02,0.445,0.442,678,716,-0.487151,0.094972,H5N1,Avian
1540,A/whooper_swan/Henan/14/2021|EPI_ISL_13352726,A/whooper_swan/Henan/14/2,0.2846,0.3169,0.4305,0.2818,0.195,-0.041,0.401,53.02,0.445,0.442,678,716,-0.487151,0.094972,H5N1,Avian
1541,A/whooper_swan/Henan/44/2021|EPI_ISL_13352720,A/whooper_swan/Henan/44/2,0.2846,0.3169,0.4305,0.2818,0.195,-0.041,0.401,53.02,0.445,0.442,678,716,-0.487151,0.094972,H5N1,Avian
1542,A/whooper_swan/Henan/45/2021|EPI_ISL_13352721,A/whooper_swan/Henan/45/2,0.2846,0.3169,0.4305,0.2818,0.195,-0.041,0.401,53.02,0.445,0.442,678,716,-0.487151,0.094972,H5N1,Avian
1543,A/whooper_swan/Henan/46/2021|EPI_ISL_13352722,A/whooper_swan/Henan/46/2,0.2846,0.3169,0.4305,0.2818,0.195,-0.041,0.401,53.02,0.445,0.442,678,716,-0.487151,0.094972,H5N1,Avian
1544,A/whooper_swan/Henan/424/2021|EPI_ISL_13352723,A/whooper_swan/Henan/424/,0.2846,0.3169,0.4305,0.2818,0.193,-0.044,0.4,53,0.445,0.441,678,716,-0.487151,0.094972,H5N1,Avian
1545,A/whooper_swan/Henan/SM1/2020|EPI_ISL_1937884,A/whooper_swan/Henan/SM1/,0.2914,0.3083,0.4229,0.2887,0.191,-0.051,0.395,53.47,0.445,0.442,679,716,-0.480866,0.094972,H5N8,Avian
1546,A/whooper_swan/Henan/SM16/2020|EPI_ISL_1937889,A/whooper_swan/Henan/SM16,0.2914,0.3083,0.4202,0.2902,0.192,-0.046,0.398,53.57,0.446,0.444,679,716,-0.485894,0.093575,H5N8,Avian
1547,A/whooper_swan/Henan/SM31/2020|EPI_ISL_1937890,A/whooper_swan/Henan/SM31,0.2914,0.3083,0.4202,0.2902,0.192,-0.046,0.398,53.57,0.446,0.444,679,716,-0.485894,0.093575,H5N8,Avian
1548,A/whooper_swan/Henan/SM61/2020|EPI_ISL_1937891,A/whooper_swan/Henan/SM61,0.2932,0.3064,0.4202,0.2902,0.192,-0.046,0.398,53.57,0.445,0.443,679,716,-0.485894,0.093575,H5N8,Avian
1549,A/whooper_swan/Henan/SM76/2020|EPI_ISL_1937892,A/whooper_swan/Henan/SM76,0.2914,0.3102,0.4202,0.2881,0.191,-0.043,0.399,53.37,0.446,0.444,679,716,-0.485894,0.093575,H5N8,Avian
1550,A/whooper_swan/Henan/SM86/2020|EPI_ISL_1938307,A/whooper_swan/Henan/SM86,0.2932,0.3064,0.4202,0.2902,0.192,-0.046,0.398,53.57,0.445,0.443,679,716,-0.485894,0.093575,H5N8,Avian
1551,A/whooper_swan/Henan/SM111/2020|EPI_ISL_1938309,A/whooper_swan/Henan/SM11,0.2932,0.3064,0.4221,0.2881,0.192,-0.046,0.398,53.45,0.443,0.443,679,716,-0.485894,0.093575,H5N8,Avian
1552,A/whooper_swan/Henan/SMQ5/2020|EPI_ISL_1829205,A/whooper_swan/Henan/SMQ5,0.2932,0.3064,0.4221,0.2881,0.191,-0.048,0.396,53.48,0.443,0.442,679,716,-0.485894,0.093575,H5N8,Avian
1553,A/whooper_swan/Henan/SMQ7/2020|EPI_ISL_1937883,A/whooper_swan/Henan/SMQ7,0.2932,0.3064,0.4259,0.2839,0.193,-0.043,0.399,53.12,0.44,0.442,679,716,-0.482263,0.093575,H5N8,Avian
1554,A/whooper_swan/Henan/SMQ9/2020|EPI_ISL_1938478,A/whooper_swan/Henan/SMQ9,0.2951,0.3045,0.4202,0.2902,0.192,-0.046,0.398,53.66,0.443,0.443,679,716,-0.485894,0.093575,H5N8,Avian
1555,A/whooper_swan/Henan/SMQ10/2020|EPI_ISL_1939080,A/whooper_swan/Henan/SMQ1,0.2951,0.3045,0.4202,0.2902,0.192,-0.046,0.398,53.66,0.443,0.443,679,716,-0.485894,0.093575,H5N8,Avian
1556,A/whooper_swan/Henan/SMX1/2015(H5N1)|EPI_ISL_171121,A/whooper_swan/Henan/SMX1,0.29,0.3032,0.4573,0.2542,0.183,-0.057,0.391,52.16,0.417,0.432,678,716,-0.490363,0.093575,H5N1,Avian
1557,A/whooper_swan/Henan/SMX3/2015(H5N1)|EPI_ISL_171141,A/whooper_swan/Henan/SMX3,0.2914,0.3026,0.4582,0.2526,0.182,-0.057,0.391,52.15,0.416,0.432,678,716,-0.489805,0.093575,H5N1,Avian
1558,A/whooper_swan/Henan/SMX4/2015(H5N1)|EPI_ISL_171165,A/whooper_swan/Henan/SMX4,0.2932,0.3026,0.4563,0.2526,0.184,-0.057,0.391,52.23,0.416,0.432,678,716,-0.489805,0.093575,H5N1,Avian
1559,A/whooper_swan/Henan/SMX9/2015(H5N1)|EPI_ISL_171186,A/whooper_swan/Henan/SMX9,0.2914,0.3026,0.4582,0.2526,0.182,-0.057,0.391,52.15,0.416,0.432,678,716,-0.489805,0.093575,H5N1,Avian
1560,A/whooper_swan/Henan/T578/2019|EPI_ISL_3161955,A/whooper_swan/Henan/T578,0.2731,0.3258,0.4259,0.2878,0.193,-0.036,0.404,52.31,0.457,0.445,679,716,-0.472346,0.093575,H5N2,Avian
1561,A/whooper_swan/Henan/T874/2018|EPI_ISL_3204257,A/whooper_swan/Henan/T874,0.2731,0.3258,0.4259,0.2878,0.193,-0.036,0.404,52.31,0.457,0.445,679,716,-0.472346,0.093575,H5N2,Avian
1562,A/whooper_swan/Henan/T880/2018|EPI_ISL_3205004,A/whooper_swan/Henan/T880,0.2731,0.3258,0.4259,0.2878,0.193,-0.036,0.404,52.31,0.457,0.445,679,716,-0.472346,0.093575,H5N2,Avian
1563,A/whooper_swan/Henan/T886/2018|EPI_ISL_3221222,A/whooper_swan/Henan/T886,0.2731,0.3258,0.4259,0.2878,0.193,-0.036,0.404,52.31,0.457,0.445,679,716,-0.472346,0.093575,H5N2,Avian
1564,A/whooper_swan/Henan/T888/2018|EPI_ISL_3226331,A/whooper_swan/Henan/T888,0.2731,0.3258,0.4259,0.2878,0.193,-0.036,0.404,52.31,0.457,0.445,679,716,-0.472346,0.093575,H5N2,Avian
1565,A/whooper_swan/Henan/Y120/2018|EPI_ISL_3228312,A/whooper_swan/Henan/Y120,0.2712,0.3258,0.4259,0.2899,0.194,-0.034,0.405,52.25,0.458,0.446,679,716,-0.472346,0.093575,H5N2,Avian
1566,A/whooper_swan/Inner_Mongolia/w1-1/2020|EPI_ISL_625671,A/whooper_swan/Inner_Mong,0.2932,0.3064,0.4202,0.2902,0.192,-0.046,0.398,53.57,0.445,0.443,679,716,-0.485894,0.093575,H5N8,Avian
1567,A/Whooper_Swan/Sanmenxia/01/2016|EPI_ISL_378634,A/Whooper_Swan/Sanmenxia/,0.2795,0.3096,0.4231,0.2992,0.194,-0.037,0.403,53.85,0.453,0.445,680,716,-0.465224,0.093575,H5N8,Avian
1568,A/Whooper_swan/Sanmenxia/G2/2020|EPI_ISL_14823425,A/Whooper_swan/Sanmenxia/,0.2932,0.3064,0.4183,0.2923,0.192,-0.043,0.399,53.7,0.446,0.444,679,716,-0.485894,0.093575,H5N8,Avian
1569,A/Whooper_swan/Sanmenxia/G13/2020|EPI_ISL_14823812,A/Whooper_swan/Sanmenxia/,0.2932,0.3064,0.4202,0.2902,0.191,-0.046,0.398,53.52,0.445,0.442,679,716,-0.484777,0.093575,H5N8,Avian
1570,A/Whooper_swan/Sanmenxia/G15/2020|EPI_ISL_14824026,A/Whooper_swan/Sanmenxia/,0.2951,0.3045,0.4202,0.2902,0.192,-0.046,0.398,53.66,0.443,0.443,679,716,-0.485894,0.093575,H5N8,Avian
1571,A/Whooper_swan/Sanmenxia/G28/2020|EPI_ISL_14836079,A/Whooper_swan/Sanmenxia/,0.2932,0.3064,0.4202,0.2902,0.191,-0.046,0.398,53.52,0.445,0.442,679,716,-0.484777,0.093575,H5N8,Avian
1572,A/Whooper_swan/Sanmenxia/H1/2020|EPI_ISL_14835960,A/Whooper_swan/Sanmenxia/,0.2932,0.3045,0.4194,0.2917,0.19,-0.042,0.399,53.59,0.445,0.442,679,716,-0.487989,0.092179,H5N8,Avian
1573,A/Whooper_swan/Sanmenxia/H735/2020|EPI_ISL_14835964,A/Whooper_swan/Sanmenxia/,0.2932,0.3064,0.4163,0.2944,0.192,-0.043,0.399,53.65,0.448,0.444,679,716,-0.478352,0.093575,H5N8,Avian
1574,A/Whooper_swan/Sanmenxia/H810/2020|EPI_ISL_14835965,A/Whooper_swan/Sanmenxia/,0.2932,0.3064,0.4202,0.2902,0.192,-0.046,0.398,53.41,0.445,0.444,679,716,-0.489246,0.093575,H5N8,Avian
1575,A/Whooper_swan/Sanmenxia/Y10/2020|EPI_ISL_14823646,A/Whooper_swan/Sanmenxia/,0.2932,0.3064,0.4183,0.2923,0.191,-0.048,0.396,53.56,0.446,0.444,679,716,-0.485335,0.093575,H5N8,Avian
1576,A/Whooper_swan/Sanmenxia/Y11/2020|EPI_ISL_14823672,A/Whooper_swan/Sanmenxia/,0.2932,0.3064,0.4202,0.2902,0.192,-0.046,0.398,53.57,0.445,0.443,679,716,-0.485894,0.093575,H5N8,Avian
1577,A/Whooper_swan/Sanmenxia/Y12/2020|EPI_ISL_14823811,A/Whooper_swan/Sanmenxia/,0.2932,0.3064,0.4202,0.2902,0.193,-0.041,0.401,53.71,0.445,0.443,679,716,-0.485894,0.093575,H5N8,Avian
1578,A/Whooper_swan/Sanmenxia/Y15/2020|EPI_ISL_14824091,A/Whooper_swan/Sanmenxia/,0.2951,0.3045,0.4202,0.2902,0.192,-0.046,0.398,53.66,0.443,0.443,679,716,-0.485894,0.093575,H5N8,Avian
1579,A/Whooper_swan/Sanmenxia/Y18/2020|EPI_ISL_14835974,A/Whooper_swan/Sanmenxia/,0.2932,0.3064,0.4183,0.2923,0.192,-0.043,0.399,53.7,0.446,0.444,679,716,-0.485894,0.093575,H5N8,Avian
1580,A/Whooper_swan/Sanmenxia/Y19/2020|EPI_ISL_14836024,A/Whooper_swan/Sanmenxia/,0.2932,0.3064,0.4202,0.2902,0.192,-0.046,0.398,53.64,0.445,0.443,679,716,-0.485894,0.093575,H5N8,Avian
1581,A/Whooper_swan/Sanmenxia/Y20/2020|EPI_ISL_14836025,A/Whooper_swan/Sanmenxia/,0.2932,0.3064,0.4202,0.2902,0.192,-0.046,0.398,53.57,0.445,0.443,679,716,-0.485894,0.093575,H5N8,Avian
1582,A/Whooper_swan/Sanmenxia/Y21/2020|EPI_ISL_14836026,A/Whooper_swan/Sanmenxia/,0.2932,0.3064,0.4183,0.2923,0.191,-0.048,0.396,53.56,0.446,0.444,679,716,-0.485335,0.093575,H5N8,Avian
1583,A/Whooper_swan/Sanmenxia/Y23-2/2020|EPI_ISL_14836077,A/Whooper_swan/Sanmenxia/,0.2914,0.3083,0.4202,0.2902,0.192,-0.046,0.398,53.57,0.446,0.444,679,716,-0.485894,0.093575,H5N8,Avian
1584,A/Whooper_swan/Sanmenxia/Y27/2020|EPI_ISL_14836082,A/Whooper_swan/Sanmenxia/,0.2932,0.3064,0.4202,0.2902,0.192,-0.046,0.398,53.57,0.445,0.443,679,716,-0.485894,0.093575,H5N8,Avian
1585,A/Whooper_swan/Sanmenxia/Y36/2020|EPI_ISL_14836086,A/Whooper_swan/Sanmenxia/,0.2914,0.3083,0.4202,0.2902,0.192,-0.046,0.398,53.57,0.446,0.444,679,716,-0.485894,0.093575,H5N8,Avian
1586,A/Whooper_swan/Sanmenxia/Y48A/2020|EPI_ISL_14836088,A/Whooper_swan/Sanmenxia/,0.2932,0.3064,0.4202,0.2902,0.192,-0.046,0.398,54.08,0.445,0.443,679,716,-0.485894,0.093575,H5N8,Avian
1587,A/Whooper_swan/Sanmenxia/Y48B/2020|EPI_ISL_14836369,A/Whooper_swan/Sanmenxia/,0.2914,0.3083,0.4202,0.2902,0.192,-0.046,0.398,53.57,0.446,0.444,679,716,-0.485894,0.093575,H5N8,Avian
1588,A/Whooper_swan/Sanmenxia/Y52/2020|EPI_ISL_14824122,A/Whooper_swan/Sanmenxia/,0.2951,0.3045,0.4202,0.2902,0.192,-0.046,0.398,53.66,0.443,0.443,679,716,-0.485894,0.093575,H5N8,Avian
1589,A/Whooper_swan/Sanmenxia/Y56/2020|EPI_ISL_14835976,A/Whooper_swan/Sanmenxia/,0.2932,0.3083,0.4183,0.2902,0.193,-0.044,0.399,53.49,0.446,0.443,679,716,-0.484777,0.093575,H5N8,Avian
1590,A/Whooper_swan/Sanmenxia/Y57/2020|EPI_ISL_14836101,A/Whooper_swan/Sanmenxia/,0.2932,0.3064,0.4221,0.2881,0.192,-0.046,0.398,53.45,0.443,0.443,679,716,-0.485894,0.093575,H5N8,Avian
1591,A/whooper_swan/Shaanxi/SXY2-1/2020|EPI_ISL_1760450,A/whooper_swan/Shaanxi/SX,0.2951,0.3045,0.4202,0.2902,0.192,-0.046,0.398,53.66,0.443,0.443,679,716,-0.485894,0.093575,H5N8,Avian
1592,A/whooper_swan/Shaanxi/SXY26/2020|EPI_ISL_1760446,A/whooper_swan/Shaanxi/SX,0.2914,0.3064,0.424,0.2881,0.189,-0.051,0.395,53.35,0.443,0.442,679,716,-0.485894,0.093575,H5N8,Avian
1593,A/whooper_swan/Shaanxi/SXY66/2020|EPI_ISL_1760447,A/whooper_swan/Shaanxi/SX,0.2932,0.3064,0.4221,0.2881,0.191,-0.048,0.396,53.48,0.443,0.442,679,716,-0.485894,0.093575,H5N8,Avian
1594,A/whooper_swan/Shandong/SC176/2021|EPI_ISL_5260455,A/whooper_swan/Shandong/S,0.2914,0.3064,0.4183,0.2944,0.193,-0.044,0.399,53.65,0.448,0.445,679,716,-0.496788,0.093575,H5N8,Avian
1595,A/whooper_swan/Shandong/SC185/2021|EPI_ISL_5260456,A/whooper_swan/Shandong/S,0.2932,0.3045,0.4183,0.2944,0.193,-0.044,0.399,53.6,0.446,0.444,679,716,-0.489246,0.093575,H5N8,Avian
1596,A/whooper_swan/Shandong/SC188/2021|EPI_ISL_5260461,A/whooper_swan/Shandong/S,0.2932,0.3045,0.4183,0.2944,0.193,-0.044,0.399,53.62,0.446,0.445,679,716,-0.488687,0.093575,H5N8,Avian
1597,A/whooper_swan/Shandong/SC195/2021|EPI_ISL_5260457,A/whooper_swan/Shandong/S,0.2943,0.3038,0.4278,0.2851,0.189,-0.061,0.389,53.37,0.438,0.44,678,716,-0.481844,0.093575,H5N8,Avian
1598,A/whooper_swan/Shandong/SC198/2021|EPI_ISL_5260458,A/whooper_swan/Shandong/S,0.2932,0.3064,0.4163,0.2944,0.192,-0.044,0.399,53.68,0.448,0.445,679,716,-0.489246,0.093575,H5N8,Avian
1599,A/whooper_swan/Shandong/SC199/2021|EPI_ISL_5260459,A/whooper_swan/Shandong/S,0.2932,0.3045,0.4183,0.2944,0.193,-0.044,0.399,53.6,0.446,0.444,679,716,-0.489246,0.093575,H5N8,Avian
1600,A/whooper_swan/Shandong/SC200/2021|EPI_ISL_5260460,A/whooper_swan/Shandong/S,0.2932,0.3045,0.4183,0.2944,0.193,-0.044,0.399,53.6,0.446,0.444,679,716,-0.489246,0.093575,H5N8,Avian
1601,A/whooper_swan/Shanxi/4-1/2020|EPI_ISL_5260462,A/whooper_swan/Shanxi/4-1,0.2932,0.3064,0.4202,0.2902,0.192,-0.046,0.398,53.57,0.445,0.443,679,716,-0.485894,0.093575,H5N8,Avian
1602,A/whooper_swan/Shanxi/4-2/2020|EPI_ISL_5260463,A/whooper_swan/Shanxi/4-2,0.2932,0.3064,0.4202,0.2902,0.192,-0.046,0.398,53.57,0.445,0.443,679,716,-0.485894,0.093575,H5N8,Avian
1603,A/whooper_swan/Shanxi/14/2021|EPI_ISL_13352717,A/whooper_swan/Shanxi/14/,0.2846,0.315,0.4305,0.2839,0.195,-0.041,0.401,52.82,0.445,0.441,678,716,-0.487151,0.094972,H5N1,Avian
1604,A/whooper_swan/Shanxi/20/2021|EPI_ISL_13352704,A/whooper_swan/Shanxi/20/,0.2846,0.3169,0.4305,0.2818,0.195,-0.041,0.401,53.02,0.445,0.442,678,716,-0.487151,0.094972,H5N1,Avian
1605,A/whooper_swan/Shanxi/RC01/2016|EPI_ISL_378362,A/whooper_swan/Shanxi/RC0,0.2801,0.3083,0.425,0.2992,0.194,-0.039,0.401,53.78,0.451,0.444,680,716,-0.469553,0.093575,H5N8,Avian
1606,A/whooper_swan/Shanxi/SX16/2020|EPI_ISL_1760451,A/whooper_swan/Shanxi/SX1,0.2932,0.3064,0.4202,0.2902,0.191,-0.051,0.395,53.6,0.445,0.443,679,716,-0.485894,0.093575,H5N8,Avian
1607,A/whooper_swan/Shanxi/SX31/2020|EPI_ISL_1760452,A/whooper_swan/Shanxi/SX3,0.2932,0.3064,0.4202,0.2902,0.192,-0.046,0.398,53.57,0.445,0.443,679,716,-0.485894,0.093575,H5N8,Avian
1608,A/whooper_swan/Shanxi/SX56/2020|EPI_ISL_1760453,A/whooper_swan/Shanxi/SX5,0.2932,0.3064,0.4221,0.2881,0.19,-0.051,0.395,53.73,0.443,0.443,679,716,-0.486313,0.092179,H5N8,Avian
1609,A/whooper_swan/Shanxi/SX106/2020|EPI_ISL_1760454,A/whooper_swan/Shanxi/SX1,0.2932,0.3064,0.4202,0.2902,0.192,-0.046,0.398,53.57,0.445,0.443,679,716,-0.485894,0.093575,H5N8,Avian
1610,A/whooper_swan/Shanxi/SX116/2020|EPI_ISL_1760455,A/whooper_swan/Shanxi/SX1,0.2774,0.3208,0.4011,0.3166,0.195,-0.052,0.395,53.28,0.473,0.448,679,716,-0.47905,0.093575,H5N2,Avian
1611,A/whooper_swan/Shanxi/SX166/2020|EPI_ISL_1822592,A/whooper_swan/Shanxi/SX1,0.2932,0.3064,0.4202,0.2902,0.192,-0.046,0.398,53.57,0.445,0.443,679,716,-0.485894,0.093575,H5N8,Avian
1612,A/whooper_swan/Shanxi/SX206/2020|EPI_ISL_1822593,A/whooper_swan/Shanxi/SX2,0.2932,0.3064,0.4202,0.2902,0.191,-0.048,0.396,53.6,0.445,0.443,679,716,-0.485894,0.093575,H5N8,Avian
1613,A/whooper_swan/Shanxi/SX216/2020|EPI_ISL_1822594,A/whooper_swan/Shanxi/SX2,0.2932,0.3064,0.4202,0.2902,0.192,-0.046,0.398,53.57,0.445,0.443,679,716,-0.485894,0.093575,H5N8,Avian
1614,A/whooper_swan/Shanxi/SX231/2020|EPI_ISL_1822595,A/whooper_swan/Shanxi/SX2,0.2927,0.3058,0.4194,0.2917,0.192,-0.044,0.399,53.56,0.446,0.444,680,716,-0.48324,0.093575,H5N8,Avian
1615,A/whooper_swan/Shanxi/SX251/2020|EPI_ISL_1822596,A/whooper_swan/Shanxi/SX2,0.2919,0.307,0.421,0.2902,0.193,-0.045,0.398,54.06,0.445,0.444,678,716,-0.485894,0.093575,H5N8,Avian
1616,A/whooper_swan/Shanxi/SX276/2020|EPI_ISL_1822597,A/whooper_swan/Shanxi/SX2,0.2938,0.307,0.4202,0.2902,0.192,-0.047,0.398,54.16,0.445,0.443,679,716,-0.496089,0.093575,H5N8,Avian
1617,A/whooper_swan/Shanxi/SX291/2020|EPI_ISL_1822598,A/whooper_swan/Shanxi/SX2,0.2932,0.3064,0.4202,0.2902,0.192,-0.046,0.398,53.51,0.445,0.443,679,716,-0.485894,0.093575,H5N8,Avian
1618,A/whooper_swan/Shanxi/SX346/2020|EPI_ISL_1822599,A/whooper_swan/Shanxi/SX3,0.297,0.3026,0.4202,0.2902,0.191,-0.048,0.396,53.55,0.442,0.442,679,716,-0.482542,0.093575,H5N8,Avian
1619,A/Wigeon/Ningxia/476-12/2015|EPI_ISL_295498,A/Wigeon/Ningxia/476-12/2,0.3034,0.2996,0.4237,0.2815,0.181,-0.073,0.382,53.4,0.434,0.439,678,716,-0.470671,0.093575,H5N6,Avian
1620,A/wild_bird/Eastern_China/1754/2017|EPI_ISL_378249,A/wild_bird/Eastern_China,0.2787,0.3183,0.4221,0.2935,0.196,-0.029,0.408,53.25,0.455,0.446,679,716,-0.472207,0.093575,Others,Avian
1621,A/wild_bird/Eastern_China/1758/2017|EPI_ISL_378250,A/wild_bird/Eastern_China,0.2801,0.3158,0.4221,0.2935,0.194,-0.034,0.405,53.26,0.454,0.445,679,716,-0.468436,0.093575,Others,Avian
1622,A/wild_bird/Eastern_China/1759/2017|EPI_ISL_378251,A/wild_bird/Eastern_China,0.2787,0.3183,0.4221,0.2935,0.196,-0.029,0.408,53.24,0.455,0.445,679,716,-0.472765,0.093575,Others,Avian
1623,A/wild_bird/Hubei/12.12_LGHF2W44/2016(H5N8)|EPI_ISL_363770,A/wild_bird/Hubei/12.12_L,0.2825,0.3164,0.4194,0.2935,0.197,-0.032,0.406,53.25,0.454,0.445,679,716,-0.461872,0.094972,H5N8,Avian
1624,A/wild_bird/Hunan/01.14_YYDTHF2-20-2/2016(H5N6)|EPI_ISL_363818,A/wild_bird/Hunan/01.14_Y,0.309,0.2903,0.4237,0.2857,0.186,-0.079,0.379,52.72,0.429,0.437,678,716,-0.469553,0.093575,H5N6,Avian
1625,A/wild_bird/Hunan/01.14_YYDTHF2-25-2/2016(H5N6)|EPI_ISL_363823,A/wild_bird/Hunan/01.14_Y,0.3028,0.2935,0.413,0.3004,0.185,-0.077,0.379,53.5,0.442,0.441,678,716,-0.467737,0.093575,H5N6,Avian
1626,A/wild_bird/Hunan/02.24_YYDTHF2-114-2/2016(H5N6)|EPI_ISL_363805,A/wild_bird/Hunan/02.24_Y,0.3071,0.2921,0.4179,0.292,0.186,-0.076,0.381,53.37,0.435,0.438,678,716,-0.470112,0.093575,H5N6,Avian
1627,A/wild_bird/Hunan/02.24_YYDTHF3-112/2016(H5N6)|EPI_ISL_2727646,A/wild_bird/Hunan/02.24_Y,0.3071,0.2921,0.4179,0.292,0.186,-0.076,0.381,53.37,0.435,0.438,678,716,-0.470112,0.093575,H5N6,Avian
1628,A/wild_bird/Hunan/03.08_DTHF2E3-2/2018(H5N6)|EPI_ISL_363803,A/wild_bird/Hunan/03.08_D,0.3071,0.2921,0.4179,0.292,0.186,-0.076,0.381,53.37,0.435,0.438,678,716,-0.470112,0.093575,H5N6,Avian
1629,A/wild_bird/Taipei/04WB12-522-11-15/2004|EPI_ISL_19226227,A/wild_bird/Taipei/04WB12,0.3051,0.3013,0.4064,0.2979,0.205,-0.016,0.415,54.22,0.446,0.442,680,716,-0.458659,0.093575,H5N6,Avian
1630,A/wild_bird/Zhejiang/NBXS-1/2024|EPI_ISL_19371693,A/wild_bird/Zhejiang/NBXS,0.2774,0.3226,0.3981,0.3139,0.198,-0.033,0.404,52.91,0.474,0.453,680,716,-0.467319,0.093575,H5N6,Avian
1631,A/wild_duck/Fujian/1/2011|EPI_ISL_148129,A/wild_duck/Fujian/1/2011,0.3013,0.2994,0.4459,0.2583,0.19,-0.039,0.401,51.9,0.417,0.434,678,716,-0.471788,0.093575,H5N1,Avian
1632,A/wild_duck/Fujian/2/2011|EPI_ISL_148130,A/wild_duck/Fujian/2/2011,0.3013,0.2994,0.4442,0.2593,0.192,-0.034,0.404,52.37,0.418,0.434,679,716,-0.465782,0.093575,H5N1,Avian
1633,A/wild_duck/Hebei/SD012/2021(H5N1)|EPI_ISL_12572664,A/wild_duck/Hebei/SD012/2,0.2865,0.3131,0.4305,0.2812,0.197,-0.032,0.406,53.4,0.443,0.442,677,716,-0.487849,0.094972,H5N1,Avian
1634,A/wild_duck/Hunan/12.28_DTHD76-1/2016(H5N7)|EPI_ISL_2727644,A/wild_duck/Hunan/12.28_D,0.2623,0.334,0.4171,0.3004,0.196,-0.025,0.41,53.32,0.472,0.45,678,716,-0.469134,0.093575,Others,Avian
1635,A/wild_duck/Jiangsu/SD019/2021|EPI_ISL_5260469,A/wild_duck/Jiangsu/SD019,0.2932,0.3064,0.4163,0.2944,0.192,-0.046,0.398,53.79,0.448,0.444,679,716,-0.485475,0.094972,H5N8,Avian
1636,A/wild_duck/Jilin/HF/2011|EPI_ISL_148127,A/wild_duck/Jilin/HF/2011,0.2792,0.3094,0.4358,0.2822,0.197,-0.02,0.412,52.39,0.442,0.442,679,716,-0.462709,0.093575,H5N1,Avian
1637,A/wild_duck/Jilin/ZF/2011|EPI_ISL_148128,A/wild_duck/Jilin/ZF/2011,0.2702,0.3189,0.4451,0.2741,0.197,-0.011,0.418,50.81,0.443,0.441,680,716,-0.463827,0.092179,H5N1,Avian
1638,A/wild_duck/Shandong/1/2011|EPI_ISL_148124,A/wild_duck/Shandong/1/20,0.2801,0.3214,0.4411,0.2646,0.196,-0.009,0.42,51.41,0.439,0.439,679,716,-0.517877,0.094972,H5N1,Avian
1639,A/wild_duck/Shandong/2/2011|EPI_ISL_148125,A/wild_duck/Shandong/2/20,0.2844,0.307,0.4375,0.2797,0.197,-0.023,0.411,52.32,0.437,0.439,679,716,-0.464665,0.093575,H5N1,Avian
1640,A/wild_duck/Shandong/628/2011|EPI_ISL_148126,A/wild_duck/Shandong/628/,0.322,0.2844,0.4321,0.271,0.192,-0.066,0.387,53.26,0.414,0.43,677,716,-0.481704,0.096369,H5N1,Avian
1641,A/wild_duck/Shandong/SC177/2021|EPI_ISL_5260454,A/wild_duck/Shandong/SC17,0.2932,0.3045,0.4183,0.2944,0.193,-0.044,0.399,53.6,0.446,0.444,679,716,-0.489246,0.093575,H5N8,Avian
1642,A/wild_goose/Shandong/SC196/2021|EPI_ISL_5260470,A/wild_goose/Shandong/SC1,0.2932,0.3045,0.4183,0.2944,0.193,-0.044,0.399,53.6,0.446,0.444,679,716,-0.489246,0.093575,H5N8,Avian
1643,A/wild_pigeon/Jilin/CC01/2014|EPI_ISL_243344,A/wild_pigeon/Jilin/CC01/,0.3071,0.2978,0.4179,0.2851,0.191,-0.059,0.391,53.4,0.435,0.439,678,716,-0.476257,0.093575,H5N6,Avian
1644,A/wildfowl/China/472/2014|EPI_ISL_201792,A/wildfowl/China/472/2014,0.2936,0.2973,0.4175,0.3103,0.208,-0.03,0.407,53.58,0.449,0.438,680,716,-0.476676,0.094972,H5N2,Avian
1645,A/Xinjiang/1/2006|EPI_ISL_79681,A/Xinjiang/1/2006|EPI_ISL,0.3057,0.3,0.4175,0.2875,0.201,-0.04,0.402,52.68,0.437,0.439,679,716,-0.48324,0.093575,H5N1,Human
1646,A/Xinjiang/1/2009|EPI_ISL_73313,A/Xinjiang/1/2009|EPI_ISL,0.2938,0.3051,0.448,0.2578,0.2,-0.033,0.405,51.27,0.421,0.435,679,716,-0.466481,0.093575,H5N1,Human
1647,A/Yunnan/14563/2015|EPI_ISL_178261,A/Yunnan/14563/2015|EPI_I,0.2731,0.3296,0.4171,0.2956,0.214,0.037,0.446,53.78,0.465,0.448,680,716,-0.497067,0.093575,H5N6,Human
1648,A/Yunnan/DQ002/2015(H5N6)|EPI_ISL_200838,A/Yunnan/DQ002/2015(H5N6),0.2787,0.3277,0.4248,0.283,0.213,0.032,0.443,53.57,0.454,0.445,680,716,-0.497067,0.093575,H5N6,Human
1649,A/Zhejiang/1/2006|EPI_ISL_73294,A/Zhejiang/1/2006|EPI_ISL,0.2911,0.31,0.44,0.2716,0.197,-0.033,0.406,53.16,0.432,0.435,678,716,-0.472626,0.093575,H5N1,Human
1650,A/Anas_platyrhynchos/jiujiang/H5N1/2024_H5N1|GCA_050792265.1,A/Anas_platyrhynchos/jiuj,0.275,0.3239,0.4023,0.3117,0.199,-0.044,0.399,53.17,0.473,0.449,679,716,-0.468436,0.093575,H5N1,Avian
1651,A/Anas_crecca/Hubei/Chenhu1623-5/2014_H5N6|GCA_038725345.1,A/Anas_crecca/Hubei/Chenh,0.2957,0.3051,0.4297,0.2788,0.189,-0.051,0.395,52.96,0.435,0.437,678,716,-0.473464,0.093575,H5N6,Avian
1652,A/Anhui/1/2006_H5N1|GCA_038285345.1,A/Anhui/1/2006_H5N1|GCA_0,0.293,0.3081,0.4392,0.2704,0.198,-0.028,0.409,52.04,0.431,0.435,678,716,-0.480726,0.093575,H5N1,Human
1653,A/Anhui/1/2007_H5N1|GCA_038462475.1,A/Anhui/1/2007_H5N1|GCA_0,0.293,0.3119,0.4362,0.271,0.196,-0.033,0.406,53.56,0.434,0.436,678,716,-0.480447,0.093575,H5N1,Human
1654,A/Anhui/2/2005_H5N1|GCA_038248155.1,A/Anhui/2/2005_H5N1|GCA_0,0.2925,0.3075,0.4392,0.2725,0.2,-0.026,0.409,52.84,0.432,0.435,679,716,-0.472207,0.093575,H5N1,Human
1655,A/Anser_cygnoides/China/P126/2015_H5N1|GCA_038767415.1,A/Anser_cygnoides/China/P,0.2959,0.3034,0.4229,0.2851,0.184,-0.066,0.386,52.77,0.44,0.44,678,716,-0.462291,0.093575,H5N1,Avian
1656,A/Anser_cygnoides/Hubei/FW44/2016_H5N8|GCA_038932195.1,A/Anser_cygnoides/Hubei/F,0.2825,0.3164,0.4175,0.2956,0.197,-0.034,0.405,53.26,0.455,0.445,679,716,-0.461872,0.094972,H5N8,Avian
1657,A/Anser_fabalis/jiujiang/H5N1/2024_H5N1|GCA_050791665.1,A/Anser_fabalis/jiujiang/,0.275,0.3239,0.4023,0.3117,0.199,-0.044,0.399,53.17,0.473,0.449,679,716,-0.468436,0.093575,H5N1,Avian
1658,A/Anser_fabalis/jiujiang/H5N1/2024_H5N1|GCA_050791675.1,A/Anser_fabalis/jiujiang/,0.275,0.3239,0.4023,0.3117,0.199,-0.044,0.399,53.17,0.473,0.449,679,716,-0.468436,0.093575,H5N1,Avian
1659,A/Anser_fabalis/jiujiang/H5N1/2024_H5N1|GCA_050791655.1,A/Anser_fabalis/jiujiang/,0.275,0.3239,0.4023,0.3117,0.199,-0.044,0.399,53.17,0.473,0.449,679,716,-0.468436,0.093575,H5N1,Avian
1660,A/Bulbul/Taiwan/01156/2015_H5N3|GCA_038768815.1,A/Bulbul/Taiwan/01156/201,0.3133,0.2927,0.4283,0.2758,0.191,-0.063,0.388,53.18,0.423,0.428,678,716,-0.483101,0.094972,Others,Avian
1661,A/Changsha/1/2014_H5N6|GCA_038721495.1,A/Changsha/1/2014_H5N6|GC,0.3015,0.3015,0.4321,0.2737,0.186,-0.066,0.386,52.04,0.429,0.435,678,716,-0.464525,0.094972,H5N6,Human
1662,A/China/Original/2018_H5N6|GCA_039095745.1,A/China/Original/2018_H5N,0.2887,0.3151,0.408,0.3013,0.203,-0.014,0.417,54.38,0.458,0.444,679,716,-0.467039,0.093575,H5N6,Human
1663,A/Chlidonias_hybrida/Hubei/55/2020_H5N8|GCA_039227835.1,A/Chlidonias_hybrida/Hube,0.2914,0.3064,0.424,0.2881,0.193,-0.036,0.404,53.68,0.443,0.443,679,716,-0.485894,0.093575,H5N8,Avian
1664,A/Commom_Teal/Ningxia/474-9/2015_H5N6|GCA_038800685.1,A/Commom_Teal/Ningxia/474,0.3034,0.2996,0.4237,0.2809,0.183,-0.073,0.382,53.47,0.434,0.439,678,716,-0.47109,0.093575,H5N6,Avian
1665,A/Copsychus_saularis/Guangdong/SW8/2014_H5N6|GCA_038741795.1,A/Copsychus_saularis/Guan,0.3009,0.2991,0.4305,0.2767,0.185,-0.064,0.387,52.42,0.43,0.437,679,716,-0.473324,0.093575,H5N6,Avian
1666,A/Cygnus_atratus/Hubei/2Z2-O/2016_H5N8|GCA_038936895.1,A/Cygnus_atratus/Hubei/2Z,0.2814,0.3077,0.424,0.2998,0.195,-0.034,0.404,53.78,0.451,0.444,680,716,-0.469134,0.093575,H5N8,Avian
1667,A/Cygnus_atratus/Hubei/HF-1/2016_H5N8|GCA_038933985.1,A/Cygnus_atratus/Hubei/HF,0.2795,0.3096,0.424,0.2998,0.194,-0.037,0.403,53.8,0.453,0.444,680,716,-0.469134,0.093575,H5N8,Avian
1668,A/Cygnus_columbianus/Hubei/116/2020_H5N8|GCA_039227075.1,A/Cygnus_columbianus/Hube,0.2932,0.3064,0.4202,0.2902,0.192,-0.046,0.398,53.57,0.445,0.443,679,716,-0.485894,0.093575,H5N8,Avian
1669,A/Cygnus_columbianus/Hubei/49/2020_H5N8|GCA_039226965.1,A/Cygnus_columbianus/Hube,0.2951,0.3045,0.424,0.286,0.191,-0.048,0.396,53.51,0.44,0.442,679,716,-0.485894,0.093575,H5N8,Avian
1670,A/Cygnus_columbianus/Hubei/50/2020_H5N8|GCA_039227715.1,A/Cygnus_columbianus/Hube,0.2932,0.3064,0.4221,0.2881,0.192,-0.046,0.398,53.45,0.443,0.443,679,716,-0.485894,0.093575,H5N8,Avian
1671,A/Cygnus_columbianus/Hubei/51/2020_H5N8|GCA_039226985.1,A/Cygnus_columbianus/Hube,0.2914,0.3083,0.4221,0.2881,0.193,-0.041,0.401,53.47,0.445,0.443,679,716,-0.485894,0.093575,H5N8,Avian
1672,A/Cygnus_columbianus/Hubei/52/2020_H5N8|GCA_039227815.1,A/Cygnus_columbianus/Hube,0.2951,0.3045,0.4202,0.2902,0.192,-0.043,0.399,53.62,0.443,0.443,679,716,-0.485894,0.093575,H5N8,Avian
1673,A/Cygnus_columbianus/Hubei/53/2020_H5N8|GCA_039227085.1,A/Cygnus_columbianus/Hube,0.2932,0.3064,0.4183,0.2923,0.191,-0.048,0.396,53.6,0.446,0.444,679,716,-0.485894,0.093575,H5N8,Avian
1674,A/Cygnus_columbianus/Hubei/56/2020_H5N8|GCA_039226645.1,A/Cygnus_columbianus/Hube,0.2951,0.3064,0.4175,0.2896,0.192,-0.043,0.399,53.55,0.445,0.444,679,716,-0.481564,0.093575,H5N8,Avian
1675,A/Duck/Dongting/D76-1/2016_H5N7|GCA_038937065.1,A/Duck/Dongting/D76-1/201,0.2623,0.334,0.4171,0.3004,0.196,-0.025,0.41,53.32,0.472,0.45,678,716,-0.469134,0.093575,Others,Avian
1676,A/Duck/Jiangxi/631/2024_H5N1|GCA_042167585.1,A/Duck/Jiangxi/631/2024_H,0.2811,0.3189,0.4023,0.3124,0.196,-0.043,0.399,53.41,0.468,0.45,679,716,-0.476676,0.092179,H5N1,Avian
1677,A/Falcated_Duck/Ningxia/484-29/2015_H5N6|GCA_038799475.1,A/Falcated_Duck/Ningxia/4,0.3034,0.2996,0.4256,0.2794,0.181,-0.073,0.382,53.37,0.432,0.439,678,716,-0.470671,0.093575,H5N6,Avian
1678,A/Ferruginous_Pochard/Ningxia/480-17/2015_H5N6|GCA_038799515.1,A/Ferruginous_Pochard/Nin,0.3034,0.2996,0.4283,0.2779,0.181,-0.075,0.381,53.44,0.431,0.438,678,716,-0.466062,0.093575,H5N6,Avian
1679,A/Gadwall/Ningxia/472-7/2015_H5N6|GCA_038800765.1,A/Gadwall/Ningxia/472-7/2,0.3034,0.2996,0.4256,0.2794,0.181,-0.073,0.382,53.37,0.432,0.439,678,716,-0.470671,0.093575,H5N6,Avian
1680,A/Gallinula_chloropus/Guangdong/GZ174/2014_H5N6|GCA_038745415.1,A/Gallinula_chloropus/Gua,0.2998,0.298,0.4297,0.2788,0.182,-0.073,0.381,52.4,0.431,0.437,680,716,-0.453352,0.093575,H5N6,Avian
1681,A/Guangdong/1/2008_H5N1|GCA_038477485.1,A/Guangdong/1/2008_H5N1|G,0.2892,0.3081,0.4466,0.2679,0.197,-0.027,0.409,52.57,0.428,0.434,677,716,-0.473603,0.094972,H5N1,Human
1682,A/Guangdong/2/2006_H5N1|GCA_038273265.1,A/Guangdong/2/2006_H5N1|G,0.2949,0.3062,0.4487,0.26,0.196,-0.038,0.403,51.66,0.422,0.433,678,716,-0.475978,0.093575,H5N1,Human
1683,A/Guangdong/lgf/2021_H5N6|GCA_039237745.1,A/Guangdong/lgf/2021_H5N6,0.2946,0.3039,0.4163,0.2944,0.191,-0.045,0.398,53.75,0.446,0.445,679,716,-0.486732,0.093575,H5N6,Human
1684,A/Guangxi/1/2005_H5N1|GCA_038247645.1,A/Guangxi/1/2005_H5N1|GCA,0.2898,0.3125,0.4381,0.2725,0.198,-0.037,0.404,52.62,0.435,0.437,678,716,-0.488129,0.094972,H5N1,Human
1685,A/Guangxi/1/2008_H5N1|GCA_038477145.1,A/Guangxi/1/2008_H5N1|GCA,0.2925,0.3075,0.4497,0.2573,0.198,-0.035,0.404,52.29,0.422,0.432,678,716,-0.477374,0.092179,H5N1,Human
1686,A/Guangzhou/39715/2014_H5N6|GCA_038761735.1,A/Guangzhou/39715/2014_H5,0.3052,0.2978,0.4198,0.2857,0.184,-0.071,0.383,53.16,0.435,0.439,678,716,-0.468994,0.093575,H5N6,Human
1687,A/Guizhou/1/2009_H5N1|GCA_038505375.1,A/Guizhou/1/2009_H5N1|GCA,0.2892,0.31,0.4457,0.2657,0.199,-0.025,0.41,52.7,0.429,0.435,678,716,-0.480307,0.094972,H5N1,Human
1688,A/Hunan/1/2008_H5N1|GCA_038476645.1,A/Hunan/1/2008_H5N1|GCA_0,0.3169,0.2941,0.4015,0.3021,0.201,-0.041,0.402,54.33,0.442,0.439,679,716,-0.480726,0.093575,H5N1,Human
1689,A/Hunan/2/2009_H5N1|GCA_038506045.1,A/Hunan/2/2009_H5N1|GCA_0,0.2917,0.3087,0.4438,0.2678,0.202,-0.025,0.41,52.61,0.429,0.434,678,716,-0.467877,0.094972,H5N1,Human
1690,A/Japanese_white-eye/Taoyuan/Q454/2012_H5N1|GCA_038651525.1,A/Japanese_white-eye/Taoy,0.29,0.3051,0.4487,0.2642,0.185,-0.056,0.392,51.71,0.425,0.433,678,716,-0.488129,0.093575,H5N1,Avian
1691,A/Nanjing/1/2015_H5N1|GCA_038770935.1,A/Nanjing/1/2015_H5N1|GCA,0.2801,0.3064,0.4358,0.2869,0.194,-0.026,0.41,53.12,0.442,0.439,681,716,-0.473045,0.092179,H5N1,Human
1692,A/Northern_Shoveler/Ningxia/488-53/2015_H5N6|GCA_038800455.1,A/Northern_Shoveler/Ningx,0.3034,0.2996,0.4237,0.2815,0.181,-0.07,0.383,53.64,0.434,0.439,678,716,-0.470671,0.093575,H5N6,Avian
1693,A/Pavo_cristatus/China/JS02/2018_H5N6|GCA_039039145.1,A/Pavo_cristatus/China/JS,0.298,0.2998,0.4248,0.2857,0.19,-0.051,0.394,52.47,0.437,0.437,680,716,-0.464246,0.093575,H5N6,Avian
1694,A/Pavo_cristatus/China/K10/2018_H5N6|GCA_039038635.1,A/Pavo_cristatus/China/K1,0.298,0.2998,0.4248,0.2857,0.19,-0.051,0.394,52.47,0.437,0.437,680,716,-0.464246,0.093575,H5N6,Avian
1695,A/Pavo_cristatus/Jiangxi/JA1/2016_H5N6|GCA_038827365.1,A/Pavo_cristatus/Jiangxi/,0.3009,0.3047,0.4122,0.2899,0.184,-0.065,0.386,52.88,0.444,0.442,678,716,-0.470391,0.093575,H5N6,Avian
1696,A/Rattus_norvegicus/China/FS21/2021_H5N6|GCA_039238605.1,A/Rattus_norvegicus/China,0.3035,0.298,0.4125,0.2923,0.189,-0.062,0.388,53.7,0.441,0.439,680,716,-0.45838,0.094972,H5N6,Nonhuman Mammal
1697,A/Shandong/1/2009_H5N1|GCA_038504355.1,A/Shandong/1/2009_H5N1|GC,0.2973,0.3011,0.4392,0.2725,0.199,-0.024,0.411,52.52,0.427,0.434,677,716,-0.485754,0.093575,H5N1,Human
1698,A/Spatula_querquedula/chongming/H5N1/2024_H5N1|GCA_050792285.1,A/Spatula_querquedula/cho,0.275,0.3239,0.4023,0.3117,0.199,-0.044,0.399,53.17,0.473,0.449,679,716,-0.468436,0.093575,H5N1,Avian
1699,A/Syrrhaptes_paradoxus/Guangdong/ZH283/2015_H5N6|GCA_038774035.1,A/Syrrhaptes_paradoxus/Gu,0.2978,0.3052,0.4226,0.2842,0.187,-0.061,0.389,52.97,0.44,0.44,678,716,-0.467598,0.093575,H5N6,Avian
1700,A/Taiwan/DV413/2006_H5N2|GCA_038275325.1,A/Taiwan/DV413/2006_H5N2|,0.2846,0.3146,0.4237,0.2905,0.196,-0.037,0.403,53.43,0.45,0.442,680,716,-0.47919,0.094972,H5N2,Avian
1701,A/Taiwan/DV518/2006_H5N2|GCA_038278775.1,A/Taiwan/DV518/2006_H5N2|,0.2865,0.3127,0.4179,0.2968,0.194,-0.05,0.396,53.42,0.453,0.443,680,716,-0.47919,0.094972,H5N2,Avian
1702,A/Whooper_Swan/Sanmenxia/01/2016_H5N8|GCA_038925235.1,A/Whooper_Swan/Sanmenxia/,0.2795,0.3096,0.4231,0.2992,0.194,-0.037,0.403,53.85,0.453,0.445,680,716,-0.465224,0.093575,H5N8,Avian
1703,A/Wild_bird/Huadong/CIXI20/2020_H5N8|GCA_057733595.1,A/Wild_bird/Huadong/CIXI2,0.2932,0.3064,0.4183,0.2917,0.193,-0.04,0.401,53.54,0.446,0.444,679,716,-0.486313,0.093575,H5N8,Avian
1704,A/Wild_bird/Huadong/CM120/2017_H5N1|GCA_057733485.1,A/Wild_bird/Huadong/CM120,0.2782,0.3102,0.4358,0.2854,0.193,-0.024,0.411,53.12,0.443,0.438,681,716,-0.47067,0.093575,H5N1,Avian
1705,A/Wild_bird/Huadong/DF10/2019_H5N6|GCA_057733565.1,A/Wild_bird/Huadong/DF10/,0.308,0.2894,0.4137,0.2923,0.179,-0.083,0.375,52.24,0.435,0.44,680,716,-0.453631,0.093575,H5N6,Avian
1706,A/Wild_bird/Huadong/DT10/2019_H5N1|GCA_057733585.1,A/Wild_bird/Huadong/DT10/,0.2932,0.3008,0.4573,0.2526,0.183,-0.061,0.389,52.8,0.414,0.432,678,716,-0.477374,0.093575,H5N1,Avian
1707,A/Wild_bird/Huadong/GY116/2019_H5N6|GCA_057733535.1,A/Wild_bird/Huadong/GY116,0.308,0.2894,0.4137,0.2923,0.179,-0.083,0.375,52.24,0.435,0.44,680,716,-0.453631,0.093575,H5N6,Avian
1708,A/Wild_bird/Huadong/GY183/2017_H5N6|GCA_057733495.1,A/Wild_bird/Huadong/GY183,0.3083,0.297,0.4218,0.2836,0.19,-0.061,0.389,52.92,0.432,0.436,678,716,-0.462151,0.093575,H5N6,Avian
1709,A/Wild_bird/Huadong/GY999/2017_H5N6|GCA_057733505.1,A/Wild_bird/Huadong/GY999,0.3028,0.3047,0.4141,0.2857,0.185,-0.065,0.386,52.67,0.441,0.441,678,716,-0.470391,0.093575,H5N6,Avian
1710,A/Wild_bird/Huadong/JYWB4/2013_H5N1|GCA_057733455.1,A/Wild_bird/Huadong/JYWB4,0.2919,0.3032,0.4525,0.2594,0.184,-0.058,0.391,51.76,0.42,0.433,678,716,-0.489665,0.093575,H5N1,Avian
1711,A/Wild_bird/Huadong/QP10/2016_H5N6|GCA_057733475.1,A/Wild_bird/Huadong/QP10/,0.3021,0.2983,0.4248,0.283,0.187,-0.066,0.386,52.84,0.434,0.438,678,716,-0.469553,0.093575,H5N6,Avian
1712,A/Wild_bird/Huadong/SH17/2019_H5N6|GCA_057733575.1,A/Wild_bird/Huadong/SH17/,0.308,0.2894,0.4137,0.2923,0.179,-0.083,0.375,52.24,0.435,0.44,680,716,-0.453631,0.093575,H5N6,Avian
1713,A/Wild_bird/Huadong/SSW7/2017_H5N6|GCA_057733525.1,A/Wild_bird/Huadong/SSW7/,0.3009,0.3047,0.4122,0.2899,0.183,-0.063,0.388,52.37,0.444,0.442,678,716,-0.470391,0.093575,H5N6,Avian
1714,A/Wild_bird/Huadong/SZ1111/2016_H5N6|GCA_057733465.1,A/Wild_bird/Huadong/SZ111,0.3021,0.2983,0.4248,0.283,0.187,-0.066,0.386,52.84,0.434,0.438,678,716,-0.469553,0.093575,H5N6,Avian
1715,A/Wild_bird/Huadong/YC148/2019_H5N6|GCA_057733545.1,A/Wild_bird/Huadong/YC148,0.3009,0.3047,0.4122,0.2899,0.183,-0.063,0.388,52.37,0.444,0.442,678,716,-0.470391,0.093575,H5N6,Avian
1716,A/Wild_bird/Huadong/YX68/2019_H5N6|GCA_057733555.1,A/Wild_bird/Huadong/YX68/,0.308,0.2894,0.4137,0.2923,0.179,-0.083,0.375,52.24,0.435,0.44,680,716,-0.453631,0.093575,H5N6,Avian
1717,A/Xinjiang/1/2009_H5N1|GCA_038505015.1,A/Xinjiang/1/2009_H5N1|GC,0.2938,0.3051,0.448,0.2578,0.2,-0.033,0.405,51.27,0.421,0.435,679,716,-0.466481,0.093575,H5N1,Human
1718,A/Yangzhou/125/2022_H5N6|GCA_039266715.1,A/Yangzhou/125/2022_H5N6|,0.2857,0.3105,0.3936,0.3271,0.186,-0.054,0.393,55.2,0.471,0.447,679,716,-0.484916,0.093575,H5N6,Human
1719,A/avian/Hong_Kong/0719/2007_H5N1|GCA_038453415.1,A/avian/Hong_Kong/0719/20,0.2887,0.3094,0.4544,0.2563,0.195,-0.033,0.406,52.05,0.422,0.432,678,716,-0.475279,0.093575,H5N1,Avian
1720,A/avian/Hong_Kong/1993/2007_H5N1|GCA_038453435.1,A/avian/Hong_Kong/1993/20,0.2892,0.31,0.4516,0.2579,0.194,-0.033,0.406,52.17,0.423,0.432,678,716,-0.47514,0.093575,H5N1,Avian
1721,A/avian/Hong_Kong/2372/2007_H5N1|GCA_038452855.1,A/avian/Hong_Kong/2372/20,0.2943,0.3057,0.4506,0.2584,0.195,-0.033,0.406,52.3,0.42,0.432,678,716,-0.468994,0.093575,H5N1,Avian
1722,A/baikal_teal/Xianghai/426/2011_H5N2|GCA_038623835.1,A/baikal_teal/Xianghai/42,0.2768,0.3202,0.4335,0.2815,0.196,-0.021,0.412,52.15,0.448,0.441,679,716,-0.472346,0.093575,H5N2,Avian
1723,A/bar-headed_goose/Qinghai/1-HVRI/2006_H5N1|GCA_038266165.1,A/bar-headed_goose/Qingha,0.3028,0.3009,0.4253,0.2754,0.202,-0.028,0.408,52.28,0.432,0.44,681,716,-0.489805,0.093575,H5N1,Avian
1724,A/bar-headed_goose/Tibet/8/2006_H5N1|GCA_038266245.1,A/bar-headed_goose/Tibet/,0.3075,0.2981,0.4213,0.2839,0.204,-0.033,0.406,52.85,0.433,0.437,679,716,-0.480586,0.094972,H5N1,Avian
1725,A/black_chicken/Jiangxi/10129/2014_H5N6|GCA_038718415.1,A/black_chicken/Jiangxi/1,0.3,0.3,0.4373,0.2725,0.189,-0.051,0.395,52.94,0.426,0.434,678,716,-0.471508,0.093575,H5N6,Avian
1726,A/brown-headed_gull/Qinghai/19/2009_H5N1|GCA_038534815.1,A/brown-headed_gull/Qingh,0.2779,0.3176,0.4354,0.2782,0.201,-0.011,0.418,52.3,0.445,0.442,677,716,-0.488827,0.094972,H5N1,Avian
1727,A/brown-headed_gull/Qinghai/9/2009_H5N1|GCA_038535675.1,A/brown-headed_gull/Qingh,0.2779,0.3195,0.437,0.2762,0.201,-0.009,0.419,51.83,0.445,0.441,677,716,-0.480726,0.094972,H5N1,Avian
1728,A/canvasback/Xianghai/428/2011_H5N2|GCA_038624105.1,A/canvasback/Xianghai/428,0.2887,0.3208,0.4061,0.2965,0.203,-0.008,0.42,53.64,0.459,0.445,679,716,-0.473743,0.093575,H5N2,Avian
1729,A/cat/Sichuan/SC18/2014_H5N6|GCA_038734245.1,A/cat/Sichuan/SC18/2014_H,0.2962,0.3057,0.4326,0.2729,0.191,-0.047,0.398,52.98,0.432,0.439,678,716,-0.475279,0.093575,H5N6,Nonhuman Mammal
1730,A/cat/Zhejiang/C1/2016_H5N6|GCA_038809425.1,A/cat/Zhejiang/C1/2016_H5,0.2768,0.3315,0.4256,0.2782,0.211,0.017,0.433,53.28,0.455,0.445,679,716,-0.495112,0.093575,H5N6,Nonhuman Mammal
1731,A/cat/Zhejiang/C2/2016_H5N6|GCA_038810535.1,A/cat/Zhejiang/C2/2016_H5,0.275,0.3296,0.4198,0.2887,0.211,0.03,0.44,52.72,0.461,0.447,679,716,-0.49176,0.093575,H5N6,Nonhuman Mammal
1732,A/chicken/Anhui/MZ33/2016_H5N6|GCA_038814295.1,A/chicken/Anhui/MZ33/2016,0.272,0.3302,0.4256,0.2836,0.208,0.027,0.439,53.23,0.458,0.446,679,716,-0.483939,0.093575,H5N6,Avian
1733,A/chicken/Anhui/MZ34/2016_H5N6|GCA_038815495.1,A/chicken/Anhui/MZ34/2016,0.272,0.3302,0.4237,0.2857,0.207,0.025,0.437,53.32,0.459,0.446,679,716,-0.483939,0.093575,H5N6,Avian
1734,A/chicken/Beijing/BJ7/2014_H5N2|GCA_038749135.1,A/chicken/Beijing/BJ7/201,0.2736,0.3321,0.4313,0.2794,0.213,0.037,0.446,54.62,0.454,0.44,680,716,-0.498883,0.094972,H5N2,Avian
1735,A/chicken/CH/a556/2015_H5N2|GCA_038770985.1,A/chicken/CH/a556/2015_H5,0.3225,0.2767,0.4476,0.2716,0.195,-0.05,0.397,52.08,0.404,0.423,678,716,-0.494553,0.093575,H5N2,Avian
1736,A/chicken/Changhua/15010120-1/2015_H5N2|GCA_038768655.1,A/chicken/Changhua/150101,0.265,0.3383,0.4152,0.2954,0.194,-0.033,0.406,52.9,0.471,0.448,679,716,-0.468436,0.094972,H5N2,Avian
1737,A/chicken/Changhua/15010288/2015_H5N2|GCA_038770355.1,A/chicken/Changhua/150102,0.2674,0.3352,0.4163,0.2947,0.192,-0.038,0.404,52.99,0.468,0.447,679,716,-0.468855,0.094972,H5N2,Avian
1738,A/chicken/Changhua/15010324-2/2015_H5N2|GCA_038769645.1,A/chicken/Changhua/150103,0.2669,0.3365,0.4152,0.2954,0.194,-0.035,0.405,52.89,0.47,0.448,679,716,-0.468436,0.094972,H5N2,Avian
1739,A/chicken/Changhua/15010361-1/2015_H5N2|GCA_038769725.1,A/chicken/Changhua/150103,0.2669,0.3365,0.4163,0.292,0.195,-0.032,0.406,53.04,0.468,0.448,679,716,-0.461872,0.096369,H5N2,Avian
1740,A/chicken/Changhua/15010362-2/2015_H5N2|GCA_038770655.1,A/chicken/Changhua/150103,0.2669,0.3365,0.4133,0.2975,0.194,-0.035,0.405,53.15,0.471,0.449,679,716,-0.467877,0.094972,H5N2,Avian
1741,A/chicken/Changhua/15010363-2/2015_H5N2|GCA_038769745.1,A/chicken/Changhua/150103,0.2669,0.3365,0.4171,0.2932,0.194,-0.033,0.406,52.88,0.468,0.447,679,716,-0.468436,0.094972,H5N2,Avian
1742,A/chicken/Changhua/15040036-1/2015_H5N8|GCA_038778885.1,A/chicken/Changhua/150400,0.3159,0.2897,0.4324,0.271,0.188,-0.068,0.385,53.01,0.418,0.426,680,716,-0.486732,0.094972,H5N8,Avian
1743,A/chicken/Changhua/15040037-2/2015_H5N8|GCA_038779715.1,A/chicken/Changhua/150400,0.3202,0.2865,0.4275,0.2746,0.19,-0.067,0.386,53.06,0.418,0.427,679,716,-0.490782,0.094972,H5N8,Avian
1744,A/chicken/Changhua/15040042/2015_H5N8|GCA_038779815.1,A/chicken/Changhua/150400,0.3184,0.2884,0.4275,0.2752,0.189,-0.072,0.383,53.04,0.42,0.427,679,716,-0.486871,0.094972,H5N8,Avian
1745,A/chicken/Changhua/15040043-1/2015_H5N8|GCA_038778905.1,A/chicken/Changhua/150400,0.3184,0.2884,0.4256,0.2773,0.189,-0.075,0.381,53.06,0.421,0.427,679,716,-0.48743,0.094972,H5N8,Avian
1746,A/chicken/Changhua/15050013-1/2015_H5N2|GCA_038780715.1,A/chicken/Changhua/150500,0.2688,0.3346,0.4163,0.2926,0.196,-0.028,0.409,52.99,0.467,0.448,679,716,-0.464665,0.094972,H5N2,Avian
1747,A/chicken/Changhua/15050038-1/2015_H5N8|GCA_038781625.1,A/chicken/Changhua/150500,0.3114,0.2946,0.4264,0.2773,0.191,-0.065,0.388,53.22,0.426,0.43,678,716,-0.493855,0.094972,H5N8,Avian
1748,A/chicken/Changhua/15060027-2/2015_H5N2|GCA_038784005.1,A/chicken/Changhua/150600,0.265,0.3346,0.4221,0.2905,0.193,-0.03,0.408,52.91,0.465,0.447,679,716,-0.464665,0.094972,H5N2,Avian
1749,A/chicken/Changhua/15060029/2015_H5N8|GCA_038784035.1,A/chicken/Changhua/150600,0.3121,0.2916,0.4264,0.2773,0.187,-0.072,0.383,52.9,0.425,0.43,678,716,-0.490363,0.094972,H5N8,Avian
1750,A/chicken/Changhua/15060037-1/2015_H5N2|GCA_038784185.1,A/chicken/Changhua/150600,0.2688,0.3327,0.4163,0.2947,0.194,-0.03,0.408,52.85,0.467,0.447,679,716,-0.464665,0.094972,H5N2,Avian
1751,A/chicken/Changhua/15120008/2015_H5N2|GCA_038802965.1,A/chicken/Changhua/151200,0.2674,0.3352,0.419,0.2905,0.19,-0.037,0.404,53.22,0.466,0.447,678,716,-0.468296,0.094972,H5N2,Avian
1752,A/chicken/Changhua/16010060-2/2016_H5N2|GCA_038813715.1,A/chicken/Changhua/160100,0.2669,0.3346,0.4202,0.2918,0.194,-0.026,0.411,52.56,0.465,0.446,679,716,-0.46271,0.094972,H5N2,Avian
1753,A/chicken/Changhua/17060006/2017_H5N2|GCA_039012655.1,A/chicken/Changhua/170600,0.2726,0.3308,0.424,0.2848,0.196,-0.025,0.411,52.98,0.458,0.445,679,716,-0.463687,0.094972,H5N2,Avian
1754,A/chicken/Changhua/18040008-1/2018_H5N2|GCA_039069925.1,A/chicken/Changhua/180400,0.2637,0.339,0.419,0.2939,0.196,-0.015,0.417,52.33,0.47,0.447,679,716,-0.475419,0.094972,H5N2,Avian
1755,A/chicken/Chiayi/15010287-2/2015_H5N2|GCA_038770275.1,A/chicken/Chiayi/15010287,0.2669,0.3365,0.4152,0.2954,0.194,-0.035,0.405,53.03,0.47,0.448,679,716,-0.468436,0.094972,H5N2,Avian
1756,A/chicken/Chiayi/15010409-2/2015_H5N2|GCA_038770685.1,A/chicken/Chiayi/15010409,0.2693,0.3333,0.4183,0.2932,0.194,-0.033,0.406,52.91,0.465,0.446,679,716,-0.467458,0.094972,H5N2,Avian
1757,A/chicken/Chiayi/15010454-1/2015_H5N8|GCA_038770995.1,A/chicken/Chiayi/15010454,0.3133,0.2927,0.4264,0.2773,0.19,-0.066,0.386,53.09,0.425,0.429,678,716,-0.490503,0.094972,H5N8,Avian
1758,A/chicken/Chiayi/17040009-2/2017_H5N2|GCA_038965355.1,A/chicken/Chiayi/17040009,0.2693,0.3333,0.4163,0.2954,0.196,-0.02,0.414,52.77,0.467,0.447,679,716,-0.468156,0.094972,H5N2,Avian
1759,A/chicken/Chiayi/18120003-1/2018_H5N2|GCA_039108445.1,A/chicken/Chiayi/18120003,0.2892,0.3138,0.4061,0.3033,0.198,-0.033,0.404,54.42,0.459,0.446,678,716,-0.447207,0.093575,H5N2,Avian
1760,A/chicken/China/007/2019_H5N6|GCA_039172645.1,A/chicken/China/007/2019_,0.2985,0.306,0.4095,0.292,0.18,-0.073,0.382,52.35,0.447,0.443,678,716,-0.45824,0.093575,H5N6,Avian
1761,A/chicken/China/1101/2019_H5N6|GCA_039182745.1,A/chicken/China/1101/2019,0.3084,0.2972,0.4019,0.2998,0.183,-0.079,0.379,53.37,0.445,0.443,678,716,-0.457402,0.093575,H5N6,Avian
1762,A/chicken/China/Cangzhou03/2023_H5N1|GCA_046428445.1,A/chicken/China/Cangzhou0,0.2755,0.3245,0.4042,0.3096,0.199,-0.041,0.401,53.27,0.471,0.448,679,716,-0.473324,0.093575,H5N1,Avian
1763,A/chicken/China/E93/2012_H5N1|GCA_038651365.1,A/chicken/China/E93/2012_,0.2876,0.3158,0.44,0.263,0.193,-0.015,0.416,51.34,0.434,0.437,678,716,-0.505866,0.093575,H5N1,Avian
1764,A/chicken/China/E96/2012_H5N1|GCA_038650715.1,A/chicken/China/E96/2012_,0.2857,0.3158,0.4381,0.2672,0.193,-0.022,0.412,50.95,0.437,0.439,678,716,-0.502235,0.093575,H5N1,Avian
1765,A/chicken/Chiping/0321/2014_H5N2|GCA_038725355.1,A/chicken/Chiping/0321/20,0.2708,0.3371,0.4286,0.2788,0.21,0.015,0.433,55.58,0.458,0.442,679,716,-0.497905,0.093575,H5N2,Avian
1766,A/chicken/Dongguan/2690/2013_H5N6|GCA_038707865.1,A/chicken/Dongguan/2690/2,0.3052,0.2978,0.4237,0.2815,0.185,-0.071,0.383,52.93,0.432,0.438,678,716,-0.469553,0.093575,H5N6,Avian
1767,A/chicken/Dongguan/3363/2013_H5N6|GCA_038707155.1,A/chicken/Dongguan/3363/2,0.3015,0.3015,0.4294,0.2752,0.186,-0.063,0.388,52.73,0.431,0.437,678,716,-0.469553,0.093575,H5N6,Avian
1768,A/chicken/Dongguan/4259/2013_H5N6|GCA_038707895.1,A/chicken/Dongguan/4259/2,0.3034,0.3015,0.4218,0.2815,0.186,-0.071,0.383,52.61,0.435,0.438,678,716,-0.469553,0.093575,H5N6,Avian
1769,A/chicken/Eastern_China/HF9/2018_H5N2|GCA_039006675.1,A/chicken/Eastern_China/H,0.2863,0.3202,0.4324,0.2752,0.209,0.03,0.441,54.11,0.443,0.439,680,716,-0.497207,0.093575,H5N2,Avian
1770,A/chicken/Eastern_China/QY5/2018_H5N2|GCA_039002175.1,A/chicken/Eastern_China/Q,0.2863,0.3202,0.4324,0.2752,0.21,0.032,0.443,54.16,0.443,0.439,680,716,-0.496648,0.093575,H5N2,Avian
1771,A/chicken/Eastern_China/ZG16/2010_H5N1|GCA_038602145.1,A/chicken/Eastern_China/Z,0.293,0.3138,0.4259,0.2794,0.197,-0.041,0.401,53.02,0.441,0.438,678,716,-0.47095,0.093575,H5N1,Avian
1772,A/chicken/Eastern_China/ZG56/2011_H5N1|GCA_038635575.1,A/chicken/Eastern_China/Z,0.2968,0.31,0.4316,0.2725,0.198,-0.038,0.403,52.95,0.434,0.436,678,716,-0.471369,0.093575,H5N1,Avian
1773,A/chicken/Fujian/1/2007_H5N1|GCA_038453255.1,A/chicken/Fujian/1/2007_H,0.2992,0.3068,0.444,0.2594,0.196,-0.037,0.403,52.56,0.422,0.432,678,716,-0.47095,0.092179,H5N1,Avian
1774,A/chicken/Fujian/11.23_FZHX0007-O/2017_H5N6|GCA_038993015.1,A/chicken/Fujian/11.23_FZ,0.2974,0.2993,0.4207,0.2932,0.19,-0.044,0.399,52.49,0.441,0.439,680,716,-0.470671,0.093575,H5N6,Avian
1775,A/chicken/GY/a451/2015_H5N2|GCA_038770305.1,A/chicken/GY/a451/2015_H5,0.3206,0.2786,0.4493,0.2727,0.198,-0.046,0.4,51.3,0.406,0.422,678,716,-0.497346,0.096369,H5N2,Avian
1776,A/chicken/Gansu/5/2012_H5N1|GCA_038647695.1,A/chicken/Gansu/5/2012_H5,0.282,0.3195,0.44,0.2646,0.195,-0.015,0.416,51.09,0.438,0.439,678,716,-0.502654,0.093575,H5N1,Avian
1777,A/chicken/Gansu/6/2012_H5N1|GCA_038647835.1,A/chicken/Gansu/6/2012_H5,0.2895,0.3139,0.44,0.263,0.192,-0.02,0.413,51.23,0.432,0.436,678,716,-0.505866,0.093575,H5N1,Avian
1778,A/chicken/Ganzhou/GZ27/2015_H5N6|GCA_038805055.1,A/chicken/Ganzhou/GZ27/20,0.2978,0.3052,0.4226,0.2842,0.186,-0.061,0.389,52.52,0.44,0.439,678,716,-0.470391,0.093575,H5N6,Avian
1779,A/chicken/Guangdong/1/2005_H5N1|GCA_038246505.1,A/chicken/Guangdong/1/200,0.3043,0.3043,0.4175,0.2848,0.208,-0.034,0.406,53.05,0.439,0.44,679,716,-0.486173,0.093575,H5N1,Avian
1780,A/chicken/Guangdong/GD1602/2016_H5N6|GCA_038837635.1,A/chicken/Guangdong/GD160,0.2702,0.3321,0.4256,0.2836,0.208,0.03,0.44,53.11,0.459,0.447,679,716,-0.483939,0.093575,H5N6,Avian
1781,A/chicken/Guangxi/16/2019_H5N6|GCA_039178775.1,A/chicken/Guangxi/16/2019,0.3047,0.3009,0.419,0.2809,0.187,-0.057,0.391,52.51,0.435,0.438,678,716,-0.461453,0.093575,H5N6,Avian
1782,A/chicken/Guangxi/S2039/2009_H5N1|GCA_038520835.1,A/chicken/Guangxi/S2039/2,0.2906,0.3057,0.4497,0.2615,0.192,-0.046,0.398,51.45,0.423,0.433,678,716,-0.476816,0.094972,H5N1,Avian
1783,A/chicken/Guizhou/7/2008_H5N1|GCA_038474115.1,A/chicken/Guizhou/7/2008_,0.2932,0.3083,0.433,0.2764,0.194,-0.025,0.409,53.67,0.436,0.438,677,716,-0.517738,0.093575,H5N1,Avian
1784,A/chicken/Hebei/1102-MA/2010_H5N2|GCA_038582765.1,A/chicken/Hebei/1102-MA/2,0.2665,0.3327,0.424,0.2923,0.204,0.013,0.431,54.93,0.465,0.446,680,716,-0.521229,0.094972,H5N2,Avian
1785,A/chicken/Hebei/1102/2010_H5N2|GCA_038602515.1,A/chicken/Hebei/1102/2010,0.2665,0.3327,0.424,0.2917,0.205,0.014,0.431,54.96,0.465,0.446,680,716,-0.521648,0.094972,H5N2,Avian
1786,A/chicken/Hebei/3/2013_H5N2|GCA_038709345.1,A/chicken/Hebei/3/2013_H5,0.2736,0.3321,0.4313,0.2794,0.213,0.037,0.446,54.62,0.454,0.44,680,716,-0.498883,0.094972,H5N2,Avian
1787,A/chicken/Hebei/A-8/2009_H5N1|GCA_038503615.1,A/chicken/Hebei/A-8/2009_,0.2748,0.3252,0.4359,0.2716,0.19,-0.025,0.41,51.88,0.447,0.443,678,716,-0.509358,0.093575,H5N1,Avian
1788,A/chicken/Heilongjiang/S7/2014_H5N2|GCA_038742155.1,A/chicken/Heilongjiang/S7,0.3071,0.2978,0.4218,0.2821,0.188,-0.061,0.389,52.96,0.432,0.438,678,716,-0.468576,0.093575,H5N2,Avian
1789,A/chicken/Henan/A-7/2006_H5N1|GCA_038266105.1,A/chicken/Henan/A-7/2006_,0.2755,0.3264,0.4286,0.2797,0.196,-0.021,0.413,52.08,0.453,0.446,678,716,-0.511732,0.093575,H5N1,Avian
1790,A/chicken/Henan/Q7/2013_H5N2|GCA_038691675.1,A/chicken/Henan/Q7/2013_H,0.2722,0.3346,0.4313,0.2794,0.215,0.034,0.444,55.12,0.456,0.441,680,716,-0.497905,0.094972,H5N2,Avian
1791,A/chicken/Henan/YB0597/2016_H5N6|GCA_038826625.1,A/chicken/Henan/YB0597/20,0.2707,0.3327,0.4267,0.2815,0.208,0.027,0.439,52.99,0.458,0.446,679,716,-0.480447,0.093575,H5N6,Avian
1792,A/chicken/Hsinchu/16080004-2/2016_H5N2|GCA_038864525.1,A/chicken/Hsinchu/1608000,0.265,0.3365,0.4183,0.2932,0.194,-0.025,0.411,52.74,0.468,0.448,679,716,-0.463687,0.094972,H5N2,Avian
1793,A/chicken/Huadong/4/2008_H5N1|GCA_038500405.1,A/chicken/Huadong/4/2008_,0.2801,0.3233,0.4324,0.2746,0.194,-0.014,0.417,52.3,0.446,0.441,679,716,-0.504469,0.092179,H5N1,Avian
1794,A/chicken/Hubei/2856/2007_H5N1|GCA_038457595.1,A/chicken/Hubei/2856/2007,0.2825,0.3145,0.4451,0.2667,0.201,-0.012,0.418,53.82,0.434,0.438,680,716,-0.48324,0.093575,H5N1,Avian
1795,A/chicken/Hubei/ZYSJF11/2016_H5N6|GCA_038822095.1,A/chicken/Hubei/ZYSJF11/2,0.2712,0.3333,0.4275,0.2815,0.21,0.03,0.44,53.52,0.458,0.446,679,716,-0.48743,0.093575,H5N6,Avian
1796,A/chicken/Hubei/ZYSJF16/2016_H5N6|GCA_038824025.1,A/chicken/Hubei/ZYSJF16/2,0.2712,0.3333,0.4275,0.2815,0.21,0.03,0.44,53.52,0.458,0.446,679,716,-0.48743,0.093575,H5N6,Avian
1797,A/chicken/Hubei/ZYSJF38/2016_H5N6|GCA_038824065.1,A/chicken/Hubei/ZYSJF38/2,0.2712,0.3333,0.4275,0.2815,0.21,0.03,0.44,53.52,0.458,0.446,679,716,-0.48743,0.093575,H5N6,Avian
1798,A/chicken/Hunan/02.06_YYGK37J3-OC/2018_H5N6|GCA_039046875.1,A/chicken/Hunan/02.06_YYG,0.3065,0.2972,0.4046,0.3004,0.183,-0.07,0.383,52.32,0.445,0.441,678,716,-0.470391,0.093575,H5N6,Avian
1799,A/chicken/Hunan/03.07_YYGK74L3-OC/2018_H5N6|GCA_039061455.1,A/chicken/Hunan/03.07_YYG,0.2881,0.3145,0.4099,0.3004,0.198,-0.019,0.414,53.65,0.457,0.444,679,716,-0.472207,0.093575,H5N6,Avian
1800,A/chicken/Hunan/12.27_YYGK55J2-O/2016_H5N6|GCA_038936135.1,A/chicken/Hunan/12.27_YYG,0.3028,0.3028,0.4234,0.2806,0.189,-0.047,0.397,53.26,0.435,0.437,678,716,-0.467598,0.093575,H5N6,Avian
1801,A/chicken/Hunan/12.27_YYGKK148-OC/2016_H5N6|GCA_038936455.1,A/chicken/Hunan/12.27_YYG,0.2978,0.3034,0.4286,0.2767,0.188,-0.056,0.392,52.96,0.434,0.439,678,716,-0.468296,0.093575,H5N6,Avian
1802,A/chicken/Hunan/1793/2007_H5N1|GCA_038456395.1,A/chicken/Hunan/1793/2007,0.3036,0.3074,0.4118,0.2902,0.201,-0.039,0.404,53.66,0.444,0.44,678,716,-0.47486,0.093575,H5N1,Avian
1803,A/chicken/Hunan/21/2005_H5N1|GCA_038388155.1,A/chicken/Hunan/21/2005_H,0.2949,0.3081,0.4419,0.2679,0.2,-0.023,0.412,52.71,0.428,0.432,678,716,-0.464106,0.093575,H5N1,Avian
1804,A/chicken/Hunan/3/2007_H5N1|GCA_038470475.1,A/chicken/Hunan/3/2007_H5,0.2925,0.3057,0.4601,0.2495,0.192,-0.041,0.401,51.47,0.414,0.43,678,716,-0.489944,0.093575,H5N1,Avian
1805,A/chicken/Hunan/3157/2006_H5N1|GCA_038284845.1,A/chicken/Hunan/3157/2006,0.2906,0.3094,0.4392,0.2737,0.195,-0.031,0.406,52.62,0.433,0.435,679,716,-0.480587,0.093575,H5N1,Avian
1806,A/chicken/Hunan/8/2008_H5N1|GCA_038496995.1,A/chicken/Hunan/8/2008_H5,0.2744,0.3195,0.4392,0.2767,0.201,-0.005,0.421,51.7,0.445,0.441,679,716,-0.473603,0.093575,H5N1,Avian
1807,A/chicken/Jiangsu/1001/2013_H5N2|GCA_038686695.1,A/chicken/Jiangsu/1001/20,0.2712,0.3333,0.4305,0.2767,0.211,0.034,0.443,54.7,0.455,0.442,679,716,-0.478771,0.093575,H5N2,Avian
1808,A/chicken/Jiangsu/18/2008_H5N1|GCA_038474135.1,A/chicken/Jiangsu/18/2008,0.2777,0.3265,0.4332,0.2704,0.196,-0.002,0.423,52.33,0.447,0.443,678,716,-0.505447,0.093575,H5N1,Avian
1809,A/chicken/Jiangsu/2477/2014_H5N1|GCA_038737445.1,A/chicken/Jiangsu/2477/20,0.297,0.297,0.4563,0.2558,0.183,-0.058,0.391,52.03,0.413,0.431,678,716,-0.484916,0.093575,H5N1,Avian
1810,A/chicken/Jiangsu/927/2013_H5N1|GCA_038703735.1,A/chicken/Jiangsu/927/201,0.2919,0.3032,0.4487,0.2642,0.185,-0.048,0.397,51.44,0.423,0.433,678,716,-0.488268,0.093575,H5N1,Avian
1811,A/chicken/Jiangsu/XZ216/2014_H5N2|GCA_038725595.1,A/chicken/Jiangsu/XZ216/2,0.2717,0.334,0.4213,0.2854,0.212,0.028,0.44,55.24,0.462,0.445,680,716,-0.490782,0.093575,H5N2,Avian
1812,A/chicken/Jiangsu/YB7/2015_H5N1|GCA_038774685.1,A/chicken/Jiangsu/YB7/201,0.2768,0.3145,0.4329,0.2854,0.193,-0.023,0.412,53.37,0.447,0.44,680,716,-0.473743,0.093575,H5N1,Avian
1813,A/chicken/Jiangsu/k0402/2010_H5N1|GCA_038580305.1,A/chicken/Jiangsu/k0402/2,0.2782,0.312,0.4375,0.2797,0.197,-0.018,0.414,52.18,0.442,0.441,679,716,-0.465503,0.093575,H5N1,Avian
1814,A/chicken/Jiangxi/25/2011_H5N1|GCA_038635255.1,A/chicken/Jiangxi/25/2011,0.3038,0.2962,0.4489,0.2562,0.193,-0.043,0.4,52.37,0.413,0.432,678,716,-0.469553,0.093575,H5N1,Avian
1815,A/chicken/Jiangxi/NCDZT1123/2014_H5N6|GCA_038738505.1,A/chicken/Jiangxi/NCDZT11,0.3065,0.2953,0.421,0.2857,0.185,-0.069,0.384,53.41,0.433,0.438,679,716,-0.465922,0.093575,H5N6,Avian
1816,A/chicken/Jiangxi/NCDZT1126/2014_H5N6|GCA_038737435.1,A/chicken/Jiangxi/NCDZT11,0.3071,0.2959,0.4237,0.2821,0.186,-0.069,0.385,52.96,0.431,0.437,678,716,-0.469134,0.093575,H5N6,Avian
1817,A/chicken/Jiangyin/JY090718/2019_H5N6|GCA_056605465.1,A/chicken/Jiangyin/JY0907,0.2798,0.3233,0.4137,0.2965,0.202,-0.009,0.42,54.98,0.461,0.444,679,716,-0.471229,0.093575,H5N6,Avian
1818,A/chicken/Kaohsiung/16010047/2016_H5N8|GCA_038811875.1,A/chicken/Kaohsiung/16010,0.3152,0.2908,0.433,0.2716,0.189,-0.069,0.385,52.19,0.419,0.426,678,716,-0.49581,0.094972,H5N8,Avian
1819,A/chicken/Kaohsiung/16020017-2/2016_H5N8|GCA_038822355.1,A/chicken/Kaohsiung/16020,0.3177,0.2857,0.4359,0.271,0.189,-0.069,0.385,52.55,0.414,0.426,678,716,-0.493156,0.094972,H5N8,Avian
1820,A/chicken/Kaohsiung/16040021-1/2016_H5N8|GCA_038845835.1,A/chicken/Kaohsiung/16040,0.3145,0.2863,0.4389,0.2704,0.187,-0.072,0.383,52.61,0.414,0.426,678,716,-0.493715,0.094972,H5N8,Avian
1821,A/chicken/Kaohsiung/16070003/2016_H5N8|GCA_038859925.1,A/chicken/Kaohsiung/16070,0.3158,0.2857,0.4362,0.272,0.189,-0.073,0.383,52.47,0.415,0.426,679,716,-0.490503,0.094972,H5N8,Avian
1822,A/chicken/Kaohsiung/16120012/2016_H5N8|GCA_038930925.1,A/chicken/Kaohsiung/16120,0.3152,0.2871,0.4237,0.2851,0.187,-0.074,0.381,53.07,0.426,0.429,679,716,-0.483101,0.094972,H5N8,Avian
1823,A/chicken/Kaohsiung/16MB0889/2016_H5N8|GCA_038847945.1,A/chicken/Kaohsiung/16MB0,0.3145,0.2863,0.4389,0.2704,0.187,-0.072,0.383,52.61,0.414,0.426,678,716,-0.493715,0.094972,H5N8,Avian
1824,A/chicken/Kaohsiung/17030023/2017_H5N8|GCA_038959395.1,A/chicken/Kaohsiung/17030,0.3184,0.2828,0.4321,0.2746,0.187,-0.066,0.386,52.99,0.416,0.428,678,716,-0.494693,0.094972,H5N8,Avian
1825,A/chicken/Kaohsiung/17040007/2017_H5N2|GCA_038964805.1,A/chicken/Kaohsiung/17040,0.2726,0.3308,0.4183,0.2911,0.195,-0.022,0.412,52.83,0.462,0.446,679,716,-0.469413,0.094972,H5N2,Avian
1826,A/chicken/Kaohsiung/17100002/2017_H5N2|GCA_038983395.1,A/chicken/Kaohsiung/17100,0.2763,0.3271,0.4125,0.2975,0.195,-0.025,0.411,52.48,0.464,0.447,679,716,-0.463268,0.094972,H5N2,Avian
1827,A/chicken/Kaohsiung/18080004-1/2018_H5N2|GCA_039082715.1,A/chicken/Kaohsiung/18080,0.2906,0.3094,0.4278,0.283,0.198,-0.028,0.409,52.64,0.441,0.439,678,716,-0.47109,0.093575,H5N2,Avian
1828,A/chicken/Kaohsiung/18080004-2/2018_H5N2|GCA_039081885.1,A/chicken/Kaohsiung/18080,0.2887,0.3113,0.4278,0.283,0.197,-0.028,0.409,52.59,0.442,0.44,678,716,-0.47109,0.093575,H5N2,Avian
1829,A/chicken/Liaoning/23/2005_H5N1|GCA_038248125.1,A/chicken/Liaoning/23/200,0.3057,0.3,0.4194,0.2854,0.202,-0.038,0.404,52.65,0.436,0.438,679,716,-0.48324,0.093575,H5N1,Avian
1830,A/chicken/Liaoning/A-1/2007_H5N1|GCA_038452735.1,A/chicken/Liaoning/A-1/20,0.275,0.3296,0.4171,0.2881,0.196,-0.017,0.414,52.3,0.462,0.448,678,716,-0.506844,0.093575,H5N1,Avian
1831,A/chicken/Liaoning/S4092/2011_H5N1|GCA_038633635.1,A/chicken/Liaoning/S4092/,0.2873,0.3176,0.4381,0.2672,0.199,-0.013,0.417,51.24,0.437,0.438,678,716,-0.496229,0.093575,H5N1,Avian
1832,A/chicken/Miaoli/15010421-1/2015_H5N8|GCA_038770005.1,A/chicken/Miaoli/15010421,0.3152,0.2908,0.4302,0.2731,0.188,-0.072,0.383,53.14,0.42,0.428,678,716,-0.490503,0.094972,H5N8,Avian
1833,A/chicken/Nantou/16110023-1/2016_H5N8|GCA_038926695.1,A/chicken/Nantou/16110023,0.312,0.2876,0.44,0.2699,0.188,-0.07,0.384,52.72,0.415,0.426,679,716,-0.487849,0.096369,H5N8,Avian
1834,A/chicken/New_Taipei_City/16110019-1/2016_H5N8|GCA_038926045.1,A/chicken/New_Taipei_City,0.3195,0.2838,0.4321,0.2746,0.19,-0.067,0.386,53.23,0.416,0.427,678,716,-0.493017,0.094972,H5N8,Avian
1835,A/chicken/New_Taipei_City/16110020-2/2016_H5N8|GCA_038925805.1,A/chicken/New_Taipei_City,0.3177,0.2876,0.4321,0.2725,0.19,-0.064,0.388,53.26,0.417,0.427,678,716,-0.493017,0.094972,H5N8,Avian
1836,A/chicken/New_Taipei_City/17040002-2/2017_H5N2|GCA_038965105.1,A/chicken/New_Taipei_City,0.2669,0.3346,0.4183,0.2932,0.195,-0.025,0.411,52.81,0.467,0.447,679,716,-0.463687,0.094972,H5N2,Avian
1837,A/chicken/New_Taipei_City/17050004-2/2017_H5N8|GCA_038968485.1,A/chicken/New_Taipei_City,0.3177,0.2876,0.4302,0.2758,0.191,-0.062,0.389,53.44,0.419,0.426,678,716,-0.492179,0.094972,H5N8,Avian
1838,A/chicken/New_Taipei_City/17090001/2017_H5N8|GCA_038973775.1,A/chicken/New_Taipei_City,0.3158,0.2895,0.434,0.2716,0.192,-0.06,0.391,53.25,0.417,0.426,678,716,-0.49162,0.094972,H5N8,Avian
1839,A/chicken/New_Taipei_City/17090002/2017_H5N8|GCA_038978085.1,A/chicken/New_Taipei_City,0.3202,0.2863,0.434,0.2716,0.191,-0.065,0.388,53.05,0.414,0.425,678,716,-0.496509,0.094972,H5N8,Avian
1840,A/chicken/New_Taipei_City/17090003/2017_H5N8|GCA_038973795.1,A/chicken/New_Taipei_City,0.3177,0.2876,0.434,0.2716,0.191,-0.062,0.389,53.22,0.416,0.426,678,716,-0.492179,0.094972,H5N8,Avian
1841,A/chicken/New_Taipei_City/18010021-3/2018_H5N2|GCA_039041045.1,A/chicken/New_Taipei_City,0.2763,0.3252,0.4183,0.2932,0.194,-0.031,0.408,52.95,0.459,0.446,679,716,-0.467039,0.094972,H5N2,Avian
1842,A/chicken/Ningxia/2/2012_H5N1|GCA_038644085.1,A/chicken/Ningxia/2/2012_,0.282,0.3195,0.4419,0.2625,0.194,-0.017,0.414,51.06,0.437,0.439,678,716,-0.502654,0.093575,H5N1,Avian
1843,A/chicken/Ningxia/222/2012_H5N1|GCA_038646215.1,A/chicken/Ningxia/222/201,0.282,0.3195,0.4419,0.2625,0.194,-0.017,0.414,51.06,0.437,0.439,678,716,-0.502654,0.093575,H5N1,Avian
1844,A/chicken/Ningxia/24/2006_H5N1|GCA_038265655.1,A/chicken/Ningxia/24/2006,0.2736,0.3302,0.4305,0.2762,0.196,-0.016,0.416,52.05,0.453,0.444,678,716,-0.518436,0.093575,H5N1,Avian
1845,A/chicken/North_China/k0604/2010_H5N1|GCA_038587065.1,A/chicken/North_China/k06,0.293,0.31,0.4297,0.2788,0.197,-0.048,0.397,53.17,0.438,0.437,678,716,-0.463128,0.093575,H5N1,Avian
1846,A/chicken/PH/A2821/2013_H5N2|GCA_038688545.1,A/chicken/PH/A2821/2013_H,0.3169,0.2808,0.4476,0.2689,0.19,-0.051,0.395,50.63,0.407,0.425,678,716,-0.492877,0.093575,H5N2,Avian
1847,A/chicken/PT/a158/2015_H5N2|GCA_038769555.1,A/chicken/PT/a158/2015_H5,0.3225,0.2767,0.4514,0.2679,0.196,-0.05,0.397,50.83,0.401,0.422,678,716,-0.489525,0.093575,H5N2,Avian
1848,A/chicken/Pingtung/15050006-1/2015_H5N2|GCA_038779665.1,A/chicken/Pingtung/150500,0.2669,0.3365,0.4152,0.2947,0.195,-0.033,0.406,53.03,0.47,0.449,679,716,-0.472207,0.094972,H5N2,Avian
1849,A/chicken/Pingtung/16020009-3/2016_H5N2|GCA_038820085.1,A/chicken/Pingtung/160200,0.2645,0.334,0.4163,0.2962,0.193,-0.032,0.406,53.09,0.47,0.449,679,716,-0.464246,0.094972,H5N2,Avian
1850,A/chicken/Pingtung/18010017-1/2018_H5N2|GCA_039035945.1,A/chicken/Pingtung/180100,0.2726,0.3289,0.4183,0.2932,0.196,-0.022,0.412,52.28,0.462,0.445,679,716,-0.461871,0.094972,H5N2,Avian
1851,A/chicken/Pingtung/18020015-1/2018_H5N2|GCA_039051165.1,A/chicken/Pingtung/180200,0.2744,0.3271,0.4183,0.2932,0.195,-0.029,0.409,52.73,0.461,0.446,679,716,-0.463547,0.094972,H5N2,Avian
1852,A/chicken/Qingdao/1/2014_H5N2|GCA_038713205.1,A/chicken/Qingdao/1/2014_,0.266,0.3396,0.4267,0.2824,0.21,0.024,0.438,55.23,0.463,0.446,680,716,-0.50419,0.092179,H5N2,Avian
1853,A/chicken/SC/a688/2015_H5N2|GCA_038771565.1,A/chicken/SC/a688/2015_H5,0.3225,0.2786,0.4514,0.2653,0.196,-0.047,0.398,50.87,0.401,0.421,678,716,-0.49581,0.093575,H5N2,Avian
1854,A/chicken/Shandong/A-10/2006_H5N1|GCA_038266185.1,A/chicken/Shandong/A-10/2,0.2774,0.3226,0.4373,0.272,0.199,-0.013,0.417,50.91,0.444,0.443,678,716,-0.48757,0.093575,H5N1,Avian
1855,A/chicken/Shandong/S3/2014_H5N2|GCA_038714765.1,A/chicken/Shandong/S3/201,0.2655,0.339,0.4267,0.2824,0.209,0.022,0.437,55.16,0.463,0.446,680,716,-0.496788,0.093575,H5N2,Avian
1856,A/chicken/Shantou/3744/2003_H5N1|GCA_038206795.1,A/chicken/Shantou/3744/20,0.2708,0.3352,0.4267,0.2797,0.203,-0.015,0.417,52.08,0.459,0.446,678,716,-0.497346,0.093575,H5N1,Avian
1857,A/chicken/Shanxi/04.28_TGRL001-O/2018_H5N6|GCA_039072505.1,A/chicken/Shanxi/04.28_TG,0.2985,0.2966,0.4198,0.292,0.184,-0.063,0.388,53.21,0.44,0.44,678,716,-0.46662,0.093575,H5N6,Avian
1858,A/chicken/Shanxi/10/2006_H5N1|GCA_038265735.1,A/chicken/Shanxi/10/2006_,0.2712,0.3333,0.4256,0.2782,0.196,-0.014,0.417,51.65,0.458,0.447,677,716,-0.498045,0.093575,H5N1,Avian
1859,A/chicken/Shanxi/12.01_TGYL014-C/2016_H5N6|GCA_038928185.1,A/chicken/Shanxi/12.01_TG,0.3034,0.2996,0.4218,0.2836,0.187,-0.065,0.386,52.97,0.435,0.437,678,716,-0.464386,0.093575,H5N6,Avian
1860,A/chicken/Sheny/0606/2008_H5N1|GCA_038481525.1,A/chicken/Sheny/0606/2008,0.2741,0.327,0.4299,0.2759,0.201,-0.016,0.416,51.66,0.451,0.446,678,716,-0.492598,0.093575,H5N1,Avian
1861,A/chicken/Shenzhen/1061/2013_H5N6|GCA_038705475.1,A/chicken/Shenzhen/1061/2,0.3021,0.3002,0.4267,0.2788,0.186,-0.064,0.388,52.45,0.432,0.437,678,716,-0.468436,0.093575,H5N6,Avian
1862,A/chicken/Shenzhen/1845/2013_H5N6|GCA_038705895.1,A/chicken/Shenzhen/1845/2,0.3019,0.3,0.4326,0.2735,0.189,-0.051,0.395,53.08,0.428,0.435,678,716,-0.468715,0.093575,H5N6,Avian
1863,A/chicken/Shenzhen/2269/2013_H5N6|GCA_038706865.1,A/chicken/Shenzhen/2269/2,0.3052,0.2959,0.4198,0.2878,0.183,-0.079,0.379,52.8,0.435,0.439,678,716,-0.469553,0.093575,H5N6,Avian
1864,A/chicken/Shenzhen/2396/2013_H5N6|GCA_038706905.1,A/chicken/Shenzhen/2396/2,0.3015,0.2996,0.424,0.2809,0.183,-0.066,0.385,52.87,0.434,0.438,678,716,-0.459497,0.090782,H5N6,Avian
1865,A/chicken/Shenzhen/2464/2013_H5N6|GCA_038706965.1,A/chicken/Shenzhen/2464/2,0.3034,0.2996,0.4237,0.2809,0.186,-0.068,0.385,52.95,0.434,0.439,678,716,-0.469972,0.093575,H5N6,Avian
1866,A/chicken/Shenzhen/433/2013_H5N6|GCA_038705195.1,A/chicken/Shenzhen/433/20,0.3034,0.3015,0.4256,0.2773,0.186,-0.066,0.386,52.97,0.432,0.438,678,716,-0.469553,0.093575,H5N6,Avian
1867,A/chicken/Shenzhen/552/2013_H5N6|GCA_038705235.1,A/chicken/Shenzhen/552/20,0.3034,0.2996,0.4256,0.2794,0.184,-0.071,0.383,52.84,0.432,0.438,678,716,-0.469553,0.093575,H5N6,Avian
1868,A/chicken/Shenzhen/715/2013_H5N6|GCA_038705275.1,A/chicken/Shenzhen/715/20,0.3034,0.3015,0.4256,0.2773,0.186,-0.066,0.386,52.97,0.432,0.438,678,716,-0.469553,0.093575,H5N6,Avian
1869,A/chicken/Shijiazhuang/1209/2013_H5N2|GCA_038704925.1,A/chicken/Shijiazhuang/12,0.2779,0.3289,0.4316,0.2773,0.215,0.031,0.443,55.04,0.45,0.44,680,716,-0.489525,0.094972,H5N2,Avian
1870,A/chicken/Sichuan/81/2005_H5N1|GCA_038388175.1,A/chicken/Sichuan/81/2005,0.293,0.3043,0.4411,0.2731,0.193,-0.04,0.401,52.77,0.429,0.434,678,716,-0.478073,0.092179,H5N1,Avian
1871,A/chicken/Sichuan/NCJPL1/2014_H5N6|GCA_038732945.1,A/chicken/Sichuan/NCJPL1/,0.2981,0.3038,0.4307,0.2756,0.19,-0.049,0.397,53.14,0.432,0.438,678,716,-0.472067,0.093575,H5N6,Avian
1872,A/chicken/Sichuan/k141/2017_H5N6|GCA_038944375.1,A/chicken/Sichuan/k141/20,0.2966,0.3078,0.4125,0.2887,0.186,-0.058,0.39,54.02,0.446,0.442,679,716,-0.475419,0.093575,H5N6,Avian
1873,A/chicken/TC/a504/2015_H5N2|GCA_038770605.1,A/chicken/TC/a504/2015_H5,0.3244,0.2748,0.4476,0.2722,0.196,-0.05,0.397,51.17,0.403,0.421,678,716,-0.493575,0.093575,H5N2,Avian
1874,A/chicken/TY/a665/2015_H5N2|GCA_038772285.1,A/chicken/TY/a665/2015_H5,0.3244,0.2748,0.4495,0.27,0.196,-0.05,0.397,51.01,0.401,0.421,678,716,-0.493575,0.093575,H5N2,Avian
1875,A/chicken/Taichung/15010399/2015_H5N2|GCA_038770735.1,A/chicken/Taichung/150103,0.2674,0.3352,0.4183,0.2926,0.194,-0.033,0.406,52.86,0.467,0.447,679,716,-0.468436,0.094972,H5N2,Avian
1876,A/chicken/Taichung/16040032-3/2016_H5N2|GCA_038848055.1,A/chicken/Taichung/160400,0.2674,0.3333,0.4248,0.2878,0.192,-0.036,0.405,52.89,0.462,0.446,679,716,-0.45824,0.094972,H5N2,Avian
1877,A/chicken/Taichung/16050044-2/2016_H5N2|GCA_038853545.1,A/chicken/Taichung/160500,0.2693,0.3333,0.4221,0.2884,0.191,-0.041,0.402,52.84,0.462,0.445,679,716,-0.463827,0.094972,H5N2,Avian
1878,A/chicken/Taichung/16110017-3/2016_H5N8|GCA_038923075.1,A/chicken/Taichung/161100,0.2774,0.3208,0.4373,0.2762,0.194,-0.029,0.408,52.31,0.445,0.441,679,716,-0.483938,0.093575,H5N8,Avian
1879,A/chicken/Tainan/15020214/2015_H5N8|GCA_038774675.1,A/chicken/Tainan/15020214,0.3139,0.2932,0.4253,0.2773,0.191,-0.066,0.387,53.1,0.425,0.429,677,716,-0.497626,0.094972,H5N8,Avian
1880,A/chicken/Tainan/16040035-1/2016_H5N2|GCA_038848235.1,A/chicken/Tainan/16040035,0.2697,0.3333,0.4099,0.2996,0.189,-0.036,0.404,52.92,0.471,0.447,680,716,-0.457402,0.094972,H5N2,Avian
1881,A/chicken/Tainan/17030058-1/2017_H5N8|GCA_038963365.1,A/chicken/Tainan/17030058,0.3208,0.2833,0.4379,0.2668,0.186,-0.077,0.381,52.48,0.41,0.425,678,716,-0.496648,0.093575,H5N8,Avian
1882,A/chicken/Taipei_City/17090004/2017_H5N8|GCA_038978105.1,A/chicken/Taipei_City/170,0.3177,0.2876,0.434,0.2716,0.191,-0.062,0.389,53.22,0.416,0.426,678,716,-0.492179,0.094972,H5N8,Avian
1883,A/chicken/Taipei_City/18010007-3/2018_H5N2|GCA_039006115.1,A/chicken/Taipei_City/180,0.2744,0.3271,0.4095,0.3044,0.193,-0.029,0.409,53.23,0.468,0.448,679,716,-0.473464,0.094972,H5N2,Avian
1884,A/chicken/Taipei_City/18010008-3/2018_H5N2|GCA_039008875.1,A/chicken/Taipei_City/180,0.272,0.3302,0.4183,0.2911,0.193,-0.022,0.412,51.78,0.462,0.446,679,716,-0.464525,0.094972,H5N2,Avian
1885,A/chicken/Taipei/16060022-4/2016_H5N8|GCA_038856665.1,A/chicken/Taipei/16060022,0.312,0.2895,0.4305,0.2782,0.19,-0.067,0.386,53.03,0.423,0.428,679,716,-0.487151,0.094972,H5N8,Avian
1886,A/chicken/Taipei/16060023-1/2016_H5N8|GCA_038858515.1,A/chicken/Taipei/16060023,0.312,0.2895,0.4305,0.2782,0.19,-0.067,0.386,52.9,0.423,0.428,679,716,-0.490503,0.094972,H5N8,Avian
1887,A/chicken/Taipei/16120021/2016_H5N8|GCA_038931165.1,A/chicken/Taipei/16120021,0.3152,0.2871,0.4267,0.2803,0.187,-0.07,0.384,52.93,0.423,0.428,679,716,-0.489665,0.094972,H5N8,Avian
1888,A/chicken/Taipei/17050005-1/2017_H5N8|GCA_038968955.1,A/chicken/Taipei/17050005,0.3177,0.2876,0.4321,0.2731,0.191,-0.059,0.391,53.29,0.417,0.426,678,716,-0.492598,0.094972,H5N8,Avian
1889,A/chicken/Taipei/17050008-3/2017_H5N8|GCA_038969015.1,A/chicken/Taipei/17050008,0.3151,0.2906,0.434,0.2716,0.193,-0.057,0.393,53.35,0.418,0.426,677,716,-0.49595,0.094972,H5N8,Avian
1890,A/chicken/Taipei/17050009-3/2017_H5N8|GCA_038968565.1,A/chicken/Taipei/17050009,0.3177,0.2876,0.4321,0.2737,0.191,-0.062,0.389,53.24,0.417,0.426,678,716,-0.492179,0.094972,H5N8,Avian
1891,A/chicken/Taishun/TS2/2016_H5N6|GCA_038823315.1,A/chicken/Taishun/TS2/201,0.2825,0.3164,0.4324,0.2836,0.205,0.007,0.428,53.74,0.446,0.439,680,716,-0.487849,0.093575,H5N6,Avian
1892,A/chicken/Taishun/TS90/2016_H5N6|GCA_038821405.1,A/chicken/Taishun/TS90/20,0.2763,0.3271,0.4313,0.2773,0.21,0.034,0.443,52.69,0.451,0.445,679,716,-0.499581,0.093575,H5N6,Avian
1893,A/chicken/Taiwan/0101/2012_H5N2|GCA_038638535.1,A/chicken/Taiwan/0101/201,0.2992,0.2917,0.4552,0.2695,0.195,-0.047,0.398,50.41,0.415,0.426,679,716,-0.499022,0.094972,H5N2,Avian
1894,A/chicken/Taiwan/01174/2015_H5N3|GCA_038769715.1,A/chicken/Taiwan/01174/20,0.3133,0.2927,0.4283,0.2752,0.19,-0.066,0.386,53.09,0.423,0.429,678,716,-0.490503,0.094972,Others,Avian
1895,A/chicken/Taiwan/0502/2012_H5N2|GCA_038647165.1,A/chicken/Taiwan/0502/201,0.3029,0.2933,0.4506,0.2683,0.192,-0.041,0.401,50.49,0.416,0.426,678,716,-0.49567,0.093575,H5N2,Avian
1896,A/chicken/Taiwan/1682/2013_H5N2|GCA_038676205.1,A/chicken/Taiwan/1682/201,0.3062,0.2817,0.4525,0.2697,0.197,-0.051,0.395,51.3,0.411,0.431,679,716,-0.500559,0.096369,H5N2,Avian
1897,A/chicken/Taiwan/1692/2013_H5N2|GCA_038676895.1,A/chicken/Taiwan/1692/201,0.3062,0.2817,0.4516,0.2692,0.197,-0.048,0.396,51.42,0.411,0.432,679,716,-0.502374,0.096369,H5N2,Avian
1898,A/chicken/Taiwan/1704/2013_H5N2|GCA_038676225.1,A/chicken/Taiwan/1704/201,0.3081,0.2798,0.4516,0.2692,0.198,-0.048,0.396,51.43,0.409,0.431,679,716,-0.502374,0.096369,H5N2,Avian
1899,A/chicken/Taiwan/1711/2013_H5N2|GCA_038676915.1,A/chicken/Taiwan/1711/201,0.3062,0.2817,0.4516,0.2692,0.197,-0.048,0.396,51.42,0.411,0.432,679,716,-0.502374,0.096369,H5N2,Avian
1900,A/chicken/Taiwan/2593/2012_H5N2|GCA_038664595.1,A/chicken/Taiwan/2593/201,0.3168,0.2824,0.4525,0.2642,0.193,-0.052,0.395,50.74,0.404,0.423,678,716,-0.491201,0.093575,H5N2,Avian
1901,A/chicken/Taiwan/2948/2013_H5N2|GCA_038682205.1,A/chicken/Taiwan/2948/201,0.3206,0.2786,0.4544,0.2621,0.193,-0.055,0.394,51.01,0.4,0.421,678,716,-0.491201,0.093575,H5N2,Avian
1902,A/chicken/Taiwan/4443/2013_H5N2|GCA_038687875.1,A/chicken/Taiwan/4443/201,0.3162,0.2819,0.4487,0.2683,0.193,-0.05,0.397,50.57,0.407,0.425,678,716,-0.495391,0.093575,H5N2,Avian
1903,A/chicken/Taiwan/683/2012_H5N2|GCA_038661325.1,A/chicken/Taiwan/683/2012,0.3225,0.2786,0.4478,0.2657,0.192,-0.062,0.389,50.67,0.403,0.423,678,716,-0.489805,0.092179,H5N2,Avian
1904,A/chicken/Taiwan/7350/2013_H5N2|GCA_038683895.1,A/chicken/Taiwan/7350/201,0.3162,0.2819,0.4525,0.2642,0.192,-0.054,0.394,50.17,0.404,0.423,678,716,-0.492039,0.093575,H5N2,Avian
1905,A/chicken/Taiwan/8988/2013_H5N2|GCA_038684125.1,A/chicken/Taiwan/8988/201,0.3124,0.2857,0.4535,0.261,0.193,-0.047,0.398,50.73,0.406,0.425,678,716,-0.495391,0.093575,H5N2,Avian
1906,A/chicken/Taiwan/8994/2013_H5N2|GCA_038683325.1,A/chicken/Taiwan/8994/201,0.3124,0.2857,0.4535,0.261,0.193,-0.047,0.398,50.73,0.406,0.425,678,716,-0.495391,0.093575,H5N2,Avian
1907,A/chicken/Taiwan/8996/2013_H5N2|GCA_038683345.1,A/chicken/Taiwan/8996/201,0.3124,0.2857,0.4535,0.261,0.193,-0.047,0.398,50.73,0.406,0.425,678,716,-0.495391,0.093575,H5N2,Avian
1908,A/chicken/Taiwan/A1/2019_H5N2|GCA_039152805.1,A/chicken/Taiwan/A1/2019_,0.3283,0.2713,0.4533,0.2594,0.187,-0.084,0.376,49.94,0.394,0.421,678,716,-0.489805,0.093575,H5N2,Avian
1909,A/chicken/Taiwan/A1997/2012_H5N2|GCA_038642135.1,A/chicken/Taiwan/A1997/20,0.3151,0.2943,0.4351,0.2722,0.202,-0.013,0.418,52.78,0.419,0.429,680,716,-0.478631,0.094972,H5N2,Avian
1910,A/chicken/Taiwan/D2/2019_H5N2|GCA_039141495.1,A/chicken/Taiwan/D2/2019_,0.2887,0.3132,0.4286,0.2815,0.199,-0.026,0.41,52.18,0.442,0.44,678,716,-0.475419,0.093575,H5N2,Avian
1911,A/chicken/Taiwan/D9/2019_H5N2|GCA_039141095.1,A/chicken/Taiwan/D9/2019_,0.2868,0.3151,0.4286,0.2815,0.2,-0.023,0.412,52.16,0.444,0.44,678,716,-0.475419,0.093575,H5N2,Avian
1912,A/chicken/Tibet/LZ01/2010_H5N2|GCA_038602165.1,A/chicken/Tibet/LZ01/2010,0.2702,0.3377,0.4275,0.2773,0.204,0.031,0.441,54.77,0.459,0.444,680,716,-0.494553,0.093575,H5N2,Avian
1913,A/chicken/Wuhan/HAQL07/2014_H5N1|GCA_038759035.1,A/chicken/Wuhan/HAQL07/20,0.2768,0.3126,0.431,0.2896,0.195,-0.02,0.413,53.23,0.449,0.44,680,716,-0.473743,0.093575,H5N1,Avian
1914,A/chicken/Wuhan/HAQL16/2014_H5N1|GCA_038758015.1,A/chicken/Wuhan/HAQL16/20,0.2768,0.3126,0.431,0.2896,0.195,-0.02,0.413,53.23,0.449,0.44,680,716,-0.473743,0.093575,H5N1,Avian
1915,A/chicken/Wuhan/WHJF/2014_H5N2|GCA_038759055.1,A/chicken/Wuhan/WHJF/2014,0.31,0.2949,0.4305,0.2773,0.195,-0.046,0.398,53.6,0.425,0.435,678,716,-0.47095,0.094972,H5N2,Avian
1916,A/chicken/Wuhan/WHYJ01/2015_H5N6|GCA_038766615.1,A/chicken/Wuhan/WHYJ01/20,0.3052,0.2996,0.4226,0.28,0.183,-0.068,0.386,53.58,0.433,0.439,677,716,-0.473045,0.093575,H5N6,Avian
1917,A/chicken/Wuxi/WX-32/2013_H5N1|GCA_038684205.1,A/chicken/Wuxi/WX-32/2013,0.2895,0.3045,0.4516,0.2594,0.185,-0.058,0.391,51.27,0.422,0.433,678,716,-0.485754,0.093575,H5N1,Avian
1918,A/chicken/Wuxi/WX-33/2013_H5N1|GCA_038687525.1,A/chicken/Wuxi/WX-33/2013,0.29,0.3051,0.4525,0.26,0.186,-0.056,0.392,51.26,0.422,0.432,678,716,-0.488408,0.093575,H5N1,Avian
1919,A/chicken/Xinjiang/17/2005_H5N1|GCA_038388205.1,A/chicken/Xinjiang/17/200,0.2655,0.339,0.4332,0.2725,0.198,-0.006,0.422,52.31,0.457,0.445,678,716,-0.507402,0.093575,H5N1,Avian
1920,A/chicken/Xinjiang/27/2006_H5N1|GCA_038265775.1,A/chicken/Xinjiang/27/200,0.2679,0.3358,0.4349,0.271,0.201,-0.01,0.42,51.17,0.454,0.446,676,716,-0.498324,0.094972,H5N1,Avian
1921,A/chicken/Xinjiang/53/2005_H5N1|GCA_038250695.1,A/chicken/Xinjiang/53/200,0.266,0.3358,0.4362,0.272,0.199,-0.011,0.419,51.23,0.454,0.445,678,716,-0.49595,0.094972,H5N1,Avian
1922,A/chicken/Xinjiang/54/2005_H5N1|GCA_038388255.1,A/chicken/Xinjiang/54/200,0.2647,0.3403,0.4313,0.2767,0.199,-0.009,0.42,51.91,0.46,0.445,678,716,-0.505168,0.093575,H5N1,Avian
1923,A/chicken/Xinjiang/67/2005_H5N1|GCA_038250755.1,A/chicken/Xinjiang/67/200,0.2655,0.3371,0.4316,0.2756,0.202,-0.004,0.423,51.2,0.458,0.446,679,716,-0.493296,0.094972,H5N1,Avian
1924,A/chicken/Xinjiang/68/2005_H5N1|GCA_038388265.1,A/chicken/Xinjiang/68/200,0.2642,0.3396,0.4313,0.2767,0.198,-0.014,0.417,51.86,0.46,0.446,678,716,-0.502514,0.093575,H5N1,Avian
1925,A/chicken/Xuzhou/XZ6/2016_H5N6|GCA_038820665.1,A/chicken/Xuzhou/XZ6/2016,0.3034,0.2978,0.4305,0.2767,0.189,-0.062,0.389,52.94,0.429,0.436,679,716,-0.466062,0.093575,H5N6,Avian
1926,A/chicken/YL/A3190/2014_H5N2|GCA_038732485.1,A/chicken/YL/A3190/2014_H,0.2973,0.2973,0.4514,0.2668,0.193,-0.036,0.404,49.24,0.419,0.429,678,716,-0.492598,0.093575,H5N2,Avian
1927,A/chicken/Yangzhou/YD1/2014_H5N6|GCA_038744805.1,A/chicken/Yangzhou/YD1/20,0.3058,0.2983,0.4302,0.2737,0.186,-0.068,0.386,52.72,0.427,0.436,677,716,-0.472765,0.093575,H5N6,Avian
1928,A/chicken/Yuhang/1/2013_H5N9|GCA_038685605.1,A/chicken/Yuhang/1/2013_H,0.2683,0.3171,0.4362,0.2905,0.192,-0.029,0.408,51.77,0.452,0.443,679,716,-0.464804,0.093575,Others,Avian
1929,A/chicken/Yuhang/2/2013_H5N9|GCA_038686415.1,A/chicken/Yuhang/2/2013_H,0.2683,0.3171,0.4362,0.2905,0.192,-0.029,0.408,51.77,0.452,0.443,679,716,-0.464804,0.093575,Others,Avian
1930,A/chicken/Yunlin/15020048-1/2015_H5N2|GCA_038772355.1,A/chicken/Yunlin/15020048,0.2688,0.3346,0.4171,0.2932,0.194,-0.035,0.405,52.8,0.467,0.447,679,716,-0.468436,0.094972,H5N2,Avian
1931,A/chicken/Yunlin/15040002-2/2015_H5N2|GCA_038777935.1,A/chicken/Yunlin/15040002,0.2715,0.3315,0.4122,0.2981,0.192,-0.037,0.404,52.8,0.468,0.448,679,716,-0.468855,0.094972,H5N2,Avian
1932,A/chicken/Yunlin/15040027/2015_H5N2|GCA_038779375.1,A/chicken/Yunlin/15040027,0.272,0.3302,0.4133,0.2975,0.192,-0.043,0.401,52.93,0.467,0.448,679,716,-0.464106,0.094972,H5N2,Avian
1933,A/chicken/Yunlin/15050012/2015_H5N8|GCA_038779825.1,A/chicken/Yunlin/15050012,0.3165,0.2903,0.4275,0.2752,0.19,-0.07,0.384,53.1,0.421,0.428,679,716,-0.486871,0.094972,H5N8,Avian
1934,A/chicken/Yunlin/15050037-2/2015_H5N2|GCA_038780755.1,A/chicken/Yunlin/15050037,0.2683,0.334,0.4133,0.2975,0.192,-0.04,0.402,52.78,0.47,0.448,679,716,-0.464106,0.094972,H5N2,Avian
1935,A/chicken/Yunlin/15050039-2/2015_H5N2|GCA_038780835.1,A/chicken/Yunlin/15050039,0.2702,0.3321,0.4133,0.2975,0.193,-0.04,0.402,52.96,0.468,0.449,679,716,-0.46676,0.093575,H5N2,Avian
1936,A/chicken/Yunlin/15060014-1/2015_H5N2|GCA_038783305.1,A/chicken/Yunlin/15060014,0.272,0.3302,0.4125,0.2968,0.192,-0.042,0.401,52.81,0.467,0.448,679,716,-0.456983,0.094972,H5N2,Avian
1937,A/chicken/Yunlin/15080024/2015_H5N2|GCA_038789515.1,A/chicken/Yunlin/15080024,0.2707,0.3327,0.4183,0.2899,0.192,-0.038,0.404,52.88,0.464,0.446,679,716,-0.465084,0.094972,H5N2,Avian
1938,A/chicken/Yunlin/16010001-1/2016_H5N2|GCA_038808645.1,A/chicken/Yunlin/16010001,0.2655,0.339,0.4144,0.2932,0.195,-0.022,0.413,52.7,0.471,0.449,678,716,-0.456145,0.094972,H5N2,Avian
1939,A/chicken/Yunlin/16010008-1/2016_H5N2|GCA_038807915.1,A/chicken/Yunlin/16010008,0.272,0.3302,0.4133,0.2975,0.194,-0.033,0.406,53.04,0.467,0.448,679,716,-0.462011,0.094972,H5N2,Avian
1940,A/chicken/Yunlin/16020038/2016_H5N8|GCA_038824985.1,A/chicken/Yunlin/16020038,0.3052,0.2959,0.4313,0.2773,0.188,-0.068,0.386,53.02,0.427,0.43,679,716,-0.490223,0.094972,H5N8,Avian
1941,A/chicken/Yunlin/16050053/2016_H5N2|GCA_038853745.1,A/chicken/Yunlin/16050053,0.2693,0.3315,0.4248,0.2878,0.192,-0.039,0.404,52.87,0.461,0.446,679,716,-0.45824,0.094972,H5N2,Avian
1942,A/chicken/Yunlin/17010001/2017_H5N8|GCA_038941205.1,A/chicken/Yunlin/17010001,0.314,0.2897,0.4165,0.2918,0.185,-0.074,0.382,52.61,0.432,0.431,678,716,-0.506564,0.094972,H5N8,Avian
1943,A/chicken/Yunlin/17010014/2017_H5N2|GCA_038945005.1,A/chicken/Yunlin/17010014,0.2726,0.3308,0.4144,0.2954,0.195,-0.028,0.409,52.86,0.465,0.447,679,716,-0.469413,0.094972,H5N2,Avian
1944,A/chicken/Yunlin/17020094-1/2017_H5N2|GCA_038957835.1,A/chicken/Yunlin/17020094,0.2739,0.3265,0.4183,0.2932,0.194,-0.032,0.406,52.94,0.461,0.446,679,716,-0.452933,0.094972,H5N2,Avian
1945,A/chicken/Yunlin/17020095-2/2017_H5N2|GCA_038958125.1,A/chicken/Yunlin/17020095,0.2664,0.334,0.4213,0.2884,0.193,-0.025,0.411,52.76,0.464,0.447,679,716,-0.460196,0.094972,H5N2,Avian
1946,A/chicken/Yunlin/17030001-1/2017_H5N2|GCA_038958215.1,A/chicken/Yunlin/17030001,0.2707,0.3327,0.4118,0.2962,0.196,-0.022,0.412,52.99,0.468,0.449,679,716,-0.465922,0.094972,H5N2,Avian
1947,A/chicken/Yunlin/17030007-1/2017_H5N2|GCA_038959055.1,A/chicken/Yunlin/17030007,0.2777,0.3246,0.4186,0.2893,0.193,-0.037,0.403,52.54,0.457,0.446,680,716,-0.456564,0.093575,H5N2,Avian
1948,A/chicken/Yunlin/17030010-1/2017_H5N2|GCA_038958835.1,A/chicken/Yunlin/17030010,0.2669,0.3346,0.4183,0.2932,0.195,-0.025,0.411,52.81,0.467,0.447,679,716,-0.463687,0.094972,H5N2,Avian
1949,A/chicken/Yunlin/17030014-1/2017_H5N2|GCA_038959325.1,A/chicken/Yunlin/17030014,0.265,0.3346,0.4194,0.2926,0.194,-0.02,0.414,52.76,0.467,0.448,679,716,-0.465503,0.094972,H5N2,Avian
1950,A/chicken/Yunlin/17030020-2/2017_H5N2|GCA_038959465.1,A/chicken/Yunlin/17030020,0.2726,0.3289,0.4194,0.2905,0.194,-0.03,0.408,52.88,0.461,0.445,679,716,-0.453352,0.094972,H5N2,Avian
1951,A/chicken/Yunlin/17030021-1/2017_H5N2|GCA_038959175.1,A/chicken/Yunlin/17030021,0.2664,0.334,0.4167,0.2941,0.195,-0.02,0.413,52.61,0.468,0.448,680,716,-0.462291,0.094972,H5N2,Avian
1952,A/chicken/Yunlin/17030032-2/2017_H5N2|GCA_038960485.1,A/chicken/Yunlin/17030032,0.2613,0.3383,0.4278,0.2842,0.192,-0.025,0.411,52.68,0.464,0.447,679,716,-0.464106,0.094972,H5N2,Avian
1953,A/chicken/Yunlin/17030065-2/2017_H5N2|GCA_038964015.1,A/chicken/Yunlin/17030065,0.2726,0.3308,0.4144,0.2954,0.198,-0.018,0.415,52.61,0.465,0.447,679,716,-0.463687,0.094972,H5N2,Avian
1954,A/chicken/Yunlin/17040003-1/2017_H5N2|GCA_038964455.1,A/chicken/Yunlin/17040003,0.2782,0.3271,0.4202,0.2863,0.197,-0.028,0.409,52.32,0.457,0.446,679,716,-0.463967,0.094972,H5N2,Avian
1955,A/chicken/Yunlin/17040004-2/2017_H5N2|GCA_038964735.1,A/chicken/Yunlin/17040004,0.2763,0.3289,0.4118,0.2941,0.194,-0.027,0.409,52.9,0.464,0.447,679,716,-0.465922,0.094972,H5N2,Avian
1956,A/chicken/Yunlin/17040011-1/2017_H5N2|GCA_038965595.1,A/chicken/Yunlin/17040011,0.2744,0.3271,0.4156,0.2941,0.194,-0.03,0.408,53.16,0.462,0.447,679,716,-0.465922,0.094972,H5N2,Avian
1957,A/chicken/Yunlin/17060019/2017_H5N2|GCA_039014265.1,A/chicken/Yunlin/17060019,0.2702,0.3302,0.4152,0.2981,0.194,-0.033,0.406,52.68,0.467,0.447,679,716,-0.463687,0.094972,H5N2,Avian
1958,A/chicken/Yunlin/17070010/2017_H5N2|GCA_039017175.1,A/chicken/Yunlin/17070010,0.2731,0.3296,0.4144,0.2975,0.193,-0.032,0.406,52.59,0.465,0.446,679,716,-0.462849,0.094972,H5N2,Avian
1959,A/chicken/Yunlin/18010001-2/2018_H5N2|GCA_039002565.1,A/chicken/Yunlin/18010001,0.2731,0.3315,0.4057,0.3038,0.192,-0.04,0.403,52.88,0.472,0.449,678,716,-0.47081,0.094972,H5N2,Avian
1960,A/chicken/Yunlin/18010023-1/2018_H5N2|GCA_039041605.1,A/chicken/Yunlin/18010023,0.2744,0.3289,0.4144,0.2966,0.193,-0.028,0.409,53.19,0.464,0.446,679,716,-0.455866,0.094972,H5N2,Avian
1961,A/chicken/Yunlin/18020003-2/2018_H5N2|GCA_039043485.1,A/chicken/Yunlin/18020003,0.2744,0.3289,0.4144,0.2954,0.193,-0.028,0.409,52.16,0.464,0.446,679,716,-0.464246,0.094972,H5N2,Avian
1962,A/chicken/Yunlin/18020004-1/2018_H5N2|GCA_039042795.1,A/chicken/Yunlin/18020004,0.275,0.3277,0.4156,0.2947,0.193,-0.028,0.409,52.13,0.462,0.446,679,716,-0.464246,0.094972,H5N2,Avian
1963,A/chicken/Yunlin/18020005-2/2018_H5N2|GCA_039043505.1,A/chicken/Yunlin/18020005,0.2726,0.3308,0.4144,0.2954,0.193,-0.025,0.411,52.18,0.465,0.447,679,716,-0.464246,0.094972,H5N2,Avian
1964,A/chicken/Yunlin/18020008-2/2018_H5N2|GCA_039046765.1,A/chicken/Yunlin/18020008,0.2744,0.3308,0.4163,0.2918,0.195,-0.021,0.414,52.86,0.462,0.446,679,716,-0.463268,0.094972,H5N2,Avian
1965,A/chicken/Yunlin/18030002-1/2018_H5N2|GCA_039058255.1,A/chicken/Yunlin/18030002,0.2739,0.3283,0.4144,0.2954,0.191,-0.03,0.408,52.14,0.464,0.447,679,716,-0.459916,0.094972,H5N2,Avian
1966,A/chicken/Yunlin/18050013-1/2018_H5N2|GCA_039073545.1,A/chicken/Yunlin/18050013,0.2774,0.3283,0.4133,0.296,0.193,-0.033,0.407,52.29,0.463,0.446,678,716,-0.467737,0.094972,H5N2,Avian
1967,A/chicken/Yunlin/18060001-2/2018_H5N2|GCA_039075865.1,A/chicken/Yunlin/18060001,0.2774,0.3283,0.4133,0.296,0.193,-0.03,0.409,52.18,0.463,0.446,678,716,-0.467737,0.094972,H5N2,Avian
1968,A/chicken/Yunlin/18080006-1/2018_H5N2|GCA_039082625.1,A/chicken/Yunlin/18080006,0.2726,0.3271,0.4068,0.3087,0.188,-0.04,0.402,52.94,0.471,0.447,679,716,-0.459916,0.094972,H5N2,Avian
1969,A/chicken/Yunnan/1/2014_H5N1|GCA_038718885.1,A/chicken/Yunnan/1/2014_H,0.2972,0.3028,0.4221,0.2851,0.185,-0.066,0.386,52.51,0.439,0.44,679,716,-0.457961,0.093575,H5N1,Avian
1970,A/chicken/Yunnan/207/2004_H5N1|GCA_038225325.1,A/chicken/Yunnan/207/2004,0.3081,0.3025,0.4231,0.2777,0.202,-0.032,0.406,52.98,0.432,0.435,679,716,-0.48338,0.093575,H5N1,Avian
1971,A/chicken/Yunnan/5686/2003_H5N1|GCA_038206895.1,A/chicken/Yunnan/5686/200,0.31,0.3025,0.4213,0.2771,0.203,-0.032,0.406,53.09,0.432,0.436,679,716,-0.487151,0.093575,H5N1,Avian
1972,A/chicken/Yunnan/6797/2003_H5N1|GCA_038206265.1,A/chicken/Yunnan/6797/200,0.31,0.3025,0.4194,0.2792,0.204,-0.032,0.406,52.92,0.433,0.436,679,716,-0.487151,0.093575,H5N1,Avian
1973,A/chicken/Yunnan/6885/2003_H5N1|GCA_038206975.1,A/chicken/Yunnan/6885/200,0.3081,0.3025,0.4231,0.2771,0.203,-0.035,0.405,52.69,0.432,0.436,679,716,-0.487151,0.093575,H5N1,Avian
1974,A/chicken/Zhejiang/102637/2016_H5N6|GCA_038912095.1,A/chicken/Zhejiang/102637,0.3028,0.2972,0.4198,0.2878,0.186,-0.06,0.389,53.52,0.437,0.439,678,716,-0.471509,0.093575,H5N6,Avian
1975,A/chicken/Zhejiang/13160/2016_H5N6|GCA_038912115.1,A/chicken/Zhejiang/13160/,0.2707,0.3308,0.4248,0.2866,0.215,0.041,0.447,53.65,0.46,0.448,680,716,-0.489944,0.092179,H5N6,Avian
1976,A/chicken/Zhejiang/194/2016_H5N2|GCA_038815195.1,A/chicken/Zhejiang/194/20,0.2938,0.3107,0.4436,0.2648,0.198,-0.005,0.422,52.56,0.428,0.433,678,716,-0.490223,0.093575,H5N2,Avian
1977,A/chicken/Zhejiang/209/2016_H5N2|GCA_038814075.1,A/chicken/Zhejiang/209/20,0.2994,0.2994,0.4438,0.2683,0.213,0.007,0.429,51.27,0.423,0.432,679,716,-0.473743,0.094972,H5N2,Avian
1978,A/chicken/Zhejiang/217/2016_H5N2|GCA_038815225.1,A/chicken/Zhejiang/217/20,0.2938,0.3107,0.4436,0.2648,0.198,-0.005,0.422,52.56,0.428,0.433,678,716,-0.490223,0.093575,H5N2,Avian
1979,A/chicken/Zhejiang/232/2016_H5N2|GCA_038815275.1,A/chicken/Zhejiang/232/20,0.2994,0.3032,0.44,0.2683,0.212,0.002,0.426,51.1,0.426,0.433,679,716,-0.473324,0.094972,H5N2,Avian
1980,A/chicken/Zhejiang/514135/2015_H5N2|GCA_038781465.1,A/chicken/Zhejiang/514135,0.2795,0.3265,0.4389,0.2658,0.208,0.024,0.439,51.62,0.442,0.441,679,716,-0.482262,0.094972,H5N2,Avian
1981,A/chicken/Zhejiang/528127/2016_H5N6|GCA_038850565.1,A/chicken/Zhejiang/528127,0.3004,0.3004,0.4198,0.2857,0.188,-0.049,0.395,53.25,0.438,0.439,678,716,-0.456425,0.094972,H5N6,Avian
1982,A/chicken/Zhejiang/6107/2016_H5N6|GCA_038815545.1,A/chicken/Zhejiang/6107/2,0.2726,0.3308,0.4275,0.2803,0.208,0.02,0.434,52.89,0.457,0.446,679,716,-0.489106,0.093575,H5N6,Avian
1983,A/chicken/Zhejiang/6C2/2013_H5N6|GCA_038706295.1,A/chicken/Zhejiang/6C2/20,0.3,0.3019,0.4345,0.2714,0.189,-0.051,0.395,53.22,0.428,0.436,678,716,-0.468715,0.093575,H5N6,Avian
1984,A/chicken/Zhejiang/727022/2014_H5N6|GCA_038739995.1,A/chicken/Zhejiang/727022,0.3071,0.2978,0.4198,0.2842,0.187,-0.066,0.386,52.98,0.434,0.438,678,716,-0.468576,0.093575,H5N6,Avian
1985,A/chicken/Zhejiang/727026/2014_H5N6|GCA_038740015.1,A/chicken/Zhejiang/727026,0.3071,0.2978,0.4218,0.2821,0.186,-0.066,0.386,53.03,0.432,0.437,678,716,-0.468576,0.093575,H5N6,Avian
1986,A/chicken/Zhejiang/727079/2014_H5N2|GCA_038740105.1,A/chicken/Zhejiang/727079,0.2744,0.3289,0.4264,0.2842,0.21,0.032,0.442,53.38,0.457,0.446,679,716,-0.493715,0.093575,H5N2,Avian
1987,A/chicken/Zhejiang/727155/2014_H5N6|GCA_038741255.1,A/chicken/Zhejiang/727155,0.3071,0.2978,0.4179,0.2857,0.187,-0.066,0.386,53.07,0.435,0.439,678,716,-0.468994,0.093575,H5N6,Avian
1988,A/chicken/Zhejiang/727159/2014_H5N2|GCA_038740125.1,A/chicken/Zhejiang/727159,0.294,0.3127,0.4179,0.2863,0.187,-0.059,0.39,52.09,0.446,0.441,679,716,-0.465224,0.093575,H5N2,Avian
1989,A/chicken/Zhejiang/7450/2015_H5N2|GCA_038784975.1,A/chicken/Zhejiang/7450/2,0.3096,0.2852,0.4381,0.2779,0.197,-0.02,0.412,52.39,0.418,0.428,679,716,-0.478631,0.096369,H5N2,Avian
1990,A/chicken/Zhejiang/81643/2015_H5N2|GCA_038789035.1,A/chicken/Zhejiang/81643/,0.3109,0.2846,0.4324,0.2821,0.196,-0.025,0.409,52.24,0.421,0.43,679,716,-0.475419,0.096369,H5N2,Avian
1991,A/common_mallard/Ningxia/YG71/2017_H5N6|GCA_038986325.1,A/common_mallard/Ningxia/,0.2838,0.3139,0.4356,0.2735,0.191,-0.038,0.402,52.19,0.439,0.441,679,716,-0.469414,0.093575,H5N6,Avian
1992,A/condor/Guangdong/139/2003_H5N1|GCA_038210975.1,A/condor/Guangdong/139/20,0.3081,0.2987,0.4186,0.2872,0.198,-0.028,0.409,53.95,0.434,0.436,679,716,-0.47919,0.093575,H5N1,Avian
1993,A/domestic_green-winged_teal/Hunan/3450/2006_H5N1|GCA_038270485.1,A/domestic_green-winged_t,0.2895,0.312,0.4259,0.2824,0.198,-0.032,0.406,53.81,0.443,0.442,679,716,-0.48771,0.093575,H5N1,Avian
1994,A/duck/Anhui/56/2005_H5N1|GCA_038247105.1,A/duck/Anhui/56/2005_H5N1,0.3011,0.3106,0.4099,0.2929,0.205,-0.038,0.404,53.09,0.448,0.441,679,716,-0.470391,0.093575,H5N1,Avian
1995,A/duck/Anhui/S4/2016_H5N6|GCA_038810135.1,A/duck/Anhui/S4/2016_H5N6,0.309,0.2921,0.4229,0.283,0.185,-0.075,0.381,53.24,0.429,0.438,678,716,-0.466341,0.093575,H5N6,Avian
1996,A/duck/Changhua/15A03431-1-20T/2015_H5N2|GCA_038772945.1,A/duck/Changhua/15A03431-,0.2669,0.3365,0.4141,0.2981,0.194,-0.039,0.404,53,0.471,0.448,679,716,-0.469832,0.096369,H5N2,Avian
1997,A/duck/Changhua/15A03473-1-20T/2015_H5N2|GCA_038773095.1,A/duck/Changhua/15A03473-,0.2702,0.334,0.4152,0.2932,0.19,-0.048,0.398,52.77,0.467,0.447,679,716,-0.464106,0.094972,H5N2,Avian
1998,A/duck/Chiayi/15080023/2015_H5N8|GCA_038789395.1,A/duck/Chiayi/15080023/20,0.3133,0.2927,0.4283,0.2752,0.191,-0.065,0.388,53.02,0.423,0.428,678,716,-0.493855,0.094972,H5N8,Avian
1999,A/duck/China/0935/2017_H5N1|GCA_038981425.1,A/duck/China/0935/2017_H5,0.2925,0.2981,0.4592,0.2573,0.185,-0.055,0.392,51.25,0.414,0.431,678,716,-0.482682,0.093575,H5N1,Avian
2000,A/duck/China/0936/2017_H5N6|GCA_038977135.1,A/duck/China/0936/2017_H5,0.3009,0.3028,0.4111,0.2947,0.185,-0.068,0.385,52.12,0.445,0.442,678,716,-0.475279,0.093575,H5N6,Avian
2001,A/duck/China/0938/2017_H5N6|GCA_038981445.1,A/duck/China/0938/2017_H5,0.2925,0.2981,0.4592,0.2573,0.185,-0.055,0.392,51.25,0.414,0.431,678,716,-0.482682,0.093575,H5N6,Avian
2002,A/duck/China/1033/2017_H5N1|GCA_038981775.1,A/duck/China/1033/2017_H5,0.2925,0.2981,0.4592,0.2573,0.185,-0.055,0.392,51.25,0.414,0.431,678,716,-0.482682,0.093575,H5N1,Avian
2003,A/duck/China/E26/2012_H5N1|GCA_038647205.1,A/duck/China/E26/2012_H5N,0.2814,0.3096,0.4367,0.2792,0.194,-0.029,0.407,52.35,0.44,0.44,680,716,-0.469553,0.093575,H5N1,Avian
2004,A/duck/China/E53/2012_H5N1|GCA_038646875.1,A/duck/China/E53/2012_H5N,0.2906,0.3057,0.4516,0.26,0.19,-0.049,0.397,51.15,0.422,0.432,678,716,-0.479469,0.093575,H5N1,Avian
2005,A/duck/China/YD1516/2016_H5N2|GCA_038808625.1,A/duck/China/YD1516/2016_,0.3096,0.2852,0.4362,0.2806,0.197,-0.026,0.409,52.44,0.42,0.429,679,716,-0.473184,0.096369,H5N2,Avian
2006,A/duck/Chongqing/S4362/2017_H5N3|GCA_038992995.1,A/duck/Chongqing/S4362/20,0.2955,0.3106,0.4087,0.3011,0.199,-0.026,0.409,55.12,0.453,0.441,678,716,-0.449302,0.093575,Others,Avian
2007,A/duck/Dongguan/2685/2013_H5N6|GCA_038708145.1,A/duck/Dongguan/2685/2013,0.3052,0.2996,0.4237,0.2794,0.186,-0.063,0.388,53.01,0.432,0.438,678,716,-0.469553,0.093575,H5N6,Avian
2008,A/duck/Eastern_China/008/2008_H5N5|GCA_038500815.1,A/duck/Eastern_China/008/,0.2857,0.3083,0.4183,0.3004,0.196,-0.031,0.406,53.26,0.452,0.443,679,716,-0.472626,0.093575,Others,Avian
2009,A/duck/Eastern_China/031/2009_H5N5|GCA_038504765.1,A/duck/Eastern_China/031/,0.3008,0.3026,0.4359,0.2683,0.197,-0.037,0.403,52.8,0.427,0.435,677,716,-0.494693,0.094972,Others,Avian
2010,A/duck/Eastern_China/057/2007_H5N1|GCA_038465965.1,A/duck/Eastern_China/057/,0.2962,0.3113,0.4373,0.2647,0.2,-0.033,0.406,52.84,0.429,0.434,678,716,-0.477514,0.094972,H5N1,Avian
2011,A/duck/Eastern_China/108/2008_H5N1|GCA_038501435.1,A/duck/Eastern_China/108/,0.3051,0.2976,0.4406,0.2668,0.196,-0.049,0.397,52.21,0.421,0.433,677,716,-0.497486,0.094972,H5N1,Avian
2012,A/duck/Eastern_China/1111/2011_H5N2|GCA_038605805.1,A/duck/Eastern_China/1111,0.3189,0.2927,0.433,0.2642,0.194,-0.051,0.395,53.1,0.416,0.431,678,716,-0.486592,0.093575,H5N2,Avian
2013,A/duck/Eastern_China/909/2009_H5N1|GCA_038505355.1,A/duck/Eastern_China/909/,0.3021,0.2889,0.4362,0.2851,0.198,-0.051,0.396,51.52,0.426,0.434,680,716,-0.493575,0.094972,H5N1,Avian
2014,A/duck/Eastern_China/JY/2014_H5N8|GCA_038713025.1,A/duck/Eastern_China/JY/2,0.3152,0.2889,0.437,0.2662,0.194,-0.061,0.389,52.03,0.414,0.431,678,716,-0.477095,0.094972,H5N8,Avian
2015,A/duck/Eastern_China/L0230/2010_H5N2|GCA_038581335.1,A/duck/Eastern_China/L023,0.3064,0.2989,0.4368,0.2662,0.195,-0.053,0.394,53.58,0.422,0.434,677,716,-0.490223,0.094972,H5N2,Avian
2016,A/duck/Eastern_China/L0321/2010_H5N2|GCA_038582295.1,A/duck/Eastern_China/L032,0.3164,0.29,0.431,0.2731,0.194,-0.058,0.391,52.76,0.419,0.431,677,716,-0.494693,0.094972,H5N2,Avian
2017,A/duck/Eastern_China/L0405/2010_H5N8|GCA_038582755.1,A/duck/Eastern_China/L040,0.3195,0.2876,0.4338,0.2695,0.194,-0.063,0.388,52.45,0.415,0.431,677,716,-0.491201,0.094972,H5N8,Avian
2018,A/duck/Eastern_China/L0423/2011_H5N8|GCA_038613485.1,A/duck/Eastern_China/L042,0.3189,0.2852,0.4338,0.2716,0.192,-0.068,0.386,52.53,0.415,0.431,677,716,-0.486871,0.094972,H5N8,Avian
2019,A/duck/Eastern_China/L0611/2011_H5N8|GCA_038614645.1,A/duck/Eastern_China/L061,0.3171,0.2871,0.4338,0.2716,0.193,-0.065,0.387,52.53,0.417,0.432,677,716,-0.49148,0.094972,H5N8,Avian
2020,A/duck/Eastern_China/L0722/2012_H5N8|GCA_038651775.1,A/duck/Eastern_China/L072,0.3214,0.2838,0.4338,0.2716,0.193,-0.066,0.387,52.6,0.414,0.43,677,716,-0.491201,0.094972,H5N8,Avian
2021,A/duck/Eastern_China/L1021/2012_H5N8|GCA_038657365.1,A/duck/Eastern_China/L102,0.2983,0.3096,0.4368,0.2632,0.192,-0.044,0.399,52.35,0.428,0.435,677,716,-0.481145,0.093575,H5N8,Avian
2022,A/duck/Eastern_China/L1120/2012_H5N8|GCA_038659075.1,A/duck/Eastern_China/L112,0.3152,0.2871,0.4408,0.2642,0.193,-0.064,0.388,51.99,0.412,0.429,678,716,-0.487989,0.094972,H5N8,Avian
2023,A/duck/Eastern_China/S0131/2014_H5N2|GCA_038716925.1,A/duck/Eastern_China/S013,0.309,0.2846,0.4354,0.2794,0.195,-0.028,0.408,52.56,0.42,0.431,679,716,-0.460754,0.096369,H5N2,Avian
2024,A/duck/Eastern_China/S0215/2014_H5N8|GCA_038718135.1,A/duck/Eastern_China/S021,0.3107,0.2938,0.4383,0.2614,0.195,-0.053,0.392,52.22,0.416,0.432,678,716,-0.468436,0.093575,H5N8,Avian
2025,A/duck/Eastern_China/S0322/2014__H5N6|GCA_038725405.1,A/duck/Eastern_China/S032,0.3103,0.2935,0.4343,0.2678,0.189,-0.064,0.387,52.43,0.42,0.432,679,716,-0.484218,0.094972,H5N6,Avian
2026,A/duck/Eastern_China/S0711/2014_H5N6|GCA_038739925.1,A/duck/Eastern_China/S071,0.2964,0.3077,0.421,0.2824,0.189,-0.056,0.392,52.82,0.441,0.441,678,716,-0.468157,0.093575,H5N6,Avian
2027,A/duck/Eastern_China/S0808/2014_H5N2|GCA_038742195.1,A/duck/Eastern_China/S080,0.3245,0.2887,0.433,0.2615,0.193,-0.06,0.391,53.34,0.411,0.429,676,716,-0.482402,0.097765,H5N2,Avian
2028,A/duck/Eastern_China/S0908/2014_H5N6|GCA_038744365.1,A/duck/Eastern_China/S090,0.3071,0.2921,0.4269,0.2777,0.184,-0.067,0.385,52.3,0.426,0.436,678,716,-0.459916,0.092179,H5N6,Avian
2029,A/duck/Eastern_China/S1109/2014_H5N8|GCA_038755785.1,A/duck/Eastern_China/S110,0.3109,0.2921,0.4419,0.2615,0.192,-0.056,0.392,51.95,0.414,0.429,679,716,-0.488548,0.094972,H5N8,Avian
2030,A/duck/Eastern_China/S1210/2013_H5N8|GCA_038706185.1,A/duck/Eastern_China/S121,0.3109,0.294,0.4389,0.263,0.197,-0.054,0.393,52.54,0.417,0.432,679,716,-0.480726,0.094972,H5N8,Avian
2031,A/duck/Fujian/1.17_FZHX0123-C/2017_H5N6|GCA_038946025.1,A/duck/Fujian/1.17_FZHX01,0.2957,0.3145,0.4283,0.2716,0.195,-0.026,0.409,52.42,0.437,0.436,677,716,-0.470251,0.093575,H5N6,Avian
2032,A/duck/Fujian/10.26_FZHX0002-O/2017_H5N6|GCA_054192225.1,A/duck/Fujian/10.26_FZHX0,0.2966,0.3022,0.419,0.292,0.19,-0.047,0.397,53.02,0.443,0.439,680,716,-0.463548,0.093575,H5N6,Avian
2033,A/duck/Fujian/10.26_FZHX0010-O/2017_H5N6|GCA_038987405.1,A/duck/Fujian/10.26_FZHX0,0.2961,0.3017,0.4229,0.2878,0.188,-0.054,0.393,52.68,0.44,0.438,680,716,-0.464386,0.093575,H5N6,Avian
2034,A/duck/Fujian/11.23_FZHX0009-C/2017_H5N6|GCA_038993035.1,A/duck/Fujian/11.23_FZHX0,0.3233,0.2895,0.4068,0.2914,0.202,-0.023,0.411,52.82,0.432,0.437,679,716,-0.481564,0.093575,H5N6,Avian
2035,A/duck/Fujian/11.23_FZHX0014-C/2017_H5N6|GCA_038993055.1,A/duck/Fujian/11.23_FZHX0,0.3022,0.2929,0.4364,0.2756,0.191,-0.061,0.388,51.77,0.424,0.434,681,716,-0.467458,0.093575,H5N6,Avian
2036,A/duck/Fujian/11.23_FZHX0015-C/2017_H5N6|GCA_038993075.1,A/duck/Fujian/11.23_FZHX0,0.2942,0.3035,0.419,0.292,0.19,-0.044,0.399,52.71,0.444,0.439,680,716,-0.464386,0.093575,H5N6,Avian
2037,A/duck/Fujian/11.3_FZHX1132-O/2016_H5N6|GCA_038920095.1,A/duck/Fujian/11.3_FZHX11,0.3052,0.2978,0.4237,0.2821,0.187,-0.065,0.386,52.61,0.432,0.437,678,716,-0.463408,0.093575,H5N6,Avian
2038,A/duck/Fujian/11.3_FZHX1141-C/2016_H5N6|GCA_038919555.1,A/duck/Fujian/11.3_FZHX11,0.3052,0.2978,0.4198,0.2857,0.188,-0.062,0.388,52.72,0.435,0.438,678,716,-0.464386,0.093575,H5N6,Avian
2039,A/duck/Fujian/12.7_FZHX1202-O/2016_H5N6|GCA_038930535.1,A/duck/Fujian/12.7_FZHX12,0.2938,0.3107,0.4237,0.2815,0.19,-0.047,0.397,52.67,0.442,0.439,677,716,-0.466201,0.093575,H5N6,Avian
2040,A/duck/Fujian/12.7_FZHX1218-C/2016_H5N6|GCA_038930555.1,A/duck/Fujian/12.7_FZHX12,0.3034,0.2996,0.4226,0.2848,0.186,-0.063,0.388,52.49,0.435,0.437,678,716,-0.467737,0.093575,H5N6,Avian
2041,A/duck/Fujian/12.7_FZHX1219-O/2016_H5N6|GCA_038930625.1,A/duck/Fujian/12.7_FZHX12,0.3034,0.2996,0.4226,0.2848,0.186,-0.063,0.388,52.49,0.435,0.437,678,716,-0.467737,0.093575,H5N6,Avian
2042,A/duck/Fujian/12.7_FZHX1221-C/2016_H5N6|GCA_038930585.1,A/duck/Fujian/12.7_FZHX12,0.3034,0.2996,0.4226,0.2848,0.186,-0.063,0.388,52.49,0.435,0.437,678,716,-0.467737,0.093575,H5N6,Avian
2043,A/duck/Guangdong/11.18_SZBJ003-C/2016_H5N6|GCA_038923895.1,A/duck/Guangdong/11.18_SZ,0.3028,0.3009,0.416,0.2899,0.188,-0.053,0.393,53.73,0.44,0.439,679,716,-0.471788,0.093575,H5N6,Avian
2044,A/duck/Guangdong/11.18_SZBJ003-O/2016_H5N6|GCA_038923635.1,A/duck/Guangdong/11.18_SZ,0.3028,0.3009,0.416,0.2899,0.188,-0.053,0.393,53.73,0.44,0.439,679,716,-0.471788,0.093575,H5N6,Avian
2045,A/duck/Guangdong/11.18_SZBJ007-O/2016_H5N6|GCA_038923905.1,A/duck/Guangdong/11.18_SZ,0.3041,0.2985,0.416,0.2899,0.188,-0.056,0.392,53.69,0.439,0.439,679,716,-0.467458,0.093575,H5N6,Avian
2046,A/duck/Guangdong/23/2004_H5N1|GCA_038226145.1,A/duck/Guangdong/23/2004_,0.3026,0.3083,0.4114,0.2812,0.201,-0.025,0.41,54.08,0.442,0.445,676,716,-0.49986,0.089385,H5N1,Avian
2047,A/duck/Guangdong/GD01/2014_H5N6|GCA_038723425.1,A/duck/Guangdong/GD01/201,0.3084,0.2953,0.4256,0.2773,0.185,-0.07,0.383,53.21,0.428,0.437,678,716,-0.470391,0.093575,H5N6,Avian
2048,A/duck/Guangdong/s14044/2014_H5N8|GCA_038713185.1,A/duck/Guangdong/s14044/2,0.3165,0.2846,0.4457,0.26,0.194,-0.054,0.393,52.44,0.406,0.428,679,716,-0.480866,0.094972,H5N8,Avian
2049,A/duck/Guangdong/wy11/2008_H5N5|GCA_038482195.1,A/duck/Guangdong/wy11/200,0.3064,0.2951,0.433,0.2758,0.193,-0.051,0.396,53.24,0.425,0.435,677,716,-0.498464,0.094972,Others,Avian
2050,A/duck/Guangdong/wy19/2008_H5N5|GCA_038481545.1,A/duck/Guangdong/wy19/200,0.309,0.2921,0.4294,0.2762,0.194,-0.048,0.397,53.13,0.425,0.436,678,716,-0.480866,0.093575,Others,Avian
2051,A/duck/Guangdong/wy24/2008_H5N5|GCA_038482215.1,A/duck/Guangdong/wy24/200,0.3075,0.3,0.4349,0.2689,0.2,-0.039,0.403,52.67,0.424,0.434,677,716,-0.482123,0.093575,Others,Avian
2052,A/duck/Guangzhou/018/2014_H5N6|GCA_038713075.1,A/duck/Guangzhou/018/2014,0.3034,0.2996,0.4256,0.2794,0.185,-0.068,0.385,52.49,0.432,0.437,678,716,-0.469553,0.093575,H5N6,Avian
2053,A/duck/Guangzhou/021/2014_H5N6|GCA_038714225.1,A/duck/Guangzhou/021/2014,0.3034,0.2996,0.4237,0.2815,0.185,-0.068,0.385,52.84,0.434,0.438,678,716,-0.469553,0.093575,H5N6,Avian
2054,A/duck/Guangzhou/41227/2014_H5N6|GCA_038764855.1,A/duck/Guangzhou/41227/20,0.3096,0.2964,0.416,0.2878,0.188,-0.069,0.385,53.27,0.435,0.437,678,716,-0.468715,0.093575,H5N6,Avian
2055,A/duck/Guizhou/7.27_ZYLJJ017-O/2018_H5N6|GCA_039081265.1,A/duck/Guizhou/7.27_ZYLJJ,0.2985,0.3022,0.4103,0.2962,0.181,-0.073,0.382,52.94,0.447,0.443,678,716,-0.467598,0.094972,H5N6,Avian
2056,A/duck/Guizhou/8.26_ZYLJJ016-O/2018_H5N6|GCA_039082565.1,A/duck/Guizhou/8.26_ZYLJJ,0.2966,0.306,0.4122,0.292,0.183,-0.065,0.386,52.53,0.447,0.442,678,716,-0.474721,0.093575,H5N6,Avian
2057,A/duck/Guizhou/8.26_ZYLJJ017-O/2018_H5N6|GCA_039082585.1,A/duck/Guizhou/8.26_ZYLJJ,0.2966,0.306,0.4046,0.3004,0.182,-0.073,0.382,52.46,0.453,0.445,678,716,-0.47067,0.093575,H5N6,Avian
2058,A/duck/Hainan/12.29_HKPL002-C/2017_H5N6|GCA_038998405.1,A/duck/Hainan/12.29_HKPL0,0.3022,0.3004,0.4084,0.2962,0.183,-0.073,0.382,52.59,0.445,0.442,678,716,-0.471229,0.093575,H5N6,Avian
2059,A/duck/Hebei/0908/2009_H5N2|GCA_038548285.1,A/duck/Hebei/0908/2009_H5,0.2787,0.3145,0.4335,0.2845,0.2,-0.016,0.415,52.01,0.446,0.442,679,716,-0.473184,0.093575,H5N2,Avian
2060,A/duck/Hong_Kong/342/1978_H5N2|GCA_037928915.1,A/duck/Hong_Kong/342/1978,0.2906,0.317,0.3996,0.3075,0.203,-0.014,0.416,53.9,0.463,0.446,680,716,-0.470531,0.093575,H5N2,Avian
2061,A/duck/Hsinchu/15020216/2015_H5N2|GCA_038773755.1,A/duck/Hsinchu/15020216/2,0.2683,0.334,0.4152,0.2954,0.193,-0.034,0.405,52.99,0.468,0.447,679,716,-0.45824,0.094972,H5N2,Avian
2062,A/duck/HuBei/03/2010_H5N5|GCA_038582495.1,A/duck/HuBei/03/2010_H5N5,0.2981,0.3038,0.4283,0.2827,0.193,-0.042,0.4,53.07,0.436,0.436,677,716,-0.476955,0.093575,Others,Avian
2063,A/duck/Hubei/2911/2007_H5N1|GCA_038457615.1,A/duck/Hubei/2911/2007_H5,0.2943,0.3038,0.4381,0.2752,0.193,-0.038,0.403,52.88,0.431,0.435,678,716,-0.475559,0.093575,H5N1,Avian
2064,A/duck/Hubei/49/2005_H5N1|GCA_038388125.1,A/duck/Hubei/49/2005_H5N1,0.2911,0.31,0.4438,0.2668,0.197,-0.03,0.407,52.92,0.429,0.435,678,716,-0.481006,0.093575,H5N1,Avian
2065,A/duck/Hubei/SZY250/2016_H5N2|GCA_038848485.1,A/duck/Hubei/SZY250/2016_,0.3071,0.2865,0.4373,0.2773,0.195,-0.027,0.408,52.34,0.42,0.429,679,716,-0.472486,0.093575,H5N2,Avian
2066,A/duck/Hubei/xn/2007_H5N1|GCA_038473135.1,A/duck/Hubei/xn/2007_H5N1,0.2782,0.3158,0.4392,0.2773,0.197,-0.021,0.412,51.7,0.442,0.439,679,716,-0.462849,0.093575,H5N1,Avian
2067,A/duck/Hunan/01.12_YYGK82H3-OC/2018_H5N6|GCA_039008605.1,A/duck/Hunan/01.12_YYGK82,0.2868,0.3151,0.4156,0.2962,0.2,-0.015,0.417,53.79,0.454,0.443,679,716,-0.474721,0.093575,H5N6,Avian
2068,A/duck/Hunan/03.07_YYGK25L3-OC/2018_H5N6|GCA_039061415.1,A/duck/Hunan/03.07_YYGK25,0.3084,0.295,0.4078,0.2959,0.183,-0.073,0.382,51.34,0.441,0.44,660,696,-0.485919,0.093391,H5N6,Avian
2069,A/duck/Hunan/03.07_YYGK4L3-OC/2018_H5N6|GCA_039060495.1,A/duck/Hunan/03.07_YYGK4L,0.3071,0.2921,0.4253,0.2854,0.184,-0.074,0.383,52.9,0.43,0.436,677,716,-0.48324,0.093575,H5N6,Avian
2070,A/duck/Hunan/03.24_YYGK174M2-C/2017_H5N6|GCA_038963135.1,A/duck/Hunan/03.24_YYGK17,0.309,0.2921,0.4179,0.2893,0.19,-0.073,0.382,53.1,0.434,0.439,678,716,-0.469413,0.093575,H5N6,Avian
2071,A/duck/Hunan/03.24_YYGK178M2-C/2017_H5N6|GCA_038963525.1,A/duck/Hunan/03.24_YYGK17,0.309,0.2921,0.4179,0.2893,0.19,-0.073,0.382,53.1,0.434,0.439,678,716,-0.469413,0.093575,H5N6,Avian
2072,A/duck/Hunan/03.24_YYGK18M2-O/2017_H5N6|GCA_038963545.1,A/duck/Hunan/03.24_YYGK18,0.309,0.2903,0.4198,0.2893,0.189,-0.076,0.381,53.02,0.432,0.439,678,716,-0.472067,0.092179,H5N6,Avian
2073,A/duck/Hunan/03.24_YYGK21M2-O/2017_H5N6|GCA_038963175.1,A/duck/Hunan/03.24_YYGK21,0.309,0.2921,0.4179,0.2893,0.19,-0.073,0.382,53.1,0.434,0.439,678,716,-0.469413,0.093575,H5N6,Avian
2074,A/duck/Hunan/1.12_YYGK68H3-OC/2018_H5N6|GCA_039005615.1,A/duck/Hunan/1.12_YYGK68H,0.3054,0.2961,0.4133,0.2914,0.182,-0.075,0.38,52.43,0.439,0.44,679,716,-0.468575,0.093575,H5N6,Avian
2075,A/duck/Hunan/1.12_YYGK72H3-OC/2018_H5N6|GCA_039008625.1,A/duck/Hunan/1.12_YYGK72H,0.3054,0.2961,0.4141,0.292,0.183,-0.075,0.38,52.39,0.439,0.441,679,716,-0.468855,0.093575,H5N6,Avian
2076,A/duck/Hunan/1.12_YYGK74H3-OC/2018_H5N6|GCA_039005635.1,A/duck/Hunan/1.12_YYGK74H,0.2868,0.3151,0.4156,0.2962,0.2,-0.015,0.417,53.79,0.454,0.443,679,716,-0.474721,0.093575,H5N6,Avian
2077,A/duck/Hunan/1.17_YYGKK80-OC/2017_H5N6|GCA_038945855.1,A/duck/Hunan/1.17_YYGKK80,0.309,0.2884,0.4267,0.283,0.183,-0.081,0.378,52.84,0.426,0.436,678,716,-0.468296,0.093575,H5N6,Avian
2078,A/duck/Hunan/11.30_YYGK59E3-OC/2017_H5N6|GCA_038988965.1,A/duck/Hunan/11.30_YYGK59,0.298,0.298,0.4229,0.2899,0.189,-0.051,0.394,52.74,0.438,0.438,680,716,-0.464386,0.093575,H5N6,Avian
2079,A/duck/Hunan/11.30_YYGK62E3-OC/2017_H5N6|GCA_038984705.1,A/duck/Hunan/11.30_YYGK62,0.3047,0.2991,0.4084,0.2962,0.181,-0.078,0.379,52.66,0.444,0.442,678,716,-0.470391,0.093575,H5N6,Avian
2080,A/duck/Hunan/11.30_YYGK63E3-OC/2017_H5N6|GCA_038988985.1,A/duck/Hunan/11.30_YYGK63,0.3047,0.2991,0.4084,0.2962,0.181,-0.078,0.379,52.66,0.444,0.442,678,716,-0.470391,0.093575,H5N6,Avian
2081,A/duck/Hunan/11.30_YYGK74E3-OC/2017_H5N8|GCA_038984725.1,A/duck/Hunan/11.30_YYGK74,0.2772,0.309,0.4278,0.3004,0.194,-0.032,0.405,54.12,0.452,0.444,681,716,-0.460894,0.093575,H5N8,Avian
2082,A/duck/Hunan/11.30_YYGK75E3-OC/2017_H5N6|GCA_038989005.1,A/duck/Hunan/11.30_YYGK75,0.2757,0.3099,0.4242,0.3021,0.193,-0.029,0.407,54.49,0.455,0.443,671,705,-0.455887,0.092199,H5N6,Avian
2083,A/duck/Hunan/12.27_YYGK100J2-C/2016_H5N6|GCA_038936035.1,A/duck/Hunan/12.27_YYGK10,0.3021,0.2983,0.4259,0.2803,0.185,-0.068,0.385,52.85,0.432,0.438,678,716,-0.465224,0.093575,H5N6,Avian
2084,A/duck/Hunan/12.27_YYGK60J2-C/2016_H5N6|GCA_038936165.1,A/duck/Hunan/12.27_YYGK60,0.3028,0.3047,0.4207,0.28,0.188,-0.047,0.397,53.49,0.437,0.438,678,716,-0.463827,0.093575,H5N6,Avian
2085,A/duck/Hunan/12.27_YYGK71J2-O/2016_H5N6|GCA_038936085.1,A/duck/Hunan/12.27_YYGK71,0.3021,0.2983,0.4259,0.2803,0.185,-0.068,0.385,52.85,0.432,0.438,678,716,-0.465224,0.093575,H5N6,Avian
2086,A/duck/Hunan/12.27_YYGK73J2-O/2016_H5N6|GCA_038936195.1,A/duck/Hunan/12.27_YYGK73,0.3028,0.3028,0.4226,0.28,0.189,-0.047,0.397,53.34,0.435,0.438,678,716,-0.463827,0.093575,H5N6,Avian
2087,A/duck/Hunan/12.27_YYGK81J2-O/2016_H5N6|GCA_038936145.1,A/duck/Hunan/12.27_YYGK81,0.3021,0.2983,0.4259,0.2803,0.185,-0.068,0.385,52.85,0.432,0.438,678,716,-0.465224,0.093575,H5N6,Avian
2088,A/duck/Hunan/12.27_YYGK86J2-C/2016_H5N6|GCA_038936355.1,A/duck/Hunan/12.27_YYGK86,0.3028,0.3047,0.4207,0.28,0.188,-0.047,0.397,53.49,0.437,0.438,678,716,-0.463827,0.093575,H5N6,Avian
2089,A/duck/Hunan/12.27_YYGK89J2-O/2016_H5N6|GCA_038936185.1,A/duck/Hunan/12.27_YYGK89,0.3021,0.2983,0.4259,0.2803,0.185,-0.068,0.385,52.85,0.432,0.438,678,716,-0.465224,0.093575,H5N6,Avian
2090,A/duck/Hunan/12.27_YYGK91J2-O/2016_H5N6|GCA_038936395.1,A/duck/Hunan/12.27_YYGK91,0.3021,0.2983,0.4259,0.2803,0.185,-0.068,0.385,52.85,0.432,0.438,678,716,-0.465224,0.093575,H5N6,Avian
2091,A/duck/Hunan/12.27_YYGK93J2-O/2016_H5N6|GCA_038936205.1,A/duck/Hunan/12.27_YYGK93,0.3021,0.2983,0.4259,0.2803,0.185,-0.068,0.385,52.85,0.432,0.438,678,716,-0.465224,0.093575,H5N6,Avian
2092,A/duck/Hunan/12.27_YYGK95J2-O/2016_H5N6|GCA_038936415.1,A/duck/Hunan/12.27_YYGK95,0.3021,0.2964,0.4278,0.2803,0.184,-0.071,0.383,52.87,0.431,0.438,678,716,-0.465224,0.093575,H5N6,Avian
2093,A/duck/Hunan/12.27_YYGK96J2-O/2016_H5N6|GCA_038936265.1,A/duck/Hunan/12.27_YYGK96,0.3002,0.3002,0.4259,0.2803,0.186,-0.066,0.386,52.89,0.434,0.439,678,716,-0.465224,0.093575,H5N6,Avian
2094,A/duck/Hunan/12.27_YYGK97J2-O/2016_H5N6|GCA_038936435.1,A/duck/Hunan/12.27_YYGK97,0.3021,0.2983,0.4259,0.2803,0.185,-0.068,0.385,52.85,0.432,0.438,678,716,-0.465224,0.093575,H5N6,Avian
2095,A/duck/Hunan/2.06_YYGK77J3-OC/2018_H5N6|GCA_039046885.1,A/duck/Hunan/2.06_YYGK77J,0.3103,0.2953,0.4054,0.2989,0.184,-0.073,0.382,52.19,0.442,0.441,678,716,-0.470671,0.093575,H5N6,Avian
2096,A/duck/Hunan/2.06_YYGK78J3-OC/2018_H5N6|GCA_039047925.1,A/duck/Hunan/2.06_YYGK78J,0.3022,0.3004,0.4122,0.292,0.182,-0.073,0.382,52.56,0.442,0.441,678,716,-0.471229,0.093575,H5N6,Avian
2097,A/duck/Hunan/2.06_YYGK84J3-OC/2018_H5N6|GCA_039046955.1,A/duck/Hunan/2.06_YYGK84J,0.3065,0.2972,0.4046,0.3004,0.183,-0.07,0.383,52.32,0.445,0.441,678,716,-0.470391,0.093575,H5N6,Avian
2098,A/duck/Hunan/2.06_YYGK92J3-OC/2018_H5N6|GCA_039047025.1,A/duck/Hunan/2.06_YYGK92J,0.3065,0.2972,0.4046,0.3004,0.183,-0.07,0.383,52.32,0.445,0.441,678,716,-0.470391,0.093575,H5N6,Avian
2099,A/duck/Hunan/3/2007_H5N1|GCA_038471155.1,A/duck/Hunan/3/2007_H5N1|,0.2925,0.3057,0.4556,0.25,0.193,-0.04,0.401,51.19,0.416,0.432,678,716,-0.474162,0.092179,H5N1,Avian
2100,A/duck/Hunan/316/2005_H5N1|GCA_038257385.1,A/duck/Hunan/316/2005_H5N,0.2949,0.3043,0.4332,0.2794,0.194,-0.042,0.4,53.3,0.434,0.437,677,716,-0.47905,0.092179,H5N1,Avian
2101,A/duck/Hunan/3315/2006_H5N1|GCA_038284025.1,A/duck/Hunan/3315/2006_H5,0.286,0.3125,0.4362,0.2794,0.195,-0.036,0.404,52.81,0.44,0.437,678,716,-0.49148,0.093575,H5N1,Avian
2102,A/duck/Hunan/689/2006_H5N1|GCA_038284915.1,A/duck/Hunan/689/2006_H5N,0.2911,0.3081,0.4381,0.2758,0.191,-0.042,0.4,52.93,0.434,0.436,678,716,-0.481704,0.093575,H5N1,Avian
2103,A/duck/Hunan/7.21_YYGK41Y1-C/2016_H5N6|GCA_038861085.1,A/duck/Hunan/7.21_YYGK41Y,0.2998,0.2961,0.421,0.2893,0.184,-0.063,0.387,53.42,0.437,0.44,679,716,-0.468575,0.093575,H5N6,Avian
2104,A/duck/Hunan/733/2004_H5N1|GCA_038225465.1,A/duck/Hunan/733/2004_H5N,0.3006,0.3119,0.4061,0.2958,0.205,-0.039,0.403,53.13,0.451,0.443,680,716,-0.481285,0.092179,H5N1,Avian
2105,A/duck/Hunan/8/2008_H5N1|GCA_038497435.1,A/duck/Hunan/8/2008_H5N1|,0.2787,0.3202,0.4326,0.2771,0.198,-0.023,0.411,51.63,0.446,0.443,679,716,-0.477654,0.093575,H5N1,Avian
2106,A/duck/Hunan/S4020/2008_H5N1|GCA_038499705.1,A/duck/Hunan/S4020/2008_H,0.2943,0.3057,0.4489,0.2594,0.193,-0.044,0.399,51.51,0.421,0.432,679,716,-0.477514,0.092179,H5N1,Avian
2107,A/duck/Hunan/S4030/2011_H5N1|GCA_038633355.1,A/duck/Hunan/S4030/2011_H,0.2876,0.3064,0.4537,0.2542,0.188,-0.042,0.4,51.5,0.42,0.434,678,716,-0.480028,0.092179,H5N1,Avian
2108,A/duck/Hunan/S4101/2011_H5N2|GCA_038634205.1,A/duck/Hunan/S4101/2011_H,0.3157,0.2949,0.4167,0.2833,0.199,-0.028,0.408,53.34,0.43,0.436,679,716,-0.465503,0.093575,H5N2,Avian
2109,A/duck/Hunan/S4120/2011_H5N2|GCA_038634225.1,A/duck/Hunan/S4120/2011_H,0.3157,0.2949,0.4156,0.286,0.199,-0.029,0.408,53.58,0.432,0.436,679,716,-0.4669,0.094972,H5N2,Avian
2110,A/duck/Hunan/S4150/2011_H5N1|GCA_038633695.1,A/duck/Hunan/S4150/2011_H,0.2787,0.3126,0.4326,0.286,0.197,-0.019,0.414,52.92,0.446,0.442,679,716,-0.467318,0.093575,H5N1,Avian
2111,A/duck/Hunan/S4220/2011_H5N1|GCA_038633855.1,A/duck/Hunan/S4220/2011_H,0.297,0.3045,0.4449,0.2594,0.191,-0.043,0.4,51.82,0.422,0.434,678,716,-0.469553,0.093575,H5N1,Avian
2112,A/duck/Jiangsu/m234/2012_H5N2|GCA_038639545.1,A/duck/Jiangsu/m234/2012_,0.3239,0.2844,0.4349,0.2668,0.193,-0.064,0.388,52.46,0.411,0.429,677,716,-0.487151,0.094972,H5N2,Avian
2113,A/duck/Jiangxi/01.11_NCNP101G2-OC/2017_H5N6|GCA_038944105.1,A/duck/Jiangxi/01.11_NCNP,0.3021,0.3039,0.4015,0.3025,0.186,-0.062,0.388,52.77,0.452,0.444,677,716,-0.473184,0.093575,H5N6,Avian
2114,A/duck/Jiangxi/10160/2014_H5N6|GCA_038719765.1,A/duck/Jiangxi/10160/2014,0.3,0.3,0.4373,0.2725,0.189,-0.051,0.395,52.94,0.426,0.434,678,716,-0.471508,0.093575,H5N6,Avian
2115,A/duck/Jiangxi/11.17_NCNP30Y2-O/2016_H5N6|GCA_038923195.1,A/duck/Jiangxi/11.17_NCNP,0.3041,0.2929,0.4313,0.2773,0.186,-0.06,0.389,53.1,0.426,0.438,678,716,-0.47067,0.093575,H5N6,Avian
2116,A/duck/Jiangxi/11.17_NCNP48Y2-C/2016_H5N6|GCA_038923485.1,A/duck/Jiangxi/11.17_NCNP,0.3041,0.2929,0.4313,0.2773,0.186,-0.06,0.389,53,0.426,0.438,678,716,-0.47081,0.093575,H5N6,Avian
2117,A/duck/Jiangxi/11.29_NCDZT71H2-O/2016_H5N6|GCA_038927175.1,A/duck/Jiangxi/11.29_NCDZ,0.2991,0.3065,0.4141,0.2872,0.185,-0.055,0.392,52.9,0.444,0.442,678,716,-0.47081,0.093575,H5N6,Avian
2118,A/duck/Jiangxi/11.29_NCNP22D3-OC/2017_H5N6|GCA_038994985.1,A/duck/Jiangxi/11.29_NCNP,0.3047,0.3009,0.4294,0.271,0.188,-0.047,0.397,53.23,0.428,0.435,678,716,-0.452654,0.093575,H5N6,Avian
2119,A/duck/Jiangxi/11.29_NCNP39D3-OC/2017_H5N6|GCA_038990055.1,A/duck/Jiangxi/11.29_NCNP,0.3071,0.2996,0.4084,0.2941,0.185,-0.066,0.386,52.11,0.442,0.44,678,716,-0.469553,0.093575,H5N6,Avian
2120,A/duck/Jiangxi/120/2011_H5N1|GCA_038635235.1,A/duck/Jiangxi/120/2011_H,0.2911,0.3138,0.4278,0.2788,0.2,-0.034,0.406,53.12,0.441,0.438,678,716,-0.478212,0.093575,H5N1,Avian
2121,A/duck/Jiangxi/130/2011_H5N1|GCA_038635815.1,A/duck/Jiangxi/130/2011_H,0.2792,0.3094,0.4337,0.2881,0.2,-0.014,0.417,52.51,0.445,0.441,679,716,-0.459218,0.093575,H5N1,Avian
2122,A/duck/Jiangxi/13469/2014_H5N6|GCA_038730455.1,A/duck/Jiangxi/13469/2014,0.3,0.3038,0.4288,0.2744,0.192,-0.046,0.398,53.09,0.432,0.438,678,716,-0.472905,0.093575,H5N6,Avian
2123,A/duck/Jiangxi/13475/2014_H5N6|GCA_038729825.1,A/duck/Jiangxi/13475/2014,0.2981,0.3038,0.4307,0.2744,0.191,-0.048,0.397,52.91,0.432,0.438,678,716,-0.472905,0.093575,H5N6,Avian
2124,A/duck/Jiangxi/13484/2014_H5N6|GCA_038730495.1,A/duck/Jiangxi/13484/2014,0.2981,0.3038,0.4307,0.2744,0.191,-0.048,0.397,52.91,0.432,0.438,678,716,-0.472905,0.093575,H5N6,Avian
2125,A/duck/Jiangxi/2.28NCNP23K3-OC/2018_H5N6|GCA_039058365.1,A/duck/Jiangxi/2.28NCNP23,0.3022,0.3004,0.4057,0.2998,0.181,-0.076,0.38,52.69,0.448,0.443,679,716,-0.467737,0.093575,H5N6,Avian
2126,A/duck/Jiangxi/2.28_NCNP25K3-OC/2018_H5N6|GCA_039058525.1,A/duck/Jiangxi/2.28_NCNP2,0.3022,0.3004,0.4057,0.2998,0.181,-0.076,0.38,52.69,0.448,0.443,679,716,-0.467737,0.093575,H5N6,Avian
2127,A/duck/Jiangxi/34/2011_H5N1|GCA_038635835.1,A/duck/Jiangxi/34/2011_H5,0.3032,0.2976,0.447,0.2562,0.192,-0.045,0.398,52.29,0.414,0.432,678,716,-0.465224,0.093575,H5N1,Avian
2128,A/duck/Jiangxi/35/2011_H5N1|GCA_038635275.1,A/duck/Jiangxi/35/2011_H5,0.3045,0.3008,0.4432,0.2542,0.194,-0.04,0.401,52.13,0.416,0.433,678,716,-0.460894,0.093575,H5N1,Avian
2129,A/duck/Jiangxi/44/2011_H5N1|GCA_038635855.1,A/duck/Jiangxi/44/2011_H5,0.2828,0.3127,0.4487,0.2632,0.195,-0.015,0.415,52.62,0.43,0.436,679,716,-0.48743,0.092179,H5N1,Avian
2130,A/duck/Jiangxi/5.26_NCDZT80Q2-OC/2017_H5N6|GCA_039010495.1,A/duck/Jiangxi/5.26_NCDZT,0.3015,0.3052,0.4092,0.2947,0.185,-0.066,0.386,52.55,0.447,0.441,678,716,-0.473324,0.093575,H5N6,Avian
2131,A/duck/Jiangxi/80/2005_H5N1|GCA_038250035.1,A/duck/Jiangxi/80/2005_H5,0.293,0.3043,0.4417,0.2743,0.194,-0.04,0.402,53.26,0.43,0.434,677,716,-0.484218,0.094972,H5N1,Avian
2132,A/duck/Jilin/JL-SIV/2013_H5N1|GCA_038685295.1,A/duck/Jilin/JL-SIV/2013_,0.2898,0.3125,0.4419,0.2668,0.201,-0.024,0.411,52.19,0.431,0.433,677,716,-0.481285,0.094972,H5N1,Avian
2133,A/duck/Kaohsiung/15010213/2015_H5N2|GCA_038768995.1,A/duck/Kaohsiung/15010213,0.265,0.3365,0.4144,0.2968,0.192,-0.038,0.404,52.94,0.471,0.449,679,716,-0.464665,0.094972,H5N2,Avian
2134,A/duck/Kaohsiung/15WB3298-1-5/2015_H5N3|GCA_040483655.1,A/duck/Kaohsiung/15WB3298,0.2962,0.3,0.4326,0.2824,0.193,-0.036,0.404,53.38,0.433,0.437,679,716,-0.472765,0.093575,Others,Avian
2135,A/duck/Kaohsiung/20WB0242-154/2020_H5N3|GCA_040487115.1,A/duck/Kaohsiung/20WB0242,0.2768,0.3202,0.4278,0.2872,0.194,-0.023,0.411,53.19,0.452,0.444,679,716,-0.472765,0.093575,Others,Avian
2136,A/duck/Liaoning/LN/2011_H5N5|GCA_038611925.1,A/duck/Liaoning/LN/2011_H,0.3032,0.2994,0.4408,0.2651,0.199,-0.04,0.401,52.24,0.422,0.433,678,716,-0.492458,0.094972,Others,Avian
2137,A/duck/Nanchang/9789/2013_H5N1|GCA_038700315.1,A/duck/Nanchang/9789/2013,0.2994,0.3013,0.4419,0.2636,0.191,-0.044,0.399,52.25,0.422,0.435,677,716,-0.466341,0.093575,H5N1,Avian
2138,A/duck/Nantou/15A3437/2015_H5N2|GCA_038773175.1,A/duck/Nantou/15A3437/201,0.2702,0.334,0.4152,0.2932,0.19,-0.048,0.398,52.77,0.467,0.447,679,716,-0.464106,0.094972,H5N2,Avian
2139,A/duck/Nantou/17A0243/2017_H5N2|GCA_038963595.1,A/duck/Nantou/17A0243/201,0.2707,0.3327,0.4163,0.2932,0.195,-0.022,0.412,52.86,0.465,0.446,679,716,-0.469413,0.094972,H5N2,Avian
2140,A/duck/Pingtung/15010180/2015_H5N3|GCA_038768675.1,A/duck/Pingtung/15010180/,0.3133,0.2927,0.4264,0.2773,0.19,-0.066,0.386,53.09,0.425,0.429,678,716,-0.490503,0.094972,Others,Avian
2141,A/duck/Pingtung/15010444/2015_H5N2|GCA_038769465.1,A/duck/Pingtung/15010444/,0.2669,0.3365,0.4125,0.2968,0.195,-0.033,0.406,52.82,0.471,0.448,679,716,-0.464665,0.094972,H5N2,Avian
2142,A/duck/Pingtung/17A0160/2017_H5N2|GCA_038959745.1,A/duck/Pingtung/17A0160/2,0.2688,0.3346,0.4221,0.2869,0.196,-0.017,0.415,53.05,0.462,0.446,679,716,-0.469413,0.094972,H5N2,Avian
2143,A/duck/Pingtung/18A00003-11-20T/2018_H5N2|GCA_039004315.1,A/duck/Pingtung/18A00003-,0.2669,0.3346,0.4202,0.2911,0.196,-0.017,0.415,51.74,0.465,0.446,679,716,-0.461871,0.094972,H5N2,Avian
2144,A/duck/Pingtung/18A00076-11-20T/2018_H5N2|GCA_039043675.1,A/duck/Pingtung/18A00076-,0.2734,0.3277,0.4183,0.2911,0.194,-0.027,0.409,52.37,0.461,0.446,679,716,-0.457821,0.094972,H5N2,Avian
2145,A/duck/Pingtung/18X00077/2018_H5N2|GCA_039102465.1,A/duck/Pingtung/18X00077/,0.2957,0.307,0.4302,0.2806,0.198,-0.033,0.406,52.38,0.437,0.437,678,716,-0.46676,0.096369,H5N2,Avian
2146,A/duck/Shandong/009/2008_H5N1|GCA_038500835.1,A/duck/Shandong/009/2008_,0.2654,0.3421,0.424,0.2809,0.203,0.027,0.438,53.7,0.465,0.446,682,716,-0.48771,0.093575,H5N1,Avian
2147,A/duck/Shandong/Q1/2013_H5N8|GCA_038686665.1,A/duck/Shandong/Q1/2013_H,0.3133,0.2889,0.437,0.2683,0.193,-0.053,0.394,52.77,0.416,0.432,678,716,-0.484497,0.094972,H5N8,Avian
2148,A/duck/Shandong/SD0261/2021_H5N6|GCA_039231315.1,A/duck/Shandong/SD0261/20,0.2976,0.3013,0.4229,0.2881,0.191,-0.05,0.395,53.45,0.44,0.442,678,716,-0.489525,0.093575,H5N6,Avian
2149,A/duck/Shandong/SD0263/2021_H5N6|GCA_039231285.1,A/duck/Shandong/SD0263/20,0.2976,0.3013,0.4229,0.2881,0.191,-0.05,0.395,53.45,0.44,0.442,678,716,-0.489525,0.093575,H5N6,Avian
2150,A/duck/Sichuan/NCXJ15/2014_H5N6|GCA_038732985.1,A/duck/Sichuan/NCXJ15/201,0.2981,0.3038,0.4326,0.2735,0.19,-0.049,0.397,53.35,0.431,0.437,678,716,-0.472067,0.093575,H5N6,Avian
2151,A/duck/Sichuan/NCXJ16/2014_H5N6|GCA_038733795.1,A/duck/Sichuan/NCXJ16/201,0.2962,0.3057,0.4307,0.2756,0.19,-0.049,0.397,53.24,0.434,0.438,678,716,-0.472067,0.093575,H5N6,Avian
2152,A/duck/Sichuan/NCXN10/2014_H5N1|GCA_038733835.1,A/duck/Sichuan/NCXN10/201,0.297,0.3045,0.4449,0.2594,0.191,-0.043,0.4,51.82,0.422,0.434,678,716,-0.469553,0.093575,H5N1,Avian
2153,A/duck/Sichuan/NCXN11/2014_H5N1|GCA_038733045.1,A/duck/Sichuan/NCXN11/201,0.3008,0.3008,0.4278,0.2782,0.188,-0.061,0.389,51.93,0.432,0.437,678,716,-0.469553,0.093575,H5N1,Avian
2154,A/duck/Sichuan/SC4822/2021_H5N6|GCA_039232765.1,A/duck/Sichuan/SC4822/202,0.3002,0.3039,0.4451,0.2542,0.195,-0.03,0.406,53.01,0.418,0.436,679,716,-0.460475,0.093575,H5N6,Avian
2155,A/duck/Sichuan/SC5698/2021_H5N6|GCA_039232175.1,A/duck/Sichuan/SC5698/202,0.3008,0.3064,0.4432,0.2542,0.197,-0.025,0.409,53.43,0.42,0.437,679,716,-0.459078,0.093575,H5N6,Avian
2156,A/duck/Taichung/15010400-1/2015_H5N2|GCA_038770025.1,A/duck/Taichung/15010400-,0.2693,0.3333,0.4183,0.2926,0.194,-0.033,0.406,52.98,0.465,0.446,679,716,-0.468436,0.094972,H5N2,Avian
2157,A/duck/Tainan/15010403/2015_H5N8|GCA_038769785.1,A/duck/Tainan/15010403/20,0.3133,0.2927,0.4264,0.2779,0.19,-0.067,0.386,53.12,0.425,0.429,678,716,-0.489525,0.094972,H5N8,Avian
2158,A/duck/Tainan/16010020-1/2016_H5N2|GCA_038810375.1,A/duck/Tainan/16010020-1/,0.2674,0.3371,0.4163,0.292,0.192,-0.035,0.405,53.33,0.468,0.448,679,716,-0.469414,0.094972,H5N2,Avian
2159,A/duck/Tainan/16WB3443-156-160/2016_H5N3|GCA_040484015.1,A/duck/Tainan/16WB3443-15,0.293,0.31,0.4091,0.3013,0.199,-0.03,0.406,54.48,0.454,0.443,679,716,-0.461872,0.093575,Others,Avian
2160,A/duck/Taipei/05WB830-1-5-E2/2005_H5N2|GCA_040484025.1,A/duck/Taipei/05WB830-1-5,0.2763,0.3271,0.4213,0.286,0.201,-0.009,0.419,52.33,0.457,0.446,680,716,-0.477374,0.093575,H5N2,Avian
2161,A/duck/Taipei/18WB0120-1-5-E1/2018_H5N3|GCA_040484915.1,A/duck/Taipei/18WB0120-1-,0.2698,0.3245,0.4094,0.3056,0.2,-0.016,0.414,54.01,0.47,0.45,679,716,-0.456844,0.092179,Others,Avian
2162,A/duck/Taipei/19WB0235-14-16/2019_H5N3|GCA_040485735.1,A/duck/Taipei/19WB0235-14,0.2838,0.3195,0.4278,0.2788,0.194,-0.036,0.404,52.53,0.446,0.443,679,716,-0.473603,0.093575,Others,Avian
2163,A/duck/Taiwan/01006/2015_H5N2|GCA_038768845.1,A/duck/Taiwan/01006/2015_,0.2664,0.3358,0.4144,0.2941,0.192,-0.035,0.405,53.1,0.47,0.449,679,716,-0.473324,0.094972,H5N2,Avian
2164,A/duck/Taiwan/11213/2013_H5N2|GCA_038692945.1,A/duck/Taiwan/11213/2013_,0.2881,0.3107,0.3947,0.3201,0.197,-0.036,0.404,53.18,0.468,0.449,679,716,-0.456844,0.093575,H5N2,Avian
2165,A/duck/Taiwan/11254/2013_H5N2|GCA_038693795.1,A/duck/Taiwan/11254/2013_,0.2881,0.3107,0.3909,0.3243,0.197,-0.035,0.404,53.07,0.471,0.451,679,716,-0.457961,0.093575,H5N2,Avian
2166,A/duck/Taiwan/A3400/2015_H5N8|GCA_038773885.1,A/duck/Taiwan/A3400/2015_,0.3165,0.2884,0.4275,0.2773,0.189,-0.07,0.384,53.14,0.421,0.428,679,716,-0.486871,0.094972,H5N8,Avian
2167,A/duck/Taiwan/DV1238/2009_H5N2|GCA_038504495.1,A/duck/Taiwan/DV1238/2009,0.2787,0.3183,0.4183,0.2977,0.196,-0.031,0.406,53.12,0.458,0.445,679,716,-0.472765,0.093575,H5N2,Avian
2168,A/duck/Taiwan/DV1241/2009_H5N2|GCA_038504955.1,A/duck/Taiwan/DV1241/2009,0.2787,0.3183,0.4183,0.2977,0.196,-0.031,0.406,53.12,0.458,0.445,679,716,-0.472765,0.093575,H5N2,Avian
2169,A/duck/Taiwan/DV1242/2009_H5N2|GCA_038504515.1,A/duck/Taiwan/DV1242/2009,0.2787,0.3183,0.4183,0.2977,0.196,-0.031,0.406,53.12,0.458,0.445,679,716,-0.472765,0.093575,H5N2,Avian
2170,A/duck/Taoyuan/16010023-1/2016_H5N2|GCA_038810555.1,A/duck/Taoyuan/16010023-1,0.2678,0.3333,0.419,0.2905,0.189,-0.04,0.402,52.88,0.465,0.446,679,716,-0.464386,0.094972,H5N2,Avian
2171,A/duck/Wenzhou/YJYF33/2015_H5N1|GCA_038765865.1,A/duck/Wenzhou/YJYF33/201,0.2782,0.3102,0.4302,0.2911,0.195,-0.026,0.41,52.89,0.448,0.44,681,716,-0.470531,0.093575,H5N1,Avian
2172,A/duck/Wuhan/JXYFB22/2015_H5N6|GCA_038765885.1,A/duck/Wuhan/JXYFB22/2015,0.3071,0.2978,0.4179,0.2851,0.187,-0.068,0.385,53.06,0.435,0.439,678,716,-0.470531,0.093575,H5N6,Avian
2173,A/duck/Wuhan/WHYF02/2015_H5N6|GCA_038766715.1,A/duck/Wuhan/WHYF02/2015_,0.3077,0.2964,0.4245,0.28,0.184,-0.071,0.384,52.77,0.43,0.437,677,716,-0.472207,0.093575,H5N6,Avian
2174,A/duck/Xinjiang/12.18_WLMQXL001-C/2016_H5N8|GCA_054191505.1,A/duck/Xinjiang/12.18_WLM,0.2814,0.3096,0.4163,0.3061,0.194,-0.039,0.401,54.33,0.457,0.446,680,716,-0.469134,0.093575,H5N8,Avian
2175,A/duck/Yilan/17A0092/2017_H5N2|GCA_038956825.1,A/duck/Yilan/17A0092/2017,0.2744,0.3289,0.4163,0.2932,0.196,-0.023,0.412,52.75,0.462,0.446,679,716,-0.463687,0.094972,H5N2,Avian
2176,A/duck/Yunlin/15010244-1/2015_H5N2|GCA_038769735.1,A/duck/Yunlin/15010244-1/,0.2669,0.3365,0.4171,0.2932,0.194,-0.033,0.406,52.99,0.468,0.447,679,716,-0.468575,0.094972,H5N2,Avian
2177,A/duck/Yunlin/15010277/2015_H5N8|GCA_038770295.1,A/duck/Yunlin/15010277/20,0.3152,0.2908,0.4283,0.2752,0.19,-0.069,0.385,53.14,0.422,0.428,678,716,-0.490503,0.094972,H5N8,Avian
2178,A/duck/Yunlin/15010310-4/2015_H5N2|GCA_038769545.1,A/duck/Yunlin/15010310-4/,0.2669,0.3365,0.4152,0.2954,0.194,-0.03,0.408,53.04,0.47,0.448,679,716,-0.468436,0.094972,H5N2,Avian
2179,A/duck/Yunlin/15010318-2/2015_H5N2|GCA_038770375.1,A/duck/Yunlin/15010318-2/,0.2669,0.3365,0.4152,0.296,0.194,-0.033,0.406,52.81,0.47,0.447,679,716,-0.468017,0.094972,H5N2,Avian
2180,A/duck/Yunlin/15010369-1/2015_H5N2|GCA_038770795.1,A/duck/Yunlin/15010369-1/,0.2669,0.3365,0.4171,0.2932,0.194,-0.033,0.406,52.88,0.468,0.447,679,716,-0.468436,0.094972,H5N2,Avian
2181,A/duck/Yunlin/15010458-1/2015_H5N8|GCA_038771035.1,A/duck/Yunlin/15010458-1/,0.3152,0.2908,0.4283,0.2752,0.19,-0.069,0.385,53.14,0.422,0.428,678,716,-0.490503,0.094972,H5N8,Avian
2182,A/duck/Yunlin/15070002-2/2015_H5N2|GCA_038784565.1,A/duck/Yunlin/15070002-2/,0.265,0.3383,0.4125,0.2962,0.191,-0.035,0.405,53.18,0.473,0.448,679,716,-0.465084,0.094972,H5N2,Avian
2183,A/duck/Yunlin/15A5019/2015_H5N2|GCA_038798835.1,A/duck/Yunlin/15A5019/201,0.2688,0.3365,0.4163,0.2905,0.192,-0.036,0.405,53.35,0.467,0.446,679,716,-0.463408,0.094972,H5N2,Avian
2184,A/duck/Yunlin/17110001/2017_H5N2|GCA_038988565.1,A/duck/Yunlin/17110001/20,0.2744,0.3252,0.4106,0.3038,0.192,-0.035,0.405,53.18,0.467,0.446,679,716,-0.460335,0.094972,H5N2,Avian
2185,A/duck/Yunlin/17A0086/2017_H5N2|GCA_038956915.1,A/duck/Yunlin/17A0086/201,0.2726,0.3308,0.4152,0.2932,0.197,-0.027,0.41,52.9,0.465,0.447,678,716,-0.456564,0.094972,H5N2,Avian
2186,A/duck/Yunlin/17A0686/2017_H5N2|GCA_038976265.1,A/duck/Yunlin/17A0686/201,0.2744,0.3289,0.4125,0.2975,0.194,-0.028,0.409,52.37,0.465,0.447,679,716,-0.463687,0.094972,H5N2,Avian
2187,A/duck/Yunlin/18060007-3/2018_H5N2|GCA_039077835.1,A/duck/Yunlin/18060007-3/,0.2707,0.3271,0.4099,0.3053,0.189,-0.035,0.405,52.96,0.47,0.447,679,716,-0.456006,0.094972,H5N2,Avian
2188,A/duck/Yunlin/18X00007-3/2018_H5N2|GCA_039075115.1,A/duck/Yunlin/18X00007-3/,0.2943,0.3094,0.4223,0.286,0.197,-0.039,0.401,53.85,0.443,0.439,680,716,-0.461872,0.093575,H5N2,Avian
2189,A/duck/Yunnan/4072/2003_H5N1|GCA_038206845.1,A/duck/Yunnan/4072/2003_H,0.3043,0.3062,0.4175,0.2833,0.203,-0.032,0.406,52.74,0.439,0.438,679,716,-0.487151,0.093575,H5N1,Avian
2190,A/duck/Yunnan/426/2004_H5N1|GCA_038224975.1,A/duck/Yunnan/426/2004_H5,0.3081,0.3025,0.4194,0.2812,0.202,-0.038,0.404,52.88,0.434,0.437,679,716,-0.487151,0.093575,H5N1,Avian
2191,A/duck/Yunnan/4645/2003_H5N1|GCA_038207615.1,A/duck/Yunnan/4645/2003_H,0.3043,0.3062,0.4194,0.2812,0.203,-0.032,0.406,52.83,0.437,0.438,679,716,-0.487151,0.093575,H5N1,Avian
2192,A/duck/Yunnan/47/2006_H5N1|GCA_038265795.1,A/duck/Yunnan/47/2006_H5N,0.2946,0.3058,0.4497,0.2537,0.189,-0.048,0.397,51.24,0.419,0.432,678,716,-0.470531,0.092179,H5N1,Avian
2193,A/duck/Yunnan/485/2004_H5N1|GCA_038225705.1,A/duck/Yunnan/485/2004_H5,0.3081,0.3025,0.4231,0.2777,0.202,-0.032,0.406,52.98,0.432,0.435,679,716,-0.48338,0.093575,H5N1,Avian
2194,A/duck/Yunnan/4873/2006_H5N1|GCA_038265225.1,A/duck/Yunnan/4873/2006_H,0.2938,0.3051,0.4478,0.2621,0.194,-0.034,0.405,51.97,0.423,0.433,679,716,-0.468017,0.093575,H5N1,Avian
2195,A/duck/Yunnan/5090/2003_H5N1|GCA_038206865.1,A/duck/Yunnan/5090/2003_H,0.3043,0.3062,0.4231,0.2771,0.203,-0.03,0.408,52.83,0.434,0.437,679,716,-0.487151,0.093575,H5N1,Avian
2196,A/duck/Yunnan/5169/2003_H5N1|GCA_038207655.1,A/duck/Yunnan/5169/2003_H,0.3043,0.3062,0.4231,0.2771,0.203,-0.03,0.408,52.83,0.434,0.437,679,716,-0.487151,0.093575,H5N1,Avian
2197,A/duck/Yunnan/522/2004_H5N1|GCA_038225055.1,A/duck/Yunnan/522/2004_H5,0.3081,0.3025,0.4194,0.2812,0.202,-0.038,0.404,52.88,0.434,0.437,679,716,-0.487151,0.093575,H5N1,Avian
2198,A/duck/Yunnan/5310/2006_H5N1|GCA_038265665.1,A/duck/Yunnan/5310/2006_H,0.2906,0.3094,0.4438,0.2679,0.195,-0.028,0.409,52.47,0.429,0.434,678,716,-0.480447,0.093575,H5N1,Avian
2199,A/duck/Yunnan/5948/2003_H5N1|GCA_038206905.1,A/duck/Yunnan/5948/2003_H,0.3062,0.3043,0.4231,0.2771,0.203,-0.032,0.406,52.85,0.433,0.436,679,716,-0.487151,0.093575,H5N1,Avian
2200,A/duck/Yunnan/6080/2003_H5N1|GCA_038207675.1,A/duck/Yunnan/6080/2003_H,0.3081,0.3025,0.4213,0.2792,0.203,-0.035,0.405,52.87,0.433,0.436,679,716,-0.487151,0.093575,H5N1,Avian
2201,A/duck/Yunnan/6603/2003_H5N1|GCA_038207005.1,A/duck/Yunnan/6603/2003_H,0.3081,0.3025,0.4231,0.2771,0.203,-0.035,0.405,52.68,0.432,0.435,679,716,-0.48771,0.093575,H5N1,Avian
2202,A/duck/Zhejiang/1026109/2015_H5N2|GCA_038797245.1,A/duck/Zhejiang/1026109/2,0.309,0.2865,0.4362,0.2779,0.197,-0.017,0.414,52.35,0.42,0.429,679,716,-0.479469,0.096369,H5N2,Avian
2203,A/duck/Zhejiang/1220092/2014_H5N1|GCA_038762415.1,A/duck/Zhejiang/1220092/2,0.2895,0.3026,0.4582,0.2558,0.184,-0.055,0.392,51.35,0.417,0.432,678,716,-0.484916,0.093575,H5N1,Avian
2204,A/duck/Zhejiang/213/2011_H5N1|GCA_038608435.1,A/duck/Zhejiang/213/2011_,0.2976,0.3013,0.4497,0.2562,0.193,-0.036,0.404,52.14,0.417,0.432,678,716,-0.464246,0.093575,H5N1,Avian
2205,A/duck/Zhejiang/224/2011_H5N1|GCA_038608795.1,A/duck/Zhejiang/224/2011_,0.3038,0.2981,0.4506,0.2537,0.193,-0.037,0.403,51.54,0.412,0.431,677,716,-0.465503,0.093575,H5N1,Avian
2206,A/duck/Zhejiang/2242/2011_H5N1|GCA_038608455.1,A/duck/Zhejiang/2242/2011,0.3038,0.2981,0.4506,0.2537,0.193,-0.037,0.403,51.54,0.412,0.431,677,716,-0.465503,0.093575,H5N1,Avian
2207,A/duck/Zhejiang/2243/2011_H5N1|GCA_038608815.1,A/duck/Zhejiang/2243/2011,0.3038,0.2981,0.4506,0.2537,0.193,-0.037,0.403,51.54,0.412,0.431,677,716,-0.465503,0.093575,H5N1,Avian
2208,A/duck/Zhejiang/2244/2011_H5N1|GCA_038608475.1,A/duck/Zhejiang/2244/2011,0.3038,0.2981,0.4506,0.2537,0.193,-0.037,0.403,51.54,0.412,0.431,677,716,-0.465503,0.093575,H5N1,Avian
2209,A/duck/Zhejiang/2245/2011_H5N1|GCA_038608835.1,A/duck/Zhejiang/2245/2011,0.2811,0.3132,0.4335,0.2857,0.199,-0.027,0.409,51.99,0.445,0.44,679,716,-0.471508,0.093575,H5N1,Avian
2210,A/duck/Zhejiang/2248/2011_H5N1|GCA_038608495.1,A/duck/Zhejiang/2248/2011,0.3038,0.2981,0.4506,0.2537,0.193,-0.037,0.403,51.54,0.412,0.431,677,716,-0.465503,0.093575,H5N1,Avian
2211,A/duck/Zhejiang/6D18/2013_H5N8|GCA_038706315.1,A/duck/Zhejiang/6D18/2013,0.3116,0.2929,0.4313,0.2699,0.195,-0.051,0.395,53.07,0.421,0.434,679,716,-0.482123,0.094972,H5N8,Avian
2212,A/duck/Zhejiang/6D2/2013_H5N6|GCA_038707195.1,A/duck/Zhejiang/6D2/2013_,0.3,0.3019,0.4345,0.2714,0.189,-0.052,0.395,53.27,0.428,0.435,678,716,-0.467598,0.093575,H5N6,Avian
2213,A/duck/Zhejiang/6DK19/2013_H5N2|GCA_038705225.1,A/duck/Zhejiang/6DK19/201,0.3057,0.3019,0.4381,0.2642,0.192,-0.055,0.394,53.62,0.422,0.433,678,716,-0.481704,0.093575,H5N2,Avian
2214,A/duck/Zhejiang/727041/2014_H5N2|GCA_038740185.1,A/duck/Zhejiang/727041/20,0.3096,0.2983,0.421,0.2803,0.192,-0.054,0.393,53.36,0.432,0.438,679,716,-0.4669,0.093575,H5N2,Avian
2215,A/duck/Zhejiang/727158/2014_H5N6|GCA_038740225.1,A/duck/Zhejiang/727158/20,0.3052,0.2996,0.4179,0.2863,0.186,-0.066,0.386,52.64,0.437,0.439,678,716,-0.468576,0.093575,H5N6,Avian
2216,A/duck/Zhejiang/77138/2014_H5N2|GCA_038739435.1,A/duck/Zhejiang/77138/201,0.2951,0.3064,0.4392,0.2662,0.189,-0.045,0.398,52.02,0.428,0.435,678,716,-0.469134,0.093575,H5N2,Avian
2217,A/duck/Zhejiang/925019/2014_H5N8|GCA_038748265.1,A/duck/Zhejiang/925019/20,0.3109,0.2921,0.4307,0.2723,0.194,-0.054,0.393,52.36,0.422,0.434,680,716,-0.478492,0.094972,H5N8,Avian
2218,A/duck/Zhejiang/925169/2014_H5N8|GCA_038747215.1,A/duck/Zhejiang/925169/20,0.3084,0.2953,0.4297,0.2729,0.193,-0.056,0.391,52.35,0.425,0.436,680,716,-0.479749,0.094972,H5N8,Avian
2219,A/duck/Zhejiang/W24/2013_H5N8|GCA_038703555.1,A/duck/Zhejiang/W24/2013_,0.3146,0.2903,0.4381,0.263,0.194,-0.059,0.39,52.24,0.414,0.432,679,716,-0.481704,0.094972,H5N8,Avian
2220,A/egret/Zhejiang/W15/2017_H5N6|GCA_038995395.1,A/egret/Zhejiang/W15/2017,0.3028,0.2991,0.4237,0.2842,0.188,-0.061,0.389,52.57,0.434,0.437,679,716,-0.454749,0.094972,H5N6,Avian
2221,A/egret/Zhejiang/W18/2017_H5N6|GCA_038990475.1,A/egret/Zhejiang/W18/2017,0.2726,0.3308,0.4275,0.2809,0.208,0.023,0.436,52.8,0.457,0.446,679,716,-0.488687,0.093575,H5N6,Avian
2222,A/equine/China/61/2010_H5N1|GCA_038578875.1,A/equine/China/61/2010_H5,0.2892,0.3119,0.4449,0.2642,0.197,-0.031,0.407,52.22,0.429,0.435,678,716,-0.475978,0.093575,H5N1,Nonhuman Mammal
2223,A/equine/China/67/2010_H5N1|GCA_038579415.1,A/equine/China/67/2010_H5,0.2873,0.3138,0.4449,0.2642,0.197,-0.027,0.409,52.22,0.431,0.435,678,716,-0.472626,0.093575,H5N1,Nonhuman Mammal
2224,A/equine/China/68/2010_H5N1|GCA_038578895.1,A/equine/China/68/2010_H5,0.2892,0.3119,0.4421,0.2657,0.196,-0.035,0.404,52.27,0.431,0.436,678,716,-0.474581,0.092179,H5N1,Nonhuman Mammal
2225,A/eurasian_coot/Shandong/W5611/2020_H5N8|GCA_039228605.1,A/eurasian_coot/Shandong/,0.2946,0.3058,0.4171,0.2929,0.192,-0.041,0.401,53.9,0.446,0.444,679,716,-0.485894,0.093575,H5N8,Avian
2226,A/eurasian_coot/Shandong/W6137/2020_H5N8|GCA_039229355.1,A/eurasian_coot/Shandong/,0.2946,0.3058,0.4171,0.2929,0.192,-0.041,0.401,53.9,0.446,0.444,679,716,-0.485894,0.093575,H5N8,Avian
2227,A/eurasian_coot/Shandong/W6143/2020_H5N8|GCA_039228625.1,A/eurasian_coot/Shandong/,0.2946,0.3058,0.4171,0.2929,0.192,-0.041,0.401,53.9,0.446,0.444,679,716,-0.485894,0.093575,H5N8,Avian
2228,A/eurasian_coot/Shandong/W6150/2020_H5N8|GCA_039229375.1,A/eurasian_coot/Shandong/,0.2946,0.3058,0.4171,0.2929,0.192,-0.041,0.401,53.9,0.446,0.444,679,716,-0.485894,0.093575,H5N8,Avian
2229,A/feline/Guangdong/2/2015_H5N6|GCA_038769285.1,A/feline/Guangdong/2/2015,0.3084,0.2953,0.4179,0.2857,0.184,-0.076,0.381,52.66,0.434,0.438,678,716,-0.470391,0.093575,H5N6,Nonhuman Mammal
2230,A/gadwall/Ningxia/YG61/2017_H5N6|GCA_038981945.1,A/gadwall/Ningxia/YG61/20,0.2844,0.3126,0.4205,0.2923,0.191,-0.049,0.396,52.66,0.451,0.445,679,716,-0.469693,0.093575,H5N6,Avian
2231,A/goose/Changhua/15040008/2015_H5N2|GCA_038777225.1,A/goose/Changhua/15040008,0.2712,0.3315,0.4202,0.2905,0.194,-0.033,0.406,52.92,0.462,0.446,679,716,-0.468436,0.094972,H5N2,Avian
2232,A/goose/Chiayi/15010008-3/2015_H5N2|GCA_038768115.1,A/goose/Chiayi/15010008-3,0.2669,0.3365,0.4152,0.2954,0.193,-0.038,0.404,52.99,0.47,0.448,679,716,-0.468436,0.094972,H5N2,Avian
2233,A/goose/Chiayi/15010016-1/2015_H5N2|GCA_038768865.1,A/goose/Chiayi/15010016-1,0.2669,0.3365,0.4125,0.2968,0.193,-0.035,0.405,53.14,0.471,0.449,679,716,-0.464665,0.094972,H5N2,Avian
2234,A/goose/Chiayi/15020022/2015_H5N8|GCA_038771855.1,A/goose/Chiayi/15020022/2,0.3171,0.2889,0.4283,0.2752,0.19,-0.069,0.385,53.17,0.42,0.428,678,716,-0.490503,0.094972,H5N8,Avian
2235,A/goose/Chiayi/16010017-2/2016_H5N2|GCA_038809735.1,A/goose/Chiayi/16010017-2,0.2669,0.3365,0.4163,0.292,0.191,-0.035,0.405,53.3,0.468,0.448,679,716,-0.465084,0.094972,H5N2,Avian
2236,A/goose/Chiayi/16040003-1/2016_H5N2|GCA_038842625.1,A/goose/Chiayi/16040003-1,0.2707,0.3308,0.4221,0.2872,0.191,-0.041,0.402,52.81,0.461,0.446,679,716,-0.472346,0.094972,H5N2,Avian
2237,A/goose/Chiayi/16040005/2016_H5N2|GCA_038844265.1,A/goose/Chiayi/16040005/2,0.2707,0.3308,0.4221,0.2872,0.191,-0.041,0.402,52.81,0.461,0.446,679,716,-0.472346,0.094972,H5N2,Avian
2238,A/goose/Chiayi/17020027-1/2017_H5N2|GCA_038954895.1,A/goose/Chiayi/17020027-1,0.2712,0.3315,0.4183,0.2932,0.196,-0.026,0.411,52.71,0.464,0.446,679,716,-0.462849,0.094972,H5N2,Avian
2239,A/goose/Chiayi/17040014/2017_H5N2|GCA_038966165.1,A/goose/Chiayi/17040014/2,0.2758,0.3283,0.4057,0.3044,0.19,-0.041,0.402,52.23,0.47,0.447,679,716,-0.476955,0.094972,H5N2,Avian
2240,A/goose/Chiayi/18010006/2018_H5N2|GCA_039004975.1,A/goose/Chiayi/18010006/2,0.2726,0.3271,0.4095,0.3072,0.191,-0.038,0.404,53.35,0.47,0.446,679,716,-0.454888,0.096369,H5N2,Avian
2241,A/goose/Chiayi/18020014-1/2018_H5N2|GCA_039050395.1,A/goose/Chiayi/18020014-1,0.2739,0.3265,0.4133,0.3002,0.19,-0.04,0.402,53.02,0.465,0.446,679,716,-0.463408,0.094972,H5N2,Avian
2242,A/goose/Chiayi/18020014-2/2018_H5N2|GCA_039051145.1,A/goose/Chiayi/18020014-2,0.2739,0.3265,0.4133,0.3002,0.19,-0.04,0.402,53.08,0.465,0.446,679,716,-0.459916,0.094972,H5N2,Avian
2243,A/goose/China/0701/2018_H5N6|GCA_039079155.1,A/goose/China/0701/2018_H,0.3035,0.298,0.4087,0.2956,0.18,-0.074,0.381,52.69,0.443,0.442,679,716,-0.455028,0.093575,H5N6,Avian
2244,A/goose/China/1/2021_H5N8|GCA_039229645.1,A/goose/China/1/2021_H5N8,0.2895,0.3102,0.421,0.2908,0.195,-0.036,0.404,53.35,0.448,0.443,679,716,-0.47933,0.093575,H5N8,Avian
2245,A/goose/China/1106/2016_H5N2|GCA_038814825.1,A/goose/China/1106/2016_H,0.3083,0.2876,0.4362,0.2794,0.198,-0.03,0.406,52.12,0.421,0.429,679,716,-0.474162,0.096369,H5N2,Avian
2246,A/goose/China/E43/2012_H5N1|GCA_038647645.1,A/goose/China/E43/2012_H5,0.3045,0.297,0.4478,0.2552,0.192,-0.045,0.398,51.76,0.413,0.432,678,716,-0.460894,0.093575,H5N1,Avian
2247,A/goose/China/M14/2016_H5N6|GCA_048666285.1,A/goose/China/M14/2016_H5,0.2726,0.3308,0.4248,0.283,0.208,0.027,0.439,53.14,0.458,0.446,679,716,-0.484497,0.093575,H5N6,Avian
2248,A/goose/Eastern_China/1112/2011_H5N2|GCA_038605825.1,A/goose/Eastern_China/111,0.307,0.2994,0.4368,0.2668,0.197,-0.045,0.399,53.42,0.422,0.433,677,716,-0.494134,0.094972,H5N2,Avian
2249,A/goose/Eastern_China/223/2008_H5N1|GCA_038476145.1,A/goose/Eastern_China/223,0.2917,0.3163,0.4381,0.2653,0.201,-0.032,0.406,52.31,0.433,0.434,677,716,-0.451676,0.093575,H5N1,Avian
2250,A/goose/Eastern_China/CZ/2013_H5N8|GCA_038704145.1,A/goose/Eastern_China/CZ/,0.3127,0.2921,0.4362,0.2651,0.195,-0.056,0.392,52.35,0.417,0.432,679,716,-0.481704,0.094972,H5N8,Avian
2251,A/goose/Eastern_China/L1204/2012_H5N8|GCA_038661065.1,A/goose/Eastern_China/L12,0.3165,0.2846,0.4408,0.2642,0.193,-0.061,0.389,52.02,0.41,0.43,678,716,-0.483799,0.094972,H5N8,Avian
2252,A/goose/Eastern_China/L1214/2012_H5N8|GCA_038661495.1,A/goose/Eastern_China/L12,0.3277,0.2772,0.4398,0.2621,0.191,-0.072,0.383,52.48,0.403,0.428,678,716,-0.479888,0.094972,H5N8,Avian
2253,A/goose/Eastern_China/S0408/2014_H5N8|GCA_038731965.1,A/goose/Eastern_China/S04,0.3159,0.2897,0.4324,0.2672,0.194,-0.056,0.392,52.7,0.417,0.433,679,716,-0.477374,0.094972,H5N8,Avian
2254,A/goose/Eastern_China/S0513/2013_H5N6|GCA_038688245.1,A/goose/Eastern_China/S05,0.3084,0.2935,0.4332,0.2725,0.185,-0.07,0.384,53.21,0.423,0.437,679,716,-0.482682,0.094972,H5N6,Avian
2255,A/goose/Fujian/10.11_FZHX1001-C/2016_H5N6|GCA_038913145.1,A/goose/Fujian/10.11_FZHX,0.3052,0.2978,0.4218,0.2836,0.188,-0.06,0.389,52.7,0.434,0.437,678,716,-0.464386,0.093575,H5N6,Avian
2256,A/goose/Fujian/10.26_FZHX0002-C/2017_H5N6|GCA_038982945.1,A/goose/Fujian/10.26_FZHX,0.298,0.2998,0.4229,0.2878,0.189,-0.049,0.396,52.82,0.438,0.438,680,716,-0.464386,0.093575,H5N6,Avian
2257,A/goose/Fujian/10.26_FZHX0002-O/2017_H5N6|GCA_054192245.1,A/goose/Fujian/10.26_FZHX,0.298,0.2998,0.4229,0.2878,0.189,-0.049,0.396,52.82,0.438,0.438,680,716,-0.464386,0.093575,H5N6,Avian
2258,A/goose/Fujian/10.26_FZHX0004-C/2017_H5N6|GCA_054192255.1,A/goose/Fujian/10.26_FZHX,0.298,0.2998,0.421,0.2899,0.189,-0.046,0.397,53.1,0.44,0.438,680,716,-0.464386,0.093575,H5N6,Avian
2259,A/goose/Fujian/10.26_FZHX0004-O/2017_H5N6|GCA_038982965.1,A/goose/Fujian/10.26_FZHX,0.298,0.2998,0.421,0.2899,0.189,-0.046,0.397,53.1,0.44,0.438,680,716,-0.464386,0.093575,H5N6,Avian
2260,A/goose/Fujian/10.26_FZHX0006-C/2017_H5N6|GCA_038987365.1,A/goose/Fujian/10.26_FZHX,0.298,0.2998,0.421,0.2899,0.189,-0.046,0.397,53.1,0.44,0.438,680,716,-0.464386,0.093575,H5N6,Avian
2261,A/goose/Fujian/10.26_FZHX0006-O/2017_H5N6|GCA_038982985.1,A/goose/Fujian/10.26_FZHX,0.298,0.2998,0.421,0.2899,0.189,-0.046,0.397,53.1,0.44,0.438,680,716,-0.464386,0.093575,H5N6,Avian
2262,A/goose/Fujian/10.26_FZHX0007-O/2017_H5N6|GCA_038987385.1,A/goose/Fujian/10.26_FZHX,0.298,0.2998,0.4229,0.2878,0.189,-0.049,0.396,52.82,0.438,0.438,680,716,-0.464386,0.093575,H5N6,Avian
2263,A/goose/Fujian/10.26_FZHX0008-C/2017_H5N6|GCA_038983005.1,A/goose/Fujian/10.26_FZHX,0.298,0.2998,0.421,0.2899,0.189,-0.046,0.397,53.1,0.44,0.438,680,716,-0.464386,0.093575,H5N6,Avian
2264,A/goose/Fujian/10.26_FZHX0014-O/2017_H5N6|GCA_038983025.1,A/goose/Fujian/10.26_FZHX,0.298,0.2998,0.4229,0.2878,0.189,-0.049,0.396,52.82,0.438,0.438,680,716,-0.464386,0.093575,H5N6,Avian
2265,A/goose/Fujian/11.3_FZHX1102-C/2016_H5N6|GCA_038920035.1,A/goose/Fujian/11.3_FZHX1,0.3052,0.2978,0.4198,0.2857,0.188,-0.062,0.388,52.72,0.435,0.438,678,716,-0.464386,0.093575,H5N6,Avian
2266,A/goose/Fujian/3.15_FZHX0001-O/2018_H5N6|GCA_039063525.1,A/goose/Fujian/3.15_FZHX0,0.3011,0.2992,0.4085,0.2951,0.181,-0.075,0.38,52.6,0.445,0.442,668,705,-0.470213,0.092199,H5N6,Avian
2267,A/goose/Fujian/3.15_FZHX0005-C/2018_H5N6|GCA_039064515.1,A/goose/Fujian/3.15_FZHX0,0.3011,0.2992,0.4066,0.2972,0.18,-0.075,0.38,52.8,0.446,0.443,668,705,-0.470213,0.092199,H5N6,Avian
2268,A/goose/Fujian/3.15_FZHX0007-C/2018_H5N6|GCA_039064535.1,A/goose/Fujian/3.15_FZHX0,0.3081,0.2949,0.4058,0.2945,0.181,-0.076,0.38,52.62,0.441,0.441,669,705,-0.467518,0.092199,H5N6,Avian
2269,A/goose/Fujian/3.15_FZHX0008-C/2018_H5N6|GCA_039063625.1,A/goose/Fujian/3.15_FZHX0,0.3047,0.2972,0.4122,0.2941,0.181,-0.076,0.381,52.77,0.441,0.44,678,716,-0.473883,0.093575,H5N6,Avian
2270,A/goose/Fujian/3.15_FZHX0010-O/2018_H5N6|GCA_039064635.1,A/goose/Fujian/3.15_FZHX0,0.3041,0.2985,0.4084,0.2962,0.181,-0.078,0.379,52.67,0.444,0.442,678,716,-0.471229,0.093575,H5N6,Avian
2271,A/goose/GuangDong/1189/2023_H5N1|GCA_041199045.1,A/goose/GuangDong/1189/20,0.3008,0.2838,0.4665,0.2579,0.184,-0.056,0.392,51.99,0.404,0.429,678,716,-0.490782,0.094972,H5N1,Avian
2272,A/goose/Guangdong/7.20_DGCP010-C/2017_H5N6|GCA_039015605.1,A/goose/Guangdong/7.20_DG,0.3041,0.3004,0.4054,0.2989,0.182,-0.073,0.382,52.76,0.447,0.442,678,716,-0.475,0.093575,H5N6,Avian
2273,A/goose/Guangdong/72/2004_H5N1|GCA_038225495.1,A/goose/Guangdong/72/2004,0.2989,0.3045,0.4034,0.2981,0.2,-0.048,0.398,53.75,0.451,0.449,678,716,-0.469134,0.093575,H5N1,Avian
2274,A/goose/Guangdong/QY01/2016_H5N6|GCA_038915705.1,A/goose/Guangdong/QY01/20,0.2998,0.3035,0.4095,0.292,0.182,-0.065,0.386,52.82,0.445,0.443,678,716,-0.459078,0.093575,H5N6,Avian
2275,A/goose/Guangdong/k0103/2010_H5N5|GCA_038579115.1,A/goose/Guangdong/k0103/2,0.3026,0.3026,0.434,0.2704,0.194,-0.052,0.395,53.07,0.428,0.435,678,716,-0.494832,0.094972,Others,Avian
2276,A/goose/Guangdong/s13124/2013_H5N8|GCA_038705655.1,A/goose/Guangdong/s13124/,0.3165,0.2846,0.4457,0.26,0.194,-0.054,0.393,52.44,0.406,0.428,679,716,-0.480866,0.094972,H5N8,Avian
2277,A/goose/Hebei/HG12/2021_H5N8|GCA_039229515.1,A/goose/Hebei/HG12/2021_H,0.2914,0.3083,0.4202,0.2896,0.195,-0.038,0.402,53.8,0.446,0.445,679,716,-0.480587,0.093575,H5N8,Avian
2278,A/goose/Henan/01.01_LYGL001-O/2017_H5N6|GCA_038941375.1,A/goose/Henan/01.01_LYGL0,0.3034,0.2996,0.4237,0.2815,0.188,-0.055,0.392,53.06,0.434,0.438,678,716,-0.463268,0.093575,H5N6,Avian
2279,A/goose/Hong_Kong/23/1978_H5N3|GCA_037928935.1,A/goose/Hong_Kong/23/1978,0.293,0.3157,0.3878,0.3201,0.204,-0.025,0.409,53.52,0.471,0.449,679,716,-0.48352,0.093575,Others,Avian
2280,A/goose/Hubei/65/2005_H5N1|GCA_038247805.1,A/goose/Hubei/65/2005_H5N,0.2898,0.3125,0.4381,0.2731,0.199,-0.028,0.409,53.23,0.435,0.436,678,716,-0.47905,0.093575,H5N1,Avian
2281,A/goose/Inner_Mongolia/IM-192/2014_H5N1|GCA_038752275.1,A/goose/Inner_Mongolia/IM,0.2881,0.3145,0.4259,0.283,0.197,-0.023,0.411,52.5,0.445,0.441,679,716,-0.468994,0.092179,H5N1,Avian
2282,A/goose/Jiangsu/QD5/2014_H5N8|GCA_038723245.1,A/goose/Jiangsu/QD5/2014_,0.3127,0.2884,0.4419,0.263,0.193,-0.064,0.387,52,0.412,0.431,679,716,-0.481704,0.094972,H5N8,Avian
2283,A/goose/Jiangsu/k0403/2010_H5N1|GCA_038580855.1,A/goose/Jiangsu/k0403/201,0.2792,0.3208,0.4354,0.2773,0.198,-0.022,0.412,52.42,0.445,0.439,679,716,-0.475419,0.093575,H5N1,Avian
2284,A/goose/Pingtung/15010007-4/2015_H5N2|GCA_038767775.1,A/goose/Pingtung/15010007,0.2669,0.3365,0.4144,0.2947,0.193,-0.035,0.405,52.86,0.47,0.448,679,716,-0.464665,0.094972,H5N2,Avian
2285,A/goose/Pingtung/15010037-1/2015_H5N2|GCA_038769025.1,A/goose/Pingtung/15010037,0.2669,0.3365,0.4125,0.2968,0.193,-0.038,0.404,52.87,0.471,0.449,679,716,-0.464665,0.094972,H5N2,Avian
2286,A/goose/Pingtung/15050014/2015_H5N8|GCA_038779905.1,A/goose/Pingtung/15050014,0.3133,0.2927,0.4283,0.2752,0.19,-0.064,0.388,53.11,0.423,0.428,678,716,-0.493994,0.094972,H5N8,Avian
2287,A/goose/Pingtung/16010061/2016_H5N8|GCA_038813835.1,A/goose/Pingtung/16010061,0.3152,0.2889,0.4321,0.2731,0.187,-0.074,0.382,52.76,0.419,0.427,678,716,-0.493994,0.094972,H5N8,Avian
2288,A/goose/Shantou/1763/2014_H5N6|GCA_038724575.1,A/goose/Shantou/1763/2014,0.3015,0.2996,0.4218,0.2857,0.186,-0.068,0.385,52.56,0.437,0.439,678,716,-0.467179,0.093575,H5N6,Avian
2289,A/goose/Tainan/16040018-1/2016_H5N8|GCA_038847575.1,A/goose/Tainan/16040018-1,0.3189,0.2833,0.4321,0.2752,0.188,-0.072,0.383,52.77,0.416,0.426,678,716,-0.493994,0.094972,H5N8,Avian
2290,A/goose/Tainan/16070002/2016_H5N8|GCA_038857185.1,A/goose/Tainan/16070002/2,0.3227,0.2795,0.434,0.2731,0.187,-0.074,0.382,52.68,0.412,0.425,678,716,-0.493994,0.094972,H5N8,Avian
2291,A/goose/Tainan/17030022-1/2017_H5N2|GCA_038959535.1,A/goose/Tainan/17030022-1,0.2731,0.3315,0.4106,0.2996,0.198,-0.018,0.415,53.34,0.468,0.446,679,716,-0.466899,0.094972,H5N2,Avian
2292,A/goose/Tainan/17030024-1/2017_H5N2|GCA_038959415.1,A/goose/Tainan/17030024-1,0.275,0.3315,0.4183,0.2869,0.193,-0.034,0.406,52.71,0.46,0.446,678,716,-0.466061,0.093575,H5N2,Avian
2293,A/goose/Tainan/18010022-1/2018_H5N2|GCA_039040535.1,A/goose/Tainan/18010022-1,0.2726,0.3271,0.4087,0.3053,0.191,-0.038,0.404,53.09,0.47,0.449,679,716,-0.464106,0.094972,H5N2,Avian
2294,A/goose/Tainan/18050014-1/2018_H5N2|GCA_039074285.1,A/goose/Tainan/18050014-1,0.2669,0.3365,0.4163,0.2954,0.196,-0.019,0.415,52.41,0.469,0.447,680,716,-0.47905,0.094972,H5N2,Avian
2295,A/goose/Taiwan/01019/2015_H5N8|GCA_038768275.1,A/goose/Taiwan/01019/2015,0.3133,0.2927,0.4245,0.2794,0.189,-0.073,0.382,53.12,0.426,0.43,678,716,-0.481005,0.096369,H5N8,Avian
2296,A/goose/Taiwan/01022/2015_H5N2|GCA_038768375.1,A/goose/Taiwan/01022/2015,0.2664,0.3358,0.4163,0.2926,0.193,-0.03,0.408,52.56,0.468,0.448,679,716,-0.460335,0.094972,H5N2,Avian
2297,A/goose/Taiwan/01023/2015_H5N2|GCA_038769125.1,A/goose/Taiwan/01023/2015,0.2669,0.3346,0.4144,0.2962,0.195,-0.036,0.405,52.86,0.47,0.449,679,716,-0.475279,0.094972,H5N2,Avian
2298,A/goose/Taiwan/01031/2015_H5N2|GCA_038769145.1,A/goose/Taiwan/01031/2015,0.2669,0.3365,0.4152,0.2954,0.194,-0.036,0.405,52.96,0.47,0.448,679,716,-0.474441,0.094972,H5N2,Avian
2299,A/goose/Taiwan/01038/2015_H5N3|GCA_038768415.1,A/goose/Taiwan/01038/2015,0.3127,0.2921,0.4256,0.2767,0.188,-0.072,0.383,53.19,0.425,0.431,678,716,-0.491201,0.093575,Others,Avian
2300,A/goose/Taiwan/01039/2015_H5N8|GCA_038769165.1,A/goose/Taiwan/01039/2015,0.3133,0.2927,0.4275,0.2746,0.19,-0.064,0.388,52.81,0.423,0.429,678,716,-0.495531,0.093575,H5N8,Avian
2301,A/goose/Taiwan/01040/2015_H5N2|GCA_038768435.1,A/goose/Taiwan/01040/2015,0.2645,0.3377,0.4152,0.2947,0.193,-0.035,0.405,52.62,0.471,0.45,679,716,-0.476117,0.094972,H5N2,Avian
2302,A/goose/Taiwan/TNC1/2015_H5N8|GCA_038769095.1,A/goose/Taiwan/TNC1/2015_,0.3171,0.2889,0.4264,0.2773,0.189,-0.072,0.383,53.08,0.422,0.428,678,716,-0.490503,0.094972,H5N8,Avian
2303,A/goose/Taiwan/TNC10/2015_H5N8|GCA_038769835.1,A/goose/Taiwan/TNC10/2015,0.3171,0.2889,0.4264,0.2773,0.189,-0.072,0.383,53.08,0.422,0.428,678,716,-0.490503,0.094972,H5N8,Avian
2304,A/goose/Taiwan/TNC11/2015_H5N8|GCA_038769115.1,A/goose/Taiwan/TNC11/2015,0.3133,0.2927,0.4264,0.2773,0.19,-0.066,0.386,53.09,0.425,0.429,678,716,-0.490503,0.094972,H5N8,Avian
2305,A/goose/Taiwan/TNC12/2015_H5N8|GCA_038769855.1,A/goose/Taiwan/TNC12/2015,0.3171,0.2889,0.4264,0.2773,0.189,-0.072,0.383,53.08,0.422,0.428,678,716,-0.490503,0.094972,H5N8,Avian
2306,A/goose/Taiwan/TNC14/2015_H5N8|GCA_038769875.1,A/goose/Taiwan/TNC14/2015,0.3171,0.2889,0.4264,0.2773,0.189,-0.072,0.383,53.08,0.422,0.428,678,716,-0.490503,0.094972,H5N8,Avian
2307,A/goose/Taiwan/TNC3/2015_H5N8|GCA_038769895.1,A/goose/Taiwan/TNC3/2015_,0.3152,0.2908,0.4264,0.2773,0.19,-0.069,0.385,53.14,0.423,0.429,678,716,-0.490503,0.094972,H5N8,Avian
2308,A/goose/Taiwan/TNC7/2015_H5N8|GCA_038769935.1,A/goose/Taiwan/TNC7/2015_,0.3171,0.2889,0.4264,0.2773,0.189,-0.072,0.383,53.08,0.422,0.428,678,716,-0.490503,0.094972,H5N8,Avian
2309,A/goose/Taiwan/TNC9/2015_H5N8|GCA_038769955.1,A/goose/Taiwan/TNC9/2015_,0.3152,0.2908,0.4264,0.2773,0.19,-0.069,0.385,53.14,0.423,0.429,678,716,-0.490503,0.094972,H5N8,Avian
2310,A/goose/Taiwan/TNO15/2015_H5N8|GCA_038769295.1,A/goose/Taiwan/TNO15/2015,0.3133,0.2927,0.4256,0.2767,0.189,-0.066,0.386,52.99,0.425,0.43,678,716,-0.489106,0.093575,H5N8,Avian
2311,A/goose/Taiwan/TNO3/2015_H5N8|GCA_038770095.1,A/goose/Taiwan/TNO3/2015_,0.3133,0.2927,0.4245,0.2794,0.19,-0.066,0.386,53.19,0.426,0.43,678,716,-0.490503,0.094972,H5N8,Avian
2312,A/goose/Taiwan/TNO9/2015_H5N8|GCA_038770215.1,A/goose/Taiwan/TNO9/2015_,0.3133,0.2927,0.4264,0.2773,0.19,-0.066,0.386,53.09,0.425,0.429,678,716,-0.490503,0.094972,H5N8,Avian
2313,A/goose/Taoyuan/15010041/2015_H5N8|GCA_038769185.1,A/goose/Taoyuan/15010041/,0.3152,0.2908,0.4302,0.2731,0.188,-0.072,0.383,53.14,0.42,0.428,678,716,-0.490503,0.094972,H5N8,Avian
2314,A/goose/Taoyuan/18120002-2/2018_H5N2|GCA_039107915.1,A/goose/Taoyuan/18120002-,0.2879,0.3163,0.4087,0.3019,0.199,-0.033,0.406,54.49,0.459,0.445,678,716,-0.459358,0.094972,H5N2,Avian
2315,A/goose/Xinjiang/12.18_WLMQXL001-C/2016_H5N6|GCA_054191515.1,A/goose/Xinjiang/12.18_WL,0.309,0.294,0.416,0.2905,0.18,-0.084,0.376,53.52,0.435,0.438,678,716,-0.464944,0.093575,H5N6,Avian
2316,A/goose/Xinjiang/12.18_WLMQXL002-O/2016_H5N6|GCA_038933505.1,A/goose/Xinjiang/12.18_WL,0.309,0.294,0.416,0.2905,0.18,-0.084,0.376,53.52,0.435,0.438,678,716,-0.464944,0.093575,H5N6,Avian
2317,A/goose/Xinjiang/12.18_WLMQXL003-C/2016_H5N8|GCA_038933575.1,A/goose/Xinjiang/12.18_WL,0.279,0.3109,0.419,0.3046,0.194,-0.039,0.401,54.13,0.457,0.446,680,716,-0.469134,0.093575,H5N8,Avian
2318,A/goose/Xinjiang/12.18_WLMQXL003-O/2016_H5N8|GCA_038933525.1,A/goose/Xinjiang/12.18_WL,0.2777,0.3114,0.4183,0.3061,0.194,-0.039,0.401,54.15,0.459,0.446,680,716,-0.469134,0.093575,H5N8,Avian
2319,A/goose/Xinjiang/12.18_WLMQXL004-C/2016_H5N8|GCA_038933595.1,A/goose/Xinjiang/12.18_WL,0.2777,0.3114,0.4183,0.3061,0.194,-0.039,0.401,54.15,0.459,0.446,680,716,-0.469134,0.093575,H5N8,Avian
2320,A/goose/Xinjiang/12.18_WLMQXL004-O/2016_H5N8|GCA_038933545.1,A/goose/Xinjiang/12.18_WL,0.2777,0.3114,0.4183,0.3061,0.194,-0.039,0.401,54.15,0.459,0.446,680,716,-0.469134,0.093575,H5N8,Avian
2321,A/goose/Yangzhou/0420/2014_H5N8|GCA_038733295.1,A/goose/Yangzhou/0420/201,0.3146,0.294,0.4389,0.2594,0.196,-0.049,0.396,52.55,0.414,0.431,679,716,-0.486173,0.094972,H5N8,Avian
2322,A/goose/Yangzhou/YZ587/2016_H5N6|GCA_038851595.1,A/goose/Yangzhou/YZ587/20,0.3009,0.2972,0.4237,0.2857,0.184,-0.063,0.388,52.81,0.435,0.439,678,716,-0.470391,0.093575,H5N6,Avian
2323,A/goose/Yunlin/15010005/2015_H5N2|GCA_038768625.1,A/goose/Yunlin/15010005/2,0.2669,0.3365,0.4171,0.2932,0.194,-0.033,0.406,52.87,0.468,0.447,679,716,-0.468436,0.094972,H5N2,Avian
2324,A/goose/Yunlin/15010009-1/2015_H5N2|GCA_038768135.1,A/goose/Yunlin/15010009-1,0.2669,0.3365,0.4152,0.2954,0.194,-0.035,0.405,52.89,0.47,0.448,679,716,-0.468436,0.094972,H5N2,Avian
2325,A/goose/Yunlin/15010010-2/2015_H5N2|GCA_038768885.1,A/goose/Yunlin/15010010-2,0.2669,0.3365,0.4152,0.2954,0.194,-0.035,0.405,52.89,0.47,0.448,679,716,-0.468436,0.094972,H5N2,Avian
2326,A/goose/Yunlin/15010011-1/2015_H5N2|GCA_038768155.1,A/goose/Yunlin/15010011-1,0.2669,0.3365,0.4152,0.2954,0.194,-0.035,0.405,52.89,0.47,0.448,679,716,-0.468436,0.094972,H5N2,Avian
2327,A/goose/Yunlin/15010029-1/2015_H5N2|GCA_038768295.1,A/goose/Yunlin/15010029-1,0.2669,0.3365,0.4152,0.2954,0.194,-0.035,0.405,52.89,0.47,0.448,679,716,-0.468436,0.094972,H5N2,Avian
2328,A/goose/Yunlin/15040040/2015_H5N8|GCA_038779735.1,A/goose/Yunlin/15040040/2,0.3109,0.294,0.4264,0.2773,0.188,-0.071,0.383,53,0.426,0.43,678,716,-0.491341,0.094972,H5N8,Avian
2329,A/goose/Yunlin/16020008-4/2016_H5N2|GCA_038817505.1,A/goose/Yunlin/16020008-4,0.2693,0.3333,0.4221,0.2878,0.191,-0.038,0.404,52.98,0.462,0.446,679,716,-0.464246,0.094972,H5N2,Avian
2330,A/goose/Yunlin/16020011-1/2016_H5N2|GCA_038818795.1,A/goose/Yunlin/16020011-1,0.2712,0.3315,0.4248,0.2857,0.193,-0.035,0.405,53.24,0.459,0.445,679,716,-0.468436,0.094972,H5N2,Avian
2331,A/goose/Yunlin/16040002-2/2016_H5N2|GCA_038838985.1,A/goose/Yunlin/16040002-2,0.2674,0.3333,0.424,0.2878,0.191,-0.039,0.404,53.11,0.462,0.446,679,716,-0.467598,0.094972,H5N2,Avian
2332,A/goose/Yunlin/17100005/2017_H5N2|GCA_038983105.1,A/goose/Yunlin/17100005/2,0.2688,0.3327,0.4183,0.2932,0.195,-0.028,0.409,52.76,0.465,0.446,679,716,-0.464246,0.094972,H5N2,Avian
2333,A/goose/Yunlin/18030020-2/2018_H5N2|GCA_039068475.1,A/goose/Yunlin/18030020-2,0.2744,0.3252,0.4307,0.28,0.198,-0.013,0.418,52.24,0.451,0.442,679,716,-0.460475,0.094972,H5N2,Avian
2334,A/goose/Yunlin/18030020-3/2018_H5N2|GCA_039067995.1,A/goose/Yunlin/18030020-3,0.2744,0.3252,0.4307,0.28,0.198,-0.013,0.418,52.24,0.451,0.442,679,716,-0.460475,0.094972,H5N2,Avian
2335,A/goose/Yunlin/18040002-3/2018_H5N2|GCA_039068415.1,A/goose/Yunlin/18040002-3,0.2744,0.3252,0.4106,0.3038,0.195,-0.031,0.408,53.12,0.467,0.447,679,716,-0.463687,0.094972,H5N2,Avian
2336,A/goose/Yunlin/18040018-2/2018_H5N2|GCA_039071675.1,A/goose/Yunlin/18040018-2,0.2669,0.3346,0.4133,0.3002,0.194,-0.025,0.411,52.54,0.471,0.448,679,716,-0.468017,0.094972,H5N2,Avian
2337,A/goose/Yunlin/18090002-3/2018_H5N2|GCA_039083785.1,A/goose/Yunlin/18090002-3,0.2688,0.3308,0.4171,0.2981,0.192,-0.033,0.406,52.85,0.467,0.446,679,716,-0.468017,0.094972,H5N2,Avian
2338,A/goose/Yunlin/18090006-1/2018_H5N2|GCA_039086885.1,A/goose/Yunlin/18090006-1,0.29,0.3107,0.4221,0.2887,0.199,-0.031,0.406,52.26,0.446,0.441,679,716,-0.467458,0.094972,H5N2,Avian
2339,A/goose/Yunlin/18110002-3/2018_H5N2|GCA_039099465.1,A/goose/Yunlin/18110002-3,0.2879,0.3163,0.4068,0.3033,0.198,-0.035,0.404,54.6,0.46,0.446,678,716,-0.46676,0.094972,H5N2,Avian
2340,A/goose/Yunnan/3798/2006_H5N1|GCA_038265685.1,A/goose/Yunnan/3798/2006_,0.2987,0.3006,0.4516,0.2568,0.193,-0.04,0.401,51.7,0.416,0.431,678,716,-0.467458,0.093575,H5N1,Avian
2341,A/goose/Yunnan/4371/2006_H5N1|GCA_038265265.1,A/goose/Yunnan/4371/2006_,0.293,0.3062,0.444,0.2657,0.196,-0.033,0.406,52.02,0.426,0.435,678,716,-0.472207,0.093575,H5N1,Avian
2342,A/goose/Yunnan/4389/2006_H5N1|GCA_038265705.1,A/goose/Yunnan/4389/2006_,0.293,0.3062,0.444,0.2657,0.196,-0.033,0.406,52.02,0.426,0.435,678,716,-0.472207,0.093575,H5N1,Avian
2343,A/goose/Yunnan/4985/2006_H5N1|GCA_038265285.1,A/goose/Yunnan/4985/2006_,0.2943,0.3057,0.4449,0.2642,0.195,-0.03,0.407,52.24,0.425,0.434,678,716,-0.468296,0.093575,H5N1,Avian
2344,A/goose/Yunnan/5141/2006_H5N1|GCA_038265725.1,A/goose/Yunnan/5141/2006_,0.2911,0.3081,0.4525,0.2579,0.195,-0.038,0.403,51.63,0.422,0.432,678,716,-0.473743,0.093575,H5N1,Avian
2345,A/goose/Yunnan/5769/2006_H5N1|GCA_038265325.1,A/goose/Yunnan/5769/2006_,0.2906,0.3094,0.4419,0.27,0.195,-0.025,0.41,52.83,0.431,0.435,678,716,-0.479888,0.093575,H5N1,Avian
2346,A/goose/Yunnan/5979/2006_H5N1|GCA_038265765.1,A/goose/Yunnan/5979/2006_,0.2906,0.3094,0.4438,0.2679,0.195,-0.028,0.409,52.64,0.429,0.434,678,716,-0.479888,0.093575,H5N1,Avian
2347,A/goose/Yunnan/6193/2006_H5N1|GCA_038265345.1,A/goose/Yunnan/6193/2006_,0.293,0.3081,0.4449,0.2647,0.195,-0.033,0.406,52.06,0.426,0.434,678,716,-0.475559,0.093575,H5N1,Avian
2348,A/goose/Zhejiang/1120132/2014_H5N6|GCA_038756335.1,A/goose/Zhejiang/1120132/,0.303,0.303,0.4297,0.2741,0.191,-0.055,0.393,53.12,0.43,0.437,677,716,-0.467737,0.093575,H5N6,Avian
2349,A/goose/Zhejiang/112071/2014_H5N1|GCA_038757565.1,A/goose/Zhejiang/112071/2,0.2951,0.2989,0.4516,0.2594,0.182,-0.058,0.391,51.65,0.417,0.433,678,716,-0.473184,0.093575,H5N1,Avian
2350,A/goose/Zhejiang/112080/2014_H5N6|GCA_038756355.1,A/goose/Zhejiang/112080/2,0.3062,0.2987,0.4324,0.2725,0.187,-0.061,0.39,53.4,0.425,0.435,677,716,-0.466481,0.093575,H5N6,Avian
2351,A/goose/Zhejiang/727092/2014_H5N6|GCA_038741415.1,A/goose/Zhejiang/727092/2,0.3071,0.2978,0.4198,0.2842,0.187,-0.066,0.386,52.98,0.434,0.438,678,716,-0.468576,0.093575,H5N6,Avian
2352,A/goose/Zhejiang/727098/2014_H5N1|GCA_038740265.1,A/goose/Zhejiang/727098/2,0.2932,0.3026,0.4476,0.2647,0.184,-0.062,0.389,51.11,0.423,0.433,678,716,-0.490503,0.094972,H5N1,Avian
2353,A/goose/Zhejiang/727110/2014_H5N6|GCA_038741455.1,A/goose/Zhejiang/727110/2,0.3052,0.2996,0.4226,0.2827,0.186,-0.066,0.386,53,0.434,0.437,678,716,-0.467458,0.093575,H5N6,Avian
2354,A/goose/Zhejiang/77166/2014_H5N2|GCA_038738375.1,A/goose/Zhejiang/77166/20,0.2951,0.3083,0.4392,0.2642,0.188,-0.048,0.397,52.01,0.428,0.435,678,716,-0.469134,0.093575,H5N2,Avian
2355,A/goose/Zhejiang/77167/2014_H5N2|GCA_038739515.1,A/goose/Zhejiang/77167/20,0.2946,0.3039,0.443,0.2642,0.19,-0.044,0.4,51.88,0.425,0.434,678,716,-0.469833,0.092179,H5N2,Avian
2356,A/goose/Zhejiang/77168/2014_H5N2|GCA_038738415.1,A/goose/Zhejiang/77168/20,0.2946,0.3039,0.443,0.2642,0.19,-0.044,0.4,51.88,0.425,0.434,678,716,-0.469833,0.092179,H5N2,Avian
2357,A/goose/Zhejiang/925036/2014_H5N6|GCA_038747225.1,A/goose/Zhejiang/925036/2,0.3028,0.2972,0.4229,0.2851,0.188,-0.063,0.387,52.82,0.434,0.439,679,716,-0.451257,0.093575,H5N6,Avian
2358,A/goose/Zhejiang/925037/2014_H5N8|GCA_038748485.1,A/goose/Zhejiang/925037/2,0.2946,0.3077,0.4389,0.2695,0.197,-0.025,0.409,51.34,0.43,0.439,679,716,-0.490223,0.096369,H5N8,Avian
2359,A/goose/Zhejiang/925104/2014_H5N8|GCA_038747265.1,A/goose/Zhejiang/925104/2,0.3139,0.2932,0.4359,0.2657,0.196,-0.047,0.397,52.57,0.417,0.432,678,716,-0.490782,0.096369,H5N8,Avian
2360,A/goose/Zhejiang/925105/2014_H5N6|GCA_038748505.1,A/goose/Zhejiang/925105/2,0.3025,0.3006,0.4307,0.2762,0.19,-0.049,0.397,53,0.429,0.436,678,716,-0.460475,0.093575,H5N6,Avian
2361,A/goose/Zhejiang/925106/2014_H5N6|GCA_038747325.1,A/goose/Zhejiang/925106/2,0.3146,0.2921,0.4313,0.2693,0.195,-0.048,0.396,52.56,0.42,0.432,679,716,-0.489665,0.094972,H5N6,Avian
2362,A/goose/Zhejiang/925108/2014_H5N6|GCA_038748545.1,A/goose/Zhejiang/925108/2,0.3025,0.3006,0.4307,0.2762,0.19,-0.049,0.397,53,0.429,0.436,678,716,-0.460475,0.093575,H5N6,Avian
2363,A/great_black-headed_gull/Qinghai/8/2009_H5N1|GCA_038534835.1,A/great_black-headed_gull,0.2779,0.3195,0.4373,0.2788,0.202,-0.003,0.423,52.19,0.445,0.439,679,716,-0.476117,0.092179,H5N1,Avian
2364,A/great_crested-grebe/Qinghai/1/2009_H5N1|GCA_038525135.1,A/great_crested-grebe/Qin,0.2779,0.3214,0.4438,0.2689,0.204,0.003,0.426,51.3,0.44,0.439,678,716,-0.47067,0.093575,H5N1,Avian
2365,A/great_egret/Hong_Kong/807/2008_H5N1|GCA_038475285.1,A/great_egret/Hong_Kong/8,0.2925,0.3057,0.4506,0.26,0.192,-0.04,0.401,52.09,0.422,0.432,678,716,-0.484777,0.093575,H5N1,Avian
2366,A/great_tit/Panjing/PJ-66/2013_H5N1|GCA_038701375.1,A/great_tit/Panjing/PJ-66,0.2679,0.3396,0.44,0.2668,0.212,0.042,0.449,54.07,0.451,0.441,680,716,-0.498324,0.093575,H5N1,Avian
2367,A/green-winged_teal/Xianghai/430/2011_H5N2|GCA_038623855.1,A/green-winged_teal/Xiang,0.2887,0.3208,0.4023,0.3013,0.203,-0.013,0.417,53.65,0.462,0.446,679,716,-0.472765,0.093575,H5N2,Avian
2368,A/grey_heron/Hong_Kong/1046/2008_H5N1|GCA_038474245.1,A/grey_heron/Hong_Kong/10,0.2943,0.3038,0.4497,0.2594,0.192,-0.041,0.401,51.77,0.42,0.432,678,716,-0.479888,0.093575,H5N1,Avian
2369,A/grey_heron/Hong_Kong/3088/2007_H5N1|GCA_038453515.1,A/grey_heron/Hong_Kong/30,0.2911,0.3081,0.4506,0.26,0.194,-0.036,0.404,51.86,0.423,0.432,678,716,-0.482821,0.093575,H5N1,Avian
2370,A/heron/Kaohsiung/15WB3284-1-5/2015_H5N3|GCA_040483535.1,A/heron/Kaohsiung/15WB328,0.2768,0.3202,0.424,0.292,0.193,-0.041,0.401,53.78,0.455,0.444,679,716,-0.464804,0.093575,Others,Avian
2371,A/heron/Yilan/17DB0001/2017_H5N2|GCA_038944005.1,A/heron/Yilan/17DB0001/20,0.2688,0.3346,0.4137,0.2947,0.198,-0.015,0.417,53.14,0.468,0.448,679,716,-0.473464,0.094972,H5N2,Avian
2372,A/hill_myna/Heilongjiang/0704/2012_H5N1|GCA_038650565.1,A/hill_myna/Heilongjiang/,0.29,0.3051,0.4516,0.2594,0.186,-0.051,0.395,51.94,0.422,0.433,678,716,-0.483659,0.093575,H5N1,Avian
2373,A/lesser_kestrel/Heilongjiang/194/2007_H5N1|GCA_038455555.1,A/lesser_kestrel/Heilongj,0.29,0.307,0.4354,0.2794,0.192,-0.042,0.401,52.93,0.436,0.437,679,716,-0.478212,0.093575,H5N1,Avian
2374,A/lion/Hubei/1-2/2016_H5N1|GCA_038843765.1,A/lion/Hubei/1-2/2016_H5N,0.2809,0.3052,0.4367,0.2854,0.193,-0.026,0.41,53.07,0.441,0.439,681,716,-0.465643,0.093575,H5N1,Nonhuman Mammal
2375,A/little_egret/Hong_Kong/8550/2007_H5N1|GCA_038453555.1,A/little_egret/Hong_Kong/,0.293,0.3081,0.4506,0.2573,0.198,-0.037,0.404,51.14,0.422,0.433,678,716,-0.485475,0.093575,H5N1,Avian
2376,A/little_grebe/Xianghai/429/2011_H5N2|GCA_038624125.1,A/little_grebe/Xianghai/4,0.2911,0.3176,0.4042,0.3013,0.204,-0.014,0.417,53.95,0.459,0.445,679,716,-0.483519,0.093575,H5N2,Avian
2377,A/magpie_robin/Hong_Kong/1097/2008_H5N1|GCA_038475305.1,A/magpie_robin/Hong_Kong/,0.2949,0.3043,0.4487,0.2621,0.193,-0.047,0.398,51.55,0.422,0.432,678,716,-0.482263,0.093575,H5N1,Avian
2378,A/magpie_robin/Hong_Kong/1897/2008_H5N1|GCA_038474285.1,A/magpie_robin/Hong_Kong/,0.2949,0.3043,0.4487,0.2621,0.193,-0.047,0.398,51.55,0.422,0.432,678,716,-0.482263,0.093575,H5N1,Avian
2379,A/mallard/Shanghai/SH-9/2013_H5N8|GCA_038703435.1,A/mallard/Shanghai/SH-9/2,0.3165,0.2884,0.4362,0.2651,0.195,-0.056,0.392,52.29,0.414,0.432,679,716,-0.478212,0.094972,H5N8,Avian
2380,A/meerkat/Shanghai/SH-1/2012_H5N1|GCA_038646905.1,A/meerkat/Shanghai/SH-1/2,0.2938,0.3013,0.4421,0.2699,0.187,-0.048,0.397,52.25,0.426,0.435,678,716,-0.481006,0.092179,H5N1,Avian
2381,A/migratory_waterfowl/Hubei/Chenhu1306/2014_H5N6|GCA_038721775.1,A/migratory_waterfowl/Hub,0.2957,0.3051,0.4288,0.2782,0.189,-0.051,0.395,52.96,0.435,0.438,678,716,-0.469134,0.093575,H5N6,Avian
2382,A/migratory_waterfowl/Hubei/Chenhu1347/2014_H5N6|GCA_038723085.1,A/migratory_waterfowl/Hub,0.2957,0.3051,0.4288,0.2782,0.189,-0.051,0.395,52.96,0.435,0.438,678,716,-0.469134,0.093575,H5N6,Avian
2383,A/mink/China/181/2019_H5N6|GCA_039171935.1,A/mink/China/181/2019_H5N,0.2985,0.306,0.408,0.2929,0.182,-0.069,0.384,52.86,0.448,0.443,679,716,-0.455587,0.093575,H5N6,Nonhuman Mammal
2384,A/mink/China/183/2019_H5N6|GCA_039172665.1,A/mink/China/183/2019_H5N,0.3047,0.2991,0.4046,0.3032,0.184,-0.078,0.38,52.14,0.448,0.442,679,716,-0.467318,0.094972,H5N6,Nonhuman Mammal
2385,A/mink/China/191/2019_H5N6|GCA_039172745.1,A/mink/China/191/2019_H5N,0.306,0.2966,0.403,0.3013,0.184,-0.076,0.38,52.18,0.446,0.443,679,716,-0.454609,0.093575,H5N6,Nonhuman Mammal
2386,A/mink/China/456/2018_H5N6|GCA_039069545.1,A/mink/China/456/2018_H5N,0.2841,0.3201,0.4064,0.3021,0.201,-0.014,0.417,54.67,0.462,0.446,679,716,-0.477374,0.092179,H5N6,Nonhuman Mammal
2387,A/mink/China/G/2015_H5N1|GCA_038785215.1,A/mink/China/G/2015_H5N1|,0.2976,0.2976,0.4516,0.2583,0.193,-0.037,0.403,51.88,0.416,0.433,678,716,-0.469972,0.093575,H5N1,Nonhuman Mammal
2388,A/mink/China/XB/2015_H5N1|GCA_038783695.1,A/mink/China/XB/2015_H5N1,0.2763,0.312,0.4275,0.2925,0.193,-0.025,0.41,53.27,0.451,0.442,681,716,-0.465503,0.092179,H5N1,Nonhuman Mammal
2389,A/mink/Eastern_China/006/2018_H5N6|GCA_039007265.1,A/mink/Eastern_China/006/,0.2801,0.3102,0.4335,0.2893,0.196,-0.037,0.403,53.84,0.446,0.441,680,716,-0.468296,0.093575,H5N6,Nonhuman Mammal
2390,A/mink/Eastern_China/0712/2018_H5N1|GCA_039080085.1,A/mink/Eastern_China/0712,0.3251,0.2833,0.4408,0.2653,0.183,-0.067,0.386,53.36,0.406,0.426,677,716,-0.471788,0.093575,H5N1,Nonhuman Mammal
2391,A/mink/Eastern_China/149/2018_H5N6|GCA_039055455.1,A/mink/Eastern_China/149/,0.3058,0.3039,0.4092,0.2926,0.186,-0.061,0.389,52.79,0.444,0.439,678,716,-0.478352,0.093575,H5N6,Nonhuman Mammal
2392,A/mink/Eastern_China/528/2018_H5N6|GCA_039076985.1,A/mink/Eastern_China/528/,0.2801,0.312,0.4335,0.2878,0.197,-0.037,0.403,53.74,0.446,0.441,680,716,-0.467877,0.093575,H5N6,Nonhuman Mammal
2393,A/mink/Eastern_China/571/2018_H5N6|GCA_039077255.1,A/mink/Eastern_China/571/,0.3022,0.3004,0.4114,0.2941,0.18,-0.074,0.381,52.65,0.443,0.441,679,716,-0.46676,0.093575,H5N6,Nonhuman Mammal
2394,A/mink/Northern_China/110/2018_H5N6|GCA_039040235.1,A/mink/Northern_China/110,0.2892,0.3233,0.4345,0.2615,0.217,0.031,0.442,52.58,0.437,0.439,678,716,-0.476117,0.093575,H5N6,Nonhuman Mammal
2395,A/night_heron/Taiwan/A289/2015_H5N2|GCA_038770475.1,A/night_heron/Taiwan/A289,0.2669,0.3365,0.4152,0.2954,0.194,-0.035,0.405,52.89,0.47,0.448,679,716,-0.468436,0.094972,H5N2,Avian
2396,A/oriental_magpie_robin/HK/6154/2015_H5N6|GCA_038779405.1,A/oriental_magpie_robin/H,0.2777,0.3227,0.4571,0.251,0.208,0.028,0.44,53.47,0.429,0.437,680,716,-0.482402,0.093575,H5N6,Avian
2397,A/ostrich/Suzhou/097/2003_H5N1|GCA_038212365.1,A/ostrich/Suzhou/097/2003,0.3011,0.3068,0.4125,0.295,0.205,-0.021,0.414,53.4,0.446,0.44,679,716,-0.488827,0.094972,H5N1,Avian
2398,A/parrot/Guangdong/258/2004_H5N2|GCA_038245025.1,A/parrot/Guangdong/258/20,0.3226,0.2792,0.4053,0.3075,0.201,-0.035,0.404,53.45,0.434,0.439,680,716,-0.468855,0.093575,H5N2,Avian
2399,A/parrot/Guangdong/C99/2005_H5N1|GCA_038255625.1,A/parrot/Guangdong/C99/20,0.3019,0.3075,0.4118,0.2896,0.203,-0.033,0.406,53.39,0.445,0.442,679,716,-0.473324,0.094972,H5N1,Avian
2400,A/partridge/Shantou/2886/2003_H5N1|GCA_038207105.1,A/partridge/Shantou/2886/,0.2798,0.327,0.4194,0.286,0.207,-0.002,0.424,52.36,0.457,0.443,679,716,-0.483101,0.093575,H5N1,Avian
2401,A/peacock/Yunnan/1/2015_H5N1|GCA_038782235.1,A/peacock/Yunnan/1/2015_H,0.2806,0.3126,0.4272,0.2896,0.198,-0.02,0.413,53.25,0.449,0.44,680,716,-0.477235,0.093575,H5N1,Avian
2402,A/peacock/Yunnan/3/2015_H5N1|GCA_038783145.1,A/peacock/Yunnan/3/2015_H,0.2787,0.3126,0.4291,0.2896,0.199,-0.02,0.413,53.11,0.449,0.44,680,716,-0.477235,0.093575,H5N1,Avian
2403,A/peregrine_falcon/Hong_Kong/2142/2008_H5N1|GCA_038475325.1,A/peregrine_falcon/Hong_K,0.2943,0.3113,0.4373,0.2662,0.197,-0.043,0.4,52.65,0.431,0.436,678,716,-0.467039,0.093575,H5N1,Avian
2404,A/pheasant/Shantou/3535/2003_H5N1|GCA_038207875.1,A/pheasant/Shantou/3535/2,0.3062,0.3025,0.4156,0.2881,0.201,-0.04,0.402,53.16,0.439,0.438,679,716,-0.48324,0.093575,H5N1,Avian
2405,A/pheasant/Shantou/4567/2002_H5N1|GCA_038194275.1,A/pheasant/Shantou/4567/2,0.3,0.3075,0.4175,0.286,0.202,-0.03,0.408,53.27,0.442,0.441,679,716,-0.479329,0.093575,H5N1,Avian
2406,A/pied_megpie/Liaoning/7/2006_H5N1|GCA_038265635.1,A/pied_megpie/Liaoning/7/,0.3089,0.2957,0.4194,0.2854,0.202,-0.035,0.405,52.77,0.433,0.438,679,716,-0.492179,0.093575,H5N1,Avian
2407,A/pigeon/Fujian/1.17_FZHX0104-O/2017_H5N6|GCA_038945635.1,A/pigeon/Fujian/1.17_FZHX,0.3052,0.2978,0.4218,0.2836,0.188,-0.06,0.389,52.7,0.434,0.437,678,716,-0.464386,0.093575,H5N6,Avian
2408,A/pigeon/Hainan/1.14_HKPL006-C/2018_H5N6|GCA_039008845.1,A/pigeon/Hainan/1.14_HKPL,0.3036,0.2998,0.4066,0.2951,0.183,-0.073,0.382,52.84,0.445,0.442,668,705,-0.468794,0.092199,H5N6,Avian
2409,A/pigeon/Hubei/RP25/2012_H5N1|GCA_038662765.1,A/pigeon/Hubei/RP25/2012_,0.2906,0.3151,0.4354,0.2689,0.198,-0.045,0.398,52.94,0.435,0.436,678,716,-0.466201,0.092179,H5N1,Avian
2410,A/pigeon/Sichuan/NCXN29/2014_H5N1|GCA_038733875.1,A/pigeon/Sichuan/NCXN29/2,0.3008,0.3008,0.4286,0.2788,0.188,-0.061,0.389,51.93,0.432,0.437,678,716,-0.473883,0.093575,H5N1,Avian
2411,A/pigeon/Zhejiang/112089/2014_H5N1|GCA_038756375.1,A/pigeon/Zhejiang/112089/,0.2932,0.3008,0.4506,0.2621,0.182,-0.06,0.389,51.83,0.42,0.435,678,716,-0.486173,0.093575,H5N1,Avian
2412,A/pigeon/Zhejiang/112090/2014_H5N1|GCA_038757665.1,A/pigeon/Zhejiang/112090/,0.2895,0.3026,0.4582,0.2558,0.184,-0.055,0.392,51.35,0.417,0.432,678,716,-0.484916,0.093575,H5N1,Avian
2413,A/pigeon/Zhejiang/727097/2014_H5N1|GCA_038741515.1,A/pigeon/Zhejiang/727097/,0.2951,0.3008,0.4476,0.2647,0.183,-0.064,0.388,51.12,0.422,0.432,678,716,-0.490503,0.094972,H5N1,Avian
2414,A/plateau_pika/Qinghai/04/2007_H5N1|GCA_038462505.1,A/plateau_pika/Qinghai/04,0.2983,0.3058,0.4133,0.2941,0.198,-0.021,0.412,52.64,0.446,0.44,679,716,-0.479609,0.093575,H5N1,Nonhuman Mammal
2415,A/quail/Guangxi/11/2002_H5N1|GCA_038201935.1,A/quail/Guangxi/11/2002_H,0.3075,0.2981,0.4144,0.2956,0.199,-0.041,0.401,53.37,0.44,0.437,680,716,-0.47919,0.093575,H5N1,Avian
2416,A/quail/Guangxi/12/2002_H5N1|GCA_038202605.1,A/quail/Guangxi/12/2002_H,0.3075,0.2981,0.4144,0.2956,0.199,-0.041,0.401,53.46,0.44,0.438,680,716,-0.478771,0.093575,H5N1,Avian
2417,A/quail/Guangxi/13/2002_H5N1|GCA_038201975.1,A/quail/Guangxi/13/2002_H,0.3075,0.2981,0.4144,0.2956,0.199,-0.041,0.401,53.37,0.44,0.437,680,716,-0.47919,0.093575,H5N1,Avian
2418,A/quail/Jiangsu/k0104/2010_H5N5|GCA_038578365.1,A/quail/Jiangsu/k0104/201,0.3043,0.3006,0.4379,0.2678,0.196,-0.043,0.4,51.84,0.424,0.434,677,716,-0.518017,0.094972,Others,Avian
2419,A/quail/Nanchang/6631/2013_H5N1|GCA_038701355.1,A/quail/Nanchang/6631/201,0.3013,0.2994,0.4419,0.2636,0.192,-0.041,0.4,52,0.421,0.434,677,716,-0.466341,0.093575,H5N1,Avian
2420,A/shrike/Tibet/13/2006_H5N1|GCA_038266265.1,A/shrike/Tibet/13/2006_H5,0.2906,0.3075,0.4419,0.2722,0.194,-0.035,0.404,52.71,0.431,0.434,678,716,-0.468994,0.093575,H5N1,Avian
2421,A/silkie_chicken/Dongguan/2809/2013_H5N6|GCA_038708175.1,A/silkie_chicken/Dongguan,0.3015,0.3015,0.4294,0.2752,0.186,-0.063,0.388,52.58,0.431,0.437,678,716,-0.469553,0.093575,H5N6,Avian
2422,A/silky_chicken/Shantou/475/2004_H5N1|GCA_038225235.1,A/silky_chicken/Shantou/4,0.3043,0.3043,0.411,0.2944,0.204,-0.032,0.407,52.71,0.444,0.439,680,716,-0.474022,0.093575,H5N1,Avian
2423,A/spot-billed_duck/Ningxia/YG83/2017_H5N6|GCA_038986345.1,A/spot-billed_duck/Ningxi,0.2857,0.312,0.4299,0.2797,0.191,-0.04,0.401,52.24,0.442,0.441,679,716,-0.470531,0.093575,H5N6,Avian
2424,A/spot-billed_duck/Ningxia/YG87/2017_H5N6|GCA_038981965.1,A/spot-billed_duck/Ningxi,0.2838,0.3139,0.4337,0.2756,0.191,-0.038,0.402,52.3,0.44,0.441,679,716,-0.470531,0.093575,H5N6,Avian
2425,A/spot-billed_duck/Ningxia/YG93/2017_H5N6|GCA_038986365.1,A/spot-billed_duck/Ningxi,0.2787,0.3202,0.4269,0.2845,0.198,-0.02,0.412,53.43,0.451,0.443,679,716,-0.473603,0.093575,H5N6,Avian
2426,A/spot-billed_duck/Xianghai/427/2011_H5N2|GCA_038623875.1,A/spot-billed_duck/Xiangh,0.2768,0.3202,0.4297,0.2851,0.197,-0.026,0.409,52.06,0.451,0.443,679,716,-0.472765,0.093575,H5N2,Avian
2427,A/swan_goose/Jilin/JL01/2014_H5N6|GCA_038736745.1,A/swan_goose/Jilin/JL01/2,0.3019,0.2981,0.4335,0.2762,0.187,-0.058,0.391,53.09,0.428,0.435,678,716,-0.471648,0.094972,H5N6,Avian
2428,A/swan/China/ST/2016_H5N8|GCA_038933555.1,A/swan/China/ST/2016_H5N8,0.2777,0.3077,0.4242,0.3013,0.195,-0.034,0.404,53.79,0.453,0.445,680,716,-0.469832,0.094972,H5N8,Avian
2429,A/swan/Shandong/W3762/2020_H5N8|GCA_039227365.1,A/swan/Shandong/W3762/202,0.29,0.307,0.4278,0.2872,0.193,-0.045,0.399,51.69,0.442,0.443,679,716,-0.48771,0.093575,H5N8,Avian
2430,A/swan/Shanghai/10/2009_H5N1|GCA_038504095.1,A/swan/Shanghai/10/2009_H,0.2879,0.3144,0.4544,0.2516,0.197,-0.04,0.402,51.8,0.422,0.432,677,716,-0.476117,0.092179,H5N1,Avian
2431,A/swine/China/RZ/2018_H5N6|GCA_039078945.1,A/swine/China/RZ/2018_H5N,0.3022,0.3004,0.4095,0.2962,0.18,-0.074,0.381,52.71,0.445,0.441,679,716,-0.46676,0.093575,H5N6,Nonhuman Mammal
2432,A/swine/Guangdong/1/2014_H5N6|GCA_038736535.1,A/swine/Guangdong/1/2014_,0.3015,0.3015,0.4256,0.2794,0.186,-0.066,0.386,52.84,0.434,0.438,678,716,-0.469553,0.093575,H5N6,Nonhuman Mammal
2433,A/swine/Guangdong/2/2014_H5N6|GCA_038737565.1,A/swine/Guangdong/2/2014_,0.3009,0.3009,0.4256,0.2794,0.184,-0.068,0.385,52.77,0.434,0.439,678,716,-0.470391,0.093575,H5N6,Nonhuman Mammal
2434,A/swine/Guangxi/592/2011_H5N1|GCA_038611535.1,A/swine/Guangxi/592/2011_,0.2957,0.3032,0.4449,0.2615,0.191,-0.045,0.399,51.84,0.422,0.435,677,716,-0.468855,0.092179,H5N1,Nonhuman Mammal
2435,A/swine/Jiangsu/1/2008_H5N1|GCA_038500055.1,A/swine/Jiangsu/1/2008_H5,0.2801,0.3233,0.4294,0.2767,0.195,-0.01,0.419,52.22,0.448,0.443,678,716,-0.507542,0.093575,H5N1,Nonhuman Mammal
2436,A/swine/Jiangsu/2/2009_H5N1|GCA_038504465.1,A/swine/Jiangsu/2/2009_H5,0.2928,0.308,0.4449,0.2668,0.201,-0.023,0.412,52.76,0.427,0.432,677,716,-0.472905,0.093575,H5N1,Nonhuman Mammal
2437,A/swine/Shandong/SD1/2014_H5N1|GCA_038751305.1,A/swine/Shandong/SD1/2014,0.2957,0.3145,0.4038,0.2985,0.205,-0.027,0.409,54.22,0.457,0.446,679,716,-0.482821,0.093575,H5N1,Nonhuman Mammal
2438,A/swine/Zhejiang/SW57/2015_H5N1|GCA_038766735.1,A/swine/Zhejiang/SW57/201,0.2932,0.3026,0.4476,0.2647,0.184,-0.062,0.389,51.11,0.423,0.433,678,716,-0.490503,0.094972,H5N1,Nonhuman Mammal
2439,A/thrush/Taipei_City/15120021/2015_H5N2|GCA_038805275.1,A/thrush/Taipei_City/1512,0.272,0.3302,0.4133,0.2975,0.195,-0.031,0.408,53.15,0.467,0.448,679,716,-0.462011,0.094972,H5N2,Avian
2440,A/thrush/Taiwan/A234/2015_H5N2|GCA_038769445.1,A/thrush/Taiwan/A234/2015,0.2683,0.334,0.4144,0.2947,0.192,-0.04,0.402,52.92,0.468,0.448,679,716,-0.460335,0.094972,H5N2,Avian
2441,A/tiger/Yunnan/tig1404/2014_H5N1|GCA_038731105.1,A/tiger/Yunnan/tig1404/20,0.3002,0.3002,0.4324,0.2746,0.187,-0.061,0.389,52.18,0.429,0.436,678,716,-0.469553,0.093575,H5N1,Nonhuman Mammal
2442,A/tiger/Yunnan/tig1412/2014_H5N1|GCA_038760765.1,A/tiger/Yunnan/tig1412/20,0.3008,0.2989,0.4411,0.2662,0.191,-0.042,0.4,52.26,0.422,0.433,678,716,-0.465782,0.093575,H5N1,Nonhuman Mammal
2443,A/tiger/Yunnan/tig1508/2015_H5N1|GCA_038787575.1,A/tiger/Yunnan/tig1508/20,0.2768,0.307,0.4291,0.2973,0.194,-0.03,0.407,53.32,0.45,0.441,680,716,-0.474162,0.093575,H5N1,Nonhuman Mammal
2444,A/turkey/Changhua/16010011-1/2016_H5N2|GCA_038809005.1,A/turkey/Changhua/1601001,0.2693,0.3333,0.4229,0.2878,0.193,-0.035,0.405,53.27,0.462,0.446,679,716,-0.468436,0.094972,H5N2,Avian
2445,A/turkey/Chiayi/17020092-2/2017_H5N8|GCA_038957545.1,A/turkey/Chiayi/17020092-,0.3096,0.2889,0.4381,0.272,0.186,-0.072,0.383,52.34,0.418,0.427,679,716,-0.491341,0.094972,H5N8,Avian
2446,A/turkey/Chiayi/18010013-3/2018_H5N2|GCA_039006745.1,A/turkey/Chiayi/18010013-,0.2726,0.3271,0.4099,0.3032,0.192,-0.033,0.406,53.38,0.468,0.448,679,716,-0.473464,0.094972,H5N2,Avian
2447,A/turkey/Yunlin/15060049-1/2015_H5N2|GCA_038783635.1,A/turkey/Yunlin/15060049-,0.272,0.3302,0.4114,0.2989,0.193,-0.043,0.401,53.41,0.468,0.449,679,716,-0.474022,0.093575,H5N2,Avian
2448,A/turkey/Yunlin/18020020-2/2018_H5N2|GCA_039056465.1,A/turkey/Yunlin/18020020-,0.2726,0.3271,0.4106,0.3032,0.193,-0.033,0.406,53.15,0.468,0.449,679,716,-0.463547,0.094972,H5N2,Avian
2449,A/turkey/Yunlin/18110001-3/2018_H5N2|GCA_039095645.1,A/turkey/Yunlin/18110001-,0.2744,0.3271,0.4133,0.2989,0.192,-0.038,0.404,52.57,0.465,0.447,679,716,-0.465223,0.094972,H5N2,Avian
2450,A/turkey/Yunlin/18120005-2/2018_H5N2|GCA_039112165.1,A/turkey/Yunlin/18120005-,0.2898,0.3144,0.403,0.3075,0.198,-0.043,0.4,54.56,0.462,0.446,678,716,-0.459218,0.094972,H5N2,Avian
2451,A/turtle_dove/Guangdong/300/2005_H5N1|GCA_038264315.1,A/turtle_dove/Guangdong/3,0.2911,0.31,0.4389,0.2737,0.198,-0.031,0.407,53.12,0.434,0.436,678,716,-0.483939,0.093575,H5N1,Avian
2452,A/turtledove/Wuhan/HKBJ43/2015_H5N6|GCA_038765945.1,A/turtledove/Wuhan/HKBJ43,0.3052,0.2996,0.4168,0.2863,0.182,-0.073,0.383,53.4,0.437,0.44,677,716,-0.473045,0.093575,H5N6,Avian
2453,A/turtledove/Wuhan/WHBJ12/2014_H5N6|GCA_038759095.1,A/turtledove/Wuhan/WHBJ12,0.3052,0.2996,0.4168,0.2863,0.182,-0.073,0.383,53.4,0.437,0.44,677,716,-0.473045,0.093575,H5N6,Avian
2454,A/turtledove/Wuhan/WHBJ28/2014_H5N6|GCA_038759115.1,A/turtledove/Wuhan/WHBJ28,0.3052,0.2996,0.4168,0.2863,0.182,-0.073,0.383,53.4,0.437,0.44,677,716,-0.473045,0.093575,H5N6,Avian
2455,A/waterfowl/Hong_Kong/378.5/2001_H5N1|GCA_038185205.1,A/waterfowl/Hong_Kong/378,0.2943,0.3132,0.4137,0.2902,0.202,-0.014,0.417,53.71,0.449,0.442,679,716,-0.476536,0.093575,H5N1,Avian
2456,A/white-naped_crane/China/ya3/2018_H5N6|GCA_039081355.1,A/white-naped_crane/China,0.298,0.2998,0.4248,0.2857,0.19,-0.051,0.394,52.47,0.437,0.437,680,716,-0.464246,0.093575,H5N6,Avian
2457,A/whooper_swan/Shanxi/RC01/2016_H5N8|GCA_038934035.1,A/whooper_swan/Shanxi/RC0,0.2801,0.3083,0.425,0.2992,0.194,-0.039,0.401,53.78,0.451,0.444,680,716,-0.469553,0.093575,H5N8,Avian
2458,A/wild_bird/Eastern_China/1754/2017_H5N3|GCA_038989725.1,A/wild_bird/Eastern_China,0.2787,0.3183,0.4221,0.2935,0.196,-0.029,0.408,53.25,0.455,0.446,679,716,-0.472207,0.093575,Others,Avian
2459,A/wild_bird/Eastern_China/1758/2017_H5N3|GCA_038985435.1,A/wild_bird/Eastern_China,0.2801,0.3158,0.4221,0.2935,0.194,-0.034,0.405,53.26,0.454,0.445,679,716,-0.468436,0.093575,Others,Avian
2460,A/wild_bird/Eastern_China/1759/2017_H5N3|GCA_038989745.1,A/wild_bird/Eastern_China,0.2787,0.3183,0.4221,0.2935,0.196,-0.029,0.408,53.24,0.455,0.445,679,716,-0.472765,0.093575,Others,Avian
2461,A/wild_bird/Taipei/04WB12-522-11-15/2004_H5N6|GCA_040482775.1,A/wild_bird/Taipei/04WB12,0.3051,0.3013,0.4064,0.2979,0.205,-0.016,0.415,54.22,0.446,0.442,680,716,-0.458659,0.093575,H5N6,Avian
2462,A/wild_duck/Fujian/1/2011_H5N1|GCA_038612095.1,A/wild_duck/Fujian/1/2011,0.3013,0.2994,0.4459,0.2583,0.19,-0.039,0.401,51.9,0.417,0.434,678,716,-0.471788,0.093575,H5N1,Avian
2463,A/wild_duck/Fujian/2/2011_H5N1|GCA_038612115.1,A/wild_duck/Fujian/2/2011,0.3013,0.2994,0.4442,0.2593,0.192,-0.034,0.404,52.37,0.418,0.434,679,716,-0.465782,0.093575,H5N1,Avian
2464,A/wild_duck/Jilin/HF/2011_H5N1|GCA_038613775.1,A/wild_duck/Jilin/HF/2011,0.2792,0.3094,0.4358,0.2822,0.197,-0.02,0.412,52.39,0.442,0.442,679,716,-0.462709,0.093575,H5N1,Avian
2465,A/wild_duck/Jilin/ZF/2011_H5N1|GCA_038613795.1,A/wild_duck/Jilin/ZF/2011,0.2702,0.3189,0.4451,0.2741,0.197,-0.011,0.418,50.81,0.443,0.441,680,716,-0.463827,0.092179,H5N1,Avian
2466,A/wild_duck/Liaoning/8/2006_H5N1|GCA_038266145.1,A/wild_duck/Liaoning/8/20,0.3121,0.2935,0.4205,0.2786,0.203,-0.028,0.407,52.8,0.428,0.439,680,716,-0.48338,0.096369,H5N1,Avian
2467,A/wild_duck/Shandong/1/2011_H5N1|GCA_038613515.1,A/wild_duck/Shandong/1/20,0.2801,0.3214,0.4411,0.2646,0.196,-0.009,0.42,51.41,0.439,0.439,679,716,-0.517877,0.094972,H5N1,Avian
2468,A/wild_duck/Shandong/2/2011_H5N1|GCA_038613555.1,A/wild_duck/Shandong/2/20,0.2844,0.307,0.4375,0.2797,0.197,-0.023,0.411,52.32,0.437,0.439,679,716,-0.464665,0.093575,H5N1,Avian
2469,A/wild_duck/Shandong/628/2011_H5N1|GCA_038613315.1,A/wild_duck/Shandong/628/,0.322,0.2844,0.4321,0.271,0.192,-0.066,0.387,53.26,0.414,0.43,677,716,-0.481704,0.096369,H5N1,Avian
2470,A/wild_duck/Shandong/W3580/2020_H5N8|GCA_039227025.1,A/wild_duck/Shandong/W358,0.297,0.3045,0.4194,0.2875,0.193,-0.038,0.402,53.91,0.442,0.443,679,716,-0.481983,0.093575,H5N8,Avian
2471,A/wild_pigeon/Jilin/CC01/2014_H5N6|GCA_038737665.1,A/wild_pigeon/Jilin/CC01/,0.3071,0.2978,0.4179,0.2851,0.191,-0.059,0.391,53.4,0.435,0.439,678,716,-0.476257,0.093575,H5N6,Avian
2472,A/Eurasian_Wigeon/Ningxia/476-12/2015_H5N6|GCA_038800705.1,A/Eurasian_Wigeon/Ningxia,0.3034,0.2996,0.4237,0.2815,0.181,-0.073,0.382,53.4,0.434,0.439,678,716,-0.470671,0.093575,H5N6,Avian
