label,Isolate,Axis1,Axis2,Axis3,Axis4,Segment
1_A/Indonesia/5/2005,A/Indonesia/5/2005,-0.100935,-0.052062,0.017355,-0.040999,HA
2_A/Hong_Kong/483/1997,A/Hong Kong/483/1997,-0.089651,-0.068882,0.04863,-0.032117,HA
3_A/Hong_Kong/482/97,A/Hong Kong/482/97,-0.08432,-0.064096,0.045992,-0.052546,HA
4_A/Chicken/HongKong/F,A/Chicken/HongKong/FY150/01,-0.055088,-0.029021,0.015858,-0.080616,HA
5_A/Chicken/HongKong/Y,A/Chicken/HongKong/YU822.2/01,-0.115123,-0.041291,0.038615,-0.062963,HA
6_A/Chicken/HongKong/Y,A/Chicken/HongKong/YU562/01,-0.098863,-0.038671,0.029135,-0.063451,HA
7_A/Pheasant/Hong_Kong,A/Pheasant/Hong Kong/FY155/01,-0.053907,-0.030684,0.015479,-0.078423,HA
8_A/Hong_Kong/486/97,A/Hong Kong/486/97,-0.08432,-0.064096,0.045992,-0.052546,HA
9_A/Thailand/16/2004,A/Thailand/16/2004,-0.121037,-0.023517,0.019497,-0.05788,HA
10_A/Hong_Kong/538/97,A/Hong Kong/538/97,-0.084709,-0.066676,0.049964,-0.055065,HA
11_A/chicken/Indonesia/,A/chicken/Indonesia/7/2003,-0.096673,-0.033783,0.024954,-0.061713,HA
12_A/chicken/Korea/ES/0,A/chicken/Korea/ES/03,-0.098238,-0.020055,0.026753,-0.051096,HA
13_A/Hong_Kong/156/97,A/Hong Kong/156/97,-0.080506,-0.07362,0.0382,-0.056524,HA
14_A/whooper_swan/Mongo,A/whooper swan/Mongolia/244/2005,-0.085733,-0.015436,0.00607,-0.069636,HA
15_A/Vietnam/UT3062/200,A/Vietnam/UT3062/2004,-0.124112,-0.031108,0.017511,-0.035629,HA
16_A/Anas_platyrhynchos,A/Anas_platyrhynchos/Chongming/H5N1_1/2024,-0.058651,-0.002472,-0.002818,-0.058947,HA
17_A/Anas_platyrhynchos,A/Anas_platyrhynchos/Jiujiang/H5N1/2024,-0.049417,-0.013236,0.007493,-0.038227,HA
18_A/Anhui/1/2005|EPI_I,A/Anhui/1/2005,-0.069883,-0.04098,0.038369,-0.066402,HA
19_A/Anhui/1/2006|EPI_I,A/Anhui/1/2006,-0.068529,-0.040293,0.031587,-0.078401,HA
20_A/Anhui/2/2005|EPI_I,A/Anhui/2/2005,-0.053238,-0.042988,0.041574,-0.054018,HA
21_A/Anser_cygnoides/Ch,A/Anser_cygnoides/China/P126/2015,-0.100634,-0.00401,0.038508,-0.041225,HA
22_A/Anser_fabalis/Jiuj,A/Anser_fabalis/Jiujiang/H5N1/2024,-0.047173,-0.009437,0.004188,-0.045907,HA
23_A/Bar-headed_Goose/Q,A/Bar-headed_Goose/Qinghai/BTY2/2015_H5N1,-0.090081,-0.043376,0.020992,-0.047685,HA
24_A/Bar-headed_Goose/T,A/Bar-headed_Goose/Tibet/XZ901/2021,-0.079059,-0.027372,0.004966,-0.056129,HA
25_A/Bar-headed_Goose/T,A/Bar-headed_Goose/Tibet/XZ1131/2021,-0.078069,-0.019793,0.002546,-0.056927,HA
26_A/Black_faced_Spoonb,A/Black_faced_Spoonbill/AFCD-HKU-22-21944-01009/2022,-0.04043,-0.008261,-0.001893,-0.066465,HA
27_A/Black_Faced_Spoonb,A/Black_Faced_Spoonbill/Hong_Kong/AFCD-HKU-21-17198.01012/2021,-0.079545,-0.037535,-0.00327,-0.030799,HA
28_A/Black_Faced_Spoonb,A/Black_Faced_Spoonbill/Hong_Kong/AFCD-HKU-22-21429-01012/2022,-0.051632,0.002996,0.001266,-0.062864,HA
29_A/Black-necked_Grebe,A/Black-necked_Grebe/Inner_Mongolia/Anal_swab4/2015_H5N1,-0.10278,-0.028108,0.016287,-0.066691,HA
30_A/Black-necked_Grebe,A/Black-necked_Grebe/Inner_Mongolia/Brain1/2015_H5N1,-0.10278,-0.028108,0.016287,-0.066691,HA
31_A/Black-necked_Grebe,A/Black-necked_Grebe/Inner_Mongolia/Brain3/2015_H5N1,-0.098562,-0.027667,0.017495,-0.066487,HA
32_A/Black-necked_Grebe,A/Black-necked_Grebe/Inner_Mongolia/Liver3/2015_H5N1,-0.098562,-0.027667,0.017495,-0.066487,HA
33_A/Black-necked_Grebe,A/Black-necked_Grebe/Inner_Mongolia/Lung2/2015_H5N1,-0.098562,-0.027667,0.017495,-0.066487,HA
34_A/Black-necked_Grebe,A/Black-necked_Grebe/Inner_Mongolia/Lung3-2/2015_H5N1,-0.098562,-0.027667,0.017495,-0.066487,HA
35_A/Black-necked_Grebe,A/Black-necked_Grebe/Inner_Mongolia/Oropharynx_swab3/2015_H5N1,-0.098562,-0.027667,0.017495,-0.066487,HA
36_A/Black-necked_Grebe,A/Black-necked_Grebe/Inner_Mongolia/Trachea3/2015_H5N1,-0.098562,-0.027667,0.017495,-0.066487,HA
37_A/chicken/Anhui/S174,A/chicken/Anhui/S1740/2022(H5N1),-0.078671,-0.024186,0.003507,-0.048208,HA
38_A/chicken/China/Cang,A/chicken/China/Cangzhou03/2023,-0.04767,-0.023389,-0.002782,-0.063078,HA
39_A/chicken/China/E93/,A/chicken/China/E93/2012,-0.123725,-0.015472,0.013241,-0.077359,HA
40_A/chicken/China/E96/,A/chicken/China/E96/2012,-0.12572,-0.017089,0.00678,-0.083168,HA
41_A/chicken/Gansu/5/20,A/chicken/Gansu/5/2012,-0.108551,-0.004297,0.007681,-0.100368,HA
42_A/chicken/Gansu/6/20,A/chicken/Gansu/6/2012,-0.128737,-0.032482,0.007105,-0.063493,HA
43_A/chicken/Guangxi/S2,A/chicken/Guangxi/S2039/2009,-0.138803,-0.037475,0.001526,-0.076475,HA
44_A/chicken/Hubei/2856,A/chicken/Hubei/2856/2007,-0.087684,-0.034341,0.057518,-0.070849,HA
45_A/chicken/Hunan/1793,A/chicken/Hunan/1793/2007,-0.070957,-0.031046,0.023562,-0.085534,HA
46_A/chicken/Hunan/3157,A/chicken/Hunan/3157/2006,-0.074993,-0.04363,0.03399,-0.08516,HA
47_A/chicken/Hunan/S100,A/chicken/Hunan/S10029/2018(H5N1),-0.062823,-0.054673,-0.009766,-0.079493,HA
48_A/chicken/Jiangsu/03,A/chicken/Jiangsu/03.17_WX006-P/2015(H5N1),-0.137867,-0.074974,0.03177,-0.038824,HA
49_A/chicken/Jiangsu/92,A/chicken/Jiangsu/927/2013,-0.094138,-0.043626,0.021159,-0.051863,HA
50_A/chicken/Jiangsu/24,A/chicken/Jiangsu/2477/2014,-0.076586,-0.056905,0.023269,-0.069082,HA
51_A/chicken/Jiangsu/k0,A/chicken/Jiangsu/k0402/2010,-0.154431,-0.042394,0.029258,-0.051754,HA
52_A/chicken/Jiangsu/SE,A/chicken/Jiangsu/SE2228/2017(H5N1),-0.079532,-0.054958,0.038381,-0.0601,HA
53_A/chicken/Jiangsu/YB,A/chicken/Jiangsu/YB7/2015,-0.114417,-0.075557,0.043851,-0.031364,HA
54_A/chicken/Jiangxi/25,A/chicken/Jiangxi/25/2011,-0.131675,-0.052981,0.000027,-0.068546,HA
55_A/chicken/Jiangxi/S4,A/chicken/Jiangxi/S40653/2021(H5N1),-0.082154,-0.022934,0.007624,-0.044623,HA
56_A/chicken/Jilin/04.1,A/chicken/Jilin/04.12_MHK001-O/2015(H5N1),-0.069825,-0.054377,0.020828,-0.036407,HA
57_A/chicken/Jilin/04.1,A/chicken/Jilin/04.12_MHK002-O/2015(H5N1),-0.069825,-0.054377,0.020828,-0.036407,HA
58_A/chicken/Jilin/04.1,A/chicken/Jilin/04.12_MHK003-O/2015(H5N1),-0.069825,-0.054377,0.020828,-0.036407,HA
59_A/chicken/Jilin/04.1,A/chicken/Jilin/04.12_MHK004-O/2015(Mixed),-0.069825,-0.054377,0.020828,-0.036407,HA
60_A/chicken/Jilin/04.2,A/chicken/Jilin/04.25_MHK009/2015(H5N1),-0.071017,-0.053986,0.02456,-0.039344,HA
61_A/chicken/Jilin/S125,A/chicken/Jilin/S1255/2019(H5N1),-0.092303,-0.042907,0.039716,-0.081326,HA
62_A/chicken/Jilin/S127,A/chicken/Jilin/S1271/2019(H5N1),-0.098519,-0.042913,0.035358,-0.08162,HA
63_A/chicken/Liaoning/S,A/chicken/Liaoning/S4092/2011,-0.118044,-0.025229,0.009924,-0.086679,HA
64_A/chicken/Liaoning/S,A/chicken/Liaoning/SD035/2018(H5N1),-0.085817,-0.037176,0.033185,-0.083892,HA
65_A/chicken/Ningxia/2/,A/chicken/Ningxia/2/2012,-0.106478,-0.007225,0.007141,-0.098352,HA
66_A/chicken/Ningxia/22,A/chicken/Ningxia/222/2012,-0.104392,-0.007232,0.008695,-0.098677,HA
67_A/chicken/Shandong/1,A/chicken/Shandong/12.03_YA-CK/2014(H5N1),-0.132831,-0.075946,0.034625,-0.038291,HA
68_A/Chicken/Shandong/J,A/Chicken/Shandong/J01/2009,-0.155801,-0.067567,0.023848,-0.052045,HA
69_A/Chicken/Shandong/J,A/Chicken/Shandong/J02/2009,-0.109768,-0.015597,0.014251,-0.092939,HA
70_A/Chicken/Shandong/J,A/Chicken/Shandong/J03/2009,-0.109196,-0.035182,-0.001434,-0.074973,HA
71_A/Chicken/Shandong/J,A/Chicken/Shandong/J04/2009,-0.112497,-0.03166,0.0023,-0.096658,HA
72_A/Chicken/Shandong/J,A/Chicken/Shandong/J06/2009,-0.142471,-0.050743,0.013049,-0.048217,HA
73_A/chicken/Shanghai/S,A/chicken/Shanghai/S1123/2019(H5N1),-0.091368,-0.042645,0.026103,-0.057671,HA
74_A/chicken/Shanghai/S,A/chicken/Shanghai/S4030/2017(H5N1),-0.087292,-0.048152,0.009728,-0.040998,HA
75_A/chicken/Wuxi/WX-32,A/chicken/Wuxi/WX-32/2013,-0.098886,-0.045796,0.025266,-0.047342,HA
76_A/chicken/Wuxi/WX-33,A/chicken/Wuxi/WX-33/2013,-0.094621,-0.037971,0.014939,-0.057349,HA
77_A/chicken/Xinjiang/S,A/chicken/Xinjiang/S1016/2019(H5N1),-0.091368,-0.042645,0.026103,-0.057671,HA
78_A/chicken/Xinjiang/S,A/chicken/Xinjiang/S1081/2019(H5N1),-0.095733,-0.0115,0.014023,-0.031005,HA
79_A/chicken/Xinjiang/S,A/chicken/Xinjiang/S1170/2019(H5N1),-0.091368,-0.042645,0.026103,-0.057671,HA
80_A/chicken/Yunnan/1/2,A/chicken/Yunnan/1/2014,-0.121548,0.007102,0.01832,-0.052906,HA
81_A/condor/Guangdong/1,A/condor/Guangdong/139/2003,-0.128831,-0.018283,0.012517,-0.056133,HA
82_A/Curlew/Hong_Kong/A,A/Curlew/Hong_Kong/AFCD-HKU-22-01095.01009/2022,-0.05607,-0.015806,0.001146,-0.051719,HA
83_A/Cygnus_columbianus,A/Cygnus_columbianus/Hubei/117/2021,-0.046425,-0.002594,-0.014196,-0.067755,HA
84_A/Cygnus_columbianus,A/Cygnus_columbianus/Hubei/121/2021,-0.059328,-0.003132,-0.001845,-0.075815,HA
85_A/Cygnus_columbianus,A/Cygnus_columbianus/Hubei/123/2021,-0.046425,-0.002594,-0.014196,-0.067755,HA
86_A/Cygnus_columbianus,A/Cygnus_columbianus/Hubei/128/2021,-0.053666,-0.002284,-0.017873,-0.061203,HA
87_A/domestic_green-win,A/domestic_green-winged_teal/Hunan/3450/2006,-0.070986,-0.047264,0.033281,-0.083897,HA
88_A/duck/China/E26/201,A/duck/China/E26/2012,-0.127614,-0.040975,0.022535,-0.033593,HA
89_A/duck/China/E53/201,A/duck/China/E53/2012,-0.135497,-0.061747,0.022002,-0.067231,HA
90_A/duck/Eastern_China,A/duck/Eastern_China/108/2008,-0.081998,-0.0468,0.039828,-0.069713,HA
91_A/duck/Eastern_China,A/duck/Eastern_China/909/2009,-0.06803,-0.040436,0.014244,-0.076792,HA
92_A/duck/Fujian/S1233/,A/duck/Fujian/S1233/2018(H5N1),-0.070993,-0.03574,0.003595,-0.061914,HA
93_A/duck/Fujian/S1273/,A/duck/Fujian/S1273/2018(H5N1),-0.072808,-0.035658,0.006238,-0.064487,HA
94_A/Duck/Fujian/S4146/,A/Duck/Fujian/S4146/2010,-0.144853,-0.047153,0.006458,-0.076383,HA
95_A/duck/Guangdong/S45,A/duck/Guangdong/S4518/2021(H5N1),-0.066691,-0.005257,0.009379,-0.042624,HA
96_A/duck/Guangdong/S45,A/duck/Guangdong/S4525/2021(H5N1),-0.066622,-0.006611,0.0084,-0.043097,HA
97_A/duck/Guizhou/S1321,A/duck/Guizhou/S1321/2022(H5N1),-0.079919,-0.008761,-0.002675,-0.057159,HA
98_A/duck/Guizhou/S1711,A/duck/Guizhou/S1711/2024(H5N1),-0.073083,0.011569,-0.001377,-0.057076,HA
99_A/duck/Hubei/03.06__,A/duck/Hubei/03.06__WHWTZ0155-P/2015(H5N1),-0.126471,-0.072981,0.003062,-0.037814,HA
100_A/duck/Hubei/46/2009,A/duck/Hubei/46/2009,-0.072715,-0.015753,0.011815,-0.041375,HA
101_A/duck/Hubei/2911/20,A/duck/Hubei/2911/2007,-0.072218,-0.046239,0.050602,-0.097532,HA
102_A/duck/Hubei/S4465/2,A/duck/Hubei/S4465/2021(H5N1),-0.088079,-0.026656,0.001831,-0.037658,HA
103_A/duck/Hubei/SE128/2,A/duck/Hubei/SE128/2022(H5N1),-0.081112,-0.019961,0.004638,-0.046335,HA
104_A/duck/Hubei/SE220/2,A/duck/Hubei/SE220/2022(H5N1),-0.073532,-0.014481,0.011665,-0.034745,HA
105_A/duck/Hubei/xn/2007,A/duck/Hubei/xn/2007,-0.129552,-0.059108,0.017476,-0.051456,HA
106_A/duck/Hunan/03.07_Y,A/duck/Hunan/03.07_YYGK1L3-OC/2018,-0.072193,-0.059098,-0.003855,-0.066049,HA
107_A/duck/Hunan/12.07__,A/duck/Hunan/12.07__YYGK44-P/2013(Mixed),-0.094617,-0.065827,0.013622,-0.067215,HA
108_A/duck/Hunan/12.07__,A/duck/Hunan/12.07__YYGK97-P/2013(H5N1),-0.09007,-0.067517,0.031009,-0.066658,HA
109_A/duck/Hunan/12.07_Y,A/duck/Hunan/12.07_YYGK007-P/2013(H5N1),-0.091319,-0.068026,0.027961,-0.058021,HA
110_A/duck/Hunan/12.07_Y,A/duck/Hunan/12.07_YYGK100-P/2013(H5N1),-0.090013,-0.051064,0.007752,-0.066543,HA
111_A/duck/Hunan/316/200,A/duck/Hunan/316/2005,-0.061924,-0.047827,0.033435,-0.091474,HA
112_A/duck/Hunan/689/200,A/duck/Hunan/689/2006,-0.066199,-0.048574,0.040184,-0.087296,HA
113_A/duck/Hunan/3315/20,A/duck/Hunan/3315/2006,-0.073646,-0.048451,0.029978,-0.074327,HA
114_A/duck/Hunan/S4020/2,A/duck/Hunan/S4020/2008,-0.133698,-0.044245,0.028618,-0.055276,HA
115_A/duck/Hunan/S4030/2,A/duck/Hunan/S4030/2011,-0.145445,-0.059379,0.027859,-0.048854,HA
116_A/duck/Hunan/S4150/2,A/duck/Hunan/S4150/2011,-0.092044,-0.076724,0.038019,-0.037834,HA
117_A/duck/Hunan/S4220/2,A/duck/Hunan/S4220/2011,-0.095155,-0.064863,0.008847,-0.099669,HA
118_A/duck/Jiangsu/S4439,A/duck/Jiangsu/S4439/2017(H5N1),-0.079652,-0.043374,0.012114,-0.052033,HA
119_A/duck/Jiangsu/SE112,A/duck/Jiangsu/SE1128/2018(H5N1),-0.071784,-0.048803,0.014438,-0.057209,HA
120_A/duck/Jiangxi/34/20,A/duck/Jiangxi/34/2011,-0.129442,-0.064367,0.001409,-0.074625,HA
121_A/duck/Jiangxi/35/20,A/duck/Jiangxi/35/2011,-0.131675,-0.052981,0.000027,-0.068546,HA
122_A/duck/Jiangxi/44/20,A/duck/Jiangxi/44/2011,-0.131758,-0.047949,-0.003018,-0.063199,HA
123_A/duck/Jiangxi/120/2,A/duck/Jiangxi/120/2011,-0.107549,0.002267,0.039667,-0.058701,HA
124_A/duck/Jiangxi/130/2,A/duck/Jiangxi/130/2011,-0.098471,-0.062277,0.025113,-0.046163,HA
125_A/duck/Jiangxi/S4083,A/duck/Jiangxi/S40833/2021(H5N1),-0.082154,-0.022934,0.007624,-0.044623,HA
126_A/duck/Jilin/04.04_S,A/duck/Jilin/04.04_SY002-O/2015(Mixed),-0.07644,-0.062473,0.012302,-0.043404,HA
127_A/duck/Jilin/JL-SIV/,A/duck/Jilin/JL-SIV/2013,-0.033513,-0.030546,0.019296,-0.050731,HA
128_A/duck/Jilin/S1261/2,A/duck/Jilin/S1261/2019(H5N1),-0.092369,-0.043278,0.040287,-0.080984,HA
129_A/duck/Jilin/S4171/2,A/duck/Jilin/S4171/2019(H5N1),-0.085856,-0.041816,0.029044,-0.084278,HA
130_A/duck/Nanchang/9789,A/duck/Nanchang/9789/2013,-0.098819,-0.06464,-0.001755,-0.037909,HA
131_A/duck/Shandong/009/,A/duck/Shandong/009/2008,-0.077431,-0.044308,0.017595,-0.085667,HA
132_A/Duck/Shandong/Y01/,A/Duck/Shandong/Y01/2009,-0.125274,-0.064052,0.039203,-0.036221,HA
133_A/Duck/Shandong/Y02/,A/Duck/Shandong/Y02/2009,-0.132021,-0.05175,0.029143,-0.034487,HA
134_A/duck/Sichuan/NCXN1,A/duck/Sichuan/NCXN10/2014,-0.094751,0.003756,0.023963,-0.071489,HA
135_A/duck/Sichuan/NCXN1,A/duck/Sichuan/NCXN11/2014,-0.091399,0.004868,0.027367,-0.065868,HA
136_A/duck/Xinjiang/S106,A/duck/Xinjiang/S1066/2019(H5N1),-0.095125,-0.044321,0.030492,-0.058356,HA
137_A/duck/Xinjiang/S112,A/duck/Xinjiang/S1126/2019(H5N1),-0.100452,-0.023204,0.034293,-0.037129,HA
138_A/duck/Zhejiang/1220,A/duck/Zhejiang/1220092/2014,-0.123122,-0.075694,0.041992,-0.042817,HA
139_A/duck/Zhejiang/S409,A/duck/Zhejiang/S4091/2017(H5N1),-0.089775,-0.055263,0.043392,-0.069871,HA
140_A/equine/China/61/20,A/equine/China/61/2010,-0.063379,-0.033016,0.047308,-0.068103,HA
141_A/equine/China/67/20,A/equine/China/67/2010,-0.059896,-0.033284,0.041296,-0.065162,HA
142_A/equine/China/68/20,A/equine/China/68/2010,-0.059127,-0.02741,0.036011,-0.073786,HA
143_A/Eurasian_Teal/Hong,A/Eurasian_Teal/Hong_Kong/AFCD-HKU-23-14009-01020/2023,-0.054739,-0.023113,-0.000587,-0.049764,HA
144_A/Eurasian_Teal/Hong,A/Eurasian_Teal/Hong_Kong/AFCD-HKU-23-14383-02001/2023,-0.054365,-0.022012,0.005093,-0.0521,HA
145_A/Eurasian_Wigeon/Ho,A/Eurasian_Wigeon/Hong_Kong/AFCD-HKU-23-14484-01001/2023,-0.052917,-0.025346,0.001638,-0.045733,HA
146_A/Eurasian_Wigeon/Ho,A/Eurasian_Wigeon/Hong_Kong/AFCD-HKU-23-14524-01009/2023,-0.052917,-0.025346,0.001638,-0.045733,HA
147_A/Falco_peregrinus/B,A/Falco_peregrinus/Beijing/1/_2022,-0.052838,-0.008491,0.000092,-0.058879,HA
148_A/Fujian/1/2005|EPI_,A/Fujian/1/2005,-0.070219,-0.040935,0.019802,-0.081498,HA
149_A/Fujian/1/2007|EPI_,A/Fujian/1/2007,-0.068375,-0.022816,0.015397,-0.075635,HA
150_A/Gallinago_Stenura/,A/Gallinago_Stenura/Hong_Kong/AFCD-HKU-23-14383-01014/2023,-0.052822,-0.022831,0.001243,-0.046098,HA
151_A/goose/China/E43/20,A/goose/China/E43/2012,-0.150128,-0.054302,0.024669,-0.093824,HA
152_A/goose/Guangdong/SH,A/goose/Guangdong/SH7/2013(H5N1),-0.092559,-0.010694,0.03578,-0.062739,HA
153_A/goose/Guizhou/S154,A/goose/Guizhou/S1541/2022(H5N1),-0.077508,-0.010052,-0.002335,-0.055848,HA
154_A/goose/Hunan/SE284/,A/goose/Hunan/SE284/2022(H5N1),-0.054706,-0.013212,-0.0136,-0.068966,HA
155_A/goose/Inner_Mongol,A/goose/Inner_Mongolia/IM-192/2014,-0.090354,-0.044005,0.013935,-0.050634,HA
156_A/goose/Jiangsu/k040,A/goose/Jiangsu/k0403/2010,-0.150695,-0.058814,0.016515,-0.07037,HA
157_A/goose/Jilin/S4034/,A/goose/Jilin/S4034/2019(H5N1),-0.077855,-0.056577,0.041006,-0.076434,HA
158_A/goose/Shandong/03.,A/goose/Shandong/03.10_HZ/2015(H5N1),-0.067221,-0.043959,0.020933,-0.052705,HA
159_A/goose/Shandong/GS/,A/goose/Shandong/GS/2013(H5N1),-0.079511,-0.052298,0.018284,-0.05039,HA
160_A/goose/Zhejiang/112,A/goose/Zhejiang/112071/2014,-0.06984,-0.058838,0.024521,-0.039762,HA
161_A/goose/Zhejiang/727,A/goose/Zhejiang/727098/2014,-0.092472,-0.045408,0.026588,-0.044846,HA
162_A/Great_black-headed,A/Great_black-headed_Gull/Qinghai/YO1/2015_H5N1,-0.085579,-0.050786,0.023489,-0.051708,HA
163_A/Great_black-headed,A/Great_black-headed_Gull/Qinghai/YO6/2015_H5N1,-0.08471,-0.040915,0.013871,-0.050733,HA
164_A/Great_Cormorant/Hu,A/Great_Cormorant/Hubei/chenhu_V9/2015,-0.115534,-0.073496,0.043568,-0.031364,HA
165_A/Great_Cormorant/Hu,A/Great_Cormorant/Hubei/chenhu_V10/2015,-0.116397,-0.076445,0.046432,-0.029594,HA
166_A/Great_Cormorant/Hu,A/Great_Cormorant/Hubei/VI128/2015_H5N1,-0.121045,-0.06947,0.041686,-0.043743,HA
167_A/Great_Cormorant/Hu,A/Great_Cormorant/Hubei/VI132/2015_H5N1,-0.123486,-0.071938,0.042153,-0.043981,HA
168_A/Great_Cormorant/Hu,A/Great_Cormorant/Hubei/VI133/2015_H5N1,-0.129732,-0.070892,0.031394,-0.037957,HA
169_A/Guangdong/1/2006|E,A/Guangdong/1/2006,-0.071303,-0.047515,0.035304,-0.079479,HA
170_A/Guangdong/1/2008|E,A/Guangdong/1/2008,-0.035287,-0.073798,0.058147,-0.043531,HA
171_A/Guangdong/2/2006|E,A/Guangdong/2/2006,-0.062127,-0.032109,0.04089,-0.078096,HA
172_A/Guangxi/1/2005|EPI,A/Guangxi/1/2005,-0.068522,-0.027115,0.03517,-0.074592,HA
173_A/Guangxi/1/2005|EPI,A/Guangxi/1/2005,-0.068522,-0.027115,0.03517,-0.074592,HA
174_A/Guangxi/1/2008|EPI,A/Guangxi/1/2008,-0.082833,-0.063827,0.008131,-0.068738,HA
175_A/Guizhou/1/2009|EPI,A/Guizhou/1/2009,-0.100087,-0.054308,0.03014,-0.086264,HA
176_A/hill_myna/Heilongj,A/hill_myna/Heilongjiang/0704/2012,-0.094448,-0.068426,0.015195,-0.073695,HA
177_A/Hong_Kong/5923/201,A/Hong_Kong/5923/2012,-0.092066,-0.059246,-0.005698,-0.054659,HA
178_A/Hunan/1/2006|EPI_I,A/Hunan/1/2006,-0.068343,-0.025314,0.041074,-0.069115,HA
179_A/Hunan/1/2008|EPI_I,A/Hunan/1/2008,-0.073717,-0.060831,0.009407,-0.057813,HA
180_A/Hunan/2/2009|EPI_I,A/Hunan/2/2009,-0.102532,-0.040892,0.042873,-0.082671,HA
181_A/Japanese_white-eye,A/Japanese_white-eye/Taoyuan/Q454/2012,-0.085936,-0.070282,0.019952,-0.070819,HA
182_A/Jiangsu/1/2007|EPI,A/Jiangsu/1/2007,-0.044542,-0.05498,0.038776,-0.047674,HA
183_A/Jiangsu/2/2007|EPI,A/Jiangsu/2/2007,-0.044542,-0.05498,0.038776,-0.047674,HA
184_A/Jiangxi/1/2005|EPI,A/Jiangxi/1/2005,-0.07617,-0.033759,0.021299,-0.075061,HA
185_A/lesser_kestrel/Hei,A/lesser_kestrel/Heilongjiang/194/2007,-0.066584,-0.050809,0.051417,-0.082779,HA
186_A/lion/Hubei/1-2/201,A/lion/Hubei/1-2/2016,-0.138389,-0.063806,0.023083,-0.025181,HA
187_A/mallard/Heilongjia,A/mallard/Heilongjiang/HLJ-69/2013,-0.091414,-0.064527,0.018378,-0.028821,HA
188_A/mandarin_duck/Heil,A/mandarin_duck/Heilongjiang/HL-1/2021,-0.095964,-0.032533,0.023699,-0.051099,HA
189_A/mandarin_duck/Hena,A/mandarin_duck/Henan/426/2021,-0.05116,-0.007539,-0.005821,-0.06704,HA
190_A/meerkat/Shanghai/S,A/meerkat/Shanghai/SH-1/2012,-0.093112,-0.046015,0.016544,-0.053849,HA
191_A/mink/China/G/2015|,A/mink/China/G/2015,-0.118715,-0.062686,0.011118,-0.055835,HA
192_A/mink/China/XB/2015,A/mink/China/XB/2015,-0.122432,-0.081771,0.037154,-0.052579,HA
193_A/mink/Eastern_China,A/mink/Eastern_China/0712/2018,-0.10412,0.004254,0.008382,-0.056402,HA
194_A/Nanjing/1/2015|EPI,A/Nanjing/1/2015,-0.120631,-0.071741,0.056068,-0.050976,HA
195_A/ostrich/Suzhou/097,A/ostrich/Suzhou/097/2003,-0.104619,-0.031259,0.062439,-0.033482,HA
196_A/parrot/Guangdong/C,A/parrot/Guangdong/C99/2005,-0.111013,-0.036191,0.025662,-0.053464,HA
197_A/peacock/Yunnan/1/2,A/peacock/Yunnan/1/2015,-0.127137,-0.069583,0.052966,-0.033661,HA
198_A/peacock/Yunnan/3/2,A/peacock/Yunnan/3/2015,-0.119756,-0.079199,0.045378,-0.039412,HA
199_A/pigeon/Hubei/RP25/,A/pigeon/Hubei/RP25/2012,-0.082442,-0.011852,0.036843,-0.048511,HA
200_A/pigeon/Jiangsu/12.,A/pigeon/Jiangsu/12.22_TCCX053-P/2014(Mixed),-0.072119,-0.048592,0.023423,-0.039429,HA
201_A/pigeon/Jiangxi/S40,A/pigeon/Jiangxi/S40784/2021(H5N1),-0.082154,-0.022934,0.007624,-0.044623,HA
202_A/pigeon/Jilin/04.25,A/pigeon/Jilin/04.25_CCHL019-O/2015(H5N1),-0.076901,-0.036931,0.026474,-0.061902,HA
203_A/pigeon/Jilin/S4176,A/pigeon/Jilin/S4176/2019(H5N1),-0.084305,-0.03974,0.026258,-0.084552,HA
204_A/pigeon/Sichuan/NCX,A/pigeon/Sichuan/NCXN29/2014,-0.091219,0.004599,0.026101,-0.066243,HA
205_A/pigeon/Zhejiang/11,A/pigeon/Zhejiang/112089/2014,-0.07138,-0.057998,0.022326,-0.037986,HA
206_A/pigeon/Zhejiang/11,A/pigeon/Zhejiang/112090/2014,-0.079598,-0.045061,0.02637,-0.058121,HA
207_A/pigeon/Zhejiang/72,A/pigeon/Zhejiang/727097/2014,-0.092472,-0.045408,0.026588,-0.044846,HA
208_A/plateau_pika/Qingh,A/plateau_pika/Qinghai/04/2007,-0.069863,-0.069028,0.036657,-0.042827,HA
209_A/quail/Nanchang/663,A/quail/Nanchang/6631/2013,-0.095863,-0.064018,-0.005189,-0.045651,HA
210_A/Shandong/1/2009|EP,A/Shandong/1/2009,-0.039586,-0.051452,0.034431,-0.057762,HA
211_A/Sichuan/1/2006|EPI,A/Sichuan/1/2006,-0.071539,-0.034435,0.037266,-0.072529,HA
212_A/Sichuan/2/2006|EPI,A/Sichuan/2/2006,-0.074634,-0.024591,0.039564,-0.078171,HA
213_A/Spatula_querquedul,A/Spatula_querquedula/Chongming/H5N1_1/2024,-0.049417,-0.013236,0.007493,-0.038227,HA
214_A/swine/Shandong/SD1,A/swine/Shandong/SD1/2014,-0.109167,-0.039452,0.036102,-0.028612,HA
215_A/tiger/Yunnan/tig14,A/tiger/Yunnan/tig1404/2014,-0.083359,-0.00692,0.020618,-0.051062,HA
216_A/tiger/Yunnan/tig14,A/tiger/Yunnan/tig1412/2014,-0.11618,-0.054776,-0.011854,-0.07532,HA
217_A/tiger/Yunnan/tig15,A/tiger/Yunnan/tig1508/2015,-0.134347,-0.064917,0.04089,-0.044927,HA
218_A/tundra_swan/Fujian,A/tundra_swan/Fujian/SD121/2023(H5N1),-0.051283,-0.025351,-0.00004,-0.047242,HA
219_A/turtle_dove/Guangd,A/turtle_dove/Guangdong/300/2005,-0.070594,-0.026996,0.023318,-0.094141,HA
220_A/turtle_dove/Hunan/,A/turtle_dove/Hunan/S4004/2020(H5N1),-0.115058,-0.053766,0.010331,-0.038212,HA
221_A/whooper_swan/Henan,A/whooper_swan/Henan/8/2021,-0.054637,-0.011554,-0.008118,-0.061472,HA
222_A/whooper_swan/Henan,A/whooper_swan/Henan/14/2021,-0.049686,-0.005484,-0.006646,-0.062999,HA
223_A/whooper_swan/Henan,A/whooper_swan/Henan/44/2021,-0.049686,-0.005484,-0.006646,-0.062999,HA
224_A/whooper_swan/Henan,A/whooper_swan/Henan/45/2021,-0.049686,-0.005484,-0.006646,-0.062999,HA
225_A/whooper_swan/Henan,A/whooper_swan/Henan/46/2021,-0.05116,-0.007539,-0.005821,-0.06704,HA
226_A/whooper_swan/Henan,A/whooper_swan/Henan/424/2021,-0.05116,-0.007539,-0.005821,-0.06704,HA
227_A/whooper_swan/Henan,A/whooper_swan/Henan/SMX1/2015(H5N1),-0.098562,-0.027667,0.017495,-0.066487,HA
228_A/whooper_swan/Henan,A/whooper_swan/Henan/SMX3/2015(H5N1),-0.100719,-0.031273,0.009349,-0.065832,HA
229_A/whooper_swan/Henan,A/whooper_swan/Henan/SMX4/2015(H5N1),-0.098003,-0.025342,0.012226,-0.073919,HA
230_A/whooper_swan/Henan,A/whooper_swan/Henan/SMX9/2015(H5N1),-0.100719,-0.031273,0.009349,-0.065832,HA
231_A/whooper_swan/Shanx,A/whooper_swan/Shanxi/14/2021,-0.049686,-0.005484,-0.006646,-0.062999,HA
232_A/whooper_swan/Shanx,A/whooper_swan/Shanxi/20/2021,-0.049686,-0.005484,-0.006646,-0.062999,HA
233_A/wild_duck/Fujian/1,A/wild_duck/Fujian/1/2011,-0.12067,-0.026707,-0.019476,-0.070322,HA
234_A/wild_duck/Fujian/2,A/wild_duck/Fujian/2/2011,-0.12067,-0.026707,-0.019476,-0.070322,HA
235_A/wild_duck/Hebei/SD,A/wild_duck/Hebei/SD012/2021(H5N1),-0.052539,-0.035233,-0.007494,-0.053915,HA
236_A/wild_duck/Jilin/HF,A/wild_duck/Jilin/HF/2011,-0.098888,-0.064163,0.024724,-0.05286,HA
237_A/wild_duck/Jilin/ZF,A/wild_duck/Jilin/ZF/2011,-0.109291,-0.074417,0.0559,-0.051772,HA
238_A/wild_duck/Shandong,A/wild_duck/Shandong/1/2011,-0.12027,-0.020946,0.001803,-0.080451,HA
239_A/wild_duck/Shandong,A/wild_duck/Shandong/2/2011,-0.131954,-0.05307,0.028187,-0.034949,HA
240_A/wild_duck/Shandong,A/wild_duck/Shandong/628/2011,-0.081584,-0.004042,0.050878,-0.071133,HA
241_A/Xinjiang/1/2006|EP,A/Xinjiang/1/2006,-0.086479,-0.019903,-0.004848,-0.040549,HA
242_A/Xinjiang/1/2009|EP,A/Xinjiang/1/2009,-0.065569,-0.040824,0.016713,-0.074222,HA
243_A/Zhejiang/1/2006|EP,A/Zhejiang/1/2006,-0.068095,-0.039138,0.037834,-0.080691,HA
244_A/Anas_platyrhynchos,A/Anas_platyrhynchos/jiujiang/H5N1/2024_H5N1,-0.049417,-0.013236,0.007493,-0.038227,HA
245_A/Anhui/1/2006_H5N1|,A/Anhui/1/2006_H5N1,-0.068529,-0.040293,0.031587,-0.078401,HA
246_A/Anhui/1/2007_H5N1|,A/Anhui/1/2007_H5N1,-0.08811,-0.035338,0.045618,-0.080032,HA
247_A/Anhui/2/2005_H5N1|,A/Anhui/2/2005_H5N1,-0.067222,-0.042414,0.043866,-0.064207,HA
248_A/Anser_cygnoides/Ch,A/Anser_cygnoides/China/P126/2015_H5N1,-0.100634,-0.00401,0.038508,-0.041225,HA
249_A/Anser_fabalis/jiuj,A/Anser_fabalis/jiujiang/H5N1/2024_H5N1,-0.047173,-0.009437,0.004188,-0.045907,HA
250_A/Anser_fabalis/jiuj,A/Anser_fabalis/jiujiang/H5N1/2024_H5N1,-0.047742,-0.001219,0.00072,-0.054424,HA
251_A/Anser_fabalis/jiuj,A/Anser_fabalis/jiujiang/H5N1/2024_H5N1,-0.047173,-0.009437,0.004188,-0.045907,HA
252_A/Duck/Jiangxi/631/2,A/Duck/Jiangxi/631/2024_H5N1,-0.064266,0.003785,0.010339,-0.056958,HA
253_A/Guangdong/1/2008_H,A/Guangdong/1/2008_H5N1,-0.035287,-0.073798,0.058147,-0.043531,HA
254_A/Guangdong/2/2006_H,A/Guangdong/2/2006_H5N1,-0.062127,-0.032109,0.04089,-0.078096,HA
255_A/Guangxi/1/2005_H5N,A/Guangxi/1/2005_H5N1,-0.068656,-0.031273,0.037242,-0.072677,HA
256_A/Guangxi/1/2008_H5N,A/Guangxi/1/2008_H5N1,-0.082833,-0.063827,0.008131,-0.068738,HA
257_A/Guizhou/1/2009_H5N,A/Guizhou/1/2009_H5N1,-0.100087,-0.054308,0.03014,-0.086264,HA
258_A/Hunan/1/2008_H5N1|,A/Hunan/1/2008_H5N1,-0.073717,-0.060831,0.009407,-0.057813,HA
259_A/Hunan/2/2009_H5N1|,A/Hunan/2/2009_H5N1,-0.102532,-0.040892,0.042873,-0.082671,HA
260_A/Japanese_white-eye,A/Japanese_white-eye/Taoyuan/Q454/2012_H5N1,-0.085936,-0.070282,0.019952,-0.070819,HA
261_A/Nanjing/1/2015_H5N,A/Nanjing/1/2015_H5N1,-0.120631,-0.071741,0.056068,-0.050976,HA
262_A/Shandong/1/2009_H5,A/Shandong/1/2009_H5N1,-0.039586,-0.051452,0.034431,-0.057762,HA
263_A/Spatula_querquedul,A/Spatula_querquedula/chongming/H5N1/2024_H5N1,-0.049417,-0.013236,0.007493,-0.038227,HA
264_A/Wild_bird/Huadong/,A/Wild_bird/Huadong/CM120/2017_H5N1,-0.126364,-0.077445,0.056672,-0.022796,HA
265_A/Wild_bird/Huadong/,A/Wild_bird/Huadong/DT10/2019_H5N1,-0.085712,-0.035842,0.046124,-0.068762,HA
266_A/Wild_bird/Huadong/,A/Wild_bird/Huadong/JYWB4/2013_H5N1,-0.082046,-0.051809,0.017361,-0.059825,HA
267_A/Xinjiang/1/2009_H5,A/Xinjiang/1/2009_H5N1,-0.065569,-0.040824,0.016713,-0.074222,HA
268_A/avian/Hong_Kong/07,A/avian/Hong_Kong/0719/2007_H5N1,-0.076835,-0.030883,0.021705,-0.078219,HA
269_A/avian/Hong_Kong/19,A/avian/Hong_Kong/1993/2007_H5N1,-0.08154,-0.02889,0.029333,-0.078097,HA
270_A/avian/Hong_Kong/23,A/avian/Hong_Kong/2372/2007_H5N1,-0.081696,-0.031683,0.030368,-0.079434,HA
271_A/bar-headed_goose/Q,A/bar-headed_goose/Qinghai/1-HVRI/2006_H5N1,-0.080877,-0.046648,0.02248,-0.035843,HA
272_A/bar-headed_goose/T,A/bar-headed_goose/Tibet/8/2006_H5N1,-0.097183,-0.037285,0.01012,-0.050107,HA
273_A/brown-headed_gull/,A/brown-headed_gull/Qinghai/19/2009_H5N1,-0.147186,-0.040897,0.036866,-0.059423,HA
274_A/brown-headed_gull/,A/brown-headed_gull/Qinghai/9/2009_H5N1,-0.153323,-0.055216,0.027593,-0.06111,HA
275_A/chicken/China/Cang,A/chicken/China/Cangzhou03/2023_H5N1,-0.04767,-0.023389,-0.002782,-0.063078,HA
276_A/chicken/China/E93/,A/chicken/China/E93/2012_H5N1,-0.123725,-0.015472,0.013241,-0.077359,HA
277_A/chicken/China/E96/,A/chicken/China/E96/2012_H5N1,-0.12572,-0.017089,0.00678,-0.083168,HA
278_A/chicken/Eastern_Ch,A/chicken/Eastern_China/ZG16/2010_H5N1,-0.101821,-0.041288,0.045895,-0.071401,HA
279_A/chicken/Eastern_Ch,A/chicken/Eastern_China/ZG56/2011_H5N1,-0.109061,-0.007455,0.047155,-0.050347,HA
280_A/chicken/Fujian/1/2,A/chicken/Fujian/1/2007_H5N1,-0.071316,-0.026284,0.022758,-0.073645,HA
281_A/chicken/Gansu/5/20,A/chicken/Gansu/5/2012_H5N1,-0.108551,-0.004297,0.007681,-0.100368,HA
282_A/chicken/Gansu/6/20,A/chicken/Gansu/6/2012_H5N1,-0.128737,-0.032482,0.007105,-0.063493,HA
283_A/chicken/Guangdong/,A/chicken/Guangdong/1/2005_H5N1,-0.114071,-0.036195,0.018589,-0.051502,HA
284_A/chicken/Guangxi/S2,A/chicken/Guangxi/S2039/2009_H5N1,-0.138803,-0.037475,0.001526,-0.076475,HA
285_A/chicken/Guizhou/7/,A/chicken/Guizhou/7/2008_H5N1,-0.0806,-0.006042,0.027467,-0.079105,HA
286_A/chicken/Hebei/A-8/,A/chicken/Hebei/A-8/2009_H5N1,-0.110772,-0.034718,0.013832,-0.049871,HA
287_A/chicken/Henan/A-7/,A/chicken/Henan/A-7/2006_H5N1,-0.090924,-0.040674,0.023917,-0.069593,HA
288_A/chicken/Huadong/4/,A/chicken/Huadong/4/2008_H5N1,-0.106789,-0.033441,0.018094,-0.071924,HA
289_A/chicken/Hubei/2856,A/chicken/Hubei/2856/2007_H5N1,-0.087684,-0.034341,0.057518,-0.070849,HA
290_A/chicken/Hunan/1793,A/chicken/Hunan/1793/2007_H5N1,-0.070957,-0.031046,0.023562,-0.085534,HA
291_A/chicken/Hunan/21/2,A/chicken/Hunan/21/2005_H5N1,-0.065303,-0.026458,0.034391,-0.073199,HA
292_A/chicken/Hunan/3/20,A/chicken/Hunan/3/2007_H5N1,-0.132971,-0.067466,0.011904,-0.039299,HA
293_A/chicken/Hunan/3157,A/chicken/Hunan/3157/2006_H5N1,-0.074993,-0.04363,0.03399,-0.08516,HA
294_A/chicken/Hunan/8/20,A/chicken/Hunan/8/2008_H5N1,-0.116366,-0.053479,0.019185,-0.052844,HA
295_A/chicken/Jiangsu/18,A/chicken/Jiangsu/18/2008_H5N1,-0.094169,-0.02566,0.02795,-0.053033,HA
296_A/chicken/Jiangsu/24,A/chicken/Jiangsu/2477/2014_H5N1,-0.076586,-0.056905,0.023269,-0.069082,HA
297_A/chicken/Jiangsu/92,A/chicken/Jiangsu/927/2013_H5N1,-0.094138,-0.043626,0.021159,-0.051863,HA
298_A/chicken/Jiangsu/YB,A/chicken/Jiangsu/YB7/2015_H5N1,-0.114417,-0.075557,0.043851,-0.031364,HA
299_A/chicken/Jiangsu/k0,A/chicken/Jiangsu/k0402/2010_H5N1,-0.154431,-0.042394,0.029258,-0.051754,HA
300_A/chicken/Jiangxi/25,A/chicken/Jiangxi/25/2011_H5N1,-0.131675,-0.052981,0.000027,-0.068546,HA
301_A/chicken/Liaoning/2,A/chicken/Liaoning/23/2005_H5N1,-0.095419,-0.031154,0.012658,-0.058328,HA
302_A/chicken/Liaoning/A,A/chicken/Liaoning/A-1/2007_H5N1,-0.100483,-0.05608,0.014871,-0.059961,HA
303_A/chicken/Liaoning/S,A/chicken/Liaoning/S4092/2011_H5N1,-0.118044,-0.025229,0.009924,-0.086679,HA
304_A/chicken/Ningxia/2/,A/chicken/Ningxia/2/2012_H5N1,-0.106478,-0.007225,0.007141,-0.098352,HA
305_A/chicken/Ningxia/22,A/chicken/Ningxia/222/2012_H5N1,-0.104392,-0.007232,0.008695,-0.098677,HA
306_A/chicken/Ningxia/24,A/chicken/Ningxia/24/2006_H5N1,-0.122522,-0.059532,0.02111,-0.056399,HA
307_A/chicken/North_Chin,A/chicken/North_China/k0604/2010_H5N1,-0.115905,0.009967,0.037089,-0.069588,HA
308_A/chicken/Shandong/A,A/chicken/Shandong/A-10/2006_H5N1,-0.076528,-0.042566,0.033691,-0.091953,HA
309_A/chicken/Shantou/37,A/chicken/Shantou/3744/2003_H5N1,-0.090577,-0.02888,0.024947,-0.038817,HA
310_A/chicken/Shanxi/10/,A/chicken/Shanxi/10/2006_H5N1,-0.08943,-0.060572,0.021821,-0.063009,HA
311_A/chicken/Sheny/0606,A/chicken/Sheny/0606/2008_H5N1,-0.122495,-0.051595,0.030106,-0.053824,HA
312_A/chicken/Sichuan/81,A/chicken/Sichuan/81/2005_H5N1,-0.081999,-0.045364,0.03596,-0.084681,HA
313_A/chicken/Wuhan/HAQL,A/chicken/Wuhan/HAQL07/2014_H5N1,-0.116309,-0.074118,0.046067,-0.029931,HA
314_A/chicken/Wuhan/HAQL,A/chicken/Wuhan/HAQL16/2014_H5N1,-0.122047,-0.072491,0.051118,-0.024903,HA
315_A/chicken/Wuxi/WX-32,A/chicken/Wuxi/WX-32/2013_H5N1,-0.098886,-0.045796,0.025266,-0.047342,HA
316_A/chicken/Wuxi/WX-33,A/chicken/Wuxi/WX-33/2013_H5N1,-0.094621,-0.037971,0.014939,-0.057349,HA
317_A/chicken/Xinjiang/1,A/chicken/Xinjiang/17/2005_H5N1,-0.090923,-0.065951,0.019565,-0.088622,HA
318_A/chicken/Xinjiang/2,A/chicken/Xinjiang/27/2006_H5N1,-0.118257,-0.031285,0.017896,-0.076955,HA
319_A/chicken/Xinjiang/5,A/chicken/Xinjiang/53/2005_H5N1,-0.117273,-0.039262,0.01613,-0.066754,HA
320_A/chicken/Xinjiang/5,A/chicken/Xinjiang/54/2005_H5N1,-0.08773,-0.064777,0.028947,-0.080387,HA
321_A/chicken/Xinjiang/6,A/chicken/Xinjiang/67/2005_H5N1,-0.123854,-0.0493,0.022494,-0.082594,HA
322_A/chicken/Xinjiang/6,A/chicken/Xinjiang/68/2005_H5N1,-0.090866,-0.062879,0.021679,-0.079697,HA
323_A/chicken/Yunnan/1/2,A/chicken/Yunnan/1/2014_H5N1,-0.121548,0.007102,0.01832,-0.052906,HA
324_A/chicken/Yunnan/207,A/chicken/Yunnan/207/2004_H5N1,-0.077243,-0.019936,0.006463,-0.03624,HA
325_A/chicken/Yunnan/568,A/chicken/Yunnan/5686/2003_H5N1,-0.074966,-0.024964,0.008064,-0.045477,HA
326_A/chicken/Yunnan/679,A/chicken/Yunnan/6797/2003_H5N1,-0.077611,-0.018031,0.007618,-0.037443,HA
327_A/chicken/Yunnan/688,A/chicken/Yunnan/6885/2003_H5N1,-0.073894,-0.016242,0.010656,-0.040315,HA
328_A/condor/Guangdong/1,A/condor/Guangdong/139/2003_H5N1,-0.128831,-0.018283,0.012517,-0.056133,HA
329_A/domestic_green-win,A/domestic_green-winged_teal/Hunan/3450/2006_H5N1,-0.070986,-0.047264,0.033281,-0.083897,HA
330_A/duck/Anhui/56/2005,A/duck/Anhui/56/2005_H5N1,-0.077615,-0.041588,0.032013,-0.076855,HA
331_A/duck/China/0935/20,A/duck/China/0935/2017_H5N1,-0.07733,-0.046659,0.01227,-0.049134,HA
332_A/duck/China/1033/20,A/duck/China/1033/2017_H5N1,-0.07666,-0.046168,0.013129,-0.048427,HA
333_A/duck/China/E26/201,A/duck/China/E26/2012_H5N1,-0.127614,-0.040975,0.022535,-0.033593,HA
334_A/duck/China/E53/201,A/duck/China/E53/2012_H5N1,-0.135497,-0.061747,0.022002,-0.067231,HA
335_A/duck/Eastern_China,A/duck/Eastern_China/057/2007_H5N1,-0.084273,-0.01588,0.040967,-0.048664,HA
336_A/duck/Eastern_China,A/duck/Eastern_China/108/2008_H5N1,-0.081998,-0.0468,0.039828,-0.069713,HA
337_A/duck/Eastern_China,A/duck/Eastern_China/909/2009_H5N1,-0.06803,-0.040436,0.014244,-0.076792,HA
338_A/duck/Guangdong/23/,A/duck/Guangdong/23/2004_H5N1,-0.096044,-0.040007,0.0532,-0.068851,HA
339_A/duck/Hubei/2911/20,A/duck/Hubei/2911/2007_H5N1,-0.072218,-0.046239,0.050602,-0.097532,HA
340_A/duck/Hubei/49/2005,A/duck/Hubei/49/2005_H5N1,-0.072018,-0.033185,0.035024,-0.073265,HA
341_A/duck/Hubei/xn/2007,A/duck/Hubei/xn/2007_H5N1,-0.129552,-0.059108,0.017476,-0.051456,HA
342_A/duck/Hunan/3/2007_,A/duck/Hunan/3/2007_H5N1,-0.131548,-0.054454,0.019874,-0.037402,HA
343_A/duck/Hunan/316/200,A/duck/Hunan/316/2005_H5N1,-0.061924,-0.047827,0.033435,-0.091474,HA
344_A/duck/Hunan/3315/20,A/duck/Hunan/3315/2006_H5N1,-0.073646,-0.048451,0.029978,-0.074327,HA
345_A/duck/Hunan/689/200,A/duck/Hunan/689/2006_H5N1,-0.066199,-0.048574,0.040184,-0.087296,HA
346_A/duck/Hunan/733/200,A/duck/Hunan/733/2004_H5N1,-0.101674,-0.015221,0.052147,-0.065196,HA
347_A/duck/Hunan/8/2008_,A/duck/Hunan/8/2008_H5N1,-0.109889,-0.067954,0.02812,-0.026273,HA
348_A/duck/Hunan/S4020/2,A/duck/Hunan/S4020/2008_H5N1,-0.133698,-0.044245,0.028618,-0.055276,HA
349_A/duck/Hunan/S4030/2,A/duck/Hunan/S4030/2011_H5N1,-0.145445,-0.059379,0.027859,-0.048854,HA
350_A/duck/Hunan/S4150/2,A/duck/Hunan/S4150/2011_H5N1,-0.092044,-0.076724,0.038019,-0.037834,HA
351_A/duck/Hunan/S4220/2,A/duck/Hunan/S4220/2011_H5N1,-0.095155,-0.064863,0.008847,-0.099669,HA
352_A/duck/Jiangxi/120/2,A/duck/Jiangxi/120/2011_H5N1,-0.107549,0.002267,0.039667,-0.058701,HA
353_A/duck/Jiangxi/130/2,A/duck/Jiangxi/130/2011_H5N1,-0.098471,-0.062277,0.025113,-0.046163,HA
354_A/duck/Jiangxi/34/20,A/duck/Jiangxi/34/2011_H5N1,-0.129442,-0.064367,0.001409,-0.074625,HA
355_A/duck/Jiangxi/35/20,A/duck/Jiangxi/35/2011_H5N1,-0.131675,-0.052981,0.000027,-0.068546,HA
356_A/duck/Jiangxi/44/20,A/duck/Jiangxi/44/2011_H5N1,-0.131758,-0.047949,-0.003018,-0.063199,HA
357_A/duck/Jiangxi/80/20,A/duck/Jiangxi/80/2005_H5N1,-0.079991,-0.039398,0.03072,-0.084834,HA
358_A/duck/Jilin/JL-SIV/,A/duck/Jilin/JL-SIV/2013_H5N1,-0.033513,-0.030546,0.019296,-0.050731,HA
359_A/duck/Nanchang/9789,A/duck/Nanchang/9789/2013_H5N1,-0.098819,-0.06464,-0.001755,-0.037909,HA
360_A/duck/Shandong/009/,A/duck/Shandong/009/2008_H5N1,-0.077431,-0.044308,0.017595,-0.085667,HA
361_A/duck/Sichuan/NCXN1,A/duck/Sichuan/NCXN10/2014_H5N1,-0.094751,0.003756,0.023963,-0.071489,HA
362_A/duck/Sichuan/NCXN1,A/duck/Sichuan/NCXN11/2014_H5N1,-0.091399,0.004868,0.027367,-0.065868,HA
363_A/duck/Wenzhou/YJYF3,A/duck/Wenzhou/YJYF33/2015_H5N1,-0.135968,-0.071833,0.033459,-0.026201,HA
364_A/duck/Yunnan/4072/2,A/duck/Yunnan/4072/2003_H5N1,-0.072239,-0.021378,0.011094,-0.049876,HA
365_A/duck/Yunnan/426/20,A/duck/Yunnan/426/2004_H5N1,-0.074471,-0.017392,0.008497,-0.037522,HA
366_A/duck/Yunnan/4645/2,A/duck/Yunnan/4645/2003_H5N1,-0.085056,-0.024311,0.019277,-0.036846,HA
367_A/duck/Yunnan/47/200,A/duck/Yunnan/47/2006_H5N1,-0.08316,-0.018342,0.020717,-0.084185,HA
368_A/duck/Yunnan/485/20,A/duck/Yunnan/485/2004_H5N1,-0.077642,-0.019993,0.005898,-0.034469,HA
369_A/duck/Yunnan/4873/2,A/duck/Yunnan/4873/2006_H5N1,-0.07545,-0.018349,0.040492,-0.053854,HA
370_A/duck/Yunnan/5090/2,A/duck/Yunnan/5090/2003_H5N1,-0.076983,-0.023618,0.010736,-0.043297,HA
371_A/duck/Yunnan/5169/2,A/duck/Yunnan/5169/2003_H5N1,-0.07808,-0.022248,0.010957,-0.045268,HA
372_A/duck/Yunnan/522/20,A/duck/Yunnan/522/2004_H5N1,-0.075561,-0.01585,0.008851,-0.039549,HA
373_A/duck/Yunnan/5310/2,A/duck/Yunnan/5310/2006_H5N1,-0.072837,-0.044541,0.039973,-0.090998,HA
374_A/duck/Yunnan/5948/2,A/duck/Yunnan/5948/2003_H5N1,-0.073158,-0.022316,0.012863,-0.046375,HA
375_A/duck/Yunnan/6080/2,A/duck/Yunnan/6080/2003_H5N1,-0.074626,-0.016523,0.009735,-0.040884,HA
376_A/duck/Yunnan/6603/2,A/duck/Yunnan/6603/2003_H5N1,-0.077536,-0.016526,0.008754,-0.041324,HA
377_A/duck/Zhejiang/1220,A/duck/Zhejiang/1220092/2014_H5N1,-0.123122,-0.075694,0.041992,-0.042817,HA
378_A/duck/Zhejiang/213/,A/duck/Zhejiang/213/2011_H5N1,-0.130528,-0.047069,-0.006566,-0.078218,HA
379_A/duck/Zhejiang/224/,A/duck/Zhejiang/224/2011_H5N1,-0.136726,-0.033157,-0.000148,-0.07648,HA
380_A/duck/Zhejiang/2242,A/duck/Zhejiang/2242/2011_H5N1,-0.140215,-0.039518,0.007127,-0.077568,HA
381_A/duck/Zhejiang/2243,A/duck/Zhejiang/2243/2011_H5N1,-0.140215,-0.039518,0.007127,-0.077568,HA
382_A/duck/Zhejiang/2244,A/duck/Zhejiang/2244/2011_H5N1,-0.139804,-0.038487,0.005501,-0.078598,HA
383_A/duck/Zhejiang/2245,A/duck/Zhejiang/2245/2011_H5N1,-0.140215,-0.039518,0.007127,-0.077568,HA
384_A/duck/Zhejiang/2248,A/duck/Zhejiang/2248/2011_H5N1,-0.139844,-0.038391,0.007423,-0.077339,HA
385_A/equine/China/61/20,A/equine/China/61/2010_H5N1,-0.063379,-0.033016,0.047308,-0.068103,HA
386_A/equine/China/67/20,A/equine/China/67/2010_H5N1,-0.059896,-0.033284,0.041296,-0.065162,HA
387_A/equine/China/68/20,A/equine/China/68/2010_H5N1,-0.059127,-0.02741,0.036011,-0.073786,HA
388_A/goose/China/E43/20,A/goose/China/E43/2012_H5N1,-0.150128,-0.054302,0.024669,-0.093824,HA
389_A/goose/Eastern_Chin,A/goose/Eastern_China/223/2008_H5N1,-0.112651,-0.021339,0.053231,-0.03693,HA
390_A/goose/GuangDong/11,A/goose/GuangDong/1189/2023_H5N1,-0.048051,-0.006533,0.000895,-0.068445,HA
391_A/goose/Guangdong/72,A/goose/Guangdong/72/2004_H5N1,-0.101317,-0.021211,0.017905,-0.063158,HA
392_A/goose/Hubei/65/200,A/goose/Hubei/65/2005_H5N1,-0.059242,-0.038908,0.033266,-0.070313,HA
393_A/goose/Inner_Mongol,A/goose/Inner_Mongolia/IM-192/2014_H5N1,-0.090354,-0.044005,0.013935,-0.050634,HA
394_A/goose/Jiangsu/k040,A/goose/Jiangsu/k0403/2010_H5N1,-0.150695,-0.058814,0.016515,-0.07037,HA
395_A/goose/Yunnan/3798/,A/goose/Yunnan/3798/2006_H5N1,-0.081266,-0.016921,0.026825,-0.082224,HA
396_A/goose/Yunnan/4371/,A/goose/Yunnan/4371/2006_H5N1,-0.07545,-0.018349,0.040492,-0.053854,HA
397_A/goose/Yunnan/4389/,A/goose/Yunnan/4389/2006_H5N1,-0.07545,-0.018349,0.040492,-0.053854,HA
398_A/goose/Yunnan/4985/,A/goose/Yunnan/4985/2006_H5N1,-0.0756,-0.018199,0.040066,-0.052259,HA
399_A/goose/Yunnan/5141/,A/goose/Yunnan/5141/2006_H5N1,-0.091004,-0.030046,0.023046,-0.087805,HA
400_A/goose/Yunnan/5769/,A/goose/Yunnan/5769/2006_H5N1,-0.076292,-0.044571,0.043513,-0.078865,HA
401_A/goose/Yunnan/5979/,A/goose/Yunnan/5979/2006_H5N1,-0.073993,-0.041804,0.035792,-0.087122,HA
402_A/goose/Yunnan/6193/,A/goose/Yunnan/6193/2006_H5N1,-0.052779,-0.021726,0.029329,-0.072356,HA
403_A/goose/Zhejiang/112,A/goose/Zhejiang/112071/2014_H5N1,-0.06984,-0.058838,0.024521,-0.039762,HA
404_A/goose/Zhejiang/727,A/goose/Zhejiang/727098/2014_H5N1,-0.092472,-0.045408,0.026588,-0.044846,HA
405_A/great_black-headed,A/great_black-headed_gull/Qinghai/8/2009_H5N1,-0.129659,-0.051184,0.033048,-0.048216,HA
406_A/great_crested-greb,A/great_crested-grebe/Qinghai/1/2009_H5N1,-0.142296,-0.052666,0.030991,-0.054629,HA
407_A/great_egret/Hong_K,A/great_egret/Hong_Kong/807/2008_H5N1,-0.14209,-0.043823,0.022471,-0.076245,HA
408_A/great_tit/Panjing/,A/great_tit/Panjing/PJ-66/2013_H5N1,-0.091414,-0.064527,0.018378,-0.028821,HA
409_A/grey_heron/Hong_Ko,A/grey_heron/Hong_Kong/1046/2008_H5N1,-0.133229,-0.049555,0.015385,-0.076527,HA
410_A/grey_heron/Hong_Ko,A/grey_heron/Hong_Kong/3088/2007_H5N1,-0.139197,-0.045619,0.022437,-0.066333,HA
411_A/hill_myna/Heilongj,A/hill_myna/Heilongjiang/0704/2012_H5N1,-0.094448,-0.068426,0.015195,-0.073695,HA
412_A/lesser_kestrel/Hei,A/lesser_kestrel/Heilongjiang/194/2007_H5N1,-0.066584,-0.050809,0.051417,-0.082779,HA
413_A/lion/Hubei/1-2/201,A/lion/Hubei/1-2/2016_H5N1,-0.138389,-0.063806,0.023083,-0.025181,HA
414_A/little_egret/Hong_,A/little_egret/Hong_Kong/8550/2007_H5N1,-0.154356,-0.039299,0.026594,-0.065159,HA
415_A/magpie_robin/Hong_,A/magpie_robin/Hong_Kong/1097/2008_H5N1,-0.137188,-0.055945,0.018461,-0.071177,HA
416_A/magpie_robin/Hong_,A/magpie_robin/Hong_Kong/1897/2008_H5N1,-0.139264,-0.056176,0.023623,-0.071009,HA
417_A/meerkat/Shanghai/S,A/meerkat/Shanghai/SH-1/2012_H5N1,-0.093112,-0.046015,0.016544,-0.053849,HA
418_A/mink/China/G/2015_,A/mink/China/G/2015_H5N1,-0.118715,-0.062686,0.011118,-0.055835,HA
419_A/mink/China/XB/2015,A/mink/China/XB/2015_H5N1,-0.122432,-0.081771,0.037154,-0.052579,HA
420_A/mink/Eastern_China,A/mink/Eastern_China/0712/2018_H5N1,-0.10412,0.004254,0.008382,-0.056402,HA
421_A/ostrich/Suzhou/097,A/ostrich/Suzhou/097/2003_H5N1,-0.104619,-0.031259,0.062439,-0.033482,HA
422_A/parrot/Guangdong/C,A/parrot/Guangdong/C99/2005_H5N1,-0.111013,-0.036191,0.025662,-0.053464,HA
423_A/partridge/Shantou/,A/partridge/Shantou/2886/2003_H5N1,-0.090442,-0.043704,0.016155,-0.061704,HA
424_A/peacock/Yunnan/1/2,A/peacock/Yunnan/1/2015_H5N1,-0.127137,-0.069583,0.052966,-0.033661,HA
425_A/peacock/Yunnan/3/2,A/peacock/Yunnan/3/2015_H5N1,-0.119756,-0.079199,0.045378,-0.039412,HA
426_A/peregrine_falcon/H,A/peregrine_falcon/Hong_Kong/2142/2008_H5N1,-0.084517,-0.015804,0.045399,-0.040524,HA
427_A/pheasant/Shantou/3,A/pheasant/Shantou/3535/2003_H5N1,-0.087763,-0.044665,0.024143,-0.049047,HA
428_A/pheasant/Shantou/4,A/pheasant/Shantou/4567/2002_H5N1,-0.091443,-0.060156,0.027277,-0.042307,HA
429_A/pied_megpie/Liaoni,A/pied_megpie/Liaoning/7/2006_H5N1,-0.092552,-0.031467,0.000371,-0.04956,HA
430_A/pigeon/Hubei/RP25/,A/pigeon/Hubei/RP25/2012_H5N1,-0.082442,-0.011852,0.036843,-0.048511,HA
431_A/pigeon/Sichuan/NCX,A/pigeon/Sichuan/NCXN29/2014_H5N1,-0.091219,0.004599,0.026101,-0.066243,HA
432_A/pigeon/Zhejiang/11,A/pigeon/Zhejiang/112089/2014_H5N1,-0.07138,-0.057998,0.022326,-0.037986,HA
433_A/pigeon/Zhejiang/11,A/pigeon/Zhejiang/112090/2014_H5N1,-0.079598,-0.045061,0.02637,-0.058121,HA
434_A/pigeon/Zhejiang/72,A/pigeon/Zhejiang/727097/2014_H5N1,-0.092472,-0.045408,0.026588,-0.044846,HA
435_A/plateau_pika/Qingh,A/plateau_pika/Qinghai/04/2007_H5N1,-0.069863,-0.069028,0.036657,-0.042827,HA
436_A/quail/Guangxi/11/2,A/quail/Guangxi/11/2002_H5N1,-0.084926,-0.056473,0.023982,-0.07627,HA
437_A/quail/Guangxi/12/2,A/quail/Guangxi/12/2002_H5N1,-0.095226,-0.054119,0.015487,-0.065055,HA
438_A/quail/Guangxi/13/2,A/quail/Guangxi/13/2002_H5N1,-0.08763,-0.05944,0.019366,-0.07418,HA
439_A/quail/Nanchang/663,A/quail/Nanchang/6631/2013_H5N1,-0.095863,-0.064018,-0.005189,-0.045651,HA
440_A/shrike/Tibet/13/20,A/shrike/Tibet/13/2006_H5N1,-0.071093,-0.042804,0.057906,-0.071778,HA
441_A/silky_chicken/Shan,A/silky_chicken/Shantou/475/2004_H5N1,-0.103138,-0.033006,0.036714,-0.0671,HA
442_A/swan/Shanghai/10/2,A/swan/Shanghai/10/2009_H5N1,-0.134302,-0.052275,0.039774,-0.023683,HA
443_A/swine/Guangxi/592/,A/swine/Guangxi/592/2011_H5N1,-0.138991,-0.04275,0.018531,-0.069274,HA
444_A/swine/Jiangsu/1/20,A/swine/Jiangsu/1/2008_H5N1,-0.096164,-0.042812,0.022579,-0.069072,HA
445_A/swine/Jiangsu/2/20,A/swine/Jiangsu/2/2009_H5N1,-0.052459,-0.052062,0.053904,-0.040961,HA
446_A/swine/Shandong/SD1,A/swine/Shandong/SD1/2014_H5N1,-0.109167,-0.039452,0.036102,-0.028612,HA
447_A/swine/Zhejiang/SW5,A/swine/Zhejiang/SW57/2015_H5N1,-0.092472,-0.045408,0.026588,-0.044846,HA
448_A/tiger/Yunnan/tig14,A/tiger/Yunnan/tig1404/2014_H5N1,-0.083359,-0.00692,0.020618,-0.051062,HA
449_A/tiger/Yunnan/tig14,A/tiger/Yunnan/tig1412/2014_H5N1,-0.11618,-0.054776,-0.011854,-0.07532,HA
450_A/tiger/Yunnan/tig15,A/tiger/Yunnan/tig1508/2015_H5N1,-0.134347,-0.064917,0.04089,-0.044927,HA
451_A/turtle_dove/Guangd,A/turtle_dove/Guangdong/300/2005_H5N1,-0.070594,-0.026996,0.023318,-0.094141,HA
452_A/waterfowl/Hong_Kon,A/waterfowl/Hong_Kong/378.5/2001_H5N1,-0.088244,-0.037422,0.013709,-0.069212,HA
453_A/wild_duck/Fujian/1,A/wild_duck/Fujian/1/2011_H5N1,-0.12067,-0.026707,-0.019476,-0.070322,HA
454_A/wild_duck/Fujian/2,A/wild_duck/Fujian/2/2011_H5N1,-0.12067,-0.026707,-0.019476,-0.070322,HA
455_A/wild_duck/Jilin/HF,A/wild_duck/Jilin/HF/2011_H5N1,-0.098888,-0.064163,0.024724,-0.05286,HA
456_A/wild_duck/Jilin/ZF,A/wild_duck/Jilin/ZF/2011_H5N1,-0.109291,-0.074417,0.0559,-0.051772,HA
457_A/wild_duck/Liaoning,A/wild_duck/Liaoning/8/2006_H5N1,-0.092373,-0.045476,0.004911,-0.047212,HA
458_A/wild_duck/Shandong,A/wild_duck/Shandong/1/2011_H5N1,-0.12027,-0.020946,0.001803,-0.080451,HA
459_A/wild_duck/Shandong,A/wild_duck/Shandong/2/2011_H5N1,-0.131954,-0.05307,0.028187,-0.034949,HA
460_A/wild_duck/Shandong,A/wild_duck/Shandong/628/2011_H5N1,-0.081584,-0.004042,0.050878,-0.071133,HA
461_A/Hong_Kong/486/97,A/Indonesia/5/2005,0.217862,-0.252352,-0.067811,0.05878,MP1
462_A/Hong_Kong/538/97,A/Hong Kong/483/1997,0.219504,-0.251287,-0.068202,0.057815,MP1
463_A/Indonesia/5/2005,A/Hong Kong/482/97,0.285081,-0.306567,-0.114535,-0.006673,MP1
464_A/Pheasant/Hong_Kong,A/Chicken/HongKong/FY150/01,0.269114,-0.306774,-0.039475,0.010504,MP1
465_A/Thailand/16/2004,A/Chicken/HongKong/YU822.2/01,0.29909,-0.304759,-0.100565,-0.027215,MP1
466_A/chicken/Indonesia/,A/Chicken/HongKong/YU562/01,0.272369,-0.316075,-0.101482,0.005739,MP1
467_A/Chicken/HongKong/F,A/Pheasant/Hong Kong/FY155/01,0.282994,-0.29632,-0.096049,-0.012798,MP1
468_A/Chicken/HongKong/Y,A/Hong Kong/486/97,0.215877,-0.37477,-0.075006,0.034986,MP1
469_A/Chicken/HongKong/Y,A/Thailand/16/2004,0.288981,-0.294442,-0.126108,-0.002313,MP1
470_A/chicken/Korea/ES/0,A/Hong Kong/538/97,0.257044,-0.282974,-0.106578,-0.017369,MP1
471_A/Vietnam/UT3062/200,A/chicken/Indonesia/7/2003,0.288353,-0.310257,-0.105341,-0.023701,MP1
472_A/Hong_Kong/156/97,A/chicken/Korea/ES/03,0.226877,-0.249829,-0.064324,0.047797,MP1
473_A/whooper_swan/Mongo,A/Hong Kong/156/97,0.297991,-0.297407,-0.101931,-0.023913,MP1
474_A/Hong_Kong/483/1997,A/whooper swan/Mongolia/244/2005,0.226252,-0.250255,-0.069093,0.036516,MP1
475_A/Hong_Kong/482/97,A/Vietnam/UT3062/2004,0.217862,-0.252352,-0.067811,0.05878,MP1
476_A/Anas_platyrhynchos,A/Anas_platyrhynchos/Chongming/H5N1_1/2024,0.159718,-0.33837,-0.055967,0.011437,MP1
477_A/Anas_platyrhynchos,A/Anas_platyrhynchos/Jiujiang/H5N1/2024,0.159718,-0.33837,-0.055967,0.011437,MP1
478_A/Anhui/1/2005|EPI_I,A/Anhui/1/2005,0.277186,-0.310564,-0.087738,0.015497,MP1
479_A/Anhui/1/2006|EPI_I,A/Anhui/1/2006,0.265909,-0.309836,-0.094347,0.016202,MP1
480_A/Anhui/2/2005|EPI_I,A/Anhui/2/2005,0.277186,-0.310564,-0.087738,0.015497,MP1
481_A/Anser_cygnoides/Ch,A/Anser_cygnoides/China/P126/2015,0.296667,-0.343592,-0.112194,-0.082813,MP1
482_A/Anser_fabalis/Jiuj,A/Anser_fabalis/Jiujiang/H5N1/2024,0.159718,-0.33837,-0.055967,0.011437,MP1
483_A/Bar-headed_Goose/Q,A/Bar-headed_Goose/Qinghai/BTY2/2015_H5N1,0.282071,-0.33118,-0.096871,0.007283,MP1
484_A/Bar-headed_Goose/T,A/Bar-headed_Goose/Tibet/XZ901/2021,0.185695,-0.324856,-0.078149,0.003522,MP1
485_A/Bar-headed_Goose/T,A/Bar-headed_Goose/Tibet/XZ1131/2021,0.185695,-0.324856,-0.078149,0.003522,MP1
486_A/Black_faced_Spoonb,A/Black_faced_Spoonbill/AFCD-HKU-22-21944-01009/2022,0.175329,-0.325977,-0.08627,0.015277,MP1
487_A/Black_Faced_Spoonb,A/Black_Faced_Spoonbill/Hong_Kong/AFCD-HKU-21-17198.01012/2021,0.178792,-0.322468,-0.085387,-0.000205,MP1
488_A/Black_Faced_Spoonb,A/Black_Faced_Spoonbill/Hong_Kong/AFCD-HKU-22-21429-01012/2022,0.169082,-0.33324,-0.063668,0.011344,MP1
489_A/Black-necked_Grebe,A/Black-necked_Grebe/Inner_Mongolia/Anal_swab4/2015_H5N1,0.277913,-0.404433,-0.114895,0.005405,MP1
490_A/Black-necked_Grebe,A/Black-necked_Grebe/Inner_Mongolia/Brain1/2015_H5N1,0.292163,-0.336452,-0.092629,-0.0133,MP1
491_A/Black-necked_Grebe,A/Black-necked_Grebe/Inner_Mongolia/Brain3/2015_H5N1,0.292163,-0.336452,-0.092629,-0.0133,MP1
492_A/Black-necked_Grebe,A/Black-necked_Grebe/Inner_Mongolia/Liver3/2015_H5N1,0.292163,-0.336452,-0.092629,-0.0133,MP1
493_A/Black-necked_Grebe,A/Black-necked_Grebe/Inner_Mongolia/Lung2/2015_H5N1,0.292163,-0.336452,-0.092629,-0.0133,MP1
494_A/Black-necked_Grebe,A/Black-necked_Grebe/Inner_Mongolia/Lung3-2/2015_H5N1,0.292163,-0.336452,-0.092629,-0.0133,MP1
495_A/Black-necked_Grebe,A/Black-necked_Grebe/Inner_Mongolia/Oropharynx_swab3/2015_H5N1,0.292163,-0.336452,-0.092629,-0.0133,MP1
496_A/Black-necked_Grebe,A/Black-necked_Grebe/Inner_Mongolia/Trachea3/2015_H5N1,0.292163,-0.336452,-0.092629,-0.0133,MP1
497_A/chicken/Anhui/S174,A/chicken/Anhui/S1740/2022(H5N1),0.187785,-0.330229,-0.064166,-0.0236,MP1
498_A/chicken/China/Cang,A/chicken/China/Cangzhou03/2023,0.161594,-0.338376,-0.057894,0.009703,MP1
499_A/chicken/China/E93/,A/chicken/China/E93/2012,0.191812,-0.236041,-0.131702,-0.038454,MP1
500_A/chicken/China/E96/,A/chicken/China/E96/2012,0.196268,-0.238774,-0.131668,-0.040638,MP1
501_A/chicken/Gansu/5/20,A/chicken/Gansu/5/2012,0.110357,-0.259742,-0.065275,-0.018363,MP1
502_A/chicken/Gansu/6/20,A/chicken/Gansu/6/2012,0.196268,-0.238774,-0.131668,-0.040638,MP1
503_A/chicken/Guangxi/S2,A/chicken/Guangxi/S2039/2009,0.301473,-0.363816,-0.117885,-0.039424,MP1
504_A/chicken/Hubei/2856,A/chicken/Hubei/2856/2007,0.272852,-0.307642,-0.081514,0.015583,MP1
505_A/chicken/Hunan/1793,A/chicken/Hunan/1793/2007,0.279845,-0.288642,-0.093993,-0.000614,MP1
506_A/chicken/Hunan/3157,A/chicken/Hunan/3157/2006,0.266619,-0.306634,-0.082518,-0.00074,MP1
507_A/chicken/Hunan/S100,A/chicken/Hunan/S10029/2018(H5N1),0.259523,-0.358299,-0.095024,-0.017153,MP1
508_A/chicken/Jiangsu/03,A/chicken/Jiangsu/03.17_WX006-P/2015(H5N1),0.162048,-0.197312,-0.093759,-0.012938,MP1
509_A/chicken/Jiangsu/92,A/chicken/Jiangsu/927/2013,0.294422,-0.333128,-0.103714,-0.027027,MP1
510_A/chicken/Jiangsu/24,A/chicken/Jiangsu/2477/2014,0.299048,-0.338405,-0.098691,-0.019334,MP1
511_A/chicken/Jiangsu/k0,A/chicken/Jiangsu/k0402/2010,0.274293,-0.307558,-0.060659,-0.017901,MP1
512_A/chicken/Jiangsu/SE,A/chicken/Jiangsu/SE2228/2017(H5N1),0.309814,-0.341436,-0.120676,-0.041223,MP1
513_A/chicken/Jiangsu/YB,A/chicken/Jiangsu/YB7/2015,0.163893,-0.202262,-0.090559,-0.008468,MP1
514_A/chicken/Jiangxi/25,A/chicken/Jiangxi/25/2011,0.300375,-0.360758,-0.096247,-0.040733,MP1
515_A/chicken/Jiangxi/S4,A/chicken/Jiangxi/S40653/2021(H5N1),0.191957,-0.325412,-0.061409,-0.030281,MP1
516_A/chicken/Jilin/04.1,A/chicken/Jilin/04.12_MHK001-O/2015(H5N1),0.267159,-0.337665,-0.10059,-0.042154,MP1
517_A/chicken/Jilin/04.1,A/chicken/Jilin/04.12_MHK002-O/2015(H5N1),0.267159,-0.337665,-0.10059,-0.042154,MP1
518_A/chicken/Jilin/04.1,A/chicken/Jilin/04.12_MHK003-O/2015(H5N1),0.267159,-0.337665,-0.10059,-0.042154,MP1
519_A/chicken/Jilin/04.1,A/chicken/Jilin/04.12_MHK004-O/2015(Mixed),0.267159,-0.337665,-0.10059,-0.042154,MP1
520_A/chicken/Jilin/04.2,A/chicken/Jilin/04.25_MHK009/2015(H5N1),0.308267,-0.351746,-0.100401,-0.023603,MP1
521_A/chicken/Jilin/S125,A/chicken/Jilin/S1255/2019(H5N1),0.308795,-0.336182,-0.120095,-0.02221,MP1
522_A/chicken/Jilin/S127,A/chicken/Jilin/S1271/2019(H5N1),0.308795,-0.336182,-0.120095,-0.02221,MP1
523_A/chicken/Liaoning/S,A/chicken/Liaoning/S4092/2011,0.178844,-0.237067,-0.11873,-0.048132,MP1
524_A/chicken/Liaoning/S,A/chicken/Liaoning/SD035/2018(H5N1),0.290621,-0.352376,-0.104909,-0.010807,MP1
525_A/chicken/Ningxia/2/,A/chicken/Ningxia/2/2012,0.172934,-0.241913,-0.097801,-0.023099,MP1
526_A/chicken/Ningxia/22,A/chicken/Ningxia/222/2012,0.172934,-0.241913,-0.097801,-0.023099,MP1
527_A/chicken/Shandong/1,A/chicken/Shandong/12.03_YA-CK/2014(H5N1),0.158658,-0.201389,-0.082382,-0.000768,MP1
528_A/Chicken/Shandong/J,A/Chicken/Shandong/J01/2009,0.262334,-0.385955,-0.122175,-0.070785,MP1
529_A/Chicken/Shandong/J,A/Chicken/Shandong/J02/2009,0.197058,-0.235866,-0.131344,-0.038779,MP1
530_A/Chicken/Shandong/J,A/Chicken/Shandong/J03/2009,0.189905,-0.248663,-0.12243,-0.032889,MP1
531_A/Chicken/Shandong/J,A/Chicken/Shandong/J04/2009,0.18648,-0.24453,-0.111551,-0.028061,MP1
532_A/Chicken/Shandong/J,A/Chicken/Shandong/J06/2009,0.24124,-0.325837,-0.064192,-0.015569,MP1
533_A/chicken/Shanghai/S,A/chicken/Shanghai/S1123/2019(H5N1),0.301472,-0.317767,-0.122983,-0.029244,MP1
534_A/chicken/Shanghai/S,A/chicken/Shanghai/S4030/2017(H5N1),0.309814,-0.341436,-0.120676,-0.041223,MP1
535_A/chicken/Wuxi/WX-32,A/chicken/Wuxi/WX-32/2013,0.307671,-0.345443,-0.103978,-0.024556,MP1
536_A/chicken/Wuxi/WX-33,A/chicken/Wuxi/WX-33/2013,0.307671,-0.345443,-0.103978,-0.024556,MP1
537_A/chicken/Xinjiang/S,A/chicken/Xinjiang/S1016/2019(H5N1),0.301472,-0.317767,-0.122983,-0.029244,MP1
538_A/chicken/Xinjiang/S,A/chicken/Xinjiang/S1081/2019(H5N1),0.301472,-0.317767,-0.122983,-0.029244,MP1
539_A/chicken/Xinjiang/S,A/chicken/Xinjiang/S1170/2019(H5N1),0.294073,-0.312141,-0.114321,-0.023642,MP1
540_A/chicken/Yunnan/1/2,A/chicken/Yunnan/1/2014,0.299805,-0.335317,-0.109947,-0.079425,MP1
541_A/condor/Guangdong/1,A/condor/Guangdong/139/2003,0.288326,-0.31927,-0.124196,-0.021313,MP1
542_A/Curlew/Hong_Kong/A,A/Curlew/Hong_Kong/AFCD-HKU-22-01095.01009/2022,0.178792,-0.322468,-0.085387,-0.000205,MP1
543_A/Cygnus_columbianus,A/Cygnus_columbianus/Hubei/117/2021,0.135259,-0.354707,-0.057504,0.00802,MP1
544_A/Cygnus_columbianus,A/Cygnus_columbianus/Hubei/121/2021,0.155664,-0.337457,-0.059903,0.013671,MP1
545_A/Cygnus_columbianus,A/Cygnus_columbianus/Hubei/123/2021,0.135259,-0.354707,-0.057504,0.00802,MP1
546_A/Cygnus_columbianus,A/Cygnus_columbianus/Hubei/128/2021,0.135259,-0.354707,-0.057504,0.00802,MP1
547_A/domestic_green-win,A/domestic_green-winged_teal/Hunan/3450/2006,0.165853,-0.309247,-0.080326,0.013021,MP1
548_A/duck/China/E26/201,A/duck/China/E26/2012,0.283442,-0.317465,-0.093902,-0.049951,MP1
549_A/duck/China/E53/201,A/duck/China/E53/2012,0.297825,-0.355483,-0.109915,-0.034819,MP1
550_A/duck/Eastern_China,A/duck/Eastern_China/108/2008,0.237154,-0.299195,-0.082888,0.04089,MP1
551_A/duck/Eastern_China,A/duck/Eastern_China/909/2009,0.242716,-0.300122,-0.091576,0.03271,MP1
552_A/duck/Fujian/S1233/,A/duck/Fujian/S1233/2018(H5N1),0.307272,-0.262771,-0.141984,-0.07236,MP1
553_A/duck/Fujian/S1273/,A/duck/Fujian/S1273/2018(H5N1),0.307272,-0.262771,-0.141984,-0.07236,MP1
554_A/Duck/Fujian/S4146/,A/Duck/Fujian/S4146/2010,0.302954,-0.355567,-0.126887,-0.044192,MP1
555_A/duck/Guangdong/S45,A/duck/Guangdong/S4518/2021(H5N1),0.175637,-0.349443,-0.087371,-0.009228,MP1
556_A/duck/Guangdong/S45,A/duck/Guangdong/S4525/2021(H5N1),0.175637,-0.349443,-0.087371,-0.009228,MP1
557_A/duck/Guizhou/S1321,A/duck/Guizhou/S1321/2022(H5N1),0.173969,-0.342135,-0.087654,-0.004624,MP1
558_A/duck/Guizhou/S1711,A/duck/Guizhou/S1711/2024(H5N1),0.159718,-0.33837,-0.055967,0.011437,MP1
559_A/duck/Hubei/03.06__,A/duck/Hubei/03.06__WHWTZ0155-P/2015(H5N1),0.16256,-0.219456,-0.076145,-0.013206,MP1
560_A/duck/Hubei/46/2009,A/duck/Hubei/46/2009,0.279204,-0.385358,-0.100533,0.028691,MP1
561_A/duck/Hubei/2911/20,A/duck/Hubei/2911/2007,0.274627,-0.307498,-0.082055,0.0076,MP1
562_A/duck/Hubei/S4465/2,A/duck/Hubei/S4465/2021(H5N1),0.192372,-0.332688,-0.049771,-0.009017,MP1
563_A/duck/Hubei/SE128/2,A/duck/Hubei/SE128/2022(H5N1),0.187785,-0.330229,-0.064166,-0.0236,MP1
564_A/duck/Hubei/SE220/2,A/duck/Hubei/SE220/2022(H5N1),0.171512,-0.338417,-0.091817,-0.003861,MP1
565_A/duck/Hubei/xn/2007,A/duck/Hubei/xn/2007,0.296807,-0.334831,-0.085786,-0.022663,MP1
566_A/duck/Hunan/03.07_Y,A/duck/Hunan/03.07_YYGK1L3-OC/2018,0.259523,-0.358299,-0.095024,-0.017153,MP1
567_A/duck/Hunan/12.07__,A/duck/Hunan/12.07__YYGK44-P/2013(Mixed),0.288263,-0.34906,-0.095634,-0.034828,MP1
568_A/duck/Hunan/12.07__,A/duck/Hunan/12.07__YYGK97-P/2013(H5N1),0.281015,-0.385645,-0.120927,-0.027584,MP1
569_A/duck/Hunan/12.07_Y,A/duck/Hunan/12.07_YYGK007-P/2013(H5N1),0.281015,-0.385645,-0.120927,-0.027584,MP1
570_A/duck/Hunan/12.07_Y,A/duck/Hunan/12.07_YYGK100-P/2013(H5N1),0.301743,-0.340874,-0.111455,-0.029221,MP1
571_A/duck/Hunan/316/200,A/duck/Hunan/316/2005,0.259776,-0.307883,-0.096128,0.024979,MP1
572_A/duck/Hunan/689/200,A/duck/Hunan/689/2006,0.254339,-0.311649,-0.069266,-0.008754,MP1
573_A/duck/Hunan/3315/20,A/duck/Hunan/3315/2006,0.27587,-0.294169,-0.103376,0.005556,MP1
574_A/duck/Hunan/S4020/2,A/duck/Hunan/S4020/2008,0.286173,-0.30423,-0.076242,-0.024079,MP1
575_A/duck/Hunan/S4030/2,A/duck/Hunan/S4030/2011,0.287435,-0.383129,-0.116179,-0.065883,MP1
576_A/duck/Hunan/S4150/2,A/duck/Hunan/S4150/2011,0.267134,-0.309846,-0.061363,-0.002562,MP1
577_A/duck/Hunan/S4220/2,A/duck/Hunan/S4220/2011,0.324848,-0.343338,-0.119562,-0.044561,MP1
578_A/duck/Jiangsu/S4439,A/duck/Jiangsu/S4439/2017(H5N1),0.307866,-0.34143,-0.118675,-0.039422,MP1
579_A/duck/Jiangsu/SE112,A/duck/Jiangsu/SE1128/2018(H5N1),0.309814,-0.341436,-0.120676,-0.041223,MP1
580_A/duck/Jiangxi/34/20,A/duck/Jiangxi/34/2011,0.306935,-0.360129,-0.117409,-0.037728,MP1
581_A/duck/Jiangxi/35/20,A/duck/Jiangxi/35/2011,0.306935,-0.360129,-0.117409,-0.037728,MP1
582_A/duck/Jiangxi/44/20,A/duck/Jiangxi/44/2011,0.21253,-0.19901,0.012386,-0.069818,MP1
583_A/duck/Jiangxi/120/2,A/duck/Jiangxi/120/2011,0.123002,-0.180333,-0.082449,0.052809,MP1
584_A/duck/Jiangxi/130/2,A/duck/Jiangxi/130/2011,0.257239,-0.305997,-0.04645,0.005704,MP1
585_A/duck/Jiangxi/S4083,A/duck/Jiangxi/S40833/2021(H5N1),0.187785,-0.330229,-0.064166,-0.0236,MP1
586_A/duck/Jilin/04.04_S,A/duck/Jilin/04.04_SY002-O/2015(Mixed),0.308536,-0.344588,-0.101525,-0.024642,MP1
587_A/duck/Jilin/JL-SIV/,A/duck/Jilin/JL-SIV/2013,0.277633,-0.312047,-0.087146,0.011045,MP1
588_A/duck/Jilin/S1261/2,A/duck/Jilin/S1261/2019(H5N1),0.305139,-0.333281,-0.117795,-0.035816,MP1
589_A/duck/Jilin/S4171/2,A/duck/Jilin/S4171/2019(H5N1),0.292674,-0.342186,-0.105137,-0.016216,MP1
590_A/duck/Nanchang/9789,A/duck/Nanchang/9789/2013,0.311764,-0.33398,-0.138634,-0.055646,MP1
591_A/duck/Shandong/009/,A/duck/Shandong/009/2008,0.114488,-0.1645,-0.081436,-0.006692,MP1
592_A/Duck/Shandong/Y01/,A/Duck/Shandong/Y01/2009,0.275973,-0.323687,-0.062664,-0.001679,MP1
593_A/Duck/Shandong/Y02/,A/Duck/Shandong/Y02/2009,0.277226,-0.315119,-0.057121,-0.023146,MP1
594_A/duck/Sichuan/NCXN1,A/duck/Sichuan/NCXN10/2014,0.27353,-0.333145,-0.101925,-0.094673,MP1
595_A/duck/Sichuan/NCXN1,A/duck/Sichuan/NCXN11/2014,0.266666,-0.326095,-0.099947,-0.10037,MP1
596_A/duck/Xinjiang/S106,A/duck/Xinjiang/S1066/2019(H5N1),0.301472,-0.317767,-0.122983,-0.029244,MP1
597_A/duck/Xinjiang/S112,A/duck/Xinjiang/S1126/2019(H5N1),0.301472,-0.317767,-0.122983,-0.029244,MP1
598_A/duck/Zhejiang/1220,A/duck/Zhejiang/1220092/2014,0.163893,-0.202262,-0.090559,-0.008468,MP1
599_A/duck/Zhejiang/S409,A/duck/Zhejiang/S4091/2017(H5N1),0.304964,-0.344364,-0.113843,-0.032649,MP1
600_A/equine/China/61/20,A/equine/China/61/2010,0.290384,-0.320461,-0.097773,0.010243,MP1
601_A/equine/China/67/20,A/equine/China/67/2010,0.277493,-0.30458,-0.086235,0.00098,MP1
602_A/equine/China/68/20,A/equine/China/68/2010,0.285278,-0.316953,-0.092702,0.015871,MP1
603_A/Eurasian_Teal/Hong,A/Eurasian_Teal/Hong_Kong/AFCD-HKU-23-14009-01020/2023,0.169955,-0.333902,-0.066945,0.009892,MP1
604_A/Eurasian_Teal/Hong,A/Eurasian_Teal/Hong_Kong/AFCD-HKU-23-14383-02001/2023,0.176276,-0.331762,-0.067434,0.013446,MP1
605_A/Eurasian_Wigeon/Ho,A/Eurasian_Wigeon/Hong_Kong/AFCD-HKU-23-14484-01001/2023,0.176276,-0.331762,-0.067434,0.013446,MP1
606_A/Eurasian_Wigeon/Ho,A/Eurasian_Wigeon/Hong_Kong/AFCD-HKU-23-14524-01009/2023,0.176276,-0.331762,-0.067434,0.013446,MP1
607_A/Falco_peregrinus/B,A/Falco_peregrinus/Beijing/1/_2022,0.161594,-0.338376,-0.057894,0.009703,MP1
608_A/Fujian/1/2005|EPI_,A/Fujian/1/2005,0.301762,-0.310823,-0.113563,-0.00023,MP1
609_A/Fujian/1/2007|EPI_,A/Fujian/1/2007,0.289913,-0.308919,-0.087542,0.018406,MP1
610_A/Gallinago_Stenura/,A/Gallinago_Stenura/Hong_Kong/AFCD-HKU-23-14383-01014/2023,0.176276,-0.331762,-0.067434,0.013446,MP1
611_A/goose/China/E43/20,A/goose/China/E43/2012,0.299097,-0.356523,-0.109465,-0.034785,MP1
612_A/goose/Guangdong/SH,A/goose/Guangdong/SH7/2013(H5N1),0.299963,-0.338424,-0.112195,-0.080512,MP1
613_A/goose/Guizhou/S154,A/goose/Guizhou/S1541/2022(H5N1),0.173969,-0.342135,-0.087654,-0.004624,MP1
614_A/goose/Hunan/SE284/,A/goose/Hunan/SE284/2022(H5N1),0.174893,-0.320645,-0.068102,0.00737,MP1
615_A/goose/Inner_Mongol,A/goose/Inner_Mongolia/IM-192/2014,0.180476,-0.327451,-0.071909,-0.026188,MP1
616_A/goose/Jiangsu/k040,A/goose/Jiangsu/k0403/2010,0.272493,-0.320185,-0.039641,0.014861,MP1
617_A/goose/Jilin/S4034/,A/goose/Jilin/S4034/2019(H5N1),0.305493,-0.337817,-0.117139,-0.014193,MP1
618_A/goose/Shandong/03.,A/goose/Shandong/03.10_HZ/2015(H5N1),0.311383,-0.335537,-0.099345,-0.022964,MP1
619_A/goose/Shandong/GS/,A/goose/Shandong/GS/2013(H5N1),0.311327,-0.348343,-0.106277,-0.010951,MP1
620_A/goose/Zhejiang/112,A/goose/Zhejiang/112071/2014,0.299044,-0.353869,-0.106114,-0.02247,MP1
621_A/goose/Zhejiang/727,A/goose/Zhejiang/727098/2014,0.282888,-0.328746,-0.105063,-0.040634,MP1
622_A/Great_black-headed,A/Great_black-headed_Gull/Qinghai/YO1/2015_H5N1,0.282071,-0.33118,-0.096871,0.007283,MP1
623_A/Great_black-headed,A/Great_black-headed_Gull/Qinghai/YO6/2015_H5N1,0.282071,-0.33118,-0.096871,0.007283,MP1
624_A/Great_Cormorant/Hu,A/Great_Cormorant/Hubei/chenhu_V9/2015,0.163893,-0.202262,-0.090559,-0.008468,MP1
625_A/Great_Cormorant/Hu,A/Great_Cormorant/Hubei/chenhu_V10/2015,0.163893,-0.202262,-0.090559,-0.008468,MP1
626_A/Great_Cormorant/Hu,A/Great_Cormorant/Hubei/VI128/2015_H5N1,0.163893,-0.202262,-0.090559,-0.008468,MP1
627_A/Great_Cormorant/Hu,A/Great_Cormorant/Hubei/VI132/2015_H5N1,0.163893,-0.202262,-0.090559,-0.008468,MP1
628_A/Great_Cormorant/Hu,A/Great_Cormorant/Hubei/VI133/2015_H5N1,0.163893,-0.202262,-0.090559,-0.008468,MP1
629_A/Guangdong/1/2006|E,A/Guangdong/1/2006,0.265909,-0.309836,-0.094347,0.016202,MP1
630_A/Guangdong/1/2008|E,A/Guangdong/1/2008,0.277902,-0.304889,-0.08827,0.010006,MP1
631_A/Guangdong/2/2006|E,A/Guangdong/2/2006,0.289852,-0.353727,-0.088659,-0.01212,MP1
632_A/Guangxi/1/2005|EPI,A/Guangxi/1/2005,0.28512,-0.313846,-0.090454,0.016957,MP1
633_A/Guangxi/1/2005|EPI,A/Guangxi/1/2005,0.227717,-0.289977,-0.108054,0.050709,MP1
634_A/Guangxi/1/2008|EPI,A/Guangxi/1/2008,0.274837,-0.312772,-0.101991,0.061175,MP1
635_A/Guizhou/1/2009|EPI,A/Guizhou/1/2009,0.276562,-0.286955,-0.093812,0.02964,MP1
636_A/hill_myna/Heilongj,A/hill_myna/Heilongjiang/0704/2012,0.298193,-0.330247,-0.094404,-0.011883,MP1
637_A/Hong_Kong/5923/201,A/Hong_Kong/5923/2012,0.307056,-0.346608,-0.107202,-0.046553,MP1
638_A/Hunan/1/2006|EPI_I,A/Hunan/1/2006,0.28512,-0.313846,-0.090454,0.016957,MP1
639_A/Hunan/1/2008|EPI_I,A/Hunan/1/2008,0.278027,-0.295037,-0.111537,0.012195,MP1
640_A/Hunan/2/2009|EPI_I,A/Hunan/2/2009,0.26666,-0.303831,-0.088778,0.01366,MP1
641_A/Japanese_white-eye,A/Japanese_white-eye/Taoyuan/Q454/2012,0.305078,-0.332199,-0.100465,-0.017917,MP1
642_A/Jiangsu/1/2007|EPI,A/Jiangsu/1/2007,0.277364,-0.319206,-0.086022,0.012084,MP1
643_A/Jiangsu/2/2007|EPI,A/Jiangsu/2/2007,0.277364,-0.319206,-0.086022,0.012084,MP1
644_A/Jiangxi/1/2005|EPI,A/Jiangxi/1/2005,0.277186,-0.310564,-0.087738,0.015497,MP1
645_A/lesser_kestrel/Hei,A/lesser_kestrel/Heilongjiang/194/2007,0.256646,-0.310321,-0.085832,-0.000647,MP1
646_A/lion/Hubei/1-2/201,A/lion/Hubei/1-2/2016,0.166579,-0.211088,-0.082572,0.008759,MP1
647_A/mallard/Heilongjia,A/mallard/Heilongjiang/HLJ-69/2013,0.267134,-0.309846,-0.061363,-0.002562,MP1
648_A/mandarin_duck/Heil,A/mandarin_duck/Heilongjiang/HL-1/2021,0.196684,-0.31754,-0.055007,0.00514,MP1
649_A/mandarin_duck/Hena,A/mandarin_duck/Henan/426/2021,0.153818,-0.338201,-0.057426,0.007157,MP1
650_A/meerkat/Shanghai/S,A/meerkat/Shanghai/SH-1/2012,0.312197,-0.343557,-0.102674,-0.02364,MP1
651_A/mink/China/G/2015|,A/mink/China/G/2015,0.286333,-0.347165,-0.131321,-0.068646,MP1
652_A/mink/China/XB/2015,A/mink/China/XB/2015,0.142491,-0.216252,-0.072551,-0.001489,MP1
653_A/mink/Eastern_China,A/mink/Eastern_China/0712/2018,0.209126,-0.211702,-0.07986,0.012417,MP1
654_A/Nanjing/1/2015|EPI,A/Nanjing/1/2015,0.149872,-0.18352,-0.099506,-0.012648,MP1
655_A/ostrich/Suzhou/097,A/ostrich/Suzhou/097/2003,0.260882,-0.332897,-0.107093,-0.011557,MP1
656_A/parrot/Guangdong/C,A/parrot/Guangdong/C99/2005,0.290773,-0.314617,-0.109643,-0.008843,MP1
657_A/peacock/Yunnan/1/2,A/peacock/Yunnan/1/2015,0.158691,-0.212437,-0.107293,0.002371,MP1
658_A/peacock/Yunnan/3/2,A/peacock/Yunnan/3/2015,0.151806,-0.210484,-0.101231,0.008405,MP1
659_A/pigeon/Hubei/RP25/,A/pigeon/Hubei/RP25/2012,0.145869,-0.146374,-0.116756,0.00454,MP1
660_A/pigeon/Jiangsu/12.,A/pigeon/Jiangsu/12.22_TCCX053-P/2014(Mixed),0.306951,-0.335351,-0.11604,-0.033544,MP1
661_A/pigeon/Jiangxi/S40,A/pigeon/Jiangxi/S40784/2021(H5N1),0.187785,-0.330229,-0.064166,-0.0236,MP1
662_A/pigeon/Jilin/04.25,A/pigeon/Jilin/04.25_CCHL019-O/2015(H5N1),0.307221,-0.328192,-0.117164,-0.034583,MP1
663_A/pigeon/Jilin/S4176,A/pigeon/Jilin/S4176/2019(H5N1),0.292674,-0.342186,-0.105137,-0.016216,MP1
664_A/pigeon/Sichuan/NCX,A/pigeon/Sichuan/NCXN29/2014,0.293099,-0.331374,-0.110217,-0.08621,MP1
665_A/pigeon/Zhejiang/11,A/pigeon/Zhejiang/112089/2014,0.308267,-0.351746,-0.100401,-0.023603,MP1
666_A/pigeon/Zhejiang/11,A/pigeon/Zhejiang/112090/2014,0.308536,-0.344588,-0.101525,-0.024642,MP1
667_A/pigeon/Zhejiang/72,A/pigeon/Zhejiang/727097/2014,0.282888,-0.328746,-0.105063,-0.040634,MP1
668_A/plateau_pika/Qingh,A/plateau_pika/Qinghai/04/2007,0.165989,-0.317426,-0.022095,0.049014,MP1
669_A/quail/Nanchang/663,A/quail/Nanchang/6631/2013,0.311764,-0.33398,-0.138634,-0.055646,MP1
670_A/Shandong/1/2009|EP,A/Shandong/1/2009,0.263454,-0.298725,-0.076832,0.014307,MP1
671_A/Sichuan/1/2006|EPI,A/Sichuan/1/2006,0.281166,-0.315127,-0.078259,0.021962,MP1
672_A/Sichuan/2/2006|EPI,A/Sichuan/2/2006,0.281166,-0.315127,-0.078259,0.021962,MP1
673_A/Spatula_querquedul,A/Spatula_querquedula/Chongming/H5N1_1/2024,0.159718,-0.33837,-0.055967,0.011437,MP1
674_A/swine/Shandong/SD1,A/swine/Shandong/SD1/2014,0.271441,-0.309785,-0.099378,-0.002553,MP1
675_A/tiger/Yunnan/tig14,A/tiger/Yunnan/tig1404/2014,0.279253,-0.322727,-0.116893,-0.068866,MP1
676_A/tiger/Yunnan/tig14,A/tiger/Yunnan/tig1412/2014,0.305456,-0.34332,-0.134702,-0.045335,MP1
677_A/tiger/Yunnan/tig15,A/tiger/Yunnan/tig1508/2015,0.190952,-0.20221,-0.112915,0.009948,MP1
678_A/tundra_swan/Fujian,A/tundra_swan/Fujian/SD121/2023(H5N1),0.183161,-0.333714,-0.073496,0.007412,MP1
679_A/turtle_dove/Guangd,A/turtle_dove/Guangdong/300/2005,0.277186,-0.310564,-0.087738,0.015497,MP1
680_A/turtle_dove/Hunan/,A/turtle_dove/Hunan/S4004/2020(H5N1),0.1611,-0.204311,-0.094138,-0.011411,MP1
681_A/whooper_swan/Henan,A/whooper_swan/Henan/8/2021,0.153818,-0.338201,-0.057426,0.007157,MP1
682_A/whooper_swan/Henan,A/whooper_swan/Henan/14/2021,0.153818,-0.338201,-0.057426,0.007157,MP1
683_A/whooper_swan/Henan,A/whooper_swan/Henan/44/2021,0.153818,-0.338201,-0.057426,0.007157,MP1
684_A/whooper_swan/Henan,A/whooper_swan/Henan/45/2021,0.153818,-0.338201,-0.057426,0.007157,MP1
685_A/whooper_swan/Henan,A/whooper_swan/Henan/46/2021,0.153818,-0.338201,-0.057426,0.007157,MP1
686_A/whooper_swan/Henan,A/whooper_swan/Henan/424/2021,0.153818,-0.338201,-0.057426,0.007157,MP1
687_A/whooper_swan/Henan,A/whooper_swan/Henan/SMX1/2015(H5N1),0.292163,-0.336452,-0.092629,-0.0133,MP1
688_A/whooper_swan/Henan,A/whooper_swan/Henan/SMX3/2015(H5N1),0.292163,-0.336452,-0.092629,-0.0133,MP1
689_A/whooper_swan/Henan,A/whooper_swan/Henan/SMX4/2015(H5N1),0.292163,-0.336452,-0.092629,-0.0133,MP1
690_A/whooper_swan/Henan,A/whooper_swan/Henan/SMX9/2015(H5N1),0.292163,-0.336452,-0.092629,-0.0133,MP1
691_A/whooper_swan/Shanx,A/whooper_swan/Shanxi/14/2021,0.153818,-0.338201,-0.057426,0.007157,MP1
692_A/whooper_swan/Shanx,A/whooper_swan/Shanxi/20/2021,0.153818,-0.338201,-0.057426,0.007157,MP1
693_A/wild_duck/Fujian/1,A/wild_duck/Fujian/1/2011,0.311212,-0.371344,-0.11226,-0.073122,MP1
694_A/wild_duck/Fujian/2,A/wild_duck/Fujian/2/2011,0.311212,-0.371344,-0.11226,-0.073122,MP1
695_A/wild_duck/Hebei/SD,A/wild_duck/Hebei/SD012/2021(H5N1),0.15864,-0.334761,-0.06231,0.013996,MP1
696_A/wild_duck/Jilin/HF,A/wild_duck/Jilin/HF/2011,0.267134,-0.309846,-0.061363,-0.002562,MP1
697_A/wild_duck/Jilin/ZF,A/wild_duck/Jilin/ZF/2011,0.236918,-0.32636,-0.06004,-0.043062,MP1
698_A/wild_duck/Shandong,A/wild_duck/Shandong/1/2011,0.210094,-0.246791,-0.122445,-0.0458,MP1
699_A/wild_duck/Shandong,A/wild_duck/Shandong/2/2011,0.275448,-0.304576,-0.069206,-0.019249,MP1
700_A/wild_duck/Shandong,A/wild_duck/Shandong/628/2011,0.218024,-0.281023,-0.060807,0.048711,MP1
701_A/Xinjiang/1/2006|EP,A/Xinjiang/1/2006,0.292808,-0.286468,-0.10293,-0.01119,MP1
702_A/Xinjiang/1/2009|EP,A/Xinjiang/1/2009,0.289852,-0.353727,-0.088659,-0.01212,MP1
703_A/Zhejiang/1/2006|EP,A/Zhejiang/1/2006,0.277186,-0.310564,-0.087738,0.015497,MP1
704_A/Anas_platyrhynchos,A/Anas_platyrhynchos/jiujiang/H5N1/2024_H5N1,0.159718,-0.33837,-0.055967,0.011437,MP1
705_A/Anhui/1/2006_H5N1|,A/Anhui/1/2006_H5N1,0.213622,-0.289066,-0.116316,0.05159,MP1
706_A/Anhui/1/2007_H5N1|,A/Anhui/1/2007_H5N1,0.224637,-0.274251,-0.103884,0.058594,MP1
707_A/Anhui/2/2005_H5N1|,A/Anhui/2/2005_H5N1,0.277186,-0.310564,-0.087738,0.015497,MP1
708_A/Anser_cygnoides/Ch,A/Anser_cygnoides/China/P126/2015_H5N1,0.296667,-0.343592,-0.112194,-0.082813,MP1
709_A/Anser_fabalis/jiuj,A/Anser_fabalis/jiujiang/H5N1/2024_H5N1,0.159718,-0.33837,-0.055967,0.011437,MP1
710_A/Anser_fabalis/jiuj,A/Anser_fabalis/jiujiang/H5N1/2024_H5N1,0.159718,-0.33837,-0.055967,0.011437,MP1
711_A/Anser_fabalis/jiuj,A/Anser_fabalis/jiujiang/H5N1/2024_H5N1,0.159718,-0.33837,-0.055967,0.011437,MP1
712_A/Duck/Jiangxi/631/2,A/Duck/Jiangxi/631/2024_H5N1,0.156196,-0.333518,-0.049226,0.028908,MP1
713_A/Guangdong/1/2008_H,A/Guangdong/1/2008_H5N1,0.230046,-0.293044,-0.108084,0.043371,MP1
714_A/Guangdong/2/2006_H,A/Guangdong/2/2006_H5N1,0.233562,-0.333004,-0.109715,0.018421,MP1
715_A/Guangxi/1/2005_H5N,A/Guangxi/1/2005_H5N1,0.292677,-0.322579,-0.101364,0.010268,MP1
716_A/Guangxi/1/2008_H5N,A/Guangxi/1/2008_H5N1,0.223542,-0.288825,-0.106006,0.097986,MP1
717_A/Guizhou/1/2009_H5N,A/Guizhou/1/2009_H5N1,0.22831,-0.286848,-0.100045,0.051841,MP1
718_A/Hunan/1/2008_H5N1|,A/Hunan/1/2008_H5N1,0.229338,-0.274676,-0.133814,0.047637,MP1
719_A/Hunan/2/2009_H5N1|,A/Hunan/2/2009_H5N1,0.219671,-0.28556,-0.096395,0.048552,MP1
720_A/Japanese_white-eye,A/Japanese_white-eye/Taoyuan/Q454/2012_H5N1,0.305078,-0.332199,-0.100465,-0.017917,MP1
721_A/Nanjing/1/2015_H5N,A/Nanjing/1/2015_H5N1,0.149872,-0.18352,-0.099506,-0.012648,MP1
722_A/Shandong/1/2009_H5,A/Shandong/1/2009_H5N1,0.21302,-0.285146,-0.094423,0.047787,MP1
723_A/Spatula_querquedul,A/Spatula_querquedula/chongming/H5N1/2024_H5N1,0.159718,-0.33837,-0.055967,0.011437,MP1
724_A/Wild_bird/Huadong/,A/Wild_bird/Huadong/CM120/2017_H5N1,0.159721,-0.193242,-0.080371,0.012564,MP1
725_A/Wild_bird/Huadong/,A/Wild_bird/Huadong/DT10/2019_H5N1,0.304228,-0.34632,-0.11519,-0.017481,MP1
726_A/Wild_bird/Huadong/,A/Wild_bird/Huadong/JYWB4/2013_H5N1,0.286735,-0.341365,-0.106093,-0.047609,MP1
727_A/Xinjiang/1/2009_H5,A/Xinjiang/1/2009_H5N1,0.233562,-0.333004,-0.109715,0.018421,MP1
728_A/avian/Hong_Kong/07,A/avian/Hong_Kong/0719/2007_H5N1,0.298355,-0.322464,-0.117514,0.029301,MP1
729_A/avian/Hong_Kong/19,A/avian/Hong_Kong/1993/2007_H5N1,0.298355,-0.322464,-0.117514,0.029301,MP1
730_A/avian/Hong_Kong/23,A/avian/Hong_Kong/2372/2007_H5N1,0.298355,-0.322464,-0.117514,0.029301,MP1
731_A/bar-headed_goose/Q,A/bar-headed_goose/Qinghai/1-HVRI/2006_H5N1,0.260059,-0.298746,-0.07773,0.005792,MP1
732_A/bar-headed_goose/T,A/bar-headed_goose/Tibet/8/2006_H5N1,0.281048,-0.292671,-0.080942,-0.000889,MP1
733_A/brown-headed_gull/,A/brown-headed_gull/Qinghai/19/2009_H5N1,0.307287,-0.342946,-0.088937,-0.04688,MP1
734_A/brown-headed_gull/,A/brown-headed_gull/Qinghai/9/2009_H5N1,0.278146,-0.320955,-0.058831,-0.010939,MP1
735_A/chicken/China/Cang,A/chicken/China/Cangzhou03/2023_H5N1,0.161594,-0.338376,-0.057894,0.009703,MP1
736_A/chicken/China/E93/,A/chicken/China/E93/2012_H5N1,0.191812,-0.236041,-0.131702,-0.038454,MP1
737_A/chicken/China/E96/,A/chicken/China/E96/2012_H5N1,0.196268,-0.238774,-0.131668,-0.040638,MP1
738_A/chicken/Eastern_Ch,A/chicken/Eastern_China/ZG16/2010_H5N1,0.126685,-0.17478,-0.084138,0.048874,MP1
739_A/chicken/Eastern_Ch,A/chicken/Eastern_China/ZG56/2011_H5N1,0.115239,-0.14946,-0.12737,0.047261,MP1
740_A/chicken/Fujian/1/2,A/chicken/Fujian/1/2007_H5N1,0.287161,-0.292569,-0.081782,0.026133,MP1
741_A/chicken/Gansu/5/20,A/chicken/Gansu/5/2012_H5N1,0.110357,-0.259742,-0.065275,-0.018363,MP1
742_A/chicken/Gansu/6/20,A/chicken/Gansu/6/2012_H5N1,0.196268,-0.238774,-0.131668,-0.040638,MP1
743_A/chicken/Guangdong/,A/chicken/Guangdong/1/2005_H5N1,0.297991,-0.297407,-0.101931,-0.023913,MP1
744_A/chicken/Guangxi/S2,A/chicken/Guangxi/S2039/2009_H5N1,0.301473,-0.363816,-0.117885,-0.039424,MP1
745_A/chicken/Guizhou/7/,A/chicken/Guizhou/7/2008_H5N1,0.281631,-0.304977,-0.110401,0.01327,MP1
746_A/chicken/Hebei/A-8/,A/chicken/Hebei/A-8/2009_H5N1,0.224084,-0.259526,-0.097493,-0.036648,MP1
747_A/chicken/Henan/A-7/,A/chicken/Henan/A-7/2006_H5N1,0.22509,-0.273569,-0.103146,-0.050093,MP1
748_A/chicken/Huadong/4/,A/chicken/Huadong/4/2008_H5N1,0.226228,-0.242326,-0.13752,-0.035274,MP1
749_A/chicken/Hubei/2856,A/chicken/Hubei/2856/2007_H5N1,0.272852,-0.307642,-0.081514,0.015583,MP1
750_A/chicken/Hunan/1793,A/chicken/Hunan/1793/2007_H5N1,0.279845,-0.288642,-0.093993,-0.000614,MP1
751_A/chicken/Hunan/21/2,A/chicken/Hunan/21/2005_H5N1,0.268324,-0.306051,-0.069094,0.018724,MP1
752_A/chicken/Hunan/3/20,A/chicken/Hunan/3/2007_H5N1,0.292362,-0.355308,-0.108252,-0.014926,MP1
753_A/chicken/Hunan/3157,A/chicken/Hunan/3157/2006_H5N1,0.266619,-0.306634,-0.082518,-0.00074,MP1
754_A/chicken/Hunan/8/20,A/chicken/Hunan/8/2008_H5N1,0.273408,-0.335364,-0.106063,0.000329,MP1
755_A/chicken/Jiangsu/18,A/chicken/Jiangsu/18/2008_H5N1,0.214984,-0.250361,-0.142738,-0.041346,MP1
756_A/chicken/Jiangsu/24,A/chicken/Jiangsu/2477/2014_H5N1,0.299048,-0.338405,-0.098691,-0.019334,MP1
757_A/chicken/Jiangsu/92,A/chicken/Jiangsu/927/2013_H5N1,0.294422,-0.333128,-0.103714,-0.027027,MP1
758_A/chicken/Jiangsu/YB,A/chicken/Jiangsu/YB7/2015_H5N1,0.163893,-0.202262,-0.090559,-0.008468,MP1
759_A/chicken/Jiangsu/k0,A/chicken/Jiangsu/k0402/2010_H5N1,0.274293,-0.307558,-0.060659,-0.017901,MP1
760_A/chicken/Jiangxi/25,A/chicken/Jiangxi/25/2011_H5N1,0.300375,-0.360758,-0.096247,-0.040733,MP1
761_A/chicken/Liaoning/2,A/chicken/Liaoning/23/2005_H5N1,0.279037,-0.282562,-0.090807,0.000878,MP1
762_A/chicken/Liaoning/A,A/chicken/Liaoning/A-1/2007_H5N1,0.229552,-0.257984,-0.115813,-0.047123,MP1
763_A/chicken/Liaoning/S,A/chicken/Liaoning/S4092/2011_H5N1,0.178844,-0.237067,-0.11873,-0.048132,MP1
764_A/chicken/Ningxia/2/,A/chicken/Ningxia/2/2012_H5N1,0.172934,-0.241913,-0.097801,-0.023099,MP1
765_A/chicken/Ningxia/22,A/chicken/Ningxia/222/2012_H5N1,0.172934,-0.241913,-0.097801,-0.023099,MP1
766_A/chicken/Ningxia/24,A/chicken/Ningxia/24/2006_H5N1,0.20778,-0.262211,-0.104623,-0.032509,MP1
767_A/chicken/North_Chin,A/chicken/North_China/k0604/2010_H5N1,0.126685,-0.17478,-0.084138,0.048874,MP1
768_A/chicken/Shandong/A,A/chicken/Shandong/A-10/2006_H5N1,0.246627,-0.275808,-0.110044,-0.048263,MP1
769_A/chicken/Shantou/37,A/chicken/Shantou/3744/2003_H5N1,0.274916,-0.30745,-0.112695,-0.01088,MP1
770_A/chicken/Shanxi/10/,A/chicken/Shanxi/10/2006_H5N1,0.219213,-0.272892,-0.115944,-0.041447,MP1
771_A/chicken/Sheny/0606,A/chicken/Sheny/0606/2008_H5N1,0.228743,-0.275054,-0.106244,-0.054239,MP1
772_A/chicken/Sichuan/81,A/chicken/Sichuan/81/2005_H5N1,0.277982,-0.293244,-0.095603,0.009968,MP1
773_A/chicken/Wuhan/HAQL,A/chicken/Wuhan/HAQL07/2014_H5N1,0.163893,-0.202262,-0.090559,-0.008468,MP1
774_A/chicken/Wuhan/HAQL,A/chicken/Wuhan/HAQL16/2014_H5N1,0.170778,-0.204214,-0.09662,-0.014502,MP1
775_A/chicken/Wuxi/WX-32,A/chicken/Wuxi/WX-32/2013_H5N1,0.307671,-0.345443,-0.103978,-0.024556,MP1
776_A/chicken/Wuxi/WX-33,A/chicken/Wuxi/WX-33/2013_H5N1,0.307671,-0.345443,-0.103978,-0.024556,MP1
777_A/chicken/Xinjiang/1,A/chicken/Xinjiang/17/2005_H5N1,0.240232,-0.291466,-0.103949,-0.025359,MP1
778_A/chicken/Xinjiang/2,A/chicken/Xinjiang/27/2006_H5N1,0.250537,-0.298309,-0.075763,-0.033466,MP1
779_A/chicken/Xinjiang/5,A/chicken/Xinjiang/53/2005_H5N1,0.263511,-0.300658,-0.110201,-0.033279,MP1
780_A/chicken/Xinjiang/5,A/chicken/Xinjiang/54/2005_H5N1,0.283777,-0.300904,-0.101117,-0.026831,MP1
781_A/chicken/Xinjiang/6,A/chicken/Xinjiang/67/2005_H5N1,0.262154,-0.294083,-0.095767,-0.023661,MP1
782_A/chicken/Xinjiang/6,A/chicken/Xinjiang/68/2005_H5N1,0.283954,-0.292533,-0.092917,-0.02581,MP1
783_A/chicken/Yunnan/1/2,A/chicken/Yunnan/1/2014_H5N1,0.299805,-0.335317,-0.109947,-0.079425,MP1
784_A/chicken/Yunnan/207,A/chicken/Yunnan/207/2004_H5N1,0.277311,-0.304724,-0.127979,-0.016962,MP1
785_A/chicken/Yunnan/568,A/chicken/Yunnan/5686/2003_H5N1,0.277311,-0.304724,-0.127979,-0.016962,MP1
786_A/chicken/Yunnan/679,A/chicken/Yunnan/6797/2003_H5N1,0.272127,-0.293784,-0.128978,-0.00424,MP1
787_A/chicken/Yunnan/688,A/chicken/Yunnan/6885/2003_H5N1,0.277311,-0.304724,-0.127979,-0.016962,MP1
788_A/condor/Guangdong/1,A/condor/Guangdong/139/2003_H5N1,0.288326,-0.31927,-0.124196,-0.021313,MP1
789_A/domestic_green-win,A/domestic_green-winged_teal/Hunan/3450/2006_H5N1,0.165853,-0.309247,-0.080326,0.013021,MP1
790_A/duck/Anhui/56/2005,A/duck/Anhui/56/2005_H5N1,0.287244,-0.324539,-0.110703,0.003842,MP1
791_A/duck/China/0935/20,A/duck/China/0935/2017_H5N1,0.311153,-0.349642,-0.118513,-0.046996,MP1
792_A/duck/China/1033/20,A/duck/China/1033/2017_H5N1,0.307866,-0.34143,-0.118675,-0.039422,MP1
793_A/duck/China/E26/201,A/duck/China/E26/2012_H5N1,0.283442,-0.317465,-0.093902,-0.049951,MP1
794_A/duck/China/E53/201,A/duck/China/E53/2012_H5N1,0.297825,-0.355483,-0.109915,-0.034819,MP1
795_A/duck/Eastern_China,A/duck/Eastern_China/057/2007_H5N1,0.118189,-0.173329,-0.09509,0.03478,MP1
796_A/duck/Eastern_China,A/duck/Eastern_China/108/2008_H5N1,0.237154,-0.299195,-0.082888,0.04089,MP1
797_A/duck/Eastern_China,A/duck/Eastern_China/909/2009_H5N1,0.242716,-0.300122,-0.091576,0.03271,MP1
798_A/duck/Guangdong/23/,A/duck/Guangdong/23/2004_H5N1,0.275108,-0.364911,-0.088806,-0.037487,MP1
799_A/duck/Hubei/2911/20,A/duck/Hubei/2911/2007_H5N1,0.274627,-0.307498,-0.082055,0.0076,MP1
800_A/duck/Hubei/49/2005,A/duck/Hubei/49/2005_H5N1,0.277186,-0.310564,-0.087738,0.015497,MP1
801_A/duck/Hubei/xn/2007,A/duck/Hubei/xn/2007_H5N1,0.296807,-0.334831,-0.085786,-0.022663,MP1
802_A/duck/Hunan/3/2007_,A/duck/Hunan/3/2007_H5N1,0.289852,-0.353727,-0.088659,-0.01212,MP1
803_A/duck/Hunan/316/200,A/duck/Hunan/316/2005_H5N1,0.259776,-0.307883,-0.096128,0.024979,MP1
804_A/duck/Hunan/3315/20,A/duck/Hunan/3315/2006_H5N1,0.27587,-0.294169,-0.103376,0.005556,MP1
805_A/duck/Hunan/689/200,A/duck/Hunan/689/2006_H5N1,0.254339,-0.311649,-0.069266,-0.008754,MP1
806_A/duck/Hunan/733/200,A/duck/Hunan/733/2004_H5N1,0.28763,-0.315427,-0.110046,0.01415,MP1
807_A/duck/Hunan/8/2008_,A/duck/Hunan/8/2008_H5N1,0.200352,-0.334673,-0.073301,0.013604,MP1
808_A/duck/Hunan/S4020/2,A/duck/Hunan/S4020/2008_H5N1,0.286173,-0.30423,-0.076242,-0.024079,MP1
809_A/duck/Hunan/S4030/2,A/duck/Hunan/S4030/2011_H5N1,0.287435,-0.383129,-0.116179,-0.065883,MP1
810_A/duck/Hunan/S4150/2,A/duck/Hunan/S4150/2011_H5N1,0.267134,-0.309846,-0.061363,-0.002562,MP1
811_A/duck/Hunan/S4220/2,A/duck/Hunan/S4220/2011_H5N1,0.324848,-0.343338,-0.119562,-0.044561,MP1
812_A/duck/Jiangxi/120/2,A/duck/Jiangxi/120/2011_H5N1,0.123002,-0.180333,-0.082449,0.052809,MP1
813_A/duck/Jiangxi/130/2,A/duck/Jiangxi/130/2011_H5N1,0.257239,-0.305997,-0.04645,0.005704,MP1
814_A/duck/Jiangxi/34/20,A/duck/Jiangxi/34/2011_H5N1,0.306935,-0.360129,-0.117409,-0.037728,MP1
815_A/duck/Jiangxi/35/20,A/duck/Jiangxi/35/2011_H5N1,0.306935,-0.360129,-0.117409,-0.037728,MP1
816_A/duck/Jiangxi/44/20,A/duck/Jiangxi/44/2011_H5N1,0.21253,-0.19901,0.012386,-0.069818,MP1
817_A/duck/Jiangxi/80/20,A/duck/Jiangxi/80/2005_H5N1,0.272916,-0.303653,-0.088032,0.023404,MP1
818_A/duck/Jilin/JL-SIV/,A/duck/Jilin/JL-SIV/2013_H5N1,0.277633,-0.312047,-0.087146,0.011045,MP1
819_A/duck/Nanchang/9789,A/duck/Nanchang/9789/2013_H5N1,0.311764,-0.33398,-0.138634,-0.055646,MP1
820_A/duck/Shandong/009/,A/duck/Shandong/009/2008_H5N1,0.114488,-0.1645,-0.081436,-0.006692,MP1
821_A/duck/Sichuan/NCXN1,A/duck/Sichuan/NCXN10/2014_H5N1,0.27353,-0.333145,-0.101925,-0.094673,MP1
822_A/duck/Sichuan/NCXN1,A/duck/Sichuan/NCXN11/2014_H5N1,0.266666,-0.326095,-0.099947,-0.10037,MP1
823_A/duck/Wenzhou/YJYF3,A/duck/Wenzhou/YJYF33/2015_H5N1,0.162048,-0.197312,-0.093759,-0.012938,MP1
824_A/duck/Yunnan/4072/2,A/duck/Yunnan/4072/2003_H5N1,0.27758,-0.297565,-0.129104,-0.018001,MP1
825_A/duck/Yunnan/426/20,A/duck/Yunnan/426/2004_H5N1,0.275363,-0.304718,-0.125979,-0.015162,MP1
826_A/duck/Yunnan/4645/2,A/duck/Yunnan/4645/2003_H5N1,0.277311,-0.304724,-0.127979,-0.016962,MP1
827_A/duck/Yunnan/47/200,A/duck/Yunnan/47/2006_H5N1,0.288724,-0.297856,-0.076661,0.007502,MP1
828_A/duck/Yunnan/485/20,A/duck/Yunnan/485/2004_H5N1,0.277311,-0.304724,-0.127979,-0.016962,MP1
829_A/duck/Yunnan/4873/2,A/duck/Yunnan/4873/2006_H5N1,0.290245,-0.308547,-0.079382,0.008723,MP1
830_A/duck/Yunnan/5090/2,A/duck/Yunnan/5090/2003_H5N1,0.277311,-0.304724,-0.127979,-0.016962,MP1
831_A/duck/Yunnan/5169/2,A/duck/Yunnan/5169/2003_H5N1,0.277311,-0.304724,-0.127979,-0.016962,MP1
832_A/duck/Yunnan/522/20,A/duck/Yunnan/522/2004_H5N1,0.277311,-0.304724,-0.127979,-0.016962,MP1
833_A/duck/Yunnan/5310/2,A/duck/Yunnan/5310/2006_H5N1,0.267602,-0.303095,-0.092915,-0.002773,MP1
834_A/duck/Yunnan/5948/2,A/duck/Yunnan/5948/2003_H5N1,0.277388,-0.306554,-0.113626,-0.021546,MP1
835_A/duck/Yunnan/6080/2,A/duck/Yunnan/6080/2003_H5N1,0.262635,-0.295922,-0.138438,-0.021353,MP1
836_A/duck/Yunnan/6603/2,A/duck/Yunnan/6603/2003_H5N1,0.277311,-0.304724,-0.127979,-0.016962,MP1
837_A/duck/Zhejiang/1220,A/duck/Zhejiang/1220092/2014_H5N1,0.163893,-0.202262,-0.090559,-0.008468,MP1
838_A/duck/Zhejiang/213/,A/duck/Zhejiang/213/2011_H5N1,0.311843,-0.354462,-0.114166,-0.045588,MP1
839_A/duck/Zhejiang/224/,A/duck/Zhejiang/224/2011_H5N1,0.302954,-0.355567,-0.126887,-0.044192,MP1
840_A/duck/Zhejiang/2242,A/duck/Zhejiang/2242/2011_H5N1,0.302954,-0.355567,-0.126887,-0.044192,MP1
841_A/duck/Zhejiang/2243,A/duck/Zhejiang/2243/2011_H5N1,0.302954,-0.355567,-0.126887,-0.044192,MP1
842_A/duck/Zhejiang/2244,A/duck/Zhejiang/2244/2011_H5N1,0.302954,-0.355567,-0.126887,-0.044192,MP1
843_A/duck/Zhejiang/2245,A/duck/Zhejiang/2245/2011_H5N1,0.16897,-0.302175,-0.077527,0.038593,MP1
844_A/duck/Zhejiang/2248,A/duck/Zhejiang/2248/2011_H5N1,0.302954,-0.355567,-0.126887,-0.044192,MP1
845_A/equine/China/61/20,A/equine/China/61/2010_H5N1,0.290384,-0.320461,-0.097773,0.010243,MP1
846_A/equine/China/67/20,A/equine/China/67/2010_H5N1,0.277493,-0.30458,-0.086235,0.00098,MP1
847_A/equine/China/68/20,A/equine/China/68/2010_H5N1,0.285278,-0.316953,-0.092702,0.015871,MP1
848_A/goose/China/E43/20,A/goose/China/E43/2012_H5N1,0.299097,-0.356523,-0.109465,-0.034785,MP1
849_A/goose/Eastern_Chin,A/goose/Eastern_China/223/2008_H5N1,0.121229,-0.167463,-0.097962,0.032273,MP1
850_A/goose/GuangDong/11,A/goose/GuangDong/1189/2023_H5N1,0.169369,-0.338551,-0.058362,0.012249,MP1
851_A/goose/Guangdong/72,A/goose/Guangdong/72/2004_H5N1,0.286194,-0.292429,-0.109989,-0.026105,MP1
852_A/goose/Hubei/65/200,A/goose/Hubei/65/2005_H5N1,0.278261,-0.299782,-0.064007,0.031607,MP1
853_A/goose/Inner_Mongol,A/goose/Inner_Mongolia/IM-192/2014_H5N1,0.180476,-0.327451,-0.071909,-0.026188,MP1
854_A/goose/Jiangsu/k040,A/goose/Jiangsu/k0403/2010_H5N1,0.272493,-0.320185,-0.039641,0.014861,MP1
855_A/goose/Yunnan/3798/,A/goose/Yunnan/3798/2006_H5N1,0.290245,-0.308547,-0.079382,0.008723,MP1
856_A/goose/Yunnan/4371/,A/goose/Yunnan/4371/2006_H5N1,0.290245,-0.308547,-0.079382,0.008723,MP1
857_A/goose/Yunnan/4389/,A/goose/Yunnan/4389/2006_H5N1,0.290245,-0.308547,-0.079382,0.008723,MP1
858_A/goose/Yunnan/4985/,A/goose/Yunnan/4985/2006_H5N1,0.290245,-0.308547,-0.079382,0.008723,MP1
859_A/goose/Yunnan/5141/,A/goose/Yunnan/5141/2006_H5N1,0.278671,-0.325744,-0.083177,0.015869,MP1
860_A/goose/Yunnan/5769/,A/goose/Yunnan/5769/2006_H5N1,0.275754,-0.316678,-0.093625,-0.01734,MP1
861_A/goose/Yunnan/5979/,A/goose/Yunnan/5979/2006_H5N1,0.275754,-0.316678,-0.093625,-0.01734,MP1
862_A/goose/Yunnan/6193/,A/goose/Yunnan/6193/2006_H5N1,0.279078,-0.306,-0.097861,0.020996,MP1
863_A/goose/Zhejiang/112,A/goose/Zhejiang/112071/2014_H5N1,0.299044,-0.353869,-0.106114,-0.02247,MP1
864_A/goose/Zhejiang/727,A/goose/Zhejiang/727098/2014_H5N1,0.282888,-0.328746,-0.105063,-0.040634,MP1
865_A/great_black-headed,A/great_black-headed_gull/Qinghai/8/2009_H5N1,0.274337,-0.331244,-0.065491,-0.055188,MP1
866_A/great_crested-greb,A/great_crested-grebe/Qinghai/1/2009_H5N1,0.249542,-0.305141,-0.054919,-0.002176,MP1
867_A/great_egret/Hong_K,A/great_egret/Hong_Kong/807/2008_H5N1,0.310515,-0.378079,-0.117617,-0.046178,MP1
868_A/great_tit/Panjing/,A/great_tit/Panjing/PJ-66/2013_H5N1,0.267134,-0.309846,-0.061363,-0.002562,MP1
869_A/grey_heron/Hong_Ko,A/grey_heron/Hong_Kong/1046/2008_H5N1,0.317426,-0.379109,-0.120537,-0.043547,MP1
870_A/grey_heron/Hong_Ko,A/grey_heron/Hong_Kong/3088/2007_H5N1,0.317426,-0.379109,-0.120537,-0.043547,MP1
871_A/hill_myna/Heilongj,A/hill_myna/Heilongjiang/0704/2012_H5N1,0.298193,-0.330247,-0.094404,-0.011883,MP1
872_A/lesser_kestrel/Hei,A/lesser_kestrel/Heilongjiang/194/2007_H5N1,0.256646,-0.310321,-0.085832,-0.000647,MP1
873_A/lion/Hubei/1-2/201,A/lion/Hubei/1-2/2016_H5N1,0.166579,-0.211088,-0.082572,0.008759,MP1
874_A/little_egret/Hong_,A/little_egret/Hong_Kong/8550/2007_H5N1,0.305107,-0.372796,-0.111956,-0.051551,MP1
875_A/magpie_robin/Hong_,A/magpie_robin/Hong_Kong/1097/2008_H5N1,0.310541,-0.377156,-0.114476,-0.037513,MP1
876_A/magpie_robin/Hong_,A/magpie_robin/Hong_Kong/1897/2008_H5N1,0.317426,-0.379109,-0.120537,-0.043547,MP1
877_A/meerkat/Shanghai/S,A/meerkat/Shanghai/SH-1/2012_H5N1,0.312197,-0.343557,-0.102674,-0.02364,MP1
878_A/mink/China/G/2015_,A/mink/China/G/2015_H5N1,0.286333,-0.347165,-0.131321,-0.068646,MP1
879_A/mink/China/XB/2015,A/mink/China/XB/2015_H5N1,0.142491,-0.216252,-0.072551,-0.001489,MP1
880_A/mink/Eastern_China,A/mink/Eastern_China/0712/2018_H5N1,0.209126,-0.211702,-0.07986,0.012417,MP1
881_A/ostrich/Suzhou/097,A/ostrich/Suzhou/097/2003_H5N1,0.260882,-0.332897,-0.107093,-0.011557,MP1
882_A/parrot/Guangdong/C,A/parrot/Guangdong/C99/2005_H5N1,0.290773,-0.314617,-0.109643,-0.008843,MP1
883_A/partridge/Shantou/,A/partridge/Shantou/2886/2003_H5N1,0.285754,-0.303255,-0.103308,-0.007057,MP1
884_A/peacock/Yunnan/1/2,A/peacock/Yunnan/1/2015_H5N1,0.158691,-0.212437,-0.107293,0.002371,MP1
885_A/peacock/Yunnan/3/2,A/peacock/Yunnan/3/2015_H5N1,0.151806,-0.210484,-0.101231,0.008405,MP1
886_A/peregrine_falcon/H,A/peregrine_falcon/Hong_Kong/2142/2008_H5N1,0.117926,-0.158428,-0.09047,0.037346,MP1
887_A/pheasant/Shantou/3,A/pheasant/Shantou/3535/2003_H5N1,0.293804,-0.318338,-0.097368,-0.001864,MP1
888_A/pheasant/Shantou/4,A/pheasant/Shantou/4567/2002_H5N1,0.28373,-0.309557,-0.101334,-0.001722,MP1
889_A/pied_megpie/Liaoni,A/pied_megpie/Liaoning/7/2006_H5N1,0.296006,-0.285803,-0.105625,-0.009415,MP1
890_A/pigeon/Hubei/RP25/,A/pigeon/Hubei/RP25/2012_H5N1,0.145869,-0.146374,-0.116756,0.00454,MP1
891_A/pigeon/Sichuan/NCX,A/pigeon/Sichuan/NCXN29/2014_H5N1,0.293099,-0.331374,-0.110217,-0.08621,MP1
892_A/pigeon/Zhejiang/11,A/pigeon/Zhejiang/112089/2014_H5N1,0.308267,-0.351746,-0.100401,-0.023603,MP1
893_A/pigeon/Zhejiang/11,A/pigeon/Zhejiang/112090/2014_H5N1,0.308536,-0.344588,-0.101525,-0.024642,MP1
894_A/pigeon/Zhejiang/72,A/pigeon/Zhejiang/727097/2014_H5N1,0.282888,-0.328746,-0.105063,-0.040634,MP1
895_A/plateau_pika/Qingh,A/plateau_pika/Qinghai/04/2007_H5N1,0.165989,-0.317426,-0.022095,0.049014,MP1
896_A/quail/Guangxi/11/2,A/quail/Guangxi/11/2002_H5N1,0.295753,-0.293121,-0.116132,-0.009023,MP1
897_A/quail/Guangxi/12/2,A/quail/Guangxi/12/2002_H5N1,0.295753,-0.293121,-0.116132,-0.009023,MP1
898_A/quail/Guangxi/13/2,A/quail/Guangxi/13/2002_H5N1,0.295753,-0.293121,-0.116132,-0.009023,MP1
899_A/quail/Nanchang/663,A/quail/Nanchang/6631/2013_H5N1,0.311764,-0.33398,-0.138634,-0.055646,MP1
900_A/shrike/Tibet/13/20,A/shrike/Tibet/13/2006_H5N1,0.27587,-0.294169,-0.103376,0.005556,MP1
901_A/silky_chicken/Shan,A/silky_chicken/Shantou/475/2004_H5N1,0.276302,-0.303852,-0.114157,-0.008163,MP1
902_A/swan/Shanghai/10/2,A/swan/Shanghai/10/2009_H5N1,0.278576,-0.352998,-0.095268,-0.011414,MP1
903_A/swine/Guangxi/592/,A/swine/Guangxi/592/2011_H5N1,0.298704,-0.358163,-0.135241,-0.049618,MP1
904_A/swine/Jiangsu/1/20,A/swine/Jiangsu/1/2008_H5N1,0.207037,-0.246311,-0.121348,-0.045919,MP1
905_A/swine/Jiangsu/2/20,A/swine/Jiangsu/2/2009_H5N1,0.277411,-0.285718,-0.106145,-0.002896,MP1
906_A/swine/Shandong/SD1,A/swine/Shandong/SD1/2014_H5N1,0.271441,-0.309785,-0.099378,-0.002553,MP1
907_A/swine/Zhejiang/SW5,A/swine/Zhejiang/SW57/2015_H5N1,0.282888,-0.328746,-0.105063,-0.040634,MP1
908_A/tiger/Yunnan/tig14,A/tiger/Yunnan/tig1404/2014_H5N1,0.279253,-0.322727,-0.116893,-0.068866,MP1
909_A/tiger/Yunnan/tig14,A/tiger/Yunnan/tig1412/2014_H5N1,0.305456,-0.34332,-0.134702,-0.045335,MP1
910_A/tiger/Yunnan/tig15,A/tiger/Yunnan/tig1508/2015_H5N1,0.190952,-0.20221,-0.112915,0.009948,MP1
911_A/turtle_dove/Guangd,A/turtle_dove/Guangdong/300/2005_H5N1,0.277186,-0.310564,-0.087738,0.015497,MP1
912_A/waterfowl/Hong_Kon,A/waterfowl/Hong_Kong/378.5/2001_H5N1,0.301028,-0.285905,-0.11623,0.000867,MP1
913_A/wild_duck/Fujian/1,A/wild_duck/Fujian/1/2011_H5N1,0.311212,-0.371344,-0.11226,-0.073122,MP1
914_A/wild_duck/Fujian/2,A/wild_duck/Fujian/2/2011_H5N1,0.311212,-0.371344,-0.11226,-0.073122,MP1
915_A/wild_duck/Jilin/HF,A/wild_duck/Jilin/HF/2011_H5N1,0.267134,-0.309846,-0.061363,-0.002562,MP1
916_A/wild_duck/Jilin/ZF,A/wild_duck/Jilin/ZF/2011_H5N1,0.236918,-0.32636,-0.06004,-0.043062,MP1
917_A/wild_duck/Liaoning,A/wild_duck/Liaoning/8/2006_H5N1,0.3004,-0.286614,-0.094661,0.00229,MP1
918_A/wild_duck/Shandong,A/wild_duck/Shandong/1/2011_H5N1,0.210094,-0.246791,-0.122445,-0.0458,MP1
919_A/wild_duck/Shandong,A/wild_duck/Shandong/2/2011_H5N1,0.275448,-0.304576,-0.069206,-0.019249,MP1
920_A/wild_duck/Shandong,A/wild_duck/Shandong/628/2011_H5N1,0.218024,-0.281023,-0.060807,0.048711,MP1
921_A/Hong_Kong/486/97,A/Indonesia/5/2005,-0.243523,-0.038069,-0.167801,0.08043,NA
922_A/Hong_Kong/538/97,A/Hong Kong/483/1997,-0.237331,-0.019183,-0.152591,0.099273,NA
923_A/Indonesia/5/2005,A/Hong Kong/482/97,-0.374757,0.055054,-0.244197,-0.040803,NA
924_A/Pheasant/Hong_Kong,A/Chicken/HongKong/FY150/01,-0.316604,0.057876,-0.26514,-0.013149,NA
925_A/Thailand/16/2004,A/Chicken/HongKong/YU822.2/01,-0.353706,0.065126,-0.287921,-0.01403,NA
926_A/chicken/Indonesia/,A/Chicken/HongKong/YU562/01,-0.382158,0.038826,-0.241242,-0.036865,NA
927_A/Chicken/HongKong/F,A/Pheasant/Hong Kong/FY155/01,-0.321413,0.055377,-0.260676,-0.002893,NA
928_A/Chicken/HongKong/Y,A/Hong Kong/486/97,-0.366865,0.057139,-0.196459,-0.013344,NA
929_A/Chicken/HongKong/Y,A/Thailand/16/2004,-0.274081,0.011496,-0.197792,-0.033185,NA
930_A/chicken/Korea/ES/0,A/Hong Kong/538/97,-0.362787,0.089734,-0.28348,-0.012562,NA
931_A/Vietnam/UT3062/200,A/chicken/Indonesia/7/2003,-0.328427,0.066948,-0.285523,-0.020795,NA
932_A/Hong_Kong/156/97,A/chicken/Korea/ES/03,-0.264692,-0.043073,-0.175308,0.067153,NA
933_A/whooper_swan/Mongo,A/Hong Kong/156/97,-0.367169,0.049698,-0.284706,0.00305,NA
934_A/Hong_Kong/483/1997,A/whooper swan/Mongolia/244/2005,-0.277865,-0.053659,-0.182426,0.057739,NA
935_A/Hong_Kong/482/97,A/Vietnam/UT3062/2004,-0.248443,-0.037599,-0.165741,0.077336,NA
936_A/Anas_platyrhynchos,A/Anas_platyrhynchos/Chongming/H5N1_1/2024,-0.263259,-0.014965,-0.172154,-0.103525,NA
937_A/Anas_platyrhynchos,A/Anas_platyrhynchos/Jiujiang/H5N1/2024,-0.256326,-0.025473,-0.186474,-0.079857,NA
938_A/Anhui/1/2005|EPI_I,A/Anhui/1/2005,-0.405583,0.080112,-0.268991,-0.059194,NA
939_A/Anhui/1/2006|EPI_I,A/Anhui/1/2006,-0.356475,0.066906,-0.222873,-0.011436,NA
940_A/Anhui/2/2005|EPI_I,A/Anhui/2/2005,-0.400356,0.074114,-0.267126,-0.058247,NA
941_A/Anser_cygnoides/Ch,A/Anser_cygnoides/China/P126/2015,-0.355381,0.051609,-0.252004,-0.048775,NA
942_A/Anser_fabalis/Jiuj,A/Anser_fabalis/Jiujiang/H5N1/2024,-0.256326,-0.025473,-0.186474,-0.079857,NA
943_A/Bar-headed_Goose/Q,A/Bar-headed_Goose/Qinghai/BTY2/2015_H5N1,-0.39277,0.01582,-0.217811,-0.084073,NA
944_A/Bar-headed_Goose/T,A/Bar-headed_Goose/Tibet/XZ901/2021,-0.24715,-0.004542,-0.140226,-0.09115,NA
945_A/Bar-headed_Goose/T,A/Bar-headed_Goose/Tibet/XZ1131/2021,-0.24715,-0.004542,-0.140226,-0.09115,NA
946_A/Black_faced_Spoonb,A/Black_faced_Spoonbill/AFCD-HKU-22-21944-01009/2022,-0.291487,-0.010514,-0.188939,-0.104502,NA
947_A/Black_Faced_Spoonb,A/Black_Faced_Spoonbill/Hong_Kong/AFCD-HKU-21-17198.01012/2021,-0.243139,-0.036457,-0.180734,-0.114819,NA
948_A/Black_Faced_Spoonb,A/Black_Faced_Spoonbill/Hong_Kong/AFCD-HKU-22-21429-01012/2022,-0.289005,-0.013039,-0.182178,-0.101216,NA
949_A/Black-necked_Grebe,A/Black-necked_Grebe/Inner_Mongolia/Anal_swab4/2015_H5N1,-0.386127,0.014385,-0.220593,-0.077645,NA
950_A/Black-necked_Grebe,A/Black-necked_Grebe/Inner_Mongolia/Brain1/2015_H5N1,-0.374796,0.014441,-0.230285,-0.08054,NA
951_A/Black-necked_Grebe,A/Black-necked_Grebe/Inner_Mongolia/Brain3/2015_H5N1,-0.377923,0.01408,-0.239987,-0.076278,NA
952_A/Black-necked_Grebe,A/Black-necked_Grebe/Inner_Mongolia/Liver3/2015_H5N1,-0.374796,0.014441,-0.230285,-0.08054,NA
953_A/Black-necked_Grebe,A/Black-necked_Grebe/Inner_Mongolia/Lung2/2015_H5N1,-0.374796,0.014441,-0.230285,-0.08054,NA
954_A/Black-necked_Grebe,A/Black-necked_Grebe/Inner_Mongolia/Lung3-2/2015_H5N1,-0.374796,0.014441,-0.230285,-0.08054,NA
955_A/Black-necked_Grebe,A/Black-necked_Grebe/Inner_Mongolia/Oropharynx_swab3/2015_H5N1,-0.374796,0.014441,-0.230285,-0.08054,NA
956_A/Black-necked_Grebe,A/Black-necked_Grebe/Inner_Mongolia/Trachea3/2015_H5N1,-0.374796,0.014441,-0.230285,-0.08054,NA
957_A/chicken/Anhui/S174,A/chicken/Anhui/S1740/2022(H5N1),-0.14569,-0.049654,-0.169914,-0.009683,NA
958_A/chicken/China/Cang,A/chicken/China/Cangzhou03/2023,-0.269335,-0.023783,-0.146097,-0.104046,NA
959_A/chicken/China/E93/,A/chicken/China/E93/2012,-0.326887,0.053033,-0.245249,-0.083325,NA
960_A/chicken/China/E96/,A/chicken/China/E96/2012,-0.351946,0.054851,-0.256332,-0.06553,NA
961_A/chicken/Gansu/5/20,A/chicken/Gansu/5/2012,-0.336468,0.052105,-0.276547,-0.049373,NA
962_A/chicken/Gansu/6/20,A/chicken/Gansu/6/2012,-0.336468,0.052105,-0.276547,-0.049373,NA
963_A/chicken/Guangxi/S2,A/chicken/Guangxi/S2039/2009,-0.396887,0.024635,-0.262112,-0.063502,NA
964_A/chicken/Hubei/2856,A/chicken/Hubei/2856/2007,-0.380827,0.066067,-0.257532,-0.071777,NA
965_A/chicken/Hunan/1793,A/chicken/Hunan/1793/2007,-0.389134,0.069301,-0.262719,-0.015241,NA
966_A/chicken/Hunan/3157,A/chicken/Hunan/3157/2006,-0.381483,0.078993,-0.258593,-0.067473,NA
967_A/chicken/Hunan/S100,A/chicken/Hunan/S10029/2018(H5N1),-0.393084,0.012963,-0.270948,-0.084759,NA
968_A/chicken/Jiangsu/03,A/chicken/Jiangsu/03.17_WX006-P/2015(H5N1),-0.388757,-0.004679,-0.260816,-0.01274,NA
969_A/chicken/Jiangsu/92,A/chicken/Jiangsu/927/2013,-0.415919,0.054183,-0.28381,-0.077817,NA
970_A/chicken/Jiangsu/24,A/chicken/Jiangsu/2477/2014,-0.386585,0.041335,-0.24483,-0.063047,NA
971_A/chicken/Jiangsu/k0,A/chicken/Jiangsu/k0402/2010,-0.362605,0.064302,-0.23685,-0.042543,NA
972_A/chicken/Jiangsu/SE,A/chicken/Jiangsu/SE2228/2017(H5N1),-0.36701,0.049932,-0.22228,-0.05539,NA
973_A/chicken/Jiangsu/YB,A/chicken/Jiangsu/YB7/2015,-0.393558,0.02285,-0.256109,-0.015594,NA
974_A/chicken/Jiangxi/25,A/chicken/Jiangxi/25/2011,-0.40309,0.037147,-0.259952,-0.068779,NA
975_A/chicken/Jiangxi/S4,A/chicken/Jiangxi/S40653/2021(H5N1),-0.145905,-0.052614,-0.170799,-0.007321,NA
976_A/chicken/Jilin/04.1,A/chicken/Jilin/04.12_MHK001-O/2015(H5N1),-0.385028,0.019564,-0.250494,-0.056882,NA
977_A/chicken/Jilin/04.1,A/chicken/Jilin/04.12_MHK002-O/2015(H5N1),-0.387637,0.021265,-0.249714,-0.055423,NA
978_A/chicken/Jilin/04.1,A/chicken/Jilin/04.12_MHK003-O/2015(H5N1),-0.385028,0.019564,-0.250494,-0.056882,NA
979_A/chicken/Jilin/04.1,A/chicken/Jilin/04.12_MHK004-O/2015(Mixed),-0.385028,0.019564,-0.250494,-0.056882,NA
980_A/chicken/Jilin/04.2,A/chicken/Jilin/04.25_MHK009/2015(H5N1),-0.382041,0.002258,-0.236507,-0.047233,NA
981_A/chicken/Jilin/S125,A/chicken/Jilin/S1255/2019(H5N1),-0.386061,0.041587,-0.215798,-0.044827,NA
982_A/chicken/Jilin/S127,A/chicken/Jilin/S1271/2019(H5N1),-0.386061,0.041587,-0.215798,-0.044827,NA
983_A/chicken/Liaoning/S,A/chicken/Liaoning/S4092/2011,-0.351099,0.058156,-0.262424,-0.066373,NA
984_A/chicken/Liaoning/S,A/chicken/Liaoning/SD035/2018(H5N1),-0.376975,0.062649,-0.23016,-0.056564,NA
985_A/chicken/Ningxia/2/,A/chicken/Ningxia/2/2012,-0.336468,0.052105,-0.276547,-0.049373,NA
986_A/chicken/Ningxia/22,A/chicken/Ningxia/222/2012,-0.334144,0.050861,-0.280484,-0.048398,NA
987_A/chicken/Shandong/1,A/chicken/Shandong/12.03_YA-CK/2014(H5N1),-0.384178,-0.00151,-0.243421,-0.009268,NA
988_A/Chicken/Shandong/J,A/Chicken/Shandong/J01/2009,-0.397279,0.036156,-0.266571,-0.085554,NA
989_A/Chicken/Shandong/J,A/Chicken/Shandong/J02/2009,-0.357526,0.043478,-0.267271,-0.050165,NA
990_A/Chicken/Shandong/J,A/Chicken/Shandong/J03/2009,-0.34503,0.053073,-0.244547,-0.052476,NA
991_A/Chicken/Shandong/J,A/Chicken/Shandong/J04/2009,-0.340975,0.048635,-0.262699,-0.067025,NA
992_A/Chicken/Shandong/J,A/Chicken/Shandong/J06/2009,-0.372886,0.034093,-0.220382,-0.042068,NA
993_A/chicken/Shanghai/S,A/chicken/Shanghai/S1123/2019(H5N1),-0.362305,0.042487,-0.195133,-0.066216,NA
994_A/chicken/Shanghai/S,A/chicken/Shanghai/S4030/2017(H5N1),-0.36998,0.045266,-0.208674,-0.055461,NA
995_A/chicken/Wuxi/WX-32,A/chicken/Wuxi/WX-32/2013,-0.39932,0.03915,-0.228724,-0.064738,NA
996_A/chicken/Wuxi/WX-33,A/chicken/Wuxi/WX-33/2013,-0.406841,0.044233,-0.251047,-0.068646,NA
997_A/chicken/Xinjiang/S,A/chicken/Xinjiang/S1016/2019(H5N1),-0.37742,0.05845,-0.201974,-0.088428,NA
998_A/chicken/Xinjiang/S,A/chicken/Xinjiang/S1081/2019(H5N1),-0.371057,0.060764,-0.205503,-0.084068,NA
999_A/chicken/Xinjiang/S,A/chicken/Xinjiang/S1170/2019(H5N1),-0.37742,0.05845,-0.201974,-0.088428,NA
1000_A/chicken/Yunnan/1/2,A/chicken/Yunnan/1/2014,-0.373137,0.048979,-0.253645,-0.05817,NA
1001_A/condor/Guangdong/1,A/condor/Guangdong/139/2003,-0.387005,0.07442,-0.293543,0.021434,NA
1002_A/Curlew/Hong_Kong/A,A/Curlew/Hong_Kong/AFCD-HKU-22-01095.01009/2022,-0.237842,0.002162,-0.184893,-0.082302,NA
1003_A/Cygnus_columbianus,A/Cygnus_columbianus/Hubei/117/2021,-0.272003,-0.003227,-0.182964,-0.102674,NA
1004_A/Cygnus_columbianus,A/Cygnus_columbianus/Hubei/121/2021,-0.290353,-0.011428,-0.189234,-0.104601,NA
1005_A/Cygnus_columbianus,A/Cygnus_columbianus/Hubei/123/2021,-0.274433,-0.003256,-0.18499,-0.102193,NA
1006_A/Cygnus_columbianus,A/Cygnus_columbianus/Hubei/128/2021,-0.274433,-0.003256,-0.18499,-0.102193,NA
1007_A/domestic_green-win,A/domestic_green-winged_teal/Hunan/3450/2006,-0.393073,0.080846,-0.27644,-0.048615,NA
1008_A/duck/China/E26/201,A/duck/China/E26/2012,-0.340724,0.028666,-0.224868,-0.00467,NA
1009_A/duck/China/E53/201,A/duck/China/E53/2012,-0.356839,0.019187,-0.247336,-0.061166,NA
1010_A/duck/Eastern_China,A/duck/Eastern_China/108/2008,-0.356736,0.045915,-0.234651,-0.042132,NA
1011_A/duck/Eastern_China,A/duck/Eastern_China/909/2009,-0.37493,0.063688,-0.296478,-0.024704,NA
1012_A/duck/Fujian/S1233/,A/duck/Fujian/S1233/2018(H5N1),-0.38841,0.054153,-0.215105,-0.052532,NA
1013_A/duck/Fujian/S1273/,A/duck/Fujian/S1273/2018(H5N1),-0.379803,0.051712,-0.222681,-0.060075,NA
1014_A/Duck/Fujian/S4146/,A/Duck/Fujian/S4146/2010,-0.400685,0.03735,-0.262078,-0.070439,NA
1015_A/duck/Guangdong/S45,A/duck/Guangdong/S4518/2021(H5N1),-0.241154,-0.001309,-0.185145,-0.081781,NA
1016_A/duck/Guangdong/S45,A/duck/Guangdong/S4525/2021(H5N1),-0.241395,0.000819,-0.183999,-0.079842,NA
1017_A/duck/Guizhou/S1321,A/duck/Guizhou/S1321/2022(H5N1),-0.235993,0.004069,-0.191274,-0.092086,NA
1018_A/duck/Guizhou/S1711,A/duck/Guizhou/S1711/2024(H5N1),-0.266947,-0.032454,-0.157906,-0.135062,NA
1019_A/duck/Hubei/03.06__,A/duck/Hubei/03.06__WHWTZ0155-P/2015(H5N1),-0.378268,-0.022583,-0.216561,-0.03048,NA
1020_A/duck/Hubei/46/2009,A/duck/Hubei/46/2009,-0.332908,0.052359,-0.19595,0.033526,NA
1021_A/duck/Hubei/2911/20,A/duck/Hubei/2911/2007,-0.353293,0.06952,-0.241974,-0.086107,NA
1022_A/duck/Hubei/S4465/2,A/duck/Hubei/S4465/2021(H5N1),-0.144862,-0.046809,-0.177133,-0.010676,NA
1023_A/duck/Hubei/SE128/2,A/duck/Hubei/SE128/2022(H5N1),-0.145905,-0.052614,-0.170799,-0.007321,NA
1024_A/duck/Hubei/SE220/2,A/duck/Hubei/SE220/2022(H5N1),-0.244963,-0.005501,-0.195619,-0.080755,NA
1025_A/duck/Hubei/xn/2007,A/duck/Hubei/xn/2007,-0.376453,0.06588,-0.284142,-0.050327,NA
1026_A/duck/Hunan/03.07_Y,A/duck/Hunan/03.07_YYGK1L3-OC/2018,-0.390896,0.008783,-0.267319,-0.087302,NA
1027_A/duck/Hunan/12.07__,A/duck/Hunan/12.07__YYGK44-P/2013(Mixed),-0.408481,0.075213,-0.244042,-0.058556,NA
1028_A/duck/Hunan/12.07__,A/duck/Hunan/12.07__YYGK97-P/2013(H5N1),-0.387345,0.042217,-0.250266,-0.070587,NA
1029_A/duck/Hunan/12.07_Y,A/duck/Hunan/12.07_YYGK007-P/2013(H5N1),-0.397619,0.02626,-0.260593,-0.062384,NA
1030_A/duck/Hunan/12.07_Y,A/duck/Hunan/12.07_YYGK100-P/2013(H5N1),-0.392475,0.048078,-0.239557,-0.04384,NA
1031_A/duck/Hunan/316/200,A/duck/Hunan/316/2005,-0.40334,0.080814,-0.266796,-0.049465,NA
1032_A/duck/Hunan/689/200,A/duck/Hunan/689/2006,-0.392015,0.076088,-0.261661,-0.069584,NA
1033_A/duck/Hunan/3315/20,A/duck/Hunan/3315/2006,-0.379126,0.076508,-0.251946,-0.016459,NA
1034_A/duck/Hunan/S4020/2,A/duck/Hunan/S4020/2008,-0.393431,0.047061,-0.269557,-0.065734,NA
1035_A/duck/Hunan/S4030/2,A/duck/Hunan/S4030/2011,-0.381623,0.012501,-0.246976,-0.059989,NA
1036_A/duck/Hunan/S4150/2,A/duck/Hunan/S4150/2011,-0.391388,0.022221,-0.251053,-0.026314,NA
1037_A/duck/Hunan/S4220/2,A/duck/Hunan/S4220/2011,-0.380766,0.038945,-0.264172,-0.07077,NA
1038_A/duck/Jiangsu/S4439,A/duck/Jiangsu/S4439/2017(H5N1),-0.360245,0.049092,-0.232753,-0.05117,NA
1039_A/duck/Jiangsu/SE112,A/duck/Jiangsu/SE1128/2018(H5N1),-0.371003,0.050417,-0.2254,-0.060385,NA
1040_A/duck/Jiangxi/34/20,A/duck/Jiangxi/34/2011,-0.406693,0.040518,-0.251779,-0.06566,NA
1041_A/duck/Jiangxi/35/20,A/duck/Jiangxi/35/2011,-0.396214,0.037893,-0.244282,-0.073552,NA
1042_A/duck/Jiangxi/44/20,A/duck/Jiangxi/44/2011,-0.405136,0.042929,-0.250676,-0.056123,NA
1043_A/duck/Jiangxi/120/2,A/duck/Jiangxi/120/2011,-0.300728,0.043926,-0.223498,-0.047891,NA
1044_A/duck/Jiangxi/130/2,A/duck/Jiangxi/130/2011,-0.391665,0.016556,-0.239156,-0.025563,NA
1045_A/duck/Jiangxi/S4083,A/duck/Jiangxi/S40833/2021(H5N1),-0.145571,-0.050944,-0.168709,-0.005565,NA
1046_A/duck/Jilin/04.04_S,A/duck/Jilin/04.04_SY002-O/2015(Mixed),-0.390566,0.046126,-0.243134,-0.063113,NA
1047_A/duck/Jilin/JL-SIV/,A/duck/Jilin/JL-SIV/2013,-0.399585,0.047954,-0.266492,-0.019245,NA
1048_A/duck/Jilin/S1261/2,A/duck/Jilin/S1261/2019(H5N1),-0.386061,0.041587,-0.215798,-0.044827,NA
1049_A/duck/Jilin/S4171/2,A/duck/Jilin/S4171/2019(H5N1),-0.379379,0.052272,-0.233054,-0.044716,NA
1050_A/duck/Nanchang/9789,A/duck/Nanchang/9789/2013,-0.365076,0.029897,-0.248055,-0.054007,NA
1051_A/duck/Shandong/009/,A/duck/Shandong/009/2008,-0.390367,0.035644,-0.246107,-0.021058,NA
1052_A/Duck/Shandong/Y01/,A/Duck/Shandong/Y01/2009,-0.389709,0.035732,-0.243172,-0.005428,NA
1053_A/Duck/Shandong/Y02/,A/Duck/Shandong/Y02/2009,-0.379584,0.028469,-0.21928,-0.021718,NA
1054_A/duck/Sichuan/NCXN1,A/duck/Sichuan/NCXN10/2014,-0.370668,0.062052,-0.260496,-0.066734,NA
1055_A/duck/Sichuan/NCXN1,A/duck/Sichuan/NCXN11/2014,-0.356169,0.056728,-0.250246,-0.080613,NA
1056_A/duck/Xinjiang/S106,A/duck/Xinjiang/S1066/2019(H5N1),-0.378586,0.060239,-0.196901,-0.086883,NA
1057_A/duck/Xinjiang/S112,A/duck/Xinjiang/S1126/2019(H5N1),-0.362305,0.042487,-0.195133,-0.066216,NA
1058_A/duck/Zhejiang/1220,A/duck/Zhejiang/1220092/2014,-0.410223,0.03813,-0.274155,-0.0155,NA
1059_A/duck/Zhejiang/S409,A/duck/Zhejiang/S4091/2017(H5N1),-0.388499,0.043966,-0.217146,-0.057688,NA
1060_A/equine/China/61/20,A/equine/China/61/2010,-0.365571,0.070143,-0.281846,-0.061845,NA
1061_A/equine/China/67/20,A/equine/China/67/2010,-0.365571,0.070143,-0.281846,-0.061845,NA
1062_A/equine/China/68/20,A/equine/China/68/2010,-0.365571,0.070143,-0.281846,-0.061845,NA
1063_A/Eurasian_Teal/Hong,A/Eurasian_Teal/Hong_Kong/AFCD-HKU-23-14009-01020/2023,-0.259644,-0.012066,-0.177781,-0.058132,NA
1064_A/Eurasian_Teal/Hong,A/Eurasian_Teal/Hong_Kong/AFCD-HKU-23-14383-02001/2023,-0.257537,-0.016482,-0.181274,-0.058404,NA
1065_A/Eurasian_Wigeon/Ho,A/Eurasian_Wigeon/Hong_Kong/AFCD-HKU-23-14484-01001/2023,-0.260431,-0.016417,-0.1811,-0.059352,NA
1066_A/Eurasian_Wigeon/Ho,A/Eurasian_Wigeon/Hong_Kong/AFCD-HKU-23-14524-01009/2023,-0.25217,-0.018066,-0.18431,-0.054927,NA
1067_A/Falco_peregrinus/B,A/Falco_peregrinus/Beijing/1/_2022,-0.284264,-0.007053,-0.174756,-0.103362,NA
1068_A/Fujian/1/2005|EPI_,A/Fujian/1/2005,-0.373102,0.082438,-0.241882,-0.005376,NA
1069_A/Fujian/1/2007|EPI_,A/Fujian/1/2007,-0.325409,0.071055,-0.233426,-0.0341,NA
1070_A/Gallinago_Stenura/,A/Gallinago_Stenura/Hong_Kong/AFCD-HKU-23-14383-01014/2023,-0.260431,-0.016417,-0.1811,-0.059352,NA
1071_A/goose/China/E43/20,A/goose/China/E43/2012,-0.387412,0.039243,-0.241775,-0.073288,NA
1072_A/goose/Guangdong/SH,A/goose/Guangdong/SH7/2013(H5N1),-0.370126,0.04902,-0.263499,-0.061144,NA
1073_A/goose/Guizhou/S154,A/goose/Guizhou/S1541/2022(H5N1),-0.235993,0.004069,-0.191274,-0.092086,NA
1074_A/goose/Hunan/SE284/,A/goose/Hunan/SE284/2022(H5N1),-0.28326,-0.007792,-0.182682,-0.098409,NA
1075_A/goose/Inner_Mongol,A/goose/Inner_Mongolia/IM-192/2014,-0.222575,-0.002993,-0.177736,0.002867,NA
1076_A/goose/Jiangsu/k040,A/goose/Jiangsu/k0403/2010,-0.359888,0.065742,-0.236817,-0.040099,NA
1077_A/goose/Jilin/S4034/,A/goose/Jilin/S4034/2019(H5N1),-0.396344,0.029326,-0.240169,-0.048713,NA
1078_A/goose/Shandong/03.,A/goose/Shandong/03.10_HZ/2015(H5N1),-0.375448,0.017942,-0.211745,-0.056913,NA
1079_A/goose/Shandong/GS/,A/goose/Shandong/GS/2013(H5N1),-0.402951,0.060867,-0.283711,-0.050255,NA
1080_A/goose/Zhejiang/112,A/goose/Zhejiang/112071/2014,-0.399073,0.047062,-0.245931,-0.061334,NA
1081_A/goose/Zhejiang/727,A/goose/Zhejiang/727098/2014,-0.38312,0.028369,-0.259605,-0.055711,NA
1082_A/Great_black-headed,A/Great_black-headed_Gull/Qinghai/YO1/2015_H5N1,-0.390855,0.022799,-0.214597,-0.081301,NA
1083_A/Great_black-headed,A/Great_black-headed_Gull/Qinghai/YO6/2015_H5N1,-0.393695,0.016756,-0.213715,-0.076236,NA
1084_A/Great_Cormorant/Hu,A/Great_Cormorant/Hubei/chenhu_V9/2015,-0.397515,0.00745,-0.248035,-0.022286,NA
1085_A/Great_Cormorant/Hu,A/Great_Cormorant/Hubei/chenhu_V10/2015,-0.397515,0.00745,-0.248035,-0.022286,NA
1086_A/Great_Cormorant/Hu,A/Great_Cormorant/Hubei/VI128/2015_H5N1,-0.395555,0.010479,-0.246946,-0.018375,NA
1087_A/Great_Cormorant/Hu,A/Great_Cormorant/Hubei/VI132/2015_H5N1,-0.385205,0.000529,-0.23479,-0.005002,NA
1088_A/Great_Cormorant/Hu,A/Great_Cormorant/Hubei/VI133/2015_H5N1,-0.380658,0.003599,-0.234239,-0.009216,NA
1089_A/Guangdong/1/2006|E,A/Guangdong/1/2006,-0.381159,0.074061,-0.26633,-0.010398,NA
1090_A/Guangdong/1/2008|E,A/Guangdong/1/2008,-0.396228,0.065415,-0.255695,-0.027828,NA
1091_A/Guangdong/2/2006|E,A/Guangdong/2/2006,-0.362209,0.040172,-0.234902,-0.081509,NA
1092_A/Guangxi/1/2005|EPI,A/Guangxi/1/2005,-0.374219,0.06808,-0.302537,-0.048137,NA
1093_A/Guangxi/1/2005|EPI,A/Guangxi/1/2005,-0.374219,0.06808,-0.302537,-0.048137,NA
1094_A/Guangxi/1/2008|EPI,A/Guangxi/1/2008,-0.354309,0.090551,-0.239643,-0.03505,NA
1095_A/Guizhou/1/2009|EPI,A/Guizhou/1/2009,-0.312496,0.048263,-0.207319,-0.05861,NA
1096_A/hill_myna/Heilongj,A/hill_myna/Heilongjiang/0704/2012,-0.39769,0.065961,-0.252536,-0.07135,NA
1097_A/Hong_Kong/5923/201,A/Hong_Kong/5923/2012,-0.378025,0.031753,-0.267735,-0.070718,NA
1098_A/Hunan/1/2006|EPI_I,A/Hunan/1/2006,-0.358371,0.067874,-0.278398,-0.058651,NA
1099_A/Hunan/1/2008|EPI_I,A/Hunan/1/2008,-0.377771,0.076716,-0.242397,0.007324,NA
1100_A/Hunan/2/2009|EPI_I,A/Hunan/2/2009,-0.309242,0.067208,-0.231823,-0.064703,NA
1101_A/Japanese_white-eye,A/Japanese_white-eye/Taoyuan/Q454/2012,-0.396819,0.055545,-0.255043,-0.069155,NA
1102_A/Jiangsu/1/2007|EPI,A/Jiangsu/1/2007,-0.397209,0.054546,-0.263346,-0.038816,NA
1103_A/Jiangsu/2/2007|EPI,A/Jiangsu/2/2007,-0.397209,0.054546,-0.263346,-0.038816,NA
1104_A/Jiangxi/1/2005|EPI,A/Jiangxi/1/2005,-0.35858,0.073794,-0.283852,0.000535,NA
1105_A/lesser_kestrel/Hei,A/lesser_kestrel/Heilongjiang/194/2007,-0.378615,0.07376,-0.258361,-0.055454,NA
1106_A/lion/Hubei/1-2/201,A/lion/Hubei/1-2/2016,-0.383413,-0.011479,-0.220427,-0.05955,NA
1107_A/mallard/Heilongjia,A/mallard/Heilongjiang/HLJ-69/2013,-0.394664,0.016302,-0.238992,-0.020918,NA
1108_A/mandarin_duck/Heil,A/mandarin_duck/Heilongjiang/HL-1/2021,-0.258361,0.016353,-0.184939,-0.090242,NA
1109_A/mandarin_duck/Hena,A/mandarin_duck/Henan/426/2021,-0.287693,-0.007416,-0.179816,-0.098672,NA
1110_A/meerkat/Shanghai/S,A/meerkat/Shanghai/SH-1/2012,-0.397002,0.024933,-0.254858,-0.054585,NA
1111_A/mink/China/G/2015|,A/mink/China/G/2015,-0.389335,0.032557,-0.227614,-0.095302,NA
1112_A/mink/China/XB/2015,A/mink/China/XB/2015,-0.392907,0.00483,-0.249547,-0.027928,NA
1113_A/mink/Eastern_China,A/mink/Eastern_China/0712/2018,-0.211671,-0.0367,-0.162155,0.080921,NA
1114_A/Nanjing/1/2015|EPI,A/Nanjing/1/2015,-0.395205,0.006563,-0.248095,-0.023153,NA
1115_A/ostrich/Suzhou/097,A/ostrich/Suzhou/097/2003,-0.348049,0.054526,-0.195265,0.031383,NA
1116_A/parrot/Guangdong/C,A/parrot/Guangdong/C99/2005,-0.377317,0.068662,-0.279919,-0.023773,NA
1117_A/peacock/Yunnan/1/2,A/peacock/Yunnan/1/2015,-0.391033,0.000602,-0.226709,-0.007132,NA
1118_A/peacock/Yunnan/3/2,A/peacock/Yunnan/3/2015,-0.403524,0.008146,-0.236152,-0.012394,NA
1119_A/pigeon/Hubei/RP25/,A/pigeon/Hubei/RP25/2012,-0.290704,0.054387,-0.234487,-0.073671,NA
1120_A/pigeon/Jiangsu/12.,A/pigeon/Jiangsu/12.22_TCCX053-P/2014(Mixed),-0.387704,0.034649,-0.242379,-0.069168,NA
1121_A/pigeon/Jiangxi/S40,A/pigeon/Jiangxi/S40784/2021(H5N1),-0.145905,-0.052614,-0.170799,-0.007321,NA
1122_A/pigeon/Jilin/04.25,A/pigeon/Jilin/04.25_CCHL019-O/2015(H5N1),-0.375959,0.040107,-0.224607,-0.053813,NA
1123_A/pigeon/Jilin/S4176,A/pigeon/Jilin/S4176/2019(H5N1),-0.379379,0.052272,-0.233054,-0.044716,NA
1124_A/pigeon/Sichuan/NCX,A/pigeon/Sichuan/NCXN29/2014,-0.37148,0.067795,-0.263019,-0.068192,NA
1125_A/pigeon/Zhejiang/11,A/pigeon/Zhejiang/112089/2014,-0.399073,0.047062,-0.245931,-0.061334,NA
1126_A/pigeon/Zhejiang/11,A/pigeon/Zhejiang/112090/2014,-0.372579,0.032915,-0.233912,-0.062246,NA
1127_A/pigeon/Zhejiang/72,A/pigeon/Zhejiang/727097/2014,-0.382867,0.027155,-0.257553,-0.056236,NA
1128_A/plateau_pika/Qingh,A/plateau_pika/Qinghai/04/2007,-0.365061,0.030626,-0.229569,0.020417,NA
1129_A/quail/Nanchang/663,A/quail/Nanchang/6631/2013,-0.379135,0.014877,-0.24467,-0.063071,NA
1130_A/Shandong/1/2009|EP,A/Shandong/1/2009,-0.363771,0.057022,-0.281609,-0.045185,NA
1131_A/Sichuan/1/2006|EPI,A/Sichuan/1/2006,-0.374005,0.044168,-0.242929,-0.029932,NA
1132_A/Sichuan/2/2006|EPI,A/Sichuan/2/2006,-0.393644,0.060469,-0.259281,-0.030729,NA
1133_A/Spatula_querquedul,A/Spatula_querquedula/Chongming/H5N1_1/2024,-0.282815,-0.006873,-0.187487,-0.106077,NA
1134_A/swine/Shandong/SD1,A/swine/Shandong/SD1/2014,-0.343266,0.051174,-0.275337,-0.01171,NA
1135_A/tiger/Yunnan/tig14,A/tiger/Yunnan/tig1404/2014,-0.367339,0.047433,-0.268827,-0.071668,NA
1136_A/tiger/Yunnan/tig14,A/tiger/Yunnan/tig1412/2014,-0.352222,0.047534,-0.254374,-0.076643,NA
1137_A/tiger/Yunnan/tig15,A/tiger/Yunnan/tig1508/2015,-0.406816,0.015854,-0.238909,-0.029811,NA
1138_A/tundra_swan/Fujian,A/tundra_swan/Fujian/SD121/2023(H5N1),-0.259622,-0.013333,-0.17817,-0.057531,NA
1139_A/turtle_dove/Guangd,A/turtle_dove/Guangdong/300/2005,-0.390852,0.071143,-0.256599,-0.050367,NA
1140_A/turtle_dove/Hunan/,A/turtle_dove/Hunan/S4004/2020(H5N1),-0.399341,0.01343,-0.268436,-0.009899,NA
1141_A/whooper_swan/Henan,A/whooper_swan/Henan/8/2021,-0.287388,-0.007231,-0.183468,-0.102793,NA
1142_A/whooper_swan/Henan,A/whooper_swan/Henan/14/2021,-0.287388,-0.007231,-0.183468,-0.102793,NA
1143_A/whooper_swan/Henan,A/whooper_swan/Henan/44/2021,-0.287388,-0.007231,-0.183468,-0.102793,NA
1144_A/whooper_swan/Henan,A/whooper_swan/Henan/45/2021,-0.287388,-0.007231,-0.183468,-0.102793,NA
1145_A/whooper_swan/Henan,A/whooper_swan/Henan/46/2021,-0.287388,-0.007231,-0.183468,-0.102793,NA
1146_A/whooper_swan/Henan,A/whooper_swan/Henan/424/2021,-0.287693,-0.007416,-0.179816,-0.098672,NA
1147_A/whooper_swan/Henan,A/whooper_swan/Henan/SMX1/2015(H5N1),-0.385805,0.022438,-0.231725,-0.090212,NA
1148_A/whooper_swan/Henan,A/whooper_swan/Henan/SMX3/2015(H5N1),-0.385805,0.022438,-0.231725,-0.090212,NA
1149_A/whooper_swan/Henan,A/whooper_swan/Henan/SMX4/2015(H5N1),-0.385805,0.022438,-0.231725,-0.090212,NA
1150_A/whooper_swan/Henan,A/whooper_swan/Henan/SMX9/2015(H5N1),-0.385805,0.022438,-0.231725,-0.090212,NA
1151_A/whooper_swan/Shanx,A/whooper_swan/Shanxi/14/2021,-0.287388,-0.007231,-0.183468,-0.102793,NA
1152_A/whooper_swan/Shanx,A/whooper_swan/Shanxi/20/2021,-0.285365,-0.007568,-0.186628,-0.105768,NA
1153_A/wild_duck/Fujian/1,A/wild_duck/Fujian/1/2011,-0.402374,0.027431,-0.279581,-0.055266,NA
1154_A/wild_duck/Fujian/2,A/wild_duck/Fujian/2/2011,-0.397137,0.040606,-0.277931,-0.077388,NA
1155_A/wild_duck/Hebei/SD,A/wild_duck/Hebei/SD012/2021(H5N1),-0.277614,-0.004736,-0.181022,-0.082616,NA
1156_A/wild_duck/Jilin/HF,A/wild_duck/Jilin/HF/2011,-0.369735,0.055139,-0.245084,-0.029372,NA
1157_A/wild_duck/Jilin/ZF,A/wild_duck/Jilin/ZF/2011,-0.353321,0.045084,-0.227146,-0.007998,NA
1158_A/wild_duck/Shandong,A/wild_duck/Shandong/1/2011,-0.356979,0.05139,-0.264739,-0.054455,NA
1159_A/wild_duck/Shandong,A/wild_duck/Shandong/2/2011,-0.377522,0.023658,-0.221368,-0.017176,NA
1160_A/wild_duck/Shandong,A/wild_duck/Shandong/628/2011,-0.410745,0.072305,-0.258588,-0.052591,NA
1161_A/Xinjiang/1/2006|EP,A/Xinjiang/1/2006,-0.366562,0.050966,-0.283716,0.007506,NA
1162_A/Xinjiang/1/2009|EP,A/Xinjiang/1/2009,-0.33909,0.072372,-0.278546,-0.030419,NA
1163_A/Zhejiang/1/2006|EP,A/Zhejiang/1/2006,-0.392572,0.082383,-0.269647,-0.062872,NA
1164_A/Anas_platyrhynchos,A/Anas_platyrhynchos/jiujiang/H5N1/2024_H5N1,-0.256326,-0.025473,-0.186474,-0.079857,NA
1165_A/Anhui/1/2006_H5N1|,A/Anhui/1/2006_H5N1,-0.360157,0.081187,-0.214156,-0.007824,NA
1166_A/Anhui/1/2007_H5N1|,A/Anhui/1/2007_H5N1,-0.430052,0.074084,-0.240833,-0.059911,NA
1167_A/Anhui/2/2005_H5N1|,A/Anhui/2/2005_H5N1,-0.400356,0.074114,-0.267126,-0.058247,NA
1168_A/Anser_cygnoides/Ch,A/Anser_cygnoides/China/P126/2015_H5N1,-0.355381,0.051609,-0.252004,-0.048775,NA
1169_A/Anser_fabalis/jiuj,A/Anser_fabalis/jiujiang/H5N1/2024_H5N1,-0.263259,-0.014965,-0.172154,-0.103525,NA
1170_A/Anser_fabalis/jiuj,A/Anser_fabalis/jiujiang/H5N1/2024_H5N1,-0.256326,-0.025473,-0.186474,-0.079857,NA
1171_A/Anser_fabalis/jiuj,A/Anser_fabalis/jiujiang/H5N1/2024_H5N1,-0.256326,-0.025473,-0.186474,-0.079857,NA
1172_A/Duck/Jiangxi/631/2,A/Duck/Jiangxi/631/2024_H5N1,-0.278302,-0.007279,-0.17485,-0.116381,NA
1173_A/Guangdong/1/2008_H,A/Guangdong/1/2008_H5N1,-0.396228,0.065415,-0.255695,-0.027828,NA
1174_A/Guangdong/2/2006_H,A/Guangdong/2/2006_H5N1,-0.362209,0.040172,-0.234902,-0.081509,NA
1175_A/Guangxi/1/2005_H5N,A/Guangxi/1/2005_H5N1,-0.365542,0.07492,-0.304129,-0.053072,NA
1176_A/Guangxi/1/2008_H5N,A/Guangxi/1/2008_H5N1,-0.354309,0.090551,-0.239643,-0.03505,NA
1177_A/Guizhou/1/2009_H5N,A/Guizhou/1/2009_H5N1,-0.312496,0.048263,-0.207319,-0.05861,NA
1178_A/Hunan/1/2008_H5N1|,A/Hunan/1/2008_H5N1,-0.377771,0.076716,-0.242397,0.007324,NA
1179_A/Hunan/2/2009_H5N1|,A/Hunan/2/2009_H5N1,-0.309242,0.067208,-0.231823,-0.064703,NA
1180_A/Japanese_white-eye,A/Japanese_white-eye/Taoyuan/Q454/2012_H5N1,-0.396819,0.055545,-0.255043,-0.069155,NA
1181_A/Nanjing/1/2015_H5N,A/Nanjing/1/2015_H5N1,-0.395205,0.006563,-0.248095,-0.023153,NA
1182_A/Shandong/1/2009_H5,A/Shandong/1/2009_H5N1,-0.363771,0.057022,-0.281609,-0.045185,NA
1183_A/Spatula_querquedul,A/Spatula_querquedula/chongming/H5N1/2024_H5N1,-0.282815,-0.006873,-0.187487,-0.106077,NA
1184_A/Wild_bird/Huadong/,A/Wild_bird/Huadong/CM120/2017_H5N1,-0.401706,0.027968,-0.255426,-0.004303,NA
1185_A/Wild_bird/Huadong/,A/Wild_bird/Huadong/DT10/2019_H5N1,-0.386351,0.049806,-0.24271,-0.049445,NA
1186_A/Wild_bird/Huadong/,A/Wild_bird/Huadong/JYWB4/2013_H5N1,-0.369296,0.036565,-0.260061,-0.067229,NA
1187_A/Xinjiang/1/2009_H5,A/Xinjiang/1/2009_H5N1,-0.33909,0.072372,-0.278546,-0.030419,NA
1188_A/avian/Hong_Kong/07,A/avian/Hong_Kong/0719/2007_H5N1,-0.354919,0.091932,-0.236888,-0.027822,NA
1189_A/avian/Hong_Kong/19,A/avian/Hong_Kong/1993/2007_H5N1,-0.354919,0.091932,-0.236888,-0.027822,NA
1190_A/avian/Hong_Kong/23,A/avian/Hong_Kong/2372/2007_H5N1,-0.352956,0.08735,-0.238877,-0.023496,NA
1191_A/bar-headed_goose/Q,A/bar-headed_goose/Qinghai/1-HVRI/2006_H5N1,-0.334238,0.038651,-0.253748,-0.010891,NA
1192_A/bar-headed_goose/T,A/bar-headed_goose/Tibet/8/2006_H5N1,-0.330902,0.042828,-0.285836,0.004138,NA
1193_A/brown-headed_gull/,A/brown-headed_gull/Qinghai/19/2009_H5N1,-0.376666,0.073795,-0.269118,-0.037073,NA
1194_A/brown-headed_gull/,A/brown-headed_gull/Qinghai/9/2009_H5N1,-0.390538,0.053677,-0.270796,-0.035112,NA
1195_A/chicken/China/Cang,A/chicken/China/Cangzhou03/2023_H5N1,-0.269335,-0.023783,-0.146097,-0.104046,NA
1196_A/chicken/China/E93/,A/chicken/China/E93/2012_H5N1,-0.326887,0.053033,-0.245249,-0.083325,NA
1197_A/chicken/China/E96/,A/chicken/China/E96/2012_H5N1,-0.351946,0.054851,-0.256332,-0.06553,NA
1198_A/chicken/Eastern_Ch,A/chicken/Eastern_China/ZG16/2010_H5N1,-0.279971,0.048897,-0.212109,-0.046431,NA
1199_A/chicken/Eastern_Ch,A/chicken/Eastern_China/ZG56/2011_H5N1,-0.2737,0.035043,-0.21105,-0.047304,NA
1200_A/chicken/Fujian/1/2,A/chicken/Fujian/1/2007_H5N1,-0.332957,0.075048,-0.241533,-0.041968,NA
1201_A/chicken/Gansu/5/20,A/chicken/Gansu/5/2012_H5N1,-0.336468,0.052105,-0.276547,-0.049373,NA
1202_A/chicken/Gansu/6/20,A/chicken/Gansu/6/2012_H5N1,-0.336468,0.052105,-0.276547,-0.049373,NA
1203_A/chicken/Guangdong/,A/chicken/Guangdong/1/2005_H5N1,-0.366112,0.012066,-0.237401,-0.019414,NA
1204_A/chicken/Guangxi/S2,A/chicken/Guangxi/S2039/2009_H5N1,-0.396887,0.024635,-0.262112,-0.063502,NA
1205_A/chicken/Guizhou/7/,A/chicken/Guizhou/7/2008_H5N1,-0.354969,0.093667,-0.243783,-0.072609,NA
1206_A/chicken/Hebei/A-8/,A/chicken/Hebei/A-8/2009_H5N1,-0.406189,0.056371,-0.243995,-0.022353,NA
1207_A/chicken/Henan/A-7/,A/chicken/Henan/A-7/2006_H5N1,-0.349258,0.087581,-0.26,0.029121,NA
1208_A/chicken/Huadong/4/,A/chicken/Huadong/4/2008_H5N1,-0.396155,0.039102,-0.252517,-0.00352,NA
1209_A/chicken/Hubei/2856,A/chicken/Hubei/2856/2007_H5N1,-0.380827,0.066067,-0.257532,-0.071777,NA
1210_A/chicken/Hunan/1793,A/chicken/Hunan/1793/2007_H5N1,-0.389134,0.069301,-0.262719,-0.015241,NA
1211_A/chicken/Hunan/21/2,A/chicken/Hunan/21/2005_H5N1,-0.401372,0.069954,-0.270164,-0.065846,NA
1212_A/chicken/Hunan/3/20,A/chicken/Hunan/3/2007_H5N1,-0.391362,0.063015,-0.27188,-0.055744,NA
1213_A/chicken/Hunan/3157,A/chicken/Hunan/3157/2006_H5N1,-0.381483,0.078993,-0.258593,-0.067473,NA
1214_A/chicken/Hunan/8/20,A/chicken/Hunan/8/2008_H5N1,-0.41488,0.083282,-0.281531,-0.070726,NA
1215_A/chicken/Jiangsu/18,A/chicken/Jiangsu/18/2008_H5N1,-0.404201,0.049301,-0.250449,0.000621,NA
1216_A/chicken/Jiangsu/24,A/chicken/Jiangsu/2477/2014_H5N1,-0.386585,0.041335,-0.24483,-0.063047,NA
1217_A/chicken/Jiangsu/92,A/chicken/Jiangsu/927/2013_H5N1,-0.415919,0.054183,-0.28381,-0.077817,NA
1218_A/chicken/Jiangsu/YB,A/chicken/Jiangsu/YB7/2015_H5N1,-0.393558,0.02285,-0.256109,-0.015594,NA
1219_A/chicken/Jiangsu/k0,A/chicken/Jiangsu/k0402/2010_H5N1,-0.362605,0.064302,-0.23685,-0.042543,NA
1220_A/chicken/Jiangxi/25,A/chicken/Jiangxi/25/2011_H5N1,-0.40309,0.037147,-0.259952,-0.068779,NA
1221_A/chicken/Liaoning/2,A/chicken/Liaoning/23/2005_H5N1,-0.36277,0.054233,-0.280452,0.000428,NA
1222_A/chicken/Liaoning/A,A/chicken/Liaoning/A-1/2007_H5N1,-0.351733,0.056172,-0.294382,0.018754,NA
1223_A/chicken/Liaoning/S,A/chicken/Liaoning/S4092/2011_H5N1,-0.351099,0.058156,-0.262424,-0.066373,NA
1224_A/chicken/Ningxia/2/,A/chicken/Ningxia/2/2012_H5N1,-0.336468,0.052105,-0.276547,-0.049373,NA
1225_A/chicken/Ningxia/22,A/chicken/Ningxia/222/2012_H5N1,-0.334144,0.050861,-0.280484,-0.048398,NA
1226_A/chicken/Ningxia/24,A/chicken/Ningxia/24/2006_H5N1,-0.330923,0.079588,-0.271808,0.014288,NA
1227_A/chicken/North_Chin,A/chicken/North_China/k0604/2010_H5N1,-0.344154,0.056683,-0.246348,-0.046773,NA
1228_A/chicken/Shandong/A,A/chicken/Shandong/A-10/2006_H5N1,-0.320943,0.072726,-0.271003,-0.017828,NA
1229_A/chicken/Shantou/37,A/chicken/Shantou/3744/2003_H5N1,-0.372481,0.07163,-0.273202,-0.002808,NA
1230_A/chicken/Shanxi/10/,A/chicken/Shanxi/10/2006_H5N1,-0.333615,0.049221,-0.273031,0.012122,NA
1231_A/chicken/Sheny/0606,A/chicken/Sheny/0606/2008_H5N1,-0.348777,0.058372,-0.293973,-0.003732,NA
1232_A/chicken/Sichuan/81,A/chicken/Sichuan/81/2005_H5N1,-0.394997,0.075417,-0.271452,-0.056735,NA
1233_A/chicken/Wuhan/HAQL,A/chicken/Wuhan/HAQL07/2014_H5N1,-0.392907,0.00483,-0.249547,-0.027928,NA
1234_A/chicken/Wuhan/HAQL,A/chicken/Wuhan/HAQL16/2014_H5N1,-0.392907,0.00483,-0.249547,-0.027928,NA
1235_A/chicken/Wuxi/WX-32,A/chicken/Wuxi/WX-32/2013_H5N1,-0.39932,0.03915,-0.228724,-0.064738,NA
1236_A/chicken/Wuxi/WX-33,A/chicken/Wuxi/WX-33/2013_H5N1,-0.406841,0.044233,-0.251047,-0.068646,NA
1237_A/chicken/Xinjiang/1,A/chicken/Xinjiang/17/2005_H5N1,-0.39895,0.070022,-0.246673,-0.027644,NA
1238_A/chicken/Xinjiang/2,A/chicken/Xinjiang/27/2006_H5N1,-0.357291,0.106682,-0.237047,0.000866,NA
1239_A/chicken/Xinjiang/5,A/chicken/Xinjiang/53/2005_H5N1,-0.364439,0.103322,-0.232776,0.00429,NA
1240_A/chicken/Xinjiang/5,A/chicken/Xinjiang/54/2005_H5N1,-0.363846,0.055406,-0.250033,0.001711,NA
1241_A/chicken/Xinjiang/6,A/chicken/Xinjiang/67/2005_H5N1,-0.366403,0.102789,-0.230567,-0.001277,NA
1242_A/chicken/Xinjiang/6,A/chicken/Xinjiang/68/2005_H5N1,-0.36997,0.075697,-0.261836,-0.014833,NA
1243_A/chicken/Yunnan/1/2,A/chicken/Yunnan/1/2014_H5N1,-0.373137,0.048979,-0.253645,-0.05817,NA
1244_A/chicken/Yunnan/207,A/chicken/Yunnan/207/2004_H5N1,-0.398429,0.04029,-0.266338,-0.019594,NA
1245_A/chicken/Yunnan/568,A/chicken/Yunnan/5686/2003_H5N1,-0.396319,0.044447,-0.276308,-0.02438,NA
1246_A/chicken/Yunnan/679,A/chicken/Yunnan/6797/2003_H5N1,-0.383788,0.039737,-0.259753,-0.039018,NA
1247_A/chicken/Yunnan/688,A/chicken/Yunnan/6885/2003_H5N1,-0.399782,0.043096,-0.273206,-0.020356,NA
1248_A/condor/Guangdong/1,A/condor/Guangdong/139/2003_H5N1,-0.387005,0.07442,-0.293543,0.021434,NA
1249_A/domestic_green-win,A/domestic_green-winged_teal/Hunan/3450/2006_H5N1,-0.393073,0.080846,-0.27644,-0.048615,NA
1250_A/duck/Anhui/56/2005,A/duck/Anhui/56/2005_H5N1,-0.364151,0.101618,-0.264063,0.012198,NA
1251_A/duck/China/0935/20,A/duck/China/0935/2017_H5N1,-0.389163,0.039925,-0.247041,-0.031382,NA
1252_A/duck/China/1033/20,A/duck/China/1033/2017_H5N1,-0.391068,0.035702,-0.246913,-0.027075,NA
1253_A/duck/China/E26/201,A/duck/China/E26/2012_H5N1,-0.340724,0.028666,-0.224868,-0.00467,NA
1254_A/duck/China/E53/201,A/duck/China/E53/2012_H5N1,-0.356839,0.019187,-0.247336,-0.061166,NA
1255_A/duck/Eastern_China,A/duck/Eastern_China/057/2007_H5N1,-0.329923,0.078634,-0.237702,-0.033569,NA
1256_A/duck/Eastern_China,A/duck/Eastern_China/108/2008_H5N1,-0.356736,0.045915,-0.234651,-0.042132,NA
1257_A/duck/Eastern_China,A/duck/Eastern_China/909/2009_H5N1,-0.37493,0.063688,-0.296478,-0.024704,NA
1258_A/duck/Guangdong/23/,A/duck/Guangdong/23/2004_H5N1,-0.336796,0.074517,-0.236367,-0.012826,NA
1259_A/duck/Hubei/2911/20,A/duck/Hubei/2911/2007_H5N1,-0.353293,0.06952,-0.241974,-0.086107,NA
1260_A/duck/Hubei/49/2005,A/duck/Hubei/49/2005_H5N1,-0.39836,0.079872,-0.275882,-0.047035,NA
1261_A/duck/Hubei/xn/2007,A/duck/Hubei/xn/2007_H5N1,-0.376453,0.06588,-0.284142,-0.050327,NA
1262_A/duck/Hunan/3/2007_,A/duck/Hunan/3/2007_H5N1,-0.392085,0.066515,-0.272552,-0.055398,NA
1263_A/duck/Hunan/316/200,A/duck/Hunan/316/2005_H5N1,-0.40334,0.080814,-0.266796,-0.049465,NA
1264_A/duck/Hunan/3315/20,A/duck/Hunan/3315/2006_H5N1,-0.379126,0.076508,-0.251946,-0.016459,NA
1265_A/duck/Hunan/689/200,A/duck/Hunan/689/2006_H5N1,-0.392015,0.076088,-0.261661,-0.069584,NA
1266_A/duck/Hunan/733/200,A/duck/Hunan/733/2004_H5N1,-0.395163,0.070324,-0.243396,0.003538,NA
1267_A/duck/Hunan/8/2008_,A/duck/Hunan/8/2008_H5N1,-0.393306,0.073989,-0.269333,-0.071737,NA
1268_A/duck/Hunan/S4020/2,A/duck/Hunan/S4020/2008_H5N1,-0.393431,0.047061,-0.269557,-0.065734,NA
1269_A/duck/Hunan/S4030/2,A/duck/Hunan/S4030/2011_H5N1,-0.381623,0.012501,-0.246976,-0.059989,NA
1270_A/duck/Hunan/S4150/2,A/duck/Hunan/S4150/2011_H5N1,-0.391388,0.022221,-0.251053,-0.026314,NA
1271_A/duck/Hunan/S4220/2,A/duck/Hunan/S4220/2011_H5N1,-0.380766,0.038945,-0.264172,-0.07077,NA
1272_A/duck/Jiangxi/120/2,A/duck/Jiangxi/120/2011_H5N1,-0.300728,0.043926,-0.223498,-0.047891,NA
1273_A/duck/Jiangxi/130/2,A/duck/Jiangxi/130/2011_H5N1,-0.391665,0.016556,-0.239156,-0.025563,NA
1274_A/duck/Jiangxi/34/20,A/duck/Jiangxi/34/2011_H5N1,-0.406693,0.040518,-0.251779,-0.06566,NA
1275_A/duck/Jiangxi/35/20,A/duck/Jiangxi/35/2011_H5N1,-0.396214,0.037893,-0.244282,-0.073552,NA
1276_A/duck/Jiangxi/44/20,A/duck/Jiangxi/44/2011_H5N1,-0.405136,0.042929,-0.250676,-0.056123,NA
1277_A/duck/Jiangxi/80/20,A/duck/Jiangxi/80/2005_H5N1,-0.376502,0.068736,-0.23492,-0.058738,NA
1278_A/duck/Jilin/JL-SIV/,A/duck/Jilin/JL-SIV/2013_H5N1,-0.399585,0.047954,-0.266492,-0.019245,NA
1279_A/duck/Nanchang/9789,A/duck/Nanchang/9789/2013_H5N1,-0.365076,0.029897,-0.248055,-0.054007,NA
1280_A/duck/Shandong/009/,A/duck/Shandong/009/2008_H5N1,-0.390367,0.035644,-0.246107,-0.021058,NA
1281_A/duck/Sichuan/NCXN1,A/duck/Sichuan/NCXN10/2014_H5N1,-0.370668,0.062052,-0.260496,-0.066734,NA
1282_A/duck/Sichuan/NCXN1,A/duck/Sichuan/NCXN11/2014_H5N1,-0.356169,0.056728,-0.250246,-0.080613,NA
1283_A/duck/Wenzhou/YJYF3,A/duck/Wenzhou/YJYF33/2015_H5N1,-0.386959,-0.008841,-0.254126,-0.01569,NA
1284_A/duck/Yunnan/4072/2,A/duck/Yunnan/4072/2003_H5N1,-0.396319,0.044447,-0.276308,-0.02438,NA
1285_A/duck/Yunnan/426/20,A/duck/Yunnan/426/2004_H5N1,-0.380978,0.034783,-0.262892,-0.046087,NA
1286_A/duck/Yunnan/4645/2,A/duck/Yunnan/4645/2003_H5N1,-0.396319,0.044447,-0.276308,-0.02438,NA
1287_A/duck/Yunnan/47/200,A/duck/Yunnan/47/2006_H5N1,-0.361927,0.083682,-0.241479,-0.031351,NA
1288_A/duck/Yunnan/485/20,A/duck/Yunnan/485/2004_H5N1,-0.398429,0.04029,-0.266338,-0.019594,NA
1289_A/duck/Yunnan/4873/2,A/duck/Yunnan/4873/2006_H5N1,-0.362981,0.074347,-0.24271,-0.018975,NA
1290_A/duck/Yunnan/5090/2,A/duck/Yunnan/5090/2003_H5N1,-0.396319,0.044447,-0.276308,-0.02438,NA
1291_A/duck/Yunnan/5169/2,A/duck/Yunnan/5169/2003_H5N1,-0.396319,0.044447,-0.276308,-0.02438,NA
1292_A/duck/Yunnan/522/20,A/duck/Yunnan/522/2004_H5N1,-0.380793,0.039681,-0.263661,-0.046797,NA
1293_A/duck/Yunnan/5310/2,A/duck/Yunnan/5310/2006_H5N1,-0.402162,0.074459,-0.279264,-0.051176,NA
1294_A/duck/Yunnan/5948/2,A/duck/Yunnan/5948/2003_H5N1,-0.396319,0.044447,-0.276308,-0.02438,NA
1295_A/duck/Yunnan/6080/2,A/duck/Yunnan/6080/2003_H5N1,-0.399782,0.043096,-0.273206,-0.020356,NA
1296_A/duck/Yunnan/6603/2,A/duck/Yunnan/6603/2003_H5N1,-0.400611,0.040139,-0.271102,-0.017926,NA
1297_A/duck/Zhejiang/1220,A/duck/Zhejiang/1220092/2014_H5N1,-0.410223,0.03813,-0.274155,-0.0155,NA
1298_A/duck/Zhejiang/213/,A/duck/Zhejiang/213/2011_H5N1,-0.395586,0.040053,-0.269514,-0.078913,NA
1299_A/duck/Zhejiang/224/,A/duck/Zhejiang/224/2011_H5N1,-0.407538,0.037354,-0.25683,-0.07011,NA
1300_A/duck/Zhejiang/2242,A/duck/Zhejiang/2242/2011_H5N1,-0.396161,0.052155,-0.262213,-0.063975,NA
1301_A/duck/Zhejiang/2243,A/duck/Zhejiang/2243/2011_H5N1,-0.403833,0.038011,-0.23975,-0.074144,NA
1302_A/duck/Zhejiang/2244,A/duck/Zhejiang/2244/2011_H5N1,-0.407267,0.039061,-0.255143,-0.068697,NA
1303_A/duck/Zhejiang/2245,A/duck/Zhejiang/2245/2011_H5N1,-0.233657,0.025485,-0.223544,-0.014155,NA
1304_A/duck/Zhejiang/2248,A/duck/Zhejiang/2248/2011_H5N1,-0.4065,0.038237,-0.258008,-0.065105,NA
1305_A/equine/China/61/20,A/equine/China/61/2010_H5N1,-0.365571,0.070143,-0.281846,-0.061845,NA
1306_A/equine/China/67/20,A/equine/China/67/2010_H5N1,-0.365571,0.070143,-0.281846,-0.061845,NA
1307_A/equine/China/68/20,A/equine/China/68/2010_H5N1,-0.365571,0.070143,-0.281846,-0.061845,NA
1308_A/goose/China/E43/20,A/goose/China/E43/2012_H5N1,-0.387412,0.039243,-0.241775,-0.073288,NA
1309_A/goose/Eastern_Chin,A/goose/Eastern_China/223/2008_H5N1,-0.311809,0.06249,-0.232004,-0.023001,NA
1310_A/goose/GuangDong/11,A/goose/GuangDong/1189/2023_H5N1,-0.258705,0.003002,-0.172066,-0.11229,NA
1311_A/goose/Guangdong/72,A/goose/Guangdong/72/2004_H5N1,-0.362306,0.041711,-0.244721,-0.022843,NA
1312_A/goose/Hubei/65/200,A/goose/Hubei/65/2005_H5N1,-0.398338,0.075417,-0.271194,-0.058658,NA
1313_A/goose/Inner_Mongol,A/goose/Inner_Mongolia/IM-192/2014_H5N1,-0.222575,-0.002993,-0.177736,0.002867,NA
1314_A/goose/Jiangsu/k040,A/goose/Jiangsu/k0403/2010_H5N1,-0.359888,0.065742,-0.236817,-0.040099,NA
1315_A/goose/Yunnan/3798/,A/goose/Yunnan/3798/2006_H5N1,-0.364795,0.078031,-0.239256,-0.020405,NA
1316_A/goose/Yunnan/4371/,A/goose/Yunnan/4371/2006_H5N1,-0.362981,0.074347,-0.24271,-0.018975,NA
1317_A/goose/Yunnan/4389/,A/goose/Yunnan/4389/2006_H5N1,-0.363495,0.072762,-0.238903,-0.018648,NA
1318_A/goose/Yunnan/4985/,A/goose/Yunnan/4985/2006_H5N1,-0.362981,0.074347,-0.24271,-0.018975,NA
1319_A/goose/Yunnan/5141/,A/goose/Yunnan/5141/2006_H5N1,-0.345925,0.070313,-0.23484,-0.015739,NA
1320_A/goose/Yunnan/5769/,A/goose/Yunnan/5769/2006_H5N1,-0.400905,0.075192,-0.279041,-0.048748,NA
1321_A/goose/Yunnan/5979/,A/goose/Yunnan/5979/2006_H5N1,-0.400905,0.075192,-0.279041,-0.048748,NA
1322_A/goose/Yunnan/6193/,A/goose/Yunnan/6193/2006_H5N1,-0.364111,0.070612,-0.278836,-0.057344,NA
1323_A/goose/Zhejiang/112,A/goose/Zhejiang/112071/2014_H5N1,-0.399073,0.047062,-0.245931,-0.061334,NA
1324_A/goose/Zhejiang/727,A/goose/Zhejiang/727098/2014_H5N1,-0.38312,0.028369,-0.259605,-0.055711,NA
1325_A/great_black-headed,A/great_black-headed_gull/Qinghai/8/2009_H5N1,-0.361671,0.056279,-0.251189,-0.027032,NA
1326_A/great_crested-greb,A/great_crested-grebe/Qinghai/1/2009_H5N1,-0.401068,0.08096,-0.263955,-0.04591,NA
1327_A/great_egret/Hong_K,A/great_egret/Hong_Kong/807/2008_H5N1,-0.389268,0.031279,-0.252649,-0.075494,NA
1328_A/great_tit/Panjing/,A/great_tit/Panjing/PJ-66/2013_H5N1,-0.394664,0.016302,-0.238992,-0.020918,NA
1329_A/grey_heron/Hong_Ko,A/grey_heron/Hong_Kong/1046/2008_H5N1,-0.399812,0.035712,-0.268075,-0.094043,NA
1330_A/grey_heron/Hong_Ko,A/grey_heron/Hong_Kong/3088/2007_H5N1,-0.381814,0.04649,-0.238877,-0.069518,NA
1331_A/hill_myna/Heilongj,A/hill_myna/Heilongjiang/0704/2012_H5N1,-0.39769,0.065961,-0.252536,-0.07135,NA
1332_A/lesser_kestrel/Hei,A/lesser_kestrel/Heilongjiang/194/2007_H5N1,-0.378615,0.07376,-0.258361,-0.055454,NA
1333_A/lion/Hubei/1-2/201,A/lion/Hubei/1-2/2016_H5N1,-0.383413,-0.011479,-0.220427,-0.05955,NA
1334_A/little_egret/Hong_,A/little_egret/Hong_Kong/8550/2007_H5N1,-0.382904,0.042926,-0.238564,-0.074042,NA
1335_A/magpie_robin/Hong_,A/magpie_robin/Hong_Kong/1097/2008_H5N1,-0.399577,0.0326,-0.266498,-0.088631,NA
1336_A/magpie_robin/Hong_,A/magpie_robin/Hong_Kong/1897/2008_H5N1,-0.396112,0.035983,-0.264445,-0.07953,NA
1337_A/meerkat/Shanghai/S,A/meerkat/Shanghai/SH-1/2012_H5N1,-0.397002,0.024933,-0.254858,-0.054585,NA
1338_A/mink/China/G/2015_,A/mink/China/G/2015_H5N1,-0.389335,0.032557,-0.227614,-0.095302,NA
1339_A/mink/China/XB/2015,A/mink/China/XB/2015_H5N1,-0.392907,0.00483,-0.249547,-0.027928,NA
1340_A/mink/Eastern_China,A/mink/Eastern_China/0712/2018_H5N1,-0.211671,-0.0367,-0.162155,0.080921,NA
1341_A/ostrich/Suzhou/097,A/ostrich/Suzhou/097/2003_H5N1,-0.348049,0.054526,-0.195265,0.031383,NA
1342_A/parrot/Guangdong/C,A/parrot/Guangdong/C99/2005_H5N1,-0.377317,0.068662,-0.279919,-0.023773,NA
1343_A/partridge/Shantou/,A/partridge/Shantou/2886/2003_H5N1,-0.35489,0.035606,-0.24353,0.026537,NA
1344_A/peacock/Yunnan/1/2,A/peacock/Yunnan/1/2015_H5N1,-0.391033,0.000602,-0.226709,-0.007132,NA
1345_A/peacock/Yunnan/3/2,A/peacock/Yunnan/3/2015_H5N1,-0.403524,0.008146,-0.236152,-0.012394,NA
1346_A/peregrine_falcon/H,A/peregrine_falcon/Hong_Kong/2142/2008_H5N1,-0.333265,0.056514,-0.262581,-0.007353,NA
1347_A/pheasant/Shantou/3,A/pheasant/Shantou/3535/2003_H5N1,-0.353299,0.040321,-0.248136,0.022551,NA
1348_A/pheasant/Shantou/4,A/pheasant/Shantou/4567/2002_H5N1,-0.372603,0.063513,-0.281165,-0.028798,NA
1349_A/pied_megpie/Liaoni,A/pied_megpie/Liaoning/7/2006_H5N1,-0.365834,0.062199,-0.280536,0.0033,NA
1350_A/pigeon/Hubei/RP25/,A/pigeon/Hubei/RP25/2012_H5N1,-0.290704,0.054387,-0.234487,-0.073671,NA
1351_A/pigeon/Sichuan/NCX,A/pigeon/Sichuan/NCXN29/2014_H5N1,-0.37148,0.067795,-0.263019,-0.068192,NA
1352_A/pigeon/Zhejiang/11,A/pigeon/Zhejiang/112089/2014_H5N1,-0.399073,0.047062,-0.245931,-0.061334,NA
1353_A/pigeon/Zhejiang/11,A/pigeon/Zhejiang/112090/2014_H5N1,-0.372579,0.032915,-0.233912,-0.062246,NA
1354_A/pigeon/Zhejiang/72,A/pigeon/Zhejiang/727097/2014_H5N1,-0.382867,0.027155,-0.257553,-0.056236,NA
1355_A/plateau_pika/Qingh,A/plateau_pika/Qinghai/04/2007_H5N1,-0.365061,0.030626,-0.229569,0.020417,NA
1356_A/quail/Guangxi/11/2,A/quail/Guangxi/11/2002_H5N1,-0.350446,0.009792,-0.225271,-0.024486,NA
1357_A/quail/Guangxi/12/2,A/quail/Guangxi/12/2002_H5N1,-0.327228,0.003191,-0.218064,-0.02725,NA
1358_A/quail/Guangxi/13/2,A/quail/Guangxi/13/2002_H5N1,-0.348357,0.012295,-0.233672,-0.033361,NA
1359_A/quail/Nanchang/663,A/quail/Nanchang/6631/2013_H5N1,-0.379135,0.014877,-0.24467,-0.063071,NA
1360_A/shrike/Tibet/13/20,A/shrike/Tibet/13/2006_H5N1,-0.370434,0.04731,-0.253197,-0.063907,NA
1361_A/silky_chicken/Shan,A/silky_chicken/Shantou/475/2004_H5N1,-0.373544,0.068885,-0.259174,-0.008534,NA
1362_A/swan/Shanghai/10/2,A/swan/Shanghai/10/2009_H5N1,-0.356736,0.045915,-0.234651,-0.042132,NA
1363_A/swine/Guangxi/592/,A/swine/Guangxi/592/2011_H5N1,-0.399761,0.044531,-0.252729,-0.069,NA
1364_A/swine/Jiangsu/1/20,A/swine/Jiangsu/1/2008_H5N1,-0.434602,0.03807,-0.221518,0.013053,NA
1365_A/swine/Jiangsu/2/20,A/swine/Jiangsu/2/2009_H5N1,-0.38036,0.041405,-0.271175,-0.003612,NA
1366_A/swine/Shandong/SD1,A/swine/Shandong/SD1/2014_H5N1,-0.343266,0.051174,-0.275337,-0.01171,NA
1367_A/swine/Zhejiang/SW5,A/swine/Zhejiang/SW57/2015_H5N1,-0.38312,0.028369,-0.259605,-0.055711,NA
1368_A/tiger/Yunnan/tig14,A/tiger/Yunnan/tig1404/2014_H5N1,-0.367339,0.047433,-0.268827,-0.071668,NA
1369_A/tiger/Yunnan/tig14,A/tiger/Yunnan/tig1412/2014_H5N1,-0.352222,0.047534,-0.254374,-0.076643,NA
1370_A/tiger/Yunnan/tig15,A/tiger/Yunnan/tig1508/2015_H5N1,-0.406816,0.015854,-0.238909,-0.029811,NA
1371_A/turtle_dove/Guangd,A/turtle_dove/Guangdong/300/2005_H5N1,-0.390852,0.071143,-0.256599,-0.050367,NA
1372_A/waterfowl/Hong_Kon,A/waterfowl/Hong_Kong/378.5/2001_H5N1,-0.351278,0.040595,-0.28057,0.00319,NA
1373_A/wild_duck/Fujian/1,A/wild_duck/Fujian/1/2011_H5N1,-0.402374,0.027431,-0.279581,-0.055266,NA
1374_A/wild_duck/Fujian/2,A/wild_duck/Fujian/2/2011_H5N1,-0.397137,0.040606,-0.277931,-0.077388,NA
1375_A/wild_duck/Jilin/HF,A/wild_duck/Jilin/HF/2011_H5N1,-0.369735,0.055139,-0.245084,-0.029372,NA
1376_A/wild_duck/Jilin/ZF,A/wild_duck/Jilin/ZF/2011_H5N1,-0.353321,0.045084,-0.227146,-0.007998,NA
1377_A/wild_duck/Liaoning,A/wild_duck/Liaoning/8/2006_H5N1,-0.372543,0.043577,-0.280883,0.001577,NA
1378_A/wild_duck/Shandong,A/wild_duck/Shandong/1/2011_H5N1,-0.356979,0.05139,-0.264739,-0.054455,NA
1379_A/wild_duck/Shandong,A/wild_duck/Shandong/2/2011_H5N1,-0.377522,0.023658,-0.221368,-0.017176,NA
1380_A/wild_duck/Shandong,A/wild_duck/Shandong/628/2011_H5N1,-0.410745,0.072305,-0.258588,-0.052591,NA
1381_A/Indonesia/5/2005,A/Indonesia/5/2005,0.020499,0.037449,0.172603,-0.245966,NP
1382_A/Hong_Kong/483/1997,A/Hong Kong/483/1997,0.070213,0.0111,0.126886,-0.217352,NP
1383_A/Hong_Kong/482/97,A/Hong Kong/482/97,0.078803,0.018463,0.123991,-0.199636,NP
1384_A/Chicken/HongKong/F,A/Chicken/HongKong/FY150/01,0.025537,-0.035776,0.141596,-0.133108,NP
1385_A/Chicken/HongKong/Y,A/Chicken/HongKong/YU822.2/01,0.062515,-0.03027,0.111385,-0.205923,NP
1386_A/Chicken/HongKong/Y,A/Chicken/HongKong/YU562/01,0.057413,0.025356,0.116947,-0.200069,NP
1387_A/Pheasant/Hong_Kong,A/Pheasant/Hong Kong/FY155/01,0.013882,0.020223,0.194366,-0.212667,NP
1388_A/Hong_Kong/486/97,A/Hong Kong/486/97,0.078803,0.018463,0.123991,-0.199636,NP
1389_A/Thailand/16/2004,A/Thailand/16/2004,0.029384,0.042273,0.185218,-0.232718,NP
1390_A/Hong_Kong/538/97,A/Hong Kong/538/97,0.078726,0.025175,0.120411,-0.214341,NP
1391_A/chicken/Indonesia/,A/chicken/Indonesia/7/2003,0.044434,0.034606,0.196007,-0.270574,NP
1392_A/chicken/Korea/ES/0,A/chicken/Korea/ES/03,0.020685,0.029125,0.176436,-0.263837,NP
1393_A/Hong_Kong/156/97,A/Hong Kong/156/97,0.086575,0.000739,0.115901,-0.211039,NP
1394_A/whooper_swan/Mongo,A/whooper swan/Mongolia/244/2005,0.034307,0.0291,0.186574,-0.267075,NP
1395_A/Vietnam/UT3062/200,A/Vietnam/UT3062/2004,0.031155,0.027045,0.188633,-0.223478,NP
1396_A/Anas_platyrhynchos,A/Anas_platyrhynchos/Chongming/H5N1_1/2024,0.047338,0.028318,0.131691,-0.20831,NP
1397_A/Anas_platyrhynchos,A/Anas_platyrhynchos/Jiujiang/H5N1/2024,0.047338,0.028318,0.131691,-0.20831,NP
1398_A/Anhui/1/2005|EPI_I,A/Anhui/1/2005,0.055058,0.069612,0.166985,-0.217241,NP
1399_A/Anhui/1/2006|EPI_I,A/Anhui/1/2006,0.012916,0.052237,0.185384,-0.26112,NP
1400_A/Anhui/2/2005|EPI_I,A/Anhui/2/2005,0.054589,0.071765,0.164194,-0.246829,NP
1401_A/Anser_cygnoides/Ch,A/Anser_cygnoides/China/P126/2015,-0.019719,0.056355,0.206653,-0.215928,NP
1402_A/Anser_fabalis/Jiuj,A/Anser_fabalis/Jiujiang/H5N1/2024,0.047338,0.028318,0.131691,-0.20831,NP
1403_A/Bar-headed_Goose/Q,A/Bar-headed_Goose/Qinghai/BTY2/2015_H5N1,0.003432,0.054763,0.203067,-0.237488,NP
1404_A/Bar-headed_Goose/T,A/Bar-headed_Goose/Tibet/XZ901/2021,0.065581,-0.001286,0.148152,-0.223947,NP
1405_A/Bar-headed_Goose/T,A/Bar-headed_Goose/Tibet/XZ1131/2021,0.065581,-0.001286,0.148152,-0.223947,NP
1406_A/Black_faced_Spoonb,A/Black_faced_Spoonbill/AFCD-HKU-22-21944-01009/2022,0.017805,-0.014128,0.108458,-0.193621,NP
1407_A/Black_Faced_Spoonb,A/Black_Faced_Spoonbill/Hong_Kong/AFCD-HKU-21-17198.01012/2021,0.052441,0.005157,0.156363,-0.208756,NP
1408_A/Black_Faced_Spoonb,A/Black_Faced_Spoonbill/Hong_Kong/AFCD-HKU-22-21429-01012/2022,0.032197,-0.019242,0.133655,-0.20125,NP
1409_A/Black-necked_Grebe,A/Black-necked_Grebe/Inner_Mongolia/Anal_swab4/2015_H5N1,0.0065,0.051715,0.216545,-0.224785,NP
1410_A/Black-necked_Grebe,A/Black-necked_Grebe/Inner_Mongolia/Brain1/2015_H5N1,0.007779,0.054166,0.187003,-0.237063,NP
1411_A/Black-necked_Grebe,A/Black-necked_Grebe/Inner_Mongolia/Brain3/2015_H5N1,0.007779,0.054166,0.187003,-0.237063,NP
1412_A/Black-necked_Grebe,A/Black-necked_Grebe/Inner_Mongolia/Liver3/2015_H5N1,0.007779,0.054166,0.187003,-0.237063,NP
1413_A/Black-necked_Grebe,A/Black-necked_Grebe/Inner_Mongolia/Lung2/2015_H5N1,0.007779,0.054166,0.187003,-0.237063,NP
1414_A/Black-necked_Grebe,A/Black-necked_Grebe/Inner_Mongolia/Lung3-2/2015_H5N1,0.007779,0.054166,0.187003,-0.237063,NP
1415_A/Black-necked_Grebe,A/Black-necked_Grebe/Inner_Mongolia/Oropharynx_swab3/2015_H5N1,0.007779,0.054166,0.187003,-0.237063,NP
1416_A/Black-necked_Grebe,A/Black-necked_Grebe/Inner_Mongolia/Trachea3/2015_H5N1,0.007779,0.054166,0.187003,-0.237063,NP
1417_A/chicken/Anhui/S174,A/chicken/Anhui/S1740/2022(H5N1),0.055409,-0.017738,0.18035,-0.173732,NP
1418_A/chicken/China/Cang,A/chicken/China/Cangzhou03/2023,0.055505,0.042852,0.138352,-0.218921,NP
1419_A/chicken/China/E93/,A/chicken/China/E93/2012,0.05747,0.008687,0.166419,-0.223865,NP
1420_A/chicken/China/E96/,A/chicken/China/E96/2012,0.062479,0.00664,0.166149,-0.220438,NP
1421_A/chicken/Gansu/5/20,A/chicken/Gansu/5/2012,0.053843,0.001036,0.146463,-0.230871,NP
1422_A/chicken/Gansu/6/20,A/chicken/Gansu/6/2012,0.05747,0.008687,0.166419,-0.223865,NP
1423_A/chicken/Guangxi/S2,A/chicken/Guangxi/S2039/2009,0.031581,0.025327,0.182223,-0.241043,NP
1424_A/chicken/Hubei/2856,A/chicken/Hubei/2856/2007,0.059355,0.062561,0.137443,-0.258839,NP
1425_A/chicken/Hunan/1793,A/chicken/Hunan/1793/2007,0.041608,0.068846,0.171488,-0.236622,NP
1426_A/chicken/Hunan/3157,A/chicken/Hunan/3157/2006,0.01559,0.083879,0.160953,-0.242071,NP
1427_A/chicken/Hunan/S100,A/chicken/Hunan/S10029/2018(H5N1),0.032299,0.040244,0.174392,-0.222812,NP
1428_A/chicken/Jiangsu/03,A/chicken/Jiangsu/03.17_WX006-P/2015(H5N1),-0.013909,0.053603,0.144378,-0.20943,NP
1429_A/chicken/Jiangsu/92,A/chicken/Jiangsu/927/2013,0.022643,0.037915,0.194261,-0.213175,NP
1430_A/chicken/Jiangsu/24,A/chicken/Jiangsu/2477/2014,0.023215,0.058553,0.191136,-0.216668,NP
1431_A/chicken/Jiangsu/k0,A/chicken/Jiangsu/k0402/2010,0.012822,0.04179,0.202918,-0.246955,NP
1432_A/chicken/Jiangsu/SE,A/chicken/Jiangsu/SE2228/2017(H5N1),0.019338,0.050979,0.194636,-0.231683,NP
1433_A/chicken/Jiangsu/YB,A/chicken/Jiangsu/YB7/2015,-0.005842,0.037266,0.14623,-0.199178,NP
1434_A/chicken/Jiangxi/25,A/chicken/Jiangxi/25/2011,0.007407,0.040118,0.218062,-0.241081,NP
1435_A/chicken/Jiangxi/S4,A/chicken/Jiangxi/S40653/2021(H5N1),0.05412,-0.018684,0.178698,-0.17509,NP
1436_A/chicken/Jilin/04.1,A/chicken/Jilin/04.12_MHK001-O/2015(H5N1),0.016195,0.067078,0.196126,-0.217376,NP
1437_A/chicken/Jilin/04.1,A/chicken/Jilin/04.12_MHK002-O/2015(H5N1),0.016195,0.067078,0.196126,-0.217376,NP
1438_A/chicken/Jilin/04.1,A/chicken/Jilin/04.12_MHK003-O/2015(H5N1),0.016195,0.067078,0.196126,-0.217376,NP
1439_A/chicken/Jilin/04.1,A/chicken/Jilin/04.12_MHK004-O/2015(Mixed),0.016195,0.067078,0.196126,-0.217376,NP
1440_A/chicken/Jilin/04.2,A/chicken/Jilin/04.25_MHK009/2015(H5N1),0.018159,0.062496,0.194138,-0.21305,NP
1441_A/chicken/Jilin/S125,A/chicken/Jilin/S1255/2019(H5N1),0.020068,0.03323,0.189009,-0.212271,NP
1442_A/chicken/Jilin/S127,A/chicken/Jilin/S1271/2019(H5N1),0.016469,0.035575,0.190084,-0.210258,NP
1443_A/chicken/Liaoning/S,A/chicken/Liaoning/S4092/2011,0.076594,-0.028709,0.135097,-0.222304,NP
1444_A/chicken/Liaoning/S,A/chicken/Liaoning/SD035/2018(H5N1),0.009726,0.042682,0.197327,-0.227474,NP
1445_A/chicken/Ningxia/2/,A/chicken/Ningxia/2/2012,0.056635,-0.000121,0.143699,-0.236344,NP
1446_A/chicken/Ningxia/22,A/chicken/Ningxia/222/2012,0.059669,-0.000189,0.143516,-0.23535,NP
1447_A/chicken/Shandong/1,A/chicken/Shandong/12.03_YA-CK/2014(H5N1),-0.016802,0.054605,0.144433,-0.21676,NP
1448_A/Chicken/Shandong/J,A/Chicken/Shandong/J01/2009,0.013851,0.020734,0.22161,-0.202655,NP
1449_A/Chicken/Shandong/J,A/Chicken/Shandong/J02/2009,0.054317,-0.003359,0.136584,-0.220046,NP
1450_A/Chicken/Shandong/J,A/Chicken/Shandong/J03/2009,0.071077,0.00204,0.158493,-0.23625,NP
1451_A/Chicken/Shandong/J,A/Chicken/Shandong/J04/2009,0.082143,0.01435,0.132687,-0.225719,NP
1452_A/Chicken/Shandong/J,A/Chicken/Shandong/J06/2009,0.000536,0.027725,0.210369,-0.234485,NP
1453_A/chicken/Shanghai/S,A/chicken/Shanghai/S1123/2019(H5N1),0.005669,0.054239,0.196631,-0.2349,NP
1454_A/chicken/Shanghai/S,A/chicken/Shanghai/S4030/2017(H5N1),0.020228,0.062886,0.193007,-0.224393,NP
1455_A/chicken/Wuxi/WX-32,A/chicken/Wuxi/WX-32/2013,0.034846,0.045762,0.177157,-0.234289,NP
1456_A/chicken/Wuxi/WX-33,A/chicken/Wuxi/WX-33/2013,0.021069,0.033827,0.18526,-0.234062,NP
1457_A/chicken/Xinjiang/S,A/chicken/Xinjiang/S1016/2019(H5N1),0.008703,0.054171,0.196449,-0.233906,NP
1458_A/chicken/Xinjiang/S,A/chicken/Xinjiang/S1081/2019(H5N1),0.010667,0.049589,0.194461,-0.22958,NP
1459_A/chicken/Xinjiang/S,A/chicken/Xinjiang/S1170/2019(H5N1),0.009791,0.054778,0.198108,-0.233204,NP
1460_A/chicken/Yunnan/1/2,A/chicken/Yunnan/1/2014,-0.013257,0.058496,0.201804,-0.208588,NP
1461_A/condor/Guangdong/1,A/condor/Guangdong/139/2003,0.029331,0.021565,0.192736,-0.263253,NP
1462_A/Curlew/Hong_Kong/A,A/Curlew/Hong_Kong/AFCD-HKU-22-01095.01009/2022,0.061095,0.000448,0.143642,-0.217298,NP
1463_A/Cygnus_columbianus,A/Cygnus_columbianus/Hubei/117/2021,0.04531,-0.012474,0.124935,-0.204782,NP
1464_A/Cygnus_columbianus,A/Cygnus_columbianus/Hubei/121/2021,0.033778,-0.007922,0.114812,-0.207905,NP
1465_A/Cygnus_columbianus,A/Cygnus_columbianus/Hubei/123/2021,0.04531,-0.012474,0.124935,-0.204782,NP
1466_A/Cygnus_columbianus,A/Cygnus_columbianus/Hubei/128/2021,0.04531,-0.012474,0.124935,-0.204782,NP
1467_A/domestic_green-win,A/domestic_green-winged_teal/Hunan/3450/2006,0.074704,-0.005446,0.156269,-0.23028,NP
1468_A/duck/China/E26/201,A/duck/China/E26/2012,0.019427,0.03056,0.1862,-0.256232,NP
1469_A/duck/China/E53/201,A/duck/China/E53/2012,0.013713,-0.010561,0.207337,-0.198444,NP
1470_A/duck/Eastern_China,A/duck/Eastern_China/108/2008,0.010912,0.043951,0.135978,-0.175313,NP
1471_A/duck/Eastern_China,A/duck/Eastern_China/909/2009,0.042001,0.054962,0.192534,-0.230195,NP
1472_A/duck/Fujian/S1233/,A/duck/Fujian/S1233/2018(H5N1),-0.026734,0.070267,0.192746,-0.188537,NP
1473_A/duck/Fujian/S1273/,A/duck/Fujian/S1273/2018(H5N1),0.005874,0.052114,0.196669,-0.225194,NP
1474_A/Duck/Fujian/S4146/,A/Duck/Fujian/S4146/2010,0.010222,0.036143,0.218925,-0.235993,NP
1475_A/duck/Guangdong/S45,A/duck/Guangdong/S4518/2021(H5N1),0.050024,0.002236,0.160435,-0.218139,NP
1476_A/duck/Guangdong/S45,A/duck/Guangdong/S4525/2021(H5N1),0.04737,0.005278,0.154116,-0.222449,NP
1477_A/duck/Guizhou/S1321,A/duck/Guizhou/S1321/2022(H5N1),0.035426,0.004605,0.155891,-0.21958,NP
1478_A/duck/Guizhou/S1711,A/duck/Guizhou/S1711/2024(H5N1),0.010097,0.037232,0.169921,-0.189377,NP
1479_A/duck/Hubei/03.06__,A/duck/Hubei/03.06__WHWTZ0155-P/2015(H5N1),-0.008099,0.051032,0.158375,-0.198698,NP
1480_A/duck/Hubei/46/2009,A/duck/Hubei/46/2009,0.035276,-0.006078,0.173871,-0.244969,NP
1481_A/duck/Hubei/2911/20,A/duck/Hubei/2911/2007,0.032084,0.061431,0.187329,-0.221124,NP
1482_A/duck/Hubei/S4465/2,A/duck/Hubei/S4465/2021(H5N1),0.05412,-0.018684,0.178698,-0.17509,NP
1483_A/duck/Hubei/SE128/2,A/duck/Hubei/SE128/2022(H5N1),0.059776,-0.02743,0.173615,-0.168502,NP
1484_A/duck/Hubei/SE220/2,A/duck/Hubei/SE220/2022(H5N1),0.045526,0.005953,0.158673,-0.216643,NP
1485_A/duck/Hubei/xn/2007,A/duck/Hubei/xn/2007,0.047448,0.038378,0.191164,-0.233441,NP
1486_A/duck/Hunan/03.07_Y,A/duck/Hunan/03.07_YYGK1L3-OC/2018,0.03565,0.031921,0.11213,-0.241331,NP
1487_A/duck/Hunan/12.07__,A/duck/Hunan/12.07__YYGK44-P/2013(Mixed),0.031321,0.041817,0.191578,-0.226112,NP
1488_A/duck/Hunan/12.07__,A/duck/Hunan/12.07__YYGK97-P/2013(H5N1),0.040734,0.004661,0.185198,-0.170714,NP
1489_A/duck/Hunan/12.07_Y,A/duck/Hunan/12.07_YYGK007-P/2013(H5N1),0.040734,0.004661,0.185198,-0.170714,NP
1490_A/duck/Hunan/12.07_Y,A/duck/Hunan/12.07_YYGK100-P/2013(H5N1),0.037358,0.059265,0.201925,-0.196868,NP
1491_A/duck/Hunan/316/200,A/duck/Hunan/316/2005,0.034968,0.068106,0.155444,-0.237212,NP
1492_A/duck/Hunan/689/200,A/duck/Hunan/689/2006,0.013473,0.07186,0.166345,-0.243776,NP
1493_A/duck/Hunan/3315/20,A/duck/Hunan/3315/2006,0.042671,0.062475,0.182812,-0.245476,NP
1494_A/duck/Hunan/S4020/2,A/duck/Hunan/S4020/2008,0.012399,0.021847,0.206988,-0.211745,NP
1495_A/duck/Hunan/S4030/2,A/duck/Hunan/S4030/2011,0.042993,0.027885,0.210435,-0.201445,NP
1496_A/duck/Hunan/S4150/2,A/duck/Hunan/S4150/2011,0.007541,0.044974,0.178356,-0.244934,NP
1497_A/duck/Hunan/S4220/2,A/duck/Hunan/S4220/2011,0.003722,0.039113,0.191109,-0.219318,NP
1498_A/duck/Jiangsu/S4439,A/duck/Jiangsu/S4439/2017(H5N1),0.016655,0.061292,0.197182,-0.225044,NP
1499_A/duck/Jiangsu/SE112,A/duck/Jiangsu/SE1128/2018(H5N1),0.018268,0.056601,0.209702,-0.219178,NP
1500_A/duck/Jiangxi/34/20,A/duck/Jiangxi/34/2011,0.009091,0.04385,0.214085,-0.244472,NP
1501_A/duck/Jiangxi/35/20,A/duck/Jiangxi/35/2011,-0.001481,0.040254,0.213611,-0.258372,NP
1502_A/duck/Jiangxi/44/20,A/duck/Jiangxi/44/2011,0.057105,0.052644,0.124603,-0.182967,NP
1503_A/duck/Jiangxi/120/2,A/duck/Jiangxi/120/2011,0.021946,0.07174,0.187868,-0.21506,NP
1504_A/duck/Jiangxi/130/2,A/duck/Jiangxi/130/2011,0.014889,0.047512,0.174206,-0.228498,NP
1505_A/duck/Jiangxi/S4083,A/duck/Jiangxi/S40833/2021(H5N1),0.053451,-0.014581,0.177617,-0.172203,NP
1506_A/duck/Jilin/04.04_S,A/duck/Jilin/04.04_SY002-O/2015(Mixed),0.006363,0.057321,0.191231,-0.223505,NP
1507_A/duck/Jilin/JL-SIV/,A/duck/Jilin/JL-SIV/2013,0.0543,0.068164,0.172206,-0.220814,NP
1508_A/duck/Jilin/S1261/2,A/duck/Jilin/S1261/2019(H5N1),0.016469,0.035575,0.190084,-0.210258,NP
1509_A/duck/Jilin/S4171/2,A/duck/Jilin/S4171/2019(H5N1),0.021812,0.041354,0.194543,-0.219167,NP
1510_A/duck/Nanchang/9789,A/duck/Nanchang/9789/2013,0.011358,0.048375,0.217411,-0.205783,NP
1511_A/duck/Shandong/009/,A/duck/Shandong/009/2008,0.041416,0.061808,0.177103,-0.250304,NP
1512_A/Duck/Shandong/Y01/,A/Duck/Shandong/Y01/2009,0.015232,0.055328,0.195738,-0.24792,NP
1513_A/Duck/Shandong/Y02/,A/Duck/Shandong/Y02/2009,0.014251,0.040444,0.197321,-0.25324,NP
1514_A/duck/Sichuan/NCXN1,A/duck/Sichuan/NCXN10/2014,-0.012875,0.041652,0.201439,-0.19525,NP
1515_A/duck/Sichuan/NCXN1,A/duck/Sichuan/NCXN11/2014,-0.008213,0.064369,0.209967,-0.203238,NP
1516_A/duck/Xinjiang/S106,A/duck/Xinjiang/S1066/2019(H5N1),0.010667,0.049589,0.194461,-0.22958,NP
1517_A/duck/Xinjiang/S112,A/duck/Xinjiang/S1126/2019(H5N1),0.005669,0.054239,0.196631,-0.2349,NP
1518_A/duck/Zhejiang/1220,A/duck/Zhejiang/1220092/2014,0.009878,0.047282,0.207502,-0.227024,NP
1519_A/duck/Zhejiang/S409,A/duck/Zhejiang/S4091/2017(H5N1),0.026572,0.061025,0.19402,-0.208839,NP
1520_A/equine/China/61/20,A/equine/China/61/2010,0.038624,0.034674,0.186171,-0.249479,NP
1521_A/equine/China/67/20,A/equine/China/67/2010,0.038624,0.034674,0.186171,-0.249479,NP
1522_A/equine/China/68/20,A/equine/China/68/2010,0.030094,0.036016,0.176981,-0.239637,NP
1523_A/Eurasian_Teal/Hong,A/Eurasian_Teal/Hong_Kong/AFCD-HKU-23-14009-01020/2023,0.048409,0.010179,0.110688,-0.210247,NP
1524_A/Eurasian_Teal/Hong,A/Eurasian_Teal/Hong_Kong/AFCD-HKU-23-14383-02001/2023,0.043257,0.007891,0.118967,-0.212052,NP
1525_A/Eurasian_Wigeon/Ho,A/Eurasian_Wigeon/Hong_Kong/AFCD-HKU-23-14484-01001/2023,0.043257,0.007891,0.118967,-0.212052,NP
1526_A/Eurasian_Wigeon/Ho,A/Eurasian_Wigeon/Hong_Kong/AFCD-HKU-23-14524-01009/2023,0.043257,0.007891,0.118967,-0.212052,NP
1527_A/Falco_peregrinus/B,A/Falco_peregrinus/Beijing/1/_2022,0.027589,-0.02174,0.104582,-0.209422,NP
1528_A/Fujian/1/2005|EPI_,A/Fujian/1/2005,0.004938,0.061681,0.199333,-0.258531,NP
1529_A/Fujian/1/2007|EPI_,A/Fujian/1/2007,0.03445,0.034226,0.170369,-0.258086,NP
1530_A/Gallinago_Stenura/,A/Gallinago_Stenura/Hong_Kong/AFCD-HKU-23-14383-01014/2023,0.043257,0.007891,0.118967,-0.212052,NP
1531_A/goose/China/E43/20,A/goose/China/E43/2012,-0.004409,0.054338,0.221126,-0.251372,NP
1532_A/goose/Guangdong/SH,A/goose/Guangdong/SH7/2013(H5N1),-0.0134,0.054186,0.209642,-0.217895,NP
1533_A/goose/Guizhou/S154,A/goose/Guizhou/S1541/2022(H5N1),0.041231,0.003431,0.156213,-0.216405,NP
1534_A/goose/Hunan/SE284/,A/goose/Hunan/SE284/2022(H5N1),0.022017,-0.004496,0.114404,-0.19933,NP
1535_A/goose/Inner_Mongol,A/goose/Inner_Mongolia/IM-192/2014,0.023837,0.003769,0.176318,-0.219018,NP
1536_A/goose/Jiangsu/k040,A/goose/Jiangsu/k0403/2010,0.047458,0.026581,0.183377,-0.21482,NP
1537_A/goose/Jilin/S4034/,A/goose/Jilin/S4034/2019(H5N1),0.01828,0.019671,0.185814,-0.216329,NP
1538_A/goose/Shandong/03.,A/goose/Shandong/03.10_HZ/2015(H5N1),0.023597,0.047325,0.184273,-0.228812,NP
1539_A/goose/Shandong/GS/,A/goose/Shandong/GS/2013(H5N1),0.025778,0.046938,0.204851,-0.222523,NP
1540_A/goose/Zhejiang/112,A/goose/Zhejiang/112071/2014,0.026003,0.05019,0.200554,-0.218935,NP
1541_A/goose/Zhejiang/727,A/goose/Zhejiang/727098/2014,0.023864,0.043562,0.189231,-0.199985,NP
1542_A/Great_black-headed,A/Great_black-headed_Gull/Qinghai/YO1/2015_H5N1,0.007653,0.053245,0.198946,-0.235394,NP
1543_A/Great_black-headed,A/Great_black-headed_Gull/Qinghai/YO6/2015_H5N1,0.003432,0.054763,0.203067,-0.237488,NP
1544_A/Great_Cormorant/Hu,A/Great_Cormorant/Hubei/chenhu_V9/2015,-0.009696,0.040236,0.141369,-0.20221,NP
1545_A/Great_Cormorant/Hu,A/Great_Cormorant/Hubei/chenhu_V10/2015,-0.009696,0.040236,0.141369,-0.20221,NP
1546_A/Great_Cormorant/Hu,A/Great_Cormorant/Hubei/VI128/2015_H5N1,-0.016477,0.042833,0.141609,-0.216875,NP
1547_A/Great_Cormorant/Hu,A/Great_Cormorant/Hubei/VI132/2015_H5N1,-0.02692,0.040691,0.15209,-0.218777,NP
1548_A/Great_Cormorant/Hu,A/Great_Cormorant/Hubei/VI133/2015_H5N1,-0.022512,0.041782,0.141374,-0.230589,NP
1549_A/Guangdong/1/2006|E,A/Guangdong/1/2006,0.004694,0.028937,0.183098,-0.254528,NP
1550_A/Guangdong/1/2008|E,A/Guangdong/1/2008,0.050919,0.076701,0.187411,-0.238688,NP
1551_A/Guangdong/2/2006|E,A/Guangdong/2/2006,0.040102,0.030508,0.179965,-0.252527,NP
1552_A/Guangxi/1/2005|EPI,A/Guangxi/1/2005,0.053509,0.076375,0.164094,-0.245427,NP
1553_A/Guangxi/1/2005|EPI,A/Guangxi/1/2005,0.040579,0.035691,0.186124,-0.248304,NP
1554_A/Guangxi/1/2008|EPI,A/Guangxi/1/2008,0.014121,0.054043,0.183684,-0.25195,NP
1555_A/Guizhou/1/2009|EPI,A/Guizhou/1/2009,0.023168,0.085121,0.177224,-0.274172,NP
1556_A/hill_myna/Heilongj,A/hill_myna/Heilongjiang/0704/2012,0.02129,0.050955,0.196247,-0.232016,NP
1557_A/Hong_Kong/5923/201,A/Hong_Kong/5923/2012,-0.012546,0.058621,0.217488,-0.246338,NP
1558_A/Hunan/1/2006|EPI_I,A/Hunan/1/2006,0.035415,0.035844,0.187892,-0.246007,NP
1559_A/Hunan/1/2008|EPI_I,A/Hunan/1/2008,0.049684,0.059697,0.166903,-0.24208,NP
1560_A/Hunan/2/2009|EPI_I,A/Hunan/2/2009,0.012252,0.0559,0.154439,-0.268298,NP
1561_A/Japanese_white-eye,A/Japanese_white-eye/Taoyuan/Q454/2012,0.019486,0.048161,0.197937,-0.231037,NP
1562_A/Jiangsu/1/2007|EPI,A/Jiangsu/1/2007,0.036643,0.069891,0.185498,-0.235679,NP
1563_A/Jiangsu/2/2007|EPI,A/Jiangsu/2/2007,0.036643,0.069891,0.185498,-0.235679,NP
1564_A/Jiangxi/1/2005|EPI,A/Jiangxi/1/2005,0.052799,0.014251,0.169067,-0.255947,NP
1565_A/lesser_kestrel/Hei,A/lesser_kestrel/Heilongjiang/194/2007,0.015999,0.065705,0.165929,-0.240781,NP
1566_A/lion/Hubei/1-2/201,A/lion/Hubei/1-2/2016,-0.002086,0.048815,0.140244,-0.203681,NP
1567_A/mallard/Heilongjia,A/mallard/Heilongjiang/HLJ-69/2013,0.002006,0.044205,0.178606,-0.231543,NP
1568_A/mandarin_duck/Heil,A/mandarin_duck/Heilongjiang/HL-1/2021,0.077656,-0.01716,0.150215,-0.186589,NP
1569_A/mandarin_duck/Hena,A/mandarin_duck/Henan/426/2021,0.027806,-0.002827,0.11882,-0.193815,NP
1570_A/meerkat/Shanghai/S,A/meerkat/Shanghai/SH-1/2012,0.027714,0.029704,0.197054,-0.229492,NP
1571_A/mink/China/G/2015|,A/mink/China/G/2015,0.001256,0.049602,0.217087,-0.251202,NP
1572_A/mink/China/XB/2015,A/mink/China/XB/2015,-0.005169,0.046053,0.136863,-0.189618,NP
1573_A/mink/Eastern_China,A/mink/Eastern_China/0712/2018,-0.001209,0.026862,0.091364,-0.058854,NP
1574_A/Nanjing/1/2015|EPI,A/Nanjing/1/2015,-0.0096,0.046345,0.135925,-0.209469,NP
1575_A/ostrich/Suzhou/097,A/ostrich/Suzhou/097/2003,0.029307,0.041764,0.179697,-0.230624,NP
1576_A/parrot/Guangdong/C,A/parrot/Guangdong/C99/2005,0.039936,0.031718,0.186258,-0.257088,NP
1577_A/peacock/Yunnan/1/2,A/peacock/Yunnan/1/2015,-0.019098,0.046318,0.146672,-0.214139,NP
1578_A/peacock/Yunnan/3/2,A/peacock/Yunnan/3/2015,-0.011835,0.054745,0.15905,-0.213948,NP
1579_A/pigeon/Hubei/RP25/,A/pigeon/Hubei/RP25/2012,0.017407,0.082485,0.158836,-0.231847,NP
1580_A/pigeon/Jiangsu/12.,A/pigeon/Jiangsu/12.22_TCCX053-P/2014(Mixed),0.023658,0.048702,0.194918,-0.219919,NP
1581_A/pigeon/Jiangxi/S40,A/pigeon/Jiangxi/S40784/2021(H5N1),0.05412,-0.018684,0.178698,-0.17509,NP
1582_A/pigeon/Jilin/04.25,A/pigeon/Jilin/04.25_CCHL019-O/2015(H5N1),0.039056,0.052238,0.177665,-0.217295,NP
1583_A/pigeon/Jilin/S4176,A/pigeon/Jilin/S4176/2019(H5N1),0.005756,0.040468,0.195447,-0.23053,NP
1584_A/pigeon/Sichuan/NCX,A/pigeon/Sichuan/NCXN29/2014,-0.008213,0.064369,0.209967,-0.203238,NP
1585_A/pigeon/Zhejiang/11,A/pigeon/Zhejiang/112089/2014,0.009878,0.047282,0.207502,-0.227024,NP
1586_A/pigeon/Zhejiang/11,A/pigeon/Zhejiang/112090/2014,0.017647,0.049447,0.198202,-0.223295,NP
1587_A/pigeon/Zhejiang/72,A/pigeon/Zhejiang/727097/2014,0.023864,0.043562,0.189231,-0.199985,NP
1588_A/plateau_pika/Qingh,A/plateau_pika/Qinghai/04/2007,0.092946,0.009553,0.117135,-0.223195,NP
1589_A/quail/Nanchang/663,A/quail/Nanchang/6631/2013,0.018927,0.046028,0.211922,-0.209154,NP
1590_A/Shandong/1/2009|EP,A/Shandong/1/2009,0.046829,0.060132,0.182211,-0.226465,NP
1591_A/Sichuan/1/2006|EPI,A/Sichuan/1/2006,0.031405,0.07956,0.163617,-0.246076,NP
1592_A/Sichuan/2/2006|EPI,A/Sichuan/2/2006,0.033193,0.089218,0.166291,-0.251521,NP
1593_A/Spatula_querquedul,A/Spatula_querquedula/Chongming/H5N1_1/2024,0.047338,0.028318,0.131691,-0.20831,NP
1594_A/swine/Shandong/SD1,A/swine/Shandong/SD1/2014,0.027745,0.011516,0.177439,-0.194524,NP
1595_A/tiger/Yunnan/tig14,A/tiger/Yunnan/tig1404/2014,-0.020754,0.054661,0.205332,-0.217436,NP
1596_A/tiger/Yunnan/tig14,A/tiger/Yunnan/tig1412/2014,0.006066,0.048482,0.205025,-0.203498,NP
1597_A/tiger/Yunnan/tig15,A/tiger/Yunnan/tig1508/2015,0.003723,0.051226,0.119045,-0.196817,NP
1598_A/tundra_swan/Fujian,A/tundra_swan/Fujian/SD121/2023(H5N1),0.041574,0.012155,0.122119,-0.204229,NP
1599_A/turtle_dove/Guangd,A/turtle_dove/Guangdong/300/2005,0.040744,0.064851,0.178582,-0.254007,NP
1600_A/turtle_dove/Hunan/,A/turtle_dove/Hunan/S4004/2020(H5N1),0.002158,0.044873,0.153444,-0.20948,NP
1601_A/whooper_swan/Henan,A/whooper_swan/Henan/8/2021,0.029323,-0.001075,0.119823,-0.196244,NP
1602_A/whooper_swan/Henan,A/whooper_swan/Henan/14/2021,0.03974,-0.002025,0.128464,-0.203548,NP
1603_A/whooper_swan/Henan,A/whooper_swan/Henan/44/2021,0.029323,-0.001075,0.119823,-0.196244,NP
1604_A/whooper_swan/Henan,A/whooper_swan/Henan/45/2021,0.029323,-0.001075,0.119823,-0.196244,NP
1605_A/whooper_swan/Henan,A/whooper_swan/Henan/46/2021,0.029323,-0.001075,0.119823,-0.196244,NP
1606_A/whooper_swan/Henan,A/whooper_swan/Henan/424/2021,0.027806,-0.002827,0.11882,-0.193815,NP
1607_A/whooper_swan/Henan,A/whooper_swan/Henan/SMX1/2015(H5N1),0.010382,0.050061,0.190441,-0.238155,NP
1608_A/whooper_swan/Henan,A/whooper_swan/Henan/SMX3/2015(H5N1),0.004521,0.047015,0.189118,-0.239766,NP
1609_A/whooper_swan/Henan,A/whooper_swan/Henan/SMX4/2015(H5N1),0.010382,0.050061,0.190441,-0.238155,NP
1610_A/whooper_swan/Henan,A/whooper_swan/Henan/SMX9/2015(H5N1),0.006809,0.048467,0.194617,-0.238806,NP
1611_A/whooper_swan/Shanx,A/whooper_swan/Shanxi/14/2021,0.029323,-0.001075,0.119823,-0.196244,NP
1612_A/whooper_swan/Shanx,A/whooper_swan/Shanxi/20/2021,0.029323,-0.001075,0.119823,-0.196244,NP
1613_A/wild_duck/Fujian/1,A/wild_duck/Fujian/1/2011,0.01693,0.051186,0.201405,-0.215269,NP
1614_A/wild_duck/Fujian/2,A/wild_duck/Fujian/2/2011,0.019697,0.03841,0.198959,-0.220845,NP
1615_A/wild_duck/Hebei/SD,A/wild_duck/Hebei/SD012/2021(H5N1),0.036638,-0.002301,0.127638,-0.194951,NP
1616_A/wild_duck/Jilin/HF,A/wild_duck/Jilin/HF/2011,0.02389,0.017054,0.211647,-0.241231,NP
1617_A/wild_duck/Jilin/ZF,A/wild_duck/Jilin/ZF/2011,0.03687,0.071115,0.187058,-0.221134,NP
1618_A/wild_duck/Shandong,A/wild_duck/Shandong/1/2011,0.042653,0.004833,0.101936,-0.16185,NP
1619_A/wild_duck/Shandong,A/wild_duck/Shandong/2/2011,0.015547,0.036485,0.199796,-0.254157,NP
1620_A/wild_duck/Shandong,A/wild_duck/Shandong/628/2011,0.038353,0.012842,0.099336,-0.159136,NP
1621_A/Xinjiang/1/2006|EP,A/Xinjiang/1/2006,0.03303,0.023846,0.176922,-0.269196,NP
1622_A/Xinjiang/1/2009|EP,A/Xinjiang/1/2009,0.041102,0.021305,0.188298,-0.239983,NP
1623_A/Zhejiang/1/2006|EP,A/Zhejiang/1/2006,0.031757,0.055735,0.169988,-0.247382,NP
1624_A/Anas_platyrhynchos,A/Anas_platyrhynchos/jiujiang/H5N1/2024_H5N1,0.047338,0.028318,0.131691,-0.20831,NP
1625_A/Anhui/1/2006_H5N1|,A/Anhui/1/2006_H5N1,0.012916,0.052237,0.185384,-0.26112,NP
1626_A/Anhui/1/2007_H5N1|,A/Anhui/1/2007_H5N1,0.051566,0.010324,0.137307,-0.261236,NP
1627_A/Anhui/2/2005_H5N1|,A/Anhui/2/2005_H5N1,0.055343,0.073858,0.163335,-0.245827,NP
1628_A/Anser_cygnoides/Ch,A/Anser_cygnoides/China/P126/2015_H5N1,-0.019719,0.056355,0.206653,-0.215928,NP
1629_A/Anser_fabalis/jiuj,A/Anser_fabalis/jiujiang/H5N1/2024_H5N1,0.047338,0.028318,0.131691,-0.20831,NP
1630_A/Anser_fabalis/jiuj,A/Anser_fabalis/jiujiang/H5N1/2024_H5N1,0.047338,0.028318,0.131691,-0.20831,NP
1631_A/Anser_fabalis/jiuj,A/Anser_fabalis/jiujiang/H5N1/2024_H5N1,0.047338,0.028318,0.131691,-0.20831,NP
1632_A/Duck/Jiangxi/631/2,A/Duck/Jiangxi/631/2024_H5N1,0.051373,0.049736,0.164862,-0.2258,NP
1633_A/Guangdong/1/2008_H,A/Guangdong/1/2008_H5N1,0.050919,0.076701,0.187411,-0.238688,NP
1634_A/Guangdong/2/2006_H,A/Guangdong/2/2006_H5N1,0.040102,0.030508,0.179965,-0.252527,NP
1635_A/Guangxi/1/2005_H5N,A/Guangxi/1/2005_H5N1,0.045777,0.040076,0.18224,-0.246266,NP
1636_A/Guangxi/1/2008_H5N,A/Guangxi/1/2008_H5N1,0.014121,0.054043,0.183684,-0.25195,NP
1637_A/Guizhou/1/2009_H5N,A/Guizhou/1/2009_H5N1,0.023168,0.085121,0.177224,-0.274172,NP
1638_A/Hunan/1/2008_H5N1|,A/Hunan/1/2008_H5N1,0.049684,0.059697,0.166903,-0.24208,NP
1639_A/Hunan/2/2009_H5N1|,A/Hunan/2/2009_H5N1,0.012252,0.0559,0.154439,-0.268298,NP
1640_A/Japanese_white-eye,A/Japanese_white-eye/Taoyuan/Q454/2012_H5N1,0.019486,0.048161,0.197937,-0.231037,NP
1641_A/Nanjing/1/2015_H5N,A/Nanjing/1/2015_H5N1,-0.0096,0.046345,0.135925,-0.209469,NP
1642_A/Shandong/1/2009_H5,A/Shandong/1/2009_H5N1,0.046829,0.060132,0.182211,-0.226465,NP
1643_A/Spatula_querquedul,A/Spatula_querquedula/chongming/H5N1/2024_H5N1,0.047338,0.028318,0.131691,-0.20831,NP
1644_A/Wild_bird/Huadong/,A/Wild_bird/Huadong/CM120/2017_H5N1,-0.011247,0.043744,0.152908,-0.194129,NP
1645_A/Wild_bird/Huadong/,A/Wild_bird/Huadong/DT10/2019_H5N1,0.015698,0.035759,0.187112,-0.218999,NP
1646_A/Wild_bird/Huadong/,A/Wild_bird/Huadong/JYWB4/2013_H5N1,0.014757,0.04542,0.192101,-0.227614,NP
1647_A/Xinjiang/1/2009_H5,A/Xinjiang/1/2009_H5N1,0.041102,0.021305,0.188298,-0.239983,NP
1648_A/avian/Hong_Kong/07,A/avian/Hong_Kong/0719/2007_H5N1,0.027626,0.058606,0.175165,-0.247884,NP
1649_A/avian/Hong_Kong/19,A/avian/Hong_Kong/1993/2007_H5N1,0.027626,0.058606,0.175165,-0.247884,NP
1650_A/avian/Hong_Kong/23,A/avian/Hong_Kong/2372/2007_H5N1,0.032151,0.060258,0.175967,-0.249276,NP
1651_A/bar-headed_goose/Q,A/bar-headed_goose/Qinghai/1-HVRI/2006_H5N1,0.032383,0.025199,0.18399,-0.242467,NP
1652_A/bar-headed_goose/T,A/bar-headed_goose/Tibet/8/2006_H5N1,0.021603,0.018212,0.185421,-0.259188,NP
1653_A/brown-headed_gull/,A/brown-headed_gull/Qinghai/19/2009_H5N1,0.054592,0.031831,0.201351,-0.221647,NP
1654_A/brown-headed_gull/,A/brown-headed_gull/Qinghai/9/2009_H5N1,0.050005,0.025222,0.185446,-0.214935,NP
1655_A/chicken/China/Cang,A/chicken/China/Cangzhou03/2023_H5N1,0.055505,0.042852,0.138352,-0.218921,NP
1656_A/chicken/China/E93/,A/chicken/China/E93/2012_H5N1,0.05747,0.008687,0.166419,-0.223865,NP
1657_A/chicken/China/E96/,A/chicken/China/E96/2012_H5N1,0.062479,0.00664,0.166149,-0.220438,NP
1658_A/chicken/Eastern_Ch,A/chicken/Eastern_China/ZG16/2010_H5N1,0.044466,0.069488,0.17627,-0.224078,NP
1659_A/chicken/Eastern_Ch,A/chicken/Eastern_China/ZG56/2011_H5N1,0.050702,0.074009,0.174649,-0.227009,NP
1660_A/chicken/Fujian/1/2,A/chicken/Fujian/1/2007_H5N1,0.029892,0.024566,0.15837,-0.252043,NP
1661_A/chicken/Gansu/5/20,A/chicken/Gansu/5/2012_H5N1,0.053843,0.001036,0.146463,-0.230871,NP
1662_A/chicken/Gansu/6/20,A/chicken/Gansu/6/2012_H5N1,0.05747,0.008687,0.166419,-0.223865,NP
1663_A/chicken/Guangdong/,A/chicken/Guangdong/1/2005_H5N1,0.016642,0.04896,0.161165,-0.209473,NP
1664_A/chicken/Guangxi/S2,A/chicken/Guangxi/S2039/2009_H5N1,0.031581,0.025327,0.182223,-0.241043,NP
1665_A/chicken/Guizhou/7/,A/chicken/Guizhou/7/2008_H5N1,0.039228,0.051859,0.179123,-0.250087,NP
1666_A/chicken/Hebei/A-8/,A/chicken/Hebei/A-8/2009_H5N1,0.064223,0.034883,0.16637,-0.258564,NP
1667_A/chicken/Henan/A-7/,A/chicken/Henan/A-7/2006_H5N1,0.017692,0.010503,0.159301,-0.231749,NP
1668_A/chicken/Huadong/4/,A/chicken/Huadong/4/2008_H5N1,0.046214,0.032499,0.191781,-0.238062,NP
1669_A/chicken/Hubei/2856,A/chicken/Hubei/2856/2007_H5N1,0.059355,0.062561,0.137443,-0.258839,NP
1670_A/chicken/Hunan/1793,A/chicken/Hunan/1793/2007_H5N1,0.041608,0.068846,0.171488,-0.236622,NP
1671_A/chicken/Hunan/21/2,A/chicken/Hunan/21/2005_H5N1,0.040405,0.067023,0.179415,-0.232783,NP
1672_A/chicken/Hunan/3/20,A/chicken/Hunan/3/2007_H5N1,0.042539,0.038719,0.191582,-0.239142,NP
1673_A/chicken/Hunan/3157,A/chicken/Hunan/3157/2006_H5N1,0.01559,0.083879,0.160953,-0.242071,NP
1674_A/chicken/Hunan/8/20,A/chicken/Hunan/8/2008_H5N1,0.055677,0.048338,0.159672,-0.233567,NP
1675_A/chicken/Jiangsu/18,A/chicken/Jiangsu/18/2008_H5N1,0.040729,0.033353,0.170696,-0.240567,NP
1676_A/chicken/Jiangsu/24,A/chicken/Jiangsu/2477/2014_H5N1,0.023215,0.058553,0.191136,-0.216668,NP
1677_A/chicken/Jiangsu/92,A/chicken/Jiangsu/927/2013_H5N1,0.022643,0.037915,0.194261,-0.213175,NP
1678_A/chicken/Jiangsu/YB,A/chicken/Jiangsu/YB7/2015_H5N1,-0.005842,0.037266,0.14623,-0.199178,NP
1679_A/chicken/Jiangsu/k0,A/chicken/Jiangsu/k0402/2010_H5N1,0.012822,0.04179,0.202918,-0.246955,NP
1680_A/chicken/Jiangxi/25,A/chicken/Jiangxi/25/2011_H5N1,0.007407,0.040118,0.218062,-0.241081,NP
1681_A/chicken/Liaoning/2,A/chicken/Liaoning/23/2005_H5N1,0.03303,0.023846,0.176922,-0.269196,NP
1682_A/chicken/Liaoning/A,A/chicken/Liaoning/A-1/2007_H5N1,0.011835,0.006416,0.157378,-0.220958,NP
1683_A/chicken/Liaoning/S,A/chicken/Liaoning/S4092/2011_H5N1,0.076594,-0.028709,0.135097,-0.222304,NP
1684_A/chicken/Ningxia/2/,A/chicken/Ningxia/2/2012_H5N1,0.056635,-0.000121,0.143699,-0.236344,NP
1685_A/chicken/Ningxia/22,A/chicken/Ningxia/222/2012_H5N1,0.059669,-0.000189,0.143516,-0.23535,NP
1686_A/chicken/Ningxia/24,A/chicken/Ningxia/24/2006_H5N1,-0.011346,0.019831,0.157727,-0.235298,NP
1687_A/chicken/North_Chin,A/chicken/North_China/k0604/2010_H5N1,0.05257,0.069516,0.167258,-0.204835,NP
1688_A/chicken/Shandong/A,A/chicken/Shandong/A-10/2006_H5N1,0.028853,0.017903,0.147936,-0.238824,NP
1689_A/chicken/Shantou/37,A/chicken/Shantou/3744/2003_H5N1,0.020212,0.022499,0.186648,-0.267186,NP
1690_A/chicken/Shanxi/10/,A/chicken/Shanxi/10/2006_H5N1,0.031822,0.02173,0.158795,-0.211983,NP
1691_A/chicken/Sheny/0606,A/chicken/Sheny/0606/2008_H5N1,0.001393,0.005267,0.156602,-0.231117,NP
1692_A/chicken/Sichuan/81,A/chicken/Sichuan/81/2005_H5N1,0.031877,0.075969,0.180093,-0.237563,NP
1693_A/chicken/Wuhan/HAQL,A/chicken/Wuhan/HAQL07/2014_H5N1,-0.004352,0.038987,0.147214,-0.201564,NP
1694_A/chicken/Wuhan/HAQL,A/chicken/Wuhan/HAQL16/2014_H5N1,-0.004352,0.038987,0.147214,-0.201564,NP
1695_A/chicken/Wuxi/WX-32,A/chicken/Wuxi/WX-32/2013_H5N1,0.034846,0.045762,0.177157,-0.234289,NP
1696_A/chicken/Wuxi/WX-33,A/chicken/Wuxi/WX-33/2013_H5N1,0.021069,0.033827,0.18526,-0.234062,NP
1697_A/chicken/Xinjiang/1,A/chicken/Xinjiang/17/2005_H5N1,0.015902,0.004074,0.163117,-0.24734,NP
1698_A/chicken/Xinjiang/2,A/chicken/Xinjiang/27/2006_H5N1,0.023359,-0.008594,0.166853,-0.252557,NP
1699_A/chicken/Xinjiang/5,A/chicken/Xinjiang/53/2005_H5N1,0.023286,-0.007167,0.167886,-0.252058,NP
1700_A/chicken/Xinjiang/5,A/chicken/Xinjiang/54/2005_H5N1,0.023591,-0.010023,0.147236,-0.242028,NP
1701_A/chicken/Xinjiang/6,A/chicken/Xinjiang/67/2005_H5N1,0.02632,-0.007235,0.167703,-0.251064,NP
1702_A/chicken/Xinjiang/6,A/chicken/Xinjiang/68/2005_H5N1,0.00921,-0.008249,0.155638,-0.247475,NP
1703_A/chicken/Yunnan/1/2,A/chicken/Yunnan/1/2014_H5N1,-0.013257,0.058496,0.201804,-0.208588,NP
1704_A/chicken/Yunnan/207,A/chicken/Yunnan/207/2004_H5N1,0.038336,0.042545,0.186941,-0.25975,NP
1705_A/chicken/Yunnan/568,A/chicken/Yunnan/5686/2003_H5N1,0.038462,0.034997,0.191507,-0.267771,NP
1706_A/chicken/Yunnan/679,A/chicken/Yunnan/6797/2003_H5N1,0.036815,0.038557,0.195529,-0.259469,NP
1707_A/chicken/Yunnan/688,A/chicken/Yunnan/6885/2003_H5N1,0.038484,0.036062,0.195426,-0.267493,NP
1708_A/condor/Guangdong/1,A/condor/Guangdong/139/2003_H5N1,0.029331,0.021565,0.192736,-0.263253,NP
1709_A/domestic_green-win,A/domestic_green-winged_teal/Hunan/3450/2006_H5N1,0.074704,-0.005446,0.156269,-0.23028,NP
1710_A/duck/Anhui/56/2005,A/duck/Anhui/56/2005_H5N1,0.012989,0.052747,0.186129,-0.260047,NP
1711_A/duck/China/0935/20,A/duck/China/0935/2017_H5N1,0.016655,0.061292,0.197182,-0.225044,NP
1712_A/duck/China/1033/20,A/duck/China/1033/2017_H5N1,0.015532,0.063693,0.197525,-0.224242,NP
1713_A/duck/China/E26/201,A/duck/China/E26/2012_H5N1,0.019427,0.03056,0.1862,-0.256232,NP
1714_A/duck/China/E53/201,A/duck/China/E53/2012_H5N1,0.013713,-0.010561,0.207337,-0.198444,NP
1715_A/duck/Eastern_China,A/duck/Eastern_China/057/2007_H5N1,0.025532,0.06544,0.205601,-0.217527,NP
1716_A/duck/Eastern_China,A/duck/Eastern_China/108/2008_H5N1,0.010912,0.043951,0.135978,-0.175313,NP
1717_A/duck/Eastern_China,A/duck/Eastern_China/909/2009_H5N1,0.042001,0.054962,0.192534,-0.230195,NP
1718_A/duck/Guangdong/23/,A/duck/Guangdong/23/2004_H5N1,0.045833,0.039723,0.177858,-0.25302,NP
1719_A/duck/Hubei/2911/20,A/duck/Hubei/2911/2007_H5N1,0.032084,0.061431,0.187329,-0.221124,NP
1720_A/duck/Hubei/49/2005,A/duck/Hubei/49/2005_H5N1,0.040898,0.068683,0.174506,-0.241015,NP
1721_A/duck/Hubei/xn/2007,A/duck/Hubei/xn/2007_H5N1,0.047448,0.038378,0.191164,-0.233441,NP
1722_A/duck/Hunan/3/2007_,A/duck/Hunan/3/2007_H5N1,0.043425,0.034197,0.191924,-0.24045,NP
1723_A/duck/Hunan/316/200,A/duck/Hunan/316/2005_H5N1,0.034968,0.068106,0.155444,-0.237212,NP
1724_A/duck/Hunan/3315/20,A/duck/Hunan/3315/2006_H5N1,0.042671,0.062475,0.182812,-0.245476,NP
1725_A/duck/Hunan/689/200,A/duck/Hunan/689/2006_H5N1,0.013473,0.07186,0.166345,-0.243776,NP
1726_A/duck/Hunan/733/200,A/duck/Hunan/733/2004_H5N1,0.036489,0.055896,0.202453,-0.238628,NP
1727_A/duck/Hunan/8/2008_,A/duck/Hunan/8/2008_H5N1,0.022947,0.040508,0.215267,-0.264272,NP
1728_A/duck/Hunan/S4020/2,A/duck/Hunan/S4020/2008_H5N1,0.012399,0.021847,0.206988,-0.211745,NP
1729_A/duck/Hunan/S4030/2,A/duck/Hunan/S4030/2011_H5N1,0.042993,0.027885,0.210435,-0.201445,NP
1730_A/duck/Hunan/S4150/2,A/duck/Hunan/S4150/2011_H5N1,0.007541,0.044974,0.178356,-0.244934,NP
1731_A/duck/Hunan/S4220/2,A/duck/Hunan/S4220/2011_H5N1,0.003722,0.039113,0.191109,-0.219318,NP
1732_A/duck/Jiangxi/120/2,A/duck/Jiangxi/120/2011_H5N1,0.021946,0.07174,0.187868,-0.21506,NP
1733_A/duck/Jiangxi/130/2,A/duck/Jiangxi/130/2011_H5N1,0.014889,0.047512,0.174206,-0.228498,NP
1734_A/duck/Jiangxi/34/20,A/duck/Jiangxi/34/2011_H5N1,0.009091,0.04385,0.214085,-0.244472,NP
1735_A/duck/Jiangxi/35/20,A/duck/Jiangxi/35/2011_H5N1,-0.001481,0.040254,0.213611,-0.258372,NP
1736_A/duck/Jiangxi/44/20,A/duck/Jiangxi/44/2011_H5N1,0.057105,0.052644,0.124603,-0.182967,NP
1737_A/duck/Jiangxi/80/20,A/duck/Jiangxi/80/2005_H5N1,0.053163,0.078537,0.161861,-0.238624,NP
1738_A/duck/Jilin/JL-SIV/,A/duck/Jilin/JL-SIV/2013_H5N1,0.0543,0.068164,0.172206,-0.220814,NP
1739_A/duck/Nanchang/9789,A/duck/Nanchang/9789/2013_H5N1,0.011358,0.048375,0.217411,-0.205783,NP
1740_A/duck/Shandong/009/,A/duck/Shandong/009/2008_H5N1,0.041416,0.061808,0.177103,-0.250304,NP
1741_A/duck/Sichuan/NCXN1,A/duck/Sichuan/NCXN10/2014_H5N1,-0.012875,0.041652,0.201439,-0.19525,NP
1742_A/duck/Sichuan/NCXN1,A/duck/Sichuan/NCXN11/2014_H5N1,-0.008213,0.064369,0.209967,-0.203238,NP
1743_A/duck/Wenzhou/YJYF3,A/duck/Wenzhou/YJYF33/2015_H5N1,-0.017414,0.052048,0.145506,-0.218023,NP
1744_A/duck/Yunnan/4072/2,A/duck/Yunnan/4072/2003_H5N1,0.037419,0.029192,0.197842,-0.264415,NP
1745_A/duck/Yunnan/426/20,A/duck/Yunnan/426/2004_H5N1,0.038462,0.034997,0.191507,-0.267771,NP
1746_A/duck/Yunnan/4645/2,A/duck/Yunnan/4645/2003_H5N1,0.037419,0.029192,0.197842,-0.264415,NP
1747_A/duck/Yunnan/47/200,A/duck/Yunnan/47/2006_H5N1,0.038506,0.036375,0.178727,-0.252674,NP
1748_A/duck/Yunnan/485/20,A/duck/Yunnan/485/2004_H5N1,0.038336,0.042545,0.186941,-0.25975,NP
1749_A/duck/Yunnan/4873/2,A/duck/Yunnan/4873/2006_H5N1,0.044962,0.055561,0.186028,-0.245143,NP
1750_A/duck/Yunnan/5090/2,A/duck/Yunnan/5090/2003_H5N1,0.037419,0.029192,0.197842,-0.264415,NP
1751_A/duck/Yunnan/5169/2,A/duck/Yunnan/5169/2003_H5N1,0.037419,0.029192,0.197842,-0.264415,NP
1752_A/duck/Yunnan/522/20,A/duck/Yunnan/522/2004_H5N1,0.038462,0.034997,0.191507,-0.267771,NP
1753_A/duck/Yunnan/5310/2,A/duck/Yunnan/5310/2006_H5N1,0.042485,0.086352,0.170304,-0.234813,NP
1754_A/duck/Yunnan/5948/2,A/duck/Yunnan/5948/2003_H5N1,0.038462,0.034997,0.191507,-0.267771,NP
1755_A/duck/Yunnan/6080/2,A/duck/Yunnan/6080/2003_H5N1,0.026975,0.0412,0.194781,-0.267806,NP
1756_A/duck/Yunnan/6603/2,A/duck/Yunnan/6603/2003_H5N1,0.03808,0.038315,0.193856,-0.26614,NP
1757_A/duck/Zhejiang/1220,A/duck/Zhejiang/1220092/2014_H5N1,0.009878,0.047282,0.207502,-0.227024,NP
1758_A/duck/Zhejiang/213/,A/duck/Zhejiang/213/2011_H5N1,-0.002776,0.043895,0.213962,-0.250473,NP
1759_A/duck/Zhejiang/224/,A/duck/Zhejiang/224/2011_H5N1,0.005764,0.042324,0.228194,-0.246218,NP
1760_A/duck/Zhejiang/2242,A/duck/Zhejiang/2242/2011_H5N1,0.007727,0.037742,0.226206,-0.241891,NP
1761_A/duck/Zhejiang/2243,A/duck/Zhejiang/2243/2011_H5N1,0.005764,0.042324,0.228194,-0.246218,NP
1762_A/duck/Zhejiang/2244,A/duck/Zhejiang/2244/2011_H5N1,0.005764,0.042324,0.228194,-0.246218,NP
1763_A/duck/Zhejiang/2245,A/duck/Zhejiang/2245/2011_H5N1,0.06217,0.013044,0.127824,-0.197714,NP
1764_A/duck/Zhejiang/2248,A/duck/Zhejiang/2248/2011_H5N1,0.005764,0.042324,0.228194,-0.246218,NP
1765_A/equine/China/61/20,A/equine/China/61/2010_H5N1,0.038624,0.034674,0.186171,-0.249479,NP
1766_A/equine/China/67/20,A/equine/China/67/2010_H5N1,0.038624,0.034674,0.186171,-0.249479,NP
1767_A/equine/China/68/20,A/equine/China/68/2010_H5N1,0.030094,0.036016,0.176981,-0.239637,NP
1768_A/goose/China/E43/20,A/goose/China/E43/2012_H5N1,-0.004409,0.054338,0.221126,-0.251372,NP
1769_A/goose/Eastern_Chin,A/goose/Eastern_China/223/2008_H5N1,0.025731,0.080336,0.200595,-0.23241,NP
1770_A/goose/GuangDong/11,A/goose/GuangDong/1189/2023_H5N1,0.05208,0.054425,0.162091,-0.237217,NP
1771_A/goose/Guangdong/72,A/goose/Guangdong/72/2004_H5N1,0.040542,0.06296,0.183701,-0.220643,NP
1772_A/goose/Hubei/65/200,A/goose/Hubei/65/2005_H5N1,0.032804,0.070926,0.176096,-0.255011,NP
1773_A/goose/Inner_Mongol,A/goose/Inner_Mongolia/IM-192/2014_H5N1,0.023837,0.003769,0.176318,-0.219018,NP
1774_A/goose/Jiangsu/k040,A/goose/Jiangsu/k0403/2010_H5N1,0.047458,0.026581,0.183377,-0.21482,NP
1775_A/goose/Yunnan/3798/,A/goose/Yunnan/3798/2006_H5N1,0.043971,0.038251,0.18566,-0.253092,NP
1776_A/goose/Yunnan/4371/,A/goose/Yunnan/4371/2006_H5N1,0.040541,0.05523,0.183608,-0.245872,NP
1777_A/goose/Yunnan/4389/,A/goose/Yunnan/4389/2006_H5N1,0.040541,0.05523,0.183608,-0.245872,NP
1778_A/goose/Yunnan/4985/,A/goose/Yunnan/4985/2006_H5N1,0.044962,0.055561,0.186028,-0.245143,NP
1779_A/goose/Yunnan/5141/,A/goose/Yunnan/5141/2006_H5N1,0.030058,0.03219,0.174678,-0.262635,NP
1780_A/goose/Yunnan/5769/,A/goose/Yunnan/5769/2006_H5N1,0.05124,0.084827,0.16996,-0.229261,NP
1781_A/goose/Yunnan/5979/,A/goose/Yunnan/5979/2006_H5N1,0.05124,0.084827,0.16996,-0.229261,NP
1782_A/goose/Yunnan/6193/,A/goose/Yunnan/6193/2006_H5N1,0.030176,0.034883,0.184033,-0.249638,NP
1783_A/goose/Zhejiang/112,A/goose/Zhejiang/112071/2014_H5N1,0.026003,0.05019,0.200554,-0.218935,NP
1784_A/goose/Zhejiang/727,A/goose/Zhejiang/727098/2014_H5N1,0.023864,0.043562,0.189231,-0.199985,NP
1785_A/great_black-headed,A/great_black-headed_gull/Qinghai/8/2009_H5N1,0.025695,0.035679,0.181273,-0.258237,NP
1786_A/great_crested-greb,A/great_crested-grebe/Qinghai/1/2009_H5N1,0.05931,0.028926,0.193484,-0.222318,NP
1787_A/great_egret/Hong_K,A/great_egret/Hong_Kong/807/2008_H5N1,0.021135,0.037861,0.187282,-0.233425,NP
1788_A/great_tit/Panjing/,A/great_tit/Panjing/PJ-66/2013_H5N1,0.002006,0.044205,0.178606,-0.231543,NP
1789_A/grey_heron/Hong_Ko,A/grey_heron/Hong_Kong/1046/2008_H5N1,0.012399,0.035185,0.187754,-0.234335,NP
1790_A/grey_heron/Hong_Ko,A/grey_heron/Hong_Kong/3088/2007_H5N1,0.028829,0.032237,0.188575,-0.23703,NP
1791_A/hill_myna/Heilongj,A/hill_myna/Heilongjiang/0704/2012_H5N1,0.02129,0.050955,0.196247,-0.232016,NP
1792_A/lesser_kestrel/Hei,A/lesser_kestrel/Heilongjiang/194/2007_H5N1,0.015999,0.065705,0.165929,-0.240781,NP
1793_A/lion/Hubei/1-2/201,A/lion/Hubei/1-2/2016_H5N1,-0.002086,0.048815,0.140244,-0.203681,NP
1794_A/little_egret/Hong_,A/little_egret/Hong_Kong/8550/2007_H5N1,0.027484,0.031864,0.18962,-0.219645,NP
1795_A/magpie_robin/Hong_,A/magpie_robin/Hong_Kong/1097/2008_H5N1,0.035973,0.037712,0.189401,-0.223887,NP
1796_A/magpie_robin/Hong_,A/magpie_robin/Hong_Kong/1897/2008_H5N1,0.033803,0.038074,0.192791,-0.220695,NP
1797_A/meerkat/Shanghai/S,A/meerkat/Shanghai/SH-1/2012_H5N1,0.027714,0.029704,0.197054,-0.229492,NP
1798_A/mink/China/G/2015_,A/mink/China/G/2015_H5N1,0.001256,0.049602,0.217087,-0.251202,NP
1799_A/mink/China/XB/2015,A/mink/China/XB/2015_H5N1,-0.005169,0.046053,0.136863,-0.189618,NP
1800_A/mink/Eastern_China,A/mink/Eastern_China/0712/2018_H5N1,-0.001209,0.026862,0.091364,-0.058854,NP
1801_A/ostrich/Suzhou/097,A/ostrich/Suzhou/097/2003_H5N1,0.029307,0.041764,0.179697,-0.230624,NP
1802_A/parrot/Guangdong/C,A/parrot/Guangdong/C99/2005_H5N1,0.039936,0.031718,0.186258,-0.257088,NP
1803_A/partridge/Shantou/,A/partridge/Shantou/2886/2003_H5N1,0.102683,0.021261,0.127319,-0.207786,NP
1804_A/peacock/Yunnan/1/2,A/peacock/Yunnan/1/2015_H5N1,-0.019098,0.046318,0.146672,-0.214139,NP
1805_A/peacock/Yunnan/3/2,A/peacock/Yunnan/3/2015_H5N1,-0.011835,0.054745,0.15905,-0.213948,NP
1806_A/peregrine_falcon/H,A/peregrine_falcon/Hong_Kong/2142/2008_H5N1,0.042215,0.060057,0.189216,-0.214239,NP
1807_A/pheasant/Shantou/3,A/pheasant/Shantou/3535/2003_H5N1,0.038863,0.046022,0.171723,-0.248833,NP
1808_A/pheasant/Shantou/4,A/pheasant/Shantou/4567/2002_H5N1,0.033824,0.03829,0.184356,-0.252184,NP
1809_A/pied_megpie/Liaoni,A/pied_megpie/Liaoning/7/2006_H5N1,0.071578,0.003516,0.163913,-0.255742,NP
1810_A/pigeon/Hubei/RP25/,A/pigeon/Hubei/RP25/2012_H5N1,0.017407,0.082485,0.158836,-0.231847,NP
1811_A/pigeon/Sichuan/NCX,A/pigeon/Sichuan/NCXN29/2014_H5N1,-0.008213,0.064369,0.209967,-0.203238,NP
1812_A/pigeon/Zhejiang/11,A/pigeon/Zhejiang/112089/2014_H5N1,0.009878,0.047282,0.207502,-0.227024,NP
1813_A/pigeon/Zhejiang/11,A/pigeon/Zhejiang/112090/2014_H5N1,0.017647,0.049447,0.198202,-0.223295,NP
1814_A/pigeon/Zhejiang/72,A/pigeon/Zhejiang/727097/2014_H5N1,0.023864,0.043562,0.189231,-0.199985,NP
1815_A/plateau_pika/Qingh,A/plateau_pika/Qinghai/04/2007_H5N1,0.092946,0.009553,0.117135,-0.223195,NP
1816_A/quail/Guangxi/11/2,A/quail/Guangxi/11/2002_H5N1,0.026428,-0.021384,0.102906,-0.19165,NP
1817_A/quail/Guangxi/12/2,A/quail/Guangxi/12/2002_H5N1,0.026428,-0.021384,0.102906,-0.19165,NP
1818_A/quail/Guangxi/13/2,A/quail/Guangxi/13/2002_H5N1,0.026428,-0.021384,0.102906,-0.19165,NP
1819_A/quail/Nanchang/663,A/quail/Nanchang/6631/2013_H5N1,0.018927,0.046028,0.211922,-0.209154,NP
1820_A/shrike/Tibet/13/20,A/shrike/Tibet/13/2006_H5N1,0.030447,0.072568,0.176357,-0.246645,NP
1821_A/silky_chicken/Shan,A/silky_chicken/Shantou/475/2004_H5N1,0.038491,0.034035,0.190776,-0.256818,NP
1822_A/swan/Shanghai/10/2,A/swan/Shanghai/10/2009_H5N1,0.027064,0.033843,0.195349,-0.24512,NP
1823_A/swine/Guangxi/592/,A/swine/Guangxi/592/2011_H5N1,0.003932,0.034267,0.21756,-0.2458,NP
1824_A/swine/Jiangsu/1/20,A/swine/Jiangsu/1/2008_H5N1,0.045679,0.030929,0.192941,-0.226586,NP
1825_A/swine/Jiangsu/2/20,A/swine/Jiangsu/2/2009_H5N1,0.054538,0.063455,0.169126,-0.210771,NP
1826_A/swine/Shandong/SD1,A/swine/Shandong/SD1/2014_H5N1,0.027745,0.011516,0.177439,-0.194524,NP
1827_A/swine/Zhejiang/SW5,A/swine/Zhejiang/SW57/2015_H5N1,0.023864,0.043562,0.189231,-0.199985,NP
1828_A/tiger/Yunnan/tig14,A/tiger/Yunnan/tig1404/2014_H5N1,-0.020754,0.054661,0.205332,-0.217436,NP
1829_A/tiger/Yunnan/tig14,A/tiger/Yunnan/tig1412/2014_H5N1,0.006066,0.048482,0.205025,-0.203498,NP
1830_A/tiger/Yunnan/tig15,A/tiger/Yunnan/tig1508/2015_H5N1,0.003723,0.051226,0.119045,-0.196817,NP
1831_A/turtle_dove/Guangd,A/turtle_dove/Guangdong/300/2005_H5N1,0.040744,0.064851,0.178582,-0.254007,NP
1832_A/waterfowl/Hong_Kon,A/waterfowl/Hong_Kong/378.5/2001_H5N1,0.058513,-0.036055,0.094654,-0.209118,NP
1833_A/wild_duck/Fujian/1,A/wild_duck/Fujian/1/2011_H5N1,0.01693,0.051186,0.201405,-0.215269,NP
1834_A/wild_duck/Fujian/2,A/wild_duck/Fujian/2/2011_H5N1,0.019697,0.03841,0.198959,-0.220845,NP
1835_A/wild_duck/Jilin/HF,A/wild_duck/Jilin/HF/2011_H5N1,0.02389,0.017054,0.211647,-0.241231,NP
1836_A/wild_duck/Jilin/ZF,A/wild_duck/Jilin/ZF/2011_H5N1,0.03687,0.071115,0.187058,-0.221134,NP
1837_A/wild_duck/Liaoning,A/wild_duck/Liaoning/8/2006_H5N1,0.034232,0.020951,0.192166,-0.258194,NP
1838_A/wild_duck/Shandong,A/wild_duck/Shandong/1/2011_H5N1,0.042653,0.004833,0.101936,-0.16185,NP
1839_A/wild_duck/Shandong,A/wild_duck/Shandong/2/2011_H5N1,0.015547,0.036485,0.199796,-0.254157,NP
1840_A/wild_duck/Shandong,A/wild_duck/Shandong/628/2011_H5N1,0.038353,0.012842,0.099336,-0.159136,NP
1841_A/Hong_Kong/486/97,A/Indonesia/5/2005,0.321017,0.276866,-0.148615,0.056088,NS1
1842_A/Hong_Kong/538/97,A/Hong Kong/483/1997,0.311805,0.262537,-0.145755,0.016951,NS1
1843_A/Indonesia/5/2005,A/Hong Kong/482/97,0.314225,0.29914,-0.130007,0.077881,NS1
1844_A/Pheasant/Hong_Kong,A/Chicken/HongKong/FY150/01,0.360406,0.217125,-0.135467,0.067173,NS1
1845_A/Thailand/16/2004,A/Chicken/HongKong/YU822.2/01,0.380864,0.318657,-0.151591,0.091032,NS1
1846_A/chicken/Indonesia/,A/Chicken/HongKong/YU562/01,0.332687,0.299784,-0.146576,0.057793,NS1
1847_A/Chicken/HongKong/F,A/Pheasant/Hong Kong/FY155/01,0.359841,0.22173,-0.137036,0.064034,NS1
1848_A/Chicken/HongKong/Y,A/Hong Kong/486/97,0.368132,0.276244,-0.124602,0.063377,NS1
1849_A/Chicken/HongKong/Y,A/Thailand/16/2004,0.354947,0.25933,-0.118139,0.068627,NS1
1850_A/chicken/Korea/ES/0,A/Hong Kong/538/97,0.408499,0.247101,-0.125632,0.080065,NS1
1851_A/Vietnam/UT3062/200,A/chicken/Indonesia/7/2003,0.377705,0.299612,-0.162787,0.084121,NS1
1852_A/Hong_Kong/156/97,A/chicken/Korea/ES/03,0.321337,0.280273,-0.148913,0.042158,NS1
1853_A/whooper_swan/Mongo,A/Hong Kong/156/97,0.3291,0.256614,-0.109944,0.056883,NS1
1854_A/Hong_Kong/483/1997,A/whooper swan/Mongolia/244/2005,0.286943,0.282187,-0.16959,0.043971,NS1
1855_A/Hong_Kong/482/97,A/Vietnam/UT3062/2004,0.321878,0.275853,-0.147406,0.045172,NS1
1856_A/Anas_platyrhynchos,A/Anas_platyrhynchos/Chongming/H5N1_1/2024,0.066609,-0.21441,0.055195,0.108705,NS1
1857_A/Anas_platyrhynchos,A/Anas_platyrhynchos/Jiujiang/H5N1/2024,0.066609,-0.21441,0.055195,0.108705,NS1
1858_A/Anhui/1/2005|EPI_I,A/Anhui/1/2005,0.39593,0.302741,-0.161491,0.018954,NS1
1859_A/Anhui/1/2006|EPI_I,A/Anhui/1/2006,0.385751,0.313455,-0.162196,0.028636,NS1
1860_A/Anhui/2/2005|EPI_I,A/Anhui/2/2005,0.393505,0.308401,-0.159035,0.01361,NS1
1861_A/Anser_cygnoides/Ch,A/Anser_cygnoides/China/P126/2015,0.343517,0.279111,-0.093291,-0.002039,NS1
1862_A/Anser_fabalis/Jiuj,A/Anser_fabalis/Jiujiang/H5N1/2024,0.066609,-0.21441,0.055195,0.108705,NS1
1863_A/Bar-headed_Goose/Q,A/Bar-headed_Goose/Qinghai/BTY2/2015_H5N1,0.432133,0.241936,-0.152923,-0.021072,NS1
1864_A/Bar-headed_Goose/T,A/Bar-headed_Goose/Tibet/XZ901/2021,0.36121,0.227143,-0.056894,0.058503,NS1
1865_A/Bar-headed_Goose/T,A/Bar-headed_Goose/Tibet/XZ1131/2021,0.359518,0.224878,-0.068285,0.069083,NS1
1866_A/Black_faced_Spoonb,A/Black_faced_Spoonbill/AFCD-HKU-22-21944-01009/2022,0.379072,0.117122,-0.100633,0.047592,NS1
1867_A/Black_Faced_Spoonb,A/Black_Faced_Spoonbill/Hong_Kong/AFCD-HKU-21-17198.01012/2021,0.303726,0.234686,-0.052638,0.03255,NS1
1868_A/Black_Faced_Spoonb,A/Black_Faced_Spoonbill/Hong_Kong/AFCD-HKU-22-21429-01012/2022,0.363087,0.111538,-0.094654,0.066801,NS1
1869_A/Black-necked_Grebe,A/Black-necked_Grebe/Inner_Mongolia/Anal_swab4/2015_H5N1,0.440658,0.260741,-0.163013,-0.019411,NS1
1870_A/Black-necked_Grebe,A/Black-necked_Grebe/Inner_Mongolia/Brain1/2015_H5N1,0.355338,0.266944,-0.15023,-0.065391,NS1
1871_A/Black-necked_Grebe,A/Black-necked_Grebe/Inner_Mongolia/Brain3/2015_H5N1,0.358427,0.264169,-0.152096,-0.057783,NS1
1872_A/Black-necked_Grebe,A/Black-necked_Grebe/Inner_Mongolia/Liver3/2015_H5N1,0.358427,0.264169,-0.152096,-0.057783,NS1
1873_A/Black-necked_Grebe,A/Black-necked_Grebe/Inner_Mongolia/Lung2/2015_H5N1,0.355338,0.266944,-0.15023,-0.065391,NS1
1874_A/Black-necked_Grebe,A/Black-necked_Grebe/Inner_Mongolia/Lung3-2/2015_H5N1,0.358427,0.264169,-0.152096,-0.057783,NS1
1875_A/Black-necked_Grebe,A/Black-necked_Grebe/Inner_Mongolia/Oropharynx_swab3/2015_H5N1,0.358427,0.264169,-0.152096,-0.057783,NS1
1876_A/Black-necked_Grebe,A/Black-necked_Grebe/Inner_Mongolia/Trachea3/2015_H5N1,0.358427,0.264169,-0.152096,-0.057783,NS1
1877_A/chicken/Anhui/S174,A/chicken/Anhui/S1740/2022(H5N1),0.289075,0.146756,-0.184359,0.01307,NS1
1878_A/chicken/China/Cang,A/chicken/China/Cangzhou03/2023,0.074757,-0.214027,0.045735,0.097953,NS1
1879_A/chicken/China/E93/,A/chicken/China/E93/2012,0.297294,0.20663,-0.085171,0.026529,NS1
1880_A/chicken/China/E96/,A/chicken/China/E96/2012,0.305721,0.207313,-0.07129,0.027768,NS1
1881_A/chicken/Gansu/5/20,A/chicken/Gansu/5/2012,0.315016,0.199089,-0.10044,0.0147,NS1
1882_A/chicken/Gansu/6/20,A/chicken/Gansu/6/2012,0.287952,0.144316,-0.104194,0.037373,NS1
1883_A/chicken/Guangxi/S2,A/chicken/Guangxi/S2039/2009,0.255241,0.299369,-0.113589,-0.060938,NS1
1884_A/chicken/Hubei/2856,A/chicken/Hubei/2856/2007,0.372675,0.307114,-0.179297,0.017227,NS1
1885_A/chicken/Hunan/1793,A/chicken/Hunan/1793/2007,0.379679,0.31063,-0.152643,0.079169,NS1
1886_A/chicken/Hunan/3157,A/chicken/Hunan/3157/2006,0.381332,0.311552,-0.183014,0.014771,NS1
1887_A/chicken/Hunan/S100,A/chicken/Hunan/S10029/2018(H5N1),0.355353,0.294748,-0.158666,-0.016055,NS1
1888_A/chicken/Jiangsu/03,A/chicken/Jiangsu/03.17_WX006-P/2015(H5N1),0.323424,0.212163,-0.11788,-0.009564,NS1
1889_A/chicken/Jiangsu/92,A/chicken/Jiangsu/927/2013,0.412894,0.286724,-0.213845,-0.011692,NS1
1890_A/chicken/Jiangsu/24,A/chicken/Jiangsu/2477/2014,0.427064,0.281504,-0.175626,-0.020927,NS1
1891_A/chicken/Jiangsu/k0,A/chicken/Jiangsu/k0402/2010,0.353498,0.28227,-0.133455,0.019091,NS1
1892_A/chicken/Jiangsu/SE,A/chicken/Jiangsu/SE2228/2017(H5N1),0.434235,0.273944,-0.172077,-0.03397,NS1
1893_A/chicken/Jiangsu/YB,A/chicken/Jiangsu/YB7/2015,0.339843,0.213664,-0.113176,-0.012609,NS1
1894_A/chicken/Jiangxi/25,A/chicken/Jiangxi/25/2011,0.386187,0.303379,-0.159372,0.039712,NS1
1895_A/chicken/Jiangxi/S4,A/chicken/Jiangxi/S40653/2021(H5N1),0.292701,0.140404,-0.171548,0.030186,NS1
1896_A/chicken/Jilin/04.1,A/chicken/Jilin/04.12_MHK001-O/2015(H5N1),0.431189,0.249484,-0.155834,-0.013541,NS1
1897_A/chicken/Jilin/04.1,A/chicken/Jilin/04.12_MHK002-O/2015(H5N1),0.431189,0.249484,-0.155834,-0.013541,NS1
1898_A/chicken/Jilin/04.1,A/chicken/Jilin/04.12_MHK003-O/2015(H5N1),0.431189,0.249484,-0.155834,-0.013541,NS1
1899_A/chicken/Jilin/04.1,A/chicken/Jilin/04.12_MHK004-O/2015(Mixed),0.431189,0.249484,-0.155834,-0.013541,NS1
1900_A/chicken/Jilin/04.2,A/chicken/Jilin/04.25_MHK009/2015(H5N1),0.431305,0.249659,-0.156949,-0.014178,NS1
1901_A/chicken/Jilin/S125,A/chicken/Jilin/S1255/2019(H5N1),0.4047,0.258518,-0.164789,-0.00051,NS1
1902_A/chicken/Jilin/S127,A/chicken/Jilin/S1271/2019(H5N1),0.390736,0.262015,-0.159834,-0.017206,NS1
1903_A/chicken/Liaoning/S,A/chicken/Liaoning/S4092/2011,0.30745,0.203259,-0.086732,0.026633,NS1
1904_A/chicken/Liaoning/S,A/chicken/Liaoning/SD035/2018(H5N1),0.410113,0.272866,-0.161449,-0.013662,NS1
1905_A/chicken/Ningxia/2/,A/chicken/Ningxia/2/2012,0.315016,0.199089,-0.10044,0.0147,NS1
1906_A/chicken/Ningxia/22,A/chicken/Ningxia/222/2012,0.315016,0.199089,-0.10044,0.0147,NS1
1907_A/chicken/Shandong/1,A/chicken/Shandong/12.03_YA-CK/2014(H5N1),0.329356,0.222914,-0.125055,-0.006995,NS1
1908_A/Chicken/Shandong/J,A/Chicken/Shandong/J01/2009,0.360294,0.278756,-0.141409,0.008944,NS1
1909_A/Chicken/Shandong/J,A/Chicken/Shandong/J02/2009,0.307238,0.21151,-0.091823,0.033203,NS1
1910_A/Chicken/Shandong/J,A/Chicken/Shandong/J03/2009,0.297294,0.20663,-0.085171,0.026529,NS1
1911_A/Chicken/Shandong/J,A/Chicken/Shandong/J04/2009,0.313815,0.206521,-0.085244,0.028719,NS1
1912_A/Chicken/Shandong/J,A/Chicken/Shandong/J06/2009,0.379976,0.294998,-0.147616,0.025859,NS1
1913_A/chicken/Shanghai/S,A/chicken/Shanghai/S1123/2019(H5N1),0.430176,0.265334,-0.173087,-0.017094,NS1
1914_A/chicken/Shanghai/S,A/chicken/Shanghai/S4030/2017(H5N1),0.420897,0.283574,-0.18868,-0.034581,NS1
1915_A/chicken/Wuxi/WX-32,A/chicken/Wuxi/WX-32/2013,0.422778,0.294468,-0.176617,-0.012201,NS1
1916_A/chicken/Wuxi/WX-33,A/chicken/Wuxi/WX-33/2013,0.415382,0.297153,-0.169212,-0.013639,NS1
1917_A/chicken/Xinjiang/S,A/chicken/Xinjiang/S1016/2019(H5N1),0.430176,0.265334,-0.173087,-0.017094,NS1
1918_A/chicken/Xinjiang/S,A/chicken/Xinjiang/S1081/2019(H5N1),0.427599,0.271348,-0.170478,-0.022772,NS1
1919_A/chicken/Xinjiang/S,A/chicken/Xinjiang/S1170/2019(H5N1),0.430176,0.265334,-0.173087,-0.017094,NS1
1920_A/chicken/Yunnan/1/2,A/chicken/Yunnan/1/2014,0.343517,0.279111,-0.093291,-0.002039,NS1
1921_A/condor/Guangdong/1,A/condor/Guangdong/139/2003,0.368686,0.303156,-0.132459,0.089062,NS1
1922_A/Curlew/Hong_Kong/A,A/Curlew/Hong_Kong/AFCD-HKU-22-01095.01009/2022,0.330384,0.214333,-0.041516,0.047829,NS1
1923_A/Cygnus_columbianus,A/Cygnus_columbianus/Hubei/117/2021,0.317651,0.201628,-0.006861,0.012433,NS1
1924_A/Cygnus_columbianus,A/Cygnus_columbianus/Hubei/121/2021,0.344889,0.2248,-0.118631,0.07008,NS1
1925_A/Cygnus_columbianus,A/Cygnus_columbianus/Hubei/123/2021,0.317651,0.201628,-0.006861,0.012433,NS1
1926_A/Cygnus_columbianus,A/Cygnus_columbianus/Hubei/128/2021,0.319662,0.212823,-0.019077,0.005962,NS1
1927_A/domestic_green-win,A/domestic_green-winged_teal/Hunan/3450/2006,0.046773,-0.166766,0.027015,0.029,NS1
1928_A/duck/China/E26/201,A/duck/China/E26/2012,0.379465,0.274595,-0.14312,0.033636,NS1
1929_A/duck/China/E53/201,A/duck/China/E53/2012,0.398096,0.322421,-0.168298,0.000101,NS1
1930_A/duck/Eastern_China,A/duck/Eastern_China/108/2008,0.36996,0.265776,-0.146101,0.0404,NS1
1931_A/duck/Eastern_China,A/duck/Eastern_China/909/2009,0.372673,0.268298,-0.142939,0.057397,NS1
1932_A/duck/Fujian/S1233/,A/duck/Fujian/S1233/2018(H5N1),0.366122,0.283751,-0.103348,0.003127,NS1
1933_A/duck/Fujian/S1273/,A/duck/Fujian/S1273/2018(H5N1),0.107285,0.242769,-0.065569,0.016049,NS1
1934_A/Duck/Fujian/S4146/,A/Duck/Fujian/S4146/2010,0.390856,0.309658,-0.174502,0.028036,NS1
1935_A/duck/Guangdong/S45,A/duck/Guangdong/S4518/2021(H5N1),0.333486,0.234516,-0.057487,0.040285,NS1
1936_A/duck/Guangdong/S45,A/duck/Guangdong/S4525/2021(H5N1),0.326396,0.22942,-0.058036,0.035688,NS1
1937_A/duck/Guizhou/S1321,A/duck/Guizhou/S1321/2022(H5N1),0.330678,0.228451,-0.065082,0.02642,NS1
1938_A/duck/Guizhou/S1711,A/duck/Guizhou/S1711/2024(H5N1),0.373482,0.267696,-0.058686,0.054431,NS1
1939_A/duck/Hubei/03.06__,A/duck/Hubei/03.06__WHWTZ0155-P/2015(H5N1),0.329957,0.265008,-0.136636,0.006378,NS1
1940_A/duck/Hubei/46/2009,A/duck/Hubei/46/2009,0.367247,0.256374,-0.077901,0.04955,NS1
1941_A/duck/Hubei/2911/20,A/duck/Hubei/2911/2007,0.394839,0.289644,-0.146277,0.056785,NS1
1942_A/duck/Hubei/S4465/2,A/duck/Hubei/S4465/2021(H5N1),0.29526,0.154653,-0.187097,0.021951,NS1
1943_A/duck/Hubei/SE128/2,A/duck/Hubei/SE128/2022(H5N1),0.29526,0.154653,-0.187097,0.021951,NS1
1944_A/duck/Hubei/SE220/2,A/duck/Hubei/SE220/2022(H5N1),0.320986,0.227776,-0.055118,0.039134,NS1
1945_A/duck/Hubei/xn/2007,A/duck/Hubei/xn/2007,0.399465,0.308923,-0.158922,0.02071,NS1
1946_A/duck/Hunan/03.07_Y,A/duck/Hunan/03.07_YYGK1L3-OC/2018,0.186469,0.31117,-0.124082,0.030456,NS1
1947_A/duck/Hunan/12.07__,A/duck/Hunan/12.07__YYGK44-P/2013(Mixed),0.429281,0.283018,-0.157834,-0.018924,NS1
1948_A/duck/Hunan/12.07__,A/duck/Hunan/12.07__YYGK97-P/2013(H5N1),0.391746,0.310931,-0.180781,-0.02696,NS1
1949_A/duck/Hunan/12.07_Y,A/duck/Hunan/12.07_YYGK007-P/2013(H5N1),0.391746,0.310931,-0.180781,-0.02696,NS1
1950_A/duck/Hunan/12.07_Y,A/duck/Hunan/12.07_YYGK100-P/2013(H5N1),0.425959,0.299044,-0.177106,-0.017813,NS1
1951_A/duck/Hunan/316/200,A/duck/Hunan/316/2005,0.401803,0.298201,-0.14149,0.026779,NS1
1952_A/duck/Hunan/689/200,A/duck/Hunan/689/2006,0.380235,0.300543,-0.186753,0.034027,NS1
1953_A/duck/Hunan/3315/20,A/duck/Hunan/3315/2006,0.385274,0.307354,-0.163817,0.058467,NS1
1954_A/duck/Hunan/S4020/2,A/duck/Hunan/S4020/2008,0.354891,0.274315,-0.110123,0.016417,NS1
1955_A/duck/Hunan/S4030/2,A/duck/Hunan/S4030/2011,0.356024,0.256635,-0.116882,0.036027,NS1
1956_A/duck/Hunan/S4150/2,A/duck/Hunan/S4150/2011,0.359815,0.261781,-0.12443,0.035682,NS1
1957_A/duck/Hunan/S4220/2,A/duck/Hunan/S4220/2011,0.383713,0.296633,-0.125025,0.005155,NS1
1958_A/duck/Jiangsu/S4439,A/duck/Jiangsu/S4439/2017(H5N1),0.40516,0.262918,-0.183154,-0.037314,NS1
1959_A/duck/Jiangsu/SE112,A/duck/Jiangsu/SE1128/2018(H5N1),0.429523,0.281927,-0.17584,-0.023704,NS1
1960_A/duck/Jiangxi/34/20,A/duck/Jiangxi/34/2011,0.386187,0.303379,-0.159372,0.039712,NS1
1961_A/duck/Jiangxi/35/20,A/duck/Jiangxi/35/2011,0.368627,0.304579,-0.139686,0.050812,NS1
1962_A/duck/Jiangxi/44/20,A/duck/Jiangxi/44/2011,0.187499,0.149762,-0.076859,0.00321,NS1
1963_A/duck/Jiangxi/120/2,A/duck/Jiangxi/120/2011,0.338359,0.286209,-0.105051,0.055521,NS1
1964_A/duck/Jiangxi/130/2,A/duck/Jiangxi/130/2011,0.341875,0.215015,-0.15575,0.045162,NS1
1965_A/duck/Jiangxi/S4083,A/duck/Jiangxi/S40833/2021(H5N1),0.292979,0.143235,-0.173703,0.028815,NS1
1966_A/duck/Jilin/04.04_S,A/duck/Jilin/04.04_SY002-O/2015(Mixed),0.435729,0.260173,-0.174651,-0.01097,NS1
1967_A/duck/Jilin/JL-SIV/,A/duck/Jilin/JL-SIV/2013,0.341815,0.152969,-0.220502,0.006855,NS1
1968_A/duck/Jilin/S1261/2,A/duck/Jilin/S1261/2019(H5N1),0.4047,0.258518,-0.164789,-0.00051,NS1
1969_A/duck/Jilin/S4171/2,A/duck/Jilin/S4171/2019(H5N1),0.422774,0.277286,-0.168753,-0.00352,NS1
1970_A/duck/Nanchang/9789,A/duck/Nanchang/9789/2013,0.364316,0.296884,-0.123235,0.013633,NS1
1971_A/duck/Shandong/009/,A/duck/Shandong/009/2008,0.383016,0.258805,-0.143398,0.015432,NS1
1972_A/Duck/Shandong/Y01/,A/Duck/Shandong/Y01/2009,0.367192,0.245785,-0.126682,-0.000215,NS1
1973_A/Duck/Shandong/Y02/,A/Duck/Shandong/Y02/2009,0.372364,0.28267,-0.122704,0.043059,NS1
1974_A/duck/Sichuan/NCXN1,A/duck/Sichuan/NCXN10/2014,0.364672,0.274198,-0.104742,-0.026333,NS1
1975_A/duck/Sichuan/NCXN1,A/duck/Sichuan/NCXN11/2014,0.353808,0.272002,-0.114602,-0.019799,NS1
1976_A/duck/Xinjiang/S106,A/duck/Xinjiang/S1066/2019(H5N1),0.430131,0.263204,-0.180925,-0.017648,NS1
1977_A/duck/Xinjiang/S112,A/duck/Xinjiang/S1126/2019(H5N1),0.430176,0.265334,-0.173087,-0.017094,NS1
1978_A/duck/Zhejiang/1220,A/duck/Zhejiang/1220092/2014,0.344396,0.224478,-0.125499,-0.004957,NS1
1979_A/duck/Zhejiang/S409,A/duck/Zhejiang/S4091/2017(H5N1),0.431506,0.259734,-0.161197,-0.003219,NS1
1980_A/equine/China/61/20,A/equine/China/61/2010,0.39123,0.324098,-0.150983,0.013671,NS1
1981_A/equine/China/67/20,A/equine/China/67/2010,0.39123,0.324098,-0.150983,0.013671,NS1
1982_A/equine/China/68/20,A/equine/China/68/2010,0.39123,0.324098,-0.150983,0.013671,NS1
1983_A/Eurasian_Teal/Hong,A/Eurasian_Teal/Hong_Kong/AFCD-HKU-23-14009-01020/2023,0.30985,0.270311,-0.067124,0.034075,NS1
1984_A/Eurasian_Teal/Hong,A/Eurasian_Teal/Hong_Kong/AFCD-HKU-23-14383-02001/2023,0.316126,0.269114,-0.068654,0.036749,NS1
1985_A/Eurasian_Wigeon/Ho,A/Eurasian_Wigeon/Hong_Kong/AFCD-HKU-23-14484-01001/2023,0.316126,0.269114,-0.068654,0.036749,NS1
1986_A/Eurasian_Wigeon/Ho,A/Eurasian_Wigeon/Hong_Kong/AFCD-HKU-23-14524-01009/2023,0.316126,0.269114,-0.068654,0.036749,NS1
1987_A/Falco_peregrinus/B,A/Falco_peregrinus/Beijing/1/_2022,0.367023,0.11249,-0.080894,0.086321,NS1
1988_A/Fujian/1/2005|EPI_,A/Fujian/1/2005,0.381958,0.314128,-0.153689,0.051934,NS1
1989_A/Fujian/1/2007|EPI_,A/Fujian/1/2007,0.384899,0.333046,-0.162274,0.007401,NS1
1990_A/Gallinago_Stenura/,A/Gallinago_Stenura/Hong_Kong/AFCD-HKU-23-14383-01014/2023,0.316126,0.269114,-0.068654,0.036749,NS1
1991_A/goose/China/E43/20,A/goose/China/E43/2012,0.37903,0.297161,-0.162291,0.016335,NS1
1992_A/goose/Guangdong/SH,A/goose/Guangdong/SH7/2013(H5N1),0.382268,0.266401,-0.110418,-0.022859,NS1
1993_A/goose/Guizhou/S154,A/goose/Guizhou/S1541/2022(H5N1),0.333963,0.211676,-0.069531,0.01801,NS1
1994_A/goose/Hunan/SE284/,A/goose/Hunan/SE284/2022(H5N1),0.370517,0.123139,-0.094412,0.073339,NS1
1995_A/goose/Inner_Mongol,A/goose/Inner_Mongolia/IM-192/2014,0.36914,0.178541,-0.139604,0.053036,NS1
1996_A/goose/Jiangsu/k040,A/goose/Jiangsu/k0403/2010,0.350525,0.280901,-0.137366,0.016526,NS1
1997_A/goose/Jilin/S4034/,A/goose/Jilin/S4034/2019(H5N1),0.410258,0.277521,-0.143968,0.001925,NS1
1998_A/goose/Shandong/03.,A/goose/Shandong/03.10_HZ/2015(H5N1),0.431157,0.264939,-0.168377,-0.027891,NS1
1999_A/goose/Shandong/GS/,A/goose/Shandong/GS/2013(H5N1),0.430489,0.280218,-0.175791,-0.000715,NS1
2000_A/goose/Zhejiang/112,A/goose/Zhejiang/112071/2014,0.416646,0.285492,-0.162538,-0.003572,NS1
2001_A/goose/Zhejiang/727,A/goose/Zhejiang/727098/2014,0.418851,0.273919,-0.169277,0.018708,NS1
2002_A/Great_black-headed,A/Great_black-headed_Gull/Qinghai/YO1/2015_H5N1,0.432133,0.241936,-0.152923,-0.021072,NS1
2003_A/Great_black-headed,A/Great_black-headed_Gull/Qinghai/YO6/2015_H5N1,0.432133,0.241936,-0.152923,-0.021072,NS1
2004_A/Great_Cormorant/Hu,A/Great_Cormorant/Hubei/chenhu_V9/2015,0.338749,0.22357,-0.123127,-0.012136,NS1
2005_A/Great_Cormorant/Hu,A/Great_Cormorant/Hubei/chenhu_V10/2015,0.338749,0.22357,-0.123127,-0.012136,NS1
2006_A/Great_Cormorant/Hu,A/Great_Cormorant/Hubei/VI128/2015_H5N1,0.346242,0.221669,-0.115216,-0.022325,NS1
2007_A/Great_Cormorant/Hu,A/Great_Cormorant/Hubei/VI132/2015_H5N1,0.346242,0.221669,-0.115216,-0.022325,NS1
2008_A/Great_Cormorant/Hu,A/Great_Cormorant/Hubei/VI133/2015_H5N1,0.346242,0.221669,-0.115216,-0.022325,NS1
2009_A/Guangdong/1/2006|E,A/Guangdong/1/2006,0.392377,0.312903,-0.155668,0.025294,NS1
2010_A/Guangdong/1/2008|E,A/Guangdong/1/2008,0.376897,0.275008,-0.165249,-0.00457,NS1
2011_A/Guangdong/2/2006|E,A/Guangdong/2/2006,0.378717,0.3334,-0.1534,0.036768,NS1
2012_A/Guangxi/1/2005|EPI,A/Guangxi/1/2005,0.393505,0.308401,-0.159035,0.01361,NS1
2013_A/Guangxi/1/2005|EPI,A/Guangxi/1/2005,0.393364,0.310683,-0.152222,0.020141,NS1
2014_A/Guangxi/1/2008|EPI,A/Guangxi/1/2008,0.363172,0.280189,-0.123651,0.021602,NS1
2015_A/Guizhou/1/2009|EPI,A/Guizhou/1/2009,0.327756,0.231228,-0.119731,0.019702,NS1
2016_A/hill_myna/Heilongj,A/hill_myna/Heilongjiang/0704/2012,0.423699,0.297138,-0.172469,-0.022673,NS1
2017_A/Hong_Kong/5923/201,A/Hong_Kong/5923/2012,0.359634,0.304473,-0.114028,0.010325,NS1
2018_A/Hunan/1/2006|EPI_I,A/Hunan/1/2006,0.368357,0.313532,-0.157293,0.022924,NS1
2019_A/Hunan/1/2008|EPI_I,A/Hunan/1/2008,0.386017,0.314489,-0.155282,0.061069,NS1
2020_A/Hunan/2/2009|EPI_I,A/Hunan/2/2009,0.382618,0.208832,-0.179935,0.044133,NS1
2021_A/Japanese_white-eye,A/Japanese_white-eye/Taoyuan/Q454/2012,0.423699,0.297138,-0.172469,-0.022673,NS1
2022_A/Jiangsu/1/2007|EPI,A/Jiangsu/1/2007,0.387288,0.298104,-0.177,-0.013738,NS1
2023_A/Jiangsu/2/2007|EPI,A/Jiangsu/2/2007,0.387288,0.298104,-0.177,-0.013738,NS1
2024_A/Jiangxi/1/2005|EPI,A/Jiangxi/1/2005,0.393015,0.221873,-0.137891,0.038774,NS1
2025_A/lesser_kestrel/Hei,A/lesser_kestrel/Heilongjiang/194/2007,0.384452,0.304429,-0.162778,0.038511,NS1
2026_A/lion/Hubei/1-2/201,A/lion/Hubei/1-2/2016,0.348559,0.22237,-0.113054,-0.007322,NS1
2027_A/mallard/Heilongjia,A/mallard/Heilongjiang/HLJ-69/2013,0.348137,0.250839,-0.101305,0.053425,NS1
2028_A/mandarin_duck/Heil,A/mandarin_duck/Heilongjiang/HL-1/2021,0.232535,0.244288,-0.000202,-0.03291,NS1
2029_A/mandarin_duck/Hena,A/mandarin_duck/Henan/426/2021,0.370517,0.123139,-0.094412,0.073339,NS1
2030_A/meerkat/Shanghai/S,A/meerkat/Shanghai/SH-1/2012,0.420201,0.300482,-0.174008,-0.017879,NS1
2031_A/mink/China/G/2015|,A/mink/China/G/2015,0.376723,0.313,-0.160923,0.034383,NS1
2032_A/mink/China/XB/2015,A/mink/China/XB/2015,0.346358,0.228563,-0.116822,-0.01082,NS1
2033_A/mink/Eastern_China,A/mink/Eastern_China/0712/2018,0.132239,0.069761,-0.014701,0.177459,NS1
2034_A/Nanjing/1/2015|EPI,A/Nanjing/1/2015,0.345775,0.224416,-0.120351,-0.01004,NS1
2035_A/ostrich/Suzhou/097,A/ostrich/Suzhou/097/2003,0.39604,0.249521,-0.133767,0.016434,NS1
2036_A/parrot/Guangdong/C,A/parrot/Guangdong/C99/2005,0.387825,0.279783,-0.142463,0.053263,NS1
2037_A/peacock/Yunnan/1/2,A/peacock/Yunnan/1/2015,0.348689,0.226322,-0.120868,-0.025854,NS1
2038_A/peacock/Yunnan/3/2,A/peacock/Yunnan/3/2015,0.348689,0.226322,-0.120868,-0.025854,NS1
2039_A/pigeon/Hubei/RP25/,A/pigeon/Hubei/RP25/2012,0.33768,0.296605,-0.150565,0.009425,NS1
2040_A/pigeon/Jiangsu/12.,A/pigeon/Jiangsu/12.22_TCCX053-P/2014(Mixed),0.430303,0.264299,-0.168299,-0.006861,NS1
2041_A/pigeon/Jiangxi/S40,A/pigeon/Jiangxi/S40784/2021(H5N1),0.292701,0.140404,-0.171548,0.030186,NS1
2042_A/pigeon/Jilin/04.25,A/pigeon/Jilin/04.25_CCHL019-O/2015(H5N1),0.427819,0.272428,-0.169325,-0.032524,NS1
2043_A/pigeon/Jilin/S4176,A/pigeon/Jilin/S4176/2019(H5N1),0.422774,0.277286,-0.168753,-0.00352,NS1
2044_A/pigeon/Sichuan/NCX,A/pigeon/Sichuan/NCXN29/2014,0.353808,0.272002,-0.114602,-0.019799,NS1
2045_A/pigeon/Zhejiang/11,A/pigeon/Zhejiang/112089/2014,0.416646,0.285492,-0.162538,-0.003572,NS1
2046_A/pigeon/Zhejiang/11,A/pigeon/Zhejiang/112090/2014,0.420718,0.286701,-0.157949,-0.00978,NS1
2047_A/pigeon/Zhejiang/72,A/pigeon/Zhejiang/727097/2014,0.403436,0.290431,-0.146886,0.01324,NS1
2048_A/plateau_pika/Qingh,A/plateau_pika/Qinghai/04/2007,0.23239,0.208582,-0.080552,0.064118,NS1
2049_A/quail/Nanchang/663,A/quail/Nanchang/6631/2013,0.364316,0.296884,-0.123235,0.013633,NS1
2050_A/Shandong/1/2009|EP,A/Shandong/1/2009,0.349179,0.230112,-0.133078,-0.009258,NS1
2051_A/Sichuan/1/2006|EPI,A/Sichuan/1/2006,0.395728,0.309443,-0.159587,0.016207,NS1
2052_A/Sichuan/2/2006|EPI,A/Sichuan/2/2006,0.399335,0.308369,-0.157747,0.021402,NS1
2053_A/Spatula_querquedul,A/Spatula_querquedula/Chongming/H5N1_1/2024,0.066609,-0.21441,0.055195,0.108705,NS1
2054_A/swine/Shandong/SD1,A/swine/Shandong/SD1/2014,0.376773,0.234667,-0.136072,0.036573,NS1
2055_A/tiger/Yunnan/tig14,A/tiger/Yunnan/tig1404/2014,0.376178,0.254794,-0.092597,-0.021481,NS1
2056_A/tiger/Yunnan/tig14,A/tiger/Yunnan/tig1412/2014,0.374064,0.293161,-0.104824,0.020866,NS1
2057_A/tiger/Yunnan/tig15,A/tiger/Yunnan/tig1508/2015,0.34978,0.241476,-0.122233,-0.00944,NS1
2058_A/tundra_swan/Fujian,A/tundra_swan/Fujian/SD121/2023(H5N1),0.316126,0.269114,-0.068654,0.036749,NS1
2059_A/turtle_dove/Guangd,A/turtle_dove/Guangdong/300/2005,0.400988,0.31514,-0.165621,0.030453,NS1
2060_A/turtle_dove/Hunan/,A/turtle_dove/Hunan/S4004/2020(H5N1),0.338719,0.229211,-0.125122,-0.005517,NS1
2061_A/whooper_swan/Henan,A/whooper_swan/Henan/8/2021,0.370517,0.123139,-0.094412,0.073339,NS1
2062_A/whooper_swan/Henan,A/whooper_swan/Henan/14/2021,0.370517,0.123139,-0.094412,0.073339,NS1
2063_A/whooper_swan/Henan,A/whooper_swan/Henan/44/2021,0.370517,0.123139,-0.094412,0.073339,NS1
2064_A/whooper_swan/Henan,A/whooper_swan/Henan/45/2021,0.370517,0.123139,-0.094412,0.073339,NS1
2065_A/whooper_swan/Henan,A/whooper_swan/Henan/46/2021,0.370517,0.123139,-0.094412,0.073339,NS1
2066_A/whooper_swan/Henan,A/whooper_swan/Henan/424/2021,0.370517,0.123139,-0.094412,0.073339,NS1
2067_A/whooper_swan/Henan,A/whooper_swan/Henan/SMX1/2015(H5N1),0.358868,0.265845,-0.148465,-0.060289,NS1
2068_A/whooper_swan/Henan,A/whooper_swan/Henan/SMX3/2015(H5N1),0.355338,0.266944,-0.15023,-0.065391,NS1
2069_A/whooper_swan/Henan,A/whooper_swan/Henan/SMX4/2015(H5N1),0.355338,0.266944,-0.15023,-0.065391,NS1
2070_A/whooper_swan/Henan,A/whooper_swan/Henan/SMX9/2015(H5N1),0.355338,0.266944,-0.15023,-0.065391,NS1
2071_A/whooper_swan/Shanx,A/whooper_swan/Shanxi/14/2021,0.370517,0.123139,-0.094412,0.073339,NS1
2072_A/whooper_swan/Shanx,A/whooper_swan/Shanxi/20/2021,0.370517,0.123139,-0.094412,0.073339,NS1
2073_A/wild_duck/Fujian/1,A/wild_duck/Fujian/1/2011,0.385714,0.294013,-0.154335,-0.003658,NS1
2074_A/wild_duck/Fujian/2,A/wild_duck/Fujian/2/2011,0.385714,0.294013,-0.154335,-0.003658,NS1
2075_A/wild_duck/Hebei/SD,A/wild_duck/Hebei/SD012/2021(H5N1),0.367611,0.234949,-0.069769,0.063701,NS1
2076_A/wild_duck/Jilin/HF,A/wild_duck/Jilin/HF/2011,0.324806,0.266894,-0.107924,0.018701,NS1
2077_A/wild_duck/Jilin/ZF,A/wild_duck/Jilin/ZF/2011,0.361964,0.258131,-0.130677,0.030673,NS1
2078_A/wild_duck/Shandong,A/wild_duck/Shandong/1/2011,0.291573,0.197722,-0.077906,0.026822,NS1
2079_A/wild_duck/Shandong,A/wild_duck/Shandong/2/2011,0.3738,0.278219,-0.130716,0.046044,NS1
2080_A/wild_duck/Shandong,A/wild_duck/Shandong/628/2011,0.315535,0.255534,-0.137571,0.000989,NS1
2081_A/Xinjiang/1/2006|EP,A/Xinjiang/1/2006,0.321343,0.253762,-0.098384,0.048169,NS1
2082_A/Xinjiang/1/2009|EP,A/Xinjiang/1/2009,0.377788,0.297083,-0.146781,0.031432,NS1
2083_A/Zhejiang/1/2006|EP,A/Zhejiang/1/2006,0.318755,0.230537,-0.165996,-0.004136,NS1
2084_A/Anas_platyrhynchos,A/Anas_platyrhynchos/jiujiang/H5N1/2024_H5N1,0.066609,-0.21441,0.055195,0.108705,NS1
2085_A/Anhui/1/2006_H5N1|,A/Anhui/1/2006_H5N1,0.385751,0.313455,-0.162196,0.028636,NS1
2086_A/Anhui/1/2007_H5N1|,A/Anhui/1/2007_H5N1,0.371845,0.167026,-0.127886,0.093497,NS1
2087_A/Anhui/2/2005_H5N1|,A/Anhui/2/2005_H5N1,0.393505,0.308401,-0.159035,0.01361,NS1
2088_A/Anser_cygnoides/Ch,A/Anser_cygnoides/China/P126/2015_H5N1,0.343517,0.279111,-0.093291,-0.002039,NS1
2089_A/Anser_fabalis/jiuj,A/Anser_fabalis/jiujiang/H5N1/2024_H5N1,0.066609,-0.21441,0.055195,0.108705,NS1
2090_A/Anser_fabalis/jiuj,A/Anser_fabalis/jiujiang/H5N1/2024_H5N1,0.066609,-0.21441,0.055195,0.108705,NS1
2091_A/Anser_fabalis/jiuj,A/Anser_fabalis/jiujiang/H5N1/2024_H5N1,0.066609,-0.21441,0.055195,0.108705,NS1
2092_A/Duck/Jiangxi/631/2,A/Duck/Jiangxi/631/2024_H5N1,0.178875,0.195096,-0.079776,0.047627,NS1
2093_A/Guangdong/1/2008_H,A/Guangdong/1/2008_H5N1,0.376897,0.275008,-0.165249,-0.00457,NS1
2094_A/Guangdong/2/2006_H,A/Guangdong/2/2006_H5N1,0.378717,0.3334,-0.1534,0.036768,NS1
2095_A/Guangxi/1/2005_H5N,A/Guangxi/1/2005_H5N1,0.393364,0.310683,-0.152222,0.020141,NS1
2096_A/Guangxi/1/2008_H5N,A/Guangxi/1/2008_H5N1,0.363172,0.280189,-0.123651,0.021602,NS1
2097_A/Guizhou/1/2009_H5N,A/Guizhou/1/2009_H5N1,0.327756,0.231228,-0.119731,0.019702,NS1
2098_A/Hunan/1/2008_H5N1|,A/Hunan/1/2008_H5N1,0.386017,0.314489,-0.155282,0.061069,NS1
2099_A/Hunan/2/2009_H5N1|,A/Hunan/2/2009_H5N1,0.382618,0.208832,-0.179935,0.044133,NS1
2100_A/Japanese_white-eye,A/Japanese_white-eye/Taoyuan/Q454/2012_H5N1,0.423699,0.297138,-0.172469,-0.022673,NS1
2101_A/Nanjing/1/2015_H5N,A/Nanjing/1/2015_H5N1,0.345775,0.224416,-0.120351,-0.01004,NS1
2102_A/Shandong/1/2009_H5,A/Shandong/1/2009_H5N1,0.349179,0.230112,-0.133078,-0.009258,NS1
2103_A/Spatula_querquedul,A/Spatula_querquedula/chongming/H5N1/2024_H5N1,0.066609,-0.21441,0.055195,0.108705,NS1
2104_A/Wild_bird/Huadong/,A/Wild_bird/Huadong/CM120/2017_H5N1,0.352439,0.201693,-0.099898,-0.026913,NS1
2105_A/Wild_bird/Huadong/,A/Wild_bird/Huadong/DT10/2019_H5N1,0.399922,0.263025,-0.14969,0.000471,NS1
2106_A/Wild_bird/Huadong/,A/Wild_bird/Huadong/JYWB4/2013_H5N1,0.421818,0.297142,-0.172993,-0.017072,NS1
2107_A/Xinjiang/1/2009_H5,A/Xinjiang/1/2009_H5N1,0.377788,0.297083,-0.146781,0.031432,NS1
2108_A/avian/Hong_Kong/07,A/avian/Hong_Kong/0719/2007_H5N1,0.378051,0.272569,-0.130639,0.028583,NS1
2109_A/avian/Hong_Kong/19,A/avian/Hong_Kong/1993/2007_H5N1,0.372237,0.276989,-0.123833,0.032984,NS1
2110_A/avian/Hong_Kong/23,A/avian/Hong_Kong/2372/2007_H5N1,0.375486,0.289793,-0.126631,0.039932,NS1
2111_A/bar-headed_goose/Q,A/bar-headed_goose/Qinghai/1-HVRI/2006_H5N1,0.313921,0.264587,-0.081252,0.09091,NS1
2112_A/bar-headed_goose/T,A/bar-headed_goose/Tibet/8/2006_H5N1,0.297973,0.273955,-0.106668,0.063359,NS1
2113_A/brown-headed_gull/,A/brown-headed_gull/Qinghai/19/2009_H5N1,0.365054,0.275773,-0.140779,-0.000068,NS1
2114_A/brown-headed_gull/,A/brown-headed_gull/Qinghai/9/2009_H5N1,0.365054,0.275773,-0.140779,-0.000068,NS1
2115_A/chicken/China/Cang,A/chicken/China/Cangzhou03/2023_H5N1,0.074757,-0.214027,0.045735,0.097953,NS1
2116_A/chicken/China/E93/,A/chicken/China/E93/2012_H5N1,0.297294,0.20663,-0.085171,0.026529,NS1
2117_A/chicken/China/E96/,A/chicken/China/E96/2012_H5N1,0.305721,0.207313,-0.07129,0.027768,NS1
2118_A/chicken/Eastern_Ch,A/chicken/Eastern_China/ZG16/2010_H5N1,0.353406,0.277528,-0.096761,0.059696,NS1
2119_A/chicken/Eastern_Ch,A/chicken/Eastern_China/ZG56/2011_H5N1,0.353451,0.279658,-0.088924,0.060251,NS1
2120_A/chicken/Fujian/1/2,A/chicken/Fujian/1/2007_H5N1,0.384899,0.333046,-0.162274,0.007401,NS1
2121_A/chicken/Gansu/5/20,A/chicken/Gansu/5/2012_H5N1,0.315016,0.199089,-0.10044,0.0147,NS1
2122_A/chicken/Gansu/6/20,A/chicken/Gansu/6/2012_H5N1,0.287952,0.144316,-0.104194,0.037373,NS1
2123_A/chicken/Guangdong/,A/chicken/Guangdong/1/2005_H5N1,0.321715,0.245611,-0.088915,0.026876,NS1
2124_A/chicken/Guangxi/S2,A/chicken/Guangxi/S2039/2009_H5N1,0.255241,0.299369,-0.113589,-0.060938,NS1
2125_A/chicken/Guizhou/7/,A/chicken/Guizhou/7/2008_H5N1,0.362073,0.339269,-0.157426,0.068428,NS1
2126_A/chicken/Hebei/A-8/,A/chicken/Hebei/A-8/2009_H5N1,0.375838,0.20287,-0.174344,0.051694,NS1
2127_A/chicken/Henan/A-7/,A/chicken/Henan/A-7/2006_H5N1,0.331401,0.231234,-0.103575,0.024674,NS1
2128_A/chicken/Huadong/4/,A/chicken/Huadong/4/2008_H5N1,0.368762,0.181559,-0.152754,0.066364,NS1
2129_A/chicken/Hubei/2856,A/chicken/Hubei/2856/2007_H5N1,0.372675,0.307114,-0.179297,0.017227,NS1
2130_A/chicken/Hunan/1793,A/chicken/Hunan/1793/2007_H5N1,0.379679,0.31063,-0.152643,0.079169,NS1
2131_A/chicken/Hunan/21/2,A/chicken/Hunan/21/2005_H5N1,0.397491,0.308892,-0.156123,0.023018,NS1
2132_A/chicken/Hunan/3/20,A/chicken/Hunan/3/2007_H5N1,0.394725,0.32371,-0.159808,0.014756,NS1
2133_A/chicken/Hunan/3157,A/chicken/Hunan/3157/2006_H5N1,0.381332,0.311552,-0.183014,0.014771,NS1
2134_A/chicken/Hunan/8/20,A/chicken/Hunan/8/2008_H5N1,0.38747,0.323615,-0.154414,0.012346,NS1
2135_A/chicken/Jiangsu/18,A/chicken/Jiangsu/18/2008_H5N1,0.382423,0.198629,-0.165199,0.067419,NS1
2136_A/chicken/Jiangsu/24,A/chicken/Jiangsu/2477/2014_H5N1,0.427064,0.281504,-0.175626,-0.020927,NS1
2137_A/chicken/Jiangsu/92,A/chicken/Jiangsu/927/2013_H5N1,0.412894,0.286724,-0.213845,-0.011692,NS1
2138_A/chicken/Jiangsu/YB,A/chicken/Jiangsu/YB7/2015_H5N1,0.339843,0.213664,-0.113176,-0.012609,NS1
2139_A/chicken/Jiangsu/k0,A/chicken/Jiangsu/k0402/2010_H5N1,0.353498,0.28227,-0.133455,0.019091,NS1
2140_A/chicken/Jiangxi/25,A/chicken/Jiangxi/25/2011_H5N1,0.386187,0.303379,-0.159372,0.039712,NS1
2141_A/chicken/Liaoning/2,A/chicken/Liaoning/23/2005_H5N1,0.321343,0.253762,-0.098384,0.048169,NS1
2142_A/chicken/Liaoning/A,A/chicken/Liaoning/A-1/2007_H5N1,0.378704,0.256874,-0.127826,0.075042,NS1
2143_A/chicken/Liaoning/S,A/chicken/Liaoning/S4092/2011_H5N1,0.30745,0.203259,-0.086732,0.026633,NS1
2144_A/chicken/Ningxia/2/,A/chicken/Ningxia/2/2012_H5N1,0.315016,0.199089,-0.10044,0.0147,NS1
2145_A/chicken/Ningxia/22,A/chicken/Ningxia/222/2012_H5N1,0.315016,0.199089,-0.10044,0.0147,NS1
2146_A/chicken/Ningxia/24,A/chicken/Ningxia/24/2006_H5N1,0.258863,0.238425,-0.064769,-0.003859,NS1
2147_A/chicken/North_Chin,A/chicken/North_China/k0604/2010_H5N1,0.359646,0.326821,-0.134344,0.065648,NS1
2148_A/chicken/Shandong/A,A/chicken/Shandong/A-10/2006_H5N1,0.390946,0.267182,-0.143618,0.075561,NS1
2149_A/chicken/Shantou/37,A/chicken/Shantou/3744/2003_H5N1,0.405902,0.240998,-0.135888,0.051625,NS1
2150_A/chicken/Shanxi/10/,A/chicken/Shanxi/10/2006_H5N1,0.37764,0.189617,-0.163327,0.079823,NS1
2151_A/chicken/Sheny/0606,A/chicken/Sheny/0606/2008_H5N1,0.360508,0.227121,-0.133527,0.06411,NS1
2152_A/chicken/Sichuan/81,A/chicken/Sichuan/81/2005_H5N1,0.401106,0.263826,-0.156503,-0.012921,NS1
2153_A/chicken/Wuhan/HAQL,A/chicken/Wuhan/HAQL07/2014_H5N1,0.340982,0.20641,-0.124148,-0.032328,NS1
2154_A/chicken/Wuhan/HAQL,A/chicken/Wuhan/HAQL16/2014_H5N1,0.339843,0.213664,-0.113176,-0.012609,NS1
2155_A/chicken/Wuxi/WX-32,A/chicken/Wuxi/WX-32/2013_H5N1,0.422778,0.294468,-0.176617,-0.012201,NS1
2156_A/chicken/Wuxi/WX-33,A/chicken/Wuxi/WX-33/2013_H5N1,0.415382,0.297153,-0.169212,-0.013639,NS1
2157_A/chicken/Xinjiang/1,A/chicken/Xinjiang/17/2005_H5N1,0.35803,0.253011,-0.098918,0.078272,NS1
2158_A/chicken/Xinjiang/2,A/chicken/Xinjiang/27/2006_H5N1,0.386288,0.234199,-0.136688,0.046789,NS1
2159_A/chicken/Xinjiang/5,A/chicken/Xinjiang/53/2005_H5N1,0.386622,0.239999,-0.130923,0.045971,NS1
2160_A/chicken/Xinjiang/5,A/chicken/Xinjiang/54/2005_H5N1,0.394117,0.241054,-0.121955,0.077498,NS1
2161_A/chicken/Xinjiang/6,A/chicken/Xinjiang/67/2005_H5N1,0.386622,0.239999,-0.130923,0.045971,NS1
2162_A/chicken/Xinjiang/6,A/chicken/Xinjiang/68/2005_H5N1,0.372784,0.248474,-0.112847,0.085377,NS1
2163_A/chicken/Yunnan/1/2,A/chicken/Yunnan/1/2014_H5N1,0.343517,0.279111,-0.093291,-0.002039,NS1
2164_A/chicken/Yunnan/207,A/chicken/Yunnan/207/2004_H5N1,0.392674,0.280148,-0.150974,0.045515,NS1
2165_A/chicken/Yunnan/568,A/chicken/Yunnan/5686/2003_H5N1,0.385924,0.274914,-0.147656,0.037209,NS1
2166_A/chicken/Yunnan/679,A/chicken/Yunnan/6797/2003_H5N1,0.384922,0.268207,-0.149503,0.04881,NS1
2167_A/chicken/Yunnan/688,A/chicken/Yunnan/6885/2003_H5N1,0.385924,0.274914,-0.147656,0.037209,NS1
2168_A/condor/Guangdong/1,A/condor/Guangdong/139/2003_H5N1,0.368686,0.303156,-0.132459,0.089062,NS1
2169_A/domestic_green-win,A/domestic_green-winged_teal/Hunan/3450/2006_H5N1,0.046773,-0.166766,0.027015,0.029,NS1
2170_A/duck/Anhui/56/2005,A/duck/Anhui/56/2005_H5N1,0.365544,0.310818,-0.156833,0.054665,NS1
2171_A/duck/China/0935/20,A/duck/China/0935/2017_H5N1,0.420924,0.279932,-0.18974,-0.03497,NS1
2172_A/duck/China/1033/20,A/duck/China/1033/2017_H5N1,0.420924,0.279932,-0.18974,-0.03497,NS1
2173_A/duck/China/E26/201,A/duck/China/E26/2012_H5N1,0.379465,0.274595,-0.14312,0.033636,NS1
2174_A/duck/China/E53/201,A/duck/China/E53/2012_H5N1,0.398096,0.322421,-0.168298,0.000101,NS1
2175_A/duck/Eastern_China,A/duck/Eastern_China/057/2007_H5N1,0.388161,0.341204,-0.162512,0.015249,NS1
2176_A/duck/Eastern_China,A/duck/Eastern_China/108/2008_H5N1,0.36996,0.265776,-0.146101,0.0404,NS1
2177_A/duck/Eastern_China,A/duck/Eastern_China/909/2009_H5N1,0.372673,0.268298,-0.142939,0.057397,NS1
2178_A/duck/Guangdong/23/,A/duck/Guangdong/23/2004_H5N1,0.376487,0.283004,-0.143577,0.033571,NS1
2179_A/duck/Hubei/2911/20,A/duck/Hubei/2911/2007_H5N1,0.394839,0.289644,-0.146277,0.056785,NS1
2180_A/duck/Hubei/49/2005,A/duck/Hubei/49/2005_H5N1,0.392324,0.303814,-0.163331,0.013759,NS1
2181_A/duck/Hubei/xn/2007,A/duck/Hubei/xn/2007_H5N1,0.399465,0.308923,-0.158922,0.02071,NS1
2182_A/duck/Hunan/3/2007_,A/duck/Hunan/3/2007_H5N1,0.394725,0.32371,-0.159808,0.014756,NS1
2183_A/duck/Hunan/316/200,A/duck/Hunan/316/2005_H5N1,0.401803,0.298201,-0.14149,0.026779,NS1
2184_A/duck/Hunan/3315/20,A/duck/Hunan/3315/2006_H5N1,0.385274,0.307354,-0.163817,0.058467,NS1
2185_A/duck/Hunan/689/200,A/duck/Hunan/689/2006_H5N1,0.380235,0.300543,-0.186753,0.034027,NS1
2186_A/duck/Hunan/733/200,A/duck/Hunan/733/2004_H5N1,0.391998,0.294328,-0.14022,0.043222,NS1
2187_A/duck/Hunan/8/2008_,A/duck/Hunan/8/2008_H5N1,0.38107,0.29328,-0.112596,0.044805,NS1
2188_A/duck/Hunan/S4020/2,A/duck/Hunan/S4020/2008_H5N1,0.354891,0.274315,-0.110123,0.016417,NS1
2189_A/duck/Hunan/S4030/2,A/duck/Hunan/S4030/2011_H5N1,0.356024,0.256635,-0.116882,0.036027,NS1
2190_A/duck/Hunan/S4150/2,A/duck/Hunan/S4150/2011_H5N1,0.359815,0.261781,-0.12443,0.035682,NS1
2191_A/duck/Hunan/S4220/2,A/duck/Hunan/S4220/2011_H5N1,0.383713,0.296633,-0.125025,0.005155,NS1
2192_A/duck/Jiangxi/120/2,A/duck/Jiangxi/120/2011_H5N1,0.338359,0.286209,-0.105051,0.055521,NS1
2193_A/duck/Jiangxi/130/2,A/duck/Jiangxi/130/2011_H5N1,0.341875,0.215015,-0.15575,0.045162,NS1
2194_A/duck/Jiangxi/34/20,A/duck/Jiangxi/34/2011_H5N1,0.386187,0.303379,-0.159372,0.039712,NS1
2195_A/duck/Jiangxi/35/20,A/duck/Jiangxi/35/2011_H5N1,0.368627,0.304579,-0.139686,0.050812,NS1
2196_A/duck/Jiangxi/44/20,A/duck/Jiangxi/44/2011_H5N1,0.187499,0.149762,-0.076859,0.00321,NS1
2197_A/duck/Jiangxi/80/20,A/duck/Jiangxi/80/2005_H5N1,0.401694,0.314496,-0.159636,0.024218,NS1
2198_A/duck/Jilin/JL-SIV/,A/duck/Jilin/JL-SIV/2013_H5N1,0.341815,0.152969,-0.220502,0.006855,NS1
2199_A/duck/Nanchang/9789,A/duck/Nanchang/9789/2013_H5N1,0.364316,0.296884,-0.123235,0.013633,NS1
2200_A/duck/Shandong/009/,A/duck/Shandong/009/2008_H5N1,0.383016,0.258805,-0.143398,0.015432,NS1
2201_A/duck/Sichuan/NCXN1,A/duck/Sichuan/NCXN10/2014_H5N1,0.364672,0.274198,-0.104742,-0.026333,NS1
2202_A/duck/Sichuan/NCXN1,A/duck/Sichuan/NCXN11/2014_H5N1,0.353808,0.272002,-0.114602,-0.019799,NS1
2203_A/duck/Wenzhou/YJYF3,A/duck/Wenzhou/YJYF33/2015_H5N1,0.337047,0.195921,-0.14001,-0.037037,NS1
2204_A/duck/Yunnan/4072/2,A/duck/Yunnan/4072/2003_H5N1,0.382504,0.276974,-0.147986,0.038815,NS1
2205_A/duck/Yunnan/426/20,A/duck/Yunnan/426/2004_H5N1,0.389094,0.273024,-0.146746,0.042129,NS1
2206_A/duck/Yunnan/4645/2,A/duck/Yunnan/4645/2003_H5N1,0.385924,0.274914,-0.147656,0.037209,NS1
2207_A/duck/Yunnan/47/200,A/duck/Yunnan/47/2006_H5N1,0.395329,0.322392,-0.15972,0.008914,NS1
2208_A/duck/Yunnan/485/20,A/duck/Yunnan/485/2004_H5N1,0.392674,0.280148,-0.150974,0.045515,NS1
2209_A/duck/Yunnan/4873/2,A/duck/Yunnan/4873/2006_H5N1,0.391222,0.31036,-0.142136,0.013724,NS1
2210_A/duck/Yunnan/5090/2,A/duck/Yunnan/5090/2003_H5N1,0.385924,0.274914,-0.147656,0.037209,NS1
2211_A/duck/Yunnan/5169/2,A/duck/Yunnan/5169/2003_H5N1,0.385924,0.274914,-0.147656,0.037209,NS1
2212_A/duck/Yunnan/522/20,A/duck/Yunnan/522/2004_H5N1,0.389094,0.273024,-0.146746,0.042129,NS1
2213_A/duck/Yunnan/5310/2,A/duck/Yunnan/5310/2006_H5N1,0.403457,0.235431,-0.126296,0.002292,NS1
2214_A/duck/Yunnan/5948/2,A/duck/Yunnan/5948/2003_H5N1,0.385924,0.274914,-0.147656,0.037209,NS1
2215_A/duck/Yunnan/6080/2,A/duck/Yunnan/6080/2003_H5N1,0.385924,0.274914,-0.147656,0.037209,NS1
2216_A/duck/Yunnan/6603/2,A/duck/Yunnan/6603/2003_H5N1,0.385924,0.274914,-0.147656,0.037209,NS1
2217_A/duck/Zhejiang/1220,A/duck/Zhejiang/1220092/2014_H5N1,0.344396,0.224478,-0.125499,-0.004957,NS1
2218_A/duck/Zhejiang/213/,A/duck/Zhejiang/213/2011_H5N1,0.406268,0.297388,-0.16877,-0.021184,NS1
2219_A/duck/Zhejiang/224/,A/duck/Zhejiang/224/2011_H5N1,0.41037,0.310987,-0.161638,0.021151,NS1
2220_A/duck/Zhejiang/2242,A/duck/Zhejiang/2242/2011_H5N1,0.41037,0.310987,-0.161638,0.021151,NS1
2221_A/duck/Zhejiang/2243,A/duck/Zhejiang/2243/2011_H5N1,0.41037,0.310987,-0.161638,0.021151,NS1
2222_A/duck/Zhejiang/2244,A/duck/Zhejiang/2244/2011_H5N1,0.41037,0.310987,-0.161638,0.021151,NS1
2223_A/duck/Zhejiang/2245,A/duck/Zhejiang/2245/2011_H5N1,0.344058,0.274452,-0.147732,0.031311,NS1
2224_A/duck/Zhejiang/2248,A/duck/Zhejiang/2248/2011_H5N1,0.41037,0.310987,-0.161638,0.021151,NS1
2225_A/equine/China/61/20,A/equine/China/61/2010_H5N1,0.39123,0.324098,-0.150983,0.013671,NS1
2226_A/equine/China/67/20,A/equine/China/67/2010_H5N1,0.39123,0.324098,-0.150983,0.013671,NS1
2227_A/equine/China/68/20,A/equine/China/68/2010_H5N1,0.39123,0.324098,-0.150983,0.013671,NS1
2228_A/goose/China/E43/20,A/goose/China/E43/2012_H5N1,0.37903,0.297161,-0.162291,0.016335,NS1
2229_A/goose/Eastern_Chin,A/goose/Eastern_China/223/2008_H5N1,0.395957,0.315249,-0.16692,0.015747,NS1
2230_A/goose/GuangDong/11,A/goose/GuangDong/1189/2023_H5N1,0.168023,0.200398,-0.071611,0.056249,NS1
2231_A/goose/Guangdong/72,A/goose/Guangdong/72/2004_H5N1,0.318059,0.257156,-0.086377,0.061915,NS1
2232_A/goose/Hubei/65/200,A/goose/Hubei/65/2005_H5N1,0.382141,0.313342,-0.160454,0.018191,NS1
2233_A/goose/Inner_Mongol,A/goose/Inner_Mongolia/IM-192/2014_H5N1,0.36914,0.178541,-0.139604,0.053036,NS1
2234_A/goose/Jiangsu/k040,A/goose/Jiangsu/k0403/2010_H5N1,0.350525,0.280901,-0.137366,0.016526,NS1
2235_A/goose/Yunnan/3798/,A/goose/Yunnan/3798/2006_H5N1,0.390376,0.316433,-0.143091,0.0267,NS1
2236_A/goose/Yunnan/4371/,A/goose/Yunnan/4371/2006_H5N1,0.394778,0.312054,-0.145276,0.012335,NS1
2237_A/goose/Yunnan/4389/,A/goose/Yunnan/4389/2006_H5N1,0.394778,0.312054,-0.145276,0.012335,NS1
2238_A/goose/Yunnan/4985/,A/goose/Yunnan/4985/2006_H5N1,0.391222,0.31036,-0.142136,0.013724,NS1
2239_A/goose/Yunnan/5141/,A/goose/Yunnan/5141/2006_H5N1,0.395992,0.313198,-0.160306,0.037771,NS1
2240_A/goose/Yunnan/5769/,A/goose/Yunnan/5769/2006_H5N1,0.393345,0.230877,-0.121958,0.020745,NS1
2241_A/goose/Yunnan/5979/,A/goose/Yunnan/5979/2006_H5N1,0.401814,0.232428,-0.136965,0.012801,NS1
2242_A/goose/Yunnan/6193/,A/goose/Yunnan/6193/2006_H5N1,0.391315,0.314553,-0.145692,0.020578,NS1
2243_A/goose/Zhejiang/112,A/goose/Zhejiang/112071/2014_H5N1,0.416646,0.285492,-0.162538,-0.003572,NS1
2244_A/goose/Zhejiang/727,A/goose/Zhejiang/727098/2014_H5N1,0.418851,0.273919,-0.169277,0.018708,NS1
2245_A/great_black-headed,A/great_black-headed_gull/Qinghai/8/2009_H5N1,0.365873,0.26168,-0.141117,0.017296,NS1
2246_A/great_crested-greb,A/great_crested-grebe/Qinghai/1/2009_H5N1,0.360549,0.27757,-0.130275,0.016863,NS1
2247_A/great_egret/Hong_K,A/great_egret/Hong_Kong/807/2008_H5N1,0.392953,0.313494,-0.165509,0.03758,NS1
2248_A/great_tit/Panjing/,A/great_tit/Panjing/PJ-66/2013_H5N1,0.348137,0.250839,-0.101305,0.053425,NS1
2249_A/grey_heron/Hong_Ko,A/grey_heron/Hong_Kong/1046/2008_H5N1,0.390677,0.31622,-0.165176,0.03121,NS1
2250_A/grey_heron/Hong_Ko,A/grey_heron/Hong_Kong/3088/2007_H5N1,0.390527,0.319154,-0.163053,0.032236,NS1
2251_A/hill_myna/Heilongj,A/hill_myna/Heilongjiang/0704/2012_H5N1,0.423699,0.297138,-0.172469,-0.022673,NS1
2252_A/lesser_kestrel/Hei,A/lesser_kestrel/Heilongjiang/194/2007_H5N1,0.384452,0.304429,-0.162778,0.038511,NS1
2253_A/lion/Hubei/1-2/201,A/lion/Hubei/1-2/2016_H5N1,0.348559,0.22237,-0.113054,-0.007322,NS1
2254_A/little_egret/Hong_,A/little_egret/Hong_Kong/8550/2007_H5N1,0.395941,0.32289,-0.160631,0.01754,NS1
2255_A/magpie_robin/Hong_,A/magpie_robin/Hong_Kong/1097/2008_H5N1,0.390527,0.319154,-0.163053,0.032236,NS1
2256_A/magpie_robin/Hong_,A/magpie_robin/Hong_Kong/1897/2008_H5N1,0.387972,0.316136,-0.160599,0.025882,NS1
2257_A/meerkat/Shanghai/S,A/meerkat/Shanghai/SH-1/2012_H5N1,0.420201,0.300482,-0.174008,-0.017879,NS1
2258_A/mink/China/G/2015_,A/mink/China/G/2015_H5N1,0.376723,0.313,-0.160923,0.034383,NS1
2259_A/mink/China/XB/2015,A/mink/China/XB/2015_H5N1,0.346358,0.228563,-0.116822,-0.01082,NS1
2260_A/mink/Eastern_China,A/mink/Eastern_China/0712/2018_H5N1,0.132239,0.069761,-0.014701,0.177459,NS1
2261_A/ostrich/Suzhou/097,A/ostrich/Suzhou/097/2003_H5N1,0.39604,0.249521,-0.133767,0.016434,NS1
2262_A/parrot/Guangdong/C,A/parrot/Guangdong/C99/2005_H5N1,0.387825,0.279783,-0.142463,0.053263,NS1
2263_A/partridge/Shantou/,A/partridge/Shantou/2886/2003_H5N1,0.374548,0.206504,-0.109701,0.016503,NS1
2264_A/peacock/Yunnan/1/2,A/peacock/Yunnan/1/2015_H5N1,0.348689,0.226322,-0.120868,-0.025854,NS1
2265_A/peacock/Yunnan/3/2,A/peacock/Yunnan/3/2015_H5N1,0.348689,0.226322,-0.120868,-0.025854,NS1
2266_A/peregrine_falcon/H,A/peregrine_falcon/Hong_Kong/2142/2008_H5N1,0.376899,0.329763,-0.146709,-0.004807,NS1
2267_A/pheasant/Shantou/3,A/pheasant/Shantou/3535/2003_H5N1,0.391999,0.233917,-0.10525,0.063663,NS1
2268_A/pheasant/Shantou/4,A/pheasant/Shantou/4567/2002_H5N1,0.387845,0.286414,-0.141225,0.04972,NS1
2269_A/pied_megpie/Liaoni,A/pied_megpie/Liaoning/7/2006_H5N1,0.321343,0.253762,-0.098384,0.048169,NS1
2270_A/pigeon/Hubei/RP25/,A/pigeon/Hubei/RP25/2012_H5N1,0.33768,0.296605,-0.150565,0.009425,NS1
2271_A/pigeon/Sichuan/NCX,A/pigeon/Sichuan/NCXN29/2014_H5N1,0.353808,0.272002,-0.114602,-0.019799,NS1
2272_A/pigeon/Zhejiang/11,A/pigeon/Zhejiang/112089/2014_H5N1,0.416646,0.285492,-0.162538,-0.003572,NS1
2273_A/pigeon/Zhejiang/11,A/pigeon/Zhejiang/112090/2014_H5N1,0.420718,0.286701,-0.157949,-0.00978,NS1
2274_A/pigeon/Zhejiang/72,A/pigeon/Zhejiang/727097/2014_H5N1,0.403436,0.290431,-0.146886,0.01324,NS1
2275_A/plateau_pika/Qingh,A/plateau_pika/Qinghai/04/2007_H5N1,0.23239,0.208582,-0.080552,0.064118,NS1
2276_A/quail/Guangxi/11/2,A/quail/Guangxi/11/2002_H5N1,0.372663,0.254859,-0.105956,0.061238,NS1
2277_A/quail/Guangxi/12/2,A/quail/Guangxi/12/2002_H5N1,0.391281,0.248486,-0.090322,0.072554,NS1
2278_A/quail/Guangxi/13/2,A/quail/Guangxi/13/2002_H5N1,0.356385,0.258706,-0.117538,0.056529,NS1
2279_A/quail/Nanchang/663,A/quail/Nanchang/6631/2013_H5N1,0.364316,0.296884,-0.123235,0.013633,NS1
2280_A/shrike/Tibet/13/20,A/shrike/Tibet/13/2006_H5N1,0.414707,0.262706,-0.156425,-0.009148,NS1
2281_A/silky_chicken/Shan,A/silky_chicken/Shantou/475/2004_H5N1,0.37632,0.293068,-0.149666,0.044266,NS1
2282_A/swan/Shanghai/10/2,A/swan/Shanghai/10/2009_H5N1,0.374894,0.297824,-0.149584,-0.004812,NS1
2283_A/swine/Guangxi/592/,A/swine/Guangxi/592/2011_H5N1,0.379856,0.325389,-0.177124,0.033758,NS1
2284_A/swine/Jiangsu/1/20,A/swine/Jiangsu/1/2008_H5N1,0.356321,0.179647,-0.149626,0.05213,NS1
2285_A/swine/Jiangsu/2/20,A/swine/Jiangsu/2/2009_H5N1,0.342508,0.1461,-0.189977,-0.008044,NS1
2286_A/swine/Shandong/SD1,A/swine/Shandong/SD1/2014_H5N1,0.376773,0.234667,-0.136072,0.036573,NS1
2287_A/swine/Zhejiang/SW5,A/swine/Zhejiang/SW57/2015_H5N1,0.418851,0.273919,-0.169277,0.018708,NS1
2288_A/tiger/Yunnan/tig14,A/tiger/Yunnan/tig1404/2014_H5N1,0.376178,0.254794,-0.092597,-0.021481,NS1
2289_A/tiger/Yunnan/tig14,A/tiger/Yunnan/tig1412/2014_H5N1,0.374064,0.293161,-0.104824,0.020866,NS1
2290_A/tiger/Yunnan/tig15,A/tiger/Yunnan/tig1508/2015_H5N1,0.34978,0.241476,-0.122233,-0.00944,NS1
2291_A/turtle_dove/Guangd,A/turtle_dove/Guangdong/300/2005_H5N1,0.400988,0.31514,-0.165621,0.030453,NS1
2292_A/waterfowl/Hong_Kon,A/waterfowl/Hong_Kong/378.5/2001_H5N1,0.399904,0.219446,-0.089179,0.060513,NS1
2293_A/wild_duck/Fujian/1,A/wild_duck/Fujian/1/2011_H5N1,0.385714,0.294013,-0.154335,-0.003658,NS1
2294_A/wild_duck/Fujian/2,A/wild_duck/Fujian/2/2011_H5N1,0.385714,0.294013,-0.154335,-0.003658,NS1
2295_A/wild_duck/Jilin/HF,A/wild_duck/Jilin/HF/2011_H5N1,0.324806,0.266894,-0.107924,0.018701,NS1
2296_A/wild_duck/Jilin/ZF,A/wild_duck/Jilin/ZF/2011_H5N1,0.361964,0.258131,-0.130677,0.030673,NS1
2297_A/wild_duck/Liaoning,A/wild_duck/Liaoning/8/2006_H5N1,0.32108,0.250029,-0.096582,0.049394,NS1
2298_A/wild_duck/Shandong,A/wild_duck/Shandong/1/2011_H5N1,0.291573,0.197722,-0.077906,0.026822,NS1
2299_A/wild_duck/Shandong,A/wild_duck/Shandong/2/2011_H5N1,0.3738,0.278219,-0.130716,0.046044,NS1
2300_A/wild_duck/Shandong,A/wild_duck/Shandong/628/2011_H5N1,0.315535,0.255534,-0.137571,0.000989,NS1
2301_A/Hong_Kong/486/97,A/Indonesia/5/2005,-0.034855,0.087192,0.204819,0.055384,PA
2302_A/Hong_Kong/538/97,A/Hong Kong/483/1997,-0.028643,0.088136,0.2039,0.057251,PA
2303_A/Indonesia/5/2005,A/Hong Kong/482/97,-0.057347,0.054799,0.175987,0.041506,PA
2304_A/Pheasant/Hong_Kong,A/Chicken/HongKong/FY150/01,-0.057934,0.05744,0.199691,0.045851,PA
2305_A/Thailand/16/2004,A/Chicken/HongKong/YU822.2/01,-0.046678,0.044771,0.176252,0.045895,PA
2306_A/chicken/Indonesia/,A/Chicken/HongKong/YU562/01,-0.042099,0.066301,0.16429,0.02842,PA
2307_A/Chicken/HongKong/F,A/Pheasant/Hong Kong/FY155/01,-0.054321,0.04465,0.178389,0.048156,PA
2308_A/Chicken/HongKong/Y,A/Hong Kong/486/97,-0.071415,0.077046,0.14098,0.080183,PA
2309_A/Chicken/HongKong/Y,A/Thailand/16/2004,-0.052839,0.053345,0.177599,0.049209,PA
2310_A/chicken/Korea/ES/0,A/Hong Kong/538/97,-0.095416,0.093293,0.24915,0.088972,PA
2311_A/Vietnam/UT3062/200,A/chicken/Indonesia/7/2003,-0.043442,0.045186,0.182988,0.044102,PA
2312_A/Hong_Kong/156/97,A/chicken/Korea/ES/03,-0.033466,0.083301,0.202521,0.061326,PA
2313_A/whooper_swan/Mongo,A/Hong Kong/156/97,-0.033452,0.056665,0.175773,0.037224,PA
2314_A/Hong_Kong/483/1997,A/whooper swan/Mongolia/244/2005,-0.011177,0.063435,0.201617,0.072535,PA
2315_A/Hong_Kong/482/97,A/Vietnam/UT3062/2004,-0.033358,0.085463,0.201911,0.06086,PA
2316_A/Anas_platyrhynchos,A/Anas_platyrhynchos/Chongming/H5N1_1/2024,-0.086012,0.056956,0.198946,0.11206,PA
2317_A/Anas_platyrhynchos,A/Anas_platyrhynchos/Jiujiang/H5N1/2024,-0.086012,0.056956,0.198946,0.11206,PA
2318_A/Anhui/1/2005|EPI_I,A/Anhui/1/2005,-0.080262,0.070869,0.216957,0.115743,PA
2319_A/Anhui/1/2006|EPI_I,A/Anhui/1/2006,-0.095021,0.090469,0.219769,0.092879,PA
2320_A/Anhui/2/2005|EPI_I,A/Anhui/2/2005,-0.081123,0.079852,0.217131,0.113948,PA
2321_A/Anser_cygnoides/Ch,A/Anser_cygnoides/China/P126/2015,-0.106609,0.074244,0.200046,0.135836,PA
2322_A/Anser_fabalis/Jiuj,A/Anser_fabalis/Jiujiang/H5N1/2024,-0.086012,0.056956,0.198946,0.11206,PA
2323_A/Bar-headed_Goose/Q,A/Bar-headed_Goose/Qinghai/BTY2/2015_H5N1,-0.077569,0.07608,0.168412,0.155562,PA
2324_A/Bar-headed_Goose/T,A/Bar-headed_Goose/Tibet/XZ901/2021,-0.047,0.03904,0.202184,0.115693,PA
2325_A/Bar-headed_Goose/T,A/Bar-headed_Goose/Tibet/XZ1131/2021,-0.047,0.03904,0.202184,0.115693,PA
2326_A/Black_faced_Spoonb,A/Black_faced_Spoonbill/AFCD-HKU-22-21944-01009/2022,-0.034983,0.068808,0.202204,0.115992,PA
2327_A/Black_Faced_Spoonb,A/Black_Faced_Spoonbill/Hong_Kong/AFCD-HKU-21-17198.01012/2021,-0.052385,0.050198,0.205639,0.110411,PA
2328_A/Black_Faced_Spoonb,A/Black_Faced_Spoonbill/Hong_Kong/AFCD-HKU-22-21429-01012/2022,-0.029849,0.070675,0.214266,0.128767,PA
2329_A/Black-necked_Grebe,A/Black-necked_Grebe/Inner_Mongolia/Anal_swab4/2015_H5N1,-0.07138,0.073129,0.173872,0.153422,PA
2330_A/Black-necked_Grebe,A/Black-necked_Grebe/Inner_Mongolia/Brain1/2015_H5N1,-0.080097,0.069644,0.176618,0.146276,PA
2331_A/Black-necked_Grebe,A/Black-necked_Grebe/Inner_Mongolia/Brain3/2015_H5N1,-0.084119,0.071822,0.174723,0.146808,PA
2332_A/Black-necked_Grebe,A/Black-necked_Grebe/Inner_Mongolia/Liver3/2015_H5N1,-0.080097,0.069644,0.176618,0.146276,PA
2333_A/Black-necked_Grebe,A/Black-necked_Grebe/Inner_Mongolia/Lung2/2015_H5N1,-0.080097,0.069644,0.176618,0.146276,PA
2334_A/Black-necked_Grebe,A/Black-necked_Grebe/Inner_Mongolia/Lung3-2/2015_H5N1,-0.080097,0.069644,0.176618,0.146276,PA
2335_A/Black-necked_Grebe,A/Black-necked_Grebe/Inner_Mongolia/Oropharynx_swab3/2015_H5N1,-0.084119,0.071822,0.174723,0.146808,PA
2336_A/Black-necked_Grebe,A/Black-necked_Grebe/Inner_Mongolia/Trachea3/2015_H5N1,-0.078688,0.070662,0.175052,0.144764,PA
2337_A/chicken/Anhui/S174,A/chicken/Anhui/S1740/2022(H5N1),-0.034147,0.042388,0.195755,0.121532,PA
2338_A/chicken/China/Cang,A/chicken/China/Cangzhou03/2023,-0.088128,0.056126,0.197708,0.116351,PA
2339_A/chicken/China/E93/,A/chicken/China/E93/2012,-0.079863,0.100304,0.220235,0.091589,PA
2340_A/chicken/China/E96/,A/chicken/China/E96/2012,-0.074759,0.100994,0.223075,0.091955,PA
2341_A/chicken/Gansu/5/20,A/chicken/Gansu/5/2012,-0.081568,0.105902,0.217465,0.103099,PA
2342_A/chicken/Gansu/6/20,A/chicken/Gansu/6/2012,-0.085965,0.102331,0.217638,0.097927,PA
2343_A/chicken/Guangxi/S2,A/chicken/Guangxi/S2039/2009,-0.080018,0.102315,0.193953,0.149126,PA
2344_A/chicken/Hubei/2856,A/chicken/Hubei/2856/2007,-0.088505,0.065428,0.20856,0.10939,PA
2345_A/chicken/Hunan/1793,A/chicken/Hunan/1793/2007,-0.033299,0.048578,0.189196,0.063827,PA
2346_A/chicken/Hunan/3157,A/chicken/Hunan/3157/2006,-0.090092,0.08776,0.215724,0.121399,PA
2347_A/chicken/Hunan/S100,A/chicken/Hunan/S10029/2018(H5N1),-0.038751,0.109352,0.178044,0.154897,PA
2348_A/chicken/Jiangsu/03,A/chicken/Jiangsu/03.17_WX006-P/2015(H5N1),-0.098395,0.084255,0.207989,0.097931,PA
2349_A/chicken/Jiangsu/92,A/chicken/Jiangsu/927/2013,-0.069189,0.087132,0.191145,0.162695,PA
2350_A/chicken/Jiangsu/24,A/chicken/Jiangsu/2477/2014,-0.065126,0.0839,0.170529,0.151005,PA
2351_A/chicken/Jiangsu/k0,A/chicken/Jiangsu/k0402/2010,-0.08486,0.080752,0.223472,0.09118,PA
2352_A/chicken/Jiangsu/SE,A/chicken/Jiangsu/SE2228/2017(H5N1),-0.062359,0.100585,0.144116,0.143788,PA
2353_A/chicken/Jiangsu/YB,A/chicken/Jiangsu/YB7/2015,-0.084039,0.080447,0.202922,0.104702,PA
2354_A/chicken/Jiangxi/25,A/chicken/Jiangxi/25/2011,-0.092839,0.08399,0.193482,0.130837,PA
2355_A/chicken/Jiangxi/S4,A/chicken/Jiangxi/S40653/2021(H5N1),-0.034823,0.038041,0.192365,0.12469,PA
2356_A/chicken/Jilin/04.1,A/chicken/Jilin/04.12_MHK001-O/2015(H5N1),-0.096428,0.073221,0.185909,0.162721,PA
2357_A/chicken/Jilin/04.1,A/chicken/Jilin/04.12_MHK002-O/2015(H5N1),-0.095655,0.070462,0.184352,0.159998,PA
2358_A/chicken/Jilin/04.1,A/chicken/Jilin/04.12_MHK003-O/2015(H5N1),-0.095655,0.070462,0.184352,0.159998,PA
2359_A/chicken/Jilin/04.1,A/chicken/Jilin/04.12_MHK004-O/2015(Mixed),-0.095655,0.070462,0.184352,0.159998,PA
2360_A/chicken/Jilin/04.2,A/chicken/Jilin/04.25_MHK009/2015(H5N1),-0.092037,0.069836,0.179434,0.156451,PA
2361_A/chicken/Jilin/S125,A/chicken/Jilin/S1255/2019(H5N1),-0.067424,0.071568,0.164461,0.140094,PA
2362_A/chicken/Jilin/S127,A/chicken/Jilin/S1271/2019(H5N1),-0.066118,0.072122,0.163668,0.143158,PA
2363_A/chicken/Liaoning/S,A/chicken/Liaoning/S4092/2011,-0.085537,0.107488,0.224402,0.09479,PA
2364_A/chicken/Liaoning/S,A/chicken/Liaoning/SD035/2018(H5N1),-0.07569,0.05709,0.166751,0.13773,PA
2365_A/chicken/Ningxia/2/,A/chicken/Ningxia/2/2012,-0.080059,0.104705,0.216516,0.108714,PA
2366_A/chicken/Ningxia/22,A/chicken/Ningxia/222/2012,-0.080059,0.104705,0.216516,0.108714,PA
2367_A/chicken/Shandong/1,A/chicken/Shandong/12.03_YA-CK/2014(H5N1),-0.091832,0.083195,0.207852,0.096348,PA
2368_A/Chicken/Shandong/J,A/Chicken/Shandong/J01/2009,-0.081512,0.100917,0.19201,0.168711,PA
2369_A/Chicken/Shandong/J,A/Chicken/Shandong/J02/2009,-0.065264,0.099791,0.236154,0.099973,PA
2370_A/Chicken/Shandong/J,A/Chicken/Shandong/J03/2009,-0.081199,0.105546,0.233422,0.099391,PA
2371_A/Chicken/Shandong/J,A/Chicken/Shandong/J04/2009,-0.08784,0.105516,0.22695,0.103014,PA
2372_A/Chicken/Shandong/J,A/Chicken/Shandong/J06/2009,-0.080036,0.070848,0.216186,0.088141,PA
2373_A/chicken/Shanghai/S,A/chicken/Shanghai/S1123/2019(H5N1),-0.083425,0.1087,0.176682,0.161454,PA
2374_A/chicken/Shanghai/S,A/chicken/Shanghai/S4030/2017(H5N1),-0.071522,0.085742,0.166479,0.148475,PA
2375_A/chicken/Wuxi/WX-32,A/chicken/Wuxi/WX-32/2013,-0.072454,0.095286,0.182822,0.155001,PA
2376_A/chicken/Wuxi/WX-33,A/chicken/Wuxi/WX-33/2013,-0.074647,0.096686,0.18451,0.157854,PA
2377_A/chicken/Xinjiang/S,A/chicken/Xinjiang/S1016/2019(H5N1),-0.082834,0.108328,0.172072,0.160794,PA
2378_A/chicken/Xinjiang/S,A/chicken/Xinjiang/S1081/2019(H5N1),-0.094198,0.110852,0.175778,0.166313,PA
2379_A/chicken/Xinjiang/S,A/chicken/Xinjiang/S1170/2019(H5N1),-0.082834,0.108328,0.172072,0.160794,PA
2380_A/chicken/Yunnan/1/2,A/chicken/Yunnan/1/2014,-0.103164,0.075707,0.206479,0.136391,PA
2381_A/condor/Guangdong/1,A/condor/Guangdong/139/2003,-0.062118,0.076392,0.146793,0.039451,PA
2382_A/Curlew/Hong_Kong/A,A/Curlew/Hong_Kong/AFCD-HKU-22-01095.01009/2022,-0.056385,0.058635,0.205983,0.130785,PA
2383_A/Cygnus_columbianus,A/Cygnus_columbianus/Hubei/117/2021,-0.046502,0.064356,0.216579,0.120795,PA
2384_A/Cygnus_columbianus,A/Cygnus_columbianus/Hubei/121/2021,-0.047117,0.065259,0.215315,0.125228,PA
2385_A/Cygnus_columbianus,A/Cygnus_columbianus/Hubei/123/2021,-0.04646,0.062625,0.216223,0.118759,PA
2386_A/Cygnus_columbianus,A/Cygnus_columbianus/Hubei/128/2021,-0.047221,0.058389,0.220845,0.121207,PA
2387_A/domestic_green-win,A/domestic_green-winged_teal/Hunan/3450/2006,-0.062667,0.046841,0.221872,0.087455,PA
2388_A/duck/China/E26/201,A/duck/China/E26/2012,-0.07545,0.073183,0.212507,0.08018,PA
2389_A/duck/China/E53/201,A/duck/China/E53/2012,-0.090597,0.104625,0.202208,0.139987,PA
2390_A/duck/Eastern_China,A/duck/Eastern_China/108/2008,-0.088136,0.070191,0.19299,0.107656,PA
2391_A/duck/Eastern_China,A/duck/Eastern_China/909/2009,-0.060753,0.069587,0.194346,0.082012,PA
2392_A/duck/Fujian/S1233/,A/duck/Fujian/S1233/2018(H5N1),-0.069197,0.096991,0.168592,0.161417,PA
2393_A/duck/Fujian/S1273/,A/duck/Fujian/S1273/2018(H5N1),-0.069197,0.096991,0.168592,0.161417,PA
2394_A/Duck/Fujian/S4146/,A/Duck/Fujian/S4146/2010,-0.089101,0.082105,0.208133,0.133232,PA
2395_A/duck/Guangdong/S45,A/duck/Guangdong/S4518/2021(H5N1),-0.048546,0.044297,0.196997,0.120007,PA
2396_A/duck/Guangdong/S45,A/duck/Guangdong/S4525/2021(H5N1),-0.046304,0.045954,0.197609,0.121568,PA
2397_A/duck/Guizhou/S1321,A/duck/Guizhou/S1321/2022(H5N1),-0.048428,0.0385,0.194231,0.114449,PA
2398_A/duck/Guizhou/S1711,A/duck/Guizhou/S1711/2024(H5N1),-0.080564,0.020641,0.210051,0.11526,PA
2399_A/duck/Hubei/03.06__,A/duck/Hubei/03.06__WHWTZ0155-P/2015(H5N1),-0.08393,0.100329,0.205893,0.123757,PA
2400_A/duck/Hubei/46/2009,A/duck/Hubei/46/2009,-0.01703,0.04357,0.221201,0.050644,PA
2401_A/duck/Hubei/2911/20,A/duck/Hubei/2911/2007,-0.079271,0.074692,0.208651,0.12273,PA
2402_A/duck/Hubei/S4465/2,A/duck/Hubei/S4465/2021(H5N1),-0.034182,0.037976,0.185154,0.124006,PA
2403_A/duck/Hubei/SE128/2,A/duck/Hubei/SE128/2022(H5N1),-0.039646,0.043179,0.193583,0.120124,PA
2404_A/duck/Hubei/SE220/2,A/duck/Hubei/SE220/2022(H5N1),-0.046892,0.0419,0.199187,0.126863,PA
2405_A/duck/Hubei/xn/2007,A/duck/Hubei/xn/2007,-0.091236,0.091754,0.219541,0.091339,PA
2406_A/duck/Hunan/03.07_Y,A/duck/Hunan/03.07_YYGK1L3-OC/2018,-0.054002,0.05217,0.182462,0.099086,PA
2407_A/duck/Hunan/12.07__,A/duck/Hunan/12.07__YYGK44-P/2013(Mixed),-0.064185,0.085897,0.153599,0.133906,PA
2408_A/duck/Hunan/12.07__,A/duck/Hunan/12.07__YYGK97-P/2013(H5N1),-0.070452,0.120174,0.203358,0.158806,PA
2409_A/duck/Hunan/12.07_Y,A/duck/Hunan/12.07_YYGK007-P/2013(H5N1),-0.070452,0.120174,0.203358,0.158806,PA
2410_A/duck/Hunan/12.07_Y,A/duck/Hunan/12.07_YYGK100-P/2013(H5N1),-0.069607,0.104738,0.163117,0.130497,PA
2411_A/duck/Hunan/316/200,A/duck/Hunan/316/2005,-0.070231,0.056678,0.197341,0.107454,PA
2412_A/duck/Hunan/689/200,A/duck/Hunan/689/2006,-0.087057,0.06728,0.213224,0.119001,PA
2413_A/duck/Hunan/3315/20,A/duck/Hunan/3315/2006,-0.089267,0.071819,0.221524,0.110277,PA
2414_A/duck/Hunan/S4020/2,A/duck/Hunan/S4020/2008,-0.071892,0.065248,0.217797,0.123302,PA
2415_A/duck/Hunan/S4030/2,A/duck/Hunan/S4030/2011,-0.057475,0.12532,0.176282,0.132662,PA
2416_A/duck/Hunan/S4150/2,A/duck/Hunan/S4150/2011,-0.073067,0.09828,0.21144,0.090723,PA
2417_A/duck/Hunan/S4220/2,A/duck/Hunan/S4220/2011,-0.086418,0.094233,0.202369,0.132376,PA
2418_A/duck/Jiangsu/S4439,A/duck/Jiangsu/S4439/2017(H5N1),-0.064969,0.078757,0.158614,0.145471,PA
2419_A/duck/Jiangsu/SE112,A/duck/Jiangsu/SE1128/2018(H5N1),-0.069421,0.090578,0.165369,0.140534,PA
2420_A/duck/Jiangxi/34/20,A/duck/Jiangxi/34/2011,-0.097094,0.08588,0.196381,0.136846,PA
2421_A/duck/Jiangxi/35/20,A/duck/Jiangxi/35/2011,-0.083447,0.090963,0.202339,0.130559,PA
2422_A/duck/Jiangxi/44/20,A/duck/Jiangxi/44/2011,-0.019805,0.03057,0.196298,0.090503,PA
2423_A/duck/Jiangxi/120/2,A/duck/Jiangxi/120/2011,-0.060127,0.063056,0.194976,0.114756,PA
2424_A/duck/Jiangxi/130/2,A/duck/Jiangxi/130/2011,-0.078338,0.097286,0.215418,0.082644,PA
2425_A/duck/Jiangxi/S4083,A/duck/Jiangxi/S40833/2021(H5N1),-0.035903,0.039964,0.193003,0.121998,PA
2426_A/duck/Jilin/04.04_S,A/duck/Jilin/04.04_SY002-O/2015(Mixed),-0.087464,0.073286,0.178883,0.156311,PA
2427_A/duck/Jilin/JL-SIV/,A/duck/Jilin/JL-SIV/2013,-0.083382,0.099683,0.198967,0.097303,PA
2428_A/duck/Jilin/S1261/2,A/duck/Jilin/S1261/2019(H5N1),-0.067424,0.071568,0.164461,0.140094,PA
2429_A/duck/Jilin/S4171/2,A/duck/Jilin/S4171/2019(H5N1),-0.076652,0.08084,0.168078,0.14121,PA
2430_A/duck/Nanchang/9789,A/duck/Nanchang/9789/2013,-0.090158,0.090338,0.199162,0.119836,PA
2431_A/duck/Shandong/009/,A/duck/Shandong/009/2008,-0.002405,0.055612,0.191382,0.064736,PA
2432_A/Duck/Shandong/Y01/,A/Duck/Shandong/Y01/2009,-0.078481,0.069071,0.214499,0.094343,PA
2433_A/Duck/Shandong/Y02/,A/Duck/Shandong/Y02/2009,-0.079312,0.07247,0.210901,0.094529,PA
2434_A/duck/Sichuan/NCXN1,A/duck/Sichuan/NCXN10/2014,-0.086418,0.094233,0.202369,0.132376,PA
2435_A/duck/Sichuan/NCXN1,A/duck/Sichuan/NCXN11/2014,-0.119314,0.091697,0.2161,0.131745,PA
2436_A/duck/Xinjiang/S106,A/duck/Xinjiang/S1066/2019(H5N1),-0.082834,0.108328,0.172072,0.160794,PA
2437_A/duck/Xinjiang/S112,A/duck/Xinjiang/S1126/2019(H5N1),-0.083782,0.108107,0.171288,0.160497,PA
2438_A/duck/Zhejiang/1220,A/duck/Zhejiang/1220092/2014,-0.067769,0.090675,0.184892,0.158951,PA
2439_A/duck/Zhejiang/S409,A/duck/Zhejiang/S4091/2017(H5N1),-0.068231,0.101908,0.157804,0.146479,PA
2440_A/equine/China/61/20,A/equine/China/61/2010,-0.07613,0.092519,0.226294,0.105998,PA
2441_A/equine/China/67/20,A/equine/China/67/2010,-0.076756,0.104974,0.221874,0.10981,PA
2442_A/equine/China/68/20,A/equine/China/68/2010,-0.073961,0.088926,0.228556,0.102844,PA
2443_A/Eurasian_Teal/Hong,A/Eurasian_Teal/Hong_Kong/AFCD-HKU-23-14009-01020/2023,-0.043701,0.06602,0.196714,0.134184,PA
2444_A/Eurasian_Teal/Hong,A/Eurasian_Teal/Hong_Kong/AFCD-HKU-23-14383-02001/2023,-0.039994,0.070483,0.203692,0.137186,PA
2445_A/Eurasian_Wigeon/Ho,A/Eurasian_Wigeon/Hong_Kong/AFCD-HKU-23-14484-01001/2023,-0.039994,0.070483,0.203692,0.137186,PA
2446_A/Eurasian_Wigeon/Ho,A/Eurasian_Wigeon/Hong_Kong/AFCD-HKU-23-14524-01009/2023,-0.039994,0.070483,0.203692,0.137186,PA
2447_A/Falco_peregrinus/B,A/Falco_peregrinus/Beijing/1/_2022,-0.044796,0.075541,0.214579,0.141293,PA
2448_A/Fujian/1/2005|EPI_,A/Fujian/1/2005,-0.028589,0.048272,0.196932,0.052494,PA
2449_A/Fujian/1/2007|EPI_,A/Fujian/1/2007,-0.066549,0.095519,0.190588,0.10504,PA
2450_A/Gallinago_Stenura/,A/Gallinago_Stenura/Hong_Kong/AFCD-HKU-23-14383-01014/2023,-0.039994,0.070483,0.203692,0.137186,PA
2451_A/goose/China/E43/20,A/goose/China/E43/2012,-0.085666,0.106258,0.19043,0.121558,PA
2452_A/goose/Guangdong/SH,A/goose/Guangdong/SH7/2013(H5N1),-0.082234,0.069901,0.20319,0.12302,PA
2453_A/goose/Guizhou/S154,A/goose/Guizhou/S1541/2022(H5N1),-0.048362,0.040256,0.193955,0.114194,PA
2454_A/goose/Hunan/SE284/,A/goose/Hunan/SE284/2022(H5N1),-0.035542,0.04455,0.221989,0.121874,PA
2455_A/goose/Inner_Mongol,A/goose/Inner_Mongolia/IM-192/2014,-0.087291,0.108974,0.233407,0.09767,PA
2456_A/goose/Jiangsu/k040,A/goose/Jiangsu/k0403/2010,-0.078623,0.096435,0.212878,0.104563,PA
2457_A/goose/Jilin/S4034/,A/goose/Jilin/S4034/2019(H5N1),-0.066965,0.071923,0.161309,0.145478,PA
2458_A/goose/Shandong/03.,A/goose/Shandong/03.10_HZ/2015(H5N1),-0.068848,0.087422,0.183328,0.157864,PA
2459_A/goose/Shandong/GS/,A/goose/Shandong/GS/2013(H5N1),-0.071256,0.092032,0.182737,0.146901,PA
2460_A/goose/Zhejiang/112,A/goose/Zhejiang/112071/2014,-0.075463,0.085544,0.175864,0.166336,PA
2461_A/goose/Zhejiang/727,A/goose/Zhejiang/727098/2014,-0.07025,0.086523,0.193974,0.161324,PA
2462_A/Great_black-headed,A/Great_black-headed_Gull/Qinghai/YO1/2015_H5N1,-0.077637,0.074255,0.168698,0.155827,PA
2463_A/Great_black-headed,A/Great_black-headed_Gull/Qinghai/YO6/2015_H5N1,-0.077637,0.074255,0.168698,0.155827,PA
2464_A/Great_Cormorant/Hu,A/Great_Cormorant/Hubei/chenhu_V9/2015,-0.084332,0.089132,0.20744,0.104976,PA
2465_A/Great_Cormorant/Hu,A/Great_Cormorant/Hubei/chenhu_V10/2015,-0.083283,0.084808,0.206582,0.107682,PA
2466_A/Great_Cormorant/Hu,A/Great_Cormorant/Hubei/VI128/2015_H5N1,-0.083317,0.085734,0.209059,0.093337,PA
2467_A/Great_Cormorant/Hu,A/Great_Cormorant/Hubei/VI132/2015_H5N1,-0.083317,0.085734,0.209059,0.093337,PA
2468_A/Great_Cormorant/Hu,A/Great_Cormorant/Hubei/VI133/2015_H5N1,-0.078745,0.078161,0.201642,0.094484,PA
2469_A/Guangdong/1/2006|E,A/Guangdong/1/2006,-0.088099,0.082428,0.216477,0.100522,PA
2470_A/Guangdong/1/2008|E,A/Guangdong/1/2008,-0.098645,0.077534,0.213402,0.114808,PA
2471_A/Guangdong/2/2006|E,A/Guangdong/2/2006,-0.07784,0.101487,0.217962,0.109631,PA
2472_A/Guangxi/1/2005|EPI,A/Guangxi/1/2005,-0.074405,0.092202,0.219376,0.106747,PA
2473_A/Guangxi/1/2005|EPI,A/Guangxi/1/2005,-0.074405,0.092202,0.219376,0.106747,PA
2474_A/Guangxi/1/2008|EPI,A/Guangxi/1/2008,-0.085903,0.096895,0.206894,0.109276,PA
2475_A/Guizhou/1/2009|EPI,A/Guizhou/1/2009,-0.064771,0.119554,0.19685,0.108858,PA
2476_A/hill_myna/Heilongj,A/hill_myna/Heilongjiang/0704/2012,-0.082471,0.104512,0.176343,0.152704,PA
2477_A/Hong_Kong/5923/201,A/Hong_Kong/5923/2012,-0.076624,0.069807,0.207762,0.125083,PA
2478_A/Hunan/1/2006|EPI_I,A/Hunan/1/2006,-0.066996,0.094004,0.221622,0.113065,PA
2479_A/Hunan/1/2008|EPI_I,A/Hunan/1/2008,-0.027382,0.033386,0.159797,0.053979,PA
2480_A/Hunan/2/2009|EPI_I,A/Hunan/2/2009,-0.074802,0.108447,0.202617,0.105141,PA
2481_A/Japanese_white-eye,A/Japanese_white-eye/Taoyuan/Q454/2012,-0.076208,0.100005,0.178664,0.153229,PA
2482_A/Jiangsu/1/2007|EPI,A/Jiangsu/1/2007,-0.083527,0.077914,0.212729,0.109232,PA
2483_A/Jiangsu/2/2007|EPI,A/Jiangsu/2/2007,-0.083527,0.077914,0.212729,0.109232,PA
2484_A/Jiangxi/1/2005|EPI,A/Jiangxi/1/2005,-0.026083,0.037974,0.195866,0.047164,PA
2485_A/lesser_kestrel/Hei,A/lesser_kestrel/Heilongjiang/194/2007,-0.08657,0.069424,0.215024,0.121458,PA
2486_A/lion/Hubei/1-2/201,A/lion/Hubei/1-2/2016,-0.094225,0.066733,0.205644,0.101063,PA
2487_A/mallard/Heilongjia,A/mallard/Heilongjiang/HLJ-69/2013,-0.030469,0.065202,0.179181,0.096017,PA
2488_A/mandarin_duck/Heil,A/mandarin_duck/Heilongjiang/HL-1/2021,-0.065278,0.084577,0.228512,0.148018,PA
2489_A/mandarin_duck/Hena,A/mandarin_duck/Henan/426/2021,-0.045047,0.062666,0.217595,0.131182,PA
2490_A/meerkat/Shanghai/S,A/meerkat/Shanghai/SH-1/2012,-0.072747,0.098675,0.181659,0.146681,PA
2491_A/mink/China/G/2015|,A/mink/China/G/2015,-0.09737,0.094163,0.208611,0.127769,PA
2492_A/mink/China/XB/2015,A/mink/China/XB/2015,-0.085415,0.067928,0.203771,0.101615,PA
2493_A/mink/Eastern_China,A/mink/Eastern_China/0712/2018,-0.030512,0.034831,0.102141,0.079488,PA
2494_A/Nanjing/1/2015|EPI,A/Nanjing/1/2015,-0.077296,0.078465,0.200823,0.108756,PA
2495_A/ostrich/Suzhou/097,A/ostrich/Suzhou/097/2003,-0.060267,0.064596,0.194296,0.042103,PA
2496_A/parrot/Guangdong/C,A/parrot/Guangdong/C99/2005,-0.031709,0.048867,0.175099,0.046714,PA
2497_A/peacock/Yunnan/1/2,A/peacock/Yunnan/1/2015,-0.088015,0.072412,0.203673,0.095592,PA
2498_A/peacock/Yunnan/3/2,A/peacock/Yunnan/3/2015,-0.0882,0.073302,0.202168,0.095977,PA
2499_A/pigeon/Hubei/RP25/,A/pigeon/Hubei/RP25/2012,-0.049099,0.093406,0.193734,0.128069,PA
2500_A/pigeon/Jiangsu/12.,A/pigeon/Jiangsu/12.22_TCCX053-P/2014(Mixed),-0.078398,0.082958,0.172723,0.175027,PA
2501_A/pigeon/Jiangxi/S40,A/pigeon/Jiangxi/S40784/2021(H5N1),-0.034754,0.039866,0.192078,0.124425,PA
2502_A/pigeon/Jilin/04.25,A/pigeon/Jilin/04.25_CCHL019-O/2015(H5N1),-0.072381,0.103086,0.184922,0.167116,PA
2503_A/pigeon/Jilin/S4176,A/pigeon/Jilin/S4176/2019(H5N1),-0.079547,0.080686,0.167984,0.148018,PA
2504_A/pigeon/Sichuan/NCX,A/pigeon/Sichuan/NCXN29/2014,-0.119796,0.09152,0.21688,0.127522,PA
2505_A/pigeon/Zhejiang/11,A/pigeon/Zhejiang/112089/2014,-0.072476,0.070895,0.189164,0.160568,PA
2506_A/pigeon/Zhejiang/11,A/pigeon/Zhejiang/112090/2014,-0.067769,0.090675,0.184892,0.158951,PA
2507_A/pigeon/Zhejiang/72,A/pigeon/Zhejiang/727097/2014,-0.071298,0.085755,0.192631,0.16022,PA
2508_A/plateau_pika/Qingh,A/plateau_pika/Qinghai/04/2007,-0.066653,0.095359,0.187291,0.057303,PA
2509_A/quail/Nanchang/663,A/quail/Nanchang/6631/2013,-0.100139,0.093616,0.204137,0.11223,PA
2510_A/Shandong/1/2009|EP,A/Shandong/1/2009,-0.080579,0.080802,0.197357,0.097507,PA
2511_A/Sichuan/1/2006|EPI,A/Sichuan/1/2006,-0.081462,0.077359,0.207303,0.113397,PA
2512_A/Sichuan/2/2006|EPI,A/Sichuan/2/2006,-0.084668,0.078792,0.214654,0.108986,PA
2513_A/Spatula_querquedul,A/Spatula_querquedula/Chongming/H5N1_1/2024,-0.086012,0.056956,0.198946,0.11206,PA
2514_A/swine/Shandong/SD1,A/swine/Shandong/SD1/2014,-0.052076,0.05066,0.177784,0.075052,PA
2515_A/tiger/Yunnan/tig14,A/tiger/Yunnan/tig1404/2014,-0.105082,0.08594,0.209661,0.133015,PA
2516_A/tiger/Yunnan/tig14,A/tiger/Yunnan/tig1412/2014,-0.090363,0.093662,0.197743,0.130283,PA
2517_A/tiger/Yunnan/tig15,A/tiger/Yunnan/tig1508/2015,-0.079059,0.069315,0.194771,0.097465,PA
2518_A/tundra_swan/Fujian,A/tundra_swan/Fujian/SD121/2023(H5N1),-0.033736,0.07261,0.203052,0.142481,PA
2519_A/turtle_dove/Guangd,A/turtle_dove/Guangdong/300/2005,-0.076204,0.071603,0.210542,0.123128,PA
2520_A/turtle_dove/Hunan/,A/turtle_dove/Hunan/S4004/2020(H5N1),-0.085793,0.073845,0.195947,0.105659,PA
2521_A/whooper_swan/Henan,A/whooper_swan/Henan/8/2021,-0.040813,0.06093,0.223017,0.126667,PA
2522_A/whooper_swan/Henan,A/whooper_swan/Henan/14/2021,-0.040813,0.06093,0.223017,0.126667,PA
2523_A/whooper_swan/Henan,A/whooper_swan/Henan/44/2021,-0.040813,0.06093,0.223017,0.126667,PA
2524_A/whooper_swan/Henan,A/whooper_swan/Henan/45/2021,-0.040813,0.06093,0.223017,0.126667,PA
2525_A/whooper_swan/Henan,A/whooper_swan/Henan/46/2021,-0.040813,0.06093,0.223017,0.126667,PA
2526_A/whooper_swan/Henan,A/whooper_swan/Henan/424/2021,-0.045047,0.062666,0.217595,0.131182,PA
2527_A/whooper_swan/Henan,A/whooper_swan/Henan/SMX1/2015(H5N1),-0.075045,0.080333,0.174655,0.158518,PA
2528_A/whooper_swan/Henan,A/whooper_swan/Henan/SMX3/2015(H5N1),-0.075544,0.081017,0.173792,0.157792,PA
2529_A/whooper_swan/Henan,A/whooper_swan/Henan/SMX4/2015(H5N1),-0.072842,0.069603,0.177665,0.155101,PA
2530_A/whooper_swan/Henan,A/whooper_swan/Henan/SMX9/2015(H5N1),-0.075544,0.081017,0.173792,0.157792,PA
2531_A/whooper_swan/Shanx,A/whooper_swan/Shanxi/14/2021,-0.047947,0.065246,0.221674,0.123188,PA
2532_A/whooper_swan/Shanx,A/whooper_swan/Shanxi/20/2021,-0.040813,0.06093,0.223017,0.126667,PA
2533_A/wild_duck/Fujian/1,A/wild_duck/Fujian/1/2011,-0.088965,0.078257,0.216634,0.124939,PA
2534_A/wild_duck/Fujian/2,A/wild_duck/Fujian/2/2011,-0.090261,0.101661,0.199406,0.136949,PA
2535_A/wild_duck/Hebei/SD,A/wild_duck/Hebei/SD012/2021(H5N1),-0.035899,0.058246,0.210004,0.128917,PA
2536_A/wild_duck/Jilin/HF,A/wild_duck/Jilin/HF/2011,-0.077917,0.090142,0.205064,0.092522,PA
2537_A/wild_duck/Jilin/ZF,A/wild_duck/Jilin/ZF/2011,-0.065898,0.101415,0.251888,0.106275,PA
2538_A/wild_duck/Shandong,A/wild_duck/Shandong/1/2011,-0.083517,0.100452,0.233802,0.100777,PA
2539_A/wild_duck/Shandong,A/wild_duck/Shandong/2/2011,-0.080101,0.077563,0.21199,0.088245,PA
2540_A/wild_duck/Shandong,A/wild_duck/Shandong/628/2011,-0.06969,0.076586,0.138789,0.101102,PA
2541_A/Xinjiang/1/2006|EP,A/Xinjiang/1/2006,-0.025899,0.056716,0.16909,0.034377,PA
2542_A/Xinjiang/1/2009|EP,A/Xinjiang/1/2009,-0.093811,0.094377,0.206743,0.087434,PA
2543_A/Zhejiang/1/2006|EP,A/Zhejiang/1/2006,-0.078591,0.069708,0.213114,0.121166,PA
2544_A/Anas_platyrhynchos,A/Anas_platyrhynchos/jiujiang/H5N1/2024_H5N1,-0.086012,0.056956,0.198946,0.11206,PA
2545_A/Anhui/1/2006_H5N1|,A/Anhui/1/2006_H5N1,-0.095021,0.090469,0.219769,0.092879,PA
2546_A/Anhui/1/2007_H5N1|,A/Anhui/1/2007_H5N1,-0.0708,0.057569,0.21283,0.111584,PA
2547_A/Anhui/2/2005_H5N1|,A/Anhui/2/2005_H5N1,-0.081123,0.079852,0.217131,0.113948,PA
2548_A/Anser_cygnoides/Ch,A/Anser_cygnoides/China/P126/2015_H5N1,-0.106609,0.074244,0.200046,0.135836,PA
2549_A/Anser_fabalis/jiuj,A/Anser_fabalis/jiujiang/H5N1/2024_H5N1,-0.086012,0.056956,0.198946,0.11206,PA
2550_A/Anser_fabalis/jiuj,A/Anser_fabalis/jiujiang/H5N1/2024_H5N1,-0.086012,0.056956,0.198946,0.11206,PA
2551_A/Anser_fabalis/jiuj,A/Anser_fabalis/jiujiang/H5N1/2024_H5N1,-0.086012,0.056956,0.198946,0.11206,PA
2552_A/Duck/Jiangxi/631/2,A/Duck/Jiangxi/631/2024_H5N1,-0.042998,0.025161,0.226169,0.103918,PA
2553_A/Guangdong/1/2008_H,A/Guangdong/1/2008_H5N1,-0.098645,0.077534,0.213402,0.114808,PA
2554_A/Guangdong/2/2006_H,A/Guangdong/2/2006_H5N1,-0.07784,0.101487,0.217962,0.109631,PA
2555_A/Guangxi/1/2005_H5N,A/Guangxi/1/2005_H5N1,-0.073136,0.093549,0.21295,0.108395,PA
2556_A/Guangxi/1/2008_H5N,A/Guangxi/1/2008_H5N1,-0.085903,0.096895,0.206894,0.109276,PA
2557_A/Guizhou/1/2009_H5N,A/Guizhou/1/2009_H5N1,-0.064771,0.119554,0.19685,0.108858,PA
2558_A/Hunan/1/2008_H5N1|,A/Hunan/1/2008_H5N1,-0.027382,0.033386,0.159797,0.053979,PA
2559_A/Hunan/2/2009_H5N1|,A/Hunan/2/2009_H5N1,-0.074802,0.108447,0.202617,0.105141,PA
2560_A/Japanese_white-eye,A/Japanese_white-eye/Taoyuan/Q454/2012_H5N1,-0.076208,0.100005,0.178664,0.153229,PA
2561_A/Nanjing/1/2015_H5N,A/Nanjing/1/2015_H5N1,-0.077296,0.078465,0.200823,0.108756,PA
2562_A/Shandong/1/2009_H5,A/Shandong/1/2009_H5N1,-0.080579,0.080802,0.197357,0.097507,PA
2563_A/Spatula_querquedul,A/Spatula_querquedula/chongming/H5N1/2024_H5N1,-0.086012,0.056956,0.198946,0.11206,PA
2564_A/Wild_bird/Huadong/,A/Wild_bird/Huadong/CM120/2017_H5N1,-0.082194,0.085509,0.202042,0.110295,PA
2565_A/Wild_bird/Huadong/,A/Wild_bird/Huadong/DT10/2019_H5N1,-0.069859,0.063594,0.161837,0.149758,PA
2566_A/Wild_bird/Huadong/,A/Wild_bird/Huadong/JYWB4/2013_H5N1,-0.070058,0.087343,0.186363,0.158661,PA
2567_A/Xinjiang/1/2009_H5,A/Xinjiang/1/2009_H5N1,-0.093811,0.094377,0.206743,0.087434,PA
2568_A/avian/Hong_Kong/07,A/avian/Hong_Kong/0719/2007_H5N1,-0.081665,0.093734,0.211118,0.109397,PA
2569_A/avian/Hong_Kong/19,A/avian/Hong_Kong/1993/2007_H5N1,-0.093986,0.095029,0.219276,0.114995,PA
2570_A/avian/Hong_Kong/23,A/avian/Hong_Kong/2372/2007_H5N1,-0.080846,0.097566,0.2122,0.116468,PA
2571_A/bar-headed_goose/Q,A/bar-headed_goose/Qinghai/1-HVRI/2006_H5N1,-0.030087,0.046948,0.180522,0.025955,PA
2572_A/bar-headed_goose/T,A/bar-headed_goose/Tibet/8/2006_H5N1,-0.035419,0.051078,0.174144,0.035074,PA
2573_A/brown-headed_gull/,A/brown-headed_gull/Qinghai/19/2009_H5N1,-0.084242,0.084678,0.224272,0.10884,PA
2574_A/brown-headed_gull/,A/brown-headed_gull/Qinghai/9/2009_H5N1,-0.084933,0.092585,0.22609,0.105121,PA
2575_A/chicken/China/Cang,A/chicken/China/Cangzhou03/2023_H5N1,-0.088128,0.056126,0.197708,0.116351,PA
2576_A/chicken/China/E93/,A/chicken/China/E93/2012_H5N1,-0.079863,0.100304,0.220235,0.091589,PA
2577_A/chicken/China/E96/,A/chicken/China/E96/2012_H5N1,-0.074759,0.100994,0.223075,0.091955,PA
2578_A/chicken/Eastern_Ch,A/chicken/Eastern_China/ZG16/2010_H5N1,-0.065949,0.065832,0.205539,0.110192,PA
2579_A/chicken/Eastern_Ch,A/chicken/Eastern_China/ZG56/2011_H5N1,-0.051843,0.086327,0.198257,0.101582,PA
2580_A/chicken/Fujian/1/2,A/chicken/Fujian/1/2007_H5N1,-0.066549,0.095519,0.190588,0.10504,PA
2581_A/chicken/Gansu/5/20,A/chicken/Gansu/5/2012_H5N1,-0.081568,0.105902,0.217465,0.103099,PA
2582_A/chicken/Gansu/6/20,A/chicken/Gansu/6/2012_H5N1,-0.085965,0.102331,0.217638,0.097927,PA
2583_A/chicken/Guangdong/,A/chicken/Guangdong/1/2005_H5N1,-0.022551,0.055329,0.186209,0.032356,PA
2584_A/chicken/Guangxi/S2,A/chicken/Guangxi/S2039/2009_H5N1,-0.080018,0.102315,0.193953,0.149126,PA
2585_A/chicken/Guizhou/7/,A/chicken/Guizhou/7/2008_H5N1,-0.035637,0.082028,0.175151,0.108677,PA
2586_A/chicken/Hebei/A-8/,A/chicken/Hebei/A-8/2009_H5N1,-0.061627,0.10416,0.230808,0.101649,PA
2587_A/chicken/Henan/A-7/,A/chicken/Henan/A-7/2006_H5N1,-0.077769,0.111786,0.239527,0.086603,PA
2588_A/chicken/Huadong/4/,A/chicken/Huadong/4/2008_H5N1,-0.065932,0.108135,0.24063,0.090604,PA
2589_A/chicken/Hubei/2856,A/chicken/Hubei/2856/2007_H5N1,-0.088505,0.065428,0.20856,0.10939,PA
2590_A/chicken/Hunan/1793,A/chicken/Hunan/1793/2007_H5N1,-0.033299,0.048578,0.189196,0.063827,PA
2591_A/chicken/Hunan/21/2,A/chicken/Hunan/21/2005_H5N1,-0.083193,0.101237,0.208077,0.107865,PA
2592_A/chicken/Hunan/3/20,A/chicken/Hunan/3/2007_H5N1,-0.061815,0.097044,0.215949,0.114832,PA
2593_A/chicken/Hunan/3157,A/chicken/Hunan/3157/2006_H5N1,-0.090092,0.08776,0.215724,0.121399,PA
2594_A/chicken/Hunan/8/20,A/chicken/Hunan/8/2008_H5N1,-0.081572,0.103749,0.222418,0.084594,PA
2595_A/chicken/Jiangsu/18,A/chicken/Jiangsu/18/2008_H5N1,-0.071299,0.109175,0.237808,0.100583,PA
2596_A/chicken/Jiangsu/24,A/chicken/Jiangsu/2477/2014_H5N1,-0.065126,0.0839,0.170529,0.151005,PA
2597_A/chicken/Jiangsu/92,A/chicken/Jiangsu/927/2013_H5N1,-0.069189,0.087132,0.191145,0.162695,PA
2598_A/chicken/Jiangsu/YB,A/chicken/Jiangsu/YB7/2015_H5N1,-0.084039,0.080447,0.202922,0.104702,PA
2599_A/chicken/Jiangsu/k0,A/chicken/Jiangsu/k0402/2010_H5N1,-0.08486,0.080752,0.223472,0.09118,PA
2600_A/chicken/Jiangxi/25,A/chicken/Jiangxi/25/2011_H5N1,-0.092839,0.08399,0.193482,0.130837,PA
2601_A/chicken/Liaoning/2,A/chicken/Liaoning/23/2005_H5N1,-0.025934,0.057393,0.16958,0.034614,PA
2602_A/chicken/Liaoning/A,A/chicken/Liaoning/A-1/2007_H5N1,-0.06888,0.087066,0.24345,0.070665,PA
2603_A/chicken/Liaoning/S,A/chicken/Liaoning/S4092/2011_H5N1,-0.085537,0.107488,0.224402,0.09479,PA
2604_A/chicken/Ningxia/2/,A/chicken/Ningxia/2/2012_H5N1,-0.080059,0.104705,0.216516,0.108714,PA
2605_A/chicken/Ningxia/22,A/chicken/Ningxia/222/2012_H5N1,-0.080059,0.104705,0.216516,0.108714,PA
2606_A/chicken/Ningxia/24,A/chicken/Ningxia/24/2006_H5N1,-0.074603,0.096986,0.238512,0.090891,PA
2607_A/chicken/North_Chin,A/chicken/North_China/k0604/2010_H5N1,-0.064713,0.060375,0.197356,0.12042,PA
2608_A/chicken/Shandong/A,A/chicken/Shandong/A-10/2006_H5N1,-0.071022,0.110372,0.223927,0.057359,PA
2609_A/chicken/Shantou/37,A/chicken/Shantou/3744/2003_H5N1,-0.075298,0.087526,0.246665,0.09037,PA
2610_A/chicken/Shanxi/10/,A/chicken/Shanxi/10/2006_H5N1,-0.061205,0.107049,0.242379,0.087646,PA
2611_A/chicken/Sheny/0606,A/chicken/Sheny/0606/2008_H5N1,-0.098664,0.102096,0.240632,0.073631,PA
2612_A/chicken/Sichuan/81,A/chicken/Sichuan/81/2005_H5N1,-0.084423,0.074365,0.215,0.116107,PA
2613_A/chicken/Wuhan/HAQL,A/chicken/Wuhan/HAQL07/2014_H5N1,-0.089696,0.086009,0.212866,0.104386,PA
2614_A/chicken/Wuhan/HAQL,A/chicken/Wuhan/HAQL16/2014_H5N1,-0.089696,0.086009,0.212866,0.104386,PA
2615_A/chicken/Wuxi/WX-32,A/chicken/Wuxi/WX-32/2013_H5N1,-0.072454,0.095286,0.182822,0.155001,PA
2616_A/chicken/Wuxi/WX-33,A/chicken/Wuxi/WX-33/2013_H5N1,-0.074647,0.096686,0.18451,0.157854,PA
2617_A/chicken/Xinjiang/1,A/chicken/Xinjiang/17/2005_H5N1,-0.085641,0.084935,0.25452,0.104924,PA
2618_A/chicken/Xinjiang/2,A/chicken/Xinjiang/27/2006_H5N1,-0.044096,0.105985,0.267814,0.092127,PA
2619_A/chicken/Xinjiang/5,A/chicken/Xinjiang/53/2005_H5N1,-0.059515,0.094182,0.261555,0.09193,PA
2620_A/chicken/Xinjiang/5,A/chicken/Xinjiang/54/2005_H5N1,-0.089629,0.076987,0.264012,0.088889,PA
2621_A/chicken/Xinjiang/6,A/chicken/Xinjiang/67/2005_H5N1,-0.063332,0.098741,0.267452,0.082113,PA
2622_A/chicken/Xinjiang/6,A/chicken/Xinjiang/68/2005_H5N1,-0.081677,0.075239,0.270309,0.095787,PA
2623_A/chicken/Yunnan/1/2,A/chicken/Yunnan/1/2014_H5N1,-0.103164,0.075707,0.206479,0.136391,PA
2624_A/chicken/Yunnan/207,A/chicken/Yunnan/207/2004_H5N1,-0.032549,0.057837,0.17737,0.045593,PA
2625_A/chicken/Yunnan/568,A/chicken/Yunnan/5686/2003_H5N1,-0.039081,0.064931,0.178816,0.046972,PA
2626_A/chicken/Yunnan/679,A/chicken/Yunnan/6797/2003_H5N1,-0.039824,0.073817,0.176511,0.042748,PA
2627_A/chicken/Yunnan/688,A/chicken/Yunnan/6885/2003_H5N1,-0.033113,0.064997,0.180016,0.04784,PA
2628_A/condor/Guangdong/1,A/condor/Guangdong/139/2003_H5N1,-0.062118,0.076392,0.146793,0.039451,PA
2629_A/domestic_green-win,A/domestic_green-winged_teal/Hunan/3450/2006_H5N1,-0.062667,0.046841,0.221872,0.087455,PA
2630_A/duck/Anhui/56/2005,A/duck/Anhui/56/2005_H5N1,-0.03659,0.043347,0.202633,0.048772,PA
2631_A/duck/China/0935/20,A/duck/China/0935/2017_H5N1,-0.070139,0.094774,0.167385,0.145967,PA
2632_A/duck/China/1033/20,A/duck/China/1033/2017_H5N1,-0.070139,0.094774,0.167385,0.145967,PA
2633_A/duck/China/E26/201,A/duck/China/E26/2012_H5N1,-0.07545,0.073183,0.212507,0.08018,PA
2634_A/duck/China/E53/201,A/duck/China/E53/2012_H5N1,-0.090597,0.104625,0.202208,0.139987,PA
2635_A/duck/Eastern_China,A/duck/Eastern_China/057/2007_H5N1,-0.059081,0.076695,0.20249,0.112314,PA
2636_A/duck/Eastern_China,A/duck/Eastern_China/108/2008_H5N1,-0.088136,0.070191,0.19299,0.107656,PA
2637_A/duck/Eastern_China,A/duck/Eastern_China/909/2009_H5N1,-0.060753,0.069587,0.194346,0.082012,PA
2638_A/duck/Guangdong/23/,A/duck/Guangdong/23/2004_H5N1,-0.042561,0.073162,0.163532,0.056281,PA
2639_A/duck/Hubei/2911/20,A/duck/Hubei/2911/2007_H5N1,-0.079271,0.074692,0.208651,0.12273,PA
2640_A/duck/Hubei/49/2005,A/duck/Hubei/49/2005_H5N1,-0.075099,0.067573,0.208904,0.115171,PA
2641_A/duck/Hubei/xn/2007,A/duck/Hubei/xn/2007_H5N1,-0.091236,0.091754,0.219541,0.091339,PA
2642_A/duck/Hunan/3/2007_,A/duck/Hunan/3/2007_H5N1,-0.067592,0.10021,0.216645,0.097582,PA
2643_A/duck/Hunan/316/200,A/duck/Hunan/316/2005_H5N1,-0.070231,0.056678,0.197341,0.107454,PA
2644_A/duck/Hunan/3315/20,A/duck/Hunan/3315/2006_H5N1,-0.089267,0.071819,0.221524,0.110277,PA
2645_A/duck/Hunan/689/200,A/duck/Hunan/689/2006_H5N1,-0.087057,0.06728,0.213224,0.119001,PA
2646_A/duck/Hunan/733/200,A/duck/Hunan/733/2004_H5N1,-0.030526,0.050861,0.185731,0.036345,PA
2647_A/duck/Hunan/8/2008_,A/duck/Hunan/8/2008_H5N1,-0.082183,0.071358,0.273253,0.123434,PA
2648_A/duck/Hunan/S4020/2,A/duck/Hunan/S4020/2008_H5N1,-0.071892,0.065248,0.217797,0.123302,PA
2649_A/duck/Hunan/S4030/2,A/duck/Hunan/S4030/2011_H5N1,-0.057475,0.12532,0.176282,0.132662,PA
2650_A/duck/Hunan/S4150/2,A/duck/Hunan/S4150/2011_H5N1,-0.073067,0.09828,0.21144,0.090723,PA
2651_A/duck/Hunan/S4220/2,A/duck/Hunan/S4220/2011_H5N1,-0.086418,0.094233,0.202369,0.132376,PA
2652_A/duck/Jiangxi/120/2,A/duck/Jiangxi/120/2011_H5N1,-0.060127,0.063056,0.194976,0.114756,PA
2653_A/duck/Jiangxi/130/2,A/duck/Jiangxi/130/2011_H5N1,-0.078338,0.097286,0.215418,0.082644,PA
2654_A/duck/Jiangxi/34/20,A/duck/Jiangxi/34/2011_H5N1,-0.097094,0.08588,0.196381,0.136846,PA
2655_A/duck/Jiangxi/35/20,A/duck/Jiangxi/35/2011_H5N1,-0.083447,0.090963,0.202339,0.130559,PA
2656_A/duck/Jiangxi/44/20,A/duck/Jiangxi/44/2011_H5N1,-0.019805,0.03057,0.196298,0.090503,PA
2657_A/duck/Jiangxi/80/20,A/duck/Jiangxi/80/2005_H5N1,-0.080415,0.084905,0.193962,0.127625,PA
2658_A/duck/Jilin/JL-SIV/,A/duck/Jilin/JL-SIV/2013_H5N1,-0.083382,0.099683,0.198967,0.097303,PA
2659_A/duck/Nanchang/9789,A/duck/Nanchang/9789/2013_H5N1,-0.090158,0.090338,0.199162,0.119836,PA
2660_A/duck/Shandong/009/,A/duck/Shandong/009/2008_H5N1,-0.002405,0.055612,0.191382,0.064736,PA
2661_A/duck/Sichuan/NCXN1,A/duck/Sichuan/NCXN10/2014_H5N1,-0.086418,0.094233,0.202369,0.132376,PA
2662_A/duck/Sichuan/NCXN1,A/duck/Sichuan/NCXN11/2014_H5N1,-0.119314,0.091697,0.2161,0.131745,PA
2663_A/duck/Wenzhou/YJYF3,A/duck/Wenzhou/YJYF33/2015_H5N1,-0.096275,0.092089,0.209457,0.101912,PA
2664_A/duck/Yunnan/4072/2,A/duck/Yunnan/4072/2003_H5N1,-0.037676,0.069853,0.180842,0.05461,PA
2665_A/duck/Yunnan/426/20,A/duck/Yunnan/426/2004_H5N1,-0.036633,0.0644,0.17974,0.04644,PA
2666_A/duck/Yunnan/4645/2,A/duck/Yunnan/4645/2003_H5N1,-0.037894,0.071636,0.180235,0.053395,PA
2667_A/duck/Yunnan/47/200,A/duck/Yunnan/47/2006_H5N1,-0.070785,0.094077,0.225288,0.133463,PA
2668_A/duck/Yunnan/485/20,A/duck/Yunnan/485/2004_H5N1,-0.032549,0.057837,0.17737,0.045593,PA
2669_A/duck/Yunnan/4873/2,A/duck/Yunnan/4873/2006_H5N1,-0.086521,0.093677,0.224384,0.123428,PA
2670_A/duck/Yunnan/5090/2,A/duck/Yunnan/5090/2003_H5N1,-0.038048,0.075141,0.179356,0.05193,PA
2671_A/duck/Yunnan/5169/2,A/duck/Yunnan/5169/2003_H5N1,-0.038048,0.075141,0.179356,0.05193,PA
2672_A/duck/Yunnan/522/20,A/duck/Yunnan/522/2004_H5N1,-0.036633,0.0644,0.17974,0.04644,PA
2673_A/duck/Yunnan/5310/2,A/duck/Yunnan/5310/2006_H5N1,-0.071049,0.078288,0.208662,0.1228,PA
2674_A/duck/Yunnan/5948/2,A/duck/Yunnan/5948/2003_H5N1,-0.038396,0.079096,0.176663,0.055105,PA
2675_A/duck/Yunnan/6080/2,A/duck/Yunnan/6080/2003_H5N1,-0.036668,0.065077,0.18023,0.046676,PA
2676_A/duck/Yunnan/6603/2,A/duck/Yunnan/6603/2003_H5N1,-0.033078,0.065239,0.179722,0.047661,PA
2677_A/duck/Zhejiang/1220,A/duck/Zhejiang/1220092/2014_H5N1,-0.067769,0.090675,0.184892,0.158951,PA
2678_A/duck/Zhejiang/213/,A/duck/Zhejiang/213/2011_H5N1,-0.088942,0.095822,0.19949,0.133184,PA
2679_A/duck/Zhejiang/224/,A/duck/Zhejiang/224/2011_H5N1,-0.102207,0.106818,0.208565,0.128284,PA
2680_A/duck/Zhejiang/2242,A/duck/Zhejiang/2242/2011_H5N1,-0.102207,0.106818,0.208565,0.128284,PA
2681_A/duck/Zhejiang/2243,A/duck/Zhejiang/2243/2011_H5N1,-0.102207,0.106818,0.208565,0.128284,PA
2682_A/duck/Zhejiang/2244,A/duck/Zhejiang/2244/2011_H5N1,-0.102207,0.106818,0.208565,0.128284,PA
2683_A/duck/Zhejiang/2245,A/duck/Zhejiang/2245/2011_H5N1,-0.077003,0.09486,0.244074,0.113261,PA
2684_A/duck/Zhejiang/2248,A/duck/Zhejiang/2248/2011_H5N1,-0.102207,0.106818,0.208565,0.128284,PA
2685_A/equine/China/61/20,A/equine/China/61/2010_H5N1,-0.07613,0.092519,0.226294,0.105998,PA
2686_A/equine/China/67/20,A/equine/China/67/2010_H5N1,-0.076756,0.104974,0.221874,0.10981,PA
2687_A/equine/China/68/20,A/equine/China/68/2010_H5N1,-0.073961,0.088926,0.228556,0.102844,PA
2688_A/goose/China/E43/20,A/goose/China/E43/2012_H5N1,-0.085666,0.106258,0.19043,0.121558,PA
2689_A/goose/Eastern_Chin,A/goose/Eastern_China/223/2008_H5N1,-0.059532,0.10342,0.198863,0.11111,PA
2690_A/goose/GuangDong/11,A/goose/GuangDong/1189/2023_H5N1,-0.001012,0.059145,0.11869,0.078127,PA
2691_A/goose/Guangdong/72,A/goose/Guangdong/72/2004_H5N1,-0.01795,0.067774,0.179068,0.064853,PA
2692_A/goose/Hubei/65/200,A/goose/Hubei/65/2005_H5N1,-0.078839,0.070936,0.217792,0.118768,PA
2693_A/goose/Inner_Mongol,A/goose/Inner_Mongolia/IM-192/2014_H5N1,-0.087291,0.108974,0.233407,0.09767,PA
2694_A/goose/Jiangsu/k040,A/goose/Jiangsu/k0403/2010_H5N1,-0.078623,0.096435,0.212878,0.104563,PA
2695_A/goose/Yunnan/3798/,A/goose/Yunnan/3798/2006_H5N1,-0.075611,0.099436,0.217608,0.130163,PA
2696_A/goose/Yunnan/4371/,A/goose/Yunnan/4371/2006_H5N1,-0.089004,0.092712,0.225932,0.122773,PA
2697_A/goose/Yunnan/4389/,A/goose/Yunnan/4389/2006_H5N1,-0.089004,0.092712,0.225932,0.122773,PA
2698_A/goose/Yunnan/4985/,A/goose/Yunnan/4985/2006_H5N1,-0.082568,0.096187,0.220452,0.12025,PA
2699_A/goose/Yunnan/5141/,A/goose/Yunnan/5141/2006_H5N1,-0.057916,0.091236,0.200823,0.119557,PA
2700_A/goose/Yunnan/5769/,A/goose/Yunnan/5769/2006_H5N1,-0.06809,0.083174,0.202141,0.121371,PA
2701_A/goose/Yunnan/5979/,A/goose/Yunnan/5979/2006_H5N1,-0.069422,0.083178,0.20351,0.122603,PA
2702_A/goose/Yunnan/6193/,A/goose/Yunnan/6193/2006_H5N1,-0.066283,0.092106,0.227968,0.112138,PA
2703_A/goose/Zhejiang/112,A/goose/Zhejiang/112071/2014_H5N1,-0.075463,0.085544,0.175864,0.166336,PA
2704_A/goose/Zhejiang/727,A/goose/Zhejiang/727098/2014_H5N1,-0.07025,0.086523,0.193974,0.161324,PA
2705_A/great_black-headed,A/great_black-headed_gull/Qinghai/8/2009_H5N1,-0.07607,0.09417,0.226234,0.097219,PA
2706_A/great_crested-greb,A/great_crested-grebe/Qinghai/1/2009_H5N1,-0.07621,0.095599,0.236604,0.092453,PA
2707_A/great_egret/Hong_K,A/great_egret/Hong_Kong/807/2008_H5N1,-0.102419,0.103489,0.195516,0.11816,PA
2708_A/great_tit/Panjing/,A/great_tit/Panjing/PJ-66/2013_H5N1,-0.030469,0.065202,0.179181,0.096017,PA
2709_A/grey_heron/Hong_Ko,A/grey_heron/Hong_Kong/1046/2008_H5N1,-0.092456,0.105366,0.20364,0.118567,PA
2710_A/grey_heron/Hong_Ko,A/grey_heron/Hong_Kong/3088/2007_H5N1,-0.089357,0.110526,0.205167,0.117254,PA
2711_A/hill_myna/Heilongj,A/hill_myna/Heilongjiang/0704/2012_H5N1,-0.082471,0.104512,0.176343,0.152704,PA
2712_A/lesser_kestrel/Hei,A/lesser_kestrel/Heilongjiang/194/2007_H5N1,-0.08657,0.069424,0.215024,0.121458,PA
2713_A/lion/Hubei/1-2/201,A/lion/Hubei/1-2/2016_H5N1,-0.094225,0.066733,0.205644,0.101063,PA
2714_A/little_egret/Hong_,A/little_egret/Hong_Kong/8550/2007_H5N1,-0.065437,0.10449,0.223012,0.1072,PA
2715_A/magpie_robin/Hong_,A/magpie_robin/Hong_Kong/1097/2008_H5N1,-0.089416,0.111107,0.205285,0.124402,PA
2716_A/magpie_robin/Hong_,A/magpie_robin/Hong_Kong/1897/2008_H5N1,-0.089416,0.111107,0.205285,0.124402,PA
2717_A/meerkat/Shanghai/S,A/meerkat/Shanghai/SH-1/2012_H5N1,-0.072747,0.098675,0.181659,0.146681,PA
2718_A/mink/China/G/2015_,A/mink/China/G/2015_H5N1,-0.09737,0.094163,0.208611,0.127769,PA
2719_A/mink/China/XB/2015,A/mink/China/XB/2015_H5N1,-0.085415,0.067928,0.203771,0.101615,PA
2720_A/mink/Eastern_China,A/mink/Eastern_China/0712/2018_H5N1,-0.030512,0.034831,0.102141,0.079488,PA
2721_A/ostrich/Suzhou/097,A/ostrich/Suzhou/097/2003_H5N1,-0.060267,0.064596,0.194296,0.042103,PA
2722_A/parrot/Guangdong/C,A/parrot/Guangdong/C99/2005_H5N1,-0.031709,0.048867,0.175099,0.046714,PA
2723_A/partridge/Shantou/,A/partridge/Shantou/2886/2003_H5N1,-0.060156,0.057732,0.230564,0.084834,PA
2724_A/peacock/Yunnan/1/2,A/peacock/Yunnan/1/2015_H5N1,-0.088015,0.072412,0.203673,0.095592,PA
2725_A/peacock/Yunnan/3/2,A/peacock/Yunnan/3/2015_H5N1,-0.0882,0.073302,0.202168,0.095977,PA
2726_A/peregrine_falcon/H,A/peregrine_falcon/Hong_Kong/2142/2008_H5N1,-0.054281,0.100824,0.189938,0.119661,PA
2727_A/pheasant/Shantou/3,A/pheasant/Shantou/3535/2003_H5N1,-0.062371,0.065665,0.165545,0.062476,PA
2728_A/pheasant/Shantou/4,A/pheasant/Shantou/4567/2002_H5N1,-0.047686,0.051656,0.174046,0.054648,PA
2729_A/pied_megpie/Liaoni,A/pied_megpie/Liaoning/7/2006_H5N1,-0.027948,0.06466,0.165205,0.03812,PA
2730_A/pigeon/Hubei/RP25/,A/pigeon/Hubei/RP25/2012_H5N1,-0.049099,0.093406,0.193734,0.128069,PA
2731_A/pigeon/Sichuan/NCX,A/pigeon/Sichuan/NCXN29/2014_H5N1,-0.119796,0.09152,0.21688,0.127522,PA
2732_A/pigeon/Zhejiang/11,A/pigeon/Zhejiang/112089/2014_H5N1,-0.072476,0.070895,0.189164,0.160568,PA
2733_A/pigeon/Zhejiang/11,A/pigeon/Zhejiang/112090/2014_H5N1,-0.067769,0.090675,0.184892,0.158951,PA
2734_A/pigeon/Zhejiang/72,A/pigeon/Zhejiang/727097/2014_H5N1,-0.071298,0.085755,0.192631,0.16022,PA
2735_A/plateau_pika/Qingh,A/plateau_pika/Qinghai/04/2007_H5N1,-0.066653,0.095359,0.187291,0.057303,PA
2736_A/quail/Guangxi/11/2,A/quail/Guangxi/11/2002_H5N1,-0.087804,0.049813,0.191111,0.071828,PA
2737_A/quail/Guangxi/12/2,A/quail/Guangxi/12/2002_H5N1,-0.082462,0.051236,0.187878,0.07509,PA
2738_A/quail/Guangxi/13/2,A/quail/Guangxi/13/2002_H5N1,-0.087804,0.049813,0.191111,0.071828,PA
2739_A/quail/Nanchang/663,A/quail/Nanchang/6631/2013_H5N1,-0.100139,0.093616,0.204137,0.11223,PA
2740_A/shrike/Tibet/13/20,A/shrike/Tibet/13/2006_H5N1,-0.070757,0.082274,0.211343,0.127389,PA
2741_A/silky_chicken/Shan,A/silky_chicken/Shantou/475/2004_H5N1,-0.039327,0.067551,0.196039,0.049321,PA
2742_A/swan/Shanghai/10/2,A/swan/Shanghai/10/2009_H5N1,-0.073481,0.090375,0.215886,0.113834,PA
2743_A/swine/Guangxi/592/,A/swine/Guangxi/592/2011_H5N1,-0.08773,0.078251,0.214645,0.139464,PA
2744_A/swine/Jiangsu/1/20,A/swine/Jiangsu/1/2008_H5N1,-0.073455,0.1106,0.235235,0.08967,PA
2745_A/swine/Jiangsu/2/20,A/swine/Jiangsu/2/2009_H5N1,-0.082554,0.088584,0.200548,0.102852,PA
2746_A/swine/Shandong/SD1,A/swine/Shandong/SD1/2014_H5N1,-0.052076,0.05066,0.177784,0.075052,PA
2747_A/swine/Zhejiang/SW5,A/swine/Zhejiang/SW57/2015_H5N1,-0.07025,0.086523,0.193974,0.161324,PA
2748_A/tiger/Yunnan/tig14,A/tiger/Yunnan/tig1404/2014_H5N1,-0.105082,0.08594,0.209661,0.133015,PA
2749_A/tiger/Yunnan/tig14,A/tiger/Yunnan/tig1412/2014_H5N1,-0.090363,0.093662,0.197743,0.130283,PA
2750_A/tiger/Yunnan/tig15,A/tiger/Yunnan/tig1508/2015_H5N1,-0.079059,0.069315,0.194771,0.097465,PA
2751_A/turtle_dove/Guangd,A/turtle_dove/Guangdong/300/2005_H5N1,-0.076204,0.071603,0.210542,0.123128,PA
2752_A/waterfowl/Hong_Kon,A/waterfowl/Hong_Kong/378.5/2001_H5N1,-0.069375,0.059948,0.193815,0.042909,PA
2753_A/wild_duck/Fujian/1,A/wild_duck/Fujian/1/2011_H5N1,-0.088965,0.078257,0.216634,0.124939,PA
2754_A/wild_duck/Fujian/2,A/wild_duck/Fujian/2/2011_H5N1,-0.090261,0.101661,0.199406,0.136949,PA
2755_A/wild_duck/Jilin/HF,A/wild_duck/Jilin/HF/2011_H5N1,-0.077917,0.090142,0.205064,0.092522,PA
2756_A/wild_duck/Jilin/ZF,A/wild_duck/Jilin/ZF/2011_H5N1,-0.065898,0.101415,0.251888,0.106275,PA
2757_A/wild_duck/Liaoning,A/wild_duck/Liaoning/8/2006_H5N1,-0.019962,0.063474,0.156478,0.030942,PA
2758_A/wild_duck/Shandong,A/wild_duck/Shandong/1/2011_H5N1,-0.083517,0.100452,0.233802,0.100777,PA
2759_A/wild_duck/Shandong,A/wild_duck/Shandong/2/2011_H5N1,-0.080101,0.077563,0.21199,0.088245,PA
2760_A/wild_duck/Shandong,A/wild_duck/Shandong/628/2011_H5N1,-0.06969,0.076586,0.138789,0.101102,PA
2761_A/Hong_Kong/486/97,A/Indonesia/5/2005,-0.051414,-0.044966,0.058428,0.192617,PB1
2762_A/Hong_Kong/538/97,A/Hong Kong/483/1997,-0.057238,-0.050897,0.061396,0.185625,PB1
2763_A/Indonesia/5/2005,A/Hong Kong/482/97,-0.02571,-0.11261,0.075255,0.161305,PB1
2764_A/Pheasant/Hong_Kong,A/Chicken/HongKong/FY150/01,-0.011775,-0.075855,0.079686,0.135701,PB1
2765_A/Thailand/16/2004,A/Chicken/HongKong/YU822.2/01,-0.016141,-0.094585,0.065829,0.146786,PB1
2766_A/chicken/Indonesia/,A/Chicken/HongKong/YU562/01,-0.034433,-0.132231,0.085587,0.141554,PB1
2767_A/Chicken/HongKong/F,A/Pheasant/Hong Kong/FY155/01,-0.015668,-0.073679,0.074487,0.127423,PB1
2768_A/Chicken/HongKong/Y,A/Hong Kong/486/97,-0.016899,-0.103684,0.090084,0.134967,PB1
2769_A/Chicken/HongKong/Y,A/Thailand/16/2004,-0.019998,-0.086715,0.095466,0.135157,PB1
2770_A/chicken/Korea/ES/0,A/Hong Kong/538/97,-0.023127,-0.107007,0.075981,0.152077,PB1
2771_A/Vietnam/UT3062/200,A/chicken/Indonesia/7/2003,-0.020749,-0.082915,0.06822,0.136861,PB1
2772_A/Hong_Kong/156/97,A/chicken/Korea/ES/03,-0.042308,-0.052299,0.053574,0.199158,PB1
2773_A/whooper_swan/Mongo,A/Hong Kong/156/97,-0.039113,-0.115064,0.057362,0.128047,PB1
2774_A/Hong_Kong/483/1997,A/whooper swan/Mongolia/244/2005,-0.046432,-0.030269,0.019096,0.202028,PB1
2775_A/Hong_Kong/482/97,A/Vietnam/UT3062/2004,-0.052139,-0.044586,0.057903,0.192855,PB1
2776_A/Anas_platyrhynchos,A/Anas_platyrhynchos/Chongming/H5N1_1/2024,-0.047779,-0.062336,0.083797,0.087451,PB1
2777_A/Anas_platyrhynchos,A/Anas_platyrhynchos/Jiujiang/H5N1/2024,-0.047779,-0.062336,0.083797,0.087451,PB1
2778_A/Anhui/1/2005|EPI_I,A/Anhui/1/2005,-0.026505,-0.089462,0.065817,0.141044,PB1
2779_A/Anhui/1/2006|EPI_I,A/Anhui/1/2006,-0.026311,-0.093213,0.05982,0.135723,PB1
2780_A/Anhui/2/2005|EPI_I,A/Anhui/2/2005,-0.03706,-0.086949,0.07514,0.133258,PB1
2781_A/Anser_cygnoides/Ch,A/Anser_cygnoides/China/P126/2015,-0.016578,-0.068504,0.072438,0.106694,PB1
2782_A/Anser_fabalis/Jiuj,A/Anser_fabalis/Jiujiang/H5N1/2024,-0.047779,-0.062336,0.083797,0.087451,PB1
2783_A/Bar-headed_Goose/Q,A/Bar-headed_Goose/Qinghai/BTY2/2015_H5N1,-0.052305,-0.059605,0.074921,0.094794,PB1
2784_A/Bar-headed_Goose/T,A/Bar-headed_Goose/Tibet/XZ901/2021,-0.048874,-0.082221,0.043028,0.156402,PB1
2785_A/Bar-headed_Goose/T,A/Bar-headed_Goose/Tibet/XZ1131/2021,-0.04937,-0.08292,0.040277,0.157231,PB1
2786_A/Black_faced_Spoonb,A/Black_faced_Spoonbill/AFCD-HKU-22-21944-01009/2022,0.013019,-0.051351,0.09246,0.153023,PB1
2787_A/Black_Faced_Spoonb,A/Black_Faced_Spoonbill/Hong_Kong/AFCD-HKU-21-17198.01012/2021,-0.052792,-0.09068,0.049841,0.152452,PB1
2788_A/Black_Faced_Spoonb,A/Black_Faced_Spoonbill/Hong_Kong/AFCD-HKU-22-21429-01012/2022,0.00772,-0.04986,0.100992,0.140642,PB1
2789_A/Black-necked_Grebe,A/Black-necked_Grebe/Inner_Mongolia/Anal_swab4/2015_H5N1,-0.053934,-0.069317,0.078191,0.096348,PB1
2790_A/Black-necked_Grebe,A/Black-necked_Grebe/Inner_Mongolia/Brain1/2015_H5N1,-0.049475,-0.066032,0.090794,0.101174,PB1
2791_A/Black-necked_Grebe,A/Black-necked_Grebe/Inner_Mongolia/Brain3/2015_H5N1,-0.0531,-0.066239,0.090903,0.097084,PB1
2792_A/Black-necked_Grebe,A/Black-necked_Grebe/Inner_Mongolia/Liver3/2015_H5N1,-0.0531,-0.066239,0.090903,0.097084,PB1
2793_A/Black-necked_Grebe,A/Black-necked_Grebe/Inner_Mongolia/Lung2/2015_H5N1,-0.047814,-0.067295,0.088849,0.099916,PB1
2794_A/Black-necked_Grebe,A/Black-necked_Grebe/Inner_Mongolia/Lung3-2/2015_H5N1,-0.0531,-0.066239,0.090903,0.097084,PB1
2795_A/Black-necked_Grebe,A/Black-necked_Grebe/Inner_Mongolia/Oropharynx_swab3/2015_H5N1,-0.0531,-0.066239,0.090903,0.097084,PB1
2796_A/Black-necked_Grebe,A/Black-necked_Grebe/Inner_Mongolia/Trachea3/2015_H5N1,-0.0531,-0.066239,0.090903,0.097084,PB1
2797_A/chicken/Anhui/S174,A/chicken/Anhui/S1740/2022(H5N1),-0.002754,-0.038553,0.064077,0.143222,PB1
2798_A/chicken/China/Cang,A/chicken/China/Cangzhou03/2023,-0.046702,-0.0605,0.07047,0.101891,PB1
2799_A/chicken/China/E93/,A/chicken/China/E93/2012,-0.044876,-0.155705,0.050823,0.163034,PB1
2800_A/chicken/China/E96/,A/chicken/China/E96/2012,-0.043991,-0.160459,0.046278,0.165449,PB1
2801_A/chicken/Gansu/5/20,A/chicken/Gansu/5/2012,-0.043354,-0.150972,0.069691,0.158204,PB1
2802_A/chicken/Gansu/6/20,A/chicken/Gansu/6/2012,-0.047266,-0.159207,0.047072,0.162642,PB1
2803_A/chicken/Guangxi/S2,A/chicken/Guangxi/S2039/2009,-0.033894,-0.083972,0.093293,0.103755,PB1
2804_A/chicken/Hubei/2856,A/chicken/Hubei/2856/2007,-0.035531,-0.096952,0.072289,0.103583,PB1
2805_A/chicken/Hunan/1793,A/chicken/Hunan/1793/2007,-0.025252,-0.09185,0.073054,0.140499,PB1
2806_A/chicken/Hunan/3157,A/chicken/Hunan/3157/2006,-0.032835,-0.098472,0.075348,0.138593,PB1
2807_A/chicken/Hunan/S100,A/chicken/Hunan/S10029/2018(H5N1),-0.063033,-0.071954,0.085306,0.140674,PB1
2808_A/chicken/Jiangsu/03,A/chicken/Jiangsu/03.17_WX006-P/2015(H5N1),-0.061673,-0.071155,0.033951,0.165089,PB1
2809_A/chicken/Jiangsu/92,A/chicken/Jiangsu/927/2013,-0.029365,-0.101208,0.098028,0.08722,PB1
2810_A/chicken/Jiangsu/24,A/chicken/Jiangsu/2477/2014,-0.044148,-0.081915,0.097458,0.110781,PB1
2811_A/chicken/Jiangsu/k0,A/chicken/Jiangsu/k0402/2010,-0.077892,-0.078927,0.057699,0.129652,PB1
2812_A/chicken/Jiangsu/SE,A/chicken/Jiangsu/SE2228/2017(H5N1),-0.041253,-0.084055,0.083279,0.093139,PB1
2813_A/chicken/Jiangsu/YB,A/chicken/Jiangsu/YB7/2015,-0.06331,-0.075275,0.036642,0.156341,PB1
2814_A/chicken/Jiangxi/25,A/chicken/Jiangxi/25/2011,-0.092662,-0.052641,0.114334,0.053165,PB1
2815_A/chicken/Jiangxi/S4,A/chicken/Jiangxi/S40653/2021(H5N1),0.001146,-0.038602,0.062943,0.144337,PB1
2816_A/chicken/Jilin/04.1,A/chicken/Jilin/04.12_MHK001-O/2015(H5N1),-0.03486,-0.082067,0.102084,0.103129,PB1
2817_A/chicken/Jilin/04.1,A/chicken/Jilin/04.12_MHK002-O/2015(H5N1),-0.034862,-0.083674,0.101758,0.103037,PB1
2818_A/chicken/Jilin/04.1,A/chicken/Jilin/04.12_MHK003-O/2015(H5N1),-0.03486,-0.082067,0.102084,0.103129,PB1
2819_A/chicken/Jilin/04.1,A/chicken/Jilin/04.12_MHK004-O/2015(Mixed),-0.03486,-0.082067,0.102084,0.103129,PB1
2820_A/chicken/Jilin/04.2,A/chicken/Jilin/04.25_MHK009/2015(H5N1),-0.03889,-0.080842,0.104517,0.101835,PB1
2821_A/chicken/Jilin/S125,A/chicken/Jilin/S1255/2019(H5N1),-0.025568,-0.070873,0.07711,0.094547,PB1
2822_A/chicken/Jilin/S127,A/chicken/Jilin/S1271/2019(H5N1),-0.025568,-0.070873,0.07711,0.094547,PB1
2823_A/chicken/Liaoning/S,A/chicken/Liaoning/S4092/2011,-0.048674,-0.155542,0.07061,0.163563,PB1
2824_A/chicken/Liaoning/S,A/chicken/Liaoning/SD035/2018(H5N1),-0.044833,-0.096438,0.103395,0.081922,PB1
2825_A/chicken/Ningxia/2/,A/chicken/Ningxia/2/2012,-0.043354,-0.150972,0.069691,0.158204,PB1
2826_A/chicken/Ningxia/22,A/chicken/Ningxia/222/2012,-0.042456,-0.151771,0.069572,0.158024,PB1
2827_A/chicken/Shandong/1,A/chicken/Shandong/12.03_YA-CK/2014(H5N1),-0.055857,-0.070428,0.036337,0.159341,PB1
2828_A/Chicken/Shandong/J,A/Chicken/Shandong/J01/2009,-0.043306,-0.083872,0.095024,0.104512,PB1
2829_A/Chicken/Shandong/J,A/Chicken/Shandong/J02/2009,-0.055762,-0.158077,0.045672,0.149577,PB1
2830_A/Chicken/Shandong/J,A/Chicken/Shandong/J03/2009,-0.042961,-0.170403,0.062874,0.178031,PB1
2831_A/Chicken/Shandong/J,A/Chicken/Shandong/J04/2009,-0.046949,-0.159755,0.072918,0.15291,PB1
2832_A/Chicken/Shandong/J,A/Chicken/Shandong/J06/2009,-0.045206,-0.065713,0.052389,0.119435,PB1
2833_A/chicken/Shanghai/S,A/chicken/Shanghai/S1123/2019(H5N1),-0.043089,-0.087937,0.084606,0.089196,PB1
2834_A/chicken/Shanghai/S,A/chicken/Shanghai/S4030/2017(H5N1),-0.035229,-0.098497,0.105881,0.081709,PB1
2835_A/chicken/Wuxi/WX-32,A/chicken/Wuxi/WX-32/2013,-0.036694,-0.096208,0.087,0.101916,PB1
2836_A/chicken/Wuxi/WX-33,A/chicken/Wuxi/WX-33/2013,-0.023118,-0.101148,0.065224,0.095528,PB1
2837_A/chicken/Xinjiang/S,A/chicken/Xinjiang/S1016/2019(H5N1),-0.043243,-0.092633,0.089054,0.090561,PB1
2838_A/chicken/Xinjiang/S,A/chicken/Xinjiang/S1081/2019(H5N1),-0.036056,-0.090594,0.085401,0.092782,PB1
2839_A/chicken/Xinjiang/S,A/chicken/Xinjiang/S1170/2019(H5N1),-0.043089,-0.087937,0.084606,0.089196,PB1
2840_A/chicken/Yunnan/1/2,A/chicken/Yunnan/1/2014,-0.044292,-0.06265,0.064583,0.09647,PB1
2841_A/condor/Guangdong/1,A/condor/Guangdong/139/2003,-0.031574,-0.106317,0.073836,0.147825,PB1
2842_A/Curlew/Hong_Kong/A,A/Curlew/Hong_Kong/AFCD-HKU-22-01095.01009/2022,-0.050803,-0.087589,0.045482,0.162732,PB1
2843_A/Cygnus_columbianus,A/Cygnus_columbianus/Hubei/117/2021,0.001343,-0.030817,0.080506,0.14774,PB1
2844_A/Cygnus_columbianus,A/Cygnus_columbianus/Hubei/121/2021,-0.024815,-0.036047,0.106587,0.098337,PB1
2845_A/Cygnus_columbianus,A/Cygnus_columbianus/Hubei/123/2021,0.008539,-0.032046,0.08001,0.150008,PB1
2846_A/Cygnus_columbianus,A/Cygnus_columbianus/Hubei/128/2021,0.008539,-0.032046,0.08001,0.150008,PB1
2847_A/domestic_green-win,A/domestic_green-winged_teal/Hunan/3450/2006,-0.053055,-0.113231,0.05261,0.114328,PB1
2848_A/duck/China/E26/201,A/duck/China/E26/2012,-0.055842,-0.072969,0.083272,0.126677,PB1
2849_A/duck/China/E53/201,A/duck/China/E53/2012,-0.012165,-0.086814,0.087984,0.111459,PB1
2850_A/duck/Eastern_China,A/duck/Eastern_China/108/2008,-0.056191,-0.09137,0.03367,0.107761,PB1
2851_A/duck/Eastern_China,A/duck/Eastern_China/909/2009,-0.066557,-0.066129,0.036001,0.094726,PB1
2852_A/duck/Fujian/S1233/,A/duck/Fujian/S1233/2018(H5N1),-0.033362,-0.064834,0.089414,0.115798,PB1
2853_A/duck/Fujian/S1273/,A/duck/Fujian/S1273/2018(H5N1),-0.033362,-0.064834,0.089414,0.115798,PB1
2854_A/Duck/Fujian/S4146/,A/Duck/Fujian/S4146/2010,-0.028188,-0.088883,0.088901,0.103526,PB1
2855_A/duck/Guangdong/S45,A/duck/Guangdong/S4518/2021(H5N1),-0.049175,-0.08762,0.037391,0.163005,PB1
2856_A/duck/Guangdong/S45,A/duck/Guangdong/S4525/2021(H5N1),-0.049444,-0.08835,0.038684,0.163905,PB1
2857_A/duck/Guizhou/S1321,A/duck/Guizhou/S1321/2022(H5N1),-0.053777,-0.09167,0.043768,0.160152,PB1
2858_A/duck/Guizhou/S1711,A/duck/Guizhou/S1711/2024(H5N1),-0.043412,-0.048243,0.09748,0.120849,PB1
2859_A/duck/Hubei/03.06__,A/duck/Hubei/03.06__WHWTZ0155-P/2015(H5N1),-0.069354,-0.066724,0.034956,0.148752,PB1
2860_A/duck/Hubei/46/2009,A/duck/Hubei/46/2009,-0.041784,-0.059313,0.049433,0.072641,PB1
2861_A/duck/Hubei/2911/20,A/duck/Hubei/2911/2007,-0.039591,-0.099826,0.069057,0.137982,PB1
2862_A/duck/Hubei/S4465/2,A/duck/Hubei/S4465/2021(H5N1),-0.004371,-0.037583,0.063702,0.136878,PB1
2863_A/duck/Hubei/SE128/2,A/duck/Hubei/SE128/2022(H5N1),0.005906,-0.038532,0.065164,0.143723,PB1
2864_A/duck/Hubei/SE220/2,A/duck/Hubei/SE220/2022(H5N1),-0.047952,-0.090344,0.03425,0.163703,PB1
2865_A/duck/Hubei/xn/2007,A/duck/Hubei/xn/2007,-0.04545,-0.090534,0.071407,0.135955,PB1
2866_A/duck/Hunan/03.07_Y,A/duck/Hunan/03.07_YYGK1L3-OC/2018,-0.088956,-0.083777,0.049156,0.144727,PB1
2867_A/duck/Hunan/12.07__,A/duck/Hunan/12.07__YYGK44-P/2013(Mixed),-0.04385,-0.086543,0.078178,0.113235,PB1
2868_A/duck/Hunan/12.07__,A/duck/Hunan/12.07__YYGK97-P/2013(H5N1),-0.030471,-0.100341,0.09723,0.125324,PB1
2869_A/duck/Hunan/12.07_Y,A/duck/Hunan/12.07_YYGK007-P/2013(H5N1),-0.030471,-0.100341,0.09723,0.125324,PB1
2870_A/duck/Hunan/12.07_Y,A/duck/Hunan/12.07_YYGK100-P/2013(H5N1),-0.032476,-0.09447,0.075258,0.115517,PB1
2871_A/duck/Hunan/316/200,A/duck/Hunan/316/2005,-0.02783,-0.117501,0.062669,0.152557,PB1
2872_A/duck/Hunan/689/200,A/duck/Hunan/689/2006,-0.03634,-0.095107,0.075007,0.129084,PB1
2873_A/duck/Hunan/3315/20,A/duck/Hunan/3315/2006,-0.041312,-0.09031,0.066034,0.153012,PB1
2874_A/duck/Hunan/S4020/2,A/duck/Hunan/S4020/2008,-0.051065,-0.070422,0.064115,0.110013,PB1
2875_A/duck/Hunan/S4030/2,A/duck/Hunan/S4030/2011,-0.026271,-0.088463,0.094734,0.083506,PB1
2876_A/duck/Hunan/S4150/2,A/duck/Hunan/S4150/2011,-0.02578,-0.090508,0.038391,0.132027,PB1
2877_A/duck/Hunan/S4220/2,A/duck/Hunan/S4220/2011,-0.015915,-0.088378,0.038329,0.136544,PB1
2878_A/duck/Jiangsu/S4439,A/duck/Jiangsu/S4439/2017(H5N1),-0.045311,-0.089121,0.104919,0.088094,PB1
2879_A/duck/Jiangsu/SE112,A/duck/Jiangsu/SE1128/2018(H5N1),-0.027803,-0.093587,0.103953,0.078604,PB1
2880_A/duck/Jiangxi/34/20,A/duck/Jiangxi/34/2011,-0.037817,-0.090068,0.106335,0.101075,PB1
2881_A/duck/Jiangxi/35/20,A/duck/Jiangxi/35/2011,-0.052409,-0.102283,0.128725,0.062656,PB1
2882_A/duck/Jiangxi/44/20,A/duck/Jiangxi/44/2011,-0.095739,-0.030205,0.080805,0.109332,PB1
2883_A/duck/Jiangxi/120/2,A/duck/Jiangxi/120/2011,-0.081559,-0.104566,0.020125,0.112318,PB1
2884_A/duck/Jiangxi/130/2,A/duck/Jiangxi/130/2011,-0.040452,-0.078402,0.031654,0.124436,PB1
2885_A/duck/Jiangxi/S4083,A/duck/Jiangxi/S40833/2021(H5N1),0.001146,-0.038602,0.062943,0.144337,PB1
2886_A/duck/Jilin/04.04_S,A/duck/Jilin/04.04_SY002-O/2015(Mixed),-0.043324,-0.075436,0.108576,0.08359,PB1
2887_A/duck/Jilin/JL-SIV/,A/duck/Jilin/JL-SIV/2013,-0.045897,-0.08365,0.065787,0.128032,PB1
2888_A/duck/Jilin/S1261/2,A/duck/Jilin/S1261/2019(H5N1),-0.022766,-0.066394,0.068508,0.096979,PB1
2889_A/duck/Jilin/S4171/2,A/duck/Jilin/S4171/2019(H5N1),-0.042663,-0.088048,0.095251,0.097343,PB1
2890_A/duck/Nanchang/9789,A/duck/Nanchang/9789/2013,-0.016241,-0.070634,0.099973,0.113538,PB1
2891_A/duck/Shandong/009/,A/duck/Shandong/009/2008,-0.095352,-0.094604,0.07192,0.13321,PB1
2892_A/Duck/Shandong/Y01/,A/Duck/Shandong/Y01/2009,-0.041773,-0.0773,0.055628,0.112442,PB1
2893_A/Duck/Shandong/Y02/,A/Duck/Shandong/Y02/2009,-0.029034,-0.06627,0.049514,0.117466,PB1
2894_A/duck/Sichuan/NCXN1,A/duck/Sichuan/NCXN10/2014,-0.011833,-0.064336,0.093505,0.118714,PB1
2895_A/duck/Sichuan/NCXN1,A/duck/Sichuan/NCXN11/2014,-0.002549,-0.068342,0.09803,0.121568,PB1
2896_A/duck/Xinjiang/S106,A/duck/Xinjiang/S1066/2019(H5N1),-0.036056,-0.090594,0.085401,0.092782,PB1
2897_A/duck/Xinjiang/S112,A/duck/Xinjiang/S1126/2019(H5N1),-0.047952,-0.084071,0.082233,0.090175,PB1
2898_A/duck/Zhejiang/1220,A/duck/Zhejiang/1220092/2014,-0.031142,-0.084511,0.092593,0.108128,PB1
2899_A/duck/Zhejiang/S409,A/duck/Zhejiang/S4091/2017(H5N1),-0.033536,-0.091716,0.092082,0.086277,PB1
2900_A/equine/China/61/20,A/equine/China/61/2010,-0.033527,-0.109477,0.073634,0.143465,PB1
2901_A/equine/China/67/20,A/equine/China/67/2010,-0.033527,-0.109477,0.073634,0.143465,PB1
2902_A/equine/China/68/20,A/equine/China/68/2010,-0.032706,-0.113671,0.072521,0.141363,PB1
2903_A/Eurasian_Teal/Hong,A/Eurasian_Teal/Hong_Kong/AFCD-HKU-23-14009-01020/2023,0.004074,-0.045774,0.074149,0.139757,PB1
2904_A/Eurasian_Teal/Hong,A/Eurasian_Teal/Hong_Kong/AFCD-HKU-23-14383-02001/2023,0.013892,-0.030017,0.087007,0.140825,PB1
2905_A/Eurasian_Wigeon/Ho,A/Eurasian_Wigeon/Hong_Kong/AFCD-HKU-23-14484-01001/2023,0.013892,-0.030017,0.087007,0.140825,PB1
2906_A/Eurasian_Wigeon/Ho,A/Eurasian_Wigeon/Hong_Kong/AFCD-HKU-23-14524-01009/2023,0.013892,-0.030017,0.087007,0.140825,PB1
2907_A/Falco_peregrinus/B,A/Falco_peregrinus/Beijing/1/_2022,0.008665,-0.056333,0.105368,0.168046,PB1
2908_A/Fujian/1/2005|EPI_,A/Fujian/1/2005,-0.01798,-0.091779,0.078968,0.148871,PB1
2909_A/Fujian/1/2007|EPI_,A/Fujian/1/2007,-0.02323,-0.090988,0.064196,0.134598,PB1
2910_A/Gallinago_Stenura/,A/Gallinago_Stenura/Hong_Kong/AFCD-HKU-23-14383-01014/2023,0.013892,-0.030017,0.087007,0.140825,PB1
2911_A/goose/China/E43/20,A/goose/China/E43/2012,-0.023037,-0.093034,0.0751,0.123496,PB1
2912_A/goose/Guangdong/SH,A/goose/Guangdong/SH7/2013(H5N1),-0.011875,-0.072594,0.083758,0.115152,PB1
2913_A/goose/Guizhou/S154,A/goose/Guizhou/S1541/2022(H5N1),-0.053924,-0.085158,0.041107,0.157807,PB1
2914_A/goose/Hunan/SE284/,A/goose/Hunan/SE284/2022(H5N1),0.011927,-0.038451,0.086528,0.146082,PB1
2915_A/goose/Inner_Mongol,A/goose/Inner_Mongolia/IM-192/2014,-0.059205,-0.080563,0.077913,0.143068,PB1
2916_A/goose/Jiangsu/k040,A/goose/Jiangsu/k0403/2010,-0.074838,-0.070748,0.069516,0.138282,PB1
2917_A/goose/Jilin/S4034/,A/goose/Jilin/S4034/2019(H5N1),-0.024934,-0.064138,0.070141,0.095233,PB1
2918_A/goose/Shandong/03.,A/goose/Shandong/03.10_HZ/2015(H5N1),-0.032385,-0.082619,0.095608,0.113819,PB1
2919_A/goose/Shandong/GS/,A/goose/Shandong/GS/2013(H5N1),-0.045007,-0.097269,0.089619,0.081909,PB1
2920_A/goose/Zhejiang/112,A/goose/Zhejiang/112071/2014,0.019819,-0.067412,0.07221,0.143263,PB1
2921_A/goose/Zhejiang/727,A/goose/Zhejiang/727098/2014,-0.056787,-0.089396,0.070325,0.09974,PB1
2922_A/Great_black-headed,A/Great_black-headed_Gull/Qinghai/YO1/2015_H5N1,-0.049361,-0.061965,0.074598,0.096728,PB1
2923_A/Great_black-headed,A/Great_black-headed_Gull/Qinghai/YO6/2015_H5N1,-0.052305,-0.059605,0.074921,0.094794,PB1
2924_A/Great_Cormorant/Hu,A/Great_Cormorant/Hubei/chenhu_V9/2015,-0.071291,-0.086426,0.046312,0.163825,PB1
2925_A/Great_Cormorant/Hu,A/Great_Cormorant/Hubei/chenhu_V10/2015,-0.071291,-0.086426,0.046312,0.163825,PB1
2926_A/Great_Cormorant/Hu,A/Great_Cormorant/Hubei/VI128/2015_H5N1,-0.055447,-0.069299,0.045063,0.155366,PB1
2927_A/Great_Cormorant/Hu,A/Great_Cormorant/Hubei/VI132/2015_H5N1,-0.055447,-0.069299,0.045063,0.155366,PB1
2928_A/Great_Cormorant/Hu,A/Great_Cormorant/Hubei/VI133/2015_H5N1,-0.055447,-0.069299,0.045063,0.155366,PB1
2929_A/Guangdong/1/2006|E,A/Guangdong/1/2006,-0.033366,-0.095376,0.065248,0.144201,PB1
2930_A/Guangdong/1/2008|E,A/Guangdong/1/2008,-0.036833,-0.094689,0.065711,0.149985,PB1
2931_A/Guangdong/2/2006|E,A/Guangdong/2/2006,-0.026824,-0.083723,0.0709,0.132999,PB1
2932_A/Guangxi/1/2005|EPI,A/Guangxi/1/2005,-0.036126,-0.095186,0.07648,0.141702,PB1
2933_A/Guangxi/1/2005|EPI,A/Guangxi/1/2005,-0.036604,-0.083891,0.074459,0.133736,PB1
2934_A/Guangxi/1/2008|EPI,A/Guangxi/1/2008,-0.035219,-0.099509,0.077863,0.138479,PB1
2935_A/Guizhou/1/2009|EPI,A/Guizhou/1/2009,-0.042287,-0.097747,0.08617,0.1271,PB1
2936_A/hill_myna/Heilongj,A/hill_myna/Heilongjiang/0704/2012,-0.039025,-0.092765,0.091965,0.104018,PB1
2937_A/Hong_Kong/5923/201,A/Hong_Kong/5923/2012,-0.02021,-0.073169,0.097067,0.124009,PB1
2938_A/Hunan/1/2006|EPI_I,A/Hunan/1/2006,-0.037583,-0.106337,0.079673,0.141436,PB1
2939_A/Hunan/1/2008|EPI_I,A/Hunan/1/2008,-0.031219,-0.100716,0.059901,0.126675,PB1
2940_A/Hunan/2/2009|EPI_I,A/Hunan/2/2009,-0.036413,-0.108371,0.082281,0.111665,PB1
2941_A/Japanese_white-eye,A/Japanese_white-eye/Taoyuan/Q454/2012,-0.040423,-0.094572,0.09156,0.104807,PB1
2942_A/Jiangsu/1/2007|EPI,A/Jiangsu/1/2007,-0.032641,-0.097701,0.058725,0.136726,PB1
2943_A/Jiangsu/2/2007|EPI,A/Jiangsu/2/2007,-0.032641,-0.097701,0.058725,0.136726,PB1
2944_A/Jiangxi/1/2005|EPI,A/Jiangxi/1/2005,-0.015738,-0.126455,0.077165,0.146267,PB1
2945_A/lesser_kestrel/Hei,A/lesser_kestrel/Heilongjiang/194/2007,-0.042378,-0.099181,0.080878,0.140939,PB1
2946_A/lion/Hubei/1-2/201,A/lion/Hubei/1-2/2016,-0.062882,-0.057101,0.044547,0.166077,PB1
2947_A/mallard/Heilongjia,A/mallard/Heilongjiang/HLJ-69/2013,-0.05958,-0.074613,0.038018,0.140809,PB1
2948_A/mandarin_duck/Heil,A/mandarin_duck/Heilongjiang/HL-1/2021,-0.069654,-0.120974,0.060812,0.141624,PB1
2949_A/mandarin_duck/Hena,A/mandarin_duck/Henan/426/2021,0.00702,-0.049214,0.095154,0.138094,PB1
2950_A/meerkat/Shanghai/S,A/meerkat/Shanghai/SH-1/2012,-0.03476,-0.095343,0.081612,0.100331,PB1
2951_A/mink/China/G/2015|,A/mink/China/G/2015,-0.037486,-0.079925,0.076874,0.112661,PB1
2952_A/mink/China/XB/2015,A/mink/China/XB/2015,-0.068402,-0.071226,0.038362,0.156708,PB1
2953_A/mink/Eastern_China,A/mink/Eastern_China/0712/2018,-0.106731,-0.04343,0.048995,0.141132,PB1
2954_A/Nanjing/1/2015|EPI,A/Nanjing/1/2015,-0.068412,-0.067313,0.04784,0.161509,PB1
2955_A/ostrich/Suzhou/097,A/ostrich/Suzhou/097/2003,-0.013106,-0.10012,0.063949,0.13375,PB1
2956_A/parrot/Guangdong/C,A/parrot/Guangdong/C99/2005,-0.025186,-0.106369,0.078801,0.15231,PB1
2957_A/peacock/Yunnan/1/2,A/peacock/Yunnan/1/2015,-0.069738,-0.066604,0.042698,0.154332,PB1
2958_A/peacock/Yunnan/3/2,A/peacock/Yunnan/3/2015,-0.069738,-0.066604,0.042698,0.154332,PB1
2959_A/pigeon/Hubei/RP25/,A/pigeon/Hubei/RP25/2012,-0.061069,-0.115238,0.041492,0.128801,PB1
2960_A/pigeon/Jiangsu/12.,A/pigeon/Jiangsu/12.22_TCCX053-P/2014(Mixed),-0.026415,-0.080658,0.092669,0.093849,PB1
2961_A/pigeon/Jiangxi/S40,A/pigeon/Jiangxi/S40784/2021(H5N1),0.001146,-0.038602,0.062943,0.144337,PB1
2962_A/pigeon/Jilin/04.25,A/pigeon/Jilin/04.25_CCHL019-O/2015(H5N1),-0.039919,-0.088677,0.091793,0.097919,PB1
2963_A/pigeon/Jilin/S4176,A/pigeon/Jilin/S4176/2019(H5N1),-0.034995,-0.088029,0.096752,0.101693,PB1
2964_A/pigeon/Sichuan/NCX,A/pigeon/Sichuan/NCXN29/2014,-0.00175,-0.069612,0.098533,0.121363,PB1
2965_A/pigeon/Zhejiang/11,A/pigeon/Zhejiang/112089/2014,-0.0277,-0.085487,0.089562,0.105111,PB1
2966_A/pigeon/Zhejiang/11,A/pigeon/Zhejiang/112090/2014,-0.037042,-0.085552,0.095329,0.112594,PB1
2967_A/pigeon/Zhejiang/72,A/pigeon/Zhejiang/727097/2014,-0.056787,-0.089396,0.070325,0.09974,PB1
2968_A/plateau_pika/Qingh,A/plateau_pika/Qinghai/04/2007,-0.062227,-0.078707,0.05747,0.108978,PB1
2969_A/quail/Nanchang/663,A/quail/Nanchang/6631/2013,-0.019983,-0.074399,0.100203,0.1258,PB1
2970_A/Shandong/1/2009|EP,A/Shandong/1/2009,-0.039984,-0.086182,0.071825,0.134764,PB1
2971_A/Sichuan/1/2006|EPI,A/Sichuan/1/2006,-0.032666,-0.092492,0.074613,0.13179,PB1
2972_A/Sichuan/2/2006|EPI,A/Sichuan/2/2006,-0.0321,-0.089881,0.072994,0.133686,PB1
2973_A/Spatula_querquedul,A/Spatula_querquedula/Chongming/H5N1_1/2024,-0.047779,-0.062336,0.083797,0.087451,PB1
2974_A/swine/Shandong/SD1,A/swine/Shandong/SD1/2014,-0.023567,-0.113968,0.097107,0.142605,PB1
2975_A/tiger/Yunnan/tig14,A/tiger/Yunnan/tig1404/2014,-0.013356,-0.06517,0.079757,0.109727,PB1
2976_A/tiger/Yunnan/tig14,A/tiger/Yunnan/tig1412/2014,-0.016323,-0.075071,0.088862,0.122704,PB1
2977_A/tiger/Yunnan/tig15,A/tiger/Yunnan/tig1508/2015,-0.067815,-0.076103,0.044097,0.16956,PB1
2978_A/tundra_swan/Fujian,A/tundra_swan/Fujian/SD121/2023(H5N1),0.014567,-0.048392,0.081363,0.14828,PB1
2979_A/turtle_dove/Guangd,A/turtle_dove/Guangdong/300/2005,-0.031254,-0.090102,0.07835,0.12517,PB1
2980_A/turtle_dove/Hunan/,A/turtle_dove/Hunan/S4004/2020(H5N1),-0.074037,-0.067308,0.03462,0.152202,PB1
2981_A/whooper_swan/Henan,A/whooper_swan/Henan/8/2021,0.009883,-0.047615,0.096364,0.136573,PB1
2982_A/whooper_swan/Henan,A/whooper_swan/Henan/14/2021,0.009883,-0.047615,0.096364,0.136573,PB1
2983_A/whooper_swan/Henan,A/whooper_swan/Henan/44/2021,0.011054,-0.046283,0.092124,0.133127,PB1
2984_A/whooper_swan/Henan,A/whooper_swan/Henan/45/2021,0.009883,-0.047615,0.096364,0.136573,PB1
2985_A/whooper_swan/Henan,A/whooper_swan/Henan/46/2021,0.009883,-0.047615,0.096364,0.136573,PB1
2986_A/whooper_swan/Henan,A/whooper_swan/Henan/424/2021,0.00702,-0.049214,0.095154,0.138094,PB1
2987_A/whooper_swan/Henan,A/whooper_swan/Henan/SMX1/2015(H5N1),-0.054631,-0.066418,0.087664,0.105113,PB1
2988_A/whooper_swan/Henan,A/whooper_swan/Henan/SMX3/2015(H5N1),-0.051188,-0.067395,0.084634,0.102096,PB1
2989_A/whooper_swan/Henan,A/whooper_swan/Henan/SMX4/2015(H5N1),-0.051188,-0.067395,0.084634,0.102096,PB1
2990_A/whooper_swan/Henan,A/whooper_swan/Henan/SMX9/2015(H5N1),-0.050769,-0.070286,0.081742,0.099234,PB1
2991_A/whooper_swan/Shanx,A/whooper_swan/Shanxi/14/2021,0.009883,-0.047615,0.096364,0.136573,PB1
2992_A/whooper_swan/Shanx,A/whooper_swan/Shanxi/20/2021,0.009883,-0.047615,0.096364,0.136573,PB1
2993_A/wild_duck/Fujian/1,A/wild_duck/Fujian/1/2011,-0.036099,-0.079754,0.084396,0.1099,PB1
2994_A/wild_duck/Fujian/2,A/wild_duck/Fujian/2/2011,-0.034692,-0.073963,0.085044,0.105641,PB1
2995_A/wild_duck/Hebei/SD,A/wild_duck/Hebei/SD012/2021(H5N1),0.010638,-0.037641,0.082478,0.14048,PB1
2996_A/wild_duck/Jilin/HF,A/wild_duck/Jilin/HF/2011,-0.025758,-0.108375,0.061002,0.135257,PB1
2997_A/wild_duck/Jilin/ZF,A/wild_duck/Jilin/ZF/2011,-0.074604,-0.124941,0.068194,0.117007,PB1
2998_A/wild_duck/Shandong,A/wild_duck/Shandong/1/2011,-0.032038,-0.107861,0.053735,0.166857,PB1
2999_A/wild_duck/Shandong,A/wild_duck/Shandong/2/2011,-0.043543,-0.116506,0.051902,0.108656,PB1
3000_A/wild_duck/Shandong,A/wild_duck/Shandong/628/2011,-0.047708,-0.089158,0.014574,0.080432,PB1
3001_A/Xinjiang/1/2006|EP,A/Xinjiang/1/2006,-0.043562,-0.101703,0.070222,0.142755,PB1
3002_A/Xinjiang/1/2009|EP,A/Xinjiang/1/2009,-0.038805,-0.100164,0.079459,0.123021,PB1
3003_A/Zhejiang/1/2006|EP,A/Zhejiang/1/2006,-0.035692,-0.08989,0.077164,0.141702,PB1
3004_A/Anas_platyrhynchos,A/Anas_platyrhynchos/jiujiang/H5N1/2024_H5N1,-0.047779,-0.062336,0.083797,0.087451,PB1
3005_A/Anhui/1/2006_H5N1|,A/Anhui/1/2006_H5N1,-0.026311,-0.093213,0.05982,0.135723,PB1
3006_A/Anhui/1/2007_H5N1|,A/Anhui/1/2007_H5N1,-0.04084,-0.100032,0.08018,0.146538,PB1
3007_A/Anhui/2/2005_H5N1|,A/Anhui/2/2005_H5N1,-0.03706,-0.086949,0.07514,0.133258,PB1
3008_A/Anser_cygnoides/Ch,A/Anser_cygnoides/China/P126/2015_H5N1,-0.016578,-0.068504,0.072438,0.106694,PB1
3009_A/Anser_fabalis/jiuj,A/Anser_fabalis/jiujiang/H5N1/2024_H5N1,-0.047779,-0.062336,0.083797,0.087451,PB1
3010_A/Anser_fabalis/jiuj,A/Anser_fabalis/jiujiang/H5N1/2024_H5N1,-0.047779,-0.062336,0.083797,0.087451,PB1
3011_A/Anser_fabalis/jiuj,A/Anser_fabalis/jiujiang/H5N1/2024_H5N1,-0.047779,-0.062336,0.083797,0.087451,PB1
3012_A/Duck/Jiangxi/631/2,A/Duck/Jiangxi/631/2024_H5N1,-0.037704,-0.071752,0.073662,0.139706,PB1
3013_A/Guangdong/1/2008_H,A/Guangdong/1/2008_H5N1,-0.036833,-0.094689,0.065711,0.149985,PB1
3014_A/Guangdong/2/2006_H,A/Guangdong/2/2006_H5N1,-0.026824,-0.083723,0.0709,0.132999,PB1
3015_A/Guangxi/1/2005_H5N,A/Guangxi/1/2005_H5N1,-0.040829,-0.093995,0.081244,0.126011,PB1
3016_A/Guangxi/1/2008_H5N,A/Guangxi/1/2008_H5N1,-0.035219,-0.099509,0.077863,0.138479,PB1
3017_A/Guizhou/1/2009_H5N,A/Guizhou/1/2009_H5N1,-0.042287,-0.097747,0.08617,0.1271,PB1
3018_A/Hunan/1/2008_H5N1|,A/Hunan/1/2008_H5N1,-0.031219,-0.100716,0.059901,0.126675,PB1
3019_A/Hunan/2/2009_H5N1|,A/Hunan/2/2009_H5N1,-0.036413,-0.108371,0.082281,0.111665,PB1
3020_A/Japanese_white-eye,A/Japanese_white-eye/Taoyuan/Q454/2012_H5N1,-0.040423,-0.094572,0.09156,0.104807,PB1
3021_A/Nanjing/1/2015_H5N,A/Nanjing/1/2015_H5N1,-0.068412,-0.067313,0.04784,0.161509,PB1
3022_A/Shandong/1/2009_H5,A/Shandong/1/2009_H5N1,-0.039984,-0.086182,0.071825,0.134764,PB1
3023_A/Spatula_querquedul,A/Spatula_querquedula/chongming/H5N1/2024_H5N1,-0.047779,-0.062336,0.083797,0.087451,PB1
3024_A/Wild_bird/Huadong/,A/Wild_bird/Huadong/CM120/2017_H5N1,-0.076405,-0.085226,0.051376,0.152633,PB1
3025_A/Wild_bird/Huadong/,A/Wild_bird/Huadong/DT10/2019_H5N1,-0.062721,-0.07488,0.086517,0.092255,PB1
3026_A/Wild_bird/Huadong/,A/Wild_bird/Huadong/JYWB4/2013_H5N1,-0.039933,-0.084203,0.102373,0.112904,PB1
3027_A/Xinjiang/1/2009_H5,A/Xinjiang/1/2009_H5N1,-0.038805,-0.100164,0.079459,0.123021,PB1
3028_A/avian/Hong_Kong/07,A/avian/Hong_Kong/0719/2007_H5N1,-0.031546,-0.08161,0.080397,0.153651,PB1
3029_A/avian/Hong_Kong/19,A/avian/Hong_Kong/1993/2007_H5N1,-0.036833,-0.080554,0.082451,0.150819,PB1
3030_A/avian/Hong_Kong/23,A/avian/Hong_Kong/2372/2007_H5N1,-0.031546,-0.08161,0.080397,0.153651,PB1
3031_A/bar-headed_goose/Q,A/bar-headed_goose/Qinghai/1-HVRI/2006_H5N1,-0.062429,-0.111698,0.052101,0.126476,PB1
3032_A/bar-headed_goose/T,A/bar-headed_goose/Tibet/8/2006_H5N1,-0.051116,-0.104396,0.049474,0.131688,PB1
3033_A/brown-headed_gull/,A/brown-headed_gull/Qinghai/19/2009_H5N1,-0.023008,-0.073868,0.078807,0.119133,PB1
3034_A/brown-headed_gull/,A/brown-headed_gull/Qinghai/9/2009_H5N1,-0.026496,-0.071131,0.069359,0.127209,PB1
3035_A/chicken/China/Cang,A/chicken/China/Cangzhou03/2023_H5N1,-0.046702,-0.0605,0.07047,0.101891,PB1
3036_A/chicken/China/E93/,A/chicken/China/E93/2012_H5N1,-0.044876,-0.155705,0.050823,0.163034,PB1
3037_A/chicken/China/E96/,A/chicken/China/E96/2012_H5N1,-0.043991,-0.160459,0.046278,0.165449,PB1
3038_A/chicken/Eastern_Ch,A/chicken/Eastern_China/ZG16/2010_H5N1,-0.084857,-0.095258,0.01537,0.107096,PB1
3039_A/chicken/Eastern_Ch,A/chicken/Eastern_China/ZG56/2011_H5N1,-0.052899,-0.098146,0.03872,0.12187,PB1
3040_A/chicken/Fujian/1/2,A/chicken/Fujian/1/2007_H5N1,-0.032367,-0.098434,0.048759,0.126874,PB1
3041_A/chicken/Gansu/5/20,A/chicken/Gansu/5/2012_H5N1,-0.043354,-0.150972,0.069691,0.158204,PB1
3042_A/chicken/Gansu/6/20,A/chicken/Gansu/6/2012_H5N1,-0.047266,-0.159207,0.047072,0.162642,PB1
3043_A/chicken/Guangdong/,A/chicken/Guangdong/1/2005_H5N1,-0.03934,-0.120254,0.071679,0.13164,PB1
3044_A/chicken/Guangxi/S2,A/chicken/Guangxi/S2039/2009_H5N1,-0.033894,-0.083972,0.093293,0.103755,PB1
3045_A/chicken/Guizhou/7/,A/chicken/Guizhou/7/2008_H5N1,-0.069884,-0.067414,0.071643,0.132302,PB1
3046_A/chicken/Hebei/A-8/,A/chicken/Hebei/A-8/2009_H5N1,-0.042792,-0.151739,0.079037,0.173007,PB1
3047_A/chicken/Henan/A-7/,A/chicken/Henan/A-7/2006_H5N1,-0.049626,-0.117637,0.079884,0.138734,PB1
3048_A/chicken/Huadong/4/,A/chicken/Huadong/4/2008_H5N1,-0.03533,-0.136092,0.066722,0.167171,PB1
3049_A/chicken/Hubei/2856,A/chicken/Hubei/2856/2007_H5N1,-0.035531,-0.096952,0.072289,0.103583,PB1
3050_A/chicken/Hunan/1793,A/chicken/Hunan/1793/2007_H5N1,-0.025252,-0.09185,0.073054,0.140499,PB1
3051_A/chicken/Hunan/21/2,A/chicken/Hunan/21/2005_H5N1,-0.034295,-0.089815,0.066841,0.129966,PB1
3052_A/chicken/Hunan/3/20,A/chicken/Hunan/3/2007_H5N1,-0.034722,-0.079026,0.060415,0.114065,PB1
3053_A/chicken/Hunan/3157,A/chicken/Hunan/3157/2006_H5N1,-0.032835,-0.098472,0.075348,0.138593,PB1
3054_A/chicken/Hunan/8/20,A/chicken/Hunan/8/2008_H5N1,-0.027825,-0.081114,0.065592,0.116497,PB1
3055_A/chicken/Jiangsu/18,A/chicken/Jiangsu/18/2008_H5N1,-0.047682,-0.145818,0.052734,0.169261,PB1
3056_A/chicken/Jiangsu/24,A/chicken/Jiangsu/2477/2014_H5N1,-0.044148,-0.081915,0.097458,0.110781,PB1
3057_A/chicken/Jiangsu/92,A/chicken/Jiangsu/927/2013_H5N1,-0.029365,-0.101208,0.098028,0.08722,PB1
3058_A/chicken/Jiangsu/YB,A/chicken/Jiangsu/YB7/2015_H5N1,-0.06331,-0.075275,0.036642,0.156341,PB1
3059_A/chicken/Jiangsu/k0,A/chicken/Jiangsu/k0402/2010_H5N1,-0.077892,-0.078927,0.057699,0.129652,PB1
3060_A/chicken/Jiangxi/25,A/chicken/Jiangxi/25/2011_H5N1,-0.092662,-0.052641,0.114334,0.053165,PB1
3061_A/chicken/Liaoning/2,A/chicken/Liaoning/23/2005_H5N1,-0.043562,-0.101703,0.070222,0.142755,PB1
3062_A/chicken/Liaoning/A,A/chicken/Liaoning/A-1/2007_H5N1,-0.063651,-0.132031,0.072152,0.140414,PB1
3063_A/chicken/Liaoning/S,A/chicken/Liaoning/S4092/2011_H5N1,-0.048674,-0.155542,0.07061,0.163563,PB1
3064_A/chicken/Ningxia/2/,A/chicken/Ningxia/2/2012_H5N1,-0.043354,-0.150972,0.069691,0.158204,PB1
3065_A/chicken/Ningxia/22,A/chicken/Ningxia/222/2012_H5N1,-0.042456,-0.151771,0.069572,0.158024,PB1
3066_A/chicken/Ningxia/24,A/chicken/Ningxia/24/2006_H5N1,-0.063111,-0.115829,0.065984,0.133289,PB1
3067_A/chicken/North_Chin,A/chicken/North_China/k0604/2010_H5N1,-0.06755,-0.102437,0.021506,0.117275,PB1
3068_A/chicken/Shandong/A,A/chicken/Shandong/A-10/2006_H5N1,-0.032225,-0.124261,0.067604,0.166059,PB1
3069_A/chicken/Shantou/37,A/chicken/Shantou/3744/2003_H5N1,-0.020384,-0.114575,0.083785,0.148241,PB1
3070_A/chicken/Shanxi/10/,A/chicken/Shanxi/10/2006_H5N1,-0.050823,-0.111359,0.074979,0.139353,PB1
3071_A/chicken/Sheny/0606,A/chicken/Sheny/0606/2008_H5N1,-0.048155,-0.111271,0.074974,0.158823,PB1
3072_A/chicken/Sichuan/81,A/chicken/Sichuan/81/2005_H5N1,-0.042487,-0.092549,0.063192,0.142048,PB1
3073_A/chicken/Wuhan/HAQL,A/chicken/Wuhan/HAQL07/2014_H5N1,-0.069661,-0.070555,0.039423,0.15862,PB1
3074_A/chicken/Wuhan/HAQL,A/chicken/Wuhan/HAQL16/2014_H5N1,-0.068915,-0.070841,0.041119,0.158616,PB1
3075_A/chicken/Wuxi/WX-32,A/chicken/Wuxi/WX-32/2013_H5N1,-0.036694,-0.096208,0.087,0.101916,PB1
3076_A/chicken/Wuxi/WX-33,A/chicken/Wuxi/WX-33/2013_H5N1,-0.023118,-0.101148,0.065224,0.095528,PB1
3077_A/chicken/Xinjiang/1,A/chicken/Xinjiang/17/2005_H5N1,-0.030557,-0.119994,0.073223,0.148177,PB1
3078_A/chicken/Xinjiang/2,A/chicken/Xinjiang/27/2006_H5N1,-0.053205,-0.123243,0.07433,0.134847,PB1
3079_A/chicken/Xinjiang/5,A/chicken/Xinjiang/53/2005_H5N1,-0.046521,-0.107851,0.085356,0.13447,PB1
3080_A/chicken/Xinjiang/5,A/chicken/Xinjiang/54/2005_H5N1,-0.01973,-0.115435,0.084574,0.132286,PB1
3081_A/chicken/Xinjiang/6,A/chicken/Xinjiang/67/2005_H5N1,-0.03986,-0.115401,0.081843,0.137261,PB1
3082_A/chicken/Xinjiang/6,A/chicken/Xinjiang/68/2005_H5N1,-0.015732,-0.11259,0.085841,0.152349,PB1
3083_A/chicken/Yunnan/1/2,A/chicken/Yunnan/1/2014_H5N1,-0.044292,-0.06265,0.064583,0.09647,PB1
3084_A/chicken/Yunnan/207,A/chicken/Yunnan/207/2004_H5N1,-0.023655,-0.112646,0.07792,0.148801,PB1
3085_A/chicken/Yunnan/568,A/chicken/Yunnan/5686/2003_H5N1,-0.023474,-0.106542,0.079143,0.143098,PB1
3086_A/chicken/Yunnan/679,A/chicken/Yunnan/6797/2003_H5N1,-0.025035,-0.1087,0.080232,0.14487,PB1
3087_A/chicken/Yunnan/688,A/chicken/Yunnan/6885/2003_H5N1,-0.02354,-0.108298,0.079418,0.143353,PB1
3088_A/condor/Guangdong/1,A/condor/Guangdong/139/2003_H5N1,-0.031574,-0.106317,0.073836,0.147825,PB1
3089_A/domestic_green-win,A/domestic_green-winged_teal/Hunan/3450/2006_H5N1,-0.053055,-0.113231,0.05261,0.114328,PB1
3090_A/duck/Anhui/56/2005,A/duck/Anhui/56/2005_H5N1,-0.023464,-0.089454,0.072103,0.122993,PB1
3091_A/duck/China/0935/20,A/duck/China/0935/2017_H5N1,-0.023652,-0.08201,-0.001662,0.132213,PB1
3092_A/duck/China/1033/20,A/duck/China/1033/2017_H5N1,-0.033934,-0.087334,0.097933,0.092487,PB1
3093_A/duck/China/E26/201,A/duck/China/E26/2012_H5N1,-0.055842,-0.072969,0.083272,0.126677,PB1
3094_A/duck/China/E53/201,A/duck/China/E53/2012_H5N1,-0.012165,-0.086814,0.087984,0.111459,PB1
3095_A/duck/Eastern_China,A/duck/Eastern_China/057/2007_H5N1,-0.036638,-0.072204,0.066384,0.121905,PB1
3096_A/duck/Eastern_China,A/duck/Eastern_China/108/2008_H5N1,-0.056191,-0.09137,0.03367,0.107761,PB1
3097_A/duck/Eastern_China,A/duck/Eastern_China/909/2009_H5N1,-0.066557,-0.066129,0.036001,0.094726,PB1
3098_A/duck/Guangdong/23/,A/duck/Guangdong/23/2004_H5N1,-0.05539,-0.125477,0.049701,0.135101,PB1
3099_A/duck/Hubei/2911/20,A/duck/Hubei/2911/2007_H5N1,-0.039591,-0.099826,0.069057,0.137982,PB1
3100_A/duck/Hubei/49/2005,A/duck/Hubei/49/2005_H5N1,-0.039834,-0.091502,0.074315,0.13384,PB1
3101_A/duck/Hubei/xn/2007,A/duck/Hubei/xn/2007_H5N1,-0.04545,-0.090534,0.071407,0.135955,PB1
3102_A/duck/Hunan/3/2007_,A/duck/Hunan/3/2007_H5N1,-0.035815,-0.074338,0.066193,0.123616,PB1
3103_A/duck/Hunan/316/200,A/duck/Hunan/316/2005_H5N1,-0.02783,-0.117501,0.062669,0.152557,PB1
3104_A/duck/Hunan/3315/20,A/duck/Hunan/3315/2006_H5N1,-0.041312,-0.09031,0.066034,0.153012,PB1
3105_A/duck/Hunan/689/200,A/duck/Hunan/689/2006_H5N1,-0.03634,-0.095107,0.075007,0.129084,PB1
3106_A/duck/Hunan/733/200,A/duck/Hunan/733/2004_H5N1,-0.036421,-0.119015,0.069428,0.14075,PB1
3107_A/duck/Hunan/8/2008_,A/duck/Hunan/8/2008_H5N1,-0.051414,-0.04139,0.048458,0.127305,PB1
3108_A/duck/Hunan/S4020/2,A/duck/Hunan/S4020/2008_H5N1,-0.051065,-0.070422,0.064115,0.110013,PB1
3109_A/duck/Hunan/S4030/2,A/duck/Hunan/S4030/2011_H5N1,-0.026271,-0.088463,0.094734,0.083506,PB1
3110_A/duck/Hunan/S4150/2,A/duck/Hunan/S4150/2011_H5N1,-0.02578,-0.090508,0.038391,0.132027,PB1
3111_A/duck/Hunan/S4220/2,A/duck/Hunan/S4220/2011_H5N1,-0.015915,-0.088378,0.038329,0.136544,PB1
3112_A/duck/Jiangxi/120/2,A/duck/Jiangxi/120/2011_H5N1,-0.081559,-0.104566,0.020125,0.112318,PB1
3113_A/duck/Jiangxi/130/2,A/duck/Jiangxi/130/2011_H5N1,-0.040452,-0.078402,0.031654,0.124436,PB1
3114_A/duck/Jiangxi/34/20,A/duck/Jiangxi/34/2011_H5N1,-0.037817,-0.090068,0.106335,0.101075,PB1
3115_A/duck/Jiangxi/35/20,A/duck/Jiangxi/35/2011_H5N1,-0.052409,-0.102283,0.128725,0.062656,PB1
3116_A/duck/Jiangxi/44/20,A/duck/Jiangxi/44/2011_H5N1,-0.095739,-0.030205,0.080805,0.109332,PB1
3117_A/duck/Jiangxi/80/20,A/duck/Jiangxi/80/2005_H5N1,-0.012332,-0.126914,0.071174,0.148764,PB1
3118_A/duck/Jilin/JL-SIV/,A/duck/Jilin/JL-SIV/2013_H5N1,-0.045897,-0.08365,0.065787,0.128032,PB1
3119_A/duck/Nanchang/9789,A/duck/Nanchang/9789/2013_H5N1,-0.016241,-0.070634,0.099973,0.113538,PB1
3120_A/duck/Shandong/009/,A/duck/Shandong/009/2008_H5N1,-0.095352,-0.094604,0.07192,0.13321,PB1
3121_A/duck/Sichuan/NCXN1,A/duck/Sichuan/NCXN10/2014_H5N1,-0.011833,-0.064336,0.093505,0.118714,PB1
3122_A/duck/Sichuan/NCXN1,A/duck/Sichuan/NCXN11/2014_H5N1,-0.002549,-0.068342,0.09803,0.121568,PB1
3123_A/duck/Wenzhou/YJYF3,A/duck/Wenzhou/YJYF33/2015_H5N1,-0.069181,-0.067765,0.05082,0.154601,PB1
3124_A/duck/Yunnan/4072/2,A/duck/Yunnan/4072/2003_H5N1,-0.020312,-0.109214,0.076577,0.140525,PB1
3125_A/duck/Yunnan/426/20,A/duck/Yunnan/426/2004_H5N1,-0.023996,-0.10261,0.073993,0.139904,PB1
3126_A/duck/Yunnan/4645/2,A/duck/Yunnan/4645/2003_H5N1,-0.020312,-0.109214,0.076577,0.140525,PB1
3127_A/duck/Yunnan/47/200,A/duck/Yunnan/47/2006_H5N1,-0.051959,-0.094793,0.079497,0.13534,PB1
3128_A/duck/Yunnan/485/20,A/duck/Yunnan/485/2004_H5N1,-0.023655,-0.112646,0.07792,0.148801,PB1
3129_A/duck/Yunnan/4873/2,A/duck/Yunnan/4873/2006_H5N1,-0.025473,-0.089071,0.072176,0.134556,PB1
3130_A/duck/Yunnan/5090/2,A/duck/Yunnan/5090/2003_H5N1,-0.020317,-0.111184,0.082312,0.144838,PB1
3131_A/duck/Yunnan/5169/2,A/duck/Yunnan/5169/2003_H5N1,-0.019856,-0.114902,0.082003,0.143974,PB1
3132_A/duck/Yunnan/522/20,A/duck/Yunnan/522/2004_H5N1,-0.02354,-0.108298,0.079418,0.143353,PB1
3133_A/duck/Yunnan/5310/2,A/duck/Yunnan/5310/2006_H5N1,-0.048198,-0.092421,0.06877,0.133504,PB1
3134_A/duck/Yunnan/5948/2,A/duck/Yunnan/5948/2003_H5N1,-0.02354,-0.108298,0.079418,0.143353,PB1
3135_A/duck/Yunnan/6080/2,A/duck/Yunnan/6080/2003_H5N1,-0.02354,-0.108298,0.079418,0.143353,PB1
3136_A/duck/Yunnan/6603/2,A/duck/Yunnan/6603/2003_H5N1,-0.027534,-0.108736,0.077022,0.140963,PB1
3137_A/duck/Zhejiang/1220,A/duck/Zhejiang/1220092/2014_H5N1,-0.031142,-0.084511,0.092593,0.108128,PB1
3138_A/duck/Zhejiang/213/,A/duck/Zhejiang/213/2011_H5N1,-0.022654,-0.090067,0.07176,0.103841,PB1
3139_A/duck/Zhejiang/224/,A/duck/Zhejiang/224/2011_H5N1,-0.02274,-0.090965,0.091384,0.096706,PB1
3140_A/duck/Zhejiang/2242,A/duck/Zhejiang/2242/2011_H5N1,-0.02274,-0.090965,0.091384,0.096706,PB1
3141_A/duck/Zhejiang/2243,A/duck/Zhejiang/2243/2011_H5N1,-0.02274,-0.090965,0.091384,0.096706,PB1
3142_A/duck/Zhejiang/2244,A/duck/Zhejiang/2244/2011_H5N1,-0.02274,-0.090965,0.091384,0.096706,PB1
3143_A/duck/Zhejiang/2245,A/duck/Zhejiang/2245/2011_H5N1,-0.028591,-0.067291,0.044329,0.111325,PB1
3144_A/duck/Zhejiang/2248,A/duck/Zhejiang/2248/2011_H5N1,-0.02274,-0.090965,0.091384,0.096706,PB1
3145_A/equine/China/61/20,A/equine/China/61/2010_H5N1,-0.033527,-0.109477,0.073634,0.143465,PB1
3146_A/equine/China/67/20,A/equine/China/67/2010_H5N1,-0.033527,-0.109477,0.073634,0.143465,PB1
3147_A/equine/China/68/20,A/equine/China/68/2010_H5N1,-0.032706,-0.113671,0.072521,0.141363,PB1
3148_A/goose/China/E43/20,A/goose/China/E43/2012_H5N1,-0.023037,-0.093034,0.0751,0.123496,PB1
3149_A/goose/Eastern_Chin,A/goose/Eastern_China/223/2008_H5N1,-0.079541,-0.097809,0.044175,0.124532,PB1
3150_A/goose/GuangDong/11,A/goose/GuangDong/1189/2023_H5N1,-0.040153,-0.061853,0.075692,0.128614,PB1
3151_A/goose/Guangdong/72,A/goose/Guangdong/72/2004_H5N1,-0.030537,-0.127293,0.060045,0.154013,PB1
3152_A/goose/Hubei/65/200,A/goose/Hubei/65/2005_H5N1,-0.052936,-0.096728,0.066197,0.136867,PB1
3153_A/goose/Inner_Mongol,A/goose/Inner_Mongolia/IM-192/2014_H5N1,-0.059205,-0.080563,0.077913,0.143068,PB1
3154_A/goose/Jiangsu/k040,A/goose/Jiangsu/k0403/2010_H5N1,-0.074838,-0.070748,0.069516,0.138282,PB1
3155_A/goose/Yunnan/3798/,A/goose/Yunnan/3798/2006_H5N1,-0.030097,-0.092773,0.07788,0.138375,PB1
3156_A/goose/Yunnan/4371/,A/goose/Yunnan/4371/2006_H5N1,-0.028916,-0.090277,0.070859,0.133971,PB1
3157_A/goose/Yunnan/4389/,A/goose/Yunnan/4389/2006_H5N1,-0.031387,-0.090327,0.073127,0.136219,PB1
3158_A/goose/Yunnan/4985/,A/goose/Yunnan/4985/2006_H5N1,-0.028093,-0.08999,0.071544,0.134607,PB1
3159_A/goose/Yunnan/5141/,A/goose/Yunnan/5141/2006_H5N1,-0.020282,-0.079238,0.069206,0.143703,PB1
3160_A/goose/Yunnan/5769/,A/goose/Yunnan/5769/2006_H5N1,-0.040534,-0.093569,0.069926,0.137866,PB1
3161_A/goose/Yunnan/5979/,A/goose/Yunnan/5979/2006_H5N1,-0.040534,-0.093569,0.069926,0.137866,PB1
3162_A/goose/Yunnan/6193/,A/goose/Yunnan/6193/2006_H5N1,-0.031627,-0.084764,0.086951,0.136677,PB1
3163_A/goose/Zhejiang/112,A/goose/Zhejiang/112071/2014_H5N1,0.019819,-0.067412,0.07221,0.143263,PB1
3164_A/goose/Zhejiang/727,A/goose/Zhejiang/727098/2014_H5N1,-0.056787,-0.089396,0.070325,0.09974,PB1
3165_A/great_black-headed,A/great_black-headed_gull/Qinghai/8/2009_H5N1,-0.01926,-0.076104,0.065794,0.127444,PB1
3166_A/great_crested-greb,A/great_crested-grebe/Qinghai/1/2009_H5N1,-0.033204,-0.079354,0.063225,0.12796,PB1
3167_A/great_egret/Hong_K,A/great_egret/Hong_Kong/807/2008_H5N1,-0.056013,-0.079853,0.075903,0.112129,PB1
3168_A/great_tit/Panjing/,A/great_tit/Panjing/PJ-66/2013_H5N1,-0.05958,-0.074613,0.038018,0.140809,PB1
3169_A/grey_heron/Hong_Ko,A/grey_heron/Hong_Kong/1046/2008_H5N1,-0.037605,-0.087111,0.087913,0.119867,PB1
3170_A/grey_heron/Hong_Ko,A/grey_heron/Hong_Kong/3088/2007_H5N1,-0.058896,-0.084359,0.073878,0.112842,PB1
3171_A/hill_myna/Heilongj,A/hill_myna/Heilongjiang/0704/2012_H5N1,-0.039025,-0.092765,0.091965,0.104018,PB1
3172_A/lesser_kestrel/Hei,A/lesser_kestrel/Heilongjiang/194/2007_H5N1,-0.042378,-0.099181,0.080878,0.140939,PB1
3173_A/lion/Hubei/1-2/201,A/lion/Hubei/1-2/2016_H5N1,-0.062882,-0.057101,0.044547,0.166077,PB1
3174_A/little_egret/Hong_,A/little_egret/Hong_Kong/8550/2007_H5N1,-0.085733,-0.060351,0.059795,0.077946,PB1
3175_A/magpie_robin/Hong_,A/magpie_robin/Hong_Kong/1097/2008_H5N1,-0.044198,-0.084199,0.084427,0.121072,PB1
3176_A/magpie_robin/Hong_,A/magpie_robin/Hong_Kong/1897/2008_H5N1,-0.041493,-0.086785,0.083342,0.124936,PB1
3177_A/meerkat/Shanghai/S,A/meerkat/Shanghai/SH-1/2012_H5N1,-0.03476,-0.095343,0.081612,0.100331,PB1
3178_A/mink/China/G/2015_,A/mink/China/G/2015_H5N1,-0.037486,-0.079925,0.076874,0.112661,PB1
3179_A/mink/China/XB/2015,A/mink/China/XB/2015_H5N1,-0.068402,-0.071226,0.038362,0.156708,PB1
3180_A/mink/Eastern_China,A/mink/Eastern_China/0712/2018_H5N1,-0.106731,-0.04343,0.048995,0.141132,PB1
3181_A/ostrich/Suzhou/097,A/ostrich/Suzhou/097/2003_H5N1,-0.013106,-0.10012,0.063949,0.13375,PB1
3182_A/parrot/Guangdong/C,A/parrot/Guangdong/C99/2005_H5N1,-0.025186,-0.106369,0.078801,0.15231,PB1
3183_A/partridge/Shantou/,A/partridge/Shantou/2886/2003_H5N1,-0.031878,-0.10663,0.062092,0.143649,PB1
3184_A/peacock/Yunnan/1/2,A/peacock/Yunnan/1/2015_H5N1,-0.069738,-0.066604,0.042698,0.154332,PB1
3185_A/peacock/Yunnan/3/2,A/peacock/Yunnan/3/2015_H5N1,-0.069738,-0.066604,0.042698,0.154332,PB1
3186_A/peregrine_falcon/H,A/peregrine_falcon/Hong_Kong/2142/2008_H5N1,-0.091455,-0.104141,0.04549,0.144869,PB1
3187_A/pheasant/Shantou/3,A/pheasant/Shantou/3535/2003_H5N1,-0.029218,-0.104508,0.065969,0.148774,PB1
3188_A/pheasant/Shantou/4,A/pheasant/Shantou/4567/2002_H5N1,-0.015428,-0.116616,0.082525,0.149059,PB1
3189_A/pied_megpie/Liaoni,A/pied_megpie/Liaoning/7/2006_H5N1,-0.068374,-0.115174,0.071354,0.138359,PB1
3190_A/pigeon/Hubei/RP25/,A/pigeon/Hubei/RP25/2012_H5N1,-0.061069,-0.115238,0.041492,0.128801,PB1
3191_A/pigeon/Sichuan/NCX,A/pigeon/Sichuan/NCXN29/2014_H5N1,-0.00175,-0.069612,0.098533,0.121363,PB1
3192_A/pigeon/Zhejiang/11,A/pigeon/Zhejiang/112089/2014_H5N1,-0.0277,-0.085487,0.089562,0.105111,PB1
3193_A/pigeon/Zhejiang/11,A/pigeon/Zhejiang/112090/2014_H5N1,-0.037042,-0.085552,0.095329,0.112594,PB1
3194_A/pigeon/Zhejiang/72,A/pigeon/Zhejiang/727097/2014_H5N1,-0.056787,-0.089396,0.070325,0.09974,PB1
3195_A/plateau_pika/Qingh,A/plateau_pika/Qinghai/04/2007_H5N1,-0.062227,-0.078707,0.05747,0.108978,PB1
3196_A/quail/Guangxi/11/2,A/quail/Guangxi/11/2002_H5N1,0.006401,-0.12429,0.085619,0.123295,PB1
3197_A/quail/Guangxi/12/2,A/quail/Guangxi/12/2002_H5N1,0.004085,-0.124356,0.086638,0.127669,PB1
3198_A/quail/Guangxi/13/2,A/quail/Guangxi/13/2002_H5N1,0.005202,-0.120303,0.086612,0.119848,PB1
3199_A/quail/Nanchang/663,A/quail/Nanchang/6631/2013_H5N1,-0.019983,-0.074399,0.100203,0.1258,PB1
3200_A/shrike/Tibet/13/20,A/shrike/Tibet/13/2006_H5N1,-0.072331,-0.090728,0.051269,0.123846,PB1
3201_A/silky_chicken/Shan,A/silky_chicken/Shantou/475/2004_H5N1,-0.043439,-0.09597,0.058089,0.153348,PB1
3202_A/swan/Shanghai/10/2,A/swan/Shanghai/10/2009_H5N1,-0.035475,-0.067784,0.068616,0.143224,PB1
3203_A/swine/Guangxi/592/,A/swine/Guangxi/592/2011_H5N1,-0.032198,-0.09456,0.089427,0.109539,PB1
3204_A/swine/Jiangsu/1/20,A/swine/Jiangsu/1/2008_H5N1,-0.032764,-0.132693,0.055799,0.175253,PB1
3205_A/swine/Jiangsu/2/20,A/swine/Jiangsu/2/2009_H5N1,-0.058201,-0.092895,0.074469,0.123408,PB1
3206_A/swine/Shandong/SD1,A/swine/Shandong/SD1/2014_H5N1,-0.023567,-0.113968,0.097107,0.142605,PB1
3207_A/swine/Zhejiang/SW5,A/swine/Zhejiang/SW57/2015_H5N1,-0.029044,-0.097689,0.093456,0.085974,PB1
3208_A/tiger/Yunnan/tig14,A/tiger/Yunnan/tig1404/2014_H5N1,-0.013356,-0.06517,0.079757,0.109727,PB1
3209_A/tiger/Yunnan/tig14,A/tiger/Yunnan/tig1412/2014_H5N1,-0.016323,-0.075071,0.088862,0.122704,PB1
3210_A/tiger/Yunnan/tig15,A/tiger/Yunnan/tig1508/2015_H5N1,-0.067815,-0.076103,0.044097,0.16956,PB1
3211_A/turtle_dove/Guangd,A/turtle_dove/Guangdong/300/2005_H5N1,-0.031254,-0.090102,0.07835,0.12517,PB1
3212_A/waterfowl/Hong_Kon,A/waterfowl/Hong_Kong/378.5/2001_H5N1,-0.019807,-0.095821,0.095158,0.134909,PB1
3213_A/wild_duck/Fujian/1,A/wild_duck/Fujian/1/2011_H5N1,-0.036099,-0.079754,0.084396,0.1099,PB1
3214_A/wild_duck/Fujian/2,A/wild_duck/Fujian/2/2011_H5N1,-0.034692,-0.073963,0.085044,0.105641,PB1
3215_A/wild_duck/Jilin/HF,A/wild_duck/Jilin/HF/2011_H5N1,-0.025758,-0.108375,0.061002,0.135257,PB1
3216_A/wild_duck/Jilin/ZF,A/wild_duck/Jilin/ZF/2011_H5N1,-0.074604,-0.124941,0.068194,0.117007,PB1
3217_A/wild_duck/Liaoning,A/wild_duck/Liaoning/8/2006_H5N1,-0.035795,-0.110493,0.062353,0.144074,PB1
3218_A/wild_duck/Shandong,A/wild_duck/Shandong/1/2011_H5N1,-0.032038,-0.107861,0.053735,0.166857,PB1
3219_A/wild_duck/Shandong,A/wild_duck/Shandong/2/2011_H5N1,-0.043543,-0.116506,0.051902,0.108656,PB1
3220_A/wild_duck/Shandong,A/wild_duck/Shandong/628/2011_H5N1,-0.047708,-0.089158,0.014574,0.080432,PB1
3221_A/Indonesia/5/2005,A/Indonesia/5/2005,-0.065701,0.000048,-0.002679,0.074305,PB2
3222_A/Hong_Kong/483/1997,A/Hong Kong/483/1997,-0.110492,0.064885,-0.001802,0.112016,PB2
3223_A/Hong_Kong/482/97,A/Hong Kong/482/97,-0.126422,0.059332,0.018513,0.118498,PB2
3224_A/Chicken/HongKong/F,A/Chicken/HongKong/FY150/01,-0.070049,0.022357,-0.031178,0.093581,PB2
3225_A/Chicken/HongKong/Y,A/Chicken/HongKong/YU822.2/01,-0.067247,0.002921,-0.017578,0.083676,PB2
3226_A/Chicken/HongKong/Y,A/Chicken/HongKong/YU562/01,-0.070668,-0.026305,-0.012199,0.095289,PB2
3227_A/Pheasant/Hong_Kong,A/Pheasant/Hong Kong/FY155/01,-0.057381,-0.003227,-0.007187,0.089605,PB2
3228_A/Hong_Kong/486/97,A/Hong Kong/486/97,-0.12915,0.059509,0.016914,0.118669,PB2
3229_A/Thailand/16/2004,A/Thailand/16/2004,-0.067801,0.005246,-0.016746,0.075193,PB2
3230_A/Hong_Kong/538/97,A/Hong Kong/538/97,-0.136031,0.055268,0.031326,0.121725,PB2
3231_A/chicken/Indonesia/,A/chicken/Indonesia/7/2003,-0.066662,0.010506,-0.005029,0.082426,PB2
3232_A/chicken/Korea/ES/0,A/chicken/Korea/ES/03,-0.057732,0.003792,-0.015361,0.056774,PB2
3233_A/Hong_Kong/156/97,A/Hong Kong/156/97,-0.129406,0.061423,0.018296,0.107974,PB2
3234_A/whooper_swan/Mongo,A/whooper swan/Mongolia/244/2005,-0.067427,0.014702,-0.039864,0.08769,PB2
3235_A/Vietnam/UT3062/200,A/Vietnam/UT3062/2004,-0.057558,0.002863,-0.017195,0.065887,PB2
3236_A/Anas_platyrhynchos,A/Anas_platyrhynchos/Chongming/H5N1_1/2024,-0.110497,0.05275,0.022717,0.066301,PB2
3237_A/Anas_platyrhynchos,A/Anas_platyrhynchos/Jiujiang/H5N1/2024,-0.110497,0.05275,0.022717,0.066301,PB2
3238_A/Anhui/1/2005|EPI_I,A/Anhui/1/2005,-0.049211,0.005268,-0.043444,0.072439,PB2
3239_A/Anhui/1/2006|EPI_I,A/Anhui/1/2006,-0.056113,-0.029539,0.003339,0.114851,PB2
3240_A/Anhui/2/2005|EPI_I,A/Anhui/2/2005,-0.053343,0.012707,-0.036288,0.066957,PB2
3241_A/Anser_cygnoides/Ch,A/Anser_cygnoides/China/P126/2015,-0.079756,0.003902,-0.023839,0.115855,PB2
3242_A/Anser_fabalis/Jiuj,A/Anser_fabalis/Jiujiang/H5N1/2024,-0.110497,0.05275,0.022717,0.066301,PB2
3243_A/Bar-headed_Goose/Q,A/Bar-headed_Goose/Qinghai/BTY2/2015_H5N1,-0.086554,0.081621,0.048815,0.061613,PB2
3244_A/Bar-headed_Goose/T,A/Bar-headed_Goose/Tibet/XZ901/2021,-0.06579,0.085483,0.054724,0.045643,PB2
3245_A/Bar-headed_Goose/T,A/Bar-headed_Goose/Tibet/XZ1131/2021,-0.06704,0.088399,0.055989,0.04289,PB2
3246_A/Black_faced_Spoonb,A/Black_faced_Spoonbill/AFCD-HKU-22-21944-01009/2022,-0.103094,0.065629,0.037062,0.059546,PB2
3247_A/Black_Faced_Spoonb,A/Black_Faced_Spoonbill/Hong_Kong/AFCD-HKU-21-17198.01012/2021,-0.080944,0.098246,0.066263,0.039754,PB2
3248_A/Black_Faced_Spoonb,A/Black_Faced_Spoonbill/Hong_Kong/AFCD-HKU-22-21429-01012/2022,-0.104194,0.071374,0.02989,0.062379,PB2
3249_A/Black-necked_Grebe,A/Black-necked_Grebe/Inner_Mongolia/Anal_swab4/2015_H5N1,-0.093921,0.0842,0.027476,0.074906,PB2
3250_A/Black-necked_Grebe,A/Black-necked_Grebe/Inner_Mongolia/Brain1/2015_H5N1,-0.090351,0.086522,0.035836,0.08706,PB2
3251_A/Black-necked_Grebe,A/Black-necked_Grebe/Inner_Mongolia/Brain3/2015_H5N1,-0.099938,0.09132,0.032134,0.0786,PB2
3252_A/Black-necked_Grebe,A/Black-necked_Grebe/Inner_Mongolia/Liver3/2015_H5N1,-0.093882,0.087687,0.03645,0.080412,PB2
3253_A/Black-necked_Grebe,A/Black-necked_Grebe/Inner_Mongolia/Lung2/2015_H5N1,-0.09221,0.087438,0.035744,0.081049,PB2
3254_A/Black-necked_Grebe,A/Black-necked_Grebe/Inner_Mongolia/Lung3-2/2015_H5N1,-0.093882,0.087687,0.03645,0.080412,PB2
3255_A/Black-necked_Grebe,A/Black-necked_Grebe/Inner_Mongolia/Oropharynx_swab3/2015_H5N1,-0.093882,0.087687,0.03645,0.080412,PB2
3256_A/Black-necked_Grebe,A/Black-necked_Grebe/Inner_Mongolia/Trachea3/2015_H5N1,-0.09111,0.087922,0.032987,0.080418,PB2
3257_A/chicken/Anhui/S174,A/chicken/Anhui/S1740/2022(H5N1),-0.117369,0.093568,-0.001503,0.098884,PB2
3258_A/chicken/China/Cang,A/chicken/China/Cangzhou03/2023,-0.10898,0.050237,0.034546,0.058938,PB2
3259_A/chicken/China/E93/,A/chicken/China/E93/2012,-0.081909,-0.003042,-0.016753,0.065926,PB2
3260_A/chicken/China/E96/,A/chicken/China/E96/2012,-0.086343,0.002199,-0.020499,0.06633,PB2
3261_A/chicken/Gansu/5/20,A/chicken/Gansu/5/2012,-0.094579,0.000569,-0.010445,0.052666,PB2
3262_A/chicken/Gansu/6/20,A/chicken/Gansu/6/2012,-0.089934,-0.003138,-0.020496,0.060964,PB2
3263_A/chicken/Guangxi/S2,A/chicken/Guangxi/S2039/2009,-0.064801,-0.000995,0.00402,0.107433,PB2
3264_A/chicken/Hubei/2856,A/chicken/Hubei/2856/2007,-0.057718,0.031958,-0.005387,0.091335,PB2
3265_A/chicken/Hunan/1793,A/chicken/Hunan/1793/2007,-0.060762,-0.019324,0.006903,0.112629,PB2
3266_A/chicken/Hunan/3157,A/chicken/Hunan/3157/2006,-0.061306,0.038509,-0.005894,0.091226,PB2
3267_A/chicken/Hunan/S100,A/chicken/Hunan/S10029/2018(H5N1),-0.10946,-0.027003,-0.011777,0.10924,PB2
3268_A/chicken/Jiangsu/03,A/chicken/Jiangsu/03.17_WX006-P/2015(H5N1),-0.089918,0.048473,0.007069,0.089447,PB2
3269_A/chicken/Jiangsu/92,A/chicken/Jiangsu/927/2013,-0.065728,0.053576,-0.003177,0.070462,PB2
3270_A/chicken/Jiangsu/24,A/chicken/Jiangsu/2477/2014,-0.105308,0.09371,0.031889,0.070155,PB2
3271_A/chicken/Jiangsu/k0,A/chicken/Jiangsu/k0402/2010,-0.065211,0.021824,-0.00354,0.062222,PB2
3272_A/chicken/Jiangsu/SE,A/chicken/Jiangsu/SE2228/2017(H5N1),-0.089499,0.094721,0.02706,0.073527,PB2
3273_A/chicken/Jiangsu/YB,A/chicken/Jiangsu/YB7/2015,-0.0936,0.049112,0.017042,0.096595,PB2
3274_A/chicken/Jiangxi/25,A/chicken/Jiangxi/25/2011,-0.068789,0.0211,-0.042714,0.100317,PB2
3275_A/chicken/Jiangxi/S4,A/chicken/Jiangxi/S40653/2021(H5N1),-0.118317,0.092528,-0.001938,0.090699,PB2
3276_A/chicken/Jilin/04.1,A/chicken/Jilin/04.12_MHK001-O/2015(H5N1),-0.104582,0.091542,0.042284,0.077425,PB2
3277_A/chicken/Jilin/04.1,A/chicken/Jilin/04.12_MHK002-O/2015(H5N1),-0.104582,0.091542,0.042284,0.077425,PB2
3278_A/chicken/Jilin/04.1,A/chicken/Jilin/04.12_MHK003-O/2015(H5N1),-0.104582,0.091542,0.042284,0.077425,PB2
3279_A/chicken/Jilin/04.1,A/chicken/Jilin/04.12_MHK004-O/2015(Mixed),-0.103317,0.0917,0.041151,0.077578,PB2
3280_A/chicken/Jilin/04.2,A/chicken/Jilin/04.25_MHK009/2015(H5N1),-0.111257,0.093202,0.041523,0.080834,PB2
3281_A/chicken/Jilin/S125,A/chicken/Jilin/S1255/2019(H5N1),-0.097928,-0.000296,-0.0093,0.119462,PB2
3282_A/chicken/Jilin/S127,A/chicken/Jilin/S1271/2019(H5N1),-0.097232,-0.004106,-0.011977,0.124605,PB2
3283_A/chicken/Liaoning/S,A/chicken/Liaoning/S4092/2011,-0.100812,-0.000118,-0.008156,0.049399,PB2
3284_A/chicken/Liaoning/S,A/chicken/Liaoning/SD035/2018(H5N1),-0.09996,-0.002464,0.002394,0.118559,PB2
3285_A/chicken/Ningxia/2/,A/chicken/Ningxia/2/2012,-0.096251,0.000643,-0.013607,0.053355,PB2
3286_A/chicken/Ningxia/22,A/chicken/Ningxia/222/2012,-0.095849,0.001482,-0.013207,0.053675,PB2
3287_A/chicken/Shandong/1,A/chicken/Shandong/12.03_YA-CK/2014(H5N1),-0.089853,0.047427,0.007573,0.098128,PB2
3288_A/Chicken/Shandong/J,A/Chicken/Shandong/J01/2009,-0.103927,0.034863,0.003977,0.087341,PB2
3289_A/Chicken/Shandong/J,A/Chicken/Shandong/J02/2009,-0.088789,-0.013139,-0.00368,0.06094,PB2
3290_A/Chicken/Shandong/J,A/Chicken/Shandong/J03/2009,-0.09283,0.007745,-0.003456,0.078678,PB2
3291_A/Chicken/Shandong/J,A/Chicken/Shandong/J04/2009,-0.095388,0.001032,-0.019368,0.054493,PB2
3292_A/Chicken/Shandong/J,A/Chicken/Shandong/J06/2009,-0.048287,0.00755,-0.004439,0.060067,PB2
3293_A/chicken/Shanghai/S,A/chicken/Shanghai/S1123/2019(H5N1),-0.095296,0.088204,0.028198,0.082184,PB2
3294_A/chicken/Shanghai/S,A/chicken/Shanghai/S4030/2017(H5N1),-0.103613,0.095323,0.030109,0.075433,PB2
3295_A/chicken/Wuxi/WX-32,A/chicken/Wuxi/WX-32/2013,-0.070189,0.062844,-0.004598,0.076464,PB2
3296_A/chicken/Wuxi/WX-33,A/chicken/Wuxi/WX-33/2013,-0.079836,0.048179,-0.006013,0.077602,PB2
3297_A/chicken/Xinjiang/S,A/chicken/Xinjiang/S1016/2019(H5N1),-0.093578,0.088094,0.027115,0.082953,PB2
3298_A/chicken/Xinjiang/S,A/chicken/Xinjiang/S1081/2019(H5N1),-0.0938,0.089905,0.026498,0.081718,PB2
3299_A/chicken/Xinjiang/S,A/chicken/Xinjiang/S1170/2019(H5N1),-0.095073,0.09125,0.026827,0.086623,PB2
3300_A/chicken/Yunnan/1/2,A/chicken/Yunnan/1/2014,-0.08177,0.007332,-0.037945,0.11799,PB2
3301_A/condor/Guangdong/1,A/condor/Guangdong/139/2003,-0.131072,0.061328,0.08759,0.025754,PB2
3302_A/Curlew/Hong_Kong/A,A/Curlew/Hong_Kong/AFCD-HKU-22-01095.01009/2022,-0.082993,0.093776,0.071171,0.051679,PB2
3303_A/Cygnus_columbianus,A/Cygnus_columbianus/Hubei/117/2021,-0.094513,0.04991,0.027989,0.076404,PB2
3304_A/Cygnus_columbianus,A/Cygnus_columbianus/Hubei/121/2021,-0.073766,0.088133,0.056769,0.051554,PB2
3305_A/Cygnus_columbianus,A/Cygnus_columbianus/Hubei/123/2021,-0.094513,0.04991,0.027989,0.076404,PB2
3306_A/Cygnus_columbianus,A/Cygnus_columbianus/Hubei/128/2021,-0.094513,0.04991,0.027989,0.076404,PB2
3307_A/domestic_green-win,A/domestic_green-winged_teal/Hunan/3450/2006,-0.0753,0.0757,0.000584,0.057439,PB2
3308_A/duck/China/E26/201,A/duck/China/E26/2012,-0.081722,0.045604,-0.069494,0.099474,PB2
3309_A/duck/China/E53/201,A/duck/China/E53/2012,-0.070411,0.006145,0.004277,0.107485,PB2
3310_A/duck/Eastern_China,A/duck/Eastern_China/108/2008,-0.09104,0.061929,0.032762,0.092762,PB2
3311_A/duck/Eastern_China,A/duck/Eastern_China/909/2009,-0.089513,0.057745,0.034222,0.089665,PB2
3312_A/duck/Fujian/S1233/,A/duck/Fujian/S1233/2018(H5N1),-0.097979,0.103822,0.031175,0.029213,PB2
3313_A/duck/Fujian/S1273/,A/duck/Fujian/S1273/2018(H5N1),-0.098058,0.101707,0.031508,0.02952,PB2
3314_A/Duck/Fujian/S4146/,A/Duck/Fujian/S4146/2010,-0.067738,0.025934,-0.041993,0.112079,PB2
3315_A/duck/Guangdong/S45,A/duck/Guangdong/S4518/2021(H5N1),-0.084774,0.093523,0.07759,0.047757,PB2
3316_A/duck/Guangdong/S45,A/duck/Guangdong/S4525/2021(H5N1),-0.082957,0.09322,0.074753,0.045085,PB2
3317_A/duck/Guizhou/S1321,A/duck/Guizhou/S1321/2022(H5N1),-0.08526,0.091212,0.067612,0.037918,PB2
3318_A/duck/Guizhou/S1711,A/duck/Guizhou/S1711/2024(H5N1),-0.056874,0.073135,0.00586,0.074224,PB2
3319_A/duck/Hubei/03.06__,A/duck/Hubei/03.06__WHWTZ0155-P/2015(H5N1),-0.088847,0.048282,0.011729,0.084273,PB2
3320_A/duck/Hubei/46/2009,A/duck/Hubei/46/2009,-0.104507,0.015182,-0.04341,0.083089,PB2
3321_A/duck/Hubei/2911/20,A/duck/Hubei/2911/2007,-0.045447,0.035747,-0.005793,0.078554,PB2
3322_A/duck/Hubei/S4465/2,A/duck/Hubei/S4465/2021(H5N1),-0.107542,0.088333,-0.009425,0.097427,PB2
3323_A/duck/Hubei/SE128/2,A/duck/Hubei/SE128/2022(H5N1),-0.116689,0.09129,-0.003844,0.089466,PB2
3324_A/duck/Hubei/SE220/2,A/duck/Hubei/SE220/2022(H5N1),-0.08008,0.093127,0.071451,0.044395,PB2
3325_A/duck/Hubei/xn/2007,A/duck/Hubei/xn/2007,-0.051861,0.011394,-0.038892,0.074985,PB2
3326_A/duck/Hunan/03.07_Y,A/duck/Hunan/03.07_YYGK1L3-OC/2018,-0.10946,-0.027003,-0.011777,0.10924,PB2
3327_A/duck/Hunan/12.07__,A/duck/Hunan/12.07__YYGK44-P/2013(Mixed),-0.050739,-0.033689,-0.011474,0.153295,PB2
3328_A/duck/Hunan/12.07__,A/duck/Hunan/12.07__YYGK97-P/2013(H5N1),-0.081134,-0.03245,-0.027544,0.09969,PB2
3329_A/duck/Hunan/12.07_Y,A/duck/Hunan/12.07_YYGK007-P/2013(H5N1),-0.081134,-0.03245,-0.027544,0.09969,PB2
3330_A/duck/Hunan/12.07_Y,A/duck/Hunan/12.07_YYGK100-P/2013(H5N1),-0.066541,-0.050395,-0.019073,0.104119,PB2
3331_A/duck/Hunan/316/200,A/duck/Hunan/316/2005,-0.059695,0.027329,0.003742,0.092685,PB2
3332_A/duck/Hunan/689/200,A/duck/Hunan/689/2006,-0.046024,0.02935,-0.01214,0.082877,PB2
3333_A/duck/Hunan/3315/20,A/duck/Hunan/3315/2006,-0.062638,-0.024987,-0.002448,0.121833,PB2
3334_A/duck/Hunan/S4020/2,A/duck/Hunan/S4020/2008,-0.065469,0.018817,-0.019668,0.076442,PB2
3335_A/duck/Hunan/S4030/2,A/duck/Hunan/S4030/2011,-0.094354,-0.026809,-0.001449,0.115839,PB2
3336_A/duck/Hunan/S4150/2,A/duck/Hunan/S4150/2011,-0.056015,0.008188,-0.014214,0.083902,PB2
3337_A/duck/Hunan/S4220/2,A/duck/Hunan/S4220/2011,-0.053934,0.016935,-0.040608,0.104606,PB2
3338_A/duck/Jiangsu/S4439,A/duck/Jiangsu/S4439/2017(H5N1),-0.101999,0.096936,0.02646,0.081989,PB2
3339_A/duck/Jiangsu/SE112,A/duck/Jiangsu/SE1128/2018(H5N1),-0.093116,0.096252,0.026782,0.073397,PB2
3340_A/duck/Jiangxi/34/20,A/duck/Jiangxi/34/2011,-0.070865,-0.006978,-0.04875,0.108762,PB2
3341_A/duck/Jiangxi/35/20,A/duck/Jiangxi/35/2011,-0.05792,0.008867,-0.036666,0.103251,PB2
3342_A/duck/Jiangxi/44/20,A/duck/Jiangxi/44/2011,-0.122278,0.041095,0.031434,0.050332,PB2
3343_A/duck/Jiangxi/120/2,A/duck/Jiangxi/120/2011,-0.043255,0.014157,-0.009841,0.07966,PB2
3344_A/duck/Jiangxi/130/2,A/duck/Jiangxi/130/2011,-0.056515,0.011751,-0.017496,0.069404,PB2
3345_A/duck/Jiangxi/S4083,A/duck/Jiangxi/S40833/2021(H5N1),-0.11479,0.091794,-0.004183,0.083169,PB2
3346_A/duck/Jilin/04.04_S,A/duck/Jilin/04.04_SY002-O/2015(Mixed),-0.106508,0.081087,0.037447,0.097139,PB2
3347_A/duck/Jilin/JL-SIV/,A/duck/Jilin/JL-SIV/2013,-0.045497,-0.033118,0.014283,0.123469,PB2
3348_A/duck/Jilin/S1261/2,A/duck/Jilin/S1261/2019(H5N1),-0.098379,-0.003744,-0.007884,0.122005,PB2
3349_A/duck/Jilin/S4171/2,A/duck/Jilin/S4171/2019(H5N1),-0.099995,-0.00088,0.000699,0.119555,PB2
3350_A/duck/Nanchang/9789,A/duck/Nanchang/9789/2013,-0.052207,0.006299,-0.031403,0.108287,PB2
3351_A/duck/Shandong/009/,A/duck/Shandong/009/2008,-0.080176,0.081178,0.04332,0.083981,PB2
3352_A/Duck/Shandong/Y01/,A/Duck/Shandong/Y01/2009,-0.055726,0.018368,-0.00781,0.067425,PB2
3353_A/Duck/Shandong/Y02/,A/Duck/Shandong/Y02/2009,-0.051826,0.006764,0.003058,0.065641,PB2
3354_A/duck/Sichuan/NCXN1,A/duck/Sichuan/NCXN10/2014,-0.078752,-0.001644,-0.02345,0.108019,PB2
3355_A/duck/Sichuan/NCXN1,A/duck/Sichuan/NCXN11/2014,-0.082004,0.000056,-0.027078,0.110615,PB2
3356_A/duck/Xinjiang/S106,A/duck/Xinjiang/S1066/2019(H5N1),-0.091845,0.088902,0.027418,0.082451,PB2
3357_A/duck/Xinjiang/S112,A/duck/Xinjiang/S1126/2019(H5N1),-0.095296,0.088204,0.028198,0.082184,PB2
3358_A/duck/Zhejiang/1220,A/duck/Zhejiang/1220092/2014,-0.094453,0.089179,0.030941,0.073483,PB2
3359_A/duck/Zhejiang/S409,A/duck/Zhejiang/S4091/2017(H5N1),-0.094226,0.090466,0.023633,0.06521,PB2
3360_A/equine/China/61/20,A/equine/China/61/2010,-0.059828,0.016698,-0.017371,0.087475,PB2
3361_A/equine/China/67/20,A/equine/China/67/2010,-0.061163,0.015863,-0.008635,0.086303,PB2
3362_A/equine/China/68/20,A/equine/China/68/2010,-0.052077,0.004699,-0.01243,0.065057,PB2
3363_A/Eurasian_Teal/Hong,A/Eurasian_Teal/Hong_Kong/AFCD-HKU-23-14009-01020/2023,-0.027691,0.044412,-0.009441,0.066877,PB2
3364_A/Eurasian_Teal/Hong,A/Eurasian_Teal/Hong_Kong/AFCD-HKU-23-14383-02001/2023,-0.02775,0.052404,-0.017426,0.069439,PB2
3365_A/Eurasian_Wigeon/Ho,A/Eurasian_Wigeon/Hong_Kong/AFCD-HKU-23-14484-01001/2023,-0.027056,0.052006,-0.017199,0.069149,PB2
3366_A/Eurasian_Wigeon/Ho,A/Eurasian_Wigeon/Hong_Kong/AFCD-HKU-23-14524-01009/2023,-0.027056,0.052006,-0.017199,0.069149,PB2
3367_A/Falco_peregrinus/B,A/Falco_peregrinus/Beijing/1/_2022,-0.102709,0.040826,0.03772,0.051647,PB2
3368_A/Fujian/1/2005|EPI_,A/Fujian/1/2005,-0.053661,-0.028453,0.006351,0.124457,PB2
3369_A/Fujian/1/2007|EPI_,A/Fujian/1/2007,-0.047812,0.021925,-0.014761,0.088402,PB2
3370_A/Gallinago_Stenura/,A/Gallinago_Stenura/Hong_Kong/AFCD-HKU-23-14383-01014/2023,-0.027056,0.052006,-0.017199,0.069149,PB2
3371_A/goose/China/E43/20,A/goose/China/E43/2012,-0.071997,0.019355,-0.052033,0.096295,PB2
3372_A/goose/Guangdong/SH,A/goose/Guangdong/SH7/2013(H5N1),-0.082749,0.007192,-0.025759,0.117647,PB2
3373_A/goose/Guizhou/S154,A/goose/Guizhou/S1541/2022(H5N1),-0.08526,0.091212,0.067612,0.037918,PB2
3374_A/goose/Hunan/SE284/,A/goose/Hunan/SE284/2022(H5N1),-0.101216,0.063043,0.037921,0.058698,PB2
3375_A/goose/Inner_Mongol,A/goose/Inner_Mongolia/IM-192/2014,-0.115648,0.034066,0.049582,0.049199,PB2
3376_A/goose/Jiangsu/k040,A/goose/Jiangsu/k0403/2010,-0.060415,0.02745,-0.022662,0.068614,PB2
3377_A/goose/Jilin/S4034/,A/goose/Jilin/S4034/2019(H5N1),-0.096713,-0.002122,-0.006235,0.119846,PB2
3378_A/goose/Shandong/03.,A/goose/Shandong/03.10_HZ/2015(H5N1),-0.096239,0.094757,0.032223,0.069888,PB2
3379_A/goose/Shandong/GS/,A/goose/Shandong/GS/2013(H5N1),-0.067269,0.054724,0.003787,0.064916,PB2
3380_A/goose/Zhejiang/112,A/goose/Zhejiang/112071/2014,-0.108447,0.094374,0.031515,0.075084,PB2
3381_A/goose/Zhejiang/727,A/goose/Zhejiang/727098/2014,-0.061424,0.059543,-0.001395,0.076544,PB2
3382_A/Great_black-headed,A/Great_black-headed_Gull/Qinghai/YO1/2015_H5N1,-0.086038,0.079585,0.047777,0.059681,PB2
3383_A/Great_black-headed,A/Great_black-headed_Gull/Qinghai/YO6/2015_H5N1,-0.086554,0.081621,0.048815,0.061613,PB2
3384_A/Great_Cormorant/Hu,A/Great_Cormorant/Hubei/chenhu_V9/2015,-0.090507,0.049621,0.013839,0.092535,PB2
3385_A/Great_Cormorant/Hu,A/Great_Cormorant/Hubei/chenhu_V10/2015,-0.085241,0.049966,0.017306,0.08629,PB2
3386_A/Great_Cormorant/Hu,A/Great_Cormorant/Hubei/VI128/2015_H5N1,-0.100983,0.054213,0.007222,0.08148,PB2
3387_A/Great_Cormorant/Hu,A/Great_Cormorant/Hubei/VI132/2015_H5N1,-0.099553,0.059042,0.009725,0.077505,PB2
3388_A/Great_Cormorant/Hu,A/Great_Cormorant/Hubei/VI133/2015_H5N1,-0.102196,0.057043,0.00845,0.078808,PB2
3389_A/Guangdong/1/2006|E,A/Guangdong/1/2006,-0.053682,-0.033219,0.005319,0.122287,PB2
3390_A/Guangdong/1/2008|E,A/Guangdong/1/2008,-0.040185,-0.028406,-0.002016,0.131829,PB2
3391_A/Guangdong/2/2006|E,A/Guangdong/2/2006,-0.053309,0.018289,-0.008831,0.063342,PB2
3392_A/Guangxi/1/2005|EPI,A/Guangxi/1/2005,-0.053343,0.012707,-0.036288,0.066957,PB2
3393_A/Guangxi/1/2005|EPI,A/Guangxi/1/2005,-0.052475,0.012555,-0.007869,0.08033,PB2
3394_A/Guangxi/1/2008|EPI,A/Guangxi/1/2008,-0.069324,-0.034091,-0.012778,0.093354,PB2
3395_A/Guizhou/1/2009|EPI,A/Guizhou/1/2009,-0.06236,0.041549,-0.015972,0.086769,PB2
3396_A/hill_myna/Heilongj,A/hill_myna/Heilongjiang/0704/2012,-0.07064,-0.031348,-0.013551,0.119495,PB2
3397_A/Hong_Kong/5923/201,A/Hong_Kong/5923/2012,-0.077591,0.018807,-0.045672,0.121898,PB2
3398_A/Hunan/1/2006|EPI_I,A/Hunan/1/2006,-0.051345,0.018037,-0.006805,0.07729,PB2
3399_A/Hunan/1/2008|EPI_I,A/Hunan/1/2008,-0.055496,-0.026144,-0.009069,0.116405,PB2
3400_A/Hunan/2/2009|EPI_I,A/Hunan/2/2009,-0.064615,0.04209,-0.007388,0.089775,PB2
3401_A/Japanese_white-eye,A/Japanese_white-eye/Taoyuan/Q454/2012,-0.070569,-0.031887,-0.015871,0.119332,PB2
3402_A/Jiangsu/1/2007|EPI,A/Jiangsu/1/2007,-0.065464,-0.024897,0.021209,0.124583,PB2
3403_A/Jiangsu/2/2007|EPI,A/Jiangsu/2/2007,-0.065464,-0.024897,0.021209,0.124583,PB2
3404_A/Jiangxi/1/2005|EPI,A/Jiangxi/1/2005,-0.062434,-0.03007,0.009524,0.140409,PB2
3405_A/lesser_kestrel/Hei,A/lesser_kestrel/Heilongjiang/194/2007,-0.036855,0.066785,0.000418,0.072513,PB2
3406_A/lion/Hubei/1-2/201,A/lion/Hubei/1-2/2016,-0.10202,0.051899,0.015069,0.086095,PB2
3407_A/mallard/Heilongjia,A/mallard/Heilongjiang/HLJ-69/2013,-0.089817,0.016887,0.018944,0.0727,PB2
3408_A/mandarin_duck/Heil,A/mandarin_duck/Heilongjiang/HL-1/2021,-0.073667,0.090937,0.057283,0.063859,PB2
3409_A/mandarin_duck/Hena,A/mandarin_duck/Henan/426/2021,-0.101361,0.066037,0.032455,0.058407,PB2
3410_A/meerkat/Shanghai/S,A/meerkat/Shanghai/SH-1/2012,-0.073962,0.051318,0.001302,0.08017,PB2
3411_A/mink/China/G/2015|,A/mink/China/G/2015,-0.059111,0.022036,-0.050747,0.094634,PB2
3412_A/mink/China/XB/2015,A/mink/China/XB/2015,-0.091379,0.059731,0.012225,0.097857,PB2
3413_A/mink/Eastern_China,A/mink/Eastern_China/0712/2018,-0.108333,0.00757,0.036014,0.070558,PB2
3414_A/Nanjing/1/2015|EPI,A/Nanjing/1/2015,-0.088737,0.041164,0.010682,0.084657,PB2
3415_A/ostrich/Suzhou/097,A/ostrich/Suzhou/097/2003,-0.048868,0.047039,-0.000577,0.063426,PB2
3416_A/parrot/Guangdong/C,A/parrot/Guangdong/C99/2005,-0.058663,0.005789,-0.028262,0.074853,PB2
3417_A/peacock/Yunnan/1/2,A/peacock/Yunnan/1/2015,-0.091046,0.068202,0.017957,0.0655,PB2
3418_A/peacock/Yunnan/3/2,A/peacock/Yunnan/3/2015,-0.089564,0.064218,0.015953,0.069333,PB2
3419_A/pigeon/Hubei/RP25/,A/pigeon/Hubei/RP25/2012,-0.059353,0.024112,-0.017586,0.084928,PB2
3420_A/pigeon/Jiangsu/12.,A/pigeon/Jiangsu/12.22_TCCX053-P/2014(Mixed),-0.103497,0.092462,0.033054,0.076367,PB2
3421_A/pigeon/Jiangxi/S40,A/pigeon/Jiangxi/S40784/2021(H5N1),-0.11479,0.091794,-0.004183,0.083169,PB2
3422_A/pigeon/Jilin/04.25,A/pigeon/Jilin/04.25_CCHL019-O/2015(H5N1),-0.098153,0.090442,0.035383,0.072185,PB2
3423_A/pigeon/Jilin/S4176,A/pigeon/Jilin/S4176/2019(H5N1),-0.099802,-0.001988,0.00117,0.119262,PB2
3424_A/pigeon/Sichuan/NCX,A/pigeon/Sichuan/NCXN29/2014,-0.065442,0.004,-0.04525,0.114216,PB2
3425_A/pigeon/Zhejiang/11,A/pigeon/Zhejiang/112089/2014,-0.104284,0.092408,0.025999,0.083766,PB2
3426_A/pigeon/Zhejiang/11,A/pigeon/Zhejiang/112090/2014,-0.094453,0.089179,0.030941,0.073483,PB2
3427_A/pigeon/Zhejiang/72,A/pigeon/Zhejiang/727097/2014,-0.062073,0.060514,-0.001689,0.076856,PB2
3428_A/plateau_pika/Qingh,A/plateau_pika/Qinghai/04/2007,-0.078296,0.061509,0.023315,0.087913,PB2
3429_A/quail/Nanchang/663,A/quail/Nanchang/6631/2013,-0.045008,0.008521,-0.030964,0.108286,PB2
3430_A/Shandong/1/2009|EP,A/Shandong/1/2009,-0.062663,-0.01912,0.007012,0.136327,PB2
3431_A/Sichuan/1/2006|EPI,A/Sichuan/1/2006,-0.049418,0.014548,-0.039045,0.061907,PB2
3432_A/Sichuan/2/2006|EPI,A/Sichuan/2/2006,-0.054783,0.014786,-0.040514,0.061231,PB2
3433_A/Spatula_querquedul,A/Spatula_querquedula/Chongming/H5N1_1/2024,-0.110497,0.05275,0.022717,0.066301,PB2
3434_A/swine/Shandong/SD1,A/swine/Shandong/SD1/2014,-0.073003,-0.022209,0.004674,0.098987,PB2
3435_A/tiger/Yunnan/tig14,A/tiger/Yunnan/tig1404/2014,-0.075467,0.007616,-0.018807,0.107704,PB2
3436_A/tiger/Yunnan/tig14,A/tiger/Yunnan/tig1412/2014,-0.057706,0.010914,-0.047913,0.110916,PB2
3437_A/tiger/Yunnan/tig15,A/tiger/Yunnan/tig1508/2015,-0.086102,0.047703,0.025882,0.077464,PB2
3438_A/tundra_swan/Fujian,A/tundra_swan/Fujian/SD121/2023(H5N1),-0.032854,0.042449,-0.010715,0.072708,PB2
3439_A/turtle_dove/Guangd,A/turtle_dove/Guangdong/300/2005,-0.052294,0.014366,-0.046239,0.065094,PB2
3440_A/turtle_dove/Hunan/,A/turtle_dove/Hunan/S4004/2020(H5N1),-0.090457,0.052566,0.00448,0.098913,PB2
3441_A/whooper_swan/Henan,A/whooper_swan/Henan/8/2021,-0.103374,0.068596,0.033756,0.061362,PB2
3442_A/whooper_swan/Henan,A/whooper_swan/Henan/14/2021,-0.101997,0.064615,0.035355,0.061486,PB2
3443_A/whooper_swan/Henan,A/whooper_swan/Henan/44/2021,-0.103374,0.068596,0.033756,0.061362,PB2
3444_A/whooper_swan/Henan,A/whooper_swan/Henan/45/2021,-0.103374,0.068596,0.033756,0.061362,PB2
3445_A/whooper_swan/Henan,A/whooper_swan/Henan/46/2021,-0.103374,0.068596,0.033756,0.061362,PB2
3446_A/whooper_swan/Henan,A/whooper_swan/Henan/424/2021,-0.105036,0.063907,0.032653,0.058133,PB2
3447_A/whooper_swan/Henan,A/whooper_swan/Henan/SMX1/2015(H5N1),-0.089124,0.088491,0.033267,0.081675,PB2
3448_A/whooper_swan/Henan,A/whooper_swan/Henan/SMX3/2015(H5N1),-0.089782,0.089449,0.033285,0.082238,PB2
3449_A/whooper_swan/Henan,A/whooper_swan/Henan/SMX4/2015(H5N1),-0.087583,0.087213,0.031311,0.081307,PB2
3450_A/whooper_swan/Henan,A/whooper_swan/Henan/SMX9/2015(H5N1),-0.093262,0.088319,0.029743,0.081224,PB2
3451_A/whooper_swan/Shanx,A/whooper_swan/Shanxi/14/2021,-0.103374,0.068596,0.033756,0.061362,PB2
3452_A/whooper_swan/Shanx,A/whooper_swan/Shanxi/20/2021,-0.103374,0.068596,0.033756,0.061362,PB2
3453_A/wild_duck/Fujian/1,A/wild_duck/Fujian/1/2011,-0.066881,0.01868,-0.034271,0.130636,PB2
3454_A/wild_duck/Fujian/2,A/wild_duck/Fujian/2/2011,-0.066396,0.015868,-0.035285,0.131081,PB2
3455_A/wild_duck/Hebei/SD,A/wild_duck/Hebei/SD012/2021(H5N1),-0.042603,0.045184,-0.010314,0.067084,PB2
3456_A/wild_duck/Jilin/HF,A/wild_duck/Jilin/HF/2011,-0.05937,0.023944,-0.018242,0.093233,PB2
3457_A/wild_duck/Jilin/ZF,A/wild_duck/Jilin/ZF/2011,-0.094625,0.019131,0.009016,0.086327,PB2
3458_A/wild_duck/Shandong,A/wild_duck/Shandong/1/2011,-0.093112,0.001399,-0.006642,0.054266,PB2
3459_A/wild_duck/Shandong,A/wild_duck/Shandong/2/2011,-0.057272,0.021443,0.007528,0.063725,PB2
3460_A/wild_duck/Shandong,A/wild_duck/Shandong/628/2011,-0.092515,0.046146,0.086135,0.061521,PB2
3461_A/Xinjiang/1/2006|EP,A/Xinjiang/1/2006,-0.05759,0.029114,-0.03794,0.091064,PB2
3462_A/Xinjiang/1/2009|EP,A/Xinjiang/1/2009,-0.056886,0.01367,-0.004617,0.09741,PB2
3463_A/Zhejiang/1/2006|EP,A/Zhejiang/1/2006,-0.057517,0.006892,-0.032319,0.06847,PB2
3464_A/Anas_platyrhynchos,A/Anas_platyrhynchos/jiujiang/H5N1/2024_H5N1,-0.110497,0.05275,0.022717,0.066301,PB2
3465_A/Anhui/1/2006_H5N1|,A/Anhui/1/2006_H5N1,-0.056113,-0.029539,0.003339,0.114851,PB2
3466_A/Anhui/1/2007_H5N1|,A/Anhui/1/2007_H5N1,-0.063863,0.005194,-0.010367,0.098484,PB2
3467_A/Anhui/2/2005_H5N1|,A/Anhui/2/2005_H5N1,-0.053343,0.012707,-0.036288,0.066957,PB2
3468_A/Anser_cygnoides/Ch,A/Anser_cygnoides/China/P126/2015_H5N1,-0.079756,0.003902,-0.023839,0.115855,PB2
3469_A/Anser_fabalis/jiuj,A/Anser_fabalis/jiujiang/H5N1/2024_H5N1,-0.110497,0.05275,0.022717,0.066301,PB2
3470_A/Anser_fabalis/jiuj,A/Anser_fabalis/jiujiang/H5N1/2024_H5N1,-0.110497,0.05275,0.022717,0.066301,PB2
3471_A/Anser_fabalis/jiuj,A/Anser_fabalis/jiujiang/H5N1/2024_H5N1,-0.110497,0.05275,0.022717,0.066301,PB2
3472_A/Duck/Jiangxi/631/2,A/Duck/Jiangxi/631/2024_H5N1,-0.106289,0.007228,-0.033813,0.094109,PB2
3473_A/Guangdong/1/2008_H,A/Guangdong/1/2008_H5N1,-0.040185,-0.028406,-0.002016,0.131829,PB2
3474_A/Guangdong/2/2006_H,A/Guangdong/2/2006_H5N1,-0.053309,0.018289,-0.008831,0.063342,PB2
3475_A/Guangxi/1/2005_H5N,A/Guangxi/1/2005_H5N1,-0.055563,0.004532,-0.004519,0.074619,PB2
3476_A/Guangxi/1/2008_H5N,A/Guangxi/1/2008_H5N1,-0.069324,-0.034091,-0.012778,0.093354,PB2
3477_A/Guizhou/1/2009_H5N,A/Guizhou/1/2009_H5N1,-0.06236,0.041549,-0.015972,0.086769,PB2
3478_A/Hunan/1/2008_H5N1|,A/Hunan/1/2008_H5N1,-0.055496,-0.026144,-0.009069,0.116405,PB2
3479_A/Hunan/2/2009_H5N1|,A/Hunan/2/2009_H5N1,-0.064615,0.04209,-0.007388,0.089775,PB2
3480_A/Japanese_white-eye,A/Japanese_white-eye/Taoyuan/Q454/2012_H5N1,-0.070569,-0.031887,-0.015871,0.119332,PB2
3481_A/Nanjing/1/2015_H5N,A/Nanjing/1/2015_H5N1,-0.088737,0.041164,0.010682,0.084657,PB2
3482_A/Shandong/1/2009_H5,A/Shandong/1/2009_H5N1,-0.062663,-0.01912,0.007012,0.136327,PB2
3483_A/Spatula_querquedul,A/Spatula_querquedula/chongming/H5N1/2024_H5N1,-0.110497,0.05275,0.022717,0.066301,PB2
3484_A/Wild_bird/Huadong/,A/Wild_bird/Huadong/CM120/2017_H5N1,-0.087693,0.041544,0.015093,0.086687,PB2
3485_A/Wild_bird/Huadong/,A/Wild_bird/Huadong/DT10/2019_H5N1,-0.094644,0.000388,0.001265,0.118563,PB2
3486_A/Wild_bird/Huadong/,A/Wild_bird/Huadong/JYWB4/2013_H5N1,-0.07619,-0.02315,-0.010528,0.122878,PB2
3487_A/Xinjiang/1/2009_H5,A/Xinjiang/1/2009_H5N1,-0.056886,0.01367,-0.004617,0.09741,PB2
3488_A/avian/Hong_Kong/07,A/avian/Hong_Kong/0719/2007_H5N1,-0.065334,-0.033392,-0.022022,0.087108,PB2
3489_A/avian/Hong_Kong/19,A/avian/Hong_Kong/1993/2007_H5N1,-0.062364,-0.031187,-0.02279,0.090492,PB2
3490_A/avian/Hong_Kong/23,A/avian/Hong_Kong/2372/2007_H5N1,-0.058345,-0.030525,-0.029954,0.091497,PB2
3491_A/bar-headed_goose/Q,A/bar-headed_goose/Qinghai/1-HVRI/2006_H5N1,-0.059921,0.026051,-0.03155,0.088482,PB2
3492_A/bar-headed_goose/T,A/bar-headed_goose/Tibet/8/2006_H5N1,-0.062564,0.032194,-0.039685,0.096481,PB2
3493_A/brown-headed_gull/,A/brown-headed_gull/Qinghai/19/2009_H5N1,-0.055325,-0.019904,-0.045633,0.086698,PB2
3494_A/brown-headed_gull/,A/brown-headed_gull/Qinghai/9/2009_H5N1,-0.051046,0.005746,-0.025096,0.078804,PB2
3495_A/chicken/China/Cang,A/chicken/China/Cangzhou03/2023_H5N1,-0.10898,0.050237,0.034546,0.058938,PB2
3496_A/chicken/China/E93/,A/chicken/China/E93/2012_H5N1,-0.081909,-0.003042,-0.016753,0.065926,PB2
3497_A/chicken/China/E96/,A/chicken/China/E96/2012_H5N1,-0.086343,0.002199,-0.020499,0.06633,PB2
3498_A/chicken/Eastern_Ch,A/chicken/Eastern_China/ZG16/2010_H5N1,-0.043598,0.01007,0.000402,0.064181,PB2
3499_A/chicken/Eastern_Ch,A/chicken/Eastern_China/ZG56/2011_H5N1,-0.047406,0.02345,-0.017033,0.074384,PB2
3500_A/chicken/Fujian/1/2,A/chicken/Fujian/1/2007_H5N1,-0.055968,0.029481,-0.013714,0.088464,PB2
3501_A/chicken/Gansu/5/20,A/chicken/Gansu/5/2012_H5N1,-0.094579,0.000569,-0.010445,0.052666,PB2
3502_A/chicken/Gansu/6/20,A/chicken/Gansu/6/2012_H5N1,-0.089934,-0.003138,-0.020496,0.060964,PB2
3503_A/chicken/Guangdong/,A/chicken/Guangdong/1/2005_H5N1,-0.067353,0.024513,-0.031484,0.088291,PB2
3504_A/chicken/Guangxi/S2,A/chicken/Guangxi/S2039/2009_H5N1,-0.064801,-0.000995,0.00402,0.107433,PB2
3505_A/chicken/Guizhou/7/,A/chicken/Guizhou/7/2008_H5N1,-0.049507,0.020917,-0.043226,0.087073,PB2
3506_A/chicken/Hebei/A-8/,A/chicken/Hebei/A-8/2009_H5N1,-0.089757,-0.014699,-0.013715,0.068286,PB2
3507_A/chicken/Henan/A-7/,A/chicken/Henan/A-7/2006_H5N1,-0.078214,0.028364,-0.004811,0.074538,PB2
3508_A/chicken/Huadong/4/,A/chicken/Huadong/4/2008_H5N1,-0.091729,-0.005658,-0.027788,0.058098,PB2
3509_A/chicken/Hubei/2856,A/chicken/Hubei/2856/2007_H5N1,-0.057718,0.031958,-0.005387,0.091335,PB2
3510_A/chicken/Hunan/1793,A/chicken/Hunan/1793/2007_H5N1,-0.060762,-0.019324,0.006903,0.112629,PB2
3511_A/chicken/Hunan/21/2,A/chicken/Hunan/21/2005_H5N1,-0.055364,0.024896,-0.038163,0.077615,PB2
3512_A/chicken/Hunan/3/20,A/chicken/Hunan/3/2007_H5N1,-0.090353,0.020945,-0.010419,0.06363,PB2
3513_A/chicken/Hunan/3157,A/chicken/Hunan/3157/2006_H5N1,-0.061306,0.038509,-0.005894,0.091226,PB2
3514_A/chicken/Hunan/8/20,A/chicken/Hunan/8/2008_H5N1,-0.084803,0.022834,-0.01425,0.061562,PB2
3515_A/chicken/Jiangsu/18,A/chicken/Jiangsu/18/2008_H5N1,-0.092286,-0.008992,-0.014793,0.075063,PB2
3516_A/chicken/Jiangsu/24,A/chicken/Jiangsu/2477/2014_H5N1,-0.105308,0.09371,0.031889,0.070155,PB2
3517_A/chicken/Jiangsu/92,A/chicken/Jiangsu/927/2013_H5N1,-0.065728,0.053576,-0.003177,0.070462,PB2
3518_A/chicken/Jiangsu/YB,A/chicken/Jiangsu/YB7/2015_H5N1,-0.0936,0.049112,0.017042,0.096595,PB2
3519_A/chicken/Jiangsu/k0,A/chicken/Jiangsu/k0402/2010_H5N1,-0.065211,0.021824,-0.00354,0.062222,PB2
3520_A/chicken/Jiangxi/25,A/chicken/Jiangxi/25/2011_H5N1,-0.068789,0.0211,-0.042714,0.100317,PB2
3521_A/chicken/Liaoning/2,A/chicken/Liaoning/23/2005_H5N1,-0.059789,0.029192,-0.036715,0.092171,PB2
3522_A/chicken/Liaoning/A,A/chicken/Liaoning/A-1/2007_H5N1,-0.072716,0.004663,-0.024217,0.087348,PB2
3523_A/chicken/Liaoning/S,A/chicken/Liaoning/S4092/2011_H5N1,-0.100812,-0.000118,-0.008156,0.049399,PB2
3524_A/chicken/Ningxia/2/,A/chicken/Ningxia/2/2012_H5N1,-0.096251,0.000643,-0.013607,0.053355,PB2
3525_A/chicken/Ningxia/22,A/chicken/Ningxia/222/2012_H5N1,-0.095849,0.001482,-0.013207,0.053675,PB2
3526_A/chicken/Ningxia/24,A/chicken/Ningxia/24/2006_H5N1,-0.088093,-0.009266,-0.003367,0.069648,PB2
3527_A/chicken/North_Chin,A/chicken/North_China/k0604/2010_H5N1,-0.051418,0.023232,-0.014725,0.073425,PB2
3528_A/chicken/Shandong/A,A/chicken/Shandong/A-10/2006_H5N1,-0.063287,-0.013454,-0.0273,0.075404,PB2
3529_A/chicken/Shantou/37,A/chicken/Shantou/3744/2003_H5N1,-0.076811,0.00431,-0.015254,0.055577,PB2
3530_A/chicken/Shanxi/10/,A/chicken/Shanxi/10/2006_H5N1,-0.079883,0.007414,-0.01016,0.078938,PB2
3531_A/chicken/Sheny/0606,A/chicken/Sheny/0606/2008_H5N1,-0.082638,0.006344,-0.018968,0.078181,PB2
3532_A/chicken/Sichuan/81,A/chicken/Sichuan/81/2005_H5N1,-0.051351,0.012625,-0.038944,0.064186,PB2
3533_A/chicken/Wuhan/HAQL,A/chicken/Wuhan/HAQL07/2014_H5N1,-0.088625,0.054656,0.012899,0.084104,PB2
3534_A/chicken/Wuhan/HAQL,A/chicken/Wuhan/HAQL16/2014_H5N1,-0.088475,0.054656,0.010969,0.091172,PB2
3535_A/chicken/Wuxi/WX-32,A/chicken/Wuxi/WX-32/2013_H5N1,-0.070189,0.062844,-0.004598,0.076464,PB2
3536_A/chicken/Wuxi/WX-33,A/chicken/Wuxi/WX-33/2013_H5N1,-0.079836,0.048179,-0.006013,0.077602,PB2
3537_A/chicken/Xinjiang/1,A/chicken/Xinjiang/17/2005_H5N1,-0.049879,0.007254,-0.013475,0.080539,PB2
3538_A/chicken/Xinjiang/2,A/chicken/Xinjiang/27/2006_H5N1,-0.073479,-0.00652,-0.027432,0.071885,PB2
3539_A/chicken/Xinjiang/5,A/chicken/Xinjiang/53/2005_H5N1,-0.066167,-0.017207,-0.020398,0.081834,PB2
3540_A/chicken/Xinjiang/5,A/chicken/Xinjiang/54/2005_H5N1,-0.078588,0.011359,-0.011015,0.075581,PB2
3541_A/chicken/Xinjiang/6,A/chicken/Xinjiang/67/2005_H5N1,-0.075203,-0.025135,-0.023152,0.079213,PB2
3542_A/chicken/Xinjiang/6,A/chicken/Xinjiang/68/2005_H5N1,-0.064932,0.00943,-0.011978,0.065224,PB2
3543_A/chicken/Yunnan/1/2,A/chicken/Yunnan/1/2014_H5N1,-0.08177,0.007332,-0.037945,0.11799,PB2
3544_A/chicken/Yunnan/207,A/chicken/Yunnan/207/2004_H5N1,-0.068021,0.018227,-0.030384,0.070604,PB2
3545_A/chicken/Yunnan/568,A/chicken/Yunnan/5686/2003_H5N1,-0.068238,0.017421,-0.030135,0.072267,PB2
3546_A/chicken/Yunnan/679,A/chicken/Yunnan/6797/2003_H5N1,-0.067897,0.018648,-0.028917,0.073732,PB2
3547_A/chicken/Yunnan/688,A/chicken/Yunnan/6885/2003_H5N1,-0.06955,0.016453,-0.031628,0.081244,PB2
3548_A/condor/Guangdong/1,A/condor/Guangdong/139/2003_H5N1,-0.131072,0.061328,0.08759,0.025754,PB2
3549_A/domestic_green-win,A/domestic_green-winged_teal/Hunan/3450/2006_H5N1,-0.0753,0.0757,0.000584,0.057439,PB2
3550_A/duck/Anhui/56/2005,A/duck/Anhui/56/2005_H5N1,-0.058376,-0.03435,0.005948,0.115378,PB2
3551_A/duck/China/0935/20,A/duck/China/0935/2017_H5N1,-0.101722,0.096181,0.02409,0.078626,PB2
3552_A/duck/China/1033/20,A/duck/China/1033/2017_H5N1,-0.097034,0.0887,0.024943,0.072485,PB2
3553_A/duck/China/E26/201,A/duck/China/E26/2012_H5N1,-0.081722,0.045604,-0.069494,0.099474,PB2
3554_A/duck/China/E53/201,A/duck/China/E53/2012_H5N1,-0.070411,0.006145,0.004277,0.107485,PB2
3555_A/duck/Eastern_China,A/duck/Eastern_China/057/2007_H5N1,-0.077204,0.018799,-0.007837,0.0557,PB2
3556_A/duck/Eastern_China,A/duck/Eastern_China/108/2008_H5N1,-0.09104,0.061929,0.032762,0.092762,PB2
3557_A/duck/Eastern_China,A/duck/Eastern_China/909/2009_H5N1,-0.089513,0.057745,0.034222,0.089665,PB2
3558_A/duck/Guangdong/23/,A/duck/Guangdong/23/2004_H5N1,-0.057632,0.012671,-0.017679,0.074671,PB2
3559_A/duck/Hubei/2911/20,A/duck/Hubei/2911/2007_H5N1,-0.045447,0.035747,-0.005793,0.078554,PB2
3560_A/duck/Hubei/49/2005,A/duck/Hubei/49/2005_H5N1,-0.055075,0.006873,-0.037887,0.067928,PB2
3561_A/duck/Hubei/xn/2007,A/duck/Hubei/xn/2007_H5N1,-0.051861,0.011394,-0.038892,0.074985,PB2
3562_A/duck/Hunan/3/2007_,A/duck/Hunan/3/2007_H5N1,-0.082483,0.025119,-0.00908,0.055655,PB2
3563_A/duck/Hunan/316/200,A/duck/Hunan/316/2005_H5N1,-0.059695,0.027329,0.003742,0.092685,PB2
3564_A/duck/Hunan/3315/20,A/duck/Hunan/3315/2006_H5N1,-0.062638,-0.024987,-0.002448,0.121833,PB2
3565_A/duck/Hunan/689/200,A/duck/Hunan/689/2006_H5N1,-0.046024,0.02935,-0.01214,0.082877,PB2
3566_A/duck/Hunan/733/200,A/duck/Hunan/733/2004_H5N1,-0.040589,-0.00304,-0.042506,0.069894,PB2
3567_A/duck/Hunan/8/2008_,A/duck/Hunan/8/2008_H5N1,-0.060547,0.025415,-0.026475,0.098021,PB2
3568_A/duck/Hunan/S4020/2,A/duck/Hunan/S4020/2008_H5N1,-0.065469,0.018817,-0.019668,0.076442,PB2
3569_A/duck/Hunan/S4030/2,A/duck/Hunan/S4030/2011_H5N1,-0.094354,-0.026809,-0.001449,0.115839,PB2
3570_A/duck/Hunan/S4150/2,A/duck/Hunan/S4150/2011_H5N1,-0.056015,0.008188,-0.014214,0.083902,PB2
3571_A/duck/Hunan/S4220/2,A/duck/Hunan/S4220/2011_H5N1,-0.053934,0.016935,-0.040608,0.104606,PB2
3572_A/duck/Jiangxi/120/2,A/duck/Jiangxi/120/2011_H5N1,-0.043255,0.014157,-0.009841,0.07966,PB2
3573_A/duck/Jiangxi/130/2,A/duck/Jiangxi/130/2011_H5N1,-0.056515,0.011751,-0.017496,0.069404,PB2
3574_A/duck/Jiangxi/34/20,A/duck/Jiangxi/34/2011_H5N1,-0.070865,-0.006978,-0.04875,0.108762,PB2
3575_A/duck/Jiangxi/35/20,A/duck/Jiangxi/35/2011_H5N1,-0.05792,0.008867,-0.036666,0.103251,PB2
3576_A/duck/Jiangxi/44/20,A/duck/Jiangxi/44/2011_H5N1,-0.122278,0.041095,0.031434,0.050332,PB2
3577_A/duck/Jiangxi/80/20,A/duck/Jiangxi/80/2005_H5N1,-0.049644,0.015654,-0.019736,0.076994,PB2
3578_A/duck/Jilin/JL-SIV/,A/duck/Jilin/JL-SIV/2013_H5N1,-0.045497,-0.033118,0.014283,0.123469,PB2
3579_A/duck/Nanchang/9789,A/duck/Nanchang/9789/2013_H5N1,-0.052207,0.006299,-0.031403,0.108287,PB2
3580_A/duck/Shandong/009/,A/duck/Shandong/009/2008_H5N1,-0.080176,0.081178,0.04332,0.083981,PB2
3581_A/duck/Sichuan/NCXN1,A/duck/Sichuan/NCXN10/2014_H5N1,-0.078752,-0.001644,-0.02345,0.108019,PB2
3582_A/duck/Sichuan/NCXN1,A/duck/Sichuan/NCXN11/2014_H5N1,-0.082004,0.000056,-0.027078,0.110615,PB2
3583_A/duck/Wenzhou/YJYF3,A/duck/Wenzhou/YJYF33/2015_H5N1,-0.086719,0.053332,0.009267,0.081022,PB2
3584_A/duck/Yunnan/4072/2,A/duck/Yunnan/4072/2003_H5N1,-0.066899,0.016388,-0.0261,0.068471,PB2
3585_A/duck/Yunnan/426/20,A/duck/Yunnan/426/2004_H5N1,-0.064474,0.015311,-0.03332,0.065872,PB2
3586_A/duck/Yunnan/4645/2,A/duck/Yunnan/4645/2003_H5N1,-0.066142,0.016985,-0.024192,0.0645,PB2
3587_A/duck/Yunnan/47/200,A/duck/Yunnan/47/2006_H5N1,-0.061431,0.020695,-0.005445,0.084999,PB2
3588_A/duck/Yunnan/485/20,A/duck/Yunnan/485/2004_H5N1,-0.068021,0.018227,-0.030384,0.070604,PB2
3589_A/duck/Yunnan/4873/2,A/duck/Yunnan/4873/2006_H5N1,-0.057928,0.013008,-0.006499,0.082906,PB2
3590_A/duck/Yunnan/5090/2,A/duck/Yunnan/5090/2003_H5N1,-0.066899,0.016388,-0.0261,0.068471,PB2
3591_A/duck/Yunnan/5169/2,A/duck/Yunnan/5169/2003_H5N1,-0.066899,0.016388,-0.0261,0.068471,PB2
3592_A/duck/Yunnan/522/20,A/duck/Yunnan/522/2004_H5N1,-0.064013,0.016731,-0.036731,0.065579,PB2
3593_A/duck/Yunnan/5310/2,A/duck/Yunnan/5310/2006_H5N1,-0.058172,0.009999,-0.051243,0.06581,PB2
3594_A/duck/Yunnan/5948/2,A/duck/Yunnan/5948/2003_H5N1,-0.064935,0.017907,-0.021463,0.062145,PB2
3595_A/duck/Yunnan/6080/2,A/duck/Yunnan/6080/2003_H5N1,-0.06969,0.018272,-0.030465,0.072906,PB2
3596_A/duck/Yunnan/6603/2,A/duck/Yunnan/6603/2003_H5N1,-0.067012,0.018493,-0.029658,0.071959,PB2
3597_A/duck/Zhejiang/1220,A/duck/Zhejiang/1220092/2014_H5N1,-0.094453,0.089179,0.030941,0.073483,PB2
3598_A/duck/Zhejiang/213/,A/duck/Zhejiang/213/2011_H5N1,-0.040101,0.022691,0.016024,0.105809,PB2
3599_A/duck/Zhejiang/224/,A/duck/Zhejiang/224/2011_H5N1,-0.077849,0.017062,-0.044928,0.102302,PB2
3600_A/duck/Zhejiang/2242,A/duck/Zhejiang/2242/2011_H5N1,-0.077849,0.017062,-0.044928,0.102302,PB2
3601_A/duck/Zhejiang/2243,A/duck/Zhejiang/2243/2011_H5N1,-0.077849,0.017062,-0.044928,0.102302,PB2
3602_A/duck/Zhejiang/2244,A/duck/Zhejiang/2244/2011_H5N1,-0.077849,0.017062,-0.044928,0.102302,PB2
3603_A/duck/Zhejiang/2245,A/duck/Zhejiang/2245/2011_H5N1,-0.069122,0.005671,0.001412,0.11152,PB2
3604_A/duck/Zhejiang/2248,A/duck/Zhejiang/2248/2011_H5N1,-0.077849,0.017062,-0.044928,0.102302,PB2
3605_A/equine/China/61/20,A/equine/China/61/2010_H5N1,-0.059828,0.016698,-0.017371,0.087475,PB2
3606_A/equine/China/67/20,A/equine/China/67/2010_H5N1,-0.061163,0.015863,-0.008635,0.086303,PB2
3607_A/equine/China/68/20,A/equine/China/68/2010_H5N1,-0.052077,0.004699,-0.01243,0.065057,PB2
3608_A/goose/China/E43/20,A/goose/China/E43/2012_H5N1,-0.071997,0.019355,-0.052033,0.096295,PB2
3609_A/goose/Eastern_Chin,A/goose/Eastern_China/223/2008_H5N1,-0.035953,0.065551,0.007683,0.088266,PB2
3610_A/goose/GuangDong/11,A/goose/GuangDong/1189/2023_H5N1,-0.127992,0.014294,-0.02652,0.106192,PB2
3611_A/goose/Guangdong/72,A/goose/Guangdong/72/2004_H5N1,-0.076094,0.024519,-0.033646,0.108025,PB2
3612_A/goose/Hubei/65/200,A/goose/Hubei/65/2005_H5N1,-0.052371,0.014974,-0.04003,0.066383,PB2
3613_A/goose/Inner_Mongol,A/goose/Inner_Mongolia/IM-192/2014_H5N1,-0.115648,0.034066,0.049582,0.049199,PB2
3614_A/goose/Jiangsu/k040,A/goose/Jiangsu/k0403/2010_H5N1,-0.060415,0.02745,-0.022662,0.068614,PB2
3615_A/goose/Yunnan/3798/,A/goose/Yunnan/3798/2006_H5N1,-0.054137,0.010765,-0.009634,0.080591,PB2
3616_A/goose/Yunnan/4371/,A/goose/Yunnan/4371/2006_H5N1,-0.057928,0.013008,-0.006499,0.082906,PB2
3617_A/goose/Yunnan/4389/,A/goose/Yunnan/4389/2006_H5N1,-0.057928,0.013008,-0.006499,0.082906,PB2
3618_A/goose/Yunnan/4985/,A/goose/Yunnan/4985/2006_H5N1,-0.057928,0.013008,-0.006499,0.082906,PB2
3619_A/goose/Yunnan/5141/,A/goose/Yunnan/5141/2006_H5N1,-0.051347,0.013805,-0.009962,0.084191,PB2
3620_A/goose/Yunnan/5769/,A/goose/Yunnan/5769/2006_H5N1,-0.062388,0.010082,-0.050476,0.059735,PB2
3621_A/goose/Yunnan/5979/,A/goose/Yunnan/5979/2006_H5N1,-0.062388,0.010082,-0.050476,0.059735,PB2
3622_A/goose/Yunnan/6193/,A/goose/Yunnan/6193/2006_H5N1,-0.067116,0.010983,-0.009954,0.068823,PB2
3623_A/goose/Zhejiang/112,A/goose/Zhejiang/112071/2014_H5N1,-0.108447,0.094374,0.031515,0.075084,PB2
3624_A/goose/Zhejiang/727,A/goose/Zhejiang/727098/2014_H5N1,-0.061424,0.059543,-0.001395,0.076544,PB2
3625_A/great_black-headed,A/great_black-headed_gull/Qinghai/8/2009_H5N1,-0.04797,0.014425,-0.028279,0.079179,PB2
3626_A/great_crested-greb,A/great_crested-grebe/Qinghai/1/2009_H5N1,-0.061928,0.021975,-0.005115,0.069221,PB2
3627_A/great_egret/Hong_K,A/great_egret/Hong_Kong/807/2008_H5N1,-0.066529,0.023304,-0.003767,0.091204,PB2
3628_A/great_tit/Panjing/,A/great_tit/Panjing/PJ-66/2013_H5N1,-0.089817,0.016887,0.018944,0.0727,PB2
3629_A/grey_heron/Hong_Ko,A/grey_heron/Hong_Kong/1046/2008_H5N1,-0.064082,0.009192,-0.001346,0.099952,PB2
3630_A/grey_heron/Hong_Ko,A/grey_heron/Hong_Kong/3088/2007_H5N1,-0.063258,0.022057,-0.001842,0.092309,PB2
3631_A/hill_myna/Heilongj,A/hill_myna/Heilongjiang/0704/2012_H5N1,-0.07064,-0.031348,-0.013551,0.119495,PB2
3632_A/lesser_kestrel/Hei,A/lesser_kestrel/Heilongjiang/194/2007_H5N1,-0.036855,0.066785,0.000418,0.072513,PB2
3633_A/lion/Hubei/1-2/201,A/lion/Hubei/1-2/2016_H5N1,-0.10202,0.051899,0.015069,0.086095,PB2
3634_A/little_egret/Hong_,A/little_egret/Hong_Kong/8550/2007_H5N1,-0.071595,0.013298,-0.010611,0.076689,PB2
3635_A/magpie_robin/Hong_,A/magpie_robin/Hong_Kong/1097/2008_H5N1,-0.06351,0.017875,-0.004263,0.08828,PB2
3636_A/magpie_robin/Hong_,A/magpie_robin/Hong_Kong/1897/2008_H5N1,-0.067886,0.020899,-0.000106,0.085375,PB2
3637_A/meerkat/Shanghai/S,A/meerkat/Shanghai/SH-1/2012_H5N1,-0.073962,0.051318,0.001302,0.08017,PB2
3638_A/mink/China/G/2015_,A/mink/China/G/2015_H5N1,-0.059111,0.022036,-0.050747,0.094634,PB2
3639_A/mink/China/XB/2015,A/mink/China/XB/2015_H5N1,-0.091379,0.059731,0.012225,0.097857,PB2
3640_A/mink/Eastern_China,A/mink/Eastern_China/0712/2018_H5N1,-0.108333,0.00757,0.036014,0.070558,PB2
3641_A/ostrich/Suzhou/097,A/ostrich/Suzhou/097/2003_H5N1,-0.048868,0.047039,-0.000577,0.063426,PB2
3642_A/parrot/Guangdong/C,A/parrot/Guangdong/C99/2005_H5N1,-0.058663,0.005789,-0.028262,0.074853,PB2
3643_A/partridge/Shantou/,A/partridge/Shantou/2886/2003_H5N1,-0.056722,0.047323,-0.015904,0.065739,PB2
3644_A/peacock/Yunnan/1/2,A/peacock/Yunnan/1/2015_H5N1,-0.091046,0.068202,0.017957,0.0655,PB2
3645_A/peacock/Yunnan/3/2,A/peacock/Yunnan/3/2015_H5N1,-0.089564,0.064218,0.015953,0.069333,PB2
3646_A/peregrine_falcon/H,A/peregrine_falcon/Hong_Kong/2142/2008_H5N1,-0.057892,0.025993,-0.011031,0.075487,PB2
3647_A/pheasant/Shantou/3,A/pheasant/Shantou/3535/2003_H5N1,-0.06512,0.018122,-0.027514,0.065122,PB2
3648_A/pheasant/Shantou/4,A/pheasant/Shantou/4567/2002_H5N1,-0.043292,0.010765,-0.027334,0.073024,PB2
3649_A/pied_megpie/Liaoni,A/pied_megpie/Liaoning/7/2006_H5N1,-0.05792,0.031587,-0.041237,0.096765,PB2
3650_A/pigeon/Hubei/RP25/,A/pigeon/Hubei/RP25/2012_H5N1,-0.059353,0.024112,-0.017586,0.084928,PB2
3651_A/pigeon/Sichuan/NCX,A/pigeon/Sichuan/NCXN29/2014_H5N1,-0.065442,0.004,-0.04525,0.114216,PB2
3652_A/pigeon/Zhejiang/11,A/pigeon/Zhejiang/112089/2014_H5N1,-0.104284,0.092408,0.025999,0.083766,PB2
3653_A/pigeon/Zhejiang/11,A/pigeon/Zhejiang/112090/2014_H5N1,-0.094453,0.089179,0.030941,0.073483,PB2
3654_A/pigeon/Zhejiang/72,A/pigeon/Zhejiang/727097/2014_H5N1,-0.062073,0.060514,-0.001689,0.076856,PB2
3655_A/plateau_pika/Qingh,A/plateau_pika/Qinghai/04/2007_H5N1,-0.078296,0.061509,0.023315,0.087913,PB2
3656_A/quail/Guangxi/11/2,A/quail/Guangxi/11/2002_H5N1,-0.067223,0.021236,-0.010522,0.106724,PB2
3657_A/quail/Guangxi/12/2,A/quail/Guangxi/12/2002_H5N1,-0.069154,0.021378,-0.01134,0.106771,PB2
3658_A/quail/Guangxi/13/2,A/quail/Guangxi/13/2002_H5N1,-0.062389,0.018361,-0.00448,0.108941,PB2
3659_A/quail/Nanchang/663,A/quail/Nanchang/6631/2013_H5N1,-0.045008,0.008521,-0.030964,0.108286,PB2
3660_A/shrike/Tibet/13/20,A/shrike/Tibet/13/2006_H5N1,-0.058701,0.017937,-0.019372,0.075199,PB2
3661_A/silky_chicken/Shan,A/silky_chicken/Shantou/475/2004_H5N1,-0.075466,0.014385,-0.007616,0.065495,PB2
3662_A/swan/Shanghai/10/2,A/swan/Shanghai/10/2009_H5N1,-0.073483,0.037591,-0.017386,0.108075,PB2
3663_A/swine/Guangxi/592/,A/swine/Guangxi/592/2011_H5N1,-0.075524,0.015948,-0.034652,0.102719,PB2
3664_A/swine/Jiangsu/1/20,A/swine/Jiangsu/1/2008_H5N1,-0.078741,-0.01972,-0.011889,0.072678,PB2
3665_A/swine/Jiangsu/2/20,A/swine/Jiangsu/2/2009_H5N1,-0.053457,-0.019156,0.007144,0.137016,PB2
3666_A/swine/Shandong/SD1,A/swine/Shandong/SD1/2014_H5N1,-0.073003,-0.022209,0.004674,0.098987,PB2
3667_A/swine/Zhejiang/SW5,A/swine/Zhejiang/SW57/2015_H5N1,-0.069736,0.061093,0.000782,0.075545,PB2
3668_A/tiger/Yunnan/tig14,A/tiger/Yunnan/tig1404/2014_H5N1,-0.075467,0.007616,-0.018807,0.107704,PB2
3669_A/tiger/Yunnan/tig14,A/tiger/Yunnan/tig1412/2014_H5N1,-0.057706,0.010914,-0.047913,0.110916,PB2
3670_A/tiger/Yunnan/tig15,A/tiger/Yunnan/tig1508/2015_H5N1,-0.086102,0.047703,0.025882,0.077464,PB2
3671_A/turtle_dove/Guangd,A/turtle_dove/Guangdong/300/2005_H5N1,-0.052294,0.014366,-0.046239,0.065094,PB2
3672_A/waterfowl/Hong_Kon,A/waterfowl/Hong_Kong/378.5/2001_H5N1,-0.060426,0.023578,-0.016445,0.087063,PB2
3673_A/wild_duck/Fujian/1,A/wild_duck/Fujian/1/2011_H5N1,-0.066881,0.01868,-0.034271,0.130636,PB2
3674_A/wild_duck/Fujian/2,A/wild_duck/Fujian/2/2011_H5N1,-0.066396,0.015868,-0.035285,0.131081,PB2
3675_A/wild_duck/Jilin/HF,A/wild_duck/Jilin/HF/2011_H5N1,-0.05937,0.023944,-0.018242,0.093233,PB2
3676_A/wild_duck/Jilin/ZF,A/wild_duck/Jilin/ZF/2011_H5N1,-0.094625,0.019131,0.009016,0.086327,PB2
3677_A/wild_duck/Liaoning,A/wild_duck/Liaoning/8/2006_H5N1,-0.056533,0.030063,-0.032899,0.097837,PB2
3678_A/wild_duck/Shandong,A/wild_duck/Shandong/1/2011_H5N1,-0.093112,0.001399,-0.006642,0.054266,PB2
3679_A/wild_duck/Shandong,A/wild_duck/Shandong/2/2011_H5N1,-0.057272,0.021443,0.007528,0.063725,PB2
3680_A/wild_duck/Shandong,A/wild_duck/Shandong/628/2011_H5N1,-0.092515,0.046146,0.086135,0.061521,PB2
