label,Isolate,Axis1,Axis2,Axis3,Axis4,Host,Subtype
1_A/Indonesia/5/2005,A/Indonesia/5/2005,0.106517,-0.065675,-0.02813,-0.039434,Human,N1
2_A/Hong_Kong/483/1997,A/Hong Kong/483/1997,0.161106,-0.081365,-0.022794,-0.054566,Human,N1
3_A/Hong_Kong/482/97,A/Hong Kong/482/97,0.131721,-0.069815,-0.005813,-0.063987,Human,N1
4_A/Chicken/HongKong/F,A/Chicken/HongKong/FY150/01,0.099575,-0.089155,-0.015719,-0.059263,Avian,N1
5_A/Chicken/HongKong/Y,A/Chicken/HongKong/YU822.2/01,0.133754,-0.105801,0.000813,-0.047149,Avian,N1
6_A/Chicken/HongKong/Y,A/Chicken/HongKong/YU562/01,0.129079,-0.115902,-0.003871,-0.052993,Avian,N1
7_A/Pheasant/Hong_Kong,A/Pheasant/Hong Kong/FY155/01,0.099867,-0.089842,-0.015162,-0.059544,Avian,N1
8_A/Hong_Kong/486/97,A/Hong Kong/486/97,0.131721,-0.069815,-0.005813,-0.063987,Human,N1
9_A/Thailand/16/2004,A/Thailand/16/2004,0.093687,-0.109785,0.006913,-0.052691,Human,N1
10_A/Hong_Kong/538/97,A/Hong Kong/538/97,0.129216,-0.077957,-0.010561,-0.05341,Human,N1
11_A/chicken/Indonesia/,A/chicken/Indonesia/7/2003,0.09973,-0.095793,-0.022798,-0.039676,Avian,N1
12_A/chicken/Korea/ES/0,A/chicken/Korea/ES/03,0.084326,-0.07517,-0.023172,-0.034722,Avian,N1
13_A/Hong_Kong/156/97,A/Hong Kong/156/97,0.129683,-0.073982,-0.007145,-0.072578,Human,N1
14_A/whooper_swan/Mongo,A/whooper swan/Mongolia/244/2005,0.065215,-0.07183,-0.017067,-0.042165,Avian,N1
15_A/Vietnam/UT3062/200,A/Vietnam/UT3062/2004,0.103294,-0.09525,-0.001562,-0.065275,Human,N1
16_A/Anas_crecca/Hubei/,A/Anas_crecca/Hubei/Chenhu1623-5/2014_H5N6,-0.020777,-0.028665,0.037738,0.031741,Avian,N6
17_A/Anas_crecca/Hubei/,A/Anas_crecca/Hubei/Chenhu1623-5/2014,0.007581,-0.043596,0.072734,0.033165,Avian,N6
18_A/Anas_platyrhynchos,A/Anas_platyrhynchos/Chongming/H5N1_1/2024,-0.101494,0.051822,0.078717,-0.079122,Avian,N1
19_A/Anas_platyrhynchos,A/Anas_platyrhynchos/Jiujiang/H5N1/2024,-0.092671,0.049646,0.072926,-0.069712,Avian,N1
20_A/Anhui/1/2005|EPI_I,A/Anhui/1/2005,0.08945,-0.089064,-0.02652,-0.02399,Human,N1
21_A/Anhui/1/2006|EPI_I,A/Anhui/1/2006,0.097716,-0.090695,-0.025703,-0.02461,Human,N1
22_A/Anhui/2/2005|EPI_I,A/Anhui/2/2005,0.130892,-0.104923,-0.027505,-0.020732,Human,N1
23_A/Anhui/2021-00011/2,A/Anhui/2021-00011/2020,0.065158,-0.031076,-0.002971,0.023105,Human,N6
24_A/Anhui/33163/2016|E,A/Anhui/33163/2016,-0.016089,-0.024346,-0.015976,0.081689,Human,N6
25_A/Anser_albifrons/Hu,A/Anser_albifrons/Hubei/Chenhu586/2013_H5N3,0.163869,-0.006971,-0.034221,-0.054686,Avian,Others
26_A/Anser_cygnoides/Ch,A/Anser_cygnoides/China/P126/2015,-0.040181,-0.016403,0.043501,0.067993,Avian,N1
27_A/Anser_cygnoides/Hu,A/Anser_cygnoides/Hubei/FW44/2016,-0.083494,0.016476,0.07537,-0.035795,Avian,N8
28_A/Anser_fabalis/Huna,A/Anser_fabalis/Hunan/03.09__YYDTH0007/2015(H5N6),0.000619,-0.010562,0.011757,0.018355,Avian,N6
29_A/Anser_fabalis/Jiuj,A/Anser_fabalis/Jiujiang/H5N1/2024,-0.095349,0.046562,0.068703,-0.072701,Avian,N1
30_A/bar_headed_goose/T,A/bar_headed_goose/Tibet/T1707/2021,-0.079698,0.036843,0.08454,-0.113588,Avian,N8
31_A/Bar-headed_Goose/Q,A/Bar-headed_Goose/Qinghai/A11/2016,-0.084286,0.020943,0.063953,-0.024667,Avian,N8
32_A/Bar-headed_Goose/Q,A/Bar-headed_Goose/Qinghai/A13/2016,-0.087171,0.017663,0.062595,-0.017451,Avian,N8
33_A/Bar-headed_Goose/Q,A/Bar-headed_Goose/Qinghai/a15/2016,-0.083132,0.022377,0.060311,-0.01381,Avian,N8
34_A/Bar-headed_Goose/Q,A/Bar-headed_Goose/Qinghai/A16/2016,-0.084286,0.020943,0.063953,-0.024667,Avian,N8
35_A/Bar-headed_Goose/Q,A/Bar-headed_Goose/Qinghai/A17/2016,-0.086248,0.024075,0.064474,-0.026342,Avian,N8
36_A/Bar-headed_Goose/Q,A/Bar-headed_Goose/Qinghai/A19/2016,-0.084928,0.020513,0.060785,-0.022505,Avian,N8
37_A/Bar-headed_Goose/Q,A/Bar-headed_Goose/Qinghai/A20/2016,-0.083893,0.030305,0.076758,-0.011586,Avian,N8
38_A/Bar-headed_Goose/Q,A/Bar-headed_Goose/Qinghai/A22/2016,0.132399,0.338096,0.121404,0.045383,Avian,N8
39_A/Bar-headed_Goose/Q,A/Bar-headed_Goose/Qinghai/A23/2016,-0.086248,0.024075,0.064474,-0.026342,Avian,N8
40_A/Bar-headed_Goose/Q,A/Bar-headed_Goose/Qinghai/a24/2016,-0.082937,0.021056,0.063962,-0.02459,Avian,N8
41_A/Bar-headed_Goose/Q,A/Bar-headed_Goose/Qinghai/a26/2016,-0.075444,0.028094,0.058578,-0.01371,Avian,N8
42_A/Bar-headed_Goose/Q,A/Bar-headed_Goose/Qinghai/a27/2016,-0.083415,0.025367,0.061815,-0.032284,Avian,N8
43_A/Bar-headed_Goose/Q,A/Bar-headed_Goose/Qinghai/a32/2016,-0.078754,0.03636,0.067082,-0.040832,Avian,N8
44_A/Bar-headed_Goose/Q,A/Bar-headed_Goose/Qinghai/a43/2016,-0.088077,0.020348,0.063397,-0.019228,Avian,N8
45_A/Bar-headed_Goose/Q,A/Bar-headed_Goose/Qinghai/a45/2016,-0.083379,0.018259,0.063151,-0.022891,Avian,N8
46_A/Bar-headed_Goose/Q,A/Bar-headed_Goose/Qinghai/a61/2016,-0.083298,0.021445,0.061371,-0.02484,Avian,N8
47_A/Bar-headed_Goose/Q,A/Bar-headed_Goose/Qinghai/a88/2016,-0.080513,0.019047,0.068905,-0.031892,Avian,N8
48_A/Bar-headed_Goose/Q,A/Bar-headed_Goose/Qinghai/a91/2016,-0.079718,0.031104,0.049671,-0.024723,Avian,N8
49_A/Bar-headed_Goose/Q,A/Bar-headed_Goose/Qinghai/a92/2016,-0.081643,0.030573,0.061543,-0.031904,Avian,N8
50_A/Bar-headed_Goose/Q,A/Bar-headed_Goose/Qinghai/a93/2016,-0.068069,0.032544,0.047647,-0.039469,Avian,N8
51_A/Bar-headed_Goose/Q,A/Bar-headed_Goose/Qinghai/a113/2016,-0.085405,0.019044,0.066431,-0.024113,Avian,N8
52_A/Bar-headed_Goose/Q,A/Bar-headed_Goose/Qinghai/a114/2016,-0.086248,0.024075,0.064474,-0.026342,Avian,N8
53_A/Bar-headed_Goose/Q,A/Bar-headed_Goose/Qinghai/a115/2016,0.108927,0.296963,0.149293,0.042244,Avian,N8
54_A/Bar-headed_Goose/Q,A/Bar-headed_Goose/Qinghai/a210/2017,-0.079472,0.049642,0.001387,-0.063041,Avian,N8
55_A/Bar-headed_Goose/Q,A/Bar-headed_Goose/Qinghai/a218/2017,-0.078627,0.057195,-0.001409,-0.074424,Avian,N8
56_A/Bar-headed_Goose/Q,A/Bar-headed_Goose/Qinghai/a237/2017,-0.076284,0.051401,-0.001785,-0.055805,Avian,N8
57_A/Bar-headed_Goose/Q,A/Bar-headed_Goose/Qinghai/a765/2017,-0.086127,0.048773,0.003249,-0.055113,Avian,N8
58_A/Bar-headed_Goose/Q,A/Bar-headed_Goose/Qinghai/a893/2017,-0.079472,0.049642,0.001387,-0.063041,Avian,N8
59_A/Bar-headed_Goose/Q,A/Bar-headed_Goose/Qinghai/B11/2016,-0.087311,0.029566,0.056118,-0.024823,Avian,N8
60_A/Bar-headed_Goose/Q,A/Bar-headed_Goose/Qinghai/B12/2016,-0.083298,0.021445,0.061371,-0.02484,Avian,N8
61_A/Bar-headed_Goose/Q,A/Bar-headed_Goose/Qinghai/B34/2016,-0.078474,0.022385,0.062602,-0.015124,Avian,N8
62_A/Bar-headed_Goose/Q,A/Bar-headed_Goose/Qinghai/B44/2016,-0.08588,0.023208,0.067866,-0.02491,Avian,N8
63_A/Bar-headed_Goose/Q,A/Bar-headed_Goose/Qinghai/B51/2016,-0.083298,0.021445,0.061371,-0.02484,Avian,N8
64_A/Bar-headed_Goose/Q,A/Bar-headed_Goose/Qinghai/B54/2016,-0.082623,0.019307,0.065161,-0.02593,Avian,N8
65_A/Bar-headed_Goose/Q,A/Bar-headed_Goose/Qinghai/B655/2017,-0.091059,0.053219,0.046005,-0.067392,Avian,N8
66_A/Bar-headed_Goose/Q,A/Bar-headed_Goose/Qinghai/BTY1-B/2016,-0.082623,0.019307,0.065161,-0.02593,Avian,N8
67_A/Bar-headed_Goose/Q,A/Bar-headed_Goose/Qinghai/BTY2/2015_H5N1,0.165922,-0.109777,-0.051612,-0.056765,Avian,N1
68_A/Bar-headed_Goose/Q,A/Bar-headed_Goose/Qinghai/BTY2-B/2016,-0.083298,0.021445,0.061371,-0.02484,Avian,N8
69_A/Bar-headed_Goose/Q,A/Bar-headed_Goose/Qinghai/BTY2-LU/2016,-0.083298,0.021445,0.061371,-0.02484,Avian,N8
70_A/Bar-headed_Goose/Q,A/Bar-headed_Goose/Qinghai/BTY3-B/2016,-0.083493,0.026738,0.063797,-0.035934,Avian,N8
71_A/Bar-headed_Goose/Q,A/Bar-headed_Goose/Qinghai/BTY3-LU/2016,-0.083493,0.026738,0.063797,-0.035934,Avian,N8
72_A/Bar-headed_Goose/Q,A/Bar-headed_Goose/Qinghai/BTY4-B/2016,-0.083493,0.026738,0.063797,-0.035934,Avian,N8
73_A/Bar-headed_Goose/Q,A/Bar-headed_Goose/Qinghai/BTY4-LU/2016,-0.083493,0.026738,0.063797,-0.035934,Avian,N8
74_A/Bar-headed_Goose/Q,A/Bar-headed_Goose/Qinghai/BTY5-B/2016,-0.082786,0.019362,0.064101,-0.025524,Avian,N8
75_A/Bar-headed_Goose/Q,A/Bar-headed_Goose/Qinghai/BTY6-B/2016,-0.084286,0.020943,0.063953,-0.024667,Avian,N8
76_A/Bar-headed_Goose/Q,A/Bar-headed_Goose/Qinghai/BTY6-LU/2016,-0.084286,0.020943,0.063953,-0.024667,Avian,N8
77_A/Bar-headed_Goose/Q,A/Bar-headed_Goose/Qinghai/BTY7-B/2016,-0.084286,0.020943,0.063953,-0.024667,Avian,N8
78_A/Bar-headed_Goose/Q,A/Bar-headed_Goose/Qinghai/BTY7-LU1/2016,-0.084286,0.020943,0.063953,-0.024667,Avian,N8
79_A/Bar-headed_Goose/Q,A/Bar-headed_Goose/Qinghai/BTY7-LU2/2016,-0.084286,0.020943,0.063953,-0.024667,Avian,N8
80_A/Bar-headed_Goose/Q,A/Bar-headed_Goose/Qinghai/BTY8-B/2016,-0.082623,0.019307,0.065161,-0.02593,Avian,N8
81_A/Bar-headed_Goose/Q,A/Bar-headed_Goose/Qinghai/BTY8-LU/2016,-0.082623,0.019307,0.065161,-0.02593,Avian,N8
82_A/Bar-headed_Goose/Q,A/Bar-headed_Goose/Qinghai/BTY9-B/2016,-0.081592,0.016968,0.066774,-0.029866,Avian,N8
83_A/Bar-headed_Goose/Q,A/Bar-headed_Goose/Qinghai/BTY9-LU/2016,-0.081592,0.016968,0.066774,-0.029866,Avian,N8
84_A/Bar-headed_Goose/Q,A/Bar-headed_Goose/Qinghai/BTY10-B/2016,-0.084286,0.020943,0.063953,-0.024667,Avian,N8
85_A/Bar-headed_Goose/Q,A/Bar-headed_Goose/Qinghai/BTY10-LU/2016,-0.084286,0.020943,0.063953,-0.024667,Avian,N8
86_A/Bar-headed_Goose/Q,A/Bar-headed_Goose/Qinghai/BTY11-B/2016,-0.083243,0.020366,0.063854,-0.024757,Avian,N8
87_A/Bar-headed_Goose/Q,A/Bar-headed_Goose/Qinghai/BTY11-LU/2016,-0.083243,0.020366,0.063854,-0.024757,Avian,N8
88_A/Bar-headed_Goose/Q,A/Bar-headed_Goose/Qinghai/BTY12-B/2016,-0.084586,0.022439,0.065683,-0.027606,Avian,N8
89_A/Bar-headed_Goose/Q,A/Bar-headed_Goose/Qinghai/BTY12-LU/2016,-0.082623,0.019307,0.065161,-0.02593,Avian,N8
90_A/Bar-headed_Goose/Q,A/Bar-headed_Goose/Qinghai/BTY13-B/2016,-0.084286,0.020943,0.063953,-0.024667,Avian,N8
91_A/Bar-headed_Goose/Q,A/Bar-headed_Goose/Qinghai/BTY13-LU/2016,-0.084286,0.020943,0.063953,-0.024667,Avian,N8
92_A/Bar-headed_Goose/Q,A/Bar-headed_Goose/Qinghai/BTY14-B/2016,-0.084811,0.021348,0.062557,-0.023395,Avian,N8
93_A/Bar-headed_Goose/Q,A/Bar-headed_Goose/Qinghai/BTY14-LU/2016,-0.082915,0.010072,0.071177,-0.024583,Avian,N8
94_A/Bar-headed_Goose/Q,A/Bar-headed_Goose/Qinghai/BTY15-B/2016,-0.083534,0.021455,0.059674,-0.024346,Avian,N8
95_A/Bar-headed_Goose/Q,A/Bar-headed_Goose/Qinghai/BTY15-LU/2016,-0.0796,0.020465,0.064293,-0.021052,Avian,N8
96_A/Bar-headed_Goose/Q,A/Bar-headed_Goose/Qinghai/BTY16-B/2016,-0.084522,0.020953,0.062256,-0.024173,Avian,N8
97_A/Bar-headed_Goose/Q,A/Bar-headed_Goose/Qinghai/BTY16-LU/2016,-0.084286,0.020943,0.063953,-0.024667,Avian,N8
98_A/Bar-headed_Goose/Q,A/Bar-headed_Goose/Qinghai/BTY17-B/2016,-0.082623,0.019307,0.065161,-0.02593,Avian,N8
99_A/Bar-headed_Goose/Q,A/Bar-headed_Goose/Qinghai/BTY17-LU/2016,-0.082623,0.019307,0.065161,-0.02593,Avian,N8
100_A/Bar-headed_Goose/Q,A/Bar-headed_Goose/Qinghai/BTY18-B/2016,-0.084286,0.020943,0.063953,-0.024667,Avian,N8
101_A/Bar-headed_Goose/Q,A/Bar-headed_Goose/Qinghai/BTY18-LU/2016,-0.083132,0.022377,0.060311,-0.01381,Avian,N8
102_A/Bar-headed_Goose/Q,A/Bar-headed_Goose/Qinghai/HDT001/2016,-0.084928,0.020513,0.060785,-0.022505,Avian,N8
103_A/Bar-headed_Goose/Q,A/Bar-headed_Goose/Qinghai/p2/2016,-0.081322,0.021968,0.061714,-0.026692,Avian,N8
104_A/Bar-headed_Goose/Q,A/Bar-headed_Goose/Qinghai/p9/2016,-0.08352,0.030162,0.056673,-0.030262,Avian,N8
105_A/Bar-headed_Goose/Q,A/Bar-headed_Goose/Qinghai/p18/2016,-0.080151,0.027026,0.058577,-0.042594,Avian,N8
106_A/Bar-headed_goose/Q,A/Bar-headed_goose/Qinghai/X402/2015_H5N6,-0.050758,-0.026412,0.026398,0.063827,Avian,N6
107_A/Bar-headed_goose/Q,A/Bar-headed_goose/Qinghai/X417/2015_H5N6,-0.046315,-0.032521,0.031579,0.064541,Avian,N6
108_A/Bar-headed_goose/Q,A/Bar-headed_goose/Qinghai/X418-1/2015_H5N6,-0.046162,-0.032143,0.033525,0.064762,Avian,N6
109_A/Bar-headed_goose/Q,A/Bar-headed_goose/Qinghai/X418-2/2015_H5N6,-0.050417,-0.02678,0.026824,0.062673,Avian,N6
110_A/Bar-headed_goose/Q,A/Bar-headed_goose/Qinghai/X424/2015_H5N6,-0.050758,-0.026412,0.026398,0.063827,Avian,N6
111_A/Bar-headed_goose/Q,A/Bar-headed_goose/Qinghai/X428/2015_H5N6,-0.062616,-0.026464,0.035329,0.062821,Avian,N6
112_A/Bar-headed_goose/Q,A/Bar-headed_goose/Qinghai/X430/2015_H5N6,-0.046688,-0.026797,0.024053,0.062693,Avian,N6
113_A/Bar-headed_goose/Q,A/Bar-headed_goose/Qinghai/X437/2015_H5N6,-0.050758,-0.026412,0.026398,0.063827,Avian,N6
114_A/Bar-headed_Goose/Q,A/Bar-headed_Goose/Qinghai/XX13/2016,-0.081019,0.01724,0.068346,-0.026381,Avian,N8
115_A/Bar-headed_Goose/Q,A/Bar-headed_Goose/Qinghai/XX22/2016,-0.088027,0.021933,0.064086,-0.023517,Avian,N8
116_A/Bar-headed_Goose/Q,A/Bar-headed_Goose/Qinghai/XX76/2016,-0.086248,0.02119,0.064641,-0.024786,Avian,N8
117_A/Bar-headed_Goose/Q,A/Bar-headed_Goose/Qinghai/XX111/2016,-0.084286,0.020943,0.063953,-0.024667,Avian,N8
118_A/Bar-headed_Goose/Q,A/Bar-headed_Goose/Qinghai/XX446/2016,-0.078822,0.011994,0.068465,-0.022159,Avian,N8
119_A/Bar-headed_Goose/Q,A/Bar-headed_Goose/Qinghai/XX782/2016,-0.084286,0.020943,0.063953,-0.024667,Avian,N8
120_A/Bar-headed_Goose/Q,A/Bar-headed_Goose/Qinghai/XXI122/2016,-0.085111,0.040857,0.004827,-0.03956,Avian,N8
121_A/Bar-headed_Goose/T,A/Bar-headed_Goose/Tibet/XZ6/2021,-0.082337,0.046724,0.0908,-0.12123,Avian,N8
122_A/Bar-headed_Goose/T,A/Bar-headed_Goose/Tibet/XZ71/2021,-0.082235,0.039572,0.087162,-0.104894,Avian,N8
123_A/Bar-headed_Goose/T,A/Bar-headed_Goose/Tibet/XZ81/2021,-0.084029,0.043439,0.084154,-0.093083,Avian,N8
124_A/Bar-headed_Goose/T,A/Bar-headed_Goose/Tibet/XZ181/2021,-0.086929,0.048101,0.092922,-0.117114,Avian,N8
125_A/Bar-headed_Goose/T,A/Bar-headed_Goose/Tibet/XZ901/2021,-0.082169,0.039191,0.095204,-0.108649,Avian,N1
126_A/Bar-headed_Goose/T,A/Bar-headed_Goose/Tibet/XZ1131/2021,-0.066284,0.028013,0.100517,-0.107256,Avian,N1
127_A/Bar-headed_Goose/T,A/Bar-headed_Goose/Tibet/XZQ5-1/2021,-0.079698,0.036843,0.08454,-0.113588,Avian,N8
128_A/Bar-headed_Goose/T,A/Bar-headed_Goose/Tibet/XZQ7/2021,-0.07984,0.036979,0.084361,-0.113192,Avian,N8
129_A/Bar-headed_Goose/T,A/Bar-headed_Goose/Tibet/XZQ8-1/2021,-0.07984,0.036979,0.084361,-0.113192,Avian,N8
130_A/Bar-headed_Goose/T,A/Bar-headed_Goose/Tibet/XZQ9-1/2021,-0.086213,0.03822,0.086976,-0.107358,Avian,N8
131_A/Bar-headed_Goose/T,A/Bar-headed_Goose/Tibet/XZQ10-1/2021,-0.084445,0.038403,0.086473,-0.109087,Avian,N8
132_A/Bar-headed_Goose/T,A/Bar-headed_Goose/Tibet/XZQ13-1/2021,-0.086929,0.048101,0.092922,-0.117114,Avian,N8
133_A/Bar-headed_Goose/T,A/Bar-headed_Goose/Tibet/XZQ17-1/2021,-0.082337,0.046724,0.0908,-0.12123,Avian,N8
134_A/Bar-headed_Goose/T,A/Bar-headed_Goose/Tibet/XZQ18-1/2021,-0.088556,0.046748,0.097208,-0.121719,Avian,N8
135_A/bean_goose/Hubei/B,A/bean_goose/Hubei/BQ11/2020,-0.09347,0.042215,0.096054,-0.104123,Avian,N8
136_A/Bean_Goose/Hubei/c,A/Bean_Goose/Hubei/chenhu__XVI311-2_/2016_H5N8,0.171012,-0.001998,-0.055984,-0.045059,Avian,N8
137_A/Bean_goose/Hubei/C,A/Bean_goose/Hubei/CH-i119/2017,-0.083501,0.017813,0.062953,-0.021467,Avian,N8
138_A/Bean_goose/Hubei/C,A/Bean_goose/Hubei/CH-i122/2017_H5N8,-0.077558,0.027547,0.057844,-0.011685,Avian,N8
139_A/Bean_goose/Hubei/C,A/Bean_goose/Hubei/CH-I225/2017,-0.029182,-0.028195,0.027737,0.081618,Avian,N6
140_A/Bean_goose/Hubei/C,A/Bean_goose/Hubei/CH-i320/2017_H5N8,-0.083166,0.019656,0.065948,-0.028895,Avian,N8
141_A/black_chicken/Jian,A/black_chicken/Jiangxi/10129/2014,0.011058,-0.038725,0.085693,0.027001,Avian,N6
142_A/Black_faced_Spoonb,A/Black_faced_Spoonbill/AFCD-HKU-22-21944-01009/2022,-0.101522,0.03427,0.09002,-0.074643,Avian,N1
143_A/Black_Faced_Spoonb,A/Black_Faced_Spoonbill/Hong_Kong/AFCD-HKU-21-17198.01012/2021,-0.063706,0.046292,0.070146,-0.118696,Avian,N1
144_A/Black_Faced_Spoonb,A/Black_Faced_Spoonbill/Hong_Kong/AFCD-HKU-22-21429-01012/2022,-0.097697,0.04289,0.081617,-0.084247,Avian,N1
145_A/black_swan/Beijing,A/black_swan/Beijing/1/2021,-0.083926,0.032112,0.104695,-0.103374,Avian,N8
146_A/black-backed_gull/,A/black-backed_gull/Shandong/SC189/2021,-0.084079,0.034154,0.099718,-0.100389,Avian,N8
147_A/Black-necked_Grebe,A/Black-necked_Grebe/Inner_Mongolia/Anal_swab4/2015_H5N1,0.147459,-0.111695,-0.064726,-0.049669,Avian,N1
148_A/Black-necked_Grebe,A/Black-necked_Grebe/Inner_Mongolia/Brain1/2015_H5N1,0.147459,-0.111695,-0.064726,-0.049669,Avian,N1
149_A/Black-necked_Grebe,A/Black-necked_Grebe/Inner_Mongolia/Brain3/2015_H5N1,0.147507,-0.110371,-0.064304,-0.047285,Avian,N1
150_A/Black-necked_Grebe,A/Black-necked_Grebe/Inner_Mongolia/Liver3/2015_H5N1,0.147507,-0.110371,-0.064304,-0.047285,Avian,N1
151_A/Black-necked_Grebe,A/Black-necked_Grebe/Inner_Mongolia/Lung2/2015_H5N1,0.147507,-0.110371,-0.064304,-0.047285,Avian,N1
152_A/Black-necked_Grebe,A/Black-necked_Grebe/Inner_Mongolia/Lung3-2/2015_H5N1,0.147507,-0.110371,-0.064304,-0.047285,Avian,N1
153_A/Black-necked_Grebe,A/Black-necked_Grebe/Inner_Mongolia/Oropharynx_swab3/2015_H5N1,0.147507,-0.110371,-0.064304,-0.047285,Avian,N1
154_A/Black-necked_Grebe,A/Black-necked_Grebe/Inner_Mongolia/Trachea3/2015_H5N1,0.147507,-0.110371,-0.064304,-0.047285,Avian,N1
155_A/Brown-headed_Gull/,A/Brown-headed_Gull/Qinghai/ZTO1-B/2016,-0.086987,0.022263,0.062901,-0.024476,Avian,N8
156_A/Brown-headed_Gull/,A/Brown-headed_Gull/Qinghai/ZTO1-LU/2016,-0.08542,0.0219,0.064318,-0.02485,Avian,N8
157_A/Brown-headed_Gull/,A/Brown-headed_Gull/Qinghai/ZTO3-B/2016,-0.07891,0.024685,0.061325,-0.034156,Avian,N8
158_A/Brown-headed_Gull/,A/Brown-headed_Gull/Qinghai/ZTO3-LU/2016,-0.084286,0.020943,0.063953,-0.024667,Avian,N8
159_A/Brown-headed_Gull/,A/Brown-headed_Gull/Qinghai/ZTO4-B/2016,-0.084286,0.020943,0.063953,-0.024667,Avian,N8
160_A/Brown-headed_Gull/,A/Brown-headed_Gull/Qinghai/ZTO5-B/2016,0.101521,0.289628,0.152217,0.054877,Avian,N8
161_A/Brown-headed_Gull/,A/Brown-headed_Gull/Qinghai/ZTO5-K/2016,-0.082892,0.020081,0.06444,-0.025777,Avian,N8
162_A/Brown-headed_Gull/,A/Brown-headed_Gull/Qinghai/ZTO6-MU/2016,-0.076843,0.021908,0.054434,-0.023254,Avian,N8
163_A/Brown-headed_Gull/,A/Brown-headed_Gull/Qinghai/ZTO6-SP/2016,-0.08579,0.021382,0.064477,-0.02435,Avian,N8
164_A/brown-headed_gull/,A/brown-headed_gull/Tibet/1-1/2021,-0.08492,0.040571,0.09505,-0.108802,Avian,N8
165_A/Brown-headed_Gull/,A/Brown-headed_Gull/Tibet/XZ19/2021,-0.086929,0.048101,0.092922,-0.117114,Avian,N8
166_A/Brown-headed_Gull/,A/Brown-headed_Gull/Tibet/XZQ15-2/2021,-0.087333,0.041677,0.095678,-0.108769,Avian,N8
167_A/Brown-headed_Gull/,A/Brown-headed_Gull/Tibet/XZQ16-2/2021,-0.088546,0.041831,0.094067,-0.102644,Avian,N8
168_A/canine/China/GX30/,A/canine/China/GX30/2023,-0.078235,0.039594,0.085523,-0.120307,Nonhuman Mammal,N6
169_A/cat/Sichuan/SC18/2,A/cat/Sichuan/SC18/2014,0.012158,-0.041828,0.081049,0.027997,Nonhuman Mammal,N6
170_A/cat/Zhejiang/C1/20,A/cat/Zhejiang/C1/2016,-0.000869,-0.022275,-0.008674,0.063656,Nonhuman Mammal,N6
171_A/cat/Zhejiang/C2/20,A/cat/Zhejiang/C2/2016,-0.052381,-0.017813,0.033791,0.059271,Nonhuman Mammal,N6
172_A/Changsha/1/2014|EP,A/Changsha/1/2014,-0.0215,-0.02107,0.034521,0.051465,Human,N6
173_A/chicken/Anhui/S174,A/chicken/Anhui/S1740/2022(H5N1),-0.050268,0.023731,0.079396,-0.097887,Avian,N1
174_A/chicken/Beijing/BJ,A/chicken/Beijing/BJ7/2014,0.122947,-0.085128,0.035623,0.020681,Avian,N2
175_A/chicken/CH/a556/20,A/chicken/CH/a556/2015,0.508184,0.645815,0.127376,0.121139,Avian,N2
176_A/chicken/Changhua/1,A/chicken/Changhua/15010120-1/2015,-0.067534,0.071474,-0.107003,0.00734,Avian,N2
177_A/chicken/Changhua/1,A/chicken/Changhua/15010288/2015,-0.068399,0.074491,-0.109697,0.005292,Avian,N2
178_A/chicken/Changhua/1,A/chicken/Changhua/15010324-2/2015,-0.067668,0.072594,-0.108441,0.006869,Avian,N2
179_A/chicken/Changhua/1,A/chicken/Changhua/15010361-1/2015,-0.067224,0.072384,-0.108823,0.005816,Avian,N2
180_A/chicken/Changhua/1,A/chicken/Changhua/15010362-2/2015,-0.067224,0.072384,-0.108823,0.005816,Avian,N2
181_A/chicken/Changhua/1,A/chicken/Changhua/15010363-2/2015,-0.067089,0.071264,-0.107384,0.006287,Avian,N2
182_A/chicken/Changhua/1,A/chicken/Changhua/15040036-1/2015,-0.070016,0.061034,-0.108756,0.018462,Avian,N8
183_A/chicken/Changhua/1,A/chicken/Changhua/15040037-2/2015,-0.072551,0.063422,-0.111386,0.010005,Avian,N8
184_A/chicken/Changhua/1,A/chicken/Changhua/15040042/2015,-0.065838,0.067664,-0.115288,0.013177,Avian,N8
185_A/chicken/Changhua/1,A/chicken/Changhua/15040043-1/2015,-0.069671,0.067548,-0.115264,0.014007,Avian,N8
186_A/chicken/Changhua/1,A/chicken/Changhua/15050013-1/2015,-0.065386,0.079621,-0.11423,0.013108,Avian,N2
187_A/chicken/Changhua/1,A/chicken/Changhua/15050038-1/2015,-0.036283,0.043265,-0.110643,0.017984,Avian,N8
188_A/chicken/Changhua/1,A/chicken/Changhua/15060027-2/2015,-0.066336,0.070746,-0.103551,0.016077,Avian,N2
189_A/chicken/Changhua/1,A/chicken/Changhua/15060029/2015,-0.030114,0.042639,-0.104729,0.003267,Avian,N8
190_A/chicken/Changhua/1,A/chicken/Changhua/15060037-1/2015,-0.068626,0.078665,-0.116971,0.01438,Avian,N2
191_A/chicken/Changhua/1,A/chicken/Changhua/15120008/2015,-0.067577,0.079941,-0.095406,0.00437,Avian,N2
192_A/chicken/Changhua/1,A/chicken/Changhua/16010060-2/2016,-0.072314,0.065216,-0.117338,0.008506,Avian,N2
193_A/chicken/Changhua/1,A/chicken/Changhua/17060006/2017,-0.076193,0.075727,-0.128283,-0.010146,Avian,N2
194_A/chicken/Changhua/1,A/chicken/Changhua/18040008-1/2018,-0.074152,0.078087,-0.127184,-0.049745,Avian,N2
195_A/chicken/Chiayi/150,A/chicken/Chiayi/15010287-2/2015,-0.068399,0.074491,-0.109697,0.005292,Avian,N2
196_A/chicken/Chiayi/150,A/chicken/Chiayi/15010409-2/2015,-0.067224,0.072384,-0.108823,0.005816,Avian,N2
197_A/chicken/Chiayi/150,A/chicken/Chiayi/15010454-1/2015,-0.035526,0.043832,-0.10703,0.017384,Avian,N8
198_A/chicken/Chiayi/170,A/chicken/Chiayi/17040009-2/2017,-0.074408,0.079749,-0.121959,-0.03106,Avian,N2
199_A/chicken/Chiayi/181,A/chicken/Chiayi/18120003-1/2018,-0.065262,0.074301,-0.106067,-0.066134,Avian,N2
200_A/chicken/China/007/,A/chicken/China/007/2019,0.038913,-0.043369,0.013332,0.045866,Avian,N6
201_A/chicken/China/Cang,A/chicken/China/Cangzhou03/2023,-0.10568,0.057643,0.068153,-0.089187,Avian,N1
202_A/chicken/China/E93/,A/chicken/China/E93/2012,0.14429,-0.070729,-0.022994,-0.020892,Avian,N1
203_A/chicken/China/E96/,A/chicken/China/E96/2012,0.15132,-0.078778,-0.026437,0.003839,Avian,N1
204_A/chicken/Chiping/03,A/chicken/Chiping/0321/2014,0.116363,-0.086604,0.015045,0.019768,Avian,N2
205_A/chicken/chongqing/,A/chicken/chongqing/H1/2021,-0.090847,0.026675,0.102353,-0.094323,Avian,N6
206_A/chicken/Chongqing/,A/chicken/Chongqing/SD001/2021,-0.090847,0.026675,0.102353,-0.094323,Avian,N6
207_A/chicken/Dongguan/2,A/chicken/Dongguan/2690/2013,-0.028698,-0.029522,0.027169,0.070843,Avian,N6
208_A/chicken/Dongguan/3,A/chicken/Dongguan/3363/2013,-0.023854,-0.02882,0.026103,0.064455,Avian,N6
209_A/chicken/Dongguan/4,A/chicken/Dongguan/4259/2013,-0.02797,-0.028215,0.027061,0.072875,Avian,N6
210_A/chicken/Fujian/05.,A/chicken/Fujian/05.07_FZHC11K-O/2015(Mixed),0.013428,-0.051575,0.025471,0.086081,Avian,N6
211_A/chicken/Fujian/09.,A/chicken/Fujian/09.16_GT101/2014(Mixed),-0.020115,-0.034565,0.025714,0.061699,Avian,N6
212_A/chicken/Fujian/10.,A/chicken/Fujian/10.08_FZH102/2014(Mixed),-0.026654,-0.025807,0.039966,0.054582,Avian,N6
213_A/chicken/Fujian/11.,A/chicken/Fujian/11.23_FZHX0007-O/2017,-0.032722,-0.005914,-0.014388,0.04421,Avian,N6
214_A/chicken/Gansu/5/20,A/chicken/Gansu/5/2012,0.173583,-0.076714,-0.052124,0.00415,Avian,N1
215_A/chicken/Gansu/6/20,A/chicken/Gansu/6/2012,0.172931,-0.068966,-0.035661,-0.03502,Avian,N1
216_A/chicken/Ganzhou/GZ,A/chicken/Ganzhou/GZ27/2015,-0.002106,-0.030018,0.024187,0.075915,Avian,N6
217_A/chicken/Guangdong/,A/chicken/Guangdong/04.15_SZBAXQ019/2015(H5N6),-0.00782,-0.031541,-0.027324,0.075367,Avian,N6
218_A/chicken/Guangdong/,A/chicken/Guangdong/10.16_SZLGKQHY-072/2015,0.005103,-0.036179,-0.033107,0.070964,Avian,N6
219_A/chicken/Guangdong/,A/chicken/Guangdong/GD1602/2016,-0.024055,-0.021096,-0.025327,0.078203,Avian,N6
220_A/chicken/Guangdong/,A/chicken/Guangdong/MG170989/2021,-0.095133,0.038901,0.101933,-0.105316,Avian,N6
221_A/chicken/Guangdong/,A/chicken/Guangdong/MG171127/2021,-0.092522,0.044613,0.103373,-0.110226,Avian,N6
222_A/chicken/Guangdong/,A/chicken/Guangdong/MG171361/2021,-0.076637,0.037159,0.091275,-0.109407,Avian,N6
223_A/chicken/Guangdong/,A/chicken/Guangdong/MG171771/2021,-0.084297,0.044882,0.09308,-0.109603,Avian,N6
224_A/chicken/Guangdong/,A/chicken/Guangdong/MG173168/2022,-0.085166,0.045593,0.084259,-0.135124,Avian,N6
225_A/chicken/Guangdong/,A/chicken/Guangdong/MG173169/2022,-0.079715,0.038679,0.087363,-0.122321,Avian,N6
226_A/chicken/Guangxi/04,A/chicken/Guangxi/04.10_NM140/2015(H5N6),-0.035054,-0.027776,0.021501,0.06273,Avian,N6
227_A/chicken/Guangxi/16,A/chicken/Guangxi/16/2019,0.146345,-0.10641,-0.02508,0.000706,Avian,N6
228_A/chicken/Guangxi/S2,A/chicken/Guangxi/S2039/2009,0.0383,-0.047338,-0.062379,-0.098668,Avian,N1
229_A/chicken/Guizhou/8.,A/chicken/Guizhou/8.26_ZYLJJ014-O/2018,0.017707,-0.028604,0.029135,0.032609,Avian,N6
230_A/chicken/GY/a451/20,A/chicken/GY/a451/2015,0.491188,0.609001,0.137747,0.115872,Avian,N2
231_A/Chicken/Hangzhou/E,A/Chicken/Hangzhou/E1149/2021,-0.087719,0.055385,0.099998,-0.117464,Avian,N6
232_A/chicken/Hebei/3/20,A/chicken/Hebei/3/2013,0.131443,-0.078171,-0.025525,-0.005212,Avian,N2
233_A/chicken/Heilongjia,A/chicken/Heilongjiang/S7/2014,0.126601,-0.066182,0.018252,-0.012383,Avian,N2
234_A/chicken/Henan/Q7/2,A/chicken/Henan/Q7/2013,0.131555,-0.093087,0.009589,0.022907,Avian,N2
235_A/chicken/Hsinchu/16,A/chicken/Hsinchu/16080004-2/2016,-0.080775,0.075305,-0.117396,0.011405,Avian,N2
236_A/chicken/Hubei/03.0,A/chicken/Hubei/03.06__WHWTZ0115-O/2015(H5N6),-0.014637,-0.027893,-0.014509,0.078676,Avian,N6
237_A/chicken/Hubei/03.0,A/chicken/Hubei/03.06__WHWTZ0148-O/2015(H5N6),-0.004505,-0.009944,0.0148,0.020691,Avian,N6
238_A/chicken/Hubei/2856,A/chicken/Hubei/2856/2007,0.100782,-0.062263,-0.025629,-0.014786,Avian,N1
239_A/chicken/Hubei/ZYSJ,A/chicken/Hubei/ZYSJF11/2016,-0.017651,-0.027592,-0.03145,0.081898,Avian,N6
240_A/chicken/Hubei/ZYSJ,A/chicken/Hubei/ZYSJF16/2016,-0.017651,-0.027592,-0.03145,0.081898,Avian,N6
241_A/chicken/Hubei/ZYSJ,A/chicken/Hubei/ZYSJF38/2016,-0.017651,-0.027592,-0.03145,0.081898,Avian,N6
242_A/Chicken/Huizhou/16,A/Chicken/Huizhou/16274/2016(H5N6),0.008474,-0.03212,0.027405,0.072163,Avian,N6
243_A/chicken/Hunan/02.0,A/chicken/Hunan/02.06_YYGK37J3-OC/2018,0.024691,-0.0468,0.019683,0.047652,Avian,N6
244_A/chicken/Hunan/03.0,A/chicken/Hunan/03.07_YYGK40L3-OC/2018,0.020757,-0.030145,-0.012937,0.075962,Avian,N6
245_A/chicken/Hunan/03.0,A/chicken/Hunan/03.07_YYGK74L3-OC/2018,0.020757,-0.030145,-0.012937,0.075962,Avian,N6
246_A/chicken/Hunan/3.07,A/chicken/Hunan/3.07_YYGK81L3-OC/2018,0.022026,-0.032438,-0.016918,0.071129,Avian,N6
247_A/chicken/Hunan/04.1,A/chicken/Hunan/04.14_YYGK607-P/2015(H5N6),-0.022268,-0.032966,0.014888,0.074226,Avian,N6
248_A/chicken/Hunan/04.1,A/chicken/Hunan/04.14_YYKG0533-Z-O/2015(H5N6),0.003658,0.001325,0.011572,-0.010961,Avian,N6
249_A/chicken/Hunan/04.1,A/chicken/Hunan/04.14_YYXS0812-O/2015(Mixed),-0.039702,-0.029124,0.028438,0.067388,Avian,N6
250_A/chicken/Hunan/12.0,A/chicken/Hunan/12.07__YYGK114-P/2013(H5N6),0.009996,-0.044074,0.080771,0.018618,Avian,N6
251_A/chicken/Hunan/12.0,A/chicken/Hunan/12.07_YYGKY67-P/2013(Mixed),0.01595,-0.030072,0.020719,0.017661,Avian,N6
252_A/chicken/Hunan/12.2,A/chicken/Hunan/12.27_YYGK19J2-C/2016,0.007492,-0.035991,0.039152,0.03338,Avian,N6
253_A/chicken/Hunan/12.2,A/chicken/Hunan/12.27_YYGK55J2-O/2016,-0.039023,-0.022734,0.018224,0.067947,Avian,N6
254_A/chicken/Hunan/12.2,A/chicken/Hunan/12.27_YYGKK148-OC/2016,0.007492,-0.035991,0.039152,0.03338,Avian,N6
255_A/chicken/Hunan/12.2,A/chicken/Hunan/12.28_YYGK034-P/2013(H5N6),-0.024631,-0.029795,0.023476,0.070941,Avian,N6
256_A/chicken/Hunan/1793,A/chicken/Hunan/1793/2007,0.086076,-0.090782,-0.013164,-0.015445,Avian,N1
257_A/chicken/Hunan/3157,A/chicken/Hunan/3157/2006,0.085448,-0.070924,-0.011417,-0.030684,Avian,N1
258_A/chicken/Hunan/HN40,A/chicken/Hunan/HN40/2015,-0.04221,-0.019873,0.031602,0.039006,Avian,N6
259_A/chicken/Hunan/HN58,A/chicken/Hunan/HN58/2015,-0.015086,-0.01041,0.012299,0.034276,Avian,N6
260_A/chicken/Hunan/HN75,A/chicken/Hunan/HN75/2015,-0.037041,-0.020411,0.048784,0.033575,Avian,N6
261_A/chicken/Hunan/HN15,A/chicken/Hunan/HN158/2015,-0.044638,-0.030366,0.0349,0.078532,Avian,N6
262_A/chicken/Hunan/HN24,A/chicken/Hunan/HN244/2015,-0.041736,-0.032647,0.030869,0.081372,Avian,N6
263_A/chicken/Hunan/HN24,A/chicken/Hunan/HN245/2015,-0.044638,-0.030366,0.0349,0.078532,Avian,N6
264_A/chicken/Hunan/HN24,A/chicken/Hunan/HN247/2015,-0.045776,-0.029072,0.036215,0.080546,Avian,N6
265_A/chicken/Hunan/HN24,A/chicken/Hunan/HN248/2015,-0.029769,-0.018767,0.016518,0.066179,Avian,N6
266_A/chicken/Hunan/HN24,A/chicken/Hunan/HN249/2015,-0.03311,-0.03305,0.021861,0.084047,Avian,N6
267_A/chicken/Hunan/HN25,A/chicken/Hunan/HN250/2015,-0.038083,-0.031995,0.028314,0.076473,Avian,N6
268_A/chicken/Hunan/HN25,A/chicken/Hunan/HN251/2015,-0.040694,-0.029393,0.037402,0.073314,Avian,N6
269_A/chicken/Hunan/HN25,A/chicken/Hunan/HN252/2015,-0.035721,-0.030448,0.030949,0.080888,Avian,N6
270_A/chicken/Hunan/HN25,A/chicken/Hunan/HN254/2015,-0.044638,-0.030366,0.0349,0.078532,Avian,N6
271_A/chicken/Hunan/HN25,A/chicken/Hunan/HN255/2015,-0.044638,-0.030366,0.0349,0.078532,Avian,N6
272_A/chicken/Hunan/HN26,A/chicken/Hunan/HN263/2015,-0.012969,-0.017116,0.031179,0.039226,Avian,N6
273_A/chicken/Hunan/HN26,A/chicken/Hunan/HN264/2015,-0.026249,-0.002934,0.03791,0.034143,Avian,N6
274_A/chicken/Hunan/HN26,A/chicken/Hunan/HN265/2015,-0.027004,-0.006878,0.042924,0.028817,Avian,N6
275_A/chicken/Hunan/HN26,A/chicken/Hunan/HN266/2015,-0.025266,-0.005431,0.038343,0.033739,Avian,N6
276_A/chicken/Hunan/HN30,A/chicken/Hunan/HN301/2015,-0.03546,-0.01943,0.009647,0.080812,Avian,N6
277_A/chicken/Hunan/HN30,A/chicken/Hunan/HN302/2015,-0.03546,-0.01943,0.009647,0.080812,Avian,N6
278_A/chicken/Hunan/HN30,A/chicken/Hunan/HN303/2015,-0.039129,-0.014521,0.017591,0.075655,Avian,N6
279_A/chicken/Hunan/HN30,A/chicken/Hunan/HN304/2015,-0.035338,-0.013925,0.018147,0.070216,Avian,N6
280_A/chicken/Hunan/HN30,A/chicken/Hunan/HN305/2015,-0.036257,-0.002792,0.009441,0.065773,Avian,N6
281_A/chicken/Hunan/HN30,A/chicken/Hunan/HN306/2015,-0.037658,-0.014218,0.017445,0.075475,Avian,N6
282_A/chicken/Hunan/HN30,A/chicken/Hunan/HN307/2015,-0.039129,-0.014521,0.017591,0.075655,Avian,N6
283_A/chicken/Hunan/HN30,A/chicken/Hunan/HN308/2015,-0.03821,-0.025654,0.026297,0.080099,Avian,N6
284_A/chicken/Hunan/S100,A/chicken/Hunan/S10029/2018(H5N1),0.144383,-0.103223,-0.029174,-0.100211,Avian,N1
285_A/chicken/Jiangsu/03,A/chicken/Jiangsu/03.17_WX006-P/2015(H5N1),0.140769,-0.106272,-0.031615,-0.076752,Avian,N1
286_A/chicken/Jiangsu/92,A/chicken/Jiangsu/927/2013,0.131513,-0.076693,-0.060968,-0.075859,Avian,N1
287_A/chicken/Jiangsu/10,A/chicken/Jiangsu/1001/2013,0.139711,-0.068273,-0.032041,0.026968,Avian,N2
288_A/chicken/Jiangsu/24,A/chicken/Jiangsu/2477/2014,0.128558,-0.096306,-0.027732,-0.07909,Avian,N1
289_A/chicken/Jiangsu/k0,A/chicken/Jiangsu/k0402/2010,0.106387,-0.052694,-0.041201,-0.122252,Avian,N1
290_A/chicken/Jiangsu/SE,A/chicken/Jiangsu/SE2228/2017(H5N1),0.130806,-0.083379,-0.051287,-0.063227,Avian,N1
291_A/chicken/Jiangsu/WX,A/chicken/Jiangsu/WXBING2/2014,-0.011464,-0.019955,0.024453,0.045831,Avian,N6
292_A/chicken/Jiangsu/WX,A/chicken/Jiangsu/WXS7393/2014,-0.015649,-0.025982,0.026483,0.058369,Avian,N6
293_A/chicken/Jiangsu/XZ,A/chicken/Jiangsu/XZ216/2014,0.15427,-0.086322,-0.023871,-0.005663,Avian,N2
294_A/chicken/Jiangsu/YB,A/chicken/Jiangsu/YB7/2015,0.167896,-0.119183,-0.028375,-0.060571,Avian,N1
295_A/chicken/Jiangxi/01,A/chicken/Jiangxi/01.14_NCJD125-P/2015(H5N6),-0.013948,-0.028913,-0.021556,0.076835,Avian,N6
296_A/chicken/Jiangxi/02,A/chicken/Jiangxi/02.05_YGYXG023-P/2015(H5N6),-0.02447,-0.03793,0.05569,0.061903,Avian,N6
297_A/chicken/Jiangxi/02,A/chicken/Jiangxi/02.05_YGYXG035-P/2015(H5N6),-0.015012,-0.034956,-0.021388,0.064431,Avian,N6
298_A/chicken/Jiangxi/04,A/chicken/Jiangxi/04.01__NCDZT0040-O/2015(H5N6),-0.015157,-0.019623,-0.022642,0.075817,Avian,N6
299_A/chicken/Jiangxi/04,A/chicken/Jiangxi/04.01__NCDZT0042-O/2015(H5N6),-0.013825,-0.032326,-0.016778,0.087721,Avian,N6
300_A/chicken/Jiangxi/04,A/chicken/Jiangxi/04.01__NCDZT0175-P/2015(H5N6),-0.013353,-0.025842,-0.019932,0.080773,Avian,N6
301_A/chicken/Jiangxi/04,A/chicken/Jiangxi/04.01__NCDZT0291-P/2015(H5N6),-0.015635,-0.025126,-0.019553,0.080306,Avian,N6
302_A/chicken/Jiangxi/04,A/chicken/Jiangxi/04.01__NCJD0119-O/2015(H5N6),0.012055,-0.043524,0.077104,0.022363,Avian,N6
303_A/chicken/Jiangxi/04,A/chicken/Jiangxi/04.01__NCJD0137-O/2015(H5N6),-0.029846,-0.064163,0.025836,0.078158,Avian,N6
304_A/chicken/Jiangxi/04,A/chicken/Jiangxi/04.01_NCDZT0192-P/2015(H5N6),-0.018149,-0.025276,-0.016898,0.080967,Avian,N6
305_A/chicken/Jiangxi/04,A/chicken/Jiangxi/04.01_NCDZT0203-P/2015(H5N6),-0.015055,-0.021508,-0.02143,0.076678,Avian,N6
306_A/chicken/Jiangxi/04,A/chicken/Jiangxi/04.01_NCDZT0238-P/2015(H5N6),-0.010754,-0.024578,-0.027035,0.078554,Avian,N6
307_A/chicken/Jiangxi/04,A/chicken/Jiangxi/04.01_NCDZT0279-P/2015(H5N6),-0.013605,-0.023604,-0.023745,0.083236,Avian,N6
308_A/chicken/Jiangxi/04,A/chicken/Jiangxi/04.01_NCDZT0285-P/2015(H5N6),-0.015286,-0.025003,-0.019316,0.078478,Avian,N6
309_A/chicken/Jiangxi/04,A/chicken/Jiangxi/04.01_NCDZT0299-P/2015(Mixed),-0.015286,-0.025003,-0.019316,0.078478,Avian,Others
310_A/chicken/Jiangxi/04,A/chicken/Jiangxi/04.01_NCJD131-1-O/2015(H5N6),-0.011422,-0.02984,-0.021444,0.076197,Avian,N6
311_A/chicken/Jiangxi/05,A/chicken/Jiangxi/05.06__NCDZT0039B-P/2015(H5N6),-0.054403,0.012239,-0.04085,0.062374,Avian,N6
312_A/chicken/Jiangxi/10,A/chicken/Jiangxi/10.30_NCDZT17B3-OC/2017,0.052003,-0.063249,0.024417,0.095336,Avian,N6
313_A/chicken/Jiangxi/12,A/chicken/Jiangxi/12.05_NCDZT007/2014(H5N6),0.001284,-0.031214,-0.040642,0.077653,Avian,N6
314_A/chicken/Jiangxi/12,A/chicken/Jiangxi/12.05_NCDZT0012/2014(H5N6),-0.008553,-0.030288,-0.024096,0.074121,Avian,N6
315_A/chicken/Jiangxi/12,A/chicken/Jiangxi/12.05_NCDZT0020/2014(H5N6),-0.013948,-0.028913,-0.021556,0.076835,Avian,N6
316_A/chicken/Jiangxi/12,A/chicken/Jiangxi/12.05_NCDZT0032/2014(H5N6),-0.011112,-0.03084,-0.026533,0.07737,Avian,N6
317_A/chicken/Jiangxi/12,A/chicken/Jiangxi/12.05_NCNP006/2014(H5N6),-0.008553,-0.030288,-0.024096,0.074121,Avian,N6
318_A/chicken/Jiangxi/25,A/chicken/Jiangxi/25/2011,0.029653,-0.028863,-0.049489,-0.119612,Avian,N1
319_A/Chicken/Jiangxi/45,A/Chicken/Jiangxi/45093/2016,-0.018594,-0.028505,-0.02811,0.085988,Avian,N6
320_A/chicken/Jiangxi/S4,A/chicken/Jiangxi/S40653/2021(H5N1),-0.050681,0.024009,0.080823,-0.094744,Avian,N1
321_A/chicken/Jilin/04.1,A/chicken/Jilin/04.11_CCHSL007/2015(Mixed),-0.001664,-0.055735,0.021173,0.076591,Avian,N6
322_A/chicken/Jilin/04.1,A/chicken/Jilin/04.12_MHK001-O/2015(H5N1),0.163593,-0.082605,-0.050323,-0.061896,Avian,N1
323_A/chicken/Jilin/04.1,A/chicken/Jilin/04.12_MHK002-O/2015(H5N1),0.163593,-0.082605,-0.050323,-0.061896,Avian,N1
324_A/chicken/Jilin/04.1,A/chicken/Jilin/04.12_MHK003-O/2015(H5N1),0.163593,-0.082605,-0.050323,-0.061896,Avian,N1
325_A/chicken/Jilin/04.1,A/chicken/Jilin/04.12_MHK004-O/2015(Mixed),0.163593,-0.082605,-0.050323,-0.061896,Avian,N1
326_A/chicken/Jilin/04.2,A/chicken/Jilin/04.25_MHK009/2015(H5N1),0.161768,-0.085885,-0.050431,-0.059962,Avian,N1
327_A/chicken/Jilin/S125,A/chicken/Jilin/S1255/2019(H5N1),0.121537,-0.098504,-0.037018,-0.015047,Avian,N1
328_A/chicken/Jilin/S127,A/chicken/Jilin/S1271/2019(H5N1),0.126021,-0.101099,-0.037142,-0.019751,Avian,N1
329_A/chicken/Kaohsiung/,A/chicken/Kaohsiung/16MB0889/2016,-0.052765,0.07125,-0.111475,-0.004161,Avian,N8
330_A/chicken/Kaohsiung/,A/chicken/Kaohsiung/16010047/2016,-0.03646,0.06416,-0.130992,-0.005624,Avian,N8
331_A/chicken/Kaohsiung/,A/chicken/Kaohsiung/16020017-2/2016,-0.05621,0.06503,-0.109051,-0.004039,Avian,N8
332_A/chicken/Kaohsiung/,A/chicken/Kaohsiung/16040021-1/2016,-0.052765,0.07125,-0.111475,-0.004161,Avian,N8
333_A/chicken/Kaohsiung/,A/chicken/Kaohsiung/16070003/2016,-0.05888,0.069872,-0.114203,-0.000858,Avian,N8
334_A/chicken/Kaohsiung/,A/chicken/Kaohsiung/16120012/2016,-0.048877,0.067519,-0.109414,-0.011524,Avian,N8
335_A/chicken/Kaohsiung/,A/chicken/Kaohsiung/17030023/2017,-0.057053,0.064065,-0.110164,0.004672,Avian,N8
336_A/chicken/Kaohsiung/,A/chicken/Kaohsiung/17040007/2017,-0.075196,0.07771,-0.132942,-0.017478,Avian,N2
337_A/chicken/Kaohsiung/,A/chicken/Kaohsiung/17100002/2017,-0.08161,0.094622,-0.120684,-0.051757,Avian,N2
338_A/chicken/Kaohsiung/,A/chicken/Kaohsiung/18080004-1/2018,-0.043806,0.065925,-0.140136,-0.017687,Avian,N2
339_A/chicken/Kaohsiung/,A/chicken/Kaohsiung/18080004-2/2018,-0.047712,0.073085,-0.140586,-0.026006,Avian,N2
340_A/chicken/Liaoning/S,A/chicken/Liaoning/S4092/2011,0.154974,-0.084963,-0.02549,0.012063,Avian,N1
341_A/chicken/Liaoning/S,A/chicken/Liaoning/SD035/2018(H5N1),0.113386,-0.103425,-0.023905,-0.013328,Avian,N1
342_A/chicken/Miaoli/150,A/chicken/Miaoli/15010421-1/2015,-0.06391,0.064106,-0.111709,0.012793,Avian,N8
343_A/chicken/Nantou/161,A/chicken/Nantou/16110023-1/2016,-0.056853,0.068246,-0.109343,0.007503,Avian,N8
344_A/chicken/New_Taipei,A/chicken/New_Taipei_City/16110019-1/2016,-0.060146,0.069568,-0.110129,0.000825,Avian,N8
345_A/chicken/New_Taipei,A/chicken/New_Taipei_City/16110020-2/2016,-0.064083,0.070347,-0.112271,0.003861,Avian,N8
346_A/chicken/New_Taipei,A/chicken/New_Taipei_City/17040002-2/2017,-0.053048,0.072269,-0.126997,0.012691,Avian,N2
347_A/chicken/New_Taipei,A/chicken/New_Taipei_City/17050004-2/2017,-0.03645,0.039705,-0.106289,-0.005675,Avian,N8
348_A/chicken/New_Taipei,A/chicken/New_Taipei_City/17090001/2017,-0.050959,0.030952,-0.098861,0.002888,Avian,N8
349_A/chicken/New_Taipei,A/chicken/New_Taipei_City/17090002/2017,-0.051111,0.030944,-0.099986,0.003185,Avian,N8
350_A/chicken/New_Taipei,A/chicken/New_Taipei_City/17090003/2017,-0.051111,0.030944,-0.099986,0.003185,Avian,N8
351_A/chicken/New_Taipei,A/chicken/New_Taipei_City/18010021-3/2018,-0.071589,0.088031,-0.135765,-0.022251,Avian,N2
352_A/chicken/Ningxia/2/,A/chicken/Ningxia/2/2012,0.174439,-0.078304,-0.05272,0.004368,Avian,N1
353_A/chicken/Ningxia/22,A/chicken/Ningxia/222/2012,0.172348,-0.07707,-0.053066,0.006865,Avian,N1
354_A/chicken/PH/A2821/2,A/chicken/PH/A2821/2013,0.298538,0.356541,0.125521,0.07129,Avian,N2
355_A/chicken/Pingtung/1,A/chicken/Pingtung/15050006-1/2015,-0.06716,0.071536,-0.109823,0.003843,Avian,N2
356_A/chicken/Pingtung/1,A/chicken/Pingtung/16020009-3/2016,-0.068056,0.080043,-0.102754,-0.003976,Avian,N2
357_A/chicken/Pingtung/1,A/chicken/Pingtung/18010017-1/2018,-0.075758,0.091355,-0.143775,-0.028072,Avian,N2
358_A/chicken/Pingtung/1,A/chicken/Pingtung/18020015-1/2018,-0.073489,0.08828,-0.119973,-0.036724,Avian,N2
359_A/chicken/PT/a158/20,A/chicken/PT/a158/2015,0.484137,0.60984,0.140351,0.108641,Avian,N2
360_A/chicken/Qingdao/1/,A/chicken/Qingdao/1/2014,0.127782,-0.093617,0.004981,0.014815,Avian,N2
361_A/chicken/SC/a688/20,A/chicken/SC/a688/2015,0.501736,0.608136,0.130655,0.105162,Avian,N2
362_A/chicken/Shaanxi/SD,A/chicken/Shaanxi/SD001/2021,-0.097486,0.034792,0.101658,-0.088478,Avian,N6
363_A/chicken/Shandong/1,A/chicken/Shandong/12.03_YA-CK/2014(H5N1),0.141268,-0.105899,-0.030749,-0.079145,Avian,N1
364_A/Chicken/Shandong/J,A/Chicken/Shandong/J01/2009,0.123651,-0.050374,-0.07908,-0.115366,Avian,N1
365_A/Chicken/Shandong/J,A/Chicken/Shandong/J02/2009,0.165727,-0.094033,-0.031651,0.023833,Avian,N1
366_A/Chicken/Shandong/J,A/Chicken/Shandong/J03/2009,0.169587,-0.089642,-0.017927,0.0183,Avian,N1
367_A/Chicken/Shandong/J,A/Chicken/Shandong/J04/2009,0.163948,-0.083416,-0.040094,0.012846,Avian,N1
368_A/Chicken/Shandong/J,A/Chicken/Shandong/J06/2009,0.144187,-0.072784,-0.047921,-0.121295,Avian,N1
369_A/chicken/Shandong/K,A/chicken/Shandong/KD02699/2013,-0.023508,-0.01326,0.021834,0.001782,Avian,N8
370_A/chicken/Shandong/S,A/chicken/Shandong/S3/2014,0.133789,-0.094176,0.006877,0.008847,Avian,N2
371_A/chicken/Shanghai/S,A/chicken/Shanghai/S1123/2019(H5N1),0.130531,-0.103647,-0.045793,-0.059943,Avian,N1
372_A/chicken/Shanghai/S,A/chicken/Shanghai/S4030/2017(H5N1),0.133182,-0.097436,-0.047976,-0.069288,Avian,N1
373_A/chicken/Shanxi/04.,A/chicken/Shanxi/04.28_TGRL024-O/2018,0.023116,0.008861,-0.088378,-0.027007,Avian,N6
374_A/chicken/Shanxi/12.,A/chicken/Shanxi/12.01_TGYL014-C/2016,-0.00178,-0.029837,-0.013387,0.064227,Avian,N6
375_A/chicken/Shenzhen/4,A/chicken/Shenzhen/433/2013,-0.027852,-0.027283,0.029855,0.060366,Avian,N6
376_A/chicken/Shenzhen/5,A/chicken/Shenzhen/552/2013,-0.032343,-0.029177,0.026224,0.070818,Avian,N6
377_A/chicken/Shenzhen/7,A/chicken/Shenzhen/715/2013,-0.027852,-0.027283,0.029855,0.060366,Avian,N6
378_A/chicken/Shenzhen/1,A/chicken/Shenzhen/1061/2013,-0.028428,-0.026026,0.034346,0.054813,Avian,N6
379_A/chicken/Shenzhen/1,A/chicken/Shenzhen/1845/2013,0.012647,-0.032876,0.075174,0.017532,Avian,N6
380_A/chicken/Shenzhen/2,A/chicken/Shenzhen/2269/2013,-0.020602,-0.023846,0.029187,0.057022,Avian,N6
381_A/chicken/Shenzhen/2,A/chicken/Shenzhen/2396/2013,-0.032669,-0.029396,0.026457,0.071031,Avian,N6
382_A/chicken/Shenzhen/2,A/chicken/Shenzhen/2464/2013,-0.032669,-0.029396,0.026457,0.071031,Avian,N6
383_A/chicken/Shijiazhua,A/chicken/Shijiazhuang/1209/2013,0.142808,-0.10414,0.022918,0.019066,Avian,N2
384_A/chicken/Sichuan/k1,A/chicken/Sichuan/k141/2017,0.009576,-0.042063,0.030737,0.066195,Avian,N6
385_A/chicken/Sichuan/NC,A/chicken/Sichuan/NCJPL1/2014,0.009412,-0.040282,0.082881,0.028828,Avian,N6
386_A/Chicken/Suzhou/j5/,A/Chicken/Suzhou/j5/2019,0.042871,-0.039393,0.013104,0.051123,Avian,N6
387_A/Chicken/Suzhou/j6/,A/Chicken/Suzhou/j6/2019,0.053117,-0.039253,0.005211,0.051981,Avian,N6
388_A/chicken/Taichung/1,A/chicken/Taichung/15010399/2015,-0.067224,0.072384,-0.108823,0.005816,Avian,N2
389_A/chicken/Taichung/1,A/chicken/Taichung/16040032-3/2016,-0.055365,0.070374,-0.107529,0.009474,Avian,N2
390_A/chicken/Taichung/1,A/chicken/Taichung/16050044-2/2016,-0.051281,0.080564,-0.107109,0.003256,Avian,N2
391_A/chicken/Taichung/1,A/chicken/Taichung/16110017-3/2016,-0.040003,0.035758,-0.102883,0.013241,Avian,N8
392_A/chicken/Tainan/150,A/chicken/Tainan/15020214/2015,-0.062423,0.068708,-0.112635,-0.000716,Avian,N8
393_A/chicken/Tainan/160,A/chicken/Tainan/16040035-1/2016,-0.074573,0.0656,-0.095441,0.007164,Avian,N2
394_A/chicken/Tainan/170,A/chicken/Tainan/17030058-1/2017,-0.026764,0.034187,-0.11146,0.004429,Avian,N8
395_A/chicken/Taipei_Cit,A/chicken/Taipei_City/17090004/2017,-0.03449,0.023993,-0.101497,-0.002872,Avian,N8
396_A/chicken/Taipei_Cit,A/chicken/Taipei_City/18010007-3/2018,-0.075937,0.093364,-0.118478,-0.028349,Avian,N2
397_A/chicken/Taipei_Cit,A/chicken/Taipei_City/18010008-3/2018,-0.076987,0.095013,-0.127131,-0.047295,Avian,N2
398_A/chicken/Taipei/160,A/chicken/Taipei/16060022-4/2016,-0.056018,0.064338,-0.108888,0.009489,Avian,N8
399_A/chicken/Taipei/160,A/chicken/Taipei/16060023-1/2016,-0.056018,0.064338,-0.108888,0.009489,Avian,N8
400_A/chicken/Taipei/161,A/chicken/Taipei/16120021/2016,-0.042607,0.062233,-0.120101,-0.0127,Avian,N8
401_A/chicken/Taipei/170,A/chicken/Taipei/17050005-1/2017,-0.031891,0.040297,-0.102732,-0.003688,Avian,N8
402_A/chicken/Taipei/170,A/chicken/Taipei/17050008-3/2017,-0.040969,0.041572,-0.10216,-0.001253,Avian,N8
403_A/chicken/Taipei/170,A/chicken/Taipei/17050009-3/2017,-0.031028,0.040886,-0.107149,-0.000854,Avian,N8
404_A/chicken/Taishun/TS,A/chicken/Taishun/TS2/2016,0.009001,-0.059117,0.050164,0.078953,Avian,N6
405_A/chicken/Taishun/TS,A/chicken/Taishun/TS90/2016,0.004014,-0.055882,0.050394,0.078182,Avian,N6
406_A/chicken/Taiwan/010,A/chicken/Taiwan/0101/2012,0.210152,0.074564,-0.017516,-0.045237,Avian,N2
407_A/chicken/Taiwan/050,A/chicken/Taiwan/0502/2012,0.274102,0.345475,0.106073,0.013965,Avian,N2
408_A/chicken/Taiwan/683,A/chicken/Taiwan/683/2012,0.284843,0.346084,0.071175,0.03485,Avian,N2
409_A/chicken/Taiwan/011,A/chicken/Taiwan/01174/2015,-0.068125,0.065776,-0.11372,0.013328,Avian,Others
410_A/chicken/Taiwan/168,A/chicken/Taiwan/1682/2013,0.217437,0.07788,-0.031197,-0.065353,Avian,N2
411_A/chicken/Taiwan/169,A/chicken/Taiwan/1692/2013,0.213919,0.079122,-0.029865,-0.061995,Avian,N2
412_A/chicken/Taiwan/170,A/chicken/Taiwan/1704/2013,0.217437,0.07788,-0.031197,-0.065353,Avian,N2
413_A/chicken/Taiwan/171,A/chicken/Taiwan/1711/2013,0.216058,0.078056,-0.032396,-0.058777,Avian,N2
414_A/chicken/Taiwan/259,A/chicken/Taiwan/2593/2012,0.297535,0.343045,0.081769,0.036248,Avian,N2
415_A/chicken/Taiwan/294,A/chicken/Taiwan/2948/2013,0.29709,0.343254,0.08215,0.037301,Avian,N2
416_A/chicken/Taiwan/444,A/chicken/Taiwan/4443/2013,0.296631,0.355213,0.088285,0.024861,Avian,N2
417_A/chicken/Taiwan/735,A/chicken/Taiwan/7350/2013,0.293892,0.355728,0.083068,0.018316,Avian,N2
418_A/chicken/Taiwan/898,A/chicken/Taiwan/8988/2013,0.294905,0.346415,0.08346,0.030001,Avian,N2
419_A/chicken/Taiwan/899,A/chicken/Taiwan/8994/2013,0.307612,0.37007,0.051932,0.02113,Avian,N2
420_A/chicken/Taiwan/899,A/chicken/Taiwan/8996/2013,0.308587,0.362873,0.054124,0.03036,Avian,N2
421_A/chicken/Taiwan/A1/,A/chicken/Taiwan/A1/2019,0.508428,0.533253,0.119245,0.140625,Avian,N2
422_A/chicken/Taiwan/a17,A/chicken/Taiwan/a174/2015,-0.068125,0.065776,-0.11372,0.013328,Avian,Others
423_A/chicken/Taiwan/A19,A/chicken/Taiwan/A1997/2012,0.275641,0.342506,0.096843,0.01732,Avian,N2
424_A/chicken/Taiwan/D2/,A/chicken/Taiwan/D2/2019,-0.085842,0.097828,-0.135079,-0.033176,Avian,N2
425_A/chicken/Taiwan/D9/,A/chicken/Taiwan/D9/2019,-0.085842,0.097828,-0.135079,-0.033176,Avian,N2
426_A/chicken/Taiwan/u7/,A/chicken/Taiwan/u7/2016,-0.078186,0.078102,-0.126102,-0.009518,Avian,N2
427_A/chicken/Taiwan/x37,A/chicken/Taiwan/x37/2016,-0.043403,0.062119,-0.116045,-0.013079,Avian,N8
428_A/chicken/TC/a504/20,A/chicken/TC/a504/2015,0.493534,0.609367,0.128594,0.128665,Avian,N2
429_A/chicken/TY/a665/20,A/chicken/TY/a665/2015,0.485014,0.612669,0.137772,0.123523,Avian,N2
430_A/chicken/Wuxi/7157/,A/chicken/Wuxi/7157/2015,-0.013231,-0.035221,0.032622,0.082936,Avian,N6
431_A/chicken/Wuxi/7765/,A/chicken/Wuxi/7765/2016,0.007275,0.005575,0.025711,0.036034,Avian,N6
432_A/chicken/Wuxi/SC739,A/chicken/Wuxi/SC7393/2015,-0.015649,-0.025982,0.026483,0.058369,Avian,N6
433_A/chicken/Wuxi/WX-32,A/chicken/Wuxi/WX-32/2013,0.129759,-0.085118,-0.05187,-0.075063,Avian,N1
434_A/chicken/Wuxi/WX-33,A/chicken/Wuxi/WX-33/2013,0.137141,-0.088136,-0.054579,-0.079093,Avian,N1
435_A/chicken/Xinjiang/S,A/chicken/Xinjiang/S1016/2019(H5N1),0.130531,-0.103647,-0.045793,-0.059943,Avian,N1
436_A/chicken/Xinjiang/S,A/chicken/Xinjiang/S1081/2019(H5N1),0.083887,-0.062972,-0.064808,-0.033112,Avian,N1
437_A/chicken/Xinjiang/S,A/chicken/Xinjiang/S1170/2019(H5N1),0.130531,-0.103647,-0.045793,-0.059943,Avian,N1
438_A/Chicken/Xuzhou/470,A/Chicken/Xuzhou/470/2017,0.026011,-0.036475,0.027124,0.049406,Avian,N6
439_A/chicken/Xuzhou/XZ6,A/chicken/Xuzhou/XZ6/2016,-0.006726,-0.01642,0.020008,0.02492,Avian,N6
440_A/Chicken/Yangzhou/f,A/Chicken/Yangzhou/f6/2018,0.050353,-0.033363,-0.026144,0.021796,Avian,N6
441_A/Chicken/Yangzhou/f,A/Chicken/Yangzhou/f9/2018,0.049108,-0.032887,-0.024576,0.020755,Avian,N6
442_A/Chicken/Yangzhou/f,A/Chicken/Yangzhou/f14/2018,0.054606,-0.03956,-0.02653,0.016868,Avian,N6
443_A/chicken/Yangzhou/Y,A/chicken/Yangzhou/YD1/2014,0.007954,-0.036621,0.079535,0.029458,Avian,N6
444_A/chicken/YL/A3190/2,A/chicken/YL/A3190/2014,0.295938,0.323703,0.10493,0.012318,Avian,N2
445_A/chicken/Yuhang/1/2,A/chicken/Yuhang/1/2013,0.128845,-0.078857,-0.065535,-0.054062,Avian,Others
446_A/chicken/Yuhang/2/2,A/chicken/Yuhang/2/2013,0.128845,-0.078857,-0.065535,-0.054062,Avian,Others
447_A/chicken/Yunlin/150,A/chicken/Yunlin/15020048-1/2015,-0.067494,0.073103,-0.109462,0.006013,Avian,N2
448_A/chicken/Yunlin/150,A/chicken/Yunlin/15040002-2/2015,-0.063697,0.073674,-0.105377,-0.001009,Avian,N2
449_A/chicken/Yunlin/150,A/chicken/Yunlin/15040027/2015,-0.068575,0.075278,-0.107639,0.005093,Avian,N2
450_A/chicken/Yunlin/150,A/chicken/Yunlin/15050012/2015,-0.076379,0.069933,-0.109509,0.012938,Avian,N8
451_A/chicken/Yunlin/150,A/chicken/Yunlin/15050037-2/2015,-0.066148,0.076365,-0.113112,0.011792,Avian,N2
452_A/chicken/Yunlin/150,A/chicken/Yunlin/15050039-2/2015,-0.068575,0.075278,-0.107639,0.005093,Avian,N2
453_A/chicken/Yunlin/150,A/chicken/Yunlin/15060014-1/2015,-0.07291,0.082261,-0.110093,0.001899,Avian,N2
454_A/chicken/Yunlin/150,A/chicken/Yunlin/15080024/2015,-0.069887,0.082456,-0.10733,0.01732,Avian,N2
455_A/chicken/Yunlin/160,A/chicken/Yunlin/16010001-1/2016,-0.067796,0.077424,-0.128052,0.011474,Avian,N2
456_A/chicken/Yunlin/160,A/chicken/Yunlin/16010008-1/2016,-0.058869,0.062113,-0.10423,0.002454,Avian,N2
457_A/chicken/Yunlin/160,A/chicken/Yunlin/16020038/2016,-0.053309,0.035285,-0.051573,0.028991,Avian,N8
458_A/chicken/Yunlin/160,A/chicken/Yunlin/16050053/2016,-0.055209,0.070762,-0.105531,0.009701,Avian,N2
459_A/chicken/Yunlin/170,A/chicken/Yunlin/17010001/2017,-0.035768,0.038895,-0.109191,0.037408,Avian,N8
460_A/chicken/Yunlin/170,A/chicken/Yunlin/17010014/2017,-0.076128,0.076614,-0.127493,-0.01463,Avian,N2
461_A/chicken/Yunlin/170,A/chicken/Yunlin/17020094-1/2017,-0.082131,0.065996,-0.118702,-0.010752,Avian,N2
462_A/chicken/Yunlin/170,A/chicken/Yunlin/17020095-2/2017,-0.064203,0.078894,-0.121625,0.016468,Avian,N2
463_A/chicken/Yunlin/170,A/chicken/Yunlin/17030001-1/2017,-0.083167,0.079401,-0.132335,-0.007149,Avian,N2
464_A/chicken/Yunlin/170,A/chicken/Yunlin/17030007-1/2017,-0.076701,0.080621,-0.123982,-0.007277,Avian,N2
465_A/chicken/Yunlin/170,A/chicken/Yunlin/17030010-1/2017,-0.080193,0.083503,-0.132254,-0.019223,Avian,N2
466_A/chicken/Yunlin/170,A/chicken/Yunlin/17030014-1/2017,-0.083355,0.079169,-0.131061,-0.007237,Avian,N2
467_A/chicken/Yunlin/170,A/chicken/Yunlin/17030020-2/2017,-0.081226,0.067788,-0.122485,-0.005568,Avian,N2
468_A/chicken/Yunlin/170,A/chicken/Yunlin/17030021-1/2017,-0.08291,0.07896,-0.131442,-0.00829,Avian,N2
469_A/chicken/Yunlin/170,A/chicken/Yunlin/17030032-2/2017,-0.039626,0.047393,-0.115137,0.021488,Avian,N2
470_A/chicken/Yunlin/170,A/chicken/Yunlin/17030065-2/2017,-0.103018,0.086596,-0.116553,-0.004679,Avian,N2
471_A/chicken/Yunlin/170,A/chicken/Yunlin/17040003-1/2017,-0.072599,0.080695,-0.118413,-0.006599,Avian,N2
472_A/chicken/Yunlin/170,A/chicken/Yunlin/17040004-2/2017,-0.086406,0.083508,-0.133578,-0.002317,Avian,N2
473_A/chicken/Yunlin/170,A/chicken/Yunlin/17040011-1/2017,-0.086959,0.078805,-0.13289,-0.001709,Avian,N2
474_A/chicken/Yunlin/170,A/chicken/Yunlin/17060019/2017,-0.09346,0.088159,-0.116475,-0.0229,Avian,N2
475_A/chicken/Yunlin/170,A/chicken/Yunlin/17070010/2017,-0.033586,0.056765,-0.107066,-0.015551,Avian,N2
476_A/chicken/Yunlin/180,A/chicken/Yunlin/18010001-2/2018,-0.079747,0.092774,-0.128882,-0.03698,Avian,N2
477_A/chicken/Yunlin/180,A/chicken/Yunlin/18010003-3/2018,-0.076478,0.091434,-0.124035,-0.041183,Avian,N2
478_A/chicken/Yunlin/180,A/chicken/Yunlin/18010023-1/2018,-0.094705,0.101522,-0.128255,-0.047156,Avian,N2
479_A/chicken/Yunlin/180,A/chicken/Yunlin/18020003-2/2018,-0.084903,0.111306,-0.144163,-0.051073,Avian,N2
480_A/chicken/Yunlin/180,A/chicken/Yunlin/18020004-1/2018,-0.081901,0.105972,-0.141261,-0.048541,Avian,N2
481_A/chicken/Yunlin/180,A/chicken/Yunlin/18020005-2/2018,-0.087069,0.109086,-0.138467,-0.056094,Avian,N2
482_A/chicken/Yunlin/180,A/chicken/Yunlin/18020008-2/2018,-0.086882,0.09638,-0.132584,-0.047795,Avian,N2
483_A/chicken/Yunlin/180,A/chicken/Yunlin/18030002-1/2018,-0.079617,0.106369,-0.151492,-0.053381,Avian,N2
484_A/chicken/Yunlin/180,A/chicken/Yunlin/18050013-1/2018,-0.072583,0.108158,-0.148024,-0.046995,Avian,N2
485_A/chicken/Yunlin/180,A/chicken/Yunlin/18060001-2/2018,-0.072748,0.108622,-0.149958,-0.047399,Avian,N2
486_A/chicken/Yunlin/180,A/chicken/Yunlin/18080006-1/2018,-0.10142,0.087104,-0.104355,-0.032204,Avian,N2
487_A/chicken/Yunnan/1/2,A/chicken/Yunnan/1/2014,-0.049574,-0.022221,0.041458,0.0849,Avian,N1
488_A/chicken/Yunnan/02.,A/chicken/Yunnan/02.09_DQXY008L/2015(H5N6),-0.027585,-0.064947,0.029341,0.071905,Avian,N6
489_A/chicken/Yunnan/03.,A/chicken/Yunnan/03.15_DQJT0054-Z-P/2015(H5N6),-0.022268,-0.032966,0.014888,0.074226,Avian,N6
490_A/chicken/Yunnan/03.,A/chicken/Yunnan/03.16__DQJT0068-O/2015(H5N6),-0.031526,-0.065562,0.030265,0.073401,Avian,N6
491_A/chicken/Yunnan/03.,A/chicken/Yunnan/03.16_DQJT069-O/2015(H5N6),-0.046315,-0.032521,0.031579,0.064541,Avian,N6
492_A/chicken/Yunnan/03.,A/chicken/Yunnan/03.16_DQXYL0034-O/2015(H5N6),-0.026254,-0.0585,0.033845,0.071001,Avian,N6
493_A/chicken/Yunnan/03.,A/chicken/Yunnan/03.16_DQXYL057-O/2015(H5N6),-0.046315,-0.032521,0.031579,0.064541,Avian,N6
494_A/chicken/Yunnan/07.,A/chicken/Yunnan/07.11_DQENM005/2015(H5N6),-0.02744,-0.046858,0.011438,0.075034,Avian,N6
495_A/Chicken/Yunnan/YN-,A/Chicken/Yunnan/YN-8/2016__(H5N6),-0.013324,-0.037606,0.009779,0.052431,Avian,N6
496_A/Chicken/Yunnan/YN-,A/Chicken/Yunnan/YN-11/2016__(H5N6),0.006307,-0.054487,0.023276,0.069318,Avian,N6
497_A/Chicken/Yunnan/YN-,A/Chicken/Yunnan/YN-12/2016__(H5N6),-0.019227,-0.036986,0.02155,0.054751,Avian,N6
498_A/chicken/Zhejiang/1,A/chicken/Zhejiang/194/2016,-0.011074,-0.031888,0.042077,0.058065,Avian,N2
499_A/chicken/Zhejiang/2,A/chicken/Zhejiang/209/2016,-0.017331,0.014714,-0.033496,0.005746,Avian,N2
500_A/chicken/Zhejiang/2,A/chicken/Zhejiang/217/2016,-0.011074,-0.031888,0.042077,0.058065,Avian,N2
501_A/chicken/Zhejiang/2,A/chicken/Zhejiang/232/2016,-0.020605,0.016526,-0.042235,0.026688,Avian,N2
502_A/chicken/Zhejiang/7,A/chicken/Zhejiang/7450/2015,-0.003798,0.020355,-0.051841,0.02087,Avian,N2
503_A/chicken/Zhejiang/8,A/chicken/Zhejiang/81643/2015,-0.004881,0.022652,-0.054621,0.019062,Avian,N2
504_A/chicken/Zhejiang/5,A/chicken/Zhejiang/514135/2015,-0.015614,-0.050447,0.039901,0.073429,Avian,N2
505_A/chicken/Zhejiang/7,A/chicken/Zhejiang/727022/2014,-0.02631,-0.034889,0.020061,0.087045,Avian,N6
506_A/chicken/Zhejiang/7,A/chicken/Zhejiang/727026/2014,-0.028363,-0.03945,0.0287,0.092787,Avian,N6
507_A/chicken/Zhejiang/7,A/chicken/Zhejiang/727079/2014,-0.03032,-0.028955,0.027739,0.090748,Avian,N2
508_A/chicken/Zhejiang/7,A/chicken/Zhejiang/727155/2014,-0.029165,-0.032591,0.027441,0.083553,Avian,N6
509_A/chicken/Zhejiang/7,A/chicken/Zhejiang/727159/2014,-0.031831,-0.031402,0.026891,0.087187,Avian,N2
510_A/chickenl/Jiangxi/E,A/chickenl/Jiangxi/E84/2014_(H5N6),-0.007952,-0.024799,0.035933,0.044199,Avian,N6
511_A/Chlidonias_hybrida,A/Chlidonias_hybrida/Hubei/55/2020,-0.087006,0.040132,0.096344,-0.110054,Avian,N8
512_A/Commom_Teal/Ningxi,A/Commom_Teal/Ningxia/474-9/2015,-0.01713,-0.032127,0.014769,0.073983,Avian,N6
513_A/common_coot/Shando,A/common_coot/Shandong/SC197/2021,-0.088627,0.034008,0.11261,-0.1084,Avian,N8
514_A/common_crane/Yunna,A/common_crane/Yunnan-Huize/27/2021(H5N8),-0.088713,0.036564,0.109995,-0.111998,Avian,N8
515_A/common_pochard/Nin,A/common_pochard/Ningxia/243/2020,-0.095782,0.035942,0.003019,-0.072413,Avian,N8
516_A/common_teal/Ningxi,A/common_teal/Ningxia/105/2020,-0.097642,0.041482,0.099645,-0.097477,Avian,N8
517_A/common_teal/Ningxi,A/common_teal/Ningxia/181/2020,-0.09288,0.036221,0.007137,-0.079979,Avian,N8
518_A/common_teal/Ningxi,A/common_teal/Ningxia/189/2020,-0.09288,0.036221,0.007137,-0.079979,Avian,N8
519_A/common_teal/Ningxi,A/common_teal/Ningxia/237/2020,-0.09288,0.036221,0.007137,-0.079979,Avian,N8
520_A/common_teal/Ningxi,A/common_teal/Ningxia/245/2020,-0.09288,0.036221,0.007137,-0.079979,Avian,N8
521_A/common_teal/Ningxi,A/common_teal/Ningxia/253/2020,-0.09288,0.036221,0.007137,-0.079979,Avian,N8
522_A/common_teal/Shaanx,A/common_teal/Shaanxi/SXY1-1/2020,-0.097642,0.041482,0.099645,-0.097477,Avian,N8
523_A/condor/Guangdong/1,A/condor/Guangdong/139/2003,0.08758,-0.089032,-0.021464,-0.053219,Avian,N1
524_A/Copsychus_saularis,A/Copsychus_saularis/Guangdong/SW8/2014,-0.018493,-0.020351,0.043568,0.040411,Avian,N6
525_A/Curlew/Hong_Kong/A,A/Curlew/Hong_Kong/AFCD-HKU-22-01095.01009/2022,-0.069883,0.038152,0.087954,-0.100971,Avian,N1
526_A/Cygnus_atratus/Hub,A/Cygnus_atratus/Hubei/2Z2-O/2016,-0.090503,0.022704,0.066448,-0.026633,Avian,N8
527_A/Cygnus_atratus/Hub,A/Cygnus_atratus/Hubei/HF-1/2016,-0.091767,0.026673,0.06824,-0.021227,Avian,N8
528_A/Cygnus_columbianus,A/Cygnus_columbianus/Hubei/49/2020,-0.086313,0.045928,0.090867,-0.112877,Avian,N8
529_A/Cygnus_columbianus,A/Cygnus_columbianus/Hubei/50/2020,-0.083205,0.034941,0.100211,-0.097778,Avian,N8
530_A/Cygnus_columbianus,A/Cygnus_columbianus/Hubei/51/2020,-0.087024,0.038634,0.095837,-0.109805,Avian,N8
531_A/Cygnus_columbianus,A/Cygnus_columbianus/Hubei/52/2020,-0.085009,0.041333,0.097425,-0.11113,Avian,N8
532_A/Cygnus_columbianus,A/Cygnus_columbianus/Hubei/53/2020,-0.087006,0.040132,0.096344,-0.110054,Avian,N8
533_A/Cygnus_columbianus,A/Cygnus_columbianus/Hubei/56/2020,-0.087507,0.038075,0.092548,-0.10876,Avian,N8
534_A/Cygnus_columbianus,A/Cygnus_columbianus/Hubei/116/2020,-0.083392,0.037814,0.088718,-0.106595,Avian,N8
535_A/Cygnus_columbianus,A/Cygnus_columbianus/Hubei/117/2021,-0.119158,0.046372,0.086567,-0.074383,Avian,N1
536_A/Cygnus_columbianus,A/Cygnus_columbianus/Hubei/121/2021,-0.096801,0.047192,0.077952,-0.082702,Avian,N1
537_A/Cygnus_columbianus,A/Cygnus_columbianus/Hubei/123/2021,-0.119158,0.046372,0.086567,-0.074383,Avian,N1
538_A/Cygnus_columbianus,A/Cygnus_columbianus/Hubei/128/2021,-0.118884,0.045114,0.090778,-0.07973,Avian,N1
539_A/domestic_green-win,A/domestic_green-winged_teal/Hunan/3450/2006,0.099967,-0.074425,-0.013351,-0.030364,Avian,N1
540_A/duck/Anhui/AH328/2,A/duck/Anhui/AH328/2015,-0.011511,-0.03368,0.03877,0.059192,Avian,N6
541_A/duck/Anhui/S4/2016,A/duck/Anhui/S4/2016,-0.013749,-0.019733,0.041082,0.047203,Avian,N6
542_A/duck/Changhua/15A0,A/duck/Changhua/15A03431-1-20T/2015,-0.067068,0.072772,-0.106826,0.006043,Avian,N2
543_A/duck/Changhua/15A0,A/duck/Changhua/15A03473-1-20T/2015,-0.075933,0.078138,-0.104466,0.010011,Avian,N2
544_A/duck/Chiayi/150800,A/duck/Chiayi/15080023/2015,-0.03746,0.045157,-0.103411,0.019204,Avian,N8
545_A/duck/China/0936/20,A/duck/China/0936/2017,-0.018218,-0.029252,0.03156,0.075806,Avian,N6
546_A/duck/China/0938/20,A/duck/China/0938/2017,0.129916,-0.096502,-0.045023,-0.056959,Avian,N6
547_A/duck/China/DK87/20,A/duck/China/DK87/2016,-0.020002,-0.02627,-0.008414,0.08285,Avian,N6
548_A/duck/China/E26/201,A/duck/China/E26/2012,0.114935,-0.066148,-0.05584,-0.079703,Avian,N1
549_A/duck/China/E53/201,A/duck/China/E53/2012,0.146408,-0.059313,-0.07263,-0.126284,Avian,N1
550_A/Duck/China/H5N6/20,A/Duck/China/H5N6/2020,0.039764,-0.023606,0.003651,0.026224,Avian,N6
551_A/duck/China/YD1516/,A/duck/China/YD1516/2016,-0.037791,0.041027,-0.048835,-0.004308,Avian,N2
552_A/duck/Chongqing/S43,A/duck/Chongqing/S4362/2017,0.143129,-0.009082,-0.011733,-0.046035,Avian,Others
553_A/duck/Dongguan/2685,A/duck/Dongguan/2685/2013,-0.028073,-0.028925,0.02785,0.064137,Avian,N6
554_A/Duck/Dongting/D76-,A/Duck/Dongting/D76-1/2016,0.13809,-0.04436,0.000103,-0.020413,Avian,Others
555_A/duck/Eastern_China,A/duck/Eastern_China/008/2008,0.025659,-0.071166,0.032236,0.00727,Avian,Others
556_A/duck/Eastern_China,A/duck/Eastern_China/031/2009,0.036135,-0.057423,0.026847,0.020125,Avian,Others
557_A/duck/Eastern_China,A/duck/Eastern_China/108/2008,0.028105,-0.071294,0.032232,0.007018,Avian,N1
558_A/duck/Eastern_China,A/duck/Eastern_China/909/2009,0.078861,-0.075793,-0.038199,-0.033107,Avian,N1
559_A/duck/Eastern_China,A/duck/Eastern_China/JY/2014,-0.036816,-0.00676,0.033622,-0.010097,Avian,N8
560_A/duck/Eastern_China,A/duck/Eastern_China/L0230/2010,-0.011722,-0.031559,0.034056,0.016351,Avian,N2
561_A/duck/Eastern_China,A/duck/Eastern_China/L0321/2010,-0.011722,-0.031559,0.034056,0.016351,Avian,N2
562_A/duck/Eastern_China,A/duck/Eastern_China/L0405/2010,-0.035387,-0.020216,0.029706,0.042864,Avian,N8
563_A/duck/Eastern_China,A/duck/Eastern_China/L0423/2011,-0.025764,-0.029737,0.031777,0.026088,Avian,N8
564_A/duck/Eastern_China,A/duck/Eastern_China/L0611/2011,-0.02825,-0.02293,0.028543,0.010543,Avian,N8
565_A/duck/Eastern_China,A/duck/Eastern_China/L0722/2012,-0.027463,-0.032071,0.025052,0.026974,Avian,N8
566_A/duck/Eastern_China,A/duck/Eastern_China/L1021/2012,-0.035894,-0.019449,0.038144,0.009255,Avian,N8
567_A/duck/Eastern_China,A/duck/Eastern_China/L1120/2012,-0.030385,-0.020839,0.027831,0.014127,Avian,N8
568_A/duck/Eastern_China,A/duck/Eastern_China/S0131/2014,-0.001421,-0.002688,-0.0327,0.01974,Avian,N2
569_A/duck/Eastern_China,A/duck/Eastern_China/S0215/2014,-0.011444,-0.012724,0.049614,-0.035563,Avian,N8
570_A/duck/Eastern_China,A/duck/Eastern_China/S0322/2014,-0.026207,-0.02901,0.025298,0.079736,Avian,N6
571_A/duck/Eastern_China,A/duck/Eastern_China/S0711/2014,0.006712,-0.035925,0.083774,0.027986,Avian,N6
572_A/duck/Eastern_China,A/duck/Eastern_China/S0808/2014,0.194383,0.256918,0.063347,0.112569,Avian,N2
573_A/duck/Eastern_China,A/duck/Eastern_China/S0908/2014,-0.030414,-0.011524,0.034515,0.026183,Avian,N6
574_A/duck/Eastern_China,A/duck/Eastern_China/S1109/2014,-0.066542,0.013159,0.065219,-0.024783,Avian,N8
575_A/duck/Eastern_China,A/duck/Eastern_China/S1210/2013,-0.026197,-0.012378,0.042821,-0.009058,Avian,N8
576_A/duck/Fujian/1.17_F,A/duck/Fujian/1.17_FZHX0123-C/2017,0.00011,-0.044604,-0.006556,0.084586,Avian,N6
577_A/duck/Fujian/03.18_,A/duck/Fujian/03.18_GTFJ-15-10/2015(Mixed),-0.028157,-0.029028,0.037421,0.050308,Avian,N6
578_A/duck/Fujian/05.07_,A/duck/Fujian/05.07_FZHMD4K-O/2015(Mixed),0.011528,-0.051864,0.024381,0.08926,Avian,N6
579_A/duck/Fujian/05.07_,A/duck/Fujian/05.07_FZHMD12AK-O/2015(Mixed),0.011528,-0.051864,0.024381,0.08926,Avian,N6
580_A/duck/Fujian/05.07_,A/duck/Fujian/05.07_FZHMDK14-O/2015(H5N6),0.011528,-0.051864,0.024381,0.08926,Avian,N6
581_A/duck/Fujian/10.26_,A/duck/Fujian/10.26_FZHX0002-O/2017,-0.033025,-0.009221,-0.012397,0.045948,Avian,N6
582_A/duck/Fujian/10.26_,A/duck/Fujian/10.26_FZHX0010-O/2017,-0.033242,-0.008654,-0.012895,0.046114,Avian,N6
583_A/duck/Fujian/11.3_F,A/duck/Fujian/11.3_FZHX1132-O/2016,-0.018325,-0.028919,-0.01467,0.071204,Avian,N6
584_A/duck/Fujian/11.3_F,A/duck/Fujian/11.3_FZHX1141-C/2016,0.00011,-0.044604,-0.006556,0.084586,Avian,N6
585_A/duck/Fujian/11.23_,A/duck/Fujian/11.23_FZHX0009-C/2017,-0.033025,-0.009221,-0.012397,0.045948,Avian,N6
586_A/duck/Fujian/11.23_,A/duck/Fujian/11.23_FZHX0014-C/2017,-0.031273,-0.00697,-0.016631,0.042265,Avian,N6
587_A/duck/Fujian/11.23_,A/duck/Fujian/11.23_FZHX0015-C/2017,-0.031273,-0.00697,-0.016631,0.042265,Avian,N6
588_A/duck/Fujian/12.7_F,A/duck/Fujian/12.7_FZHX1202-O/2016,0.00011,-0.044604,-0.006556,0.084586,Avian,N6
589_A/duck/Fujian/12.7_F,A/duck/Fujian/12.7_FZHX1218-C/2016,-0.039147,-0.023526,-0.008556,0.109024,Avian,N6
590_A/duck/Fujian/12.7_F,A/duck/Fujian/12.7_FZHX1219-O/2016,-0.039352,-0.027159,-0.006331,0.11087,Avian,N6
591_A/duck/Fujian/12.7_F,A/duck/Fujian/12.7_FZHX1221-C/2016,-0.039352,-0.027159,-0.006331,0.11087,Avian,N6
592_A/duck/Fujian/S1233/,A/duck/Fujian/S1233/2018(H5N1),0.139287,-0.102677,-0.054698,-0.070476,Avian,N1
593_A/duck/Fujian/S1273/,A/duck/Fujian/S1273/2018(H5N1),0.138385,-0.105927,-0.05406,-0.069222,Avian,N1
594_A/Duck/Fujian/S4146/,A/Duck/Fujian/S4146/2010,0.036089,-0.041777,-0.067114,-0.0973,Avian,N1
595_A/duck/Guangdong/01.,A/duck/Guangdong/01.01_SZSGXJK001-G/2016,-0.023613,-0.033083,-0.017347,0.090042,Avian,N6
596_A/duck/Guangdong/01.,A/duck/Guangdong/01.01_SZSGXJK001-Y_/2016,-0.023893,-0.032603,-0.018319,0.091284,Avian,N6
597_A/duck/Guangdong/01.,A/duck/Guangdong/01.01_SZSGXJK002-G/2016,-0.023711,-0.031336,-0.018478,0.089263,Avian,N6
598_A/duck/Guangdong/01.,A/duck/Guangdong/01.01_SZSGXJK002-Y/2016,-0.023276,-0.031541,-0.018851,0.088231,Avian,N6
599_A/duck/Guangdong/01.,A/duck/Guangdong/01.01_SZSGXJK003-G/2016,-0.016925,-0.030692,-0.018201,0.087848,Avian,N6
600_A/duck/Guangdong/01.,A/duck/Guangdong/01.01_SZSGXJK004-Y/2016,-0.023711,-0.031336,-0.018478,0.089263,Avian,N6
601_A/duck/Guangdong/01.,A/duck/Guangdong/01.01_SZSGXJK005-G_/2016,-0.023711,-0.031336,-0.018478,0.089263,Avian,N6
602_A/duck/Guangdong/01.,A/duck/Guangdong/01.01_SZSGXJK005-Y/2016,-0.023199,-0.032395,-0.017958,0.089844,Avian,N6
603_A/duck/Guangdong/01.,A/duck/Guangdong/01.01_SZSGXJK006-G/2016,-0.022037,-0.026284,-0.018496,0.080486,Avian,N6
604_A/duck/Guangdong/01.,A/duck/Guangdong/01.01_SZSGXJK006-Y/2016,-0.02259,-0.029487,-0.026464,0.08998,Avian,N6
605_A/duck/Guangdong/02.,A/duck/Guangdong/02.11_DGCP092-P/2015(Mixed),-0.034757,-0.027276,0.032614,0.072239,Avian,N6
606_A/duck/Guangdong/02.,A/duck/Guangdong/02.11_DGCP093-P/2015(Mixed),-0.032936,-0.027191,0.032907,0.072071,Avian,N6
607_A/duck/Guangdong/02.,A/duck/Guangdong/02.11_DGCP094-P/2015(Mixed),-0.034757,-0.027276,0.032614,0.072239,Avian,N6
608_A/duck/Guangdong/02.,A/duck/Guangdong/02.11_DGCP102-P/2015(Mixed),-0.033634,-0.027414,0.033452,0.067535,Avian,N6
609_A/duck/Guangdong/02.,A/duck/Guangdong/02.11_DGCP103-P/2015(Mixed),-0.034197,-0.027375,0.033085,0.059834,Avian,N6
610_A/duck/Guangdong/02.,A/duck/Guangdong/02.11_DGCP104-P/2015(Mixed),-0.033634,-0.027414,0.033452,0.067535,Avian,N6
611_A/duck/Guangdong/03.,A/duck/Guangdong/03.26_DGCP062-P/2015(H5N6),-0.017422,-0.034172,0.029829,0.064357,Avian,N6
612_A/duck/Guangdong/03.,A/duck/Guangdong/03.26_DGCP066-O/2015(H5N6),-0.017422,-0.034172,0.029829,0.064357,Avian,N6
613_A/duck/Guangdong/03.,A/duck/Guangdong/03.26_DGCP074-O/2015(H5N6),-0.007325,-0.037909,0.041371,0.058807,Avian,N6
614_A/duck/Guangdong/03.,A/duck/Guangdong/03.26_DGCP075-O/2015(Mixed),-0.024296,-0.04062,0.022373,0.087224,Avian,N6
615_A/duck/Guangdong/03.,A/duck/Guangdong/03.26_DGCP076-O/2015(H5N6),-0.003299,-0.030909,0.024616,0.046525,Avian,N6
616_A/duck/Guangdong/03.,A/duck/Guangdong/03.26_DGCP076-P/2015(H5N6),-0.007325,-0.037909,0.041371,0.058807,Avian,N6
617_A/duck/Guangdong/03.,A/duck/Guangdong/03.26_DGCP077-O/2015(H5N6),-0.024296,-0.04062,0.022373,0.087224,Avian,N6
618_A/duck/Guangdong/03.,A/duck/Guangdong/03.26_DGCP078-P/2015(H5N6),-0.007325,-0.037909,0.041371,0.058807,Avian,N6
619_A/duck/Guangdong/03.,A/duck/Guangdong/03.26_DGCP080-P/2015(H5N6),-0.026648,-0.041183,0.022871,0.085441,Avian,N6
620_A/duck/Guangdong/03.,A/duck/Guangdong/03.26_DGCP082-O/2015(H5N6),-0.024907,-0.041085,0.023507,0.085055,Avian,N6
621_A/duck/Guangdong/03.,A/duck/Guangdong/03.26_DGCP084-P/2015(H5N6),-0.007325,-0.037909,0.041371,0.058807,Avian,N6
622_A/duck/Guangdong/03.,A/duck/Guangdong/03.26_DGCP709-P/2015(H5N6),-0.007325,-0.037909,0.041371,0.058807,Avian,N6
623_A/duck/Guangdong/03.,A/duck/Guangdong/03.26_DGCPLB007-O/2015(H5N6),-0.008091,-0.028552,0.033005,0.057988,Avian,N6
624_A/duck/Guangdong/03.,A/duck/Guangdong/03.26_DGCPLB007-P/2015(H5N6),-0.008091,-0.028552,0.033005,0.057988,Avian,N6
625_A/duck/Guangdong/03.,A/duck/Guangdong/03.26_DGCPLB019-P/2015(H5N6),-0.017422,-0.034172,0.029829,0.064357,Avian,N6
626_A/duck/Guangdong/03.,A/duck/Guangdong/03.26_DGCPLB021-O/2015(H5N6),-0.015724,-0.034065,0.030402,0.064035,Avian,N6
627_A/duck/Guangdong/03.,A/duck/Guangdong/03.26_DGCPLB022-O/2015(H5N6),-0.015724,-0.034065,0.030402,0.064035,Avian,N6
628_A/duck/Guangdong/03.,A/duck/Guangdong/03.26_DGCPLB022-P/2015(H5N6),-0.015724,-0.034065,0.030402,0.064035,Avian,N6
629_A/duck/Guangdong/03.,A/duck/Guangdong/03.26_DGCPLB023-O/2015(H5N6),-0.015724,-0.034065,0.030402,0.064035,Avian,N6
630_A/duck/Guangdong/03.,A/duck/Guangdong/03.26_DGCPLB023-P/2015(H5N6),-0.017422,-0.034172,0.029829,0.064357,Avian,N6
631_A/duck/Guangdong/03.,A/duck/Guangdong/03.26_DGCPLB024-O/2015(H5N6),-0.015724,-0.034065,0.030402,0.064035,Avian,N6
632_A/duck/Guangdong/03.,A/duck/Guangdong/03.27_DGQTSJ129-O/2015(Mixed),-0.043084,-0.036893,0.030834,0.072496,Avian,N6
633_A/duck/Guangdong/03.,A/duck/Guangdong/03.27_DGQTSJ131-O/2015(Mixed),-0.021197,-0.031039,-0.001643,0.072833,Avian,N6
634_A/duck/Guangdong/03.,A/duck/Guangdong/03.27_DGQTSJ133-O/2015(Mixed),-0.043119,-0.032114,0.029327,0.080871,Avian,N6
635_A/duck/Guangdong/03.,A/duck/Guangdong/03.27_DGQTSJ134-O/2015(Mixed),-0.021197,-0.031039,-0.001643,0.072833,Avian,N6
636_A/duck/Guangdong/03.,A/duck/Guangdong/03.27_DGQTXC203-O/2015(Mixed),-0.045883,-0.02989,0.036469,0.077491,Avian,N6
637_A/duck/Guangdong/04.,A/duck/Guangdong/04.15_SZBAXQ019/2015(Mixed),-0.010773,-0.025404,0.014787,0.043571,Avian,N6
638_A/duck/Guangdong/04.,A/duck/Guangdong/04.15_SZBAXQ020/2015(H5N6),-0.021362,-0.029806,0.027567,0.061954,Avian,N6
639_A/duck/Guangdong/04.,A/duck/Guangdong/04.15_SZBAXQ021/2015(H5N6),-0.027237,-0.033849,0.026566,0.079661,Avian,N6
640_A/duck/Guangdong/04.,A/duck/Guangdong/04.16_LGDBL001/2015(Mixed),-0.011633,-0.034701,0.031727,0.059199,Avian,N6
641_A/duck/Guangdong/04.,A/duck/Guangdong/04.16_SZLGDBL005/2015(H5N6),-0.02866,-0.040326,0.025476,0.07958,Avian,N6
642_A/duck/Guangdong/04.,A/duck/Guangdong/04.16_SZLGDBL009/2015(H5N6),-0.011633,-0.034701,0.031727,0.059199,Avian,N6
643_A/duck/Guangdong/04.,A/duck/Guangdong/04.16_SZLGDBL013/2015(H5N6),-0.010001,-0.032009,0.016,0.052463,Avian,N6
644_A/duck/Guangdong/04.,A/duck/Guangdong/04.16_SZLGWL002/2015(H5N6),-0.036659,-0.029096,0.02424,0.083497,Avian,N6
645_A/duck/Guangdong/04.,A/duck/Guangdong/04.22_DGCP068-O/2015(H5N6),-0.005262,-0.040353,0.010643,0.072155,Avian,N6
646_A/duck/Guangdong/04.,A/duck/Guangdong/04.22_DGCP071-P/2015(Mixed),-0.005262,-0.040353,0.010643,0.072155,Avian,N6
647_A/duck/Guangdong/04.,A/duck/Guangdong/04.22_DGCP079-O/2015(H5N6),-0.044711,-0.030564,0.025295,0.08111,Avian,N6
648_A/duck/Guangdong/04.,A/duck/Guangdong/04.22_DGCP083-O/2015(Mixed),-0.043132,-0.033657,0.028877,0.08114,Avian,N6
649_A/duck/Guangdong/04.,A/duck/Guangdong/04.22_DGCP084-O/2015(H5N6),-0.043132,-0.033657,0.028877,0.08114,Avian,N6
650_A/duck/Guangdong/04.,A/duck/Guangdong/04.22_DGCPLB018-O/2015(H5N6),-0.012598,-0.028221,0.008302,0.063646,Avian,N6
651_A/duck/Guangdong/04.,A/duck/Guangdong/04.22_DGCPLB020-O/2015(H5N6),-0.010578,-0.034874,0.015332,0.077525,Avian,N6
652_A/duck/Guangdong/04.,A/duck/Guangdong/04.22_DGCPLB022-O/2015(Mixed),-0.010757,-0.037243,0.019456,0.069827,Avian,N6
653_A/duck/Guangdong/04.,A/duck/Guangdong/04.22_DGCPLB041-P/2015(H5N6),-0.01097,-0.026914,0.013291,0.061825,Avian,N6
654_A/duck/Guangdong/04.,A/duck/Guangdong/04.22_DGCPLB044-P/2015(H5N6),-0.013653,-0.026462,0.013097,0.064093,Avian,N6
655_A/duck/Guangdong/04.,A/duck/Guangdong/04.23_DGQTSJ121-O/2015(Mixed),-0.022531,-0.032403,-0.007094,0.074971,Avian,N6
656_A/duck/Guangdong/04.,A/duck/Guangdong/04.23_DGQTSJ123-O/2015(Mixed),-0.021197,-0.031039,-0.001643,0.072833,Avian,N6
657_A/duck/Guangdong/04.,A/duck/Guangdong/04.23_DGQTSJ127-O/2015(Mixed),-0.03212,-0.034849,0.016421,0.058562,Avian,N6
658_A/duck/Guangdong/04.,A/duck/Guangdong/04.23_DGQTSJ128-O/2015(Mixed),-0.03208,-0.029736,0.014595,0.06682,Avian,N6
659_A/duck/Guangdong/04.,A/duck/Guangdong/04.23_DGQTSJ134-O/2015(Mixed),-0.043272,-0.032493,0.027381,0.08065,Avian,N6
660_A/duck/Guangdong/04.,A/duck/Guangdong/04.23_DGQTSJ135-O/2015(Mixed),-0.043119,-0.032114,0.029327,0.080871,Avian,N6
661_A/duck/Guangdong/04.,A/duck/Guangdong/04.23_DGQTSJ135-P/2015(Mixed),-0.043119,-0.032114,0.029327,0.080871,Avian,N6
662_A/duck/Guangdong/04.,A/duck/Guangdong/04.23_DGQTSJ138-O/2015(Mixed),-0.043119,-0.032114,0.029327,0.080871,Avian,N6
663_A/duck/Guangdong/04.,A/duck/Guangdong/04.23_DGQTSJ138-P/2015(Mixed),-0.043119,-0.032114,0.029327,0.080871,Avian,N6
664_A/duck/Guangdong/04.,A/duck/Guangdong/04.23_DGQTSJ144-O/2015(Mixed),-0.013513,-0.035258,0.03473,0.057339,Avian,N6
665_A/duck/Guangdong/04.,A/duck/Guangdong/04.23_DGQTSJ145-O/2015(H5N6),-0.013243,-0.028993,0.027727,0.069905,Avian,N6
666_A/duck/Guangdong/04.,A/duck/Guangdong/04.23_DGQTSJ146-O/2015(Mixed),-0.043119,-0.032114,0.029327,0.080871,Avian,N6
667_A/duck/Guangdong/04.,A/duck/Guangdong/04.23_DGQTSJ147-O/2015(Mixed),-0.009162,-0.029543,0.028299,0.068899,Avian,N6
668_A/duck/Guangdong/04.,A/duck/Guangdong/04.23_DGQTSJ148-O/2015(Mixed),-0.01203,-0.029146,0.029338,0.063781,Avian,N6
669_A/duck/Guangdong/04.,A/duck/Guangdong/04.23_DGQTXC183-O/2015(Mixed),-0.020137,-0.033397,0.032813,0.059459,Avian,N6
670_A/duck/Guangdong/04.,A/duck/Guangdong/04.23_DGQTXC185-O/2015(Mixed),-0.020277,-0.032232,0.031317,0.05897,Avian,N6
671_A/duck/Guangdong/04.,A/duck/Guangdong/04.23_DGQTXC186-O/2015(Mixed),-0.020137,-0.033397,0.032813,0.059459,Avian,N6
672_A/duck/Guangdong/04.,A/duck/Guangdong/04.23_DGQTXC187-O/2015(Mixed),-0.019267,-0.033806,0.032067,0.057397,Avian,N6
673_A/duck/Guangdong/04.,A/duck/Guangdong/04.23_DGQTXC187-P/2015(Mixed),-0.020137,-0.033397,0.032813,0.059459,Avian,N6
674_A/duck/Guangdong/04.,A/duck/Guangdong/04.23_DGQTXC188-O/2015(Mixed),-0.045883,-0.02989,0.036469,0.077491,Avian,N6
675_A/duck/Guangdong/04.,A/duck/Guangdong/04.23_DGQTXC188-P/2015(Mixed),-0.021197,-0.031039,-0.001643,0.072833,Avian,N6
676_A/duck/Guangdong/04.,A/duck/Guangdong/04.23_DGQTXC201-O/2015(Mixed),-0.017422,-0.034172,0.029829,0.064357,Avian,N6
677_A/duck/Guangdong/04.,A/duck/Guangdong/04.23_DGQTXC202-O/2015(H5N6),-0.026874,-0.036762,0.019084,0.093302,Avian,N6
678_A/duck/Guangdong/04.,A/duck/Guangdong/04.23_DGQTXC202-O/2015(Mixed),-0.043119,-0.032114,0.029327,0.080871,Avian,N6
679_A/duck/Guangdong/04.,A/duck/Guangdong/04.23_DGQTXC203-O/2015(H5N6),-0.017422,-0.034172,0.029829,0.064357,Avian,N6
680_A/duck/Guangdong/04.,A/duck/Guangdong/04.23_DGQTXC204-O/2015(Mixed),-0.043119,-0.032114,0.029327,0.080871,Avian,N6
681_A/duck/Guangdong/04.,A/duck/Guangdong/04.23_DGQTXC204-P/2015(Mixed),-0.008463,-0.029195,-0.015772,0.057848,Avian,N6
682_A/duck/Guangdong/04.,A/duck/Guangdong/04.23_DGQTXC205-O/2015(Mixed),-0.021197,-0.031039,-0.001643,0.072833,Avian,N6
683_A/duck/Guangdong/04.,A/duck/Guangdong/04.23_DGQTXC206-O/2015(Mixed),-0.02091,-0.026792,0.031601,0.050567,Avian,N6
684_A/duck/Guangdong/04.,A/duck/Guangdong/04.23_DGQTXC207-O/2015(Mixed),-0.021197,-0.031039,-0.001643,0.072833,Avian,N6
685_A/duck/Guangdong/04.,A/duck/Guangdong/04.23_DGQTXC207-P/2015(Mixed),-0.021197,-0.031039,-0.001643,0.072833,Avian,N6
686_A/duck/Guangdong/04.,A/duck/Guangdong/04.23_DGQTXC213-O/2015(H5N6),-0.044714,-0.02546,0.024176,0.077631,Avian,N6
687_A/duck/Guangdong/04.,A/duck/Guangdong/04.23_DGQTXC213-P/2015(H5N6),-0.029926,-0.027415,0.012156,0.063173,Avian,N6
688_A/duck/Guangdong/04.,A/duck/Guangdong/04.23_DGQTXC227-P/2015(Mixed),-0.013243,-0.028993,0.027727,0.069905,Avian,N6
689_A/duck/Guangdong/04.,A/duck/Guangdong/04.23_DGQTXC229-P/2015(H5N6),-0.013243,-0.028993,0.027727,0.069905,Avian,N6
690_A/duck/Guangdong/04.,A/duck/Guangdong/04.23_DGQTXC230-P/2015(Mixed),-0.013243,-0.028993,0.027727,0.069905,Avian,N6
691_A/duck/Guangdong/04.,A/duck/Guangdong/04.23_DGQTXC231-O/2015(H5N6),-0.015453,-0.030162,0.027038,0.065712,Avian,N6
692_A/duck/Guangdong/04.,A/duck/Guangdong/04.23_DGQTXC231-P/2015(Mixed),-0.015453,-0.030162,0.027038,0.065712,Avian,N6
693_A/duck/Guangdong/04.,A/duck/Guangdong/04.23_DGQTXC232-P/2015(H5N6),-0.013243,-0.028993,0.027727,0.069905,Avian,N6
694_A/duck/Guangdong/04.,A/duck/Guangdong/04.23_DGQTXC233-P/2015(Mixed),-0.013243,-0.028993,0.027727,0.069905,Avian,N6
695_A/duck/Guangdong/04.,A/duck/Guangdong/04.23_DGQTXC235-O/2015(H5N6),-0.000678,-0.026913,0.010096,0.055829,Avian,N6
696_A/duck/Guangdong/04.,A/duck/Guangdong/04.23_DGQTXC236-P/2015(H5N6),0.004218,-0.054656,0.031217,0.071912,Avian,N6
697_A/duck/Guangdong/11.,A/duck/Guangdong/11.18_SZBJ003-C/2016,-0.011254,-0.016329,0.000164,0.058585,Avian,N6
698_A/duck/Guangdong/11.,A/duck/Guangdong/11.18_SZBJ003-O/2016,-0.011254,-0.016329,0.000164,0.058585,Avian,N6
699_A/duck/Guangdong/11.,A/duck/Guangdong/11.18_SZBJ007-O/2016,-0.006977,-0.016506,0.001401,0.05262,Avian,N6
700_A/duck/Guangdong/KGZ,A/duck/Guangdong/KGZ15783/2021,-0.080914,0.037052,0.094308,-0.116744,Avian,N8
701_A/duck/Guangdong/KGZ,A/duck/Guangdong/KGZ16007/2021,-0.093767,0.045089,0.104941,-0.111267,Avian,N6
702_A/duck/Guangdong/KGZ,A/duck/Guangdong/KGZ16008/2021,-0.093767,0.045089,0.104941,-0.111267,Avian,N6
703_A/duck/Guangdong/KGZ,A/duck/Guangdong/KGZ16009/2021,-0.093767,0.045089,0.104941,-0.111267,Avian,N6
704_A/duck/Guangdong/KGZ,A/duck/Guangdong/KGZ16012/2021,-0.093767,0.045089,0.104941,-0.111267,Avian,N6
705_A/duck/Guangdong/KGZ,A/duck/Guangdong/KGZ16015/2021,-0.078479,0.040485,0.091875,-0.11192,Avian,N8
706_A/Duck/Guangdong/PO1,A/Duck/Guangdong/PO17281256/MZH/2017-8-21,0.027473,-0.026754,0.028245,0.034263,Avian,N6
707_A/Duck/Guangdong/PO1,A/Duck/Guangdong/PO17281388/MZH/2017-10-24,0.021964,-0.015101,0.018478,0.025636,Avian,N6
708_A/Duck/Guangdong/PO1,A/Duck/Guangdong/PO17284260/YJ/2017-7-12,-0.033168,-0.016915,-0.015777,0.058957,Avian,N6
709_A/Duck/Guangdong/PO1,A/Duck/Guangdong/PO1707260017/GZH/2017-08-02,0.018586,-0.033672,0.0184,0.06017,Avian,N6
710_A/Duck/Guangdong/PY5,A/Duck/Guangdong/PY501/2014(H5N6),0.013065,-0.036561,0.07873,0.032441,Avian,N6
711_A/Duck/Guangdong/PY5,A/Duck/Guangdong/PY503/2014(H5N6),0.011277,-0.038319,0.078696,0.026543,Avian,N6
712_A/duck/Guangdong/S12,A/duck/Guangdong/S1269/2021,-0.054043,0.024319,0.098494,-0.104832,Avian,N8
713_A/duck/Guangdong/S13,A/duck/Guangdong/S1330/2016,-0.020199,-0.029359,-0.018362,0.0838,Avian,N6
714_A/duck/Guangdong/S45,A/duck/Guangdong/S4518/2021(H5N1),-0.0729,0.034306,0.100328,-0.095387,Avian,N1
715_A/duck/Guangdong/S45,A/duck/Guangdong/S4525/2021(H5N1),-0.073052,0.033928,0.098382,-0.095608,Avian,N1
716_A/duck/Guangdong/S48,A/duck/Guangdong/S4879/2020,-0.082891,0.036788,0.091736,-0.112142,Avian,N6
717_A/duck/Guangdong/s14,A/duck/Guangdong/s14044/2014,-0.02404,-0.022097,0.028753,0.023873,Avian,N8
718_A/duck/Guangdong/SE1,A/duck/Guangdong/SE195/2021,-0.086779,0.039751,0.095819,-0.11582,Avian,N6
719_A/Duck/Guangdong/SS1,A/Duck/Guangdong/SS1A1/2014(H5N6),-0.044462,0.006016,0.056665,0.031983,Avian,N6
720_A/duck/Guangdong/wy1,A/duck/Guangdong/wy11/2008,0.022161,-0.063187,0.042651,0.021778,Avian,Others
721_A/duck/Guangdong/wy1,A/duck/Guangdong/wy19/2008,0.022872,-0.060456,0.044163,0.018555,Avian,Others
722_A/duck/Guangdong/wy2,A/duck/Guangdong/wy24/2008,0.055679,-0.055224,0.008148,0.011593,Avian,Others
723_A/Duck/Guangdong/Yan,A/Duck/Guangdong/Yangjiang/PO18284009/2018-01-09,0.022257,-0.033891,0.014628,0.050105,Avian,N6
724_A/duck/Guangxi/12.25,A/duck/Guangxi/12.25_GLGX-14-08/2014(Mixed),-0.027569,-0.008863,0.049466,0.009151,Avian,N6
725_A/duck/Guangxi/S1009,A/duck/Guangxi/S10099/2021,-0.077914,0.046193,0.087942,-0.113403,Avian,N8
726_A/duck/Guangxi/S1026,A/duck/Guangxi/S10263/2021,-0.071551,0.035521,0.090308,-0.112793,Avian,N8
727_A/duck/Guangxi/S1104,A/duck/Guangxi/S11043/2021,-0.074509,0.038897,0.085592,-0.108768,Avian,N8
728_A/duck/Guangxi/S2119,A/duck/Guangxi/S21194/2021,-0.078712,0.037296,0.097937,-0.11413,Avian,N8
729_A/duck/Guangxi/S3111,A/duck/Guangxi/S31116/2021(H5N6),-0.077517,0.040095,0.094834,-0.109152,Avian,N6
730_A/duck/Guangzhou/018,A/duck/Guangzhou/018/2014,-0.011178,-0.027353,0.0189,0.052607,Avian,N6
731_A/duck/Guangzhou/021,A/duck/Guangzhou/021/2014,-0.011178,-0.027353,0.0189,0.052607,Avian,N6
732_A/duck/Guizhou/7.27_,A/duck/Guizhou/7.27_ZYLJJ017-O/2018,0.012914,-0.025476,0.019773,0.025918,Avian,N6
733_A/duck/Guizhou/8.26_,A/duck/Guizhou/8.26_ZYLJJ016-O/2018,0.017707,-0.028604,0.029135,0.032609,Avian,N6
734_A/duck/Guizhou/8.26_,A/duck/Guizhou/8.26_ZYLJJ017-O/2018,0.009597,-0.025208,0.02888,0.025498,Avian,N6
735_A/duck/Guizhou/S1321,A/duck/Guizhou/S1321/2022(H5N1),-0.095558,0.042496,0.103469,-0.10046,Avian,N1
736_A/duck/Guizhou/S1711,A/duck/Guizhou/S1711/2024(H5N1),-0.099584,0.053645,0.064132,-0.092986,Avian,N1
737_A/duck/Guizhou/S4702,A/duck/Guizhou/S4702/2021(H5N6),-0.051144,0.020709,0.114673,-0.097893,Avian,N6
738_A/duck/Hainan/12.29_,A/duck/Hainan/12.29_HKPL002-C/2017,0.029483,-0.023506,0.019076,0.029459,Avian,N6
739_A/duck/Hebei/3/2011|,A/duck/Hebei/3/2011,-0.004045,-0.023046,0.034031,-0.0036,Avian,N2
740_A/duck/Hebei/S1070/2,A/duck/Hebei/S1070/2021,-0.083023,0.029523,0.107858,-0.096507,Avian,N8
741_A/duck/Henan/01.01_L,A/duck/Henan/01.01_LYGL003-O/2017,0.007061,-0.044969,0.004202,0.048142,Avian,N6
742_A/duck/Henan/S1381/2,A/duck/Henan/S1381/2021,-0.081339,0.030656,0.108255,-0.106022,Avian,N8
743_A/duck/Hsinchu/15020,A/duck/Hsinchu/15020216/2015,-0.06246,0.072895,-0.109244,-0.000867,Avian,N2
744_A/duck/Hubei/03.06__,A/duck/Hubei/03.06__WHWTZ0107-O/2015(Mixed),0.137331,-0.085373,-0.02979,-0.076431,Avian,N2
745_A/duck/Hubei/03.06__,A/duck/Hubei/03.06__WHWTZ0111-O/2015(Mixed),0.000619,-0.010562,0.011757,0.018355,Avian,N6
746_A/duck/Hubei/03.06__,A/duck/Hubei/03.06__WHWTZ0123-O/2015(H5N6),0.000619,-0.010562,0.011757,0.018355,Avian,N6
747_A/duck/Hubei/03.06__,A/duck/Hubei/03.06__WHWTZ0125-O/2015(H5N6),0.000619,-0.010562,0.011757,0.018355,Avian,N6
748_A/duck/Hubei/03.06__,A/duck/Hubei/03.06__WHWTZ0129-P/2015(H5N6),0.003027,-0.006711,0.01081,0.012739,Avian,N6
749_A/duck/Hubei/03.06__,A/duck/Hubei/03.06__WHWTZ0150-P/2015(Mixed),0.000619,-0.010562,0.011757,0.018355,Avian,N6
750_A/duck/Hubei/03.06__,A/duck/Hubei/03.06__WHWTZ0155-P/2015(H5N1),0.138457,-0.078782,-0.030251,-0.086076,Avian,N1
751_A/duck/HuBei/03.06__,A/duck/HuBei/03.06__WHWTZ0158-P/2015(H5N6),0.000619,-0.010562,0.011757,0.018355,Avian,N6
752_A/duck/Hubei/03.06_W,A/duck/Hubei/03.06_WHWTZ0124-O/2015(H5N6),0.000619,-0.010562,0.011757,0.018355,Avian,N6
753_A/duck/Hubei/03.06_W,A/duck/Hubei/03.06_WHWTZ0130-O/2015(H5N6),0.000619,-0.010562,0.011757,0.018355,Avian,N6
754_A/duck/Hubei/46/2009,A/duck/Hubei/46/2009,0.290305,0.173286,0.075665,-0.002592,Avian,N1
755_A/duck/Hubei/2911/20,A/duck/Hubei/2911/2007,0.095839,-0.076029,-0.019785,-0.035132,Avian,N1
756_A/duck/Hubei/S4465/2,A/duck/Hubei/S4465/2021(H5N1),-0.041052,0.028361,0.078304,-0.112085,Avian,N1
757_A/duck/Hubei/SE128/2,A/duck/Hubei/SE128/2022(H5N1),-0.048569,0.023366,0.079922,-0.094892,Avian,N1
758_A/duck/Hubei/SE220/2,A/duck/Hubei/SE220/2022(H5N1),-0.068824,0.042411,0.090939,-0.09115,Avian,N1
759_A/duck/Hubei/SZY250/,A/duck/Hubei/SZY250/2016,-0.012786,0.013491,-0.008746,0.004349,Avian,N2
760_A/duck/Hubei/xn/2007,A/duck/Hubei/xn/2007,0.11811,-0.058276,-0.077347,-0.116125,Avian,N1
761_A/duck/Hunan/1.12_YY,A/duck/Hunan/1.12_YYGK68H3-OC/2018,0.023349,-0.024838,0.015778,0.052395,Avian,N6
762_A/duck/Hunan/1.12_YY,A/duck/Hunan/1.12_YYGK72H3-OC/2018,0.021187,-0.024828,0.015334,0.052697,Avian,N6
763_A/duck/Hunan/1.12_YY,A/duck/Hunan/1.12_YYGK74H3-OC/2018,0.023363,-0.03706,0.013244,0.053444,Avian,N6
764_A/duck/Hunan/01.12_Y,A/duck/Hunan/01.12_YYGK82H3-OC/2018,0.023363,-0.03706,0.013244,0.053444,Avian,N6
765_A/duck/Hunan/01.16_Y,A/duck/Hunan/01.16_YYFQH128-P/2014(Mixed),0.010842,-0.038115,0.079069,0.027574,Avian,N6
766_A/duck/Hunan/01.16_Y,A/duck/Hunan/01.16_YYFQH185-P/2014(H5N6),0.004728,-0.035731,0.080674,0.033534,Avian,N6
767_A/duck/Hunan/01.16_Y,A/duck/Hunan/01.16_YYFQH299-P/2014(H5N6),0.012055,-0.043524,0.077104,0.022363,Avian,N6
768_A/duck/Hunan/01.16_Y,A/duck/Hunan/01.16_YYFQH303-P/2014(H5N6),0.012055,-0.043524,0.077104,0.022363,Avian,N6
769_A/duck/Hunan/01.16_Y,A/duck/Hunan/01.16_YYFQH304-P/2014(H5N6),0.012055,-0.043524,0.077104,0.022363,Avian,N6
770_A/duck/Hunan/01.16_Y,A/duck/Hunan/01.16_YYFQH305-P/2014(H5N6),0.012055,-0.043524,0.077104,0.022363,Avian,N6
771_A/duck/Hunan/01.16_Y,A/duck/Hunan/01.16_YYFQH306-P/2014(H5N6),0.014911,-0.045822,0.069724,0.025855,Avian,N6
772_A/duck/Hunan/01.16_Y,A/duck/Hunan/01.16_YYFQH309-P/2014(H5N6),0.012055,-0.043524,0.077104,0.022363,Avian,N6
773_A/duck/Hunan/01.16_Y,A/duck/Hunan/01.16_YYFQH317-P/2014(H5N6),0.012055,-0.043524,0.077104,0.022363,Avian,N6
774_A/duck/Hunan/01.16_Y,A/duck/Hunan/01.16_YYFQH319-P/2014(H5N6),0.012055,-0.043524,0.077104,0.022363,Avian,N6
775_A/duck/Hunan/01.16_Y,A/duck/Hunan/01.16_YYGK218-P/2014(H5N6),0.012055,-0.043524,0.077104,0.022363,Avian,N6
776_A/duck/Hunan/1.17_YY,A/duck/Hunan/1.17_YYGKK80-OC/2017,0.007492,-0.035991,0.039152,0.03338,Avian,N6
777_A/duck/Hunan/01.21_Y,A/duck/Hunan/01.21_YYFQH009-O/2015(H5N6),-0.003513,0.006893,0.003554,0.011808,Avian,N6
778_A/duck/Hunan/01.21_Y,A/duck/Hunan/01.21_YYFQH019-P/2015(H5N6),0.013943,-0.040135,0.07939,0.024591,Avian,N6
779_A/duck/Hunan/01.21_Y,A/duck/Hunan/01.21_YYFQH024-P/2015(H5N6),-0.003111,0.007747,0.004785,0.013316,Avian,N6
780_A/duck/Hunan/01.21_Y,A/duck/Hunan/01.21_YYFQH025-P/2015(H5N6),0.008316,-0.013434,0.01964,0.029871,Avian,N6
781_A/duck/Hunan/01.21_Y,A/duck/Hunan/01.21_YYFQH030-O/2015(H5N6),-0.003513,0.006893,0.003554,0.011808,Avian,N6
782_A/duck/Hunan/2.06_YY,A/duck/Hunan/2.06_YYGK77J3-OC/2018,0.024691,-0.0468,0.019683,0.047652,Avian,N6
783_A/duck/Hunan/2.06_YY,A/duck/Hunan/2.06_YYGK78J3-OC/2018,0.027928,-0.033273,0.025534,0.048546,Avian,N6
784_A/duck/Hunan/2.06_YY,A/duck/Hunan/2.06_YYGK84J3-OC/2018,0.024691,-0.0468,0.019683,0.047652,Avian,N6
785_A/duck/Hunan/2.06_YY,A/duck/Hunan/2.06_YYGK92J3-OC/2018,0.024691,-0.0468,0.019683,0.047652,Avian,N6
786_A/duck/Hunan/02.07__,A/duck/Hunan/02.07__YYFQHY12Y-O/2015(H5N6),0.007753,-0.013396,0.019273,0.02217,Avian,N6
787_A/duck/Hunan/02.07__,A/duck/Hunan/02.07__YYFQHY20Y-O/2015(H5N6),0.008496,-0.012476,0.015845,0.02308,Avian,N6
788_A/duck/Hunan/02.07_Y,A/duck/Hunan/02.07_YYFQH026-O/2015(H5N6),0.013943,-0.040135,0.07939,0.024591,Avian,N6
789_A/duck/Hunan/02.07_Y,A/duck/Hunan/02.07_YYFQH029-O/2015(H5N6),0.007753,-0.013396,0.019273,0.02217,Avian,N6
790_A/duck/Hunan/02.07_Y,A/duck/Hunan/02.07_YYFQH032-O/2015(H5N6),0.013943,-0.040135,0.07939,0.024591,Avian,N6
791_A/duck/Hunan/02.16_Y,A/duck/Hunan/02.16_YYGK281-P/2014(H5N6),0.012055,-0.043524,0.077104,0.022363,Avian,N6
792_A/duck/Hunan/02.26__,A/duck/Hunan/02.26__YYFQH293-P/2014(H5N6),0.012055,-0.043524,0.077104,0.022363,Avian,N6
793_A/duck/Hunan/02.26__,A/duck/Hunan/02.26__YYFQH320-P/2014(H5N6),0.012055,-0.043524,0.077104,0.022363,Avian,N6
794_A/duck/Hunan/02.26__,A/duck/Hunan/02.26__YYGK251-P/2014(H5N6),0.014365,-0.039565,0.075987,0.016827,Avian,N6
795_A/duck/Hunan/02.26__,A/duck/Hunan/02.26__YYGK0255-P/2014(H5N6),0.012055,-0.043524,0.077104,0.022363,Avian,N6
796_A/duck/Hunan/02.26_Y,A/duck/Hunan/02.26_YYFQH290-P/2014(H5N6),0.010842,-0.038115,0.079069,0.027574,Avian,N6
797_A/duck/Hunan/02.26_Y,A/duck/Hunan/02.26_YYFQH294-P/2014(H5N6),0.012055,-0.043524,0.077104,0.022363,Avian,N6
798_A/duck/Hunan/02.26_Y,A/duck/Hunan/02.26_YYFQH308-P/2014(H5N6),0.012055,-0.043524,0.077104,0.022363,Avian,N6
799_A/duck/Hunan/02.26_Y,A/duck/Hunan/02.26_YYFQHY291-P/2014(H5N6),0.007943,-0.01835,0.018706,0.026578,Avian,N6
800_A/duck/Hunan/02.26_Y,A/duck/Hunan/02.26_YYGK250-P/2014(H5N6),0.009996,-0.044074,0.080771,0.018618,Avian,N6
801_A/duck/Hunan/02.26_Y,A/duck/Hunan/02.26_YYGK254-P/2014(H5N6),0.012055,-0.043524,0.077104,0.022363,Avian,N6
802_A/duck/Hunan/02.26_Y,A/duck/Hunan/02.26_YYGK263-P/2014(H5N6),0.009996,-0.044074,0.080771,0.018618,Avian,N6
803_A/duck/Hunan/02.26_Y,A/duck/Hunan/02.26_YYGK267-P/2014(H5N6),0.009996,-0.044074,0.080771,0.018618,Avian,N6
804_A/duck/Hunan/02.26_Y,A/duck/Hunan/02.26_YYGK271-P/2014(H5N6),0.009996,-0.044074,0.080771,0.018618,Avian,N6
805_A/duck/Hunan/02.26_Y,A/duck/Hunan/02.26_YYGK276-P/2014(H5N6),0.009996,-0.044074,0.080771,0.018618,Avian,N6
806_A/duck/Hunan/02.26_Y,A/duck/Hunan/02.26_YYGKY298-P/2014(H5N6),0.012055,-0.043524,0.077104,0.022363,Avian,N6
807_A/duck/Hunan/02.26_Y,A/duck/Hunan/02.26_YYGQH295-P/2014(H5N6),0.012055,-0.043524,0.077104,0.022363,Avian,N6
808_A/duck/Hunan/03.07_Y,A/duck/Hunan/03.07_YYGK1L3-OC/2018,0.141382,-0.09907,-0.028488,-0.103674,Avian,N1
809_A/duck/Hunan/03.07_Y,A/duck/Hunan/03.07_YYGK4L3-OC/2018,0.004668,0.006786,0.016331,0.062645,Avian,N6
810_A/duck/Hunan/03.07_Y,A/duck/Hunan/03.07_YYGK25L3-OC/2018,0.028813,-0.048632,0.012178,0.049333,Avian,N6
811_A/duck/Hunan/03.07_Y,A/duck/Hunan/03.07_YYGK31L3-OC/2018,0.020757,-0.030145,-0.012937,0.075962,Avian,N6
812_A/duck/Hunan/03.09_Y,A/duck/Hunan/03.09_YYFQH0036-P/2015(Mixed),0.011607,-0.009131,0.01765,0.003768,Avian,N6
813_A/duck/Hunan/03.09_Y,A/duck/Hunan/03.09_YYFQH0046-O/2015(Mixed),0.116337,0.216001,0.115929,0.132646,Avian,N6
814_A/duck/Hunan/03.09_Y,A/duck/Hunan/03.09_YYFQH0047-O/2015(H5N6),-0.024513,-0.005527,0.040709,-0.003586,Avian,N6
815_A/duck/Hunan/03.24_Y,A/duck/Hunan/03.24_YYGK18M2-O/2017,0.001452,-0.036304,0.030362,0.080081,Avian,N6
816_A/duck/Hunan/03.24_Y,A/duck/Hunan/03.24_YYGK21M2-O/2017,0.001452,-0.036304,0.030362,0.080081,Avian,N6
817_A/duck/Hunan/03.24_Y,A/duck/Hunan/03.24_YYGK174M2-C/2017,0.001452,-0.036304,0.030362,0.080081,Avian,N6
818_A/duck/Hunan/03.24_Y,A/duck/Hunan/03.24_YYGK178M2-C/2017,0.004404,-0.036022,0.027869,0.077515,Avian,N6
819_A/duck/Hunan/04.14_Y,A/duck/Hunan/04.14_YYGK067-O/2015(Mixed),0.02103,-0.011343,0.000523,0.014196,Avian,N6
820_A/duck/Hunan/04.14_Y,A/duck/Hunan/04.14_YYGK0439-Z-P/2015(Mixed),0.015693,-0.030069,0.018858,0.018186,Avian,N6
821_A/duck/Hunan/04.14_Y,A/duck/Hunan/04.14_YYGK451-1-O/2015(Mixed),-0.009111,-0.013368,0.017306,0.015057,Avian,N6
822_A/duck/Hunan/04.14_Y,A/duck/Hunan/04.14_YYGK460-O/2015(H5N6),-0.006342,-0.014138,0.015063,0.015358,Avian,N6
823_A/duck/Hunan/04.14_Y,A/duck/Hunan/04.14_YYGK464-O/2015(H5N6),0.02103,-0.011343,0.000523,0.014196,Avian,N6
824_A/duck/Hunan/04.14_Y,A/duck/Hunan/04.14_YYGK468-O/2015(H5N6),0.02103,-0.011343,0.000523,0.014196,Avian,N6
825_A/duck/Hunan/04.14_Y,A/duck/Hunan/04.14_YYGK472-O/2015(Mixed),0.02103,-0.011343,0.000523,0.014196,Avian,N6
826_A/duck/Hunan/04.14_Y,A/duck/Hunan/04.14_YYGK0878-P/2015(H5N6),-0.01348,-0.006969,0.011332,0.013254,Avian,N6
827_A/duck/Hunan/04.14_Y,A/duck/Hunan/04.14_YYXS877-P/2015(H5N6),-0.01348,-0.006969,0.011332,0.013254,Avian,N6
828_A/duck/Hunan/04.22_L,A/duck/Hunan/04.22_LDDX037-P/2015(H5N6),-0.029402,-0.036899,0.029457,0.087165,Avian,N6
829_A/duck/Hunan/7.21_YY,A/duck/Hunan/7.21_YYGK41Y1-C/2016,-0.02941,-0.028788,0.023714,0.090972,Avian,N6
830_A/duck/Hunan/11.30_Y,A/duck/Hunan/11.30_YYGK59E3-OC/2017,-0.033525,-0.002046,-0.01423,0.034192,Avian,N6
831_A/duck/Hunan/11.30_Y,A/duck/Hunan/11.30_YYGK62E3-OC/2017,0.017019,-0.031896,0.017793,0.048104,Avian,N6
832_A/duck/Hunan/11.30_Y,A/duck/Hunan/11.30_YYGK63E3-OC/2017,0.017019,-0.031896,0.017793,0.048104,Avian,N6
833_A/duck/Hunan/11.30_Y,A/duck/Hunan/11.30_YYGK74E3-OC/2017,-0.089307,0.027944,0.063321,-0.016256,Avian,N8
834_A/duck/Hunan/11.30_Y,A/duck/Hunan/11.30_YYGK75E3-OC/2017,-0.089307,0.027944,0.063321,-0.016256,Avian,N6
835_A/duck/Hunan/12.07__,A/duck/Hunan/12.07__YYGK44-P/2013(Mixed),0.120614,-0.094946,-0.040386,-0.067693,Avian,N1
836_A/duck/Hunan/12.07__,A/duck/Hunan/12.07__YYGK97-P/2013(H5N1),0.117167,-0.077179,-0.052942,-0.087019,Avian,N1
837_A/duck/Hunan/12.07__,A/duck/Hunan/12.07__YYGK110-P/2013(H5N6),-0.027435,-0.025287,0.025795,0.074136,Avian,N6
838_A/duck/Hunan/12.07__,A/duck/Hunan/12.07__YYGK111-P/2013(H5N6),-0.023763,-0.025313,0.026995,0.058515,Avian,N6
839_A/duck/Hunan/12.07__,A/duck/Hunan/12.07__YYGK118-P/2013(H5N6),0.014388,-0.037709,0.079254,0.027359,Avian,N6
840_A/duck/Hunan/12.07_Y,A/duck/Hunan/12.07_YGK098-P/2013(H5N6),-0.026738,-0.027194,0.018259,0.071964,Avian,N6
841_A/duck/Hunan/12.07_Y,A/duck/Hunan/12.07_YYGK007-P/2013(H5N1),0.120207,-0.076469,-0.052602,-0.084261,Avian,N1
842_A/duck/Hunan/12.07_Y,A/duck/Hunan/12.07_YYGK032-P/2013(H5N6),0.009409,-0.041384,0.082521,0.025779,Avian,N6
843_A/duck/Hunan/12.07_Y,A/duck/Hunan/12.07_YYGK68-P/2013(H5N6),0.012618,-0.037553,0.079663,0.034138,Avian,N6
844_A/duck/Hunan/12.07_Y,A/duck/Hunan/12.07_YYGK100-P/2013(H5N1),0.147052,-0.105399,-0.042697,-0.078261,Avian,N1
845_A/duck/Hunan/12.07_Y,A/duck/Hunan/12.07_YYGK108-P/2013(H5N6),-0.028698,-0.029522,0.027169,0.070843,Avian,N6
846_A/duck/Hunan/12.07_Y,A/duck/Hunan/12.07_YYGK113-P/2013(H5N6),-0.023763,-0.025313,0.026995,0.058515,Avian,N6
847_A/duck/Hunan/12.17__,A/duck/Hunan/12.17__YYFQH0046-1-O/2014(Mixed),-0.03285,-0.034963,0.029915,0.070054,Avian,N6
848_A/duck/Hunan/12.17__,A/duck/Hunan/12.17__YYFQH0072-O/2014(Mixed),-0.03285,-0.034963,0.029915,0.070054,Avian,N6
849_A/duck/Hunan/12.17__,A/duck/Hunan/12.17__YYGK0066-P/2014(H5N6),0.019545,-0.01618,0.01468,0.008457,Avian,N6
850_A/duck/Hunan/12.17_Y,A/duck/Hunan/12.17_YYGK014/2014(H5N6),-0.020614,-0.007344,0.045893,0.008979,Avian,N6
851_A/duck/Hunan/12.17_Y,A/duck/Hunan/12.17_YYGK040/2014(H5N6),-0.020614,-0.007344,0.045893,0.008979,Avian,N6
852_A/duck/Hunan/12.17_Y,A/duck/Hunan/12.17_YYGK056/2014(H5N6),-0.02201,-0.002525,0.047891,0.001986,Avian,N6
853_A/duck/Hunan/12.17_Y,A/duck/Hunan/12.17_YYGK0056/2014(H5N6),0.007977,-0.013882,0.01964,0.021923,Avian,N6
854_A/duck/Hunan/12.17_Y,A/duck/Hunan/12.17_YYGK0057/2014(H5N6),-0.020614,-0.007344,0.045893,0.008979,Avian,N6
855_A/duck/Hunan/12.17_Y,A/duck/Hunan/12.17_YYGK0063-O/2014(H5N6),-0.03285,-0.034963,0.029915,0.070054,Avian,N6
856_A/duck/Hunan/12.17_Y,A/duck/Hunan/12.17_YYGK079-1/2014(H5N6),0.015693,-0.030069,0.018858,0.018186,Avian,N6
857_A/duck/Hunan/12.17_Y,A/duck/Hunan/12.17_YYGK082/2014(H5N6),-0.02406,-0.009805,0.035263,0.016154,Avian,N6
858_A/duck/Hunan/12.27_Y,A/duck/Hunan/12.27_YYGK60J2-C/2016,-0.044608,-0.02109,0.017418,0.07317,Avian,N6
859_A/duck/Hunan/12.27_Y,A/duck/Hunan/12.27_YYGK71J2-O/2016,0.007492,-0.035991,0.039152,0.03338,Avian,N6
860_A/duck/Hunan/12.27_Y,A/duck/Hunan/12.27_YYGK73J2-O/2016,-0.039023,-0.022734,0.018224,0.067947,Avian,N6
861_A/duck/Hunan/12.27_Y,A/duck/Hunan/12.27_YYGK81J2-O/2016,0.010491,-0.036639,0.033747,0.034946,Avian,N6
862_A/duck/Hunan/12.27_Y,A/duck/Hunan/12.27_YYGK86J2-C/2016,-0.044608,-0.02109,0.017418,0.07317,Avian,N6
863_A/duck/Hunan/12.27_Y,A/duck/Hunan/12.27_YYGK89J2-O/2016,0.007492,-0.035991,0.039152,0.03338,Avian,N6
864_A/duck/Hunan/12.27_Y,A/duck/Hunan/12.27_YYGK91J2-O/2016,0.007492,-0.035991,0.039152,0.03338,Avian,N6
865_A/duck/Hunan/12.27_Y,A/duck/Hunan/12.27_YYGK93J2-O/2016,0.007492,-0.035991,0.039152,0.03338,Avian,N6
866_A/duck/Hunan/12.27_Y,A/duck/Hunan/12.27_YYGK95J2-O/2016,0.007492,-0.035991,0.039152,0.03338,Avian,N6
867_A/duck/Hunan/12.27_Y,A/duck/Hunan/12.27_YYGK96J2-O/2016,0.007492,-0.035991,0.039152,0.03338,Avian,N6
868_A/duck/Hunan/12.27_Y,A/duck/Hunan/12.27_YYGK97J2-O/2016,0.007492,-0.035991,0.039152,0.03338,Avian,N6
869_A/duck/Hunan/12.27_Y,A/duck/Hunan/12.27_YYGK100J2-C/2016,0.007492,-0.035991,0.039152,0.03338,Avian,N6
870_A/duck/Hunan/193/201,A/duck/Hunan/193/2014,-0.025823,-0.0236,0.012649,0.051963,Avian,N6
871_A/duck/Hunan/233/201,A/duck/Hunan/233/2014,-0.033544,-0.007451,0.03216,0.037371,Avian,N6
872_A/duck/Hunan/316/200,A/duck/Hunan/316/2005,0.081424,-0.085406,-0.025699,-0.025954,Avian,N1
873_A/duck/Hunan/689/200,A/duck/Hunan/689/2006,0.100315,-0.072181,-0.030597,-0.028323,Avian,N1
874_A/duck/Hunan/3315/20,A/duck/Hunan/3315/2006,0.081329,-0.08722,-0.028514,-0.01469,Avian,N1
875_A/duck/Hunan/HN05/20,A/duck/Hunan/HN05/2014,-0.030782,-0.022097,0.029023,0.048282,Avian,N6
876_A/duck/Hunan/HN13/20,A/duck/Hunan/HN13/2015,-0.028848,-0.01855,0.039105,0.022909,Avian,N6
877_A/duck/Hunan/HN16/20,A/duck/Hunan/HN16/2015,-0.029465,-0.008877,0.040798,0.012313,Avian,N6
878_A/duck/Hunan/HN29/20,A/duck/Hunan/HN29/2015,-0.034427,-0.015244,0.024792,0.044755,Avian,N6
879_A/duck/Hunan/HN42/20,A/duck/Hunan/HN42/2015,-0.037286,-0.020053,0.05024,0.03634,Avian,N6
880_A/duck/Hunan/HN45/20,A/duck/Hunan/HN45/2015,-0.038493,-0.014971,0.028486,0.044657,Avian,N6
881_A/duck/Hunan/HN53/20,A/duck/Hunan/HN53/2015,-0.039611,-0.013188,0.035435,0.036953,Avian,N6
882_A/duck/Hunan/HN54/20,A/duck/Hunan/HN54/2015,-0.039611,-0.013188,0.035435,0.036953,Avian,N6
883_A/duck/Hunan/HN59/20,A/duck/Hunan/HN59/2015,-0.038493,-0.014971,0.028486,0.044657,Avian,N6
884_A/duck/Hunan/HN60/20,A/duck/Hunan/HN60/2015,-0.038493,-0.014971,0.028486,0.044657,Avian,N6
885_A/duck/Hunan/HN61/20,A/duck/Hunan/HN61/2015,-0.037824,-0.017004,0.028193,0.045532,Avian,N6
886_A/duck/Hunan/HN64/20,A/duck/Hunan/HN64/2015,-0.039611,-0.013188,0.035435,0.036953,Avian,N6
887_A/duck/Hunan/HN66/20,A/duck/Hunan/HN66/2015,-0.040687,-0.011676,0.036631,0.035574,Avian,N6
888_A/duck/Hunan/HN67/20,A/duck/Hunan/HN67/2015,-0.039611,-0.013188,0.035435,0.036953,Avian,N6
889_A/duck/Hunan/HN71/20,A/duck/Hunan/HN71/2015,-0.037041,-0.020411,0.048784,0.033575,Avian,N6
890_A/duck/Hunan/HN72/20,A/duck/Hunan/HN72/2015,-0.029465,-0.008877,0.040798,0.012313,Avian,N6
891_A/duck/Hunan/HN74/20,A/duck/Hunan/HN74/2015,-0.029033,-0.041676,0.039333,0.055994,Avian,N6
892_A/duck/Hunan/HN76/20,A/duck/Hunan/HN76/2015,-0.029465,-0.008877,0.040798,0.012313,Avian,N6
893_A/duck/Hunan/HN78/20,A/duck/Hunan/HN78/2015,-0.037824,-0.017004,0.028193,0.045532,Avian,N6
894_A/duck/Hunan/HN80/20,A/duck/Hunan/HN80/2015,-0.037041,-0.020411,0.048784,0.033575,Avian,N6
895_A/duck/Hunan/HN162/2,A/duck/Hunan/HN162/2015,-0.041723,-0.032213,0.029705,0.082133,Avian,N6
896_A/duck/Hunan/HN163/2,A/duck/Hunan/HN163/2015,-0.029769,-0.018767,0.016518,0.066179,Avian,N6
897_A/duck/Hunan/HN167/2,A/duck/Hunan/HN167/2015,-0.04491,-0.029901,0.033957,0.079739,Avian,N6
898_A/duck/Hunan/HN171/2,A/duck/Hunan/HN171/2015,-0.045345,-0.029696,0.03433,0.08077,Avian,N6
899_A/duck/Hunan/HN172/2,A/duck/Hunan/HN172/2015,-0.044638,-0.030366,0.0349,0.078532,Avian,N6
900_A/duck/Hunan/HN174/2,A/duck/Hunan/HN174/2015,-0.045776,-0.029072,0.036215,0.080546,Avian,N6
901_A/duck/Hunan/HN176/2,A/duck/Hunan/HN176/2015,-0.044638,-0.030366,0.0349,0.078532,Avian,N6
902_A/duck/Hunan/HN177/2,A/duck/Hunan/HN177/2015,-0.043993,-0.03041,0.037833,0.077298,Avian,N6
903_A/duck/Hunan/HN178/2,A/duck/Hunan/HN178/2015,-0.044486,-0.029988,0.036847,0.078754,Avian,N6
904_A/duck/Hunan/HN182/2,A/duck/Hunan/HN182/2015,-0.029769,-0.018767,0.016518,0.066179,Avian,N6
905_A/duck/Hunan/HN183/2,A/duck/Hunan/HN183/2015,-0.045776,-0.029072,0.036215,0.080546,Avian,N6
906_A/duck/Hunan/HN186/2,A/duck/Hunan/HN186/2015,-0.044638,-0.030366,0.0349,0.078532,Avian,N6
907_A/duck/Hunan/HN190/2,A/duck/Hunan/HN190/2015,-0.040847,-0.029771,0.035456,0.073093,Avian,N6
908_A/duck/Hunan/HN191/2,A/duck/Hunan/HN191/2015,-0.029769,-0.018767,0.016518,0.066179,Avian,N6
909_A/duck/Hunan/HN192/2,A/duck/Hunan/HN192/2015,-0.044638,-0.030366,0.0349,0.078532,Avian,N6
910_A/duck/Hunan/HN194/2,A/duck/Hunan/HN194/2015,-0.040209,-0.032197,0.028762,0.079204,Avian,N6
911_A/duck/Hunan/HN195/2,A/duck/Hunan/HN195/2015,-0.045073,-0.030162,0.035274,0.079564,Avian,N6
912_A/duck/Hunan/HN197/2,A/duck/Hunan/HN197/2015,-0.044499,-0.030423,0.038011,0.077992,Avian,N6
913_A/duck/Hunan/HN201/2,A/duck/Hunan/HN201/2015,-0.044791,-0.030745,0.032954,0.078311,Avian,N6
914_A/duck/Hunan/HN204/2,A/duck/Hunan/HN204/2015,-0.029769,-0.018767,0.016518,0.066179,Avian,N6
915_A/duck/Hunan/HN205/2,A/duck/Hunan/HN205/2015,-0.044486,-0.029988,0.036847,0.078754,Avian,N6
916_A/duck/Hunan/HN206/2,A/duck/Hunan/HN206/2015,-0.044782,-0.030012,0.036069,0.080718,Avian,N6
917_A/duck/Hunan/HN207/2,A/duck/Hunan/HN207/2015,-0.048136,-0.02831,0.041781,0.077311,Avian,N6
918_A/duck/Hunan/HN208/2,A/duck/Hunan/HN208/2015,-0.044764,-0.028484,0.041723,0.079117,Avian,N6
919_A/duck/Hunan/HN209/2,A/duck/Hunan/HN209/2015,-0.044638,-0.030366,0.0349,0.078532,Avian,N6
920_A/duck/Hunan/HN210/2,A/duck/Hunan/HN210/2015,-0.044367,-0.030832,0.035844,0.077326,Avian,N6
921_A/duck/Hunan/HN212/2,A/duck/Hunan/HN212/2015,-0.044638,-0.030366,0.0349,0.078532,Avian,N6
922_A/duck/Hunan/HN214/2,A/duck/Hunan/HN214/2015,-0.022893,-0.026785,0.020593,0.051781,Avian,N6
923_A/duck/Hunan/HN215/2,A/duck/Hunan/HN215/2015,-0.044638,-0.030366,0.0349,0.078532,Avian,N6
924_A/duck/Hunan/HN216/2,A/duck/Hunan/HN216/2015,-0.034495,-0.030367,0.036426,0.06646,Avian,N6
925_A/duck/Hunan/HN217/2,A/duck/Hunan/HN217/2015,-0.038083,-0.031995,0.028314,0.076473,Avian,N6
926_A/duck/Hunan/HN220/2,A/duck/Hunan/HN220/2015,-0.042137,-0.028855,0.034824,0.074885,Avian,N6
927_A/duck/Hunan/HN221/2,A/duck/Hunan/HN221/2015,-0.045729,-0.017746,0.027878,0.066434,Avian,N6
928_A/duck/Hunan/HN224/2,A/duck/Hunan/HN224/2015,-0.047518,-0.029552,0.038445,0.073925,Avian,N6
929_A/duck/Hunan/HN227/2,A/duck/Hunan/HN227/2015,-0.045729,-0.017746,0.027878,0.066434,Avian,N6
930_A/duck/Hunan/HN230/2,A/duck/Hunan/HN230/2015,-0.044638,-0.030366,0.0349,0.078532,Avian,N6
931_A/duck/Hunan/HN232/2,A/duck/Hunan/HN232/2015,0.134322,-0.106684,-0.031076,-0.060693,Avian,N6
932_A/duck/Hunan/HN234/2,A/duck/Hunan/HN234/2015,0.134322,-0.106684,-0.031076,-0.060693,Avian,N6
933_A/duck/Hunan/HN236/2,A/duck/Hunan/HN236/2015,-0.02212,-0.03339,0.021806,0.060673,Avian,N6
934_A/duck/Hunan/HN238/2,A/duck/Hunan/HN238/2015,-0.029769,-0.018767,0.016518,0.066179,Avian,N6
935_A/duck/Hunan/HN239/2,A/duck/Hunan/HN239/2015,-0.032811,-0.011437,0.010403,0.048961,Avian,N6
936_A/duck/Hunan/HN240/2,A/duck/Hunan/HN240/2015,-0.02212,-0.034034,0.021689,0.060797,Avian,N6
937_A/duck/Hunan/HN241/2,A/duck/Hunan/HN241/2015,-0.028659,-0.023203,0.016421,0.057405,Avian,N6
938_A/duck/Hunan/HN242/2,A/duck/Hunan/HN242/2015,-0.02544,-0.029838,0.030877,0.055488,Avian,N6
939_A/duck/Hunan/HN278/2,A/duck/Hunan/HN278/2015,-0.008984,-0.021342,0.022076,0.021355,Avian,N6
940_A/duck/Hunan/HN285/2,A/duck/Hunan/HN285/2015,-0.018013,-0.026413,0.025084,0.042204,Avian,N6
941_A/duck/Hunan/HN288/2,A/duck/Hunan/HN288/2015,-0.017793,-0.02307,0.03735,0.018466,Avian,N6
942_A/duck/Hunan/HN333/2,A/duck/Hunan/HN333/2015,-0.027426,-0.022967,0.042031,0.036594,Avian,N6
943_A/duck/Hunan/HN334/2,A/duck/Hunan/HN334/2015,-0.031684,-0.01685,0.038422,0.028921,Avian,N6
944_A/duck/Hunan/HN335/2,A/duck/Hunan/HN335/2015,-0.007374,-0.030903,0.016103,0.028981,Avian,N6
945_A/duck/Hunan/HN336/2,A/duck/Hunan/HN336/2015,-0.023775,-0.002218,0.039517,0.037164,Avian,N6
946_A/duck/Hunan/HN339/2,A/duck/Hunan/HN339/2015,-0.030029,-0.002764,0.036099,0.021297,Avian,N6
947_A/duck/Hunan/HN341/2,A/duck/Hunan/HN341/2015,-0.029814,-0.008548,0.044294,0.044466,Avian,N6
948_A/duck/Hunan/HN342/2,A/duck/Hunan/HN342/2015,-0.030029,-0.002764,0.036099,0.021297,Avian,N6
949_A/duck/Hunan/HN343/2,A/duck/Hunan/HN343/2015,-0.026562,-0.007368,0.040212,0.021681,Avian,N6
950_A/duck/Hunan/S4020/2,A/duck/Hunan/S4020/2008,0.106622,-0.05292,-0.053094,-0.125351,Avian,N1
951_A/duck/Hunan/S4030/2,A/duck/Hunan/S4030/2011,0.132308,-0.059115,-0.035599,-0.152663,Avian,N1
952_A/duck/Hunan/S4101/2,A/duck/Hunan/S4101/2011,0.18927,-0.042616,-0.016329,0.002751,Avian,N2
953_A/duck/Hunan/S4120/2,A/duck/Hunan/S4120/2011,0.185406,-0.037305,-0.020835,0.00213,Avian,N2
954_A/duck/Hunan/S4150/2,A/duck/Hunan/S4150/2011,0.152707,-0.090737,-0.034101,-0.048451,Avian,N1
955_A/duck/Hunan/S4220/2,A/duck/Hunan/S4220/2011,0.064388,-0.075119,0.011362,-0.084108,Avian,N1
956_A/duck/Hunan/S40199/,A/duck/Hunan/S40199/2021(H5N6),-0.074117,0.036282,0.102475,-0.112652,Avian,N6
957_A/duck/Hunan/S40268/,A/duck/Hunan/S40268/2021(H5N6),-0.069844,0.038361,0.095599,-0.128283,Avian,N6
958_A/duck/Jiangsu/m234/,A/duck/Jiangsu/m234/2012,-0.034876,-0.028251,0.051143,0.027646,Avian,N2
959_A/duck/Jiangsu/S4439,A/duck/Jiangsu/S4439/2017(H5N1),0.128379,-0.096898,-0.044561,-0.056037,Avian,N1
960_A/duck/Jiangsu/SE112,A/duck/Jiangsu/SE1128/2018(H5N1),0.126067,-0.103515,-0.047905,-0.054668,Avian,N1
961_A/duck/Jiangxi/01.11,A/duck/Jiangxi/01.11_NCNP101G2-OC/2017,0.00613,-0.036303,0.027102,0.072527,Avian,N6
962_A/duck/Jiangxi/01.14,A/duck/Jiangxi/01.14_NCJD034-P/2015(Mixed),-0.028752,-0.027165,0.044814,0.061199,Avian,N6
963_A/duck/Jiangxi/01.14,A/duck/Jiangxi/01.14_NCJD054-P/2015(H5N6),-0.023753,-0.039243,0.052352,0.063186,Avian,N6
964_A/duck/Jiangxi/01.14,A/duck/Jiangxi/01.14_NCJD064-P/2015(Mixed),-0.02947,-0.025852,0.048152,0.059915,Avian,N6
965_A/duck/Jiangxi/02.05,A/duck/Jiangxi/02.05_YGYXG038-P/2015(H5N6),-0.024251,-0.034183,0.053138,0.060064,Avian,N6
966_A/duck/Jiangxi/02.06,A/duck/Jiangxi/02.06_NCJD036-P/2015(H5N6),-0.02447,-0.03793,0.05569,0.061903,Avian,N6
967_A/duck/Jiangxi/02.06,A/duck/Jiangxi/02.06_NCJD039-P/2015(H5N6),-0.045351,-0.019623,0.051537,0.031347,Avian,N6
968_A/duck/Jiangxi/2.28_,A/duck/Jiangxi/2.28_NCNP25K3-OC/2018,0.027048,-0.036634,0.010655,0.060791,Avian,N6
969_A/duck/Jiangxi/2.28N,A/duck/Jiangxi/2.28NCNP23K3-OC/2018,0.027048,-0.036634,0.010655,0.060791,Avian,N6
970_A/duck/Jiangxi/03.11,A/duck/Jiangxi/03.11_NCHJX-15-06/2015(Mixed),0.009588,-0.021232,-0.035635,0.097298,Avian,N6
971_A/duck/Jiangxi/04.01,A/duck/Jiangxi/04.01__NCDZT0312-O/2015(H5N6),-0.006356,-0.02487,-0.024666,0.072937,Avian,N6
972_A/duck/Jiangxi/04.01,A/duck/Jiangxi/04.01__NCDZT0334-P/2015(H5N6),-0.006356,-0.02487,-0.024666,0.072937,Avian,N6
973_A/duck/Jiangxi/04.01,A/duck/Jiangxi/04.01_NCDZT0304-O/2015(Mixed),0.00352,-0.034079,0.022794,0.022599,Avian,N6
974_A/duck/Jiangxi/05.07,A/duck/Jiangxi/05.07__NCJD0067A-P/2015(H5N6),-0.002711,-0.020809,-0.027892,0.063666,Avian,N6
975_A/duck/Jiangxi/5.26_,A/duck/Jiangxi/5.26_NCDZT80Q2-OC/2017,0.034967,-0.060296,0.031763,0.09672,Avian,N6
976_A/duck/Jiangxi/11.17,A/duck/Jiangxi/11.17_NCNP30Y2-O/2016,-0.031528,-0.010499,0.042582,0.050562,Avian,N6
977_A/duck/Jiangxi/11.17,A/duck/Jiangxi/11.17_NCNP48Y2-C/2016,-0.031528,-0.010499,0.042582,0.050562,Avian,N6
978_A/duck/Jiangxi/11.29,A/duck/Jiangxi/11.29_NCDZT71H2-O/2016,-0.000351,-0.036363,0.020674,0.08291,Avian,N6
979_A/duck/Jiangxi/11.29,A/duck/Jiangxi/11.29_NCNP22D3-OC/2017,-0.045784,-0.020193,0.020948,0.075759,Avian,N6
980_A/duck/Jiangxi/11.29,A/duck/Jiangxi/11.29_NCNP39D3-OC/2017,0.038474,-0.055802,0.028509,0.080446,Avian,N6
981_A/duck/Jiangxi/34/20,A/duck/Jiangxi/34/2011,0.029673,-0.030374,-0.050312,-0.125569,Avian,N1
982_A/duck/Jiangxi/35/20,A/duck/Jiangxi/35/2011,0.029653,-0.028863,-0.049489,-0.119612,Avian,N1
983_A/duck/Jiangxi/44/20,A/duck/Jiangxi/44/2011,0.030251,-0.028904,-0.049099,-0.11143,Avian,N1
984_A/duck/Jiangxi/95/20,A/duck/Jiangxi/95/2014,-0.024146,-0.030929,0.025135,0.066714,Avian,N6
985_A/duck/Jiangxi/120/2,A/duck/Jiangxi/120/2011,0.08307,-0.050568,-0.053865,-0.019995,Avian,N1
986_A/duck/Jiangxi/130/2,A/duck/Jiangxi/130/2011,0.140647,-0.081007,-0.039572,-0.082505,Avian,N1
987_A/duck/Jiangxi/13469,A/duck/Jiangxi/13469/2014,0.005528,-0.045483,0.089229,0.036212,Avian,N6
988_A/duck/Jiangxi/13475,A/duck/Jiangxi/13475/2014,0.005278,-0.045054,0.088359,0.037323,Avian,N6
989_A/duck/Jiangxi/13484,A/duck/Jiangxi/13484/2014,0.005528,-0.045483,0.089229,0.036212,Avian,N6
990_A/Duck/Jiangxi/50446,A/Duck/Jiangxi/50446/2016,-0.023192,-0.02676,-0.026056,0.078309,Avian,N6
991_A/Duck/Jiangxi/50455,A/Duck/Jiangxi/50455/2016,-0.041486,-0.029056,0.037546,0.070122,Avian,N6
992_A/duck/Jiangxi/E7/20,A/duck/Jiangxi/E7/2014_(H5N6),-0.021798,-0.028554,0.040975,0.052751,Avian,N6
993_A/duck/Jiangxi/F31/2,A/duck/Jiangxi/F31/2014(H5N6),-0.010829,-0.027547,0.031298,0.030842,Avian,N6
994_A/duck/Jiangxi/NCDZT,A/duck/Jiangxi/NCDZT1123/2014,-0.032745,-0.03197,0.037145,0.073785,Avian,N6
995_A/duck/Jiangxi/NCDZT,A/duck/Jiangxi/NCDZT1126/2014,-0.029059,-0.035642,0.039652,0.055548,Avian,N6
996_A/duck/Jiangxi/S1025,A/duck/Jiangxi/S10252/2021,-0.083083,0.015894,0.101226,-0.082546,Avian,N8
997_A/duck/Jiangxi/S4083,A/duck/Jiangxi/S40833/2021(H5N1),-0.050681,0.024009,0.080823,-0.094744,Avian,N1
998_A/duck/Jilin/04.04_S,A/duck/Jilin/04.04_SY002-O/2015(Mixed),0.142676,-0.084613,-0.053578,-0.056301,Avian,N1
999_A/duck/Jilin/JL-SIV/,A/duck/Jilin/JL-SIV/2013,0.127544,-0.090856,-0.061832,0.013277,Avian,N1
1000_A/duck/Jilin/S1261/2,A/duck/Jilin/S1261/2019(H5N1),0.1217,-0.098508,-0.035841,-0.015385,Avian,N1
1001_A/duck/Jilin/S4171/2,A/duck/Jilin/S4171/2019(H5N1),0.115349,-0.103217,-0.02444,-0.01104,Avian,N1
1002_A/duck/Kaohsiung/15W,A/duck/Kaohsiung/15WB3298-1-5/2015,0.158336,-0.015172,-0.037648,-0.040933,Avian,Others
1003_A/duck/Kaohsiung/20W,A/duck/Kaohsiung/20WB0242-154/2020,0.150075,0.004261,-0.030536,-0.063745,Avian,Others
1004_A/duck/Kaohsiung/150,A/duck/Kaohsiung/15010213/2015,-0.066786,0.080372,-0.102442,0.002978,Avian,N2
1005_A/duck/Liaoning/LN/2,A/duck/Liaoning/LN/2011,0.020268,-0.075657,0.033119,0.044177,Avian,Others
1006_A/duck/Nanchang/9789,A/duck/Nanchang/9789/2013,0.04847,-0.060984,0.027562,-0.088975,Avian,N1
1007_A/duck/Nantou/15A343,A/duck/Nantou/15A3437/2015,-0.075933,0.078138,-0.104466,0.010011,Avian,N2
1008_A/duck/Nantou/17A024,A/duck/Nantou/17A0243/2017,-0.074197,0.07448,-0.128683,-0.020375,Avian,N2
1009_A/duck/Ningxia/YG61/,A/duck/Ningxia/YG61/2017,0.161613,-0.041888,-0.007818,-0.066503,Avian,N6
1010_A/duck/Ningxia/YG71/,A/duck/Ningxia/YG71/2017,-0.062783,0.036944,0.087592,-0.047107,Avian,N6
1011_A/duck/Ningxia/YG83/,A/duck/Ningxia/YG83/2017,-0.068052,0.025337,0.075769,-0.028191,Avian,N6
1012_A/duck/Pingtung/17A0,A/duck/Pingtung/17A0160/2017,-0.074358,0.067533,-0.114696,-0.014275,Avian,N2
1013_A/duck/Pingtung/18A0,A/duck/Pingtung/18A00003-11-20T/2018,-0.074818,0.090604,-0.141499,-0.031004,Avian,N2
1014_A/duck/Pingtung/18A0,A/duck/Pingtung/18A00076-11-20T/2018,-0.09539,0.083812,-0.096439,-0.006621,Avian,N2
1015_A/duck/Pingtung/18X0,A/duck/Pingtung/18X00077/2018,-0.048283,0.064382,-0.13346,-0.025488,Avian,N2
1016_A/duck/Pingtung/1501,A/duck/Pingtung/15010180/2015,-0.068125,0.065776,-0.11372,0.013328,Avian,Others
1017_A/duck/Pingtung/1501,A/duck/Pingtung/15010444/2015,-0.068615,0.073716,-0.103816,0.005247,Avian,N2
1018_A/duck/Shandong/009/,A/duck/Shandong/009/2008,0.090322,-0.068418,-0.044651,-0.031891,Avian,N1
1019_A/duck/Shandong/11.1,A/duck/Shandong/11.14_DL-DKd11/2013(H5N8),-0.016321,-0.012491,0.033712,-0.006554,Avian,N8
1020_A/duck/Shandong/11.1,A/duck/Shandong/11.14_RD/2013(H5N8),-0.016321,-0.012491,0.033712,-0.006554,Avian,N8
1021_A/duck/Shandong/Q1/2,A/duck/Shandong/Q1/2013,-0.008034,-0.013911,0.018752,-0.005403,Avian,N8
1022_A/duck/Shandong/SD02,A/duck/Shandong/SD0261/2021,-0.085668,0.042692,0.101152,-0.099997,Avian,N6
1023_A/duck/Shandong/SD02,A/duck/Shandong/SD0263/2021,-0.085668,0.042692,0.101152,-0.099997,Avian,N6
1024_A/Duck/Shandong/Y01/,A/Duck/Shandong/Y01/2009,0.147205,-0.074392,-0.051129,-0.092386,Avian,N1
1025_A/Duck/Shandong/Y02/,A/Duck/Shandong/Y02/2009,0.139028,-0.075259,-0.048809,-0.103419,Avian,N1
1026_A/duck/Sichuan/04.27,A/duck/Sichuan/04.27_NBXJ71/2014(H5N6),0.011997,-0.04352,0.078743,0.033085,Avian,N6
1027_A/duck/Sichuan/04.27,A/duck/Sichuan/04.27_NBXJ79/2014(H5N6),0.010797,-0.041923,0.082809,0.030359,Avian,N6
1028_A/duck/Sichuan/04.27,A/duck/Sichuan/04.27_NBXJ711/2014(Mixed),0.007674,-0.040362,0.078643,0.032848,Avian,N6
1029_A/duck/Sichuan/04.27,A/duck/Sichuan/04.27_NBXJ717/2014(H5N6),0.010797,-0.041923,0.082809,0.030359,Avian,N6
1030_A/duck/Sichuan/04.27,A/duck/Sichuan/04.27_NBXJ720/2014(H5N6),0.006332,-0.039945,0.080666,0.031863,Avian,N6
1031_A/duck/Sichuan/04.27,A/duck/Sichuan/04.27_NCXJ073/2014(H5N6),0.011997,-0.04352,0.078743,0.033085,Avian,N6
1032_A/duck/Sichuan/NCXJ1,A/duck/Sichuan/NCXJ15/2014,0.013242,-0.043996,0.077174,0.034126,Avian,N6
1033_A/duck/Sichuan/NCXJ2,A/duck/Sichuan/NCXJ24/2014,0.010797,-0.041923,0.082809,0.030359,Avian,N6
1034_A/duck/Sichuan/NCXN1,A/duck/Sichuan/NCXN10/2014,-0.041525,-0.03109,0.01648,0.068057,Avian,N1
1035_A/duck/Sichuan/NCXN1,A/duck/Sichuan/NCXN11/2014,-0.029411,-0.026379,0.020959,0.057539,Avian,N1
1036_A/duck/Sichuan/S1805,A/duck/Sichuan/S1805/2021,-0.086779,0.039751,0.095819,-0.11582,Avian,N6
1037_A/duck/Sichuan/SC482,A/duck/Sichuan/SC4822/2021,-0.095009,0.033934,0.099114,-0.092291,Avian,N6
1038_A/duck/Sichuan/SC569,A/duck/Sichuan/SC5698/2021,-0.096991,0.032797,0.101234,-0.086315,Avian,N6
1039_A/duck/Sichuan/SD002,A/duck/Sichuan/SD002/2021,-0.090137,0.022544,0.108159,-0.088939,Avian,N6
1040_A/duck/Taichung/1501,A/duck/Taichung/15010400-1/2015,-0.067224,0.072384,-0.108823,0.005816,Avian,N2
1041_A/duck/Tainan/16WB34,A/duck/Tainan/16WB3443-156-160/2016,0.159864,-0.021868,-0.031751,-0.031304,Avian,Others
1042_A/duck/Tainan/150104,A/duck/Tainan/15010403/2015,-0.039606,0.044382,-0.107602,0.018391,Avian,N8
1043_A/duck/Tainan/160100,A/duck/Tainan/16010024-1/2016,-0.076338,0.084893,-0.09786,0.02404,Avian,N2
1044_A/duck/Taipei/05WB83,A/duck/Taipei/05WB830-1-5-E2/2005,0.09957,0.012377,0.005005,-0.10505,Avian,N2
1045_A/duck/Taipei/18WB01,A/duck/Taipei/18WB0120-1-5-E1/2018,0.17579,-0.039922,-0.025429,-0.046113,Avian,Others
1046_A/duck/Taipei/19WB02,A/duck/Taipei/19WB0235-14-16/2019,0.132573,-0.003454,-0.037488,-0.05559,Avian,Others
1047_A/duck/Taiwan/01006/,A/duck/Taiwan/01006/2015,-0.083017,0.072713,-0.060317,0.01513,Avian,N2
1048_A/duck/Taiwan/11213/,A/duck/Taiwan/11213/2013,0.078967,-0.011746,-0.027655,0.002268,Avian,N2
1049_A/duck/Taiwan/11254/,A/duck/Taiwan/11254/2013,0.110314,-0.029745,-0.029204,0.013197,Avian,N2
1050_A/duck/Taiwan/a043/2,A/duck/Taiwan/a043/2015,-0.06711,0.074328,-0.107986,-0.001215,Avian,N2
1051_A/duck/Taiwan/a068/2,A/duck/Taiwan/a068/2015,-0.060081,0.063965,-0.112399,0.002682,Avian,N8
1052_A/duck/Taiwan/A3400/,A/duck/Taiwan/A3400/2015,-0.058705,0.055976,-0.110357,0.010952,Avian,N8
1053_A/duck/Taiwan/DV1238,A/duck/Taiwan/DV1238/2009,0.161894,-0.017656,-0.002671,-0.099399,Avian,N2
1054_A/duck/Taiwan/DV1241,A/duck/Taiwan/DV1241/2009,0.184546,-0.036153,-0.00087,-0.078957,Avian,N2
1055_A/duck/Taiwan/DV1242,A/duck/Taiwan/DV1242/2009,0.15882,-0.017255,-0.000511,-0.098022,Avian,N2
1056_A/duck/Taoyuan/16010,A/duck/Taoyuan/16010023-1/2016,-0.019591,0.041876,-0.078461,-0.000942,Avian,N2
1057_A/duck/Wuxi/7249/201,A/duck/Wuxi/7249/2015,-0.02029,-0.034417,0.033291,0.08457,Avian,N6
1058_A/duck/Xinjiang/12.1,A/duck/Xinjiang/12.18_WLMQXL001-C/2016,-0.078622,0.022566,0.076917,-0.038696,Avian,N8
1059_A/duck/Xinjiang/S106,A/duck/Xinjiang/S1066/2019(H5N1),0.125539,-0.102548,-0.046254,-0.058876,Avian,N1
1060_A/duck/Xinjiang/S112,A/duck/Xinjiang/S1126/2019(H5N1),0.117595,-0.085627,-0.050653,-0.054245,Avian,N1
1061_A/duck/Yilan/17A0092,A/duck/Yilan/17A0092/2017,-0.078599,0.064726,-0.120917,-0.013758,Avian,N2
1062_A/duck/Yunlin/15A501,A/duck/Yunlin/15A5019/2015,-0.067301,0.068568,-0.110815,0.00789,Avian,N2
1063_A/duck/Yunlin/17A008,A/duck/Yunlin/17A0086/2017,-0.080099,0.064221,-0.127371,-0.005791,Avian,N2
1064_A/duck/Yunlin/17A068,A/duck/Yunlin/17A0686/2017,-0.084108,0.097111,-0.125582,-0.046149,Avian,N2
1065_A/duck/Yunlin/18X000,A/duck/Yunlin/18X00007-3/2018,-0.061721,0.051433,-0.095793,0.00336,Avian,N2
1066_A/duck/Yunlin/150102,A/duck/Yunlin/15010244-1/2015,-0.063333,0.066634,-0.103387,0.007566,Avian,N2
1067_A/duck/Yunlin/150102,A/duck/Yunlin/15010277/2015,-0.065778,0.065598,-0.114478,0.019882,Avian,N8
1068_A/duck/Yunlin/150103,A/duck/Yunlin/15010310-4/2015,-0.06814,0.068721,-0.106776,0.013374,Avian,N2
1069_A/duck/Yunlin/150103,A/duck/Yunlin/15010318-2/2015,-0.067668,0.072594,-0.108441,0.006869,Avian,N2
1070_A/duck/Yunlin/150103,A/duck/Yunlin/15010369-1/2015,-0.06885,0.071031,-0.104537,0.001211,Avian,N2
1071_A/duck/Yunlin/150104,A/duck/Yunlin/15010458-1/2015,-0.062293,0.061344,-0.108882,0.012554,Avian,N8
1072_A/duck/Yunlin/150700,A/duck/Yunlin/15070002-2/2015,-0.06679,0.07389,-0.10882,0.01178,Avian,N2
1073_A/duck/Yunlin/171100,A/duck/Yunlin/17110001/2017,-0.093851,0.0952,-0.110064,-0.039642,Avian,N2
1074_A/duck/Yunlin/180600,A/duck/Yunlin/18060007-3/2018,-0.0853,0.084159,-0.115305,-0.038038,Avian,N2
1075_A/duck/Yunnan/03.15_,A/duck/Yunnan/03.15_DQWGH005-O/2015(H5N6),-0.039702,-0.029124,0.028438,0.067388,Avian,N6
1076_A/duck/Yunnan/03.16_,A/duck/Yunnan/03.16_DQXYL003-O/2015(H5N6),-0.028106,-0.031943,0.013996,0.056559,Avian,N6
1077_A/duck/Yunnan/03.16_,A/duck/Yunnan/03.16_DQXYL007-O/2015(Mixed),-0.032364,-0.062703,0.03316,0.074971,Avian,N6
1078_A/duck/Yunnan/03.16_,A/duck/Yunnan/03.16_DQXYL022-O/2015(H5N6),-0.046315,-0.032521,0.031579,0.064541,Avian,N6
1079_A/duck/Yunnan/03.16_,A/duck/Yunnan/03.16_DQXYL0039-O/2015(H5N6),-0.046315,-0.032521,0.031579,0.064541,Avian,N6
1080_A/duck/Yunnan/07.15_,A/duck/Yunnan/07.15_DQNPH124/2015(H5N6),-0.030951,-0.039213,0.024339,0.054269,Avian,N6
1081_A/duck/Yunnan/07.15_,A/duck/Yunnan/07.15_DQNPH125/2015(H5N6),-0.031835,-0.041362,0.029099,0.047588,Avian,N6
1082_A/duck/Yunnan/07.15_,A/duck/Yunnan/07.15_DQNPH127/2015(H5N6),-0.026237,-0.04509,0.031651,0.055228,Avian,N6
1083_A/duck/Yunnan/07.15_,A/duck/Yunnan/07.15_DQNPH129/2015(H5N6),-0.026237,-0.04509,0.031651,0.055228,Avian,N6
1084_A/duck/Yunnan/S4318/,A/duck/Yunnan/S4318/2021(H5N6),-0.092382,0.026651,0.107376,-0.104434,Avian,N6
1085_A/Duck/Yunnan/YN-2/2,A/Duck/Yunnan/YN-2/2016_(H5N6),-0.018095,-0.034168,0.012085,0.056341,Avian,N6
1086_A/Duck/Yunnan/YN-4/2,A/Duck/Yunnan/YN-4/2015__(H5N6),0.140726,-0.10079,-0.019059,-0.057973,Avian,N6
1087_A/Duck/Yunnan/YN-9/2,A/Duck/Yunnan/YN-9/2016__(H5N6),-0.019674,-0.037021,0.021329,0.053485,Avian,N6
1088_A/Duck/Zhanjiang/155,A/Duck/Zhanjiang/15577/2015,-0.043164,-0.021697,0.042034,0.074916,Avian,N6
1089_A/duck/Zhejiang/02.2,A/duck/Zhejiang/02.28_JHZJ-15-04/2015(Mixed),-0.021686,-0.031313,0.047727,0.053774,Avian,N6
1090_A/duck/Zhejiang/6D18,A/duck/Zhejiang/6D18/2013,-0.026913,-0.010572,0.0406,-0.008595,Avian,N8
1091_A/duck/Zhejiang/7713,A/duck/Zhejiang/77138/2014,-0.010341,-0.035999,0.085061,0.028505,Avian,N2
1092_A/duck/Zhejiang/7270,A/duck/Zhejiang/727041/2014,-0.031882,-0.046552,0.032454,0.098836,Avian,N2
1093_A/duck/Zhejiang/7271,A/duck/Zhejiang/727158/2014,-0.031611,-0.031921,0.028063,0.085911,Avian,N6
1094_A/duck/Zhejiang/9250,A/duck/Zhejiang/925019/2014,-0.030969,-0.005001,0.050276,-0.046361,Avian,N8
1095_A/duck/Zhejiang/9251,A/duck/Zhejiang/925169/2014,-0.028489,-0.003025,0.040681,-0.043873,Avian,N8
1096_A/duck/Zhejiang/1026,A/duck/Zhejiang/1026109/2015,-0.007551,0.021271,-0.052415,0.024387,Avian,N2
1097_A/duck/Zhejiang/1220,A/duck/Zhejiang/1220092/2014,0.149244,-0.102544,-0.02748,-0.085868,Avian,N1
1098_A/duck/Zhejiang/S409,A/duck/Zhejiang/S4091/2017(H5N1),0.137671,-0.09829,-0.053414,-0.056304,Avian,N1
1099_A/duck/Zhejiang/S485,A/duck/Zhejiang/S4854/2021(H5N6),-0.0729,0.034306,0.100328,-0.095387,Avian,N6
1100_A/duck/Zhejiang/W24/,A/duck/Zhejiang/W24/2013,-0.031574,-0.008763,0.042388,-0.022123,Avian,N8
1101_A/egret/Jiangsu/SD02,A/egret/Jiangsu/SD021/2021,-0.084742,0.032877,0.100665,-0.100857,Avian,N8
1102_A/Egret/Shangdong/JN,A/Egret/Shangdong/JN529/2023,-0.069903,0.055465,0.079069,-0.113551,Avian,N6
1103_A/environment/Hunan/,A/environment/Hunan/HN261/2015,-0.032361,-0.021993,0.047387,0.029111,Avian,N6
1104_A/Environment/Shando,A/Environment/Shandong/WS15/2022,-0.070449,0.063924,0.083809,-0.099575,Avian,N2
1105_A/Environment/Shando,A/Environment/Shandong/WS16/2022,-0.06313,0.053082,0.078457,-0.110263,Avian,N2
1106_A/Environment/Shando,A/Environment/Shandong/WS19/2022,-0.067106,0.053619,0.0779,-0.109283,Avian,N2
1107_A/equine/China/61/20,A/equine/China/61/2010,0.080353,-0.080134,-0.015834,-0.010752,Nonhuman Mammal,N1
1108_A/equine/China/67/20,A/equine/China/67/2010,0.081938,-0.076231,-0.009055,-0.02277,Nonhuman Mammal,N1
1109_A/equine/China/68/20,A/equine/China/68/2010,0.082183,-0.084057,-0.023032,-0.012564,Nonhuman Mammal,N1
1110_A/eurasian_eagle-owl,A/eurasian_eagle-owl/Henan/SMQ11/2020,-0.098873,0.04249,0.098726,-0.095594,Avian,N8
1111_A/Eurasian_Teal/Hong,A/Eurasian_Teal/Hong_Kong/AFCD-HKU-23-14009-01020/2023,-0.106247,0.051447,0.090119,-0.095805,Avian,N1
1112_A/Eurasian_Teal/Hong,A/Eurasian_Teal/Hong_Kong/AFCD-HKU-23-14383-02001/2023,-0.095903,0.04742,0.089594,-0.090939,Avian,N1
1113_A/Eurasian_Wigeon/Ho,A/Eurasian_Wigeon/Hong_Kong/AFCD-HKU-23-14484-01001/2023,-0.09539,0.051935,0.089122,-0.099722,Avian,N1
1114_A/Eurasian_Wigeon/Ho,A/Eurasian_Wigeon/Hong_Kong/AFCD-HKU-23-14524-01009/2023,-0.09539,0.051935,0.089122,-0.099722,Avian,N1
1115_A/Falcated_Duck/Ning,A/Falcated_Duck/Ningxia/484-29/2015,-0.018375,-0.031651,0.016337,0.072942,Avian,N6
1116_A/Falco_peregrinus/B,A/Falco_peregrinus/Beijing/1/_2022,-0.112939,0.04544,0.07644,-0.072141,Avian,N1
1117_A/feline/Guangdong/2,A/feline/Guangdong/2/2014(H5N6),-0.030357,-0.030052,0.026143,0.068795,Nonhuman Mammal,N6
1118_A/Fujian/1/2005|EPI_,A/Fujian/1/2005,0.080033,-0.091679,-0.024798,-0.038351,Human,N1
1119_A/Fujian/1/2007|EPI_,A/Fujian/1/2007,0.085647,-0.096784,-0.0238,-0.014035,Human,N1
1120_A/Fujian/1/2024(H5N6,A/Fujian/1/2024(H5N6),0.027603,0.003065,-0.063582,-0.000672,Human,N6
1121_A/Fujian/2/2024(H5N6,A/Fujian/2/2024(H5N6),0.030084,0.00271,-0.066066,0.000797,Human,N6
1122_A/Fujian-Sanyuan/210,A/Fujian-Sanyuan/21099/2017_x_PR8_(CNIC-21099),-0.097987,0.028662,0.07798,-0.023528,Human,N6
1123_A/Fujian-Sanyuan/210,A/Fujian-Sanyuan/21099/2017,-0.091183,0.02137,0.073279,-0.019171,Human,N6
1124_A/Gadwall/Ningxia/47,A/Gadwall/Ningxia/472-7/2015,-0.029276,-0.029272,0.02089,0.071549,Avian,N6
1125_A/Gallinago_Stenura/,A/Gallinago_Stenura/Hong_Kong/AFCD-HKU-23-14383-01014/2023,-0.095647,0.052376,0.088229,-0.098581,Avian,N1
1126_A/Gallinula_chloropu,A/Gallinula_chloropus/Guangdong/GZ174/2014,-0.025792,-0.019554,0.027366,0.073706,Avian,N6
1127_A/Goose/_Guangdong_/,A/Goose/_Guangdong_/JG125/2013(H5N6),-0.026759,-0.027887,0.026915,0.076243,Avian,N6
1128_A/Goose/_Guangdong_/,A/Goose/_Guangdong_/SSLBY/2015(H5N6),-0.044663,-0.011847,0.009598,0.068175,Avian,N6
1129_A/Goose/_Guangdong_/,A/Goose/_Guangdong_/SSZYP/2015(H5N6),-0.020785,-0.034723,0.038787,0.057687,Avian,N6
1130_A/goose/Anhui/AH350/,A/goose/Anhui/AH350/2015,-0.027791,-0.026372,0.035359,0.084252,Avian,N6
1131_A/goose/Changhua/150,A/goose/Changhua/15040008/2015,-0.074916,0.072127,-0.105454,0.011275,Avian,N2
1132_A/goose/Chiayi/15010,A/goose/Chiayi/15010008-3/2015,-0.067668,0.072594,-0.108441,0.006869,Avian,N2
1133_A/goose/Chiayi/15010,A/goose/Chiayi/15010016-1/2015,-0.068589,0.076273,-0.106499,0.01125,Avian,N2
1134_A/goose/Chiayi/15020,A/goose/Chiayi/15020022/2015,-0.064045,0.065226,-0.113148,0.012322,Avian,N8
1135_A/goose/Chiayi/16010,A/goose/Chiayi/16010017-2/2016,-0.076782,0.085102,-0.097479,0.025093,Avian,N2
1136_A/goose/Chiayi/16040,A/goose/Chiayi/16040003-1/2016,-0.06801,0.076415,-0.113503,0.025038,Avian,N2
1137_A/goose/Chiayi/16040,A/goose/Chiayi/16040005/2016,-0.06362,0.073712,-0.109435,0.010011,Avian,N2
1138_A/goose/Chiayi/17020,A/goose/Chiayi/17020027-1/2017,-0.073409,0.076231,-0.122729,-0.028814,Avian,N2
1139_A/goose/Chiayi/17040,A/goose/Chiayi/17040014/2017,-0.058464,0.068445,-0.114488,0.00434,Avian,N2
1140_A/goose/Chiayi/18010,A/goose/Chiayi/18010006/2018,-0.099832,0.095336,-0.111343,-0.029492,Avian,N2
1141_A/goose/Chiayi/18020,A/goose/Chiayi/18020014-2/2018,-0.09306,0.090036,-0.119452,-0.026207,Avian,N2
1142_A/goose/China/1/2021,A/goose/China/1/2021,-0.099564,0.050197,0.086676,-0.062651,Avian,N8
1143_A/goose/China/0701/2,A/goose/China/0701/2018,0.02442,-0.038976,0.023491,0.039022,Avian,N6
1144_A/goose/China/1106/2,A/goose/China/1106/2016,-0.002455,0.01432,-0.042623,0.018747,Avian,N2
1145_A/goose/China/E43/20,A/goose/China/E43/2012,0.031351,-0.030342,-0.052039,-0.095869,Avian,N1
1146_A/goose/Chongqing/SD,A/goose/Chongqing/SD003/2021,-0.094317,0.032141,0.097033,-0.085967,Avian,N6
1147_A/goose/Eastern_Chin,A/goose/Eastern_China/CZ/2013,-0.027093,-0.014092,0.035778,-0.018071,Avian,N8
1148_A/goose/Eastern_Chin,A/goose/Eastern_China/L1204/2012,-0.034203,-0.016055,0.027794,0.007359,Avian,N8
1149_A/goose/Eastern_Chin,A/goose/Eastern_China/L1214/2012,-0.020691,-0.033551,0.034315,0.046354,Avian,N8
1150_A/goose/Eastern_Chin,A/goose/Eastern_China/S0408/2014,-0.029851,-0.012661,0.036966,-0.014853,Avian,N8
1151_A/goose/Eastern_Chin,A/goose/Eastern_China/S0513/2013,-0.024093,-0.028158,0.0255,0.06461,Avian,N6
1152_A/goose/Fujian/3.15_,A/goose/Fujian/3.15_FZHX0001-O/2018,0.024274,-0.027617,0.017828,0.033916,Avian,N6
1153_A/goose/Fujian/3.15_,A/goose/Fujian/3.15_FZHX0005-C/2018,0.024274,-0.027617,0.017828,0.033916,Avian,N6
1154_A/goose/Fujian/3.15_,A/goose/Fujian/3.15_FZHX0007-C/2018,0.025724,-0.028392,0.016224,0.047563,Avian,N6
1155_A/goose/Fujian/3.15_,A/goose/Fujian/3.15_FZHX0008-C/2018,0.027673,-0.032666,0.019235,0.028113,Avian,N6
1156_A/goose/Fujian/3.15_,A/goose/Fujian/3.15_FZHX0010-O/2018,0.022682,-0.023067,0.02007,0.049902,Avian,N6
1157_A/goose/Fujian/10.11,A/goose/Fujian/10.11_FZHX1001-C/2016,0.00011,-0.044604,-0.006556,0.084586,Avian,N6
1158_A/goose/Fujian/10.26,A/goose/Fujian/10.26_FZHX0002-C/2017,-0.031577,-0.010277,-0.01464,0.044003,Avian,N6
1159_A/goose/Fujian/10.26,A/goose/Fujian/10.26_FZHX0002-O/2017,-0.031577,-0.010277,-0.01464,0.044003,Avian,N6
1160_A/goose/Fujian/10.26,A/goose/Fujian/10.26_FZHX0004-C/2017,-0.030297,-0.010864,-0.014933,0.043105,Avian,N6
1161_A/goose/Fujian/10.26,A/goose/Fujian/10.26_FZHX0004-O/2017,-0.030297,-0.010864,-0.014933,0.043105,Avian,N6
1162_A/goose/Fujian/10.26,A/goose/Fujian/10.26_FZHX0006-C/2017,-0.030297,-0.010864,-0.014933,0.043105,Avian,N6
1163_A/goose/Fujian/10.26,A/goose/Fujian/10.26_FZHX0006-O/2017,-0.030297,-0.010864,-0.014933,0.043105,Avian,N6
1164_A/goose/Fujian/10.26,A/goose/Fujian/10.26_FZHX0007-O/2017,-0.031273,-0.00697,-0.016631,0.042265,Avian,N6
1165_A/goose/Fujian/10.26,A/goose/Fujian/10.26_FZHX0008-C/2017,-0.030297,-0.010864,-0.014933,0.043105,Avian,N6
1166_A/goose/Fujian/10.26,A/goose/Fujian/10.26_FZHX0014-O/2017,-0.031577,-0.010277,-0.01464,0.044003,Avian,N6
1167_A/goose/Fujian/11.3_,A/goose/Fujian/11.3_FZHX1102-C/2016,0.000315,-0.040971,-0.008782,0.082741,Avian,N6
1168_A/goose/Guangdong/03,A/goose/Guangdong/03.27_DGQTSJ180-O/2015(Mixed),-0.043563,-0.03292,0.027958,0.071743,Avian,N6
1169_A/goose/Guangdong/04,A/goose/Guangdong/04.22_DGCP117-O/2015(H5N6),-0.038544,-0.034464,0.026999,0.075999,Avian,N6
1170_A/goose/Guangdong/04,A/goose/Guangdong/04.22_DGCP118-P/2015(H5N6),-0.012598,-0.028221,0.008302,0.063646,Avian,N6
1171_A/goose/Guangdong/04,A/goose/Guangdong/04.22_DGCP120-P/2015(H5N6),-0.01505,-0.026364,0.012719,0.062831,Avian,N6
1172_A/goose/Guangdong/04,A/goose/Guangdong/04.22_DGCPLB045-O/2015(H5N6),-0.01505,-0.026364,0.012719,0.062831,Avian,N6
1173_A/goose/Guangdong/04,A/goose/Guangdong/04.23_DGQTXC216-O/2015(Mixed),-0.041674,-0.032565,0.028724,0.080556,Avian,N6
1174_A/goose/Guangdong/04,A/goose/Guangdong/04.23_DGQTXC216-P/2015(H5N6),-0.043119,-0.032114,0.029327,0.080871,Avian,N6
1175_A/goose/Guangdong/04,A/goose/Guangdong/04.23_DGQTXC237-O1/2015(H5N6),-0.013243,-0.028993,0.027727,0.069905,Avian,N6
1176_A/goose/Guangdong/04,A/goose/Guangdong/04.23_DGQTXC237-O/2015(Mixed),-0.038198,-0.0303,0.034998,0.067805,Avian,N6
1177_A/goose/Guangdong/7.,A/goose/Guangdong/7.20_DGCP010-C/2017,0.033425,-0.024929,0.016067,0.029348,Avian,N6
1178_A/goose/Guangdong/k0,A/goose/Guangdong/k0103/2010,0.029994,-0.060243,0.033255,-0.001622,Avian,Others
1179_A/Goose/Guangdong/PO,A/Goose/Guangdong/PO1707260055/GZH/2017-08-02,0.009741,-0.032936,0.021725,0.078308,Avian,N6
1180_A/goose/Guangdong/QY,A/goose/Guangdong/QY01/2016,0.049429,-0.066402,0.048853,0.089572,Avian,N6
1181_A/goose/Guangdong/S2,A/goose/Guangdong/S230/2021,0.04783,-0.028418,-0.019388,0.044258,Avian,N6
1182_A/goose/Guangdong/S4,A/goose/Guangdong/S4751/2021(H5N6),-0.086064,0.052075,0.092559,-0.118243,Avian,N6
1183_A/goose/Guangdong/s1,A/goose/Guangdong/s13124/2013,-0.02404,-0.022097,0.028753,0.023873,Avian,N8
1184_A/goose/Guangdong/SH,A/goose/Guangdong/SH7/2013(H5N1),-0.030982,-0.025031,0.037416,0.048386,Avian,N1
1185_A/goose/Guangdong/YJ,A/goose/Guangdong/YJD/2014,-0.069819,-0.004225,0.001021,0.052474,Avian,N6
1186_A/goose/Guangxi/S206,A/goose/Guangxi/S20601/2021,-0.07067,0.035354,0.084382,-0.112304,Avian,N8
1187_A/goose/Guizhou/S154,A/goose/Guizhou/S1541/2022(H5N1),-0.09402,0.046111,0.103013,-0.101072,Avian,N1
1188_A/goose/Henan/01.01_,A/goose/Henan/01.01_LYGL001-O/2017,-0.006948,-0.024527,-0.010395,0.061644,Avian,N6
1189_A/goose/Henan/S1315/,A/goose/Henan/S1315/2021,-0.087083,0.037573,0.102967,-0.100199,Avian,N8
1190_A/goose/Hubei/113/20,A/goose/Hubei/113/2014,-0.036671,-0.026107,0.051645,0.041504,Avian,N6
1191_A/goose/HuBei/117/20,A/goose/HuBei/117/2014,-0.037041,-0.020411,0.048784,0.033575,Avian,N6
1192_A/goose/Hunan/81/201,A/goose/Hunan/81/2014,-0.047606,-0.017214,0.029417,0.031285,Avian,N6
1193_A/goose/Hunan/82/201,A/goose/Hunan/82/2014,-0.046945,-0.022988,0.031658,0.041571,Avian,N6
1194_A/goose/Hunan/107/20,A/goose/Hunan/107/2014,-0.037041,-0.020411,0.048784,0.033575,Avian,N6
1195_A/goose/Hunan/109/20,A/goose/Hunan/109/2014,-0.036522,-0.016669,0.04385,0.034137,Avian,N6
1196_A/goose/Hunan/110/20,A/goose/Hunan/110/2014,-0.039572,-0.025428,0.057063,0.039878,Avian,N6
1197_A/goose/Hunan/111/20,A/goose/Hunan/111/2014,-0.036671,-0.026107,0.051645,0.041504,Avian,N6
1198_A/goose/Hunan/115/20,A/goose/Hunan/115/2014,-0.037041,-0.020411,0.048784,0.033575,Avian,N6
1199_A/goose/Hunan/116/20,A/goose/Hunan/116/2014,-0.036671,-0.026107,0.051645,0.041504,Avian,N6
1200_A/goose/Hunan/155/20,A/goose/Hunan/155/2014,-0.038131,-0.033917,0.044442,0.051492,Avian,N6
1201_A/goose/Hunan/159/20,A/goose/Hunan/159/2014,-0.040332,-0.019592,0.028517,0.044418,Avian,N6
1202_A/goose/Hunan/160/20,A/goose/Hunan/160/2014,-0.04765,-0.020825,0.032028,0.040559,Avian,N6
1203_A/goose/Hunan/161/20,A/goose/Hunan/161/2014,-0.038882,-0.019584,0.029095,0.045559,Avian,N6
1204_A/goose/Hunan/HN11/2,A/goose/Hunan/HN11/2015,-0.037931,-0.031617,0.03026,0.076694,Avian,N6
1205_A/goose/Hunan/HN22/2,A/goose/Hunan/HN22/2015,-0.023797,-0.008104,0.015541,0.032973,Avian,N6
1206_A/goose/Hunan/HN57/2,A/goose/Hunan/HN57/2015,-0.015086,-0.01041,0.012299,0.034276,Avian,N6
1207_A/goose/Hunan/HN88/2,A/goose/Hunan/HN88/2015,-0.037041,-0.020411,0.048784,0.033575,Avian,N6
1208_A/goose/Hunan/HN90/2,A/goose/Hunan/HN90/2015,-0.037041,-0.020411,0.048784,0.033575,Avian,N6
1209_A/goose/Hunan/HN310/,A/goose/Hunan/HN310/2015,-0.025079,-0.006072,0.038025,0.034747,Avian,N6
1210_A/goose/Hunan/HN311/,A/goose/Hunan/HN311/2015,-0.02515,-0.010521,0.040137,0.042574,Avian,N6
1211_A/goose/Hunan/HN314/,A/goose/Hunan/HN314/2015,-0.027481,-0.014003,0.006179,0.07913,Avian,N6
1212_A/goose/Hunan/HN315/,A/goose/Hunan/HN315/2015,-0.027481,-0.014003,0.006179,0.07913,Avian,N6
1213_A/goose/Hunan/HN316/,A/goose/Hunan/HN316/2015,-0.033516,-0.012293,0.011682,0.074811,Avian,N6
1214_A/goose/Hunan/HN317/,A/goose/Hunan/HN317/2015,-0.03659,-0.019556,0.002468,0.084627,Avian,N6
1215_A/goose/Hunan/HN318/,A/goose/Hunan/HN318/2015,-0.03659,-0.019556,0.002468,0.084627,Avian,N6
1216_A/goose/Hunan/HN319/,A/goose/Hunan/HN319/2015,-0.035252,-0.008105,-0.001786,0.072986,Avian,N6
1217_A/goose/Hunan/S11288,A/goose/Hunan/S11288/2021,-0.087036,0.042657,0.102982,-0.107928,Avian,N8
1218_A/goose/Hunan/SE284/,A/goose/Hunan/SE284/2022(H5N1),-0.103412,0.050826,0.080596,-0.081467,Avian,N1
1219_A/goose/Inner_Mongol,A/goose/Inner_Mongolia/IM-192/2014,0.126196,-0.082546,-0.05298,-0.084203,Avian,N1
1220_A/goose/Jiangsu/k040,A/goose/Jiangsu/k0403/2010,0.111579,-0.059566,-0.065918,-0.111976,Avian,N1
1221_A/goose/Jiangsu/QD5/,A/goose/Jiangsu/QD5/2014,-0.030086,-0.009568,0.038876,-0.004804,Avian,N8
1222_A/goose/Jiangsu/S138,A/goose/Jiangsu/S1385/2021,-0.078225,0.036659,0.097673,-0.097274,Avian,N8
1223_A/goose/Jiangxi/01.0,A/goose/Jiangxi/01.09_NFJX-15-01/2015(Mixed),-0.037041,-0.020411,0.048784,0.033575,Avian,N6
1224_A/goose/Jilin/04.04_,A/goose/Jilin/04.04_SY003-O/2015(H5N6),-0.023083,-0.046077,0.033578,0.081957,Avian,N6
1225_A/goose/Jilin/S4034/,A/goose/Jilin/S4034/2019(H5N1),0.100182,-0.092206,0.010306,-0.011504,Avian,N1
1226_A/goose/Liaoning/S12,A/goose/Liaoning/S1266/2021,-0.088205,0.02856,0.109603,-0.096955,Avian,N8
1227_A/goose/Pingtung/150,A/goose/Pingtung/15010007-4/2015,-0.064716,0.070833,-0.109289,0.003044,Avian,N2
1228_A/goose/Pingtung/150,A/goose/Pingtung/15010037-1/2015,-0.067668,0.072594,-0.108441,0.006869,Avian,N2
1229_A/goose/Pingtung/150,A/goose/Pingtung/15050014/2015,-0.057986,0.067675,-0.115109,0.00161,Avian,N8
1230_A/goose/Pingtung/160,A/goose/Pingtung/16010061/2016,-0.049363,0.063413,-0.12164,-0.003157,Avian,N8
1231_A/Goose/Qingyuan/168,A/Goose/Qingyuan/16875/2016,-0.004506,-0.057656,-0.009843,0.112451,Avian,N6
1232_A/goose/Shandong/01.,A/goose/Shandong/01.01_JY-GS/2015(H5N2),-0.010893,0.018932,-0.049518,0.018463,Avian,N2
1233_A/goose/Shandong/01.,A/goose/Shandong/01.07_JQ-GS/2015(H5N2),-0.001363,0.01844,-0.050482,0.013291,Avian,N2
1234_A/goose/Shandong/02.,A/goose/Shandong/02.16_YG-GS/2015(H5N6),-0.016305,-0.021652,0.015582,0.06335,Avian,N6
1235_A/goose/Shandong/02.,A/goose/Shandong/02.26_GD/2015(H5N6),-0.026417,-0.023191,0.025388,0.061057,Avian,N6
1236_A/goose/Shandong/03.,A/goose/Shandong/03.10_HZ/2015(H5N1),0.148949,-0.098061,-0.048175,-0.069631,Avian,N1
1237_A/goose/Shandong/03.,A/goose/Shandong/03.16_JNRe-5/2014(H5N6),0.0049,-0.036758,0.085556,0.030464,Avian,N6
1238_A/goose/Shandong/04.,A/goose/Shandong/04.22_GT/2015(H5N2),-0.007893,0.015072,-0.048585,0.01138,Avian,N2
1239_A/goose/Shandong/05.,A/goose/Shandong/05.23_AY-GS/2015(Mixed),-0.02096,-0.006092,0.043771,0.003379,Avian,N8
1240_A/goose/Shandong/05.,A/goose/Shandong/05.23_DT-GS/2014(H5N8),-0.018269,-0.0086,0.04758,-0.009817,Avian,N8
1241_A/goose/Shandong/06.,A/goose/Shandong/06.14_HZ-GS/2014(Mixed),-0.020674,-0.004734,0.035662,-0.017854,Avian,N8
1242_A/goose/Shandong/11.,A/goose/Shandong/11.02_CQ-GS/2014(H5N6),0.238678,0.252652,0.12786,0.088195,Avian,N6
1243_A/goose/Shandong/12.,A/goose/Shandong/12.05_YG-GS/2014(H5N6),-0.01618,-0.02216,0.017025,0.063687,Avian,N6
1244_A/goose/Shandong/12.,A/goose/Shandong/12.08_YG-GS/2014(H5N8),-0.061444,0.007096,0.037053,-0.013866,Avian,N8
1245_A/Goose/Shandong/211,A/Goose/Shandong/21153-3/2021(H5N8),-0.084582,0.032821,0.101707,-0.101262,Avian,N8
1246_A/goose/Shandong/GD-,A/goose/Shandong/GD-GS/2014(H5N8),0.002953,-0.032017,0.064238,-0.045006,Avian,N8
1247_A/goose/Shandong/GS/,A/goose/Shandong/GS/2013(H5N1),0.137431,-0.086269,-0.040735,-0.087383,Avian,N1
1248_A/goose/Shandong/LQ0,A/goose/Shandong/LQ01694/2013,-0.021837,-0.016484,0.021434,0.004924,Avian,N8
1249_A/goose/Tainan/16040,A/goose/Tainan/16040018-1/2016,-0.045195,0.069376,-0.116119,-0.004087,Avian,N8
1250_A/goose/Tainan/16070,A/goose/Tainan/16070002/2016,-0.040247,0.062411,-0.112352,-0.001367,Avian,N8
1251_A/goose/Tainan/17030,A/goose/Tainan/17030022-1/2017,-0.078548,0.07012,-0.121717,-0.011875,Avian,N2
1252_A/goose/Tainan/17030,A/goose/Tainan/17030024-1/2017,-0.083558,0.078478,-0.133803,-0.021383,Avian,N2
1253_A/goose/Tainan/18010,A/goose/Tainan/18010022-1/2018,-0.106271,0.114722,-0.139278,-0.025743,Avian,N2
1254_A/goose/Tainan/18050,A/goose/Tainan/18050014-1/2018,-0.072027,0.074076,-0.119642,-0.038206,Avian,N2
1255_A/goose/Taiwan/01019,A/goose/Taiwan/01019/2015,-0.039343,0.04371,-0.107022,0.018177,Avian,N8
1256_A/goose/Taiwan/01022,A/goose/Taiwan/01022/2015,-0.067224,0.072384,-0.108823,0.005816,Avian,N2
1257_A/goose/Taiwan/01023,A/goose/Taiwan/01023/2015,-0.068589,0.076273,-0.106499,0.01125,Avian,N2
1258_A/goose/Taiwan/01031,A/goose/Taiwan/01031/2015,-0.067668,0.072594,-0.108441,0.006869,Avian,N2
1259_A/goose/Taiwan/01038,A/goose/Taiwan/01038/2015,-0.068125,0.065776,-0.11372,0.013328,Avian,Others
1260_A/goose/Taiwan/01039,A/goose/Taiwan/01039/2015,-0.069895,0.063901,-0.109631,0.017689,Avian,N8
1261_A/goose/Taiwan/01040,A/goose/Taiwan/01040/2015,-0.068399,0.074491,-0.109697,0.005292,Avian,N2
1262_A/goose/Taiwan/a015/,A/goose/Taiwan/a015/2015,-0.035526,0.043832,-0.10703,0.017384,Avian,N8
1263_A/goose/Taiwan/TNC1/,A/goose/Taiwan/TNC1/2015,-0.061645,0.064308,-0.110373,0.006834,Avian,N8
1264_A/goose/Taiwan/TNC3/,A/goose/Taiwan/TNC3/2015,-0.063872,0.060698,-0.114667,0.020695,Avian,N8
1265_A/goose/Taiwan/TNC4/,A/goose/Taiwan/TNC4/2015,-0.039606,0.044382,-0.107602,0.018391,Avian,N8
1266_A/goose/Taiwan/TNC9/,A/goose/Taiwan/TNC9/2015,-0.063872,0.060698,-0.114667,0.020695,Avian,N8
1267_A/goose/Taiwan/TNC10,A/goose/Taiwan/TNC10/2015,-0.063577,0.064382,-0.114534,0.014321,Avian,N8
1268_A/goose/Taiwan/TNC12,A/goose/Taiwan/TNC12/2015,-0.063577,0.064382,-0.114534,0.014321,Avian,N8
1269_A/goose/Taiwan/TNC14,A/goose/Taiwan/TNC14/2015,-0.063577,0.064382,-0.114534,0.014321,Avian,N8
1270_A/goose/Taiwan/TNO3/,A/goose/Taiwan/TNO3/2015,-0.067681,0.065567,-0.114101,0.012275,Avian,N8
1271_A/goose/Taiwan/TNO9/,A/goose/Taiwan/TNO9/2015,-0.039606,0.044382,-0.107602,0.018391,Avian,N8
1272_A/goose/Taiwan/TNO15,A/goose/Taiwan/TNO15/2015,-0.039606,0.044382,-0.107602,0.018391,Avian,N8
1273_A/goose/Taiwan/TNO17,A/goose/Taiwan/TNO17/2015,-0.063577,0.064382,-0.114534,0.014321,Avian,N8
1274_A/goose/Taoyuan/1501,A/goose/Taoyuan/15010041/2015,-0.06391,0.064106,-0.111709,0.012793,Avian,N8
1275_A/goose/Taoyuan/1812,A/goose/Taoyuan/18120002-2/2018,-0.070163,0.070968,-0.109679,-0.049644,Avian,N2
1276_A/goose/Xinjiang/12.,A/goose/Xinjiang/12.18_WLMQXL001-C/2016,-0.011173,-0.017483,-0.003809,0.037306,Avian,N6
1277_A/goose/Xinjiang/12.,A/goose/Xinjiang/12.18_WLMQXL002-O/2016,-0.011173,-0.017483,-0.003809,0.037306,Avian,N6
1278_A/goose/Xinjiang/12.,A/goose/Xinjiang/12.18_WLMQXL003-C/2016,-0.08718,0.024122,0.079523,-0.037593,Avian,N8
1279_A/goose/Xinjiang/12.,A/goose/Xinjiang/12.18_WLMQXL003-O/2016,-0.08718,0.024122,0.079523,-0.037593,Avian,N8
1280_A/goose/Xinjiang/12.,A/goose/Xinjiang/12.18_WLMQXL004-C/2016,-0.08718,0.024122,0.079523,-0.037593,Avian,N8
1281_A/goose/Xinjiang/12.,A/goose/Xinjiang/12.18_WLMQXL004-O/2016,-0.08718,0.024122,0.079523,-0.037593,Avian,N8
1282_A/goose/Yangzhou/042,A/goose/Yangzhou/0420/2014,-0.037096,-0.014237,0.038097,-0.008974,Avian,N8
1283_A/goose/Yangzhou/YZ5,A/goose/Yangzhou/YZ587/2016,0.00728,0.005335,0.016194,0.038534,Avian,N6
1284_A/goose/Yunlin/15010,A/goose/Yunlin/15010005/2015,-0.066837,0.073489,-0.109137,0.003218,Avian,N2
1285_A/goose/Yunlin/15010,A/goose/Yunlin/15010009-1/2015,-0.067668,0.072594,-0.108441,0.006869,Avian,N2
1286_A/goose/Yunlin/15010,A/goose/Yunlin/15010010-2/2015,-0.068399,0.074491,-0.109697,0.005292,Avian,N2
1287_A/goose/Yunlin/15010,A/goose/Yunlin/15010011-1/2015,-0.068399,0.074491,-0.109697,0.005292,Avian,N2
1288_A/goose/Yunlin/15040,A/goose/Yunlin/15040040/2015,-0.035526,0.043832,-0.10703,0.017384,Avian,N8
1289_A/goose/Yunlin/16020,A/goose/Yunlin/16020008-4/2016,-0.05661,0.07085,-0.10596,0.008433,Avian,N2
1290_A/goose/Yunlin/16020,A/goose/Yunlin/16020011-1/2016,-0.008432,0.02179,-0.077166,0.024292,Avian,N2
1291_A/goose/Yunlin/16040,A/goose/Yunlin/16040002-2/2016,-0.06218,0.072235,-0.103509,0.011163,Avian,N2
1292_A/goose/Yunlin/17100,A/goose/Yunlin/17100005/2017,-0.084141,0.07921,-0.116103,0.004128,Avian,N2
1293_A/goose/Yunlin/18030,A/goose/Yunlin/18030020-2/2018,-0.044065,0.059769,-0.129659,-0.005063,Avian,N2
1294_A/goose/Yunlin/18030,A/goose/Yunlin/18030020-3/2018,-0.04252,0.058757,-0.129129,-0.007075,Avian,N2
1295_A/goose/Yunlin/18040,A/goose/Yunlin/18040002-3/2018,-0.080072,0.094676,-0.116438,-0.033173,Avian,N2
1296_A/goose/Yunlin/18040,A/goose/Yunlin/18040018-2/2018,-0.069609,0.073211,-0.121151,-0.045996,Avian,N2
1297_A/goose/Yunlin/18090,A/goose/Yunlin/18090002-3/2018,-0.065854,0.068199,-0.117841,-0.044914,Avian,N2
1298_A/goose/Yunlin/18090,A/goose/Yunlin/18090006-1/2018,-0.069735,0.086075,-0.139827,-0.045964,Avian,N2
1299_A/goose/Yunlin/18110,A/goose/Yunlin/18110002-3/2018,-0.061464,0.067873,-0.104019,-0.068287,Avian,N2
1300_A/goose/Yunnan/07.14,A/goose/Yunnan/07.14_DQWCK119/2015(H5N6),-0.030794,-0.038825,0.026337,0.054496,Avian,N6
1301_A/goose/Yunnan/07.14,A/goose/Yunnan/07.14_DQWCK122/2015(H5N6),-0.027932,-0.038551,0.023919,0.052007,Avian,N6
1302_A/goose/Zhejiang/771,A/goose/Zhejiang/77166/2014,-0.029412,-0.010111,0.041202,-0.016915,Avian,N2
1303_A/goose/Zhejiang/771,A/goose/Zhejiang/77167/2014,0.001841,-0.038616,0.078408,0.030213,Avian,N2
1304_A/goose/Zhejiang/771,A/goose/Zhejiang/77168/2014,0.004652,-0.040545,0.073544,0.031163,Avian,N2
1305_A/goose/Zhejiang/112,A/goose/Zhejiang/112071/2014,0.173953,-0.088455,-0.061498,-0.049981,Avian,N1
1306_A/goose/Zhejiang/112,A/goose/Zhejiang/112080/2014,0.020349,-0.024022,0.069111,0.006632,Avian,N6
1307_A/goose/Zhejiang/727,A/goose/Zhejiang/727092/2014,-0.029624,-0.03089,0.029157,0.082684,Avian,N6
1308_A/goose/Zhejiang/727,A/goose/Zhejiang/727098/2014,0.117394,-0.085348,-0.053133,-0.074048,Avian,N1
1309_A/goose/Zhejiang/727,A/goose/Zhejiang/727110/2014,-0.030914,-0.028796,0.026495,0.091075,Avian,N6
1310_A/goose/Zhejiang/925,A/goose/Zhejiang/925036/2014,-0.026231,-0.019732,0.03184,0.047737,Avian,N6
1311_A/goose/Zhejiang/925,A/goose/Zhejiang/925037/2014,-0.017911,-0.012241,0.045272,-0.021898,Avian,N8
1312_A/goose/Zhejiang/925,A/goose/Zhejiang/925104/2014,-0.017911,-0.012241,0.045272,-0.021898,Avian,N8
1313_A/goose/Zhejiang/925,A/goose/Zhejiang/925105/2014,0.018994,-0.044225,0.078005,0.035726,Avian,N6
1314_A/goose/Zhejiang/925,A/goose/Zhejiang/925106/2014,-0.019331,-0.01294,0.045618,-0.029543,Avian,N6
1315_A/goose/Zhejiang/925,A/goose/Zhejiang/925108/2014,0.018523,-0.039049,0.06542,0.033565,Avian,N6
1316_A/goose/Zhejiang/112,A/goose/Zhejiang/1120132/2014,0.018552,-0.025582,0.070489,-0.007667,Avian,N6
1317_A/goose/Zhejiang/S12,A/goose/Zhejiang/S1266/2021,-0.089427,0.040788,0.099786,-0.110286,Avian,N8
1318_A/Great_black-headed,A/Great_black-headed_Gull/Qinghai/YO1/2015_H5N1,0.165633,-0.108091,-0.056094,-0.062761,Avian,N1
1319_A/Great_Black-headed,A/Great_Black-headed_Gull/Qinghai/YO1-B/2016,-0.082603,0.018876,0.064357,-0.026578,Avian,N8
1320_A/Great_black-headed,A/Great_black-headed_Gull/Qinghai/YO6/2015_H5N1,0.163765,-0.102857,-0.055748,-0.065029,Avian,N1
1321_A/Great_Cormorant/Hu,A/Great_Cormorant/Hubei/chenhu_V2/2015_mixed,-0.012195,-0.006232,0.046651,0.007368,Avian,N6
1322_A/Great_Cormorant/Hu,A/Great_Cormorant/Hubei/chenhu_V9/2015,0.169079,-0.120666,-0.026019,-0.06156,Avian,N1
1323_A/Great_Cormorant/Hu,A/Great_Cormorant/Hubei/chenhu_V10/2015,0.167192,-0.120068,-0.025087,-0.061461,Avian,N1
1324_A/Great_Cormorant/Hu,A/Great_Cormorant/Hubei/chenhu_V11/2015,-0.012195,-0.006232,0.046651,0.007368,Avian,N6
1325_A/Great_Cormorant/Hu,A/Great_Cormorant/Hubei/VI128/2015_H5N1,0.147783,-0.092679,-0.038231,-0.078956,Avian,N1
1326_A/Great_Cormorant/Hu,A/Great_Cormorant/Hubei/VI132/2015_H5N1,0.143571,-0.101801,-0.028563,-0.077286,Avian,N1
1327_A/Great_Cormorant/Hu,A/Great_Cormorant/Hubei/VI133/2015_H5N1,0.148468,-0.102365,-0.02919,-0.076648,Avian,N1
1328_A/Great_Cormorant/Qi,A/Great_Cormorant/Qinghai/a51/2016,-0.083032,0.02002,0.068271,-0.024542,Avian,N8
1329_A/Great_Cormorant/Qi,A/Great_Cormorant/Qinghai/B82/2016,-0.083922,0.020629,0.064139,-0.025767,Avian,N8
1330_A/Great_Cormorant/Qi,A/Great_Cormorant/Qinghai/Y01/2016,-0.083032,0.02002,0.068271,-0.024542,Avian,N8
1331_A/Great_Crested_Greb,A/Great_Crested_Grebe/Qinghai/a737/2017,-0.082335,0.049369,0.003804,-0.060552,Avian,N8
1332_A/grebe/Ningxia/SD00,A/grebe/Ningxia/SD001/2021,-0.087623,0.041602,0.092032,-0.097987,Avian,N8
1333_A/grebe/Shaanxi/SD00,A/grebe/Shaanxi/SD001/2021,-0.093185,0.044092,0.08586,-0.082747,Avian,N8
1334_A/grebe/Shandong/SC1,A/grebe/Shandong/SC184/2021,-0.089138,0.038837,0.098735,-0.107188,Avian,N8
1335_A/green-winged_teal/,A/green-winged_teal/Guangdong/SD004/2021,-0.084688,0.03521,0.104466,-0.102748,Avian,N8
1336_A/Guangdong/1/2006|E,A/Guangdong/1/2006,0.083413,-0.07959,-0.02495,-0.01146,Human,N1
1337_A/Guangdong/1/2008|E,A/Guangdong/1/2008,0.157201,-0.088784,-0.043658,-0.019677,Human,N1
1338_A/Guangdong/2/2006|E,A/Guangdong/2/2006,0.07886,-0.08001,-0.011501,-0.011973,Human,N1
1339_A/Guangdong/18SF020/,A/Guangdong/18SF020/2018-09-30,0.023803,-0.025602,-0.00318,0.043215,Human,N6
1340_A/Guangdong/12903/20,A/Guangdong/12903/2021,-0.088134,0.044691,0.090203,-0.112967,Human,N6
1341_A/Guangdong/lgf/2021,A/Guangdong/lgf/2021,-0.084765,0.045651,0.087979,-0.102992,Human,N6
1342_A/Guangxi/1/2005|EPI,A/Guangxi/1/2005,0.082437,-0.085859,-0.02588,-0.018535,Human,N1
1343_A/Guangxi/1/2005|EPI,A/Guangxi/1/2005,0.082437,-0.085859,-0.02588,-0.018535,Human,N1
1344_A/Guangxi/1/2008|EPI,A/Guangxi/1/2008,0.065922,-0.061302,-0.024602,-0.02836,Human,N1
1345_A/Guangxi/32797/2018,A/Guangxi/32797/2018,0.039292,-0.018869,-0.029309,-0.00165,Human,N6
1346_A/Guangxi/55726/2016,A/Guangxi/55726/2016,-0.024968,-0.015063,0.048571,0.038666,Human,N6
1347_A/Guangzhou/39715/20,A/Guangzhou/39715/2014,-0.026422,-0.034081,0.024512,0.070997,Human,N6
1348_A/Guizhou/1/2009|EPI,A/Guizhou/1/2009,0.092847,-0.076452,-0.024155,-0.050698,Human,N1
1349_A/GX-guilin/11151/20,A/GX-guilin/11151/2021,-0.07512,0.044388,0.086362,-0.120225,Human,N6
1350_A/GX-hechi/01/2021|E,A/GX-hechi/01/2021,-0.041211,0.031606,-0.052271,0.068321,Human,N6
1351_A/Hangzhou/01/2021|E,A/Hangzhou/01/2021,-0.087719,0.055385,0.099998,-0.117464,Human,N6
1352_A/HeFei04171/2024|EP,A/HeFei04171/2024,-0.063609,0.012787,0.086747,-0.046871,Human,N6
1353_A/heron/Kaohsiung/15,A/heron/Kaohsiung/15WB3284-1-5/2015,0.16701,-0.005703,-0.040518,-0.072254,Avian,Others
1354_A/heron/Taiwan/17DB0,A/heron/Taiwan/17DB0001/2017,-0.080929,0.076229,-0.12348,-0.008414,Avian,N2
1355_A/Herring_Gull/Hubei,A/Herring_Gull/Hubei/CH-i149/2017_H5N8,-0.083501,0.017813,0.062953,-0.021467,Avian,N8
1356_A/hill_myna/Heilongj,A/hill_myna/Heilongjiang/0704/2012,0.145967,-0.092148,-0.034784,-0.073102,Avian,N1
1357_A/Hong_Kong/5923/201,A/Hong_Kong/5923/2012,0.052075,-0.066353,0.022429,-0.089746,Human,N1
1358_A/Hubei/29578/2016_x,A/Hubei/29578/2016_x_PR8__(CNIC-HB29578),-0.023248,-0.028026,-0.022768,0.081735,Human,N6
1359_A/Hubei/29578/2016|E,A/Hubei/29578/2016,-0.020484,-0.03434,-0.024178,0.08654,Human,N6
1360_A/Hunan/1/2006|EPI_I,A/Hunan/1/2006,0.097086,-0.079893,-0.034178,0.004834,Human,N1
1361_A/Hunan/1/2008|EPI_I,A/Hunan/1/2008,0.094525,-0.065886,-0.042672,-0.033805,Human,N1
1362_A/Hunan/2/2009|EPI_I,A/Hunan/2/2009,0.097297,-0.070961,-0.019019,-0.04936,Human,N1
1363_A/Japanese_white-eye,A/Japanese_white-eye/Taoyuan/Q454/2012,0.1443,-0.091387,-0.035476,-0.071551,Avian,N1
1364_A/Jiangsu/1/2007|EPI,A/Jiangsu/1/2007,0.138251,-0.093935,-0.038256,-0.027695,Human,N1
1365_A/Jiangsu/1/2018|EPI,A/Jiangsu/1/2018,0.033898,-0.036134,-0.006904,0.052391,Human,N6
1366_A/Jiangsu/1/2018|EPI,A/Jiangsu/1/2018,0.028488,-0.038772,-0.005852,0.058431,Human,N6
1367_A/Jiangsu/1/2020_(H5,A/Jiangsu/1/2020_(H5N6),0.041526,-0.030392,-0.010459,0.046103,Human,N6
1368_A/Jiangsu/1/2020(H5N,A/Jiangsu/1/2020(H5N6),0.041526,-0.030392,-0.010459,0.046103,Human,N6
1369_A/Jiangsu/2/2007|EPI,A/Jiangsu/2/2007,0.138251,-0.093935,-0.038256,-0.027695,Human,N1
1370_A/Jiangsu/JSSZ01/201,A/Jiangsu/JSSZ01/2018,0.028488,-0.038772,-0.005852,0.058431,Human,N6
1371_A/Jiangxi/1/2005|EPI,A/Jiangxi/1/2005,0.099103,-0.089124,-0.034454,-0.043742,Human,N1
1372_A/Jiangxi/16791/2022,A/Jiangxi/16791/2022,-0.072268,0.047679,0.085837,-0.115557,Human,N6
1373_A/lesser_kestrel/Hei,A/lesser_kestrel/Heilongjiang/194/2007,0.100635,-0.072589,-0.01466,-0.039646,Avian,N1
1374_A/lion/Hubei/1-2/201,A/lion/Hubei/1-2/2016,0.139975,-0.084987,-0.029831,-0.084353,Nonhuman Mammal,N1
1375_A/Luscinia_cyane/Jia,A/Luscinia_cyane/Jiangxi/U2/2016_(H5N6),-0.022437,-0.024455,0.034509,-0.007947,Avian,N6
1376_A/mallard_duck/Shang,A/mallard_duck/Shanghai/SH-9/2013,-0.026058,-0.013173,0.033267,-0.023051,Avian,N8
1377_A/mallard/Heilongjia,A/mallard/Heilongjiang/HLJ-69/2013,0.306145,0.190186,0.056225,-0.026311,Avian,N1
1378_A/Mallard/Jiangxi/JX,A/Mallard/Jiangxi/JXH9/2014_(H5N6),-0.023863,-0.019576,0.044228,0.045951,Avian,N6
1379_A/Mallard/Jiangxi/JX,A/Mallard/Jiangxi/JXH22/2014_(H5N6),-0.028362,-0.018235,0.044469,0.046977,Avian,N6
1380_A/mallard/Ningxia/17,A/mallard/Ningxia/175/2020,-0.09288,0.036221,0.007137,-0.079979,Avian,N8
1381_A/mallard/Ningxia/17,A/mallard/Ningxia/176/2020,-0.092787,0.03629,0.006814,-0.079925,Avian,N8
1382_A/mallard/Ningxia/23,A/mallard/Ningxia/239/2020,-0.095782,0.035942,0.003019,-0.072413,Avian,N8
1383_A/mallard/Ningxia/24,A/mallard/Ningxia/241/2020,-0.09288,0.036221,0.007137,-0.079979,Avian,N8
1384_A/mallard/Ningxia/24,A/mallard/Ningxia/247/2020,-0.09288,0.036221,0.007137,-0.079979,Avian,N8
1385_A/mallard/Ningxia/24,A/mallard/Ningxia/249/2020,-0.095782,0.035942,0.003019,-0.072413,Avian,N8
1386_A/mandarin_duck/Heil,A/mandarin_duck/Heilongjiang/HL-1/2021,-0.04392,-0.000838,0.123107,-0.084159,Avian,N1
1387_A/mandarin_duck/Hena,A/mandarin_duck/Henan/426/2021,-0.107055,0.044104,0.086499,-0.084915,Avian,N1
1388_A/meerkat/Shanghai/S,A/meerkat/Shanghai/SH-1/2012,0.129853,-0.087526,-0.049158,-0.084705,Nonhuman Mammal,N1
1389_A/migratory_waterfow,A/migratory_waterfowl/Hubei/Chenhu1306/2014,0.011372,-0.043,0.07329,0.027725,Avian,N6
1390_A/migratory_waterfow,A/migratory_waterfowl/Hubei/Chenhu1347/2014,0.007581,-0.043596,0.072734,0.033165,Avian,N6
1391_A/mink/China/181/201,A/mink/China/181/2019,0.039018,-0.048504,0.001166,0.050157,Nonhuman Mammal,N6
1392_A/mink/China/183/201,A/mink/China/183/2019,-0.010762,-0.028195,0.032245,0.056425,Nonhuman Mammal,N6
1393_A/mink/China/191/201,A/mink/China/191/2019,-0.007185,-0.03212,0.038686,0.056338,Nonhuman Mammal,N6
1394_A/mink/China/456/201,A/mink/China/456/2018,0.02281,-0.010816,-0.00247,0.039903,Nonhuman Mammal,N6
1395_A/mink/China/G/2015|,A/mink/China/G/2015,0.03327,-0.023662,-0.045934,-0.104396,Nonhuman Mammal,N1
1396_A/mink/China/XB/2015,A/mink/China/XB/2015,0.147019,-0.100686,-0.023097,-0.093126,Nonhuman Mammal,N1
1397_A/mink/Eastern_China,A/mink/Eastern_China/006/2018,0.037889,-0.063114,0.036004,0.104864,Nonhuman Mammal,N6
1398_A/mink/Eastern_China,A/mink/Eastern_China/149/2018,0.020463,-0.059932,0.045892,0.090342,Nonhuman Mammal,N6
1399_A/mink/Eastern_China,A/mink/Eastern_China/528/2018,0.041843,-0.063116,0.03655,0.099334,Nonhuman Mammal,N6
1400_A/mink/Eastern_China,A/mink/Eastern_China/571/2018,0.030764,-0.038237,0.019716,0.03956,Nonhuman Mammal,N6
1401_A/mink/Eastern_China,A/mink/Eastern_China/0712/2018,0.0197,-0.036105,0.025873,0.042392,Nonhuman Mammal,N1
1402_A/mink/Northern_Chin,A/mink/Northern_China/110/2018,-0.057364,-0.005701,0.087329,-0.018339,Nonhuman Mammal,N6
1403_A/Muscovy_duck/China,A/Muscovy_duck/China/FJFZ21/H5N6/2020,0.04594,-0.027846,0.035936,0.027589,Avian,N6
1404_A/Muscovy_duck/China,A/Muscovy_duck/China/H5N6/2020,0.04594,-0.027846,0.035936,0.027589,Avian,N6
1405_A/muscovy/duck/Hunan,A/muscovy/duck/Hunan/85/2014,-0.042788,-0.016577,0.028138,0.047845,Avian,N6
1406_A/muscovy/duck/Hunan,A/muscovy/duck/Hunan/88/2014,-0.044056,-0.014846,0.028657,0.054761,Avian,N6
1407_A/muscovy/duck/Hunan,A/muscovy/duck/Hunan/89/2014,-0.042801,-0.01889,0.027147,0.049244,Avian,N6
1408_A/muscovy/duck/Hunan,A/muscovy/duck/Hunan/90/2014,-0.043722,-0.015211,0.029089,0.053624,Avian,N6
1409_A/muscovy/duck/Hunan,A/muscovy/duck/Hunan/93/2014,-0.050362,-0.014637,0.028402,0.061001,Avian,N6
1410_A/muscovy/duck/Hunan,A/muscovy/duck/Hunan/94/2014,-0.039976,-0.019082,0.027265,0.046213,Avian,N6
1411_A/muscovy/duck/Hunan,A/muscovy/duck/Hunan/101/2014,-0.033544,-0.007451,0.03216,0.037371,Avian,N6
1412_A/muscovy/duck/Hunan,A/muscovy/duck/Hunan/102/2014,-0.033544,-0.007451,0.03216,0.037371,Avian,N6
1413_A/muscovy/duck/Hunan,A/muscovy/duck/Hunan/103/2014,-0.033544,-0.007451,0.03216,0.037371,Avian,N6
1414_A/muscovy/duck/Hunan,A/muscovy/duck/Hunan/104/2014,-0.033544,-0.007451,0.03216,0.037371,Avian,N6
1415_A/muscovy/duck/Hunan,A/muscovy/duck/Hunan/125/2014,-0.035765,-0.028792,0.050843,0.04328,Avian,N6
1416_A/muscovy/duck/Hunan,A/muscovy/duck/Hunan/147/2014,-0.037041,-0.020411,0.048784,0.033575,Avian,N6
1417_A/muscovy/duck/Hunan,A/muscovy/duck/Hunan/148/2014,-0.038762,-0.01192,0.04678,0.024644,Avian,N6
1418_A/muscovy/duck/Hunan,A/muscovy/duck/Hunan/167/2014,-0.02272,-0.007123,0.023635,0.038295,Avian,N6
1419_A/muscovy/duck/Hunan,A/muscovy/duck/Hunan/183/2014,-0.009849,-0.023874,-0.00841,0.043006,Avian,N6
1420_A/muscovy/duck/Hunan,A/muscovy/duck/Hunan/216/2014,-0.033281,-0.007636,0.033695,0.036766,Avian,N6
1421_A/muscovy/duck/Hunan,A/muscovy/duck/Hunan/229/2014,-0.036892,-0.003342,0.029546,0.037352,Avian,N6
1422_A/muscovy/duck/Hunan,A/muscovy/duck/Hunan/232/2014,-0.025783,-0.023201,0.018465,0.044564,Avian,N6
1423_A/muscovy/duck/Hunan,A/muscovy/duck/Hunan/HN346/2015,-0.029099,-0.000393,0.045341,0.022662,Avian,N6
1424_A/muscovy/duck/Hunan,A/muscovy/duck/Hunan/HN347/2015,-0.026816,0.002221,0.033617,0.03278,Avian,N6
1425_A/muscovy/duck/Hunan,A/muscovy/duck/Hunan/HN348/2015,-0.031565,-0.009077,0.033075,0.040525,Avian,N6
1426_A/muscovy/duck/Hunan,A/muscovy/duck/Hunan/HN349/2015,-0.033609,-0.003315,0.026253,0.046459,Avian,N6
1427_A/muscovy/duck/Hunan,A/muscovy/duck/Hunan/HN351/2015,-0.029323,0.000718,0.036206,0.03293,Avian,N6
1428_A/muscovy/duck/Hunan,A/muscovy/duck/Hunan/HN352/2015,-0.026865,-0.026029,0.052088,0.035235,Avian,N6
1429_A/muscovy/duck/Hunan,A/muscovy/duck/Hunan/HN353/2015,-0.034158,-0.00704,0.028531,0.035565,Avian,N6
1430_A/muscovy/duck/Hunan,A/muscovy/duck/Hunan/HN354/2015,-0.025985,-0.003387,0.038828,0.032971,Avian,N6
1431_A/muscovy/duck/Hunan,A/muscovy/duck/Hunan/HN355/2015,-0.025985,-0.003387,0.038828,0.032971,Avian,N6
1432_A/muscovy/duck/Hunan,A/muscovy/duck/Hunan/HN356/2015,-0.031061,-0.000729,0.040788,0.028008,Avian,N6
1433_A/muscovy/duck/Hunan,A/muscovy/duck/Hunan/HN358/2015,-0.022143,-0.016701,0.03431,0.043594,Avian,N6
1434_A/muscovy/duck/Hunan,A/muscovy/duck/Hunan/HN359/2015,-0.02642,-0.003182,0.039201,0.034002,Avian,N6
1435_A/muscovy/duck/Hunan,A/muscovy/duck/Hunan/HN360/2015,-0.025985,-0.003387,0.038828,0.032971,Avian,N6
1436_A/muscovy/duck/Hunan,A/muscovy/duck/Hunan/HN364/2015,-0.031267,0.000574,0.042835,0.023224,Avian,N6
1437_A/muscovy/duck/Hunan,A/muscovy/duck/Hunan/HN365/2015,-0.026819,0.003746,0.037518,0.023367,Avian,N6
1438_A/muscovy/duck/Hunan,A/muscovy/duck/Hunan/HN366/2015,-0.025074,-0.004954,0.033135,0.033767,Avian,N6
1439_A/muscovy/duck/Hunan,A/muscovy/duck/Hunan/HN368/2015,-0.025985,-0.003387,0.038828,0.032971,Avian,N6
1440_A/mute_swan/Inner_Mo,A/mute_swan/Inner_Mongolia/w2-1/2020,-0.097849,0.040038,0.10627,-0.10331,Avian,N8
1441_A/mute_swan/Shandong,A/mute_swan/Shandong/1/2021,-0.08668,0.03896,0.099951,-0.11897,Avian,N8
1442_A/Nanjing/1/2015|EPI,A/Nanjing/1/2015,0.137971,-0.101176,-0.031049,-0.074503,Human,N1
1443_A/Northern_Pintail/H,A/Northern_Pintail/HK/MP692/2016,-0.011873,-0.024344,-0.009945,0.071811,Avian,N6
1444_A/oriental_magpie_ro,A/oriental_magpie_robin/HK/6154/2015,-0.008716,-0.031472,-0.023709,0.074527,Avian,N6
1445_A/ostrich/Suzhou/097,A/ostrich/Suzhou/097/2003,0.104745,-0.078485,-0.024067,-0.052914,Avian,N1
1446_A/parrot/Guangdong/2,A/parrot/Guangdong/258/2004,0.139613,0.023256,0.028705,-0.056042,Avian,N2
1447_A/parrot/Guangdong/C,A/parrot/Guangdong/C99/2005,0.115703,-0.096175,-0.007721,-0.079499,Avian,N1
1448_A/Pavo_cristatus/Chi,A/Pavo_cristatus/China/JS02/2018,-0.029886,-0.002279,-0.017559,0.034929,Avian,N6
1449_A/Pavo_cristatus/Chi,A/Pavo_cristatus/China/K10/2018,-0.029886,-0.002279,-0.017559,0.034929,Avian,N6
1450_A/Pavo_cristatus/Jia,A/Pavo_cristatus/Jiangxi/JA1/2016,0.007663,-0.026362,0.014558,0.073324,Avian,N6
1451_A/peacock/Yunnan/1/2,A/peacock/Yunnan/1/2015,0.146522,-0.112777,-0.011724,-0.068787,Avian,N1
1452_A/peacock/Yunnan/3/2,A/peacock/Yunnan/3/2015,0.153893,-0.111826,-0.012001,-0.082532,Avian,N1
1453_A/Peregrine_Falcon/H,A/Peregrine_Falcon/Hong_Kong/AFCD-HKU-21-013-27/2021,-0.076942,0.039027,0.090646,-0.109222,Avian,N8
1454_A/Phalacrocorax/Hube,A/Phalacrocorax/Hubei/01.09_V5/2015(H5N6),-0.012195,-0.006232,0.046651,0.007368,Avian,N6
1455_A/Phalacrocorax/Hube,A/Phalacrocorax/Hubei/01.09_V7/2015(H5N6),-0.012195,-0.006232,0.046651,0.007368,Avian,N6
1456_A/pheasant/Hebei/B02,A/pheasant/Hebei/B02/2021,-0.087085,0.039513,0.097847,-0.101638,Avian,N8
1457_A/pigeon/Fujian/1.17,A/pigeon/Fujian/1.17_FZHX0104-O/2017,0.00011,-0.044604,-0.006556,0.084586,Avian,N6
1458_A/pigeon/Guangdong/0,A/pigeon/Guangdong/04.15_SZBAXQ004/2015(H5N6),-0.022269,-0.027121,0.028369,0.060178,Avian,N6
1459_A/pigeon/Guangdong/0,A/pigeon/Guangdong/04.16_SZLGWL006/2015(H5N6),-0.030323,-0.024793,0.021074,0.075085,Avian,N6
1460_A/pigeon/Guangdong/0,A/pigeon/Guangdong/04.23_DGQTXC197-O/2015(H5N6),-0.021043,-0.026341,0.033302,0.07203,Avian,N6
1461_A/pigeon/Hainan/1.14,A/pigeon/Hainan/1.14_HKPL006-C/2018,0.029271,-0.038127,0.006009,0.049491,Avian,N6
1462_A/pigeon/Hubei/RP25/,A/pigeon/Hubei/RP25/2012,0.118092,-0.080786,-0.042691,-0.028341,Avian,N1
1463_A/Pigeon/Hunan/04.14,A/Pigeon/Hunan/04.14_YYXS0912-O/2015(Mixed),0.003809,0.001274,0.012557,-0.011339,Avian,N6
1464_A/pigeon/Jiangsu/12.,A/pigeon/Jiangsu/12.22_TCCX053-P/2014(Mixed),0.161162,-0.087129,-0.047614,-0.052277,Avian,N1
1465_A/Pigeon/Jiangxi/02.,A/Pigeon/Jiangxi/02.10__NCDZT0017-P/2015(H5N6),-0.011422,-0.02984,-0.021444,0.076197,Avian,N6
1466_A/Pigeon/Jiangxi/04.,A/Pigeon/Jiangxi/04.01__NCDZT0352-O/2015(H5N6),-0.014448,-0.020992,-0.020317,0.076144,Avian,N6
1467_A/pigeon/Jiangxi/S40,A/pigeon/Jiangxi/S40784/2021(H5N1),-0.050681,0.024009,0.080823,-0.094744,Avian,N1
1468_A/pigeon/Jilin/04.25,A/pigeon/Jilin/04.25_CCHL018-O/2015(H5N6),-0.021466,-0.051016,0.035403,0.077929,Avian,N6
1469_A/pigeon/Jilin/04.25,A/pigeon/Jilin/04.25_CCHL019-O/2015(H5N1),0.14647,-0.095469,-0.048087,-0.067328,Avian,N1
1470_A/pigeon/Jilin/S4176,A/pigeon/Jilin/S4176/2019(H5N1),0.118698,-0.104253,-0.030729,-0.008853,Avian,N1
1471_A/Pigeon/Shandong/WS,A/Pigeon/Shandong/WS17/2022,-0.064846,0.05258,0.076236,-0.108329,Avian,N2
1472_A/pigeon/Sichuan/04.,A/pigeon/Sichuan/04.27_NBXJ743/2014(H5N6),0.011997,-0.04352,0.078743,0.033085,Avian,N6
1473_A/pigeon/Sichuan/NCX,A/pigeon/Sichuan/NCXN29/2014,-0.029183,-0.026074,0.019866,0.057835,Avian,N1
1474_A/pigeon/Zhejiang/11,A/pigeon/Zhejiang/112089/2014,0.173418,-0.091414,-0.050006,-0.051386,Avian,N1
1475_A/pigeon/Zhejiang/11,A/pigeon/Zhejiang/112090/2014,0.141903,-0.099673,-0.050092,-0.065894,Avian,N1
1476_A/pigeon/Zhejiang/72,A/pigeon/Zhejiang/727097/2014,0.117394,-0.085348,-0.053133,-0.074048,Avian,N1
1477_A/plateau_pika/Qingh,A/plateau_pika/Qinghai/04/2007,0.158704,-0.101295,0.000714,-0.055084,Nonhuman Mammal,N1
1478_A/Quail/Guangxi/GX-2,A/Quail/Guangxi/GX-2/2017__(H5N6),-0.026824,-0.033078,0.039024,0.071036,Avian,N6
1479_A/quail/Jiangsu/k010,A/quail/Jiangsu/k0104/2010,0.024505,-0.068652,0.037749,0.00748,Avian,Others
1480_A/quail/Jiangxi/B9/2,A/quail/Jiangxi/B9/2015_(H5N6),-0.017373,-0.018136,0.038687,-0.032047,Avian,N6
1481_A/quail/Nanchang/663,A/quail/Nanchang/6631/2013,0.048923,-0.064964,0.030109,-0.092221,Avian,N1
1482_A/Quail/Zhanjiang/16,A/Quail/Zhanjiang/16887/2016,0.000728,0.003005,0.014727,0.054605,Avian,N6
1483_A/Quanzhou/2/2024|EP,A/Quanzhou/2/2024,0.030084,0.00271,-0.066066,0.000797,Human,N6
1484_A/Shandong/1/2009|EP,A/Shandong/1/2009,0.131575,-0.089415,-0.036183,-0.011478,Human,N1
1485_A/Shenzhen/1/2015|EP,A/Shenzhen/1/2015,-0.008247,-0.016042,-0.02846,0.092742,Human,N6
1486_A/Shenzhen/1/2016|EP,A/Shenzhen/1/2016,-0.004334,-0.039622,-0.028897,0.07699,Human,N6
1487_A/Shenzhen/TH001/201,A/Shenzhen/TH001/2015_(H5N6),-0.008247,-0.016042,-0.02846,0.092742,Human,N6
1488_A/Shenzhen/TH003/201,A/Shenzhen/TH003/2016(H5N6),-0.011571,-0.017955,-0.03761,0.087641,Human,N6
1489_A/Shoveller/Ningxia/,A/Shoveller/Ningxia/488-53/2015,-0.017079,-0.031499,0.01522,0.071868,Avian,N6
1490_A/Sichuan/1/2006|EPI,A/Sichuan/1/2006,0.092931,-0.088991,-0.026215,-0.019438,Human,N1
1491_A/Sichuan/2/2006|EPI,A/Sichuan/2/2006,0.093303,-0.085693,-0.030335,-0.019831,Human,N1
1492_A/Sichuan/26221/2014,A/Sichuan/26221/2014,0.012158,-0.041828,0.081049,0.027997,Human,N6
1493_A/silkie_chicken/Don,A/silkie_chicken/Dongguan/2809/2013,-0.024728,-0.029359,0.032888,0.063343,Avian,N6
1494_A/Spatula_querquedul,A/Spatula_querquedula/Chongming/H5N1_1/2024,-0.092671,0.049646,0.072926,-0.069712,Avian,N1
1495_A/Spoonbill/HK/17-18,A/Spoonbill/HK/17-18259/2017,-0.064666,0.025264,0.074912,-0.041462,Avian,N6
1496_A/spoonbill/Taiwan/D,A/spoonbill/Taiwan/DB645/2017,-0.06886,0.041899,0.060491,-0.039585,Avian,N6
1497_A/spot_billed_duck/N,A/spot_billed_duck/Ningxia/YG87/2017,-0.084556,0.019341,0.075034,-0.034707,Avian,N6
1498_A/spot-billed_duck/N,A/spot-billed_duck/Ningxia/YG93/2017,-0.060006,0.035878,0.07519,-0.031811,Avian,N6
1499_A/Streptopelia_decao,A/Streptopelia_decaocto/Jiangxi/E1/2015(H5N6),-0.022652,-0.012001,0.038621,-0.006342,Avian,N6
1500_A/Streptopelia_decao,A/Streptopelia_decaocto/Jiangxi/G6/2016(H5N6),0.142196,-0.099417,-0.047839,-0.069658,Avian,N6
1501_A/Streptopelia_decao,A/Streptopelia_decaocto/Jiangxi/J8/2015_(H5N6),-0.032977,-0.018387,0.03971,0.057655,Avian,N6
1502_A/swan_goose/Jilin/J,A/swan_goose/Jilin/JL01/2014,0.008931,-0.038469,0.076925,0.023292,Avian,N6
1503_A/swan/China/ST/2016,A/swan/China/ST/2016,-0.090796,0.026068,0.068772,-0.022289,Avian,N8
1504_A/swan/Hebei/B01/202,A/swan/Hebei/B01/2021,-0.074897,0.037706,0.093641,-0.106474,Avian,N8
1505_A/swan/Shandong/W376,A/swan/Shandong/W3762/2020,-0.078291,0.025472,0.006169,-0.077001,Avian,N8
1506_A/swine/China/RZ/201,A/swine/China/RZ/2018,0.009201,-0.027783,0.028111,0.04981,Nonhuman Mammal,N6
1507_A/swine/Guangdong/1/,A/swine/Guangdong/1/2014,-0.030782,-0.022097,0.029023,0.048282,Nonhuman Mammal,N6
1508_A/swine/Guangdong/2/,A/swine/Guangdong/2/2014,-0.031995,-0.021944,0.027412,0.054407,Nonhuman Mammal,N6
1509_A/swine/Guangdong/G3,A/swine/Guangdong/G3/2015,0.025486,-0.055172,0.074244,0.031257,Nonhuman Mammal,N6
1510_A/swine/Shandong/SD1,A/swine/Shandong/SD1/2014,0.125709,-0.085294,-0.013908,-0.087363,Nonhuman Mammal,N1
1511_A/Syrrhaptes_paradox,A/Syrrhaptes_paradoxus/Guangdong/ZH283/2015,-0.03247,-0.023969,0.017173,0.067124,Avian,N6
1512_A/Taiwan/DV413/2006|,A/Taiwan/DV413/2006,0.025631,0.037129,-0.039391,-0.080784,Avian,N2
1513_A/Taiwan/DV518/2006|,A/Taiwan/DV518/2006,0.026259,0.037302,-0.04,-0.080475,Avian,N2
1514_A/thrush/Taiwan/1512,A/thrush/Taiwan/15120021/2015,-0.059313,0.062322,-0.103849,0.003507,Avian,N2
1515_A/tiger/Yunnan/tig14,A/tiger/Yunnan/tig1404/2014,-0.017606,-0.020115,0.040819,0.04823,Nonhuman Mammal,N1
1516_A/tiger/Yunnan/tig14,A/tiger/Yunnan/tig1412/2014,0.019292,-0.065327,0.033444,-0.087827,Nonhuman Mammal,N1
1517_A/tiger/Yunnan/tig15,A/tiger/Yunnan/tig1508/2015,0.150487,-0.092753,-0.034772,-0.078407,Nonhuman Mammal,N1
1518_A/tundra_swan/Fujian,A/tundra_swan/Fujian/SD121/2023(H5N1),-0.097016,0.050582,0.093408,-0.104327,Avian,N1
1519_A/tundra_swan/Hubei/,A/tundra_swan/Hubei/BQ3/2020,-0.089861,0.037751,0.101514,-0.090499,Avian,N8
1520_A/tundra_swan/Hubei/,A/tundra_swan/Hubei/BQ4/2020,-0.093335,0.041095,0.097493,-0.103652,Avian,N8
1521_A/tundra_swan/Hubei/,A/tundra_swan/Hubei/BQ6/2020,-0.095695,0.03996,0.083944,-0.095057,Avian,N8
1522_A/tundra_swan/Hubei/,A/tundra_swan/Hubei/BQ7/2020,-0.094668,0.043615,0.097191,-0.101944,Avian,N8
1523_A/tundra_swan/Hubei/,A/tundra_swan/Hubei/BQ8/2020,-0.094927,0.044244,0.096667,-0.101709,Avian,N8
1524_A/tundra_swan/Hubei/,A/tundra_swan/Hubei/BQ9/2020,-0.089548,0.040208,0.091365,-0.100854,Avian,N8
1525_A/turkey/Changhua/16,A/turkey/Changhua/16010011-1/2016,-0.008432,0.02179,-0.077166,0.024292,Avian,N2
1526_A/turkey/Chiayi/1702,A/turkey/Chiayi/17020092-2/2017,-0.06056,0.068474,-0.109774,-0.005616,Avian,N8
1527_A/turkey/Chiayi/1801,A/turkey/Chiayi/18010013-3/2018,-0.105674,0.114891,-0.137713,-0.026575,Avian,N2
1528_A/turkey/Yunlin/1506,A/turkey/Yunlin/15060049-1/2015,-0.065622,0.075561,-0.110133,0.002527,Avian,N2
1529_A/turkey/Yunlin/1802,A/turkey/Yunlin/18020020-2/2018,-0.105933,0.114967,-0.139428,-0.025942,Avian,N2
1530_A/turkey/Yunlin/1811,A/turkey/Yunlin/18110001-3/2018,-0.07786,0.063464,-0.116403,-0.034748,Avian,N2
1531_A/turkey/Yunlin/1812,A/turkey/Yunlin/18120005-2/2018,-0.049914,0.062005,-0.09254,-0.074789,Avian,N2
1532_A/turtle_dove/Guangd,A/turtle_dove/Guangdong/300/2005,0.102773,-0.095879,-0.043789,-0.018124,Avian,N1
1533_A/turtle_dove/Hunan/,A/turtle_dove/Hunan/S4004/2020(H5N1),0.126157,-0.081277,-0.038306,-0.089413,Avian,N1
1534_A/Waterfowl/Hubei/Ch,A/Waterfowl/Hubei/Chenhu1306/2014_H5N6,0.011372,-0.043,0.07329,0.027725,Avian,N6
1535_A/Waterfowl/Hubei/Ch,A/Waterfowl/Hubei/Chenhu1347/2014_H5N6,0.007581,-0.043596,0.072734,0.033165,Avian,N6
1536_A/whiskered_tern/Hub,A/whiskered_tern/Hubei/BQ10/2020,-0.09328,0.042611,0.084063,-0.099747,Avian,N8
1537_A/white_naped_crane/,A/white_naped_crane/China/YA3/2018,-0.024636,-0.009002,-0.017568,0.037373,Avian,N6
1538_A/White-eyed_Pochard,A/White-eyed_Pochard/Ningxia/480-17/2015,-0.018375,-0.031651,0.016337,0.072942,Avian,N6
1539_A/whooper_swan/Henan,A/whooper_swan/Henan/8/2021,-0.107924,0.051534,0.085135,-0.094918,Avian,N1
1540_A/whooper_swan/Henan,A/whooper_swan/Henan/14/2021,-0.101618,0.049647,0.092104,-0.092275,Avian,N1
1541_A/whooper_swan/Henan,A/whooper_swan/Henan/44/2021,-0.101618,0.049647,0.092104,-0.092275,Avian,N1
1542_A/whooper_swan/Henan,A/whooper_swan/Henan/45/2021,-0.101618,0.049647,0.092104,-0.092275,Avian,N1
1543_A/whooper_swan/Henan,A/whooper_swan/Henan/46/2021,-0.107055,0.044104,0.086499,-0.084915,Avian,N1
1544_A/whooper_swan/Henan,A/whooper_swan/Henan/424/2021,-0.107055,0.044104,0.086499,-0.084915,Avian,N1
1545_A/whooper_swan/Henan,A/whooper_swan/Henan/SM1/2020,-0.093317,0.042593,0.098,-0.103902,Avian,N8
1546_A/whooper_swan/Henan,A/whooper_swan/Henan/SM16/2020,-0.101496,0.047115,0.095745,-0.084916,Avian,N8
1547_A/whooper_swan/Henan,A/whooper_swan/Henan/SM31/2020,-0.101347,0.04686,0.096262,-0.085577,Avian,N8
1548_A/whooper_swan/Henan,A/whooper_swan/Henan/SM61/2020,-0.101412,0.04478,0.097483,-0.092679,Avian,N8
1549_A/whooper_swan/Henan,A/whooper_swan/Henan/SM76/2020,-0.094668,0.043615,0.097191,-0.101944,Avian,N8
1550_A/whooper_swan/Henan,A/whooper_swan/Henan/SM86/2020,-0.0968,0.043527,0.094648,-0.092685,Avian,N8
1551_A/whooper_swan/Henan,A/whooper_swan/Henan/SM111/2020,-0.094668,0.043615,0.097191,-0.101944,Avian,N8
1552_A/whooper_swan/Henan,A/whooper_swan/Henan/SMQ5/2020,-0.091427,0.043646,0.088669,-0.103,Avian,N8
1553_A/whooper_swan/Henan,A/whooper_swan/Henan/SMQ7/2020,-0.087006,0.040132,0.096344,-0.110054,Avian,N8
1554_A/whooper_swan/Henan,A/whooper_swan/Henan/SMQ9/2020,-0.098873,0.04249,0.098726,-0.095594,Avian,N8
1555_A/whooper_swan/Henan,A/whooper_swan/Henan/SMQ10/2020,-0.097642,0.041482,0.099645,-0.097477,Avian,N8
1556_A/whooper_swan/Henan,A/whooper_swan/Henan/SMX1/2015(H5N1),0.147507,-0.110371,-0.064304,-0.047285,Avian,N1
1557_A/whooper_swan/Henan,A/whooper_swan/Henan/SMX3/2015(H5N1),0.146487,-0.110765,-0.061679,-0.047836,Avian,N1
1558_A/whooper_swan/Henan,A/whooper_swan/Henan/SMX4/2015(H5N1),0.147175,-0.118239,-0.060716,-0.036686,Avian,N1
1559_A/whooper_swan/Henan,A/whooper_swan/Henan/SMX9/2015(H5N1),0.146487,-0.110765,-0.061679,-0.047836,Avian,N1
1560_A/whooper_swan/Henan,A/whooper_swan/Henan/T578/2019,0.165487,-0.021249,-0.054242,-0.045891,Avian,N2
1561_A/whooper_swan/Henan,A/whooper_swan/Henan/T874/2018,0.165487,-0.021249,-0.054242,-0.045891,Avian,N2
1562_A/whooper_swan/Henan,A/whooper_swan/Henan/T880/2018,0.165487,-0.021249,-0.054242,-0.045891,Avian,N2
1563_A/whooper_swan/Henan,A/whooper_swan/Henan/T886/2018,0.165487,-0.021249,-0.054242,-0.045891,Avian,N2
1564_A/whooper_swan/Henan,A/whooper_swan/Henan/T888/2018,0.165487,-0.021249,-0.054242,-0.045891,Avian,N2
1565_A/whooper_swan/Henan,A/whooper_swan/Henan/Y120/2018,0.165487,-0.021249,-0.054242,-0.045891,Avian,N2
1566_A/whooper_swan/Inner,A/whooper_swan/Inner_Mongolia/w1-1/2020,-0.099139,0.048025,0.097949,-0.09429,Avian,N8
1567_A/Whooper_Swan/Sanme,A/Whooper_Swan/Sanmenxia/01/2016,-0.089057,0.027514,0.06419,-0.017367,Avian,N8
1568_A/Whooper_swan/Sanme,A/Whooper_swan/Sanmenxia/G2/2020,-0.086009,0.03469,0.106634,-0.1027,Avian,N8
1569_A/Whooper_swan/Sanme,A/Whooper_swan/Sanmenxia/G13/2020,-0.076007,0.042048,0.096063,-0.094679,Avian,N8
1570_A/Whooper_swan/Sanme,A/Whooper_swan/Sanmenxia/G15/2020,-0.09112,0.038939,0.097933,-0.103834,Avian,N8
1571_A/Whooper_swan/Sanme,A/Whooper_swan/Sanmenxia/G28/2020,-0.076007,0.042048,0.096063,-0.094679,Avian,N8
1572_A/Whooper_swan/Sanme,A/Whooper_swan/Sanmenxia/H1/2020,-0.087006,0.040132,0.096344,-0.110054,Avian,N8
1573_A/Whooper_swan/Sanme,A/Whooper_swan/Sanmenxia/H735/2020,-0.084582,0.032821,0.101707,-0.101262,Avian,N8
1574_A/Whooper_swan/Sanme,A/Whooper_swan/Sanmenxia/H810/2020,-0.086848,0.040005,0.096479,-0.110453,Avian,N8
1575_A/Whooper_swan/Sanme,A/Whooper_swan/Sanmenxia/Y10/2020,-0.087006,0.040132,0.096344,-0.110054,Avian,N8
1576_A/Whooper_swan/Sanme,A/Whooper_swan/Sanmenxia/Y11/2020,-0.089469,0.036715,0.097327,-0.104539,Avian,N8
1577_A/Whooper_swan/Sanme,A/Whooper_swan/Sanmenxia/Y12/2020,-0.080605,0.032285,0.102265,-0.102242,Avian,N8
1578_A/Whooper_swan/Sanme,A/Whooper_swan/Sanmenxia/Y15/2020,-0.09112,0.038939,0.097933,-0.103834,Avian,N8
1579_A/Whooper_swan/Sanme,A/Whooper_swan/Sanmenxia/Y18/2020,-0.086009,0.03469,0.106634,-0.1027,Avian,N8
1580_A/Whooper_swan/Sanme,A/Whooper_swan/Sanmenxia/Y19/2020,-0.0863,0.043615,0.096451,-0.098422,Avian,N8
1581_A/Whooper_swan/Sanme,A/Whooper_swan/Sanmenxia/Y20/2020,-0.086125,0.041333,0.095104,-0.110768,Avian,N8
1582_A/Whooper_swan/Sanme,A/Whooper_swan/Sanmenxia/Y21/2020,-0.087006,0.040132,0.096344,-0.110054,Avian,N8
1583_A/Whooper_swan/Sanme,A/Whooper_swan/Sanmenxia/Y23-2/2020,-0.094974,0.044573,0.094033,-0.091274,Avian,N8
1584_A/Whooper_swan/Sanme,A/Whooper_swan/Sanmenxia/Y27/2020,-0.0863,0.043615,0.096451,-0.098422,Avian,N8
1585_A/Whooper_swan/Sanme,A/Whooper_swan/Sanmenxia/Y36/2020,-0.094974,0.044573,0.094033,-0.091274,Avian,N8
1586_A/Whooper_swan/Sanme,A/Whooper_swan/Sanmenxia/Y48A/2020,-0.08735,0.040481,0.09599,-0.108928,Avian,N8
1587_A/Whooper_swan/Sanme,A/Whooper_swan/Sanmenxia/Y48B/2020,-0.094974,0.044573,0.094033,-0.091274,Avian,N8
1588_A/Whooper_swan/Sanme,A/Whooper_swan/Sanmenxia/Y52/2020,-0.09112,0.038939,0.097933,-0.103834,Avian,N8
1589_A/Whooper_swan/Sanme,A/Whooper_swan/Sanmenxia/Y56/2020,-0.083635,0.034891,0.103632,-0.103258,Avian,N8
1590_A/Whooper_swan/Sanme,A/Whooper_swan/Sanmenxia/Y57/2020,-0.087006,0.040132,0.096344,-0.110054,Avian,N8
1591_A/whooper_swan/Shaan,A/whooper_swan/Shaanxi/SXY2-1/2020,-0.097642,0.041482,0.099645,-0.097477,Avian,N8
1592_A/whooper_swan/Shaan,A/whooper_swan/Shaanxi/SXY26/2020,-0.093317,0.042593,0.098,-0.103902,Avian,N8
1593_A/whooper_swan/Shaan,A/whooper_swan/Shaanxi/SXY66/2020,-0.093317,0.042593,0.098,-0.103902,Avian,N8
1594_A/whooper_swan/Shand,A/whooper_swan/Shandong/SC176/2021,-0.090145,0.031177,0.108085,-0.099749,Avian,N8
1595_A/whooper_swan/Shand,A/whooper_swan/Shandong/SC185/2021,-0.090264,0.031575,0.101297,-0.098031,Avian,N8
1596_A/whooper_swan/Shand,A/whooper_swan/Shandong/SC188/2021,-0.08501,0.031245,0.104029,-0.105572,Avian,N8
1597_A/whooper_swan/Shand,A/whooper_swan/Shandong/SC195/2021,-0.084046,0.027716,0.00768,-0.071391,Avian,N8
1598_A/whooper_swan/Shand,A/whooper_swan/Shandong/SC198/2021,-0.083156,0.028043,0.103652,-0.103692,Avian,N8
1599_A/whooper_swan/Shand,A/whooper_swan/Shandong/SC199/2021,-0.088183,0.033799,0.112229,-0.109453,Avian,N8
1600_A/whooper_swan/Shand,A/whooper_swan/Shandong/SC200/2021,-0.084753,0.030804,0.104922,-0.106713,Avian,N8
1601_A/whooper_swan/Shanx,A/whooper_swan/Shanxi/4-1/2020,-0.0863,0.043615,0.096451,-0.098422,Avian,N8
1602_A/whooper_swan/Shanx,A/whooper_swan/Shanxi/4-2/2020,-0.0863,0.043615,0.096451,-0.098422,Avian,N8
1603_A/whooper_swan/Shanx,A/whooper_swan/Shanxi/14/2021,-0.101618,0.049647,0.092104,-0.092275,Avian,N1
1604_A/whooper_swan/Shanx,A/whooper_swan/Shanxi/20/2021,-0.101618,0.049647,0.092104,-0.092275,Avian,N1
1605_A/whooper_swan/Shanx,A/whooper_swan/Shanxi/RC01/2016,-0.088977,0.027716,0.064549,-0.022396,Avian,N8
1606_A/whooper_swan/Shanx,A/whooper_swan/Shanxi/SX16/2020,-0.097168,0.043368,0.094793,-0.096734,Avian,N8
1607_A/whooper_swan/Shanx,A/whooper_swan/Shanxi/SX31/2020,-0.093962,0.047098,0.097298,-0.090312,Avian,N8
1608_A/whooper_swan/Shanx,A/whooper_swan/Shanxi/SX56/2020,-0.097168,0.043368,0.094793,-0.096734,Avian,N8
1609_A/whooper_swan/Shanx,A/whooper_swan/Shanxi/SX106/2020,-0.092611,0.046075,0.098108,-0.09227,Avian,N8
1610_A/whooper_swan/Shanx,A/whooper_swan/Shanxi/SX116/2020,-0.09288,0.036221,0.007137,-0.079979,Avian,N2
1611_A/whooper_swan/Shanx,A/whooper_swan/Shanxi/SX166/2020,-0.099856,0.046025,0.090574,-0.088772,Avian,N8
1612_A/whooper_swan/Shanx,A/whooper_swan/Shanxi/SX206/2020,-0.099922,0.043945,0.094459,-0.094403,Avian,N8
1613_A/whooper_swan/Shanx,A/whooper_swan/Shanxi/SX216/2020,-0.098571,0.042923,0.095269,-0.096361,Avian,N8
1614_A/whooper_swan/Shanx,A/whooper_swan/Shanxi/SX231/2020,-0.098559,0.043316,0.094216,-0.095672,Avian,N8
1615_A/whooper_swan/Shanx,A/whooper_swan/Shanxi/SX251/2020,-0.093317,0.042593,0.098,-0.103902,Avian,N8
1616_A/whooper_swan/Shanx,A/whooper_swan/Shanxi/SX276/2020,-0.093165,0.042971,0.099947,-0.103681,Avian,N8
1617_A/whooper_swan/Shanx,A/whooper_swan/Shanxi/SX291/2020,-0.098571,0.042923,0.095269,-0.096361,Avian,N8
1618_A/whooper_swan/Shanx,A/whooper_swan/Shanxi/SX346/2020,-0.089341,0.042057,0.098558,-0.104882,Avian,N8
1619_A/Wigeon/Ningxia/476,A/Wigeon/Ningxia/476-12/2015,-0.017137,-0.031451,0.014813,0.073842,Avian,N6
1620_A/wild_bird/Eastern_,A/wild_bird/Eastern_China/1754/2017,0.14722,-0.020923,-0.014721,-0.041736,Avian,Others
1621_A/wild_bird/Eastern_,A/wild_bird/Eastern_China/1758/2017,0.185793,-0.053233,-0.011553,-0.018792,Avian,Others
1622_A/wild_bird/Eastern_,A/wild_bird/Eastern_China/1759/2017,0.147086,-0.020384,-0.016266,-0.042096,Avian,Others
1623_A/wild_bird/Hubei/12,A/wild_bird/Hubei/12.12_LGHF2W44/2016(H5N8),-0.077065,0.017782,0.083588,-0.042703,Avian,N8
1624_A/wild_bird/Hunan/01,A/wild_bird/Hunan/01.14_YYDTHF2-20-2/2016(H5N6),-0.035579,-0.028792,0.026761,0.078666,Avian,N6
1625_A/wild_bird/Hunan/01,A/wild_bird/Hunan/01.14_YYDTHF2-25-2/2016(H5N6),-0.030433,-0.02101,0.037899,0.082022,Avian,N6
1626_A/wild_bird/Hunan/02,A/wild_bird/Hunan/02.24_YYDTHF2-114-2/2016(H5N6),-0.031822,-0.023179,0.036398,0.074286,Avian,N6
1627_A/wild_bird/Hunan/02,A/wild_bird/Hunan/02.24_YYDTHF3-112/2016(H5N6),-0.03139,-0.023281,0.039316,0.073265,Avian,N6
1628_A/wild_bird/Hunan/03,A/wild_bird/Hunan/03.08_DTHF2E3-2/2018(H5N6),-0.03139,-0.023281,0.039316,0.073265,Avian,N6
1629_A/wild_bird/Taipei/0,A/wild_bird/Taipei/04WB12-522-11-15/2004,0.098111,0.0018,-0.016803,-0.091757,Avian,N6
1630_A/wild_bird/Zhejiang,A/wild_bird/Zhejiang/NBXS-1/2024,-0.120667,0.050865,0.084155,-0.066528,Avian,N6
1631_A/wild_duck/Fujian/1,A/wild_duck/Fujian/1/2011,0.193883,0.206739,0.038485,-0.063039,Avian,N1
1632_A/wild_duck/Fujian/2,A/wild_duck/Fujian/2/2011,0.193883,0.206739,0.038485,-0.063039,Avian,N1
1633_A/wild_duck/Hebei/SD,A/wild_duck/Hebei/SD012/2021(H5N1),-0.083256,0.037694,0.116363,-0.133597,Avian,N1
1634_A/wild_duck/Hunan/12,A/wild_duck/Hunan/12.28_DTHD76-1/2016(H5N7),0.139771,-0.042962,-0.004326,-0.015655,Avian,Others
1635_A/wild_duck/Jiangsu/,A/wild_duck/Jiangsu/SD019/2021,-0.078276,0.031525,0.097125,-0.106564,Avian,N8
1636_A/wild_duck/Jilin/HF,A/wild_duck/Jilin/HF/2011,0.14251,-0.077482,-0.046918,-0.07569,Avian,N1
1637_A/wild_duck/Jilin/ZF,A/wild_duck/Jilin/ZF/2011,0.1531,-0.089607,-0.048968,-0.107428,Avian,N1
1638_A/wild_duck/Shandong,A/wild_duck/Shandong/1/2011,0.163837,-0.088149,-0.0246,0.003187,Avian,N1
1639_A/wild_duck/Shandong,A/wild_duck/Shandong/2/2011,0.138879,-0.075628,-0.050706,-0.103634,Avian,N1
1640_A/wild_duck/Shandong,A/wild_duck/Shandong/628/2011,-0.031254,-0.027766,0.049979,0.02579,Avian,N1
1641_A/wild_duck/Shandong,A/wild_duck/Shandong/SC177/2021,-0.08501,0.031245,0.104029,-0.105572,Avian,N8
1642_A/wild_goose/Shandon,A/wild_goose/Shandong/SC196/2021,-0.088183,0.033799,0.112229,-0.109453,Avian,N8
1643_A/wild_pigeon/Jilin/,A/wild_pigeon/Jilin/CC01/2014,-0.004432,-0.054613,0.01988,0.062995,Avian,N6
1644_A/wildfowl/China/472,A/wildfowl/China/472/2014,0.13458,-0.066243,-0.008519,-0.029561,Avian,N2
1645_A/Xinjiang/1/2006|EP,A/Xinjiang/1/2006,0.051481,-0.049569,-0.032078,-0.054908,Human,N1
1646_A/Xinjiang/1/2009|EP,A/Xinjiang/1/2009,0.087066,-0.075252,-0.019791,-0.043882,Human,N1
1647_A/Yunnan/14563/2015|,A/Yunnan/14563/2015,-0.031645,-0.064083,0.033112,0.068961,Human,N6
1648_A/Yunnan/DQ002/2015(,A/Yunnan/DQ002/2015(H5N6),-0.012398,-0.080625,0.047767,0.060005,Human,N6
1649_A/Zhejiang/1/2006|EP,A/Zhejiang/1/2006,0.089259,-0.086043,-0.025369,-0.028986,Human,N1
1650_A/Anas_platyrhynchos,A/Anas_platyrhynchos/jiujiang/H5N1/2024_H5N1,-0.092671,0.049646,0.072926,-0.069712,Avian,N1
1651_A/Anas_crecca/Hubei/,A/Anas_crecca/Hubei/Chenhu1623-5/2014_H5N6,0.007581,-0.043596,0.072734,0.033165,Avian,N6
1652_A/Anhui/1/2006_H5N1|,A/Anhui/1/2006_H5N1,0.097716,-0.090695,-0.025703,-0.02461,Human,N1
1653_A/Anhui/1/2007_H5N1|,A/Anhui/1/2007_H5N1,0.077397,-0.087582,-0.012679,-0.020979,Human,N1
1654_A/Anhui/2/2005_H5N1|,A/Anhui/2/2005_H5N1,0.105295,-0.089116,-0.036115,-0.020146,Human,N1
1655_A/Anser_cygnoides/Ch,A/Anser_cygnoides/China/P126/2015_H5N1,-0.040181,-0.016403,0.043501,0.067993,Avian,N1
1656_A/Anser_cygnoides/Hu,A/Anser_cygnoides/Hubei/FW44/2016_H5N8,-0.083494,0.016476,0.07537,-0.035795,Avian,N8
1657_A/Anser_fabalis/jiuj,A/Anser_fabalis/jiujiang/H5N1/2024_H5N1,-0.095349,0.046562,0.068703,-0.072701,Avian,N1
1658_A/Anser_fabalis/jiuj,A/Anser_fabalis/jiujiang/H5N1/2024_H5N1,-0.108521,0.053275,0.086058,-0.080513,Avian,N1
1659_A/Anser_fabalis/jiuj,A/Anser_fabalis/jiujiang/H5N1/2024_H5N1,-0.095349,0.046562,0.068703,-0.072701,Avian,N1
1660_A/Bulbul/Taiwan/0115,A/Bulbul/Taiwan/01156/2015_H5N3,-0.071917,0.065181,-0.114275,0.018767,Avian,Others
1661_A/Changsha/1/2014_H5,A/Changsha/1/2014_H5N6,-0.0215,-0.02107,0.034521,0.051465,Human,N6
1662_A/China/Original/201,A/China/Original/2018_H5N6,0.028488,-0.038772,-0.005852,0.058431,Human,N6
1663_A/Chlidonias_hybrida,A/Chlidonias_hybrida/Hubei/55/2020_H5N8,-0.087006,0.040132,0.096344,-0.110054,Avian,N8
1664_A/Commom_Teal/Ningxi,A/Commom_Teal/Ningxia/474-9/2015_H5N6,-0.01713,-0.032127,0.014769,0.073983,Avian,N6
1665_A/Copsychus_saularis,A/Copsychus_saularis/Guangdong/SW8/2014_H5N6,-0.018493,-0.020351,0.043568,0.040411,Avian,N6
1666_A/Cygnus_atratus/Hub,A/Cygnus_atratus/Hubei/2Z2-O/2016_H5N8,-0.090503,0.022704,0.066448,-0.026633,Avian,N8
1667_A/Cygnus_atratus/Hub,A/Cygnus_atratus/Hubei/HF-1/2016_H5N8,-0.091767,0.026673,0.06824,-0.021227,Avian,N8
1668_A/Cygnus_columbianus,A/Cygnus_columbianus/Hubei/116/2020_H5N8,-0.083392,0.037814,0.088718,-0.106595,Avian,N8
1669_A/Cygnus_columbianus,A/Cygnus_columbianus/Hubei/49/2020_H5N8,-0.086313,0.045928,0.090867,-0.112877,Avian,N8
1670_A/Cygnus_columbianus,A/Cygnus_columbianus/Hubei/50/2020_H5N8,-0.083205,0.034941,0.100211,-0.097778,Avian,N8
1671_A/Cygnus_columbianus,A/Cygnus_columbianus/Hubei/51/2020_H5N8,-0.087024,0.038634,0.095837,-0.109805,Avian,N8
1672_A/Cygnus_columbianus,A/Cygnus_columbianus/Hubei/52/2020_H5N8,-0.085009,0.041333,0.097425,-0.11113,Avian,N8
1673_A/Cygnus_columbianus,A/Cygnus_columbianus/Hubei/53/2020_H5N8,-0.087006,0.040132,0.096344,-0.110054,Avian,N8
1674_A/Cygnus_columbianus,A/Cygnus_columbianus/Hubei/56/2020_H5N8,-0.087507,0.038075,0.092548,-0.10876,Avian,N8
1675_A/Duck/Dongting/D76-,A/Duck/Dongting/D76-1/2016_H5N7,0.13809,-0.04436,0.000103,-0.020413,Avian,Others
1676_A/Duck/Jiangxi/631/2,A/Duck/Jiangxi/631/2024_H5N1,-0.100192,0.048015,0.076002,-0.074721,Avian,N1
1677_A/Falcated_Duck/Ning,A/Falcated_Duck/Ningxia/484-29/2015_H5N6,-0.018375,-0.031651,0.016337,0.072942,Avian,N6
1678_A/Ferruginous_Pochar,A/Ferruginous_Pochard/Ningxia/480-17/2015_H5N6,-0.018375,-0.031651,0.016337,0.072942,Avian,N6
1679_A/Gadwall/Ningxia/47,A/Gadwall/Ningxia/472-7/2015_H5N6,-0.029276,-0.029272,0.02089,0.071549,Avian,N6
1680_A/Gallinula_chloropu,A/Gallinula_chloropus/Guangdong/GZ174/2014_H5N6,-0.025792,-0.019554,0.027366,0.073706,Avian,N6
1681_A/Guangdong/1/2008_H,A/Guangdong/1/2008_H5N1,0.157201,-0.088784,-0.043658,-0.019677,Human,N1
1682_A/Guangdong/2/2006_H,A/Guangdong/2/2006_H5N1,0.07886,-0.08001,-0.011501,-0.011973,Human,N1
1683_A/Guangdong/lgf/2021,A/Guangdong/lgf/2021_H5N6,-0.084765,0.045651,0.087979,-0.102992,Human,N6
1684_A/Guangxi/1/2005_H5N,A/Guangxi/1/2005_H5N1,0.077943,-0.087114,-0.031717,-0.012569,Human,N1
1685_A/Guangxi/1/2008_H5N,A/Guangxi/1/2008_H5N1,0.065922,-0.061302,-0.024602,-0.02836,Human,N1
1686_A/Guangzhou/39715/20,A/Guangzhou/39715/2014_H5N6,-0.026422,-0.034081,0.024512,0.070997,Human,N6
1687_A/Guizhou/1/2009_H5N,A/Guizhou/1/2009_H5N1,0.092847,-0.076452,-0.024155,-0.050698,Human,N1
1688_A/Hunan/1/2008_H5N1|,A/Hunan/1/2008_H5N1,0.094525,-0.065886,-0.042672,-0.033805,Human,N1
1689_A/Hunan/2/2009_H5N1|,A/Hunan/2/2009_H5N1,0.097297,-0.070961,-0.019019,-0.04936,Human,N1
1690_A/Japanese_white-eye,A/Japanese_white-eye/Taoyuan/Q454/2012_H5N1,0.1443,-0.091387,-0.035476,-0.071551,Avian,N1
1691_A/Nanjing/1/2015_H5N,A/Nanjing/1/2015_H5N1,0.137971,-0.101176,-0.031049,-0.074503,Human,N1
1692_A/Northern_Shoveler/,A/Northern_Shoveler/Ningxia/488-53/2015_H5N6,-0.017079,-0.031499,0.01522,0.071868,Avian,N6
1693_A/Pavo_cristatus/Chi,A/Pavo_cristatus/China/JS02/2018_H5N6,-0.029886,-0.002279,-0.017559,0.034929,Avian,N6
1694_A/Pavo_cristatus/Chi,A/Pavo_cristatus/China/K10/2018_H5N6,-0.029886,-0.002279,-0.017559,0.034929,Avian,N6
1695_A/Pavo_cristatus/Jia,A/Pavo_cristatus/Jiangxi/JA1/2016_H5N6,0.007663,-0.026362,0.014558,0.073324,Avian,N6
1696_A/Rattus_norvegicus/,A/Rattus_norvegicus/China/FS21/2021_H5N6,-0.025609,0.022305,-0.035052,0.011789,Nonhuman Mammal,N6
1697_A/Shandong/1/2009_H5,A/Shandong/1/2009_H5N1,0.131575,-0.089415,-0.036183,-0.011478,Human,N1
1698_A/Spatula_querquedul,A/Spatula_querquedula/chongming/H5N1/2024_H5N1,-0.092671,0.049646,0.072926,-0.069712,Avian,N1
1699_A/Syrrhaptes_paradox,A/Syrrhaptes_paradoxus/Guangdong/ZH283/2015_H5N6,-0.03247,-0.023969,0.017173,0.067124,Avian,N6
1700_A/Taiwan/DV413/2006_,A/Taiwan/DV413/2006_H5N2,0.025631,0.037129,-0.039391,-0.080784,Avian,N2
1701_A/Taiwan/DV518/2006_,A/Taiwan/DV518/2006_H5N2,0.026259,0.037302,-0.04,-0.080475,Avian,N2
1702_A/Whooper_Swan/Sanme,A/Whooper_Swan/Sanmenxia/01/2016_H5N8,-0.089057,0.027514,0.06419,-0.017367,Avian,N8
1703_A/Wild_bird/Huadong/,A/Wild_bird/Huadong/CIXI20/2020_H5N8,0.095578,0.313099,0.195943,-0.031607,Avian,N8
1704_A/Wild_bird/Huadong/,A/Wild_bird/Huadong/CM120/2017_H5N1,0.16872,-0.115282,-0.023169,-0.03865,Avian,N1
1705_A/Wild_bird/Huadong/,A/Wild_bird/Huadong/DF10/2019_H5N6,0.008825,-0.016349,-0.001679,0.021889,Avian,N6
1706_A/Wild_bird/Huadong/,A/Wild_bird/Huadong/DT10/2019_H5N1,0.121105,-0.096914,-0.04059,-0.00944,Avian,N1
1707_A/Wild_bird/Huadong/,A/Wild_bird/Huadong/GY116/2019_H5N6,0.008837,-0.010776,-0.005181,0.023178,Avian,N6
1708_A/Wild_bird/Huadong/,A/Wild_bird/Huadong/GY183/2017_H5N6,0.006215,-0.025454,-0.037559,0.089558,Avian,N6
1709_A/Wild_bird/Huadong/,A/Wild_bird/Huadong/GY999/2017_H5N6,-0.021053,-0.030594,0.026219,0.086243,Avian,N6
1710_A/Wild_bird/Huadong/,A/Wild_bird/Huadong/JYWB4/2013_H5N1,0.137313,-0.091127,-0.049819,-0.079116,Avian,N1
1711_A/Wild_bird/Huadong/,A/Wild_bird/Huadong/QP10/2016_H5N6,0.006231,-0.00562,-0.016758,0.047858,Avian,N6
1712_A/Wild_bird/Huadong/,A/Wild_bird/Huadong/SH17/2019_H5N6,0.019687,-0.008904,-0.04386,0.010778,Avian,N6
1713_A/Wild_bird/Huadong/,A/Wild_bird/Huadong/SSW7/2017_H5N6,0.007877,-0.040349,0.008974,0.094194,Avian,N6
1714_A/Wild_bird/Huadong/,A/Wild_bird/Huadong/SZ1111/2016_H5N6,0.066463,-0.053422,-0.054116,0.016623,Avian,N6
1715_A/Wild_bird/Huadong/,A/Wild_bird/Huadong/YC148/2019_H5N6,0.015558,-0.057698,0.036618,0.084512,Avian,N6
1716_A/Wild_bird/Huadong/,A/Wild_bird/Huadong/YX68/2019_H5N6,0.005492,-0.015101,-0.008648,0.017535,Avian,N6
1717_A/Xinjiang/1/2009_H5,A/Xinjiang/1/2009_H5N1,0.087066,-0.075252,-0.019791,-0.043882,Human,N1
1718_A/Yangzhou/125/2022_,A/Yangzhou/125/2022_H5N6,-0.088274,0.047538,0.098996,-0.120847,Human,N6
1719_A/avian/Hong_Kong/07,A/avian/Hong_Kong/0719/2007_H5N1,0.077316,-0.067733,-0.020684,-0.024698,Avian,N1
1720_A/avian/Hong_Kong/19,A/avian/Hong_Kong/1993/2007_H5N1,0.080748,-0.078952,-0.017343,-0.018691,Avian,N1
1721_A/avian/Hong_Kong/23,A/avian/Hong_Kong/2372/2007_H5N1,0.078149,-0.07783,-0.012788,-0.020668,Avian,N1
1722_A/baikal_teal/Xiangh,A/baikal_teal/Xianghai/426/2011_H5N2,0.150363,-0.037465,0.006006,-0.060198,Avian,N2
1723_A/bar-headed_goose/Q,A/bar-headed_goose/Qinghai/1-HVRI/2006_H5N1,0.097359,-0.0814,-0.01291,-0.041257,Avian,N1
1724_A/bar-headed_goose/T,A/bar-headed_goose/Tibet/8/2006_H5N1,0.084227,-0.077863,-0.010557,-0.035334,Avian,N1
1725_A/black_chicken/Jian,A/black_chicken/Jiangxi/10129/2014_H5N6,0.011058,-0.038725,0.085693,0.027001,Avian,N6
1726_A/brown-headed_gull/,A/brown-headed_gull/Qinghai/19/2009_H5N1,0.118378,-0.067011,-0.047427,-0.116223,Avian,N1
1727_A/brown-headed_gull/,A/brown-headed_gull/Qinghai/9/2009_H5N1,0.116849,-0.071607,-0.039965,-0.128015,Avian,N1
1728_A/canvasback/Xiangha,A/canvasback/Xianghai/428/2011_H5N2,0.143996,-0.049405,0.023601,-0.050474,Avian,N2
1729_A/cat/Sichuan/SC18/2,A/cat/Sichuan/SC18/2014_H5N6,0.012158,-0.041828,0.081049,0.027997,Nonhuman Mammal,N6
1730_A/cat/Zhejiang/C1/20,A/cat/Zhejiang/C1/2016_H5N6,-0.000869,-0.022275,-0.008674,0.063656,Nonhuman Mammal,N6
1731_A/cat/Zhejiang/C2/20,A/cat/Zhejiang/C2/2016_H5N6,-0.052381,-0.017813,0.033791,0.059271,Nonhuman Mammal,N6
1732_A/chicken/Anhui/MZ33,A/chicken/Anhui/MZ33/2016_H5N6,-0.024714,-0.020581,-0.029964,0.079699,Avian,N6
1733_A/chicken/Anhui/MZ34,A/chicken/Anhui/MZ34/2016_H5N6,-0.023681,-0.021568,-0.027902,0.077737,Avian,N6
1734_A/chicken/Beijing/BJ,A/chicken/Beijing/BJ7/2014_H5N2,0.122947,-0.085128,0.035623,0.020681,Avian,N2
1735_A/chicken/CH/a556/20,A/chicken/CH/a556/2015_H5N2,0.508184,0.645815,0.127376,0.121139,Avian,N2
1736_A/chicken/Changhua/1,A/chicken/Changhua/15010120-1/2015_H5N2,-0.067534,0.071474,-0.107003,0.00734,Avian,N2
1737_A/chicken/Changhua/1,A/chicken/Changhua/15010288/2015_H5N2,-0.068399,0.074491,-0.109697,0.005292,Avian,N2
1738_A/chicken/Changhua/1,A/chicken/Changhua/15010324-2/2015_H5N2,-0.067668,0.072594,-0.108441,0.006869,Avian,N2
1739_A/chicken/Changhua/1,A/chicken/Changhua/15010361-1/2015_H5N2,-0.067224,0.072384,-0.108823,0.005816,Avian,N2
1740_A/chicken/Changhua/1,A/chicken/Changhua/15010362-2/2015_H5N2,-0.067224,0.072384,-0.108823,0.005816,Avian,N2
1741_A/chicken/Changhua/1,A/chicken/Changhua/15010363-2/2015_H5N2,-0.067089,0.071264,-0.107384,0.006287,Avian,N2
1742_A/chicken/Changhua/1,A/chicken/Changhua/15040036-1/2015_H5N8,-0.070016,0.061034,-0.108756,0.018462,Avian,N8
1743_A/chicken/Changhua/1,A/chicken/Changhua/15040037-2/2015_H5N8,-0.072551,0.063422,-0.111386,0.010005,Avian,N8
1744_A/chicken/Changhua/1,A/chicken/Changhua/15040042/2015_H5N8,-0.065838,0.067664,-0.115288,0.013177,Avian,N8
1745_A/chicken/Changhua/1,A/chicken/Changhua/15040043-1/2015_H5N8,-0.069671,0.067548,-0.115264,0.014007,Avian,N8
1746_A/chicken/Changhua/1,A/chicken/Changhua/15050013-1/2015_H5N2,-0.065386,0.079621,-0.11423,0.013108,Avian,N2
1747_A/chicken/Changhua/1,A/chicken/Changhua/15050038-1/2015_H5N8,-0.036283,0.043265,-0.110643,0.017984,Avian,N8
1748_A/chicken/Changhua/1,A/chicken/Changhua/15060027-2/2015_H5N2,-0.066336,0.070746,-0.103551,0.016077,Avian,N2
1749_A/chicken/Changhua/1,A/chicken/Changhua/15060029/2015_H5N8,-0.030114,0.042639,-0.104729,0.003267,Avian,N8
1750_A/chicken/Changhua/1,A/chicken/Changhua/15060037-1/2015_H5N2,-0.068626,0.078665,-0.116971,0.01438,Avian,N2
1751_A/chicken/Changhua/1,A/chicken/Changhua/15120008/2015_H5N2,-0.067577,0.079941,-0.095406,0.00437,Avian,N2
1752_A/chicken/Changhua/1,A/chicken/Changhua/16010060-2/2016_H5N2,-0.072314,0.065216,-0.117338,0.008506,Avian,N2
1753_A/chicken/Changhua/1,A/chicken/Changhua/17060006/2017_H5N2,-0.076193,0.075727,-0.128283,-0.010146,Avian,N2
1754_A/chicken/Changhua/1,A/chicken/Changhua/18040008-1/2018_H5N2,-0.074152,0.078087,-0.127184,-0.049745,Avian,N2
1755_A/chicken/Chiayi/150,A/chicken/Chiayi/15010287-2/2015_H5N2,-0.068399,0.074491,-0.109697,0.005292,Avian,N2
1756_A/chicken/Chiayi/150,A/chicken/Chiayi/15010409-2/2015_H5N2,-0.067224,0.072384,-0.108823,0.005816,Avian,N2
1757_A/chicken/Chiayi/150,A/chicken/Chiayi/15010454-1/2015_H5N8,-0.035526,0.043832,-0.10703,0.017384,Avian,N8
1758_A/chicken/Chiayi/170,A/chicken/Chiayi/17040009-2/2017_H5N2,-0.074408,0.079749,-0.121959,-0.03106,Avian,N2
1759_A/chicken/Chiayi/181,A/chicken/Chiayi/18120003-1/2018_H5N2,-0.065262,0.074301,-0.106067,-0.066134,Avian,N2
1760_A/chicken/China/007/,A/chicken/China/007/2019_H5N6,0.038913,-0.043369,0.013332,0.045866,Avian,N6
1761_A/chicken/China/1101,A/chicken/China/1101/2019_H5N6,0.019423,0.007184,0.00608,0.016035,Avian,N6
1762_A/chicken/China/Cang,A/chicken/China/Cangzhou03/2023_H5N1,-0.10568,0.057643,0.068153,-0.089187,Avian,N1
1763_A/chicken/China/E93/,A/chicken/China/E93/2012_H5N1,0.14429,-0.070729,-0.022994,-0.020892,Avian,N1
1764_A/chicken/China/E96/,A/chicken/China/E96/2012_H5N1,0.15132,-0.078778,-0.026437,0.003839,Avian,N1
1765_A/chicken/Chiping/03,A/chicken/Chiping/0321/2014_H5N2,0.116363,-0.086604,0.015045,0.019768,Avian,N2
1766_A/chicken/Dongguan/2,A/chicken/Dongguan/2690/2013_H5N6,-0.028698,-0.029522,0.027169,0.070843,Avian,N6
1767_A/chicken/Dongguan/3,A/chicken/Dongguan/3363/2013_H5N6,-0.023854,-0.02882,0.026103,0.064455,Avian,N6
1768_A/chicken/Dongguan/4,A/chicken/Dongguan/4259/2013_H5N6,-0.02797,-0.028215,0.027061,0.072875,Avian,N6
1769_A/chicken/Eastern_Ch,A/chicken/Eastern_China/HF9/2018_H5N2,0.135524,-0.102154,-0.029273,-0.070867,Avian,N2
1770_A/chicken/Eastern_Ch,A/chicken/Eastern_China/QY5/2018_H5N2,0.139728,-0.101493,-0.028657,-0.076898,Avian,N2
1771_A/chicken/Eastern_Ch,A/chicken/Eastern_China/ZG16/2010_H5N1,0.128145,-0.082266,-0.033971,-0.038797,Avian,N1
1772_A/chicken/Eastern_Ch,A/chicken/Eastern_China/ZG56/2011_H5N1,0.094532,-0.052854,-0.053528,-0.02421,Avian,N1
1773_A/chicken/Fujian/1/2,A/chicken/Fujian/1/2007_H5N1,0.080622,-0.095227,-0.020792,0.002756,Avian,N1
1774_A/chicken/Fujian/11.,A/chicken/Fujian/11.23_FZHX0007-O/2017_H5N6,-0.032722,-0.005914,-0.014388,0.04421,Avian,N6
1775_A/chicken/GY/a451/20,A/chicken/GY/a451/2015_H5N2,0.491188,0.609001,0.137747,0.115872,Avian,N2
1776_A/chicken/Gansu/5/20,A/chicken/Gansu/5/2012_H5N1,0.173583,-0.076714,-0.052124,0.00415,Avian,N1
1777_A/chicken/Gansu/6/20,A/chicken/Gansu/6/2012_H5N1,0.172931,-0.068966,-0.035661,-0.03502,Avian,N1
1778_A/chicken/Ganzhou/GZ,A/chicken/Ganzhou/GZ27/2015_H5N6,-0.002106,-0.030018,0.024187,0.075915,Avian,N6
1779_A/chicken/Guangdong/,A/chicken/Guangdong/1/2005_H5N1,0.115079,-0.097696,-0.026861,-0.066961,Avian,N1
1780_A/chicken/Guangdong/,A/chicken/Guangdong/GD1602/2016_H5N6,-0.024055,-0.021096,-0.025327,0.078203,Avian,N6
1781_A/chicken/Guangxi/16,A/chicken/Guangxi/16/2019_H5N6,0.146345,-0.10641,-0.02508,0.000706,Avian,N6
1782_A/chicken/Guangxi/S2,A/chicken/Guangxi/S2039/2009_H5N1,0.0383,-0.047338,-0.062379,-0.098668,Avian,N1
1783_A/chicken/Guizhou/7/,A/chicken/Guizhou/7/2008_H5N1,0.082334,-0.059595,-0.021069,-0.019016,Avian,N1
1784_A/chicken/Hebei/1102,A/chicken/Hebei/1102-MA/2010_H5N2,0.062445,-0.061023,0.041433,-0.012864,Avian,N2
1785_A/chicken/Hebei/1102,A/chicken/Hebei/1102/2010_H5N2,0.063664,-0.062672,0.043036,-0.013313,Avian,N2
1786_A/chicken/Hebei/3/20,A/chicken/Hebei/3/2013_H5N2,0.131443,-0.078171,-0.025525,-0.005212,Avian,N2
1787_A/chicken/Hebei/A-8/,A/chicken/Hebei/A-8/2009_H5N1,0.147064,-0.090819,-0.020698,-0.023557,Avian,N1
1788_A/chicken/Heilongjia,A/chicken/Heilongjiang/S7/2014_H5N2,0.126601,-0.066182,0.018252,-0.012383,Avian,N2
1789_A/chicken/Henan/A-7/,A/chicken/Henan/A-7/2006_H5N1,0.134117,-0.120056,0.014348,-0.014783,Avian,N1
1790_A/chicken/Henan/Q7/2,A/chicken/Henan/Q7/2013_H5N2,0.131555,-0.093087,0.009589,0.022907,Avian,N2
1791_A/chicken/Henan/YB05,A/chicken/Henan/YB0597/2016_H5N6,-0.020936,-0.027241,-0.029432,0.083487,Avian,N6
1792_A/chicken/Hsinchu/16,A/chicken/Hsinchu/16080004-2/2016_H5N2,-0.080775,0.075305,-0.117396,0.011405,Avian,N2
1793_A/chicken/Huadong/4/,A/chicken/Huadong/4/2008_H5N1,0.160428,-0.097505,-0.029024,-0.009551,Avian,N1
1794_A/chicken/Hubei/2856,A/chicken/Hubei/2856/2007_H5N1,0.100782,-0.062263,-0.025629,-0.014786,Avian,N1
1795_A/chicken/Hubei/ZYSJ,A/chicken/Hubei/ZYSJF11/2016_H5N6,-0.017651,-0.027592,-0.03145,0.081898,Avian,N6
1796_A/chicken/Hubei/ZYSJ,A/chicken/Hubei/ZYSJF16/2016_H5N6,-0.017651,-0.027592,-0.03145,0.081898,Avian,N6
1797_A/chicken/Hubei/ZYSJ,A/chicken/Hubei/ZYSJF38/2016_H5N6,-0.017651,-0.027592,-0.03145,0.081898,Avian,N6
1798_A/chicken/Hunan/02.0,A/chicken/Hunan/02.06_YYGK37J3-OC/2018_H5N6,0.024691,-0.0468,0.019683,0.047652,Avian,N6
1799_A/chicken/Hunan/03.0,A/chicken/Hunan/03.07_YYGK74L3-OC/2018_H5N6,0.020757,-0.030145,-0.012937,0.075962,Avian,N6
1800_A/chicken/Hunan/12.2,A/chicken/Hunan/12.27_YYGK55J2-O/2016_H5N6,-0.039023,-0.022734,0.018224,0.067947,Avian,N6
1801_A/chicken/Hunan/12.2,A/chicken/Hunan/12.27_YYGKK148-OC/2016_H5N6,0.007492,-0.035991,0.039152,0.03338,Avian,N6
1802_A/chicken/Hunan/1793,A/chicken/Hunan/1793/2007_H5N1,0.086076,-0.090782,-0.013164,-0.015445,Avian,N1
1803_A/chicken/Hunan/21/2,A/chicken/Hunan/21/2005_H5N1,0.093562,-0.088064,-0.034982,-0.022879,Avian,N1
1804_A/chicken/Hunan/3/20,A/chicken/Hunan/3/2007_H5N1,0.116507,-0.053431,-0.073581,-0.125143,Avian,N1
1805_A/chicken/Hunan/3157,A/chicken/Hunan/3157/2006_H5N1,0.085448,-0.070924,-0.011417,-0.030684,Avian,N1
1806_A/chicken/Hunan/8/20,A/chicken/Hunan/8/2008_H5N1,0.121406,-0.070277,-0.075536,-0.094348,Avian,N1
1807_A/chicken/Jiangsu/10,A/chicken/Jiangsu/1001/2013_H5N2,0.139711,-0.068273,-0.032041,0.026968,Avian,N2
1808_A/chicken/Jiangsu/18,A/chicken/Jiangsu/18/2008_H5N1,0.157362,-0.093815,-0.025966,0.00231,Avian,N1
1809_A/chicken/Jiangsu/24,A/chicken/Jiangsu/2477/2014_H5N1,0.128558,-0.096306,-0.027732,-0.07909,Avian,N1
1810_A/chicken/Jiangsu/92,A/chicken/Jiangsu/927/2013_H5N1,0.131513,-0.076693,-0.060968,-0.075859,Avian,N1
1811_A/chicken/Jiangsu/XZ,A/chicken/Jiangsu/XZ216/2014_H5N2,0.15427,-0.086322,-0.023871,-0.005663,Avian,N2
1812_A/chicken/Jiangsu/YB,A/chicken/Jiangsu/YB7/2015_H5N1,0.167896,-0.119183,-0.028375,-0.060571,Avian,N1
1813_A/chicken/Jiangsu/k0,A/chicken/Jiangsu/k0402/2010_H5N1,0.106387,-0.052694,-0.041201,-0.122252,Avian,N1
1814_A/chicken/Jiangxi/25,A/chicken/Jiangxi/25/2011_H5N1,0.029653,-0.028863,-0.049489,-0.119612,Avian,N1
1815_A/chicken/Jiangxi/NC,A/chicken/Jiangxi/NCDZT1123/2014_H5N6,-0.032745,-0.03197,0.037145,0.073785,Avian,N6
1816_A/chicken/Jiangxi/NC,A/chicken/Jiangxi/NCDZT1126/2014_H5N6,-0.029059,-0.035642,0.039652,0.055548,Avian,N6
1817_A/chicken/Jiangyin/J,A/chicken/Jiangyin/JY090718/2019_H5N6,0.03375,-0.03504,-0.002938,0.068255,Avian,N6
1818_A/chicken/Kaohsiung/,A/chicken/Kaohsiung/16010047/2016_H5N8,-0.03646,0.06416,-0.130992,-0.005624,Avian,N8
1819_A/chicken/Kaohsiung/,A/chicken/Kaohsiung/16020017-2/2016_H5N8,-0.05621,0.06503,-0.109051,-0.004039,Avian,N8
1820_A/chicken/Kaohsiung/,A/chicken/Kaohsiung/16040021-1/2016_H5N8,-0.052765,0.07125,-0.111475,-0.004161,Avian,N8
1821_A/chicken/Kaohsiung/,A/chicken/Kaohsiung/16070003/2016_H5N8,-0.05888,0.069872,-0.114203,-0.000858,Avian,N8
1822_A/chicken/Kaohsiung/,A/chicken/Kaohsiung/16120012/2016_H5N8,-0.048877,0.067519,-0.109414,-0.011524,Avian,N8
1823_A/chicken/Kaohsiung/,A/chicken/Kaohsiung/16MB0889/2016_H5N8,-0.052765,0.07125,-0.111475,-0.004161,Avian,N8
1824_A/chicken/Kaohsiung/,A/chicken/Kaohsiung/17030023/2017_H5N8,-0.057053,0.064065,-0.110164,0.004672,Avian,N8
1825_A/chicken/Kaohsiung/,A/chicken/Kaohsiung/17040007/2017_H5N2,-0.075196,0.07771,-0.132942,-0.017478,Avian,N2
1826_A/chicken/Kaohsiung/,A/chicken/Kaohsiung/17100002/2017_H5N2,-0.08161,0.094622,-0.120684,-0.051757,Avian,N2
1827_A/chicken/Kaohsiung/,A/chicken/Kaohsiung/18080004-1/2018_H5N2,-0.043806,0.065925,-0.140136,-0.017687,Avian,N2
1828_A/chicken/Kaohsiung/,A/chicken/Kaohsiung/18080004-2/2018_H5N2,-0.047712,0.073085,-0.140586,-0.026006,Avian,N2
1829_A/chicken/Liaoning/2,A/chicken/Liaoning/23/2005_H5N1,0.080976,-0.072279,-0.022488,-0.038019,Avian,N1
1830_A/chicken/Liaoning/A,A/chicken/Liaoning/A-1/2007_H5N1,0.134217,-0.109095,0.000706,0.00528,Avian,N1
1831_A/chicken/Liaoning/S,A/chicken/Liaoning/S4092/2011_H5N1,0.154974,-0.084963,-0.02549,0.012063,Avian,N1
1832_A/chicken/Miaoli/150,A/chicken/Miaoli/15010421-1/2015_H5N8,-0.06391,0.064106,-0.111709,0.012793,Avian,N8
1833_A/chicken/Nantou/161,A/chicken/Nantou/16110023-1/2016_H5N8,-0.056853,0.068246,-0.109343,0.007503,Avian,N8
1834_A/chicken/New_Taipei,A/chicken/New_Taipei_City/16110019-1/2016_H5N8,-0.060146,0.069568,-0.110129,0.000825,Avian,N8
1835_A/chicken/New_Taipei,A/chicken/New_Taipei_City/16110020-2/2016_H5N8,-0.064083,0.070347,-0.112271,0.003861,Avian,N8
1836_A/chicken/New_Taipei,A/chicken/New_Taipei_City/17040002-2/2017_H5N2,-0.053048,0.072269,-0.126997,0.012691,Avian,N2
1837_A/chicken/New_Taipei,A/chicken/New_Taipei_City/17050004-2/2017_H5N8,-0.03645,0.039705,-0.106289,-0.005675,Avian,N8
1838_A/chicken/New_Taipei,A/chicken/New_Taipei_City/17090001/2017_H5N8,-0.050959,0.030952,-0.098861,0.002888,Avian,N8
1839_A/chicken/New_Taipei,A/chicken/New_Taipei_City/17090002/2017_H5N8,-0.051111,0.030944,-0.099986,0.003185,Avian,N8
1840_A/chicken/New_Taipei,A/chicken/New_Taipei_City/17090003/2017_H5N8,-0.051111,0.030944,-0.099986,0.003185,Avian,N8
1841_A/chicken/New_Taipei,A/chicken/New_Taipei_City/18010021-3/2018_H5N2,-0.071589,0.088031,-0.135765,-0.022251,Avian,N2
1842_A/chicken/Ningxia/2/,A/chicken/Ningxia/2/2012_H5N1,0.174439,-0.078304,-0.05272,0.004368,Avian,N1
1843_A/chicken/Ningxia/22,A/chicken/Ningxia/222/2012_H5N1,0.172348,-0.07707,-0.053066,0.006865,Avian,N1
1844_A/chicken/Ningxia/24,A/chicken/Ningxia/24/2006_H5N1,0.109592,-0.112201,0.007099,-0.016665,Avian,N1
1845_A/chicken/North_Chin,A/chicken/North_China/k0604/2010_H5N1,0.108522,-0.096769,-0.020055,-0.023436,Avian,N1
1846_A/chicken/PH/A2821/2,A/chicken/PH/A2821/2013_H5N2,0.298538,0.356541,0.125521,0.07129,Avian,N2
1847_A/chicken/PT/a158/20,A/chicken/PT/a158/2015_H5N2,0.484137,0.60984,0.140351,0.108641,Avian,N2
1848_A/chicken/Pingtung/1,A/chicken/Pingtung/15050006-1/2015_H5N2,-0.06716,0.071536,-0.109823,0.003843,Avian,N2
1849_A/chicken/Pingtung/1,A/chicken/Pingtung/16020009-3/2016_H5N2,-0.068056,0.080043,-0.102754,-0.003976,Avian,N2
1850_A/chicken/Pingtung/1,A/chicken/Pingtung/18010017-1/2018_H5N2,-0.075758,0.091355,-0.143775,-0.028072,Avian,N2
1851_A/chicken/Pingtung/1,A/chicken/Pingtung/18020015-1/2018_H5N2,-0.073489,0.08828,-0.119973,-0.036724,Avian,N2
1852_A/chicken/Qingdao/1/,A/chicken/Qingdao/1/2014_H5N2,0.127782,-0.093617,0.004981,0.014815,Avian,N2
1853_A/chicken/SC/a688/20,A/chicken/SC/a688/2015_H5N2,0.501736,0.608136,0.130655,0.105162,Avian,N2
1854_A/chicken/Shandong/A,A/chicken/Shandong/A-10/2006_H5N1,0.13288,-0.134149,-0.005392,0.016593,Avian,N1
1855_A/chicken/Shandong/S,A/chicken/Shandong/S3/2014_H5N2,0.133789,-0.094176,0.006877,0.008847,Avian,N2
1856_A/chicken/Shantou/37,A/chicken/Shantou/3744/2003_H5N1,0.082201,-0.071196,-0.036856,-0.056305,Avian,N1
1857_A/chicken/Shanxi/04.,A/chicken/Shanxi/04.28_TGRL001-O/2018_H5N6,0.023116,0.008861,-0.088378,-0.027007,Avian,N6
1858_A/chicken/Shanxi/10/,A/chicken/Shanxi/10/2006_H5N1,0.131596,-0.081526,-0.032834,-0.029638,Avian,N1
1859_A/chicken/Shanxi/12.,A/chicken/Shanxi/12.01_TGYL014-C/2016_H5N6,-0.00178,-0.029837,-0.013387,0.064227,Avian,N6
1860_A/chicken/Sheny/0606,A/chicken/Sheny/0606/2008_H5N1,0.149946,-0.076806,-0.059714,-0.038218,Avian,N1
1861_A/chicken/Shenzhen/1,A/chicken/Shenzhen/1061/2013_H5N6,-0.028428,-0.026026,0.034346,0.054813,Avian,N6
1862_A/chicken/Shenzhen/1,A/chicken/Shenzhen/1845/2013_H5N6,0.012647,-0.032876,0.075174,0.017532,Avian,N6
1863_A/chicken/Shenzhen/2,A/chicken/Shenzhen/2269/2013_H5N6,-0.020602,-0.023846,0.029187,0.057022,Avian,N6
1864_A/chicken/Shenzhen/2,A/chicken/Shenzhen/2396/2013_H5N6,-0.032669,-0.029396,0.026457,0.071031,Avian,N6
1865_A/chicken/Shenzhen/2,A/chicken/Shenzhen/2464/2013_H5N6,-0.032669,-0.029396,0.026457,0.071031,Avian,N6
1866_A/chicken/Shenzhen/4,A/chicken/Shenzhen/433/2013_H5N6,-0.027852,-0.027283,0.029855,0.060366,Avian,N6
1867_A/chicken/Shenzhen/5,A/chicken/Shenzhen/552/2013_H5N6,-0.032343,-0.029177,0.026224,0.070818,Avian,N6
1868_A/chicken/Shenzhen/7,A/chicken/Shenzhen/715/2013_H5N6,-0.027852,-0.027283,0.029855,0.060366,Avian,N6
1869_A/chicken/Shijiazhua,A/chicken/Shijiazhuang/1209/2013_H5N2,0.142808,-0.10414,0.022918,0.019066,Avian,N2
1870_A/chicken/Sichuan/81,A/chicken/Sichuan/81/2005_H5N1,0.086618,-0.09293,-0.020248,-0.035416,Avian,N1
1871_A/chicken/Sichuan/NC,A/chicken/Sichuan/NCJPL1/2014_H5N6,0.009412,-0.040282,0.082881,0.028828,Avian,N6
1872_A/chicken/Sichuan/k1,A/chicken/Sichuan/k141/2017_H5N6,0.009576,-0.042063,0.030737,0.066195,Avian,N6
1873_A/chicken/TC/a504/20,A/chicken/TC/a504/2015_H5N2,0.493534,0.609367,0.128594,0.128665,Avian,N2
1874_A/chicken/TY/a665/20,A/chicken/TY/a665/2015_H5N2,0.485014,0.612669,0.137772,0.123523,Avian,N2
1875_A/chicken/Taichung/1,A/chicken/Taichung/15010399/2015_H5N2,-0.067224,0.072384,-0.108823,0.005816,Avian,N2
1876_A/chicken/Taichung/1,A/chicken/Taichung/16040032-3/2016_H5N2,-0.055365,0.070374,-0.107529,0.009474,Avian,N2
1877_A/chicken/Taichung/1,A/chicken/Taichung/16050044-2/2016_H5N2,-0.051281,0.080564,-0.107109,0.003256,Avian,N2
1878_A/chicken/Taichung/1,A/chicken/Taichung/16110017-3/2016_H5N8,-0.040003,0.035758,-0.102883,0.013241,Avian,N8
1879_A/chicken/Tainan/150,A/chicken/Tainan/15020214/2015_H5N8,-0.062423,0.068708,-0.112635,-0.000716,Avian,N8
1880_A/chicken/Tainan/160,A/chicken/Tainan/16040035-1/2016_H5N2,-0.074573,0.0656,-0.095441,0.007164,Avian,N2
1881_A/chicken/Tainan/170,A/chicken/Tainan/17030058-1/2017_H5N8,-0.026764,0.034187,-0.11146,0.004429,Avian,N8
1882_A/chicken/Taipei_Cit,A/chicken/Taipei_City/17090004/2017_H5N8,-0.03449,0.023993,-0.101497,-0.002872,Avian,N8
1883_A/chicken/Taipei_Cit,A/chicken/Taipei_City/18010007-3/2018_H5N2,-0.075937,0.093364,-0.118478,-0.028349,Avian,N2
1884_A/chicken/Taipei_Cit,A/chicken/Taipei_City/18010008-3/2018_H5N2,-0.076987,0.095013,-0.127131,-0.047295,Avian,N2
1885_A/chicken/Taipei/160,A/chicken/Taipei/16060022-4/2016_H5N8,-0.056018,0.064338,-0.108888,0.009489,Avian,N8
1886_A/chicken/Taipei/160,A/chicken/Taipei/16060023-1/2016_H5N8,-0.056018,0.064338,-0.108888,0.009489,Avian,N8
1887_A/chicken/Taipei/161,A/chicken/Taipei/16120021/2016_H5N8,-0.042607,0.062233,-0.120101,-0.0127,Avian,N8
1888_A/chicken/Taipei/170,A/chicken/Taipei/17050005-1/2017_H5N8,-0.031891,0.040297,-0.102732,-0.003688,Avian,N8
1889_A/chicken/Taipei/170,A/chicken/Taipei/17050008-3/2017_H5N8,-0.040969,0.041572,-0.10216,-0.001253,Avian,N8
1890_A/chicken/Taipei/170,A/chicken/Taipei/17050009-3/2017_H5N8,-0.031028,0.040886,-0.107149,-0.000854,Avian,N8
1891_A/chicken/Taishun/TS,A/chicken/Taishun/TS2/2016_H5N6,0.009001,-0.059117,0.050164,0.078953,Avian,N6
1892_A/chicken/Taishun/TS,A/chicken/Taishun/TS90/2016_H5N6,0.004014,-0.055882,0.050394,0.078182,Avian,N6
1893_A/chicken/Taiwan/010,A/chicken/Taiwan/0101/2012_H5N2,0.210152,0.074564,-0.017516,-0.045237,Avian,N2
1894_A/chicken/Taiwan/011,A/chicken/Taiwan/01174/2015_H5N3,-0.068125,0.065776,-0.11372,0.013328,Avian,Others
1895_A/chicken/Taiwan/050,A/chicken/Taiwan/0502/2012_H5N2,0.274102,0.345475,0.106073,0.013965,Avian,N2
1896_A/chicken/Taiwan/168,A/chicken/Taiwan/1682/2013_H5N2,0.217437,0.07788,-0.031197,-0.065353,Avian,N2
1897_A/chicken/Taiwan/169,A/chicken/Taiwan/1692/2013_H5N2,0.213919,0.079122,-0.029865,-0.061995,Avian,N2
1898_A/chicken/Taiwan/170,A/chicken/Taiwan/1704/2013_H5N2,0.217437,0.07788,-0.031197,-0.065353,Avian,N2
1899_A/chicken/Taiwan/171,A/chicken/Taiwan/1711/2013_H5N2,0.216058,0.078056,-0.032396,-0.058777,Avian,N2
1900_A/chicken/Taiwan/259,A/chicken/Taiwan/2593/2012_H5N2,0.297535,0.343045,0.081769,0.036248,Avian,N2
1901_A/chicken/Taiwan/294,A/chicken/Taiwan/2948/2013_H5N2,0.29709,0.343254,0.08215,0.037301,Avian,N2
1902_A/chicken/Taiwan/444,A/chicken/Taiwan/4443/2013_H5N2,0.296631,0.355213,0.088285,0.024861,Avian,N2
1903_A/chicken/Taiwan/683,A/chicken/Taiwan/683/2012_H5N2,0.284843,0.346084,0.071175,0.03485,Avian,N2
1904_A/chicken/Taiwan/735,A/chicken/Taiwan/7350/2013_H5N2,0.293892,0.355728,0.083068,0.018316,Avian,N2
1905_A/chicken/Taiwan/898,A/chicken/Taiwan/8988/2013_H5N2,0.294905,0.346415,0.08346,0.030001,Avian,N2
1906_A/chicken/Taiwan/899,A/chicken/Taiwan/8994/2013_H5N2,0.307612,0.37007,0.051932,0.02113,Avian,N2
1907_A/chicken/Taiwan/899,A/chicken/Taiwan/8996/2013_H5N2,0.308587,0.362873,0.054124,0.03036,Avian,N2
1908_A/chicken/Taiwan/A1/,A/chicken/Taiwan/A1/2019_H5N2,0.508428,0.533253,0.119245,0.140625,Avian,N2
1909_A/chicken/Taiwan/A19,A/chicken/Taiwan/A1997/2012_H5N2,0.275641,0.342506,0.096843,0.01732,Avian,N2
1910_A/chicken/Taiwan/D2/,A/chicken/Taiwan/D2/2019_H5N2,-0.085842,0.097828,-0.135079,-0.033176,Avian,N2
1911_A/chicken/Taiwan/D9/,A/chicken/Taiwan/D9/2019_H5N2,-0.085842,0.097828,-0.135079,-0.033176,Avian,N2
1912_A/chicken/Tibet/LZ01,A/chicken/Tibet/LZ01/2010_H5N2,0.107082,-0.075475,-0.028697,-0.030434,Avian,N2
1913_A/chicken/Wuhan/HAQL,A/chicken/Wuhan/HAQL07/2014_H5N1,0.166955,-0.119661,-0.025913,-0.060406,Avian,N1
1914_A/chicken/Wuhan/HAQL,A/chicken/Wuhan/HAQL16/2014_H5N1,0.165809,-0.119516,-0.027434,-0.054622,Avian,N1
1915_A/chicken/Wuhan/WHJF,A/chicken/Wuhan/WHJF/2014_H5N2,0.149219,-0.02797,-0.009376,-0.062206,Avian,N2
1916_A/chicken/Wuhan/WHYJ,A/chicken/Wuhan/WHYJ01/2015_H5N6,-0.03925,-0.017877,0.032173,0.057825,Avian,N6
1917_A/chicken/Wuxi/WX-32,A/chicken/Wuxi/WX-32/2013_H5N1,0.129759,-0.085118,-0.05187,-0.075063,Avian,N1
1918_A/chicken/Wuxi/WX-33,A/chicken/Wuxi/WX-33/2013_H5N1,0.137141,-0.088136,-0.054579,-0.079093,Avian,N1
1919_A/chicken/Xinjiang/1,A/chicken/Xinjiang/17/2005_H5N1,0.143544,-0.09499,-0.018127,-0.058995,Avian,N1
1920_A/chicken/Xinjiang/2,A/chicken/Xinjiang/27/2006_H5N1,0.101433,-0.068813,-0.041056,-0.042748,Avian,N1
1921_A/chicken/Xinjiang/5,A/chicken/Xinjiang/53/2005_H5N1,0.105584,-0.061668,-0.028953,-0.047253,Avian,N1
1922_A/chicken/Xinjiang/5,A/chicken/Xinjiang/54/2005_H5N1,0.140831,-0.101651,-0.023504,-0.03435,Avian,N1
1923_A/chicken/Xinjiang/6,A/chicken/Xinjiang/67/2005_H5N1,0.123073,-0.092734,-0.009503,-0.050514,Avian,N1
1924_A/chicken/Xinjiang/6,A/chicken/Xinjiang/68/2005_H5N1,0.1356,-0.10166,-0.019419,-0.029599,Avian,N1
1925_A/chicken/Xuzhou/XZ6,A/chicken/Xuzhou/XZ6/2016_H5N6,-0.006726,-0.01642,0.020008,0.02492,Avian,N6
1926_A/chicken/YL/A3190/2,A/chicken/YL/A3190/2014_H5N2,0.295938,0.323703,0.10493,0.012318,Avian,N2
1927_A/chicken/Yangzhou/Y,A/chicken/Yangzhou/YD1/2014_H5N6,0.007954,-0.036621,0.079535,0.029458,Avian,N6
1928_A/chicken/Yuhang/1/2,A/chicken/Yuhang/1/2013_H5N9,0.128845,-0.078857,-0.065535,-0.054062,Avian,Others
1929_A/chicken/Yuhang/2/2,A/chicken/Yuhang/2/2013_H5N9,0.128845,-0.078857,-0.065535,-0.054062,Avian,Others
1930_A/chicken/Yunlin/150,A/chicken/Yunlin/15020048-1/2015_H5N2,-0.067494,0.073103,-0.109462,0.006013,Avian,N2
1931_A/chicken/Yunlin/150,A/chicken/Yunlin/15040002-2/2015_H5N2,-0.063697,0.073674,-0.105377,-0.001009,Avian,N2
1932_A/chicken/Yunlin/150,A/chicken/Yunlin/15040027/2015_H5N2,-0.068575,0.075278,-0.107639,0.005093,Avian,N2
1933_A/chicken/Yunlin/150,A/chicken/Yunlin/15050012/2015_H5N8,-0.076379,0.069933,-0.109509,0.012938,Avian,N8
1934_A/chicken/Yunlin/150,A/chicken/Yunlin/15050037-2/2015_H5N2,-0.066148,0.076365,-0.113112,0.011792,Avian,N2
1935_A/chicken/Yunlin/150,A/chicken/Yunlin/15050039-2/2015_H5N2,-0.068575,0.075278,-0.107639,0.005093,Avian,N2
1936_A/chicken/Yunlin/150,A/chicken/Yunlin/15060014-1/2015_H5N2,-0.07291,0.082261,-0.110093,0.001899,Avian,N2
1937_A/chicken/Yunlin/150,A/chicken/Yunlin/15080024/2015_H5N2,-0.069887,0.082456,-0.10733,0.01732,Avian,N2
1938_A/chicken/Yunlin/160,A/chicken/Yunlin/16010001-1/2016_H5N2,-0.067796,0.077424,-0.128052,0.011474,Avian,N2
1939_A/chicken/Yunlin/160,A/chicken/Yunlin/16010008-1/2016_H5N2,-0.058869,0.062113,-0.10423,0.002454,Avian,N2
1940_A/chicken/Yunlin/160,A/chicken/Yunlin/16020038/2016_H5N8,-0.053309,0.035285,-0.051573,0.028991,Avian,N8
1941_A/chicken/Yunlin/160,A/chicken/Yunlin/16050053/2016_H5N2,-0.055209,0.070762,-0.105531,0.009701,Avian,N2
1942_A/chicken/Yunlin/170,A/chicken/Yunlin/17010001/2017_H5N8,-0.035768,0.038895,-0.109191,0.037408,Avian,N8
1943_A/chicken/Yunlin/170,A/chicken/Yunlin/17010014/2017_H5N2,-0.076128,0.076614,-0.127493,-0.01463,Avian,N2
1944_A/chicken/Yunlin/170,A/chicken/Yunlin/17020094-1/2017_H5N2,-0.082131,0.065996,-0.118702,-0.010752,Avian,N2
1945_A/chicken/Yunlin/170,A/chicken/Yunlin/17020095-2/2017_H5N2,-0.064203,0.078894,-0.121625,0.016468,Avian,N2
1946_A/chicken/Yunlin/170,A/chicken/Yunlin/17030001-1/2017_H5N2,-0.083167,0.079401,-0.132335,-0.007149,Avian,N2
1947_A/chicken/Yunlin/170,A/chicken/Yunlin/17030007-1/2017_H5N2,-0.076701,0.080621,-0.123982,-0.007277,Avian,N2
1948_A/chicken/Yunlin/170,A/chicken/Yunlin/17030010-1/2017_H5N2,-0.080193,0.083503,-0.132254,-0.019223,Avian,N2
1949_A/chicken/Yunlin/170,A/chicken/Yunlin/17030014-1/2017_H5N2,-0.083355,0.079169,-0.131061,-0.007237,Avian,N2
1950_A/chicken/Yunlin/170,A/chicken/Yunlin/17030020-2/2017_H5N2,-0.081226,0.067788,-0.122485,-0.005568,Avian,N2
1951_A/chicken/Yunlin/170,A/chicken/Yunlin/17030021-1/2017_H5N2,-0.08291,0.07896,-0.131442,-0.00829,Avian,N2
1952_A/chicken/Yunlin/170,A/chicken/Yunlin/17030032-2/2017_H5N2,-0.039626,0.047393,-0.115137,0.021488,Avian,N2
1953_A/chicken/Yunlin/170,A/chicken/Yunlin/17030065-2/2017_H5N2,-0.103018,0.086596,-0.116553,-0.004679,Avian,N2
1954_A/chicken/Yunlin/170,A/chicken/Yunlin/17040003-1/2017_H5N2,-0.072599,0.080695,-0.118413,-0.006599,Avian,N2
1955_A/chicken/Yunlin/170,A/chicken/Yunlin/17040004-2/2017_H5N2,-0.086406,0.083508,-0.133578,-0.002317,Avian,N2
1956_A/chicken/Yunlin/170,A/chicken/Yunlin/17040011-1/2017_H5N2,-0.086959,0.078805,-0.13289,-0.001709,Avian,N2
1957_A/chicken/Yunlin/170,A/chicken/Yunlin/17060019/2017_H5N2,-0.09346,0.088159,-0.116475,-0.0229,Avian,N2
1958_A/chicken/Yunlin/170,A/chicken/Yunlin/17070010/2017_H5N2,-0.033586,0.056765,-0.107066,-0.015551,Avian,N2
1959_A/chicken/Yunlin/180,A/chicken/Yunlin/18010001-2/2018_H5N2,-0.079747,0.092774,-0.128882,-0.03698,Avian,N2
1960_A/chicken/Yunlin/180,A/chicken/Yunlin/18010023-1/2018_H5N2,-0.094705,0.101522,-0.128255,-0.047156,Avian,N2
1961_A/chicken/Yunlin/180,A/chicken/Yunlin/18020003-2/2018_H5N2,-0.084903,0.111306,-0.144163,-0.051073,Avian,N2
1962_A/chicken/Yunlin/180,A/chicken/Yunlin/18020004-1/2018_H5N2,-0.081901,0.105972,-0.141261,-0.048541,Avian,N2
1963_A/chicken/Yunlin/180,A/chicken/Yunlin/18020005-2/2018_H5N2,-0.087069,0.109086,-0.138467,-0.056094,Avian,N2
1964_A/chicken/Yunlin/180,A/chicken/Yunlin/18020008-2/2018_H5N2,-0.086882,0.09638,-0.132584,-0.047795,Avian,N2
1965_A/chicken/Yunlin/180,A/chicken/Yunlin/18030002-1/2018_H5N2,-0.079617,0.106369,-0.151492,-0.053381,Avian,N2
1966_A/chicken/Yunlin/180,A/chicken/Yunlin/18050013-1/2018_H5N2,-0.072583,0.108158,-0.148024,-0.046995,Avian,N2
1967_A/chicken/Yunlin/180,A/chicken/Yunlin/18060001-2/2018_H5N2,-0.072748,0.108622,-0.149958,-0.047399,Avian,N2
1968_A/chicken/Yunlin/180,A/chicken/Yunlin/18080006-1/2018_H5N2,-0.10142,0.087104,-0.104355,-0.032204,Avian,N2
1969_A/chicken/Yunnan/1/2,A/chicken/Yunnan/1/2014_H5N1,-0.049574,-0.022221,0.041458,0.0849,Avian,N1
1970_A/chicken/Yunnan/207,A/chicken/Yunnan/207/2004_H5N1,0.090405,-0.062653,-0.020713,-0.040426,Avian,N1
1971_A/chicken/Yunnan/568,A/chicken/Yunnan/5686/2003_H5N1,0.094377,-0.069833,-0.018089,-0.051004,Avian,N1
1972_A/chicken/Yunnan/679,A/chicken/Yunnan/6797/2003_H5N1,0.090557,-0.062253,-0.021538,-0.04114,Avian,N1
1973_A/chicken/Yunnan/688,A/chicken/Yunnan/6885/2003_H5N1,0.094325,-0.06876,-0.021451,-0.03511,Avian,N1
1974_A/chicken/Zhejiang/1,A/chicken/Zhejiang/102637/2016_H5N6,-0.01386,-0.030015,-0.014848,0.089599,Avian,N6
1975_A/chicken/Zhejiang/1,A/chicken/Zhejiang/13160/2016_H5N6,-0.013989,-0.029353,-0.015881,0.082183,Avian,N6
1976_A/chicken/Zhejiang/1,A/chicken/Zhejiang/194/2016_H5N2,-0.011074,-0.031888,0.042077,0.058065,Avian,N2
1977_A/chicken/Zhejiang/2,A/chicken/Zhejiang/209/2016_H5N2,-0.017331,0.014714,-0.033496,0.005746,Avian,N2
1978_A/chicken/Zhejiang/2,A/chicken/Zhejiang/217/2016_H5N2,-0.011074,-0.031888,0.042077,0.058065,Avian,N2
1979_A/chicken/Zhejiang/2,A/chicken/Zhejiang/232/2016_H5N2,-0.020605,0.016526,-0.042235,0.026688,Avian,N2
1980_A/chicken/Zhejiang/5,A/chicken/Zhejiang/514135/2015_H5N2,-0.015614,-0.050447,0.039901,0.073429,Avian,N2
1981_A/chicken/Zhejiang/5,A/chicken/Zhejiang/528127/2016_H5N6,0.012519,-0.000637,0.023484,0.038165,Avian,N6
1982_A/chicken/Zhejiang/6,A/chicken/Zhejiang/6107/2016_H5N6,-0.033816,-0.011904,-0.005554,0.062748,Avian,N6
1983_A/chicken/Zhejiang/6,A/chicken/Zhejiang/6C2/2013_H5N6,0.006865,-0.040541,0.081226,0.03397,Avian,N6
1984_A/chicken/Zhejiang/7,A/chicken/Zhejiang/727022/2014_H5N6,-0.02631,-0.034889,0.020061,0.087045,Avian,N6
1985_A/chicken/Zhejiang/7,A/chicken/Zhejiang/727026/2014_H5N6,-0.028363,-0.03945,0.0287,0.092787,Avian,N6
1986_A/chicken/Zhejiang/7,A/chicken/Zhejiang/727079/2014_H5N2,-0.03032,-0.028955,0.027739,0.090748,Avian,N2
1987_A/chicken/Zhejiang/7,A/chicken/Zhejiang/727155/2014_H5N6,-0.029165,-0.032591,0.027441,0.083553,Avian,N6
1988_A/chicken/Zhejiang/7,A/chicken/Zhejiang/727159/2014_H5N2,-0.031831,-0.031402,0.026891,0.087187,Avian,N2
1989_A/chicken/Zhejiang/7,A/chicken/Zhejiang/7450/2015_H5N2,-0.003798,0.020355,-0.051841,0.02087,Avian,N2
1990_A/chicken/Zhejiang/8,A/chicken/Zhejiang/81643/2015_H5N2,-0.004881,0.022652,-0.054621,0.019062,Avian,N2
1991_A/common_mallard/Nin,A/common_mallard/Ningxia/YG71/2017_H5N6,-0.062783,0.036944,0.087592,-0.047107,Avian,N6
1992_A/condor/Guangdong/1,A/condor/Guangdong/139/2003_H5N1,0.08758,-0.089032,-0.021464,-0.053219,Avian,N1
1993_A/domestic_green-win,A/domestic_green-winged_teal/Hunan/3450/2006_H5N1,0.099967,-0.074425,-0.013351,-0.030364,Avian,N1
1994_A/duck/Anhui/56/2005,A/duck/Anhui/56/2005_H5N1,0.087585,-0.090213,-0.024599,-0.044397,Avian,N1
1995_A/duck/Anhui/S4/2016,A/duck/Anhui/S4/2016_H5N6,-0.013749,-0.019733,0.041082,0.047203,Avian,N6
1996_A/duck/Changhua/15A0,A/duck/Changhua/15A03431-1-20T/2015_H5N2,-0.067068,0.072772,-0.106826,0.006043,Avian,N2
1997_A/duck/Changhua/15A0,A/duck/Changhua/15A03473-1-20T/2015_H5N2,-0.075933,0.078138,-0.104466,0.010011,Avian,N2
1998_A/duck/Chiayi/150800,A/duck/Chiayi/15080023/2015_H5N8,-0.03746,0.045157,-0.103411,0.019204,Avian,N8
1999_A/duck/China/0935/20,A/duck/China/0935/2017_H5N1,0.129916,-0.096502,-0.045023,-0.056959,Avian,N1
2000_A/duck/China/0936/20,A/duck/China/0936/2017_H5N6,-0.018218,-0.029252,0.03156,0.075806,Avian,N6
2001_A/duck/China/0938/20,A/duck/China/0938/2017_H5N6,0.129916,-0.096502,-0.045023,-0.056959,Avian,N6
2002_A/duck/China/1033/20,A/duck/China/1033/2017_H5N1,0.130334,-0.096699,-0.045382,-0.057949,Avian,N1
2003_A/duck/China/E26/201,A/duck/China/E26/2012_H5N1,0.114935,-0.066148,-0.05584,-0.079703,Avian,N1
2004_A/duck/China/E53/201,A/duck/China/E53/2012_H5N1,0.146408,-0.059313,-0.07263,-0.126284,Avian,N1
2005_A/duck/China/YD1516/,A/duck/China/YD1516/2016_H5N2,-0.037791,0.041027,-0.048835,-0.004308,Avian,N2
2006_A/duck/Chongqing/S43,A/duck/Chongqing/S4362/2017_H5N3,0.143129,-0.009082,-0.011733,-0.046035,Avian,Others
2007_A/duck/Dongguan/2685,A/duck/Dongguan/2685/2013_H5N6,-0.028073,-0.028925,0.02785,0.064137,Avian,N6
2008_A/duck/Eastern_China,A/duck/Eastern_China/008/2008_H5N5,0.025659,-0.071166,0.032236,0.00727,Avian,Others
2009_A/duck/Eastern_China,A/duck/Eastern_China/031/2009_H5N5,0.036135,-0.057423,0.026847,0.020125,Avian,Others
2010_A/duck/Eastern_China,A/duck/Eastern_China/057/2007_H5N1,0.102889,-0.088743,-0.035769,-0.026153,Avian,N1
2011_A/duck/Eastern_China,A/duck/Eastern_China/108/2008_H5N1,0.028105,-0.071294,0.032232,0.007018,Avian,N1
2012_A/duck/Eastern_China,A/duck/Eastern_China/1111/2011_H5N2,-0.020777,-0.028665,0.037738,0.031741,Avian,N2
2013_A/duck/Eastern_China,A/duck/Eastern_China/909/2009_H5N1,0.078861,-0.075793,-0.038199,-0.033107,Avian,N1
2014_A/duck/Eastern_China,A/duck/Eastern_China/JY/2014_H5N8,-0.036816,-0.00676,0.033622,-0.010097,Avian,N8
2015_A/duck/Eastern_China,A/duck/Eastern_China/L0230/2010_H5N2,-0.011722,-0.031559,0.034056,0.016351,Avian,N2
2016_A/duck/Eastern_China,A/duck/Eastern_China/L0321/2010_H5N2,-0.011722,-0.031559,0.034056,0.016351,Avian,N2
2017_A/duck/Eastern_China,A/duck/Eastern_China/L0405/2010_H5N8,-0.035387,-0.020216,0.029706,0.042864,Avian,N8
2018_A/duck/Eastern_China,A/duck/Eastern_China/L0423/2011_H5N8,-0.025764,-0.029737,0.031777,0.026088,Avian,N8
2019_A/duck/Eastern_China,A/duck/Eastern_China/L0611/2011_H5N8,-0.02825,-0.02293,0.028543,0.010543,Avian,N8
2020_A/duck/Eastern_China,A/duck/Eastern_China/L0722/2012_H5N8,-0.027463,-0.032071,0.025052,0.026974,Avian,N8
2021_A/duck/Eastern_China,A/duck/Eastern_China/L1021/2012_H5N8,-0.035894,-0.019449,0.038144,0.009255,Avian,N8
2022_A/duck/Eastern_China,A/duck/Eastern_China/L1120/2012_H5N8,-0.030385,-0.020839,0.027831,0.014127,Avian,N8
2023_A/duck/Eastern_China,A/duck/Eastern_China/S0131/2014_H5N2,-0.001421,-0.002688,-0.0327,0.01974,Avian,N2
2024_A/duck/Eastern_China,A/duck/Eastern_China/S0215/2014_H5N8,-0.011444,-0.012724,0.049614,-0.035563,Avian,N8
2025_A/duck/Eastern_China,A/duck/Eastern_China/S0322/2014__H5N6,-0.026207,-0.02901,0.025298,0.079736,Avian,N6
2026_A/duck/Eastern_China,A/duck/Eastern_China/S0711/2014_H5N6,0.006712,-0.035925,0.083774,0.027986,Avian,N6
2027_A/duck/Eastern_China,A/duck/Eastern_China/S0808/2014_H5N2,0.194383,0.256918,0.063347,0.112569,Avian,N2
2028_A/duck/Eastern_China,A/duck/Eastern_China/S0908/2014_H5N6,-0.030414,-0.011524,0.034515,0.026183,Avian,N6
2029_A/duck/Eastern_China,A/duck/Eastern_China/S1109/2014_H5N8,-0.066542,0.013159,0.065219,-0.024783,Avian,N8
2030_A/duck/Eastern_China,A/duck/Eastern_China/S1210/2013_H5N8,-0.026197,-0.012378,0.042821,-0.009058,Avian,N8
2031_A/duck/Fujian/1.17_F,A/duck/Fujian/1.17_FZHX0123-C/2017_H5N6,0.00011,-0.044604,-0.006556,0.084586,Avian,N6
2032_A/duck/Fujian/10.26_,A/duck/Fujian/10.26_FZHX0002-O/2017_H5N6,-0.033025,-0.009221,-0.012397,0.045948,Avian,N6
2033_A/duck/Fujian/10.26_,A/duck/Fujian/10.26_FZHX0010-O/2017_H5N6,-0.033242,-0.008654,-0.012895,0.046114,Avian,N6
2034_A/duck/Fujian/11.23_,A/duck/Fujian/11.23_FZHX0009-C/2017_H5N6,-0.033025,-0.009221,-0.012397,0.045948,Avian,N6
2035_A/duck/Fujian/11.23_,A/duck/Fujian/11.23_FZHX0014-C/2017_H5N6,-0.031273,-0.00697,-0.016631,0.042265,Avian,N6
2036_A/duck/Fujian/11.23_,A/duck/Fujian/11.23_FZHX0015-C/2017_H5N6,-0.031273,-0.00697,-0.016631,0.042265,Avian,N6
2037_A/duck/Fujian/11.3_F,A/duck/Fujian/11.3_FZHX1132-O/2016_H5N6,-0.018325,-0.028919,-0.01467,0.071204,Avian,N6
2038_A/duck/Fujian/11.3_F,A/duck/Fujian/11.3_FZHX1141-C/2016_H5N6,0.00011,-0.044604,-0.006556,0.084586,Avian,N6
2039_A/duck/Fujian/12.7_F,A/duck/Fujian/12.7_FZHX1202-O/2016_H5N6,0.00011,-0.044604,-0.006556,0.084586,Avian,N6
2040_A/duck/Fujian/12.7_F,A/duck/Fujian/12.7_FZHX1218-C/2016_H5N6,-0.039147,-0.023526,-0.008556,0.109024,Avian,N6
2041_A/duck/Fujian/12.7_F,A/duck/Fujian/12.7_FZHX1219-O/2016_H5N6,-0.039352,-0.027159,-0.006331,0.11087,Avian,N6
2042_A/duck/Fujian/12.7_F,A/duck/Fujian/12.7_FZHX1221-C/2016_H5N6,-0.039352,-0.027159,-0.006331,0.11087,Avian,N6
2043_A/duck/Guangdong/11.,A/duck/Guangdong/11.18_SZBJ003-C/2016_H5N6,-0.011254,-0.016329,0.000164,0.058585,Avian,N6
2044_A/duck/Guangdong/11.,A/duck/Guangdong/11.18_SZBJ003-O/2016_H5N6,-0.011254,-0.016329,0.000164,0.058585,Avian,N6
2045_A/duck/Guangdong/11.,A/duck/Guangdong/11.18_SZBJ007-O/2016_H5N6,-0.006977,-0.016506,0.001401,0.05262,Avian,N6
2046_A/duck/Guangdong/23/,A/duck/Guangdong/23/2004_H5N1,0.096786,-0.10557,-0.030784,-0.017524,Avian,N1
2047_A/duck/Guangdong/GD0,A/duck/Guangdong/GD01/2014_H5N6,-0.025462,-0.027186,0.02483,0.066512,Avian,N6
2048_A/duck/Guangdong/s14,A/duck/Guangdong/s14044/2014_H5N8,-0.02404,-0.022097,0.028753,0.023873,Avian,N8
2049_A/duck/Guangdong/wy1,A/duck/Guangdong/wy11/2008_H5N5,0.022161,-0.063187,0.042651,0.021778,Avian,Others
2050_A/duck/Guangdong/wy1,A/duck/Guangdong/wy19/2008_H5N5,0.022872,-0.060456,0.044163,0.018555,Avian,Others
2051_A/duck/Guangdong/wy2,A/duck/Guangdong/wy24/2008_H5N5,0.055679,-0.055224,0.008148,0.011593,Avian,Others
2052_A/duck/Guangzhou/018,A/duck/Guangzhou/018/2014_H5N6,-0.011178,-0.027353,0.0189,0.052607,Avian,N6
2053_A/duck/Guangzhou/021,A/duck/Guangzhou/021/2014_H5N6,-0.011178,-0.027353,0.0189,0.052607,Avian,N6
2054_A/duck/Guangzhou/412,A/duck/Guangzhou/41227/2014_H5N6,-0.030431,-0.034028,0.039126,0.066643,Avian,N6
2055_A/duck/Guizhou/7.27_,A/duck/Guizhou/7.27_ZYLJJ017-O/2018_H5N6,0.012914,-0.025476,0.019773,0.025918,Avian,N6
2056_A/duck/Guizhou/8.26_,A/duck/Guizhou/8.26_ZYLJJ016-O/2018_H5N6,0.017707,-0.028604,0.029135,0.032609,Avian,N6
2057_A/duck/Guizhou/8.26_,A/duck/Guizhou/8.26_ZYLJJ017-O/2018_H5N6,0.009597,-0.025208,0.02888,0.025498,Avian,N6
2058_A/duck/Hainan/12.29_,A/duck/Hainan/12.29_HKPL002-C/2017_H5N6,0.029483,-0.023506,0.019076,0.029459,Avian,N6
2059_A/duck/Hebei/0908/20,A/duck/Hebei/0908/2009_H5N2,0.167769,-0.129154,-0.015877,-0.005947,Avian,N2
2060_A/duck/Hong_Kong/342,A/duck/Hong_Kong/342/1978_H5N2,0.120444,0.002356,-0.038506,-0.106592,Avian,N2
2061_A/duck/Hsinchu/15020,A/duck/Hsinchu/15020216/2015_H5N2,-0.06246,0.072895,-0.109244,-0.000867,Avian,N2
2062_A/duck/HuBei/03/2010,A/duck/HuBei/03/2010_H5N5,0.079289,-0.093429,-0.024985,-0.006462,Avian,Others
2063_A/duck/Hubei/2911/20,A/duck/Hubei/2911/2007_H5N1,0.095839,-0.076029,-0.019785,-0.035132,Avian,N1
2064_A/duck/Hubei/49/2005,A/duck/Hubei/49/2005_H5N1,0.086634,-0.087097,-0.027386,-0.032434,Avian,N1
2065_A/duck/Hubei/SZY250/,A/duck/Hubei/SZY250/2016_H5N2,-0.012786,0.013491,-0.008746,0.004349,Avian,N2
2066_A/duck/Hubei/xn/2007,A/duck/Hubei/xn/2007_H5N1,0.11811,-0.058276,-0.077347,-0.116125,Avian,N1
2067_A/duck/Hunan/01.12_Y,A/duck/Hunan/01.12_YYGK82H3-OC/2018_H5N6,0.023363,-0.03706,0.013244,0.053444,Avian,N6
2068_A/duck/Hunan/03.07_Y,A/duck/Hunan/03.07_YYGK25L3-OC/2018_H5N6,0.028813,-0.048632,0.012178,0.049333,Avian,N6
2069_A/duck/Hunan/03.07_Y,A/duck/Hunan/03.07_YYGK4L3-OC/2018_H5N6,0.004668,0.006786,0.016331,0.062645,Avian,N6
2070_A/duck/Hunan/03.24_Y,A/duck/Hunan/03.24_YYGK174M2-C/2017_H5N6,0.001452,-0.036304,0.030362,0.080081,Avian,N6
2071_A/duck/Hunan/03.24_Y,A/duck/Hunan/03.24_YYGK178M2-C/2017_H5N6,0.004404,-0.036022,0.027869,0.077515,Avian,N6
2072_A/duck/Hunan/03.24_Y,A/duck/Hunan/03.24_YYGK18M2-O/2017_H5N6,0.001452,-0.036304,0.030362,0.080081,Avian,N6
2073_A/duck/Hunan/03.24_Y,A/duck/Hunan/03.24_YYGK21M2-O/2017_H5N6,0.001452,-0.036304,0.030362,0.080081,Avian,N6
2074_A/duck/Hunan/1.12_YY,A/duck/Hunan/1.12_YYGK68H3-OC/2018_H5N6,0.023349,-0.024838,0.015778,0.052395,Avian,N6
2075_A/duck/Hunan/1.12_YY,A/duck/Hunan/1.12_YYGK72H3-OC/2018_H5N6,0.021187,-0.024828,0.015334,0.052697,Avian,N6
2076_A/duck/Hunan/1.12_YY,A/duck/Hunan/1.12_YYGK74H3-OC/2018_H5N6,0.023363,-0.03706,0.013244,0.053444,Avian,N6
2077_A/duck/Hunan/1.17_YY,A/duck/Hunan/1.17_YYGKK80-OC/2017_H5N6,0.007492,-0.035991,0.039152,0.03338,Avian,N6
2078_A/duck/Hunan/11.30_Y,A/duck/Hunan/11.30_YYGK59E3-OC/2017_H5N6,-0.033525,-0.002046,-0.01423,0.034192,Avian,N6
2079_A/duck/Hunan/11.30_Y,A/duck/Hunan/11.30_YYGK62E3-OC/2017_H5N6,0.017019,-0.031896,0.017793,0.048104,Avian,N6
2080_A/duck/Hunan/11.30_Y,A/duck/Hunan/11.30_YYGK63E3-OC/2017_H5N6,0.017019,-0.031896,0.017793,0.048104,Avian,N6
2081_A/duck/Hunan/11.30_Y,A/duck/Hunan/11.30_YYGK74E3-OC/2017_H5N8,-0.089307,0.027944,0.063321,-0.016256,Avian,N8
2082_A/duck/Hunan/11.30_Y,A/duck/Hunan/11.30_YYGK75E3-OC/2017_H5N6,-0.089307,0.027944,0.063321,-0.016256,Avian,N6
2083_A/duck/Hunan/12.27_Y,A/duck/Hunan/12.27_YYGK100J2-C/2016_H5N6,0.007492,-0.035991,0.039152,0.03338,Avian,N6
2084_A/duck/Hunan/12.27_Y,A/duck/Hunan/12.27_YYGK60J2-C/2016_H5N6,-0.044608,-0.02109,0.017418,0.07317,Avian,N6
2085_A/duck/Hunan/12.27_Y,A/duck/Hunan/12.27_YYGK71J2-O/2016_H5N6,0.007492,-0.035991,0.039152,0.03338,Avian,N6
2086_A/duck/Hunan/12.27_Y,A/duck/Hunan/12.27_YYGK73J2-O/2016_H5N6,-0.039023,-0.022734,0.018224,0.067947,Avian,N6
2087_A/duck/Hunan/12.27_Y,A/duck/Hunan/12.27_YYGK81J2-O/2016_H5N6,0.010491,-0.036639,0.033747,0.034946,Avian,N6
2088_A/duck/Hunan/12.27_Y,A/duck/Hunan/12.27_YYGK86J2-C/2016_H5N6,-0.044608,-0.02109,0.017418,0.07317,Avian,N6
2089_A/duck/Hunan/12.27_Y,A/duck/Hunan/12.27_YYGK89J2-O/2016_H5N6,0.007492,-0.035991,0.039152,0.03338,Avian,N6
2090_A/duck/Hunan/12.27_Y,A/duck/Hunan/12.27_YYGK91J2-O/2016_H5N6,0.007492,-0.035991,0.039152,0.03338,Avian,N6
2091_A/duck/Hunan/12.27_Y,A/duck/Hunan/12.27_YYGK93J2-O/2016_H5N6,0.007492,-0.035991,0.039152,0.03338,Avian,N6
2092_A/duck/Hunan/12.27_Y,A/duck/Hunan/12.27_YYGK95J2-O/2016_H5N6,0.007492,-0.035991,0.039152,0.03338,Avian,N6
2093_A/duck/Hunan/12.27_Y,A/duck/Hunan/12.27_YYGK96J2-O/2016_H5N6,0.007492,-0.035991,0.039152,0.03338,Avian,N6
2094_A/duck/Hunan/12.27_Y,A/duck/Hunan/12.27_YYGK97J2-O/2016_H5N6,0.007492,-0.035991,0.039152,0.03338,Avian,N6
2095_A/duck/Hunan/2.06_YY,A/duck/Hunan/2.06_YYGK77J3-OC/2018_H5N6,0.024691,-0.0468,0.019683,0.047652,Avian,N6
2096_A/duck/Hunan/2.06_YY,A/duck/Hunan/2.06_YYGK78J3-OC/2018_H5N6,0.027928,-0.033273,0.025534,0.048546,Avian,N6
2097_A/duck/Hunan/2.06_YY,A/duck/Hunan/2.06_YYGK84J3-OC/2018_H5N6,0.024691,-0.0468,0.019683,0.047652,Avian,N6
2098_A/duck/Hunan/2.06_YY,A/duck/Hunan/2.06_YYGK92J3-OC/2018_H5N6,0.024691,-0.0468,0.019683,0.047652,Avian,N6
2099_A/duck/Hunan/3/2007_,A/duck/Hunan/3/2007_H5N1,0.113386,-0.050591,-0.074189,-0.122632,Avian,N1
2100_A/duck/Hunan/316/200,A/duck/Hunan/316/2005_H5N1,0.081424,-0.085406,-0.025699,-0.025954,Avian,N1
2101_A/duck/Hunan/3315/20,A/duck/Hunan/3315/2006_H5N1,0.081329,-0.08722,-0.028514,-0.01469,Avian,N1
2102_A/duck/Hunan/689/200,A/duck/Hunan/689/2006_H5N1,0.100315,-0.072181,-0.030597,-0.028323,Avian,N1
2103_A/duck/Hunan/7.21_YY,A/duck/Hunan/7.21_YYGK41Y1-C/2016_H5N6,-0.02941,-0.028788,0.023714,0.090972,Avian,N6
2104_A/duck/Hunan/733/200,A/duck/Hunan/733/2004_H5N1,0.083545,-0.086722,-0.04235,-0.024872,Avian,N1
2105_A/duck/Hunan/8/2008_,A/duck/Hunan/8/2008_H5N1,0.159573,-0.094869,-0.058706,-0.096651,Avian,N1
2106_A/duck/Hunan/S4020/2,A/duck/Hunan/S4020/2008_H5N1,0.106622,-0.05292,-0.053094,-0.125351,Avian,N1
2107_A/duck/Hunan/S4030/2,A/duck/Hunan/S4030/2011_H5N1,0.132308,-0.059115,-0.035599,-0.152663,Avian,N1
2108_A/duck/Hunan/S4101/2,A/duck/Hunan/S4101/2011_H5N2,0.18927,-0.042616,-0.016329,0.002751,Avian,N2
2109_A/duck/Hunan/S4120/2,A/duck/Hunan/S4120/2011_H5N2,0.185406,-0.037305,-0.020835,0.00213,Avian,N2
2110_A/duck/Hunan/S4150/2,A/duck/Hunan/S4150/2011_H5N1,0.152707,-0.090737,-0.034101,-0.048451,Avian,N1
2111_A/duck/Hunan/S4220/2,A/duck/Hunan/S4220/2011_H5N1,0.064388,-0.075119,0.011362,-0.084108,Avian,N1
2112_A/duck/Jiangsu/m234/,A/duck/Jiangsu/m234/2012_H5N2,-0.034876,-0.028251,0.051143,0.027646,Avian,N2
2113_A/duck/Jiangxi/01.11,A/duck/Jiangxi/01.11_NCNP101G2-OC/2017_H5N6,0.00613,-0.036303,0.027102,0.072527,Avian,N6
2114_A/duck/Jiangxi/10160,A/duck/Jiangxi/10160/2014_H5N6,0.011962,-0.039727,0.079995,0.028489,Avian,N6
2115_A/duck/Jiangxi/11.17,A/duck/Jiangxi/11.17_NCNP30Y2-O/2016_H5N6,-0.031528,-0.010499,0.042582,0.050562,Avian,N6
2116_A/duck/Jiangxi/11.17,A/duck/Jiangxi/11.17_NCNP48Y2-C/2016_H5N6,-0.031528,-0.010499,0.042582,0.050562,Avian,N6
2117_A/duck/Jiangxi/11.29,A/duck/Jiangxi/11.29_NCDZT71H2-O/2016_H5N6,-0.000351,-0.036363,0.020674,0.08291,Avian,N6
2118_A/duck/Jiangxi/11.29,A/duck/Jiangxi/11.29_NCNP22D3-OC/2017_H5N6,-0.045784,-0.020193,0.020948,0.075759,Avian,N6
2119_A/duck/Jiangxi/11.29,A/duck/Jiangxi/11.29_NCNP39D3-OC/2017_H5N6,0.038474,-0.055802,0.028509,0.080446,Avian,N6
2120_A/duck/Jiangxi/120/2,A/duck/Jiangxi/120/2011_H5N1,0.08307,-0.050568,-0.053865,-0.019995,Avian,N1
2121_A/duck/Jiangxi/130/2,A/duck/Jiangxi/130/2011_H5N1,0.140647,-0.081007,-0.039572,-0.082505,Avian,N1
2122_A/duck/Jiangxi/13469,A/duck/Jiangxi/13469/2014_H5N6,0.005528,-0.045483,0.089229,0.036212,Avian,N6
2123_A/duck/Jiangxi/13475,A/duck/Jiangxi/13475/2014_H5N6,0.005278,-0.045054,0.088359,0.037323,Avian,N6
2124_A/duck/Jiangxi/13484,A/duck/Jiangxi/13484/2014_H5N6,0.005528,-0.045483,0.089229,0.036212,Avian,N6
2125_A/duck/Jiangxi/2.28N,A/duck/Jiangxi/2.28NCNP23K3-OC/2018_H5N6,0.027048,-0.036634,0.010655,0.060791,Avian,N6
2126_A/duck/Jiangxi/2.28_,A/duck/Jiangxi/2.28_NCNP25K3-OC/2018_H5N6,0.027048,-0.036634,0.010655,0.060791,Avian,N6
2127_A/duck/Jiangxi/34/20,A/duck/Jiangxi/34/2011_H5N1,0.029673,-0.030374,-0.050312,-0.125569,Avian,N1
2128_A/duck/Jiangxi/35/20,A/duck/Jiangxi/35/2011_H5N1,0.029653,-0.028863,-0.049489,-0.119612,Avian,N1
2129_A/duck/Jiangxi/44/20,A/duck/Jiangxi/44/2011_H5N1,0.030251,-0.028904,-0.049099,-0.11143,Avian,N1
2130_A/duck/Jiangxi/5.26_,A/duck/Jiangxi/5.26_NCDZT80Q2-OC/2017_H5N6,0.034967,-0.060296,0.031763,0.09672,Avian,N6
2131_A/duck/Jiangxi/80/20,A/duck/Jiangxi/80/2005_H5N1,0.082324,-0.087283,-0.029321,-0.007247,Avian,N1
2132_A/duck/Jilin/JL-SIV/,A/duck/Jilin/JL-SIV/2013_H5N1,0.127544,-0.090856,-0.061832,0.013277,Avian,N1
2133_A/duck/Kaohsiung/150,A/duck/Kaohsiung/15010213/2015_H5N2,-0.066786,0.080372,-0.102442,0.002978,Avian,N2
2134_A/duck/Kaohsiung/15W,A/duck/Kaohsiung/15WB3298-1-5/2015_H5N3,0.158336,-0.015172,-0.037648,-0.040933,Avian,Others
2135_A/duck/Kaohsiung/20W,A/duck/Kaohsiung/20WB0242-154/2020_H5N3,0.150075,0.004261,-0.030536,-0.063745,Avian,Others
2136_A/duck/Liaoning/LN/2,A/duck/Liaoning/LN/2011_H5N5,0.020268,-0.075657,0.033119,0.044177,Avian,Others
2137_A/duck/Nanchang/9789,A/duck/Nanchang/9789/2013_H5N1,0.04847,-0.060984,0.027562,-0.088975,Avian,N1
2138_A/duck/Nantou/15A343,A/duck/Nantou/15A3437/2015_H5N2,-0.075933,0.078138,-0.104466,0.010011,Avian,N2
2139_A/duck/Nantou/17A024,A/duck/Nantou/17A0243/2017_H5N2,-0.074197,0.07448,-0.128683,-0.020375,Avian,N2
2140_A/duck/Pingtung/1501,A/duck/Pingtung/15010180/2015_H5N3,-0.068125,0.065776,-0.11372,0.013328,Avian,Others
2141_A/duck/Pingtung/1501,A/duck/Pingtung/15010444/2015_H5N2,-0.068615,0.073716,-0.103816,0.005247,Avian,N2
2142_A/duck/Pingtung/17A0,A/duck/Pingtung/17A0160/2017_H5N2,-0.074358,0.067533,-0.114696,-0.014275,Avian,N2
2143_A/duck/Pingtung/18A0,A/duck/Pingtung/18A00003-11-20T/2018_H5N2,-0.074818,0.090604,-0.141499,-0.031004,Avian,N2
2144_A/duck/Pingtung/18A0,A/duck/Pingtung/18A00076-11-20T/2018_H5N2,-0.09539,0.083812,-0.096439,-0.006621,Avian,N2
2145_A/duck/Pingtung/18X0,A/duck/Pingtung/18X00077/2018_H5N2,-0.048283,0.064382,-0.13346,-0.025488,Avian,N2
2146_A/duck/Shandong/009/,A/duck/Shandong/009/2008_H5N1,0.090322,-0.068418,-0.044651,-0.031891,Avian,N1
2147_A/duck/Shandong/Q1/2,A/duck/Shandong/Q1/2013_H5N8,-0.008034,-0.013911,0.018752,-0.005403,Avian,N8
2148_A/duck/Shandong/SD02,A/duck/Shandong/SD0261/2021_H5N6,-0.085668,0.042692,0.101152,-0.099997,Avian,N6
2149_A/duck/Shandong/SD02,A/duck/Shandong/SD0263/2021_H5N6,-0.085668,0.042692,0.101152,-0.099997,Avian,N6
2150_A/duck/Sichuan/NCXJ1,A/duck/Sichuan/NCXJ15/2014_H5N6,0.013242,-0.043996,0.077174,0.034126,Avian,N6
2151_A/duck/Sichuan/NCXJ1,A/duck/Sichuan/NCXJ16/2014_H5N6,0.010797,-0.041923,0.082809,0.030359,Avian,N6
2152_A/duck/Sichuan/NCXN1,A/duck/Sichuan/NCXN10/2014_H5N1,-0.041525,-0.03109,0.01648,0.068057,Avian,N1
2153_A/duck/Sichuan/NCXN1,A/duck/Sichuan/NCXN11/2014_H5N1,-0.029411,-0.026379,0.020959,0.057539,Avian,N1
2154_A/duck/Sichuan/SC482,A/duck/Sichuan/SC4822/2021_H5N6,-0.095009,0.033934,0.099114,-0.092291,Avian,N6
2155_A/duck/Sichuan/SC569,A/duck/Sichuan/SC5698/2021_H5N6,-0.096991,0.032797,0.101234,-0.086315,Avian,N6
2156_A/duck/Taichung/1501,A/duck/Taichung/15010400-1/2015_H5N2,-0.067224,0.072384,-0.108823,0.005816,Avian,N2
2157_A/duck/Tainan/150104,A/duck/Tainan/15010403/2015_H5N8,-0.039606,0.044382,-0.107602,0.018391,Avian,N8
2158_A/duck/Tainan/160100,A/duck/Tainan/16010020-1/2016_H5N2,-0.076338,0.084893,-0.09786,0.02404,Avian,N2
2159_A/duck/Tainan/16WB34,A/duck/Tainan/16WB3443-156-160/2016_H5N3,0.159864,-0.021868,-0.031751,-0.031304,Avian,Others
2160_A/duck/Taipei/05WB83,A/duck/Taipei/05WB830-1-5-E2/2005_H5N2,0.09957,0.012377,0.005005,-0.10505,Avian,N2
2161_A/duck/Taipei/18WB01,A/duck/Taipei/18WB0120-1-5-E1/2018_H5N3,0.17579,-0.039922,-0.025429,-0.046113,Avian,Others
2162_A/duck/Taipei/19WB02,A/duck/Taipei/19WB0235-14-16/2019_H5N3,0.132573,-0.003454,-0.037488,-0.05559,Avian,Others
2163_A/duck/Taiwan/01006/,A/duck/Taiwan/01006/2015_H5N2,-0.083017,0.072713,-0.060317,0.01513,Avian,N2
2164_A/duck/Taiwan/11213/,A/duck/Taiwan/11213/2013_H5N2,0.078967,-0.011746,-0.027655,0.002268,Avian,N2
2165_A/duck/Taiwan/11254/,A/duck/Taiwan/11254/2013_H5N2,0.110314,-0.029745,-0.029204,0.013197,Avian,N2
2166_A/duck/Taiwan/A3400/,A/duck/Taiwan/A3400/2015_H5N8,-0.058705,0.055976,-0.110357,0.010952,Avian,N8
2167_A/duck/Taiwan/DV1238,A/duck/Taiwan/DV1238/2009_H5N2,0.161894,-0.017656,-0.002671,-0.099399,Avian,N2
2168_A/duck/Taiwan/DV1241,A/duck/Taiwan/DV1241/2009_H5N2,0.184546,-0.036153,-0.00087,-0.078957,Avian,N2
2169_A/duck/Taiwan/DV1242,A/duck/Taiwan/DV1242/2009_H5N2,0.15882,-0.017255,-0.000511,-0.098022,Avian,N2
2170_A/duck/Taoyuan/16010,A/duck/Taoyuan/16010023-1/2016_H5N2,-0.019591,0.041876,-0.078461,-0.000942,Avian,N2
2171_A/duck/Wenzhou/YJYF3,A/duck/Wenzhou/YJYF33/2015_H5N1,0.139039,-0.109078,-0.010362,-0.081455,Avian,N1
2172_A/duck/Wuhan/JXYFB22,A/duck/Wuhan/JXYFB22/2015_H5N6,-0.026549,-0.023131,0.040482,0.032137,Avian,N6
2173_A/duck/Wuhan/WHYF02/,A/duck/Wuhan/WHYF02/2015_H5N6,-0.03233,-0.018651,0.029533,0.070347,Avian,N6
2174_A/duck/Xinjiang/12.1,A/duck/Xinjiang/12.18_WLMQXL001-C/2016_H5N8,-0.078622,0.022566,0.076917,-0.038696,Avian,N8
2175_A/duck/Yilan/17A0092,A/duck/Yilan/17A0092/2017_H5N2,-0.078599,0.064726,-0.120917,-0.013758,Avian,N2
2176_A/duck/Yunlin/150102,A/duck/Yunlin/15010244-1/2015_H5N2,-0.063333,0.066634,-0.103387,0.007566,Avian,N2
2177_A/duck/Yunlin/150102,A/duck/Yunlin/15010277/2015_H5N8,-0.065778,0.065598,-0.114478,0.019882,Avian,N8
2178_A/duck/Yunlin/150103,A/duck/Yunlin/15010310-4/2015_H5N2,-0.06814,0.068721,-0.106776,0.013374,Avian,N2
2179_A/duck/Yunlin/150103,A/duck/Yunlin/15010318-2/2015_H5N2,-0.067668,0.072594,-0.108441,0.006869,Avian,N2
2180_A/duck/Yunlin/150103,A/duck/Yunlin/15010369-1/2015_H5N2,-0.06885,0.071031,-0.104537,0.001211,Avian,N2
2181_A/duck/Yunlin/150104,A/duck/Yunlin/15010458-1/2015_H5N8,-0.062293,0.061344,-0.108882,0.012554,Avian,N8
2182_A/duck/Yunlin/150700,A/duck/Yunlin/15070002-2/2015_H5N2,-0.06679,0.07389,-0.10882,0.01178,Avian,N2
2183_A/duck/Yunlin/15A501,A/duck/Yunlin/15A5019/2015_H5N2,-0.067301,0.068568,-0.110815,0.00789,Avian,N2
2184_A/duck/Yunlin/171100,A/duck/Yunlin/17110001/2017_H5N2,-0.093851,0.0952,-0.110064,-0.039642,Avian,N2
2185_A/duck/Yunlin/17A008,A/duck/Yunlin/17A0086/2017_H5N2,-0.080099,0.064221,-0.127371,-0.005791,Avian,N2
2186_A/duck/Yunlin/17A068,A/duck/Yunlin/17A0686/2017_H5N2,-0.084108,0.097111,-0.125582,-0.046149,Avian,N2
2187_A/duck/Yunlin/180600,A/duck/Yunlin/18060007-3/2018_H5N2,-0.0853,0.084159,-0.115305,-0.038038,Avian,N2
2188_A/duck/Yunlin/18X000,A/duck/Yunlin/18X00007-3/2018_H5N2,-0.061721,0.051433,-0.095793,0.00336,Avian,N2
2189_A/duck/Yunnan/4072/2,A/duck/Yunnan/4072/2003_H5N1,0.092591,-0.080341,-0.017609,-0.036066,Avian,N1
2190_A/duck/Yunnan/426/20,A/duck/Yunnan/426/2004_H5N1,0.089668,-0.067312,-0.016621,-0.025578,Avian,N1
2191_A/duck/Yunnan/4645/2,A/duck/Yunnan/4645/2003_H5N1,0.082543,-0.063794,-0.023013,-0.052408,Avian,N1
2192_A/duck/Yunnan/47/200,A/duck/Yunnan/47/2006_H5N1,0.075654,-0.081068,-0.02648,-0.014711,Avian,N1
2193_A/duck/Yunnan/485/20,A/duck/Yunnan/485/2004_H5N1,0.091143,-0.061401,-0.021269,-0.041767,Avian,N1
2194_A/duck/Yunnan/4873/2,A/duck/Yunnan/4873/2006_H5N1,0.09011,-0.088153,-0.026546,0.002266,Avian,N1
2195_A/duck/Yunnan/5090/2,A/duck/Yunnan/5090/2003_H5N1,0.090137,-0.073173,-0.019815,-0.046205,Avian,N1
2196_A/duck/Yunnan/5169/2,A/duck/Yunnan/5169/2003_H5N1,0.089835,-0.072558,-0.020251,-0.045843,Avian,N1
2197_A/duck/Yunnan/522/20,A/duck/Yunnan/522/2004_H5N1,0.0894,-0.066677,-0.017139,-0.025322,Avian,N1
2198_A/duck/Yunnan/5310/2,A/duck/Yunnan/5310/2006_H5N1,0.092076,-0.0681,-0.03813,-0.012237,Avian,N1
2199_A/duck/Yunnan/5948/2,A/duck/Yunnan/5948/2003_H5N1,0.091153,-0.073022,-0.019583,-0.043398,Avian,N1
2200_A/duck/Yunnan/6080/2,A/duck/Yunnan/6080/2003_H5N1,0.092415,-0.06886,-0.019862,-0.033588,Avian,N1
2201_A/duck/Yunnan/6603/2,A/duck/Yunnan/6603/2003_H5N1,0.096573,-0.070181,-0.021707,-0.037385,Avian,N1
2202_A/duck/Zhejiang/1026,A/duck/Zhejiang/1026109/2015_H5N2,-0.007551,0.021271,-0.052415,0.024387,Avian,N2
2203_A/duck/Zhejiang/1220,A/duck/Zhejiang/1220092/2014_H5N1,0.149244,-0.102544,-0.02748,-0.085868,Avian,N1
2204_A/duck/Zhejiang/213/,A/duck/Zhejiang/213/2011_H5N1,0.042844,-0.039967,-0.050503,-0.103836,Avian,N1
2205_A/duck/Zhejiang/224/,A/duck/Zhejiang/224/2011_H5N1,0.048837,-0.039117,-0.075987,-0.10638,Avian,N1
2206_A/duck/Zhejiang/2242,A/duck/Zhejiang/2242/2011_H5N1,0.044942,-0.039966,-0.06434,-0.108156,Avian,N1
2207_A/duck/Zhejiang/2243,A/duck/Zhejiang/2243/2011_H5N1,0.044942,-0.039966,-0.06434,-0.108156,Avian,N1
2208_A/duck/Zhejiang/2244,A/duck/Zhejiang/2244/2011_H5N1,0.045155,-0.042323,-0.060254,-0.115415,Avian,N1
2209_A/duck/Zhejiang/2245,A/duck/Zhejiang/2245/2011_H5N1,0.044942,-0.039966,-0.06434,-0.108156,Avian,N1
2210_A/duck/Zhejiang/2248,A/duck/Zhejiang/2248/2011_H5N1,0.045063,-0.039911,-0.064833,-0.108257,Avian,N1
2211_A/duck/Zhejiang/6D18,A/duck/Zhejiang/6D18/2013_H5N8,-0.026913,-0.010572,0.0406,-0.008595,Avian,N8
2212_A/duck/Zhejiang/6D2/,A/duck/Zhejiang/6D2/2013_H5N6,0.006865,-0.040541,0.081226,0.03397,Avian,N6
2213_A/duck/Zhejiang/6DK1,A/duck/Zhejiang/6DK19/2013_H5N2,0.006877,-0.040157,0.080198,0.034643,Avian,N2
2214_A/duck/Zhejiang/7270,A/duck/Zhejiang/727041/2014_H5N2,-0.031882,-0.046552,0.032454,0.098836,Avian,N2
2215_A/duck/Zhejiang/7271,A/duck/Zhejiang/727158/2014_H5N6,-0.031611,-0.031921,0.028063,0.085911,Avian,N6
2216_A/duck/Zhejiang/7713,A/duck/Zhejiang/77138/2014_H5N2,-0.010341,-0.035999,0.085061,0.028505,Avian,N2
2217_A/duck/Zhejiang/9250,A/duck/Zhejiang/925019/2014_H5N8,-0.030969,-0.005001,0.050276,-0.046361,Avian,N8
2218_A/duck/Zhejiang/9251,A/duck/Zhejiang/925169/2014_H5N8,-0.028489,-0.003025,0.040681,-0.043873,Avian,N8
2219_A/duck/Zhejiang/W24/,A/duck/Zhejiang/W24/2013_H5N8,-0.031574,-0.008763,0.042388,-0.022123,Avian,N8
2220_A/egret/Zhejiang/W15,A/egret/Zhejiang/W15/2017_H5N6,-0.016623,-0.027791,-0.007706,0.086219,Avian,N6
2221_A/egret/Zhejiang/W18,A/egret/Zhejiang/W18/2017_H5N6,-0.006868,-0.038142,0.044607,0.037828,Avian,N6
2222_A/equine/China/61/20,A/equine/China/61/2010_H5N1,0.080353,-0.080134,-0.015834,-0.010752,Nonhuman Mammal,N1
2223_A/equine/China/67/20,A/equine/China/67/2010_H5N1,0.081938,-0.076231,-0.009055,-0.02277,Nonhuman Mammal,N1
2224_A/equine/China/68/20,A/equine/China/68/2010_H5N1,0.082183,-0.084057,-0.023032,-0.012564,Nonhuman Mammal,N1
2225_A/eurasian_coot/Shan,A/eurasian_coot/Shandong/W5611/2020_H5N8,-0.095561,0.033599,0.101825,-0.085504,Avian,N8
2226_A/eurasian_coot/Shan,A/eurasian_coot/Shandong/W6137/2020_H5N8,-0.091325,0.033985,0.101999,-0.091997,Avian,N8
2227_A/eurasian_coot/Shan,A/eurasian_coot/Shandong/W6143/2020_H5N8,-0.090104,0.030819,0.108669,-0.093434,Avian,N8
2228_A/eurasian_coot/Shan,A/eurasian_coot/Shandong/W6150/2020_H5N8,-0.095561,0.033599,0.101825,-0.085504,Avian,N8
2229_A/feline/Guangdong/2,A/feline/Guangdong/2/2015_H5N6,-0.030357,-0.030052,0.026143,0.068795,Nonhuman Mammal,N6
2230_A/gadwall/Ningxia/YG,A/gadwall/Ningxia/YG61/2017_H5N6,0.161613,-0.041888,-0.007818,-0.066503,Avian,N6
2231_A/goose/Changhua/150,A/goose/Changhua/15040008/2015_H5N2,-0.074916,0.072127,-0.105454,0.011275,Avian,N2
2232_A/goose/Chiayi/15010,A/goose/Chiayi/15010008-3/2015_H5N2,-0.067668,0.072594,-0.108441,0.006869,Avian,N2
2233_A/goose/Chiayi/15010,A/goose/Chiayi/15010016-1/2015_H5N2,-0.068589,0.076273,-0.106499,0.01125,Avian,N2
2234_A/goose/Chiayi/15020,A/goose/Chiayi/15020022/2015_H5N8,-0.064045,0.065226,-0.113148,0.012322,Avian,N8
2235_A/goose/Chiayi/16010,A/goose/Chiayi/16010017-2/2016_H5N2,-0.076782,0.085102,-0.097479,0.025093,Avian,N2
2236_A/goose/Chiayi/16040,A/goose/Chiayi/16040003-1/2016_H5N2,-0.06801,0.076415,-0.113503,0.025038,Avian,N2
2237_A/goose/Chiayi/16040,A/goose/Chiayi/16040005/2016_H5N2,-0.06362,0.073712,-0.109435,0.010011,Avian,N2
2238_A/goose/Chiayi/17020,A/goose/Chiayi/17020027-1/2017_H5N2,-0.073409,0.076231,-0.122729,-0.028814,Avian,N2
2239_A/goose/Chiayi/17040,A/goose/Chiayi/17040014/2017_H5N2,-0.058464,0.068445,-0.114488,0.00434,Avian,N2
2240_A/goose/Chiayi/18010,A/goose/Chiayi/18010006/2018_H5N2,-0.099832,0.095336,-0.111343,-0.029492,Avian,N2
2241_A/goose/Chiayi/18020,A/goose/Chiayi/18020014-1/2018_H5N2,-0.09306,0.090036,-0.119452,-0.026207,Avian,N2
2242_A/goose/Chiayi/18020,A/goose/Chiayi/18020014-2/2018_H5N2,-0.09306,0.090036,-0.119452,-0.026207,Avian,N2
2243_A/goose/China/0701/2,A/goose/China/0701/2018_H5N6,0.02442,-0.038976,0.023491,0.039022,Avian,N6
2244_A/goose/China/1/2021,A/goose/China/1/2021_H5N8,-0.099564,0.050197,0.086676,-0.062651,Avian,N8
2245_A/goose/China/1106/2,A/goose/China/1106/2016_H5N2,-0.002455,0.01432,-0.042623,0.018747,Avian,N2
2246_A/goose/China/E43/20,A/goose/China/E43/2012_H5N1,0.031351,-0.030342,-0.052039,-0.095869,Avian,N1
2247_A/goose/China/M14/20,A/goose/China/M14/2016_H5N6,-0.011204,-0.030173,-0.039059,0.078535,Avian,N6
2248_A/goose/Eastern_Chin,A/goose/Eastern_China/1112/2011_H5N2,-0.007806,-0.032521,0.039386,0.01009,Avian,N2
2249_A/goose/Eastern_Chin,A/goose/Eastern_China/223/2008_H5N1,0.103682,-0.077746,-0.043596,-0.038646,Avian,N1
2250_A/goose/Eastern_Chin,A/goose/Eastern_China/CZ/2013_H5N8,-0.027093,-0.014092,0.035778,-0.018071,Avian,N8
2251_A/goose/Eastern_Chin,A/goose/Eastern_China/L1204/2012_H5N8,-0.034203,-0.016055,0.027794,0.007359,Avian,N8
2252_A/goose/Eastern_Chin,A/goose/Eastern_China/L1214/2012_H5N8,-0.020691,-0.033551,0.034315,0.046354,Avian,N8
2253_A/goose/Eastern_Chin,A/goose/Eastern_China/S0408/2014_H5N8,-0.029851,-0.012661,0.036966,-0.014853,Avian,N8
2254_A/goose/Eastern_Chin,A/goose/Eastern_China/S0513/2013_H5N6,-0.024093,-0.028158,0.0255,0.06461,Avian,N6
2255_A/goose/Fujian/10.11,A/goose/Fujian/10.11_FZHX1001-C/2016_H5N6,0.00011,-0.044604,-0.006556,0.084586,Avian,N6
2256_A/goose/Fujian/10.26,A/goose/Fujian/10.26_FZHX0002-C/2017_H5N6,-0.031577,-0.010277,-0.01464,0.044003,Avian,N6
2257_A/goose/Fujian/10.26,A/goose/Fujian/10.26_FZHX0002-O/2017_H5N6,-0.031577,-0.010277,-0.01464,0.044003,Avian,N6
2258_A/goose/Fujian/10.26,A/goose/Fujian/10.26_FZHX0004-C/2017_H5N6,-0.030297,-0.010864,-0.014933,0.043105,Avian,N6
2259_A/goose/Fujian/10.26,A/goose/Fujian/10.26_FZHX0004-O/2017_H5N6,-0.030297,-0.010864,-0.014933,0.043105,Avian,N6
2260_A/goose/Fujian/10.26,A/goose/Fujian/10.26_FZHX0006-C/2017_H5N6,-0.030297,-0.010864,-0.014933,0.043105,Avian,N6
2261_A/goose/Fujian/10.26,A/goose/Fujian/10.26_FZHX0006-O/2017_H5N6,-0.030297,-0.010864,-0.014933,0.043105,Avian,N6
2262_A/goose/Fujian/10.26,A/goose/Fujian/10.26_FZHX0007-O/2017_H5N6,-0.031273,-0.00697,-0.016631,0.042265,Avian,N6
2263_A/goose/Fujian/10.26,A/goose/Fujian/10.26_FZHX0008-C/2017_H5N6,-0.030297,-0.010864,-0.014933,0.043105,Avian,N6
2264_A/goose/Fujian/10.26,A/goose/Fujian/10.26_FZHX0014-O/2017_H5N6,-0.031577,-0.010277,-0.01464,0.044003,Avian,N6
2265_A/goose/Fujian/11.3_,A/goose/Fujian/11.3_FZHX1102-C/2016_H5N6,0.000315,-0.040971,-0.008782,0.082741,Avian,N6
2266_A/goose/Fujian/3.15_,A/goose/Fujian/3.15_FZHX0001-O/2018_H5N6,0.024274,-0.027617,0.017828,0.033916,Avian,N6
2267_A/goose/Fujian/3.15_,A/goose/Fujian/3.15_FZHX0005-C/2018_H5N6,0.024274,-0.027617,0.017828,0.033916,Avian,N6
2268_A/goose/Fujian/3.15_,A/goose/Fujian/3.15_FZHX0007-C/2018_H5N6,0.025724,-0.028392,0.016224,0.047563,Avian,N6
2269_A/goose/Fujian/3.15_,A/goose/Fujian/3.15_FZHX0008-C/2018_H5N6,0.027673,-0.032666,0.019235,0.028113,Avian,N6
2270_A/goose/Fujian/3.15_,A/goose/Fujian/3.15_FZHX0010-O/2018_H5N6,0.022682,-0.023067,0.02007,0.049902,Avian,N6
2271_A/goose/GuangDong/11,A/goose/GuangDong/1189/2023_H5N1,-0.108027,0.04972,0.069477,-0.076194,Avian,N1
2272_A/goose/Guangdong/7.,A/goose/Guangdong/7.20_DGCP010-C/2017_H5N6,0.033425,-0.024929,0.016067,0.029348,Avian,N6
2273_A/goose/Guangdong/72,A/goose/Guangdong/72/2004_H5N1,0.125716,-0.08409,-0.013832,-0.053816,Avian,N1
2274_A/goose/Guangdong/QY,A/goose/Guangdong/QY01/2016_H5N6,0.049429,-0.066402,0.048853,0.089572,Avian,N6
2275_A/goose/Guangdong/k0,A/goose/Guangdong/k0103/2010_H5N5,0.029994,-0.060243,0.033255,-0.001622,Avian,Others
2276_A/goose/Guangdong/s1,A/goose/Guangdong/s13124/2013_H5N8,-0.02404,-0.022097,0.028753,0.023873,Avian,N8
2277_A/goose/Hebei/HG12/2,A/goose/Hebei/HG12/2021_H5N8,-0.084582,0.032821,0.101707,-0.101262,Avian,N8
2278_A/goose/Henan/01.01_,A/goose/Henan/01.01_LYGL001-O/2017_H5N6,-0.006948,-0.024527,-0.010395,0.061644,Avian,N6
2279_A/goose/Hong_Kong/23,A/goose/Hong_Kong/23/1978_H5N3,0.120712,-0.00492,-0.040865,-0.101886,Avian,Others
2280_A/goose/Hubei/65/200,A/goose/Hubei/65/2005_H5N1,0.082398,-0.082812,-0.023014,-0.026345,Avian,N1
2281_A/goose/Inner_Mongol,A/goose/Inner_Mongolia/IM-192/2014_H5N1,0.126196,-0.082546,-0.05298,-0.084203,Avian,N1
2282_A/goose/Jiangsu/QD5/,A/goose/Jiangsu/QD5/2014_H5N8,-0.01437,-0.012267,0.033513,-0.004425,Avian,N8
2283_A/goose/Jiangsu/k040,A/goose/Jiangsu/k0403/2010_H5N1,0.111579,-0.059566,-0.065918,-0.111976,Avian,N1
2284_A/goose/Pingtung/150,A/goose/Pingtung/15010007-4/2015_H5N2,-0.064716,0.070833,-0.109289,0.003044,Avian,N2
2285_A/goose/Pingtung/150,A/goose/Pingtung/15010037-1/2015_H5N2,-0.067668,0.072594,-0.108441,0.006869,Avian,N2
2286_A/goose/Pingtung/150,A/goose/Pingtung/15050014/2015_H5N8,-0.057986,0.067675,-0.115109,0.00161,Avian,N8
2287_A/goose/Pingtung/160,A/goose/Pingtung/16010061/2016_H5N8,-0.049363,0.063413,-0.12164,-0.003157,Avian,N8
2288_A/goose/Shantou/1763,A/goose/Shantou/1763/2014_H5N6,-0.027925,-0.036127,0.028382,0.079735,Avian,N6
2289_A/goose/Tainan/16040,A/goose/Tainan/16040018-1/2016_H5N8,-0.045195,0.069376,-0.116119,-0.004087,Avian,N8
2290_A/goose/Tainan/16070,A/goose/Tainan/16070002/2016_H5N8,-0.040247,0.062411,-0.112352,-0.001367,Avian,N8
2291_A/goose/Tainan/17030,A/goose/Tainan/17030022-1/2017_H5N2,-0.078548,0.07012,-0.121717,-0.011875,Avian,N2
2292_A/goose/Tainan/17030,A/goose/Tainan/17030024-1/2017_H5N2,-0.083558,0.078478,-0.133803,-0.021383,Avian,N2
2293_A/goose/Tainan/18010,A/goose/Tainan/18010022-1/2018_H5N2,-0.106271,0.114722,-0.139278,-0.025743,Avian,N2
2294_A/goose/Tainan/18050,A/goose/Tainan/18050014-1/2018_H5N2,-0.072027,0.074076,-0.119642,-0.038206,Avian,N2
2295_A/goose/Taiwan/01019,A/goose/Taiwan/01019/2015_H5N8,-0.039343,0.04371,-0.107022,0.018177,Avian,N8
2296_A/goose/Taiwan/01022,A/goose/Taiwan/01022/2015_H5N2,-0.067224,0.072384,-0.108823,0.005816,Avian,N2
2297_A/goose/Taiwan/01023,A/goose/Taiwan/01023/2015_H5N2,-0.068589,0.076273,-0.106499,0.01125,Avian,N2
2298_A/goose/Taiwan/01031,A/goose/Taiwan/01031/2015_H5N2,-0.067668,0.072594,-0.108441,0.006869,Avian,N2
2299_A/goose/Taiwan/01038,A/goose/Taiwan/01038/2015_H5N3,-0.068125,0.065776,-0.11372,0.013328,Avian,Others
2300_A/goose/Taiwan/01039,A/goose/Taiwan/01039/2015_H5N8,-0.069895,0.063901,-0.109631,0.017689,Avian,N8
2301_A/goose/Taiwan/01040,A/goose/Taiwan/01040/2015_H5N2,-0.068399,0.074491,-0.109697,0.005292,Avian,N2
2302_A/goose/Taiwan/TNC1/,A/goose/Taiwan/TNC1/2015_H5N8,-0.061645,0.064308,-0.110373,0.006834,Avian,N8
2303_A/goose/Taiwan/TNC10,A/goose/Taiwan/TNC10/2015_H5N8,-0.063577,0.064382,-0.114534,0.014321,Avian,N8
2304_A/goose/Taiwan/TNC11,A/goose/Taiwan/TNC11/2015_H5N8,-0.039606,0.044382,-0.107602,0.018391,Avian,N8
2305_A/goose/Taiwan/TNC12,A/goose/Taiwan/TNC12/2015_H5N8,-0.063577,0.064382,-0.114534,0.014321,Avian,N8
2306_A/goose/Taiwan/TNC14,A/goose/Taiwan/TNC14/2015_H5N8,-0.063577,0.064382,-0.114534,0.014321,Avian,N8
2307_A/goose/Taiwan/TNC3/,A/goose/Taiwan/TNC3/2015_H5N8,-0.063872,0.060698,-0.114667,0.020695,Avian,N8
2308_A/goose/Taiwan/TNC7/,A/goose/Taiwan/TNC7/2015_H5N8,-0.063577,0.064382,-0.114534,0.014321,Avian,N8
2309_A/goose/Taiwan/TNC9/,A/goose/Taiwan/TNC9/2015_H5N8,-0.063872,0.060698,-0.114667,0.020695,Avian,N8
2310_A/goose/Taiwan/TNO15,A/goose/Taiwan/TNO15/2015_H5N8,-0.039606,0.044382,-0.107602,0.018391,Avian,N8
2311_A/goose/Taiwan/TNO3/,A/goose/Taiwan/TNO3/2015_H5N8,-0.067681,0.065567,-0.114101,0.012275,Avian,N8
2312_A/goose/Taiwan/TNO9/,A/goose/Taiwan/TNO9/2015_H5N8,-0.039606,0.044382,-0.107602,0.018391,Avian,N8
2313_A/goose/Taoyuan/1501,A/goose/Taoyuan/15010041/2015_H5N8,-0.06391,0.064106,-0.111709,0.012793,Avian,N8
2314_A/goose/Taoyuan/1812,A/goose/Taoyuan/18120002-2/2018_H5N2,-0.070163,0.070968,-0.109679,-0.049644,Avian,N2
2315_A/goose/Xinjiang/12.,A/goose/Xinjiang/12.18_WLMQXL001-C/2016_H5N6,-0.011173,-0.017483,-0.003809,0.037306,Avian,N6
2316_A/goose/Xinjiang/12.,A/goose/Xinjiang/12.18_WLMQXL002-O/2016_H5N6,-0.011173,-0.017483,-0.003809,0.037306,Avian,N6
2317_A/goose/Xinjiang/12.,A/goose/Xinjiang/12.18_WLMQXL003-C/2016_H5N8,-0.08718,0.024122,0.079523,-0.037593,Avian,N8
2318_A/goose/Xinjiang/12.,A/goose/Xinjiang/12.18_WLMQXL003-O/2016_H5N8,-0.08718,0.024122,0.079523,-0.037593,Avian,N8
2319_A/goose/Xinjiang/12.,A/goose/Xinjiang/12.18_WLMQXL004-C/2016_H5N8,-0.08718,0.024122,0.079523,-0.037593,Avian,N8
2320_A/goose/Xinjiang/12.,A/goose/Xinjiang/12.18_WLMQXL004-O/2016_H5N8,-0.08718,0.024122,0.079523,-0.037593,Avian,N8
2321_A/goose/Yangzhou/042,A/goose/Yangzhou/0420/2014_H5N8,-0.037096,-0.014237,0.038097,-0.008974,Avian,N8
2322_A/goose/Yangzhou/YZ5,A/goose/Yangzhou/YZ587/2016_H5N6,0.00728,0.005335,0.016194,0.038534,Avian,N6
2323_A/goose/Yunlin/15010,A/goose/Yunlin/15010005/2015_H5N2,-0.066837,0.073489,-0.109137,0.003218,Avian,N2
2324_A/goose/Yunlin/15010,A/goose/Yunlin/15010009-1/2015_H5N2,-0.067668,0.072594,-0.108441,0.006869,Avian,N2
2325_A/goose/Yunlin/15010,A/goose/Yunlin/15010010-2/2015_H5N2,-0.068399,0.074491,-0.109697,0.005292,Avian,N2
2326_A/goose/Yunlin/15010,A/goose/Yunlin/15010011-1/2015_H5N2,-0.068399,0.074491,-0.109697,0.005292,Avian,N2
2327_A/goose/Yunlin/15010,A/goose/Yunlin/15010029-1/2015_H5N2,-0.063144,0.074162,-0.106965,-0.002248,Avian,N2
2328_A/goose/Yunlin/15040,A/goose/Yunlin/15040040/2015_H5N8,-0.035526,0.043832,-0.10703,0.017384,Avian,N8
2329_A/goose/Yunlin/16020,A/goose/Yunlin/16020008-4/2016_H5N2,-0.05661,0.07085,-0.10596,0.008433,Avian,N2
2330_A/goose/Yunlin/16020,A/goose/Yunlin/16020011-1/2016_H5N2,-0.008432,0.02179,-0.077166,0.024292,Avian,N2
2331_A/goose/Yunlin/16040,A/goose/Yunlin/16040002-2/2016_H5N2,-0.06218,0.072235,-0.103509,0.011163,Avian,N2
2332_A/goose/Yunlin/17100,A/goose/Yunlin/17100005/2017_H5N2,-0.084141,0.07921,-0.116103,0.004128,Avian,N2
2333_A/goose/Yunlin/18030,A/goose/Yunlin/18030020-2/2018_H5N2,-0.044065,0.059769,-0.129659,-0.005063,Avian,N2
2334_A/goose/Yunlin/18030,A/goose/Yunlin/18030020-3/2018_H5N2,-0.04252,0.058757,-0.129129,-0.007075,Avian,N2
2335_A/goose/Yunlin/18040,A/goose/Yunlin/18040002-3/2018_H5N2,-0.080072,0.094676,-0.116438,-0.033173,Avian,N2
2336_A/goose/Yunlin/18040,A/goose/Yunlin/18040018-2/2018_H5N2,-0.069609,0.073211,-0.121151,-0.045996,Avian,N2
2337_A/goose/Yunlin/18090,A/goose/Yunlin/18090002-3/2018_H5N2,-0.065854,0.068199,-0.117841,-0.044914,Avian,N2
2338_A/goose/Yunlin/18090,A/goose/Yunlin/18090006-1/2018_H5N2,-0.069735,0.086075,-0.139827,-0.045964,Avian,N2
2339_A/goose/Yunlin/18110,A/goose/Yunlin/18110002-3/2018_H5N2,-0.061464,0.067873,-0.104019,-0.068287,Avian,N2
2340_A/goose/Yunnan/3798/,A/goose/Yunnan/3798/2006_H5N1,0.081532,-0.08708,-0.028807,-0.015328,Avian,N1
2341_A/goose/Yunnan/4371/,A/goose/Yunnan/4371/2006_H5N1,0.09011,-0.088153,-0.026546,0.002266,Avian,N1
2342_A/goose/Yunnan/4389/,A/goose/Yunnan/4389/2006_H5N1,0.09011,-0.088153,-0.026546,0.002266,Avian,N1
2343_A/goose/Yunnan/4985/,A/goose/Yunnan/4985/2006_H5N1,0.091086,-0.087402,-0.027019,0.001551,Avian,N1
2344_A/goose/Yunnan/5141/,A/goose/Yunnan/5141/2006_H5N1,0.090558,-0.085061,-0.022533,-0.025283,Avian,N1
2345_A/goose/Yunnan/5769/,A/goose/Yunnan/5769/2006_H5N1,0.092573,-0.068849,-0.042784,-0.008589,Avian,N1
2346_A/goose/Yunnan/5979/,A/goose/Yunnan/5979/2006_H5N1,0.092089,-0.070833,-0.046444,-0.007341,Avian,N1
2347_A/goose/Yunnan/6193/,A/goose/Yunnan/6193/2006_H5N1,0.100304,-0.089866,-0.038709,-0.014894,Avian,N1
2348_A/goose/Zhejiang/112,A/goose/Zhejiang/1120132/2014_H5N6,0.018552,-0.025582,0.070489,-0.007667,Avian,N6
2349_A/goose/Zhejiang/112,A/goose/Zhejiang/112071/2014_H5N1,0.173953,-0.088455,-0.061498,-0.049981,Avian,N1
2350_A/goose/Zhejiang/112,A/goose/Zhejiang/112080/2014_H5N6,0.020349,-0.024022,0.069111,0.006632,Avian,N6
2351_A/goose/Zhejiang/727,A/goose/Zhejiang/727092/2014_H5N6,-0.029624,-0.03089,0.029157,0.082684,Avian,N6
2352_A/goose/Zhejiang/727,A/goose/Zhejiang/727098/2014_H5N1,0.117394,-0.085348,-0.053133,-0.074048,Avian,N1
2353_A/goose/Zhejiang/727,A/goose/Zhejiang/727110/2014_H5N6,-0.030914,-0.028796,0.026495,0.091075,Avian,N6
2354_A/goose/Zhejiang/771,A/goose/Zhejiang/77166/2014_H5N2,-0.029412,-0.010111,0.041202,-0.016915,Avian,N2
2355_A/goose/Zhejiang/771,A/goose/Zhejiang/77167/2014_H5N2,0.001841,-0.038616,0.078408,0.030213,Avian,N2
2356_A/goose/Zhejiang/771,A/goose/Zhejiang/77168/2014_H5N2,0.004652,-0.040545,0.073544,0.031163,Avian,N2
2357_A/goose/Zhejiang/925,A/goose/Zhejiang/925036/2014_H5N6,-0.026231,-0.019732,0.03184,0.047737,Avian,N6
2358_A/goose/Zhejiang/925,A/goose/Zhejiang/925037/2014_H5N8,-0.017911,-0.012241,0.045272,-0.021898,Avian,N8
2359_A/goose/Zhejiang/925,A/goose/Zhejiang/925104/2014_H5N8,-0.017911,-0.012241,0.045272,-0.021898,Avian,N8
2360_A/goose/Zhejiang/925,A/goose/Zhejiang/925105/2014_H5N6,0.018994,-0.044225,0.078005,0.035726,Avian,N6
2361_A/goose/Zhejiang/925,A/goose/Zhejiang/925106/2014_H5N6,-0.019331,-0.01294,0.045618,-0.029543,Avian,N6
2362_A/goose/Zhejiang/925,A/goose/Zhejiang/925108/2014_H5N6,0.018523,-0.039049,0.06542,0.033565,Avian,N6
2363_A/great_black-headed,A/great_black-headed_gull/Qinghai/8/2009_H5N1,0.121266,-0.067248,-0.040719,-0.114866,Avian,N1
2364_A/great_crested-greb,A/great_crested-grebe/Qinghai/1/2009_H5N1,0.115601,-0.069082,-0.040089,-0.122487,Avian,N1
2365_A/great_egret/Hong_K,A/great_egret/Hong_Kong/807/2008_H5N1,0.098668,-0.077252,-0.073382,-0.089124,Avian,N1
2366_A/great_tit/Panjing/,A/great_tit/Panjing/PJ-66/2013_H5N1,0.306145,0.190186,0.056225,-0.026311,Avian,N1
2367_A/green-winged_teal/,A/green-winged_teal/Xianghai/430/2011_H5N2,0.164225,-0.043398,0.001346,-0.052058,Avian,N2
2368_A/grey_heron/Hong_Ko,A/grey_heron/Hong_Kong/1046/2008_H5N1,0.085226,-0.068677,-0.053411,-0.107961,Avian,N1
2369_A/grey_heron/Hong_Ko,A/grey_heron/Hong_Kong/3088/2007_H5N1,0.091911,-0.072612,-0.060334,-0.09953,Avian,N1
2370_A/heron/Kaohsiung/15,A/heron/Kaohsiung/15WB3284-1-5/2015_H5N3,0.16701,-0.005703,-0.040518,-0.072254,Avian,Others
2371_A/heron/Yilan/17DB00,A/heron/Yilan/17DB0001/2017_H5N2,-0.080929,0.076229,-0.12348,-0.008414,Avian,N2
2372_A/hill_myna/Heilongj,A/hill_myna/Heilongjiang/0704/2012_H5N1,0.145967,-0.092148,-0.034784,-0.073102,Avian,N1
2373_A/lesser_kestrel/Hei,A/lesser_kestrel/Heilongjiang/194/2007_H5N1,0.100635,-0.072589,-0.01466,-0.039646,Avian,N1
2374_A/lion/Hubei/1-2/201,A/lion/Hubei/1-2/2016_H5N1,0.139975,-0.084987,-0.029831,-0.084353,Nonhuman Mammal,N1
2375_A/little_egret/Hong_,A/little_egret/Hong_Kong/8550/2007_H5N1,0.10191,-0.065785,-0.052595,-0.089577,Avian,N1
2376_A/little_grebe/Xiang,A/little_grebe/Xianghai/429/2011_H5N2,0.15084,-0.041908,0.006937,-0.059273,Avian,N2
2377_A/magpie_robin/Hong_,A/magpie_robin/Hong_Kong/1097/2008_H5N1,0.095521,-0.071017,-0.060984,-0.103475,Avian,N1
2378_A/magpie_robin/Hong_,A/magpie_robin/Hong_Kong/1897/2008_H5N1,0.090655,-0.070148,-0.056387,-0.10105,Avian,N1
2379_A/mallard/Shanghai/S,A/mallard/Shanghai/SH-9/2013_H5N8,-0.026058,-0.013173,0.033267,-0.023051,Avian,N8
2380_A/meerkat/Shanghai/S,A/meerkat/Shanghai/SH-1/2012_H5N1,0.129853,-0.087526,-0.049158,-0.084705,Avian,N1
2381_A/migratory_waterfow,A/migratory_waterfowl/Hubei/Chenhu1306/2014_H5N6,0.011372,-0.043,0.07329,0.027725,Avian,N6
2382_A/migratory_waterfow,A/migratory_waterfowl/Hubei/Chenhu1347/2014_H5N6,0.007581,-0.043596,0.072734,0.033165,Avian,N6
2383_A/mink/China/181/201,A/mink/China/181/2019_H5N6,0.039018,-0.048504,0.001166,0.050157,Nonhuman Mammal,N6
2384_A/mink/China/183/201,A/mink/China/183/2019_H5N6,-0.010762,-0.028195,0.032245,0.056425,Nonhuman Mammal,N6
2385_A/mink/China/191/201,A/mink/China/191/2019_H5N6,-0.007185,-0.03212,0.038686,0.056338,Nonhuman Mammal,N6
2386_A/mink/China/456/201,A/mink/China/456/2018_H5N6,0.02281,-0.010816,-0.00247,0.039903,Nonhuman Mammal,N6
2387_A/mink/China/G/2015_,A/mink/China/G/2015_H5N1,0.03327,-0.023662,-0.045934,-0.104396,Nonhuman Mammal,N1
2388_A/mink/China/XB/2015,A/mink/China/XB/2015_H5N1,0.147019,-0.100686,-0.023097,-0.093126,Nonhuman Mammal,N1
2389_A/mink/Eastern_China,A/mink/Eastern_China/006/2018_H5N6,0.037889,-0.063114,0.036004,0.104864,Nonhuman Mammal,N6
2390_A/mink/Eastern_China,A/mink/Eastern_China/0712/2018_H5N1,0.0197,-0.036105,0.025873,0.042392,Nonhuman Mammal,N1
2391_A/mink/Eastern_China,A/mink/Eastern_China/149/2018_H5N6,0.020463,-0.059932,0.045892,0.090342,Nonhuman Mammal,N6
2392_A/mink/Eastern_China,A/mink/Eastern_China/528/2018_H5N6,0.041843,-0.063116,0.03655,0.099334,Nonhuman Mammal,N6
2393_A/mink/Eastern_China,A/mink/Eastern_China/571/2018_H5N6,0.030764,-0.038237,0.019716,0.03956,Nonhuman Mammal,N6
2394_A/mink/Northern_Chin,A/mink/Northern_China/110/2018_H5N6,-0.057364,-0.005701,0.087329,-0.018339,Nonhuman Mammal,N6
2395_A/night_heron/Taiwan,A/night_heron/Taiwan/A289/2015_H5N2,-0.063332,0.067175,-0.118768,0.006607,Avian,N2
2396_A/oriental_magpie_ro,A/oriental_magpie_robin/HK/6154/2015_H5N6,-0.008716,-0.031472,-0.023709,0.074527,Avian,N6
2397_A/ostrich/Suzhou/097,A/ostrich/Suzhou/097/2003_H5N1,0.104745,-0.078485,-0.024067,-0.052914,Avian,N1
2398_A/parrot/Guangdong/2,A/parrot/Guangdong/258/2004_H5N2,0.139613,0.023256,0.028705,-0.056042,Avian,N2
2399_A/parrot/Guangdong/C,A/parrot/Guangdong/C99/2005_H5N1,0.115703,-0.096175,-0.007721,-0.079499,Avian,N1
2400_A/partridge/Shantou/,A/partridge/Shantou/2886/2003_H5N1,0.129826,-0.112471,-0.003504,-0.053682,Avian,N1
2401_A/peacock/Yunnan/1/2,A/peacock/Yunnan/1/2015_H5N1,0.146522,-0.112777,-0.011724,-0.068787,Avian,N1
2402_A/peacock/Yunnan/3/2,A/peacock/Yunnan/3/2015_H5N1,0.153893,-0.111826,-0.012001,-0.082532,Avian,N1
2403_A/peregrine_falcon/H,A/peregrine_falcon/Hong_Kong/2142/2008_H5N1,0.118806,-0.089479,-0.03514,-0.023417,Avian,N1
2404_A/pheasant/Shantou/3,A/pheasant/Shantou/3535/2003_H5N1,0.141919,-0.10781,-0.004873,-0.058035,Avian,N1
2405_A/pheasant/Shantou/4,A/pheasant/Shantou/4567/2002_H5N1,0.119047,-0.107284,-0.002136,-0.073905,Avian,N1
2406_A/pied_megpie/Liaoni,A/pied_megpie/Liaoning/7/2006_H5N1,0.078501,-0.071397,-0.021369,-0.055405,Avian,N1
2407_A/pigeon/Fujian/1.17,A/pigeon/Fujian/1.17_FZHX0104-O/2017_H5N6,0.00011,-0.044604,-0.006556,0.084586,Avian,N6
2408_A/pigeon/Hainan/1.14,A/pigeon/Hainan/1.14_HKPL006-C/2018_H5N6,0.029271,-0.038127,0.006009,0.049491,Avian,N6
2409_A/pigeon/Hubei/RP25/,A/pigeon/Hubei/RP25/2012_H5N1,0.118092,-0.080786,-0.042691,-0.028341,Avian,N1
2410_A/pigeon/Sichuan/NCX,A/pigeon/Sichuan/NCXN29/2014_H5N1,-0.029183,-0.026074,0.019866,0.057835,Avian,N1
2411_A/pigeon/Zhejiang/11,A/pigeon/Zhejiang/112089/2014_H5N1,0.173418,-0.091414,-0.050006,-0.051386,Avian,N1
2412_A/pigeon/Zhejiang/11,A/pigeon/Zhejiang/112090/2014_H5N1,0.141903,-0.099673,-0.050092,-0.065894,Avian,N1
2413_A/pigeon/Zhejiang/72,A/pigeon/Zhejiang/727097/2014_H5N1,0.117394,-0.085348,-0.053133,-0.074048,Avian,N1
2414_A/plateau_pika/Qingh,A/plateau_pika/Qinghai/04/2007_H5N1,0.158704,-0.101295,0.000714,-0.055084,Nonhuman Mammal,N1
2415_A/quail/Guangxi/11/2,A/quail/Guangxi/11/2002_H5N1,0.13757,-0.103449,-0.02293,-0.039075,Avian,N1
2416_A/quail/Guangxi/12/2,A/quail/Guangxi/12/2002_H5N1,0.124578,-0.092715,-0.017298,-0.053724,Avian,N1
2417_A/quail/Guangxi/13/2,A/quail/Guangxi/13/2002_H5N1,0.132777,-0.097598,-0.020016,-0.052787,Avian,N1
2418_A/quail/Jiangsu/k010,A/quail/Jiangsu/k0104/2010_H5N5,0.024505,-0.068652,0.037749,0.00748,Avian,Others
2419_A/quail/Nanchang/663,A/quail/Nanchang/6631/2013_H5N1,0.048923,-0.064964,0.030109,-0.092221,Avian,N1
2420_A/shrike/Tibet/13/20,A/shrike/Tibet/13/2006_H5N1,0.089383,-0.080104,-0.029781,-0.033305,Avian,N1
2421_A/silkie_chicken/Don,A/silkie_chicken/Dongguan/2809/2013_H5N6,-0.024728,-0.029359,0.032888,0.063343,Avian,N6
2422_A/silky_chicken/Shan,A/silky_chicken/Shantou/475/2004_H5N1,0.094742,-0.0919,-0.028608,-0.044336,Avian,N1
2423_A/spot-billed_duck/N,A/spot-billed_duck/Ningxia/YG83/2017_H5N6,-0.068052,0.025337,0.075769,-0.028191,Avian,N6
2424_A/spot-billed_duck/N,A/spot-billed_duck/Ningxia/YG87/2017_H5N6,-0.084556,0.019341,0.075034,-0.034707,Avian,N6
2425_A/spot-billed_duck/N,A/spot-billed_duck/Ningxia/YG93/2017_H5N6,-0.060006,0.035878,0.07519,-0.031811,Avian,N6
2426_A/spot-billed_duck/X,A/spot-billed_duck/Xianghai/427/2011_H5N2,0.145037,-0.035589,0.008521,-0.050528,Avian,N2
2427_A/swan_goose/Jilin/J,A/swan_goose/Jilin/JL01/2014_H5N6,0.008931,-0.038469,0.076925,0.023292,Avian,N6
2428_A/swan/China/ST/2016,A/swan/China/ST/2016_H5N8,-0.090796,0.026068,0.068772,-0.022289,Avian,N8
2429_A/swan/Shandong/W376,A/swan/Shandong/W3762/2020_H5N8,-0.078291,0.025472,0.006169,-0.077001,Avian,N8
2430_A/swan/Shanghai/10/2,A/swan/Shanghai/10/2009_H5N1,0.136954,-0.08702,-0.06887,-0.099322,Avian,N1
2431_A/swine/China/RZ/201,A/swine/China/RZ/2018_H5N6,0.009201,-0.027783,0.028111,0.04981,Nonhuman Mammal,N6
2432_A/swine/Guangdong/1/,A/swine/Guangdong/1/2014_H5N6,-0.030782,-0.022097,0.029023,0.048282,Nonhuman Mammal,N6
2433_A/swine/Guangdong/2/,A/swine/Guangdong/2/2014_H5N6,-0.031995,-0.021944,0.027412,0.054407,Nonhuman Mammal,N6
2434_A/swine/Guangxi/592/,A/swine/Guangxi/592/2011_H5N1,0.031997,-0.044006,-0.057414,-0.090124,Nonhuman Mammal,N1
2435_A/swine/Jiangsu/1/20,A/swine/Jiangsu/1/2008_H5N1,0.154731,-0.091069,-0.01072,-0.009394,Nonhuman Mammal,N1
2436_A/swine/Jiangsu/2/20,A/swine/Jiangsu/2/2009_H5N1,0.137088,-0.09083,-0.038147,-0.031206,Nonhuman Mammal,N1
2437_A/swine/Shandong/SD1,A/swine/Shandong/SD1/2014_H5N1,0.125709,-0.085294,-0.013908,-0.087363,Nonhuman Mammal,N1
2438_A/swine/Zhejiang/SW5,A/swine/Zhejiang/SW57/2015_H5N1,0.117394,-0.085348,-0.053133,-0.074048,Nonhuman Mammal,N1
2439_A/thrush/Taipei_City,A/thrush/Taipei_City/15120021/2015_H5N2,-0.059313,0.062322,-0.103849,0.003507,Avian,N2
2440_A/thrush/Taiwan/A234,A/thrush/Taiwan/A234/2015_H5N2,-0.068399,0.074491,-0.109697,0.005292,Avian,N2
2441_A/tiger/Yunnan/tig14,A/tiger/Yunnan/tig1404/2014_H5N1,-0.017606,-0.020115,0.040819,0.04823,Nonhuman Mammal,N1
2442_A/tiger/Yunnan/tig14,A/tiger/Yunnan/tig1412/2014_H5N1,0.019292,-0.065327,0.033444,-0.087827,Nonhuman Mammal,N1
2443_A/tiger/Yunnan/tig15,A/tiger/Yunnan/tig1508/2015_H5N1,0.150487,-0.092753,-0.034772,-0.078407,Nonhuman Mammal,N1
2444_A/turkey/Changhua/16,A/turkey/Changhua/16010011-1/2016_H5N2,-0.008432,0.02179,-0.077166,0.024292,Avian,N2
2445_A/turkey/Chiayi/1702,A/turkey/Chiayi/17020092-2/2017_H5N8,-0.06056,0.068474,-0.109774,-0.005616,Avian,N8
2446_A/turkey/Chiayi/1801,A/turkey/Chiayi/18010013-3/2018_H5N2,-0.105674,0.114891,-0.137713,-0.026575,Avian,N2
2447_A/turkey/Yunlin/1506,A/turkey/Yunlin/15060049-1/2015_H5N2,-0.065622,0.075561,-0.110133,0.002527,Avian,N2
2448_A/turkey/Yunlin/1802,A/turkey/Yunlin/18020020-2/2018_H5N2,-0.105933,0.114967,-0.139428,-0.025942,Avian,N2
2449_A/turkey/Yunlin/1811,A/turkey/Yunlin/18110001-3/2018_H5N2,-0.07786,0.063464,-0.116403,-0.034748,Avian,N2
2450_A/turkey/Yunlin/1812,A/turkey/Yunlin/18120005-2/2018_H5N2,-0.049914,0.062005,-0.09254,-0.074789,Avian,N2
2451_A/turtle_dove/Guangd,A/turtle_dove/Guangdong/300/2005_H5N1,0.102773,-0.095879,-0.043789,-0.018124,Avian,N1
2452_A/turtledove/Wuhan/H,A/turtledove/Wuhan/HKBJ43/2015_H5N6,-0.028286,-0.021266,0.025172,0.067342,Avian,N6
2453_A/turtledove/Wuhan/W,A/turtledove/Wuhan/WHBJ12/2014_H5N6,-0.02758,-0.017783,0.025279,0.078974,Avian,N6
2454_A/turtledove/Wuhan/W,A/turtledove/Wuhan/WHBJ28/2014_H5N6,-0.028286,-0.021266,0.025172,0.067342,Avian,N6
2455_A/waterfowl/Hong_Kon,A/waterfowl/Hong_Kong/378.5/2001_H5N1,0.123008,-0.105262,-0.009074,-0.056222,Avian,N1
2456_A/white-naped_crane/,A/white-naped_crane/China/ya3/2018_H5N6,-0.024636,-0.009002,-0.017568,0.037373,Avian,N6
2457_A/whooper_swan/Shanx,A/whooper_swan/Shanxi/RC01/2016_H5N8,-0.088977,0.027716,0.064549,-0.022396,Avian,N8
2458_A/wild_bird/Eastern_,A/wild_bird/Eastern_China/1754/2017_H5N3,0.14722,-0.020923,-0.014721,-0.041736,Avian,Others
2459_A/wild_bird/Eastern_,A/wild_bird/Eastern_China/1758/2017_H5N3,0.185793,-0.053233,-0.011553,-0.018792,Avian,Others
2460_A/wild_bird/Eastern_,A/wild_bird/Eastern_China/1759/2017_H5N3,0.147086,-0.020384,-0.016266,-0.042096,Avian,Others
2461_A/wild_bird/Taipei/0,A/wild_bird/Taipei/04WB12-522-11-15/2004_H5N6,0.098111,0.0018,-0.016803,-0.091757,Avian,N6
2462_A/wild_duck/Fujian/1,A/wild_duck/Fujian/1/2011_H5N1,0.193883,0.206739,0.038485,-0.063039,Avian,N1
2463_A/wild_duck/Fujian/2,A/wild_duck/Fujian/2/2011_H5N1,0.193883,0.206739,0.038485,-0.063039,Avian,N1
2464_A/wild_duck/Jilin/HF,A/wild_duck/Jilin/HF/2011_H5N1,0.14251,-0.077482,-0.046918,-0.07569,Avian,N1
2465_A/wild_duck/Jilin/ZF,A/wild_duck/Jilin/ZF/2011_H5N1,0.1531,-0.089607,-0.048968,-0.107428,Avian,N1
2466_A/wild_duck/Liaoning,A/wild_duck/Liaoning/8/2006_H5N1,0.107796,-0.058291,-0.019291,-0.020966,Avian,N1
2467_A/wild_duck/Shandong,A/wild_duck/Shandong/1/2011_H5N1,0.163837,-0.088149,-0.0246,0.003187,Avian,N1
2468_A/wild_duck/Shandong,A/wild_duck/Shandong/2/2011_H5N1,0.138879,-0.075628,-0.050706,-0.103634,Avian,N1
2469_A/wild_duck/Shandong,A/wild_duck/Shandong/628/2011_H5N1,-0.031254,-0.027766,0.049979,0.02579,Avian,N1
2470_A/wild_duck/Shandong,A/wild_duck/Shandong/W3580/2020_H5N8,-0.085911,0.034542,0.101195,-0.107115,Avian,N8
2471_A/wild_pigeon/Jilin/,A/wild_pigeon/Jilin/CC01/2014_H5N6,-0.004432,-0.054613,0.01988,0.062995,Avian,N6
2472_A/Eurasian_Wigeon/Ni,A/Eurasian_Wigeon/Ningxia/476-12/2015_H5N6,-0.017137,-0.031451,0.014813,0.073842,Avian,N6
