label,Isolate,Axis1,Axis2,Axis3,Axis4,Host,Subtype
1_A/Indonesia/5/2005,A/Indonesia/5/2005,0.078162,-0.041365,0.072446,-0.14204,Human,N1
2_A/Hong_Kong/483/1997,A/Hong Kong/483/1997,-0.179475,0.003502,-0.259209,-0.02587,Human,N1
3_A/Hong_Kong/482/97,A/Hong Kong/482/97,-0.196189,0.006355,-0.269161,-0.014377,Human,N1
4_A/Chicken/HongKong/F,A/Chicken/HongKong/FY150/01,0.046366,-0.040689,0.083057,-0.049931,Avian,N1
5_A/Chicken/HongKong/Y,A/Chicken/HongKong/YU822.2/01,-0.140126,-0.062092,0.081022,0.005971,Avian,N1
6_A/Chicken/HongKong/Y,A/Chicken/HongKong/YU562/01,0.069532,-0.026076,0.085855,-0.052571,Avian,N1
7_A/Pheasant/Hong_Kong,A/Pheasant/Hong Kong/FY155/01,-0.048655,-0.024272,0.118356,-0.070625,Avian,N1
8_A/Hong_Kong/486/97,A/Hong Kong/486/97,-0.196189,0.006355,-0.269161,-0.014377,Human,N1
9_A/Thailand/16/2004,A/Thailand/16/2004,0.110359,-0.047898,0.076809,-0.037556,Human,N1
10_A/Hong_Kong/538/97,A/Hong Kong/538/97,-0.193491,0.005659,-0.267344,-0.016618,Human,N1
11_A/chicken/Indonesia/,A/chicken/Indonesia/7/2003,0.062062,-0.061305,0.069459,-0.136735,Avian,N1
12_A/chicken/Korea/ES/0,A/chicken/Korea/ES/03,0.060098,-0.107828,0.039741,-0.069811,Avian,N1
13_A/Hong_Kong/156/97,A/Hong Kong/156/97,-0.185562,0.008354,-0.269147,0.014324,Human,N1
14_A/whooper_swan/Mongo,A/whooper swan/Mongolia/244/2005,0.106088,-0.040547,0.080131,-0.041869,Avian,N1
15_A/Vietnam/UT3062/200,A/Vietnam/UT3062/2004,0.086963,-0.058384,0.070374,-0.075558,Human,N1
16_A/Anas_crecca/Hubei/,A/Anas_crecca/Hubei/Chenhu1623-5/2014_H5N6,0.13472,0.084785,-0.036526,-0.00761,Avian,N6
17_A/Anas_crecca/Hubei/,A/Anas_crecca/Hubei/Chenhu1623-5/2014,0.13472,0.084785,-0.036526,-0.00761,Avian,N6
18_A/Anas_platyrhynchos,A/Anas_platyrhynchos/Chongming/H5N1_1/2024,-0.39242,0.122574,0.175491,0.022837,Avian,N1
19_A/Anas_platyrhynchos,A/Anas_platyrhynchos/Jiujiang/H5N1/2024,-0.39242,0.122574,0.175491,0.022837,Avian,N1
20_A/Anhui/1/2005|EPI_I,A/Anhui/1/2005,0.068894,-0.103769,0.077405,-0.0849,Human,N1
21_A/Anhui/1/2006|EPI_I,A/Anhui/1/2006,0.070182,-0.109693,0.050103,-0.112436,Human,N1
22_A/Anhui/2/2005|EPI_I,A/Anhui/2/2005,0.068894,-0.103769,0.077405,-0.0849,Human,N1
23_A/Anhui/2021-00011/2,A/Anhui/2021-00011/2020,0.156193,0.139785,-0.047754,0.093585,Human,N6
24_A/Anhui/33163/2016|E,A/Anhui/33163/2016,-0.259394,0.022768,-0.361234,0.009646,Human,N6
25_A/Anser_albifrons/Hu,A/Anser_albifrons/Hubei/Chenhu586/2013_H5N3,-0.285383,0.005484,0.055008,-0.04766,Avian,Others
26_A/Anser_cygnoides/Ch,A/Anser_cygnoides/China/P126/2015,0.147581,0.113218,-0.000425,0.018212,Avian,N1
27_A/Anser_cygnoides/Hu,A/Anser_cygnoides/Hubei/FW44/2016,-0.296451,0.035111,0.082382,0.010069,Avian,N8
28_A/Anser_fabalis/Huna,A/Anser_fabalis/Hunan/03.09__YYDTH0007/2015(H5N6),0.13609,0.034561,0.032373,-0.05182,Avian,N6
29_A/Anser_fabalis/Jiuj,A/Anser_fabalis/Jiujiang/H5N1/2024,-0.39242,0.122574,0.175491,0.022837,Avian,N1
30_A/bar_headed_goose/T,A/bar_headed_goose/Tibet/T1707/2021,-0.298289,0.107532,0.130001,0.034135,Avian,N8
31_A/Bar-headed_Goose/Q,A/Bar-headed_Goose/Qinghai/A11/2016,-0.305764,0.023343,0.088558,-0.030329,Avian,N8
32_A/Bar-headed_Goose/Q,A/Bar-headed_Goose/Qinghai/A13/2016,-0.319456,0.054378,0.101558,-0.042463,Avian,N8
33_A/Bar-headed_Goose/Q,A/Bar-headed_Goose/Qinghai/a15/2016,-0.327158,0.023667,0.082863,-0.043318,Avian,N8
34_A/Bar-headed_Goose/Q,A/Bar-headed_Goose/Qinghai/A16/2016,-0.329725,0.030851,0.089246,-0.032059,Avian,N8
35_A/Bar-headed_Goose/Q,A/Bar-headed_Goose/Qinghai/A17/2016,-0.369901,-0.009778,0.101754,-0.059658,Avian,N8
36_A/Bar-headed_Goose/Q,A/Bar-headed_Goose/Qinghai/A19/2016,-0.314589,0.046799,0.099215,-0.038909,Avian,N8
37_A/Bar-headed_Goose/Q,A/Bar-headed_Goose/Qinghai/A20/2016,-0.343348,0.032961,0.070928,-0.048981,Avian,N8
38_A/Bar-headed_Goose/Q,A/Bar-headed_Goose/Qinghai/A22/2016,-0.295948,0.042643,0.104071,-0.043208,Avian,N8
39_A/Bar-headed_Goose/Q,A/Bar-headed_Goose/Qinghai/A23/2016,-0.314807,0.053425,0.096796,-0.042109,Avian,N8
40_A/Bar-headed_Goose/Q,A/Bar-headed_Goose/Qinghai/a24/2016,-0.326093,0.047069,0.102363,-0.038488,Avian,N8
41_A/Bar-headed_Goose/Q,A/Bar-headed_Goose/Qinghai/a26/2016,-0.325053,0.049757,0.101988,-0.038417,Avian,N8
42_A/Bar-headed_Goose/Q,A/Bar-headed_Goose/Qinghai/a27/2016,-0.328836,0.056799,0.088388,-0.041009,Avian,N8
43_A/Bar-headed_Goose/Q,A/Bar-headed_Goose/Qinghai/a32/2016,-0.324428,0.055742,0.09572,-0.043785,Avian,N8
44_A/Bar-headed_Goose/Q,A/Bar-headed_Goose/Qinghai/a43/2016,-0.324428,0.055742,0.09572,-0.043785,Avian,N8
45_A/Bar-headed_Goose/Q,A/Bar-headed_Goose/Qinghai/a45/2016,-0.338453,0.049024,0.082667,-0.03826,Avian,N8
46_A/Bar-headed_Goose/Q,A/Bar-headed_Goose/Qinghai/a61/2016,-0.342493,0.045969,0.089598,-0.033634,Avian,N8
47_A/Bar-headed_Goose/Q,A/Bar-headed_Goose/Qinghai/a88/2016,-0.314779,0.050513,0.094054,-0.041794,Avian,N8
48_A/Bar-headed_Goose/Q,A/Bar-headed_Goose/Qinghai/a91/2016,-0.313778,0.053101,0.093692,-0.041726,Avian,N8
49_A/Bar-headed_Goose/Q,A/Bar-headed_Goose/Qinghai/a92/2016,-0.314168,0.054302,0.090363,-0.044059,Avian,N8
50_A/Bar-headed_Goose/Q,A/Bar-headed_Goose/Qinghai/a93/2016,-0.315862,0.048653,0.099854,-0.039088,Avian,N8
51_A/Bar-headed_Goose/Q,A/Bar-headed_Goose/Qinghai/a113/2016,-0.315835,0.047438,0.096279,-0.041696,Avian,N8
52_A/Bar-headed_Goose/Q,A/Bar-headed_Goose/Qinghai/a114/2016,-0.306631,0.048115,0.097595,-0.050203,Avian,N8
53_A/Bar-headed_Goose/Q,A/Bar-headed_Goose/Qinghai/a115/2016,-0.318493,0.048964,0.087486,-0.047541,Avian,N8
54_A/Bar-headed_Goose/Q,A/Bar-headed_Goose/Qinghai/a210/2017,-0.268562,0.010801,0.051851,-0.020416,Avian,N8
55_A/Bar-headed_Goose/Q,A/Bar-headed_Goose/Qinghai/a218/2017,-0.277605,0.040883,0.06009,-0.032196,Avian,N8
56_A/Bar-headed_Goose/Q,A/Bar-headed_Goose/Qinghai/a237/2017,-0.294367,0.026968,0.051398,-0.024734,Avian,N8
57_A/Bar-headed_Goose/Q,A/Bar-headed_Goose/Qinghai/a765/2017,-0.276765,0.045348,0.059608,-0.030736,Avian,N8
58_A/Bar-headed_Goose/Q,A/Bar-headed_Goose/Qinghai/a893/2017,-0.310435,0.020454,0.02677,-0.035061,Avian,N8
59_A/Bar-headed_Goose/Q,A/Bar-headed_Goose/Qinghai/B11/2016,-0.313778,0.053101,0.093692,-0.041726,Avian,N8
60_A/Bar-headed_Goose/Q,A/Bar-headed_Goose/Qinghai/B12/2016,-0.314807,0.053425,0.096796,-0.042109,Avian,N8
61_A/Bar-headed_Goose/Q,A/Bar-headed_Goose/Qinghai/B34/2016,-0.315781,0.054236,0.098036,-0.042659,Avian,N8
62_A/Bar-headed_Goose/Q,A/Bar-headed_Goose/Qinghai/B44/2016,-0.314807,0.053425,0.096796,-0.042109,Avian,N8
63_A/Bar-headed_Goose/Q,A/Bar-headed_Goose/Qinghai/B51/2016,-0.327376,0.030293,0.080444,-0.046518,Avian,N8
64_A/Bar-headed_Goose/Q,A/Bar-headed_Goose/Qinghai/B54/2016,-0.319394,0.038412,0.088906,-0.035334,Avian,N8
65_A/Bar-headed_Goose/Q,A/Bar-headed_Goose/Qinghai/B655/2017,-0.268562,0.010801,0.051851,-0.020416,Avian,N8
66_A/Bar-headed_Goose/Q,A/Bar-headed_Goose/Qinghai/BTY1-B/2016,-0.303348,0.068096,0.082154,-0.042691,Avian,N8
67_A/Bar-headed_Goose/Q,A/Bar-headed_Goose/Qinghai/BTY2/2015_H5N1,0.103318,0.032053,-0.064507,-0.045867,Avian,N1
68_A/Bar-headed_Goose/Q,A/Bar-headed_Goose/Qinghai/BTY2-B/2016,-0.298966,0.053577,0.097842,-0.042816,Avian,N8
69_A/Bar-headed_Goose/Q,A/Bar-headed_Goose/Qinghai/BTY2-LU/2016,-0.299914,0.064293,0.087399,-0.040312,Avian,N8
70_A/Bar-headed_Goose/Q,A/Bar-headed_Goose/Qinghai/BTY3-B/2016,-0.298845,0.063956,0.084176,-0.039914,Avian,N8
71_A/Bar-headed_Goose/Q,A/Bar-headed_Goose/Qinghai/BTY3-LU/2016,-0.305345,0.053616,0.090597,-0.043438,Avian,N8
72_A/Bar-headed_Goose/Q,A/Bar-headed_Goose/Qinghai/BTY4-B/2016,-0.312281,0.054404,0.095496,-0.040903,Avian,N8
73_A/Bar-headed_Goose/Q,A/Bar-headed_Goose/Qinghai/BTY4-LU/2016,-0.307807,0.053487,0.088344,-0.033236,Avian,N8
74_A/Bar-headed_Goose/Q,A/Bar-headed_Goose/Qinghai/BTY5-B/2016,-0.30313,0.061471,0.084573,-0.039491,Avian,N8
75_A/Bar-headed_Goose/Q,A/Bar-headed_Goose/Qinghai/BTY6-B/2016,-0.307985,0.06659,0.081322,-0.042973,Avian,N8
76_A/Bar-headed_Goose/Q,A/Bar-headed_Goose/Qinghai/BTY6-LU/2016,-0.304417,0.068433,0.085377,-0.043088,Avian,N8
77_A/Bar-headed_Goose/Q,A/Bar-headed_Goose/Qinghai/BTY7-B/2016,-0.308999,0.053404,0.086213,-0.041965,Avian,N8
78_A/Bar-headed_Goose/Q,A/Bar-headed_Goose/Qinghai/BTY7-LU1/2016,-0.314807,0.053425,0.096796,-0.042109,Avian,N8
79_A/Bar-headed_Goose/Q,A/Bar-headed_Goose/Qinghai/BTY7-LU2/2016,-0.306373,0.05394,0.093701,-0.043821,Avian,N8
80_A/Bar-headed_Goose/Q,A/Bar-headed_Goose/Qinghai/BTY8-B/2016,-0.317031,0.044479,0.091869,-0.038383,Avian,N8
81_A/Bar-headed_Goose/Q,A/Bar-headed_Goose/Qinghai/BTY8-LU/2016,-0.313778,0.053101,0.093692,-0.041726,Avian,N8
82_A/Bar-headed_Goose/Q,A/Bar-headed_Goose/Qinghai/BTY9-B/2016,-0.33969,0.045844,0.055778,-0.018521,Avian,N8
83_A/Bar-headed_Goose/Q,A/Bar-headed_Goose/Qinghai/BTY9-LU/2016,-0.33969,0.045844,0.055778,-0.018521,Avian,N8
84_A/Bar-headed_Goose/Q,A/Bar-headed_Goose/Qinghai/BTY10-B/2016,-0.311248,0.049091,0.073022,-0.065465,Avian,N8
85_A/Bar-headed_Goose/Q,A/Bar-headed_Goose/Qinghai/BTY10-LU/2016,-0.299305,0.033696,0.082256,-0.026821,Avian,N8
86_A/Bar-headed_Goose/Q,A/Bar-headed_Goose/Qinghai/BTY11-B/2016,-0.299305,0.033696,0.082256,-0.026821,Avian,N8
87_A/Bar-headed_Goose/Q,A/Bar-headed_Goose/Qinghai/BTY11-LU/2016,-0.314807,0.053425,0.096796,-0.042109,Avian,N8
88_A/Bar-headed_Goose/Q,A/Bar-headed_Goose/Qinghai/BTY12-B/2016,-0.2648,0.050429,0.052471,-0.043943,Avian,N8
89_A/Bar-headed_Goose/Q,A/Bar-headed_Goose/Qinghai/BTY12-LU/2016,-0.277314,0.03129,0.057385,-0.042433,Avian,N8
90_A/Bar-headed_Goose/Q,A/Bar-headed_Goose/Qinghai/BTY13-B/2016,-0.305764,0.023343,0.088558,-0.030329,Avian,N8
91_A/Bar-headed_Goose/Q,A/Bar-headed_Goose/Qinghai/BTY13-LU/2016,-0.309038,0.053223,0.078386,-0.06736,Avian,N8
92_A/Bar-headed_Goose/Q,A/Bar-headed_Goose/Qinghai/BTY14-B/2016,-0.305764,0.023343,0.088558,-0.030329,Avian,N8
93_A/Bar-headed_Goose/Q,A/Bar-headed_Goose/Qinghai/BTY14-LU/2016,-0.305764,0.023343,0.088558,-0.030329,Avian,N8
94_A/Bar-headed_Goose/Q,A/Bar-headed_Goose/Qinghai/BTY15-B/2016,-0.299305,0.033696,0.082256,-0.026821,Avian,N8
95_A/Bar-headed_Goose/Q,A/Bar-headed_Goose/Qinghai/BTY15-LU/2016,-0.314807,0.053425,0.096796,-0.042109,Avian,N8
96_A/Bar-headed_Goose/Q,A/Bar-headed_Goose/Qinghai/BTY16-B/2016,-0.319416,0.049424,0.094608,-0.032357,Avian,N8
97_A/Bar-headed_Goose/Q,A/Bar-headed_Goose/Qinghai/BTY16-LU/2016,-0.334749,0.049458,0.093418,-0.031656,Avian,N8
98_A/Bar-headed_Goose/Q,A/Bar-headed_Goose/Qinghai/BTY17-B/2016,-0.298845,0.063956,0.084176,-0.039914,Avian,N8
99_A/Bar-headed_Goose/Q,A/Bar-headed_Goose/Qinghai/BTY17-LU/2016,-0.313778,0.053101,0.093692,-0.041726,Avian,N8
100_A/Bar-headed_Goose/Q,A/Bar-headed_Goose/Qinghai/BTY18-B/2016,-0.313353,0.055207,0.084962,-0.03951,Avian,N8
101_A/Bar-headed_Goose/Q,A/Bar-headed_Goose/Qinghai/BTY18-LU/2016,-0.313456,0.055306,0.090721,-0.03806,Avian,N8
102_A/Bar-headed_Goose/Q,A/Bar-headed_Goose/Qinghai/HDT001/2016,-0.315808,0.050837,0.097158,-0.042177,Avian,N8
103_A/Bar-headed_Goose/Q,A/Bar-headed_Goose/Qinghai/p2/2016,-0.339967,0.046066,0.099522,-0.034677,Avian,N8
104_A/Bar-headed_Goose/Q,A/Bar-headed_Goose/Qinghai/p9/2016,-0.314168,0.054302,0.090363,-0.044059,Avian,N8
105_A/Bar-headed_Goose/Q,A/Bar-headed_Goose/Qinghai/p18/2016,-0.327567,0.053867,0.088842,-0.040432,Avian,N8
106_A/Bar-headed_goose/Q,A/Bar-headed_goose/Qinghai/X402/2015_H5N6,0.15493,0.12063,0.002174,0.019469,Avian,N6
107_A/Bar-headed_goose/Q,A/Bar-headed_goose/Qinghai/X417/2015_H5N6,0.149553,0.108095,-0.016425,-0.018109,Avian,N6
108_A/Bar-headed_goose/Q,A/Bar-headed_goose/Qinghai/X418-1/2015_H5N6,0.15493,0.12063,0.002174,0.019469,Avian,N6
109_A/Bar-headed_goose/Q,A/Bar-headed_goose/Qinghai/X418-2/2015_H5N6,0.15493,0.12063,0.002174,0.019469,Avian,N6
110_A/Bar-headed_goose/Q,A/Bar-headed_goose/Qinghai/X424/2015_H5N6,0.15493,0.12063,0.002174,0.019469,Avian,N6
111_A/Bar-headed_goose/Q,A/Bar-headed_goose/Qinghai/X428/2015_H5N6,0.15493,0.12063,0.002174,0.019469,Avian,N6
112_A/Bar-headed_goose/Q,A/Bar-headed_goose/Qinghai/X430/2015_H5N6,0.15493,0.12063,0.002174,0.019469,Avian,N6
113_A/Bar-headed_goose/Q,A/Bar-headed_goose/Qinghai/X437/2015_H5N6,0.15493,0.12063,0.002174,0.019469,Avian,N6
114_A/Bar-headed_Goose/Q,A/Bar-headed_Goose/Qinghai/XX13/2016,-0.314589,0.046799,0.099215,-0.038909,Avian,N8
115_A/Bar-headed_Goose/Q,A/Bar-headed_Goose/Qinghai/XX22/2016,-0.314807,0.053425,0.096796,-0.042109,Avian,N8
116_A/Bar-headed_Goose/Q,A/Bar-headed_Goose/Qinghai/XX76/2016,-0.336813,0.054484,0.09284,-0.039593,Avian,N8
117_A/Bar-headed_Goose/Q,A/Bar-headed_Goose/Qinghai/XX111/2016,-0.315781,0.054236,0.098036,-0.042659,Avian,N8
118_A/Bar-headed_Goose/Q,A/Bar-headed_Goose/Qinghai/XX446/2016,-0.338207,0.025936,0.072405,-0.044512,Avian,N8
119_A/Bar-headed_Goose/Q,A/Bar-headed_Goose/Qinghai/XX782/2016,-0.31443,0.056117,0.091961,-0.038609,Avian,N8
120_A/Bar-headed_Goose/Q,A/Bar-headed_Goose/Qinghai/XXI122/2016,-0.313858,0.06005,0.088423,-0.040907,Avian,N8
121_A/Bar-headed_Goose/T,A/Bar-headed_Goose/Tibet/XZ6/2021,-0.30558,0.083915,0.108208,0.02834,Avian,N8
122_A/Bar-headed_Goose/T,A/Bar-headed_Goose/Tibet/XZ71/2021,-0.298289,0.107532,0.130001,0.034135,Avian,N8
123_A/Bar-headed_Goose/T,A/Bar-headed_Goose/Tibet/XZ81/2021,-0.306376,0.108009,0.127985,0.03226,Avian,N8
124_A/Bar-headed_Goose/T,A/Bar-headed_Goose/Tibet/XZ181/2021,-0.30558,0.083915,0.108208,0.02834,Avian,N8
125_A/Bar-headed_Goose/T,A/Bar-headed_Goose/Tibet/XZ901/2021,-0.320795,0.113965,0.124657,0.039252,Avian,N1
126_A/Bar-headed_Goose/T,A/Bar-headed_Goose/Tibet/XZ1131/2021,-0.320795,0.113965,0.124657,0.039252,Avian,N1
127_A/Bar-headed_Goose/T,A/Bar-headed_Goose/Tibet/XZQ5-1/2021,-0.298289,0.107532,0.130001,0.034135,Avian,N8
128_A/Bar-headed_Goose/T,A/Bar-headed_Goose/Tibet/XZQ7/2021,-0.298289,0.107532,0.130001,0.034135,Avian,N8
129_A/Bar-headed_Goose/T,A/Bar-headed_Goose/Tibet/XZQ8-1/2021,-0.298289,0.107532,0.130001,0.034135,Avian,N8
130_A/Bar-headed_Goose/T,A/Bar-headed_Goose/Tibet/XZQ9-1/2021,-0.298289,0.107532,0.130001,0.034135,Avian,N8
131_A/Bar-headed_Goose/T,A/Bar-headed_Goose/Tibet/XZQ10-1/2021,-0.298289,0.107532,0.130001,0.034135,Avian,N8
132_A/Bar-headed_Goose/T,A/Bar-headed_Goose/Tibet/XZQ13-1/2021,-0.30558,0.083915,0.108208,0.02834,Avian,N8
133_A/Bar-headed_Goose/T,A/Bar-headed_Goose/Tibet/XZQ17-1/2021,-0.30558,0.083915,0.108208,0.02834,Avian,N8
134_A/Bar-headed_Goose/T,A/Bar-headed_Goose/Tibet/XZQ18-1/2021,-0.30558,0.083915,0.108208,0.02834,Avian,N8
135_A/bean_goose/Hubei/B,A/bean_goose/Hubei/BQ11/2020,-0.298289,0.107532,0.130001,0.034135,Avian,N8
136_A/Bean_Goose/Hubei/c,A/Bean_Goose/Hubei/chenhu__XVI311-2_/2016_H5N8,-0.305115,-0.009086,0.048135,-0.058435,Avian,N8
137_A/Bean_goose/Hubei/C,A/Bean_goose/Hubei/CH-i119/2017,-0.305764,0.023343,0.088558,-0.030329,Avian,N8
138_A/Bean_goose/Hubei/C,A/Bean_goose/Hubei/CH-i122/2017_H5N8,-0.327595,0.056779,0.091585,-0.040746,Avian,N8
139_A/Bean_goose/Hubei/C,A/Bean_goose/Hubei/CH-I225/2017,0.16879,0.117187,-0.007812,0.059041,Avian,N6
140_A/Bean_goose/Hubei/C,A/Bean_goose/Hubei/CH-i320/2017_H5N8,-0.338934,0.052888,0.08112,-0.040418,Avian,N8
141_A/black_chicken/Jian,A/black_chicken/Jiangxi/10129/2014,0.16265,0.079076,-0.007171,-0.026932,Avian,N6
142_A/Black_faced_Spoonb,A/Black_faced_Spoonbill/AFCD-HKU-22-21944-01009/2022,-0.372387,0.125881,0.16097,0.009169,Avian,N1
143_A/Black_Faced_Spoonb,A/Black_Faced_Spoonbill/Hong_Kong/AFCD-HKU-21-17198.01012/2021,-0.304288,0.11076,0.136766,0.037117,Avian,N1
144_A/Black_Faced_Spoonb,A/Black_Faced_Spoonbill/Hong_Kong/AFCD-HKU-22-21429-01012/2022,-0.378665,0.119476,0.171811,0.04234,Avian,N1
145_A/black_swan/Beijing,A/black_swan/Beijing/1/2021,-0.31664,0.134713,0.124529,0.055293,Avian,N8
146_A/black-backed_gull/,A/black-backed_gull/Shandong/SC189/2021,-0.296079,0.111664,0.135364,0.032239,Avian,N8
147_A/Black-necked_Grebe,A/Black-necked_Grebe/Inner_Mongolia/Anal_swab4/2015_H5N1,0.114351,0.066489,0.003035,-0.066534,Avian,N1
148_A/Black-necked_Grebe,A/Black-necked_Grebe/Inner_Mongolia/Brain1/2015_H5N1,0.157038,0.054387,-0.02645,-0.039538,Avian,N1
149_A/Black-necked_Grebe,A/Black-necked_Grebe/Inner_Mongolia/Brain3/2015_H5N1,0.157038,0.054387,-0.02645,-0.039538,Avian,N1
150_A/Black-necked_Grebe,A/Black-necked_Grebe/Inner_Mongolia/Liver3/2015_H5N1,0.157038,0.054387,-0.02645,-0.039538,Avian,N1
151_A/Black-necked_Grebe,A/Black-necked_Grebe/Inner_Mongolia/Lung2/2015_H5N1,0.157038,0.054387,-0.02645,-0.039538,Avian,N1
152_A/Black-necked_Grebe,A/Black-necked_Grebe/Inner_Mongolia/Lung3-2/2015_H5N1,0.157038,0.054387,-0.02645,-0.039538,Avian,N1
153_A/Black-necked_Grebe,A/Black-necked_Grebe/Inner_Mongolia/Oropharynx_swab3/2015_H5N1,0.157038,0.054387,-0.02645,-0.039538,Avian,N1
154_A/Black-necked_Grebe,A/Black-necked_Grebe/Inner_Mongolia/Trachea3/2015_H5N1,0.157038,0.054387,-0.02645,-0.039538,Avian,N1
155_A/Brown-headed_Gull/,A/Brown-headed_Gull/Qinghai/ZTO1-B/2016,-0.341127,0.036752,0.07309,-0.047501,Avian,N8
156_A/Brown-headed_Gull/,A/Brown-headed_Gull/Qinghai/ZTO1-LU/2016,-0.314807,0.053425,0.096796,-0.042109,Avian,N8
157_A/Brown-headed_Gull/,A/Brown-headed_Gull/Qinghai/ZTO3-B/2016,-0.314807,0.053425,0.096796,-0.042109,Avian,N8
158_A/Brown-headed_Gull/,A/Brown-headed_Gull/Qinghai/ZTO3-LU/2016,-0.315862,0.048653,0.099854,-0.039088,Avian,N8
159_A/Brown-headed_Gull/,A/Brown-headed_Gull/Qinghai/ZTO4-B/2016,-0.294521,0.033649,0.072789,-0.024716,Avian,N8
160_A/Brown-headed_Gull/,A/Brown-headed_Gull/Qinghai/ZTO5-B/2016,-0.335853,0.032379,0.061933,-0.009281,Avian,N8
161_A/Brown-headed_Gull/,A/Brown-headed_Gull/Qinghai/ZTO5-K/2016,-0.308009,0.052899,0.075282,-0.066977,Avian,N8
162_A/Brown-headed_Gull/,A/Brown-headed_Gull/Qinghai/ZTO6-MU/2016,-0.291821,0.047057,0.097215,-0.04707,Avian,N8
163_A/Brown-headed_Gull/,A/Brown-headed_Gull/Qinghai/ZTO6-SP/2016,-0.304319,0.052331,0.07992,-0.067754,Avian,N8
164_A/brown-headed_gull/,A/brown-headed_gull/Tibet/1-1/2021,-0.28393,0.107767,0.133526,0.03697,Avian,N8
165_A/Brown-headed_Gull/,A/Brown-headed_Gull/Tibet/XZ19/2021,-0.30558,0.083915,0.108208,0.02834,Avian,N8
166_A/Brown-headed_Gull/,A/Brown-headed_Gull/Tibet/XZQ15-2/2021,-0.294395,0.109806,0.135018,0.063806,Avian,N8
167_A/Brown-headed_Gull/,A/Brown-headed_Gull/Tibet/XZQ16-2/2021,-0.294395,0.109806,0.135018,0.063806,Avian,N8
168_A/canine/China/GX30/,A/canine/China/GX30/2023,-0.321578,0.017933,0.126826,0.010577,Nonhuman Mammal,N6
169_A/cat/Sichuan/SC18/2,A/cat/Sichuan/SC18/2014,0.155675,0.079523,0.004601,-0.024297,Nonhuman Mammal,N6
170_A/cat/Zhejiang/C1/20,A/cat/Zhejiang/C1/2016,-0.294978,-0.003139,-0.422993,0.013875,Nonhuman Mammal,N6
171_A/cat/Zhejiang/C2/20,A/cat/Zhejiang/C2/2016,-0.328575,-0.023408,-0.443571,0.017637,Nonhuman Mammal,N6
172_A/Changsha/1/2014|EP,A/Changsha/1/2014,0.144619,0.108128,-0.000618,0.020987,Human,N6
173_A/chicken/Anhui/S174,A/chicken/Anhui/S1740/2022(H5N1),-0.313587,0.091066,0.117349,0.017536,Avian,N1
174_A/chicken/Beijing/BJ,A/chicken/Beijing/BJ7/2014,-0.004958,-0.0539,-0.122259,-0.137101,Avian,N2
175_A/chicken/CH/a556/20,A/chicken/CH/a556/2015,-0.105482,-0.105785,-0.001848,-0.028808,Avian,N2
176_A/chicken/Changhua/1,A/chicken/Changhua/15010120-1/2015,0.050036,-0.219044,0.021882,0.055339,Avian,N2
177_A/chicken/Changhua/1,A/chicken/Changhua/15010288/2015,0.046759,-0.22342,0.022006,0.05408,Avian,N2
178_A/chicken/Changhua/1,A/chicken/Changhua/15010324-2/2015,0.046759,-0.22342,0.022006,0.05408,Avian,N2
179_A/chicken/Changhua/1,A/chicken/Changhua/15010361-1/2015,0.046731,-0.22695,0.021094,0.05458,Avian,N2
180_A/chicken/Changhua/1,A/chicken/Changhua/15010362-2/2015,0.046731,-0.22695,0.021094,0.05458,Avian,N2
181_A/chicken/Changhua/1,A/chicken/Changhua/15010363-2/2015,0.046731,-0.22695,0.021094,0.05458,Avian,N2
182_A/chicken/Changhua/1,A/chicken/Changhua/15040036-1/2015,0.039186,-0.225182,0.016564,0.023452,Avian,N8
183_A/chicken/Changhua/1,A/chicken/Changhua/15040037-2/2015,0.038117,-0.224846,0.019787,0.023055,Avian,N8
184_A/chicken/Changhua/1,A/chicken/Changhua/15040042/2015,0.038117,-0.224846,0.019787,0.023055,Avian,N8
185_A/chicken/Changhua/1,A/chicken/Changhua/15040043-1/2015,0.038117,-0.224846,0.019787,0.023055,Avian,N8
186_A/chicken/Changhua/1,A/chicken/Changhua/15050013-1/2015,0.042602,-0.264755,0.017154,0.040634,Avian,N2
187_A/chicken/Changhua/1,A/chicken/Changhua/15050038-1/2015,0.052048,-0.265885,0.018522,0.072049,Avian,N8
188_A/chicken/Changhua/1,A/chicken/Changhua/15060027-2/2015,0.042602,-0.264755,0.017154,0.040634,Avian,N2
189_A/chicken/Changhua/1,A/chicken/Changhua/15060029/2015,0.052048,-0.265885,0.018522,0.072049,Avian,N8
190_A/chicken/Changhua/1,A/chicken/Changhua/15060037-1/2015,0.04118,-0.266735,0.023549,0.036372,Avian,N2
191_A/chicken/Changhua/1,A/chicken/Changhua/15120008/2015,0.034409,-0.247109,0.003645,0.050177,Avian,N2
192_A/chicken/Changhua/1,A/chicken/Changhua/16010060-2/2016,0.080294,-0.239363,0.043592,0.054211,Avian,N2
193_A/chicken/Changhua/1,A/chicken/Changhua/17060006/2017,0.082324,-0.239297,0.045326,0.057004,Avian,N2
194_A/chicken/Changhua/1,A/chicken/Changhua/18040008-1/2018,0.074665,-0.258522,0.050277,0.043251,Avian,N2
195_A/chicken/Chiayi/150,A/chicken/Chiayi/15010287-2/2015,0.046759,-0.22342,0.022006,0.05408,Avian,N2
196_A/chicken/Chiayi/150,A/chicken/Chiayi/15010409-2/2015,0.046731,-0.22695,0.021094,0.05458,Avian,N2
197_A/chicken/Chiayi/150,A/chicken/Chiayi/15010454-1/2015,0.046759,-0.22342,0.022006,0.05408,Avian,N8
198_A/chicken/Chiayi/170,A/chicken/Chiayi/17040009-2/2017,0.093084,-0.233874,0.050202,0.033455,Avian,N2
199_A/chicken/Chiayi/181,A/chicken/Chiayi/18120003-1/2018,0.060464,-0.255215,0.042663,0.050073,Avian,N2
200_A/chicken/China/007/,A/chicken/China/007/2019,0.164975,0.134262,-0.076075,0.035502,Avian,N6
201_A/chicken/China/Cang,A/chicken/China/Cangzhou03/2023,-0.396698,0.125889,0.174121,0.014658,Avian,N1
202_A/chicken/China/E93/,A/chicken/China/E93/2012,-0.027454,-0.072245,-0.113277,-0.140235,Avian,N1
203_A/chicken/China/E96/,A/chicken/China/E96/2012,-0.024234,-0.073719,-0.116054,-0.140237,Avian,N1
204_A/chicken/Chiping/03,A/chicken/Chiping/0321/2014,-0.008778,-0.051189,-0.110671,-0.125428,Avian,N2
205_A/chicken/chongqing/,A/chicken/chongqing/H1/2021,-0.30511,0.108582,0.129309,0.029853,Avian,N6
206_A/chicken/Chongqing/,A/chicken/Chongqing/SD001/2021,-0.30511,0.108582,0.129309,0.029853,Avian,N6
207_A/chicken/Dongguan/2,A/chicken/Dongguan/2690/2013,0.15493,0.12063,0.002174,0.019469,Avian,N6
208_A/chicken/Dongguan/3,A/chicken/Dongguan/3363/2013,0.155999,0.120293,-0.001049,0.019867,Avian,N6
209_A/chicken/Dongguan/4,A/chicken/Dongguan/4259/2013,0.174506,0.114787,0.002247,0.012368,Avian,N6
210_A/chicken/Fujian/05.,A/chicken/Fujian/05.07_FZHC11K-O/2015(Mixed),0.138746,0.120804,0.002874,-0.011637,Avian,N6
211_A/chicken/Fujian/09.,A/chicken/Fujian/09.16_GT101/2014(Mixed),0.142156,0.120279,0.00322,-0.009496,Avian,N6
212_A/chicken/Fujian/10.,A/chicken/Fujian/10.08_FZH102/2014(Mixed),0.15493,0.12063,0.002174,0.019469,Avian,N6
213_A/chicken/Fujian/11.,A/chicken/Fujian/11.23_FZHX0007-O/2017,-0.102553,0.086242,-0.313757,-0.018038,Avian,N6
214_A/chicken/Gansu/5/20,A/chicken/Gansu/5/2012,-0.132274,-0.119675,-0.072449,0.028141,Avian,N1
215_A/chicken/Gansu/6/20,A/chicken/Gansu/6/2012,-0.024234,-0.073719,-0.116054,-0.140237,Avian,N1
216_A/chicken/Ganzhou/GZ,A/chicken/Ganzhou/GZ27/2015,0.158206,0.119862,-0.002785,0.018923,Avian,N6
217_A/chicken/Guangdong/,A/chicken/Guangdong/04.15_SZBAXQ019/2015(H5N6),-0.270162,0.030969,-0.376583,0.043458,Avian,N6
218_A/chicken/Guangdong/,A/chicken/Guangdong/10.16_SZLGKQHY-072/2015,-0.272264,0.031777,-0.378314,0.037377,Avian,N6
219_A/chicken/Guangdong/,A/chicken/Guangdong/GD1602/2016,0.05409,-0.095861,0.057874,-0.075101,Avian,N6
220_A/chicken/Guangdong/,A/chicken/Guangdong/MG170989/2021,-0.317744,0.128944,0.109411,0.057103,Avian,N6
221_A/chicken/Guangdong/,A/chicken/Guangdong/MG171127/2021,-0.317744,0.128944,0.109411,0.057103,Avian,N6
222_A/chicken/Guangdong/,A/chicken/Guangdong/MG171361/2021,-0.325476,0.127668,0.107426,0.029343,Avian,N6
223_A/chicken/Guangdong/,A/chicken/Guangdong/MG171771/2021,-0.224194,0.091444,0.07457,0.05143,Avian,N6
224_A/chicken/Guangdong/,A/chicken/Guangdong/MG173168/2022,-0.111097,0.030518,-0.303074,0.017298,Avian,N6
225_A/chicken/Guangdong/,A/chicken/Guangdong/MG173169/2022,-0.309604,0.085344,0.096249,0.011732,Avian,N6
226_A/chicken/Guangxi/04,A/chicken/Guangxi/04.10_NM140/2015(H5N6),-0.09946,0.057317,-0.261666,0.085988,Avian,N6
227_A/chicken/Guangxi/16,A/chicken/Guangxi/16/2019,0.151742,0.047834,-0.044754,-0.069826,Avian,N6
228_A/chicken/Guangxi/S2,A/chicken/Guangxi/S2039/2009,0.152337,0.086557,-0.006051,-0.09571,Avian,N1
229_A/chicken/Guizhou/8.,A/chicken/Guizhou/8.26_ZYLJJ014-O/2018,-0.303672,-0.052157,-0.427761,-0.026419,Avian,N6
230_A/chicken/GY/a451/20,A/chicken/GY/a451/2015,-0.161261,-0.108547,-0.060101,0.013577,Avian,N2
231_A/Chicken/Hangzhou/E,A/Chicken/Hangzhou/E1149/2021,-0.315392,0.107778,0.116249,0.039757,Avian,N6
232_A/chicken/Hebei/3/20,A/chicken/Hebei/3/2013,-0.025337,-0.064322,-0.104896,-0.135648,Avian,N2
233_A/chicken/Heilongjia,A/chicken/Heilongjiang/S7/2014,0.144027,0.118272,-0.00555,0.019816,Avian,N2
234_A/chicken/Henan/Q7/2,A/chicken/Henan/Q7/2013,-0.011934,-0.053454,-0.110487,-0.134466,Avian,N2
235_A/chicken/Hsinchu/16,A/chicken/Hsinchu/16080004-2/2016,0.093152,-0.246044,0.056143,0.044643,Avian,N2
236_A/chicken/Hubei/03.0,A/chicken/Hubei/03.06__WHWTZ0115-O/2015(H5N6),0.142641,0.067771,-0.018527,-0.013149,Avian,N6
237_A/chicken/Hubei/03.0,A/chicken/Hubei/03.06__WHWTZ0148-O/2015(H5N6),0.16265,0.079076,-0.007171,-0.026932,Avian,N6
238_A/chicken/Hubei/2856,A/chicken/Hubei/2856/2007,0.060316,-0.107809,0.070133,-0.08432,Avian,N1
239_A/chicken/Hubei/ZYSJ,A/chicken/Hubei/ZYSJF11/2016,-0.272306,0.035218,-0.38578,0.037783,Avian,N6
240_A/chicken/Hubei/ZYSJ,A/chicken/Hubei/ZYSJF16/2016,-0.272306,0.035218,-0.38578,0.037783,Avian,N6
241_A/chicken/Hubei/ZYSJ,A/chicken/Hubei/ZYSJF38/2016,-0.272306,0.035218,-0.38578,0.037783,Avian,N6
242_A/Chicken/Huizhou/16,A/Chicken/Huizhou/16274/2016(H5N6),0.162303,0.116785,-0.010476,0.021468,Avian,N6
243_A/chicken/Hunan/02.0,A/chicken/Hunan/02.06_YYGK37J3-OC/2018,0.145546,0.107959,0.001337,0.062199,Avian,N6
244_A/chicken/Hunan/03.0,A/chicken/Hunan/03.07_YYGK40L3-OC/2018,-0.27783,-0.000977,-0.406563,0.001716,Avian,N6
245_A/chicken/Hunan/03.0,A/chicken/Hunan/03.07_YYGK74L3-OC/2018,0.149972,0.140151,-0.049305,0.092144,Avian,N6
246_A/chicken/Hunan/3.07,A/chicken/Hunan/3.07_YYGK81L3-OC/2018,-0.27783,-0.000977,-0.406563,0.001716,Avian,N6
247_A/chicken/Hunan/04.1,A/chicken/Hunan/04.14_YYGK607-P/2015(H5N6),0.155999,0.120293,-0.001049,0.019867,Avian,N6
248_A/chicken/Hunan/04.1,A/chicken/Hunan/04.14_YYKG0533-Z-O/2015(H5N6),0.136123,0.018517,0.038169,-0.04671,Avian,N6
249_A/chicken/Hunan/04.1,A/chicken/Hunan/04.14_YYXS0812-O/2015(Mixed),0.15493,0.12063,0.002174,0.019469,Avian,N6
250_A/chicken/Hunan/12.0,A/chicken/Hunan/12.07__YYGK114-P/2013(H5N6),0.16265,0.079076,-0.007171,-0.026932,Avian,N6
251_A/chicken/Hunan/12.0,A/chicken/Hunan/12.07_YYGKY67-P/2013(Mixed),0.16265,0.079076,-0.007171,-0.026932,Avian,N6
252_A/chicken/Hunan/12.2,A/chicken/Hunan/12.27_YYGK19J2-C/2016,-0.186191,0.056165,-0.300879,0.050457,Avian,N6
253_A/chicken/Hunan/12.2,A/chicken/Hunan/12.27_YYGK55J2-O/2016,0.146356,0.117847,-0.007742,0.023682,Avian,N6
254_A/chicken/Hunan/12.2,A/chicken/Hunan/12.27_YYGKK148-OC/2016,0.168224,0.131736,0.02989,0.041656,Avian,N6
255_A/chicken/Hunan/12.2,A/chicken/Hunan/12.28_YYGK034-P/2013(H5N6),0.15493,0.12063,0.002174,0.019469,Avian,N6
256_A/chicken/Hunan/1793,A/chicken/Hunan/1793/2007,0.060035,-0.098941,0.055736,-0.041654,Avian,N1
257_A/chicken/Hunan/3157,A/chicken/Hunan/3157/2006,0.065468,-0.107839,0.074907,-0.083276,Avian,N1
258_A/chicken/Hunan/HN40,A/chicken/Hunan/HN40/2015,0.148192,0.118787,0.000448,-0.00888,Avian,N6
259_A/chicken/Hunan/HN58,A/chicken/Hunan/HN58/2015,0.146289,0.119204,-0.000045,-0.011556,Avian,N6
260_A/chicken/Hunan/HN75,A/chicken/Hunan/HN75/2015,0.184706,0.045029,-0.012921,-0.016132,Avian,N6
261_A/chicken/Hunan/HN15,A/chicken/Hunan/HN158/2015,0.144497,0.073247,0.000036,0.01364,Avian,N6
262_A/chicken/Hunan/HN24,A/chicken/Hunan/HN244/2015,0.146575,0.121633,0.004114,0.02008,Avian,N6
263_A/chicken/Hunan/HN24,A/chicken/Hunan/HN245/2015,0.158198,0.072322,0.00228,0.047516,Avian,N6
264_A/chicken/Hunan/HN24,A/chicken/Hunan/HN247/2015,0.158198,0.072322,0.00228,0.047516,Avian,N6
265_A/chicken/Hunan/HN24,A/chicken/Hunan/HN248/2015,0.15493,0.12063,0.002174,0.019469,Avian,N6
266_A/chicken/Hunan/HN24,A/chicken/Hunan/HN249/2015,0.15493,0.12063,0.002174,0.019469,Avian,N6
267_A/chicken/Hunan/HN25,A/chicken/Hunan/HN250/2015,0.158198,0.072322,0.00228,0.047516,Avian,N6
268_A/chicken/Hunan/HN25,A/chicken/Hunan/HN251/2015,0.15493,0.12063,0.002174,0.019469,Avian,N6
269_A/chicken/Hunan/HN25,A/chicken/Hunan/HN252/2015,0.158198,0.072322,0.00228,0.047516,Avian,N6
270_A/chicken/Hunan/HN25,A/chicken/Hunan/HN254/2015,0.158198,0.072322,0.00228,0.047516,Avian,N6
271_A/chicken/Hunan/HN25,A/chicken/Hunan/HN255/2015,0.158198,0.072322,0.00228,0.047516,Avian,N6
272_A/chicken/Hunan/HN26,A/chicken/Hunan/HN263/2015,0.118767,0.092433,0.014644,0.015274,Avian,N6
273_A/chicken/Hunan/HN26,A/chicken/Hunan/HN264/2015,0.118767,0.092433,0.014644,0.015274,Avian,N6
274_A/chicken/Hunan/HN26,A/chicken/Hunan/HN265/2015,0.123209,0.088991,0.016067,0.023767,Avian,N6
275_A/chicken/Hunan/HN26,A/chicken/Hunan/HN266/2015,0.133571,0.084526,0.034175,0.005475,Avian,N6
276_A/chicken/Hunan/HN30,A/chicken/Hunan/HN301/2015,0.137583,0.094858,-0.008369,0.021958,Avian,N6
277_A/chicken/Hunan/HN30,A/chicken/Hunan/HN302/2015,0.137583,0.094858,-0.008369,0.021958,Avian,N6
278_A/chicken/Hunan/HN30,A/chicken/Hunan/HN303/2015,0.137583,0.094858,-0.008369,0.021958,Avian,N6
279_A/chicken/Hunan/HN30,A/chicken/Hunan/HN304/2015,0.137583,0.094858,-0.008369,0.021958,Avian,N6
280_A/chicken/Hunan/HN30,A/chicken/Hunan/HN305/2015,0.137583,0.094858,-0.008369,0.021958,Avian,N6
281_A/chicken/Hunan/HN30,A/chicken/Hunan/HN306/2015,0.137583,0.094858,-0.008369,0.021958,Avian,N6
282_A/chicken/Hunan/HN30,A/chicken/Hunan/HN307/2015,0.146575,0.121633,0.004114,0.02008,Avian,N6
283_A/chicken/Hunan/HN30,A/chicken/Hunan/HN308/2015,0.137583,0.094858,-0.008369,0.021958,Avian,N6
284_A/chicken/Hunan/S100,A/chicken/Hunan/S10029/2018(H5N1),0.123784,0.066527,-0.005514,-0.067288,Avian,N1
285_A/chicken/Jiangsu/03,A/chicken/Jiangsu/03.17_WX006-P/2015(H5N1),-0.294618,0.00447,-0.398761,-0.000375,Avian,N1
286_A/chicken/Jiangsu/92,A/chicken/Jiangsu/927/2013,0.174091,0.038976,-0.039374,-0.074041,Avian,N1
287_A/chicken/Jiangsu/10,A/chicken/Jiangsu/1001/2013,-0.029214,-0.042113,-0.09072,-0.056532,Avian,N2
288_A/chicken/Jiangsu/24,A/chicken/Jiangsu/2477/2014,0.17465,0.050555,-0.01849,-0.044219,Avian,N1
289_A/chicken/Jiangsu/k0,A/chicken/Jiangsu/k0402/2010,0.041163,-0.025002,0.041596,0.020542,Avian,N1
290_A/chicken/Jiangsu/SE,A/chicken/Jiangsu/SE2228/2017(H5N1),0.16678,0.055479,-0.033566,-0.039293,Avian,N1
291_A/chicken/Jiangsu/WX,A/chicken/Jiangsu/WXBING2/2014,0.155999,0.120293,-0.001049,0.019867,Avian,N6
292_A/chicken/Jiangsu/WX,A/chicken/Jiangsu/WXS7393/2014,0.155999,0.120293,-0.001049,0.019867,Avian,N6
293_A/chicken/Jiangsu/XZ,A/chicken/Jiangsu/XZ216/2014,-0.010587,-0.055071,-0.114319,-0.132813,Avian,N2
294_A/chicken/Jiangsu/YB,A/chicken/Jiangsu/YB7/2015,-0.296266,0.004969,-0.401627,0.000268,Avian,N1
295_A/chicken/Jiangxi/01,A/chicken/Jiangxi/01.14_NCJD125-P/2015(H5N6),-0.274295,0.032045,-0.373318,0.045518,Avian,N6
296_A/chicken/Jiangxi/02,A/chicken/Jiangxi/02.05_YGYXG023-P/2015(H5N6),0.14862,0.116169,0.009225,0.026414,Avian,N6
297_A/chicken/Jiangxi/02,A/chicken/Jiangxi/02.05_YGYXG035-P/2015(H5N6),-0.26358,0.029923,-0.370915,0.048477,Avian,N6
298_A/chicken/Jiangxi/04,A/chicken/Jiangxi/04.01__NCDZT0040-O/2015(H5N6),-0.275642,0.033662,-0.369486,0.043865,Avian,N6
299_A/chicken/Jiangxi/04,A/chicken/Jiangxi/04.01__NCDZT0042-O/2015(H5N6),-0.274295,0.032045,-0.373318,0.045518,Avian,N6
300_A/chicken/Jiangxi/04,A/chicken/Jiangxi/04.01__NCDZT0175-P/2015(H5N6),-0.274295,0.032045,-0.373318,0.045518,Avian,N6
301_A/chicken/Jiangxi/04,A/chicken/Jiangxi/04.01__NCDZT0291-P/2015(H5N6),-0.273433,0.031621,-0.37395,0.042731,Avian,N6
302_A/chicken/Jiangxi/04,A/chicken/Jiangxi/04.01__NCJD0119-O/2015(H5N6),0.152338,0.066574,-0.009963,-0.025415,Avian,N6
303_A/chicken/Jiangxi/04,A/chicken/Jiangxi/04.01__NCJD0137-O/2015(H5N6),-0.229648,-0.019205,-0.354741,0.041552,Avian,N6
304_A/chicken/Jiangxi/04,A/chicken/Jiangxi/04.01_NCDZT0192-P/2015(H5N6),-0.274295,0.032045,-0.373318,0.045518,Avian,N6
305_A/chicken/Jiangxi/04,A/chicken/Jiangxi/04.01_NCDZT0203-P/2015(H5N6),-0.274295,0.032045,-0.373318,0.045518,Avian,N6
306_A/chicken/Jiangxi/04,A/chicken/Jiangxi/04.01_NCDZT0238-P/2015(H5N6),-0.273433,0.031621,-0.37395,0.042731,Avian,N6
307_A/chicken/Jiangxi/04,A/chicken/Jiangxi/04.01_NCDZT0279-P/2015(H5N6),-0.274295,0.032045,-0.373318,0.045518,Avian,N6
308_A/chicken/Jiangxi/04,A/chicken/Jiangxi/04.01_NCDZT0285-P/2015(H5N6),-0.274295,0.032045,-0.373318,0.045518,Avian,N6
309_A/chicken/Jiangxi/04,A/chicken/Jiangxi/04.01_NCDZT0299-P/2015(Mixed),-0.26732,0.031598,-0.38509,0.042882,Avian,Others
310_A/chicken/Jiangxi/04,A/chicken/Jiangxi/04.01_NCJD131-1-O/2015(H5N6),-0.271509,0.032587,-0.372751,0.041806,Avian,N6
311_A/chicken/Jiangxi/05,A/chicken/Jiangxi/05.06__NCDZT0039B-P/2015(H5N6),-0.274295,0.032045,-0.373318,0.045518,Avian,N6
312_A/chicken/Jiangxi/10,A/chicken/Jiangxi/10.30_NCDZT17B3-OC/2017,-0.270174,-0.009605,-0.398403,0.011567,Avian,N6
313_A/chicken/Jiangxi/12,A/chicken/Jiangxi/12.05_NCDZT007/2014(H5N6),-0.274295,0.032045,-0.373318,0.045518,Avian,N6
314_A/chicken/Jiangxi/12,A/chicken/Jiangxi/12.05_NCDZT0012/2014(H5N6),-0.270162,0.030969,-0.376583,0.043458,Avian,N6
315_A/chicken/Jiangxi/12,A/chicken/Jiangxi/12.05_NCDZT0020/2014(H5N6),-0.274295,0.032045,-0.373318,0.045518,Avian,N6
316_A/chicken/Jiangxi/12,A/chicken/Jiangxi/12.05_NCDZT0032/2014(H5N6),-0.270162,0.030969,-0.376583,0.043458,Avian,N6
317_A/chicken/Jiangxi/12,A/chicken/Jiangxi/12.05_NCNP006/2014(H5N6),-0.270162,0.030969,-0.376583,0.043458,Avian,N6
318_A/chicken/Jiangxi/25,A/chicken/Jiangxi/25/2011,0.136912,0.038789,0.021777,-0.108872,Avian,N1
319_A/Chicken/Jiangxi/45,A/Chicken/Jiangxi/45093/2016,-0.280158,0.009784,-0.409249,0.031543,Avian,N6
320_A/chicken/Jiangxi/S4,A/chicken/Jiangxi/S40653/2021(H5N1),-0.306242,0.092278,0.119236,0.043908,Avian,N1
321_A/chicken/Jilin/04.1,A/chicken/Jilin/04.11_CCHSL007/2015(Mixed),0.125974,0.091248,-0.008902,0.028928,Avian,N6
322_A/chicken/Jilin/04.1,A/chicken/Jilin/04.12_MHK001-O/2015(H5N1),0.194286,0.017544,-0.040823,-0.052716,Avian,N1
323_A/chicken/Jilin/04.1,A/chicken/Jilin/04.12_MHK002-O/2015(H5N1),0.194286,0.017544,-0.040823,-0.052716,Avian,N1
324_A/chicken/Jilin/04.1,A/chicken/Jilin/04.12_MHK003-O/2015(H5N1),0.194286,0.017544,-0.040823,-0.052716,Avian,N1
325_A/chicken/Jilin/04.1,A/chicken/Jilin/04.12_MHK004-O/2015(Mixed),0.194286,0.017544,-0.040823,-0.052716,Avian,N1
326_A/chicken/Jilin/04.2,A/chicken/Jilin/04.25_MHK009/2015(H5N1),0.184352,0.047935,-0.024262,-0.043177,Avian,N1
327_A/chicken/Jilin/S125,A/chicken/Jilin/S1255/2019(H5N1),0.142974,0.053397,-0.051491,-0.084042,Avian,N1
328_A/chicken/Jilin/S127,A/chicken/Jilin/S1271/2019(H5N1),0.142974,0.053397,-0.051491,-0.084042,Avian,N1
329_A/chicken/Kaohsiung/,A/chicken/Kaohsiung/16MB0889/2016,0.03694,-0.223851,0.01561,0.055403,Avian,N8
330_A/chicken/Kaohsiung/,A/chicken/Kaohsiung/16010047/2016,0.017969,-0.232179,-0.029246,0.042229,Avian,N8
331_A/chicken/Kaohsiung/,A/chicken/Kaohsiung/16020017-2/2016,0.046787,-0.21989,0.022919,0.05358,Avian,N8
332_A/chicken/Kaohsiung/,A/chicken/Kaohsiung/16040021-1/2016,0.03694,-0.223851,0.01561,0.055403,Avian,N8
333_A/chicken/Kaohsiung/,A/chicken/Kaohsiung/16070003/2016,0.028299,-0.225277,0.013391,0.024378,Avian,N8
334_A/chicken/Kaohsiung/,A/chicken/Kaohsiung/16120012/2016,0.027833,-0.233818,0.017907,0.024072,Avian,N8
335_A/chicken/Kaohsiung/,A/chicken/Kaohsiung/17030023/2017,0.046212,-0.221309,0.020615,0.053674,Avian,N8
336_A/chicken/Kaohsiung/,A/chicken/Kaohsiung/17040007/2017,0.087376,-0.245704,0.054703,0.043304,Avian,N2
337_A/chicken/Kaohsiung/,A/chicken/Kaohsiung/17100002/2017,0.073654,-0.257681,0.051565,0.04268,Avian,N2
338_A/chicken/Kaohsiung/,A/chicken/Kaohsiung/18080004-1/2018,0.062859,-0.24288,0.035803,0.035487,Avian,N2
339_A/chicken/Kaohsiung/,A/chicken/Kaohsiung/18080004-2/2018,0.062859,-0.24288,0.035803,0.035487,Avian,N2
340_A/chicken/Liaoning/S,A/chicken/Liaoning/S4092/2011,-0.037589,-0.048839,-0.103451,-0.127546,Avian,N1
341_A/chicken/Liaoning/S,A/chicken/Liaoning/SD035/2018(H5N1),0.143334,0.034915,-0.047054,-0.065633,Avian,N1
342_A/chicken/Miaoli/150,A/chicken/Miaoli/15010421-1/2015,0.038117,-0.224846,0.019787,0.023055,Avian,N8
343_A/chicken/Nantou/161,A/chicken/Nantou/16110023-1/2016,0.03694,-0.223851,0.01561,0.055403,Avian,N8
344_A/chicken/New_Taipei,A/chicken/New_Taipei_City/16110019-1/2016,0.046787,-0.21989,0.022919,0.05358,Avian,N8
345_A/chicken/New_Taipei,A/chicken/New_Taipei_City/16110020-2/2016,0.046787,-0.21989,0.022919,0.05358,Avian,N8
346_A/chicken/New_Taipei,A/chicken/New_Taipei_City/17040002-2/2017,0.087376,-0.245704,0.054703,0.043304,Avian,N2
347_A/chicken/New_Taipei,A/chicken/New_Taipei_City/17050004-2/2017,0.068716,-0.192992,-0.003525,0.072383,Avian,N8
348_A/chicken/New_Taipei,A/chicken/New_Taipei_City/17090001/2017,0.068716,-0.192992,-0.003525,0.072383,Avian,N8
349_A/chicken/New_Taipei,A/chicken/New_Taipei_City/17090002/2017,0.068716,-0.192992,-0.003525,0.072383,Avian,N8
350_A/chicken/New_Taipei,A/chicken/New_Taipei_City/17090003/2017,0.068716,-0.192992,-0.003525,0.072383,Avian,N8
351_A/chicken/New_Taipei,A/chicken/New_Taipei_City/18010021-3/2018,0.089787,-0.262522,0.040666,0.044024,Avian,N2
352_A/chicken/Ningxia/2/,A/chicken/Ningxia/2/2012,-0.099646,-0.021352,-0.05397,-0.126477,Avian,N1
353_A/chicken/Ningxia/22,A/chicken/Ningxia/222/2012,-0.099646,-0.021352,-0.05397,-0.126477,Avian,N1
354_A/chicken/PH/A2821/2,A/chicken/PH/A2821/2013,-0.162956,-0.119932,-0.05353,-0.009473,Avian,N2
355_A/chicken/Pingtung/1,A/chicken/Pingtung/15050006-1/2015,0.038158,-0.22399,0.026642,0.055986,Avian,N2
356_A/chicken/Pingtung/1,A/chicken/Pingtung/16020009-3/2016,0.044779,-0.227703,-0.004792,0.027828,Avian,N2
357_A/chicken/Pingtung/1,A/chicken/Pingtung/18010017-1/2018,0.062859,-0.24288,0.035803,0.035487,Avian,N2
358_A/chicken/Pingtung/1,A/chicken/Pingtung/18020015-1/2018,0.089787,-0.262522,0.040666,0.044024,Avian,N2
359_A/chicken/PT/a158/20,A/chicken/PT/a158/2015,-0.106158,-0.106105,-0.00052,-0.029458,Avian,N2
360_A/chicken/Qingdao/1/,A/chicken/Qingdao/1/2014,-0.02947,-0.046024,-0.12101,-0.127175,Avian,N2
361_A/chicken/SC/a688/20,A/chicken/SC/a688/2015,-0.106457,-0.107125,0.002426,-0.029212,Avian,N2
362_A/chicken/Shaanxi/SD,A/chicken/Shaanxi/SD001/2021,-0.278108,0.10168,0.140193,0.035531,Avian,N6
363_A/chicken/Shandong/1,A/chicken/Shandong/12.03_YA-CK/2014(H5N1),-0.29548,0.004893,-0.398129,0.002412,Avian,N1
364_A/Chicken/Shandong/J,A/Chicken/Shandong/J01/2009,0.130531,0.087388,-0.014556,-0.134099,Avian,N1
365_A/Chicken/Shandong/J,A/Chicken/Shandong/J02/2009,-0.017729,-0.046668,-0.088753,-0.135649,Avian,N1
366_A/Chicken/Shandong/J,A/Chicken/Shandong/J03/2009,-0.016295,-0.051451,-0.091991,-0.130293,Avian,N1
367_A/Chicken/Shandong/J,A/Chicken/Shandong/J04/2009,-0.035423,-0.05084,-0.106243,-0.125616,Avian,N1
368_A/Chicken/Shandong/J,A/Chicken/Shandong/J06/2009,0.047353,0.014053,-0.005607,0.005895,Avian,N1
369_A/chicken/Shandong/K,A/chicken/Shandong/KD02699/2013,0.010053,-0.100551,-0.006811,-0.221508,Avian,N8
370_A/chicken/Shandong/S,A/chicken/Shandong/S3/2014,-0.028124,-0.047641,-0.124842,-0.125522,Avian,N2
371_A/chicken/Shanghai/S,A/chicken/Shanghai/S1123/2019(H5N1),0.1693,0.060485,-0.034823,-0.004088,Avian,N1
372_A/chicken/Shanghai/S,A/chicken/Shanghai/S4030/2017(H5N1),0.16678,0.055479,-0.033566,-0.039293,Avian,N1
373_A/chicken/Shanxi/04.,A/chicken/Shanxi/04.28_TGRL024-O/2018,0.106086,0.119076,-0.023453,0.090499,Avian,N6
374_A/chicken/Shanxi/12.,A/chicken/Shanxi/12.01_TGYL014-C/2016,0.152189,0.130888,0.000111,0.018887,Avian,N6
375_A/chicken/Shenzhen/4,A/chicken/Shenzhen/433/2013,0.150653,0.123944,0.000804,0.01129,Avian,N6
376_A/chicken/Shenzhen/5,A/chicken/Shenzhen/552/2013,0.15493,0.12063,0.002174,0.019469,Avian,N6
377_A/chicken/Shenzhen/7,A/chicken/Shenzhen/715/2013,0.150653,0.123944,0.000804,0.01129,Avian,N6
378_A/chicken/Shenzhen/1,A/chicken/Shenzhen/1061/2013,0.15493,0.12063,0.002174,0.019469,Avian,N6
379_A/chicken/Shenzhen/1,A/chicken/Shenzhen/1845/2013,0.154406,0.081064,-0.018358,-0.022291,Avian,N6
380_A/chicken/Shenzhen/2,A/chicken/Shenzhen/2269/2013,0.15493,0.12063,0.002174,0.019469,Avian,N6
381_A/chicken/Shenzhen/2,A/chicken/Shenzhen/2396/2013,0.15152,0.121155,0.001829,0.017328,Avian,N6
382_A/chicken/Shenzhen/2,A/chicken/Shenzhen/2464/2013,0.15152,0.121155,0.001829,0.017328,Avian,N6
383_A/chicken/Shijiazhua,A/chicken/Shijiazhuang/1209/2013,-0.09498,-0.061371,-0.114107,-0.135635,Avian,N2
384_A/chicken/Sichuan/k1,A/chicken/Sichuan/k141/2017,0.156928,0.119321,-0.002936,0.021747,Avian,N6
385_A/chicken/Sichuan/NC,A/chicken/Sichuan/NCJPL1/2014,0.155675,0.079523,0.004601,-0.024297,Avian,N6
386_A/Chicken/Suzhou/j5/,A/Chicken/Suzhou/j5/2019,0.178556,0.079876,-0.07737,0.060191,Avian,N6
387_A/Chicken/Suzhou/j6/,A/Chicken/Suzhou/j6/2019,0.178556,0.079876,-0.07737,0.060191,Avian,N6
388_A/chicken/Taichung/1,A/chicken/Taichung/15010399/2015,0.04332,-0.226424,0.020748,0.052439,Avian,N2
389_A/chicken/Taichung/1,A/chicken/Taichung/16040032-3/2016,0.046759,-0.22342,0.022006,0.05408,Avian,N2
390_A/chicken/Taichung/1,A/chicken/Taichung/16050044-2/2016,0.036443,-0.223904,0.01072,0.039441,Avian,N2
391_A/chicken/Taichung/1,A/chicken/Taichung/16110017-3/2016,0.078602,-0.228078,-0.034084,0.063715,Avian,N8
392_A/chicken/Tainan/150,A/chicken/Tainan/15020214/2015,0.046759,-0.22342,0.022006,0.05408,Avian,N8
393_A/chicken/Tainan/160,A/chicken/Tainan/16040035-1/2016,0.029901,-0.220685,-0.001828,0.020609,Avian,N2
394_A/chicken/Tainan/170,A/chicken/Tainan/17030058-1/2017,0.031864,-0.163405,0.028741,0.015109,Avian,N8
395_A/chicken/Taipei_Cit,A/chicken/Taipei_City/17090004/2017,0.102762,-0.206519,-0.035229,0.068354,Avian,N8
396_A/chicken/Taipei_Cit,A/chicken/Taipei_City/18010007-3/2018,0.07822,-0.254967,0.051871,0.037326,Avian,N2
397_A/chicken/Taipei_Cit,A/chicken/Taipei_City/18010008-3/2018,0.057566,-0.269843,0.047332,0.042858,Avian,N2
398_A/chicken/Taipei/160,A/chicken/Taipei/16060022-4/2016,0.03694,-0.223851,0.01561,0.055403,Avian,N8
399_A/chicken/Taipei/160,A/chicken/Taipei/16060023-1/2016,0.03694,-0.223851,0.01561,0.055403,Avian,N8
400_A/chicken/Taipei/161,A/chicken/Taipei/16120021/2016,0.020534,-0.217484,0.012739,0.027236,Avian,N8
401_A/chicken/Taipei/170,A/chicken/Taipei/17050005-1/2017,0.068716,-0.192992,-0.003525,0.072383,Avian,N8
402_A/chicken/Taipei/170,A/chicken/Taipei/17050008-3/2017,0.068716,-0.192992,-0.003525,0.072383,Avian,N8
403_A/chicken/Taipei/170,A/chicken/Taipei/17050009-3/2017,0.065652,-0.18909,-0.00616,0.083961,Avian,N8
404_A/chicken/Taishun/TS,A/chicken/Taishun/TS2/2016,-0.265115,-0.007519,-0.390085,-0.002809,Avian,N6
405_A/chicken/Taishun/TS,A/chicken/Taishun/TS90/2016,-0.27601,-0.039955,-0.409677,0.025874,Avian,N6
406_A/chicken/Taiwan/010,A/chicken/Taiwan/0101/2012,-0.119146,-0.132912,0.050286,-0.027874,Avian,N2
407_A/chicken/Taiwan/050,A/chicken/Taiwan/0502/2012,-0.140413,-0.164145,-0.016281,-0.098076,Avian,N2
408_A/chicken/Taiwan/683,A/chicken/Taiwan/683/2012,-0.151326,-0.080766,0.001698,-0.008617,Avian,N2
409_A/chicken/Taiwan/011,A/chicken/Taiwan/01174/2015,0.040686,-0.205154,0.023377,0.045096,Avian,Others
410_A/chicken/Taiwan/168,A/chicken/Taiwan/1682/2013,-0.078576,-0.094007,0.023636,-0.007497,Avian,N2
411_A/chicken/Taiwan/169,A/chicken/Taiwan/1692/2013,-0.078576,-0.094007,0.023636,-0.007497,Avian,N2
412_A/chicken/Taiwan/170,A/chicken/Taiwan/1704/2013,-0.078576,-0.094007,0.023636,-0.007497,Avian,N2
413_A/chicken/Taiwan/171,A/chicken/Taiwan/1711/2013,-0.078576,-0.094007,0.023636,-0.007497,Avian,N2
414_A/chicken/Taiwan/259,A/chicken/Taiwan/2593/2012,-0.145895,-0.128117,-0.056663,-0.033497,Avian,N2
415_A/chicken/Taiwan/294,A/chicken/Taiwan/2948/2013,-0.152427,-0.152933,-0.082367,-0.039123,Avian,N2
416_A/chicken/Taiwan/444,A/chicken/Taiwan/4443/2013,-0.137733,-0.126771,-0.054568,-0.004195,Avian,N2
417_A/chicken/Taiwan/735,A/chicken/Taiwan/7350/2013,-0.145895,-0.128117,-0.056663,-0.033497,Avian,N2
418_A/chicken/Taiwan/898,A/chicken/Taiwan/8988/2013,-0.145432,-0.130524,-0.052096,-0.02302,Avian,N2
419_A/chicken/Taiwan/899,A/chicken/Taiwan/8994/2013,-0.145432,-0.130524,-0.052096,-0.02302,Avian,N2
420_A/chicken/Taiwan/899,A/chicken/Taiwan/8996/2013,-0.145432,-0.130524,-0.052096,-0.02302,Avian,N2
421_A/chicken/Taiwan/A1/,A/chicken/Taiwan/A1/2019,-0.173449,-0.091913,-0.049789,-0.060872,Avian,N2
422_A/chicken/Taiwan/a17,A/chicken/Taiwan/a174/2015,0.040686,-0.205154,0.023377,0.045096,Avian,Others
423_A/chicken/Taiwan/A19,A/chicken/Taiwan/A1997/2012,-0.140413,-0.164145,-0.016281,-0.098076,Avian,N2
424_A/chicken/Taiwan/D2/,A/chicken/Taiwan/D2/2019,0.058069,-0.201321,0.041703,0.018591,Avian,N2
425_A/chicken/Taiwan/D9/,A/chicken/Taiwan/D9/2019,0.058069,-0.201321,0.041703,0.018591,Avian,N2
426_A/chicken/Taiwan/u7/,A/chicken/Taiwan/u7/2016,0.093152,-0.246044,0.056143,0.044643,Avian,N2
427_A/chicken/Taiwan/x37,A/chicken/Taiwan/x37/2016,0.034517,-0.274567,0.057396,0.027638,Avian,N8
428_A/chicken/TC/a504/20,A/chicken/TC/a504/2015,-0.106401,-0.105857,0.006081,-0.027697,Avian,N2
429_A/chicken/TY/a665/20,A/chicken/TY/a665/2015,-0.106158,-0.106105,-0.00052,-0.029458,Avian,N2
430_A/chicken/Wuxi/7157/,A/chicken/Wuxi/7157/2015,0.141768,0.121016,-0.033094,-0.041034,Avian,N6
431_A/chicken/Wuxi/7765/,A/chicken/Wuxi/7765/2016,0.130581,0.112409,-0.035403,-0.049384,Avian,N6
432_A/chicken/Wuxi/SC739,A/chicken/Wuxi/SC7393/2015,0.155999,0.120293,-0.001049,0.019867,Avian,N6
433_A/chicken/Wuxi/WX-32,A/chicken/Wuxi/WX-32/2013,0.175052,0.041457,-0.017501,-0.045335,Avian,N1
434_A/chicken/Wuxi/WX-33,A/chicken/Wuxi/WX-33/2013,0.175052,0.041457,-0.017501,-0.045335,Avian,N1
435_A/chicken/Xinjiang/S,A/chicken/Xinjiang/S1016/2019(H5N1),0.1693,0.060485,-0.034823,-0.004088,Avian,N1
436_A/chicken/Xinjiang/S,A/chicken/Xinjiang/S1081/2019(H5N1),0.1693,0.060485,-0.034823,-0.004088,Avian,N1
437_A/chicken/Xinjiang/S,A/chicken/Xinjiang/S1170/2019(H5N1),0.159453,0.056525,-0.042131,-0.002265,Avian,N1
438_A/Chicken/Xuzhou/470,A/Chicken/Xuzhou/470/2017,0.149972,0.140151,-0.049305,0.092144,Avian,N6
439_A/chicken/Xuzhou/XZ6,A/chicken/Xuzhou/XZ6/2016,0.150041,0.122079,-0.013962,0.009242,Avian,N6
440_A/Chicken/Yangzhou/f,A/Chicken/Yangzhou/f6/2018,0.14383,0.138981,-0.054724,0.093597,Avian,N6
441_A/Chicken/Yangzhou/f,A/Chicken/Yangzhou/f9/2018,0.14383,0.138981,-0.054724,0.093597,Avian,N6
442_A/Chicken/Yangzhou/f,A/Chicken/Yangzhou/f14/2018,0.14042,0.139506,-0.05507,0.091456,Avian,N6
443_A/chicken/Yangzhou/Y,A/chicken/Yangzhou/YD1/2014,0.16265,0.079076,-0.007171,-0.026932,Avian,N6
444_A/chicken/YL/A3190/2,A/chicken/YL/A3190/2014,-0.076228,-0.2036,-0.048842,-0.11088,Avian,N2
445_A/chicken/Yuhang/1/2,A/chicken/Yuhang/1/2013,-0.258152,-0.066749,-0.430736,0.083667,Avian,Others
446_A/chicken/Yuhang/2/2,A/chicken/Yuhang/2/2013,-0.266156,-0.041906,-0.433395,0.07286,Avian,Others
447_A/chicken/Yunlin/150,A/chicken/Yunlin/15020048-1/2015,0.046731,-0.22695,0.021094,0.05458,Avian,N2
448_A/chicken/Yunlin/150,A/chicken/Yunlin/15040002-2/2015,0.048218,-0.225172,0.017855,0.05587,Avian,N2
449_A/chicken/Yunlin/150,A/chicken/Yunlin/15040027/2015,0.046759,-0.22342,0.022006,0.05408,Avian,N2
450_A/chicken/Yunlin/150,A/chicken/Yunlin/15050012/2015,0.039186,-0.225182,0.016564,0.023452,Avian,N8
451_A/chicken/Yunlin/150,A/chicken/Yunlin/15050037-2/2015,0.051517,-0.21851,0.012474,0.046652,Avian,N2
452_A/chicken/Yunlin/150,A/chicken/Yunlin/15050039-2/2015,0.047384,-0.217434,0.015739,0.048711,Avian,N2
453_A/chicken/Yunlin/150,A/chicken/Yunlin/15060014-1/2015,0.047384,-0.217434,0.015739,0.048711,Avian,N2
454_A/chicken/Yunlin/150,A/chicken/Yunlin/15080024/2015,0.034409,-0.247109,0.003645,0.050177,Avian,N2
455_A/chicken/Yunlin/160,A/chicken/Yunlin/16010001-1/2016,0.050027,-0.269467,0.014102,0.075276,Avian,N2
456_A/chicken/Yunlin/160,A/chicken/Yunlin/16010008-1/2016,0.037418,-0.223158,0.032684,0.057518,Avian,N2
457_A/chicken/Yunlin/160,A/chicken/Yunlin/16020038/2016,0.055458,-0.26641,0.018868,0.07419,Avian,N8
458_A/chicken/Yunlin/160,A/chicken/Yunlin/16050053/2016,0.046759,-0.22342,0.022006,0.05408,Avian,N2
459_A/chicken/Yunlin/170,A/chicken/Yunlin/17010001/2017,0.065711,-0.272061,0.037604,0.060656,Avian,N8
460_A/chicken/Yunlin/170,A/chicken/Yunlin/17010014/2017,0.088532,-0.242464,0.054663,0.035809,Avian,N2
461_A/chicken/Yunlin/170,A/chicken/Yunlin/17020094-1/2017,0.093152,-0.246044,0.056143,0.044643,Avian,N2
462_A/chicken/Yunlin/170,A/chicken/Yunlin/17020095-2/2017,0.097593,-0.220085,0.079266,0.048742,Avian,N2
463_A/chicken/Yunlin/170,A/chicken/Yunlin/17030001-1/2017,0.07943,-0.258021,0.053005,0.044019,Avian,N2
464_A/chicken/Yunlin/170,A/chicken/Yunlin/17030007-1/2017,0.09062,-0.238123,0.032134,0.014861,Avian,N2
465_A/chicken/Yunlin/170,A/chicken/Yunlin/17030010-1/2017,0.087376,-0.245704,0.054703,0.043304,Avian,N2
466_A/chicken/Yunlin/170,A/chicken/Yunlin/17030014-1/2017,0.08284,-0.258546,0.053351,0.04616,Avian,N2
467_A/chicken/Yunlin/170,A/chicken/Yunlin/17030020-2/2017,0.093152,-0.246044,0.056143,0.044643,Avian,N2
468_A/chicken/Yunlin/170,A/chicken/Yunlin/17030021-1/2017,0.08284,-0.258546,0.053351,0.04616,Avian,N2
469_A/chicken/Yunlin/170,A/chicken/Yunlin/17030032-2/2017,0.097593,-0.220085,0.079266,0.048742,Avian,N2
470_A/chicken/Yunlin/170,A/chicken/Yunlin/17030065-2/2017,0.091068,-0.250278,0.066562,0.048221,Avian,N2
471_A/chicken/Yunlin/170,A/chicken/Yunlin/17040003-1/2017,0.046402,-0.27123,-0.006197,0.03892,Avian,N2
472_A/chicken/Yunlin/170,A/chicken/Yunlin/17040004-2/2017,0.013315,-0.220024,0.101885,0.045516,Avian,N2
473_A/chicken/Yunlin/170,A/chicken/Yunlin/17040011-1/2017,0.077628,-0.239901,0.04751,0.037466,Avian,N2
474_A/chicken/Yunlin/170,A/chicken/Yunlin/17060019/2017,0.08284,-0.258546,0.053351,0.04616,Avian,N2
475_A/chicken/Yunlin/170,A/chicken/Yunlin/17070010/2017,0.08284,-0.258546,0.053351,0.04616,Avian,N2
476_A/chicken/Yunlin/180,A/chicken/Yunlin/18010001-2/2018,0.08284,-0.258546,0.053351,0.04616,Avian,N2
477_A/chicken/Yunlin/180,A/chicken/Yunlin/18010003-3/2018,0.084128,-0.264471,0.026049,0.018624,Avian,N2
478_A/chicken/Yunlin/180,A/chicken/Yunlin/18010023-1/2018,0.066748,-0.25869,0.040624,0.030182,Avian,N2
479_A/chicken/Yunlin/180,A/chicken/Yunlin/18020003-2/2018,0.073724,-0.259136,0.028852,0.027546,Avian,N2
480_A/chicken/Yunlin/180,A/chicken/Yunlin/18020004-1/2018,0.073724,-0.259136,0.028852,0.027546,Avian,N2
481_A/chicken/Yunlin/180,A/chicken/Yunlin/18020005-2/2018,0.073724,-0.259136,0.028852,0.027546,Avian,N2
482_A/chicken/Yunlin/180,A/chicken/Yunlin/18020008-2/2018,0.068036,-0.264614,0.013323,0.002646,Avian,N2
483_A/chicken/Yunlin/180,A/chicken/Yunlin/18030002-1/2018,0.074237,-0.260675,0.007088,0.001305,Avian,N2
484_A/chicken/Yunlin/180,A/chicken/Yunlin/18050013-1/2018,0.073724,-0.259136,0.028852,0.027546,Avian,N2
485_A/chicken/Yunlin/180,A/chicken/Yunlin/18060001-2/2018,0.073724,-0.259136,0.028852,0.027546,Avian,N2
486_A/chicken/Yunlin/180,A/chicken/Yunlin/18080006-1/2018,0.065366,-0.249959,0.045826,0.04791,Avian,N2
487_A/chicken/Yunnan/1/2,A/chicken/Yunnan/1/2014,0.147429,0.108286,0.000587,0.020287,Avian,N1
488_A/chicken/Yunnan/02.,A/chicken/Yunnan/02.09_DQXY008L/2015(H5N6),-0.223886,-0.020719,-0.362359,0.041095,Avian,N6
489_A/chicken/Yunnan/03.,A/chicken/Yunnan/03.15_DQJT0054-Z-P/2015(H5N6),0.155999,0.120293,-0.001049,0.019867,Avian,N6
490_A/chicken/Yunnan/03.,A/chicken/Yunnan/03.16__DQJT0068-O/2015(H5N6),-0.223886,-0.020719,-0.362359,0.041095,Avian,N6
491_A/chicken/Yunnan/03.,A/chicken/Yunnan/03.16_DQJT069-O/2015(H5N6),0.15493,0.12063,0.002174,0.019469,Avian,N6
492_A/chicken/Yunnan/03.,A/chicken/Yunnan/03.16_DQXYL0034-O/2015(H5N6),-0.223886,-0.020719,-0.362359,0.041095,Avian,N6
493_A/chicken/Yunnan/03.,A/chicken/Yunnan/03.16_DQXYL057-O/2015(H5N6),0.15493,0.12063,0.002174,0.019469,Avian,N6
494_A/chicken/Yunnan/07.,A/chicken/Yunnan/07.11_DQENM005/2015(H5N6),0.136031,0.122367,-0.000957,-0.008966,Avian,N6
495_A/Chicken/Yunnan/YN-,A/Chicken/Yunnan/YN-8/2016__(H5N6),0.120948,0.112882,0.013396,-0.046531,Avian,N6
496_A/Chicken/Yunnan/YN-,A/Chicken/Yunnan/YN-11/2016__(H5N6),0.126578,0.107321,0.014031,-0.04517,Avian,N6
497_A/Chicken/Yunnan/YN-,A/Chicken/Yunnan/YN-12/2016__(H5N6),0.120948,0.112882,0.013396,-0.046531,Avian,N6
498_A/chicken/Zhejiang/1,A/chicken/Zhejiang/194/2016,0.145901,0.11994,-0.036359,-0.043094,Avian,N2
499_A/chicken/Zhejiang/2,A/chicken/Zhejiang/209/2016,-0.076547,-0.169868,0.092318,0.059887,Avian,N2
500_A/chicken/Zhejiang/2,A/chicken/Zhejiang/217/2016,0.145901,0.11994,-0.036359,-0.043094,Avian,N2
501_A/chicken/Zhejiang/2,A/chicken/Zhejiang/232/2016,0.036238,-0.187224,0.034383,0.030353,Avian,N2
502_A/chicken/Zhejiang/7,A/chicken/Zhejiang/7450/2015,0.051409,-0.224526,-0.02152,0.046134,Avian,N2
503_A/chicken/Zhejiang/8,A/chicken/Zhejiang/81643/2015,0.051409,-0.224526,-0.02152,0.046134,Avian,N2
504_A/chicken/Zhejiang/5,A/chicken/Zhejiang/514135/2015,0.165465,0.071948,-0.003023,0.035146,Avian,N2
505_A/chicken/Zhejiang/7,A/chicken/Zhejiang/727022/2014,0.147609,0.11541,-0.004605,0.026464,Avian,N6
506_A/chicken/Zhejiang/7,A/chicken/Zhejiang/727026/2014,0.147609,0.11541,-0.004605,0.026464,Avian,N6
507_A/chicken/Zhejiang/7,A/chicken/Zhejiang/727079/2014,0.11722,0.0932,-0.023511,0.001777,Avian,N2
508_A/chicken/Zhejiang/7,A/chicken/Zhejiang/727155/2014,0.147609,0.11541,-0.004605,0.026464,Avian,N6
509_A/chicken/Zhejiang/7,A/chicken/Zhejiang/727159/2014,0.11722,0.0932,-0.023511,0.001777,Avian,N2
510_A/chickenl/Jiangxi/E,A/chickenl/Jiangxi/E84/2014_(H5N6),0.158341,0.120105,0.00252,0.021611,Avian,N6
511_A/Chlidonias_hybrida,A/Chlidonias_hybrida/Hubei/55/2020,-0.298289,0.107532,0.130001,0.034135,Avian,N8
512_A/Commom_Teal/Ningxi,A/Commom_Teal/Ningxia/474-9/2015,0.085034,0.127149,0.022438,0.026153,Avian,N6
513_A/common_coot/Shando,A/common_coot/Shandong/SC197/2021,-0.315636,0.086903,0.124292,0.038428,Avian,N8
514_A/common_crane/Yunna,A/common_crane/Yunnan-Huize/27/2021(H5N8),-0.289865,0.108007,0.127002,0.032306,Avian,N8
515_A/common_pochard/Nin,A/common_pochard/Ningxia/243/2020,-0.308581,0.023527,0.020026,-0.003138,Avian,N8
516_A/common_teal/Ningxi,A/common_teal/Ningxia/105/2020,-0.292995,0.068342,0.127945,0.052181,Avian,N8
517_A/common_teal/Ningxi,A/common_teal/Ningxia/181/2020,-0.308581,0.023527,0.020026,-0.003138,Avian,N8
518_A/common_teal/Ningxi,A/common_teal/Ningxia/189/2020,-0.308581,0.023527,0.020026,-0.003138,Avian,N8
519_A/common_teal/Ningxi,A/common_teal/Ningxia/237/2020,-0.308581,0.023527,0.020026,-0.003138,Avian,N8
520_A/common_teal/Ningxi,A/common_teal/Ningxia/245/2020,-0.308581,0.023527,0.020026,-0.003138,Avian,N8
521_A/common_teal/Ningxi,A/common_teal/Ningxia/253/2020,-0.308581,0.023527,0.020026,-0.003138,Avian,N8
522_A/common_teal/Shaanx,A/common_teal/Shaanxi/SXY1-1/2020,-0.292995,0.068342,0.127945,0.052181,Avian,N8
523_A/condor/Guangdong/1,A/condor/Guangdong/139/2003,0.087548,-0.048459,0.06714,-0.106723,Avian,N1
524_A/Copsychus_saularis,A/Copsychus_saularis/Guangdong/SW8/2014,0.143476,0.108232,0.013359,0.02521,Avian,N6
525_A/Curlew/Hong_Kong/A,A/Curlew/Hong_Kong/AFCD-HKU-22-01095.01009/2022,-0.304288,0.11076,0.136766,0.037117,Avian,N1
526_A/Cygnus_atratus/Hub,A/Cygnus_atratus/Hubei/2Z2-O/2016,-0.262934,0.059694,0.065232,-0.040469,Avian,N8
527_A/Cygnus_atratus/Hub,A/Cygnus_atratus/Hubei/HF-1/2016,-0.285339,0.043718,0.088018,0.011557,Avian,N8
528_A/Cygnus_columbianus,A/Cygnus_columbianus/Hubei/49/2020,-0.298289,0.107532,0.130001,0.034135,Avian,N8
529_A/Cygnus_columbianus,A/Cygnus_columbianus/Hubei/50/2020,-0.308601,0.09503,0.127208,0.035652,Avian,N8
530_A/Cygnus_columbianus,A/Cygnus_columbianus/Hubei/51/2020,-0.298289,0.107532,0.130001,0.034135,Avian,N8
531_A/Cygnus_columbianus,A/Cygnus_columbianus/Hubei/52/2020,-0.290557,0.108808,0.131986,0.061894,Avian,N8
532_A/Cygnus_columbianus,A/Cygnus_columbianus/Hubei/53/2020,-0.298289,0.107532,0.130001,0.034135,Avian,N8
533_A/Cygnus_columbianus,A/Cygnus_columbianus/Hubei/56/2020,-0.298289,0.107532,0.130001,0.034135,Avian,N8
534_A/Cygnus_columbianus,A/Cygnus_columbianus/Hubei/116/2020,-0.298289,0.107532,0.130001,0.034135,Avian,N8
535_A/Cygnus_columbianus,A/Cygnus_columbianus/Hubei/117/2021,-0.392718,0.115474,0.161656,-0.037324,Avian,N1
536_A/Cygnus_columbianus,A/Cygnus_columbianus/Hubei/121/2021,-0.406253,0.128474,0.174764,0.002191,Avian,N1
537_A/Cygnus_columbianus,A/Cygnus_columbianus/Hubei/123/2021,-0.392718,0.115474,0.161656,-0.037324,Avian,N1
538_A/Cygnus_columbianus,A/Cygnus_columbianus/Hubei/128/2021,-0.392718,0.115474,0.161656,-0.037324,Avian,N1
539_A/domestic_green-win,A/domestic_green-winged_teal/Hunan/3450/2006,-0.28128,-0.090432,-0.07374,-0.006722,Avian,N1
540_A/duck/Anhui/AH328/2,A/duck/Anhui/AH328/2015,0.141768,0.121016,-0.033094,-0.041034,Avian,N6
541_A/duck/Anhui/S4/2016,A/duck/Anhui/S4/2016,0.141768,0.121016,-0.033094,-0.041034,Avian,N6
542_A/duck/Changhua/15A0,A/duck/Changhua/15A03431-1-20T/2015,0.046731,-0.22695,0.021094,0.05458,Avian,N2
543_A/duck/Changhua/15A0,A/duck/Changhua/15A03473-1-20T/2015,0.041267,-0.222888,0.026301,0.053782,Avian,N2
544_A/duck/Chiayi/150800,A/duck/Chiayi/15080023/2015,0.052048,-0.265885,0.018522,0.072049,Avian,N8
545_A/duck/China/0936/20,A/duck/China/0936/2017,0.171204,0.115041,0.013741,0.017916,Avian,N6
546_A/duck/China/0938/20,A/duck/China/0938/2017,0.166443,0.054654,-0.034866,-0.040498,Avian,N6
547_A/duck/China/DK87/20,A/duck/China/DK87/2016,0.168591,0.116059,-0.005061,0.025024,Avian,N6
548_A/duck/China/E26/201,A/duck/China/E26/2012,0.085315,0.057438,-0.000188,0.065238,Avian,N1
549_A/duck/China/E53/201,A/duck/China/E53/2012,0.163956,0.079777,-0.038486,-0.121844,Avian,N1
550_A/Duck/China/H5N6/20,A/Duck/China/H5N6/2020,0.140644,0.136469,-0.03223,0.106437,Avian,N6
551_A/duck/China/YD1516/,A/duck/China/YD1516/2016,-0.017859,-0.203334,-0.005735,0.059525,Avian,N2
552_A/duck/Chongqing/S43,A/duck/Chongqing/S4362/2017,-0.305935,0.000403,0.043355,0.011625,Avian,Others
553_A/duck/Dongguan/2685,A/duck/Dongguan/2685/2013,0.151786,0.122713,0.004752,0.012481,Avian,N6
554_A/Duck/Dongting/D76-,A/Duck/Dongting/D76-1/2016,-0.280836,0.009886,0.058768,-0.019135,Avian,Others
555_A/duck/Eastern_China,A/duck/Eastern_China/008/2008,0.038982,-0.140878,0.015867,-0.105859,Avian,Others
556_A/duck/Eastern_China,A/duck/Eastern_China/031/2009,0.038982,-0.140878,0.015867,-0.105859,Avian,Others
557_A/duck/Eastern_China,A/duck/Eastern_China/108/2008,0.039817,-0.140958,0.019583,-0.103582,Avian,N1
558_A/duck/Eastern_China,A/duck/Eastern_China/909/2009,0.038982,-0.140878,0.015867,-0.105859,Avian,N1
559_A/duck/Eastern_China,A/duck/Eastern_China/JY/2014,-0.004964,-0.075923,-0.035951,-0.182588,Avian,N8
560_A/duck/Eastern_China,A/duck/Eastern_China/L0230/2010,-0.007402,-0.205641,-0.019678,-0.045622,Avian,N2
561_A/duck/Eastern_China,A/duck/Eastern_China/L0321/2010,-0.022376,-0.172514,0.077386,0.012818,Avian,N2
562_A/duck/Eastern_China,A/duck/Eastern_China/L0405/2010,0.012192,-0.054146,0.012109,-0.183923,Avian,N8
563_A/duck/Eastern_China,A/duck/Eastern_China/L0423/2011,0.016263,-0.049845,0.017977,-0.187085,Avian,N8
564_A/duck/Eastern_China,A/duck/Eastern_China/L0611/2011,0.046927,-0.029656,0.042918,-0.187188,Avian,N8
565_A/duck/Eastern_China,A/duck/Eastern_China/L0722/2012,-0.038829,-0.022235,0.085267,-0.202776,Avian,N8
566_A/duck/Eastern_China,A/duck/Eastern_China/L1021/2012,-0.015304,-0.025309,0.064819,-0.218182,Avian,N8
567_A/duck/Eastern_China,A/duck/Eastern_China/L1120/2012,0.014834,-0.095487,0.000152,-0.206713,Avian,N8
568_A/duck/Eastern_China,A/duck/Eastern_China/S0131/2014,0.034975,-0.214831,0.018145,0.045481,Avian,N2
569_A/duck/Eastern_China,A/duck/Eastern_China/S0215/2014,-0.01074,-0.075583,-0.037391,-0.183927,Avian,N8
570_A/duck/Eastern_China,A/duck/Eastern_China/S0322/2014,0.104282,0.092446,-0.039601,0.054167,Avian,N6
571_A/duck/Eastern_China,A/duck/Eastern_China/S0711/2014,0.149907,0.07564,-0.001465,-0.024416,Avian,N6
572_A/duck/Eastern_China,A/duck/Eastern_China/S0808/2014,0.022992,-0.192241,0.01238,0.016592,Avian,N2
573_A/duck/Eastern_China,A/duck/Eastern_China/S0908/2014,0.164365,0.071347,-0.00027,-0.013627,Avian,N6
574_A/duck/Eastern_China,A/duck/Eastern_China/S1109/2014,-0.012794,-0.077921,-0.044566,-0.187294,Avian,N8
575_A/duck/Eastern_China,A/duck/Eastern_China/S1210/2013,-0.036641,-0.049579,-0.052263,-0.155738,Avian,N8
576_A/duck/Fujian/1.17_F,A/duck/Fujian/1.17_FZHX0123-C/2017,0.12009,0.018777,-0.059483,0.0788,Avian,N6
577_A/duck/Fujian/03.18_,A/duck/Fujian/03.18_GTFJ-15-10/2015(Mixed),0.15524,0.119262,-0.001031,0.021785,Avian,N6
578_A/duck/Fujian/05.07_,A/duck/Fujian/05.07_FZHMD4K-O/2015(Mixed),0.138746,0.120804,0.002874,-0.011637,Avian,N6
579_A/duck/Fujian/05.07_,A/duck/Fujian/05.07_FZHMD12AK-O/2015(Mixed),0.138746,0.120804,0.002874,-0.011637,Avian,N6
580_A/duck/Fujian/05.07_,A/duck/Fujian/05.07_FZHMDK14-O/2015(H5N6),0.138746,0.120804,0.002874,-0.011637,Avian,N6
581_A/duck/Fujian/10.26_,A/duck/Fujian/10.26_FZHX0002-O/2017,0.150826,0.137072,-0.006151,0.005548,Avian,N6
582_A/duck/Fujian/10.26_,A/duck/Fujian/10.26_FZHX0010-O/2017,0.158542,0.121585,0.00156,0.014859,Avian,N6
583_A/duck/Fujian/11.3_F,A/duck/Fujian/11.3_FZHX1132-O/2016,0.061827,0.127585,-0.052132,0.011205,Avian,N6
584_A/duck/Fujian/11.3_F,A/duck/Fujian/11.3_FZHX1141-C/2016,0.163269,0.07671,-0.000502,0.039471,Avian,N6
585_A/duck/Fujian/11.23_,A/duck/Fujian/11.23_FZHX0009-C/2017,0.145078,0.139837,-0.012558,-0.003259,Avian,N6
586_A/duck/Fujian/11.23_,A/duck/Fujian/11.23_FZHX0014-C/2017,0.1159,0.143634,0.002376,-0.00932,Avian,N6
587_A/duck/Fujian/11.23_,A/duck/Fujian/11.23_FZHX0015-C/2017,0.159167,0.127571,-0.004708,0.009491,Avian,N6
588_A/duck/Fujian/12.7_F,A/duck/Fujian/12.7_FZHX1202-O/2016,0.163269,0.07671,-0.000502,0.039471,Avian,N6
589_A/duck/Fujian/12.7_F,A/duck/Fujian/12.7_FZHX1218-C/2016,0.163269,0.07671,-0.000502,0.039471,Avian,N6
590_A/duck/Fujian/12.7_F,A/duck/Fujian/12.7_FZHX1219-O/2016,0.163269,0.07671,-0.000502,0.039471,Avian,N6
591_A/duck/Fujian/12.7_F,A/duck/Fujian/12.7_FZHX1221-C/2016,0.163269,0.07671,-0.000502,0.039471,Avian,N6
592_A/duck/Fujian/S1233/,A/duck/Fujian/S1233/2018(H5N1),0.129904,0.14381,-0.060356,0.022584,Avian,N1
593_A/duck/Fujian/S1273/,A/duck/Fujian/S1273/2018(H5N1),0.129904,0.14381,-0.060356,0.022584,Avian,N1
594_A/Duck/Fujian/S4146/,A/Duck/Fujian/S4146/2010,0.159312,0.086111,-0.017823,-0.098345,Avian,N1
595_A/duck/Guangdong/01.,A/duck/Guangdong/01.01_SZSGXJK001-G/2016,0.151676,0.118107,-0.001002,0.022534,Avian,N6
596_A/duck/Guangdong/01.,A/duck/Guangdong/01.01_SZSGXJK001-Y_/2016,0.155209,0.119349,0.001566,0.020724,Avian,N6
597_A/duck/Guangdong/01.,A/duck/Guangdong/01.01_SZSGXJK002-G/2016,0.155209,0.119349,0.001566,0.020724,Avian,N6
598_A/duck/Guangdong/01.,A/duck/Guangdong/01.01_SZSGXJK002-Y/2016,0.155209,0.119349,0.001566,0.020724,Avian,N6
599_A/duck/Guangdong/01.,A/duck/Guangdong/01.01_SZSGXJK003-G/2016,0.155209,0.119349,0.001566,0.020724,Avian,N6
600_A/duck/Guangdong/01.,A/duck/Guangdong/01.01_SZSGXJK004-Y/2016,0.155209,0.119349,0.001566,0.020724,Avian,N6
601_A/duck/Guangdong/01.,A/duck/Guangdong/01.01_SZSGXJK005-G_/2016,0.155209,0.119349,0.001566,0.020724,Avian,N6
602_A/duck/Guangdong/01.,A/duck/Guangdong/01.01_SZSGXJK005-Y/2016,0.155209,0.119349,0.001566,0.020724,Avian,N6
603_A/duck/Guangdong/01.,A/duck/Guangdong/01.01_SZSGXJK006-G/2016,0.155209,0.119349,0.001566,0.020724,Avian,N6
604_A/duck/Guangdong/01.,A/duck/Guangdong/01.01_SZSGXJK006-Y/2016,0.155209,0.119349,0.001566,0.020724,Avian,N6
605_A/duck/Guangdong/02.,A/duck/Guangdong/02.11_DGCP092-P/2015(Mixed),0.162649,0.11642,-0.001362,0.027417,Avian,N6
606_A/duck/Guangdong/02.,A/duck/Guangdong/02.11_DGCP093-P/2015(Mixed),0.162649,0.11642,-0.001362,0.027417,Avian,N6
607_A/duck/Guangdong/02.,A/duck/Guangdong/02.11_DGCP094-P/2015(Mixed),0.162649,0.11642,-0.001362,0.027417,Avian,N6
608_A/duck/Guangdong/02.,A/duck/Guangdong/02.11_DGCP102-P/2015(Mixed),0.162649,0.11642,-0.001362,0.027417,Avian,N6
609_A/duck/Guangdong/02.,A/duck/Guangdong/02.11_DGCP103-P/2015(Mixed),0.162649,0.11642,-0.001362,0.027417,Avian,N6
610_A/duck/Guangdong/02.,A/duck/Guangdong/02.11_DGCP104-P/2015(Mixed),0.162649,0.11642,-0.001362,0.027417,Avian,N6
611_A/duck/Guangdong/03.,A/duck/Guangdong/03.26_DGCP062-P/2015(H5N6),0.150256,0.118734,-0.027956,-0.012856,Avian,N6
612_A/duck/Guangdong/03.,A/duck/Guangdong/03.26_DGCP066-O/2015(H5N6),0.150256,0.118734,-0.027956,-0.012856,Avian,N6
613_A/duck/Guangdong/03.,A/duck/Guangdong/03.26_DGCP074-O/2015(H5N6),0.141615,0.117308,-0.030175,-0.043881,Avian,N6
614_A/duck/Guangdong/03.,A/duck/Guangdong/03.26_DGCP075-O/2015(Mixed),0.168518,0.132364,0.000008,0.017406,Avian,N6
615_A/duck/Guangdong/03.,A/duck/Guangdong/03.26_DGCP076-O/2015(H5N6),0.141615,0.117308,-0.030175,-0.043881,Avian,N6
616_A/duck/Guangdong/03.,A/duck/Guangdong/03.26_DGCP076-P/2015(H5N6),0.141615,0.117308,-0.030175,-0.043881,Avian,N6
617_A/duck/Guangdong/03.,A/duck/Guangdong/03.26_DGCP077-O/2015(H5N6),-0.110458,-0.066196,-0.022822,-0.000525,Avian,N6
618_A/duck/Guangdong/03.,A/duck/Guangdong/03.26_DGCP078-P/2015(H5N6),0.141615,0.117308,-0.030175,-0.043881,Avian,N6
619_A/duck/Guangdong/03.,A/duck/Guangdong/03.26_DGCP080-P/2015(H5N6),0.168518,0.132364,0.000008,0.017406,Avian,N6
620_A/duck/Guangdong/03.,A/duck/Guangdong/03.26_DGCP082-O/2015(H5N6),0.168518,0.132364,0.000008,0.017406,Avian,N6
621_A/duck/Guangdong/03.,A/duck/Guangdong/03.26_DGCP084-P/2015(H5N6),0.136818,0.118651,-0.023794,-0.043324,Avian,N6
622_A/duck/Guangdong/03.,A/duck/Guangdong/03.26_DGCP709-P/2015(H5N6),0.141615,0.117308,-0.030175,-0.043881,Avian,N6
623_A/duck/Guangdong/03.,A/duck/Guangdong/03.26_DGCPLB007-O/2015(H5N6),0.141615,0.117308,-0.030175,-0.043881,Avian,N6
624_A/duck/Guangdong/03.,A/duck/Guangdong/03.26_DGCPLB007-P/2015(H5N6),0.141615,0.117308,-0.030175,-0.043881,Avian,N6
625_A/duck/Guangdong/03.,A/duck/Guangdong/03.26_DGCPLB019-P/2015(H5N6),0.150256,0.118734,-0.027956,-0.012856,Avian,N6
626_A/duck/Guangdong/03.,A/duck/Guangdong/03.26_DGCPLB021-O/2015(H5N6),0.150256,0.118734,-0.027956,-0.012856,Avian,N6
627_A/duck/Guangdong/03.,A/duck/Guangdong/03.26_DGCPLB022-O/2015(H5N6),0.150256,0.118734,-0.027956,-0.012856,Avian,N6
628_A/duck/Guangdong/03.,A/duck/Guangdong/03.26_DGCPLB022-P/2015(H5N6),0.150256,0.118734,-0.027956,-0.012856,Avian,N6
629_A/duck/Guangdong/03.,A/duck/Guangdong/03.26_DGCPLB023-O/2015(H5N6),0.150256,0.118734,-0.027956,-0.012856,Avian,N6
630_A/duck/Guangdong/03.,A/duck/Guangdong/03.26_DGCPLB023-P/2015(H5N6),0.150256,0.118734,-0.027956,-0.012856,Avian,N6
631_A/duck/Guangdong/03.,A/duck/Guangdong/03.26_DGCPLB024-O/2015(H5N6),0.150256,0.118734,-0.027956,-0.012856,Avian,N6
632_A/duck/Guangdong/03.,A/duck/Guangdong/03.27_DGQTSJ129-O/2015(Mixed),0.150057,0.119379,-0.003208,0.01968,Avian,N6
633_A/duck/Guangdong/03.,A/duck/Guangdong/03.27_DGQTSJ131-O/2015(Mixed),0.150315,0.11862,-0.00326,0.050177,Avian,N6
634_A/duck/Guangdong/03.,A/duck/Guangdong/03.27_DGQTSJ133-O/2015(Mixed),0.150057,0.119379,-0.003208,0.01968,Avian,N6
635_A/duck/Guangdong/03.,A/duck/Guangdong/03.27_DGQTSJ134-O/2015(Mixed),0.146863,0.123018,-0.00779,0.04671,Avian,N6
636_A/duck/Guangdong/03.,A/duck/Guangdong/03.27_DGQTXC203-O/2015(Mixed),0.150057,0.119379,-0.003208,0.01968,Avian,N6
637_A/duck/Guangdong/04.,A/duck/Guangdong/04.15_SZBAXQ019/2015(Mixed),0.141615,0.117308,-0.030175,-0.043881,Avian,N6
638_A/duck/Guangdong/04.,A/duck/Guangdong/04.15_SZBAXQ020/2015(H5N6),0.178264,0.110217,0.006129,0.014602,Avian,N6
639_A/duck/Guangdong/04.,A/duck/Guangdong/04.15_SZBAXQ021/2015(H5N6),0.178264,0.110217,0.006129,0.014602,Avian,N6
640_A/duck/Guangdong/04.,A/duck/Guangdong/04.16_LGDBL001/2015(Mixed),0.141615,0.117308,-0.030175,-0.043881,Avian,N6
641_A/duck/Guangdong/04.,A/duck/Guangdong/04.16_SZLGDBL005/2015(H5N6),0.169615,0.1307,0.00044,0.018939,Avian,N6
642_A/duck/Guangdong/04.,A/duck/Guangdong/04.16_SZLGDBL009/2015(H5N6),0.141615,0.117308,-0.030175,-0.043881,Avian,N6
643_A/duck/Guangdong/04.,A/duck/Guangdong/04.16_SZLGDBL013/2015(H5N6),0.141615,0.117308,-0.030175,-0.043881,Avian,N6
644_A/duck/Guangdong/04.,A/duck/Guangdong/04.16_SZLGWL002/2015(H5N6),0.143836,0.119746,-0.004759,0.018238,Avian,N6
645_A/duck/Guangdong/04.,A/duck/Guangdong/04.22_DGCP068-O/2015(H5N6),0.140595,0.123694,-0.010744,0.023605,Avian,N6
646_A/duck/Guangdong/04.,A/duck/Guangdong/04.22_DGCP071-P/2015(Mixed),0.140595,0.123694,-0.010744,0.023605,Avian,N6
647_A/duck/Guangdong/04.,A/duck/Guangdong/04.22_DGCP079-O/2015(H5N6),0.151208,0.119548,-0.001385,0.021763,Avian,N6
648_A/duck/Guangdong/04.,A/duck/Guangdong/04.22_DGCP083-O/2015(Mixed),0.150057,0.119379,-0.003208,0.01968,Avian,N6
649_A/duck/Guangdong/04.,A/duck/Guangdong/04.22_DGCP084-O/2015(H5N6),0.150057,0.119379,-0.003208,0.01968,Avian,N6
650_A/duck/Guangdong/04.,A/duck/Guangdong/04.22_DGCPLB018-O/2015(H5N6),0.13878,0.130154,-0.013525,0.027616,Avian,N6
651_A/duck/Guangdong/04.,A/duck/Guangdong/04.22_DGCPLB020-O/2015(H5N6),0.162339,0.118787,-0.00605,0.016864,Avian,N6
652_A/duck/Guangdong/04.,A/duck/Guangdong/04.22_DGCPLB022-O/2015(Mixed),0.162339,0.118787,-0.00605,0.016864,Avian,N6
653_A/duck/Guangdong/04.,A/duck/Guangdong/04.22_DGCPLB041-P/2015(H5N6),0.13878,0.130154,-0.013525,0.027616,Avian,N6
654_A/duck/Guangdong/04.,A/duck/Guangdong/04.22_DGCPLB044-P/2015(H5N6),0.13878,0.130154,-0.013525,0.027616,Avian,N6
655_A/duck/Guangdong/04.,A/duck/Guangdong/04.23_DGQTSJ121-O/2015(Mixed),0.150315,0.11862,-0.00326,0.050177,Avian,N6
656_A/duck/Guangdong/04.,A/duck/Guangdong/04.23_DGQTSJ123-O/2015(Mixed),0.150315,0.11862,-0.00326,0.050177,Avian,N6
657_A/duck/Guangdong/04.,A/duck/Guangdong/04.23_DGQTSJ127-O/2015(Mixed),0.153467,0.118854,-0.002862,0.021821,Avian,N6
658_A/duck/Guangdong/04.,A/duck/Guangdong/04.23_DGQTSJ128-O/2015(Mixed),0.150057,0.119379,-0.003208,0.01968,Avian,N6
659_A/duck/Guangdong/04.,A/duck/Guangdong/04.23_DGQTSJ134-O/2015(Mixed),0.150256,0.118734,-0.027956,-0.012856,Avian,N6
660_A/duck/Guangdong/04.,A/duck/Guangdong/04.23_DGQTSJ135-O/2015(Mixed),0.150057,0.119379,-0.003208,0.01968,Avian,N6
661_A/duck/Guangdong/04.,A/duck/Guangdong/04.23_DGQTSJ135-P/2015(Mixed),0.150057,0.119379,-0.003208,0.01968,Avian,N6
662_A/duck/Guangdong/04.,A/duck/Guangdong/04.23_DGQTSJ138-O/2015(Mixed),0.150057,0.119379,-0.003208,0.01968,Avian,N6
663_A/duck/Guangdong/04.,A/duck/Guangdong/04.23_DGQTSJ138-P/2015(Mixed),0.150057,0.119379,-0.003208,0.01968,Avian,N6
664_A/duck/Guangdong/04.,A/duck/Guangdong/04.23_DGQTSJ144-O/2015(Mixed),0.134252,0.117779,-0.017749,-0.041099,Avian,N6
665_A/duck/Guangdong/04.,A/duck/Guangdong/04.23_DGQTSJ145-O/2015(H5N6),0.179914,0.112953,-0.002517,0.016787,Avian,N6
666_A/duck/Guangdong/04.,A/duck/Guangdong/04.23_DGQTSJ146-O/2015(Mixed),0.150057,0.119379,-0.003208,0.01968,Avian,N6
667_A/duck/Guangdong/04.,A/duck/Guangdong/04.23_DGQTSJ147-O/2015(Mixed),0.179914,0.112953,-0.002517,0.016787,Avian,N6
668_A/duck/Guangdong/04.,A/duck/Guangdong/04.23_DGQTSJ148-O/2015(Mixed),0.179914,0.112953,-0.002517,0.016787,Avian,N6
669_A/duck/Guangdong/04.,A/duck/Guangdong/04.23_DGQTXC183-O/2015(Mixed),0.150256,0.118734,-0.027956,-0.012856,Avian,N6
670_A/duck/Guangdong/04.,A/duck/Guangdong/04.23_DGQTXC185-O/2015(Mixed),0.150256,0.118734,-0.027956,-0.012856,Avian,N6
671_A/duck/Guangdong/04.,A/duck/Guangdong/04.23_DGQTXC186-O/2015(Mixed),0.150256,0.118734,-0.027956,-0.012856,Avian,N6
672_A/duck/Guangdong/04.,A/duck/Guangdong/04.23_DGQTXC187-O/2015(Mixed),0.150256,0.118734,-0.027956,-0.012856,Avian,N6
673_A/duck/Guangdong/04.,A/duck/Guangdong/04.23_DGQTXC187-P/2015(Mixed),0.150256,0.118734,-0.027956,-0.012856,Avian,N6
674_A/duck/Guangdong/04.,A/duck/Guangdong/04.23_DGQTXC188-O/2015(Mixed),0.150057,0.119379,-0.003208,0.01968,Avian,N6
675_A/duck/Guangdong/04.,A/duck/Guangdong/04.23_DGQTXC188-P/2015(Mixed),0.146863,0.123018,-0.00779,0.04671,Avian,N6
676_A/duck/Guangdong/04.,A/duck/Guangdong/04.23_DGQTXC201-O/2015(Mixed),0.150256,0.118734,-0.027956,-0.012856,Avian,N6
677_A/duck/Guangdong/04.,A/duck/Guangdong/04.23_DGQTXC202-O/2015(H5N6),0.188556,0.114379,-0.000297,0.047812,Avian,N6
678_A/duck/Guangdong/04.,A/duck/Guangdong/04.23_DGQTXC202-O/2015(Mixed),0.150057,0.119379,-0.003208,0.01968,Avian,N6
679_A/duck/Guangdong/04.,A/duck/Guangdong/04.23_DGQTXC203-O/2015(H5N6),0.150256,0.118734,-0.027956,-0.012856,Avian,N6
680_A/duck/Guangdong/04.,A/duck/Guangdong/04.23_DGQTXC204-O/2015(Mixed),0.150057,0.119379,-0.003208,0.01968,Avian,N6
681_A/duck/Guangdong/04.,A/duck/Guangdong/04.23_DGQTXC204-P/2015(Mixed),0.150315,0.11862,-0.00326,0.050177,Avian,N6
682_A/duck/Guangdong/04.,A/duck/Guangdong/04.23_DGQTXC205-O/2015(Mixed),0.150315,0.11862,-0.00326,0.050177,Avian,N6
683_A/duck/Guangdong/04.,A/duck/Guangdong/04.23_DGQTXC206-O/2015(Mixed),0.150256,0.118734,-0.027956,-0.012856,Avian,N6
684_A/duck/Guangdong/04.,A/duck/Guangdong/04.23_DGQTXC207-O/2015(Mixed),0.150315,0.11862,-0.00326,0.050177,Avian,N6
685_A/duck/Guangdong/04.,A/duck/Guangdong/04.23_DGQTXC207-P/2015(Mixed),0.150315,0.11862,-0.00326,0.050177,Avian,N6
686_A/duck/Guangdong/04.,A/duck/Guangdong/04.23_DGQTXC213-O/2015(H5N6),0.179914,0.112953,-0.002517,0.016787,Avian,N6
687_A/duck/Guangdong/04.,A/duck/Guangdong/04.23_DGQTXC213-P/2015(H5N6),0.179914,0.112953,-0.002517,0.016787,Avian,N6
688_A/duck/Guangdong/04.,A/duck/Guangdong/04.23_DGQTXC227-P/2015(Mixed),0.179914,0.112953,-0.002517,0.016787,Avian,N6
689_A/duck/Guangdong/04.,A/duck/Guangdong/04.23_DGQTXC229-P/2015(H5N6),0.179914,0.112953,-0.002517,0.016787,Avian,N6
690_A/duck/Guangdong/04.,A/duck/Guangdong/04.23_DGQTXC230-P/2015(Mixed),0.179914,0.112953,-0.002517,0.016787,Avian,N6
691_A/duck/Guangdong/04.,A/duck/Guangdong/04.23_DGQTXC231-O/2015(H5N6),0.179914,0.112953,-0.002517,0.016787,Avian,N6
692_A/duck/Guangdong/04.,A/duck/Guangdong/04.23_DGQTXC231-P/2015(Mixed),0.179914,0.112953,-0.002517,0.016787,Avian,N6
693_A/duck/Guangdong/04.,A/duck/Guangdong/04.23_DGQTXC232-P/2015(H5N6),0.179914,0.112953,-0.002517,0.016787,Avian,N6
694_A/duck/Guangdong/04.,A/duck/Guangdong/04.23_DGQTXC233-P/2015(Mixed),0.179914,0.112953,-0.002517,0.016787,Avian,N6
695_A/duck/Guangdong/04.,A/duck/Guangdong/04.23_DGQTXC235-O/2015(H5N6),0.179914,0.112953,-0.002517,0.016787,Avian,N6
696_A/duck/Guangdong/04.,A/duck/Guangdong/04.23_DGQTXC236-P/2015(H5N6),0.151231,0.120308,0.008987,0.021559,Avian,N6
697_A/duck/Guangdong/11.,A/duck/Guangdong/11.18_SZBJ003-C/2016,0.167861,0.114722,-0.010777,0.026692,Avian,N6
698_A/duck/Guangdong/11.,A/duck/Guangdong/11.18_SZBJ003-O/2016,0.167861,0.114722,-0.010777,0.026692,Avian,N6
699_A/duck/Guangdong/11.,A/duck/Guangdong/11.18_SZBJ007-O/2016,0.167861,0.114722,-0.010777,0.026692,Avian,N6
700_A/duck/Guangdong/KGZ,A/duck/Guangdong/KGZ15783/2021,-0.301342,0.106415,0.126583,0.018673,Avian,N8
701_A/duck/Guangdong/KGZ,A/duck/Guangdong/KGZ16007/2021,-0.325476,0.127668,0.107426,0.029343,Avian,N6
702_A/duck/Guangdong/KGZ,A/duck/Guangdong/KGZ16008/2021,-0.325476,0.127668,0.107426,0.029343,Avian,N6
703_A/duck/Guangdong/KGZ,A/duck/Guangdong/KGZ16009/2021,-0.325476,0.127668,0.107426,0.029343,Avian,N6
704_A/duck/Guangdong/KGZ,A/duck/Guangdong/KGZ16012/2021,-0.325476,0.127668,0.107426,0.029343,Avian,N6
705_A/duck/Guangdong/KGZ,A/duck/Guangdong/KGZ16015/2021,-0.258692,0.085355,0.069077,0.036543,Avian,N8
706_A/Duck/Guangdong/PO1,A/Duck/Guangdong/PO17281256/MZH/2017-8-21,0.149972,0.140151,-0.049305,0.092144,Avian,N6
707_A/Duck/Guangdong/PO1,A/Duck/Guangdong/PO17281388/MZH/2017-10-24,0.149972,0.140151,-0.049305,0.092144,Avian,N6
708_A/Duck/Guangdong/PO1,A/Duck/Guangdong/PO17284260/YJ/2017-7-12,0.105947,0.133709,0.021635,0.00492,Avian,N6
709_A/Duck/Guangdong/PO1,A/Duck/Guangdong/PO1707260017/GZH/2017-08-02,0.149972,0.140151,-0.049305,0.092144,Avian,N6
710_A/Duck/Guangdong/PY5,A/Duck/Guangdong/PY501/2014(H5N6),0.164316,0.080949,0.006821,0.006728,Avian,N6
711_A/Duck/Guangdong/PY5,A/Duck/Guangdong/PY503/2014(H5N6),0.16265,0.079076,-0.007171,-0.026932,Avian,N6
712_A/duck/Guangdong/S12,A/duck/Guangdong/S1269/2021,-0.296698,0.105621,0.125472,0.036088,Avian,N8
713_A/duck/Guangdong/S13,A/duck/Guangdong/S1330/2016,0.157566,0.123757,0.007287,0.018702,Avian,N6
714_A/duck/Guangdong/S45,A/duck/Guangdong/S4518/2021(H5N1),-0.312532,0.097448,0.134848,0.032956,Avian,N1
715_A/duck/Guangdong/S45,A/duck/Guangdong/S4525/2021(H5N1),-0.312532,0.097448,0.134848,0.032956,Avian,N1
716_A/duck/Guangdong/S48,A/duck/Guangdong/S4879/2020,-0.296698,0.105621,0.125472,0.036088,Avian,N6
717_A/duck/Guangdong/s14,A/duck/Guangdong/s14044/2014,-0.018775,-0.071604,-0.059166,-0.228122,Avian,N8
718_A/duck/Guangdong/SE1,A/duck/Guangdong/SE195/2021,0.125737,0.129938,-0.06113,0.027734,Avian,N6
719_A/Duck/Guangdong/SS1,A/Duck/Guangdong/SS1A1/2014(H5N6),0.16265,0.079076,-0.007171,-0.026932,Avian,N6
720_A/duck/Guangdong/wy1,A/duck/Guangdong/wy11/2008,0.076786,-0.109855,-0.007318,-0.145656,Avian,Others
721_A/duck/Guangdong/wy1,A/duck/Guangdong/wy19/2008,0.047504,-0.1072,0.023095,-0.133841,Avian,Others
722_A/duck/Guangdong/wy2,A/duck/Guangdong/wy24/2008,0.036278,-0.160462,0.000438,-0.127131,Avian,Others
723_A/Duck/Guangdong/Yan,A/Duck/Guangdong/Yangjiang/PO18284009/2018-01-09,0.172958,0.133783,-0.048886,0.087183,Avian,N6
724_A/duck/Guangxi/12.25,A/duck/Guangxi/12.25_GLGX-14-08/2014(Mixed),0.18128,0.090596,0.01254,-0.005585,Avian,N6
725_A/duck/Guangxi/S1009,A/duck/Guangxi/S10099/2021,-0.258692,0.085355,0.069077,0.036543,Avian,N8
726_A/duck/Guangxi/S1026,A/duck/Guangxi/S10263/2021,-0.258692,0.085355,0.069077,0.036543,Avian,N8
727_A/duck/Guangxi/S1104,A/duck/Guangxi/S11043/2021,-0.298289,0.107532,0.130001,0.034135,Avian,N8
728_A/duck/Guangxi/S2119,A/duck/Guangxi/S21194/2021,-0.256771,0.08639,0.063143,0.035894,Avian,N8
729_A/duck/Guangxi/S3111,A/duck/Guangxi/S31116/2021(H5N6),-0.276304,0.089187,0.061117,0.041225,Avian,N6
730_A/duck/Guangzhou/018,A/duck/Guangzhou/018/2014,0.144619,0.108128,-0.000618,0.020987,Avian,N6
731_A/duck/Guangzhou/021,A/duck/Guangzhou/021/2014,0.15493,0.12063,0.002174,0.019469,Avian,N6
732_A/duck/Guizhou/7.27_,A/duck/Guizhou/7.27_ZYLJJ017-O/2018,0.13157,0.145682,-0.046365,0.056244,Avian,N6
733_A/duck/Guizhou/8.26_,A/duck/Guizhou/8.26_ZYLJJ016-O/2018,0.099772,0.082954,-0.033239,-0.003545,Avian,N6
734_A/duck/Guizhou/8.26_,A/duck/Guizhou/8.26_ZYLJJ017-O/2018,0.086798,0.088811,-0.013806,-0.002321,Avian,N6
735_A/duck/Guizhou/S1321,A/duck/Guizhou/S1321/2022(H5N1),-0.316673,0.09597,0.141647,0.033746,Avian,N1
736_A/duck/Guizhou/S1711,A/duck/Guizhou/S1711/2024(H5N1),-0.39242,0.122574,0.175491,0.022837,Avian,N1
737_A/duck/Guizhou/S4702,A/duck/Guizhou/S4702/2021(H5N6),-0.301956,0.11337,0.135663,0.039957,Avian,N6
738_A/duck/Hainan/12.29_,A/duck/Hainan/12.29_HKPL002-C/2017,0.141956,0.144711,-0.057791,0.05575,Avian,N6
739_A/duck/Hebei/3/2011|,A/duck/Hebei/3/2011,0.013533,-0.170535,-0.058987,-0.013323,Avian,N2
740_A/duck/Hebei/S1070/2,A/duck/Hebei/S1070/2021,-0.298289,0.107532,0.130001,0.034135,Avian,N8
741_A/duck/Henan/01.01_L,A/duck/Henan/01.01_LYGL003-O/2017,-0.201887,0.060375,-0.32468,0.025698,Avian,N6
742_A/duck/Henan/S1381/2,A/duck/Henan/S1381/2021,-0.293174,0.106703,0.128892,0.05343,Avian,N8
743_A/duck/Hsinchu/15020,A/duck/Hsinchu/15020216/2015,0.046759,-0.22342,0.022006,0.05408,Avian,N2
744_A/duck/Hubei/03.06__,A/duck/Hubei/03.06__WHWTZ0107-O/2015(Mixed),-0.138713,0.045167,-0.111062,-0.030646,Avian,N2
745_A/duck/Hubei/03.06__,A/duck/Hubei/03.06__WHWTZ0111-O/2015(Mixed),0.13609,0.034561,0.032373,-0.05182,Avian,N6
746_A/duck/Hubei/03.06__,A/duck/Hubei/03.06__WHWTZ0123-O/2015(H5N6),0.13609,0.034561,0.032373,-0.05182,Avian,N6
747_A/duck/Hubei/03.06__,A/duck/Hubei/03.06__WHWTZ0125-O/2015(H5N6),0.142604,0.022666,0.030883,-0.046206,Avian,N6
748_A/duck/Hubei/03.06__,A/duck/Hubei/03.06__WHWTZ0129-P/2015(H5N6),0.13609,0.034561,0.032373,-0.05182,Avian,N6
749_A/duck/Hubei/03.06__,A/duck/Hubei/03.06__WHWTZ0150-P/2015(Mixed),-0.164293,-0.039661,0.005438,-0.022332,Avian,N6
750_A/duck/Hubei/03.06__,A/duck/Hubei/03.06__WHWTZ0155-P/2015(H5N1),-0.303214,0.008814,-0.388977,0.002423,Avian,N1
751_A/duck/HuBei/03.06__,A/duck/HuBei/03.06__WHWTZ0158-P/2015(H5N6),0.13609,0.034561,0.032373,-0.05182,Avian,N6
752_A/duck/Hubei/03.06_W,A/duck/Hubei/03.06_WHWTZ0124-O/2015(H5N6),0.13609,0.034561,0.032373,-0.05182,Avian,N6
753_A/duck/Hubei/03.06_W,A/duck/Hubei/03.06_WHWTZ0130-O/2015(H5N6),0.142604,0.022666,0.030883,-0.046206,Avian,N6
754_A/duck/Hubei/46/2009,A/duck/Hubei/46/2009,-0.105136,0.0357,0.165287,-0.03522,Avian,N1
755_A/duck/Hubei/2911/20,A/duck/Hubei/2911/2007,0.069297,-0.104487,0.074309,-0.087917,Avian,N1
756_A/duck/Hubei/S4465/2,A/duck/Hubei/S4465/2021(H5N1),-0.319868,0.105855,0.112583,0.022124,Avian,N1
757_A/duck/Hubei/SE128/2,A/duck/Hubei/SE128/2022(H5N1),-0.313587,0.091066,0.117349,0.017536,Avian,N1
758_A/duck/Hubei/SE220/2,A/duck/Hubei/SE220/2022(H5N1),-0.318443,0.101956,0.151475,0.030272,Avian,N1
759_A/duck/Hubei/SZY250/,A/duck/Hubei/SZY250/2016,0.032504,-0.18264,0.011485,0.040556,Avian,N2
760_A/duck/Hubei/xn/2007,A/duck/Hubei/xn/2007,0.119296,-0.050368,0.048825,-0.038197,Avian,N1
761_A/duck/Hunan/1.12_YY,A/duck/Hunan/1.12_YYGK68H3-OC/2018,0.13709,0.139002,-0.065455,0.055148,Avian,N6
762_A/duck/Hunan/1.12_YY,A/duck/Hunan/1.12_YYGK72H3-OC/2018,0.13709,0.139002,-0.065455,0.055148,Avian,N6
763_A/duck/Hunan/1.12_YY,A/duck/Hunan/1.12_YYGK74H3-OC/2018,0.143752,0.140518,-0.050855,0.090702,Avian,N6
764_A/duck/Hunan/01.12_Y,A/duck/Hunan/01.12_YYGK82H3-OC/2018,0.143752,0.140518,-0.050855,0.090702,Avian,N6
765_A/duck/Hunan/01.16_Y,A/duck/Hunan/01.16_YYFQH128-P/2014(Mixed),0.16265,0.079076,-0.007171,-0.026932,Avian,N6
766_A/duck/Hunan/01.16_Y,A/duck/Hunan/01.16_YYFQH185-P/2014(H5N6),0.16265,0.079076,-0.007171,-0.026932,Avian,N6
767_A/duck/Hunan/01.16_Y,A/duck/Hunan/01.16_YYFQH299-P/2014(H5N6),0.152338,0.066574,-0.009963,-0.025415,Avian,N6
768_A/duck/Hunan/01.16_Y,A/duck/Hunan/01.16_YYFQH303-P/2014(H5N6),0.152338,0.066574,-0.009963,-0.025415,Avian,N6
769_A/duck/Hunan/01.16_Y,A/duck/Hunan/01.16_YYFQH304-P/2014(H5N6),0.152338,0.066574,-0.009963,-0.025415,Avian,N6
770_A/duck/Hunan/01.16_Y,A/duck/Hunan/01.16_YYFQH305-P/2014(H5N6),0.152338,0.066574,-0.009963,-0.025415,Avian,N6
771_A/duck/Hunan/01.16_Y,A/duck/Hunan/01.16_YYFQH306-P/2014(H5N6),0.152338,0.066574,-0.009963,-0.025415,Avian,N6
772_A/duck/Hunan/01.16_Y,A/duck/Hunan/01.16_YYFQH309-P/2014(H5N6),0.152338,0.066574,-0.009963,-0.025415,Avian,N6
773_A/duck/Hunan/01.16_Y,A/duck/Hunan/01.16_YYFQH317-P/2014(H5N6),0.152338,0.066574,-0.009963,-0.025415,Avian,N6
774_A/duck/Hunan/01.16_Y,A/duck/Hunan/01.16_YYFQH319-P/2014(H5N6),0.152338,0.066574,-0.009963,-0.025415,Avian,N6
775_A/duck/Hunan/01.16_Y,A/duck/Hunan/01.16_YYGK218-P/2014(H5N6),0.152338,0.066574,-0.009963,-0.025415,Avian,N6
776_A/duck/Hunan/1.17_YY,A/duck/Hunan/1.17_YYGKK80-OC/2017,0.168224,0.131736,0.02989,0.041656,Avian,N6
777_A/duck/Hunan/01.21_Y,A/duck/Hunan/01.21_YYFQH009-O/2015(H5N6),0.154008,0.07765,-0.00939,-0.057958,Avian,N6
778_A/duck/Hunan/01.21_Y,A/duck/Hunan/01.21_YYFQH019-P/2015(H5N6),0.152338,0.066574,-0.009963,-0.025415,Avian,N6
779_A/duck/Hunan/01.21_Y,A/duck/Hunan/01.21_YYFQH024-P/2015(H5N6),0.154008,0.07765,-0.00939,-0.057958,Avian,N6
780_A/duck/Hunan/01.21_Y,A/duck/Hunan/01.21_YYFQH025-P/2015(H5N6),0.128604,0.092604,0.024534,-0.022904,Avian,N6
781_A/duck/Hunan/01.21_Y,A/duck/Hunan/01.21_YYFQH030-O/2015(H5N6),0.154008,0.07765,-0.00939,-0.057958,Avian,N6
782_A/duck/Hunan/2.06_YY,A/duck/Hunan/2.06_YYGK77J3-OC/2018,0.145546,0.107959,0.001337,0.062199,Avian,N6
783_A/duck/Hunan/2.06_YY,A/duck/Hunan/2.06_YYGK78J3-OC/2018,0.174993,0.134155,-0.039182,0.083288,Avian,N6
784_A/duck/Hunan/2.06_YY,A/duck/Hunan/2.06_YYGK84J3-OC/2018,0.145546,0.107959,0.001337,0.062199,Avian,N6
785_A/duck/Hunan/2.06_YY,A/duck/Hunan/2.06_YYGK92J3-OC/2018,0.145546,0.107959,0.001337,0.062199,Avian,N6
786_A/duck/Hunan/02.07__,A/duck/Hunan/02.07__YYFQHY12Y-O/2015(H5N6),0.128604,0.092604,0.024534,-0.022904,Avian,N6
787_A/duck/Hunan/02.07__,A/duck/Hunan/02.07__YYFQHY20Y-O/2015(H5N6),0.128604,0.092604,0.024534,-0.022904,Avian,N6
788_A/duck/Hunan/02.07_Y,A/duck/Hunan/02.07_YYFQH026-O/2015(H5N6),0.152338,0.066574,-0.009963,-0.025415,Avian,N6
789_A/duck/Hunan/02.07_Y,A/duck/Hunan/02.07_YYFQH029-O/2015(H5N6),0.128604,0.092604,0.024534,-0.022904,Avian,N6
790_A/duck/Hunan/02.07_Y,A/duck/Hunan/02.07_YYFQH032-O/2015(H5N6),0.152338,0.066574,-0.009963,-0.025415,Avian,N6
791_A/duck/Hunan/02.16_Y,A/duck/Hunan/02.16_YYGK281-P/2014(H5N6),0.152338,0.066574,-0.009963,-0.025415,Avian,N6
792_A/duck/Hunan/02.26__,A/duck/Hunan/02.26__YYFQH293-P/2014(H5N6),0.158852,0.05468,-0.011453,-0.019802,Avian,N6
793_A/duck/Hunan/02.26__,A/duck/Hunan/02.26__YYFQH320-P/2014(H5N6),0.158852,0.05468,-0.011453,-0.019802,Avian,N6
794_A/duck/Hunan/02.26__,A/duck/Hunan/02.26__YYGK251-P/2014(H5N6),0.158852,0.05468,-0.011453,-0.019802,Avian,N6
795_A/duck/Hunan/02.26__,A/duck/Hunan/02.26__YYGK0255-P/2014(H5N6),0.174375,0.08558,-0.000918,0.001491,Avian,N6
796_A/duck/Hunan/02.26_Y,A/duck/Hunan/02.26_YYFQH290-P/2014(H5N6),0.16265,0.079076,-0.007171,-0.026932,Avian,N6
797_A/duck/Hunan/02.26_Y,A/duck/Hunan/02.26_YYFQH294-P/2014(H5N6),0.152338,0.066574,-0.009963,-0.025415,Avian,N6
798_A/duck/Hunan/02.26_Y,A/duck/Hunan/02.26_YYFQH308-P/2014(H5N6),0.152338,0.066574,-0.009963,-0.025415,Avian,N6
799_A/duck/Hunan/02.26_Y,A/duck/Hunan/02.26_YYFQHY291-P/2014(H5N6),0.128604,0.092604,0.024534,-0.022904,Avian,N6
800_A/duck/Hunan/02.26_Y,A/duck/Hunan/02.26_YYGK250-P/2014(H5N6),0.16265,0.079076,-0.007171,-0.026932,Avian,N6
801_A/duck/Hunan/02.26_Y,A/duck/Hunan/02.26_YYGK254-P/2014(H5N6),0.152338,0.066574,-0.009963,-0.025415,Avian,N6
802_A/duck/Hunan/02.26_Y,A/duck/Hunan/02.26_YYGK263-P/2014(H5N6),0.16265,0.079076,-0.007171,-0.026932,Avian,N6
803_A/duck/Hunan/02.26_Y,A/duck/Hunan/02.26_YYGK267-P/2014(H5N6),0.16265,0.079076,-0.007171,-0.026932,Avian,N6
804_A/duck/Hunan/02.26_Y,A/duck/Hunan/02.26_YYGK271-P/2014(H5N6),0.16265,0.079076,-0.007171,-0.026932,Avian,N6
805_A/duck/Hunan/02.26_Y,A/duck/Hunan/02.26_YYGK276-P/2014(H5N6),0.16265,0.079076,-0.007171,-0.026932,Avian,N6
806_A/duck/Hunan/02.26_Y,A/duck/Hunan/02.26_YYGKY298-P/2014(H5N6),0.158852,0.05468,-0.011453,-0.019802,Avian,N6
807_A/duck/Hunan/02.26_Y,A/duck/Hunan/02.26_YYGQH295-P/2014(H5N6),0.152338,0.066574,-0.009963,-0.025415,Avian,N6
808_A/duck/Hunan/03.07_Y,A/duck/Hunan/03.07_YYGK1L3-OC/2018,0.123784,0.066527,-0.005514,-0.067288,Avian,N1
809_A/duck/Hunan/03.07_Y,A/duck/Hunan/03.07_YYGK4L3-OC/2018,0.171654,0.117261,0.016948,0.102978,Avian,N6
810_A/duck/Hunan/03.07_Y,A/duck/Hunan/03.07_YYGK25L3-OC/2018,0.130742,0.115867,-0.018194,0.071998,Avian,N6
811_A/duck/Hunan/03.07_Y,A/duck/Hunan/03.07_YYGK31L3-OC/2018,0.149972,0.140151,-0.049305,0.092144,Avian,N6
812_A/duck/Hunan/03.09_Y,A/duck/Hunan/03.09_YYFQH0036-P/2015(Mixed),-0.269053,0.030136,-0.367264,0.041327,Avian,N6
813_A/duck/Hunan/03.09_Y,A/duck/Hunan/03.09_YYFQH0046-O/2015(Mixed),0.156218,0.114705,-0.025127,-0.008067,Avian,N6
814_A/duck/Hunan/03.09_Y,A/duck/Hunan/03.09_YYFQH0047-O/2015(H5N6),0.177417,0.09537,0.01671,-0.009048,Avian,N6
815_A/duck/Hunan/03.24_Y,A/duck/Hunan/03.24_YYGK18M2-O/2017,0.146884,0.12117,-0.013176,0.029523,Avian,N6
816_A/duck/Hunan/03.24_Y,A/duck/Hunan/03.24_YYGK21M2-O/2017,0.146884,0.12117,-0.013176,0.029523,Avian,N6
817_A/duck/Hunan/03.24_Y,A/duck/Hunan/03.24_YYGK174M2-C/2017,0.146884,0.12117,-0.013176,0.029523,Avian,N6
818_A/duck/Hunan/03.24_Y,A/duck/Hunan/03.24_YYGK178M2-C/2017,0.146884,0.12117,-0.013176,0.029523,Avian,N6
819_A/duck/Hunan/04.14_Y,A/duck/Hunan/04.14_YYGK067-O/2015(Mixed),0.14694,0.072729,-0.034751,-0.084883,Avian,N6
820_A/duck/Hunan/04.14_Y,A/duck/Hunan/04.14_YYGK0439-Z-P/2015(Mixed),0.171537,0.077871,-0.014555,-0.013527,Avian,N6
821_A/duck/Hunan/04.14_Y,A/duck/Hunan/04.14_YYGK451-1-O/2015(Mixed),0.16265,0.079076,-0.007171,-0.026932,Avian,N6
822_A/duck/Hunan/04.14_Y,A/duck/Hunan/04.14_YYGK460-O/2015(H5N6),0.163512,0.078653,-0.007802,-0.02972,Avian,N6
823_A/duck/Hunan/04.14_Y,A/duck/Hunan/04.14_YYGK464-O/2015(H5N6),0.14694,0.072729,-0.034751,-0.084883,Avian,N6
824_A/duck/Hunan/04.14_Y,A/duck/Hunan/04.14_YYGK468-O/2015(H5N6),0.14694,0.072729,-0.034751,-0.084883,Avian,N6
825_A/duck/Hunan/04.14_Y,A/duck/Hunan/04.14_YYGK472-O/2015(Mixed),0.14694,0.072729,-0.034751,-0.084883,Avian,N6
826_A/duck/Hunan/04.14_Y,A/duck/Hunan/04.14_YYGK0878-P/2015(H5N6),0.16265,0.079076,-0.007171,-0.026932,Avian,N6
827_A/duck/Hunan/04.14_Y,A/duck/Hunan/04.14_YYXS877-P/2015(H5N6),0.16265,0.079076,-0.007171,-0.026932,Avian,N6
828_A/duck/Hunan/04.22_L,A/duck/Hunan/04.22_LDDX037-P/2015(H5N6),0.156928,0.119321,-0.002936,0.021747,Avian,N6
829_A/duck/Hunan/7.21_YY,A/duck/Hunan/7.21_YYGK41Y1-C/2016,0.15033,0.11533,-0.016427,0.029339,Avian,N6
830_A/duck/Hunan/11.30_Y,A/duck/Hunan/11.30_YYGK59E3-OC/2017,0.159167,0.127571,-0.004708,0.009491,Avian,N6
831_A/duck/Hunan/11.30_Y,A/duck/Hunan/11.30_YYGK62E3-OC/2017,0.155973,0.095735,-0.051634,0.112596,Avian,N6
832_A/duck/Hunan/11.30_Y,A/duck/Hunan/11.30_YYGK63E3-OC/2017,0.155973,0.095735,-0.051634,0.112596,Avian,N6
833_A/duck/Hunan/11.30_Y,A/duck/Hunan/11.30_YYGK74E3-OC/2017,-0.260805,0.018443,0.056255,0.022704,Avian,N8
834_A/duck/Hunan/11.30_Y,A/duck/Hunan/11.30_YYGK75E3-OC/2017,-0.260805,0.018443,0.056255,0.022704,Avian,N6
835_A/duck/Hunan/12.07__,A/duck/Hunan/12.07__YYGK44-P/2013(Mixed),0.165361,0.046959,-0.035055,-0.065342,Avian,N1
836_A/duck/Hunan/12.07__,A/duck/Hunan/12.07__YYGK97-P/2013(H5N1),0.156989,0.093529,0.014788,-0.074243,Avian,N1
837_A/duck/Hunan/12.07__,A/duck/Hunan/12.07__YYGK110-P/2013(H5N6),0.157501,0.11861,0.004407,0.025547,Avian,N6
838_A/duck/Hunan/12.07__,A/duck/Hunan/12.07__YYGK111-P/2013(H5N6),0.154305,0.114645,0.008442,0.024838,Avian,N6
839_A/duck/Hunan/12.07__,A/duck/Hunan/12.07__YYGK118-P/2013(H5N6),0.169163,0.067182,-0.00866,-0.021319,Avian,N6
840_A/duck/Hunan/12.07_Y,A/duck/Hunan/12.07_YGK098-P/2013(H5N6),0.164097,0.106496,0.002928,0.030906,Avian,N6
841_A/duck/Hunan/12.07_Y,A/duck/Hunan/12.07_YYGK007-P/2013(H5N1),0.156989,0.093529,0.014788,-0.074243,Avian,N1
842_A/duck/Hunan/12.07_Y,A/duck/Hunan/12.07_YYGK032-P/2013(H5N6),0.16265,0.079076,-0.007171,-0.026932,Avian,N6
843_A/duck/Hunan/12.07_Y,A/duck/Hunan/12.07_YYGK68-P/2013(H5N6),0.16265,0.079076,-0.007171,-0.026932,Avian,N6
844_A/duck/Hunan/12.07_Y,A/duck/Hunan/12.07_YYGK100-P/2013(H5N1),0.178397,0.039679,-0.01651,-0.038374,Avian,N1
845_A/duck/Hunan/12.07_Y,A/duck/Hunan/12.07_YYGK108-P/2013(H5N6),0.157501,0.11861,0.004407,0.025547,Avian,N6
846_A/duck/Hunan/12.07_Y,A/duck/Hunan/12.07_YYGK113-P/2013(H5N6),0.158815,0.128619,0.006654,0.012858,Avian,N6
847_A/duck/Hunan/12.17__,A/duck/Hunan/12.17__YYFQH0046-1-O/2014(Mixed),0.158147,0.115554,-0.026254,-0.010265,Avian,N6
848_A/duck/Hunan/12.17__,A/duck/Hunan/12.17__YYFQH0072-O/2014(Mixed),0.158147,0.115554,-0.026254,-0.010265,Avian,N6
849_A/duck/Hunan/12.17__,A/duck/Hunan/12.17__YYGK0066-P/2014(H5N6),0.120388,0.059475,-0.040769,-0.00378,Avian,N6
850_A/duck/Hunan/12.17_Y,A/duck/Hunan/12.17_YYGK014/2014(H5N6),0.16265,0.079076,-0.007171,-0.026932,Avian,N6
851_A/duck/Hunan/12.17_Y,A/duck/Hunan/12.17_YYGK040/2014(H5N6),0.145039,0.082909,-0.01513,-0.022251,Avian,N6
852_A/duck/Hunan/12.17_Y,A/duck/Hunan/12.17_YYGK056/2014(H5N6),0.177417,0.09537,0.01671,-0.009048,Avian,N6
853_A/duck/Hunan/12.17_Y,A/duck/Hunan/12.17_YYGK0056/2014(H5N6),0.128604,0.092604,0.024534,-0.022904,Avian,N6
854_A/duck/Hunan/12.17_Y,A/duck/Hunan/12.17_YYGK0057/2014(H5N6),0.16265,0.079076,-0.007171,-0.026932,Avian,N6
855_A/duck/Hunan/12.17_Y,A/duck/Hunan/12.17_YYGK0063-O/2014(H5N6),0.158147,0.115554,-0.026254,-0.010265,Avian,N6
856_A/duck/Hunan/12.17_Y,A/duck/Hunan/12.17_YYGK079-1/2014(H5N6),0.16265,0.079076,-0.007171,-0.026932,Avian,N6
857_A/duck/Hunan/12.17_Y,A/duck/Hunan/12.17_YYGK082/2014(H5N6),0.177417,0.09537,0.01671,-0.009048,Avian,N6
858_A/duck/Hunan/12.27_Y,A/duck/Hunan/12.27_YYGK60J2-C/2016,0.146356,0.117847,-0.007742,0.023682,Avian,N6
859_A/duck/Hunan/12.27_Y,A/duck/Hunan/12.27_YYGK71J2-O/2016,0.175129,0.132745,0.040831,0.054154,Avian,N6
860_A/duck/Hunan/12.27_Y,A/duck/Hunan/12.27_YYGK73J2-O/2016,0.146356,0.117847,-0.007742,0.023682,Avian,N6
861_A/duck/Hunan/12.27_Y,A/duck/Hunan/12.27_YYGK81J2-O/2016,0.168224,0.131736,0.02989,0.041656,Avian,N6
862_A/duck/Hunan/12.27_Y,A/duck/Hunan/12.27_YYGK86J2-C/2016,0.146356,0.117847,-0.007742,0.023682,Avian,N6
863_A/duck/Hunan/12.27_Y,A/duck/Hunan/12.27_YYGK89J2-O/2016,0.168224,0.131736,0.02989,0.041656,Avian,N6
864_A/duck/Hunan/12.27_Y,A/duck/Hunan/12.27_YYGK91J2-O/2016,0.168224,0.131736,0.02989,0.041656,Avian,N6
865_A/duck/Hunan/12.27_Y,A/duck/Hunan/12.27_YYGK93J2-O/2016,0.168224,0.131736,0.02989,0.041656,Avian,N6
866_A/duck/Hunan/12.27_Y,A/duck/Hunan/12.27_YYGK95J2-O/2016,0.168224,0.131736,0.02989,0.041656,Avian,N6
867_A/duck/Hunan/12.27_Y,A/duck/Hunan/12.27_YYGK96J2-O/2016,0.168224,0.131736,0.02989,0.041656,Avian,N6
868_A/duck/Hunan/12.27_Y,A/duck/Hunan/12.27_YYGK97J2-O/2016,0.168224,0.131736,0.02989,0.041656,Avian,N6
869_A/duck/Hunan/12.27_Y,A/duck/Hunan/12.27_YYGK100J2-C/2016,0.168224,0.131736,0.02989,0.041656,Avian,N6
870_A/duck/Hunan/193/201,A/duck/Hunan/193/2014,0.147357,0.118868,-0.003268,-0.011158,Avian,N6
871_A/duck/Hunan/233/201,A/duck/Hunan/233/2014,0.190756,0.098008,0.007575,0.025693,Avian,N6
872_A/duck/Hunan/316/200,A/duck/Hunan/316/2005,0.062404,-0.107101,0.074949,-0.080819,Avian,N1
873_A/duck/Hunan/689/200,A/duck/Hunan/689/2006,0.06092,-0.104441,0.069688,-0.097796,Avian,N1
874_A/duck/Hunan/3315/20,A/duck/Hunan/3315/2006,0.05409,-0.095861,0.057874,-0.075101,Avian,N1
875_A/duck/Hunan/HN05/20,A/duck/Hunan/HN05/2014,0.128677,0.123036,-0.008005,-0.006874,Avian,N6
876_A/duck/Hunan/HN13/20,A/duck/Hunan/HN13/2015,0.104637,0.039909,-0.023715,-0.016741,Avian,N6
877_A/duck/Hunan/HN16/20,A/duck/Hunan/HN16/2015,0.15318,0.119698,0.002398,0.016849,Avian,N6
878_A/duck/Hunan/HN29/20,A/duck/Hunan/HN29/2015,0.129746,0.1227,-0.011228,-0.006477,Avian,N6
879_A/duck/Hunan/HN42/20,A/duck/Hunan/HN42/2015,0.178705,0.089445,-0.010591,-0.036584,Avian,N6
880_A/duck/Hunan/HN45/20,A/duck/Hunan/HN45/2015,0.147357,0.118868,-0.003268,-0.011158,Avian,N6
881_A/duck/Hunan/HN53/20,A/duck/Hunan/HN53/2015,0.147357,0.118868,-0.003268,-0.011158,Avian,N6
882_A/duck/Hunan/HN54/20,A/duck/Hunan/HN54/2015,0.148645,0.112943,-0.03057,-0.038694,Avian,N6
883_A/duck/Hunan/HN59/20,A/duck/Hunan/HN59/2015,0.147357,0.118868,-0.003268,-0.011158,Avian,N6
884_A/duck/Hunan/HN60/20,A/duck/Hunan/HN60/2015,0.147357,0.118868,-0.003268,-0.011158,Avian,N6
885_A/duck/Hunan/HN61/20,A/duck/Hunan/HN61/2015,0.15472,0.118396,-0.015694,-0.01394,Avian,N6
886_A/duck/Hunan/HN64/20,A/duck/Hunan/HN64/2015,0.147357,0.118868,-0.003268,-0.011158,Avian,N6
887_A/duck/Hunan/HN66/20,A/duck/Hunan/HN66/2015,0.147357,0.118868,-0.003268,-0.011158,Avian,N6
888_A/duck/Hunan/HN67/20,A/duck/Hunan/HN67/2015,0.147357,0.118868,-0.003268,-0.011158,Avian,N6
889_A/duck/Hunan/HN71/20,A/duck/Hunan/HN71/2015,0.178705,0.089445,-0.010591,-0.036584,Avian,N6
890_A/duck/Hunan/HN72/20,A/duck/Hunan/HN72/2015,0.161487,0.120886,0.001213,0.04109,Avian,N6
891_A/duck/Hunan/HN74/20,A/duck/Hunan/HN74/2015,0.18478,0.094898,0.004284,-0.01183,Avian,N6
892_A/duck/Hunan/HN76/20,A/duck/Hunan/HN76/2015,0.15318,0.119698,0.002398,0.016849,Avian,N6
893_A/duck/Hunan/HN78/20,A/duck/Hunan/HN78/2015,0.15472,0.118396,-0.015694,-0.01394,Avian,N6
894_A/duck/Hunan/HN80/20,A/duck/Hunan/HN80/2015,0.178705,0.089445,-0.010591,-0.036584,Avian,N6
895_A/duck/Hunan/HN162/2,A/duck/Hunan/HN162/2015,0.149557,0.070896,0.00006,0.016491,Avian,N6
896_A/duck/Hunan/HN163/2,A/duck/Hunan/HN163/2015,0.15493,0.12063,0.002174,0.019469,Avian,N6
897_A/duck/Hunan/HN167/2,A/duck/Hunan/HN167/2015,0.158198,0.072322,0.00228,0.047516,Avian,N6
898_A/duck/Hunan/HN171/2,A/duck/Hunan/HN171/2015,0.158198,0.072322,0.00228,0.047516,Avian,N6
899_A/duck/Hunan/HN172/2,A/duck/Hunan/HN172/2015,0.158198,0.072322,0.00228,0.047516,Avian,N6
900_A/duck/Hunan/HN174/2,A/duck/Hunan/HN174/2015,0.158198,0.072322,0.00228,0.047516,Avian,N6
901_A/duck/Hunan/HN176/2,A/duck/Hunan/HN176/2015,0.158198,0.072322,0.00228,0.047516,Avian,N6
902_A/duck/Hunan/HN177/2,A/duck/Hunan/HN177/2015,0.156805,0.071555,0.004255,0.047934,Avian,N6
903_A/duck/Hunan/HN178/2,A/duck/Hunan/HN178/2015,0.158198,0.072322,0.00228,0.047516,Avian,N6
904_A/duck/Hunan/HN182/2,A/duck/Hunan/HN182/2015,0.15493,0.12063,0.002174,0.019469,Avian,N6
905_A/duck/Hunan/HN183/2,A/duck/Hunan/HN183/2015,0.158198,0.072322,0.00228,0.047516,Avian,N6
906_A/duck/Hunan/HN186/2,A/duck/Hunan/HN186/2015,0.159267,0.071986,-0.000944,0.047914,Avian,N6
907_A/duck/Hunan/HN190/2,A/duck/Hunan/HN190/2015,0.158198,0.072322,0.00228,0.047516,Avian,N6
908_A/duck/Hunan/HN191/2,A/duck/Hunan/HN191/2015,0.15792,0.073603,0.002888,0.046261,Avian,N6
909_A/duck/Hunan/HN192/2,A/duck/Hunan/HN192/2015,0.155756,0.077259,-0.000817,0.053279,Avian,N6
910_A/duck/Hunan/HN194/2,A/duck/Hunan/HN194/2015,0.158198,0.072322,0.00228,0.047516,Avian,N6
911_A/duck/Hunan/HN195/2,A/duck/Hunan/HN195/2015,0.158198,0.072322,0.00228,0.047516,Avian,N6
912_A/duck/Hunan/HN197/2,A/duck/Hunan/HN197/2015,0.158198,0.072322,0.00228,0.047516,Avian,N6
913_A/duck/Hunan/HN201/2,A/duck/Hunan/HN201/2015,0.158198,0.072322,0.00228,0.047516,Avian,N6
914_A/duck/Hunan/HN204/2,A/duck/Hunan/HN204/2015,0.15493,0.12063,0.002174,0.019469,Avian,N6
915_A/duck/Hunan/HN205/2,A/duck/Hunan/HN205/2015,0.124551,0.039465,0.029491,-0.015427,Avian,N6
916_A/duck/Hunan/HN206/2,A/duck/Hunan/HN206/2015,0.149557,0.070896,0.00006,0.016491,Avian,N6
917_A/duck/Hunan/HN207/2,A/duck/Hunan/HN207/2015,0.158198,0.072322,0.00228,0.047516,Avian,N6
918_A/duck/Hunan/HN208/2,A/duck/Hunan/HN208/2015,0.158198,0.072322,0.00228,0.047516,Avian,N6
919_A/duck/Hunan/HN209/2,A/duck/Hunan/HN209/2015,0.149557,0.070896,0.00006,0.016491,Avian,N6
920_A/duck/Hunan/HN210/2,A/duck/Hunan/HN210/2015,0.149557,0.070896,0.00006,0.016491,Avian,N6
921_A/duck/Hunan/HN212/2,A/duck/Hunan/HN212/2015,0.158198,0.072322,0.00228,0.047516,Avian,N6
922_A/duck/Hunan/HN214/2,A/duck/Hunan/HN214/2015,0.076667,0.121279,0.064872,0.016487,Avian,N6
923_A/duck/Hunan/HN215/2,A/duck/Hunan/HN215/2015,0.158198,0.072322,0.00228,0.047516,Avian,N6
924_A/duck/Hunan/HN216/2,A/duck/Hunan/HN216/2015,0.15493,0.12063,0.002174,0.019469,Avian,N6
925_A/duck/Hunan/HN217/2,A/duck/Hunan/HN217/2015,0.158198,0.072322,0.00228,0.047516,Avian,N6
926_A/duck/Hunan/HN220/2,A/duck/Hunan/HN220/2015,0.158198,0.072322,0.00228,0.047516,Avian,N6
927_A/duck/Hunan/HN221/2,A/duck/Hunan/HN221/2015,0.159267,0.071986,-0.000944,0.047914,Avian,N6
928_A/duck/Hunan/HN224/2,A/duck/Hunan/HN224/2015,0.15493,0.12063,0.002174,0.019469,Avian,N6
929_A/duck/Hunan/HN227/2,A/duck/Hunan/HN227/2015,0.159267,0.071986,-0.000944,0.047914,Avian,N6
930_A/duck/Hunan/HN230/2,A/duck/Hunan/HN230/2015,0.149843,0.073326,0.00422,0.048127,Avian,N6
931_A/duck/Hunan/HN232/2,A/duck/Hunan/HN232/2015,-0.362281,-0.021259,-0.346332,-0.012113,Avian,N6
932_A/duck/Hunan/HN234/2,A/duck/Hunan/HN234/2015,0.076667,0.121279,0.064872,0.016487,Avian,N6
933_A/duck/Hunan/HN236/2,A/duck/Hunan/HN236/2015,0.082289,0.133654,0.068276,0.015323,Avian,N6
934_A/duck/Hunan/HN238/2,A/duck/Hunan/HN238/2015,0.083386,0.13199,0.068708,0.016856,Avian,N6
935_A/duck/Hunan/HN239/2,A/duck/Hunan/HN239/2015,0.15493,0.12063,0.002174,0.019469,Avian,N6
936_A/duck/Hunan/HN240/2,A/duck/Hunan/HN240/2015,0.073098,0.134758,0.07041,0.015994,Avian,N6
937_A/duck/Hunan/HN241/2,A/duck/Hunan/HN241/2015,0.147357,0.118868,-0.003268,-0.011158,Avian,N6
938_A/duck/Hunan/HN242/2,A/duck/Hunan/HN242/2015,0.086979,0.133781,0.067664,0.01497,Avian,N6
939_A/duck/Hunan/HN278/2,A/duck/Hunan/HN278/2015,0.155119,0.121817,0.001566,0.014908,Avian,N6
940_A/duck/Hunan/HN285/2,A/duck/Hunan/HN285/2015,0.155119,0.121817,0.001566,0.014908,Avian,N6
941_A/duck/Hunan/HN288/2,A/duck/Hunan/HN288/2015,0.155119,0.121817,0.001566,0.014908,Avian,N6
942_A/duck/Hunan/HN333/2,A/duck/Hunan/HN333/2015,0.153764,0.123304,-0.004208,0.01043,Avian,N6
943_A/duck/Hunan/HN334/2,A/duck/Hunan/HN334/2015,0.133571,0.084526,0.034175,0.005475,Avian,N6
944_A/duck/Hunan/HN335/2,A/duck/Hunan/HN335/2015,0.155119,0.121817,0.001566,0.014908,Avian,N6
945_A/duck/Hunan/HN336/2,A/duck/Hunan/HN336/2015,0.133571,0.084526,0.034175,0.005475,Avian,N6
946_A/duck/Hunan/HN339/2,A/duck/Hunan/HN339/2015,0.146289,0.119204,-0.000045,-0.011556,Avian,N6
947_A/duck/Hunan/HN341/2,A/duck/Hunan/HN341/2015,0.133571,0.084526,0.034175,0.005475,Avian,N6
948_A/duck/Hunan/HN342/2,A/duck/Hunan/HN342/2015,0.133571,0.084526,0.034175,0.005475,Avian,N6
949_A/duck/Hunan/HN343/2,A/duck/Hunan/HN343/2015,0.110249,0.109867,0.015923,0.031715,Avian,N6
950_A/duck/Hunan/S4020/2,A/duck/Hunan/S4020/2008,0.060069,-0.010245,0.040064,0.022022,Avian,N1
951_A/duck/Hunan/S4030/2,A/duck/Hunan/S4030/2011,0.14537,0.088779,0.006906,-0.088121,Avian,N1
952_A/duck/Hunan/S4101/2,A/duck/Hunan/S4101/2011,-0.106309,-0.14733,-0.128688,-0.163796,Avian,N2
953_A/duck/Hunan/S4120/2,A/duck/Hunan/S4120/2011,-0.096001,-0.153225,-0.120919,-0.131409,Avian,N2
954_A/duck/Hunan/S4150/2,A/duck/Hunan/S4150/2011,-0.000383,-0.04994,0.009319,0.048616,Avian,N1
955_A/duck/Hunan/S4220/2,A/duck/Hunan/S4220/2011,0.166695,0.090437,0.00885,-0.039457,Avian,N1
956_A/duck/Hunan/S40199/,A/duck/Hunan/S40199/2021(H5N6),-0.296698,0.105621,0.125472,0.036088,Avian,N6
957_A/duck/Hunan/S40268/,A/duck/Hunan/S40268/2021(H5N6),-0.285628,0.107111,0.115463,0.040579,Avian,N6
958_A/duck/Jiangsu/m234/,A/duck/Jiangsu/m234/2012,-0.038279,-0.245756,0.008835,-0.07202,Avian,N2
959_A/duck/Jiangsu/S4439,A/duck/Jiangsu/S4439/2017(H5N1),0.171222,0.052037,-0.032143,-0.0308,Avian,N1
960_A/duck/Jiangsu/SE112,A/duck/Jiangsu/SE1128/2018(H5N1),0.16678,0.055479,-0.033566,-0.039293,Avian,N1
961_A/duck/Jiangxi/01.11,A/duck/Jiangxi/01.11_NCNP101G2-OC/2017,0.166317,0.128185,-0.016396,0.050398,Avian,N6
962_A/duck/Jiangxi/01.14,A/duck/Jiangxi/01.14_NCJD034-P/2015(Mixed),-0.148721,-0.041938,-0.072058,-0.035959,Avian,N6
963_A/duck/Jiangxi/01.14,A/duck/Jiangxi/01.14_NCJD054-P/2015(H5N6),0.155983,0.115698,-0.003201,0.023632,Avian,N6
964_A/duck/Jiangxi/01.14,A/duck/Jiangxi/01.14_NCJD064-P/2015(Mixed),0.155983,0.115698,-0.003201,0.023632,Avian,N6
965_A/duck/Jiangxi/02.05,A/duck/Jiangxi/02.05_YGYXG038-P/2015(H5N6),0.155983,0.115698,-0.003201,0.023632,Avian,N6
966_A/duck/Jiangxi/02.06,A/duck/Jiangxi/02.06_NCJD036-P/2015(H5N6),0.155983,0.115698,-0.003201,0.023632,Avian,N6
967_A/duck/Jiangxi/02.06,A/duck/Jiangxi/02.06_NCJD039-P/2015(H5N6),0.163077,0.077272,0.027031,0.013909,Avian,N6
968_A/duck/Jiangxi/2.28_,A/duck/Jiangxi/2.28_NCNP25K3-OC/2018,0.149972,0.140151,-0.049305,0.092144,Avian,N6
969_A/duck/Jiangxi/2.28N,A/duck/Jiangxi/2.28NCNP23K3-OC/2018,0.149972,0.140151,-0.049305,0.092144,Avian,N6
970_A/duck/Jiangxi/03.11,A/duck/Jiangxi/03.11_NCHJX-15-06/2015(Mixed),0.135019,0.145446,-0.015732,0.04785,Avian,N6
971_A/duck/Jiangxi/04.01,A/duck/Jiangxi/04.01__NCDZT0312-O/2015(H5N6),-0.273276,0.030499,-0.372917,0.046941,Avian,N6
972_A/duck/Jiangxi/04.01,A/duck/Jiangxi/04.01__NCDZT0334-P/2015(H5N6),-0.273276,0.030499,-0.372917,0.046941,Avian,N6
973_A/duck/Jiangxi/04.01,A/duck/Jiangxi/04.01_NCDZT0304-O/2015(Mixed),0.169,0.072645,-0.012675,-0.0242,Avian,N6
974_A/duck/Jiangxi/05.07,A/duck/Jiangxi/05.07__NCJD0067A-P/2015(H5N6),-0.274295,0.032045,-0.373318,0.045518,Avian,N6
975_A/duck/Jiangxi/5.26_,A/duck/Jiangxi/5.26_NCDZT80Q2-OC/2017,0.166317,0.128185,-0.016396,0.050398,Avian,N6
976_A/duck/Jiangxi/11.17,A/duck/Jiangxi/11.17_NCNP30Y2-O/2016,0.128859,0.117419,-0.022539,0.034728,Avian,N6
977_A/duck/Jiangxi/11.17,A/duck/Jiangxi/11.17_NCNP48Y2-C/2016,0.128859,0.117419,-0.022539,0.034728,Avian,N6
978_A/duck/Jiangxi/11.29,A/duck/Jiangxi/11.29_NCDZT71H2-O/2016,0.141244,0.082478,0.034096,0.006385,Avian,N6
979_A/duck/Jiangxi/11.29,A/duck/Jiangxi/11.29_NCNP22D3-OC/2017,0.156668,0.130349,-0.00495,0.022165,Avian,N6
980_A/duck/Jiangxi/11.29,A/duck/Jiangxi/11.29_NCNP39D3-OC/2017,0.15297,0.115094,-0.015492,0.055508,Avian,N6
981_A/duck/Jiangxi/34/20,A/duck/Jiangxi/34/2011,0.160409,0.084447,-0.017391,-0.096812,Avian,N1
982_A/duck/Jiangxi/35/20,A/duck/Jiangxi/35/2011,0.160409,0.084447,-0.017391,-0.096812,Avian,N1
983_A/duck/Jiangxi/44/20,A/duck/Jiangxi/44/2011,-0.14682,-0.019689,0.016928,-0.039516,Avian,N1
984_A/duck/Jiangxi/95/20,A/duck/Jiangxi/95/2014,0.15493,0.12063,0.002174,0.019469,Avian,N6
985_A/duck/Jiangxi/120/2,A/duck/Jiangxi/120/2011,-0.277506,-0.086834,-0.338293,0.045732,Avian,N1
986_A/duck/Jiangxi/130/2,A/duck/Jiangxi/130/2011,-0.008126,-0.054061,0.005763,0.051474,Avian,N1
987_A/duck/Jiangxi/13469,A/duck/Jiangxi/13469/2014,0.153317,0.075115,-0.001119,-0.022275,Avian,N6
988_A/duck/Jiangxi/13475,A/duck/Jiangxi/13475/2014,0.153317,0.075115,-0.001119,-0.022275,Avian,N6
989_A/duck/Jiangxi/13484,A/duck/Jiangxi/13484/2014,0.153317,0.075115,-0.001119,-0.022275,Avian,N6
990_A/Duck/Jiangxi/50446,A/Duck/Jiangxi/50446/2016,0.131212,0.143448,-0.043994,0.039083,Avian,N6
991_A/Duck/Jiangxi/50455,A/Duck/Jiangxi/50455/2016,0.129956,0.106423,-0.029136,-0.044016,Avian,N6
992_A/duck/Jiangxi/E7/20,A/duck/Jiangxi/E7/2014_(H5N6),0.158341,0.120105,0.00252,0.021611,Avian,N6
993_A/duck/Jiangxi/F31/2,A/duck/Jiangxi/F31/2014(H5N6),0.158341,0.120105,0.00252,0.021611,Avian,N6
994_A/duck/Jiangxi/NCDZT,A/duck/Jiangxi/NCDZT1123/2014,0.160636,0.118446,-0.006231,0.016846,Avian,N6
995_A/duck/Jiangxi/NCDZT,A/duck/Jiangxi/NCDZT1126/2014,0.158341,0.120105,0.00252,0.021611,Avian,N6
996_A/duck/Jiangxi/S1025,A/duck/Jiangxi/S10252/2021,-0.298289,0.107532,0.130001,0.034135,Avian,N8
997_A/duck/Jiangxi/S4083,A/duck/Jiangxi/S40833/2021(H5N1),-0.313587,0.091066,0.117349,0.017536,Avian,N1
998_A/duck/Jilin/04.04_S,A/duck/Jilin/04.04_SY002-O/2015(Mixed),0.183006,0.049552,-0.02043,-0.04483,Avian,N1
999_A/duck/Jilin/JL-SIV/,A/duck/Jilin/JL-SIV/2013,0.073937,-0.103255,0.077252,-0.085636,Avian,N1
1000_A/duck/Jilin/S1261/2,A/duck/Jilin/S1261/2019(H5N1),0.141906,0.053733,-0.048267,-0.08444,Avian,N1
1001_A/duck/Jilin/S4171/2,A/duck/Jilin/S4171/2019(H5N1),0.142294,0.032227,-0.046678,-0.065704,Avian,N1
1002_A/duck/Kaohsiung/15W,A/duck/Kaohsiung/15WB3298-1-5/2015,-0.314579,0.018901,0.030899,-0.041237,Avian,Others
1003_A/duck/Kaohsiung/20W,A/duck/Kaohsiung/20WB0242-154/2020,-0.295046,-0.040009,0.079221,-0.039325,Avian,Others
1004_A/duck/Kaohsiung/150,A/duck/Kaohsiung/15010213/2015,0.046422,-0.224245,0.020706,0.052875,Avian,N2
1005_A/duck/Liaoning/LN/2,A/duck/Liaoning/LN/2011,0.047624,-0.139452,0.018086,-0.074834,Avian,Others
1006_A/duck/Nanchang/9789,A/duck/Nanchang/9789/2013,0.143231,0.083196,-0.010913,-0.026752,Avian,N1
1007_A/duck/Nantou/15A343,A/duck/Nantou/15A3437/2015,0.041267,-0.222888,0.026301,0.053782,Avian,N2
1008_A/duck/Nantou/17A024,A/duck/Nantou/17A0243/2017,0.060816,-0.290219,0.094247,0.018416,Avian,N2
1009_A/duck/Ningxia/YG61/,A/duck/Ningxia/YG61/2017,-0.29974,-0.000446,0.049087,-0.024025,Avian,N6
1010_A/duck/Ningxia/YG71/,A/duck/Ningxia/YG71/2017,-0.292834,0.000563,0.060028,-0.011527,Avian,N6
1011_A/duck/Ningxia/YG83/,A/duck/Ningxia/YG83/2017,-0.308043,-0.004462,0.045987,-0.005276,Avian,N6
1012_A/duck/Pingtung/17A0,A/duck/Pingtung/17A0160/2017,0.092122,-0.246958,0.046116,0.043758,Avian,N2
1013_A/duck/Pingtung/18A0,A/duck/Pingtung/18A00003-11-20T/2018,0.067407,-0.246279,0.041022,0.050007,Avian,N2
1014_A/duck/Pingtung/18A0,A/duck/Pingtung/18A00076-11-20T/2018,0.056471,-0.236628,0.044375,0.052215,Avian,N2
1015_A/duck/Pingtung/18X0,A/duck/Pingtung/18X00077/2018,0.062859,-0.24288,0.035803,0.035487,Avian,N2
1016_A/duck/Pingtung/1501,A/duck/Pingtung/15010180/2015,0.046759,-0.22342,0.022006,0.05408,Avian,Others
1017_A/duck/Pingtung/1501,A/duck/Pingtung/15010444/2015,0.046759,-0.22342,0.022006,0.05408,Avian,N2
1018_A/duck/Shandong/009/,A/duck/Shandong/009/2008,-0.25145,-0.018359,-0.344897,0.038659,Avian,N1
1019_A/duck/Shandong/11.1,A/duck/Shandong/11.14_DL-DKd11/2013(H5N8),-0.004964,-0.075923,-0.035951,-0.182588,Avian,N8
1020_A/duck/Shandong/11.1,A/duck/Shandong/11.14_RD/2013(H5N8),-0.004964,-0.075923,-0.035951,-0.182588,Avian,N8
1021_A/duck/Shandong/Q1/2,A/duck/Shandong/Q1/2013,0.010392,-0.092046,-0.001271,-0.215207,Avian,N8
1022_A/duck/Shandong/SD02,A/duck/Shandong/SD0261/2021,-0.294959,0.10087,0.123038,0.027107,Avian,N6
1023_A/duck/Shandong/SD02,A/duck/Shandong/SD0263/2021,-0.294959,0.10087,0.123038,0.027107,Avian,N6
1024_A/Duck/Shandong/Y01/,A/Duck/Shandong/Y01/2009,0.045765,-0.029367,0.041933,0.024318,Avian,N1
1025_A/Duck/Shandong/Y02/,A/Duck/Shandong/Y02/2009,0.053338,-0.027605,0.047376,0.054945,Avian,N1
1026_A/duck/Sichuan/04.27,A/duck/Sichuan/04.27_NBXJ71/2014(H5N6),0.161504,0.066643,0.006591,-0.019001,Avian,N6
1027_A/duck/Sichuan/04.27,A/duck/Sichuan/04.27_NBXJ79/2014(H5N6),0.161504,0.066643,0.006591,-0.019001,Avian,N6
1028_A/duck/Sichuan/04.27,A/duck/Sichuan/04.27_NBXJ711/2014(Mixed),0.155675,0.079523,0.004601,-0.024297,Avian,N6
1029_A/duck/Sichuan/04.27,A/duck/Sichuan/04.27_NBXJ717/2014(H5N6),0.155068,0.078495,0.008043,-0.024506,Avian,N6
1030_A/duck/Sichuan/04.27,A/duck/Sichuan/04.27_NBXJ720/2014(H5N6),0.155675,0.079523,0.004601,-0.024297,Avian,N6
1031_A/duck/Sichuan/04.27,A/duck/Sichuan/04.27_NCXJ073/2014(H5N6),0.155675,0.079523,0.004601,-0.024297,Avian,N6
1032_A/duck/Sichuan/NCXJ1,A/duck/Sichuan/NCXJ15/2014,0.155675,0.079523,0.004601,-0.024297,Avian,N6
1033_A/duck/Sichuan/NCXJ2,A/duck/Sichuan/NCXJ24/2014,0.155068,0.078495,0.008043,-0.024506,Avian,N6
1034_A/duck/Sichuan/NCXN1,A/duck/Sichuan/NCXN10/2014,0.173825,0.101393,0.001352,0.017468,Avian,N1
1035_A/duck/Sichuan/NCXN1,A/duck/Sichuan/NCXN11/2014,0.168035,0.102697,0.005753,0.017485,Avian,N1
1036_A/duck/Sichuan/S1805,A/duck/Sichuan/S1805/2021,-0.3017,0.108057,0.129655,0.031994,Avian,N6
1037_A/duck/Sichuan/SC482,A/duck/Sichuan/SC4822/2021,-0.298289,0.107532,0.130001,0.034135,Avian,N6
1038_A/duck/Sichuan/SC569,A/duck/Sichuan/SC5698/2021,-0.32104,0.112901,0.121021,0.042571,Avian,N6
1039_A/duck/Sichuan/SD002,A/duck/Sichuan/SD002/2021,-0.298289,0.107532,0.130001,0.034135,Avian,N6
1040_A/duck/Taichung/1501,A/duck/Taichung/15010400-1/2015,0.046731,-0.22695,0.021094,0.05458,Avian,N2
1041_A/duck/Tainan/16WB34,A/duck/Tainan/16WB3443-156-160/2016,-0.31168,0.000691,0.044908,0.011494,Avian,Others
1042_A/duck/Tainan/150104,A/duck/Tainan/15010403/2015,0.046759,-0.22342,0.022006,0.05408,Avian,N8
1043_A/duck/Tainan/160100,A/duck/Tainan/16010024-1/2016,0.034409,-0.247109,0.003645,0.050177,Avian,N2
1044_A/duck/Taipei/05WB83,A/duck/Taipei/05WB830-1-5-E2/2005,-0.399177,-0.02848,0.053614,-0.059947,Avian,N2
1045_A/duck/Taipei/18WB01,A/duck/Taipei/18WB0120-1-5-E1/2018,-0.173889,-0.136082,-0.04543,0.028943,Avian,Others
1046_A/duck/Taipei/19WB02,A/duck/Taipei/19WB0235-14-16/2019,-0.304087,-0.014158,0.025726,-0.030386,Avian,Others
1047_A/duck/Taiwan/01006/,A/duck/Taiwan/01006/2015,0.046759,-0.22342,0.022006,0.05408,Avian,N2
1048_A/duck/Taiwan/11213/,A/duck/Taiwan/11213/2013,-0.173354,0.001459,-0.119461,0.031466,Avian,N2
1049_A/duck/Taiwan/11254/,A/duck/Taiwan/11254/2013,-0.156482,-0.004887,-0.107902,0.026354,Avian,N2
1050_A/duck/Taiwan/a043/2,A/duck/Taiwan/a043/2015,0.033706,-0.247442,0.005026,0.049501,Avian,N2
1051_A/duck/Taiwan/a068/2,A/duck/Taiwan/a068/2015,0.046759,-0.22342,0.022006,0.05408,Avian,N8
1052_A/duck/Taiwan/A3400/,A/duck/Taiwan/A3400/2015,0.046759,-0.22342,0.022006,0.05408,Avian,N8
1053_A/duck/Taiwan/DV1238,A/duck/Taiwan/DV1238/2009,-0.269496,-0.066148,-0.037967,0.00322,Avian,N2
1054_A/duck/Taiwan/DV1241,A/duck/Taiwan/DV1241/2009,-0.269496,-0.066148,-0.037967,0.00322,Avian,N2
1055_A/duck/Taiwan/DV1242,A/duck/Taiwan/DV1242/2009,-0.269496,-0.066148,-0.037967,0.00322,Avian,N2
1056_A/duck/Taoyuan/16010,A/duck/Taoyuan/16010023-1/2016,0.031494,-0.21852,0.017371,0.062835,Avian,N2
1057_A/duck/Wuxi/7249/201,A/duck/Wuxi/7249/2015,0.141768,0.121016,-0.033094,-0.041034,Avian,N6
1058_A/duck/Xinjiang/12.1,A/duck/Xinjiang/12.18_WLMQXL001-C/2016,-0.270207,0.072299,0.098116,-0.008314,Avian,N8
1059_A/duck/Xinjiang/S106,A/duck/Xinjiang/S1066/2019(H5N1),0.1693,0.060485,-0.034823,-0.004088,Avian,N1
1060_A/duck/Xinjiang/S112,A/duck/Xinjiang/S1126/2019(H5N1),0.1693,0.060485,-0.034823,-0.004088,Avian,N1
1061_A/duck/Yilan/17A0092,A/duck/Yilan/17A0092/2017,0.090931,-0.245913,0.055589,0.044128,Avian,N2
1062_A/duck/Yunlin/15A501,A/duck/Yunlin/15A5019/2015,0.046759,-0.22342,0.022006,0.05408,Avian,N2
1063_A/duck/Yunlin/17A008,A/duck/Yunlin/17A0086/2017,0.093152,-0.246044,0.056143,0.044643,Avian,N2
1064_A/duck/Yunlin/17A068,A/duck/Yunlin/17A0686/2017,0.073654,-0.257681,0.051565,0.04268,Avian,N2
1065_A/duck/Yunlin/18X000,A/duck/Yunlin/18X00007-3/2018,0.050203,-0.270514,0.022283,0.097528,Avian,N2
1066_A/duck/Yunlin/150102,A/duck/Yunlin/15010244-1/2015,0.046731,-0.22695,0.021094,0.05458,Avian,N2
1067_A/duck/Yunlin/150102,A/duck/Yunlin/15010277/2015,0.038117,-0.224846,0.019787,0.023055,Avian,N8
1068_A/duck/Yunlin/150103,A/duck/Yunlin/15010310-4/2015,0.046731,-0.22695,0.021094,0.05458,Avian,N2
1069_A/duck/Yunlin/150103,A/duck/Yunlin/15010318-2/2015,0.046759,-0.22342,0.022006,0.05408,Avian,N2
1070_A/duck/Yunlin/150103,A/duck/Yunlin/15010369-1/2015,0.046731,-0.22695,0.021094,0.05458,Avian,N2
1071_A/duck/Yunlin/150104,A/duck/Yunlin/15010458-1/2015,0.038117,-0.224846,0.019787,0.023055,Avian,N8
1072_A/duck/Yunlin/150700,A/duck/Yunlin/15070002-2/2015,0.046759,-0.22342,0.022006,0.05408,Avian,N2
1073_A/duck/Yunlin/171100,A/duck/Yunlin/17110001/2017,0.052176,-0.278736,0.02841,0.046263,Avian,N2
1074_A/duck/Yunlin/180600,A/duck/Yunlin/18060007-3/2018,0.065366,-0.249959,0.045826,0.04791,Avian,N2
1075_A/duck/Yunnan/03.15_,A/duck/Yunnan/03.15_DQWGH005-O/2015(H5N6),0.15493,0.12063,0.002174,0.019469,Avian,N6
1076_A/duck/Yunnan/03.16_,A/duck/Yunnan/03.16_DQXYL003-O/2015(H5N6),0.161618,0.108444,0.000776,0.025046,Avian,N6
1077_A/duck/Yunnan/03.16_,A/duck/Yunnan/03.16_DQXYL007-O/2015(Mixed),-0.223886,-0.020719,-0.362359,0.041095,Avian,N6
1078_A/duck/Yunnan/03.16_,A/duck/Yunnan/03.16_DQXYL022-O/2015(H5N6),0.15493,0.12063,0.002174,0.019469,Avian,N6
1079_A/duck/Yunnan/03.16_,A/duck/Yunnan/03.16_DQXYL0039-O/2015(H5N6),0.15493,0.12063,0.002174,0.019469,Avian,N6
1080_A/duck/Yunnan/07.15_,A/duck/Yunnan/07.15_DQNPH124/2015(H5N6),0.125719,0.109865,-0.00375,-0.007448,Avian,N6
1081_A/duck/Yunnan/07.15_,A/duck/Yunnan/07.15_DQNPH125/2015(H5N6),0.125719,0.109865,-0.00375,-0.007448,Avian,N6
1082_A/duck/Yunnan/07.15_,A/duck/Yunnan/07.15_DQNPH127/2015(H5N6),0.125719,0.109865,-0.00375,-0.007448,Avian,N6
1083_A/duck/Yunnan/07.15_,A/duck/Yunnan/07.15_DQNPH129/2015(H5N6),0.125719,0.109865,-0.00375,-0.007448,Avian,N6
1084_A/duck/Yunnan/S4318/,A/duck/Yunnan/S4318/2021(H5N6),-0.3017,0.108057,0.129655,0.031994,Avian,N6
1085_A/Duck/Yunnan/YN-2/2,A/Duck/Yunnan/YN-2/2016_(H5N6),0.107754,0.128824,0.060455,0.032031,Avian,N6
1086_A/Duck/Yunnan/YN-4/2,A/Duck/Yunnan/YN-4/2015__(H5N6),-0.299244,0.008593,-0.398845,0.00232,Avian,N6
1087_A/Duck/Yunnan/YN-9/2,A/Duck/Yunnan/YN-9/2016__(H5N6),0.146352,0.116589,-0.005097,0.02005,Avian,N6
1088_A/Duck/Zhanjiang/155,A/Duck/Zhanjiang/15577/2015,0.150057,0.119379,-0.003208,0.01968,Avian,N6
1089_A/duck/Zhejiang/02.2,A/duck/Zhejiang/02.28_JHZJ-15-04/2015(Mixed),0.148465,0.114802,-0.001767,0.001921,Avian,N6
1090_A/duck/Zhejiang/6D18,A/duck/Zhejiang/6D18/2013,-0.003895,-0.07626,-0.039174,-0.182191,Avian,N8
1091_A/duck/Zhejiang/7713,A/duck/Zhejiang/77138/2014,0.167324,0.081406,-0.00071,0.003828,Avian,N2
1092_A/duck/Zhejiang/7270,A/duck/Zhejiang/727041/2014,0.139441,0.100144,-0.00549,0.020721,Avian,N2
1093_A/duck/Zhejiang/7271,A/duck/Zhejiang/727158/2014,0.147609,0.11541,-0.004605,0.026464,Avian,N6
1094_A/duck/Zhejiang/9250,A/duck/Zhejiang/925019/2014,-0.01074,-0.075583,-0.037391,-0.183927,Avian,N8
1095_A/duck/Zhejiang/9251,A/duck/Zhejiang/925169/2014,-0.01074,-0.075583,-0.037391,-0.183927,Avian,N8
1096_A/duck/Zhejiang/1026,A/duck/Zhejiang/1026109/2015,0.010273,-0.171716,-0.010709,0.056964,Avian,N2
1097_A/duck/Zhejiang/1220,A/duck/Zhejiang/1220092/2014,-0.296266,0.004969,-0.401627,0.000268,Avian,N1
1098_A/duck/Zhejiang/S409,A/duck/Zhejiang/S4091/2017(H5N1),0.157513,0.048067,-0.029518,-0.06495,Avian,N1
1099_A/duck/Zhejiang/S485,A/duck/Zhejiang/S4854/2021(H5N6),-0.315392,0.107778,0.116249,0.039757,Avian,N6
1100_A/duck/Zhejiang/W24/,A/duck/Zhejiang/W24/2013,-0.004964,-0.075923,-0.035951,-0.182588,Avian,N8
1101_A/egret/Jiangsu/SD02,A/egret/Jiangsu/SD021/2021,-0.285043,0.100457,0.147476,0.025368,Avian,N8
1102_A/Egret/Shangdong/JN,A/Egret/Shangdong/JN529/2023,-0.306005,0.0868,0.100228,0.021171,Avian,N6
1103_A/environment/Hunan/,A/environment/Hunan/HN261/2015,0.146289,0.119204,-0.000045,-0.011556,Avian,N6
1104_A/Environment/Shando,A/Environment/Shandong/WS15/2022,-0.306005,0.0868,0.100228,0.021171,Avian,N2
1105_A/Environment/Shando,A/Environment/Shandong/WS16/2022,-0.306005,0.0868,0.100228,0.021171,Avian,N2
1106_A/Environment/Shando,A/Environment/Shandong/WS19/2022,-0.306005,0.0868,0.100228,0.021171,Avian,N2
1107_A/equine/China/61/20,A/equine/China/61/2010,0.081064,-0.092126,0.093853,-0.080204,Nonhuman Mammal,N1
1108_A/equine/China/67/20,A/equine/China/67/2010,0.065213,-0.07016,0.07229,-0.057901,Nonhuman Mammal,N1
1109_A/equine/China/68/20,A/equine/China/68/2010,0.086027,-0.092317,0.080889,-0.082135,Nonhuman Mammal,N1
1110_A/eurasian_eagle-owl,A/eurasian_eagle-owl/Henan/SMQ11/2020,-0.298289,0.107532,0.130001,0.034135,Avian,N8
1111_A/Eurasian_Teal/Hong,A/Eurasian_Teal/Hong_Kong/AFCD-HKU-23-14009-01020/2023,-0.388256,0.130652,0.144892,-0.00068,Avian,N1
1112_A/Eurasian_Teal/Hong,A/Eurasian_Teal/Hong_Kong/AFCD-HKU-23-14383-02001/2023,-0.389456,0.135309,0.149909,-0.004716,Avian,N1
1113_A/Eurasian_Wigeon/Ho,A/Eurasian_Wigeon/Hong_Kong/AFCD-HKU-23-14484-01001/2023,-0.389456,0.135309,0.149909,-0.004716,Avian,N1
1114_A/Eurasian_Wigeon/Ho,A/Eurasian_Wigeon/Hong_Kong/AFCD-HKU-23-14524-01009/2023,-0.389456,0.135309,0.149909,-0.004716,Avian,N1
1115_A/Falcated_Duck/Ning,A/Falcated_Duck/Ningxia/484-29/2015,0.091254,0.126782,0.023989,0.027595,Avian,N6
1116_A/Falco_peregrinus/B,A/Falco_peregrinus/Beijing/1/_2022,-0.396698,0.125889,0.174121,0.014658,Avian,N1
1117_A/feline/Guangdong/2,A/feline/Guangdong/2/2014(H5N6),0.147894,0.10736,-0.005577,0.02044,Nonhuman Mammal,N6
1118_A/Fujian/1/2005|EPI_,A/Fujian/1/2005,0.096166,-0.030992,0.080705,-0.080089,Human,N1
1119_A/Fujian/1/2007|EPI_,A/Fujian/1/2007,0.065734,-0.117017,0.054319,-0.091259,Human,N1
1120_A/Fujian/1/2024(H5N6,A/Fujian/1/2024(H5N6),-0.339718,0.085532,0.10516,0.00771,Human,N6
1121_A/Fujian/2/2024(H5N6,A/Fujian/2/2024(H5N6),-0.339718,0.085532,0.10516,0.00771,Human,N6
1122_A/Fujian-Sanyuan/210,A/Fujian-Sanyuan/21099/2017_x_PR8_(CNIC-21099),-0.298065,-0.064504,-0.059365,0.050906,Human,N6
1123_A/Fujian-Sanyuan/210,A/Fujian-Sanyuan/21099/2017,-0.294943,0.037436,0.110252,0.039385,Human,N6
1124_A/Gadwall/Ningxia/47,A/Gadwall/Ningxia/472-7/2015,0.091254,0.126782,0.023989,0.027595,Avian,N6
1125_A/Gallinago_Stenura/,A/Gallinago_Stenura/Hong_Kong/AFCD-HKU-23-14383-01014/2023,-0.389456,0.135309,0.149909,-0.004716,Avian,N1
1126_A/Gallinula_chloropu,A/Gallinula_chloropus/Guangdong/GZ174/2014,0.10811,0.056819,-0.048636,0.001498,Avian,N6
1127_A/Goose/_Guangdong_/,A/Goose/_Guangdong_/JG125/2013(H5N6),0.157501,0.11861,0.004407,0.025547,Avian,N6
1128_A/Goose/_Guangdong_/,A/Goose/_Guangdong_/SSLBY/2015(H5N6),0.15493,0.12063,0.002174,0.019469,Avian,N6
1129_A/Goose/_Guangdong_/,A/Goose/_Guangdong_/SSZYP/2015(H5N6),0.167632,0.105289,0.000713,0.015526,Avian,N6
1130_A/goose/Anhui/AH350/,A/goose/Anhui/AH350/2015,0.14135,0.104501,-0.009885,0.053346,Avian,N6
1131_A/goose/Changhua/150,A/goose/Changhua/15040008/2015,0.046731,-0.22695,0.021094,0.05458,Avian,N2
1132_A/goose/Chiayi/15010,A/goose/Chiayi/15010008-3/2015,0.039784,-0.222974,0.033778,0.056715,Avian,N2
1133_A/goose/Chiayi/15010,A/goose/Chiayi/15010016-1/2015,0.046759,-0.22342,0.022006,0.05408,Avian,N2
1134_A/goose/Chiayi/15020,A/goose/Chiayi/15020022/2015,0.021295,-0.22836,0.024251,0.027513,Avian,N8
1135_A/goose/Chiayi/16010,A/goose/Chiayi/16010017-2/2016,0.037441,-0.243709,0.005889,0.047106,Avian,N2
1136_A/goose/Chiayi/16040,A/goose/Chiayi/16040003-1/2016,0.046759,-0.22342,0.022006,0.05408,Avian,N2
1137_A/goose/Chiayi/16040,A/goose/Chiayi/16040005/2016,0.046759,-0.22342,0.022006,0.05408,Avian,N2
1138_A/goose/Chiayi/17020,A/goose/Chiayi/17020027-1/2017,0.073819,-0.243288,0.063132,0.045576,Avian,N2
1139_A/goose/Chiayi/17040,A/goose/Chiayi/17040014/2017,0.040983,-0.22308,0.020566,0.052741,Avian,N2
1140_A/goose/Chiayi/18010,A/goose/Chiayi/18010006/2018,0.075541,-0.242212,0.048183,0.049324,Avian,N2
1141_A/goose/Chiayi/18020,A/goose/Chiayi/18020014-2/2018,0.062871,-0.259121,0.03967,0.052863,Avian,N2
1142_A/goose/China/1/2021,A/goose/China/1/2021,-0.306241,0.121051,0.129879,0.037746,Avian,N8
1143_A/goose/China/0701/2,A/goose/China/0701/2018,0.145369,0.139479,-0.056598,0.083812,Avian,N6
1144_A/goose/China/1106/2,A/goose/China/1106/2016,-0.011943,-0.20414,-0.000197,0.014857,Avian,N2
1145_A/goose/China/E43/20,A/goose/China/E43/2012,0.165244,0.055947,-0.005499,-0.048305,Avian,N1
1146_A/goose/Chongqing/SD,A/goose/Chongqing/SD003/2021,-0.295719,0.105512,0.132233,0.040212,Avian,N6
1147_A/goose/Eastern_Chin,A/goose/Eastern_China/CZ/2013,-0.00487,-0.077576,-0.030262,-0.176141,Avian,N8
1148_A/goose/Eastern_Chin,A/goose/Eastern_China/L1204/2012,0.011424,-0.094962,-0.000194,-0.208855,Avian,N8
1149_A/goose/Eastern_Chin,A/goose/Eastern_China/L1214/2012,0.011424,-0.094962,-0.000194,-0.208855,Avian,N8
1150_A/goose/Eastern_Chin,A/goose/Eastern_China/S0408/2014,-0.005354,-0.074508,-0.035023,-0.183981,Avian,N8
1151_A/goose/Eastern_Chin,A/goose/Eastern_China/S0513/2013,0.146575,0.121633,0.004114,0.02008,Avian,N6
1152_A/goose/Fujian/3.15_,A/goose/Fujian/3.15_FZHX0001-O/2018,0.145301,0.142933,-0.0568,0.06271,Avian,N6
1153_A/goose/Fujian/3.15_,A/goose/Fujian/3.15_FZHX0005-C/2018,0.128699,0.141275,-0.065445,0.055432,Avian,N6
1154_A/goose/Fujian/3.15_,A/goose/Fujian/3.15_FZHX0007-C/2018,0.141956,0.144711,-0.057791,0.05575,Avian,N6
1155_A/goose/Fujian/3.15_,A/goose/Fujian/3.15_FZHX0008-C/2018,0.147615,0.135744,-0.055026,0.094166,Avian,N6
1156_A/goose/Fujian/3.15_,A/goose/Fujian/3.15_FZHX0010-O/2018,0.127637,0.155078,-0.060506,0.049952,Avian,N6
1157_A/goose/Fujian/10.11,A/goose/Fujian/10.11_FZHX1001-C/2016,0.163269,0.07671,-0.000502,0.039471,Avian,N6
1158_A/goose/Fujian/10.26,A/goose/Fujian/10.26_FZHX0002-C/2017,0.159167,0.127571,-0.004708,0.009491,Avian,N6
1159_A/goose/Fujian/10.26,A/goose/Fujian/10.26_FZHX0002-O/2017,0.159167,0.127571,-0.004708,0.009491,Avian,N6
1160_A/goose/Fujian/10.26,A/goose/Fujian/10.26_FZHX0004-C/2017,0.159167,0.127571,-0.004708,0.009491,Avian,N6
1161_A/goose/Fujian/10.26,A/goose/Fujian/10.26_FZHX0004-O/2017,0.159167,0.127571,-0.004708,0.009491,Avian,N6
1162_A/goose/Fujian/10.26,A/goose/Fujian/10.26_FZHX0006-C/2017,0.159167,0.127571,-0.004708,0.009491,Avian,N6
1163_A/goose/Fujian/10.26,A/goose/Fujian/10.26_FZHX0006-O/2017,0.159167,0.127571,-0.004708,0.009491,Avian,N6
1164_A/goose/Fujian/10.26,A/goose/Fujian/10.26_FZHX0007-O/2017,0.159167,0.127571,-0.004708,0.009491,Avian,N6
1165_A/goose/Fujian/10.26,A/goose/Fujian/10.26_FZHX0008-C/2017,0.159167,0.127571,-0.004708,0.009491,Avian,N6
1166_A/goose/Fujian/10.26,A/goose/Fujian/10.26_FZHX0014-O/2017,0.159167,0.127571,-0.004708,0.009491,Avian,N6
1167_A/goose/Fujian/11.3_,A/goose/Fujian/11.3_FZHX1102-C/2016,0.163269,0.07671,-0.000502,0.039471,Avian,N6
1168_A/goose/Guangdong/03,A/goose/Guangdong/03.27_DGQTSJ180-O/2015(Mixed),0.150256,0.118734,-0.027956,-0.012856,Avian,N6
1169_A/goose/Guangdong/04,A/goose/Guangdong/04.22_DGCP117-O/2015(H5N6),0.150057,0.119379,-0.003208,0.01968,Avian,N6
1170_A/goose/Guangdong/04,A/goose/Guangdong/04.22_DGCP118-P/2015(H5N6),0.13878,0.130154,-0.013525,0.027616,Avian,N6
1171_A/goose/Guangdong/04,A/goose/Guangdong/04.22_DGCP120-P/2015(H5N6),0.13878,0.130154,-0.013525,0.027616,Avian,N6
1172_A/goose/Guangdong/04,A/goose/Guangdong/04.22_DGCPLB045-O/2015(H5N6),0.13878,0.130154,-0.013525,0.027616,Avian,N6
1173_A/goose/Guangdong/04,A/goose/Guangdong/04.23_DGQTXC216-O/2015(Mixed),0.150057,0.119379,-0.003208,0.01968,Avian,N6
1174_A/goose/Guangdong/04,A/goose/Guangdong/04.23_DGQTXC216-P/2015(H5N6),0.150057,0.119379,-0.003208,0.01968,Avian,N6
1175_A/goose/Guangdong/04,A/goose/Guangdong/04.23_DGQTXC237-O1/2015(H5N6),0.179914,0.112953,-0.002517,0.016787,Avian,N6
1176_A/goose/Guangdong/04,A/goose/Guangdong/04.23_DGQTXC237-O/2015(Mixed),0.104706,0.060435,0.000092,-0.017768,Avian,N6
1177_A/goose/Guangdong/7.,A/goose/Guangdong/7.20_DGCP010-C/2017,0.168772,0.134522,-0.040732,0.081846,Avian,N6
1178_A/goose/Guangdong/k0,A/goose/Guangdong/k0103/2010,0.039548,-0.171735,0.008622,-0.090152,Avian,Others
1179_A/Goose/Guangdong/PO,A/Goose/Guangdong/PO1707260055/GZH/2017-08-02,0.16832,0.132658,-0.036437,0.090787,Avian,N6
1180_A/goose/Guangdong/QY,A/goose/Guangdong/QY01/2016,0.159756,0.095082,-0.00176,0.042277,Avian,N6
1181_A/goose/Guangdong/S2,A/goose/Guangdong/S230/2021,0.156193,0.139785,-0.047754,0.093585,Avian,N6
1182_A/goose/Guangdong/S4,A/goose/Guangdong/S4751/2021(H5N6),-0.296698,0.105621,0.125472,0.036088,Avian,N6
1183_A/goose/Guangdong/s1,A/goose/Guangdong/s13124/2013,0.020713,-0.094176,0.019293,-0.195265,Avian,N8
1184_A/goose/Guangdong/SH,A/goose/Guangdong/SH7/2013(H5N1),0.150839,0.107761,0.000933,0.022428,Avian,N1
1185_A/goose/Guangdong/YJ,A/goose/Guangdong/YJD/2014,0.152744,0.120752,0.007893,0.021753,Avian,N6
1186_A/goose/Guangxi/S206,A/goose/Guangxi/S20601/2021,-0.258692,0.085355,0.069077,0.036543,Avian,N8
1187_A/goose/Guizhou/S154,A/goose/Guizhou/S1541/2022(H5N1),-0.316673,0.09597,0.141647,0.033746,Avian,N1
1188_A/goose/Henan/01.01_,A/goose/Henan/01.01_LYGL001-O/2017,0.159245,0.130782,-0.00395,0.040558,Avian,N6
1189_A/goose/Henan/S1315/,A/goose/Henan/S1315/2021,-0.298289,0.107532,0.130001,0.034135,Avian,N8
1190_A/goose/Hubei/113/20,A/goose/Hubei/113/2014,0.177417,0.09537,0.01671,-0.009048,Avian,N6
1191_A/goose/HuBei/117/20,A/goose/HuBei/117/2014,0.178705,0.089445,-0.010591,-0.036584,Avian,N6
1192_A/goose/Hunan/81/201,A/goose/Hunan/81/2014,0.153247,0.114854,-0.000401,-0.013301,Avian,N6
1193_A/goose/Hunan/82/201,A/goose/Hunan/82/2014,0.147051,0.120587,-0.005962,-0.008101,Avian,N6
1194_A/goose/Hunan/107/20,A/goose/Hunan/107/2014,0.177417,0.09537,0.01671,-0.009048,Avian,N6
1195_A/goose/Hunan/109/20,A/goose/Hunan/109/2014,0.177417,0.09537,0.01671,-0.009048,Avian,N6
1196_A/goose/Hunan/110/20,A/goose/Hunan/110/2014,0.177417,0.09537,0.01671,-0.009048,Avian,N6
1197_A/goose/Hunan/111/20,A/goose/Hunan/111/2014,0.177417,0.09537,0.01671,-0.009048,Avian,N6
1198_A/goose/Hunan/115/20,A/goose/Hunan/115/2014,0.161384,0.046261,0.074415,-0.051913,Avian,N6
1199_A/goose/Hunan/116/20,A/goose/Hunan/116/2014,0.177417,0.09537,0.01671,-0.009048,Avian,N6
1200_A/goose/Hunan/155/20,A/goose/Hunan/155/2014,0.153247,0.114854,-0.000401,-0.013301,Avian,N6
1201_A/goose/Hunan/159/20,A/goose/Hunan/159/2014,0.153247,0.114854,-0.000401,-0.013301,Avian,N6
1202_A/goose/Hunan/160/20,A/goose/Hunan/160/2014,0.153247,0.114854,-0.000401,-0.013301,Avian,N6
1203_A/goose/Hunan/161/20,A/goose/Hunan/161/2014,0.153247,0.114854,-0.000401,-0.013301,Avian,N6
1204_A/goose/Hunan/HN11/2,A/goose/Hunan/HN11/2015,0.159267,0.071986,-0.000944,0.047914,Avian,N6
1205_A/goose/Hunan/HN22/2,A/goose/Hunan/HN22/2015,0.146289,0.119204,-0.000045,-0.011556,Avian,N6
1206_A/goose/Hunan/HN57/2,A/goose/Hunan/HN57/2015,0.146289,0.119204,-0.000045,-0.011556,Avian,N6
1207_A/goose/Hunan/HN88/2,A/goose/Hunan/HN88/2015,0.178705,0.089445,-0.010591,-0.036584,Avian,N6
1208_A/goose/Hunan/HN90/2,A/goose/Hunan/HN90/2015,0.178705,0.089445,-0.010591,-0.036584,Avian,N6
1209_A/goose/Hunan/HN310/,A/goose/Hunan/HN310/2015,0.118767,0.092433,0.014644,0.015274,Avian,N6
1210_A/goose/Hunan/HN311/,A/goose/Hunan/HN311/2015,0.073687,0.071525,-0.021194,0.03997,Avian,N6
1211_A/goose/Hunan/HN314/,A/goose/Hunan/HN314/2015,0.153764,0.123304,-0.004208,0.01043,Avian,N6
1212_A/goose/Hunan/HN315/,A/goose/Hunan/HN315/2015,0.153764,0.123304,-0.004208,0.01043,Avian,N6
1213_A/goose/Hunan/HN316/,A/goose/Hunan/HN316/2015,0.153764,0.123304,-0.004208,0.01043,Avian,N6
1214_A/goose/Hunan/HN317/,A/goose/Hunan/HN317/2015,0.153764,0.123304,-0.004208,0.01043,Avian,N6
1215_A/goose/Hunan/HN318/,A/goose/Hunan/HN318/2015,0.133571,0.084526,0.034175,0.005475,Avian,N6
1216_A/goose/Hunan/HN319/,A/goose/Hunan/HN319/2015,0.153764,0.123304,-0.004208,0.01043,Avian,N6
1217_A/goose/Hunan/S11288,A/goose/Hunan/S11288/2021,-0.299284,0.099436,0.132091,0.037513,Avian,N8
1218_A/goose/Hunan/SE284/,A/goose/Hunan/SE284/2022(H5N1),-0.409783,0.148618,0.169416,0.049647,Avian,N1
1219_A/goose/Inner_Mongol,A/goose/Inner_Mongolia/IM-192/2014,-0.302135,0.005717,0.041073,-0.048643,Avian,N1
1220_A/goose/Jiangsu/k040,A/goose/Jiangsu/k0403/2010,0.058476,-0.06394,0.058814,0.053984,Avian,N1
1221_A/goose/Jiangsu/QD5/,A/goose/Jiangsu/QD5/2014,-0.004964,-0.075923,-0.035951,-0.182588,Avian,N8
1222_A/goose/Jiangsu/S138,A/goose/Jiangsu/S1385/2021,-0.327753,0.101586,0.101171,0.054408,Avian,N8
1223_A/goose/Jiangxi/01.0,A/goose/Jiangxi/01.09_NFJX-15-01/2015(Mixed),0.177417,0.09537,0.01671,-0.009048,Avian,N6
1224_A/goose/Jilin/04.04_,A/goose/Jilin/04.04_SY003-O/2015(H5N6),0.145251,0.117869,0.000515,0.024241,Avian,N6
1225_A/goose/Jilin/S4034/,A/goose/Jilin/S4034/2019(H5N1),0.145416,0.051842,-0.035364,-0.069059,Avian,N1
1226_A/goose/Liaoning/S12,A/goose/Liaoning/S1266/2021,-0.302881,0.107946,0.131507,0.033083,Avian,N8
1227_A/goose/Pingtung/150,A/goose/Pingtung/15010007-4/2015,0.046759,-0.22342,0.022006,0.05408,Avian,N2
1228_A/goose/Pingtung/150,A/goose/Pingtung/15010037-1/2015,0.046759,-0.22342,0.022006,0.05408,Avian,N2
1229_A/goose/Pingtung/150,A/goose/Pingtung/15050014/2015,0.046787,-0.21989,0.022919,0.05358,Avian,N8
1230_A/goose/Pingtung/160,A/goose/Pingtung/16010061/2016,0.057099,-0.207388,0.025711,0.052063,Avian,N8
1231_A/Goose/Qingyuan/168,A/Goose/Qingyuan/16875/2016,0.124076,0.113657,-0.01378,0.019142,Avian,N6
1232_A/goose/Shandong/01.,A/goose/Shandong/01.01_JY-GS/2015(H5N2),0.017364,-0.210999,0.010185,0.050162,Avian,N2
1233_A/goose/Shandong/01.,A/goose/Shandong/01.07_JQ-GS/2015(H5N2),0.017364,-0.210999,0.010185,0.050162,Avian,N2
1234_A/goose/Shandong/02.,A/goose/Shandong/02.16_YG-GS/2015(H5N6),0.13242,0.123911,-0.01938,-0.01256,Avian,N6
1235_A/goose/Shandong/02.,A/goose/Shandong/02.26_GD/2015(H5N6),0.15493,0.12063,0.002174,0.019469,Avian,N6
1236_A/goose/Shandong/03.,A/goose/Shandong/03.10_HZ/2015(H5N1),0.175439,0.051535,-0.018149,-0.047924,Avian,N1
1237_A/goose/Shandong/03.,A/goose/Shandong/03.16_JNRe-5/2014(H5N6),0.153317,0.075115,-0.001119,-0.022275,Avian,N6
1238_A/goose/Shandong/04.,A/goose/Shandong/04.22_GT/2015(H5N2),0.014116,-0.211703,0.011258,0.048384,Avian,N2
1239_A/goose/Shandong/05.,A/goose/Shandong/05.23_AY-GS/2015(Mixed),-0.01074,-0.075583,-0.037391,-0.183927,Avian,N8
1240_A/goose/Shandong/05.,A/goose/Shandong/05.23_DT-GS/2014(H5N8),-0.01074,-0.075583,-0.037391,-0.183927,Avian,N8
1241_A/goose/Shandong/06.,A/goose/Shandong/06.14_HZ-GS/2014(Mixed),-0.01074,-0.075583,-0.037391,-0.183927,Avian,N8
1242_A/goose/Shandong/11.,A/goose/Shandong/11.02_CQ-GS/2014(H5N6),0.130177,0.081849,-0.0189,-0.054718,Avian,N6
1243_A/goose/Shandong/12.,A/goose/Shandong/12.05_YG-GS/2014(H5N6),0.13242,0.123911,-0.01938,-0.01256,Avian,N6
1244_A/goose/Shandong/12.,A/goose/Shandong/12.08_YG-GS/2014(H5N8),-0.072141,-0.083856,-0.078737,-0.161096,Avian,N8
1245_A/Goose/Shandong/211,A/Goose/Shandong/21153-3/2021(H5N8),-0.298289,0.107532,0.130001,0.034135,Avian,N8
1246_A/goose/Shandong/GD-,A/goose/Shandong/GD-GS/2014(H5N8),-0.007406,-0.080379,-0.03211,-0.181569,Avian,N8
1247_A/goose/Shandong/GS/,A/goose/Shandong/GS/2013(H5N1),0.17612,0.04112,-0.020725,-0.044937,Avian,N1
1248_A/goose/Shandong/LQ0,A/goose/Shandong/LQ01694/2013,0.005433,-0.096972,-0.008291,-0.230341,Avian,N8
1249_A/goose/Tainan/16040,A/goose/Tainan/16040018-1/2016,0.046056,-0.223753,0.023387,0.053404,Avian,N8
1250_A/goose/Tainan/16070,A/goose/Tainan/16070002/2016,0.028444,-0.21992,0.015427,0.058086,Avian,N8
1251_A/goose/Tainan/17030,A/goose/Tainan/17030022-1/2017,0.093646,-0.244587,0.058429,0.044522,Avian,N2
1252_A/goose/Tainan/17030,A/goose/Tainan/17030024-1/2017,0.101794,-0.244618,0.058362,0.075668,Avian,N2
1253_A/goose/Tainan/18010,A/goose/Tainan/18010022-1/2018,0.08284,-0.258546,0.053351,0.04616,Avian,N2
1254_A/goose/Tainan/18050,A/goose/Tainan/18050014-1/2018,0.066024,-0.259948,0.048058,0.012225,Avian,N2
1255_A/goose/Taiwan/01019,A/goose/Taiwan/01019/2015,0.046759,-0.22342,0.022006,0.05408,Avian,N8
1256_A/goose/Taiwan/01022,A/goose/Taiwan/01022/2015,0.038089,-0.228375,0.018875,0.023554,Avian,N2
1257_A/goose/Taiwan/01023,A/goose/Taiwan/01023/2015,0.046759,-0.22342,0.022006,0.05408,Avian,N2
1258_A/goose/Taiwan/01031,A/goose/Taiwan/01031/2015,0.054287,-0.215867,0.024687,0.053446,Avian,N2
1259_A/goose/Taiwan/01038,A/goose/Taiwan/01038/2015,0.046759,-0.22342,0.022006,0.05408,Avian,Others
1260_A/goose/Taiwan/01039,A/goose/Taiwan/01039/2015,0.025612,-0.255272,0.052147,0.034731,Avian,N8
1261_A/goose/Taiwan/01040,A/goose/Taiwan/01040/2015,0.046787,-0.21989,0.022919,0.05358,Avian,N2
1262_A/goose/Taiwan/a015/,A/goose/Taiwan/a015/2015,0.046759,-0.22342,0.022006,0.05408,Avian,N8
1263_A/goose/Taiwan/TNC1/,A/goose/Taiwan/TNC1/2015,0.039405,-0.23077,-0.007515,-0.004482,Avian,N8
1264_A/goose/Taiwan/TNC3/,A/goose/Taiwan/TNC3/2015,0.038117,-0.224846,0.019787,0.023055,Avian,N8
1265_A/goose/Taiwan/TNC4/,A/goose/Taiwan/TNC4/2015,0.046759,-0.22342,0.022006,0.05408,Avian,N8
1266_A/goose/Taiwan/TNC9/,A/goose/Taiwan/TNC9/2015,0.038117,-0.224846,0.019787,0.023055,Avian,N8
1267_A/goose/Taiwan/TNC10,A/goose/Taiwan/TNC10/2015,0.039405,-0.23077,-0.007515,-0.004482,Avian,N8
1268_A/goose/Taiwan/TNC12,A/goose/Taiwan/TNC12/2015,0.039405,-0.23077,-0.007515,-0.004482,Avian,N8
1269_A/goose/Taiwan/TNC14,A/goose/Taiwan/TNC14/2015,0.039405,-0.23077,-0.007515,-0.004482,Avian,N8
1270_A/goose/Taiwan/TNO3/,A/goose/Taiwan/TNO3/2015,0.046759,-0.22342,0.022006,0.05408,Avian,N8
1271_A/goose/Taiwan/TNO9/,A/goose/Taiwan/TNO9/2015,0.046759,-0.22342,0.022006,0.05408,Avian,N8
1272_A/goose/Taiwan/TNO15,A/goose/Taiwan/TNO15/2015,0.046759,-0.22342,0.022006,0.05408,Avian,N8
1273_A/goose/Taiwan/TNO17,A/goose/Taiwan/TNO17/2015,0.039405,-0.23077,-0.007515,-0.004482,Avian,N8
1274_A/goose/Taoyuan/1501,A/goose/Taoyuan/15010041/2015,0.038117,-0.224846,0.019787,0.023055,Avian,N8
1275_A/goose/Taoyuan/1812,A/goose/Taoyuan/18120002-2/2018,0.060464,-0.255215,0.042663,0.050073,Avian,N2
1276_A/goose/Xinjiang/12.,A/goose/Xinjiang/12.18_WLMQXL001-C/2016,0.13651,0.128722,-0.013001,0.013372,Avian,N6
1277_A/goose/Xinjiang/12.,A/goose/Xinjiang/12.18_WLMQXL002-O/2016,0.13651,0.128722,-0.013001,0.013372,Avian,N6
1278_A/goose/Xinjiang/12.,A/goose/Xinjiang/12.18_WLMQXL003-C/2016,-0.271414,0.077853,0.123712,0.017501,Avian,N8
1279_A/goose/Xinjiang/12.,A/goose/Xinjiang/12.18_WLMQXL003-O/2016,-0.271414,0.077853,0.123712,0.017501,Avian,N8
1280_A/goose/Xinjiang/12.,A/goose/Xinjiang/12.18_WLMQXL004-C/2016,-0.271414,0.077853,0.123712,0.017501,Avian,N8
1281_A/goose/Xinjiang/12.,A/goose/Xinjiang/12.18_WLMQXL004-O/2016,-0.214206,0.051844,0.070748,0.015228,Avian,N8
1282_A/goose/Yangzhou/042,A/goose/Yangzhou/0420/2014,-0.06523,-0.087426,-0.069473,-0.16051,Avian,N8
1283_A/goose/Yangzhou/YZ5,A/goose/Yangzhou/YZ587/2016,0.171031,0.135811,0.018319,0.046774,Avian,N6
1284_A/goose/Yunlin/15010,A/goose/Yunlin/15010005/2015,0.046759,-0.22342,0.022006,0.05408,Avian,N2
1285_A/goose/Yunlin/15010,A/goose/Yunlin/15010009-1/2015,0.046759,-0.22342,0.022006,0.05408,Avian,N2
1286_A/goose/Yunlin/15010,A/goose/Yunlin/15010010-2/2015,0.046759,-0.22342,0.022006,0.05408,Avian,N2
1287_A/goose/Yunlin/15010,A/goose/Yunlin/15010011-1/2015,0.046759,-0.22342,0.022006,0.05408,Avian,N2
1288_A/goose/Yunlin/15040,A/goose/Yunlin/15040040/2015,0.037244,-0.257977,-0.001009,0.081847,Avian,N8
1289_A/goose/Yunlin/16020,A/goose/Yunlin/16020008-4/2016,0.046759,-0.22342,0.022006,0.05408,Avian,N2
1290_A/goose/Yunlin/16020,A/goose/Yunlin/16020011-1/2016,0.0554,-0.221994,0.024226,0.085105,Avian,N2
1291_A/goose/Yunlin/16040,A/goose/Yunlin/16040002-2/2016,0.046759,-0.22342,0.022006,0.05408,Avian,N2
1292_A/goose/Yunlin/17100,A/goose/Yunlin/17100005/2017,0.096547,-0.231471,0.057046,0.040192,Avian,N2
1293_A/goose/Yunlin/18030,A/goose/Yunlin/18030020-2/2018,0.058811,-0.308123,0.003061,-0.00011,Avian,N2
1294_A/goose/Yunlin/18030,A/goose/Yunlin/18030020-3/2018,0.08883,-0.245033,-0.005304,0.04992,Avian,N2
1295_A/goose/Yunlin/18040,A/goose/Yunlin/18040002-3/2018,0.08284,-0.258546,0.053351,0.04616,Avian,N2
1296_A/goose/Yunlin/18040,A/goose/Yunlin/18040018-2/2018,0.074694,-0.261547,0.047429,0.043577,Avian,N2
1297_A/goose/Yunlin/18090,A/goose/Yunlin/18090002-3/2018,0.055659,-0.275775,0.05774,0.036219,Avian,N2
1298_A/goose/Yunlin/18090,A/goose/Yunlin/18090006-1/2018,0.063353,-0.241423,0.038089,0.035367,Avian,N2
1299_A/goose/Yunlin/18110,A/goose/Yunlin/18110002-3/2018,0.060464,-0.255215,0.042663,0.050073,Avian,N2
1300_A/goose/Yunnan/07.14,A/goose/Yunnan/07.14_DQWCK119/2015(H5N6),0.125719,0.109865,-0.00375,-0.007448,Avian,N6
1301_A/goose/Yunnan/07.14,A/goose/Yunnan/07.14_DQWCK122/2015(H5N6),0.125719,0.109865,-0.00375,-0.007448,Avian,N6
1302_A/goose/Zhejiang/771,A/goose/Zhejiang/77166/2014,0.167324,0.081406,-0.00071,0.003828,Avian,N2
1303_A/goose/Zhejiang/771,A/goose/Zhejiang/77167/2014,0.167324,0.081406,-0.00071,0.003828,Avian,N2
1304_A/goose/Zhejiang/771,A/goose/Zhejiang/77168/2014,0.167324,0.081406,-0.00071,0.003828,Avian,N2
1305_A/goose/Zhejiang/112,A/goose/Zhejiang/112071/2014,0.185757,0.044918,-0.044064,-0.066383,Avian,N1
1306_A/goose/Zhejiang/112,A/goose/Zhejiang/112080/2014,0.15059,0.07729,-0.00712,-0.025952,Avian,N6
1307_A/goose/Zhejiang/727,A/goose/Zhejiang/727092/2014,0.147609,0.11541,-0.004605,0.026464,Avian,N6
1308_A/goose/Zhejiang/727,A/goose/Zhejiang/727098/2014,0.193414,0.03233,-0.013127,-0.053206,Avian,N1
1309_A/goose/Zhejiang/727,A/goose/Zhejiang/727110/2014,0.147609,0.11541,-0.004605,0.026464,Avian,N6
1310_A/goose/Zhejiang/925,A/goose/Zhejiang/925036/2014,0.160036,0.114443,0.002225,0.023356,Avian,N6
1311_A/goose/Zhejiang/925,A/goose/Zhejiang/925037/2014,-0.01074,-0.075583,-0.037391,-0.183927,Avian,N8
1312_A/goose/Zhejiang/925,A/goose/Zhejiang/925104/2014,-0.01074,-0.075583,-0.037391,-0.183927,Avian,N8
1313_A/goose/Zhejiang/925,A/goose/Zhejiang/925105/2014,0.149251,0.079793,-0.005904,-0.061751,Avian,N6
1314_A/goose/Zhejiang/925,A/goose/Zhejiang/925106/2014,-0.01074,-0.075583,-0.037391,-0.183927,Avian,N6
1315_A/goose/Zhejiang/925,A/goose/Zhejiang/925108/2014,0.149251,0.079793,-0.005904,-0.061751,Avian,N6
1316_A/goose/Zhejiang/112,A/goose/Zhejiang/1120132/2014,0.151936,0.075672,-0.010952,-0.0243,Avian,N6
1317_A/goose/Zhejiang/S12,A/goose/Zhejiang/S1266/2021,-0.315901,0.111364,0.122041,0.038816,Avian,N8
1318_A/Great_black-headed,A/Great_black-headed_Gull/Qinghai/YO1/2015_H5N1,0.103318,0.032053,-0.064507,-0.045867,Avian,N1
1319_A/Great_Black-headed,A/Great_Black-headed_Gull/Qinghai/YO1-B/2016,-0.305126,0.046991,0.093016,-0.040238,Avian,N8
1320_A/Great_black-headed,A/Great_black-headed_Gull/Qinghai/YO6/2015_H5N1,0.103318,0.032053,-0.064507,-0.045867,Avian,N1
1321_A/Great_Cormorant/Hu,A/Great_Cormorant/Hubei/chenhu_V2/2015_mixed,-0.285906,0.00366,-0.393773,-0.003921,Avian,N6
1322_A/Great_Cormorant/Hu,A/Great_Cormorant/Hubei/chenhu_V9/2015,-0.296266,0.004969,-0.401627,0.000268,Avian,N1
1323_A/Great_Cormorant/Hu,A/Great_Cormorant/Hubei/chenhu_V10/2015,-0.296266,0.004969,-0.401627,0.000268,Avian,N1
1324_A/Great_Cormorant/Hu,A/Great_Cormorant/Hubei/chenhu_V11/2015,-0.296266,0.004969,-0.401627,0.000268,Avian,N6
1325_A/Great_Cormorant/Hu,A/Great_Cormorant/Hubei/VI128/2015_H5N1,-0.296266,0.004969,-0.401627,0.000268,Avian,N1
1326_A/Great_Cormorant/Hu,A/Great_Cormorant/Hubei/VI132/2015_H5N1,-0.296266,0.004969,-0.401627,0.000268,Avian,N1
1327_A/Great_Cormorant/Hu,A/Great_Cormorant/Hubei/VI133/2015_H5N1,-0.296266,0.004969,-0.401627,0.000268,Avian,N1
1328_A/Great_Cormorant/Qi,A/Great_Cormorant/Qinghai/a51/2016,-0.314807,0.053425,0.096796,-0.042109,Avian,N8
1329_A/Great_Cormorant/Qi,A/Great_Cormorant/Qinghai/B82/2016,-0.314807,0.053425,0.096796,-0.042109,Avian,N8
1330_A/Great_Cormorant/Qi,A/Great_Cormorant/Qinghai/Y01/2016,-0.315236,0.054639,0.093586,-0.044457,Avian,N8
1331_A/Great_Crested_Greb,A/Great_Crested_Grebe/Qinghai/a737/2017,-0.277605,0.040883,0.06009,-0.032196,Avian,N8
1332_A/grebe/Ningxia/SD00,A/grebe/Ningxia/SD001/2021,-0.305466,0.085629,0.111423,0.041419,Avian,N8
1333_A/grebe/Shaanxi/SD00,A/grebe/Shaanxi/SD001/2021,-0.314263,0.08511,0.113901,0.018712,Avian,N8
1334_A/grebe/Shandong/SC1,A/grebe/Shandong/SC184/2021,-0.298289,0.107532,0.130001,0.034135,Avian,N8
1335_A/green-winged_teal/,A/green-winged_teal/Guangdong/SD004/2021,-0.298289,0.107532,0.130001,0.034135,Avian,N8
1336_A/Guangdong/1/2006|E,A/Guangdong/1/2006,0.070182,-0.109693,0.050103,-0.112436,Human,N1
1337_A/Guangdong/1/2008|E,A/Guangdong/1/2008,0.07259,-0.101638,0.081083,-0.087289,Human,N1
1338_A/Guangdong/2/2006|E,A/Guangdong/2/2006,0.114352,-0.055951,0.050219,-0.065529,Human,N1
1339_A/Guangdong/18SF020/,A/Guangdong/18SF020/2018-09-30,0.136669,0.146094,-0.05073,0.055875,Human,N6
1340_A/Guangdong/12903/20,A/Guangdong/12903/2021,-0.283317,0.065954,0.125433,0.056008,Human,N6
1341_A/Guangdong/lgf/2021,A/Guangdong/lgf/2021,-0.296698,0.105621,0.125472,0.036088,Human,N6
1342_A/Guangxi/1/2005|EPI,A/Guangxi/1/2005,0.082616,-0.091792,0.080543,-0.084276,Human,N1
1343_A/Guangxi/1/2005|EPI,A/Guangxi/1/2005,0.109972,-0.083851,0.019686,-0.036908,Human,N1
1344_A/Guangxi/1/2008|EPI,A/Guangxi/1/2008,0.08167,-0.065678,0.021435,-0.034919,Human,N1
1345_A/Guangxi/32797/2018,A/Guangxi/32797/2018,0.174155,0.085005,-0.021404,0.054464,Human,N6
1346_A/Guangxi/55726/2016,A/Guangxi/55726/2016,0.158206,0.119862,-0.002785,0.018923,Human,N6
1347_A/Guangzhou/39715/20,A/Guangzhou/39715/2014,0.15493,0.12063,0.002174,0.019469,Human,N6
1348_A/Guizhou/1/2009|EPI,A/Guizhou/1/2009,0.065136,-0.086753,0.085607,-0.081843,Human,N1
1349_A/GX-guilin/11151/20,A/GX-guilin/11151/2021,-0.264611,0.084199,0.081265,0.040655,Human,N6
1350_A/GX-hechi/01/2021|E,A/GX-hechi/01/2021,-0.168047,-0.113895,-0.275241,0.090178,Human,N6
1351_A/Hangzhou/01/2021|E,A/Hangzhou/01/2021,-0.315392,0.107778,0.116249,0.039757,Human,N6
1352_A/HeFei04171/2024|EP,A/HeFei04171/2024,-0.356996,0.119668,0.100002,-0.014372,Human,N6
1353_A/heron/Kaohsiung/15,A/heron/Kaohsiung/15WB3284-1-5/2015,-0.286941,-0.031787,0.057879,-0.012742,Avian,Others
1354_A/heron/Taiwan/17DB0,A/heron/Taiwan/17DB0001/2017,0.084718,-0.243846,0.072066,0.045488,Avian,N2
1355_A/Herring_Gull/Hubei,A/Herring_Gull/Hubei/CH-i149/2017_H5N8,-0.305764,0.023343,0.088558,-0.030329,Avian,N8
1356_A/hill_myna/Heilongj,A/hill_myna/Heilongjiang/0704/2012,0.158862,0.047269,-0.031856,-0.036391,Avian,N1
1357_A/Hong_Kong/5923/201,A/Hong_Kong/5923/2012,0.132522,0.085158,-0.000605,-0.035027,Human,N1
1358_A/Hubei/29578/2016_x,A/Hubei/29578/2016_x_PR8__(CNIC-HB29578),-0.298065,-0.064504,-0.059365,0.050906,Human,N6
1359_A/Hubei/29578/2016|E,A/Hubei/29578/2016,-0.272306,0.035218,-0.38578,0.037783,Human,N6
1360_A/Hunan/1/2006|EPI_I,A/Hunan/1/2006,0.082616,-0.091792,0.080543,-0.084276,Human,N1
1361_A/Hunan/1/2008|EPI_I,A/Hunan/1/2008,0.054799,-0.095776,0.057803,-0.076343,Human,N1
1362_A/Hunan/2/2009|EPI_I,A/Hunan/2/2009,0.063037,-0.081951,0.079003,-0.083068,Human,N1
1363_A/Japanese_white-eye,A/Japanese_white-eye/Taoyuan/Q454/2012,0.176473,0.043437,-0.023897,-0.041072,Avian,N1
1364_A/Jiangsu/1/2007|EPI,A/Jiangsu/1/2007,0.075283,-0.104872,0.07342,-0.083984,Human,N1
1365_A/Jiangsu/1/2018|EPI,A/Jiangsu/1/2018,0.115487,0.142898,-0.06902,0.088193,Human,N6
1366_A/Jiangsu/1/2018|EPI,A/Jiangsu/1/2018,0.097876,0.14673,-0.07698,0.092875,Human,N6
1367_A/Jiangsu/1/2020_(H5,A/Jiangsu/1/2020_(H5N6),0.113842,0.145956,-0.071354,0.103046,Human,N6
1368_A/Jiangsu/1/2020(H5N,A/Jiangsu/1/2020(H5N6),0.113842,0.145956,-0.071354,0.103046,Human,N6
1369_A/Jiangsu/2/2007|EPI,A/Jiangsu/2/2007,0.075283,-0.104872,0.07342,-0.083984,Human,N1
1370_A/Jiangsu/JSSZ01/201,A/Jiangsu/JSSZ01/2018,0.113841,0.147216,-0.074614,0.10804,Human,N6
1371_A/Jiangxi/1/2005|EPI,A/Jiangxi/1/2005,0.068894,-0.103769,0.077405,-0.0849,Human,N1
1372_A/Jiangxi/16791/2022,A/Jiangxi/16791/2022,-0.264702,0.088298,0.0805,0.039245,Human,N6
1373_A/lesser_kestrel/Hei,A/lesser_kestrel/Heilongjiang/194/2007,0.043645,-0.098242,0.071257,-0.083473,Avian,N1
1374_A/lion/Hubei/1-2/201,A/lion/Hubei/1-2/2016,-0.299527,-0.055876,-0.352548,-0.043923,Nonhuman Mammal,N1
1375_A/Luscinia_cyane/Jia,A/Luscinia_cyane/Jiangxi/U2/2016_(H5N6),-0.004964,-0.075923,-0.035951,-0.182588,Avian,N6
1376_A/mallard_duck/Shang,A/mallard_duck/Shanghai/SH-9/2013,-0.03955,-0.066803,-0.069716,-0.179558,Avian,N8
1377_A/mallard/Heilongjia,A/mallard/Heilongjiang/HLJ-69/2013,-0.000383,-0.04994,0.009319,0.048616,Avian,N1
1378_A/Mallard/Jiangxi/JX,A/Mallard/Jiangxi/JXH9/2014_(H5N6),0.158341,0.120105,0.00252,0.021611,Avian,N6
1379_A/Mallard/Jiangxi/JX,A/Mallard/Jiangxi/JXH22/2014_(H5N6),0.158341,0.120105,0.00252,0.021611,Avian,N6
1380_A/mallard/Ningxia/17,A/mallard/Ningxia/175/2020,-0.308581,0.023527,0.020026,-0.003138,Avian,N8
1381_A/mallard/Ningxia/17,A/mallard/Ningxia/176/2020,-0.308581,0.023527,0.020026,-0.003138,Avian,N8
1382_A/mallard/Ningxia/23,A/mallard/Ningxia/239/2020,-0.308581,0.023527,0.020026,-0.003138,Avian,N8
1383_A/mallard/Ningxia/24,A/mallard/Ningxia/241/2020,-0.308581,0.023527,0.020026,-0.003138,Avian,N8
1384_A/mallard/Ningxia/24,A/mallard/Ningxia/247/2020,-0.308581,0.023527,0.020026,-0.003138,Avian,N8
1385_A/mallard/Ningxia/24,A/mallard/Ningxia/249/2020,-0.308581,0.023527,0.020026,-0.003138,Avian,N8
1386_A/mandarin_duck/Heil,A/mandarin_duck/Heilongjiang/HL-1/2021,-0.314479,0.113345,0.115646,0.043079,Avian,N1
1387_A/mandarin_duck/Hena,A/mandarin_duck/Henan/426/2021,-0.40701,0.113386,0.171328,0.016175,Avian,N1
1388_A/meerkat/Shanghai/S,A/meerkat/Shanghai/SH-1/2012,0.164389,0.045265,-0.020475,-0.05527,Nonhuman Mammal,N1
1389_A/migratory_waterfow,A/migratory_waterfowl/Hubei/Chenhu1306/2014,0.152338,0.066574,-0.009963,-0.025415,Avian,N6
1390_A/migratory_waterfow,A/migratory_waterfowl/Hubei/Chenhu1347/2014,0.152338,0.066574,-0.009963,-0.025415,Avian,N6
1391_A/mink/China/181/201,A/mink/China/181/2019,0.166738,0.134149,-0.050437,0.085741,Nonhuman Mammal,N6
1392_A/mink/China/183/201,A/mink/China/183/2019,0.147411,0.133626,-0.037022,0.103772,Nonhuman Mammal,N6
1393_A/mink/China/191/201,A/mink/China/191/2019,0.144742,0.135724,-0.03934,0.097461,Nonhuman Mammal,N6
1394_A/mink/China/456/201,A/mink/China/456/2018,0.132971,0.131536,-0.052759,0.086056,Nonhuman Mammal,N6
1395_A/mink/China/G/2015|,A/mink/China/G/2015,0.145576,0.133667,-0.039742,-0.107361,Nonhuman Mammal,N1
1396_A/mink/China/XB/2015,A/mink/China/XB/2015,-0.337316,0.008102,-0.351315,-0.04456,Nonhuman Mammal,N1
1397_A/mink/Eastern_China,A/mink/Eastern_China/006/2018,-0.294943,0.037436,0.110252,0.039385,Nonhuman Mammal,N6
1398_A/mink/Eastern_China,A/mink/Eastern_China/149/2018,0.142995,0.153526,-0.034648,0.076638,Nonhuman Mammal,N6
1399_A/mink/Eastern_China,A/mink/Eastern_China/528/2018,-0.294943,0.037436,0.110252,0.039385,Nonhuman Mammal,N6
1400_A/mink/Eastern_China,A/mink/Eastern_China/571/2018,0.156193,0.139785,-0.047754,0.093585,Nonhuman Mammal,N6
1401_A/mink/Eastern_China,A/mink/Eastern_China/0712/2018,-0.13644,-0.079404,0.006448,0.057625,Nonhuman Mammal,N1
1402_A/mink/Northern_Chin,A/mink/Northern_China/110/2018,-0.293753,0.033001,0.109483,0.039087,Nonhuman Mammal,N6
1403_A/Muscovy_duck/China,A/Muscovy_duck/China/FJFZ21/H5N6/2020,0.156193,0.139785,-0.047754,0.093585,Avian,N6
1404_A/Muscovy_duck/China,A/Muscovy_duck/China/H5N6/2020,0.156193,0.139785,-0.047754,0.093585,Avian,N6
1405_A/muscovy/duck/Hunan,A/muscovy/duck/Hunan/85/2014,0.130176,0.118908,0.002762,-0.007053,Avian,N6
1406_A/muscovy/duck/Hunan,A/muscovy/duck/Hunan/88/2014,0.140023,0.122868,0.01007,-0.008876,Avian,N6
1407_A/muscovy/duck/Hunan,A/muscovy/duck/Hunan/89/2014,0.147385,0.122397,-0.002356,-0.011658,Avian,N6
1408_A/muscovy/duck/Hunan,A/muscovy/duck/Hunan/90/2014,0.140023,0.122868,0.01007,-0.008876,Avian,N6
1409_A/muscovy/duck/Hunan,A/muscovy/duck/Hunan/93/2014,0.140023,0.122868,0.01007,-0.008876,Avian,N6
1410_A/muscovy/duck/Hunan,A/muscovy/duck/Hunan/94/2014,0.178632,0.113606,0.003713,0.017544,Avian,N6
1411_A/muscovy/duck/Hunan,A/muscovy/duck/Hunan/101/2014,0.190756,0.098008,0.007575,0.025693,Avian,N6
1412_A/muscovy/duck/Hunan,A/muscovy/duck/Hunan/102/2014,0.190756,0.098008,0.007575,0.025693,Avian,N6
1413_A/muscovy/duck/Hunan,A/muscovy/duck/Hunan/103/2014,0.190756,0.098008,0.007575,0.025693,Avian,N6
1414_A/muscovy/duck/Hunan,A/muscovy/duck/Hunan/104/2014,0.189335,0.096027,0.013971,0.021431,Avian,N6
1415_A/muscovy/duck/Hunan,A/muscovy/duck/Hunan/125/2014,0.177417,0.09537,0.01671,-0.009048,Avian,N6
1416_A/muscovy/duck/Hunan,A/muscovy/duck/Hunan/147/2014,0.178705,0.089445,-0.010591,-0.036584,Avian,N6
1417_A/muscovy/duck/Hunan,A/muscovy/duck/Hunan/148/2014,0.178705,0.089445,-0.010591,-0.036584,Avian,N6
1418_A/muscovy/duck/Hunan,A/muscovy/duck/Hunan/167/2014,0.190756,0.098008,0.007575,0.025693,Avian,N6
1419_A/muscovy/duck/Hunan,A/muscovy/duck/Hunan/183/2014,0.16312,0.111941,-0.043863,-0.007343,Avian,N6
1420_A/muscovy/duck/Hunan,A/muscovy/duck/Hunan/216/2014,0.190756,0.098008,0.007575,0.025693,Avian,N6
1421_A/muscovy/duck/Hunan,A/muscovy/duck/Hunan/229/2014,0.190756,0.098008,0.007575,0.025693,Avian,N6
1422_A/muscovy/duck/Hunan,A/muscovy/duck/Hunan/232/2014,0.147357,0.118868,-0.003268,-0.011158,Avian,N6
1423_A/muscovy/duck/Hunan,A/muscovy/duck/Hunan/HN346/2015,0.133571,0.084526,0.034175,0.005475,Avian,N6
1424_A/muscovy/duck/Hunan,A/muscovy/duck/Hunan/HN347/2015,0.13016,0.085051,0.033829,0.003334,Avian,N6
1425_A/muscovy/duck/Hunan,A/muscovy/duck/Hunan/HN348/2015,0.133571,0.084526,0.034175,0.005475,Avian,N6
1426_A/muscovy/duck/Hunan,A/muscovy/duck/Hunan/HN349/2015,0.133571,0.084526,0.034175,0.005475,Avian,N6
1427_A/muscovy/duck/Hunan,A/muscovy/duck/Hunan/HN351/2015,0.133571,0.084526,0.034175,0.005475,Avian,N6
1428_A/muscovy/duck/Hunan,A/muscovy/duck/Hunan/HN352/2015,0.133571,0.084526,0.034175,0.005475,Avian,N6
1429_A/muscovy/duck/Hunan,A/muscovy/duck/Hunan/HN353/2015,0.133571,0.084526,0.034175,0.005475,Avian,N6
1430_A/muscovy/duck/Hunan,A/muscovy/duck/Hunan/HN354/2015,0.133571,0.084526,0.034175,0.005475,Avian,N6
1431_A/muscovy/duck/Hunan,A/muscovy/duck/Hunan/HN355/2015,0.138013,0.081084,0.035598,0.013968,Avian,N6
1432_A/muscovy/duck/Hunan,A/muscovy/duck/Hunan/HN356/2015,0.133571,0.084526,0.034175,0.005475,Avian,N6
1433_A/muscovy/duck/Hunan,A/muscovy/duck/Hunan/HN358/2015,0.133571,0.084526,0.034175,0.005475,Avian,N6
1434_A/muscovy/duck/Hunan,A/muscovy/duck/Hunan/HN359/2015,0.133571,0.084526,0.034175,0.005475,Avian,N6
1435_A/muscovy/duck/Hunan,A/muscovy/duck/Hunan/HN360/2015,0.133571,0.084526,0.034175,0.005475,Avian,N6
1436_A/muscovy/duck/Hunan,A/muscovy/duck/Hunan/HN364/2015,0.133571,0.084526,0.034175,0.005475,Avian,N6
1437_A/muscovy/duck/Hunan,A/muscovy/duck/Hunan/HN365/2015,0.133571,0.084526,0.034175,0.005475,Avian,N6
1438_A/muscovy/duck/Hunan,A/muscovy/duck/Hunan/HN366/2015,0.146575,0.121633,0.004114,0.02008,Avian,N6
1439_A/muscovy/duck/Hunan,A/muscovy/duck/Hunan/HN368/2015,0.133571,0.084526,0.034175,0.005475,Avian,N6
1440_A/mute_swan/Inner_Mo,A/mute_swan/Inner_Mongolia/w2-1/2020,-0.308601,0.09503,0.127208,0.035652,Avian,N8
1441_A/mute_swan/Shandong,A/mute_swan/Shandong/1/2021,-0.301934,0.101316,0.13481,0.029743,Avian,N8
1442_A/Nanjing/1/2015|EPI,A/Nanjing/1/2015,-0.313592,-0.016021,-0.414493,-0.007934,Human,N1
1443_A/Northern_Pintail/H,A/Northern_Pintail/HK/MP692/2016,0.164243,0.12068,-0.009945,0.016383,Avian,N6
1444_A/oriental_magpie_ro,A/oriental_magpie_robin/HK/6154/2015,-0.276276,0.030992,-0.365443,0.043307,Avian,N6
1445_A/ostrich/Suzhou/097,A/ostrich/Suzhou/097/2003,0.068309,-0.016117,0.061025,-0.126792,Avian,N1
1446_A/parrot/Guangdong/2,A/parrot/Guangdong/258/2004,-0.141696,-0.072331,-0.069863,0.064769,Avian,N2
1447_A/parrot/Guangdong/C,A/parrot/Guangdong/C99/2005,0.083591,-0.047822,0.071101,-0.107364,Avian,N1
1448_A/Pavo_cristatus/Chi,A/Pavo_cristatus/China/JS02/2018,0.159167,0.127571,-0.004708,0.009491,Avian,N6
1449_A/Pavo_cristatus/Chi,A/Pavo_cristatus/China/K10/2018,0.159167,0.127571,-0.004708,0.009491,Avian,N6
1450_A/Pavo_cristatus/Jia,A/Pavo_cristatus/Jiangxi/JA1/2016,0.156928,0.119321,-0.002936,0.021747,Avian,N6
1451_A/peacock/Yunnan/1/2,A/peacock/Yunnan/1/2015,-0.281633,0.004761,-0.390885,-0.002362,Avian,N1
1452_A/peacock/Yunnan/3/2,A/peacock/Yunnan/3/2015,-0.299244,0.008593,-0.398845,0.00232,Avian,N1
1453_A/Peregrine_Falcon/H,A/Peregrine_Falcon/Hong_Kong/AFCD-HKU-21-013-27/2021,-0.258692,0.085355,0.069077,0.036543,Avian,N8
1454_A/Phalacrocorax/Hube,A/Phalacrocorax/Hubei/01.09_V5/2015(H5N6),-0.296266,0.004969,-0.401627,0.000268,Avian,N6
1455_A/Phalacrocorax/Hube,A/Phalacrocorax/Hubei/01.09_V7/2015(H5N6),-0.296266,0.004969,-0.401627,0.000268,Avian,N6
1456_A/pheasant/Hebei/B02,A/pheasant/Hebei/B02/2021,-0.294821,0.106186,0.126159,0.034088,Avian,N8
1457_A/pigeon/Fujian/1.17,A/pigeon/Fujian/1.17_FZHX0104-O/2017,0.116524,0.027329,-0.031831,0.078386,Avian,N6
1458_A/pigeon/Guangdong/0,A/pigeon/Guangdong/04.15_SZBAXQ004/2015(H5N6),0.178264,0.110217,0.006129,0.014602,Avian,N6
1459_A/pigeon/Guangdong/0,A/pigeon/Guangdong/04.16_SZLGWL006/2015(H5N6),-0.271181,0.032515,-0.376984,0.042035,Avian,N6
1460_A/pigeon/Guangdong/0,A/pigeon/Guangdong/04.23_DGQTXC197-O/2015(H5N6),0.178264,0.110217,0.006129,0.014602,Avian,N6
1461_A/pigeon/Hainan/1.14,A/pigeon/Hainan/1.14_HKPL006-C/2018,0.13966,0.127649,-0.052097,0.093661,Avian,N6
1462_A/pigeon/Hubei/RP25/,A/pigeon/Hubei/RP25/2012,-0.281316,0.002104,-0.387432,0.043848,Avian,N1
1463_A/Pigeon/Hunan/04.14,A/Pigeon/Hunan/04.14_YYXS0912-O/2015(Mixed),0.13609,0.034561,0.032373,-0.05182,Avian,N6
1464_A/pigeon/Jiangsu/12.,A/pigeon/Jiangsu/12.22_TCCX053-P/2014(Mixed),0.169548,0.055842,-0.043793,-0.033379,Avian,N1
1465_A/Pigeon/Jiangxi/02.,A/Pigeon/Jiangxi/02.10__NCDZT0017-P/2015(H5N6),-0.271509,0.032587,-0.372751,0.041806,Avian,N6
1466_A/Pigeon/Jiangxi/04.,A/Pigeon/Jiangxi/04.01__NCDZT0352-O/2015(H5N6),-0.274295,0.032045,-0.373318,0.045518,Avian,N6
1467_A/pigeon/Jiangxi/S40,A/pigeon/Jiangxi/S40784/2021(H5N1),-0.313587,0.091066,0.117349,0.017536,Avian,N1
1468_A/pigeon/Jilin/04.25,A/pigeon/Jilin/04.25_CCHL018-O/2015(H5N6),0.153654,0.118942,-0.000944,0.0486,Avian,N6
1469_A/pigeon/Jilin/04.25,A/pigeon/Jilin/04.25_CCHL019-O/2015(H5N1),0.168201,0.057459,-0.039961,-0.035031,Avian,N1
1470_A/pigeon/Jilin/S4176,A/pigeon/Jilin/S4176/2019(H5N1),0.142294,0.032227,-0.046678,-0.065704,Avian,N1
1471_A/Pigeon/Shandong/WS,A/Pigeon/Shandong/WS17/2022,-0.306005,0.0868,0.100228,0.021171,Avian,N2
1472_A/pigeon/Sichuan/04.,A/pigeon/Sichuan/04.27_NBXJ743/2014(H5N6),0.155675,0.079523,0.004601,-0.024297,Avian,N6
1473_A/pigeon/Sichuan/NCX,A/pigeon/Sichuan/NCXN29/2014,0.14505,0.109066,0.005334,0.022446,Avian,N1
1474_A/pigeon/Zhejiang/11,A/pigeon/Zhejiang/112089/2014,0.184352,0.047935,-0.024262,-0.043177,Avian,N1
1475_A/pigeon/Zhejiang/11,A/pigeon/Zhejiang/112090/2014,0.183006,0.049552,-0.02043,-0.04483,Avian,N1
1476_A/pigeon/Zhejiang/72,A/pigeon/Zhejiang/727097/2014,0.193414,0.03233,-0.013127,-0.053206,Avian,N1
1477_A/plateau_pika/Qingh,A/plateau_pika/Qinghai/04/2007,-0.238355,0.034846,-0.166906,-0.077031,Nonhuman Mammal,N1
1478_A/Quail/Guangxi/GX-2,A/Quail/Guangxi/GX-2/2017__(H5N6),0.163969,0.099972,0.018906,0.033158,Avian,N6
1479_A/quail/Jiangsu/k010,A/quail/Jiangsu/k0104/2010,0.040719,-0.140461,0.007146,-0.087332,Avian,Others
1480_A/quail/Jiangxi/B9/2,A/quail/Jiangxi/B9/2015_(H5N6),-0.004964,-0.075923,-0.035951,-0.182588,Avian,N6
1481_A/quail/Nanchang/663,A/quail/Nanchang/6631/2013,0.143231,0.083196,-0.010913,-0.026752,Avian,N1
1482_A/Quail/Zhanjiang/16,A/Quail/Zhanjiang/16887/2016,0.167341,0.112468,-0.009989,0.03041,Avian,N6
1483_A/Quanzhou/2/2024|EP,A/Quanzhou/2/2024,-0.339718,0.085532,0.10516,0.00771,Human,N6
1484_A/Shandong/1/2009|EP,A/Shandong/1/2009,0.049042,-0.102003,0.066648,-0.082582,Human,N1
1485_A/Shenzhen/1/2015|EP,A/Shenzhen/1/2015,-0.271181,0.032515,-0.376984,0.042035,Human,N6
1486_A/Shenzhen/1/2016|EP,A/Shenzhen/1/2016,-0.272264,0.031777,-0.378314,0.037377,Human,N6
1487_A/Shenzhen/TH001/201,A/Shenzhen/TH001/2015_(H5N6),-0.271181,0.032515,-0.376984,0.042035,Human,N6
1488_A/Shenzhen/TH003/201,A/Shenzhen/TH003/2016(H5N6),-0.288099,0.044577,-0.392273,0.036719,Human,N6
1489_A/Shoveller/Ningxia/,A/Shoveller/Ningxia/488-53/2015,0.082898,0.127785,0.025929,0.028206,Avian,N6
1490_A/Sichuan/1/2006|EPI,A/Sichuan/1/2006,0.069991,-0.105433,0.077837,-0.083367,Human,N1
1491_A/Sichuan/2/2006|EPI,A/Sichuan/2/2006,0.069991,-0.105433,0.077837,-0.083367,Human,N1
1492_A/Sichuan/26221/2014,A/Sichuan/26221/2014,0.155675,0.079523,0.004601,-0.024297,Human,N6
1493_A/silkie_chicken/Don,A/silkie_chicken/Dongguan/2809/2013,0.162619,0.11679,0.003891,0.029789,Avian,N6
1494_A/Spatula_querquedul,A/Spatula_querquedula/Chongming/H5N1_1/2024,-0.39242,0.122574,0.175491,0.022837,Avian,N1
1495_A/Spoonbill/HK/17-18,A/Spoonbill/HK/17-18259/2017,-0.236179,0.008121,-0.002432,-0.012467,Avian,N6
1496_A/spoonbill/Taiwan/D,A/spoonbill/Taiwan/DB645/2017,-0.238259,0.004232,-0.00748,-0.010683,Avian,N6
1497_A/spot_billed_duck/N,A/spot_billed_duck/Ningxia/YG87/2017,-0.29974,-0.000446,0.049087,-0.024025,Avian,N6
1498_A/spot-billed_duck/N,A/spot-billed_duck/Ningxia/YG93/2017,-0.29974,-0.000446,0.049087,-0.024025,Avian,N6
1499_A/Streptopelia_decao,A/Streptopelia_decaocto/Jiangxi/E1/2015(H5N6),0.157969,0.119659,0.001065,0.021665,Avian,N6
1500_A/Streptopelia_decao,A/Streptopelia_decaocto/Jiangxi/G6/2016(H5N6),0.157969,0.119659,0.001065,0.021665,Avian,N6
1501_A/Streptopelia_decao,A/Streptopelia_decaocto/Jiangxi/J8/2015_(H5N6),0.161617,0.119337,-0.002439,0.021064,Avian,N6
1502_A/swan_goose/Jilin/J,A/swan_goose/Jilin/JL01/2014,0.16265,0.079076,-0.007171,-0.026932,Avian,N6
1503_A/swan/China/ST/2016,A/swan/China/ST/2016,-0.279845,0.066448,0.114969,0.018312,Avian,N8
1504_A/swan/Hebei/B01/202,A/swan/Hebei/B01/2021,-0.28769,0.100714,0.128961,0.036406,Avian,N8
1505_A/swan/Shandong/W376,A/swan/Shandong/W3762/2020,-0.268833,0.038577,0.050769,-0.024447,Avian,N8
1506_A/swine/China/RZ/201,A/swine/China/RZ/2018,0.149972,0.140151,-0.049305,0.092144,Nonhuman Mammal,N6
1507_A/swine/Guangdong/1/,A/swine/Guangdong/1/2014,0.132188,0.136911,-0.012823,0.008793,Nonhuman Mammal,N6
1508_A/swine/Guangdong/2/,A/swine/Guangdong/2/2014,0.146289,0.119204,-0.000045,-0.011556,Nonhuman Mammal,N6
1509_A/swine/Guangdong/G3,A/swine/Guangdong/G3/2015,0.134161,0.081565,0.029442,0.000961,Nonhuman Mammal,N6
1510_A/swine/Shandong/SD1,A/swine/Shandong/SD1/2014,0.080135,-0.049892,0.046663,-0.116404,Nonhuman Mammal,N1
1511_A/Syrrhaptes_paradox,A/Syrrhaptes_paradoxus/Guangdong/ZH283/2015,0.160593,0.121245,0.000088,0.017228,Avian,N6
1512_A/Taiwan/DV413/2006|,A/Taiwan/DV413/2006,-0.143217,0.024356,-0.019282,-0.080196,Avian,N2
1513_A/Taiwan/DV518/2006|,A/Taiwan/DV518/2006,-0.143217,0.024356,-0.019282,-0.080196,Avian,N2
1514_A/thrush/Taiwan/1512,A/thrush/Taiwan/15120021/2015,0.037418,-0.223158,0.032684,0.057518,Avian,N2
1515_A/tiger/Yunnan/tig14,A/tiger/Yunnan/tig1404/2014,0.147947,0.105898,-0.029893,-0.001923,Nonhuman Mammal,N1
1516_A/tiger/Yunnan/tig14,A/tiger/Yunnan/tig1412/2014,0.181736,0.096918,0.008488,-0.007288,Nonhuman Mammal,N1
1517_A/tiger/Yunnan/tig15,A/tiger/Yunnan/tig1508/2015,-0.270371,-0.018331,-0.37468,-0.009793,Nonhuman Mammal,N1
1518_A/tundra_swan/Fujian,A/tundra_swan/Fujian/SD121/2023(H5N1),-0.371845,0.131477,0.157869,-0.009398,Avian,N1
1519_A/tundra_swan/Hubei/,A/tundra_swan/Hubei/BQ3/2020,-0.308601,0.09503,0.127208,0.035652,Avian,N8
1520_A/tundra_swan/Hubei/,A/tundra_swan/Hubei/BQ4/2020,-0.298289,0.107532,0.130001,0.034135,Avian,N8
1521_A/tundra_swan/Hubei/,A/tundra_swan/Hubei/BQ6/2020,-0.298289,0.107532,0.130001,0.034135,Avian,N8
1522_A/tundra_swan/Hubei/,A/tundra_swan/Hubei/BQ7/2020,-0.290557,0.108808,0.131986,0.061894,Avian,N8
1523_A/tundra_swan/Hubei/,A/tundra_swan/Hubei/BQ8/2020,-0.298289,0.107532,0.130001,0.034135,Avian,N8
1524_A/tundra_swan/Hubei/,A/tundra_swan/Hubei/BQ9/2020,-0.298289,0.107532,0.130001,0.034135,Avian,N8
1525_A/turkey/Changhua/16,A/turkey/Changhua/16010011-1/2016,0.0554,-0.221994,0.024226,0.085105,Avian,N2
1526_A/turkey/Chiayi/1702,A/turkey/Chiayi/17020092-2/2017,0.013619,-0.19851,-0.002642,0.081643,Avian,N8
1527_A/turkey/Chiayi/1801,A/turkey/Chiayi/18010013-3/2018,0.08284,-0.258546,0.053351,0.04616,Avian,N2
1528_A/turkey/Yunlin/1506,A/turkey/Yunlin/15060049-1/2015,0.040532,-0.211362,0.044125,0.075371,Avian,N2
1529_A/turkey/Yunlin/1802,A/turkey/Yunlin/18020020-2/2018,0.078675,-0.253976,0.049518,0.041552,Avian,N2
1530_A/turkey/Yunlin/1811,A/turkey/Yunlin/18110001-3/2018,0.071241,-0.258348,0.056855,0.040181,Avian,N2
1531_A/turkey/Yunlin/1812,A/turkey/Yunlin/18120005-2/2018,0.060464,-0.255215,0.042663,0.050073,Avian,N2
1532_A/turtle_dove/Guangd,A/turtle_dove/Guangdong/300/2005,0.068894,-0.103769,0.077405,-0.0849,Avian,N1
1533_A/turtle_dove/Hunan/,A/turtle_dove/Hunan/S4004/2020(H5N1),-0.289527,0.004572,-0.399947,0.00183,Avian,N1
1534_A/Waterfowl/Hubei/Ch,A/Waterfowl/Hubei/Chenhu1306/2014_H5N6,0.152338,0.066574,-0.009963,-0.025415,Avian,N6
1535_A/Waterfowl/Hubei/Ch,A/Waterfowl/Hubei/Chenhu1347/2014_H5N6,0.152338,0.066574,-0.009963,-0.025415,Avian,N6
1536_A/whiskered_tern/Hub,A/whiskered_tern/Hubei/BQ10/2020,-0.298289,0.107532,0.130001,0.034135,Avian,N8
1537_A/white_naped_crane/,A/white_naped_crane/China/YA3/2018,0.159167,0.127571,-0.004708,0.009491,Avian,N6
1538_A/White-eyed_Pochard,A/White-eyed_Pochard/Ningxia/480-17/2015,0.091254,0.126782,0.023989,0.027595,Avian,N6
1539_A/whooper_swan/Henan,A/whooper_swan/Henan/8/2021,-0.40701,0.113386,0.171328,0.016175,Avian,N1
1540_A/whooper_swan/Henan,A/whooper_swan/Henan/14/2021,-0.40701,0.113386,0.171328,0.016175,Avian,N1
1541_A/whooper_swan/Henan,A/whooper_swan/Henan/44/2021,-0.40701,0.113386,0.171328,0.016175,Avian,N1
1542_A/whooper_swan/Henan,A/whooper_swan/Henan/45/2021,-0.40701,0.113386,0.171328,0.016175,Avian,N1
1543_A/whooper_swan/Henan,A/whooper_swan/Henan/46/2021,-0.40701,0.113386,0.171328,0.016175,Avian,N1
1544_A/whooper_swan/Henan,A/whooper_swan/Henan/424/2021,-0.40701,0.113386,0.171328,0.016175,Avian,N1
1545_A/whooper_swan/Henan,A/whooper_swan/Henan/SM1/2020,-0.285263,0.069617,0.129931,0.07994,Avian,N8
1546_A/whooper_swan/Henan,A/whooper_swan/Henan/SM16/2020,-0.298289,0.107532,0.130001,0.034135,Avian,N8
1547_A/whooper_swan/Henan,A/whooper_swan/Henan/SM31/2020,-0.298289,0.107532,0.130001,0.034135,Avian,N8
1548_A/whooper_swan/Henan,A/whooper_swan/Henan/SM61/2020,-0.298289,0.107532,0.130001,0.034135,Avian,N8
1549_A/whooper_swan/Henan,A/whooper_swan/Henan/SM76/2020,-0.290557,0.108808,0.131986,0.061894,Avian,N8
1550_A/whooper_swan/Henan,A/whooper_swan/Henan/SM86/2020,-0.27994,0.129827,0.112063,0.047145,Avian,N8
1551_A/whooper_swan/Henan,A/whooper_swan/Henan/SM111/2020,-0.290557,0.108808,0.131986,0.061894,Avian,N8
1552_A/whooper_swan/Henan,A/whooper_swan/Henan/SMQ5/2020,-0.285263,0.069617,0.129931,0.07994,Avian,N8
1553_A/whooper_swan/Henan,A/whooper_swan/Henan/SMQ7/2020,-0.285263,0.069617,0.129931,0.07994,Avian,N8
1554_A/whooper_swan/Henan,A/whooper_swan/Henan/SMQ9/2020,-0.298289,0.107532,0.130001,0.034135,Avian,N8
1555_A/whooper_swan/Henan,A/whooper_swan/Henan/SMQ10/2020,-0.298289,0.107532,0.130001,0.034135,Avian,N8
1556_A/whooper_swan/Henan,A/whooper_swan/Henan/SMX1/2015(H5N1),0.157038,0.054387,-0.02645,-0.039538,Avian,N1
1557_A/whooper_swan/Henan,A/whooper_swan/Henan/SMX3/2015(H5N1),0.157038,0.054387,-0.02645,-0.039538,Avian,N1
1558_A/whooper_swan/Henan,A/whooper_swan/Henan/SMX4/2015(H5N1),0.157038,0.054387,-0.02645,-0.039538,Avian,N1
1559_A/whooper_swan/Henan,A/whooper_swan/Henan/SMX9/2015(H5N1),0.157038,0.054387,-0.02645,-0.039538,Avian,N1
1560_A/whooper_swan/Henan,A/whooper_swan/Henan/T578/2019,-0.311046,0.010833,0.050494,-0.052493,Avian,N2
1561_A/whooper_swan/Henan,A/whooper_swan/Henan/T874/2018,-0.311046,0.010833,0.050494,-0.052493,Avian,N2
1562_A/whooper_swan/Henan,A/whooper_swan/Henan/T880/2018,-0.311046,0.010833,0.050494,-0.052493,Avian,N2
1563_A/whooper_swan/Henan,A/whooper_swan/Henan/T886/2018,-0.311046,0.010833,0.050494,-0.052493,Avian,N2
1564_A/whooper_swan/Henan,A/whooper_swan/Henan/T888/2018,-0.311046,0.010833,0.050494,-0.052493,Avian,N2
1565_A/whooper_swan/Henan,A/whooper_swan/Henan/Y120/2018,-0.312313,0.009384,0.047553,-0.054574,Avian,N2
1566_A/whooper_swan/Inner,A/whooper_swan/Inner_Mongolia/w1-1/2020,-0.308601,0.09503,0.127208,0.035652,Avian,N8
1567_A/Whooper_Swan/Sanme,A/Whooper_Swan/Sanmenxia/01/2016,-0.279845,0.066448,0.114969,0.018312,Avian,N8
1568_A/Whooper_swan/Sanme,A/Whooper_swan/Sanmenxia/G2/2020,-0.298289,0.107532,0.130001,0.034135,Avian,N8
1569_A/Whooper_swan/Sanme,A/Whooper_swan/Sanmenxia/G13/2020,-0.302127,0.108531,0.133032,0.036047,Avian,N8
1570_A/Whooper_swan/Sanme,A/Whooper_swan/Sanmenxia/G15/2020,-0.298289,0.107532,0.130001,0.034135,Avian,N8
1571_A/Whooper_swan/Sanme,A/Whooper_swan/Sanmenxia/G28/2020,-0.302127,0.108531,0.133032,0.036047,Avian,N8
1572_A/Whooper_swan/Sanme,A/Whooper_swan/Sanmenxia/H1/2020,-0.297233,0.10593,0.130416,0.035611,Avian,N8
1573_A/Whooper_swan/Sanme,A/Whooper_swan/Sanmenxia/H735/2020,-0.301031,0.111023,0.127642,0.044495,Avian,N8
1574_A/Whooper_swan/Sanme,A/Whooper_swan/Sanmenxia/H810/2020,-0.298289,0.107532,0.130001,0.034135,Avian,N8
1575_A/Whooper_swan/Sanme,A/Whooper_swan/Sanmenxia/Y10/2020,-0.298289,0.107532,0.130001,0.034135,Avian,N8
1576_A/Whooper_swan/Sanme,A/Whooper_swan/Sanmenxia/Y11/2020,-0.294452,0.106534,0.126969,0.032223,Avian,N8
1577_A/Whooper_swan/Sanme,A/Whooper_swan/Sanmenxia/Y12/2020,-0.296698,0.105621,0.125472,0.036088,Avian,N8
1578_A/Whooper_swan/Sanme,A/Whooper_swan/Sanmenxia/Y15/2020,-0.298289,0.107532,0.130001,0.034135,Avian,N8
1579_A/Whooper_swan/Sanme,A/Whooper_swan/Sanmenxia/Y18/2020,-0.298289,0.107532,0.130001,0.034135,Avian,N8
1580_A/Whooper_swan/Sanme,A/Whooper_swan/Sanmenxia/Y19/2020,-0.298289,0.107532,0.130001,0.034135,Avian,N8
1581_A/Whooper_swan/Sanme,A/Whooper_swan/Sanmenxia/Y20/2020,-0.298289,0.107532,0.130001,0.034135,Avian,N8
1582_A/Whooper_swan/Sanme,A/Whooper_swan/Sanmenxia/Y21/2020,-0.298289,0.107532,0.130001,0.034135,Avian,N8
1583_A/Whooper_swan/Sanme,A/Whooper_swan/Sanmenxia/Y23-2/2020,-0.298289,0.107532,0.130001,0.034135,Avian,N8
1584_A/Whooper_swan/Sanme,A/Whooper_swan/Sanmenxia/Y27/2020,-0.298289,0.107532,0.130001,0.034135,Avian,N8
1585_A/Whooper_swan/Sanme,A/Whooper_swan/Sanmenxia/Y36/2020,-0.298289,0.107532,0.130001,0.034135,Avian,N8
1586_A/Whooper_swan/Sanme,A/Whooper_swan/Sanmenxia/Y48A/2020,-0.306376,0.108009,0.127985,0.03226,Avian,N8
1587_A/Whooper_swan/Sanme,A/Whooper_swan/Sanmenxia/Y48B/2020,-0.298289,0.107532,0.130001,0.034135,Avian,N8
1588_A/Whooper_swan/Sanme,A/Whooper_swan/Sanmenxia/Y52/2020,-0.298289,0.107532,0.130001,0.034135,Avian,N8
1589_A/Whooper_swan/Sanme,A/Whooper_swan/Sanmenxia/Y56/2020,-0.295081,0.099056,0.132891,0.039975,Avian,N8
1590_A/Whooper_swan/Sanme,A/Whooper_swan/Sanmenxia/Y57/2020,-0.290557,0.108808,0.131986,0.061894,Avian,N8
1591_A/whooper_swan/Shaan,A/whooper_swan/Shaanxi/SXY2-1/2020,-0.298289,0.107532,0.130001,0.034135,Avian,N8
1592_A/whooper_swan/Shaan,A/whooper_swan/Shaanxi/SXY26/2020,-0.290557,0.108808,0.131986,0.061894,Avian,N8
1593_A/whooper_swan/Shaan,A/whooper_swan/Shaanxi/SXY66/2020,-0.290557,0.108808,0.131986,0.061894,Avian,N8
1594_A/whooper_swan/Shand,A/whooper_swan/Shandong/SC176/2021,-0.298898,0.056483,0.126513,0.053002,Avian,N8
1595_A/whooper_swan/Shand,A/whooper_swan/Shandong/SC185/2021,-0.298898,0.056483,0.126513,0.053002,Avian,N8
1596_A/whooper_swan/Shand,A/whooper_swan/Shandong/SC188/2021,-0.298898,0.056483,0.126513,0.053002,Avian,N8
1597_A/whooper_swan/Shand,A/whooper_swan/Shandong/SC195/2021,-0.258521,0.051079,0.053561,-0.025964,Avian,N8
1598_A/whooper_swan/Shand,A/whooper_swan/Shandong/SC198/2021,-0.312012,0.095555,0.126862,0.033511,Avian,N8
1599_A/whooper_swan/Shand,A/whooper_swan/Shandong/SC199/2021,-0.308601,0.09503,0.127208,0.035652,Avian,N8
1600_A/whooper_swan/Shand,A/whooper_swan/Shandong/SC200/2021,-0.30899,0.087669,0.129463,0.038941,Avian,N8
1601_A/whooper_swan/Shanx,A/whooper_swan/Shanxi/4-1/2020,-0.298289,0.107532,0.130001,0.034135,Avian,N8
1602_A/whooper_swan/Shanx,A/whooper_swan/Shanxi/4-2/2020,-0.298289,0.107532,0.130001,0.034135,Avian,N8
1603_A/whooper_swan/Shanx,A/whooper_swan/Shanxi/14/2021,-0.40701,0.113386,0.171328,0.016175,Avian,N1
1604_A/whooper_swan/Shanx,A/whooper_swan/Shanxi/20/2021,-0.40701,0.113386,0.171328,0.016175,Avian,N1
1605_A/whooper_swan/Shanx,A/whooper_swan/Shanxi/RC01/2016,-0.279845,0.066448,0.114969,0.018312,Avian,N8
1606_A/whooper_swan/Shanx,A/whooper_swan/Shanxi/SX16/2020,-0.298289,0.107532,0.130001,0.034135,Avian,N8
1607_A/whooper_swan/Shanx,A/whooper_swan/Shanxi/SX31/2020,-0.296582,0.106238,0.129138,0.036236,Avian,N8
1608_A/whooper_swan/Shanx,A/whooper_swan/Shanxi/SX56/2020,-0.298289,0.107532,0.130001,0.034135,Avian,N8
1609_A/whooper_swan/Shanx,A/whooper_swan/Shanxi/SX106/2020,-0.298289,0.107532,0.130001,0.034135,Avian,N8
1610_A/whooper_swan/Shanx,A/whooper_swan/Shanxi/SX116/2020,-0.302211,0.019906,0.047441,-0.004442,Avian,N2
1611_A/whooper_swan/Shanx,A/whooper_swan/Shanxi/SX166/2020,-0.298289,0.107532,0.130001,0.034135,Avian,N8
1612_A/whooper_swan/Shanx,A/whooper_swan/Shanxi/SX206/2020,-0.298289,0.107532,0.130001,0.034135,Avian,N8
1613_A/whooper_swan/Shanx,A/whooper_swan/Shanxi/SX216/2020,-0.298289,0.107532,0.130001,0.034135,Avian,N8
1614_A/whooper_swan/Shanx,A/whooper_swan/Shanxi/SX231/2020,-0.30148,0.106402,0.126724,0.034479,Avian,N8
1615_A/whooper_swan/Shanx,A/whooper_swan/Shanxi/SX251/2020,-0.298289,0.107532,0.130001,0.034135,Avian,N8
1616_A/whooper_swan/Shanx,A/whooper_swan/Shanxi/SX276/2020,-0.298289,0.107532,0.130001,0.034135,Avian,N8
1617_A/whooper_swan/Shanx,A/whooper_swan/Shanxi/SX291/2020,-0.298289,0.107532,0.130001,0.034135,Avian,N8
1618_A/whooper_swan/Shanx,A/whooper_swan/Shanxi/SX346/2020,-0.298289,0.107532,0.130001,0.034135,Avian,N8
1619_A/Wigeon/Ningxia/476,A/Wigeon/Ningxia/476-12/2015,0.091254,0.126782,0.023989,0.027595,Avian,N6
1620_A/wild_bird/Eastern_,A/wild_bird/Eastern_China/1754/2017,-0.274624,-0.009173,0.073807,-0.037204,Avian,Others
1621_A/wild_bird/Eastern_,A/wild_bird/Eastern_China/1758/2017,-0.27894,-0.007922,0.068842,-0.045731,Avian,Others
1622_A/wild_bird/Eastern_,A/wild_bird/Eastern_China/1759/2017,-0.280366,-0.009552,0.065533,-0.048072,Avian,Others
1623_A/wild_bird/Hubei/12,A/wild_bird/Hubei/12.12_LGHF2W44/2016(H5N8),-0.28353,0.053522,0.100993,0.017325,Avian,N8
1624_A/wild_bird/Hunan/01,A/wild_bird/Hunan/01.14_YYDTHF2-20-2/2016(H5N6),0.153311,0.123231,-0.00917,0.022004,Avian,N6
1625_A/wild_bird/Hunan/01,A/wild_bird/Hunan/01.14_YYDTHF2-25-2/2016(H5N6),0.017116,0.067262,-0.208696,-0.151026,Avian,N6
1626_A/wild_bird/Hunan/02,A/wild_bird/Hunan/02.24_YYDTHF2-114-2/2016(H5N6),0.131626,0.1175,-0.028563,-0.076558,Avian,N6
1627_A/wild_bird/Hunan/02,A/wild_bird/Hunan/02.24_YYDTHF3-112/2016(H5N6),0.131626,0.1175,-0.028563,-0.076558,Avian,N6
1628_A/wild_bird/Hunan/03,A/wild_bird/Hunan/03.08_DTHF2E3-2/2018(H5N6),0.131626,0.1175,-0.028563,-0.076558,Avian,N6
1629_A/wild_bird/Taipei/0,A/wild_bird/Taipei/04WB12-522-11-15/2004,-0.354537,-0.053277,-0.014289,-0.070269,Avian,N6
1630_A/wild_bird/Zhejiang,A/wild_bird/Zhejiang/NBXS-1/2024,-0.33949,0.099879,0.121157,0.012385,Avian,N6
1631_A/wild_duck/Fujian/1,A/wild_duck/Fujian/1/2011,0.182018,0.091861,-0.005059,-0.07565,Avian,N1
1632_A/wild_duck/Fujian/2,A/wild_duck/Fujian/2/2011,0.182018,0.091861,-0.005059,-0.07565,Avian,N1
1633_A/wild_duck/Hebei/SD,A/wild_duck/Hebei/SD012/2021(H5N1),-0.388589,0.133362,0.150972,-0.014816,Avian,N1
1634_A/wild_duck/Hunan/12,A/wild_duck/Hunan/12.28_DTHD76-1/2016(H5N7),-0.276216,0.006306,0.060248,-0.010301,Avian,Others
1635_A/wild_duck/Jiangsu/,A/wild_duck/Jiangsu/SD019/2021,-0.285043,0.100457,0.147476,0.025368,Avian,N8
1636_A/wild_duck/Jilin/HF,A/wild_duck/Jilin/HF/2011,-0.000383,-0.04994,0.009319,0.048616,Avian,N1
1637_A/wild_duck/Jilin/ZF,A/wild_duck/Jilin/ZF/2011,0.056234,-0.02832,0.0454,-0.024935,Avian,N1
1638_A/wild_duck/Shandong,A/wild_duck/Shandong/1/2011,-0.00925,-0.051489,-0.097975,-0.133883,Avian,N1
1639_A/wild_duck/Shandong,A/wild_duck/Shandong/2/2011,0.048472,-0.03795,0.033203,0.038592,Avian,N1
1640_A/wild_duck/Shandong,A/wild_duck/Shandong/628/2011,-0.047678,-0.198921,0.022816,-0.084676,Avian,N1
1641_A/wild_duck/Shandong,A/wild_duck/Shandong/SC177/2021,-0.298898,0.056483,0.126513,0.053002,Avian,N8
1642_A/wild_goose/Shandon,A/wild_goose/Shandong/SC196/2021,-0.308601,0.09503,0.127208,0.035652,Avian,N8
1643_A/wild_pigeon/Jilin/,A/wild_pigeon/Jilin/CC01/2014,0.125974,0.091248,-0.008902,0.028928,Avian,N6
1644_A/wildfowl/China/472,A/wildfowl/China/472/2014,-0.166058,-0.051271,-0.091288,-0.074076,Avian,N2
1645_A/Xinjiang/1/2006|EP,A/Xinjiang/1/2006,0.061008,-0.061456,0.044293,-0.017173,Human,N1
1646_A/Xinjiang/1/2009|EP,A/Xinjiang/1/2009,0.114352,-0.055951,0.050219,-0.065529,Human,N1
1647_A/Yunnan/14563/2015|,A/Yunnan/14563/2015,-0.223886,-0.020719,-0.362359,0.041095,Human,N6
1648_A/Yunnan/DQ002/2015(,A/Yunnan/DQ002/2015(H5N6),-0.217147,-0.021116,-0.360679,0.042657,Human,N6
1649_A/Zhejiang/1/2006|EP,A/Zhejiang/1/2006,0.068894,-0.103769,0.077405,-0.0849,Human,N1
1650_A/Anas_platyrhynchos,A/Anas_platyrhynchos/jiujiang/H5N1/2024_H5N1,-0.39242,0.122574,0.175491,0.022837,Avian,N1
1651_A/Anas_crecca/Hubei/,A/Anas_crecca/Hubei/Chenhu1623-5/2014_H5N6,0.13472,0.084785,-0.036526,-0.00761,Avian,N6
1652_A/Anhui/1/2006_H5N1|,A/Anhui/1/2006_H5N1,0.111582,-0.091257,-0.014441,-0.071328,Human,N1
1653_A/Anhui/1/2007_H5N1|,A/Anhui/1/2007_H5N1,0.11166,-0.081499,0.012092,-0.031846,Human,N1
1654_A/Anhui/2/2005_H5N1|,A/Anhui/2/2005_H5N1,0.068894,-0.103769,0.077405,-0.0849,Human,N1
1655_A/Anser_cygnoides/Ch,A/Anser_cygnoides/China/P126/2015_H5N1,0.147581,0.113218,-0.000425,0.018212,Avian,N1
1656_A/Anser_cygnoides/Hu,A/Anser_cygnoides/Hubei/FW44/2016_H5N8,-0.296451,0.035111,0.082382,0.010069,Avian,N8
1657_A/Anser_fabalis/jiuj,A/Anser_fabalis/jiujiang/H5N1/2024_H5N1,-0.39242,0.122574,0.175491,0.022837,Avian,N1
1658_A/Anser_fabalis/jiuj,A/Anser_fabalis/jiujiang/H5N1/2024_H5N1,-0.39242,0.122574,0.175491,0.022837,Avian,N1
1659_A/Anser_fabalis/jiuj,A/Anser_fabalis/jiujiang/H5N1/2024_H5N1,-0.39242,0.122574,0.175491,0.022837,Avian,N1
1660_A/Bulbul/Taiwan/0115,A/Bulbul/Taiwan/01156/2015_H5N3,0.045337,-0.2254,0.028401,0.049818,Avian,Others
1661_A/Changsha/1/2014_H5,A/Changsha/1/2014_H5N6,0.144619,0.108128,-0.000618,0.020987,Human,N6
1662_A/China/Original/201,A/China/Original/2018_H5N6,0.113841,0.147216,-0.074614,0.10804,Human,N6
1663_A/Chlidonias_hybrida,A/Chlidonias_hybrida/Hubei/55/2020_H5N8,-0.298289,0.107532,0.130001,0.034135,Avian,N8
1664_A/Commom_Teal/Ningxi,A/Commom_Teal/Ningxia/474-9/2015_H5N6,0.085034,0.127149,0.022438,0.026153,Avian,N6
1665_A/Copsychus_saularis,A/Copsychus_saularis/Guangdong/SW8/2014_H5N6,0.143476,0.108232,0.013359,0.02521,Avian,N6
1666_A/Cygnus_atratus/Hub,A/Cygnus_atratus/Hubei/2Z2-O/2016_H5N8,-0.262934,0.059694,0.065232,-0.040469,Avian,N8
1667_A/Cygnus_atratus/Hub,A/Cygnus_atratus/Hubei/HF-1/2016_H5N8,-0.285339,0.043718,0.088018,0.011557,Avian,N8
1668_A/Cygnus_columbianus,A/Cygnus_columbianus/Hubei/116/2020_H5N8,-0.298289,0.107532,0.130001,0.034135,Avian,N8
1669_A/Cygnus_columbianus,A/Cygnus_columbianus/Hubei/49/2020_H5N8,-0.298289,0.107532,0.130001,0.034135,Avian,N8
1670_A/Cygnus_columbianus,A/Cygnus_columbianus/Hubei/50/2020_H5N8,-0.308601,0.09503,0.127208,0.035652,Avian,N8
1671_A/Cygnus_columbianus,A/Cygnus_columbianus/Hubei/51/2020_H5N8,-0.298289,0.107532,0.130001,0.034135,Avian,N8
1672_A/Cygnus_columbianus,A/Cygnus_columbianus/Hubei/52/2020_H5N8,-0.290557,0.108808,0.131986,0.061894,Avian,N8
1673_A/Cygnus_columbianus,A/Cygnus_columbianus/Hubei/53/2020_H5N8,-0.298289,0.107532,0.130001,0.034135,Avian,N8
1674_A/Cygnus_columbianus,A/Cygnus_columbianus/Hubei/56/2020_H5N8,-0.298289,0.107532,0.130001,0.034135,Avian,N8
1675_A/Duck/Dongting/D76-,A/Duck/Dongting/D76-1/2016_H5N7,-0.280836,0.009886,0.058768,-0.019135,Avian,Others
1676_A/Duck/Jiangxi/631/2,A/Duck/Jiangxi/631/2024_H5N1,-0.383715,0.082859,0.173781,0.043024,Avian,N1
1677_A/Falcated_Duck/Ning,A/Falcated_Duck/Ningxia/484-29/2015_H5N6,0.091254,0.126782,0.023989,0.027595,Avian,N6
1678_A/Ferruginous_Pochar,A/Ferruginous_Pochard/Ningxia/480-17/2015_H5N6,0.091254,0.126782,0.023989,0.027595,Avian,N6
1679_A/Gadwall/Ningxia/47,A/Gadwall/Ningxia/472-7/2015_H5N6,0.091254,0.126782,0.023989,0.027595,Avian,N6
1680_A/Gallinula_chloropu,A/Gallinula_chloropus/Guangdong/GZ174/2014_H5N6,0.10811,0.056819,-0.048636,0.001498,Avian,N6
1681_A/Guangdong/1/2008_H,A/Guangdong/1/2008_H5N1,0.119197,-0.082333,0.020457,-0.038444,Human,N1
1682_A/Guangdong/2/2006_H,A/Guangdong/2/2006_H5N1,0.146232,-0.047845,-0.009183,-0.017447,Human,N1
1683_A/Guangdong/lgf/2021,A/Guangdong/lgf/2021_H5N6,-0.296698,0.105621,0.125472,0.036088,Human,N6
1684_A/Guangxi/1/2005_H5N,A/Guangxi/1/2005_H5N1,0.095873,-0.088356,0.088197,-0.083958,Human,N1
1685_A/Guangxi/1/2008_H5N,A/Guangxi/1/2008_H5N1,0.078238,-0.075202,-0.000721,-0.024903,Human,N1
1686_A/Guangzhou/39715/20,A/Guangzhou/39715/2014_H5N6,0.15493,0.12063,0.002174,0.019469,Human,N6
1687_A/Guizhou/1/2009_H5N,A/Guizhou/1/2009_H5N1,0.093171,-0.07339,0.041585,-0.033578,Human,N1
1688_A/Hunan/1/2008_H5N1|,A/Hunan/1/2008_H5N1,0.096344,-0.073747,0.000402,-0.029484,Human,N1
1689_A/Hunan/2/2009_H5N1|,A/Hunan/2/2009_H5N1,0.090224,-0.078899,0.034434,-0.031051,Human,N1
1690_A/Japanese_white-eye,A/Japanese_white-eye/Taoyuan/Q454/2012_H5N1,0.176473,0.043437,-0.023897,-0.041072,Avian,N1
1691_A/Nanjing/1/2015_H5N,A/Nanjing/1/2015_H5N1,-0.313592,-0.016021,-0.414493,-0.007934,Human,N1
1692_A/Northern_Shoveler/,A/Northern_Shoveler/Ningxia/488-53/2015_H5N6,0.082898,0.127785,0.025929,0.028206,Avian,N6
1693_A/Pavo_cristatus/Chi,A/Pavo_cristatus/China/JS02/2018_H5N6,0.159167,0.127571,-0.004708,0.009491,Avian,N6
1694_A/Pavo_cristatus/Chi,A/Pavo_cristatus/China/K10/2018_H5N6,0.159167,0.127571,-0.004708,0.009491,Avian,N6
1695_A/Pavo_cristatus/Jia,A/Pavo_cristatus/Jiangxi/JA1/2016_H5N6,0.156928,0.119321,-0.002936,0.021747,Avian,N6
1696_A/Rattus_norvegicus/,A/Rattus_norvegicus/China/FS21/2021_H5N6,0.149972,0.140151,-0.049305,0.092144,Nonhuman Mammal,N6
1697_A/Shandong/1/2009_H5,A/Shandong/1/2009_H5N1,0.092281,-0.083493,0.003637,-0.033704,Human,N1
1698_A/Spatula_querquedul,A/Spatula_querquedula/chongming/H5N1/2024_H5N1,-0.39242,0.122574,0.175491,0.022837,Avian,N1
1699_A/Syrrhaptes_paradox,A/Syrrhaptes_paradoxus/Guangdong/ZH283/2015_H5N6,0.160593,0.121245,0.000088,0.017228,Avian,N6
1700_A/Taiwan/DV413/2006_,A/Taiwan/DV413/2006_H5N2,-0.143217,0.024356,-0.019282,-0.080196,Avian,N2
1701_A/Taiwan/DV518/2006_,A/Taiwan/DV518/2006_H5N2,-0.143217,0.024356,-0.019282,-0.080196,Avian,N2
1702_A/Whooper_Swan/Sanme,A/Whooper_Swan/Sanmenxia/01/2016_H5N8,-0.279845,0.066448,0.114969,0.018312,Avian,N8
1703_A/Wild_bird/Huadong/,A/Wild_bird/Huadong/CIXI20/2020_H5N8,-0.298289,0.107532,0.130001,0.034135,Avian,N8
1704_A/Wild_bird/Huadong/,A/Wild_bird/Huadong/CM120/2017_H5N1,-0.290265,-0.039447,-0.403956,0.020721,Avian,N1
1705_A/Wild_bird/Huadong/,A/Wild_bird/Huadong/DF10/2019_H5N6,0.139974,0.133527,-0.074823,0.034533,Avian,N6
1706_A/Wild_bird/Huadong/,A/Wild_bird/Huadong/DT10/2019_H5N1,0.151464,0.049115,-0.044146,-0.071081,Avian,N1
1707_A/Wild_bird/Huadong/,A/Wild_bird/Huadong/GY116/2019_H5N6,0.139974,0.133527,-0.074823,0.034533,Avian,N6
1708_A/Wild_bird/Huadong/,A/Wild_bird/Huadong/GY183/2017_H5N6,0.14852,0.122917,0.014495,0.019472,Avian,N6
1709_A/Wild_bird/Huadong/,A/Wild_bird/Huadong/GY999/2017_H5N6,0.118989,0.107264,-0.011371,0.013101,Avian,N6
1710_A/Wild_bird/Huadong/,A/Wild_bird/Huadong/JYWB4/2013_H5N1,0.16963,0.040951,-0.025858,-0.031734,Avian,N1
1711_A/Wild_bird/Huadong/,A/Wild_bird/Huadong/QP10/2016_H5N6,0.103786,0.136687,-0.00308,0.023005,Avian,N6
1712_A/Wild_bird/Huadong/,A/Wild_bird/Huadong/SH17/2019_H5N6,0.139974,0.133527,-0.074823,0.034533,Avian,N6
1713_A/Wild_bird/Huadong/,A/Wild_bird/Huadong/SSW7/2017_H5N6,0.15586,0.119658,0.000288,0.02135,Avian,N6
1714_A/Wild_bird/Huadong/,A/Wild_bird/Huadong/SZ1111/2016_H5N6,0.103786,0.136687,-0.00308,0.023005,Avian,N6
1715_A/Wild_bird/Huadong/,A/Wild_bird/Huadong/YC148/2019_H5N6,0.15586,0.119658,0.000288,0.02135,Avian,N6
1716_A/Wild_bird/Huadong/,A/Wild_bird/Huadong/YX68/2019_H5N6,0.139974,0.133527,-0.074823,0.034533,Avian,N6
1717_A/Xinjiang/1/2009_H5,A/Xinjiang/1/2009_H5N1,0.146232,-0.047845,-0.009183,-0.017447,Human,N1
1718_A/Yangzhou/125/2022_,A/Yangzhou/125/2022_H5N6,-0.315392,0.107778,0.116249,0.039757,Human,N6
1719_A/avian/Hong_Kong/07,A/avian/Hong_Kong/0719/2007_H5N1,0.116013,-0.04373,0.043843,-0.058872,Avian,N1
1720_A/avian/Hong_Kong/19,A/avian/Hong_Kong/1993/2007_H5N1,0.116013,-0.04373,0.043843,-0.058872,Avian,N1
1721_A/avian/Hong_Kong/23,A/avian/Hong_Kong/2372/2007_H5N1,0.116013,-0.04373,0.043843,-0.058872,Avian,N1
1722_A/baikal_teal/Xiangh,A/baikal_teal/Xianghai/426/2011_H5N2,-0.243019,-0.036187,-0.067792,-0.083771,Avian,N2
1723_A/bar-headed_goose/Q,A/bar-headed_goose/Qinghai/1-HVRI/2006_H5N1,0.061004,-0.027151,0.073736,-0.035307,Avian,N1
1724_A/bar-headed_goose/T,A/bar-headed_goose/Tibet/8/2006_H5N1,0.086012,-0.037101,0.072216,-0.032508,Avian,N1
1725_A/black_chicken/Jian,A/black_chicken/Jiangxi/10129/2014_H5N6,0.16265,0.079076,-0.007171,-0.026932,Avian,N6
1726_A/brown-headed_gull/,A/brown-headed_gull/Qinghai/19/2009_H5N1,0.10046,-0.007251,0.083484,-0.031417,Avian,N1
1727_A/brown-headed_gull/,A/brown-headed_gull/Qinghai/9/2009_H5N1,0.059451,-0.019971,0.049372,0.030897,Avian,N1
1728_A/canvasback/Xiangha,A/canvasback/Xianghai/428/2011_H5N2,-0.254061,-0.049797,-0.100337,-0.048193,Avian,N2
1729_A/cat/Sichuan/SC18/2,A/cat/Sichuan/SC18/2014_H5N6,0.155675,0.079523,0.004601,-0.024297,Nonhuman Mammal,N6
1730_A/cat/Zhejiang/C1/20,A/cat/Zhejiang/C1/2016_H5N6,-0.294978,-0.003139,-0.422993,0.013875,Nonhuman Mammal,N6
1731_A/cat/Zhejiang/C2/20,A/cat/Zhejiang/C2/2016_H5N6,-0.328575,-0.023408,-0.443571,0.017637,Nonhuman Mammal,N6
1732_A/chicken/Anhui/MZ33,A/chicken/Anhui/MZ33/2016_H5N6,-0.268181,0.032022,-0.384458,0.045669,Avian,N6
1733_A/chicken/Anhui/MZ34,A/chicken/Anhui/MZ34/2016_H5N6,-0.268181,0.032022,-0.384458,0.045669,Avian,N6
1734_A/chicken/Beijing/BJ,A/chicken/Beijing/BJ7/2014_H5N2,-0.004958,-0.0539,-0.122259,-0.137101,Avian,N2
1735_A/chicken/CH/a556/20,A/chicken/CH/a556/2015_H5N2,-0.105482,-0.105785,-0.001848,-0.028808,Avian,N2
1736_A/chicken/Changhua/1,A/chicken/Changhua/15010120-1/2015_H5N2,0.050036,-0.219044,0.021882,0.055339,Avian,N2
1737_A/chicken/Changhua/1,A/chicken/Changhua/15010288/2015_H5N2,0.046759,-0.22342,0.022006,0.05408,Avian,N2
1738_A/chicken/Changhua/1,A/chicken/Changhua/15010324-2/2015_H5N2,0.046759,-0.22342,0.022006,0.05408,Avian,N2
1739_A/chicken/Changhua/1,A/chicken/Changhua/15010361-1/2015_H5N2,0.046731,-0.22695,0.021094,0.05458,Avian,N2
1740_A/chicken/Changhua/1,A/chicken/Changhua/15010362-2/2015_H5N2,0.046731,-0.22695,0.021094,0.05458,Avian,N2
1741_A/chicken/Changhua/1,A/chicken/Changhua/15010363-2/2015_H5N2,0.046731,-0.22695,0.021094,0.05458,Avian,N2
1742_A/chicken/Changhua/1,A/chicken/Changhua/15040036-1/2015_H5N8,0.039186,-0.225182,0.016564,0.023452,Avian,N8
1743_A/chicken/Changhua/1,A/chicken/Changhua/15040037-2/2015_H5N8,0.038117,-0.224846,0.019787,0.023055,Avian,N8
1744_A/chicken/Changhua/1,A/chicken/Changhua/15040042/2015_H5N8,0.038117,-0.224846,0.019787,0.023055,Avian,N8
1745_A/chicken/Changhua/1,A/chicken/Changhua/15040043-1/2015_H5N8,0.038117,-0.224846,0.019787,0.023055,Avian,N8
1746_A/chicken/Changhua/1,A/chicken/Changhua/15050013-1/2015_H5N2,0.042602,-0.264755,0.017154,0.040634,Avian,N2
1747_A/chicken/Changhua/1,A/chicken/Changhua/15050038-1/2015_H5N8,0.052048,-0.265885,0.018522,0.072049,Avian,N8
1748_A/chicken/Changhua/1,A/chicken/Changhua/15060027-2/2015_H5N2,0.042602,-0.264755,0.017154,0.040634,Avian,N2
1749_A/chicken/Changhua/1,A/chicken/Changhua/15060029/2015_H5N8,0.052048,-0.265885,0.018522,0.072049,Avian,N8
1750_A/chicken/Changhua/1,A/chicken/Changhua/15060037-1/2015_H5N2,0.04118,-0.266735,0.023549,0.036372,Avian,N2
1751_A/chicken/Changhua/1,A/chicken/Changhua/15120008/2015_H5N2,0.034409,-0.247109,0.003645,0.050177,Avian,N2
1752_A/chicken/Changhua/1,A/chicken/Changhua/16010060-2/2016_H5N2,0.080294,-0.239363,0.043592,0.054211,Avian,N2
1753_A/chicken/Changhua/1,A/chicken/Changhua/17060006/2017_H5N2,0.082324,-0.239297,0.045326,0.057004,Avian,N2
1754_A/chicken/Changhua/1,A/chicken/Changhua/18040008-1/2018_H5N2,0.074665,-0.258522,0.050277,0.043251,Avian,N2
1755_A/chicken/Chiayi/150,A/chicken/Chiayi/15010287-2/2015_H5N2,0.046759,-0.22342,0.022006,0.05408,Avian,N2
1756_A/chicken/Chiayi/150,A/chicken/Chiayi/15010409-2/2015_H5N2,0.046731,-0.22695,0.021094,0.05458,Avian,N2
1757_A/chicken/Chiayi/150,A/chicken/Chiayi/15010454-1/2015_H5N8,0.046759,-0.22342,0.022006,0.05408,Avian,N8
1758_A/chicken/Chiayi/170,A/chicken/Chiayi/17040009-2/2017_H5N2,0.093084,-0.233874,0.050202,0.033455,Avian,N2
1759_A/chicken/Chiayi/181,A/chicken/Chiayi/18120003-1/2018_H5N2,0.060464,-0.255215,0.042663,0.050073,Avian,N2
1760_A/chicken/China/007/,A/chicken/China/007/2019_H5N6,0.164975,0.134262,-0.076075,0.035502,Avian,N6
1761_A/chicken/China/1101,A/chicken/China/1101/2019_H5N6,0.071948,0.129665,-0.103572,0.082153,Avian,N6
1762_A/chicken/China/Cang,A/chicken/China/Cangzhou03/2023_H5N1,-0.396698,0.125889,0.174121,0.014658,Avian,N1
1763_A/chicken/China/E93/,A/chicken/China/E93/2012_H5N1,-0.027454,-0.072245,-0.113277,-0.140235,Avian,N1
1764_A/chicken/China/E96/,A/chicken/China/E96/2012_H5N1,-0.024234,-0.073719,-0.116054,-0.140237,Avian,N1
1765_A/chicken/Chiping/03,A/chicken/Chiping/0321/2014_H5N2,-0.008778,-0.051189,-0.110671,-0.125428,Avian,N2
1766_A/chicken/Dongguan/2,A/chicken/Dongguan/2690/2013_H5N6,0.15493,0.12063,0.002174,0.019469,Avian,N6
1767_A/chicken/Dongguan/3,A/chicken/Dongguan/3363/2013_H5N6,0.155999,0.120293,-0.001049,0.019867,Avian,N6
1768_A/chicken/Dongguan/4,A/chicken/Dongguan/4259/2013_H5N6,0.174506,0.114787,0.002247,0.012368,Avian,N6
1769_A/chicken/Eastern_Ch,A/chicken/Eastern_China/HF9/2018_H5N2,-0.268363,-0.008747,-0.392917,0.047063,Avian,N2
1770_A/chicken/Eastern_Ch,A/chicken/Eastern_China/QY5/2018_H5N2,-0.268363,-0.008747,-0.392917,0.047063,Avian,N2
1771_A/chicken/Eastern_Ch,A/chicken/Eastern_China/ZG16/2010_H5N1,-0.275109,-0.087257,-0.342302,0.044803,Avian,N1
1772_A/chicken/Eastern_Ch,A/chicken/Eastern_China/ZG56/2011_H5N1,-0.294287,-0.105994,-0.368069,0.04996,Avian,N1
1773_A/chicken/Fujian/1/2,A/chicken/Fujian/1/2007_H5N1,0.063745,-0.114512,0.047577,-0.089138,Avian,N1
1774_A/chicken/Fujian/11.,A/chicken/Fujian/11.23_FZHX0007-O/2017_H5N6,-0.102553,0.086242,-0.313757,-0.018038,Avian,N6
1775_A/chicken/GY/a451/20,A/chicken/GY/a451/2015_H5N2,-0.161261,-0.108547,-0.060101,0.013577,Avian,N2
1776_A/chicken/Gansu/5/20,A/chicken/Gansu/5/2012_H5N1,-0.132274,-0.119675,-0.072449,0.028141,Avian,N1
1777_A/chicken/Gansu/6/20,A/chicken/Gansu/6/2012_H5N1,-0.024234,-0.073719,-0.116054,-0.140237,Avian,N1
1778_A/chicken/Ganzhou/GZ,A/chicken/Ganzhou/GZ27/2015_H5N6,0.158206,0.119862,-0.002785,0.018923,Avian,N6
1779_A/chicken/Guangdong/,A/chicken/Guangdong/1/2005_H5N1,0.106088,-0.040547,0.080131,-0.041869,Avian,N1
1780_A/chicken/Guangdong/,A/chicken/Guangdong/GD1602/2016_H5N6,0.05409,-0.095861,0.057874,-0.075101,Avian,N6
1781_A/chicken/Guangxi/16,A/chicken/Guangxi/16/2019_H5N6,0.151742,0.047834,-0.044754,-0.069826,Avian,N6
1782_A/chicken/Guangxi/S2,A/chicken/Guangxi/S2039/2009_H5N1,0.152337,0.086557,-0.006051,-0.09571,Avian,N1
1783_A/chicken/Guizhou/7/,A/chicken/Guizhou/7/2008_H5N1,0.07053,-0.084107,0.06726,-0.082875,Avian,N1
1784_A/chicken/Hebei/1102,A/chicken/Hebei/1102-MA/2010_H5N2,-0.288959,0.008588,-0.3967,0.011157,Avian,N2
1785_A/chicken/Hebei/1102,A/chicken/Hebei/1102/2010_H5N2,-0.288959,0.008588,-0.3967,0.011157,Avian,N2
1786_A/chicken/Hebei/3/20,A/chicken/Hebei/3/2013_H5N2,-0.025337,-0.064322,-0.104896,-0.135648,Avian,N2
1787_A/chicken/Hebei/A-8/,A/chicken/Hebei/A-8/2009_H5N1,-0.076463,-0.024329,0.026217,-0.097516,Avian,N1
1788_A/chicken/Heilongjia,A/chicken/Heilongjiang/S7/2014_H5N2,0.144027,0.118272,-0.00555,0.019816,Avian,N2
1789_A/chicken/Henan/A-7/,A/chicken/Henan/A-7/2006_H5N1,-0.028263,-0.018969,0.024206,-0.106475,Avian,N1
1790_A/chicken/Henan/Q7/2,A/chicken/Henan/Q7/2013_H5N2,-0.011934,-0.053454,-0.110487,-0.134466,Avian,N2
1791_A/chicken/Henan/YB05,A/chicken/Henan/YB0597/2016_H5N6,-0.272306,0.035218,-0.38578,0.037783,Avian,N6
1792_A/chicken/Hsinchu/16,A/chicken/Hsinchu/16080004-2/2016_H5N2,0.093152,-0.246044,0.056143,0.044643,Avian,N2
1793_A/chicken/Huadong/4/,A/chicken/Huadong/4/2008_H5N1,-0.040446,-0.077294,-0.091563,-0.107108,Avian,N1
1794_A/chicken/Hubei/2856,A/chicken/Hubei/2856/2007_H5N1,0.060316,-0.107809,0.070133,-0.08432,Avian,N1
1795_A/chicken/Hubei/ZYSJ,A/chicken/Hubei/ZYSJF11/2016_H5N6,-0.272306,0.035218,-0.38578,0.037783,Avian,N6
1796_A/chicken/Hubei/ZYSJ,A/chicken/Hubei/ZYSJF16/2016_H5N6,-0.272306,0.035218,-0.38578,0.037783,Avian,N6
1797_A/chicken/Hubei/ZYSJ,A/chicken/Hubei/ZYSJF38/2016_H5N6,-0.272306,0.035218,-0.38578,0.037783,Avian,N6
1798_A/chicken/Hunan/02.0,A/chicken/Hunan/02.06_YYGK37J3-OC/2018_H5N6,0.145546,0.107959,0.001337,0.062199,Avian,N6
1799_A/chicken/Hunan/03.0,A/chicken/Hunan/03.07_YYGK74L3-OC/2018_H5N6,0.149972,0.140151,-0.049305,0.092144,Avian,N6
1800_A/chicken/Hunan/12.2,A/chicken/Hunan/12.27_YYGK55J2-O/2016_H5N6,0.146356,0.117847,-0.007742,0.023682,Avian,N6
1801_A/chicken/Hunan/12.2,A/chicken/Hunan/12.27_YYGKK148-OC/2016_H5N6,0.168224,0.131736,0.02989,0.041656,Avian,N6
1802_A/chicken/Hunan/1793,A/chicken/Hunan/1793/2007_H5N1,0.060035,-0.098941,0.055736,-0.041654,Avian,N1
1803_A/chicken/Hunan/21/2,A/chicken/Hunan/21/2005_H5N1,0.006748,-0.075725,0.134664,-0.083373,Avian,N1
1804_A/chicken/Hunan/3/20,A/chicken/Hunan/3/2007_H5N1,0.140911,-0.011435,0.010676,-0.040642,Avian,N1
1805_A/chicken/Hunan/3157,A/chicken/Hunan/3157/2006_H5N1,0.065468,-0.107839,0.074907,-0.083276,Avian,N1
1806_A/chicken/Hunan/8/20,A/chicken/Hunan/8/2008_H5N1,0.106299,-0.064894,0.02229,-0.124594,Avian,N1
1807_A/chicken/Jiangsu/10,A/chicken/Jiangsu/1001/2013_H5N2,-0.029214,-0.042113,-0.09072,-0.056532,Avian,N2
1808_A/chicken/Jiangsu/18,A/chicken/Jiangsu/18/2008_H5N1,-0.050901,-0.084207,-0.097924,-0.109398,Avian,N1
1809_A/chicken/Jiangsu/24,A/chicken/Jiangsu/2477/2014_H5N1,0.17465,0.050555,-0.01849,-0.044219,Avian,N1
1810_A/chicken/Jiangsu/92,A/chicken/Jiangsu/927/2013_H5N1,0.174091,0.038976,-0.039374,-0.074041,Avian,N1
1811_A/chicken/Jiangsu/XZ,A/chicken/Jiangsu/XZ216/2014_H5N2,-0.010587,-0.055071,-0.114319,-0.132813,Avian,N2
1812_A/chicken/Jiangsu/YB,A/chicken/Jiangsu/YB7/2015_H5N1,-0.296266,0.004969,-0.401627,0.000268,Avian,N1
1813_A/chicken/Jiangsu/k0,A/chicken/Jiangsu/k0402/2010_H5N1,0.041163,-0.025002,0.041596,0.020542,Avian,N1
1814_A/chicken/Jiangxi/25,A/chicken/Jiangxi/25/2011_H5N1,0.136912,0.038789,0.021777,-0.108872,Avian,N1
1815_A/chicken/Jiangxi/NC,A/chicken/Jiangxi/NCDZT1123/2014_H5N6,0.160636,0.118446,-0.006231,0.016846,Avian,N6
1816_A/chicken/Jiangxi/NC,A/chicken/Jiangxi/NCDZT1126/2014_H5N6,0.158341,0.120105,0.00252,0.021611,Avian,N6
1817_A/chicken/Jiangyin/J,A/chicken/Jiangyin/JY090718/2019_H5N6,0.094787,0.137944,-0.082821,0.074584,Avian,N6
1818_A/chicken/Kaohsiung/,A/chicken/Kaohsiung/16010047/2016_H5N8,0.017969,-0.232179,-0.029246,0.042229,Avian,N8
1819_A/chicken/Kaohsiung/,A/chicken/Kaohsiung/16020017-2/2016_H5N8,0.046787,-0.21989,0.022919,0.05358,Avian,N8
1820_A/chicken/Kaohsiung/,A/chicken/Kaohsiung/16040021-1/2016_H5N8,0.03694,-0.223851,0.01561,0.055403,Avian,N8
1821_A/chicken/Kaohsiung/,A/chicken/Kaohsiung/16070003/2016_H5N8,0.028299,-0.225277,0.013391,0.024378,Avian,N8
1822_A/chicken/Kaohsiung/,A/chicken/Kaohsiung/16120012/2016_H5N8,0.027833,-0.233818,0.017907,0.024072,Avian,N8
1823_A/chicken/Kaohsiung/,A/chicken/Kaohsiung/16MB0889/2016_H5N8,0.03694,-0.223851,0.01561,0.055403,Avian,N8
1824_A/chicken/Kaohsiung/,A/chicken/Kaohsiung/17030023/2017_H5N8,0.046212,-0.221309,0.020615,0.053674,Avian,N8
1825_A/chicken/Kaohsiung/,A/chicken/Kaohsiung/17040007/2017_H5N2,0.087376,-0.245704,0.054703,0.043304,Avian,N2
1826_A/chicken/Kaohsiung/,A/chicken/Kaohsiung/17100002/2017_H5N2,0.073654,-0.257681,0.051565,0.04268,Avian,N2
1827_A/chicken/Kaohsiung/,A/chicken/Kaohsiung/18080004-1/2018_H5N2,0.062859,-0.24288,0.035803,0.035487,Avian,N2
1828_A/chicken/Kaohsiung/,A/chicken/Kaohsiung/18080004-2/2018_H5N2,0.062859,-0.24288,0.035803,0.035487,Avian,N2
1829_A/chicken/Liaoning/2,A/chicken/Liaoning/23/2005_H5N1,0.025786,-0.053791,0.028373,-0.00781,Avian,N1
1830_A/chicken/Liaoning/A,A/chicken/Liaoning/A-1/2007_H5N1,0.034858,-0.04751,-0.047383,-0.108016,Avian,N1
1831_A/chicken/Liaoning/S,A/chicken/Liaoning/S4092/2011_H5N1,-0.037589,-0.048839,-0.103451,-0.127546,Avian,N1
1832_A/chicken/Miaoli/150,A/chicken/Miaoli/15010421-1/2015_H5N8,0.038117,-0.224846,0.019787,0.023055,Avian,N8
1833_A/chicken/Nantou/161,A/chicken/Nantou/16110023-1/2016_H5N8,0.03694,-0.223851,0.01561,0.055403,Avian,N8
1834_A/chicken/New_Taipei,A/chicken/New_Taipei_City/16110019-1/2016_H5N8,0.046787,-0.21989,0.022919,0.05358,Avian,N8
1835_A/chicken/New_Taipei,A/chicken/New_Taipei_City/16110020-2/2016_H5N8,0.046787,-0.21989,0.022919,0.05358,Avian,N8
1836_A/chicken/New_Taipei,A/chicken/New_Taipei_City/17040002-2/2017_H5N2,0.087376,-0.245704,0.054703,0.043304,Avian,N2
1837_A/chicken/New_Taipei,A/chicken/New_Taipei_City/17050004-2/2017_H5N8,0.068716,-0.192992,-0.003525,0.072383,Avian,N8
1838_A/chicken/New_Taipei,A/chicken/New_Taipei_City/17090001/2017_H5N8,0.068716,-0.192992,-0.003525,0.072383,Avian,N8
1839_A/chicken/New_Taipei,A/chicken/New_Taipei_City/17090002/2017_H5N8,0.068716,-0.192992,-0.003525,0.072383,Avian,N8
1840_A/chicken/New_Taipei,A/chicken/New_Taipei_City/17090003/2017_H5N8,0.068716,-0.192992,-0.003525,0.072383,Avian,N8
1841_A/chicken/New_Taipei,A/chicken/New_Taipei_City/18010021-3/2018_H5N2,0.089787,-0.262522,0.040666,0.044024,Avian,N2
1842_A/chicken/Ningxia/2/,A/chicken/Ningxia/2/2012_H5N1,-0.099646,-0.021352,-0.05397,-0.126477,Avian,N1
1843_A/chicken/Ningxia/22,A/chicken/Ningxia/222/2012_H5N1,-0.099646,-0.021352,-0.05397,-0.126477,Avian,N1
1844_A/chicken/Ningxia/24,A/chicken/Ningxia/24/2006_H5N1,-0.005001,-0.049061,-0.05308,-0.093313,Avian,N1
1845_A/chicken/North_Chin,A/chicken/North_China/k0604/2010_H5N1,-0.275109,-0.087257,-0.342302,0.044803,Avian,N1
1846_A/chicken/PH/A2821/2,A/chicken/PH/A2821/2013_H5N2,-0.162956,-0.119932,-0.05353,-0.009473,Avian,N2
1847_A/chicken/PT/a158/20,A/chicken/PT/a158/2015_H5N2,-0.106158,-0.106105,-0.00052,-0.029458,Avian,N2
1848_A/chicken/Pingtung/1,A/chicken/Pingtung/15050006-1/2015_H5N2,0.038158,-0.22399,0.026642,0.055986,Avian,N2
1849_A/chicken/Pingtung/1,A/chicken/Pingtung/16020009-3/2016_H5N2,0.044779,-0.227703,-0.004792,0.027828,Avian,N2
1850_A/chicken/Pingtung/1,A/chicken/Pingtung/18010017-1/2018_H5N2,0.062859,-0.24288,0.035803,0.035487,Avian,N2
1851_A/chicken/Pingtung/1,A/chicken/Pingtung/18020015-1/2018_H5N2,0.089787,-0.262522,0.040666,0.044024,Avian,N2
1852_A/chicken/Qingdao/1/,A/chicken/Qingdao/1/2014_H5N2,-0.02947,-0.046024,-0.12101,-0.127175,Avian,N2
1853_A/chicken/SC/a688/20,A/chicken/SC/a688/2015_H5N2,-0.106457,-0.107125,0.002426,-0.029212,Avian,N2
1854_A/chicken/Shandong/A,A/chicken/Shandong/A-10/2006_H5N1,0.027408,-0.044599,-0.009828,-0.087709,Avian,N1
1855_A/chicken/Shandong/S,A/chicken/Shandong/S3/2014_H5N2,-0.028124,-0.047641,-0.124842,-0.125522,Avian,N2
1856_A/chicken/Shantou/37,A/chicken/Shantou/3744/2003_H5N1,0.081403,-0.079801,0.055311,-0.105757,Avian,N1
1857_A/chicken/Shanxi/04.,A/chicken/Shanxi/04.28_TGRL001-O/2018_H5N6,0.106086,0.119076,-0.023453,0.090499,Avian,N6
1858_A/chicken/Shanxi/10/,A/chicken/Shanxi/10/2006_H5N1,0.017255,-0.059678,-0.056517,-0.140023,Avian,N1
1859_A/chicken/Shanxi/12.,A/chicken/Shanxi/12.01_TGYL014-C/2016_H5N6,0.152189,0.130888,0.000111,0.018887,Avian,N6
1860_A/chicken/Sheny/0606,A/chicken/Sheny/0606/2008_H5N1,0.003181,-0.055985,-0.000053,-0.111611,Avian,N1
1861_A/chicken/Shenzhen/1,A/chicken/Shenzhen/1061/2013_H5N6,0.15493,0.12063,0.002174,0.019469,Avian,N6
1862_A/chicken/Shenzhen/1,A/chicken/Shenzhen/1845/2013_H5N6,0.154406,0.081064,-0.018358,-0.022291,Avian,N6
1863_A/chicken/Shenzhen/2,A/chicken/Shenzhen/2269/2013_H5N6,0.15493,0.12063,0.002174,0.019469,Avian,N6
1864_A/chicken/Shenzhen/2,A/chicken/Shenzhen/2396/2013_H5N6,0.15152,0.121155,0.001829,0.017328,Avian,N6
1865_A/chicken/Shenzhen/2,A/chicken/Shenzhen/2464/2013_H5N6,0.15152,0.121155,0.001829,0.017328,Avian,N6
1866_A/chicken/Shenzhen/4,A/chicken/Shenzhen/433/2013_H5N6,0.150653,0.123944,0.000804,0.01129,Avian,N6
1867_A/chicken/Shenzhen/5,A/chicken/Shenzhen/552/2013_H5N6,0.15493,0.12063,0.002174,0.019469,Avian,N6
1868_A/chicken/Shenzhen/7,A/chicken/Shenzhen/715/2013_H5N6,0.150653,0.123944,0.000804,0.01129,Avian,N6
1869_A/chicken/Shijiazhua,A/chicken/Shijiazhuang/1209/2013_H5N2,-0.09498,-0.061371,-0.114107,-0.135635,Avian,N2
1870_A/chicken/Sichuan/81,A/chicken/Sichuan/81/2005_H5N1,0.071177,-0.102212,0.070378,-0.083425,Avian,N1
1871_A/chicken/Sichuan/NC,A/chicken/Sichuan/NCJPL1/2014_H5N6,0.155675,0.079523,0.004601,-0.024297,Avian,N6
1872_A/chicken/Sichuan/k1,A/chicken/Sichuan/k141/2017_H5N6,0.156928,0.119321,-0.002936,0.021747,Avian,N6
1873_A/chicken/TC/a504/20,A/chicken/TC/a504/2015_H5N2,-0.106401,-0.105857,0.006081,-0.027697,Avian,N2
1874_A/chicken/TY/a665/20,A/chicken/TY/a665/2015_H5N2,-0.106158,-0.106105,-0.00052,-0.029458,Avian,N2
1875_A/chicken/Taichung/1,A/chicken/Taichung/15010399/2015_H5N2,0.04332,-0.226424,0.020748,0.052439,Avian,N2
1876_A/chicken/Taichung/1,A/chicken/Taichung/16040032-3/2016_H5N2,0.046759,-0.22342,0.022006,0.05408,Avian,N2
1877_A/chicken/Taichung/1,A/chicken/Taichung/16050044-2/2016_H5N2,0.036443,-0.223904,0.01072,0.039441,Avian,N2
1878_A/chicken/Taichung/1,A/chicken/Taichung/16110017-3/2016_H5N8,0.078602,-0.228078,-0.034084,0.063715,Avian,N8
1879_A/chicken/Tainan/150,A/chicken/Tainan/15020214/2015_H5N8,0.046759,-0.22342,0.022006,0.05408,Avian,N8
1880_A/chicken/Tainan/160,A/chicken/Tainan/16040035-1/2016_H5N2,0.029901,-0.220685,-0.001828,0.020609,Avian,N2
1881_A/chicken/Tainan/170,A/chicken/Tainan/17030058-1/2017_H5N8,0.031864,-0.163405,0.028741,0.015109,Avian,N8
1882_A/chicken/Taipei_Cit,A/chicken/Taipei_City/17090004/2017_H5N8,0.102762,-0.206519,-0.035229,0.068354,Avian,N8
1883_A/chicken/Taipei_Cit,A/chicken/Taipei_City/18010007-3/2018_H5N2,0.07822,-0.254967,0.051871,0.037326,Avian,N2
1884_A/chicken/Taipei_Cit,A/chicken/Taipei_City/18010008-3/2018_H5N2,0.057566,-0.269843,0.047332,0.042858,Avian,N2
1885_A/chicken/Taipei/160,A/chicken/Taipei/16060022-4/2016_H5N8,0.03694,-0.223851,0.01561,0.055403,Avian,N8
1886_A/chicken/Taipei/160,A/chicken/Taipei/16060023-1/2016_H5N8,0.03694,-0.223851,0.01561,0.055403,Avian,N8
1887_A/chicken/Taipei/161,A/chicken/Taipei/16120021/2016_H5N8,0.020534,-0.217484,0.012739,0.027236,Avian,N8
1888_A/chicken/Taipei/170,A/chicken/Taipei/17050005-1/2017_H5N8,0.068716,-0.192992,-0.003525,0.072383,Avian,N8
1889_A/chicken/Taipei/170,A/chicken/Taipei/17050008-3/2017_H5N8,0.068716,-0.192992,-0.003525,0.072383,Avian,N8
1890_A/chicken/Taipei/170,A/chicken/Taipei/17050009-3/2017_H5N8,0.065652,-0.18909,-0.00616,0.083961,Avian,N8
1891_A/chicken/Taishun/TS,A/chicken/Taishun/TS2/2016_H5N6,-0.265115,-0.007519,-0.390085,-0.002809,Avian,N6
1892_A/chicken/Taishun/TS,A/chicken/Taishun/TS90/2016_H5N6,-0.27601,-0.039955,-0.409677,0.025874,Avian,N6
1893_A/chicken/Taiwan/010,A/chicken/Taiwan/0101/2012_H5N2,-0.119146,-0.132912,0.050286,-0.027874,Avian,N2
1894_A/chicken/Taiwan/011,A/chicken/Taiwan/01174/2015_H5N3,0.040686,-0.205154,0.023377,0.045096,Avian,Others
1895_A/chicken/Taiwan/050,A/chicken/Taiwan/0502/2012_H5N2,-0.140413,-0.164145,-0.016281,-0.098076,Avian,N2
1896_A/chicken/Taiwan/168,A/chicken/Taiwan/1682/2013_H5N2,-0.078576,-0.094007,0.023636,-0.007497,Avian,N2
1897_A/chicken/Taiwan/169,A/chicken/Taiwan/1692/2013_H5N2,-0.078576,-0.094007,0.023636,-0.007497,Avian,N2
1898_A/chicken/Taiwan/170,A/chicken/Taiwan/1704/2013_H5N2,-0.078576,-0.094007,0.023636,-0.007497,Avian,N2
1899_A/chicken/Taiwan/171,A/chicken/Taiwan/1711/2013_H5N2,-0.078576,-0.094007,0.023636,-0.007497,Avian,N2
1900_A/chicken/Taiwan/259,A/chicken/Taiwan/2593/2012_H5N2,-0.145895,-0.128117,-0.056663,-0.033497,Avian,N2
1901_A/chicken/Taiwan/294,A/chicken/Taiwan/2948/2013_H5N2,-0.152427,-0.152933,-0.082367,-0.039123,Avian,N2
1902_A/chicken/Taiwan/444,A/chicken/Taiwan/4443/2013_H5N2,-0.137733,-0.126771,-0.054568,-0.004195,Avian,N2
1903_A/chicken/Taiwan/683,A/chicken/Taiwan/683/2012_H5N2,-0.151326,-0.080766,0.001698,-0.008617,Avian,N2
1904_A/chicken/Taiwan/735,A/chicken/Taiwan/7350/2013_H5N2,-0.145895,-0.128117,-0.056663,-0.033497,Avian,N2
1905_A/chicken/Taiwan/898,A/chicken/Taiwan/8988/2013_H5N2,-0.145432,-0.130524,-0.052096,-0.02302,Avian,N2
1906_A/chicken/Taiwan/899,A/chicken/Taiwan/8994/2013_H5N2,-0.145432,-0.130524,-0.052096,-0.02302,Avian,N2
1907_A/chicken/Taiwan/899,A/chicken/Taiwan/8996/2013_H5N2,-0.145432,-0.130524,-0.052096,-0.02302,Avian,N2
1908_A/chicken/Taiwan/A1/,A/chicken/Taiwan/A1/2019_H5N2,-0.173449,-0.091913,-0.049789,-0.060872,Avian,N2
1909_A/chicken/Taiwan/A19,A/chicken/Taiwan/A1997/2012_H5N2,-0.140413,-0.164145,-0.016281,-0.098076,Avian,N2
1910_A/chicken/Taiwan/D2/,A/chicken/Taiwan/D2/2019_H5N2,0.058069,-0.201321,0.041703,0.018591,Avian,N2
1911_A/chicken/Taiwan/D9/,A/chicken/Taiwan/D9/2019_H5N2,0.058069,-0.201321,0.041703,0.018591,Avian,N2
1912_A/chicken/Tibet/LZ01,A/chicken/Tibet/LZ01/2010_H5N2,-0.2832,-0.110532,-0.356571,0.038075,Avian,N2
1913_A/chicken/Wuhan/HAQL,A/chicken/Wuhan/HAQL07/2014_H5N1,-0.296266,0.004969,-0.401627,0.000268,Avian,N1
1914_A/chicken/Wuhan/HAQL,A/chicken/Wuhan/HAQL16/2014_H5N1,-0.278654,0.001137,-0.393667,-0.004413,Avian,N1
1915_A/chicken/Wuhan/WHJF,A/chicken/Wuhan/WHJF/2014_H5N2,-0.254427,0.036564,0.016598,0.039703,Avian,N2
1916_A/chicken/Wuhan/WHYJ,A/chicken/Wuhan/WHYJ01/2015_H5N6,0.146438,0.110594,-0.011247,0.022133,Avian,N6
1917_A/chicken/Wuxi/WX-32,A/chicken/Wuxi/WX-32/2013_H5N1,0.175052,0.041457,-0.017501,-0.045335,Avian,N1
1918_A/chicken/Wuxi/WX-33,A/chicken/Wuxi/WX-33/2013_H5N1,0.175052,0.041457,-0.017501,-0.045335,Avian,N1
1919_A/chicken/Xinjiang/1,A/chicken/Xinjiang/17/2005_H5N1,0.024789,-0.092948,0.028543,-0.088448,Avian,N1
1920_A/chicken/Xinjiang/2,A/chicken/Xinjiang/27/2006_H5N1,0.044362,-0.099293,0.062198,-0.115324,Avian,N1
1921_A/chicken/Xinjiang/5,A/chicken/Xinjiang/53/2005_H5N1,0.078697,-0.045746,0.026763,-0.08038,Avian,N1
1922_A/chicken/Xinjiang/5,A/chicken/Xinjiang/54/2005_H5N1,0.067557,-0.071568,0.090912,-0.079436,Avian,N1
1923_A/chicken/Xinjiang/6,A/chicken/Xinjiang/67/2005_H5N1,0.053552,-0.088247,0.061174,-0.10303,Avian,N1
1924_A/chicken/Xinjiang/6,A/chicken/Xinjiang/68/2005_H5N1,0.065923,-0.072036,0.044519,-0.049831,Avian,N1
1925_A/chicken/Xuzhou/XZ6,A/chicken/Xuzhou/XZ6/2016_H5N6,0.150041,0.122079,-0.013962,0.009242,Avian,N6
1926_A/chicken/YL/A3190/2,A/chicken/YL/A3190/2014_H5N2,-0.076228,-0.2036,-0.048842,-0.11088,Avian,N2
1927_A/chicken/Yangzhou/Y,A/chicken/Yangzhou/YD1/2014_H5N6,0.16265,0.079076,-0.007171,-0.026932,Avian,N6
1928_A/chicken/Yuhang/1/2,A/chicken/Yuhang/1/2013_H5N9,-0.258152,-0.066749,-0.430736,0.083667,Avian,Others
1929_A/chicken/Yuhang/2/2,A/chicken/Yuhang/2/2013_H5N9,-0.266156,-0.041906,-0.433395,0.07286,Avian,Others
1930_A/chicken/Yunlin/150,A/chicken/Yunlin/15020048-1/2015_H5N2,0.046731,-0.22695,0.021094,0.05458,Avian,N2
1931_A/chicken/Yunlin/150,A/chicken/Yunlin/15040002-2/2015_H5N2,0.048218,-0.225172,0.017855,0.05587,Avian,N2
1932_A/chicken/Yunlin/150,A/chicken/Yunlin/15040027/2015_H5N2,0.046759,-0.22342,0.022006,0.05408,Avian,N2
1933_A/chicken/Yunlin/150,A/chicken/Yunlin/15050012/2015_H5N8,0.039186,-0.225182,0.016564,0.023452,Avian,N8
1934_A/chicken/Yunlin/150,A/chicken/Yunlin/15050037-2/2015_H5N2,0.051517,-0.21851,0.012474,0.046652,Avian,N2
1935_A/chicken/Yunlin/150,A/chicken/Yunlin/15050039-2/2015_H5N2,0.047384,-0.217434,0.015739,0.048711,Avian,N2
1936_A/chicken/Yunlin/150,A/chicken/Yunlin/15060014-1/2015_H5N2,0.047384,-0.217434,0.015739,0.048711,Avian,N2
1937_A/chicken/Yunlin/150,A/chicken/Yunlin/15080024/2015_H5N2,0.034409,-0.247109,0.003645,0.050177,Avian,N2
1938_A/chicken/Yunlin/160,A/chicken/Yunlin/16010001-1/2016_H5N2,0.050027,-0.269467,0.014102,0.075276,Avian,N2
1939_A/chicken/Yunlin/160,A/chicken/Yunlin/16010008-1/2016_H5N2,0.037418,-0.223158,0.032684,0.057518,Avian,N2
1940_A/chicken/Yunlin/160,A/chicken/Yunlin/16020038/2016_H5N8,0.055458,-0.26641,0.018868,0.07419,Avian,N8
1941_A/chicken/Yunlin/160,A/chicken/Yunlin/16050053/2016_H5N2,0.046759,-0.22342,0.022006,0.05408,Avian,N2
1942_A/chicken/Yunlin/170,A/chicken/Yunlin/17010001/2017_H5N8,0.065711,-0.272061,0.037604,0.060656,Avian,N8
1943_A/chicken/Yunlin/170,A/chicken/Yunlin/17010014/2017_H5N2,0.088532,-0.242464,0.054663,0.035809,Avian,N2
1944_A/chicken/Yunlin/170,A/chicken/Yunlin/17020094-1/2017_H5N2,0.093152,-0.246044,0.056143,0.044643,Avian,N2
1945_A/chicken/Yunlin/170,A/chicken/Yunlin/17020095-2/2017_H5N2,0.097593,-0.220085,0.079266,0.048742,Avian,N2
1946_A/chicken/Yunlin/170,A/chicken/Yunlin/17030001-1/2017_H5N2,0.07943,-0.258021,0.053005,0.044019,Avian,N2
1947_A/chicken/Yunlin/170,A/chicken/Yunlin/17030007-1/2017_H5N2,0.09062,-0.238123,0.032134,0.014861,Avian,N2
1948_A/chicken/Yunlin/170,A/chicken/Yunlin/17030010-1/2017_H5N2,0.087376,-0.245704,0.054703,0.043304,Avian,N2
1949_A/chicken/Yunlin/170,A/chicken/Yunlin/17030014-1/2017_H5N2,0.08284,-0.258546,0.053351,0.04616,Avian,N2
1950_A/chicken/Yunlin/170,A/chicken/Yunlin/17030020-2/2017_H5N2,0.093152,-0.246044,0.056143,0.044643,Avian,N2
1951_A/chicken/Yunlin/170,A/chicken/Yunlin/17030021-1/2017_H5N2,0.08284,-0.258546,0.053351,0.04616,Avian,N2
1952_A/chicken/Yunlin/170,A/chicken/Yunlin/17030032-2/2017_H5N2,0.097593,-0.220085,0.079266,0.048742,Avian,N2
1953_A/chicken/Yunlin/170,A/chicken/Yunlin/17030065-2/2017_H5N2,0.091068,-0.250278,0.066562,0.048221,Avian,N2
1954_A/chicken/Yunlin/170,A/chicken/Yunlin/17040003-1/2017_H5N2,0.046402,-0.27123,-0.006197,0.03892,Avian,N2
1955_A/chicken/Yunlin/170,A/chicken/Yunlin/17040004-2/2017_H5N2,0.013315,-0.220024,0.101885,0.045516,Avian,N2
1956_A/chicken/Yunlin/170,A/chicken/Yunlin/17040011-1/2017_H5N2,0.077628,-0.239901,0.04751,0.037466,Avian,N2
1957_A/chicken/Yunlin/170,A/chicken/Yunlin/17060019/2017_H5N2,0.08284,-0.258546,0.053351,0.04616,Avian,N2
1958_A/chicken/Yunlin/170,A/chicken/Yunlin/17070010/2017_H5N2,0.08284,-0.258546,0.053351,0.04616,Avian,N2
1959_A/chicken/Yunlin/180,A/chicken/Yunlin/18010001-2/2018_H5N2,0.08284,-0.258546,0.053351,0.04616,Avian,N2
1960_A/chicken/Yunlin/180,A/chicken/Yunlin/18010023-1/2018_H5N2,0.066748,-0.25869,0.040624,0.030182,Avian,N2
1961_A/chicken/Yunlin/180,A/chicken/Yunlin/18020003-2/2018_H5N2,0.073724,-0.259136,0.028852,0.027546,Avian,N2
1962_A/chicken/Yunlin/180,A/chicken/Yunlin/18020004-1/2018_H5N2,0.073724,-0.259136,0.028852,0.027546,Avian,N2
1963_A/chicken/Yunlin/180,A/chicken/Yunlin/18020005-2/2018_H5N2,0.073724,-0.259136,0.028852,0.027546,Avian,N2
1964_A/chicken/Yunlin/180,A/chicken/Yunlin/18020008-2/2018_H5N2,0.068036,-0.264614,0.013323,0.002646,Avian,N2
1965_A/chicken/Yunlin/180,A/chicken/Yunlin/18030002-1/2018_H5N2,0.074237,-0.260675,0.007088,0.001305,Avian,N2
1966_A/chicken/Yunlin/180,A/chicken/Yunlin/18050013-1/2018_H5N2,0.073724,-0.259136,0.028852,0.027546,Avian,N2
1967_A/chicken/Yunlin/180,A/chicken/Yunlin/18060001-2/2018_H5N2,0.073724,-0.259136,0.028852,0.027546,Avian,N2
1968_A/chicken/Yunlin/180,A/chicken/Yunlin/18080006-1/2018_H5N2,0.065366,-0.249959,0.045826,0.04791,Avian,N2
1969_A/chicken/Yunnan/1/2,A/chicken/Yunnan/1/2014_H5N1,0.147429,0.108286,0.000587,0.020287,Avian,N1
1970_A/chicken/Yunnan/207,A/chicken/Yunnan/207/2004_H5N1,0.07886,-0.073907,0.038516,-0.112925,Avian,N1
1971_A/chicken/Yunnan/568,A/chicken/Yunnan/5686/2003_H5N1,0.07886,-0.073907,0.038516,-0.112925,Avian,N1
1972_A/chicken/Yunnan/679,A/chicken/Yunnan/6797/2003_H5N1,0.033781,-0.094816,0.002678,-0.08823,Avian,N1
1973_A/chicken/Yunnan/688,A/chicken/Yunnan/6885/2003_H5N1,0.07886,-0.073907,0.038516,-0.112925,Avian,N1
1974_A/chicken/Zhejiang/1,A/chicken/Zhejiang/102637/2016_H5N6,0.157268,0.121126,0.001827,0.019018,Avian,N6
1975_A/chicken/Zhejiang/1,A/chicken/Zhejiang/13160/2016_H5N6,-0.259394,0.022768,-0.361234,0.009646,Avian,N6
1976_A/chicken/Zhejiang/1,A/chicken/Zhejiang/194/2016_H5N2,0.145901,0.11994,-0.036359,-0.043094,Avian,N2
1977_A/chicken/Zhejiang/2,A/chicken/Zhejiang/209/2016_H5N2,-0.076547,-0.169868,0.092318,0.059887,Avian,N2
1978_A/chicken/Zhejiang/2,A/chicken/Zhejiang/217/2016_H5N2,0.145901,0.11994,-0.036359,-0.043094,Avian,N2
1979_A/chicken/Zhejiang/2,A/chicken/Zhejiang/232/2016_H5N2,0.036238,-0.187224,0.034383,0.030353,Avian,N2
1980_A/chicken/Zhejiang/5,A/chicken/Zhejiang/514135/2015_H5N2,0.165465,0.071948,-0.003023,0.035146,Avian,N2
1981_A/chicken/Zhejiang/5,A/chicken/Zhejiang/528127/2016_H5N6,0.143107,0.127141,0.007567,0.052972,Avian,N6
1982_A/chicken/Zhejiang/6,A/chicken/Zhejiang/6107/2016_H5N6,-0.272306,0.035218,-0.38578,0.037783,Avian,N6
1983_A/chicken/Zhejiang/6,A/chicken/Zhejiang/6C2/2013_H5N6,0.158517,0.080152,-0.003906,-0.024873,Avian,N6
1984_A/chicken/Zhejiang/7,A/chicken/Zhejiang/727022/2014_H5N6,0.147609,0.11541,-0.004605,0.026464,Avian,N6
1985_A/chicken/Zhejiang/7,A/chicken/Zhejiang/727026/2014_H5N6,0.147609,0.11541,-0.004605,0.026464,Avian,N6
1986_A/chicken/Zhejiang/7,A/chicken/Zhejiang/727079/2014_H5N2,0.11722,0.0932,-0.023511,0.001777,Avian,N2
1987_A/chicken/Zhejiang/7,A/chicken/Zhejiang/727155/2014_H5N6,0.147609,0.11541,-0.004605,0.026464,Avian,N6
1988_A/chicken/Zhejiang/7,A/chicken/Zhejiang/727159/2014_H5N2,0.11722,0.0932,-0.023511,0.001777,Avian,N2
1989_A/chicken/Zhejiang/7,A/chicken/Zhejiang/7450/2015_H5N2,0.051409,-0.224526,-0.02152,0.046134,Avian,N2
1990_A/chicken/Zhejiang/8,A/chicken/Zhejiang/81643/2015_H5N2,0.051409,-0.224526,-0.02152,0.046134,Avian,N2
1991_A/common_mallard/Nin,A/common_mallard/Ningxia/YG71/2017_H5N6,-0.292834,0.000563,0.060028,-0.011527,Avian,N6
1992_A/condor/Guangdong/1,A/condor/Guangdong/139/2003_H5N1,0.087548,-0.048459,0.06714,-0.106723,Avian,N1
1993_A/domestic_green-win,A/domestic_green-winged_teal/Hunan/3450/2006_H5N1,-0.28128,-0.090432,-0.07374,-0.006722,Avian,N1
1994_A/duck/Anhui/56/2005,A/duck/Anhui/56/2005_H5N1,0.0875,-0.053275,0.078766,-0.106897,Avian,N1
1995_A/duck/Anhui/S4/2016,A/duck/Anhui/S4/2016_H5N6,0.141768,0.121016,-0.033094,-0.041034,Avian,N6
1996_A/duck/Changhua/15A0,A/duck/Changhua/15A03431-1-20T/2015_H5N2,0.046731,-0.22695,0.021094,0.05458,Avian,N2
1997_A/duck/Changhua/15A0,A/duck/Changhua/15A03473-1-20T/2015_H5N2,0.041267,-0.222888,0.026301,0.053782,Avian,N2
1998_A/duck/Chiayi/150800,A/duck/Chiayi/15080023/2015_H5N8,0.052048,-0.265885,0.018522,0.072049,Avian,N8
1999_A/duck/China/0935/20,A/duck/China/0935/2017_H5N1,0.166443,0.054654,-0.034866,-0.040498,Avian,N1
2000_A/duck/China/0936/20,A/duck/China/0936/2017_H5N6,0.171204,0.115041,0.013741,0.017916,Avian,N6
2001_A/duck/China/0938/20,A/duck/China/0938/2017_H5N6,0.166443,0.054654,-0.034866,-0.040498,Avian,N6
2002_A/duck/China/1033/20,A/duck/China/1033/2017_H5N1,0.171222,0.052037,-0.032143,-0.0308,Avian,N1
2003_A/duck/China/E26/201,A/duck/China/E26/2012_H5N1,0.085315,0.057438,-0.000188,0.065238,Avian,N1
2004_A/duck/China/E53/201,A/duck/China/E53/2012_H5N1,0.163956,0.079777,-0.038486,-0.121844,Avian,N1
2005_A/duck/China/YD1516/,A/duck/China/YD1516/2016_H5N2,-0.017859,-0.203334,-0.005735,0.059525,Avian,N2
2006_A/duck/Chongqing/S43,A/duck/Chongqing/S4362/2017_H5N3,-0.305935,0.000403,0.043355,0.011625,Avian,Others
2007_A/duck/Dongguan/2685,A/duck/Dongguan/2685/2013_H5N6,0.151786,0.122713,0.004752,0.012481,Avian,N6
2008_A/duck/Eastern_China,A/duck/Eastern_China/008/2008_H5N5,0.038982,-0.140878,0.015867,-0.105859,Avian,Others
2009_A/duck/Eastern_China,A/duck/Eastern_China/031/2009_H5N5,0.038982,-0.140878,0.015867,-0.105859,Avian,Others
2010_A/duck/Eastern_China,A/duck/Eastern_China/057/2007_H5N1,-0.273515,-0.118848,-0.353239,0.00699,Avian,N1
2011_A/duck/Eastern_China,A/duck/Eastern_China/108/2008_H5N1,0.039817,-0.140958,0.019583,-0.103582,Avian,N1
2012_A/duck/Eastern_China,A/duck/Eastern_China/1111/2011_H5N2,0.03442,-0.195717,0.017336,0.006135,Avian,N2
2013_A/duck/Eastern_China,A/duck/Eastern_China/909/2009_H5N1,0.038982,-0.140878,0.015867,-0.105859,Avian,N1
2014_A/duck/Eastern_China,A/duck/Eastern_China/JY/2014_H5N8,-0.004964,-0.075923,-0.035951,-0.182588,Avian,N8
2015_A/duck/Eastern_China,A/duck/Eastern_China/L0230/2010_H5N2,-0.007402,-0.205641,-0.019678,-0.045622,Avian,N2
2016_A/duck/Eastern_China,A/duck/Eastern_China/L0321/2010_H5N2,-0.022376,-0.172514,0.077386,0.012818,Avian,N2
2017_A/duck/Eastern_China,A/duck/Eastern_China/L0405/2010_H5N8,0.012192,-0.054146,0.012109,-0.183923,Avian,N8
2018_A/duck/Eastern_China,A/duck/Eastern_China/L0423/2011_H5N8,0.016263,-0.049845,0.017977,-0.187085,Avian,N8
2019_A/duck/Eastern_China,A/duck/Eastern_China/L0611/2011_H5N8,0.046927,-0.029656,0.042918,-0.187188,Avian,N8
2020_A/duck/Eastern_China,A/duck/Eastern_China/L0722/2012_H5N8,-0.038829,-0.022235,0.085267,-0.202776,Avian,N8
2021_A/duck/Eastern_China,A/duck/Eastern_China/L1021/2012_H5N8,-0.015304,-0.025309,0.064819,-0.218182,Avian,N8
2022_A/duck/Eastern_China,A/duck/Eastern_China/L1120/2012_H5N8,0.014834,-0.095487,0.000152,-0.206713,Avian,N8
2023_A/duck/Eastern_China,A/duck/Eastern_China/S0131/2014_H5N2,0.034975,-0.214831,0.018145,0.045481,Avian,N2
2024_A/duck/Eastern_China,A/duck/Eastern_China/S0215/2014_H5N8,-0.01074,-0.075583,-0.037391,-0.183927,Avian,N8
2025_A/duck/Eastern_China,A/duck/Eastern_China/S0322/2014__H5N6,0.104282,0.092446,-0.039601,0.054167,Avian,N6
2026_A/duck/Eastern_China,A/duck/Eastern_China/S0711/2014_H5N6,0.149907,0.07564,-0.001465,-0.024416,Avian,N6
2027_A/duck/Eastern_China,A/duck/Eastern_China/S0808/2014_H5N2,0.022992,-0.192241,0.01238,0.016592,Avian,N2
2028_A/duck/Eastern_China,A/duck/Eastern_China/S0908/2014_H5N6,0.164365,0.071347,-0.00027,-0.013627,Avian,N6
2029_A/duck/Eastern_China,A/duck/Eastern_China/S1109/2014_H5N8,-0.012794,-0.077921,-0.044566,-0.187294,Avian,N8
2030_A/duck/Eastern_China,A/duck/Eastern_China/S1210/2013_H5N8,-0.036641,-0.049579,-0.052263,-0.155738,Avian,N8
2031_A/duck/Fujian/1.17_F,A/duck/Fujian/1.17_FZHX0123-C/2017_H5N6,0.12009,0.018777,-0.059483,0.0788,Avian,N6
2032_A/duck/Fujian/10.26_,A/duck/Fujian/10.26_FZHX0002-O/2017_H5N6,0.150826,0.137072,-0.006151,0.005548,Avian,N6
2033_A/duck/Fujian/10.26_,A/duck/Fujian/10.26_FZHX0010-O/2017_H5N6,0.158542,0.121585,0.00156,0.014859,Avian,N6
2034_A/duck/Fujian/11.23_,A/duck/Fujian/11.23_FZHX0009-C/2017_H5N6,0.145078,0.139837,-0.012558,-0.003259,Avian,N6
2035_A/duck/Fujian/11.23_,A/duck/Fujian/11.23_FZHX0014-C/2017_H5N6,0.1159,0.143634,0.002376,-0.00932,Avian,N6
2036_A/duck/Fujian/11.23_,A/duck/Fujian/11.23_FZHX0015-C/2017_H5N6,0.159167,0.127571,-0.004708,0.009491,Avian,N6
2037_A/duck/Fujian/11.3_F,A/duck/Fujian/11.3_FZHX1132-O/2016_H5N6,0.061827,0.127585,-0.052132,0.011205,Avian,N6
2038_A/duck/Fujian/11.3_F,A/duck/Fujian/11.3_FZHX1141-C/2016_H5N6,0.163269,0.07671,-0.000502,0.039471,Avian,N6
2039_A/duck/Fujian/12.7_F,A/duck/Fujian/12.7_FZHX1202-O/2016_H5N6,0.163269,0.07671,-0.000502,0.039471,Avian,N6
2040_A/duck/Fujian/12.7_F,A/duck/Fujian/12.7_FZHX1218-C/2016_H5N6,0.163269,0.07671,-0.000502,0.039471,Avian,N6
2041_A/duck/Fujian/12.7_F,A/duck/Fujian/12.7_FZHX1219-O/2016_H5N6,0.163269,0.07671,-0.000502,0.039471,Avian,N6
2042_A/duck/Fujian/12.7_F,A/duck/Fujian/12.7_FZHX1221-C/2016_H5N6,0.163269,0.07671,-0.000502,0.039471,Avian,N6
2043_A/duck/Guangdong/11.,A/duck/Guangdong/11.18_SZBJ003-C/2016_H5N6,0.167861,0.114722,-0.010777,0.026692,Avian,N6
2044_A/duck/Guangdong/11.,A/duck/Guangdong/11.18_SZBJ003-O/2016_H5N6,0.167861,0.114722,-0.010777,0.026692,Avian,N6
2045_A/duck/Guangdong/11.,A/duck/Guangdong/11.18_SZBJ007-O/2016_H5N6,0.167861,0.114722,-0.010777,0.026692,Avian,N6
2046_A/duck/Guangdong/23/,A/duck/Guangdong/23/2004_H5N1,0.074059,-0.02134,0.074471,-0.073883,Avian,N1
2047_A/duck/Guangdong/GD0,A/duck/Guangdong/GD01/2014_H5N6,0.146575,0.121633,0.004114,0.02008,Avian,N6
2048_A/duck/Guangdong/s14,A/duck/Guangdong/s14044/2014_H5N8,-0.018775,-0.071604,-0.059166,-0.228122,Avian,N8
2049_A/duck/Guangdong/wy1,A/duck/Guangdong/wy11/2008_H5N5,0.076786,-0.109855,-0.007318,-0.145656,Avian,Others
2050_A/duck/Guangdong/wy1,A/duck/Guangdong/wy19/2008_H5N5,0.047504,-0.1072,0.023095,-0.133841,Avian,Others
2051_A/duck/Guangdong/wy2,A/duck/Guangdong/wy24/2008_H5N5,0.036278,-0.160462,0.000438,-0.127131,Avian,Others
2052_A/duck/Guangzhou/018,A/duck/Guangzhou/018/2014_H5N6,0.144619,0.108128,-0.000618,0.020987,Avian,N6
2053_A/duck/Guangzhou/021,A/duck/Guangzhou/021/2014_H5N6,0.15493,0.12063,0.002174,0.019469,Avian,N6
2054_A/duck/Guangzhou/412,A/duck/Guangzhou/41227/2014_H5N6,0.158206,0.119862,-0.002785,0.018923,Avian,N6
2055_A/duck/Guizhou/7.27_,A/duck/Guizhou/7.27_ZYLJJ017-O/2018_H5N6,0.13157,0.145682,-0.046365,0.056244,Avian,N6
2056_A/duck/Guizhou/8.26_,A/duck/Guizhou/8.26_ZYLJJ016-O/2018_H5N6,0.099772,0.082954,-0.033239,-0.003545,Avian,N6
2057_A/duck/Guizhou/8.26_,A/duck/Guizhou/8.26_ZYLJJ017-O/2018_H5N6,0.086798,0.088811,-0.013806,-0.002321,Avian,N6
2058_A/duck/Hainan/12.29_,A/duck/Hainan/12.29_HKPL002-C/2017_H5N6,0.141956,0.144711,-0.057791,0.05575,Avian,N6
2059_A/duck/Hebei/0908/20,A/duck/Hebei/0908/2009_H5N2,-0.305559,-0.047584,-0.008366,-0.047974,Avian,N2
2060_A/duck/Hong_Kong/342,A/duck/Hong_Kong/342/1978_H5N2,-0.174404,0.039192,0.015359,0.059332,Avian,N2
2061_A/duck/Hsinchu/15020,A/duck/Hsinchu/15020216/2015_H5N2,0.046759,-0.22342,0.022006,0.05408,Avian,N2
2062_A/duck/HuBei/03/2010,A/duck/HuBei/03/2010_H5N5,0.070979,-0.111618,0.073107,-0.074385,Avian,Others
2063_A/duck/Hubei/2911/20,A/duck/Hubei/2911/2007_H5N1,0.069297,-0.104487,0.074309,-0.087917,Avian,N1
2064_A/duck/Hubei/49/2005,A/duck/Hubei/49/2005_H5N1,0.068894,-0.103769,0.077405,-0.0849,Avian,N1
2065_A/duck/Hubei/SZY250/,A/duck/Hubei/SZY250/2016_H5N2,0.032504,-0.18264,0.011485,0.040556,Avian,N2
2066_A/duck/Hubei/xn/2007,A/duck/Hubei/xn/2007_H5N1,0.119296,-0.050368,0.048825,-0.038197,Avian,N1
2067_A/duck/Hunan/01.12_Y,A/duck/Hunan/01.12_YYGK82H3-OC/2018_H5N6,0.143752,0.140518,-0.050855,0.090702,Avian,N6
2068_A/duck/Hunan/03.07_Y,A/duck/Hunan/03.07_YYGK25L3-OC/2018_H5N6,0.130742,0.115867,-0.018194,0.071998,Avian,N6
2069_A/duck/Hunan/03.07_Y,A/duck/Hunan/03.07_YYGK4L3-OC/2018_H5N6,0.171654,0.117261,0.016948,0.102978,Avian,N6
2070_A/duck/Hunan/03.24_Y,A/duck/Hunan/03.24_YYGK174M2-C/2017_H5N6,0.146884,0.12117,-0.013176,0.029523,Avian,N6
2071_A/duck/Hunan/03.24_Y,A/duck/Hunan/03.24_YYGK178M2-C/2017_H5N6,0.146884,0.12117,-0.013176,0.029523,Avian,N6
2072_A/duck/Hunan/03.24_Y,A/duck/Hunan/03.24_YYGK18M2-O/2017_H5N6,0.146884,0.12117,-0.013176,0.029523,Avian,N6
2073_A/duck/Hunan/03.24_Y,A/duck/Hunan/03.24_YYGK21M2-O/2017_H5N6,0.146884,0.12117,-0.013176,0.029523,Avian,N6
2074_A/duck/Hunan/1.12_YY,A/duck/Hunan/1.12_YYGK68H3-OC/2018_H5N6,0.13709,0.139002,-0.065455,0.055148,Avian,N6
2075_A/duck/Hunan/1.12_YY,A/duck/Hunan/1.12_YYGK72H3-OC/2018_H5N6,0.13709,0.139002,-0.065455,0.055148,Avian,N6
2076_A/duck/Hunan/1.12_YY,A/duck/Hunan/1.12_YYGK74H3-OC/2018_H5N6,0.143752,0.140518,-0.050855,0.090702,Avian,N6
2077_A/duck/Hunan/1.17_YY,A/duck/Hunan/1.17_YYGKK80-OC/2017_H5N6,0.168224,0.131736,0.02989,0.041656,Avian,N6
2078_A/duck/Hunan/11.30_Y,A/duck/Hunan/11.30_YYGK59E3-OC/2017_H5N6,0.159167,0.127571,-0.004708,0.009491,Avian,N6
2079_A/duck/Hunan/11.30_Y,A/duck/Hunan/11.30_YYGK62E3-OC/2017_H5N6,0.155973,0.095735,-0.051634,0.112596,Avian,N6
2080_A/duck/Hunan/11.30_Y,A/duck/Hunan/11.30_YYGK63E3-OC/2017_H5N6,0.155973,0.095735,-0.051634,0.112596,Avian,N6
2081_A/duck/Hunan/11.30_Y,A/duck/Hunan/11.30_YYGK74E3-OC/2017_H5N8,-0.260805,0.018443,0.056255,0.022704,Avian,N8
2082_A/duck/Hunan/11.30_Y,A/duck/Hunan/11.30_YYGK75E3-OC/2017_H5N6,-0.260805,0.018443,0.056255,0.022704,Avian,N6
2083_A/duck/Hunan/12.27_Y,A/duck/Hunan/12.27_YYGK100J2-C/2016_H5N6,0.168224,0.131736,0.02989,0.041656,Avian,N6
2084_A/duck/Hunan/12.27_Y,A/duck/Hunan/12.27_YYGK60J2-C/2016_H5N6,0.146356,0.117847,-0.007742,0.023682,Avian,N6
2085_A/duck/Hunan/12.27_Y,A/duck/Hunan/12.27_YYGK71J2-O/2016_H5N6,0.175129,0.132745,0.040831,0.054154,Avian,N6
2086_A/duck/Hunan/12.27_Y,A/duck/Hunan/12.27_YYGK73J2-O/2016_H5N6,0.146356,0.117847,-0.007742,0.023682,Avian,N6
2087_A/duck/Hunan/12.27_Y,A/duck/Hunan/12.27_YYGK81J2-O/2016_H5N6,0.168224,0.131736,0.02989,0.041656,Avian,N6
2088_A/duck/Hunan/12.27_Y,A/duck/Hunan/12.27_YYGK86J2-C/2016_H5N6,0.146356,0.117847,-0.007742,0.023682,Avian,N6
2089_A/duck/Hunan/12.27_Y,A/duck/Hunan/12.27_YYGK89J2-O/2016_H5N6,0.168224,0.131736,0.02989,0.041656,Avian,N6
2090_A/duck/Hunan/12.27_Y,A/duck/Hunan/12.27_YYGK91J2-O/2016_H5N6,0.168224,0.131736,0.02989,0.041656,Avian,N6
2091_A/duck/Hunan/12.27_Y,A/duck/Hunan/12.27_YYGK93J2-O/2016_H5N6,0.168224,0.131736,0.02989,0.041656,Avian,N6
2092_A/duck/Hunan/12.27_Y,A/duck/Hunan/12.27_YYGK95J2-O/2016_H5N6,0.168224,0.131736,0.02989,0.041656,Avian,N6
2093_A/duck/Hunan/12.27_Y,A/duck/Hunan/12.27_YYGK96J2-O/2016_H5N6,0.168224,0.131736,0.02989,0.041656,Avian,N6
2094_A/duck/Hunan/12.27_Y,A/duck/Hunan/12.27_YYGK97J2-O/2016_H5N6,0.168224,0.131736,0.02989,0.041656,Avian,N6
2095_A/duck/Hunan/2.06_YY,A/duck/Hunan/2.06_YYGK77J3-OC/2018_H5N6,0.145546,0.107959,0.001337,0.062199,Avian,N6
2096_A/duck/Hunan/2.06_YY,A/duck/Hunan/2.06_YYGK78J3-OC/2018_H5N6,0.174993,0.134155,-0.039182,0.083288,Avian,N6
2097_A/duck/Hunan/2.06_YY,A/duck/Hunan/2.06_YYGK84J3-OC/2018_H5N6,0.145546,0.107959,0.001337,0.062199,Avian,N6
2098_A/duck/Hunan/2.06_YY,A/duck/Hunan/2.06_YYGK92J3-OC/2018_H5N6,0.145546,0.107959,0.001337,0.062199,Avian,N6
2099_A/duck/Hunan/3/2007_,A/duck/Hunan/3/2007_H5N1,0.114352,-0.055951,0.050219,-0.065529,Avian,N1
2100_A/duck/Hunan/316/200,A/duck/Hunan/316/2005_H5N1,0.062404,-0.107101,0.074949,-0.080819,Avian,N1
2101_A/duck/Hunan/3315/20,A/duck/Hunan/3315/2006_H5N1,0.05409,-0.095861,0.057874,-0.075101,Avian,N1
2102_A/duck/Hunan/689/200,A/duck/Hunan/689/2006_H5N1,0.06092,-0.104441,0.069688,-0.097796,Avian,N1
2103_A/duck/Hunan/7.21_YY,A/duck/Hunan/7.21_YYGK41Y1-C/2016_H5N6,0.15033,0.11533,-0.016427,0.029339,Avian,N6
2104_A/duck/Hunan/733/200,A/duck/Hunan/733/2004_H5N1,0.109176,-0.047276,0.041,-0.059389,Avian,N1
2105_A/duck/Hunan/8/2008_,A/duck/Hunan/8/2008_H5N1,-0.081513,-0.122578,-0.058119,-0.138902,Avian,N1
2106_A/duck/Hunan/S4020/2,A/duck/Hunan/S4020/2008_H5N1,0.060069,-0.010245,0.040064,0.022022,Avian,N1
2107_A/duck/Hunan/S4030/2,A/duck/Hunan/S4030/2011_H5N1,0.14537,0.088779,0.006906,-0.088121,Avian,N1
2108_A/duck/Hunan/S4101/2,A/duck/Hunan/S4101/2011_H5N2,-0.106309,-0.14733,-0.128688,-0.163796,Avian,N2
2109_A/duck/Hunan/S4120/2,A/duck/Hunan/S4120/2011_H5N2,-0.096001,-0.153225,-0.120919,-0.131409,Avian,N2
2110_A/duck/Hunan/S4150/2,A/duck/Hunan/S4150/2011_H5N1,-0.000383,-0.04994,0.009319,0.048616,Avian,N1
2111_A/duck/Hunan/S4220/2,A/duck/Hunan/S4220/2011_H5N1,0.166695,0.090437,0.00885,-0.039457,Avian,N1
2112_A/duck/Jiangsu/m234/,A/duck/Jiangsu/m234/2012_H5N2,-0.038279,-0.245756,0.008835,-0.07202,Avian,N2
2113_A/duck/Jiangxi/01.11,A/duck/Jiangxi/01.11_NCNP101G2-OC/2017_H5N6,0.166317,0.128185,-0.016396,0.050398,Avian,N6
2114_A/duck/Jiangxi/10160,A/duck/Jiangxi/10160/2014_H5N6,0.16265,0.079076,-0.007171,-0.026932,Avian,N6
2115_A/duck/Jiangxi/11.17,A/duck/Jiangxi/11.17_NCNP30Y2-O/2016_H5N6,0.128859,0.117419,-0.022539,0.034728,Avian,N6
2116_A/duck/Jiangxi/11.17,A/duck/Jiangxi/11.17_NCNP48Y2-C/2016_H5N6,0.128859,0.117419,-0.022539,0.034728,Avian,N6
2117_A/duck/Jiangxi/11.29,A/duck/Jiangxi/11.29_NCDZT71H2-O/2016_H5N6,0.141244,0.082478,0.034096,0.006385,Avian,N6
2118_A/duck/Jiangxi/11.29,A/duck/Jiangxi/11.29_NCNP22D3-OC/2017_H5N6,0.156668,0.130349,-0.00495,0.022165,Avian,N6
2119_A/duck/Jiangxi/11.29,A/duck/Jiangxi/11.29_NCNP39D3-OC/2017_H5N6,0.15297,0.115094,-0.015492,0.055508,Avian,N6
2120_A/duck/Jiangxi/120/2,A/duck/Jiangxi/120/2011_H5N1,-0.277506,-0.086834,-0.338293,0.045732,Avian,N1
2121_A/duck/Jiangxi/130/2,A/duck/Jiangxi/130/2011_H5N1,-0.008126,-0.054061,0.005763,0.051474,Avian,N1
2122_A/duck/Jiangxi/13469,A/duck/Jiangxi/13469/2014_H5N6,0.153317,0.075115,-0.001119,-0.022275,Avian,N6
2123_A/duck/Jiangxi/13475,A/duck/Jiangxi/13475/2014_H5N6,0.153317,0.075115,-0.001119,-0.022275,Avian,N6
2124_A/duck/Jiangxi/13484,A/duck/Jiangxi/13484/2014_H5N6,0.153317,0.075115,-0.001119,-0.022275,Avian,N6
2125_A/duck/Jiangxi/2.28N,A/duck/Jiangxi/2.28NCNP23K3-OC/2018_H5N6,0.149972,0.140151,-0.049305,0.092144,Avian,N6
2126_A/duck/Jiangxi/2.28_,A/duck/Jiangxi/2.28_NCNP25K3-OC/2018_H5N6,0.149972,0.140151,-0.049305,0.092144,Avian,N6
2127_A/duck/Jiangxi/34/20,A/duck/Jiangxi/34/2011_H5N1,0.160409,0.084447,-0.017391,-0.096812,Avian,N1
2128_A/duck/Jiangxi/35/20,A/duck/Jiangxi/35/2011_H5N1,0.160409,0.084447,-0.017391,-0.096812,Avian,N1
2129_A/duck/Jiangxi/44/20,A/duck/Jiangxi/44/2011_H5N1,-0.14682,-0.019689,0.016928,-0.039516,Avian,N1
2130_A/duck/Jiangxi/5.26_,A/duck/Jiangxi/5.26_NCDZT80Q2-OC/2017_H5N6,0.166317,0.128185,-0.016396,0.050398,Avian,N6
2131_A/duck/Jiangxi/80/20,A/duck/Jiangxi/80/2005_H5N1,0.064557,-0.107933,0.081053,-0.085071,Avian,N1
2132_A/duck/Jilin/JL-SIV/,A/duck/Jilin/JL-SIV/2013_H5N1,0.073937,-0.103255,0.077252,-0.085636,Avian,N1
2133_A/duck/Kaohsiung/150,A/duck/Kaohsiung/15010213/2015_H5N2,0.046422,-0.224245,0.020706,0.052875,Avian,N2
2134_A/duck/Kaohsiung/15W,A/duck/Kaohsiung/15WB3298-1-5/2015_H5N3,-0.314579,0.018901,0.030899,-0.041237,Avian,Others
2135_A/duck/Kaohsiung/20W,A/duck/Kaohsiung/20WB0242-154/2020_H5N3,-0.295046,-0.040009,0.079221,-0.039325,Avian,Others
2136_A/duck/Liaoning/LN/2,A/duck/Liaoning/LN/2011_H5N5,0.047624,-0.139452,0.018086,-0.074834,Avian,Others
2137_A/duck/Nanchang/9789,A/duck/Nanchang/9789/2013_H5N1,0.143231,0.083196,-0.010913,-0.026752,Avian,N1
2138_A/duck/Nantou/15A343,A/duck/Nantou/15A3437/2015_H5N2,0.041267,-0.222888,0.026301,0.053782,Avian,N2
2139_A/duck/Nantou/17A024,A/duck/Nantou/17A0243/2017_H5N2,0.060816,-0.290219,0.094247,0.018416,Avian,N2
2140_A/duck/Pingtung/1501,A/duck/Pingtung/15010180/2015_H5N3,0.046759,-0.22342,0.022006,0.05408,Avian,Others
2141_A/duck/Pingtung/1501,A/duck/Pingtung/15010444/2015_H5N2,0.046759,-0.22342,0.022006,0.05408,Avian,N2
2142_A/duck/Pingtung/17A0,A/duck/Pingtung/17A0160/2017_H5N2,0.092122,-0.246958,0.046116,0.043758,Avian,N2
2143_A/duck/Pingtung/18A0,A/duck/Pingtung/18A00003-11-20T/2018_H5N2,0.067407,-0.246279,0.041022,0.050007,Avian,N2
2144_A/duck/Pingtung/18A0,A/duck/Pingtung/18A00076-11-20T/2018_H5N2,0.056471,-0.236628,0.044375,0.052215,Avian,N2
2145_A/duck/Pingtung/18X0,A/duck/Pingtung/18X00077/2018_H5N2,0.062859,-0.24288,0.035803,0.035487,Avian,N2
2146_A/duck/Shandong/009/,A/duck/Shandong/009/2008_H5N1,-0.25145,-0.018359,-0.344897,0.038659,Avian,N1
2147_A/duck/Shandong/Q1/2,A/duck/Shandong/Q1/2013_H5N8,0.010392,-0.092046,-0.001271,-0.215207,Avian,N8
2148_A/duck/Shandong/SD02,A/duck/Shandong/SD0261/2021_H5N6,-0.294959,0.10087,0.123038,0.027107,Avian,N6
2149_A/duck/Shandong/SD02,A/duck/Shandong/SD0263/2021_H5N6,-0.294959,0.10087,0.123038,0.027107,Avian,N6
2150_A/duck/Sichuan/NCXJ1,A/duck/Sichuan/NCXJ15/2014_H5N6,0.155675,0.079523,0.004601,-0.024297,Avian,N6
2151_A/duck/Sichuan/NCXJ1,A/duck/Sichuan/NCXJ16/2014_H5N6,0.155068,0.078495,0.008043,-0.024506,Avian,N6
2152_A/duck/Sichuan/NCXN1,A/duck/Sichuan/NCXN10/2014_H5N1,0.173825,0.101393,0.001352,0.017468,Avian,N1
2153_A/duck/Sichuan/NCXN1,A/duck/Sichuan/NCXN11/2014_H5N1,0.168035,0.102697,0.005753,0.017485,Avian,N1
2154_A/duck/Sichuan/SC482,A/duck/Sichuan/SC4822/2021_H5N6,-0.298289,0.107532,0.130001,0.034135,Avian,N6
2155_A/duck/Sichuan/SC569,A/duck/Sichuan/SC5698/2021_H5N6,-0.32104,0.112901,0.121021,0.042571,Avian,N6
2156_A/duck/Taichung/1501,A/duck/Taichung/15010400-1/2015_H5N2,0.046731,-0.22695,0.021094,0.05458,Avian,N2
2157_A/duck/Tainan/150104,A/duck/Tainan/15010403/2015_H5N8,0.046759,-0.22342,0.022006,0.05408,Avian,N8
2158_A/duck/Tainan/160100,A/duck/Tainan/16010020-1/2016_H5N2,0.034409,-0.247109,0.003645,0.050177,Avian,N2
2159_A/duck/Tainan/16WB34,A/duck/Tainan/16WB3443-156-160/2016_H5N3,-0.31168,0.000691,0.044908,0.011494,Avian,Others
2160_A/duck/Taipei/05WB83,A/duck/Taipei/05WB830-1-5-E2/2005_H5N2,-0.399177,-0.02848,0.053614,-0.059947,Avian,N2
2161_A/duck/Taipei/18WB01,A/duck/Taipei/18WB0120-1-5-E1/2018_H5N3,-0.173889,-0.136082,-0.04543,0.028943,Avian,Others
2162_A/duck/Taipei/19WB02,A/duck/Taipei/19WB0235-14-16/2019_H5N3,-0.304087,-0.014158,0.025726,-0.030386,Avian,Others
2163_A/duck/Taiwan/01006/,A/duck/Taiwan/01006/2015_H5N2,0.046759,-0.22342,0.022006,0.05408,Avian,N2
2164_A/duck/Taiwan/11213/,A/duck/Taiwan/11213/2013_H5N2,-0.173354,0.001459,-0.119461,0.031466,Avian,N2
2165_A/duck/Taiwan/11254/,A/duck/Taiwan/11254/2013_H5N2,-0.156482,-0.004887,-0.107902,0.026354,Avian,N2
2166_A/duck/Taiwan/A3400/,A/duck/Taiwan/A3400/2015_H5N8,0.046759,-0.22342,0.022006,0.05408,Avian,N8
2167_A/duck/Taiwan/DV1238,A/duck/Taiwan/DV1238/2009_H5N2,-0.269496,-0.066148,-0.037967,0.00322,Avian,N2
2168_A/duck/Taiwan/DV1241,A/duck/Taiwan/DV1241/2009_H5N2,-0.269496,-0.066148,-0.037967,0.00322,Avian,N2
2169_A/duck/Taiwan/DV1242,A/duck/Taiwan/DV1242/2009_H5N2,-0.269496,-0.066148,-0.037967,0.00322,Avian,N2
2170_A/duck/Taoyuan/16010,A/duck/Taoyuan/16010023-1/2016_H5N2,0.031494,-0.21852,0.017371,0.062835,Avian,N2
2171_A/duck/Wenzhou/YJYF3,A/duck/Wenzhou/YJYF33/2015_H5N1,-0.294618,0.00447,-0.398761,-0.000375,Avian,N1
2172_A/duck/Wuhan/JXYFB22,A/duck/Wuhan/JXYFB22/2015_H5N6,0.183638,0.095003,0.018261,-0.007606,Avian,N6
2173_A/duck/Wuhan/WHYF02/,A/duck/Wuhan/WHYF02/2015_H5N6,0.139161,0.112563,-0.013214,0.019215,Avian,N6
2174_A/duck/Xinjiang/12.1,A/duck/Xinjiang/12.18_WLMQXL001-C/2016_H5N8,-0.270207,0.072299,0.098116,-0.008314,Avian,N8
2175_A/duck/Yilan/17A0092,A/duck/Yilan/17A0092/2017_H5N2,0.090931,-0.245913,0.055589,0.044128,Avian,N2
2176_A/duck/Yunlin/150102,A/duck/Yunlin/15010244-1/2015_H5N2,0.046731,-0.22695,0.021094,0.05458,Avian,N2
2177_A/duck/Yunlin/150102,A/duck/Yunlin/15010277/2015_H5N8,0.038117,-0.224846,0.019787,0.023055,Avian,N8
2178_A/duck/Yunlin/150103,A/duck/Yunlin/15010310-4/2015_H5N2,0.046731,-0.22695,0.021094,0.05458,Avian,N2
2179_A/duck/Yunlin/150103,A/duck/Yunlin/15010318-2/2015_H5N2,0.046759,-0.22342,0.022006,0.05408,Avian,N2
2180_A/duck/Yunlin/150103,A/duck/Yunlin/15010369-1/2015_H5N2,0.046731,-0.22695,0.021094,0.05458,Avian,N2
2181_A/duck/Yunlin/150104,A/duck/Yunlin/15010458-1/2015_H5N8,0.038117,-0.224846,0.019787,0.023055,Avian,N8
2182_A/duck/Yunlin/150700,A/duck/Yunlin/15070002-2/2015_H5N2,0.046759,-0.22342,0.022006,0.05408,Avian,N2
2183_A/duck/Yunlin/15A501,A/duck/Yunlin/15A5019/2015_H5N2,0.046759,-0.22342,0.022006,0.05408,Avian,N2
2184_A/duck/Yunlin/171100,A/duck/Yunlin/17110001/2017_H5N2,0.052176,-0.278736,0.02841,0.046263,Avian,N2
2185_A/duck/Yunlin/17A008,A/duck/Yunlin/17A0086/2017_H5N2,0.093152,-0.246044,0.056143,0.044643,Avian,N2
2186_A/duck/Yunlin/17A068,A/duck/Yunlin/17A0686/2017_H5N2,0.073654,-0.257681,0.051565,0.04268,Avian,N2
2187_A/duck/Yunlin/180600,A/duck/Yunlin/18060007-3/2018_H5N2,0.065366,-0.249959,0.045826,0.04791,Avian,N2
2188_A/duck/Yunlin/18X000,A/duck/Yunlin/18X00007-3/2018_H5N2,0.050203,-0.270514,0.022283,0.097528,Avian,N2
2189_A/duck/Yunnan/4072/2,A/duck/Yunnan/4072/2003_H5N1,0.077513,-0.07229,0.042348,-0.114578,Avian,N1
2190_A/duck/Yunnan/426/20,A/duck/Yunnan/426/2004_H5N1,0.083302,-0.077349,0.039939,-0.104432,Avian,N1
2191_A/duck/Yunnan/4645/2,A/duck/Yunnan/4645/2003_H5N1,0.07886,-0.073907,0.038516,-0.112925,Avian,N1
2192_A/duck/Yunnan/47/200,A/duck/Yunnan/47/2006_H5N1,0.062255,-0.12068,0.08117,-0.038615,Avian,N1
2193_A/duck/Yunnan/485/20,A/duck/Yunnan/485/2004_H5N1,0.07886,-0.073907,0.038516,-0.112925,Avian,N1
2194_A/duck/Yunnan/4873/2,A/duck/Yunnan/4873/2006_H5N1,0.094043,-0.096876,0.089376,-0.045741,Avian,N1
2195_A/duck/Yunnan/5090/2,A/duck/Yunnan/5090/2003_H5N1,0.07886,-0.073907,0.038516,-0.112925,Avian,N1
2196_A/duck/Yunnan/5169/2,A/duck/Yunnan/5169/2003_H5N1,0.07886,-0.073907,0.038516,-0.112925,Avian,N1
2197_A/duck/Yunnan/522/20,A/duck/Yunnan/522/2004_H5N1,0.07886,-0.073907,0.038516,-0.112925,Avian,N1
2198_A/duck/Yunnan/5310/2,A/duck/Yunnan/5310/2006_H5N1,0.071171,-0.10521,0.081619,-0.078337,Avian,N1
2199_A/duck/Yunnan/5948/2,A/duck/Yunnan/5948/2003_H5N1,0.082627,-0.070014,0.04633,-0.116311,Avian,N1
2200_A/duck/Yunnan/6080/2,A/duck/Yunnan/6080/2003_H5N1,0.065807,-0.09793,0.021535,-0.117504,Avian,N1
2201_A/duck/Yunnan/6603/2,A/duck/Yunnan/6603/2003_H5N1,0.07886,-0.073907,0.038516,-0.112925,Avian,N1
2202_A/duck/Zhejiang/1026,A/duck/Zhejiang/1026109/2015_H5N2,0.010273,-0.171716,-0.010709,0.056964,Avian,N2
2203_A/duck/Zhejiang/1220,A/duck/Zhejiang/1220092/2014_H5N1,-0.296266,0.004969,-0.401627,0.000268,Avian,N1
2204_A/duck/Zhejiang/213/,A/duck/Zhejiang/213/2011_H5N1,0.169051,0.085873,-0.015172,-0.065787,Avian,N1
2205_A/duck/Zhejiang/224/,A/duck/Zhejiang/224/2011_H5N1,0.159312,0.086111,-0.017823,-0.098345,Avian,N1
2206_A/duck/Zhejiang/2242,A/duck/Zhejiang/2242/2011_H5N1,0.159312,0.086111,-0.017823,-0.098345,Avian,N1
2207_A/duck/Zhejiang/2243,A/duck/Zhejiang/2243/2011_H5N1,0.159312,0.086111,-0.017823,-0.098345,Avian,N1
2208_A/duck/Zhejiang/2244,A/duck/Zhejiang/2244/2011_H5N1,0.159312,0.086111,-0.017823,-0.098345,Avian,N1
2209_A/duck/Zhejiang/2245,A/duck/Zhejiang/2245/2011_H5N1,-0.310208,-0.068645,-0.017763,-0.030931,Avian,N1
2210_A/duck/Zhejiang/2248,A/duck/Zhejiang/2248/2011_H5N1,0.159312,0.086111,-0.017823,-0.098345,Avian,N1
2211_A/duck/Zhejiang/6D18,A/duck/Zhejiang/6D18/2013_H5N8,-0.003895,-0.07626,-0.039174,-0.182191,Avian,N8
2212_A/duck/Zhejiang/6D2/,A/duck/Zhejiang/6D2/2013_H5N6,0.158517,0.080152,-0.003906,-0.024873,Avian,N6
2213_A/duck/Zhejiang/6DK1,A/duck/Zhejiang/6DK19/2013_H5N2,0.158517,0.080152,-0.003906,-0.024873,Avian,N2
2214_A/duck/Zhejiang/7270,A/duck/Zhejiang/727041/2014_H5N2,0.139441,0.100144,-0.00549,0.020721,Avian,N2
2215_A/duck/Zhejiang/7271,A/duck/Zhejiang/727158/2014_H5N6,0.147609,0.11541,-0.004605,0.026464,Avian,N6
2216_A/duck/Zhejiang/7713,A/duck/Zhejiang/77138/2014_H5N2,0.167324,0.081406,-0.00071,0.003828,Avian,N2
2217_A/duck/Zhejiang/9250,A/duck/Zhejiang/925019/2014_H5N8,-0.01074,-0.075583,-0.037391,-0.183927,Avian,N8
2218_A/duck/Zhejiang/9251,A/duck/Zhejiang/925169/2014_H5N8,-0.01074,-0.075583,-0.037391,-0.183927,Avian,N8
2219_A/duck/Zhejiang/W24/,A/duck/Zhejiang/W24/2013_H5N8,-0.004964,-0.075923,-0.035951,-0.182588,Avian,N8
2220_A/egret/Zhejiang/W15,A/egret/Zhejiang/W15/2017_H5N6,0.157268,0.121126,0.001827,0.019018,Avian,N6
2221_A/egret/Zhejiang/W18,A/egret/Zhejiang/W18/2017_H5N6,0.185835,0.127904,0.03785,0.036975,Avian,N6
2222_A/equine/China/61/20,A/equine/China/61/2010_H5N1,0.081064,-0.092126,0.093853,-0.080204,Nonhuman Mammal,N1
2223_A/equine/China/67/20,A/equine/China/67/2010_H5N1,0.065213,-0.07016,0.07229,-0.057901,Nonhuman Mammal,N1
2224_A/equine/China/68/20,A/equine/China/68/2010_H5N1,0.086027,-0.092317,0.080889,-0.082135,Nonhuman Mammal,N1
2225_A/eurasian_coot/Shan,A/eurasian_coot/Shandong/W5611/2020_H5N8,-0.298289,0.107532,0.130001,0.034135,Avian,N8
2226_A/eurasian_coot/Shan,A/eurasian_coot/Shandong/W6137/2020_H5N8,-0.298289,0.107532,0.130001,0.034135,Avian,N8
2227_A/eurasian_coot/Shan,A/eurasian_coot/Shandong/W6143/2020_H5N8,-0.298289,0.107532,0.130001,0.034135,Avian,N8
2228_A/eurasian_coot/Shan,A/eurasian_coot/Shandong/W6150/2020_H5N8,-0.298289,0.107532,0.130001,0.034135,Avian,N8
2229_A/feline/Guangdong/2,A/feline/Guangdong/2/2015_H5N6,0.147894,0.10736,-0.005577,0.02044,Nonhuman Mammal,N6
2230_A/gadwall/Ningxia/YG,A/gadwall/Ningxia/YG61/2017_H5N6,-0.29974,-0.000446,0.049087,-0.024025,Avian,N6
2231_A/goose/Changhua/150,A/goose/Changhua/15040008/2015_H5N2,0.046731,-0.22695,0.021094,0.05458,Avian,N2
2232_A/goose/Chiayi/15010,A/goose/Chiayi/15010008-3/2015_H5N2,0.039784,-0.222974,0.033778,0.056715,Avian,N2
2233_A/goose/Chiayi/15010,A/goose/Chiayi/15010016-1/2015_H5N2,0.046759,-0.22342,0.022006,0.05408,Avian,N2
2234_A/goose/Chiayi/15020,A/goose/Chiayi/15020022/2015_H5N8,0.021295,-0.22836,0.024251,0.027513,Avian,N8
2235_A/goose/Chiayi/16010,A/goose/Chiayi/16010017-2/2016_H5N2,0.037441,-0.243709,0.005889,0.047106,Avian,N2
2236_A/goose/Chiayi/16040,A/goose/Chiayi/16040003-1/2016_H5N2,0.046759,-0.22342,0.022006,0.05408,Avian,N2
2237_A/goose/Chiayi/16040,A/goose/Chiayi/16040005/2016_H5N2,0.046759,-0.22342,0.022006,0.05408,Avian,N2
2238_A/goose/Chiayi/17020,A/goose/Chiayi/17020027-1/2017_H5N2,0.073819,-0.243288,0.063132,0.045576,Avian,N2
2239_A/goose/Chiayi/17040,A/goose/Chiayi/17040014/2017_H5N2,0.040983,-0.22308,0.020566,0.052741,Avian,N2
2240_A/goose/Chiayi/18010,A/goose/Chiayi/18010006/2018_H5N2,0.075541,-0.242212,0.048183,0.049324,Avian,N2
2241_A/goose/Chiayi/18020,A/goose/Chiayi/18020014-1/2018_H5N2,0.062871,-0.259121,0.03967,0.052863,Avian,N2
2242_A/goose/Chiayi/18020,A/goose/Chiayi/18020014-2/2018_H5N2,0.062871,-0.259121,0.03967,0.052863,Avian,N2
2243_A/goose/China/0701/2,A/goose/China/0701/2018_H5N6,0.145369,0.139479,-0.056598,0.083812,Avian,N6
2244_A/goose/China/1/2021,A/goose/China/1/2021_H5N8,-0.306241,0.121051,0.129879,0.037746,Avian,N8
2245_A/goose/China/1106/2,A/goose/China/1106/2016_H5N2,-0.011943,-0.20414,-0.000197,0.014857,Avian,N2
2246_A/goose/China/E43/20,A/goose/China/E43/2012_H5N1,0.165244,0.055947,-0.005499,-0.048305,Avian,N1
2247_A/goose/China/M14/20,A/goose/China/M14/2016_H5N6,-0.288385,0.030982,-0.393559,0.046211,Avian,N6
2248_A/goose/Eastern_Chin,A/goose/Eastern_China/1112/2011_H5N2,-0.007402,-0.205641,-0.019678,-0.045622,Avian,N2
2249_A/goose/Eastern_Chin,A/goose/Eastern_China/223/2008_H5N1,-0.276366,-0.118569,-0.357319,0.005009,Avian,N1
2250_A/goose/Eastern_Chin,A/goose/Eastern_China/CZ/2013_H5N8,-0.00487,-0.077576,-0.030262,-0.176141,Avian,N8
2251_A/goose/Eastern_Chin,A/goose/Eastern_China/L1204/2012_H5N8,0.011424,-0.094962,-0.000194,-0.208855,Avian,N8
2252_A/goose/Eastern_Chin,A/goose/Eastern_China/L1214/2012_H5N8,0.011424,-0.094962,-0.000194,-0.208855,Avian,N8
2253_A/goose/Eastern_Chin,A/goose/Eastern_China/S0408/2014_H5N8,-0.005354,-0.074508,-0.035023,-0.183981,Avian,N8
2254_A/goose/Eastern_Chin,A/goose/Eastern_China/S0513/2013_H5N6,0.146575,0.121633,0.004114,0.02008,Avian,N6
2255_A/goose/Fujian/10.11,A/goose/Fujian/10.11_FZHX1001-C/2016_H5N6,0.163269,0.07671,-0.000502,0.039471,Avian,N6
2256_A/goose/Fujian/10.26,A/goose/Fujian/10.26_FZHX0002-C/2017_H5N6,0.159167,0.127571,-0.004708,0.009491,Avian,N6
2257_A/goose/Fujian/10.26,A/goose/Fujian/10.26_FZHX0002-O/2017_H5N6,0.159167,0.127571,-0.004708,0.009491,Avian,N6
2258_A/goose/Fujian/10.26,A/goose/Fujian/10.26_FZHX0004-C/2017_H5N6,0.159167,0.127571,-0.004708,0.009491,Avian,N6
2259_A/goose/Fujian/10.26,A/goose/Fujian/10.26_FZHX0004-O/2017_H5N6,0.159167,0.127571,-0.004708,0.009491,Avian,N6
2260_A/goose/Fujian/10.26,A/goose/Fujian/10.26_FZHX0006-C/2017_H5N6,0.159167,0.127571,-0.004708,0.009491,Avian,N6
2261_A/goose/Fujian/10.26,A/goose/Fujian/10.26_FZHX0006-O/2017_H5N6,0.159167,0.127571,-0.004708,0.009491,Avian,N6
2262_A/goose/Fujian/10.26,A/goose/Fujian/10.26_FZHX0007-O/2017_H5N6,0.159167,0.127571,-0.004708,0.009491,Avian,N6
2263_A/goose/Fujian/10.26,A/goose/Fujian/10.26_FZHX0008-C/2017_H5N6,0.159167,0.127571,-0.004708,0.009491,Avian,N6
2264_A/goose/Fujian/10.26,A/goose/Fujian/10.26_FZHX0014-O/2017_H5N6,0.159167,0.127571,-0.004708,0.009491,Avian,N6
2265_A/goose/Fujian/11.3_,A/goose/Fujian/11.3_FZHX1102-C/2016_H5N6,0.163269,0.07671,-0.000502,0.039471,Avian,N6
2266_A/goose/Fujian/3.15_,A/goose/Fujian/3.15_FZHX0001-O/2018_H5N6,0.145301,0.142933,-0.0568,0.06271,Avian,N6
2267_A/goose/Fujian/3.15_,A/goose/Fujian/3.15_FZHX0005-C/2018_H5N6,0.128699,0.141275,-0.065445,0.055432,Avian,N6
2268_A/goose/Fujian/3.15_,A/goose/Fujian/3.15_FZHX0007-C/2018_H5N6,0.141956,0.144711,-0.057791,0.05575,Avian,N6
2269_A/goose/Fujian/3.15_,A/goose/Fujian/3.15_FZHX0008-C/2018_H5N6,0.147615,0.135744,-0.055026,0.094166,Avian,N6
2270_A/goose/Fujian/3.15_,A/goose/Fujian/3.15_FZHX0010-O/2018_H5N6,0.127637,0.155078,-0.060506,0.049952,Avian,N6
2271_A/goose/GuangDong/11,A/goose/GuangDong/1189/2023_H5N1,-0.386386,0.138391,0.176913,0.013141,Avian,N1
2272_A/goose/Guangdong/7.,A/goose/Guangdong/7.20_DGCP010-C/2017_H5N6,0.168772,0.134522,-0.040732,0.081846,Avian,N6
2273_A/goose/Guangdong/72,A/goose/Guangdong/72/2004_H5N1,0.099524,-0.071905,0.02936,-0.075645,Avian,N1
2274_A/goose/Guangdong/QY,A/goose/Guangdong/QY01/2016_H5N6,0.159756,0.095082,-0.00176,0.042277,Avian,N6
2275_A/goose/Guangdong/k0,A/goose/Guangdong/k0103/2010_H5N5,0.039548,-0.171735,0.008622,-0.090152,Avian,Others
2276_A/goose/Guangdong/s1,A/goose/Guangdong/s13124/2013_H5N8,0.020713,-0.094176,0.019293,-0.195265,Avian,N8
2277_A/goose/Hebei/HG12/2,A/goose/Hebei/HG12/2021_H5N8,-0.311535,0.114607,0.112525,0.042902,Avian,N8
2278_A/goose/Henan/01.01_,A/goose/Henan/01.01_LYGL001-O/2017_H5N6,0.159245,0.130782,-0.00395,0.040558,Avian,N6
2279_A/goose/Hong_Kong/23,A/goose/Hong_Kong/23/1978_H5N3,-0.181141,-0.01447,-0.053709,0.049069,Avian,Others
2280_A/goose/Hubei/65/200,A/goose/Hubei/65/2005_H5N1,0.064498,-0.111459,0.080911,-0.076999,Avian,N1
2281_A/goose/Inner_Mongol,A/goose/Inner_Mongolia/IM-192/2014_H5N1,-0.302135,0.005717,0.041073,-0.048643,Avian,N1
2282_A/goose/Jiangsu/QD5/,A/goose/Jiangsu/QD5/2014_H5N8,-0.004964,-0.075923,-0.035951,-0.182588,Avian,N8
2283_A/goose/Jiangsu/k040,A/goose/Jiangsu/k0403/2010_H5N1,0.058476,-0.06394,0.058814,0.053984,Avian,N1
2284_A/goose/Pingtung/150,A/goose/Pingtung/15010007-4/2015_H5N2,0.046759,-0.22342,0.022006,0.05408,Avian,N2
2285_A/goose/Pingtung/150,A/goose/Pingtung/15010037-1/2015_H5N2,0.046759,-0.22342,0.022006,0.05408,Avian,N2
2286_A/goose/Pingtung/150,A/goose/Pingtung/15050014/2015_H5N8,0.046787,-0.21989,0.022919,0.05358,Avian,N8
2287_A/goose/Pingtung/160,A/goose/Pingtung/16010061/2016_H5N8,0.057099,-0.207388,0.025711,0.052063,Avian,N8
2288_A/goose/Shantou/1763,A/goose/Shantou/1763/2014_H5N6,0.14316,0.118829,-0.002022,0.020626,Avian,N6
2289_A/goose/Tainan/16040,A/goose/Tainan/16040018-1/2016_H5N8,0.046056,-0.223753,0.023387,0.053404,Avian,N8
2290_A/goose/Tainan/16070,A/goose/Tainan/16070002/2016_H5N8,0.028444,-0.21992,0.015427,0.058086,Avian,N8
2291_A/goose/Tainan/17030,A/goose/Tainan/17030022-1/2017_H5N2,0.093646,-0.244587,0.058429,0.044522,Avian,N2
2292_A/goose/Tainan/17030,A/goose/Tainan/17030024-1/2017_H5N2,0.101794,-0.244618,0.058362,0.075668,Avian,N2
2293_A/goose/Tainan/18010,A/goose/Tainan/18010022-1/2018_H5N2,0.08284,-0.258546,0.053351,0.04616,Avian,N2
2294_A/goose/Tainan/18050,A/goose/Tainan/18050014-1/2018_H5N2,0.066024,-0.259948,0.048058,0.012225,Avian,N2
2295_A/goose/Taiwan/01019,A/goose/Taiwan/01019/2015_H5N8,0.046759,-0.22342,0.022006,0.05408,Avian,N8
2296_A/goose/Taiwan/01022,A/goose/Taiwan/01022/2015_H5N2,0.038089,-0.228375,0.018875,0.023554,Avian,N2
2297_A/goose/Taiwan/01023,A/goose/Taiwan/01023/2015_H5N2,0.046759,-0.22342,0.022006,0.05408,Avian,N2
2298_A/goose/Taiwan/01031,A/goose/Taiwan/01031/2015_H5N2,0.054287,-0.215867,0.024687,0.053446,Avian,N2
2299_A/goose/Taiwan/01038,A/goose/Taiwan/01038/2015_H5N3,0.046759,-0.22342,0.022006,0.05408,Avian,Others
2300_A/goose/Taiwan/01039,A/goose/Taiwan/01039/2015_H5N8,0.025612,-0.255272,0.052147,0.034731,Avian,N8
2301_A/goose/Taiwan/01040,A/goose/Taiwan/01040/2015_H5N2,0.046787,-0.21989,0.022919,0.05358,Avian,N2
2302_A/goose/Taiwan/TNC1/,A/goose/Taiwan/TNC1/2015_H5N8,0.039405,-0.23077,-0.007515,-0.004482,Avian,N8
2303_A/goose/Taiwan/TNC10,A/goose/Taiwan/TNC10/2015_H5N8,0.039405,-0.23077,-0.007515,-0.004482,Avian,N8
2304_A/goose/Taiwan/TNC11,A/goose/Taiwan/TNC11/2015_H5N8,0.046759,-0.22342,0.022006,0.05408,Avian,N8
2305_A/goose/Taiwan/TNC12,A/goose/Taiwan/TNC12/2015_H5N8,0.039405,-0.23077,-0.007515,-0.004482,Avian,N8
2306_A/goose/Taiwan/TNC14,A/goose/Taiwan/TNC14/2015_H5N8,0.039405,-0.23077,-0.007515,-0.004482,Avian,N8
2307_A/goose/Taiwan/TNC3/,A/goose/Taiwan/TNC3/2015_H5N8,0.038117,-0.224846,0.019787,0.023055,Avian,N8
2308_A/goose/Taiwan/TNC7/,A/goose/Taiwan/TNC7/2015_H5N8,0.039405,-0.23077,-0.007515,-0.004482,Avian,N8
2309_A/goose/Taiwan/TNC9/,A/goose/Taiwan/TNC9/2015_H5N8,0.038117,-0.224846,0.019787,0.023055,Avian,N8
2310_A/goose/Taiwan/TNO15,A/goose/Taiwan/TNO15/2015_H5N8,0.046759,-0.22342,0.022006,0.05408,Avian,N8
2311_A/goose/Taiwan/TNO3/,A/goose/Taiwan/TNO3/2015_H5N8,0.046759,-0.22342,0.022006,0.05408,Avian,N8
2312_A/goose/Taiwan/TNO9/,A/goose/Taiwan/TNO9/2015_H5N8,0.046759,-0.22342,0.022006,0.05408,Avian,N8
2313_A/goose/Taoyuan/1501,A/goose/Taoyuan/15010041/2015_H5N8,0.038117,-0.224846,0.019787,0.023055,Avian,N8
2314_A/goose/Taoyuan/1812,A/goose/Taoyuan/18120002-2/2018_H5N2,0.060464,-0.255215,0.042663,0.050073,Avian,N2
2315_A/goose/Xinjiang/12.,A/goose/Xinjiang/12.18_WLMQXL001-C/2016_H5N6,0.13651,0.128722,-0.013001,0.013372,Avian,N6
2316_A/goose/Xinjiang/12.,A/goose/Xinjiang/12.18_WLMQXL002-O/2016_H5N6,0.13651,0.128722,-0.013001,0.013372,Avian,N6
2317_A/goose/Xinjiang/12.,A/goose/Xinjiang/12.18_WLMQXL003-C/2016_H5N8,-0.271414,0.077853,0.123712,0.017501,Avian,N8
2318_A/goose/Xinjiang/12.,A/goose/Xinjiang/12.18_WLMQXL003-O/2016_H5N8,-0.271414,0.077853,0.123712,0.017501,Avian,N8
2319_A/goose/Xinjiang/12.,A/goose/Xinjiang/12.18_WLMQXL004-C/2016_H5N8,-0.271414,0.077853,0.123712,0.017501,Avian,N8
2320_A/goose/Xinjiang/12.,A/goose/Xinjiang/12.18_WLMQXL004-O/2016_H5N8,-0.214206,0.051844,0.070748,0.015228,Avian,N8
2321_A/goose/Yangzhou/042,A/goose/Yangzhou/0420/2014_H5N8,-0.06523,-0.087426,-0.069473,-0.16051,Avian,N8
2322_A/goose/Yangzhou/YZ5,A/goose/Yangzhou/YZ587/2016_H5N6,0.171031,0.135811,0.018319,0.046774,Avian,N6
2323_A/goose/Yunlin/15010,A/goose/Yunlin/15010005/2015_H5N2,0.046759,-0.22342,0.022006,0.05408,Avian,N2
2324_A/goose/Yunlin/15010,A/goose/Yunlin/15010009-1/2015_H5N2,0.046759,-0.22342,0.022006,0.05408,Avian,N2
2325_A/goose/Yunlin/15010,A/goose/Yunlin/15010010-2/2015_H5N2,0.046759,-0.22342,0.022006,0.05408,Avian,N2
2326_A/goose/Yunlin/15010,A/goose/Yunlin/15010011-1/2015_H5N2,0.046759,-0.22342,0.022006,0.05408,Avian,N2
2327_A/goose/Yunlin/15010,A/goose/Yunlin/15010029-1/2015_H5N2,0.046759,-0.22342,0.022006,0.05408,Avian,N2
2328_A/goose/Yunlin/15040,A/goose/Yunlin/15040040/2015_H5N8,0.037244,-0.257977,-0.001009,0.081847,Avian,N8
2329_A/goose/Yunlin/16020,A/goose/Yunlin/16020008-4/2016_H5N2,0.046759,-0.22342,0.022006,0.05408,Avian,N2
2330_A/goose/Yunlin/16020,A/goose/Yunlin/16020011-1/2016_H5N2,0.0554,-0.221994,0.024226,0.085105,Avian,N2
2331_A/goose/Yunlin/16040,A/goose/Yunlin/16040002-2/2016_H5N2,0.046759,-0.22342,0.022006,0.05408,Avian,N2
2332_A/goose/Yunlin/17100,A/goose/Yunlin/17100005/2017_H5N2,0.096547,-0.231471,0.057046,0.040192,Avian,N2
2333_A/goose/Yunlin/18030,A/goose/Yunlin/18030020-2/2018_H5N2,0.058811,-0.308123,0.003061,-0.00011,Avian,N2
2334_A/goose/Yunlin/18030,A/goose/Yunlin/18030020-3/2018_H5N2,0.08883,-0.245033,-0.005304,0.04992,Avian,N2
2335_A/goose/Yunlin/18040,A/goose/Yunlin/18040002-3/2018_H5N2,0.08284,-0.258546,0.053351,0.04616,Avian,N2
2336_A/goose/Yunlin/18040,A/goose/Yunlin/18040018-2/2018_H5N2,0.074694,-0.261547,0.047429,0.043577,Avian,N2
2337_A/goose/Yunlin/18090,A/goose/Yunlin/18090002-3/2018_H5N2,0.055659,-0.275775,0.05774,0.036219,Avian,N2
2338_A/goose/Yunlin/18090,A/goose/Yunlin/18090006-1/2018_H5N2,0.063353,-0.241423,0.038089,0.035367,Avian,N2
2339_A/goose/Yunlin/18110,A/goose/Yunlin/18110002-3/2018_H5N2,0.060464,-0.255215,0.042663,0.050073,Avian,N2
2340_A/goose/Yunnan/3798/,A/goose/Yunnan/3798/2006_H5N1,0.094043,-0.096876,0.089376,-0.045741,Avian,N1
2341_A/goose/Yunnan/4371/,A/goose/Yunnan/4371/2006_H5N1,0.094043,-0.096876,0.089376,-0.045741,Avian,N1
2342_A/goose/Yunnan/4389/,A/goose/Yunnan/4389/2006_H5N1,0.094043,-0.096876,0.089376,-0.045741,Avian,N1
2343_A/goose/Yunnan/4985/,A/goose/Yunnan/4985/2006_H5N1,0.094043,-0.096876,0.089376,-0.045741,Avian,N1
2344_A/goose/Yunnan/5141/,A/goose/Yunnan/5141/2006_H5N1,0.089571,-0.115272,0.080425,-0.068812,Avian,N1
2345_A/goose/Yunnan/5769/,A/goose/Yunnan/5769/2006_H5N1,0.066267,-0.062458,0.084381,-0.097256,Avian,N1
2346_A/goose/Yunnan/5979/,A/goose/Yunnan/5979/2006_H5N1,0.066267,-0.062458,0.084381,-0.097256,Avian,N1
2347_A/goose/Yunnan/6193/,A/goose/Yunnan/6193/2006_H5N1,0.085675,-0.088992,0.075389,-0.080055,Avian,N1
2348_A/goose/Zhejiang/112,A/goose/Zhejiang/1120132/2014_H5N6,0.151936,0.075672,-0.010952,-0.0243,Avian,N6
2349_A/goose/Zhejiang/112,A/goose/Zhejiang/112071/2014_H5N1,0.185757,0.044918,-0.044064,-0.066383,Avian,N1
2350_A/goose/Zhejiang/112,A/goose/Zhejiang/112080/2014_H5N6,0.15059,0.07729,-0.00712,-0.025952,Avian,N6
2351_A/goose/Zhejiang/727,A/goose/Zhejiang/727092/2014_H5N6,0.147609,0.11541,-0.004605,0.026464,Avian,N6
2352_A/goose/Zhejiang/727,A/goose/Zhejiang/727098/2014_H5N1,0.193414,0.03233,-0.013127,-0.053206,Avian,N1
2353_A/goose/Zhejiang/727,A/goose/Zhejiang/727110/2014_H5N6,0.147609,0.11541,-0.004605,0.026464,Avian,N6
2354_A/goose/Zhejiang/771,A/goose/Zhejiang/77166/2014_H5N2,0.167324,0.081406,-0.00071,0.003828,Avian,N2
2355_A/goose/Zhejiang/771,A/goose/Zhejiang/77167/2014_H5N2,0.167324,0.081406,-0.00071,0.003828,Avian,N2
2356_A/goose/Zhejiang/771,A/goose/Zhejiang/77168/2014_H5N2,0.167324,0.081406,-0.00071,0.003828,Avian,N2
2357_A/goose/Zhejiang/925,A/goose/Zhejiang/925036/2014_H5N6,0.160036,0.114443,0.002225,0.023356,Avian,N6
2358_A/goose/Zhejiang/925,A/goose/Zhejiang/925037/2014_H5N8,-0.01074,-0.075583,-0.037391,-0.183927,Avian,N8
2359_A/goose/Zhejiang/925,A/goose/Zhejiang/925104/2014_H5N8,-0.01074,-0.075583,-0.037391,-0.183927,Avian,N8
2360_A/goose/Zhejiang/925,A/goose/Zhejiang/925105/2014_H5N6,0.149251,0.079793,-0.005904,-0.061751,Avian,N6
2361_A/goose/Zhejiang/925,A/goose/Zhejiang/925106/2014_H5N6,-0.01074,-0.075583,-0.037391,-0.183927,Avian,N6
2362_A/goose/Zhejiang/925,A/goose/Zhejiang/925108/2014_H5N6,0.149251,0.079793,-0.005904,-0.061751,Avian,N6
2363_A/great_black-headed,A/great_black-headed_gull/Qinghai/8/2009_H5N1,0.063348,0.009714,0.059033,-0.021341,Avian,N1
2364_A/great_crested-greb,A/great_crested-grebe/Qinghai/1/2009_H5N1,0.007765,-0.035803,0.016126,0.03354,Avian,N1
2365_A/great_egret/Hong_K,A/great_egret/Hong_Kong/807/2008_H5N1,0.144762,0.084793,0.019982,-0.073037,Avian,N1
2366_A/great_tit/Panjing/,A/great_tit/Panjing/PJ-66/2013_H5N1,-0.000383,-0.04994,0.009319,0.048616,Avian,N1
2367_A/green-winged_teal/,A/green-winged_teal/Xianghai/430/2011_H5N2,-0.286446,-0.03408,-0.065828,-0.054674,Avian,N2
2368_A/grey_heron/Hong_Ko,A/grey_heron/Hong_Kong/1046/2008_H5N1,0.147119,0.0892,0.025703,-0.075059,Avian,N1
2369_A/grey_heron/Hong_Ko,A/grey_heron/Hong_Kong/3088/2007_H5N1,0.147119,0.0892,0.025703,-0.075059,Avian,N1
2370_A/heron/Kaohsiung/15,A/heron/Kaohsiung/15WB3284-1-5/2015_H5N3,-0.286941,-0.031787,0.057879,-0.012742,Avian,Others
2371_A/heron/Yilan/17DB00,A/heron/Yilan/17DB0001/2017_H5N2,0.084718,-0.243846,0.072066,0.045488,Avian,N2
2372_A/hill_myna/Heilongj,A/hill_myna/Heilongjiang/0704/2012_H5N1,0.158862,0.047269,-0.031856,-0.036391,Avian,N1
2373_A/lesser_kestrel/Hei,A/lesser_kestrel/Heilongjiang/194/2007_H5N1,0.043645,-0.098242,0.071257,-0.083473,Avian,N1
2374_A/lion/Hubei/1-2/201,A/lion/Hubei/1-2/2016_H5N1,-0.299527,-0.055876,-0.352548,-0.043923,Nonhuman Mammal,N1
2375_A/little_egret/Hong_,A/little_egret/Hong_Kong/8550/2007_H5N1,0.104708,0.037289,0.060599,-0.108456,Avian,N1
2376_A/little_grebe/Xiang,A/little_grebe/Xianghai/429/2011_H5N2,-0.145134,-0.071866,0.121323,-0.008802,Avian,N2
2377_A/magpie_robin/Hong_,A/magpie_robin/Hong_Kong/1097/2008_H5N1,0.129508,0.093032,0.017743,-0.070378,Avian,N1
2378_A/magpie_robin/Hong_,A/magpie_robin/Hong_Kong/1897/2008_H5N1,0.147119,0.0892,0.025703,-0.075059,Avian,N1
2379_A/mallard/Shanghai/S,A/mallard/Shanghai/SH-9/2013_H5N8,-0.03955,-0.066803,-0.069716,-0.179558,Avian,N8
2380_A/meerkat/Shanghai/S,A/meerkat/Shanghai/SH-1/2012_H5N1,0.164389,0.045265,-0.020475,-0.05527,Avian,N1
2381_A/migratory_waterfow,A/migratory_waterfowl/Hubei/Chenhu1306/2014_H5N6,0.152338,0.066574,-0.009963,-0.025415,Avian,N6
2382_A/migratory_waterfow,A/migratory_waterfowl/Hubei/Chenhu1347/2014_H5N6,0.152338,0.066574,-0.009963,-0.025415,Avian,N6
2383_A/mink/China/181/201,A/mink/China/181/2019_H5N6,0.166738,0.134149,-0.050437,0.085741,Nonhuman Mammal,N6
2384_A/mink/China/183/201,A/mink/China/183/2019_H5N6,0.147411,0.133626,-0.037022,0.103772,Nonhuman Mammal,N6
2385_A/mink/China/191/201,A/mink/China/191/2019_H5N6,0.144742,0.135724,-0.03934,0.097461,Nonhuman Mammal,N6
2386_A/mink/China/456/201,A/mink/China/456/2018_H5N6,0.132971,0.131536,-0.052759,0.086056,Nonhuman Mammal,N6
2387_A/mink/China/G/2015_,A/mink/China/G/2015_H5N1,0.145576,0.133667,-0.039742,-0.107361,Nonhuman Mammal,N1
2388_A/mink/China/XB/2015,A/mink/China/XB/2015_H5N1,-0.337316,0.008102,-0.351315,-0.04456,Nonhuman Mammal,N1
2389_A/mink/Eastern_China,A/mink/Eastern_China/006/2018_H5N6,-0.294943,0.037436,0.110252,0.039385,Nonhuman Mammal,N6
2390_A/mink/Eastern_China,A/mink/Eastern_China/0712/2018_H5N1,-0.13644,-0.079404,0.006448,0.057625,Nonhuman Mammal,N1
2391_A/mink/Eastern_China,A/mink/Eastern_China/149/2018_H5N6,0.142995,0.153526,-0.034648,0.076638,Nonhuman Mammal,N6
2392_A/mink/Eastern_China,A/mink/Eastern_China/528/2018_H5N6,-0.294943,0.037436,0.110252,0.039385,Nonhuman Mammal,N6
2393_A/mink/Eastern_China,A/mink/Eastern_China/571/2018_H5N6,0.156193,0.139785,-0.047754,0.093585,Nonhuman Mammal,N6
2394_A/mink/Northern_Chin,A/mink/Northern_China/110/2018_H5N6,-0.293753,0.033001,0.109483,0.039087,Nonhuman Mammal,N6
2395_A/night_heron/Taiwan,A/night_heron/Taiwan/A289/2015_H5N2,0.046759,-0.22342,0.022006,0.05408,Avian,N2
2396_A/oriental_magpie_ro,A/oriental_magpie_robin/HK/6154/2015_H5N6,-0.276276,0.030992,-0.365443,0.043307,Avian,N6
2397_A/ostrich/Suzhou/097,A/ostrich/Suzhou/097/2003_H5N1,0.068309,-0.016117,0.061025,-0.126792,Avian,N1
2398_A/parrot/Guangdong/2,A/parrot/Guangdong/258/2004_H5N2,-0.141696,-0.072331,-0.069863,0.064769,Avian,N2
2399_A/parrot/Guangdong/C,A/parrot/Guangdong/C99/2005_H5N1,0.083591,-0.047822,0.071101,-0.107364,Avian,N1
2400_A/partridge/Shantou/,A/partridge/Shantou/2886/2003_H5N1,0.069632,-0.06528,0.069857,-0.105246,Avian,N1
2401_A/peacock/Yunnan/1/2,A/peacock/Yunnan/1/2015_H5N1,-0.281633,0.004761,-0.390885,-0.002362,Avian,N1
2402_A/peacock/Yunnan/3/2,A/peacock/Yunnan/3/2015_H5N1,-0.299244,0.008593,-0.398845,0.00232,Avian,N1
2403_A/peregrine_falcon/H,A/peregrine_falcon/Hong_Kong/2142/2008_H5N1,-0.264376,-0.13522,-0.346967,0.048175,Avian,N1
2404_A/pheasant/Shantou/3,A/pheasant/Shantou/3535/2003_H5N1,0.067482,-0.052023,0.07604,-0.102181,Avian,N1
2405_A/pheasant/Shantou/4,A/pheasant/Shantou/4567/2002_H5N1,0.062569,-0.043465,0.062795,-0.104824,Avian,N1
2406_A/pied_megpie/Liaoni,A/pied_megpie/Liaoning/7/2006_H5N1,0.062159,-0.061287,0.046116,-0.01509,Avian,N1
2407_A/pigeon/Fujian/1.17,A/pigeon/Fujian/1.17_FZHX0104-O/2017_H5N6,0.116524,0.027329,-0.031831,0.078386,Avian,N6
2408_A/pigeon/Hainan/1.14,A/pigeon/Hainan/1.14_HKPL006-C/2018_H5N6,0.13966,0.127649,-0.052097,0.093661,Avian,N6
2409_A/pigeon/Hubei/RP25/,A/pigeon/Hubei/RP25/2012_H5N1,-0.281316,0.002104,-0.387432,0.043848,Avian,N1
2410_A/pigeon/Sichuan/NCX,A/pigeon/Sichuan/NCXN29/2014_H5N1,0.14505,0.109066,0.005334,0.022446,Avian,N1
2411_A/pigeon/Zhejiang/11,A/pigeon/Zhejiang/112089/2014_H5N1,0.184352,0.047935,-0.024262,-0.043177,Avian,N1
2412_A/pigeon/Zhejiang/11,A/pigeon/Zhejiang/112090/2014_H5N1,0.183006,0.049552,-0.02043,-0.04483,Avian,N1
2413_A/pigeon/Zhejiang/72,A/pigeon/Zhejiang/727097/2014_H5N1,0.193414,0.03233,-0.013127,-0.053206,Avian,N1
2414_A/plateau_pika/Qingh,A/plateau_pika/Qinghai/04/2007_H5N1,-0.238355,0.034846,-0.166906,-0.077031,Nonhuman Mammal,N1
2415_A/quail/Guangxi/11/2,A/quail/Guangxi/11/2002_H5N1,0.045601,-0.000259,0.02667,-0.053768,Avian,N1
2416_A/quail/Guangxi/12/2,A/quail/Guangxi/12/2002_H5N1,0.045601,-0.000259,0.02667,-0.053768,Avian,N1
2417_A/quail/Guangxi/13/2,A/quail/Guangxi/13/2002_H5N1,0.045601,-0.000259,0.02667,-0.053768,Avian,N1
2418_A/quail/Jiangsu/k010,A/quail/Jiangsu/k0104/2010_H5N5,0.040719,-0.140461,0.007146,-0.087332,Avian,Others
2419_A/quail/Nanchang/663,A/quail/Nanchang/6631/2013_H5N1,0.143231,0.083196,-0.010913,-0.026752,Avian,N1
2420_A/shrike/Tibet/13/20,A/shrike/Tibet/13/2006_H5N1,0.05409,-0.095861,0.057874,-0.075101,Avian,N1
2421_A/silkie_chicken/Don,A/silkie_chicken/Dongguan/2809/2013_H5N6,0.162619,0.11679,0.003891,0.029789,Avian,N6
2422_A/silky_chicken/Shan,A/silky_chicken/Shantou/475/2004_H5N1,0.071569,-0.04536,0.076897,-0.109984,Avian,N1
2423_A/spot-billed_duck/N,A/spot-billed_duck/Ningxia/YG83/2017_H5N6,-0.308043,-0.004462,0.045987,-0.005276,Avian,N6
2424_A/spot-billed_duck/N,A/spot-billed_duck/Ningxia/YG87/2017_H5N6,-0.29974,-0.000446,0.049087,-0.024025,Avian,N6
2425_A/spot-billed_duck/N,A/spot-billed_duck/Ningxia/YG93/2017_H5N6,-0.29974,-0.000446,0.049087,-0.024025,Avian,N6
2426_A/spot-billed_duck/X,A/spot-billed_duck/Xianghai/427/2011_H5N2,-0.243019,-0.036187,-0.067792,-0.083771,Avian,N2
2427_A/swan_goose/Jilin/J,A/swan_goose/Jilin/JL01/2014_H5N6,0.16265,0.079076,-0.007171,-0.026932,Avian,N6
2428_A/swan/China/ST/2016,A/swan/China/ST/2016_H5N8,-0.279845,0.066448,0.114969,0.018312,Avian,N8
2429_A/swan/Shandong/W376,A/swan/Shandong/W3762/2020_H5N8,-0.268833,0.038577,0.050769,-0.024447,Avian,N8
2430_A/swan/Shanghai/10/2,A/swan/Shanghai/10/2009_H5N1,0.115639,-0.061875,0.022917,-0.093066,Avian,N1
2431_A/swine/China/RZ/201,A/swine/China/RZ/2018_H5N6,0.149972,0.140151,-0.049305,0.092144,Nonhuman Mammal,N6
2432_A/swine/Guangdong/1/,A/swine/Guangdong/1/2014_H5N6,0.132188,0.136911,-0.012823,0.008793,Nonhuman Mammal,N6
2433_A/swine/Guangdong/2/,A/swine/Guangdong/2/2014_H5N6,0.146289,0.119204,-0.000045,-0.011556,Nonhuman Mammal,N6
2434_A/swine/Guangxi/592/,A/swine/Guangxi/592/2011_H5N1,0.159562,0.086158,-0.022087,-0.098226,Nonhuman Mammal,N1
2435_A/swine/Jiangsu/1/20,A/swine/Jiangsu/1/2008_H5N1,-0.047351,-0.078303,-0.102503,-0.119606,Nonhuman Mammal,N1
2436_A/swine/Jiangsu/2/20,A/swine/Jiangsu/2/2009_H5N1,0.076545,-0.097967,0.060796,-0.093588,Nonhuman Mammal,N1
2437_A/swine/Shandong/SD1,A/swine/Shandong/SD1/2014_H5N1,0.080135,-0.049892,0.046663,-0.116404,Nonhuman Mammal,N1
2438_A/swine/Zhejiang/SW5,A/swine/Zhejiang/SW57/2015_H5N1,0.193414,0.03233,-0.013127,-0.053206,Nonhuman Mammal,N1
2439_A/thrush/Taipei_City,A/thrush/Taipei_City/15120021/2015_H5N2,0.037418,-0.223158,0.032684,0.057518,Avian,N2
2440_A/thrush/Taiwan/A234,A/thrush/Taiwan/A234/2015_H5N2,0.046759,-0.22342,0.022006,0.05408,Avian,N2
2441_A/tiger/Yunnan/tig14,A/tiger/Yunnan/tig1404/2014_H5N1,0.147947,0.105898,-0.029893,-0.001923,Nonhuman Mammal,N1
2442_A/tiger/Yunnan/tig14,A/tiger/Yunnan/tig1412/2014_H5N1,0.181736,0.096918,0.008488,-0.007288,Nonhuman Mammal,N1
2443_A/tiger/Yunnan/tig15,A/tiger/Yunnan/tig1508/2015_H5N1,-0.270371,-0.018331,-0.37468,-0.009793,Nonhuman Mammal,N1
2444_A/turkey/Changhua/16,A/turkey/Changhua/16010011-1/2016_H5N2,0.0554,-0.221994,0.024226,0.085105,Avian,N2
2445_A/turkey/Chiayi/1702,A/turkey/Chiayi/17020092-2/2017_H5N8,0.013619,-0.19851,-0.002642,0.081643,Avian,N8
2446_A/turkey/Chiayi/1801,A/turkey/Chiayi/18010013-3/2018_H5N2,0.08284,-0.258546,0.053351,0.04616,Avian,N2
2447_A/turkey/Yunlin/1506,A/turkey/Yunlin/15060049-1/2015_H5N2,0.040532,-0.211362,0.044125,0.075371,Avian,N2
2448_A/turkey/Yunlin/1802,A/turkey/Yunlin/18020020-2/2018_H5N2,0.078675,-0.253976,0.049518,0.041552,Avian,N2
2449_A/turkey/Yunlin/1811,A/turkey/Yunlin/18110001-3/2018_H5N2,0.071241,-0.258348,0.056855,0.040181,Avian,N2
2450_A/turkey/Yunlin/1812,A/turkey/Yunlin/18120005-2/2018_H5N2,0.060464,-0.255215,0.042663,0.050073,Avian,N2
2451_A/turtle_dove/Guangd,A/turtle_dove/Guangdong/300/2005_H5N1,0.068894,-0.103769,0.077405,-0.0849,Avian,N1
2452_A/turtledove/Wuhan/H,A/turtledove/Wuhan/HKBJ43/2015_H5N6,0.140218,0.11096,-0.012798,0.020691,Avian,N6
2453_A/turtledove/Wuhan/W,A/turtledove/Wuhan/WHBJ12/2014_H5N6,0.140218,0.11096,-0.012798,0.020691,Avian,N6
2454_A/turtledove/Wuhan/W,A/turtledove/Wuhan/WHBJ28/2014_H5N6,0.140218,0.11096,-0.012798,0.020691,Avian,N6
2455_A/waterfowl/Hong_Kon,A/waterfowl/Hong_Kong/378.5/2001_H5N1,0.078169,-0.029134,0.096687,-0.048809,Avian,N1
2456_A/white-naped_crane/,A/white-naped_crane/China/ya3/2018_H5N6,0.159167,0.127571,-0.004708,0.009491,Avian,N6
2457_A/whooper_swan/Shanx,A/whooper_swan/Shanxi/RC01/2016_H5N8,-0.279845,0.066448,0.114969,0.018312,Avian,N8
2458_A/wild_bird/Eastern_,A/wild_bird/Eastern_China/1754/2017_H5N3,-0.274624,-0.009173,0.073807,-0.037204,Avian,Others
2459_A/wild_bird/Eastern_,A/wild_bird/Eastern_China/1758/2017_H5N3,-0.27894,-0.007922,0.068842,-0.045731,Avian,Others
2460_A/wild_bird/Eastern_,A/wild_bird/Eastern_China/1759/2017_H5N3,-0.280366,-0.009552,0.065533,-0.048072,Avian,Others
2461_A/wild_bird/Taipei/0,A/wild_bird/Taipei/04WB12-522-11-15/2004_H5N6,-0.354537,-0.053277,-0.014289,-0.070269,Avian,N6
2462_A/wild_duck/Fujian/1,A/wild_duck/Fujian/1/2011_H5N1,0.182018,0.091861,-0.005059,-0.07565,Avian,N1
2463_A/wild_duck/Fujian/2,A/wild_duck/Fujian/2/2011_H5N1,0.182018,0.091861,-0.005059,-0.07565,Avian,N1
2464_A/wild_duck/Jilin/HF,A/wild_duck/Jilin/HF/2011_H5N1,-0.000383,-0.04994,0.009319,0.048616,Avian,N1
2465_A/wild_duck/Jilin/ZF,A/wild_duck/Jilin/ZF/2011_H5N1,0.056234,-0.02832,0.0454,-0.024935,Avian,N1
2466_A/wild_duck/Liaoning,A/wild_duck/Liaoning/8/2006_H5N1,0.048285,-0.058735,0.039669,0.011557,Avian,N1
2467_A/wild_duck/Shandong,A/wild_duck/Shandong/1/2011_H5N1,-0.00925,-0.051489,-0.097975,-0.133883,Avian,N1
2468_A/wild_duck/Shandong,A/wild_duck/Shandong/2/2011_H5N1,0.048472,-0.03795,0.033203,0.038592,Avian,N1
2469_A/wild_duck/Shandong,A/wild_duck/Shandong/628/2011_H5N1,-0.047678,-0.198921,0.022816,-0.084676,Avian,N1
2470_A/wild_duck/Shandong,A/wild_duck/Shandong/W3580/2020_H5N8,-0.298289,0.107532,0.130001,0.034135,Avian,N8
2471_A/wild_pigeon/Jilin/,A/wild_pigeon/Jilin/CC01/2014_H5N6,0.125974,0.091248,-0.008902,0.028928,Avian,N6
2472_A/Eurasian_Wigeon/Ni,A/Eurasian_Wigeon/Ningxia/476-12/2015_H5N6,0.091254,0.126782,0.023989,0.027595,Avian,N6
