label,Isolate,Axis1,Axis2,Axis3,Axis4,Host,Subtype
1_A/Indonesia/5/2005,A/Indonesia/5/2005,-0.126622,0.025151,-0.00132,-0.013255,Human,N1
2_A/Hong_Kong/483/1997,A/Hong Kong/483/1997,-0.026953,-0.024623,0.036851,0.036111,Human,N1
3_A/Hong_Kong/482/97,A/Hong Kong/482/97,-0.015871,-0.052086,0.041381,0.021407,Human,N1
4_A/Chicken/HongKong/F,A/Chicken/HongKong/FY150/01,-0.068181,0.0582,-0.031988,-0.045326,Avian,N1
5_A/Chicken/HongKong/Y,A/Chicken/HongKong/YU822.2/01,-0.066954,0.055102,-0.029157,-0.043844,Avian,N1
6_A/Chicken/HongKong/Y,A/Chicken/HongKong/YU562/01,-0.106288,0.084566,-0.064998,-0.090937,Avian,N1
7_A/Pheasant/Hong_Kong,A/Pheasant/Hong Kong/FY155/01,-0.08374,0.047786,-0.042028,-0.044588,Avian,N1
8_A/Hong_Kong/486/97,A/Hong Kong/486/97,-0.018119,-0.052536,0.042721,0.0207,Human,N1
9_A/Thailand/16/2004,A/Thailand/16/2004,-0.116102,0.053636,-0.025569,-0.007959,Human,N1
10_A/Hong_Kong/538/97,A/Hong Kong/538/97,-0.022218,-0.052983,0.05799,0.023737,Human,N1
11_A/chicken/Indonesia/,A/chicken/Indonesia/7/2003,-0.115595,0.027112,-0.015245,-0.022506,Avian,N1
12_A/chicken/Korea/ES/0,A/chicken/Korea/ES/03,-0.096026,0.046947,-0.031024,-0.023108,Avian,N1
13_A/Hong_Kong/156/97,A/Hong Kong/156/97,-0.019004,-0.051188,0.045718,0.021863,Human,N1
14_A/whooper_swan/Mongo,A/whooper swan/Mongolia/244/2005,-0.120546,0.052363,-0.008172,-0.023801,Avian,N1
15_A/Vietnam/UT3062/200,A/Vietnam/UT3062/2004,-0.114902,0.050852,-0.015842,-0.022922,Human,N1
16_A/Anas_crecca/Hubei/,A/Anas_crecca/Hubei/Chenhu1623-5/2014_H5N6,-0.11537,0.1104,0.013775,0.042468,Avian,N6
17_A/Anas_crecca/Hubei/,A/Anas_crecca/Hubei/Chenhu1623-5/2014,-0.11537,0.1104,0.013775,0.042468,Avian,N6
18_A/Anas_platyrhynchos,A/Anas_platyrhynchos/Chongming/H5N1_1/2024,0.095958,0.016977,0.059065,-0.047787,Avian,N1
19_A/Anas_platyrhynchos,A/Anas_platyrhynchos/Jiujiang/H5N1/2024,0.095958,0.016977,0.059065,-0.047787,Avian,N1
20_A/Anhui/1/2005|EPI_I,A/Anhui/1/2005,-0.091097,0.025674,-0.053521,-0.011343,Human,N1
21_A/Anhui/1/2006|EPI_I,A/Anhui/1/2006,-0.143076,0.079681,-0.057739,-0.047969,Human,N1
22_A/Anhui/2/2005|EPI_I,A/Anhui/2/2005,-0.095709,0.023182,-0.050253,-0.018376,Human,N1
23_A/Anhui/2021-00011/2,A/Anhui/2021-00011/2020,-0.058763,-0.131357,0.011504,0.022642,Human,N6
24_A/Anhui/33163/2016|E,A/Anhui/33163/2016,0.074829,-0.01234,-0.128396,0.070015,Human,N6
25_A/Anser_albifrons/Hu,A/Anser_albifrons/Hubei/Chenhu586/2013_H5N3,0.095196,0.014421,-0.019983,-0.042771,Avian,Others
26_A/Anser_cygnoides/Ch,A/Anser_cygnoides/China/P126/2015,-0.136399,0.08673,0.059194,0.02957,Avian,N1
27_A/Anser_cygnoides/Hu,A/Anser_cygnoides/Hubei/FW44/2016,0.113471,0.030011,0.040524,-0.046749,Avian,N8
28_A/Anser_fabalis/Huna,A/Anser_fabalis/Hunan/03.09__YYDTH0007/2015(H5N6),-0.126772,0.128005,0.022595,0.051265,Avian,N6
29_A/Anser_fabalis/Jiuj,A/Anser_fabalis/Jiujiang/H5N1/2024,0.095958,0.016977,0.059065,-0.047787,Avian,N1
30_A/bar_headed_goose/T,A/bar_headed_goose/Tibet/T1707/2021,0.147647,0.027045,0.081222,0.025409,Avian,N8
31_A/Bar-headed_Goose/Q,A/Bar-headed_Goose/Qinghai/A11/2016,0.104323,0.02983,0.052603,-0.050886,Avian,N8
32_A/Bar-headed_Goose/Q,A/Bar-headed_Goose/Qinghai/A13/2016,0.113487,0.025494,0.042876,-0.048218,Avian,N8
33_A/Bar-headed_Goose/Q,A/Bar-headed_Goose/Qinghai/a15/2016,0.113703,0.027982,0.045931,-0.049277,Avian,N8
34_A/Bar-headed_Goose/Q,A/Bar-headed_Goose/Qinghai/A16/2016,0.110859,0.026898,0.047307,-0.051987,Avian,N8
35_A/Bar-headed_Goose/Q,A/Bar-headed_Goose/Qinghai/A17/2016,0.115416,0.026727,0.049124,-0.055275,Avian,N8
36_A/Bar-headed_Goose/Q,A/Bar-headed_Goose/Qinghai/A19/2016,0.113231,0.029143,0.046032,-0.050236,Avian,N8
37_A/Bar-headed_Goose/Q,A/Bar-headed_Goose/Qinghai/A20/2016,0.107236,0.029133,0.050415,-0.050618,Avian,N8
38_A/Bar-headed_Goose/Q,A/Bar-headed_Goose/Qinghai/A22/2016,0.105734,0.028066,0.053293,-0.051422,Avian,N8
39_A/Bar-headed_Goose/Q,A/Bar-headed_Goose/Qinghai/A23/2016,0.113703,0.027982,0.045931,-0.049277,Avian,N8
40_A/Bar-headed_Goose/Q,A/Bar-headed_Goose/Qinghai/a24/2016,0.114264,0.027534,0.046206,-0.050657,Avian,N8
41_A/Bar-headed_Goose/Q,A/Bar-headed_Goose/Qinghai/a26/2016,0.113703,0.027982,0.045931,-0.049277,Avian,N8
42_A/Bar-headed_Goose/Q,A/Bar-headed_Goose/Qinghai/a27/2016,0.110887,0.029218,0.047915,-0.049009,Avian,N8
43_A/Bar-headed_Goose/Q,A/Bar-headed_Goose/Qinghai/a32/2016,0.111008,0.022019,0.044165,-0.047607,Avian,N8
44_A/Bar-headed_Goose/Q,A/Bar-headed_Goose/Qinghai/a43/2016,0.113805,0.026362,0.0457,-0.048892,Avian,N8
45_A/Bar-headed_Goose/Q,A/Bar-headed_Goose/Qinghai/a45/2016,0.113694,0.021393,0.043671,-0.053009,Avian,N8
46_A/Bar-headed_Goose/Q,A/Bar-headed_Goose/Qinghai/a61/2016,0.113703,0.027982,0.045931,-0.049277,Avian,N8
47_A/Bar-headed_Goose/Q,A/Bar-headed_Goose/Qinghai/a88/2016,0.106325,0.027893,0.052931,-0.051015,Avian,N8
48_A/Bar-headed_Goose/Q,A/Bar-headed_Goose/Qinghai/a91/2016,0.106325,0.027893,0.052931,-0.051015,Avian,N8
49_A/Bar-headed_Goose/Q,A/Bar-headed_Goose/Qinghai/a92/2016,0.106801,0.027037,0.052373,-0.051305,Avian,N8
50_A/Bar-headed_Goose/Q,A/Bar-headed_Goose/Qinghai/a93/2016,0.115506,0.028612,0.047831,-0.047162,Avian,N8
51_A/Bar-headed_Goose/Q,A/Bar-headed_Goose/Qinghai/a113/2016,0.114139,0.025034,0.046192,-0.051864,Avian,N8
52_A/Bar-headed_Goose/Q,A/Bar-headed_Goose/Qinghai/a114/2016,0.115416,0.026727,0.049124,-0.055275,Avian,N8
53_A/Bar-headed_Goose/Q,A/Bar-headed_Goose/Qinghai/a115/2016,0.102427,0.031261,0.055488,-0.053317,Avian,N8
54_A/Bar-headed_Goose/Q,A/Bar-headed_Goose/Qinghai/a210/2017,0.11269,0.033918,0.047173,-0.046151,Avian,N8
55_A/Bar-headed_Goose/Q,A/Bar-headed_Goose/Qinghai/a218/2017,0.113258,0.033335,0.046628,-0.044942,Avian,N8
56_A/Bar-headed_Goose/Q,A/Bar-headed_Goose/Qinghai/a237/2017,0.151961,0.003858,0.085744,-0.006174,Avian,N8
57_A/Bar-headed_Goose/Q,A/Bar-headed_Goose/Qinghai/a765/2017,0.113009,0.038559,0.05124,-0.045067,Avian,N8
58_A/Bar-headed_Goose/Q,A/Bar-headed_Goose/Qinghai/a893/2017,0.11046,0.032998,0.047145,-0.045572,Avian,N8
59_A/Bar-headed_Goose/Q,A/Bar-headed_Goose/Qinghai/B11/2016,0.102449,0.026963,0.057141,-0.044117,Avian,N8
60_A/Bar-headed_Goose/Q,A/Bar-headed_Goose/Qinghai/B12/2016,0.113597,0.026417,0.047485,-0.04968,Avian,N8
61_A/Bar-headed_Goose/Q,A/Bar-headed_Goose/Qinghai/B34/2016,0.116409,0.027438,0.044913,-0.044732,Avian,N8
62_A/Bar-headed_Goose/Q,A/Bar-headed_Goose/Qinghai/B44/2016,0.113147,0.028176,0.046273,-0.049678,Avian,N8
63_A/Bar-headed_Goose/Q,A/Bar-headed_Goose/Qinghai/B51/2016,0.114139,0.025034,0.046192,-0.051864,Avian,N8
64_A/Bar-headed_Goose/Q,A/Bar-headed_Goose/Qinghai/B54/2016,0.106325,0.027893,0.052931,-0.051015,Avian,N8
65_A/Bar-headed_Goose/Q,A/Bar-headed_Goose/Qinghai/B655/2017,0.112792,0.034148,0.047152,-0.044638,Avian,N8
66_A/Bar-headed_Goose/Q,A/Bar-headed_Goose/Qinghai/BTY1-B/2016,0.106325,0.027893,0.052931,-0.051015,Avian,N8
67_A/Bar-headed_Goose/Q,A/Bar-headed_Goose/Qinghai/BTY2/2015_H5N1,0.124665,0.010676,-0.051783,0.116892,Avian,N1
68_A/Bar-headed_Goose/Q,A/Bar-headed_Goose/Qinghai/BTY2-B/2016,0.113558,0.025629,0.045584,-0.048159,Avian,N8
69_A/Bar-headed_Goose/Q,A/Bar-headed_Goose/Qinghai/BTY2-LU/2016,0.114191,0.022604,0.042825,-0.048827,Avian,N8
70_A/Bar-headed_Goose/Q,A/Bar-headed_Goose/Qinghai/BTY3-B/2016,0.106425,0.026325,0.051432,-0.050765,Avian,N8
71_A/Bar-headed_Goose/Q,A/Bar-headed_Goose/Qinghai/BTY3-LU/2016,0.108953,0.024033,0.048049,-0.051439,Avian,N8
72_A/Bar-headed_Goose/Q,A/Bar-headed_Goose/Qinghai/BTY4-B/2016,0.102187,0.025191,0.054278,-0.048542,Avian,N8
73_A/Bar-headed_Goose/Q,A/Bar-headed_Goose/Qinghai/BTY4-LU/2016,0.106325,0.027893,0.052931,-0.051015,Avian,N8
74_A/Bar-headed_Goose/Q,A/Bar-headed_Goose/Qinghai/BTY5-B/2016,0.105083,0.031264,0.052393,-0.046842,Avian,N8
75_A/Bar-headed_Goose/Q,A/Bar-headed_Goose/Qinghai/BTY6-B/2016,0.113803,0.026416,0.044433,-0.049029,Avian,N8
76_A/Bar-headed_Goose/Q,A/Bar-headed_Goose/Qinghai/BTY6-LU/2016,0.113703,0.027982,0.045931,-0.049277,Avian,N8
77_A/Bar-headed_Goose/Q,A/Bar-headed_Goose/Qinghai/BTY7-B/2016,0.110022,0.030487,0.051282,-0.049961,Avian,N8
78_A/Bar-headed_Goose/Q,A/Bar-headed_Goose/Qinghai/BTY7-LU1/2016,0.110022,0.030487,0.051282,-0.049961,Avian,N8
79_A/Bar-headed_Goose/Q,A/Bar-headed_Goose/Qinghai/BTY7-LU2/2016,0.109472,0.027671,0.047483,-0.047407,Avian,N8
80_A/Bar-headed_Goose/Q,A/Bar-headed_Goose/Qinghai/BTY8-B/2016,0.106325,0.027893,0.052931,-0.051015,Avian,N8
81_A/Bar-headed_Goose/Q,A/Bar-headed_Goose/Qinghai/BTY8-LU/2016,0.106325,0.027893,0.052931,-0.051015,Avian,N8
82_A/Bar-headed_Goose/Q,A/Bar-headed_Goose/Qinghai/BTY9-B/2016,0.116537,0.03504,0.044848,-0.045353,Avian,N8
83_A/Bar-headed_Goose/Q,A/Bar-headed_Goose/Qinghai/BTY9-LU/2016,0.118688,0.032036,0.040524,-0.045486,Avian,N8
84_A/Bar-headed_Goose/Q,A/Bar-headed_Goose/Qinghai/BTY10-B/2016,0.113656,0.027482,0.045431,-0.048646,Avian,N8
85_A/Bar-headed_Goose/Q,A/Bar-headed_Goose/Qinghai/BTY10-LU/2016,0.113803,0.026416,0.044433,-0.049029,Avian,N8
86_A/Bar-headed_Goose/Q,A/Bar-headed_Goose/Qinghai/BTY11-B/2016,0.112761,0.026475,0.046622,-0.050823,Avian,N8
87_A/Bar-headed_Goose/Q,A/Bar-headed_Goose/Qinghai/BTY11-LU/2016,0.110541,0.029525,0.051045,-0.050702,Avian,N8
88_A/Bar-headed_Goose/Q,A/Bar-headed_Goose/Qinghai/BTY12-B/2016,0.104794,0.027193,0.053136,-0.048301,Avian,N8
89_A/Bar-headed_Goose/Q,A/Bar-headed_Goose/Qinghai/BTY12-LU/2016,0.104794,0.027193,0.053136,-0.048301,Avian,N8
90_A/Bar-headed_Goose/Q,A/Bar-headed_Goose/Qinghai/BTY13-B/2016,0.113703,0.027982,0.045931,-0.049277,Avian,N8
91_A/Bar-headed_Goose/Q,A/Bar-headed_Goose/Qinghai/BTY13-LU/2016,0.114335,0.024958,0.043172,-0.049945,Avian,N8
92_A/Bar-headed_Goose/Q,A/Bar-headed_Goose/Qinghai/BTY14-B/2016,0.116098,0.02948,0.044624,-0.048757,Avian,N8
93_A/Bar-headed_Goose/Q,A/Bar-headed_Goose/Qinghai/BTY14-LU/2016,0.112337,0.025796,0.045041,-0.050317,Avian,N8
94_A/Bar-headed_Goose/Q,A/Bar-headed_Goose/Qinghai/BTY15-B/2016,0.114222,0.027021,0.045694,-0.050017,Avian,N8
95_A/Bar-headed_Goose/Q,A/Bar-headed_Goose/Qinghai/BTY15-LU/2016,0.116313,0.024155,0.041072,-0.049692,Avian,N8
96_A/Bar-headed_Goose/Q,A/Bar-headed_Goose/Qinghai/BTY16-B/2016,0.110541,0.029525,0.051045,-0.050702,Avian,N8
97_A/Bar-headed_Goose/Q,A/Bar-headed_Goose/Qinghai/BTY16-LU/2016,0.110481,0.029663,0.050746,-0.050244,Avian,N8
98_A/Bar-headed_Goose/Q,A/Bar-headed_Goose/Qinghai/BTY17-B/2016,0.106801,0.027037,0.052373,-0.051305,Avian,N8
99_A/Bar-headed_Goose/Q,A/Bar-headed_Goose/Qinghai/BTY17-LU/2016,0.108969,0.023944,0.04836,-0.051833,Avian,N8
100_A/Bar-headed_Goose/Q,A/Bar-headed_Goose/Qinghai/BTY18-B/2016,0.1162,0.031574,0.047128,-0.048127,Avian,N8
101_A/Bar-headed_Goose/Q,A/Bar-headed_Goose/Qinghai/BTY18-LU/2016,0.11614,0.031712,0.04683,-0.047668,Avian,N8
102_A/Bar-headed_Goose/Q,A/Bar-headed_Goose/Qinghai/HDT001/2016,0.113231,0.029143,0.046032,-0.050236,Avian,N8
103_A/Bar-headed_Goose/Q,A/Bar-headed_Goose/Qinghai/p2/2016,0.113703,0.027982,0.045931,-0.049277,Avian,N8
104_A/Bar-headed_Goose/Q,A/Bar-headed_Goose/Qinghai/p9/2016,0.109253,0.029775,0.051563,-0.048377,Avian,N8
105_A/Bar-headed_Goose/Q,A/Bar-headed_Goose/Qinghai/p18/2016,0.106325,0.027893,0.052931,-0.051015,Avian,N8
106_A/Bar-headed_goose/Q,A/Bar-headed_goose/Qinghai/X402/2015_H5N6,-0.04499,-0.159269,-0.024929,-0.016595,Avian,N6
107_A/Bar-headed_goose/Q,A/Bar-headed_goose/Qinghai/X417/2015_H5N6,-0.052904,-0.156899,-0.026963,-0.008169,Avian,N6
108_A/Bar-headed_goose/Q,A/Bar-headed_goose/Qinghai/X418-1/2015_H5N6,-0.051195,-0.155886,-0.027295,-0.010741,Avian,N6
109_A/Bar-headed_goose/Q,A/Bar-headed_goose/Qinghai/X418-2/2015_H5N6,-0.051152,-0.154877,-0.027579,-0.010554,Avian,N6
110_A/Bar-headed_goose/Q,A/Bar-headed_goose/Qinghai/X424/2015_H5N6,-0.052598,-0.155885,-0.026409,-0.011097,Avian,N6
111_A/Bar-headed_goose/Q,A/Bar-headed_goose/Qinghai/X428/2015_H5N6,-0.0505,-0.154995,-0.027441,-0.011807,Avian,N6
112_A/Bar-headed_goose/Q,A/Bar-headed_goose/Qinghai/X430/2015_H5N6,-0.051195,-0.155886,-0.027295,-0.010741,Avian,N6
113_A/Bar-headed_goose/Q,A/Bar-headed_goose/Qinghai/X437/2015_H5N6,-0.0505,-0.154995,-0.027441,-0.011807,Avian,N6
114_A/Bar-headed_Goose/Q,A/Bar-headed_Goose/Qinghai/XX13/2016,0.111018,0.027408,0.048588,-0.050039,Avian,N8
115_A/Bar-headed_Goose/Q,A/Bar-headed_Goose/Qinghai/XX22/2016,0.113703,0.027982,0.045931,-0.049277,Avian,N8
116_A/Bar-headed_Goose/Q,A/Bar-headed_Goose/Qinghai/XX76/2016,0.113803,0.026416,0.044433,-0.049029,Avian,N8
117_A/Bar-headed_Goose/Q,A/Bar-headed_Goose/Qinghai/XX111/2016,0.113703,0.027982,0.045931,-0.049277,Avian,N8
118_A/Bar-headed_Goose/Q,A/Bar-headed_Goose/Qinghai/XX446/2016,0.114139,0.025034,0.046192,-0.051864,Avian,N8
119_A/Bar-headed_Goose/Q,A/Bar-headed_Goose/Qinghai/XX782/2016,0.113703,0.027982,0.045931,-0.049277,Avian,N8
120_A/Bar-headed_Goose/Q,A/Bar-headed_Goose/Qinghai/XXI122/2016,0.113703,0.027982,0.045931,-0.049277,Avian,N8
121_A/Bar-headed_Goose/T,A/Bar-headed_Goose/Tibet/XZ6/2021,0.145114,0.019088,0.078141,0.027958,Avian,N8
122_A/Bar-headed_Goose/T,A/Bar-headed_Goose/Tibet/XZ71/2021,0.148869,0.023728,0.081752,0.021304,Avian,N8
123_A/Bar-headed_Goose/T,A/Bar-headed_Goose/Tibet/XZ81/2021,0.150091,0.020412,0.082282,0.017198,Avian,N8
124_A/Bar-headed_Goose/T,A/Bar-headed_Goose/Tibet/XZ181/2021,0.150719,0.01858,0.075511,0.027474,Avian,N8
125_A/Bar-headed_Goose/T,A/Bar-headed_Goose/Tibet/XZ901/2021,0.151314,-0.043741,0.026008,-0.021135,Avian,N1
126_A/Bar-headed_Goose/T,A/Bar-headed_Goose/Tibet/XZ1131/2021,0.151201,-0.046131,0.024872,-0.019291,Avian,N1
127_A/Bar-headed_Goose/T,A/Bar-headed_Goose/Tibet/XZQ5-1/2021,0.148869,0.023728,0.081752,0.021304,Avian,N8
128_A/Bar-headed_Goose/T,A/Bar-headed_Goose/Tibet/XZQ7/2021,0.149447,0.023527,0.081684,0.020334,Avian,N8
129_A/Bar-headed_Goose/T,A/Bar-headed_Goose/Tibet/XZQ8-1/2021,0.149447,0.023527,0.081684,0.020334,Avian,N8
130_A/Bar-headed_Goose/T,A/Bar-headed_Goose/Tibet/XZQ9-1/2021,0.149447,0.023527,0.081684,0.020334,Avian,N8
131_A/Bar-headed_Goose/T,A/Bar-headed_Goose/Tibet/XZQ10-1/2021,0.149447,0.023527,0.081684,0.020334,Avian,N8
132_A/Bar-headed_Goose/T,A/Bar-headed_Goose/Tibet/XZQ13-1/2021,0.149528,0.017456,0.078174,0.022794,Avian,N8
133_A/Bar-headed_Goose/T,A/Bar-headed_Goose/Tibet/XZQ17-1/2021,0.150719,0.01858,0.075511,0.027474,Avian,N8
134_A/Bar-headed_Goose/T,A/Bar-headed_Goose/Tibet/XZQ18-1/2021,0.145114,0.019088,0.078141,0.027958,Avian,N8
135_A/bean_goose/Hubei/B,A/bean_goose/Hubei/BQ11/2020,0.136599,0.02757,0.085968,0.018229,Avian,N8
136_A/Bean_Goose/Hubei/c,A/Bean_Goose/Hubei/chenhu__XVI311-2_/2016_H5N8,0.114868,-0.019496,-0.029673,-0.031114,Avian,N8
137_A/Bean_goose/Hubei/C,A/Bean_goose/Hubei/CH-i119/2017,0.114682,0.028275,0.045938,-0.053156,Avian,N8
138_A/Bean_goose/Hubei/C,A/Bean_goose/Hubei/CH-i122/2017_H5N8,0.114486,0.02189,0.044552,-0.050354,Avian,N8
139_A/Bean_goose/Hubei/C,A/Bean_goose/Hubei/CH-I225/2017,-0.057692,-0.153193,0.00719,0.00015,Avian,N6
140_A/Bean_goose/Hubei/C,A/Bean_goose/Hubei/CH-i320/2017_H5N8,0.113474,0.020228,0.044519,-0.04838,Avian,N8
141_A/black_chicken/Jian,A/black_chicken/Jiangxi/10129/2014,-0.138266,0.10461,0.012173,0.057733,Avian,N6
142_A/Black_faced_Spoonb,A/Black_faced_Spoonbill/AFCD-HKU-22-21944-01009/2022,0.102309,0.001278,0.053852,-0.064475,Avian,N1
143_A/Black_Faced_Spoonb,A/Black_Faced_Spoonbill/Hong_Kong/AFCD-HKU-21-17198.01012/2021,0.152103,-0.043133,0.039091,-0.021663,Avian,N1
144_A/Black_Faced_Spoonb,A/Black_Faced_Spoonbill/Hong_Kong/AFCD-HKU-22-21429-01012/2022,0.097652,0.002382,0.056009,-0.054085,Avian,N1
145_A/black_swan/Beijing,A/black_swan/Beijing/1/2021,0.140501,0.030987,0.080482,0.027883,Avian,N8
146_A/black-backed_gull/,A/black-backed_gull/Shandong/SC189/2021,0.138783,0.032533,0.081571,0.028564,Avian,N8
147_A/Black-necked_Grebe,A/Black-necked_Grebe/Inner_Mongolia/Anal_swab4/2015_H5N1,0.12962,-0.002795,-0.060086,0.120777,Avian,N1
148_A/Black-necked_Grebe,A/Black-necked_Grebe/Inner_Mongolia/Brain1/2015_H5N1,0.114485,-0.002038,-0.059846,0.129654,Avian,N1
149_A/Black-necked_Grebe,A/Black-necked_Grebe/Inner_Mongolia/Brain3/2015_H5N1,0.113257,-0.003734,-0.05149,0.118756,Avian,N1
150_A/Black-necked_Grebe,A/Black-necked_Grebe/Inner_Mongolia/Liver3/2015_H5N1,0.113095,-0.003738,-0.055249,0.122331,Avian,N1
151_A/Black-necked_Grebe,A/Black-necked_Grebe/Inner_Mongolia/Lung2/2015_H5N1,0.115529,-0.002216,-0.056577,0.12286,Avian,N1
152_A/Black-necked_Grebe,A/Black-necked_Grebe/Inner_Mongolia/Lung3-2/2015_H5N1,0.113095,-0.003738,-0.055249,0.122331,Avian,N1
153_A/Black-necked_Grebe,A/Black-necked_Grebe/Inner_Mongolia/Oropharynx_swab3/2015_H5N1,0.113095,-0.003738,-0.055249,0.122331,Avian,N1
154_A/Black-necked_Grebe,A/Black-necked_Grebe/Inner_Mongolia/Trachea3/2015_H5N1,0.116966,-0.002468,-0.056188,0.122774,Avian,N1
155_A/Brown-headed_Gull/,A/Brown-headed_Gull/Qinghai/ZTO1-B/2016,0.117082,0.025784,0.041128,-0.042407,Avian,N8
156_A/Brown-headed_Gull/,A/Brown-headed_Gull/Qinghai/ZTO1-LU/2016,0.118791,0.026798,0.040796,-0.044978,Avian,N8
157_A/Brown-headed_Gull/,A/Brown-headed_Gull/Qinghai/ZTO3-B/2016,0.114162,0.027159,0.045395,-0.049559,Avian,N8
158_A/Brown-headed_Gull/,A/Brown-headed_Gull/Qinghai/ZTO3-LU/2016,0.114162,0.027159,0.045395,-0.049559,Avian,N8
159_A/Brown-headed_Gull/,A/Brown-headed_Gull/Qinghai/ZTO4-B/2016,0.113805,0.026362,0.0457,-0.048892,Avian,N8
160_A/Brown-headed_Gull/,A/Brown-headed_Gull/Qinghai/ZTO5-B/2016,0.104794,0.027193,0.053136,-0.048301,Avian,N8
161_A/Brown-headed_Gull/,A/Brown-headed_Gull/Qinghai/ZTO5-K/2016,0.105276,0.026345,0.052588,-0.04861,Avian,N8
162_A/Brown-headed_Gull/,A/Brown-headed_Gull/Qinghai/ZTO6-MU/2016,0.111782,0.02795,0.046207,-0.048309,Avian,N8
163_A/Brown-headed_Gull/,A/Brown-headed_Gull/Qinghai/ZTO6-SP/2016,0.110481,0.029663,0.050746,-0.050244,Avian,N8
164_A/brown-headed_gull/,A/brown-headed_gull/Tibet/1-1/2021,0.152611,0.023564,0.0751,0.022508,Avian,N8
165_A/Brown-headed_Gull/,A/Brown-headed_Gull/Tibet/XZ19/2021,0.150719,0.01858,0.075511,0.027474,Avian,N8
166_A/Brown-headed_Gull/,A/Brown-headed_Gull/Tibet/XZQ15-2/2021,0.15497,0.022314,0.081797,0.017232,Avian,N8
167_A/Brown-headed_Gull/,A/Brown-headed_Gull/Tibet/XZQ16-2/2021,0.153391,0.02035,0.079286,0.019164,Avian,N8
168_A/canine/China/GX30/,A/canine/China/GX30/2023,0.134797,0.00565,0.060453,0.025758,Nonhuman Mammal,N6
169_A/cat/Sichuan/SC18/2,A/cat/Sichuan/SC18/2014,-0.126178,0.099597,0.005841,0.047347,Nonhuman Mammal,N6
170_A/cat/Zhejiang/C1/20,A/cat/Zhejiang/C1/2016,0.045155,0.033283,-0.168022,0.033852,Nonhuman Mammal,N6
171_A/cat/Zhejiang/C2/20,A/cat/Zhejiang/C2/2016,0.038155,0.035587,-0.155106,0.02381,Nonhuman Mammal,N6
172_A/Changsha/1/2014|EP,A/Changsha/1/2014,-0.140606,0.08151,0.057187,0.031553,Human,N6
173_A/chicken/Anhui/S174,A/chicken/Anhui/S1740/2022(H5N1),0.142505,0.041062,0.082995,0.034479,Avian,N1
174_A/chicken/Beijing/BJ,A/chicken/Beijing/BJ7/2014,0.117858,0.051314,-0.100769,0.038184,Avian,N2
175_A/chicken/CH/a556/20,A/chicken/CH/a556/2015,-0.143788,0.07083,-0.097892,-0.187805,Avian,N2
176_A/chicken/Changhua/1,A/chicken/Changhua/15010120-1/2015,0.119877,0.031915,-0.019174,-0.05031,Avian,N2
177_A/chicken/Changhua/1,A/chicken/Changhua/15010288/2015,0.129747,0.040931,-0.017519,-0.052995,Avian,N2
178_A/chicken/Changhua/1,A/chicken/Changhua/15010324-2/2015,0.134098,0.032078,-0.023941,-0.048398,Avian,N2
179_A/chicken/Changhua/1,A/chicken/Changhua/15010361-1/2015,0.132358,0.032211,-0.021368,-0.059927,Avian,N2
180_A/chicken/Changhua/1,A/chicken/Changhua/15010362-2/2015,0.127487,0.02776,-0.016972,-0.052297,Avian,N2
181_A/chicken/Changhua/1,A/chicken/Changhua/15010363-2/2015,0.133218,0.022786,-0.006115,-0.067452,Avian,N2
182_A/chicken/Changhua/1,A/chicken/Changhua/15040036-1/2015,0.002978,-0.044093,0.120006,0.012507,Avian,N8
183_A/chicken/Changhua/1,A/chicken/Changhua/15040037-2/2015,0.004726,-0.04714,0.121831,0.013906,Avian,N8
184_A/chicken/Changhua/1,A/chicken/Changhua/15040042/2015,0.005875,-0.04751,0.125275,0.008649,Avian,N8
185_A/chicken/Changhua/1,A/chicken/Changhua/15040043-1/2015,0.005875,-0.04751,0.125275,0.008649,Avian,N8
186_A/chicken/Changhua/1,A/chicken/Changhua/15050013-1/2015,0.129664,0.041895,-0.017695,-0.051891,Avian,N2
187_A/chicken/Changhua/1,A/chicken/Changhua/15050038-1/2015,0.004983,-0.046956,0.119308,0.016744,Avian,N8
188_A/chicken/Changhua/1,A/chicken/Changhua/15060027-2/2015,0.129664,0.041895,-0.017695,-0.051891,Avian,N2
189_A/chicken/Changhua/1,A/chicken/Changhua/15060029/2015,0.007096,-0.03713,0.122869,0.018983,Avian,N8
190_A/chicken/Changhua/1,A/chicken/Changhua/15060037-1/2015,0.129664,0.041895,-0.017695,-0.051891,Avian,N2
191_A/chicken/Changhua/1,A/chicken/Changhua/15120008/2015,0.115326,0.0249,-0.027933,-0.049142,Avian,N2
192_A/chicken/Changhua/1,A/chicken/Changhua/16010060-2/2016,0.127199,0.039104,-0.019684,-0.059108,Avian,N2
193_A/chicken/Changhua/1,A/chicken/Changhua/17060006/2017,0.134054,0.051073,-0.008931,-0.05712,Avian,N2
194_A/chicken/Changhua/1,A/chicken/Changhua/18040008-1/2018,0.110116,0.023096,0.006496,-0.049518,Avian,N2
195_A/chicken/Chiayi/150,A/chicken/Chiayi/15010287-2/2015,0.129747,0.040931,-0.017519,-0.052995,Avian,N2
196_A/chicken/Chiayi/150,A/chicken/Chiayi/15010409-2/2015,0.133507,0.031237,-0.01829,-0.067178,Avian,N2
197_A/chicken/Chiayi/150,A/chicken/Chiayi/15010454-1/2015,0.006087,-0.046295,0.120267,0.016219,Avian,N8
198_A/chicken/Chiayi/170,A/chicken/Chiayi/17040009-2/2017,0.113387,0.028003,0.003621,-0.05072,Avian,N2
199_A/chicken/Chiayi/181,A/chicken/Chiayi/18120003-1/2018,0.093995,0.017879,-0.07606,-0.078072,Avian,N2
200_A/chicken/China/007/,A/chicken/China/007/2019,-0.068107,-0.149246,-0.008881,0.022919,Avian,N6
201_A/chicken/China/Cang,A/chicken/China/Cangzhou03/2023,0.102651,0.008537,0.055172,-0.057187,Avian,N1
202_A/chicken/China/E93/,A/chicken/China/E93/2012,-0.128198,0.038172,-0.035161,-0.11427,Avian,N1
203_A/chicken/China/E96/,A/chicken/China/E96/2012,-0.122199,0.042718,-0.015277,-0.114617,Avian,N1
204_A/chicken/Chiping/03,A/chicken/Chiping/0321/2014,0.121231,0.027977,-0.11272,0.042302,Avian,N2
205_A/chicken/chongqing/,A/chicken/chongqing/H1/2021,-0.106889,0.033805,-0.122949,-0.055804,Avian,N6
206_A/chicken/Chongqing/,A/chicken/Chongqing/SD001/2021,-0.104117,0.031442,-0.120362,-0.050525,Avian,N6
207_A/chicken/Dongguan/2,A/chicken/Dongguan/2690/2013,-0.136658,0.082344,0.058549,0.034013,Avian,N6
208_A/chicken/Dongguan/3,A/chicken/Dongguan/3363/2013,-0.13168,0.086893,0.059881,0.032989,Avian,N6
209_A/chicken/Dongguan/4,A/chicken/Dongguan/4259/2013,-0.142737,0.086365,0.061697,0.037203,Avian,N6
210_A/chicken/Fujian/05.,A/chicken/Fujian/05.07_FZHC11K-O/2015(Mixed),-0.131495,0.086954,0.04838,0.035409,Avian,N6
211_A/chicken/Fujian/09.,A/chicken/Fujian/09.16_GT101/2014(Mixed),-0.138201,0.087765,0.052689,0.04261,Avian,N6
212_A/chicken/Fujian/10.,A/chicken/Fujian/10.08_FZH102/2014(Mixed),-0.113721,0.089271,0.05955,0.013544,Avian,N6
213_A/chicken/Fujian/11.,A/chicken/Fujian/11.23_FZHX0007-O/2017,-0.046526,-0.185786,-0.000757,-0.012265,Avian,N6
214_A/chicken/Gansu/5/20,A/chicken/Gansu/5/2012,-0.136192,0.051909,-0.007009,-0.098353,Avian,N1
215_A/chicken/Gansu/6/20,A/chicken/Gansu/6/2012,-0.132738,0.048517,-0.022667,-0.108271,Avian,N1
216_A/chicken/Ganzhou/GZ,A/chicken/Ganzhou/GZ27/2015,-0.07401,0.082877,-0.030624,-0.098351,Avian,N6
217_A/chicken/Guangdong/,A/chicken/Guangdong/04.15_SZBAXQ019/2015(H5N6),0.079781,0.018221,-0.113171,0.059318,Avian,N6
218_A/chicken/Guangdong/,A/chicken/Guangdong/10.16_SZLGKQHY-072/2015,0.075646,0.05656,-0.065257,0.045022,Avian,N6
219_A/chicken/Guangdong/,A/chicken/Guangdong/GD1602/2016,0.037467,0.040539,-0.159221,0.056384,Avian,N6
220_A/chicken/Guangdong/,A/chicken/Guangdong/MG170989/2021,-0.04359,-0.133747,-0.049735,0.037168,Avian,N6
221_A/chicken/Guangdong/,A/chicken/Guangdong/MG171127/2021,-0.043577,-0.129631,-0.048328,0.034875,Avian,N6
222_A/chicken/Guangdong/,A/chicken/Guangdong/MG171361/2021,-0.045367,-0.132048,-0.049163,0.029888,Avian,N6
223_A/chicken/Guangdong/,A/chicken/Guangdong/MG171771/2021,0.13335,0.022319,0.092198,0.008528,Avian,N6
224_A/chicken/Guangdong/,A/chicken/Guangdong/MG173168/2022,-0.051922,-0.080697,0.026081,0.015349,Avian,N6
225_A/chicken/Guangdong/,A/chicken/Guangdong/MG173169/2022,0.141929,0.008601,0.079268,0.016585,Avian,N6
226_A/chicken/Guangxi/04,A/chicken/Guangxi/04.10_NM140/2015(H5N6),-0.040113,0.028887,0.042951,0.059253,Avian,N6
227_A/chicken/Guangxi/16,A/chicken/Guangxi/16/2019,-0.036435,-0.13735,-0.026381,0.014391,Avian,N6
228_A/chicken/Guangxi/S2,A/chicken/Guangxi/S2039/2009,-0.13417,0.087174,0.009311,0.016063,Avian,N1
229_A/chicken/Guizhou/8.,A/chicken/Guizhou/8.26_ZYLJJ014-O/2018,0.017972,0.062204,-0.126316,0.018947,Avian,N6
230_A/chicken/GY/a451/20,A/chicken/GY/a451/2015,-0.143829,0.069909,-0.099112,-0.183361,Avian,N2
231_A/Chicken/Hangzhou/E,A/Chicken/Hangzhou/E1149/2021,-0.132747,0.036736,-0.119907,-0.120386,Avian,N6
232_A/chicken/Hebei/3/20,A/chicken/Hebei/3/2013,0.132839,0.032066,-0.092473,0.020353,Avian,N2
233_A/chicken/Heilongjia,A/chicken/Heilongjiang/S7/2014,-0.141742,0.089352,0.05966,0.041101,Avian,N2
234_A/chicken/Henan/Q7/2,A/chicken/Henan/Q7/2013,0.129286,0.033162,-0.118155,0.046206,Avian,N2
235_A/chicken/Hsinchu/16,A/chicken/Hsinchu/16080004-2/2016,0.12681,0.034144,-0.019808,-0.053622,Avian,N2
236_A/chicken/Hubei/03.0,A/chicken/Hubei/03.06__WHWTZ0115-O/2015(H5N6),0.039928,0.040644,-0.163802,0.061239,Avian,N6
237_A/chicken/Hubei/03.0,A/chicken/Hubei/03.06__WHWTZ0148-O/2015(H5N6),-0.123497,0.12218,0.016022,0.04967,Avian,N6
238_A/chicken/Hubei/2856,A/chicken/Hubei/2856/2007,0.093105,0.089037,-0.01229,0.069198,Avian,N1
239_A/chicken/Hubei/ZYSJ,A/chicken/Hubei/ZYSJF11/2016,0.031825,0.043346,-0.158467,0.062552,Avian,N6
240_A/chicken/Hubei/ZYSJ,A/chicken/Hubei/ZYSJF16/2016,0.031825,0.043346,-0.158467,0.062552,Avian,N6
241_A/chicken/Hubei/ZYSJ,A/chicken/Hubei/ZYSJF38/2016,0.031825,0.043346,-0.158467,0.062552,Avian,N6
242_A/Chicken/Huizhou/16,A/Chicken/Huizhou/16274/2016(H5N6),-0.05773,-0.170184,-0.016848,0.007317,Avian,N6
243_A/chicken/Hunan/02.0,A/chicken/Hunan/02.06_YYGK37J3-OC/2018,-0.068172,-0.158151,-0.008972,0.022343,Avian,N6
244_A/chicken/Hunan/03.0,A/chicken/Hunan/03.07_YYGK40L3-OC/2018,0.012589,0.054374,-0.12966,0.038938,Avian,N6
245_A/chicken/Hunan/03.0,A/chicken/Hunan/03.07_YYGK74L3-OC/2018,-0.063882,-0.166968,0.016937,-0.000243,Avian,N6
246_A/chicken/Hunan/3.07,A/chicken/Hunan/3.07_YYGK81L3-OC/2018,0.012589,0.054374,-0.12966,0.038938,Avian,N6
247_A/chicken/Hunan/04.1,A/chicken/Hunan/04.14_YYGK607-P/2015(H5N6),-0.160056,0.078227,0.0294,0.056603,Avian,N6
248_A/chicken/Hunan/04.1,A/chicken/Hunan/04.14_YYKG0533-Z-O/2015(H5N6),-0.133766,0.117049,0.022516,0.052735,Avian,N6
249_A/chicken/Hunan/04.1,A/chicken/Hunan/04.14_YYXS0812-O/2015(Mixed),-0.051195,-0.155886,-0.027295,-0.010741,Avian,N6
250_A/chicken/Hunan/12.0,A/chicken/Hunan/12.07__YYGK114-P/2013(H5N6),-0.121144,0.111178,0.010937,0.05467,Avian,N6
251_A/chicken/Hunan/12.0,A/chicken/Hunan/12.07_YYGKY67-P/2013(Mixed),-0.133323,0.109334,0.010302,0.055203,Avian,N6
252_A/chicken/Hunan/12.2,A/chicken/Hunan/12.27_YYGK19J2-C/2016,-0.001736,0.066069,-0.122873,0.056408,Avian,N6
253_A/chicken/Hunan/12.2,A/chicken/Hunan/12.27_YYGK55J2-O/2016,-0.048742,-0.154969,0.025099,-0.019352,Avian,N6
254_A/chicken/Hunan/12.2,A/chicken/Hunan/12.27_YYGKK148-OC/2016,-0.050771,-0.160634,0.007774,-0.004863,Avian,N6
255_A/chicken/Hunan/12.2,A/chicken/Hunan/12.28_YYGK034-P/2013(H5N6),-0.138105,0.087505,0.058267,0.036643,Avian,N6
256_A/chicken/Hunan/1793,A/chicken/Hunan/1793/2007,-0.104773,0.074025,-0.066219,-0.070097,Avian,N1
257_A/chicken/Hunan/3157,A/chicken/Hunan/3157/2006,0.088293,0.087568,-0.019748,0.076075,Avian,N1
258_A/chicken/Hunan/HN40,A/chicken/Hunan/HN40/2015,-0.139233,0.090732,0.080136,0.018523,Avian,N6
259_A/chicken/Hunan/HN58,A/chicken/Hunan/HN58/2015,-0.145497,0.086738,0.079096,0.015507,Avian,N6
260_A/chicken/Hunan/HN75,A/chicken/Hunan/HN75/2015,-0.142186,0.06937,0.055627,0.030732,Avian,N6
261_A/chicken/Hunan/HN15,A/chicken/Hunan/HN158/2015,-0.028169,-0.174507,-0.034506,0.008108,Avian,N6
262_A/chicken/Hunan/HN24,A/chicken/Hunan/HN244/2015,-0.029965,-0.172291,-0.032368,0.011637,Avian,N6
263_A/chicken/Hunan/HN24,A/chicken/Hunan/HN245/2015,-0.029082,-0.175873,-0.031568,0.004692,Avian,N6
264_A/chicken/Hunan/HN24,A/chicken/Hunan/HN247/2015,-0.028169,-0.174507,-0.034506,0.008108,Avian,N6
265_A/chicken/Hunan/HN24,A/chicken/Hunan/HN248/2015,-0.039951,-0.165465,-0.014148,0.000035,Avian,N6
266_A/chicken/Hunan/HN24,A/chicken/Hunan/HN249/2015,-0.028169,-0.174507,-0.034506,0.008108,Avian,N6
267_A/chicken/Hunan/HN25,A/chicken/Hunan/HN250/2015,-0.029082,-0.175873,-0.031568,0.004692,Avian,N6
268_A/chicken/Hunan/HN25,A/chicken/Hunan/HN251/2015,-0.027559,-0.174844,-0.031978,0.005048,Avian,N6
269_A/chicken/Hunan/HN25,A/chicken/Hunan/HN252/2015,-0.027559,-0.174844,-0.031978,0.005048,Avian,N6
270_A/chicken/Hunan/HN25,A/chicken/Hunan/HN254/2015,-0.028169,-0.174507,-0.034506,0.008108,Avian,N6
271_A/chicken/Hunan/HN25,A/chicken/Hunan/HN255/2015,-0.028169,-0.174507,-0.034506,0.008108,Avian,N6
272_A/chicken/Hunan/HN26,A/chicken/Hunan/HN263/2015,-0.045392,-0.153337,0.012295,-0.006239,Avian,N6
273_A/chicken/Hunan/HN26,A/chicken/Hunan/HN264/2015,-0.047469,-0.155537,0.011447,-0.004655,Avian,N6
274_A/chicken/Hunan/HN26,A/chicken/Hunan/HN265/2015,-0.042834,-0.158376,0.0131,-0.006863,Avian,N6
275_A/chicken/Hunan/HN26,A/chicken/Hunan/HN266/2015,-0.047355,-0.154803,0.011776,-0.005231,Avian,N6
276_A/chicken/Hunan/HN30,A/chicken/Hunan/HN301/2015,-0.054555,-0.139403,-0.006807,-0.006872,Avian,N6
277_A/chicken/Hunan/HN30,A/chicken/Hunan/HN302/2015,-0.05891,-0.142641,-0.003677,-0.008042,Avian,N6
278_A/chicken/Hunan/HN30,A/chicken/Hunan/HN303/2015,-0.054646,-0.14678,-0.012984,-0.007467,Avian,N6
279_A/chicken/Hunan/HN30,A/chicken/Hunan/HN304/2015,-0.054646,-0.14678,-0.012984,-0.007467,Avian,N6
280_A/chicken/Hunan/HN30,A/chicken/Hunan/HN305/2015,-0.05891,-0.142641,-0.003677,-0.008042,Avian,N6
281_A/chicken/Hunan/HN30,A/chicken/Hunan/HN306/2015,-0.036293,-0.169665,-0.022589,0.000401,Avian,N6
282_A/chicken/Hunan/HN30,A/chicken/Hunan/HN307/2015,-0.047522,-0.144526,-0.013172,-0.010214,Avian,N6
283_A/chicken/Hunan/HN30,A/chicken/Hunan/HN308/2015,-0.051016,-0.148799,-0.017463,-0.009819,Avian,N6
284_A/chicken/Hunan/S100,A/chicken/Hunan/S10029/2018(H5N1),-0.17075,0.115869,0.002502,-0.017517,Avian,N1
285_A/chicken/Jiangsu/03,A/chicken/Jiangsu/03.17_WX006-P/2015(H5N1),0.081806,0.042978,-0.122477,0.107367,Avian,N1
286_A/chicken/Jiangsu/92,A/chicken/Jiangsu/927/2013,0.091352,0.045619,0.008147,-0.022791,Avian,N1
287_A/chicken/Jiangsu/10,A/chicken/Jiangsu/1001/2013,0.095016,0.018015,-0.075924,0.034223,Avian,N2
288_A/chicken/Jiangsu/24,A/chicken/Jiangsu/2477/2014,0.13423,-0.006244,-0.061777,0.122035,Avian,N1
289_A/chicken/Jiangsu/k0,A/chicken/Jiangsu/k0402/2010,-0.113065,0.070691,-0.01279,0.015579,Avian,N1
290_A/chicken/Jiangsu/SE,A/chicken/Jiangsu/SE2228/2017(H5N1),0.122283,-0.018066,-0.048746,0.115775,Avian,N1
291_A/chicken/Jiangsu/WX,A/chicken/Jiangsu/WXBING2/2014,-0.131687,0.075399,0.06299,0.026508,Avian,N6
292_A/chicken/Jiangsu/WX,A/chicken/Jiangsu/WXS7393/2014,-0.12365,0.073809,0.059289,0.026899,Avian,N6
293_A/chicken/Jiangsu/XZ,A/chicken/Jiangsu/XZ216/2014,0.121298,0.034646,-0.113311,0.046558,Avian,N2
294_A/chicken/Jiangsu/YB,A/chicken/Jiangsu/YB7/2015,0.081062,0.040747,-0.122266,0.099049,Avian,N1
295_A/chicken/Jiangxi/01,A/chicken/Jiangxi/01.14_NCJD125-P/2015(H5N6),0.042837,0.045609,-0.168606,0.058558,Avian,N6
296_A/chicken/Jiangxi/02,A/chicken/Jiangxi/02.05_YGYXG023-P/2015(H5N6),-0.118516,0.090873,0.054087,0.024026,Avian,N6
297_A/chicken/Jiangxi/02,A/chicken/Jiangxi/02.05_YGYXG035-P/2015(H5N6),0.034643,0.042393,-0.15983,0.065851,Avian,N6
298_A/chicken/Jiangxi/04,A/chicken/Jiangxi/04.01__NCDZT0040-O/2015(H5N6),0.038057,0.04363,-0.164919,0.061974,Avian,N6
299_A/chicken/Jiangxi/04,A/chicken/Jiangxi/04.01__NCDZT0042-O/2015(H5N6),0.037012,0.04228,-0.163578,0.064813,Avian,N6
300_A/chicken/Jiangxi/04,A/chicken/Jiangxi/04.01__NCDZT0175-P/2015(H5N6),0.035881,0.043372,-0.158696,0.06571,Avian,N6
301_A/chicken/Jiangxi/04,A/chicken/Jiangxi/04.01__NCDZT0291-P/2015(H5N6),0.038242,0.042471,-0.164,0.065101,Avian,N6
302_A/chicken/Jiangxi/04,A/chicken/Jiangxi/04.01__NCJD0119-O/2015(H5N6),-0.111625,0.120979,0.01331,0.050728,Avian,N6
303_A/chicken/Jiangxi/04,A/chicken/Jiangxi/04.01__NCJD0137-O/2015(H5N6),0.087833,0.024278,-0.098239,0.039646,Avian,N6
304_A/chicken/Jiangxi/04,A/chicken/Jiangxi/04.01_NCDZT0192-P/2015(H5N6),0.038589,0.042064,-0.16395,0.063901,Avian,N6
305_A/chicken/Jiangxi/04,A/chicken/Jiangxi/04.01_NCDZT0203-P/2015(H5N6),0.037525,0.040456,-0.16467,0.06324,Avian,N6
306_A/chicken/Jiangxi/04,A/chicken/Jiangxi/04.01_NCDZT0238-P/2015(H5N6),0.087199,0.04122,-0.087032,0.045949,Avian,N6
307_A/chicken/Jiangxi/04,A/chicken/Jiangxi/04.01_NCDZT0279-P/2015(H5N6),0.042234,0.046422,-0.164967,0.062924,Avian,N6
308_A/chicken/Jiangxi/04,A/chicken/Jiangxi/04.01_NCDZT0285-P/2015(H5N6),0.042341,0.044738,-0.165207,0.063324,Avian,N6
309_A/chicken/Jiangxi/04,A/chicken/Jiangxi/04.01_NCDZT0299-P/2015(Mixed),0.040298,0.043077,-0.164282,0.061329,Avian,Others
310_A/chicken/Jiangxi/04,A/chicken/Jiangxi/04.01_NCJD131-1-O/2015(H5N6),0.088659,0.02411,-0.120901,0.09701,Avian,N6
311_A/chicken/Jiangxi/05,A/chicken/Jiangxi/05.06__NCDZT0039B-P/2015(H5N6),0.032447,0.054449,-0.152392,0.069015,Avian,N6
312_A/chicken/Jiangxi/10,A/chicken/Jiangxi/10.30_NCDZT17B3-OC/2017,0.051622,0.051963,-0.10287,0.097097,Avian,N6
313_A/chicken/Jiangxi/12,A/chicken/Jiangxi/12.05_NCDZT007/2014(H5N6),0.079827,0.015465,-0.124937,0.094069,Avian,N6
314_A/chicken/Jiangxi/12,A/chicken/Jiangxi/12.05_NCDZT0012/2014(H5N6),0.078563,0.017449,-0.123869,0.098297,Avian,N6
315_A/chicken/Jiangxi/12,A/chicken/Jiangxi/12.05_NCDZT0020/2014(H5N6),0.074564,0.01835,-0.115446,0.088004,Avian,N6
316_A/chicken/Jiangxi/12,A/chicken/Jiangxi/12.05_NCDZT0032/2014(H5N6),0.094724,0.028826,-0.094763,0.046239,Avian,N6
317_A/chicken/Jiangxi/12,A/chicken/Jiangxi/12.05_NCNP006/2014(H5N6),0.07757,0.015924,-0.124587,0.097613,Avian,N6
318_A/chicken/Jiangxi/25,A/chicken/Jiangxi/25/2011,-0.159698,0.0826,0.016356,0.06497,Avian,N1
319_A/Chicken/Jiangxi/45,A/Chicken/Jiangxi/45093/2016,0.032302,0.041319,-0.162161,0.062018,Avian,N6
320_A/chicken/Jiangxi/S4,A/chicken/Jiangxi/S40653/2021(H5N1),0.14621,0.037039,0.082117,0.028415,Avian,N1
321_A/chicken/Jilin/04.1,A/chicken/Jilin/04.11_CCHSL007/2015(Mixed),-0.13737,0.079732,0.050912,0.035199,Avian,N6
322_A/chicken/Jilin/04.1,A/chicken/Jilin/04.12_MHK001-O/2015(H5N1),0.151179,-0.008368,-0.06807,0.117612,Avian,N1
323_A/chicken/Jilin/04.1,A/chicken/Jilin/04.12_MHK002-O/2015(H5N1),0.151179,-0.008368,-0.06807,0.117612,Avian,N1
324_A/chicken/Jilin/04.1,A/chicken/Jilin/04.12_MHK003-O/2015(H5N1),0.151179,-0.008368,-0.06807,0.117612,Avian,N1
325_A/chicken/Jilin/04.1,A/chicken/Jilin/04.12_MHK004-O/2015(Mixed),0.150678,-0.007975,-0.067505,0.114711,Avian,N1
326_A/chicken/Jilin/04.2,A/chicken/Jilin/04.25_MHK009/2015(H5N1),0.151453,-0.009883,-0.066635,0.116195,Avian,N1
327_A/chicken/Jilin/S125,A/chicken/Jilin/S1255/2019(H5N1),-0.00588,0.05247,-0.114206,0.045696,Avian,N1
328_A/chicken/Jilin/S127,A/chicken/Jilin/S1271/2019(H5N1),-0.01277,0.051504,-0.113479,0.045702,Avian,N1
329_A/chicken/Kaohsiung/,A/chicken/Kaohsiung/16MB0889/2016,0.071461,0.043555,-0.12323,0.015227,Avian,N8
330_A/chicken/Kaohsiung/,A/chicken/Kaohsiung/16010047/2016,0.059985,0.05072,-0.107644,0.013043,Avian,N8
331_A/chicken/Kaohsiung/,A/chicken/Kaohsiung/16020017-2/2016,0.064462,0.056711,-0.129204,0.021074,Avian,N8
332_A/chicken/Kaohsiung/,A/chicken/Kaohsiung/16040021-1/2016,0.071461,0.043555,-0.12323,0.015227,Avian,N8
333_A/chicken/Kaohsiung/,A/chicken/Kaohsiung/16070003/2016,0.055487,0.049432,-0.127203,0.020563,Avian,N8
334_A/chicken/Kaohsiung/,A/chicken/Kaohsiung/16120012/2016,0.06173,0.070103,-0.118243,0.022592,Avian,N8
335_A/chicken/Kaohsiung/,A/chicken/Kaohsiung/17030023/2017,0.061469,0.050778,-0.127844,0.012459,Avian,N8
336_A/chicken/Kaohsiung/,A/chicken/Kaohsiung/17040007/2017,0.117446,0.028755,0.001681,-0.048897,Avian,N2
337_A/chicken/Kaohsiung/,A/chicken/Kaohsiung/17100002/2017,0.115778,0.03447,0.005982,-0.05923,Avian,N2
338_A/chicken/Kaohsiung/,A/chicken/Kaohsiung/18080004-1/2018,0.106666,-0.008421,-0.021643,-0.035375,Avian,N2
339_A/chicken/Kaohsiung/,A/chicken/Kaohsiung/18080004-2/2018,0.106666,-0.008421,-0.021643,-0.035375,Avian,N2
340_A/chicken/Liaoning/S,A/chicken/Liaoning/S4092/2011,-0.137673,0.061633,-0.012374,-0.090646,Avian,N1
341_A/chicken/Liaoning/S,A/chicken/Liaoning/SD035/2018(H5N1),0.001088,0.058493,-0.117296,0.044893,Avian,N1
342_A/chicken/Miaoli/150,A/chicken/Miaoli/15010421-1/2015,0.006585,-0.044778,0.120827,0.015071,Avian,N8
343_A/chicken/Nantou/161,A/chicken/Nantou/16110023-1/2016,0.061199,0.054907,-0.129412,0.020118,Avian,N8
344_A/chicken/New_Taipei,A/chicken/New_Taipei_City/16110019-1/2016,0.060032,0.053377,-0.12902,0.017043,Avian,N8
345_A/chicken/New_Taipei,A/chicken/New_Taipei_City/16110020-2/2016,0.062044,0.049784,-0.127721,0.011582,Avian,N8
346_A/chicken/New_Taipei,A/chicken/New_Taipei_City/17040002-2/2017,0.116373,0.036807,0.002633,-0.046411,Avian,N2
347_A/chicken/New_Taipei,A/chicken/New_Taipei_City/17050004-2/2017,0.073298,0.067281,-0.130215,0.009165,Avian,N8
348_A/chicken/New_Taipei,A/chicken/New_Taipei_City/17090001/2017,0.075031,0.057931,-0.112441,-0.000813,Avian,N8
349_A/chicken/New_Taipei,A/chicken/New_Taipei_City/17090002/2017,0.07187,0.058848,-0.109322,0.001229,Avian,N8
350_A/chicken/New_Taipei,A/chicken/New_Taipei_City/17090003/2017,0.073886,0.059728,-0.110223,0.001243,Avian,N8
351_A/chicken/New_Taipei,A/chicken/New_Taipei_City/18010021-3/2018,0.109026,0.049794,0.016554,-0.047101,Avian,N2
352_A/chicken/Ningxia/2/,A/chicken/Ningxia/2/2012,-0.135533,0.052225,-0.007018,-0.094354,Avian,N1
353_A/chicken/Ningxia/22,A/chicken/Ningxia/222/2012,-0.135227,0.051282,-0.007845,-0.094846,Avian,N1
354_A/chicken/PH/A2821/2,A/chicken/PH/A2821/2013,-0.155009,0.07313,-0.122953,-0.181924,Avian,N2
355_A/chicken/Pingtung/1,A/chicken/Pingtung/15050006-1/2015,0.127246,0.036565,-0.013346,-0.058451,Avian,N2
356_A/chicken/Pingtung/1,A/chicken/Pingtung/16020009-3/2016,0.119872,0.04905,-0.022882,-0.037203,Avian,N2
357_A/chicken/Pingtung/1,A/chicken/Pingtung/18010017-1/2018,0.124628,0.035124,0.002682,-0.046067,Avian,N2
358_A/chicken/Pingtung/1,A/chicken/Pingtung/18020015-1/2018,0.117094,0.049108,0.012402,-0.046681,Avian,N2
359_A/chicken/PT/a158/20,A/chicken/PT/a158/2015,-0.139635,0.072547,-0.104568,-0.183181,Avian,N2
360_A/chicken/Qingdao/1/,A/chicken/Qingdao/1/2014,0.119729,0.033999,-0.115797,0.050843,Avian,N2
361_A/chicken/SC/a688/20,A/chicken/SC/a688/2015,-0.157659,0.054235,-0.12172,-0.197693,Avian,N2
362_A/chicken/Shaanxi/SD,A/chicken/Shaanxi/SD001/2021,-0.106165,0.018407,-0.104185,-0.058846,Avian,N6
363_A/chicken/Shandong/1,A/chicken/Shandong/12.03_YA-CK/2014(H5N1),0.083558,0.050437,-0.126686,0.106397,Avian,N1
364_A/Chicken/Shandong/J,A/Chicken/Shandong/J01/2009,-0.075117,0.041903,-0.06738,0.011988,Avian,N1
365_A/Chicken/Shandong/J,A/Chicken/Shandong/J02/2009,-0.135082,0.056782,-0.021949,-0.097165,Avian,N1
366_A/Chicken/Shandong/J,A/Chicken/Shandong/J03/2009,-0.128729,0.063482,-0.011609,-0.104289,Avian,N1
367_A/Chicken/Shandong/J,A/Chicken/Shandong/J04/2009,-0.134607,0.047028,-0.017151,-0.095628,Avian,N1
368_A/Chicken/Shandong/J,A/Chicken/Shandong/J06/2009,-0.114929,0.064094,-0.006001,-0.001405,Avian,N1
369_A/chicken/Shandong/K,A/chicken/Shandong/KD02699/2013,-0.023575,-0.023979,0.110355,-0.087463,Avian,N8
370_A/chicken/Shandong/S,A/chicken/Shandong/S3/2014,0.121414,0.034505,-0.116298,0.05056,Avian,N2
371_A/chicken/Shanghai/S,A/chicken/Shanghai/S1123/2019(H5N1),0.11491,-0.005592,-0.06401,0.129268,Avian,N1
372_A/chicken/Shanghai/S,A/chicken/Shanghai/S4030/2017(H5N1),0.141004,-0.007904,-0.04148,0.110028,Avian,N1
373_A/chicken/Shanxi/04.,A/chicken/Shanxi/04.28_TGRL024-O/2018,-0.049605,-0.136245,0.021551,-0.00037,Avian,N6
374_A/chicken/Shanxi/12.,A/chicken/Shanxi/12.01_TGYL014-C/2016,-0.031183,-0.138038,-0.034904,0.03153,Avian,N6
375_A/chicken/Shenzhen/4,A/chicken/Shenzhen/433/2013,-0.135716,0.091444,0.070459,0.023532,Avian,N6
376_A/chicken/Shenzhen/5,A/chicken/Shenzhen/552/2013,-0.137548,0.087283,0.059623,0.033617,Avian,N6
377_A/chicken/Shenzhen/7,A/chicken/Shenzhen/715/2013,-0.135716,0.091444,0.070459,0.023532,Avian,N6
378_A/chicken/Shenzhen/1,A/chicken/Shenzhen/1061/2013,-0.147454,0.075522,0.06589,0.030367,Avian,N6
379_A/chicken/Shenzhen/1,A/chicken/Shenzhen/1845/2013,-0.131986,0.117138,0.018412,0.055237,Avian,N6
380_A/chicken/Shenzhen/2,A/chicken/Shenzhen/2269/2013,-0.138209,0.089157,0.058502,0.036252,Avian,N6
381_A/chicken/Shenzhen/2,A/chicken/Shenzhen/2396/2013,-0.134213,0.087388,0.053806,0.036104,Avian,N6
382_A/chicken/Shenzhen/2,A/chicken/Shenzhen/2464/2013,-0.136721,0.090361,0.060147,0.03287,Avian,N6
383_A/chicken/Shijiazhua,A/chicken/Shijiazhuang/1209/2013,0.175885,0.007137,-0.078068,0.078965,Avian,N2
384_A/chicken/Sichuan/k1,A/chicken/Sichuan/k141/2017,-0.059815,-0.167481,-0.0129,0.010685,Avian,N6
385_A/chicken/Sichuan/NC,A/chicken/Sichuan/NCJPL1/2014,-0.128566,0.108844,0.012973,0.050981,Avian,N6
386_A/Chicken/Suzhou/j5/,A/Chicken/Suzhou/j5/2019,-0.070872,-0.152829,-0.01272,0.027511,Avian,N6
387_A/Chicken/Suzhou/j6/,A/Chicken/Suzhou/j6/2019,-0.070872,-0.152829,-0.01272,0.027511,Avian,N6
388_A/chicken/Taichung/1,A/chicken/Taichung/15010399/2015,0.132542,0.030236,-0.020692,-0.05957,Avian,N2
389_A/chicken/Taichung/1,A/chicken/Taichung/16040032-3/2016,0.10393,0.033988,-0.026405,-0.035369,Avian,N2
390_A/chicken/Taichung/1,A/chicken/Taichung/16050044-2/2016,0.098903,0.039247,-0.023478,-0.03235,Avian,N2
391_A/chicken/Taichung/1,A/chicken/Taichung/16110017-3/2016,0.006897,-0.040273,0.128685,0.007349,Avian,N8
392_A/chicken/Tainan/150,A/chicken/Tainan/15020214/2015,0.065798,0.05994,-0.132957,0.023274,Avian,N8
393_A/chicken/Tainan/160,A/chicken/Tainan/16040035-1/2016,0.104155,0.043426,0.01005,-0.064711,Avian,N2
394_A/chicken/Tainan/170,A/chicken/Tainan/17030058-1/2017,0.066048,0.061165,-0.130162,0.015403,Avian,N8
395_A/chicken/Taipei_Cit,A/chicken/Taipei_City/17090004/2017,0.080619,0.059231,-0.117979,0.00652,Avian,N8
396_A/chicken/Taipei_Cit,A/chicken/Taipei_City/18010007-3/2018,0.114874,0.045598,0.007626,-0.049698,Avian,N2
397_A/chicken/Taipei_Cit,A/chicken/Taipei_City/18010008-3/2018,0.110686,0.031578,0.005439,-0.052637,Avian,N2
398_A/chicken/Taipei/160,A/chicken/Taipei/16060022-4/2016,0.059977,0.049276,-0.129705,0.022014,Avian,N8
399_A/chicken/Taipei/160,A/chicken/Taipei/16060023-1/2016,0.05828,0.051368,-0.127685,0.025348,Avian,N8
400_A/chicken/Taipei/161,A/chicken/Taipei/16120021/2016,0.06522,0.061146,-0.129038,0.023305,Avian,N8
401_A/chicken/Taipei/170,A/chicken/Taipei/17050005-1/2017,0.07534,0.06772,-0.135481,0.013614,Avian,N8
402_A/chicken/Taipei/170,A/chicken/Taipei/17050008-3/2017,0.07518,0.06724,-0.132108,0.010878,Avian,N8
403_A/chicken/Taipei/170,A/chicken/Taipei/17050009-3/2017,0.073514,0.069294,-0.130125,0.014151,Avian,N8
404_A/chicken/Taishun/TS,A/chicken/Taishun/TS2/2016,0.062792,0.006982,-0.119586,0.090727,Avian,N6
405_A/chicken/Taishun/TS,A/chicken/Taishun/TS90/2016,0.079056,0.031132,-0.116397,0.094021,Avian,N6
406_A/chicken/Taiwan/010,A/chicken/Taiwan/0101/2012,-0.11021,0.067598,-0.081157,-0.143998,Avian,N2
407_A/chicken/Taiwan/050,A/chicken/Taiwan/0502/2012,-0.163988,0.079911,-0.133287,-0.192469,Avian,N2
408_A/chicken/Taiwan/683,A/chicken/Taiwan/683/2012,-0.163794,0.071127,-0.125799,-0.184826,Avian,N2
409_A/chicken/Taiwan/011,A/chicken/Taiwan/01174/2015,0.069733,0.061675,-0.129405,0.02374,Avian,Others
410_A/chicken/Taiwan/168,A/chicken/Taiwan/1682/2013,-0.086575,0.086224,-0.054318,-0.104281,Avian,N2
411_A/chicken/Taiwan/169,A/chicken/Taiwan/1692/2013,-0.086054,0.085082,-0.053141,-0.104019,Avian,N2
412_A/chicken/Taiwan/170,A/chicken/Taiwan/1704/2013,-0.086575,0.086224,-0.054318,-0.104281,Avian,N2
413_A/chicken/Taiwan/171,A/chicken/Taiwan/1711/2013,-0.086997,0.084346,-0.054007,-0.102276,Avian,N2
414_A/chicken/Taiwan/259,A/chicken/Taiwan/2593/2012,-0.159966,0.095401,-0.12507,-0.167909,Avian,N2
415_A/chicken/Taiwan/294,A/chicken/Taiwan/2948/2013,-0.159966,0.095401,-0.12507,-0.167909,Avian,N2
416_A/chicken/Taiwan/444,A/chicken/Taiwan/4443/2013,-0.170859,0.097682,-0.11008,-0.162579,Avian,N2
417_A/chicken/Taiwan/735,A/chicken/Taiwan/7350/2013,-0.170767,0.104915,-0.113359,-0.166475,Avian,N2
418_A/chicken/Taiwan/898,A/chicken/Taiwan/8988/2013,-0.160752,0.096917,-0.120443,-0.163987,Avian,N2
419_A/chicken/Taiwan/899,A/chicken/Taiwan/8994/2013,-0.159226,0.096916,-0.121552,-0.163421,Avian,N2
420_A/chicken/Taiwan/899,A/chicken/Taiwan/8996/2013,-0.160752,0.096917,-0.120443,-0.163987,Avian,N2
421_A/chicken/Taiwan/A1/,A/chicken/Taiwan/A1/2019,-0.173356,0.052317,-0.060586,-0.193998,Avian,N2
422_A/chicken/Taiwan/a17,A/chicken/Taiwan/a174/2015,0.069733,0.061675,-0.129405,0.02374,Avian,Others
423_A/chicken/Taiwan/A19,A/chicken/Taiwan/A1997/2012,-0.135564,0.048545,-0.032914,-0.109533,Avian,N2
424_A/chicken/Taiwan/D2/,A/chicken/Taiwan/D2/2019,0.107718,-0.021631,0.00575,-0.052226,Avian,N2
425_A/chicken/Taiwan/D9/,A/chicken/Taiwan/D9/2019,0.107718,-0.021631,0.00575,-0.052226,Avian,N2
426_A/chicken/Taiwan/u7/,A/chicken/Taiwan/u7/2016,0.123616,0.043467,-0.018844,-0.051253,Avian,N2
427_A/chicken/Taiwan/x37,A/chicken/Taiwan/x37/2016,0.057926,0.056611,-0.132035,0.034686,Avian,N8
428_A/chicken/TC/a504/20,A/chicken/TC/a504/2015,-0.142706,0.0715,-0.104342,-0.179932,Avian,N2
429_A/chicken/TY/a665/20,A/chicken/TY/a665/2015,-0.140317,0.074485,-0.105359,-0.17433,Avian,N2
430_A/chicken/Wuxi/7157/,A/chicken/Wuxi/7157/2015,-0.049339,-0.158352,0.002363,-0.007968,Avian,N6
431_A/chicken/Wuxi/7765/,A/chicken/Wuxi/7765/2016,-0.135498,0.106388,0.010879,0.060228,Avian,N6
432_A/chicken/Wuxi/SC739,A/chicken/Wuxi/SC7393/2015,-0.12365,0.073809,0.059289,0.026899,Avian,N6
433_A/chicken/Wuxi/WX-32,A/chicken/Wuxi/WX-32/2013,0.100197,0.036448,0.006579,-0.033139,Avian,N1
434_A/chicken/Wuxi/WX-33,A/chicken/Wuxi/WX-33/2013,0.078848,0.038201,0.005475,-0.006725,Avian,N1
435_A/chicken/Xinjiang/S,A/chicken/Xinjiang/S1016/2019(H5N1),0.115835,-0.004051,-0.063993,0.127425,Avian,N1
436_A/chicken/Xinjiang/S,A/chicken/Xinjiang/S1081/2019(H5N1),0.11023,-0.003542,-0.061363,0.127909,Avian,N1
437_A/chicken/Xinjiang/S,A/chicken/Xinjiang/S1170/2019(H5N1),0.11593,0.00361,-0.057578,0.128044,Avian,N1
438_A/Chicken/Xuzhou/470,A/Chicken/Xuzhou/470/2017,-0.054705,-0.154653,-0.012487,0.014069,Avian,N6
439_A/chicken/Xuzhou/XZ6,A/chicken/Xuzhou/XZ6/2016,-0.118651,0.101319,0.052935,0.035476,Avian,N6
440_A/Chicken/Yangzhou/f,A/Chicken/Yangzhou/f6/2018,0.041957,0.051634,-0.105328,0.008928,Avian,N6
441_A/Chicken/Yangzhou/f,A/Chicken/Yangzhou/f9/2018,0.038776,0.038756,-0.106085,0.006225,Avian,N6
442_A/Chicken/Yangzhou/f,A/Chicken/Yangzhou/f14/2018,0.042448,0.054187,-0.101992,0.008812,Avian,N6
443_A/chicken/Yangzhou/Y,A/chicken/Yangzhou/YD1/2014,-0.093428,0.051895,0.098209,0.065509,Avian,N6
444_A/chicken/YL/A3190/2,A/chicken/YL/A3190/2014,-0.144021,0.080223,-0.020315,-0.09714,Avian,N2
445_A/chicken/Yuhang/1/2,A/chicken/Yuhang/1/2013,-0.01686,0.097094,-0.154319,-0.033754,Avian,Others
446_A/chicken/Yuhang/2/2,A/chicken/Yuhang/2/2013,0.044385,0.071523,-0.149682,0.024073,Avian,Others
447_A/chicken/Yunlin/150,A/chicken/Yunlin/15020048-1/2015,0.126633,0.028131,-0.018053,-0.063131,Avian,N2
448_A/chicken/Yunlin/150,A/chicken/Yunlin/15040002-2/2015,0.135636,0.043236,-0.024014,-0.053907,Avian,N2
449_A/chicken/Yunlin/150,A/chicken/Yunlin/15040027/2015,0.134684,0.035556,-0.023548,-0.05309,Avian,N2
450_A/chicken/Yunlin/150,A/chicken/Yunlin/15050012/2015,0.003522,-0.044631,0.119035,0.012749,Avian,N8
451_A/chicken/Yunlin/150,A/chicken/Yunlin/15050037-2/2015,0.138932,0.039101,-0.028204,-0.058433,Avian,N2
452_A/chicken/Yunlin/150,A/chicken/Yunlin/15050039-2/2015,0.13094,0.031078,-0.023907,-0.051478,Avian,N2
453_A/chicken/Yunlin/150,A/chicken/Yunlin/15060014-1/2015,0.128632,0.031254,-0.022602,-0.05052,Avian,N2
454_A/chicken/Yunlin/150,A/chicken/Yunlin/15080024/2015,0.110692,0.037578,-0.013183,-0.04465,Avian,N2
455_A/chicken/Yunlin/160,A/chicken/Yunlin/16010001-1/2016,0.133955,0.040024,-0.015818,-0.058452,Avian,N2
456_A/chicken/Yunlin/160,A/chicken/Yunlin/16010008-1/2016,0.120352,0.049807,-0.009315,-0.04958,Avian,N2
457_A/chicken/Yunlin/160,A/chicken/Yunlin/16020038/2016,-0.004656,-0.044407,0.12651,0.028378,Avian,N8
458_A/chicken/Yunlin/160,A/chicken/Yunlin/16050053/2016,0.106314,0.033988,-0.028051,-0.034353,Avian,N2
459_A/chicken/Yunlin/170,A/chicken/Yunlin/17010001/2017,0.008669,-0.053116,0.113614,0.004801,Avian,N8
460_A/chicken/Yunlin/170,A/chicken/Yunlin/17010014/2017,0.121225,0.04056,-0.003855,-0.061066,Avian,N2
461_A/chicken/Yunlin/170,A/chicken/Yunlin/17020094-1/2017,0.118911,0.041916,0.003267,-0.054229,Avian,N2
462_A/chicken/Yunlin/170,A/chicken/Yunlin/17020095-2/2017,0.11766,0.036428,-0.021827,-0.046003,Avian,N2
463_A/chicken/Yunlin/170,A/chicken/Yunlin/17030001-1/2017,0.122862,0.034921,-0.005501,-0.057174,Avian,N2
464_A/chicken/Yunlin/170,A/chicken/Yunlin/17030007-1/2017,0.125647,0.048469,-0.014655,-0.050541,Avian,N2
465_A/chicken/Yunlin/170,A/chicken/Yunlin/17030010-1/2017,0.115485,0.035797,0.002274,-0.050926,Avian,N2
466_A/chicken/Yunlin/170,A/chicken/Yunlin/17030014-1/2017,0.128799,0.039283,-0.002243,-0.052748,Avian,N2
467_A/chicken/Yunlin/170,A/chicken/Yunlin/17030020-2/2017,0.115892,0.035934,-0.00158,-0.051943,Avian,N2
468_A/chicken/Yunlin/170,A/chicken/Yunlin/17030021-1/2017,0.124686,0.039608,-0.005345,-0.053929,Avian,N2
469_A/chicken/Yunlin/170,A/chicken/Yunlin/17030032-2/2017,0.120467,0.026709,-0.024088,-0.054329,Avian,N2
470_A/chicken/Yunlin/170,A/chicken/Yunlin/17030065-2/2017,0.121358,0.05291,-0.015382,-0.048464,Avian,N2
471_A/chicken/Yunlin/170,A/chicken/Yunlin/17040003-1/2017,0.128503,0.04994,-0.013503,-0.054139,Avian,N2
472_A/chicken/Yunlin/170,A/chicken/Yunlin/17040004-2/2017,0.117373,0.035186,-0.000834,-0.058831,Avian,N2
473_A/chicken/Yunlin/170,A/chicken/Yunlin/17040011-1/2017,0.1185,0.037225,-0.003172,-0.056387,Avian,N2
474_A/chicken/Yunlin/170,A/chicken/Yunlin/17060019/2017,0.113557,0.034025,0.009357,-0.052962,Avian,N2
475_A/chicken/Yunlin/170,A/chicken/Yunlin/17070010/2017,0.115367,0.033747,0.006524,-0.053935,Avian,N2
476_A/chicken/Yunlin/180,A/chicken/Yunlin/18010001-2/2018,0.114241,0.043759,0.011678,-0.05077,Avian,N2
477_A/chicken/Yunlin/180,A/chicken/Yunlin/18010003-3/2018,0.120134,0.041698,0.005008,-0.049389,Avian,N2
478_A/chicken/Yunlin/180,A/chicken/Yunlin/18010023-1/2018,0.103099,0.032496,0.007697,-0.048369,Avian,N2
479_A/chicken/Yunlin/180,A/chicken/Yunlin/18020003-2/2018,0.105,0.033024,0.001741,-0.04675,Avian,N2
480_A/chicken/Yunlin/180,A/chicken/Yunlin/18020004-1/2018,0.105,0.033024,0.001741,-0.04675,Avian,N2
481_A/chicken/Yunlin/180,A/chicken/Yunlin/18020005-2/2018,0.101272,0.028567,0.002781,-0.045752,Avian,N2
482_A/chicken/Yunlin/180,A/chicken/Yunlin/18020008-2/2018,0.104844,0.032541,0.006598,-0.047954,Avian,N2
483_A/chicken/Yunlin/180,A/chicken/Yunlin/18030002-1/2018,0.096184,0.017824,0.00426,-0.051853,Avian,N2
484_A/chicken/Yunlin/180,A/chicken/Yunlin/18050013-1/2018,0.083526,0.017444,0.011275,-0.036892,Avian,N2
485_A/chicken/Yunlin/180,A/chicken/Yunlin/18060001-2/2018,0.091423,0.024485,0.006379,-0.039528,Avian,N2
486_A/chicken/Yunlin/180,A/chicken/Yunlin/18080006-1/2018,0.089762,0.048227,0.029355,-0.052725,Avian,N2
487_A/chicken/Yunnan/1/2,A/chicken/Yunnan/1/2014,-0.142551,0.092425,0.072403,0.025265,Avian,N1
488_A/chicken/Yunnan/02.,A/chicken/Yunnan/02.09_DQXY008L/2015(H5N6),0.089272,0.023079,-0.102377,0.034743,Avian,N6
489_A/chicken/Yunnan/03.,A/chicken/Yunnan/03.15_DQJT0054-Z-P/2015(H5N6),-0.158263,0.078857,0.028627,0.056872,Avian,N6
490_A/chicken/Yunnan/03.,A/chicken/Yunnan/03.16__DQJT0068-O/2015(H5N6),0.095248,0.013906,-0.098511,0.030483,Avian,N6
491_A/chicken/Yunnan/03.,A/chicken/Yunnan/03.16_DQJT069-O/2015(H5N6),-0.051195,-0.155886,-0.027295,-0.010741,Avian,N6
492_A/chicken/Yunnan/03.,A/chicken/Yunnan/03.16_DQXYL0034-O/2015(H5N6),0.086726,0.027568,-0.096255,0.034779,Avian,N6
493_A/chicken/Yunnan/03.,A/chicken/Yunnan/03.16_DQXYL057-O/2015(H5N6),-0.051195,-0.155886,-0.027295,-0.010741,Avian,N6
494_A/chicken/Yunnan/07.,A/chicken/Yunnan/07.11_DQENM005/2015(H5N6),-0.051161,-0.164382,-0.001643,-0.011004,Avian,N6
495_A/Chicken/Yunnan/YN-,A/Chicken/Yunnan/YN-8/2016__(H5N6),-0.002269,-0.095807,-0.035626,0.037499,Avian,N6
496_A/Chicken/Yunnan/YN-,A/Chicken/Yunnan/YN-11/2016__(H5N6),-0.041752,-0.169867,-0.00628,0.001448,Avian,N6
497_A/Chicken/Yunnan/YN-,A/Chicken/Yunnan/YN-12/2016__(H5N6),-0.13429,0.057219,0.082774,0.009228,Avian,N6
498_A/chicken/Zhejiang/1,A/chicken/Zhejiang/194/2016,-0.0802,-0.116842,-0.033148,-0.042117,Avian,N2
499_A/chicken/Zhejiang/2,A/chicken/Zhejiang/209/2016,0.021592,-0.047613,0.104412,0.005547,Avian,N2
500_A/chicken/Zhejiang/2,A/chicken/Zhejiang/217/2016,-0.079885,-0.116379,-0.032601,-0.043089,Avian,N2
501_A/chicken/Zhejiang/2,A/chicken/Zhejiang/232/2016,0.01382,-0.055364,0.100002,0.009836,Avian,N2
502_A/chicken/Zhejiang/7,A/chicken/Zhejiang/7450/2015,0.012343,-0.065701,0.118356,-0.005881,Avian,N2
503_A/chicken/Zhejiang/8,A/chicken/Zhejiang/81643/2015,0.012139,-0.067089,0.116875,-0.002549,Avian,N2
504_A/chicken/Zhejiang/5,A/chicken/Zhejiang/514135/2015,-0.049118,-0.12505,-0.057621,-0.034896,Avian,N2
505_A/chicken/Zhejiang/7,A/chicken/Zhejiang/727022/2014,-0.140746,0.089466,0.057642,0.046988,Avian,N6
506_A/chicken/Zhejiang/7,A/chicken/Zhejiang/727026/2014,-0.13429,0.088132,0.057473,0.035846,Avian,N6
507_A/chicken/Zhejiang/7,A/chicken/Zhejiang/727079/2014,-0.13883,0.095297,0.062735,0.043039,Avian,N2
508_A/chicken/Zhejiang/7,A/chicken/Zhejiang/727155/2014,-0.143786,0.094098,0.05513,0.059292,Avian,N6
509_A/chicken/Zhejiang/7,A/chicken/Zhejiang/727159/2014,-0.13883,0.095297,0.062735,0.043039,Avian,N2
510_A/chickenl/Jiangxi/E,A/chickenl/Jiangxi/E84/2014_(H5N6),-0.120434,0.083066,0.055812,0.018098,Avian,N6
511_A/Chlidonias_hybrida,A/Chlidonias_hybrida/Hubei/55/2020,0.138554,0.020901,0.076399,0.027878,Avian,N8
512_A/Commom_Teal/Ningxi,A/Commom_Teal/Ningxia/474-9/2015,-0.127914,0.073857,0.056804,0.029251,Avian,N6
513_A/common_coot/Shando,A/common_coot/Shandong/SC197/2021,0.139306,0.028787,0.080214,0.029193,Avian,N8
514_A/common_crane/Yunna,A/common_crane/Yunnan-Huize/27/2021(H5N8),0.144233,0.023141,0.082677,0.01631,Avian,N8
515_A/common_pochard/Nin,A/common_pochard/Ningxia/243/2020,0.080838,0.074875,-0.00283,-0.082605,Avian,N8
516_A/common_teal/Ningxi,A/common_teal/Ningxia/105/2020,0.134537,0.022231,0.08346,0.021963,Avian,N8
517_A/common_teal/Ningxi,A/common_teal/Ningxia/181/2020,0.080838,0.074875,-0.00283,-0.082605,Avian,N8
518_A/common_teal/Ningxi,A/common_teal/Ningxia/189/2020,0.080953,0.067887,-0.007265,-0.078686,Avian,N8
519_A/common_teal/Ningxi,A/common_teal/Ningxia/237/2020,0.080838,0.074875,-0.00283,-0.082605,Avian,N8
520_A/common_teal/Ningxi,A/common_teal/Ningxia/245/2020,0.079462,0.072791,-0.002893,-0.082577,Avian,N8
521_A/common_teal/Ningxi,A/common_teal/Ningxia/253/2020,0.080838,0.074875,-0.00283,-0.082605,Avian,N8
522_A/common_teal/Shaanx,A/common_teal/Shaanxi/SXY1-1/2020,0.136932,0.023729,0.082152,0.022483,Avian,N8
523_A/condor/Guangdong/1,A/condor/Guangdong/139/2003,0.00607,-0.101383,0.12657,0.039382,Avian,N1
524_A/Copsychus_saularis,A/Copsychus_saularis/Guangdong/SW8/2014,-0.141696,0.08469,0.057008,0.033339,Avian,N6
525_A/Curlew/Hong_Kong/A,A/Curlew/Hong_Kong/AFCD-HKU-22-01095.01009/2022,0.159767,-0.041082,0.022898,0.005597,Avian,N1
526_A/Cygnus_atratus/Hub,A/Cygnus_atratus/Hubei/2Z2-O/2016,0.102678,0.035319,0.04354,-0.027303,Avian,N8
527_A/Cygnus_atratus/Hub,A/Cygnus_atratus/Hubei/HF-1/2016,0.105287,0.035015,0.038254,-0.024844,Avian,N8
528_A/Cygnus_columbianus,A/Cygnus_columbianus/Hubei/49/2020,0.14358,0.027408,0.08177,0.019402,Avian,N8
529_A/Cygnus_columbianus,A/Cygnus_columbianus/Hubei/50/2020,0.142158,0.025398,0.080983,0.020999,Avian,N8
530_A/Cygnus_columbianus,A/Cygnus_columbianus/Hubei/51/2020,0.140659,0.028321,0.084027,0.020052,Avian,N8
531_A/Cygnus_columbianus,A/Cygnus_columbianus/Hubei/52/2020,0.1427,0.025494,0.07988,0.021734,Avian,N8
532_A/Cygnus_columbianus,A/Cygnus_columbianus/Hubei/53/2020,0.143686,0.02384,0.078502,0.02607,Avian,N8
533_A/Cygnus_columbianus,A/Cygnus_columbianus/Hubei/56/2020,0.142003,0.023597,0.076806,0.024353,Avian,N8
534_A/Cygnus_columbianus,A/Cygnus_columbianus/Hubei/116/2020,0.137176,0.023509,0.084671,0.019314,Avian,N8
535_A/Cygnus_columbianus,A/Cygnus_columbianus/Hubei/117/2021,0.098428,0.025527,0.046949,-0.055082,Avian,N1
536_A/Cygnus_columbianus,A/Cygnus_columbianus/Hubei/121/2021,0.14501,-0.021388,0.038434,-0.006798,Avian,N1
537_A/Cygnus_columbianus,A/Cygnus_columbianus/Hubei/123/2021,0.098428,0.025527,0.046949,-0.055082,Avian,N1
538_A/Cygnus_columbianus,A/Cygnus_columbianus/Hubei/128/2021,0.098428,0.025527,0.046949,-0.055082,Avian,N1
539_A/domestic_green-win,A/domestic_green-winged_teal/Hunan/3450/2006,-0.000241,0.006353,0.010127,-0.017739,Avian,N1
540_A/duck/Anhui/AH328/2,A/duck/Anhui/AH328/2015,-0.036538,-0.168781,-0.017727,0.009863,Avian,N6
541_A/duck/Anhui/S4/2016,A/duck/Anhui/S4/2016,-0.057418,-0.17437,-0.009271,0.002427,Avian,N6
542_A/duck/Changhua/15A0,A/duck/Changhua/15A03431-1-20T/2015,0.125772,0.026661,-0.02231,-0.057966,Avian,N2
543_A/duck/Changhua/15A0,A/duck/Changhua/15A03473-1-20T/2015,0.133123,0.037528,-0.018813,-0.052827,Avian,N2
544_A/duck/Chiayi/150800,A/duck/Chiayi/15080023/2015,0.006888,-0.037757,0.111905,0.019325,Avian,N8
545_A/duck/China/0936/20,A/duck/China/0936/2017,-0.039574,-0.145191,0.000372,0.002802,Avian,N6
546_A/duck/China/0938/20,A/duck/China/0938/2017,0.131038,-0.014356,-0.049823,0.119363,Avian,N6
547_A/duck/China/DK87/20,A/duck/China/DK87/2016,0.005943,-0.104416,-0.046165,0.023234,Avian,N6
548_A/duck/China/E26/201,A/duck/China/E26/2012,-0.063125,0.076167,0.038415,-0.03342,Avian,N1
549_A/duck/China/E53/201,A/duck/China/E53/2012,-0.12279,0.098064,0.000749,0.014181,Avian,N1
550_A/Duck/China/H5N6/20,A/Duck/China/H5N6/2020,-0.127455,0.089039,0.056867,0.02088,Avian,N6
551_A/duck/China/YD1516/,A/duck/China/YD1516/2016,0.022817,-0.068013,0.118272,-0.010046,Avian,N2
552_A/duck/Chongqing/S43,A/duck/Chongqing/S4362/2017,0.129909,0.009856,-0.029568,0.084697,Avian,Others
553_A/duck/Dongguan/2685,A/duck/Dongguan/2685/2013,-0.140655,0.08397,0.061527,0.029122,Avian,N6
554_A/Duck/Dongting/D76-,A/Duck/Dongting/D76-1/2016,0.088154,0.036767,-0.072153,0.052374,Avian,Others
555_A/duck/Eastern_China,A/duck/Eastern_China/008/2008,0.000731,-0.015406,0.043035,-0.036254,Avian,Others
556_A/duck/Eastern_China,A/duck/Eastern_China/031/2009,-0.009138,-0.015823,0.039333,-0.029888,Avian,Others
557_A/duck/Eastern_China,A/duck/Eastern_China/108/2008,0.000731,-0.015406,0.043035,-0.036254,Avian,N1
558_A/duck/Eastern_China,A/duck/Eastern_China/909/2009,-0.007696,-0.015115,0.041361,-0.03098,Avian,N1
559_A/duck/Eastern_China,A/duck/Eastern_China/JY/2014,0.080821,0.044756,0.003596,0.039393,Avian,N8
560_A/duck/Eastern_China,A/duck/Eastern_China/L0230/2010,0.001057,-0.021385,0.074256,-0.055226,Avian,N2
561_A/duck/Eastern_China,A/duck/Eastern_China/L0321/2010,-0.013957,-0.021844,0.039179,-0.023981,Avian,N2
562_A/duck/Eastern_China,A/duck/Eastern_China/L0405/2010,-0.015163,-0.025041,0.102479,-0.070328,Avian,N8
563_A/duck/Eastern_China,A/duck/Eastern_China/L0423/2011,-0.014982,-0.017858,0.09846,-0.063209,Avian,N8
564_A/duck/Eastern_China,A/duck/Eastern_China/L0611/2011,-0.016468,-0.018931,0.097881,-0.061081,Avian,N8
565_A/duck/Eastern_China,A/duck/Eastern_China/L0722/2012,-0.014199,-0.023028,0.09975,-0.069243,Avian,N8
566_A/duck/Eastern_China,A/duck/Eastern_China/L1021/2012,-0.016931,-0.024729,0.095498,-0.05896,Avian,N8
567_A/duck/Eastern_China,A/duck/Eastern_China/L1120/2012,-0.022945,-0.021606,0.110487,-0.080751,Avian,N8
568_A/duck/Eastern_China,A/duck/Eastern_China/S0131/2014,-0.096428,0.046613,0.055972,-0.043429,Avian,N2
569_A/duck/Eastern_China,A/duck/Eastern_China/S0215/2014,0.088796,0.057127,-0.012517,0.044285,Avian,N8
570_A/duck/Eastern_China,A/duck/Eastern_China/S0322/2014,-0.132351,0.077002,0.04625,0.022136,Avian,N6
571_A/duck/Eastern_China,A/duck/Eastern_China/S0711/2014,-0.067544,0.098011,0.04612,0.087523,Avian,N6
572_A/duck/Eastern_China,A/duck/Eastern_China/S0808/2014,-0.006439,-0.015845,0.051755,-0.022167,Avian,N2
573_A/duck/Eastern_China,A/duck/Eastern_China/S0908/2014,-0.136457,0.090861,0.054765,0.033216,Avian,N6
574_A/duck/Eastern_China,A/duck/Eastern_China/S1109/2014,0.089197,0.051234,-0.010054,0.041306,Avian,N8
575_A/duck/Eastern_China,A/duck/Eastern_China/S1210/2013,0.066767,0.039733,-0.007654,0.057234,Avian,N8
576_A/duck/Fujian/1.17_F,A/duck/Fujian/1.17_FZHX0123-C/2017,-0.053538,-0.150401,-0.024677,0.044318,Avian,N6
577_A/duck/Fujian/03.18_,A/duck/Fujian/03.18_GTFJ-15-10/2015(Mixed),-0.132994,0.076082,0.048686,0.020691,Avian,N6
578_A/duck/Fujian/05.07_,A/duck/Fujian/05.07_FZHMD4K-O/2015(Mixed),-0.132526,0.085375,0.048404,0.034707,Avian,N6
579_A/duck/Fujian/05.07_,A/duck/Fujian/05.07_FZHMD12AK-O/2015(Mixed),-0.132526,0.085375,0.048404,0.034707,Avian,N6
580_A/duck/Fujian/05.07_,A/duck/Fujian/05.07_FZHMDK14-O/2015(H5N6),-0.132526,0.085375,0.048404,0.034707,Avian,N6
581_A/duck/Fujian/10.26_,A/duck/Fujian/10.26_FZHX0002-O/2017,-0.044545,-0.188966,0.00078,-0.015495,Avian,N6
582_A/duck/Fujian/10.26_,A/duck/Fujian/10.26_FZHX0010-O/2017,-0.048585,-0.186241,-0.000505,-0.009201,Avian,N6
583_A/duck/Fujian/11.3_F,A/duck/Fujian/11.3_FZHX1132-O/2016,-0.055066,-0.173788,-0.00359,0.002365,Avian,N6
584_A/duck/Fujian/11.3_F,A/duck/Fujian/11.3_FZHX1141-C/2016,-0.054378,-0.177124,-0.003986,0.003908,Avian,N6
585_A/duck/Fujian/11.23_,A/duck/Fujian/11.23_FZHX0009-C/2017,-0.044432,-0.186576,0.001915,-0.017339,Avian,N6
586_A/duck/Fujian/11.23_,A/duck/Fujian/11.23_FZHX0014-C/2017,-0.04551,-0.186436,-0.001459,-0.011842,Avian,N6
587_A/duck/Fujian/11.23_,A/duck/Fujian/11.23_FZHX0015-C/2017,-0.04551,-0.186436,-0.001459,-0.011842,Avian,N6
588_A/duck/Fujian/12.7_F,A/duck/Fujian/12.7_FZHX1202-O/2016,-0.040947,-0.169768,-0.014441,0.017712,Avian,N6
589_A/duck/Fujian/12.7_F,A/duck/Fujian/12.7_FZHX1218-C/2016,-0.049612,-0.176592,-0.00594,0.004612,Avian,N6
590_A/duck/Fujian/12.7_F,A/duck/Fujian/12.7_FZHX1219-O/2016,-0.049612,-0.176592,-0.00594,0.004612,Avian,N6
591_A/duck/Fujian/12.7_F,A/duck/Fujian/12.7_FZHX1221-C/2016,-0.047842,-0.175201,-0.005458,0.005304,Avian,N6
592_A/duck/Fujian/S1233/,A/duck/Fujian/S1233/2018(H5N1),-0.072121,-0.175314,-0.005388,0.016369,Avian,N1
593_A/duck/Fujian/S1273/,A/duck/Fujian/S1273/2018(H5N1),-0.072436,-0.175776,-0.005936,0.01734,Avian,N1
594_A/Duck/Fujian/S4146/,A/Duck/Fujian/S4146/2010,-0.159857,0.082624,0.020812,0.055939,Avian,N1
595_A/duck/Guangdong/01.,A/duck/Guangdong/01.01_SZSGXJK001-G/2016,-0.031108,-0.156739,-0.040724,0.020839,Avian,N6
596_A/duck/Guangdong/01.,A/duck/Guangdong/01.01_SZSGXJK001-Y_/2016,-0.031108,-0.156739,-0.040724,0.020839,Avian,N6
597_A/duck/Guangdong/01.,A/duck/Guangdong/01.01_SZSGXJK002-G/2016,-0.031108,-0.156739,-0.040724,0.020839,Avian,N6
598_A/duck/Guangdong/01.,A/duck/Guangdong/01.01_SZSGXJK002-Y/2016,-0.033671,-0.157613,-0.038948,0.019703,Avian,N6
599_A/duck/Guangdong/01.,A/duck/Guangdong/01.01_SZSGXJK003-G/2016,-0.031108,-0.156739,-0.040724,0.020839,Avian,N6
600_A/duck/Guangdong/01.,A/duck/Guangdong/01.01_SZSGXJK004-Y/2016,-0.031108,-0.156739,-0.040724,0.020839,Avian,N6
601_A/duck/Guangdong/01.,A/duck/Guangdong/01.01_SZSGXJK005-G_/2016,-0.031108,-0.156739,-0.040724,0.020839,Avian,N6
602_A/duck/Guangdong/01.,A/duck/Guangdong/01.01_SZSGXJK005-Y/2016,-0.031108,-0.156739,-0.040724,0.020839,Avian,N6
603_A/duck/Guangdong/01.,A/duck/Guangdong/01.01_SZSGXJK006-G/2016,-0.030644,-0.157637,-0.040822,0.021679,Avian,N6
604_A/duck/Guangdong/01.,A/duck/Guangdong/01.01_SZSGXJK006-Y/2016,-0.030644,-0.157637,-0.040822,0.021679,Avian,N6
605_A/duck/Guangdong/02.,A/duck/Guangdong/02.11_DGCP092-P/2015(Mixed),-0.034553,-0.168852,-0.03145,0.013211,Avian,N6
606_A/duck/Guangdong/02.,A/duck/Guangdong/02.11_DGCP093-P/2015(Mixed),-0.034553,-0.168852,-0.03145,0.013211,Avian,N6
607_A/duck/Guangdong/02.,A/duck/Guangdong/02.11_DGCP094-P/2015(Mixed),-0.034447,-0.166337,-0.031622,0.016116,Avian,N6
608_A/duck/Guangdong/02.,A/duck/Guangdong/02.11_DGCP102-P/2015(Mixed),-0.034022,-0.165677,-0.031699,0.011946,Avian,N6
609_A/duck/Guangdong/02.,A/duck/Guangdong/02.11_DGCP103-P/2015(Mixed),-0.034553,-0.168852,-0.03145,0.013211,Avian,N6
610_A/duck/Guangdong/02.,A/duck/Guangdong/02.11_DGCP104-P/2015(Mixed),-0.032876,-0.16839,-0.03265,0.013634,Avian,N6
611_A/duck/Guangdong/03.,A/duck/Guangdong/03.26_DGCP062-P/2015(H5N6),-0.037526,-0.159231,-0.003365,0.012776,Avian,N6
612_A/duck/Guangdong/03.,A/duck/Guangdong/03.26_DGCP066-O/2015(H5N6),-0.033278,-0.155685,-0.008021,0.007434,Avian,N6
613_A/duck/Guangdong/03.,A/duck/Guangdong/03.26_DGCP074-O/2015(H5N6),-0.036868,-0.169171,-0.014206,0.000368,Avian,N6
614_A/duck/Guangdong/03.,A/duck/Guangdong/03.26_DGCP075-O/2015(Mixed),-0.025533,-0.168823,-0.031325,0.024617,Avian,N6
615_A/duck/Guangdong/03.,A/duck/Guangdong/03.26_DGCP076-O/2015(H5N6),-0.036868,-0.169171,-0.014206,0.000368,Avian,N6
616_A/duck/Guangdong/03.,A/duck/Guangdong/03.26_DGCP076-P/2015(H5N6),-0.036868,-0.169171,-0.014206,0.000368,Avian,N6
617_A/duck/Guangdong/03.,A/duck/Guangdong/03.26_DGCP077-O/2015(H5N6),-0.008996,-0.153945,-0.007314,-0.021085,Avian,N6
618_A/duck/Guangdong/03.,A/duck/Guangdong/03.26_DGCP078-P/2015(H5N6),-0.036868,-0.169171,-0.014206,0.000368,Avian,N6
619_A/duck/Guangdong/03.,A/duck/Guangdong/03.26_DGCP080-P/2015(H5N6),-0.027222,-0.163295,-0.025995,0.02254,Avian,N6
620_A/duck/Guangdong/03.,A/duck/Guangdong/03.26_DGCP082-O/2015(H5N6),-0.027222,-0.163295,-0.025995,0.02254,Avian,N6
621_A/duck/Guangdong/03.,A/duck/Guangdong/03.26_DGCP084-P/2015(H5N6),-0.036868,-0.169171,-0.014206,0.000368,Avian,N6
622_A/duck/Guangdong/03.,A/duck/Guangdong/03.26_DGCP709-P/2015(H5N6),-0.036868,-0.169171,-0.014206,0.000368,Avian,N6
623_A/duck/Guangdong/03.,A/duck/Guangdong/03.26_DGCPLB007-O/2015(H5N6),-0.041445,-0.162883,-0.007718,-0.001111,Avian,N6
624_A/duck/Guangdong/03.,A/duck/Guangdong/03.26_DGCPLB007-P/2015(H5N6),-0.037445,-0.166413,-0.01169,0.000977,Avian,N6
625_A/duck/Guangdong/03.,A/duck/Guangdong/03.26_DGCPLB019-P/2015(H5N6),-0.037445,-0.166413,-0.01169,0.000977,Avian,N6
626_A/duck/Guangdong/03.,A/duck/Guangdong/03.26_DGCPLB021-O/2015(H5N6),-0.037753,-0.166865,-0.012226,0.001927,Avian,N6
627_A/duck/Guangdong/03.,A/duck/Guangdong/03.26_DGCPLB022-O/2015(H5N6),-0.037753,-0.166865,-0.012226,0.001927,Avian,N6
628_A/duck/Guangdong/03.,A/duck/Guangdong/03.26_DGCPLB022-P/2015(H5N6),-0.037753,-0.166865,-0.012226,0.001927,Avian,N6
629_A/duck/Guangdong/03.,A/duck/Guangdong/03.26_DGCPLB023-O/2015(H5N6),-0.037753,-0.166865,-0.012226,0.001927,Avian,N6
630_A/duck/Guangdong/03.,A/duck/Guangdong/03.26_DGCPLB023-P/2015(H5N6),-0.037445,-0.166413,-0.01169,0.000977,Avian,N6
631_A/duck/Guangdong/03.,A/duck/Guangdong/03.26_DGCPLB024-O/2015(H5N6),-0.037753,-0.166865,-0.012226,0.001927,Avian,N6
632_A/duck/Guangdong/03.,A/duck/Guangdong/03.27_DGQTSJ129-O/2015(Mixed),-0.031582,-0.16873,-0.022653,0.008392,Avian,N6
633_A/duck/Guangdong/03.,A/duck/Guangdong/03.27_DGQTSJ131-O/2015(Mixed),-0.033075,-0.163995,-0.022992,0.013385,Avian,N6
634_A/duck/Guangdong/03.,A/duck/Guangdong/03.27_DGQTSJ133-O/2015(Mixed),-0.031582,-0.16873,-0.022653,0.008392,Avian,N6
635_A/duck/Guangdong/03.,A/duck/Guangdong/03.27_DGQTSJ134-O/2015(Mixed),-0.033075,-0.163995,-0.022992,0.013385,Avian,N6
636_A/duck/Guangdong/03.,A/duck/Guangdong/03.27_DGQTXC203-O/2015(Mixed),-0.031582,-0.16873,-0.022653,0.008392,Avian,N6
637_A/duck/Guangdong/04.,A/duck/Guangdong/04.15_SZBAXQ019/2015(Mixed),-0.025438,-0.162476,-0.008684,-0.010819,Avian,N6
638_A/duck/Guangdong/04.,A/duck/Guangdong/04.15_SZBAXQ020/2015(H5N6),-0.06175,-0.157993,-0.016215,-0.002237,Avian,N6
639_A/duck/Guangdong/04.,A/duck/Guangdong/04.15_SZBAXQ021/2015(H5N6),-0.062089,-0.157064,-0.016191,-0.003047,Avian,N6
640_A/duck/Guangdong/04.,A/duck/Guangdong/04.16_LGDBL001/2015(Mixed),-0.048684,-0.17218,-0.012863,0.002216,Avian,N6
641_A/duck/Guangdong/04.,A/duck/Guangdong/04.16_SZLGDBL005/2015(H5N6),-0.024823,-0.158036,-0.018309,0.019442,Avian,N6
642_A/duck/Guangdong/04.,A/duck/Guangdong/04.16_SZLGDBL009/2015(H5N6),-0.038537,-0.166529,-0.014218,-0.001577,Avian,N6
643_A/duck/Guangdong/04.,A/duck/Guangdong/04.16_SZLGDBL013/2015(H5N6),-0.030765,-0.159775,-0.017802,0.008875,Avian,N6
644_A/duck/Guangdong/04.,A/duck/Guangdong/04.16_SZLGWL002/2015(H5N6),-0.034739,-0.167394,-0.01626,0.001879,Avian,N6
645_A/duck/Guangdong/04.,A/duck/Guangdong/04.22_DGCP068-O/2015(H5N6),-0.032559,-0.164139,-0.021896,0.018726,Avian,N6
646_A/duck/Guangdong/04.,A/duck/Guangdong/04.22_DGCP071-P/2015(Mixed),-0.032559,-0.164139,-0.021896,0.018726,Avian,N6
647_A/duck/Guangdong/04.,A/duck/Guangdong/04.22_DGCP079-O/2015(H5N6),-0.027681,-0.170979,-0.018394,0.00027,Avian,N6
648_A/duck/Guangdong/04.,A/duck/Guangdong/04.22_DGCP083-O/2015(Mixed),-0.027681,-0.170979,-0.018394,0.00027,Avian,N6
649_A/duck/Guangdong/04.,A/duck/Guangdong/04.22_DGCP084-O/2015(H5N6),-0.027681,-0.170979,-0.018394,0.00027,Avian,N6
650_A/duck/Guangdong/04.,A/duck/Guangdong/04.22_DGCPLB018-O/2015(H5N6),-0.130795,0.081699,0.055467,0.037016,Avian,N6
651_A/duck/Guangdong/04.,A/duck/Guangdong/04.22_DGCPLB020-O/2015(H5N6),-0.033398,-0.170369,-0.022673,0.016556,Avian,N6
652_A/duck/Guangdong/04.,A/duck/Guangdong/04.22_DGCPLB022-O/2015(Mixed),-0.033398,-0.170369,-0.022673,0.016556,Avian,N6
653_A/duck/Guangdong/04.,A/duck/Guangdong/04.22_DGCPLB041-P/2015(H5N6),-0.132674,0.080681,0.051853,0.043342,Avian,N6
654_A/duck/Guangdong/04.,A/duck/Guangdong/04.22_DGCPLB044-P/2015(H5N6),-0.129564,0.075048,0.047079,0.042518,Avian,N6
655_A/duck/Guangdong/04.,A/duck/Guangdong/04.23_DGQTSJ121-O/2015(Mixed),-0.033075,-0.163995,-0.022992,0.013385,Avian,N6
656_A/duck/Guangdong/04.,A/duck/Guangdong/04.23_DGQTSJ123-O/2015(Mixed),-0.033075,-0.163995,-0.022992,0.013385,Avian,N6
657_A/duck/Guangdong/04.,A/duck/Guangdong/04.23_DGQTSJ127-O/2015(Mixed),-0.031582,-0.16873,-0.022653,0.008392,Avian,N6
658_A/duck/Guangdong/04.,A/duck/Guangdong/04.23_DGQTSJ128-O/2015(Mixed),-0.031582,-0.16873,-0.022653,0.008392,Avian,N6
659_A/duck/Guangdong/04.,A/duck/Guangdong/04.23_DGQTSJ134-O/2015(Mixed),-0.036161,-0.169898,-0.011134,-0.003338,Avian,N6
660_A/duck/Guangdong/04.,A/duck/Guangdong/04.23_DGQTSJ135-O/2015(Mixed),-0.031582,-0.16873,-0.022653,0.008392,Avian,N6
661_A/duck/Guangdong/04.,A/duck/Guangdong/04.23_DGQTSJ135-P/2015(Mixed),-0.034284,-0.170804,-0.019621,0.005515,Avian,N6
662_A/duck/Guangdong/04.,A/duck/Guangdong/04.23_DGQTSJ138-O/2015(Mixed),-0.031582,-0.16873,-0.022653,0.008392,Avian,N6
663_A/duck/Guangdong/04.,A/duck/Guangdong/04.23_DGQTSJ138-P/2015(Mixed),-0.031582,-0.16873,-0.022653,0.008392,Avian,N6
664_A/duck/Guangdong/04.,A/duck/Guangdong/04.23_DGQTSJ144-O/2015(Mixed),-0.039693,-0.166863,-0.01035,0.000269,Avian,N6
665_A/duck/Guangdong/04.,A/duck/Guangdong/04.23_DGQTSJ145-O/2015(H5N6),-0.062089,-0.157064,-0.016191,-0.003047,Avian,N6
666_A/duck/Guangdong/04.,A/duck/Guangdong/04.23_DGQTSJ146-O/2015(Mixed),-0.031582,-0.16873,-0.022653,0.008392,Avian,N6
667_A/duck/Guangdong/04.,A/duck/Guangdong/04.23_DGQTSJ147-O/2015(Mixed),-0.061998,-0.149687,-0.010014,-0.002452,Avian,N6
668_A/duck/Guangdong/04.,A/duck/Guangdong/04.23_DGQTSJ148-O/2015(Mixed),-0.062089,-0.157064,-0.016191,-0.003047,Avian,N6
669_A/duck/Guangdong/04.,A/duck/Guangdong/04.23_DGQTXC183-O/2015(Mixed),-0.037445,-0.166413,-0.01169,0.000977,Avian,N6
670_A/duck/Guangdong/04.,A/duck/Guangdong/04.23_DGQTXC185-O/2015(Mixed),-0.037445,-0.166413,-0.01169,0.000977,Avian,N6
671_A/duck/Guangdong/04.,A/duck/Guangdong/04.23_DGQTXC186-O/2015(Mixed),-0.037445,-0.166413,-0.01169,0.000977,Avian,N6
672_A/duck/Guangdong/04.,A/duck/Guangdong/04.23_DGQTXC187-O/2015(Mixed),-0.037445,-0.166413,-0.01169,0.000977,Avian,N6
673_A/duck/Guangdong/04.,A/duck/Guangdong/04.23_DGQTXC187-P/2015(Mixed),-0.037445,-0.166413,-0.01169,0.000977,Avian,N6
674_A/duck/Guangdong/04.,A/duck/Guangdong/04.23_DGQTXC188-O/2015(Mixed),-0.031582,-0.16873,-0.022653,0.008392,Avian,N6
675_A/duck/Guangdong/04.,A/duck/Guangdong/04.23_DGQTXC188-P/2015(Mixed),-0.033075,-0.163995,-0.022992,0.013385,Avian,N6
676_A/duck/Guangdong/04.,A/duck/Guangdong/04.23_DGQTXC201-O/2015(Mixed),-0.037445,-0.166413,-0.01169,0.000977,Avian,N6
677_A/duck/Guangdong/04.,A/duck/Guangdong/04.23_DGQTXC202-O/2015(H5N6),-0.027222,-0.163295,-0.025995,0.02254,Avian,N6
678_A/duck/Guangdong/04.,A/duck/Guangdong/04.23_DGQTXC202-O/2015(Mixed),-0.031582,-0.16873,-0.022653,0.008392,Avian,N6
679_A/duck/Guangdong/04.,A/duck/Guangdong/04.23_DGQTXC203-O/2015(H5N6),-0.036582,-0.16532,-0.010973,0.000514,Avian,N6
680_A/duck/Guangdong/04.,A/duck/Guangdong/04.23_DGQTXC204-O/2015(Mixed),-0.031582,-0.16873,-0.022653,0.008392,Avian,N6
681_A/duck/Guangdong/04.,A/duck/Guangdong/04.23_DGQTXC204-P/2015(Mixed),-0.035323,-0.164445,-0.021651,0.012678,Avian,N6
682_A/duck/Guangdong/04.,A/duck/Guangdong/04.23_DGQTXC205-O/2015(Mixed),-0.033075,-0.163995,-0.022992,0.013385,Avian,N6
683_A/duck/Guangdong/04.,A/duck/Guangdong/04.23_DGQTXC206-O/2015(Mixed),-0.037445,-0.166413,-0.01169,0.000977,Avian,N6
684_A/duck/Guangdong/04.,A/duck/Guangdong/04.23_DGQTXC207-O/2015(Mixed),-0.037324,-0.16754,-0.018336,0.018728,Avian,N6
685_A/duck/Guangdong/04.,A/duck/Guangdong/04.23_DGQTXC207-P/2015(Mixed),-0.028787,-0.16525,-0.028898,0.02214,Avian,N6
686_A/duck/Guangdong/04.,A/duck/Guangdong/04.23_DGQTXC213-O/2015(H5N6),-0.046907,-0.176053,-0.018507,0.018499,Avian,N6
687_A/duck/Guangdong/04.,A/duck/Guangdong/04.23_DGQTXC213-P/2015(H5N6),-0.04835,-0.176761,-0.020535,0.019591,Avian,N6
688_A/duck/Guangdong/04.,A/duck/Guangdong/04.23_DGQTXC227-P/2015(Mixed),-0.062089,-0.157064,-0.016191,-0.003047,Avian,N6
689_A/duck/Guangdong/04.,A/duck/Guangdong/04.23_DGQTXC229-P/2015(H5N6),-0.062089,-0.157064,-0.016191,-0.003047,Avian,N6
690_A/duck/Guangdong/04.,A/duck/Guangdong/04.23_DGQTXC230-P/2015(Mixed),-0.062089,-0.157064,-0.016191,-0.003047,Avian,N6
691_A/duck/Guangdong/04.,A/duck/Guangdong/04.23_DGQTXC231-O/2015(H5N6),-0.062089,-0.157064,-0.016191,-0.003047,Avian,N6
692_A/duck/Guangdong/04.,A/duck/Guangdong/04.23_DGQTXC231-P/2015(Mixed),-0.062089,-0.157064,-0.016191,-0.003047,Avian,N6
693_A/duck/Guangdong/04.,A/duck/Guangdong/04.23_DGQTXC232-P/2015(H5N6),-0.062089,-0.157064,-0.016191,-0.003047,Avian,N6
694_A/duck/Guangdong/04.,A/duck/Guangdong/04.23_DGQTXC233-P/2015(Mixed),-0.062089,-0.157064,-0.016191,-0.003047,Avian,N6
695_A/duck/Guangdong/04.,A/duck/Guangdong/04.23_DGQTXC235-O/2015(H5N6),-0.062089,-0.157064,-0.016191,-0.003047,Avian,N6
696_A/duck/Guangdong/04.,A/duck/Guangdong/04.23_DGQTXC236-P/2015(H5N6),-0.046483,-0.163247,-0.011003,0.006355,Avian,N6
697_A/duck/Guangdong/11.,A/duck/Guangdong/11.18_SZBJ003-C/2016,-0.051078,-0.144875,-0.004871,0.001464,Avian,N6
698_A/duck/Guangdong/11.,A/duck/Guangdong/11.18_SZBJ003-O/2016,-0.051078,-0.144875,-0.004871,0.001464,Avian,N6
699_A/duck/Guangdong/11.,A/duck/Guangdong/11.18_SZBJ007-O/2016,-0.050401,-0.145213,-0.005529,0.004813,Avian,N6
700_A/duck/Guangdong/KGZ,A/duck/Guangdong/KGZ15783/2021,0.12837,0.017614,0.073633,0.03919,Avian,N8
701_A/duck/Guangdong/KGZ,A/duck/Guangdong/KGZ16007/2021,-0.043017,-0.13231,-0.050772,0.034283,Avian,N6
702_A/duck/Guangdong/KGZ,A/duck/Guangdong/KGZ16008/2021,-0.043017,-0.13231,-0.050772,0.034283,Avian,N6
703_A/duck/Guangdong/KGZ,A/duck/Guangdong/KGZ16009/2021,-0.043017,-0.13231,-0.050772,0.034283,Avian,N6
704_A/duck/Guangdong/KGZ,A/duck/Guangdong/KGZ16012/2021,-0.043017,-0.13231,-0.050772,0.034283,Avian,N6
705_A/duck/Guangdong/KGZ,A/duck/Guangdong/KGZ16015/2021,0.097294,0.009053,0.077854,0.044523,Avian,N8
706_A/Duck/Guangdong/PO1,A/Duck/Guangdong/PO17281256/MZH/2017-8-21,-0.057266,-0.167659,-0.013577,0.0122,Avian,N6
707_A/Duck/Guangdong/PO1,A/Duck/Guangdong/PO17281388/MZH/2017-10-24,-0.057525,-0.154217,-0.005986,0.014739,Avian,N6
708_A/Duck/Guangdong/PO1,A/Duck/Guangdong/PO17284260/YJ/2017-7-12,-0.048278,-0.181368,0.005313,-0.001844,Avian,N6
709_A/Duck/Guangdong/PO1,A/Duck/Guangdong/PO1707260017/GZH/2017-08-02,-0.051175,-0.1585,-0.01486,0.003242,Avian,N6
710_A/Duck/Guangdong/PY5,A/Duck/Guangdong/PY501/2014(H5N6),-0.056593,0.083848,-0.060484,0.054972,Avian,N6
711_A/Duck/Guangdong/PY5,A/Duck/Guangdong/PY503/2014(H5N6),-0.142957,0.084291,0.037697,0.045,Avian,N6
712_A/duck/Guangdong/S12,A/duck/Guangdong/S1269/2021,0.131303,0.0145,0.081692,0.015836,Avian,N8
713_A/duck/Guangdong/S13,A/duck/Guangdong/S1330/2016,-0.030333,-0.159241,-0.047807,0.023793,Avian,N6
714_A/duck/Guangdong/S45,A/duck/Guangdong/S4518/2021(H5N1),0.15388,-0.047813,0.035094,-0.010212,Avian,N1
715_A/duck/Guangdong/S45,A/duck/Guangdong/S4525/2021(H5N1),0.154962,-0.047166,0.036033,-0.010726,Avian,N1
716_A/duck/Guangdong/S48,A/duck/Guangdong/S4879/2020,0.140277,0.017819,0.081426,0.018604,Avian,N6
717_A/duck/Guangdong/s14,A/duck/Guangdong/s14044/2014,-0.036773,-0.024797,0.116401,-0.062366,Avian,N8
718_A/duck/Guangdong/SE1,A/duck/Guangdong/SE195/2021,-0.026157,-0.147961,-0.003591,0.005488,Avian,N6
719_A/Duck/Guangdong/SS1,A/Duck/Guangdong/SS1A1/2014(H5N6),-0.136051,0.111391,0.013823,0.061459,Avian,N6
720_A/duck/Guangdong/wy1,A/duck/Guangdong/wy11/2008,-0.02648,-0.032797,0.07461,-0.058146,Avian,Others
721_A/duck/Guangdong/wy1,A/duck/Guangdong/wy19/2008,-0.02665,-0.030942,0.074865,-0.056446,Avian,Others
722_A/duck/Guangdong/wy2,A/duck/Guangdong/wy24/2008,-0.004839,-0.02102,0.075141,-0.067221,Avian,Others
723_A/Duck/Guangdong/Yan,A/Duck/Guangdong/Yangjiang/PO18284009/2018-01-09,-0.083931,-0.136717,-0.04021,-0.017523,Avian,N6
724_A/duck/Guangxi/12.25,A/duck/Guangxi/12.25_GLGX-14-08/2014(Mixed),-0.147239,0.082752,0.053408,0.045577,Avian,N6
725_A/duck/Guangxi/S1009,A/duck/Guangxi/S10099/2021,0.14126,0.031772,0.076555,0.030725,Avian,N8
726_A/duck/Guangxi/S1026,A/duck/Guangxi/S10263/2021,0.139531,0.033904,0.078613,0.034122,Avian,N8
727_A/duck/Guangxi/S1104,A/duck/Guangxi/S11043/2021,0.140259,0.036157,0.062384,0.03559,Avian,N8
728_A/duck/Guangxi/S2119,A/duck/Guangxi/S21194/2021,0.141102,0.032277,0.08078,0.025883,Avian,N8
729_A/duck/Guangxi/S3111,A/duck/Guangxi/S31116/2021(H5N6),0.135487,0.034288,0.091689,0.025793,Avian,N6
730_A/duck/Guangzhou/018,A/duck/Guangzhou/018/2014,-0.122423,0.084808,0.054024,0.027648,Avian,N6
731_A/duck/Guangzhou/021,A/duck/Guangzhou/021/2014,-0.134217,0.07658,0.051759,0.033342,Avian,N6
732_A/duck/Guizhou/7.27_,A/duck/Guizhou/7.27_ZYLJJ017-O/2018,-0.080578,-0.169364,0.003614,0.021141,Avian,N6
733_A/duck/Guizhou/8.26_,A/duck/Guizhou/8.26_ZYLJJ016-O/2018,-0.068901,-0.164609,-0.005029,0.013908,Avian,N6
734_A/duck/Guizhou/8.26_,A/duck/Guizhou/8.26_ZYLJJ017-O/2018,-0.077953,-0.166922,-0.004028,0.015645,Avian,N6
735_A/duck/Guizhou/S1321,A/duck/Guizhou/S1321/2022(H5N1),0.148821,-0.053231,0.032891,-0.013735,Avian,N1
736_A/duck/Guizhou/S1711,A/duck/Guizhou/S1711/2024(H5N1),0.069202,-0.008335,-0.013157,-0.048236,Avian,N1
737_A/duck/Guizhou/S4702,A/duck/Guizhou/S4702/2021(H5N6),-0.119735,0.042967,-0.113242,-0.159464,Avian,N6
738_A/duck/Hainan/12.29_,A/duck/Hainan/12.29_HKPL002-C/2017,-0.070605,-0.167388,-0.01008,0.020304,Avian,N6
739_A/duck/Hebei/3/2011|,A/duck/Hebei/3/2011,-0.019923,0.000246,0.072745,-0.047127,Avian,N2
740_A/duck/Hebei/S1070/2,A/duck/Hebei/S1070/2021,0.13312,0.0242,0.085263,0.026595,Avian,N8
741_A/duck/Henan/01.01_L,A/duck/Henan/01.01_LYGL003-O/2017,0.012119,0.051015,-0.133493,0.033524,Avian,N6
742_A/duck/Henan/S1381/2,A/duck/Henan/S1381/2021,0.131361,0.026797,0.07934,0.031526,Avian,N8
743_A/duck/Hsinchu/15020,A/duck/Hsinchu/15020216/2015,0.134684,0.035556,-0.023548,-0.05309,Avian,N2
744_A/duck/Hubei/03.06__,A/duck/Hubei/03.06__WHWTZ0107-O/2015(Mixed),-0.073352,0.087979,-0.033356,-0.107472,Avian,N2
745_A/duck/Hubei/03.06__,A/duck/Hubei/03.06__WHWTZ0111-O/2015(Mixed),-0.126772,0.128005,0.022595,0.051265,Avian,N6
746_A/duck/Hubei/03.06__,A/duck/Hubei/03.06__WHWTZ0123-O/2015(H5N6),-0.126772,0.128005,0.022595,0.051265,Avian,N6
747_A/duck/Hubei/03.06__,A/duck/Hubei/03.06__WHWTZ0125-O/2015(H5N6),-0.126772,0.128005,0.022595,0.051265,Avian,N6
748_A/duck/Hubei/03.06__,A/duck/Hubei/03.06__WHWTZ0129-P/2015(H5N6),-0.126772,0.128005,0.022595,0.051265,Avian,N6
749_A/duck/Hubei/03.06__,A/duck/Hubei/03.06__WHWTZ0150-P/2015(Mixed),-0.067158,-0.113571,-0.033281,-0.046553,Avian,N6
750_A/duck/Hubei/03.06__,A/duck/Hubei/03.06__WHWTZ0155-P/2015(H5N1),0.069903,0.025733,-0.130116,0.117295,Avian,N1
751_A/duck/HuBei/03.06__,A/duck/HuBei/03.06__WHWTZ0158-P/2015(H5N6),-0.126772,0.128005,0.022595,0.051265,Avian,N6
752_A/duck/Hubei/03.06_W,A/duck/Hubei/03.06_WHWTZ0124-O/2015(H5N6),-0.126772,0.128005,0.022595,0.051265,Avian,N6
753_A/duck/Hubei/03.06_W,A/duck/Hubei/03.06_WHWTZ0130-O/2015(H5N6),-0.126772,0.128005,0.022595,0.051265,Avian,N6
754_A/duck/Hubei/46/2009,A/duck/Hubei/46/2009,-0.072869,-0.005983,0.021114,-0.075958,Avian,N1
755_A/duck/Hubei/2911/20,A/duck/Hubei/2911/2007,0.096232,0.081693,-0.02001,0.068305,Avian,N1
756_A/duck/Hubei/S4465/2,A/duck/Hubei/S4465/2021(H5N1),0.130983,0.034874,0.091297,0.025748,Avian,N1
757_A/duck/Hubei/SE128/2,A/duck/Hubei/SE128/2022(H5N1),0.146731,0.04015,0.081873,0.027174,Avian,N1
758_A/duck/Hubei/SE220/2,A/duck/Hubei/SE220/2022(H5N1),0.153653,-0.038246,0.041475,-0.013306,Avian,N1
759_A/duck/Hubei/SZY250/,A/duck/Hubei/SZY250/2016,0.015097,-0.061637,0.111082,0.022332,Avian,N2
760_A/duck/Hubei/xn/2007,A/duck/Hubei/xn/2007,-0.080027,0.03107,-0.053777,-0.029828,Avian,N1
761_A/duck/Hunan/1.12_YY,A/duck/Hunan/1.12_YYGK68H3-OC/2018,-0.072572,-0.164217,-0.011518,0.024569,Avian,N6
762_A/duck/Hunan/1.12_YY,A/duck/Hunan/1.12_YYGK72H3-OC/2018,-0.068657,-0.167952,-0.016345,0.022827,Avian,N6
763_A/duck/Hunan/1.12_YY,A/duck/Hunan/1.12_YYGK74H3-OC/2018,-0.066609,-0.174229,0.009784,0.003014,Avian,N6
764_A/duck/Hunan/01.12_Y,A/duck/Hunan/01.12_YYGK82H3-OC/2018,-0.066609,-0.174229,0.009784,0.003014,Avian,N6
765_A/duck/Hunan/01.16_Y,A/duck/Hunan/01.16_YYFQH128-P/2014(Mixed),-0.124586,0.115765,0.008332,0.05738,Avian,N6
766_A/duck/Hunan/01.16_Y,A/duck/Hunan/01.16_YYFQH185-P/2014(H5N6),-0.118832,0.114615,0.003748,0.057155,Avian,N6
767_A/duck/Hunan/01.16_Y,A/duck/Hunan/01.16_YYFQH299-P/2014(H5N6),-0.108797,0.10913,-0.016751,0.060386,Avian,N6
768_A/duck/Hunan/01.16_Y,A/duck/Hunan/01.16_YYFQH303-P/2014(H5N6),-0.111625,0.120979,0.01331,0.050728,Avian,N6
769_A/duck/Hunan/01.16_Y,A/duck/Hunan/01.16_YYFQH304-P/2014(H5N6),-0.115119,0.11962,0.013721,0.051069,Avian,N6
770_A/duck/Hunan/01.16_Y,A/duck/Hunan/01.16_YYFQH305-P/2014(H5N6),-0.109179,0.118406,0.009111,0.050725,Avian,N6
771_A/duck/Hunan/01.16_Y,A/duck/Hunan/01.16_YYFQH306-P/2014(H5N6),-0.107895,0.114921,0.009667,0.046411,Avian,N6
772_A/duck/Hunan/01.16_Y,A/duck/Hunan/01.16_YYFQH309-P/2014(H5N6),-0.111625,0.120979,0.01331,0.050728,Avian,N6
773_A/duck/Hunan/01.16_Y,A/duck/Hunan/01.16_YYFQH317-P/2014(H5N6),-0.111625,0.120979,0.01331,0.050728,Avian,N6
774_A/duck/Hunan/01.16_Y,A/duck/Hunan/01.16_YYFQH319-P/2014(H5N6),-0.117565,0.122192,0.01792,0.051071,Avian,N6
775_A/duck/Hunan/01.16_Y,A/duck/Hunan/01.16_YYGK218-P/2014(H5N6),-0.109179,0.118406,0.009111,0.050725,Avian,N6
776_A/duck/Hunan/1.17_YY,A/duck/Hunan/1.17_YYGKK80-OC/2017,-0.050771,-0.160634,0.007774,-0.004863,Avian,N6
777_A/duck/Hunan/01.21_Y,A/duck/Hunan/01.21_YYFQH009-O/2015(H5N6),-0.138427,0.118506,0.023525,0.053726,Avian,N6
778_A/duck/Hunan/01.21_Y,A/duck/Hunan/01.21_YYFQH019-P/2015(H5N6),0.094337,0.016224,-0.022249,-0.030593,Avian,N6
779_A/duck/Hunan/01.21_Y,A/duck/Hunan/01.21_YYFQH024-P/2015(H5N6),-0.127617,0.088,0.014043,0.029993,Avian,N6
780_A/duck/Hunan/01.21_Y,A/duck/Hunan/01.21_YYFQH025-P/2015(H5N6),-0.127136,0.119327,0.005929,0.060643,Avian,N6
781_A/duck/Hunan/01.21_Y,A/duck/Hunan/01.21_YYFQH030-O/2015(H5N6),-0.127704,0.114455,0.019594,0.044073,Avian,N6
782_A/duck/Hunan/2.06_YY,A/duck/Hunan/2.06_YYGK77J3-OC/2018,-0.068172,-0.158151,-0.008972,0.022343,Avian,N6
783_A/duck/Hunan/2.06_YY,A/duck/Hunan/2.06_YYGK78J3-OC/2018,-0.062197,-0.173485,-0.014893,0.01962,Avian,N6
784_A/duck/Hunan/2.06_YY,A/duck/Hunan/2.06_YYGK84J3-OC/2018,-0.067619,-0.159151,-0.009189,0.02158,Avian,N6
785_A/duck/Hunan/2.06_YY,A/duck/Hunan/2.06_YYGK92J3-OC/2018,-0.068172,-0.158151,-0.008972,0.022343,Avian,N6
786_A/duck/Hunan/02.07__,A/duck/Hunan/02.07__YYFQHY12Y-O/2015(H5N6),-0.136649,0.113546,0.015688,0.063352,Avian,N6
787_A/duck/Hunan/02.07__,A/duck/Hunan/02.07__YYFQHY20Y-O/2015(H5N6),-0.132994,0.120436,0.006953,0.064248,Avian,N6
788_A/duck/Hunan/02.07_Y,A/duck/Hunan/02.07_YYFQH026-O/2015(H5N6),0.095754,0.015862,-0.020739,-0.031274,Avian,N6
789_A/duck/Hunan/02.07_Y,A/duck/Hunan/02.07_YYFQH029-O/2015(H5N6),-0.127136,0.119327,0.005929,0.060643,Avian,N6
790_A/duck/Hunan/02.07_Y,A/duck/Hunan/02.07_YYFQH032-O/2015(H5N6),0.094337,0.016224,-0.022249,-0.030593,Avian,N6
791_A/duck/Hunan/02.16_Y,A/duck/Hunan/02.16_YYGK281-P/2014(H5N6),-0.115119,0.11962,0.013721,0.051069,Avian,N6
792_A/duck/Hunan/02.26__,A/duck/Hunan/02.26__YYFQH293-P/2014(H5N6),-0.109179,0.118406,0.009111,0.050725,Avian,N6
793_A/duck/Hunan/02.26__,A/duck/Hunan/02.26__YYFQH320-P/2014(H5N6),-0.109179,0.118406,0.009111,0.050725,Avian,N6
794_A/duck/Hunan/02.26__,A/duck/Hunan/02.26__YYGK251-P/2014(H5N6),-0.111625,0.120979,0.01331,0.050728,Avian,N6
795_A/duck/Hunan/02.26__,A/duck/Hunan/02.26__YYGK0255-P/2014(H5N6),-0.115119,0.11962,0.013721,0.051069,Avian,N6
796_A/duck/Hunan/02.26_Y,A/duck/Hunan/02.26_YYFQH290-P/2014(H5N6),-0.118502,0.1151,0.004322,0.056137,Avian,N6
797_A/duck/Hunan/02.26_Y,A/duck/Hunan/02.26_YYFQH294-P/2014(H5N6),-0.111625,0.120979,0.01331,0.050728,Avian,N6
798_A/duck/Hunan/02.26_Y,A/duck/Hunan/02.26_YYFQH308-P/2014(H5N6),-0.111625,0.120979,0.01331,0.050728,Avian,N6
799_A/duck/Hunan/02.26_Y,A/duck/Hunan/02.26_YYFQHY291-P/2014(H5N6),-0.127136,0.119327,0.005929,0.060643,Avian,N6
800_A/duck/Hunan/02.26_Y,A/duck/Hunan/02.26_YYGK250-P/2014(H5N6),-0.119999,0.111766,0.014262,0.050098,Avian,N6
801_A/duck/Hunan/02.26_Y,A/duck/Hunan/02.26_YYGK254-P/2014(H5N6),-0.109179,0.118406,0.009111,0.050725,Avian,N6
802_A/duck/Hunan/02.26_Y,A/duck/Hunan/02.26_YYGK263-P/2014(H5N6),-0.123467,0.110712,0.012323,0.053939,Avian,N6
803_A/duck/Hunan/02.26_Y,A/duck/Hunan/02.26_YYGK267-P/2014(H5N6),-0.121144,0.111178,0.010937,0.05467,Avian,N6
804_A/duck/Hunan/02.26_Y,A/duck/Hunan/02.26_YYGK271-P/2014(H5N6),-0.123467,0.110712,0.012323,0.053939,Avian,N6
805_A/duck/Hunan/02.26_Y,A/duck/Hunan/02.26_YYGK276-P/2014(H5N6),-0.129257,0.111932,0.016945,0.054208,Avian,N6
806_A/duck/Hunan/02.26_Y,A/duck/Hunan/02.26_YYGKY298-P/2014(H5N6),-0.111625,0.120979,0.01331,0.050728,Avian,N6
807_A/duck/Hunan/02.26_Y,A/duck/Hunan/02.26_YYGQH295-P/2014(H5N6),-0.111625,0.120979,0.01331,0.050728,Avian,N6
808_A/duck/Hunan/03.07_Y,A/duck/Hunan/03.07_YYGK1L3-OC/2018,-0.17075,0.115869,0.002502,-0.017517,Avian,N1
809_A/duck/Hunan/03.07_Y,A/duck/Hunan/03.07_YYGK4L3-OC/2018,-0.037762,-0.164826,-0.012666,0.011197,Avian,N6
810_A/duck/Hunan/03.07_Y,A/duck/Hunan/03.07_YYGK25L3-OC/2018,-0.068172,-0.158151,-0.008972,0.022343,Avian,N6
811_A/duck/Hunan/03.07_Y,A/duck/Hunan/03.07_YYGK31L3-OC/2018,-0.063882,-0.166968,0.016937,-0.000243,Avian,N6
812_A/duck/Hunan/03.09_Y,A/duck/Hunan/03.09_YYFQH0036-P/2015(Mixed),0.03909,0.078669,-0.138457,0.046619,Avian,N6
813_A/duck/Hunan/03.09_Y,A/duck/Hunan/03.09_YYFQH0046-O/2015(Mixed),-0.042923,-0.157746,-0.013966,0.006656,Avian,N6
814_A/duck/Hunan/03.09_Y,A/duck/Hunan/03.09_YYFQH0047-O/2015(H5N6),-0.145453,0.092256,0.060506,0.049594,Avian,N6
815_A/duck/Hunan/03.24_Y,A/duck/Hunan/03.24_YYGK18M2-O/2017,-0.045451,-0.175224,-0.007916,0.002002,Avian,N6
816_A/duck/Hunan/03.24_Y,A/duck/Hunan/03.24_YYGK21M2-O/2017,-0.046509,-0.170028,-0.019727,0.008371,Avian,N6
817_A/duck/Hunan/03.24_Y,A/duck/Hunan/03.24_YYGK174M2-C/2017,-0.046509,-0.170028,-0.019727,0.008371,Avian,N6
818_A/duck/Hunan/03.24_Y,A/duck/Hunan/03.24_YYGK178M2-C/2017,-0.041527,-0.165842,-0.019971,0.006804,Avian,N6
819_A/duck/Hunan/04.14_Y,A/duck/Hunan/04.14_YYGK067-O/2015(Mixed),-0.131556,0.118143,0.020825,0.051322,Avian,N6
820_A/duck/Hunan/04.14_Y,A/duck/Hunan/04.14_YYGK0439-Z-P/2015(Mixed),-0.12778,0.107154,0.005367,0.055583,Avian,N6
821_A/duck/Hunan/04.14_Y,A/duck/Hunan/04.14_YYGK451-1-O/2015(Mixed),-0.117047,0.11886,0.017034,0.045159,Avian,N6
822_A/duck/Hunan/04.14_Y,A/duck/Hunan/04.14_YYGK460-O/2015(H5N6),-0.117047,0.11886,0.017034,0.045159,Avian,N6
823_A/duck/Hunan/04.14_Y,A/duck/Hunan/04.14_YYGK464-O/2015(H5N6),-0.129847,0.119156,0.020493,0.04875,Avian,N6
824_A/duck/Hunan/04.14_Y,A/duck/Hunan/04.14_YYGK468-O/2015(H5N6),-0.131664,0.11589,0.019755,0.053061,Avian,N6
825_A/duck/Hunan/04.14_Y,A/duck/Hunan/04.14_YYGK472-O/2015(Mixed),-0.129847,0.119156,0.020493,0.04875,Avian,N6
826_A/duck/Hunan/04.14_Y,A/duck/Hunan/04.14_YYGK0878-P/2015(H5N6),-0.117047,0.11886,0.017034,0.045159,Avian,N6
827_A/duck/Hunan/04.14_Y,A/duck/Hunan/04.14_YYXS877-P/2015(H5N6),-0.117047,0.11886,0.017034,0.045159,Avian,N6
828_A/duck/Hunan/04.22_L,A/duck/Hunan/04.22_LDDX037-P/2015(H5N6),-0.039464,-0.173439,-0.024551,0.013297,Avian,N6
829_A/duck/Hunan/7.21_YY,A/duck/Hunan/7.21_YYGK41Y1-C/2016,-0.04815,-0.170531,-0.008107,-0.00749,Avian,N6
830_A/duck/Hunan/11.30_Y,A/duck/Hunan/11.30_YYGK59E3-OC/2017,-0.04597,-0.177516,0.004252,-0.010891,Avian,N6
831_A/duck/Hunan/11.30_Y,A/duck/Hunan/11.30_YYGK62E3-OC/2017,-0.048576,-0.1448,-0.010828,0.007955,Avian,N6
832_A/duck/Hunan/11.30_Y,A/duck/Hunan/11.30_YYGK63E3-OC/2017,-0.047974,-0.147649,-0.010356,0.004767,Avian,N6
833_A/duck/Hunan/11.30_Y,A/duck/Hunan/11.30_YYGK74E3-OC/2017,0.145059,0.024087,0.090369,0.012077,Avian,N8
834_A/duck/Hunan/11.30_Y,A/duck/Hunan/11.30_YYGK75E3-OC/2017,0.145059,0.024087,0.090369,0.012077,Avian,N6
835_A/duck/Hunan/12.07__,A/duck/Hunan/12.07__YYGK44-P/2013(Mixed),-0.175643,0.124125,-0.039714,-0.008095,Avian,N1
836_A/duck/Hunan/12.07__,A/duck/Hunan/12.07__YYGK97-P/2013(H5N1),-0.175042,0.121859,-0.033682,-0.002082,Avian,N1
837_A/duck/Hunan/12.07__,A/duck/Hunan/12.07__YYGK110-P/2013(H5N6),-0.13498,0.075193,0.056173,0.054702,Avian,N6
838_A/duck/Hunan/12.07__,A/duck/Hunan/12.07__YYGK111-P/2013(H5N6),-0.103314,0.108044,-0.031822,0.101369,Avian,N6
839_A/duck/Hunan/12.07__,A/duck/Hunan/12.07__YYGK118-P/2013(H5N6),-0.116268,0.11053,0.006151,0.060126,Avian,N6
840_A/duck/Hunan/12.07_Y,A/duck/Hunan/12.07_YGK098-P/2013(H5N6),-0.145319,0.084674,0.062689,0.035182,Avian,N6
841_A/duck/Hunan/12.07_Y,A/duck/Hunan/12.07_YYGK007-P/2013(H5N1),-0.175042,0.121859,-0.033682,-0.002082,Avian,N1
842_A/duck/Hunan/12.07_Y,A/duck/Hunan/12.07_YYGK032-P/2013(H5N6),-0.127554,0.105486,0.013005,0.054054,Avian,N6
843_A/duck/Hunan/12.07_Y,A/duck/Hunan/12.07_YYGK68-P/2013(H5N6),-0.12721,0.108626,0.013487,0.056074,Avian,N6
844_A/duck/Hunan/12.07_Y,A/duck/Hunan/12.07_YYGK100-P/2013(H5N1),-0.147768,0.116998,-0.046274,-0.033879,Avian,N1
845_A/duck/Hunan/12.07_Y,A/duck/Hunan/12.07_YYGK108-P/2013(H5N6),-0.145319,0.084674,0.062689,0.035182,Avian,N6
846_A/duck/Hunan/12.07_Y,A/duck/Hunan/12.07_YYGK113-P/2013(H5N6),-0.140866,0.087056,0.061084,0.036726,Avian,N6
847_A/duck/Hunan/12.17__,A/duck/Hunan/12.17__YYFQH0046-1-O/2014(Mixed),-0.038297,-0.163121,-0.013998,0.000052,Avian,N6
848_A/duck/Hunan/12.17__,A/duck/Hunan/12.17__YYFQH0072-O/2014(Mixed),-0.038297,-0.163121,-0.013998,0.000052,Avian,N6
849_A/duck/Hunan/12.17__,A/duck/Hunan/12.17__YYGK0066-P/2014(H5N6),-0.134717,0.115464,0.021731,0.047568,Avian,N6
850_A/duck/Hunan/12.17_Y,A/duck/Hunan/12.17_YYGK014/2014(H5N6),-0.13045,0.086363,0.02708,0.056467,Avian,N6
851_A/duck/Hunan/12.17_Y,A/duck/Hunan/12.17_YYGK040/2014(H5N6),-0.152553,0.090744,0.054669,0.056532,Avian,N6
852_A/duck/Hunan/12.17_Y,A/duck/Hunan/12.17_YYGK056/2014(H5N6),-0.143677,0.084519,0.05356,0.045984,Avian,N6
853_A/duck/Hunan/12.17_Y,A/duck/Hunan/12.17_YYGK0056/2014(H5N6),-0.132994,0.120436,0.006953,0.064248,Avian,N6
854_A/duck/Hunan/12.17_Y,A/duck/Hunan/12.17_YYGK0057/2014(H5N6),-0.146457,0.089929,0.050276,0.055657,Avian,N6
855_A/duck/Hunan/12.17_Y,A/duck/Hunan/12.17_YYGK0063-O/2014(H5N6),-0.038297,-0.163121,-0.013998,0.000052,Avian,N6
856_A/duck/Hunan/12.17_Y,A/duck/Hunan/12.17_YYGK079-1/2014(H5N6),-0.133423,0.108374,0.009941,0.055832,Avian,N6
857_A/duck/Hunan/12.17_Y,A/duck/Hunan/12.17_YYGK082/2014(H5N6),-0.145868,0.089943,0.058916,0.049228,Avian,N6
858_A/duck/Hunan/12.27_Y,A/duck/Hunan/12.27_YYGK60J2-C/2016,-0.034376,-0.154416,0.019811,-0.0218,Avian,N6
859_A/duck/Hunan/12.27_Y,A/duck/Hunan/12.27_YYGK71J2-O/2016,-0.055637,-0.164723,0.008011,-0.003333,Avian,N6
860_A/duck/Hunan/12.27_Y,A/duck/Hunan/12.27_YYGK73J2-O/2016,-0.048742,-0.154969,0.025099,-0.019352,Avian,N6
861_A/duck/Hunan/12.27_Y,A/duck/Hunan/12.27_YYGK81J2-O/2016,-0.055637,-0.164723,0.008011,-0.003333,Avian,N6
862_A/duck/Hunan/12.27_Y,A/duck/Hunan/12.27_YYGK86J2-C/2016,-0.036543,-0.157707,0.020037,-0.022344,Avian,N6
863_A/duck/Hunan/12.27_Y,A/duck/Hunan/12.27_YYGK89J2-O/2016,-0.055637,-0.164723,0.008011,-0.003333,Avian,N6
864_A/duck/Hunan/12.27_Y,A/duck/Hunan/12.27_YYGK91J2-O/2016,-0.055637,-0.164723,0.008011,-0.003333,Avian,N6
865_A/duck/Hunan/12.27_Y,A/duck/Hunan/12.27_YYGK93J2-O/2016,-0.055637,-0.164723,0.008011,-0.003333,Avian,N6
866_A/duck/Hunan/12.27_Y,A/duck/Hunan/12.27_YYGK95J2-O/2016,-0.055637,-0.164723,0.008011,-0.003333,Avian,N6
867_A/duck/Hunan/12.27_Y,A/duck/Hunan/12.27_YYGK96J2-O/2016,-0.055637,-0.164723,0.008011,-0.003333,Avian,N6
868_A/duck/Hunan/12.27_Y,A/duck/Hunan/12.27_YYGK97J2-O/2016,-0.055637,-0.164723,0.008011,-0.003333,Avian,N6
869_A/duck/Hunan/12.27_Y,A/duck/Hunan/12.27_YYGK100J2-C/2016,-0.055637,-0.164723,0.008011,-0.003333,Avian,N6
870_A/duck/Hunan/193/201,A/duck/Hunan/193/2014,-0.137488,0.086493,0.067039,0.02514,Avian,N6
871_A/duck/Hunan/233/201,A/duck/Hunan/233/2014,-0.144426,0.09164,0.063076,0.041641,Avian,N6
872_A/duck/Hunan/316/200,A/duck/Hunan/316/2005,-0.024417,0.0077,0.038552,-0.023414,Avian,N1
873_A/duck/Hunan/689/200,A/duck/Hunan/689/2006,0.082034,0.088423,-0.017402,0.078311,Avian,N1
874_A/duck/Hunan/3315/20,A/duck/Hunan/3315/2006,-0.108202,0.066836,-0.075148,-0.074581,Avian,N1
875_A/duck/Hunan/HN05/20,A/duck/Hunan/HN05/2014,-0.144185,0.082253,0.065837,0.024452,Avian,N6
876_A/duck/Hunan/HN13/20,A/duck/Hunan/HN13/2015,-0.136239,0.084365,0.055949,0.032166,Avian,N6
877_A/duck/Hunan/HN16/20,A/duck/Hunan/HN16/2015,-0.187226,0.091739,0.025024,-0.01155,Avian,N6
878_A/duck/Hunan/HN29/20,A/duck/Hunan/HN29/2015,-0.14486,0.08879,0.072398,0.026037,Avian,N6
879_A/duck/Hunan/HN42/20,A/duck/Hunan/HN42/2015,-0.141692,0.074011,0.055971,0.028626,Avian,N6
880_A/duck/Hunan/HN45/20,A/duck/Hunan/HN45/2015,-0.14486,0.08879,0.072398,0.026037,Avian,N6
881_A/duck/Hunan/HN53/20,A/duck/Hunan/HN53/2015,-0.14486,0.08879,0.072398,0.026037,Avian,N6
882_A/duck/Hunan/HN54/20,A/duck/Hunan/HN54/2015,-0.144541,0.088384,0.067773,0.027656,Avian,N6
883_A/duck/Hunan/HN59/20,A/duck/Hunan/HN59/2015,-0.143869,0.090327,0.072814,0.023975,Avian,N6
884_A/duck/Hunan/HN60/20,A/duck/Hunan/HN60/2015,-0.14486,0.08879,0.072398,0.026037,Avian,N6
885_A/duck/Hunan/HN61/20,A/duck/Hunan/HN61/2015,-0.14486,0.08879,0.072398,0.026037,Avian,N6
886_A/duck/Hunan/HN64/20,A/duck/Hunan/HN64/2015,-0.146342,0.092128,0.070028,0.030597,Avian,N6
887_A/duck/Hunan/HN66/20,A/duck/Hunan/HN66/2015,-0.143238,0.079758,0.067655,0.012303,Avian,N6
888_A/duck/Hunan/HN67/20,A/duck/Hunan/HN67/2015,-0.144552,0.089242,0.072933,0.025087,Avian,N6
889_A/duck/Hunan/HN71/20,A/duck/Hunan/HN71/2015,-0.140527,0.068154,0.058718,0.024924,Avian,N6
890_A/duck/Hunan/HN72/20,A/duck/Hunan/HN72/2015,-0.147108,0.066355,0.06669,0.029252,Avian,N6
891_A/duck/Hunan/HN74/20,A/duck/Hunan/HN74/2015,-0.145005,0.067558,0.056945,0.028191,Avian,N6
892_A/duck/Hunan/HN76/20,A/duck/Hunan/HN76/2015,-0.147724,0.065451,0.065619,0.031152,Avian,N6
893_A/duck/Hunan/HN78/20,A/duck/Hunan/HN78/2015,-0.144771,0.089699,0.072732,0.025455,Avian,N6
894_A/duck/Hunan/HN80/20,A/duck/Hunan/HN80/2015,-0.142186,0.06937,0.055627,0.030732,Avian,N6
895_A/duck/Hunan/HN162/2,A/duck/Hunan/HN162/2015,-0.029992,-0.176366,-0.03065,0.00452,Avian,N6
896_A/duck/Hunan/HN163/2,A/duck/Hunan/HN163/2015,-0.029992,-0.176366,-0.03065,0.00452,Avian,N6
897_A/duck/Hunan/HN167/2,A/duck/Hunan/HN167/2015,-0.028169,-0.174507,-0.034506,0.008108,Avian,N6
898_A/duck/Hunan/HN171/2,A/duck/Hunan/HN171/2015,-0.028169,-0.174507,-0.034506,0.008108,Avian,N6
899_A/duck/Hunan/HN172/2,A/duck/Hunan/HN172/2015,-0.028286,-0.176971,-0.035677,0.01001,Avian,N6
900_A/duck/Hunan/HN174/2,A/duck/Hunan/HN174/2015,-0.028286,-0.176971,-0.035677,0.01001,Avian,N6
901_A/duck/Hunan/HN176/2,A/duck/Hunan/HN176/2015,-0.032844,-0.172642,-0.030072,0.013148,Avian,N6
902_A/duck/Hunan/HN177/2,A/duck/Hunan/HN177/2015,-0.028169,-0.174507,-0.034506,0.008108,Avian,N6
903_A/duck/Hunan/HN178/2,A/duck/Hunan/HN178/2015,-0.028169,-0.174507,-0.034506,0.008108,Avian,N6
904_A/duck/Hunan/HN182/2,A/duck/Hunan/HN182/2015,-0.020937,-0.162302,-0.029598,0.004814,Avian,N6
905_A/duck/Hunan/HN183/2,A/duck/Hunan/HN183/2015,-0.038542,-0.162774,-0.017518,0.010399,Avian,N6
906_A/duck/Hunan/HN186/2,A/duck/Hunan/HN186/2015,-0.029992,-0.176366,-0.03065,0.00452,Avian,N6
907_A/duck/Hunan/HN190/2,A/duck/Hunan/HN190/2015,-0.028169,-0.174507,-0.034506,0.008108,Avian,N6
908_A/duck/Hunan/HN191/2,A/duck/Hunan/HN191/2015,-0.028169,-0.174507,-0.034506,0.008108,Avian,N6
909_A/duck/Hunan/HN192/2,A/duck/Hunan/HN192/2015,-0.028169,-0.174507,-0.034506,0.008108,Avian,N6
910_A/duck/Hunan/HN194/2,A/duck/Hunan/HN194/2015,-0.022542,-0.164967,-0.029502,0.007778,Avian,N6
911_A/duck/Hunan/HN195/2,A/duck/Hunan/HN195/2015,-0.022542,-0.164967,-0.029502,0.007778,Avian,N6
912_A/duck/Hunan/HN197/2,A/duck/Hunan/HN197/2015,-0.029992,-0.176366,-0.03065,0.00452,Avian,N6
913_A/duck/Hunan/HN201/2,A/duck/Hunan/HN201/2015,-0.028169,-0.174507,-0.034506,0.008108,Avian,N6
914_A/duck/Hunan/HN204/2,A/duck/Hunan/HN204/2015,-0.028169,-0.174507,-0.034506,0.008108,Avian,N6
915_A/duck/Hunan/HN205/2,A/duck/Hunan/HN205/2015,-0.027861,-0.174054,-0.033971,0.007158,Avian,N6
916_A/duck/Hunan/HN206/2,A/duck/Hunan/HN206/2015,-0.035891,-0.164714,-0.016089,0.001858,Avian,N6
917_A/duck/Hunan/HN207/2,A/duck/Hunan/HN207/2015,-0.030097,-0.174714,-0.030414,0.004128,Avian,N6
918_A/duck/Hunan/HN208/2,A/duck/Hunan/HN208/2015,-0.034721,-0.172041,-0.028992,0.011412,Avian,N6
919_A/duck/Hunan/HN209/2,A/duck/Hunan/HN209/2015,-0.028169,-0.174507,-0.034506,0.008108,Avian,N6
920_A/duck/Hunan/HN210/2,A/duck/Hunan/HN210/2015,-0.028169,-0.174507,-0.034506,0.008108,Avian,N6
921_A/duck/Hunan/HN212/2,A/duck/Hunan/HN212/2015,-0.028169,-0.174507,-0.034506,0.008108,Avian,N6
922_A/duck/Hunan/HN214/2,A/duck/Hunan/HN214/2015,-0.032273,-0.182762,0.013955,-0.021307,Avian,N6
923_A/duck/Hunan/HN215/2,A/duck/Hunan/HN215/2015,-0.028505,-0.174752,-0.03407,0.009553,Avian,N6
924_A/duck/Hunan/HN216/2,A/duck/Hunan/HN216/2015,-0.039951,-0.165465,-0.014148,0.000035,Avian,N6
925_A/duck/Hunan/HN217/2,A/duck/Hunan/HN217/2015,-0.022542,-0.164967,-0.029502,0.007778,Avian,N6
926_A/duck/Hunan/HN220/2,A/duck/Hunan/HN220/2015,-0.031831,-0.170852,-0.025459,0.005875,Avian,N6
927_A/duck/Hunan/HN221/2,A/duck/Hunan/HN221/2015,-0.028745,-0.171234,-0.034415,0.010814,Avian,N6
928_A/duck/Hunan/HN224/2,A/duck/Hunan/HN224/2015,-0.028169,-0.174507,-0.034506,0.008108,Avian,N6
929_A/duck/Hunan/HN227/2,A/duck/Hunan/HN227/2015,-0.028169,-0.174507,-0.034506,0.008108,Avian,N6
930_A/duck/Hunan/HN230/2,A/duck/Hunan/HN230/2015,-0.028933,-0.176901,-0.035345,0.011964,Avian,N6
931_A/duck/Hunan/HN232/2,A/duck/Hunan/HN232/2015,0.071781,-0.005966,-0.135015,0.086768,Avian,N6
932_A/duck/Hunan/HN234/2,A/duck/Hunan/HN234/2015,-0.032273,-0.182762,0.013955,-0.021307,Avian,N6
933_A/duck/Hunan/HN236/2,A/duck/Hunan/HN236/2015,-0.032273,-0.182762,0.013955,-0.021307,Avian,N6
934_A/duck/Hunan/HN238/2,A/duck/Hunan/HN238/2015,-0.031882,-0.183655,0.013902,-0.020496,Avian,N6
935_A/duck/Hunan/HN239/2,A/duck/Hunan/HN239/2015,-0.14592,0.079235,0.06597,0.025972,Avian,N6
936_A/duck/Hunan/HN240/2,A/duck/Hunan/HN240/2015,-0.032273,-0.182762,0.013955,-0.021307,Avian,N6
937_A/duck/Hunan/HN241/2,A/duck/Hunan/HN241/2015,-0.151707,0.084424,0.078311,0.024093,Avian,N6
938_A/duck/Hunan/HN242/2,A/duck/Hunan/HN242/2015,-0.032418,-0.181227,0.015409,-0.021427,Avian,N6
939_A/duck/Hunan/HN278/2,A/duck/Hunan/HN278/2015,-0.14592,0.079235,0.06597,0.025972,Avian,N6
940_A/duck/Hunan/HN285/2,A/duck/Hunan/HN285/2015,-0.118472,0.084724,0.045931,0.026749,Avian,N6
941_A/duck/Hunan/HN288/2,A/duck/Hunan/HN288/2015,-0.126773,0.084493,0.045874,0.036977,Avian,N6
942_A/duck/Hunan/HN333/2,A/duck/Hunan/HN333/2015,-0.048001,-0.158711,0.011695,-0.003389,Avian,N6
943_A/duck/Hunan/HN334/2,A/duck/Hunan/HN334/2015,-0.048001,-0.158711,0.011695,-0.003389,Avian,N6
944_A/duck/Hunan/HN335/2,A/duck/Hunan/HN335/2015,-0.048533,-0.161886,0.011944,-0.002124,Avian,N6
945_A/duck/Hunan/HN336/2,A/duck/Hunan/HN336/2015,-0.048001,-0.158711,0.011695,-0.003389,Avian,N6
946_A/duck/Hunan/HN339/2,A/duck/Hunan/HN339/2015,-0.048001,-0.158711,0.011695,-0.003389,Avian,N6
947_A/duck/Hunan/HN341/2,A/duck/Hunan/HN341/2015,-0.050374,-0.159403,0.010986,-0.002669,Avian,N6
948_A/duck/Hunan/HN342/2,A/duck/Hunan/HN342/2015,-0.050474,-0.160258,0.013045,-0.003926,Avian,N6
949_A/duck/Hunan/HN343/2,A/duck/Hunan/HN343/2015,-0.048001,-0.158711,0.011695,-0.003389,Avian,N6
950_A/duck/Hunan/S4020/2,A/duck/Hunan/S4020/2008,-0.117097,0.067749,-0.007153,0.001179,Avian,N1
951_A/duck/Hunan/S4030/2,A/duck/Hunan/S4030/2011,-0.159382,0.088085,-0.008452,-0.045813,Avian,N1
952_A/duck/Hunan/S4101/2,A/duck/Hunan/S4101/2011,0.052565,0.093474,-0.078254,0.003814,Avian,N2
953_A/duck/Hunan/S4120/2,A/duck/Hunan/S4120/2011,0.038632,0.073263,-0.090334,0.001573,Avian,N2
954_A/duck/Hunan/S4150/2,A/duck/Hunan/S4150/2011,-0.121622,0.089601,0.001869,0.01307,Avian,N1
955_A/duck/Hunan/S4220/2,A/duck/Hunan/S4220/2011,-0.140447,0.090587,0.007433,0.056714,Avian,N1
956_A/duck/Hunan/S40199/,A/duck/Hunan/S40199/2021(H5N6),0.138683,0.018576,0.0815,0.014638,Avian,N6
957_A/duck/Hunan/S40268/,A/duck/Hunan/S40268/2021(H5N6),-0.140201,0.045412,-0.094097,-0.13731,Avian,N6
958_A/duck/Jiangsu/m234/,A/duck/Jiangsu/m234/2012,-0.004148,-0.034682,0.087045,-0.07842,Avian,N2
959_A/duck/Jiangsu/S4439,A/duck/Jiangsu/S4439/2017(H5N1),0.12871,-0.016148,-0.049365,0.118426,Avian,N1
960_A/duck/Jiangsu/SE112,A/duck/Jiangsu/SE1128/2018(H5N1),0.115102,-0.008762,-0.037147,0.116586,Avian,N1
961_A/duck/Jiangxi/01.11,A/duck/Jiangxi/01.11_NCNP101G2-OC/2017,-0.051783,-0.164131,-0.009227,0.000726,Avian,N6
962_A/duck/Jiangxi/01.14,A/duck/Jiangxi/01.14_NCJD034-P/2015(Mixed),-0.122459,0.089725,0.052855,0.027931,Avian,N6
963_A/duck/Jiangxi/01.14,A/duck/Jiangxi/01.14_NCJD054-P/2015(H5N6),-0.118516,0.090873,0.054087,0.024026,Avian,N6
964_A/duck/Jiangxi/01.14,A/duck/Jiangxi/01.14_NCJD064-P/2015(Mixed),-0.122459,0.089725,0.052855,0.027931,Avian,N6
965_A/duck/Jiangxi/02.05,A/duck/Jiangxi/02.05_YGYXG038-P/2015(H5N6),-0.116492,0.088397,0.059252,0.011817,Avian,N6
966_A/duck/Jiangxi/02.06,A/duck/Jiangxi/02.06_NCJD036-P/2015(H5N6),-0.118516,0.090873,0.054087,0.024026,Avian,N6
967_A/duck/Jiangxi/02.06,A/duck/Jiangxi/02.06_NCJD039-P/2015(H5N6),-0.128115,0.088737,0.051272,0.03919,Avian,N6
968_A/duck/Jiangxi/2.28_,A/duck/Jiangxi/2.28_NCNP25K3-OC/2018,-0.057171,-0.159199,-0.011702,0.009822,Avian,N6
969_A/duck/Jiangxi/2.28N,A/duck/Jiangxi/2.28NCNP23K3-OC/2018,-0.057171,-0.159199,-0.011702,0.009822,Avian,N6
970_A/duck/Jiangxi/03.11,A/duck/Jiangxi/03.11_NCHJX-15-06/2015(Mixed),-0.132988,0.078313,0.057488,0.019391,Avian,N6
971_A/duck/Jiangxi/04.01,A/duck/Jiangxi/04.01__NCDZT0312-O/2015(H5N6),0.076475,0.025034,-0.112025,0.087905,Avian,N6
972_A/duck/Jiangxi/04.01,A/duck/Jiangxi/04.01__NCDZT0334-P/2015(H5N6),0.077433,0.026747,-0.111162,0.088558,Avian,N6
973_A/duck/Jiangxi/04.01,A/duck/Jiangxi/04.01_NCDZT0304-O/2015(Mixed),-0.13767,0.10907,0.015399,0.049799,Avian,N6
974_A/duck/Jiangxi/05.07,A/duck/Jiangxi/05.07__NCJD0067A-P/2015(H5N6),0.042607,0.045677,-0.165066,0.06186,Avian,N6
975_A/duck/Jiangxi/5.26_,A/duck/Jiangxi/5.26_NCDZT80Q2-OC/2017,-0.030264,-0.147731,-0.005796,-0.000588,Avian,N6
976_A/duck/Jiangxi/11.17,A/duck/Jiangxi/11.17_NCNP30Y2-O/2016,-0.042097,-0.138596,0.009084,0.010823,Avian,N6
977_A/duck/Jiangxi/11.17,A/duck/Jiangxi/11.17_NCNP48Y2-C/2016,-0.042097,-0.138596,0.009084,0.010823,Avian,N6
978_A/duck/Jiangxi/11.29,A/duck/Jiangxi/11.29_NCDZT71H2-O/2016,-0.041126,-0.161389,-0.009694,0.000741,Avian,N6
979_A/duck/Jiangxi/11.29,A/duck/Jiangxi/11.29_NCNP22D3-OC/2017,-0.048583,-0.161466,0.024512,-0.019608,Avian,N6
980_A/duck/Jiangxi/11.29,A/duck/Jiangxi/11.29_NCNP39D3-OC/2017,-0.042289,-0.167352,0.005566,0.002903,Avian,N6
981_A/duck/Jiangxi/34/20,A/duck/Jiangxi/34/2011,-0.181379,0.101792,-0.000639,0.047774,Avian,N1
982_A/duck/Jiangxi/35/20,A/duck/Jiangxi/35/2011,-0.166758,0.092256,0.025559,0.065704,Avian,N1
983_A/duck/Jiangxi/44/20,A/duck/Jiangxi/44/2011,-0.03928,-0.125151,-0.037345,-0.062754,Avian,N1
984_A/duck/Jiangxi/95/20,A/duck/Jiangxi/95/2014,-0.13786,0.084237,0.057747,0.038794,Avian,N6
985_A/duck/Jiangxi/120/2,A/duck/Jiangxi/120/2011,-0.116474,0.062368,-0.015984,0.003203,Avian,N1
986_A/duck/Jiangxi/130/2,A/duck/Jiangxi/130/2011,-0.124836,0.074717,-0.0023,0.009685,Avian,N1
987_A/duck/Jiangxi/13469,A/duck/Jiangxi/13469/2014,-0.08253,0.089547,0.049019,0.09297,Avian,N6
988_A/duck/Jiangxi/13475,A/duck/Jiangxi/13475/2014,-0.080046,0.087073,0.04525,0.093692,Avian,N6
989_A/duck/Jiangxi/13484,A/duck/Jiangxi/13484/2014,-0.079808,0.090411,0.05191,0.099705,Avian,N6
990_A/Duck/Jiangxi/50446,A/Duck/Jiangxi/50446/2016,-0.036504,-0.140941,-0.003611,0.01812,Avian,N6
991_A/Duck/Jiangxi/50455,A/Duck/Jiangxi/50455/2016,-0.04115,-0.167607,-0.007557,-0.013109,Avian,N6
992_A/duck/Jiangxi/E7/20,A/duck/Jiangxi/E7/2014_(H5N6),-0.127412,0.084453,0.056375,0.023527,Avian,N6
993_A/duck/Jiangxi/F31/2,A/duck/Jiangxi/F31/2014(H5N6),-0.125089,0.084919,0.05499,0.024258,Avian,N6
994_A/duck/Jiangxi/NCDZT,A/duck/Jiangxi/NCDZT1123/2014,-0.143054,0.079403,0.054776,0.03024,Avian,N6
995_A/duck/Jiangxi/NCDZT,A/duck/Jiangxi/NCDZT1126/2014,-0.132633,0.089523,0.060301,0.030419,Avian,N6
996_A/duck/Jiangxi/S1025,A/duck/Jiangxi/S10252/2021,0.132416,0.026177,0.067131,0.027023,Avian,N8
997_A/duck/Jiangxi/S4083,A/duck/Jiangxi/S40833/2021(H5N1),0.148002,0.035584,0.076953,0.028852,Avian,N1
998_A/duck/Jilin/04.04_S,A/duck/Jilin/04.04_SY002-O/2015(Mixed),0.130582,0.00874,-0.060081,0.136861,Avian,N1
999_A/duck/Jilin/JL-SIV/,A/duck/Jilin/JL-SIV/2013,-0.13919,0.065267,-0.062435,-0.060033,Avian,N1
1000_A/duck/Jilin/S1261/2,A/duck/Jilin/S1261/2019(H5N1),-0.008401,0.05073,-0.115222,0.047804,Avian,N1
1001_A/duck/Jilin/S4171/2,A/duck/Jilin/S4171/2019(H5N1),0.000302,0.061651,-0.115655,0.046094,Avian,N1
1002_A/duck/Kaohsiung/15W,A/duck/Kaohsiung/15WB3298-1-5/2015,0.089288,0.035231,-0.034295,0.111866,Avian,Others
1003_A/duck/Kaohsiung/20W,A/duck/Kaohsiung/20WB0242-154/2020,0.103317,0.036497,-0.005576,-0.064,Avian,Others
1004_A/duck/Kaohsiung/150,A/duck/Kaohsiung/15010213/2015,0.128397,0.034274,-0.018399,-0.053398,Avian,N2
1005_A/duck/Liaoning/LN/2,A/duck/Liaoning/LN/2011,-0.03193,0.04253,-0.032458,-0.06928,Avian,Others
1006_A/duck/Nanchang/9789,A/duck/Nanchang/9789/2013,-0.147703,0.08933,0.019542,0.049633,Avian,N1
1007_A/duck/Nantou/15A343,A/duck/Nantou/15A3437/2015,0.133123,0.037528,-0.018813,-0.052827,Avian,N2
1008_A/duck/Nantou/17A024,A/duck/Nantou/17A0243/2017,0.116813,0.03178,0.00444,-0.048229,Avian,N2
1009_A/duck/Ningxia/YG61/,A/duck/Ningxia/YG61/2017,0.151985,0.025652,0.094863,-0.011773,Avian,N6
1010_A/duck/Ningxia/YG71/,A/duck/Ningxia/YG71/2017,0.153694,0.026666,0.094531,-0.014344,Avian,N6
1011_A/duck/Ningxia/YG83/,A/duck/Ningxia/YG83/2017,0.109745,0.036274,0.017704,-0.024369,Avian,N6
1012_A/duck/Pingtung/17A0,A/duck/Pingtung/17A0160/2017,0.117446,0.028755,0.001681,-0.048897,Avian,N2
1013_A/duck/Pingtung/18A0,A/duck/Pingtung/18A00003-11-20T/2018,0.118124,0.033285,-0.001419,-0.036647,Avian,N2
1014_A/duck/Pingtung/18A0,A/duck/Pingtung/18A00076-11-20T/2018,0.123388,0.037066,-0.021379,-0.040971,Avian,N2
1015_A/duck/Pingtung/18X0,A/duck/Pingtung/18X00077/2018,0.103704,-0.004045,-0.026595,-0.021103,Avian,N2
1016_A/duck/Pingtung/1501,A/duck/Pingtung/15010180/2015,0.070443,0.067708,-0.12626,0.029561,Avian,Others
1017_A/duck/Pingtung/1501,A/duck/Pingtung/15010444/2015,0.126493,0.034283,-0.016544,-0.055044,Avian,N2
1018_A/duck/Shandong/009/,A/duck/Shandong/009/2008,0.10797,0.012219,-0.06257,0.142549,Avian,N1
1019_A/duck/Shandong/11.1,A/duck/Shandong/11.14_DL-DKd11/2013(H5N8),0.093049,0.057737,-0.003966,0.037375,Avian,N8
1020_A/duck/Shandong/11.1,A/duck/Shandong/11.14_RD/2013(H5N8),0.093049,0.057737,-0.003966,0.037375,Avian,N8
1021_A/duck/Shandong/Q1/2,A/duck/Shandong/Q1/2013,-0.03274,-0.02675,0.112072,-0.074842,Avian,N8
1022_A/duck/Shandong/SD02,A/duck/Shandong/SD0261/2021,0.135879,0.023315,0.081407,0.032769,Avian,N6
1023_A/duck/Shandong/SD02,A/duck/Shandong/SD0263/2021,0.135644,0.026926,0.081156,0.033245,Avian,N6
1024_A/Duck/Shandong/Y01/,A/Duck/Shandong/Y01/2009,-0.123157,0.071764,-0.006931,0.009754,Avian,N1
1025_A/Duck/Shandong/Y02/,A/Duck/Shandong/Y02/2009,-0.115478,0.083539,-0.005504,0.009519,Avian,N1
1026_A/duck/Sichuan/04.27,A/duck/Sichuan/04.27_NBXJ71/2014(H5N6),-0.136327,0.102167,0.011296,0.046578,Avian,N6
1027_A/duck/Sichuan/04.27,A/duck/Sichuan/04.27_NBXJ79/2014(H5N6),-0.122769,0.107634,0.008363,0.05069,Avian,N6
1028_A/duck/Sichuan/04.27,A/duck/Sichuan/04.27_NBXJ711/2014(Mixed),-0.122486,0.104292,0.00561,0.049499,Avian,N6
1029_A/duck/Sichuan/04.27,A/duck/Sichuan/04.27_NBXJ717/2014(H5N6),-0.128566,0.108844,0.012973,0.050981,Avian,N6
1030_A/duck/Sichuan/04.27,A/duck/Sichuan/04.27_NBXJ720/2014(H5N6),-0.123189,0.108851,0.008447,0.049719,Avian,N6
1031_A/duck/Sichuan/04.27,A/duck/Sichuan/04.27_NCXJ073/2014(H5N6),-0.132241,0.1007,0.007932,0.045759,Avian,N6
1032_A/duck/Sichuan/NCXJ1,A/duck/Sichuan/NCXJ15/2014,-0.136327,0.102167,0.011296,0.046578,Avian,N6
1033_A/duck/Sichuan/NCXJ2,A/duck/Sichuan/NCXJ24/2014,-0.128566,0.108844,0.012973,0.050981,Avian,N6
1034_A/duck/Sichuan/NCXN1,A/duck/Sichuan/NCXN10/2014,-0.119812,0.082083,0.043427,0.029147,Avian,N1
1035_A/duck/Sichuan/NCXN1,A/duck/Sichuan/NCXN11/2014,-0.131346,0.091441,0.052142,0.037509,Avian,N1
1036_A/duck/Sichuan/S1805,A/duck/Sichuan/S1805/2021,-0.108021,0.016935,-0.100518,-0.058994,Avian,N6
1037_A/duck/Sichuan/SC482,A/duck/Sichuan/SC4822/2021,-0.112884,0.018743,-0.097672,-0.055584,Avian,N6
1038_A/duck/Sichuan/SC569,A/duck/Sichuan/SC5698/2021,-0.112847,0.017671,-0.099178,-0.055629,Avian,N6
1039_A/duck/Sichuan/SD002,A/duck/Sichuan/SD002/2021,-0.104993,0.025315,-0.099267,-0.056553,Avian,N6
1040_A/duck/Taichung/1501,A/duck/Taichung/15010400-1/2015,0.133064,0.033347,-0.020935,-0.06081,Avian,N2
1041_A/duck/Tainan/16WB34,A/duck/Tainan/16WB3443-156-160/2016,0.139635,0.022409,-0.028472,0.079026,Avian,Others
1042_A/duck/Tainan/150104,A/duck/Tainan/15010403/2015,0.006187,-0.042918,0.118065,0.020055,Avian,N8
1043_A/duck/Tainan/160100,A/duck/Tainan/16010024-1/2016,0.104315,0.025956,-0.016988,-0.044968,Avian,N2
1044_A/duck/Taipei/05WB83,A/duck/Taipei/05WB830-1-5-E2/2005,0.020482,0.112526,-0.135778,-0.034961,Avian,N2
1045_A/duck/Taipei/18WB01,A/duck/Taipei/18WB0120-1-5-E1/2018,0.117542,0.040166,0.0188,-0.043684,Avian,Others
1046_A/duck/Taipei/19WB02,A/duck/Taipei/19WB0235-14-16/2019,0.035498,0.10997,-0.09394,0.016365,Avian,Others
1047_A/duck/Taiwan/01006/,A/duck/Taiwan/01006/2015,0.129425,0.034268,-0.016038,-0.055321,Avian,N2
1048_A/duck/Taiwan/11213/,A/duck/Taiwan/11213/2013,0.106685,0.040474,0.023615,0.001229,Avian,N2
1049_A/duck/Taiwan/11254/,A/duck/Taiwan/11254/2013,0.109444,0.043777,0.007407,-0.002804,Avian,N2
1050_A/duck/Taiwan/a043/2,A/duck/Taiwan/a043/2015,0.129283,0.036541,-0.021047,-0.052724,Avian,N2
1051_A/duck/Taiwan/a068/2,A/duck/Taiwan/a068/2015,0.066457,0.058703,-0.133633,0.025293,Avian,N8
1052_A/duck/Taiwan/A3400/,A/duck/Taiwan/A3400/2015,0.063033,0.062515,-0.130693,0.025189,Avian,N8
1053_A/duck/Taiwan/DV1238,A/duck/Taiwan/DV1238/2009,0.082175,0.003796,-0.009848,0.034047,Avian,N2
1054_A/duck/Taiwan/DV1241,A/duck/Taiwan/DV1241/2009,0.082175,0.003796,-0.009848,0.034047,Avian,N2
1055_A/duck/Taiwan/DV1242,A/duck/Taiwan/DV1242/2009,0.082175,0.003796,-0.009848,0.034047,Avian,N2
1056_A/duck/Taoyuan/16010,A/duck/Taoyuan/16010023-1/2016,0.113265,0.028853,-0.042939,-0.037116,Avian,N2
1057_A/duck/Wuxi/7249/201,A/duck/Wuxi/7249/2015,-0.051067,-0.16269,-0.002436,-0.002553,Avian,N6
1058_A/duck/Xinjiang/12.1,A/duck/Xinjiang/12.18_WLMQXL001-C/2016,0.108804,0.041957,0.046966,-0.03665,Avian,N8
1059_A/duck/Xinjiang/S106,A/duck/Xinjiang/S1066/2019(H5N1),0.116375,-0.006753,-0.064001,0.125158,Avian,N1
1060_A/duck/Xinjiang/S112,A/duck/Xinjiang/S1126/2019(H5N1),0.11491,-0.005592,-0.06401,0.129268,Avian,N1
1061_A/duck/Yilan/17A0092,A/duck/Yilan/17A0092/2017,0.117852,0.038165,-0.006196,-0.052033,Avian,N2
1062_A/duck/Yunlin/15A501,A/duck/Yunlin/15A5019/2015,0.101127,0.018873,-0.01716,-0.030092,Avian,N2
1063_A/duck/Yunlin/17A008,A/duck/Yunlin/17A0086/2017,0.117744,0.037841,-0.001108,-0.053553,Avian,N2
1064_A/duck/Yunlin/17A068,A/duck/Yunlin/17A0686/2017,0.117125,0.032568,0.00356,-0.055353,Avian,N2
1065_A/duck/Yunlin/18X000,A/duck/Yunlin/18X00007-3/2018,0.019525,-0.020518,0.071241,0.0283,Avian,N2
1066_A/duck/Yunlin/150102,A/duck/Yunlin/15010244-1/2015,0.1311,0.029528,-0.02272,-0.058477,Avian,N2
1067_A/duck/Yunlin/150102,A/duck/Yunlin/15010277/2015,0.007199,-0.046738,0.117961,0.008495,Avian,N8
1068_A/duck/Yunlin/150103,A/duck/Yunlin/15010310-4/2015,0.129837,0.032955,-0.023267,-0.054235,Avian,N2
1069_A/duck/Yunlin/150103,A/duck/Yunlin/15010318-2/2015,0.130932,0.038108,-0.018095,-0.053788,Avian,N2
1070_A/duck/Yunlin/150103,A/duck/Yunlin/15010369-1/2015,0.1311,0.029528,-0.02272,-0.058477,Avian,N2
1071_A/duck/Yunlin/150104,A/duck/Yunlin/15010458-1/2015,-0.001325,-0.045775,0.124722,0.015027,Avian,N8
1072_A/duck/Yunlin/150700,A/duck/Yunlin/15070002-2/2015,0.114457,0.032924,-0.020403,-0.046543,Avian,N2
1073_A/duck/Yunlin/171100,A/duck/Yunlin/17110001/2017,0.108464,0.044671,0.015165,-0.050677,Avian,N2
1074_A/duck/Yunlin/180600,A/duck/Yunlin/18060007-3/2018,0.102717,0.049499,0.020379,-0.049621,Avian,N2
1075_A/duck/Yunnan/03.15_,A/duck/Yunnan/03.15_DQWGH005-O/2015(H5N6),-0.047799,-0.156344,-0.022962,-0.01446,Avian,N6
1076_A/duck/Yunnan/03.16_,A/duck/Yunnan/03.16_DQXYL003-O/2015(H5N6),-0.047799,-0.156344,-0.022962,-0.01446,Avian,N6
1077_A/duck/Yunnan/03.16_,A/duck/Yunnan/03.16_DQXYL007-O/2015(Mixed),0.084291,0.026355,-0.096803,0.034919,Avian,N6
1078_A/duck/Yunnan/03.16_,A/duck/Yunnan/03.16_DQXYL022-O/2015(H5N6),-0.047799,-0.156344,-0.022962,-0.01446,Avian,N6
1079_A/duck/Yunnan/03.16_,A/duck/Yunnan/03.16_DQXYL0039-O/2015(H5N6),-0.051195,-0.155886,-0.027295,-0.010741,Avian,N6
1080_A/duck/Yunnan/07.15_,A/duck/Yunnan/07.15_DQNPH124/2015(H5N6),-0.056963,-0.166784,-0.00037,-0.009128,Avian,N6
1081_A/duck/Yunnan/07.15_,A/duck/Yunnan/07.15_DQNPH125/2015(H5N6),-0.050424,-0.158766,0.00112,-0.009298,Avian,N6
1082_A/duck/Yunnan/07.15_,A/duck/Yunnan/07.15_DQNPH127/2015(H5N6),-0.055153,-0.164275,-0.000718,-0.011119,Avian,N6
1083_A/duck/Yunnan/07.15_,A/duck/Yunnan/07.15_DQNPH129/2015(H5N6),-0.054483,-0.159517,0.00306,-0.011121,Avian,N6
1084_A/duck/Yunnan/S4318/,A/duck/Yunnan/S4318/2021(H5N6),-0.101626,0.016393,-0.107188,-0.063535,Avian,N6
1085_A/Duck/Yunnan/YN-2/2,A/Duck/Yunnan/YN-2/2016_(H5N6),-0.024965,-0.12393,-0.033909,0.032615,Avian,N6
1086_A/Duck/Yunnan/YN-4/2,A/Duck/Yunnan/YN-4/2015__(H5N6),0.010427,-0.091492,-0.022388,0.035027,Avian,N6
1087_A/Duck/Yunnan/YN-9/2,A/Duck/Yunnan/YN-9/2016__(H5N6),-0.140833,0.058722,0.086955,0.011265,Avian,N6
1088_A/Duck/Zhanjiang/155,A/Duck/Zhanjiang/15577/2015,-0.034635,-0.166461,-0.020969,0.010163,Avian,N6
1089_A/duck/Zhejiang/02.2,A/duck/Zhejiang/02.28_JHZJ-15-04/2015(Mixed),-0.123214,0.092408,0.056109,0.020399,Avian,N6
1090_A/duck/Zhejiang/6D18,A/duck/Zhejiang/6D18/2013,0.086774,0.047572,-0.004469,0.04636,Avian,N8
1091_A/duck/Zhejiang/7713,A/duck/Zhejiang/77138/2014,-0.122827,0.122883,-0.044698,-0.03485,Avian,N2
1092_A/duck/Zhejiang/7270,A/duck/Zhejiang/727041/2014,-0.126161,0.105187,0.066425,0.034228,Avian,N2
1093_A/duck/Zhejiang/7271,A/duck/Zhejiang/727158/2014,-0.140559,0.091659,0.057459,0.04655,Avian,N6
1094_A/duck/Zhejiang/9250,A/duck/Zhejiang/925019/2014,0.094216,0.052536,-0.033512,0.040844,Avian,N8
1095_A/duck/Zhejiang/9251,A/duck/Zhejiang/925169/2014,0.085953,0.048762,-0.034275,0.054349,Avian,N8
1096_A/duck/Zhejiang/1026,A/duck/Zhejiang/1026109/2015,0.021225,-0.057336,0.122535,-0.004972,Avian,N2
1097_A/duck/Zhejiang/1220,A/duck/Zhejiang/1220092/2014,0.135922,-0.003524,-0.063395,0.119085,Avian,N1
1098_A/duck/Zhejiang/S409,A/duck/Zhejiang/S4091/2017(H5N1),0.123211,-0.016107,-0.05182,0.124992,Avian,N1
1099_A/duck/Zhejiang/S485,A/duck/Zhejiang/S4854/2021(H5N6),-0.131136,0.032966,-0.12021,-0.121516,Avian,N6
1100_A/duck/Zhejiang/W24/,A/duck/Zhejiang/W24/2013,0.086411,0.059604,-0.031623,0.053251,Avian,N8
1101_A/egret/Jiangsu/SD02,A/egret/Jiangsu/SD021/2021,0.140122,0.025205,0.084501,0.030334,Avian,N8
1102_A/Egret/Shangdong/JN,A/Egret/Shangdong/JN529/2023,-0.136367,0.033304,-0.09504,-0.151812,Avian,N6
1103_A/environment/Hunan/,A/environment/Hunan/HN261/2015,-0.138175,0.069413,0.051296,0.028469,Avian,N6
1104_A/Environment/Shando,A/Environment/Shandong/WS15/2022,-0.132896,0.044111,-0.083282,-0.159306,Avian,N2
1105_A/Environment/Shando,A/Environment/Shandong/WS16/2022,-0.132835,0.047811,-0.076269,-0.163439,Avian,N2
1106_A/Environment/Shando,A/Environment/Shandong/WS19/2022,-0.124935,0.047338,-0.099144,-0.150489,Avian,N2
1107_A/equine/China/61/20,A/equine/China/61/2010,-0.120592,0.083108,-0.002509,-0.020291,Nonhuman Mammal,N1
1108_A/equine/China/67/20,A/equine/China/67/2010,-0.111857,0.089317,-0.001216,-0.020292,Nonhuman Mammal,N1
1109_A/equine/China/68/20,A/equine/China/68/2010,-0.12833,0.038874,-0.029116,-0.02145,Nonhuman Mammal,N1
1110_A/eurasian_eagle-owl,A/eurasian_eagle-owl/Henan/SMQ11/2020,0.140991,0.02448,0.080212,0.024305,Avian,N8
1111_A/Eurasian_Teal/Hong,A/Eurasian_Teal/Hong_Kong/AFCD-HKU-23-14009-01020/2023,0.086856,0.052939,-0.083966,0.060557,Avian,N1
1112_A/Eurasian_Teal/Hong,A/Eurasian_Teal/Hong_Kong/AFCD-HKU-23-14383-02001/2023,0.091284,0.040816,-0.095682,0.056055,Avian,N1
1113_A/Eurasian_Wigeon/Ho,A/Eurasian_Wigeon/Hong_Kong/AFCD-HKU-23-14484-01001/2023,0.091204,0.041155,-0.095416,0.055822,Avian,N1
1114_A/Eurasian_Wigeon/Ho,A/Eurasian_Wigeon/Hong_Kong/AFCD-HKU-23-14524-01009/2023,0.091204,0.041155,-0.095416,0.055822,Avian,N1
1115_A/Falcated_Duck/Ning,A/Falcated_Duck/Ningxia/484-29/2015,-0.11397,0.075027,0.059165,0.023285,Avian,N6
1116_A/Falco_peregrinus/B,A/Falco_peregrinus/Beijing/1/_2022,0.109606,0.002681,0.049813,-0.062345,Avian,N1
1117_A/feline/Guangdong/2,A/feline/Guangdong/2/2014(H5N6),-0.03301,-0.170563,-0.024923,0.010263,Nonhuman Mammal,N6
1118_A/Fujian/1/2005|EPI_,A/Fujian/1/2005,-0.122999,0.074598,-0.065453,-0.066793,Human,N1
1119_A/Fujian/1/2007|EPI_,A/Fujian/1/2007,-0.114716,0.070111,-0.001327,-0.031111,Human,N1
1120_A/Fujian/1/2024(H5N6,A/Fujian/1/2024(H5N6),0.149837,0.00514,0.072867,0.028856,Human,N6
1121_A/Fujian/2/2024(H5N6,A/Fujian/2/2024(H5N6),0.146707,0.005591,0.07536,0.031669,Human,N6
1122_A/Fujian-Sanyuan/210,A/Fujian-Sanyuan/21099/2017_x_PR8_(CNIC-21099),0.058972,0.068874,0.02837,0.030966,Human,N6
1123_A/Fujian-Sanyuan/210,A/Fujian-Sanyuan/21099/2017,0.138262,0.014798,0.084587,0.017786,Human,N6
1124_A/Gadwall/Ningxia/47,A/Gadwall/Ningxia/472-7/2015,-0.129611,0.069362,0.051906,0.030473,Avian,N6
1125_A/Gallinago_Stenura/,A/Gallinago_Stenura/Hong_Kong/AFCD-HKU-23-14383-01014/2023,0.091204,0.041155,-0.095416,0.055822,Avian,N1
1126_A/Gallinula_chloropu,A/Gallinula_chloropus/Guangdong/GZ174/2014,-0.1424,0.079595,0.056471,0.035874,Avian,N6
1127_A/Goose/_Guangdong_/,A/Goose/_Guangdong_/JG125/2013(H5N6),-0.138105,0.087505,0.058267,0.036643,Avian,N6
1128_A/Goose/_Guangdong_/,A/Goose/_Guangdong_/SSLBY/2015(H5N6),-0.140118,0.075303,0.043189,0.028378,Avian,N6
1129_A/Goose/_Guangdong_/,A/Goose/_Guangdong_/SSZYP/2015(H5N6),-0.134952,0.089629,0.057356,0.04167,Avian,N6
1130_A/goose/Anhui/AH350/,A/goose/Anhui/AH350/2015,-0.02864,-0.168656,-0.00689,-0.005621,Avian,N6
1131_A/goose/Changhua/150,A/goose/Changhua/15040008/2015,0.139629,0.032246,-0.023612,-0.059994,Avian,N2
1132_A/goose/Chiayi/15010,A/goose/Chiayi/15010008-3/2015,0.121411,0.030192,-0.012301,-0.059316,Avian,N2
1133_A/goose/Chiayi/15010,A/goose/Chiayi/15010016-1/2015,0.135228,0.040492,-0.015252,-0.055044,Avian,N2
1134_A/goose/Chiayi/15020,A/goose/Chiayi/15020022/2015,0.004486,-0.040311,0.119145,0.018143,Avian,N8
1135_A/goose/Chiayi/16010,A/goose/Chiayi/16010017-2/2016,0.1007,0.030724,-0.011207,-0.046717,Avian,N2
1136_A/goose/Chiayi/16040,A/goose/Chiayi/16040003-1/2016,0.107968,0.032365,-0.026889,-0.040626,Avian,N2
1137_A/goose/Chiayi/16040,A/goose/Chiayi/16040005/2016,0.107968,0.032365,-0.026889,-0.040626,Avian,N2
1138_A/goose/Chiayi/17020,A/goose/Chiayi/17020027-1/2017,0.126918,0.035843,0.005531,-0.054609,Avian,N2
1139_A/goose/Chiayi/17040,A/goose/Chiayi/17040014/2017,0.120823,0.043309,-0.016139,-0.040264,Avian,N2
1140_A/goose/Chiayi/18010,A/goose/Chiayi/18010006/2018,0.108005,0.040694,0.014324,-0.052864,Avian,N2
1141_A/goose/Chiayi/18020,A/goose/Chiayi/18020014-2/2018,0.113827,0.051688,0.008388,-0.045592,Avian,N2
1142_A/goose/China/1/2021,A/goose/China/1/2021,0.144188,0.022807,0.078104,0.018715,Avian,N8
1143_A/goose/China/0701/2,A/goose/China/0701/2018,-0.094369,-0.120711,-0.046765,-0.032877,Avian,N6
1144_A/goose/China/1106/2,A/goose/China/1106/2016,0.022319,-0.069945,0.12332,-0.018316,Avian,N2
1145_A/goose/China/E43/20,A/goose/China/E43/2012,-0.12564,0.080492,-0.014877,0.061603,Avian,N1
1146_A/goose/Chongqing/SD,A/goose/Chongqing/SD003/2021,-0.099595,0.039086,-0.117678,-0.046951,Avian,N6
1147_A/goose/Eastern_Chin,A/goose/Eastern_China/CZ/2013,0.090201,0.061095,-0.030445,0.051822,Avian,N8
1148_A/goose/Eastern_Chin,A/goose/Eastern_China/L1204/2012,-0.024004,-0.027225,0.109586,-0.081061,Avian,N8
1149_A/goose/Eastern_Chin,A/goose/Eastern_China/L1214/2012,0.132647,0.028653,-0.008382,0.087287,Avian,N8
1150_A/goose/Eastern_Chin,A/goose/Eastern_China/S0408/2014,0.079519,0.039686,-0.012217,0.054681,Avian,N8
1151_A/goose/Eastern_Chin,A/goose/Eastern_China/S0513/2013,-0.124885,0.091194,0.052764,0.028043,Avian,N6
1152_A/goose/Fujian/3.15_,A/goose/Fujian/3.15_FZHX0001-O/2018,-0.057154,-0.172915,-0.021796,0.005531,Avian,N6
1153_A/goose/Fujian/3.15_,A/goose/Fujian/3.15_FZHX0005-C/2018,-0.054907,-0.172464,-0.023137,0.006238,Avian,N6
1154_A/goose/Fujian/3.15_,A/goose/Fujian/3.15_FZHX0007-C/2018,-0.069144,-0.164412,-0.010623,0.02101,Avian,N6
1155_A/goose/Fujian/3.15_,A/goose/Fujian/3.15_FZHX0008-C/2018,-0.047041,-0.17302,-0.029645,0.018888,Avian,N6
1156_A/goose/Fujian/3.15_,A/goose/Fujian/3.15_FZHX0010-O/2018,-0.058902,-0.161201,0.003625,0.011155,Avian,N6
1157_A/goose/Fujian/10.11,A/goose/Fujian/10.11_FZHX1001-C/2016,-0.054378,-0.177124,-0.003986,0.003908,Avian,N6
1158_A/goose/Fujian/10.26,A/goose/Fujian/10.26_FZHX0002-C/2017,-0.046876,-0.185228,-0.000837,-0.011772,Avian,N6
1159_A/goose/Fujian/10.26,A/goose/Fujian/10.26_FZHX0002-O/2017,-0.04551,-0.186436,-0.001459,-0.011842,Avian,N6
1160_A/goose/Fujian/10.26,A/goose/Fujian/10.26_FZHX0004-C/2017,-0.046876,-0.185228,-0.000837,-0.011772,Avian,N6
1161_A/goose/Fujian/10.26,A/goose/Fujian/10.26_FZHX0004-O/2017,-0.046876,-0.185228,-0.000837,-0.011772,Avian,N6
1162_A/goose/Fujian/10.26,A/goose/Fujian/10.26_FZHX0006-C/2017,-0.046876,-0.185228,-0.000837,-0.011772,Avian,N6
1163_A/goose/Fujian/10.26,A/goose/Fujian/10.26_FZHX0006-O/2017,-0.046876,-0.185228,-0.000837,-0.011772,Avian,N6
1164_A/goose/Fujian/10.26,A/goose/Fujian/10.26_FZHX0007-O/2017,-0.046876,-0.185228,-0.000837,-0.011772,Avian,N6
1165_A/goose/Fujian/10.26,A/goose/Fujian/10.26_FZHX0008-C/2017,-0.046876,-0.185228,-0.000837,-0.011772,Avian,N6
1166_A/goose/Fujian/10.26,A/goose/Fujian/10.26_FZHX0014-O/2017,-0.046876,-0.185228,-0.000837,-0.011772,Avian,N6
1167_A/goose/Fujian/11.3_,A/goose/Fujian/11.3_FZHX1102-C/2016,-0.052316,-0.172182,-0.003976,0.004061,Avian,N6
1168_A/goose/Guangdong/03,A/goose/Guangdong/03.27_DGQTSJ180-O/2015(Mixed),-0.036051,-0.169206,-0.01082,-0.003887,Avian,N6
1169_A/goose/Guangdong/04,A/goose/Guangdong/04.22_DGCP117-O/2015(H5N6),-0.031363,-0.171692,-0.019858,0.003506,Avian,N6
1170_A/goose/Guangdong/04,A/goose/Guangdong/04.22_DGCP118-P/2015(H5N6),-0.130795,0.081699,0.055467,0.037016,Avian,N6
1171_A/goose/Guangdong/04,A/goose/Guangdong/04.22_DGCP120-P/2015(H5N6),-0.129523,0.082403,0.053549,0.039677,Avian,N6
1172_A/goose/Guangdong/04,A/goose/Guangdong/04.22_DGCPLB045-O/2015(H5N6),-0.130965,0.081695,0.051521,0.04077,Avian,N6
1173_A/goose/Guangdong/04,A/goose/Guangdong/04.23_DGQTXC216-O/2015(Mixed),-0.030675,-0.178044,-0.004013,-0.001806,Avian,N6
1174_A/goose/Guangdong/04,A/goose/Guangdong/04.23_DGQTXC216-P/2015(H5N6),-0.030675,-0.178044,-0.004013,-0.001806,Avian,N6
1175_A/goose/Guangdong/04,A/goose/Guangdong/04.23_DGQTXC237-O1/2015(H5N6),-0.062089,-0.157064,-0.016191,-0.003047,Avian,N6
1176_A/goose/Guangdong/04,A/goose/Guangdong/04.23_DGQTXC237-O/2015(Mixed),-0.042517,-0.160966,-0.025048,0.019042,Avian,N6
1177_A/goose/Guangdong/7.,A/goose/Guangdong/7.20_DGCP010-C/2017,-0.056746,-0.152049,-0.014729,0.011649,Avian,N6
1178_A/goose/Guangdong/k0,A/goose/Guangdong/k0103/2010,-0.014697,-0.02354,0.036469,-0.025452,Avian,Others
1179_A/Goose/Guangdong/PO,A/Goose/Guangdong/PO1707260055/GZH/2017-08-02,-0.059282,-0.16854,-0.008178,0.007735,Avian,N6
1180_A/goose/Guangdong/QY,A/goose/Guangdong/QY01/2016,-0.051606,-0.164209,0.000752,-0.005508,Avian,N6
1181_A/goose/Guangdong/S2,A/goose/Guangdong/S230/2021,-0.085532,-0.107721,-0.029169,-0.003092,Avian,N6
1182_A/goose/Guangdong/S4,A/goose/Guangdong/S4751/2021(H5N6),0.144467,0.02614,0.083135,0.018787,Avian,N6
1183_A/goose/Guangdong/s1,A/goose/Guangdong/s13124/2013,-0.036773,-0.024797,0.116401,-0.062366,Avian,N8
1184_A/goose/Guangdong/SH,A/goose/Guangdong/SH7/2013(H5N1),-0.133055,0.084567,0.060342,0.026498,Avian,N1
1185_A/goose/Guangdong/YJ,A/goose/Guangdong/YJD/2014,-0.138008,0.09216,0.053215,0.046792,Avian,N6
1186_A/goose/Guangxi/S206,A/goose/Guangxi/S20601/2021,0.140895,0.028602,0.080686,0.028299,Avian,N8
1187_A/goose/Guizhou/S154,A/goose/Guizhou/S1541/2022(H5N1),0.148821,-0.053231,0.032891,-0.013735,Avian,N1
1188_A/goose/Henan/01.01_,A/goose/Henan/01.01_LYGL001-O/2017,-0.033675,-0.148589,-0.020171,0.018053,Avian,N6
1189_A/goose/Henan/S1315/,A/goose/Henan/S1315/2021,0.145334,0.034485,0.079697,0.028284,Avian,N8
1190_A/goose/Hubei/113/20,A/goose/Hubei/113/2014,-0.142186,0.06937,0.055627,0.030732,Avian,N6
1191_A/goose/HuBei/117/20,A/goose/HuBei/117/2014,-0.148252,0.074095,0.057223,0.036422,Avian,N6
1192_A/goose/Hunan/81/201,A/goose/Hunan/81/2014,-0.148958,0.089702,0.074543,0.023852,Avian,N6
1193_A/goose/Hunan/82/201,A/goose/Hunan/82/2014,-0.144964,0.089184,0.06995,0.024897,Avian,N6
1194_A/goose/Hunan/107/20,A/goose/Hunan/107/2014,-0.141382,0.064078,0.051791,0.031606,Avian,N6
1195_A/goose/Hunan/109/20,A/goose/Hunan/109/2014,-0.140857,0.065762,0.056203,0.026266,Avian,N6
1196_A/goose/Hunan/110/20,A/goose/Hunan/110/2014,-0.142676,0.07056,0.057983,0.031751,Avian,N6
1197_A/goose/Hunan/111/20,A/goose/Hunan/111/2014,-0.139629,0.059396,0.03884,0.034195,Avian,N6
1198_A/goose/Hunan/115/20,A/goose/Hunan/115/2014,-0.124071,0.086096,0.06063,0.065001,Avian,N6
1199_A/goose/Hunan/116/20,A/goose/Hunan/116/2014,-0.14407,0.072917,0.059627,0.029595,Avian,N6
1200_A/goose/Hunan/155/20,A/goose/Hunan/155/2014,-0.147867,0.093313,0.073634,0.024109,Avian,N6
1201_A/goose/Hunan/159/20,A/goose/Hunan/159/2014,-0.146679,0.085457,0.071628,0.030399,Avian,N6
1202_A/goose/Hunan/160/20,A/goose/Hunan/160/2014,-0.148958,0.089702,0.074543,0.023852,Avian,N6
1203_A/goose/Hunan/161/20,A/goose/Hunan/161/2014,-0.149086,0.087864,0.074171,0.024081,Avian,N6
1204_A/goose/Hunan/HN11/2,A/goose/Hunan/HN11/2015,-0.027106,-0.167239,-0.034979,0.010024,Avian,N6
1205_A/goose/Hunan/HN22/2,A/goose/Hunan/HN22/2015,-0.152245,0.081005,0.07753,0.022477,Avian,N6
1206_A/goose/Hunan/HN57/2,A/goose/Hunan/HN57/2015,-0.147258,0.076962,0.090231,0.013153,Avian,N6
1207_A/goose/Hunan/HN88/2,A/goose/Hunan/HN88/2015,-0.141974,0.066501,0.058333,0.026001,Avian,N6
1208_A/goose/Hunan/HN90/2,A/goose/Hunan/HN90/2015,-0.142186,0.06937,0.055627,0.030732,Avian,N6
1209_A/goose/Hunan/HN310/,A/goose/Hunan/HN310/2015,-0.047469,-0.155537,0.011447,-0.004655,Avian,N6
1210_A/goose/Hunan/HN311/,A/goose/Hunan/HN311/2015,-0.082087,-0.009931,0.033144,0.080445,Avian,N6
1211_A/goose/Hunan/HN314/,A/goose/Hunan/HN314/2015,-0.059556,-0.148205,-0.004564,-0.004932,Avian,N6
1212_A/goose/Hunan/HN315/,A/goose/Hunan/HN315/2015,-0.055383,-0.159721,-0.020048,-0.004953,Avian,N6
1213_A/goose/Hunan/HN316/,A/goose/Hunan/HN316/2015,-0.055292,-0.152344,-0.013871,-0.004357,Avian,N6
1214_A/goose/Hunan/HN317/,A/goose/Hunan/HN317/2015,-0.055442,-0.150707,-0.01232,-0.004497,Avian,N6
1215_A/goose/Hunan/HN318/,A/goose/Hunan/HN318/2015,-0.053857,-0.154937,0.022074,-0.004322,Avian,N6
1216_A/goose/Hunan/HN319/,A/goose/Hunan/HN319/2015,-0.055292,-0.152344,-0.013871,-0.004357,Avian,N6
1217_A/goose/Hunan/S11288,A/goose/Hunan/S11288/2021,0.14519,0.023173,0.083154,0.015278,Avian,N8
1218_A/goose/Hunan/SE284/,A/goose/Hunan/SE284/2022(H5N1),0.100332,0.004802,0.057722,-0.065358,Avian,N1
1219_A/goose/Inner_Mongol,A/goose/Inner_Mongolia/IM-192/2014,0.122402,-0.023498,-0.012582,-0.047086,Avian,N1
1220_A/goose/Jiangsu/k040,A/goose/Jiangsu/k0403/2010,-0.113542,0.082307,0.003614,-0.002801,Avian,N1
1221_A/goose/Jiangsu/QD5/,A/goose/Jiangsu/QD5/2014,0.083963,0.037004,-0.009321,0.047319,Avian,N8
1222_A/goose/Jiangsu/S138,A/goose/Jiangsu/S1385/2021,0.140539,0.017023,0.073568,0.020131,Avian,N8
1223_A/goose/Jiangxi/01.0,A/goose/Jiangxi/01.09_NFJX-15-01/2015(Mixed),-0.144729,0.062276,0.051437,0.029163,Avian,N6
1224_A/goose/Jilin/04.04_,A/goose/Jilin/04.04_SY003-O/2015(H5N6),-0.13717,0.078261,0.031417,0.050958,Avian,N6
1225_A/goose/Jilin/S4034/,A/goose/Jilin/S4034/2019(H5N1),-0.012119,0.056526,-0.114176,0.043236,Avian,N1
1226_A/goose/Liaoning/S12,A/goose/Liaoning/S1266/2021,0.137489,0.032772,0.085796,0.021029,Avian,N8
1227_A/goose/Pingtung/150,A/goose/Pingtung/15010007-4/2015,0.128705,0.034726,-0.017864,-0.054348,Avian,N2
1228_A/goose/Pingtung/150,A/goose/Pingtung/15010037-1/2015,0.127442,0.038153,-0.018411,-0.050105,Avian,N2
1229_A/goose/Pingtung/150,A/goose/Pingtung/15050014/2015,0.066657,0.056843,-0.134139,0.025872,Avian,N8
1230_A/goose/Pingtung/160,A/goose/Pingtung/16010061/2016,0.064244,0.059673,-0.131999,0.02596,Avian,N8
1231_A/Goose/Qingyuan/168,A/Goose/Qingyuan/16875/2016,-0.036496,-0.160885,-0.01736,0.00112,Avian,N6
1232_A/goose/Shandong/01.,A/goose/Shandong/01.01_JY-GS/2015(H5N2),0.015117,-0.067503,0.126758,-0.017355,Avian,N2
1233_A/goose/Shandong/01.,A/goose/Shandong/01.07_JQ-GS/2015(H5N2),0.021168,-0.056845,0.126942,-0.010388,Avian,N2
1234_A/goose/Shandong/02.,A/goose/Shandong/02.16_YG-GS/2015(H5N6),-0.136832,0.065309,0.071281,0.015079,Avian,N6
1235_A/goose/Shandong/02.,A/goose/Shandong/02.26_GD/2015(H5N6),-0.143619,0.093711,0.06323,0.040236,Avian,N6
1236_A/goose/Shandong/03.,A/goose/Shandong/03.10_HZ/2015(H5N1),0.127332,-0.006616,-0.061973,0.120933,Avian,N1
1237_A/goose/Shandong/03.,A/goose/Shandong/03.16_JNRe-5/2014(H5N6),-0.079042,0.084057,0.043406,0.091543,Avian,N6
1238_A/goose/Shandong/04.,A/goose/Shandong/04.22_GT/2015(H5N2),0.026838,-0.072335,0.124473,-0.019467,Avian,N2
1239_A/goose/Shandong/05.,A/goose/Shandong/05.23_AY-GS/2015(Mixed),0.091013,0.057158,-0.003936,0.04394,Avian,N8
1240_A/goose/Shandong/05.,A/goose/Shandong/05.23_DT-GS/2014(H5N8),0.090907,0.058842,-0.003696,0.04354,Avian,N8
1241_A/goose/Shandong/06.,A/goose/Shandong/06.14_HZ-GS/2014(Mixed),0.086596,0.056383,-0.0105,0.040514,Avian,N8
1242_A/goose/Shandong/11.,A/goose/Shandong/11.02_CQ-GS/2014(H5N6),-0.120136,0.098386,0.020241,0.04305,Avian,N6
1243_A/goose/Shandong/12.,A/goose/Shandong/12.05_YG-GS/2014(H5N6),-0.146396,0.066409,0.069951,0.024225,Avian,N6
1244_A/goose/Shandong/12.,A/goose/Shandong/12.08_YG-GS/2014(H5N8),0.097763,0.049442,-0.008541,0.042746,Avian,N8
1245_A/Goose/Shandong/211,A/Goose/Shandong/21153-3/2021(H5N8),0.134026,0.029565,0.083861,0.026873,Avian,N8
1246_A/goose/Shandong/GD-,A/goose/Shandong/GD-GS/2014(H5N8),0.102799,0.052238,-0.019407,0.044674,Avian,N8
1247_A/goose/Shandong/GS/,A/goose/Shandong/GS/2013(H5N1),0.081783,0.043163,0.01945,-0.030147,Avian,N1
1248_A/goose/Shandong/LQ0,A/goose/Shandong/LQ01694/2013,-0.023575,-0.023979,0.110355,-0.087463,Avian,N8
1249_A/goose/Tainan/16040,A/goose/Tainan/16040018-1/2016,0.064127,0.052604,-0.133931,0.020965,Avian,N8
1250_A/goose/Tainan/16070,A/goose/Tainan/16070002/2016,0.063072,0.052317,-0.130395,0.020028,Avian,N8
1251_A/goose/Tainan/17030,A/goose/Tainan/17030022-1/2017,0.120183,0.037018,-0.009714,-0.049289,Avian,N2
1252_A/goose/Tainan/17030,A/goose/Tainan/17030024-1/2017,0.113354,0.018493,-0.00724,-0.058082,Avian,N2
1253_A/goose/Tainan/18010,A/goose/Tainan/18010022-1/2018,0.115029,0.056347,0.011241,-0.047213,Avian,N2
1254_A/goose/Tainan/18050,A/goose/Tainan/18050014-1/2018,0.113159,0.021818,0.007209,-0.047863,Avian,N2
1255_A/goose/Taiwan/01019,A/goose/Taiwan/01019/2015,0.004511,-0.052794,0.117999,0.016476,Avian,N8
1256_A/goose/Taiwan/01022,A/goose/Taiwan/01022/2015,0.131442,0.028908,-0.022524,-0.05809,Avian,N2
1257_A/goose/Taiwan/01023,A/goose/Taiwan/01023/2015,0.126943,0.036899,-0.015766,-0.050886,Avian,N2
1258_A/goose/Taiwan/01031,A/goose/Taiwan/01031/2015,0.128586,0.031717,-0.016138,-0.058666,Avian,N2
1259_A/goose/Taiwan/01038,A/goose/Taiwan/01038/2015,0.066645,0.063569,-0.130308,0.026998,Avian,Others
1260_A/goose/Taiwan/01039,A/goose/Taiwan/01039/2015,0.003178,-0.041853,0.123164,0.016299,Avian,N8
1261_A/goose/Taiwan/01040,A/goose/Taiwan/01040/2015,0.127331,0.034584,-0.021127,-0.052797,Avian,N2
1262_A/goose/Taiwan/a015/,A/goose/Taiwan/a015/2015,0.006087,-0.046295,0.120267,0.016219,Avian,N8
1263_A/goose/Taiwan/TNC1/,A/goose/Taiwan/TNC1/2015,0.003955,-0.049087,0.119402,0.018477,Avian,N8
1264_A/goose/Taiwan/TNC3/,A/goose/Taiwan/TNC3/2015,0.000086,-0.048787,0.123774,0.016603,Avian,N8
1265_A/goose/Taiwan/TNC4/,A/goose/Taiwan/TNC4/2015,0.014438,-0.043953,0.122939,0.009383,Avian,N8
1266_A/goose/Taiwan/TNC9/,A/goose/Taiwan/TNC9/2015,0.002298,-0.048343,0.122454,0.017299,Avian,N8
1267_A/goose/Taiwan/TNC10,A/goose/Taiwan/TNC10/2015,0.003955,-0.049087,0.119402,0.018477,Avian,N8
1268_A/goose/Taiwan/TNC12,A/goose/Taiwan/TNC12/2015,0.003955,-0.049087,0.119402,0.018477,Avian,N8
1269_A/goose/Taiwan/TNC14,A/goose/Taiwan/TNC14/2015,0.003955,-0.049087,0.119402,0.018477,Avian,N8
1270_A/goose/Taiwan/TNO3/,A/goose/Taiwan/TNO3/2015,0.005953,-0.044804,0.12093,0.014344,Avian,N8
1271_A/goose/Taiwan/TNO9/,A/goose/Taiwan/TNO9/2015,0.006858,-0.046458,0.119692,0.013854,Avian,N8
1272_A/goose/Taiwan/TNO15,A/goose/Taiwan/TNO15/2015,0.006087,-0.046295,0.120267,0.016219,Avian,N8
1273_A/goose/Taiwan/TNO17,A/goose/Taiwan/TNO17/2015,0.003955,-0.049087,0.119402,0.018477,Avian,N8
1274_A/goose/Taoyuan/1501,A/goose/Taoyuan/15010041/2015,0.006585,-0.044778,0.120827,0.015071,Avian,N8
1275_A/goose/Taoyuan/1812,A/goose/Taoyuan/18120002-2/2018,0.132211,0.003232,-0.020917,-0.040939,Avian,N2
1276_A/goose/Xinjiang/12.,A/goose/Xinjiang/12.18_WLMQXL001-C/2016,0.110353,-0.006221,-0.091823,0.133184,Avian,N6
1277_A/goose/Xinjiang/12.,A/goose/Xinjiang/12.18_WLMQXL002-O/2016,0.111597,-0.006891,-0.092687,0.134026,Avian,N6
1278_A/goose/Xinjiang/12.,A/goose/Xinjiang/12.18_WLMQXL003-C/2016,0.112867,0.040314,0.03854,-0.033608,Avian,N8
1279_A/goose/Xinjiang/12.,A/goose/Xinjiang/12.18_WLMQXL003-O/2016,0.114444,0.036853,0.038535,-0.039044,Avian,N8
1280_A/goose/Xinjiang/12.,A/goose/Xinjiang/12.18_WLMQXL004-C/2016,0.114444,0.036853,0.038535,-0.039044,Avian,N8
1281_A/goose/Xinjiang/12.,A/goose/Xinjiang/12.18_WLMQXL004-O/2016,0.114444,0.036853,0.038535,-0.039044,Avian,N8
1282_A/goose/Yangzhou/042,A/goose/Yangzhou/0420/2014,0.078337,0.049119,0.000879,0.050298,Avian,N8
1283_A/goose/Yangzhou/YZ5,A/goose/Yangzhou/YZ587/2016,-0.050611,-0.147963,0.014491,0.007423,Avian,N6
1284_A/goose/Yunlin/15010,A/goose/Yunlin/15010005/2015,0.133166,0.040969,-0.022464,-0.050852,Avian,N2
1285_A/goose/Yunlin/15010,A/goose/Yunlin/15010009-1/2015,0.132838,0.042287,-0.017845,-0.051012,Avian,N2
1286_A/goose/Yunlin/15010,A/goose/Yunlin/15010010-2/2015,0.129519,0.039683,-0.021134,-0.052606,Avian,N2
1287_A/goose/Yunlin/15010,A/goose/Yunlin/15010011-1/2015,0.135055,0.028324,-0.02859,-0.058546,Avian,N2
1288_A/goose/Yunlin/15040,A/goose/Yunlin/15040040/2015,0.001983,-0.049353,0.121074,0.016215,Avian,N8
1289_A/goose/Yunlin/16020,A/goose/Yunlin/16020008-4/2016,0.105662,0.035191,-0.02602,-0.038294,Avian,N2
1290_A/goose/Yunlin/16020,A/goose/Yunlin/16020011-1/2016,0.106624,0.037857,-0.024243,-0.037559,Avian,N2
1291_A/goose/Yunlin/16040,A/goose/Yunlin/16040002-2/2016,0.10393,0.033988,-0.026405,-0.035369,Avian,N2
1292_A/goose/Yunlin/17100,A/goose/Yunlin/17100005/2017,0.116162,0.033153,0.006583,-0.050907,Avian,N2
1293_A/goose/Yunlin/18030,A/goose/Yunlin/18030020-2/2018,0.081187,0.021393,-0.032009,0.002851,Avian,N2
1294_A/goose/Yunlin/18030,A/goose/Yunlin/18030020-3/2018,0.081187,0.021393,-0.032009,0.002851,Avian,N2
1295_A/goose/Yunlin/18040,A/goose/Yunlin/18040002-3/2018,0.110802,0.043514,0.015395,-0.044776,Avian,N2
1296_A/goose/Yunlin/18040,A/goose/Yunlin/18040018-2/2018,0.115342,0.033444,0.010445,-0.052688,Avian,N2
1297_A/goose/Yunlin/18090,A/goose/Yunlin/18090002-3/2018,0.101079,0.027613,0.017922,-0.059192,Avian,N2
1298_A/goose/Yunlin/18090,A/goose/Yunlin/18090006-1/2018,0.097819,-0.006604,-0.023025,-0.02666,Avian,N2
1299_A/goose/Yunlin/18110,A/goose/Yunlin/18110002-3/2018,0.096005,0.018633,-0.061239,-0.073639,Avian,N2
1300_A/goose/Yunnan/07.14,A/goose/Yunnan/07.14_DQWCK119/2015(H5N6),-0.050424,-0.158766,0.00112,-0.009298,Avian,N6
1301_A/goose/Yunnan/07.14,A/goose/Yunnan/07.14_DQWCK122/2015(H5N6),-0.060644,-0.164279,0.00498,-0.009813,Avian,N6
1302_A/goose/Zhejiang/771,A/goose/Zhejiang/77166/2014,-0.122194,0.119858,-0.047457,-0.035518,Avian,N2
1303_A/goose/Zhejiang/771,A/goose/Zhejiang/77167/2014,-0.122827,0.122883,-0.044698,-0.03485,Avian,N2
1304_A/goose/Zhejiang/771,A/goose/Zhejiang/77168/2014,-0.122827,0.122883,-0.044698,-0.03485,Avian,N2
1305_A/goose/Zhejiang/112,A/goose/Zhejiang/112071/2014,0.142871,0.002218,-0.061605,0.117566,Avian,N1
1306_A/goose/Zhejiang/112,A/goose/Zhejiang/112080/2014,-0.083336,0.095166,0.003766,0.014348,Avian,N6
1307_A/goose/Zhejiang/727,A/goose/Zhejiang/727092/2014,-0.140665,0.090441,0.057029,0.047299,Avian,N6
1308_A/goose/Zhejiang/727,A/goose/Zhejiang/727098/2014,0.087879,0.044182,0.007516,-0.036583,Avian,N1
1309_A/goose/Zhejiang/727,A/goose/Zhejiang/727110/2014,-0.146578,0.092976,0.06139,0.047017,Avian,N6
1310_A/goose/Zhejiang/925,A/goose/Zhejiang/925036/2014,-0.132377,0.092831,0.056889,0.043179,Avian,N6
1311_A/goose/Zhejiang/925,A/goose/Zhejiang/925037/2014,0.079456,0.059088,-0.023082,0.06121,Avian,N8
1312_A/goose/Zhejiang/925,A/goose/Zhejiang/925104/2014,0.088646,0.06497,-0.015179,0.056663,Avian,N8
1313_A/goose/Zhejiang/925,A/goose/Zhejiang/925105/2014,-0.105517,0.103041,0.006026,0.044062,Avian,N6
1314_A/goose/Zhejiang/925,A/goose/Zhejiang/925106/2014,0.099317,0.058599,-0.018563,0.038497,Avian,N6
1315_A/goose/Zhejiang/925,A/goose/Zhejiang/925108/2014,-0.100022,0.103729,0.007372,0.040805,Avian,N6
1316_A/goose/Zhejiang/112,A/goose/Zhejiang/1120132/2014,-0.097855,0.077858,0.001741,0.02585,Avian,N6
1317_A/goose/Zhejiang/S12,A/goose/Zhejiang/S1266/2021,0.134298,0.031345,0.084961,0.024557,Avian,N8
1318_A/Great_black-headed,A/Great_black-headed_Gull/Qinghai/YO1/2015_H5N1,0.126615,0.00809,-0.055576,0.116742,Avian,N1
1319_A/Great_Black-headed,A/Great_Black-headed_Gull/Qinghai/YO1-B/2016,0.106882,0.028876,0.052809,-0.051953,Avian,N8
1320_A/Great_black-headed,A/Great_black-headed_Gull/Qinghai/YO6/2015_H5N1,0.124665,0.010676,-0.051783,0.116892,Avian,N1
1321_A/Great_Cormorant/Hu,A/Great_Cormorant/Hubei/chenhu_V2/2015_mixed,0.089098,0.032657,-0.093147,0.084578,Avian,N6
1322_A/Great_Cormorant/Hu,A/Great_Cormorant/Hubei/chenhu_V9/2015,0.086935,0.046542,-0.118713,0.094517,Avian,N1
1323_A/Great_Cormorant/Hu,A/Great_Cormorant/Hubei/chenhu_V10/2015,0.084205,0.04423,-0.119872,0.093146,Avian,N1
1324_A/Great_Cormorant/Hu,A/Great_Cormorant/Hubei/chenhu_V11/2015,0.060498,0.033587,-0.054339,0.068294,Avian,N6
1325_A/Great_Cormorant/Hu,A/Great_Cormorant/Hubei/VI128/2015_H5N1,0.089312,0.033325,-0.09228,0.08318,Avian,N1
1326_A/Great_Cormorant/Hu,A/Great_Cormorant/Hubei/VI132/2015_H5N1,0.087432,0.032027,-0.093463,0.084541,Avian,N1
1327_A/Great_Cormorant/Hu,A/Great_Cormorant/Hubei/VI133/2015_H5N1,0.089202,0.031005,-0.093382,0.08497,Avian,N1
1328_A/Great_Cormorant/Qi,A/Great_Cormorant/Qinghai/a51/2016,0.117693,0.024047,0.044788,-0.049812,Avian,N8
1329_A/Great_Cormorant/Qi,A/Great_Cormorant/Qinghai/B82/2016,0.113803,0.026416,0.044433,-0.049029,Avian,N8
1330_A/Great_Cormorant/Qi,A/Great_Cormorant/Qinghai/Y01/2016,0.114047,0.02907,0.047557,-0.053493,Avian,N8
1331_A/Great_Crested_Greb,A/Great_Crested_Grebe/Qinghai/a737/2017,0.110366,0.034575,0.048655,-0.04584,Avian,N8
1332_A/grebe/Ningxia/SD00,A/grebe/Ningxia/SD001/2021,0.137652,0.031228,0.089788,0.020756,Avian,N8
1333_A/grebe/Shaanxi/SD00,A/grebe/Shaanxi/SD001/2021,0.143143,0.024527,0.083236,0.020376,Avian,N8
1334_A/grebe/Shandong/SC1,A/grebe/Shandong/SC184/2021,0.134394,0.026178,0.082,0.028109,Avian,N8
1335_A/green-winged_teal/,A/green-winged_teal/Guangdong/SD004/2021,0.139751,0.028197,0.089897,0.009584,Avian,N8
1336_A/Guangdong/1/2006|E,A/Guangdong/1/2006,-0.136281,0.083401,-0.058071,-0.056213,Human,N1
1337_A/Guangdong/1/2008|E,A/Guangdong/1/2008,-0.164317,0.070675,-0.057612,-0.050001,Human,N1
1338_A/Guangdong/2/2006|E,A/Guangdong/2/2006,-0.106061,0.066017,0.012379,0.007772,Human,N1
1339_A/Guangdong/18SF020/,A/Guangdong/18SF020/2018-09-30,-0.070548,-0.171976,-0.021108,0.031324,Human,N6
1340_A/Guangdong/12903/20,A/Guangdong/12903/2021,0.138737,0.028586,0.082116,0.029561,Human,N6
1341_A/Guangdong/lgf/2021,A/Guangdong/lgf/2021,0.138699,0.023452,0.079988,0.025768,Human,N6
1342_A/Guangxi/1/2005|EPI,A/Guangxi/1/2005,-0.095709,0.023182,-0.050253,-0.018376,Human,N1
1343_A/Guangxi/1/2005|EPI,A/Guangxi/1/2005,-0.117425,0.077971,-0.004254,-0.01965,Human,N1
1344_A/Guangxi/1/2008|EPI,A/Guangxi/1/2008,-0.132492,0.095552,-0.0702,-0.052375,Human,N1
1345_A/Guangxi/32797/2018,A/Guangxi/32797/2018,-0.076407,-0.159168,-0.001486,0.030364,Human,N6
1346_A/Guangxi/55726/2016,A/Guangxi/55726/2016,-0.049396,-0.157522,0.005658,0.001079,Human,N6
1347_A/Guangzhou/39715/20,A/Guangzhou/39715/2014,-0.161176,0.074786,0.030107,0.058526,Human,N6
1348_A/Guizhou/1/2009|EPI,A/Guizhou/1/2009,-0.116928,0.065409,-0.008925,-0.022172,Human,N1
1349_A/GX-guilin/11151/20,A/GX-guilin/11151/2021,-0.130573,0.015621,-0.103682,-0.154905,Human,N6
1350_A/GX-hechi/01/2021|E,A/GX-hechi/01/2021,0.027655,-0.136895,-0.079378,0.023312,Human,N6
1351_A/Hangzhou/01/2021|E,A/Hangzhou/01/2021,-0.132747,0.036736,-0.119907,-0.120386,Human,N6
1352_A/HeFei04171/2024|EP,A/HeFei04171/2024,-0.010856,0.032679,-0.001957,-0.016296,Human,N6
1353_A/heron/Kaohsiung/15,A/heron/Kaohsiung/15WB3284-1-5/2015,0.139605,0.016471,-0.046035,-0.031217,Avian,Others
1354_A/heron/Taiwan/17DB0,A/heron/Taiwan/17DB0001/2017,0.136073,0.041174,-0.036035,-0.042206,Avian,N2
1355_A/Herring_Gull/Hubei,A/Herring_Gull/Hubei/CH-i149/2017_H5N8,0.1152,0.027344,0.045689,-0.053861,Avian,N8
1356_A/hill_myna/Heilongj,A/hill_myna/Heilongjiang/0704/2012,-0.158201,0.121424,-0.040376,-0.019307,Avian,N1
1357_A/Hong_Kong/5923/201,A/Hong_Kong/5923/2012,-0.130651,0.101204,0.000728,0.058054,Human,N1
1358_A/Hubei/29578/2016_x,A/Hubei/29578/2016_x_PR8__(CNIC-HB29578),0.058972,0.068874,0.02837,0.030966,Human,N6
1359_A/Hubei/29578/2016|E,A/Hubei/29578/2016,0.028529,0.040643,-0.160198,0.067094,Human,N6
1360_A/Hunan/1/2006|EPI_I,A/Hunan/1/2006,-0.105449,0.072783,-0.004675,-0.023289,Human,N1
1361_A/Hunan/1/2008|EPI_I,A/Hunan/1/2008,-0.112599,0.062454,-0.068025,-0.08219,Human,N1
1362_A/Hunan/2/2009|EPI_I,A/Hunan/2/2009,-0.114844,0.058631,-0.007413,-0.024526,Human,N1
1363_A/Japanese_white-eye,A/Japanese_white-eye/Taoyuan/Q454/2012,-0.157933,0.124626,-0.037649,-0.02101,Avian,N1
1364_A/Jiangsu/1/2007|EPI,A/Jiangsu/1/2007,-0.135569,0.064905,-0.047058,-0.052683,Human,N1
1365_A/Jiangsu/1/2018|EPI,A/Jiangsu/1/2018,-0.046195,-0.156697,0.016355,-0.001076,Human,N6
1366_A/Jiangsu/1/2018|EPI,A/Jiangsu/1/2018,-0.046195,-0.156697,0.016355,-0.001076,Human,N6
1367_A/Jiangsu/1/2020_(H5,A/Jiangsu/1/2020_(H5N6),0.101387,0.037138,-0.008733,-0.060535,Human,N6
1368_A/Jiangsu/1/2020(H5N,A/Jiangsu/1/2020(H5N6),0.101387,0.037138,-0.008733,-0.060535,Human,N6
1369_A/Jiangsu/2/2007|EPI,A/Jiangsu/2/2007,-0.135569,0.064905,-0.047058,-0.052683,Human,N1
1370_A/Jiangsu/JSSZ01/201,A/Jiangsu/JSSZ01/2018,-0.046195,-0.156697,0.016355,-0.001076,Human,N6
1371_A/Jiangxi/1/2005|EPI,A/Jiangxi/1/2005,-0.128152,0.074807,-0.069468,-0.045121,Human,N1
1372_A/Jiangxi/16791/2022,A/Jiangxi/16791/2022,-0.129448,0.015965,-0.12289,-0.126829,Human,N6
1373_A/lesser_kestrel/Hei,A/lesser_kestrel/Heilongjiang/194/2007,0.138224,0.050148,0.015754,0.108652,Avian,N1
1374_A/lion/Hubei/1-2/201,A/lion/Hubei/1-2/2016,0.099909,0.056217,-0.129836,0.100156,Nonhuman Mammal,N1
1375_A/Luscinia_cyane/Jia,A/Luscinia_cyane/Jiangxi/U2/2016_(H5N6),0.074995,0.040223,-0.011279,0.057897,Avian,N6
1376_A/mallard_duck/Shang,A/mallard_duck/Shanghai/SH-9/2013,0.091173,0.045499,-0.021557,0.045337,Avian,N8
1377_A/mallard/Heilongjia,A/mallard/Heilongjiang/HLJ-69/2013,0.105988,0.040188,-0.115513,0.062064,Avian,N1
1378_A/Mallard/Jiangxi/JX,A/Mallard/Jiangxi/JXH9/2014_(H5N6),-0.01238,0.070252,-0.012049,-0.004536,Avian,N6
1379_A/Mallard/Jiangxi/JX,A/Mallard/Jiangxi/JXH22/2014_(H5N6),-0.136146,0.080219,0.059407,0.022316,Avian,N6
1380_A/mallard/Ningxia/17,A/mallard/Ningxia/175/2020,0.07318,0.07258,-0.003162,-0.079304,Avian,N8
1381_A/mallard/Ningxia/17,A/mallard/Ningxia/176/2020,0.080838,0.074875,-0.00283,-0.082605,Avian,N8
1382_A/mallard/Ningxia/23,A/mallard/Ningxia/239/2020,0.080838,0.074875,-0.00283,-0.082605,Avian,N8
1383_A/mallard/Ningxia/24,A/mallard/Ningxia/241/2020,0.080838,0.074875,-0.00283,-0.082605,Avian,N8
1384_A/mallard/Ningxia/24,A/mallard/Ningxia/247/2020,0.080838,0.074875,-0.00283,-0.082605,Avian,N8
1385_A/mallard/Ningxia/24,A/mallard/Ningxia/249/2020,0.080838,0.074875,-0.00283,-0.082605,Avian,N8
1386_A/mandarin_duck/Heil,A/mandarin_duck/Heilongjiang/HL-1/2021,0.151153,-0.014062,0.028077,0.000258,Avian,N1
1387_A/mandarin_duck/Hena,A/mandarin_duck/Henan/426/2021,0.095469,0.009887,0.061066,-0.061445,Avian,N1
1388_A/meerkat/Shanghai/S,A/meerkat/Shanghai/SH-1/2012,0.09069,0.034326,-0.000136,-0.01376,Nonhuman Mammal,N1
1389_A/migratory_waterfow,A/migratory_waterfowl/Hubei/Chenhu1306/2014,-0.113317,0.11454,0.011311,0.054942,Avian,N6
1390_A/migratory_waterfow,A/migratory_waterfowl/Hubei/Chenhu1347/2014,-0.113778,0.118257,0.013534,0.053075,Avian,N6
1391_A/mink/China/181/201,A/mink/China/181/2019,-0.065841,-0.152264,-0.013303,0.02353,Nonhuman Mammal,N6
1392_A/mink/China/183/201,A/mink/China/183/2019,-0.045607,-0.146084,-0.0133,0.015891,Nonhuman Mammal,N6
1393_A/mink/China/191/201,A/mink/China/191/2019,-0.045182,-0.141585,-0.014189,0.017633,Nonhuman Mammal,N6
1394_A/mink/China/456/201,A/mink/China/456/2018,-0.056744,-0.167745,-0.001331,0.009303,Nonhuman Mammal,N6
1395_A/mink/China/G/2015|,A/mink/China/G/2015,-0.157948,0.081321,0.019745,0.054749,Nonhuman Mammal,N1
1396_A/mink/China/XB/2015,A/mink/China/XB/2015,0.091837,0.048625,-0.123524,0.089586,Nonhuman Mammal,N1
1397_A/mink/Eastern_China,A/mink/Eastern_China/006/2018,0.116144,0.01645,0.091869,0.032428,Nonhuman Mammal,N6
1398_A/mink/Eastern_China,A/mink/Eastern_China/149/2018,-0.052255,-0.144039,0.000755,0.013834,Nonhuman Mammal,N6
1399_A/mink/Eastern_China,A/mink/Eastern_China/528/2018,0.121721,0.006162,0.091888,0.039181,Nonhuman Mammal,N6
1400_A/mink/Eastern_China,A/mink/Eastern_China/571/2018,-0.10281,-0.106623,-0.032548,-0.027027,Nonhuman Mammal,N6
1401_A/mink/Eastern_China,A/mink/Eastern_China/0712/2018,-0.052484,-0.016519,0.085113,0.023784,Nonhuman Mammal,N1
1402_A/mink/Northern_Chin,A/mink/Northern_China/110/2018,0.11729,0.025328,0.106149,0.031393,Nonhuman Mammal,N6
1403_A/Muscovy_duck/China,A/Muscovy_duck/China/FJFZ21/H5N6/2020,-0.064221,-0.140476,0.01558,0.018204,Avian,N6
1404_A/Muscovy_duck/China,A/Muscovy_duck/China/H5N6/2020,-0.064221,-0.140476,0.01558,0.018204,Avian,N6
1405_A/muscovy/duck/Hunan,A/muscovy/duck/Hunan/85/2014,-0.142565,0.087803,0.069083,0.028736,Avian,N6
1406_A/muscovy/duck/Hunan,A/muscovy/duck/Hunan/88/2014,-0.137928,0.088482,0.068929,0.027753,Avian,N6
1407_A/muscovy/duck/Hunan,A/muscovy/duck/Hunan/89/2014,-0.139448,0.089721,0.069608,0.030023,Avian,N6
1408_A/muscovy/duck/Hunan,A/muscovy/duck/Hunan/90/2014,-0.144484,0.089335,0.070993,0.029216,Avian,N6
1409_A/muscovy/duck/Hunan,A/muscovy/duck/Hunan/93/2014,-0.143336,0.097435,0.077175,0.031326,Avian,N6
1410_A/muscovy/duck/Hunan,A/muscovy/duck/Hunan/94/2014,-0.143361,0.085082,0.074754,0.025291,Avian,N6
1411_A/muscovy/duck/Hunan,A/muscovy/duck/Hunan/101/2014,-0.142729,0.089548,0.061056,0.038308,Avian,N6
1412_A/muscovy/duck/Hunan,A/muscovy/duck/Hunan/102/2014,-0.143518,0.085954,0.060302,0.041665,Avian,N6
1413_A/muscovy/duck/Hunan,A/muscovy/duck/Hunan/103/2014,-0.144321,0.089989,0.06284,0.042033,Avian,N6
1414_A/muscovy/duck/Hunan,A/muscovy/duck/Hunan/104/2014,-0.134411,0.087944,0.053216,0.037613,Avian,N6
1415_A/muscovy/duck/Hunan,A/muscovy/duck/Hunan/125/2014,-0.142186,0.06937,0.055627,0.030732,Avian,N6
1416_A/muscovy/duck/Hunan,A/muscovy/duck/Hunan/147/2014,-0.141252,0.062459,0.057728,0.026955,Avian,N6
1417_A/muscovy/duck/Hunan,A/muscovy/duck/Hunan/148/2014,-0.140257,0.066212,0.054073,0.029923,Avian,N6
1418_A/muscovy/duck/Hunan,A/muscovy/duck/Hunan/167/2014,-0.144426,0.09164,0.063076,0.041641,Avian,N6
1419_A/muscovy/duck/Hunan,A/muscovy/duck/Hunan/183/2014,-0.145293,0.084327,0.065139,0.024379,Avian,N6
1420_A/muscovy/duck/Hunan,A/muscovy/duck/Hunan/216/2014,-0.137775,0.097519,0.065739,0.040931,Avian,N6
1421_A/muscovy/duck/Hunan,A/muscovy/duck/Hunan/229/2014,-0.144426,0.09164,0.063076,0.041641,Avian,N6
1422_A/muscovy/duck/Hunan,A/muscovy/duck/Hunan/232/2014,-0.141602,0.08119,0.065016,0.025875,Avian,N6
1423_A/muscovy/duck/Hunan,A/muscovy/duck/Hunan/HN346/2015,-0.048001,-0.158711,0.011695,-0.003389,Avian,N6
1424_A/muscovy/duck/Hunan,A/muscovy/duck/Hunan/HN347/2015,-0.048001,-0.158711,0.011695,-0.003389,Avian,N6
1425_A/muscovy/duck/Hunan,A/muscovy/duck/Hunan/HN348/2015,-0.050409,-0.160998,0.015768,-0.009303,Avian,N6
1426_A/muscovy/duck/Hunan,A/muscovy/duck/Hunan/HN349/2015,-0.050928,-0.160592,0.013063,-0.006028,Avian,N6
1427_A/muscovy/duck/Hunan,A/muscovy/duck/Hunan/HN351/2015,-0.048001,-0.158711,0.011695,-0.003389,Avian,N6
1428_A/muscovy/duck/Hunan,A/muscovy/duck/Hunan/HN352/2015,-0.039951,-0.165465,-0.014148,0.000035,Avian,N6
1429_A/muscovy/duck/Hunan,A/muscovy/duck/Hunan/HN353/2015,-0.047561,-0.159882,-0.017935,0.018135,Avian,N6
1430_A/muscovy/duck/Hunan,A/muscovy/duck/Hunan/HN354/2015,-0.048001,-0.158711,0.011695,-0.003389,Avian,N6
1431_A/muscovy/duck/Hunan,A/muscovy/duck/Hunan/HN355/2015,-0.049544,-0.159053,0.012827,-0.003816,Avian,N6
1432_A/muscovy/duck/Hunan,A/muscovy/duck/Hunan/HN356/2015,-0.048001,-0.158711,0.011695,-0.003389,Avian,N6
1433_A/muscovy/duck/Hunan,A/muscovy/duck/Hunan/HN358/2015,-0.048001,-0.158711,0.011695,-0.003389,Avian,N6
1434_A/muscovy/duck/Hunan,A/muscovy/duck/Hunan/HN359/2015,-0.093819,-0.01402,0.037681,-0.028359,Avian,N6
1435_A/muscovy/duck/Hunan,A/muscovy/duck/Hunan/HN360/2015,-0.048533,-0.161886,0.011944,-0.002124,Avian,N6
1436_A/muscovy/duck/Hunan,A/muscovy/duck/Hunan/HN364/2015,-0.047896,-0.158877,0.011427,-0.003228,Avian,N6
1437_A/muscovy/duck/Hunan,A/muscovy/duck/Hunan/HN365/2015,-0.049688,-0.161407,0.012479,-0.002699,Avian,N6
1438_A/muscovy/duck/Hunan,A/muscovy/duck/Hunan/HN366/2015,-0.048533,-0.161886,0.011944,-0.002124,Avian,N6
1439_A/muscovy/duck/Hunan,A/muscovy/duck/Hunan/HN368/2015,-0.048001,-0.158711,0.011695,-0.003389,Avian,N6
1440_A/mute_swan/Inner_Mo,A/mute_swan/Inner_Mongolia/w2-1/2020,0.138963,0.025216,0.082381,0.018917,Avian,N8
1441_A/mute_swan/Shandong,A/mute_swan/Shandong/1/2021,0.141342,0.032022,0.079967,0.027459,Avian,N8
1442_A/Nanjing/1/2015|EPI,A/Nanjing/1/2015,0.088196,0.044859,-0.114931,0.092387,Human,N1
1443_A/Northern_Pintail/H,A/Northern_Pintail/HK/MP692/2016,-0.032313,-0.156593,-0.039131,0.019519,Avian,N6
1444_A/oriental_magpie_ro,A/oriental_magpie_robin/HK/6154/2015,0.080918,0.015007,-0.111475,0.052672,Avian,N6
1445_A/ostrich/Suzhou/097,A/ostrich/Suzhou/097/2003,-0.064671,0.020075,0.00123,0.020373,Avian,N1
1446_A/parrot/Guangdong/2,A/parrot/Guangdong/258/2004,0.046211,-0.083813,0.125904,0.059725,Avian,N2
1447_A/parrot/Guangdong/C,A/parrot/Guangdong/C99/2005,-0.110876,0.054123,-0.027778,-0.014969,Avian,N1
1448_A/Pavo_cristatus/Chi,A/Pavo_cristatus/China/JS02/2018,-0.043153,-0.179747,0.006446,-0.014016,Avian,N6
1449_A/Pavo_cristatus/Chi,A/Pavo_cristatus/China/K10/2018,-0.043153,-0.179747,0.006446,-0.014016,Avian,N6
1450_A/Pavo_cristatus/Jia,A/Pavo_cristatus/Jiangxi/JA1/2016,-0.051902,-0.169036,-0.014523,0.008452,Avian,N6
1451_A/peacock/Yunnan/1/2,A/peacock/Yunnan/1/2015,0.073183,0.035367,-0.106372,0.085845,Avian,N1
1452_A/peacock/Yunnan/3/2,A/peacock/Yunnan/3/2015,0.074741,0.038844,-0.109486,0.088188,Avian,N1
1453_A/Peregrine_Falcon/H,A/Peregrine_Falcon/Hong_Kong/AFCD-HKU-21-013-27/2021,0.140101,0.033025,0.079208,0.030073,Avian,N8
1454_A/Phalacrocorax/Hube,A/Phalacrocorax/Hubei/01.09_V5/2015(H5N6),0.089098,0.032657,-0.093147,0.084578,Avian,N6
1455_A/Phalacrocorax/Hube,A/Phalacrocorax/Hubei/01.09_V7/2015(H5N6),0.089098,0.032657,-0.093147,0.084578,Avian,N6
1456_A/pheasant/Hebei/B02,A/pheasant/Hebei/B02/2021,0.138161,0.02417,0.078612,0.023954,Avian,N8
1457_A/pigeon/Fujian/1.17,A/pigeon/Fujian/1.17_FZHX0104-O/2017,-0.052102,-0.179306,-0.005052,-0.00038,Avian,N6
1458_A/pigeon/Guangdong/0,A/pigeon/Guangdong/04.15_SZBAXQ004/2015(H5N6),-0.058638,-0.157329,-0.011527,-0.007039,Avian,N6
1459_A/pigeon/Guangdong/0,A/pigeon/Guangdong/04.16_SZLGWL006/2015(H5N6),-0.037802,-0.161425,-0.006046,0.004081,Avian,N6
1460_A/pigeon/Guangdong/0,A/pigeon/Guangdong/04.23_DGQTXC197-O/2015(H5N6),-0.058361,-0.152606,-0.017231,-0.004045,Avian,N6
1461_A/pigeon/Hainan/1.14,A/pigeon/Hainan/1.14_HKPL006-C/2018,-0.058917,-0.160875,-0.011451,0.008247,Avian,N6
1462_A/pigeon/Hubei/RP25/,A/pigeon/Hubei/RP25/2012,-0.117291,0.083539,0.013341,-0.027039,Avian,N1
1463_A/Pigeon/Hunan/04.14,A/Pigeon/Hunan/04.14_YYXS0912-O/2015(Mixed),-0.133766,0.117049,0.022516,0.052735,Avian,N6
1464_A/pigeon/Jiangsu/12.,A/pigeon/Jiangsu/12.22_TCCX053-P/2014(Mixed),0.142668,0.008301,-0.056802,0.116897,Avian,N1
1465_A/Pigeon/Jiangxi/02.,A/Pigeon/Jiangxi/02.10__NCDZT0017-P/2015(H5N6),0.081993,0.020513,-0.12395,0.09478,Avian,N6
1466_A/Pigeon/Jiangxi/04.,A/Pigeon/Jiangxi/04.01__NCDZT0352-O/2015(H5N6),0.038589,0.042064,-0.16395,0.063901,Avian,N6
1467_A/pigeon/Jiangxi/S40,A/pigeon/Jiangxi/S40784/2021(H5N1),0.148002,0.035584,0.076953,0.028852,Avian,N1
1468_A/pigeon/Jilin/04.25,A/pigeon/Jilin/04.25_CCHL018-O/2015(H5N6),-0.122313,0.079841,0.019252,0.055526,Avian,N6
1469_A/pigeon/Jilin/04.25,A/pigeon/Jilin/04.25_CCHL019-O/2015(H5N1),0.123688,-0.008402,-0.067685,0.126702,Avian,N1
1470_A/pigeon/Jilin/S4176,A/pigeon/Jilin/S4176/2019(H5N1),-0.007002,0.059442,-0.115423,0.049397,Avian,N1
1471_A/Pigeon/Shandong/WS,A/Pigeon/Shandong/WS17/2022,-0.12532,0.042866,-0.092292,-0.154377,Avian,N2
1472_A/pigeon/Sichuan/04.,A/pigeon/Sichuan/04.27_NBXJ743/2014(H5N6),-0.132241,0.1007,0.007932,0.045759,Avian,N6
1473_A/pigeon/Sichuan/NCX,A/pigeon/Sichuan/NCXN29/2014,-0.136428,0.09862,0.03115,0.048012,Avian,N1
1474_A/pigeon/Zhejiang/11,A/pigeon/Zhejiang/112089/2014,0.149974,0.006975,-0.068755,0.122427,Avian,N1
1475_A/pigeon/Zhejiang/11,A/pigeon/Zhejiang/112090/2014,0.135922,-0.003524,-0.063395,0.119085,Avian,N1
1476_A/pigeon/Zhejiang/72,A/pigeon/Zhejiang/727097/2014,0.087373,0.043165,0.007624,-0.035707,Avian,N1
1477_A/plateau_pika/Qingh,A/plateau_pika/Qinghai/04/2007,-0.045527,-0.032339,-0.008938,0.004932,Nonhuman Mammal,N1
1478_A/Quail/Guangxi/GX-2,A/Quail/Guangxi/GX-2/2017__(H5N6),-0.038459,-0.167296,-0.025721,0.005127,Avian,N6
1479_A/quail/Jiangsu/k010,A/quail/Jiangsu/k0104/2010,0.011672,0.024521,0.013668,-0.026029,Avian,Others
1480_A/quail/Jiangxi/B9/2,A/quail/Jiangxi/B9/2015_(H5N6),0.095592,0.040548,-0.011561,0.034498,Avian,N6
1481_A/quail/Nanchang/663,A/quail/Nanchang/6631/2013,-0.152012,0.092343,0.014429,0.054768,Avian,N1
1482_A/Quail/Zhanjiang/16,A/Quail/Zhanjiang/16887/2016,-0.060922,-0.157386,0.013982,0.007171,Avian,N6
1483_A/Quanzhou/2/2024|EP,A/Quanzhou/2/2024,0.146707,0.005591,0.07536,0.031669,Human,N6
1484_A/Shandong/1/2009|EP,A/Shandong/1/2009,-0.138783,0.068394,-0.06385,-0.048666,Human,N1
1485_A/Shenzhen/1/2015|EP,A/Shenzhen/1/2015,0.093969,0.017348,-0.123913,0.062064,Human,N6
1486_A/Shenzhen/1/2016|EP,A/Shenzhen/1/2016,0.075826,0.059866,-0.063829,0.042668,Human,N6
1487_A/Shenzhen/TH001/201,A/Shenzhen/TH001/2015_(H5N6),0.093806,0.017917,-0.121877,0.058892,Human,N6
1488_A/Shenzhen/TH003/201,A/Shenzhen/TH003/2016(H5N6),0.070856,0.047944,-0.071842,0.062244,Human,N6
1489_A/Shoveller/Ningxia/,A/Shoveller/Ningxia/488-53/2015,-0.11672,0.070191,0.057095,0.018795,Avian,N6
1490_A/Sichuan/1/2006|EPI,A/Sichuan/1/2006,-0.088107,0.028099,-0.052934,-0.024952,Human,N1
1491_A/Sichuan/2/2006|EPI,A/Sichuan/2/2006,-0.0921,0.026628,-0.051239,-0.023099,Human,N1
1492_A/Sichuan/26221/2014,A/Sichuan/26221/2014,-0.123863,0.101768,0.003917,0.047463,Human,N6
1493_A/silkie_chicken/Don,A/silkie_chicken/Dongguan/2809/2013,-0.132401,0.082431,0.060034,0.027739,Avian,N6
1494_A/Spatula_querquedul,A/Spatula_querquedula/Chongming/H5N1_1/2024,0.095958,0.016977,0.059065,-0.047787,Avian,N1
1495_A/Spoonbill/HK/17-18,A/Spoonbill/HK/17-18259/2017,0.155145,0.048807,0.108103,0.015509,Avian,N6
1496_A/spoonbill/Taiwan/D,A/spoonbill/Taiwan/DB645/2017,0.15617,0.046449,0.103672,0.009654,Avian,N6
1497_A/spot_billed_duck/N,A/spot_billed_duck/Ningxia/YG87/2017,0.1489,0.005527,0.085079,-0.008481,Avian,N6
1498_A/spot-billed_duck/N,A/spot-billed_duck/Ningxia/YG93/2017,0.143807,0.022597,0.099477,-0.002124,Avian,N6
1499_A/Streptopelia_decao,A/Streptopelia_decaocto/Jiangxi/E1/2015(H5N6),0.07131,0.036967,-0.016328,0.060358,Avian,N6
1500_A/Streptopelia_decao,A/Streptopelia_decaocto/Jiangxi/G6/2016(H5N6),0.134901,-0.00353,-0.066281,0.125255,Avian,N6
1501_A/Streptopelia_decao,A/Streptopelia_decaocto/Jiangxi/J8/2015_(H5N6),0.088373,0.044306,-0.006927,0.045612,Avian,N6
1502_A/swan_goose/Jilin/J,A/swan_goose/Jilin/JL01/2014,-0.128576,0.104113,0.029146,0.052239,Avian,N6
1503_A/swan/China/ST/2016,A/swan/China/ST/2016,0.103002,0.027672,0.068634,-0.040573,Avian,N8
1504_A/swan/Hebei/B01/202,A/swan/Hebei/B01/2021,0.140762,0.034217,0.090782,0.025918,Avian,N8
1505_A/swan/Shandong/W376,A/swan/Shandong/W3762/2020,-0.036168,-0.003988,0.047661,-0.036927,Avian,N8
1506_A/swine/China/RZ/201,A/swine/China/RZ/2018,-0.094142,-0.128721,-0.053878,-0.034429,Nonhuman Mammal,N6
1507_A/swine/Guangdong/1/,A/swine/Guangdong/1/2014,-0.14592,0.079235,0.06597,0.025972,Nonhuman Mammal,N6
1508_A/swine/Guangdong/2/,A/swine/Guangdong/2/2014,-0.143969,0.078247,0.066294,0.022654,Nonhuman Mammal,N6
1509_A/swine/Guangdong/G3,A/swine/Guangdong/G3/2015,-0.136505,0.073242,0.058061,0.053218,Nonhuman Mammal,N6
1510_A/swine/Shandong/SD1,A/swine/Shandong/SD1/2014,-0.108704,0.063839,-0.053791,-0.094413,Nonhuman Mammal,N1
1511_A/Syrrhaptes_paradox,A/Syrrhaptes_paradoxus/Guangdong/ZH283/2015,-0.05002,-0.16899,-0.01882,0.015652,Avian,N6
1512_A/Taiwan/DV413/2006|,A/Taiwan/DV413/2006,-0.002916,0.012424,0.025021,-0.020132,Avian,N2
1513_A/Taiwan/DV518/2006|,A/Taiwan/DV518/2006,-0.006663,0.010903,0.025914,-0.01419,Avian,N2
1514_A/thrush/Taiwan/1512,A/thrush/Taiwan/15120021/2015,0.120197,0.047378,-0.010031,-0.053553,Avian,N2
1515_A/tiger/Yunnan/tig14,A/tiger/Yunnan/tig1404/2014,-0.123125,0.079106,0.050615,0.020692,Nonhuman Mammal,N1
1516_A/tiger/Yunnan/tig14,A/tiger/Yunnan/tig1412/2014,-0.158315,0.08901,0.024802,0.046836,Nonhuman Mammal,N1
1517_A/tiger/Yunnan/tig15,A/tiger/Yunnan/tig1508/2015,0.071115,0.048271,-0.106525,0.094109,Nonhuman Mammal,N1
1518_A/tundra_swan/Fujian,A/tundra_swan/Fujian/SD121/2023(H5N1),0.087511,0.044271,-0.083095,0.050512,Avian,N1
1519_A/tundra_swan/Hubei/,A/tundra_swan/Hubei/BQ3/2020,0.136252,0.025914,0.083935,0.019426,Avian,N8
1520_A/tundra_swan/Hubei/,A/tundra_swan/Hubei/BQ4/2020,0.136599,0.02757,0.085968,0.018229,Avian,N8
1521_A/tundra_swan/Hubei/,A/tundra_swan/Hubei/BQ6/2020,0.136932,0.023729,0.082152,0.022483,Avian,N8
1522_A/tundra_swan/Hubei/,A/tundra_swan/Hubei/BQ7/2020,0.140991,0.02448,0.080212,0.024305,Avian,N8
1523_A/tundra_swan/Hubei/,A/tundra_swan/Hubei/BQ8/2020,0.105762,0.04428,0.045197,-0.010025,Avian,N8
1524_A/tundra_swan/Hubei/,A/tundra_swan/Hubei/BQ9/2020,0.134813,0.022955,0.085388,0.018042,Avian,N8
1525_A/turkey/Changhua/16,A/turkey/Changhua/16010011-1/2016,0.103214,0.036273,-0.018566,-0.047225,Avian,N2
1526_A/turkey/Chiayi/1702,A/turkey/Chiayi/17020092-2/2017,0.061993,0.050404,-0.129692,0.020083,Avian,N8
1527_A/turkey/Chiayi/1801,A/turkey/Chiayi/18010013-3/2018,0.111555,0.044758,0.006138,-0.048114,Avian,N2
1528_A/turkey/Yunlin/1506,A/turkey/Yunlin/15060049-1/2015,0.134292,0.036439,-0.024583,-0.051151,Avian,N2
1529_A/turkey/Yunlin/1802,A/turkey/Yunlin/18020020-2/2018,0.114827,0.038386,0.007162,-0.050335,Avian,N2
1530_A/turkey/Yunlin/1811,A/turkey/Yunlin/18110001-3/2018,0.102645,0.029953,0.015364,-0.053618,Avian,N2
1531_A/turkey/Yunlin/1812,A/turkey/Yunlin/18120005-2/2018,0.084348,0.021893,-0.066882,-0.072512,Avian,N2
1532_A/turtle_dove/Guangd,A/turtle_dove/Guangdong/300/2005,-0.088592,0.034348,-0.050594,-0.024327,Avian,N1
1533_A/turtle_dove/Hunan/,A/turtle_dove/Hunan/S4004/2020(H5N1),0.096997,0.038806,-0.136326,0.080153,Avian,N1
1534_A/Waterfowl/Hubei/Ch,A/Waterfowl/Hubei/Chenhu1306/2014_H5N6,-0.113317,0.11454,0.011311,0.054942,Avian,N6
1535_A/Waterfowl/Hubei/Ch,A/Waterfowl/Hubei/Chenhu1347/2014_H5N6,-0.113778,0.118257,0.013534,0.053075,Avian,N6
1536_A/whiskered_tern/Hub,A/whiskered_tern/Hubei/BQ10/2020,0.128666,0.019494,0.08069,0.026046,Avian,N8
1537_A/white_naped_crane/,A/white_naped_crane/China/YA3/2018,-0.043153,-0.179747,0.006446,-0.014016,Avian,N6
1538_A/White-eyed_Pochard,A/White-eyed_Pochard/Ningxia/480-17/2015,-0.122802,0.069467,0.057613,0.022784,Avian,N6
1539_A/whooper_swan/Henan,A/whooper_swan/Henan/8/2021,0.098512,0.006654,0.060605,-0.069694,Avian,N1
1540_A/whooper_swan/Henan,A/whooper_swan/Henan/14/2021,0.102574,0.010095,0.060609,-0.071151,Avian,N1
1541_A/whooper_swan/Henan,A/whooper_swan/Henan/44/2021,0.098512,0.006654,0.060605,-0.069694,Avian,N1
1542_A/whooper_swan/Henan,A/whooper_swan/Henan/45/2021,0.098512,0.006654,0.060605,-0.069694,Avian,N1
1543_A/whooper_swan/Henan,A/whooper_swan/Henan/46/2021,0.098512,0.006654,0.060605,-0.069694,Avian,N1
1544_A/whooper_swan/Henan,A/whooper_swan/Henan/424/2021,0.095074,0.007772,0.062995,-0.063725,Avian,N1
1545_A/whooper_swan/Henan,A/whooper_swan/Henan/SM1/2020,0.141836,0.024924,0.080423,0.021993,Avian,N8
1546_A/whooper_swan/Henan,A/whooper_swan/Henan/SM16/2020,0.146345,0.029852,0.078863,0.020758,Avian,N8
1547_A/whooper_swan/Henan,A/whooper_swan/Henan/SM31/2020,0.146345,0.029852,0.078863,0.020758,Avian,N8
1548_A/whooper_swan/Henan,A/whooper_swan/Henan/SM61/2020,0.1427,0.025494,0.07988,0.021734,Avian,N8
1549_A/whooper_swan/Henan,A/whooper_swan/Henan/SM76/2020,0.134893,0.02458,0.083781,0.021891,Avian,N8
1550_A/whooper_swan/Henan,A/whooper_swan/Henan/SM86/2020,0.140853,0.025186,0.080501,0.020607,Avian,N8
1551_A/whooper_swan/Henan,A/whooper_swan/Henan/SM111/2020,0.138641,0.024743,0.08182,0.019911,Avian,N8
1552_A/whooper_swan/Henan,A/whooper_swan/Henan/SMQ5/2020,0.138641,0.024743,0.08182,0.019911,Avian,N8
1553_A/whooper_swan/Henan,A/whooper_swan/Henan/SMQ7/2020,0.1427,0.025494,0.07988,0.021734,Avian,N8
1554_A/whooper_swan/Henan,A/whooper_swan/Henan/SMQ9/2020,0.140991,0.02448,0.080212,0.024305,Avian,N8
1555_A/whooper_swan/Henan,A/whooper_swan/Henan/SMQ10/2020,0.136932,0.023729,0.082152,0.022483,Avian,N8
1556_A/whooper_swan/Henan,A/whooper_swan/Henan/SMX1/2015(H5N1),0.126477,0.001972,-0.057852,0.120671,Avian,N1
1557_A/whooper_swan/Henan,A/whooper_swan/Henan/SMX3/2015(H5N1),0.126162,0.000615,-0.057818,0.120695,Avian,N1
1558_A/whooper_swan/Henan,A/whooper_swan/Henan/SMX4/2015(H5N1),0.127003,0.006533,-0.054867,0.118245,Avian,N1
1559_A/whooper_swan/Henan,A/whooper_swan/Henan/SMX9/2015(H5N1),0.127882,0.001975,-0.05801,0.124285,Avian,N1
1560_A/whooper_swan/Henan,A/whooper_swan/Henan/T578/2019,0.125693,0.054748,0.040935,-0.051956,Avian,N2
1561_A/whooper_swan/Henan,A/whooper_swan/Henan/T874/2018,0.125693,0.054748,0.040935,-0.051956,Avian,N2
1562_A/whooper_swan/Henan,A/whooper_swan/Henan/T880/2018,0.125693,0.054748,0.040935,-0.051956,Avian,N2
1563_A/whooper_swan/Henan,A/whooper_swan/Henan/T886/2018,0.125693,0.054748,0.040935,-0.051956,Avian,N2
1564_A/whooper_swan/Henan,A/whooper_swan/Henan/T888/2018,0.125693,0.054748,0.040935,-0.051956,Avian,N2
1565_A/whooper_swan/Henan,A/whooper_swan/Henan/Y120/2018,0.125693,0.054748,0.040935,-0.051956,Avian,N2
1566_A/whooper_swan/Inner,A/whooper_swan/Inner_Mongolia/w1-1/2020,0.138963,0.025216,0.082381,0.018917,Avian,N8
1567_A/Whooper_Swan/Sanme,A/Whooper_Swan/Sanmenxia/01/2016,0.102095,0.036985,0.049995,-0.030376,Avian,N8
1568_A/Whooper_swan/Sanme,A/Whooper_swan/Sanmenxia/G2/2020,0.138713,0.031077,0.082346,0.027666,Avian,N8
1569_A/Whooper_swan/Sanme,A/Whooper_swan/Sanmenxia/G13/2020,0.145142,0.016638,0.075534,0.018534,Avian,N8
1570_A/Whooper_swan/Sanme,A/Whooper_swan/Sanmenxia/G15/2020,0.140991,0.02448,0.080212,0.024305,Avian,N8
1571_A/Whooper_swan/Sanme,A/Whooper_swan/Sanmenxia/G28/2020,0.145142,0.016638,0.075534,0.018534,Avian,N8
1572_A/Whooper_swan/Sanme,A/Whooper_swan/Sanmenxia/H1/2020,0.1427,0.025494,0.07988,0.021734,Avian,N8
1573_A/Whooper_swan/Sanme,A/Whooper_swan/Sanmenxia/H735/2020,0.137928,0.029314,0.082195,0.029552,Avian,N8
1574_A/Whooper_swan/Sanme,A/Whooper_swan/Sanmenxia/H810/2020,0.141365,0.026421,0.078215,0.027683,Avian,N8
1575_A/Whooper_swan/Sanme,A/Whooper_swan/Sanmenxia/Y10/2020,0.1427,0.025494,0.07988,0.021734,Avian,N8
1576_A/Whooper_swan/Sanme,A/Whooper_swan/Sanmenxia/Y11/2020,0.142549,0.024384,0.082901,0.020475,Avian,N8
1577_A/Whooper_swan/Sanme,A/Whooper_swan/Sanmenxia/Y12/2020,0.140442,0.024932,0.079143,0.025105,Avian,N8
1578_A/Whooper_swan/Sanme,A/Whooper_swan/Sanmenxia/Y15/2020,0.140991,0.02448,0.080212,0.024305,Avian,N8
1579_A/Whooper_swan/Sanme,A/Whooper_swan/Sanmenxia/Y18/2020,0.138713,0.031077,0.082346,0.027666,Avian,N8
1580_A/Whooper_swan/Sanme,A/Whooper_swan/Sanmenxia/Y19/2020,0.1427,0.025494,0.07988,0.021734,Avian,N8
1581_A/Whooper_swan/Sanme,A/Whooper_swan/Sanmenxia/Y20/2020,0.131157,0.021697,0.078439,0.028399,Avian,N8
1582_A/Whooper_swan/Sanme,A/Whooper_swan/Sanmenxia/Y21/2020,0.1427,0.025494,0.07988,0.021734,Avian,N8
1583_A/Whooper_swan/Sanme,A/Whooper_swan/Sanmenxia/Y23-2/2020,0.146345,0.029852,0.078863,0.020758,Avian,N8
1584_A/Whooper_swan/Sanme,A/Whooper_swan/Sanmenxia/Y27/2020,0.1427,0.025494,0.07988,0.021734,Avian,N8
1585_A/Whooper_swan/Sanme,A/Whooper_swan/Sanmenxia/Y36/2020,0.146345,0.029852,0.078863,0.020758,Avian,N8
1586_A/Whooper_swan/Sanme,A/Whooper_swan/Sanmenxia/Y48A/2020,0.141376,0.028203,0.082318,0.021872,Avian,N8
1587_A/Whooper_swan/Sanme,A/Whooper_swan/Sanmenxia/Y48B/2020,0.146345,0.029852,0.078863,0.020758,Avian,N8
1588_A/Whooper_swan/Sanme,A/Whooper_swan/Sanmenxia/Y52/2020,0.140991,0.02448,0.080212,0.024305,Avian,N8
1589_A/Whooper_swan/Sanme,A/Whooper_swan/Sanmenxia/Y56/2020,0.143366,0.019062,0.081184,0.015814,Avian,N8
1590_A/Whooper_swan/Sanme,A/Whooper_swan/Sanmenxia/Y57/2020,0.1427,0.025494,0.07988,0.021734,Avian,N8
1591_A/whooper_swan/Shaan,A/whooper_swan/Shaanxi/SXY2-1/2020,0.140352,0.025823,0.080445,0.0255,Avian,N8
1592_A/whooper_swan/Shaan,A/whooper_swan/Shaanxi/SXY26/2020,0.136932,0.023729,0.082152,0.022483,Avian,N8
1593_A/whooper_swan/Shaan,A/whooper_swan/Shaanxi/SXY66/2020,0.138641,0.024743,0.08182,0.019911,Avian,N8
1594_A/whooper_swan/Shand,A/whooper_swan/Shandong/SC176/2021,0.100793,0.055202,0.039121,-0.013485,Avian,N8
1595_A/whooper_swan/Shand,A/whooper_swan/Shandong/SC185/2021,0.099672,0.051504,0.031056,-0.010533,Avian,N8
1596_A/whooper_swan/Shand,A/whooper_swan/Shandong/SC188/2021,0.100793,0.055202,0.039121,-0.013485,Avian,N8
1597_A/whooper_swan/Shand,A/whooper_swan/Shandong/SC195/2021,0.101368,0.020927,0.027705,-0.027353,Avian,N8
1598_A/whooper_swan/Shand,A/whooper_swan/Shandong/SC198/2021,0.141795,0.0319,0.079667,0.02693,Avian,N8
1599_A/whooper_swan/Shand,A/whooper_swan/Shandong/SC199/2021,0.132748,0.028239,0.078564,0.034253,Avian,N8
1600_A/whooper_swan/Shand,A/whooper_swan/Shandong/SC200/2021,0.092938,0.054074,0.037434,-0.0075,Avian,N8
1601_A/whooper_swan/Shanx,A/whooper_swan/Shanxi/4-1/2020,0.146345,0.029852,0.078863,0.020758,Avian,N8
1602_A/whooper_swan/Shanx,A/whooper_swan/Shanxi/4-2/2020,0.146345,0.029852,0.078863,0.020758,Avian,N8
1603_A/whooper_swan/Shanx,A/whooper_swan/Shanxi/14/2021,0.098512,0.006654,0.060605,-0.069694,Avian,N1
1604_A/whooper_swan/Shanx,A/whooper_swan/Shanxi/20/2021,0.098512,0.006654,0.060605,-0.069694,Avian,N1
1605_A/whooper_swan/Shanx,A/whooper_swan/Shanxi/RC01/2016,0.10287,0.034086,0.046447,-0.031477,Avian,N8
1606_A/whooper_swan/Shanx,A/whooper_swan/Shanxi/SX16/2020,0.139761,0.018566,0.073113,0.02071,Avian,N8
1607_A/whooper_swan/Shanx,A/whooper_swan/Shanxi/SX31/2020,0.139217,0.027329,0.081344,0.021675,Avian,N8
1608_A/whooper_swan/Shanx,A/whooper_swan/Shanxi/SX56/2020,0.139761,0.018566,0.073113,0.02071,Avian,N8
1609_A/whooper_swan/Shanx,A/whooper_swan/Shanxi/SX106/2020,0.143404,0.028713,0.079847,0.022871,Avian,N8
1610_A/whooper_swan/Shanx,A/whooper_swan/Shanxi/SX116/2020,0.028928,0.047003,-0.068834,-0.018526,Avian,N2
1611_A/whooper_swan/Shanx,A/whooper_swan/Shanxi/SX166/2020,0.138641,0.024743,0.08182,0.019911,Avian,N8
1612_A/whooper_swan/Shanx,A/whooper_swan/Shanxi/SX206/2020,0.142781,0.026362,0.080194,0.021187,Avian,N8
1613_A/whooper_swan/Shanx,A/whooper_swan/Shanxi/SX216/2020,0.141837,0.023872,0.076251,0.025178,Avian,N8
1614_A/whooper_swan/Shanx,A/whooper_swan/Shanxi/SX231/2020,0.138641,0.024743,0.08182,0.019911,Avian,N8
1615_A/whooper_swan/Shanx,A/whooper_swan/Shanxi/SX251/2020,0.139938,0.025322,0.081857,0.018986,Avian,N8
1616_A/whooper_swan/Shanx,A/whooper_swan/Shanxi/SX276/2020,0.136679,0.023255,0.083707,0.018726,Avian,N8
1617_A/whooper_swan/Shanx,A/whooper_swan/Shanxi/SX291/2020,0.138641,0.024743,0.08182,0.019911,Avian,N8
1618_A/whooper_swan/Shanx,A/whooper_swan/Shanxi/SX346/2020,0.148956,0.025355,0.077634,0.008777,Avian,N8
1619_A/Wigeon/Ningxia/476,A/Wigeon/Ningxia/476-12/2015,-0.127914,0.073857,0.056804,0.029251,Avian,N6
1620_A/wild_bird/Eastern_,A/wild_bird/Eastern_China/1754/2017,0.113804,0.029655,0.041892,-0.03507,Avian,Others
1621_A/wild_bird/Eastern_,A/wild_bird/Eastern_China/1758/2017,0.112252,0.026628,0.038761,-0.032188,Avian,Others
1622_A/wild_bird/Eastern_,A/wild_bird/Eastern_China/1759/2017,0.113804,0.029655,0.041892,-0.03507,Avian,Others
1623_A/wild_bird/Hubei/12,A/wild_bird/Hubei/12.12_LGHF2W44/2016(H5N8),0.113608,0.030864,0.041407,-0.048005,Avian,N8
1624_A/wild_bird/Hunan/01,A/wild_bird/Hunan/01.14_YYDTHF2-20-2/2016(H5N6),-0.038228,-0.157706,-0.010526,0.006883,Avian,N6
1625_A/wild_bird/Hunan/01,A/wild_bird/Hunan/01.14_YYDTHF2-25-2/2016(H5N6),-0.070637,-0.110379,-0.060321,-0.01564,Avian,N6
1626_A/wild_bird/Hunan/02,A/wild_bird/Hunan/02.24_YYDTHF2-114-2/2016(H5N6),-0.042479,-0.159117,-0.003321,-0.004746,Avian,N6
1627_A/wild_bird/Hunan/02,A/wild_bird/Hunan/02.24_YYDTHF3-112/2016(H5N6),-0.042479,-0.159117,-0.003321,-0.004746,Avian,N6
1628_A/wild_bird/Hunan/03,A/wild_bird/Hunan/03.08_DTHF2E3-2/2018(H5N6),-0.042479,-0.159117,-0.003321,-0.004746,Avian,N6
1629_A/wild_bird/Taipei/0,A/wild_bird/Taipei/04WB12-522-11-15/2004,0.104726,0.006547,-0.0179,0.106628,Avian,N6
1630_A/wild_bird/Zhejiang,A/wild_bird/Zhejiang/NBXS-1/2024,-0.014572,0.036496,-0.024709,-0.013451,Avian,N6
1631_A/wild_duck/Fujian/1,A/wild_duck/Fujian/1/2011,-0.135189,0.103098,0.01517,0.05276,Avian,N1
1632_A/wild_duck/Fujian/2,A/wild_duck/Fujian/2/2011,-0.142387,0.103993,0.01652,0.055191,Avian,N1
1633_A/wild_duck/Hebei/SD,A/wild_duck/Hebei/SD012/2021(H5N1),0.094484,0.041331,-0.095211,0.07326,Avian,N1
1634_A/wild_duck/Hunan/12,A/wild_duck/Hunan/12.28_DTHD76-1/2016(H5N7),0.088154,0.036767,-0.072153,0.052374,Avian,Others
1635_A/wild_duck/Jiangsu/,A/wild_duck/Jiangsu/SD019/2021,0.140122,0.025205,0.084501,0.030334,Avian,N8
1636_A/wild_duck/Jilin/HF,A/wild_duck/Jilin/HF/2011,-0.121315,0.089439,0.001334,0.008499,Avian,N1
1637_A/wild_duck/Jilin/ZF,A/wild_duck/Jilin/ZF/2011,-0.115246,0.08773,0.00794,0.011822,Avian,N1
1638_A/wild_duck/Shandong,A/wild_duck/Shandong/1/2011,-0.135945,0.04298,-0.022169,-0.10129,Avian,N1
1639_A/wild_duck/Shandong,A/wild_duck/Shandong/2/2011,-0.105678,0.065751,0.009868,0.033415,Avian,N1
1640_A/wild_duck/Shandong,A/wild_duck/Shandong/628/2011,-0.013035,-0.024855,0.098944,-0.069767,Avian,N1
1641_A/wild_duck/Shandong,A/wild_duck/Shandong/SC177/2021,0.100793,0.055202,0.039121,-0.013485,Avian,N8
1642_A/wild_goose/Shandon,A/wild_goose/Shandong/SC196/2021,0.139306,0.028787,0.080214,0.029193,Avian,N8
1643_A/wild_pigeon/Jilin/,A/wild_pigeon/Jilin/CC01/2014,-0.135204,0.066094,0.037272,0.029206,Avian,N6
1644_A/wildfowl/China/472,A/wildfowl/China/472/2014,-0.002889,0.018752,0.002807,0.003509,Avian,N2
1645_A/Xinjiang/1/2006|EP,A/Xinjiang/1/2006,-0.114315,0.047581,-0.015411,-0.025643,Human,N1
1646_A/Xinjiang/1/2009|EP,A/Xinjiang/1/2009,-0.13092,0.068765,0.011903,0.002785,Human,N1
1647_A/Yunnan/14563/2015|,A/Yunnan/14563/2015,0.087471,0.020976,-0.102425,0.037976,Human,N6
1648_A/Yunnan/DQ002/2015(,A/Yunnan/DQ002/2015(H5N6),0.085972,0.029542,-0.09597,0.039195,Human,N6
1649_A/Zhejiang/1/2006|EP,A/Zhejiang/1/2006,-0.09057,0.030921,-0.045579,-0.021543,Human,N1
1650_A/Anas_platyrhynchos,A/Anas_platyrhynchos/jiujiang/H5N1/2024_H5N1,0.095958,0.016977,0.059065,-0.047787,Avian,N1
1651_A/Anas_crecca/Hubei/,A/Anas_crecca/Hubei/Chenhu1623-5/2014_H5N6,-0.11537,0.1104,0.013775,0.042468,Avian,N6
1652_A/Anhui/1/2006_H5N1|,A/Anhui/1/2006_H5N1,-0.143076,0.079681,-0.057739,-0.047969,Human,N1
1653_A/Anhui/1/2007_H5N1|,A/Anhui/1/2007_H5N1,-0.096944,0.055522,0.015307,-0.015969,Human,N1
1654_A/Anhui/2/2005_H5N1|,A/Anhui/2/2005_H5N1,-0.095709,0.023182,-0.050253,-0.018376,Human,N1
1655_A/Anser_cygnoides/Ch,A/Anser_cygnoides/China/P126/2015_H5N1,-0.136399,0.08673,0.059194,0.02957,Avian,N1
1656_A/Anser_cygnoides/Hu,A/Anser_cygnoides/Hubei/FW44/2016_H5N8,0.113471,0.030011,0.040524,-0.046749,Avian,N8
1657_A/Anser_fabalis/jiuj,A/Anser_fabalis/jiujiang/H5N1/2024_H5N1,0.095958,0.016977,0.059065,-0.047787,Avian,N1
1658_A/Anser_fabalis/jiuj,A/Anser_fabalis/jiujiang/H5N1/2024_H5N1,0.095958,0.016977,0.059065,-0.047787,Avian,N1
1659_A/Anser_fabalis/jiuj,A/Anser_fabalis/jiujiang/H5N1/2024_H5N1,0.095958,0.016977,0.059065,-0.047787,Avian,N1
1660_A/Bulbul/Taiwan/0115,A/Bulbul/Taiwan/01156/2015_H5N3,0.07991,0.069777,-0.127932,0.024028,Avian,Others
1661_A/Changsha/1/2014_H5,A/Changsha/1/2014_H5N6,-0.140606,0.08151,0.057187,0.031553,Human,N6
1662_A/China/Original/201,A/China/Original/2018_H5N6,-0.046195,-0.156697,0.016355,-0.001076,Human,N6
1663_A/Chlidonias_hybrida,A/Chlidonias_hybrida/Hubei/55/2020_H5N8,0.138554,0.020901,0.076399,0.027878,Avian,N8
1664_A/Commom_Teal/Ningxi,A/Commom_Teal/Ningxia/474-9/2015_H5N6,-0.127914,0.073857,0.056804,0.029251,Avian,N6
1665_A/Copsychus_saularis,A/Copsychus_saularis/Guangdong/SW8/2014_H5N6,-0.141696,0.08469,0.057008,0.033339,Avian,N6
1666_A/Cygnus_atratus/Hub,A/Cygnus_atratus/Hubei/2Z2-O/2016_H5N8,0.102678,0.035319,0.04354,-0.027303,Avian,N8
1667_A/Cygnus_atratus/Hub,A/Cygnus_atratus/Hubei/HF-1/2016_H5N8,0.105287,0.035015,0.038254,-0.024844,Avian,N8
1668_A/Cygnus_columbianus,A/Cygnus_columbianus/Hubei/116/2020_H5N8,0.137176,0.023509,0.084671,0.019314,Avian,N8
1669_A/Cygnus_columbianus,A/Cygnus_columbianus/Hubei/49/2020_H5N8,0.14358,0.027408,0.08177,0.019402,Avian,N8
1670_A/Cygnus_columbianus,A/Cygnus_columbianus/Hubei/50/2020_H5N8,0.142158,0.025398,0.080983,0.020999,Avian,N8
1671_A/Cygnus_columbianus,A/Cygnus_columbianus/Hubei/51/2020_H5N8,0.140659,0.028321,0.084027,0.020052,Avian,N8
1672_A/Cygnus_columbianus,A/Cygnus_columbianus/Hubei/52/2020_H5N8,0.1427,0.025494,0.07988,0.021734,Avian,N8
1673_A/Cygnus_columbianus,A/Cygnus_columbianus/Hubei/53/2020_H5N8,0.143686,0.02384,0.078502,0.02607,Avian,N8
1674_A/Cygnus_columbianus,A/Cygnus_columbianus/Hubei/56/2020_H5N8,0.142003,0.023597,0.076806,0.024353,Avian,N8
1675_A/Duck/Dongting/D76-,A/Duck/Dongting/D76-1/2016_H5N7,0.088154,0.036767,-0.072153,0.052374,Avian,Others
1676_A/Duck/Jiangxi/631/2,A/Duck/Jiangxi/631/2024_H5N1,-0.006623,0.048437,-0.014998,-0.018501,Avian,N1
1677_A/Falcated_Duck/Ning,A/Falcated_Duck/Ningxia/484-29/2015_H5N6,-0.11397,0.075027,0.059165,0.023285,Avian,N6
1678_A/Ferruginous_Pochar,A/Ferruginous_Pochard/Ningxia/480-17/2015_H5N6,-0.122802,0.069467,0.057613,0.022784,Avian,N6
1679_A/Gadwall/Ningxia/47,A/Gadwall/Ningxia/472-7/2015_H5N6,-0.129611,0.069362,0.051906,0.030473,Avian,N6
1680_A/Gallinula_chloropu,A/Gallinula_chloropus/Guangdong/GZ174/2014_H5N6,-0.1424,0.079595,0.056471,0.035874,Avian,N6
1681_A/Guangdong/1/2008_H,A/Guangdong/1/2008_H5N1,-0.164317,0.070675,-0.057612,-0.050001,Human,N1
1682_A/Guangdong/2/2006_H,A/Guangdong/2/2006_H5N1,-0.106061,0.066017,0.012379,0.007772,Human,N1
1683_A/Guangdong/lgf/2021,A/Guangdong/lgf/2021_H5N6,0.138699,0.023452,0.079988,0.025768,Human,N6
1684_A/Guangxi/1/2005_H5N,A/Guangxi/1/2005_H5N1,-0.117472,0.082353,0.000865,-0.019627,Human,N1
1685_A/Guangxi/1/2008_H5N,A/Guangxi/1/2008_H5N1,-0.132492,0.095552,-0.0702,-0.052375,Human,N1
1686_A/Guangzhou/39715/20,A/Guangzhou/39715/2014_H5N6,-0.161176,0.074786,0.030107,0.058526,Human,N6
1687_A/Guizhou/1/2009_H5N,A/Guizhou/1/2009_H5N1,-0.116928,0.065409,-0.008925,-0.022172,Human,N1
1688_A/Hunan/1/2008_H5N1|,A/Hunan/1/2008_H5N1,-0.112599,0.062454,-0.068025,-0.08219,Human,N1
1689_A/Hunan/2/2009_H5N1|,A/Hunan/2/2009_H5N1,-0.114844,0.058631,-0.007413,-0.024526,Human,N1
1690_A/Japanese_white-eye,A/Japanese_white-eye/Taoyuan/Q454/2012_H5N1,-0.157933,0.124626,-0.037649,-0.02101,Avian,N1
1691_A/Nanjing/1/2015_H5N,A/Nanjing/1/2015_H5N1,0.088196,0.044859,-0.114931,0.092387,Human,N1
1692_A/Northern_Shoveler/,A/Northern_Shoveler/Ningxia/488-53/2015_H5N6,-0.11672,0.070191,0.057095,0.018795,Avian,N6
1693_A/Pavo_cristatus/Chi,A/Pavo_cristatus/China/JS02/2018_H5N6,-0.043153,-0.179747,0.006446,-0.014016,Avian,N6
1694_A/Pavo_cristatus/Chi,A/Pavo_cristatus/China/K10/2018_H5N6,-0.043153,-0.179747,0.006446,-0.014016,Avian,N6
1695_A/Pavo_cristatus/Jia,A/Pavo_cristatus/Jiangxi/JA1/2016_H5N6,-0.051902,-0.169036,-0.014523,0.008452,Avian,N6
1696_A/Rattus_norvegicus/,A/Rattus_norvegicus/China/FS21/2021_H5N6,-0.041218,-0.158815,-0.02798,0.01331,Nonhuman Mammal,N6
1697_A/Shandong/1/2009_H5,A/Shandong/1/2009_H5N1,-0.138783,0.068394,-0.06385,-0.048666,Human,N1
1698_A/Spatula_querquedul,A/Spatula_querquedula/chongming/H5N1/2024_H5N1,0.095958,0.016977,0.059065,-0.047787,Avian,N1
1699_A/Syrrhaptes_paradox,A/Syrrhaptes_paradoxus/Guangdong/ZH283/2015_H5N6,-0.05002,-0.16899,-0.01882,0.015652,Avian,N6
1700_A/Taiwan/DV413/2006_,A/Taiwan/DV413/2006_H5N2,-0.002916,0.012424,0.025021,-0.020132,Avian,N2
1701_A/Taiwan/DV518/2006_,A/Taiwan/DV518/2006_H5N2,-0.006663,0.010903,0.025914,-0.01419,Avian,N2
1702_A/Whooper_Swan/Sanme,A/Whooper_Swan/Sanmenxia/01/2016_H5N8,0.102095,0.036985,0.049995,-0.030376,Avian,N8
1703_A/Wild_bird/Huadong/,A/Wild_bird/Huadong/CIXI20/2020_H5N8,0.137622,0.018895,0.086625,0.015286,Avian,N8
1704_A/Wild_bird/Huadong/,A/Wild_bird/Huadong/CM120/2017_H5N1,0.088685,0.034405,-0.125101,0.088568,Avian,N1
1705_A/Wild_bird/Huadong/,A/Wild_bird/Huadong/DF10/2019_H5N6,-0.070025,-0.156753,-0.020708,0.03073,Avian,N6
1706_A/Wild_bird/Huadong/,A/Wild_bird/Huadong/DT10/2019_H5N1,-0.005506,0.046255,-0.122936,0.035688,Avian,N1
1707_A/Wild_bird/Huadong/,A/Wild_bird/Huadong/GY116/2019_H5N6,-0.068811,-0.152719,-0.021094,0.028416,Avian,N6
1708_A/Wild_bird/Huadong/,A/Wild_bird/Huadong/GY183/2017_H5N6,-0.037706,-0.160976,-0.014854,0.006623,Avian,N6
1709_A/Wild_bird/Huadong/,A/Wild_bird/Huadong/GY999/2017_H5N6,-0.035065,-0.165116,0.001855,-0.005342,Avian,N6
1710_A/Wild_bird/Huadong/,A/Wild_bird/Huadong/JYWB4/2013_H5N1,-0.166838,0.119007,-0.040161,-0.018573,Avian,N1
1711_A/Wild_bird/Huadong/,A/Wild_bird/Huadong/QP10/2016_H5N6,-0.022182,-0.143666,0.004931,0.014627,Avian,N6
1712_A/Wild_bird/Huadong/,A/Wild_bird/Huadong/SH17/2019_H5N6,-0.070025,-0.156753,-0.020708,0.03073,Avian,N6
1713_A/Wild_bird/Huadong/,A/Wild_bird/Huadong/SSW7/2017_H5N6,-0.050364,-0.15527,-0.005601,0.007189,Avian,N6
1714_A/Wild_bird/Huadong/,A/Wild_bird/Huadong/SZ1111/2016_H5N6,-0.022182,-0.143666,0.004931,0.014627,Avian,N6
1715_A/Wild_bird/Huadong/,A/Wild_bird/Huadong/YC148/2019_H5N6,-0.050364,-0.15527,-0.005601,0.007189,Avian,N6
1716_A/Wild_bird/Huadong/,A/Wild_bird/Huadong/YX68/2019_H5N6,-0.070025,-0.156753,-0.020708,0.03073,Avian,N6
1717_A/Xinjiang/1/2009_H5,A/Xinjiang/1/2009_H5N1,-0.13092,0.068765,0.011903,0.002785,Human,N1
1718_A/Yangzhou/125/2022_,A/Yangzhou/125/2022_H5N6,-0.128398,0.03742,-0.121263,-0.118038,Human,N6
1719_A/avian/Hong_Kong/07,A/avian/Hong_Kong/0719/2007_H5N1,-0.159458,0.098403,-0.05132,-0.052082,Avian,N1
1720_A/avian/Hong_Kong/19,A/avian/Hong_Kong/1993/2007_H5N1,-0.151453,0.102813,-0.052087,-0.0567,Avian,N1
1721_A/avian/Hong_Kong/23,A/avian/Hong_Kong/2372/2007_H5N1,-0.157976,0.097048,-0.054698,-0.056003,Avian,N1
1722_A/baikal_teal/Xiangh,A/baikal_teal/Xianghai/426/2011_H5N2,0.117414,0.015976,-0.02766,0.10006,Avian,N2
1723_A/bar-headed_goose/Q,A/bar-headed_goose/Qinghai/1-HVRI/2006_H5N1,-0.101245,0.059593,-0.034315,-0.009275,Avian,N1
1724_A/bar-headed_goose/T,A/bar-headed_goose/Tibet/8/2006_H5N1,-0.112941,0.051718,-0.027109,-0.006724,Avian,N1
1725_A/black_chicken/Jian,A/black_chicken/Jiangxi/10129/2014_H5N6,-0.138266,0.10461,0.012173,0.057733,Avian,N6
1726_A/brown-headed_gull/,A/brown-headed_gull/Qinghai/19/2009_H5N1,-0.163148,0.099366,-0.03286,-0.050829,Avian,N1
1727_A/brown-headed_gull/,A/brown-headed_gull/Qinghai/9/2009_H5N1,-0.136876,0.090514,-0.008863,-0.024012,Avian,N1
1728_A/canvasback/Xiangha,A/canvasback/Xianghai/428/2011_H5N2,0.100206,0.073606,-0.074572,0.047591,Avian,N2
1729_A/cat/Sichuan/SC18/2,A/cat/Sichuan/SC18/2014_H5N6,-0.126178,0.099597,0.005841,0.047347,Nonhuman Mammal,N6
1730_A/cat/Zhejiang/C1/20,A/cat/Zhejiang/C1/2016_H5N6,0.045155,0.033283,-0.168022,0.033852,Nonhuman Mammal,N6
1731_A/cat/Zhejiang/C2/20,A/cat/Zhejiang/C2/2016_H5N6,0.038155,0.035587,-0.155106,0.02381,Nonhuman Mammal,N6
1732_A/chicken/Anhui/MZ33,A/chicken/Anhui/MZ33/2016_H5N6,0.033946,0.036686,-0.157664,0.056489,Avian,N6
1733_A/chicken/Anhui/MZ34,A/chicken/Anhui/MZ34/2016_H5N6,0.033946,0.036686,-0.157664,0.056489,Avian,N6
1734_A/chicken/Beijing/BJ,A/chicken/Beijing/BJ7/2014_H5N2,0.117858,0.051314,-0.100769,0.038184,Avian,N2
1735_A/chicken/CH/a556/20,A/chicken/CH/a556/2015_H5N2,-0.143788,0.07083,-0.097892,-0.187805,Avian,N2
1736_A/chicken/Changhua/1,A/chicken/Changhua/15010120-1/2015_H5N2,0.119877,0.031915,-0.019174,-0.05031,Avian,N2
1737_A/chicken/Changhua/1,A/chicken/Changhua/15010288/2015_H5N2,0.129747,0.040931,-0.017519,-0.052995,Avian,N2
1738_A/chicken/Changhua/1,A/chicken/Changhua/15010324-2/2015_H5N2,0.134098,0.032078,-0.023941,-0.048398,Avian,N2
1739_A/chicken/Changhua/1,A/chicken/Changhua/15010361-1/2015_H5N2,0.132358,0.032211,-0.021368,-0.059927,Avian,N2
1740_A/chicken/Changhua/1,A/chicken/Changhua/15010362-2/2015_H5N2,0.127487,0.02776,-0.016972,-0.052297,Avian,N2
1741_A/chicken/Changhua/1,A/chicken/Changhua/15010363-2/2015_H5N2,0.133218,0.022786,-0.006115,-0.067452,Avian,N2
1742_A/chicken/Changhua/1,A/chicken/Changhua/15040036-1/2015_H5N8,0.002978,-0.044093,0.120006,0.012507,Avian,N8
1743_A/chicken/Changhua/1,A/chicken/Changhua/15040037-2/2015_H5N8,0.004726,-0.04714,0.121831,0.013906,Avian,N8
1744_A/chicken/Changhua/1,A/chicken/Changhua/15040042/2015_H5N8,0.005875,-0.04751,0.125275,0.008649,Avian,N8
1745_A/chicken/Changhua/1,A/chicken/Changhua/15040043-1/2015_H5N8,0.005875,-0.04751,0.125275,0.008649,Avian,N8
1746_A/chicken/Changhua/1,A/chicken/Changhua/15050013-1/2015_H5N2,0.129664,0.041895,-0.017695,-0.051891,Avian,N2
1747_A/chicken/Changhua/1,A/chicken/Changhua/15050038-1/2015_H5N8,0.004983,-0.046956,0.119308,0.016744,Avian,N8
1748_A/chicken/Changhua/1,A/chicken/Changhua/15060027-2/2015_H5N2,0.129664,0.041895,-0.017695,-0.051891,Avian,N2
1749_A/chicken/Changhua/1,A/chicken/Changhua/15060029/2015_H5N8,0.007096,-0.03713,0.122869,0.018983,Avian,N8
1750_A/chicken/Changhua/1,A/chicken/Changhua/15060037-1/2015_H5N2,0.129664,0.041895,-0.017695,-0.051891,Avian,N2
1751_A/chicken/Changhua/1,A/chicken/Changhua/15120008/2015_H5N2,0.115326,0.0249,-0.027933,-0.049142,Avian,N2
1752_A/chicken/Changhua/1,A/chicken/Changhua/16010060-2/2016_H5N2,0.127199,0.039104,-0.019684,-0.059108,Avian,N2
1753_A/chicken/Changhua/1,A/chicken/Changhua/17060006/2017_H5N2,0.134054,0.051073,-0.008931,-0.05712,Avian,N2
1754_A/chicken/Changhua/1,A/chicken/Changhua/18040008-1/2018_H5N2,0.110116,0.023096,0.006496,-0.049518,Avian,N2
1755_A/chicken/Chiayi/150,A/chicken/Chiayi/15010287-2/2015_H5N2,0.129747,0.040931,-0.017519,-0.052995,Avian,N2
1756_A/chicken/Chiayi/150,A/chicken/Chiayi/15010409-2/2015_H5N2,0.133507,0.031237,-0.01829,-0.067178,Avian,N2
1757_A/chicken/Chiayi/150,A/chicken/Chiayi/15010454-1/2015_H5N8,0.006087,-0.046295,0.120267,0.016219,Avian,N8
1758_A/chicken/Chiayi/170,A/chicken/Chiayi/17040009-2/2017_H5N2,0.113387,0.028003,0.003621,-0.05072,Avian,N2
1759_A/chicken/Chiayi/181,A/chicken/Chiayi/18120003-1/2018_H5N2,0.093995,0.017879,-0.07606,-0.078072,Avian,N2
1760_A/chicken/China/007/,A/chicken/China/007/2019_H5N6,-0.068107,-0.149246,-0.008881,0.022919,Avian,N6
1761_A/chicken/China/1101,A/chicken/China/1101/2019_H5N6,-0.064129,-0.168703,-0.027941,0.025015,Avian,N6
1762_A/chicken/China/Cang,A/chicken/China/Cangzhou03/2023_H5N1,0.102651,0.008537,0.055172,-0.057187,Avian,N1
1763_A/chicken/China/E93/,A/chicken/China/E93/2012_H5N1,-0.128198,0.038172,-0.035161,-0.11427,Avian,N1
1764_A/chicken/China/E96/,A/chicken/China/E96/2012_H5N1,-0.122199,0.042718,-0.015277,-0.114617,Avian,N1
1765_A/chicken/Chiping/03,A/chicken/Chiping/0321/2014_H5N2,0.121231,0.027977,-0.11272,0.042302,Avian,N2
1766_A/chicken/Dongguan/2,A/chicken/Dongguan/2690/2013_H5N6,-0.136658,0.082344,0.058549,0.034013,Avian,N6
1767_A/chicken/Dongguan/3,A/chicken/Dongguan/3363/2013_H5N6,-0.13168,0.086893,0.059881,0.032989,Avian,N6
1768_A/chicken/Dongguan/4,A/chicken/Dongguan/4259/2013_H5N6,-0.142737,0.086365,0.061697,0.037203,Avian,N6
1769_A/chicken/Eastern_Ch,A/chicken/Eastern_China/HF9/2018_H5N2,0.077875,0.01431,-0.115938,0.069179,Avian,N2
1770_A/chicken/Eastern_Ch,A/chicken/Eastern_China/QY5/2018_H5N2,0.089106,0.016541,-0.120672,0.070015,Avian,N2
1771_A/chicken/Eastern_Ch,A/chicken/Eastern_China/ZG16/2010_H5N1,-0.11402,0.053769,-0.00288,-0.008226,Avian,N1
1772_A/chicken/Eastern_Ch,A/chicken/Eastern_China/ZG56/2011_H5N1,-0.130335,0.053747,-0.015746,0.009336,Avian,N1
1773_A/chicken/Fujian/1/2,A/chicken/Fujian/1/2007_H5N1,-0.103214,0.070193,0.000156,-0.034401,Avian,N1
1774_A/chicken/Fujian/11.,A/chicken/Fujian/11.23_FZHX0007-O/2017_H5N6,-0.046526,-0.185786,-0.000757,-0.012265,Avian,N6
1775_A/chicken/GY/a451/20,A/chicken/GY/a451/2015_H5N2,-0.143829,0.069909,-0.099112,-0.183361,Avian,N2
1776_A/chicken/Gansu/5/20,A/chicken/Gansu/5/2012_H5N1,-0.136192,0.051909,-0.007009,-0.098353,Avian,N1
1777_A/chicken/Gansu/6/20,A/chicken/Gansu/6/2012_H5N1,-0.132738,0.048517,-0.022667,-0.108271,Avian,N1
1778_A/chicken/Ganzhou/GZ,A/chicken/Ganzhou/GZ27/2015_H5N6,-0.07401,0.082877,-0.030624,-0.098351,Avian,N6
1779_A/chicken/Guangdong/,A/chicken/Guangdong/1/2005_H5N1,-0.107616,0.045735,-0.015498,-0.026249,Avian,N1
1780_A/chicken/Guangdong/,A/chicken/Guangdong/GD1602/2016_H5N6,0.037467,0.040539,-0.159221,0.056384,Avian,N6
1781_A/chicken/Guangxi/16,A/chicken/Guangxi/16/2019_H5N6,-0.036435,-0.13735,-0.026381,0.014391,Avian,N6
1782_A/chicken/Guangxi/S2,A/chicken/Guangxi/S2039/2009_H5N1,-0.13417,0.087174,0.009311,0.016063,Avian,N1
1783_A/chicken/Guizhou/7/,A/chicken/Guizhou/7/2008_H5N1,-0.108976,0.055155,-0.024395,-0.023329,Avian,N1
1784_A/chicken/Hebei/1102,A/chicken/Hebei/1102-MA/2010_H5N2,0.099441,0.032321,-0.128912,0.07233,Avian,N2
1785_A/chicken/Hebei/1102,A/chicken/Hebei/1102/2010_H5N2,0.097909,0.030887,-0.128238,0.073762,Avian,N2
1786_A/chicken/Hebei/3/20,A/chicken/Hebei/3/2013_H5N2,0.132839,0.032066,-0.092473,0.020353,Avian,N2
1787_A/chicken/Hebei/A-8/,A/chicken/Hebei/A-8/2009_H5N1,-0.13652,0.075594,-0.050114,-0.072001,Avian,N1
1788_A/chicken/Heilongjia,A/chicken/Heilongjiang/S7/2014_H5N2,-0.141742,0.089352,0.05966,0.041101,Avian,N2
1789_A/chicken/Henan/A-7/,A/chicken/Henan/A-7/2006_H5N1,-0.102168,0.040017,-0.022999,-0.048747,Avian,N1
1790_A/chicken/Henan/Q7/2,A/chicken/Henan/Q7/2013_H5N2,0.129286,0.033162,-0.118155,0.046206,Avian,N2
1791_A/chicken/Henan/YB05,A/chicken/Henan/YB0597/2016_H5N6,0.029074,0.049755,-0.161437,0.071077,Avian,N6
1792_A/chicken/Hsinchu/16,A/chicken/Hsinchu/16080004-2/2016_H5N2,0.12681,0.034144,-0.019808,-0.053622,Avian,N2
1793_A/chicken/Huadong/4/,A/chicken/Huadong/4/2008_H5N1,-0.138263,0.062843,-0.049146,-0.07827,Avian,N1
1794_A/chicken/Hubei/2856,A/chicken/Hubei/2856/2007_H5N1,0.093105,0.089037,-0.01229,0.069198,Avian,N1
1795_A/chicken/Hubei/ZYSJ,A/chicken/Hubei/ZYSJF11/2016_H5N6,0.031825,0.043346,-0.158467,0.062552,Avian,N6
1796_A/chicken/Hubei/ZYSJ,A/chicken/Hubei/ZYSJF16/2016_H5N6,0.031825,0.043346,-0.158467,0.062552,Avian,N6
1797_A/chicken/Hubei/ZYSJ,A/chicken/Hubei/ZYSJF38/2016_H5N6,0.031825,0.043346,-0.158467,0.062552,Avian,N6
1798_A/chicken/Hunan/02.0,A/chicken/Hunan/02.06_YYGK37J3-OC/2018_H5N6,-0.068172,-0.158151,-0.008972,0.022343,Avian,N6
1799_A/chicken/Hunan/03.0,A/chicken/Hunan/03.07_YYGK74L3-OC/2018_H5N6,-0.063882,-0.166968,0.016937,-0.000243,Avian,N6
1800_A/chicken/Hunan/12.2,A/chicken/Hunan/12.27_YYGK55J2-O/2016_H5N6,-0.048742,-0.154969,0.025099,-0.019352,Avian,N6
1801_A/chicken/Hunan/12.2,A/chicken/Hunan/12.27_YYGKK148-OC/2016_H5N6,-0.050771,-0.160634,0.007774,-0.004863,Avian,N6
1802_A/chicken/Hunan/1793,A/chicken/Hunan/1793/2007_H5N1,-0.104773,0.074025,-0.066219,-0.070097,Avian,N1
1803_A/chicken/Hunan/21/2,A/chicken/Hunan/21/2005_H5N1,-0.085256,0.026397,-0.059514,-0.026854,Avian,N1
1804_A/chicken/Hunan/3/20,A/chicken/Hunan/3/2007_H5N1,-0.122026,0.058573,-0.008839,0.007103,Avian,N1
1805_A/chicken/Hunan/3157,A/chicken/Hunan/3157/2006_H5N1,0.088293,0.087568,-0.019748,0.076075,Avian,N1
1806_A/chicken/Hunan/8/20,A/chicken/Hunan/8/2008_H5N1,-0.116451,0.063199,-0.008941,0.001909,Avian,N1
1807_A/chicken/Jiangsu/10,A/chicken/Jiangsu/1001/2013_H5N2,0.095016,0.018015,-0.075924,0.034223,Avian,N2
1808_A/chicken/Jiangsu/18,A/chicken/Jiangsu/18/2008_H5N1,-0.138084,0.076072,-0.047427,-0.081254,Avian,N1
1809_A/chicken/Jiangsu/24,A/chicken/Jiangsu/2477/2014_H5N1,0.13423,-0.006244,-0.061777,0.122035,Avian,N1
1810_A/chicken/Jiangsu/92,A/chicken/Jiangsu/927/2013_H5N1,0.091352,0.045619,0.008147,-0.022791,Avian,N1
1811_A/chicken/Jiangsu/XZ,A/chicken/Jiangsu/XZ216/2014_H5N2,0.121298,0.034646,-0.113311,0.046558,Avian,N2
1812_A/chicken/Jiangsu/YB,A/chicken/Jiangsu/YB7/2015_H5N1,0.081062,0.040747,-0.122266,0.099049,Avian,N1
1813_A/chicken/Jiangsu/k0,A/chicken/Jiangsu/k0402/2010_H5N1,-0.113065,0.070691,-0.01279,0.015579,Avian,N1
1814_A/chicken/Jiangxi/25,A/chicken/Jiangxi/25/2011_H5N1,-0.159698,0.0826,0.016356,0.06497,Avian,N1
1815_A/chicken/Jiangxi/NC,A/chicken/Jiangxi/NCDZT1123/2014_H5N6,-0.143054,0.079403,0.054776,0.03024,Avian,N6
1816_A/chicken/Jiangxi/NC,A/chicken/Jiangxi/NCDZT1126/2014_H5N6,-0.132633,0.089523,0.060301,0.030419,Avian,N6
1817_A/chicken/Jiangyin/J,A/chicken/Jiangyin/JY090718/2019_H5N6,-0.058589,-0.145402,0.014754,0.009104,Avian,N6
1818_A/chicken/Kaohsiung/,A/chicken/Kaohsiung/16010047/2016_H5N8,0.059985,0.05072,-0.107644,0.013043,Avian,N8
1819_A/chicken/Kaohsiung/,A/chicken/Kaohsiung/16020017-2/2016_H5N8,0.064462,0.056711,-0.129204,0.021074,Avian,N8
1820_A/chicken/Kaohsiung/,A/chicken/Kaohsiung/16040021-1/2016_H5N8,0.071461,0.043555,-0.12323,0.015227,Avian,N8
1821_A/chicken/Kaohsiung/,A/chicken/Kaohsiung/16070003/2016_H5N8,0.055487,0.049432,-0.127203,0.020563,Avian,N8
1822_A/chicken/Kaohsiung/,A/chicken/Kaohsiung/16120012/2016_H5N8,0.06173,0.070103,-0.118243,0.022592,Avian,N8
1823_A/chicken/Kaohsiung/,A/chicken/Kaohsiung/16MB0889/2016_H5N8,0.071461,0.043555,-0.12323,0.015227,Avian,N8
1824_A/chicken/Kaohsiung/,A/chicken/Kaohsiung/17030023/2017_H5N8,0.061469,0.050778,-0.127844,0.012459,Avian,N8
1825_A/chicken/Kaohsiung/,A/chicken/Kaohsiung/17040007/2017_H5N2,0.117446,0.028755,0.001681,-0.048897,Avian,N2
1826_A/chicken/Kaohsiung/,A/chicken/Kaohsiung/17100002/2017_H5N2,0.115778,0.03447,0.005982,-0.05923,Avian,N2
1827_A/chicken/Kaohsiung/,A/chicken/Kaohsiung/18080004-1/2018_H5N2,0.106666,-0.008421,-0.021643,-0.035375,Avian,N2
1828_A/chicken/Kaohsiung/,A/chicken/Kaohsiung/18080004-2/2018_H5N2,0.106666,-0.008421,-0.021643,-0.035375,Avian,N2
1829_A/chicken/Liaoning/2,A/chicken/Liaoning/23/2005_H5N1,-0.114639,0.046698,-0.016484,-0.022016,Avian,N1
1830_A/chicken/Liaoning/A,A/chicken/Liaoning/A-1/2007_H5N1,-0.10478,0.066645,-0.057081,-0.049368,Avian,N1
1831_A/chicken/Liaoning/S,A/chicken/Liaoning/S4092/2011_H5N1,-0.137673,0.061633,-0.012374,-0.090646,Avian,N1
1832_A/chicken/Miaoli/150,A/chicken/Miaoli/15010421-1/2015_H5N8,0.006585,-0.044778,0.120827,0.015071,Avian,N8
1833_A/chicken/Nantou/161,A/chicken/Nantou/16110023-1/2016_H5N8,0.061199,0.054907,-0.129412,0.020118,Avian,N8
1834_A/chicken/New_Taipei,A/chicken/New_Taipei_City/16110019-1/2016_H5N8,0.060032,0.053377,-0.12902,0.017043,Avian,N8
1835_A/chicken/New_Taipei,A/chicken/New_Taipei_City/16110020-2/2016_H5N8,0.062044,0.049784,-0.127721,0.011582,Avian,N8
1836_A/chicken/New_Taipei,A/chicken/New_Taipei_City/17040002-2/2017_H5N2,0.116373,0.036807,0.002633,-0.046411,Avian,N2
1837_A/chicken/New_Taipei,A/chicken/New_Taipei_City/17050004-2/2017_H5N8,0.073298,0.067281,-0.130215,0.009165,Avian,N8
1838_A/chicken/New_Taipei,A/chicken/New_Taipei_City/17090001/2017_H5N8,0.075031,0.057931,-0.112441,-0.000813,Avian,N8
1839_A/chicken/New_Taipei,A/chicken/New_Taipei_City/17090002/2017_H5N8,0.07187,0.058848,-0.109322,0.001229,Avian,N8
1840_A/chicken/New_Taipei,A/chicken/New_Taipei_City/17090003/2017_H5N8,0.073886,0.059728,-0.110223,0.001243,Avian,N8
1841_A/chicken/New_Taipei,A/chicken/New_Taipei_City/18010021-3/2018_H5N2,0.109026,0.049794,0.016554,-0.047101,Avian,N2
1842_A/chicken/Ningxia/2/,A/chicken/Ningxia/2/2012_H5N1,-0.135533,0.052225,-0.007018,-0.094354,Avian,N1
1843_A/chicken/Ningxia/22,A/chicken/Ningxia/222/2012_H5N1,-0.135227,0.051282,-0.007845,-0.094846,Avian,N1
1844_A/chicken/Ningxia/24,A/chicken/Ningxia/24/2006_H5N1,-0.122693,0.05568,-0.026822,-0.058473,Avian,N1
1845_A/chicken/North_Chin,A/chicken/North_China/k0604/2010_H5N1,-0.128357,0.055328,-0.00796,0.00205,Avian,N1
1846_A/chicken/PH/A2821/2,A/chicken/PH/A2821/2013_H5N2,-0.155009,0.07313,-0.122953,-0.181924,Avian,N2
1847_A/chicken/PT/a158/20,A/chicken/PT/a158/2015_H5N2,-0.139635,0.072547,-0.104568,-0.183181,Avian,N2
1848_A/chicken/Pingtung/1,A/chicken/Pingtung/15050006-1/2015_H5N2,0.127246,0.036565,-0.013346,-0.058451,Avian,N2
1849_A/chicken/Pingtung/1,A/chicken/Pingtung/16020009-3/2016_H5N2,0.119872,0.04905,-0.022882,-0.037203,Avian,N2
1850_A/chicken/Pingtung/1,A/chicken/Pingtung/18010017-1/2018_H5N2,0.124628,0.035124,0.002682,-0.046067,Avian,N2
1851_A/chicken/Pingtung/1,A/chicken/Pingtung/18020015-1/2018_H5N2,0.117094,0.049108,0.012402,-0.046681,Avian,N2
1852_A/chicken/Qingdao/1/,A/chicken/Qingdao/1/2014_H5N2,0.119729,0.033999,-0.115797,0.050843,Avian,N2
1853_A/chicken/SC/a688/20,A/chicken/SC/a688/2015_H5N2,-0.157659,0.054235,-0.12172,-0.197693,Avian,N2
1854_A/chicken/Shandong/A,A/chicken/Shandong/A-10/2006_H5N1,-0.124154,0.072102,-0.055579,-0.032813,Avian,N1
1855_A/chicken/Shandong/S,A/chicken/Shandong/S3/2014_H5N2,0.121414,0.034505,-0.116298,0.05056,Avian,N2
1856_A/chicken/Shantou/37,A/chicken/Shantou/3744/2003_H5N1,-0.102937,0.044592,-0.025461,-0.01293,Avian,N1
1857_A/chicken/Shanxi/04.,A/chicken/Shanxi/04.28_TGRL001-O/2018_H5N6,-0.049605,-0.136245,0.021551,-0.00037,Avian,N6
1858_A/chicken/Shanxi/10/,A/chicken/Shanxi/10/2006_H5N1,-0.112633,0.054105,-0.035509,-0.062648,Avian,N1
1859_A/chicken/Shanxi/12.,A/chicken/Shanxi/12.01_TGYL014-C/2016_H5N6,-0.031183,-0.138038,-0.034904,0.03153,Avian,N6
1860_A/chicken/Sheny/0606,A/chicken/Sheny/0606/2008_H5N1,-0.119307,0.054035,-0.047938,-0.040585,Avian,N1
1861_A/chicken/Shenzhen/1,A/chicken/Shenzhen/1061/2013_H5N6,-0.147454,0.075522,0.06589,0.030367,Avian,N6
1862_A/chicken/Shenzhen/1,A/chicken/Shenzhen/1845/2013_H5N6,-0.131986,0.117138,0.018412,0.055237,Avian,N6
1863_A/chicken/Shenzhen/2,A/chicken/Shenzhen/2269/2013_H5N6,-0.138209,0.089157,0.058502,0.036252,Avian,N6
1864_A/chicken/Shenzhen/2,A/chicken/Shenzhen/2396/2013_H5N6,-0.134213,0.087388,0.053806,0.036104,Avian,N6
1865_A/chicken/Shenzhen/2,A/chicken/Shenzhen/2464/2013_H5N6,-0.136721,0.090361,0.060147,0.03287,Avian,N6
1866_A/chicken/Shenzhen/4,A/chicken/Shenzhen/433/2013_H5N6,-0.135716,0.091444,0.070459,0.023532,Avian,N6
1867_A/chicken/Shenzhen/5,A/chicken/Shenzhen/552/2013_H5N6,-0.137548,0.087283,0.059623,0.033617,Avian,N6
1868_A/chicken/Shenzhen/7,A/chicken/Shenzhen/715/2013_H5N6,-0.135716,0.091444,0.070459,0.023532,Avian,N6
1869_A/chicken/Shijiazhua,A/chicken/Shijiazhuang/1209/2013_H5N2,0.175885,0.007137,-0.078068,0.078965,Avian,N2
1870_A/chicken/Sichuan/81,A/chicken/Sichuan/81/2005_H5N1,-0.085572,0.032248,-0.051272,-0.027993,Avian,N1
1871_A/chicken/Sichuan/NC,A/chicken/Sichuan/NCJPL1/2014_H5N6,-0.128566,0.108844,0.012973,0.050981,Avian,N6
1872_A/chicken/Sichuan/k1,A/chicken/Sichuan/k141/2017_H5N6,-0.059815,-0.167481,-0.0129,0.010685,Avian,N6
1873_A/chicken/TC/a504/20,A/chicken/TC/a504/2015_H5N2,-0.142706,0.0715,-0.104342,-0.179932,Avian,N2
1874_A/chicken/TY/a665/20,A/chicken/TY/a665/2015_H5N2,-0.140317,0.074485,-0.105359,-0.17433,Avian,N2
1875_A/chicken/Taichung/1,A/chicken/Taichung/15010399/2015_H5N2,0.132542,0.030236,-0.020692,-0.05957,Avian,N2
1876_A/chicken/Taichung/1,A/chicken/Taichung/16040032-3/2016_H5N2,0.10393,0.033988,-0.026405,-0.035369,Avian,N2
1877_A/chicken/Taichung/1,A/chicken/Taichung/16050044-2/2016_H5N2,0.098903,0.039247,-0.023478,-0.03235,Avian,N2
1878_A/chicken/Taichung/1,A/chicken/Taichung/16110017-3/2016_H5N8,0.006897,-0.040273,0.128685,0.007349,Avian,N8
1879_A/chicken/Tainan/150,A/chicken/Tainan/15020214/2015_H5N8,0.065798,0.05994,-0.132957,0.023274,Avian,N8
1880_A/chicken/Tainan/160,A/chicken/Tainan/16040035-1/2016_H5N2,0.104155,0.043426,0.01005,-0.064711,Avian,N2
1881_A/chicken/Tainan/170,A/chicken/Tainan/17030058-1/2017_H5N8,0.066048,0.061165,-0.130162,0.015403,Avian,N8
1882_A/chicken/Taipei_Cit,A/chicken/Taipei_City/17090004/2017_H5N8,0.080619,0.059231,-0.117979,0.00652,Avian,N8
1883_A/chicken/Taipei_Cit,A/chicken/Taipei_City/18010007-3/2018_H5N2,0.114874,0.045598,0.007626,-0.049698,Avian,N2
1884_A/chicken/Taipei_Cit,A/chicken/Taipei_City/18010008-3/2018_H5N2,0.110686,0.031578,0.005439,-0.052637,Avian,N2
1885_A/chicken/Taipei/160,A/chicken/Taipei/16060022-4/2016_H5N8,0.059977,0.049276,-0.129705,0.022014,Avian,N8
1886_A/chicken/Taipei/160,A/chicken/Taipei/16060023-1/2016_H5N8,0.05828,0.051368,-0.127685,0.025348,Avian,N8
1887_A/chicken/Taipei/161,A/chicken/Taipei/16120021/2016_H5N8,0.06522,0.061146,-0.129038,0.023305,Avian,N8
1888_A/chicken/Taipei/170,A/chicken/Taipei/17050005-1/2017_H5N8,0.07534,0.06772,-0.135481,0.013614,Avian,N8
1889_A/chicken/Taipei/170,A/chicken/Taipei/17050008-3/2017_H5N8,0.07518,0.06724,-0.132108,0.010878,Avian,N8
1890_A/chicken/Taipei/170,A/chicken/Taipei/17050009-3/2017_H5N8,0.073514,0.069294,-0.130125,0.014151,Avian,N8
1891_A/chicken/Taishun/TS,A/chicken/Taishun/TS2/2016_H5N6,0.062792,0.006982,-0.119586,0.090727,Avian,N6
1892_A/chicken/Taishun/TS,A/chicken/Taishun/TS90/2016_H5N6,0.079056,0.031132,-0.116397,0.094021,Avian,N6
1893_A/chicken/Taiwan/010,A/chicken/Taiwan/0101/2012_H5N2,-0.11021,0.067598,-0.081157,-0.143998,Avian,N2
1894_A/chicken/Taiwan/011,A/chicken/Taiwan/01174/2015_H5N3,0.069733,0.061675,-0.129405,0.02374,Avian,Others
1895_A/chicken/Taiwan/050,A/chicken/Taiwan/0502/2012_H5N2,-0.163988,0.079911,-0.133287,-0.192469,Avian,N2
1896_A/chicken/Taiwan/168,A/chicken/Taiwan/1682/2013_H5N2,-0.086575,0.086224,-0.054318,-0.104281,Avian,N2
1897_A/chicken/Taiwan/169,A/chicken/Taiwan/1692/2013_H5N2,-0.086054,0.085082,-0.053141,-0.104019,Avian,N2
1898_A/chicken/Taiwan/170,A/chicken/Taiwan/1704/2013_H5N2,-0.086575,0.086224,-0.054318,-0.104281,Avian,N2
1899_A/chicken/Taiwan/171,A/chicken/Taiwan/1711/2013_H5N2,-0.086997,0.084346,-0.054007,-0.102276,Avian,N2
1900_A/chicken/Taiwan/259,A/chicken/Taiwan/2593/2012_H5N2,-0.159966,0.095401,-0.12507,-0.167909,Avian,N2
1901_A/chicken/Taiwan/294,A/chicken/Taiwan/2948/2013_H5N2,-0.159966,0.095401,-0.12507,-0.167909,Avian,N2
1902_A/chicken/Taiwan/444,A/chicken/Taiwan/4443/2013_H5N2,-0.170859,0.097682,-0.11008,-0.162579,Avian,N2
1903_A/chicken/Taiwan/683,A/chicken/Taiwan/683/2012_H5N2,-0.163794,0.071127,-0.125799,-0.184826,Avian,N2
1904_A/chicken/Taiwan/735,A/chicken/Taiwan/7350/2013_H5N2,-0.170767,0.104915,-0.113359,-0.166475,Avian,N2
1905_A/chicken/Taiwan/898,A/chicken/Taiwan/8988/2013_H5N2,-0.160752,0.096917,-0.120443,-0.163987,Avian,N2
1906_A/chicken/Taiwan/899,A/chicken/Taiwan/8994/2013_H5N2,-0.159226,0.096916,-0.121552,-0.163421,Avian,N2
1907_A/chicken/Taiwan/899,A/chicken/Taiwan/8996/2013_H5N2,-0.160752,0.096917,-0.120443,-0.163987,Avian,N2
1908_A/chicken/Taiwan/A1/,A/chicken/Taiwan/A1/2019_H5N2,-0.173356,0.052317,-0.060586,-0.193998,Avian,N2
1909_A/chicken/Taiwan/A19,A/chicken/Taiwan/A1997/2012_H5N2,-0.135564,0.048545,-0.032914,-0.109533,Avian,N2
1910_A/chicken/Taiwan/D2/,A/chicken/Taiwan/D2/2019_H5N2,0.107718,-0.021631,0.00575,-0.052226,Avian,N2
1911_A/chicken/Taiwan/D9/,A/chicken/Taiwan/D9/2019_H5N2,0.107718,-0.021631,0.00575,-0.052226,Avian,N2
1912_A/chicken/Tibet/LZ01,A/chicken/Tibet/LZ01/2010_H5N2,-0.115714,0.055834,-0.015968,0.007971,Avian,N2
1913_A/chicken/Wuhan/HAQL,A/chicken/Wuhan/HAQL07/2014_H5N1,0.09064,0.041241,-0.11839,0.086945,Avian,N1
1914_A/chicken/Wuhan/HAQL,A/chicken/Wuhan/HAQL16/2014_H5N1,0.095071,0.048111,-0.121412,0.090369,Avian,N1
1915_A/chicken/Wuhan/WHJF,A/chicken/Wuhan/WHJF/2014_H5N2,0.104109,0.028761,-0.022939,-0.019111,Avian,N2
1916_A/chicken/Wuhan/WHYJ,A/chicken/Wuhan/WHYJ01/2015_H5N6,-0.148161,0.082263,0.062729,0.039102,Avian,N6
1917_A/chicken/Wuxi/WX-32,A/chicken/Wuxi/WX-32/2013_H5N1,0.100197,0.036448,0.006579,-0.033139,Avian,N1
1918_A/chicken/Wuxi/WX-33,A/chicken/Wuxi/WX-33/2013_H5N1,0.078848,0.038201,0.005475,-0.006725,Avian,N1
1919_A/chicken/Xinjiang/1,A/chicken/Xinjiang/17/2005_H5N1,-0.087503,0.062824,-0.016953,0.004433,Avian,N1
1920_A/chicken/Xinjiang/2,A/chicken/Xinjiang/27/2006_H5N1,-0.125353,0.062052,-0.039205,-0.046074,Avian,N1
1921_A/chicken/Xinjiang/5,A/chicken/Xinjiang/53/2005_H5N1,-0.127941,0.074573,-0.035773,-0.037158,Avian,N1
1922_A/chicken/Xinjiang/5,A/chicken/Xinjiang/54/2005_H5N1,-0.097536,0.061295,-0.009447,-0.007314,Avian,N1
1923_A/chicken/Xinjiang/6,A/chicken/Xinjiang/67/2005_H5N1,-0.109294,0.089436,-0.035534,-0.034938,Avian,N1
1924_A/chicken/Xinjiang/6,A/chicken/Xinjiang/68/2005_H5N1,-0.103418,0.045061,-0.011672,-0.001805,Avian,N1
1925_A/chicken/Xuzhou/XZ6,A/chicken/Xuzhou/XZ6/2016_H5N6,-0.118651,0.101319,0.052935,0.035476,Avian,N6
1926_A/chicken/YL/A3190/2,A/chicken/YL/A3190/2014_H5N2,-0.144021,0.080223,-0.020315,-0.09714,Avian,N2
1927_A/chicken/Yangzhou/Y,A/chicken/Yangzhou/YD1/2014_H5N6,-0.093428,0.051895,0.098209,0.065509,Avian,N6
1928_A/chicken/Yuhang/1/2,A/chicken/Yuhang/1/2013_H5N9,-0.01686,0.097094,-0.154319,-0.033754,Avian,Others
1929_A/chicken/Yuhang/2/2,A/chicken/Yuhang/2/2013_H5N9,0.044385,0.071523,-0.149682,0.024073,Avian,Others
1930_A/chicken/Yunlin/150,A/chicken/Yunlin/15020048-1/2015_H5N2,0.126633,0.028131,-0.018053,-0.063131,Avian,N2
1931_A/chicken/Yunlin/150,A/chicken/Yunlin/15040002-2/2015_H5N2,0.135636,0.043236,-0.024014,-0.053907,Avian,N2
1932_A/chicken/Yunlin/150,A/chicken/Yunlin/15040027/2015_H5N2,0.134684,0.035556,-0.023548,-0.05309,Avian,N2
1933_A/chicken/Yunlin/150,A/chicken/Yunlin/15050012/2015_H5N8,0.003522,-0.044631,0.119035,0.012749,Avian,N8
1934_A/chicken/Yunlin/150,A/chicken/Yunlin/15050037-2/2015_H5N2,0.138932,0.039101,-0.028204,-0.058433,Avian,N2
1935_A/chicken/Yunlin/150,A/chicken/Yunlin/15050039-2/2015_H5N2,0.13094,0.031078,-0.023907,-0.051478,Avian,N2
1936_A/chicken/Yunlin/150,A/chicken/Yunlin/15060014-1/2015_H5N2,0.128632,0.031254,-0.022602,-0.05052,Avian,N2
1937_A/chicken/Yunlin/150,A/chicken/Yunlin/15080024/2015_H5N2,0.110692,0.037578,-0.013183,-0.04465,Avian,N2
1938_A/chicken/Yunlin/160,A/chicken/Yunlin/16010001-1/2016_H5N2,0.133955,0.040024,-0.015818,-0.058452,Avian,N2
1939_A/chicken/Yunlin/160,A/chicken/Yunlin/16010008-1/2016_H5N2,0.120352,0.049807,-0.009315,-0.04958,Avian,N2
1940_A/chicken/Yunlin/160,A/chicken/Yunlin/16020038/2016_H5N8,-0.004656,-0.044407,0.12651,0.028378,Avian,N8
1941_A/chicken/Yunlin/160,A/chicken/Yunlin/16050053/2016_H5N2,0.106314,0.033988,-0.028051,-0.034353,Avian,N2
1942_A/chicken/Yunlin/170,A/chicken/Yunlin/17010001/2017_H5N8,0.008669,-0.053116,0.113614,0.004801,Avian,N8
1943_A/chicken/Yunlin/170,A/chicken/Yunlin/17010014/2017_H5N2,0.121225,0.04056,-0.003855,-0.061066,Avian,N2
1944_A/chicken/Yunlin/170,A/chicken/Yunlin/17020094-1/2017_H5N2,0.118911,0.041916,0.003267,-0.054229,Avian,N2
1945_A/chicken/Yunlin/170,A/chicken/Yunlin/17020095-2/2017_H5N2,0.11766,0.036428,-0.021827,-0.046003,Avian,N2
1946_A/chicken/Yunlin/170,A/chicken/Yunlin/17030001-1/2017_H5N2,0.122862,0.034921,-0.005501,-0.057174,Avian,N2
1947_A/chicken/Yunlin/170,A/chicken/Yunlin/17030007-1/2017_H5N2,0.125647,0.048469,-0.014655,-0.050541,Avian,N2
1948_A/chicken/Yunlin/170,A/chicken/Yunlin/17030010-1/2017_H5N2,0.115485,0.035797,0.002274,-0.050926,Avian,N2
1949_A/chicken/Yunlin/170,A/chicken/Yunlin/17030014-1/2017_H5N2,0.128799,0.039283,-0.002243,-0.052748,Avian,N2
1950_A/chicken/Yunlin/170,A/chicken/Yunlin/17030020-2/2017_H5N2,0.115892,0.035934,-0.00158,-0.051943,Avian,N2
1951_A/chicken/Yunlin/170,A/chicken/Yunlin/17030021-1/2017_H5N2,0.124686,0.039608,-0.005345,-0.053929,Avian,N2
1952_A/chicken/Yunlin/170,A/chicken/Yunlin/17030032-2/2017_H5N2,0.120467,0.026709,-0.024088,-0.054329,Avian,N2
1953_A/chicken/Yunlin/170,A/chicken/Yunlin/17030065-2/2017_H5N2,0.121358,0.05291,-0.015382,-0.048464,Avian,N2
1954_A/chicken/Yunlin/170,A/chicken/Yunlin/17040003-1/2017_H5N2,0.128503,0.04994,-0.013503,-0.054139,Avian,N2
1955_A/chicken/Yunlin/170,A/chicken/Yunlin/17040004-2/2017_H5N2,0.117373,0.035186,-0.000834,-0.058831,Avian,N2
1956_A/chicken/Yunlin/170,A/chicken/Yunlin/17040011-1/2017_H5N2,0.1185,0.037225,-0.003172,-0.056387,Avian,N2
1957_A/chicken/Yunlin/170,A/chicken/Yunlin/17060019/2017_H5N2,0.113557,0.034025,0.009357,-0.052962,Avian,N2
1958_A/chicken/Yunlin/170,A/chicken/Yunlin/17070010/2017_H5N2,0.115367,0.033747,0.006524,-0.053935,Avian,N2
1959_A/chicken/Yunlin/180,A/chicken/Yunlin/18010001-2/2018_H5N2,0.114241,0.043759,0.011678,-0.05077,Avian,N2
1960_A/chicken/Yunlin/180,A/chicken/Yunlin/18010023-1/2018_H5N2,0.103099,0.032496,0.007697,-0.048369,Avian,N2
1961_A/chicken/Yunlin/180,A/chicken/Yunlin/18020003-2/2018_H5N2,0.105,0.033024,0.001741,-0.04675,Avian,N2
1962_A/chicken/Yunlin/180,A/chicken/Yunlin/18020004-1/2018_H5N2,0.105,0.033024,0.001741,-0.04675,Avian,N2
1963_A/chicken/Yunlin/180,A/chicken/Yunlin/18020005-2/2018_H5N2,0.101272,0.028567,0.002781,-0.045752,Avian,N2
1964_A/chicken/Yunlin/180,A/chicken/Yunlin/18020008-2/2018_H5N2,0.104844,0.032541,0.006598,-0.047954,Avian,N2
1965_A/chicken/Yunlin/180,A/chicken/Yunlin/18030002-1/2018_H5N2,0.096184,0.017824,0.00426,-0.051853,Avian,N2
1966_A/chicken/Yunlin/180,A/chicken/Yunlin/18050013-1/2018_H5N2,0.083526,0.017444,0.011275,-0.036892,Avian,N2
1967_A/chicken/Yunlin/180,A/chicken/Yunlin/18060001-2/2018_H5N2,0.091423,0.024485,0.006379,-0.039528,Avian,N2
1968_A/chicken/Yunlin/180,A/chicken/Yunlin/18080006-1/2018_H5N2,0.089762,0.048227,0.029355,-0.052725,Avian,N2
1969_A/chicken/Yunnan/1/2,A/chicken/Yunnan/1/2014_H5N1,-0.142551,0.092425,0.072403,0.025265,Avian,N1
1970_A/chicken/Yunnan/207,A/chicken/Yunnan/207/2004_H5N1,-0.108286,0.061455,-0.017601,-0.005716,Avian,N1
1971_A/chicken/Yunnan/568,A/chicken/Yunnan/5686/2003_H5N1,-0.106616,0.061335,-0.017846,-0.007026,Avian,N1
1972_A/chicken/Yunnan/679,A/chicken/Yunnan/6797/2003_H5N1,-0.105919,0.057879,-0.020861,-0.007424,Avian,N1
1973_A/chicken/Yunnan/688,A/chicken/Yunnan/6885/2003_H5N1,-0.109342,0.063495,-0.022311,0.004059,Avian,N1
1974_A/chicken/Zhejiang/1,A/chicken/Zhejiang/102637/2016_H5N6,-0.051752,-0.154272,0.010376,0.004315,Avian,N6
1975_A/chicken/Zhejiang/1,A/chicken/Zhejiang/13160/2016_H5N6,0.077136,-0.005502,-0.130292,0.073806,Avian,N6
1976_A/chicken/Zhejiang/1,A/chicken/Zhejiang/194/2016_H5N2,-0.0802,-0.116842,-0.033148,-0.042117,Avian,N2
1977_A/chicken/Zhejiang/2,A/chicken/Zhejiang/209/2016_H5N2,0.021592,-0.047613,0.104412,0.005547,Avian,N2
1978_A/chicken/Zhejiang/2,A/chicken/Zhejiang/217/2016_H5N2,-0.079885,-0.116379,-0.032601,-0.043089,Avian,N2
1979_A/chicken/Zhejiang/2,A/chicken/Zhejiang/232/2016_H5N2,0.01382,-0.055364,0.100002,0.009836,Avian,N2
1980_A/chicken/Zhejiang/5,A/chicken/Zhejiang/514135/2015_H5N2,-0.049118,-0.12505,-0.057621,-0.034896,Avian,N2
1981_A/chicken/Zhejiang/5,A/chicken/Zhejiang/528127/2016_H5N6,-0.052451,-0.151525,0.009708,0.002123,Avian,N6
1982_A/chicken/Zhejiang/6,A/chicken/Zhejiang/6107/2016_H5N6,0.025826,0.044951,-0.156453,0.064103,Avian,N6
1983_A/chicken/Zhejiang/6,A/chicken/Zhejiang/6C2/2013_H5N6,-0.130323,0.109643,0.015127,0.05384,Avian,N6
1984_A/chicken/Zhejiang/7,A/chicken/Zhejiang/727022/2014_H5N6,-0.140746,0.089466,0.057642,0.046988,Avian,N6
1985_A/chicken/Zhejiang/7,A/chicken/Zhejiang/727026/2014_H5N6,-0.13429,0.088132,0.057473,0.035846,Avian,N6
1986_A/chicken/Zhejiang/7,A/chicken/Zhejiang/727079/2014_H5N2,-0.13883,0.095297,0.062735,0.043039,Avian,N2
1987_A/chicken/Zhejiang/7,A/chicken/Zhejiang/727155/2014_H5N6,-0.143786,0.094098,0.05513,0.059292,Avian,N6
1988_A/chicken/Zhejiang/7,A/chicken/Zhejiang/727159/2014_H5N2,-0.13883,0.095297,0.062735,0.043039,Avian,N2
1989_A/chicken/Zhejiang/7,A/chicken/Zhejiang/7450/2015_H5N2,0.012343,-0.065701,0.118356,-0.005881,Avian,N2
1990_A/chicken/Zhejiang/8,A/chicken/Zhejiang/81643/2015_H5N2,0.012139,-0.067089,0.116875,-0.002549,Avian,N2
1991_A/common_mallard/Nin,A/common_mallard/Ningxia/YG71/2017_H5N6,0.153694,0.026666,0.094531,-0.014344,Avian,N6
1992_A/condor/Guangdong/1,A/condor/Guangdong/139/2003_H5N1,0.00607,-0.101383,0.12657,0.039382,Avian,N1
1993_A/domestic_green-win,A/domestic_green-winged_teal/Hunan/3450/2006_H5N1,-0.000241,0.006353,0.010127,-0.017739,Avian,N1
1994_A/duck/Anhui/56/2005,A/duck/Anhui/56/2005_H5N1,-0.13033,0.073346,-0.06182,-0.067163,Avian,N1
1995_A/duck/Anhui/S4/2016,A/duck/Anhui/S4/2016_H5N6,-0.057418,-0.17437,-0.009271,0.002427,Avian,N6
1996_A/duck/Changhua/15A0,A/duck/Changhua/15A03431-1-20T/2015_H5N2,0.125772,0.026661,-0.02231,-0.057966,Avian,N2
1997_A/duck/Changhua/15A0,A/duck/Changhua/15A03473-1-20T/2015_H5N2,0.133123,0.037528,-0.018813,-0.052827,Avian,N2
1998_A/duck/Chiayi/150800,A/duck/Chiayi/15080023/2015_H5N8,0.006888,-0.037757,0.111905,0.019325,Avian,N8
1999_A/duck/China/0935/20,A/duck/China/0935/2017_H5N1,0.129228,-0.01378,-0.049264,0.121557,Avian,N1
2000_A/duck/China/0936/20,A/duck/China/0936/2017_H5N6,-0.039574,-0.145191,0.000372,0.002802,Avian,N6
2001_A/duck/China/0938/20,A/duck/China/0938/2017_H5N6,0.131038,-0.014356,-0.049823,0.119363,Avian,N6
2002_A/duck/China/1033/20,A/duck/China/1033/2017_H5N1,0.123648,-0.014385,-0.049219,0.118776,Avian,N1
2003_A/duck/China/E26/201,A/duck/China/E26/2012_H5N1,-0.063125,0.076167,0.038415,-0.03342,Avian,N1
2004_A/duck/China/E53/201,A/duck/China/E53/2012_H5N1,-0.12279,0.098064,0.000749,0.014181,Avian,N1
2005_A/duck/China/YD1516/,A/duck/China/YD1516/2016_H5N2,0.022817,-0.068013,0.118272,-0.010046,Avian,N2
2006_A/duck/Chongqing/S43,A/duck/Chongqing/S4362/2017_H5N3,0.129909,0.009856,-0.029568,0.084697,Avian,Others
2007_A/duck/Dongguan/2685,A/duck/Dongguan/2685/2013_H5N6,-0.140655,0.08397,0.061527,0.029122,Avian,N6
2008_A/duck/Eastern_China,A/duck/Eastern_China/008/2008_H5N5,0.000731,-0.015406,0.043035,-0.036254,Avian,Others
2009_A/duck/Eastern_China,A/duck/Eastern_China/031/2009_H5N5,-0.009138,-0.015823,0.039333,-0.029888,Avian,Others
2010_A/duck/Eastern_China,A/duck/Eastern_China/057/2007_H5N1,-0.126021,0.054656,-0.011075,0.004096,Avian,N1
2011_A/duck/Eastern_China,A/duck/Eastern_China/108/2008_H5N1,0.000731,-0.015406,0.043035,-0.036254,Avian,N1
2012_A/duck/Eastern_China,A/duck/Eastern_China/1111/2011_H5N2,-0.026168,-0.025072,0.053828,-0.031983,Avian,N2
2013_A/duck/Eastern_China,A/duck/Eastern_China/909/2009_H5N1,-0.007696,-0.015115,0.041361,-0.03098,Avian,N1
2014_A/duck/Eastern_China,A/duck/Eastern_China/JY/2014_H5N8,0.080821,0.044756,0.003596,0.039393,Avian,N8
2015_A/duck/Eastern_China,A/duck/Eastern_China/L0230/2010_H5N2,0.001057,-0.021385,0.074256,-0.055226,Avian,N2
2016_A/duck/Eastern_China,A/duck/Eastern_China/L0321/2010_H5N2,-0.013957,-0.021844,0.039179,-0.023981,Avian,N2
2017_A/duck/Eastern_China,A/duck/Eastern_China/L0405/2010_H5N8,-0.015163,-0.025041,0.102479,-0.070328,Avian,N8
2018_A/duck/Eastern_China,A/duck/Eastern_China/L0423/2011_H5N8,-0.014982,-0.017858,0.09846,-0.063209,Avian,N8
2019_A/duck/Eastern_China,A/duck/Eastern_China/L0611/2011_H5N8,-0.016468,-0.018931,0.097881,-0.061081,Avian,N8
2020_A/duck/Eastern_China,A/duck/Eastern_China/L0722/2012_H5N8,-0.014199,-0.023028,0.09975,-0.069243,Avian,N8
2021_A/duck/Eastern_China,A/duck/Eastern_China/L1021/2012_H5N8,-0.016931,-0.024729,0.095498,-0.05896,Avian,N8
2022_A/duck/Eastern_China,A/duck/Eastern_China/L1120/2012_H5N8,-0.022945,-0.021606,0.110487,-0.080751,Avian,N8
2023_A/duck/Eastern_China,A/duck/Eastern_China/S0131/2014_H5N2,-0.096428,0.046613,0.055972,-0.043429,Avian,N2
2024_A/duck/Eastern_China,A/duck/Eastern_China/S0215/2014_H5N8,0.088796,0.057127,-0.012517,0.044285,Avian,N8
2025_A/duck/Eastern_China,A/duck/Eastern_China/S0322/2014__H5N6,-0.132351,0.077002,0.04625,0.022136,Avian,N6
2026_A/duck/Eastern_China,A/duck/Eastern_China/S0711/2014_H5N6,-0.067544,0.098011,0.04612,0.087523,Avian,N6
2027_A/duck/Eastern_China,A/duck/Eastern_China/S0808/2014_H5N2,-0.006439,-0.015845,0.051755,-0.022167,Avian,N2
2028_A/duck/Eastern_China,A/duck/Eastern_China/S0908/2014_H5N6,-0.136457,0.090861,0.054765,0.033216,Avian,N6
2029_A/duck/Eastern_China,A/duck/Eastern_China/S1109/2014_H5N8,0.089197,0.051234,-0.010054,0.041306,Avian,N8
2030_A/duck/Eastern_China,A/duck/Eastern_China/S1210/2013_H5N8,0.066767,0.039733,-0.007654,0.057234,Avian,N8
2031_A/duck/Fujian/1.17_F,A/duck/Fujian/1.17_FZHX0123-C/2017_H5N6,-0.053538,-0.150401,-0.024677,0.044318,Avian,N6
2032_A/duck/Fujian/10.26_,A/duck/Fujian/10.26_FZHX0002-O/2017_H5N6,-0.044545,-0.188966,0.00078,-0.015495,Avian,N6
2033_A/duck/Fujian/10.26_,A/duck/Fujian/10.26_FZHX0010-O/2017_H5N6,-0.048585,-0.186241,-0.000505,-0.009201,Avian,N6
2034_A/duck/Fujian/11.23_,A/duck/Fujian/11.23_FZHX0009-C/2017_H5N6,-0.044432,-0.186576,0.001915,-0.017339,Avian,N6
2035_A/duck/Fujian/11.23_,A/duck/Fujian/11.23_FZHX0014-C/2017_H5N6,-0.04551,-0.186436,-0.001459,-0.011842,Avian,N6
2036_A/duck/Fujian/11.23_,A/duck/Fujian/11.23_FZHX0015-C/2017_H5N6,-0.04551,-0.186436,-0.001459,-0.011842,Avian,N6
2037_A/duck/Fujian/11.3_F,A/duck/Fujian/11.3_FZHX1132-O/2016_H5N6,-0.055066,-0.173788,-0.00359,0.002365,Avian,N6
2038_A/duck/Fujian/11.3_F,A/duck/Fujian/11.3_FZHX1141-C/2016_H5N6,-0.054378,-0.177124,-0.003986,0.003908,Avian,N6
2039_A/duck/Fujian/12.7_F,A/duck/Fujian/12.7_FZHX1202-O/2016_H5N6,-0.040947,-0.169768,-0.014441,0.017712,Avian,N6
2040_A/duck/Fujian/12.7_F,A/duck/Fujian/12.7_FZHX1218-C/2016_H5N6,-0.049612,-0.176592,-0.00594,0.004612,Avian,N6
2041_A/duck/Fujian/12.7_F,A/duck/Fujian/12.7_FZHX1219-O/2016_H5N6,-0.049612,-0.176592,-0.00594,0.004612,Avian,N6
2042_A/duck/Fujian/12.7_F,A/duck/Fujian/12.7_FZHX1221-C/2016_H5N6,-0.047842,-0.175201,-0.005458,0.005304,Avian,N6
2043_A/duck/Guangdong/11.,A/duck/Guangdong/11.18_SZBJ003-C/2016_H5N6,-0.051078,-0.144875,-0.004871,0.001464,Avian,N6
2044_A/duck/Guangdong/11.,A/duck/Guangdong/11.18_SZBJ003-O/2016_H5N6,-0.051078,-0.144875,-0.004871,0.001464,Avian,N6
2045_A/duck/Guangdong/11.,A/duck/Guangdong/11.18_SZBJ007-O/2016_H5N6,-0.050401,-0.145213,-0.005529,0.004813,Avian,N6
2046_A/duck/Guangdong/23/,A/duck/Guangdong/23/2004_H5N1,-0.113986,0.043496,-0.025199,-0.027415,Avian,N1
2047_A/duck/Guangdong/GD0,A/duck/Guangdong/GD01/2014_H5N6,-0.1337,0.085402,0.059346,0.032194,Avian,N6
2048_A/duck/Guangdong/s14,A/duck/Guangdong/s14044/2014_H5N8,-0.036773,-0.024797,0.116401,-0.062366,Avian,N8
2049_A/duck/Guangdong/wy1,A/duck/Guangdong/wy11/2008_H5N5,-0.02648,-0.032797,0.07461,-0.058146,Avian,Others
2050_A/duck/Guangdong/wy1,A/duck/Guangdong/wy19/2008_H5N5,-0.02665,-0.030942,0.074865,-0.056446,Avian,Others
2051_A/duck/Guangdong/wy2,A/duck/Guangdong/wy24/2008_H5N5,-0.004839,-0.02102,0.075141,-0.067221,Avian,Others
2052_A/duck/Guangzhou/018,A/duck/Guangzhou/018/2014_H5N6,-0.122423,0.084808,0.054024,0.027648,Avian,N6
2053_A/duck/Guangzhou/021,A/duck/Guangzhou/021/2014_H5N6,-0.134217,0.07658,0.051759,0.033342,Avian,N6
2054_A/duck/Guangzhou/412,A/duck/Guangzhou/41227/2014_H5N6,-0.015231,-0.06345,0.027261,-0.025063,Avian,N6
2055_A/duck/Guizhou/7.27_,A/duck/Guizhou/7.27_ZYLJJ017-O/2018_H5N6,-0.080578,-0.169364,0.003614,0.021141,Avian,N6
2056_A/duck/Guizhou/8.26_,A/duck/Guizhou/8.26_ZYLJJ016-O/2018_H5N6,-0.068901,-0.164609,-0.005029,0.013908,Avian,N6
2057_A/duck/Guizhou/8.26_,A/duck/Guizhou/8.26_ZYLJJ017-O/2018_H5N6,-0.077953,-0.166922,-0.004028,0.015645,Avian,N6
2058_A/duck/Hainan/12.29_,A/duck/Hainan/12.29_HKPL002-C/2017_H5N6,-0.070605,-0.167388,-0.01008,0.020304,Avian,N6
2059_A/duck/Hebei/0908/20,A/duck/Hebei/0908/2009_H5N2,0.037242,0.088548,-0.07736,-0.005126,Avian,N2
2060_A/duck/Hong_Kong/342,A/duck/Hong_Kong/342/1978_H5N2,0.033657,-0.030807,0.031861,0.012999,Avian,N2
2061_A/duck/Hsinchu/15020,A/duck/Hsinchu/15020216/2015_H5N2,0.134684,0.035556,-0.023548,-0.05309,Avian,N2
2062_A/duck/HuBei/03/2010,A/duck/HuBei/03/2010_H5N5,-0.091429,0.021901,-0.057152,-0.032917,Avian,Others
2063_A/duck/Hubei/2911/20,A/duck/Hubei/2911/2007_H5N1,0.096232,0.081693,-0.02001,0.068305,Avian,N1
2064_A/duck/Hubei/49/2005,A/duck/Hubei/49/2005_H5N1,-0.100143,0.030779,-0.048491,-0.006098,Avian,N1
2065_A/duck/Hubei/SZY250/,A/duck/Hubei/SZY250/2016_H5N2,0.015097,-0.061637,0.111082,0.022332,Avian,N2
2066_A/duck/Hubei/xn/2007,A/duck/Hubei/xn/2007_H5N1,-0.080027,0.03107,-0.053777,-0.029828,Avian,N1
2067_A/duck/Hunan/01.12_Y,A/duck/Hunan/01.12_YYGK82H3-OC/2018_H5N6,-0.066609,-0.174229,0.009784,0.003014,Avian,N6
2068_A/duck/Hunan/03.07_Y,A/duck/Hunan/03.07_YYGK25L3-OC/2018_H5N6,-0.068172,-0.158151,-0.008972,0.022343,Avian,N6
2069_A/duck/Hunan/03.07_Y,A/duck/Hunan/03.07_YYGK4L3-OC/2018_H5N6,-0.037762,-0.164826,-0.012666,0.011197,Avian,N6
2070_A/duck/Hunan/03.24_Y,A/duck/Hunan/03.24_YYGK174M2-C/2017_H5N6,-0.046509,-0.170028,-0.019727,0.008371,Avian,N6
2071_A/duck/Hunan/03.24_Y,A/duck/Hunan/03.24_YYGK178M2-C/2017_H5N6,-0.041527,-0.165842,-0.019971,0.006804,Avian,N6
2072_A/duck/Hunan/03.24_Y,A/duck/Hunan/03.24_YYGK18M2-O/2017_H5N6,-0.045451,-0.175224,-0.007916,0.002002,Avian,N6
2073_A/duck/Hunan/03.24_Y,A/duck/Hunan/03.24_YYGK21M2-O/2017_H5N6,-0.046509,-0.170028,-0.019727,0.008371,Avian,N6
2074_A/duck/Hunan/1.12_YY,A/duck/Hunan/1.12_YYGK68H3-OC/2018_H5N6,-0.072572,-0.164217,-0.011518,0.024569,Avian,N6
2075_A/duck/Hunan/1.12_YY,A/duck/Hunan/1.12_YYGK72H3-OC/2018_H5N6,-0.068657,-0.167952,-0.016345,0.022827,Avian,N6
2076_A/duck/Hunan/1.12_YY,A/duck/Hunan/1.12_YYGK74H3-OC/2018_H5N6,-0.066609,-0.174229,0.009784,0.003014,Avian,N6
2077_A/duck/Hunan/1.17_YY,A/duck/Hunan/1.17_YYGKK80-OC/2017_H5N6,-0.050771,-0.160634,0.007774,-0.004863,Avian,N6
2078_A/duck/Hunan/11.30_Y,A/duck/Hunan/11.30_YYGK59E3-OC/2017_H5N6,-0.04597,-0.177516,0.004252,-0.010891,Avian,N6
2079_A/duck/Hunan/11.30_Y,A/duck/Hunan/11.30_YYGK62E3-OC/2017_H5N6,-0.048576,-0.1448,-0.010828,0.007955,Avian,N6
2080_A/duck/Hunan/11.30_Y,A/duck/Hunan/11.30_YYGK63E3-OC/2017_H5N6,-0.047974,-0.147649,-0.010356,0.004767,Avian,N6
2081_A/duck/Hunan/11.30_Y,A/duck/Hunan/11.30_YYGK74E3-OC/2017_H5N8,0.145059,0.024087,0.090369,0.012077,Avian,N8
2082_A/duck/Hunan/11.30_Y,A/duck/Hunan/11.30_YYGK75E3-OC/2017_H5N6,0.145059,0.024087,0.090369,0.012077,Avian,N6
2083_A/duck/Hunan/12.27_Y,A/duck/Hunan/12.27_YYGK100J2-C/2016_H5N6,-0.055637,-0.164723,0.008011,-0.003333,Avian,N6
2084_A/duck/Hunan/12.27_Y,A/duck/Hunan/12.27_YYGK60J2-C/2016_H5N6,-0.034376,-0.154416,0.019811,-0.0218,Avian,N6
2085_A/duck/Hunan/12.27_Y,A/duck/Hunan/12.27_YYGK71J2-O/2016_H5N6,-0.055637,-0.164723,0.008011,-0.003333,Avian,N6
2086_A/duck/Hunan/12.27_Y,A/duck/Hunan/12.27_YYGK73J2-O/2016_H5N6,-0.048742,-0.154969,0.025099,-0.019352,Avian,N6
2087_A/duck/Hunan/12.27_Y,A/duck/Hunan/12.27_YYGK81J2-O/2016_H5N6,-0.055637,-0.164723,0.008011,-0.003333,Avian,N6
2088_A/duck/Hunan/12.27_Y,A/duck/Hunan/12.27_YYGK86J2-C/2016_H5N6,-0.036543,-0.157707,0.020037,-0.022344,Avian,N6
2089_A/duck/Hunan/12.27_Y,A/duck/Hunan/12.27_YYGK89J2-O/2016_H5N6,-0.055637,-0.164723,0.008011,-0.003333,Avian,N6
2090_A/duck/Hunan/12.27_Y,A/duck/Hunan/12.27_YYGK91J2-O/2016_H5N6,-0.055637,-0.164723,0.008011,-0.003333,Avian,N6
2091_A/duck/Hunan/12.27_Y,A/duck/Hunan/12.27_YYGK93J2-O/2016_H5N6,-0.055637,-0.164723,0.008011,-0.003333,Avian,N6
2092_A/duck/Hunan/12.27_Y,A/duck/Hunan/12.27_YYGK95J2-O/2016_H5N6,-0.055637,-0.164723,0.008011,-0.003333,Avian,N6
2093_A/duck/Hunan/12.27_Y,A/duck/Hunan/12.27_YYGK96J2-O/2016_H5N6,-0.055637,-0.164723,0.008011,-0.003333,Avian,N6
2094_A/duck/Hunan/12.27_Y,A/duck/Hunan/12.27_YYGK97J2-O/2016_H5N6,-0.055637,-0.164723,0.008011,-0.003333,Avian,N6
2095_A/duck/Hunan/2.06_YY,A/duck/Hunan/2.06_YYGK77J3-OC/2018_H5N6,-0.068172,-0.158151,-0.008972,0.022343,Avian,N6
2096_A/duck/Hunan/2.06_YY,A/duck/Hunan/2.06_YYGK78J3-OC/2018_H5N6,-0.062197,-0.173485,-0.014893,0.01962,Avian,N6
2097_A/duck/Hunan/2.06_YY,A/duck/Hunan/2.06_YYGK84J3-OC/2018_H5N6,-0.067619,-0.159151,-0.009189,0.02158,Avian,N6
2098_A/duck/Hunan/2.06_YY,A/duck/Hunan/2.06_YYGK92J3-OC/2018_H5N6,-0.068172,-0.158151,-0.008972,0.022343,Avian,N6
2099_A/duck/Hunan/3/2007_,A/duck/Hunan/3/2007_H5N1,-0.119364,0.057528,-0.006377,-0.001665,Avian,N1
2100_A/duck/Hunan/316/200,A/duck/Hunan/316/2005_H5N1,-0.024417,0.0077,0.038552,-0.023414,Avian,N1
2101_A/duck/Hunan/3315/20,A/duck/Hunan/3315/2006_H5N1,-0.108202,0.066836,-0.075148,-0.074581,Avian,N1
2102_A/duck/Hunan/689/200,A/duck/Hunan/689/2006_H5N1,0.082034,0.088423,-0.017402,0.078311,Avian,N1
2103_A/duck/Hunan/7.21_YY,A/duck/Hunan/7.21_YYGK41Y1-C/2016_H5N6,-0.04815,-0.170531,-0.008107,-0.00749,Avian,N6
2104_A/duck/Hunan/733/200,A/duck/Hunan/733/2004_H5N1,-0.100976,0.04069,-0.048683,-0.01475,Avian,N1
2105_A/duck/Hunan/8/2008_,A/duck/Hunan/8/2008_H5N1,-0.104278,0.076826,0.015275,-0.030054,Avian,N1
2106_A/duck/Hunan/S4020/2,A/duck/Hunan/S4020/2008_H5N1,-0.117097,0.067749,-0.007153,0.001179,Avian,N1
2107_A/duck/Hunan/S4030/2,A/duck/Hunan/S4030/2011_H5N1,-0.159382,0.088085,-0.008452,-0.045813,Avian,N1
2108_A/duck/Hunan/S4101/2,A/duck/Hunan/S4101/2011_H5N2,0.052565,0.093474,-0.078254,0.003814,Avian,N2
2109_A/duck/Hunan/S4120/2,A/duck/Hunan/S4120/2011_H5N2,0.038632,0.073263,-0.090334,0.001573,Avian,N2
2110_A/duck/Hunan/S4150/2,A/duck/Hunan/S4150/2011_H5N1,-0.121622,0.089601,0.001869,0.01307,Avian,N1
2111_A/duck/Hunan/S4220/2,A/duck/Hunan/S4220/2011_H5N1,-0.140447,0.090587,0.007433,0.056714,Avian,N1
2112_A/duck/Jiangsu/m234/,A/duck/Jiangsu/m234/2012_H5N2,-0.004148,-0.034682,0.087045,-0.07842,Avian,N2
2113_A/duck/Jiangxi/01.11,A/duck/Jiangxi/01.11_NCNP101G2-OC/2017_H5N6,-0.051783,-0.164131,-0.009227,0.000726,Avian,N6
2114_A/duck/Jiangxi/10160,A/duck/Jiangxi/10160/2014_H5N6,-0.138266,0.10461,0.012173,0.057733,Avian,N6
2115_A/duck/Jiangxi/11.17,A/duck/Jiangxi/11.17_NCNP30Y2-O/2016_H5N6,-0.042097,-0.138596,0.009084,0.010823,Avian,N6
2116_A/duck/Jiangxi/11.17,A/duck/Jiangxi/11.17_NCNP48Y2-C/2016_H5N6,-0.042097,-0.138596,0.009084,0.010823,Avian,N6
2117_A/duck/Jiangxi/11.29,A/duck/Jiangxi/11.29_NCDZT71H2-O/2016_H5N6,-0.041126,-0.161389,-0.009694,0.000741,Avian,N6
2118_A/duck/Jiangxi/11.29,A/duck/Jiangxi/11.29_NCNP22D3-OC/2017_H5N6,-0.048583,-0.161466,0.024512,-0.019608,Avian,N6
2119_A/duck/Jiangxi/11.29,A/duck/Jiangxi/11.29_NCNP39D3-OC/2017_H5N6,-0.042289,-0.167352,0.005566,0.002903,Avian,N6
2120_A/duck/Jiangxi/120/2,A/duck/Jiangxi/120/2011_H5N1,-0.116474,0.062368,-0.015984,0.003203,Avian,N1
2121_A/duck/Jiangxi/130/2,A/duck/Jiangxi/130/2011_H5N1,-0.124836,0.074717,-0.0023,0.009685,Avian,N1
2122_A/duck/Jiangxi/13469,A/duck/Jiangxi/13469/2014_H5N6,-0.08253,0.089547,0.049019,0.09297,Avian,N6
2123_A/duck/Jiangxi/13475,A/duck/Jiangxi/13475/2014_H5N6,-0.080046,0.087073,0.04525,0.093692,Avian,N6
2124_A/duck/Jiangxi/13484,A/duck/Jiangxi/13484/2014_H5N6,-0.079808,0.090411,0.05191,0.099705,Avian,N6
2125_A/duck/Jiangxi/2.28N,A/duck/Jiangxi/2.28NCNP23K3-OC/2018_H5N6,-0.057171,-0.159199,-0.011702,0.009822,Avian,N6
2126_A/duck/Jiangxi/2.28_,A/duck/Jiangxi/2.28_NCNP25K3-OC/2018_H5N6,-0.057171,-0.159199,-0.011702,0.009822,Avian,N6
2127_A/duck/Jiangxi/34/20,A/duck/Jiangxi/34/2011_H5N1,-0.181379,0.101792,-0.000639,0.047774,Avian,N1
2128_A/duck/Jiangxi/35/20,A/duck/Jiangxi/35/2011_H5N1,-0.166758,0.092256,0.025559,0.065704,Avian,N1
2129_A/duck/Jiangxi/44/20,A/duck/Jiangxi/44/2011_H5N1,-0.03928,-0.125151,-0.037345,-0.062754,Avian,N1
2130_A/duck/Jiangxi/5.26_,A/duck/Jiangxi/5.26_NCDZT80Q2-OC/2017_H5N6,-0.030264,-0.147731,-0.005796,-0.000588,Avian,N6
2131_A/duck/Jiangxi/80/20,A/duck/Jiangxi/80/2005_H5N1,-0.08843,0.033057,-0.019903,-0.01623,Avian,N1
2132_A/duck/Jilin/JL-SIV/,A/duck/Jilin/JL-SIV/2013_H5N1,-0.13919,0.065267,-0.062435,-0.060033,Avian,N1
2133_A/duck/Kaohsiung/150,A/duck/Kaohsiung/15010213/2015_H5N2,0.128397,0.034274,-0.018399,-0.053398,Avian,N2
2134_A/duck/Kaohsiung/15W,A/duck/Kaohsiung/15WB3298-1-5/2015_H5N3,0.089288,0.035231,-0.034295,0.111866,Avian,Others
2135_A/duck/Kaohsiung/20W,A/duck/Kaohsiung/20WB0242-154/2020_H5N3,0.103317,0.036497,-0.005576,-0.064,Avian,Others
2136_A/duck/Liaoning/LN/2,A/duck/Liaoning/LN/2011_H5N5,-0.03193,0.04253,-0.032458,-0.06928,Avian,Others
2137_A/duck/Nanchang/9789,A/duck/Nanchang/9789/2013_H5N1,-0.147703,0.08933,0.019542,0.049633,Avian,N1
2138_A/duck/Nantou/15A343,A/duck/Nantou/15A3437/2015_H5N2,0.133123,0.037528,-0.018813,-0.052827,Avian,N2
2139_A/duck/Nantou/17A024,A/duck/Nantou/17A0243/2017_H5N2,0.116813,0.03178,0.00444,-0.048229,Avian,N2
2140_A/duck/Pingtung/1501,A/duck/Pingtung/15010180/2015_H5N3,0.070443,0.067708,-0.12626,0.029561,Avian,Others
2141_A/duck/Pingtung/1501,A/duck/Pingtung/15010444/2015_H5N2,0.126493,0.034283,-0.016544,-0.055044,Avian,N2
2142_A/duck/Pingtung/17A0,A/duck/Pingtung/17A0160/2017_H5N2,0.117446,0.028755,0.001681,-0.048897,Avian,N2
2143_A/duck/Pingtung/18A0,A/duck/Pingtung/18A00003-11-20T/2018_H5N2,0.118124,0.033285,-0.001419,-0.036647,Avian,N2
2144_A/duck/Pingtung/18A0,A/duck/Pingtung/18A00076-11-20T/2018_H5N2,0.123388,0.037066,-0.021379,-0.040971,Avian,N2
2145_A/duck/Pingtung/18X0,A/duck/Pingtung/18X00077/2018_H5N2,0.103704,-0.004045,-0.026595,-0.021103,Avian,N2
2146_A/duck/Shandong/009/,A/duck/Shandong/009/2008_H5N1,0.10797,0.012219,-0.06257,0.142549,Avian,N1
2147_A/duck/Shandong/Q1/2,A/duck/Shandong/Q1/2013_H5N8,-0.03274,-0.02675,0.112072,-0.074842,Avian,N8
2148_A/duck/Shandong/SD02,A/duck/Shandong/SD0261/2021_H5N6,0.135879,0.023315,0.081407,0.032769,Avian,N6
2149_A/duck/Shandong/SD02,A/duck/Shandong/SD0263/2021_H5N6,0.135644,0.026926,0.081156,0.033245,Avian,N6
2150_A/duck/Sichuan/NCXJ1,A/duck/Sichuan/NCXJ15/2014_H5N6,-0.136327,0.102167,0.011296,0.046578,Avian,N6
2151_A/duck/Sichuan/NCXJ1,A/duck/Sichuan/NCXJ16/2014_H5N6,-0.128566,0.108844,0.012973,0.050981,Avian,N6
2152_A/duck/Sichuan/NCXN1,A/duck/Sichuan/NCXN10/2014_H5N1,-0.119812,0.082083,0.043427,0.029147,Avian,N1
2153_A/duck/Sichuan/NCXN1,A/duck/Sichuan/NCXN11/2014_H5N1,-0.131346,0.091441,0.052142,0.037509,Avian,N1
2154_A/duck/Sichuan/SC482,A/duck/Sichuan/SC4822/2021_H5N6,-0.112884,0.018743,-0.097672,-0.055584,Avian,N6
2155_A/duck/Sichuan/SC569,A/duck/Sichuan/SC5698/2021_H5N6,-0.112847,0.017671,-0.099178,-0.055629,Avian,N6
2156_A/duck/Taichung/1501,A/duck/Taichung/15010400-1/2015_H5N2,0.133064,0.033347,-0.020935,-0.06081,Avian,N2
2157_A/duck/Tainan/150104,A/duck/Tainan/15010403/2015_H5N8,0.006187,-0.042918,0.118065,0.020055,Avian,N8
2158_A/duck/Tainan/160100,A/duck/Tainan/16010020-1/2016_H5N2,0.104315,0.025956,-0.016988,-0.044968,Avian,N2
2159_A/duck/Tainan/16WB34,A/duck/Tainan/16WB3443-156-160/2016_H5N3,0.139635,0.022409,-0.028472,0.079026,Avian,Others
2160_A/duck/Taipei/05WB83,A/duck/Taipei/05WB830-1-5-E2/2005_H5N2,0.020482,0.112526,-0.135778,-0.034961,Avian,N2
2161_A/duck/Taipei/18WB01,A/duck/Taipei/18WB0120-1-5-E1/2018_H5N3,0.117542,0.040166,0.0188,-0.043684,Avian,Others
2162_A/duck/Taipei/19WB02,A/duck/Taipei/19WB0235-14-16/2019_H5N3,0.035498,0.10997,-0.09394,0.016365,Avian,Others
2163_A/duck/Taiwan/01006/,A/duck/Taiwan/01006/2015_H5N2,0.129425,0.034268,-0.016038,-0.055321,Avian,N2
2164_A/duck/Taiwan/11213/,A/duck/Taiwan/11213/2013_H5N2,0.106685,0.040474,0.023615,0.001229,Avian,N2
2165_A/duck/Taiwan/11254/,A/duck/Taiwan/11254/2013_H5N2,0.109444,0.043777,0.007407,-0.002804,Avian,N2
2166_A/duck/Taiwan/A3400/,A/duck/Taiwan/A3400/2015_H5N8,0.063033,0.062515,-0.130693,0.025189,Avian,N8
2167_A/duck/Taiwan/DV1238,A/duck/Taiwan/DV1238/2009_H5N2,0.082175,0.003796,-0.009848,0.034047,Avian,N2
2168_A/duck/Taiwan/DV1241,A/duck/Taiwan/DV1241/2009_H5N2,0.082175,0.003796,-0.009848,0.034047,Avian,N2
2169_A/duck/Taiwan/DV1242,A/duck/Taiwan/DV1242/2009_H5N2,0.082175,0.003796,-0.009848,0.034047,Avian,N2
2170_A/duck/Taoyuan/16010,A/duck/Taoyuan/16010023-1/2016_H5N2,0.113265,0.028853,-0.042939,-0.037116,Avian,N2
2171_A/duck/Wenzhou/YJYF3,A/duck/Wenzhou/YJYF33/2015_H5N1,0.09164,0.043554,-0.117195,0.086028,Avian,N1
2172_A/duck/Wuhan/JXYFB22,A/duck/Wuhan/JXYFB22/2015_H5N6,-0.119201,0.092572,0.05956,0.020444,Avian,N6
2173_A/duck/Wuhan/WHYF02/,A/duck/Wuhan/WHYF02/2015_H5N6,-0.154127,0.082872,0.064732,0.046844,Avian,N6
2174_A/duck/Xinjiang/12.1,A/duck/Xinjiang/12.18_WLMQXL001-C/2016_H5N8,0.108804,0.041957,0.046966,-0.03665,Avian,N8
2175_A/duck/Yilan/17A0092,A/duck/Yilan/17A0092/2017_H5N2,0.117852,0.038165,-0.006196,-0.052033,Avian,N2
2176_A/duck/Yunlin/150102,A/duck/Yunlin/15010244-1/2015_H5N2,0.1311,0.029528,-0.02272,-0.058477,Avian,N2
2177_A/duck/Yunlin/150102,A/duck/Yunlin/15010277/2015_H5N8,0.007199,-0.046738,0.117961,0.008495,Avian,N8
2178_A/duck/Yunlin/150103,A/duck/Yunlin/15010310-4/2015_H5N2,0.129837,0.032955,-0.023267,-0.054235,Avian,N2
2179_A/duck/Yunlin/150103,A/duck/Yunlin/15010318-2/2015_H5N2,0.130932,0.038108,-0.018095,-0.053788,Avian,N2
2180_A/duck/Yunlin/150103,A/duck/Yunlin/15010369-1/2015_H5N2,0.1311,0.029528,-0.02272,-0.058477,Avian,N2
2181_A/duck/Yunlin/150104,A/duck/Yunlin/15010458-1/2015_H5N8,-0.001325,-0.045775,0.124722,0.015027,Avian,N8
2182_A/duck/Yunlin/150700,A/duck/Yunlin/15070002-2/2015_H5N2,0.114457,0.032924,-0.020403,-0.046543,Avian,N2
2183_A/duck/Yunlin/15A501,A/duck/Yunlin/15A5019/2015_H5N2,0.101127,0.018873,-0.01716,-0.030092,Avian,N2
2184_A/duck/Yunlin/171100,A/duck/Yunlin/17110001/2017_H5N2,0.108464,0.044671,0.015165,-0.050677,Avian,N2
2185_A/duck/Yunlin/17A008,A/duck/Yunlin/17A0086/2017_H5N2,0.117744,0.037841,-0.001108,-0.053553,Avian,N2
2186_A/duck/Yunlin/17A068,A/duck/Yunlin/17A0686/2017_H5N2,0.117125,0.032568,0.00356,-0.055353,Avian,N2
2187_A/duck/Yunlin/180600,A/duck/Yunlin/18060007-3/2018_H5N2,0.102717,0.049499,0.020379,-0.049621,Avian,N2
2188_A/duck/Yunlin/18X000,A/duck/Yunlin/18X00007-3/2018_H5N2,0.019525,-0.020518,0.071241,0.0283,Avian,N2
2189_A/duck/Yunnan/4072/2,A/duck/Yunnan/4072/2003_H5N1,-0.104361,0.057409,-0.021533,-0.008702,Avian,N1
2190_A/duck/Yunnan/426/20,A/duck/Yunnan/426/2004_H5N1,-0.107647,0.052906,-0.023097,-0.010054,Avian,N1
2191_A/duck/Yunnan/4645/2,A/duck/Yunnan/4645/2003_H5N1,-0.106564,0.051681,-0.026459,-0.007931,Avian,N1
2192_A/duck/Yunnan/47/200,A/duck/Yunnan/47/2006_H5N1,-0.122184,0.077312,0.000753,-0.016682,Avian,N1
2193_A/duck/Yunnan/485/20,A/duck/Yunnan/485/2004_H5N1,-0.108286,0.061455,-0.017601,-0.005716,Avian,N1
2194_A/duck/Yunnan/4873/2,A/duck/Yunnan/4873/2006_H5N1,-0.118337,0.077875,-0.004776,-0.013624,Avian,N1
2195_A/duck/Yunnan/5090/2,A/duck/Yunnan/5090/2003_H5N1,-0.104361,0.057409,-0.021533,-0.008702,Avian,N1
2196_A/duck/Yunnan/5169/2,A/duck/Yunnan/5169/2003_H5N1,-0.104361,0.057409,-0.021533,-0.008702,Avian,N1
2197_A/duck/Yunnan/522/20,A/duck/Yunnan/522/2004_H5N1,-0.107839,0.052987,-0.022174,-0.009655,Avian,N1
2198_A/duck/Yunnan/5310/2,A/duck/Yunnan/5310/2006_H5N1,-0.085123,0.034088,-0.054822,-0.013951,Avian,N1
2199_A/duck/Yunnan/5948/2,A/duck/Yunnan/5948/2003_H5N1,-0.109807,0.056118,-0.0187,-0.008947,Avian,N1
2200_A/duck/Yunnan/6080/2,A/duck/Yunnan/6080/2003_H5N1,-0.106489,0.06049,-0.018349,-0.006497,Avian,N1
2201_A/duck/Yunnan/6603/2,A/duck/Yunnan/6603/2003_H5N1,-0.105199,0.057888,-0.017116,-0.011652,Avian,N1
2202_A/duck/Zhejiang/1026,A/duck/Zhejiang/1026109/2015_H5N2,0.021225,-0.057336,0.122535,-0.004972,Avian,N2
2203_A/duck/Zhejiang/1220,A/duck/Zhejiang/1220092/2014_H5N1,0.135922,-0.003524,-0.063395,0.119085,Avian,N1
2204_A/duck/Zhejiang/213/,A/duck/Zhejiang/213/2011_H5N1,-0.059534,0.042542,-0.0352,-0.041273,Avian,N1
2205_A/duck/Zhejiang/224/,A/duck/Zhejiang/224/2011_H5N1,-0.135294,0.077533,0.00216,0.056328,Avian,N1
2206_A/duck/Zhejiang/2242,A/duck/Zhejiang/2242/2011_H5N1,-0.135294,0.077533,0.00216,0.056328,Avian,N1
2207_A/duck/Zhejiang/2243,A/duck/Zhejiang/2243/2011_H5N1,-0.135294,0.077533,0.00216,0.056328,Avian,N1
2208_A/duck/Zhejiang/2244,A/duck/Zhejiang/2244/2011_H5N1,-0.135294,0.077533,0.00216,0.056328,Avian,N1
2209_A/duck/Zhejiang/2245,A/duck/Zhejiang/2245/2011_H5N1,-0.082491,0.06706,-0.046888,-0.126659,Avian,N1
2210_A/duck/Zhejiang/2248,A/duck/Zhejiang/2248/2011_H5N1,-0.135294,0.077533,0.00216,0.056328,Avian,N1
2211_A/duck/Zhejiang/6D18,A/duck/Zhejiang/6D18/2013_H5N8,0.086774,0.047572,-0.004469,0.04636,Avian,N8
2212_A/duck/Zhejiang/6D2/,A/duck/Zhejiang/6D2/2013_H5N6,-0.130323,0.109643,0.015127,0.05384,Avian,N6
2213_A/duck/Zhejiang/6DK1,A/duck/Zhejiang/6DK19/2013_H5N2,-0.130323,0.109643,0.015127,0.05384,Avian,N2
2214_A/duck/Zhejiang/7270,A/duck/Zhejiang/727041/2014_H5N2,-0.126161,0.105187,0.066425,0.034228,Avian,N2
2215_A/duck/Zhejiang/7271,A/duck/Zhejiang/727158/2014_H5N6,-0.140559,0.091659,0.057459,0.04655,Avian,N6
2216_A/duck/Zhejiang/7713,A/duck/Zhejiang/77138/2014_H5N2,-0.122827,0.122883,-0.044698,-0.03485,Avian,N2
2217_A/duck/Zhejiang/9250,A/duck/Zhejiang/925019/2014_H5N8,0.094216,0.052536,-0.033512,0.040844,Avian,N8
2218_A/duck/Zhejiang/9251,A/duck/Zhejiang/925169/2014_H5N8,0.085953,0.048762,-0.034275,0.054349,Avian,N8
2219_A/duck/Zhejiang/W24/,A/duck/Zhejiang/W24/2013_H5N8,0.086411,0.059604,-0.031623,0.053251,Avian,N8
2220_A/egret/Zhejiang/W15,A/egret/Zhejiang/W15/2017_H5N6,-0.022531,-0.14941,-0.045819,0.012133,Avian,N6
2221_A/egret/Zhejiang/W18,A/egret/Zhejiang/W18/2017_H5N6,0.032349,0.050716,-0.153842,0.063406,Avian,N6
2222_A/equine/China/61/20,A/equine/China/61/2010_H5N1,-0.120592,0.083108,-0.002509,-0.020291,Nonhuman Mammal,N1
2223_A/equine/China/67/20,A/equine/China/67/2010_H5N1,-0.111857,0.089317,-0.001216,-0.020292,Nonhuman Mammal,N1
2224_A/equine/China/68/20,A/equine/China/68/2010_H5N1,-0.12833,0.038874,-0.029116,-0.02145,Nonhuman Mammal,N1
2225_A/eurasian_coot/Shan,A/eurasian_coot/Shandong/W5611/2020_H5N8,0.139683,0.028743,0.08154,0.025452,Avian,N8
2226_A/eurasian_coot/Shan,A/eurasian_coot/Shandong/W6137/2020_H5N8,0.139683,0.028743,0.08154,0.025452,Avian,N8
2227_A/eurasian_coot/Shan,A/eurasian_coot/Shandong/W6143/2020_H5N8,0.139683,0.028743,0.08154,0.025452,Avian,N8
2228_A/eurasian_coot/Shan,A/eurasian_coot/Shandong/W6150/2020_H5N8,0.139683,0.028743,0.08154,0.025452,Avian,N8
2229_A/feline/Guangdong/2,A/feline/Guangdong/2/2015_H5N6,-0.03301,-0.170563,-0.024923,0.010263,Nonhuman Mammal,N6
2230_A/gadwall/Ningxia/YG,A/gadwall/Ningxia/YG61/2017_H5N6,0.151985,0.025652,0.094863,-0.011773,Avian,N6
2231_A/goose/Changhua/150,A/goose/Changhua/15040008/2015_H5N2,0.139629,0.032246,-0.023612,-0.059994,Avian,N2
2232_A/goose/Chiayi/15010,A/goose/Chiayi/15010008-3/2015_H5N2,0.121411,0.030192,-0.012301,-0.059316,Avian,N2
2233_A/goose/Chiayi/15010,A/goose/Chiayi/15010016-1/2015_H5N2,0.135228,0.040492,-0.015252,-0.055044,Avian,N2
2234_A/goose/Chiayi/15020,A/goose/Chiayi/15020022/2015_H5N8,0.004486,-0.040311,0.119145,0.018143,Avian,N8
2235_A/goose/Chiayi/16010,A/goose/Chiayi/16010017-2/2016_H5N2,0.1007,0.030724,-0.011207,-0.046717,Avian,N2
2236_A/goose/Chiayi/16040,A/goose/Chiayi/16040003-1/2016_H5N2,0.107968,0.032365,-0.026889,-0.040626,Avian,N2
2237_A/goose/Chiayi/16040,A/goose/Chiayi/16040005/2016_H5N2,0.107968,0.032365,-0.026889,-0.040626,Avian,N2
2238_A/goose/Chiayi/17020,A/goose/Chiayi/17020027-1/2017_H5N2,0.126918,0.035843,0.005531,-0.054609,Avian,N2
2239_A/goose/Chiayi/17040,A/goose/Chiayi/17040014/2017_H5N2,0.120823,0.043309,-0.016139,-0.040264,Avian,N2
2240_A/goose/Chiayi/18010,A/goose/Chiayi/18010006/2018_H5N2,0.108005,0.040694,0.014324,-0.052864,Avian,N2
2241_A/goose/Chiayi/18020,A/goose/Chiayi/18020014-1/2018_H5N2,0.113827,0.051688,0.008388,-0.045592,Avian,N2
2242_A/goose/Chiayi/18020,A/goose/Chiayi/18020014-2/2018_H5N2,0.113827,0.051688,0.008388,-0.045592,Avian,N2
2243_A/goose/China/0701/2,A/goose/China/0701/2018_H5N6,-0.094369,-0.120711,-0.046765,-0.032877,Avian,N6
2244_A/goose/China/1/2021,A/goose/China/1/2021_H5N8,0.144188,0.022807,0.078104,0.018715,Avian,N8
2245_A/goose/China/1106/2,A/goose/China/1106/2016_H5N2,0.022319,-0.069945,0.12332,-0.018316,Avian,N2
2246_A/goose/China/E43/20,A/goose/China/E43/2012_H5N1,-0.12564,0.080492,-0.014877,0.061603,Avian,N1
2247_A/goose/China/M14/20,A/goose/China/M14/2016_H5N6,0.034062,0.042717,-0.159591,0.058985,Avian,N6
2248_A/goose/Eastern_Chin,A/goose/Eastern_China/1112/2011_H5N2,-0.004562,-0.011764,0.063041,-0.047805,Avian,N2
2249_A/goose/Eastern_Chin,A/goose/Eastern_China/223/2008_H5N1,-0.064713,0.04684,0.022421,0.02452,Avian,N1
2250_A/goose/Eastern_Chin,A/goose/Eastern_China/CZ/2013_H5N8,0.090201,0.061095,-0.030445,0.051822,Avian,N8
2251_A/goose/Eastern_Chin,A/goose/Eastern_China/L1204/2012_H5N8,-0.024004,-0.027225,0.109586,-0.081061,Avian,N8
2252_A/goose/Eastern_Chin,A/goose/Eastern_China/L1214/2012_H5N8,0.132647,0.028653,-0.008382,0.087287,Avian,N8
2253_A/goose/Eastern_Chin,A/goose/Eastern_China/S0408/2014_H5N8,0.079519,0.039686,-0.012217,0.054681,Avian,N8
2254_A/goose/Eastern_Chin,A/goose/Eastern_China/S0513/2013_H5N6,-0.124885,0.091194,0.052764,0.028043,Avian,N6
2255_A/goose/Fujian/10.11,A/goose/Fujian/10.11_FZHX1001-C/2016_H5N6,-0.054378,-0.177124,-0.003986,0.003908,Avian,N6
2256_A/goose/Fujian/10.26,A/goose/Fujian/10.26_FZHX0002-C/2017_H5N6,-0.046876,-0.185228,-0.000837,-0.011772,Avian,N6
2257_A/goose/Fujian/10.26,A/goose/Fujian/10.26_FZHX0002-O/2017_H5N6,-0.04551,-0.186436,-0.001459,-0.011842,Avian,N6
2258_A/goose/Fujian/10.26,A/goose/Fujian/10.26_FZHX0004-C/2017_H5N6,-0.046876,-0.185228,-0.000837,-0.011772,Avian,N6
2259_A/goose/Fujian/10.26,A/goose/Fujian/10.26_FZHX0004-O/2017_H5N6,-0.046876,-0.185228,-0.000837,-0.011772,Avian,N6
2260_A/goose/Fujian/10.26,A/goose/Fujian/10.26_FZHX0006-C/2017_H5N6,-0.046876,-0.185228,-0.000837,-0.011772,Avian,N6
2261_A/goose/Fujian/10.26,A/goose/Fujian/10.26_FZHX0006-O/2017_H5N6,-0.046876,-0.185228,-0.000837,-0.011772,Avian,N6
2262_A/goose/Fujian/10.26,A/goose/Fujian/10.26_FZHX0007-O/2017_H5N6,-0.046876,-0.185228,-0.000837,-0.011772,Avian,N6
2263_A/goose/Fujian/10.26,A/goose/Fujian/10.26_FZHX0008-C/2017_H5N6,-0.046876,-0.185228,-0.000837,-0.011772,Avian,N6
2264_A/goose/Fujian/10.26,A/goose/Fujian/10.26_FZHX0014-O/2017_H5N6,-0.046876,-0.185228,-0.000837,-0.011772,Avian,N6
2265_A/goose/Fujian/11.3_,A/goose/Fujian/11.3_FZHX1102-C/2016_H5N6,-0.052316,-0.172182,-0.003976,0.004061,Avian,N6
2266_A/goose/Fujian/3.15_,A/goose/Fujian/3.15_FZHX0001-O/2018_H5N6,-0.057154,-0.172915,-0.021796,0.005531,Avian,N6
2267_A/goose/Fujian/3.15_,A/goose/Fujian/3.15_FZHX0005-C/2018_H5N6,-0.054907,-0.172464,-0.023137,0.006238,Avian,N6
2268_A/goose/Fujian/3.15_,A/goose/Fujian/3.15_FZHX0007-C/2018_H5N6,-0.069144,-0.164412,-0.010623,0.02101,Avian,N6
2269_A/goose/Fujian/3.15_,A/goose/Fujian/3.15_FZHX0008-C/2018_H5N6,-0.047041,-0.17302,-0.029645,0.018888,Avian,N6
2270_A/goose/Fujian/3.15_,A/goose/Fujian/3.15_FZHX0010-O/2018_H5N6,-0.058902,-0.161201,0.003625,0.011155,Avian,N6
2271_A/goose/GuangDong/11,A/goose/GuangDong/1189/2023_H5N1,-0.011077,0.037536,-0.033835,0.004967,Avian,N1
2272_A/goose/Guangdong/7.,A/goose/Guangdong/7.20_DGCP010-C/2017_H5N6,-0.056746,-0.152049,-0.014729,0.011649,Avian,N6
2273_A/goose/Guangdong/72,A/goose/Guangdong/72/2004_H5N1,-0.115773,0.057631,0.008508,-0.027545,Avian,N1
2274_A/goose/Guangdong/QY,A/goose/Guangdong/QY01/2016_H5N6,-0.051606,-0.164209,0.000752,-0.005508,Avian,N6
2275_A/goose/Guangdong/k0,A/goose/Guangdong/k0103/2010_H5N5,-0.014697,-0.02354,0.036469,-0.025452,Avian,Others
2276_A/goose/Guangdong/s1,A/goose/Guangdong/s13124/2013_H5N8,-0.036773,-0.024797,0.116401,-0.062366,Avian,N8
2277_A/goose/Hebei/HG12/2,A/goose/Hebei/HG12/2021_H5N8,0.141562,0.02783,0.081428,0.025783,Avian,N8
2278_A/goose/Henan/01.01_,A/goose/Henan/01.01_LYGL001-O/2017_H5N6,-0.033675,-0.148589,-0.020171,0.018053,Avian,N6
2279_A/goose/Hong_Kong/23,A/goose/Hong_Kong/23/1978_H5N3,-0.053525,-0.025995,-0.003602,0.040909,Avian,Others
2280_A/goose/Hubei/65/200,A/goose/Hubei/65/2005_H5N1,-0.0883,0.029311,-0.054579,-0.019793,Avian,N1
2281_A/goose/Inner_Mongol,A/goose/Inner_Mongolia/IM-192/2014_H5N1,0.122402,-0.023498,-0.012582,-0.047086,Avian,N1
2282_A/goose/Jiangsu/QD5/,A/goose/Jiangsu/QD5/2014_H5N8,0.083963,0.037004,-0.009321,0.047319,Avian,N8
2283_A/goose/Jiangsu/k040,A/goose/Jiangsu/k0403/2010_H5N1,-0.113542,0.082307,0.003614,-0.002801,Avian,N1
2284_A/goose/Pingtung/150,A/goose/Pingtung/15010007-4/2015_H5N2,0.128705,0.034726,-0.017864,-0.054348,Avian,N2
2285_A/goose/Pingtung/150,A/goose/Pingtung/15010037-1/2015_H5N2,0.127442,0.038153,-0.018411,-0.050105,Avian,N2
2286_A/goose/Pingtung/150,A/goose/Pingtung/15050014/2015_H5N8,0.066657,0.056843,-0.134139,0.025872,Avian,N8
2287_A/goose/Pingtung/160,A/goose/Pingtung/16010061/2016_H5N8,0.064244,0.059673,-0.131999,0.02596,Avian,N8
2288_A/goose/Shantou/1763,A/goose/Shantou/1763/2014_H5N6,-0.132251,0.080817,0.048331,0.033034,Avian,N6
2289_A/goose/Tainan/16040,A/goose/Tainan/16040018-1/2016_H5N8,0.064127,0.052604,-0.133931,0.020965,Avian,N8
2290_A/goose/Tainan/16070,A/goose/Tainan/16070002/2016_H5N8,0.063072,0.052317,-0.130395,0.020028,Avian,N8
2291_A/goose/Tainan/17030,A/goose/Tainan/17030022-1/2017_H5N2,0.120183,0.037018,-0.009714,-0.049289,Avian,N2
2292_A/goose/Tainan/17030,A/goose/Tainan/17030024-1/2017_H5N2,0.113354,0.018493,-0.00724,-0.058082,Avian,N2
2293_A/goose/Tainan/18010,A/goose/Tainan/18010022-1/2018_H5N2,0.115029,0.056347,0.011241,-0.047213,Avian,N2
2294_A/goose/Tainan/18050,A/goose/Tainan/18050014-1/2018_H5N2,0.113159,0.021818,0.007209,-0.047863,Avian,N2
2295_A/goose/Taiwan/01019,A/goose/Taiwan/01019/2015_H5N8,0.004511,-0.052794,0.117999,0.016476,Avian,N8
2296_A/goose/Taiwan/01022,A/goose/Taiwan/01022/2015_H5N2,0.131442,0.028908,-0.022524,-0.05809,Avian,N2
2297_A/goose/Taiwan/01023,A/goose/Taiwan/01023/2015_H5N2,0.126943,0.036899,-0.015766,-0.050886,Avian,N2
2298_A/goose/Taiwan/01031,A/goose/Taiwan/01031/2015_H5N2,0.128586,0.031717,-0.016138,-0.058666,Avian,N2
2299_A/goose/Taiwan/01038,A/goose/Taiwan/01038/2015_H5N3,0.066645,0.063569,-0.130308,0.026998,Avian,Others
2300_A/goose/Taiwan/01039,A/goose/Taiwan/01039/2015_H5N8,0.003178,-0.041853,0.123164,0.016299,Avian,N8
2301_A/goose/Taiwan/01040,A/goose/Taiwan/01040/2015_H5N2,0.127331,0.034584,-0.021127,-0.052797,Avian,N2
2302_A/goose/Taiwan/TNC1/,A/goose/Taiwan/TNC1/2015_H5N8,0.003955,-0.049087,0.119402,0.018477,Avian,N8
2303_A/goose/Taiwan/TNC10,A/goose/Taiwan/TNC10/2015_H5N8,0.003955,-0.049087,0.119402,0.018477,Avian,N8
2304_A/goose/Taiwan/TNC11,A/goose/Taiwan/TNC11/2015_H5N8,0.014438,-0.043953,0.122939,0.009383,Avian,N8
2305_A/goose/Taiwan/TNC12,A/goose/Taiwan/TNC12/2015_H5N8,0.003955,-0.049087,0.119402,0.018477,Avian,N8
2306_A/goose/Taiwan/TNC14,A/goose/Taiwan/TNC14/2015_H5N8,0.003955,-0.049087,0.119402,0.018477,Avian,N8
2307_A/goose/Taiwan/TNC3/,A/goose/Taiwan/TNC3/2015_H5N8,0.000086,-0.048787,0.123774,0.016603,Avian,N8
2308_A/goose/Taiwan/TNC7/,A/goose/Taiwan/TNC7/2015_H5N8,0.003955,-0.049087,0.119402,0.018477,Avian,N8
2309_A/goose/Taiwan/TNC9/,A/goose/Taiwan/TNC9/2015_H5N8,0.002298,-0.048343,0.122454,0.017299,Avian,N8
2310_A/goose/Taiwan/TNO15,A/goose/Taiwan/TNO15/2015_H5N8,0.006087,-0.046295,0.120267,0.016219,Avian,N8
2311_A/goose/Taiwan/TNO3/,A/goose/Taiwan/TNO3/2015_H5N8,0.005953,-0.044804,0.12093,0.014344,Avian,N8
2312_A/goose/Taiwan/TNO9/,A/goose/Taiwan/TNO9/2015_H5N8,0.006858,-0.046458,0.119692,0.013854,Avian,N8
2313_A/goose/Taoyuan/1501,A/goose/Taoyuan/15010041/2015_H5N8,0.006585,-0.044778,0.120827,0.015071,Avian,N8
2314_A/goose/Taoyuan/1812,A/goose/Taoyuan/18120002-2/2018_H5N2,0.132211,0.003232,-0.020917,-0.040939,Avian,N2
2315_A/goose/Xinjiang/12.,A/goose/Xinjiang/12.18_WLMQXL001-C/2016_H5N6,0.110353,-0.006221,-0.091823,0.133184,Avian,N6
2316_A/goose/Xinjiang/12.,A/goose/Xinjiang/12.18_WLMQXL002-O/2016_H5N6,0.111597,-0.006891,-0.092687,0.134026,Avian,N6
2317_A/goose/Xinjiang/12.,A/goose/Xinjiang/12.18_WLMQXL003-C/2016_H5N8,0.112867,0.040314,0.03854,-0.033608,Avian,N8
2318_A/goose/Xinjiang/12.,A/goose/Xinjiang/12.18_WLMQXL003-O/2016_H5N8,0.114444,0.036853,0.038535,-0.039044,Avian,N8
2319_A/goose/Xinjiang/12.,A/goose/Xinjiang/12.18_WLMQXL004-C/2016_H5N8,0.114444,0.036853,0.038535,-0.039044,Avian,N8
2320_A/goose/Xinjiang/12.,A/goose/Xinjiang/12.18_WLMQXL004-O/2016_H5N8,0.114444,0.036853,0.038535,-0.039044,Avian,N8
2321_A/goose/Yangzhou/042,A/goose/Yangzhou/0420/2014_H5N8,0.078337,0.049119,0.000879,0.050298,Avian,N8
2322_A/goose/Yangzhou/YZ5,A/goose/Yangzhou/YZ587/2016_H5N6,-0.050611,-0.147963,0.014491,0.007423,Avian,N6
2323_A/goose/Yunlin/15010,A/goose/Yunlin/15010005/2015_H5N2,0.133166,0.040969,-0.022464,-0.050852,Avian,N2
2324_A/goose/Yunlin/15010,A/goose/Yunlin/15010009-1/2015_H5N2,0.132838,0.042287,-0.017845,-0.051012,Avian,N2
2325_A/goose/Yunlin/15010,A/goose/Yunlin/15010010-2/2015_H5N2,0.129519,0.039683,-0.021134,-0.052606,Avian,N2
2326_A/goose/Yunlin/15010,A/goose/Yunlin/15010011-1/2015_H5N2,0.135055,0.028324,-0.02859,-0.058546,Avian,N2
2327_A/goose/Yunlin/15010,A/goose/Yunlin/15010029-1/2015_H5N2,0.129622,0.038062,-0.021365,-0.052222,Avian,N2
2328_A/goose/Yunlin/15040,A/goose/Yunlin/15040040/2015_H5N8,0.001983,-0.049353,0.121074,0.016215,Avian,N8
2329_A/goose/Yunlin/16020,A/goose/Yunlin/16020008-4/2016_H5N2,0.105662,0.035191,-0.02602,-0.038294,Avian,N2
2330_A/goose/Yunlin/16020,A/goose/Yunlin/16020011-1/2016_H5N2,0.106624,0.037857,-0.024243,-0.037559,Avian,N2
2331_A/goose/Yunlin/16040,A/goose/Yunlin/16040002-2/2016_H5N2,0.10393,0.033988,-0.026405,-0.035369,Avian,N2
2332_A/goose/Yunlin/17100,A/goose/Yunlin/17100005/2017_H5N2,0.116162,0.033153,0.006583,-0.050907,Avian,N2
2333_A/goose/Yunlin/18030,A/goose/Yunlin/18030020-2/2018_H5N2,0.081187,0.021393,-0.032009,0.002851,Avian,N2
2334_A/goose/Yunlin/18030,A/goose/Yunlin/18030020-3/2018_H5N2,0.081187,0.021393,-0.032009,0.002851,Avian,N2
2335_A/goose/Yunlin/18040,A/goose/Yunlin/18040002-3/2018_H5N2,0.110802,0.043514,0.015395,-0.044776,Avian,N2
2336_A/goose/Yunlin/18040,A/goose/Yunlin/18040018-2/2018_H5N2,0.115342,0.033444,0.010445,-0.052688,Avian,N2
2337_A/goose/Yunlin/18090,A/goose/Yunlin/18090002-3/2018_H5N2,0.101079,0.027613,0.017922,-0.059192,Avian,N2
2338_A/goose/Yunlin/18090,A/goose/Yunlin/18090006-1/2018_H5N2,0.097819,-0.006604,-0.023025,-0.02666,Avian,N2
2339_A/goose/Yunlin/18110,A/goose/Yunlin/18110002-3/2018_H5N2,0.096005,0.018633,-0.061239,-0.073639,Avian,N2
2340_A/goose/Yunnan/3798/,A/goose/Yunnan/3798/2006_H5N1,-0.119845,0.084638,-0.003448,-0.013067,Avian,N1
2341_A/goose/Yunnan/4371/,A/goose/Yunnan/4371/2006_H5N1,-0.118337,0.077875,-0.004776,-0.013624,Avian,N1
2342_A/goose/Yunnan/4389/,A/goose/Yunnan/4389/2006_H5N1,-0.118337,0.077875,-0.004776,-0.013624,Avian,N1
2343_A/goose/Yunnan/4985/,A/goose/Yunnan/4985/2006_H5N1,-0.118337,0.077875,-0.004776,-0.013624,Avian,N1
2344_A/goose/Yunnan/5141/,A/goose/Yunnan/5141/2006_H5N1,-0.119055,0.078929,-0.005823,-0.012905,Avian,N1
2345_A/goose/Yunnan/5769/,A/goose/Yunnan/5769/2006_H5N1,-0.08277,0.034819,-0.054268,-0.012377,Avian,N1
2346_A/goose/Yunnan/5979/,A/goose/Yunnan/5979/2006_H5N1,-0.08277,0.034819,-0.054268,-0.012377,Avian,N1
2347_A/goose/Yunnan/6193/,A/goose/Yunnan/6193/2006_H5N1,-0.120317,0.052715,-0.016742,-0.015804,Avian,N1
2348_A/goose/Zhejiang/112,A/goose/Zhejiang/1120132/2014_H5N6,-0.097855,0.077858,0.001741,0.02585,Avian,N6
2349_A/goose/Zhejiang/112,A/goose/Zhejiang/112071/2014_H5N1,0.142871,0.002218,-0.061605,0.117566,Avian,N1
2350_A/goose/Zhejiang/112,A/goose/Zhejiang/112080/2014_H5N6,-0.083336,0.095166,0.003766,0.014348,Avian,N6
2351_A/goose/Zhejiang/727,A/goose/Zhejiang/727092/2014_H5N6,-0.140665,0.090441,0.057029,0.047299,Avian,N6
2352_A/goose/Zhejiang/727,A/goose/Zhejiang/727098/2014_H5N1,0.087879,0.044182,0.007516,-0.036583,Avian,N1
2353_A/goose/Zhejiang/727,A/goose/Zhejiang/727110/2014_H5N6,-0.146578,0.092976,0.06139,0.047017,Avian,N6
2354_A/goose/Zhejiang/771,A/goose/Zhejiang/77166/2014_H5N2,-0.122194,0.119858,-0.047457,-0.035518,Avian,N2
2355_A/goose/Zhejiang/771,A/goose/Zhejiang/77167/2014_H5N2,-0.122827,0.122883,-0.044698,-0.03485,Avian,N2
2356_A/goose/Zhejiang/771,A/goose/Zhejiang/77168/2014_H5N2,-0.122827,0.122883,-0.044698,-0.03485,Avian,N2
2357_A/goose/Zhejiang/925,A/goose/Zhejiang/925036/2014_H5N6,-0.132377,0.092831,0.056889,0.043179,Avian,N6
2358_A/goose/Zhejiang/925,A/goose/Zhejiang/925037/2014_H5N8,0.079456,0.059088,-0.023082,0.06121,Avian,N8
2359_A/goose/Zhejiang/925,A/goose/Zhejiang/925104/2014_H5N8,0.088646,0.06497,-0.015179,0.056663,Avian,N8
2360_A/goose/Zhejiang/925,A/goose/Zhejiang/925105/2014_H5N6,-0.105517,0.103041,0.006026,0.044062,Avian,N6
2361_A/goose/Zhejiang/925,A/goose/Zhejiang/925106/2014_H5N6,0.099317,0.058599,-0.018563,0.038497,Avian,N6
2362_A/goose/Zhejiang/925,A/goose/Zhejiang/925108/2014_H5N6,-0.100022,0.103729,0.007372,0.040805,Avian,N6
2363_A/great_black-headed,A/great_black-headed_gull/Qinghai/8/2009_H5N1,-0.119907,0.074646,0.007216,-0.008445,Avian,N1
2364_A/great_crested-greb,A/great_crested-grebe/Qinghai/1/2009_H5N1,-0.107133,0.068593,-0.006532,-0.006936,Avian,N1
2365_A/great_egret/Hong_K,A/great_egret/Hong_Kong/807/2008_H5N1,-0.11996,0.080159,0.016616,-0.004172,Avian,N1
2366_A/great_tit/Panjing/,A/great_tit/Panjing/PJ-66/2013_H5N1,0.105988,0.040188,-0.115513,0.062064,Avian,N1
2367_A/green-winged_teal/,A/green-winged_teal/Xianghai/430/2011_H5N2,0.102529,0.027524,-0.051196,0.032731,Avian,N2
2368_A/grey_heron/Hong_Ko,A/grey_heron/Hong_Kong/1046/2008_H5N1,-0.127774,0.092726,0.021447,0.013303,Avian,N1
2369_A/grey_heron/Hong_Ko,A/grey_heron/Hong_Kong/3088/2007_H5N1,-0.117693,0.08565,0.015905,-0.006316,Avian,N1
2370_A/heron/Kaohsiung/15,A/heron/Kaohsiung/15WB3284-1-5/2015_H5N3,0.139605,0.016471,-0.046035,-0.031217,Avian,Others
2371_A/heron/Yilan/17DB00,A/heron/Yilan/17DB0001/2017_H5N2,0.136073,0.041174,-0.036035,-0.042206,Avian,N2
2372_A/hill_myna/Heilongj,A/hill_myna/Heilongjiang/0704/2012_H5N1,-0.158201,0.121424,-0.040376,-0.019307,Avian,N1
2373_A/lesser_kestrel/Hei,A/lesser_kestrel/Heilongjiang/194/2007_H5N1,0.138224,0.050148,0.015754,0.108652,Avian,N1
2374_A/lion/Hubei/1-2/201,A/lion/Hubei/1-2/2016_H5N1,0.099909,0.056217,-0.129836,0.100156,Nonhuman Mammal,N1
2375_A/little_egret/Hong_,A/little_egret/Hong_Kong/8550/2007_H5N1,-0.136634,0.078937,0.002057,0.030523,Avian,N1
2376_A/little_grebe/Xiang,A/little_grebe/Xianghai/429/2011_H5N2,0.061242,-0.130145,0.039483,0.041741,Avian,N2
2377_A/magpie_robin/Hong_,A/magpie_robin/Hong_Kong/1097/2008_H5N1,-0.11956,0.083585,0.017545,0.000084,Avian,N1
2378_A/magpie_robin/Hong_,A/magpie_robin/Hong_Kong/1897/2008_H5N1,-0.119937,0.077408,0.020675,-0.00597,Avian,N1
2379_A/mallard/Shanghai/S,A/mallard/Shanghai/SH-9/2013_H5N8,0.091173,0.045499,-0.021557,0.045337,Avian,N8
2380_A/meerkat/Shanghai/S,A/meerkat/Shanghai/SH-1/2012_H5N1,0.09069,0.034326,-0.000136,-0.01376,Avian,N1
2381_A/migratory_waterfow,A/migratory_waterfowl/Hubei/Chenhu1306/2014_H5N6,-0.113317,0.11454,0.011311,0.054942,Avian,N6
2382_A/migratory_waterfow,A/migratory_waterfowl/Hubei/Chenhu1347/2014_H5N6,-0.113778,0.118257,0.013534,0.053075,Avian,N6
2383_A/mink/China/181/201,A/mink/China/181/2019_H5N6,-0.065841,-0.152264,-0.013303,0.02353,Nonhuman Mammal,N6
2384_A/mink/China/183/201,A/mink/China/183/2019_H5N6,-0.045607,-0.146084,-0.0133,0.015891,Nonhuman Mammal,N6
2385_A/mink/China/191/201,A/mink/China/191/2019_H5N6,-0.045182,-0.141585,-0.014189,0.017633,Nonhuman Mammal,N6
2386_A/mink/China/456/201,A/mink/China/456/2018_H5N6,-0.056744,-0.167745,-0.001331,0.009303,Nonhuman Mammal,N6
2387_A/mink/China/G/2015_,A/mink/China/G/2015_H5N1,-0.157948,0.081321,0.019745,0.054749,Nonhuman Mammal,N1
2388_A/mink/China/XB/2015,A/mink/China/XB/2015_H5N1,0.091837,0.048625,-0.123524,0.089586,Nonhuman Mammal,N1
2389_A/mink/Eastern_China,A/mink/Eastern_China/006/2018_H5N6,0.116144,0.01645,0.091869,0.032428,Nonhuman Mammal,N6
2390_A/mink/Eastern_China,A/mink/Eastern_China/0712/2018_H5N1,-0.052484,-0.016519,0.085113,0.023784,Nonhuman Mammal,N1
2391_A/mink/Eastern_China,A/mink/Eastern_China/149/2018_H5N6,-0.052255,-0.144039,0.000755,0.013834,Nonhuman Mammal,N6
2392_A/mink/Eastern_China,A/mink/Eastern_China/528/2018_H5N6,0.121721,0.006162,0.091888,0.039181,Nonhuman Mammal,N6
2393_A/mink/Eastern_China,A/mink/Eastern_China/571/2018_H5N6,-0.10281,-0.106623,-0.032548,-0.027027,Nonhuman Mammal,N6
2394_A/mink/Northern_Chin,A/mink/Northern_China/110/2018_H5N6,0.11729,0.025328,0.106149,0.031393,Nonhuman Mammal,N6
2395_A/night_heron/Taiwan,A/night_heron/Taiwan/A289/2015_H5N2,0.128556,0.043943,-0.018334,-0.048486,Avian,N2
2396_A/oriental_magpie_ro,A/oriental_magpie_robin/HK/6154/2015_H5N6,0.080918,0.015007,-0.111475,0.052672,Avian,N6
2397_A/ostrich/Suzhou/097,A/ostrich/Suzhou/097/2003_H5N1,-0.064671,0.020075,0.00123,0.020373,Avian,N1
2398_A/parrot/Guangdong/2,A/parrot/Guangdong/258/2004_H5N2,0.046211,-0.083813,0.125904,0.059725,Avian,N2
2399_A/parrot/Guangdong/C,A/parrot/Guangdong/C99/2005_H5N1,-0.110876,0.054123,-0.027778,-0.014969,Avian,N1
2400_A/partridge/Shantou/,A/partridge/Shantou/2886/2003_H5N1,-0.04158,0.01123,-0.012002,0.009025,Avian,N1
2401_A/peacock/Yunnan/1/2,A/peacock/Yunnan/1/2015_H5N1,0.073183,0.035367,-0.106372,0.085845,Avian,N1
2402_A/peacock/Yunnan/3/2,A/peacock/Yunnan/3/2015_H5N1,0.074741,0.038844,-0.109486,0.088188,Avian,N1
2403_A/peregrine_falcon/H,A/peregrine_falcon/Hong_Kong/2142/2008_H5N1,-0.11434,0.06017,-0.014944,-0.006138,Avian,N1
2404_A/pheasant/Shantou/3,A/pheasant/Shantou/3535/2003_H5N1,-0.098875,0.04333,-0.028731,-0.035362,Avian,N1
2405_A/pheasant/Shantou/4,A/pheasant/Shantou/4567/2002_H5N1,-0.105067,0.039234,-0.041005,-0.025849,Avian,N1
2406_A/pied_megpie/Liaoni,A/pied_megpie/Liaoning/7/2006_H5N1,-0.113994,0.053661,-0.018958,-0.019711,Avian,N1
2407_A/pigeon/Fujian/1.17,A/pigeon/Fujian/1.17_FZHX0104-O/2017_H5N6,-0.052102,-0.179306,-0.005052,-0.00038,Avian,N6
2408_A/pigeon/Hainan/1.14,A/pigeon/Hainan/1.14_HKPL006-C/2018_H5N6,-0.058917,-0.160875,-0.011451,0.008247,Avian,N6
2409_A/pigeon/Hubei/RP25/,A/pigeon/Hubei/RP25/2012_H5N1,-0.117291,0.083539,0.013341,-0.027039,Avian,N1
2410_A/pigeon/Sichuan/NCX,A/pigeon/Sichuan/NCXN29/2014_H5N1,-0.136428,0.09862,0.03115,0.048012,Avian,N1
2411_A/pigeon/Zhejiang/11,A/pigeon/Zhejiang/112089/2014_H5N1,0.149974,0.006975,-0.068755,0.122427,Avian,N1
2412_A/pigeon/Zhejiang/11,A/pigeon/Zhejiang/112090/2014_H5N1,0.135922,-0.003524,-0.063395,0.119085,Avian,N1
2413_A/pigeon/Zhejiang/72,A/pigeon/Zhejiang/727097/2014_H5N1,0.087373,0.043165,0.007624,-0.035707,Avian,N1
2414_A/plateau_pika/Qingh,A/plateau_pika/Qinghai/04/2007_H5N1,-0.045527,-0.032339,-0.008938,0.004932,Nonhuman Mammal,N1
2415_A/quail/Guangxi/11/2,A/quail/Guangxi/11/2002_H5N1,-0.082323,0.065252,-0.031278,-0.023846,Avian,N1
2416_A/quail/Guangxi/12/2,A/quail/Guangxi/12/2002_H5N1,-0.082163,0.067573,-0.032045,-0.021731,Avian,N1
2417_A/quail/Guangxi/13/2,A/quail/Guangxi/13/2002_H5N1,-0.083511,0.061129,-0.037686,-0.018324,Avian,N1
2418_A/quail/Jiangsu/k010,A/quail/Jiangsu/k0104/2010_H5N5,0.011672,0.024521,0.013668,-0.026029,Avian,Others
2419_A/quail/Nanchang/663,A/quail/Nanchang/6631/2013_H5N1,-0.152012,0.092343,0.014429,0.054768,Avian,N1
2420_A/shrike/Tibet/13/20,A/shrike/Tibet/13/2006_H5N1,-0.083863,0.035039,-0.036165,-0.029322,Avian,N1
2421_A/silkie_chicken/Don,A/silkie_chicken/Dongguan/2809/2013_H5N6,-0.132401,0.082431,0.060034,0.027739,Avian,N6
2422_A/silky_chicken/Shan,A/silky_chicken/Shantou/475/2004_H5N1,-0.116542,0.031771,-0.010158,-0.026251,Avian,N1
2423_A/spot-billed_duck/N,A/spot-billed_duck/Ningxia/YG83/2017_H5N6,0.109745,0.036274,0.017704,-0.024369,Avian,N6
2424_A/spot-billed_duck/N,A/spot-billed_duck/Ningxia/YG87/2017_H5N6,0.1489,0.005527,0.085079,-0.008481,Avian,N6
2425_A/spot-billed_duck/N,A/spot-billed_duck/Ningxia/YG93/2017_H5N6,0.143807,0.022597,0.099477,-0.002124,Avian,N6
2426_A/spot-billed_duck/X,A/spot-billed_duck/Xianghai/427/2011_H5N2,0.118247,0.014493,-0.023351,0.084752,Avian,N2
2427_A/swan_goose/Jilin/J,A/swan_goose/Jilin/JL01/2014_H5N6,-0.128576,0.104113,0.029146,0.052239,Avian,N6
2428_A/swan/China/ST/2016,A/swan/China/ST/2016_H5N8,0.103002,0.027672,0.068634,-0.040573,Avian,N8
2429_A/swan/Shandong/W376,A/swan/Shandong/W3762/2020_H5N8,-0.036168,-0.003988,0.047661,-0.036927,Avian,N8
2430_A/swan/Shanghai/10/2,A/swan/Shanghai/10/2009_H5N1,-0.121095,0.093091,0.029436,-0.006128,Avian,N1
2431_A/swine/China/RZ/201,A/swine/China/RZ/2018_H5N6,-0.094142,-0.128721,-0.053878,-0.034429,Nonhuman Mammal,N6
2432_A/swine/Guangdong/1/,A/swine/Guangdong/1/2014_H5N6,-0.14592,0.079235,0.06597,0.025972,Nonhuman Mammal,N6
2433_A/swine/Guangdong/2/,A/swine/Guangdong/2/2014_H5N6,-0.143969,0.078247,0.066294,0.022654,Nonhuman Mammal,N6
2434_A/swine/Guangxi/592/,A/swine/Guangxi/592/2011_H5N1,-0.155169,0.086193,0.030122,0.054736,Nonhuman Mammal,N1
2435_A/swine/Jiangsu/1/20,A/swine/Jiangsu/1/2008_H5N1,-0.123391,0.095987,-0.049881,-0.079538,Nonhuman Mammal,N1
2436_A/swine/Jiangsu/2/20,A/swine/Jiangsu/2/2009_H5N1,-0.13287,0.073237,-0.067682,-0.061465,Nonhuman Mammal,N1
2437_A/swine/Shandong/SD1,A/swine/Shandong/SD1/2014_H5N1,-0.108704,0.063839,-0.053791,-0.094413,Nonhuman Mammal,N1
2438_A/swine/Zhejiang/SW5,A/swine/Zhejiang/SW57/2015_H5N1,0.091827,0.045848,0.003274,-0.0328,Nonhuman Mammal,N1
2439_A/thrush/Taipei_City,A/thrush/Taipei_City/15120021/2015_H5N2,0.120197,0.047378,-0.010031,-0.053553,Avian,N2
2440_A/thrush/Taiwan/A234,A/thrush/Taiwan/A234/2015_H5N2,0.128998,0.036572,-0.02089,-0.051366,Avian,N2
2441_A/tiger/Yunnan/tig14,A/tiger/Yunnan/tig1404/2014_H5N1,-0.123125,0.079106,0.050615,0.020692,Nonhuman Mammal,N1
2442_A/tiger/Yunnan/tig14,A/tiger/Yunnan/tig1412/2014_H5N1,-0.158315,0.08901,0.024802,0.046836,Nonhuman Mammal,N1
2443_A/tiger/Yunnan/tig15,A/tiger/Yunnan/tig1508/2015_H5N1,0.071115,0.048271,-0.106525,0.094109,Nonhuman Mammal,N1
2444_A/turkey/Changhua/16,A/turkey/Changhua/16010011-1/2016_H5N2,0.103214,0.036273,-0.018566,-0.047225,Avian,N2
2445_A/turkey/Chiayi/1702,A/turkey/Chiayi/17020092-2/2017_H5N8,0.061993,0.050404,-0.129692,0.020083,Avian,N8
2446_A/turkey/Chiayi/1801,A/turkey/Chiayi/18010013-3/2018_H5N2,0.111555,0.044758,0.006138,-0.048114,Avian,N2
2447_A/turkey/Yunlin/1506,A/turkey/Yunlin/15060049-1/2015_H5N2,0.134292,0.036439,-0.024583,-0.051151,Avian,N2
2448_A/turkey/Yunlin/1802,A/turkey/Yunlin/18020020-2/2018_H5N2,0.114827,0.038386,0.007162,-0.050335,Avian,N2
2449_A/turkey/Yunlin/1811,A/turkey/Yunlin/18110001-3/2018_H5N2,0.102645,0.029953,0.015364,-0.053618,Avian,N2
2450_A/turkey/Yunlin/1812,A/turkey/Yunlin/18120005-2/2018_H5N2,0.084348,0.021893,-0.066882,-0.072512,Avian,N2
2451_A/turtle_dove/Guangd,A/turtle_dove/Guangdong/300/2005_H5N1,-0.088592,0.034348,-0.050594,-0.024327,Avian,N1
2452_A/turtledove/Wuhan/H,A/turtledove/Wuhan/HKBJ43/2015_H5N6,-0.148161,0.082263,0.062729,0.039102,Avian,N6
2453_A/turtledove/Wuhan/W,A/turtledove/Wuhan/WHBJ12/2014_H5N6,-0.154127,0.082872,0.064732,0.046844,Avian,N6
2454_A/turtledove/Wuhan/W,A/turtledove/Wuhan/WHBJ28/2014_H5N6,-0.154127,0.082872,0.064732,0.046844,Avian,N6
2455_A/waterfowl/Hong_Kon,A/waterfowl/Hong_Kong/378.5/2001_H5N1,-0.077118,0.055382,-0.047055,-0.032475,Avian,N1
2456_A/white-naped_crane/,A/white-naped_crane/China/ya3/2018_H5N6,-0.043153,-0.179747,0.006446,-0.014016,Avian,N6
2457_A/whooper_swan/Shanx,A/whooper_swan/Shanxi/RC01/2016_H5N8,0.10287,0.034086,0.046447,-0.031477,Avian,N8
2458_A/wild_bird/Eastern_,A/wild_bird/Eastern_China/1754/2017_H5N3,0.113804,0.029655,0.041892,-0.03507,Avian,Others
2459_A/wild_bird/Eastern_,A/wild_bird/Eastern_China/1758/2017_H5N3,0.112252,0.026628,0.038761,-0.032188,Avian,Others
2460_A/wild_bird/Eastern_,A/wild_bird/Eastern_China/1759/2017_H5N3,0.113804,0.029655,0.041892,-0.03507,Avian,Others
2461_A/wild_bird/Taipei/0,A/wild_bird/Taipei/04WB12-522-11-15/2004_H5N6,0.104726,0.006547,-0.0179,0.106628,Avian,N6
2462_A/wild_duck/Fujian/1,A/wild_duck/Fujian/1/2011_H5N1,-0.135189,0.103098,0.01517,0.05276,Avian,N1
2463_A/wild_duck/Fujian/2,A/wild_duck/Fujian/2/2011_H5N1,-0.142387,0.103993,0.01652,0.055191,Avian,N1
2464_A/wild_duck/Jilin/HF,A/wild_duck/Jilin/HF/2011_H5N1,-0.121315,0.089439,0.001334,0.008499,Avian,N1
2465_A/wild_duck/Jilin/ZF,A/wild_duck/Jilin/ZF/2011_H5N1,-0.115246,0.08773,0.00794,0.011822,Avian,N1
2466_A/wild_duck/Liaoning,A/wild_duck/Liaoning/8/2006_H5N1,-0.112726,0.058068,-0.003443,-0.022057,Avian,N1
2467_A/wild_duck/Shandong,A/wild_duck/Shandong/1/2011_H5N1,-0.135945,0.04298,-0.022169,-0.10129,Avian,N1
2468_A/wild_duck/Shandong,A/wild_duck/Shandong/2/2011_H5N1,-0.105678,0.065751,0.009868,0.033415,Avian,N1
2469_A/wild_duck/Shandong,A/wild_duck/Shandong/628/2011_H5N1,-0.013035,-0.024855,0.098944,-0.069767,Avian,N1
2470_A/wild_duck/Shandong,A/wild_duck/Shandong/W3580/2020_H5N8,0.143522,0.021036,0.079844,0.016427,Avian,N8
2471_A/wild_pigeon/Jilin/,A/wild_pigeon/Jilin/CC01/2014_H5N6,-0.135204,0.066094,0.037272,0.029206,Avian,N6
2472_A/Eurasian_Wigeon/Ni,A/Eurasian_Wigeon/Ningxia/476-12/2015_H5N6,-0.127914,0.073857,0.056804,0.029251,Avian,N6
