label,Isolate,Axis1,Axis2,Axis3,Axis4,Host,Subtype
1_A/Indonesia/5/2005,A/Indonesia/5/2005,-0.047067,-0.047691,-0.114964,0.036259,Human,N1
2_A/Hong_Kong/483/1997,A/Hong Kong/483/1997,-0.059464,0.013458,-0.067843,-0.001077,Human,N1
3_A/Hong_Kong/482/97,A/Hong Kong/482/97,-0.056056,-0.00535,-0.059038,-0.023989,Human,N1
4_A/Chicken/HongKong/F,A/Chicken/HongKong/FY150/01,-0.073112,-0.004578,-0.100529,0.055729,Avian,N1
5_A/Chicken/HongKong/Y,A/Chicken/HongKong/YU822.2/01,-0.030657,0.02682,-0.07223,0.037938,Avian,N1
6_A/Chicken/HongKong/Y,A/Chicken/HongKong/YU562/01,-0.06395,-0.01551,-0.106592,0.055151,Avian,N1
7_A/Pheasant/Hong_Kong,A/Pheasant/Hong Kong/FY155/01,-0.065539,-0.008762,-0.077022,0.040306,Avian,N1
8_A/Hong_Kong/486/97,A/Hong Kong/486/97,-0.058689,-0.008273,-0.059535,-0.022588,Human,N1
9_A/Thailand/16/2004,A/Thailand/16/2004,-0.070696,-0.047326,-0.091979,0.044608,Human,N1
10_A/Hong_Kong/538/97,A/Hong Kong/538/97,-0.060248,-0.00158,-0.066582,-0.02692,Human,N1
11_A/chicken/Indonesia/,A/chicken/Indonesia/7/2003,-0.053262,-0.047658,-0.130517,0.045554,Avian,N1
12_A/chicken/Korea/ES/0,A/chicken/Korea/ES/03,-0.082607,0.003709,0.032332,-0.036931,Avian,N1
13_A/Hong_Kong/156/97,A/Hong Kong/156/97,-0.055875,-0.003873,-0.058865,-0.022664,Human,N1
14_A/whooper_swan/Mongo,A/whooper swan/Mongolia/244/2005,-0.080973,-0.022106,-0.123894,0.044408,Avian,N1
15_A/Vietnam/UT3062/200,A/Vietnam/UT3062/2004,-0.066698,-0.040834,-0.092956,0.045505,Human,N1
16_A/Anas_crecca/Hubei/,A/Anas_crecca/Hubei/Chenhu1623-5/2014_H5N6,0.056426,0.013925,0.011558,0.012375,Avian,N6
17_A/Anas_crecca/Hubei/,A/Anas_crecca/Hubei/Chenhu1623-5/2014,0.056426,0.013925,0.011558,0.012375,Avian,N6
18_A/Anas_platyrhynchos,A/Anas_platyrhynchos/Chongming/H5N1_1/2024,-0.091048,-0.011903,0.018523,0.045708,Avian,N1
19_A/Anas_platyrhynchos,A/Anas_platyrhynchos/Jiujiang/H5N1/2024,-0.091048,-0.011903,0.018523,0.045708,Avian,N1
20_A/Anhui/1/2005|EPI_I,A/Anhui/1/2005,0.004669,-0.056247,0.032409,-0.027998,Human,N1
21_A/Anhui/1/2006|EPI_I,A/Anhui/1/2006,0.006125,-0.052831,0.037298,-0.026698,Human,N1
22_A/Anhui/2/2005|EPI_I,A/Anhui/2/2005,0.01129,-0.058615,0.030875,-0.028343,Human,N1
23_A/Anhui/2021-00011/2,A/Anhui/2021-00011/2020,0.07477,0.015201,-0.066102,-0.016285,Human,N6
24_A/Anhui/33163/2016|E,A/Anhui/33163/2016,-0.135483,-0.089618,-0.07778,0.031125,Human,N6
25_A/Anser_albifrons/Hu,A/Anser_albifrons/Hubei/Chenhu586/2013_H5N3,-0.08617,-0.006164,0.000194,-0.013581,Avian,Others
26_A/Anser_cygnoides/Ch,A/Anser_cygnoides/China/P126/2015,0.079057,0.037621,0.012263,0.012896,Avian,N1
27_A/Anser_cygnoides/Hu,A/Anser_cygnoides/Hubei/FW44/2016,-0.098133,0.004114,0.043643,-0.009609,Avian,N8
28_A/Anser_fabalis/Huna,A/Anser_fabalis/Hunan/03.09__YYDTH0007/2015(H5N6),0.064665,0.016377,-0.022918,0.009395,Avian,N6
29_A/Anser_fabalis/Jiuj,A/Anser_fabalis/Jiujiang/H5N1/2024,-0.091048,-0.011903,0.018523,0.045708,Avian,N1
30_A/bar_headed_goose/T,A/bar_headed_goose/Tibet/T1707/2021,-0.05171,0.001212,-0.005441,0.089582,Avian,N8
31_A/Bar-headed_Goose/Q,A/Bar-headed_Goose/Qinghai/A11/2016,-0.028394,-0.035787,0.108053,0.018629,Avian,N8
32_A/Bar-headed_Goose/Q,A/Bar-headed_Goose/Qinghai/A13/2016,-0.028394,-0.035787,0.108053,0.018629,Avian,N8
33_A/Bar-headed_Goose/Q,A/Bar-headed_Goose/Qinghai/a15/2016,-0.033026,-0.044111,0.108165,0.024621,Avian,N8
34_A/Bar-headed_Goose/Q,A/Bar-headed_Goose/Qinghai/A16/2016,-0.035802,-0.040678,0.121586,0.011582,Avian,N8
35_A/Bar-headed_Goose/Q,A/Bar-headed_Goose/Qinghai/A17/2016,-0.036571,-0.036127,0.114397,0.017835,Avian,N8
36_A/Bar-headed_Goose/Q,A/Bar-headed_Goose/Qinghai/A19/2016,-0.028394,-0.035787,0.108053,0.018629,Avian,N8
37_A/Bar-headed_Goose/Q,A/Bar-headed_Goose/Qinghai/A20/2016,-0.029822,-0.034992,0.108161,0.020063,Avian,N8
38_A/Bar-headed_Goose/Q,A/Bar-headed_Goose/Qinghai/A22/2016,-0.030382,-0.022653,0.113752,0.017287,Avian,N8
39_A/Bar-headed_Goose/Q,A/Bar-headed_Goose/Qinghai/A23/2016,-0.036571,-0.036127,0.114397,0.017835,Avian,N8
40_A/Bar-headed_Goose/Q,A/Bar-headed_Goose/Qinghai/a24/2016,-0.038847,-0.037421,0.114656,0.020358,Avian,N8
41_A/Bar-headed_Goose/Q,A/Bar-headed_Goose/Qinghai/a26/2016,-0.036571,-0.036127,0.114397,0.017835,Avian,N8
42_A/Bar-headed_Goose/Q,A/Bar-headed_Goose/Qinghai/a27/2016,-0.036571,-0.036127,0.114397,0.017835,Avian,N8
43_A/Bar-headed_Goose/Q,A/Bar-headed_Goose/Qinghai/a32/2016,-0.036571,-0.036127,0.114397,0.017835,Avian,N8
44_A/Bar-headed_Goose/Q,A/Bar-headed_Goose/Qinghai/a43/2016,-0.036571,-0.036127,0.114397,0.017835,Avian,N8
45_A/Bar-headed_Goose/Q,A/Bar-headed_Goose/Qinghai/a45/2016,-0.028394,-0.035787,0.108053,0.018629,Avian,N8
46_A/Bar-headed_Goose/Q,A/Bar-headed_Goose/Qinghai/a61/2016,-0.036571,-0.036127,0.114397,0.017835,Avian,N8
47_A/Bar-headed_Goose/Q,A/Bar-headed_Goose/Qinghai/a88/2016,-0.031797,-0.026118,0.113786,0.020132,Avian,N8
48_A/Bar-headed_Goose/Q,A/Bar-headed_Goose/Qinghai/a91/2016,-0.031797,-0.026118,0.113786,0.020132,Avian,N8
49_A/Bar-headed_Goose/Q,A/Bar-headed_Goose/Qinghai/a92/2016,-0.032032,-0.025265,0.115251,0.019861,Avian,N8
50_A/Bar-headed_Goose/Q,A/Bar-headed_Goose/Qinghai/a93/2016,-0.036571,-0.036127,0.114397,0.017835,Avian,N8
51_A/Bar-headed_Goose/Q,A/Bar-headed_Goose/Qinghai/a113/2016,-0.028394,-0.035787,0.108053,0.018629,Avian,N8
52_A/Bar-headed_Goose/Q,A/Bar-headed_Goose/Qinghai/a114/2016,-0.036571,-0.036127,0.114397,0.017835,Avian,N8
53_A/Bar-headed_Goose/Q,A/Bar-headed_Goose/Qinghai/a115/2016,-0.028394,-0.035787,0.108053,0.018629,Avian,N8
54_A/Bar-headed_Goose/Q,A/Bar-headed_Goose/Qinghai/a210/2017,-0.074359,0.023902,0.036053,-0.017134,Avian,N8
55_A/Bar-headed_Goose/Q,A/Bar-headed_Goose/Qinghai/a218/2017,-0.074359,0.023902,0.036053,-0.017134,Avian,N8
56_A/Bar-headed_Goose/Q,A/Bar-headed_Goose/Qinghai/a237/2017,-0.074359,0.023902,0.036053,-0.017134,Avian,N8
57_A/Bar-headed_Goose/Q,A/Bar-headed_Goose/Qinghai/a765/2017,-0.074359,0.023902,0.036053,-0.017134,Avian,N8
58_A/Bar-headed_Goose/Q,A/Bar-headed_Goose/Qinghai/a893/2017,-0.074359,0.023902,0.036053,-0.017134,Avian,N8
59_A/Bar-headed_Goose/Q,A/Bar-headed_Goose/Qinghai/B11/2016,-0.031797,-0.026118,0.113786,0.020132,Avian,N8
60_A/Bar-headed_Goose/Q,A/Bar-headed_Goose/Qinghai/B12/2016,-0.036571,-0.036127,0.114397,0.017835,Avian,N8
61_A/Bar-headed_Goose/Q,A/Bar-headed_Goose/Qinghai/B34/2016,-0.036571,-0.036127,0.114397,0.017835,Avian,N8
62_A/Bar-headed_Goose/Q,A/Bar-headed_Goose/Qinghai/B44/2016,-0.028394,-0.035787,0.108053,0.018629,Avian,N8
63_A/Bar-headed_Goose/Q,A/Bar-headed_Goose/Qinghai/B51/2016,-0.036571,-0.036127,0.114397,0.017835,Avian,N8
64_A/Bar-headed_Goose/Q,A/Bar-headed_Goose/Qinghai/B54/2016,-0.031797,-0.026118,0.113786,0.020132,Avian,N8
65_A/Bar-headed_Goose/Q,A/Bar-headed_Goose/Qinghai/B655/2017,-0.074359,0.023902,0.036053,-0.017134,Avian,N8
66_A/Bar-headed_Goose/Q,A/Bar-headed_Goose/Qinghai/BTY1-B/2016,-0.03292,-0.024478,0.112915,0.020115,Avian,N8
67_A/Bar-headed_Goose/Q,A/Bar-headed_Goose/Qinghai/BTY2/2015_H5N1,0.06782,-0.018332,-0.003092,-0.034485,Avian,N1
68_A/Bar-headed_Goose/Q,A/Bar-headed_Goose/Qinghai/BTY2-B/2016,-0.036571,-0.036127,0.114397,0.017835,Avian,N8
69_A/Bar-headed_Goose/Q,A/Bar-headed_Goose/Qinghai/BTY2-LU/2016,-0.036571,-0.036127,0.114397,0.017835,Avian,N8
70_A/Bar-headed_Goose/Q,A/Bar-headed_Goose/Qinghai/BTY3-B/2016,-0.032352,-0.031376,0.118024,0.019088,Avian,N8
71_A/Bar-headed_Goose/Q,A/Bar-headed_Goose/Qinghai/BTY3-LU/2016,-0.032352,-0.031376,0.118024,0.019088,Avian,N8
72_A/Bar-headed_Goose/Q,A/Bar-headed_Goose/Qinghai/BTY4-B/2016,-0.032352,-0.031376,0.118024,0.019088,Avian,N8
73_A/Bar-headed_Goose/Q,A/Bar-headed_Goose/Qinghai/BTY4-LU/2016,-0.032352,-0.031376,0.118024,0.019088,Avian,N8
74_A/Bar-headed_Goose/Q,A/Bar-headed_Goose/Qinghai/BTY5-B/2016,-0.03292,-0.024478,0.112915,0.020115,Avian,N8
75_A/Bar-headed_Goose/Q,A/Bar-headed_Goose/Qinghai/BTY6-B/2016,-0.036571,-0.036127,0.114397,0.017835,Avian,N8
76_A/Bar-headed_Goose/Q,A/Bar-headed_Goose/Qinghai/BTY6-LU/2016,-0.036571,-0.036127,0.114397,0.017835,Avian,N8
77_A/Bar-headed_Goose/Q,A/Bar-headed_Goose/Qinghai/BTY7-B/2016,-0.028394,-0.035787,0.108053,0.018629,Avian,N8
78_A/Bar-headed_Goose/Q,A/Bar-headed_Goose/Qinghai/BTY7-LU1/2016,-0.028394,-0.035787,0.108053,0.018629,Avian,N8
79_A/Bar-headed_Goose/Q,A/Bar-headed_Goose/Qinghai/BTY7-LU2/2016,-0.028394,-0.035787,0.108053,0.018629,Avian,N8
80_A/Bar-headed_Goose/Q,A/Bar-headed_Goose/Qinghai/BTY8-B/2016,-0.042015,-0.019431,0.116833,0.01361,Avian,N8
81_A/Bar-headed_Goose/Q,A/Bar-headed_Goose/Qinghai/BTY8-LU/2016,-0.042015,-0.019431,0.116833,0.01361,Avian,N8
82_A/Bar-headed_Goose/Q,A/Bar-headed_Goose/Qinghai/BTY9-B/2016,-0.029556,-0.026787,0.113866,0.016824,Avian,N8
83_A/Bar-headed_Goose/Q,A/Bar-headed_Goose/Qinghai/BTY9-LU/2016,-0.029556,-0.026787,0.113866,0.016824,Avian,N8
84_A/Bar-headed_Goose/Q,A/Bar-headed_Goose/Qinghai/BTY10-B/2016,-0.036571,-0.036127,0.114397,0.017835,Avian,N8
85_A/Bar-headed_Goose/Q,A/Bar-headed_Goose/Qinghai/BTY10-LU/2016,-0.036571,-0.036127,0.114397,0.017835,Avian,N8
86_A/Bar-headed_Goose/Q,A/Bar-headed_Goose/Qinghai/BTY11-B/2016,-0.028394,-0.035787,0.108053,0.018629,Avian,N8
87_A/Bar-headed_Goose/Q,A/Bar-headed_Goose/Qinghai/BTY11-LU/2016,-0.028394,-0.035787,0.108053,0.018629,Avian,N8
88_A/Bar-headed_Goose/Q,A/Bar-headed_Goose/Qinghai/BTY12-B/2016,-0.031349,-0.023741,0.114051,0.020091,Avian,N8
89_A/Bar-headed_Goose/Q,A/Bar-headed_Goose/Qinghai/BTY12-LU/2016,-0.031349,-0.023741,0.114051,0.020091,Avian,N8
90_A/Bar-headed_Goose/Q,A/Bar-headed_Goose/Qinghai/BTY13-B/2016,-0.033026,-0.044111,0.108165,0.024621,Avian,N8
91_A/Bar-headed_Goose/Q,A/Bar-headed_Goose/Qinghai/BTY13-LU/2016,-0.033026,-0.044111,0.108165,0.024621,Avian,N8
92_A/Bar-headed_Goose/Q,A/Bar-headed_Goose/Qinghai/BTY14-B/2016,-0.028394,-0.035787,0.108053,0.018629,Avian,N8
93_A/Bar-headed_Goose/Q,A/Bar-headed_Goose/Qinghai/BTY14-LU/2016,-0.030933,-0.037379,0.105501,0.017605,Avian,N8
94_A/Bar-headed_Goose/Q,A/Bar-headed_Goose/Qinghai/BTY15-B/2016,-0.035832,-0.036454,0.11316,0.01676,Avian,N8
95_A/Bar-headed_Goose/Q,A/Bar-headed_Goose/Qinghai/BTY15-LU/2016,-0.035848,-0.036842,0.105371,0.003879,Avian,N8
96_A/Bar-headed_Goose/Q,A/Bar-headed_Goose/Qinghai/BTY16-B/2016,-0.026657,-0.035559,0.106138,0.01632,Avian,N8
97_A/Bar-headed_Goose/Q,A/Bar-headed_Goose/Qinghai/BTY16-LU/2016,-0.028394,-0.035787,0.108053,0.018629,Avian,N8
98_A/Bar-headed_Goose/Q,A/Bar-headed_Goose/Qinghai/BTY17-B/2016,-0.036269,-0.02442,0.109764,0.018477,Avian,N8
99_A/Bar-headed_Goose/Q,A/Bar-headed_Goose/Qinghai/BTY17-LU/2016,-0.03292,-0.024478,0.112915,0.020115,Avian,N8
100_A/Bar-headed_Goose/Q,A/Bar-headed_Goose/Qinghai/BTY18-B/2016,-0.037647,-0.035098,0.11329,0.022007,Avian,N8
101_A/Bar-headed_Goose/Q,A/Bar-headed_Goose/Qinghai/BTY18-LU/2016,-0.037647,-0.035098,0.11329,0.022007,Avian,N8
102_A/Bar-headed_Goose/Q,A/Bar-headed_Goose/Qinghai/HDT001/2016,-0.028394,-0.035787,0.108053,0.018629,Avian,N8
103_A/Bar-headed_Goose/Q,A/Bar-headed_Goose/Qinghai/p2/2016,-0.036571,-0.036127,0.114397,0.017835,Avian,N8
104_A/Bar-headed_Goose/Q,A/Bar-headed_Goose/Qinghai/p9/2016,-0.031797,-0.026118,0.113786,0.020132,Avian,N8
105_A/Bar-headed_Goose/Q,A/Bar-headed_Goose/Qinghai/p18/2016,-0.031797,-0.026118,0.113786,0.020132,Avian,N8
106_A/Bar-headed_goose/Q,A/Bar-headed_goose/Qinghai/X402/2015_H5N6,0.093467,0.037108,0.008993,-0.001762,Avian,N6
107_A/Bar-headed_goose/Q,A/Bar-headed_goose/Qinghai/X417/2015_H5N6,0.085943,0.038469,0.007239,-0.002595,Avian,N6
108_A/Bar-headed_goose/Q,A/Bar-headed_goose/Qinghai/X418-1/2015_H5N6,0.076935,0.037257,0.004048,-0.006222,Avian,N6
109_A/Bar-headed_goose/Q,A/Bar-headed_goose/Qinghai/X418-2/2015_H5N6,0.093467,0.037108,0.008993,-0.001762,Avian,N6
110_A/Bar-headed_goose/Q,A/Bar-headed_goose/Qinghai/X424/2015_H5N6,0.087374,0.034188,0.011299,-0.007436,Avian,N6
111_A/Bar-headed_goose/Q,A/Bar-headed_goose/Qinghai/X428/2015_H5N6,0.087374,0.034188,0.011299,-0.007436,Avian,N6
112_A/Bar-headed_goose/Q,A/Bar-headed_goose/Qinghai/X430/2015_H5N6,0.093467,0.037108,0.008993,-0.001762,Avian,N6
113_A/Bar-headed_goose/Q,A/Bar-headed_goose/Qinghai/X437/2015_H5N6,0.093467,0.037108,0.008993,-0.001762,Avian,N6
114_A/Bar-headed_Goose/Q,A/Bar-headed_Goose/Qinghai/XX13/2016,-0.033026,-0.044111,0.108165,0.024621,Avian,N8
115_A/Bar-headed_Goose/Q,A/Bar-headed_Goose/Qinghai/XX22/2016,-0.033026,-0.044111,0.108165,0.024621,Avian,N8
116_A/Bar-headed_Goose/Q,A/Bar-headed_Goose/Qinghai/XX76/2016,-0.036571,-0.036127,0.114397,0.017835,Avian,N8
117_A/Bar-headed_Goose/Q,A/Bar-headed_Goose/Qinghai/XX111/2016,-0.033026,-0.044111,0.108165,0.024621,Avian,N8
118_A/Bar-headed_Goose/Q,A/Bar-headed_Goose/Qinghai/XX446/2016,-0.028394,-0.035787,0.108053,0.018629,Avian,N8
119_A/Bar-headed_Goose/Q,A/Bar-headed_Goose/Qinghai/XX782/2016,-0.037647,-0.035098,0.11329,0.022007,Avian,N8
120_A/Bar-headed_Goose/Q,A/Bar-headed_Goose/Qinghai/XXI122/2016,-0.037647,-0.035098,0.11329,0.022007,Avian,N8
121_A/Bar-headed_Goose/T,A/Bar-headed_Goose/Tibet/XZ6/2021,-0.050808,0.000646,-0.009173,0.079969,Avian,N8
122_A/Bar-headed_Goose/T,A/Bar-headed_Goose/Tibet/XZ71/2021,-0.05171,0.001212,-0.005441,0.089582,Avian,N8
123_A/Bar-headed_Goose/T,A/Bar-headed_Goose/Tibet/XZ81/2021,-0.051936,0.001028,-0.005941,0.089927,Avian,N8
124_A/Bar-headed_Goose/T,A/Bar-headed_Goose/Tibet/XZ181/2021,-0.050808,0.000646,-0.009173,0.079969,Avian,N8
125_A/Bar-headed_Goose/T,A/Bar-headed_Goose/Tibet/XZ901/2021,-0.079601,0.002192,0.004686,0.074948,Avian,N1
126_A/Bar-headed_Goose/T,A/Bar-headed_Goose/Tibet/XZ1131/2021,-0.079601,0.002192,0.004686,0.074948,Avian,N1
127_A/Bar-headed_Goose/T,A/Bar-headed_Goose/Tibet/XZQ5-1/2021,-0.05171,0.001212,-0.005441,0.089582,Avian,N8
128_A/Bar-headed_Goose/T,A/Bar-headed_Goose/Tibet/XZQ7/2021,-0.05171,0.001212,-0.005441,0.089582,Avian,N8
129_A/Bar-headed_Goose/T,A/Bar-headed_Goose/Tibet/XZQ8-1/2021,-0.05171,0.001212,-0.005441,0.089582,Avian,N8
130_A/Bar-headed_Goose/T,A/Bar-headed_Goose/Tibet/XZQ9-1/2021,-0.05171,0.001212,-0.005441,0.089582,Avian,N8
131_A/Bar-headed_Goose/T,A/Bar-headed_Goose/Tibet/XZQ10-1/2021,-0.05171,0.001212,-0.005441,0.089582,Avian,N8
132_A/Bar-headed_Goose/T,A/Bar-headed_Goose/Tibet/XZQ13-1/2021,-0.054271,0.003301,-0.00873,0.086379,Avian,N8
133_A/Bar-headed_Goose/T,A/Bar-headed_Goose/Tibet/XZQ17-1/2021,-0.050808,0.000646,-0.009173,0.079969,Avian,N8
134_A/Bar-headed_Goose/T,A/Bar-headed_Goose/Tibet/XZQ18-1/2021,-0.051874,0.001379,-0.01156,0.07941,Avian,N8
135_A/bean_goose/Hubei/B,A/bean_goose/Hubei/BQ11/2020,-0.048294,-0.007511,-0.000276,0.088805,Avian,N8
136_A/Bean_Goose/Hubei/c,A/Bean_Goose/Hubei/chenhu__XVI311-2_/2016_H5N8,-0.088923,-0.080575,-0.106001,0.065559,Avian,N8
137_A/Bean_goose/Hubei/C,A/Bean_goose/Hubei/CH-i119/2017,-0.028394,-0.035787,0.108053,0.018629,Avian,N8
138_A/Bean_goose/Hubei/C,A/Bean_goose/Hubei/CH-i122/2017_H5N8,-0.028394,-0.035787,0.108053,0.018629,Avian,N8
139_A/Bean_goose/Hubei/C,A/Bean_goose/Hubei/CH-I225/2017,0.077243,0.018287,0.014045,0.026983,Avian,N6
140_A/Bean_goose/Hubei/C,A/Bean_goose/Hubei/CH-i320/2017_H5N8,-0.030383,-0.036164,0.104132,0.016598,Avian,N8
141_A/black_chicken/Jian,A/black_chicken/Jiangxi/10129/2014,0.056847,0.018998,-0.009661,0.015972,Avian,N6
142_A/Black_faced_Spoonb,A/Black_faced_Spoonbill/AFCD-HKU-22-21944-01009/2022,-0.097363,-0.022058,0.002535,0.01715,Avian,N1
143_A/Black_Faced_Spoonb,A/Black_Faced_Spoonbill/Hong_Kong/AFCD-HKU-21-17198.01012/2021,-0.085363,0.015359,0.020073,0.062838,Avian,N1
144_A/Black_Faced_Spoonb,A/Black_Faced_Spoonbill/Hong_Kong/AFCD-HKU-22-21429-01012/2022,-0.096875,-0.006305,0.008503,0.00469,Avian,N1
145_A/black_swan/Beijing,A/black_swan/Beijing/1/2021,-0.044404,-0.018446,-0.014482,0.086613,Avian,N8
146_A/black-backed_gull/,A/black-backed_gull/Shandong/SC189/2021,-0.056375,-0.004882,0.002242,0.091059,Avian,N8
147_A/Black-necked_Grebe,A/Black-necked_Grebe/Inner_Mongolia/Anal_swab4/2015_H5N1,0.058595,-0.018375,-0.002371,-0.038116,Avian,N1
148_A/Black-necked_Grebe,A/Black-necked_Grebe/Inner_Mongolia/Brain1/2015_H5N1,0.070898,-0.000545,-0.018493,-0.04952,Avian,N1
149_A/Black-necked_Grebe,A/Black-necked_Grebe/Inner_Mongolia/Brain3/2015_H5N1,0.073446,-0.003696,-0.017953,-0.056921,Avian,N1
150_A/Black-necked_Grebe,A/Black-necked_Grebe/Inner_Mongolia/Liver3/2015_H5N1,0.070898,-0.000545,-0.018493,-0.04952,Avian,N1
151_A/Black-necked_Grebe,A/Black-necked_Grebe/Inner_Mongolia/Lung2/2015_H5N1,0.070898,-0.000545,-0.018493,-0.04952,Avian,N1
152_A/Black-necked_Grebe,A/Black-necked_Grebe/Inner_Mongolia/Lung3-2/2015_H5N1,0.070898,-0.000545,-0.018493,-0.04952,Avian,N1
153_A/Black-necked_Grebe,A/Black-necked_Grebe/Inner_Mongolia/Oropharynx_swab3/2015_H5N1,0.073446,-0.003696,-0.017953,-0.056921,Avian,N1
154_A/Black-necked_Grebe,A/Black-necked_Grebe/Inner_Mongolia/Trachea3/2015_H5N1,0.070731,-0.006241,-0.017615,-0.055872,Avian,N1
155_A/Brown-headed_Gull/,A/Brown-headed_Gull/Qinghai/ZTO1-B/2016,-0.028394,-0.035787,0.108053,0.018629,Avian,N8
156_A/Brown-headed_Gull/,A/Brown-headed_Gull/Qinghai/ZTO1-LU/2016,-0.028394,-0.035787,0.108053,0.018629,Avian,N8
157_A/Brown-headed_Gull/,A/Brown-headed_Gull/Qinghai/ZTO3-B/2016,-0.036571,-0.036127,0.114397,0.017835,Avian,N8
158_A/Brown-headed_Gull/,A/Brown-headed_Gull/Qinghai/ZTO3-LU/2016,-0.036571,-0.036127,0.114397,0.017835,Avian,N8
159_A/Brown-headed_Gull/,A/Brown-headed_Gull/Qinghai/ZTO4-B/2016,-0.036571,-0.036127,0.114397,0.017835,Avian,N8
160_A/Brown-headed_Gull/,A/Brown-headed_Gull/Qinghai/ZTO5-B/2016,-0.030475,-0.028954,0.111856,0.019987,Avian,N8
161_A/Brown-headed_Gull/,A/Brown-headed_Gull/Qinghai/ZTO5-K/2016,-0.030475,-0.028954,0.111856,0.019987,Avian,N8
162_A/Brown-headed_Gull/,A/Brown-headed_Gull/Qinghai/ZTO6-MU/2016,-0.036571,-0.036127,0.114397,0.017835,Avian,N8
163_A/Brown-headed_Gull/,A/Brown-headed_Gull/Qinghai/ZTO6-SP/2016,-0.028394,-0.035787,0.108053,0.018629,Avian,N8
164_A/brown-headed_gull/,A/brown-headed_gull/Tibet/1-1/2021,-0.051516,0.001896,-0.003981,0.088459,Avian,N8
165_A/Brown-headed_Gull/,A/Brown-headed_Gull/Tibet/XZ19/2021,-0.050808,0.000646,-0.009173,0.079969,Avian,N8
166_A/Brown-headed_Gull/,A/Brown-headed_Gull/Tibet/XZQ15-2/2021,-0.052505,0.007244,-0.014774,0.096891,Avian,N8
167_A/Brown-headed_Gull/,A/Brown-headed_Gull/Tibet/XZQ16-2/2021,-0.052705,0.005579,-0.013131,0.09618,Avian,N8
168_A/canine/China/GX30/,A/canine/China/GX30/2023,-0.080415,-0.091574,-0.086002,0.067906,Nonhuman Mammal,N6
169_A/cat/Sichuan/SC18/2,A/cat/Sichuan/SC18/2014,0.053737,0.025336,0.001341,0.030051,Nonhuman Mammal,N6
170_A/cat/Zhejiang/C1/20,A/cat/Zhejiang/C1/2016,-0.095078,-0.10004,-0.048329,0.006452,Nonhuman Mammal,N6
171_A/cat/Zhejiang/C2/20,A/cat/Zhejiang/C2/2016,-0.10032,-0.058728,-0.052783,0.037554,Nonhuman Mammal,N6
172_A/Changsha/1/2014|EP,A/Changsha/1/2014,0.080309,0.030142,0.013541,0.014724,Human,N6
173_A/chicken/Anhui/S174,A/chicken/Anhui/S1740/2022(H5N1),-0.070276,0.000638,-0.007333,0.096262,Avian,N1
174_A/chicken/Beijing/BJ,A/chicken/Beijing/BJ7/2014,-0.030046,-0.081049,-0.059537,-0.018321,Avian,N2
175_A/chicken/CH/a556/20,A/chicken/CH/a556/2015,0.026592,-0.04917,-0.150647,-0.003891,Avian,N2
176_A/chicken/Changhua/1,A/chicken/Changhua/15010120-1/2015,-0.126725,0.063729,0.022791,-0.048418,Avian,N2
177_A/chicken/Changhua/1,A/chicken/Changhua/15010288/2015,-0.121317,0.062625,0.024584,-0.049799,Avian,N2
178_A/chicken/Changhua/1,A/chicken/Changhua/15010324-2/2015,-0.126543,0.062384,0.022074,-0.049306,Avian,N2
179_A/chicken/Changhua/1,A/chicken/Changhua/15010361-1/2015,-0.129191,0.055744,0.027324,-0.044875,Avian,N2
180_A/chicken/Changhua/1,A/chicken/Changhua/15010362-2/2015,-0.125372,0.063602,0.027312,-0.043976,Avian,N2
181_A/chicken/Changhua/1,A/chicken/Changhua/15010363-2/2015,-0.126744,0.061273,0.02179,-0.050137,Avian,N2
182_A/chicken/Changhua/1,A/chicken/Changhua/15040036-1/2015,0.085343,-0.104018,0.017052,-0.078225,Avian,N8
183_A/chicken/Changhua/1,A/chicken/Changhua/15040037-2/2015,0.082361,-0.106982,0.013571,-0.084525,Avian,N8
184_A/chicken/Changhua/1,A/chicken/Changhua/15040042/2015,0.078222,-0.104165,0.016427,-0.081923,Avian,N8
185_A/chicken/Changhua/1,A/chicken/Changhua/15040043-1/2015,0.078395,-0.102552,0.016558,-0.080417,Avian,N8
186_A/chicken/Changhua/1,A/chicken/Changhua/15050013-1/2015,-0.117202,0.053727,0.018976,-0.044866,Avian,N2
187_A/chicken/Changhua/1,A/chicken/Changhua/15050038-1/2015,0.066522,-0.098648,0.019594,-0.069816,Avian,N8
188_A/chicken/Changhua/1,A/chicken/Changhua/15060027-2/2015,-0.123844,0.056038,0.02236,-0.04837,Avian,N2
189_A/chicken/Changhua/1,A/chicken/Changhua/15060029/2015,0.066431,-0.101249,0.016437,-0.078505,Avian,N8
190_A/chicken/Changhua/1,A/chicken/Changhua/15060037-1/2015,-0.123806,0.064503,0.022253,-0.059428,Avian,N2
191_A/chicken/Changhua/1,A/chicken/Changhua/15120008/2015,-0.118336,0.071189,0.039934,-0.039862,Avian,N2
192_A/chicken/Changhua/1,A/chicken/Changhua/16010060-2/2016,-0.138388,0.073317,0.026034,-0.054342,Avian,N2
193_A/chicken/Changhua/1,A/chicken/Changhua/17060006/2017,-0.143003,0.052027,0.015528,-0.043449,Avian,N2
194_A/chicken/Changhua/1,A/chicken/Changhua/18040008-1/2018,-0.132317,0.090691,-0.007556,-0.089256,Avian,N2
195_A/chicken/Chiayi/150,A/chicken/Chiayi/15010287-2/2015,-0.127022,0.072486,0.01123,-0.054406,Avian,N2
196_A/chicken/Chiayi/150,A/chicken/Chiayi/15010409-2/2015,-0.12817,0.055638,0.015732,-0.044773,Avian,N2
197_A/chicken/Chiayi/150,A/chicken/Chiayi/15010454-1/2015,0.072305,-0.100175,0.018278,-0.075039,Avian,N8
198_A/chicken/Chiayi/170,A/chicken/Chiayi/17040009-2/2017,-0.141723,0.076533,0.010877,-0.056959,Avian,N2
199_A/chicken/Chiayi/181,A/chicken/Chiayi/18120003-1/2018,-0.063604,-0.007388,0.05401,0.043958,Avian,N2
200_A/chicken/China/007/,A/chicken/China/007/2019,0.080081,0.099639,-0.058211,-0.028855,Avian,N6
201_A/chicken/China/Cang,A/chicken/China/Cangzhou03/2023,-0.088632,-0.007712,0.024269,0.04616,Avian,N1
202_A/chicken/China/E93/,A/chicken/China/E93/2012,-0.0625,-0.016717,0.032099,-0.005077,Avian,N1
203_A/chicken/China/E96/,A/chicken/China/E96/2012,-0.069044,-0.00732,0.028508,-0.003172,Avian,N1
204_A/chicken/Chiping/03,A/chicken/Chiping/0321/2014,-0.05202,-0.087587,-0.012926,-0.006723,Avian,N2
205_A/chicken/chongqing/,A/chicken/chongqing/H1/2021,-0.077734,-0.029917,-0.011535,0.010183,Avian,N6
206_A/chicken/Chongqing/,A/chicken/Chongqing/SD001/2021,-0.078545,-0.027203,-0.008847,0.007961,Avian,N6
207_A/chicken/Dongguan/2,A/chicken/Dongguan/2690/2013,0.074853,0.043719,0.01087,-0.001943,Avian,N6
208_A/chicken/Dongguan/3,A/chicken/Dongguan/3363/2013,0.076396,0.028874,0.021248,0.019415,Avian,N6
209_A/chicken/Dongguan/4,A/chicken/Dongguan/4259/2013,0.081718,0.052671,0.016604,0.001919,Avian,N6
210_A/chicken/Fujian/05.,A/chicken/Fujian/05.07_FZHC11K-O/2015(Mixed),0.069744,0.006896,0.002109,-0.004696,Avian,N6
211_A/chicken/Fujian/09.,A/chicken/Fujian/09.16_GT101/2014(Mixed),0.081713,0.020738,0.002949,0.002998,Avian,N6
212_A/chicken/Fujian/10.,A/chicken/Fujian/10.08_FZH102/2014(Mixed),0.080869,0.029056,-0.004843,0.002256,Avian,N6
213_A/chicken/Fujian/11.,A/chicken/Fujian/11.23_FZHX0007-O/2017,0.054146,0.026954,-0.016181,0.042105,Avian,N6
214_A/chicken/Gansu/5/20,A/chicken/Gansu/5/2012,-0.060872,0.000909,0.026221,-0.002573,Avian,N1
215_A/chicken/Gansu/6/20,A/chicken/Gansu/6/2012,-0.059001,-0.012605,0.035098,-0.003967,Avian,N1
216_A/chicken/Ganzhou/GZ,A/chicken/Ganzhou/GZ27/2015,0.055796,0.037923,0.027942,0.003666,Avian,N6
217_A/chicken/Guangdong/,A/chicken/Guangdong/04.15_SZBAXQ019/2015(H5N6),-0.097018,-0.107304,-0.055305,0.007135,Avian,N6
218_A/chicken/Guangdong/,A/chicken/Guangdong/10.16_SZLGKQHY-072/2015,-0.094237,-0.098437,-0.044627,-0.002733,Avian,N6
219_A/chicken/Guangdong/,A/chicken/Guangdong/GD1602/2016,-0.116102,-0.047827,-0.076132,0.009767,Avian,N6
220_A/chicken/Guangdong/,A/chicken/Guangdong/MG170989/2021,0.069521,-0.000107,0.034142,0.033182,Avian,N6
221_A/chicken/Guangdong/,A/chicken/Guangdong/MG171127/2021,0.074097,-0.00412,0.032624,0.034931,Avian,N6
222_A/chicken/Guangdong/,A/chicken/Guangdong/MG171361/2021,0.073463,-0.012864,0.044543,0.031872,Avian,N6
223_A/chicken/Guangdong/,A/chicken/Guangdong/MG171771/2021,-0.050034,-0.015806,0.00156,0.098556,Avian,N6
224_A/chicken/Guangdong/,A/chicken/Guangdong/MG173168/2022,-0.028866,-0.116727,-0.02876,0.056376,Avian,N6
225_A/chicken/Guangdong/,A/chicken/Guangdong/MG173169/2022,-0.084464,-0.096611,-0.096263,0.064488,Avian,N6
226_A/chicken/Guangxi/04,A/chicken/Guangxi/04.10_NM140/2015(H5N6),0.090975,0.033468,0.029599,0.000243,Avian,N6
227_A/chicken/Guangxi/16,A/chicken/Guangxi/16/2019,0.098782,0.030012,0.010767,0.009807,Avian,N6
228_A/chicken/Guangxi/S2,A/chicken/Guangxi/S2039/2009,0.045261,-0.007527,0.004691,-0.024158,Avian,N1
229_A/chicken/Guizhou/8.,A/chicken/Guizhou/8.26_ZYLJJ014-O/2018,-0.073884,-0.101758,-0.064867,-0.009457,Avian,N6
230_A/chicken/GY/a451/20,A/chicken/GY/a451/2015,0.018508,-0.051738,-0.176183,-0.013376,Avian,N2
231_A/Chicken/Hangzhou/E,A/Chicken/Hangzhou/E1149/2021,-0.095663,-0.00451,0.051776,0.034057,Avian,N6
232_A/chicken/Hebei/3/20,A/chicken/Hebei/3/2013,-0.030046,-0.081049,-0.059537,-0.018321,Avian,N2
233_A/chicken/Heilongjia,A/chicken/Heilongjiang/S7/2014,0.068275,0.039706,0.011078,-0.006493,Avian,N2
234_A/chicken/Henan/Q7/2,A/chicken/Henan/Q7/2013,-0.042727,-0.088021,-0.024001,-0.003676,Avian,N2
235_A/chicken/Hsinchu/16,A/chicken/Hsinchu/16080004-2/2016,-0.134884,0.075373,0.030114,-0.052568,Avian,N2
236_A/chicken/Hubei/03.0,A/chicken/Hubei/03.06__WHWTZ0115-O/2015(H5N6),-0.124581,-0.052447,-0.098594,0.016319,Avian,N6
237_A/chicken/Hubei/03.0,A/chicken/Hubei/03.06__WHWTZ0148-O/2015(H5N6),0.060152,0.032128,-0.039115,0.011676,Avian,N6
238_A/chicken/Hubei/2856,A/chicken/Hubei/2856/2007,-0.007168,-0.085468,0.04088,-0.034538,Avian,N1
239_A/chicken/Hubei/ZYSJ,A/chicken/Hubei/ZYSJF11/2016,-0.122741,-0.051822,-0.085386,0.01137,Avian,N6
240_A/chicken/Hubei/ZYSJ,A/chicken/Hubei/ZYSJF16/2016,-0.122741,-0.051822,-0.085386,0.01137,Avian,N6
241_A/chicken/Hubei/ZYSJ,A/chicken/Hubei/ZYSJF38/2016,-0.122741,-0.051822,-0.085386,0.01137,Avian,N6
242_A/Chicken/Huizhou/16,A/Chicken/Huizhou/16274/2016(H5N6),0.060184,0.0671,-0.039518,-0.012754,Avian,N6
243_A/chicken/Hunan/02.0,A/chicken/Hunan/02.06_YYGK37J3-OC/2018,0.093983,0.083996,-0.086367,-0.005291,Avian,N6
244_A/chicken/Hunan/03.0,A/chicken/Hunan/03.07_YYGK40L3-OC/2018,-0.108143,-0.063442,-0.044504,0.035084,Avian,N6
245_A/chicken/Hunan/03.0,A/chicken/Hunan/03.07_YYGK74L3-OC/2018,-0.122341,-0.018426,-0.063661,-0.002585,Avian,N6
246_A/chicken/Hunan/3.07,A/chicken/Hunan/3.07_YYGK81L3-OC/2018,-0.11073,-0.058609,-0.043603,0.040777,Avian,N6
247_A/chicken/Hunan/04.1,A/chicken/Hunan/04.14_YYGK607-P/2015(H5N6),0.057809,0.027916,0.025145,0.032753,Avian,N6
248_A/chicken/Hunan/04.1,A/chicken/Hunan/04.14_YYKG0533-Z-O/2015(H5N6),0.05018,0.021109,0.00254,0.013319,Avian,N6
249_A/chicken/Hunan/04.1,A/chicken/Hunan/04.14_YYXS0812-O/2015(Mixed),0.093467,0.037108,0.008993,-0.001762,Avian,N6
250_A/chicken/Hunan/12.0,A/chicken/Hunan/12.07__YYGK114-P/2013(H5N6),0.059924,0.023669,0.005783,0.023331,Avian,N6
251_A/chicken/Hunan/12.0,A/chicken/Hunan/12.07_YYGKY67-P/2013(Mixed),0.061366,0.024833,-0.001457,0.007063,Avian,N6
252_A/chicken/Hunan/12.2,A/chicken/Hunan/12.27_YYGK19J2-C/2016,-0.074388,-0.093456,-0.076348,-0.014935,Avian,N6
253_A/chicken/Hunan/12.2,A/chicken/Hunan/12.27_YYGK55J2-O/2016,0.085132,0.011069,0.018862,0.030892,Avian,N6
254_A/chicken/Hunan/12.2,A/chicken/Hunan/12.27_YYGKK148-OC/2016,0.053235,0.040539,0.003265,0.036749,Avian,N6
255_A/chicken/Hunan/12.2,A/chicken/Hunan/12.28_YYGK034-P/2013(H5N6),0.076148,0.044774,0.013736,-0.00351,Avian,N6
256_A/chicken/Hunan/1793,A/chicken/Hunan/1793/2007,-0.096561,-0.013671,-0.091248,0.041472,Avian,N1
257_A/chicken/Hunan/3157,A/chicken/Hunan/3157/2006,0.009451,-0.041968,0.046968,-0.026415,Avian,N1
258_A/chicken/Hunan/HN40,A/chicken/Hunan/HN40/2015,0.084292,0.025428,0.008074,0.006908,Avian,N6
259_A/chicken/Hunan/HN58,A/chicken/Hunan/HN58/2015,0.079234,0.025582,0.005904,0.009929,Avian,N6
260_A/chicken/Hunan/HN75,A/chicken/Hunan/HN75/2015,0.114185,0.031051,0.009779,0.014459,Avian,N6
261_A/chicken/Hunan/HN15,A/chicken/Hunan/HN158/2015,0.098464,0.022297,0.018642,0.014403,Avian,N6
262_A/chicken/Hunan/HN24,A/chicken/Hunan/HN244/2015,0.101083,0.024489,0.008862,-0.001835,Avian,N6
263_A/chicken/Hunan/HN24,A/chicken/Hunan/HN245/2015,0.101554,0.016988,0.013476,-0.003642,Avian,N6
264_A/chicken/Hunan/HN24,A/chicken/Hunan/HN247/2015,0.09969,0.026237,0.009866,0.006959,Avian,N6
265_A/chicken/Hunan/HN24,A/chicken/Hunan/HN248/2015,0.101083,0.024489,0.008862,-0.001835,Avian,N6
266_A/chicken/Hunan/HN24,A/chicken/Hunan/HN249/2015,0.101083,0.024489,0.008862,-0.001835,Avian,N6
267_A/chicken/Hunan/HN25,A/chicken/Hunan/HN250/2015,0.100605,0.033986,-0.008786,-0.01071,Avian,N6
268_A/chicken/Hunan/HN25,A/chicken/Hunan/HN251/2015,0.100357,0.028781,0.002079,0.004064,Avian,N6
269_A/chicken/Hunan/HN25,A/chicken/Hunan/HN252/2015,0.096452,0.026738,0.010955,0.004712,Avian,N6
270_A/chicken/Hunan/HN25,A/chicken/Hunan/HN254/2015,0.092922,0.029181,0.014256,0.008783,Avian,N6
271_A/chicken/Hunan/HN25,A/chicken/Hunan/HN255/2015,0.10125,0.031241,0.004657,-0.000934,Avian,N6
272_A/chicken/Hunan/HN26,A/chicken/Hunan/HN263/2015,0.081576,0.042575,0.025723,-0.003593,Avian,N6
273_A/chicken/Hunan/HN26,A/chicken/Hunan/HN264/2015,0.083334,0.041142,0.026343,-0.010636,Avian,N6
274_A/chicken/Hunan/HN26,A/chicken/Hunan/HN265/2015,0.081474,0.041763,0.025389,-0.004398,Avian,N6
275_A/chicken/Hunan/HN26,A/chicken/Hunan/HN266/2015,0.081474,0.041763,0.025389,-0.004398,Avian,N6
276_A/chicken/Hunan/HN30,A/chicken/Hunan/HN301/2015,0.062894,0.062737,-0.021507,-0.001054,Avian,N6
277_A/chicken/Hunan/HN30,A/chicken/Hunan/HN302/2015,0.062894,0.062737,-0.021507,-0.001054,Avian,N6
278_A/chicken/Hunan/HN30,A/chicken/Hunan/HN303/2015,0.064378,0.06531,-0.02007,0.00174,Avian,N6
279_A/chicken/Hunan/HN30,A/chicken/Hunan/HN304/2015,0.062894,0.062737,-0.021507,-0.001054,Avian,N6
280_A/chicken/Hunan/HN30,A/chicken/Hunan/HN305/2015,0.062894,0.062737,-0.021507,-0.001054,Avian,N6
281_A/chicken/Hunan/HN30,A/chicken/Hunan/HN306/2015,0.065713,0.0613,-0.016647,0.001075,Avian,N6
282_A/chicken/Hunan/HN30,A/chicken/Hunan/HN307/2015,0.064392,0.062496,-0.017834,-0.01051,Avian,N6
283_A/chicken/Hunan/HN30,A/chicken/Hunan/HN308/2015,0.061202,0.065988,-0.020714,0.00228,Avian,N6
284_A/chicken/Hunan/S100,A/chicken/Hunan/S10029/2018(H5N1),0.027832,0.010372,-0.011355,-0.037373,Avian,N1
285_A/chicken/Jiangsu/03,A/chicken/Jiangsu/03.17_WX006-P/2015(H5N1),-0.060604,-0.049281,0.016699,0.029511,Avian,N1
286_A/chicken/Jiangsu/92,A/chicken/Jiangsu/927/2013,0.050906,-0.002876,0.02206,-0.016902,Avian,N1
287_A/chicken/Jiangsu/10,A/chicken/Jiangsu/1001/2013,-0.067045,-0.11578,-0.042504,-0.014945,Avian,N2
288_A/chicken/Jiangsu/24,A/chicken/Jiangsu/2477/2014,0.050851,-0.011518,-0.007245,-0.036768,Avian,N1
289_A/chicken/Jiangsu/k0,A/chicken/Jiangsu/k0402/2010,-0.072852,-0.04286,0.033959,0.029666,Avian,N1
290_A/chicken/Jiangsu/SE,A/chicken/Jiangsu/SE2228/2017(H5N1),0.091567,-0.017107,-0.023806,-0.005083,Avian,N1
291_A/chicken/Jiangsu/WX,A/chicken/Jiangsu/WXBING2/2014,0.097362,0.03811,-0.013888,0.023005,Avian,N6
292_A/chicken/Jiangsu/WX,A/chicken/Jiangsu/WXS7393/2014,0.094626,0.029445,0.003297,0.038359,Avian,N6
293_A/chicken/Jiangsu/XZ,A/chicken/Jiangsu/XZ216/2014,-0.050832,-0.093342,-0.019466,-0.011981,Avian,N2
294_A/chicken/Jiangsu/YB,A/chicken/Jiangsu/YB7/2015,-0.065845,-0.042723,0.013349,0.03375,Avian,N1
295_A/chicken/Jiangxi/01,A/chicken/Jiangxi/01.14_NCJD125-P/2015(H5N6),-0.127562,-0.060766,-0.096962,0.019367,Avian,N6
296_A/chicken/Jiangxi/02,A/chicken/Jiangxi/02.05_YGYXG023-P/2015(H5N6),0.077116,0.03278,-0.006348,0.000477,Avian,N6
297_A/chicken/Jiangxi/02,A/chicken/Jiangxi/02.05_YGYXG035-P/2015(H5N6),-0.122145,-0.064781,-0.089868,0.020257,Avian,N6
298_A/chicken/Jiangxi/04,A/chicken/Jiangxi/04.01__NCDZT0040-O/2015(H5N6),-0.122047,-0.051355,-0.093508,0.021776,Avian,N6
299_A/chicken/Jiangxi/04,A/chicken/Jiangxi/04.01__NCDZT0042-O/2015(H5N6),-0.119863,-0.047567,-0.090002,0.02388,Avian,N6
300_A/chicken/Jiangxi/04,A/chicken/Jiangxi/04.01__NCDZT0175-P/2015(H5N6),-0.122047,-0.051355,-0.093508,0.021776,Avian,N6
301_A/chicken/Jiangxi/04,A/chicken/Jiangxi/04.01__NCDZT0291-P/2015(H5N6),-0.122047,-0.051355,-0.093508,0.021776,Avian,N6
302_A/chicken/Jiangxi/04,A/chicken/Jiangxi/04.01__NCJD0119-O/2015(H5N6),0.054599,0.018828,0.007651,0.017772,Avian,N6
303_A/chicken/Jiangxi/04,A/chicken/Jiangxi/04.01__NCJD0137-O/2015(H5N6),-0.138424,-0.06202,-0.074842,0.016152,Avian,N6
304_A/chicken/Jiangxi/04,A/chicken/Jiangxi/04.01_NCDZT0192-P/2015(H5N6),-0.122047,-0.051355,-0.093508,0.021776,Avian,N6
305_A/chicken/Jiangxi/04,A/chicken/Jiangxi/04.01_NCDZT0203-P/2015(H5N6),-0.122047,-0.051355,-0.093508,0.021776,Avian,N6
306_A/chicken/Jiangxi/04,A/chicken/Jiangxi/04.01_NCDZT0238-P/2015(H5N6),-0.122047,-0.051355,-0.093508,0.021776,Avian,N6
307_A/chicken/Jiangxi/04,A/chicken/Jiangxi/04.01_NCDZT0279-P/2015(H5N6),-0.123401,-0.051594,-0.093702,0.026815,Avian,N6
308_A/chicken/Jiangxi/04,A/chicken/Jiangxi/04.01_NCDZT0285-P/2015(H5N6),-0.124917,-0.054222,-0.095169,0.023961,Avian,N6
309_A/chicken/Jiangxi/04,A/chicken/Jiangxi/04.01_NCDZT0299-P/2015(Mixed),-0.122047,-0.051355,-0.093508,0.021776,Avian,Others
310_A/chicken/Jiangxi/04,A/chicken/Jiangxi/04.01_NCJD131-1-O/2015(H5N6),-0.125784,-0.061021,-0.096379,0.016437,Avian,N6
311_A/chicken/Jiangxi/05,A/chicken/Jiangxi/05.06__NCDZT0039B-P/2015(H5N6),-0.122858,-0.048641,-0.09082,0.019554,Avian,N6
312_A/chicken/Jiangxi/10,A/chicken/Jiangxi/10.30_NCDZT17B3-OC/2017,-0.070049,-0.074133,-0.080789,0.034685,Avian,N6
313_A/chicken/Jiangxi/12,A/chicken/Jiangxi/12.05_NCDZT007/2014(H5N6),-0.127452,-0.059051,-0.097128,0.022203,Avian,N6
314_A/chicken/Jiangxi/12,A/chicken/Jiangxi/12.05_NCDZT0012/2014(H5N6),-0.068823,-0.074672,-0.030298,0.02038,Avian,N6
315_A/chicken/Jiangxi/12,A/chicken/Jiangxi/12.05_NCDZT0020/2014(H5N6),-0.127898,-0.059413,-0.098115,0.022885,Avian,N6
316_A/chicken/Jiangxi/12,A/chicken/Jiangxi/12.05_NCDZT0032/2014(H5N6),0.07181,0.029021,0.01684,-0.019061,Avian,N6
317_A/chicken/Jiangxi/12,A/chicken/Jiangxi/12.05_NCNP006/2014(H5N6),-0.068823,-0.074672,-0.030298,0.02038,Avian,N6
318_A/chicken/Jiangxi/25,A/chicken/Jiangxi/25/2011,0.068205,-0.02734,0.010201,-0.00027,Avian,N1
319_A/Chicken/Jiangxi/45,A/Chicken/Jiangxi/45093/2016,-0.124238,-0.044422,-0.092427,0.011983,Avian,N6
320_A/chicken/Jiangxi/S4,A/chicken/Jiangxi/S40653/2021(H5N1),-0.070178,-0.00265,-0.006097,0.091694,Avian,N1
321_A/chicken/Jilin/04.1,A/chicken/Jilin/04.11_CCHSL007/2015(Mixed),0.069276,0.025828,0.001215,-0.006673,Avian,N6
322_A/chicken/Jilin/04.1,A/chicken/Jilin/04.12_MHK001-O/2015(H5N1),0.057187,-0.016095,0.019663,-0.045027,Avian,N1
323_A/chicken/Jilin/04.1,A/chicken/Jilin/04.12_MHK002-O/2015(H5N1),0.055389,-0.011343,0.01521,-0.039736,Avian,N1
324_A/chicken/Jilin/04.1,A/chicken/Jilin/04.12_MHK003-O/2015(H5N1),0.055389,-0.011343,0.01521,-0.039736,Avian,N1
325_A/chicken/Jilin/04.1,A/chicken/Jilin/04.12_MHK004-O/2015(Mixed),0.055389,-0.011343,0.01521,-0.039736,Avian,N1
326_A/chicken/Jilin/04.2,A/chicken/Jilin/04.25_MHK009/2015(H5N1),0.054818,-0.015421,0.015125,-0.028816,Avian,N1
327_A/chicken/Jilin/S125,A/chicken/Jilin/S1255/2019(H5N1),0.065784,-0.014186,-0.012028,-0.023142,Avian,N1
328_A/chicken/Jilin/S127,A/chicken/Jilin/S1271/2019(H5N1),0.067192,-0.014586,-0.009246,-0.022292,Avian,N1
329_A/chicken/Kaohsiung/,A/chicken/Kaohsiung/16MB0889/2016,0.065284,-0.09433,0.019989,-0.075666,Avian,N8
330_A/chicken/Kaohsiung/,A/chicken/Kaohsiung/16010047/2016,0.043614,-0.087489,0.009481,-0.078869,Avian,N8
331_A/chicken/Kaohsiung/,A/chicken/Kaohsiung/16020017-2/2016,0.058678,-0.090922,0.0107,-0.07279,Avian,N8
332_A/chicken/Kaohsiung/,A/chicken/Kaohsiung/16040021-1/2016,0.065284,-0.09433,0.019989,-0.075666,Avian,N8
333_A/chicken/Kaohsiung/,A/chicken/Kaohsiung/16070003/2016,0.061182,-0.101209,0.008745,-0.081626,Avian,N8
334_A/chicken/Kaohsiung/,A/chicken/Kaohsiung/16120012/2016,0.066281,-0.077704,0.000096,-0.07567,Avian,N8
335_A/chicken/Kaohsiung/,A/chicken/Kaohsiung/17030023/2017,0.071977,-0.099942,0.008723,-0.082013,Avian,N8
336_A/chicken/Kaohsiung/,A/chicken/Kaohsiung/17040007/2017,-0.140625,0.06541,0.008755,-0.064196,Avian,N2
337_A/chicken/Kaohsiung/,A/chicken/Kaohsiung/17100002/2017,-0.116624,0.093344,-0.017053,-0.064807,Avian,N2
338_A/chicken/Kaohsiung/,A/chicken/Kaohsiung/18080004-1/2018,-0.119105,-0.02991,-0.010813,0.014627,Avian,N2
339_A/chicken/Kaohsiung/,A/chicken/Kaohsiung/18080004-2/2018,-0.126864,-0.028507,-0.012622,0.013768,Avian,N2
340_A/chicken/Liaoning/S,A/chicken/Liaoning/S4092/2011,-0.048132,-0.010194,0.026109,-0.007955,Avian,N1
341_A/chicken/Liaoning/S,A/chicken/Liaoning/SD035/2018(H5N1),0.07272,-0.004108,-0.028482,-0.023255,Avian,N1
342_A/chicken/Miaoli/150,A/chicken/Miaoli/15010421-1/2015,0.08054,-0.099476,0.018895,-0.084107,Avian,N8
343_A/chicken/Nantou/161,A/chicken/Nantou/16110023-1/2016,0.050996,-0.097421,-0.000552,-0.060028,Avian,N8
344_A/chicken/New_Taipei,A/chicken/New_Taipei_City/16110019-1/2016,0.075741,-0.099288,0.008863,-0.086437,Avian,N8
345_A/chicken/New_Taipei,A/chicken/New_Taipei_City/16110020-2/2016,0.075789,-0.102782,0.012284,-0.091387,Avian,N8
346_A/chicken/New_Taipei,A/chicken/New_Taipei_City/17040002-2/2017,-0.145779,0.070094,0.004096,-0.062497,Avian,N2
347_A/chicken/New_Taipei,A/chicken/New_Taipei_City/17050004-2/2017,0.045958,-0.100535,0.026712,-0.071032,Avian,N8
348_A/chicken/New_Taipei,A/chicken/New_Taipei_City/17090001/2017,0.037401,-0.101583,0.018141,-0.072221,Avian,N8
349_A/chicken/New_Taipei,A/chicken/New_Taipei_City/17090002/2017,0.041972,-0.106936,0.019039,-0.082849,Avian,N8
350_A/chicken/New_Taipei,A/chicken/New_Taipei_City/17090003/2017,0.040888,-0.102852,0.01823,-0.075315,Avian,N8
351_A/chicken/New_Taipei,A/chicken/New_Taipei_City/18010021-3/2018,-0.14894,0.074695,-0.014536,-0.060276,Avian,N2
352_A/chicken/Ningxia/2/,A/chicken/Ningxia/2/2012,-0.058046,0.004516,0.028178,-0.005096,Avian,N1
353_A/chicken/Ningxia/22,A/chicken/Ningxia/222/2012,-0.058046,0.004516,0.028178,-0.005096,Avian,N1
354_A/chicken/PH/A2821/2,A/chicken/PH/A2821/2013,0.036529,-0.009211,-0.167098,-0.029503,Avian,N2
355_A/chicken/Pingtung/1,A/chicken/Pingtung/15050006-1/2015,-0.12601,0.06053,0.018171,-0.05183,Avian,N2
356_A/chicken/Pingtung/1,A/chicken/Pingtung/16020009-3/2016,-0.118703,0.052276,0.020516,-0.044504,Avian,N2
357_A/chicken/Pingtung/1,A/chicken/Pingtung/18010017-1/2018,-0.140117,0.063589,-0.000961,-0.06183,Avian,N2
358_A/chicken/Pingtung/1,A/chicken/Pingtung/18020015-1/2018,-0.140142,0.082373,-0.015987,-0.066017,Avian,N2
359_A/chicken/PT/a158/20,A/chicken/PT/a158/2015,0.033102,-0.046476,-0.178755,-0.017495,Avian,N2
360_A/chicken/Qingdao/1/,A/chicken/Qingdao/1/2014,-0.065269,-0.074094,-0.013389,-0.017087,Avian,N2
361_A/chicken/SC/a688/20,A/chicken/SC/a688/2015,0.032681,-0.051424,-0.165641,-0.023875,Avian,N2
362_A/chicken/Shaanxi/SD,A/chicken/Shaanxi/SD001/2021,-0.076352,-0.021771,-0.026909,-0.000565,Avian,N6
363_A/chicken/Shandong/1,A/chicken/Shandong/12.03_YA-CK/2014(H5N1),-0.061475,-0.045017,0.01028,0.03556,Avian,N1
364_A/Chicken/Shandong/J,A/Chicken/Shandong/J01/2009,0.040121,-0.036181,0.007224,-0.027932,Avian,N1
365_A/Chicken/Shandong/J,A/Chicken/Shandong/J02/2009,-0.080429,0.006173,0.032636,-0.004397,Avian,N1
366_A/Chicken/Shandong/J,A/Chicken/Shandong/J03/2009,-0.06474,-0.001632,0.036809,0.004712,Avian,N1
367_A/Chicken/Shandong/J,A/Chicken/Shandong/J04/2009,-0.070667,0.015195,0.032531,-0.02383,Avian,N1
368_A/Chicken/Shandong/J,A/Chicken/Shandong/J06/2009,-0.060696,-0.06475,0.035933,0.03725,Avian,N1
369_A/chicken/Shandong/K,A/chicken/Shandong/KD02699/2013,0.043578,-0.107532,0.000397,-0.023934,Avian,N8
370_A/chicken/Shandong/S,A/chicken/Shandong/S3/2014,-0.067211,-0.076211,-0.015291,-0.020097,Avian,N2
371_A/chicken/Shanghai/S,A/chicken/Shanghai/S1123/2019(H5N1),0.077267,-0.002188,0.01201,-0.019357,Avian,N1
372_A/chicken/Shanghai/S,A/chicken/Shanghai/S4030/2017(H5N1),0.095025,-0.013859,-0.012783,-0.017501,Avian,N1
373_A/chicken/Shanxi/04.,A/chicken/Shanxi/04.28_TGRL024-O/2018,0.090744,0.044967,-0.032232,0.023322,Avian,N6
374_A/chicken/Shanxi/12.,A/chicken/Shanxi/12.01_TGYL014-C/2016,0.080397,0.040593,0.011153,0.014196,Avian,N6
375_A/chicken/Shenzhen/4,A/chicken/Shenzhen/433/2013,0.074202,0.039434,0.00584,0.0125,Avian,N6
376_A/chicken/Shenzhen/5,A/chicken/Shenzhen/552/2013,0.077965,0.048129,0.014352,-0.005671,Avian,N6
377_A/chicken/Shenzhen/7,A/chicken/Shenzhen/715/2013,0.074202,0.039434,0.00584,0.0125,Avian,N6
378_A/chicken/Shenzhen/1,A/chicken/Shenzhen/1061/2013,0.072805,0.026985,0.017507,0.007564,Avian,N6
379_A/chicken/Shenzhen/1,A/chicken/Shenzhen/1845/2013,0.063603,0.024292,0.00759,0.021585,Avian,N6
380_A/chicken/Shenzhen/2,A/chicken/Shenzhen/2269/2013,0.078687,0.054895,0.003014,-0.006646,Avian,N6
381_A/chicken/Shenzhen/2,A/chicken/Shenzhen/2396/2013,0.080343,0.04359,0.012652,-0.008301,Avian,N6
382_A/chicken/Shenzhen/2,A/chicken/Shenzhen/2464/2013,0.074659,0.03784,0.015751,-0.003612,Avian,N6
383_A/chicken/Shijiazhua,A/chicken/Shijiazhuang/1209/2013,-0.07369,-0.07733,-0.0607,0.013821,Avian,N2
384_A/chicken/Sichuan/k1,A/chicken/Sichuan/k141/2017,0.076644,0.045506,-0.021935,-0.006952,Avian,N6
385_A/chicken/Sichuan/NC,A/chicken/Sichuan/NCJPL1/2014,0.05744,0.022577,0.003094,0.027838,Avian,N6
386_A/Chicken/Suzhou/j5/,A/Chicken/Suzhou/j5/2019,0.0846,0.092482,-0.066344,-0.019192,Avian,N6
387_A/Chicken/Suzhou/j6/,A/Chicken/Suzhou/j6/2019,0.0846,0.092482,-0.066344,-0.019192,Avian,N6
388_A/chicken/Taichung/1,A/chicken/Taichung/15010399/2015,-0.126731,0.060436,0.021183,-0.050503,Avian,N2
389_A/chicken/Taichung/1,A/chicken/Taichung/16040032-3/2016,-0.117073,0.071481,0.014173,-0.044129,Avian,N2
390_A/chicken/Taichung/1,A/chicken/Taichung/16050044-2/2016,-0.128144,0.071546,0.022223,-0.041617,Avian,N2
391_A/chicken/Taichung/1,A/chicken/Taichung/16110017-3/2016,-0.029889,-0.026087,0.020287,0.015463,Avian,N8
392_A/chicken/Tainan/150,A/chicken/Tainan/15020214/2015,0.072337,-0.099873,0.019823,-0.07663,Avian,N8
393_A/chicken/Tainan/160,A/chicken/Tainan/16040035-1/2016,-0.131727,0.06924,0.02011,-0.055142,Avian,N2
394_A/chicken/Tainan/170,A/chicken/Tainan/17030058-1/2017,0.07539,-0.101214,-0.004253,-0.070678,Avian,N8
395_A/chicken/Taipei_Cit,A/chicken/Taipei_City/17090004/2017,0.040888,-0.102852,0.01823,-0.075315,Avian,N8
396_A/chicken/Taipei_Cit,A/chicken/Taipei_City/18010007-3/2018,-0.129133,0.085921,-0.020102,-0.060889,Avian,N2
397_A/chicken/Taipei_Cit,A/chicken/Taipei_City/18010008-3/2018,-0.128173,0.097115,-0.025948,-0.080241,Avian,N2
398_A/chicken/Taipei/160,A/chicken/Taipei/16060022-4/2016,0.054199,-0.093108,-0.002652,-0.085692,Avian,N8
399_A/chicken/Taipei/160,A/chicken/Taipei/16060023-1/2016,0.055633,-0.088542,-0.005626,-0.08663,Avian,N8
400_A/chicken/Taipei/161,A/chicken/Taipei/16120021/2016,0.061046,-0.076617,0.018298,-0.072582,Avian,N8
401_A/chicken/Taipei/170,A/chicken/Taipei/17050005-1/2017,0.044784,-0.097977,0.021297,-0.075555,Avian,N8
402_A/chicken/Taipei/170,A/chicken/Taipei/17050008-3/2017,0.038905,-0.099845,0.023288,-0.071125,Avian,N8
403_A/chicken/Taipei/170,A/chicken/Taipei/17050009-3/2017,0.043072,-0.099064,0.021736,-0.073211,Avian,N8
404_A/chicken/Taishun/TS,A/chicken/Taishun/TS2/2016,-0.09099,-0.077525,-0.082348,0.028956,Avian,N6
405_A/chicken/Taishun/TS,A/chicken/Taishun/TS90/2016,-0.121307,-0.062234,-0.104365,0.017818,Avian,N6
406_A/chicken/Taiwan/010,A/chicken/Taiwan/0101/2012,0.009886,-0.048387,-0.128722,-0.02396,Avian,N2
407_A/chicken/Taiwan/050,A/chicken/Taiwan/0502/2012,0.032917,-0.02302,-0.168486,-0.029389,Avian,N2
408_A/chicken/Taiwan/683,A/chicken/Taiwan/683/2012,0.043866,-0.032473,-0.167043,-0.019673,Avian,N2
409_A/chicken/Taiwan/011,A/chicken/Taiwan/01174/2015,0.07781,-0.102535,0.018294,-0.082593,Avian,Others
410_A/chicken/Taiwan/168,A/chicken/Taiwan/1682/2013,-0.006314,-0.059804,-0.085124,0.039591,Avian,N2
411_A/chicken/Taiwan/169,A/chicken/Taiwan/1692/2013,-0.008374,-0.058488,-0.091274,0.032916,Avian,N2
412_A/chicken/Taiwan/170,A/chicken/Taiwan/1704/2013,-0.008578,-0.060187,-0.089598,0.03219,Avian,N2
413_A/chicken/Taiwan/171,A/chicken/Taiwan/1711/2013,-0.008374,-0.058488,-0.091274,0.032916,Avian,N2
414_A/chicken/Taiwan/259,A/chicken/Taiwan/2593/2012,0.03696,-0.038288,-0.166914,-0.027192,Avian,N2
415_A/chicken/Taiwan/294,A/chicken/Taiwan/2948/2013,0.030708,-0.049244,-0.168589,-0.021764,Avian,N2
416_A/chicken/Taiwan/444,A/chicken/Taiwan/4443/2013,0.026693,-0.038609,-0.171854,-0.026286,Avian,N2
417_A/chicken/Taiwan/735,A/chicken/Taiwan/7350/2013,0.032455,-0.029855,-0.178128,-0.028339,Avian,N2
418_A/chicken/Taiwan/898,A/chicken/Taiwan/8988/2013,0.031209,-0.042265,-0.169381,-0.030585,Avian,N2
419_A/chicken/Taiwan/899,A/chicken/Taiwan/8994/2013,0.031209,-0.042265,-0.169381,-0.030585,Avian,N2
420_A/chicken/Taiwan/899,A/chicken/Taiwan/8996/2013,0.031209,-0.042265,-0.169381,-0.030585,Avian,N2
421_A/chicken/Taiwan/A1/,A/chicken/Taiwan/A1/2019,0.045091,-0.059268,-0.16614,-0.028024,Avian,N2
422_A/chicken/Taiwan/a17,A/chicken/Taiwan/a174/2015,0.069769,-0.112243,0.028505,-0.069059,Avian,Others
423_A/chicken/Taiwan/A19,A/chicken/Taiwan/A1997/2012,-0.00367,-0.051566,-0.15504,0.033219,Avian,N2
424_A/chicken/Taiwan/D2/,A/chicken/Taiwan/D2/2019,-0.125373,-0.026046,-0.016402,0.027009,Avian,N2
425_A/chicken/Taiwan/D9/,A/chicken/Taiwan/D9/2019,-0.126812,-0.025127,-0.016091,0.028403,Avian,N2
426_A/chicken/Taiwan/u7/,A/chicken/Taiwan/u7/2016,-0.143223,0.061179,0.021409,-0.055165,Avian,N2
427_A/chicken/Taiwan/x37,A/chicken/Taiwan/x37/2016,0.065857,-0.11186,0.032725,-0.064136,Avian,N8
428_A/chicken/TC/a504/20,A/chicken/TC/a504/2015,0.02998,-0.040888,-0.170419,-0.012029,Avian,N2
429_A/chicken/TY/a665/20,A/chicken/TY/a665/2015,0.020455,-0.040532,-0.164033,-0.010858,Avian,N2
430_A/chicken/Wuxi/7157/,A/chicken/Wuxi/7157/2015,0.064305,0.01306,-0.01735,0.000669,Avian,N6
431_A/chicken/Wuxi/7765/,A/chicken/Wuxi/7765/2016,0.099151,0.028925,0.012492,0.01327,Avian,N6
432_A/chicken/Wuxi/SC739,A/chicken/Wuxi/SC7393/2015,0.094626,0.029445,0.003297,0.038359,Avian,N6
433_A/chicken/Wuxi/WX-32,A/chicken/Wuxi/WX-32/2013,0.059956,0.010754,-0.004265,-0.023938,Avian,N1
434_A/chicken/Wuxi/WX-33,A/chicken/Wuxi/WX-33/2013,0.061475,0.013016,-0.000887,-0.027058,Avian,N1
435_A/chicken/Xinjiang/S,A/chicken/Xinjiang/S1016/2019(H5N1),0.080694,-0.00456,0.008806,-0.023309,Avian,N1
436_A/chicken/Xinjiang/S,A/chicken/Xinjiang/S1081/2019(H5N1),0.087128,-0.009595,0.019277,-0.026763,Avian,N1
437_A/chicken/Xinjiang/S,A/chicken/Xinjiang/S1170/2019(H5N1),0.080694,-0.00456,0.008806,-0.023309,Avian,N1
438_A/Chicken/Xuzhou/470,A/Chicken/Xuzhou/470/2017,0.090323,0.095617,-0.059115,-0.009774,Avian,N6
439_A/chicken/Xuzhou/XZ6,A/chicken/Xuzhou/XZ6/2016,0.072712,0.027,-0.014034,0.005679,Avian,N6
440_A/Chicken/Yangzhou/f,A/Chicken/Yangzhou/f6/2018,0.080712,0.09629,-0.081188,-0.003869,Avian,N6
441_A/Chicken/Yangzhou/f,A/Chicken/Yangzhou/f9/2018,0.07354,0.04549,-0.096423,-0.019326,Avian,N6
442_A/Chicken/Yangzhou/f,A/Chicken/Yangzhou/f14/2018,0.07643,0.097664,-0.085141,0.007007,Avian,N6
443_A/chicken/Yangzhou/Y,A/chicken/Yangzhou/YD1/2014,0.07261,0.030746,0.001947,0.009161,Avian,N6
444_A/chicken/YL/A3190/2,A/chicken/YL/A3190/2014,0.042804,-0.007084,-0.205037,-0.034093,Avian,N2
445_A/chicken/Yuhang/1/2,A/chicken/Yuhang/1/2013,-0.095632,-0.026204,0.040573,0.022852,Avian,Others
446_A/chicken/Yuhang/2/2,A/chicken/Yuhang/2/2013,-0.095632,-0.026204,0.040573,0.022852,Avian,Others
447_A/chicken/Yunlin/150,A/chicken/Yunlin/15020048-1/2015,-0.125347,0.063695,0.023142,-0.047507,Avian,N2
448_A/chicken/Yunlin/150,A/chicken/Yunlin/15040002-2/2015,-0.121253,0.072678,0.009016,-0.058843,Avian,N2
449_A/chicken/Yunlin/150,A/chicken/Yunlin/15040027/2015,-0.124832,0.069971,0.00053,-0.055995,Avian,N2
450_A/chicken/Yunlin/150,A/chicken/Yunlin/15050012/2015,0.078035,-0.102783,0.017163,-0.081012,Avian,N8
451_A/chicken/Yunlin/150,A/chicken/Yunlin/15050037-2/2015,-0.125736,0.067916,0.009148,-0.061276,Avian,N2
452_A/chicken/Yunlin/150,A/chicken/Yunlin/15050039-2/2015,-0.129892,0.070639,0.000331,-0.048211,Avian,N2
453_A/chicken/Yunlin/150,A/chicken/Yunlin/15060014-1/2015,-0.126723,0.072016,0.007096,-0.067085,Avian,N2
454_A/chicken/Yunlin/150,A/chicken/Yunlin/15080024/2015,-0.120282,0.068045,0.023786,-0.048072,Avian,N2
455_A/chicken/Yunlin/160,A/chicken/Yunlin/16010001-1/2016,-0.145474,0.075164,0.029501,-0.055136,Avian,N2
456_A/chicken/Yunlin/160,A/chicken/Yunlin/16010008-1/2016,-0.112607,0.056083,0.028739,-0.052709,Avian,N2
457_A/chicken/Yunlin/160,A/chicken/Yunlin/16020038/2016,0.056298,-0.097415,0.029392,-0.060688,Avian,N8
458_A/chicken/Yunlin/160,A/chicken/Yunlin/16050053/2016,-0.116885,0.070099,0.013436,-0.045041,Avian,N2
459_A/chicken/Yunlin/170,A/chicken/Yunlin/17010001/2017,0.05856,-0.090616,0.009742,-0.062936,Avian,N8
460_A/chicken/Yunlin/170,A/chicken/Yunlin/17010014/2017,-0.150611,0.080641,-0.015207,-0.068873,Avian,N2
461_A/chicken/Yunlin/170,A/chicken/Yunlin/17020094-1/2017,-0.142159,0.062709,-0.001641,-0.061641,Avian,N2
462_A/chicken/Yunlin/170,A/chicken/Yunlin/17020095-2/2017,-0.126186,0.061736,0.017025,-0.051396,Avian,N2
463_A/chicken/Yunlin/170,A/chicken/Yunlin/17030001-1/2017,-0.146243,0.082563,-0.014129,-0.074758,Avian,N2
464_A/chicken/Yunlin/170,A/chicken/Yunlin/17030007-1/2017,-0.139475,0.062934,0.020956,-0.036117,Avian,N2
465_A/chicken/Yunlin/170,A/chicken/Yunlin/17030010-1/2017,-0.145779,0.070094,0.004096,-0.062497,Avian,N2
466_A/chicken/Yunlin/170,A/chicken/Yunlin/17030014-1/2017,-0.143867,0.067458,-0.009491,-0.080853,Avian,N2
467_A/chicken/Yunlin/170,A/chicken/Yunlin/17030020-2/2017,-0.138802,0.063309,0.01373,-0.064991,Avian,N2
468_A/chicken/Yunlin/170,A/chicken/Yunlin/17030021-1/2017,-0.143004,0.074654,-0.003138,-0.0747,Avian,N2
469_A/chicken/Yunlin/170,A/chicken/Yunlin/17030032-2/2017,-0.127302,0.072812,0.012536,-0.0575,Avian,N2
470_A/chicken/Yunlin/170,A/chicken/Yunlin/17030065-2/2017,-0.140334,0.058819,0.028513,-0.048966,Avian,N2
471_A/chicken/Yunlin/170,A/chicken/Yunlin/17040003-1/2017,-0.137223,0.061661,0.020217,-0.039543,Avian,N2
472_A/chicken/Yunlin/170,A/chicken/Yunlin/17040004-2/2017,-0.133039,0.085748,-0.02886,-0.071644,Avian,N2
473_A/chicken/Yunlin/170,A/chicken/Yunlin/17040011-1/2017,-0.141775,0.074246,-0.019029,-0.076366,Avian,N2
474_A/chicken/Yunlin/170,A/chicken/Yunlin/17060019/2017,-0.132899,0.074889,-0.005125,-0.059929,Avian,N2
475_A/chicken/Yunlin/170,A/chicken/Yunlin/17070010/2017,-0.142767,0.08065,-0.018938,-0.067012,Avian,N2
476_A/chicken/Yunlin/180,A/chicken/Yunlin/18010001-2/2018,-0.142691,0.088907,0.00372,-0.068803,Avian,N2
477_A/chicken/Yunlin/180,A/chicken/Yunlin/18010003-3/2018,-0.146582,0.085822,0.002935,-0.071538,Avian,N2
478_A/chicken/Yunlin/180,A/chicken/Yunlin/18010023-1/2018,-0.142513,0.080561,-0.013952,-0.07358,Avian,N2
479_A/chicken/Yunlin/180,A/chicken/Yunlin/18020003-2/2018,-0.135788,0.099403,-0.021541,-0.080683,Avian,N2
480_A/chicken/Yunlin/180,A/chicken/Yunlin/18020004-1/2018,-0.13577,0.09853,-0.022168,-0.081073,Avian,N2
481_A/chicken/Yunlin/180,A/chicken/Yunlin/18020005-2/2018,-0.135971,0.100748,-0.020824,-0.079795,Avian,N2
482_A/chicken/Yunlin/180,A/chicken/Yunlin/18020008-2/2018,-0.134488,0.083629,-0.013436,-0.080301,Avian,N2
483_A/chicken/Yunlin/180,A/chicken/Yunlin/18030002-1/2018,-0.136588,0.097534,-0.023976,-0.082143,Avian,N2
484_A/chicken/Yunlin/180,A/chicken/Yunlin/18050013-1/2018,-0.125846,0.100094,-0.019357,-0.084598,Avian,N2
485_A/chicken/Yunlin/180,A/chicken/Yunlin/18060001-2/2018,-0.12802,0.103033,-0.018393,-0.090449,Avian,N2
486_A/chicken/Yunlin/180,A/chicken/Yunlin/18080006-1/2018,-0.142489,0.089712,0.001606,-0.073516,Avian,N2
487_A/chicken/Yunnan/1/2,A/chicken/Yunnan/1/2014,0.079398,0.041547,0.015342,0.015575,Avian,N1
488_A/chicken/Yunnan/02.,A/chicken/Yunnan/02.09_DQXY008L/2015(H5N6),-0.142686,-0.062897,-0.075673,0.012129,Avian,N6
489_A/chicken/Yunnan/03.,A/chicken/Yunnan/03.15_DQJT0054-Z-P/2015(H5N6),0.028426,0.033491,0.016404,0.027862,Avian,N6
490_A/chicken/Yunnan/03.,A/chicken/Yunnan/03.16__DQJT0068-O/2015(H5N6),-0.138449,-0.063661,-0.076115,0.015529,Avian,N6
491_A/chicken/Yunnan/03.,A/chicken/Yunnan/03.16_DQJT069-O/2015(H5N6),0.093467,0.037108,0.008993,-0.001762,Avian,N6
492_A/chicken/Yunnan/03.,A/chicken/Yunnan/03.16_DQXYL0034-O/2015(H5N6),-0.143591,-0.057018,-0.081527,0.011912,Avian,N6
493_A/chicken/Yunnan/03.,A/chicken/Yunnan/03.16_DQXYL057-O/2015(H5N6),0.093467,0.037108,0.008993,-0.001762,Avian,N6
494_A/chicken/Yunnan/07.,A/chicken/Yunnan/07.11_DQENM005/2015(H5N6),0.097214,0.046868,0.018444,0.013255,Avian,N6
495_A/Chicken/Yunnan/YN-,A/Chicken/Yunnan/YN-8/2016__(H5N6),0.065712,0.027522,-0.006167,-0.006099,Avian,N6
496_A/Chicken/Yunnan/YN-,A/Chicken/Yunnan/YN-11/2016__(H5N6),0.057222,0.043572,-0.015522,-0.019388,Avian,N6
497_A/Chicken/Yunnan/YN-,A/Chicken/Yunnan/YN-12/2016__(H5N6),0.065028,0.020997,-0.008839,-0.016481,Avian,N6
498_A/chicken/Zhejiang/1,A/chicken/Zhejiang/194/2016,-0.060278,-0.105529,-0.031867,0.001332,Avian,N2
499_A/chicken/Zhejiang/2,A/chicken/Zhejiang/209/2016,-0.030548,-0.103204,-0.0339,0.027302,Avian,N2
500_A/chicken/Zhejiang/2,A/chicken/Zhejiang/217/2016,-0.060278,-0.105529,-0.031867,0.001332,Avian,N2
501_A/chicken/Zhejiang/2,A/chicken/Zhejiang/232/2016,-0.048151,-0.08945,-0.048734,0.036612,Avian,N2
502_A/chicken/Zhejiang/7,A/chicken/Zhejiang/7450/2015,-0.00537,-0.05124,-0.043964,0.006771,Avian,N2
503_A/chicken/Zhejiang/8,A/chicken/Zhejiang/81643/2015,0.009416,-0.043382,-0.03911,0.007783,Avian,N2
504_A/chicken/Zhejiang/5,A/chicken/Zhejiang/514135/2015,-0.098634,-0.056037,-0.064816,-0.009207,Avian,N2
505_A/chicken/Zhejiang/7,A/chicken/Zhejiang/727022/2014,0.070564,0.041401,0.013186,-0.008758,Avian,N6
506_A/chicken/Zhejiang/7,A/chicken/Zhejiang/727026/2014,0.068379,0.037613,0.00968,-0.010861,Avian,N6
507_A/chicken/Zhejiang/7,A/chicken/Zhejiang/727079/2014,-0.140759,-0.075441,-0.072213,0.037238,Avian,N2
508_A/chicken/Zhejiang/7,A/chicken/Zhejiang/727155/2014,0.072703,0.042075,0.013883,-0.011372,Avian,N6
509_A/chicken/Zhejiang/7,A/chicken/Zhejiang/727159/2014,0.016265,0.053701,-0.006069,-0.004268,Avian,N2
510_A/chickenl/Jiangxi/E,A/chickenl/Jiangxi/E84/2014_(H5N6),0.072498,0.035463,0.002672,0.007124,Avian,N6
511_A/Chlidonias_hybrida,A/Chlidonias_hybrida/Hubei/55/2020,-0.06031,0.000751,0.007707,0.08155,Avian,N8
512_A/Commom_Teal/Ningxi,A/Commom_Teal/Ningxia/474-9/2015,0.070374,0.054404,-0.028992,-0.01986,Avian,N6
513_A/common_coot/Shando,A/common_coot/Shandong/SC197/2021,-0.048388,-0.011472,-0.00023,0.097531,Avian,N8
514_A/common_crane/Yunna,A/common_crane/Yunnan-Huize/27/2021(H5N8),-0.043887,-0.020474,-0.020381,0.087724,Avian,N8
515_A/common_pochard/Nin,A/common_pochard/Ningxia/243/2020,-0.051153,0.032493,0.058706,-0.025771,Avian,N8
516_A/common_teal/Ningxi,A/common_teal/Ningxia/105/2020,-0.046402,-0.014785,-0.00595,0.08812,Avian,N8
517_A/common_teal/Ningxi,A/common_teal/Ningxia/181/2020,-0.050477,0.034442,0.052052,-0.0299,Avian,N8
518_A/common_teal/Ningxi,A/common_teal/Ningxia/189/2020,-0.051153,0.032493,0.058706,-0.025771,Avian,N8
519_A/common_teal/Ningxi,A/common_teal/Ningxia/237/2020,-0.058853,0.023336,0.062977,-0.027367,Avian,N8
520_A/common_teal/Ningxi,A/common_teal/Ningxia/245/2020,-0.054483,0.033634,0.055558,-0.025989,Avian,N8
521_A/common_teal/Ningxi,A/common_teal/Ningxia/253/2020,-0.053772,0.034072,0.04802,-0.030569,Avian,N8
522_A/common_teal/Shaanx,A/common_teal/Shaanxi/SXY1-1/2020,-0.042761,-0.017306,-0.009355,0.083922,Avian,N8
523_A/condor/Guangdong/1,A/condor/Guangdong/139/2003,-0.005279,-0.006248,-0.109205,0.047691,Avian,N1
524_A/Copsychus_saularis,A/Copsychus_saularis/Guangdong/SW8/2014,0.076149,0.02944,0.011346,0.007071,Avian,N6
525_A/Curlew/Hong_Kong/A,A/Curlew/Hong_Kong/AFCD-HKU-22-01095.01009/2022,-0.082009,0.031555,0.030657,0.042503,Avian,N1
526_A/Cygnus_atratus/Hub,A/Cygnus_atratus/Hubei/2Z2-O/2016,-0.019228,-0.027336,0.107834,0.028452,Avian,N8
527_A/Cygnus_atratus/Hub,A/Cygnus_atratus/Hubei/HF-1/2016,-0.022049,-0.024999,0.10611,0.029703,Avian,N8
528_A/Cygnus_columbianus,A/Cygnus_columbianus/Hubei/49/2020,-0.042852,-0.01729,-0.005457,0.084769,Avian,N8
529_A/Cygnus_columbianus,A/Cygnus_columbianus/Hubei/50/2020,-0.047704,-0.016211,0.01655,0.097363,Avian,N8
530_A/Cygnus_columbianus,A/Cygnus_columbianus/Hubei/51/2020,-0.047542,-0.011091,0.006709,0.083761,Avian,N8
531_A/Cygnus_columbianus,A/Cygnus_columbianus/Hubei/52/2020,-0.03899,-0.011404,-0.003899,0.096172,Avian,N8
532_A/Cygnus_columbianus,A/Cygnus_columbianus/Hubei/53/2020,-0.047859,-0.006173,0.00052,0.089322,Avian,N8
533_A/Cygnus_columbianus,A/Cygnus_columbianus/Hubei/56/2020,-0.051862,-0.003208,0.004632,0.087186,Avian,N8
534_A/Cygnus_columbianus,A/Cygnus_columbianus/Hubei/116/2020,-0.048085,-0.006357,0.000019,0.089668,Avian,N8
535_A/Cygnus_columbianus,A/Cygnus_columbianus/Hubei/117/2021,-0.102738,0.02143,0.014742,0.006826,Avian,N1
536_A/Cygnus_columbianus,A/Cygnus_columbianus/Hubei/121/2021,-0.097767,0.021723,0.005061,0.006223,Avian,N1
537_A/Cygnus_columbianus,A/Cygnus_columbianus/Hubei/123/2021,-0.10083,0.018705,0.01358,0.007746,Avian,N1
538_A/Cygnus_columbianus,A/Cygnus_columbianus/Hubei/128/2021,-0.098531,0.016494,0.014025,0.012376,Avian,N1
539_A/domestic_green-win,A/domestic_green-winged_teal/Hunan/3450/2006,-0.057172,-0.024188,0.006763,0.004185,Avian,N1
540_A/duck/Anhui/AH328/2,A/duck/Anhui/AH328/2015,0.086529,0.01598,0.002671,0.007186,Avian,N6
541_A/duck/Anhui/S4/2016,A/duck/Anhui/S4/2016,0.088043,0.010206,-0.004082,0.015941,Avian,N6
542_A/duck/Changhua/15A0,A/duck/Changhua/15A03431-1-20T/2015,-0.128372,0.060458,0.022324,-0.051299,Avian,N2
543_A/duck/Changhua/15A0,A/duck/Changhua/15A03473-1-20T/2015,-0.12289,0.059919,0.019845,-0.040623,Avian,N2
544_A/duck/Chiayi/150800,A/duck/Chiayi/15080023/2015,0.066558,-0.099993,0.02006,-0.07389,Avian,N8
545_A/duck/China/0936/20,A/duck/China/0936/2017,0.070166,0.053706,0.001254,0.041166,Avian,N6
546_A/duck/China/0938/20,A/duck/China/0938/2017,0.084883,-0.014433,-0.012897,-0.021305,Avian,N6
547_A/duck/China/DK87/20,A/duck/China/DK87/2016,0.07753,0.030649,-0.006944,0.027148,Avian,N6
548_A/duck/China/E26/201,A/duck/China/E26/2012,-0.065458,-0.04419,0.018459,0.01786,Avian,N1
549_A/duck/China/E53/201,A/duck/China/E53/2012,0.047515,0.012471,-0.008743,-0.022964,Avian,N1
550_A/Duck/China/H5N6/20,A/Duck/China/H5N6/2020,0.065476,0.075996,-0.039199,0.001808,Avian,N6
551_A/duck/China/YD1516/,A/duck/China/YD1516/2016,-0.004447,-0.055101,-0.03259,0.016813,Avian,N2
552_A/duck/Chongqing/S43,A/duck/Chongqing/S4362/2017,-0.0842,-0.056217,0.0821,0.04231,Avian,Others
553_A/duck/Dongguan/2685,A/duck/Dongguan/2685/2013,0.082497,0.040932,0.002922,0.019886,Avian,N6
554_A/Duck/Dongting/D76-,A/Duck/Dongting/D76-1/2016,-0.073154,-0.010048,0.108598,-0.005711,Avian,Others
555_A/duck/Eastern_China,A/duck/Eastern_China/008/2008,-0.081166,-0.023183,0.050908,0.014823,Avian,Others
556_A/duck/Eastern_China,A/duck/Eastern_China/031/2009,0.018317,-0.088912,0.001514,-0.047273,Avian,Others
557_A/duck/Eastern_China,A/duck/Eastern_China/108/2008,0.025088,-0.082245,0.007202,-0.051592,Avian,N1
558_A/duck/Eastern_China,A/duck/Eastern_China/909/2009,-0.034025,-0.049278,-0.018366,0.005631,Avian,N1
559_A/duck/Eastern_China,A/duck/Eastern_China/JY/2014,0.049178,-0.138806,-0.008682,-0.037598,Avian,N8
560_A/duck/Eastern_China,A/duck/Eastern_China/L0230/2010,0.030779,-0.102993,-0.001067,-0.034651,Avian,N2
561_A/duck/Eastern_China,A/duck/Eastern_China/L0321/2010,0.066865,-0.098482,-0.008428,-0.055387,Avian,N2
562_A/duck/Eastern_China,A/duck/Eastern_China/L0405/2010,0.041823,-0.117687,0.010548,-0.032367,Avian,N8
563_A/duck/Eastern_China,A/duck/Eastern_China/L0423/2011,0.038346,-0.120108,0.007942,-0.033257,Avian,N8
564_A/duck/Eastern_China,A/duck/Eastern_China/L0611/2011,0.033048,-0.114188,0.007956,-0.026591,Avian,N8
565_A/duck/Eastern_China,A/duck/Eastern_China/L0722/2012,0.037025,-0.116582,0.00961,-0.036351,Avian,N8
566_A/duck/Eastern_China,A/duck/Eastern_China/L1021/2012,-0.007927,-0.069665,-0.013039,-0.028023,Avian,N8
567_A/duck/Eastern_China,A/duck/Eastern_China/L1120/2012,0.059416,-0.111399,-0.01286,-0.032551,Avian,N8
568_A/duck/Eastern_China,A/duck/Eastern_China/S0131/2014,0.007862,-0.054589,-0.030226,0.016332,Avian,N2
569_A/duck/Eastern_China,A/duck/Eastern_China/S0215/2014,0.085932,-0.06904,-0.040787,-0.016017,Avian,N8
570_A/duck/Eastern_China,A/duck/Eastern_China/S0322/2014,0.04336,-0.111293,-0.000076,-0.031006,Avian,N6
571_A/duck/Eastern_China,A/duck/Eastern_China/S0711/2014,0.067553,0.028596,0.015982,0.012839,Avian,N6
572_A/duck/Eastern_China,A/duck/Eastern_China/S0808/2014,0.069104,-0.083604,0.037357,-0.046513,Avian,N2
573_A/duck/Eastern_China,A/duck/Eastern_China/S0908/2014,0.114962,0.014067,0.012497,0.006639,Avian,N6
574_A/duck/Eastern_China,A/duck/Eastern_China/S1109/2014,0.038982,-0.115989,0.005922,-0.028703,Avian,N8
575_A/duck/Eastern_China,A/duck/Eastern_China/S1210/2013,0.048172,-0.138589,-0.003711,-0.037743,Avian,N8
576_A/duck/Fujian/1.17_F,A/duck/Fujian/1.17_FZHX0123-C/2017,0.03146,0.027154,-0.041582,-0.017302,Avian,N6
577_A/duck/Fujian/03.18_,A/duck/Fujian/03.18_GTFJ-15-10/2015(Mixed),0.082727,0.017062,0.01657,0.007718,Avian,N6
578_A/duck/Fujian/05.07_,A/duck/Fujian/05.07_FZHMD4K-O/2015(Mixed),0.069929,0.010845,-0.003184,0.002778,Avian,N6
579_A/duck/Fujian/05.07_,A/duck/Fujian/05.07_FZHMD12AK-O/2015(Mixed),0.069929,0.010845,-0.003184,0.002778,Avian,N6
580_A/duck/Fujian/05.07_,A/duck/Fujian/05.07_FZHMDK14-O/2015(H5N6),0.069929,0.010845,-0.003184,0.002778,Avian,N6
581_A/duck/Fujian/10.26_,A/duck/Fujian/10.26_FZHX0002-O/2017,0.059602,0.032445,-0.024657,0.029725,Avian,N6
582_A/duck/Fujian/10.26_,A/duck/Fujian/10.26_FZHX0010-O/2017,0.060203,0.026439,-0.00342,0.031751,Avian,N6
583_A/duck/Fujian/11.3_F,A/duck/Fujian/11.3_FZHX1132-O/2016,0.079285,0.037346,0.006039,0.030614,Avian,N6
584_A/duck/Fujian/11.3_F,A/duck/Fujian/11.3_FZHX1141-C/2016,0.086989,0.036259,0.016562,0.028191,Avian,N6
585_A/duck/Fujian/11.23_,A/duck/Fujian/11.23_FZHX0009-C/2017,0.017756,0.003379,-0.031337,0.079545,Avian,N6
586_A/duck/Fujian/11.23_,A/duck/Fujian/11.23_FZHX0014-C/2017,0.048079,-0.006958,-0.041453,0.018514,Avian,N6
587_A/duck/Fujian/11.23_,A/duck/Fujian/11.23_FZHX0015-C/2017,0.065137,0.023451,-0.002465,0.042948,Avian,N6
588_A/duck/Fujian/12.7_F,A/duck/Fujian/12.7_FZHX1202-O/2016,0.05329,0.022486,0.007211,0.026743,Avian,N6
589_A/duck/Fujian/12.7_F,A/duck/Fujian/12.7_FZHX1218-C/2016,0.086468,0.041829,0.010338,0.022359,Avian,N6
590_A/duck/Fujian/12.7_F,A/duck/Fujian/12.7_FZHX1219-O/2016,0.086468,0.041829,0.010338,0.022359,Avian,N6
591_A/duck/Fujian/12.7_F,A/duck/Fujian/12.7_FZHX1221-C/2016,0.086468,0.041829,0.010338,0.022359,Avian,N6
592_A/duck/Fujian/S1233/,A/duck/Fujian/S1233/2018(H5N1),0.071883,-0.006547,-0.000733,-0.032165,Avian,N1
593_A/duck/Fujian/S1273/,A/duck/Fujian/S1273/2018(H5N1),0.071883,-0.006547,-0.000733,-0.032165,Avian,N1
594_A/Duck/Fujian/S4146/,A/Duck/Fujian/S4146/2010,0.081208,-0.007726,0.004666,0.000214,Avian,N1
595_A/duck/Guangdong/01.,A/duck/Guangdong/01.01_SZSGXJK001-G/2016,0.081068,0.03215,0.000592,0.036784,Avian,N6
596_A/duck/Guangdong/01.,A/duck/Guangdong/01.01_SZSGXJK001-Y_/2016,0.080824,0.031951,0.00005,0.037159,Avian,N6
597_A/duck/Guangdong/01.,A/duck/Guangdong/01.01_SZSGXJK002-G/2016,0.080895,0.033428,0.001273,0.037628,Avian,N6
598_A/duck/Guangdong/01.,A/duck/Guangdong/01.01_SZSGXJK002-Y/2016,0.081068,0.03215,0.000592,0.036784,Avian,N6
599_A/duck/Guangdong/01.,A/duck/Guangdong/01.01_SZSGXJK003-G/2016,0.081068,0.03215,0.000592,0.036784,Avian,N6
600_A/duck/Guangdong/01.,A/duck/Guangdong/01.01_SZSGXJK004-Y/2016,0.07882,0.028251,-0.003017,0.034619,Avian,N6
601_A/duck/Guangdong/01.,A/duck/Guangdong/01.01_SZSGXJK005-G_/2016,0.079578,0.037538,0.00117,0.039077,Avian,N6
602_A/duck/Guangdong/01.,A/duck/Guangdong/01.01_SZSGXJK005-Y/2016,0.081068,0.03215,0.000592,0.036784,Avian,N6
603_A/duck/Guangdong/01.,A/duck/Guangdong/01.01_SZSGXJK006-G/2016,0.083071,0.032063,-0.004944,0.035256,Avian,N6
604_A/duck/Guangdong/01.,A/duck/Guangdong/01.01_SZSGXJK006-Y/2016,0.07882,0.028251,-0.003017,0.034619,Avian,N6
605_A/duck/Guangdong/02.,A/duck/Guangdong/02.11_DGCP092-P/2015(Mixed),0.089589,0.033726,0.000359,0.004456,Avian,N6
606_A/duck/Guangdong/02.,A/duck/Guangdong/02.11_DGCP093-P/2015(Mixed),0.055676,0.005011,-0.004475,0.004909,Avian,N6
607_A/duck/Guangdong/02.,A/duck/Guangdong/02.11_DGCP094-P/2015(Mixed),0.091898,0.033676,0.0019,0.00718,Avian,N6
608_A/duck/Guangdong/02.,A/duck/Guangdong/02.11_DGCP102-P/2015(Mixed),0.091087,0.03639,0.004588,0.004957,Avian,N6
609_A/duck/Guangdong/02.,A/duck/Guangdong/02.11_DGCP103-P/2015(Mixed),0.091087,0.03639,0.004588,0.004957,Avian,N6
610_A/duck/Guangdong/02.,A/duck/Guangdong/02.11_DGCP104-P/2015(Mixed),0.091087,0.03639,0.004588,0.004957,Avian,N6
611_A/duck/Guangdong/03.,A/duck/Guangdong/03.26_DGCP062-P/2015(H5N6),0.07463,0.085503,0.001506,0.006618,Avian,N6
612_A/duck/Guangdong/03.,A/duck/Guangdong/03.26_DGCP066-O/2015(H5N6),0.07463,0.085503,0.001506,0.006618,Avian,N6
613_A/duck/Guangdong/03.,A/duck/Guangdong/03.26_DGCP074-O/2015(H5N6),0.071042,0.083559,-0.000648,0.003235,Avian,N6
614_A/duck/Guangdong/03.,A/duck/Guangdong/03.26_DGCP075-O/2015(Mixed),-0.082959,-0.081177,-0.027269,0.02084,Avian,N6
615_A/duck/Guangdong/03.,A/duck/Guangdong/03.26_DGCP076-O/2015(H5N6),0.071042,0.083559,-0.000648,0.003235,Avian,N6
616_A/duck/Guangdong/03.,A/duck/Guangdong/03.26_DGCP076-P/2015(H5N6),0.066175,0.084205,-0.009341,0.001925,Avian,N6
617_A/duck/Guangdong/03.,A/duck/Guangdong/03.26_DGCP077-O/2015(H5N6),-0.082959,-0.081177,-0.027269,0.02084,Avian,N6
618_A/duck/Guangdong/03.,A/duck/Guangdong/03.26_DGCP078-P/2015(H5N6),0.072019,0.084732,-0.000605,0.004002,Avian,N6
619_A/duck/Guangdong/03.,A/duck/Guangdong/03.26_DGCP080-P/2015(H5N6),0.060541,0.055856,-0.021457,0.008867,Avian,N6
620_A/duck/Guangdong/03.,A/duck/Guangdong/03.26_DGCP082-O/2015(H5N6),0.05546,0.056602,-0.030361,0.007836,Avian,N6
621_A/duck/Guangdong/03.,A/duck/Guangdong/03.26_DGCP084-P/2015(H5N6),0.066175,0.084205,-0.009341,0.001925,Avian,N6
622_A/duck/Guangdong/03.,A/duck/Guangdong/03.26_DGCP709-P/2015(H5N6),0.071042,0.083559,-0.000648,0.003235,Avian,N6
623_A/duck/Guangdong/03.,A/duck/Guangdong/03.26_DGCPLB007-O/2015(H5N6),0.066175,0.084205,-0.009341,0.001925,Avian,N6
624_A/duck/Guangdong/03.,A/duck/Guangdong/03.26_DGCPLB007-P/2015(H5N6),0.066175,0.084205,-0.009341,0.001925,Avian,N6
625_A/duck/Guangdong/03.,A/duck/Guangdong/03.26_DGCPLB019-P/2015(H5N6),0.069039,0.084214,-0.003435,0.00832,Avian,N6
626_A/duck/Guangdong/03.,A/duck/Guangdong/03.26_DGCPLB021-O/2015(H5N6),0.072445,0.081715,-0.002,0.004514,Avian,N6
627_A/duck/Guangdong/03.,A/duck/Guangdong/03.26_DGCPLB022-O/2015(H5N6),0.072445,0.081715,-0.002,0.004514,Avian,N6
628_A/duck/Guangdong/03.,A/duck/Guangdong/03.26_DGCPLB022-P/2015(H5N6),0.069039,0.083353,-0.001035,0.004315,Avian,N6
629_A/duck/Guangdong/03.,A/duck/Guangdong/03.26_DGCPLB023-O/2015(H5N6),0.067578,0.08236,-0.010693,0.003203,Avian,N6
630_A/duck/Guangdong/03.,A/duck/Guangdong/03.26_DGCPLB023-P/2015(H5N6),0.069039,0.083353,-0.001035,0.004315,Avian,N6
631_A/duck/Guangdong/03.,A/duck/Guangdong/03.26_DGCPLB024-O/2015(H5N6),0.072445,0.081715,-0.002,0.004514,Avian,N6
632_A/duck/Guangdong/03.,A/duck/Guangdong/03.27_DGQTSJ129-O/2015(Mixed),0.099774,0.023852,0.000619,0.00631,Avian,N6
633_A/duck/Guangdong/03.,A/duck/Guangdong/03.27_DGQTSJ131-O/2015(Mixed),0.086738,0.019994,0.010276,0.018077,Avian,N6
634_A/duck/Guangdong/03.,A/duck/Guangdong/03.27_DGQTSJ133-O/2015(Mixed),0.10143,0.025187,0.003988,0.005195,Avian,N6
635_A/duck/Guangdong/03.,A/duck/Guangdong/03.27_DGQTSJ134-O/2015(Mixed),0.081246,0.019343,0.001973,0.017346,Avian,N6
636_A/duck/Guangdong/03.,A/duck/Guangdong/03.27_DGQTXC203-O/2015(Mixed),0.10143,0.025187,0.003988,0.005195,Avian,N6
637_A/duck/Guangdong/04.,A/duck/Guangdong/04.15_SZBAXQ019/2015(Mixed),0.064882,0.074902,0.000687,0.008129,Avian,N6
638_A/duck/Guangdong/04.,A/duck/Guangdong/04.15_SZBAXQ020/2015(H5N6),0.091596,0.043052,0.006717,0.029719,Avian,N6
639_A/duck/Guangdong/04.,A/duck/Guangdong/04.15_SZBAXQ021/2015(H5N6),0.085675,0.04037,0.000119,0.033433,Avian,N6
640_A/duck/Guangdong/04.,A/duck/Guangdong/04.16_LGDBL001/2015(Mixed),0.066502,0.016976,0.003287,0.005587,Avian,N6
641_A/duck/Guangdong/04.,A/duck/Guangdong/04.16_SZLGDBL005/2015(H5N6),0.05546,0.056602,-0.030361,0.007836,Avian,N6
642_A/duck/Guangdong/04.,A/duck/Guangdong/04.16_SZLGDBL009/2015(H5N6),0.071794,0.017429,0.011716,0.006586,Avian,N6
643_A/duck/Guangdong/04.,A/duck/Guangdong/04.16_SZLGDBL013/2015(H5N6),0.069394,0.063579,0.021594,-0.003704,Avian,N6
644_A/duck/Guangdong/04.,A/duck/Guangdong/04.16_SZLGWL002/2015(H5N6),0.101671,0.025383,0.004523,0.004826,Avian,N6
645_A/duck/Guangdong/04.,A/duck/Guangdong/04.22_DGCP068-O/2015(H5N6),0.090448,0.021814,0.009747,0.007767,Avian,N6
646_A/duck/Guangdong/04.,A/duck/Guangdong/04.22_DGCP071-P/2015(Mixed),0.095365,0.021795,0.018059,0.00868,Avian,N6
647_A/duck/Guangdong/04.,A/duck/Guangdong/04.22_DGCP079-O/2015(H5N6),0.104316,0.023715,0.008964,0.007374,Avian,N6
648_A/duck/Guangdong/04.,A/duck/Guangdong/04.22_DGCP083-O/2015(Mixed),0.103493,0.018084,0.006386,0.008227,Avian,N6
649_A/duck/Guangdong/04.,A/duck/Guangdong/04.22_DGCP084-O/2015(H5N6),0.104316,0.023715,0.008964,0.007374,Avian,N6
650_A/duck/Guangdong/04.,A/duck/Guangdong/04.22_DGCPLB018-O/2015(H5N6),-0.057228,-0.001402,-0.115074,0.008984,Avian,N6
651_A/duck/Guangdong/04.,A/duck/Guangdong/04.22_DGCPLB020-O/2015(H5N6),0.093494,0.022716,0.016058,-0.004324,Avian,N6
652_A/duck/Guangdong/04.,A/duck/Guangdong/04.22_DGCPLB022-O/2015(Mixed),0.095357,0.020661,0.01519,0.000104,Avian,N6
653_A/duck/Guangdong/04.,A/duck/Guangdong/04.22_DGCPLB041-P/2015(H5N6),-0.057454,-0.001586,-0.115574,0.009329,Avian,N6
654_A/duck/Guangdong/04.,A/duck/Guangdong/04.22_DGCPLB044-P/2015(H5N6),-0.058353,-0.001348,-0.11683,0.00862,Avian,N6
655_A/duck/Guangdong/04.,A/duck/Guangdong/04.23_DGQTSJ121-O/2015(Mixed),0.088752,0.019063,0.009258,0.015261,Avian,N6
656_A/duck/Guangdong/04.,A/duck/Guangdong/04.23_DGQTSJ123-O/2015(Mixed),0.086738,0.019994,0.010276,0.018077,Avian,N6
657_A/duck/Guangdong/04.,A/duck/Guangdong/04.23_DGQTSJ127-O/2015(Mixed),-0.081404,-0.110332,-0.04303,0.008207,Avian,N6
658_A/duck/Guangdong/04.,A/duck/Guangdong/04.23_DGQTSJ128-O/2015(Mixed),0.10143,0.025187,0.003988,0.005195,Avian,N6
659_A/duck/Guangdong/04.,A/duck/Guangdong/04.23_DGQTSJ134-O/2015(Mixed),0.067578,0.08236,-0.010693,0.003203,Avian,N6
660_A/duck/Guangdong/04.,A/duck/Guangdong/04.23_DGQTSJ135-O/2015(Mixed),0.102471,0.0265,-0.001862,-0.000563,Avian,N6
661_A/duck/Guangdong/04.,A/duck/Guangdong/04.23_DGQTSJ135-P/2015(Mixed),0.088781,0.026974,-0.001931,0.004127,Avian,N6
662_A/duck/Guangdong/04.,A/duck/Guangdong/04.23_DGQTSJ138-O/2015(Mixed),0.10143,0.025187,0.003988,0.005195,Avian,N6
663_A/duck/Guangdong/04.,A/duck/Guangdong/04.23_DGQTSJ138-P/2015(Mixed),0.093638,0.026753,0.006458,0.005243,Avian,N6
664_A/duck/Guangdong/04.,A/duck/Guangdong/04.23_DGQTSJ144-O/2015(Mixed),0.067788,0.084116,-0.007503,0.002598,Avian,N6
665_A/duck/Guangdong/04.,A/duck/Guangdong/04.23_DGQTSJ145-O/2015(H5N6),0.060221,0.077005,-0.019714,0.005039,Avian,N6
666_A/duck/Guangdong/04.,A/duck/Guangdong/04.23_DGQTSJ146-O/2015(Mixed),0.096817,0.025359,-0.004478,0.004078,Avian,N6
667_A/duck/Guangdong/04.,A/duck/Guangdong/04.23_DGQTSJ147-O/2015(Mixed),0.060394,0.075727,-0.020395,0.004196,Avian,N6
668_A/duck/Guangdong/04.,A/duck/Guangdong/04.23_DGQTSJ148-O/2015(Mixed),0.060394,0.075727,-0.020395,0.004196,Avian,N6
669_A/duck/Guangdong/04.,A/duck/Guangdong/04.23_DGQTXC183-O/2015(Mixed),0.071042,0.083559,-0.000648,0.003235,Avian,N6
670_A/duck/Guangdong/04.,A/duck/Guangdong/04.23_DGQTXC185-O/2015(Mixed),0.071042,0.083559,-0.000648,0.003235,Avian,N6
671_A/duck/Guangdong/04.,A/duck/Guangdong/04.23_DGQTXC186-O/2015(Mixed),0.066175,0.084205,-0.009341,0.001925,Avian,N6
672_A/duck/Guangdong/04.,A/duck/Guangdong/04.23_DGQTXC187-O/2015(Mixed),0.066175,0.084205,-0.009341,0.001925,Avian,N6
673_A/duck/Guangdong/04.,A/duck/Guangdong/04.23_DGQTXC187-P/2015(Mixed),0.06482,0.074205,-0.001072,0.009259,Avian,N6
674_A/duck/Guangdong/04.,A/duck/Guangdong/04.23_DGQTXC188-O/2015(Mixed),0.081657,0.033272,0.005401,-0.003441,Avian,N6
675_A/duck/Guangdong/04.,A/duck/Guangdong/04.23_DGQTXC188-P/2015(Mixed),0.086738,0.019994,0.010276,0.018077,Avian,N6
676_A/duck/Guangdong/04.,A/duck/Guangdong/04.23_DGQTXC201-O/2015(Mixed),0.067578,0.08236,-0.010693,0.003203,Avian,N6
677_A/duck/Guangdong/04.,A/duck/Guangdong/04.23_DGQTXC202-O/2015(H5N6),0.089297,0.031937,-0.009397,-0.001448,Avian,N6
678_A/duck/Guangdong/04.,A/duck/Guangdong/04.23_DGQTXC202-O/2015(Mixed),0.10143,0.025187,0.003988,0.005195,Avian,N6
679_A/duck/Guangdong/04.,A/duck/Guangdong/04.23_DGQTXC203-O/2015(H5N6),0.070639,0.078931,-0.01014,0.002306,Avian,N6
680_A/duck/Guangdong/04.,A/duck/Guangdong/04.23_DGQTXC204-O/2015(Mixed),0.102855,0.023807,0.000444,0.003399,Avian,N6
681_A/duck/Guangdong/04.,A/duck/Guangdong/04.23_DGQTXC204-P/2015(Mixed),0.086738,0.019994,0.010276,0.018077,Avian,N6
682_A/duck/Guangdong/04.,A/duck/Guangdong/04.23_DGQTXC205-O/2015(Mixed),0.081246,0.019343,0.001973,0.017346,Avian,N6
683_A/duck/Guangdong/04.,A/duck/Guangdong/04.23_DGQTXC206-O/2015(Mixed),0.071042,0.083559,-0.000648,0.003235,Avian,N6
684_A/duck/Guangdong/04.,A/duck/Guangdong/04.23_DGQTXC207-O/2015(Mixed),0.086738,0.019994,0.010276,0.018077,Avian,N6
685_A/duck/Guangdong/04.,A/duck/Guangdong/04.23_DGQTXC207-P/2015(Mixed),0.081246,0.019343,0.001973,0.017346,Avian,N6
686_A/duck/Guangdong/04.,A/duck/Guangdong/04.23_DGQTXC213-O/2015(H5N6),0.093398,0.026319,0.00247,0.000743,Avian,N6
687_A/duck/Guangdong/04.,A/duck/Guangdong/04.23_DGQTXC213-P/2015(H5N6),0.089297,0.031937,-0.009397,-0.001448,Avian,N6
688_A/duck/Guangdong/04.,A/duck/Guangdong/04.23_DGQTXC227-P/2015(Mixed),0.060394,0.075727,-0.020395,0.004196,Avian,N6
689_A/duck/Guangdong/04.,A/duck/Guangdong/04.23_DGQTXC229-P/2015(H5N6),0.060394,0.075727,-0.020395,0.004196,Avian,N6
690_A/duck/Guangdong/04.,A/duck/Guangdong/04.23_DGQTXC230-P/2015(Mixed),0.060394,0.075727,-0.020395,0.004196,Avian,N6
691_A/duck/Guangdong/04.,A/duck/Guangdong/04.23_DGQTXC231-O/2015(H5N6),0.060394,0.075727,-0.020395,0.004196,Avian,N6
692_A/duck/Guangdong/04.,A/duck/Guangdong/04.23_DGQTXC231-P/2015(Mixed),0.060394,0.075727,-0.020395,0.004196,Avian,N6
693_A/duck/Guangdong/04.,A/duck/Guangdong/04.23_DGQTXC232-P/2015(H5N6),0.055084,0.076683,-0.029396,0.003158,Avian,N6
694_A/duck/Guangdong/04.,A/duck/Guangdong/04.23_DGQTXC233-P/2015(Mixed),0.055084,0.076683,-0.029396,0.003158,Avian,N6
695_A/duck/Guangdong/04.,A/duck/Guangdong/04.23_DGQTXC235-O/2015(H5N6),0.055084,0.076683,-0.029396,0.003158,Avian,N6
696_A/duck/Guangdong/04.,A/duck/Guangdong/04.23_DGQTXC236-P/2015(H5N6),0.082482,0.039954,0.005003,-0.000593,Avian,N6
697_A/duck/Guangdong/11.,A/duck/Guangdong/11.18_SZBJ003-C/2016,0.052461,0.028744,0.002493,0.012714,Avian,N6
698_A/duck/Guangdong/11.,A/duck/Guangdong/11.18_SZBJ003-O/2016,0.052461,0.028744,0.002493,0.012714,Avian,N6
699_A/duck/Guangdong/11.,A/duck/Guangdong/11.18_SZBJ007-O/2016,0.058975,0.025188,0.001432,0.011849,Avian,N6
700_A/duck/Guangdong/KGZ,A/duck/Guangdong/KGZ15783/2021,-0.044111,-0.006388,-0.002346,0.073116,Avian,N8
701_A/duck/Guangdong/KGZ,A/duck/Guangdong/KGZ16007/2021,0.074097,-0.00412,0.032624,0.034931,Avian,N6
702_A/duck/Guangdong/KGZ,A/duck/Guangdong/KGZ16008/2021,0.074097,-0.00412,0.032624,0.034931,Avian,N6
703_A/duck/Guangdong/KGZ,A/duck/Guangdong/KGZ16009/2021,0.074097,-0.00412,0.032624,0.034931,Avian,N6
704_A/duck/Guangdong/KGZ,A/duck/Guangdong/KGZ16012/2021,0.074097,-0.00412,0.032624,0.034931,Avian,N6
705_A/duck/Guangdong/KGZ,A/duck/Guangdong/KGZ16015/2021,0.038791,-0.019634,0.043443,0.036062,Avian,N8
706_A/Duck/Guangdong/PO1,A/Duck/Guangdong/PO17281256/MZH/2017-8-21,0.083699,0.057404,-0.04912,0.006575,Avian,N6
707_A/Duck/Guangdong/PO1,A/Duck/Guangdong/PO17281388/MZH/2017-10-24,0.084372,0.054864,-0.054068,0.018856,Avian,N6
708_A/Duck/Guangdong/PO1,A/Duck/Guangdong/PO17284260/YJ/2017-7-12,0.059126,0.032154,-0.027114,0.025348,Avian,N6
709_A/Duck/Guangdong/PO1,A/Duck/Guangdong/PO1707260017/GZH/2017-08-02,0.091708,0.06876,-0.074198,0.001492,Avian,N6
710_A/Duck/Guangdong/PY5,A/Duck/Guangdong/PY501/2014(H5N6),0.047539,0.027897,0.003254,0.010835,Avian,N6
711_A/Duck/Guangdong/PY5,A/Duck/Guangdong/PY503/2014(H5N6),0.054011,0.023634,0.005922,0.016989,Avian,N6
712_A/duck/Guangdong/S12,A/duck/Guangdong/S1269/2021,-0.049634,-0.008364,-0.007113,0.09046,Avian,N8
713_A/duck/Guangdong/S13,A/duck/Guangdong/S1330/2016,0.08486,0.0338,0.005225,0.032009,Avian,N6
714_A/duck/Guangdong/S45,A/duck/Guangdong/S4518/2021(H5N1),-0.087951,0.022893,0.014361,0.058399,Avian,N1
715_A/duck/Guangdong/S45,A/duck/Guangdong/S4525/2021(H5N1),-0.087582,0.025827,0.013003,0.057472,Avian,N1
716_A/duck/Guangdong/S48,A/duck/Guangdong/S4879/2020,-0.045703,-0.008483,-0.006224,0.082945,Avian,N6
717_A/duck/Guangdong/s14,A/duck/Guangdong/s14044/2014,0.043706,-0.122716,0.006849,-0.019659,Avian,N8
718_A/duck/Guangdong/SE1,A/duck/Guangdong/SE195/2021,0.056665,0.003654,0.025446,0.029437,Avian,N6
719_A/Duck/Guangdong/SS1,A/Duck/Guangdong/SS1A1/2014(H5N6),0.062846,0.006228,0.003719,-0.003051,Avian,N6
720_A/duck/Guangdong/wy1,A/duck/Guangdong/wy11/2008,0.008005,-0.101614,0.007056,-0.025337,Avian,Others
721_A/duck/Guangdong/wy1,A/duck/Guangdong/wy19/2008,0.025167,-0.101871,0.00242,-0.040973,Avian,Others
722_A/duck/Guangdong/wy2,A/duck/Guangdong/wy24/2008,0.035422,-0.081226,0.005237,-0.059906,Avian,Others
723_A/Duck/Guangdong/Yan,A/Duck/Guangdong/Yangjiang/PO18284009/2018-01-09,0.072859,0.095827,-0.070671,-0.008209,Avian,N6
724_A/duck/Guangxi/12.25,A/duck/Guangxi/12.25_GLGX-14-08/2014(Mixed),0.100062,0.012847,0.03953,0.022228,Avian,N6
725_A/duck/Guangxi/S1009,A/duck/Guangxi/S10099/2021,-0.040318,-0.006975,0.003108,0.083693,Avian,N8
726_A/duck/Guangxi/S1026,A/duck/Guangxi/S10263/2021,-0.04349,-0.00614,-0.002676,0.08207,Avian,N8
727_A/duck/Guangxi/S1104,A/duck/Guangxi/S11043/2021,-0.043907,-0.006095,0.001059,0.082856,Avian,N8
728_A/duck/Guangxi/S2119,A/duck/Guangxi/S21194/2021,-0.042099,-0.010853,-0.001216,0.086806,Avian,N8
729_A/duck/Guangxi/S3111,A/duck/Guangxi/S31116/2021(H5N6),-0.046624,-0.001219,-0.018167,0.074683,Avian,N6
730_A/duck/Guangzhou/018,A/duck/Guangzhou/018/2014,0.078831,0.027683,0.017045,0.009636,Avian,N6
731_A/duck/Guangzhou/021,A/duck/Guangzhou/021/2014,0.081238,0.036314,0.011177,0.006715,Avian,N6
732_A/duck/Guizhou/7.27_,A/duck/Guizhou/7.27_ZYLJJ017-O/2018,0.076766,0.074219,-0.060913,-0.027947,Avian,N6
733_A/duck/Guizhou/8.26_,A/duck/Guizhou/8.26_ZYLJJ016-O/2018,0.054679,0.067751,-0.070564,-0.022999,Avian,N6
734_A/duck/Guizhou/8.26_,A/duck/Guizhou/8.26_ZYLJJ017-O/2018,0.07734,0.07204,-0.074382,-0.018907,Avian,N6
735_A/duck/Guizhou/S1321,A/duck/Guizhou/S1321/2022(H5N1),-0.082751,0.025961,0.007033,0.065561,Avian,N1
736_A/duck/Guizhou/S1711,A/duck/Guizhou/S1711/2024(H5N1),-0.056353,-0.000698,-0.005292,0.082969,Avian,N1
737_A/duck/Guizhou/S4702,A/duck/Guizhou/S4702/2021(H5N6),-0.093595,-0.027111,0.028906,0.043628,Avian,N6
738_A/duck/Hainan/12.29_,A/duck/Hainan/12.29_HKPL002-C/2017,0.073336,0.076408,-0.063837,-0.01622,Avian,N6
739_A/duck/Hebei/3/2011|,A/duck/Hebei/3/2011,0.01631,-0.10631,0.008438,-0.03542,Avian,N2
740_A/duck/Hebei/S1070/2,A/duck/Hebei/S1070/2021,-0.05678,-0.011968,0.000658,0.088337,Avian,N8
741_A/duck/Henan/01.01_L,A/duck/Henan/01.01_LYGL003-O/2017,-0.094151,-0.105976,-0.045965,0.035962,Avian,N6
742_A/duck/Henan/S1381/2,A/duck/Henan/S1381/2021,-0.058983,-0.012898,-0.003409,0.08922,Avian,N8
743_A/duck/Hsinchu/15020,A/duck/Hsinchu/15020216/2015,-0.129187,0.073067,0.002427,-0.056764,Avian,N2
744_A/duck/Hubei/03.06__,A/duck/Hubei/03.06__WHWTZ0107-O/2015(Mixed),-0.08223,0.012845,-0.010755,0.030424,Avian,N2
745_A/duck/Hubei/03.06__,A/duck/Hubei/03.06__WHWTZ0111-O/2015(Mixed),0.064665,0.016377,-0.022918,0.009395,Avian,N6
746_A/duck/Hubei/03.06__,A/duck/Hubei/03.06__WHWTZ0123-O/2015(H5N6),0.064665,0.016377,-0.022918,0.009395,Avian,N6
747_A/duck/Hubei/03.06__,A/duck/Hubei/03.06__WHWTZ0125-O/2015(H5N6),0.064665,0.016377,-0.022918,0.009395,Avian,N6
748_A/duck/Hubei/03.06__,A/duck/Hubei/03.06__WHWTZ0129-P/2015(H5N6),0.056698,0.016045,-0.016738,0.008621,Avian,N6
749_A/duck/Hubei/03.06__,A/duck/Hubei/03.06__WHWTZ0150-P/2015(Mixed),0.063412,0.016765,-0.025293,0.008797,Avian,N6
750_A/duck/Hubei/03.06__,A/duck/Hubei/03.06__WHWTZ0155-P/2015(H5N1),-0.051795,-0.023395,0.017916,0.035524,Avian,N1
751_A/duck/HuBei/03.06__,A/duck/HuBei/03.06__WHWTZ0158-P/2015(H5N6),0.064665,0.016377,-0.022918,0.009395,Avian,N6
752_A/duck/Hubei/03.06_W,A/duck/Hubei/03.06_WHWTZ0124-O/2015(H5N6),0.064665,0.016377,-0.022918,0.009395,Avian,N6
753_A/duck/Hubei/03.06_W,A/duck/Hubei/03.06_WHWTZ0130-O/2015(H5N6),0.064665,0.016377,-0.022918,0.009395,Avian,N6
754_A/duck/Hubei/46/2009,A/duck/Hubei/46/2009,-0.125748,-0.02584,-0.038266,-0.011164,Avian,N1
755_A/duck/Hubei/2911/20,A/duck/Hubei/2911/2007,0.008346,-0.044513,0.043483,-0.020063,Avian,N1
756_A/duck/Hubei/S4465/2,A/duck/Hubei/S4465/2021(H5N1),-0.066772,-0.005738,-0.009797,0.09065,Avian,N1
757_A/duck/Hubei/SE128/2,A/duck/Hubei/SE128/2022(H5N1),-0.064948,-0.000466,-0.002902,0.088483,Avian,N1
758_A/duck/Hubei/SE220/2,A/duck/Hubei/SE220/2022(H5N1),-0.082161,0.022067,0.016854,0.054467,Avian,N1
759_A/duck/Hubei/SZY250/,A/duck/Hubei/SZY250/2016,0.00331,-0.046483,-0.021693,0.026554,Avian,N2
760_A/duck/Hubei/xn/2007,A/duck/Hubei/xn/2007,-0.057252,-0.021555,0.021259,0.031512,Avian,N1
761_A/duck/Hunan/1.12_YY,A/duck/Hunan/1.12_YYGK68H3-OC/2018,0.07542,0.077987,-0.075717,-0.022448,Avian,N6
762_A/duck/Hunan/1.12_YY,A/duck/Hunan/1.12_YYGK72H3-OC/2018,0.076671,0.072519,-0.073392,-0.027007,Avian,N6
763_A/duck/Hunan/1.12_YY,A/duck/Hunan/1.12_YYGK74H3-OC/2018,-0.110994,-0.019133,-0.068295,0.006318,Avian,N6
764_A/duck/Hunan/01.12_Y,A/duck/Hunan/01.12_YYGK82H3-OC/2018,-0.110994,-0.019133,-0.068295,0.006318,Avian,N6
765_A/duck/Hunan/01.16_Y,A/duck/Hunan/01.16_YYFQH128-P/2014(Mixed),0.069277,0.025433,-0.000367,0.028125,Avian,N6
766_A/duck/Hunan/01.16_Y,A/duck/Hunan/01.16_YYFQH185-P/2014(H5N6),0.069277,0.025433,-0.000367,0.028125,Avian,N6
767_A/duck/Hunan/01.16_Y,A/duck/Hunan/01.16_YYFQH299-P/2014(H5N6),0.054599,0.018828,0.007651,0.017772,Avian,N6
768_A/duck/Hunan/01.16_Y,A/duck/Hunan/01.16_YYFQH303-P/2014(H5N6),0.054599,0.018828,0.007651,0.017772,Avian,N6
769_A/duck/Hunan/01.16_Y,A/duck/Hunan/01.16_YYFQH304-P/2014(H5N6),0.055278,0.024208,0.007521,0.019383,Avian,N6
770_A/duck/Hunan/01.16_Y,A/duck/Hunan/01.16_YYFQH305-P/2014(H5N6),0.055278,0.024208,0.007521,0.019383,Avian,N6
771_A/duck/Hunan/01.16_Y,A/duck/Hunan/01.16_YYFQH306-P/2014(H5N6),0.055278,0.024208,0.007521,0.019383,Avian,N6
772_A/duck/Hunan/01.16_Y,A/duck/Hunan/01.16_YYFQH309-P/2014(H5N6),0.054599,0.018828,0.007651,0.017772,Avian,N6
773_A/duck/Hunan/01.16_Y,A/duck/Hunan/01.16_YYFQH317-P/2014(H5N6),0.054599,0.018828,0.007651,0.017772,Avian,N6
774_A/duck/Hunan/01.16_Y,A/duck/Hunan/01.16_YYFQH319-P/2014(H5N6),0.054599,0.018828,0.007651,0.017772,Avian,N6
775_A/duck/Hunan/01.16_Y,A/duck/Hunan/01.16_YYGK218-P/2014(H5N6),0.055278,0.024208,0.007521,0.019383,Avian,N6
776_A/duck/Hunan/1.17_YY,A/duck/Hunan/1.17_YYGKK80-OC/2017,0.087667,0.029364,0.019946,0.049198,Avian,N6
777_A/duck/Hunan/01.21_Y,A/duck/Hunan/01.21_YYFQH009-O/2015(H5N6),0.06537,0.029649,-0.009721,0.018845,Avian,N6
778_A/duck/Hunan/01.21_Y,A/duck/Hunan/01.21_YYFQH019-P/2015(H5N6),0.055281,0.040102,0.020587,-0.001137,Avian,N6
779_A/duck/Hunan/01.21_Y,A/duck/Hunan/01.21_YYFQH024-P/2015(H5N6),0.063186,0.025861,-0.013226,0.016741,Avian,N6
780_A/duck/Hunan/01.21_Y,A/duck/Hunan/01.21_YYFQH025-P/2015(H5N6),0.068602,0.016885,0.020378,0.012027,Avian,N6
781_A/duck/Hunan/01.21_Y,A/duck/Hunan/01.21_YYFQH030-O/2015(H5N6),0.063186,0.025861,-0.013226,0.016741,Avian,N6
782_A/duck/Hunan/2.06_YY,A/duck/Hunan/2.06_YYGK77J3-OC/2018,0.092964,0.083615,-0.103315,-0.020927,Avian,N6
783_A/duck/Hunan/2.06_YY,A/duck/Hunan/2.06_YYGK78J3-OC/2018,0.076014,0.079937,-0.06235,-0.018456,Avian,N6
784_A/duck/Hunan/2.06_YY,A/duck/Hunan/2.06_YYGK84J3-OC/2018,0.093983,0.083996,-0.086367,-0.005291,Avian,N6
785_A/duck/Hunan/2.06_YY,A/duck/Hunan/2.06_YYGK92J3-OC/2018,0.093983,0.083996,-0.086367,-0.005291,Avian,N6
786_A/duck/Hunan/02.07__,A/duck/Hunan/02.07__YYFQHY12Y-O/2015(H5N6),0.070567,0.018851,0.024495,0.012038,Avian,N6
787_A/duck/Hunan/02.07__,A/duck/Hunan/02.07__YYFQHY20Y-O/2015(H5N6),0.068602,0.016885,0.020378,0.012027,Avian,N6
788_A/duck/Hunan/02.07_Y,A/duck/Hunan/02.07_YYFQH026-O/2015(H5N6),0.055281,0.040102,0.020587,-0.001137,Avian,N6
789_A/duck/Hunan/02.07_Y,A/duck/Hunan/02.07_YYFQH029-O/2015(H5N6),0.068602,0.016885,0.020378,0.012027,Avian,N6
790_A/duck/Hunan/02.07_Y,A/duck/Hunan/02.07_YYFQH032-O/2015(H5N6),0.055281,0.040102,0.020587,-0.001137,Avian,N6
791_A/duck/Hunan/02.16_Y,A/duck/Hunan/02.16_YYGK281-P/2014(H5N6),0.050495,0.024452,-0.000293,0.01815,Avian,N6
792_A/duck/Hunan/02.26__,A/duck/Hunan/02.26__YYFQH293-P/2014(H5N6),0.055278,0.024208,0.007521,0.019383,Avian,N6
793_A/duck/Hunan/02.26__,A/duck/Hunan/02.26__YYFQH320-P/2014(H5N6),0.055278,0.024208,0.007521,0.019383,Avian,N6
794_A/duck/Hunan/02.26__,A/duck/Hunan/02.26__YYGK251-P/2014(H5N6),0.054599,0.018828,0.007651,0.017772,Avian,N6
795_A/duck/Hunan/02.26__,A/duck/Hunan/02.26__YYGK0255-P/2014(H5N6),0.055278,0.024208,0.007521,0.019383,Avian,N6
796_A/duck/Hunan/02.26_Y,A/duck/Hunan/02.26_YYFQH290-P/2014(H5N6),0.070573,0.026435,0.002619,0.030249,Avian,N6
797_A/duck/Hunan/02.26_Y,A/duck/Hunan/02.26_YYFQH294-P/2014(H5N6),0.054599,0.018828,0.007651,0.017772,Avian,N6
798_A/duck/Hunan/02.26_Y,A/duck/Hunan/02.26_YYFQH308-P/2014(H5N6),0.054599,0.018828,0.007651,0.017772,Avian,N6
799_A/duck/Hunan/02.26_Y,A/duck/Hunan/02.26_YYFQHY291-P/2014(H5N6),0.068602,0.016885,0.020378,0.012027,Avian,N6
800_A/duck/Hunan/02.26_Y,A/duck/Hunan/02.26_YYGK250-P/2014(H5N6),0.059924,0.023669,0.005783,0.023331,Avian,N6
801_A/duck/Hunan/02.26_Y,A/duck/Hunan/02.26_YYGK254-P/2014(H5N6),0.055278,0.024208,0.007521,0.019383,Avian,N6
802_A/duck/Hunan/02.26_Y,A/duck/Hunan/02.26_YYGK263-P/2014(H5N6),0.06064,0.023988,0.002449,0.02391,Avian,N6
803_A/duck/Hunan/02.26_Y,A/duck/Hunan/02.26_YYGK267-P/2014(H5N6),0.060451,0.022417,0.003999,0.023239,Avian,N6
804_A/duck/Hunan/02.26_Y,A/duck/Hunan/02.26_YYGK271-P/2014(H5N6),0.06064,0.023988,0.002449,0.02391,Avian,N6
805_A/duck/Hunan/02.26_Y,A/duck/Hunan/02.26_YYGK276-P/2014(H5N6),0.06064,0.023988,0.002449,0.02391,Avian,N6
806_A/duck/Hunan/02.26_Y,A/duck/Hunan/02.26_YYGKY298-P/2014(H5N6),0.054599,0.018828,0.007651,0.017772,Avian,N6
807_A/duck/Hunan/02.26_Y,A/duck/Hunan/02.26_YYGQH295-P/2014(H5N6),0.054801,0.019939,0.007935,0.018603,Avian,N6
808_A/duck/Hunan/03.07_Y,A/duck/Hunan/03.07_YYGK1L3-OC/2018,-0.040502,-0.102661,-0.028396,-0.007624,Avian,N1
809_A/duck/Hunan/03.07_Y,A/duck/Hunan/03.07_YYGK4L3-OC/2018,0.08748,0.019965,-0.014391,0.022698,Avian,N6
810_A/duck/Hunan/03.07_Y,A/duck/Hunan/03.07_YYGK25L3-OC/2018,0.102711,0.076224,-0.086107,-0.021954,Avian,N6
811_A/duck/Hunan/03.07_Y,A/duck/Hunan/03.07_YYGK31L3-OC/2018,-0.122341,-0.018426,-0.063661,-0.002585,Avian,N6
812_A/duck/Hunan/03.09_Y,A/duck/Hunan/03.09_YYFQH0036-P/2015(Mixed),-0.089307,-0.105397,-0.058529,0.021995,Avian,N6
813_A/duck/Hunan/03.09_Y,A/duck/Hunan/03.09_YYFQH0046-O/2015(Mixed),0.087457,0.04343,-0.001417,0.019263,Avian,N6
814_A/duck/Hunan/03.09_Y,A/duck/Hunan/03.09_YYFQH0047-O/2015(H5N6),0.100111,0.006619,0.026223,0.01738,Avian,N6
815_A/duck/Hunan/03.24_Y,A/duck/Hunan/03.24_YYGK18M2-O/2017,0.075459,0.010039,0.007705,0.027396,Avian,N6
816_A/duck/Hunan/03.24_Y,A/duck/Hunan/03.24_YYGK21M2-O/2017,0.073389,0.010138,0.000035,0.017494,Avian,N6
817_A/duck/Hunan/03.24_Y,A/duck/Hunan/03.24_YYGK174M2-C/2017,0.073389,0.010138,0.000035,0.017494,Avian,N6
818_A/duck/Hunan/03.24_Y,A/duck/Hunan/03.24_YYGK178M2-C/2017,0.073389,0.010138,0.000035,0.017494,Avian,N6
819_A/duck/Hunan/04.14_Y,A/duck/Hunan/04.14_YYGK067-O/2015(Mixed),0.062392,0.01789,-0.008522,0.01604,Avian,N6
820_A/duck/Hunan/04.14_Y,A/duck/Hunan/04.14_YYGK0439-Z-P/2015(Mixed),0.055154,0.021108,-0.00653,0.008523,Avian,N6
821_A/duck/Hunan/04.14_Y,A/duck/Hunan/04.14_YYGK451-1-O/2015(Mixed),0.059077,0.01898,-0.022812,0.01714,Avian,N6
822_A/duck/Hunan/04.14_Y,A/duck/Hunan/04.14_YYGK460-O/2015(H5N6),0.060384,0.01724,-0.015923,0.020369,Avian,N6
823_A/duck/Hunan/04.14_Y,A/duck/Hunan/04.14_YYGK464-O/2015(H5N6),0.062392,0.01789,-0.008522,0.01604,Avian,N6
824_A/duck/Hunan/04.14_Y,A/duck/Hunan/04.14_YYGK468-O/2015(H5N6),0.062392,0.01789,-0.008522,0.01604,Avian,N6
825_A/duck/Hunan/04.14_Y,A/duck/Hunan/04.14_YYGK472-O/2015(Mixed),0.062392,0.01789,-0.008522,0.01604,Avian,N6
826_A/duck/Hunan/04.14_Y,A/duck/Hunan/04.14_YYGK0878-P/2015(H5N6),0.058889,0.020361,-0.022075,0.018052,Avian,N6
827_A/duck/Hunan/04.14_Y,A/duck/Hunan/04.14_YYXS877-P/2015(H5N6),0.058889,0.020361,-0.022075,0.018052,Avian,N6
828_A/duck/Hunan/04.22_L,A/duck/Hunan/04.22_LDDX037-P/2015(H5N6),0.103234,0.022765,0.003524,-0.006301,Avian,N6
829_A/duck/Hunan/7.21_YY,A/duck/Hunan/7.21_YYGK41Y1-C/2016,0.091402,0.017759,-0.013362,0.03838,Avian,N6
830_A/duck/Hunan/11.30_Y,A/duck/Hunan/11.30_YYGK59E3-OC/2017,0.072542,0.010863,0.002706,0.04168,Avian,N6
831_A/duck/Hunan/11.30_Y,A/duck/Hunan/11.30_YYGK62E3-OC/2017,0.088327,0.0934,-0.06417,-0.011207,Avian,N6
832_A/duck/Hunan/11.30_Y,A/duck/Hunan/11.30_YYGK63E3-OC/2017,0.088327,0.0934,-0.06417,-0.011207,Avian,N6
833_A/duck/Hunan/11.30_Y,A/duck/Hunan/11.30_YYGK74E3-OC/2017,-0.026779,-0.034103,0.108783,0.025728,Avian,N8
834_A/duck/Hunan/11.30_Y,A/duck/Hunan/11.30_YYGK75E3-OC/2017,-0.035903,-0.037084,0.101593,0.024321,Avian,N6
835_A/duck/Hunan/12.07__,A/duck/Hunan/12.07__YYGK44-P/2013(Mixed),0.042252,0.000742,-0.024648,-0.029084,Avian,N1
836_A/duck/Hunan/12.07__,A/duck/Hunan/12.07__YYGK97-P/2013(H5N1),0.028871,0.006454,-0.011845,-0.038235,Avian,N1
837_A/duck/Hunan/12.07__,A/duck/Hunan/12.07__YYGK110-P/2013(H5N6),0.072274,0.04411,0.010271,0.005212,Avian,N6
838_A/duck/Hunan/12.07__,A/duck/Hunan/12.07__YYGK111-P/2013(H5N6),0.091195,0.049663,-0.001391,-0.001225,Avian,N6
839_A/duck/Hunan/12.07__,A/duck/Hunan/12.07__YYGK118-P/2013(H5N6),0.062123,0.019992,0.004626,0.008613,Avian,N6
840_A/duck/Hunan/12.07_Y,A/duck/Hunan/12.07_YGK098-P/2013(H5N6),0.070091,0.035211,0.013376,0.008162,Avian,N6
841_A/duck/Hunan/12.07_Y,A/duck/Hunan/12.07_YYGK007-P/2013(H5N1),0.028871,0.006454,-0.011845,-0.038235,Avian,N1
842_A/duck/Hunan/12.07_Y,A/duck/Hunan/12.07_YYGK032-P/2013(H5N6),0.058203,0.023885,0.004504,0.021512,Avian,N6
843_A/duck/Hunan/12.07_Y,A/duck/Hunan/12.07_YYGK68-P/2013(H5N6),0.067154,0.015533,0.009121,0.01449,Avian,N6
844_A/duck/Hunan/12.07_Y,A/duck/Hunan/12.07_YYGK100-P/2013(H5N1),0.045107,0.008389,-0.012948,-0.034455,Avian,N1
845_A/duck/Hunan/12.07_Y,A/duck/Hunan/12.07_YYGK108-P/2013(H5N6),0.072259,0.044501,0.010169,0.00572,Avian,N6
846_A/duck/Hunan/12.07_Y,A/duck/Hunan/12.07_YYGK113-P/2013(H5N6),0.087366,0.050601,-0.001395,0.001611,Avian,N6
847_A/duck/Hunan/12.17__,A/duck/Hunan/12.17__YYFQH0046-1-O/2014(Mixed),0.080761,0.042375,0.006111,0.002075,Avian,N6
848_A/duck/Hunan/12.17__,A/duck/Hunan/12.17__YYFQH0072-O/2014(Mixed),0.088284,0.041014,0.007865,0.002908,Avian,N6
849_A/duck/Hunan/12.17__,A/duck/Hunan/12.17__YYGK0066-P/2014(H5N6),0.061533,0.027866,0.003459,0.021436,Avian,N6
850_A/duck/Hunan/12.17_Y,A/duck/Hunan/12.17_YYGK014/2014(H5N6),0.082098,0.01868,0.009599,0.013571,Avian,N6
851_A/duck/Hunan/12.17_Y,A/duck/Hunan/12.17_YYGK040/2014(H5N6),0.082354,0.015636,0.01085,0.013836,Avian,N6
852_A/duck/Hunan/12.17_Y,A/duck/Hunan/12.17_YYGK056/2014(H5N6),0.098706,0.03027,0.022007,-0.000106,Avian,N6
853_A/duck/Hunan/12.17_Y,A/duck/Hunan/12.17_YYGK0056/2014(H5N6),0.068602,0.016885,0.020378,0.012027,Avian,N6
854_A/duck/Hunan/12.17_Y,A/duck/Hunan/12.17_YYGK0057/2014(H5N6),0.082098,0.01868,0.009599,0.013571,Avian,N6
855_A/duck/Hunan/12.17_Y,A/duck/Hunan/12.17_YYGK0063-O/2014(H5N6),0.080761,0.042375,0.006111,0.002075,Avian,N6
856_A/duck/Hunan/12.17_Y,A/duck/Hunan/12.17_YYGK079-1/2014(H5N6),0.081972,0.01664,0.008452,0.015178,Avian,N6
857_A/duck/Hunan/12.17_Y,A/duck/Hunan/12.17_YYGK082/2014(H5N6),0.111484,0.022966,0.019972,0.010608,Avian,N6
858_A/duck/Hunan/12.27_Y,A/duck/Hunan/12.27_YYGK60J2-C/2016,0.080112,0.017925,0.013761,0.039186,Avian,N6
859_A/duck/Hunan/12.27_Y,A/duck/Hunan/12.27_YYGK71J2-O/2016,0.091033,0.037034,0.023855,0.045349,Avian,N6
860_A/duck/Hunan/12.27_Y,A/duck/Hunan/12.27_YYGK73J2-O/2016,0.083374,0.015686,0.014684,0.035996,Avian,N6
861_A/duck/Hunan/12.27_Y,A/duck/Hunan/12.27_YYGK81J2-O/2016,0.091033,0.037034,0.023855,0.045349,Avian,N6
862_A/duck/Hunan/12.27_Y,A/duck/Hunan/12.27_YYGK86J2-C/2016,0.080112,0.017925,0.013761,0.039186,Avian,N6
863_A/duck/Hunan/12.27_Y,A/duck/Hunan/12.27_YYGK89J2-O/2016,0.091033,0.037034,0.023855,0.045349,Avian,N6
864_A/duck/Hunan/12.27_Y,A/duck/Hunan/12.27_YYGK91J2-O/2016,0.091033,0.037034,0.023855,0.045349,Avian,N6
865_A/duck/Hunan/12.27_Y,A/duck/Hunan/12.27_YYGK93J2-O/2016,0.091033,0.037034,0.023855,0.045349,Avian,N6
866_A/duck/Hunan/12.27_Y,A/duck/Hunan/12.27_YYGK95J2-O/2016,0.090701,0.032646,0.017691,0.04292,Avian,N6
867_A/duck/Hunan/12.27_Y,A/duck/Hunan/12.27_YYGK96J2-O/2016,0.090851,0.038379,0.024573,0.046237,Avian,N6
868_A/duck/Hunan/12.27_Y,A/duck/Hunan/12.27_YYGK97J2-O/2016,0.091033,0.037034,0.023855,0.045349,Avian,N6
869_A/duck/Hunan/12.27_Y,A/duck/Hunan/12.27_YYGK100J2-C/2016,0.091033,0.037034,0.023855,0.045349,Avian,N6
870_A/duck/Hunan/193/201,A/duck/Hunan/193/2014,0.08326,0.021872,0.004684,0.012842,Avian,N6
871_A/duck/Hunan/233/201,A/duck/Hunan/233/2014,0.10829,0.01315,0.026586,0.004753,Avian,N6
872_A/duck/Hunan/316/200,A/duck/Hunan/316/2005,-0.001058,-0.055089,-0.003467,-0.026338,Avian,N1
873_A/duck/Hunan/689/200,A/duck/Hunan/689/2006,0.008535,-0.040882,0.043211,-0.024841,Avian,N1
874_A/duck/Hunan/3315/20,A/duck/Hunan/3315/2006,0.001533,-0.044919,0.039006,-0.029292,Avian,N1
875_A/duck/Hunan/HN05/20,A/duck/Hunan/HN05/2014,0.073382,0.031512,0.015996,0.005129,Avian,N6
876_A/duck/Hunan/HN13/20,A/duck/Hunan/HN13/2015,0.085873,0.041823,0.021086,-0.001652,Avian,N6
877_A/duck/Hunan/HN16/20,A/duck/Hunan/HN16/2015,0.088721,0.017846,0.047936,0.011158,Avian,N6
878_A/duck/Hunan/HN29/20,A/duck/Hunan/HN29/2015,0.081195,0.032361,0.0139,-0.000199,Avian,N6
879_A/duck/Hunan/HN42/20,A/duck/Hunan/HN42/2015,0.108119,0.023689,0.008324,0.021934,Avian,N6
880_A/duck/Hunan/HN45/20,A/duck/Hunan/HN45/2015,0.080947,0.03296,0.013953,0.000506,Avian,N6
881_A/duck/Hunan/HN53/20,A/duck/Hunan/HN53/2015,0.081188,0.033157,0.014487,0.000137,Avian,N6
882_A/duck/Hunan/HN54/20,A/duck/Hunan/HN54/2015,0.080947,0.03296,0.013953,0.000506,Avian,N6
883_A/duck/Hunan/HN59/20,A/duck/Hunan/HN59/2015,0.080947,0.03296,0.013953,0.000506,Avian,N6
884_A/duck/Hunan/HN60/20,A/duck/Hunan/HN60/2015,0.080947,0.03296,0.013953,0.000506,Avian,N6
885_A/duck/Hunan/HN61/20,A/duck/Hunan/HN61/2015,0.080947,0.03296,0.013953,0.000506,Avian,N6
886_A/duck/Hunan/HN64/20,A/duck/Hunan/HN64/2015,0.080947,0.03296,0.013953,0.000506,Avian,N6
887_A/duck/Hunan/HN66/20,A/duck/Hunan/HN66/2015,0.080947,0.03296,0.013953,0.000506,Avian,N6
888_A/duck/Hunan/HN67/20,A/duck/Hunan/HN67/2015,0.081188,0.033157,0.014487,0.000137,Avian,N6
889_A/duck/Hunan/HN71/20,A/duck/Hunan/HN71/2015,0.113984,0.02994,0.009495,0.013628,Avian,N6
890_A/duck/Hunan/HN72/20,A/duck/Hunan/HN72/2015,0.088083,0.027975,0.030091,0.00346,Avian,N6
891_A/duck/Hunan/HN74/20,A/duck/Hunan/HN74/2015,0.101466,0.028427,0.014512,0.007653,Avian,N6
892_A/duck/Hunan/HN76/20,A/duck/Hunan/HN76/2015,0.088083,0.027975,0.030091,0.00346,Avian,N6
893_A/duck/Hunan/HN78/20,A/duck/Hunan/HN78/2015,0.080987,0.032046,0.014203,-0.000694,Avian,N6
894_A/duck/Hunan/HN80/20,A/duck/Hunan/HN80/2015,0.114848,0.029369,0.006655,0.013888,Avian,N6
895_A/duck/Hunan/HN162/2,A/duck/Hunan/HN162/2015,0.099204,0.024252,0.008475,-0.000846,Avian,N6
896_A/duck/Hunan/HN163/2,A/duck/Hunan/HN163/2015,0.092922,0.029181,0.014256,0.008783,Avian,N6
897_A/duck/Hunan/HN167/2,A/duck/Hunan/HN167/2015,0.098963,0.024055,0.00794,-0.000477,Avian,N6
898_A/duck/Hunan/HN171/2,A/duck/Hunan/HN171/2015,0.106187,0.025284,0.004178,-0.000376,Avian,N6
899_A/duck/Hunan/HN172/2,A/duck/Hunan/HN172/2015,0.099204,0.024252,0.008475,-0.000846,Avian,N6
900_A/duck/Hunan/HN174/2,A/duck/Hunan/HN174/2015,0.100331,0.02161,0.004683,-0.000396,Avian,N6
901_A/duck/Hunan/HN176/2,A/duck/Hunan/HN176/2015,0.099431,0.017061,0.018152,0.004004,Avian,N6
902_A/duck/Hunan/HN177/2,A/duck/Hunan/HN177/2015,0.099204,0.024252,0.008475,-0.000846,Avian,N6
903_A/duck/Hunan/HN178/2,A/duck/Hunan/HN178/2015,0.099204,0.024252,0.008475,-0.000846,Avian,N6
904_A/duck/Hunan/HN182/2,A/duck/Hunan/HN182/2015,0.099204,0.024252,0.008475,-0.000846,Avian,N6
905_A/duck/Hunan/HN183/2,A/duck/Hunan/HN183/2015,0.102155,0.025806,0.015593,0.005909,Avian,N6
906_A/duck/Hunan/HN186/2,A/duck/Hunan/HN186/2015,0.100842,0.024292,0.008327,-0.001466,Avian,N6
907_A/duck/Hunan/HN190/2,A/duck/Hunan/HN190/2015,0.099204,0.024252,0.008475,-0.000846,Avian,N6
908_A/duck/Hunan/HN191/2,A/duck/Hunan/HN191/2015,0.097491,0.030927,0.013519,0.006523,Avian,N6
909_A/duck/Hunan/HN192/2,A/duck/Hunan/HN192/2015,0.099204,0.024252,0.008475,-0.000846,Avian,N6
910_A/duck/Hunan/HN194/2,A/duck/Hunan/HN194/2015,0.099204,0.024252,0.008475,-0.000846,Avian,N6
911_A/duck/Hunan/HN195/2,A/duck/Hunan/HN195/2015,0.099204,0.024252,0.008475,-0.000846,Avian,N6
912_A/duck/Hunan/HN197/2,A/duck/Hunan/HN197/2015,0.103816,0.021602,0.017312,-0.000725,Avian,N6
913_A/duck/Hunan/HN201/2,A/duck/Hunan/HN201/2015,0.092922,0.029181,0.014256,0.008783,Avian,N6
914_A/duck/Hunan/HN204/2,A/duck/Hunan/HN204/2015,0.099204,0.024252,0.008475,-0.000846,Avian,N6
915_A/duck/Hunan/HN205/2,A/duck/Hunan/HN205/2015,0.099204,0.024252,0.008475,-0.000846,Avian,N6
916_A/duck/Hunan/HN206/2,A/duck/Hunan/HN206/2015,0.101389,0.02804,0.01198,0.001257,Avian,N6
917_A/duck/Hunan/HN207/2,A/duck/Hunan/HN207/2015,0.103816,0.021602,0.017312,-0.000725,Avian,N6
918_A/duck/Hunan/HN208/2,A/duck/Hunan/HN208/2015,0.101083,0.024489,0.008862,-0.001835,Avian,N6
919_A/duck/Hunan/HN209/2,A/duck/Hunan/HN209/2015,0.1083,0.019205,0.004556,0.005658,Avian,N6
920_A/duck/Hunan/HN210/2,A/duck/Hunan/HN210/2015,0.099204,0.024252,0.008475,-0.000846,Avian,N6
921_A/duck/Hunan/HN212/2,A/duck/Hunan/HN212/2015,0.099204,0.024252,0.008475,-0.000846,Avian,N6
922_A/duck/Hunan/HN214/2,A/duck/Hunan/HN214/2015,0.103727,0.014542,0.021808,0.0147,Avian,N6
923_A/duck/Hunan/HN215/2,A/duck/Hunan/HN215/2015,0.099119,0.023868,0.009879,-0.001711,Avian,N6
924_A/duck/Hunan/HN216/2,A/duck/Hunan/HN216/2015,0.09702,0.020463,0.004969,-0.00295,Avian,N6
925_A/duck/Hunan/HN217/2,A/duck/Hunan/HN217/2015,0.099204,0.024252,0.008475,-0.000846,Avian,N6
926_A/duck/Hunan/HN220/2,A/duck/Hunan/HN220/2015,0.098963,0.024055,0.00794,-0.000477,Avian,N6
927_A/duck/Hunan/HN221/2,A/duck/Hunan/HN221/2015,0.102123,0.027977,0.010496,-0.003452,Avian,N6
928_A/duck/Hunan/HN224/2,A/duck/Hunan/HN224/2015,0.099204,0.024252,0.008475,-0.000846,Avian,N6
929_A/duck/Hunan/HN227/2,A/duck/Hunan/HN227/2015,0.099204,0.024252,0.008475,-0.000846,Avian,N6
930_A/duck/Hunan/HN230/2,A/duck/Hunan/HN230/2015,0.099204,0.024252,0.008475,-0.000846,Avian,N6
931_A/duck/Hunan/HN232/2,A/duck/Hunan/HN232/2015,-0.07292,-0.061818,0.010849,0.039266,Avian,N6
932_A/duck/Hunan/HN234/2,A/duck/Hunan/HN234/2015,0.100021,0.015449,0.021804,0.017445,Avian,N6
933_A/duck/Hunan/HN236/2,A/duck/Hunan/HN236/2015,0.100514,0.014219,0.020098,0.017326,Avian,N6
934_A/duck/Hunan/HN238/2,A/duck/Hunan/HN238/2015,0.100021,0.015449,0.021804,0.017445,Avian,N6
935_A/duck/Hunan/HN239/2,A/duck/Hunan/HN239/2015,0.092922,0.029181,0.014256,0.008783,Avian,N6
936_A/duck/Hunan/HN240/2,A/duck/Hunan/HN240/2015,-0.07292,-0.061818,0.010849,0.039266,Avian,N6
937_A/duck/Hunan/HN241/2,A/duck/Hunan/HN241/2015,0.091295,0.028856,0.005316,0.005118,Avian,N6
938_A/duck/Hunan/HN242/2,A/duck/Hunan/HN242/2015,0.100906,0.009879,0.019462,0.017276,Avian,N6
939_A/duck/Hunan/HN278/2,A/duck/Hunan/HN278/2015,0.088142,0.050434,-0.020383,0.008253,Avian,N6
940_A/duck/Hunan/HN285/2,A/duck/Hunan/HN285/2015,0.071843,0.074317,-0.018036,0.007591,Avian,N6
941_A/duck/Hunan/HN288/2,A/duck/Hunan/HN288/2015,0.087607,0.055778,-0.026897,0.014938,Avian,N6
942_A/duck/Hunan/HN333/2,A/duck/Hunan/HN333/2015,0.078213,0.044002,0.024466,-0.001207,Avian,N6
943_A/duck/Hunan/HN334/2,A/duck/Hunan/HN334/2015,0.077968,0.043803,0.023925,-0.000833,Avian,N6
944_A/duck/Hunan/HN335/2,A/duck/Hunan/HN335/2015,0.107425,0.012592,0.02454,-0.001764,Avian,N6
945_A/duck/Hunan/HN336/2,A/duck/Hunan/HN336/2015,0.078213,0.044002,0.024466,-0.001207,Avian,N6
946_A/duck/Hunan/HN339/2,A/duck/Hunan/HN339/2015,0.076378,0.043471,0.024594,0.002609,Avian,N6
947_A/duck/Hunan/HN341/2,A/duck/Hunan/HN341/2015,0.079697,0.046575,0.025903,0.001587,Avian,N6
948_A/duck/Hunan/HN342/2,A/duck/Hunan/HN342/2015,0.078762,0.037327,0.029411,-0.002201,Avian,N6
949_A/duck/Hunan/HN343/2,A/duck/Hunan/HN343/2015,0.078213,0.044002,0.024466,-0.001207,Avian,N6
950_A/duck/Hunan/S4020/2,A/duck/Hunan/S4020/2008,0.017749,-0.005543,-0.015274,-0.023459,Avian,N1
951_A/duck/Hunan/S4030/2,A/duck/Hunan/S4030/2011,0.042067,-0.000528,-0.042756,-0.036183,Avian,N1
952_A/duck/Hunan/S4101/2,A/duck/Hunan/S4101/2011,-0.055118,0.020752,-0.055393,0.019887,Avian,N2
953_A/duck/Hunan/S4120/2,A/duck/Hunan/S4120/2011,-0.054197,0.018133,-0.050841,0.021612,Avian,N2
954_A/duck/Hunan/S4150/2,A/duck/Hunan/S4150/2011,-0.076778,-0.024864,0.01168,0.040654,Avian,N1
955_A/duck/Hunan/S4220/2,A/duck/Hunan/S4220/2011,0.080476,0.004232,0.003779,0.003015,Avian,N1
956_A/duck/Hunan/S40199/,A/duck/Hunan/S40199/2021(H5N6),-0.04425,-0.013311,-0.013833,0.087518,Avian,N6
957_A/duck/Hunan/S40268/,A/duck/Hunan/S40268/2021(H5N6),-0.082345,0.00134,0.053044,0.060433,Avian,N6
958_A/duck/Jiangsu/m234/,A/duck/Jiangsu/m234/2012,0.047893,-0.119302,-0.000248,-0.03798,Avian,N2
959_A/duck/Jiangsu/S4439,A/duck/Jiangsu/S4439/2017(H5N1),0.064464,-0.040601,-0.015514,-0.008617,Avian,N1
960_A/duck/Jiangsu/SE112,A/duck/Jiangsu/SE1128/2018(H5N1),0.093058,-0.014087,-0.018366,-0.021257,Avian,N1
961_A/duck/Jiangxi/01.11,A/duck/Jiangxi/01.11_NCNP101G2-OC/2017,0.068569,0.099915,-0.046936,-0.007122,Avian,N6
962_A/duck/Jiangxi/01.14,A/duck/Jiangxi/01.14_NCJD034-P/2015(Mixed),-0.104192,-0.049863,-0.038268,-0.009909,Avian,N6
963_A/duck/Jiangxi/01.14,A/duck/Jiangxi/01.14_NCJD054-P/2015(H5N6),0.080176,0.030031,-0.002054,0.001813,Avian,N6
964_A/duck/Jiangxi/01.14,A/duck/Jiangxi/01.14_NCJD064-P/2015(Mixed),0.078893,0.028568,-0.003207,-0.000151,Avian,N6
965_A/duck/Jiangxi/02.05,A/duck/Jiangxi/02.05_YGYXG038-P/2015(H5N6),0.080176,0.030031,-0.002054,0.001813,Avian,N6
966_A/duck/Jiangxi/02.06,A/duck/Jiangxi/02.06_NCJD036-P/2015(H5N6),0.077991,0.026243,-0.00556,-0.000291,Avian,N6
967_A/duck/Jiangxi/02.06,A/duck/Jiangxi/02.06_NCJD039-P/2015(H5N6),0.092596,0.019199,0.014609,0.010556,Avian,N6
968_A/duck/Jiangxi/2.28_,A/duck/Jiangxi/2.28_NCNP25K3-OC/2018,0.080193,0.097337,-0.063171,-0.001246,Avian,N6
969_A/duck/Jiangxi/2.28N,A/duck/Jiangxi/2.28NCNP23K3-OC/2018,0.080193,0.097337,-0.063171,-0.001246,Avian,N6
970_A/duck/Jiangxi/03.11,A/duck/Jiangxi/03.11_NCHJX-15-06/2015(Mixed),0.076461,0.044832,-0.028317,-0.003746,Avian,N6
971_A/duck/Jiangxi/04.01,A/duck/Jiangxi/04.01__NCDZT0312-O/2015(H5N6),-0.128253,-0.064528,-0.098205,0.021247,Avian,N6
972_A/duck/Jiangxi/04.01,A/duck/Jiangxi/04.01__NCDZT0334-P/2015(H5N6),-0.128253,-0.064528,-0.098205,0.021247,Avian,N6
973_A/duck/Jiangxi/04.01,A/duck/Jiangxi/04.01_NCDZT0304-O/2015(Mixed),-0.077258,0.010529,0.069841,-0.043335,Avian,N6
974_A/duck/Jiangxi/05.07,A/duck/Jiangxi/05.07__NCJD0067A-P/2015(H5N6),-0.127082,-0.054519,-0.101532,0.020205,Avian,N6
975_A/duck/Jiangxi/5.26_,A/duck/Jiangxi/5.26_NCDZT80Q2-OC/2017,0.056516,0.090115,-0.04797,-0.012422,Avian,N6
976_A/duck/Jiangxi/11.17,A/duck/Jiangxi/11.17_NCNP30Y2-O/2016,0.08778,-0.00877,0.022105,0.036878,Avian,N6
977_A/duck/Jiangxi/11.17,A/duck/Jiangxi/11.17_NCNP48Y2-C/2016,0.088651,-0.007037,0.025781,0.032586,Avian,N6
978_A/duck/Jiangxi/11.29,A/duck/Jiangxi/11.29_NCDZT71H2-O/2016,0.07817,0.036983,0.019408,0.032159,Avian,N6
979_A/duck/Jiangxi/11.29,A/duck/Jiangxi/11.29_NCNP22D3-OC/2017,0.077849,0.004518,0.019614,0.021165,Avian,N6
980_A/duck/Jiangxi/11.29,A/duck/Jiangxi/11.29_NCNP39D3-OC/2017,0.062917,0.088284,-0.050659,-0.001155,Avian,N6
981_A/duck/Jiangxi/34/20,A/duck/Jiangxi/34/2011,0.071668,-0.023782,0.01687,-0.000457,Avian,N1
982_A/duck/Jiangxi/35/20,A/duck/Jiangxi/35/2011,0.056937,-0.010568,0.001225,-0.00054,Avian,N1
983_A/duck/Jiangxi/44/20,A/duck/Jiangxi/44/2011,-0.081694,-0.064069,-0.043372,-0.005017,Avian,N1
984_A/duck/Jiangxi/95/20,A/duck/Jiangxi/95/2014,0.07243,0.045621,0.009913,-0.005967,Avian,N6
985_A/duck/Jiangxi/120/2,A/duck/Jiangxi/120/2011,-0.019652,-0.082385,0.034768,-0.025954,Avian,N1
986_A/duck/Jiangxi/130/2,A/duck/Jiangxi/130/2011,-0.069049,-0.043719,0.013461,0.038182,Avian,N1
987_A/duck/Jiangxi/13469,A/duck/Jiangxi/13469/2014,0.068199,0.026096,0.002712,0.0199,Avian,N6
988_A/duck/Jiangxi/13475,A/duck/Jiangxi/13475/2014,0.063804,0.027429,0.005687,0.014729,Avian,N6
989_A/duck/Jiangxi/13484,A/duck/Jiangxi/13484/2014,0.063804,0.027429,0.005687,0.014729,Avian,N6
990_A/Duck/Jiangxi/50446,A/Duck/Jiangxi/50446/2016,0.098978,0.007432,0.021556,0.03626,Avian,N6
991_A/Duck/Jiangxi/50455,A/Duck/Jiangxi/50455/2016,0.094983,0.012849,0.002169,0.01334,Avian,N6
992_A/duck/Jiangxi/E7/20,A/duck/Jiangxi/E7/2014_(H5N6),0.080465,0.035794,-0.003508,0.007898,Avian,N6
993_A/duck/Jiangxi/F31/2,A/duck/Jiangxi/F31/2014(H5N6),0.074984,0.034862,-0.012612,0.006073,Avian,N6
994_A/duck/Jiangxi/NCDZT,A/duck/Jiangxi/NCDZT1123/2014,0.088303,0.035774,-0.009668,0.008588,Avian,N6
995_A/duck/Jiangxi/NCDZT,A/duck/Jiangxi/NCDZT1126/2014,0.083085,0.026807,-0.006992,0.001328,Avian,N6
996_A/duck/Jiangxi/S1025,A/duck/Jiangxi/S10252/2021,-0.048699,0.000564,-0.00755,0.101243,Avian,N8
997_A/duck/Jiangxi/S4083,A/duck/Jiangxi/S40833/2021(H5N1),-0.070139,-0.001085,-0.00486,0.092261,Avian,N1
998_A/duck/Jilin/04.04_S,A/duck/Jilin/04.04_SY002-O/2015(Mixed),0.062479,-0.001016,0.001883,-0.038079,Avian,N1
999_A/duck/Jilin/JL-SIV/,A/duck/Jilin/JL-SIV/2013,-0.001936,-0.072903,0.016973,-0.019455,Avian,N1
1000_A/duck/Jilin/S1261/2,A/duck/Jilin/S1261/2019(H5N1),0.065784,-0.014186,-0.012028,-0.023142,Avian,N1
1001_A/duck/Jilin/S4171/2,A/duck/Jilin/S4171/2019(H5N1),0.059551,-0.011186,-0.012515,-0.032999,Avian,N1
1002_A/duck/Kaohsiung/15W,A/duck/Kaohsiung/15WB3298-1-5/2015,-0.078497,-0.042706,0.051872,0.035786,Avian,Others
1003_A/duck/Kaohsiung/20W,A/duck/Kaohsiung/20WB0242-154/2020,-0.066109,0.006736,0.079403,0.034964,Avian,Others
1004_A/duck/Kaohsiung/150,A/duck/Kaohsiung/15010213/2015,-0.124372,0.067531,0.028997,-0.056149,Avian,N2
1005_A/duck/Liaoning/LN/2,A/duck/Liaoning/LN/2011,0.027533,-0.093314,0.007287,-0.053374,Avian,Others
1006_A/duck/Nanchang/9789,A/duck/Nanchang/9789/2013,0.061708,-0.001444,0.008056,0.0073,Avian,N1
1007_A/duck/Nantou/15A343,A/duck/Nantou/15A3437/2015,-0.12289,0.059919,0.019845,-0.040623,Avian,N2
1008_A/duck/Nantou/17A024,A/duck/Nantou/17A0243/2017,-0.140607,0.067866,0.009756,-0.062477,Avian,N2
1009_A/duck/Ningxia/YG61/,A/duck/Ningxia/YG61/2017,-0.083325,0.048295,0.011367,0.01669,Avian,N6
1010_A/duck/Ningxia/YG71/,A/duck/Ningxia/YG71/2017,-0.062943,0.023626,-0.02131,0.022137,Avian,N6
1011_A/duck/Ningxia/YG83/,A/duck/Ningxia/YG83/2017,-0.072929,0.033483,-0.023083,0.027608,Avian,N6
1012_A/duck/Pingtung/17A0,A/duck/Pingtung/17A0160/2017,-0.14023,0.060111,0.012895,-0.064517,Avian,N2
1013_A/duck/Pingtung/18A0,A/duck/Pingtung/18A00003-11-20T/2018,-0.142804,0.072077,0.00994,-0.079527,Avian,N2
1014_A/duck/Pingtung/18A0,A/duck/Pingtung/18A00076-11-20T/2018,-0.138193,0.045258,0.00661,-0.048311,Avian,N2
1015_A/duck/Pingtung/18X0,A/duck/Pingtung/18X00077/2018,-0.114054,-0.032637,-0.015865,0.020872,Avian,N2
1016_A/duck/Pingtung/1501,A/duck/Pingtung/15010180/2015,0.074233,-0.099794,0.018752,-0.075973,Avian,Others
1017_A/duck/Pingtung/1501,A/duck/Pingtung/15010444/2015,-0.128271,0.057166,0.022288,-0.049284,Avian,N2
1018_A/duck/Shandong/009/,A/duck/Shandong/009/2008,-0.118211,-0.070885,-0.04343,0.013151,Avian,N1
1019_A/duck/Shandong/11.1,A/duck/Shandong/11.14_DL-DKd11/2013(H5N8),0.060492,-0.125409,-0.004422,-0.040414,Avian,N8
1020_A/duck/Shandong/11.1,A/duck/Shandong/11.14_RD/2013(H5N8),0.060492,-0.125409,-0.004422,-0.040414,Avian,N8
1021_A/duck/Shandong/Q1/2,A/duck/Shandong/Q1/2013,0.027405,-0.117148,0.007328,-0.028657,Avian,N8
1022_A/duck/Shandong/SD02,A/duck/Shandong/SD0261/2021,-0.044598,-0.023502,0.011178,0.097594,Avian,N6
1023_A/duck/Shandong/SD02,A/duck/Shandong/SD0263/2021,-0.044598,-0.023502,0.011178,0.097594,Avian,N6
1024_A/Duck/Shandong/Y01/,A/Duck/Shandong/Y01/2009,-0.071953,-0.057132,0.023788,0.040437,Avian,N1
1025_A/Duck/Shandong/Y02/,A/Duck/Shandong/Y02/2009,-0.058169,-0.054274,0.031181,0.022309,Avian,N1
1026_A/duck/Sichuan/04.27,A/duck/Sichuan/04.27_NBXJ71/2014(H5N6),0.058007,0.01568,0.008203,0.026811,Avian,N6
1027_A/duck/Sichuan/04.27,A/duck/Sichuan/04.27_NBXJ79/2014(H5N6),0.05362,0.019819,0.00346,0.025478,Avian,N6
1028_A/duck/Sichuan/04.27,A/duck/Sichuan/04.27_NBXJ711/2014(Mixed),0.036101,0.01828,-0.000257,0.027087,Avian,N6
1029_A/duck/Sichuan/04.27,A/duck/Sichuan/04.27_NBXJ717/2014(H5N6),0.05362,0.019819,0.00346,0.025478,Avian,N6
1030_A/duck/Sichuan/04.27,A/duck/Sichuan/04.27_NBXJ720/2014(H5N6),0.05744,0.022577,0.003094,0.027838,Avian,N6
1031_A/duck/Sichuan/04.27,A/duck/Sichuan/04.27_NCXJ073/2014(H5N6),0.058007,0.01568,0.008203,0.026811,Avian,N6
1032_A/duck/Sichuan/NCXJ1,A/duck/Sichuan/NCXJ15/2014,0.058007,0.01568,0.008203,0.026811,Avian,N6
1033_A/duck/Sichuan/NCXJ2,A/duck/Sichuan/NCXJ24/2014,0.05362,0.019819,0.00346,0.025478,Avian,N6
1034_A/duck/Sichuan/NCXN1,A/duck/Sichuan/NCXN10/2014,0.080476,0.004232,0.003779,0.003015,Avian,N1
1035_A/duck/Sichuan/NCXN1,A/duck/Sichuan/NCXN11/2014,0.079125,0.03071,0.032198,-0.007999,Avian,N1
1036_A/duck/Sichuan/S1805,A/duck/Sichuan/S1805/2021,-0.076131,-0.02239,-0.027064,-0.001116,Avian,N6
1037_A/duck/Sichuan/SC482,A/duck/Sichuan/SC4822/2021,-0.07222,-0.025526,-0.02457,-0.007919,Avian,N6
1038_A/duck/Sichuan/SC569,A/duck/Sichuan/SC5698/2021,-0.071937,-0.025454,-0.024733,-0.001712,Avian,N6
1039_A/duck/Sichuan/SD002,A/duck/Sichuan/SD002/2021,-0.084506,-0.027897,-0.032165,0.010288,Avian,N6
1040_A/duck/Taichung/1501,A/duck/Taichung/15010400-1/2015,-0.125093,0.052236,0.015374,-0.052008,Avian,N2
1041_A/duck/Tainan/16WB34,A/duck/Tainan/16WB3443-156-160/2016,-0.099651,-0.024827,0.05018,0.045802,Avian,Others
1042_A/duck/Tainan/150104,A/duck/Tainan/15010403/2015,0.072998,-0.10044,0.019399,-0.077063,Avian,N8
1043_A/duck/Tainan/160100,A/duck/Tainan/16010024-1/2016,-0.117955,0.068191,0.036335,-0.037828,Avian,N2
1044_A/duck/Taipei/05WB83,A/duck/Taipei/05WB830-1-5-E2/2005,-0.106697,0.039635,0.023328,-0.038715,Avian,N2
1045_A/duck/Taipei/18WB01,A/duck/Taipei/18WB0120-1-5-E1/2018,-0.100944,-0.010743,0.013207,0.064401,Avian,Others
1046_A/duck/Taipei/19WB02,A/duck/Taipei/19WB0235-14-16/2019,-0.047935,0.008227,0.084798,0.069539,Avian,Others
1047_A/duck/Taiwan/01006/,A/duck/Taiwan/01006/2015,-0.123113,0.059152,0.031897,-0.04333,Avian,N2
1048_A/duck/Taiwan/11213/,A/duck/Taiwan/11213/2013,-0.058117,-0.033626,-0.040541,0.007076,Avian,N2
1049_A/duck/Taiwan/11254/,A/duck/Taiwan/11254/2013,-0.056662,-0.03397,-0.038844,0.015068,Avian,N2
1050_A/duck/Taiwan/a043/2,A/duck/Taiwan/a043/2015,-0.131583,0.057661,0.010117,-0.057185,Avian,N2
1051_A/duck/Taiwan/a068/2,A/duck/Taiwan/a068/2015,0.069769,-0.112243,0.028505,-0.069059,Avian,N8
1052_A/duck/Taiwan/A3400/,A/duck/Taiwan/A3400/2015,0.081471,-0.095947,0.014349,-0.068284,Avian,N8
1053_A/duck/Taiwan/DV1238,A/duck/Taiwan/DV1238/2009,-0.056171,0.000836,0.033624,0.021557,Avian,N2
1054_A/duck/Taiwan/DV1241,A/duck/Taiwan/DV1241/2009,-0.056171,0.000836,0.033624,0.021557,Avian,N2
1055_A/duck/Taiwan/DV1242,A/duck/Taiwan/DV1242/2009,-0.056171,0.000836,0.033624,0.021557,Avian,N2
1056_A/duck/Taoyuan/16010,A/duck/Taoyuan/16010023-1/2016,-0.10775,0.065293,0.031621,-0.053194,Avian,N2
1057_A/duck/Wuxi/7249/201,A/duck/Wuxi/7249/2015,0.059296,0.02026,-0.006537,0.010858,Avian,N6
1058_A/duck/Xinjiang/12.1,A/duck/Xinjiang/12.18_WLMQXL001-C/2016,-0.024524,-0.033878,0.096041,0.02197,Avian,N8
1059_A/duck/Xinjiang/S106,A/duck/Xinjiang/S1066/2019(H5N1),0.080694,-0.00456,0.008806,-0.023309,Avian,N1
1060_A/duck/Xinjiang/S112,A/duck/Xinjiang/S1126/2019(H5N1),0.082857,-0.003763,0.008904,-0.025705,Avian,N1
1061_A/duck/Yilan/17A0092,A/duck/Yilan/17A0092/2017,-0.138004,0.066457,0.008717,-0.066631,Avian,N2
1062_A/duck/Yunlin/15A501,A/duck/Yunlin/15A5019/2015,-0.107391,0.053243,0.00284,-0.046411,Avian,N2
1063_A/duck/Yunlin/17A008,A/duck/Yunlin/17A0086/2017,-0.141251,0.061699,0.010886,-0.066195,Avian,N2
1064_A/duck/Yunlin/17A068,A/duck/Yunlin/17A0686/2017,-0.127504,0.098207,-0.012836,-0.068653,Avian,N2
1065_A/duck/Yunlin/18X000,A/duck/Yunlin/18X00007-3/2018,-0.072029,-0.033676,0.051193,0.017195,Avian,N2
1066_A/duck/Yunlin/150102,A/duck/Yunlin/15010244-1/2015,-0.124698,0.057301,0.018797,-0.047697,Avian,N2
1067_A/duck/Yunlin/150102,A/duck/Yunlin/15010277/2015,0.077621,-0.103201,0.016873,-0.081502,Avian,N8
1068_A/duck/Yunlin/150103,A/duck/Yunlin/15010310-4/2015,-0.134546,0.058465,0.023703,-0.050788,Avian,N2
1069_A/duck/Yunlin/150103,A/duck/Yunlin/15010318-2/2015,-0.127212,0.05705,0.022441,-0.050359,Avian,N2
1070_A/duck/Yunlin/150103,A/duck/Yunlin/15010369-1/2015,-0.126744,0.061273,0.02179,-0.050137,Avian,N2
1071_A/duck/Yunlin/150104,A/duck/Yunlin/15010458-1/2015,0.077621,-0.103201,0.016873,-0.081502,Avian,N8
1072_A/duck/Yunlin/150700,A/duck/Yunlin/15070002-2/2015,-0.11939,0.068425,0.024854,-0.053781,Avian,N2
1073_A/duck/Yunlin/171100,A/duck/Yunlin/17110001/2017,-0.140449,0.069495,-0.004665,-0.071828,Avian,N2
1074_A/duck/Yunlin/180600,A/duck/Yunlin/18060007-3/2018,-0.137995,0.073041,0.01757,-0.074946,Avian,N2
1075_A/duck/Yunnan/03.15_,A/duck/Yunnan/03.15_DQWGH005-O/2015(H5N6),0.093708,0.037304,0.009528,-0.002131,Avian,N6
1076_A/duck/Yunnan/03.16_,A/duck/Yunnan/03.16_DQXYL003-O/2015(H5N6),0.093467,0.037108,0.008993,-0.001762,Avian,N6
1077_A/duck/Yunnan/03.16_,A/duck/Yunnan/03.16_DQXYL007-O/2015(Mixed),-0.141219,-0.063781,-0.081629,0.014165,Avian,N6
1078_A/duck/Yunnan/03.16_,A/duck/Yunnan/03.16_DQXYL022-O/2015(H5N6),0.093467,0.037108,0.008993,-0.001762,Avian,N6
1079_A/duck/Yunnan/03.16_,A/duck/Yunnan/03.16_DQXYL0039-O/2015(H5N6),0.085943,0.038469,0.007239,-0.002595,Avian,N6
1080_A/duck/Yunnan/07.15_,A/duck/Yunnan/07.15_DQNPH124/2015(H5N6),0.099745,0.045613,0.015667,0.005751,Avian,N6
1081_A/duck/Yunnan/07.15_,A/duck/Yunnan/07.15_DQNPH125/2015(H5N6),0.096801,0.041061,0.01686,0.006993,Avian,N6
1082_A/duck/Yunnan/07.15_,A/duck/Yunnan/07.15_DQNPH127/2015(H5N6),0.096801,0.041061,0.01686,0.006993,Avian,N6
1083_A/duck/Yunnan/07.15_,A/duck/Yunnan/07.15_DQNPH129/2015(H5N6),0.096801,0.041061,0.01686,0.006993,Avian,N6
1084_A/duck/Yunnan/S4318/,A/duck/Yunnan/S4318/2021(H5N6),-0.066676,-0.041073,-0.023288,0.018232,Avian,N6
1085_A/Duck/Yunnan/YN-2/2,A/Duck/Yunnan/YN-2/2016_(H5N6),0.092709,0.051905,-0.013991,-0.005789,Avian,N6
1086_A/Duck/Yunnan/YN-4/2,A/Duck/Yunnan/YN-4/2015__(H5N6),0.086563,0.055181,-0.017792,0.00126,Avian,N6
1087_A/Duck/Yunnan/YN-9/2,A/Duck/Yunnan/YN-9/2016__(H5N6),0.089824,0.052942,-0.016869,-0.001931,Avian,N6
1088_A/Duck/Zhanjiang/155,A/Duck/Zhanjiang/15577/2015,0.077899,0.021665,0.041707,0.029663,Avian,N6
1089_A/duck/Zhejiang/02.2,A/duck/Zhejiang/02.28_JHZJ-15-04/2015(Mixed),0.076413,0.031673,-0.002968,0.009037,Avian,N6
1090_A/duck/Zhejiang/6D18,A/duck/Zhejiang/6D18/2013,0.049941,-0.115712,-0.00774,-0.030973,Avian,N8
1091_A/duck/Zhejiang/7713,A/duck/Zhejiang/77138/2014,0.06975,0.017109,0.020754,-0.003023,Avian,N2
1092_A/duck/Zhejiang/7270,A/duck/Zhejiang/727041/2014,0.079354,0.023676,0.007068,0.01833,Avian,N2
1093_A/duck/Zhejiang/7271,A/duck/Zhejiang/727158/2014,0.077026,0.050952,0.014145,-0.015151,Avian,N6
1094_A/duck/Zhejiang/9250,A/duck/Zhejiang/925019/2014,0.052972,-0.110187,0.01248,-0.0195,Avian,N8
1095_A/duck/Zhejiang/9251,A/duck/Zhejiang/925169/2014,0.047888,-0.10871,0.012522,-0.01388,Avian,N8
1096_A/duck/Zhejiang/1026,A/duck/Zhejiang/1026109/2015,-0.016734,-0.044759,-0.059101,-0.001206,Avian,N2
1097_A/duck/Zhejiang/1220,A/duck/Zhejiang/1220092/2014,0.062918,-0.000102,0.000889,-0.035556,Avian,N1
1098_A/duck/Zhejiang/S409,A/duck/Zhejiang/S4091/2017(H5N1),0.088835,-0.024626,-0.017761,-0.016422,Avian,N1
1099_A/duck/Zhejiang/S485,A/duck/Zhejiang/S4854/2021(H5N6),-0.090274,0.002785,0.056169,0.033689,Avian,N6
1100_A/duck/Zhejiang/W24/,A/duck/Zhejiang/W24/2013,0.061814,-0.126897,-0.00386,-0.031716,Avian,N8
1101_A/egret/Jiangsu/SD02,A/egret/Jiangsu/SD021/2021,-0.053532,-0.007351,-0.003382,0.090628,Avian,N8
1102_A/Egret/Shangdong/JN,A/Egret/Shangdong/JN529/2023,-0.079888,-0.012363,0.076031,0.042655,Avian,N6
1103_A/environment/Hunan/,A/environment/Hunan/HN261/2015,0.115775,0.031894,0.010942,0.014515,Avian,N6
1104_A/Environment/Shando,A/Environment/Shandong/WS15/2022,-0.085933,-0.016651,0.071533,0.03754,Avian,N2
1105_A/Environment/Shando,A/Environment/Shandong/WS16/2022,-0.080247,-0.02085,0.067972,0.04503,Avian,N2
1106_A/Environment/Shando,A/Environment/Shandong/WS19/2022,-0.079474,-0.013148,0.070535,0.040673,Avian,N2
1107_A/equine/China/61/20,A/equine/China/61/2010,0.005911,-0.030882,0.016156,-0.039654,Nonhuman Mammal,N1
1108_A/equine/China/67/20,A/equine/China/67/2010,0.012762,-0.025235,0.01254,-0.034956,Nonhuman Mammal,N1
1109_A/equine/China/68/20,A/equine/China/68/2010,0.004071,-0.031816,0.01601,-0.039586,Nonhuman Mammal,N1
1110_A/eurasian_eagle-owl,A/eurasian_eagle-owl/Henan/SMQ11/2020,-0.046402,-0.014785,-0.00595,0.08812,Avian,N8
1111_A/Eurasian_Teal/Hong,A/Eurasian_Teal/Hong_Kong/AFCD-HKU-23-14009-01020/2023,-0.069994,0.00343,0.018906,0.043256,Avian,N1
1112_A/Eurasian_Teal/Hong,A/Eurasian_Teal/Hong_Kong/AFCD-HKU-23-14383-02001/2023,-0.072829,0.004792,0.01729,0.042873,Avian,N1
1113_A/Eurasian_Wigeon/Ho,A/Eurasian_Wigeon/Hong_Kong/AFCD-HKU-23-14484-01001/2023,-0.072829,0.004792,0.01729,0.042873,Avian,N1
1114_A/Eurasian_Wigeon/Ho,A/Eurasian_Wigeon/Hong_Kong/AFCD-HKU-23-14524-01009/2023,-0.072829,0.004792,0.01729,0.042873,Avian,N1
1115_A/Falcated_Duck/Ning,A/Falcated_Duck/Ningxia/484-29/2015,0.071192,0.050699,-0.015065,-0.011192,Avian,N6
1116_A/Falco_peregrinus/B,A/Falco_peregrinus/Beijing/1/_2022,-0.069177,0.003194,0.013486,0.020429,Avian,N1
1117_A/feline/Guangdong/2,A/feline/Guangdong/2/2014(H5N6),0.091009,0.030578,-0.002906,0.002117,Nonhuman Mammal,N6
1118_A/Fujian/1/2005|EPI_,A/Fujian/1/2005,-0.080327,-0.022101,-0.106845,0.040787,Human,N1
1119_A/Fujian/1/2007|EPI_,A/Fujian/1/2007,0.015665,-0.049321,0.014083,-0.043377,Human,N1
1120_A/Fujian/1/2024(H5N6,A/Fujian/1/2024(H5N6),-0.037137,-0.020857,-0.023156,0.091023,Human,N6
1121_A/Fujian/2/2024(H5N6,A/Fujian/2/2024(H5N6),-0.037707,-0.0158,-0.024392,0.091034,Human,N6
1122_A/Fujian-Sanyuan/210,A/Fujian-Sanyuan/21099/2017_x_PR8_(CNIC-21099),-0.03573,-0.113895,-0.087608,-0.036711,Human,N6
1123_A/Fujian-Sanyuan/210,A/Fujian-Sanyuan/21099/2017,-0.08581,-0.005671,0.016976,0.062723,Human,N6
1124_A/Gadwall/Ningxia/47,A/Gadwall/Ningxia/472-7/2015,0.071192,0.050699,-0.015065,-0.011192,Avian,N6
1125_A/Gallinago_Stenura/,A/Gallinago_Stenura/Hong_Kong/AFCD-HKU-23-14383-01014/2023,-0.072829,0.004792,0.01729,0.042873,Avian,N1
1126_A/Gallinula_chloropu,A/Gallinula_chloropus/Guangdong/GZ174/2014,0.080244,0.029045,0.014859,0.011321,Avian,N6
1127_A/Goose/_Guangdong_/,A/Goose/_Guangdong_/JG125/2013(H5N6),0.074932,0.044437,0.013878,0.000415,Avian,N6
1128_A/Goose/_Guangdong_/,A/Goose/_Guangdong_/SSLBY/2015(H5N6),0.067796,0.040639,0.007605,-0.00893,Avian,N6
1129_A/Goose/_Guangdong_/,A/Goose/_Guangdong_/SSZYP/2015(H5N6),0.073493,0.040188,0.013095,0.01199,Avian,N6
1130_A/goose/Anhui/AH350/,A/goose/Anhui/AH350/2015,0.087912,0.026895,-0.004006,0.007843,Avian,N6
1131_A/goose/Changhua/150,A/goose/Changhua/15040008/2015,-0.125134,0.050668,0.014131,-0.05257,Avian,N2
1132_A/goose/Chiayi/15010,A/goose/Chiayi/15010008-3/2015,-0.126721,0.058672,0.022451,-0.05445,Avian,N2
1133_A/goose/Chiayi/15010,A/goose/Chiayi/15010016-1/2015,-0.11565,0.061733,0.018238,-0.05162,Avian,N2
1134_A/goose/Chiayi/15020,A/goose/Chiayi/15020022/2015,0.075495,-0.101156,0.016462,-0.085785,Avian,N8
1135_A/goose/Chiayi/16010,A/goose/Chiayi/16010017-2/2016,-0.116872,0.069476,0.036474,-0.036995,Avian,N2
1136_A/goose/Chiayi/16040,A/goose/Chiayi/16040003-1/2016,-0.126494,0.066651,0.025152,-0.050801,Avian,N2
1137_A/goose/Chiayi/16040,A/goose/Chiayi/16040005/2016,-0.126494,0.066651,0.025152,-0.050801,Avian,N2
1138_A/goose/Chiayi/17020,A/goose/Chiayi/17020027-1/2017,-0.143114,0.068273,-0.001293,-0.067877,Avian,N2
1139_A/goose/Chiayi/17040,A/goose/Chiayi/17040014/2017,-0.119616,0.090214,0.00861,-0.036412,Avian,N2
1140_A/goose/Chiayi/18010,A/goose/Chiayi/18010006/2018,-0.15508,0.077486,0.006789,-0.062729,Avian,N2
1141_A/goose/Chiayi/18020,A/goose/Chiayi/18020014-2/2018,-0.135931,0.081445,0.006239,-0.07133,Avian,N2
1142_A/goose/China/1/2021,A/goose/China/1/2021,-0.044468,-0.007551,0.009761,0.080922,Avian,N8
1143_A/goose/China/0701/2,A/goose/China/0701/2018,0.100058,0.091456,-0.069735,0.003184,Avian,N6
1144_A/goose/China/1106/2,A/goose/China/1106/2016,0.011584,-0.063062,-0.022662,0.002329,Avian,N2
1145_A/goose/China/E43/20,A/goose/China/E43/2012,0.067609,-0.019969,0.003631,-0.006483,Avian,N1
1146_A/goose/Chongqing/SD,A/goose/Chongqing/SD003/2021,-0.053863,-0.030228,-0.026745,-0.000522,Avian,N6
1147_A/goose/Eastern_Chin,A/goose/Eastern_China/CZ/2013,0.05393,-0.105398,-0.014677,-0.039554,Avian,N8
1148_A/goose/Eastern_Chin,A/goose/Eastern_China/L1204/2012,0.052904,-0.118737,-0.000121,-0.02657,Avian,N8
1149_A/goose/Eastern_Chin,A/goose/Eastern_China/L1214/2012,0.043401,-0.111464,0.000685,-0.018151,Avian,N8
1150_A/goose/Eastern_Chin,A/goose/Eastern_China/S0408/2014,0.044176,-0.121047,-0.009865,-0.023569,Avian,N8
1151_A/goose/Eastern_Chin,A/goose/Eastern_China/S0513/2013,0.047414,-0.015914,0.005321,-0.008186,Avian,N6
1152_A/goose/Fujian/3.15_,A/goose/Fujian/3.15_FZHX0001-O/2018,0.068224,0.086526,-0.070369,-0.014903,Avian,N6
1153_A/goose/Fujian/3.15_,A/goose/Fujian/3.15_FZHX0005-C/2018,0.071043,0.085089,-0.065509,-0.012774,Avian,N6
1154_A/goose/Fujian/3.15_,A/goose/Fujian/3.15_FZHX0007-C/2018,0.071274,0.08271,-0.083973,-0.01352,Avian,N6
1155_A/goose/Fujian/3.15_,A/goose/Fujian/3.15_FZHX0008-C/2018,0.075478,0.059973,-0.036491,0.00534,Avian,N6
1156_A/goose/Fujian/3.15_,A/goose/Fujian/3.15_FZHX0010-O/2018,0.086336,0.078857,-0.066259,-0.024499,Avian,N6
1157_A/goose/Fujian/10.11,A/goose/Fujian/10.11_FZHX1001-C/2016,0.086791,0.03517,0.016284,0.027376,Avian,N6
1158_A/goose/Fujian/10.26,A/goose/Fujian/10.26_FZHX0002-C/2017,0.063759,0.019803,-0.00775,0.040332,Avian,N6
1159_A/goose/Fujian/10.26,A/goose/Fujian/10.26_FZHX0002-O/2017,0.063759,0.019803,-0.00775,0.040332,Avian,N6
1160_A/goose/Fujian/10.26,A/goose/Fujian/10.26_FZHX0004-C/2017,0.055752,0.016921,-0.005786,0.039664,Avian,N6
1161_A/goose/Fujian/10.26,A/goose/Fujian/10.26_FZHX0004-O/2017,0.055752,0.016921,-0.005786,0.039664,Avian,N6
1162_A/goose/Fujian/10.26,A/goose/Fujian/10.26_FZHX0006-C/2017,0.055752,0.016921,-0.005786,0.039664,Avian,N6
1163_A/goose/Fujian/10.26,A/goose/Fujian/10.26_FZHX0006-O/2017,0.055752,0.016921,-0.005786,0.039664,Avian,N6
1164_A/goose/Fujian/10.26,A/goose/Fujian/10.26_FZHX0007-O/2017,0.063759,0.019803,-0.00775,0.040332,Avian,N6
1165_A/goose/Fujian/10.26,A/goose/Fujian/10.26_FZHX0008-C/2017,0.055752,0.016921,-0.005786,0.039664,Avian,N6
1166_A/goose/Fujian/10.26,A/goose/Fujian/10.26_FZHX0014-O/2017,0.063759,0.019803,-0.00775,0.040332,Avian,N6
1167_A/goose/Fujian/11.3_,A/goose/Fujian/11.3_FZHX1102-C/2016,0.086989,0.036259,0.016562,0.028191,Avian,N6
1168_A/goose/Guangdong/03,A/goose/Guangdong/03.27_DGQTSJ180-O/2015(Mixed),0.067578,0.08236,-0.010693,0.003203,Avian,N6
1169_A/goose/Guangdong/04,A/goose/Guangdong/04.22_DGCP117-O/2015(H5N6),0.095067,0.019613,-0.000463,0.001137,Avian,N6
1170_A/goose/Guangdong/04,A/goose/Guangdong/04.22_DGCP118-P/2015(H5N6),-0.057228,-0.001402,-0.115074,0.008984,Avian,N6
1171_A/goose/Guangdong/04,A/goose/Guangdong/04.22_DGCP120-P/2015(H5N6),-0.056661,-0.008299,-0.109965,0.007957,Avian,N6
1172_A/goose/Guangdong/04,A/goose/Guangdong/04.22_DGCPLB045-O/2015(H5N6),-0.057454,-0.001586,-0.115574,0.009329,Avian,N6
1173_A/goose/Guangdong/04,A/goose/Guangdong/04.23_DGQTXC216-O/2015(Mixed),0.094803,0.023885,-0.006026,0.005942,Avian,N6
1174_A/goose/Guangdong/04,A/goose/Guangdong/04.23_DGQTXC216-P/2015(H5N6),0.099416,0.023713,0.00244,0.007059,Avian,N6
1175_A/goose/Guangdong/04,A/goose/Guangdong/04.23_DGQTXC237-O1/2015(H5N6),0.060394,0.075727,-0.020395,0.004196,Avian,N6
1176_A/goose/Guangdong/04,A/goose/Guangdong/04.23_DGQTXC237-O/2015(Mixed),-0.071255,-0.068242,0.004857,0.005478,Avian,N6
1177_A/goose/Guangdong/7.,A/goose/Guangdong/7.20_DGCP010-C/2017,0.069905,0.075998,-0.043529,-0.026771,Avian,N6
1178_A/goose/Guangdong/k0,A/goose/Guangdong/k0103/2010,0.022383,-0.081756,-0.010334,-0.057219,Avian,Others
1179_A/Goose/Guangdong/PO,A/Goose/Guangdong/PO1707260055/GZH/2017-08-02,0.056261,0.075151,-0.05795,-0.02967,Avian,N6
1180_A/goose/Guangdong/QY,A/goose/Guangdong/QY01/2016,0.067912,0.085675,-0.048638,-0.002446,Avian,N6
1181_A/goose/Guangdong/S2,A/goose/Guangdong/S230/2021,0.051105,0.022483,-0.059814,-0.021375,Avian,N6
1182_A/goose/Guangdong/S4,A/goose/Guangdong/S4751/2021(H5N6),-0.034365,-0.020071,-0.042487,0.086068,Avian,N6
1183_A/goose/Guangdong/s1,A/goose/Guangdong/s13124/2013,0.043706,-0.122716,0.006849,-0.019659,Avian,N8
1184_A/goose/Guangdong/SH,A/goose/Guangdong/SH7/2013(H5N1),0.059654,0.026727,0.004151,0.021427,Avian,N1
1185_A/goose/Guangdong/YJ,A/goose/Guangdong/YJD/2014,0.083199,0.052499,0.018269,0.010919,Avian,N6
1186_A/goose/Guangxi/S206,A/goose/Guangxi/S20601/2021,-0.031546,-0.01053,0.001275,0.088691,Avian,N8
1187_A/goose/Guizhou/S154,A/goose/Guizhou/S1541/2022(H5N1),-0.082953,0.024851,0.006749,0.06473,Avian,N1
1188_A/goose/Henan/01.01_,A/goose/Henan/01.01_LYGL001-O/2017,0.062938,0.045729,0.020063,0.007489,Avian,N6
1189_A/goose/Henan/S1315/,A/goose/Henan/S1315/2021,-0.050948,-0.014514,-0.005955,0.089171,Avian,N8
1190_A/goose/Hubei/113/20,A/goose/Hubei/113/2014,0.101473,0.026875,0.017285,0.006066,Avian,N6
1191_A/goose/HuBei/117/20,A/goose/HuBei/117/2014,0.095291,0.028951,0.016826,0.005957,Avian,N6
1192_A/goose/Hunan/81/201,A/goose/Hunan/81/2014,0.085731,0.024459,0.00735,0.006564,Avian,N6
1193_A/goose/Hunan/82/201,A/goose/Hunan/82/2014,0.083881,0.024457,0.00644,0.008542,Avian,N6
1194_A/goose/Hunan/107/20,A/goose/Hunan/107/2014,0.101159,0.027522,0.013338,0.007858,Avian,N6
1195_A/goose/Hunan/109/20,A/goose/Hunan/109/2014,0.100486,0.022362,0.006547,0.009449,Avian,N6
1196_A/goose/Hunan/110/20,A/goose/Hunan/110/2014,0.101704,0.028621,0.015039,0.007289,Avian,N6
1197_A/goose/Hunan/111/20,A/goose/Hunan/111/2014,0.101082,0.019887,0.017417,0.007864,Avian,N6
1198_A/goose/Hunan/115/20,A/goose/Hunan/115/2014,0.0943,0.031366,0.001157,0.014869,Avian,N6
1199_A/goose/Hunan/116/20,A/goose/Hunan/116/2014,0.101466,0.028427,0.014512,0.007653,Avian,N6
1200_A/goose/Hunan/155/20,A/goose/Hunan/155/2014,0.086839,0.028393,0.016505,0.01425,Avian,N6
1201_A/goose/Hunan/159/20,A/goose/Hunan/159/2014,0.084706,0.024347,0.007927,0.005696,Avian,N6
1202_A/goose/Hunan/160/20,A/goose/Hunan/160/2014,0.084505,0.023236,0.007643,0.004865,Avian,N6
1203_A/goose/Hunan/161/20,A/goose/Hunan/161/2014,0.084465,0.02415,0.007393,0.006065,Avian,N6
1204_A/goose/Hunan/HN11/2,A/goose/Hunan/HN11/2015,0.084638,0.013671,0.016901,0.018581,Avian,N6
1205_A/goose/Hunan/HN22/2,A/goose/Hunan/HN22/2015,0.083006,0.023335,0.003137,0.005489,Avian,N6
1206_A/goose/Hunan/HN57/2,A/goose/Hunan/HN57/2015,0.082764,0.023139,0.002603,0.005858,Avian,N6
1207_A/goose/Hunan/HN88/2,A/goose/Hunan/HN88/2015,0.115436,0.029588,0.005811,0.013089,Avian,N6
1208_A/goose/Hunan/HN90/2,A/goose/Hunan/HN90/2015,0.113947,0.030857,0.009252,0.014823,Avian,N6
1209_A/goose/Hunan/HN310/,A/goose/Hunan/HN310/2015,0.081474,0.041763,0.025389,-0.004398,Avian,N6
1210_A/goose/Hunan/HN311/,A/goose/Hunan/HN311/2015,0.081474,0.041763,0.025389,-0.004398,Avian,N6
1211_A/goose/Hunan/HN314/,A/goose/Hunan/HN314/2015,0.064898,0.059917,-0.022634,-0.000881,Avian,N6
1212_A/goose/Hunan/HN315/,A/goose/Hunan/HN315/2015,0.064898,0.059917,-0.022634,-0.000881,Avian,N6
1213_A/goose/Hunan/HN316/,A/goose/Hunan/HN316/2015,0.064898,0.059917,-0.022634,-0.000881,Avian,N6
1214_A/goose/Hunan/HN317/,A/goose/Hunan/HN317/2015,0.064898,0.059917,-0.022634,-0.000881,Avian,N6
1215_A/goose/Hunan/HN318/,A/goose/Hunan/HN318/2015,0.078213,0.044002,0.024466,-0.001207,Avian,N6
1216_A/goose/Hunan/HN319/,A/goose/Hunan/HN319/2015,0.064898,0.059917,-0.022634,-0.000881,Avian,N6
1217_A/goose/Hunan/S11288,A/goose/Hunan/S11288/2021,-0.043241,-0.007405,-0.002585,0.083385,Avian,N8
1218_A/goose/Hunan/SE284/,A/goose/Hunan/SE284/2022(H5N1),-0.11501,0.004875,0.01325,0.013858,Avian,N1
1219_A/goose/Inner_Mongol,A/goose/Inner_Mongolia/IM-192/2014,-0.091491,0.021508,0.04165,-0.051233,Avian,N1
1220_A/goose/Jiangsu/k040,A/goose/Jiangsu/k0403/2010,-0.069373,-0.02684,0.033672,0.035918,Avian,N1
1221_A/goose/Jiangsu/QD5/,A/goose/Jiangsu/QD5/2014,0.065652,-0.123741,-0.002569,-0.036783,Avian,N8
1222_A/goose/Jiangsu/S138,A/goose/Jiangsu/S1385/2021,-0.0654,-0.002263,-0.008607,0.074534,Avian,N8
1223_A/goose/Jiangxi/01.0,A/goose/Jiangxi/01.09_NFJX-15-01/2015(Mixed),0.110801,0.023247,0.010491,0.014329,Avian,N6
1224_A/goose/Jilin/04.04_,A/goose/Jilin/04.04_SY003-O/2015(H5N6),0.07309,0.034224,0.008482,-0.002509,Avian,N6
1225_A/goose/Jilin/S4034/,A/goose/Jilin/S4034/2019(H5N1),0.064812,-0.008197,-0.025016,-0.018269,Avian,N1
1226_A/goose/Liaoning/S12,A/goose/Liaoning/S1266/2021,-0.03988,-0.005487,0.005086,0.07871,Avian,N8
1227_A/goose/Pingtung/150,A/goose/Pingtung/15010007-4/2015,-0.124048,0.061384,0.024752,-0.052435,Avian,N2
1228_A/goose/Pingtung/150,A/goose/Pingtung/15010037-1/2015,-0.123847,0.062494,0.025036,-0.051605,Avian,N2
1229_A/goose/Pingtung/150,A/goose/Pingtung/15050014/2015,0.0723,-0.098985,0.019761,-0.07518,Avian,N8
1230_A/goose/Pingtung/160,A/goose/Pingtung/16010061/2016,0.054207,-0.084386,0.018556,-0.06645,Avian,N8
1231_A/Goose/Qingyuan/168,A/Goose/Qingyuan/16875/2016,0.0844,0.040059,-0.014248,0.053951,Avian,N6
1232_A/goose/Shandong/01.,A/goose/Shandong/01.01_JY-GS/2015(H5N2),0.005584,-0.055924,-0.027996,0.011435,Avian,N2
1233_A/goose/Shandong/01.,A/goose/Shandong/01.07_JQ-GS/2015(H5N2),0.003641,-0.051964,-0.023566,0.015449,Avian,N2
1234_A/goose/Shandong/02.,A/goose/Shandong/02.16_YG-GS/2015(H5N6),0.069962,0.045312,0.010844,0.008388,Avian,N6
1235_A/goose/Shandong/02.,A/goose/Shandong/02.26_GD/2015(H5N6),0.075007,0.045318,0.012079,-0.001866,Avian,N6
1236_A/goose/Shandong/03.,A/goose/Shandong/03.10_HZ/2015(H5N1),0.066945,0.000338,0.001696,-0.037723,Avian,N1
1237_A/goose/Shandong/03.,A/goose/Shandong/03.16_JNRe-5/2014(H5N6),0.049647,0.002632,-0.015119,0.003041,Avian,N6
1238_A/goose/Shandong/04.,A/goose/Shandong/04.22_GT/2015(H5N2),0.005556,-0.054413,-0.030185,0.012515,Avian,N2
1239_A/goose/Shandong/05.,A/goose/Shandong/05.23_AY-GS/2015(Mixed),0.060527,-0.104999,-0.022711,-0.036378,Avian,N8
1240_A/goose/Shandong/05.,A/goose/Shandong/05.23_DT-GS/2014(H5N8),0.059635,-0.109986,-0.022776,-0.038001,Avian,N8
1241_A/goose/Shandong/06.,A/goose/Shandong/06.14_HZ-GS/2014(Mixed),0.063799,-0.103079,-0.027504,-0.037735,Avian,N8
1242_A/goose/Shandong/11.,A/goose/Shandong/11.02_CQ-GS/2014(H5N6),0.05195,-0.002867,0.01606,0.011274,Avian,N6
1243_A/goose/Shandong/12.,A/goose/Shandong/12.05_YG-GS/2014(H5N6),0.069962,0.045312,0.010844,0.008388,Avian,N6
1244_A/goose/Shandong/12.,A/goose/Shandong/12.08_YG-GS/2014(H5N8),0.043718,-0.137306,-0.012615,-0.043789,Avian,N8
1245_A/Goose/Shandong/211,A/Goose/Shandong/21153-3/2021(H5N8),-0.053914,-0.017988,0.000787,0.086914,Avian,N8
1246_A/goose/Shandong/GD-,A/goose/Shandong/GD-GS/2014(H5N8),0.053104,-0.129262,-0.007344,-0.03718,Avian,N8
1247_A/goose/Shandong/GS/,A/goose/Shandong/GS/2013(H5N1),0.041929,-0.003331,0.002779,-0.035876,Avian,N1
1248_A/goose/Shandong/LQ0,A/goose/Shandong/LQ01694/2013,0.043384,-0.09906,-0.01687,-0.032541,Avian,N8
1249_A/goose/Tainan/16040,A/goose/Tainan/16040018-1/2016,0.058465,-0.093124,0.01903,-0.058965,Avian,N8
1250_A/goose/Tainan/16070,A/goose/Tainan/16070002/2016,0.069344,-0.09396,0.018211,-0.065804,Avian,N8
1251_A/goose/Tainan/17030,A/goose/Tainan/17030022-1/2017,-0.143341,0.063472,0.008718,-0.051792,Avian,N2
1252_A/goose/Tainan/17030,A/goose/Tainan/17030024-1/2017,-0.124194,0.07199,0.007535,-0.069574,Avian,N2
1253_A/goose/Tainan/18010,A/goose/Tainan/18010022-1/2018,-0.14039,0.088099,-0.004864,-0.063363,Avian,N2
1254_A/goose/Tainan/18050,A/goose/Tainan/18050014-1/2018,-0.1234,0.084174,-0.017065,-0.085742,Avian,N2
1255_A/goose/Taiwan/01019,A/goose/Taiwan/01019/2015,0.072548,-0.100917,0.018265,-0.07632,Avian,N8
1256_A/goose/Taiwan/01022,A/goose/Taiwan/01022/2015,-0.124017,0.067512,0.019019,-0.052237,Avian,N2
1257_A/goose/Taiwan/01023,A/goose/Taiwan/01023/2015,-0.113433,0.057214,0.020416,-0.051274,Avian,N2
1258_A/goose/Taiwan/01031,A/goose/Taiwan/01031/2015,-0.126552,0.059747,0.025639,-0.051047,Avian,N2
1259_A/goose/Taiwan/01038,A/goose/Taiwan/01038/2015,0.0702,-0.102681,0.020773,-0.072195,Avian,Others
1260_A/goose/Taiwan/01039,A/goose/Taiwan/01039/2015,0.065317,-0.100741,0.025724,-0.077698,Avian,N8
1261_A/goose/Taiwan/01040,A/goose/Taiwan/01040/2015,-0.127672,0.060211,0.019258,-0.056066,Avian,N2
1262_A/goose/Taiwan/a015/,A/goose/Taiwan/a015/2015,0.067829,-0.11267,0.028005,-0.068144,Avian,N8
1263_A/goose/Taiwan/TNC1/,A/goose/Taiwan/TNC1/2015,0.077526,-0.101312,0.017335,-0.07746,Avian,N8
1264_A/goose/Taiwan/TNC3/,A/goose/Taiwan/TNC3/2015,0.074044,-0.10046,0.017331,-0.074881,Avian,N8
1265_A/goose/Taiwan/TNC4/,A/goose/Taiwan/TNC4/2015,0.074233,-0.099794,0.018752,-0.075973,Avian,N8
1266_A/goose/Taiwan/TNC9/,A/goose/Taiwan/TNC9/2015,0.074044,-0.10046,0.017331,-0.074881,Avian,N8
1267_A/goose/Taiwan/TNC10,A/goose/Taiwan/TNC10/2015,0.077526,-0.101312,0.017335,-0.07746,Avian,N8
1268_A/goose/Taiwan/TNC12,A/goose/Taiwan/TNC12/2015,0.077526,-0.101312,0.017335,-0.07746,Avian,N8
1269_A/goose/Taiwan/TNC14,A/goose/Taiwan/TNC14/2015,0.077526,-0.101312,0.017335,-0.07746,Avian,N8
1270_A/goose/Taiwan/TNO3/,A/goose/Taiwan/TNO3/2015,0.07095,-0.092401,0.024521,-0.082256,Avian,N8
1271_A/goose/Taiwan/TNO9/,A/goose/Taiwan/TNO9/2015,0.074233,-0.099794,0.018752,-0.075973,Avian,N8
1272_A/goose/Taiwan/TNO15,A/goose/Taiwan/TNO15/2015,0.075948,-0.098339,0.019313,-0.075142,Avian,N8
1273_A/goose/Taiwan/TNO17,A/goose/Taiwan/TNO17/2015,0.077526,-0.101312,0.017335,-0.07746,Avian,N8
1274_A/goose/Taoyuan/1501,A/goose/Taoyuan/15010041/2015,0.08054,-0.099476,0.018895,-0.084107,Avian,N8
1275_A/goose/Taoyuan/1812,A/goose/Taoyuan/18120002-2/2018,-0.065834,-0.013561,0.051652,0.041819,Avian,N2
1276_A/goose/Xinjiang/12.,A/goose/Xinjiang/12.18_WLMQXL001-C/2016,0.062517,0.040377,-0.018307,-0.022019,Avian,N6
1277_A/goose/Xinjiang/12.,A/goose/Xinjiang/12.18_WLMQXL002-O/2016,0.062517,0.040377,-0.018307,-0.022019,Avian,N6
1278_A/goose/Xinjiang/12.,A/goose/Xinjiang/12.18_WLMQXL003-C/2016,-0.029152,-0.031891,0.099134,0.017498,Avian,N8
1279_A/goose/Xinjiang/12.,A/goose/Xinjiang/12.18_WLMQXL003-O/2016,-0.029101,-0.0312,0.099734,0.017687,Avian,N8
1280_A/goose/Xinjiang/12.,A/goose/Xinjiang/12.18_WLMQXL004-C/2016,-0.029101,-0.0312,0.099734,0.017687,Avian,N8
1281_A/goose/Xinjiang/12.,A/goose/Xinjiang/12.18_WLMQXL004-O/2016,-0.029101,-0.0312,0.099734,0.017687,Avian,N8
1282_A/goose/Yangzhou/042,A/goose/Yangzhou/0420/2014,0.050088,-0.125114,-0.007207,-0.037666,Avian,N8
1283_A/goose/Yangzhou/YZ5,A/goose/Yangzhou/YZ587/2016,0.098421,0.041332,-0.017713,0.022683,Avian,N6
1284_A/goose/Yunlin/15010,A/goose/Yunlin/15010005/2015,-0.126774,0.062195,0.02156,-0.048952,Avian,N2
1285_A/goose/Yunlin/15010,A/goose/Yunlin/15010009-1/2015,-0.126543,0.062384,0.022074,-0.049306,Avian,N2
1286_A/goose/Yunlin/15010,A/goose/Yunlin/15010010-2/2015,-0.126543,0.062384,0.022074,-0.049306,Avian,N2
1287_A/goose/Yunlin/15010,A/goose/Yunlin/15010011-1/2015,-0.126543,0.062384,0.022074,-0.049306,Avian,N2
1288_A/goose/Yunlin/15040,A/goose/Yunlin/15040040/2015,0.06836,-0.097301,0.014099,-0.074533,Avian,N8
1289_A/goose/Yunlin/16020,A/goose/Yunlin/16020008-4/2016,-0.125841,0.072006,0.02248,-0.044215,Avian,N2
1290_A/goose/Yunlin/16020,A/goose/Yunlin/16020011-1/2016,-0.123114,0.059846,0.024697,-0.052426,Avian,N2
1291_A/goose/Yunlin/16040,A/goose/Yunlin/16040002-2/2016,-0.12242,0.067337,0.015137,-0.041085,Avian,N2
1292_A/goose/Yunlin/17100,A/goose/Yunlin/17100005/2017,-0.138261,0.075349,-0.00324,-0.085892,Avian,N2
1293_A/goose/Yunlin/18030,A/goose/Yunlin/18030020-2/2018,-0.144037,0.049336,0.02582,-0.053747,Avian,N2
1294_A/goose/Yunlin/18030,A/goose/Yunlin/18030020-3/2018,-0.144037,0.049336,0.02582,-0.053747,Avian,N2
1295_A/goose/Yunlin/18040,A/goose/Yunlin/18040002-3/2018,-0.122412,0.068494,-0.00585,-0.054961,Avian,N2
1296_A/goose/Yunlin/18040,A/goose/Yunlin/18040018-2/2018,-0.133226,0.084985,-0.005534,-0.094072,Avian,N2
1297_A/goose/Yunlin/18090,A/goose/Yunlin/18090002-3/2018,-0.123607,0.078172,-0.006941,-0.096366,Avian,N2
1298_A/goose/Yunlin/18090,A/goose/Yunlin/18090006-1/2018,-0.1186,-0.02542,-0.006985,0.027709,Avian,N2
1299_A/goose/Yunlin/18110,A/goose/Yunlin/18110002-3/2018,-0.064079,-0.001423,0.053206,0.04814,Avian,N2
1300_A/goose/Yunnan/07.14,A/goose/Yunnan/07.14_DQWCK119/2015(H5N6),0.096801,0.041061,0.01686,0.006993,Avian,N6
1301_A/goose/Yunnan/07.14,A/goose/Yunnan/07.14_DQWCK122/2015(H5N6),0.096808,0.040646,0.016949,0.006475,Avian,N6
1302_A/goose/Zhejiang/771,A/goose/Zhejiang/77166/2014,0.070276,0.0162,0.021768,-0.006689,Avian,N2
1303_A/goose/Zhejiang/771,A/goose/Zhejiang/77167/2014,0.068322,0.017039,0.019303,-0.012685,Avian,N2
1304_A/goose/Zhejiang/771,A/goose/Zhejiang/77168/2014,0.068322,0.017039,0.019303,-0.012685,Avian,N2
1305_A/goose/Zhejiang/112,A/goose/Zhejiang/112071/2014,0.063224,0.002563,0.006254,-0.027197,Avian,N1
1306_A/goose/Zhejiang/112,A/goose/Zhejiang/112080/2014,0.050384,0.016981,-0.002636,0.014768,Avian,N6
1307_A/goose/Zhejiang/727,A/goose/Zhejiang/727092/2014,0.070564,0.041401,0.013186,-0.008758,Avian,N6
1308_A/goose/Zhejiang/727,A/goose/Zhejiang/727098/2014,0.047981,0.000675,0.018624,-0.024977,Avian,N1
1309_A/goose/Zhejiang/727,A/goose/Zhejiang/727110/2014,0.069024,0.038339,0.008635,-0.004435,Avian,N6
1310_A/goose/Zhejiang/925,A/goose/Zhejiang/925036/2014,0.070428,0.022067,-0.003356,0.012005,Avian,N6
1311_A/goose/Zhejiang/925,A/goose/Zhejiang/925037/2014,-0.051294,-0.028012,-0.016348,0.016449,Avian,N8
1312_A/goose/Zhejiang/925,A/goose/Zhejiang/925104/2014,0.058769,-0.10326,-0.026853,-0.037088,Avian,N8
1313_A/goose/Zhejiang/925,A/goose/Zhejiang/925105/2014,0.054795,0.025183,0.010941,0.019472,Avian,N6
1314_A/goose/Zhejiang/925,A/goose/Zhejiang/925106/2014,0.064709,-0.102751,-0.013608,-0.031602,Avian,N6
1315_A/goose/Zhejiang/925,A/goose/Zhejiang/925108/2014,0.054795,0.025183,0.010941,0.019472,Avian,N6
1316_A/goose/Zhejiang/112,A/goose/Zhejiang/1120132/2014,0.068147,0.021845,0.006287,0.015166,Avian,N6
1317_A/goose/Zhejiang/S12,A/goose/Zhejiang/S1266/2021,-0.067173,-0.013213,-0.002637,0.104816,Avian,N8
1318_A/Great_black-headed,A/Great_black-headed_Gull/Qinghai/YO1/2015_H5N1,0.068029,-0.017178,-0.002797,-0.033622,Avian,N1
1319_A/Great_Black-headed,A/Great_Black-headed_Gull/Qinghai/YO1-B/2016,-0.040448,-0.01607,0.11872,0.007708,Avian,N8
1320_A/Great_black-headed,A/Great_black-headed_Gull/Qinghai/YO6/2015_H5N1,0.068029,-0.017178,-0.002797,-0.033622,Avian,N1
1321_A/Great_Cormorant/Hu,A/Great_Cormorant/Hubei/chenhu_V2/2015_mixed,-0.070112,-0.046451,0.005119,0.042079,Avian,N6
1322_A/Great_Cormorant/Hu,A/Great_Cormorant/Hubei/chenhu_V9/2015,-0.066131,-0.044589,0.013911,0.038503,Avian,N1
1323_A/Great_Cormorant/Hu,A/Great_Cormorant/Hubei/chenhu_V10/2015,-0.065746,-0.04488,0.013453,0.038406,Avian,N1
1324_A/Great_Cormorant/Hu,A/Great_Cormorant/Hubei/chenhu_V11/2015,-0.069768,-0.050046,0.011179,0.038214,Avian,N6
1325_A/Great_Cormorant/Hu,A/Great_Cormorant/Hubei/VI128/2015_H5N1,-0.072951,-0.043379,0.005283,0.039992,Avian,N1
1326_A/Great_Cormorant/Hu,A/Great_Cormorant/Hubei/VI132/2015_H5N1,-0.072951,-0.043379,0.005283,0.039992,Avian,N1
1327_A/Great_Cormorant/Hu,A/Great_Cormorant/Hubei/VI133/2015_H5N1,-0.068012,-0.038551,0.000294,0.045454,Avian,N1
1328_A/Great_Cormorant/Qi,A/Great_Cormorant/Qinghai/a51/2016,-0.036571,-0.036127,0.114397,0.017835,Avian,N8
1329_A/Great_Cormorant/Qi,A/Great_Cormorant/Qinghai/B82/2016,-0.026728,-0.036037,0.108202,0.018189,Avian,N8
1330_A/Great_Cormorant/Qi,A/Great_Cormorant/Qinghai/Y01/2016,-0.031181,-0.041622,0.105011,0.019488,Avian,N8
1331_A/Great_Crested_Greb,A/Great_Crested_Grebe/Qinghai/a737/2017,-0.074359,0.023902,0.036053,-0.017134,Avian,N8
1332_A/grebe/Ningxia/SD00,A/grebe/Ningxia/SD001/2021,-0.048035,-0.015957,0.012557,0.091591,Avian,N8
1333_A/grebe/Shaanxi/SD00,A/grebe/Shaanxi/SD001/2021,-0.055075,-0.006024,-0.009373,0.084104,Avian,N8
1334_A/grebe/Shandong/SC1,A/grebe/Shandong/SC184/2021,-0.060498,-0.004723,-0.003239,0.10146,Avian,N8
1335_A/green-winged_teal/,A/green-winged_teal/Guangdong/SD004/2021,-0.041718,0.000418,-0.000374,0.098734,Avian,N8
1336_A/Guangdong/1/2006|E,A/Guangdong/1/2006,-0.000009,-0.060207,0.030815,-0.028498,Human,N1
1337_A/Guangdong/1/2008|E,A/Guangdong/1/2008,0.012687,-0.070414,0.039333,-0.03064,Human,N1
1338_A/Guangdong/2/2006|E,A/Guangdong/2/2006,0.020484,-0.023013,0.0115,-0.042469,Human,N1
1339_A/Guangdong/18SF020/,A/Guangdong/18SF020/2018-09-30,0.079816,0.078862,-0.080397,-0.010217,Human,N6
1340_A/Guangdong/12903/20,A/Guangdong/12903/2021,-0.059969,-0.016272,-0.008277,0.102234,Human,N6
1341_A/Guangdong/lgf/2021,A/Guangdong/lgf/2021,-0.053429,-0.017509,-0.000999,0.101983,Human,N6
1342_A/Guangxi/1/2005|EPI,A/Guangxi/1/2005,-0.000017,-0.037199,0.008364,-0.045681,Human,N1
1343_A/Guangxi/1/2005|EPI,A/Guangxi/1/2005,-0.000017,-0.037199,0.008364,-0.045681,Human,N1
1344_A/Guangxi/1/2008|EPI,A/Guangxi/1/2008,-0.000395,-0.058109,0.004278,-0.046774,Human,N1
1345_A/Guangxi/32797/2018,A/Guangxi/32797/2018,0.074646,0.086824,-0.058365,-0.019888,Human,N6
1346_A/Guangxi/55726/2016,A/Guangxi/55726/2016,0.09396,0.026135,0.001447,0.004752,Human,N6
1347_A/Guangzhou/39715/20,A/Guangzhou/39715/2014,0.065742,0.045436,0.018174,0.006101,Human,N6
1348_A/Guizhou/1/2009|EPI,A/Guizhou/1/2009,0.010815,-0.035855,0.006771,-0.036869,Human,N1
1349_A/GX-guilin/11151/20,A/GX-guilin/11151/2021,-0.093811,0.016242,0.023255,0.053247,Human,N6
1350_A/GX-hechi/01/2021|E,A/GX-hechi/01/2021,-0.097177,-0.005235,0.012946,0.020588,Human,N6
1351_A/Hangzhou/01/2021|E,A/Hangzhou/01/2021,-0.096742,-0.002747,0.050444,0.033768,Human,N6
1352_A/HeFei04171/2024|EP,A/HeFei04171/2024,-0.116488,-0.004511,0.028733,0.08583,Human,N6
1353_A/heron/Kaohsiung/15,A/heron/Kaohsiung/15WB3284-1-5/2015,-0.058698,-0.015763,0.087956,0.027321,Avian,Others
1354_A/heron/Taiwan/17DB0,A/heron/Taiwan/17DB0001/2017,-0.158321,0.050547,0.025897,-0.050906,Avian,N2
1355_A/Herring_Gull/Hubei,A/Herring_Gull/Hubei/CH-i149/2017_H5N8,-0.030517,-0.036525,0.097678,0.013705,Avian,N8
1356_A/hill_myna/Heilongj,A/hill_myna/Heilongjiang/0704/2012,0.059168,-0.003589,0.009272,-0.038028,Avian,N1
1357_A/Hong_Kong/5923/201,A/Hong_Kong/5923/2012,0.063054,0.006856,0.009787,0.013737,Human,N1
1358_A/Hubei/29578/2016_x,A/Hubei/29578/2016_x_PR8__(CNIC-HB29578),-0.035958,-0.114081,-0.088115,-0.036361,Human,N6
1359_A/Hubei/29578/2016|E,A/Hubei/29578/2016,-0.093046,-0.097335,-0.037395,0.010259,Human,N6
1360_A/Hunan/1/2006|EPI_I,A/Hunan/1/2006,0.001897,-0.023926,0.002051,-0.024822,Human,N1
1361_A/Hunan/1/2008|EPI_I,A/Hunan/1/2008,-0.071061,-0.028606,-0.10965,0.056433,Human,N1
1362_A/Hunan/2/2009|EPI_I,A/Hunan/2/2009,0.019038,-0.044655,0.014917,-0.028164,Human,N1
1363_A/Japanese_white-eye,A/Japanese_white-eye/Taoyuan/Q454/2012,0.059968,0.005809,0.003503,-0.0348,Avian,N1
1364_A/Jiangsu/1/2007|EPI,A/Jiangsu/1/2007,0.000706,-0.074169,0.030055,-0.023615,Human,N1
1365_A/Jiangsu/1/2018|EPI,A/Jiangsu/1/2018,-0.107316,-0.031831,-0.056658,-0.004777,Human,N6
1366_A/Jiangsu/1/2018|EPI,A/Jiangsu/1/2018,-0.107316,-0.031831,-0.056658,-0.004777,Human,N6
1367_A/Jiangsu/1/2020_(H5,A/Jiangsu/1/2020_(H5N6),-0.111108,-0.008563,0.021038,0.053891,Human,N6
1368_A/Jiangsu/1/2020(H5N,A/Jiangsu/1/2020(H5N6),-0.111108,-0.008563,0.021038,0.053891,Human,N6
1369_A/Jiangsu/2/2007|EPI,A/Jiangsu/2/2007,0.000706,-0.074169,0.030055,-0.023615,Human,N1
1370_A/Jiangsu/JSSZ01/201,A/Jiangsu/JSSZ01/2018,-0.107316,-0.031831,-0.056658,-0.004777,Human,N6
1371_A/Jiangxi/1/2005|EPI,A/Jiangxi/1/2005,-0.08374,-0.025914,-0.105701,0.050106,Human,N1
1372_A/Jiangxi/16791/2022,A/Jiangxi/16791/2022,-0.076768,0.002766,0.00273,0.057398,Human,N6
1373_A/lesser_kestrel/Hei,A/lesser_kestrel/Heilongjiang/194/2007,0.015414,-0.040186,0.036657,-0.020532,Avian,N1
1374_A/lion/Hubei/1-2/201,A/lion/Hubei/1-2/2016,-0.069415,-0.048231,0.010732,0.041912,Nonhuman Mammal,N1
1375_A/Luscinia_cyane/Jia,A/Luscinia_cyane/Jiangxi/U2/2016_(H5N6),0.05925,-0.110112,-0.042581,-0.0574,Avian,N6
1376_A/mallard_duck/Shang,A/mallard_duck/Shanghai/SH-9/2013,0.042824,-0.136331,-0.003048,-0.037661,Avian,N8
1377_A/mallard/Heilongjia,A/mallard/Heilongjiang/HLJ-69/2013,-0.104102,-0.101895,-0.005063,0.029995,Avian,N1
1378_A/Mallard/Jiangxi/JX,A/Mallard/Jiangxi/JXH9/2014_(H5N6),0.06686,0.036793,-0.025327,0.000078,Avian,N6
1379_A/Mallard/Jiangxi/JX,A/Mallard/Jiangxi/JXH22/2014_(H5N6),0.080119,0.044742,-0.018741,-0.001204,Avian,N6
1380_A/mallard/Ningxia/17,A/mallard/Ningxia/175/2020,-0.058574,0.029822,0.060526,-0.02639,Avian,N8
1381_A/mallard/Ningxia/17,A/mallard/Ningxia/176/2020,-0.051153,0.032493,0.058706,-0.025771,Avian,N8
1382_A/mallard/Ningxia/23,A/mallard/Ningxia/239/2020,-0.053326,0.031597,0.05715,-0.025635,Avian,N8
1383_A/mallard/Ningxia/24,A/mallard/Ningxia/241/2020,-0.054483,0.033634,0.055558,-0.025989,Avian,N8
1384_A/mallard/Ningxia/24,A/mallard/Ningxia/247/2020,-0.051153,0.032493,0.058706,-0.025771,Avian,N8
1385_A/mallard/Ningxia/24,A/mallard/Ningxia/249/2020,-0.054483,0.033634,0.055558,-0.025989,Avian,N8
1386_A/mandarin_duck/Heil,A/mandarin_duck/Heilongjiang/HL-1/2021,-0.081029,0.019697,0.030909,-0.003363,Avian,N1
1387_A/mandarin_duck/Hena,A/mandarin_duck/Henan/426/2021,-0.100817,0.007377,0.01677,0.015086,Avian,N1
1388_A/meerkat/Shanghai/S,A/meerkat/Shanghai/SH-1/2012,0.045121,0.008784,0.003163,-0.015445,Nonhuman Mammal,N1
1389_A/migratory_waterfow,A/migratory_waterfowl/Hubei/Chenhu1306/2014,0.054599,0.018828,0.007651,0.017772,Avian,N6
1390_A/migratory_waterfow,A/migratory_waterfowl/Hubei/Chenhu1347/2014,0.054599,0.018828,0.007651,0.017772,Avian,N6
1391_A/mink/China/181/201,A/mink/China/181/2019,0.074949,0.094682,-0.068102,-0.007067,Nonhuman Mammal,N6
1392_A/mink/China/183/201,A/mink/China/183/2019,0.069717,0.117296,-0.085606,-0.018937,Nonhuman Mammal,N6
1393_A/mink/China/191/201,A/mink/China/191/2019,0.077184,0.110151,-0.084239,-0.014368,Nonhuman Mammal,N6
1394_A/mink/China/456/201,A/mink/China/456/2018,-0.101793,-0.014555,-0.042764,0.005476,Nonhuman Mammal,N6
1395_A/mink/China/G/2015|,A/mink/China/G/2015,0.072479,-0.009194,0.009204,-0.013704,Nonhuman Mammal,N1
1396_A/mink/China/XB/2015,A/mink/China/XB/2015,-0.064755,-0.033531,0.013908,0.044375,Nonhuman Mammal,N1
1397_A/mink/Eastern_China,A/mink/Eastern_China/006/2018,-0.008174,-0.032927,0.106978,0.016797,Nonhuman Mammal,N6
1398_A/mink/Eastern_China,A/mink/Eastern_China/149/2018,0.060414,0.076798,-0.062625,-0.013095,Nonhuman Mammal,N6
1399_A/mink/Eastern_China,A/mink/Eastern_China/528/2018,-0.012173,-0.033773,0.110095,0.019658,Nonhuman Mammal,N6
1400_A/mink/Eastern_China,A/mink/Eastern_China/571/2018,0.089336,0.0825,-0.06658,-0.016333,Nonhuman Mammal,N6
1401_A/mink/Eastern_China,A/mink/Eastern_China/0712/2018,-0.063327,-0.026984,-0.100457,-0.011425,Nonhuman Mammal,N1
1402_A/mink/Northern_Chin,A/mink/Northern_China/110/2018,-0.054594,-0.099962,-0.041363,0.024445,Nonhuman Mammal,N6
1403_A/Muscovy_duck/China,A/Muscovy_duck/China/FJFZ21/H5N6/2020,0.088805,0.03894,-0.049873,0.000082,Avian,N6
1404_A/Muscovy_duck/China,A/Muscovy_duck/China/H5N6/2020,0.088805,0.03894,-0.049873,0.000082,Avian,N6
1405_A/muscovy/duck/Hunan,A/muscovy/duck/Hunan/85/2014,0.084774,0.025821,0.009143,0.00617,Avian,N6
1406_A/muscovy/duck/Hunan,A/muscovy/duck/Hunan/88/2014,0.084533,0.025625,0.008609,0.006539,Avian,N6
1407_A/muscovy/duck/Hunan,A/muscovy/duck/Hunan/89/2014,0.084533,0.025625,0.008609,0.006539,Avian,N6
1408_A/muscovy/duck/Hunan,A/muscovy/duck/Hunan/90/2014,0.084533,0.025625,0.008609,0.006539,Avian,N6
1409_A/muscovy/duck/Hunan,A/muscovy/duck/Hunan/93/2014,0.08224,0.012101,-0.001444,-0.003289,Avian,N6
1410_A/muscovy/duck/Hunan,A/muscovy/duck/Hunan/94/2014,0.082801,0.034294,0.014749,0.008131,Avian,N6
1411_A/muscovy/duck/Hunan,A/muscovy/duck/Hunan/101/2014,0.106816,0.010115,0.034194,0.002913,Avian,N6
1412_A/muscovy/duck/Hunan,A/muscovy/duck/Hunan/102/2014,0.10829,0.01315,0.026586,0.004753,Avian,N6
1413_A/muscovy/duck/Hunan,A/muscovy/duck/Hunan/103/2014,0.107106,0.015612,0.018612,0.001068,Avian,N6
1414_A/muscovy/duck/Hunan,A/muscovy/duck/Hunan/104/2014,0.108112,0.01446,0.027285,0.005618,Avian,N6
1415_A/muscovy/duck/Hunan,A/muscovy/duck/Hunan/125/2014,0.095244,0.019072,0.014088,0.013678,Avian,N6
1416_A/muscovy/duck/Hunan,A/muscovy/duck/Hunan/147/2014,0.101288,0.029738,0.015211,0.008518,Avian,N6
1417_A/muscovy/duck/Hunan,A/muscovy/duck/Hunan/148/2014,0.106894,-0.004799,0.014357,-0.000881,Avian,N6
1418_A/muscovy/duck/Hunan,A/muscovy/duck/Hunan/167/2014,0.10829,0.01315,0.026586,0.004753,Avian,N6
1419_A/muscovy/duck/Hunan,A/muscovy/duck/Hunan/183/2014,0.076478,0.050655,-0.029242,-0.015401,Avian,N6
1420_A/muscovy/duck/Hunan,A/muscovy/duck/Hunan/216/2014,0.105451,0.021916,0.027058,0.009906,Avian,N6
1421_A/muscovy/duck/Hunan,A/muscovy/duck/Hunan/229/2014,0.107253,0.014774,0.023777,0.006478,Avian,N6
1422_A/muscovy/duck/Hunan,A/muscovy/duck/Hunan/232/2014,0.084533,0.025625,0.008609,0.006539,Avian,N6
1423_A/muscovy/duck/Hunan,A/muscovy/duck/Hunan/HN346/2015,0.078029,0.044507,0.024551,-0.000659,Avian,N6
1424_A/muscovy/duck/Hunan,A/muscovy/duck/Hunan/HN347/2015,0.079697,0.046575,0.025903,0.001587,Avian,N6
1425_A/muscovy/duck/Hunan,A/muscovy/duck/Hunan/HN348/2015,0.078213,0.044002,0.024466,-0.001207,Avian,N6
1426_A/muscovy/duck/Hunan,A/muscovy/duck/Hunan/HN349/2015,0.079697,0.046575,0.025903,0.001587,Avian,N6
1427_A/muscovy/duck/Hunan,A/muscovy/duck/Hunan/HN351/2015,0.078213,0.044002,0.024466,-0.001207,Avian,N6
1428_A/muscovy/duck/Hunan,A/muscovy/duck/Hunan/HN352/2015,0.078213,0.044002,0.024466,-0.001207,Avian,N6
1429_A/muscovy/duck/Hunan,A/muscovy/duck/Hunan/HN353/2015,0.078226,0.043575,0.024572,-0.001755,Avian,N6
1430_A/muscovy/duck/Hunan,A/muscovy/duck/Hunan/HN354/2015,0.078213,0.044002,0.024466,-0.001207,Avian,N6
1431_A/muscovy/duck/Hunan,A/muscovy/duck/Hunan/HN355/2015,0.078213,0.044002,0.024466,-0.001207,Avian,N6
1432_A/muscovy/duck/Hunan,A/muscovy/duck/Hunan/HN356/2015,0.078213,0.044002,0.024466,-0.001207,Avian,N6
1433_A/muscovy/duck/Hunan,A/muscovy/duck/Hunan/HN358/2015,0.078213,0.044002,0.024466,-0.001207,Avian,N6
1434_A/muscovy/duck/Hunan,A/muscovy/duck/Hunan/HN359/2015,0.078213,0.044002,0.024466,-0.001207,Avian,N6
1435_A/muscovy/duck/Hunan,A/muscovy/duck/Hunan/HN360/2015,0.078213,0.044002,0.024466,-0.001207,Avian,N6
1436_A/muscovy/duck/Hunan,A/muscovy/duck/Hunan/HN364/2015,0.078213,0.044002,0.024466,-0.001207,Avian,N6
1437_A/muscovy/duck/Hunan,A/muscovy/duck/Hunan/HN365/2015,0.078213,0.044002,0.024466,-0.001207,Avian,N6
1438_A/muscovy/duck/Hunan,A/muscovy/duck/Hunan/HN366/2015,0.075326,0.045473,0.019491,-0.003386,Avian,N6
1439_A/muscovy/duck/Hunan,A/muscovy/duck/Hunan/HN368/2015,0.078213,0.044002,0.024466,-0.001207,Avian,N6
1440_A/mute_swan/Inner_Mo,A/mute_swan/Inner_Mongolia/w2-1/2020,-0.048008,-0.007153,-0.000425,0.094076,Avian,N8
1441_A/mute_swan/Shandong,A/mute_swan/Shandong/1/2021,-0.043664,-0.001516,-0.001603,0.093841,Avian,N8
1442_A/Nanjing/1/2015|EPI,A/Nanjing/1/2015,-0.067057,-0.038961,0.011333,0.039021,Human,N1
1443_A/Northern_Pintail/H,A/Northern_Pintail/HK/MP692/2016,-0.050495,-0.010304,0.110958,0.021211,Avian,N6
1444_A/oriental_magpie_ro,A/oriental_magpie_robin/HK/6154/2015,-0.095146,-0.108475,-0.054714,-0.000121,Avian,N6
1445_A/ostrich/Suzhou/097,A/ostrich/Suzhou/097/2003,-0.060218,0.000979,-0.102025,0.055367,Avian,N1
1446_A/parrot/Guangdong/2,A/parrot/Guangdong/258/2004,-0.055799,-0.047258,-0.036022,0.05087,Avian,N2
1447_A/parrot/Guangdong/C,A/parrot/Guangdong/C99/2005,-0.069614,-0.040828,-0.112411,0.039623,Avian,N1
1448_A/Pavo_cristatus/Chi,A/Pavo_cristatus/China/JS02/2018,0.067128,0.016927,-0.011206,0.044399,Avian,N6
1449_A/Pavo_cristatus/Chi,A/Pavo_cristatus/China/K10/2018,0.067128,0.016927,-0.011206,0.044399,Avian,N6
1450_A/Pavo_cristatus/Jia,A/Pavo_cristatus/Jiangxi/JA1/2016,0.068679,0.053738,0.009662,0.028519,Avian,N6
1451_A/peacock/Yunnan/1/2,A/peacock/Yunnan/1/2015,-0.055233,-0.050981,0.015589,0.041239,Avian,N1
1452_A/peacock/Yunnan/3/2,A/peacock/Yunnan/3/2015,-0.059921,-0.051946,0.014675,0.036813,Avian,N1
1453_A/Peregrine_Falcon/H,A/Peregrine_Falcon/Hong_Kong/AFCD-HKU-21-013-27/2021,-0.041604,-0.005867,-0.001342,0.098532,Avian,N8
1454_A/Phalacrocorax/Hube,A/Phalacrocorax/Hubei/01.09_V5/2015(H5N6),-0.070112,-0.046451,0.005119,0.042079,Avian,N6
1455_A/Phalacrocorax/Hube,A/Phalacrocorax/Hubei/01.09_V7/2015(H5N6),-0.070112,-0.046451,0.005119,0.042079,Avian,N6
1456_A/pheasant/Hebei/B02,A/pheasant/Hebei/B02/2021,-0.052713,-0.006732,-0.004004,0.087162,Avian,N8
1457_A/pigeon/Fujian/1.17,A/pigeon/Fujian/1.17_FZHX0104-O/2017,0.086791,0.03517,0.016284,0.027376,Avian,N6
1458_A/pigeon/Guangdong/0,A/pigeon/Guangdong/04.15_SZBAXQ004/2015(H5N6),0.085675,0.04037,0.000119,0.033433,Avian,N6
1459_A/pigeon/Guangdong/0,A/pigeon/Guangdong/04.16_SZLGWL006/2015(H5N6),0.066927,0.067536,-0.013356,-0.002793,Avian,N6
1460_A/pigeon/Guangdong/0,A/pigeon/Guangdong/04.23_DGQTXC197-O/2015(H5N6),0.058371,0.06916,-0.027394,-0.002573,Avian,N6
1461_A/pigeon/Hainan/1.14,A/pigeon/Hainan/1.14_HKPL006-C/2018,0.07887,0.08662,-0.071201,-0.009282,Avian,N6
1462_A/pigeon/Hubei/RP25/,A/pigeon/Hubei/RP25/2012,0.010309,-0.046956,0.023292,-0.008486,Avian,N1
1463_A/Pigeon/Hunan/04.14,A/Pigeon/Hunan/04.14_YYXS0912-O/2015(Mixed),0.058001,0.016041,-0.006045,0.016273,Avian,N6
1464_A/pigeon/Jiangsu/12.,A/pigeon/Jiangsu/12.22_TCCX053-P/2014(Mixed),0.049902,0.00462,0.006352,-0.030128,Avian,N1
1465_A/Pigeon/Jiangxi/02.,A/Pigeon/Jiangxi/02.10__NCDZT0017-P/2015(H5N6),-0.125784,-0.061021,-0.096379,0.016437,Avian,N6
1466_A/Pigeon/Jiangxi/04.,A/Pigeon/Jiangxi/04.01__NCDZT0352-O/2015(H5N6),-0.119863,-0.047567,-0.090002,0.02388,Avian,N6
1467_A/pigeon/Jiangxi/S40,A/pigeon/Jiangxi/S40784/2021(H5N1),-0.070387,-0.003804,-0.006392,0.090831,Avian,N1
1468_A/pigeon/Jilin/04.25,A/pigeon/Jilin/04.25_CCHL018-O/2015(H5N6),0.066567,0.038483,0.003971,0.002042,Avian,N6
1469_A/pigeon/Jilin/04.25,A/pigeon/Jilin/04.25_CCHL019-O/2015(H5N1),0.057338,0.00211,0.008286,-0.038726,Avian,N1
1470_A/pigeon/Jilin/S4176,A/pigeon/Jilin/S4176/2019(H5N1),0.06156,-0.009909,-0.004968,-0.033093,Avian,N1
1471_A/Pigeon/Shandong/WS,A/Pigeon/Shandong/WS17/2022,-0.080704,-0.014351,0.073421,0.041145,Avian,N2
1472_A/pigeon/Sichuan/04.,A/pigeon/Sichuan/04.27_NBXJ743/2014(H5N6),0.058007,0.01568,0.008203,0.026811,Avian,N6
1473_A/pigeon/Sichuan/NCX,A/pigeon/Sichuan/NCXN29/2014,0.079793,0.029198,0.02928,-0.008473,Avian,N1
1474_A/pigeon/Zhejiang/11,A/pigeon/Zhejiang/112089/2014,0.045736,0.011625,0.009802,-0.030391,Avian,N1
1475_A/pigeon/Zhejiang/11,A/pigeon/Zhejiang/112090/2014,0.062918,-0.000102,0.000889,-0.035556,Avian,N1
1476_A/pigeon/Zhejiang/72,A/pigeon/Zhejiang/727097/2014,0.051571,-0.000204,0.018629,-0.027636,Avian,N1
1477_A/plateau_pika/Qingh,A/plateau_pika/Qinghai/04/2007,-0.040755,0.004615,-0.056904,0.004189,Nonhuman Mammal,N1
1478_A/Quail/Guangxi/GX-2,A/Quail/Guangxi/GX-2/2017__(H5N6),0.074179,0.014473,0.006059,0.027971,Avian,N6
1479_A/quail/Jiangsu/k010,A/quail/Jiangsu/k0104/2010,0.023225,-0.073473,-0.008863,-0.05686,Avian,Others
1480_A/quail/Jiangxi/B9/2,A/quail/Jiangxi/B9/2015_(H5N6),0.054288,-0.104505,-0.050948,-0.061657,Avian,N6
1481_A/quail/Nanchang/663,A/quail/Nanchang/6631/2013,0.062846,0.006228,0.003719,-0.003051,Avian,N1
1482_A/Quail/Zhanjiang/16,A/Quail/Zhanjiang/16887/2016,0.099632,0.037567,-0.021103,0.042735,Avian,N6
1483_A/Quanzhou/2/2024|EP,A/Quanzhou/2/2024,-0.041156,-0.019159,-0.024676,0.093573,Human,N6
1484_A/Shandong/1/2009|EP,A/Shandong/1/2009,0.00083,-0.083651,0.034266,-0.025729,Human,N1
1485_A/Shenzhen/1/2015|EP,A/Shenzhen/1/2015,-0.095867,-0.111359,-0.049902,-0.005844,Human,N6
1486_A/Shenzhen/1/2016|EP,A/Shenzhen/1/2016,-0.095573,-0.099856,-0.049903,-0.010599,Human,N6
1487_A/Shenzhen/TH001/201,A/Shenzhen/TH001/2015_(H5N6),-0.095867,-0.111359,-0.049902,-0.005844,Human,N6
1488_A/Shenzhen/TH003/201,A/Shenzhen/TH003/2016(H5N6),-0.107348,-0.111585,-0.043279,0.010235,Human,N6
1489_A/Shoveller/Ningxia/,A/Shoveller/Ningxia/488-53/2015,0.063185,0.047818,-0.013102,-0.01186,Avian,N6
1490_A/Sichuan/1/2006|EPI,A/Sichuan/1/2006,0.016449,-0.058195,0.028229,-0.027674,Human,N1
1491_A/Sichuan/2/2006|EPI,A/Sichuan/2/2006,0.010044,-0.059286,0.033286,-0.027429,Human,N1
1492_A/Sichuan/26221/2014,A/Sichuan/26221/2014,0.055067,0.024624,-0.001354,0.033564,Human,N6
1493_A/silkie_chicken/Don,A/silkie_chicken/Dongguan/2809/2013,0.076138,0.046063,0.011273,0.006866,Avian,N6
1494_A/Spatula_querquedul,A/Spatula_querquedula/Chongming/H5N1_1/2024,-0.091048,-0.011903,0.018523,0.045708,Avian,N1
1495_A/Spoonbill/HK/17-18,A/Spoonbill/HK/17-18259/2017,-0.054224,0.024303,-0.008621,0.031236,Avian,N6
1496_A/spoonbill/Taiwan/D,A/spoonbill/Taiwan/DB645/2017,-0.070203,0.010627,-0.003519,0.04583,Avian,N6
1497_A/spot_billed_duck/N,A/spot_billed_duck/Ningxia/YG87/2017,-0.066509,0.029828,-0.022789,0.028261,Avian,N6
1498_A/spot-billed_duck/N,A/spot-billed_duck/Ningxia/YG93/2017,-0.098068,-0.004404,0.014049,0.034069,Avian,N6
1499_A/Streptopelia_decao,A/Streptopelia_decaocto/Jiangxi/E1/2015(H5N6),0.073012,0.042277,-0.018487,-0.004624,Avian,N6
1500_A/Streptopelia_decao,A/Streptopelia_decaocto/Jiangxi/G6/2016(H5N6),0.060242,0.039379,-0.014934,-0.001437,Avian,N6
1501_A/Streptopelia_decao,A/Streptopelia_decaocto/Jiangxi/J8/2015_(H5N6),0.076828,0.044239,-0.027538,-0.005711,Avian,N6
1502_A/swan_goose/Jilin/J,A/swan_goose/Jilin/JL01/2014,0.067424,0.004657,-0.006554,0.011995,Avian,N6
1503_A/swan/China/ST/2016,A/swan/China/ST/2016,-0.030506,-0.021351,0.112245,0.036151,Avian,N8
1504_A/swan/Hebei/B01/202,A/swan/Hebei/B01/2021,-0.042448,0.004099,0.007892,0.103855,Avian,N8
1505_A/swan/Shandong/W376,A/swan/Shandong/W3762/2020,-0.056197,0.026507,0.053281,-0.035371,Avian,N8
1506_A/swine/China/RZ/201,A/swine/China/RZ/2018,0.094277,0.092598,-0.066936,-0.001391,Nonhuman Mammal,N6
1507_A/swine/Guangdong/1/,A/swine/Guangdong/1/2014,0.076828,0.036127,0.004514,0.002942,Nonhuman Mammal,N6
1508_A/swine/Guangdong/2/,A/swine/Guangdong/2/2014,0.08011,0.031264,0.005411,0.009031,Nonhuman Mammal,N6
1509_A/swine/Guangdong/G3,A/swine/Guangdong/G3/2015,0.070154,0.03117,0.002717,0.008332,Nonhuman Mammal,N6
1510_A/swine/Shandong/SD1,A/swine/Shandong/SD1/2014,-0.074354,-0.015268,-0.067599,0.056815,Nonhuman Mammal,N1
1511_A/Syrrhaptes_paradox,A/Syrrhaptes_paradoxus/Guangdong/ZH283/2015,0.082096,0.038692,0.013455,0.016136,Avian,N6
1512_A/Taiwan/DV413/2006|,A/Taiwan/DV413/2006,-0.060039,-0.027248,0.044393,0.000341,Avian,N2
1513_A/Taiwan/DV518/2006|,A/Taiwan/DV518/2006,-0.060336,-0.01732,0.041835,0.009025,Avian,N2
1514_A/thrush/Taiwan/1512,A/thrush/Taiwan/15120021/2015,-0.1091,0.049684,0.021954,-0.044425,Avian,N2
1515_A/tiger/Yunnan/tig14,A/tiger/Yunnan/tig1404/2014,0.078396,0.032257,0.016602,0.011614,Nonhuman Mammal,N1
1516_A/tiger/Yunnan/tig14,A/tiger/Yunnan/tig1412/2014,0.079845,0.012527,0.00242,0.017688,Nonhuman Mammal,N1
1517_A/tiger/Yunnan/tig15,A/tiger/Yunnan/tig1508/2015,-0.072991,-0.044218,0.001851,0.053884,Nonhuman Mammal,N1
1518_A/tundra_swan/Fujian,A/tundra_swan/Fujian/SD121/2023(H5N1),-0.071994,0.003925,0.014926,0.03659,Avian,N1
1519_A/tundra_swan/Hubei/,A/tundra_swan/Hubei/BQ3/2020,-0.047704,-0.016211,0.01655,0.097363,Avian,N8
1520_A/tundra_swan/Hubei/,A/tundra_swan/Hubei/BQ4/2020,-0.04467,-0.007426,0.008698,0.081197,Avian,N8
1521_A/tundra_swan/Hubei/,A/tundra_swan/Hubei/BQ6/2020,-0.051293,-0.004766,0.001836,0.086744,Avian,N8
1522_A/tundra_swan/Hubei/,A/tundra_swan/Hubei/BQ7/2020,-0.03899,-0.011404,-0.003899,0.096172,Avian,N8
1523_A/tundra_swan/Hubei/,A/tundra_swan/Hubei/BQ8/2020,-0.047859,-0.006173,0.00052,0.089322,Avian,N8
1524_A/tundra_swan/Hubei/,A/tundra_swan/Hubei/BQ9/2020,-0.048085,-0.006357,0.000019,0.089668,Avian,N8
1525_A/turkey/Changhua/16,A/turkey/Changhua/16010011-1/2016,-0.123104,0.062317,0.025712,-0.050699,Avian,N2
1526_A/turkey/Chiayi/1702,A/turkey/Chiayi/17020092-2/2017,0.05261,-0.098584,0.0282,-0.059332,Avian,N8
1527_A/turkey/Chiayi/1801,A/turkey/Chiayi/18010013-3/2018,-0.144329,0.078743,-0.003543,-0.063521,Avian,N2
1528_A/turkey/Yunlin/1506,A/turkey/Yunlin/15060049-1/2015,-0.128186,0.061383,-0.005409,-0.042342,Avian,N2
1529_A/turkey/Yunlin/1802,A/turkey/Yunlin/18020020-2/2018,-0.141687,0.076121,-0.001607,-0.064521,Avian,N2
1530_A/turkey/Yunlin/1811,A/turkey/Yunlin/18110001-3/2018,-0.127827,0.080101,-0.000421,-0.099332,Avian,N2
1531_A/turkey/Yunlin/1812,A/turkey/Yunlin/18120005-2/2018,-0.062393,-0.004546,0.054959,0.045434,Avian,N2
1532_A/turtle_dove/Guangd,A/turtle_dove/Guangdong/300/2005,0.005839,-0.053453,0.032964,-0.021755,Avian,N1
1533_A/turtle_dove/Hunan/,A/turtle_dove/Hunan/S4004/2020(H5N1),-0.051554,-0.035828,0.013122,0.061255,Avian,N1
1534_A/Waterfowl/Hubei/Ch,A/Waterfowl/Hubei/Chenhu1306/2014_H5N6,0.054599,0.018828,0.007651,0.017772,Avian,N6
1535_A/Waterfowl/Hubei/Ch,A/Waterfowl/Hubei/Chenhu1347/2014_H5N6,0.054599,0.018828,0.007651,0.017772,Avian,N6
1536_A/whiskered_tern/Hub,A/whiskered_tern/Hubei/BQ10/2020,-0.048461,-0.006531,0.007667,0.084054,Avian,N8
1537_A/white_naped_crane/,A/white_naped_crane/China/YA3/2018,0.067128,0.016927,-0.011206,0.044399,Avian,N6
1538_A/White-eyed_Pochard,A/White-eyed_Pochard/Ningxia/480-17/2015,0.069309,0.036748,-0.014594,-0.013777,Avian,N6
1539_A/whooper_swan/Henan,A/whooper_swan/Henan/8/2021,-0.102792,0.006857,0.015056,0.018048,Avian,N1
1540_A/whooper_swan/Henan,A/whooper_swan/Henan/14/2021,-0.102792,0.006857,0.015056,0.018048,Avian,N1
1541_A/whooper_swan/Henan,A/whooper_swan/Henan/44/2021,-0.102792,0.006857,0.015056,0.018048,Avian,N1
1542_A/whooper_swan/Henan,A/whooper_swan/Henan/45/2021,-0.102792,0.006857,0.015056,0.018048,Avian,N1
1543_A/whooper_swan/Henan,A/whooper_swan/Henan/46/2021,-0.102792,0.006857,0.015056,0.018048,Avian,N1
1544_A/whooper_swan/Henan,A/whooper_swan/Henan/424/2021,-0.100817,0.007377,0.01677,0.015086,Avian,N1
1545_A/whooper_swan/Henan,A/whooper_swan/Henan/SM1/2020,-0.052835,-0.015099,0.018129,0.086526,Avian,N8
1546_A/whooper_swan/Henan,A/whooper_swan/Henan/SM16/2020,-0.047885,-0.004692,-0.001623,0.090379,Avian,N8
1547_A/whooper_swan/Henan,A/whooper_swan/Henan/SM31/2020,-0.047885,-0.004692,-0.001623,0.090379,Avian,N8
1548_A/whooper_swan/Henan,A/whooper_swan/Henan/SM61/2020,-0.048085,-0.006357,0.000019,0.089668,Avian,N8
1549_A/whooper_swan/Henan,A/whooper_swan/Henan/SM76/2020,-0.044845,-0.004548,0.016022,0.09463,Avian,N8
1550_A/whooper_swan/Henan,A/whooper_swan/Henan/SM86/2020,-0.048085,-0.006357,0.000019,0.089668,Avian,N8
1551_A/whooper_swan/Henan,A/whooper_swan/Henan/SM111/2020,-0.047704,-0.016211,0.01655,0.097363,Avian,N8
1552_A/whooper_swan/Henan,A/whooper_swan/Henan/SMQ5/2020,-0.045722,-0.01476,0.018073,0.095529,Avian,N8
1553_A/whooper_swan/Henan,A/whooper_swan/Henan/SMQ7/2020,-0.056616,-0.015224,0.023927,0.093064,Avian,N8
1554_A/whooper_swan/Henan,A/whooper_swan/Henan/SMQ9/2020,-0.046402,-0.014785,-0.00595,0.08812,Avian,N8
1555_A/whooper_swan/Henan,A/whooper_swan/Henan/SMQ10/2020,-0.046402,-0.014785,-0.00595,0.08812,Avian,N8
1556_A/whooper_swan/Henan,A/whooper_swan/Henan/SMX1/2015(H5N1),0.069885,-0.003946,-0.003017,-0.039556,Avian,N1
1557_A/whooper_swan/Henan,A/whooper_swan/Henan/SMX3/2015(H5N1),0.071614,-0.005083,-0.003189,-0.04144,Avian,N1
1558_A/whooper_swan/Henan,A/whooper_swan/Henan/SMX4/2015(H5N1),0.067709,-0.011766,-0.001455,-0.041067,Avian,N1
1559_A/whooper_swan/Henan,A/whooper_swan/Henan/SMX9/2015(H5N1),0.071614,-0.005083,-0.003189,-0.04144,Avian,N1
1560_A/whooper_swan/Henan,A/whooper_swan/Henan/T578/2019,-0.06926,-0.003734,0.067251,0.036891,Avian,N2
1561_A/whooper_swan/Henan,A/whooper_swan/Henan/T874/2018,-0.06926,-0.003734,0.067251,0.036891,Avian,N2
1562_A/whooper_swan/Henan,A/whooper_swan/Henan/T880/2018,-0.06926,-0.003734,0.067251,0.036891,Avian,N2
1563_A/whooper_swan/Henan,A/whooper_swan/Henan/T886/2018,-0.06926,-0.003734,0.067251,0.036891,Avian,N2
1564_A/whooper_swan/Henan,A/whooper_swan/Henan/T888/2018,-0.06926,-0.003734,0.067251,0.036891,Avian,N2
1565_A/whooper_swan/Henan,A/whooper_swan/Henan/Y120/2018,-0.077296,-0.002119,0.069798,0.03694,Avian,N2
1566_A/whooper_swan/Inner,A/whooper_swan/Inner_Mongolia/w1-1/2020,-0.048085,-0.006357,0.000019,0.089668,Avian,N8
1567_A/Whooper_Swan/Sanme,A/Whooper_Swan/Sanmenxia/01/2016,-0.020123,-0.027242,0.104988,0.030341,Avian,N8
1568_A/Whooper_swan/Sanme,A/Whooper_swan/Sanmenxia/G2/2020,-0.053758,-0.007535,-0.003882,0.090973,Avian,N8
1569_A/Whooper_swan/Sanme,A/Whooper_swan/Sanmenxia/G13/2020,-0.052391,-0.006013,0.001897,0.085154,Avian,N8
1570_A/Whooper_swan/Sanme,A/Whooper_swan/Sanmenxia/G15/2020,-0.046402,-0.014785,-0.00595,0.08812,Avian,N8
1571_A/Whooper_swan/Sanme,A/Whooper_swan/Sanmenxia/G28/2020,-0.052391,-0.006013,0.001897,0.085154,Avian,N8
1572_A/Whooper_swan/Sanme,A/Whooper_swan/Sanmenxia/H1/2020,-0.057918,-0.00626,0.005626,0.091327,Avian,N8
1573_A/Whooper_swan/Sanme,A/Whooper_swan/Sanmenxia/H735/2020,-0.057215,0.003213,-0.020928,0.082198,Avian,N8
1574_A/Whooper_swan/Sanme,A/Whooper_swan/Sanmenxia/H810/2020,-0.051115,-0.006605,0.002443,0.08901,Avian,N8
1575_A/Whooper_swan/Sanme,A/Whooper_swan/Sanmenxia/Y10/2020,-0.04951,-0.002614,0.000361,0.094144,Avian,N8
1576_A/Whooper_swan/Sanme,A/Whooper_swan/Sanmenxia/Y11/2020,-0.048085,-0.006357,0.000019,0.089668,Avian,N8
1577_A/Whooper_swan/Sanme,A/Whooper_swan/Sanmenxia/Y12/2020,-0.053967,-0.008689,-0.004177,0.09011,Avian,N8
1578_A/Whooper_swan/Sanme,A/Whooper_swan/Sanmenxia/Y15/2020,-0.046402,-0.014785,-0.00595,0.08812,Avian,N8
1579_A/Whooper_swan/Sanme,A/Whooper_swan/Sanmenxia/Y18/2020,-0.053758,-0.007535,-0.003882,0.090973,Avian,N8
1580_A/Whooper_swan/Sanme,A/Whooper_swan/Sanmenxia/Y19/2020,-0.045456,-0.011269,-0.000896,0.083883,Avian,N8
1581_A/Whooper_swan/Sanme,A/Whooper_swan/Sanmenxia/Y20/2020,-0.048085,-0.006357,0.000019,0.089668,Avian,N8
1582_A/Whooper_swan/Sanme,A/Whooper_swan/Sanmenxia/Y21/2020,-0.04951,-0.002614,0.000361,0.094144,Avian,N8
1583_A/Whooper_swan/Sanme,A/Whooper_swan/Sanmenxia/Y23-2/2020,-0.047885,-0.004692,-0.001623,0.090379,Avian,N8
1584_A/Whooper_swan/Sanme,A/Whooper_swan/Sanmenxia/Y27/2020,-0.048085,-0.006357,0.000019,0.089668,Avian,N8
1585_A/Whooper_swan/Sanme,A/Whooper_swan/Sanmenxia/Y36/2020,-0.047885,-0.004692,-0.001623,0.090379,Avian,N8
1586_A/Whooper_swan/Sanme,A/Whooper_swan/Sanmenxia/Y48A/2020,-0.039359,-0.012692,-0.001379,0.089468,Avian,N8
1587_A/Whooper_swan/Sanme,A/Whooper_swan/Sanmenxia/Y48B/2020,-0.047885,-0.004692,-0.001623,0.090379,Avian,N8
1588_A/Whooper_swan/Sanme,A/Whooper_swan/Sanmenxia/Y52/2020,-0.046402,-0.014785,-0.00595,0.08812,Avian,N8
1589_A/Whooper_swan/Sanme,A/Whooper_swan/Sanmenxia/Y56/2020,-0.056728,-0.012022,-0.000617,0.085945,Avian,N8
1590_A/Whooper_swan/Sanme,A/Whooper_swan/Sanmenxia/Y57/2020,-0.047704,-0.016211,0.01655,0.097363,Avian,N8
1591_A/whooper_swan/Shaan,A/whooper_swan/Shaanxi/SXY2-1/2020,-0.046402,-0.014785,-0.00595,0.08812,Avian,N8
1592_A/whooper_swan/Shaan,A/whooper_swan/Shaanxi/SXY26/2020,-0.047738,-0.010719,0.017878,0.094648,Avian,N8
1593_A/whooper_swan/Shaan,A/whooper_swan/Shaanxi/SXY66/2020,-0.045722,-0.01476,0.018073,0.095529,Avian,N8
1594_A/whooper_swan/Shand,A/whooper_swan/Shandong/SC176/2021,-0.049977,-0.008631,0.004358,0.094088,Avian,N8
1595_A/whooper_swan/Shand,A/whooper_swan/Shandong/SC185/2021,-0.04945,-0.012809,0.002371,0.093696,Avian,N8
1596_A/whooper_swan/Shand,A/whooper_swan/Shandong/SC188/2021,-0.049404,-0.013244,0.002552,0.093059,Avian,N8
1597_A/whooper_swan/Shand,A/whooper_swan/Shandong/SC195/2021,-0.063766,-0.016942,0.044446,0.023453,Avian,N8
1598_A/whooper_swan/Shand,A/whooper_swan/Shandong/SC198/2021,-0.054033,-0.009188,0.003291,0.092396,Avian,N8
1599_A/whooper_swan/Shand,A/whooper_swan/Shandong/SC199/2021,-0.04945,-0.012809,0.002371,0.093696,Avian,N8
1600_A/whooper_swan/Shand,A/whooper_swan/Shandong/SC200/2021,-0.04945,-0.012809,0.002371,0.093696,Avian,N8
1601_A/whooper_swan/Shanx,A/whooper_swan/Shanxi/4-1/2020,-0.048085,-0.006357,0.000019,0.089668,Avian,N8
1602_A/whooper_swan/Shanx,A/whooper_swan/Shanxi/4-2/2020,-0.048085,-0.006357,0.000019,0.089668,Avian,N8
1603_A/whooper_swan/Shanx,A/whooper_swan/Shanxi/14/2021,-0.100664,-0.000381,0.014398,0.014566,Avian,N1
1604_A/whooper_swan/Shanx,A/whooper_swan/Shanxi/20/2021,-0.102792,0.006857,0.015056,0.018048,Avian,N1
1605_A/whooper_swan/Shanx,A/whooper_swan/Shanxi/RC01/2016,-0.020956,-0.025337,0.107498,0.031257,Avian,N8
1606_A/whooper_swan/Shanx,A/whooper_swan/Shanxi/SX16/2020,-0.051009,-0.00478,-0.003109,0.092,Avian,N8
1607_A/whooper_swan/Shanx,A/whooper_swan/Shanxi/SX31/2020,-0.048085,-0.006357,0.000019,0.089668,Avian,N8
1608_A/whooper_swan/Shanx,A/whooper_swan/Shanxi/SX56/2020,-0.053152,-0.010145,-0.001321,0.092559,Avian,N8
1609_A/whooper_swan/Shanx,A/whooper_swan/Shanxi/SX106/2020,-0.048085,-0.006357,0.000019,0.089668,Avian,N8
1610_A/whooper_swan/Shanx,A/whooper_swan/Shanxi/SX116/2020,-0.087398,-0.016536,0.035775,0.044519,Avian,N2
1611_A/whooper_swan/Shanx,A/whooper_swan/Shanxi/SX166/2020,-0.048085,-0.006357,0.000019,0.089668,Avian,N8
1612_A/whooper_swan/Shanx,A/whooper_swan/Shanxi/SX206/2020,-0.046103,-0.004906,0.001543,0.087833,Avian,N8
1613_A/whooper_swan/Shanx,A/whooper_swan/Shanxi/SX216/2020,-0.048085,-0.006357,0.000019,0.089668,Avian,N8
1614_A/whooper_swan/Shanx,A/whooper_swan/Shanxi/SX231/2020,-0.050469,-0.007459,-0.000907,0.091749,Avian,N8
1615_A/whooper_swan/Shanx,A/whooper_swan/Shanxi/SX251/2020,-0.040199,-0.010378,-0.000214,0.0866,Avian,N8
1616_A/whooper_swan/Shanx,A/whooper_swan/Shanxi/SX276/2020,-0.04048,-0.012298,-0.002887,0.088143,Avian,N8
1617_A/whooper_swan/Shanx,A/whooper_swan/Shanxi/SX291/2020,-0.047348,-0.005529,-0.002283,0.08636,Avian,N8
1618_A/whooper_swan/Shanx,A/whooper_swan/Shanxi/SX346/2020,-0.040921,-0.005151,-0.003464,0.091898,Avian,N8
1619_A/Wigeon/Ningxia/476,A/Wigeon/Ningxia/476-12/2015,0.070793,0.061023,-0.032383,-0.019254,Avian,N6
1620_A/wild_bird/Eastern_,A/wild_bird/Eastern_China/1754/2017,-0.058014,-0.01718,0.116459,0.054791,Avian,Others
1621_A/wild_bird/Eastern_,A/wild_bird/Eastern_China/1758/2017,-0.058982,-0.020391,0.11238,0.053876,Avian,Others
1622_A/wild_bird/Eastern_,A/wild_bird/Eastern_China/1759/2017,-0.057991,-0.017506,0.116569,0.054339,Avian,Others
1623_A/wild_bird/Hubei/12,A/wild_bird/Hubei/12.12_LGHF2W44/2016(H5N8),-0.098362,0.003928,0.043136,-0.009259,Avian,N8
1624_A/wild_bird/Hunan/01,A/wild_bird/Hunan/01.14_YYDTHF2-20-2/2016(H5N6),0.076326,0.022345,0.01051,0.018412,Avian,N6
1625_A/wild_bird/Hunan/01,A/wild_bird/Hunan/01.14_YYDTHF2-25-2/2016(H5N6),0.034635,0.020623,-0.042524,0.020172,Avian,N6
1626_A/wild_bird/Hunan/02,A/wild_bird/Hunan/02.24_YYDTHF2-114-2/2016(H5N6),0.081157,0.014353,0.012757,0.01086,Avian,N6
1627_A/wild_bird/Hunan/02,A/wild_bird/Hunan/02.24_YYDTHF3-112/2016(H5N6),0.081157,0.014353,0.012757,0.01086,Avian,N6
1628_A/wild_bird/Hunan/03,A/wild_bird/Hunan/03.08_DTHF2E3-2/2018(H5N6),0.081157,0.014353,0.012757,0.01086,Avian,N6
1629_A/wild_bird/Taipei/0,A/wild_bird/Taipei/04WB12-522-11-15/2004,-0.075097,-0.013102,-0.049025,0.049955,Avian,N6
1630_A/wild_bird/Zhejiang,A/wild_bird/Zhejiang/NBXS-1/2024,-0.124852,0.003523,0.030325,0.077963,Avian,N6
1631_A/wild_duck/Fujian/1,A/wild_duck/Fujian/1/2011,0.075852,0.009513,0.005099,-0.017276,Avian,N1
1632_A/wild_duck/Fujian/2,A/wild_duck/Fujian/2/2011,0.085578,-0.004505,0.014273,-0.006553,Avian,N1
1633_A/wild_duck/Hebei/SD,A/wild_duck/Hebei/SD012/2021(H5N1),-0.108712,-0.003783,0.019524,0.034683,Avian,N1
1634_A/wild_duck/Hunan/12,A/wild_duck/Hunan/12.28_DTHD76-1/2016(H5N7),-0.073154,-0.010048,0.108598,-0.005711,Avian,Others
1635_A/wild_duck/Jiangsu/,A/wild_duck/Jiangsu/SD019/2021,-0.055528,-0.010192,-0.002931,0.092181,Avian,N8
1636_A/wild_duck/Jilin/HF,A/wild_duck/Jilin/HF/2011,-0.071804,-0.035058,0.015329,0.0472,Avian,N1
1637_A/wild_duck/Jilin/ZF,A/wild_duck/Jilin/ZF/2011,-0.077395,-0.002849,0.057574,0.027451,Avian,N1
1638_A/wild_duck/Shandong,A/wild_duck/Shandong/1/2011,-0.065276,-0.013688,0.037977,-0.00084,Avian,N1
1639_A/wild_duck/Shandong,A/wild_duck/Shandong/2/2011,-0.060574,-0.055569,0.033239,0.029197,Avian,N1
1640_A/wild_duck/Shandong,A/wild_duck/Shandong/628/2011,0.032509,-0.127779,0.010542,-0.025463,Avian,N1
1641_A/wild_duck/Shandong,A/wild_duck/Shandong/SC177/2021,-0.04945,-0.012809,0.002371,0.093696,Avian,N8
1642_A/wild_goose/Shandon,A/wild_goose/Shandong/SC196/2021,-0.04945,-0.012809,0.002371,0.093696,Avian,N8
1643_A/wild_pigeon/Jilin/,A/wild_pigeon/Jilin/CC01/2014,0.069276,0.025828,0.001215,-0.006673,Avian,N6
1644_A/wildfowl/China/472,A/wildfowl/China/472/2014,-0.055991,-0.100389,-0.096378,-0.03271,Avian,N2
1645_A/Xinjiang/1/2006|EP,A/Xinjiang/1/2006,-0.067232,-0.019852,-0.153341,0.039966,Human,N1
1646_A/Xinjiang/1/2009|EP,A/Xinjiang/1/2009,0.026507,-0.044308,-0.023811,-0.033297,Human,N1
1647_A/Yunnan/14563/2015|,A/Yunnan/14563/2015,-0.142854,-0.052633,-0.092094,0.003913,Human,N6
1648_A/Yunnan/DQ002/2015(,A/Yunnan/DQ002/2015(H5N6),-0.148773,-0.059725,-0.081292,0.004479,Human,N6
1649_A/Zhejiang/1/2006|EP,A/Zhejiang/1/2006,0.010812,-0.056985,0.031368,-0.025451,Human,N1
1650_A/Anas_platyrhynchos,A/Anas_platyrhynchos/jiujiang/H5N1/2024_H5N1,-0.091048,-0.011903,0.018523,0.045708,Avian,N1
1651_A/Anas_crecca/Hubei/,A/Anas_crecca/Hubei/Chenhu1623-5/2014_H5N6,0.056426,0.013925,0.011558,0.012375,Avian,N6
1652_A/Anhui/1/2006_H5N1|,A/Anhui/1/2006_H5N1,0.006125,-0.052831,0.037298,-0.026698,Human,N1
1653_A/Anhui/1/2007_H5N1|,A/Anhui/1/2007_H5N1,0.003403,-0.050357,0.025345,-0.010046,Human,N1
1654_A/Anhui/2/2005_H5N1|,A/Anhui/2/2005_H5N1,0.01129,-0.058615,0.030875,-0.028343,Human,N1
1655_A/Anser_cygnoides/Ch,A/Anser_cygnoides/China/P126/2015_H5N1,0.079057,0.037621,0.012263,0.012896,Avian,N1
1656_A/Anser_cygnoides/Hu,A/Anser_cygnoides/Hubei/FW44/2016_H5N8,-0.098133,0.004114,0.043643,-0.009609,Avian,N8
1657_A/Anser_fabalis/jiuj,A/Anser_fabalis/jiujiang/H5N1/2024_H5N1,-0.091048,-0.011903,0.018523,0.045708,Avian,N1
1658_A/Anser_fabalis/jiuj,A/Anser_fabalis/jiujiang/H5N1/2024_H5N1,-0.091048,-0.011903,0.018523,0.045708,Avian,N1
1659_A/Anser_fabalis/jiuj,A/Anser_fabalis/jiujiang/H5N1/2024_H5N1,-0.091048,-0.011903,0.018523,0.045708,Avian,N1
1660_A/Bulbul/Taiwan/0115,A/Bulbul/Taiwan/01156/2015_H5N3,0.072015,-0.102071,0.014667,-0.07592,Avian,Others
1661_A/Changsha/1/2014_H5,A/Changsha/1/2014_H5N6,0.080309,0.030142,0.013541,0.014724,Human,N6
1662_A/China/Original/201,A/China/Original/2018_H5N6,-0.107316,-0.031831,-0.056658,-0.004777,Human,N6
1663_A/Chlidonias_hybrida,A/Chlidonias_hybrida/Hubei/55/2020_H5N8,-0.06031,0.000751,0.007707,0.08155,Avian,N8
1664_A/Commom_Teal/Ningxi,A/Commom_Teal/Ningxia/474-9/2015_H5N6,0.070374,0.054404,-0.028992,-0.01986,Avian,N6
1665_A/Copsychus_saularis,A/Copsychus_saularis/Guangdong/SW8/2014_H5N6,0.076149,0.02944,0.011346,0.007071,Avian,N6
1666_A/Cygnus_atratus/Hub,A/Cygnus_atratus/Hubei/2Z2-O/2016_H5N8,-0.019228,-0.027336,0.107834,0.028452,Avian,N8
1667_A/Cygnus_atratus/Hub,A/Cygnus_atratus/Hubei/HF-1/2016_H5N8,-0.022049,-0.024999,0.10611,0.029703,Avian,N8
1668_A/Cygnus_columbianus,A/Cygnus_columbianus/Hubei/116/2020_H5N8,-0.048085,-0.006357,0.000019,0.089668,Avian,N8
1669_A/Cygnus_columbianus,A/Cygnus_columbianus/Hubei/49/2020_H5N8,-0.042852,-0.01729,-0.005457,0.084769,Avian,N8
1670_A/Cygnus_columbianus,A/Cygnus_columbianus/Hubei/50/2020_H5N8,-0.047704,-0.016211,0.01655,0.097363,Avian,N8
1671_A/Cygnus_columbianus,A/Cygnus_columbianus/Hubei/51/2020_H5N8,-0.047542,-0.011091,0.006709,0.083761,Avian,N8
1672_A/Cygnus_columbianus,A/Cygnus_columbianus/Hubei/52/2020_H5N8,-0.03899,-0.011404,-0.003899,0.096172,Avian,N8
1673_A/Cygnus_columbianus,A/Cygnus_columbianus/Hubei/53/2020_H5N8,-0.047859,-0.006173,0.00052,0.089322,Avian,N8
1674_A/Cygnus_columbianus,A/Cygnus_columbianus/Hubei/56/2020_H5N8,-0.051862,-0.003208,0.004632,0.087186,Avian,N8
1675_A/Duck/Dongting/D76-,A/Duck/Dongting/D76-1/2016_H5N7,-0.073154,-0.010048,0.108598,-0.005711,Avian,Others
1676_A/Duck/Jiangxi/631/2,A/Duck/Jiangxi/631/2024_H5N1,-0.096137,0.016453,-0.003472,0.070969,Avian,N1
1677_A/Falcated_Duck/Ning,A/Falcated_Duck/Ningxia/484-29/2015_H5N6,0.071192,0.050699,-0.015065,-0.011192,Avian,N6
1678_A/Ferruginous_Pochar,A/Ferruginous_Pochard/Ningxia/480-17/2015_H5N6,0.069309,0.036748,-0.014594,-0.013777,Avian,N6
1679_A/Gadwall/Ningxia/47,A/Gadwall/Ningxia/472-7/2015_H5N6,0.071192,0.050699,-0.015065,-0.011192,Avian,N6
1680_A/Gallinula_chloropu,A/Gallinula_chloropus/Guangdong/GZ174/2014_H5N6,0.080244,0.029045,0.014859,0.011321,Avian,N6
1681_A/Guangdong/1/2008_H,A/Guangdong/1/2008_H5N1,0.012687,-0.070414,0.039333,-0.03064,Human,N1
1682_A/Guangdong/2/2006_H,A/Guangdong/2/2006_H5N1,0.020484,-0.023013,0.0115,-0.042469,Human,N1
1683_A/Guangdong/lgf/2021,A/Guangdong/lgf/2021_H5N6,-0.053429,-0.017509,-0.000999,0.101983,Human,N6
1684_A/Guangxi/1/2005_H5N,A/Guangxi/1/2005_H5N1,-0.008302,-0.032446,0.007389,-0.048782,Human,N1
1685_A/Guangxi/1/2008_H5N,A/Guangxi/1/2008_H5N1,-0.000395,-0.058109,0.004278,-0.046774,Human,N1
1686_A/Guangzhou/39715/20,A/Guangzhou/39715/2014_H5N6,0.065742,0.045436,0.018174,0.006101,Human,N6
1687_A/Guizhou/1/2009_H5N,A/Guizhou/1/2009_H5N1,0.010815,-0.035855,0.006771,-0.036869,Human,N1
1688_A/Hunan/1/2008_H5N1|,A/Hunan/1/2008_H5N1,-0.071061,-0.028606,-0.10965,0.056433,Human,N1
1689_A/Hunan/2/2009_H5N1|,A/Hunan/2/2009_H5N1,0.019038,-0.044655,0.014917,-0.028164,Human,N1
1690_A/Japanese_white-eye,A/Japanese_white-eye/Taoyuan/Q454/2012_H5N1,0.059968,0.005809,0.003503,-0.0348,Avian,N1
1691_A/Nanjing/1/2015_H5N,A/Nanjing/1/2015_H5N1,-0.067057,-0.038961,0.011333,0.039021,Human,N1
1692_A/Northern_Shoveler/,A/Northern_Shoveler/Ningxia/488-53/2015_H5N6,0.063185,0.047818,-0.013102,-0.01186,Avian,N6
1693_A/Pavo_cristatus/Chi,A/Pavo_cristatus/China/JS02/2018_H5N6,0.067128,0.016927,-0.011206,0.044399,Avian,N6
1694_A/Pavo_cristatus/Chi,A/Pavo_cristatus/China/K10/2018_H5N6,0.067128,0.016927,-0.011206,0.044399,Avian,N6
1695_A/Pavo_cristatus/Jia,A/Pavo_cristatus/Jiangxi/JA1/2016_H5N6,0.068679,0.053738,0.009662,0.028519,Avian,N6
1696_A/Rattus_norvegicus/,A/Rattus_norvegicus/China/FS21/2021_H5N6,0.066631,-0.00626,0.012451,0.045772,Nonhuman Mammal,N6
1697_A/Shandong/1/2009_H5,A/Shandong/1/2009_H5N1,0.00083,-0.083651,0.034266,-0.025729,Human,N1
1698_A/Spatula_querquedul,A/Spatula_querquedula/chongming/H5N1/2024_H5N1,-0.091048,-0.011903,0.018523,0.045708,Avian,N1
1699_A/Syrrhaptes_paradox,A/Syrrhaptes_paradoxus/Guangdong/ZH283/2015_H5N6,0.082096,0.038692,0.013455,0.016136,Avian,N6
1700_A/Taiwan/DV413/2006_,A/Taiwan/DV413/2006_H5N2,-0.060039,-0.027248,0.044393,0.000341,Avian,N2
1701_A/Taiwan/DV518/2006_,A/Taiwan/DV518/2006_H5N2,-0.060336,-0.01732,0.041835,0.009025,Avian,N2
1702_A/Whooper_Swan/Sanme,A/Whooper_Swan/Sanmenxia/01/2016_H5N8,-0.020123,-0.027242,0.104988,0.030341,Avian,N8
1703_A/Wild_bird/Huadong/,A/Wild_bird/Huadong/CIXI20/2020_H5N8,-0.05434,-0.005125,-0.014704,0.083621,Avian,N8
1704_A/Wild_bird/Huadong/,A/Wild_bird/Huadong/CM120/2017_H5N1,-0.063237,-0.04442,0.008414,0.02956,Avian,N1
1705_A/Wild_bird/Huadong/,A/Wild_bird/Huadong/DF10/2019_H5N6,0.076738,0.088015,-0.076741,-0.020074,Avian,N6
1706_A/Wild_bird/Huadong/,A/Wild_bird/Huadong/DT10/2019_H5N1,0.060872,-0.022008,-0.006703,-0.014422,Avian,N1
1707_A/Wild_bird/Huadong/,A/Wild_bird/Huadong/GY116/2019_H5N6,0.076738,0.088015,-0.076741,-0.020074,Avian,N6
1708_A/Wild_bird/Huadong/,A/Wild_bird/Huadong/GY183/2017_H5N6,0.075907,0.037443,-0.003898,0.018881,Avian,N6
1709_A/Wild_bird/Huadong/,A/Wild_bird/Huadong/GY999/2017_H5N6,0.076705,0.047816,0.010032,0.038206,Avian,N6
1710_A/Wild_bird/Huadong/,A/Wild_bird/Huadong/JYWB4/2013_H5N1,0.053264,0.016222,0.008769,-0.040635,Avian,N1
1711_A/Wild_bird/Huadong/,A/Wild_bird/Huadong/QP10/2016_H5N6,0.104637,0.037674,0.016111,0.059182,Avian,N6
1712_A/Wild_bird/Huadong/,A/Wild_bird/Huadong/SH17/2019_H5N6,0.076738,0.088015,-0.076741,-0.020074,Avian,N6
1713_A/Wild_bird/Huadong/,A/Wild_bird/Huadong/SSW7/2017_H5N6,0.084474,0.06907,0.019402,0.035778,Avian,N6
1714_A/Wild_bird/Huadong/,A/Wild_bird/Huadong/SZ1111/2016_H5N6,0.104637,0.037674,0.016111,0.059182,Avian,N6
1715_A/Wild_bird/Huadong/,A/Wild_bird/Huadong/YC148/2019_H5N6,0.084474,0.06907,0.019402,0.035778,Avian,N6
1716_A/Wild_bird/Huadong/,A/Wild_bird/Huadong/YX68/2019_H5N6,0.076738,0.088015,-0.076741,-0.020074,Avian,N6
1717_A/Xinjiang/1/2009_H5,A/Xinjiang/1/2009_H5N1,0.026507,-0.044308,-0.023811,-0.033297,Human,N1
1718_A/Yangzhou/125/2022_,A/Yangzhou/125/2022_H5N6,-0.097539,0.00173,0.041896,0.033445,Human,N6
1719_A/avian/Hong_Kong/07,A/avian/Hong_Kong/0719/2007_H5N1,0.009117,-0.063868,0.025119,-0.03293,Avian,N1
1720_A/avian/Hong_Kong/19,A/avian/Hong_Kong/1993/2007_H5N1,0.007055,-0.056581,0.029778,-0.036562,Avian,N1
1721_A/avian/Hong_Kong/23,A/avian/Hong_Kong/2372/2007_H5N1,0.005734,-0.057171,0.02449,-0.025102,Avian,N1
1722_A/baikal_teal/Xiangh,A/baikal_teal/Xianghai/426/2011_H5N2,-0.105326,-0.008425,0.001827,-0.014186,Avian,N2
1723_A/bar-headed_goose/Q,A/bar-headed_goose/Qinghai/1-HVRI/2006_H5N1,-0.074446,-0.022455,-0.131791,0.069571,Avian,N1
1724_A/bar-headed_goose/T,A/bar-headed_goose/Tibet/8/2006_H5N1,-0.085135,-0.048825,-0.108222,0.041809,Avian,N1
1725_A/black_chicken/Jian,A/black_chicken/Jiangxi/10129/2014_H5N6,0.056847,0.018998,-0.009661,0.015972,Avian,N6
1726_A/brown-headed_gull/,A/brown-headed_gull/Qinghai/19/2009_H5N1,-0.053855,-0.029875,0.034212,0.043355,Avian,N1
1727_A/brown-headed_gull/,A/brown-headed_gull/Qinghai/9/2009_H5N1,-0.047432,-0.019699,0.030754,0.040622,Avian,N1
1728_A/canvasback/Xiangha,A/canvasback/Xianghai/428/2011_H5N2,-0.089549,-0.02085,-0.071701,0.009657,Avian,N2
1729_A/cat/Sichuan/SC18/2,A/cat/Sichuan/SC18/2014_H5N6,0.053737,0.025336,0.001341,0.030051,Nonhuman Mammal,N6
1730_A/cat/Zhejiang/C1/20,A/cat/Zhejiang/C1/2016_H5N6,-0.095078,-0.10004,-0.048329,0.006452,Nonhuman Mammal,N6
1731_A/cat/Zhejiang/C2/20,A/cat/Zhejiang/C2/2016_H5N6,-0.10032,-0.058728,-0.052783,0.037554,Nonhuman Mammal,N6
1732_A/chicken/Anhui/MZ33,A/chicken/Anhui/MZ33/2016_H5N6,-0.116904,-0.043087,-0.083622,0.01628,Avian,N6
1733_A/chicken/Anhui/MZ34,A/chicken/Anhui/MZ34/2016_H5N6,-0.115326,-0.032025,-0.098286,0.006951,Avian,N6
1734_A/chicken/Beijing/BJ,A/chicken/Beijing/BJ7/2014_H5N2,-0.030046,-0.081049,-0.059537,-0.018321,Avian,N2
1735_A/chicken/CH/a556/20,A/chicken/CH/a556/2015_H5N2,0.026592,-0.04917,-0.150647,-0.003891,Avian,N2
1736_A/chicken/Changhua/1,A/chicken/Changhua/15010120-1/2015_H5N2,-0.126725,0.063729,0.022791,-0.048418,Avian,N2
1737_A/chicken/Changhua/1,A/chicken/Changhua/15010288/2015_H5N2,-0.121317,0.062625,0.024584,-0.049799,Avian,N2
1738_A/chicken/Changhua/1,A/chicken/Changhua/15010324-2/2015_H5N2,-0.126543,0.062384,0.022074,-0.049306,Avian,N2
1739_A/chicken/Changhua/1,A/chicken/Changhua/15010361-1/2015_H5N2,-0.129191,0.055744,0.027324,-0.044875,Avian,N2
1740_A/chicken/Changhua/1,A/chicken/Changhua/15010362-2/2015_H5N2,-0.125372,0.063602,0.027312,-0.043976,Avian,N2
1741_A/chicken/Changhua/1,A/chicken/Changhua/15010363-2/2015_H5N2,-0.126744,0.061273,0.02179,-0.050137,Avian,N2
1742_A/chicken/Changhua/1,A/chicken/Changhua/15040036-1/2015_H5N8,0.085343,-0.104018,0.017052,-0.078225,Avian,N8
1743_A/chicken/Changhua/1,A/chicken/Changhua/15040037-2/2015_H5N8,0.082361,-0.106982,0.013571,-0.084525,Avian,N8
1744_A/chicken/Changhua/1,A/chicken/Changhua/15040042/2015_H5N8,0.078222,-0.104165,0.016427,-0.081923,Avian,N8
1745_A/chicken/Changhua/1,A/chicken/Changhua/15040043-1/2015_H5N8,0.078395,-0.102552,0.016558,-0.080417,Avian,N8
1746_A/chicken/Changhua/1,A/chicken/Changhua/15050013-1/2015_H5N2,-0.117202,0.053727,0.018976,-0.044866,Avian,N2
1747_A/chicken/Changhua/1,A/chicken/Changhua/15050038-1/2015_H5N8,0.066522,-0.098648,0.019594,-0.069816,Avian,N8
1748_A/chicken/Changhua/1,A/chicken/Changhua/15060027-2/2015_H5N2,-0.123844,0.056038,0.02236,-0.04837,Avian,N2
1749_A/chicken/Changhua/1,A/chicken/Changhua/15060029/2015_H5N8,0.066431,-0.101249,0.016437,-0.078505,Avian,N8
1750_A/chicken/Changhua/1,A/chicken/Changhua/15060037-1/2015_H5N2,-0.123806,0.064503,0.022253,-0.059428,Avian,N2
1751_A/chicken/Changhua/1,A/chicken/Changhua/15120008/2015_H5N2,-0.118336,0.071189,0.039934,-0.039862,Avian,N2
1752_A/chicken/Changhua/1,A/chicken/Changhua/16010060-2/2016_H5N2,-0.138388,0.073317,0.026034,-0.054342,Avian,N2
1753_A/chicken/Changhua/1,A/chicken/Changhua/17060006/2017_H5N2,-0.143003,0.052027,0.015528,-0.043449,Avian,N2
1754_A/chicken/Changhua/1,A/chicken/Changhua/18040008-1/2018_H5N2,-0.132317,0.090691,-0.007556,-0.089256,Avian,N2
1755_A/chicken/Chiayi/150,A/chicken/Chiayi/15010287-2/2015_H5N2,-0.127022,0.072486,0.01123,-0.054406,Avian,N2
1756_A/chicken/Chiayi/150,A/chicken/Chiayi/15010409-2/2015_H5N2,-0.12817,0.055638,0.015732,-0.044773,Avian,N2
1757_A/chicken/Chiayi/150,A/chicken/Chiayi/15010454-1/2015_H5N8,0.072305,-0.100175,0.018278,-0.075039,Avian,N8
1758_A/chicken/Chiayi/170,A/chicken/Chiayi/17040009-2/2017_H5N2,-0.141723,0.076533,0.010877,-0.056959,Avian,N2
1759_A/chicken/Chiayi/181,A/chicken/Chiayi/18120003-1/2018_H5N2,-0.063604,-0.007388,0.05401,0.043958,Avian,N2
1760_A/chicken/China/007/,A/chicken/China/007/2019_H5N6,0.080081,0.099639,-0.058211,-0.028855,Avian,N6
1761_A/chicken/China/1101,A/chicken/China/1101/2019_H5N6,0.086767,0.061248,-0.074233,-0.021692,Avian,N6
1762_A/chicken/China/Cang,A/chicken/China/Cangzhou03/2023_H5N1,-0.088632,-0.007712,0.024269,0.04616,Avian,N1
1763_A/chicken/China/E93/,A/chicken/China/E93/2012_H5N1,-0.0625,-0.016717,0.032099,-0.005077,Avian,N1
1764_A/chicken/China/E96/,A/chicken/China/E96/2012_H5N1,-0.069044,-0.00732,0.028508,-0.003172,Avian,N1
1765_A/chicken/Chiping/03,A/chicken/Chiping/0321/2014_H5N2,-0.05202,-0.087587,-0.012926,-0.006723,Avian,N2
1766_A/chicken/Dongguan/2,A/chicken/Dongguan/2690/2013_H5N6,0.074853,0.043719,0.01087,-0.001943,Avian,N6
1767_A/chicken/Dongguan/3,A/chicken/Dongguan/3363/2013_H5N6,0.076396,0.028874,0.021248,0.019415,Avian,N6
1768_A/chicken/Dongguan/4,A/chicken/Dongguan/4259/2013_H5N6,0.081718,0.052671,0.016604,0.001919,Avian,N6
1769_A/chicken/Eastern_Ch,A/chicken/Eastern_China/HF9/2018_H5N2,-0.115877,-0.071026,-0.060286,0.02036,Avian,N2
1770_A/chicken/Eastern_Ch,A/chicken/Eastern_China/QY5/2018_H5N2,-0.115068,-0.081711,-0.058384,0.016094,Avian,N2
1771_A/chicken/Eastern_Ch,A/chicken/Eastern_China/ZG16/2010_H5N1,-0.008905,-0.061039,0.039775,-0.027524,Avian,N1
1772_A/chicken/Eastern_Ch,A/chicken/Eastern_China/ZG56/2011_H5N1,-0.008244,-0.041178,0.02013,-0.016464,Avian,N1
1773_A/chicken/Fujian/1/2,A/chicken/Fujian/1/2007_H5N1,0.015665,-0.049321,0.014083,-0.043377,Avian,N1
1774_A/chicken/Fujian/11.,A/chicken/Fujian/11.23_FZHX0007-O/2017_H5N6,0.054146,0.026954,-0.016181,0.042105,Avian,N6
1775_A/chicken/GY/a451/20,A/chicken/GY/a451/2015_H5N2,0.018508,-0.051738,-0.176183,-0.013376,Avian,N2
1776_A/chicken/Gansu/5/20,A/chicken/Gansu/5/2012_H5N1,-0.060872,0.000909,0.026221,-0.002573,Avian,N1
1777_A/chicken/Gansu/6/20,A/chicken/Gansu/6/2012_H5N1,-0.059001,-0.012605,0.035098,-0.003967,Avian,N1
1778_A/chicken/Ganzhou/GZ,A/chicken/Ganzhou/GZ27/2015_H5N6,0.055796,0.037923,0.027942,0.003666,Avian,N6
1779_A/chicken/Guangdong/,A/chicken/Guangdong/1/2005_H5N1,-0.088772,-0.032571,-0.116842,0.045464,Avian,N1
1780_A/chicken/Guangdong/,A/chicken/Guangdong/GD1602/2016_H5N6,-0.116102,-0.047827,-0.076132,0.009767,Avian,N6
1781_A/chicken/Guangxi/16,A/chicken/Guangxi/16/2019_H5N6,0.098782,0.030012,0.010767,0.009807,Avian,N6
1782_A/chicken/Guangxi/S2,A/chicken/Guangxi/S2039/2009_H5N1,0.045261,-0.007527,0.004691,-0.024158,Avian,N1
1783_A/chicken/Guizhou/7/,A/chicken/Guizhou/7/2008_H5N1,-0.026755,-0.025966,-0.026764,-0.025895,Avian,N1
1784_A/chicken/Hebei/1102,A/chicken/Hebei/1102-MA/2010_H5N2,-0.065482,-0.045894,-0.030564,0.012131,Avian,N2
1785_A/chicken/Hebei/1102,A/chicken/Hebei/1102/2010_H5N2,-0.065991,-0.053082,-0.027277,0.011083,Avian,N2
1786_A/chicken/Hebei/3/20,A/chicken/Hebei/3/2013_H5N2,-0.030046,-0.081049,-0.059537,-0.018321,Avian,N2
1787_A/chicken/Hebei/A-8/,A/chicken/Hebei/A-8/2009_H5N1,-0.079899,0.007221,0.005981,-0.007581,Avian,N1
1788_A/chicken/Heilongjia,A/chicken/Heilongjiang/S7/2014_H5N2,0.068275,0.039706,0.011078,-0.006493,Avian,N2
1789_A/chicken/Henan/A-7/,A/chicken/Henan/A-7/2006_H5N1,-0.056311,0.027355,0.014104,-0.015976,Avian,N1
1790_A/chicken/Henan/Q7/2,A/chicken/Henan/Q7/2013_H5N2,-0.042727,-0.088021,-0.024001,-0.003676,Avian,N2
1791_A/chicken/Henan/YB05,A/chicken/Henan/YB0597/2016_H5N6,-0.129479,-0.050149,-0.094828,0.006311,Avian,N6
1792_A/chicken/Hsinchu/16,A/chicken/Hsinchu/16080004-2/2016_H5N2,-0.134884,0.075373,0.030114,-0.052568,Avian,N2
1793_A/chicken/Huadong/4/,A/chicken/Huadong/4/2008_H5N1,-0.097277,0.021476,0.021852,-0.036029,Avian,N1
1794_A/chicken/Hubei/2856,A/chicken/Hubei/2856/2007_H5N1,-0.007168,-0.085468,0.04088,-0.034538,Avian,N1
1795_A/chicken/Hubei/ZYSJ,A/chicken/Hubei/ZYSJF11/2016_H5N6,-0.122741,-0.051822,-0.085386,0.01137,Avian,N6
1796_A/chicken/Hubei/ZYSJ,A/chicken/Hubei/ZYSJF16/2016_H5N6,-0.122741,-0.051822,-0.085386,0.01137,Avian,N6
1797_A/chicken/Hubei/ZYSJ,A/chicken/Hubei/ZYSJF38/2016_H5N6,-0.122741,-0.051822,-0.085386,0.01137,Avian,N6
1798_A/chicken/Hunan/02.0,A/chicken/Hunan/02.06_YYGK37J3-OC/2018_H5N6,0.093983,0.083996,-0.086367,-0.005291,Avian,N6
1799_A/chicken/Hunan/03.0,A/chicken/Hunan/03.07_YYGK74L3-OC/2018_H5N6,-0.122341,-0.018426,-0.063661,-0.002585,Avian,N6
1800_A/chicken/Hunan/12.2,A/chicken/Hunan/12.27_YYGK55J2-O/2016_H5N6,0.085132,0.011069,0.018862,0.030892,Avian,N6
1801_A/chicken/Hunan/12.2,A/chicken/Hunan/12.27_YYGKK148-OC/2016_H5N6,0.053235,0.040539,0.003265,0.036749,Avian,N6
1802_A/chicken/Hunan/1793,A/chicken/Hunan/1793/2007_H5N1,-0.096561,-0.013671,-0.091248,0.041472,Avian,N1
1803_A/chicken/Hunan/21/2,A/chicken/Hunan/21/2005_H5N1,-0.004506,-0.048008,0.019205,-0.048548,Avian,N1
1804_A/chicken/Hunan/3/20,A/chicken/Hunan/3/2007_H5N1,0.032875,-0.019774,-0.007276,-0.037859,Avian,N1
1805_A/chicken/Hunan/3157,A/chicken/Hunan/3157/2006_H5N1,0.009451,-0.041968,0.046968,-0.026415,Avian,N1
1806_A/chicken/Hunan/8/20,A/chicken/Hunan/8/2008_H5N1,-0.065555,-0.02245,0.026389,0.043802,Avian,N1
1807_A/chicken/Jiangsu/10,A/chicken/Jiangsu/1001/2013_H5N2,-0.067045,-0.11578,-0.042504,-0.014945,Avian,N2
1808_A/chicken/Jiangsu/18,A/chicken/Jiangsu/18/2008_H5N1,-0.08948,0.018979,0.023058,-0.027016,Avian,N1
1809_A/chicken/Jiangsu/24,A/chicken/Jiangsu/2477/2014_H5N1,0.050851,-0.011518,-0.007245,-0.036768,Avian,N1
1810_A/chicken/Jiangsu/92,A/chicken/Jiangsu/927/2013_H5N1,0.050906,-0.002876,0.02206,-0.016902,Avian,N1
1811_A/chicken/Jiangsu/XZ,A/chicken/Jiangsu/XZ216/2014_H5N2,-0.050832,-0.093342,-0.019466,-0.011981,Avian,N2
1812_A/chicken/Jiangsu/YB,A/chicken/Jiangsu/YB7/2015_H5N1,-0.065845,-0.042723,0.013349,0.03375,Avian,N1
1813_A/chicken/Jiangsu/k0,A/chicken/Jiangsu/k0402/2010_H5N1,-0.072852,-0.04286,0.033959,0.029666,Avian,N1
1814_A/chicken/Jiangxi/25,A/chicken/Jiangxi/25/2011_H5N1,0.068205,-0.02734,0.010201,-0.00027,Avian,N1
1815_A/chicken/Jiangxi/NC,A/chicken/Jiangxi/NCDZT1123/2014_H5N6,0.088303,0.035774,-0.009668,0.008588,Avian,N6
1816_A/chicken/Jiangxi/NC,A/chicken/Jiangxi/NCDZT1126/2014_H5N6,0.083085,0.026807,-0.006992,0.001328,Avian,N6
1817_A/chicken/Jiangyin/J,A/chicken/Jiangyin/JY090718/2019_H5N6,-0.094572,-0.029688,-0.029517,-0.007726,Avian,N6
1818_A/chicken/Kaohsiung/,A/chicken/Kaohsiung/16010047/2016_H5N8,0.043614,-0.087489,0.009481,-0.078869,Avian,N8
1819_A/chicken/Kaohsiung/,A/chicken/Kaohsiung/16020017-2/2016_H5N8,0.058678,-0.090922,0.0107,-0.07279,Avian,N8
1820_A/chicken/Kaohsiung/,A/chicken/Kaohsiung/16040021-1/2016_H5N8,0.065284,-0.09433,0.019989,-0.075666,Avian,N8
1821_A/chicken/Kaohsiung/,A/chicken/Kaohsiung/16070003/2016_H5N8,0.061182,-0.101209,0.008745,-0.081626,Avian,N8
1822_A/chicken/Kaohsiung/,A/chicken/Kaohsiung/16120012/2016_H5N8,0.066281,-0.077704,0.000096,-0.07567,Avian,N8
1823_A/chicken/Kaohsiung/,A/chicken/Kaohsiung/16MB0889/2016_H5N8,0.065284,-0.09433,0.019989,-0.075666,Avian,N8
1824_A/chicken/Kaohsiung/,A/chicken/Kaohsiung/17030023/2017_H5N8,0.071977,-0.099942,0.008723,-0.082013,Avian,N8
1825_A/chicken/Kaohsiung/,A/chicken/Kaohsiung/17040007/2017_H5N2,-0.140625,0.06541,0.008755,-0.064196,Avian,N2
1826_A/chicken/Kaohsiung/,A/chicken/Kaohsiung/17100002/2017_H5N2,-0.116624,0.093344,-0.017053,-0.064807,Avian,N2
1827_A/chicken/Kaohsiung/,A/chicken/Kaohsiung/18080004-1/2018_H5N2,-0.119105,-0.02991,-0.010813,0.014627,Avian,N2
1828_A/chicken/Kaohsiung/,A/chicken/Kaohsiung/18080004-2/2018_H5N2,-0.126864,-0.028507,-0.012622,0.013768,Avian,N2
1829_A/chicken/Liaoning/2,A/chicken/Liaoning/23/2005_H5N1,-0.067458,-0.020036,-0.153841,0.040312,Avian,N1
1830_A/chicken/Liaoning/A,A/chicken/Liaoning/A-1/2007_H5N1,-0.077141,0.01412,0.001336,-0.012703,Avian,N1
1831_A/chicken/Liaoning/S,A/chicken/Liaoning/S4092/2011_H5N1,-0.048132,-0.010194,0.026109,-0.007955,Avian,N1
1832_A/chicken/Miaoli/150,A/chicken/Miaoli/15010421-1/2015_H5N8,0.08054,-0.099476,0.018895,-0.084107,Avian,N8
1833_A/chicken/Nantou/161,A/chicken/Nantou/16110023-1/2016_H5N8,0.050996,-0.097421,-0.000552,-0.060028,Avian,N8
1834_A/chicken/New_Taipei,A/chicken/New_Taipei_City/16110019-1/2016_H5N8,0.075741,-0.099288,0.008863,-0.086437,Avian,N8
1835_A/chicken/New_Taipei,A/chicken/New_Taipei_City/16110020-2/2016_H5N8,0.075789,-0.102782,0.012284,-0.091387,Avian,N8
1836_A/chicken/New_Taipei,A/chicken/New_Taipei_City/17040002-2/2017_H5N2,-0.145779,0.070094,0.004096,-0.062497,Avian,N2
1837_A/chicken/New_Taipei,A/chicken/New_Taipei_City/17050004-2/2017_H5N8,0.045958,-0.100535,0.026712,-0.071032,Avian,N8
1838_A/chicken/New_Taipei,A/chicken/New_Taipei_City/17090001/2017_H5N8,0.037401,-0.101583,0.018141,-0.072221,Avian,N8
1839_A/chicken/New_Taipei,A/chicken/New_Taipei_City/17090002/2017_H5N8,0.041972,-0.106936,0.019039,-0.082849,Avian,N8
1840_A/chicken/New_Taipei,A/chicken/New_Taipei_City/17090003/2017_H5N8,0.040888,-0.102852,0.01823,-0.075315,Avian,N8
1841_A/chicken/New_Taipei,A/chicken/New_Taipei_City/18010021-3/2018_H5N2,-0.14894,0.074695,-0.014536,-0.060276,Avian,N2
1842_A/chicken/Ningxia/2/,A/chicken/Ningxia/2/2012_H5N1,-0.058046,0.004516,0.028178,-0.005096,Avian,N1
1843_A/chicken/Ningxia/22,A/chicken/Ningxia/222/2012_H5N1,-0.058046,0.004516,0.028178,-0.005096,Avian,N1
1844_A/chicken/Ningxia/24,A/chicken/Ningxia/24/2006_H5N1,-0.066599,0.010145,0.007272,-0.017727,Avian,N1
1845_A/chicken/North_Chin,A/chicken/North_China/k0604/2010_H5N1,-0.000693,-0.050091,0.033085,-0.020403,Avian,N1
1846_A/chicken/PH/A2821/2,A/chicken/PH/A2821/2013_H5N2,0.036529,-0.009211,-0.167098,-0.029503,Avian,N2
1847_A/chicken/PT/a158/20,A/chicken/PT/a158/2015_H5N2,0.033102,-0.046476,-0.178755,-0.017495,Avian,N2
1848_A/chicken/Pingtung/1,A/chicken/Pingtung/15050006-1/2015_H5N2,-0.12601,0.06053,0.018171,-0.05183,Avian,N2
1849_A/chicken/Pingtung/1,A/chicken/Pingtung/16020009-3/2016_H5N2,-0.118703,0.052276,0.020516,-0.044504,Avian,N2
1850_A/chicken/Pingtung/1,A/chicken/Pingtung/18010017-1/2018_H5N2,-0.140117,0.063589,-0.000961,-0.06183,Avian,N2
1851_A/chicken/Pingtung/1,A/chicken/Pingtung/18020015-1/2018_H5N2,-0.140142,0.082373,-0.015987,-0.066017,Avian,N2
1852_A/chicken/Qingdao/1/,A/chicken/Qingdao/1/2014_H5N2,-0.065269,-0.074094,-0.013389,-0.017087,Avian,N2
1853_A/chicken/SC/a688/20,A/chicken/SC/a688/2015_H5N2,0.032681,-0.051424,-0.165641,-0.023875,Avian,N2
1854_A/chicken/Shandong/A,A/chicken/Shandong/A-10/2006_H5N1,-0.088834,0.004195,-0.031305,-0.023511,Avian,N1
1855_A/chicken/Shandong/S,A/chicken/Shandong/S3/2014_H5N2,-0.067211,-0.076211,-0.015291,-0.020097,Avian,N2
1856_A/chicken/Shantou/37,A/chicken/Shantou/3744/2003_H5N1,-0.074166,0.002062,0.019984,-0.029923,Avian,N1
1857_A/chicken/Shanxi/04.,A/chicken/Shanxi/04.28_TGRL001-O/2018_H5N6,0.090744,0.044967,-0.032232,0.023322,Avian,N6
1858_A/chicken/Shanxi/10/,A/chicken/Shanxi/10/2006_H5N1,-0.08199,0.02023,-0.00193,-0.006789,Avian,N1
1859_A/chicken/Shanxi/12.,A/chicken/Shanxi/12.01_TGYL014-C/2016_H5N6,0.080397,0.040593,0.011153,0.014196,Avian,N6
1860_A/chicken/Sheny/0606,A/chicken/Sheny/0606/2008_H5N1,-0.07405,-0.012764,0.024099,-0.028318,Avian,N1
1861_A/chicken/Shenzhen/1,A/chicken/Shenzhen/1061/2013_H5N6,0.072805,0.026985,0.017507,0.007564,Avian,N6
1862_A/chicken/Shenzhen/1,A/chicken/Shenzhen/1845/2013_H5N6,0.063603,0.024292,0.00759,0.021585,Avian,N6
1863_A/chicken/Shenzhen/2,A/chicken/Shenzhen/2269/2013_H5N6,0.078687,0.054895,0.003014,-0.006646,Avian,N6
1864_A/chicken/Shenzhen/2,A/chicken/Shenzhen/2396/2013_H5N6,0.080343,0.04359,0.012652,-0.008301,Avian,N6
1865_A/chicken/Shenzhen/2,A/chicken/Shenzhen/2464/2013_H5N6,0.074659,0.03784,0.015751,-0.003612,Avian,N6
1866_A/chicken/Shenzhen/4,A/chicken/Shenzhen/433/2013_H5N6,0.074202,0.039434,0.00584,0.0125,Avian,N6
1867_A/chicken/Shenzhen/5,A/chicken/Shenzhen/552/2013_H5N6,0.077965,0.048129,0.014352,-0.005671,Avian,N6
1868_A/chicken/Shenzhen/7,A/chicken/Shenzhen/715/2013_H5N6,0.074202,0.039434,0.00584,0.0125,Avian,N6
1869_A/chicken/Shijiazhua,A/chicken/Shijiazhuang/1209/2013_H5N2,-0.07369,-0.07733,-0.0607,0.013821,Avian,N2
1870_A/chicken/Sichuan/81,A/chicken/Sichuan/81/2005_H5N1,0.001397,-0.052294,0.030993,-0.031857,Avian,N1
1871_A/chicken/Sichuan/NC,A/chicken/Sichuan/NCJPL1/2014_H5N6,0.05744,0.022577,0.003094,0.027838,Avian,N6
1872_A/chicken/Sichuan/k1,A/chicken/Sichuan/k141/2017_H5N6,0.076644,0.045506,-0.021935,-0.006952,Avian,N6
1873_A/chicken/TC/a504/20,A/chicken/TC/a504/2015_H5N2,0.02998,-0.040888,-0.170419,-0.012029,Avian,N2
1874_A/chicken/TY/a665/20,A/chicken/TY/a665/2015_H5N2,0.020455,-0.040532,-0.164033,-0.010858,Avian,N2
1875_A/chicken/Taichung/1,A/chicken/Taichung/15010399/2015_H5N2,-0.126731,0.060436,0.021183,-0.050503,Avian,N2
1876_A/chicken/Taichung/1,A/chicken/Taichung/16040032-3/2016_H5N2,-0.117073,0.071481,0.014173,-0.044129,Avian,N2
1877_A/chicken/Taichung/1,A/chicken/Taichung/16050044-2/2016_H5N2,-0.128144,0.071546,0.022223,-0.041617,Avian,N2
1878_A/chicken/Taichung/1,A/chicken/Taichung/16110017-3/2016_H5N8,-0.029889,-0.026087,0.020287,0.015463,Avian,N8
1879_A/chicken/Tainan/150,A/chicken/Tainan/15020214/2015_H5N8,0.072337,-0.099873,0.019823,-0.07663,Avian,N8
1880_A/chicken/Tainan/160,A/chicken/Tainan/16040035-1/2016_H5N2,-0.131727,0.06924,0.02011,-0.055142,Avian,N2
1881_A/chicken/Tainan/170,A/chicken/Tainan/17030058-1/2017_H5N8,0.07539,-0.101214,-0.004253,-0.070678,Avian,N8
1882_A/chicken/Taipei_Cit,A/chicken/Taipei_City/17090004/2017_H5N8,0.040888,-0.102852,0.01823,-0.075315,Avian,N8
1883_A/chicken/Taipei_Cit,A/chicken/Taipei_City/18010007-3/2018_H5N2,-0.129133,0.085921,-0.020102,-0.060889,Avian,N2
1884_A/chicken/Taipei_Cit,A/chicken/Taipei_City/18010008-3/2018_H5N2,-0.128173,0.097115,-0.025948,-0.080241,Avian,N2
1885_A/chicken/Taipei/160,A/chicken/Taipei/16060022-4/2016_H5N8,0.054199,-0.093108,-0.002652,-0.085692,Avian,N8
1886_A/chicken/Taipei/160,A/chicken/Taipei/16060023-1/2016_H5N8,0.055633,-0.088542,-0.005626,-0.08663,Avian,N8
1887_A/chicken/Taipei/161,A/chicken/Taipei/16120021/2016_H5N8,0.061046,-0.076617,0.018298,-0.072582,Avian,N8
1888_A/chicken/Taipei/170,A/chicken/Taipei/17050005-1/2017_H5N8,0.044784,-0.097977,0.021297,-0.075555,Avian,N8
1889_A/chicken/Taipei/170,A/chicken/Taipei/17050008-3/2017_H5N8,0.038905,-0.099845,0.023288,-0.071125,Avian,N8
1890_A/chicken/Taipei/170,A/chicken/Taipei/17050009-3/2017_H5N8,0.043072,-0.099064,0.021736,-0.073211,Avian,N8
1891_A/chicken/Taishun/TS,A/chicken/Taishun/TS2/2016_H5N6,-0.09099,-0.077525,-0.082348,0.028956,Avian,N6
1892_A/chicken/Taishun/TS,A/chicken/Taishun/TS90/2016_H5N6,-0.121307,-0.062234,-0.104365,0.017818,Avian,N6
1893_A/chicken/Taiwan/010,A/chicken/Taiwan/0101/2012_H5N2,0.009886,-0.048387,-0.128722,-0.02396,Avian,N2
1894_A/chicken/Taiwan/011,A/chicken/Taiwan/01174/2015_H5N3,0.07781,-0.102535,0.018294,-0.082593,Avian,Others
1895_A/chicken/Taiwan/050,A/chicken/Taiwan/0502/2012_H5N2,0.032917,-0.02302,-0.168486,-0.029389,Avian,N2
1896_A/chicken/Taiwan/168,A/chicken/Taiwan/1682/2013_H5N2,-0.006314,-0.059804,-0.085124,0.039591,Avian,N2
1897_A/chicken/Taiwan/169,A/chicken/Taiwan/1692/2013_H5N2,-0.008374,-0.058488,-0.091274,0.032916,Avian,N2
1898_A/chicken/Taiwan/170,A/chicken/Taiwan/1704/2013_H5N2,-0.008578,-0.060187,-0.089598,0.03219,Avian,N2
1899_A/chicken/Taiwan/171,A/chicken/Taiwan/1711/2013_H5N2,-0.008374,-0.058488,-0.091274,0.032916,Avian,N2
1900_A/chicken/Taiwan/259,A/chicken/Taiwan/2593/2012_H5N2,0.03696,-0.038288,-0.166914,-0.027192,Avian,N2
1901_A/chicken/Taiwan/294,A/chicken/Taiwan/2948/2013_H5N2,0.030708,-0.049244,-0.168589,-0.021764,Avian,N2
1902_A/chicken/Taiwan/444,A/chicken/Taiwan/4443/2013_H5N2,0.026693,-0.038609,-0.171854,-0.026286,Avian,N2
1903_A/chicken/Taiwan/683,A/chicken/Taiwan/683/2012_H5N2,0.043866,-0.032473,-0.167043,-0.019673,Avian,N2
1904_A/chicken/Taiwan/735,A/chicken/Taiwan/7350/2013_H5N2,0.032455,-0.029855,-0.178128,-0.028339,Avian,N2
1905_A/chicken/Taiwan/898,A/chicken/Taiwan/8988/2013_H5N2,0.031209,-0.042265,-0.169381,-0.030585,Avian,N2
1906_A/chicken/Taiwan/899,A/chicken/Taiwan/8994/2013_H5N2,0.031209,-0.042265,-0.169381,-0.030585,Avian,N2
1907_A/chicken/Taiwan/899,A/chicken/Taiwan/8996/2013_H5N2,0.031209,-0.042265,-0.169381,-0.030585,Avian,N2
1908_A/chicken/Taiwan/A1/,A/chicken/Taiwan/A1/2019_H5N2,0.045091,-0.059268,-0.16614,-0.028024,Avian,N2
1909_A/chicken/Taiwan/A19,A/chicken/Taiwan/A1997/2012_H5N2,-0.00367,-0.051566,-0.15504,0.033219,Avian,N2
1910_A/chicken/Taiwan/D2/,A/chicken/Taiwan/D2/2019_H5N2,-0.125373,-0.026046,-0.016402,0.027009,Avian,N2
1911_A/chicken/Taiwan/D9/,A/chicken/Taiwan/D9/2019_H5N2,-0.126812,-0.025127,-0.016091,0.028403,Avian,N2
1912_A/chicken/Tibet/LZ01,A/chicken/Tibet/LZ01/2010_H5N2,-0.09974,-0.066214,-0.056279,-0.00828,Avian,N2
1913_A/chicken/Wuhan/HAQL,A/chicken/Wuhan/HAQL07/2014_H5N1,-0.068236,-0.036743,0.021814,0.031367,Avian,N1
1914_A/chicken/Wuhan/HAQL,A/chicken/Wuhan/HAQL16/2014_H5N1,-0.068236,-0.036743,0.021814,0.031367,Avian,N1
1915_A/chicken/Wuhan/WHJF,A/chicken/Wuhan/WHJF/2014_H5N2,-0.040816,-0.032812,0.013233,0.016335,Avian,N2
1916_A/chicken/Wuhan/WHYJ,A/chicken/Wuhan/WHYJ01/2015_H5N6,0.078555,0.044864,-0.002436,-0.000602,Avian,N6
1917_A/chicken/Wuxi/WX-32,A/chicken/Wuxi/WX-32/2013_H5N1,0.059956,0.010754,-0.004265,-0.023938,Avian,N1
1918_A/chicken/Wuxi/WX-33,A/chicken/Wuxi/WX-33/2013_H5N1,0.061475,0.013016,-0.000887,-0.027058,Avian,N1
1919_A/chicken/Xinjiang/1,A/chicken/Xinjiang/17/2005_H5N1,-0.054464,0.022441,0.013725,-0.030066,Avian,N1
1920_A/chicken/Xinjiang/2,A/chicken/Xinjiang/27/2006_H5N1,-0.112253,0.019844,0.011292,-0.023206,Avian,N1
1921_A/chicken/Xinjiang/5,A/chicken/Xinjiang/53/2005_H5N1,-0.109971,0.006446,0.023516,-0.018884,Avian,N1
1922_A/chicken/Xinjiang/5,A/chicken/Xinjiang/54/2005_H5N1,-0.064834,0.022455,0.017467,-0.029616,Avian,N1
1923_A/chicken/Xinjiang/6,A/chicken/Xinjiang/67/2005_H5N1,-0.118057,0.005042,0.020742,-0.01614,Avian,N1
1924_A/chicken/Xinjiang/6,A/chicken/Xinjiang/68/2005_H5N1,-0.070126,0.002107,0.043049,-0.017563,Avian,N1
1925_A/chicken/Xuzhou/XZ6,A/chicken/Xuzhou/XZ6/2016_H5N6,0.072712,0.027,-0.014034,0.005679,Avian,N6
1926_A/chicken/YL/A3190/2,A/chicken/YL/A3190/2014_H5N2,0.042804,-0.007084,-0.205037,-0.034093,Avian,N2
1927_A/chicken/Yangzhou/Y,A/chicken/Yangzhou/YD1/2014_H5N6,0.07261,0.030746,0.001947,0.009161,Avian,N6
1928_A/chicken/Yuhang/1/2,A/chicken/Yuhang/1/2013_H5N9,-0.095632,-0.026204,0.040573,0.022852,Avian,Others
1929_A/chicken/Yuhang/2/2,A/chicken/Yuhang/2/2013_H5N9,-0.095632,-0.026204,0.040573,0.022852,Avian,Others
1930_A/chicken/Yunlin/150,A/chicken/Yunlin/15020048-1/2015_H5N2,-0.125347,0.063695,0.023142,-0.047507,Avian,N2
1931_A/chicken/Yunlin/150,A/chicken/Yunlin/15040002-2/2015_H5N2,-0.121253,0.072678,0.009016,-0.058843,Avian,N2
1932_A/chicken/Yunlin/150,A/chicken/Yunlin/15040027/2015_H5N2,-0.124832,0.069971,0.00053,-0.055995,Avian,N2
1933_A/chicken/Yunlin/150,A/chicken/Yunlin/15050012/2015_H5N8,0.078035,-0.102783,0.017163,-0.081012,Avian,N8
1934_A/chicken/Yunlin/150,A/chicken/Yunlin/15050037-2/2015_H5N2,-0.125736,0.067916,0.009148,-0.061276,Avian,N2
1935_A/chicken/Yunlin/150,A/chicken/Yunlin/15050039-2/2015_H5N2,-0.129892,0.070639,0.000331,-0.048211,Avian,N2
1936_A/chicken/Yunlin/150,A/chicken/Yunlin/15060014-1/2015_H5N2,-0.126723,0.072016,0.007096,-0.067085,Avian,N2
1937_A/chicken/Yunlin/150,A/chicken/Yunlin/15080024/2015_H5N2,-0.120282,0.068045,0.023786,-0.048072,Avian,N2
1938_A/chicken/Yunlin/160,A/chicken/Yunlin/16010001-1/2016_H5N2,-0.145474,0.075164,0.029501,-0.055136,Avian,N2
1939_A/chicken/Yunlin/160,A/chicken/Yunlin/16010008-1/2016_H5N2,-0.112607,0.056083,0.028739,-0.052709,Avian,N2
1940_A/chicken/Yunlin/160,A/chicken/Yunlin/16020038/2016_H5N8,0.056298,-0.097415,0.029392,-0.060688,Avian,N8
1941_A/chicken/Yunlin/160,A/chicken/Yunlin/16050053/2016_H5N2,-0.116885,0.070099,0.013436,-0.045041,Avian,N2
1942_A/chicken/Yunlin/170,A/chicken/Yunlin/17010001/2017_H5N8,0.05856,-0.090616,0.009742,-0.062936,Avian,N8
1943_A/chicken/Yunlin/170,A/chicken/Yunlin/17010014/2017_H5N2,-0.150611,0.080641,-0.015207,-0.068873,Avian,N2
1944_A/chicken/Yunlin/170,A/chicken/Yunlin/17020094-1/2017_H5N2,-0.142159,0.062709,-0.001641,-0.061641,Avian,N2
1945_A/chicken/Yunlin/170,A/chicken/Yunlin/17020095-2/2017_H5N2,-0.126186,0.061736,0.017025,-0.051396,Avian,N2
1946_A/chicken/Yunlin/170,A/chicken/Yunlin/17030001-1/2017_H5N2,-0.146243,0.082563,-0.014129,-0.074758,Avian,N2
1947_A/chicken/Yunlin/170,A/chicken/Yunlin/17030007-1/2017_H5N2,-0.139475,0.062934,0.020956,-0.036117,Avian,N2
1948_A/chicken/Yunlin/170,A/chicken/Yunlin/17030010-1/2017_H5N2,-0.145779,0.070094,0.004096,-0.062497,Avian,N2
1949_A/chicken/Yunlin/170,A/chicken/Yunlin/17030014-1/2017_H5N2,-0.143867,0.067458,-0.009491,-0.080853,Avian,N2
1950_A/chicken/Yunlin/170,A/chicken/Yunlin/17030020-2/2017_H5N2,-0.138802,0.063309,0.01373,-0.064991,Avian,N2
1951_A/chicken/Yunlin/170,A/chicken/Yunlin/17030021-1/2017_H5N2,-0.143004,0.074654,-0.003138,-0.0747,Avian,N2
1952_A/chicken/Yunlin/170,A/chicken/Yunlin/17030032-2/2017_H5N2,-0.127302,0.072812,0.012536,-0.0575,Avian,N2
1953_A/chicken/Yunlin/170,A/chicken/Yunlin/17030065-2/2017_H5N2,-0.140334,0.058819,0.028513,-0.048966,Avian,N2
1954_A/chicken/Yunlin/170,A/chicken/Yunlin/17040003-1/2017_H5N2,-0.137223,0.061661,0.020217,-0.039543,Avian,N2
1955_A/chicken/Yunlin/170,A/chicken/Yunlin/17040004-2/2017_H5N2,-0.133039,0.085748,-0.02886,-0.071644,Avian,N2
1956_A/chicken/Yunlin/170,A/chicken/Yunlin/17040011-1/2017_H5N2,-0.141775,0.074246,-0.019029,-0.076366,Avian,N2
1957_A/chicken/Yunlin/170,A/chicken/Yunlin/17060019/2017_H5N2,-0.132899,0.074889,-0.005125,-0.059929,Avian,N2
1958_A/chicken/Yunlin/170,A/chicken/Yunlin/17070010/2017_H5N2,-0.142767,0.08065,-0.018938,-0.067012,Avian,N2
1959_A/chicken/Yunlin/180,A/chicken/Yunlin/18010001-2/2018_H5N2,-0.142691,0.088907,0.00372,-0.068803,Avian,N2
1960_A/chicken/Yunlin/180,A/chicken/Yunlin/18010023-1/2018_H5N2,-0.142513,0.080561,-0.013952,-0.07358,Avian,N2
1961_A/chicken/Yunlin/180,A/chicken/Yunlin/18020003-2/2018_H5N2,-0.135788,0.099403,-0.021541,-0.080683,Avian,N2
1962_A/chicken/Yunlin/180,A/chicken/Yunlin/18020004-1/2018_H5N2,-0.13577,0.09853,-0.022168,-0.081073,Avian,N2
1963_A/chicken/Yunlin/180,A/chicken/Yunlin/18020005-2/2018_H5N2,-0.135971,0.100748,-0.020824,-0.079795,Avian,N2
1964_A/chicken/Yunlin/180,A/chicken/Yunlin/18020008-2/2018_H5N2,-0.134488,0.083629,-0.013436,-0.080301,Avian,N2
1965_A/chicken/Yunlin/180,A/chicken/Yunlin/18030002-1/2018_H5N2,-0.136588,0.097534,-0.023976,-0.082143,Avian,N2
1966_A/chicken/Yunlin/180,A/chicken/Yunlin/18050013-1/2018_H5N2,-0.125846,0.100094,-0.019357,-0.084598,Avian,N2
1967_A/chicken/Yunlin/180,A/chicken/Yunlin/18060001-2/2018_H5N2,-0.12802,0.103033,-0.018393,-0.090449,Avian,N2
1968_A/chicken/Yunlin/180,A/chicken/Yunlin/18080006-1/2018_H5N2,-0.142489,0.089712,0.001606,-0.073516,Avian,N2
1969_A/chicken/Yunnan/1/2,A/chicken/Yunnan/1/2014_H5N1,0.079398,0.041547,0.015342,0.015575,Avian,N1
1970_A/chicken/Yunnan/207,A/chicken/Yunnan/207/2004_H5N1,-0.072387,-0.031155,-0.131247,0.007997,Avian,N1
1971_A/chicken/Yunnan/568,A/chicken/Yunnan/5686/2003_H5N1,-0.073177,-0.028938,-0.119896,0.004503,Avian,N1
1972_A/chicken/Yunnan/679,A/chicken/Yunnan/6797/2003_H5N1,-0.083863,-0.026039,-0.114657,0.006914,Avian,N1
1973_A/chicken/Yunnan/688,A/chicken/Yunnan/6885/2003_H5N1,-0.078627,-0.032714,-0.124891,0.005787,Avian,N1
1974_A/chicken/Zhejiang/1,A/chicken/Zhejiang/102637/2016_H5N6,0.076341,0.034995,-0.038023,0.025531,Avian,N6
1975_A/chicken/Zhejiang/1,A/chicken/Zhejiang/13160/2016_H5N6,-0.144584,-0.083351,-0.076523,0.035458,Avian,N6
1976_A/chicken/Zhejiang/1,A/chicken/Zhejiang/194/2016_H5N2,-0.060278,-0.105529,-0.031867,0.001332,Avian,N2
1977_A/chicken/Zhejiang/2,A/chicken/Zhejiang/209/2016_H5N2,-0.030548,-0.103204,-0.0339,0.027302,Avian,N2
1978_A/chicken/Zhejiang/2,A/chicken/Zhejiang/217/2016_H5N2,-0.060278,-0.105529,-0.031867,0.001332,Avian,N2
1979_A/chicken/Zhejiang/2,A/chicken/Zhejiang/232/2016_H5N2,-0.048151,-0.08945,-0.048734,0.036612,Avian,N2
1980_A/chicken/Zhejiang/5,A/chicken/Zhejiang/514135/2015_H5N2,-0.098634,-0.056037,-0.064816,-0.009207,Avian,N2
1981_A/chicken/Zhejiang/5,A/chicken/Zhejiang/528127/2016_H5N6,0.082929,0.044777,-0.037288,0.023491,Avian,N6
1982_A/chicken/Zhejiang/6,A/chicken/Zhejiang/6107/2016_H5N6,-0.120605,-0.058843,-0.084452,0.017847,Avian,N6
1983_A/chicken/Zhejiang/6,A/chicken/Zhejiang/6C2/2013_H5N6,0.061762,0.021151,0.01269,0.021039,Avian,N6
1984_A/chicken/Zhejiang/7,A/chicken/Zhejiang/727022/2014_H5N6,0.070564,0.041401,0.013186,-0.008758,Avian,N6
1985_A/chicken/Zhejiang/7,A/chicken/Zhejiang/727026/2014_H5N6,0.068379,0.037613,0.00968,-0.010861,Avian,N6
1986_A/chicken/Zhejiang/7,A/chicken/Zhejiang/727079/2014_H5N2,-0.140759,-0.075441,-0.072213,0.037238,Avian,N2
1987_A/chicken/Zhejiang/7,A/chicken/Zhejiang/727155/2014_H5N6,0.072703,0.042075,0.013883,-0.011372,Avian,N6
1988_A/chicken/Zhejiang/7,A/chicken/Zhejiang/727159/2014_H5N2,0.016265,0.053701,-0.006069,-0.004268,Avian,N2
1989_A/chicken/Zhejiang/7,A/chicken/Zhejiang/7450/2015_H5N2,-0.00537,-0.05124,-0.043964,0.006771,Avian,N2
1990_A/chicken/Zhejiang/8,A/chicken/Zhejiang/81643/2015_H5N2,0.009416,-0.043382,-0.03911,0.007783,Avian,N2
1991_A/common_mallard/Nin,A/common_mallard/Ningxia/YG71/2017_H5N6,-0.062943,0.023626,-0.02131,0.022137,Avian,N6
1992_A/condor/Guangdong/1,A/condor/Guangdong/139/2003_H5N1,-0.005279,-0.006248,-0.109205,0.047691,Avian,N1
1993_A/domestic_green-win,A/domestic_green-winged_teal/Hunan/3450/2006_H5N1,-0.057172,-0.024188,0.006763,0.004185,Avian,N1
1994_A/duck/Anhui/56/2005,A/duck/Anhui/56/2005_H5N1,-0.08404,-0.028795,-0.108414,0.041164,Avian,N1
1995_A/duck/Anhui/S4/2016,A/duck/Anhui/S4/2016_H5N6,0.088043,0.010206,-0.004082,0.015941,Avian,N6
1996_A/duck/Changhua/15A0,A/duck/Changhua/15A03431-1-20T/2015_H5N2,-0.128372,0.060458,0.022324,-0.051299,Avian,N2
1997_A/duck/Changhua/15A0,A/duck/Changhua/15A03473-1-20T/2015_H5N2,-0.12289,0.059919,0.019845,-0.040623,Avian,N2
1998_A/duck/Chiayi/150800,A/duck/Chiayi/15080023/2015_H5N8,0.066558,-0.099993,0.02006,-0.07389,Avian,N8
1999_A/duck/China/0935/20,A/duck/China/0935/2017_H5N1,0.084883,-0.014433,-0.012897,-0.021305,Avian,N1
2000_A/duck/China/0936/20,A/duck/China/0936/2017_H5N6,0.070166,0.053706,0.001254,0.041166,Avian,N6
2001_A/duck/China/0938/20,A/duck/China/0938/2017_H5N6,0.084883,-0.014433,-0.012897,-0.021305,Avian,N6
2002_A/duck/China/1033/20,A/duck/China/1033/2017_H5N1,0.084883,-0.014433,-0.012897,-0.021305,Avian,N1
2003_A/duck/China/E26/201,A/duck/China/E26/2012_H5N1,-0.065458,-0.04419,0.018459,0.01786,Avian,N1
2004_A/duck/China/E53/201,A/duck/China/E53/2012_H5N1,0.047515,0.012471,-0.008743,-0.022964,Avian,N1
2005_A/duck/China/YD1516/,A/duck/China/YD1516/2016_H5N2,-0.004447,-0.055101,-0.03259,0.016813,Avian,N2
2006_A/duck/Chongqing/S43,A/duck/Chongqing/S4362/2017_H5N3,-0.0842,-0.056217,0.0821,0.04231,Avian,Others
2007_A/duck/Dongguan/2685,A/duck/Dongguan/2685/2013_H5N6,0.082497,0.040932,0.002922,0.019886,Avian,N6
2008_A/duck/Eastern_China,A/duck/Eastern_China/008/2008_H5N5,-0.081166,-0.023183,0.050908,0.014823,Avian,Others
2009_A/duck/Eastern_China,A/duck/Eastern_China/031/2009_H5N5,0.018317,-0.088912,0.001514,-0.047273,Avian,Others
2010_A/duck/Eastern_China,A/duck/Eastern_China/057/2007_H5N1,0.008067,-0.068162,0.014051,-0.039832,Avian,N1
2011_A/duck/Eastern_China,A/duck/Eastern_China/108/2008_H5N1,0.025088,-0.082245,0.007202,-0.051592,Avian,N1
2012_A/duck/Eastern_China,A/duck/Eastern_China/1111/2011_H5N2,0.059019,-0.08968,0.008918,-0.05083,Avian,N2
2013_A/duck/Eastern_China,A/duck/Eastern_China/909/2009_H5N1,-0.034025,-0.049278,-0.018366,0.005631,Avian,N1
2014_A/duck/Eastern_China,A/duck/Eastern_China/JY/2014_H5N8,0.049178,-0.138806,-0.008682,-0.037598,Avian,N8
2015_A/duck/Eastern_China,A/duck/Eastern_China/L0230/2010_H5N2,0.030779,-0.102993,-0.001067,-0.034651,Avian,N2
2016_A/duck/Eastern_China,A/duck/Eastern_China/L0321/2010_H5N2,0.066865,-0.098482,-0.008428,-0.055387,Avian,N2
2017_A/duck/Eastern_China,A/duck/Eastern_China/L0405/2010_H5N8,0.041823,-0.117687,0.010548,-0.032367,Avian,N8
2018_A/duck/Eastern_China,A/duck/Eastern_China/L0423/2011_H5N8,0.038346,-0.120108,0.007942,-0.033257,Avian,N8
2019_A/duck/Eastern_China,A/duck/Eastern_China/L0611/2011_H5N8,0.033048,-0.114188,0.007956,-0.026591,Avian,N8
2020_A/duck/Eastern_China,A/duck/Eastern_China/L0722/2012_H5N8,0.037025,-0.116582,0.00961,-0.036351,Avian,N8
2021_A/duck/Eastern_China,A/duck/Eastern_China/L1021/2012_H5N8,-0.007927,-0.069665,-0.013039,-0.028023,Avian,N8
2022_A/duck/Eastern_China,A/duck/Eastern_China/L1120/2012_H5N8,0.059416,-0.111399,-0.01286,-0.032551,Avian,N8
2023_A/duck/Eastern_China,A/duck/Eastern_China/S0131/2014_H5N2,0.007862,-0.054589,-0.030226,0.016332,Avian,N2
2024_A/duck/Eastern_China,A/duck/Eastern_China/S0215/2014_H5N8,0.085932,-0.06904,-0.040787,-0.016017,Avian,N8
2025_A/duck/Eastern_China,A/duck/Eastern_China/S0322/2014__H5N6,0.04336,-0.111293,-0.000076,-0.031006,Avian,N6
2026_A/duck/Eastern_China,A/duck/Eastern_China/S0711/2014_H5N6,0.067553,0.028596,0.015982,0.012839,Avian,N6
2027_A/duck/Eastern_China,A/duck/Eastern_China/S0808/2014_H5N2,0.069104,-0.083604,0.037357,-0.046513,Avian,N2
2028_A/duck/Eastern_China,A/duck/Eastern_China/S0908/2014_H5N6,0.114962,0.014067,0.012497,0.006639,Avian,N6
2029_A/duck/Eastern_China,A/duck/Eastern_China/S1109/2014_H5N8,0.038982,-0.115989,0.005922,-0.028703,Avian,N8
2030_A/duck/Eastern_China,A/duck/Eastern_China/S1210/2013_H5N8,0.048172,-0.138589,-0.003711,-0.037743,Avian,N8
2031_A/duck/Fujian/1.17_F,A/duck/Fujian/1.17_FZHX0123-C/2017_H5N6,0.03146,0.027154,-0.041582,-0.017302,Avian,N6
2032_A/duck/Fujian/10.26_,A/duck/Fujian/10.26_FZHX0002-O/2017_H5N6,0.059602,0.032445,-0.024657,0.029725,Avian,N6
2033_A/duck/Fujian/10.26_,A/duck/Fujian/10.26_FZHX0010-O/2017_H5N6,0.060203,0.026439,-0.00342,0.031751,Avian,N6
2034_A/duck/Fujian/11.23_,A/duck/Fujian/11.23_FZHX0009-C/2017_H5N6,0.017756,0.003379,-0.031337,0.079545,Avian,N6
2035_A/duck/Fujian/11.23_,A/duck/Fujian/11.23_FZHX0014-C/2017_H5N6,0.048079,-0.006958,-0.041453,0.018514,Avian,N6
2036_A/duck/Fujian/11.23_,A/duck/Fujian/11.23_FZHX0015-C/2017_H5N6,0.065137,0.023451,-0.002465,0.042948,Avian,N6
2037_A/duck/Fujian/11.3_F,A/duck/Fujian/11.3_FZHX1132-O/2016_H5N6,0.079285,0.037346,0.006039,0.030614,Avian,N6
2038_A/duck/Fujian/11.3_F,A/duck/Fujian/11.3_FZHX1141-C/2016_H5N6,0.086989,0.036259,0.016562,0.028191,Avian,N6
2039_A/duck/Fujian/12.7_F,A/duck/Fujian/12.7_FZHX1202-O/2016_H5N6,0.05329,0.022486,0.007211,0.026743,Avian,N6
2040_A/duck/Fujian/12.7_F,A/duck/Fujian/12.7_FZHX1218-C/2016_H5N6,0.086468,0.041829,0.010338,0.022359,Avian,N6
2041_A/duck/Fujian/12.7_F,A/duck/Fujian/12.7_FZHX1219-O/2016_H5N6,0.086468,0.041829,0.010338,0.022359,Avian,N6
2042_A/duck/Fujian/12.7_F,A/duck/Fujian/12.7_FZHX1221-C/2016_H5N6,0.086468,0.041829,0.010338,0.022359,Avian,N6
2043_A/duck/Guangdong/11.,A/duck/Guangdong/11.18_SZBJ003-C/2016_H5N6,0.052461,0.028744,0.002493,0.012714,Avian,N6
2044_A/duck/Guangdong/11.,A/duck/Guangdong/11.18_SZBJ003-O/2016_H5N6,0.052461,0.028744,0.002493,0.012714,Avian,N6
2045_A/duck/Guangdong/11.,A/duck/Guangdong/11.18_SZBJ007-O/2016_H5N6,0.058975,0.025188,0.001432,0.011849,Avian,N6
2046_A/duck/Guangdong/23/,A/duck/Guangdong/23/2004_H5N1,-0.03308,-0.015476,-0.104066,0.041678,Avian,N1
2047_A/duck/Guangdong/GD0,A/duck/Guangdong/GD01/2014_H5N6,0.079438,0.024822,0.02823,0.002237,Avian,N6
2048_A/duck/Guangdong/s14,A/duck/Guangdong/s14044/2014_H5N8,0.043706,-0.122716,0.006849,-0.019659,Avian,N8
2049_A/duck/Guangdong/wy1,A/duck/Guangdong/wy11/2008_H5N5,0.008005,-0.101614,0.007056,-0.025337,Avian,Others
2050_A/duck/Guangdong/wy1,A/duck/Guangdong/wy19/2008_H5N5,0.025167,-0.101871,0.00242,-0.040973,Avian,Others
2051_A/duck/Guangdong/wy2,A/duck/Guangdong/wy24/2008_H5N5,0.035422,-0.081226,0.005237,-0.059906,Avian,Others
2052_A/duck/Guangzhou/018,A/duck/Guangzhou/018/2014_H5N6,0.078831,0.027683,0.017045,0.009636,Avian,N6
2053_A/duck/Guangzhou/021,A/duck/Guangzhou/021/2014_H5N6,0.081238,0.036314,0.011177,0.006715,Avian,N6
2054_A/duck/Guangzhou/412,A/duck/Guangzhou/41227/2014_H5N6,0.092922,0.029181,0.014256,0.008783,Avian,N6
2055_A/duck/Guizhou/7.27_,A/duck/Guizhou/7.27_ZYLJJ017-O/2018_H5N6,0.076766,0.074219,-0.060913,-0.027947,Avian,N6
2056_A/duck/Guizhou/8.26_,A/duck/Guizhou/8.26_ZYLJJ016-O/2018_H5N6,0.054679,0.067751,-0.070564,-0.022999,Avian,N6
2057_A/duck/Guizhou/8.26_,A/duck/Guizhou/8.26_ZYLJJ017-O/2018_H5N6,0.07734,0.07204,-0.074382,-0.018907,Avian,N6
2058_A/duck/Hainan/12.29_,A/duck/Hainan/12.29_HKPL002-C/2017_H5N6,0.073336,0.076408,-0.063837,-0.01622,Avian,N6
2059_A/duck/Hebei/0908/20,A/duck/Hebei/0908/2009_H5N2,-0.065733,-0.013791,0.051976,0.020722,Avian,N2
2060_A/duck/Hong_Kong/342,A/duck/Hong_Kong/342/1978_H5N2,-0.045123,-0.008009,-0.093819,0.026412,Avian,N2
2061_A/duck/Hsinchu/15020,A/duck/Hsinchu/15020216/2015_H5N2,-0.129187,0.073067,0.002427,-0.056764,Avian,N2
2062_A/duck/HuBei/03/2010,A/duck/HuBei/03/2010_H5N5,-0.007673,-0.039581,0.00964,-0.031707,Avian,Others
2063_A/duck/Hubei/2911/20,A/duck/Hubei/2911/2007_H5N1,0.008346,-0.044513,0.043483,-0.020063,Avian,N1
2064_A/duck/Hubei/49/2005,A/duck/Hubei/49/2005_H5N1,0.00625,-0.064349,0.025799,-0.02121,Avian,N1
2065_A/duck/Hubei/SZY250/,A/duck/Hubei/SZY250/2016_H5N2,0.00331,-0.046483,-0.021693,0.026554,Avian,N2
2066_A/duck/Hubei/xn/2007,A/duck/Hubei/xn/2007_H5N1,-0.057252,-0.021555,0.021259,0.031512,Avian,N1
2067_A/duck/Hunan/01.12_Y,A/duck/Hunan/01.12_YYGK82H3-OC/2018_H5N6,-0.110994,-0.019133,-0.068295,0.006318,Avian,N6
2068_A/duck/Hunan/03.07_Y,A/duck/Hunan/03.07_YYGK25L3-OC/2018_H5N6,0.102711,0.076224,-0.086107,-0.021954,Avian,N6
2069_A/duck/Hunan/03.07_Y,A/duck/Hunan/03.07_YYGK4L3-OC/2018_H5N6,0.08748,0.019965,-0.014391,0.022698,Avian,N6
2070_A/duck/Hunan/03.24_Y,A/duck/Hunan/03.24_YYGK174M2-C/2017_H5N6,0.073389,0.010138,0.000035,0.017494,Avian,N6
2071_A/duck/Hunan/03.24_Y,A/duck/Hunan/03.24_YYGK178M2-C/2017_H5N6,0.073389,0.010138,0.000035,0.017494,Avian,N6
2072_A/duck/Hunan/03.24_Y,A/duck/Hunan/03.24_YYGK18M2-O/2017_H5N6,0.075459,0.010039,0.007705,0.027396,Avian,N6
2073_A/duck/Hunan/03.24_Y,A/duck/Hunan/03.24_YYGK21M2-O/2017_H5N6,0.073389,0.010138,0.000035,0.017494,Avian,N6
2074_A/duck/Hunan/1.12_YY,A/duck/Hunan/1.12_YYGK68H3-OC/2018_H5N6,0.07542,0.077987,-0.075717,-0.022448,Avian,N6
2075_A/duck/Hunan/1.12_YY,A/duck/Hunan/1.12_YYGK72H3-OC/2018_H5N6,0.076671,0.072519,-0.073392,-0.027007,Avian,N6
2076_A/duck/Hunan/1.12_YY,A/duck/Hunan/1.12_YYGK74H3-OC/2018_H5N6,-0.110994,-0.019133,-0.068295,0.006318,Avian,N6
2077_A/duck/Hunan/1.17_YY,A/duck/Hunan/1.17_YYGKK80-OC/2017_H5N6,0.087667,0.029364,0.019946,0.049198,Avian,N6
2078_A/duck/Hunan/11.30_Y,A/duck/Hunan/11.30_YYGK59E3-OC/2017_H5N6,0.072542,0.010863,0.002706,0.04168,Avian,N6
2079_A/duck/Hunan/11.30_Y,A/duck/Hunan/11.30_YYGK62E3-OC/2017_H5N6,0.088327,0.0934,-0.06417,-0.011207,Avian,N6
2080_A/duck/Hunan/11.30_Y,A/duck/Hunan/11.30_YYGK63E3-OC/2017_H5N6,0.088327,0.0934,-0.06417,-0.011207,Avian,N6
2081_A/duck/Hunan/11.30_Y,A/duck/Hunan/11.30_YYGK74E3-OC/2017_H5N8,-0.026779,-0.034103,0.108783,0.025728,Avian,N8
2082_A/duck/Hunan/11.30_Y,A/duck/Hunan/11.30_YYGK75E3-OC/2017_H5N6,-0.035903,-0.037084,0.101593,0.024321,Avian,N6
2083_A/duck/Hunan/12.27_Y,A/duck/Hunan/12.27_YYGK100J2-C/2016_H5N6,0.091033,0.037034,0.023855,0.045349,Avian,N6
2084_A/duck/Hunan/12.27_Y,A/duck/Hunan/12.27_YYGK60J2-C/2016_H5N6,0.080112,0.017925,0.013761,0.039186,Avian,N6
2085_A/duck/Hunan/12.27_Y,A/duck/Hunan/12.27_YYGK71J2-O/2016_H5N6,0.091033,0.037034,0.023855,0.045349,Avian,N6
2086_A/duck/Hunan/12.27_Y,A/duck/Hunan/12.27_YYGK73J2-O/2016_H5N6,0.083374,0.015686,0.014684,0.035996,Avian,N6
2087_A/duck/Hunan/12.27_Y,A/duck/Hunan/12.27_YYGK81J2-O/2016_H5N6,0.091033,0.037034,0.023855,0.045349,Avian,N6
2088_A/duck/Hunan/12.27_Y,A/duck/Hunan/12.27_YYGK86J2-C/2016_H5N6,0.080112,0.017925,0.013761,0.039186,Avian,N6
2089_A/duck/Hunan/12.27_Y,A/duck/Hunan/12.27_YYGK89J2-O/2016_H5N6,0.091033,0.037034,0.023855,0.045349,Avian,N6
2090_A/duck/Hunan/12.27_Y,A/duck/Hunan/12.27_YYGK91J2-O/2016_H5N6,0.091033,0.037034,0.023855,0.045349,Avian,N6
2091_A/duck/Hunan/12.27_Y,A/duck/Hunan/12.27_YYGK93J2-O/2016_H5N6,0.091033,0.037034,0.023855,0.045349,Avian,N6
2092_A/duck/Hunan/12.27_Y,A/duck/Hunan/12.27_YYGK95J2-O/2016_H5N6,0.090701,0.032646,0.017691,0.04292,Avian,N6
2093_A/duck/Hunan/12.27_Y,A/duck/Hunan/12.27_YYGK96J2-O/2016_H5N6,0.090851,0.038379,0.024573,0.046237,Avian,N6
2094_A/duck/Hunan/12.27_Y,A/duck/Hunan/12.27_YYGK97J2-O/2016_H5N6,0.091033,0.037034,0.023855,0.045349,Avian,N6
2095_A/duck/Hunan/2.06_YY,A/duck/Hunan/2.06_YYGK77J3-OC/2018_H5N6,0.092964,0.083615,-0.103315,-0.020927,Avian,N6
2096_A/duck/Hunan/2.06_YY,A/duck/Hunan/2.06_YYGK78J3-OC/2018_H5N6,0.076014,0.079937,-0.06235,-0.018456,Avian,N6
2097_A/duck/Hunan/2.06_YY,A/duck/Hunan/2.06_YYGK84J3-OC/2018_H5N6,0.093983,0.083996,-0.086367,-0.005291,Avian,N6
2098_A/duck/Hunan/2.06_YY,A/duck/Hunan/2.06_YYGK92J3-OC/2018_H5N6,0.093983,0.083996,-0.086367,-0.005291,Avian,N6
2099_A/duck/Hunan/3/2007_,A/duck/Hunan/3/2007_H5N1,0.030608,-0.025664,-0.01997,-0.045123,Avian,N1
2100_A/duck/Hunan/316/200,A/duck/Hunan/316/2005_H5N1,-0.001058,-0.055089,-0.003467,-0.026338,Avian,N1
2101_A/duck/Hunan/3315/20,A/duck/Hunan/3315/2006_H5N1,0.001533,-0.044919,0.039006,-0.029292,Avian,N1
2102_A/duck/Hunan/689/200,A/duck/Hunan/689/2006_H5N1,0.008535,-0.040882,0.043211,-0.024841,Avian,N1
2103_A/duck/Hunan/7.21_YY,A/duck/Hunan/7.21_YYGK41Y1-C/2016_H5N6,0.091402,0.017759,-0.013362,0.03838,Avian,N6
2104_A/duck/Hunan/733/200,A/duck/Hunan/733/2004_H5N1,-0.083565,-0.023884,-0.124936,0.048964,Avian,N1
2105_A/duck/Hunan/8/2008_,A/duck/Hunan/8/2008_H5N1,-0.071779,0.012139,0.035457,0.006739,Avian,N1
2106_A/duck/Hunan/S4020/2,A/duck/Hunan/S4020/2008_H5N1,0.017749,-0.005543,-0.015274,-0.023459,Avian,N1
2107_A/duck/Hunan/S4030/2,A/duck/Hunan/S4030/2011_H5N1,0.042067,-0.000528,-0.042756,-0.036183,Avian,N1
2108_A/duck/Hunan/S4101/2,A/duck/Hunan/S4101/2011_H5N2,-0.055118,0.020752,-0.055393,0.019887,Avian,N2
2109_A/duck/Hunan/S4120/2,A/duck/Hunan/S4120/2011_H5N2,-0.054197,0.018133,-0.050841,0.021612,Avian,N2
2110_A/duck/Hunan/S4150/2,A/duck/Hunan/S4150/2011_H5N1,-0.076778,-0.024864,0.01168,0.040654,Avian,N1
2111_A/duck/Hunan/S4220/2,A/duck/Hunan/S4220/2011_H5N1,0.080476,0.004232,0.003779,0.003015,Avian,N1
2112_A/duck/Jiangsu/m234/,A/duck/Jiangsu/m234/2012_H5N2,0.047893,-0.119302,-0.000248,-0.03798,Avian,N2
2113_A/duck/Jiangxi/01.11,A/duck/Jiangxi/01.11_NCNP101G2-OC/2017_H5N6,0.068569,0.099915,-0.046936,-0.007122,Avian,N6
2114_A/duck/Jiangxi/10160,A/duck/Jiangxi/10160/2014_H5N6,0.056847,0.018998,-0.009661,0.015972,Avian,N6
2115_A/duck/Jiangxi/11.17,A/duck/Jiangxi/11.17_NCNP30Y2-O/2016_H5N6,0.08778,-0.00877,0.022105,0.036878,Avian,N6
2116_A/duck/Jiangxi/11.17,A/duck/Jiangxi/11.17_NCNP48Y2-C/2016_H5N6,0.088651,-0.007037,0.025781,0.032586,Avian,N6
2117_A/duck/Jiangxi/11.29,A/duck/Jiangxi/11.29_NCDZT71H2-O/2016_H5N6,0.07817,0.036983,0.019408,0.032159,Avian,N6
2118_A/duck/Jiangxi/11.29,A/duck/Jiangxi/11.29_NCNP22D3-OC/2017_H5N6,0.077849,0.004518,0.019614,0.021165,Avian,N6
2119_A/duck/Jiangxi/11.29,A/duck/Jiangxi/11.29_NCNP39D3-OC/2017_H5N6,0.062917,0.088284,-0.050659,-0.001155,Avian,N6
2120_A/duck/Jiangxi/120/2,A/duck/Jiangxi/120/2011_H5N1,-0.019652,-0.082385,0.034768,-0.025954,Avian,N1
2121_A/duck/Jiangxi/130/2,A/duck/Jiangxi/130/2011_H5N1,-0.069049,-0.043719,0.013461,0.038182,Avian,N1
2122_A/duck/Jiangxi/13469,A/duck/Jiangxi/13469/2014_H5N6,0.068199,0.026096,0.002712,0.0199,Avian,N6
2123_A/duck/Jiangxi/13475,A/duck/Jiangxi/13475/2014_H5N6,0.063804,0.027429,0.005687,0.014729,Avian,N6
2124_A/duck/Jiangxi/13484,A/duck/Jiangxi/13484/2014_H5N6,0.063804,0.027429,0.005687,0.014729,Avian,N6
2125_A/duck/Jiangxi/2.28N,A/duck/Jiangxi/2.28NCNP23K3-OC/2018_H5N6,0.080193,0.097337,-0.063171,-0.001246,Avian,N6
2126_A/duck/Jiangxi/2.28_,A/duck/Jiangxi/2.28_NCNP25K3-OC/2018_H5N6,0.080193,0.097337,-0.063171,-0.001246,Avian,N6
2127_A/duck/Jiangxi/34/20,A/duck/Jiangxi/34/2011_H5N1,0.071668,-0.023782,0.01687,-0.000457,Avian,N1
2128_A/duck/Jiangxi/35/20,A/duck/Jiangxi/35/2011_H5N1,0.056937,-0.010568,0.001225,-0.00054,Avian,N1
2129_A/duck/Jiangxi/44/20,A/duck/Jiangxi/44/2011_H5N1,-0.081694,-0.064069,-0.043372,-0.005017,Avian,N1
2130_A/duck/Jiangxi/5.26_,A/duck/Jiangxi/5.26_NCDZT80Q2-OC/2017_H5N6,0.056516,0.090115,-0.04797,-0.012422,Avian,N6
2131_A/duck/Jiangxi/80/20,A/duck/Jiangxi/80/2005_H5N1,0.013528,-0.036642,-0.003476,-0.03094,Avian,N1
2132_A/duck/Jilin/JL-SIV/,A/duck/Jilin/JL-SIV/2013_H5N1,-0.001936,-0.072903,0.016973,-0.019455,Avian,N1
2133_A/duck/Kaohsiung/150,A/duck/Kaohsiung/15010213/2015_H5N2,-0.124372,0.067531,0.028997,-0.056149,Avian,N2
2134_A/duck/Kaohsiung/15W,A/duck/Kaohsiung/15WB3298-1-5/2015_H5N3,-0.078497,-0.042706,0.051872,0.035786,Avian,Others
2135_A/duck/Kaohsiung/20W,A/duck/Kaohsiung/20WB0242-154/2020_H5N3,-0.066109,0.006736,0.079403,0.034964,Avian,Others
2136_A/duck/Liaoning/LN/2,A/duck/Liaoning/LN/2011_H5N5,0.027533,-0.093314,0.007287,-0.053374,Avian,Others
2137_A/duck/Nanchang/9789,A/duck/Nanchang/9789/2013_H5N1,0.061708,-0.001444,0.008056,0.0073,Avian,N1
2138_A/duck/Nantou/15A343,A/duck/Nantou/15A3437/2015_H5N2,-0.12289,0.059919,0.019845,-0.040623,Avian,N2
2139_A/duck/Nantou/17A024,A/duck/Nantou/17A0243/2017_H5N2,-0.140607,0.067866,0.009756,-0.062477,Avian,N2
2140_A/duck/Pingtung/1501,A/duck/Pingtung/15010180/2015_H5N3,0.074233,-0.099794,0.018752,-0.075973,Avian,Others
2141_A/duck/Pingtung/1501,A/duck/Pingtung/15010444/2015_H5N2,-0.128271,0.057166,0.022288,-0.049284,Avian,N2
2142_A/duck/Pingtung/17A0,A/duck/Pingtung/17A0160/2017_H5N2,-0.14023,0.060111,0.012895,-0.064517,Avian,N2
2143_A/duck/Pingtung/18A0,A/duck/Pingtung/18A00003-11-20T/2018_H5N2,-0.142804,0.072077,0.00994,-0.079527,Avian,N2
2144_A/duck/Pingtung/18A0,A/duck/Pingtung/18A00076-11-20T/2018_H5N2,-0.138193,0.045258,0.00661,-0.048311,Avian,N2
2145_A/duck/Pingtung/18X0,A/duck/Pingtung/18X00077/2018_H5N2,-0.114054,-0.032637,-0.015865,0.020872,Avian,N2
2146_A/duck/Shandong/009/,A/duck/Shandong/009/2008_H5N1,-0.118211,-0.070885,-0.04343,0.013151,Avian,N1
2147_A/duck/Shandong/Q1/2,A/duck/Shandong/Q1/2013_H5N8,0.027405,-0.117148,0.007328,-0.028657,Avian,N8
2148_A/duck/Shandong/SD02,A/duck/Shandong/SD0261/2021_H5N6,-0.044598,-0.023502,0.011178,0.097594,Avian,N6
2149_A/duck/Shandong/SD02,A/duck/Shandong/SD0263/2021_H5N6,-0.044598,-0.023502,0.011178,0.097594,Avian,N6
2150_A/duck/Sichuan/NCXJ1,A/duck/Sichuan/NCXJ15/2014_H5N6,0.058007,0.01568,0.008203,0.026811,Avian,N6
2151_A/duck/Sichuan/NCXJ1,A/duck/Sichuan/NCXJ16/2014_H5N6,0.05362,0.019819,0.00346,0.025478,Avian,N6
2152_A/duck/Sichuan/NCXN1,A/duck/Sichuan/NCXN10/2014_H5N1,0.080476,0.004232,0.003779,0.003015,Avian,N1
2153_A/duck/Sichuan/NCXN1,A/duck/Sichuan/NCXN11/2014_H5N1,0.079125,0.03071,0.032198,-0.007999,Avian,N1
2154_A/duck/Sichuan/SC482,A/duck/Sichuan/SC4822/2021_H5N6,-0.07222,-0.025526,-0.02457,-0.007919,Avian,N6
2155_A/duck/Sichuan/SC569,A/duck/Sichuan/SC5698/2021_H5N6,-0.071937,-0.025454,-0.024733,-0.001712,Avian,N6
2156_A/duck/Taichung/1501,A/duck/Taichung/15010400-1/2015_H5N2,-0.125093,0.052236,0.015374,-0.052008,Avian,N2
2157_A/duck/Tainan/150104,A/duck/Tainan/15010403/2015_H5N8,0.072998,-0.10044,0.019399,-0.077063,Avian,N8
2158_A/duck/Tainan/160100,A/duck/Tainan/16010020-1/2016_H5N2,-0.117955,0.068191,0.036335,-0.037828,Avian,N2
2159_A/duck/Tainan/16WB34,A/duck/Tainan/16WB3443-156-160/2016_H5N3,-0.099651,-0.024827,0.05018,0.045802,Avian,Others
2160_A/duck/Taipei/05WB83,A/duck/Taipei/05WB830-1-5-E2/2005_H5N2,-0.106697,0.039635,0.023328,-0.038715,Avian,N2
2161_A/duck/Taipei/18WB01,A/duck/Taipei/18WB0120-1-5-E1/2018_H5N3,-0.100944,-0.010743,0.013207,0.064401,Avian,Others
2162_A/duck/Taipei/19WB02,A/duck/Taipei/19WB0235-14-16/2019_H5N3,-0.047935,0.008227,0.084798,0.069539,Avian,Others
2163_A/duck/Taiwan/01006/,A/duck/Taiwan/01006/2015_H5N2,-0.123113,0.059152,0.031897,-0.04333,Avian,N2
2164_A/duck/Taiwan/11213/,A/duck/Taiwan/11213/2013_H5N2,-0.058117,-0.033626,-0.040541,0.007076,Avian,N2
2165_A/duck/Taiwan/11254/,A/duck/Taiwan/11254/2013_H5N2,-0.056662,-0.03397,-0.038844,0.015068,Avian,N2
2166_A/duck/Taiwan/A3400/,A/duck/Taiwan/A3400/2015_H5N8,0.081471,-0.095947,0.014349,-0.068284,Avian,N8
2167_A/duck/Taiwan/DV1238,A/duck/Taiwan/DV1238/2009_H5N2,-0.056171,0.000836,0.033624,0.021557,Avian,N2
2168_A/duck/Taiwan/DV1241,A/duck/Taiwan/DV1241/2009_H5N2,-0.056171,0.000836,0.033624,0.021557,Avian,N2
2169_A/duck/Taiwan/DV1242,A/duck/Taiwan/DV1242/2009_H5N2,-0.056171,0.000836,0.033624,0.021557,Avian,N2
2170_A/duck/Taoyuan/16010,A/duck/Taoyuan/16010023-1/2016_H5N2,-0.10775,0.065293,0.031621,-0.053194,Avian,N2
2171_A/duck/Wenzhou/YJYF3,A/duck/Wenzhou/YJYF33/2015_H5N1,-0.056752,-0.047894,0.017121,0.024871,Avian,N1
2172_A/duck/Wuhan/JXYFB22,A/duck/Wuhan/JXYFB22/2015_H5N6,0.086786,0.034987,-0.003439,0.004399,Avian,N6
2173_A/duck/Wuhan/WHYF02/,A/duck/Wuhan/WHYF02/2015_H5N6,0.093911,0.046393,0.008261,0.006012,Avian,N6
2174_A/duck/Xinjiang/12.1,A/duck/Xinjiang/12.18_WLMQXL001-C/2016_H5N8,-0.024524,-0.033878,0.096041,0.02197,Avian,N8
2175_A/duck/Yilan/17A0092,A/duck/Yilan/17A0092/2017_H5N2,-0.138004,0.066457,0.008717,-0.066631,Avian,N2
2176_A/duck/Yunlin/150102,A/duck/Yunlin/15010244-1/2015_H5N2,-0.124698,0.057301,0.018797,-0.047697,Avian,N2
2177_A/duck/Yunlin/150102,A/duck/Yunlin/15010277/2015_H5N8,0.077621,-0.103201,0.016873,-0.081502,Avian,N8
2178_A/duck/Yunlin/150103,A/duck/Yunlin/15010310-4/2015_H5N2,-0.134546,0.058465,0.023703,-0.050788,Avian,N2
2179_A/duck/Yunlin/150103,A/duck/Yunlin/15010318-2/2015_H5N2,-0.127212,0.05705,0.022441,-0.050359,Avian,N2
2180_A/duck/Yunlin/150103,A/duck/Yunlin/15010369-1/2015_H5N2,-0.126744,0.061273,0.02179,-0.050137,Avian,N2
2181_A/duck/Yunlin/150104,A/duck/Yunlin/15010458-1/2015_H5N8,0.077621,-0.103201,0.016873,-0.081502,Avian,N8
2182_A/duck/Yunlin/150700,A/duck/Yunlin/15070002-2/2015_H5N2,-0.11939,0.068425,0.024854,-0.053781,Avian,N2
2183_A/duck/Yunlin/15A501,A/duck/Yunlin/15A5019/2015_H5N2,-0.107391,0.053243,0.00284,-0.046411,Avian,N2
2184_A/duck/Yunlin/171100,A/duck/Yunlin/17110001/2017_H5N2,-0.140449,0.069495,-0.004665,-0.071828,Avian,N2
2185_A/duck/Yunlin/17A008,A/duck/Yunlin/17A0086/2017_H5N2,-0.141251,0.061699,0.010886,-0.066195,Avian,N2
2186_A/duck/Yunlin/17A068,A/duck/Yunlin/17A0686/2017_H5N2,-0.127504,0.098207,-0.012836,-0.068653,Avian,N2
2187_A/duck/Yunlin/180600,A/duck/Yunlin/18060007-3/2018_H5N2,-0.137995,0.073041,0.01757,-0.074946,Avian,N2
2188_A/duck/Yunlin/18X000,A/duck/Yunlin/18X00007-3/2018_H5N2,-0.072029,-0.033676,0.051193,0.017195,Avian,N2
2189_A/duck/Yunnan/4072/2,A/duck/Yunnan/4072/2003_H5N1,-0.089772,-0.026253,-0.112006,0.029229,Avian,N1
2190_A/duck/Yunnan/426/20,A/duck/Yunnan/426/2004_H5N1,-0.076217,-0.028742,-0.120885,0.007545,Avian,N1
2191_A/duck/Yunnan/4645/2,A/duck/Yunnan/4645/2003_H5N1,-0.086253,-0.028951,-0.112456,0.022716,Avian,N1
2192_A/duck/Yunnan/47/200,A/duck/Yunnan/47/2006_H5N1,0.032615,-0.004347,-0.003434,-0.058383,Avian,N1
2193_A/duck/Yunnan/485/20,A/duck/Yunnan/485/2004_H5N1,-0.072387,-0.031155,-0.131247,0.007997,Avian,N1
2194_A/duck/Yunnan/4873/2,A/duck/Yunnan/4873/2006_H5N1,0.043566,-0.047866,0.018946,-0.038143,Avian,N1
2195_A/duck/Yunnan/5090/2,A/duck/Yunnan/5090/2003_H5N1,-0.082931,-0.032738,-0.113185,0.015387,Avian,N1
2196_A/duck/Yunnan/5169/2,A/duck/Yunnan/5169/2003_H5N1,-0.082931,-0.032738,-0.113185,0.015387,Avian,N1
2197_A/duck/Yunnan/522/20,A/duck/Yunnan/522/2004_H5N1,-0.076217,-0.028742,-0.120885,0.007545,Avian,N1
2198_A/duck/Yunnan/5310/2,A/duck/Yunnan/5310/2006_H5N1,-0.005061,-0.05317,0.02859,-0.016429,Avian,N1
2199_A/duck/Yunnan/5948/2,A/duck/Yunnan/5948/2003_H5N1,-0.075456,-0.031632,-0.113717,0.01201,Avian,N1
2200_A/duck/Yunnan/6080/2,A/duck/Yunnan/6080/2003_H5N1,-0.076442,-0.028926,-0.121385,0.007891,Avian,N1
2201_A/duck/Yunnan/6603/2,A/duck/Yunnan/6603/2003_H5N1,-0.078591,-0.032972,-0.124762,0.005387,Avian,N1
2202_A/duck/Zhejiang/1026,A/duck/Zhejiang/1026109/2015_H5N2,-0.016734,-0.044759,-0.059101,-0.001206,Avian,N2
2203_A/duck/Zhejiang/1220,A/duck/Zhejiang/1220092/2014_H5N1,0.062918,-0.000102,0.000889,-0.035556,Avian,N1
2204_A/duck/Zhejiang/213/,A/duck/Zhejiang/213/2011_H5N1,0.069676,0.002479,0.007568,-0.00401,Avian,N1
2205_A/duck/Zhejiang/224/,A/duck/Zhejiang/224/2011_H5N1,0.072093,-0.014015,0.018504,-0.011353,Avian,N1
2206_A/duck/Zhejiang/2242,A/duck/Zhejiang/2242/2011_H5N1,0.072093,-0.014015,0.018504,-0.011353,Avian,N1
2207_A/duck/Zhejiang/2243,A/duck/Zhejiang/2243/2011_H5N1,0.072093,-0.014015,0.018504,-0.011353,Avian,N1
2208_A/duck/Zhejiang/2244,A/duck/Zhejiang/2244/2011_H5N1,0.072093,-0.014015,0.018504,-0.011353,Avian,N1
2209_A/duck/Zhejiang/2245,A/duck/Zhejiang/2245/2011_H5N1,-0.065807,-0.024109,0.047832,0.000976,Avian,N1
2210_A/duck/Zhejiang/2248,A/duck/Zhejiang/2248/2011_H5N1,0.072093,-0.014015,0.018504,-0.011353,Avian,N1
2211_A/duck/Zhejiang/6D18,A/duck/Zhejiang/6D18/2013_H5N8,0.049941,-0.115712,-0.00774,-0.030973,Avian,N8
2212_A/duck/Zhejiang/6D2/,A/duck/Zhejiang/6D2/2013_H5N6,0.063529,0.019279,0.012374,0.025219,Avian,N6
2213_A/duck/Zhejiang/6DK1,A/duck/Zhejiang/6DK19/2013_H5N2,0.031698,-0.043285,-0.006279,0.0046,Avian,N2
2214_A/duck/Zhejiang/7270,A/duck/Zhejiang/727041/2014_H5N2,0.079354,0.023676,0.007068,0.01833,Avian,N2
2215_A/duck/Zhejiang/7271,A/duck/Zhejiang/727158/2014_H5N6,0.077026,0.050952,0.014145,-0.015151,Avian,N6
2216_A/duck/Zhejiang/7713,A/duck/Zhejiang/77138/2014_H5N2,0.06975,0.017109,0.020754,-0.003023,Avian,N2
2217_A/duck/Zhejiang/9250,A/duck/Zhejiang/925019/2014_H5N8,0.052972,-0.110187,0.01248,-0.0195,Avian,N8
2218_A/duck/Zhejiang/9251,A/duck/Zhejiang/925169/2014_H5N8,0.047888,-0.10871,0.012522,-0.01388,Avian,N8
2219_A/duck/Zhejiang/W24/,A/duck/Zhejiang/W24/2013_H5N8,0.061814,-0.126897,-0.00386,-0.031716,Avian,N8
2220_A/egret/Zhejiang/W15,A/egret/Zhejiang/W15/2017_H5N6,0.087948,0.028806,0.008257,0.026207,Avian,N6
2221_A/egret/Zhejiang/W18,A/egret/Zhejiang/W18/2017_H5N6,-0.121446,-0.063666,-0.084391,0.016741,Avian,N6
2222_A/equine/China/61/20,A/equine/China/61/2010_H5N1,0.005911,-0.030882,0.016156,-0.039654,Nonhuman Mammal,N1
2223_A/equine/China/67/20,A/equine/China/67/2010_H5N1,0.012762,-0.025235,0.01254,-0.034956,Nonhuman Mammal,N1
2224_A/equine/China/68/20,A/equine/China/68/2010_H5N1,0.004071,-0.031816,0.01601,-0.039586,Nonhuman Mammal,N1
2225_A/eurasian_coot/Shan,A/eurasian_coot/Shandong/W5611/2020_H5N8,-0.054056,-0.005288,-0.000417,0.093222,Avian,N8
2226_A/eurasian_coot/Shan,A/eurasian_coot/Shandong/W6137/2020_H5N8,-0.054056,-0.005288,-0.000417,0.093222,Avian,N8
2227_A/eurasian_coot/Shan,A/eurasian_coot/Shandong/W6143/2020_H5N8,-0.054056,-0.005288,-0.000417,0.093222,Avian,N8
2228_A/eurasian_coot/Shan,A/eurasian_coot/Shandong/W6150/2020_H5N8,-0.054056,-0.005288,-0.000417,0.093222,Avian,N8
2229_A/feline/Guangdong/2,A/feline/Guangdong/2/2015_H5N6,0.091009,0.030578,-0.002906,0.002117,Nonhuman Mammal,N6
2230_A/gadwall/Ningxia/YG,A/gadwall/Ningxia/YG61/2017_H5N6,-0.083325,0.048295,0.011367,0.01669,Avian,N6
2231_A/goose/Changhua/150,A/goose/Changhua/15040008/2015_H5N2,-0.125134,0.050668,0.014131,-0.05257,Avian,N2
2232_A/goose/Chiayi/15010,A/goose/Chiayi/15010008-3/2015_H5N2,-0.126721,0.058672,0.022451,-0.05445,Avian,N2
2233_A/goose/Chiayi/15010,A/goose/Chiayi/15010016-1/2015_H5N2,-0.11565,0.061733,0.018238,-0.05162,Avian,N2
2234_A/goose/Chiayi/15020,A/goose/Chiayi/15020022/2015_H5N8,0.075495,-0.101156,0.016462,-0.085785,Avian,N8
2235_A/goose/Chiayi/16010,A/goose/Chiayi/16010017-2/2016_H5N2,-0.116872,0.069476,0.036474,-0.036995,Avian,N2
2236_A/goose/Chiayi/16040,A/goose/Chiayi/16040003-1/2016_H5N2,-0.126494,0.066651,0.025152,-0.050801,Avian,N2
2237_A/goose/Chiayi/16040,A/goose/Chiayi/16040005/2016_H5N2,-0.126494,0.066651,0.025152,-0.050801,Avian,N2
2238_A/goose/Chiayi/17020,A/goose/Chiayi/17020027-1/2017_H5N2,-0.143114,0.068273,-0.001293,-0.067877,Avian,N2
2239_A/goose/Chiayi/17040,A/goose/Chiayi/17040014/2017_H5N2,-0.119616,0.090214,0.00861,-0.036412,Avian,N2
2240_A/goose/Chiayi/18010,A/goose/Chiayi/18010006/2018_H5N2,-0.15508,0.077486,0.006789,-0.062729,Avian,N2
2241_A/goose/Chiayi/18020,A/goose/Chiayi/18020014-1/2018_H5N2,-0.138791,0.083153,0.008087,-0.071636,Avian,N2
2242_A/goose/Chiayi/18020,A/goose/Chiayi/18020014-2/2018_H5N2,-0.135931,0.081445,0.006239,-0.07133,Avian,N2
2243_A/goose/China/0701/2,A/goose/China/0701/2018_H5N6,0.100058,0.091456,-0.069735,0.003184,Avian,N6
2244_A/goose/China/1/2021,A/goose/China/1/2021_H5N8,-0.044468,-0.007551,0.009761,0.080922,Avian,N8
2245_A/goose/China/1106/2,A/goose/China/1106/2016_H5N2,0.011584,-0.063062,-0.022662,0.002329,Avian,N2
2246_A/goose/China/E43/20,A/goose/China/E43/2012_H5N1,0.067609,-0.019969,0.003631,-0.006483,Avian,N1
2247_A/goose/China/M14/20,A/goose/China/M14/2016_H5N6,-0.119577,-0.051312,-0.088541,0.002075,Avian,N6
2248_A/goose/Eastern_Chin,A/goose/Eastern_China/1112/2011_H5N2,0.030333,-0.101151,-0.003995,-0.033479,Avian,N2
2249_A/goose/Eastern_Chin,A/goose/Eastern_China/223/2008_H5N1,0.007619,-0.062743,0.01408,-0.043638,Avian,N1
2250_A/goose/Eastern_Chin,A/goose/Eastern_China/CZ/2013_H5N8,0.05393,-0.105398,-0.014677,-0.039554,Avian,N8
2251_A/goose/Eastern_Chin,A/goose/Eastern_China/L1204/2012_H5N8,0.052904,-0.118737,-0.000121,-0.02657,Avian,N8
2252_A/goose/Eastern_Chin,A/goose/Eastern_China/L1214/2012_H5N8,0.043401,-0.111464,0.000685,-0.018151,Avian,N8
2253_A/goose/Eastern_Chin,A/goose/Eastern_China/S0408/2014_H5N8,0.044176,-0.121047,-0.009865,-0.023569,Avian,N8
2254_A/goose/Eastern_Chin,A/goose/Eastern_China/S0513/2013_H5N6,0.047414,-0.015914,0.005321,-0.008186,Avian,N6
2255_A/goose/Fujian/10.11,A/goose/Fujian/10.11_FZHX1001-C/2016_H5N6,0.086791,0.03517,0.016284,0.027376,Avian,N6
2256_A/goose/Fujian/10.26,A/goose/Fujian/10.26_FZHX0002-C/2017_H5N6,0.063759,0.019803,-0.00775,0.040332,Avian,N6
2257_A/goose/Fujian/10.26,A/goose/Fujian/10.26_FZHX0002-O/2017_H5N6,0.063759,0.019803,-0.00775,0.040332,Avian,N6
2258_A/goose/Fujian/10.26,A/goose/Fujian/10.26_FZHX0004-C/2017_H5N6,0.055752,0.016921,-0.005786,0.039664,Avian,N6
2259_A/goose/Fujian/10.26,A/goose/Fujian/10.26_FZHX0004-O/2017_H5N6,0.055752,0.016921,-0.005786,0.039664,Avian,N6
2260_A/goose/Fujian/10.26,A/goose/Fujian/10.26_FZHX0006-C/2017_H5N6,0.055752,0.016921,-0.005786,0.039664,Avian,N6
2261_A/goose/Fujian/10.26,A/goose/Fujian/10.26_FZHX0006-O/2017_H5N6,0.055752,0.016921,-0.005786,0.039664,Avian,N6
2262_A/goose/Fujian/10.26,A/goose/Fujian/10.26_FZHX0007-O/2017_H5N6,0.063759,0.019803,-0.00775,0.040332,Avian,N6
2263_A/goose/Fujian/10.26,A/goose/Fujian/10.26_FZHX0008-C/2017_H5N6,0.055752,0.016921,-0.005786,0.039664,Avian,N6
2264_A/goose/Fujian/10.26,A/goose/Fujian/10.26_FZHX0014-O/2017_H5N6,0.063759,0.019803,-0.00775,0.040332,Avian,N6
2265_A/goose/Fujian/11.3_,A/goose/Fujian/11.3_FZHX1102-C/2016_H5N6,0.086989,0.036259,0.016562,0.028191,Avian,N6
2266_A/goose/Fujian/3.15_,A/goose/Fujian/3.15_FZHX0001-O/2018_H5N6,0.068224,0.086526,-0.070369,-0.014903,Avian,N6
2267_A/goose/Fujian/3.15_,A/goose/Fujian/3.15_FZHX0005-C/2018_H5N6,0.071043,0.085089,-0.065509,-0.012774,Avian,N6
2268_A/goose/Fujian/3.15_,A/goose/Fujian/3.15_FZHX0007-C/2018_H5N6,0.071274,0.08271,-0.083973,-0.01352,Avian,N6
2269_A/goose/Fujian/3.15_,A/goose/Fujian/3.15_FZHX0008-C/2018_H5N6,0.075478,0.059973,-0.036491,0.00534,Avian,N6
2270_A/goose/Fujian/3.15_,A/goose/Fujian/3.15_FZHX0010-O/2018_H5N6,0.086336,0.078857,-0.066259,-0.024499,Avian,N6
2271_A/goose/GuangDong/11,A/goose/GuangDong/1189/2023_H5N1,-0.074286,-0.071941,-0.107189,-0.000926,Avian,N1
2272_A/goose/Guangdong/7.,A/goose/Guangdong/7.20_DGCP010-C/2017_H5N6,0.069905,0.075998,-0.043529,-0.026771,Avian,N6
2273_A/goose/Guangdong/72,A/goose/Guangdong/72/2004_H5N1,-0.092066,-0.016482,-0.109655,0.025635,Avian,N1
2274_A/goose/Guangdong/QY,A/goose/Guangdong/QY01/2016_H5N6,0.067912,0.085675,-0.048638,-0.002446,Avian,N6
2275_A/goose/Guangdong/k0,A/goose/Guangdong/k0103/2010_H5N5,0.022383,-0.081756,-0.010334,-0.057219,Avian,Others
2276_A/goose/Guangdong/s1,A/goose/Guangdong/s13124/2013_H5N8,0.043706,-0.122716,0.006849,-0.019659,Avian,N8
2277_A/goose/Hebei/HG12/2,A/goose/Hebei/HG12/2021_H5N8,-0.052953,-0.014603,-0.001902,0.085789,Avian,N8
2278_A/goose/Henan/01.01_,A/goose/Henan/01.01_LYGL001-O/2017_H5N6,0.062938,0.045729,0.020063,0.007489,Avian,N6
2279_A/goose/Hong_Kong/23,A/goose/Hong_Kong/23/1978_H5N3,-0.055023,-0.009772,-0.10744,0.048145,Avian,Others
2280_A/goose/Hubei/65/200,A/goose/Hubei/65/2005_H5N1,0.00441,-0.055019,0.036383,-0.024417,Avian,N1
2281_A/goose/Inner_Mongol,A/goose/Inner_Mongolia/IM-192/2014_H5N1,-0.091491,0.021508,0.04165,-0.051233,Avian,N1
2282_A/goose/Jiangsu/QD5/,A/goose/Jiangsu/QD5/2014_H5N8,0.065652,-0.123741,-0.002569,-0.036783,Avian,N8
2283_A/goose/Jiangsu/k040,A/goose/Jiangsu/k0403/2010_H5N1,-0.069373,-0.02684,0.033672,0.035918,Avian,N1
2284_A/goose/Pingtung/150,A/goose/Pingtung/15010007-4/2015_H5N2,-0.124048,0.061384,0.024752,-0.052435,Avian,N2
2285_A/goose/Pingtung/150,A/goose/Pingtung/15010037-1/2015_H5N2,-0.123847,0.062494,0.025036,-0.051605,Avian,N2
2286_A/goose/Pingtung/150,A/goose/Pingtung/15050014/2015_H5N8,0.0723,-0.098985,0.019761,-0.07518,Avian,N8
2287_A/goose/Pingtung/160,A/goose/Pingtung/16010061/2016_H5N8,0.054207,-0.084386,0.018556,-0.06645,Avian,N8
2288_A/goose/Shantou/1763,A/goose/Shantou/1763/2014_H5N6,0.062498,0.039539,0.021178,0.004078,Avian,N6
2289_A/goose/Tainan/16040,A/goose/Tainan/16040018-1/2016_H5N8,0.058465,-0.093124,0.01903,-0.058965,Avian,N8
2290_A/goose/Tainan/16070,A/goose/Tainan/16070002/2016_H5N8,0.069344,-0.09396,0.018211,-0.065804,Avian,N8
2291_A/goose/Tainan/17030,A/goose/Tainan/17030022-1/2017_H5N2,-0.143341,0.063472,0.008718,-0.051792,Avian,N2
2292_A/goose/Tainan/17030,A/goose/Tainan/17030024-1/2017_H5N2,-0.124194,0.07199,0.007535,-0.069574,Avian,N2
2293_A/goose/Tainan/18010,A/goose/Tainan/18010022-1/2018_H5N2,-0.14039,0.088099,-0.004864,-0.063363,Avian,N2
2294_A/goose/Tainan/18050,A/goose/Tainan/18050014-1/2018_H5N2,-0.1234,0.084174,-0.017065,-0.085742,Avian,N2
2295_A/goose/Taiwan/01019,A/goose/Taiwan/01019/2015_H5N8,0.072548,-0.100917,0.018265,-0.07632,Avian,N8
2296_A/goose/Taiwan/01022,A/goose/Taiwan/01022/2015_H5N2,-0.124017,0.067512,0.019019,-0.052237,Avian,N2
2297_A/goose/Taiwan/01023,A/goose/Taiwan/01023/2015_H5N2,-0.113433,0.057214,0.020416,-0.051274,Avian,N2
2298_A/goose/Taiwan/01031,A/goose/Taiwan/01031/2015_H5N2,-0.126552,0.059747,0.025639,-0.051047,Avian,N2
2299_A/goose/Taiwan/01038,A/goose/Taiwan/01038/2015_H5N3,0.0702,-0.102681,0.020773,-0.072195,Avian,Others
2300_A/goose/Taiwan/01039,A/goose/Taiwan/01039/2015_H5N8,0.065317,-0.100741,0.025724,-0.077698,Avian,N8
2301_A/goose/Taiwan/01040,A/goose/Taiwan/01040/2015_H5N2,-0.127672,0.060211,0.019258,-0.056066,Avian,N2
2302_A/goose/Taiwan/TNC1/,A/goose/Taiwan/TNC1/2015_H5N8,0.077526,-0.101312,0.017335,-0.07746,Avian,N8
2303_A/goose/Taiwan/TNC10,A/goose/Taiwan/TNC10/2015_H5N8,0.077526,-0.101312,0.017335,-0.07746,Avian,N8
2304_A/goose/Taiwan/TNC11,A/goose/Taiwan/TNC11/2015_H5N8,0.074233,-0.099794,0.018752,-0.075973,Avian,N8
2305_A/goose/Taiwan/TNC12,A/goose/Taiwan/TNC12/2015_H5N8,0.077526,-0.101312,0.017335,-0.07746,Avian,N8
2306_A/goose/Taiwan/TNC14,A/goose/Taiwan/TNC14/2015_H5N8,0.077526,-0.101312,0.017335,-0.07746,Avian,N8
2307_A/goose/Taiwan/TNC3/,A/goose/Taiwan/TNC3/2015_H5N8,0.074044,-0.10046,0.017331,-0.074881,Avian,N8
2308_A/goose/Taiwan/TNC7/,A/goose/Taiwan/TNC7/2015_H5N8,0.077526,-0.101312,0.017335,-0.07746,Avian,N8
2309_A/goose/Taiwan/TNC9/,A/goose/Taiwan/TNC9/2015_H5N8,0.074044,-0.10046,0.017331,-0.074881,Avian,N8
2310_A/goose/Taiwan/TNO15,A/goose/Taiwan/TNO15/2015_H5N8,0.075948,-0.098339,0.019313,-0.075142,Avian,N8
2311_A/goose/Taiwan/TNO3/,A/goose/Taiwan/TNO3/2015_H5N8,0.07095,-0.092401,0.024521,-0.082256,Avian,N8
2312_A/goose/Taiwan/TNO9/,A/goose/Taiwan/TNO9/2015_H5N8,0.074233,-0.099794,0.018752,-0.075973,Avian,N8
2313_A/goose/Taoyuan/1501,A/goose/Taoyuan/15010041/2015_H5N8,0.08054,-0.099476,0.018895,-0.084107,Avian,N8
2314_A/goose/Taoyuan/1812,A/goose/Taoyuan/18120002-2/2018_H5N2,-0.065834,-0.013561,0.051652,0.041819,Avian,N2
2315_A/goose/Xinjiang/12.,A/goose/Xinjiang/12.18_WLMQXL001-C/2016_H5N6,0.062517,0.040377,-0.018307,-0.022019,Avian,N6
2316_A/goose/Xinjiang/12.,A/goose/Xinjiang/12.18_WLMQXL002-O/2016_H5N6,0.062517,0.040377,-0.018307,-0.022019,Avian,N6
2317_A/goose/Xinjiang/12.,A/goose/Xinjiang/12.18_WLMQXL003-C/2016_H5N8,-0.029152,-0.031891,0.099134,0.017498,Avian,N8
2318_A/goose/Xinjiang/12.,A/goose/Xinjiang/12.18_WLMQXL003-O/2016_H5N8,-0.029101,-0.0312,0.099734,0.017687,Avian,N8
2319_A/goose/Xinjiang/12.,A/goose/Xinjiang/12.18_WLMQXL004-C/2016_H5N8,-0.029101,-0.0312,0.099734,0.017687,Avian,N8
2320_A/goose/Xinjiang/12.,A/goose/Xinjiang/12.18_WLMQXL004-O/2016_H5N8,-0.029101,-0.0312,0.099734,0.017687,Avian,N8
2321_A/goose/Yangzhou/042,A/goose/Yangzhou/0420/2014_H5N8,0.050088,-0.125114,-0.007207,-0.037666,Avian,N8
2322_A/goose/Yangzhou/YZ5,A/goose/Yangzhou/YZ587/2016_H5N6,0.098421,0.041332,-0.017713,0.022683,Avian,N6
2323_A/goose/Yunlin/15010,A/goose/Yunlin/15010005/2015_H5N2,-0.126774,0.062195,0.02156,-0.048952,Avian,N2
2324_A/goose/Yunlin/15010,A/goose/Yunlin/15010009-1/2015_H5N2,-0.126543,0.062384,0.022074,-0.049306,Avian,N2
2325_A/goose/Yunlin/15010,A/goose/Yunlin/15010010-2/2015_H5N2,-0.126543,0.062384,0.022074,-0.049306,Avian,N2
2326_A/goose/Yunlin/15010,A/goose/Yunlin/15010011-1/2015_H5N2,-0.126543,0.062384,0.022074,-0.049306,Avian,N2
2327_A/goose/Yunlin/15010,A/goose/Yunlin/15010029-1/2015_H5N2,-0.126543,0.062384,0.022074,-0.049306,Avian,N2
2328_A/goose/Yunlin/15040,A/goose/Yunlin/15040040/2015_H5N8,0.06836,-0.097301,0.014099,-0.074533,Avian,N8
2329_A/goose/Yunlin/16020,A/goose/Yunlin/16020008-4/2016_H5N2,-0.125841,0.072006,0.02248,-0.044215,Avian,N2
2330_A/goose/Yunlin/16020,A/goose/Yunlin/16020011-1/2016_H5N2,-0.123114,0.059846,0.024697,-0.052426,Avian,N2
2331_A/goose/Yunlin/16040,A/goose/Yunlin/16040002-2/2016_H5N2,-0.12242,0.067337,0.015137,-0.041085,Avian,N2
2332_A/goose/Yunlin/17100,A/goose/Yunlin/17100005/2017_H5N2,-0.138261,0.075349,-0.00324,-0.085892,Avian,N2
2333_A/goose/Yunlin/18030,A/goose/Yunlin/18030020-2/2018_H5N2,-0.144037,0.049336,0.02582,-0.053747,Avian,N2
2334_A/goose/Yunlin/18030,A/goose/Yunlin/18030020-3/2018_H5N2,-0.144037,0.049336,0.02582,-0.053747,Avian,N2
2335_A/goose/Yunlin/18040,A/goose/Yunlin/18040002-3/2018_H5N2,-0.122412,0.068494,-0.00585,-0.054961,Avian,N2
2336_A/goose/Yunlin/18040,A/goose/Yunlin/18040018-2/2018_H5N2,-0.133226,0.084985,-0.005534,-0.094072,Avian,N2
2337_A/goose/Yunlin/18090,A/goose/Yunlin/18090002-3/2018_H5N2,-0.123607,0.078172,-0.006941,-0.096366,Avian,N2
2338_A/goose/Yunlin/18090,A/goose/Yunlin/18090006-1/2018_H5N2,-0.1186,-0.02542,-0.006985,0.027709,Avian,N2
2339_A/goose/Yunlin/18110,A/goose/Yunlin/18110002-3/2018_H5N2,-0.064079,-0.001423,0.053206,0.04814,Avian,N2
2340_A/goose/Yunnan/3798/,A/goose/Yunnan/3798/2006_H5N1,0.015317,-0.025782,0.020958,-0.05204,Avian,N1
2341_A/goose/Yunnan/4371/,A/goose/Yunnan/4371/2006_H5N1,0.044029,-0.043809,0.022274,-0.035084,Avian,N1
2342_A/goose/Yunnan/4389/,A/goose/Yunnan/4389/2006_H5N1,0.044029,-0.043809,0.022274,-0.035084,Avian,N1
2343_A/goose/Yunnan/4985/,A/goose/Yunnan/4985/2006_H5N1,0.038501,-0.051913,0.018093,-0.038755,Avian,N1
2344_A/goose/Yunnan/5141/,A/goose/Yunnan/5141/2006_H5N1,0.015537,-0.034982,0.003371,-0.028856,Avian,N1
2345_A/goose/Yunnan/5769/,A/goose/Yunnan/5769/2006_H5N1,-0.012646,-0.060117,0.023858,-0.014448,Avian,N1
2346_A/goose/Yunnan/5979/,A/goose/Yunnan/5979/2006_H5N1,-0.004639,-0.057235,0.021895,-0.01378,Avian,N1
2347_A/goose/Yunnan/6193/,A/goose/Yunnan/6193/2006_H5N1,0.007281,-0.016886,0.011689,-0.029535,Avian,N1
2348_A/goose/Zhejiang/112,A/goose/Zhejiang/1120132/2014_H5N6,0.068147,0.021845,0.006287,0.015166,Avian,N6
2349_A/goose/Zhejiang/112,A/goose/Zhejiang/112071/2014_H5N1,0.063224,0.002563,0.006254,-0.027197,Avian,N1
2350_A/goose/Zhejiang/112,A/goose/Zhejiang/112080/2014_H5N6,0.050384,0.016981,-0.002636,0.014768,Avian,N6
2351_A/goose/Zhejiang/727,A/goose/Zhejiang/727092/2014_H5N6,0.070564,0.041401,0.013186,-0.008758,Avian,N6
2352_A/goose/Zhejiang/727,A/goose/Zhejiang/727098/2014_H5N1,0.047981,0.000675,0.018624,-0.024977,Avian,N1
2353_A/goose/Zhejiang/727,A/goose/Zhejiang/727110/2014_H5N6,0.069024,0.038339,0.008635,-0.004435,Avian,N6
2354_A/goose/Zhejiang/771,A/goose/Zhejiang/77166/2014_H5N2,0.070276,0.0162,0.021768,-0.006689,Avian,N2
2355_A/goose/Zhejiang/771,A/goose/Zhejiang/77167/2014_H5N2,0.068322,0.017039,0.019303,-0.012685,Avian,N2
2356_A/goose/Zhejiang/771,A/goose/Zhejiang/77168/2014_H5N2,0.068322,0.017039,0.019303,-0.012685,Avian,N2
2357_A/goose/Zhejiang/925,A/goose/Zhejiang/925036/2014_H5N6,0.070428,0.022067,-0.003356,0.012005,Avian,N6
2358_A/goose/Zhejiang/925,A/goose/Zhejiang/925037/2014_H5N8,-0.051294,-0.028012,-0.016348,0.016449,Avian,N8
2359_A/goose/Zhejiang/925,A/goose/Zhejiang/925104/2014_H5N8,0.058769,-0.10326,-0.026853,-0.037088,Avian,N8
2360_A/goose/Zhejiang/925,A/goose/Zhejiang/925105/2014_H5N6,0.054795,0.025183,0.010941,0.019472,Avian,N6
2361_A/goose/Zhejiang/925,A/goose/Zhejiang/925106/2014_H5N6,0.064709,-0.102751,-0.013608,-0.031602,Avian,N6
2362_A/goose/Zhejiang/925,A/goose/Zhejiang/925108/2014_H5N6,0.054795,0.025183,0.010941,0.019472,Avian,N6
2363_A/great_black-headed,A/great_black-headed_gull/Qinghai/8/2009_H5N1,-0.053074,-0.021161,0.023958,0.042172,Avian,N1
2364_A/great_crested-greb,A/great_crested-grebe/Qinghai/1/2009_H5N1,-0.063958,-0.026176,0.034306,0.043206,Avian,N1
2365_A/great_egret/Hong_K,A/great_egret/Hong_Kong/807/2008_H5N1,0.034382,-0.036657,0.011961,-0.038931,Avian,N1
2366_A/great_tit/Panjing/,A/great_tit/Panjing/PJ-66/2013_H5N1,-0.104102,-0.101895,-0.005063,0.029995,Avian,N1
2367_A/green-winged_teal/,A/green-winged_teal/Xianghai/430/2011_H5N2,-0.074403,-0.012586,-0.05721,0.028114,Avian,N2
2368_A/grey_heron/Hong_Ko,A/grey_heron/Hong_Kong/1046/2008_H5N1,0.036211,-0.021104,0.004634,-0.031953,Avian,N1
2369_A/grey_heron/Hong_Ko,A/grey_heron/Hong_Kong/3088/2007_H5N1,0.034899,-0.024804,0.006162,-0.039289,Avian,N1
2370_A/heron/Kaohsiung/15,A/heron/Kaohsiung/15WB3284-1-5/2015_H5N3,-0.058698,-0.015763,0.087956,0.027321,Avian,Others
2371_A/heron/Yilan/17DB00,A/heron/Yilan/17DB0001/2017_H5N2,-0.158321,0.050547,0.025897,-0.050906,Avian,N2
2372_A/hill_myna/Heilongj,A/hill_myna/Heilongjiang/0704/2012_H5N1,0.059168,-0.003589,0.009272,-0.038028,Avian,N1
2373_A/lesser_kestrel/Hei,A/lesser_kestrel/Heilongjiang/194/2007_H5N1,0.015414,-0.040186,0.036657,-0.020532,Avian,N1
2374_A/lion/Hubei/1-2/201,A/lion/Hubei/1-2/2016_H5N1,-0.069415,-0.048231,0.010732,0.041912,Nonhuman Mammal,N1
2375_A/little_egret/Hong_,A/little_egret/Hong_Kong/8550/2007_H5N1,0.016795,-0.023668,0.003058,-0.057177,Avian,N1
2376_A/little_grebe/Xiang,A/little_grebe/Xianghai/429/2011_H5N2,-0.108707,-0.008754,-0.106091,0.000751,Avian,N2
2377_A/magpie_robin/Hong_,A/magpie_robin/Hong_Kong/1097/2008_H5N1,0.046009,-0.029655,0.007509,-0.040505,Avian,N1
2378_A/magpie_robin/Hong_,A/magpie_robin/Hong_Kong/1897/2008_H5N1,0.046009,-0.029655,0.007509,-0.040505,Avian,N1
2379_A/mallard/Shanghai/S,A/mallard/Shanghai/SH-9/2013_H5N8,0.042824,-0.136331,-0.003048,-0.037661,Avian,N8
2380_A/meerkat/Shanghai/S,A/meerkat/Shanghai/SH-1/2012_H5N1,0.045121,0.008784,0.003163,-0.015445,Avian,N1
2381_A/migratory_waterfow,A/migratory_waterfowl/Hubei/Chenhu1306/2014_H5N6,0.054599,0.018828,0.007651,0.017772,Avian,N6
2382_A/migratory_waterfow,A/migratory_waterfowl/Hubei/Chenhu1347/2014_H5N6,0.054599,0.018828,0.007651,0.017772,Avian,N6
2383_A/mink/China/181/201,A/mink/China/181/2019_H5N6,0.074949,0.094682,-0.068102,-0.007067,Nonhuman Mammal,N6
2384_A/mink/China/183/201,A/mink/China/183/2019_H5N6,0.069717,0.117296,-0.085606,-0.018937,Nonhuman Mammal,N6
2385_A/mink/China/191/201,A/mink/China/191/2019_H5N6,0.077184,0.110151,-0.084239,-0.014368,Nonhuman Mammal,N6
2386_A/mink/China/456/201,A/mink/China/456/2018_H5N6,-0.101793,-0.014555,-0.042764,0.005476,Nonhuman Mammal,N6
2387_A/mink/China/G/2015_,A/mink/China/G/2015_H5N1,0.072479,-0.009194,0.009204,-0.013704,Nonhuman Mammal,N1
2388_A/mink/China/XB/2015,A/mink/China/XB/2015_H5N1,-0.064755,-0.033531,0.013908,0.044375,Nonhuman Mammal,N1
2389_A/mink/Eastern_China,A/mink/Eastern_China/006/2018_H5N6,-0.008174,-0.032927,0.106978,0.016797,Nonhuman Mammal,N6
2390_A/mink/Eastern_China,A/mink/Eastern_China/0712/2018_H5N1,-0.063327,-0.026984,-0.100457,-0.011425,Nonhuman Mammal,N1
2391_A/mink/Eastern_China,A/mink/Eastern_China/149/2018_H5N6,0.060414,0.076798,-0.062625,-0.013095,Nonhuman Mammal,N6
2392_A/mink/Eastern_China,A/mink/Eastern_China/528/2018_H5N6,-0.012173,-0.033773,0.110095,0.019658,Nonhuman Mammal,N6
2393_A/mink/Eastern_China,A/mink/Eastern_China/571/2018_H5N6,0.089336,0.0825,-0.06658,-0.016333,Nonhuman Mammal,N6
2394_A/mink/Northern_Chin,A/mink/Northern_China/110/2018_H5N6,-0.054594,-0.099962,-0.041363,0.024445,Nonhuman Mammal,N6
2395_A/night_heron/Taiwan,A/night_heron/Taiwan/A289/2015_H5N2,-0.126543,0.062384,0.022074,-0.049306,Avian,N2
2396_A/oriental_magpie_ro,A/oriental_magpie_robin/HK/6154/2015_H5N6,-0.095146,-0.108475,-0.054714,-0.000121,Avian,N6
2397_A/ostrich/Suzhou/097,A/ostrich/Suzhou/097/2003_H5N1,-0.060218,0.000979,-0.102025,0.055367,Avian,N1
2398_A/parrot/Guangdong/2,A/parrot/Guangdong/258/2004_H5N2,-0.055799,-0.047258,-0.036022,0.05087,Avian,N2
2399_A/parrot/Guangdong/C,A/parrot/Guangdong/C99/2005_H5N1,-0.069614,-0.040828,-0.112411,0.039623,Avian,N1
2400_A/partridge/Shantou/,A/partridge/Shantou/2886/2003_H5N1,-0.09583,-0.018242,-0.03042,0.030041,Avian,N1
2401_A/peacock/Yunnan/1/2,A/peacock/Yunnan/1/2015_H5N1,-0.055233,-0.050981,0.015589,0.041239,Avian,N1
2402_A/peacock/Yunnan/3/2,A/peacock/Yunnan/3/2015_H5N1,-0.059921,-0.051946,0.014675,0.036813,Avian,N1
2403_A/peregrine_falcon/H,A/peregrine_falcon/Hong_Kong/2142/2008_H5N1,0.020377,-0.047816,-0.004512,-0.042548,Avian,N1
2404_A/pheasant/Shantou/3,A/pheasant/Shantou/3535/2003_H5N1,-0.081004,-0.032779,-0.097104,0.03052,Avian,N1
2405_A/pheasant/Shantou/4,A/pheasant/Shantou/4567/2002_H5N1,-0.070394,-0.020007,-0.108136,0.036425,Avian,N1
2406_A/pied_megpie/Liaoni,A/pied_megpie/Liaoning/7/2006_H5N1,-0.057302,-0.013125,-0.159611,0.039346,Avian,N1
2407_A/pigeon/Fujian/1.17,A/pigeon/Fujian/1.17_FZHX0104-O/2017_H5N6,0.086791,0.03517,0.016284,0.027376,Avian,N6
2408_A/pigeon/Hainan/1.14,A/pigeon/Hainan/1.14_HKPL006-C/2018_H5N6,0.07887,0.08662,-0.071201,-0.009282,Avian,N6
2409_A/pigeon/Hubei/RP25/,A/pigeon/Hubei/RP25/2012_H5N1,0.010309,-0.046956,0.023292,-0.008486,Avian,N1
2410_A/pigeon/Sichuan/NCX,A/pigeon/Sichuan/NCXN29/2014_H5N1,0.079793,0.029198,0.02928,-0.008473,Avian,N1
2411_A/pigeon/Zhejiang/11,A/pigeon/Zhejiang/112089/2014_H5N1,0.045736,0.011625,0.009802,-0.030391,Avian,N1
2412_A/pigeon/Zhejiang/11,A/pigeon/Zhejiang/112090/2014_H5N1,0.062918,-0.000102,0.000889,-0.035556,Avian,N1
2413_A/pigeon/Zhejiang/72,A/pigeon/Zhejiang/727097/2014_H5N1,0.051571,-0.000204,0.018629,-0.027636,Avian,N1
2414_A/plateau_pika/Qingh,A/plateau_pika/Qinghai/04/2007_H5N1,-0.040755,0.004615,-0.056904,0.004189,Nonhuman Mammal,N1
2415_A/quail/Guangxi/11/2,A/quail/Guangxi/11/2002_H5N1,-0.047131,-0.013669,-0.063893,0.048995,Avian,N1
2416_A/quail/Guangxi/12/2,A/quail/Guangxi/12/2002_H5N1,-0.049778,-0.01414,-0.063354,0.05336,Avian,N1
2417_A/quail/Guangxi/13/2,A/quail/Guangxi/13/2002_H5N1,-0.047131,-0.013669,-0.063893,0.048995,Avian,N1
2418_A/quail/Jiangsu/k010,A/quail/Jiangsu/k0104/2010_H5N5,0.023225,-0.073473,-0.008863,-0.05686,Avian,Others
2419_A/quail/Nanchang/663,A/quail/Nanchang/6631/2013_H5N1,0.062846,0.006228,0.003719,-0.003051,Avian,N1
2420_A/shrike/Tibet/13/20,A/shrike/Tibet/13/2006_H5N1,-0.009839,-0.042347,0.021402,-0.040828,Avian,N1
2421_A/silkie_chicken/Don,A/silkie_chicken/Dongguan/2809/2013_H5N6,0.076138,0.046063,0.011273,0.006866,Avian,N6
2422_A/silky_chicken/Shan,A/silky_chicken/Shantou/475/2004_H5N1,-0.103995,-0.014311,-0.112253,0.037441,Avian,N1
2423_A/spot-billed_duck/N,A/spot-billed_duck/Ningxia/YG83/2017_H5N6,-0.072929,0.033483,-0.023083,0.027608,Avian,N6
2424_A/spot-billed_duck/N,A/spot-billed_duck/Ningxia/YG87/2017_H5N6,-0.066509,0.029828,-0.022789,0.028261,Avian,N6
2425_A/spot-billed_duck/N,A/spot-billed_duck/Ningxia/YG93/2017_H5N6,-0.098068,-0.004404,0.014049,0.034069,Avian,N6
2426_A/spot-billed_duck/X,A/spot-billed_duck/Xianghai/427/2011_H5N2,-0.103856,0.006194,0.000874,0.002947,Avian,N2
2427_A/swan_goose/Jilin/J,A/swan_goose/Jilin/JL01/2014_H5N6,0.067424,0.004657,-0.006554,0.011995,Avian,N6
2428_A/swan/China/ST/2016,A/swan/China/ST/2016_H5N8,-0.030506,-0.021351,0.112245,0.036151,Avian,N8
2429_A/swan/Shandong/W376,A/swan/Shandong/W3762/2020_H5N8,-0.056197,0.026507,0.053281,-0.035371,Avian,N8
2430_A/swan/Shanghai/10/2,A/swan/Shanghai/10/2009_H5N1,0.019473,-0.01499,-0.009942,-0.044582,Avian,N1
2431_A/swine/China/RZ/201,A/swine/China/RZ/2018_H5N6,0.094277,0.092598,-0.066936,-0.001391,Nonhuman Mammal,N6
2432_A/swine/Guangdong/1/,A/swine/Guangdong/1/2014_H5N6,0.076828,0.036127,0.004514,0.002942,Nonhuman Mammal,N6
2433_A/swine/Guangdong/2/,A/swine/Guangdong/2/2014_H5N6,0.08011,0.031264,0.005411,0.009031,Nonhuman Mammal,N6
2434_A/swine/Guangxi/592/,A/swine/Guangxi/592/2011_H5N1,0.076035,-0.001478,0.006177,0.005152,Nonhuman Mammal,N1
2435_A/swine/Jiangsu/1/20,A/swine/Jiangsu/1/2008_H5N1,-0.100243,0.022628,0.020948,-0.03973,Nonhuman Mammal,N1
2436_A/swine/Jiangsu/2/20,A/swine/Jiangsu/2/2009_H5N1,0.010491,-0.093571,0.028283,-0.022646,Nonhuman Mammal,N1
2437_A/swine/Shandong/SD1,A/swine/Shandong/SD1/2014_H5N1,-0.074354,-0.015268,-0.067599,0.056815,Nonhuman Mammal,N1
2438_A/swine/Zhejiang/SW5,A/swine/Zhejiang/SW57/2015_H5N1,0.047981,0.000675,0.018624,-0.024977,Nonhuman Mammal,N1
2439_A/thrush/Taipei_City,A/thrush/Taipei_City/15120021/2015_H5N2,-0.1091,0.049684,0.021954,-0.044425,Avian,N2
2440_A/thrush/Taiwan/A234,A/thrush/Taiwan/A234/2015_H5N2,-0.125544,0.063674,0.015251,-0.047922,Avian,N2
2441_A/tiger/Yunnan/tig14,A/tiger/Yunnan/tig1404/2014_H5N1,0.078396,0.032257,0.016602,0.011614,Nonhuman Mammal,N1
2442_A/tiger/Yunnan/tig14,A/tiger/Yunnan/tig1412/2014_H5N1,0.079845,0.012527,0.00242,0.017688,Nonhuman Mammal,N1
2443_A/tiger/Yunnan/tig15,A/tiger/Yunnan/tig1508/2015_H5N1,-0.072991,-0.044218,0.001851,0.053884,Nonhuman Mammal,N1
2444_A/turkey/Changhua/16,A/turkey/Changhua/16010011-1/2016_H5N2,-0.123104,0.062317,0.025712,-0.050699,Avian,N2
2445_A/turkey/Chiayi/1702,A/turkey/Chiayi/17020092-2/2017_H5N8,0.05261,-0.098584,0.0282,-0.059332,Avian,N8
2446_A/turkey/Chiayi/1801,A/turkey/Chiayi/18010013-3/2018_H5N2,-0.144329,0.078743,-0.003543,-0.063521,Avian,N2
2447_A/turkey/Yunlin/1506,A/turkey/Yunlin/15060049-1/2015_H5N2,-0.128186,0.061383,-0.005409,-0.042342,Avian,N2
2448_A/turkey/Yunlin/1802,A/turkey/Yunlin/18020020-2/2018_H5N2,-0.141687,0.076121,-0.001607,-0.064521,Avian,N2
2449_A/turkey/Yunlin/1811,A/turkey/Yunlin/18110001-3/2018_H5N2,-0.127827,0.080101,-0.000421,-0.099332,Avian,N2
2450_A/turkey/Yunlin/1812,A/turkey/Yunlin/18120005-2/2018_H5N2,-0.062393,-0.004546,0.054959,0.045434,Avian,N2
2451_A/turtle_dove/Guangd,A/turtle_dove/Guangdong/300/2005_H5N1,0.005839,-0.053453,0.032964,-0.021755,Avian,N1
2452_A/turtledove/Wuhan/H,A/turtledove/Wuhan/HKBJ43/2015_H5N6,0.073152,0.053826,0.017668,0.007973,Avian,N6
2453_A/turtledove/Wuhan/W,A/turtledove/Wuhan/WHBJ12/2014_H5N6,0.073152,0.053826,0.017668,0.007973,Avian,N6
2454_A/turtledove/Wuhan/W,A/turtledove/Wuhan/WHBJ28/2014_H5N6,0.073152,0.053826,0.017668,0.007973,Avian,N6
2455_A/waterfowl/Hong_Kon,A/waterfowl/Hong_Kong/378.5/2001_H5N1,-0.078603,-0.011102,-0.087047,0.034141,Avian,N1
2456_A/white-naped_crane/,A/white-naped_crane/China/ya3/2018_H5N6,0.067128,0.016927,-0.011206,0.044399,Avian,N6
2457_A/whooper_swan/Shanx,A/whooper_swan/Shanxi/RC01/2016_H5N8,-0.020956,-0.025337,0.107498,0.031257,Avian,N8
2458_A/wild_bird/Eastern_,A/wild_bird/Eastern_China/1754/2017_H5N3,-0.058014,-0.01718,0.116459,0.054791,Avian,Others
2459_A/wild_bird/Eastern_,A/wild_bird/Eastern_China/1758/2017_H5N3,-0.058982,-0.020391,0.11238,0.053876,Avian,Others
2460_A/wild_bird/Eastern_,A/wild_bird/Eastern_China/1759/2017_H5N3,-0.057991,-0.017506,0.116569,0.054339,Avian,Others
2461_A/wild_bird/Taipei/0,A/wild_bird/Taipei/04WB12-522-11-15/2004_H5N6,-0.075097,-0.013102,-0.049025,0.049955,Avian,N6
2462_A/wild_duck/Fujian/1,A/wild_duck/Fujian/1/2011_H5N1,0.075852,0.009513,0.005099,-0.017276,Avian,N1
2463_A/wild_duck/Fujian/2,A/wild_duck/Fujian/2/2011_H5N1,0.085578,-0.004505,0.014273,-0.006553,Avian,N1
2464_A/wild_duck/Jilin/HF,A/wild_duck/Jilin/HF/2011_H5N1,-0.071804,-0.035058,0.015329,0.0472,Avian,N1
2465_A/wild_duck/Jilin/ZF,A/wild_duck/Jilin/ZF/2011_H5N1,-0.077395,-0.002849,0.057574,0.027451,Avian,N1
2466_A/wild_duck/Liaoning,A/wild_duck/Liaoning/8/2006_H5N1,-0.075284,-0.029391,-0.140225,0.0416,Avian,N1
2467_A/wild_duck/Shandong,A/wild_duck/Shandong/1/2011_H5N1,-0.065276,-0.013688,0.037977,-0.00084,Avian,N1
2468_A/wild_duck/Shandong,A/wild_duck/Shandong/2/2011_H5N1,-0.060574,-0.055569,0.033239,0.029197,Avian,N1
2469_A/wild_duck/Shandong,A/wild_duck/Shandong/628/2011_H5N1,0.032509,-0.127779,0.010542,-0.025463,Avian,N1
2470_A/wild_duck/Shandong,A/wild_duck/Shandong/W3580/2020_H5N8,-0.038877,-0.015351,-0.008346,0.09416,Avian,N8
2471_A/wild_pigeon/Jilin/,A/wild_pigeon/Jilin/CC01/2014_H5N6,0.069276,0.025828,0.001215,-0.006673,Avian,N6
2472_A/Eurasian_Wigeon/Ni,A/Eurasian_Wigeon/Ningxia/476-12/2015_H5N6,0.070793,0.061023,-0.032383,-0.019254,Avian,N6
