label,Isolate,Axis1,Axis2,Axis3,Axis4,Segment
1_A/Anser_cygnoides/Hu,A/Anser_cygnoides/Hubei/FW44/2016,-0.114808,-0.062696,0.00225,-0.11618,HA
2_A/bar_headed_goose/T,A/bar_headed_goose/Tibet/T1707/2021,-0.100115,-0.065284,0.026901,-0.091124,HA
3_A/Bar-headed_Goose/Q,A/Bar-headed_Goose/Qinghai/A11/2016,-0.121224,-0.051655,0.008784,-0.11041,HA
4_A/Bar-headed_Goose/Q,A/Bar-headed_Goose/Qinghai/A13/2016,-0.132,-0.050247,0.013232,-0.108114,HA
5_A/Bar-headed_Goose/Q,A/Bar-headed_Goose/Qinghai/a15/2016,-0.120615,-0.050706,0.013771,-0.113884,HA
6_A/Bar-headed_Goose/Q,A/Bar-headed_Goose/Qinghai/A16/2016,-0.121224,-0.051655,0.008784,-0.11041,HA
7_A/Bar-headed_Goose/Q,A/Bar-headed_Goose/Qinghai/A17/2016,-0.121216,-0.051951,0.009224,-0.109281,HA
8_A/Bar-headed_Goose/Q,A/Bar-headed_Goose/Qinghai/A19/2016,-0.128834,-0.046056,0.005221,-0.107521,HA
9_A/Bar-headed_Goose/Q,A/Bar-headed_Goose/Qinghai/A20/2016,-0.107357,-0.063964,-0.012848,-0.107884,HA
10_A/Bar-headed_Goose/Q,A/Bar-headed_Goose/Qinghai/A22/2016,-0.11557,-0.035902,0.011887,-0.089381,HA
11_A/Bar-headed_Goose/Q,A/Bar-headed_Goose/Qinghai/A23/2016,-0.121216,-0.051951,0.009224,-0.109281,HA
12_A/Bar-headed_Goose/Q,A/Bar-headed_Goose/Qinghai/a24/2016,-0.12238,-0.049536,0.006622,-0.107537,HA
13_A/Bar-headed_Goose/Q,A/Bar-headed_Goose/Qinghai/a26/2016,-0.108798,-0.059202,0.018493,-0.108278,HA
14_A/Bar-headed_Goose/Q,A/Bar-headed_Goose/Qinghai/a27/2016,-0.125505,-0.054336,0.01035,-0.107613,HA
15_A/Bar-headed_Goose/Q,A/Bar-headed_Goose/Qinghai/a32/2016,-0.110336,-0.062955,0.006035,-0.102929,HA
16_A/Bar-headed_Goose/Q,A/Bar-headed_Goose/Qinghai/a43/2016,-0.125675,-0.050177,0.017426,-0.108988,HA
17_A/Bar-headed_Goose/Q,A/Bar-headed_Goose/Qinghai/a45/2016,-0.127548,-0.051724,0.00459,-0.109537,HA
18_A/Bar-headed_Goose/Q,A/Bar-headed_Goose/Qinghai/a61/2016,-0.119249,-0.052858,0.007338,-0.112116,HA
19_A/Bar-headed_Goose/Q,A/Bar-headed_Goose/Qinghai/a88/2016,-0.12588,-0.055428,0.006728,-0.113855,HA
20_A/Bar-headed_Goose/Q,A/Bar-headed_Goose/Qinghai/a91/2016,-0.110438,-0.042466,0.013097,-0.105933,HA
21_A/Bar-headed_Goose/Q,A/Bar-headed_Goose/Qinghai/a92/2016,-0.111633,-0.053181,0.007666,-0.116225,HA
22_A/Bar-headed_Goose/Q,A/Bar-headed_Goose/Qinghai/a93/2016,-0.11319,-0.040721,0.007713,-0.099695,HA
23_A/Bar-headed_Goose/Q,A/Bar-headed_Goose/Qinghai/a113/2016,-0.128301,-0.056103,0.002327,-0.110479,HA
24_A/Bar-headed_Goose/Q,A/Bar-headed_Goose/Qinghai/a114/2016,-0.121216,-0.051951,0.009224,-0.109281,HA
25_A/Bar-headed_Goose/Q,A/Bar-headed_Goose/Qinghai/a115/2016,-0.094805,-0.050503,0.012393,-0.078956,HA
26_A/Bar-headed_Goose/Q,A/Bar-headed_Goose/Qinghai/a210/2017,-0.119277,-0.05072,0.007105,-0.113248,HA
27_A/Bar-headed_Goose/Q,A/Bar-headed_Goose/Qinghai/a218/2017,-0.123341,-0.05375,0.007662,-0.107058,HA
28_A/Bar-headed_Goose/Q,A/Bar-headed_Goose/Qinghai/a237/2017,-0.127075,-0.057974,0.004063,-0.110098,HA
29_A/Bar-headed_Goose/Q,A/Bar-headed_Goose/Qinghai/a765/2017,-0.126911,-0.048425,0.016581,-0.113243,HA
30_A/Bar-headed_Goose/Q,A/Bar-headed_Goose/Qinghai/a893/2017,-0.119277,-0.05072,0.007105,-0.113248,HA
31_A/Bar-headed_Goose/Q,A/Bar-headed_Goose/Qinghai/B11/2016,-0.116316,-0.053023,0.016644,-0.109901,HA
32_A/Bar-headed_Goose/Q,A/Bar-headed_Goose/Qinghai/B12/2016,-0.119249,-0.052858,0.007338,-0.112116,HA
33_A/Bar-headed_Goose/Q,A/Bar-headed_Goose/Qinghai/B34/2016,-0.132459,-0.053883,0.021877,-0.120943,HA
34_A/Bar-headed_Goose/Q,A/Bar-headed_Goose/Qinghai/B44/2016,-0.12561,-0.053928,0.002616,-0.107551,HA
35_A/Bar-headed_Goose/Q,A/Bar-headed_Goose/Qinghai/B51/2016,-0.119249,-0.052858,0.007338,-0.112116,HA
36_A/Bar-headed_Goose/Q,A/Bar-headed_Goose/Qinghai/B54/2016,-0.120052,-0.055677,0.007105,-0.114234,HA
37_A/Bar-headed_Goose/Q,A/Bar-headed_Goose/Qinghai/B655/2017,-0.117102,-0.057942,0.000546,-0.109588,HA
38_A/Bar-headed_Goose/Q,A/Bar-headed_Goose/Qinghai/BTY1-B/2016,-0.120052,-0.055677,0.007105,-0.114234,HA
39_A/Bar-headed_Goose/Q,A/Bar-headed_Goose/Qinghai/BTY2-B/2016,-0.119249,-0.052858,0.007338,-0.112116,HA
40_A/Bar-headed_Goose/Q,A/Bar-headed_Goose/Qinghai/BTY2-LU/2016,-0.119249,-0.052858,0.007338,-0.112116,HA
41_A/Bar-headed_Goose/Q,A/Bar-headed_Goose/Qinghai/BTY3-B/2016,-0.124678,-0.059319,0.008753,-0.1099,HA
42_A/Bar-headed_Goose/Q,A/Bar-headed_Goose/Qinghai/BTY3-LU/2016,-0.124678,-0.059319,0.008753,-0.1099,HA
43_A/Bar-headed_Goose/Q,A/Bar-headed_Goose/Qinghai/BTY4-B/2016,-0.124678,-0.059319,0.008753,-0.1099,HA
44_A/Bar-headed_Goose/Q,A/Bar-headed_Goose/Qinghai/BTY4-LU/2016,-0.124678,-0.059319,0.008753,-0.1099,HA
45_A/Bar-headed_Goose/Q,A/Bar-headed_Goose/Qinghai/BTY5-B/2016,-0.119788,-0.055442,0.006955,-0.11414,HA
46_A/Bar-headed_Goose/Q,A/Bar-headed_Goose/Qinghai/BTY6-B/2016,-0.121224,-0.051655,0.008784,-0.11041,HA
47_A/Bar-headed_Goose/Q,A/Bar-headed_Goose/Qinghai/BTY6-LU/2016,-0.121224,-0.051655,0.008784,-0.11041,HA
48_A/Bar-headed_Goose/Q,A/Bar-headed_Goose/Qinghai/BTY7-B/2016,-0.121224,-0.051655,0.008784,-0.11041,HA
49_A/Bar-headed_Goose/Q,A/Bar-headed_Goose/Qinghai/BTY7-LU1/2016,-0.121224,-0.051655,0.008784,-0.11041,HA
50_A/Bar-headed_Goose/Q,A/Bar-headed_Goose/Qinghai/BTY7-LU2/2016,-0.121224,-0.051655,0.008784,-0.11041,HA
51_A/Bar-headed_Goose/Q,A/Bar-headed_Goose/Qinghai/BTY8-B/2016,-0.120052,-0.055677,0.007105,-0.114234,HA
52_A/Bar-headed_Goose/Q,A/Bar-headed_Goose/Qinghai/BTY8-LU/2016,-0.120052,-0.055677,0.007105,-0.114234,HA
53_A/Bar-headed_Goose/Q,A/Bar-headed_Goose/Qinghai/BTY9-B/2016,-0.119549,-0.052077,0.0069,-0.113171,HA
54_A/Bar-headed_Goose/Q,A/Bar-headed_Goose/Qinghai/BTY9-LU/2016,-0.119549,-0.052077,0.0069,-0.113171,HA
55_A/Bar-headed_Goose/Q,A/Bar-headed_Goose/Qinghai/BTY10-B/2016,-0.121224,-0.051655,0.008784,-0.11041,HA
56_A/Bar-headed_Goose/Q,A/Bar-headed_Goose/Qinghai/BTY10-LU/2016,-0.121224,-0.051655,0.008784,-0.11041,HA
57_A/Bar-headed_Goose/Q,A/Bar-headed_Goose/Qinghai/BTY11-B/2016,-0.119337,-0.052264,0.011534,-0.108308,HA
58_A/Bar-headed_Goose/Q,A/Bar-headed_Goose/Qinghai/BTY11-LU/2016,-0.119337,-0.052264,0.011534,-0.108308,HA
59_A/Bar-headed_Goose/Q,A/Bar-headed_Goose/Qinghai/BTY12-B/2016,-0.120044,-0.055974,0.007545,-0.113104,HA
60_A/Bar-headed_Goose/Q,A/Bar-headed_Goose/Qinghai/BTY12-LU/2016,-0.120052,-0.055677,0.007105,-0.114234,HA
61_A/Bar-headed_Goose/Q,A/Bar-headed_Goose/Qinghai/BTY13-B/2016,-0.121224,-0.051655,0.008784,-0.11041,HA
62_A/Bar-headed_Goose/Q,A/Bar-headed_Goose/Qinghai/BTY13-LU/2016,-0.121224,-0.051655,0.008784,-0.11041,HA
63_A/Bar-headed_Goose/Q,A/Bar-headed_Goose/Qinghai/BTY14-B/2016,-0.122012,-0.051484,0.006989,-0.11175,HA
64_A/Bar-headed_Goose/Q,A/Bar-headed_Goose/Qinghai/BTY14-LU/2016,-0.123166,-0.056626,0.009329,-0.114354,HA
65_A/Bar-headed_Goose/Q,A/Bar-headed_Goose/Qinghai/BTY15-B/2016,-0.118867,-0.052715,0.006877,-0.111787,HA
66_A/Bar-headed_Goose/Q,A/Bar-headed_Goose/Qinghai/BTY15-LU/2016,-0.118663,-0.0598,0.009607,-0.111487,HA
67_A/Bar-headed_Goose/Q,A/Bar-headed_Goose/Qinghai/BTY16-B/2016,-0.120842,-0.051512,0.008323,-0.110082,HA
68_A/Bar-headed_Goose/Q,A/Bar-headed_Goose/Qinghai/BTY16-LU/2016,-0.121224,-0.051655,0.008784,-0.11041,HA
69_A/Bar-headed_Goose/Q,A/Bar-headed_Goose/Qinghai/BTY17-B/2016,-0.120052,-0.055677,0.007105,-0.114234,HA
70_A/Bar-headed_Goose/Q,A/Bar-headed_Goose/Qinghai/BTY17-LU/2016,-0.120052,-0.055677,0.007105,-0.114234,HA
71_A/Bar-headed_Goose/Q,A/Bar-headed_Goose/Qinghai/BTY18-B/2016,-0.121224,-0.051655,0.008784,-0.11041,HA
72_A/Bar-headed_Goose/Q,A/Bar-headed_Goose/Qinghai/BTY18-LU/2016,-0.120615,-0.050706,0.013771,-0.113884,HA
73_A/Bar-headed_Goose/Q,A/Bar-headed_Goose/Qinghai/HDT001/2016,-0.128834,-0.046056,0.005221,-0.107521,HA
74_A/Bar-headed_Goose/Q,A/Bar-headed_Goose/Qinghai/p2/2016,-0.114125,-0.053657,0.009752,-0.107251,HA
75_A/Bar-headed_Goose/Q,A/Bar-headed_Goose/Qinghai/p9/2016,-0.111864,-0.054501,0.008002,-0.111323,HA
76_A/Bar-headed_Goose/Q,A/Bar-headed_Goose/Qinghai/p18/2016,-0.110197,-0.059482,0.017233,-0.102999,HA
77_A/Bar-headed_Goose/Q,A/Bar-headed_Goose/Qinghai/XX13/2016,-0.119072,-0.06032,0.007648,-0.109128,HA
78_A/Bar-headed_Goose/Q,A/Bar-headed_Goose/Qinghai/XX22/2016,-0.126275,-0.051817,0.021366,-0.112453,HA
79_A/Bar-headed_Goose/Q,A/Bar-headed_Goose/Qinghai/XX76/2016,-0.121136,-0.051534,0.008567,-0.110803,HA
80_A/Bar-headed_Goose/Q,A/Bar-headed_Goose/Qinghai/XX111/2016,-0.121224,-0.051655,0.008784,-0.11041,HA
81_A/Bar-headed_Goose/Q,A/Bar-headed_Goose/Qinghai/XX446/2016,-0.125199,-0.060165,0.006525,-0.113618,HA
82_A/Bar-headed_Goose/Q,A/Bar-headed_Goose/Qinghai/XX782/2016,-0.121224,-0.051655,0.008784,-0.11041,HA
83_A/Bar-headed_Goose/Q,A/Bar-headed_Goose/Qinghai/XXI122/2016,-0.114594,-0.04768,0.015346,-0.106566,HA
84_A/Bar-headed_Goose/T,A/Bar-headed_Goose/Tibet/XZ6/2021,-0.116684,-0.06508,0.018958,-0.089231,HA
85_A/Bar-headed_Goose/T,A/Bar-headed_Goose/Tibet/XZ71/2021,-0.099911,-0.069854,0.028502,-0.088638,HA
86_A/Bar-headed_Goose/T,A/Bar-headed_Goose/Tibet/XZ81/2021,-0.100424,-0.05501,0.02475,-0.097672,HA
87_A/Bar-headed_Goose/T,A/Bar-headed_Goose/Tibet/XZ181/2021,-0.11539,-0.067888,0.017164,-0.089462,HA
88_A/Bar-headed_Goose/T,A/Bar-headed_Goose/Tibet/XZQ5-1/2021,-0.100115,-0.065284,0.026901,-0.091124,HA
89_A/Bar-headed_Goose/T,A/Bar-headed_Goose/Tibet/XZQ7/2021,-0.100803,-0.065341,0.027497,-0.09096,HA
90_A/Bar-headed_Goose/T,A/Bar-headed_Goose/Tibet/XZQ8-1/2021,-0.100803,-0.065341,0.027497,-0.09096,HA
91_A/Bar-headed_Goose/T,A/Bar-headed_Goose/Tibet/XZQ9-1/2021,-0.101105,-0.067519,0.025916,-0.091965,HA
92_A/Bar-headed_Goose/T,A/Bar-headed_Goose/Tibet/XZQ10-1/2021,-0.099249,-0.068299,0.025604,-0.091151,HA
93_A/Bar-headed_Goose/T,A/Bar-headed_Goose/Tibet/XZQ13-1/2021,-0.11539,-0.067888,0.017164,-0.089462,HA
94_A/Bar-headed_Goose/T,A/Bar-headed_Goose/Tibet/XZQ17-1/2021,-0.116684,-0.06508,0.018958,-0.089231,HA
95_A/Bar-headed_Goose/T,A/Bar-headed_Goose/Tibet/XZQ18-1/2021,-0.115659,-0.070235,0.015433,-0.091199,HA
96_A/bean_goose/Hubei/B,A/bean_goose/Hubei/BQ11/2020,-0.098796,-0.077695,0.005947,-0.09357,HA
97_A/Bean_Goose/Hubei/c,A/Bean_Goose/Hubei/chenhu__XVI311-2_/2016_H5N8,-0.041845,0.007432,0.052047,-0.015952,HA
98_A/Bean_goose/Hubei/C,A/Bean_goose/Hubei/CH-i119/2017,-0.130961,-0.051,0.001342,-0.108345,HA
99_A/Bean_goose/Hubei/C,A/Bean_goose/Hubei/CH-i122/2017_H5N8,-0.126561,-0.06764,0.024568,-0.099816,HA
100_A/Bean_goose/Hubei/C,A/Bean_goose/Hubei/CH-i320/2017_H5N8,-0.127972,-0.055536,0.007892,-0.111899,HA
101_A/black_swan/Beijing,A/black_swan/Beijing/1/2021,-0.11255,-0.072914,0.013625,-0.094197,HA
102_A/black-backed_gull/,A/black-backed_gull/Shandong/SC189/2021,-0.113154,-0.067428,0.013256,-0.094785,HA
103_A/Brown-headed_Gull/,A/Brown-headed_Gull/Qinghai/ZTO1-B/2016,-0.120204,-0.051022,0.00947,-0.113006,HA
104_A/Brown-headed_Gull/,A/Brown-headed_Gull/Qinghai/ZTO1-LU/2016,-0.120534,-0.051446,0.00754,-0.112672,HA
105_A/Brown-headed_Gull/,A/Brown-headed_Gull/Qinghai/ZTO3-B/2016,-0.123458,-0.052403,0.012228,-0.108741,HA
106_A/Brown-headed_Gull/,A/Brown-headed_Gull/Qinghai/ZTO3-LU/2016,-0.121224,-0.051655,0.008784,-0.11041,HA
107_A/Brown-headed_Gull/,A/Brown-headed_Gull/Qinghai/ZTO4-B/2016,-0.121224,-0.051655,0.008784,-0.11041,HA
108_A/Brown-headed_Gull/,A/Brown-headed_Gull/Qinghai/ZTO5-B/2016,-0.098178,-0.051372,0.00951,-0.100787,HA
109_A/Brown-headed_Gull/,A/Brown-headed_Gull/Qinghai/ZTO5-K/2016,-0.120893,-0.054125,0.006833,-0.117181,HA
110_A/Brown-headed_Gull/,A/Brown-headed_Gull/Qinghai/ZTO6-MU/2016,-0.11675,-0.044446,0.00925,-0.105612,HA
111_A/Brown-headed_Gull/,A/Brown-headed_Gull/Qinghai/ZTO6-SP/2016,-0.121603,-0.051862,0.010025,-0.109807,HA
112_A/brown-headed_gull/,A/brown-headed_gull/Tibet/1-1/2021,-0.10632,-0.064063,0.017804,-0.093132,HA
113_A/Brown-headed_Gull/,A/Brown-headed_Gull/Tibet/XZ19/2021,-0.11539,-0.067888,0.017164,-0.089462,HA
114_A/Brown-headed_Gull/,A/Brown-headed_Gull/Tibet/XZQ15-2/2021,-0.101433,-0.066564,0.020672,-0.096696,HA
115_A/Brown-headed_Gull/,A/Brown-headed_Gull/Tibet/XZQ16-2/2021,-0.108295,-0.062487,0.01695,-0.096749,HA
116_A/chicken/Changhua/1,A/chicken/Changhua/15040036-1/2015,-0.073824,0.005698,0.060792,-0.072009,HA
117_A/chicken/Changhua/1,A/chicken/Changhua/15040037-2/2015,-0.081234,0.008124,0.070941,-0.081514,HA
118_A/chicken/Changhua/1,A/chicken/Changhua/15040042/2015,-0.074945,0.014293,0.067222,-0.081222,HA
119_A/chicken/Changhua/1,A/chicken/Changhua/15040043-1/2015,-0.075494,0.011923,0.067968,-0.077456,HA
120_A/chicken/Changhua/1,A/chicken/Changhua/15050038-1/2015,-0.058734,0.020682,0.063953,-0.059693,HA
121_A/chicken/Changhua/1,A/chicken/Changhua/15060029/2015,-0.062086,0.025164,0.052638,-0.06104,HA
122_A/chicken/Chiayi/150,A/chicken/Chiayi/15010454-1/2015,-0.058482,0.022688,0.06647,-0.061488,HA
123_A/chicken/Kaohsiung/,A/chicken/Kaohsiung/16MB0889/2016,-0.090464,0.03856,0.052013,-0.078566,HA
124_A/chicken/Kaohsiung/,A/chicken/Kaohsiung/16010047/2016,-0.087402,0.035634,0.082669,-0.074204,HA
125_A/chicken/Kaohsiung/,A/chicken/Kaohsiung/16020017-2/2016,-0.092929,0.029178,0.068296,-0.077436,HA
126_A/chicken/Kaohsiung/,A/chicken/Kaohsiung/16040021-1/2016,-0.090464,0.03856,0.052013,-0.078566,HA
127_A/chicken/Kaohsiung/,A/chicken/Kaohsiung/16070003/2016,-0.087567,0.027179,0.060379,-0.083555,HA
128_A/chicken/Kaohsiung/,A/chicken/Kaohsiung/16120012/2016,-0.08526,0.032454,0.073087,-0.085107,HA
129_A/chicken/Kaohsiung/,A/chicken/Kaohsiung/17030023/2017,-0.081928,0.030602,0.062511,-0.08582,HA
130_A/chicken/Miaoli/150,A/chicken/Miaoli/15010421-1/2015,-0.073335,0.007169,0.066811,-0.080783,HA
131_A/chicken/Nantou/161,A/chicken/Nantou/16110023-1/2016,-0.087701,0.029736,0.056041,-0.081276,HA
132_A/chicken/New_Taipei,A/chicken/New_Taipei_City/16110019-1/2016,-0.079676,0.024183,0.074221,-0.083152,HA
133_A/chicken/New_Taipei,A/chicken/New_Taipei_City/16110020-2/2016,-0.078332,0.021726,0.077236,-0.078673,HA
134_A/chicken/New_Taipei,A/chicken/New_Taipei_City/17050004-2/2017,-0.073475,0.030579,0.081285,-0.067664,HA
135_A/chicken/New_Taipei,A/chicken/New_Taipei_City/17090001/2017,-0.066786,0.021075,0.094647,-0.074998,HA
136_A/chicken/New_Taipei,A/chicken/New_Taipei_City/17090002/2017,-0.066541,0.021125,0.094299,-0.074746,HA
137_A/chicken/New_Taipei,A/chicken/New_Taipei_City/17090003/2017,-0.066541,0.021125,0.094299,-0.074746,HA
138_A/chicken/Shandong/K,A/chicken/Shandong/KD02699/2013,-0.106475,-0.041025,0.048117,-0.077626,HA
139_A/chicken/Taichung/1,A/chicken/Taichung/16110017-3/2016,-0.070599,0.02942,0.080996,-0.067785,HA
140_A/chicken/Tainan/150,A/chicken/Tainan/15020214/2015,-0.074107,0.014122,0.065917,-0.07137,HA
141_A/chicken/Tainan/170,A/chicken/Tainan/17030058-1/2017,-0.072245,0.032106,0.087318,-0.082808,HA
142_A/chicken/Taipei_Cit,A/chicken/Taipei_City/17090004/2017,-0.074873,0.016446,0.096004,-0.077346,HA
143_A/chicken/Taipei/160,A/chicken/Taipei/16060022-4/2016,-0.09039,0.018872,0.073805,-0.083598,HA
144_A/chicken/Taipei/160,A/chicken/Taipei/16060023-1/2016,-0.09039,0.018872,0.073805,-0.083598,HA
145_A/chicken/Taipei/161,A/chicken/Taipei/16120021/2016,-0.077542,0.036803,0.075151,-0.070846,HA
146_A/chicken/Taipei/170,A/chicken/Taipei/17050005-1/2017,-0.078757,0.016004,0.070383,-0.056635,HA
147_A/chicken/Taipei/170,A/chicken/Taipei/17050008-3/2017,-0.072304,0.028722,0.080976,-0.068873,HA
148_A/chicken/Taipei/170,A/chicken/Taipei/17050009-3/2017,-0.077339,0.007952,0.070491,-0.05975,HA
149_A/chicken/Taiwan/x37,A/chicken/Taiwan/x37/2016,-0.087021,0.028226,0.071038,-0.061361,HA
150_A/chicken/Yunlin/150,A/chicken/Yunlin/15050012/2015,-0.075226,-0.001076,0.061956,-0.073982,HA
151_A/chicken/Yunlin/160,A/chicken/Yunlin/16020038/2016,-0.051409,0.028505,0.05025,-0.062232,HA
152_A/chicken/Yunlin/170,A/chicken/Yunlin/17010001/2017,-0.071453,0.039597,0.068262,-0.069575,HA
153_A/Chlidonias_hybrida,A/Chlidonias_hybrida/Hubei/55/2020,-0.100941,-0.073019,0.012468,-0.095367,HA
154_A/common_coot/Shando,A/common_coot/Shandong/SC197/2021,-0.1213,-0.081395,-0.000433,-0.096425,HA
155_A/common_crane/Yunna,A/common_crane/Yunnan-Huize/27/2021(H5N8),-0.113379,-0.077311,-0.00274,-0.093254,HA
156_A/common_pochard/Nin,A/common_pochard/Ningxia/243/2020,-0.125408,-0.086214,0.046082,-0.095639,HA
157_A/common_teal/Ningxi,A/common_teal/Ningxia/105/2020,-0.103735,-0.07998,0.001222,-0.094189,HA
158_A/common_teal/Ningxi,A/common_teal/Ningxia/181/2020,-0.127273,-0.08613,0.048853,-0.095665,HA
159_A/common_teal/Ningxi,A/common_teal/Ningxia/189/2020,-0.127273,-0.08613,0.048853,-0.095665,HA
160_A/common_teal/Ningxi,A/common_teal/Ningxia/237/2020,-0.127273,-0.08613,0.048853,-0.095665,HA
161_A/common_teal/Ningxi,A/common_teal/Ningxia/245/2020,-0.127273,-0.08613,0.048853,-0.095665,HA
162_A/common_teal/Ningxi,A/common_teal/Ningxia/253/2020,-0.127273,-0.08613,0.048853,-0.095665,HA
163_A/common_teal/Shaanx,A/common_teal/Shaanxi/SXY1-1/2020,-0.103735,-0.07998,0.001222,-0.094189,HA
164_A/Cygnus_atratus/Hub,A/Cygnus_atratus/Hubei/2Z2-O/2016,-0.111405,-0.077662,0.016685,-0.120925,HA
165_A/Cygnus_atratus/Hub,A/Cygnus_atratus/Hubei/HF-1/2016,-0.11417,-0.06502,0.010559,-0.123949,HA
166_A/Cygnus_columbianus,A/Cygnus_columbianus/Hubei/49/2020,-0.095257,-0.074982,0.013565,-0.090148,HA
167_A/Cygnus_columbianus,A/Cygnus_columbianus/Hubei/50/2020,-0.113637,-0.059903,0.013751,-0.093187,HA
168_A/Cygnus_columbianus,A/Cygnus_columbianus/Hubei/51/2020,-0.099836,-0.076519,0.011853,-0.08984,HA
169_A/Cygnus_columbianus,A/Cygnus_columbianus/Hubei/52/2020,-0.105376,-0.076393,0.01662,-0.096177,HA
170_A/Cygnus_columbianus,A/Cygnus_columbianus/Hubei/53/2020,-0.100941,-0.073019,0.012468,-0.095367,HA
171_A/Cygnus_columbianus,A/Cygnus_columbianus/Hubei/56/2020,-0.094357,-0.072949,0.021952,-0.102496,HA
172_A/Cygnus_columbianus,A/Cygnus_columbianus/Hubei/116/2020,-0.09515,-0.063115,0.023978,-0.099392,HA
173_A/duck/Chiayi/150800,A/duck/Chiayi/15080023/2015,-0.06142,0.023368,0.061704,-0.068223,HA
174_A/duck/Eastern_China,A/duck/Eastern_China/JY/2014,-0.109184,-0.052094,0.065536,-0.074725,HA
175_A/duck/Eastern_China,A/duck/Eastern_China/L0405/2010,-0.110089,-0.015124,0.047799,-0.087988,HA
176_A/duck/Eastern_China,A/duck/Eastern_China/L0423/2011,-0.106346,-0.027714,0.051827,-0.084333,HA
177_A/duck/Eastern_China,A/duck/Eastern_China/L0611/2011,-0.112523,-0.040239,0.054968,-0.079159,HA
178_A/duck/Eastern_China,A/duck/Eastern_China/L0722/2012,-0.112242,-0.032611,0.053078,-0.078302,HA
179_A/duck/Eastern_China,A/duck/Eastern_China/L1021/2012,-0.099401,-0.047888,0.063668,-0.084337,HA
180_A/duck/Eastern_China,A/duck/Eastern_China/L1120/2012,-0.123329,-0.041172,0.062988,-0.075234,HA
181_A/duck/Eastern_China,A/duck/Eastern_China/S0215/2014,-0.097993,-0.052054,0.039838,-0.080316,HA
182_A/duck/Eastern_China,A/duck/Eastern_China/S1109/2014,-0.113757,-0.072651,0.009487,-0.094909,HA
183_A/duck/Eastern_China,A/duck/Eastern_China/S1210/2013,-0.104919,-0.046856,0.06836,-0.079656,HA
184_A/duck/Guangdong/KGZ,A/duck/Guangdong/KGZ15783/2021,-0.09839,-0.074067,0.01286,-0.102407,HA
185_A/duck/Guangdong/KGZ,A/duck/Guangdong/KGZ16015/2021,-0.102541,-0.075171,0.01953,-0.089951,HA
186_A/duck/Guangdong/S12,A/duck/Guangdong/S1269/2021,-0.091627,-0.066014,0.008868,-0.082181,HA
187_A/duck/Guangdong/s14,A/duck/Guangdong/s14044/2014,-0.098765,-0.03098,0.063665,-0.061365,HA
188_A/duck/Guangxi/S1009,A/duck/Guangxi/S10099/2021,-0.098194,-0.082583,0.017847,-0.076294,HA
189_A/duck/Guangxi/S1026,A/duck/Guangxi/S10263/2021,-0.104405,-0.076439,0.018102,-0.08312,HA
190_A/duck/Guangxi/S1104,A/duck/Guangxi/S11043/2021,-0.096675,-0.076877,0.013877,-0.091176,HA
191_A/duck/Guangxi/S2119,A/duck/Guangxi/S21194/2021,-0.103276,-0.082443,0.003763,-0.083086,HA
192_A/duck/Hebei/S1070/2,A/duck/Hebei/S1070/2021,-0.108074,-0.073885,0.007659,-0.094434,HA
193_A/duck/Henan/S1381/2,A/duck/Henan/S1381/2021,-0.110553,-0.079792,0.010126,-0.100607,HA
194_A/duck/Hunan/11.30_Y,A/duck/Hunan/11.30_YYGK74E3-OC/2017,-0.110492,-0.065465,0.011816,-0.116189,HA
195_A/duck/Jiangxi/S1025,A/duck/Jiangxi/S10252/2021,-0.101791,-0.074247,0.014856,-0.104826,HA
196_A/duck/Shandong/11.1,A/duck/Shandong/11.14_DL-DKd11/2013(H5N8),-0.09023,-0.064552,0.059504,-0.088543,HA
197_A/duck/Shandong/11.1,A/duck/Shandong/11.14_RD/2013(H5N8),-0.09023,-0.064552,0.059504,-0.088543,HA
198_A/duck/Shandong/Q1/2,A/duck/Shandong/Q1/2013,-0.106913,-0.024283,0.064118,-0.080561,HA
199_A/duck/Tainan/150104,A/duck/Tainan/15010403/2015,-0.059777,0.021639,0.067022,-0.06026,HA
200_A/duck/Taiwan/a068/2,A/duck/Taiwan/a068/2015,-0.079867,0.009196,0.062819,-0.073594,HA
201_A/duck/Taiwan/A3400/,A/duck/Taiwan/A3400/2015,-0.075256,0.011412,0.0597,-0.07664,HA
202_A/duck/Xinjiang/12.1,A/duck/Xinjiang/12.18_WLMQXL001-C/2016,-0.111539,-0.062688,0.014629,-0.117668,HA
203_A/duck/Yunlin/150102,A/duck/Yunlin/15010277/2015,-0.08223,0.014058,0.062678,-0.085909,HA
204_A/duck/Yunlin/150104,A/duck/Yunlin/15010458-1/2015,-0.072484,0.00164,0.066203,-0.082751,HA
205_A/duck/Zhejiang/6D18,A/duck/Zhejiang/6D18/2013,-0.103449,-0.046509,0.068358,-0.077524,HA
206_A/duck/Zhejiang/9250,A/duck/Zhejiang/925019/2014,-0.124938,-0.048838,0.068337,-0.071879,HA
207_A/duck/Zhejiang/9251,A/duck/Zhejiang/925169/2014,-0.117928,-0.04789,0.067322,-0.071785,HA
208_A/duck/Zhejiang/W24/,A/duck/Zhejiang/W24/2013,-0.109711,-0.036575,0.046865,-0.077833,HA
209_A/egret/Jiangsu/SD02,A/egret/Jiangsu/SD021/2021,-0.113351,-0.072442,0.009936,-0.097113,HA
210_A/eurasian_eagle-owl,A/eurasian_eagle-owl/Henan/SMQ11/2020,-0.104133,-0.080455,-0.000904,-0.093259,HA
211_A/goose/Chiayi/15020,A/goose/Chiayi/15020022/2015,-0.074204,0.009659,0.065789,-0.085038,HA
212_A/goose/China/1/2021,A/goose/China/1/2021,-0.10273,-0.065536,0.015146,-0.101216,HA
213_A/goose/Eastern_Chin,A/goose/Eastern_China/CZ/2013,-0.102785,-0.042335,0.067021,-0.077966,HA
214_A/goose/Eastern_Chin,A/goose/Eastern_China/L1204/2012,-0.120897,-0.049026,0.050542,-0.077699,HA
215_A/goose/Eastern_Chin,A/goose/Eastern_China/L1214/2012,-0.103807,-0.027021,0.039412,-0.084145,HA
216_A/goose/Eastern_Chin,A/goose/Eastern_China/S0408/2014,-0.110482,-0.044434,0.072204,-0.08011,HA
217_A/goose/Guangdong/s1,A/goose/Guangdong/s13124/2013,-0.098765,-0.03098,0.063665,-0.061365,HA
218_A/goose/Guangxi/S206,A/goose/Guangxi/S20601/2021,-0.09776,-0.070406,0.018395,-0.089642,HA
219_A/goose/Henan/S1315/,A/goose/Henan/S1315/2021,-0.108237,-0.069907,0.010394,-0.105249,HA
220_A/goose/Hunan/S11288,A/goose/Hunan/S11288/2021,-0.108602,-0.078139,0.009381,-0.088236,HA
221_A/goose/Jiangsu/QD5/,A/goose/Jiangsu/QD5/2014,-0.102903,-0.049339,0.07455,-0.078528,HA
222_A/goose/Jiangsu/S138,A/goose/Jiangsu/S1385/2021,-0.106501,-0.066687,0.007725,-0.095339,HA
223_A/goose/Liaoning/S12,A/goose/Liaoning/S1266/2021,-0.109382,-0.084412,0.009743,-0.100034,HA
224_A/goose/Pingtung/150,A/goose/Pingtung/15050014/2015,-0.083401,0.028272,0.064869,-0.0773,HA
225_A/goose/Pingtung/160,A/goose/Pingtung/16010061/2016,-0.083076,0.035283,0.076123,-0.080972,HA
226_A/goose/Shandong/05.,A/goose/Shandong/05.23_AY-GS/2015(Mixed),-0.104353,-0.037276,0.03869,-0.083958,HA
227_A/goose/Shandong/05.,A/goose/Shandong/05.23_DT-GS/2014(H5N8),-0.10284,-0.031391,0.037131,-0.077958,HA
228_A/goose/Shandong/06.,A/goose/Shandong/06.14_HZ-GS/2014(Mixed),-0.106269,-0.03671,0.044616,-0.077243,HA
229_A/goose/Shandong/12.,A/goose/Shandong/12.08_YG-GS/2014(H5N8),-0.106733,-0.068388,0.05399,-0.073682,HA
230_A/Goose/Shandong/211,A/Goose/Shandong/21153-3/2021(H5N8),-0.113612,-0.072681,0.010076,-0.097199,HA
231_A/goose/Shandong/GD-,A/goose/Shandong/GD-GS/2014(H5N8),-0.115631,-0.052806,0.046431,-0.07946,HA
232_A/goose/Shandong/LQ0,A/goose/Shandong/LQ01694/2013,-0.108791,-0.033347,0.051878,-0.079458,HA
233_A/goose/Tainan/16040,A/goose/Tainan/16040018-1/2016,-0.08099,0.031986,0.062904,-0.07504,HA
234_A/goose/Tainan/16070,A/goose/Tainan/16070002/2016,-0.079184,0.030153,0.064726,-0.078074,HA
235_A/goose/Taiwan/01019,A/goose/Taiwan/01019/2015,-0.059006,0.020319,0.067185,-0.057699,HA
236_A/goose/Taiwan/01039,A/goose/Taiwan/01039/2015,-0.071988,0.003137,0.065894,-0.084827,HA
237_A/goose/Taiwan/a015/,A/goose/Taiwan/a015/2015,-0.058482,0.022688,0.06647,-0.061488,HA
238_A/goose/Taiwan/TNC1/,A/goose/Taiwan/TNC1/2015,-0.077073,0.015574,0.069299,-0.084563,HA
239_A/goose/Taiwan/TNC3/,A/goose/Taiwan/TNC3/2015,-0.07256,0.016368,0.066636,-0.089269,HA
240_A/goose/Taiwan/TNC4/,A/goose/Taiwan/TNC4/2015,-0.059777,0.021639,0.067022,-0.06026,HA
241_A/goose/Taiwan/TNC9/,A/goose/Taiwan/TNC9/2015,-0.07256,0.016368,0.066636,-0.089269,HA
242_A/goose/Taiwan/TNC10,A/goose/Taiwan/TNC10/2015,-0.074719,0.01597,0.065664,-0.084116,HA
243_A/goose/Taiwan/TNC12,A/goose/Taiwan/TNC12/2015,-0.074719,0.01597,0.065664,-0.084116,HA
244_A/goose/Taiwan/TNC14,A/goose/Taiwan/TNC14/2015,-0.074719,0.01597,0.065664,-0.084116,HA
245_A/goose/Taiwan/TNO3/,A/goose/Taiwan/TNO3/2015,-0.074764,0.008542,0.065499,-0.082995,HA
246_A/goose/Taiwan/TNO9/,A/goose/Taiwan/TNO9/2015,-0.059777,0.021639,0.067022,-0.06026,HA
247_A/goose/Taiwan/TNO15,A/goose/Taiwan/TNO15/2015,-0.059777,0.021639,0.067022,-0.06026,HA
248_A/goose/Taiwan/TNO17,A/goose/Taiwan/TNO17/2015,-0.074719,0.01597,0.065664,-0.084116,HA
249_A/goose/Taoyuan/1501,A/goose/Taoyuan/15010041/2015,-0.073335,0.007169,0.066811,-0.080783,HA
250_A/goose/Xinjiang/12.,A/goose/Xinjiang/12.18_WLMQXL003-C/2016,-0.113056,-0.071797,0.016614,-0.123032,HA
251_A/goose/Xinjiang/12.,A/goose/Xinjiang/12.18_WLMQXL003-O/2016,-0.113056,-0.071797,0.016614,-0.123032,HA
252_A/goose/Xinjiang/12.,A/goose/Xinjiang/12.18_WLMQXL004-C/2016,-0.113056,-0.071797,0.016614,-0.123032,HA
253_A/goose/Xinjiang/12.,A/goose/Xinjiang/12.18_WLMQXL004-O/2016,-0.113056,-0.071797,0.016614,-0.123032,HA
254_A/goose/Yangzhou/042,A/goose/Yangzhou/0420/2014,-0.114605,-0.056683,0.068279,-0.079825,HA
255_A/goose/Yunlin/15040,A/goose/Yunlin/15040040/2015,-0.058482,0.022688,0.06647,-0.061488,HA
256_A/goose/Zhejiang/925,A/goose/Zhejiang/925037/2014,-0.104257,-0.047364,0.044713,-0.083017,HA
257_A/goose/Zhejiang/925,A/goose/Zhejiang/925104/2014,-0.104257,-0.047364,0.044713,-0.083017,HA
258_A/goose/Zhejiang/S12,A/goose/Zhejiang/S1266/2021,-0.119499,-0.077345,0.012262,-0.091669,HA
259_A/Great_Black-headed,A/Great_Black-headed_Gull/Qinghai/YO1-B/2016,-0.120098,-0.056923,0.005647,-0.113077,HA
260_A/Great_Cormorant/Qi,A/Great_Cormorant/Qinghai/a51/2016,-0.129815,-0.049007,0.007298,-0.107415,HA
261_A/Great_Cormorant/Qi,A/Great_Cormorant/Qinghai/B82/2016,-0.121004,-0.052313,0.007867,-0.109583,HA
262_A/Great_Cormorant/Qi,A/Great_Cormorant/Qinghai/Y01/2016,-0.129815,-0.049007,0.007298,-0.107415,HA
263_A/Great_Crested_Greb,A/Great_Crested_Grebe/Qinghai/a737/2017,-0.12246,-0.049902,0.007939,-0.114665,HA
264_A/grebe/Ningxia/SD00,A/grebe/Ningxia/SD001/2021,-0.103936,-0.074812,0.017677,-0.100934,HA
265_A/grebe/Shaanxi/SD00,A/grebe/Shaanxi/SD001/2021,-0.092003,-0.076311,0.021798,-0.090504,HA
266_A/grebe/Shandong/SC1,A/grebe/Shandong/SC184/2021,-0.122882,-0.077244,0.017734,-0.089343,HA
267_A/green-winged_teal/,A/green-winged_teal/Guangdong/SD004/2021,-0.11073,-0.067888,0.013028,-0.093356,HA
268_A/Herring_Gull/Hubei,A/Herring_Gull/Hubei/CH-i149/2017_H5N8,-0.130961,-0.051,0.001342,-0.108345,HA
269_A/mallard_duck/Shang,A/mallard_duck/Shanghai/SH-9/2013,-0.105953,-0.040773,0.055545,-0.077474,HA
270_A/mallard/Ningxia/17,A/mallard/Ningxia/175/2020,-0.127273,-0.08613,0.048853,-0.095665,HA
271_A/mallard/Ningxia/17,A/mallard/Ningxia/176/2020,-0.126265,-0.085548,0.04857,-0.096276,HA
272_A/mallard/Ningxia/23,A/mallard/Ningxia/239/2020,-0.125408,-0.086214,0.046082,-0.095639,HA
273_A/mallard/Ningxia/24,A/mallard/Ningxia/241/2020,-0.127273,-0.08613,0.048853,-0.095665,HA
274_A/mallard/Ningxia/24,A/mallard/Ningxia/247/2020,-0.127273,-0.08613,0.048853,-0.095665,HA
275_A/mallard/Ningxia/24,A/mallard/Ningxia/249/2020,-0.125408,-0.086214,0.046082,-0.095639,HA
276_A/mute_swan/Inner_Mo,A/mute_swan/Inner_Mongolia/w2-1/2020,-0.099863,-0.086488,-0.007685,-0.096338,HA
277_A/mute_swan/Shandong,A/mute_swan/Shandong/1/2021,-0.097645,-0.083303,0.019643,-0.099357,HA
278_A/Peregrine_Falcon/H,A/Peregrine_Falcon/Hong_Kong/AFCD-HKU-21-013-27/2021,-0.103059,-0.075331,0.01103,-0.09432,HA
279_A/pheasant/Hebei/B02,A/pheasant/Hebei/B02/2021,-0.117606,-0.059922,0.007138,-0.091481,HA
280_A/swan/China/ST/2016,A/swan/China/ST/2016,-0.111196,-0.069326,0.008995,-0.117239,HA
281_A/swan/Hebei/B01/202,A/swan/Hebei/B01/2021,-0.09613,-0.068265,0.013307,-0.09124,HA
282_A/swan/Shandong/W376,A/swan/Shandong/W3762/2020,-0.126791,-0.077359,0.05901,-0.098443,HA
283_A/tundra_swan/Hubei/,A/tundra_swan/Hubei/BQ3/2020,-0.111799,-0.06273,0.009816,-0.093502,HA
284_A/tundra_swan/Hubei/,A/tundra_swan/Hubei/BQ4/2020,-0.097927,-0.080184,0.006969,-0.089315,HA
285_A/tundra_swan/Hubei/,A/tundra_swan/Hubei/BQ6/2020,-0.091884,-0.075274,0.015411,-0.105664,HA
286_A/tundra_swan/Hubei/,A/tundra_swan/Hubei/BQ7/2020,-0.099345,-0.077245,0.005438,-0.093954,HA
287_A/tundra_swan/Hubei/,A/tundra_swan/Hubei/BQ8/2020,-0.100084,-0.07602,0.005316,-0.096353,HA
288_A/tundra_swan/Hubei/,A/tundra_swan/Hubei/BQ9/2020,-0.093495,-0.067046,0.01919,-0.09892,HA
289_A/turkey/Chiayi/1702,A/turkey/Chiayi/17020092-2/2017,-0.087846,0.024754,0.05859,-0.08535,HA
290_A/whiskered_tern/Hub,A/whiskered_tern/Hubei/BQ10/2020,-0.086583,-0.075852,0.016107,-0.101751,HA
291_A/whooper_swan/Henan,A/whooper_swan/Henan/SM1/2020,-0.099031,-0.076685,0.007584,-0.094842,HA
292_A/whooper_swan/Henan,A/whooper_swan/Henan/SM16/2020,-0.098495,-0.084406,0.007972,-0.10189,HA
293_A/whooper_swan/Henan,A/whooper_swan/Henan/SM31/2020,-0.098743,-0.08521,0.007395,-0.10141,HA
294_A/whooper_swan/Henan,A/whooper_swan/Henan/SM61/2020,-0.099756,-0.076089,0.009635,-0.100623,HA
295_A/whooper_swan/Henan,A/whooper_swan/Henan/SM76/2020,-0.099345,-0.077245,0.005438,-0.093954,HA
296_A/whooper_swan/Henan,A/whooper_swan/Henan/SM86/2020,-0.096474,-0.075148,0.016481,-0.093847,HA
297_A/whooper_swan/Henan,A/whooper_swan/Henan/SM111/2020,-0.099345,-0.077245,0.005438,-0.093954,HA
298_A/whooper_swan/Henan,A/whooper_swan/Henan/SMQ5/2020,-0.092854,-0.075362,0.008769,-0.095509,HA
299_A/whooper_swan/Henan,A/whooper_swan/Henan/SMQ7/2020,-0.100941,-0.073019,0.012468,-0.095367,HA
300_A/whooper_swan/Henan,A/whooper_swan/Henan/SMQ9/2020,-0.104133,-0.080455,-0.000904,-0.093259,HA
301_A/whooper_swan/Henan,A/whooper_swan/Henan/SMQ10/2020,-0.103735,-0.07998,0.001222,-0.094189,HA
302_A/whooper_swan/Inner,A/whooper_swan/Inner_Mongolia/w1-1/2020,-0.110625,-0.082281,-0.011677,-0.086567,HA
303_A/Whooper_Swan/Sanme,A/Whooper_Swan/Sanmenxia/01/2016,-0.110909,-0.066817,0.010846,-0.115382,HA
304_A/Whooper_swan/Sanme,A/Whooper_swan/Sanmenxia/G2/2020,-0.118414,-0.076476,0.002825,-0.093603,HA
305_A/Whooper_swan/Sanme,A/Whooper_swan/Sanmenxia/G13/2020,-0.104312,-0.059301,0.011365,-0.096998,HA
306_A/Whooper_swan/Sanme,A/Whooper_swan/Sanmenxia/G15/2020,-0.105708,-0.076193,0.00627,-0.094731,HA
307_A/Whooper_swan/Sanme,A/Whooper_swan/Sanmenxia/G28/2020,-0.104312,-0.059301,0.011365,-0.096998,HA
308_A/Whooper_swan/Sanme,A/Whooper_swan/Sanmenxia/H1/2020,-0.100941,-0.073019,0.012468,-0.095367,HA
309_A/Whooper_swan/Sanme,A/Whooper_swan/Sanmenxia/H735/2020,-0.113612,-0.072681,0.010076,-0.097199,HA
310_A/Whooper_swan/Sanme,A/Whooper_swan/Sanmenxia/H810/2020,-0.100221,-0.072983,0.011849,-0.09556,HA
311_A/Whooper_swan/Sanme,A/Whooper_swan/Sanmenxia/Y10/2020,-0.100941,-0.073019,0.012468,-0.095367,HA
312_A/Whooper_swan/Sanme,A/Whooper_swan/Sanmenxia/Y11/2020,-0.106708,-0.072891,0.020046,-0.095886,HA
313_A/Whooper_swan/Sanme,A/Whooper_swan/Sanmenxia/Y12/2020,-0.11235,-0.071659,0.009539,-0.098396,HA
314_A/Whooper_swan/Sanme,A/Whooper_swan/Sanmenxia/Y15/2020,-0.105708,-0.076193,0.00627,-0.094731,HA
315_A/Whooper_swan/Sanme,A/Whooper_swan/Sanmenxia/Y18/2020,-0.118414,-0.076476,0.002825,-0.093603,HA
316_A/Whooper_swan/Sanme,A/Whooper_swan/Sanmenxia/Y19/2020,-0.098866,-0.076913,0.014953,-0.099872,HA
317_A/Whooper_swan/Sanme,A/Whooper_swan/Sanmenxia/Y20/2020,-0.099205,-0.068686,0.017559,-0.097362,HA
318_A/Whooper_swan/Sanme,A/Whooper_swan/Sanmenxia/Y21/2020,-0.100941,-0.073019,0.012468,-0.095367,HA
319_A/Whooper_swan/Sanme,A/Whooper_swan/Sanmenxia/Y23-2/2020,-0.100468,-0.080619,0.013019,-0.102432,HA
320_A/Whooper_swan/Sanme,A/Whooper_swan/Sanmenxia/Y27/2020,-0.098866,-0.076913,0.014953,-0.099872,HA
321_A/Whooper_swan/Sanme,A/Whooper_swan/Sanmenxia/Y36/2020,-0.100468,-0.080619,0.013019,-0.102432,HA
322_A/Whooper_swan/Sanme,A/Whooper_swan/Sanmenxia/Y48A/2020,-0.101013,-0.07218,0.013418,-0.096207,HA
323_A/Whooper_swan/Sanme,A/Whooper_swan/Sanmenxia/Y48B/2020,-0.100468,-0.080619,0.013019,-0.102432,HA
324_A/Whooper_swan/Sanme,A/Whooper_swan/Sanmenxia/Y52/2020,-0.105708,-0.076193,0.00627,-0.094731,HA
325_A/Whooper_swan/Sanme,A/Whooper_swan/Sanmenxia/Y56/2020,-0.109213,-0.071549,0.011515,-0.092802,HA
326_A/Whooper_swan/Sanme,A/Whooper_swan/Sanmenxia/Y57/2020,-0.100941,-0.073019,0.012468,-0.095367,HA
327_A/whooper_swan/Shaan,A/whooper_swan/Shaanxi/SXY2-1/2020,-0.103735,-0.07998,0.001222,-0.094189,HA
328_A/whooper_swan/Shaan,A/whooper_swan/Shaanxi/SXY26/2020,-0.099031,-0.076685,0.007584,-0.094842,HA
329_A/whooper_swan/Shaan,A/whooper_swan/Shaanxi/SXY66/2020,-0.099031,-0.076685,0.007584,-0.094842,HA
330_A/whooper_swan/Shand,A/whooper_swan/Shandong/SC176/2021,-0.118413,-0.08104,0.010284,-0.100146,HA
331_A/whooper_swan/Shand,A/whooper_swan/Shandong/SC185/2021,-0.114931,-0.072154,0.018133,-0.101879,HA
332_A/whooper_swan/Shand,A/whooper_swan/Shandong/SC188/2021,-0.115529,-0.072766,0.009537,-0.099232,HA
333_A/whooper_swan/Shand,A/whooper_swan/Shandong/SC195/2021,-0.12505,-0.080701,0.054556,-0.097964,HA
334_A/whooper_swan/Shand,A/whooper_swan/Shandong/SC198/2021,-0.115374,-0.072422,0.009012,-0.100399,HA
335_A/whooper_swan/Shand,A/whooper_swan/Shandong/SC199/2021,-0.120565,-0.081461,-0.001276,-0.09561,HA
336_A/whooper_swan/Shand,A/whooper_swan/Shandong/SC200/2021,-0.115957,-0.074154,0.00854,-0.098403,HA
337_A/whooper_swan/Shanx,A/whooper_swan/Shanxi/4-1/2020,-0.098866,-0.076913,0.014953,-0.099872,HA
338_A/whooper_swan/Shanx,A/whooper_swan/Shanxi/4-2/2020,-0.098866,-0.076913,0.014953,-0.099872,HA
339_A/whooper_swan/Shanx,A/whooper_swan/Shanxi/RC01/2016,-0.107369,-0.063961,0.010072,-0.116309,HA
340_A/whooper_swan/Shanx,A/whooper_swan/Shanxi/SX16/2020,-0.108417,-0.07251,-0.000458,-0.089426,HA
341_A/whooper_swan/Shanx,A/whooper_swan/Shanxi/SX31/2020,-0.09727,-0.081138,0.007923,-0.098459,HA
342_A/whooper_swan/Shanx,A/whooper_swan/Shanxi/SX56/2020,-0.108417,-0.07251,-0.000458,-0.089426,HA
343_A/whooper_swan/Shanx,A/whooper_swan/Shanxi/SX106/2020,-0.096956,-0.080579,0.010069,-0.099347,HA
344_A/whooper_swan/Shanx,A/whooper_swan/Shanxi/SX166/2020,-0.098365,-0.076042,0.013089,-0.094055,HA
345_A/whooper_swan/Shanx,A/whooper_swan/Shanxi/SX206/2020,-0.098747,-0.076633,0.014034,-0.096602,HA
346_A/whooper_swan/Shanx,A/whooper_swan/Shanxi/SX216/2020,-0.098433,-0.076073,0.01618,-0.097489,HA
347_A/whooper_swan/Shanx,A/whooper_swan/Shanxi/SX231/2020,-0.099162,-0.076515,0.016885,-0.097659,HA
348_A/whooper_swan/Shanx,A/whooper_swan/Shanxi/SX251/2020,-0.099031,-0.076685,0.007584,-0.094842,HA
349_A/whooper_swan/Shanx,A/whooper_swan/Shanxi/SX276/2020,-0.099267,-0.075675,0.00922,-0.096113,HA
350_A/whooper_swan/Shanx,A/whooper_swan/Shanxi/SX291/2020,-0.098433,-0.076073,0.01618,-0.097489,HA
351_A/whooper_swan/Shanx,A/whooper_swan/Shanxi/SX346/2020,-0.09777,-0.075662,0.007047,-0.096038,HA
352_A/wild_bird/Hubei/12,A/wild_bird/Hubei/12.12_LGHF2W44/2016(H5N8),-0.114632,-0.065547,0.003409,-0.11264,HA
353_A/wild_duck/Jiangsu/,A/wild_duck/Jiangsu/SD019/2021,-0.115038,-0.069549,0.010844,-0.094635,HA
354_A/wild_duck/Shandong,A/wild_duck/Shandong/SC177/2021,-0.115529,-0.072766,0.009537,-0.099232,HA
355_A/wild_goose/Shandon,A/wild_goose/Shandong/SC196/2021,-0.120565,-0.081461,-0.001276,-0.09561,HA
356_A/Anser_cygnoides/Hu,A/Anser_cygnoides/Hubei/FW44/2016_H5N8,-0.114808,-0.062696,0.00225,-0.11618,HA
357_A/Chlidonias_hybrida,A/Chlidonias_hybrida/Hubei/55/2020_H5N8,-0.100941,-0.073019,0.012468,-0.095367,HA
358_A/Cygnus_atratus/Hub,A/Cygnus_atratus/Hubei/2Z2-O/2016_H5N8,-0.111405,-0.077662,0.016685,-0.120925,HA
359_A/Cygnus_atratus/Hub,A/Cygnus_atratus/Hubei/HF-1/2016_H5N8,-0.11417,-0.06502,0.010559,-0.123949,HA
360_A/Cygnus_columbianus,A/Cygnus_columbianus/Hubei/116/2020_H5N8,-0.09515,-0.063115,0.023978,-0.099392,HA
361_A/Cygnus_columbianus,A/Cygnus_columbianus/Hubei/49/2020_H5N8,-0.095257,-0.074982,0.013565,-0.090148,HA
362_A/Cygnus_columbianus,A/Cygnus_columbianus/Hubei/50/2020_H5N8,-0.113637,-0.059903,0.013751,-0.093187,HA
363_A/Cygnus_columbianus,A/Cygnus_columbianus/Hubei/51/2020_H5N8,-0.099836,-0.076519,0.011853,-0.08984,HA
364_A/Cygnus_columbianus,A/Cygnus_columbianus/Hubei/52/2020_H5N8,-0.105376,-0.076393,0.01662,-0.096177,HA
365_A/Cygnus_columbianus,A/Cygnus_columbianus/Hubei/53/2020_H5N8,-0.100941,-0.073019,0.012468,-0.095367,HA
366_A/Cygnus_columbianus,A/Cygnus_columbianus/Hubei/56/2020_H5N8,-0.094357,-0.072949,0.021952,-0.102496,HA
367_A/Whooper_Swan/Sanme,A/Whooper_Swan/Sanmenxia/01/2016_H5N8,-0.110909,-0.066817,0.010846,-0.115382,HA
368_A/Wild_bird/Huadong/,A/Wild_bird/Huadong/CIXI20/2020_H5N8,-0.097902,-0.070944,0.00657,-0.082428,HA
369_A/chicken/Changhua/1,A/chicken/Changhua/15040036-1/2015_H5N8,-0.073824,0.005698,0.060792,-0.072009,HA
370_A/chicken/Changhua/1,A/chicken/Changhua/15040037-2/2015_H5N8,-0.081234,0.008124,0.070941,-0.081514,HA
371_A/chicken/Changhua/1,A/chicken/Changhua/15040042/2015_H5N8,-0.074945,0.014293,0.067222,-0.081222,HA
372_A/chicken/Changhua/1,A/chicken/Changhua/15040043-1/2015_H5N8,-0.075494,0.011923,0.067968,-0.077456,HA
373_A/chicken/Changhua/1,A/chicken/Changhua/15050038-1/2015_H5N8,-0.058734,0.020682,0.063953,-0.059693,HA
374_A/chicken/Changhua/1,A/chicken/Changhua/15060029/2015_H5N8,-0.062086,0.025164,0.052638,-0.06104,HA
375_A/chicken/Chiayi/150,A/chicken/Chiayi/15010454-1/2015_H5N8,-0.058482,0.022688,0.06647,-0.061488,HA
376_A/chicken/Kaohsiung/,A/chicken/Kaohsiung/16010047/2016_H5N8,-0.087402,0.035634,0.082669,-0.074204,HA
377_A/chicken/Kaohsiung/,A/chicken/Kaohsiung/16020017-2/2016_H5N8,-0.092929,0.029178,0.068296,-0.077436,HA
378_A/chicken/Kaohsiung/,A/chicken/Kaohsiung/16040021-1/2016_H5N8,-0.090464,0.03856,0.052013,-0.078566,HA
379_A/chicken/Kaohsiung/,A/chicken/Kaohsiung/16070003/2016_H5N8,-0.087567,0.027179,0.060379,-0.083555,HA
380_A/chicken/Kaohsiung/,A/chicken/Kaohsiung/16120012/2016_H5N8,-0.08526,0.032454,0.073087,-0.085107,HA
381_A/chicken/Kaohsiung/,A/chicken/Kaohsiung/16MB0889/2016_H5N8,-0.090464,0.03856,0.052013,-0.078566,HA
382_A/chicken/Kaohsiung/,A/chicken/Kaohsiung/17030023/2017_H5N8,-0.081928,0.030602,0.062511,-0.08582,HA
383_A/chicken/Miaoli/150,A/chicken/Miaoli/15010421-1/2015_H5N8,-0.073335,0.007169,0.066811,-0.080783,HA
384_A/chicken/Nantou/161,A/chicken/Nantou/16110023-1/2016_H5N8,-0.087701,0.029736,0.056041,-0.081276,HA
385_A/chicken/New_Taipei,A/chicken/New_Taipei_City/16110019-1/2016_H5N8,-0.079676,0.024183,0.074221,-0.083152,HA
386_A/chicken/New_Taipei,A/chicken/New_Taipei_City/16110020-2/2016_H5N8,-0.078332,0.021726,0.077236,-0.078673,HA
387_A/chicken/New_Taipei,A/chicken/New_Taipei_City/17050004-2/2017_H5N8,-0.073475,0.030579,0.081285,-0.067664,HA
388_A/chicken/New_Taipei,A/chicken/New_Taipei_City/17090001/2017_H5N8,-0.066786,0.021075,0.094647,-0.074998,HA
389_A/chicken/New_Taipei,A/chicken/New_Taipei_City/17090002/2017_H5N8,-0.066541,0.021125,0.094299,-0.074746,HA
390_A/chicken/New_Taipei,A/chicken/New_Taipei_City/17090003/2017_H5N8,-0.066541,0.021125,0.094299,-0.074746,HA
391_A/chicken/Taichung/1,A/chicken/Taichung/16110017-3/2016_H5N8,-0.070599,0.02942,0.080996,-0.067785,HA
392_A/chicken/Tainan/150,A/chicken/Tainan/15020214/2015_H5N8,-0.074107,0.014122,0.065917,-0.07137,HA
393_A/chicken/Tainan/170,A/chicken/Tainan/17030058-1/2017_H5N8,-0.072245,0.032106,0.087318,-0.082808,HA
394_A/chicken/Taipei_Cit,A/chicken/Taipei_City/17090004/2017_H5N8,-0.074873,0.016446,0.096004,-0.077346,HA
395_A/chicken/Taipei/160,A/chicken/Taipei/16060022-4/2016_H5N8,-0.09039,0.018872,0.073805,-0.083598,HA
396_A/chicken/Taipei/160,A/chicken/Taipei/16060023-1/2016_H5N8,-0.09039,0.018872,0.073805,-0.083598,HA
397_A/chicken/Taipei/161,A/chicken/Taipei/16120021/2016_H5N8,-0.077542,0.036803,0.075151,-0.070846,HA
398_A/chicken/Taipei/170,A/chicken/Taipei/17050005-1/2017_H5N8,-0.078757,0.016004,0.070383,-0.056635,HA
399_A/chicken/Taipei/170,A/chicken/Taipei/17050008-3/2017_H5N8,-0.072304,0.028722,0.080976,-0.068873,HA
400_A/chicken/Taipei/170,A/chicken/Taipei/17050009-3/2017_H5N8,-0.077339,0.007952,0.070491,-0.05975,HA
401_A/chicken/Yunlin/150,A/chicken/Yunlin/15050012/2015_H5N8,-0.075226,-0.001076,0.061956,-0.073982,HA
402_A/chicken/Yunlin/160,A/chicken/Yunlin/16020038/2016_H5N8,-0.051409,0.028505,0.05025,-0.062232,HA
403_A/chicken/Yunlin/170,A/chicken/Yunlin/17010001/2017_H5N8,-0.071453,0.039597,0.068262,-0.069575,HA
404_A/duck/Chiayi/150800,A/duck/Chiayi/15080023/2015_H5N8,-0.06142,0.023368,0.061704,-0.068223,HA
405_A/duck/Eastern_China,A/duck/Eastern_China/JY/2014_H5N8,-0.109184,-0.052094,0.065536,-0.074725,HA
406_A/duck/Eastern_China,A/duck/Eastern_China/L0405/2010_H5N8,-0.110089,-0.015124,0.047799,-0.087988,HA
407_A/duck/Eastern_China,A/duck/Eastern_China/L0423/2011_H5N8,-0.106346,-0.027714,0.051827,-0.084333,HA
408_A/duck/Eastern_China,A/duck/Eastern_China/L0611/2011_H5N8,-0.112523,-0.040239,0.054968,-0.079159,HA
409_A/duck/Eastern_China,A/duck/Eastern_China/L0722/2012_H5N8,-0.112242,-0.032611,0.053078,-0.078302,HA
410_A/duck/Eastern_China,A/duck/Eastern_China/L1021/2012_H5N8,-0.099401,-0.047888,0.063668,-0.084337,HA
411_A/duck/Eastern_China,A/duck/Eastern_China/L1120/2012_H5N8,-0.123329,-0.041172,0.062988,-0.075234,HA
412_A/duck/Eastern_China,A/duck/Eastern_China/S0215/2014_H5N8,-0.097993,-0.052054,0.039838,-0.080316,HA
413_A/duck/Eastern_China,A/duck/Eastern_China/S1109/2014_H5N8,-0.113757,-0.072651,0.009487,-0.094909,HA
414_A/duck/Eastern_China,A/duck/Eastern_China/S1210/2013_H5N8,-0.104919,-0.046856,0.06836,-0.079656,HA
415_A/duck/Guangdong/s14,A/duck/Guangdong/s14044/2014_H5N8,-0.098765,-0.03098,0.063665,-0.061365,HA
416_A/duck/Hunan/11.30_Y,A/duck/Hunan/11.30_YYGK74E3-OC/2017_H5N8,-0.110492,-0.065465,0.011816,-0.116189,HA
417_A/duck/Shandong/Q1/2,A/duck/Shandong/Q1/2013_H5N8,-0.106913,-0.024283,0.064118,-0.080561,HA
418_A/duck/Tainan/150104,A/duck/Tainan/15010403/2015_H5N8,-0.059777,0.021639,0.067022,-0.06026,HA
419_A/duck/Taiwan/A3400/,A/duck/Taiwan/A3400/2015_H5N8,-0.075256,0.011412,0.0597,-0.07664,HA
420_A/duck/Xinjiang/12.1,A/duck/Xinjiang/12.18_WLMQXL001-C/2016_H5N8,-0.111539,-0.062688,0.014629,-0.117668,HA
421_A/duck/Yunlin/150102,A/duck/Yunlin/15010277/2015_H5N8,-0.08223,0.014058,0.062678,-0.085909,HA
422_A/duck/Yunlin/150104,A/duck/Yunlin/15010458-1/2015_H5N8,-0.072484,0.00164,0.066203,-0.082751,HA
423_A/duck/Zhejiang/6D18,A/duck/Zhejiang/6D18/2013_H5N8,-0.103449,-0.046509,0.068358,-0.077524,HA
424_A/duck/Zhejiang/9250,A/duck/Zhejiang/925019/2014_H5N8,-0.124938,-0.048838,0.068337,-0.071879,HA
425_A/duck/Zhejiang/9251,A/duck/Zhejiang/925169/2014_H5N8,-0.117928,-0.04789,0.067322,-0.071785,HA
426_A/duck/Zhejiang/W24/,A/duck/Zhejiang/W24/2013_H5N8,-0.109711,-0.036575,0.046865,-0.077833,HA
427_A/eurasian_coot/Shan,A/eurasian_coot/Shandong/W5611/2020_H5N8,-0.119209,-0.069981,0.023758,-0.103261,HA
428_A/eurasian_coot/Shan,A/eurasian_coot/Shandong/W6137/2020_H5N8,-0.114023,-0.071525,0.014273,-0.103868,HA
429_A/eurasian_coot/Shan,A/eurasian_coot/Shandong/W6143/2020_H5N8,-0.113419,-0.079478,0.013098,-0.105794,HA
430_A/eurasian_coot/Shan,A/eurasian_coot/Shandong/W6150/2020_H5N8,-0.119209,-0.069981,0.023758,-0.103261,HA
431_A/goose/Chiayi/15020,A/goose/Chiayi/15020022/2015_H5N8,-0.074204,0.009659,0.065789,-0.085038,HA
432_A/goose/China/1/2021,A/goose/China/1/2021_H5N8,-0.10273,-0.065536,0.015146,-0.101216,HA
433_A/goose/Eastern_Chin,A/goose/Eastern_China/CZ/2013_H5N8,-0.102785,-0.042335,0.067021,-0.077966,HA
434_A/goose/Eastern_Chin,A/goose/Eastern_China/L1204/2012_H5N8,-0.120897,-0.049026,0.050542,-0.077699,HA
435_A/goose/Eastern_Chin,A/goose/Eastern_China/L1214/2012_H5N8,-0.103807,-0.027021,0.039412,-0.084145,HA
436_A/goose/Eastern_Chin,A/goose/Eastern_China/S0408/2014_H5N8,-0.110482,-0.044434,0.072204,-0.08011,HA
437_A/goose/Guangdong/s1,A/goose/Guangdong/s13124/2013_H5N8,-0.098765,-0.03098,0.063665,-0.061365,HA
438_A/goose/Hebei/HG12/2,A/goose/Hebei/HG12/2021_H5N8,-0.113612,-0.072681,0.010076,-0.097199,HA
439_A/goose/Jiangsu/QD5/,A/goose/Jiangsu/QD5/2014_H5N8,-0.113343,-0.048485,0.063199,-0.070811,HA
440_A/goose/Pingtung/150,A/goose/Pingtung/15050014/2015_H5N8,-0.083401,0.028272,0.064869,-0.0773,HA
441_A/goose/Pingtung/160,A/goose/Pingtung/16010061/2016_H5N8,-0.083076,0.035283,0.076123,-0.080972,HA
442_A/goose/Tainan/16040,A/goose/Tainan/16040018-1/2016_H5N8,-0.08099,0.031986,0.062904,-0.07504,HA
443_A/goose/Tainan/16070,A/goose/Tainan/16070002/2016_H5N8,-0.079184,0.030153,0.064726,-0.078074,HA
444_A/goose/Taiwan/01019,A/goose/Taiwan/01019/2015_H5N8,-0.059006,0.020319,0.067185,-0.057699,HA
445_A/goose/Taiwan/01039,A/goose/Taiwan/01039/2015_H5N8,-0.071988,0.003137,0.065894,-0.084827,HA
446_A/goose/Taiwan/TNC1/,A/goose/Taiwan/TNC1/2015_H5N8,-0.077073,0.015574,0.069299,-0.084563,HA
447_A/goose/Taiwan/TNC10,A/goose/Taiwan/TNC10/2015_H5N8,-0.074719,0.01597,0.065664,-0.084116,HA
448_A/goose/Taiwan/TNC11,A/goose/Taiwan/TNC11/2015_H5N8,-0.059777,0.021639,0.067022,-0.06026,HA
449_A/goose/Taiwan/TNC12,A/goose/Taiwan/TNC12/2015_H5N8,-0.074719,0.01597,0.065664,-0.084116,HA
450_A/goose/Taiwan/TNC14,A/goose/Taiwan/TNC14/2015_H5N8,-0.074719,0.01597,0.065664,-0.084116,HA
451_A/goose/Taiwan/TNC3/,A/goose/Taiwan/TNC3/2015_H5N8,-0.07256,0.016368,0.066636,-0.089269,HA
452_A/goose/Taiwan/TNC7/,A/goose/Taiwan/TNC7/2015_H5N8,-0.074719,0.01597,0.065664,-0.084116,HA
453_A/goose/Taiwan/TNC9/,A/goose/Taiwan/TNC9/2015_H5N8,-0.07256,0.016368,0.066636,-0.089269,HA
454_A/goose/Taiwan/TNO15,A/goose/Taiwan/TNO15/2015_H5N8,-0.059777,0.021639,0.067022,-0.06026,HA
455_A/goose/Taiwan/TNO3/,A/goose/Taiwan/TNO3/2015_H5N8,-0.074764,0.008542,0.065499,-0.082995,HA
456_A/goose/Taiwan/TNO9/,A/goose/Taiwan/TNO9/2015_H5N8,-0.059777,0.021639,0.067022,-0.06026,HA
457_A/goose/Taoyuan/1501,A/goose/Taoyuan/15010041/2015_H5N8,-0.073335,0.007169,0.066811,-0.080783,HA
458_A/goose/Xinjiang/12.,A/goose/Xinjiang/12.18_WLMQXL003-C/2016_H5N8,-0.113056,-0.071797,0.016614,-0.123032,HA
459_A/goose/Xinjiang/12.,A/goose/Xinjiang/12.18_WLMQXL003-O/2016_H5N8,-0.113056,-0.071797,0.016614,-0.123032,HA
460_A/goose/Xinjiang/12.,A/goose/Xinjiang/12.18_WLMQXL004-C/2016_H5N8,-0.113056,-0.071797,0.016614,-0.123032,HA
461_A/goose/Xinjiang/12.,A/goose/Xinjiang/12.18_WLMQXL004-O/2016_H5N8,-0.113056,-0.071797,0.016614,-0.123032,HA
462_A/goose/Yangzhou/042,A/goose/Yangzhou/0420/2014_H5N8,-0.114605,-0.056683,0.068279,-0.079825,HA
463_A/goose/Yunlin/15040,A/goose/Yunlin/15040040/2015_H5N8,-0.058482,0.022688,0.06647,-0.061488,HA
464_A/goose/Zhejiang/925,A/goose/Zhejiang/925037/2014_H5N8,-0.104257,-0.047364,0.044713,-0.083017,HA
465_A/goose/Zhejiang/925,A/goose/Zhejiang/925104/2014_H5N8,-0.104257,-0.047364,0.044713,-0.083017,HA
466_A/mallard/Shanghai/S,A/mallard/Shanghai/SH-9/2013_H5N8,-0.105953,-0.040773,0.055545,-0.077474,HA
467_A/swan/China/ST/2016,A/swan/China/ST/2016_H5N8,-0.111196,-0.069326,0.008995,-0.117239,HA
468_A/swan/Shandong/W376,A/swan/Shandong/W3762/2020_H5N8,-0.126791,-0.077359,0.05901,-0.098443,HA
469_A/turkey/Chiayi/1702,A/turkey/Chiayi/17020092-2/2017_H5N8,-0.087846,0.024754,0.05859,-0.08535,HA
470_A/whooper_swan/Shanx,A/whooper_swan/Shanxi/RC01/2016_H5N8,-0.107369,-0.063961,0.010072,-0.116309,HA
471_A/wild_duck/Shandong,A/wild_duck/Shandong/W3580/2020_H5N8,-0.108094,-0.067537,0.008683,-0.097575,HA
472_A/Anser_cygnoides/Hu,A/Anser_cygnoides/Hubei/FW44/2016,0.161528,-0.423585,-0.044605,0.016954,MP1
473_A/bar_headed_goose/T,A/bar_headed_goose/Tibet/T1707/2021,0.159205,-0.426955,-0.104064,0.020177,MP1
474_A/Bar-headed_Goose/Q,A/Bar-headed_Goose/Qinghai/A11/2016,0.14448,-0.422369,-0.089569,0.042282,MP1
475_A/Bar-headed_Goose/Q,A/Bar-headed_Goose/Qinghai/A13/2016,0.142447,-0.434824,-0.086804,0.035605,MP1
476_A/Bar-headed_Goose/Q,A/Bar-headed_Goose/Qinghai/a15/2016,0.144987,-0.425264,-0.065829,0.044637,MP1
477_A/Bar-headed_Goose/Q,A/Bar-headed_Goose/Qinghai/A16/2016,0.145852,-0.410611,-0.082344,0.053989,MP1
478_A/Bar-headed_Goose/Q,A/Bar-headed_Goose/Qinghai/A17/2016,0.148492,-0.431195,-0.089544,0.084408,MP1
479_A/Bar-headed_Goose/Q,A/Bar-headed_Goose/Qinghai/A19/2016,0.153395,-0.428055,-0.082152,0.04195,MP1
480_A/Bar-headed_Goose/Q,A/Bar-headed_Goose/Qinghai/A20/2016,0.131669,-0.447214,-0.067212,0.057475,MP1
481_A/Bar-headed_Goose/Q,A/Bar-headed_Goose/Qinghai/A22/2016,0.163078,-0.433704,-0.069626,0.049606,MP1
482_A/Bar-headed_Goose/Q,A/Bar-headed_Goose/Qinghai/A23/2016,0.148784,-0.436678,-0.087701,0.036834,MP1
483_A/Bar-headed_Goose/Q,A/Bar-headed_Goose/Qinghai/a24/2016,0.144744,-0.422778,-0.086654,0.051083,MP1
484_A/Bar-headed_Goose/Q,A/Bar-headed_Goose/Qinghai/a26/2016,0.139278,-0.428859,-0.081778,0.048466,MP1
485_A/Bar-headed_Goose/Q,A/Bar-headed_Goose/Qinghai/a27/2016,0.130665,-0.427962,-0.072662,0.059694,MP1
486_A/Bar-headed_Goose/Q,A/Bar-headed_Goose/Qinghai/a32/2016,0.13767,-0.432635,-0.074738,0.054569,MP1
487_A/Bar-headed_Goose/Q,A/Bar-headed_Goose/Qinghai/a43/2016,0.13767,-0.432635,-0.074738,0.054569,MP1
488_A/Bar-headed_Goose/Q,A/Bar-headed_Goose/Qinghai/a45/2016,0.14182,-0.439627,-0.082053,0.066012,MP1
489_A/Bar-headed_Goose/Q,A/Bar-headed_Goose/Qinghai/a61/2016,0.129409,-0.438225,-0.076376,0.058197,MP1
490_A/Bar-headed_Goose/Q,A/Bar-headed_Goose/Qinghai/a88/2016,0.155953,-0.43185,-0.084088,0.04695,MP1
491_A/Bar-headed_Goose/Q,A/Bar-headed_Goose/Qinghai/a91/2016,0.15069,-0.437706,-0.079392,0.04443,MP1
492_A/Bar-headed_Goose/Q,A/Bar-headed_Goose/Qinghai/a92/2016,0.150805,-0.436779,-0.074996,0.05618,MP1
493_A/Bar-headed_Goose/Q,A/Bar-headed_Goose/Qinghai/a93/2016,0.150433,-0.431936,-0.090665,0.042188,MP1
494_A/Bar-headed_Goose/Q,A/Bar-headed_Goose/Qinghai/a113/2016,0.161517,-0.423414,-0.093533,0.053163,MP1
495_A/Bar-headed_Goose/Q,A/Bar-headed_Goose/Qinghai/a114/2016,0.155392,-0.423118,-0.087538,0.040715,MP1
496_A/Bar-headed_Goose/Q,A/Bar-headed_Goose/Qinghai/a115/2016,0.146642,-0.429079,-0.079393,0.054506,MP1
497_A/Bar-headed_Goose/Q,A/Bar-headed_Goose/Qinghai/a210/2017,0.173367,-0.408399,-0.077183,0.030318,MP1
498_A/Bar-headed_Goose/Q,A/Bar-headed_Goose/Qinghai/a218/2017,0.17767,-0.422707,-0.075315,0.02487,MP1
499_A/Bar-headed_Goose/Q,A/Bar-headed_Goose/Qinghai/a237/2017,0.181718,-0.414722,-0.073123,0.052385,MP1
500_A/Bar-headed_Goose/Q,A/Bar-headed_Goose/Qinghai/a765/2017,0.173741,-0.423246,-0.07267,0.023325,MP1
501_A/Bar-headed_Goose/Q,A/Bar-headed_Goose/Qinghai/a893/2017,0.136946,-0.43567,-0.047803,0.046852,MP1
502_A/Bar-headed_Goose/Q,A/Bar-headed_Goose/Qinghai/B11/2016,0.15069,-0.437706,-0.079392,0.04443,MP1
503_A/Bar-headed_Goose/Q,A/Bar-headed_Goose/Qinghai/B12/2016,0.148784,-0.436678,-0.087701,0.036834,MP1
504_A/Bar-headed_Goose/Q,A/Bar-headed_Goose/Qinghai/B34/2016,0.146578,-0.43823,-0.091262,0.025545,MP1
505_A/Bar-headed_Goose/Q,A/Bar-headed_Goose/Qinghai/B44/2016,0.148784,-0.436678,-0.087701,0.036834,MP1
506_A/Bar-headed_Goose/Q,A/Bar-headed_Goose/Qinghai/B51/2016,0.140375,-0.433887,-0.071378,0.039521,MP1
507_A/Bar-headed_Goose/Q,A/Bar-headed_Goose/Qinghai/B54/2016,0.155659,-0.419053,-0.078034,0.0649,MP1
508_A/Bar-headed_Goose/Q,A/Bar-headed_Goose/Qinghai/B655/2017,0.173367,-0.408399,-0.077183,0.030318,MP1
509_A/Bar-headed_Goose/Q,A/Bar-headed_Goose/Qinghai/BTY1-B/2016,0.160678,-0.437419,-0.09123,0.029688,MP1
510_A/Bar-headed_Goose/Q,A/Bar-headed_Goose/Qinghai/BTY2-B/2016,0.164785,-0.429332,-0.085492,0.044124,MP1
511_A/Bar-headed_Goose/Q,A/Bar-headed_Goose/Qinghai/BTY2-LU/2016,0.157371,-0.44322,-0.097858,0.02422,MP1
512_A/Bar-headed_Goose/Q,A/Bar-headed_Goose/Qinghai/BTY3-B/2016,0.15935,-0.444287,-0.089229,0.032108,MP1
513_A/Bar-headed_Goose/Q,A/Bar-headed_Goose/Qinghai/BTY3-LU/2016,0.156378,-0.43592,-0.080092,0.040906,MP1
514_A/Bar-headed_Goose/Q,A/Bar-headed_Goose/Qinghai/BTY4-B/2016,0.149103,-0.437742,-0.08204,0.045671,MP1
515_A/Bar-headed_Goose/Q,A/Bar-headed_Goose/Qinghai/BTY4-LU/2016,0.160109,-0.43225,-0.08944,0.045199,MP1
516_A/Bar-headed_Goose/Q,A/Bar-headed_Goose/Qinghai/BTY5-B/2016,0.165289,-0.428796,-0.085681,0.034804,MP1
517_A/Bar-headed_Goose/Q,A/Bar-headed_Goose/Qinghai/BTY6-B/2016,0.148959,-0.440549,-0.094325,0.01243,MP1
518_A/Bar-headed_Goose/Q,A/Bar-headed_Goose/Qinghai/BTY6-LU/2016,0.158699,-0.436351,-0.099859,0.0218,MP1
519_A/Bar-headed_Goose/Q,A/Bar-headed_Goose/Qinghai/BTY7-B/2016,0.146694,-0.425033,-0.085907,0.04157,MP1
520_A/Bar-headed_Goose/Q,A/Bar-headed_Goose/Qinghai/BTY7-LU1/2016,0.148784,-0.436678,-0.087701,0.036834,MP1
521_A/Bar-headed_Goose/Q,A/Bar-headed_Goose/Qinghai/BTY7-LU2/2016,0.154473,-0.434892,-0.088401,0.03331,MP1
522_A/Bar-headed_Goose/Q,A/Bar-headed_Goose/Qinghai/BTY8-B/2016,0.146188,-0.432933,-0.068128,0.040943,MP1
523_A/Bar-headed_Goose/Q,A/Bar-headed_Goose/Qinghai/BTY8-LU/2016,0.15069,-0.437706,-0.079392,0.04443,MP1
524_A/Bar-headed_Goose/Q,A/Bar-headed_Goose/Qinghai/BTY9-B/2016,0.142837,-0.446332,-0.100647,0.025792,MP1
525_A/Bar-headed_Goose/Q,A/Bar-headed_Goose/Qinghai/BTY9-LU/2016,0.142837,-0.446332,-0.100647,0.025792,MP1
526_A/Bar-headed_Goose/Q,A/Bar-headed_Goose/Qinghai/BTY10-B/2016,0.139252,-0.42902,-0.083221,0.037357,MP1
527_A/Bar-headed_Goose/Q,A/Bar-headed_Goose/Qinghai/BTY10-LU/2016,0.147379,-0.430697,-0.099025,0.033193,MP1
528_A/Bar-headed_Goose/Q,A/Bar-headed_Goose/Qinghai/BTY11-B/2016,0.147379,-0.430697,-0.099025,0.033193,MP1
529_A/Bar-headed_Goose/Q,A/Bar-headed_Goose/Qinghai/BTY11-LU/2016,0.148784,-0.436678,-0.087701,0.036834,MP1
530_A/Bar-headed_Goose/Q,A/Bar-headed_Goose/Qinghai/BTY12-B/2016,0.146659,-0.384034,-0.124134,0.02085,MP1
531_A/Bar-headed_Goose/Q,A/Bar-headed_Goose/Qinghai/BTY12-LU/2016,0.143686,-0.360921,-0.102275,0.032354,MP1
532_A/Bar-headed_Goose/Q,A/Bar-headed_Goose/Qinghai/BTY13-B/2016,0.14448,-0.422369,-0.089569,0.042282,MP1
533_A/Bar-headed_Goose/Q,A/Bar-headed_Goose/Qinghai/BTY13-LU/2016,0.145815,-0.430708,-0.084941,0.040281,MP1
534_A/Bar-headed_Goose/Q,A/Bar-headed_Goose/Qinghai/BTY14-B/2016,0.14448,-0.422369,-0.089569,0.042282,MP1
535_A/Bar-headed_Goose/Q,A/Bar-headed_Goose/Qinghai/BTY14-LU/2016,0.14448,-0.422369,-0.089569,0.042282,MP1
536_A/Bar-headed_Goose/Q,A/Bar-headed_Goose/Qinghai/BTY15-B/2016,0.147379,-0.430697,-0.099025,0.033193,MP1
537_A/Bar-headed_Goose/Q,A/Bar-headed_Goose/Qinghai/BTY15-LU/2016,0.148784,-0.436678,-0.087701,0.036834,MP1
538_A/Bar-headed_Goose/Q,A/Bar-headed_Goose/Qinghai/BTY16-B/2016,0.15402,-0.424845,-0.092185,0.034834,MP1
539_A/Bar-headed_Goose/Q,A/Bar-headed_Goose/Qinghai/BTY16-LU/2016,0.137926,-0.431837,-0.09445,0.027753,MP1
540_A/Bar-headed_Goose/Q,A/Bar-headed_Goose/Qinghai/BTY17-B/2016,0.15935,-0.444287,-0.089229,0.032108,MP1
541_A/Bar-headed_Goose/Q,A/Bar-headed_Goose/Qinghai/BTY17-LU/2016,0.15069,-0.437706,-0.079392,0.04443,MP1
542_A/Bar-headed_Goose/Q,A/Bar-headed_Goose/Qinghai/BTY18-B/2016,0.149577,-0.418334,-0.088301,0.044177,MP1
543_A/Bar-headed_Goose/Q,A/Bar-headed_Goose/Qinghai/BTY18-LU/2016,0.147927,-0.422915,-0.090078,0.042396,MP1
544_A/Bar-headed_Goose/Q,A/Bar-headed_Goose/Qinghai/HDT001/2016,0.154048,-0.430822,-0.092397,0.039354,MP1
545_A/Bar-headed_Goose/Q,A/Bar-headed_Goose/Qinghai/p2/2016,0.140163,-0.433277,-0.088131,0.06627,MP1
546_A/Bar-headed_Goose/Q,A/Bar-headed_Goose/Qinghai/p9/2016,0.150805,-0.436779,-0.074996,0.05618,MP1
547_A/Bar-headed_Goose/Q,A/Bar-headed_Goose/Qinghai/p18/2016,0.149615,-0.447142,-0.083233,0.055328,MP1
548_A/Bar-headed_Goose/Q,A/Bar-headed_Goose/Qinghai/XX13/2016,0.153395,-0.428055,-0.082152,0.04195,MP1
549_A/Bar-headed_Goose/Q,A/Bar-headed_Goose/Qinghai/XX22/2016,0.148784,-0.436678,-0.087701,0.036834,MP1
550_A/Bar-headed_Goose/Q,A/Bar-headed_Goose/Qinghai/XX76/2016,0.13876,-0.441484,-0.079094,0.065298,MP1
551_A/Bar-headed_Goose/Q,A/Bar-headed_Goose/Qinghai/XX111/2016,0.146578,-0.43823,-0.091262,0.025545,MP1
552_A/Bar-headed_Goose/Q,A/Bar-headed_Goose/Qinghai/XX446/2016,0.132281,-0.428953,-0.065449,0.046513,MP1
553_A/Bar-headed_Goose/Q,A/Bar-headed_Goose/Qinghai/XX782/2016,0.145721,-0.424468,-0.093638,0.031108,MP1
554_A/Bar-headed_Goose/Q,A/Bar-headed_Goose/Qinghai/XXI122/2016,0.140212,-0.429642,-0.084823,0.039514,MP1
555_A/Bar-headed_Goose/T,A/Bar-headed_Goose/Tibet/XZ6/2021,0.160294,-0.42584,-0.088406,0.015354,MP1
556_A/Bar-headed_Goose/T,A/Bar-headed_Goose/Tibet/XZ71/2021,0.159205,-0.426955,-0.104064,0.020177,MP1
557_A/Bar-headed_Goose/T,A/Bar-headed_Goose/Tibet/XZ81/2021,0.162659,-0.427268,-0.108022,0.024008,MP1
558_A/Bar-headed_Goose/T,A/Bar-headed_Goose/Tibet/XZ181/2021,0.160294,-0.42584,-0.088406,0.015354,MP1
559_A/Bar-headed_Goose/T,A/Bar-headed_Goose/Tibet/XZQ5-1/2021,0.159205,-0.426955,-0.104064,0.020177,MP1
560_A/Bar-headed_Goose/T,A/Bar-headed_Goose/Tibet/XZQ7/2021,0.159205,-0.426955,-0.104064,0.020177,MP1
561_A/Bar-headed_Goose/T,A/Bar-headed_Goose/Tibet/XZQ8-1/2021,0.159205,-0.426955,-0.104064,0.020177,MP1
562_A/Bar-headed_Goose/T,A/Bar-headed_Goose/Tibet/XZQ9-1/2021,0.159205,-0.426955,-0.104064,0.020177,MP1
563_A/Bar-headed_Goose/T,A/Bar-headed_Goose/Tibet/XZQ10-1/2021,0.159205,-0.426955,-0.104064,0.020177,MP1
564_A/Bar-headed_Goose/T,A/Bar-headed_Goose/Tibet/XZQ13-1/2021,0.160294,-0.42584,-0.088406,0.015354,MP1
565_A/Bar-headed_Goose/T,A/Bar-headed_Goose/Tibet/XZQ17-1/2021,0.160294,-0.42584,-0.088406,0.015354,MP1
566_A/Bar-headed_Goose/T,A/Bar-headed_Goose/Tibet/XZQ18-1/2021,0.160294,-0.42584,-0.088406,0.015354,MP1
567_A/bean_goose/Hubei/B,A/bean_goose/Hubei/BQ11/2020,0.159205,-0.426955,-0.104064,0.020177,MP1
568_A/Bean_Goose/Hubei/c,A/Bean_Goose/Hubei/chenhu__XVI311-2_/2016_H5N8,0.166515,-0.414672,-0.065777,0.051936,MP1
569_A/Bean_goose/Hubei/C,A/Bean_goose/Hubei/CH-i119/2017,0.14448,-0.422369,-0.089569,0.042282,MP1
570_A/Bean_goose/Hubei/C,A/Bean_goose/Hubei/CH-i122/2017_H5N8,0.142445,-0.45197,-0.086846,0.045212,MP1
571_A/Bean_goose/Hubei/C,A/Bean_goose/Hubei/CH-i320/2017_H5N8,0.134593,-0.445598,-0.077721,0.062898,MP1
572_A/black_swan/Beijing,A/black_swan/Beijing/1/2021,0.152915,-0.419565,-0.1049,0.003659,MP1
573_A/black-backed_gull/,A/black-backed_gull/Shandong/SC189/2021,0.165768,-0.428642,-0.105784,0.023101,MP1
574_A/Brown-headed_Gull/,A/Brown-headed_Gull/Qinghai/ZTO1-B/2016,0.126199,-0.455327,-0.06552,0.044357,MP1
575_A/Brown-headed_Gull/,A/Brown-headed_Gull/Qinghai/ZTO1-LU/2016,0.148784,-0.436678,-0.087701,0.036834,MP1
576_A/Brown-headed_Gull/,A/Brown-headed_Gull/Qinghai/ZTO3-B/2016,0.148784,-0.436678,-0.087701,0.036834,MP1
577_A/Brown-headed_Gull/,A/Brown-headed_Gull/Qinghai/ZTO3-LU/2016,0.150433,-0.431936,-0.090665,0.042188,MP1
578_A/Brown-headed_Gull/,A/Brown-headed_Gull/Qinghai/ZTO4-B/2016,0.151528,-0.429102,-0.105837,0.03204,MP1
579_A/Brown-headed_Gull/,A/Brown-headed_Gull/Qinghai/ZTO5-B/2016,0.132266,-0.428354,-0.079503,0.034087,MP1
580_A/Brown-headed_Gull/,A/Brown-headed_Gull/Qinghai/ZTO5-K/2016,0.147721,-0.431736,-0.076631,0.047877,MP1
581_A/Brown-headed_Gull/,A/Brown-headed_Gull/Qinghai/ZTO6-MU/2016,0.134965,-0.415925,-0.074498,0.027931,MP1
582_A/Brown-headed_Gull/,A/Brown-headed_Gull/Qinghai/ZTO6-SP/2016,0.151911,-0.430039,-0.088425,0.045068,MP1
583_A/brown-headed_gull/,A/brown-headed_gull/Tibet/1-1/2021,0.156577,-0.428192,-0.10646,0.012964,MP1
584_A/Brown-headed_Gull/,A/Brown-headed_Gull/Tibet/XZ19/2021,0.160294,-0.42584,-0.088406,0.015354,MP1
585_A/Brown-headed_Gull/,A/Brown-headed_Gull/Tibet/XZQ15-2/2021,0.157689,-0.421769,-0.09805,0.029441,MP1
586_A/Brown-headed_Gull/,A/Brown-headed_Gull/Tibet/XZQ16-2/2021,0.157689,-0.421769,-0.09805,0.029441,MP1
587_A/chicken/Changhua/1,A/chicken/Changhua/15040036-1/2015,0.208513,-0.244361,-0.061843,0.118619,MP1
588_A/chicken/Changhua/1,A/chicken/Changhua/15040037-2/2015,0.206534,-0.243294,-0.070472,0.110731,MP1
589_A/chicken/Changhua/1,A/chicken/Changhua/15040042/2015,0.206534,-0.243294,-0.070472,0.110731,MP1
590_A/chicken/Changhua/1,A/chicken/Changhua/15040043-1/2015,0.206534,-0.243294,-0.070472,0.110731,MP1
591_A/chicken/Changhua/1,A/chicken/Changhua/15050038-1/2015,0.203556,-0.23229,-0.073618,0.099562,MP1
592_A/chicken/Changhua/1,A/chicken/Changhua/15060029/2015,0.203556,-0.23229,-0.073618,0.099562,MP1
593_A/chicken/Chiayi/150,A/chicken/Chiayi/15010454-1/2015,0.213064,-0.238153,-0.0728,0.104613,MP1
594_A/chicken/Kaohsiung/,A/chicken/Kaohsiung/16MB0889/2016,0.197948,-0.24136,-0.066231,0.09663,MP1
595_A/chicken/Kaohsiung/,A/chicken/Kaohsiung/16010047/2016,0.186943,-0.230189,-0.066814,0.079812,MP1
596_A/chicken/Kaohsiung/,A/chicken/Kaohsiung/16020017-2/2016,0.205307,-0.245846,-0.071621,0.090273,MP1
597_A/chicken/Kaohsiung/,A/chicken/Kaohsiung/16040021-1/2016,0.197948,-0.24136,-0.066231,0.09663,MP1
598_A/chicken/Kaohsiung/,A/chicken/Kaohsiung/16070003/2016,0.191417,-0.246501,-0.063903,0.102748,MP1
599_A/chicken/Kaohsiung/,A/chicken/Kaohsiung/16120012/2016,0.195701,-0.25348,-0.067984,0.099308,MP1
600_A/chicken/Kaohsiung/,A/chicken/Kaohsiung/17030023/2017,0.206201,-0.245683,-0.066043,0.094575,MP1
601_A/chicken/Miaoli/150,A/chicken/Miaoli/15010421-1/2015,0.206534,-0.243294,-0.070472,0.110731,MP1
602_A/chicken/Nantou/161,A/chicken/Nantou/16110023-1/2016,0.197948,-0.24136,-0.066231,0.09663,MP1
603_A/chicken/New_Taipei,A/chicken/New_Taipei_City/16110019-1/2016,0.205307,-0.245846,-0.071621,0.090273,MP1
604_A/chicken/New_Taipei,A/chicken/New_Taipei_City/16110020-2/2016,0.205307,-0.245846,-0.071621,0.090273,MP1
605_A/chicken/New_Taipei,A/chicken/New_Taipei_City/17050004-2/2017,0.194846,-0.240582,-0.068235,0.091597,MP1
606_A/chicken/New_Taipei,A/chicken/New_Taipei_City/17090001/2017,0.194846,-0.240582,-0.068235,0.091597,MP1
607_A/chicken/New_Taipei,A/chicken/New_Taipei_City/17090002/2017,0.194846,-0.240582,-0.068235,0.091597,MP1
608_A/chicken/New_Taipei,A/chicken/New_Taipei_City/17090003/2017,0.194846,-0.240582,-0.068235,0.091597,MP1
609_A/chicken/Shandong/K,A/chicken/Shandong/KD02699/2013,0.165345,-0.309017,-0.076689,0.07057,MP1
610_A/chicken/Taichung/1,A/chicken/Taichung/16110017-3/2016,0.178235,-0.221936,-0.062009,0.089474,MP1
611_A/chicken/Tainan/150,A/chicken/Tainan/15020214/2015,0.213064,-0.238153,-0.0728,0.104613,MP1
612_A/chicken/Tainan/170,A/chicken/Tainan/17030058-1/2017,0.217627,-0.275353,-0.06825,0.080296,MP1
613_A/chicken/Taipei_Cit,A/chicken/Taipei_City/17090004/2017,0.182154,-0.180329,-0.103141,0.080338,MP1
614_A/chicken/Taipei/160,A/chicken/Taipei/16060022-4/2016,0.197948,-0.24136,-0.066231,0.09663,MP1
615_A/chicken/Taipei/160,A/chicken/Taipei/16060023-1/2016,0.197948,-0.24136,-0.066231,0.09663,MP1
616_A/chicken/Taipei/161,A/chicken/Taipei/16120021/2016,0.191,-0.246366,-0.07351,0.096332,MP1
617_A/chicken/Taipei/170,A/chicken/Taipei/17050005-1/2017,0.194846,-0.240582,-0.068235,0.091597,MP1
618_A/chicken/Taipei/170,A/chicken/Taipei/17050008-3/2017,0.194846,-0.240582,-0.068235,0.091597,MP1
619_A/chicken/Taipei/170,A/chicken/Taipei/17050009-3/2017,0.179915,-0.245161,-0.066442,0.072983,MP1
620_A/chicken/Taiwan/x37,A/chicken/Taiwan/x37/2016,0.20421,-0.209055,-0.059162,0.093982,MP1
621_A/chicken/Yunlin/150,A/chicken/Yunlin/15050012/2015,0.208513,-0.244361,-0.061843,0.118619,MP1
622_A/chicken/Yunlin/160,A/chicken/Yunlin/16020038/2016,0.204095,-0.234607,-0.077372,0.10248,MP1
623_A/chicken/Yunlin/170,A/chicken/Yunlin/17010001/2017,0.203259,-0.230535,-0.076094,0.103551,MP1
624_A/Chlidonias_hybrida,A/Chlidonias_hybrida/Hubei/55/2020,0.159205,-0.426955,-0.104064,0.020177,MP1
625_A/common_coot/Shando,A/common_coot/Shandong/SC197/2021,0.148573,-0.430492,-0.107976,0.021016,MP1
626_A/common_crane/Yunna,A/common_crane/Yunnan-Huize/27/2021(H5N8),0.165065,-0.425409,-0.104497,0.016386,MP1
627_A/common_pochard/Nin,A/common_pochard/Ningxia/243/2020,0.15789,-0.412227,-0.05968,0.014318,MP1
628_A/common_teal/Ningxi,A/common_teal/Ningxia/105/2020,0.153815,-0.407591,-0.108502,0.029539,MP1
629_A/common_teal/Ningxi,A/common_teal/Ningxia/181/2020,0.15789,-0.412227,-0.05968,0.014318,MP1
630_A/common_teal/Ningxi,A/common_teal/Ningxia/189/2020,0.15789,-0.412227,-0.05968,0.014318,MP1
631_A/common_teal/Ningxi,A/common_teal/Ningxia/237/2020,0.15789,-0.412227,-0.05968,0.014318,MP1
632_A/common_teal/Ningxi,A/common_teal/Ningxia/245/2020,0.15789,-0.412227,-0.05968,0.014318,MP1
633_A/common_teal/Ningxi,A/common_teal/Ningxia/253/2020,0.15789,-0.412227,-0.05968,0.014318,MP1
634_A/common_teal/Shaanx,A/common_teal/Shaanxi/SXY1-1/2020,0.153815,-0.407591,-0.108502,0.029539,MP1
635_A/Cygnus_atratus/Hub,A/Cygnus_atratus/Hubei/2Z2-O/2016,0.18332,-0.40852,-0.055865,0.010649,MP1
636_A/Cygnus_atratus/Hub,A/Cygnus_atratus/Hubei/HF-1/2016,0.172382,-0.414638,-0.051499,0.016762,MP1
637_A/Cygnus_columbianus,A/Cygnus_columbianus/Hubei/49/2020,0.159205,-0.426955,-0.104064,0.020177,MP1
638_A/Cygnus_columbianus,A/Cygnus_columbianus/Hubei/50/2020,0.156129,-0.429447,-0.102754,0.023093,MP1
639_A/Cygnus_columbianus,A/Cygnus_columbianus/Hubei/51/2020,0.159205,-0.426955,-0.104064,0.020177,MP1
640_A/Cygnus_columbianus,A/Cygnus_columbianus/Hubei/52/2020,0.165048,-0.422355,-0.106146,0.014703,MP1
641_A/Cygnus_columbianus,A/Cygnus_columbianus/Hubei/53/2020,0.159205,-0.426955,-0.104064,0.020177,MP1
642_A/Cygnus_columbianus,A/Cygnus_columbianus/Hubei/56/2020,0.159205,-0.426955,-0.104064,0.020177,MP1
643_A/Cygnus_columbianus,A/Cygnus_columbianus/Hubei/116/2020,0.159205,-0.426955,-0.104064,0.020177,MP1
644_A/duck/Chiayi/150800,A/duck/Chiayi/15080023/2015,0.203556,-0.23229,-0.073618,0.099562,MP1
645_A/duck/Eastern_China,A/duck/Eastern_China/JY/2014,0.206292,-0.301779,-0.03481,0.075036,MP1
646_A/duck/Eastern_China,A/duck/Eastern_China/L0405/2010,0.206442,-0.31235,-0.02733,0.062476,MP1
647_A/duck/Eastern_China,A/duck/Eastern_China/L0423/2011,0.216268,-0.31706,-0.035547,0.058857,MP1
648_A/duck/Eastern_China,A/duck/Eastern_China/L0611/2011,0.232776,-0.324579,-0.048282,0.056126,MP1
649_A/duck/Eastern_China,A/duck/Eastern_China/L0722/2012,0.196706,-0.331941,-0.037772,0.048652,MP1
650_A/duck/Eastern_China,A/duck/Eastern_China/L1021/2012,0.209938,-0.317134,-0.017627,0.063811,MP1
651_A/duck/Eastern_China,A/duck/Eastern_China/L1120/2012,0.177314,-0.304817,-0.071788,0.064059,MP1
652_A/duck/Eastern_China,A/duck/Eastern_China/S0215/2014,0.20876,-0.302003,-0.037638,0.077773,MP1
653_A/duck/Eastern_China,A/duck/Eastern_China/S1109/2014,0.220673,-0.302412,-0.044002,0.068877,MP1
654_A/duck/Eastern_China,A/duck/Eastern_China/S1210/2013,0.192383,-0.288194,-0.031158,0.062306,MP1
655_A/duck/Guangdong/KGZ,A/duck/Guangdong/KGZ15783/2021,0.149477,-0.434364,-0.103502,0.022094,MP1
656_A/duck/Guangdong/KGZ,A/duck/Guangdong/KGZ16015/2021,0.170693,-0.419564,-0.106169,0.026964,MP1
657_A/duck/Guangdong/S12,A/duck/Guangdong/S1269/2021,0.157765,-0.431625,-0.107417,0.022964,MP1
658_A/duck/Guangdong/s14,A/duck/Guangdong/s14044/2014,0.161953,-0.286853,-0.052606,0.038339,MP1
659_A/duck/Guangxi/S1009,A/duck/Guangxi/S10099/2021,0.170693,-0.419564,-0.106169,0.026964,MP1
660_A/duck/Guangxi/S1026,A/duck/Guangxi/S10263/2021,0.170693,-0.419564,-0.106169,0.026964,MP1
661_A/duck/Guangxi/S1104,A/duck/Guangxi/S11043/2021,0.159205,-0.426955,-0.104064,0.020177,MP1
662_A/duck/Guangxi/S2119,A/duck/Guangxi/S21194/2021,0.16816,-0.414084,-0.108419,0.033602,MP1
663_A/duck/Hebei/S1070/2,A/duck/Hebei/S1070/2021,0.159205,-0.426955,-0.104064,0.020177,MP1
664_A/duck/Henan/S1381/2,A/duck/Henan/S1381/2021,0.168454,-0.423781,-0.10832,0.021066,MP1
665_A/duck/Hunan/11.30_Y,A/duck/Hunan/11.30_YYGK74E3-OC/2017,0.126944,-0.328739,-0.133669,0.021846,MP1
666_A/duck/Jiangxi/S1025,A/duck/Jiangxi/S10252/2021,0.159205,-0.426955,-0.104064,0.020177,MP1
667_A/duck/Shandong/11.1,A/duck/Shandong/11.14_DL-DKd11/2013(H5N8),0.206292,-0.301779,-0.03481,0.075036,MP1
668_A/duck/Shandong/11.1,A/duck/Shandong/11.14_RD/2013(H5N8),0.206292,-0.301779,-0.03481,0.075036,MP1
669_A/duck/Shandong/Q1/2,A/duck/Shandong/Q1/2013,0.176993,-0.307615,-0.073852,0.061988,MP1
670_A/duck/Tainan/150104,A/duck/Tainan/15010403/2015,0.213064,-0.238153,-0.0728,0.104613,MP1
671_A/duck/Taiwan/a068/2,A/duck/Taiwan/a068/2015,0.213064,-0.238153,-0.0728,0.104613,MP1
672_A/duck/Taiwan/A3400/,A/duck/Taiwan/A3400/2015,0.213064,-0.238153,-0.0728,0.104613,MP1
673_A/duck/Xinjiang/12.1,A/duck/Xinjiang/12.18_WLMQXL001-C/2016,0.175471,-0.425067,-0.071398,0.008709,MP1
674_A/duck/Yunlin/150102,A/duck/Yunlin/15010277/2015,0.206534,-0.243294,-0.070472,0.110731,MP1
675_A/duck/Yunlin/150104,A/duck/Yunlin/15010458-1/2015,0.206534,-0.243294,-0.070472,0.110731,MP1
676_A/duck/Zhejiang/6D18,A/duck/Zhejiang/6D18/2013,0.208271,-0.302846,-0.026181,0.082924,MP1
677_A/duck/Zhejiang/9250,A/duck/Zhejiang/925019/2014,0.20876,-0.302003,-0.037638,0.077773,MP1
678_A/duck/Zhejiang/9251,A/duck/Zhejiang/925169/2014,0.20876,-0.302003,-0.037638,0.077773,MP1
679_A/duck/Zhejiang/W24/,A/duck/Zhejiang/W24/2013,0.206292,-0.301779,-0.03481,0.075036,MP1
680_A/egret/Jiangsu/SD02,A/egret/Jiangsu/SD021/2021,0.155726,-0.428201,-0.10542,0.029299,MP1
681_A/eurasian_eagle-owl,A/eurasian_eagle-owl/Henan/SMQ11/2020,0.159205,-0.426955,-0.104064,0.020177,MP1
682_A/goose/Chiayi/15020,A/goose/Chiayi/15020022/2015,0.192018,-0.251165,-0.080447,0.122234,MP1
683_A/goose/China/1/2021,A/goose/China/1/2021,0.16131,-0.438424,-0.103991,0.004364,MP1
684_A/goose/Eastern_Chin,A/goose/Eastern_China/CZ/2013,0.199383,-0.29712,-0.035867,0.083127,MP1
685_A/goose/Eastern_Chin,A/goose/Eastern_China/L1204/2012,0.176774,-0.3025,-0.068034,0.061141,MP1
686_A/goose/Eastern_Chin,A/goose/Eastern_China/L1214/2012,0.176774,-0.3025,-0.068034,0.061141,MP1
687_A/goose/Eastern_Chin,A/goose/Eastern_China/S0408/2014,0.209591,-0.298565,-0.023108,0.080369,MP1
688_A/goose/Guangdong/s1,A/goose/Guangdong/s13124/2013,0.194844,-0.307771,-0.041376,0.065544,MP1
689_A/goose/Guangxi/S206,A/goose/Guangxi/S20601/2021,0.170693,-0.419564,-0.106169,0.026964,MP1
690_A/goose/Henan/S1315/,A/goose/Henan/S1315/2021,0.159205,-0.426955,-0.104064,0.020177,MP1
691_A/goose/Hunan/S11288,A/goose/Hunan/S11288/2021,0.163455,-0.418625,-0.098361,0.025636,MP1
692_A/goose/Jiangsu/QD5/,A/goose/Jiangsu/QD5/2014,0.206292,-0.301779,-0.03481,0.075036,MP1
693_A/goose/Jiangsu/S138,A/goose/Jiangsu/S1385/2021,0.147746,-0.427574,-0.108162,0.018832,MP1
694_A/goose/Liaoning/S12,A/goose/Liaoning/S1266/2021,0.156111,-0.426301,-0.097024,0.020858,MP1
695_A/goose/Pingtung/150,A/goose/Pingtung/15050014/2015,0.205307,-0.245846,-0.071621,0.090273,MP1
696_A/goose/Pingtung/160,A/goose/Pingtung/16010061/2016,0.208383,-0.243353,-0.07293,0.087357,MP1
697_A/goose/Shandong/05.,A/goose/Shandong/05.23_AY-GS/2015(Mixed),0.20876,-0.302003,-0.037638,0.077773,MP1
698_A/goose/Shandong/05.,A/goose/Shandong/05.23_DT-GS/2014(H5N8),0.20876,-0.302003,-0.037638,0.077773,MP1
699_A/goose/Shandong/06.,A/goose/Shandong/06.14_HZ-GS/2014(Mixed),0.20876,-0.302003,-0.037638,0.077773,MP1
700_A/goose/Shandong/12.,A/goose/Shandong/12.08_YG-GS/2014(H5N8),0.180111,-0.283309,-0.025554,0.06331,MP1
701_A/Goose/Shandong/211,A/Goose/Shandong/21153-3/2021(H5N8),0.159205,-0.426955,-0.104064,0.020177,MP1
702_A/goose/Shandong/GD-,A/goose/Shandong/GD-GS/2014(H5N8),0.202117,-0.300986,-0.033733,0.088614,MP1
703_A/goose/Shandong/LQ0,A/goose/Shandong/LQ01694/2013,0.165011,-0.311927,-0.078836,0.068416,MP1
704_A/goose/Tainan/16040,A/goose/Tainan/16040018-1/2016,0.211517,-0.244107,-0.073316,0.111187,MP1
705_A/goose/Tainan/16070,A/goose/Tainan/16070002/2016,0.20374,-0.239485,-0.077534,0.111127,MP1
706_A/goose/Taiwan/01019,A/goose/Taiwan/01019/2015,0.213064,-0.238153,-0.0728,0.104613,MP1
707_A/goose/Taiwan/01039,A/goose/Taiwan/01039/2015,0.225437,-0.223388,-0.072601,0.113834,MP1
708_A/goose/Taiwan/a015/,A/goose/Taiwan/a015/2015,0.213064,-0.238153,-0.0728,0.104613,MP1
709_A/goose/Taiwan/TNC1/,A/goose/Taiwan/TNC1/2015,0.202587,-0.235719,-0.060378,0.109646,MP1
710_A/goose/Taiwan/TNC3/,A/goose/Taiwan/TNC3/2015,0.206534,-0.243294,-0.070472,0.110731,MP1
711_A/goose/Taiwan/TNC4/,A/goose/Taiwan/TNC4/2015,0.213064,-0.238153,-0.0728,0.104613,MP1
712_A/goose/Taiwan/TNC9/,A/goose/Taiwan/TNC9/2015,0.206534,-0.243294,-0.070472,0.110731,MP1
713_A/goose/Taiwan/TNC10,A/goose/Taiwan/TNC10/2015,0.202587,-0.235719,-0.060378,0.109646,MP1
714_A/goose/Taiwan/TNC12,A/goose/Taiwan/TNC12/2015,0.202587,-0.235719,-0.060378,0.109646,MP1
715_A/goose/Taiwan/TNC14,A/goose/Taiwan/TNC14/2015,0.202587,-0.235719,-0.060378,0.109646,MP1
716_A/goose/Taiwan/TNO3/,A/goose/Taiwan/TNO3/2015,0.213064,-0.238153,-0.0728,0.104613,MP1
717_A/goose/Taiwan/TNO9/,A/goose/Taiwan/TNO9/2015,0.213064,-0.238153,-0.0728,0.104613,MP1
718_A/goose/Taiwan/TNO15,A/goose/Taiwan/TNO15/2015,0.213064,-0.238153,-0.0728,0.104613,MP1
719_A/goose/Taiwan/TNO17,A/goose/Taiwan/TNO17/2015,0.202587,-0.235719,-0.060378,0.109646,MP1
720_A/goose/Taoyuan/1501,A/goose/Taoyuan/15010041/2015,0.206534,-0.243294,-0.070472,0.110731,MP1
721_A/goose/Xinjiang/12.,A/goose/Xinjiang/12.18_WLMQXL003-C/2016,0.179171,-0.432168,-0.080861,0.009726,MP1
722_A/goose/Xinjiang/12.,A/goose/Xinjiang/12.18_WLMQXL003-O/2016,0.179171,-0.432168,-0.080861,0.009726,MP1
723_A/goose/Xinjiang/12.,A/goose/Xinjiang/12.18_WLMQXL004-C/2016,0.179171,-0.432168,-0.080861,0.009726,MP1
724_A/goose/Xinjiang/12.,A/goose/Xinjiang/12.18_WLMQXL004-O/2016,0.198435,-0.429399,-0.078749,0.016574,MP1
725_A/goose/Yangzhou/042,A/goose/Yangzhou/0420/2014,0.17719,-0.288574,-0.032353,0.077891,MP1
726_A/goose/Yunlin/15040,A/goose/Yunlin/15040040/2015,0.207444,-0.230897,-0.072101,0.089366,MP1
727_A/goose/Zhejiang/925,A/goose/Zhejiang/925037/2014,0.20876,-0.302003,-0.037638,0.077773,MP1
728_A/goose/Zhejiang/925,A/goose/Zhejiang/925104/2014,0.20876,-0.302003,-0.037638,0.077773,MP1
729_A/goose/Zhejiang/S12,A/goose/Zhejiang/S1266/2021,0.151428,-0.422333,-0.108281,0.020117,MP1
730_A/Great_Black-headed,A/Great_Black-headed_Gull/Qinghai/YO1-B/2016,0.16099,-0.427297,-0.074543,0.046022,MP1
731_A/Great_Cormorant/Qi,A/Great_Cormorant/Qinghai/a51/2016,0.148784,-0.436678,-0.087701,0.036834,MP1
732_A/Great_Cormorant/Qi,A/Great_Cormorant/Qinghai/B82/2016,0.148784,-0.436678,-0.087701,0.036834,MP1
733_A/Great_Cormorant/Qi,A/Great_Cormorant/Qinghai/Y01/2016,0.148825,-0.435712,-0.083625,0.048292,MP1
734_A/Great_Crested_Greb,A/Great_Crested_Grebe/Qinghai/a737/2017,0.17767,-0.422707,-0.075315,0.02487,MP1
735_A/grebe/Ningxia/SD00,A/grebe/Ningxia/SD001/2021,0.148353,-0.42179,-0.089261,0.013398,MP1
736_A/grebe/Shaanxi/SD00,A/grebe/Shaanxi/SD001/2021,0.156931,-0.416152,-0.086829,0.020794,MP1
737_A/grebe/Shandong/SC1,A/grebe/Shandong/SC184/2021,0.159205,-0.426955,-0.104064,0.020177,MP1
738_A/green-winged_teal/,A/green-winged_teal/Guangdong/SD004/2021,0.159205,-0.426955,-0.104064,0.020177,MP1
739_A/Herring_Gull/Hubei,A/Herring_Gull/Hubei/CH-i149/2017_H5N8,0.14448,-0.422369,-0.089569,0.042282,MP1
740_A/mallard_duck/Shang,A/mallard_duck/Shanghai/SH-9/2013,0.195114,-0.287065,-0.056383,0.069365,MP1
741_A/mallard/Ningxia/17,A/mallard/Ningxia/175/2020,0.15789,-0.412227,-0.05968,0.014318,MP1
742_A/mallard/Ningxia/17,A/mallard/Ningxia/176/2020,0.15789,-0.412227,-0.05968,0.014318,MP1
743_A/mallard/Ningxia/23,A/mallard/Ningxia/239/2020,0.15789,-0.412227,-0.05968,0.014318,MP1
744_A/mallard/Ningxia/24,A/mallard/Ningxia/241/2020,0.15789,-0.412227,-0.05968,0.014318,MP1
745_A/mallard/Ningxia/24,A/mallard/Ningxia/247/2020,0.15789,-0.412227,-0.05968,0.014318,MP1
746_A/mallard/Ningxia/24,A/mallard/Ningxia/249/2020,0.15789,-0.412227,-0.05968,0.014318,MP1
747_A/mute_swan/Inner_Mo,A/mute_swan/Inner_Mongolia/w2-1/2020,0.156129,-0.429447,-0.102754,0.023093,MP1
748_A/mute_swan/Shandong,A/mute_swan/Shandong/1/2021,0.164392,-0.436689,-0.097852,0.008914,MP1
749_A/Peregrine_Falcon/H,A/Peregrine_Falcon/Hong_Kong/AFCD-HKU-21-013-27/2021,0.170693,-0.419564,-0.106169,0.026964,MP1
750_A/pheasant/Hebei/B02,A/pheasant/Hebei/B02/2021,0.158335,-0.425934,-0.100178,0.024252,MP1
751_A/swan/China/ST/2016,A/swan/China/ST/2016,0.17369,-0.429069,-0.081836,0.019059,MP1
752_A/swan/Hebei/B01/202,A/swan/Hebei/B01/2021,0.163674,-0.427463,-0.106443,0.033189,MP1
753_A/swan/Shandong/W376,A/swan/Shandong/W3762/2020,0.179895,-0.401707,-0.058025,0.026555,MP1
754_A/tundra_swan/Hubei/,A/tundra_swan/Hubei/BQ3/2020,0.156129,-0.429447,-0.102754,0.023093,MP1
755_A/tundra_swan/Hubei/,A/tundra_swan/Hubei/BQ4/2020,0.159205,-0.426955,-0.104064,0.020177,MP1
756_A/tundra_swan/Hubei/,A/tundra_swan/Hubei/BQ6/2020,0.159205,-0.426955,-0.104064,0.020177,MP1
757_A/tundra_swan/Hubei/,A/tundra_swan/Hubei/BQ7/2020,0.165048,-0.422355,-0.106146,0.014703,MP1
758_A/tundra_swan/Hubei/,A/tundra_swan/Hubei/BQ8/2020,0.159205,-0.426955,-0.104064,0.020177,MP1
759_A/tundra_swan/Hubei/,A/tundra_swan/Hubei/BQ9/2020,0.159205,-0.426955,-0.104064,0.020177,MP1
760_A/turkey/Chiayi/1702,A/turkey/Chiayi/17020092-2/2017,0.19418,-0.230572,-0.070658,0.078192,MP1
761_A/whiskered_tern/Hub,A/whiskered_tern/Hubei/BQ10/2020,0.159205,-0.426955,-0.104064,0.020177,MP1
762_A/whooper_swan/Henan,A/whooper_swan/Henan/SM1/2020,0.159659,-0.402991,-0.110584,0.024065,MP1
763_A/whooper_swan/Henan,A/whooper_swan/Henan/SM16/2020,0.159205,-0.426955,-0.104064,0.020177,MP1
764_A/whooper_swan/Henan,A/whooper_swan/Henan/SM31/2020,0.159205,-0.426955,-0.104064,0.020177,MP1
765_A/whooper_swan/Henan,A/whooper_swan/Henan/SM61/2020,0.159205,-0.426955,-0.104064,0.020177,MP1
766_A/whooper_swan/Henan,A/whooper_swan/Henan/SM76/2020,0.165048,-0.422355,-0.106146,0.014703,MP1
767_A/whooper_swan/Henan,A/whooper_swan/Henan/SM86/2020,0.150651,-0.435207,-0.098797,0.016122,MP1
768_A/whooper_swan/Henan,A/whooper_swan/Henan/SM111/2020,0.165048,-0.422355,-0.106146,0.014703,MP1
769_A/whooper_swan/Henan,A/whooper_swan/Henan/SMQ5/2020,0.159659,-0.402991,-0.110584,0.024065,MP1
770_A/whooper_swan/Henan,A/whooper_swan/Henan/SMQ7/2020,0.159659,-0.402991,-0.110584,0.024065,MP1
771_A/whooper_swan/Henan,A/whooper_swan/Henan/SMQ9/2020,0.159205,-0.426955,-0.104064,0.020177,MP1
772_A/whooper_swan/Henan,A/whooper_swan/Henan/SMQ10/2020,0.159205,-0.426955,-0.104064,0.020177,MP1
773_A/whooper_swan/Inner,A/whooper_swan/Inner_Mongolia/w1-1/2020,0.156129,-0.429447,-0.102754,0.023093,MP1
774_A/Whooper_Swan/Sanme,A/Whooper_Swan/Sanmenxia/01/2016,0.17369,-0.429069,-0.081836,0.019059,MP1
775_A/Whooper_swan/Sanme,A/Whooper_swan/Sanmenxia/G2/2020,0.159205,-0.426955,-0.104064,0.020177,MP1
776_A/Whooper_swan/Sanme,A/Whooper_swan/Sanmenxia/G13/2020,0.151846,-0.426369,-0.095968,0.034915,MP1
777_A/Whooper_swan/Sanme,A/Whooper_swan/Sanmenxia/G15/2020,0.159205,-0.426955,-0.104064,0.020177,MP1
778_A/Whooper_swan/Sanme,A/Whooper_swan/Sanmenxia/G28/2020,0.151846,-0.426369,-0.095968,0.034915,MP1
779_A/Whooper_swan/Sanme,A/Whooper_swan/Sanmenxia/H1/2020,0.15588,-0.42987,-0.103174,0.025924,MP1
780_A/Whooper_swan/Sanme,A/Whooper_swan/Sanmenxia/H735/2020,0.145846,-0.431051,-0.102459,0.003522,MP1
781_A/Whooper_swan/Sanme,A/Whooper_swan/Sanmenxia/H810/2020,0.159205,-0.426955,-0.104064,0.020177,MP1
782_A/Whooper_swan/Sanme,A/Whooper_swan/Sanmenxia/Y10/2020,0.159205,-0.426955,-0.104064,0.020177,MP1
783_A/Whooper_swan/Sanme,A/Whooper_swan/Sanmenxia/Y11/2020,0.166564,-0.427541,-0.11216,0.005438,MP1
784_A/Whooper_swan/Sanme,A/Whooper_swan/Sanmenxia/Y12/2020,0.157765,-0.431625,-0.107417,0.022964,MP1
785_A/Whooper_swan/Sanme,A/Whooper_swan/Sanmenxia/Y15/2020,0.159205,-0.426955,-0.104064,0.020177,MP1
786_A/Whooper_swan/Sanme,A/Whooper_swan/Sanmenxia/Y18/2020,0.159205,-0.426955,-0.104064,0.020177,MP1
787_A/Whooper_swan/Sanme,A/Whooper_swan/Sanmenxia/Y19/2020,0.159205,-0.426955,-0.104064,0.020177,MP1
788_A/Whooper_swan/Sanme,A/Whooper_swan/Sanmenxia/Y20/2020,0.159205,-0.426955,-0.104064,0.020177,MP1
789_A/Whooper_swan/Sanme,A/Whooper_swan/Sanmenxia/Y21/2020,0.159205,-0.426955,-0.104064,0.020177,MP1
790_A/Whooper_swan/Sanme,A/Whooper_swan/Sanmenxia/Y23-2/2020,0.159205,-0.426955,-0.104064,0.020177,MP1
791_A/Whooper_swan/Sanme,A/Whooper_swan/Sanmenxia/Y27/2020,0.159205,-0.426955,-0.104064,0.020177,MP1
792_A/Whooper_swan/Sanme,A/Whooper_swan/Sanmenxia/Y36/2020,0.159205,-0.426955,-0.104064,0.020177,MP1
793_A/Whooper_swan/Sanme,A/Whooper_swan/Sanmenxia/Y48A/2020,0.162659,-0.427268,-0.108022,0.024008,MP1
794_A/Whooper_swan/Sanme,A/Whooper_swan/Sanmenxia/Y48B/2020,0.159205,-0.426955,-0.104064,0.020177,MP1
795_A/Whooper_swan/Sanme,A/Whooper_swan/Sanmenxia/Y52/2020,0.159205,-0.426955,-0.104064,0.020177,MP1
796_A/Whooper_swan/Sanme,A/Whooper_swan/Sanmenxia/Y56/2020,0.156929,-0.41784,-0.100761,0.022012,MP1
797_A/Whooper_swan/Sanme,A/Whooper_swan/Sanmenxia/Y57/2020,0.165048,-0.422355,-0.106146,0.014703,MP1
798_A/whooper_swan/Shaan,A/whooper_swan/Shaanxi/SXY2-1/2020,0.159205,-0.426955,-0.104064,0.020177,MP1
799_A/whooper_swan/Shaan,A/whooper_swan/Shaanxi/SXY26/2020,0.165048,-0.422355,-0.106146,0.014703,MP1
800_A/whooper_swan/Shaan,A/whooper_swan/Shaanxi/SXY66/2020,0.165048,-0.422355,-0.106146,0.014703,MP1
801_A/whooper_swan/Shand,A/whooper_swan/Shandong/SC176/2021,0.154027,-0.410412,-0.100951,0.032115,MP1
802_A/whooper_swan/Shand,A/whooper_swan/Shandong/SC185/2021,0.154027,-0.410412,-0.100951,0.032115,MP1
803_A/whooper_swan/Shand,A/whooper_swan/Shandong/SC188/2021,0.154027,-0.410412,-0.100951,0.032115,MP1
804_A/whooper_swan/Shand,A/whooper_swan/Shandong/SC195/2021,0.18297,-0.399215,-0.059335,0.023639,MP1
805_A/whooper_swan/Shand,A/whooper_swan/Shandong/SC198/2021,0.15559,-0.427131,-0.099,0.020176,MP1
806_A/whooper_swan/Shand,A/whooper_swan/Shandong/SC199/2021,0.156129,-0.429447,-0.102754,0.023093,MP1
807_A/whooper_swan/Shand,A/whooper_swan/Shandong/SC200/2021,0.16056,-0.420971,-0.097128,0.028381,MP1
808_A/whooper_swan/Shanx,A/whooper_swan/Shanxi/4-1/2020,0.159205,-0.426955,-0.104064,0.020177,MP1
809_A/whooper_swan/Shanx,A/whooper_swan/Shanxi/4-2/2020,0.159205,-0.426955,-0.104064,0.020177,MP1
810_A/whooper_swan/Shanx,A/whooper_swan/Shanxi/RC01/2016,0.17369,-0.429069,-0.081836,0.019059,MP1
811_A/whooper_swan/Shanx,A/whooper_swan/Shanxi/SX16/2020,0.159205,-0.426955,-0.104064,0.020177,MP1
812_A/whooper_swan/Shanx,A/whooper_swan/Shanxi/SX31/2020,0.157313,-0.424357,-0.102696,0.019838,MP1
813_A/whooper_swan/Shanx,A/whooper_swan/Shanxi/SX56/2020,0.159205,-0.426955,-0.104064,0.020177,MP1
814_A/whooper_swan/Shanx,A/whooper_swan/Shanxi/SX106/2020,0.159205,-0.426955,-0.104064,0.020177,MP1
815_A/whooper_swan/Shanx,A/whooper_swan/Shanxi/SX166/2020,0.159205,-0.426955,-0.104064,0.020177,MP1
816_A/whooper_swan/Shanx,A/whooper_swan/Shanxi/SX206/2020,0.159205,-0.426955,-0.104064,0.020177,MP1
817_A/whooper_swan/Shanx,A/whooper_swan/Shanxi/SX216/2020,0.159205,-0.426955,-0.104064,0.020177,MP1
818_A/whooper_swan/Shanx,A/whooper_swan/Shanxi/SX231/2020,0.150216,-0.430633,-0.099501,0.011523,MP1
819_A/whooper_swan/Shanx,A/whooper_swan/Shanxi/SX251/2020,0.159205,-0.426955,-0.104064,0.020177,MP1
820_A/whooper_swan/Shanx,A/whooper_swan/Shanxi/SX276/2020,0.159205,-0.426955,-0.104064,0.020177,MP1
821_A/whooper_swan/Shanx,A/whooper_swan/Shanxi/SX291/2020,0.159205,-0.426955,-0.104064,0.020177,MP1
822_A/whooper_swan/Shanx,A/whooper_swan/Shanxi/SX346/2020,0.159205,-0.426955,-0.104064,0.020177,MP1
823_A/wild_bird/Hubei/12,A/wild_bird/Hubei/12.12_LGHF2W44/2016(H5N8),0.177414,-0.419822,-0.06593,0.017087,MP1
824_A/wild_duck/Jiangsu/,A/wild_duck/Jiangsu/SD019/2021,0.155726,-0.428201,-0.10542,0.029299,MP1
825_A/wild_duck/Shandong,A/wild_duck/Shandong/SC177/2021,0.154027,-0.410412,-0.100951,0.032115,MP1
826_A/wild_goose/Shandon,A/wild_goose/Shandong/SC196/2021,0.156129,-0.429447,-0.102754,0.023093,MP1
827_A/Anser_cygnoides/Hu,A/Anser_cygnoides/Hubei/FW44/2016_H5N8,0.161528,-0.423585,-0.044605,0.016954,MP1
828_A/Chlidonias_hybrida,A/Chlidonias_hybrida/Hubei/55/2020_H5N8,0.159205,-0.426955,-0.104064,0.020177,MP1
829_A/Cygnus_atratus/Hub,A/Cygnus_atratus/Hubei/2Z2-O/2016_H5N8,0.18332,-0.40852,-0.055865,0.010649,MP1
830_A/Cygnus_atratus/Hub,A/Cygnus_atratus/Hubei/HF-1/2016_H5N8,0.172382,-0.414638,-0.051499,0.016762,MP1
831_A/Cygnus_columbianus,A/Cygnus_columbianus/Hubei/116/2020_H5N8,0.159205,-0.426955,-0.104064,0.020177,MP1
832_A/Cygnus_columbianus,A/Cygnus_columbianus/Hubei/49/2020_H5N8,0.159205,-0.426955,-0.104064,0.020177,MP1
833_A/Cygnus_columbianus,A/Cygnus_columbianus/Hubei/50/2020_H5N8,0.156129,-0.429447,-0.102754,0.023093,MP1
834_A/Cygnus_columbianus,A/Cygnus_columbianus/Hubei/51/2020_H5N8,0.159205,-0.426955,-0.104064,0.020177,MP1
835_A/Cygnus_columbianus,A/Cygnus_columbianus/Hubei/52/2020_H5N8,0.165048,-0.422355,-0.106146,0.014703,MP1
836_A/Cygnus_columbianus,A/Cygnus_columbianus/Hubei/53/2020_H5N8,0.159205,-0.426955,-0.104064,0.020177,MP1
837_A/Cygnus_columbianus,A/Cygnus_columbianus/Hubei/56/2020_H5N8,0.159205,-0.426955,-0.104064,0.020177,MP1
838_A/Whooper_Swan/Sanme,A/Whooper_Swan/Sanmenxia/01/2016_H5N8,0.17369,-0.429069,-0.081836,0.019059,MP1
839_A/Wild_bird/Huadong/,A/Wild_bird/Huadong/CIXI20/2020_H5N8,0.159205,-0.426955,-0.104064,0.020177,MP1
840_A/chicken/Changhua/1,A/chicken/Changhua/15040036-1/2015_H5N8,0.208513,-0.244361,-0.061843,0.118619,MP1
841_A/chicken/Changhua/1,A/chicken/Changhua/15040037-2/2015_H5N8,0.206534,-0.243294,-0.070472,0.110731,MP1
842_A/chicken/Changhua/1,A/chicken/Changhua/15040042/2015_H5N8,0.206534,-0.243294,-0.070472,0.110731,MP1
843_A/chicken/Changhua/1,A/chicken/Changhua/15040043-1/2015_H5N8,0.206534,-0.243294,-0.070472,0.110731,MP1
844_A/chicken/Changhua/1,A/chicken/Changhua/15050038-1/2015_H5N8,0.203556,-0.23229,-0.073618,0.099562,MP1
845_A/chicken/Changhua/1,A/chicken/Changhua/15060029/2015_H5N8,0.203556,-0.23229,-0.073618,0.099562,MP1
846_A/chicken/Chiayi/150,A/chicken/Chiayi/15010454-1/2015_H5N8,0.213064,-0.238153,-0.0728,0.104613,MP1
847_A/chicken/Kaohsiung/,A/chicken/Kaohsiung/16010047/2016_H5N8,0.186943,-0.230189,-0.066814,0.079812,MP1
848_A/chicken/Kaohsiung/,A/chicken/Kaohsiung/16020017-2/2016_H5N8,0.205307,-0.245846,-0.071621,0.090273,MP1
849_A/chicken/Kaohsiung/,A/chicken/Kaohsiung/16040021-1/2016_H5N8,0.197948,-0.24136,-0.066231,0.09663,MP1
850_A/chicken/Kaohsiung/,A/chicken/Kaohsiung/16070003/2016_H5N8,0.191417,-0.246501,-0.063903,0.102748,MP1
851_A/chicken/Kaohsiung/,A/chicken/Kaohsiung/16120012/2016_H5N8,0.195701,-0.25348,-0.067984,0.099308,MP1
852_A/chicken/Kaohsiung/,A/chicken/Kaohsiung/16MB0889/2016_H5N8,0.197948,-0.24136,-0.066231,0.09663,MP1
853_A/chicken/Kaohsiung/,A/chicken/Kaohsiung/17030023/2017_H5N8,0.206201,-0.245683,-0.066043,0.094575,MP1
854_A/chicken/Miaoli/150,A/chicken/Miaoli/15010421-1/2015_H5N8,0.206534,-0.243294,-0.070472,0.110731,MP1
855_A/chicken/Nantou/161,A/chicken/Nantou/16110023-1/2016_H5N8,0.197948,-0.24136,-0.066231,0.09663,MP1
856_A/chicken/New_Taipei,A/chicken/New_Taipei_City/16110019-1/2016_H5N8,0.205307,-0.245846,-0.071621,0.090273,MP1
857_A/chicken/New_Taipei,A/chicken/New_Taipei_City/16110020-2/2016_H5N8,0.205307,-0.245846,-0.071621,0.090273,MP1
858_A/chicken/New_Taipei,A/chicken/New_Taipei_City/17050004-2/2017_H5N8,0.194846,-0.240582,-0.068235,0.091597,MP1
859_A/chicken/New_Taipei,A/chicken/New_Taipei_City/17090001/2017_H5N8,0.194846,-0.240582,-0.068235,0.091597,MP1
860_A/chicken/New_Taipei,A/chicken/New_Taipei_City/17090002/2017_H5N8,0.194846,-0.240582,-0.068235,0.091597,MP1
861_A/chicken/New_Taipei,A/chicken/New_Taipei_City/17090003/2017_H5N8,0.194846,-0.240582,-0.068235,0.091597,MP1
862_A/chicken/Taichung/1,A/chicken/Taichung/16110017-3/2016_H5N8,0.178235,-0.221936,-0.062009,0.089474,MP1
863_A/chicken/Tainan/150,A/chicken/Tainan/15020214/2015_H5N8,0.213064,-0.238153,-0.0728,0.104613,MP1
864_A/chicken/Tainan/170,A/chicken/Tainan/17030058-1/2017_H5N8,0.217627,-0.275353,-0.06825,0.080296,MP1
865_A/chicken/Taipei_Cit,A/chicken/Taipei_City/17090004/2017_H5N8,0.182154,-0.180329,-0.103141,0.080338,MP1
866_A/chicken/Taipei/160,A/chicken/Taipei/16060022-4/2016_H5N8,0.197948,-0.24136,-0.066231,0.09663,MP1
867_A/chicken/Taipei/160,A/chicken/Taipei/16060023-1/2016_H5N8,0.197948,-0.24136,-0.066231,0.09663,MP1
868_A/chicken/Taipei/161,A/chicken/Taipei/16120021/2016_H5N8,0.191,-0.246366,-0.07351,0.096332,MP1
869_A/chicken/Taipei/170,A/chicken/Taipei/17050005-1/2017_H5N8,0.194846,-0.240582,-0.068235,0.091597,MP1
870_A/chicken/Taipei/170,A/chicken/Taipei/17050008-3/2017_H5N8,0.194846,-0.240582,-0.068235,0.091597,MP1
871_A/chicken/Taipei/170,A/chicken/Taipei/17050009-3/2017_H5N8,0.179915,-0.245161,-0.066442,0.072983,MP1
872_A/chicken/Yunlin/150,A/chicken/Yunlin/15050012/2015_H5N8,0.208513,-0.244361,-0.061843,0.118619,MP1
873_A/chicken/Yunlin/160,A/chicken/Yunlin/16020038/2016_H5N8,0.204095,-0.234607,-0.077372,0.10248,MP1
874_A/chicken/Yunlin/170,A/chicken/Yunlin/17010001/2017_H5N8,0.203259,-0.230535,-0.076094,0.103551,MP1
875_A/duck/Chiayi/150800,A/duck/Chiayi/15080023/2015_H5N8,0.203556,-0.23229,-0.073618,0.099562,MP1
876_A/duck/Eastern_China,A/duck/Eastern_China/JY/2014_H5N8,0.206292,-0.301779,-0.03481,0.075036,MP1
877_A/duck/Eastern_China,A/duck/Eastern_China/L0405/2010_H5N8,0.206442,-0.31235,-0.02733,0.062476,MP1
878_A/duck/Eastern_China,A/duck/Eastern_China/L0423/2011_H5N8,0.216268,-0.31706,-0.035547,0.058857,MP1
879_A/duck/Eastern_China,A/duck/Eastern_China/L0611/2011_H5N8,0.232776,-0.324579,-0.048282,0.056126,MP1
880_A/duck/Eastern_China,A/duck/Eastern_China/L0722/2012_H5N8,0.196706,-0.331941,-0.037772,0.048652,MP1
881_A/duck/Eastern_China,A/duck/Eastern_China/L1021/2012_H5N8,0.209938,-0.317134,-0.017627,0.063811,MP1
882_A/duck/Eastern_China,A/duck/Eastern_China/L1120/2012_H5N8,0.177314,-0.304817,-0.071788,0.064059,MP1
883_A/duck/Eastern_China,A/duck/Eastern_China/S0215/2014_H5N8,0.20876,-0.302003,-0.037638,0.077773,MP1
884_A/duck/Eastern_China,A/duck/Eastern_China/S1109/2014_H5N8,0.220673,-0.302412,-0.044002,0.068877,MP1
885_A/duck/Eastern_China,A/duck/Eastern_China/S1210/2013_H5N8,0.192383,-0.288194,-0.031158,0.062306,MP1
886_A/duck/Guangdong/s14,A/duck/Guangdong/s14044/2014_H5N8,0.161953,-0.286853,-0.052606,0.038339,MP1
887_A/duck/Hunan/11.30_Y,A/duck/Hunan/11.30_YYGK74E3-OC/2017_H5N8,0.126944,-0.328739,-0.133669,0.021846,MP1
888_A/duck/Shandong/Q1/2,A/duck/Shandong/Q1/2013_H5N8,0.176993,-0.307615,-0.073852,0.061988,MP1
889_A/duck/Tainan/150104,A/duck/Tainan/15010403/2015_H5N8,0.213064,-0.238153,-0.0728,0.104613,MP1
890_A/duck/Taiwan/A3400/,A/duck/Taiwan/A3400/2015_H5N8,0.213064,-0.238153,-0.0728,0.104613,MP1
891_A/duck/Xinjiang/12.1,A/duck/Xinjiang/12.18_WLMQXL001-C/2016_H5N8,0.175471,-0.425067,-0.071398,0.008709,MP1
892_A/duck/Yunlin/150102,A/duck/Yunlin/15010277/2015_H5N8,0.206534,-0.243294,-0.070472,0.110731,MP1
893_A/duck/Yunlin/150104,A/duck/Yunlin/15010458-1/2015_H5N8,0.206534,-0.243294,-0.070472,0.110731,MP1
894_A/duck/Zhejiang/6D18,A/duck/Zhejiang/6D18/2013_H5N8,0.208271,-0.302846,-0.026181,0.082924,MP1
895_A/duck/Zhejiang/9250,A/duck/Zhejiang/925019/2014_H5N8,0.20876,-0.302003,-0.037638,0.077773,MP1
896_A/duck/Zhejiang/9251,A/duck/Zhejiang/925169/2014_H5N8,0.20876,-0.302003,-0.037638,0.077773,MP1
897_A/duck/Zhejiang/W24/,A/duck/Zhejiang/W24/2013_H5N8,0.206292,-0.301779,-0.03481,0.075036,MP1
898_A/eurasian_coot/Shan,A/eurasian_coot/Shandong/W5611/2020_H5N8,0.159205,-0.426955,-0.104064,0.020177,MP1
899_A/eurasian_coot/Shan,A/eurasian_coot/Shandong/W6137/2020_H5N8,0.159205,-0.426955,-0.104064,0.020177,MP1
900_A/eurasian_coot/Shan,A/eurasian_coot/Shandong/W6143/2020_H5N8,0.159205,-0.426955,-0.104064,0.020177,MP1
901_A/eurasian_coot/Shan,A/eurasian_coot/Shandong/W6150/2020_H5N8,0.159205,-0.426955,-0.104064,0.020177,MP1
902_A/goose/Chiayi/15020,A/goose/Chiayi/15020022/2015_H5N8,0.192018,-0.251165,-0.080447,0.122234,MP1
903_A/goose/China/1/2021,A/goose/China/1/2021_H5N8,0.16131,-0.438424,-0.103991,0.004364,MP1
904_A/goose/Eastern_Chin,A/goose/Eastern_China/CZ/2013_H5N8,0.199383,-0.29712,-0.035867,0.083127,MP1
905_A/goose/Eastern_Chin,A/goose/Eastern_China/L1204/2012_H5N8,0.176774,-0.3025,-0.068034,0.061141,MP1
906_A/goose/Eastern_Chin,A/goose/Eastern_China/L1214/2012_H5N8,0.176774,-0.3025,-0.068034,0.061141,MP1
907_A/goose/Eastern_Chin,A/goose/Eastern_China/S0408/2014_H5N8,0.209591,-0.298565,-0.023108,0.080369,MP1
908_A/goose/Guangdong/s1,A/goose/Guangdong/s13124/2013_H5N8,0.194844,-0.307771,-0.041376,0.065544,MP1
909_A/goose/Hebei/HG12/2,A/goose/Hebei/HG12/2021_H5N8,0.162684,-0.425708,-0.102707,0.011054,MP1
910_A/goose/Jiangsu/QD5/,A/goose/Jiangsu/QD5/2014_H5N8,0.206292,-0.301779,-0.03481,0.075036,MP1
911_A/goose/Pingtung/150,A/goose/Pingtung/15050014/2015_H5N8,0.205307,-0.245846,-0.071621,0.090273,MP1
912_A/goose/Pingtung/160,A/goose/Pingtung/16010061/2016_H5N8,0.208383,-0.243353,-0.07293,0.087357,MP1
913_A/goose/Tainan/16040,A/goose/Tainan/16040018-1/2016_H5N8,0.211517,-0.244107,-0.073316,0.111187,MP1
914_A/goose/Tainan/16070,A/goose/Tainan/16070002/2016_H5N8,0.20374,-0.239485,-0.077534,0.111127,MP1
915_A/goose/Taiwan/01019,A/goose/Taiwan/01019/2015_H5N8,0.213064,-0.238153,-0.0728,0.104613,MP1
916_A/goose/Taiwan/01039,A/goose/Taiwan/01039/2015_H5N8,0.225437,-0.223388,-0.072601,0.113834,MP1
917_A/goose/Taiwan/TNC1/,A/goose/Taiwan/TNC1/2015_H5N8,0.202587,-0.235719,-0.060378,0.109646,MP1
918_A/goose/Taiwan/TNC10,A/goose/Taiwan/TNC10/2015_H5N8,0.202587,-0.235719,-0.060378,0.109646,MP1
919_A/goose/Taiwan/TNC11,A/goose/Taiwan/TNC11/2015_H5N8,0.213064,-0.238153,-0.0728,0.104613,MP1
920_A/goose/Taiwan/TNC12,A/goose/Taiwan/TNC12/2015_H5N8,0.202587,-0.235719,-0.060378,0.109646,MP1
921_A/goose/Taiwan/TNC14,A/goose/Taiwan/TNC14/2015_H5N8,0.202587,-0.235719,-0.060378,0.109646,MP1
922_A/goose/Taiwan/TNC3/,A/goose/Taiwan/TNC3/2015_H5N8,0.206534,-0.243294,-0.070472,0.110731,MP1
923_A/goose/Taiwan/TNC7/,A/goose/Taiwan/TNC7/2015_H5N8,0.202587,-0.235719,-0.060378,0.109646,MP1
924_A/goose/Taiwan/TNC9/,A/goose/Taiwan/TNC9/2015_H5N8,0.206534,-0.243294,-0.070472,0.110731,MP1
925_A/goose/Taiwan/TNO15,A/goose/Taiwan/TNO15/2015_H5N8,0.213064,-0.238153,-0.0728,0.104613,MP1
926_A/goose/Taiwan/TNO3/,A/goose/Taiwan/TNO3/2015_H5N8,0.213064,-0.238153,-0.0728,0.104613,MP1
927_A/goose/Taiwan/TNO9/,A/goose/Taiwan/TNO9/2015_H5N8,0.213064,-0.238153,-0.0728,0.104613,MP1
928_A/goose/Taoyuan/1501,A/goose/Taoyuan/15010041/2015_H5N8,0.206534,-0.243294,-0.070472,0.110731,MP1
929_A/goose/Xinjiang/12.,A/goose/Xinjiang/12.18_WLMQXL003-C/2016_H5N8,0.179171,-0.432168,-0.080861,0.009726,MP1
930_A/goose/Xinjiang/12.,A/goose/Xinjiang/12.18_WLMQXL003-O/2016_H5N8,0.179171,-0.432168,-0.080861,0.009726,MP1
931_A/goose/Xinjiang/12.,A/goose/Xinjiang/12.18_WLMQXL004-C/2016_H5N8,0.179171,-0.432168,-0.080861,0.009726,MP1
932_A/goose/Xinjiang/12.,A/goose/Xinjiang/12.18_WLMQXL004-O/2016_H5N8,0.198435,-0.429399,-0.078749,0.016574,MP1
933_A/goose/Yangzhou/042,A/goose/Yangzhou/0420/2014_H5N8,0.17719,-0.288574,-0.032353,0.077891,MP1
934_A/goose/Yunlin/15040,A/goose/Yunlin/15040040/2015_H5N8,0.207444,-0.230897,-0.072101,0.089366,MP1
935_A/goose/Zhejiang/925,A/goose/Zhejiang/925037/2014_H5N8,0.20876,-0.302003,-0.037638,0.077773,MP1
936_A/goose/Zhejiang/925,A/goose/Zhejiang/925104/2014_H5N8,0.20876,-0.302003,-0.037638,0.077773,MP1
937_A/mallard/Shanghai/S,A/mallard/Shanghai/SH-9/2013_H5N8,0.195114,-0.287065,-0.056383,0.069365,MP1
938_A/swan/China/ST/2016,A/swan/China/ST/2016_H5N8,0.17369,-0.429069,-0.081836,0.019059,MP1
939_A/swan/Shandong/W376,A/swan/Shandong/W3762/2020_H5N8,0.179895,-0.401707,-0.058025,0.026555,MP1
940_A/turkey/Chiayi/1702,A/turkey/Chiayi/17020092-2/2017_H5N8,0.19418,-0.230572,-0.070658,0.078192,MP1
941_A/whooper_swan/Shanx,A/whooper_swan/Shanxi/RC01/2016_H5N8,0.17369,-0.429069,-0.081836,0.019059,MP1
942_A/wild_duck/Shandong,A/wild_duck/Shandong/W3580/2020_H5N8,0.159205,-0.426955,-0.104064,0.020177,MP1
943_A/Anser_cygnoides/Hu,A/Anser_cygnoides/Hubei/FW44/2016,-0.144913,-0.053816,0.319807,0.008524,NA
944_A/bar_headed_goose/T,A/bar_headed_goose/Tibet/T1707/2021,-0.127456,-0.077503,0.265066,-0.004142,NA
945_A/Bar-headed_Goose/Q,A/Bar-headed_Goose/Qinghai/A11/2016,-0.156557,-0.074162,0.330461,0.006099,NA
946_A/Bar-headed_Goose/Q,A/Bar-headed_Goose/Qinghai/A13/2016,-0.174382,-0.080999,0.343733,0.003999,NA
947_A/Bar-headed_Goose/Q,A/Bar-headed_Goose/Qinghai/a15/2016,-0.159018,-0.069117,0.33263,0.004959,NA
948_A/Bar-headed_Goose/Q,A/Bar-headed_Goose/Qinghai/A16/2016,-0.156557,-0.074162,0.330461,0.006099,NA
949_A/Bar-headed_Goose/Q,A/Bar-headed_Goose/Qinghai/A17/2016,-0.156557,-0.074162,0.330461,0.006099,NA
950_A/Bar-headed_Goose/Q,A/Bar-headed_Goose/Qinghai/A19/2016,-0.15334,-0.079309,0.328144,0.01953,NA
951_A/Bar-headed_Goose/Q,A/Bar-headed_Goose/Qinghai/A20/2016,-0.13317,-0.07849,0.320542,0.014034,NA
952_A/Bar-headed_Goose/Q,A/Bar-headed_Goose/Qinghai/A22/2016,-0.149696,-0.07824,0.334182,0.006152,NA
953_A/Bar-headed_Goose/Q,A/Bar-headed_Goose/Qinghai/A23/2016,-0.156557,-0.074162,0.330461,0.006099,NA
954_A/Bar-headed_Goose/Q,A/Bar-headed_Goose/Qinghai/a24/2016,-0.15493,-0.067344,0.331268,0.007601,NA
955_A/Bar-headed_Goose/Q,A/Bar-headed_Goose/Qinghai/a26/2016,-0.143707,-0.067919,0.31881,0.008575,NA
956_A/Bar-headed_Goose/Q,A/Bar-headed_Goose/Qinghai/a27/2016,-0.156557,-0.074162,0.330461,0.006099,NA
957_A/Bar-headed_Goose/Q,A/Bar-headed_Goose/Qinghai/a32/2016,-0.156557,-0.074162,0.330461,0.006099,NA
958_A/Bar-headed_Goose/Q,A/Bar-headed_Goose/Qinghai/a43/2016,-0.156557,-0.074162,0.330461,0.006099,NA
959_A/Bar-headed_Goose/Q,A/Bar-headed_Goose/Qinghai/a45/2016,-0.152547,-0.076627,0.326105,0.016046,NA
960_A/Bar-headed_Goose/Q,A/Bar-headed_Goose/Qinghai/a61/2016,-0.156557,-0.074162,0.330461,0.006099,NA
961_A/Bar-headed_Goose/Q,A/Bar-headed_Goose/Qinghai/a88/2016,-0.148797,-0.081018,0.334573,0.004397,NA
962_A/Bar-headed_Goose/Q,A/Bar-headed_Goose/Qinghai/a91/2016,-0.156557,-0.074162,0.330461,0.006099,NA
963_A/Bar-headed_Goose/Q,A/Bar-headed_Goose/Qinghai/a92/2016,-0.156557,-0.074162,0.330461,0.006099,NA
964_A/Bar-headed_Goose/Q,A/Bar-headed_Goose/Qinghai/a93/2016,-0.15875,-0.081539,0.322459,-0.001124,NA
965_A/Bar-headed_Goose/Q,A/Bar-headed_Goose/Qinghai/a113/2016,-0.157924,-0.068231,0.332164,0.003922,NA
966_A/Bar-headed_Goose/Q,A/Bar-headed_Goose/Qinghai/a114/2016,-0.156557,-0.074162,0.330461,0.006099,NA
967_A/Bar-headed_Goose/Q,A/Bar-headed_Goose/Qinghai/a115/2016,-0.156557,-0.074162,0.330461,0.006099,NA
968_A/Bar-headed_Goose/Q,A/Bar-headed_Goose/Qinghai/a210/2017,-0.146997,-0.068241,0.326265,0.014545,NA
969_A/Bar-headed_Goose/Q,A/Bar-headed_Goose/Qinghai/a218/2017,-0.146997,-0.068241,0.326265,0.014545,NA
970_A/Bar-headed_Goose/Q,A/Bar-headed_Goose/Qinghai/a237/2017,-0.146997,-0.068241,0.326265,0.014545,NA
971_A/Bar-headed_Goose/Q,A/Bar-headed_Goose/Qinghai/a765/2017,-0.143206,-0.067886,0.310312,0.00292,NA
972_A/Bar-headed_Goose/Q,A/Bar-headed_Goose/Qinghai/a893/2017,-0.146997,-0.068241,0.326265,0.014545,NA
973_A/Bar-headed_Goose/Q,A/Bar-headed_Goose/Qinghai/B11/2016,-0.15681,-0.075026,0.331027,0.004724,NA
974_A/Bar-headed_Goose/Q,A/Bar-headed_Goose/Qinghai/B12/2016,-0.163396,-0.084547,0.319368,0.00525,NA
975_A/Bar-headed_Goose/Q,A/Bar-headed_Goose/Qinghai/B34/2016,-0.158254,-0.086002,0.321433,0.001349,NA
976_A/Bar-headed_Goose/Q,A/Bar-headed_Goose/Qinghai/B44/2016,-0.15949,-0.078287,0.330492,0.009524,NA
977_A/Bar-headed_Goose/Q,A/Bar-headed_Goose/Qinghai/B51/2016,-0.159141,-0.080371,0.322377,0.002667,NA
978_A/Bar-headed_Goose/Q,A/Bar-headed_Goose/Qinghai/B54/2016,-0.156557,-0.074162,0.330461,0.006099,NA
979_A/Bar-headed_Goose/Q,A/Bar-headed_Goose/Qinghai/B655/2017,-0.146997,-0.068241,0.326265,0.014545,NA
980_A/Bar-headed_Goose/Q,A/Bar-headed_Goose/Qinghai/BTY1-B/2016,-0.156557,-0.074162,0.330461,0.006099,NA
981_A/Bar-headed_Goose/Q,A/Bar-headed_Goose/Qinghai/BTY2-B/2016,-0.156557,-0.074162,0.330461,0.006099,NA
982_A/Bar-headed_Goose/Q,A/Bar-headed_Goose/Qinghai/BTY2-LU/2016,-0.156557,-0.074162,0.330461,0.006099,NA
983_A/Bar-headed_Goose/Q,A/Bar-headed_Goose/Qinghai/BTY3-B/2016,-0.160492,-0.081748,0.319607,0.00714,NA
984_A/Bar-headed_Goose/Q,A/Bar-headed_Goose/Qinghai/BTY3-LU/2016,-0.160944,-0.081735,0.321044,0.009253,NA
985_A/Bar-headed_Goose/Q,A/Bar-headed_Goose/Qinghai/BTY4-B/2016,-0.160944,-0.081735,0.321044,0.009253,NA
986_A/Bar-headed_Goose/Q,A/Bar-headed_Goose/Qinghai/BTY4-LU/2016,-0.160944,-0.081735,0.321044,0.009253,NA
987_A/Bar-headed_Goose/Q,A/Bar-headed_Goose/Qinghai/BTY5-B/2016,-0.156557,-0.074162,0.330461,0.006099,NA
988_A/Bar-headed_Goose/Q,A/Bar-headed_Goose/Qinghai/BTY6-B/2016,-0.156557,-0.074162,0.330461,0.006099,NA
989_A/Bar-headed_Goose/Q,A/Bar-headed_Goose/Qinghai/BTY6-LU/2016,-0.146256,-0.087948,0.331512,0.01041,NA
990_A/Bar-headed_Goose/Q,A/Bar-headed_Goose/Qinghai/BTY7-B/2016,-0.15915,-0.07231,0.331306,0.003098,NA
991_A/Bar-headed_Goose/Q,A/Bar-headed_Goose/Qinghai/BTY7-LU1/2016,-0.155375,-0.075216,0.310259,-0.002734,NA
992_A/Bar-headed_Goose/Q,A/Bar-headed_Goose/Qinghai/BTY7-LU2/2016,-0.160221,-0.072744,0.333125,-0.001463,NA
993_A/Bar-headed_Goose/Q,A/Bar-headed_Goose/Qinghai/BTY8-B/2016,-0.157136,-0.073303,0.309032,-0.003231,NA
994_A/Bar-headed_Goose/Q,A/Bar-headed_Goose/Qinghai/BTY8-LU/2016,-0.156557,-0.074162,0.330461,0.006099,NA
995_A/Bar-headed_Goose/Q,A/Bar-headed_Goose/Qinghai/BTY9-B/2016,-0.156557,-0.074162,0.330461,0.006099,NA
996_A/Bar-headed_Goose/Q,A/Bar-headed_Goose/Qinghai/BTY9-LU/2016,-0.156557,-0.074162,0.330461,0.006099,NA
997_A/Bar-headed_Goose/Q,A/Bar-headed_Goose/Qinghai/BTY10-B/2016,-0.156557,-0.074162,0.330461,0.006099,NA
998_A/Bar-headed_Goose/Q,A/Bar-headed_Goose/Qinghai/BTY10-LU/2016,-0.156962,-0.072872,0.330732,0.004073,NA
999_A/Bar-headed_Goose/Q,A/Bar-headed_Goose/Qinghai/BTY11-B/2016,-0.155463,-0.07561,0.330354,0.008111,NA
1000_A/Bar-headed_Goose/Q,A/Bar-headed_Goose/Qinghai/BTY11-LU/2016,-0.154369,-0.074724,0.329888,0.007074,NA
1001_A/Bar-headed_Goose/Q,A/Bar-headed_Goose/Qinghai/BTY12-B/2016,-0.156557,-0.074162,0.330461,0.006099,NA
1002_A/Bar-headed_Goose/Q,A/Bar-headed_Goose/Qinghai/BTY12-LU/2016,-0.156557,-0.074162,0.330461,0.006099,NA
1003_A/Bar-headed_Goose/Q,A/Bar-headed_Goose/Qinghai/BTY13-B/2016,-0.156557,-0.074162,0.330461,0.006099,NA
1004_A/Bar-headed_Goose/Q,A/Bar-headed_Goose/Qinghai/BTY13-LU/2016,-0.153968,-0.072648,0.329442,0.004726,NA
1005_A/Bar-headed_Goose/Q,A/Bar-headed_Goose/Qinghai/BTY14-B/2016,-0.156557,-0.074162,0.330461,0.006099,NA
1006_A/Bar-headed_Goose/Q,A/Bar-headed_Goose/Qinghai/BTY14-LU/2016,-0.156557,-0.074162,0.330461,0.006099,NA
1007_A/Bar-headed_Goose/Q,A/Bar-headed_Goose/Qinghai/BTY15-B/2016,-0.153871,-0.07379,0.332318,0.006838,NA
1008_A/Bar-headed_Goose/Q,A/Bar-headed_Goose/Qinghai/BTY15-LU/2016,-0.147009,-0.077868,0.336039,0.00689,NA
1009_A/Bar-headed_Goose/Q,A/Bar-headed_Goose/Qinghai/BTY16-B/2016,-0.156557,-0.074162,0.330461,0.006099,NA
1010_A/Bar-headed_Goose/Q,A/Bar-headed_Goose/Qinghai/BTY16-LU/2016,-0.156557,-0.074162,0.330461,0.006099,NA
1011_A/Bar-headed_Goose/Q,A/Bar-headed_Goose/Qinghai/BTY17-B/2016,-0.156557,-0.074162,0.330461,0.006099,NA
1012_A/Bar-headed_Goose/Q,A/Bar-headed_Goose/Qinghai/BTY17-LU/2016,-0.156962,-0.072872,0.330732,0.004073,NA
1013_A/Bar-headed_Goose/Q,A/Bar-headed_Goose/Qinghai/BTY18-B/2016,-0.156557,-0.074162,0.330461,0.006099,NA
1014_A/Bar-headed_Goose/Q,A/Bar-headed_Goose/Qinghai/BTY18-LU/2016,-0.156557,-0.074162,0.330461,0.006099,NA
1015_A/Bar-headed_Goose/Q,A/Bar-headed_Goose/Qinghai/HDT001/2016,-0.156557,-0.074162,0.330461,0.006099,NA
1016_A/Bar-headed_Goose/Q,A/Bar-headed_Goose/Qinghai/p2/2016,-0.156557,-0.074162,0.330461,0.006099,NA
1017_A/Bar-headed_Goose/Q,A/Bar-headed_Goose/Qinghai/p9/2016,-0.156557,-0.074162,0.330461,0.006099,NA
1018_A/Bar-headed_Goose/Q,A/Bar-headed_Goose/Qinghai/p18/2016,-0.149268,-0.063585,0.320383,0.008923,NA
1019_A/Bar-headed_Goose/Q,A/Bar-headed_Goose/Qinghai/XX13/2016,-0.15334,-0.079309,0.328144,0.01953,NA
1020_A/Bar-headed_Goose/Q,A/Bar-headed_Goose/Qinghai/XX22/2016,-0.159254,-0.079925,0.330161,0.01158,NA
1021_A/Bar-headed_Goose/Q,A/Bar-headed_Goose/Qinghai/XX76/2016,-0.156557,-0.074162,0.330461,0.006099,NA
1022_A/Bar-headed_Goose/Q,A/Bar-headed_Goose/Qinghai/XX111/2016,-0.157939,-0.074036,0.332045,0.004567,NA
1023_A/Bar-headed_Goose/Q,A/Bar-headed_Goose/Qinghai/XX446/2016,-0.152246,-0.078423,0.327679,0.018493,NA
1024_A/Bar-headed_Goose/Q,A/Bar-headed_Goose/Qinghai/XX782/2016,-0.149696,-0.07824,0.334182,0.006152,NA
1025_A/Bar-headed_Goose/Q,A/Bar-headed_Goose/Qinghai/XXI122/2016,-0.156557,-0.074162,0.330461,0.006099,NA
1026_A/Bar-headed_Goose/T,A/Bar-headed_Goose/Tibet/XZ6/2021,-0.105002,-0.063337,0.295765,-0.014804,NA
1027_A/Bar-headed_Goose/T,A/Bar-headed_Goose/Tibet/XZ71/2021,-0.1226,-0.069118,0.275492,-0.007634,NA
1028_A/Bar-headed_Goose/T,A/Bar-headed_Goose/Tibet/XZ81/2021,-0.1226,-0.069118,0.275492,-0.007634,NA
1029_A/Bar-headed_Goose/T,A/Bar-headed_Goose/Tibet/XZ181/2021,-0.111179,-0.064659,0.294579,-0.014136,NA
1030_A/Bar-headed_Goose/T,A/Bar-headed_Goose/Tibet/XZQ5-1/2021,-0.127456,-0.077503,0.265066,-0.004142,NA
1031_A/Bar-headed_Goose/T,A/Bar-headed_Goose/Tibet/XZQ7/2021,-0.1226,-0.069118,0.275492,-0.007634,NA
1032_A/Bar-headed_Goose/T,A/Bar-headed_Goose/Tibet/XZQ8-1/2021,-0.1226,-0.069118,0.275492,-0.007634,NA
1033_A/Bar-headed_Goose/T,A/Bar-headed_Goose/Tibet/XZQ9-1/2021,-0.1226,-0.069118,0.275492,-0.007634,NA
1034_A/Bar-headed_Goose/T,A/Bar-headed_Goose/Tibet/XZQ10-1/2021,-0.1226,-0.069118,0.275492,-0.007634,NA
1035_A/Bar-headed_Goose/T,A/Bar-headed_Goose/Tibet/XZQ13-1/2021,-0.115506,-0.067228,0.295601,-0.01315,NA
1036_A/Bar-headed_Goose/T,A/Bar-headed_Goose/Tibet/XZQ17-1/2021,-0.111179,-0.064659,0.294579,-0.014136,NA
1037_A/Bar-headed_Goose/T,A/Bar-headed_Goose/Tibet/XZQ18-1/2021,-0.105002,-0.063337,0.295765,-0.014804,NA
1038_A/bean_goose/Hubei/B,A/bean_goose/Hubei/BQ11/2020,-0.127686,-0.07304,0.293768,-0.013128,NA
1039_A/Bean_Goose/Hubei/c,A/Bean_Goose/Hubei/chenhu__XVI311-2_/2016_H5N8,-0.158281,-0.051412,0.162188,-0.043938,NA
1040_A/Bean_goose/Hubei/C,A/Bean_goose/Hubei/CH-i119/2017,-0.158215,-0.07622,0.324607,0.014715,NA
1041_A/Bean_goose/Hubei/C,A/Bean_goose/Hubei/CH-i122/2017_H5N8,-0.154417,-0.082967,0.332983,0.006141,NA
1042_A/Bean_goose/Hubei/C,A/Bean_goose/Hubei/CH-i320/2017_H5N8,-0.155464,-0.073275,0.329996,0.005062,NA
1043_A/black_swan/Beijing,A/black_swan/Beijing/1/2021,-0.130125,-0.083694,0.283322,-0.004192,NA
1044_A/black-backed_gull/,A/black-backed_gull/Shandong/SC189/2021,-0.119042,-0.060169,0.303886,-0.02189,NA
1045_A/Brown-headed_Gull/,A/Brown-headed_Gull/Qinghai/ZTO1-B/2016,-0.153062,-0.076006,0.331757,0.001299,NA
1046_A/Brown-headed_Gull/,A/Brown-headed_Gull/Qinghai/ZTO1-LU/2016,-0.156557,-0.074162,0.330461,0.006099,NA
1047_A/Brown-headed_Gull/,A/Brown-headed_Gull/Qinghai/ZTO3-B/2016,-0.156557,-0.074162,0.330461,0.006099,NA
1048_A/Brown-headed_Gull/,A/Brown-headed_Gull/Qinghai/ZTO3-LU/2016,-0.156557,-0.074162,0.330461,0.006099,NA
1049_A/Brown-headed_Gull/,A/Brown-headed_Gull/Qinghai/ZTO4-B/2016,-0.156105,-0.074174,0.329024,0.003986,NA
1050_A/Brown-headed_Gull/,A/Brown-headed_Gull/Qinghai/ZTO5-B/2016,-0.156557,-0.074162,0.330461,0.006099,NA
1051_A/Brown-headed_Gull/,A/Brown-headed_Gull/Qinghai/ZTO5-K/2016,-0.157011,-0.074943,0.330256,0.006305,NA
1052_A/Brown-headed_Gull/,A/Brown-headed_Gull/Qinghai/ZTO6-MU/2016,-0.156557,-0.074162,0.330461,0.006099,NA
1053_A/Brown-headed_Gull/,A/Brown-headed_Gull/Qinghai/ZTO6-SP/2016,-0.158745,-0.073599,0.331035,0.005125,NA
1054_A/brown-headed_gull/,A/brown-headed_gull/Tibet/1-1/2021,-0.120885,-0.073282,0.274738,-0.00408,NA
1055_A/Brown-headed_Gull/,A/Brown-headed_Gull/Tibet/XZ19/2021,-0.111179,-0.064659,0.294579,-0.014136,NA
1056_A/Brown-headed_Gull/,A/Brown-headed_Gull/Tibet/XZQ15-2/2021,-0.130106,-0.073572,0.291471,-0.007116,NA
1057_A/Brown-headed_Gull/,A/Brown-headed_Gull/Tibet/XZQ16-2/2021,-0.126127,-0.066641,0.296175,-0.008398,NA
1058_A/chicken/Changhua/1,A/chicken/Changhua/15040036-1/2015,-0.133999,-0.031038,0.310175,-0.000969,NA
1059_A/chicken/Changhua/1,A/chicken/Changhua/15040037-2/2015,-0.132709,-0.023014,0.332799,-0.020378,NA
1060_A/chicken/Changhua/1,A/chicken/Changhua/15040042/2015,-0.140409,-0.031117,0.358971,0.003119,NA
1061_A/chicken/Changhua/1,A/chicken/Changhua/15040043-1/2015,-0.129987,-0.02912,0.362358,-0.01074,NA
1062_A/chicken/Changhua/1,A/chicken/Changhua/15050038-1/2015,-0.144217,-0.023435,0.287745,0.000252,NA
1063_A/chicken/Changhua/1,A/chicken/Changhua/15060029/2015,-0.139031,-0.034831,0.295762,-0.000683,NA
1064_A/chicken/Chiayi/150,A/chicken/Chiayi/15010454-1/2015,-0.134423,-0.03056,0.303872,-0.003634,NA
1065_A/chicken/Kaohsiung/,A/chicken/Kaohsiung/16MB0889/2016,-0.142176,-0.019644,0.283757,0.006024,NA
1066_A/chicken/Kaohsiung/,A/chicken/Kaohsiung/16010047/2016,-0.137131,-0.043889,0.263525,0.021789,NA
1067_A/chicken/Kaohsiung/,A/chicken/Kaohsiung/16020017-2/2016,-0.141214,-0.033337,0.288797,0.009003,NA
1068_A/chicken/Kaohsiung/,A/chicken/Kaohsiung/16040021-1/2016,-0.142176,-0.019644,0.283757,0.006024,NA
1069_A/chicken/Kaohsiung/,A/chicken/Kaohsiung/16070003/2016,-0.149991,-0.022302,0.278318,0.014101,NA
1070_A/chicken/Kaohsiung/,A/chicken/Kaohsiung/16120012/2016,-0.126867,-0.031501,0.302905,0.006805,NA
1071_A/chicken/Kaohsiung/,A/chicken/Kaohsiung/17030023/2017,-0.126279,-0.034767,0.282236,0.016056,NA
1072_A/chicken/Miaoli/150,A/chicken/Miaoli/15010421-1/2015,-0.134226,-0.030932,0.307618,-0.003407,NA
1073_A/chicken/Nantou/161,A/chicken/Nantou/16110023-1/2016,-0.140443,-0.022719,0.287019,0.01133,NA
1074_A/chicken/New_Taipei,A/chicken/New_Taipei_City/16110019-1/2016,-0.14106,-0.02976,0.268813,0.013079,NA
1075_A/chicken/New_Taipei,A/chicken/New_Taipei_City/16110020-2/2016,-0.133957,-0.031657,0.289749,0.00765,NA
1076_A/chicken/New_Taipei,A/chicken/New_Taipei_City/17050004-2/2017,-0.122432,-0.031836,0.32415,-0.00234,NA
1077_A/chicken/New_Taipei,A/chicken/New_Taipei_City/17090001/2017,-0.134403,-0.036026,0.293365,0.01233,NA
1078_A/chicken/New_Taipei,A/chicken/New_Taipei_City/17090002/2017,-0.117183,-0.031446,0.288503,0.014124,NA
1079_A/chicken/New_Taipei,A/chicken/New_Taipei_City/17090003/2017,-0.134403,-0.036026,0.293365,0.01233,NA
1080_A/chicken/Shandong/K,A/chicken/Shandong/KD02699/2013,-0.18733,-0.049345,0.309398,-0.000059,NA
1081_A/chicken/Taichung/1,A/chicken/Taichung/16110017-3/2016,-0.132024,-0.044704,0.284369,0.001419,NA
1082_A/chicken/Tainan/150,A/chicken/Tainan/15020214/2015,-0.135751,-0.030439,0.305394,-0.005107,NA
1083_A/chicken/Tainan/170,A/chicken/Tainan/17030058-1/2017,-0.155324,-0.027803,0.302545,0.009064,NA
1084_A/chicken/Taipei_Cit,A/chicken/Taipei_City/17090004/2017,-0.123629,-0.017633,0.283708,0.014714,NA
1085_A/chicken/Taipei/160,A/chicken/Taipei/16060022-4/2016,-0.146951,-0.020933,0.285609,0.008777,NA
1086_A/chicken/Taipei/160,A/chicken/Taipei/16060023-1/2016,-0.146951,-0.020933,0.285609,0.008777,NA
1087_A/chicken/Taipei/161,A/chicken/Taipei/16120021/2016,-0.128933,-0.036234,0.30662,0.00859,NA
1088_A/chicken/Taipei/170,A/chicken/Taipei/17050005-1/2017,-0.125838,-0.034254,0.301789,0.001635,NA
1089_A/chicken/Taipei/170,A/chicken/Taipei/17050008-3/2017,-0.124258,-0.032203,0.303195,0.00772,NA
1090_A/chicken/Taipei/170,A/chicken/Taipei/17050009-3/2017,-0.125841,-0.034549,0.300497,0.005864,NA
1091_A/chicken/Taiwan/x37,A/chicken/Taiwan/x37/2016,-0.138506,-0.05324,0.250793,0.018052,NA
1092_A/chicken/Yunlin/150,A/chicken/Yunlin/15050012/2015,-0.14996,-0.038035,0.311815,-0.002418,NA
1093_A/chicken/Yunlin/160,A/chicken/Yunlin/16020038/2016,-0.13829,-0.031151,0.27593,-0.005238,NA
1094_A/chicken/Yunlin/170,A/chicken/Yunlin/17010001/2017,-0.149393,-0.026019,0.259554,0.011061,NA
1095_A/Chlidonias_hybrida,A/Chlidonias_hybrida/Hubei/55/2020,-0.128011,-0.071791,0.294926,-0.014546,NA
1096_A/common_coot/Shando,A/common_coot/Shandong/SC197/2021,-0.128011,-0.071791,0.294926,-0.014546,NA
1097_A/common_crane/Yunna,A/common_crane/Yunnan-Huize/27/2021(H5N8),-0.128907,-0.06657,0.29742,-0.018207,NA
1098_A/common_pochard/Nin,A/common_pochard/Ningxia/243/2020,-0.15619,-0.064794,0.328345,0.029852,NA
1099_A/common_teal/Ningxi,A/common_teal/Ningxia/105/2020,-0.137297,-0.068946,0.292831,-0.005461,NA
1100_A/common_teal/Ningxi,A/common_teal/Ningxia/181/2020,-0.15619,-0.064794,0.328345,0.029852,NA
1101_A/common_teal/Ningxi,A/common_teal/Ningxia/189/2020,-0.15619,-0.064794,0.328345,0.029852,NA
1102_A/common_teal/Ningxi,A/common_teal/Ningxia/237/2020,-0.15619,-0.064794,0.328345,0.029852,NA
1103_A/common_teal/Ningxi,A/common_teal/Ningxia/245/2020,-0.15619,-0.064794,0.328345,0.029852,NA
1104_A/common_teal/Ningxi,A/common_teal/Ningxia/253/2020,-0.15619,-0.064794,0.328345,0.029852,NA
1105_A/common_teal/Shaanx,A/common_teal/Shaanxi/SXY1-1/2020,-0.13315,-0.071772,0.292509,-0.004549,NA
1106_A/Cygnus_atratus/Hub,A/Cygnus_atratus/Hubei/2Z2-O/2016,-0.144255,-0.064689,0.317672,0.007085,NA
1107_A/Cygnus_atratus/Hub,A/Cygnus_atratus/Hubei/HF-1/2016,-0.144255,-0.064689,0.317672,0.007085,NA
1108_A/Cygnus_columbianus,A/Cygnus_columbianus/Hubei/49/2020,-0.129511,-0.066102,0.295915,-0.013307,NA
1109_A/Cygnus_columbianus,A/Cygnus_columbianus/Hubei/50/2020,-0.127027,-0.076473,0.297234,-0.017366,NA
1110_A/Cygnus_columbianus,A/Cygnus_columbianus/Hubei/51/2020,-0.128011,-0.071791,0.294926,-0.014546,NA
1111_A/Cygnus_columbianus,A/Cygnus_columbianus/Hubei/52/2020,-0.128127,-0.073637,0.292671,-0.00874,NA
1112_A/Cygnus_columbianus,A/Cygnus_columbianus/Hubei/53/2020,-0.127649,-0.070944,0.296058,-0.015709,NA
1113_A/Cygnus_columbianus,A/Cygnus_columbianus/Hubei/56/2020,-0.130494,-0.063287,0.294761,-0.018117,NA
1114_A/Cygnus_columbianus,A/Cygnus_columbianus/Hubei/116/2020,-0.137412,-0.074673,0.296055,-0.026266,NA
1115_A/duck/Chiayi/150800,A/duck/Chiayi/15080023/2015,-0.142888,-0.023556,0.286223,0.001726,NA
1116_A/duck/Eastern_China,A/duck/Eastern_China/JY/2014,-0.165018,-0.100988,0.307936,0.014303,NA
1117_A/duck/Eastern_China,A/duck/Eastern_China/L0405/2010,-0.176314,-0.060217,0.29462,0.011277,NA
1118_A/duck/Eastern_China,A/duck/Eastern_China/L0423/2011,-0.164392,-0.057621,0.306538,0.01535,NA
1119_A/duck/Eastern_China,A/duck/Eastern_China/L0611/2011,-0.167602,-0.061669,0.283502,0.018183,NA
1120_A/duck/Eastern_China,A/duck/Eastern_China/L0722/2012,-0.163665,-0.060077,0.303007,0.009531,NA
1121_A/duck/Eastern_China,A/duck/Eastern_China/L1021/2012,-0.165831,-0.050268,0.315263,0.018196,NA
1122_A/duck/Eastern_China,A/duck/Eastern_China/L1120/2012,-0.190816,-0.054232,0.310907,-0.001466,NA
1123_A/duck/Eastern_China,A/duck/Eastern_China/S0215/2014,-0.160754,-0.067702,0.33226,0.027061,NA
1124_A/duck/Eastern_China,A/duck/Eastern_China/S1109/2014,-0.155079,-0.078376,0.333439,0.030379,NA
1125_A/duck/Eastern_China,A/duck/Eastern_China/S1210/2013,-0.174548,-0.075904,0.313856,0.02685,NA
1126_A/duck/Guangdong/KGZ,A/duck/Guangdong/KGZ15783/2021,-0.11582,-0.059017,0.285809,-0.015424,NA
1127_A/duck/Guangdong/KGZ,A/duck/Guangdong/KGZ16015/2021,-0.125559,-0.079642,0.290283,-0.020954,NA
1128_A/duck/Guangdong/S12,A/duck/Guangdong/S1269/2021,-0.131956,-0.067508,0.284658,-0.015287,NA
1129_A/duck/Guangdong/s14,A/duck/Guangdong/s14044/2014,-0.164307,-0.040103,0.315157,-0.019538,NA
1130_A/duck/Guangxi/S1009,A/duck/Guangxi/S10099/2021,-0.134267,-0.080633,0.296457,-0.016236,NA
1131_A/duck/Guangxi/S1026,A/duck/Guangxi/S10263/2021,-0.128381,-0.084041,0.291581,-0.015418,NA
1132_A/duck/Guangxi/S1104,A/duck/Guangxi/S11043/2021,-0.124614,-0.085451,0.310966,-0.015351,NA
1133_A/duck/Guangxi/S2119,A/duck/Guangxi/S21194/2021,-0.124724,-0.087231,0.291179,-0.012074,NA
1134_A/duck/Hebei/S1070/2,A/duck/Hebei/S1070/2021,-0.131551,-0.071892,0.290871,-0.015001,NA
1135_A/duck/Henan/S1381/2,A/duck/Henan/S1381/2021,-0.128011,-0.071791,0.294926,-0.014546,NA
1136_A/duck/Hunan/11.30_Y,A/duck/Hunan/11.30_YYGK74E3-OC/2017,-0.135571,-0.065352,0.323532,0.01294,NA
1137_A/duck/Jiangxi/S1025,A/duck/Jiangxi/S10252/2021,-0.129579,-0.072255,0.289897,-0.013267,NA
1138_A/duck/Shandong/11.1,A/duck/Shandong/11.14_DL-DKd11/2013(H5N8),-0.151798,-0.050229,0.341287,0.005444,NA
1139_A/duck/Shandong/11.1,A/duck/Shandong/11.14_RD/2013(H5N8),-0.151798,-0.050229,0.341287,0.005444,NA
1140_A/duck/Shandong/Q1/2,A/duck/Shandong/Q1/2013,-0.183123,-0.047445,0.296435,0.00389,NA
1141_A/duck/Tainan/150104,A/duck/Tainan/15010403/2015,-0.135751,-0.030439,0.305394,-0.005107,NA
1142_A/duck/Taiwan/a068/2,A/duck/Taiwan/a068/2015,-0.138698,-0.029676,0.303538,-0.002185,NA
1143_A/duck/Taiwan/A3400/,A/duck/Taiwan/A3400/2015,-0.139929,-0.030988,0.30263,0.002148,NA
1144_A/duck/Xinjiang/12.1,A/duck/Xinjiang/12.18_WLMQXL001-C/2016,-0.147898,-0.068322,0.313545,0.010062,NA
1145_A/duck/Yunlin/150102,A/duck/Yunlin/15010277/2015,-0.134226,-0.030932,0.307618,-0.003407,NA
1146_A/duck/Yunlin/150104,A/duck/Yunlin/15010458-1/2015,-0.134226,-0.030932,0.307618,-0.003407,NA
1147_A/duck/Zhejiang/6D18,A/duck/Zhejiang/6D18/2013,-0.165044,-0.079383,0.324256,0.020768,NA
1148_A/duck/Zhejiang/9250,A/duck/Zhejiang/925019/2014,-0.160603,-0.051299,0.325725,0.007559,NA
1149_A/duck/Zhejiang/9251,A/duck/Zhejiang/925169/2014,-0.161482,-0.054153,0.323676,0.009262,NA
1150_A/duck/Zhejiang/W24/,A/duck/Zhejiang/W24/2013,-0.162779,-0.089279,0.319072,0.028342,NA
1151_A/egret/Jiangsu/SD02,A/egret/Jiangsu/SD021/2021,-0.130141,-0.078357,0.263107,-0.008768,NA
1152_A/eurasian_eagle-owl,A/eurasian_eagle-owl/Henan/SMQ11/2020,-0.13315,-0.071772,0.292509,-0.004549,NA
1153_A/goose/Chiayi/15020,A/goose/Chiayi/15020022/2015,-0.134226,-0.030932,0.307618,-0.003407,NA
1154_A/goose/China/1/2021,A/goose/China/1/2021,-0.135331,-0.0759,0.290011,-0.008551,NA
1155_A/goose/Eastern_Chin,A/goose/Eastern_China/CZ/2013,-0.170404,-0.079479,0.311726,0.015641,NA
1156_A/goose/Eastern_Chin,A/goose/Eastern_China/L1204/2012,-0.194766,-0.048945,0.307512,-0.006126,NA
1157_A/goose/Eastern_Chin,A/goose/Eastern_China/L1214/2012,-0.161911,-0.047676,0.296423,0.000976,NA
1158_A/goose/Eastern_Chin,A/goose/Eastern_China/S0408/2014,-0.17723,-0.048466,0.307089,0.009293,NA
1159_A/goose/Guangdong/s1,A/goose/Guangdong/s13124/2013,-0.153063,-0.039978,0.322612,-0.02109,NA
1160_A/goose/Guangxi/S206,A/goose/Guangxi/S20601/2021,-0.121572,-0.093748,0.286121,-0.008167,NA
1161_A/goose/Henan/S1315/,A/goose/Henan/S1315/2021,-0.128011,-0.071791,0.294926,-0.014546,NA
1162_A/goose/Hunan/S11288,A/goose/Hunan/S11288/2021,-0.12826,-0.077424,0.293426,-0.011252,NA
1163_A/goose/Jiangsu/QD5/,A/goose/Jiangsu/QD5/2014,-0.162156,-0.07797,0.288109,0.013139,NA
1164_A/goose/Jiangsu/S138,A/goose/Jiangsu/S1385/2021,-0.134505,-0.068489,0.289482,-0.014686,NA
1165_A/goose/Liaoning/S12,A/goose/Liaoning/S1266/2021,-0.1294,-0.067553,0.291948,-0.015041,NA
1166_A/goose/Pingtung/150,A/goose/Pingtung/15050014/2015,-0.144791,-0.02918,0.299616,0.008404,NA
1167_A/goose/Pingtung/160,A/goose/Pingtung/16010061/2016,-0.143657,-0.022088,0.285647,0.00901,NA
1168_A/goose/Shandong/05.,A/goose/Shandong/05.23_AY-GS/2015(Mixed),-0.142775,-0.087103,0.314998,0.019039,NA
1169_A/goose/Shandong/05.,A/goose/Shandong/05.23_DT-GS/2014(H5N8),-0.160185,-0.084325,0.325401,0.02953,NA
1170_A/goose/Shandong/06.,A/goose/Shandong/06.14_HZ-GS/2014(Mixed),-0.151918,-0.07363,0.329997,0.026598,NA
1171_A/goose/Shandong/12.,A/goose/Shandong/12.08_YG-GS/2014(H5N8),-0.172392,-0.087608,0.296875,0.021567,NA
1172_A/Goose/Shandong/211,A/Goose/Shandong/21153-3/2021(H5N8),-0.118341,-0.082277,0.264462,-0.01929,NA
1173_A/goose/Shandong/GD-,A/goose/Shandong/GD-GS/2014(H5N8),-0.164899,-0.071516,0.309877,0.012029,NA
1174_A/goose/Shandong/LQ0,A/goose/Shandong/LQ01694/2013,-0.18733,-0.049345,0.309398,-0.000059,NA
1175_A/goose/Tainan/16040,A/goose/Tainan/16040018-1/2016,-0.139602,-0.035613,0.287217,0.012205,NA
1176_A/goose/Tainan/16070,A/goose/Tainan/16070002/2016,-0.135915,-0.042156,0.309934,0.001892,NA
1177_A/goose/Taiwan/01019,A/goose/Taiwan/01019/2015,-0.134183,-0.037521,0.302653,-0.000557,NA
1178_A/goose/Taiwan/01039,A/goose/Taiwan/01039/2015,-0.128136,-0.031269,0.302891,0.004721,NA
1179_A/goose/Taiwan/a015/,A/goose/Taiwan/a015/2015,-0.135751,-0.030439,0.305394,-0.005107,NA
1180_A/goose/Taiwan/TNC1/,A/goose/Taiwan/TNC1/2015,-0.136986,-0.024873,0.308997,-0.002896,NA
1181_A/goose/Taiwan/TNC3/,A/goose/Taiwan/TNC3/2015,-0.137078,-0.025693,0.3096,-0.004273,NA
1182_A/goose/Taiwan/TNC4/,A/goose/Taiwan/TNC4/2015,-0.135751,-0.030439,0.305394,-0.005107,NA
1183_A/goose/Taiwan/TNC9/,A/goose/Taiwan/TNC9/2015,-0.137078,-0.025693,0.3096,-0.004273,NA
1184_A/goose/Taiwan/TNC10,A/goose/Taiwan/TNC10/2015,-0.136986,-0.024873,0.308997,-0.002896,NA
1185_A/goose/Taiwan/TNC12,A/goose/Taiwan/TNC12/2015,-0.136986,-0.024873,0.308997,-0.002896,NA
1186_A/goose/Taiwan/TNC14,A/goose/Taiwan/TNC14/2015,-0.138427,-0.030477,0.310482,-0.00861,NA
1187_A/goose/Taiwan/TNO3/,A/goose/Taiwan/TNO3/2015,-0.134227,-0.028879,0.327315,-0.011859,NA
1188_A/goose/Taiwan/TNO9/,A/goose/Taiwan/TNO9/2015,-0.135751,-0.030439,0.305394,-0.005107,NA
1189_A/goose/Taiwan/TNO15,A/goose/Taiwan/TNO15/2015,-0.135751,-0.030439,0.305394,-0.005107,NA
1190_A/goose/Taiwan/TNO17,A/goose/Taiwan/TNO17/2015,-0.136986,-0.024873,0.308997,-0.002896,NA
1191_A/goose/Taoyuan/1501,A/goose/Taoyuan/15010041/2015,-0.134226,-0.030932,0.307618,-0.003407,NA
1192_A/goose/Xinjiang/12.,A/goose/Xinjiang/12.18_WLMQXL003-C/2016,-0.147898,-0.068322,0.313545,0.010062,NA
1193_A/goose/Xinjiang/12.,A/goose/Xinjiang/12.18_WLMQXL003-O/2016,-0.147898,-0.068322,0.313545,0.010062,NA
1194_A/goose/Xinjiang/12.,A/goose/Xinjiang/12.18_WLMQXL004-C/2016,-0.148388,-0.069768,0.314146,0.016773,NA
1195_A/goose/Xinjiang/12.,A/goose/Xinjiang/12.18_WLMQXL004-O/2016,-0.147898,-0.068322,0.313545,0.010062,NA
1196_A/goose/Yangzhou/042,A/goose/Yangzhou/0420/2014,-0.155872,-0.078092,0.319673,0.014179,NA
1197_A/goose/Yunlin/15040,A/goose/Yunlin/15040040/2015,-0.141977,-0.034068,0.293905,0.002239,NA
1198_A/goose/Zhejiang/925,A/goose/Zhejiang/925037/2014,-0.152984,-0.068562,0.325793,0.037515,NA
1199_A/goose/Zhejiang/925,A/goose/Zhejiang/925104/2014,-0.161083,-0.066213,0.307383,0.036296,NA
1200_A/goose/Zhejiang/S12,A/goose/Zhejiang/S1266/2021,-0.131795,-0.066984,0.293374,-0.011048,NA
1201_A/Great_Black-headed,A/Great_Black-headed_Gull/Qinghai/YO1-B/2016,-0.15833,-0.079708,0.333561,0.008712,NA
1202_A/Great_Cormorant/Qi,A/Great_Cormorant/Qinghai/a51/2016,-0.15491,-0.071531,0.313407,0.006512,NA
1203_A/Great_Cormorant/Qi,A/Great_Cormorant/Qinghai/B82/2016,-0.158539,-0.083374,0.324473,0.008634,NA
1204_A/Great_Cormorant/Qi,A/Great_Cormorant/Qinghai/Y01/2016,-0.149814,-0.080698,0.332227,0.007894,NA
1205_A/Great_Crested_Greb,A/Great_Crested_Grebe/Qinghai/a737/2017,-0.146997,-0.068241,0.326265,0.014545,NA
1206_A/grebe/Ningxia/SD00,A/grebe/Ningxia/SD001/2021,-0.111899,-0.069297,0.271938,-0.028929,NA
1207_A/grebe/Shaanxi/SD00,A/grebe/Shaanxi/SD001/2021,-0.104542,-0.070408,0.270258,-0.029477,NA
1208_A/grebe/Shandong/SC1,A/grebe/Shandong/SC184/2021,-0.127686,-0.07304,0.293768,-0.013128,NA
1209_A/green-winged_teal/,A/green-winged_teal/Guangdong/SD004/2021,-0.121805,-0.060379,0.287068,-0.01174,NA
1210_A/Herring_Gull/Hubei,A/Herring_Gull/Hubei/CH-i149/2017_H5N8,-0.152246,-0.078423,0.327679,0.018493,NA
1211_A/mallard_duck/Shang,A/mallard_duck/Shanghai/SH-9/2013,-0.151127,-0.067735,0.343396,0.016893,NA
1212_A/mallard/Ningxia/17,A/mallard/Ningxia/175/2020,-0.15619,-0.064794,0.328345,0.029852,NA
1213_A/mallard/Ningxia/17,A/mallard/Ningxia/176/2020,-0.158003,-0.064372,0.3305,0.029463,NA
1214_A/mallard/Ningxia/23,A/mallard/Ningxia/239/2020,-0.15619,-0.064794,0.328345,0.029852,NA
1215_A/mallard/Ningxia/24,A/mallard/Ningxia/241/2020,-0.155924,-0.06667,0.330815,0.033204,NA
1216_A/mallard/Ningxia/24,A/mallard/Ningxia/247/2020,-0.15619,-0.064794,0.328345,0.029852,NA
1217_A/mallard/Ningxia/24,A/mallard/Ningxia/249/2020,-0.16267,-0.060943,0.32483,0.029802,NA
1218_A/mute_swan/Inner_Mo,A/mute_swan/Inner_Mongolia/w2-1/2020,-0.127686,-0.07304,0.293768,-0.013128,NA
1219_A/mute_swan/Shandong,A/mute_swan/Shandong/1/2021,-0.126934,-0.080594,0.289175,-0.010139,NA
1220_A/Peregrine_Falcon/H,A/Peregrine_Falcon/Hong_Kong/AFCD-HKU-21-013-27/2021,-0.126887,-0.085767,0.291199,-0.011591,NA
1221_A/pheasant/Hebei/B02,A/pheasant/Hebei/B02/2021,-0.12166,-0.072686,0.276289,0.000745,NA
1222_A/swan/China/ST/2016,A/swan/China/ST/2016,-0.141729,-0.058013,0.318635,0.009138,NA
1223_A/swan/Hebei/B01/202,A/swan/Hebei/B01/2021,-0.138274,-0.070465,0.280128,-0.033549,NA
1224_A/swan/Shandong/W376,A/swan/Shandong/W3762/2020,-0.160198,-0.071697,0.340387,0.026464,NA
1225_A/tundra_swan/Hubei/,A/tundra_swan/Hubei/BQ3/2020,-0.126702,-0.077722,0.296077,-0.015948,NA
1226_A/tundra_swan/Hubei/,A/tundra_swan/Hubei/BQ4/2020,-0.126702,-0.077722,0.296077,-0.015948,NA
1227_A/tundra_swan/Hubei/,A/tundra_swan/Hubei/BQ6/2020,-0.131973,-0.068935,0.295813,-0.010712,NA
1228_A/tundra_swan/Hubei/,A/tundra_swan/Hubei/BQ7/2020,-0.127796,-0.074853,0.29153,-0.007198,NA
1229_A/tundra_swan/Hubei/,A/tundra_swan/Hubei/BQ8/2020,-0.127283,-0.072192,0.294922,-0.014311,NA
1230_A/tundra_swan/Hubei/,A/tundra_swan/Hubei/BQ9/2020,-0.137087,-0.075923,0.294898,-0.024848,NA
1231_A/turkey/Chiayi/1702,A/turkey/Chiayi/17020092-2/2017,-0.143418,-0.016061,0.283147,0.006591,NA
1232_A/whiskered_tern/Hub,A/whiskered_tern/Hubei/BQ10/2020,-0.129325,-0.063872,0.293014,-0.016313,NA
1233_A/whooper_swan/Henan,A/whooper_swan/Henan/SM1/2020,-0.128337,-0.074285,0.294254,-0.006675,NA
1234_A/whooper_swan/Henan,A/whooper_swan/Henan/SM16/2020,-0.139198,-0.068928,0.315715,-0.011763,NA
1235_A/whooper_swan/Henan,A/whooper_swan/Henan/SM31/2020,-0.131192,-0.070943,0.297375,-0.013063,NA
1236_A/whooper_swan/Henan,A/whooper_swan/Henan/SM61/2020,-0.137339,-0.060244,0.318366,-0.008198,NA
1237_A/whooper_swan/Henan,A/whooper_swan/Henan/SM76/2020,-0.127493,-0.07362,0.293665,-0.006289,NA
1238_A/whooper_swan/Henan,A/whooper_swan/Henan/SM86/2020,-0.128569,-0.068445,0.290936,-0.009875,NA
1239_A/whooper_swan/Henan,A/whooper_swan/Henan/SM111/2020,-0.131473,-0.06752,0.292144,-0.009609,NA
1240_A/whooper_swan/Henan,A/whooper_swan/Henan/SMQ5/2020,-0.127686,-0.07304,0.293768,-0.013128,NA
1241_A/whooper_swan/Henan,A/whooper_swan/Henan/SMQ7/2020,-0.127493,-0.07362,0.293665,-0.006289,NA
1242_A/whooper_swan/Henan,A/whooper_swan/Henan/SMQ9/2020,-0.13315,-0.071772,0.292509,-0.004549,NA
1243_A/whooper_swan/Henan,A/whooper_swan/Henan/SMQ10/2020,-0.132672,-0.069532,0.294473,-0.006147,NA
1244_A/whooper_swan/Inner,A/whooper_swan/Inner_Mongolia/w1-1/2020,-0.129999,-0.07163,0.295462,-0.01113,NA
1245_A/Whooper_Swan/Sanme,A/Whooper_Swan/Sanmenxia/01/2016,-0.133772,-0.063137,0.322437,0.010931,NA
1246_A/Whooper_swan/Sanme,A/Whooper_swan/Sanmenxia/G2/2020,-0.131091,-0.071922,0.297295,-0.014938,NA
1247_A/Whooper_swan/Sanme,A/Whooper_swan/Sanmenxia/G13/2020,-0.138792,-0.045522,0.298845,-0.016057,NA
1248_A/Whooper_swan/Sanme,A/Whooper_swan/Sanmenxia/G15/2020,-0.133475,-0.070523,0.293666,-0.005967,NA
1249_A/Whooper_swan/Sanme,A/Whooper_swan/Sanmenxia/G28/2020,-0.138792,-0.045522,0.298845,-0.016057,NA
1250_A/Whooper_swan/Sanme,A/Whooper_swan/Sanmenxia/H1/2020,-0.125563,-0.070914,0.29588,-0.020965,NA
1251_A/Whooper_swan/Sanme,A/Whooper_swan/Sanmenxia/H735/2020,-0.131091,-0.071922,0.297295,-0.014938,NA
1252_A/Whooper_swan/Sanme,A/Whooper_swan/Sanmenxia/H810/2020,-0.130774,-0.07154,0.298092,-0.017611,NA
1253_A/Whooper_swan/Sanme,A/Whooper_swan/Sanmenxia/Y10/2020,-0.128011,-0.071791,0.294926,-0.014546,NA
1254_A/Whooper_swan/Sanme,A/Whooper_swan/Sanmenxia/Y11/2020,-0.128011,-0.071791,0.294926,-0.014546,NA
1255_A/Whooper_swan/Sanme,A/Whooper_swan/Sanmenxia/Y12/2020,-0.130939,-0.075569,0.287709,-0.012707,NA
1256_A/Whooper_swan/Sanme,A/Whooper_swan/Sanmenxia/Y15/2020,-0.133475,-0.070523,0.293666,-0.005967,NA
1257_A/Whooper_swan/Sanme,A/Whooper_swan/Sanmenxia/Y18/2020,-0.131091,-0.071922,0.297295,-0.014938,NA
1258_A/Whooper_swan/Sanme,A/Whooper_swan/Sanmenxia/Y19/2020,-0.12942,-0.069085,0.298531,-0.014933,NA
1259_A/Whooper_swan/Sanme,A/Whooper_swan/Sanmenxia/Y20/2020,-0.123956,-0.075096,0.29403,-0.013373,NA
1260_A/Whooper_swan/Sanme,A/Whooper_swan/Sanmenxia/Y21/2020,-0.128011,-0.071791,0.294926,-0.014546,NA
1261_A/Whooper_swan/Sanme,A/Whooper_swan/Sanmenxia/Y23-2/2020,-0.129166,-0.071078,0.296845,-0.016465,NA
1262_A/Whooper_swan/Sanme,A/Whooper_swan/Sanmenxia/Y27/2020,-0.12942,-0.069085,0.298531,-0.014933,NA
1263_A/Whooper_swan/Sanme,A/Whooper_swan/Sanmenxia/Y36/2020,-0.129166,-0.071078,0.296845,-0.016465,NA
1264_A/Whooper_swan/Sanme,A/Whooper_swan/Sanmenxia/Y48A/2020,-0.129662,-0.06465,0.282072,-0.022129,NA
1265_A/Whooper_swan/Sanme,A/Whooper_swan/Sanmenxia/Y48B/2020,-0.129166,-0.071078,0.296845,-0.016465,NA
1266_A/Whooper_swan/Sanme,A/Whooper_swan/Sanmenxia/Y52/2020,-0.133475,-0.070523,0.293666,-0.005967,NA
1267_A/Whooper_swan/Sanme,A/Whooper_swan/Sanmenxia/Y56/2020,-0.132512,-0.072701,0.30121,-0.012036,NA
1268_A/Whooper_swan/Sanme,A/Whooper_swan/Sanmenxia/Y57/2020,-0.128616,-0.073035,0.29542,-0.008158,NA
1269_A/whooper_swan/Shaan,A/whooper_swan/Shaanxi/SXY2-1/2020,-0.131835,-0.070699,0.292418,-0.005468,NA
1270_A/whooper_swan/Shaan,A/whooper_swan/Shaanxi/SXY26/2020,-0.134421,-0.068732,0.291506,-0.004771,NA
1271_A/whooper_swan/Shaan,A/whooper_swan/Shaanxi/SXY66/2020,-0.127004,-0.073405,0.295412,-0.008264,NA
1272_A/whooper_swan/Shand,A/whooper_swan/Shandong/SC176/2021,-0.122327,-0.073753,0.296023,-0.009327,NA
1273_A/whooper_swan/Shand,A/whooper_swan/Shandong/SC185/2021,-0.122327,-0.073753,0.296023,-0.009327,NA
1274_A/whooper_swan/Shand,A/whooper_swan/Shandong/SC188/2021,-0.122327,-0.073753,0.296023,-0.009327,NA
1275_A/whooper_swan/Shand,A/whooper_swan/Shandong/SC195/2021,-0.154116,-0.073708,0.312637,0.026315,NA
1276_A/whooper_swan/Shand,A/whooper_swan/Shandong/SC198/2021,-0.127079,-0.068769,0.297095,-0.016349,NA
1277_A/whooper_swan/Shand,A/whooper_swan/Shandong/SC199/2021,-0.123747,-0.072064,0.296676,-0.011836,NA
1278_A/whooper_swan/Shand,A/whooper_swan/Shandong/SC200/2021,-0.125017,-0.071917,0.28672,-0.012581,NA
1279_A/whooper_swan/Shanx,A/whooper_swan/Shanxi/4-1/2020,-0.12942,-0.069085,0.298531,-0.014933,NA
1280_A/whooper_swan/Shanx,A/whooper_swan/Shanxi/4-2/2020,-0.128251,-0.06967,0.296785,-0.01313,NA
1281_A/whooper_swan/Shanx,A/whooper_swan/Shanxi/RC01/2016,-0.134584,-0.065881,0.320477,0.010563,NA
1282_A/whooper_swan/Shanx,A/whooper_swan/Shanxi/SX16/2020,-0.127686,-0.07304,0.293768,-0.013128,NA
1283_A/whooper_swan/Shanx,A/whooper_swan/Shanxi/SX31/2020,-0.139951,-0.067422,0.314801,-0.006293,NA
1284_A/whooper_swan/Shanx,A/whooper_swan/Shanxi/SX56/2020,-0.123411,-0.069292,0.292625,-0.020517,NA
1285_A/whooper_swan/Shanx,A/whooper_swan/Shanxi/SX106/2020,-0.124115,-0.074343,0.292253,-0.012865,NA
1286_A/whooper_swan/Shanx,A/whooper_swan/Shanxi/SX166/2020,-0.124707,-0.065079,0.296638,-0.013494,NA
1287_A/whooper_swan/Shanx,A/whooper_swan/Shanxi/SX206/2020,-0.137339,-0.060244,0.318366,-0.008198,NA
1288_A/whooper_swan/Shanx,A/whooper_swan/Shanxi/SX216/2020,-0.124707,-0.065079,0.296638,-0.013494,NA
1289_A/whooper_swan/Shanx,A/whooper_swan/Shanxi/SX231/2020,-0.124707,-0.065079,0.296638,-0.013494,NA
1290_A/whooper_swan/Shanx,A/whooper_swan/Shanxi/SX251/2020,-0.129337,-0.065899,0.280914,-0.020711,NA
1291_A/whooper_swan/Shanx,A/whooper_swan/Shanxi/SX276/2020,-0.129337,-0.065899,0.280914,-0.020711,NA
1292_A/whooper_swan/Shanx,A/whooper_swan/Shanxi/SX291/2020,-0.123709,-0.055476,0.300676,-0.012324,NA
1293_A/whooper_swan/Shanx,A/whooper_swan/Shanxi/SX346/2020,-0.138005,-0.069615,0.313802,-0.00983,NA
1294_A/wild_bird/Hubei/12,A/wild_bird/Hubei/12.12_LGHF2W44/2016(H5N8),-0.141059,-0.057211,0.318886,0.013124,NA
1295_A/wild_duck/Jiangsu/,A/wild_duck/Jiangsu/SD019/2021,-0.129984,-0.076351,0.2689,-0.003654,NA
1296_A/wild_duck/Shandong,A/wild_duck/Shandong/SC177/2021,-0.122327,-0.073753,0.296023,-0.009327,NA
1297_A/wild_goose/Shandon,A/wild_goose/Shandong/SC196/2021,-0.128011,-0.071791,0.294926,-0.014546,NA
1298_A/Anser_cygnoides/Hu,A/Anser_cygnoides/Hubei/FW44/2016_H5N8,-0.144913,-0.053816,0.319807,0.008524,NA
1299_A/Chlidonias_hybrida,A/Chlidonias_hybrida/Hubei/55/2020_H5N8,-0.128011,-0.071791,0.294926,-0.014546,NA
1300_A/Cygnus_atratus/Hub,A/Cygnus_atratus/Hubei/2Z2-O/2016_H5N8,-0.144255,-0.064689,0.317672,0.007085,NA
1301_A/Cygnus_atratus/Hub,A/Cygnus_atratus/Hubei/HF-1/2016_H5N8,-0.144255,-0.064689,0.317672,0.007085,NA
1302_A/Cygnus_columbianus,A/Cygnus_columbianus/Hubei/116/2020_H5N8,-0.137412,-0.074673,0.296055,-0.026266,NA
1303_A/Cygnus_columbianus,A/Cygnus_columbianus/Hubei/49/2020_H5N8,-0.129511,-0.066102,0.295915,-0.013307,NA
1304_A/Cygnus_columbianus,A/Cygnus_columbianus/Hubei/50/2020_H5N8,-0.127027,-0.076473,0.297234,-0.017366,NA
1305_A/Cygnus_columbianus,A/Cygnus_columbianus/Hubei/51/2020_H5N8,-0.128011,-0.071791,0.294926,-0.014546,NA
1306_A/Cygnus_columbianus,A/Cygnus_columbianus/Hubei/52/2020_H5N8,-0.128127,-0.073637,0.292671,-0.00874,NA
1307_A/Cygnus_columbianus,A/Cygnus_columbianus/Hubei/53/2020_H5N8,-0.127649,-0.070944,0.296058,-0.015709,NA
1308_A/Cygnus_columbianus,A/Cygnus_columbianus/Hubei/56/2020_H5N8,-0.130494,-0.063287,0.294761,-0.018117,NA
1309_A/Whooper_Swan/Sanme,A/Whooper_Swan/Sanmenxia/01/2016_H5N8,-0.133772,-0.063137,0.322437,0.010931,NA
1310_A/Wild_bird/Huadong/,A/Wild_bird/Huadong/CIXI20/2020_H5N8,-0.128011,-0.071791,0.294926,-0.014546,NA
1311_A/chicken/Changhua/1,A/chicken/Changhua/15040036-1/2015_H5N8,-0.133999,-0.031038,0.310175,-0.000969,NA
1312_A/chicken/Changhua/1,A/chicken/Changhua/15040037-2/2015_H5N8,-0.132709,-0.023014,0.332799,-0.020378,NA
1313_A/chicken/Changhua/1,A/chicken/Changhua/15040042/2015_H5N8,-0.140409,-0.031117,0.358971,0.003119,NA
1314_A/chicken/Changhua/1,A/chicken/Changhua/15040043-1/2015_H5N8,-0.129987,-0.02912,0.362358,-0.01074,NA
1315_A/chicken/Changhua/1,A/chicken/Changhua/15050038-1/2015_H5N8,-0.144217,-0.023435,0.287745,0.000252,NA
1316_A/chicken/Changhua/1,A/chicken/Changhua/15060029/2015_H5N8,-0.139031,-0.034831,0.295762,-0.000683,NA
1317_A/chicken/Chiayi/150,A/chicken/Chiayi/15010454-1/2015_H5N8,-0.134423,-0.03056,0.303872,-0.003634,NA
1318_A/chicken/Kaohsiung/,A/chicken/Kaohsiung/16010047/2016_H5N8,-0.137131,-0.043889,0.263525,0.021789,NA
1319_A/chicken/Kaohsiung/,A/chicken/Kaohsiung/16020017-2/2016_H5N8,-0.141214,-0.033337,0.288797,0.009003,NA
1320_A/chicken/Kaohsiung/,A/chicken/Kaohsiung/16040021-1/2016_H5N8,-0.142176,-0.019644,0.283757,0.006024,NA
1321_A/chicken/Kaohsiung/,A/chicken/Kaohsiung/16070003/2016_H5N8,-0.149991,-0.022302,0.278318,0.014101,NA
1322_A/chicken/Kaohsiung/,A/chicken/Kaohsiung/16120012/2016_H5N8,-0.126867,-0.031501,0.302905,0.006805,NA
1323_A/chicken/Kaohsiung/,A/chicken/Kaohsiung/16MB0889/2016_H5N8,-0.142176,-0.019644,0.283757,0.006024,NA
1324_A/chicken/Kaohsiung/,A/chicken/Kaohsiung/17030023/2017_H5N8,-0.126279,-0.034767,0.282236,0.016056,NA
1325_A/chicken/Miaoli/150,A/chicken/Miaoli/15010421-1/2015_H5N8,-0.134226,-0.030932,0.307618,-0.003407,NA
1326_A/chicken/Nantou/161,A/chicken/Nantou/16110023-1/2016_H5N8,-0.140443,-0.022719,0.287019,0.01133,NA
1327_A/chicken/New_Taipei,A/chicken/New_Taipei_City/16110019-1/2016_H5N8,-0.14106,-0.02976,0.268813,0.013079,NA
1328_A/chicken/New_Taipei,A/chicken/New_Taipei_City/16110020-2/2016_H5N8,-0.133957,-0.031657,0.289749,0.00765,NA
1329_A/chicken/New_Taipei,A/chicken/New_Taipei_City/17050004-2/2017_H5N8,-0.122432,-0.031836,0.32415,-0.00234,NA
1330_A/chicken/New_Taipei,A/chicken/New_Taipei_City/17090001/2017_H5N8,-0.134403,-0.036026,0.293365,0.01233,NA
1331_A/chicken/New_Taipei,A/chicken/New_Taipei_City/17090002/2017_H5N8,-0.117183,-0.031446,0.288503,0.014124,NA
1332_A/chicken/New_Taipei,A/chicken/New_Taipei_City/17090003/2017_H5N8,-0.134403,-0.036026,0.293365,0.01233,NA
1333_A/chicken/Taichung/1,A/chicken/Taichung/16110017-3/2016_H5N8,-0.132024,-0.044704,0.284369,0.001419,NA
1334_A/chicken/Tainan/150,A/chicken/Tainan/15020214/2015_H5N8,-0.135751,-0.030439,0.305394,-0.005107,NA
1335_A/chicken/Tainan/170,A/chicken/Tainan/17030058-1/2017_H5N8,-0.155324,-0.027803,0.302545,0.009064,NA
1336_A/chicken/Taipei_Cit,A/chicken/Taipei_City/17090004/2017_H5N8,-0.123629,-0.017633,0.283708,0.014714,NA
1337_A/chicken/Taipei/160,A/chicken/Taipei/16060022-4/2016_H5N8,-0.146951,-0.020933,0.285609,0.008777,NA
1338_A/chicken/Taipei/160,A/chicken/Taipei/16060023-1/2016_H5N8,-0.146951,-0.020933,0.285609,0.008777,NA
1339_A/chicken/Taipei/161,A/chicken/Taipei/16120021/2016_H5N8,-0.128933,-0.036234,0.30662,0.00859,NA
1340_A/chicken/Taipei/170,A/chicken/Taipei/17050005-1/2017_H5N8,-0.125838,-0.034254,0.301789,0.001635,NA
1341_A/chicken/Taipei/170,A/chicken/Taipei/17050008-3/2017_H5N8,-0.124258,-0.032203,0.303195,0.00772,NA
1342_A/chicken/Taipei/170,A/chicken/Taipei/17050009-3/2017_H5N8,-0.125841,-0.034549,0.300497,0.005864,NA
1343_A/chicken/Yunlin/150,A/chicken/Yunlin/15050012/2015_H5N8,-0.14996,-0.038035,0.311815,-0.002418,NA
1344_A/chicken/Yunlin/160,A/chicken/Yunlin/16020038/2016_H5N8,-0.13829,-0.031151,0.27593,-0.005238,NA
1345_A/chicken/Yunlin/170,A/chicken/Yunlin/17010001/2017_H5N8,-0.149393,-0.026019,0.259554,0.011061,NA
1346_A/duck/Chiayi/150800,A/duck/Chiayi/15080023/2015_H5N8,-0.142888,-0.023556,0.286223,0.001726,NA
1347_A/duck/Eastern_China,A/duck/Eastern_China/JY/2014_H5N8,-0.165018,-0.100988,0.307936,0.014303,NA
1348_A/duck/Eastern_China,A/duck/Eastern_China/L0405/2010_H5N8,-0.176314,-0.060217,0.29462,0.011277,NA
1349_A/duck/Eastern_China,A/duck/Eastern_China/L0423/2011_H5N8,-0.164392,-0.057621,0.306538,0.01535,NA
1350_A/duck/Eastern_China,A/duck/Eastern_China/L0611/2011_H5N8,-0.167602,-0.061669,0.283502,0.018183,NA
1351_A/duck/Eastern_China,A/duck/Eastern_China/L0722/2012_H5N8,-0.163665,-0.060077,0.303007,0.009531,NA
1352_A/duck/Eastern_China,A/duck/Eastern_China/L1021/2012_H5N8,-0.165831,-0.050268,0.315263,0.018196,NA
1353_A/duck/Eastern_China,A/duck/Eastern_China/L1120/2012_H5N8,-0.190816,-0.054232,0.310907,-0.001466,NA
1354_A/duck/Eastern_China,A/duck/Eastern_China/S0215/2014_H5N8,-0.160754,-0.067702,0.33226,0.027061,NA
1355_A/duck/Eastern_China,A/duck/Eastern_China/S1109/2014_H5N8,-0.155079,-0.078376,0.333439,0.030379,NA
1356_A/duck/Eastern_China,A/duck/Eastern_China/S1210/2013_H5N8,-0.174548,-0.075904,0.313856,0.02685,NA
1357_A/duck/Guangdong/s14,A/duck/Guangdong/s14044/2014_H5N8,-0.164307,-0.040103,0.315157,-0.019538,NA
1358_A/duck/Hunan/11.30_Y,A/duck/Hunan/11.30_YYGK74E3-OC/2017_H5N8,-0.135571,-0.065352,0.323532,0.01294,NA
1359_A/duck/Shandong/Q1/2,A/duck/Shandong/Q1/2013_H5N8,-0.183123,-0.047445,0.296435,0.00389,NA
1360_A/duck/Tainan/150104,A/duck/Tainan/15010403/2015_H5N8,-0.135751,-0.030439,0.305394,-0.005107,NA
1361_A/duck/Taiwan/A3400/,A/duck/Taiwan/A3400/2015_H5N8,-0.139929,-0.030988,0.30263,0.002148,NA
1362_A/duck/Xinjiang/12.1,A/duck/Xinjiang/12.18_WLMQXL001-C/2016_H5N8,-0.147898,-0.068322,0.313545,0.010062,NA
1363_A/duck/Yunlin/150102,A/duck/Yunlin/15010277/2015_H5N8,-0.134226,-0.030932,0.307618,-0.003407,NA
1364_A/duck/Yunlin/150104,A/duck/Yunlin/15010458-1/2015_H5N8,-0.134226,-0.030932,0.307618,-0.003407,NA
1365_A/duck/Zhejiang/6D18,A/duck/Zhejiang/6D18/2013_H5N8,-0.165044,-0.079383,0.324256,0.020768,NA
1366_A/duck/Zhejiang/9250,A/duck/Zhejiang/925019/2014_H5N8,-0.160603,-0.051299,0.325725,0.007559,NA
1367_A/duck/Zhejiang/9251,A/duck/Zhejiang/925169/2014_H5N8,-0.161482,-0.054153,0.323676,0.009262,NA
1368_A/duck/Zhejiang/W24/,A/duck/Zhejiang/W24/2013_H5N8,-0.162779,-0.089279,0.319072,0.028342,NA
1369_A/eurasian_coot/Shan,A/eurasian_coot/Shandong/W5611/2020_H5N8,-0.128011,-0.071791,0.294926,-0.014546,NA
1370_A/eurasian_coot/Shan,A/eurasian_coot/Shandong/W6137/2020_H5N8,-0.128011,-0.071791,0.294926,-0.014546,NA
1371_A/eurasian_coot/Shan,A/eurasian_coot/Shandong/W6143/2020_H5N8,-0.128011,-0.071791,0.294926,-0.014546,NA
1372_A/eurasian_coot/Shan,A/eurasian_coot/Shandong/W6150/2020_H5N8,-0.128011,-0.071791,0.294926,-0.014546,NA
1373_A/goose/Chiayi/15020,A/goose/Chiayi/15020022/2015_H5N8,-0.134226,-0.030932,0.307618,-0.003407,NA
1374_A/goose/China/1/2021,A/goose/China/1/2021_H5N8,-0.135331,-0.0759,0.290011,-0.008551,NA
1375_A/goose/Eastern_Chin,A/goose/Eastern_China/CZ/2013_H5N8,-0.170404,-0.079479,0.311726,0.015641,NA
1376_A/goose/Eastern_Chin,A/goose/Eastern_China/L1204/2012_H5N8,-0.194766,-0.048945,0.307512,-0.006126,NA
1377_A/goose/Eastern_Chin,A/goose/Eastern_China/L1214/2012_H5N8,-0.161911,-0.047676,0.296423,0.000976,NA
1378_A/goose/Eastern_Chin,A/goose/Eastern_China/S0408/2014_H5N8,-0.17723,-0.048466,0.307089,0.009293,NA
1379_A/goose/Guangdong/s1,A/goose/Guangdong/s13124/2013_H5N8,-0.153063,-0.039978,0.322612,-0.02109,NA
1380_A/goose/Hebei/HG12/2,A/goose/Hebei/HG12/2021_H5N8,-0.127807,-0.070238,0.291566,-0.006055,NA
1381_A/goose/Jiangsu/QD5/,A/goose/Jiangsu/QD5/2014_H5N8,-0.168801,-0.075116,0.319458,0.029816,NA
1382_A/goose/Pingtung/150,A/goose/Pingtung/15050014/2015_H5N8,-0.144791,-0.02918,0.299616,0.008404,NA
1383_A/goose/Pingtung/160,A/goose/Pingtung/16010061/2016_H5N8,-0.143657,-0.022088,0.285647,0.00901,NA
1384_A/goose/Tainan/16040,A/goose/Tainan/16040018-1/2016_H5N8,-0.139602,-0.035613,0.287217,0.012205,NA
1385_A/goose/Tainan/16070,A/goose/Tainan/16070002/2016_H5N8,-0.135915,-0.042156,0.309934,0.001892,NA
1386_A/goose/Taiwan/01019,A/goose/Taiwan/01019/2015_H5N8,-0.134183,-0.037521,0.302653,-0.000557,NA
1387_A/goose/Taiwan/01039,A/goose/Taiwan/01039/2015_H5N8,-0.128136,-0.031269,0.302891,0.004721,NA
1388_A/goose/Taiwan/TNC1/,A/goose/Taiwan/TNC1/2015_H5N8,-0.136986,-0.024873,0.308997,-0.002896,NA
1389_A/goose/Taiwan/TNC10,A/goose/Taiwan/TNC10/2015_H5N8,-0.136986,-0.024873,0.308997,-0.002896,NA
1390_A/goose/Taiwan/TNC11,A/goose/Taiwan/TNC11/2015_H5N8,-0.135751,-0.030439,0.305394,-0.005107,NA
1391_A/goose/Taiwan/TNC12,A/goose/Taiwan/TNC12/2015_H5N8,-0.136986,-0.024873,0.308997,-0.002896,NA
1392_A/goose/Taiwan/TNC14,A/goose/Taiwan/TNC14/2015_H5N8,-0.138427,-0.030477,0.310482,-0.00861,NA
1393_A/goose/Taiwan/TNC3/,A/goose/Taiwan/TNC3/2015_H5N8,-0.137078,-0.025693,0.3096,-0.004273,NA
1394_A/goose/Taiwan/TNC7/,A/goose/Taiwan/TNC7/2015_H5N8,-0.136986,-0.024873,0.308997,-0.002896,NA
1395_A/goose/Taiwan/TNC9/,A/goose/Taiwan/TNC9/2015_H5N8,-0.137078,-0.025693,0.3096,-0.004273,NA
1396_A/goose/Taiwan/TNO15,A/goose/Taiwan/TNO15/2015_H5N8,-0.135751,-0.030439,0.305394,-0.005107,NA
1397_A/goose/Taiwan/TNO3/,A/goose/Taiwan/TNO3/2015_H5N8,-0.134227,-0.028879,0.327315,-0.011859,NA
1398_A/goose/Taiwan/TNO9/,A/goose/Taiwan/TNO9/2015_H5N8,-0.135751,-0.030439,0.305394,-0.005107,NA
1399_A/goose/Taoyuan/1501,A/goose/Taoyuan/15010041/2015_H5N8,-0.134226,-0.030932,0.307618,-0.003407,NA
1400_A/goose/Xinjiang/12.,A/goose/Xinjiang/12.18_WLMQXL003-C/2016_H5N8,-0.147898,-0.068322,0.313545,0.010062,NA
1401_A/goose/Xinjiang/12.,A/goose/Xinjiang/12.18_WLMQXL003-O/2016_H5N8,-0.147898,-0.068322,0.313545,0.010062,NA
1402_A/goose/Xinjiang/12.,A/goose/Xinjiang/12.18_WLMQXL004-C/2016_H5N8,-0.148388,-0.069768,0.314146,0.016773,NA
1403_A/goose/Xinjiang/12.,A/goose/Xinjiang/12.18_WLMQXL004-O/2016_H5N8,-0.147898,-0.068322,0.313545,0.010062,NA
1404_A/goose/Yangzhou/042,A/goose/Yangzhou/0420/2014_H5N8,-0.155872,-0.078092,0.319673,0.014179,NA
1405_A/goose/Yunlin/15040,A/goose/Yunlin/15040040/2015_H5N8,-0.141977,-0.034068,0.293905,0.002239,NA
1406_A/goose/Zhejiang/925,A/goose/Zhejiang/925037/2014_H5N8,-0.152984,-0.068562,0.325793,0.037515,NA
1407_A/goose/Zhejiang/925,A/goose/Zhejiang/925104/2014_H5N8,-0.161083,-0.066213,0.307383,0.036296,NA
1408_A/mallard/Shanghai/S,A/mallard/Shanghai/SH-9/2013_H5N8,-0.151127,-0.067735,0.343396,0.016893,NA
1409_A/swan/China/ST/2016,A/swan/China/ST/2016_H5N8,-0.141729,-0.058013,0.318635,0.009138,NA
1410_A/swan/Shandong/W376,A/swan/Shandong/W3762/2020_H5N8,-0.160198,-0.071697,0.340387,0.026464,NA
1411_A/turkey/Chiayi/1702,A/turkey/Chiayi/17020092-2/2017_H5N8,-0.143418,-0.016061,0.283147,0.006591,NA
1412_A/whooper_swan/Shanx,A/whooper_swan/Shanxi/RC01/2016_H5N8,-0.134584,-0.065881,0.320477,0.010563,NA
1413_A/wild_duck/Shandong,A/wild_duck/Shandong/W3580/2020_H5N8,-0.125832,-0.068694,0.294046,-0.020001,NA
1414_A/Anser_cygnoides/Hu,A/Anser_cygnoides/Hubei/FW44/2016,0.023226,0.073625,-0.126061,-0.243483,NP
1415_A/bar_headed_goose/T,A/bar_headed_goose/Tibet/T1707/2021,-0.018639,-0.003893,-0.099098,-0.267871,NP
1416_A/Bar-headed_Goose/Q,A/Bar-headed_Goose/Qinghai/A11/2016,0.059009,0.10576,-0.117512,-0.245997,NP
1417_A/Bar-headed_Goose/Q,A/Bar-headed_Goose/Qinghai/A13/2016,0.0369,0.104156,-0.116058,-0.254302,NP
1418_A/Bar-headed_Goose/Q,A/Bar-headed_Goose/Qinghai/a15/2016,0.026527,0.096809,-0.111152,-0.255772,NP
1419_A/Bar-headed_Goose/Q,A/Bar-headed_Goose/Qinghai/A16/2016,0.025506,0.0945,-0.109472,-0.259713,NP
1420_A/Bar-headed_Goose/Q,A/Bar-headed_Goose/Qinghai/A17/2016,0.026527,0.096809,-0.111152,-0.255772,NP
1421_A/Bar-headed_Goose/Q,A/Bar-headed_Goose/Qinghai/A19/2016,0.034881,0.102567,-0.115338,-0.252411,NP
1422_A/Bar-headed_Goose/Q,A/Bar-headed_Goose/Qinghai/A20/2016,0.025743,0.103411,-0.110314,-0.254825,NP
1423_A/Bar-headed_Goose/Q,A/Bar-headed_Goose/Qinghai/A22/2016,0.03747,0.093292,-0.118234,-0.255724,NP
1424_A/Bar-headed_Goose/Q,A/Bar-headed_Goose/Qinghai/A23/2016,0.026527,0.096809,-0.111152,-0.255772,NP
1425_A/Bar-headed_Goose/Q,A/Bar-headed_Goose/Qinghai/a24/2016,0.032639,0.10287,-0.112081,-0.244474,NP
1426_A/Bar-headed_Goose/Q,A/Bar-headed_Goose/Qinghai/a26/2016,0.035169,0.101329,-0.113934,-0.246659,NP
1427_A/Bar-headed_Goose/Q,A/Bar-headed_Goose/Qinghai/a27/2016,0.032639,0.10287,-0.112081,-0.244474,NP
1428_A/Bar-headed_Goose/Q,A/Bar-headed_Goose/Qinghai/a32/2016,0.032639,0.10287,-0.112081,-0.244474,NP
1429_A/Bar-headed_Goose/Q,A/Bar-headed_Goose/Qinghai/a43/2016,0.037563,0.099915,-0.10739,-0.244269,NP
1430_A/Bar-headed_Goose/Q,A/Bar-headed_Goose/Qinghai/a45/2016,0.0369,0.104156,-0.116058,-0.254302,NP
1431_A/Bar-headed_Goose/Q,A/Bar-headed_Goose/Qinghai/a61/2016,0.032639,0.10287,-0.112081,-0.244474,NP
1432_A/Bar-headed_Goose/Q,A/Bar-headed_Goose/Qinghai/a88/2016,0.038382,0.09289,-0.11972,-0.254386,NP
1433_A/Bar-headed_Goose/Q,A/Bar-headed_Goose/Qinghai/a91/2016,0.03224,0.095796,-0.114038,-0.245514,NP
1434_A/Bar-headed_Goose/Q,A/Bar-headed_Goose/Qinghai/a92/2016,0.0389,0.095142,-0.11781,-0.255946,NP
1435_A/Bar-headed_Goose/Q,A/Bar-headed_Goose/Qinghai/a93/2016,0.026527,0.096809,-0.111152,-0.255772,NP
1436_A/Bar-headed_Goose/Q,A/Bar-headed_Goose/Qinghai/a113/2016,0.0369,0.104156,-0.116058,-0.254302,NP
1437_A/Bar-headed_Goose/Q,A/Bar-headed_Goose/Qinghai/a114/2016,0.026527,0.096809,-0.111152,-0.255772,NP
1438_A/Bar-headed_Goose/Q,A/Bar-headed_Goose/Qinghai/a115/2016,0.058761,0.106824,-0.115787,-0.247338,NP
1439_A/Bar-headed_Goose/Q,A/Bar-headed_Goose/Qinghai/a210/2017,0.033543,0.036319,-0.099194,-0.246787,NP
1440_A/Bar-headed_Goose/Q,A/Bar-headed_Goose/Qinghai/a218/2017,0.0251,0.034406,-0.102815,-0.24858,NP
1441_A/Bar-headed_Goose/Q,A/Bar-headed_Goose/Qinghai/a237/2017,0.033543,0.036319,-0.099194,-0.246787,NP
1442_A/Bar-headed_Goose/Q,A/Bar-headed_Goose/Qinghai/a765/2017,0.033543,0.036319,-0.099194,-0.246787,NP
1443_A/Bar-headed_Goose/Q,A/Bar-headed_Goose/Qinghai/a893/2017,0.033543,0.036319,-0.099194,-0.246787,NP
1444_A/Bar-headed_Goose/Q,A/Bar-headed_Goose/Qinghai/B11/2016,0.0389,0.095142,-0.11781,-0.255946,NP
1445_A/Bar-headed_Goose/Q,A/Bar-headed_Goose/Qinghai/B12/2016,0.026527,0.096809,-0.111152,-0.255772,NP
1446_A/Bar-headed_Goose/Q,A/Bar-headed_Goose/Qinghai/B34/2016,0.026527,0.096809,-0.111152,-0.255772,NP
1447_A/Bar-headed_Goose/Q,A/Bar-headed_Goose/Qinghai/B44/2016,0.038475,0.101673,-0.114212,-0.250599,NP
1448_A/Bar-headed_Goose/Q,A/Bar-headed_Goose/Qinghai/B51/2016,0.026527,0.096809,-0.111152,-0.255772,NP
1449_A/Bar-headed_Goose/Q,A/Bar-headed_Goose/Qinghai/B54/2016,0.03747,0.093292,-0.118234,-0.255724,NP
1450_A/Bar-headed_Goose/Q,A/Bar-headed_Goose/Qinghai/B655/2017,0.0251,0.034406,-0.102815,-0.24858,NP
1451_A/Bar-headed_Goose/Q,A/Bar-headed_Goose/Qinghai/BTY1-B/2016,0.0389,0.095142,-0.11781,-0.255946,NP
1452_A/Bar-headed_Goose/Q,A/Bar-headed_Goose/Qinghai/BTY2-B/2016,0.028035,0.092958,-0.111325,-0.261898,NP
1453_A/Bar-headed_Goose/Q,A/Bar-headed_Goose/Qinghai/BTY2-LU/2016,0.026527,0.096809,-0.111152,-0.255772,NP
1454_A/Bar-headed_Goose/Q,A/Bar-headed_Goose/Qinghai/BTY3-B/2016,0.045531,0.089815,-0.120927,-0.25631,NP
1455_A/Bar-headed_Goose/Q,A/Bar-headed_Goose/Qinghai/BTY3-LU/2016,0.0389,0.095142,-0.11781,-0.255946,NP
1456_A/Bar-headed_Goose/Q,A/Bar-headed_Goose/Qinghai/BTY4-B/2016,0.0389,0.095142,-0.11781,-0.255946,NP
1457_A/Bar-headed_Goose/Q,A/Bar-headed_Goose/Qinghai/BTY4-LU/2016,0.038275,0.093674,-0.115072,-0.253572,NP
1458_A/Bar-headed_Goose/Q,A/Bar-headed_Goose/Qinghai/BTY5-B/2016,0.0389,0.095142,-0.11781,-0.255946,NP
1459_A/Bar-headed_Goose/Q,A/Bar-headed_Goose/Qinghai/BTY6-B/2016,0.027524,0.096089,-0.110191,-0.261604,NP
1460_A/Bar-headed_Goose/Q,A/Bar-headed_Goose/Qinghai/BTY6-LU/2016,0.028035,0.092958,-0.111325,-0.261898,NP
1461_A/Bar-headed_Goose/Q,A/Bar-headed_Goose/Qinghai/BTY7-B/2016,0.058761,0.106824,-0.115787,-0.247338,NP
1462_A/Bar-headed_Goose/Q,A/Bar-headed_Goose/Qinghai/BTY7-LU1/2016,0.058761,0.106824,-0.115787,-0.247338,NP
1463_A/Bar-headed_Goose/Q,A/Bar-headed_Goose/Qinghai/BTY7-LU2/2016,0.058761,0.106824,-0.115787,-0.247338,NP
1464_A/Bar-headed_Goose/Q,A/Bar-headed_Goose/Qinghai/BTY8-B/2016,0.031368,0.094817,-0.117826,-0.250879,NP
1465_A/Bar-headed_Goose/Q,A/Bar-headed_Goose/Qinghai/BTY8-LU/2016,0.033901,0.093763,-0.118521,-0.252098,NP
1466_A/Bar-headed_Goose/Q,A/Bar-headed_Goose/Qinghai/BTY9-B/2016,0.034764,0.094683,-0.11742,-0.255128,NP
1467_A/Bar-headed_Goose/Q,A/Bar-headed_Goose/Qinghai/BTY9-LU/2016,0.0389,0.095142,-0.11781,-0.255946,NP
1468_A/Bar-headed_Goose/Q,A/Bar-headed_Goose/Qinghai/BTY10-B/2016,0.029057,0.095267,-0.113005,-0.257957,NP
1469_A/Bar-headed_Goose/Q,A/Bar-headed_Goose/Qinghai/BTY10-LU/2016,0.022315,0.096438,-0.110784,-0.25487,NP
1470_A/Bar-headed_Goose/Q,A/Bar-headed_Goose/Qinghai/BTY11-B/2016,0.025743,0.103411,-0.110314,-0.254825,NP
1471_A/Bar-headed_Goose/Q,A/Bar-headed_Goose/Qinghai/BTY11-LU/2016,0.025743,0.103411,-0.110314,-0.254825,NP
1472_A/Bar-headed_Goose/Q,A/Bar-headed_Goose/Qinghai/BTY12-B/2016,0.0389,0.095142,-0.11781,-0.255946,NP
1473_A/Bar-headed_Goose/Q,A/Bar-headed_Goose/Qinghai/BTY12-LU/2016,0.0389,0.095142,-0.11781,-0.255946,NP
1474_A/Bar-headed_Goose/Q,A/Bar-headed_Goose/Qinghai/BTY13-B/2016,0.026527,0.096809,-0.111152,-0.255772,NP
1475_A/Bar-headed_Goose/Q,A/Bar-headed_Goose/Qinghai/BTY13-LU/2016,0.028826,0.090586,-0.111012,-0.25799,NP
1476_A/Bar-headed_Goose/Q,A/Bar-headed_Goose/Qinghai/BTY14-B/2016,0.029057,0.095267,-0.113005,-0.257957,NP
1477_A/Bar-headed_Goose/Q,A/Bar-headed_Goose/Qinghai/BTY14-LU/2016,0.026527,0.096809,-0.111152,-0.255772,NP
1478_A/Bar-headed_Goose/Q,A/Bar-headed_Goose/Qinghai/BTY15-B/2016,0.029057,0.095267,-0.113005,-0.257957,NP
1479_A/Bar-headed_Goose/Q,A/Bar-headed_Goose/Qinghai/BTY15-LU/2016,0.029057,0.095267,-0.113005,-0.257957,NP
1480_A/Bar-headed_Goose/Q,A/Bar-headed_Goose/Qinghai/BTY16-B/2016,0.058761,0.106824,-0.115787,-0.247338,NP
1481_A/Bar-headed_Goose/Q,A/Bar-headed_Goose/Qinghai/BTY16-LU/2016,0.058761,0.106824,-0.115787,-0.247338,NP
1482_A/Bar-headed_Goose/Q,A/Bar-headed_Goose/Qinghai/BTY17-B/2016,0.035092,0.102048,-0.110368,-0.249759,NP
1483_A/Bar-headed_Goose/Q,A/Bar-headed_Goose/Qinghai/BTY17-LU/2016,0.041334,0.096432,-0.117605,-0.255693,NP
1484_A/Bar-headed_Goose/Q,A/Bar-headed_Goose/Qinghai/BTY18-B/2016,0.028035,0.092958,-0.111325,-0.261898,NP
1485_A/Bar-headed_Goose/Q,A/Bar-headed_Goose/Qinghai/BTY18-LU/2016,0.026527,0.096809,-0.111152,-0.255772,NP
1486_A/Bar-headed_Goose/Q,A/Bar-headed_Goose/Qinghai/HDT001/2016,0.034881,0.102567,-0.115338,-0.252411,NP
1487_A/Bar-headed_Goose/Q,A/Bar-headed_Goose/Qinghai/p2/2016,0.032639,0.10287,-0.112081,-0.244474,NP
1488_A/Bar-headed_Goose/Q,A/Bar-headed_Goose/Qinghai/p9/2016,0.0389,0.095142,-0.11781,-0.255946,NP
1489_A/Bar-headed_Goose/Q,A/Bar-headed_Goose/Qinghai/p18/2016,0.0389,0.095142,-0.11781,-0.255946,NP
1490_A/Bar-headed_Goose/Q,A/Bar-headed_Goose/Qinghai/XX13/2016,0.026527,0.096809,-0.111152,-0.255772,NP
1491_A/Bar-headed_Goose/Q,A/Bar-headed_Goose/Qinghai/XX22/2016,0.016653,0.095246,-0.097127,-0.249988,NP
1492_A/Bar-headed_Goose/Q,A/Bar-headed_Goose/Qinghai/XX76/2016,0.032639,0.10287,-0.112081,-0.244474,NP
1493_A/Bar-headed_Goose/Q,A/Bar-headed_Goose/Qinghai/XX111/2016,0.022707,0.104012,-0.103681,-0.249596,NP
1494_A/Bar-headed_Goose/Q,A/Bar-headed_Goose/Qinghai/XX446/2016,0.03002,0.10644,-0.102702,-0.252104,NP
1495_A/Bar-headed_Goose/Q,A/Bar-headed_Goose/Qinghai/XX782/2016,0.026527,0.096809,-0.111152,-0.255772,NP
1496_A/Bar-headed_Goose/Q,A/Bar-headed_Goose/Qinghai/XXI122/2016,0.026527,0.096809,-0.111152,-0.255772,NP
1497_A/Bar-headed_Goose/T,A/Bar-headed_Goose/Tibet/XZ6/2021,-0.03395,0.000223,-0.086289,-0.257561,NP
1498_A/Bar-headed_Goose/T,A/Bar-headed_Goose/Tibet/XZ71/2021,-0.025448,0.000081,-0.090709,-0.259727,NP
1499_A/Bar-headed_Goose/T,A/Bar-headed_Goose/Tibet/XZ81/2021,-0.023429,0.00167,-0.091429,-0.261618,NP
1500_A/Bar-headed_Goose/T,A/Bar-headed_Goose/Tibet/XZ181/2021,-0.03395,0.000223,-0.086289,-0.257561,NP
1501_A/Bar-headed_Goose/T,A/Bar-headed_Goose/Tibet/XZQ5-1/2021,-0.023429,0.00167,-0.091429,-0.261618,NP
1502_A/Bar-headed_Goose/T,A/Bar-headed_Goose/Tibet/XZQ7/2021,-0.023429,0.00167,-0.091429,-0.261618,NP
1503_A/Bar-headed_Goose/T,A/Bar-headed_Goose/Tibet/XZQ8-1/2021,-0.023429,0.00167,-0.091429,-0.261618,NP
1504_A/Bar-headed_Goose/T,A/Bar-headed_Goose/Tibet/XZQ9-1/2021,-0.023429,0.00167,-0.091429,-0.261618,NP
1505_A/Bar-headed_Goose/T,A/Bar-headed_Goose/Tibet/XZQ10-1/2021,-0.023429,0.00167,-0.091429,-0.261618,NP
1506_A/Bar-headed_Goose/T,A/Bar-headed_Goose/Tibet/XZQ13-1/2021,-0.030232,-0.000802,-0.089251,-0.259654,NP
1507_A/Bar-headed_Goose/T,A/Bar-headed_Goose/Tibet/XZQ17-1/2021,-0.03395,0.000223,-0.086289,-0.257561,NP
1508_A/Bar-headed_Goose/T,A/Bar-headed_Goose/Tibet/XZQ18-1/2021,-0.03395,0.000223,-0.086289,-0.257561,NP
1509_A/bean_goose/Hubei/B,A/bean_goose/Hubei/BQ11/2020,-0.026609,-0.004798,-0.090944,-0.262073,NP
1510_A/Bean_Goose/Hubei/c,A/Bean_Goose/Hubei/chenhu__XVI311-2_/2016_H5N8,0.049885,0.079557,-0.127175,-0.259726,NP
1511_A/Bean_goose/Hubei/C,A/Bean_goose/Hubei/CH-i119/2017,0.0369,0.104156,-0.116058,-0.254302,NP
1512_A/Bean_goose/Hubei/C,A/Bean_goose/Hubei/CH-i122/2017_H5N8,0.032504,0.105293,-0.107563,-0.216623,NP
1513_A/Bean_goose/Hubei/C,A/Bean_goose/Hubei/CH-i320/2017_H5N8,0.033079,0.111359,-0.108586,-0.248126,NP
1514_A/black_swan/Beijing,A/black_swan/Beijing/1/2021,-0.01755,0.005509,-0.072473,-0.25807,NP
1515_A/black-backed_gull/,A/black-backed_gull/Shandong/SC189/2021,-0.015784,-0.003804,-0.077694,-0.259962,NP
1516_A/Brown-headed_Gull/,A/Brown-headed_Gull/Qinghai/ZTO1-B/2016,0.030105,0.105513,-0.10382,-0.262593,NP
1517_A/Brown-headed_Gull/,A/Brown-headed_Gull/Qinghai/ZTO1-LU/2016,0.029946,0.109979,-0.110623,-0.255591,NP
1518_A/Brown-headed_Gull/,A/Brown-headed_Gull/Qinghai/ZTO3-B/2016,0.029057,0.095267,-0.113005,-0.257957,NP
1519_A/Brown-headed_Gull/,A/Brown-headed_Gull/Qinghai/ZTO3-LU/2016,0.025506,0.0945,-0.109472,-0.259713,NP
1520_A/Brown-headed_Gull/,A/Brown-headed_Gull/Qinghai/ZTO4-B/2016,0.024334,0.093551,-0.108973,-0.258602,NP
1521_A/Brown-headed_Gull/,A/Brown-headed_Gull/Qinghai/ZTO5-B/2016,0.037878,0.092833,-0.116129,-0.259886,NP
1522_A/Brown-headed_Gull/,A/Brown-headed_Gull/Qinghai/ZTO5-K/2016,0.0389,0.095142,-0.11781,-0.255946,NP
1523_A/Brown-headed_Gull/,A/Brown-headed_Gull/Qinghai/ZTO6-MU/2016,0.026527,0.096809,-0.111152,-0.255772,NP
1524_A/Brown-headed_Gull/,A/Brown-headed_Gull/Qinghai/ZTO6-SP/2016,0.058761,0.106824,-0.115787,-0.247338,NP
1525_A/brown-headed_gull/,A/brown-headed_gull/Tibet/1-1/2021,-0.024176,0.003965,-0.091409,-0.265327,NP
1526_A/Brown-headed_Gull/,A/Brown-headed_Gull/Tibet/XZ19/2021,-0.03395,0.000223,-0.086289,-0.257561,NP
1527_A/Brown-headed_Gull/,A/Brown-headed_Gull/Tibet/XZQ15-2/2021,-0.024611,-0.008051,-0.089869,-0.258796,NP
1528_A/Brown-headed_Gull/,A/Brown-headed_Gull/Tibet/XZQ16-2/2021,-0.024397,-0.009139,-0.088892,-0.261528,NP
1529_A/chicken/Changhua/1,A/chicken/Changhua/15040036-1/2015,-0.032321,0.028856,-0.102988,-0.249138,NP
1530_A/chicken/Changhua/1,A/chicken/Changhua/15040037-2/2015,-0.024648,0.044899,-0.112266,-0.238092,NP
1531_A/chicken/Changhua/1,A/chicken/Changhua/15040042/2015,-0.020238,0.038466,-0.109084,-0.242376,NP
1532_A/chicken/Changhua/1,A/chicken/Changhua/15040043-1/2015,-0.020238,0.038466,-0.109084,-0.242376,NP
1533_A/chicken/Changhua/1,A/chicken/Changhua/15050038-1/2015,0.044928,0.074546,-0.107184,-0.248838,NP
1534_A/chicken/Changhua/1,A/chicken/Changhua/15060029/2015,0.050229,0.06627,-0.098204,-0.255235,NP
1535_A/chicken/Chiayi/150,A/chicken/Chiayi/15010454-1/2015,0.054832,0.075225,-0.117654,-0.261814,NP
1536_A/chicken/Kaohsiung/,A/chicken/Kaohsiung/16MB0889/2016,0.063024,0.088365,-0.10169,-0.219391,NP
1537_A/chicken/Kaohsiung/,A/chicken/Kaohsiung/16010047/2016,0.068344,0.08603,-0.104019,-0.22085,NP
1538_A/chicken/Kaohsiung/,A/chicken/Kaohsiung/16020017-2/2016,0.06624,0.080908,-0.10148,-0.22395,NP
1539_A/chicken/Kaohsiung/,A/chicken/Kaohsiung/16040021-1/2016,0.063024,0.088365,-0.10169,-0.219391,NP
1540_A/chicken/Kaohsiung/,A/chicken/Kaohsiung/16070003/2016,0.064221,0.097669,-0.108376,-0.216469,NP
1541_A/chicken/Kaohsiung/,A/chicken/Kaohsiung/16120012/2016,0.066989,0.089259,-0.102749,-0.217596,NP
1542_A/chicken/Kaohsiung/,A/chicken/Kaohsiung/17030023/2017,0.056215,0.092991,-0.110225,-0.217338,NP
1543_A/chicken/Miaoli/150,A/chicken/Miaoli/15010421-1/2015,-0.020238,0.038466,-0.109084,-0.242376,NP
1544_A/chicken/Nantou/161,A/chicken/Nantou/16110023-1/2016,0.068163,0.100205,-0.103326,-0.219569,NP
1545_A/chicken/New_Taipei,A/chicken/New_Taipei_City/16110019-1/2016,0.063649,0.089833,-0.104428,-0.221765,NP
1546_A/chicken/New_Taipei,A/chicken/New_Taipei_City/16110020-2/2016,0.061159,0.089428,-0.105342,-0.220077,NP
1547_A/chicken/New_Taipei,A/chicken/New_Taipei_City/17050004-2/2017,0.067394,0.080758,-0.10343,-0.208999,NP
1548_A/chicken/New_Taipei,A/chicken/New_Taipei_City/17090001/2017,0.063333,0.081019,-0.110018,-0.223503,NP
1549_A/chicken/New_Taipei,A/chicken/New_Taipei_City/17090002/2017,0.066122,0.073834,-0.105755,-0.228167,NP
1550_A/chicken/New_Taipei,A/chicken/New_Taipei_City/17090003/2017,0.064504,0.081969,-0.110517,-0.224614,NP
1551_A/chicken/Shandong/K,A/chicken/Shandong/KD02699/2013,-0.023148,0.074042,-0.108402,-0.203868,NP
1552_A/chicken/Taichung/1,A/chicken/Taichung/16110017-3/2016,0.054483,0.070386,-0.100682,-0.245774,NP
1553_A/chicken/Tainan/150,A/chicken/Tainan/15020214/2015,0.063811,0.084973,-0.100429,-0.219646,NP
1554_A/chicken/Tainan/170,A/chicken/Tainan/17030058-1/2017,0.061934,0.09213,-0.102779,-0.222345,NP
1555_A/chicken/Taipei_Cit,A/chicken/Taipei_City/17090004/2017,0.067402,0.085444,-0.105147,-0.228255,NP
1556_A/chicken/Taipei/160,A/chicken/Taipei/16060022-4/2016,0.065658,0.08957,-0.106084,-0.222633,NP
1557_A/chicken/Taipei/160,A/chicken/Taipei/16060023-1/2016,0.065658,0.08957,-0.106084,-0.222633,NP
1558_A/chicken/Taipei/161,A/chicken/Taipei/16120021/2016,0.050475,0.08667,-0.091702,-0.219455,NP
1559_A/chicken/Taipei/170,A/chicken/Taipei/17050005-1/2017,0.063213,0.084939,-0.107806,-0.219158,NP
1560_A/chicken/Taipei/170,A/chicken/Taipei/17050008-3/2017,0.061447,0.084211,-0.105309,-0.215769,NP
1561_A/chicken/Taipei/170,A/chicken/Taipei/17050009-3/2017,0.063501,0.086388,-0.106387,-0.221552,NP
1562_A/chicken/Taiwan/x37,A/chicken/Taiwan/x37/2016,0.068341,0.095351,-0.104675,-0.227345,NP
1563_A/chicken/Yunlin/150,A/chicken/Yunlin/15050012/2015,-0.020238,0.038466,-0.109084,-0.242376,NP
1564_A/chicken/Yunlin/160,A/chicken/Yunlin/16020038/2016,0.041391,0.07974,-0.102056,-0.252983,NP
1565_A/chicken/Yunlin/170,A/chicken/Yunlin/17010001/2017,0.055007,0.067137,-0.101441,-0.261408,NP
1566_A/Chlidonias_hybrida,A/Chlidonias_hybrida/Hubei/55/2020,-0.022212,-0.003835,-0.098139,-0.268884,NP
1567_A/common_coot/Shando,A/common_coot/Shandong/SC197/2021,-0.012124,0.00397,-0.07371,-0.251711,NP
1568_A/common_crane/Yunna,A/common_crane/Yunnan-Huize/27/2021(H5N8),-0.025694,-0.00433,-0.0975,-0.26422,NP
1569_A/common_pochard/Nin,A/common_pochard/Ningxia/243/2020,-0.034092,0.01649,-0.088072,-0.272604,NP
1570_A/common_teal/Ningxi,A/common_teal/Ningxia/105/2020,-0.028213,0.000787,-0.089971,-0.261545,NP
1571_A/common_teal/Ningxi,A/common_teal/Ningxia/181/2020,-0.034092,0.01649,-0.088072,-0.272604,NP
1572_A/common_teal/Ningxi,A/common_teal/Ningxia/189/2020,-0.039642,0.020705,-0.089222,-0.273986,NP
1573_A/common_teal/Ningxi,A/common_teal/Ningxia/237/2020,-0.035186,0.016917,-0.085907,-0.267798,NP
1574_A/common_teal/Ningxi,A/common_teal/Ningxia/245/2020,-0.034785,0.02909,-0.078796,-0.277478,NP
1575_A/common_teal/Ningxi,A/common_teal/Ningxia/253/2020,-0.034785,0.02909,-0.078796,-0.277478,NP
1576_A/common_teal/Shaanx,A/common_teal/Shaanxi/SXY1-1/2020,-0.028213,0.000787,-0.089971,-0.261545,NP
1577_A/Cygnus_atratus/Hub,A/Cygnus_atratus/Hubei/2Z2-O/2016,0.054074,0.096689,-0.105377,-0.234358,NP
1578_A/Cygnus_atratus/Hub,A/Cygnus_atratus/Hubei/HF-1/2016,0.049508,0.097863,-0.10418,-0.236392,NP
1579_A/Cygnus_columbianus,A/Cygnus_columbianus/Hubei/49/2020,-0.026081,-0.007104,-0.092795,-0.270376,NP
1580_A/Cygnus_columbianus,A/Cygnus_columbianus/Hubei/50/2020,-0.019916,-0.001975,-0.094618,-0.266212,NP
1581_A/Cygnus_columbianus,A/Cygnus_columbianus/Hubei/51/2020,-0.024614,-0.005238,-0.098096,-0.264594,NP
1582_A/Cygnus_columbianus,A/Cygnus_columbianus/Hubei/52/2020,-0.022212,-0.003835,-0.098139,-0.268884,NP
1583_A/Cygnus_columbianus,A/Cygnus_columbianus/Hubei/53/2020,-0.022212,-0.003835,-0.098139,-0.268884,NP
1584_A/Cygnus_columbianus,A/Cygnus_columbianus/Hubei/56/2020,-0.027247,-0.00488,-0.098254,-0.26526,NP
1585_A/Cygnus_columbianus,A/Cygnus_columbianus/Hubei/116/2020,-0.022212,-0.003835,-0.098139,-0.268884,NP
1586_A/duck/Chiayi/150800,A/duck/Chiayi/15080023/2015,0.049119,0.074647,-0.101549,-0.253856,NP
1587_A/duck/Eastern_China,A/duck/Eastern_China/JY/2014,-0.027979,0.077939,-0.084436,-0.216984,NP
1588_A/duck/Eastern_China,A/duck/Eastern_China/L0405/2010,-0.005501,0.083538,-0.095694,-0.226173,NP
1589_A/duck/Eastern_China,A/duck/Eastern_China/L0423/2011,-0.004765,0.080218,-0.097006,-0.226658,NP
1590_A/duck/Eastern_China,A/duck/Eastern_China/L0611/2011,-0.015144,0.082072,-0.084859,-0.200503,NP
1591_A/duck/Eastern_China,A/duck/Eastern_China/L0722/2012,-0.016244,0.071388,-0.105503,-0.223274,NP
1592_A/duck/Eastern_China,A/duck/Eastern_China/L1021/2012,-0.024703,0.071315,-0.092898,-0.214477,NP
1593_A/duck/Eastern_China,A/duck/Eastern_China/L1120/2012,-0.007968,0.044996,-0.08094,-0.213011,NP
1594_A/duck/Eastern_China,A/duck/Eastern_China/S0215/2014,-0.020961,0.079604,-0.085325,-0.214568,NP
1595_A/duck/Eastern_China,A/duck/Eastern_China/S1109/2014,-0.047653,0.08038,-0.065938,-0.190728,NP
1596_A/duck/Eastern_China,A/duck/Eastern_China/S1210/2013,-0.023865,0.067129,-0.082871,-0.216477,NP
1597_A/duck/Guangdong/KGZ,A/duck/Guangdong/KGZ15783/2021,-0.028959,0.001638,-0.086936,-0.245463,NP
1598_A/duck/Guangdong/KGZ,A/duck/Guangdong/KGZ16015/2021,-0.026676,-0.010251,-0.088837,-0.277974,NP
1599_A/duck/Guangdong/S12,A/duck/Guangdong/S1269/2021,-0.029096,-0.011605,-0.092713,-0.25054,NP
1600_A/duck/Guangdong/s14,A/duck/Guangdong/s14044/2014,-0.014752,0.055754,-0.073849,-0.176972,NP
1601_A/duck/Guangxi/S1009,A/duck/Guangxi/S10099/2021,-0.024165,-0.003448,-0.082041,-0.276391,NP
1602_A/duck/Guangxi/S1026,A/duck/Guangxi/S10263/2021,-0.026184,-0.005037,-0.081321,-0.2745,NP
1603_A/duck/Guangxi/S1104,A/duck/Guangxi/S11043/2021,-0.023917,-0.004512,-0.083765,-0.275051,NP
1604_A/duck/Guangxi/S2119,A/duck/Guangxi/S21194/2021,-0.024914,0.00051,-0.085383,-0.278523,NP
1605_A/duck/Hebei/S1070/2,A/duck/Hebei/S1070/2021,-0.013839,0.001562,-0.075906,-0.264113,NP
1606_A/duck/Henan/S1381/2,A/duck/Henan/S1381/2021,-0.014657,0.012448,-0.078509,-0.25757,NP
1607_A/duck/Hunan/11.30_Y,A/duck/Hunan/11.30_YYGK74E3-OC/2017,0.049589,0.094201,-0.106534,-0.236226,NP
1608_A/duck/Jiangxi/S1025,A/duck/Jiangxi/S10252/2021,-0.014173,0.003652,-0.077852,-0.258887,NP
1609_A/duck/Shandong/11.1,A/duck/Shandong/11.14_DL-DKd11/2013(H5N8),-0.025905,0.082281,-0.09164,-0.226877,NP
1610_A/duck/Shandong/11.1,A/duck/Shandong/11.14_RD/2013(H5N8),-0.025905,0.082281,-0.09164,-0.226877,NP
1611_A/duck/Shandong/Q1/2,A/duck/Shandong/Q1/2013,-0.038196,0.030464,-0.084878,-0.17774,NP
1612_A/duck/Tainan/150104,A/duck/Tainan/15010403/2015,0.054832,0.075225,-0.117654,-0.261814,NP
1613_A/duck/Taiwan/a068/2,A/duck/Taiwan/a068/2015,0.058233,0.083251,-0.095572,-0.209634,NP
1614_A/duck/Taiwan/A3400/,A/duck/Taiwan/A3400/2015,0.063214,0.086907,-0.099857,-0.222647,NP
1615_A/duck/Xinjiang/12.1,A/duck/Xinjiang/12.18_WLMQXL001-C/2016,0.029924,0.065993,-0.126212,-0.249618,NP
1616_A/duck/Yunlin/150102,A/duck/Yunlin/15010277/2015,-0.020452,0.0366,-0.110461,-0.243757,NP
1617_A/duck/Yunlin/150104,A/duck/Yunlin/15010458-1/2015,-0.020238,0.038466,-0.109084,-0.242376,NP
1618_A/duck/Zhejiang/6D18,A/duck/Zhejiang/6D18/2013,-0.038055,0.076413,-0.090303,-0.214747,NP
1619_A/duck/Zhejiang/9250,A/duck/Zhejiang/925019/2014,-0.010101,0.066621,-0.081971,-0.209252,NP
1620_A/duck/Zhejiang/9251,A/duck/Zhejiang/925169/2014,-0.001391,0.075745,-0.087053,-0.208828,NP
1621_A/duck/Zhejiang/W24/,A/duck/Zhejiang/W24/2013,-0.04249,0.097945,-0.076445,-0.204315,NP
1622_A/egret/Jiangsu/SD02,A/egret/Jiangsu/SD021/2021,-0.014046,0.002618,-0.076811,-0.261543,NP
1623_A/eurasian_eagle-owl,A/eurasian_eagle-owl/Henan/SMQ11/2020,-0.028213,0.000787,-0.089971,-0.261545,NP
1624_A/goose/Chiayi/15020,A/goose/Chiayi/15020022/2015,-0.019307,0.041488,-0.106915,-0.24418,NP
1625_A/goose/China/1/2021,A/goose/China/1/2021,-0.00873,-0.005364,-0.08189,-0.258119,NP
1626_A/goose/Eastern_Chin,A/goose/Eastern_China/CZ/2013,-0.033234,0.076415,-0.086347,-0.21421,NP
1627_A/goose/Eastern_Chin,A/goose/Eastern_China/L1204/2012,-0.012988,0.044808,-0.091607,-0.204662,NP
1628_A/goose/Eastern_Chin,A/goose/Eastern_China/L1214/2012,-0.003276,0.045118,-0.089317,-0.233734,NP
1629_A/goose/Eastern_Chin,A/goose/Eastern_China/S0408/2014,-0.036674,0.076288,-0.091887,-0.213214,NP
1630_A/goose/Guangdong/s1,A/goose/Guangdong/s13124/2013,-0.014752,0.055754,-0.073849,-0.176972,NP
1631_A/goose/Guangxi/S206,A/goose/Guangxi/S20601/2021,-0.031527,-0.005389,-0.077523,-0.283966,NP
1632_A/goose/Henan/S1315/,A/goose/Henan/S1315/2021,-0.015757,0.012479,-0.079527,-0.258137,NP
1633_A/goose/Hunan/S11288,A/goose/Hunan/S11288/2021,-0.028213,0.000787,-0.089971,-0.261545,NP
1634_A/goose/Jiangsu/QD5/,A/goose/Jiangsu/QD5/2014,-0.027184,0.076816,-0.08508,-0.211903,NP
1635_A/goose/Jiangsu/S138,A/goose/Jiangsu/S1385/2021,-0.030705,0.001376,-0.087089,-0.261785,NP
1636_A/goose/Liaoning/S12,A/goose/Liaoning/S1266/2021,-0.022233,0.001441,-0.077709,-0.264453,NP
1637_A/goose/Pingtung/150,A/goose/Pingtung/15050014/2015,0.06778,0.085733,-0.101054,-0.220613,NP
1638_A/goose/Pingtung/160,A/goose/Pingtung/16010061/2016,0.070367,0.08195,-0.093048,-0.20937,NP
1639_A/goose/Shandong/05.,A/goose/Shandong/05.23_AY-GS/2015(Mixed),-0.018316,0.069145,-0.096452,-0.221204,NP
1640_A/goose/Shandong/05.,A/goose/Shandong/05.23_DT-GS/2014(H5N8),-0.018316,0.069145,-0.096452,-0.221204,NP
1641_A/goose/Shandong/06.,A/goose/Shandong/06.14_HZ-GS/2014(Mixed),-0.013831,0.071633,-0.095295,-0.219336,NP
1642_A/goose/Shandong/12.,A/goose/Shandong/12.08_YG-GS/2014(H5N8),-0.048256,0.064932,-0.066827,-0.207454,NP
1643_A/Goose/Shandong/211,A/Goose/Shandong/21153-3/2021(H5N8),-0.013589,0.005839,-0.07188,-0.257539,NP
1644_A/goose/Shandong/GD-,A/goose/Shandong/GD-GS/2014(H5N8),-0.04079,0.080469,-0.099482,-0.229019,NP
1645_A/goose/Shandong/LQ0,A/goose/Shandong/LQ01694/2013,-0.026181,0.070783,-0.108269,-0.200284,NP
1646_A/goose/Tainan/16040,A/goose/Tainan/16040018-1/2016,0.063649,0.089833,-0.104428,-0.221765,NP
1647_A/goose/Tainan/16070,A/goose/Tainan/16070002/2016,0.064677,0.086891,-0.10322,-0.216737,NP
1648_A/goose/Taiwan/01019,A/goose/Taiwan/01019/2015,0.051656,0.072247,-0.117917,-0.260519,NP
1649_A/goose/Taiwan/01039,A/goose/Taiwan/01039/2015,-0.01374,0.037451,-0.10693,-0.249987,NP
1650_A/goose/Taiwan/a015/,A/goose/Taiwan/a015/2015,0.047104,0.07699,-0.101802,-0.259115,NP
1651_A/goose/Taiwan/TNC1/,A/goose/Taiwan/TNC1/2015,-0.024025,0.044821,-0.102386,-0.235692,NP
1652_A/goose/Taiwan/TNC3/,A/goose/Taiwan/TNC3/2015,-0.024239,0.042955,-0.103763,-0.237072,NP
1653_A/goose/Taiwan/TNC4/,A/goose/Taiwan/TNC4/2015,0.051816,0.081457,-0.110536,-0.256086,NP
1654_A/goose/Taiwan/TNC9/,A/goose/Taiwan/TNC9/2015,-0.024239,0.042955,-0.103763,-0.237072,NP
1655_A/goose/Taiwan/TNC10,A/goose/Taiwan/TNC10/2015,-0.024025,0.044821,-0.102386,-0.235692,NP
1656_A/goose/Taiwan/TNC12,A/goose/Taiwan/TNC12/2015,-0.024025,0.044821,-0.102386,-0.235692,NP
1657_A/goose/Taiwan/TNC14,A/goose/Taiwan/TNC14/2015,-0.024025,0.044821,-0.102386,-0.235692,NP
1658_A/goose/Taiwan/TNO3/,A/goose/Taiwan/TNO3/2015,-0.022573,0.037482,-0.100093,-0.252909,NP
1659_A/goose/Taiwan/TNO9/,A/goose/Taiwan/TNO9/2015,0.051816,0.081457,-0.110536,-0.256086,NP
1660_A/goose/Taiwan/TNO15,A/goose/Taiwan/TNO15/2015,0.051816,0.081457,-0.110536,-0.256086,NP
1661_A/goose/Taiwan/TNO17,A/goose/Taiwan/TNO17/2015,-0.024025,0.044821,-0.102386,-0.235692,NP
1662_A/goose/Taoyuan/1501,A/goose/Taoyuan/15010041/2015,-0.020238,0.038466,-0.109084,-0.242376,NP
1663_A/goose/Xinjiang/12.,A/goose/Xinjiang/12.18_WLMQXL003-C/2016,0.030549,0.067461,-0.12895,-0.251991,NP
1664_A/goose/Xinjiang/12.,A/goose/Xinjiang/12.18_WLMQXL003-O/2016,0.030549,0.067461,-0.12895,-0.251991,NP
1665_A/goose/Xinjiang/12.,A/goose/Xinjiang/12.18_WLMQXL004-C/2016,0.030549,0.067461,-0.12895,-0.251991,NP
1666_A/goose/Xinjiang/12.,A/goose/Xinjiang/12.18_WLMQXL004-O/2016,0.030549,0.067461,-0.12895,-0.251991,NP
1667_A/goose/Yangzhou/042,A/goose/Yangzhou/0420/2014,-0.046176,0.069486,-0.072326,-0.201702,NP
1668_A/goose/Yunlin/15040,A/goose/Yunlin/15040040/2015,0.047104,0.07699,-0.101802,-0.259115,NP
1669_A/goose/Zhejiang/925,A/goose/Zhejiang/925037/2014,0.038807,0.051728,-0.060209,-0.217218,NP
1670_A/goose/Zhejiang/925,A/goose/Zhejiang/925104/2014,-0.009373,0.069248,-0.089428,-0.20917,NP
1671_A/goose/Zhejiang/S12,A/goose/Zhejiang/S1266/2021,-0.00561,0.00273,-0.077639,-0.257292,NP
1672_A/Great_Black-headed,A/Great_Black-headed_Gull/Qinghai/YO1-B/2016,0.033901,0.093763,-0.118521,-0.252098,NP
1673_A/Great_Cormorant/Qi,A/Great_Cormorant/Qinghai/a51/2016,0.018091,0.099594,-0.10876,-0.247999,NP
1674_A/Great_Cormorant/Qi,A/Great_Cormorant/Qinghai/B82/2016,0.026527,0.096809,-0.111152,-0.255772,NP
1675_A/Great_Cormorant/Qi,A/Great_Cormorant/Qinghai/Y01/2016,0.025173,0.093896,-0.112508,-0.253055,NP
1676_A/Great_Crested_Greb,A/Great_Crested_Grebe/Qinghai/a737/2017,0.038845,0.033168,-0.096318,-0.246746,NP
1677_A/grebe/Ningxia/SD00,A/grebe/Ningxia/SD001/2021,-0.031588,-0.002491,-0.095473,-0.26407,NP
1678_A/grebe/Shaanxi/SD00,A/grebe/Shaanxi/SD001/2021,-0.030054,-0.007282,-0.096708,-0.264397,NP
1679_A/grebe/Shandong/SC1,A/grebe/Shandong/SC184/2021,-0.021223,0.010601,-0.075208,-0.266476,NP
1680_A/green-winged_teal/,A/green-winged_teal/Guangdong/SD004/2021,-0.031526,0.006315,-0.089608,-0.261761,NP
1681_A/Herring_Gull/Hubei,A/Herring_Gull/Hubei/CH-i149/2017_H5N8,0.0369,0.104156,-0.116058,-0.254302,NP
1682_A/mallard_duck/Shang,A/mallard_duck/Shanghai/SH-9/2013,-0.025748,0.0751,-0.084368,-0.213568,NP
1683_A/mallard/Ningxia/17,A/mallard/Ningxia/175/2020,-0.029235,0.024875,-0.077646,-0.276096,NP
1684_A/mallard/Ningxia/17,A/mallard/Ningxia/176/2020,-0.029235,0.024875,-0.077646,-0.276096,NP
1685_A/mallard/Ningxia/23,A/mallard/Ningxia/239/2020,-0.033746,0.02998,-0.057181,-0.265074,NP
1686_A/mallard/Ningxia/24,A/mallard/Ningxia/241/2020,-0.029483,0.025939,-0.075921,-0.277437,NP
1687_A/mallard/Ningxia/24,A/mallard/Ningxia/247/2020,-0.029483,0.025939,-0.075921,-0.277437,NP
1688_A/mallard/Ningxia/24,A/mallard/Ningxia/249/2020,-0.036095,0.030902,-0.074532,-0.275471,NP
1689_A/mute_swan/Inner_Mo,A/mute_swan/Inner_Mongolia/w2-1/2020,-0.028213,0.000787,-0.089971,-0.261545,NP
1690_A/mute_swan/Shandong,A/mute_swan/Shandong/1/2021,-0.028714,-0.001399,-0.087014,-0.256791,NP
1691_A/Peregrine_Falcon/H,A/Peregrine_Falcon/Hong_Kong/AFCD-HKU-21-013-27/2021,-0.019624,-0.008997,-0.089695,-0.282383,NP
1692_A/pheasant/Hebei/B02,A/pheasant/Hebei/B02/2021,-0.01017,0.001922,-0.07501,-0.258232,NP
1693_A/swan/China/ST/2016,A/swan/China/ST/2016,0.054537,0.101429,-0.103885,-0.236091,NP
1694_A/swan/Hebei/B01/202,A/swan/Hebei/B01/2021,-0.030256,0.013792,-0.08863,-0.261302,NP
1695_A/swan/Shandong/W376,A/swan/Shandong/W3762/2020,-0.010116,0.072038,-0.068944,-0.224102,NP
1696_A/tundra_swan/Hubei/,A/tundra_swan/Hubei/BQ3/2020,-0.030911,0.002432,-0.087994,-0.259214,NP
1697_A/tundra_swan/Hubei/,A/tundra_swan/Hubei/BQ4/2020,-0.029415,0.000356,-0.090439,-0.258393,NP
1698_A/tundra_swan/Hubei/,A/tundra_swan/Hubei/BQ6/2020,-0.027013,0.00176,-0.090482,-0.262683,NP
1699_A/tundra_swan/Hubei/,A/tundra_swan/Hubei/BQ7/2020,-0.027013,0.00176,-0.090482,-0.262683,NP
1700_A/tundra_swan/Hubei/,A/tundra_swan/Hubei/BQ8/2020,-0.027013,0.00176,-0.090482,-0.262683,NP
1701_A/tundra_swan/Hubei/,A/tundra_swan/Hubei/BQ9/2020,-0.027013,0.00176,-0.090482,-0.262683,NP
1702_A/turkey/Chiayi/1702,A/turkey/Chiayi/17020092-2/2017,0.059315,0.086784,-0.106037,-0.219369,NP
1703_A/whiskered_tern/Hub,A/whiskered_tern/Hubei/BQ10/2020,-0.027013,0.00176,-0.090482,-0.262683,NP
1704_A/whooper_swan/Henan,A/whooper_swan/Henan/SM1/2020,-0.027013,0.00176,-0.090482,-0.262683,NP
1705_A/whooper_swan/Henan,A/whooper_swan/Henan/SM16/2020,-0.03032,0.000139,-0.07617,-0.255741,NP
1706_A/whooper_swan/Henan,A/whooper_swan/Henan/SM31/2020,-0.03032,0.000139,-0.07617,-0.255741,NP
1707_A/whooper_swan/Henan,A/whooper_swan/Henan/SM61/2020,-0.023992,0.007228,-0.088801,-0.256446,NP
1708_A/whooper_swan/Henan,A/whooper_swan/Henan/SM76/2020,-0.027013,0.00176,-0.090482,-0.262683,NP
1709_A/whooper_swan/Henan,A/whooper_swan/Henan/SM86/2020,-0.025192,0.006255,-0.08829,-0.255308,NP
1710_A/whooper_swan/Henan,A/whooper_swan/Henan/SM111/2020,-0.027013,0.00176,-0.090482,-0.262683,NP
1711_A/whooper_swan/Henan,A/whooper_swan/Henan/SMQ5/2020,-0.023699,0.001744,-0.083349,-0.260294,NP
1712_A/whooper_swan/Henan,A/whooper_swan/Henan/SMQ7/2020,-0.024775,0.004826,-0.084614,-0.265561,NP
1713_A/whooper_swan/Henan,A/whooper_swan/Henan/SMQ9/2020,-0.028213,0.000787,-0.089971,-0.261545,NP
1714_A/whooper_swan/Henan,A/whooper_swan/Henan/SMQ10/2020,-0.028213,0.000787,-0.089971,-0.261545,NP
1715_A/whooper_swan/Inner,A/whooper_swan/Inner_Mongolia/w1-1/2020,-0.028213,0.000787,-0.089971,-0.261545,NP
1716_A/Whooper_Swan/Sanme,A/Whooper_Swan/Sanmenxia/01/2016,0.058883,0.090693,-0.113407,-0.242065,NP
1717_A/Whooper_swan/Sanme,A/Whooper_swan/Sanmenxia/G2/2020,-0.015583,-0.002087,-0.080736,-0.256585,NP
1718_A/Whooper_swan/Sanme,A/Whooper_swan/Sanmenxia/G13/2020,-0.032434,-0.004529,-0.08195,-0.27605,NP
1719_A/Whooper_swan/Sanme,A/Whooper_swan/Sanmenxia/G15/2020,-0.023412,-0.004807,-0.097628,-0.267746,NP
1720_A/Whooper_swan/Sanme,A/Whooper_swan/Sanmenxia/G28/2020,-0.032434,-0.004529,-0.08195,-0.27605,NP
1721_A/Whooper_swan/Sanme,A/Whooper_swan/Sanmenxia/H1/2020,-0.022212,-0.003835,-0.098139,-0.268884,NP
1722_A/Whooper_swan/Sanme,A/Whooper_swan/Sanmenxia/H735/2020,-0.015583,-0.002087,-0.080736,-0.256585,NP
1723_A/Whooper_swan/Sanme,A/Whooper_swan/Sanmenxia/H810/2020,-0.024742,-0.002293,-0.096286,-0.266699,NP
1724_A/Whooper_swan/Sanme,A/Whooper_swan/Sanmenxia/Y10/2020,-0.023412,-0.004807,-0.097628,-0.267746,NP
1725_A/Whooper_swan/Sanme,A/Whooper_swan/Sanmenxia/Y11/2020,-0.022212,-0.003835,-0.098139,-0.268884,NP
1726_A/Whooper_swan/Sanme,A/Whooper_swan/Sanmenxia/Y12/2020,-0.028272,-0.011078,-0.094064,-0.261731,NP
1727_A/Whooper_swan/Sanme,A/Whooper_swan/Sanmenxia/Y15/2020,-0.023412,-0.004807,-0.097628,-0.267746,NP
1728_A/Whooper_swan/Sanme,A/Whooper_swan/Sanmenxia/Y18/2020,-0.015583,-0.002087,-0.080736,-0.256585,NP
1729_A/Whooper_swan/Sanme,A/Whooper_swan/Sanmenxia/Y19/2020,-0.022212,-0.003835,-0.098139,-0.268884,NP
1730_A/Whooper_swan/Sanme,A/Whooper_swan/Sanmenxia/Y20/2020,-0.020116,-0.014378,-0.101986,-0.26243,NP
1731_A/Whooper_swan/Sanme,A/Whooper_swan/Sanmenxia/Y21/2020,-0.023412,-0.004807,-0.097628,-0.267746,NP
1732_A/Whooper_swan/Sanme,A/Whooper_swan/Sanmenxia/Y23-2/2020,-0.025336,-0.005532,-0.084262,-0.262127,NP
1733_A/Whooper_swan/Sanme,A/Whooper_swan/Sanmenxia/Y27/2020,-0.022212,-0.003835,-0.098139,-0.268884,NP
1734_A/Whooper_swan/Sanme,A/Whooper_swan/Sanmenxia/Y36/2020,-0.022212,-0.003835,-0.098139,-0.268884,NP
1735_A/Whooper_swan/Sanme,A/Whooper_swan/Sanmenxia/Y48A/2020,-0.017067,-0.034934,-0.080175,-0.262116,NP
1736_A/Whooper_swan/Sanme,A/Whooper_swan/Sanmenxia/Y48B/2020,-0.025336,-0.005532,-0.084262,-0.262127,NP
1737_A/Whooper_swan/Sanme,A/Whooper_swan/Sanmenxia/Y52/2020,-0.023412,-0.004807,-0.097628,-0.267746,NP
1738_A/Whooper_swan/Sanme,A/Whooper_swan/Sanmenxia/Y56/2020,-0.021493,-0.00541,-0.098601,-0.262349,NP
1739_A/Whooper_swan/Sanme,A/Whooper_swan/Sanmenxia/Y57/2020,-0.022212,-0.003835,-0.098139,-0.268884,NP
1740_A/whooper_swan/Shaan,A/whooper_swan/Shaanxi/SXY2-1/2020,-0.028213,0.000787,-0.089971,-0.261545,NP
1741_A/whooper_swan/Shaan,A/whooper_swan/Shaanxi/SXY26/2020,-0.027013,0.00176,-0.090482,-0.262683,NP
1742_A/whooper_swan/Shaan,A/whooper_swan/Shaanxi/SXY66/2020,-0.027013,0.00176,-0.090482,-0.262683,NP
1743_A/whooper_swan/Shand,A/whooper_swan/Shandong/SC176/2021,-0.011212,0.013867,-0.074978,-0.246122,NP
1744_A/whooper_swan/Shand,A/whooper_swan/Shandong/SC185/2021,-0.011212,0.013867,-0.074978,-0.246122,NP
1745_A/whooper_swan/Shand,A/whooper_swan/Shandong/SC188/2021,-0.011212,0.013867,-0.074978,-0.246122,NP
1746_A/whooper_swan/Shand,A/whooper_swan/Shandong/SC195/2021,-0.004112,0.069444,-0.057254,-0.216853,NP
1747_A/whooper_swan/Shand,A/whooper_swan/Shandong/SC198/2021,-0.013324,0.002997,-0.073199,-0.250573,NP
1748_A/whooper_swan/Shand,A/whooper_swan/Shandong/SC199/2021,-0.012124,0.00397,-0.07371,-0.251711,NP
1749_A/whooper_swan/Shand,A/whooper_swan/Shandong/SC200/2021,-0.012124,0.00397,-0.07371,-0.251711,NP
1750_A/whooper_swan/Shanx,A/whooper_swan/Shanxi/4-1/2020,-0.027013,0.00176,-0.090482,-0.262683,NP
1751_A/whooper_swan/Shanx,A/whooper_swan/Shanxi/4-2/2020,-0.027013,0.00176,-0.090482,-0.262683,NP
1752_A/whooper_swan/Shanx,A/whooper_swan/Shanxi/RC01/2016,0.057176,0.091245,-0.115895,-0.243967,NP
1753_A/whooper_swan/Shanx,A/whooper_swan/Shanxi/SX16/2020,-0.027013,0.00176,-0.090482,-0.262683,NP
1754_A/whooper_swan/Shanx,A/whooper_swan/Shanxi/SX31/2020,-0.026032,0.002991,-0.090229,-0.262801,NP
1755_A/whooper_swan/Shanx,A/whooper_swan/Shanxi/SX56/2020,-0.033528,0.008769,-0.084892,-0.264969,NP
1756_A/whooper_swan/Shanx,A/whooper_swan/Shanxi/SX106/2020,-0.027013,0.00176,-0.090482,-0.262683,NP
1757_A/whooper_swan/Shanx,A/whooper_swan/Shanxi/SX166/2020,-0.025192,0.006255,-0.08829,-0.255308,NP
1758_A/whooper_swan/Shanx,A/whooper_swan/Shanxi/SX206/2020,-0.025192,0.006255,-0.08829,-0.255308,NP
1759_A/whooper_swan/Shanx,A/whooper_swan/Shanxi/SX216/2020,-0.026268,0.009337,-0.089555,-0.260575,NP
1760_A/whooper_swan/Shanx,A/whooper_swan/Shanxi/SX231/2020,-0.022493,0.00461,-0.090266,-0.257638,NP
1761_A/whooper_swan/Shanx,A/whooper_swan/Shanxi/SX251/2020,-0.028213,0.000787,-0.089971,-0.261545,NP
1762_A/whooper_swan/Shanx,A/whooper_swan/Shanxi/SX276/2020,-0.029909,0.006311,-0.085594,-0.251086,NP
1763_A/whooper_swan/Shanx,A/whooper_swan/Shanxi/SX291/2020,-0.026392,0.005282,-0.087779,-0.25417,NP
1764_A/whooper_swan/Shanx,A/whooper_swan/Shanxi/SX346/2020,-0.027965,-0.000278,-0.091696,-0.260204,NP
1765_A/wild_bird/Hubei/12,A/wild_bird/Hubei/12.12_LGHF2W44/2016(H5N8),0.023709,0.0736,-0.127163,-0.245629,NP
1766_A/wild_duck/Jiangsu/,A/wild_duck/Jiangsu/SD019/2021,-0.014046,0.002618,-0.076811,-0.261543,NP
1767_A/wild_duck/Shandong,A/wild_duck/Shandong/SC177/2021,-0.015967,0.010045,-0.07892,-0.238876,NP
1768_A/wild_goose/Shandon,A/wild_goose/Shandong/SC196/2021,-0.012124,0.00397,-0.07371,-0.251711,NP
1769_A/Anser_cygnoides/Hu,A/Anser_cygnoides/Hubei/FW44/2016_H5N8,0.023226,0.073625,-0.126061,-0.243483,NP
1770_A/Chlidonias_hybrida,A/Chlidonias_hybrida/Hubei/55/2020_H5N8,-0.022212,-0.003835,-0.098139,-0.268884,NP
1771_A/Cygnus_atratus/Hub,A/Cygnus_atratus/Hubei/2Z2-O/2016_H5N8,0.054074,0.096689,-0.105377,-0.234358,NP
1772_A/Cygnus_atratus/Hub,A/Cygnus_atratus/Hubei/HF-1/2016_H5N8,0.049508,0.097863,-0.10418,-0.236392,NP
1773_A/Cygnus_columbianus,A/Cygnus_columbianus/Hubei/116/2020_H5N8,-0.022212,-0.003835,-0.098139,-0.268884,NP
1774_A/Cygnus_columbianus,A/Cygnus_columbianus/Hubei/49/2020_H5N8,-0.026081,-0.007104,-0.092795,-0.270376,NP
1775_A/Cygnus_columbianus,A/Cygnus_columbianus/Hubei/50/2020_H5N8,-0.019916,-0.001975,-0.094618,-0.266212,NP
1776_A/Cygnus_columbianus,A/Cygnus_columbianus/Hubei/51/2020_H5N8,-0.024614,-0.005238,-0.098096,-0.264594,NP
1777_A/Cygnus_columbianus,A/Cygnus_columbianus/Hubei/52/2020_H5N8,-0.022212,-0.003835,-0.098139,-0.268884,NP
1778_A/Cygnus_columbianus,A/Cygnus_columbianus/Hubei/53/2020_H5N8,-0.022212,-0.003835,-0.098139,-0.268884,NP
1779_A/Cygnus_columbianus,A/Cygnus_columbianus/Hubei/56/2020_H5N8,-0.027247,-0.00488,-0.098254,-0.26526,NP
1780_A/Whooper_Swan/Sanme,A/Whooper_Swan/Sanmenxia/01/2016_H5N8,0.058883,0.090693,-0.113407,-0.242065,NP
1781_A/Wild_bird/Huadong/,A/Wild_bird/Huadong/CIXI20/2020_H5N8,-0.014046,0.002618,-0.076811,-0.261543,NP
1782_A/chicken/Changhua/1,A/chicken/Changhua/15040036-1/2015_H5N8,-0.032321,0.028856,-0.102988,-0.249138,NP
1783_A/chicken/Changhua/1,A/chicken/Changhua/15040037-2/2015_H5N8,-0.024648,0.044899,-0.112266,-0.238092,NP
1784_A/chicken/Changhua/1,A/chicken/Changhua/15040042/2015_H5N8,-0.020238,0.038466,-0.109084,-0.242376,NP
1785_A/chicken/Changhua/1,A/chicken/Changhua/15040043-1/2015_H5N8,-0.020238,0.038466,-0.109084,-0.242376,NP
1786_A/chicken/Changhua/1,A/chicken/Changhua/15050038-1/2015_H5N8,0.044928,0.074546,-0.107184,-0.248838,NP
1787_A/chicken/Changhua/1,A/chicken/Changhua/15060029/2015_H5N8,0.050229,0.06627,-0.098204,-0.255235,NP
1788_A/chicken/Chiayi/150,A/chicken/Chiayi/15010454-1/2015_H5N8,0.054832,0.075225,-0.117654,-0.261814,NP
1789_A/chicken/Kaohsiung/,A/chicken/Kaohsiung/16010047/2016_H5N8,0.068344,0.08603,-0.104019,-0.22085,NP
1790_A/chicken/Kaohsiung/,A/chicken/Kaohsiung/16020017-2/2016_H5N8,0.06624,0.080908,-0.10148,-0.22395,NP
1791_A/chicken/Kaohsiung/,A/chicken/Kaohsiung/16040021-1/2016_H5N8,0.063024,0.088365,-0.10169,-0.219391,NP
1792_A/chicken/Kaohsiung/,A/chicken/Kaohsiung/16070003/2016_H5N8,0.064221,0.097669,-0.108376,-0.216469,NP
1793_A/chicken/Kaohsiung/,A/chicken/Kaohsiung/16120012/2016_H5N8,0.066989,0.089259,-0.102749,-0.217596,NP
1794_A/chicken/Kaohsiung/,A/chicken/Kaohsiung/16MB0889/2016_H5N8,0.063024,0.088365,-0.10169,-0.219391,NP
1795_A/chicken/Kaohsiung/,A/chicken/Kaohsiung/17030023/2017_H5N8,0.056215,0.092991,-0.110225,-0.217338,NP
1796_A/chicken/Miaoli/150,A/chicken/Miaoli/15010421-1/2015_H5N8,-0.020238,0.038466,-0.109084,-0.242376,NP
1797_A/chicken/Nantou/161,A/chicken/Nantou/16110023-1/2016_H5N8,0.068163,0.100205,-0.103326,-0.219569,NP
1798_A/chicken/New_Taipei,A/chicken/New_Taipei_City/16110019-1/2016_H5N8,0.063649,0.089833,-0.104428,-0.221765,NP
1799_A/chicken/New_Taipei,A/chicken/New_Taipei_City/16110020-2/2016_H5N8,0.061159,0.089428,-0.105342,-0.220077,NP
1800_A/chicken/New_Taipei,A/chicken/New_Taipei_City/17050004-2/2017_H5N8,0.067394,0.080758,-0.10343,-0.208999,NP
1801_A/chicken/New_Taipei,A/chicken/New_Taipei_City/17090001/2017_H5N8,0.063333,0.081019,-0.110018,-0.223503,NP
1802_A/chicken/New_Taipei,A/chicken/New_Taipei_City/17090002/2017_H5N8,0.066122,0.073834,-0.105755,-0.228167,NP
1803_A/chicken/New_Taipei,A/chicken/New_Taipei_City/17090003/2017_H5N8,0.064504,0.081969,-0.110517,-0.224614,NP
1804_A/chicken/Taichung/1,A/chicken/Taichung/16110017-3/2016_H5N8,0.054483,0.070386,-0.100682,-0.245774,NP
1805_A/chicken/Tainan/150,A/chicken/Tainan/15020214/2015_H5N8,0.063811,0.084973,-0.100429,-0.219646,NP
1806_A/chicken/Tainan/170,A/chicken/Tainan/17030058-1/2017_H5N8,0.061934,0.09213,-0.102779,-0.222345,NP
1807_A/chicken/Taipei_Cit,A/chicken/Taipei_City/17090004/2017_H5N8,0.067402,0.085444,-0.105147,-0.228255,NP
1808_A/chicken/Taipei/160,A/chicken/Taipei/16060022-4/2016_H5N8,0.065658,0.08957,-0.106084,-0.222633,NP
1809_A/chicken/Taipei/160,A/chicken/Taipei/16060023-1/2016_H5N8,0.065658,0.08957,-0.106084,-0.222633,NP
1810_A/chicken/Taipei/161,A/chicken/Taipei/16120021/2016_H5N8,0.050475,0.08667,-0.091702,-0.219455,NP
1811_A/chicken/Taipei/170,A/chicken/Taipei/17050005-1/2017_H5N8,0.063213,0.084939,-0.107806,-0.219158,NP
1812_A/chicken/Taipei/170,A/chicken/Taipei/17050008-3/2017_H5N8,0.061447,0.084211,-0.105309,-0.215769,NP
1813_A/chicken/Taipei/170,A/chicken/Taipei/17050009-3/2017_H5N8,0.063501,0.086388,-0.106387,-0.221552,NP
1814_A/chicken/Yunlin/150,A/chicken/Yunlin/15050012/2015_H5N8,-0.020238,0.038466,-0.109084,-0.242376,NP
1815_A/chicken/Yunlin/160,A/chicken/Yunlin/16020038/2016_H5N8,0.041391,0.07974,-0.102056,-0.252983,NP
1816_A/chicken/Yunlin/170,A/chicken/Yunlin/17010001/2017_H5N8,0.055007,0.067137,-0.101441,-0.261408,NP
1817_A/duck/Chiayi/150800,A/duck/Chiayi/15080023/2015_H5N8,0.049119,0.074647,-0.101549,-0.253856,NP
1818_A/duck/Eastern_China,A/duck/Eastern_China/JY/2014_H5N8,-0.027979,0.077939,-0.084436,-0.216984,NP
1819_A/duck/Eastern_China,A/duck/Eastern_China/L0405/2010_H5N8,-0.005501,0.083538,-0.095694,-0.226173,NP
1820_A/duck/Eastern_China,A/duck/Eastern_China/L0423/2011_H5N8,-0.004765,0.080218,-0.097006,-0.226658,NP
1821_A/duck/Eastern_China,A/duck/Eastern_China/L0611/2011_H5N8,-0.015144,0.082072,-0.084859,-0.200503,NP
1822_A/duck/Eastern_China,A/duck/Eastern_China/L0722/2012_H5N8,-0.016244,0.071388,-0.105503,-0.223274,NP
1823_A/duck/Eastern_China,A/duck/Eastern_China/L1021/2012_H5N8,-0.024703,0.071315,-0.092898,-0.214477,NP
1824_A/duck/Eastern_China,A/duck/Eastern_China/L1120/2012_H5N8,-0.007968,0.044996,-0.08094,-0.213011,NP
1825_A/duck/Eastern_China,A/duck/Eastern_China/S0215/2014_H5N8,-0.020961,0.079604,-0.085325,-0.214568,NP
1826_A/duck/Eastern_China,A/duck/Eastern_China/S1109/2014_H5N8,-0.047653,0.08038,-0.065938,-0.190728,NP
1827_A/duck/Eastern_China,A/duck/Eastern_China/S1210/2013_H5N8,-0.023865,0.067129,-0.082871,-0.216477,NP
1828_A/duck/Guangdong/s14,A/duck/Guangdong/s14044/2014_H5N8,-0.014752,0.055754,-0.073849,-0.176972,NP
1829_A/duck/Hunan/11.30_Y,A/duck/Hunan/11.30_YYGK74E3-OC/2017_H5N8,0.049589,0.094201,-0.106534,-0.236226,NP
1830_A/duck/Shandong/Q1/2,A/duck/Shandong/Q1/2013_H5N8,-0.038196,0.030464,-0.084878,-0.17774,NP
1831_A/duck/Tainan/150104,A/duck/Tainan/15010403/2015_H5N8,0.054832,0.075225,-0.117654,-0.261814,NP
1832_A/duck/Taiwan/A3400/,A/duck/Taiwan/A3400/2015_H5N8,0.063214,0.086907,-0.099857,-0.222647,NP
1833_A/duck/Xinjiang/12.1,A/duck/Xinjiang/12.18_WLMQXL001-C/2016_H5N8,0.029924,0.065993,-0.126212,-0.249618,NP
1834_A/duck/Yunlin/150102,A/duck/Yunlin/15010277/2015_H5N8,-0.020452,0.0366,-0.110461,-0.243757,NP
1835_A/duck/Yunlin/150104,A/duck/Yunlin/15010458-1/2015_H5N8,-0.020238,0.038466,-0.109084,-0.242376,NP
1836_A/duck/Zhejiang/6D18,A/duck/Zhejiang/6D18/2013_H5N8,-0.038055,0.076413,-0.090303,-0.214747,NP
1837_A/duck/Zhejiang/9250,A/duck/Zhejiang/925019/2014_H5N8,-0.010101,0.066621,-0.081971,-0.209252,NP
1838_A/duck/Zhejiang/9251,A/duck/Zhejiang/925169/2014_H5N8,-0.001391,0.075745,-0.087053,-0.208828,NP
1839_A/duck/Zhejiang/W24/,A/duck/Zhejiang/W24/2013_H5N8,-0.04249,0.097945,-0.076445,-0.204315,NP
1840_A/eurasian_coot/Shan,A/eurasian_coot/Shandong/W5611/2020_H5N8,-0.00754,0.00907,-0.0778,-0.249516,NP
1841_A/eurasian_coot/Shan,A/eurasian_coot/Shandong/W6137/2020_H5N8,-0.00754,0.00907,-0.0778,-0.249516,NP
1842_A/eurasian_coot/Shan,A/eurasian_coot/Shandong/W6143/2020_H5N8,-0.014046,0.002618,-0.076811,-0.261543,NP
1843_A/eurasian_coot/Shan,A/eurasian_coot/Shandong/W6150/2020_H5N8,-0.00754,0.00907,-0.0778,-0.249516,NP
1844_A/goose/Chiayi/15020,A/goose/Chiayi/15020022/2015_H5N8,-0.019307,0.041488,-0.106915,-0.24418,NP
1845_A/goose/China/1/2021,A/goose/China/1/2021_H5N8,-0.00873,-0.005364,-0.08189,-0.258119,NP
1846_A/goose/Eastern_Chin,A/goose/Eastern_China/CZ/2013_H5N8,-0.033234,0.076415,-0.086347,-0.21421,NP
1847_A/goose/Eastern_Chin,A/goose/Eastern_China/L1204/2012_H5N8,-0.012988,0.044808,-0.091607,-0.204662,NP
1848_A/goose/Eastern_Chin,A/goose/Eastern_China/L1214/2012_H5N8,-0.003276,0.045118,-0.089317,-0.233734,NP
1849_A/goose/Eastern_Chin,A/goose/Eastern_China/S0408/2014_H5N8,-0.036674,0.076288,-0.091887,-0.213214,NP
1850_A/goose/Guangdong/s1,A/goose/Guangdong/s13124/2013_H5N8,-0.014752,0.055754,-0.073849,-0.176972,NP
1851_A/goose/Hebei/HG12/2,A/goose/Hebei/HG12/2021_H5N8,-0.0106,-0.003318,-0.078213,-0.270314,NP
1852_A/goose/Jiangsu/QD5/,A/goose/Jiangsu/QD5/2014_H5N8,-0.027184,0.076816,-0.08508,-0.211903,NP
1853_A/goose/Pingtung/150,A/goose/Pingtung/15050014/2015_H5N8,0.06778,0.085733,-0.101054,-0.220613,NP
1854_A/goose/Pingtung/160,A/goose/Pingtung/16010061/2016_H5N8,0.070367,0.08195,-0.093048,-0.20937,NP
1855_A/goose/Tainan/16040,A/goose/Tainan/16040018-1/2016_H5N8,0.063649,0.089833,-0.104428,-0.221765,NP
1856_A/goose/Tainan/16070,A/goose/Tainan/16070002/2016_H5N8,0.064677,0.086891,-0.10322,-0.216737,NP
1857_A/goose/Taiwan/01019,A/goose/Taiwan/01019/2015_H5N8,0.051656,0.072247,-0.117917,-0.260519,NP
1858_A/goose/Taiwan/01039,A/goose/Taiwan/01039/2015_H5N8,-0.01374,0.037451,-0.10693,-0.249987,NP
1859_A/goose/Taiwan/TNC1/,A/goose/Taiwan/TNC1/2015_H5N8,-0.024025,0.044821,-0.102386,-0.235692,NP
1860_A/goose/Taiwan/TNC10,A/goose/Taiwan/TNC10/2015_H5N8,-0.024025,0.044821,-0.102386,-0.235692,NP
1861_A/goose/Taiwan/TNC11,A/goose/Taiwan/TNC11/2015_H5N8,0.051816,0.081457,-0.110536,-0.256086,NP
1862_A/goose/Taiwan/TNC12,A/goose/Taiwan/TNC12/2015_H5N8,-0.024025,0.044821,-0.102386,-0.235692,NP
1863_A/goose/Taiwan/TNC14,A/goose/Taiwan/TNC14/2015_H5N8,-0.024025,0.044821,-0.102386,-0.235692,NP
1864_A/goose/Taiwan/TNC3/,A/goose/Taiwan/TNC3/2015_H5N8,-0.024239,0.042955,-0.103763,-0.237072,NP
1865_A/goose/Taiwan/TNC7/,A/goose/Taiwan/TNC7/2015_H5N8,-0.024025,0.044821,-0.102386,-0.235692,NP
1866_A/goose/Taiwan/TNC9/,A/goose/Taiwan/TNC9/2015_H5N8,-0.024239,0.042955,-0.103763,-0.237072,NP
1867_A/goose/Taiwan/TNO15,A/goose/Taiwan/TNO15/2015_H5N8,0.051816,0.081457,-0.110536,-0.256086,NP
1868_A/goose/Taiwan/TNO3/,A/goose/Taiwan/TNO3/2015_H5N8,-0.022573,0.037482,-0.100093,-0.252909,NP
1869_A/goose/Taiwan/TNO9/,A/goose/Taiwan/TNO9/2015_H5N8,0.051816,0.081457,-0.110536,-0.256086,NP
1870_A/goose/Taoyuan/1501,A/goose/Taoyuan/15010041/2015_H5N8,-0.020238,0.038466,-0.109084,-0.242376,NP
1871_A/goose/Xinjiang/12.,A/goose/Xinjiang/12.18_WLMQXL003-C/2016_H5N8,0.030549,0.067461,-0.12895,-0.251991,NP
1872_A/goose/Xinjiang/12.,A/goose/Xinjiang/12.18_WLMQXL003-O/2016_H5N8,0.030549,0.067461,-0.12895,-0.251991,NP
1873_A/goose/Xinjiang/12.,A/goose/Xinjiang/12.18_WLMQXL004-C/2016_H5N8,0.030549,0.067461,-0.12895,-0.251991,NP
1874_A/goose/Xinjiang/12.,A/goose/Xinjiang/12.18_WLMQXL004-O/2016_H5N8,0.030549,0.067461,-0.12895,-0.251991,NP
1875_A/goose/Yangzhou/042,A/goose/Yangzhou/0420/2014_H5N8,-0.046176,0.069486,-0.072326,-0.201702,NP
1876_A/goose/Yunlin/15040,A/goose/Yunlin/15040040/2015_H5N8,0.047104,0.07699,-0.101802,-0.259115,NP
1877_A/goose/Zhejiang/925,A/goose/Zhejiang/925037/2014_H5N8,0.038807,0.051728,-0.060209,-0.217218,NP
1878_A/goose/Zhejiang/925,A/goose/Zhejiang/925104/2014_H5N8,-0.009373,0.069248,-0.089428,-0.20917,NP
1879_A/mallard/Shanghai/S,A/mallard/Shanghai/SH-9/2013_H5N8,-0.025748,0.0751,-0.084368,-0.213568,NP
1880_A/swan/China/ST/2016,A/swan/China/ST/2016_H5N8,0.054537,0.101429,-0.103885,-0.236091,NP
1881_A/swan/Shandong/W376,A/swan/Shandong/W3762/2020_H5N8,-0.010116,0.072038,-0.068944,-0.224102,NP
1882_A/turkey/Chiayi/1702,A/turkey/Chiayi/17020092-2/2017_H5N8,0.059315,0.086784,-0.106037,-0.219369,NP
1883_A/whooper_swan/Shanx,A/whooper_swan/Shanxi/RC01/2016_H5N8,0.057176,0.091245,-0.115895,-0.243967,NP
1884_A/wild_duck/Shandong,A/wild_duck/Shandong/W3580/2020_H5N8,-0.030664,0.001367,-0.089719,-0.257874,NP
1885_A/Anser_cygnoides/Hu,A/Anser_cygnoides/Hubei/FW44/2016,0.388718,0.192995,0.131127,0.03425,NS1
1886_A/bar_headed_goose/T,A/bar_headed_goose/Tibet/T1707/2021,0.476776,0.147613,0.112425,0.033195,NS1
1887_A/Bar-headed_Goose/Q,A/Bar-headed_Goose/Qinghai/A11/2016,0.422673,0.108442,0.152738,0.05211,NS1
1888_A/Bar-headed_Goose/Q,A/Bar-headed_Goose/Qinghai/A13/2016,0.422673,0.108442,0.152738,0.05211,NS1
1889_A/Bar-headed_Goose/Q,A/Bar-headed_Goose/Qinghai/a15/2016,0.421798,0.12073,0.148006,0.059156,NS1
1890_A/Bar-headed_Goose/Q,A/Bar-headed_Goose/Qinghai/A16/2016,0.412421,0.10621,0.151927,0.043318,NS1
1891_A/Bar-headed_Goose/Q,A/Bar-headed_Goose/Qinghai/A17/2016,0.422673,0.108442,0.152738,0.05211,NS1
1892_A/Bar-headed_Goose/Q,A/Bar-headed_Goose/Qinghai/A19/2016,0.422673,0.108442,0.152738,0.05211,NS1
1893_A/Bar-headed_Goose/Q,A/Bar-headed_Goose/Qinghai/A20/2016,0.422673,0.108442,0.152738,0.05211,NS1
1894_A/Bar-headed_Goose/Q,A/Bar-headed_Goose/Qinghai/A22/2016,0.40926,0.194399,0.105887,0.031212,NS1
1895_A/Bar-headed_Goose/Q,A/Bar-headed_Goose/Qinghai/A23/2016,0.422673,0.108442,0.152738,0.05211,NS1
1896_A/Bar-headed_Goose/Q,A/Bar-headed_Goose/Qinghai/a24/2016,0.422673,0.108442,0.152738,0.05211,NS1
1897_A/Bar-headed_Goose/Q,A/Bar-headed_Goose/Qinghai/a26/2016,0.422673,0.108442,0.152738,0.05211,NS1
1898_A/Bar-headed_Goose/Q,A/Bar-headed_Goose/Qinghai/a27/2016,0.422673,0.108442,0.152738,0.05211,NS1
1899_A/Bar-headed_Goose/Q,A/Bar-headed_Goose/Qinghai/a32/2016,0.422673,0.108442,0.152738,0.05211,NS1
1900_A/Bar-headed_Goose/Q,A/Bar-headed_Goose/Qinghai/a43/2016,0.421798,0.12073,0.148006,0.059156,NS1
1901_A/Bar-headed_Goose/Q,A/Bar-headed_Goose/Qinghai/a45/2016,0.422673,0.108442,0.152738,0.05211,NS1
1902_A/Bar-headed_Goose/Q,A/Bar-headed_Goose/Qinghai/a61/2016,0.389902,0.095313,0.115708,0.047962,NS1
1903_A/Bar-headed_Goose/Q,A/Bar-headed_Goose/Qinghai/a88/2016,0.40926,0.194399,0.105887,0.031212,NS1
1904_A/Bar-headed_Goose/Q,A/Bar-headed_Goose/Qinghai/a91/2016,0.40926,0.194399,0.105887,0.031212,NS1
1905_A/Bar-headed_Goose/Q,A/Bar-headed_Goose/Qinghai/a92/2016,0.408747,0.207241,0.101556,0.038306,NS1
1906_A/Bar-headed_Goose/Q,A/Bar-headed_Goose/Qinghai/a93/2016,0.422673,0.108442,0.152738,0.05211,NS1
1907_A/Bar-headed_Goose/Q,A/Bar-headed_Goose/Qinghai/a113/2016,0.422673,0.108442,0.152738,0.05211,NS1
1908_A/Bar-headed_Goose/Q,A/Bar-headed_Goose/Qinghai/a114/2016,0.422673,0.108442,0.152738,0.05211,NS1
1909_A/Bar-headed_Goose/Q,A/Bar-headed_Goose/Qinghai/a115/2016,0.421798,0.12073,0.148006,0.059156,NS1
1910_A/Bar-headed_Goose/Q,A/Bar-headed_Goose/Qinghai/a210/2017,0.381815,0.282704,0.060417,-0.00054,NS1
1911_A/Bar-headed_Goose/Q,A/Bar-headed_Goose/Qinghai/a218/2017,0.381815,0.282704,0.060417,-0.00054,NS1
1912_A/Bar-headed_Goose/Q,A/Bar-headed_Goose/Qinghai/a237/2017,0.37365,0.279535,0.045834,0.009819,NS1
1913_A/Bar-headed_Goose/Q,A/Bar-headed_Goose/Qinghai/a765/2017,0.381815,0.282704,0.060417,-0.00054,NS1
1914_A/Bar-headed_Goose/Q,A/Bar-headed_Goose/Qinghai/a893/2017,0.381815,0.282704,0.060417,-0.00054,NS1
1915_A/Bar-headed_Goose/Q,A/Bar-headed_Goose/Qinghai/B11/2016,0.40926,0.194399,0.105887,0.031212,NS1
1916_A/Bar-headed_Goose/Q,A/Bar-headed_Goose/Qinghai/B12/2016,0.422673,0.108442,0.152738,0.05211,NS1
1917_A/Bar-headed_Goose/Q,A/Bar-headed_Goose/Qinghai/B34/2016,0.422673,0.108442,0.152738,0.05211,NS1
1918_A/Bar-headed_Goose/Q,A/Bar-headed_Goose/Qinghai/B44/2016,0.422673,0.108442,0.152738,0.05211,NS1
1919_A/Bar-headed_Goose/Q,A/Bar-headed_Goose/Qinghai/B51/2016,0.422673,0.108442,0.152738,0.05211,NS1
1920_A/Bar-headed_Goose/Q,A/Bar-headed_Goose/Qinghai/B54/2016,0.408747,0.207241,0.101556,0.038306,NS1
1921_A/Bar-headed_Goose/Q,A/Bar-headed_Goose/Qinghai/B655/2017,0.381815,0.282704,0.060417,-0.00054,NS1
1922_A/Bar-headed_Goose/Q,A/Bar-headed_Goose/Qinghai/BTY1-B/2016,0.40926,0.194399,0.105887,0.031212,NS1
1923_A/Bar-headed_Goose/Q,A/Bar-headed_Goose/Qinghai/BTY2-B/2016,0.422673,0.108442,0.152738,0.05211,NS1
1924_A/Bar-headed_Goose/Q,A/Bar-headed_Goose/Qinghai/BTY2-LU/2016,0.422673,0.108442,0.152738,0.05211,NS1
1925_A/Bar-headed_Goose/Q,A/Bar-headed_Goose/Qinghai/BTY3-B/2016,0.40926,0.194399,0.105887,0.031212,NS1
1926_A/Bar-headed_Goose/Q,A/Bar-headed_Goose/Qinghai/BTY3-LU/2016,0.40926,0.194399,0.105887,0.031212,NS1
1927_A/Bar-headed_Goose/Q,A/Bar-headed_Goose/Qinghai/BTY4-B/2016,0.40926,0.194399,0.105887,0.031212,NS1
1928_A/Bar-headed_Goose/Q,A/Bar-headed_Goose/Qinghai/BTY4-LU/2016,0.40926,0.194399,0.105887,0.031212,NS1
1929_A/Bar-headed_Goose/Q,A/Bar-headed_Goose/Qinghai/BTY5-B/2016,0.40926,0.194399,0.105887,0.031212,NS1
1930_A/Bar-headed_Goose/Q,A/Bar-headed_Goose/Qinghai/BTY6-B/2016,0.424338,0.110306,0.159885,0.049493,NS1
1931_A/Bar-headed_Goose/Q,A/Bar-headed_Goose/Qinghai/BTY6-LU/2016,0.424338,0.110306,0.159885,0.049493,NS1
1932_A/Bar-headed_Goose/Q,A/Bar-headed_Goose/Qinghai/BTY7-B/2016,0.418669,0.116044,0.166038,0.058862,NS1
1933_A/Bar-headed_Goose/Q,A/Bar-headed_Goose/Qinghai/BTY7-LU1/2016,0.422673,0.108442,0.152738,0.05211,NS1
1934_A/Bar-headed_Goose/Q,A/Bar-headed_Goose/Qinghai/BTY7-LU2/2016,0.422673,0.108442,0.152738,0.05211,NS1
1935_A/Bar-headed_Goose/Q,A/Bar-headed_Goose/Qinghai/BTY8-B/2016,0.40926,0.194399,0.105887,0.031212,NS1
1936_A/Bar-headed_Goose/Q,A/Bar-headed_Goose/Qinghai/BTY8-LU/2016,0.40926,0.194399,0.105887,0.031212,NS1
1937_A/Bar-headed_Goose/Q,A/Bar-headed_Goose/Qinghai/BTY9-B/2016,0.40926,0.194399,0.105887,0.031212,NS1
1938_A/Bar-headed_Goose/Q,A/Bar-headed_Goose/Qinghai/BTY9-LU/2016,0.40926,0.194399,0.105887,0.031212,NS1
1939_A/Bar-headed_Goose/Q,A/Bar-headed_Goose/Qinghai/BTY10-B/2016,0.422673,0.108442,0.152738,0.05211,NS1
1940_A/Bar-headed_Goose/Q,A/Bar-headed_Goose/Qinghai/BTY10-LU/2016,0.422673,0.108442,0.152738,0.05211,NS1
1941_A/Bar-headed_Goose/Q,A/Bar-headed_Goose/Qinghai/BTY11-B/2016,0.41972,0.106858,0.149582,0.053779,NS1
1942_A/Bar-headed_Goose/Q,A/Bar-headed_Goose/Qinghai/BTY11-LU/2016,0.422673,0.108442,0.152738,0.05211,NS1
1943_A/Bar-headed_Goose/Q,A/Bar-headed_Goose/Qinghai/BTY12-B/2016,0.40926,0.194399,0.105887,0.031212,NS1
1944_A/Bar-headed_Goose/Q,A/Bar-headed_Goose/Qinghai/BTY12-LU/2016,0.40926,0.194399,0.105887,0.031212,NS1
1945_A/Bar-headed_Goose/Q,A/Bar-headed_Goose/Qinghai/BTY13-B/2016,0.422673,0.108442,0.152738,0.05211,NS1
1946_A/Bar-headed_Goose/Q,A/Bar-headed_Goose/Qinghai/BTY13-LU/2016,0.41972,0.106858,0.149582,0.053779,NS1
1947_A/Bar-headed_Goose/Q,A/Bar-headed_Goose/Qinghai/BTY14-B/2016,0.419334,0.106686,0.143493,0.058426,NS1
1948_A/Bar-headed_Goose/Q,A/Bar-headed_Goose/Qinghai/BTY14-LU/2016,0.445927,0.109185,0.125985,0.064484,NS1
1949_A/Bar-headed_Goose/Q,A/Bar-headed_Goose/Qinghai/BTY15-B/2016,0.417546,0.10907,0.161127,0.046905,NS1
1950_A/Bar-headed_Goose/Q,A/Bar-headed_Goose/Qinghai/BTY15-LU/2016,0.424338,0.110306,0.159885,0.049493,NS1
1951_A/Bar-headed_Goose/Q,A/Bar-headed_Goose/Qinghai/BTY16-B/2016,0.422673,0.108442,0.152738,0.05211,NS1
1952_A/Bar-headed_Goose/Q,A/Bar-headed_Goose/Qinghai/BTY16-LU/2016,0.422673,0.108442,0.152738,0.05211,NS1
1953_A/Bar-headed_Goose/Q,A/Bar-headed_Goose/Qinghai/BTY17-B/2016,0.40926,0.194399,0.105887,0.031212,NS1
1954_A/Bar-headed_Goose/Q,A/Bar-headed_Goose/Qinghai/BTY17-LU/2016,0.40926,0.194399,0.105887,0.031212,NS1
1955_A/Bar-headed_Goose/Q,A/Bar-headed_Goose/Qinghai/BTY18-B/2016,0.422673,0.108442,0.152738,0.05211,NS1
1956_A/Bar-headed_Goose/Q,A/Bar-headed_Goose/Qinghai/BTY18-LU/2016,0.422673,0.108442,0.152738,0.05211,NS1
1957_A/Bar-headed_Goose/Q,A/Bar-headed_Goose/Qinghai/HDT001/2016,0.422673,0.108442,0.152738,0.05211,NS1
1958_A/Bar-headed_Goose/Q,A/Bar-headed_Goose/Qinghai/p2/2016,0.421798,0.12073,0.148006,0.059156,NS1
1959_A/Bar-headed_Goose/Q,A/Bar-headed_Goose/Qinghai/p9/2016,0.40926,0.194399,0.105887,0.031212,NS1
1960_A/Bar-headed_Goose/Q,A/Bar-headed_Goose/Qinghai/p18/2016,0.40926,0.194399,0.105887,0.031212,NS1
1961_A/Bar-headed_Goose/Q,A/Bar-headed_Goose/Qinghai/XX13/2016,0.422673,0.108442,0.152738,0.05211,NS1
1962_A/Bar-headed_Goose/Q,A/Bar-headed_Goose/Qinghai/XX22/2016,0.422673,0.108442,0.152738,0.05211,NS1
1963_A/Bar-headed_Goose/Q,A/Bar-headed_Goose/Qinghai/XX76/2016,0.422673,0.108442,0.152738,0.05211,NS1
1964_A/Bar-headed_Goose/Q,A/Bar-headed_Goose/Qinghai/XX111/2016,0.422673,0.108442,0.152738,0.05211,NS1
1965_A/Bar-headed_Goose/Q,A/Bar-headed_Goose/Qinghai/XX446/2016,0.422673,0.108442,0.152738,0.05211,NS1
1966_A/Bar-headed_Goose/Q,A/Bar-headed_Goose/Qinghai/XX782/2016,0.422673,0.108442,0.152738,0.05211,NS1
1967_A/Bar-headed_Goose/Q,A/Bar-headed_Goose/Qinghai/XXI122/2016,0.422673,0.108442,0.152738,0.05211,NS1
1968_A/Bar-headed_Goose/T,A/Bar-headed_Goose/Tibet/XZ6/2021,0.479913,0.169562,0.121442,0.015314,NS1
1969_A/Bar-headed_Goose/T,A/Bar-headed_Goose/Tibet/XZ71/2021,0.476776,0.147613,0.112425,0.033195,NS1
1970_A/Bar-headed_Goose/T,A/Bar-headed_Goose/Tibet/XZ81/2021,0.467317,0.150753,0.130789,0.036218,NS1
1971_A/Bar-headed_Goose/T,A/Bar-headed_Goose/Tibet/XZ181/2021,0.476672,0.159854,0.122093,0.024258,NS1
1972_A/Bar-headed_Goose/T,A/Bar-headed_Goose/Tibet/XZQ5-1/2021,0.465866,0.161245,0.106822,0.037601,NS1
1973_A/Bar-headed_Goose/T,A/Bar-headed_Goose/Tibet/XZQ7/2021,0.465866,0.161245,0.106822,0.037601,NS1
1974_A/Bar-headed_Goose/T,A/Bar-headed_Goose/Tibet/XZQ8-1/2021,0.476776,0.147613,0.112425,0.033195,NS1
1975_A/Bar-headed_Goose/T,A/Bar-headed_Goose/Tibet/XZQ9-1/2021,0.476776,0.147613,0.112425,0.033195,NS1
1976_A/Bar-headed_Goose/T,A/Bar-headed_Goose/Tibet/XZQ10-1/2021,0.476776,0.147613,0.112425,0.033195,NS1
1977_A/Bar-headed_Goose/T,A/Bar-headed_Goose/Tibet/XZQ13-1/2021,0.488142,0.165276,0.121257,0.032047,NS1
1978_A/Bar-headed_Goose/T,A/Bar-headed_Goose/Tibet/XZQ17-1/2021,0.476672,0.159854,0.122093,0.024258,NS1
1979_A/Bar-headed_Goose/T,A/Bar-headed_Goose/Tibet/XZQ18-1/2021,0.476672,0.159854,0.122093,0.024258,NS1
1980_A/bean_goose/Hubei/B,A/bean_goose/Hubei/BQ11/2020,0.461765,0.17837,0.134701,0.043096,NS1
1981_A/Bean_Goose/Hubei/c,A/Bean_Goose/Hubei/chenhu__XVI311-2_/2016_H5N8,0.37987,0.18771,-0.036057,0.007449,NS1
1982_A/Bean_goose/Hubei/C,A/Bean_goose/Hubei/CH-i119/2017,0.422673,0.108442,0.152738,0.05211,NS1
1983_A/Bean_goose/Hubei/C,A/Bean_goose/Hubei/CH-i122/2017_H5N8,0.422673,0.108442,0.152738,0.05211,NS1
1984_A/Bean_goose/Hubei/C,A/Bean_goose/Hubei/CH-i320/2017_H5N8,0.422673,0.108442,0.152738,0.05211,NS1
1985_A/black_swan/Beijing,A/black_swan/Beijing/1/2021,0.470932,0.165533,0.149014,0.038597,NS1
1986_A/black-backed_gull/,A/black-backed_gull/Shandong/SC189/2021,0.469845,0.165946,0.144907,0.035172,NS1
1987_A/Brown-headed_Gull/,A/Brown-headed_Gull/Qinghai/ZTO1-B/2016,0.422673,0.108442,0.152738,0.05211,NS1
1988_A/Brown-headed_Gull/,A/Brown-headed_Gull/Qinghai/ZTO1-LU/2016,0.422673,0.108442,0.152738,0.05211,NS1
1989_A/Brown-headed_Gull/,A/Brown-headed_Gull/Qinghai/ZTO3-B/2016,0.422673,0.108442,0.152738,0.05211,NS1
1990_A/Brown-headed_Gull/,A/Brown-headed_Gull/Qinghai/ZTO3-LU/2016,0.422673,0.108442,0.152738,0.05211,NS1
1991_A/Brown-headed_Gull/,A/Brown-headed_Gull/Qinghai/ZTO4-B/2016,0.422673,0.108442,0.152738,0.05211,NS1
1992_A/Brown-headed_Gull/,A/Brown-headed_Gull/Qinghai/ZTO5-B/2016,0.40926,0.194399,0.105887,0.031212,NS1
1993_A/Brown-headed_Gull/,A/Brown-headed_Gull/Qinghai/ZTO5-K/2016,0.40926,0.194399,0.105887,0.031212,NS1
1994_A/Brown-headed_Gull/,A/Brown-headed_Gull/Qinghai/ZTO6-MU/2016,0.422673,0.108442,0.152738,0.05211,NS1
1995_A/Brown-headed_Gull/,A/Brown-headed_Gull/Qinghai/ZTO6-SP/2016,0.43185,0.106765,0.134447,0.050023,NS1
1996_A/brown-headed_gull/,A/brown-headed_gull/Tibet/1-1/2021,0.48447,0.163961,0.119825,0.041676,NS1
1997_A/Brown-headed_Gull/,A/Brown-headed_Gull/Tibet/XZ19/2021,0.476672,0.159854,0.122093,0.024258,NS1
1998_A/Brown-headed_Gull/,A/Brown-headed_Gull/Tibet/XZQ15-2/2021,0.483757,0.165673,0.117123,0.038307,NS1
1999_A/Brown-headed_Gull/,A/Brown-headed_Gull/Tibet/XZQ16-2/2021,0.483757,0.165673,0.117123,0.038307,NS1
2000_A/chicken/Changhua/1,A/chicken/Changhua/15040036-1/2015,0.378093,0.217641,-0.001771,-0.012578,NS1
2001_A/chicken/Changhua/1,A/chicken/Changhua/15040037-2/2015,0.369714,0.207832,0.002192,-0.033669,NS1
2002_A/chicken/Changhua/1,A/chicken/Changhua/15040042/2015,0.38294,0.198841,0.004886,-0.02651,NS1
2003_A/chicken/Changhua/1,A/chicken/Changhua/15040043-1/2015,0.374317,0.188108,-0.003449,-0.021337,NS1
2004_A/chicken/Changhua/1,A/chicken/Changhua/15050038-1/2015,0.385924,0.217176,0.006038,-0.027893,NS1
2005_A/chicken/Changhua/1,A/chicken/Changhua/15060029/2015,0.380866,0.211307,0.002226,-0.019105,NS1
2006_A/chicken/Chiayi/150,A/chicken/Chiayi/15010454-1/2015,0.381398,0.218825,-0.000482,-0.021244,NS1
2007_A/chicken/Kaohsiung/,A/chicken/Kaohsiung/16MB0889/2016,0.359411,0.219405,-0.066878,0.055895,NS1
2008_A/chicken/Kaohsiung/,A/chicken/Kaohsiung/16010047/2016,0.370898,0.213243,-0.037975,0.039128,NS1
2009_A/chicken/Kaohsiung/,A/chicken/Kaohsiung/16020017-2/2016,0.359621,0.218056,-0.053317,0.043939,NS1
2010_A/chicken/Kaohsiung/,A/chicken/Kaohsiung/16040021-1/2016,0.359411,0.219405,-0.066878,0.055895,NS1
2011_A/chicken/Kaohsiung/,A/chicken/Kaohsiung/16070003/2016,0.359656,0.210153,-0.06002,0.060658,NS1
2012_A/chicken/Kaohsiung/,A/chicken/Kaohsiung/16120012/2016,0.371052,0.115154,0.007078,0.070505,NS1
2013_A/chicken/Kaohsiung/,A/chicken/Kaohsiung/17030023/2017,0.343671,0.223746,-0.02875,0.051351,NS1
2014_A/chicken/Miaoli/150,A/chicken/Miaoli/15010421-1/2015,0.375272,0.222929,0.002523,-0.030486,NS1
2015_A/chicken/Nantou/161,A/chicken/Nantou/16110023-1/2016,0.357546,0.209732,-0.055656,0.051828,NS1
2016_A/chicken/New_Taipei,A/chicken/New_Taipei_City/16110019-1/2016,0.336813,0.208181,-0.049818,0.032831,NS1
2017_A/chicken/New_Taipei,A/chicken/New_Taipei_City/16110020-2/2016,0.33395,0.206676,-0.045655,0.031473,NS1
2018_A/chicken/New_Taipei,A/chicken/New_Taipei_City/17050004-2/2017,0.271849,0.275675,0.015819,-0.006324,NS1
2019_A/chicken/New_Taipei,A/chicken/New_Taipei_City/17090001/2017,0.279611,0.267207,-0.00221,-0.009509,NS1
2020_A/chicken/New_Taipei,A/chicken/New_Taipei_City/17090002/2017,0.26873,0.280897,0.020183,0.008266,NS1
2021_A/chicken/New_Taipei,A/chicken/New_Taipei_City/17090003/2017,0.273384,0.271003,0.002351,-0.00413,NS1
2022_A/chicken/Shandong/K,A/chicken/Shandong/KD02699/2013,0.34051,0.148261,-0.084072,0.090582,NS1
2023_A/chicken/Taichung/1,A/chicken/Taichung/16110017-3/2016,0.389491,0.105964,0.044142,0.043337,NS1
2024_A/chicken/Tainan/150,A/chicken/Tainan/15020214/2015,0.37928,0.213296,-0.057543,0.042142,NS1
2025_A/chicken/Tainan/170,A/chicken/Tainan/17030058-1/2017,0.35141,0.190816,-0.054456,0.033555,NS1
2026_A/chicken/Taipei_Cit,A/chicken/Taipei_City/17090004/2017,0.252354,0.257859,0.016787,-0.0238,NS1
2027_A/chicken/Taipei/160,A/chicken/Taipei/16060022-4/2016,0.350454,0.219711,-0.062437,0.060485,NS1
2028_A/chicken/Taipei/160,A/chicken/Taipei/16060023-1/2016,0.350454,0.219711,-0.062437,0.060485,NS1
2029_A/chicken/Taipei/161,A/chicken/Taipei/16120021/2016,0.366688,0.222175,-0.032075,0.056642,NS1
2030_A/chicken/Taipei/170,A/chicken/Taipei/17050005-1/2017,0.271803,0.268674,0.004988,0.003023,NS1
2031_A/chicken/Taipei/170,A/chicken/Taipei/17050008-3/2017,0.274114,0.270934,0.002709,-0.008176,NS1
2032_A/chicken/Taipei/170,A/chicken/Taipei/17050009-3/2017,0.261811,0.272413,0.017373,-0.008164,NS1
2033_A/chicken/Taiwan/x37,A/chicken/Taiwan/x37/2016,0.346811,0.213693,-0.043042,0.042152,NS1
2034_A/chicken/Yunlin/150,A/chicken/Yunlin/15050012/2015,0.368986,0.213441,0.002064,-0.017234,NS1
2035_A/chicken/Yunlin/160,A/chicken/Yunlin/16020038/2016,0.377304,0.22173,0.001242,-0.033611,NS1
2036_A/chicken/Yunlin/170,A/chicken/Yunlin/17010001/2017,0.41516,0.116593,0.032401,0.051659,NS1
2037_A/Chlidonias_hybrida,A/Chlidonias_hybrida/Hubei/55/2020,0.485638,0.165998,0.118515,0.040257,NS1
2038_A/common_coot/Shando,A/common_coot/Shandong/SC197/2021,0.462049,0.181893,0.149423,0.03288,NS1
2039_A/common_crane/Yunna,A/common_crane/Yunnan-Huize/27/2021(H5N8),0.473683,0.165598,0.140509,0.039429,NS1
2040_A/common_pochard/Nin,A/common_pochard/Ningxia/243/2020,0.355155,0.180773,0.075197,0.057063,NS1
2041_A/common_teal/Ningxi,A/common_teal/Ningxia/105/2020,0.483143,0.162458,0.122145,0.036406,NS1
2042_A/common_teal/Ningxi,A/common_teal/Ningxia/181/2020,0.343103,0.176822,0.078297,0.067858,NS1
2043_A/common_teal/Ningxi,A/common_teal/Ningxia/189/2020,0.355155,0.180773,0.075197,0.057063,NS1
2044_A/common_teal/Ningxi,A/common_teal/Ningxia/237/2020,0.355155,0.180773,0.075197,0.057063,NS1
2045_A/common_teal/Ningxi,A/common_teal/Ningxia/245/2020,0.355155,0.180773,0.075197,0.057063,NS1
2046_A/common_teal/Ningxi,A/common_teal/Ningxia/253/2020,0.355155,0.180773,0.075197,0.057063,NS1
2047_A/common_teal/Shaanx,A/common_teal/Shaanxi/SXY1-1/2020,0.471224,0.17523,0.116337,0.040073,NS1
2048_A/Cygnus_atratus/Hub,A/Cygnus_atratus/Hubei/2Z2-O/2016,0.408639,0.186591,0.129918,0.020842,NS1
2049_A/Cygnus_atratus/Hub,A/Cygnus_atratus/Hubei/HF-1/2016,0.408639,0.186591,0.129918,0.020842,NS1
2050_A/Cygnus_columbianus,A/Cygnus_columbianus/Hubei/49/2020,0.485638,0.165998,0.118515,0.040257,NS1
2051_A/Cygnus_columbianus,A/Cygnus_columbianus/Hubei/50/2020,0.473683,0.165598,0.140509,0.039429,NS1
2052_A/Cygnus_columbianus,A/Cygnus_columbianus/Hubei/51/2020,0.483143,0.162458,0.122145,0.036406,NS1
2053_A/Cygnus_columbianus,A/Cygnus_columbianus/Hubei/52/2020,0.485638,0.165998,0.118515,0.040257,NS1
2054_A/Cygnus_columbianus,A/Cygnus_columbianus/Hubei/53/2020,0.485638,0.165998,0.118515,0.040257,NS1
2055_A/Cygnus_columbianus,A/Cygnus_columbianus/Hubei/56/2020,0.485638,0.165998,0.118515,0.040257,NS1
2056_A/Cygnus_columbianus,A/Cygnus_columbianus/Hubei/116/2020,0.487362,0.168023,0.116371,0.046987,NS1
2057_A/duck/Chiayi/150800,A/duck/Chiayi/15080023/2015,0.381906,0.215819,0.002016,-0.026951,NS1
2058_A/duck/Eastern_China,A/duck/Eastern_China/JY/2014,0.411341,0.264037,0.130169,0.007357,NS1
2059_A/duck/Eastern_China,A/duck/Eastern_China/L0405/2010,0.350663,0.144844,-0.08612,0.070651,NS1
2060_A/duck/Eastern_China,A/duck/Eastern_China/L0423/2011,0.350663,0.144844,-0.08612,0.070651,NS1
2061_A/duck/Eastern_China,A/duck/Eastern_China/L0611/2011,0.341063,0.140015,-0.085312,0.0637,NS1
2062_A/duck/Eastern_China,A/duck/Eastern_China/L0722/2012,0.365353,0.131597,-0.089369,0.05958,NS1
2063_A/duck/Eastern_China,A/duck/Eastern_China/L1021/2012,0.335909,0.140672,-0.074477,0.093624,NS1
2064_A/duck/Eastern_China,A/duck/Eastern_China/L1120/2012,0.349773,0.130726,-0.072008,0.074856,NS1
2065_A/duck/Eastern_China,A/duck/Eastern_China/S0215/2014,0.403311,0.297448,0.082432,0.010654,NS1
2066_A/duck/Eastern_China,A/duck/Eastern_China/S1109/2014,0.423028,0.208231,0.120614,0.009099,NS1
2067_A/duck/Eastern_China,A/duck/Eastern_China/S1210/2013,0.412446,0.315519,0.073433,-0.006395,NS1
2068_A/duck/Guangdong/KGZ,A/duck/Guangdong/KGZ15783/2021,0.440781,0.18873,0.090479,0.040139,NS1
2069_A/duck/Guangdong/KGZ,A/duck/Guangdong/KGZ16015/2021,0.323002,0.157813,-0.043113,-0.015106,NS1
2070_A/duck/Guangdong/S12,A/duck/Guangdong/S1269/2021,0.483143,0.162458,0.122145,0.036406,NS1
2071_A/duck/Guangdong/s14,A/duck/Guangdong/s14044/2014,0.339176,0.148332,-0.079356,0.107081,NS1
2072_A/duck/Guangxi/S1009,A/duck/Guangxi/S10099/2021,0.483143,0.162458,0.122145,0.036406,NS1
2073_A/duck/Guangxi/S1026,A/duck/Guangxi/S10263/2021,0.483143,0.162458,0.122145,0.036406,NS1
2074_A/duck/Guangxi/S1104,A/duck/Guangxi/S11043/2021,0.483143,0.162458,0.122145,0.036406,NS1
2075_A/duck/Guangxi/S2119,A/duck/Guangxi/S21194/2021,0.483143,0.162458,0.122145,0.036406,NS1
2076_A/duck/Hebei/S1070/2,A/duck/Hebei/S1070/2021,0.469845,0.165946,0.144907,0.035172,NS1
2077_A/duck/Henan/S1381/2,A/duck/Henan/S1381/2021,0.469845,0.165946,0.144907,0.035172,NS1
2078_A/duck/Hunan/11.30_Y,A/duck/Hunan/11.30_YYGK74E3-OC/2017,0.411423,0.186318,0.114918,0.025154,NS1
2079_A/duck/Jiangxi/S1025,A/duck/Jiangxi/S10252/2021,0.467081,0.155315,0.143984,0.04691,NS1
2080_A/duck/Shandong/11.1,A/duck/Shandong/11.14_DL-DKd11/2013(H5N8),0.393949,0.304958,0.055445,0.002673,NS1
2081_A/duck/Shandong/11.1,A/duck/Shandong/11.14_RD/2013(H5N8),0.393949,0.304958,0.055445,0.002673,NS1
2082_A/duck/Shandong/Q1/2,A/duck/Shandong/Q1/2013,0.34378,0.145547,-0.080515,0.083286,NS1
2083_A/duck/Tainan/150104,A/duck/Tainan/15010403/2015,0.381398,0.218825,-0.000482,-0.021244,NS1
2084_A/duck/Taiwan/a068/2,A/duck/Taiwan/a068/2015,0.378798,0.215369,-0.054184,0.039532,NS1
2085_A/duck/Taiwan/A3400/,A/duck/Taiwan/A3400/2015,0.378798,0.215369,-0.054184,0.039532,NS1
2086_A/duck/Xinjiang/12.1,A/duck/Xinjiang/12.18_WLMQXL001-C/2016,0.390828,0.197944,0.143866,0.007961,NS1
2087_A/duck/Yunlin/150102,A/duck/Yunlin/15010277/2015,0.381398,0.218825,-0.000482,-0.021244,NS1
2088_A/duck/Yunlin/150104,A/duck/Yunlin/15010458-1/2015,0.382654,0.215229,0.000994,-0.015099,NS1
2089_A/duck/Zhejiang/6D18,A/duck/Zhejiang/6D18/2013,0.406447,0.304981,0.072619,0.023883,NS1
2090_A/duck/Zhejiang/9250,A/duck/Zhejiang/925019/2014,0.407822,0.284829,0.063268,0.040781,NS1
2091_A/duck/Zhejiang/9251,A/duck/Zhejiang/925169/2014,0.391586,0.291646,0.062867,0.021216,NS1
2092_A/duck/Zhejiang/W24/,A/duck/Zhejiang/W24/2013,0.398385,0.306829,0.085105,0.007039,NS1
2093_A/egret/Jiangsu/SD02,A/egret/Jiangsu/SD021/2021,0.475216,0.178413,0.137685,0.035535,NS1
2094_A/eurasian_eagle-owl,A/eurasian_eagle-owl/Henan/SMQ11/2020,0.471224,0.17523,0.116337,0.040073,NS1
2095_A/goose/Chiayi/15020,A/goose/Chiayi/15020022/2015,0.381398,0.218825,-0.000482,-0.021244,NS1
2096_A/goose/China/1/2021,A/goose/China/1/2021,0.469845,0.165946,0.144907,0.035172,NS1
2097_A/goose/Eastern_Chin,A/goose/Eastern_China/CZ/2013,0.386196,0.295427,0.087993,-0.004906,NS1
2098_A/goose/Eastern_Chin,A/goose/Eastern_China/L1204/2012,0.34863,0.149076,-0.075176,0.082272,NS1
2099_A/goose/Eastern_Chin,A/goose/Eastern_China/L1214/2012,0.344473,0.214819,0.020331,-0.031714,NS1
2100_A/goose/Eastern_Chin,A/goose/Eastern_China/S0408/2014,0.383278,0.31743,0.079524,0.008054,NS1
2101_A/goose/Guangdong/s1,A/goose/Guangdong/s13124/2013,0.339176,0.148332,-0.079356,0.107081,NS1
2102_A/goose/Guangxi/S206,A/goose/Guangxi/S20601/2021,0.482249,0.150325,0.115524,0.047423,NS1
2103_A/goose/Henan/S1315/,A/goose/Henan/S1315/2021,0.440351,0.127603,0.098575,0.043309,NS1
2104_A/goose/Hunan/S11288,A/goose/Hunan/S11288/2021,0.47046,0.161099,0.150657,0.042724,NS1
2105_A/goose/Jiangsu/QD5/,A/goose/Jiangsu/QD5/2014,0.407844,0.30369,0.066741,0.004016,NS1
2106_A/goose/Jiangsu/S138,A/goose/Jiangsu/S1385/2021,0.466108,0.166383,0.147999,0.03674,NS1
2107_A/goose/Liaoning/S12,A/goose/Liaoning/S1266/2021,0.46872,0.163303,0.149835,0.039445,NS1
2108_A/goose/Pingtung/150,A/goose/Pingtung/15050014/2015,0.36957,0.217847,-0.061356,0.035851,NS1
2109_A/goose/Pingtung/160,A/goose/Pingtung/16010061/2016,0.363781,0.211771,-0.051556,0.043662,NS1
2110_A/goose/Shandong/05.,A/goose/Shandong/05.23_AY-GS/2015(Mixed),0.407905,0.303771,0.074959,0.012545,NS1
2111_A/goose/Shandong/05.,A/goose/Shandong/05.23_DT-GS/2014(H5N8),0.409988,0.302533,0.076089,0.012561,NS1
2112_A/goose/Shandong/06.,A/goose/Shandong/06.14_HZ-GS/2014(Mixed),0.404059,0.300622,0.068352,0.007606,NS1
2113_A/goose/Shandong/12.,A/goose/Shandong/12.08_YG-GS/2014(H5N8),0.405094,0.166808,0.107125,-0.001441,NS1
2114_A/Goose/Shandong/211,A/Goose/Shandong/21153-3/2021(H5N8),0.464564,0.174987,0.134554,0.044235,NS1
2115_A/goose/Shandong/GD-,A/goose/Shandong/GD-GS/2014(H5N8),0.388122,0.301307,0.097424,0.00571,NS1
2116_A/goose/Shandong/LQ0,A/goose/Shandong/LQ01694/2013,0.34051,0.148261,-0.084072,0.090582,NS1
2117_A/goose/Tainan/16040,A/goose/Tainan/16040018-1/2016,0.364054,0.220761,-0.065157,0.049673,NS1
2118_A/goose/Tainan/16070,A/goose/Tainan/16070002/2016,0.364516,0.218199,-0.064849,0.05332,NS1
2119_A/goose/Taiwan/01019,A/goose/Taiwan/01019/2015,0.381398,0.218825,-0.000482,-0.021244,NS1
2120_A/goose/Taiwan/01039,A/goose/Taiwan/01039/2015,0.380792,0.216905,0.00101,-0.026327,NS1
2121_A/goose/Taiwan/a015/,A/goose/Taiwan/a015/2015,0.381398,0.218825,-0.000482,-0.021244,NS1
2122_A/goose/Taiwan/TNC1/,A/goose/Taiwan/TNC1/2015,0.381398,0.218825,-0.000482,-0.021244,NS1
2123_A/goose/Taiwan/TNC3/,A/goose/Taiwan/TNC3/2015,0.379499,0.220841,0.000151,-0.025866,NS1
2124_A/goose/Taiwan/TNC4/,A/goose/Taiwan/TNC4/2015,0.381398,0.218825,-0.000482,-0.021244,NS1
2125_A/goose/Taiwan/TNC9/,A/goose/Taiwan/TNC9/2015,0.381398,0.218825,-0.000482,-0.021244,NS1
2126_A/goose/Taiwan/TNC10,A/goose/Taiwan/TNC10/2015,0.381398,0.218825,-0.000482,-0.021244,NS1
2127_A/goose/Taiwan/TNC12,A/goose/Taiwan/TNC12/2015,0.381398,0.218825,-0.000482,-0.021244,NS1
2128_A/goose/Taiwan/TNC14,A/goose/Taiwan/TNC14/2015,0.381398,0.218825,-0.000482,-0.021244,NS1
2129_A/goose/Taiwan/TNO3/,A/goose/Taiwan/TNO3/2015,0.372016,0.21447,0.000506,-0.027878,NS1
2130_A/goose/Taiwan/TNO9/,A/goose/Taiwan/TNO9/2015,0.381398,0.218825,-0.000482,-0.021244,NS1
2131_A/goose/Taiwan/TNO15,A/goose/Taiwan/TNO15/2015,0.381398,0.218825,-0.000482,-0.021244,NS1
2132_A/goose/Taiwan/TNO17,A/goose/Taiwan/TNO17/2015,0.381398,0.218825,-0.000482,-0.021244,NS1
2133_A/goose/Taoyuan/1501,A/goose/Taoyuan/15010041/2015,0.375272,0.222929,0.002523,-0.030486,NS1
2134_A/goose/Xinjiang/12.,A/goose/Xinjiang/12.18_WLMQXL003-C/2016,0.390828,0.197944,0.143866,0.007961,NS1
2135_A/goose/Xinjiang/12.,A/goose/Xinjiang/12.18_WLMQXL003-O/2016,0.390828,0.197944,0.143866,0.007961,NS1
2136_A/goose/Xinjiang/12.,A/goose/Xinjiang/12.18_WLMQXL004-C/2016,0.390828,0.197944,0.143866,0.007961,NS1
2137_A/goose/Xinjiang/12.,A/goose/Xinjiang/12.18_WLMQXL004-O/2016,0.390828,0.197944,0.143866,0.007961,NS1
2138_A/goose/Yangzhou/042,A/goose/Yangzhou/0420/2014,0.429563,0.212929,0.123727,0.009961,NS1
2139_A/goose/Yunlin/15040,A/goose/Yunlin/15040040/2015,0.381906,0.215819,0.002016,-0.026951,NS1
2140_A/goose/Zhejiang/925,A/goose/Zhejiang/925037/2014,0.423306,0.296696,0.058341,0.035567,NS1
2141_A/goose/Zhejiang/925,A/goose/Zhejiang/925104/2014,0.41134,0.300828,0.056032,0.024579,NS1
2142_A/goose/Zhejiang/S12,A/goose/Zhejiang/S1266/2021,0.474205,0.165436,0.1413,0.033343,NS1
2143_A/Great_Black-headed,A/Great_Black-headed_Gull/Qinghai/YO1-B/2016,0.40926,0.194399,0.105887,0.031212,NS1
2144_A/Great_Cormorant/Qi,A/Great_Cormorant/Qinghai/a51/2016,0.422673,0.108442,0.152738,0.05211,NS1
2145_A/Great_Cormorant/Qi,A/Great_Cormorant/Qinghai/B82/2016,0.419334,0.106686,0.143493,0.058426,NS1
2146_A/Great_Cormorant/Qi,A/Great_Cormorant/Qinghai/Y01/2016,0.422673,0.108442,0.152738,0.05211,NS1
2147_A/Great_Crested_Greb,A/Great_Crested_Grebe/Qinghai/a737/2017,0.381815,0.282704,0.060417,-0.00054,NS1
2148_A/grebe/Ningxia/SD00,A/grebe/Ningxia/SD001/2021,0.47587,0.1439,0.099783,0.02897,NS1
2149_A/grebe/Shaanxi/SD00,A/grebe/Shaanxi/SD001/2021,0.47587,0.1439,0.099783,0.02897,NS1
2150_A/grebe/Shandong/SC1,A/grebe/Shandong/SC184/2021,0.46771,0.165861,0.141231,0.035182,NS1
2151_A/green-winged_teal/,A/green-winged_teal/Guangdong/SD004/2021,0.46119,0.164562,0.127984,0.031782,NS1
2152_A/Herring_Gull/Hubei,A/Herring_Gull/Hubei/CH-i149/2017_H5N8,0.435677,0.111226,0.155234,0.050704,NS1
2153_A/mallard_duck/Shang,A/mallard_duck/Shanghai/SH-9/2013,0.407744,0.304176,0.068992,0.016075,NS1
2154_A/mallard/Ningxia/17,A/mallard/Ningxia/175/2020,0.355155,0.180773,0.075197,0.057063,NS1
2155_A/mallard/Ningxia/17,A/mallard/Ningxia/176/2020,0.355155,0.180773,0.075197,0.057063,NS1
2156_A/mallard/Ningxia/23,A/mallard/Ningxia/239/2020,0.355155,0.180773,0.075197,0.057063,NS1
2157_A/mallard/Ningxia/24,A/mallard/Ningxia/241/2020,0.355155,0.180773,0.075197,0.057063,NS1
2158_A/mallard/Ningxia/24,A/mallard/Ningxia/247/2020,0.337988,0.184971,0.075072,0.067766,NS1
2159_A/mallard/Ningxia/24,A/mallard/Ningxia/249/2020,0.355155,0.180773,0.075197,0.057063,NS1
2160_A/mute_swan/Inner_Mo,A/mute_swan/Inner_Mongolia/w2-1/2020,0.471224,0.17523,0.116337,0.040073,NS1
2161_A/mute_swan/Shandong,A/mute_swan/Shandong/1/2021,0.466026,0.127771,0.094245,0.030414,NS1
2162_A/Peregrine_Falcon/H,A/Peregrine_Falcon/Hong_Kong/AFCD-HKU-21-013-27/2021,0.483143,0.162458,0.122145,0.036406,NS1
2163_A/pheasant/Hebei/B02,A/pheasant/Hebei/B02/2021,0.464673,0.18957,0.154089,0.045408,NS1
2164_A/swan/China/ST/2016,A/swan/China/ST/2016,0.402795,0.181991,0.132001,0.026316,NS1
2165_A/swan/Hebei/B01/202,A/swan/Hebei/B01/2021,0.485553,0.163803,0.092266,0.056502,NS1
2166_A/swan/Shandong/W376,A/swan/Shandong/W3762/2020,0.351607,0.180201,0.077164,0.054633,NS1
2167_A/tundra_swan/Hubei/,A/tundra_swan/Hubei/BQ3/2020,0.461765,0.17837,0.134701,0.043096,NS1
2168_A/tundra_swan/Hubei/,A/tundra_swan/Hubei/BQ4/2020,0.483143,0.162458,0.122145,0.036406,NS1
2169_A/tundra_swan/Hubei/,A/tundra_swan/Hubei/BQ6/2020,0.485638,0.165998,0.118515,0.040257,NS1
2170_A/tundra_swan/Hubei/,A/tundra_swan/Hubei/BQ7/2020,0.504675,0.075619,0.170872,0.057145,NS1
2171_A/tundra_swan/Hubei/,A/tundra_swan/Hubei/BQ8/2020,0.485638,0.165998,0.118515,0.040257,NS1
2172_A/tundra_swan/Hubei/,A/tundra_swan/Hubei/BQ9/2020,0.487362,0.168023,0.116371,0.046987,NS1
2173_A/turkey/Chiayi/1702,A/turkey/Chiayi/17020092-2/2017,0.342512,0.215884,-0.048708,0.043151,NS1
2174_A/whiskered_tern/Hub,A/whiskered_tern/Hubei/BQ10/2020,0.47372,0.17877,0.112707,0.043925,NS1
2175_A/whooper_swan/Henan,A/whooper_swan/Henan/SM1/2020,0.485638,0.165998,0.118515,0.040257,NS1
2176_A/whooper_swan/Henan,A/whooper_swan/Henan/SM16/2020,0.464986,0.183301,0.107747,0.04696,NS1
2177_A/whooper_swan/Henan,A/whooper_swan/Henan/SM31/2020,0.475514,0.171041,0.113035,0.043217,NS1
2178_A/whooper_swan/Henan,A/whooper_swan/Henan/SM61/2020,0.483143,0.162458,0.122145,0.036406,NS1
2179_A/whooper_swan/Henan,A/whooper_swan/Henan/SM76/2020,0.485638,0.165998,0.118515,0.040257,NS1
2180_A/whooper_swan/Henan,A/whooper_swan/Henan/SM86/2020,0.468383,0.17698,0.118343,0.034886,NS1
2181_A/whooper_swan/Henan,A/whooper_swan/Henan/SM111/2020,0.47372,0.17877,0.112707,0.043925,NS1
2182_A/whooper_swan/Henan,A/whooper_swan/Henan/SMQ5/2020,0.46426,0.18191,0.131071,0.046947,NS1
2183_A/whooper_swan/Henan,A/whooper_swan/Henan/SMQ7/2020,0.485638,0.165998,0.118515,0.040257,NS1
2184_A/whooper_swan/Henan,A/whooper_swan/Henan/SMQ9/2020,0.461765,0.17837,0.134701,0.043096,NS1
2185_A/whooper_swan/Henan,A/whooper_swan/Henan/SMQ10/2020,0.483143,0.162458,0.122145,0.036406,NS1
2186_A/whooper_swan/Inner,A/whooper_swan/Inner_Mongolia/w1-1/2020,0.483143,0.162458,0.122145,0.036406,NS1
2187_A/Whooper_Swan/Sanme,A/Whooper_Swan/Sanmenxia/01/2016,0.408639,0.186591,0.129918,0.020842,NS1
2188_A/Whooper_swan/Sanme,A/Whooper_swan/Sanmenxia/G2/2020,0.468338,0.170261,0.143136,0.027797,NS1
2189_A/Whooper_swan/Sanme,A/Whooper_swan/Sanmenxia/G13/2020,0.47311,0.16806,0.144498,0.036329,NS1
2190_A/Whooper_swan/Sanme,A/Whooper_swan/Sanmenxia/G15/2020,0.483143,0.162458,0.122145,0.036406,NS1
2191_A/Whooper_swan/Sanme,A/Whooper_swan/Sanmenxia/G28/2020,0.47311,0.16806,0.144498,0.036329,NS1
2192_A/Whooper_swan/Sanme,A/Whooper_swan/Sanmenxia/H1/2020,0.485638,0.165998,0.118515,0.040257,NS1
2193_A/Whooper_swan/Sanme,A/Whooper_swan/Sanmenxia/H735/2020,0.468338,0.170261,0.143136,0.027797,NS1
2194_A/Whooper_swan/Sanme,A/Whooper_swan/Sanmenxia/H810/2020,0.485638,0.165998,0.118515,0.040257,NS1
2195_A/Whooper_swan/Sanme,A/Whooper_swan/Sanmenxia/Y10/2020,0.489311,0.167314,0.119947,0.030628,NS1
2196_A/Whooper_swan/Sanme,A/Whooper_swan/Sanmenxia/Y11/2020,0.485638,0.165998,0.118515,0.040257,NS1
2197_A/Whooper_swan/Sanme,A/Whooper_swan/Sanmenxia/Y12/2020,0.469845,0.165946,0.144907,0.035172,NS1
2198_A/Whooper_swan/Sanme,A/Whooper_swan/Sanmenxia/Y15/2020,0.483143,0.162458,0.122145,0.036406,NS1
2199_A/Whooper_swan/Sanme,A/Whooper_swan/Sanmenxia/Y18/2020,0.468338,0.170261,0.143136,0.027797,NS1
2200_A/Whooper_swan/Sanme,A/Whooper_swan/Sanmenxia/Y19/2020,0.491865,0.162203,0.113954,0.034879,NS1
2201_A/Whooper_swan/Sanme,A/Whooper_swan/Sanmenxia/Y20/2020,0.483143,0.162458,0.122145,0.036406,NS1
2202_A/Whooper_swan/Sanme,A/Whooper_swan/Sanmenxia/Y21/2020,0.489311,0.167314,0.119947,0.030628,NS1
2203_A/Whooper_swan/Sanme,A/Whooper_swan/Sanmenxia/Y23-2/2020,0.475514,0.171041,0.113035,0.043217,NS1
2204_A/Whooper_swan/Sanme,A/Whooper_swan/Sanmenxia/Y27/2020,0.483284,0.16457,0.120791,0.039708,NS1
2205_A/Whooper_swan/Sanme,A/Whooper_swan/Sanmenxia/Y36/2020,0.475514,0.171041,0.113035,0.043217,NS1
2206_A/Whooper_swan/Sanme,A/Whooper_swan/Sanmenxia/Y48A/2020,0.476949,0.14597,0.093408,0.039516,NS1
2207_A/Whooper_swan/Sanme,A/Whooper_swan/Sanmenxia/Y48B/2020,0.475514,0.171041,0.113035,0.043217,NS1
2208_A/Whooper_swan/Sanme,A/Whooper_swan/Sanmenxia/Y52/2020,0.483143,0.162458,0.122145,0.036406,NS1
2209_A/Whooper_swan/Sanme,A/Whooper_swan/Sanmenxia/Y56/2020,0.473683,0.165598,0.140509,0.039429,NS1
2210_A/Whooper_swan/Sanme,A/Whooper_swan/Sanmenxia/Y57/2020,0.485638,0.165998,0.118515,0.040257,NS1
2211_A/whooper_swan/Shaan,A/whooper_swan/Shaanxi/SXY2-1/2020,0.471224,0.17523,0.116337,0.040073,NS1
2212_A/whooper_swan/Shaan,A/whooper_swan/Shaanxi/SXY26/2020,0.47372,0.17877,0.112707,0.043925,NS1
2213_A/whooper_swan/Shaan,A/whooper_swan/Shaanxi/SXY66/2020,0.47372,0.17877,0.112707,0.043925,NS1
2214_A/whooper_swan/Shand,A/whooper_swan/Shandong/SC176/2021,0.469845,0.165946,0.144907,0.035172,NS1
2215_A/whooper_swan/Shand,A/whooper_swan/Shandong/SC185/2021,0.469845,0.165946,0.144907,0.035172,NS1
2216_A/whooper_swan/Shand,A/whooper_swan/Shandong/SC188/2021,0.469845,0.165946,0.144907,0.035172,NS1
2217_A/whooper_swan/Shand,A/whooper_swan/Shandong/SC195/2021,0.351607,0.180201,0.077164,0.054633,NS1
2218_A/whooper_swan/Shand,A/whooper_swan/Shandong/SC198/2021,0.469845,0.165946,0.144907,0.035172,NS1
2219_A/whooper_swan/Shand,A/whooper_swan/Shandong/SC199/2021,0.469845,0.165946,0.144907,0.035172,NS1
2220_A/whooper_swan/Shand,A/whooper_swan/Shandong/SC200/2021,0.469845,0.165946,0.144907,0.035172,NS1
2221_A/whooper_swan/Shanx,A/whooper_swan/Shanxi/4-1/2020,0.491865,0.162203,0.113954,0.034879,NS1
2222_A/whooper_swan/Shanx,A/whooper_swan/Shanxi/4-2/2020,0.491865,0.162203,0.113954,0.034879,NS1
2223_A/whooper_swan/Shanx,A/whooper_swan/Shanxi/RC01/2016,0.408639,0.186591,0.129918,0.020842,NS1
2224_A/whooper_swan/Shanx,A/whooper_swan/Shanxi/SX16/2020,0.481635,0.166773,0.120374,0.029031,NS1
2225_A/whooper_swan/Shanx,A/whooper_swan/Shanxi/SX31/2020,0.474845,0.181413,0.107779,0.039652,NS1
2226_A/whooper_swan/Shanx,A/whooper_swan/Shanxi/SX56/2020,0.460258,0.182685,0.13293,0.035722,NS1
2227_A/whooper_swan/Shanx,A/whooper_swan/Shanxi/SX106/2020,0.474845,0.181413,0.107779,0.039652,NS1
2228_A/whooper_swan/Shanx,A/whooper_swan/Shanxi/SX166/2020,0.471224,0.17523,0.116337,0.040073,NS1
2229_A/whooper_swan/Shanx,A/whooper_swan/Shanxi/SX206/2020,0.461765,0.17837,0.134701,0.043096,NS1
2230_A/whooper_swan/Shanx,A/whooper_swan/Shanxi/SX216/2020,0.483143,0.162458,0.122145,0.036406,NS1
2231_A/whooper_swan/Shanx,A/whooper_swan/Shanxi/SX231/2020,0.477179,0.154194,0.099298,0.050333,NS1
2232_A/whooper_swan/Shanx,A/whooper_swan/Shanxi/SX251/2020,0.476949,0.14597,0.093408,0.039516,NS1
2233_A/whooper_swan/Shanx,A/whooper_swan/Shanxi/SX276/2020,0.455571,0.161882,0.105964,0.046207,NS1
2234_A/whooper_swan/Shanx,A/whooper_swan/Shanxi/SX291/2020,0.467386,0.175578,0.120735,0.035817,NS1
2235_A/whooper_swan/Shanx,A/whooper_swan/Shanxi/SX346/2020,0.475744,0.160252,0.126022,0.034131,NS1
2236_A/wild_bird/Hubei/12,A/wild_bird/Hubei/12.12_LGHF2W44/2016(H5N8),0.388718,0.192995,0.131127,0.03425,NS1
2237_A/wild_duck/Jiangsu/,A/wild_duck/Jiangsu/SD019/2021,0.469845,0.165946,0.144907,0.035172,NS1
2238_A/wild_duck/Shandong,A/wild_duck/Shandong/SC177/2021,0.469845,0.165946,0.144907,0.035172,NS1
2239_A/wild_goose/Shandon,A/wild_goose/Shandong/SC196/2021,0.469845,0.165946,0.144907,0.035172,NS1
2240_A/Anser_cygnoides/Hu,A/Anser_cygnoides/Hubei/FW44/2016_H5N8,0.388718,0.192995,0.131127,0.03425,NS1
2241_A/Chlidonias_hybrida,A/Chlidonias_hybrida/Hubei/55/2020_H5N8,0.485638,0.165998,0.118515,0.040257,NS1
2242_A/Cygnus_atratus/Hub,A/Cygnus_atratus/Hubei/2Z2-O/2016_H5N8,0.408639,0.186591,0.129918,0.020842,NS1
2243_A/Cygnus_atratus/Hub,A/Cygnus_atratus/Hubei/HF-1/2016_H5N8,0.408639,0.186591,0.129918,0.020842,NS1
2244_A/Cygnus_columbianus,A/Cygnus_columbianus/Hubei/116/2020_H5N8,0.487362,0.168023,0.116371,0.046987,NS1
2245_A/Cygnus_columbianus,A/Cygnus_columbianus/Hubei/49/2020_H5N8,0.485638,0.165998,0.118515,0.040257,NS1
2246_A/Cygnus_columbianus,A/Cygnus_columbianus/Hubei/50/2020_H5N8,0.473683,0.165598,0.140509,0.039429,NS1
2247_A/Cygnus_columbianus,A/Cygnus_columbianus/Hubei/51/2020_H5N8,0.483143,0.162458,0.122145,0.036406,NS1
2248_A/Cygnus_columbianus,A/Cygnus_columbianus/Hubei/52/2020_H5N8,0.485638,0.165998,0.118515,0.040257,NS1
2249_A/Cygnus_columbianus,A/Cygnus_columbianus/Hubei/53/2020_H5N8,0.485638,0.165998,0.118515,0.040257,NS1
2250_A/Cygnus_columbianus,A/Cygnus_columbianus/Hubei/56/2020_H5N8,0.485638,0.165998,0.118515,0.040257,NS1
2251_A/Whooper_Swan/Sanme,A/Whooper_Swan/Sanmenxia/01/2016_H5N8,0.408639,0.186591,0.129918,0.020842,NS1
2252_A/Wild_bird/Huadong/,A/Wild_bird/Huadong/CIXI20/2020_H5N8,0.46681,0.170052,0.135342,0.024952,NS1
2253_A/chicken/Changhua/1,A/chicken/Changhua/15040036-1/2015_H5N8,0.378093,0.217641,-0.001771,-0.012578,NS1
2254_A/chicken/Changhua/1,A/chicken/Changhua/15040037-2/2015_H5N8,0.369714,0.207832,0.002192,-0.033669,NS1
2255_A/chicken/Changhua/1,A/chicken/Changhua/15040042/2015_H5N8,0.38294,0.198841,0.004886,-0.02651,NS1
2256_A/chicken/Changhua/1,A/chicken/Changhua/15040043-1/2015_H5N8,0.374317,0.188108,-0.003449,-0.021337,NS1
2257_A/chicken/Changhua/1,A/chicken/Changhua/15050038-1/2015_H5N8,0.385924,0.217176,0.006038,-0.027893,NS1
2258_A/chicken/Changhua/1,A/chicken/Changhua/15060029/2015_H5N8,0.380866,0.211307,0.002226,-0.019105,NS1
2259_A/chicken/Chiayi/150,A/chicken/Chiayi/15010454-1/2015_H5N8,0.381398,0.218825,-0.000482,-0.021244,NS1
2260_A/chicken/Kaohsiung/,A/chicken/Kaohsiung/16010047/2016_H5N8,0.370898,0.213243,-0.037975,0.039128,NS1
2261_A/chicken/Kaohsiung/,A/chicken/Kaohsiung/16020017-2/2016_H5N8,0.359621,0.218056,-0.053317,0.043939,NS1
2262_A/chicken/Kaohsiung/,A/chicken/Kaohsiung/16040021-1/2016_H5N8,0.359411,0.219405,-0.066878,0.055895,NS1
2263_A/chicken/Kaohsiung/,A/chicken/Kaohsiung/16070003/2016_H5N8,0.359656,0.210153,-0.06002,0.060658,NS1
2264_A/chicken/Kaohsiung/,A/chicken/Kaohsiung/16120012/2016_H5N8,0.371052,0.115154,0.007078,0.070505,NS1
2265_A/chicken/Kaohsiung/,A/chicken/Kaohsiung/16MB0889/2016_H5N8,0.359411,0.219405,-0.066878,0.055895,NS1
2266_A/chicken/Kaohsiung/,A/chicken/Kaohsiung/17030023/2017_H5N8,0.343671,0.223746,-0.02875,0.051351,NS1
2267_A/chicken/Miaoli/150,A/chicken/Miaoli/15010421-1/2015_H5N8,0.375272,0.222929,0.002523,-0.030486,NS1
2268_A/chicken/Nantou/161,A/chicken/Nantou/16110023-1/2016_H5N8,0.357546,0.209732,-0.055656,0.051828,NS1
2269_A/chicken/New_Taipei,A/chicken/New_Taipei_City/16110019-1/2016_H5N8,0.336813,0.208181,-0.049818,0.032831,NS1
2270_A/chicken/New_Taipei,A/chicken/New_Taipei_City/16110020-2/2016_H5N8,0.33395,0.206676,-0.045655,0.031473,NS1
2271_A/chicken/New_Taipei,A/chicken/New_Taipei_City/17050004-2/2017_H5N8,0.271849,0.275675,0.015819,-0.006324,NS1
2272_A/chicken/New_Taipei,A/chicken/New_Taipei_City/17090001/2017_H5N8,0.279611,0.267207,-0.00221,-0.009509,NS1
2273_A/chicken/New_Taipei,A/chicken/New_Taipei_City/17090002/2017_H5N8,0.26873,0.280897,0.020183,0.008266,NS1
2274_A/chicken/New_Taipei,A/chicken/New_Taipei_City/17090003/2017_H5N8,0.273384,0.271003,0.002351,-0.00413,NS1
2275_A/chicken/Taichung/1,A/chicken/Taichung/16110017-3/2016_H5N8,0.389491,0.105964,0.044142,0.043337,NS1
2276_A/chicken/Tainan/150,A/chicken/Tainan/15020214/2015_H5N8,0.37928,0.213296,-0.057543,0.042142,NS1
2277_A/chicken/Tainan/170,A/chicken/Tainan/17030058-1/2017_H5N8,0.35141,0.190816,-0.054456,0.033555,NS1
2278_A/chicken/Taipei_Cit,A/chicken/Taipei_City/17090004/2017_H5N8,0.252354,0.257859,0.016787,-0.0238,NS1
2279_A/chicken/Taipei/160,A/chicken/Taipei/16060022-4/2016_H5N8,0.350454,0.219711,-0.062437,0.060485,NS1
2280_A/chicken/Taipei/160,A/chicken/Taipei/16060023-1/2016_H5N8,0.350454,0.219711,-0.062437,0.060485,NS1
2281_A/chicken/Taipei/161,A/chicken/Taipei/16120021/2016_H5N8,0.366688,0.222175,-0.032075,0.056642,NS1
2282_A/chicken/Taipei/170,A/chicken/Taipei/17050005-1/2017_H5N8,0.271803,0.268674,0.004988,0.003023,NS1
2283_A/chicken/Taipei/170,A/chicken/Taipei/17050008-3/2017_H5N8,0.274114,0.270934,0.002709,-0.008176,NS1
2284_A/chicken/Taipei/170,A/chicken/Taipei/17050009-3/2017_H5N8,0.261811,0.272413,0.017373,-0.008164,NS1
2285_A/chicken/Yunlin/150,A/chicken/Yunlin/15050012/2015_H5N8,0.368986,0.213441,0.002064,-0.017234,NS1
2286_A/chicken/Yunlin/160,A/chicken/Yunlin/16020038/2016_H5N8,0.377304,0.22173,0.001242,-0.033611,NS1
2287_A/chicken/Yunlin/170,A/chicken/Yunlin/17010001/2017_H5N8,0.41516,0.116593,0.032401,0.051659,NS1
2288_A/duck/Chiayi/150800,A/duck/Chiayi/15080023/2015_H5N8,0.381906,0.215819,0.002016,-0.026951,NS1
2289_A/duck/Eastern_China,A/duck/Eastern_China/JY/2014_H5N8,0.411341,0.264037,0.130169,0.007357,NS1
2290_A/duck/Eastern_China,A/duck/Eastern_China/L0405/2010_H5N8,0.350663,0.144844,-0.08612,0.070651,NS1
2291_A/duck/Eastern_China,A/duck/Eastern_China/L0423/2011_H5N8,0.350663,0.144844,-0.08612,0.070651,NS1
2292_A/duck/Eastern_China,A/duck/Eastern_China/L0611/2011_H5N8,0.341063,0.140015,-0.085312,0.0637,NS1
2293_A/duck/Eastern_China,A/duck/Eastern_China/L0722/2012_H5N8,0.365353,0.131597,-0.089369,0.05958,NS1
2294_A/duck/Eastern_China,A/duck/Eastern_China/L1021/2012_H5N8,0.335909,0.140672,-0.074477,0.093624,NS1
2295_A/duck/Eastern_China,A/duck/Eastern_China/L1120/2012_H5N8,0.349773,0.130726,-0.072008,0.074856,NS1
2296_A/duck/Eastern_China,A/duck/Eastern_China/S0215/2014_H5N8,0.403311,0.297448,0.082432,0.010654,NS1
2297_A/duck/Eastern_China,A/duck/Eastern_China/S1109/2014_H5N8,0.423028,0.208231,0.120614,0.009099,NS1
2298_A/duck/Eastern_China,A/duck/Eastern_China/S1210/2013_H5N8,0.412446,0.315519,0.073433,-0.006395,NS1
2299_A/duck/Guangdong/s14,A/duck/Guangdong/s14044/2014_H5N8,0.339176,0.148332,-0.079356,0.107081,NS1
2300_A/duck/Hunan/11.30_Y,A/duck/Hunan/11.30_YYGK74E3-OC/2017_H5N8,0.411423,0.186318,0.114918,0.025154,NS1
2301_A/duck/Shandong/Q1/2,A/duck/Shandong/Q1/2013_H5N8,0.34378,0.145547,-0.080515,0.083286,NS1
2302_A/duck/Tainan/150104,A/duck/Tainan/15010403/2015_H5N8,0.381398,0.218825,-0.000482,-0.021244,NS1
2303_A/duck/Taiwan/A3400/,A/duck/Taiwan/A3400/2015_H5N8,0.378798,0.215369,-0.054184,0.039532,NS1
2304_A/duck/Xinjiang/12.1,A/duck/Xinjiang/12.18_WLMQXL001-C/2016_H5N8,0.390828,0.197944,0.143866,0.007961,NS1
2305_A/duck/Yunlin/150102,A/duck/Yunlin/15010277/2015_H5N8,0.381398,0.218825,-0.000482,-0.021244,NS1
2306_A/duck/Yunlin/150104,A/duck/Yunlin/15010458-1/2015_H5N8,0.382654,0.215229,0.000994,-0.015099,NS1
2307_A/duck/Zhejiang/6D18,A/duck/Zhejiang/6D18/2013_H5N8,0.406447,0.304981,0.072619,0.023883,NS1
2308_A/duck/Zhejiang/9250,A/duck/Zhejiang/925019/2014_H5N8,0.407822,0.284829,0.063268,0.040781,NS1
2309_A/duck/Zhejiang/9251,A/duck/Zhejiang/925169/2014_H5N8,0.391586,0.291646,0.062867,0.021216,NS1
2310_A/duck/Zhejiang/W24/,A/duck/Zhejiang/W24/2013_H5N8,0.398385,0.306829,0.085105,0.007039,NS1
2311_A/eurasian_coot/Shan,A/eurasian_coot/Shandong/W5611/2020_H5N8,0.482633,0.187957,0.167523,0.023768,NS1
2312_A/eurasian_coot/Shan,A/eurasian_coot/Shandong/W6137/2020_H5N8,0.482633,0.187957,0.167523,0.023768,NS1
2313_A/eurasian_coot/Shan,A/eurasian_coot/Shandong/W6143/2020_H5N8,0.482633,0.187957,0.167523,0.023768,NS1
2314_A/eurasian_coot/Shan,A/eurasian_coot/Shandong/W6150/2020_H5N8,0.482633,0.187957,0.167523,0.023768,NS1
2315_A/goose/Chiayi/15020,A/goose/Chiayi/15020022/2015_H5N8,0.381398,0.218825,-0.000482,-0.021244,NS1
2316_A/goose/China/1/2021,A/goose/China/1/2021_H5N8,0.469845,0.165946,0.144907,0.035172,NS1
2317_A/goose/Eastern_Chin,A/goose/Eastern_China/CZ/2013_H5N8,0.386196,0.295427,0.087993,-0.004906,NS1
2318_A/goose/Eastern_Chin,A/goose/Eastern_China/L1204/2012_H5N8,0.34863,0.149076,-0.075176,0.082272,NS1
2319_A/goose/Eastern_Chin,A/goose/Eastern_China/L1214/2012_H5N8,0.344473,0.214819,0.020331,-0.031714,NS1
2320_A/goose/Eastern_Chin,A/goose/Eastern_China/S0408/2014_H5N8,0.383278,0.31743,0.079524,0.008054,NS1
2321_A/goose/Guangdong/s1,A/goose/Guangdong/s13124/2013_H5N8,0.339176,0.148332,-0.079356,0.107081,NS1
2322_A/goose/Hebei/HG12/2,A/goose/Hebei/HG12/2021_H5N8,0.469845,0.165946,0.144907,0.035172,NS1
2323_A/goose/Jiangsu/QD5/,A/goose/Jiangsu/QD5/2014_H5N8,0.407844,0.30369,0.066741,0.004016,NS1
2324_A/goose/Pingtung/150,A/goose/Pingtung/15050014/2015_H5N8,0.36957,0.217847,-0.061356,0.035851,NS1
2325_A/goose/Pingtung/160,A/goose/Pingtung/16010061/2016_H5N8,0.363781,0.211771,-0.051556,0.043662,NS1
2326_A/goose/Tainan/16040,A/goose/Tainan/16040018-1/2016_H5N8,0.364054,0.220761,-0.065157,0.049673,NS1
2327_A/goose/Tainan/16070,A/goose/Tainan/16070002/2016_H5N8,0.364516,0.218199,-0.064849,0.05332,NS1
2328_A/goose/Taiwan/01019,A/goose/Taiwan/01019/2015_H5N8,0.381398,0.218825,-0.000482,-0.021244,NS1
2329_A/goose/Taiwan/01039,A/goose/Taiwan/01039/2015_H5N8,0.380792,0.216905,0.00101,-0.026327,NS1
2330_A/goose/Taiwan/TNC1/,A/goose/Taiwan/TNC1/2015_H5N8,0.381398,0.218825,-0.000482,-0.021244,NS1
2331_A/goose/Taiwan/TNC10,A/goose/Taiwan/TNC10/2015_H5N8,0.381398,0.218825,-0.000482,-0.021244,NS1
2332_A/goose/Taiwan/TNC11,A/goose/Taiwan/TNC11/2015_H5N8,0.381398,0.218825,-0.000482,-0.021244,NS1
2333_A/goose/Taiwan/TNC12,A/goose/Taiwan/TNC12/2015_H5N8,0.381398,0.218825,-0.000482,-0.021244,NS1
2334_A/goose/Taiwan/TNC14,A/goose/Taiwan/TNC14/2015_H5N8,0.381398,0.218825,-0.000482,-0.021244,NS1
2335_A/goose/Taiwan/TNC3/,A/goose/Taiwan/TNC3/2015_H5N8,0.379499,0.220841,0.000151,-0.025866,NS1
2336_A/goose/Taiwan/TNC7/,A/goose/Taiwan/TNC7/2015_H5N8,0.381398,0.218825,-0.000482,-0.021244,NS1
2337_A/goose/Taiwan/TNC9/,A/goose/Taiwan/TNC9/2015_H5N8,0.381398,0.218825,-0.000482,-0.021244,NS1
2338_A/goose/Taiwan/TNO15,A/goose/Taiwan/TNO15/2015_H5N8,0.381398,0.218825,-0.000482,-0.021244,NS1
2339_A/goose/Taiwan/TNO3/,A/goose/Taiwan/TNO3/2015_H5N8,0.372016,0.21447,0.000506,-0.027878,NS1
2340_A/goose/Taiwan/TNO9/,A/goose/Taiwan/TNO9/2015_H5N8,0.381398,0.218825,-0.000482,-0.021244,NS1
2341_A/goose/Taoyuan/1501,A/goose/Taoyuan/15010041/2015_H5N8,0.375272,0.222929,0.002523,-0.030486,NS1
2342_A/goose/Xinjiang/12.,A/goose/Xinjiang/12.18_WLMQXL003-C/2016_H5N8,0.390828,0.197944,0.143866,0.007961,NS1
2343_A/goose/Xinjiang/12.,A/goose/Xinjiang/12.18_WLMQXL003-O/2016_H5N8,0.390828,0.197944,0.143866,0.007961,NS1
2344_A/goose/Xinjiang/12.,A/goose/Xinjiang/12.18_WLMQXL004-C/2016_H5N8,0.390828,0.197944,0.143866,0.007961,NS1
2345_A/goose/Xinjiang/12.,A/goose/Xinjiang/12.18_WLMQXL004-O/2016_H5N8,0.390828,0.197944,0.143866,0.007961,NS1
2346_A/goose/Yangzhou/042,A/goose/Yangzhou/0420/2014_H5N8,0.429563,0.212929,0.123727,0.009961,NS1
2347_A/goose/Yunlin/15040,A/goose/Yunlin/15040040/2015_H5N8,0.381906,0.215819,0.002016,-0.026951,NS1
2348_A/goose/Zhejiang/925,A/goose/Zhejiang/925037/2014_H5N8,0.423306,0.296696,0.058341,0.035567,NS1
2349_A/goose/Zhejiang/925,A/goose/Zhejiang/925104/2014_H5N8,0.41134,0.300828,0.056032,0.024579,NS1
2350_A/mallard/Shanghai/S,A/mallard/Shanghai/SH-9/2013_H5N8,0.407744,0.304176,0.068992,0.016075,NS1
2351_A/swan/China/ST/2016,A/swan/China/ST/2016_H5N8,0.402795,0.181991,0.132001,0.026316,NS1
2352_A/swan/Shandong/W376,A/swan/Shandong/W3762/2020_H5N8,0.351607,0.180201,0.077164,0.054633,NS1
2353_A/turkey/Chiayi/1702,A/turkey/Chiayi/17020092-2/2017_H5N8,0.342512,0.215884,-0.048708,0.043151,NS1
2354_A/whooper_swan/Shanx,A/whooper_swan/Shanxi/RC01/2016_H5N8,0.408639,0.186591,0.129918,0.020842,NS1
2355_A/wild_duck/Shandong,A/wild_duck/Shandong/W3580/2020_H5N8,0.453882,0.160003,0.143921,0.022832,NS1
2356_A/Anser_cygnoides/Hu,A/Anser_cygnoides/Hubei/FW44/2016,-0.136398,0.106706,-0.127127,0.098112,PA
2357_A/bar_headed_goose/T,A/bar_headed_goose/Tibet/T1707/2021,-0.091486,0.084087,-0.12154,0.121973,PA
2358_A/Bar-headed_Goose/Q,A/Bar-headed_Goose/Qinghai/A11/2016,-0.152668,0.146692,-0.137019,0.120585,PA
2359_A/Bar-headed_Goose/Q,A/Bar-headed_Goose/Qinghai/A13/2016,-0.152668,0.146692,-0.137019,0.120585,PA
2360_A/Bar-headed_Goose/Q,A/Bar-headed_Goose/Qinghai/a15/2016,-0.146569,0.154877,-0.137551,0.12584,PA
2361_A/Bar-headed_Goose/Q,A/Bar-headed_Goose/Qinghai/A16/2016,-0.154951,0.160519,-0.139779,0.126695,PA
2362_A/Bar-headed_Goose/Q,A/Bar-headed_Goose/Qinghai/A17/2016,-0.153119,0.153935,-0.13827,0.123512,PA
2363_A/Bar-headed_Goose/Q,A/Bar-headed_Goose/Qinghai/A19/2016,-0.152668,0.146692,-0.137019,0.120585,PA
2364_A/Bar-headed_Goose/Q,A/Bar-headed_Goose/Qinghai/A20/2016,-0.15233,0.146278,-0.137805,0.121309,PA
2365_A/Bar-headed_Goose/Q,A/Bar-headed_Goose/Qinghai/A22/2016,-0.153708,0.144172,-0.133754,0.121564,PA
2366_A/Bar-headed_Goose/Q,A/Bar-headed_Goose/Qinghai/A23/2016,-0.153119,0.153935,-0.13827,0.123512,PA
2367_A/Bar-headed_Goose/Q,A/Bar-headed_Goose/Qinghai/a24/2016,-0.152842,0.154699,-0.139512,0.125551,PA
2368_A/Bar-headed_Goose/Q,A/Bar-headed_Goose/Qinghai/a26/2016,-0.153119,0.153935,-0.13827,0.123512,PA
2369_A/Bar-headed_Goose/Q,A/Bar-headed_Goose/Qinghai/a27/2016,-0.153119,0.153935,-0.13827,0.123512,PA
2370_A/Bar-headed_Goose/Q,A/Bar-headed_Goose/Qinghai/a32/2016,-0.153119,0.153935,-0.13827,0.123512,PA
2371_A/Bar-headed_Goose/Q,A/Bar-headed_Goose/Qinghai/a43/2016,-0.153119,0.153935,-0.13827,0.123512,PA
2372_A/Bar-headed_Goose/Q,A/Bar-headed_Goose/Qinghai/a45/2016,-0.152668,0.146692,-0.137019,0.120585,PA
2373_A/Bar-headed_Goose/Q,A/Bar-headed_Goose/Qinghai/a61/2016,-0.153119,0.153935,-0.13827,0.123512,PA
2374_A/Bar-headed_Goose/Q,A/Bar-headed_Goose/Qinghai/a88/2016,-0.157348,0.14269,-0.132565,0.123004,PA
2375_A/Bar-headed_Goose/Q,A/Bar-headed_Goose/Qinghai/a91/2016,-0.157348,0.14269,-0.132565,0.123004,PA
2376_A/Bar-headed_Goose/Q,A/Bar-headed_Goose/Qinghai/a92/2016,-0.160525,0.143058,-0.132536,0.126078,PA
2377_A/Bar-headed_Goose/Q,A/Bar-headed_Goose/Qinghai/a93/2016,-0.153119,0.153935,-0.13827,0.123512,PA
2378_A/Bar-headed_Goose/Q,A/Bar-headed_Goose/Qinghai/a113/2016,-0.152668,0.146692,-0.137019,0.120585,PA
2379_A/Bar-headed_Goose/Q,A/Bar-headed_Goose/Qinghai/a114/2016,-0.153119,0.153935,-0.13827,0.123512,PA
2380_A/Bar-headed_Goose/Q,A/Bar-headed_Goose/Qinghai/a115/2016,-0.152668,0.146692,-0.137019,0.120585,PA
2381_A/Bar-headed_Goose/Q,A/Bar-headed_Goose/Qinghai/a210/2017,-0.140178,0.131059,-0.137896,0.090545,PA
2382_A/Bar-headed_Goose/Q,A/Bar-headed_Goose/Qinghai/a218/2017,-0.140178,0.131059,-0.137896,0.090545,PA
2383_A/Bar-headed_Goose/Q,A/Bar-headed_Goose/Qinghai/a237/2017,-0.140178,0.131059,-0.137896,0.090545,PA
2384_A/Bar-headed_Goose/Q,A/Bar-headed_Goose/Qinghai/a765/2017,-0.140178,0.131059,-0.137896,0.090545,PA
2385_A/Bar-headed_Goose/Q,A/Bar-headed_Goose/Qinghai/a893/2017,-0.140178,0.131059,-0.137896,0.090545,PA
2386_A/Bar-headed_Goose/Q,A/Bar-headed_Goose/Qinghai/B11/2016,-0.157348,0.14269,-0.132565,0.123004,PA
2387_A/Bar-headed_Goose/Q,A/Bar-headed_Goose/Qinghai/B12/2016,-0.153119,0.153935,-0.13827,0.123512,PA
2388_A/Bar-headed_Goose/Q,A/Bar-headed_Goose/Qinghai/B34/2016,-0.153119,0.153935,-0.13827,0.123512,PA
2389_A/Bar-headed_Goose/Q,A/Bar-headed_Goose/Qinghai/B44/2016,-0.152668,0.146692,-0.137019,0.120585,PA
2390_A/Bar-headed_Goose/Q,A/Bar-headed_Goose/Qinghai/B51/2016,-0.153119,0.153935,-0.13827,0.123512,PA
2391_A/Bar-headed_Goose/Q,A/Bar-headed_Goose/Qinghai/B54/2016,-0.157348,0.14269,-0.132565,0.123004,PA
2392_A/Bar-headed_Goose/Q,A/Bar-headed_Goose/Qinghai/B655/2017,-0.140178,0.131059,-0.137896,0.090545,PA
2393_A/Bar-headed_Goose/Q,A/Bar-headed_Goose/Qinghai/BTY1-B/2016,-0.153598,0.144154,-0.134045,0.123958,PA
2394_A/Bar-headed_Goose/Q,A/Bar-headed_Goose/Qinghai/BTY2-B/2016,-0.153119,0.153935,-0.13827,0.123512,PA
2395_A/Bar-headed_Goose/Q,A/Bar-headed_Goose/Qinghai/BTY2-LU/2016,-0.153119,0.153935,-0.13827,0.123512,PA
2396_A/Bar-headed_Goose/Q,A/Bar-headed_Goose/Qinghai/BTY3-B/2016,-0.155571,0.147941,-0.128998,0.123415,PA
2397_A/Bar-headed_Goose/Q,A/Bar-headed_Goose/Qinghai/BTY3-LU/2016,-0.155571,0.147941,-0.128998,0.123415,PA
2398_A/Bar-headed_Goose/Q,A/Bar-headed_Goose/Qinghai/BTY4-B/2016,-0.155571,0.147941,-0.128998,0.123415,PA
2399_A/Bar-headed_Goose/Q,A/Bar-headed_Goose/Qinghai/BTY4-LU/2016,-0.155571,0.147941,-0.128998,0.123415,PA
2400_A/Bar-headed_Goose/Q,A/Bar-headed_Goose/Qinghai/BTY5-B/2016,-0.153598,0.144154,-0.134045,0.123958,PA
2401_A/Bar-headed_Goose/Q,A/Bar-headed_Goose/Qinghai/BTY6-B/2016,-0.153119,0.153935,-0.13827,0.123512,PA
2402_A/Bar-headed_Goose/Q,A/Bar-headed_Goose/Qinghai/BTY6-LU/2016,-0.153119,0.153935,-0.13827,0.123512,PA
2403_A/Bar-headed_Goose/Q,A/Bar-headed_Goose/Qinghai/BTY7-B/2016,-0.152668,0.146692,-0.137019,0.120585,PA
2404_A/Bar-headed_Goose/Q,A/Bar-headed_Goose/Qinghai/BTY7-LU1/2016,-0.152668,0.146692,-0.137019,0.120585,PA
2405_A/Bar-headed_Goose/Q,A/Bar-headed_Goose/Qinghai/BTY7-LU2/2016,-0.152668,0.146692,-0.137019,0.120585,PA
2406_A/Bar-headed_Goose/Q,A/Bar-headed_Goose/Qinghai/BTY8-B/2016,-0.1559,0.142136,-0.133429,0.127937,PA
2407_A/Bar-headed_Goose/Q,A/Bar-headed_Goose/Qinghai/BTY8-LU/2016,-0.1559,0.142136,-0.133429,0.127937,PA
2408_A/Bar-headed_Goose/Q,A/Bar-headed_Goose/Qinghai/BTY9-B/2016,-0.154895,0.146587,-0.135598,0.126773,PA
2409_A/Bar-headed_Goose/Q,A/Bar-headed_Goose/Qinghai/BTY9-LU/2016,-0.154895,0.146587,-0.135598,0.126773,PA
2410_A/Bar-headed_Goose/Q,A/Bar-headed_Goose/Qinghai/BTY10-B/2016,-0.153119,0.153935,-0.13827,0.123512,PA
2411_A/Bar-headed_Goose/Q,A/Bar-headed_Goose/Qinghai/BTY10-LU/2016,-0.153119,0.153935,-0.13827,0.123512,PA
2412_A/Bar-headed_Goose/Q,A/Bar-headed_Goose/Qinghai/BTY11-B/2016,-0.152668,0.146692,-0.137019,0.120585,PA
2413_A/Bar-headed_Goose/Q,A/Bar-headed_Goose/Qinghai/BTY11-LU/2016,-0.152668,0.146692,-0.137019,0.120585,PA
2414_A/Bar-headed_Goose/Q,A/Bar-headed_Goose/Qinghai/BTY12-B/2016,-0.155418,0.144794,-0.135238,0.124167,PA
2415_A/Bar-headed_Goose/Q,A/Bar-headed_Goose/Qinghai/BTY12-LU/2016,-0.155418,0.144794,-0.135238,0.124167,PA
2416_A/Bar-headed_Goose/Q,A/Bar-headed_Goose/Qinghai/BTY13-B/2016,-0.146569,0.154877,-0.137551,0.12584,PA
2417_A/Bar-headed_Goose/Q,A/Bar-headed_Goose/Qinghai/BTY13-LU/2016,-0.146569,0.154877,-0.137551,0.12584,PA
2418_A/Bar-headed_Goose/Q,A/Bar-headed_Goose/Qinghai/BTY14-B/2016,-0.152668,0.146692,-0.137019,0.120585,PA
2419_A/Bar-headed_Goose/Q,A/Bar-headed_Goose/Qinghai/BTY14-LU/2016,-0.152021,0.145531,-0.137948,0.119364,PA
2420_A/Bar-headed_Goose/Q,A/Bar-headed_Goose/Qinghai/BTY15-B/2016,-0.151313,0.154746,-0.138771,0.126846,PA
2421_A/Bar-headed_Goose/Q,A/Bar-headed_Goose/Qinghai/BTY15-LU/2016,-0.152615,0.152806,-0.139215,0.120116,PA
2422_A/Bar-headed_Goose/Q,A/Bar-headed_Goose/Qinghai/BTY16-B/2016,-0.148899,0.147633,-0.136375,0.123769,PA
2423_A/Bar-headed_Goose/Q,A/Bar-headed_Goose/Qinghai/BTY16-LU/2016,-0.152668,0.146692,-0.137019,0.120585,PA
2424_A/Bar-headed_Goose/Q,A/Bar-headed_Goose/Qinghai/BTY17-B/2016,-0.153612,0.141469,-0.13459,0.124606,PA
2425_A/Bar-headed_Goose/Q,A/Bar-headed_Goose/Qinghai/BTY17-LU/2016,-0.153598,0.144154,-0.134045,0.123958,PA
2426_A/Bar-headed_Goose/Q,A/Bar-headed_Goose/Qinghai/BTY18-B/2016,-0.151279,0.149656,-0.139396,0.126626,PA
2427_A/Bar-headed_Goose/Q,A/Bar-headed_Goose/Qinghai/BTY18-LU/2016,-0.151279,0.149656,-0.139396,0.126626,PA
2428_A/Bar-headed_Goose/Q,A/Bar-headed_Goose/Qinghai/HDT001/2016,-0.152668,0.146692,-0.137019,0.120585,PA
2429_A/Bar-headed_Goose/Q,A/Bar-headed_Goose/Qinghai/p2/2016,-0.153119,0.153935,-0.13827,0.123512,PA
2430_A/Bar-headed_Goose/Q,A/Bar-headed_Goose/Qinghai/p9/2016,-0.157348,0.14269,-0.132565,0.123004,PA
2431_A/Bar-headed_Goose/Q,A/Bar-headed_Goose/Qinghai/p18/2016,-0.157348,0.14269,-0.132565,0.123004,PA
2432_A/Bar-headed_Goose/Q,A/Bar-headed_Goose/Qinghai/XX13/2016,-0.146569,0.154877,-0.137551,0.12584,PA
2433_A/Bar-headed_Goose/Q,A/Bar-headed_Goose/Qinghai/XX22/2016,-0.146569,0.154877,-0.137551,0.12584,PA
2434_A/Bar-headed_Goose/Q,A/Bar-headed_Goose/Qinghai/XX76/2016,-0.153119,0.153935,-0.13827,0.123512,PA
2435_A/Bar-headed_Goose/Q,A/Bar-headed_Goose/Qinghai/XX111/2016,-0.146569,0.154877,-0.137551,0.12584,PA
2436_A/Bar-headed_Goose/Q,A/Bar-headed_Goose/Qinghai/XX446/2016,-0.152668,0.146692,-0.137019,0.120585,PA
2437_A/Bar-headed_Goose/Q,A/Bar-headed_Goose/Qinghai/XX782/2016,-0.151279,0.149656,-0.139396,0.126626,PA
2438_A/Bar-headed_Goose/Q,A/Bar-headed_Goose/Qinghai/XXI122/2016,-0.151279,0.149656,-0.139396,0.126626,PA
2439_A/Bar-headed_Goose/T,A/Bar-headed_Goose/Tibet/XZ6/2021,-0.088166,0.087302,-0.11685,0.116279,PA
2440_A/Bar-headed_Goose/T,A/Bar-headed_Goose/Tibet/XZ71/2021,-0.091486,0.084087,-0.12154,0.121973,PA
2441_A/Bar-headed_Goose/T,A/Bar-headed_Goose/Tibet/XZ81/2021,-0.091604,0.084592,-0.120722,0.121337,PA
2442_A/Bar-headed_Goose/T,A/Bar-headed_Goose/Tibet/XZ181/2021,-0.088166,0.087302,-0.11685,0.116279,PA
2443_A/Bar-headed_Goose/T,A/Bar-headed_Goose/Tibet/XZQ5-1/2021,-0.091486,0.084087,-0.12154,0.121973,PA
2444_A/Bar-headed_Goose/T,A/Bar-headed_Goose/Tibet/XZQ7/2021,-0.091486,0.084087,-0.12154,0.121973,PA
2445_A/Bar-headed_Goose/T,A/Bar-headed_Goose/Tibet/XZQ8-1/2021,-0.091486,0.084087,-0.12154,0.121973,PA
2446_A/Bar-headed_Goose/T,A/Bar-headed_Goose/Tibet/XZQ9-1/2021,-0.091486,0.084087,-0.12154,0.121973,PA
2447_A/Bar-headed_Goose/T,A/Bar-headed_Goose/Tibet/XZQ10-1/2021,-0.091486,0.084087,-0.12154,0.121973,PA
2448_A/Bar-headed_Goose/T,A/Bar-headed_Goose/Tibet/XZQ13-1/2021,-0.08865,0.086807,-0.123808,0.118423,PA
2449_A/Bar-headed_Goose/T,A/Bar-headed_Goose/Tibet/XZQ17-1/2021,-0.088166,0.087302,-0.11685,0.116279,PA
2450_A/Bar-headed_Goose/T,A/Bar-headed_Goose/Tibet/XZQ18-1/2021,-0.089646,0.086611,-0.117101,0.114267,PA
2451_A/bean_goose/Hubei/B,A/bean_goose/Hubei/BQ11/2020,-0.095058,0.088063,-0.114387,0.120274,PA
2452_A/Bean_Goose/Hubei/c,A/Bean_Goose/Hubei/chenhu__XVI311-2_/2016_H5N8,-0.02333,0.071638,-0.085116,0.011694,PA
2453_A/Bean_goose/Hubei/C,A/Bean_goose/Hubei/CH-i119/2017,-0.152668,0.146692,-0.137019,0.120585,PA
2454_A/Bean_goose/Hubei/C,A/Bean_goose/Hubei/CH-i122/2017_H5N8,-0.152668,0.146692,-0.137019,0.120585,PA
2455_A/Bean_goose/Hubei/C,A/Bean_goose/Hubei/CH-i320/2017_H5N8,-0.157202,0.151469,-0.129458,0.108909,PA
2456_A/black_swan/Beijing,A/black_swan/Beijing/1/2021,-0.086997,0.074953,-0.103314,0.114182,PA
2457_A/black-backed_gull/,A/black-backed_gull/Shandong/SC189/2021,-0.094224,0.084554,-0.116055,0.123781,PA
2458_A/Brown-headed_Gull/,A/Brown-headed_Gull/Qinghai/ZTO1-B/2016,-0.152668,0.146692,-0.137019,0.120585,PA
2459_A/Brown-headed_Gull/,A/Brown-headed_Gull/Qinghai/ZTO1-LU/2016,-0.152668,0.146692,-0.137019,0.120585,PA
2460_A/Brown-headed_Gull/,A/Brown-headed_Gull/Qinghai/ZTO3-B/2016,-0.153119,0.153935,-0.13827,0.123512,PA
2461_A/Brown-headed_Gull/,A/Brown-headed_Gull/Qinghai/ZTO3-LU/2016,-0.153119,0.153935,-0.13827,0.123512,PA
2462_A/Brown-headed_Gull/,A/Brown-headed_Gull/Qinghai/ZTO4-B/2016,-0.153119,0.153935,-0.13827,0.123512,PA
2463_A/Brown-headed_Gull/,A/Brown-headed_Gull/Qinghai/ZTO5-B/2016,-0.153044,0.145341,-0.133367,0.122706,PA
2464_A/Brown-headed_Gull/,A/Brown-headed_Gull/Qinghai/ZTO5-K/2016,-0.153044,0.145341,-0.133367,0.122706,PA
2465_A/Brown-headed_Gull/,A/Brown-headed_Gull/Qinghai/ZTO6-MU/2016,-0.153119,0.153935,-0.13827,0.123512,PA
2466_A/Brown-headed_Gull/,A/Brown-headed_Gull/Qinghai/ZTO6-SP/2016,-0.152668,0.146692,-0.137019,0.120585,PA
2467_A/brown-headed_gull/,A/brown-headed_gull/Tibet/1-1/2021,-0.091174,0.084821,-0.122909,0.120786,PA
2468_A/Brown-headed_Gull/,A/Brown-headed_Gull/Tibet/XZ19/2021,-0.088166,0.087302,-0.11685,0.116279,PA
2469_A/Brown-headed_Gull/,A/Brown-headed_Gull/Tibet/XZQ15-2/2021,-0.094713,0.07695,-0.120161,0.118689,PA
2470_A/Brown-headed_Gull/,A/Brown-headed_Gull/Tibet/XZQ16-2/2021,-0.089771,0.078008,-0.119213,0.118154,PA
2471_A/chicken/Changhua/1,A/chicken/Changhua/15040036-1/2015,-0.166863,0.144937,-0.033048,0.088992,PA
2472_A/chicken/Changhua/1,A/chicken/Changhua/15040037-2/2015,-0.162811,0.148076,-0.029509,0.084799,PA
2473_A/chicken/Changhua/1,A/chicken/Changhua/15040042/2015,-0.167262,0.14378,-0.035693,0.093662,PA
2474_A/chicken/Changhua/1,A/chicken/Changhua/15040043-1/2015,-0.167799,0.142586,-0.036268,0.094167,PA
2475_A/chicken/Changhua/1,A/chicken/Changhua/15050038-1/2015,-0.167611,0.137313,-0.048945,0.100057,PA
2476_A/chicken/Changhua/1,A/chicken/Changhua/15060029/2015,-0.171834,0.142509,-0.046767,0.093715,PA
2477_A/chicken/Chiayi/150,A/chicken/Chiayi/15010454-1/2015,-0.166857,0.144203,-0.045282,0.093939,PA
2478_A/chicken/Kaohsiung/,A/chicken/Kaohsiung/16MB0889/2016,-0.173854,0.15433,-0.054058,0.079475,PA
2479_A/chicken/Kaohsiung/,A/chicken/Kaohsiung/16010047/2016,-0.172633,0.143618,-0.051931,0.073719,PA
2480_A/chicken/Kaohsiung/,A/chicken/Kaohsiung/16020017-2/2016,-0.160242,0.155777,-0.053653,0.084275,PA
2481_A/chicken/Kaohsiung/,A/chicken/Kaohsiung/16040021-1/2016,-0.173854,0.15433,-0.054058,0.079475,PA
2482_A/chicken/Kaohsiung/,A/chicken/Kaohsiung/16070003/2016,-0.168277,0.14416,-0.051951,0.08028,PA
2483_A/chicken/Kaohsiung/,A/chicken/Kaohsiung/16120012/2016,-0.168001,0.145555,-0.054092,0.085159,PA
2484_A/chicken/Kaohsiung/,A/chicken/Kaohsiung/17030023/2017,-0.176202,0.139894,-0.046171,0.073618,PA
2485_A/chicken/Miaoli/150,A/chicken/Miaoli/15010421-1/2015,-0.166824,0.144719,-0.032839,0.093649,PA
2486_A/chicken/Nantou/161,A/chicken/Nantou/16110023-1/2016,-0.151158,0.139841,-0.054519,0.078457,PA
2487_A/chicken/New_Taipei,A/chicken/New_Taipei_City/16110019-1/2016,-0.17196,0.140424,-0.040782,0.074267,PA
2488_A/chicken/New_Taipei,A/chicken/New_Taipei_City/16110020-2/2016,-0.163843,0.148626,-0.038323,0.076877,PA
2489_A/chicken/New_Taipei,A/chicken/New_Taipei_City/17050004-2/2017,-0.166705,0.157507,-0.051292,0.083019,PA
2490_A/chicken/New_Taipei,A/chicken/New_Taipei_City/17090001/2017,-0.161791,0.160415,-0.053996,0.080359,PA
2491_A/chicken/New_Taipei,A/chicken/New_Taipei_City/17090002/2017,-0.165217,0.166673,-0.049676,0.07796,PA
2492_A/chicken/New_Taipei,A/chicken/New_Taipei_City/17090003/2017,-0.162655,0.160728,-0.052832,0.07921,PA
2493_A/chicken/Shandong/K,A/chicken/Shandong/KD02699/2013,-0.115616,0.150739,-0.064849,0.084301,PA
2494_A/chicken/Taichung/1,A/chicken/Taichung/16110017-3/2016,-0.143228,0.12626,-0.11432,0.078075,PA
2495_A/chicken/Tainan/150,A/chicken/Tainan/15020214/2015,-0.168031,0.14608,-0.047176,0.093647,PA
2496_A/chicken/Tainan/170,A/chicken/Tainan/17030058-1/2017,-0.159773,0.140158,-0.053104,0.081015,PA
2497_A/chicken/Taipei_Cit,A/chicken/Taipei_City/17090004/2017,-0.162655,0.160728,-0.052832,0.07921,PA
2498_A/chicken/Taipei/160,A/chicken/Taipei/16060022-4/2016,-0.163216,0.148341,-0.054099,0.075085,PA
2499_A/chicken/Taipei/160,A/chicken/Taipei/16060023-1/2016,-0.161703,0.147369,-0.05608,0.073914,PA
2500_A/chicken/Taipei/161,A/chicken/Taipei/16120021/2016,-0.179139,0.143976,-0.041943,0.086859,PA
2501_A/chicken/Taipei/170,A/chicken/Taipei/17050005-1/2017,-0.163969,0.158785,-0.051289,0.078738,PA
2502_A/chicken/Taipei/170,A/chicken/Taipei/17050008-3/2017,-0.162705,0.160969,-0.051215,0.081166,PA
2503_A/chicken/Taipei/170,A/chicken/Taipei/17050009-3/2017,-0.164061,0.159588,-0.052234,0.080543,PA
2504_A/chicken/Taiwan/x37,A/chicken/Taiwan/x37/2016,-0.183592,0.125939,-0.048435,0.096285,PA
2505_A/chicken/Yunlin/150,A/chicken/Yunlin/15050012/2015,-0.167873,0.145529,-0.036411,0.090672,PA
2506_A/chicken/Yunlin/160,A/chicken/Yunlin/16020038/2016,-0.181245,0.127704,-0.048624,0.104858,PA
2507_A/chicken/Yunlin/170,A/chicken/Yunlin/17010001/2017,-0.170357,0.120413,-0.064177,0.09513,PA
2508_A/Chlidonias_hybrida,A/Chlidonias_hybrida/Hubei/55/2020,-0.099481,0.090269,-0.116236,0.117455,PA
2509_A/common_coot/Shando,A/common_coot/Shandong/SC197/2021,-0.088028,0.082301,-0.108828,0.12532,PA
2510_A/common_crane/Yunna,A/common_crane/Yunnan-Huize/27/2021(H5N8),-0.089952,0.076809,-0.099668,0.113384,PA
2511_A/common_pochard/Nin,A/common_pochard/Ningxia/243/2020,-0.161879,0.152165,-0.121182,0.095903,PA
2512_A/common_teal/Ningxi,A/common_teal/Ningxia/105/2020,-0.091522,0.08606,-0.112687,0.11706,PA
2513_A/common_teal/Ningxi,A/common_teal/Ningxia/181/2020,-0.168363,0.151778,-0.121752,0.09142,PA
2514_A/common_teal/Ningxi,A/common_teal/Ningxia/189/2020,-0.161879,0.152165,-0.121182,0.095903,PA
2515_A/common_teal/Ningxi,A/common_teal/Ningxia/237/2020,-0.162099,0.151689,-0.117951,0.094335,PA
2516_A/common_teal/Ningxi,A/common_teal/Ningxia/245/2020,-0.155596,0.15264,-0.121026,0.096401,PA
2517_A/common_teal/Ningxi,A/common_teal/Ningxia/253/2020,-0.16752,0.150436,-0.120504,0.088871,PA
2518_A/common_teal/Shaanx,A/common_teal/Shaanxi/SXY1-1/2020,-0.095699,0.083181,-0.110594,0.115379,PA
2519_A/Cygnus_atratus/Hub,A/Cygnus_atratus/Hubei/2Z2-O/2016,-0.156942,0.146907,-0.129693,0.121266,PA
2520_A/Cygnus_atratus/Hub,A/Cygnus_atratus/Hubei/HF-1/2016,-0.153442,0.146007,-0.13061,0.122825,PA
2521_A/Cygnus_columbianus,A/Cygnus_columbianus/Hubei/49/2020,-0.096635,0.091019,-0.116783,0.115714,PA
2522_A/Cygnus_columbianus,A/Cygnus_columbianus/Hubei/50/2020,-0.096871,0.086518,-0.115696,0.124814,PA
2523_A/Cygnus_columbianus,A/Cygnus_columbianus/Hubei/51/2020,-0.097319,0.094144,-0.115801,0.123422,PA
2524_A/Cygnus_columbianus,A/Cygnus_columbianus/Hubei/52/2020,-0.093067,0.089074,-0.115726,0.116896,PA
2525_A/Cygnus_columbianus,A/Cygnus_columbianus/Hubei/53/2020,-0.095251,0.086551,-0.115929,0.121511,PA
2526_A/Cygnus_columbianus,A/Cygnus_columbianus/Hubei/56/2020,-0.095711,0.089389,-0.114807,0.121406,PA
2527_A/Cygnus_columbianus,A/Cygnus_columbianus/Hubei/116/2020,-0.095369,0.087056,-0.115111,0.120875,PA
2528_A/duck/Chiayi/150800,A/duck/Chiayi/15080023/2015,-0.170801,0.141635,-0.044622,0.099615,PA
2529_A/duck/Eastern_China,A/duck/Eastern_China/JY/2014,-0.107512,0.151371,-0.063129,0.080814,PA
2530_A/duck/Eastern_China,A/duck/Eastern_China/L0405/2010,-0.109432,0.149234,-0.068511,0.097164,PA
2531_A/duck/Eastern_China,A/duck/Eastern_China/L0423/2011,-0.115826,0.146756,-0.066098,0.099007,PA
2532_A/duck/Eastern_China,A/duck/Eastern_China/L0611/2011,-0.116902,0.145519,-0.064898,0.102195,PA
2533_A/duck/Eastern_China,A/duck/Eastern_China/L0722/2012,-0.112818,0.152799,-0.057344,0.098071,PA
2534_A/duck/Eastern_China,A/duck/Eastern_China/L1021/2012,-0.144552,0.138844,-0.094462,0.079642,PA
2535_A/duck/Eastern_China,A/duck/Eastern_China/L1120/2012,-0.12333,0.142115,-0.055872,0.079284,PA
2536_A/duck/Eastern_China,A/duck/Eastern_China/S0215/2014,-0.117952,0.114665,-0.081999,0.102493,PA
2537_A/duck/Eastern_China,A/duck/Eastern_China/S1109/2014,-0.119282,0.154243,-0.061073,0.105545,PA
2538_A/duck/Eastern_China,A/duck/Eastern_China/S1210/2013,-0.110311,0.14637,-0.060856,0.076125,PA
2539_A/duck/Guangdong/KGZ,A/duck/Guangdong/KGZ15783/2021,-0.099771,0.093909,-0.115253,0.11611,PA
2540_A/duck/Guangdong/KGZ,A/duck/Guangdong/KGZ16015/2021,-0.157365,0.114045,-0.106806,0.111295,PA
2541_A/duck/Guangdong/S12,A/duck/Guangdong/S1269/2021,-0.092751,0.081648,-0.119019,0.119296,PA
2542_A/duck/Guangdong/s14,A/duck/Guangdong/s14044/2014,-0.108353,0.146389,-0.049678,0.08628,PA
2543_A/duck/Guangxi/S1009,A/duck/Guangxi/S10099/2021,-0.097873,0.085841,-0.106434,0.120608,PA
2544_A/duck/Guangxi/S1026,A/duck/Guangxi/S10263/2021,-0.095517,0.087093,-0.106473,0.118686,PA
2545_A/duck/Guangxi/S1104,A/duck/Guangxi/S11043/2021,-0.097672,0.095793,-0.114274,0.117512,PA
2546_A/duck/Guangxi/S2119,A/duck/Guangxi/S21194/2021,-0.098259,0.088678,-0.116104,0.119749,PA
2547_A/duck/Hebei/S1070/2,A/duck/Hebei/S1070/2021,-0.088706,0.082068,-0.111485,0.120535,PA
2548_A/duck/Henan/S1381/2,A/duck/Henan/S1381/2021,-0.09217,0.079406,-0.111702,0.113183,PA
2549_A/duck/Hunan/11.30_Y,A/duck/Hunan/11.30_YYGK74E3-OC/2017,-0.145148,0.140615,-0.114199,0.127666,PA
2550_A/duck/Jiangxi/S1025,A/duck/Jiangxi/S10252/2021,-0.080564,0.072885,-0.101308,0.119443,PA
2551_A/duck/Shandong/11.1,A/duck/Shandong/11.14_DL-DKd11/2013(H5N8),-0.110353,0.155981,-0.060337,0.086197,PA
2552_A/duck/Shandong/11.1,A/duck/Shandong/11.14_RD/2013(H5N8),-0.110353,0.155981,-0.060337,0.086197,PA
2553_A/duck/Shandong/Q1/2,A/duck/Shandong/Q1/2013,-0.115601,0.146107,-0.060564,0.082272,PA
2554_A/duck/Tainan/150104,A/duck/Tainan/15010403/2015,-0.171369,0.144029,-0.04306,0.090276,PA
2555_A/duck/Taiwan/a068/2,A/duck/Taiwan/a068/2015,-0.169595,0.139184,-0.040509,0.092752,PA
2556_A/duck/Taiwan/A3400/,A/duck/Taiwan/A3400/2015,-0.166064,0.142927,-0.043891,0.092385,PA
2557_A/duck/Xinjiang/12.1,A/duck/Xinjiang/12.18_WLMQXL001-C/2016,-0.147914,0.130625,-0.129882,0.132358,PA
2558_A/duck/Yunlin/150102,A/duck/Yunlin/15010277/2015,-0.167668,0.145174,-0.036517,0.090287,PA
2559_A/duck/Yunlin/150104,A/duck/Yunlin/15010458-1/2015,-0.167668,0.145174,-0.036517,0.090287,PA
2560_A/duck/Zhejiang/6D18,A/duck/Zhejiang/6D18/2013,-0.102878,0.13548,-0.064614,0.078337,PA
2561_A/duck/Zhejiang/9250,A/duck/Zhejiang/925019/2014,-0.122946,0.14581,-0.074321,0.093817,PA
2562_A/duck/Zhejiang/9251,A/duck/Zhejiang/925169/2014,-0.124974,0.14044,-0.079621,0.096836,PA
2563_A/duck/Zhejiang/W24/,A/duck/Zhejiang/W24/2013,-0.116404,0.142336,-0.06826,0.085155,PA
2564_A/egret/Jiangsu/SD02,A/egret/Jiangsu/SD021/2021,-0.088771,0.082699,-0.112414,0.121561,PA
2565_A/eurasian_eagle-owl,A/eurasian_eagle-owl/Henan/SMQ11/2020,-0.091522,0.08606,-0.112687,0.11706,PA
2566_A/goose/Chiayi/15020,A/goose/Chiayi/15020022/2015,-0.164268,0.151043,-0.029218,0.087843,PA
2567_A/goose/China/1/2021,A/goose/China/1/2021,-0.103798,0.088164,-0.105668,0.117348,PA
2568_A/goose/Eastern_Chin,A/goose/Eastern_China/CZ/2013,-0.114292,0.149821,-0.063919,0.083831,PA
2569_A/goose/Eastern_Chin,A/goose/Eastern_China/L1204/2012,-0.114512,0.155297,-0.05903,0.084621,PA
2570_A/goose/Eastern_Chin,A/goose/Eastern_China/L1214/2012,-0.10815,0.141974,-0.065873,0.088554,PA
2571_A/goose/Eastern_Chin,A/goose/Eastern_China/S0408/2014,-0.093129,0.140399,-0.069414,0.083387,PA
2572_A/goose/Guangdong/s1,A/goose/Guangdong/s13124/2013,-0.108353,0.146389,-0.049678,0.08628,PA
2573_A/goose/Guangxi/S206,A/goose/Guangxi/S20601/2021,-0.100252,0.089613,-0.11307,0.122929,PA
2574_A/goose/Henan/S1315/,A/goose/Henan/S1315/2021,-0.094104,0.077772,-0.109031,0.112437,PA
2575_A/goose/Hunan/S11288,A/goose/Hunan/S11288/2021,-0.104666,0.069399,-0.119149,0.121513,PA
2576_A/goose/Jiangsu/QD5/,A/goose/Jiangsu/QD5/2014,-0.112502,0.147054,-0.060699,0.095272,PA
2577_A/goose/Jiangsu/S138,A/goose/Jiangsu/S1385/2021,-0.094971,0.085671,-0.117693,0.127128,PA
2578_A/goose/Liaoning/S12,A/goose/Liaoning/S1266/2021,-0.099181,0.086475,-0.094311,0.119151,PA
2579_A/goose/Pingtung/150,A/goose/Pingtung/15050014/2015,-0.169034,0.146579,-0.045561,0.093224,PA
2580_A/goose/Pingtung/160,A/goose/Pingtung/16010061/2016,-0.167273,0.149274,-0.043427,0.093197,PA
2581_A/goose/Shandong/05.,A/goose/Shandong/05.23_AY-GS/2015(Mixed),-0.100604,0.15007,-0.057106,0.087705,PA
2582_A/goose/Shandong/05.,A/goose/Shandong/05.23_DT-GS/2014(H5N8),-0.101582,0.150209,-0.058875,0.086685,PA
2583_A/goose/Shandong/06.,A/goose/Shandong/06.14_HZ-GS/2014(Mixed),-0.10347,0.147642,-0.065788,0.088606,PA
2584_A/goose/Shandong/12.,A/goose/Shandong/12.08_YG-GS/2014(H5N8),-0.115985,0.134957,-0.050875,0.078194,PA
2585_A/Goose/Shandong/211,A/Goose/Shandong/21153-3/2021(H5N8),-0.098711,0.076302,-0.10731,0.125112,PA
2586_A/goose/Shandong/GD-,A/goose/Shandong/GD-GS/2014(H5N8),-0.109145,0.148248,-0.062871,0.08265,PA
2587_A/goose/Shandong/LQ0,A/goose/Shandong/LQ01694/2013,-0.113503,0.149528,-0.063545,0.083351,PA
2588_A/goose/Tainan/16040,A/goose/Tainan/16040018-1/2016,-0.159248,0.151725,-0.053303,0.087534,PA
2589_A/goose/Tainan/16070,A/goose/Tainan/16070002/2016,-0.156489,0.15561,-0.045419,0.090271,PA
2590_A/goose/Taiwan/01019,A/goose/Taiwan/01019/2015,-0.170977,0.142301,-0.046486,0.090536,PA
2591_A/goose/Taiwan/01039,A/goose/Taiwan/01039/2015,-0.165794,0.154235,-0.046124,0.091381,PA
2592_A/goose/Taiwan/a015/,A/goose/Taiwan/a015/2015,-0.168561,0.137946,-0.040736,0.095461,PA
2593_A/goose/Taiwan/TNC1/,A/goose/Taiwan/TNC1/2015,-0.169214,0.144757,-0.042504,0.09134,PA
2594_A/goose/Taiwan/TNC3/,A/goose/Taiwan/TNC3/2015,-0.168168,0.144662,-0.043704,0.092501,PA
2595_A/goose/Taiwan/TNC4/,A/goose/Taiwan/TNC4/2015,-0.167864,0.145376,-0.045035,0.091346,PA
2596_A/goose/Taiwan/TNC9/,A/goose/Taiwan/TNC9/2015,-0.168168,0.144662,-0.043704,0.092501,PA
2597_A/goose/Taiwan/TNC10,A/goose/Taiwan/TNC10/2015,-0.169214,0.144757,-0.042504,0.09134,PA
2598_A/goose/Taiwan/TNC12,A/goose/Taiwan/TNC12/2015,-0.169214,0.144757,-0.042504,0.09134,PA
2599_A/goose/Taiwan/TNC14,A/goose/Taiwan/TNC14/2015,-0.169214,0.144757,-0.042504,0.09134,PA
2600_A/goose/Taiwan/TNO3/,A/goose/Taiwan/TNO3/2015,-0.173928,0.144505,-0.0457,0.08919,PA
2601_A/goose/Taiwan/TNO9/,A/goose/Taiwan/TNO9/2015,-0.167864,0.145376,-0.045035,0.091346,PA
2602_A/goose/Taiwan/TNO15,A/goose/Taiwan/TNO15/2015,-0.164475,0.147481,-0.047696,0.092017,PA
2603_A/goose/Taiwan/TNO17,A/goose/Taiwan/TNO17/2015,-0.169214,0.144757,-0.042504,0.09134,PA
2604_A/goose/Taoyuan/1501,A/goose/Taoyuan/15010041/2015,-0.166824,0.144719,-0.032839,0.093649,PA
2605_A/goose/Xinjiang/12.,A/goose/Xinjiang/12.18_WLMQXL003-C/2016,-0.149627,0.133674,-0.128858,0.130116,PA
2606_A/goose/Xinjiang/12.,A/goose/Xinjiang/12.18_WLMQXL003-O/2016,-0.149819,0.134126,-0.129633,0.129213,PA
2607_A/goose/Xinjiang/12.,A/goose/Xinjiang/12.18_WLMQXL004-C/2016,-0.149819,0.134126,-0.129633,0.129213,PA
2608_A/goose/Xinjiang/12.,A/goose/Xinjiang/12.18_WLMQXL004-O/2016,-0.149819,0.134126,-0.129633,0.129213,PA
2609_A/goose/Yangzhou/042,A/goose/Yangzhou/0420/2014,-0.101601,0.142548,-0.053744,0.089105,PA
2610_A/goose/Yunlin/15040,A/goose/Yunlin/15040040/2015,-0.164718,0.142901,-0.046376,0.093305,PA
2611_A/goose/Zhejiang/925,A/goose/Zhejiang/925037/2014,-0.094439,0.132711,-0.140299,0.07278,PA
2612_A/goose/Zhejiang/925,A/goose/Zhejiang/925104/2014,-0.103399,0.145027,-0.059693,0.089175,PA
2613_A/goose/Zhejiang/S12,A/goose/Zhejiang/S1266/2021,-0.088967,0.069335,-0.111795,0.126173,PA
2614_A/Great_Black-headed,A/Great_Black-headed_Gull/Qinghai/YO1-B/2016,-0.162514,0.138231,-0.131302,0.126867,PA
2615_A/Great_Cormorant/Qi,A/Great_Cormorant/Qinghai/a51/2016,-0.153119,0.153935,-0.13827,0.123512,PA
2616_A/Great_Cormorant/Qi,A/Great_Cormorant/Qinghai/B82/2016,-0.152522,0.147843,-0.137015,0.120033,PA
2617_A/Great_Cormorant/Qi,A/Great_Cormorant/Qinghai/Y01/2016,-0.152211,0.145521,-0.140543,0.120047,PA
2618_A/Great_Crested_Greb,A/Great_Crested_Grebe/Qinghai/a737/2017,-0.140178,0.131059,-0.137896,0.090545,PA
2619_A/grebe/Ningxia/SD00,A/grebe/Ningxia/SD001/2021,-0.105024,0.079281,-0.110414,0.117999,PA
2620_A/grebe/Shaanxi/SD00,A/grebe/Shaanxi/SD001/2021,-0.095637,0.081312,-0.112752,0.111273,PA
2621_A/grebe/Shandong/SC1,A/grebe/Shandong/SC184/2021,-0.084863,0.07828,-0.118308,0.121746,PA
2622_A/green-winged_teal/,A/green-winged_teal/Guangdong/SD004/2021,-0.086966,0.083213,-0.115569,0.119225,PA
2623_A/Herring_Gull/Hubei,A/Herring_Gull/Hubei/CH-i149/2017_H5N8,-0.156692,0.145141,-0.136924,0.113905,PA
2624_A/mallard_duck/Shang,A/mallard_duck/Shanghai/SH-9/2013,-0.107163,0.151319,-0.061219,0.079624,PA
2625_A/mallard/Ningxia/17,A/mallard/Ningxia/175/2020,-0.162083,0.150391,-0.122491,0.09459,PA
2626_A/mallard/Ningxia/17,A/mallard/Ningxia/176/2020,-0.161879,0.152165,-0.121182,0.095903,PA
2627_A/mallard/Ningxia/23,A/mallard/Ningxia/239/2020,-0.159368,0.151149,-0.119598,0.095681,PA
2628_A/mallard/Ningxia/24,A/mallard/Ningxia/241/2020,-0.155596,0.15264,-0.121026,0.096401,PA
2629_A/mallard/Ningxia/24,A/mallard/Ningxia/247/2020,-0.161879,0.152165,-0.121182,0.095903,PA
2630_A/mallard/Ningxia/24,A/mallard/Ningxia/249/2020,-0.155596,0.15264,-0.121026,0.096401,PA
2631_A/mute_swan/Inner_Mo,A/mute_swan/Inner_Mongolia/w2-1/2020,-0.093848,0.083228,-0.11706,0.120072,PA
2632_A/mute_swan/Shandong,A/mute_swan/Shandong/1/2021,-0.094386,0.087816,-0.115695,0.124054,PA
2633_A/Peregrine_Falcon/H,A/Peregrine_Falcon/Hong_Kong/AFCD-HKU-21-013-27/2021,-0.084721,0.102208,-0.117692,0.125984,PA
2634_A/pheasant/Hebei/B02,A/pheasant/Hebei/B02/2021,-0.09524,0.085309,-0.118233,0.119218,PA
2635_A/swan/China/ST/2016,A/swan/China/ST/2016,-0.159883,0.14194,-0.130371,0.13177,PA
2636_A/swan/Hebei/B01/202,A/swan/Hebei/B01/2021,-0.09071,0.079085,-0.124241,0.135947,PA
2637_A/swan/Shandong/W376,A/swan/Shandong/W3762/2020,-0.16125,0.158513,-0.103152,0.084067,PA
2638_A/tundra_swan/Hubei/,A/tundra_swan/Hubei/BQ3/2020,-0.096871,0.086518,-0.115696,0.124814,PA
2639_A/tundra_swan/Hubei/,A/tundra_swan/Hubei/BQ4/2020,-0.096489,0.093697,-0.112183,0.12673,PA
2640_A/tundra_swan/Hubei/,A/tundra_swan/Hubei/BQ6/2020,-0.094975,0.089684,-0.11504,0.116165,PA
2641_A/tundra_swan/Hubei/,A/tundra_swan/Hubei/BQ7/2020,-0.093067,0.089074,-0.115726,0.116896,PA
2642_A/tundra_swan/Hubei/,A/tundra_swan/Hubei/BQ8/2020,-0.095251,0.086551,-0.115929,0.121511,PA
2643_A/tundra_swan/Hubei/,A/tundra_swan/Hubei/BQ9/2020,-0.095369,0.087056,-0.115111,0.120875,PA
2644_A/turkey/Chiayi/1702,A/turkey/Chiayi/17020092-2/2017,-0.166514,0.143309,-0.057595,0.091203,PA
2645_A/whiskered_tern/Hub,A/whiskered_tern/Hubei/BQ10/2020,-0.095913,0.091867,-0.108754,0.119745,PA
2646_A/whooper_swan/Henan,A/whooper_swan/Henan/SM1/2020,-0.105379,0.083158,-0.108164,0.132743,PA
2647_A/whooper_swan/Henan,A/whooper_swan/Henan/SM16/2020,-0.100311,0.085998,-0.116059,0.121409,PA
2648_A/whooper_swan/Henan,A/whooper_swan/Henan/SM31/2020,-0.100311,0.085998,-0.116059,0.121409,PA
2649_A/whooper_swan/Henan,A/whooper_swan/Henan/SM61/2020,-0.095369,0.087056,-0.115111,0.120875,PA
2650_A/whooper_swan/Henan,A/whooper_swan/Henan/SM76/2020,-0.097954,0.095381,-0.120688,0.119888,PA
2651_A/whooper_swan/Henan,A/whooper_swan/Henan/SM86/2020,-0.095369,0.087056,-0.115111,0.120875,PA
2652_A/whooper_swan/Henan,A/whooper_swan/Henan/SM111/2020,-0.096871,0.086518,-0.115696,0.124814,PA
2653_A/whooper_swan/Henan,A/whooper_swan/Henan/SMQ5/2020,-0.100195,0.086782,-0.11204,0.13147,PA
2654_A/whooper_swan/Henan,A/whooper_swan/Henan/SMQ7/2020,-0.098911,0.09686,-0.116726,0.123379,PA
2655_A/whooper_swan/Henan,A/whooper_swan/Henan/SMQ9/2020,-0.091522,0.08606,-0.112687,0.11706,PA
2656_A/whooper_swan/Henan,A/whooper_swan/Henan/SMQ10/2020,-0.091522,0.08606,-0.112687,0.11706,PA
2657_A/whooper_swan/Inner,A/whooper_swan/Inner_Mongolia/w1-1/2020,-0.095369,0.087056,-0.115111,0.120875,PA
2658_A/Whooper_Swan/Sanme,A/Whooper_Swan/Sanmenxia/01/2016,-0.153808,0.142129,-0.131699,0.121381,PA
2659_A/Whooper_swan/Sanme,A/Whooper_swan/Sanmenxia/G2/2020,-0.088889,0.083204,-0.111596,0.120925,PA
2660_A/Whooper_swan/Sanme,A/Whooper_swan/Sanmenxia/G13/2020,-0.097168,0.08846,-0.111094,0.124534,PA
2661_A/Whooper_swan/Sanme,A/Whooper_swan/Sanmenxia/G15/2020,-0.091522,0.08606,-0.112687,0.11706,PA
2662_A/Whooper_swan/Sanme,A/Whooper_swan/Sanmenxia/G28/2020,-0.097168,0.08846,-0.111094,0.124534,PA
2663_A/Whooper_swan/Sanme,A/Whooper_swan/Sanmenxia/H1/2020,-0.10092,0.086583,-0.115768,0.128206,PA
2664_A/Whooper_swan/Sanme,A/Whooper_swan/Sanmenxia/H735/2020,-0.085413,0.084439,-0.112556,0.117559,PA
2665_A/Whooper_swan/Sanme,A/Whooper_swan/Sanmenxia/H810/2020,-0.099425,0.085974,-0.1158,0.124148,PA
2666_A/Whooper_swan/Sanme,A/Whooper_swan/Sanmenxia/Y10/2020,-0.095572,0.085164,-0.114186,0.123457,PA
2667_A/Whooper_swan/Sanme,A/Whooper_swan/Sanmenxia/Y11/2020,-0.095369,0.087056,-0.115111,0.120875,PA
2668_A/Whooper_swan/Sanme,A/Whooper_swan/Sanmenxia/Y12/2020,-0.088578,0.084212,-0.110873,0.120324,PA
2669_A/Whooper_swan/Sanme,A/Whooper_swan/Sanmenxia/Y15/2020,-0.091522,0.08606,-0.112687,0.11706,PA
2670_A/Whooper_swan/Sanme,A/Whooper_swan/Sanmenxia/Y18/2020,-0.088889,0.083204,-0.111596,0.120925,PA
2671_A/Whooper_swan/Sanme,A/Whooper_swan/Sanmenxia/Y19/2020,-0.099031,0.088271,-0.108002,0.122045,PA
2672_A/Whooper_swan/Sanme,A/Whooper_swan/Sanmenxia/Y20/2020,-0.095369,0.087056,-0.115111,0.120875,PA
2673_A/Whooper_swan/Sanme,A/Whooper_swan/Sanmenxia/Y21/2020,-0.095572,0.085164,-0.114186,0.123457,PA
2674_A/Whooper_swan/Sanme,A/Whooper_swan/Sanmenxia/Y23-2/2020,-0.100311,0.085998,-0.116059,0.121409,PA
2675_A/Whooper_swan/Sanme,A/Whooper_swan/Sanmenxia/Y27/2020,-0.095369,0.087056,-0.115111,0.120875,PA
2676_A/Whooper_swan/Sanme,A/Whooper_swan/Sanmenxia/Y36/2020,-0.100311,0.085998,-0.116059,0.121409,PA
2677_A/Whooper_swan/Sanme,A/Whooper_swan/Sanmenxia/Y48A/2020,-0.096828,0.083478,-0.108976,0.117422,PA
2678_A/Whooper_swan/Sanme,A/Whooper_swan/Sanmenxia/Y48B/2020,-0.100311,0.085998,-0.116059,0.121409,PA
2679_A/Whooper_swan/Sanme,A/Whooper_swan/Sanmenxia/Y52/2020,-0.091522,0.08606,-0.112687,0.11706,PA
2680_A/Whooper_swan/Sanme,A/Whooper_swan/Sanmenxia/Y56/2020,-0.094805,0.087519,-0.116301,0.112962,PA
2681_A/Whooper_swan/Sanme,A/Whooper_swan/Sanmenxia/Y57/2020,-0.096871,0.086518,-0.115696,0.124814,PA
2682_A/whooper_swan/Shaan,A/whooper_swan/Shaanxi/SXY2-1/2020,-0.091522,0.08606,-0.112687,0.11706,PA
2683_A/whooper_swan/Shaan,A/whooper_swan/Shaanxi/SXY26/2020,-0.102186,0.087426,-0.114943,0.129251,PA
2684_A/whooper_swan/Shaan,A/whooper_swan/Shaanxi/SXY66/2020,-0.100195,0.086782,-0.11204,0.13147,PA
2685_A/whooper_swan/Shand,A/whooper_swan/Shandong/SC176/2021,-0.096501,0.085717,-0.11146,0.127506,PA
2686_A/whooper_swan/Shand,A/whooper_swan/Shandong/SC185/2021,-0.094501,0.083857,-0.111064,0.122453,PA
2687_A/whooper_swan/Shand,A/whooper_swan/Shandong/SC188/2021,-0.094276,0.084015,-0.111245,0.122575,PA
2688_A/whooper_swan/Shand,A/whooper_swan/Shandong/SC195/2021,-0.09753,0.103717,-0.091633,0.131803,PA
2689_A/whooper_swan/Shand,A/whooper_swan/Shandong/SC198/2021,-0.095468,0.080136,-0.111387,0.126562,PA
2690_A/whooper_swan/Shand,A/whooper_swan/Shandong/SC199/2021,-0.094501,0.083857,-0.111064,0.122453,PA
2691_A/whooper_swan/Shand,A/whooper_swan/Shandong/SC200/2021,-0.094501,0.083857,-0.111064,0.122453,PA
2692_A/whooper_swan/Shanx,A/whooper_swan/Shanxi/4-1/2020,-0.095369,0.087056,-0.115111,0.120875,PA
2693_A/whooper_swan/Shanx,A/whooper_swan/Shanxi/4-2/2020,-0.095369,0.087056,-0.115111,0.120875,PA
2694_A/whooper_swan/Shanx,A/whooper_swan/Shanxi/RC01/2016,-0.151811,0.147057,-0.129323,0.122352,PA
2695_A/whooper_swan/Shanx,A/whooper_swan/Shanxi/SX16/2020,-0.092294,0.085451,-0.11463,0.123571,PA
2696_A/whooper_swan/Shanx,A/whooper_swan/Shanxi/SX31/2020,-0.095369,0.087056,-0.115111,0.120875,PA
2697_A/whooper_swan/Shanx,A/whooper_swan/Shanxi/SX56/2020,-0.093588,0.079832,-0.106797,0.130313,PA
2698_A/whooper_swan/Shanx,A/whooper_swan/Shanxi/SX106/2020,-0.095369,0.087056,-0.115111,0.120875,PA
2699_A/whooper_swan/Shanx,A/whooper_swan/Shanxi/SX166/2020,-0.095369,0.087056,-0.115111,0.120875,PA
2700_A/whooper_swan/Shanx,A/whooper_swan/Shanxi/SX206/2020,-0.098692,0.08732,-0.111454,0.127531,PA
2701_A/whooper_swan/Shanx,A/whooper_swan/Shanxi/SX216/2020,-0.095369,0.087056,-0.115111,0.120875,PA
2702_A/whooper_swan/Shanx,A/whooper_swan/Shanxi/SX231/2020,-0.09572,0.0866,-0.117633,0.118086,PA
2703_A/whooper_swan/Shanx,A/whooper_swan/Shanxi/SX251/2020,-0.098705,0.085264,-0.109438,0.113379,PA
2704_A/whooper_swan/Shanx,A/whooper_swan/Shanxi/SX276/2020,-0.092373,0.081516,-0.10415,0.120334,PA
2705_A/whooper_swan/Shanx,A/whooper_swan/Shanxi/SX291/2020,-0.103466,0.086236,-0.118903,0.123137,PA
2706_A/whooper_swan/Shanx,A/whooper_swan/Shanxi/SX346/2020,-0.087598,0.089796,-0.114249,0.126459,PA
2707_A/wild_bird/Hubei/12,A/wild_bird/Hubei/12.12_LGHF2W44/2016(H5N8),-0.136517,0.107217,-0.126298,0.097468,PA
2708_A/wild_duck/Jiangsu/,A/wild_duck/Jiangsu/SD019/2021,-0.087851,0.079231,-0.110788,0.121783,PA
2709_A/wild_duck/Shandong,A/wild_duck/Shandong/SC177/2021,-0.094501,0.083857,-0.111064,0.122453,PA
2710_A/wild_goose/Shandon,A/wild_goose/Shandong/SC196/2021,-0.094501,0.083857,-0.111064,0.122453,PA
2711_A/Anser_cygnoides/Hu,A/Anser_cygnoides/Hubei/FW44/2016_H5N8,-0.136398,0.106706,-0.127127,0.098112,PA
2712_A/Chlidonias_hybrida,A/Chlidonias_hybrida/Hubei/55/2020_H5N8,-0.099481,0.090269,-0.116236,0.117455,PA
2713_A/Cygnus_atratus/Hub,A/Cygnus_atratus/Hubei/2Z2-O/2016_H5N8,-0.156942,0.146907,-0.129693,0.121266,PA
2714_A/Cygnus_atratus/Hub,A/Cygnus_atratus/Hubei/HF-1/2016_H5N8,-0.153442,0.146007,-0.13061,0.122825,PA
2715_A/Cygnus_columbianus,A/Cygnus_columbianus/Hubei/116/2020_H5N8,-0.095369,0.087056,-0.115111,0.120875,PA
2716_A/Cygnus_columbianus,A/Cygnus_columbianus/Hubei/49/2020_H5N8,-0.096635,0.091019,-0.116783,0.115714,PA
2717_A/Cygnus_columbianus,A/Cygnus_columbianus/Hubei/50/2020_H5N8,-0.096871,0.086518,-0.115696,0.124814,PA
2718_A/Cygnus_columbianus,A/Cygnus_columbianus/Hubei/51/2020_H5N8,-0.097319,0.094144,-0.115801,0.123422,PA
2719_A/Cygnus_columbianus,A/Cygnus_columbianus/Hubei/52/2020_H5N8,-0.093067,0.089074,-0.115726,0.116896,PA
2720_A/Cygnus_columbianus,A/Cygnus_columbianus/Hubei/53/2020_H5N8,-0.095251,0.086551,-0.115929,0.121511,PA
2721_A/Cygnus_columbianus,A/Cygnus_columbianus/Hubei/56/2020_H5N8,-0.095711,0.089389,-0.114807,0.121406,PA
2722_A/Whooper_Swan/Sanme,A/Whooper_Swan/Sanmenxia/01/2016_H5N8,-0.153808,0.142129,-0.131699,0.121381,PA
2723_A/Wild_bird/Huadong/,A/Wild_bird/Huadong/CIXI20/2020_H5N8,-0.094961,0.080953,-0.109289,0.111776,PA
2724_A/chicken/Changhua/1,A/chicken/Changhua/15040036-1/2015_H5N8,-0.166863,0.144937,-0.033048,0.088992,PA
2725_A/chicken/Changhua/1,A/chicken/Changhua/15040037-2/2015_H5N8,-0.162811,0.148076,-0.029509,0.084799,PA
2726_A/chicken/Changhua/1,A/chicken/Changhua/15040042/2015_H5N8,-0.167262,0.14378,-0.035693,0.093662,PA
2727_A/chicken/Changhua/1,A/chicken/Changhua/15040043-1/2015_H5N8,-0.167799,0.142586,-0.036268,0.094167,PA
2728_A/chicken/Changhua/1,A/chicken/Changhua/15050038-1/2015_H5N8,-0.167611,0.137313,-0.048945,0.100057,PA
2729_A/chicken/Changhua/1,A/chicken/Changhua/15060029/2015_H5N8,-0.171834,0.142509,-0.046767,0.093715,PA
2730_A/chicken/Chiayi/150,A/chicken/Chiayi/15010454-1/2015_H5N8,-0.166857,0.144203,-0.045282,0.093939,PA
2731_A/chicken/Kaohsiung/,A/chicken/Kaohsiung/16010047/2016_H5N8,-0.172633,0.143618,-0.051931,0.073719,PA
2732_A/chicken/Kaohsiung/,A/chicken/Kaohsiung/16020017-2/2016_H5N8,-0.160242,0.155777,-0.053653,0.084275,PA
2733_A/chicken/Kaohsiung/,A/chicken/Kaohsiung/16040021-1/2016_H5N8,-0.173854,0.15433,-0.054058,0.079475,PA
2734_A/chicken/Kaohsiung/,A/chicken/Kaohsiung/16070003/2016_H5N8,-0.168277,0.14416,-0.051951,0.08028,PA
2735_A/chicken/Kaohsiung/,A/chicken/Kaohsiung/16120012/2016_H5N8,-0.168001,0.145555,-0.054092,0.085159,PA
2736_A/chicken/Kaohsiung/,A/chicken/Kaohsiung/16MB0889/2016_H5N8,-0.173854,0.15433,-0.054058,0.079475,PA
2737_A/chicken/Kaohsiung/,A/chicken/Kaohsiung/17030023/2017_H5N8,-0.176202,0.139894,-0.046171,0.073618,PA
2738_A/chicken/Miaoli/150,A/chicken/Miaoli/15010421-1/2015_H5N8,-0.166824,0.144719,-0.032839,0.093649,PA
2739_A/chicken/Nantou/161,A/chicken/Nantou/16110023-1/2016_H5N8,-0.151158,0.139841,-0.054519,0.078457,PA
2740_A/chicken/New_Taipei,A/chicken/New_Taipei_City/16110019-1/2016_H5N8,-0.17196,0.140424,-0.040782,0.074267,PA
2741_A/chicken/New_Taipei,A/chicken/New_Taipei_City/16110020-2/2016_H5N8,-0.163843,0.148626,-0.038323,0.076877,PA
2742_A/chicken/New_Taipei,A/chicken/New_Taipei_City/17050004-2/2017_H5N8,-0.166705,0.157507,-0.051292,0.083019,PA
2743_A/chicken/New_Taipei,A/chicken/New_Taipei_City/17090001/2017_H5N8,-0.161791,0.160415,-0.053996,0.080359,PA
2744_A/chicken/New_Taipei,A/chicken/New_Taipei_City/17090002/2017_H5N8,-0.165217,0.166673,-0.049676,0.07796,PA
2745_A/chicken/New_Taipei,A/chicken/New_Taipei_City/17090003/2017_H5N8,-0.162655,0.160728,-0.052832,0.07921,PA
2746_A/chicken/Taichung/1,A/chicken/Taichung/16110017-3/2016_H5N8,-0.143228,0.12626,-0.11432,0.078075,PA
2747_A/chicken/Tainan/150,A/chicken/Tainan/15020214/2015_H5N8,-0.168031,0.14608,-0.047176,0.093647,PA
2748_A/chicken/Tainan/170,A/chicken/Tainan/17030058-1/2017_H5N8,-0.159773,0.140158,-0.053104,0.081015,PA
2749_A/chicken/Taipei_Cit,A/chicken/Taipei_City/17090004/2017_H5N8,-0.162655,0.160728,-0.052832,0.07921,PA
2750_A/chicken/Taipei/160,A/chicken/Taipei/16060022-4/2016_H5N8,-0.163216,0.148341,-0.054099,0.075085,PA
2751_A/chicken/Taipei/160,A/chicken/Taipei/16060023-1/2016_H5N8,-0.161703,0.147369,-0.05608,0.073914,PA
2752_A/chicken/Taipei/161,A/chicken/Taipei/16120021/2016_H5N8,-0.179139,0.143976,-0.041943,0.086859,PA
2753_A/chicken/Taipei/170,A/chicken/Taipei/17050005-1/2017_H5N8,-0.163969,0.158785,-0.051289,0.078738,PA
2754_A/chicken/Taipei/170,A/chicken/Taipei/17050008-3/2017_H5N8,-0.162705,0.160969,-0.051215,0.081166,PA
2755_A/chicken/Taipei/170,A/chicken/Taipei/17050009-3/2017_H5N8,-0.164061,0.159588,-0.052234,0.080543,PA
2756_A/chicken/Yunlin/150,A/chicken/Yunlin/15050012/2015_H5N8,-0.167873,0.145529,-0.036411,0.090672,PA
2757_A/chicken/Yunlin/160,A/chicken/Yunlin/16020038/2016_H5N8,-0.181245,0.127704,-0.048624,0.104858,PA
2758_A/chicken/Yunlin/170,A/chicken/Yunlin/17010001/2017_H5N8,-0.170357,0.120413,-0.064177,0.09513,PA
2759_A/duck/Chiayi/150800,A/duck/Chiayi/15080023/2015_H5N8,-0.170801,0.141635,-0.044622,0.099615,PA
2760_A/duck/Eastern_China,A/duck/Eastern_China/JY/2014_H5N8,-0.107512,0.151371,-0.063129,0.080814,PA
2761_A/duck/Eastern_China,A/duck/Eastern_China/L0405/2010_H5N8,-0.109432,0.149234,-0.068511,0.097164,PA
2762_A/duck/Eastern_China,A/duck/Eastern_China/L0423/2011_H5N8,-0.115826,0.146756,-0.066098,0.099007,PA
2763_A/duck/Eastern_China,A/duck/Eastern_China/L0611/2011_H5N8,-0.116902,0.145519,-0.064898,0.102195,PA
2764_A/duck/Eastern_China,A/duck/Eastern_China/L0722/2012_H5N8,-0.112818,0.152799,-0.057344,0.098071,PA
2765_A/duck/Eastern_China,A/duck/Eastern_China/L1021/2012_H5N8,-0.144552,0.138844,-0.094462,0.079642,PA
2766_A/duck/Eastern_China,A/duck/Eastern_China/L1120/2012_H5N8,-0.12333,0.142115,-0.055872,0.079284,PA
2767_A/duck/Eastern_China,A/duck/Eastern_China/S0215/2014_H5N8,-0.117952,0.114665,-0.081999,0.102493,PA
2768_A/duck/Eastern_China,A/duck/Eastern_China/S1109/2014_H5N8,-0.119282,0.154243,-0.061073,0.105545,PA
2769_A/duck/Eastern_China,A/duck/Eastern_China/S1210/2013_H5N8,-0.110311,0.14637,-0.060856,0.076125,PA
2770_A/duck/Guangdong/s14,A/duck/Guangdong/s14044/2014_H5N8,-0.108353,0.146389,-0.049678,0.08628,PA
2771_A/duck/Hunan/11.30_Y,A/duck/Hunan/11.30_YYGK74E3-OC/2017_H5N8,-0.145148,0.140615,-0.114199,0.127666,PA
2772_A/duck/Shandong/Q1/2,A/duck/Shandong/Q1/2013_H5N8,-0.115601,0.146107,-0.060564,0.082272,PA
2773_A/duck/Tainan/150104,A/duck/Tainan/15010403/2015_H5N8,-0.171369,0.144029,-0.04306,0.090276,PA
2774_A/duck/Taiwan/A3400/,A/duck/Taiwan/A3400/2015_H5N8,-0.166064,0.142927,-0.043891,0.092385,PA
2775_A/duck/Xinjiang/12.1,A/duck/Xinjiang/12.18_WLMQXL001-C/2016_H5N8,-0.147914,0.130625,-0.129882,0.132358,PA
2776_A/duck/Yunlin/150102,A/duck/Yunlin/15010277/2015_H5N8,-0.167668,0.145174,-0.036517,0.090287,PA
2777_A/duck/Yunlin/150104,A/duck/Yunlin/15010458-1/2015_H5N8,-0.167668,0.145174,-0.036517,0.090287,PA
2778_A/duck/Zhejiang/6D18,A/duck/Zhejiang/6D18/2013_H5N8,-0.102878,0.13548,-0.064614,0.078337,PA
2779_A/duck/Zhejiang/9250,A/duck/Zhejiang/925019/2014_H5N8,-0.122946,0.14581,-0.074321,0.093817,PA
2780_A/duck/Zhejiang/9251,A/duck/Zhejiang/925169/2014_H5N8,-0.124974,0.14044,-0.079621,0.096836,PA
2781_A/duck/Zhejiang/W24/,A/duck/Zhejiang/W24/2013_H5N8,-0.116404,0.142336,-0.06826,0.085155,PA
2782_A/eurasian_coot/Shan,A/eurasian_coot/Shandong/W5611/2020_H5N8,-0.086191,0.087436,-0.112288,0.119413,PA
2783_A/eurasian_coot/Shan,A/eurasian_coot/Shandong/W6137/2020_H5N8,-0.086191,0.087436,-0.112288,0.119413,PA
2784_A/eurasian_coot/Shan,A/eurasian_coot/Shandong/W6143/2020_H5N8,-0.086191,0.087436,-0.112288,0.119413,PA
2785_A/eurasian_coot/Shan,A/eurasian_coot/Shandong/W6150/2020_H5N8,-0.086191,0.087436,-0.112288,0.119413,PA
2786_A/goose/Chiayi/15020,A/goose/Chiayi/15020022/2015_H5N8,-0.164268,0.151043,-0.029218,0.087843,PA
2787_A/goose/China/1/2021,A/goose/China/1/2021_H5N8,-0.103798,0.088164,-0.105668,0.117348,PA
2788_A/goose/Eastern_Chin,A/goose/Eastern_China/CZ/2013_H5N8,-0.114292,0.149821,-0.063919,0.083831,PA
2789_A/goose/Eastern_Chin,A/goose/Eastern_China/L1204/2012_H5N8,-0.114512,0.155297,-0.05903,0.084621,PA
2790_A/goose/Eastern_Chin,A/goose/Eastern_China/L1214/2012_H5N8,-0.10815,0.141974,-0.065873,0.088554,PA
2791_A/goose/Eastern_Chin,A/goose/Eastern_China/S0408/2014_H5N8,-0.093129,0.140399,-0.069414,0.083387,PA
2792_A/goose/Guangdong/s1,A/goose/Guangdong/s13124/2013_H5N8,-0.108353,0.146389,-0.049678,0.08628,PA
2793_A/goose/Hebei/HG12/2,A/goose/Hebei/HG12/2021_H5N8,-0.095869,0.086971,-0.114345,0.121494,PA
2794_A/goose/Jiangsu/QD5/,A/goose/Jiangsu/QD5/2014_H5N8,-0.112502,0.147054,-0.060699,0.095272,PA
2795_A/goose/Pingtung/150,A/goose/Pingtung/15050014/2015_H5N8,-0.169034,0.146579,-0.045561,0.093224,PA
2796_A/goose/Pingtung/160,A/goose/Pingtung/16010061/2016_H5N8,-0.167273,0.149274,-0.043427,0.093197,PA
2797_A/goose/Tainan/16040,A/goose/Tainan/16040018-1/2016_H5N8,-0.159248,0.151725,-0.053303,0.087534,PA
2798_A/goose/Tainan/16070,A/goose/Tainan/16070002/2016_H5N8,-0.156489,0.15561,-0.045419,0.090271,PA
2799_A/goose/Taiwan/01019,A/goose/Taiwan/01019/2015_H5N8,-0.170977,0.142301,-0.046486,0.090536,PA
2800_A/goose/Taiwan/01039,A/goose/Taiwan/01039/2015_H5N8,-0.165794,0.154235,-0.046124,0.091381,PA
2801_A/goose/Taiwan/TNC1/,A/goose/Taiwan/TNC1/2015_H5N8,-0.169214,0.144757,-0.042504,0.09134,PA
2802_A/goose/Taiwan/TNC10,A/goose/Taiwan/TNC10/2015_H5N8,-0.169214,0.144757,-0.042504,0.09134,PA
2803_A/goose/Taiwan/TNC11,A/goose/Taiwan/TNC11/2015_H5N8,-0.167864,0.145376,-0.045035,0.091346,PA
2804_A/goose/Taiwan/TNC12,A/goose/Taiwan/TNC12/2015_H5N8,-0.169214,0.144757,-0.042504,0.09134,PA
2805_A/goose/Taiwan/TNC14,A/goose/Taiwan/TNC14/2015_H5N8,-0.169214,0.144757,-0.042504,0.09134,PA
2806_A/goose/Taiwan/TNC3/,A/goose/Taiwan/TNC3/2015_H5N8,-0.168168,0.144662,-0.043704,0.092501,PA
2807_A/goose/Taiwan/TNC7/,A/goose/Taiwan/TNC7/2015_H5N8,-0.169214,0.144757,-0.042504,0.09134,PA
2808_A/goose/Taiwan/TNC9/,A/goose/Taiwan/TNC9/2015_H5N8,-0.168168,0.144662,-0.043704,0.092501,PA
2809_A/goose/Taiwan/TNO15,A/goose/Taiwan/TNO15/2015_H5N8,-0.164475,0.147481,-0.047696,0.092017,PA
2810_A/goose/Taiwan/TNO3/,A/goose/Taiwan/TNO3/2015_H5N8,-0.173928,0.144505,-0.0457,0.08919,PA
2811_A/goose/Taiwan/TNO9/,A/goose/Taiwan/TNO9/2015_H5N8,-0.167864,0.145376,-0.045035,0.091346,PA
2812_A/goose/Taoyuan/1501,A/goose/Taoyuan/15010041/2015_H5N8,-0.166824,0.144719,-0.032839,0.093649,PA
2813_A/goose/Xinjiang/12.,A/goose/Xinjiang/12.18_WLMQXL003-C/2016_H5N8,-0.149627,0.133674,-0.128858,0.130116,PA
2814_A/goose/Xinjiang/12.,A/goose/Xinjiang/12.18_WLMQXL003-O/2016_H5N8,-0.149819,0.134126,-0.129633,0.129213,PA
2815_A/goose/Xinjiang/12.,A/goose/Xinjiang/12.18_WLMQXL004-C/2016_H5N8,-0.149819,0.134126,-0.129633,0.129213,PA
2816_A/goose/Xinjiang/12.,A/goose/Xinjiang/12.18_WLMQXL004-O/2016_H5N8,-0.149819,0.134126,-0.129633,0.129213,PA
2817_A/goose/Yangzhou/042,A/goose/Yangzhou/0420/2014_H5N8,-0.101601,0.142548,-0.053744,0.089105,PA
2818_A/goose/Yunlin/15040,A/goose/Yunlin/15040040/2015_H5N8,-0.164718,0.142901,-0.046376,0.093305,PA
2819_A/goose/Zhejiang/925,A/goose/Zhejiang/925037/2014_H5N8,-0.094439,0.132711,-0.140299,0.07278,PA
2820_A/goose/Zhejiang/925,A/goose/Zhejiang/925104/2014_H5N8,-0.103399,0.145027,-0.059693,0.089175,PA
2821_A/mallard/Shanghai/S,A/mallard/Shanghai/SH-9/2013_H5N8,-0.107163,0.151319,-0.061219,0.079624,PA
2822_A/swan/China/ST/2016,A/swan/China/ST/2016_H5N8,-0.159883,0.14194,-0.130371,0.13177,PA
2823_A/swan/Shandong/W376,A/swan/Shandong/W3762/2020_H5N8,-0.16125,0.158513,-0.103152,0.084067,PA
2824_A/turkey/Chiayi/1702,A/turkey/Chiayi/17020092-2/2017_H5N8,-0.166514,0.143309,-0.057595,0.091203,PA
2825_A/whooper_swan/Shanx,A/whooper_swan/Shanxi/RC01/2016_H5N8,-0.151811,0.147057,-0.129323,0.122352,PA
2826_A/wild_duck/Shandong,A/wild_duck/Shandong/W3580/2020_H5N8,-0.088626,0.08597,-0.109974,0.11014,PA
2827_A/Anser_cygnoides/Hu,A/Anser_cygnoides/Hubei/FW44/2016,-0.138127,-0.021881,-0.074878,0.06597,PB1
2828_A/bar_headed_goose/T,A/bar_headed_goose/Tibet/T1707/2021,-0.129523,0.008184,-0.09201,0.070069,PB1
2829_A/Bar-headed_Goose/Q,A/Bar-headed_Goose/Qinghai/A11/2016,-0.127295,0.014055,-0.07964,0.062019,PB1
2830_A/Bar-headed_Goose/Q,A/Bar-headed_Goose/Qinghai/A13/2016,-0.123617,-0.009908,-0.092391,0.067366,PB1
2831_A/Bar-headed_Goose/Q,A/Bar-headed_Goose/Qinghai/a15/2016,-0.131811,0.000799,-0.088045,0.059769,PB1
2832_A/Bar-headed_Goose/Q,A/Bar-headed_Goose/Qinghai/A16/2016,-0.13145,0.003027,-0.075258,0.061977,PB1
2833_A/Bar-headed_Goose/Q,A/Bar-headed_Goose/Qinghai/A17/2016,-0.133119,0.007479,-0.092182,0.063325,PB1
2834_A/Bar-headed_Goose/Q,A/Bar-headed_Goose/Qinghai/A19/2016,-0.123133,-0.013851,-0.100476,0.060297,PB1
2835_A/Bar-headed_Goose/Q,A/Bar-headed_Goose/Qinghai/A20/2016,-0.132127,-0.000229,-0.088783,0.060383,PB1
2836_A/Bar-headed_Goose/Q,A/Bar-headed_Goose/Qinghai/A22/2016,-0.131203,-0.003258,-0.090076,0.063752,PB1
2837_A/Bar-headed_Goose/Q,A/Bar-headed_Goose/Qinghai/A23/2016,-0.132165,0.002431,-0.092434,0.061019,PB1
2838_A/Bar-headed_Goose/Q,A/Bar-headed_Goose/Qinghai/a24/2016,-0.132127,-0.000229,-0.088783,0.060383,PB1
2839_A/Bar-headed_Goose/Q,A/Bar-headed_Goose/Qinghai/a26/2016,-0.132127,-0.000229,-0.088783,0.060383,PB1
2840_A/Bar-headed_Goose/Q,A/Bar-headed_Goose/Qinghai/a27/2016,-0.136249,0.003082,-0.086845,0.060609,PB1
2841_A/Bar-headed_Goose/Q,A/Bar-headed_Goose/Qinghai/a32/2016,-0.132127,-0.000229,-0.088783,0.060383,PB1
2842_A/Bar-headed_Goose/Q,A/Bar-headed_Goose/Qinghai/a43/2016,-0.132127,-0.000229,-0.088783,0.060383,PB1
2843_A/Bar-headed_Goose/Q,A/Bar-headed_Goose/Qinghai/a45/2016,-0.132127,-0.000229,-0.088783,0.060383,PB1
2844_A/Bar-headed_Goose/Q,A/Bar-headed_Goose/Qinghai/a61/2016,-0.132127,-0.000229,-0.088783,0.060383,PB1
2845_A/Bar-headed_Goose/Q,A/Bar-headed_Goose/Qinghai/a88/2016,-0.132127,-0.000229,-0.088783,0.060383,PB1
2846_A/Bar-headed_Goose/Q,A/Bar-headed_Goose/Qinghai/a91/2016,-0.144713,-0.005953,-0.091558,0.062439,PB1
2847_A/Bar-headed_Goose/Q,A/Bar-headed_Goose/Qinghai/a92/2016,-0.132127,-0.000229,-0.088783,0.060383,PB1
2848_A/Bar-headed_Goose/Q,A/Bar-headed_Goose/Qinghai/a93/2016,-0.124826,0.000728,-0.080729,0.066051,PB1
2849_A/Bar-headed_Goose/Q,A/Bar-headed_Goose/Qinghai/a113/2016,-0.132127,-0.000229,-0.088783,0.060383,PB1
2850_A/Bar-headed_Goose/Q,A/Bar-headed_Goose/Qinghai/a114/2016,-0.133119,0.007479,-0.092182,0.063325,PB1
2851_A/Bar-headed_Goose/Q,A/Bar-headed_Goose/Qinghai/a115/2016,-0.127295,0.014055,-0.07964,0.062019,PB1
2852_A/Bar-headed_Goose/Q,A/Bar-headed_Goose/Qinghai/a210/2017,-0.133903,0.002326,-0.090307,0.058821,PB1
2853_A/Bar-headed_Goose/Q,A/Bar-headed_Goose/Qinghai/a218/2017,-0.136146,0.001082,-0.090885,0.057887,PB1
2854_A/Bar-headed_Goose/Q,A/Bar-headed_Goose/Qinghai/a237/2017,-0.133903,0.002326,-0.090307,0.058821,PB1
2855_A/Bar-headed_Goose/Q,A/Bar-headed_Goose/Qinghai/a765/2017,-0.133903,0.002326,-0.090307,0.058821,PB1
2856_A/Bar-headed_Goose/Q,A/Bar-headed_Goose/Qinghai/a893/2017,-0.133903,0.002326,-0.090307,0.058821,PB1
2857_A/Bar-headed_Goose/Q,A/Bar-headed_Goose/Qinghai/B11/2016,-0.132127,-0.000229,-0.088783,0.060383,PB1
2858_A/Bar-headed_Goose/Q,A/Bar-headed_Goose/Qinghai/B12/2016,-0.124826,0.000728,-0.080729,0.066051,PB1
2859_A/Bar-headed_Goose/Q,A/Bar-headed_Goose/Qinghai/B34/2016,-0.124826,0.000728,-0.080729,0.066051,PB1
2860_A/Bar-headed_Goose/Q,A/Bar-headed_Goose/Qinghai/B44/2016,-0.134682,0.000019,-0.080245,0.063031,PB1
2861_A/Bar-headed_Goose/Q,A/Bar-headed_Goose/Qinghai/B51/2016,-0.125066,0.000064,-0.079954,0.064277,PB1
2862_A/Bar-headed_Goose/Q,A/Bar-headed_Goose/Qinghai/B54/2016,-0.132127,-0.000229,-0.088783,0.060383,PB1
2863_A/Bar-headed_Goose/Q,A/Bar-headed_Goose/Qinghai/B655/2017,-0.136146,0.001082,-0.090885,0.057887,PB1
2864_A/Bar-headed_Goose/Q,A/Bar-headed_Goose/Qinghai/BTY1-B/2016,-0.131203,-0.003258,-0.090076,0.063752,PB1
2865_A/Bar-headed_Goose/Q,A/Bar-headed_Goose/Qinghai/BTY2-B/2016,-0.129003,-0.002151,-0.078636,0.064371,PB1
2866_A/Bar-headed_Goose/Q,A/Bar-headed_Goose/Qinghai/BTY2-LU/2016,-0.129003,-0.002151,-0.078636,0.064371,PB1
2867_A/Bar-headed_Goose/Q,A/Bar-headed_Goose/Qinghai/BTY3-B/2016,-0.130243,-0.005695,-0.091507,0.063849,PB1
2868_A/Bar-headed_Goose/Q,A/Bar-headed_Goose/Qinghai/BTY3-LU/2016,-0.131203,-0.003258,-0.090076,0.063752,PB1
2869_A/Bar-headed_Goose/Q,A/Bar-headed_Goose/Qinghai/BTY4-B/2016,-0.132273,-0.004125,-0.08962,0.064767,PB1
2870_A/Bar-headed_Goose/Q,A/Bar-headed_Goose/Qinghai/BTY4-LU/2016,-0.131203,-0.003258,-0.090076,0.063752,PB1
2871_A/Bar-headed_Goose/Q,A/Bar-headed_Goose/Qinghai/BTY5-B/2016,-0.131203,-0.003258,-0.090076,0.063752,PB1
2872_A/Bar-headed_Goose/Q,A/Bar-headed_Goose/Qinghai/BTY6-B/2016,-0.131856,0.000749,-0.092394,0.061589,PB1
2873_A/Bar-headed_Goose/Q,A/Bar-headed_Goose/Qinghai/BTY6-LU/2016,-0.131811,0.000799,-0.088045,0.059769,PB1
2874_A/Bar-headed_Goose/Q,A/Bar-headed_Goose/Qinghai/BTY7-B/2016,-0.132127,-0.000229,-0.088783,0.060383,PB1
2875_A/Bar-headed_Goose/Q,A/Bar-headed_Goose/Qinghai/BTY7-LU1/2016,-0.132127,-0.000229,-0.088783,0.060383,PB1
2876_A/Bar-headed_Goose/Q,A/Bar-headed_Goose/Qinghai/BTY7-LU2/2016,-0.132127,-0.000229,-0.088783,0.060383,PB1
2877_A/Bar-headed_Goose/Q,A/Bar-headed_Goose/Qinghai/BTY8-B/2016,-0.131203,-0.003258,-0.090076,0.063752,PB1
2878_A/Bar-headed_Goose/Q,A/Bar-headed_Goose/Qinghai/BTY8-LU/2016,-0.131203,-0.003258,-0.090076,0.063752,PB1
2879_A/Bar-headed_Goose/Q,A/Bar-headed_Goose/Qinghai/BTY9-B/2016,-0.12707,0.000881,-0.088811,0.064626,PB1
2880_A/Bar-headed_Goose/Q,A/Bar-headed_Goose/Qinghai/BTY9-LU/2016,-0.12707,0.000881,-0.088811,0.064626,PB1
2881_A/Bar-headed_Goose/Q,A/Bar-headed_Goose/Qinghai/BTY10-B/2016,-0.132127,-0.000229,-0.088783,0.060383,PB1
2882_A/Bar-headed_Goose/Q,A/Bar-headed_Goose/Qinghai/BTY10-LU/2016,-0.132127,-0.000229,-0.088783,0.060383,PB1
2883_A/Bar-headed_Goose/Q,A/Bar-headed_Goose/Qinghai/BTY11-B/2016,-0.132127,-0.000229,-0.088783,0.060383,PB1
2884_A/Bar-headed_Goose/Q,A/Bar-headed_Goose/Qinghai/BTY11-LU/2016,-0.132127,-0.000229,-0.088783,0.060383,PB1
2885_A/Bar-headed_Goose/Q,A/Bar-headed_Goose/Qinghai/BTY12-B/2016,-0.132156,-0.003329,-0.08969,0.062929,PB1
2886_A/Bar-headed_Goose/Q,A/Bar-headed_Goose/Qinghai/BTY12-LU/2016,-0.128704,-0.002636,-0.087518,0.061306,PB1
2887_A/Bar-headed_Goose/Q,A/Bar-headed_Goose/Qinghai/BTY13-B/2016,-0.131811,0.000799,-0.088045,0.059769,PB1
2888_A/Bar-headed_Goose/Q,A/Bar-headed_Goose/Qinghai/BTY13-LU/2016,-0.131811,0.000799,-0.088045,0.059769,PB1
2889_A/Bar-headed_Goose/Q,A/Bar-headed_Goose/Qinghai/BTY14-B/2016,-0.130569,-0.000733,-0.086511,0.062119,PB1
2890_A/Bar-headed_Goose/Q,A/Bar-headed_Goose/Qinghai/BTY14-LU/2016,-0.127092,0.002716,-0.087039,0.068547,PB1
2891_A/Bar-headed_Goose/Q,A/Bar-headed_Goose/Qinghai/BTY15-B/2016,-0.131811,0.000799,-0.088045,0.059769,PB1
2892_A/Bar-headed_Goose/Q,A/Bar-headed_Goose/Qinghai/BTY15-LU/2016,-0.131811,0.000799,-0.088045,0.059769,PB1
2893_A/Bar-headed_Goose/Q,A/Bar-headed_Goose/Qinghai/BTY16-B/2016,-0.132127,-0.000229,-0.088783,0.060383,PB1
2894_A/Bar-headed_Goose/Q,A/Bar-headed_Goose/Qinghai/BTY16-LU/2016,-0.132127,-0.000229,-0.088783,0.060383,PB1
2895_A/Bar-headed_Goose/Q,A/Bar-headed_Goose/Qinghai/BTY17-B/2016,-0.133043,-0.002137,-0.088728,0.065341,PB1
2896_A/Bar-headed_Goose/Q,A/Bar-headed_Goose/Qinghai/BTY17-LU/2016,-0.133043,-0.002137,-0.088728,0.065341,PB1
2897_A/Bar-headed_Goose/Q,A/Bar-headed_Goose/Qinghai/BTY18-B/2016,-0.132127,-0.000229,-0.088783,0.060383,PB1
2898_A/Bar-headed_Goose/Q,A/Bar-headed_Goose/Qinghai/BTY18-LU/2016,-0.132127,-0.000229,-0.088783,0.060383,PB1
2899_A/Bar-headed_Goose/Q,A/Bar-headed_Goose/Qinghai/HDT001/2016,-0.132127,-0.000229,-0.088783,0.060383,PB1
2900_A/Bar-headed_Goose/Q,A/Bar-headed_Goose/Qinghai/p2/2016,-0.132127,-0.000229,-0.088783,0.060383,PB1
2901_A/Bar-headed_Goose/Q,A/Bar-headed_Goose/Qinghai/p9/2016,-0.132127,-0.000229,-0.088783,0.060383,PB1
2902_A/Bar-headed_Goose/Q,A/Bar-headed_Goose/Qinghai/p18/2016,-0.129853,-0.000849,-0.086388,0.059661,PB1
2903_A/Bar-headed_Goose/Q,A/Bar-headed_Goose/Qinghai/XX13/2016,-0.131811,0.000799,-0.088045,0.059769,PB1
2904_A/Bar-headed_Goose/Q,A/Bar-headed_Goose/Qinghai/XX22/2016,-0.131811,0.000799,-0.088045,0.059769,PB1
2905_A/Bar-headed_Goose/Q,A/Bar-headed_Goose/Qinghai/XX76/2016,-0.132127,-0.000229,-0.088783,0.060383,PB1
2906_A/Bar-headed_Goose/Q,A/Bar-headed_Goose/Qinghai/XX111/2016,-0.131811,0.000799,-0.088045,0.059769,PB1
2907_A/Bar-headed_Goose/Q,A/Bar-headed_Goose/Qinghai/XX446/2016,-0.132127,-0.000229,-0.088783,0.060383,PB1
2908_A/Bar-headed_Goose/Q,A/Bar-headed_Goose/Qinghai/XX782/2016,-0.132127,-0.000229,-0.088783,0.060383,PB1
2909_A/Bar-headed_Goose/Q,A/Bar-headed_Goose/Qinghai/XXI122/2016,-0.132127,-0.000229,-0.088783,0.060383,PB1
2910_A/Bar-headed_Goose/T,A/Bar-headed_Goose/Tibet/XZ6/2021,-0.127543,0.009222,-0.10265,0.060332,PB1
2911_A/Bar-headed_Goose/T,A/Bar-headed_Goose/Tibet/XZ71/2021,-0.129523,0.008184,-0.09201,0.070069,PB1
2912_A/Bar-headed_Goose/T,A/Bar-headed_Goose/Tibet/XZ81/2021,-0.128804,0.008119,-0.092835,0.070867,PB1
2913_A/Bar-headed_Goose/T,A/Bar-headed_Goose/Tibet/XZ181/2021,-0.127543,0.009222,-0.10265,0.060332,PB1
2914_A/Bar-headed_Goose/T,A/Bar-headed_Goose/Tibet/XZQ5-1/2021,-0.129523,0.008184,-0.09201,0.070069,PB1
2915_A/Bar-headed_Goose/T,A/Bar-headed_Goose/Tibet/XZQ7/2021,-0.130593,0.007317,-0.091555,0.071084,PB1
2916_A/Bar-headed_Goose/T,A/Bar-headed_Goose/Tibet/XZQ8-1/2021,-0.130593,0.007317,-0.091555,0.071084,PB1
2917_A/Bar-headed_Goose/T,A/Bar-headed_Goose/Tibet/XZQ9-1/2021,-0.130593,0.007317,-0.091555,0.071084,PB1
2918_A/Bar-headed_Goose/T,A/Bar-headed_Goose/Tibet/XZQ10-1/2021,-0.130593,0.007317,-0.091555,0.071084,PB1
2919_A/Bar-headed_Goose/T,A/Bar-headed_Goose/Tibet/XZQ13-1/2021,-0.127174,0.009453,-0.103577,0.057157,PB1
2920_A/Bar-headed_Goose/T,A/Bar-headed_Goose/Tibet/XZQ17-1/2021,-0.126486,0.009261,-0.101766,0.060002,PB1
2921_A/Bar-headed_Goose/T,A/Bar-headed_Goose/Tibet/XZQ18-1/2021,-0.119023,0.013081,-0.104367,0.061575,PB1
2922_A/bean_goose/Hubei/B,A/bean_goose/Hubei/BQ11/2020,-0.115052,0.011941,-0.105152,0.061363,PB1
2923_A/Bean_Goose/Hubei/c,A/Bean_Goose/Hubei/chenhu__XVI311-2_/2016_H5N8,-0.087366,-0.047923,-0.083686,0.088671,PB1
2924_A/Bean_goose/Hubei/C,A/Bean_goose/Hubei/CH-i119/2017,-0.132395,-0.000445,-0.088603,0.060266,PB1
2925_A/Bean_goose/Hubei/C,A/Bean_goose/Hubei/CH-i122/2017_H5N8,-0.132918,-0.000653,-0.089133,0.058999,PB1
2926_A/Bean_goose/Hubei/C,A/Bean_goose/Hubei/CH-i320/2017_H5N8,-0.132127,-0.000229,-0.088783,0.060383,PB1
2927_A/black_swan/Beijing,A/black_swan/Beijing/1/2021,-0.118534,0.014829,-0.111952,0.065654,PB1
2928_A/black-backed_gull/,A/black-backed_gull/Shandong/SC189/2021,-0.122985,0.007168,-0.099901,0.056093,PB1
2929_A/Brown-headed_Gull/,A/Brown-headed_Gull/Qinghai/ZTO1-B/2016,-0.134682,0.000019,-0.080245,0.063031,PB1
2930_A/Brown-headed_Gull/,A/Brown-headed_Gull/Qinghai/ZTO1-LU/2016,-0.138641,0.00505,-0.078732,0.061663,PB1
2931_A/Brown-headed_Gull/,A/Brown-headed_Gull/Qinghai/ZTO3-B/2016,-0.129003,-0.002151,-0.078636,0.064371,PB1
2932_A/Brown-headed_Gull/,A/Brown-headed_Gull/Qinghai/ZTO3-LU/2016,-0.129003,-0.002151,-0.078636,0.064371,PB1
2933_A/Brown-headed_Gull/,A/Brown-headed_Gull/Qinghai/ZTO4-B/2016,-0.130603,0.00092,-0.074544,0.063931,PB1
2934_A/Brown-headed_Gull/,A/Brown-headed_Gull/Qinghai/ZTO5-B/2016,-0.132156,-0.003329,-0.08969,0.062929,PB1
2935_A/Brown-headed_Gull/,A/Brown-headed_Gull/Qinghai/ZTO5-K/2016,-0.132156,-0.003329,-0.08969,0.062929,PB1
2936_A/Brown-headed_Gull/,A/Brown-headed_Gull/Qinghai/ZTO6-MU/2016,-0.127246,0.001268,-0.089369,0.066468,PB1
2937_A/Brown-headed_Gull/,A/Brown-headed_Gull/Qinghai/ZTO6-SP/2016,-0.132127,-0.000229,-0.088783,0.060383,PB1
2938_A/brown-headed_gull/,A/brown-headed_gull/Tibet/1-1/2021,-0.119751,0.004623,-0.102509,0.065095,PB1
2939_A/Brown-headed_Gull/,A/Brown-headed_Gull/Tibet/XZ19/2021,-0.126486,0.009261,-0.101766,0.060002,PB1
2940_A/Brown-headed_Gull/,A/Brown-headed_Gull/Tibet/XZQ15-2/2021,-0.124689,0.012504,-0.109816,0.048603,PB1
2941_A/Brown-headed_Gull/,A/Brown-headed_Gull/Tibet/XZQ16-2/2021,-0.124689,0.012504,-0.109816,0.048603,PB1
2942_A/chicken/Changhua/1,A/chicken/Changhua/15040036-1/2015,-0.107292,-0.000959,-0.056708,0.045934,PB1
2943_A/chicken/Changhua/1,A/chicken/Changhua/15040037-2/2015,-0.103769,0.000643,-0.058816,0.045751,PB1
2944_A/chicken/Changhua/1,A/chicken/Changhua/15040042/2015,-0.106679,0.000866,-0.055646,0.053773,PB1
2945_A/chicken/Changhua/1,A/chicken/Changhua/15040043-1/2015,-0.103244,0.001351,-0.058372,0.045561,PB1
2946_A/chicken/Changhua/1,A/chicken/Changhua/15050038-1/2015,-0.06698,0.033614,-0.128508,0.090828,PB1
2947_A/chicken/Changhua/1,A/chicken/Changhua/15060029/2015,-0.054453,0.035265,-0.12776,0.091386,PB1
2948_A/chicken/Chiayi/150,A/chicken/Chiayi/15010454-1/2015,-0.065768,0.033931,-0.125294,0.089396,PB1
2949_A/chicken/Kaohsiung/,A/chicken/Kaohsiung/16MB0889/2016,-0.09462,-0.031115,-0.083665,0.114873,PB1
2950_A/chicken/Kaohsiung/,A/chicken/Kaohsiung/16010047/2016,-0.102587,-0.032433,-0.075058,0.097522,PB1
2951_A/chicken/Kaohsiung/,A/chicken/Kaohsiung/16020017-2/2016,-0.101051,-0.036921,-0.086967,0.099784,PB1
2952_A/chicken/Kaohsiung/,A/chicken/Kaohsiung/16040021-1/2016,-0.09462,-0.031115,-0.083665,0.114873,PB1
2953_A/chicken/Kaohsiung/,A/chicken/Kaohsiung/16070003/2016,-0.10813,-0.034797,-0.088079,0.101817,PB1
2954_A/chicken/Kaohsiung/,A/chicken/Kaohsiung/16120012/2016,-0.10886,-0.031358,-0.086428,0.105553,PB1
2955_A/chicken/Kaohsiung/,A/chicken/Kaohsiung/17030023/2017,-0.099969,-0.056294,-0.083087,0.092492,PB1
2956_A/chicken/Miaoli/150,A/chicken/Miaoli/15010421-1/2015,-0.10879,0.00533,-0.056921,0.055005,PB1
2957_A/chicken/Nantou/161,A/chicken/Nantou/16110023-1/2016,-0.10862,-0.033891,-0.08312,0.112441,PB1
2958_A/chicken/New_Taipei,A/chicken/New_Taipei_City/16110019-1/2016,-0.099581,-0.042771,-0.086032,0.102856,PB1
2959_A/chicken/New_Taipei,A/chicken/New_Taipei_City/16110020-2/2016,-0.102973,-0.041835,-0.084355,0.101905,PB1
2960_A/chicken/New_Taipei,A/chicken/New_Taipei_City/17050004-2/2017,-0.100259,-0.018178,-0.096188,0.107751,PB1
2961_A/chicken/New_Taipei,A/chicken/New_Taipei_City/17090001/2017,-0.092414,-0.020088,-0.095994,0.099516,PB1
2962_A/chicken/New_Taipei,A/chicken/New_Taipei_City/17090002/2017,-0.09442,-0.014964,-0.096318,0.098769,PB1
2963_A/chicken/New_Taipei,A/chicken/New_Taipei_City/17090003/2017,-0.090375,-0.025572,-0.096889,0.097764,PB1
2964_A/chicken/Shandong/K,A/chicken/Shandong/KD02699/2013,-0.057524,-0.037677,-0.0472,0.058686,PB1
2965_A/chicken/Taichung/1,A/chicken/Taichung/16110017-3/2016,-0.068114,0.055537,-0.12762,0.082588,PB1
2966_A/chicken/Tainan/150,A/chicken/Tainan/15020214/2015,-0.109719,-0.031333,-0.086597,0.098395,PB1
2967_A/chicken/Tainan/170,A/chicken/Tainan/17030058-1/2017,-0.109646,-0.041033,-0.07435,0.092452,PB1
2968_A/chicken/Taipei_Cit,A/chicken/Taipei_City/17090004/2017,-0.098494,-0.017321,-0.090881,0.111973,PB1
2969_A/chicken/Taipei/160,A/chicken/Taipei/16060022-4/2016,-0.108923,-0.037425,-0.089638,0.108413,PB1
2970_A/chicken/Taipei/160,A/chicken/Taipei/16060023-1/2016,-0.108923,-0.037425,-0.089638,0.108413,PB1
2971_A/chicken/Taipei/161,A/chicken/Taipei/16120021/2016,-0.107508,-0.036597,-0.07699,0.096016,PB1
2972_A/chicken/Taipei/170,A/chicken/Taipei/17050005-1/2017,-0.102339,-0.015164,-0.087482,0.104194,PB1
2973_A/chicken/Taipei/170,A/chicken/Taipei/17050008-3/2017,-0.099423,-0.016633,-0.087906,0.104821,PB1
2974_A/chicken/Taipei/170,A/chicken/Taipei/17050009-3/2017,-0.102339,-0.015164,-0.087482,0.104194,PB1
2975_A/chicken/Taiwan/x37,A/chicken/Taiwan/x37/2016,-0.123408,-0.025314,-0.108552,0.091107,PB1
2976_A/chicken/Yunlin/150,A/chicken/Yunlin/15050012/2015,-0.104644,0.000911,-0.058041,0.054461,PB1
2977_A/chicken/Yunlin/160,A/chicken/Yunlin/16020038/2016,-0.050555,0.022492,-0.10256,0.096695,PB1
2978_A/chicken/Yunlin/170,A/chicken/Yunlin/17010001/2017,-0.082927,0.04856,-0.133341,0.091344,PB1
2979_A/Chlidonias_hybrida,A/Chlidonias_hybrida/Hubei/55/2020,-0.116247,0.01895,-0.102928,0.064677,PB1
2980_A/common_coot/Shando,A/common_coot/Shandong/SC197/2021,-0.117388,0.015063,-0.103635,0.054412,PB1
2981_A/common_crane/Yunna,A/common_crane/Yunnan-Huize/27/2021(H5N8),-0.111492,0.017474,-0.104805,0.061483,PB1
2982_A/common_pochard/Nin,A/common_pochard/Ningxia/243/2020,-0.115135,-0.073711,-0.109923,0.091796,PB1
2983_A/common_teal/Ningxi,A/common_teal/Ningxia/105/2020,-0.114693,0.016677,-0.104452,0.06775,PB1
2984_A/common_teal/Ningxi,A/common_teal/Ningxia/181/2020,-0.115514,-0.072844,-0.110592,0.089703,PB1
2985_A/common_teal/Ningxi,A/common_teal/Ningxia/189/2020,-0.115514,-0.072844,-0.110592,0.089703,PB1
2986_A/common_teal/Ningxi,A/common_teal/Ningxia/237/2020,-0.111961,-0.073127,-0.114501,0.082588,PB1
2987_A/common_teal/Ningxi,A/common_teal/Ningxia/245/2020,-0.114227,-0.07704,-0.119366,0.084218,PB1
2988_A/common_teal/Ningxi,A/common_teal/Ningxia/253/2020,-0.110024,-0.075059,-0.12061,0.082567,PB1
2989_A/common_teal/Shaanx,A/common_teal/Shaanxi/SXY1-1/2020,-0.114693,0.016677,-0.104452,0.06775,PB1
2990_A/Cygnus_atratus/Hub,A/Cygnus_atratus/Hubei/2Z2-O/2016,-0.124907,0.001542,-0.078488,0.077746,PB1
2991_A/Cygnus_atratus/Hub,A/Cygnus_atratus/Hubei/HF-1/2016,-0.130757,-0.00399,-0.081791,0.069255,PB1
2992_A/Cygnus_columbianus,A/Cygnus_columbianus/Hubei/49/2020,-0.114041,0.018485,-0.105222,0.065854,PB1
2993_A/Cygnus_columbianus,A/Cygnus_columbianus/Hubei/50/2020,-0.119771,0.01313,-0.103127,0.060025,PB1
2994_A/Cygnus_columbianus,A/Cygnus_columbianus/Hubei/51/2020,-0.111138,0.010641,-0.112751,0.060112,PB1
2995_A/Cygnus_columbianus,A/Cygnus_columbianus/Hubei/52/2020,-0.113106,0.013795,-0.105786,0.064517,PB1
2996_A/Cygnus_columbianus,A/Cygnus_columbianus/Hubei/53/2020,-0.116247,0.01895,-0.102928,0.064677,PB1
2997_A/Cygnus_columbianus,A/Cygnus_columbianus/Hubei/56/2020,-0.116856,0.017225,-0.104044,0.065763,PB1
2998_A/Cygnus_columbianus,A/Cygnus_columbianus/Hubei/116/2020,-0.112282,0.017412,-0.106511,0.064334,PB1
2999_A/duck/Chiayi/150800,A/duck/Chiayi/15080023/2015,-0.07173,0.033446,-0.122518,0.094314,PB1
3000_A/duck/Eastern_China,A/duck/Eastern_China/JY/2014,-0.057966,-0.022932,-0.045616,0.076,PB1
3001_A/duck/Eastern_China,A/duck/Eastern_China/L0405/2010,-0.056672,-0.020402,-0.026654,0.047848,PB1
3002_A/duck/Eastern_China,A/duck/Eastern_China/L0423/2011,-0.060627,-0.020753,-0.028822,0.05133,PB1
3003_A/duck/Eastern_China,A/duck/Eastern_China/L0611/2011,-0.053307,-0.023713,-0.023388,0.045315,PB1
3004_A/duck/Eastern_China,A/duck/Eastern_China/L0722/2012,-0.056728,-0.021377,-0.027762,0.048729,PB1
3005_A/duck/Eastern_China,A/duck/Eastern_China/L1021/2012,-0.073209,-0.013018,-0.06122,0.094119,PB1
3006_A/duck/Eastern_China,A/duck/Eastern_China/L1120/2012,-0.05165,-0.029205,-0.045675,0.064377,PB1
3007_A/duck/Eastern_China,A/duck/Eastern_China/S0215/2014,-0.061594,-0.021425,-0.056018,0.06938,PB1
3008_A/duck/Eastern_China,A/duck/Eastern_China/S1109/2014,-0.080319,-0.036553,-0.112788,0.07922,PB1
3009_A/duck/Eastern_China,A/duck/Eastern_China/S1210/2013,-0.0716,0.038742,-0.102401,0.074963,PB1
3010_A/duck/Guangdong/KGZ,A/duck/Guangdong/KGZ15783/2021,-0.118773,0.034375,-0.117415,0.063704,PB1
3011_A/duck/Guangdong/KGZ,A/duck/Guangdong/KGZ16015/2021,-0.115377,0.023553,-0.099262,0.059875,PB1
3012_A/duck/Guangdong/S12,A/duck/Guangdong/S1269/2021,-0.119699,0.035936,-0.114589,0.064692,PB1
3013_A/duck/Guangdong/s14,A/duck/Guangdong/s14044/2014,-0.050514,-0.02235,-0.030609,0.060003,PB1
3014_A/duck/Guangxi/S1009,A/duck/Guangxi/S10099/2021,-0.111064,0.014899,-0.103439,0.064944,PB1
3015_A/duck/Guangxi/S1026,A/duck/Guangxi/S10263/2021,-0.11081,0.017814,-0.104328,0.069484,PB1
3016_A/duck/Guangxi/S1104,A/duck/Guangxi/S11043/2021,-0.109035,0.018817,-0.100475,0.07071,PB1
3017_A/duck/Guangxi/S2119,A/duck/Guangxi/S21194/2021,-0.111709,0.01887,-0.103606,0.066109,PB1
3018_A/duck/Hebei/S1070/2,A/duck/Hebei/S1070/2021,-0.115709,0.015273,-0.107229,0.065345,PB1
3019_A/duck/Henan/S1381/2,A/duck/Henan/S1381/2021,-0.119224,0.017192,-0.105111,0.064337,PB1
3020_A/duck/Hunan/11.30_Y,A/duck/Hunan/11.30_YYGK74E3-OC/2017,-0.135346,-0.001168,-0.072962,0.079232,PB1
3021_A/duck/Jiangxi/S1025,A/duck/Jiangxi/S10252/2021,-0.119224,0.017192,-0.105111,0.064337,PB1
3022_A/duck/Shandong/11.1,A/duck/Shandong/11.14_DL-DKd11/2013(H5N8),-0.068556,-0.0166,-0.048395,0.07566,PB1
3023_A/duck/Shandong/11.1,A/duck/Shandong/11.14_RD/2013(H5N8),-0.068556,-0.0166,-0.048395,0.07566,PB1
3024_A/duck/Shandong/Q1/2,A/duck/Shandong/Q1/2013,-0.064191,-0.017364,-0.04221,0.062924,PB1
3025_A/duck/Tainan/150104,A/duck/Tainan/15010403/2015,-0.067557,0.033129,-0.124014,0.089612,PB1
3026_A/duck/Taiwan/a068/2,A/duck/Taiwan/a068/2015,-0.125931,-0.036722,-0.104668,0.099645,PB1
3027_A/duck/Taiwan/A3400/,A/duck/Taiwan/A3400/2015,-0.109719,-0.031333,-0.086597,0.098395,PB1
3028_A/duck/Xinjiang/12.1,A/duck/Xinjiang/12.18_WLMQXL001-C/2016,-0.137647,-0.001885,-0.080112,0.070307,PB1
3029_A/duck/Yunlin/150102,A/duck/Yunlin/15010277/2015,-0.109255,0.004924,-0.057861,0.056742,PB1
3030_A/duck/Yunlin/150104,A/duck/Yunlin/15010458-1/2015,-0.109918,0.005972,-0.055692,0.058772,PB1
3031_A/duck/Zhejiang/6D18,A/duck/Zhejiang/6D18/2013,-0.077382,-0.017601,-0.047833,0.068135,PB1
3032_A/duck/Zhejiang/9250,A/duck/Zhejiang/925019/2014,-0.065975,-0.019614,-0.063506,0.054254,PB1
3033_A/duck/Zhejiang/9251,A/duck/Zhejiang/925169/2014,-0.06868,-0.017963,-0.066728,0.064213,PB1
3034_A/duck/Zhejiang/W24/,A/duck/Zhejiang/W24/2013,-0.066029,-0.020332,-0.04632,0.06639,PB1
3035_A/egret/Jiangsu/SD02,A/egret/Jiangsu/SD021/2021,-0.119224,0.017192,-0.105111,0.064337,PB1
3036_A/eurasian_eagle-owl,A/eurasian_eagle-owl/Henan/SMQ11/2020,-0.114693,0.016677,-0.104452,0.06775,PB1
3037_A/goose/Chiayi/15020,A/goose/Chiayi/15020022/2015,-0.105467,0.011345,-0.055072,0.061866,PB1
3038_A/goose/China/1/2021,A/goose/China/1/2021,-0.123704,0.016999,-0.10777,0.066757,PB1
3039_A/goose/Eastern_Chin,A/goose/Eastern_China/CZ/2013,-0.064091,-0.020076,-0.046451,0.067914,PB1
3040_A/goose/Eastern_Chin,A/goose/Eastern_China/L1204/2012,-0.044857,-0.007104,-0.050938,0.054175,PB1
3041_A/goose/Eastern_Chin,A/goose/Eastern_China/L1214/2012,-0.05553,-0.011001,-0.027916,0.051272,PB1
3042_A/goose/Eastern_Chin,A/goose/Eastern_China/S0408/2014,-0.07356,-0.018726,-0.050382,0.071411,PB1
3043_A/goose/Guangdong/s1,A/goose/Guangdong/s13124/2013,-0.050514,-0.02235,-0.030609,0.060003,PB1
3044_A/goose/Guangxi/S206,A/goose/Guangxi/S20601/2021,-0.111709,0.01887,-0.103606,0.066109,PB1
3045_A/goose/Henan/S1315/,A/goose/Henan/S1315/2021,-0.1137,0.008626,-0.10162,0.061305,PB1
3046_A/goose/Hunan/S11288,A/goose/Hunan/S11288/2021,-0.113675,0.013188,-0.109934,0.059416,PB1
3047_A/goose/Jiangsu/QD5/,A/goose/Jiangsu/QD5/2014,-0.062622,-0.02035,-0.045888,0.071116,PB1
3048_A/goose/Jiangsu/S138,A/goose/Jiangsu/S1385/2021,-0.098743,0.014506,-0.102238,0.070452,PB1
3049_A/goose/Liaoning/S12,A/goose/Liaoning/S1266/2021,-0.118094,0.009316,-0.119212,0.070776,PB1
3050_A/goose/Pingtung/150,A/goose/Pingtung/15050014/2015,-0.10484,-0.030145,-0.087472,0.103402,PB1
3051_A/goose/Pingtung/160,A/goose/Pingtung/16010061/2016,-0.10259,-0.031044,-0.075192,0.098606,PB1
3052_A/goose/Shandong/05.,A/goose/Shandong/05.23_AY-GS/2015(Mixed),-0.06765,-0.019641,-0.05301,0.067352,PB1
3053_A/goose/Shandong/05.,A/goose/Shandong/05.23_DT-GS/2014(H5N8),-0.06765,-0.019641,-0.05301,0.067352,PB1
3054_A/goose/Shandong/06.,A/goose/Shandong/06.14_HZ-GS/2014(Mixed),-0.069169,-0.021292,-0.051506,0.066321,PB1
3055_A/goose/Shandong/12.,A/goose/Shandong/12.08_YG-GS/2014(H5N8),-0.063622,-0.032733,-0.039246,0.062921,PB1
3056_A/Goose/Shandong/211,A/Goose/Shandong/21153-3/2021(H5N8),-0.117375,0.02346,-0.106664,0.064191,PB1
3057_A/goose/Shandong/GD-,A/goose/Shandong/GD-GS/2014(H5N8),-0.080913,-0.028484,-0.053509,0.065749,PB1
3058_A/goose/Shandong/LQ0,A/goose/Shandong/LQ01694/2013,-0.057524,-0.037677,-0.0472,0.058686,PB1
3059_A/goose/Tainan/16040,A/goose/Tainan/16040018-1/2016,-0.08912,-0.053016,-0.074205,0.106365,PB1
3060_A/goose/Tainan/16070,A/goose/Tainan/16070002/2016,-0.102001,-0.054898,-0.081649,0.095244,PB1
3061_A/goose/Taiwan/01019,A/goose/Taiwan/01019/2015,-0.056933,0.034115,-0.119602,0.088339,PB1
3062_A/goose/Taiwan/01039,A/goose/Taiwan/01039/2015,-0.104294,-0.000324,-0.057013,0.054892,PB1
3063_A/goose/Taiwan/a015/,A/goose/Taiwan/a015/2015,-0.073474,0.02127,-0.147604,0.088405,PB1
3064_A/goose/Taiwan/TNC1/,A/goose/Taiwan/TNC1/2015,-0.10879,0.00533,-0.056921,0.055005,PB1
3065_A/goose/Taiwan/TNC3/,A/goose/Taiwan/TNC3/2015,-0.109325,0.004782,-0.064612,0.057374,PB1
3066_A/goose/Taiwan/TNC4/,A/goose/Taiwan/TNC4/2015,-0.067412,0.037087,-0.121088,0.088944,PB1
3067_A/goose/Taiwan/TNC9/,A/goose/Taiwan/TNC9/2015,-0.10879,0.00533,-0.056921,0.055005,PB1
3068_A/goose/Taiwan/TNC10,A/goose/Taiwan/TNC10/2015,-0.108061,0.003242,-0.056064,0.058574,PB1
3069_A/goose/Taiwan/TNC12,A/goose/Taiwan/TNC12/2015,-0.10879,0.00533,-0.056921,0.055005,PB1
3070_A/goose/Taiwan/TNC14,A/goose/Taiwan/TNC14/2015,-0.108061,0.003242,-0.056064,0.058574,PB1
3071_A/goose/Taiwan/TNO3/,A/goose/Taiwan/TNO3/2015,-0.10481,-0.005852,-0.054106,0.050525,PB1
3072_A/goose/Taiwan/TNO9/,A/goose/Taiwan/TNO9/2015,-0.067412,0.037087,-0.121088,0.088944,PB1
3073_A/goose/Taiwan/TNO15,A/goose/Taiwan/TNO15/2015,-0.065768,0.033931,-0.125294,0.089396,PB1
3074_A/goose/Taiwan/TNO17,A/goose/Taiwan/TNO17/2015,-0.109495,0.005394,-0.056113,0.054223,PB1
3075_A/goose/Taoyuan/1501,A/goose/Taoyuan/15010041/2015,-0.10879,0.00533,-0.056921,0.055005,PB1
3076_A/goose/Xinjiang/12.,A/goose/Xinjiang/12.18_WLMQXL003-C/2016,-0.131604,-0.003211,-0.088261,0.066864,PB1
3077_A/goose/Xinjiang/12.,A/goose/Xinjiang/12.18_WLMQXL003-O/2016,-0.131604,-0.003211,-0.088261,0.066864,PB1
3078_A/goose/Xinjiang/12.,A/goose/Xinjiang/12.18_WLMQXL004-C/2016,-0.129796,-0.001836,-0.087752,0.065535,PB1
3079_A/goose/Xinjiang/12.,A/goose/Xinjiang/12.18_WLMQXL004-O/2016,-0.131604,-0.003211,-0.088261,0.066864,PB1
3080_A/goose/Yangzhou/042,A/goose/Yangzhou/0420/2014,-0.054049,-0.024753,-0.026575,0.068959,PB1
3081_A/goose/Yunlin/15040,A/goose/Yunlin/15040040/2015,-0.065676,0.032244,-0.126147,0.086531,PB1
3082_A/goose/Zhejiang/925,A/goose/Zhejiang/925037/2014,-0.065865,-0.004182,-0.080179,0.088615,PB1
3083_A/goose/Zhejiang/925,A/goose/Zhejiang/925104/2014,-0.072176,-0.014111,-0.049735,0.073028,PB1
3084_A/goose/Zhejiang/S12,A/goose/Zhejiang/S1266/2021,-0.105887,0.014771,-0.116739,0.045484,PB1
3085_A/Great_Black-headed,A/Great_Black-headed_Gull/Qinghai/YO1-B/2016,-0.131799,0.002277,-0.090522,0.063994,PB1
3086_A/Great_Cormorant/Qi,A/Great_Cormorant/Qinghai/a51/2016,-0.125066,0.000064,-0.079954,0.064277,PB1
3087_A/Great_Cormorant/Qi,A/Great_Cormorant/Qinghai/B82/2016,-0.130569,-0.000733,-0.086511,0.062119,PB1
3088_A/Great_Cormorant/Qi,A/Great_Cormorant/Qinghai/Y01/2016,-0.132966,0.000453,-0.085188,0.063534,PB1
3089_A/Great_Crested_Greb,A/Great_Crested_Grebe/Qinghai/a737/2017,-0.133903,0.002326,-0.090307,0.058821,PB1
3090_A/grebe/Ningxia/SD00,A/grebe/Ningxia/SD001/2021,-0.113404,0.02202,-0.101889,0.067459,PB1
3091_A/grebe/Shaanxi/SD00,A/grebe/Shaanxi/SD001/2021,-0.111978,0.018062,-0.099523,0.079631,PB1
3092_A/grebe/Shandong/SC1,A/grebe/Shandong/SC184/2021,-0.118758,0.038438,-0.109707,0.074269,PB1
3093_A/green-winged_teal/,A/green-winged_teal/Guangdong/SD004/2021,-0.110501,0.011759,-0.096613,0.063957,PB1
3094_A/Herring_Gull/Hubei,A/Herring_Gull/Hubei/CH-i149/2017_H5N8,-0.132127,-0.000229,-0.088783,0.060383,PB1
3095_A/mallard_duck/Shang,A/mallard_duck/Shanghai/SH-9/2013,-0.064082,-0.02148,-0.052865,0.059478,PB1
3096_A/mallard/Ningxia/17,A/mallard/Ningxia/175/2020,-0.115514,-0.072844,-0.110592,0.089703,PB1
3097_A/mallard/Ningxia/17,A/mallard/Ningxia/176/2020,-0.113598,-0.074392,-0.113513,0.087281,PB1
3098_A/mallard/Ningxia/23,A/mallard/Ningxia/239/2020,-0.111961,-0.073127,-0.114501,0.082588,PB1
3099_A/mallard/Ningxia/24,A/mallard/Ningxia/241/2020,-0.111961,-0.073127,-0.114501,0.082588,PB1
3100_A/mallard/Ningxia/24,A/mallard/Ningxia/247/2020,-0.115514,-0.072844,-0.110592,0.089703,PB1
3101_A/mallard/Ningxia/24,A/mallard/Ningxia/249/2020,-0.111241,-0.073193,-0.115325,0.083386,PB1
3102_A/mute_swan/Inner_Mo,A/mute_swan/Inner_Mongolia/w2-1/2020,-0.109997,0.022095,-0.098353,0.070991,PB1
3103_A/mute_swan/Shandong,A/mute_swan/Shandong/1/2021,-0.111389,0.011621,-0.101865,0.064709,PB1
3104_A/Peregrine_Falcon/H,A/Peregrine_Falcon/Hong_Kong/AFCD-HKU-21-013-27/2021,-0.108853,0.020163,-0.104799,0.06616,PB1
3105_A/pheasant/Hebei/B02,A/pheasant/Hebei/B02/2021,-0.121184,0.016336,-0.098837,0.066747,PB1
3106_A/swan/China/ST/2016,A/swan/China/ST/2016,-0.127774,0.002863,-0.086954,0.07524,PB1
3107_A/swan/Hebei/B01/202,A/swan/Hebei/B01/2021,-0.10603,0.020746,-0.105917,0.077043,PB1
3108_A/swan/Shandong/W376,A/swan/Shandong/W3762/2020,-0.065919,-0.022671,-0.115983,0.050324,PB1
3109_A/tundra_swan/Hubei/,A/tundra_swan/Hubei/BQ3/2020,-0.118677,0.015731,-0.099072,0.061593,PB1
3110_A/tundra_swan/Hubei/,A/tundra_swan/Hubei/BQ4/2020,-0.116381,0.010547,-0.109339,0.063241,PB1
3111_A/tundra_swan/Hubei/,A/tundra_swan/Hubei/BQ6/2020,-0.114041,0.018485,-0.105222,0.065854,PB1
3112_A/tundra_swan/Hubei/,A/tundra_swan/Hubei/BQ7/2020,-0.114814,0.02092,-0.10369,0.065761,PB1
3113_A/tundra_swan/Hubei/,A/tundra_swan/Hubei/BQ8/2020,-0.116247,0.01895,-0.102928,0.064677,PB1
3114_A/tundra_swan/Hubei/,A/tundra_swan/Hubei/BQ9/2020,-0.112282,0.017412,-0.106511,0.064334,PB1
3115_A/turkey/Chiayi/1702,A/turkey/Chiayi/17020092-2/2017,-0.108088,-0.037611,-0.084612,0.101544,PB1
3116_A/whiskered_tern/Hub,A/whiskered_tern/Hubei/BQ10/2020,-0.114915,0.018501,-0.104482,0.066143,PB1
3117_A/whooper_swan/Henan,A/whooper_swan/Henan/SM1/2020,-0.114041,0.018485,-0.105222,0.065854,PB1
3118_A/whooper_swan/Henan,A/whooper_swan/Henan/SM16/2020,-0.117249,0.018454,-0.100691,0.065832,PB1
3119_A/whooper_swan/Henan,A/whooper_swan/Henan/SM31/2020,-0.116043,0.020724,-0.101619,0.06599,PB1
3120_A/whooper_swan/Henan,A/whooper_swan/Henan/SM61/2020,-0.112918,0.025296,-0.095963,0.067711,PB1
3121_A/whooper_swan/Henan,A/whooper_swan/Henan/SM76/2020,-0.116342,0.019027,-0.103917,0.067303,PB1
3122_A/whooper_swan/Henan,A/whooper_swan/Henan/SM86/2020,-0.111775,0.022398,-0.100356,0.064224,PB1
3123_A/whooper_swan/Henan,A/whooper_swan/Henan/SM111/2020,-0.115801,0.019557,-0.103933,0.067374,PB1
3124_A/whooper_swan/Henan,A/whooper_swan/Henan/SMQ5/2020,-0.112637,0.022634,-0.104466,0.063722,PB1
3125_A/whooper_swan/Henan,A/whooper_swan/Henan/SMQ7/2020,-0.113704,0.022245,-0.100319,0.065958,PB1
3126_A/whooper_swan/Henan,A/whooper_swan/Henan/SMQ9/2020,-0.114693,0.016677,-0.104452,0.06775,PB1
3127_A/whooper_swan/Henan,A/whooper_swan/Henan/SMQ10/2020,-0.114693,0.016677,-0.104452,0.06775,PB1
3128_A/whooper_swan/Inner,A/whooper_swan/Inner_Mongolia/w1-1/2020,-0.111954,0.021707,-0.101766,0.068469,PB1
3129_A/Whooper_Swan/Sanme,A/Whooper_Swan/Sanmenxia/01/2016,-0.134407,-0.001073,-0.088151,0.070789,PB1
3130_A/Whooper_swan/Sanme,A/Whooper_swan/Sanmenxia/G2/2020,-0.118864,0.018588,-0.107354,0.062933,PB1
3131_A/Whooper_swan/Sanme,A/Whooper_swan/Sanmenxia/G13/2020,-0.119229,0.00441,-0.101184,0.051106,PB1
3132_A/Whooper_swan/Sanme,A/Whooper_swan/Sanmenxia/G15/2020,-0.114693,0.016677,-0.104452,0.06775,PB1
3133_A/Whooper_swan/Sanme,A/Whooper_swan/Sanmenxia/G28/2020,-0.118913,0.005437,-0.100446,0.050493,PB1
3134_A/Whooper_swan/Sanme,A/Whooper_swan/Sanmenxia/H1/2020,-0.116856,0.017225,-0.104044,0.065763,PB1
3135_A/Whooper_swan/Sanme,A/Whooper_swan/Sanmenxia/H735/2020,-0.118864,0.018588,-0.107354,0.062933,PB1
3136_A/Whooper_swan/Sanme,A/Whooper_swan/Sanmenxia/H810/2020,-0.114041,0.018485,-0.105222,0.065854,PB1
3137_A/Whooper_swan/Sanme,A/Whooper_swan/Sanmenxia/Y10/2020,-0.114041,0.018485,-0.105222,0.065854,PB1
3138_A/Whooper_swan/Sanme,A/Whooper_swan/Sanmenxia/Y11/2020,-0.114441,0.021296,-0.103569,0.066854,PB1
3139_A/Whooper_swan/Sanme,A/Whooper_swan/Sanmenxia/Y12/2020,-0.116471,0.018122,-0.105998,0.063971,PB1
3140_A/Whooper_swan/Sanme,A/Whooper_swan/Sanmenxia/Y15/2020,-0.114693,0.016677,-0.104452,0.06775,PB1
3141_A/Whooper_swan/Sanme,A/Whooper_swan/Sanmenxia/Y18/2020,-0.119047,0.019376,-0.106078,0.061941,PB1
3142_A/Whooper_swan/Sanme,A/Whooper_swan/Sanmenxia/Y19/2020,-0.11661,0.014702,-0.103421,0.06592,PB1
3143_A/Whooper_swan/Sanme,A/Whooper_swan/Sanmenxia/Y20/2020,-0.120333,0.013776,-0.103516,0.059335,PB1
3144_A/Whooper_swan/Sanme,A/Whooper_swan/Sanmenxia/Y21/2020,-0.114041,0.018485,-0.105222,0.065854,PB1
3145_A/Whooper_swan/Sanme,A/Whooper_swan/Sanmenxia/Y23-2/2020,-0.116043,0.020724,-0.101619,0.06599,PB1
3146_A/Whooper_swan/Sanme,A/Whooper_swan/Sanmenxia/Y27/2020,-0.112245,0.01203,-0.103742,0.062733,PB1
3147_A/Whooper_swan/Sanme,A/Whooper_swan/Sanmenxia/Y36/2020,-0.115733,0.021731,-0.100895,0.065389,PB1
3148_A/Whooper_swan/Sanme,A/Whooper_swan/Sanmenxia/Y48A/2020,-0.118577,0.023156,-0.10573,0.065732,PB1
3149_A/Whooper_swan/Sanme,A/Whooper_swan/Sanmenxia/Y48B/2020,-0.116043,0.020724,-0.101619,0.06599,PB1
3150_A/Whooper_swan/Sanme,A/Whooper_swan/Sanmenxia/Y52/2020,-0.114693,0.016677,-0.104452,0.06775,PB1
3151_A/Whooper_swan/Sanme,A/Whooper_swan/Sanmenxia/Y56/2020,-0.114651,0.016788,-0.105612,0.06064,PB1
3152_A/Whooper_swan/Sanme,A/Whooper_swan/Sanmenxia/Y57/2020,-0.114041,0.018485,-0.105222,0.065854,PB1
3153_A/whooper_swan/Shaan,A/whooper_swan/Shaanxi/SXY2-1/2020,-0.114693,0.016677,-0.104452,0.06775,PB1
3154_A/whooper_swan/Shaan,A/whooper_swan/Shaanxi/SXY26/2020,-0.115801,0.019557,-0.103933,0.067374,PB1
3155_A/whooper_swan/Shaan,A/whooper_swan/Shaanxi/SXY66/2020,-0.115801,0.019557,-0.103933,0.067374,PB1
3156_A/whooper_swan/Shand,A/whooper_swan/Shandong/SC176/2021,-0.120458,0.018099,-0.105853,0.059504,PB1
3157_A/whooper_swan/Shand,A/whooper_swan/Shandong/SC185/2021,-0.124527,0.02074,-0.106684,0.056822,PB1
3158_A/whooper_swan/Shand,A/whooper_swan/Shandong/SC188/2021,-0.12422,0.020336,-0.107893,0.059475,PB1
3159_A/whooper_swan/Shand,A/whooper_swan/Shandong/SC195/2021,-0.119216,-0.068038,-0.100621,0.093209,PB1
3160_A/whooper_swan/Shand,A/whooper_swan/Shandong/SC198/2021,-0.119637,0.020308,-0.10523,0.060155,PB1
3161_A/whooper_swan/Shand,A/whooper_swan/Shandong/SC199/2021,-0.116443,0.01874,-0.10461,0.058161,PB1
3162_A/whooper_swan/Shand,A/whooper_swan/Shandong/SC200/2021,-0.118648,0.019019,-0.107554,0.062347,PB1
3163_A/whooper_swan/Shanx,A/whooper_swan/Shanxi/4-1/2020,-0.114041,0.018485,-0.105222,0.065854,PB1
3164_A/whooper_swan/Shanx,A/whooper_swan/Shanxi/4-2/2020,-0.114041,0.018485,-0.105222,0.065854,PB1
3165_A/whooper_swan/Shanx,A/whooper_swan/Shanxi/RC01/2016,-0.134407,-0.001073,-0.088151,0.070789,PB1
3166_A/whooper_swan/Shanx,A/whooper_swan/Shanxi/SX16/2020,-0.114305,0.018306,-0.100501,0.063408,PB1
3167_A/whooper_swan/Shanx,A/whooper_swan/Shanxi/SX31/2020,-0.114041,0.018485,-0.105222,0.065854,PB1
3168_A/whooper_swan/Shanx,A/whooper_swan/Shanxi/SX56/2020,-0.117119,0.017046,-0.099324,0.063318,PB1
3169_A/whooper_swan/Shanx,A/whooper_swan/Shanxi/SX106/2020,-0.113322,0.021861,-0.103914,0.058504,PB1
3170_A/whooper_swan/Shanx,A/whooper_swan/Shanxi/SX166/2020,-0.112918,0.025296,-0.095963,0.067711,PB1
3171_A/whooper_swan/Shanx,A/whooper_swan/Shanxi/SX206/2020,-0.112918,0.025296,-0.095963,0.067711,PB1
3172_A/whooper_swan/Shanx,A/whooper_swan/Shanxi/SX216/2020,-0.112918,0.025296,-0.095963,0.067711,PB1
3173_A/whooper_swan/Shanx,A/whooper_swan/Shanxi/SX231/2020,-0.112918,0.025296,-0.095963,0.067711,PB1
3174_A/whooper_swan/Shanx,A/whooper_swan/Shanxi/SX251/2020,-0.117125,0.022881,-0.106105,0.061009,PB1
3175_A/whooper_swan/Shanx,A/whooper_swan/Shanxi/SX276/2020,-0.115813,0.019006,-0.108371,0.067513,PB1
3176_A/whooper_swan/Shanx,A/whooper_swan/Shanxi/SX291/2020,-0.108868,0.028087,-0.097992,0.06934,PB1
3177_A/whooper_swan/Shanx,A/whooper_swan/Shanxi/SX346/2020,-0.109991,0.021276,-0.107251,0.067483,PB1
3178_A/wild_bird/Hubei/12,A/wild_bird/Hubei/12.12_LGHF2W44/2016(H5N8),-0.138127,-0.021881,-0.074878,0.06597,PB1
3179_A/wild_duck/Jiangsu/,A/wild_duck/Jiangsu/SD019/2021,-0.116055,0.015238,-0.104563,0.066476,PB1
3180_A/wild_duck/Shandong,A/wild_duck/Shandong/SC177/2021,-0.12422,0.020336,-0.107893,0.059475,PB1
3181_A/wild_goose/Shandon,A/wild_goose/Shandong/SC196/2021,-0.116443,0.01874,-0.10461,0.058161,PB1
3182_A/Anser_cygnoides/Hu,A/Anser_cygnoides/Hubei/FW44/2016_H5N8,-0.138127,-0.021881,-0.074878,0.06597,PB1
3183_A/Chlidonias_hybrida,A/Chlidonias_hybrida/Hubei/55/2020_H5N8,-0.116247,0.01895,-0.102928,0.064677,PB1
3184_A/Cygnus_atratus/Hub,A/Cygnus_atratus/Hubei/2Z2-O/2016_H5N8,-0.124907,0.001542,-0.078488,0.077746,PB1
3185_A/Cygnus_atratus/Hub,A/Cygnus_atratus/Hubei/HF-1/2016_H5N8,-0.130757,-0.00399,-0.081791,0.069255,PB1
3186_A/Cygnus_columbianus,A/Cygnus_columbianus/Hubei/116/2020_H5N8,-0.112282,0.017412,-0.106511,0.064334,PB1
3187_A/Cygnus_columbianus,A/Cygnus_columbianus/Hubei/49/2020_H5N8,-0.114041,0.018485,-0.105222,0.065854,PB1
3188_A/Cygnus_columbianus,A/Cygnus_columbianus/Hubei/50/2020_H5N8,-0.119771,0.01313,-0.103127,0.060025,PB1
3189_A/Cygnus_columbianus,A/Cygnus_columbianus/Hubei/51/2020_H5N8,-0.111138,0.010641,-0.112751,0.060112,PB1
3190_A/Cygnus_columbianus,A/Cygnus_columbianus/Hubei/52/2020_H5N8,-0.113106,0.013795,-0.105786,0.064517,PB1
3191_A/Cygnus_columbianus,A/Cygnus_columbianus/Hubei/53/2020_H5N8,-0.116247,0.01895,-0.102928,0.064677,PB1
3192_A/Cygnus_columbianus,A/Cygnus_columbianus/Hubei/56/2020_H5N8,-0.116856,0.017225,-0.104044,0.065763,PB1
3193_A/Whooper_Swan/Sanme,A/Whooper_Swan/Sanmenxia/01/2016_H5N8,-0.134407,-0.001073,-0.088151,0.070789,PB1
3194_A/Wild_bird/Huadong/,A/Wild_bird/Huadong/CIXI20/2020_H5N8,-0.1191,0.014382,-0.104592,0.059573,PB1
3195_A/chicken/Changhua/1,A/chicken/Changhua/15040036-1/2015_H5N8,-0.107292,-0.000959,-0.056708,0.045934,PB1
3196_A/chicken/Changhua/1,A/chicken/Changhua/15040037-2/2015_H5N8,-0.103769,0.000643,-0.058816,0.045751,PB1
3197_A/chicken/Changhua/1,A/chicken/Changhua/15040042/2015_H5N8,-0.106679,0.000866,-0.055646,0.053773,PB1
3198_A/chicken/Changhua/1,A/chicken/Changhua/15040043-1/2015_H5N8,-0.103244,0.001351,-0.058372,0.045561,PB1
3199_A/chicken/Changhua/1,A/chicken/Changhua/15050038-1/2015_H5N8,-0.06698,0.033614,-0.128508,0.090828,PB1
3200_A/chicken/Changhua/1,A/chicken/Changhua/15060029/2015_H5N8,-0.054453,0.035265,-0.12776,0.091386,PB1
3201_A/chicken/Chiayi/150,A/chicken/Chiayi/15010454-1/2015_H5N8,-0.065768,0.033931,-0.125294,0.089396,PB1
3202_A/chicken/Kaohsiung/,A/chicken/Kaohsiung/16010047/2016_H5N8,-0.102587,-0.032433,-0.075058,0.097522,PB1
3203_A/chicken/Kaohsiung/,A/chicken/Kaohsiung/16020017-2/2016_H5N8,-0.101051,-0.036921,-0.086967,0.099784,PB1
3204_A/chicken/Kaohsiung/,A/chicken/Kaohsiung/16040021-1/2016_H5N8,-0.09462,-0.031115,-0.083665,0.114873,PB1
3205_A/chicken/Kaohsiung/,A/chicken/Kaohsiung/16070003/2016_H5N8,-0.10813,-0.034797,-0.088079,0.101817,PB1
3206_A/chicken/Kaohsiung/,A/chicken/Kaohsiung/16120012/2016_H5N8,-0.10886,-0.031358,-0.086428,0.105553,PB1
3207_A/chicken/Kaohsiung/,A/chicken/Kaohsiung/16MB0889/2016_H5N8,-0.09462,-0.031115,-0.083665,0.114873,PB1
3208_A/chicken/Kaohsiung/,A/chicken/Kaohsiung/17030023/2017_H5N8,-0.099969,-0.056294,-0.083087,0.092492,PB1
3209_A/chicken/Miaoli/150,A/chicken/Miaoli/15010421-1/2015_H5N8,-0.10879,0.00533,-0.056921,0.055005,PB1
3210_A/chicken/Nantou/161,A/chicken/Nantou/16110023-1/2016_H5N8,-0.10862,-0.033891,-0.08312,0.112441,PB1
3211_A/chicken/New_Taipei,A/chicken/New_Taipei_City/16110019-1/2016_H5N8,-0.099581,-0.042771,-0.086032,0.102856,PB1
3212_A/chicken/New_Taipei,A/chicken/New_Taipei_City/16110020-2/2016_H5N8,-0.102973,-0.041835,-0.084355,0.101905,PB1
3213_A/chicken/New_Taipei,A/chicken/New_Taipei_City/17050004-2/2017_H5N8,-0.100259,-0.018178,-0.096188,0.107751,PB1
3214_A/chicken/New_Taipei,A/chicken/New_Taipei_City/17090001/2017_H5N8,-0.092414,-0.020088,-0.095994,0.099516,PB1
3215_A/chicken/New_Taipei,A/chicken/New_Taipei_City/17090002/2017_H5N8,-0.09442,-0.014964,-0.096318,0.098769,PB1
3216_A/chicken/New_Taipei,A/chicken/New_Taipei_City/17090003/2017_H5N8,-0.090375,-0.025572,-0.096889,0.097764,PB1
3217_A/chicken/Taichung/1,A/chicken/Taichung/16110017-3/2016_H5N8,-0.068114,0.055537,-0.12762,0.082588,PB1
3218_A/chicken/Tainan/150,A/chicken/Tainan/15020214/2015_H5N8,-0.109719,-0.031333,-0.086597,0.098395,PB1
3219_A/chicken/Tainan/170,A/chicken/Tainan/17030058-1/2017_H5N8,-0.109646,-0.041033,-0.07435,0.092452,PB1
3220_A/chicken/Taipei_Cit,A/chicken/Taipei_City/17090004/2017_H5N8,-0.098494,-0.017321,-0.090881,0.111973,PB1
3221_A/chicken/Taipei/160,A/chicken/Taipei/16060022-4/2016_H5N8,-0.108923,-0.037425,-0.089638,0.108413,PB1
3222_A/chicken/Taipei/160,A/chicken/Taipei/16060023-1/2016_H5N8,-0.108923,-0.037425,-0.089638,0.108413,PB1
3223_A/chicken/Taipei/161,A/chicken/Taipei/16120021/2016_H5N8,-0.107508,-0.036597,-0.07699,0.096016,PB1
3224_A/chicken/Taipei/170,A/chicken/Taipei/17050005-1/2017_H5N8,-0.102339,-0.015164,-0.087482,0.104194,PB1
3225_A/chicken/Taipei/170,A/chicken/Taipei/17050008-3/2017_H5N8,-0.099423,-0.016633,-0.087906,0.104821,PB1
3226_A/chicken/Taipei/170,A/chicken/Taipei/17050009-3/2017_H5N8,-0.102339,-0.015164,-0.087482,0.104194,PB1
3227_A/chicken/Yunlin/150,A/chicken/Yunlin/15050012/2015_H5N8,-0.104644,0.000911,-0.058041,0.054461,PB1
3228_A/chicken/Yunlin/160,A/chicken/Yunlin/16020038/2016_H5N8,-0.050555,0.022492,-0.10256,0.096695,PB1
3229_A/chicken/Yunlin/170,A/chicken/Yunlin/17010001/2017_H5N8,-0.082927,0.04856,-0.133341,0.091344,PB1
3230_A/duck/Chiayi/150800,A/duck/Chiayi/15080023/2015_H5N8,-0.07173,0.033446,-0.122518,0.094314,PB1
3231_A/duck/Eastern_China,A/duck/Eastern_China/JY/2014_H5N8,-0.057966,-0.022932,-0.045616,0.076,PB1
3232_A/duck/Eastern_China,A/duck/Eastern_China/L0405/2010_H5N8,-0.056672,-0.020402,-0.026654,0.047848,PB1
3233_A/duck/Eastern_China,A/duck/Eastern_China/L0423/2011_H5N8,-0.060627,-0.020753,-0.028822,0.05133,PB1
3234_A/duck/Eastern_China,A/duck/Eastern_China/L0611/2011_H5N8,-0.053307,-0.023713,-0.023388,0.045315,PB1
3235_A/duck/Eastern_China,A/duck/Eastern_China/L0722/2012_H5N8,-0.056728,-0.021377,-0.027762,0.048729,PB1
3236_A/duck/Eastern_China,A/duck/Eastern_China/L1021/2012_H5N8,-0.073209,-0.013018,-0.06122,0.094119,PB1
3237_A/duck/Eastern_China,A/duck/Eastern_China/L1120/2012_H5N8,-0.05165,-0.029205,-0.045675,0.064377,PB1
3238_A/duck/Eastern_China,A/duck/Eastern_China/S0215/2014_H5N8,-0.061594,-0.021425,-0.056018,0.06938,PB1
3239_A/duck/Eastern_China,A/duck/Eastern_China/S1109/2014_H5N8,-0.080319,-0.036553,-0.112788,0.07922,PB1
3240_A/duck/Eastern_China,A/duck/Eastern_China/S1210/2013_H5N8,-0.0716,0.038742,-0.102401,0.074963,PB1
3241_A/duck/Guangdong/s14,A/duck/Guangdong/s14044/2014_H5N8,-0.050514,-0.02235,-0.030609,0.060003,PB1
3242_A/duck/Hunan/11.30_Y,A/duck/Hunan/11.30_YYGK74E3-OC/2017_H5N8,-0.135346,-0.001168,-0.072962,0.079232,PB1
3243_A/duck/Shandong/Q1/2,A/duck/Shandong/Q1/2013_H5N8,-0.064191,-0.017364,-0.04221,0.062924,PB1
3244_A/duck/Tainan/150104,A/duck/Tainan/15010403/2015_H5N8,-0.067557,0.033129,-0.124014,0.089612,PB1
3245_A/duck/Taiwan/A3400/,A/duck/Taiwan/A3400/2015_H5N8,-0.109719,-0.031333,-0.086597,0.098395,PB1
3246_A/duck/Xinjiang/12.1,A/duck/Xinjiang/12.18_WLMQXL001-C/2016_H5N8,-0.137647,-0.001885,-0.080112,0.070307,PB1
3247_A/duck/Yunlin/150102,A/duck/Yunlin/15010277/2015_H5N8,-0.109255,0.004924,-0.057861,0.056742,PB1
3248_A/duck/Yunlin/150104,A/duck/Yunlin/15010458-1/2015_H5N8,-0.109918,0.005972,-0.055692,0.058772,PB1
3249_A/duck/Zhejiang/6D18,A/duck/Zhejiang/6D18/2013_H5N8,-0.077382,-0.017601,-0.047833,0.068135,PB1
3250_A/duck/Zhejiang/9250,A/duck/Zhejiang/925019/2014_H5N8,-0.065975,-0.019614,-0.063506,0.054254,PB1
3251_A/duck/Zhejiang/9251,A/duck/Zhejiang/925169/2014_H5N8,-0.06868,-0.017963,-0.066728,0.064213,PB1
3252_A/duck/Zhejiang/W24/,A/duck/Zhejiang/W24/2013_H5N8,-0.066029,-0.020332,-0.04632,0.06639,PB1
3253_A/eurasian_coot/Shan,A/eurasian_coot/Shandong/W5611/2020_H5N8,-0.116061,0.016954,-0.099366,0.062494,PB1
3254_A/eurasian_coot/Shan,A/eurasian_coot/Shandong/W6137/2020_H5N8,-0.113605,0.013593,-0.099614,0.060769,PB1
3255_A/eurasian_coot/Shan,A/eurasian_coot/Shandong/W6143/2020_H5N8,-0.113631,0.016857,-0.100366,0.060959,PB1
3256_A/eurasian_coot/Shan,A/eurasian_coot/Shandong/W6150/2020_H5N8,-0.116061,0.016954,-0.099366,0.062494,PB1
3257_A/goose/Chiayi/15020,A/goose/Chiayi/15020022/2015_H5N8,-0.105467,0.011345,-0.055072,0.061866,PB1
3258_A/goose/China/1/2021,A/goose/China/1/2021_H5N8,-0.123704,0.016999,-0.10777,0.066757,PB1
3259_A/goose/Eastern_Chin,A/goose/Eastern_China/CZ/2013_H5N8,-0.064091,-0.020076,-0.046451,0.067914,PB1
3260_A/goose/Eastern_Chin,A/goose/Eastern_China/L1204/2012_H5N8,-0.044857,-0.007104,-0.050938,0.054175,PB1
3261_A/goose/Eastern_Chin,A/goose/Eastern_China/L1214/2012_H5N8,-0.05553,-0.011001,-0.027916,0.051272,PB1
3262_A/goose/Eastern_Chin,A/goose/Eastern_China/S0408/2014_H5N8,-0.07356,-0.018726,-0.050382,0.071411,PB1
3263_A/goose/Guangdong/s1,A/goose/Guangdong/s13124/2013_H5N8,-0.050514,-0.02235,-0.030609,0.060003,PB1
3264_A/goose/Hebei/HG12/2,A/goose/Hebei/HG12/2021_H5N8,-0.122715,0.015489,-0.104368,0.062765,PB1
3265_A/goose/Jiangsu/QD5/,A/goose/Jiangsu/QD5/2014_H5N8,-0.062622,-0.02035,-0.045888,0.071116,PB1
3266_A/goose/Pingtung/150,A/goose/Pingtung/15050014/2015_H5N8,-0.10484,-0.030145,-0.087472,0.103402,PB1
3267_A/goose/Pingtung/160,A/goose/Pingtung/16010061/2016_H5N8,-0.10259,-0.031044,-0.075192,0.098606,PB1
3268_A/goose/Tainan/16040,A/goose/Tainan/16040018-1/2016_H5N8,-0.08912,-0.053016,-0.074205,0.106365,PB1
3269_A/goose/Tainan/16070,A/goose/Tainan/16070002/2016_H5N8,-0.102001,-0.054898,-0.081649,0.095244,PB1
3270_A/goose/Taiwan/01019,A/goose/Taiwan/01019/2015_H5N8,-0.056933,0.034115,-0.119602,0.088339,PB1
3271_A/goose/Taiwan/01039,A/goose/Taiwan/01039/2015_H5N8,-0.104294,-0.000324,-0.057013,0.054892,PB1
3272_A/goose/Taiwan/TNC1/,A/goose/Taiwan/TNC1/2015_H5N8,-0.10879,0.00533,-0.056921,0.055005,PB1
3273_A/goose/Taiwan/TNC10,A/goose/Taiwan/TNC10/2015_H5N8,-0.108061,0.003242,-0.056064,0.058574,PB1
3274_A/goose/Taiwan/TNC11,A/goose/Taiwan/TNC11/2015_H5N8,-0.067412,0.037087,-0.121088,0.088944,PB1
3275_A/goose/Taiwan/TNC12,A/goose/Taiwan/TNC12/2015_H5N8,-0.10879,0.00533,-0.056921,0.055005,PB1
3276_A/goose/Taiwan/TNC14,A/goose/Taiwan/TNC14/2015_H5N8,-0.108061,0.003242,-0.056064,0.058574,PB1
3277_A/goose/Taiwan/TNC3/,A/goose/Taiwan/TNC3/2015_H5N8,-0.109325,0.004782,-0.064612,0.057374,PB1
3278_A/goose/Taiwan/TNC7/,A/goose/Taiwan/TNC7/2015_H5N8,-0.109495,0.005394,-0.056113,0.054223,PB1
3279_A/goose/Taiwan/TNC9/,A/goose/Taiwan/TNC9/2015_H5N8,-0.10879,0.00533,-0.056921,0.055005,PB1
3280_A/goose/Taiwan/TNO15,A/goose/Taiwan/TNO15/2015_H5N8,-0.065768,0.033931,-0.125294,0.089396,PB1
3281_A/goose/Taiwan/TNO3/,A/goose/Taiwan/TNO3/2015_H5N8,-0.10481,-0.005852,-0.054106,0.050525,PB1
3282_A/goose/Taiwan/TNO9/,A/goose/Taiwan/TNO9/2015_H5N8,-0.067412,0.037087,-0.121088,0.088944,PB1
3283_A/goose/Taoyuan/1501,A/goose/Taoyuan/15010041/2015_H5N8,-0.10879,0.00533,-0.056921,0.055005,PB1
3284_A/goose/Xinjiang/12.,A/goose/Xinjiang/12.18_WLMQXL003-C/2016_H5N8,-0.131604,-0.003211,-0.088261,0.066864,PB1
3285_A/goose/Xinjiang/12.,A/goose/Xinjiang/12.18_WLMQXL003-O/2016_H5N8,-0.131604,-0.003211,-0.088261,0.066864,PB1
3286_A/goose/Xinjiang/12.,A/goose/Xinjiang/12.18_WLMQXL004-C/2016_H5N8,-0.129796,-0.001836,-0.087752,0.065535,PB1
3287_A/goose/Xinjiang/12.,A/goose/Xinjiang/12.18_WLMQXL004-O/2016_H5N8,-0.131604,-0.003211,-0.088261,0.066864,PB1
3288_A/goose/Yangzhou/042,A/goose/Yangzhou/0420/2014_H5N8,-0.054049,-0.024753,-0.026575,0.068959,PB1
3289_A/goose/Yunlin/15040,A/goose/Yunlin/15040040/2015_H5N8,-0.065676,0.032244,-0.126147,0.086531,PB1
3290_A/goose/Zhejiang/925,A/goose/Zhejiang/925037/2014_H5N8,-0.065865,-0.004182,-0.080179,0.088615,PB1
3291_A/goose/Zhejiang/925,A/goose/Zhejiang/925104/2014_H5N8,-0.072176,-0.014111,-0.049735,0.073028,PB1
3292_A/mallard/Shanghai/S,A/mallard/Shanghai/SH-9/2013_H5N8,-0.064082,-0.02148,-0.052865,0.059478,PB1
3293_A/swan/China/ST/2016,A/swan/China/ST/2016_H5N8,-0.127774,0.002863,-0.086954,0.07524,PB1
3294_A/swan/Shandong/W376,A/swan/Shandong/W3762/2020_H5N8,-0.065919,-0.022671,-0.115983,0.050324,PB1
3295_A/turkey/Chiayi/1702,A/turkey/Chiayi/17020092-2/2017_H5N8,-0.108088,-0.037611,-0.084612,0.101544,PB1
3296_A/whooper_swan/Shanx,A/whooper_swan/Shanxi/RC01/2016_H5N8,-0.134407,-0.001073,-0.088151,0.070789,PB1
3297_A/wild_duck/Shandong,A/wild_duck/Shandong/W3580/2020_H5N8,-0.117031,0.016639,-0.103715,0.059918,PB1
3298_A/Anser_cygnoides/Hu,A/Anser_cygnoides/Hubei/FW44/2016,-0.106821,0.102323,-0.050645,0.064819,PB2
3299_A/bar_headed_goose/T,A/bar_headed_goose/Tibet/T1707/2021,-0.136249,0.106778,-0.061985,0.096597,PB2
3300_A/Bar-headed_Goose/Q,A/Bar-headed_Goose/Qinghai/A11/2016,-0.115897,0.106438,-0.049195,0.067872,PB2
3301_A/Bar-headed_Goose/Q,A/Bar-headed_Goose/Qinghai/A13/2016,-0.114832,0.099978,-0.052134,0.068832,PB2
3302_A/Bar-headed_Goose/Q,A/Bar-headed_Goose/Qinghai/a15/2016,-0.116717,0.100549,-0.050189,0.065725,PB2
3303_A/Bar-headed_Goose/Q,A/Bar-headed_Goose/Qinghai/A16/2016,-0.118176,0.100846,-0.053882,0.067472,PB2
3304_A/Bar-headed_Goose/Q,A/Bar-headed_Goose/Qinghai/A17/2016,-0.117561,0.101004,-0.053867,0.062363,PB2
3305_A/Bar-headed_Goose/Q,A/Bar-headed_Goose/Qinghai/A19/2016,-0.11676,0.099998,-0.049558,0.064497,PB2
3306_A/Bar-headed_Goose/Q,A/Bar-headed_Goose/Qinghai/A20/2016,-0.116703,0.107093,-0.048259,0.06552,PB2
3307_A/Bar-headed_Goose/Q,A/Bar-headed_Goose/Qinghai/A22/2016,-0.11809,0.099003,-0.038247,0.065641,PB2
3308_A/Bar-headed_Goose/Q,A/Bar-headed_Goose/Qinghai/A23/2016,-0.116717,0.100549,-0.050189,0.065725,PB2
3309_A/Bar-headed_Goose/Q,A/Bar-headed_Goose/Qinghai/a24/2016,-0.116859,0.100339,-0.05066,0.064002,PB2
3310_A/Bar-headed_Goose/Q,A/Bar-headed_Goose/Qinghai/a26/2016,-0.116717,0.100549,-0.050189,0.065725,PB2
3311_A/Bar-headed_Goose/Q,A/Bar-headed_Goose/Qinghai/a27/2016,-0.117853,0.101072,-0.043223,0.066899,PB2
3312_A/Bar-headed_Goose/Q,A/Bar-headed_Goose/Qinghai/a32/2016,-0.11901,0.103835,-0.052786,0.065568,PB2
3313_A/Bar-headed_Goose/Q,A/Bar-headed_Goose/Qinghai/a43/2016,-0.11689,0.101292,-0.048985,0.064789,PB2
3314_A/Bar-headed_Goose/Q,A/Bar-headed_Goose/Qinghai/a45/2016,-0.114332,0.101913,-0.054299,0.067594,PB2
3315_A/Bar-headed_Goose/Q,A/Bar-headed_Goose/Qinghai/a61/2016,-0.116717,0.100549,-0.050189,0.065725,PB2
3316_A/Bar-headed_Goose/Q,A/Bar-headed_Goose/Qinghai/a88/2016,-0.118072,0.098576,-0.039298,0.065982,PB2
3317_A/Bar-headed_Goose/Q,A/Bar-headed_Goose/Qinghai/a91/2016,-0.118072,0.098576,-0.039298,0.065982,PB2
3318_A/Bar-headed_Goose/Q,A/Bar-headed_Goose/Qinghai/a92/2016,-0.119031,0.099114,-0.040532,0.067419,PB2
3319_A/Bar-headed_Goose/Q,A/Bar-headed_Goose/Qinghai/a93/2016,-0.123953,0.101483,-0.052288,0.06795,PB2
3320_A/Bar-headed_Goose/Q,A/Bar-headed_Goose/Qinghai/a113/2016,-0.114064,0.101561,-0.051528,0.065833,PB2
3321_A/Bar-headed_Goose/Q,A/Bar-headed_Goose/Qinghai/a114/2016,-0.117561,0.101004,-0.053867,0.062363,PB2
3322_A/Bar-headed_Goose/Q,A/Bar-headed_Goose/Qinghai/a115/2016,-0.115291,0.107362,-0.050195,0.063593,PB2
3323_A/Bar-headed_Goose/Q,A/Bar-headed_Goose/Qinghai/a210/2017,-0.116484,0.096135,-0.04753,0.069567,PB2
3324_A/Bar-headed_Goose/Q,A/Bar-headed_Goose/Qinghai/a218/2017,-0.115423,0.097658,-0.048747,0.067195,PB2
3325_A/Bar-headed_Goose/Q,A/Bar-headed_Goose/Qinghai/a237/2017,-0.119854,0.13167,-0.071794,0.06336,PB2
3326_A/Bar-headed_Goose/Q,A/Bar-headed_Goose/Qinghai/a765/2017,-0.119722,0.098229,-0.04821,0.066815,PB2
3327_A/Bar-headed_Goose/Q,A/Bar-headed_Goose/Qinghai/a893/2017,-0.11536,0.097403,-0.04768,0.071488,PB2
3328_A/Bar-headed_Goose/Q,A/Bar-headed_Goose/Qinghai/B11/2016,-0.122845,0.093262,-0.038975,0.059851,PB2
3329_A/Bar-headed_Goose/Q,A/Bar-headed_Goose/Qinghai/B12/2016,-0.123123,0.09534,-0.052352,0.062458,PB2
3330_A/Bar-headed_Goose/Q,A/Bar-headed_Goose/Qinghai/B34/2016,-0.123436,0.09824,-0.054498,0.068089,PB2
3331_A/Bar-headed_Goose/Q,A/Bar-headed_Goose/Qinghai/B44/2016,-0.116711,0.10096,-0.049152,0.065388,PB2
3332_A/Bar-headed_Goose/Q,A/Bar-headed_Goose/Qinghai/B51/2016,-0.114064,0.101561,-0.051528,0.065833,PB2
3333_A/Bar-headed_Goose/Q,A/Bar-headed_Goose/Qinghai/B54/2016,-0.118072,0.098576,-0.039298,0.065982,PB2
3334_A/Bar-headed_Goose/Q,A/Bar-headed_Goose/Qinghai/B655/2017,-0.114508,0.097111,-0.04758,0.065829,PB2
3335_A/Bar-headed_Goose/Q,A/Bar-headed_Goose/Qinghai/BTY1-B/2016,-0.118072,0.098576,-0.039298,0.065982,PB2
3336_A/Bar-headed_Goose/Q,A/Bar-headed_Goose/Qinghai/BTY2-B/2016,-0.119041,0.10119,-0.048338,0.067033,PB2
3337_A/Bar-headed_Goose/Q,A/Bar-headed_Goose/Qinghai/BTY2-LU/2016,-0.117927,0.101089,-0.049614,0.068269,PB2
3338_A/Bar-headed_Goose/Q,A/Bar-headed_Goose/Qinghai/BTY3-B/2016,-0.117789,0.097884,-0.040316,0.066904,PB2
3339_A/Bar-headed_Goose/Q,A/Bar-headed_Goose/Qinghai/BTY3-LU/2016,-0.11779,0.094811,-0.041225,0.066219,PB2
3340_A/Bar-headed_Goose/Q,A/Bar-headed_Goose/Qinghai/BTY4-B/2016,-0.111283,0.104239,-0.041297,0.068059,PB2
3341_A/Bar-headed_Goose/Q,A/Bar-headed_Goose/Qinghai/BTY4-LU/2016,-0.118072,0.098576,-0.039298,0.065982,PB2
3342_A/Bar-headed_Goose/Q,A/Bar-headed_Goose/Qinghai/BTY5-B/2016,-0.119892,0.097143,-0.038649,0.067687,PB2
3343_A/Bar-headed_Goose/Q,A/Bar-headed_Goose/Qinghai/BTY6-B/2016,-0.116433,0.09986,-0.051206,0.066646,PB2
3344_A/Bar-headed_Goose/Q,A/Bar-headed_Goose/Qinghai/BTY6-LU/2016,-0.116717,0.100549,-0.050189,0.065725,PB2
3345_A/Bar-headed_Goose/Q,A/Bar-headed_Goose/Qinghai/BTY7-B/2016,-0.118446,0.10676,-0.051613,0.068728,PB2
3346_A/Bar-headed_Goose/Q,A/Bar-headed_Goose/Qinghai/BTY7-LU1/2016,-0.118446,0.10676,-0.051613,0.068728,PB2
3347_A/Bar-headed_Goose/Q,A/Bar-headed_Goose/Qinghai/BTY7-LU2/2016,-0.114227,0.104085,-0.051786,0.065438,PB2
3348_A/Bar-headed_Goose/Q,A/Bar-headed_Goose/Qinghai/BTY8-B/2016,-0.118072,0.098576,-0.039298,0.065982,PB2
3349_A/Bar-headed_Goose/Q,A/Bar-headed_Goose/Qinghai/BTY8-LU/2016,-0.118072,0.098576,-0.039298,0.065982,PB2
3350_A/Bar-headed_Goose/Q,A/Bar-headed_Goose/Qinghai/BTY9-B/2016,-0.122957,0.094072,-0.05289,0.074206,PB2
3351_A/Bar-headed_Goose/Q,A/Bar-headed_Goose/Qinghai/BTY9-LU/2016,-0.121716,0.089769,-0.053583,0.073007,PB2
3352_A/Bar-headed_Goose/Q,A/Bar-headed_Goose/Qinghai/BTY10-B/2016,-0.117633,0.100095,-0.049901,0.066294,PB2
3353_A/Bar-headed_Goose/Q,A/Bar-headed_Goose/Qinghai/BTY10-LU/2016,-0.116433,0.09986,-0.051206,0.066646,PB2
3354_A/Bar-headed_Goose/Q,A/Bar-headed_Goose/Qinghai/BTY11-B/2016,-0.118263,0.101679,-0.052435,0.06633,PB2
3355_A/Bar-headed_Goose/Q,A/Bar-headed_Goose/Qinghai/BTY11-LU/2016,-0.119536,0.106097,-0.051768,0.067586,PB2
3356_A/Bar-headed_Goose/Q,A/Bar-headed_Goose/Qinghai/BTY12-B/2016,-0.117904,0.099096,-0.038501,0.066382,PB2
3357_A/Bar-headed_Goose/Q,A/Bar-headed_Goose/Qinghai/BTY12-LU/2016,-0.117904,0.099096,-0.038501,0.066382,PB2
3358_A/Bar-headed_Goose/Q,A/Bar-headed_Goose/Qinghai/BTY13-B/2016,-0.116717,0.100549,-0.050189,0.065725,PB2
3359_A/Bar-headed_Goose/Q,A/Bar-headed_Goose/Qinghai/BTY13-LU/2016,-0.115603,0.100448,-0.051466,0.066961,PB2
3360_A/Bar-headed_Goose/Q,A/Bar-headed_Goose/Qinghai/BTY14-B/2016,-0.11505,0.10012,-0.050626,0.066468,PB2
3361_A/Bar-headed_Goose/Q,A/Bar-headed_Goose/Qinghai/BTY14-LU/2016,-0.114667,0.102038,-0.048074,0.06519,PB2
3362_A/Bar-headed_Goose/Q,A/Bar-headed_Goose/Qinghai/BTY15-B/2016,-0.117807,0.099886,-0.050345,0.064583,PB2
3363_A/Bar-headed_Goose/Q,A/Bar-headed_Goose/Qinghai/BTY15-LU/2016,-0.116399,0.096767,-0.052068,0.065907,PB2
3364_A/Bar-headed_Goose/Q,A/Bar-headed_Goose/Qinghai/BTY16-B/2016,-0.119536,0.106097,-0.051768,0.067586,PB2
3365_A/Bar-headed_Goose/Q,A/Bar-headed_Goose/Qinghai/BTY16-LU/2016,-0.119368,0.107281,-0.052798,0.070109,PB2
3366_A/Bar-headed_Goose/Q,A/Bar-headed_Goose/Qinghai/BTY17-B/2016,-0.119031,0.099114,-0.040532,0.067419,PB2
3367_A/Bar-headed_Goose/Q,A/Bar-headed_Goose/Qinghai/BTY17-LU/2016,-0.117898,0.093593,-0.040169,0.0637,PB2
3368_A/Bar-headed_Goose/Q,A/Bar-headed_Goose/Qinghai/BTY18-B/2016,-0.121702,0.099721,-0.049915,0.065834,PB2
3369_A/Bar-headed_Goose/Q,A/Bar-headed_Goose/Qinghai/BTY18-LU/2016,-0.121534,0.100906,-0.050945,0.068358,PB2
3370_A/Bar-headed_Goose/Q,A/Bar-headed_Goose/Qinghai/HDT001/2016,-0.11676,0.099998,-0.049558,0.064497,PB2
3371_A/Bar-headed_Goose/Q,A/Bar-headed_Goose/Qinghai/p2/2016,-0.116717,0.100549,-0.050189,0.065725,PB2
3372_A/Bar-headed_Goose/Q,A/Bar-headed_Goose/Qinghai/p9/2016,-0.120687,0.094061,-0.044912,0.067862,PB2
3373_A/Bar-headed_Goose/Q,A/Bar-headed_Goose/Qinghai/p18/2016,-0.118072,0.098576,-0.039298,0.065982,PB2
3374_A/Bar-headed_Goose/Q,A/Bar-headed_Goose/Qinghai/XX13/2016,-0.117251,0.104764,-0.050892,0.069324,PB2
3375_A/Bar-headed_Goose/Q,A/Bar-headed_Goose/Qinghai/XX22/2016,-0.116717,0.100549,-0.050189,0.065725,PB2
3376_A/Bar-headed_Goose/Q,A/Bar-headed_Goose/Qinghai/XX76/2016,-0.116433,0.09986,-0.051206,0.066646,PB2
3377_A/Bar-headed_Goose/Q,A/Bar-headed_Goose/Qinghai/XX111/2016,-0.116717,0.100549,-0.050189,0.065725,PB2
3378_A/Bar-headed_Goose/Q,A/Bar-headed_Goose/Qinghai/XX446/2016,-0.114064,0.101561,-0.051528,0.065833,PB2
3379_A/Bar-headed_Goose/Q,A/Bar-headed_Goose/Qinghai/XX782/2016,-0.116717,0.100549,-0.050189,0.065725,PB2
3380_A/Bar-headed_Goose/Q,A/Bar-headed_Goose/Qinghai/XXI122/2016,-0.116717,0.100549,-0.050189,0.065725,PB2
3381_A/Bar-headed_Goose/T,A/Bar-headed_Goose/Tibet/XZ6/2021,-0.131098,0.115277,-0.054575,0.089388,PB2
3382_A/Bar-headed_Goose/T,A/Bar-headed_Goose/Tibet/XZ71/2021,-0.134458,0.108187,-0.062623,0.094919,PB2
3383_A/Bar-headed_Goose/T,A/Bar-headed_Goose/Tibet/XZ81/2021,-0.132667,0.109597,-0.063261,0.093242,PB2
3384_A/Bar-headed_Goose/T,A/Bar-headed_Goose/Tibet/XZ181/2021,-0.131598,0.114765,-0.061762,0.091602,PB2
3385_A/Bar-headed_Goose/T,A/Bar-headed_Goose/Tibet/XZQ5-1/2021,-0.134458,0.108187,-0.062623,0.094919,PB2
3386_A/Bar-headed_Goose/T,A/Bar-headed_Goose/Tibet/XZQ7/2021,-0.134457,0.10912,-0.064236,0.09574,PB2
3387_A/Bar-headed_Goose/T,A/Bar-headed_Goose/Tibet/XZQ8-1/2021,-0.134457,0.10912,-0.064236,0.09574,PB2
3388_A/Bar-headed_Goose/T,A/Bar-headed_Goose/Tibet/XZQ9-1/2021,-0.134457,0.10912,-0.064236,0.09574,PB2
3389_A/Bar-headed_Goose/T,A/Bar-headed_Goose/Tibet/XZQ10-1/2021,-0.134457,0.10912,-0.064236,0.09574,PB2
3390_A/Bar-headed_Goose/T,A/Bar-headed_Goose/Tibet/XZQ13-1/2021,-0.134771,0.112628,-0.063361,0.087124,PB2
3391_A/Bar-headed_Goose/T,A/Bar-headed_Goose/Tibet/XZQ17-1/2021,-0.131598,0.114765,-0.061762,0.091602,PB2
3392_A/Bar-headed_Goose/T,A/Bar-headed_Goose/Tibet/XZQ18-1/2021,-0.131098,0.115277,-0.054575,0.089388,PB2
3393_A/bean_goose/Hubei/B,A/bean_goose/Hubei/BQ11/2020,-0.127927,0.107206,-0.057818,0.080443,PB2
3394_A/Bean_Goose/Hubei/c,A/Bean_Goose/Hubei/chenhu__XVI311-2_/2016_H5N8,-0.078914,0.098132,-0.037614,0.057988,PB2
3395_A/Bean_goose/Hubei/C,A/Bean_goose/Hubei/CH-i119/2017,-0.112378,0.100533,-0.052763,0.064376,PB2
3396_A/Bean_goose/Hubei/C,A/Bean_goose/Hubei/CH-i122/2017_H5N8,-0.115653,0.103982,-0.053497,0.063963,PB2
3397_A/Bean_goose/Hubei/C,A/Bean_goose/Hubei/CH-i320/2017_H5N8,-0.116575,0.103839,-0.052856,0.063221,PB2
3398_A/black_swan/Beijing,A/black_swan/Beijing/1/2021,-0.126783,0.104467,-0.05572,0.082322,PB2
3399_A/black-backed_gull/,A/black-backed_gull/Shandong/SC189/2021,-0.126799,0.104048,-0.053116,0.090613,PB2
3400_A/Brown-headed_Gull/,A/Brown-headed_Gull/Qinghai/ZTO1-B/2016,-0.123151,0.10554,-0.045782,0.062772,PB2
3401_A/Brown-headed_Gull/,A/Brown-headed_Gull/Qinghai/ZTO1-LU/2016,-0.122126,0.106371,-0.046219,0.0618,PB2
3402_A/Brown-headed_Gull/,A/Brown-headed_Gull/Qinghai/ZTO3-B/2016,-0.11764,0.10107,-0.051375,0.067106,PB2
3403_A/Brown-headed_Gull/,A/Brown-headed_Gull/Qinghai/ZTO3-LU/2016,-0.11764,0.10107,-0.051375,0.067106,PB2
3404_A/Brown-headed_Gull/,A/Brown-headed_Gull/Qinghai/ZTO4-B/2016,-0.11689,0.101292,-0.048985,0.064789,PB2
3405_A/Brown-headed_Gull/,A/Brown-headed_Gull/Qinghai/ZTO5-B/2016,-0.117904,0.099096,-0.038501,0.066382,PB2
3406_A/Brown-headed_Gull/,A/Brown-headed_Gull/Qinghai/ZTO5-K/2016,-0.118856,0.099656,-0.039719,0.067805,PB2
3407_A/Brown-headed_Gull/,A/Brown-headed_Gull/Qinghai/ZTO6-MU/2016,-0.116039,0.100761,-0.048953,0.063823,PB2
3408_A/Brown-headed_Gull/,A/Brown-headed_Gull/Qinghai/ZTO6-SP/2016,-0.119368,0.107281,-0.052798,0.070109,PB2
3409_A/brown-headed_gull/,A/brown-headed_gull/Tibet/1-1/2021,-0.133363,0.108654,-0.064275,0.090684,PB2
3410_A/Brown-headed_Gull/,A/Brown-headed_Gull/Tibet/XZ19/2021,-0.131598,0.114765,-0.061762,0.091602,PB2
3411_A/Brown-headed_Gull/,A/Brown-headed_Gull/Tibet/XZQ15-2/2021,-0.133754,0.109999,-0.067415,0.088461,PB2
3412_A/Brown-headed_Gull/,A/Brown-headed_Gull/Tibet/XZQ16-2/2021,-0.133615,0.11081,-0.069277,0.08656,PB2
3413_A/chicken/Changhua/1,A/chicken/Changhua/15040036-1/2015,-0.111951,0.152562,-0.081991,0.053129,PB2
3414_A/chicken/Changhua/1,A/chicken/Changhua/15040037-2/2015,-0.115673,0.144168,-0.087308,0.046691,PB2
3415_A/chicken/Changhua/1,A/chicken/Changhua/15040042/2015,-0.115335,0.145281,-0.090836,0.044543,PB2
3416_A/chicken/Changhua/1,A/chicken/Changhua/15040043-1/2015,-0.115335,0.145281,-0.090836,0.044543,PB2
3417_A/chicken/Changhua/1,A/chicken/Changhua/15050038-1/2015,-0.116811,0.14261,-0.092277,0.051667,PB2
3418_A/chicken/Changhua/1,A/chicken/Changhua/15060029/2015,-0.111149,0.137937,-0.090609,0.05238,PB2
3419_A/chicken/Chiayi/150,A/chicken/Chiayi/15010454-1/2015,-0.113926,0.141863,-0.090459,0.048806,PB2
3420_A/chicken/Kaohsiung/,A/chicken/Kaohsiung/16MB0889/2016,-0.082631,0.047539,-0.019512,0.091847,PB2
3421_A/chicken/Kaohsiung/,A/chicken/Kaohsiung/16010047/2016,-0.072943,0.044779,-0.023166,0.093526,PB2
3422_A/chicken/Kaohsiung/,A/chicken/Kaohsiung/16020017-2/2016,-0.061296,0.047204,-0.016842,0.095316,PB2
3423_A/chicken/Kaohsiung/,A/chicken/Kaohsiung/16040021-1/2016,-0.082631,0.047539,-0.019512,0.091847,PB2
3424_A/chicken/Kaohsiung/,A/chicken/Kaohsiung/16070003/2016,-0.057463,0.046678,-0.020624,0.082592,PB2
3425_A/chicken/Kaohsiung/,A/chicken/Kaohsiung/16120012/2016,-0.055552,0.04257,-0.013392,0.09931,PB2
3426_A/chicken/Kaohsiung/,A/chicken/Kaohsiung/17030023/2017,-0.056944,0.056947,-0.014519,0.091023,PB2
3427_A/chicken/Miaoli/150,A/chicken/Miaoli/15010421-1/2015,-0.112839,0.144405,-0.087654,0.048593,PB2
3428_A/chicken/Nantou/161,A/chicken/Nantou/16110023-1/2016,-0.059248,0.045385,-0.019034,0.095564,PB2
3429_A/chicken/New_Taipei,A/chicken/New_Taipei_City/16110019-1/2016,-0.059338,0.055543,-0.019094,0.093099,PB2
3430_A/chicken/New_Taipei,A/chicken/New_Taipei_City/16110020-2/2016,-0.061147,0.05866,-0.016931,0.094337,PB2
3431_A/chicken/New_Taipei,A/chicken/New_Taipei_City/17050004-2/2017,-0.062169,0.05372,-0.000506,0.108977,PB2
3432_A/chicken/New_Taipei,A/chicken/New_Taipei_City/17090001/2017,-0.067649,0.054315,-0.012624,0.106484,PB2
3433_A/chicken/New_Taipei,A/chicken/New_Taipei_City/17090002/2017,-0.068476,0.051831,-0.011618,0.105292,PB2
3434_A/chicken/New_Taipei,A/chicken/New_Taipei_City/17090003/2017,-0.067298,0.050411,-0.010975,0.109082,PB2
3435_A/chicken/Shandong/K,A/chicken/Shandong/KD02699/2013,-0.106466,0.100853,-0.100267,0.047444,PB2
3436_A/chicken/Taichung/1,A/chicken/Taichung/16110017-3/2016,-0.123702,0.144379,-0.08604,0.045015,PB2
3437_A/chicken/Tainan/150,A/chicken/Tainan/15020214/2015,-0.057395,0.039925,-0.022287,0.095857,PB2
3438_A/chicken/Tainan/170,A/chicken/Tainan/17030058-1/2017,-0.05592,0.047382,-0.024644,0.094367,PB2
3439_A/chicken/Taipei_Cit,A/chicken/Taipei_City/17090004/2017,-0.068889,0.043923,-0.012079,0.111599,PB2
3440_A/chicken/Taipei/160,A/chicken/Taipei/16060022-4/2016,-0.06173,0.04762,-0.018026,0.090759,PB2
3441_A/chicken/Taipei/160,A/chicken/Taipei/16060023-1/2016,-0.061413,0.042523,-0.017146,0.088699,PB2
3442_A/chicken/Taipei/161,A/chicken/Taipei/16120021/2016,-0.057535,0.043837,-0.015845,0.095277,PB2
3443_A/chicken/Taipei/170,A/chicken/Taipei/17050005-1/2017,-0.057446,0.050661,-0.010255,0.108026,PB2
3444_A/chicken/Taipei/170,A/chicken/Taipei/17050008-3/2017,-0.061607,0.050694,-0.003788,0.109965,PB2
3445_A/chicken/Taipei/170,A/chicken/Taipei/17050009-3/2017,-0.061295,0.045689,-0.002924,0.107942,PB2
3446_A/chicken/Taiwan/x37,A/chicken/Taiwan/x37/2016,-0.062871,0.042639,-0.010818,0.10083,PB2
3447_A/chicken/Yunlin/150,A/chicken/Yunlin/15050012/2015,-0.116002,0.150907,-0.088446,0.052179,PB2
3448_A/chicken/Yunlin/160,A/chicken/Yunlin/16020038/2016,-0.120044,0.138218,-0.087673,0.043456,PB2
3449_A/chicken/Yunlin/170,A/chicken/Yunlin/17010001/2017,-0.112265,0.154873,-0.104209,0.046804,PB2
3450_A/Chlidonias_hybrida,A/Chlidonias_hybrida/Hubei/55/2020,-0.120995,0.10771,-0.060285,0.087797,PB2
3451_A/common_coot/Shando,A/common_coot/Shandong/SC197/2021,-0.128347,0.105475,-0.054157,0.085912,PB2
3452_A/common_crane/Yunna,A/common_crane/Yunnan-Huize/27/2021(H5N8),-0.131383,0.11481,-0.061049,0.095856,PB2
3453_A/common_pochard/Nin,A/common_pochard/Ningxia/243/2020,-0.093397,0.034396,-0.00133,0.086802,PB2
3454_A/common_teal/Ningxi,A/common_teal/Ningxia/105/2020,-0.128366,0.108138,-0.059416,0.082628,PB2
3455_A/common_teal/Ningxi,A/common_teal/Ningxia/181/2020,-0.093397,0.034396,-0.00133,0.086802,PB2
3456_A/common_teal/Ningxi,A/common_teal/Ningxia/189/2020,-0.104196,0.044733,-0.000718,0.08397,PB2
3457_A/common_teal/Ningxi,A/common_teal/Ningxia/237/2020,-0.093397,0.034396,-0.00133,0.086802,PB2
3458_A/common_teal/Ningxi,A/common_teal/Ningxia/245/2020,-0.095364,0.035074,-0.002625,0.087036,PB2
3459_A/common_teal/Ningxi,A/common_teal/Ningxia/253/2020,-0.093397,0.034396,-0.00133,0.086802,PB2
3460_A/common_teal/Shaanx,A/common_teal/Shaanxi/SXY1-1/2020,-0.126699,0.107709,-0.059853,0.083371,PB2
3461_A/Cygnus_atratus/Hub,A/Cygnus_atratus/Hubei/2Z2-O/2016,-0.10061,0.099912,-0.051936,0.070159,PB2
3462_A/Cygnus_atratus/Hub,A/Cygnus_atratus/Hubei/HF-1/2016,-0.106591,0.097204,-0.050787,0.066676,PB2
3463_A/Cygnus_columbianus,A/Cygnus_columbianus/Hubei/49/2020,-0.125559,0.104844,-0.058048,0.091999,PB2
3464_A/Cygnus_columbianus,A/Cygnus_columbianus/Hubei/50/2020,-0.129437,0.11152,-0.055014,0.089327,PB2
3465_A/Cygnus_columbianus,A/Cygnus_columbianus/Hubei/51/2020,-0.131305,0.107475,-0.054101,0.087208,PB2
3466_A/Cygnus_columbianus,A/Cygnus_columbianus/Hubei/52/2020,-0.129052,0.108809,-0.056573,0.089164,PB2
3467_A/Cygnus_columbianus,A/Cygnus_columbianus/Hubei/53/2020,-0.129941,0.107738,-0.056428,0.092198,PB2
3468_A/Cygnus_columbianus,A/Cygnus_columbianus/Hubei/56/2020,-0.128742,0.111048,-0.059729,0.086392,PB2
3469_A/Cygnus_columbianus,A/Cygnus_columbianus/Hubei/116/2020,-0.134261,0.114377,-0.058229,0.0896,PB2
3470_A/duck/Chiayi/150800,A/duck/Chiayi/15080023/2015,-0.115143,0.140652,-0.094499,0.060175,PB2
3471_A/duck/Eastern_China,A/duck/Eastern_China/JY/2014,-0.094615,0.044303,-0.054535,0.091633,PB2
3472_A/duck/Eastern_China,A/duck/Eastern_China/L0405/2010,-0.114001,0.104106,-0.103233,0.047914,PB2
3473_A/duck/Eastern_China,A/duck/Eastern_China/L0423/2011,-0.116072,0.103063,-0.090774,0.060846,PB2
3474_A/duck/Eastern_China,A/duck/Eastern_China/L0611/2011,-0.118539,0.102722,-0.092479,0.060168,PB2
3475_A/duck/Eastern_China,A/duck/Eastern_China/L0722/2012,-0.118886,0.100301,-0.097078,0.054284,PB2
3476_A/duck/Eastern_China,A/duck/Eastern_China/L1021/2012,-0.113732,0.100013,-0.092495,0.060793,PB2
3477_A/duck/Eastern_China,A/duck/Eastern_China/L1120/2012,-0.110842,0.099688,-0.090957,0.053294,PB2
3478_A/duck/Eastern_China,A/duck/Eastern_China/S0215/2014,-0.087661,0.049146,-0.044914,0.099597,PB2
3479_A/duck/Eastern_China,A/duck/Eastern_China/S1109/2014,-0.079896,0.050739,-0.050471,0.088924,PB2
3480_A/duck/Eastern_China,A/duck/Eastern_China/S1210/2013,-0.084863,0.045229,-0.044496,0.095066,PB2
3481_A/duck/Guangdong/KGZ,A/duck/Guangdong/KGZ15783/2021,-0.129367,0.103012,-0.053356,0.083411,PB2
3482_A/duck/Guangdong/KGZ,A/duck/Guangdong/KGZ16015/2021,-0.12675,0.108406,-0.049792,0.08991,PB2
3483_A/duck/Guangdong/S12,A/duck/Guangdong/S1269/2021,-0.123407,0.11227,-0.051189,0.07836,PB2
3484_A/duck/Guangdong/s14,A/duck/Guangdong/s14044/2014,-0.11348,0.10215,-0.073311,0.055379,PB2
3485_A/duck/Guangxi/S1009,A/duck/Guangxi/S10099/2021,-0.127536,0.110678,-0.056437,0.096954,PB2
3486_A/duck/Guangxi/S1026,A/duck/Guangxi/S10263/2021,-0.127213,0.105485,-0.055541,0.094855,PB2
3487_A/duck/Guangxi/S1104,A/duck/Guangxi/S11043/2021,-0.11532,0.111106,-0.052317,0.094681,PB2
3488_A/duck/Guangxi/S2119,A/duck/Guangxi/S21194/2021,-0.13293,0.11253,-0.050488,0.104995,PB2
3489_A/duck/Hebei/S1070/2,A/duck/Hebei/S1070/2021,-0.127388,0.106013,-0.057076,0.081215,PB2
3490_A/duck/Henan/S1381/2,A/duck/Henan/S1381/2021,-0.126457,0.10006,-0.053498,0.085363,PB2
3491_A/duck/Hunan/11.30_Y,A/duck/Hunan/11.30_YYGK74E3-OC/2017,-0.11648,0.126581,-0.069724,0.065959,PB2
3492_A/duck/Jiangxi/S1025,A/duck/Jiangxi/S10252/2021,-0.109283,0.108853,-0.052376,0.078633,PB2
3493_A/duck/Shandong/11.1,A/duck/Shandong/11.14_DL-DKd11/2013(H5N8),-0.088564,0.046041,-0.054621,0.092461,PB2
3494_A/duck/Shandong/11.1,A/duck/Shandong/11.14_RD/2013(H5N8),-0.088564,0.046041,-0.054621,0.092461,PB2
3495_A/duck/Shandong/Q1/2,A/duck/Shandong/Q1/2013,-0.112489,0.100241,-0.08835,0.051269,PB2
3496_A/duck/Tainan/150104,A/duck/Tainan/15010403/2015,-0.110313,0.146256,-0.090115,0.054122,PB2
3497_A/duck/Taiwan/a068/2,A/duck/Taiwan/a068/2015,-0.057637,0.039754,-0.022959,0.097834,PB2
3498_A/duck/Taiwan/A3400/,A/duck/Taiwan/A3400/2015,-0.057729,0.038835,-0.020933,0.094149,PB2
3499_A/duck/Xinjiang/12.1,A/duck/Xinjiang/12.18_WLMQXL001-C/2016,-0.113277,0.095425,-0.046545,0.070101,PB2
3500_A/duck/Yunlin/150102,A/duck/Yunlin/15010277/2015,-0.11386,0.149125,-0.091004,0.049682,PB2
3501_A/duck/Yunlin/150104,A/duck/Yunlin/15010458-1/2015,-0.114014,0.145337,-0.080146,0.045673,PB2
3502_A/duck/Zhejiang/6D18,A/duck/Zhejiang/6D18/2013,-0.090767,0.039638,-0.052814,0.095725,PB2
3503_A/duck/Zhejiang/9250,A/duck/Zhejiang/925019/2014,-0.077699,0.062283,-0.046987,0.085731,PB2
3504_A/duck/Zhejiang/9251,A/duck/Zhejiang/925169/2014,-0.076744,0.062201,-0.045808,0.090344,PB2
3505_A/duck/Zhejiang/W24/,A/duck/Zhejiang/W24/2013,-0.074385,0.049831,-0.049025,0.091635,PB2
3506_A/egret/Jiangsu/SD02,A/egret/Jiangsu/SD021/2021,-0.132966,0.100768,-0.056917,0.090862,PB2
3507_A/eurasian_eagle-owl,A/eurasian_eagle-owl/Henan/SMQ11/2020,-0.130077,0.107978,-0.056137,0.090136,PB2
3508_A/goose/Chiayi/15020,A/goose/Chiayi/15020022/2015,-0.109665,0.147093,-0.088874,0.052493,PB2
3509_A/goose/China/1/2021,A/goose/China/1/2021,-0.126934,0.107775,-0.053399,0.098407,PB2
3510_A/goose/Eastern_Chin,A/goose/Eastern_China/CZ/2013,-0.074207,0.048488,-0.046931,0.09304,PB2
3511_A/goose/Eastern_Chin,A/goose/Eastern_China/L1204/2012,-0.112302,0.099896,-0.085247,0.052613,PB2
3512_A/goose/Eastern_Chin,A/goose/Eastern_China/L1214/2012,-0.092071,0.12619,-0.065005,0.058631,PB2
3513_A/goose/Eastern_Chin,A/goose/Eastern_China/S0408/2014,-0.085759,0.028319,-0.043688,0.088694,PB2
3514_A/goose/Guangdong/s1,A/goose/Guangdong/s13124/2013,-0.11348,0.10215,-0.073311,0.055379,PB2
3515_A/goose/Guangxi/S206,A/goose/Guangxi/S20601/2021,-0.13291,0.112921,-0.048002,0.09957,PB2
3516_A/goose/Henan/S1315/,A/goose/Henan/S1315/2021,-0.126635,0.103206,-0.048876,0.094258,PB2
3517_A/goose/Hunan/S11288,A/goose/Hunan/S11288/2021,-0.132352,0.111565,-0.055083,0.087352,PB2
3518_A/goose/Jiangsu/QD5/,A/goose/Jiangsu/QD5/2014,-0.099507,0.045607,-0.056338,0.104128,PB2
3519_A/goose/Jiangsu/S138,A/goose/Jiangsu/S1385/2021,-0.126738,0.104227,-0.058852,0.084945,PB2
3520_A/goose/Liaoning/S12,A/goose/Liaoning/S1266/2021,-0.125842,0.104642,-0.050844,0.093803,PB2
3521_A/goose/Pingtung/150,A/goose/Pingtung/15050014/2015,-0.05854,0.040515,-0.021138,0.097143,PB2
3522_A/goose/Pingtung/160,A/goose/Pingtung/16010061/2016,-0.05799,0.050483,-0.017344,0.101428,PB2
3523_A/goose/Shandong/05.,A/goose/Shandong/05.23_AY-GS/2015(Mixed),-0.09962,0.063389,-0.050924,0.098345,PB2
3524_A/goose/Shandong/05.,A/goose/Shandong/05.23_DT-GS/2014(H5N8),-0.099441,0.062617,-0.052175,0.099317,PB2
3525_A/goose/Shandong/06.,A/goose/Shandong/06.14_HZ-GS/2014(Mixed),-0.09372,0.057136,-0.044308,0.097854,PB2
3526_A/goose/Shandong/12.,A/goose/Shandong/12.08_YG-GS/2014(H5N8),-0.099679,0.036652,-0.069849,0.12058,PB2
3527_A/Goose/Shandong/211,A/Goose/Shandong/21153-3/2021(H5N8),-0.119953,0.107058,-0.041881,0.0815,PB2
3528_A/goose/Shandong/GD-,A/goose/Shandong/GD-GS/2014(H5N8),-0.08893,0.039347,-0.056122,0.094425,PB2
3529_A/goose/Shandong/LQ0,A/goose/Shandong/LQ01694/2013,-0.106466,0.100853,-0.100267,0.047444,PB2
3530_A/goose/Tainan/16040,A/goose/Tainan/16040018-1/2016,-0.058143,0.045985,-0.017579,0.096321,PB2
3531_A/goose/Tainan/16070,A/goose/Tainan/16070002/2016,-0.061842,0.051507,-0.014408,0.090533,PB2
3532_A/goose/Taiwan/01019,A/goose/Taiwan/01019/2015,-0.112914,0.144564,-0.09151,0.050271,PB2
3533_A/goose/Taiwan/01039,A/goose/Taiwan/01039/2015,-0.109741,0.141553,-0.080742,0.045957,PB2
3534_A/goose/Taiwan/a015/,A/goose/Taiwan/a015/2015,-0.113926,0.141863,-0.090459,0.048806,PB2
3535_A/goose/Taiwan/TNC1/,A/goose/Taiwan/TNC1/2015,-0.114703,0.138356,-0.089112,0.047896,PB2
3536_A/goose/Taiwan/TNC3/,A/goose/Taiwan/TNC3/2015,-0.117198,0.144432,-0.086344,0.04808,PB2
3537_A/goose/Taiwan/TNC4/,A/goose/Taiwan/TNC4/2015,-0.112522,0.147088,-0.090696,0.052246,PB2
3538_A/goose/Taiwan/TNC9/,A/goose/Taiwan/TNC9/2015,-0.116258,0.142628,-0.088747,0.048339,PB2
3539_A/goose/Taiwan/TNC10,A/goose/Taiwan/TNC10/2015,-0.114703,0.138356,-0.089112,0.047896,PB2
3540_A/goose/Taiwan/TNC12,A/goose/Taiwan/TNC12/2015,-0.114703,0.138356,-0.089112,0.047896,PB2
3541_A/goose/Taiwan/TNC14,A/goose/Taiwan/TNC14/2015,-0.114703,0.138356,-0.089112,0.047896,PB2
3542_A/goose/Taiwan/TNO3/,A/goose/Taiwan/TNO3/2015,-0.113563,0.142426,-0.089169,0.046902,PB2
3543_A/goose/Taiwan/TNO9/,A/goose/Taiwan/TNO9/2015,-0.112507,0.141929,-0.089993,0.050656,PB2
3544_A/goose/Taiwan/TNO15,A/goose/Taiwan/TNO15/2015,-0.113926,0.141863,-0.090459,0.048806,PB2
3545_A/goose/Taiwan/TNO17,A/goose/Taiwan/TNO17/2015,-0.114703,0.138356,-0.089112,0.047896,PB2
3546_A/goose/Taoyuan/1501,A/goose/Taoyuan/15010041/2015,-0.112839,0.144405,-0.087654,0.048593,PB2
3547_A/goose/Xinjiang/12.,A/goose/Xinjiang/12.18_WLMQXL003-C/2016,-0.115731,0.093321,-0.04859,0.070252,PB2
3548_A/goose/Xinjiang/12.,A/goose/Xinjiang/12.18_WLMQXL003-O/2016,-0.113086,0.093756,-0.049366,0.070697,PB2
3549_A/goose/Xinjiang/12.,A/goose/Xinjiang/12.18_WLMQXL004-C/2016,-0.113086,0.093756,-0.049366,0.070697,PB2
3550_A/goose/Xinjiang/12.,A/goose/Xinjiang/12.18_WLMQXL004-O/2016,-0.113086,0.093756,-0.049366,0.070697,PB2
3551_A/goose/Yangzhou/042,A/goose/Yangzhou/0420/2014,-0.09412,0.039834,-0.058726,0.111908,PB2
3552_A/goose/Yunlin/15040,A/goose/Yunlin/15040040/2015,-0.111267,0.143502,-0.094897,0.038896,PB2
3553_A/goose/Zhejiang/925,A/goose/Zhejiang/925037/2014,-0.079449,0.048795,-0.045042,0.089722,PB2
3554_A/goose/Zhejiang/925,A/goose/Zhejiang/925104/2014,-0.096753,0.046827,-0.038724,0.092567,PB2
3555_A/goose/Zhejiang/S12,A/goose/Zhejiang/S1266/2021,-0.124336,0.105226,-0.047772,0.087658,PB2
3556_A/Great_Black-headed,A/Great_Black-headed_Gull/Qinghai/YO1-B/2016,-0.117814,0.098489,-0.040312,0.065241,PB2
3557_A/Great_Cormorant/Qi,A/Great_Cormorant/Qinghai/a51/2016,-0.119757,0.098217,-0.054505,0.067144,PB2
3558_A/Great_Cormorant/Qi,A/Great_Cormorant/Qinghai/B82/2016,-0.116433,0.09986,-0.051206,0.066646,PB2
3559_A/Great_Cormorant/Qi,A/Great_Cormorant/Qinghai/Y01/2016,-0.122011,0.103559,-0.050323,0.066708,PB2
3560_A/Great_Crested_Greb,A/Great_Crested_Grebe/Qinghai/a737/2017,-0.115637,0.098117,-0.046646,0.070553,PB2
3561_A/grebe/Ningxia/SD00,A/grebe/Ningxia/SD001/2021,-0.140726,0.107256,-0.053226,0.096126,PB2
3562_A/grebe/Shaanxi/SD00,A/grebe/Shaanxi/SD001/2021,-0.133736,0.103687,-0.050608,0.095185,PB2
3563_A/grebe/Shandong/SC1,A/grebe/Shandong/SC184/2021,-0.123599,0.108138,-0.054098,0.087367,PB2
3564_A/green-winged_teal/,A/green-winged_teal/Guangdong/SD004/2021,-0.123539,0.115404,-0.047209,0.093682,PB2
3565_A/Herring_Gull/Hubei,A/Herring_Gull/Hubei/CH-i149/2017_H5N8,-0.113532,0.099836,-0.052903,0.063216,PB2
3566_A/mallard_duck/Shang,A/mallard_duck/Shanghai/SH-9/2013,-0.073542,0.039931,-0.048953,0.095206,PB2
3567_A/mallard/Ningxia/17,A/mallard/Ningxia/175/2020,-0.093366,0.034797,0.00172,0.084192,PB2
3568_A/mallard/Ningxia/17,A/mallard/Ningxia/176/2020,-0.093397,0.034396,-0.00133,0.086802,PB2
3569_A/mallard/Ningxia/23,A/mallard/Ningxia/239/2020,-0.093397,0.034396,-0.00133,0.086802,PB2
3570_A/mallard/Ningxia/24,A/mallard/Ningxia/241/2020,-0.093397,0.034396,-0.00133,0.086802,PB2
3571_A/mallard/Ningxia/24,A/mallard/Ningxia/247/2020,-0.093397,0.034396,-0.00133,0.086802,PB2
3572_A/mallard/Ningxia/24,A/mallard/Ningxia/249/2020,-0.093397,0.034396,-0.00133,0.086802,PB2
3573_A/mute_swan/Inner_Mo,A/mute_swan/Inner_Mongolia/w2-1/2020,-0.125305,0.109735,-0.059432,0.081686,PB2
3574_A/mute_swan/Shandong,A/mute_swan/Shandong/1/2021,-0.12586,0.110846,-0.056214,0.093933,PB2
3575_A/Peregrine_Falcon/H,A/Peregrine_Falcon/Hong_Kong/AFCD-HKU-21-013-27/2021,-0.127343,0.112183,-0.057838,0.094868,PB2
3576_A/pheasant/Hebei/B02,A/pheasant/Hebei/B02/2021,-0.12378,0.104349,-0.053312,0.090592,PB2
3577_A/swan/China/ST/2016,A/swan/China/ST/2016,-0.116555,0.094563,-0.059649,0.064769,PB2
3578_A/swan/Hebei/B01/202,A/swan/Hebei/B01/2021,-0.140376,0.102882,-0.05597,0.090356,PB2
3579_A/swan/Shandong/W376,A/swan/Shandong/W3762/2020,-0.059646,0.114731,-0.051959,0.03587,PB2
3580_A/tundra_swan/Hubei/,A/tundra_swan/Hubei/BQ3/2020,-0.125193,0.112876,-0.058698,0.082826,PB2
3581_A/tundra_swan/Hubei/,A/tundra_swan/Hubei/BQ4/2020,-0.127927,0.107206,-0.057818,0.080443,PB2
3582_A/tundra_swan/Hubei/,A/tundra_swan/Hubei/BQ6/2020,-0.126699,0.107709,-0.059853,0.083371,PB2
3583_A/tundra_swan/Hubei/,A/tundra_swan/Hubei/BQ7/2020,-0.130077,0.107978,-0.056137,0.090136,PB2
3584_A/tundra_swan/Hubei/,A/tundra_swan/Hubei/BQ8/2020,-0.119994,0.077869,-0.043674,0.090211,PB2
3585_A/tundra_swan/Hubei/,A/tundra_swan/Hubei/BQ9/2020,-0.130777,0.112793,-0.062597,0.083066,PB2
3586_A/turkey/Chiayi/1702,A/turkey/Chiayi/17020092-2/2017,-0.060902,0.046634,-0.023318,0.091121,PB2
3587_A/whiskered_tern/Hub,A/whiskered_tern/Hubei/BQ10/2020,-0.12416,0.10786,-0.060335,0.07638,PB2
3588_A/whooper_swan/Henan,A/whooper_swan/Henan/SM1/2020,-0.129806,0.110325,-0.055872,0.09004,PB2
3589_A/whooper_swan/Henan,A/whooper_swan/Henan/SM16/2020,-0.131047,0.10706,-0.05604,0.092612,PB2
3590_A/whooper_swan/Henan,A/whooper_swan/Henan/SM31/2020,-0.131047,0.10706,-0.05604,0.092612,PB2
3591_A/whooper_swan/Henan,A/whooper_swan/Henan/SM61/2020,-0.129052,0.108809,-0.056573,0.089164,PB2
3592_A/whooper_swan/Henan,A/whooper_swan/Henan/SM76/2020,-0.12663,0.111759,-0.057501,0.085919,PB2
3593_A/whooper_swan/Henan,A/whooper_swan/Henan/SM86/2020,-0.124734,0.106736,-0.062693,0.082657,PB2
3594_A/whooper_swan/Henan,A/whooper_swan/Henan/SM111/2020,-0.125674,0.10854,-0.060289,0.082399,PB2
3595_A/whooper_swan/Henan,A/whooper_swan/Henan/SMQ5/2020,-0.125674,0.10854,-0.060289,0.082399,PB2
3596_A/whooper_swan/Henan,A/whooper_swan/Henan/SMQ7/2020,-0.129052,0.108809,-0.056573,0.089164,PB2
3597_A/whooper_swan/Henan,A/whooper_swan/Henan/SMQ9/2020,-0.130077,0.107978,-0.056137,0.090136,PB2
3598_A/whooper_swan/Henan,A/whooper_swan/Henan/SMQ10/2020,-0.126699,0.107709,-0.059853,0.083371,PB2
3599_A/whooper_swan/Inner,A/whooper_swan/Inner_Mongolia/w1-1/2020,-0.125305,0.109735,-0.059432,0.081686,PB2
3600_A/Whooper_Swan/Sanme,A/Whooper_Swan/Sanmenxia/01/2016,-0.106435,0.094675,-0.05294,0.063372,PB2
3601_A/Whooper_swan/Sanme,A/Whooper_swan/Sanmenxia/G2/2020,-0.124326,0.107863,-0.053525,0.085979,PB2
3602_A/Whooper_swan/Sanme,A/Whooper_swan/Sanmenxia/G13/2020,-0.120499,0.11528,-0.048388,0.092734,PB2
3603_A/Whooper_swan/Sanme,A/Whooper_swan/Sanmenxia/G15/2020,-0.130077,0.107978,-0.056137,0.090136,PB2
3604_A/Whooper_swan/Sanme,A/Whooper_swan/Sanmenxia/G28/2020,-0.120499,0.11528,-0.048388,0.092734,PB2
3605_A/Whooper_swan/Sanme,A/Whooper_swan/Sanmenxia/H1/2020,-0.129052,0.108809,-0.056573,0.089164,PB2
3606_A/Whooper_swan/Sanme,A/Whooper_swan/Sanmenxia/H735/2020,-0.125673,0.10867,-0.053776,0.091659,PB2
3607_A/Whooper_swan/Sanme,A/Whooper_swan/Sanmenxia/H810/2020,-0.131528,0.109361,-0.05674,0.087489,PB2
3608_A/Whooper_swan/Sanme,A/Whooper_swan/Sanmenxia/Y10/2020,-0.129052,0.108809,-0.056573,0.089164,PB2
3609_A/Whooper_swan/Sanme,A/Whooper_swan/Sanmenxia/Y11/2020,-0.1298,0.109767,-0.052663,0.089778,PB2
3610_A/Whooper_swan/Sanme,A/Whooper_swan/Sanmenxia/Y12/2020,-0.125012,0.106697,-0.054547,0.085288,PB2
3611_A/Whooper_swan/Sanme,A/Whooper_swan/Sanmenxia/Y15/2020,-0.130077,0.107978,-0.056137,0.090136,PB2
3612_A/Whooper_swan/Sanme,A/Whooper_swan/Sanmenxia/Y18/2020,-0.124326,0.107863,-0.053525,0.085979,PB2
3613_A/Whooper_swan/Sanme,A/Whooper_swan/Sanmenxia/Y19/2020,-0.129052,0.108809,-0.056573,0.089164,PB2
3614_A/Whooper_swan/Sanme,A/Whooper_swan/Sanmenxia/Y20/2020,-0.126628,0.10926,-0.052418,0.093752,PB2
3615_A/Whooper_swan/Sanme,A/Whooper_swan/Sanmenxia/Y21/2020,-0.129052,0.108809,-0.056573,0.089164,PB2
3616_A/Whooper_swan/Sanme,A/Whooper_swan/Sanmenxia/Y23-2/2020,-0.131047,0.10706,-0.05604,0.092612,PB2
3617_A/Whooper_swan/Sanme,A/Whooper_swan/Sanmenxia/Y27/2020,-0.129052,0.108809,-0.056573,0.089164,PB2
3618_A/Whooper_swan/Sanme,A/Whooper_swan/Sanmenxia/Y36/2020,-0.131047,0.10706,-0.05604,0.092612,PB2
3619_A/Whooper_swan/Sanme,A/Whooper_swan/Sanmenxia/Y48A/2020,-0.127919,0.110662,-0.058597,0.087636,PB2
3620_A/Whooper_swan/Sanme,A/Whooper_swan/Sanmenxia/Y48B/2020,-0.131047,0.10706,-0.05604,0.092612,PB2
3621_A/Whooper_swan/Sanme,A/Whooper_swan/Sanmenxia/Y52/2020,-0.130077,0.107978,-0.056137,0.090136,PB2
3622_A/Whooper_swan/Sanme,A/Whooper_swan/Sanmenxia/Y56/2020,-0.125607,0.11259,-0.057781,0.088697,PB2
3623_A/Whooper_swan/Sanme,A/Whooper_swan/Sanmenxia/Y57/2020,-0.129052,0.108809,-0.056573,0.089164,PB2
3624_A/whooper_swan/Shaan,A/whooper_swan/Shaanxi/SXY2-1/2020,-0.129159,0.108545,-0.05591,0.091507,PB2
3625_A/whooper_swan/Shaan,A/whooper_swan/Shaanxi/SXY26/2020,-0.126699,0.107709,-0.059853,0.083371,PB2
3626_A/whooper_swan/Shaan,A/whooper_swan/Shaanxi/SXY66/2020,-0.125674,0.10854,-0.060289,0.082399,PB2
3627_A/whooper_swan/Shand,A/whooper_swan/Shandong/SC176/2021,-0.119341,0.069059,-0.033573,0.088141,PB2
3628_A/whooper_swan/Shand,A/whooper_swan/Shandong/SC185/2021,-0.113545,0.06834,-0.031945,0.085094,PB2
3629_A/whooper_swan/Shand,A/whooper_swan/Shandong/SC188/2021,-0.119341,0.069059,-0.033573,0.088141,PB2
3630_A/whooper_swan/Shand,A/whooper_swan/Shandong/SC195/2021,-0.128185,0.077029,-0.058002,0.06539,PB2
3631_A/whooper_swan/Shand,A/whooper_swan/Shandong/SC198/2021,-0.127361,0.104295,-0.056706,0.086409,PB2
3632_A/whooper_swan/Shand,A/whooper_swan/Shandong/SC199/2021,-0.13444,0.098542,-0.050592,0.077845,PB2
3633_A/whooper_swan/Shand,A/whooper_swan/Shandong/SC200/2021,-0.126825,0.06239,-0.029649,0.084601,PB2
3634_A/whooper_swan/Shanx,A/whooper_swan/Shanxi/4-1/2020,-0.131047,0.10706,-0.05604,0.092612,PB2
3635_A/whooper_swan/Shanx,A/whooper_swan/Shanxi/4-2/2020,-0.131047,0.10706,-0.05604,0.092612,PB2
3636_A/whooper_swan/Shanx,A/whooper_swan/Shanxi/RC01/2016,-0.105352,0.090712,-0.05193,0.0611,PB2
3637_A/whooper_swan/Shanx,A/whooper_swan/Shanxi/SX16/2020,-0.12462,0.111135,-0.053752,0.088628,PB2
3638_A/whooper_swan/Shanx,A/whooper_swan/Shanxi/SX31/2020,-0.126669,0.109471,-0.058332,0.088269,PB2
3639_A/whooper_swan/Shanx,A/whooper_swan/Shanxi/SX56/2020,-0.12462,0.111135,-0.053752,0.088628,PB2
3640_A/whooper_swan/Shanx,A/whooper_swan/Shanxi/SX106/2020,-0.129128,0.110126,-0.054915,0.094538,PB2
3641_A/whooper_swan/Shanx,A/whooper_swan/Shanxi/SX166/2020,-0.125674,0.10854,-0.060289,0.082399,PB2
3642_A/whooper_swan/Shanx,A/whooper_swan/Shanxi/SX206/2020,-0.128836,0.108956,-0.056751,0.089285,PB2
3643_A/whooper_swan/Shanx,A/whooper_swan/Shanxi/SX216/2020,-0.132623,0.115391,-0.058224,0.082642,PB2
3644_A/whooper_swan/Shanx,A/whooper_swan/Shanxi/SX231/2020,-0.125674,0.10854,-0.060289,0.082399,PB2
3645_A/whooper_swan/Shanx,A/whooper_swan/Shanxi/SX251/2020,-0.124282,0.108276,-0.060648,0.077873,PB2
3646_A/whooper_swan/Shanx,A/whooper_swan/Shanxi/SX276/2020,-0.126703,0.11022,-0.05951,0.078006,PB2
3647_A/whooper_swan/Shanx,A/whooper_swan/Shanxi/SX291/2020,-0.125674,0.10854,-0.060289,0.082399,PB2
3648_A/whooper_swan/Shanx,A/whooper_swan/Shanxi/SX346/2020,-0.124219,0.114854,-0.065513,0.087636,PB2
3649_A/wild_bird/Hubei/12,A/wild_bird/Hubei/12.12_LGHF2W44/2016(H5N8),-0.105713,0.102197,-0.05006,0.065368,PB2
3650_A/wild_duck/Jiangsu/,A/wild_duck/Jiangsu/SD019/2021,-0.132966,0.100768,-0.056917,0.090862,PB2
3651_A/wild_duck/Shandong,A/wild_duck/Shandong/SC177/2021,-0.119341,0.069059,-0.033573,0.088141,PB2
3652_A/wild_goose/Shandon,A/wild_goose/Shandong/SC196/2021,-0.128347,0.105475,-0.054157,0.085912,PB2
3653_A/Anser_cygnoides/Hu,A/Anser_cygnoides/Hubei/FW44/2016_H5N8,-0.106821,0.102323,-0.050645,0.064819,PB2
3654_A/Chlidonias_hybrida,A/Chlidonias_hybrida/Hubei/55/2020_H5N8,-0.120995,0.10771,-0.060285,0.087797,PB2
3655_A/Cygnus_atratus/Hub,A/Cygnus_atratus/Hubei/2Z2-O/2016_H5N8,-0.10061,0.099912,-0.051936,0.070159,PB2
3656_A/Cygnus_atratus/Hub,A/Cygnus_atratus/Hubei/HF-1/2016_H5N8,-0.106591,0.097204,-0.050787,0.066676,PB2
3657_A/Cygnus_columbianus,A/Cygnus_columbianus/Hubei/116/2020_H5N8,-0.134261,0.114377,-0.058229,0.0896,PB2
3658_A/Cygnus_columbianus,A/Cygnus_columbianus/Hubei/49/2020_H5N8,-0.125559,0.104844,-0.058048,0.091999,PB2
3659_A/Cygnus_columbianus,A/Cygnus_columbianus/Hubei/50/2020_H5N8,-0.129437,0.11152,-0.055014,0.089327,PB2
3660_A/Cygnus_columbianus,A/Cygnus_columbianus/Hubei/51/2020_H5N8,-0.131305,0.107475,-0.054101,0.087208,PB2
3661_A/Cygnus_columbianus,A/Cygnus_columbianus/Hubei/52/2020_H5N8,-0.129052,0.108809,-0.056573,0.089164,PB2
3662_A/Cygnus_columbianus,A/Cygnus_columbianus/Hubei/53/2020_H5N8,-0.129941,0.107738,-0.056428,0.092198,PB2
3663_A/Cygnus_columbianus,A/Cygnus_columbianus/Hubei/56/2020_H5N8,-0.128742,0.111048,-0.059729,0.086392,PB2
3664_A/Whooper_Swan/Sanme,A/Whooper_Swan/Sanmenxia/01/2016_H5N8,-0.106435,0.094675,-0.05294,0.063372,PB2
3665_A/Wild_bird/Huadong/,A/Wild_bird/Huadong/CIXI20/2020_H5N8,-0.133962,0.098662,-0.053262,0.074213,PB2
3666_A/chicken/Changhua/1,A/chicken/Changhua/15040036-1/2015_H5N8,-0.111951,0.152562,-0.081991,0.053129,PB2
3667_A/chicken/Changhua/1,A/chicken/Changhua/15040037-2/2015_H5N8,-0.115673,0.144168,-0.087308,0.046691,PB2
3668_A/chicken/Changhua/1,A/chicken/Changhua/15040042/2015_H5N8,-0.115335,0.145281,-0.090836,0.044543,PB2
3669_A/chicken/Changhua/1,A/chicken/Changhua/15040043-1/2015_H5N8,-0.115335,0.145281,-0.090836,0.044543,PB2
3670_A/chicken/Changhua/1,A/chicken/Changhua/15050038-1/2015_H5N8,-0.116811,0.14261,-0.092277,0.051667,PB2
3671_A/chicken/Changhua/1,A/chicken/Changhua/15060029/2015_H5N8,-0.111149,0.137937,-0.090609,0.05238,PB2
3672_A/chicken/Chiayi/150,A/chicken/Chiayi/15010454-1/2015_H5N8,-0.113926,0.141863,-0.090459,0.048806,PB2
3673_A/chicken/Kaohsiung/,A/chicken/Kaohsiung/16010047/2016_H5N8,-0.072943,0.044779,-0.023166,0.093526,PB2
3674_A/chicken/Kaohsiung/,A/chicken/Kaohsiung/16020017-2/2016_H5N8,-0.061296,0.047204,-0.016842,0.095316,PB2
3675_A/chicken/Kaohsiung/,A/chicken/Kaohsiung/16040021-1/2016_H5N8,-0.082631,0.047539,-0.019512,0.091847,PB2
3676_A/chicken/Kaohsiung/,A/chicken/Kaohsiung/16070003/2016_H5N8,-0.057463,0.046678,-0.020624,0.082592,PB2
3677_A/chicken/Kaohsiung/,A/chicken/Kaohsiung/16120012/2016_H5N8,-0.055552,0.04257,-0.013392,0.09931,PB2
3678_A/chicken/Kaohsiung/,A/chicken/Kaohsiung/16MB0889/2016_H5N8,-0.082631,0.047539,-0.019512,0.091847,PB2
3679_A/chicken/Kaohsiung/,A/chicken/Kaohsiung/17030023/2017_H5N8,-0.056944,0.056947,-0.014519,0.091023,PB2
3680_A/chicken/Miaoli/150,A/chicken/Miaoli/15010421-1/2015_H5N8,-0.112839,0.144405,-0.087654,0.048593,PB2
3681_A/chicken/Nantou/161,A/chicken/Nantou/16110023-1/2016_H5N8,-0.059248,0.045385,-0.019034,0.095564,PB2
3682_A/chicken/New_Taipei,A/chicken/New_Taipei_City/16110019-1/2016_H5N8,-0.059338,0.055543,-0.019094,0.093099,PB2
3683_A/chicken/New_Taipei,A/chicken/New_Taipei_City/16110020-2/2016_H5N8,-0.061147,0.05866,-0.016931,0.094337,PB2
3684_A/chicken/New_Taipei,A/chicken/New_Taipei_City/17050004-2/2017_H5N8,-0.062169,0.05372,-0.000506,0.108977,PB2
3685_A/chicken/New_Taipei,A/chicken/New_Taipei_City/17090001/2017_H5N8,-0.067649,0.054315,-0.012624,0.106484,PB2
3686_A/chicken/New_Taipei,A/chicken/New_Taipei_City/17090002/2017_H5N8,-0.068476,0.051831,-0.011618,0.105292,PB2
3687_A/chicken/New_Taipei,A/chicken/New_Taipei_City/17090003/2017_H5N8,-0.067298,0.050411,-0.010975,0.109082,PB2
3688_A/chicken/Taichung/1,A/chicken/Taichung/16110017-3/2016_H5N8,-0.123702,0.144379,-0.08604,0.045015,PB2
3689_A/chicken/Tainan/150,A/chicken/Tainan/15020214/2015_H5N8,-0.057395,0.039925,-0.022287,0.095857,PB2
3690_A/chicken/Tainan/170,A/chicken/Tainan/17030058-1/2017_H5N8,-0.05592,0.047382,-0.024644,0.094367,PB2
3691_A/chicken/Taipei_Cit,A/chicken/Taipei_City/17090004/2017_H5N8,-0.068889,0.043923,-0.012079,0.111599,PB2
3692_A/chicken/Taipei/160,A/chicken/Taipei/16060022-4/2016_H5N8,-0.06173,0.04762,-0.018026,0.090759,PB2
3693_A/chicken/Taipei/160,A/chicken/Taipei/16060023-1/2016_H5N8,-0.061413,0.042523,-0.017146,0.088699,PB2
3694_A/chicken/Taipei/161,A/chicken/Taipei/16120021/2016_H5N8,-0.057535,0.043837,-0.015845,0.095277,PB2
3695_A/chicken/Taipei/170,A/chicken/Taipei/17050005-1/2017_H5N8,-0.057446,0.050661,-0.010255,0.108026,PB2
3696_A/chicken/Taipei/170,A/chicken/Taipei/17050008-3/2017_H5N8,-0.061607,0.050694,-0.003788,0.109965,PB2
3697_A/chicken/Taipei/170,A/chicken/Taipei/17050009-3/2017_H5N8,-0.061295,0.045689,-0.002924,0.107942,PB2
3698_A/chicken/Yunlin/150,A/chicken/Yunlin/15050012/2015_H5N8,-0.116002,0.150907,-0.088446,0.052179,PB2
3699_A/chicken/Yunlin/160,A/chicken/Yunlin/16020038/2016_H5N8,-0.120044,0.138218,-0.087673,0.043456,PB2
3700_A/chicken/Yunlin/170,A/chicken/Yunlin/17010001/2017_H5N8,-0.112265,0.154873,-0.104209,0.046804,PB2
3701_A/duck/Chiayi/150800,A/duck/Chiayi/15080023/2015_H5N8,-0.115143,0.140652,-0.094499,0.060175,PB2
3702_A/duck/Eastern_China,A/duck/Eastern_China/JY/2014_H5N8,-0.094615,0.044303,-0.054535,0.091633,PB2
3703_A/duck/Eastern_China,A/duck/Eastern_China/L0405/2010_H5N8,-0.114001,0.104106,-0.103233,0.047914,PB2
3704_A/duck/Eastern_China,A/duck/Eastern_China/L0423/2011_H5N8,-0.116072,0.103063,-0.090774,0.060846,PB2
3705_A/duck/Eastern_China,A/duck/Eastern_China/L0611/2011_H5N8,-0.118539,0.102722,-0.092479,0.060168,PB2
3706_A/duck/Eastern_China,A/duck/Eastern_China/L0722/2012_H5N8,-0.118886,0.100301,-0.097078,0.054284,PB2
3707_A/duck/Eastern_China,A/duck/Eastern_China/L1021/2012_H5N8,-0.113732,0.100013,-0.092495,0.060793,PB2
3708_A/duck/Eastern_China,A/duck/Eastern_China/L1120/2012_H5N8,-0.110842,0.099688,-0.090957,0.053294,PB2
3709_A/duck/Eastern_China,A/duck/Eastern_China/S0215/2014_H5N8,-0.087661,0.049146,-0.044914,0.099597,PB2
3710_A/duck/Eastern_China,A/duck/Eastern_China/S1109/2014_H5N8,-0.079896,0.050739,-0.050471,0.088924,PB2
3711_A/duck/Eastern_China,A/duck/Eastern_China/S1210/2013_H5N8,-0.084863,0.045229,-0.044496,0.095066,PB2
3712_A/duck/Guangdong/s14,A/duck/Guangdong/s14044/2014_H5N8,-0.11348,0.10215,-0.073311,0.055379,PB2
3713_A/duck/Hunan/11.30_Y,A/duck/Hunan/11.30_YYGK74E3-OC/2017_H5N8,-0.11648,0.126581,-0.069724,0.065959,PB2
3714_A/duck/Shandong/Q1/2,A/duck/Shandong/Q1/2013_H5N8,-0.112489,0.100241,-0.08835,0.051269,PB2
3715_A/duck/Tainan/150104,A/duck/Tainan/15010403/2015_H5N8,-0.110313,0.146256,-0.090115,0.054122,PB2
3716_A/duck/Taiwan/A3400/,A/duck/Taiwan/A3400/2015_H5N8,-0.057729,0.038835,-0.020933,0.094149,PB2
3717_A/duck/Xinjiang/12.1,A/duck/Xinjiang/12.18_WLMQXL001-C/2016_H5N8,-0.113277,0.095425,-0.046545,0.070101,PB2
3718_A/duck/Yunlin/150102,A/duck/Yunlin/15010277/2015_H5N8,-0.11386,0.149125,-0.091004,0.049682,PB2
3719_A/duck/Yunlin/150104,A/duck/Yunlin/15010458-1/2015_H5N8,-0.114014,0.145337,-0.080146,0.045673,PB2
3720_A/duck/Zhejiang/6D18,A/duck/Zhejiang/6D18/2013_H5N8,-0.090767,0.039638,-0.052814,0.095725,PB2
3721_A/duck/Zhejiang/9250,A/duck/Zhejiang/925019/2014_H5N8,-0.077699,0.062283,-0.046987,0.085731,PB2
3722_A/duck/Zhejiang/9251,A/duck/Zhejiang/925169/2014_H5N8,-0.076744,0.062201,-0.045808,0.090344,PB2
3723_A/duck/Zhejiang/W24/,A/duck/Zhejiang/W24/2013_H5N8,-0.074385,0.049831,-0.049025,0.091635,PB2
3724_A/eurasian_coot/Shan,A/eurasian_coot/Shandong/W5611/2020_H5N8,-0.125377,0.104263,-0.054612,0.089649,PB2
3725_A/eurasian_coot/Shan,A/eurasian_coot/Shandong/W6137/2020_H5N8,-0.125377,0.104263,-0.054612,0.089649,PB2
3726_A/eurasian_coot/Shan,A/eurasian_coot/Shandong/W6143/2020_H5N8,-0.125377,0.104263,-0.054612,0.089649,PB2
3727_A/eurasian_coot/Shan,A/eurasian_coot/Shandong/W6150/2020_H5N8,-0.125377,0.104263,-0.054612,0.089649,PB2
3728_A/goose/Chiayi/15020,A/goose/Chiayi/15020022/2015_H5N8,-0.109665,0.147093,-0.088874,0.052493,PB2
3729_A/goose/China/1/2021,A/goose/China/1/2021_H5N8,-0.126934,0.107775,-0.053399,0.098407,PB2
3730_A/goose/Eastern_Chin,A/goose/Eastern_China/CZ/2013_H5N8,-0.074207,0.048488,-0.046931,0.09304,PB2
3731_A/goose/Eastern_Chin,A/goose/Eastern_China/L1204/2012_H5N8,-0.112302,0.099896,-0.085247,0.052613,PB2
3732_A/goose/Eastern_Chin,A/goose/Eastern_China/L1214/2012_H5N8,-0.092071,0.12619,-0.065005,0.058631,PB2
3733_A/goose/Eastern_Chin,A/goose/Eastern_China/S0408/2014_H5N8,-0.085759,0.028319,-0.043688,0.088694,PB2
3734_A/goose/Guangdong/s1,A/goose/Guangdong/s13124/2013_H5N8,-0.11348,0.10215,-0.073311,0.055379,PB2
3735_A/goose/Hebei/HG12/2,A/goose/Hebei/HG12/2021_H5N8,-0.12698,0.102776,-0.058981,0.091612,PB2
3736_A/goose/Jiangsu/QD5/,A/goose/Jiangsu/QD5/2014_H5N8,-0.099507,0.045607,-0.056338,0.104128,PB2
3737_A/goose/Pingtung/150,A/goose/Pingtung/15050014/2015_H5N8,-0.05854,0.040515,-0.021138,0.097143,PB2
3738_A/goose/Pingtung/160,A/goose/Pingtung/16010061/2016_H5N8,-0.05799,0.050483,-0.017344,0.101428,PB2
3739_A/goose/Tainan/16040,A/goose/Tainan/16040018-1/2016_H5N8,-0.058143,0.045985,-0.017579,0.096321,PB2
3740_A/goose/Tainan/16070,A/goose/Tainan/16070002/2016_H5N8,-0.061842,0.051507,-0.014408,0.090533,PB2
3741_A/goose/Taiwan/01019,A/goose/Taiwan/01019/2015_H5N8,-0.112914,0.144564,-0.09151,0.050271,PB2
3742_A/goose/Taiwan/01039,A/goose/Taiwan/01039/2015_H5N8,-0.109741,0.141553,-0.080742,0.045957,PB2
3743_A/goose/Taiwan/TNC1/,A/goose/Taiwan/TNC1/2015_H5N8,-0.114703,0.138356,-0.089112,0.047896,PB2
3744_A/goose/Taiwan/TNC10,A/goose/Taiwan/TNC10/2015_H5N8,-0.114703,0.138356,-0.089112,0.047896,PB2
3745_A/goose/Taiwan/TNC11,A/goose/Taiwan/TNC11/2015_H5N8,-0.112522,0.147088,-0.090696,0.052246,PB2
3746_A/goose/Taiwan/TNC12,A/goose/Taiwan/TNC12/2015_H5N8,-0.114703,0.138356,-0.089112,0.047896,PB2
3747_A/goose/Taiwan/TNC14,A/goose/Taiwan/TNC14/2015_H5N8,-0.114703,0.138356,-0.089112,0.047896,PB2
3748_A/goose/Taiwan/TNC3/,A/goose/Taiwan/TNC3/2015_H5N8,-0.117198,0.144432,-0.086344,0.04808,PB2
3749_A/goose/Taiwan/TNC7/,A/goose/Taiwan/TNC7/2015_H5N8,-0.114703,0.138356,-0.089112,0.047896,PB2
3750_A/goose/Taiwan/TNC9/,A/goose/Taiwan/TNC9/2015_H5N8,-0.116258,0.142628,-0.088747,0.048339,PB2
3751_A/goose/Taiwan/TNO15,A/goose/Taiwan/TNO15/2015_H5N8,-0.113926,0.141863,-0.090459,0.048806,PB2
3752_A/goose/Taiwan/TNO3/,A/goose/Taiwan/TNO3/2015_H5N8,-0.113563,0.142426,-0.089169,0.046902,PB2
3753_A/goose/Taiwan/TNO9/,A/goose/Taiwan/TNO9/2015_H5N8,-0.112507,0.141929,-0.089993,0.050656,PB2
3754_A/goose/Taoyuan/1501,A/goose/Taoyuan/15010041/2015_H5N8,-0.112839,0.144405,-0.087654,0.048593,PB2
3755_A/goose/Xinjiang/12.,A/goose/Xinjiang/12.18_WLMQXL003-C/2016_H5N8,-0.115731,0.093321,-0.04859,0.070252,PB2
3756_A/goose/Xinjiang/12.,A/goose/Xinjiang/12.18_WLMQXL003-O/2016_H5N8,-0.113086,0.093756,-0.049366,0.070697,PB2
3757_A/goose/Xinjiang/12.,A/goose/Xinjiang/12.18_WLMQXL004-C/2016_H5N8,-0.113086,0.093756,-0.049366,0.070697,PB2
3758_A/goose/Xinjiang/12.,A/goose/Xinjiang/12.18_WLMQXL004-O/2016_H5N8,-0.113086,0.093756,-0.049366,0.070697,PB2
3759_A/goose/Yangzhou/042,A/goose/Yangzhou/0420/2014_H5N8,-0.09412,0.039834,-0.058726,0.111908,PB2
3760_A/goose/Yunlin/15040,A/goose/Yunlin/15040040/2015_H5N8,-0.111267,0.143502,-0.094897,0.038896,PB2
3761_A/goose/Zhejiang/925,A/goose/Zhejiang/925037/2014_H5N8,-0.079449,0.048795,-0.045042,0.089722,PB2
3762_A/goose/Zhejiang/925,A/goose/Zhejiang/925104/2014_H5N8,-0.096753,0.046827,-0.038724,0.092567,PB2
3763_A/mallard/Shanghai/S,A/mallard/Shanghai/SH-9/2013_H5N8,-0.073542,0.039931,-0.048953,0.095206,PB2
3764_A/swan/China/ST/2016,A/swan/China/ST/2016_H5N8,-0.116555,0.094563,-0.059649,0.064769,PB2
3765_A/swan/Shandong/W376,A/swan/Shandong/W3762/2020_H5N8,-0.059646,0.114731,-0.051959,0.03587,PB2
3766_A/turkey/Chiayi/1702,A/turkey/Chiayi/17020092-2/2017_H5N8,-0.060902,0.046634,-0.023318,0.091121,PB2
3767_A/whooper_swan/Shanx,A/whooper_swan/Shanxi/RC01/2016_H5N8,-0.105352,0.090712,-0.05193,0.0611,PB2
3768_A/wild_duck/Shandong,A/wild_duck/Shandong/W3580/2020_H5N8,-0.126924,0.110567,-0.056866,0.09103,PB2
